-67.6241 0.650758 1.43434 8.36402 53.5137 63.2228 60.9105 11.3833 9.19634 14.5951 3.09359 15.4352 8.31092 4.96842 2.45861 4.64875 2.17195 7.40534 21.9845 16.9923 13.9334 105.372 125.769 32.8506 8.04429 5.47701 12.4957 18.2256 0.0114416 390.175
-67.9222 0.651029 1.56968 7.83585 49.5327 63.2228 72.6028 7.19599 5.10134 14.2022 5.47866 17.4154 3.88168 1.68417 1.96561 5.05425 1.2182 2.71068 16.2359 9.18186 9.36403 140.325 125.769 25.7787 11.2825 6.06679 14.2134 68.8389 0.0106292 389.624
-67.9222 0.61274 1.59692 10.1871 42.1222 75.9274 63.8024 7.19599 5.00231 14.1344 13.5903 10.4529 2.08813 4.71768 2.94415 2.61736 5.67471 1.41457 5.23792 7.47649 18.1696 126.944 132.609 42.7638 7.83638 9.42336 3.93779 59.6408 0.0299132 387.689
-64.9201 0.325105 1.78806 7.57105 41.1093 75.9274 57.9351 7.19599 7.15711 10.2895 19.1579 9.30546 12.9399 3.21976 3.57281 3.12158 2.18094 4.39987 2.78843 7.83591 16.1389 126.201 140.381 26.1123 1.46325 17.507 26.037 1.5206 0.0203781 386.315
-65.0874 0.362913 1.70738 8.22994 41.1093 75.9274 50.1846 8.28703 13.0648 9.23474 17.4629 10.4161 10.8535 7.93341 2.10598 4.85597 0.503252 3.22202 2.8353 14.357 15.5173 126.737 137.903 30.116 2.75473 14.9086 5.98935 9.37867 0.0183646 382.544
-64.4984 0.400121 1.56412 8.61929 41.1093 80.2105 50.1846 8.28703 17.8884 1.34556 10.1345 21.7655 5.45879 5.46519 4.18026 1.42829 9.26135 2.40119 9.19722 5.87665 18.2889 127.008 136.136 5.5377 26.5593 11.8123 8.48161 37.8896 0.0184938 390.652
-64.1974 0.421179 1.53023 8.70099 38.7964 84.806 38.1827 8.28703 13.5702 4.07059 16.5615 24.7806 1.67025 4.54291 2.46075 2.53644 14.5467 5.6843 14.1399 1.72764 17.7386 114.988 136.136 29.4259 2.4243 25.8814 6.40223 9.88991 0.0229045 388.573
-66.1158 0.452772 1.66233 8.12998 38.7964 84.806 44.1217 13.6869 13.5702 6.03359 16.5615 24.6048 0.97 3.8987 2.17773 1.31421 7.63168 5.46367 10.8608 1.92678 20.0784 126.729 132.496 22.5367 20.8285 4.17434 9.56135 31.771 0.022026 386.842
-66.1764 0.474845 1.70789 8.12998 41.5489 84.806 33.1368 13.6869 18.523 6.83444 3.74422 23.0001 1.73734 2.39986 2.33618 7.29663 12.5399 5.59846 6.99718 1.8849 23.4731 128.6 113.763 48.1315 14.6129 17.1635 3.7511 37.3669 0.0360317 391.248
-66.3673 0.4427 1.72668 8.36012 37.8089 83.4392 28.9395 13.6869 18.523 15.0321 13.6867 28.6647 2.23593 0.192412 2.25634 2.5191 9.0525 4.72732 8.02296 3.3278 23.8754 138.219 109.145 29.5451 6.40378 21.2644 1.86777 21.9912 0.0456377 391.752
-65.9936 0.529324 1.62694 7.28918 42.9597 83.4392 26.0164 13.6869 17.8705 9.71384 8.20944 25.5931 7.11743 5.83955 3.26941 3.38568 1.71682 3.31604 5.41651 8.06655 36.2485 130.768 98.8353 51.1564 14.702 14.3997 17.3392 11.709 0.0727792 396.583
-66.0871 0.429675 1.75782 8.12066 42.9597 77.857 33.4982 13.6869 22.9002 1.72428 4.65183 34.7216 12.1791 2.89125 3.92065 4.658 3.56285 6.30845 5.93237 1.71285 27.1399 140.301 88.9988 43.8283 7.88974 1.3203 19.0799 18.4061 0.0171665 390.908
-66.2503 0.536347 1.63953 8.0759 44.8859 77.857 27.5293 13.6869 26.4526 10.4242 5.632 14.7149 5.03601 6.20284 2.68069 10.1088 1.11501 18.1087 6.00665 1.98388 8.57259 140.876 80.1042 67.3976 15.9046 24.3087 12.4821 5.73906 0.0290364 397.864
-66.2171 0.417845 1.67925 8.12066 35.7015 89.2749 29.1136 13.6869 29.4039 4.83656 2.66575 30.8717 3.35703 3.356 2.23574 3.90249 3.48732 15.0586 5.85373 9.46862 8.58823 132.208 96.37 49.4161 13.205 19.395 7.33316 35.5836 0.0354504 391.481
-65.9056 0.396451 1.78756 7.94601 37.1628 89.2749 29.1136 13.6869 29.4039 3.46195 11.3498 14.0529 3.97126 4.78279 2.80845 9.76056 3.80919 1.33634 12.1974 12.568 8.08759 139.963 91.7879 71.0531 13.7082 4.13655 13.703 13.3736 0.00604613 388.049
-66.2334 0.430018 1.71807 7.93099 37.1628 89.2749 29.6074 13.6869 20.8998 4.23903 12.8082 14.8713 6.03532 9.80873 0.982163 3.26595 6.10784 5.89371 18.0875 13.0236 7.42365 124.025 114.985 52.3379 0.935329 9.72608 18.4484 7.50143 0.0583204 387.796
-66.3665 0.475393 1.57687 7.98562 37.1628 89.2749 36.0381 13.6869 19.3564 10.8817 9.75013 1.22574 13.5867 3.30092 3.41861 2.078 6.14819 15.7752 33.1503 13.3997 10.6138 119.955 91.4822 55.7655 7.33285 6.1261 3.33811 20.1015 0.0449395 394.911
-66.8273 0.445716 1.7137 8.34158 35.9443 85.5562 36.1591 24.1879 19.1928 13.6522 15.658 0.602279 5.35693 0.414331 5.48454 5.53424 5.8409 9.42793 19.4511 5.87986 10.5594 119.798 102.046 74.6564 2.69013 5.419 3.44077 17.7952 0.0733656 394.431
-67.2726 0.504969 1.75966 8.23827 35.9443 85.5562 33.7197 24.1879 19.1928 16.0806 20.0881 5.87079 2.42346 5.43858 3.9486 3.93987 2.85883 11.688 14.7276 5.28221 10.1697 119.517 102.046 68.7907 4.39525 5.83184 1.38753 15.0136 0.0716552 387.345
-68.0744 0.544504 1.80255 7.79729 33.8865 83.1658 30.8096 24.1879 23.3851 15.9378 18.08 2.52816 7.09516 7.51647 1.61251 3.80492 7.06664 10.5014 13.4291 2.21965 9.44346 119.674 100.793 60.0724 5.8661 13.0674 8.72319 1.45626 0.0775881 397.216
-68.5752 0.624164 1.7095 8.20242 37.2678 88.295 32.8781 24.1879 8.13334 22.029 8.13315 11.5087 1.46857 7.03466 2.69558 0.383818 8.65645 12.5404 17.3357 5.30115 10.5326 114 112.401 64.9594 10.8713 1.5428 11.7505 10.1943 0.0218224 389.532
-68.3348 0.57713 1.63685 8.71714 37.2678 88.295 34.9585 24.1879 8.13334 20.5686 4.34698 12.893 1.34719 2.87946 0.202631 1.49976 14.9101 12.7112 13.9951 4.22972 9.49561 111.702 148.423 24.8602 10.4806 6.65229 6.07878 3.22579 0.0083867 387.392
-69.1175 0.642935 1.64853 7.74155 37.2678 88.295 32.295 24.1879 8.13334 15.2933 0.841364 21.7875 2.58931 1.81723 1.48385 7.45028 9.1724 11.0225 17.2125 2.39046 11.1748 114.753 148.423 16.1064 33.2476 1.99523 4.05053 29.1677 0.00660446 390.074
-68.6294 0.646989 1.65213 7.51077 43.3028 90.3871 32.2889 13.6323 13.4438 4.02016 8.05747 14.6153 17.9851 10.2885 2.56076 4.136 0.787541 16.0265 7.07124 4.25166 6.10781 120.558 149.684 19.2154 12.3095 0.495106 20.8974 27.5861 0.00224255 387.474
-58.9105 0.0262572 1.71375 7.93508 43.6951 90.3871 31.3118 16.1958 8.17389 0.613905 4.66991 9.04907 28.8725 13.2685 3.54328 0.104615 2.69043 22.553 6.7318 0.177018 4.60401 114.056 149.345 26.627 9.58925 12.3602 9.52761 25.7121 0.0112474 393.079
-60.5872 0.106259 1.62971 8.22041 43.6951 83.8659 36.096 16.1958 8.75113 1.99637 3.32258 13.8879 25.9393 17.4589 4.96815 1.37508 0.489368 20.8695 4.53211 4.38229 6.15404 111.647 149.556 29.4116 3.43229 17.6534 5.59314 29.5893 0.00779733 387.913
-60.0981 0.106259 1.60712 8.39912 42.2089 81.4904 34.5599 13.8478 13.9293 3.87982 1.41223 11.3782 36.9337 1.50245 7.04073 0.0849843 0.724445 16.6345 1.8079 4.38229 9.05141 125.913 141.668 37.8113 4.29981 11.7523 8.0031 28.5403 0.00698151 387.962
-66.118 0.501929 1.64653 8.08446 40.215 85.1192 34.5599 13.8478 13.9116 3.17886 9.83999 2.76398 37.6448 1.04132 11.9726 1.54935 2.64108 18.1662 4.34753 1.05416 1.32278 123.969 151.144 15.298 20.9842 11.6001 7.69699 22.4575 0.00639532 391.251
-66.118 0.384496 1.70708 8.52836 40.215 80.1018 40.3012 25.0117 15.8205 9.11964 7.46021 1.02496 18.9321 2.44455 13.2515 0.321106 4.61649 11.8129 1.9246 6.5647 2.36957 126.258 157.752 9.54617 18.7991 18.989 0.784594 25.4608 0.0023512 392.307
-64.956 0.37049 1.73597 8.6007 40.215 80.1018 43.1709 25.0117 16.1869 0.701472 8.15615 1.02496 23.9223 2.43021 10.0834 2.74982 0.755554 12.1705 1.73925 17.5239 4.77038 123.672 148.735 10.7861 11.3722 19.8204 5.21743 14.8839 0.0185467 393.18
-64.6132 0.377172 1.62575 8.29503 40.215 86.5429 43.1586 15.6272 13.9717 9.08111 7.93026 4.94578 18.4083 5.62744 5.50979 2.07925 3.25444 3.3207 3.48515 19.7918 6.1337 117.659 150.984 27.6615 7.48432 15.9935 12.8114 3.32189 0.0315178 385.651
-64.7285 0.379595 1.74895 8.0445 40.215 86.5429 42.9376 15.2187 4.50436 7.59897 14.9553 19.9431 9.36187 6.74142 0.188372 2.6394 1.98198 4.25678 4.2383 19.746 15.8897 111.785 149.124 7.80566 3.87123 24.3071 21.1148 5.94337 0.0192691 384.581
-63.8426 0.210743 1.80444 7.84905 40.215 86.7673 42.9376 15.2187 4.50436 8.1724 13.0065 15.7708 9.91406 9.32473 3.77744 1.88393 3.76354 4.22965 2.22072 19.7307 14.9409 112.82 149.555 18.0589 9.08477 31.8466 1.59659 50.1461 0.012888 388.875
-63.749 0.229847 1.82254 7.4026 41.3284 79.7298 36.8522 15.2187 12.2493 0.913939 15.6322 13.6627 10.0331 6.72642 2.12916 9.10046 1.64597 8.15978 3.66932 28.9041 6.58561 112.717 151.909 15.225 10.844 21.3186 3.52112 11.5553 0.0226955 388.396
-62.7108 0.189037 1.76824 8.19168 44.2808 81.1155 41.0529 15.2187 9.73526 2.94374 14.018 13.2874 7.4906 4.84432 5.17038 11.5509 3.50753 7.04481 4.77587 14.6251 10.0332 108.5 157.804 16.8343 14.0094 8.89868 4.82031 4.23385 0.0265384 386.479
-63.0334 0.254721 1.78842 7.88366 50.8998 81.1155 41.0529 15.2187 16.2309 2.09534 17.9348 17.9039 4.19675 1.05951 6.7154 3.89685 2.67142 5.66794 4.50721 10.081 13.0052 105.462 161.769 10.82 17.2103 6.1093 4.82031 12.02 0.0177314 388.273
-62.2014 0.159656 1.79714 6.92592 43.4551 81.1155 36.3053 15.2187 15.3622 4.17959 12.4414 6.63228 6.57799 5.26593 6.91056 0.598059 13.3151 3.33619 9.63288 6.25061 16.0163 140.52 140.419 20.7518 6.72548 10.06 0.533036 19.2997 0.00647909 392.304
-63.4581 0.271975 1.70053 7.8128 43.4551 81.1155 40.1335 15.2187 15.3622 1.29841 10.996 5.22629 7.59659 19.1607 6.87242 2.56004 9.14639 3.33619 11.6136 1.25739 14.8383 98.8624 172.471 9.08041 4.17128 23.8999 5.14065 43.7915 0.00571734 389.406
-63.031 0.267788 1.62414 8.32524 43.4551 81.1155 17.2809 15.2187 34.5984 4.07839 11.6243 19.7797 12.6549 0.656478 3.97969 4.2821 6.75723 7.57358 17.5247 0.182178 2.6714 114.305 158.771 11.557 5.02833 9.09974 36.6088 26.4771 0.0159046 387.765
-62.2725 0.205522 1.62724 8.61746 37.6952 81.1155 23.937 13.5033 34.5984 9.448 16.1438 7.92188 8.67104 8.51297 0.302745 4.75306 3.65863 8.42395 8.23181 5.08677 7.10462 125.294 161.07 13.4419 6.30818 27.1446 16.4633 43.763 0.00698349 387.481
-62.9004 0.205522 1.70273 10.0685 37.6952 89.5324 26.9121 11.3633 23.1862 13.9762 14.5543 5.37598 7.94353 11.0157 5.58877 3.81519 2.25807 8.27637 15.7293 8.46053 4.04546 126.383 151.799 2.46613 12.6562 15.8065 8.22298 26.769 0.0139227 388.733
-62.0716 0.205522 1.60701 8.35779 33.1063 83.8516 31.0601 11.3633 23.1862 6.11393 5.92049 9.72084 13.4454 9.24565 1.74882 0.735727 7.3757 18.151 18.098 4.92975 3.7788 123.088 157.761 6.4053 12.8604 12.9892 12.7546 17.7313 0.0278653 394.579
-62.4199 0.203636 1.65521 7.84767 37.3022 83.8516 38.4334 9.52783 26.3086 5.7432 0.958275 19.3794 0.451014 19.5297 3.21197 1.38162 1.18094 12.2672 11.49 6.6148 3.94343 118.165 160.483 7.68802 7.07958 27.3567 10.8627 13.2721 0.00353928 386.454
-61.0695 0.189939 1.57015 8.17446 37.3022 83.8516 39.3621 7.98799 28.9229 5.06043 21.5643 11.1349 1.15629 14.5859 3.87588 3.49427 0.634096 6.65236 5.92191 11.9742 8.90581 116.404 150.352 8.28529 4.22122 14.527 42.7204 13.2283 0.0090754 386.611
-61.2219 0.189426 1.55994 8.58892 37.3022 82.6131 36.4734 7.98799 39.3511 6.46736 17.5013 5.84391 1.06614 14.6407 6.70324 2.64873 0.254756 2.93186 7.20204 6.11402 12.3883 114.144 150.943 19.5807 3.7181 12.3958 1.95818 2.31335 0.010463 384.76
-62.2862 0.203152 1.68027 9.63798 37.3022 82.6131 31.1995 7.98799 39.3511 1.25646 17.8998 20.0832 1.54589 9.06112 1.03899 8.5002 0.201349 3.25284 9.28044 10.2585 6.1662 116.872 143.308 23.8521 1.79493 9.30147 13.297 6.49064 0.00938021 387.504
-61.8954 0.146449 1.64536 8.55791 61.5444 46.048 40.2612 6.20047 53.9065 7.75123 2.57861 21.2209 6.65607 3.87373 1.29167 13.7813 1.95274 6.373 1.65407 10.9227 6.1662 117.138 140.066 24.1492 9.15575 9.69213 23.7627 3.08382 0.00118232 386.394
-69.1067 0.747295 1.57939 8.37043 61.9127 46.048 32.3069 2.79166 52.0815 4.05514 2.57861 18.3543 11.9956 8.87477 3.44548 8.92782 0.246719 3.42843 4.02084 5.25608 24.0261 114.067 162.363 7.72457 3.96147 16.5147 19.4529 11.3046 0.00422665 385.996
-69.8455 0.747295 1.69365 8.22803 59.4904 45.801 34.4008 11.5421 48.6012 6.49495 13.1775 7.75892 5.20152 14.945 2.94932 1.04577 0.904116 9.61608 6.206 14.0651 21.093 99.5081 161.422 13.8875 6.45756 11.339 10.0492 21.6043 0.0097014 382.408
-69.8229 0.820447 1.43426 7.29347 59.4904 44.376 37.6741 11.5421 48.6012 2.34258 11.0513 8.24005 15.2871 3.94229 2.65552 6.98526 5.82815 7.94378 1.8855 9.68268 18.6326 105.168 150.392 19.6362 16.4206 11.52 11.2858 22.9502 0.0143064 391.691
-69.6978 0.637713 1.78005 6.87209 59.4904 44.376 51.8554 8.08954 43.5375 21.5265 3.81752 7.77848 6.08207 0.889527 2.58982 4.5525 0.762249 9.22715 20.0475 6.57025 9.94316 107.206 147.191 27.9479 8.26515 6.01435 22.9027 17.7012 0.0132649 389.87
-69.2445 0.654684 1.72157 8.99842 61.5605 41.6495 66.2821 6.3026 38.0871 21.5265 3.64097 6.36703 8.38232 3.42715 2.12674 1.31486 6.68022 8.67532 23.6637 11.6199 8.10772 88.2059 138.153 29.5845 12.5823 3.32205 23.0451 10.9838 0.0146941 394.485
-67.7534 0.623738 1.57193 7.99105 61.5605 41.8307 65.9141 6.3026 38.702 23.3492 3.59731 4.38515 8.38232 2.29216 4.0347 1.86598 3.81212 6.13904 20.9506 12.8314 13.8434 92.8114 143.03 26.7651 12.0206 7.59643 12.429 17.9265 0.0145745 391.846
-68.2699 0.665629 1.55341 6.81728 61.5605 50.0738 54.3546 6.3026 22.5249 20.2122 0.530768 3.75825 16.1919 7.35212 4.43149 7.63639 7.08401 1.04442 23.3786 17.8212 6.92237 100.817 143.407 25.9605 2.65315 8.62879 9.13934 3.52701 0.0173783 395.484
-67.8337 0.65038 1.56357 8.24938 61.5605 50.4589 39.3284 25.2147 22.5249 29.0736 0.482288 2.98594 12.4788 1.0504 1.50422 2.97157 1.73123 3.04381 17.611 3.04129 6.85825 122.972 151.785 16.9083 24.2785 13.3271 9.13934 3.52701 0.0204254 386.405
-67.3044 0.654938 1.46286 8.7834 58.4247 50.4589 37.0309 25.2147 18.9064 26.1415 1.77258 0.378067 17.4205 4.65836 5.2392 3.48744 1.56468 8.21756 13.9455 3.00132 13.2367 122.784 144.29 16.9083 13.1544 10.9701 10.8846 10.2576 0.008685 385.11
-66.9966 0.55636 1.59769 8.21739 58.4247 44.2807 43.5966 19.8321 28.7477 16.7109 6.10251 11.9484 15.7466 4.06954 5.51684 1.9646 2.74785 3.04932 11.5375 3.00132 19.1142 116.94 140.027 18.3237 15.9915 7.5897 12.2545 18.22 0.0168202 381.474
-66.3895 0.498896 1.67992 8.33322 56.467 58.9804 43.955 13.7121 18.2882 25.2524 7.24475 9.26866 9.5581 4.09618 3.7393 2.34804 1.26465 6.62771 10.838 2.42004 14.5811 120.487 134.533 38.1357 14.5636 10.922 10.5951 12.2575 0.0407185 383.134
-66.8707 0.498896 1.68159 8.02764 54.5971 58.1057 40.0663 13.862 18.2882 24.7313 5.4706 12.1931 1.74195 10.3436 2.1604 2.40991 3.98323 4.64035 14.2269 8.71832 10.0246 123.269 148.847 14.9535 2.87529 19.0611 4.97544 20.1994 0.0499953 386.396
-65.978 0.41155 1.68521 8.04624 52.7446 58.1057 43.9506 12.1249 18.2882 19.0506 2.36619 20.6862 4.90348 10.2107 0.606844 0.708982 2.91497 8.90745 10.6813 16.1979 9.99962 127.571 146.178 4.17064 7.85762 13.3297 0.196355 3.42638 0.0327306 388.695
-66.5097 0.419386 1.74699 8.34684 52.7446 58.1057 43.9506 12.1249 18.2882 11.4704 1.92341 18.7642 10.5272 1.68653 11.5181 2.85149 4.79459 11.5245 3.0703 21.2657 8.14107 119.415 135.642 24.3996 7.13915 11.3999 24.6978 42.2642 0.0476239 390.611
-66.5097 0.408126 1.76216 8.36607 52.7446 58.1057 41.0329 15.8857 18.2882 8.12277 3.00103 24.536 10.4735 5.17074 6.18081 0.98758 1.21061 11.5124 8.44685 17.8006 8.14107 119.415 144.597 18.0526 1.30341 5.65426 37.3558 43.3293 0.00736071 387.673
-66.5456 0.416178 1.76296 8.37294 52.7446 58.7102 41.0329 18.4168 18.2882 8.12277 6.13639 18.5781 7.52845 12.8121 0.780721 2.81922 1.35506 13.258 6.05376 18.0076 7.60304 119.415 131.296 37.803 6.35641 6.8959 34.4114 13.5622 0.0552586 386.608
-66.3462 0.401698 1.80196 7.59224 52.7446 58.7102 47.8964 16.6074 18.0436 10.5592 12.202 15.0644 2.39933 14.2455 7.10813 2.38897 1.71107 1.96016 1.36307 20.0354 7.17154 119.415 131.296 18.0049 5.65871 17.64 34.9139 20.6907 0.0302023 390.406
-67.5528 0.496879 1.77809 8.14537 52.7446 58.1243 33.3367 16.6074 26.4228 6.87952 4.5921 15.9159 0.922853 28.9222 4.59119 0.993966 4.63273 5.88912 11.7243 8.15345 13.435 109.375 153.474 20.9842 5.07139 15.0999 9.97612 26.4774 0.0241246 385.781
-67.5987 0.48643 1.79568 7.99262 52.7446 69.051 33.9709 18.2429 28.8406 3.8926 2.89478 22.7964 7.07609 5.91543 0.399601 0.405468 2.54395 9.71024 10.9022 2.27119 24.9766 100.632 166.113 14.523 4.74459 21.4972 13.3174 9.35265 0.010201 388.195
-67.7127 0.467008 1.84796 8.67312 56.4073 56.8692 29.4117 18.2429 28.8406 4.91114 8.31794 26.5856 11.5796 2.72478 4.18069 2.2602 5.81786 0.854666 4.43759 17.1231 16.203 98.1694 161.169 17.7103 4.7 20.3358 6.71319 9.76187 0.0381942 389.185
-66.9677 0.474008 1.74738 8.13517 56.4073 56.8692 30.7279 18.2429 31.6168 3.46184 15.0649 24.3308 2.67659 5.18564 6.71846 1.77573 5.37243 3.38027 15.419 26.684 14.059 92.563 132.484 33.4839 13 20.3358 5.47766 6.19345 0.0129897 390.406
-67.0688 0.501198 1.65712 8.52378 56.4073 45.9097 24.0109 45.2069 13.1049 15.0376 9.50729 26.1137 2.63066 4.58314 1.62178 1.33111 8.39499 3.81055 1.08047 37.6501 23.2429 84.6896 141.104 35.9314 17.195 3.95377 6.80783 9.45852 0.0189396 391.853
-66.6729 0.544132 1.68432 9.03632 56.4073 47.0328 21.578 45.2069 13.1049 13.6283 9.50729 32.8213 1.65375 4.57422 0.602148 0.967567 4.92449 4.38679 3.09052 41.6384 17.5458 78.9488 140.307 43.9536 6.19178 28.2764 1.21639 28.0476 0.0204111 398.209
-66.7941 0.539218 1.65528 9.31009 56.4073 47.0328 24.5139 43.2739 17.8843 6.94371 16.6749 32.8213 6.31688 4.60092 1.47441 3.12661 3.56681 6.45764 5.29765 34.3689 11.8607 87.0835 134.946 40.5118 7.06248 16.4042 1.94829 25.4855 0.0051923 392.499
-66.6734 0.524396 1.54645 8.82099 56.4073 47.0328 23.6693 43.2739 17.8843 4.10754 14.9033 32.8593 3.37152 4.7918 2.75847 2.83553 5.59545 5.76251 23.143 17.3225 14.1416 84.4717 141.122 25.4191 12.0928 10.4508 3.86747 45.6162 0.056828 391.315
-66.4424 0.59082 1.54338 8.5726 56.4073 47.0328 23.153 48.5743 13.1447 2.98705 11.4386 34.4186 4.84238 4.6475 2.76209 4.39983 5.29193 12.287 20.2977 16.9031 10.0223 88.4878 142.621 25.5842 3.85525 19.9291 4.92739 33.9166 0.0911285 390.013
-66.3001 0.577703 1.39971 9.19394 60.0085 44.0044 31.437 48.5743 13.5605 4.72188 2.58505 8.98584 4.88449 9.07892 2.40168 10.3872 5.17966 10.322 10.4549 42.6803 10.466 95.3324 134.007 23.25 8.61614 16.2968 4.09066 18.0533 0.0657334 392.629
-66.2522 0.572508 1.38103 10.4018 59.7234 40.4127 29.1884 56.5353 13.5605 16.5525 4.33468 1.28866 6.24951 1.88521 2.15471 6.50298 5.05026 9.53164 9.10585 44.6939 13.4594 96.2871 122.336 34.9953 5.92142 21.7554 4.90488 12.8699 0.0520459 395.606
-66.9144 0.586384 1.58996 8.90562 61.0106 40.4127 31.8179 55.2888 12.4217 14.1312 9.01989 2.45524 9.30956 3.09442 1.7002 5.56579 2.8467 7.74245 8.1171 44.6939 7.4173 96.766 122.336 38.1164 6.68127 18.3057 3.0243 14.0102 0.0285804 393.268
-67.0956 0.557029 1.6512 8.20199 61.0106 40.4127 32.1115 47.332 12.4217 6.60431 7.30033 1.68883 9.30956 7.10475 3.46208 7.50739 7.42299 9.00476 9.95765 44.6939 13.4969 96.5027 122.228 34.1646 8.76447 17.9179 3.20033 0.88671 0.034091 390.748
-65.5878 0.526991 1.52846 7.98743 61.0106 36.3865 34.4306 53.1387 12.4217 9.46741 9.83752 9.3214 7.79887 3.58392 3.07653 2.61279 5.98813 7.85162 8.87557 21.9322 13.1151 105.132 147.903 30.079 14.5451 3.96765 2.91323 8.98161 0.0117345 388.168
-66.3217 0.508484 1.66868 8.12841 61.0106 34.6887 30.2107 53.1387 16.7205 4.58349 3.06129 26.0932 7.16068 2.07166 8.5443 2.82273 2.47841 11.9628 8.23207 8.58283 9.66347 112.418 139.986 33.1168 20.235 6.79014 7.96453 16.1664 0.00649098 387.46
-66.053 0.472189 1.6689 7.73598 61.0106 35.3408 33.9306 46.8108 20.7717 5.16915 16.7405 10.9517 8.19624 1.68754 8.58111 0.713586 2.40507 13.0205 9.44403 12.1461 6.6561 114.892 148.55 17.173 23.2093 5.10537 11.0384 4.25347 0.00675813 385.707
-65.5899 0.439393 1.69835 7.89879 68.8797 27.1381 27.559 50.0479 23.0104 1.73163 18.5306 12.4313 8.52555 2.14829 4.1189 2.36973 2.05522 19.9904 6.65051 10.5348 7.96043 112.631 158.14 11.1591 18.5961 4.79117 10.3857 18.3351 0.00269116 382.691
-65.8483 0.378928 1.76372 8.28192 68.8797 27.1381 28.4896 50.0479 23.0104 22.2579 2.42847 1.05898 19.8895 1.02199 4.8103 2.64386 2.08263 2.67796 5.49346 16.4676 3.19296 113.638 170.491 1.98023 13.7402 20.7994 36.3749 14.8281 0.00135795 388.571
-65.8407 0.411015 1.77253 8.17229 74.7842 25.2017 21.5585 50.0479 14.5935 8.78739 2.76761 6.82743 26.9825 6.08625 5.22398 7.22113 4.35265 8.08312 5.49346 1.3418 8.78113 113.292 177.834 1.98023 9.22468 5.53626 32.872 29.277 0.0022829 389.038
-66.5172 0.411015 1.74483 8.37989 74.7842 28.1848 19.9778 50.0479 10.6699 6.42612 8.2145 2.6775 26.247 7.84894 0.958823 12.1299 3.89829 4.30125 1.45662 11.8293 18.4229 111.644 168.538 1.98023 9.49323 2.92292 10.7337 34.5506 0.0248845 391.017
-64.4456 0.37397 1.62528 8.33268 45.2048 63.7505 12.6826 69.0085 10.6699 6.1229 6.78783 5.40448 22.4242 4.77851 1.09285 1.99081 2.96132 1.4394 16.069 4.59909 13.9114 110.389 160.43 3.32811 16.6367 8.19738 3.91239 15.0039 0.00463696 384.386
-64.8471 0.422826 1.5701 8.64088 46.9391 63.7505 11.1005 63.7903 9.56963 7.15478 9.85042 5.40448 23.511 6.86261 1.08776 0.428257 1.76916 5.27608 16.8125 3.66941 14.9634 110.086 160.43 4.02449 13.978 13.3356 12.1692 10.0187 0.0248464 380.325
-65.161 0.399133 1.61197 8.40897 46.9391 63.7505 16.1448 55.6482 5.39016 2.85555 10.4513 7.20346 33.7973 4.2977 1.28551 2.07617 1.56729 4.32688 12.3409 2.65059 16.5934 111.52 165.151 7.16369 7.25191 11.8944 6.21328 2.63852 0.0292862 382.114
-63.7886 0.354321 1.60426 8.40897 48.0263 63.7505 17.9919 55.6482 5.39016 5.51044 14.9933 4.23623 19.4247 6.63374 1.84705 1.41278 1.5253 8.07827 8.26429 5.14936 17.6636 116.455 167.539 12.6252 1.93589 7.4555 11.5776 22.0243 0.00506804 384.515
-63.2032 0.345612 1.52027 7.70053 49.9241 74.7801 12.1862 64.1899 5.39016 14.6782 12.1574 3.87137 11.8626 0.584905 2.53628 4.22896 2.44169 2.40106 8.94631 4.00054 12.3664 113.311 159.932 7.61045 5.30204 7.18131 20.4577 25.3581 0.0340365 390.99
-63.2664 0.259988 1.71645 8.27632 49.9241 70.7721 7.62239 61.8194 6.55881 16.2872 23.1989 4.63565 11.8626 0.917282 3.01402 2.34125 6.3893 7.30456 3.92664 7.14172 10.4883 114.699 139.125 28.2962 3.32788 1.53314 16.7501 29.6509 0.0297559 386.029
-63.2574 0.294164 1.74187 7.37858 49.9241 70.7721 13.4993 51.8187 6.55881 16.5139 4.12909 8.89852 22.1885 0.163432 3.38357 1.02763 4.11032 5.92156 2.42693 6.22466 15.3369 113.295 169.747 8.24535 13.4947 3.84097 14.3804 17.891 0.025158 386.938
-71.9796 0.837526 1.71099 7.95773 49.2892 70.7721 12.195 51.8187 6.55881 15.9549 1.70348 11.3944 18.0427 4.22861 9.51676 2.57205 5.03654 4.48039 9.77856 10.8294 5.4504 105.454 164.67 8.24535 14.7954 15.7359 2.7146 28.2448 0.0319422 388.91
-71.6592 0.88437 1.59566 7.68764 46.4094 70.7721 34.1196 23.6669 18.6141 15.489 1.70348 4.77517 16.3355 5.67617 7.98389 10.4918 1.20317 3.25339 16.3941 10.9605 6.54624 101.851 171.072 11.5794 13.9344 10.215 10.9567 37.9429 0.0314485 390.339
-72.3454 0.913579 1.52505 8.09766 47.1765 72.933 27.9028 23.6669 18.6141 13.1503 5.99685 1.33734 14.5093 1.24028 12.9997 12.3846 2.7058 3.28306 17.6935 5.61765 8.40579 106.832 171.072 6.6903 2.70569 11.0983 3.58647 10.5402 0.0500223 393.134
-71.8864 0.913579 1.54411 7.71188 55.865 72.933 31.7455 23.6669 4.90001 26.1202 5.66477 11.3029 13.492 1.88375 0.22487 13.2726 2.90996 3.13782 9.57893 9.4958 6.54903 102.961 172.9 13.2043 4.06002 18.1159 3.63569 58.3398 0.00370201 396.245
-70.4305 0.775467 1.69043 8.21942 55.865 45.9531 26.8368 47.8383 7.869 19.8682 9.69141 9.39757 23.4738 1.88375 0.306827 3.82906 4.16651 3.21342 7.19761 12.7032 9.09972 107.971 162.311 19.3535 6.56016 9.34251 27.3374 19.5477 0.0109636 389.096
-61.0452 0.179801 1.53336 8.21035 55.865 39.9013 32.008 50.9816 4.93627 33.0589 10.5994 9.67133 18.119 1.88375 4.65147 4.67014 2.92234 4.76612 4.31755 6.56573 7.09734 105.723 163.726 19.0657 4.71141 13.5445 15.0936 20.4891 0.0234204 391.337
-61.5834 0.179801 1.674 8.31229 55.865 49.4956 30.9105 30.2378 16.1329 30.2912 8.06347 5.05557 13.4437 11.8572 3.71198 1.02483 3.21011 7.50144 6.02154 6.64971 10.8093 102.939 173.088 1.68121 8.23673 3.93483 8.21326 8.61204 0.0303496 385.24
-61.2215 0.135535 1.56397 8.45831 55.0363 49.4956 37.1166 30.2378 20.106 16.4412 6.77361 0.912134 3.28105 3.40917 9.63357 8.57261 10.4871 11.5494 0.387033 6.7923 18.0608 110.183 158.098 17.4227 11.7839 6.53272 13.9732 17.2984 0.0192947 388.986
-60.6803 0.109209 1.56648 8.74575 55.0363 51.858 37.4216 28.1844 20.442 13.9964 6.36788 2.78038 5.21901 3.40917 4.68508 20.1407 9.17644 10.541 3.13428 6.18838 17.4501 124.205 139.121 9.46841 9.89715 12.0953 10.188 10.8264 0.0197499 388.91
-60.6803 0.109209 1.56299 8.76508 55.0363 51.858 48.316 27.7324 17.1371 16.6225 13.4792 3.36048 9.38691 3.10103 1.62351 17.5364 0.773087 10.551 3.15343 6.89729 3.70264 123.554 139.828 9.6276 12.1647 12.4597 24.1922 4.83366 0.0227814 388.115
-60.7307 0.109209 1.54542 8.66708 56.2866 52.3354 51.0649 25.2766 1.45331 8.52295 8.60534 9.26496 10.5775 8.66341 2.48642 9.95083 4.06407 4.9645 7.93638 7.98844 7.88154 115.265 167.91 4.43384 3.82164 23.3231 15.7737 14.9869 0.0196388 387.314
-60.8451 0.0760001 1.74917 7.61741 56.7559 50.1154 49.7824 25.2766 10.2933 5.82275 9.00087 16.1346 11.9793 12.5344 1.384 4.73083 7.34469 2.50632 2.30491 8.19341 12.8826 120.042 155.706 4.43384 17.5833 22.2144 11.4847 9.64963 0.0142604 384.513
-61.3183 0.0760001 1.73481 9.16971 55.5849 50.1154 49.295 21.4704 20.1843 1.82445 10.3182 15.7527 14.468 4.47999 0.543176 5.76162 6.18046 10.531 2.68648 13.4616 15.4393 111.14 151.578 6.81397 4.53743 22.2488 15.2077 27.4769 0.00718503 390.817
-61.1595 0.0688955 1.69964 8.19419 59.0306 50.1154 54.1875 26.6286 5.56055 7.52203 9.2014 14.8984 13.7273 3.68746 2.95923 3.95477 1.87869 9.97035 9.70691 5.1171 12.985 107.559 159.711 14.8121 14.1192 1.53344 7.30453 36.0117 0.00553114 383.23
-61.1595 0.0688955 1.71306 7.73014 57.2031 50.1154 59.3733 26.6286 0.242719 3.85932 15.3355 19.1587 6.805 3.68746 7.59074 0.941706 0.480665 12.4313 10.6688 5.42588 12.8509 111.072 155.848 22.9279 14.185 5.00146 17.1049 29.4705 0.0138043 389.339
-60.4527 0.0688955 1.76883 7.75168 56.2164 59.9159 54.1756 10.6167 10.3768 6.76032 14.4485 15.6605 8.50769 11.5647 12.8785 2.73185 3.25027 9.07892 11.0206 4.92609 9.21692 124.043 134.668 13.2467 5.41802 3.65876 36.8221 22.6147 0.0247611 388.16
-59.6034 0.0688955 1.7175 7.70605 53.3355 59.3731 54.5298 10.6167 10.7495 7.16552 13.6653 25.7153 8.07351 4.6934 7.91612 0.907331 8.74721 6.72209 10.9724 5.19364 13.1018 124.546 123.086 22.973 2.48096 6.01343 40.3902 22.6301 0.0198459 392.217
-59.6034 0.024697 1.77249 6.82958 54.8393 59.3731 52.4896 9.36399 7.73169 10.0508 15.0338 25.7653 4.15005 3.73063 10.8535 5.8229 3.37153 1.20063 8.87056 6.25118 15.7033 115.17 142.019 34.3686 3.68701 7.42554 32.5395 21.5326 0.00233069 391.919
-59.9815 0.024697 1.68559 8.50645 36.6601 70.0039 66.1137 9.36399 1.15461 10.2909 14.1689 25.6755 12.2533 5.04686 3.40358 8.99121 3.37153 0.635083 19.4368 0.858375 6.07677 108.038 146.752 38.7705 20.4308 7.18741 5.54278 17.304 0.00158204 394.802
-59.9815 0.024697 1.66223 8.20424 45.6415 70.0039 67.5243 21.316 1.15461 9.96372 6.37114 15.0058 6.76491 3.84448 6.55683 5.5195 2.76456 1.54385 16.0065 8.50764 4.67223 124.37 129.905 25.6063 11.7036 8.46868 25.7652 13.1785 0.00449987 387.787
-59.9815 0.0614662 1.63849 8.4522 46.8999 73.3757 44.0537 21.316 2.73295 9.3424 6.71994 10.7553 26.5927 5.61847 3.3051 4.52348 2.61223 3.99728 12.1684 18.567 4.67223 117.345 131.088 27.4095 13.467 16.1932 4.63961 19.6271 0.0151946 385.571
-59.9815 0.0328289 1.62955 8.73702 38.6108 80.2986 40.5368 18.1023 0.729721 10.7738 7.21263 9.06879 29.1884 6.77874 0.659277 4.68416 2.55942 7.62141 6.6366 12.8946 14.4374 123.064 130.951 25.1218 14.2055 16.8886 1.74685 14.9118 0.00541923 389.296
-59.9568 0.0328289 1.60301 7.26569 37.4361 88.4474 31.876 26.8408 5.61122 3.12282 2.91707 7.32607 29.1884 5.81033 1.69563 3.35113 2.68866 11.8684 5.72019 2.86185 31.1052 113.988 134.816 39.32 17.9281 4.60023 3.29949 17.9845 0.0186627 391.023
-59.3871 0.0328289 1.63593 10.0506 37.4361 77.9619 29.8909 36.4442 11.2648 9.15652 4.24479 1.91681 11.9498 8.49902 3.20723 4.18456 2.79771 19.6926 3.12945 3.5483 35.9258 108.66 136.692 34.3478 2.03716 2.69718 33.4807 14.8205 0.0103629 389.987
-59.3871 0.0328289 1.68328 8.15852 37.4361 77.9619 20.3965 33.0838 20.2741 11.693 14.5486 4.06393 19.1159 2.69807 2.6805 7.86874 3.32432 5.77179 6.07802 4.48767 26.5665 110.357 142.117 34.2731 2.03716 2.64216 33.6845 1.23574 0.0152508 387.755
-59.3871 0.0923189 1.64831 8.1248 35.9093 80.4652 23.7123 34.8258 28.7972 9.70179 15.8985 4.73393 11.2894 1.56727 5.95365 12.1705 5.00323 12.926 8.06186 4.7176 28.0945 105.809 122.328 34.9927 10.9127 3.39027 19.2041 2.86859 0.0282729 397.602
-60.7368 0.111042 1.60479 8.33618 38.4176 82.2028 25.7475 29.2607 21.6961 11.6492 19.5235 9.96101 5.40402 4.24632 4.69201 12.0867 9.78644 22.2771 4.73254 3.32975 18.8839 90.1185 126.584 47.0892 21.3872 2.69732 10.3371 9.91603 0.00192033 391.641
-60.8101 0.111042 1.6291 8.34672 39.8014 72.8449 32.5359 34.5056 23.2207 12.0352 15.4949 1.93994 4.30926 1.1919 4.68345 3.04908 2.09256 16.8016 6.81889 4.07513 22.6044 105.043 135.505 50.6929 4.9753 7.0408 14.1413 14.859 0.00664954 387.875
-60.8101 0.231078 1.57608 7.95652 35.0642 72.8449 34.9844 19.3998 20.4432 3.52465 18.4269 9.39529 25.5985 1.22821 3.47234 1.53569 1.88748 1.12048 9.51462 27.4787 14.8607 110.536 147.869 5.03329 8.53722 4.97359 18.2131 11.4127 0.0212227 396.363
-62.4147 0.231078 1.54592 7.36024 60.0935 47.7329 24.4624 41.6383 20.4432 0.307453 13.2131 17.9441 23.5155 0.824069 1.54824 1.8473 0.218922 11.6707 9.02808 8.92954 7.80804 118.024 152.638 1.95823 9.05037 8.24007 44.5504 32.648 0.00887678 391.516
-62.4147 0.226336 1.72898 6.96012 64.4039 47.7329 19.0467 37.256 19.9664 4.25271 17.4633 14.495 23.4928 1.28586 0.493016 0.947166 4.21477 13.8688 8.7184 6.99168 3.64591 118.912 152.739 20.5668 6.97765 11.248 42.7097 40.4159 0.0127073 393.872
-62.8466 0.271375 1.66314 9.02732 54.7738 57.9909 15.013 40.175 16.6448 1.62433 32.1087 3.30123 23.3186 1.19105 5.64125 0.904148 4.42414 15.5198 1.86925 0.872483 3.02125 113.578 168.367 10.9588 5.0239 6.35473 8.10645 21.5301 0.0174968 390.998
-62.883 0.271375 1.55941 10.2566 53.9378 58.1705 21.7431 45.2397 19.7367 0.319789 24.4054 11.9405 18.7488 2.92991 3.64178 0.968062 1.34415 16.811 1.87153 2.53233 4.43413 109.26 164.483 3.15597 2.63126 13.1612 5.87808 19.388 0.00299816 387.447
-62.883 0.271375 1.51697 10.3404 53.9378 58.1705 21.0025 42.4197 12.8847 2.22244 27.4133 7.85879 10.0698 3.86944 3.06273 1.04794 4.13255 19.7021 0.634147 4.15744 17.4701 131.203 127.883 23.4009 15.7087 14.6609 2.8225 14.9445 0.0391823 388.917
-62.8341 0.29624 1.51697 8.50675 51.614 58.1705 21.0025 36.0856 22.1142 8.2765 16.3361 9.1789 2.26031 12.8449 2.27093 1.97458 6.78753 23.4335 4.3926 5.90963 11.5481 131.332 131.409 21.31 9.82447 1.16868 7.03184 52.3848 0.0493354 388.939
-62.8341 0.335739 1.41417 10.1967 51.614 58.1705 33.721 48.2131 17.8884 10.196 10.1763 7.69583 3.57665 3.10205 0.785175 2.60974 2.69787 17.1345 5.2963 11.2692 6.92963 135.899 126.715 17.8495 13.2721 2.77944 7.20306 22.3666 0.0430288 390.125
-63.4329 0.335739 1.58485 8.35471 53.2294 58.1705 26.4321 39.7485 17.8884 13.7204 8.40994 7.88916 9.08168 6.86057 0.928938 2.39056 1.50871 24.5516 7.21505 17.6217 30.0509 86.3885 145.54 8.2309 27.6663 2.44817 2.82359 20.7169 0.0555586 389.037
-64.1483 0.335739 1.62181 8.17611 52.2169 58.1705 23.7597 47.056 19.7705 14.3732 12.0201 5.5943 4.50028 1.60463 3.33473 0.903815 10.6838 8.25734 5.44427 14.2995 36.606 94.1209 137.315 20.2461 25.3452 3.69217 3.66332 23.2702 0.027771 389.683
-63.7646 0.335739 1.62133 8.39045 50.4916 62.3792 26.3625 43.1119 13.2926 17.4924 15.5443 8.82786 12.1314 6.43054 6.02882 12.114 7.3791 2.30287 5.14675 14.3125 20.8225 85.7018 139.054 25.2274 11.1706 9.02021 2.11002 3.8966 0.00622654 387.834
-63.7646 0.335739 1.53106 8.46364 47.3399 62.4318 23.9033 37.5119 26.6265 12.7047 9.78097 20.0859 4.69421 12.1246 3.00695 7.23169 9.96362 1.74832 4.65109 18.6957 21.6638 85.7018 136.999 32.839 7.74265 12.2346 4.48222 11.6475 0.012136 388.44
-63.7646 0.340166 1.52113 8.78039 52.7217 52.1943 6.40681 48.1824 19.7019 7.77679 11.7884 21.3458 5.18648 12.1324 2.26783 3.8026 8.52391 3.99467 9.5295 23.1519 37.1012 86.2194 133.258 32.839 7.85481 5.7915 30.4522 17.645 0.00732623 394.6
-63.4595 0.340166 1.41899 8.94312 52.4902 52.1943 10.7524 47.7303 23.4403 10.3767 3.33312 15.7216 11.3547 10.8023 1.97399 9.59583 2.88276 2.98821 11.6167 23.1519 30.9664 86.2194 151.4 20.2945 7.92295 4.52992 18.0629 39.3814 0.00225279 393.953
-63.6533 0.395737 1.48894 8.47035 61.0205 53.901 4.78389 48.8388 30.2788 7.28345 3.56522 14.8 11.0382 11.4388 1.71422 0.291275 0.912357 9.613 15.9108 17.0087 15.3978 93.2792 139.236 39.5792 3.33069 2.18078 27.818 18.1518 0.00776648 389.094
-63.6533 0.395737 1.51966 8.7161 62.1944 37.973 10.619 48.6452 41.3758 5.15257 8.92852 19.0463 2.9217 9.42973 1.76417 1.16957 8.28571 1.76305 14.9364 21.6536 19.7939 110.839 117.106 29.9082 9.57688 2.71277 26.4891 36.0903 0.00540251 390.725
-63.9895 0.395737 1.51489 8.65182 60.0605 40.5056 10.619 49.9027 32.1641 7.18475 4.55243 22.1563 11.7958 6.29363 2.65205 1.52782 5.34994 2.45037 8.99628 11.6829 12.8057 107.653 145.057 29.1103 9.77953 6.62082 25.3433 26.0783 0.0165266 385.041
-63.7578 0.395737 1.41785 8.85103 58.8732 43.4178 1.55543 46.9185 44.1156 6.11503 3.02926 15.1552 9.14878 8.87209 9.35417 1.49731 5.61399 5.17443 12.7852 16.0721 5.43199 112.906 158.616 15.0549 11.6471 3.56441 8.92341 26.5234 0.00107601 387.8
-63.7578 0.395737 1.49026 10.2298 59.68 39.9104 1.55543 54.7841 31.22 7.84008 22.1864 9.75242 9.17785 9.52069 6.98058 0.807972 4.60414 10.7736 17.6828 5.29675 5.61012 107.754 145.859 32.8131 11.6765 1.60789 26.0436 22.7055 0.00324201 390.721
-63.7578 0.395737 1.4551 10.8724 58.6806 46.935 1.55543 51.4636 32.7894 4.5523 20.2477 9.83682 8.94161 9.55565 2.07169 0.621778 1.06621 12.8645 23.3312 5.29675 7.30913 111.03 137.198 27.2867 12.8376 2.62327 22.2374 13.802 0.00371711 387.09
-63.7578 0.385359 1.52472 8.22267 62.1414 45.6514 10.7913 47.225 27.0241 0.929736 23.774 13.0312 7.80487 8.3697 2.5256 0.688585 0.14172 18.047 11.801 1.18453 3.23449 123.811 129.881 39.7007 5.44872 2.31587 16.2309 25.1131 0.000146061 388.213
-63.7578 0.385359 1.59275 8.11253 58.5508 49.7221 10.0475 46.0473 22.7601 9.86734 11.5036 12.3132 4.98868 12.9123 5.22099 0.578022 2.62654 4.6567 10.9444 3.58784 2.79634 140.744 134.145 40.4132 2.20691 2.49112 9.70541 2.40212 0.00637732 389.131
-64.4853 0.385359 1.59306 8.00005 57.3765 57.7278 15.4514 48.6034 17.4571 9.3607 15.9251 14.751 1.41066 12.1846 0.129748 5.4095 1.43077 5.73191 9.75793 8.71566 4.51002 131.064 129.869 27.3777 22.6672 2.58362 34.2007 2.9874 0.000877742 388.535
-64.4853 0.385359 1.73012 8.06101 55.3353 56.9845 9.6473 51.3147 23.0344 8.98416 9.38781 12.666 4.69917 14.1275 2.93988 3.41424 1.56562 8.31551 17.0802 6.98428 5.75749 124.441 131.02 41.1682 9.45253 1.24361 4.48553 9.12255 0.0160312 382.105
-64.4853 0.350301 1.70925 8.16126 56.0474 53.7759 9.55505 50.0211 15.7266 2.61296 11.0112 4.32682 10.3172 13.7168 12.539 1.69011 2.56827 27.1272 6.20519 2.08354 5.6538 129.492 122.704 46.9315 12.0079 1.30496 11.4524 34.4285 0.0220358 389.286
-63.922 0.387207 1.55619 7.99393 56.0474 48.224 9.55505 66.5526 15.9876 3.03111 10.8104 0.51706 11.6904 5.65295 2.53774 18.7151 8.67279 20.4533 4.67482 0.211184 5.5511 130.364 108.489 64.2438 3.64857 5.54699 27.1155 23.9181 0.00471513 394.287
-63.9352 0.386567 1.57593 7.98321 64.8678 42.2704 16.5283 51.0419 15.7893 3.58076 8.26042 8.29956 11.6943 12.3142 5.27041 10.9622 1.58411 13.8367 7.35451 2.28814 9.44308 138.874 110.674 48.7193 5.59826 8.61531 4.50147 12.9355 0.00305167 386.069
-63.9352 0.386567 1.60379 9.0257 68.977 42.3334 17.3074 50.3273 13.9988 8.58582 4.91508 17.4724 7.56981 19.3003 2.34714 6.27074 4.20266 7.08929 4.94515 3.20851 5.67015 131.425 114.382 59.8989 1.78426 7.43803 2.1584 18.1294 0.00633386 389.074
-65.0814 0.409124 1.72032 8.08814 63.8163 34.8669 18.9405 57.3482 19.6165 7.39014 5.53365 18.0042 6.21776 14.8846 0.562145 4.73224 2.72583 16.9171 2.88776 5.04186 15.0786 127.309 106.529 57.6908 7.503 20.2267 8.77976 14.1437 0.0116926 385.016
-66.0505 0.409124 1.61069 8.62916 65.9941 31.8337 19.2388 53.7149 27.8083 4.25694 3.54864 29.5583 6.2523 9.69818 0.381326 5.38801 1.88601 7.97862 3.63914 6.47422 15.0778 124.808 111.534 62.7139 1.15891 2.1653 5.60544 9.44636 0.0359887 388.132
-66.0505 0.409124 1.71921 8.17428 65.8266 41.484 21.9463 36.8286 34.0346 3.23958 12.3802 25.9276 4.16616 1.3646 0.478913 3.98853 1.30256 12.06 12.2945 3.8688 8.69494 134.383 108.102 48.222 19.3842 4.22158 3.13462 12.5265 0.0425775 386.243
-66.0505 0.402493 1.70055 8.20491 61.4402 43.6075 22.8232 41.4924 28.2095 0.479793 15.2211 23.6604 1.28074 15.0086 2.01342 3.30684 1.41185 9.16947 5.7316 3.29847 16.3661 141.267 101.592 43.5667 8.97116 5.69682 5.25952 23.5312 0.0131839 387.75
-66.8475 0.49288 1.6991 8.39135 52.1185 52.6714 22.7257 29.4513 34.447 2.11989 8.70435 22.4037 7.11674 9.64479 2.08855 3.44641 6.99849 7.27668 11.9073 5.63681 18.1711 128.631 109.608 56.1018 0.957307 2.67519 12.855 21.4594 0.00225407 384.943
-66.8475 0.49288 1.78289 7.91232 59.4475 46.0728 44.0053 15.3056 25.4372 2.24057 7.31615 23.6719 15.4006 5.79063 3.80872 1.3571 1.30369 3.0812 12.6151 7.37744 20.8677 126.186 109.608 56.1018 7.16359 4.00508 7.57933 20.0895 0.0199613 382.064
-66.8475 0.49288 1.77621 7.6446 59.4475 46.0728 50.0708 15.3056 25.0117 3.70609 7.31615 18.5816 14.5397 7.08632 8.67167 3.06848 1.51521 2.70057 8.66967 6.31779 18.5975 126.186 109.608 63.7027 1.15212 7.72094 3.40354 5.06418 0.0402046 384.187
-66.5116 0.462565 1.68164 9.27198 64.7033 40.7959 44.0793 17.0963 24.9959 1.85464 7.94876 36.9286 3.69429 4.22747 2.36289 2.02021 1.74788 3.02661 16.0312 6.38929 9.58013 118.853 135.862 27.0913 6.64294 10.6769 3.13342 11.7299 0.0479416 388.388
-66.6943 0.462565 1.76789 8.05866 65.9178 32.6439 46.1091 10.9415 30.8336 1.92769 10.9288 26.3019 12.8569 2.6884 2.19912 8.15116 2.3833 2.54731 8.22609 15.1089 14.7973 119.302 136.068 28.3927 6.00591 6.7195 2.07865 30.0833 0.00403644 384.108
-66.0763 0.4629 1.70478 7.91014 67.1032 36.5576 42.7647 19.2464 16.9249 1.98993 1.71201 30.9604 16.5546 4.66992 0.194967 2.41476 2.89369 14.0236 12.1369 15.8247 12.2413 108.289 134.024 47.4327 2.20913 8.884 14.4386 26.3393 0.007246 391.694
-62.9576 0.234632 1.6501 7.67511 67.1032 40.5604 29.7712 37.6536 17.8596 2.3753 5.26415 29.1988 14.5395 3.52357 3.01393 0.821723 2.51295 1.07562 2.57254 15.6463 13.2341 126.801 136.09 29.8395 9.15468 6.67467 4.89222 0.760024 0.00519487 383.707
-62.9576 0.21426 1.73897 8.26893 59.1558 30.4373 37.2442 34.6634 29.7967 3.19892 1.42638 28.0232 14.9191 7.27476 4.33757 1.11022 2.50281 3.8714 5.76321 17.1587 22.2202 124.337 130.024 16.8412 7.24024 7.1451 19.953 29.8093 0.00576649 388.072
-63.1357 0.21426 1.70019 8.47068 60.4306 40.3435 30.4774 29.2228 36.7414 16.2426 21.6347 1.81683 5.10106 7.63716 5.67573 3.70836 0.354573 8.10444 11.3436 8.08523 16.6775 125.15 122.219 19.7362 12.3096 10.4032 13.1411 56.6753 0.00940656 386.655
-60.7176 0.0710988 1.70327 8.39538 63.7609 38.2622 25.0334 27.8865 27.7659 12.7945 18.3427 7.31485 5.91783 10.552 2.03219 2.81203 3.70594 3.57586 4.27653 9.44979 25.6741 125.15 136.637 16.2292 12.4443 11.797 12.8888 34.7624 0.00183969 387.687
-60.7176 0.0710988 1.7248 8.34183 67.2959 41.7758 37.8345 17.6564 31.5069 12.2842 4.89413 10.0279 4.44382 15.4875 3.70636 4.93413 4.47349 5.56315 10.4353 10.1039 20.9307 119.353 138.976 6.19097 13.5811 17.3854 16.8084 5.6468 0.0188856 386.869
-60.8705 0.0740169 1.6902 7.87467 65.7946 33.1476 49.4198 6.67073 37.5253 16.3747 8.61039 8.41095 12.9026 8.56276 3.29716 5.65937 3.05666 8.56525 7.72269 11.4352 6.45252 101.896 164.386 18.423 0.832832 18.9775 9.05028 8.41682 0.0145531 382.376
-60.321 0.1069 1.69088 7.28181 64.9409 40.5197 49.4198 7.20974 33.2645 17.5413 10.7902 9.32907 9.3293 1.10105 0.433682 5.55207 3.78724 18.6069 4.43968 11.9666 9.26216 99.6015 159.618 22.2376 9.19046 7.63399 13.9088 10.2106 0.0201846 387.9
-60.321 0.132498 1.47261 7.86151 68.5301 46.5175 47.3952 11.1581 28.8357 12.0094 6.7075 16.1524 1.73823 2.75442 1.09585 2.13245 4.69233 15.1113 6.93839 12.0546 22.7515 95.1779 147.959 23.2922 11.3327 17.396 30.4265 6.95172 0.0304473 394.26
-60.321 0.132498 1.54471 8.44124 60.4854 45.1719 49.0905 9.84009 27.7529 9.22793 4.924 10.8016 7.51922 4.46113 6.2504 4.17487 9.40916 2.04291 10.9806 6.17727 21.8505 115.19 153.402 10.2686 6.3622 15.8122 23.6169 15.287 0.0539969 385.552
-60.695 0.132498 1.55487 8.77591 63.2209 47.7769 48.7045 17.188 20.8258 12.0363 1.73907 8.55332 12.0158 3.48464 8.00159 2.9115 6.41408 3.95887 3.54216 7.56181 22.5038 112.033 157.399 7.9548 2.95978 12.4777 6.12045 17.294 0.0543939 385.942
-60.695 0.132498 1.53184 8.87984 62.7069 45.5608 57.0885 6.12413 20.8258 3.99693 5.05445 7.64783 10.035 7.77328 11.795 4.92217 0.625284 12.2036 10.0915 3.89429 23.2817 107.938 154.021 20.1951 13.2502 8.8197 6.46731 18.4674 0.00203489 385.369
-60.695 0.132498 1.6099 8.31208 59.0449 44.3484 59.8332 7.64001 20.8258 10.3695 13.6228 10.0632 2.85884 7.96159 9.1136 2.56209 0.816631 23.8027 7.43046 4.21214 14.1407 100.042 155.881 31.9054 11.9178 14.5345 1.65228 11.3938 0.0153041 388.783
-60.695 0.132498 1.62105 8.47735 58.0997 43.6637 55.9322 11.1735 14.8342 11.2256 13.4788 15.3927 6.63034 13.1853 3.72229 1.53549 2.70739 5.33595 6.20963 2.72951 21.1972 96.5547 168.805 28.0825 6.57189 3.75463 3.09407 1.58742 0.0243347 387.332
-61.3623 0.132498 1.62717 8.72281 59.8826 51.4216 54.4573 4.78984 24.3136 9.31999 8.19524 14.0084 16.5374 5.1223 11.3317 1.50664 5.96397 8.11936 13.8676 0.452596 9.95918 98.8072 162.499 6.49877 6.94036 5.19521 37.0954 3.50576 0.00866182 386.451
-61.3623 0.132498 1.6288 8.69826 59.9391 50.0173 54.6889 8.75487 20.1442 4.92761 12.2281 8.93131 12.8228 2.73029 14.2808 16.7729 4.68161 6.45998 9.61466 12.3276 2.55293 97.7893 164.234 4.56068 4.89257 10.5227 13.2875 7.24017 0.0102209 391.898
-61.3623 0.132498 1.59194 8.69826 54.5118 50.0173 54.6889 9.81222 27.5449 5.72906 6.84232 8.80219 0.806287 2.22861 1.43875 9.31055 13.5687 6.09864 10.6537 8.83082 17.1284 110.094 160.507 9.28085 2.14554 20.1012 17.7181 17.2185 0.013582 387.85
-60.6897 0.132498 1.59303 8.39171 52.6547 51.4837 60.8348 11.4906 21.6854 10.6147 14.6554 3.12394 3.04643 12.1938 1.57892 5.51896 1.15303 6.59257 1.75308 7.7038 23.4273 111.921 159.846 4.31165 6.46185 7.42443 64.5127 44.611 0.029812 389.908
-60.6897 0.132498 1.55606 8.81484 54.697 53.7271 55.5263 4.53911 30.5242 15.7793 7.88339 1.52172 9.30959 8.18024 5.38367 2.20003 0.600835 5.60342 4.96016 6.85164 19.6554 112.891 162.639 6.51906 17.4173 11.9784 38.4212 51.8628 0.0219072 388.529
-61.0605 0.161091 1.59112 8.43434 52.1542 55.6283 55.5263 4.41531 35.912 12.4817 3.19877 9.25895 8.29518 3.71205 4.35792 3.85147 2.30299 1.95845 9.58394 7.914 16.692 111 151.284 22.1245 12.7853 14.8554 7.47514 2.41814 0.014677 383.037
-60.4925 0.161091 1.60755 8.40718 51.0029 61.0335 55.5263 5.49972 39.4149 9.21361 1.01835 4.88599 17.044 0.189761 1.83663 3.91117 0.269853 8.96138 10.2707 8.18144 15.9658 116.103 147.423 11.5971 23.6405 0.654986 3.33117 8.54762 0.0238965 388.943
-60.4925 0.161091 1.55221 7.83114 53.6393 61.7666 37.3546 4.81628 38.993 11.4779 8.77014 8.68891 14.5955 6.61915 8.60897 3.73431 0.792392 11.3828 10.4344 5.85341 3.31574 117.067 150.709 16.9716 3.24831 1.72144 17.6729 0.670716 0.019444 386.735
-60.4925 0.161091 1.49466 8.60171 47.8663 61.5391 37.6216 20.2379 38.845 8.28641 2.27248 22.6112 4.4335 4.08244 3.20294 1.1343 5.92119 3.20886 8.6084 9.12599 13.7201 132.2 135.53 20.274 11.2724 2.16919 17.8642 14.13 0.0197571 387.549
-60.4925 0.161091 1.42063 9.20812 39.4327 83.3222 38.5683 1.44291 32.5418 4.13781 13.3967 12.5635 14.329 5.42751 6.29776 3.62944 2.12924 3.93089 2.22038 8.64394 7.0021 121.088 141.48 35.785 19.0473 15.3565 5.27405 62.158 0.0183612 391.857
-60.3638 0.125952 1.57584 10.2664 53.7482 69.5035 37.0278 4.75134 25.8064 11.0182 5.245 13.2086 0.29799 7.79271 14.4066 0.992869 4.34739 1.54589 21.9761 8.60691 4.03018 125.673 136.381 27.4923 1.50608 15.3565 14.3227 6.77179 0.00652299 390.627
-62.0107 0.223884 1.55623 11.3167 46.6816 60.856 35.843 26.325 28.1453 10.5786 1.60535 12.0262 1.51529 0.680202 20.0049 1.55979 2.66112 3.7283 8.37911 7.8187 16.0199 121.484 142.917 21.531 5.81649 12.8282 9.29372 10.8626 0.00651754 390.161
-62.0107 0.223884 1.43745 9.14916 51.3256 57.336 26.3836 32.4185 30.8833 5.89971 5.37456 15.0312 2.59758 0.680202 19.3029 6.79637 3.37713 2.03054 13.8642 0.655199 13.2978 112.475 156.848 14.9997 12.9908 10.2473 10.8717 11.0418 0.000808371 389.723
-62.0107 0.215297 1.54525 10.4886 44.1716 68.2335 26.3836 28.6421 32.1217 3.16558 3.80036 1.7508 1.07988 1.1322 24.9845 7.71649 2.98076 3.51921 20.0921 12.2174 8.14005 117.724 149.62 16.1808 12.2854 0.470915 10.0716 7.50366 0.0398087 395.263
-61.8373 0.184519 1.47533 10.9573 57.8672 55.7233 33.2358 13.2253 29.4168 7.72746 18.2096 6.75435 6.96883 14.6159 4.04363 7.79828 1.21145 3.67072 4.05088 11.3609 19.5699 117.08 126.166 47.5949 15.2157 2.14013 16.3888 18.8548 0.0736859 393.841
-61.6396 0.231292 1.47386 9.48362 66.4989 56.9914 37.0714 13.2253 19.5234 4.63016 16.6919 5.04895 13.3833 8.11508 6.5022 3.57952 7.41497 4.96642 2.93852 11.1133 19.4674 111.157 132.972 35.6301 5.86644 13.5275 9.02571 24.2929 0.0363821 392.659
-61.0916 0.0910551 1.65881 9.38381 64.6438 53.9594 37.0714 7.39765 19.5234 14.5318 15.614 4.40929 16.5129 5.51959 5.92503 1.73626 1.10675 6.06815 3.09181 3.85821 37.0013 109.052 120.322 62.8535 9.40542 12.4931 7.18372 21.8505 0.00647873 392.897
-61.0916 0.0690818 1.65437 9.45456 64.3279 37.8839 43.9093 15.3888 33.5697 10.6116 12.7308 7.04194 9.34734 5.51959 6.43833 1.57501 2.24902 10.0236 9.91619 5.09953 27.2832 110.078 131.866 36.7369 12.5824 7.28047 4.23049 2.58052 0.0393254 388.676
-63.3914 0.328053 1.62209 8.33163 67.6465 37.8839 43.7937 15.3888 30.989 5.79262 19.0143 1.5489 16.5545 1.77524 5.48572 6.78004 2.61369 2.27216 21.0413 4.90698 28.1754 116.626 114.838 36.3708 0.422433 9.31631 8.07585 4.10845 0.0195583 389.701
-63.7121 0.286653 1.70762 8.24674 65.459 37.8839 43.7937 13.6775 30.2231 5.55338 24.3795 2.43462 19.0959 5.106 4.80493 4.71867 2.72465 3.08186 12.6771 2.33997 30.8699 107.034 120.768 43.4956 15.5753 3.29551 20.3584 38.2436 0.0112265 388.603
-64.1202 0.304394 1.66094 9.2843 59.7165 46.6652 46.623 13.6775 26.8856 7.39737 13.709 4.11018 10.5675 8.96981 7.75653 3.16854 2.71506 2.20407 17.3999 2.44526 32.0074 110.616 126.874 43.7663 6.4048 3.75651 15.9149 11.8285 0.0535779 389.186
-63.9938 0.277116 1.72915 7.88815 60.0576 52.1871 34.8067 24.8309 27.706 5.60221 10.0854 5.97596 19.6538 9.53922 0.656327 3.66056 2.79962 0.823756 23.599 5.56726 31.8961 95.6761 127.101 37.9985 10.9021 5.36512 17.6574 6.84865 0.00940987 386.924
-64.1246 0.289635 1.67465 8.39628 61.6911 43.9153 30.3949 28.2806 39.0957 13.5355 2.74522 1.67857 10.6418 1.13585 9.41417 3.46677 3.00487 10.6468 15.4049 11.3686 31.301 91.7829 132.037 35.3005 10.61 13.8779 18.1054 37.4859 0.0906967 396.665
-63.3835 0.385202 1.50059 8.43657 66.7347 36.6097 40.2286 11.3605 39.0957 16.8859 3.81185 1.02321 9.29985 17.9055 3.42117 2.55241 6.95745 1.07548 10.4305 27.9984 30.1891 91.7481 117.626 34.3572 26.8948 4.829 21.743 1.81931 0.064962 396.603
-63.3144 0.335716 1.60418 8.1143 67.7236 32.504 40.0656 11.3006 37.9314 14.6869 4.60767 11.9785 11.3673 16.9256 3.74057 2.41421 3.96129 9.69611 10.7399 23.8355 21.4228 107.737 116.628 21.9164 35.2732 0.643256 17.0607 16.6062 0.0353685 393.155
-63.6927 0.393849 1.66454 8.12364 53.322 74.7167 4.17316 24.7883 34.4701 5.70576 5.60138 0.89625 10.8996 19.6941 4.9009 3.09944 8.28423 9.42952 22.6521 15.3247 19.0495 99.3587 121.606 41.3232 15.4987 16.5492 10.3225 9.70748 0.0415761 397.035
-65.5933 0.424228 1.74149 7.86087 52.7067 84.9676 6.91143 26.4149 27.3764 8.34732 11.6068 7.83588 10.7815 21.2569 1.52274 1.16983 6.2366 11.1669 19.6741 6.07412 1.92702 102.467 137.441 29.7957 2.38123 4.82554 9.4679 1.73963 0.00555424 392.479
-65.9256 0.417818 1.72471 7.87518 37.7915 80.4753 19.2272 30.0054 24.0479 10.7415 8.46816 6.79302 1.34414 23.4103 5.00311 0.418929 7.31258 10.427 21.5092 4.28938 1.94061 108.049 138.801 48.0098 4.43305 9.35162 4.57289 4.49444 0.0146133 389.612
-65.6338 0.416613 1.67468 8.04395 47.3462 69.3779 24.6619 25.8911 23.1172 10.7415 12.7432 3.0944 2.55304 30.4617 2.82822 1.04924 4.95476 13.3319 17.7818 23.9086 7.31467 96.3173 146.551 8.88406 15.7122 13.9337 8.0372 6.2847 0.0120444 388.716
-66.362 0.526298 1.54365 8.7066 52.8981 56.8919 24.6619 25.8455 30.2879 6.99353 22.9687 4.17797 6.99617 17.0962 1.38414 1.90438 1.65672 12.3688 15.4243 30.3446 5.89189 82.2411 156.028 17.5185 9.04276 12.7188 9.22036 19.8085 0.029851 384.685
-66.8905 0.585839 1.53249 8.09822 56.975 67.6931 17.6923 19.3306 25.3675 12.5615 16.9079 6.66 18.3458 4.61327 1.50476 3.56714 1.50578 9.99547 23.6143 16.6355 10.345 95.1062 150.183 11.0811 22.1415 16.6414 10.3351 4.5742 0.0337108 391.784
-67.6407 0.586441 1.5272 9.94103 48.0166 68.9909 22.3635 16.7009 23.85 14.0339 16.313 4.18899 22.8073 7.8243 1.31981 4.27895 1.77656 9.865 27.4861 9.65792 14.3111 92.4324 144.215 25.3818 1.91442 9.01508 4.68379 4.50352 0.0183302 393.413
-67.5967 0.558118 1.76444 7.47663 52.6602 66.6818 22.1097 18.9561 29.8455 10.8189 2.63264 3.45412 34.6411 11.3064 0.700665 1.06691 1.73545 10.0087 27.4861 5.99284 10.719 99.678 133.298 33.39 11.7069 8.88785 3.97355 58.4907 0.0290786 394.455
-68.2616 0.550583 1.69587 8.35186 60.387 49.1063 22.1097 45.9327 26.3633 8.69166 1.35245 4.37987 19.9088 8.79769 1.25602 2.16972 0.961754 8.54902 15.6194 1.354 12.42 113.725 137.913 41.1616 13.3846 10.0745 1.51412 9.731 0.0230414 385.864
-67.9509 0.611837 1.68252 8.23652 60.387 46.8967 22.1097 37.973 24.5552 13.5638 0.75797 10.0916 20.5248 8.14751 4.13573 2.86458 1.59031 5.54624 15.2721 1.86056 21.494 116.603 132.98 26.9451 10.8917 13.9058 4.50098 19.6928 0.00819461 380.849
-68.636 0.644914 1.70318 8.23713 58.2718 51.6861 10.7105 40.9168 37.1053 16.7693 0.75797 1.21721 15.9958 7.913 0.418757 4.2509 5.86529 2.48365 8.62712 5.92201 18.0224 127.288 139.838 33.3419 10.8539 6.31026 13.5894 11.6384 0.0110031 386.482
-68.9331 0.647506 1.7177 8.30231 58.2718 53.582 4.40357 40.9168 39.448 18.8374 0.995263 5.12614 20.8187 2.35744 5.30603 2.02517 7.91725 1.88046 5.55191 12.791 12.3581 121.594 139.251 17.6676 10.6226 17.2955 3.37713 11.6374 0.0225338 384.838
-68.9745 0.703689 1.64641 9.06097 57.695 53.582 4.40357 42.5162 39.448 16.8464 3.83834 4.99475 19.5825 0.186218 2.54959 0.952286 4.6383 2.93198 16.1757 9.26309 14.7509 116.039 142.648 29.75 6.47322 4.25611 7.35168 33.3814 0.00734326 387.461
-68.9745 0.704029 1.49253 9.03601 51.0859 54.6964 13.8327 32.3764 39.448 22.9449 0.640364 5.43307 15.1067 4.96706 1.79986 6.02274 2.04559 7.01796 24.3277 0.848591 19.0748 101.429 147.946 30.8979 7.8933 5.54683 34.1582 52.6667 0.0348963 392.307
-68.2623 0.698828 1.32851 11.0569 58.923 55.3044 12.9347 29.3227 32.9321 26.7548 1.94964 5.9845 15.8739 4.64445 1.09475 1.42249 4.18851 9.20014 11.7203 5.75221 9.19974 116.685 142.428 22.6761 4.4678 3.71987 30.4192 9.85311 0.0358193 390.569
-69.4298 0.71711 1.49047 10.8755 63.4063 42.8595 10.8925 49.6858 18.45 28.4591 13.233 4.7457 10.311 7.83917 0.26377 5.71581 3.11593 3.67046 9.16381 15.2107 12.7005 110.547 137.11 26.7174 8.82466 9.3301 18.8384 17.732 0.0294803 392.514
-62.6768 0.231685 1.61777 7.99467 63.297 42.8595 12.0584 63.4898 9.2611 28.4591 3.52431 16.3738 15.0004 3.74883 0.852441 3.88795 2.94294 6.84498 3.74984 3.88286 2.64792 123.751 149.83 18.4688 19.6157 5.70828 2.93522 45.6094 0.00700317 385.318
-62.1041 0.231685 1.62698 7.99616 63.2927 46.3838 12.0584 63.4898 9.55082 28.4591 3.52431 18.4928 12.6754 3.16291 0.186017 3.91447 4.36293 4.68717 5.13004 6.41621 2.13499 117.146 150.581 31.3904 12.523 1.29595 2.65887 21.419 0.00610992 387.057
-64.1238 0.325474 1.79733 7.30538 63.2749 50.3686 16.1529 31.6313 34.8074 2.34581 17.1679 10.6794 7.92624 3.63371 0.2841 3.03699 1.76101 11.8983 9.95137 12.2694 2.26122 125.32 151.798 18.3277 10.2096 9.97116 1.6167 34.5508 0.00877647 389.324
-64.7259 0.290264 1.72608 8.17694 65.0119 38.302 9.27946 28.1742 46.937 6.72751 28.5923 8.93451 8.98285 4.8669 5.33884 1.91897 0.216289 2.80813 3.25156 14.0237 8.49914 120.744 166.213 3.56182 6.59749 26.613 6.14741 31.3516 0.00313745 387.265
-70.9704 0.726575 1.75674 8.16745 58.2557 53.0718 26.7405 29.5423 32.9837 8.77011 15.6626 7.54297 4.44008 4.27878 9.63271 3.80217 0.32865 5.98183 8.38921 15.6684 0.889703 119.192 151.814 12.7999 21.0739 0.285155 16.9718 44.7182 0.00312604 388.183
-70.3856 0.721245 1.72681 8.19495 59.3251 49.7193 26.5991 27.0586 35.3021 5.70721 22.1152 6.42059 2.98271 9.17943 2.56342 5.15895 1.15957 1.97174 10.3577 13.7279 0.973498 121.665 162.719 6.2604 18.3623 4.0046 20.3572 24.9656 0.0019544 384.757
-70.7068 0.757043 1.66065 8.44787 62.2985 49.7193 20.9176 25.1113 33.0344 5.33209 29.5385 5.33537 9.52227 4.72371 1.82814 5.28538 1.44713 2.65493 12.9254 13.0348 2.96681 111.16 162.457 7.86947 16.5663 7.9893 14.7333 14.2467 0.0027276 384.382
-69.3931 0.652376 1.75759 8.18787 58.521 49.7193 18.5154 31.4347 47.4872 3.27505 7.91144 8.58166 12.9312 8.91558 2.3446 1.53369 2.6572 2.05961 19.6697 26.2416 9.62367 100.763 164.24 0.743826 11.274 10.9231 5.51755 10.6742 0.00340635 390.232
-68.832 0.721639 1.42937 8.21883 54.8667 51.7014 18.0045 25.104 48.7542 8.11119 13.0876 2.59537 14.0789 3.6637 2.21138 5.57492 5.03869 1.80302 32.6062 0.563565 7.72657 102.454 164.24 11.4049 20.1529 14.7808 11.8116 10.8677 0.020015 391.317
-69.6938 0.745838 1.62692 9.0947 48.8735 68.6239 13.1176 26.0859 38.295 7.52614 19.6764 7.62725 18.784 7.04528 2.51557 6.8691 2.20206 3.8006 15.7929 2.14144 10.5622 106.973 139.159 28.5706 13.2301 14.4222 9.79421 10.1903 0.0199729 388.166
-68.9159 0.73425 1.42335 10.4831 46.1023 72.6949 7.95549 29.0471 32.6303 17.2338 17.2745 1.80627 16.0891 6.7913 2.68769 12.1569 2.89979 1.67055 5.68304 2.14144 6.30844 128.695 137.086 31.8461 3.21595 13.3237 10.4855 20.5312 0.0152039 389.111
-69.5535 0.798946 1.53746 9.84352 41.233 72.6949 9.60309 29.521 33.2747 12.7538 14.3029 5.12683 21.1907 3.03079 2.0089 6.49065 6.05468 18.6326 2.28556 1.08427 11.6418 126.743 137.226 31.9547 0.709437 1.0534 8.94825 2.31058 0.0154964 394.416
-71.6359 0.932765 1.58359 7.89562 41.94 77.4259 5.64032 34.0779 38.6171 7.17916 14.5998 1.63117 20.5653 2.28149 0.873176 11.5921 6.54201 15.5548 5.18632 1.08427 21.4625 121.397 128.431 25.8654 6.18347 9.22062 8.98054 16.6924 0.00640613 393
-69.7804 0.759423 1.54739 8.47896 41.94 77.4259 7.24062 35.0941 33.3379 14.7803 5.25163 0.36826 10.999 3.03145 3.70192 18.1074 4.1389 14.0748 14.7806 0.939307 12.4993 118.188 139.664 11.6178 10.6233 22.0748 8.93576 14.6784 0.00503673 393.537
-69.7366 0.741539 1.63503 8.30443 39.8218 77.4259 3.42097 44.3648 33.3379 14.0013 2.68253 3.44013 12.6561 5.932 2.87511 3.83415 0.689627 10.0825 18.7236 6.8354 9.87705 120.461 139.664 24.6461 21.6731 0.343012 8.9486 1.21507 0.00464738 384.52
-69.5826 0.690465 1.59525 8.64455 39.8218 77.4259 2.23 44.2957 33.3379 18.0435 3.66513 4.60078 13.0948 7.86389 1.06512 5.0822 0.689627 4.43663 21.1857 8.2772 5.00628 121.584 147.854 14.0687 20.0899 0.594531 8.49364 27.682 0.0231502 387.288
-68.8224 0.646422 1.64853 8.11666 41.2676 77.4259 3.48857 39.0086 32.3325 20.9554 14.02 3.12509 13.6246 4.11833 1.62025 5.15085 2.58361 3.49504 17.2691 9.54546 7.21437 111.831 144.228 10.9872 23.2807 2.2842 8.58416 3.5844 0.00355321 388.56
-67.422 0.62269 1.52084 8.4444 41.6631 95.4704 3.16365 20.4945 35.0063 15.8692 20.9122 0.433357 10.2154 0.687616 2.17209 1.93975 4.39931 4.29716 12.486 0.678295 13.5404 129.628 139.917 19.6944 12.6367 6.45857 9.47609 4.56895 0.00949284 387.898
-58.4991 0.0118188 1.47454 10.2746 41.6631 95.4704 0.782973 9.68369 51.475 7.62199 5.3019 3.5922 12.5691 20.2338 1.68807 1.07246 2.20171 2.12618 10.9984 5.25638 2.60654 129.826 152.313 17.9075 2.02415 21.4083 6.84396 16.1327 0.00509523 391.727
-58.7194 0.0873193 1.53753 8.44691 41.6631 95.5413 4.33172 3.94115 47.8738 5.64768 10.1243 2.23283 9.81172 23.9845 0.935267 0.60582 1.59448 12.0424 12.1395 15.5094 2.38246 122.798 140.065 11.7811 10.8918 14.9888 10.5512 17.6128 0.00708768 393.106
-60.3407 0.137113 1.61183 8.18137 38.819 95.5413 4.83656 5.47452 50.9235 6.29992 14.9134 3.09517 4.85994 16.1313 1.03835 2.9071 2.4675 10.1011 13.0679 18.6067 4.47328 119.34 136.695 20.3795 21.0813 7.41553 12.2505 29.7178 0.0100407 389.24
-60.2213 0.0751256 1.50935 7.93054 36.9374 95.5413 4.83656 3.82049 49.2227 5.49185 13.8154 1.94882 16.182 18.5455 4.41141 0.853987 1.30133 6.7781 7.99406 18.1412 4.47328 135.693 120.493 25.0527 5.2306 19.8543 8.34256 25.8166 0.0100407 394.235
-57.9395 0.0214731 1.49043 7.8421 33.7796 99.9473 4.7358 3.82049 49.2227 10.1068 20.055 2.34644 15.3644 7.45125 0.190895 4.0742 3.23763 5.89458 12.0004 9.95246 5.74022 122.97 141.627 30.9984 2.54939 1.9435 12.4163 10.4997 0.0026767 389.871
-58.7429 0.0332617 1.5124 8.70295 31.5176 99.9473 16.8427 0.823586 48.7068 10.1068 23.1772 9.9739 10.0967 7.37817 1.40783 5.06603 4.13347 0.458484 16.0741 7.61808 5.74022 115.108 134.549 33.0683 10.5919 0.98622 8.75325 32.1872 0.0096421 390.771
-70.21 0.76959 1.58006 7.17523 31.5176 99.9473 9.59748 0.823586 46.4108 5.90493 24.2825 10.9921 8.29175 5.80844 0.207794 4.3855 0.466655 1.83493 22.9442 7.30853 17.1807 116.435 123.782 39.3774 11.7898 5.25684 12.3049 11.4154 0.00393861 393.214
-68.7158 0.689809 1.5814 8.1086 44.2721 64.7176 8.11768 38.3085 34.6118 13.0423 24.2825 2.36812 8.511 7.44228 0.811847 7.91155 2.40521 5.51058 8.75176 12.3193 6.70362 118.869 137.843 32.5968 12.0339 3.23167 14.7728 29.9813 0.00933834 387.616
-59.5239 0.16371 1.51078 8.44109 51.564 57.8652 15.9707 40.8008 30.0798 10.7725 24.2825 3.5908 1.56816 4.44742 0.548048 10.6835 1.76252 8.1899 2.26354 17.3963 7.44275 106.716 152.988 28.492 9.98001 2.69794 6.80775 10.8539 0.00441115 387.993
-59.7971 0.0640125 1.6585 10.346 51.2259 54.0985 13.6873 40.4129 27.5303 5.21975 16.345 14.0726 4.20236 9.54655 0.607321 9.18207 0.537993 1.83729 2.54296 26.2751 19.0496 106.191 155.143 16.0697 17.22 1.66809 10.7538 9.02 0.00414619 389.003
-60.9954 0.0783176 1.72725 7.74715 66.795 69.82 13.4945 27.4543 13.3885 3.80132 10.9983 2.8456 20.0191 9.3221 4.11916 2.89478 1.59233 0.77683 1.1133 31.1559 6.75521 115.254 161.705 16.6401 17.0607 2.89156 13.2742 4.22101 0.0104921 393.581
-61.7843 0.185236 1.62952 8.52683 58.2897 69.82 13.5748 27.686 20.5567 6.90105 9.79451 0.570652 1.35023 36.1585 2.61287 1.39832 0.845453 2.51012 5.8826 21.0808 15.548 121.95 141.049 10.6481 15.7927 4.01201 3.90549 1.82811 0.00692613 388.907
-62.5051 0.185236 1.69537 7.59271 50.551 63.9991 26.1036 32.1149 11.8865 5.83177 8.5619 4.17199 5.6674 28.1525 4.61283 2.03199 8.17059 6.39627 2.17802 20.8609 12.277 117.063 143.097 11.2591 3.1959 13.2497 14.914 23.73 0.0102662 389.507
-62.8314 0.185236 1.70613 8.01444 49.6709 63.9991 30.8811 32.2641 11.5542 34.212 8.17226 6.02262 3.72404 5.91691 16.0484 6.16127 9.31697 11.225 1.05232 8.36933 2.45367 105.568 143.848 26.9188 16.8375 2.27467 6.86459 7.09668 0.00133615 392.158
-62.114 0.154912 1.70849 8.10196 47.9039 64.5748 31.432 29.8767 21.3683 38.8342 3.37567 9.69244 6.56157 8.61399 13.2595 5.293 2.73985 5.65159 10.3009 11.8811 7.86346 104.692 138.962 17.5211 1.73532 19.9171 1.14856 8.29557 0.01343 390.792
-61.4944 0.0658559 1.73246 8.15369 47.9039 63.2167 35.8552 29.8767 9.4997 19.8271 8.64496 17.0481 10.5664 5.31851 12.6779 4.96036 1.30011 9.59994 22.5666 7.13536 17.5056 99.5412 125.736 26.3635 15.1638 25.5205 10.4673 7.65404 0.0078125 395.584
-61.4944 0.106524 1.88778 8.94151 47.9027 59.9936 32.4287 25.6019 24.5612 12.914 13.5117 6.83246 1.93591 4.28606 15.2659 6.17377 1.46501 6.91991 44.3052 3.05151 17.5056 91.0011 127.013 39.0736 12.9188 1.9509 10.342 50.0739 0.0203022 399.679
-62.4248 0.186435 1.75522 10.0739 47.9027 61.948 34.3943 25.7476 24.0588 13.7234 13.5117 6.33926 4.45267 3.25508 8.45234 5.28874 2.70821 4.818 44.3052 2.37147 19.7488 89.5945 127.228 40.8996 12.006 2.15652 9.94827 2.89562 0.00677436 390.207
-62.6832 0.234492 1.66207 9.34435 39.7905 77.666 23.2074 7.74067 43.9588 8.02505 14.4656 7.4592 11.3551 3.15587 11.7598 5.64557 2.71981 4.57242 37.6754 3.91568 20.2168 91.7117 130.523 28.6399 10.4677 14.085 17.1032 5.13442 0.0250289 392.146
-62.6832 0.244139 1.60032 10.4904 39.851 72.7014 28.9023 7.74067 38.5922 6.39026 15.6029 7.92506 3.98803 6.68852 15.4296 7.28193 8.43061 7.18146 34.9542 4.51478 11.6305 93.4584 129.724 30.1736 17.6112 4.83867 12.3409 18.947 0.00343617 395.817
-62.6832 0.29743 1.58943 9.97491 48.7577 64.7144 29.6747 7.74067 43.0245 8.35298 29.4161 8.44096 7.00084 4.94997 11.7851 2.94595 5.66021 0.226174 31.0103 7.31434 5.11273 98.3381 131.412 34.378 18.8208 10.0217 4.25213 21.8173 0.005177 394.252
-63.0468 0.269768 1.60609 9.40654 49.2635 64.7144 30.7203 9.81399 46.0032 0.482798 31.9108 1.8035 8.2449 11.0043 11.9844 0.638884 15.1081 3.58718 19.8633 3.14654 3.31562 112.575 131.255 13.1449 26.7884 15.5824 9.24381 5.16623 0.0061148 399.026
-64.8621 0.467082 1.52168 7.87438 49.2635 67.3628 15.1135 9.81399 25.7744 59.7837 5.5717 3.25844 10.8556 9.9025 3.75632 6.31038 10.1521 11.3393 16.7017 10.7619 3.31562 95.7148 132.141 31.4029 31.8956 10.3819 11.3596 7.45826 0.0136618 401.513
-65.1264 0.443715 1.58205 9.73762 46.0469 67.3628 24.4599 9.81399 50.19 34.6087 8.62044 2.91557 8.24041 9.69513 2.66201 9.02955 3.62098 10.6147 5.88044 3.15313 11.4089 98.9116 128.083 22.1159 11.2578 10.5761 22.0451 17.8515 0.0961421 400.489
-66.9972 0.531411 1.61601 9.9449 46.8738 55.1071 22.7622 11.9684 59.1748 32.3596 2.96954 5.31323 5.05271 2.52311 2.96659 17.8224 6.06605 11.1144 5.28976 5.6853 21.2995 106.206 132.788 10.3122 19.0049 8.32502 16.6483 70.0326 0.0712863 404.952
-67.1384 0.599913 1.61774 9.14863 42.7263 70.2546 15.1721 19.8971 45.6268 27.3026 0.993477 5.53458 3.80798 4.83662 4.43943 10.7792 0.927834 3.83207 4.29231 4.83385 35.552 106.754 139.88 25.4305 11.3285 11.4251 5.32238 18.3742 0.114535 392.152
-69.4479 0.654293 1.70551 8.14306 45.0247 75.4348 14.2009 10.7787 42.2162 26.151 1.26041 9.721 7.6798 3.65325 2.5648 8.82936 3.84111 4.94692 2.57518 7.82107 30.7043 106.363 141.473 27.8669 11.2915 21.5746 6.8459 6.71368 0.070512 390.471
-74.3603 0.954697 1.81925 8.05265 43.1341 75.4348 13.3868 28.8402 31.233 27.2217 8.67108 8.49972 2.97143 5.36996 2.70822 9.03533 4.19925 1.54339 7.01427 2.92549 31.43 93.528 168.552 2.62188 21.4478 20.7553 12.9217 4.80992 0.00374574 389.957
-73.8698 1.08722 1.6184 7.69336 44.7613 75.4348 13.8272 13.2543 41.6984 32.5661 7.65007 5.75715 1.38481 3.041 2.59083 1.48336 8.22497 2.38078 2.56744 7.7399 38.3887 90.2054 170.63 8.659 12.3377 5.02756 17.454 8.69987 0.0140373 390.644
-73.8698 1.04085 1.64703 8.25755 47.0676 75.4348 11.4701 16.7283 37.4969 26.889 5.88812 8.29635 8.81056 2.20244 4.20551 3.19802 6.62791 3.29429 1.55267 14.3622 25.735 90.2054 170.63 5.41929 13.0168 4.11248 20.0201 15.6293 0.0300222 388.745
-74.4843 0.990568 1.62209 8.85833 51.7617 75.4348 12.2689 11.2274 39.6344 20.8939 5.6122 8.38576 18.3201 3.10181 3.74805 7.07914 1.1108 7.03435 1.97229 7.38154 31.648 92.6623 161.587 4.47339 5.60434 8.12306 36.2527 2.45171 0.0652575 392.636
-73.1184 1.03693 1.53704 7.68781 48.3627 73.5849 17.0655 10.7125 28.4768 29.2926 6.6749 15.9999 8.04314 3.10702 2.53414 5.86384 3.47574 2.35677 11.9921 15.0589 36.1322 84.5203 159.729 8.41819 14.6346 18.4723 6.06248 5.50636 0.00266723 396.731
-73.6801 1.03693 1.66201 7.52229 46.2748 73.5849 19.336 37.4889 19.9323 15.5181 9.68777 3.0715 8.04314 5.72401 3.31627 4.8738 6.19777 1.56475 5.80942 20.2651 50.6677 69.2124 161.576 13.7058 4.93002 4.47135 4.3962 8.1739 0.0389276 390.022
-73.6801 0.967392 1.71781 7.64564 35.8486 84.148 23.2255 36.1664 13.1258 11.622 13.7865 1.31213 15.1199 20.3595 3.23028 9.64432 5.77154 1.93567 5.77115 12.6592 37.4621 77.7581 153.112 30.3338 4.93002 10.843 8.49306 52.0231 0.0055039 400.938
-76.0628 1.16011 1.63788 9.48775 35.8486 84.148 19.3168 37.4707 19.8612 2.05791 4.15605 1.73749 5.65349 37.721 2.89124 2.93983 4.76883 2.35733 1.42748 11.045 32.4486 110.027 112.462 26.4103 30.8193 13.8232 8.02032 25.874 0.00440051 397.418
-76.0494 1.03811 1.87801 8.01552 35.8486 84.7108 12.9938 48.8314 10.0181 4.84604 4.48566 16.4247 11.569 17.8896 1.55343 0.960424 4.98875 4.78028 4.82907 20.5198 27.3123 116.837 119.786 29.4649 26.7006 7.38168 7.04528 4.69416 0.034945 393.082
-76.0494 1.04134 1.79086 8.12436 35.8486 84.7108 10.671 48.8314 5.66961 6.94122 4.94715 17.0052 19.4855 17.9883 0.538249 0.487885 1.29533 5.867 0.586458 2.53195 27.6097 124.199 130.846 31.1641 8.15395 1.05165 22.4439 1.23165 0.0251112 390.861
-75.5902 1.04134 1.77068 7.90229 35.8486 84.7108 14.6859 47.3627 2.98518 4.07317 7.00967 16.7247 11.3136 23.7843 0.538249 1.89973 0.999112 2.56673 0.561779 5.68614 33.118 121.459 129.152 32.1392 7.53043 1.12269 17.4511 3.54604 0.0126893 388.223
-60.6279 0.12453 1.63766 7.93612 38.2369 84.7108 9.7131 46.4323 11.4779 3.27202 0.463815 14.7246 11.1915 22.6561 1.15271 0.850204 2.13695 2.50309 19.8198 6.40862 20.8849 113.141 114.72 20.7705 22.0302 18.0076 8.27227 4.68993 0.000456952 392.122
-60.6279 0.0661994 1.74214 7.8986 40.4092 85.6446 7.25126 46.6504 11.4779 0.516206 8.64533 19.3331 27.6485 14.1289 2.00219 2.44547 0.667515 1.97179 18.9414 13.5877 5.85412 104.697 134.593 29.5058 8.59906 8.80339 21.0685 27.8068 0.0251032 391.536
-60.6279 0.129753 1.65551 8.09663 40.4092 85.6446 6.97147 44.4842 11.4779 6.88954 2.66863 4.58026 17.2568 22.8807 1.54427 1.14971 3.54458 2.01909 12.1143 20.3347 8.43023 121.74 138.923 22.5125 8.97098 7.94225 3.2903 12.637 0.0142128 383.536
-60.6279 0.0868397 1.57348 8.68886 43.0006 97.6716 11.5278 32.6774 8.28699 10.654 5.06062 2.13442 21.4823 6.30639 5.83341 2.63032 4.3636 0.838774 15.0375 12.8745 8.35049 117.153 148.504 27.8846 7.34334 8.65983 3.52615 29.558 0.0294682 389.526
-59.3638 0.0764254 1.53078 8.78771 33.8252 97.6716 13.1816 36.9517 8.28699 10.9518 1.77348 2.68599 28.227 4.37062 9.05358 2.02045 2.32304 2.95972 16.4947 11.8409 9.78129 116.726 144.605 20.4511 11.7725 21.9196 5.16033 23.2899 0.00181142 386.471
-59.7229 0.0718065 1.57566 7.63417 41.8675 97.428 12.4582 32.0252 7.75254 12.0173 2.04328 6.72204 28.8804 5.61605 8.20571 2.71212 1.23352 0.204839 15.7694 6.81806 1.02289 124.285 147.949 26.3996 11.5737 3.25623 11.0632 24.3563 0.00236879 389.421
-59.7229 0.0718065 1.65534 8.32439 46.5877 69.3181 21.7232 44.9329 7.75254 17.2239 2.86639 0.880931 22.9514 1.68214 6.55937 2.33529 2.55223 13.1228 12.5753 2.85093 18.546 116.308 138.757 29.0189 7.03396 19.2125 6.25709 26.4254 0.00236879 384.849
-59.7229 0.11617 1.47823 8.41275 46.5877 69.3181 20.5629 48.4034 7.75254 16.7885 6.34784 4.82144 19.4653 5.63171 2.76893 2.28549 1.16775 2.53784 12.5753 2.85093 24.6213 119.338 130.63 33.5044 9.59434 10.06 12.3708 23.8135 0.0202439 383.07
-59.7229 0.11617 1.47823 7.87745 46.5877 74.6909 6.70815 48.4034 11.448 18.9874 4.37189 12.0497 10.6467 8.50779 1.42843 1.63706 3.79461 1.25527 5.80883 6.42678 29.5614 122.74 130.63 34.5407 14.4925 4.74563 13.772 15.2628 0.0216288 387.443
-59.7229 0.11617 1.47823 8.9359 39.7256 81.0903 14.7185 47.1798 15.9885 18.4553 2.8724 9.1699 10.2415 7.68803 1.94606 0.765216 3.51822 5.36867 6.25662 5.2878 22.0091 121.543 123.569 40.9095 22.0181 6.20117 13.9897 110.257 0.0621632 392.221
-59.7229 0.125411 1.51281 8.31245 43.0248 89.3397 4.83581 47.1798 14.4356 11.2068 1.00026 3.49446 15.842 11.1117 3.87587 3.161 2.12743 5.34242 10.9501 4.79139 22.4813 117.123 138.194 27.9147 18.0866 11.8851 6.36668 85.5042 0.0417238 393.699
-60.2679 0.1239 1.4921 10.174 52.8287 64.1228 4.69563 45.0526 23.1927 19.1768 4.35998 3.65003 11.2685 10.1567 3.09871 4.28068 3.33966 12.3083 6.95211 18.145 23.7044 109.477 120.193 35.7819 2.18034 16.7751 3.93706 68.1824 0.013996 395.163
-60.4501 0.0711209 1.57187 8.0189 53.7393 55.066 4.69563 54.1122 27.2799 23.6308 13.6586 0.914987 15.0864 0.381201 0.29313 8.28855 2.73274 14.0565 5.2929 18.1643 23.6542 103.914 109.199 50.0571 3.54231 27.6612 7.09747 16.8187 0.00585877 395.793
-61.496 0.0711209 1.65559 8.73727 84.6827 19.0977 7.9236 49.054 23.8655 25.7039 4.35478 8.81968 21.0375 3.63153 4.09677 4.66536 2.02865 13.2758 8.80654 17.4815 18.3205 92.8818 135.298 29.1773 8.50843 19.2127 1.18167 4.2324 0.0168208 393.987
-60.0501 0.0711209 1.68121 8.25378 74.7257 21.0923 11.4045 59.6574 24.3118 26.8537 2.77269 10.5893 7.50102 2.23606 4.00263 3.93862 2.51761 1.09854 3.39801 15.1463 36.115 93.9206 146.106 31.8567 5.06331 20.3702 7.88352 9.7763 0.00436488 384.619
-60.0501 0.0711209 1.73635 8.02893 74.4581 24.9276 19.237 58.8032 7.3007 30.8186 11.9976 4.86492 6.70365 7.546 3.16469 1.43354 0.887529 1.66294 3.81885 10.5117 37.5957 92.1058 149.287 42.902 9.12175 8.85056 6.03522 26.0211 0.00245593 389.063
-61.6905 0.170947 1.71158 7.83754 72.4658 25.5352 19.237 58.7028 8.31918 31.2834 10.3413 2.88791 8.49214 8.55822 1.61139 1.27061 2.53143 3.74118 10.9555 6.67239 37.8628 92.1058 137.112 40.4619 2.39867 12.2851 5.15174 4.0656 0.00628193 385.543
-60.0471 0.0792339 1.70718 7.90888 80.63 10.8969 27.1782 66.8315 10.3747 25.2898 24.4952 0.895783 3.3768 3.86891 4.76932 2.10958 4.60567 0.603455 14.5856 10.9276 18.3663 99.6488 142.852 30.6804 3.26559 18.9591 1.32715 4.64698 0.00395629 389.498
-60.0471 0.0905017 1.70735 7.98761 80.63 6.51063 36.7574 47.1142 27.2628 28.1762 17.187 5.91026 7.56764 5.77643 9.67679 5.68065 4.86323 0.603455 11.5721 9.7369 10.1842 93.6139 128.551 21.6214 34.3505 14.1634 7.11234 22.1291 0.015852 399.009
-60.8005 0.0928991 1.68557 7.03304 80.63 26.6233 17.7054 38.5388 34.412 17.4517 0.662887 13.5585 1.83598 5.27716 13.9961 2.9455 5.76298 3.74271 10.6222 3.7141 34.727 104.582 121.568 34.0706 26.037 3.9678 7.99453 5.26443 0.00305146 398.167
-60.6496 0.0659508 1.72654 8.08272 74.1388 22.8008 15.5119 37.4503 40.1958 12.029 2.24598 3.05339 5.6936 5.38057 7.03937 1.5707 19.7761 3.50636 21.7483 1.46469 20.3562 104.794 129.918 32.2609 24.5432 7.89789 13.8311 1.04649 0.0114545 397.857
-60.6496 0.0621572 1.72572 8.06752 75.0322 27.4553 14.1232 49.6094 30.1918 1.95914 11.486 17.2719 14.6238 1.80773 2.40065 0.460734 9.63779 3.40673 19.2412 0.656311 17.29 111.06 132.888 49.2736 7.25847 2.90204 21.7494 0.614853 0.00944913 389.091
-62.0714 0.0621572 1.8555 8.1927 64.7713 30.6449 14.5578 45.5057 39.2586 2.08542 2.92925 11.4616 18.8609 5.54775 0.357825 1.03789 5.21459 7.83168 23.844 7.64881 22.4183 103.62 144.645 17.7728 26.7607 11.5237 0.367134 4.13959 0.0154092 392.588
-61.1219 0.0621572 1.85245 7.78077 70.473 27.5832 18.0879 45.0329 32.6715 4.83758 8.83252 8.0641 18.8398 4.43443 0.380625 2.97208 2.4928 6.53869 24.9629 3.36713 18.1377 106.329 142.37 12.5951 17.6421 9.89916 18.9389 4.8673 0.0133761 390.035
-61.1831 0.0621572 1.67453 8.52147 65.4299 29.3436 19.3188 60.3693 23.2323 8.61964 10.8596 7.03936 15.2921 6.11499 0.810215 1.60494 5.32983 7.8774 7.38608 23.2553 6.23618 121.465 129.339 24.5795 8.9948 9.20992 25.1952 7.46312 0.00879549 387.646
-62.8005 0.195577 1.71228 8.44588 63.518 43.2431 19.8528 48.9026 20.268 18.8814 15.8974 4.54599 6.30024 3.61558 4.24544 9.81176 2.32163 8.13542 7.22429 17.9193 10.8944 106.607 134.374 35.3641 3.35016 11.7703 18.0979 12.035 0.00537496 387.198
-61.5835 0.208579 1.64704 8.24946 58.9646 45.5618 18.9246 53.8717 15.9779 30.1069 16.2254 6.02317 5.95729 5.13728 5.94041 5.60705 2.37845 4.807 12.0785 10.813 6.55864 103.411 136.859 42.6783 4.22162 7.25246 3.44447 13.4116 0.0301607 387.033
-63.8441 0.326753 1.65051 8.28097 56.2113 54.244 26.4273 48.6642 1.6233 16.8751 14.8447 11.8503 6.01812 5.9566 4.12364 5.87236 1.55945 9.0311 11.8267 10.0007 6.55864 114.732 140.739 28.3675 3.4746 14.667 9.6296 20.4834 0.0289235 384.26
-63.1515 0.351096 1.62571 7.89012 47.7593 62.273 25.2246 49.9291 1.6233 7.90658 16.3304 20.9012 2.04543 17.095 5.17666 3.66667 7.53336 5.22887 5.49287 2.28457 3.60132 120.005 139.327 33.518 3.58086 10.643 17.9516 8.41461 0.0246457 389.792
-65.0174 0.340455 1.67203 8.39668 43.3309 60.705 29.4368 58.554 1.6233 20.3267 6.85683 15.4208 6.33527 8.20812 1.02418 2.51005 11.3997 2.31586 7.06841 2.42355 9.40271 111.834 152.308 30.8277 10.786 1.37431 9.7711 36.8577 0.0123935 393.127
-64.8065 0.402099 1.61825 8.56943 47.107 60.705 29.2154 46.36 1.6233 7.55607 11.9249 5.61208 7.6472 15.5938 0.998215 2.75527 15.4139 3.46462 5.55622 1.24327 18.3999 130.006 138.889 25.8508 3.14145 3.18012 12.5012 26.549 0.0099552 389.463
-64.7374 0.395822 1.56544 8.74356 31.3873 94.9559 26.576 14.997 14.7436 5.92398 6.84637 18.7259 9.21171 5.02272 0.382432 7.60538 12.0822 5.28068 2.22605 2.47691 22.4323 136.294 139.9 17.8931 2.65777 7.70236 17.9672 10.2617 0.00199004 390.59
-64.8238 0.437966 1.62548 8.3197 33.9024 95.9633 23.4677 30.0697 14.2594 2.72629 3.82922 17.0765 5.59224 4.37311 2.74548 6.93404 9.13451 3.21599 11.6045 2.43832 29.256 114.256 140.126 20.5265 3.64438 9.31495 43.772 8.96829 0.00663834 387.579
-65.9777 0.446991 1.68702 7.5881 33.9024 95.9633 15.7748 23.8775 15.1079 2.29802 4.74143 27.5361 17.0825 11.7366 2.42667 10.351 0.477547 7.54188 6.20685 3.01406 18.4424 111.088 154.666 8.83795 5.28218 6.96617 14.0959 12.0712 0.0307497 387.386
-66.9267 0.51457 1.72024 7.71063 30.8357 95.9633 4.04062 34.725 25.3117 15.0441 7.11258 3.81572 14.8503 6.09151 2.80062 4.17123 9.41597 1.03974 33.2464 6.2349 4.03282 110.372 146.838 16.1895 5.39036 16.1278 7.69502 14.7252 0.0116806 387.728
-67.5682 0.543782 1.65598 8.28688 30.8357 95.9633 3.57979 31.6886 29.4337 17.9096 2.20208 10.6961 21.0829 10.3644 4.99008 2.42383 8.28688 0.851888 32.0694 9.01424 7.47893 111.11 127.172 22.2932 13.3393 20.0018 3.39054 5.35967 0.00800457 394.511
-67.5376 0.580117 1.77696 7.86114 38.1632 82.8987 5.26889 23.6801 43.6523 20.5704 4.58253 19.1016 9.8604 6.17175 0.994366 2.24405 0.203779 3.91224 19.4177 2.5635 5.22346 114.108 156.985 15.1168 2.34004 10.816 24.169 11.4135 0.0239579 385.763
-67.2384 0.562154 1.51445 8.49943 38.1632 85.5134 8.00171 23.6801 36.7211 19.9321 4.46791 14.5974 4.35213 8.94909 2.29118 1.83784 3.82535 0.545415 14.6814 7.31245 5.11616 116.04 166.824 3.2618 16.3392 10.6059 15.2397 0.581645 0.00723203 385.25
-66.6307 0.516923 1.62713 8.32243 38.1632 79.9842 20.6692 43.0751 5.85499 12.0337 6.92108 21.78 6.71384 0.946293 1.9195 6.493 7.17095 7.44277 15.6958 4.65079 1.46078 114.356 168.743 4.43467 17.0085 12.3167 10.3431 32.0704 0.00857548 387.19
-66.5196 0.560845 1.56536 8.26589 49.9487 68.1256 23.5117 42.5161 6.84718 10.708 5.41102 25.7495 5.90681 2.1693 2.76015 1.48306 9.14802 7.65586 13.4685 6.46972 4.72626 116.222 157.725 11.3372 10.5901 13.4306 6.07748 30.1243 0.0254493 385.005
-66.2192 0.513776 1.58165 8.48757 49.5447 67.1233 23.162 41.1393 13.3951 14.1801 8.9097 20.6831 3.69898 5.64639 1.32962 4.9345 5.23964 8.23517 11.1814 9.66988 5.90163 102.81 161.447 17.5701 6.45056 14.2835 7.54142 36.4353 0.00249544 383.349
-65.6339 0.452917 1.69968 7.99033 54.4769 49.9365 18.5574 46.3481 19.6558 0.812094 5.36369 16.2346 19.9561 5.25935 2.29654 1.15277 4.38466 14.3596 16.8083 15.4384 12.8517 90.075 155.253 32.2462 9.46092 4.89175 2.60656 54.0121 0.0427266 395.095
-66.1321 0.489369 1.67364 8.83394 48.8675 58.5782 20.0008 54.0126 25.4471 7.70787 8.0053 6.14389 5.77466 4.13233 1.44543 4.37432 6.07425 13.7898 19.6558 9.93935 12.4422 94.41 145.198 35.4028 5.15972 7.93261 10.959 51.2186 0.0101464 393.889
-64.9333 0.428599 1.66147 7.94478 48.0169 69.0967 4.79244 54.1371 24.9603 6.81948 7.35531 5.71909 3.85776 21.4603 3.4304 4.52114 5.7904 6.85209 20.2874 5.14427 7.97592 122.426 139.801 11.8925 9.94486 12.2963 7.59457 16.9397 0.0134814 386.276
-65.9537 0.484404 1.5922 7.85814 47.5577 66.922 4.79244 52.2091 22.0483 10.2291 4.55921 8.35368 2.08725 12.7376 0.726474 4.42263 16.3333 4.29818 13.062 9.41324 3.4434 119.448 156.887 11.8925 18.4569 0.846226 9.09104 11.7942 0.00119915 387.503
-67.0617 0.541783 1.69925 7.73402 47.5577 73.5707 5.33463 52.2091 23.4308 10.6189 6.05238 11.0972 4.11864 13.2244 1.12098 4.10662 13.513 4.88438 1.22702 6.72712 8.34037 114.99 163.449 10.4388 18.099 7.24299 7.70321 5.92417 0.00795057 387.084
-67.0057 0.564466 1.58545 7.88386 47.5577 67.8541 9.30218 52.2091 25.524 8.54717 6.94812 8.90829 4.94144 13.7982 0.0597884 0.320662 6.12143 10.9242 4.69348 5.99076 2.57659 123.27 154.828 33.3625 4.23135 9.34562 28.4874 12.5815 0.00405437 389.464
-58.8594 0.0389642 1.69898 7.89258 47.5577 67.8541 9.30218 52.1157 21.4845 18.0263 3.18592 10.0417 4.53316 3.88178 5.11305 2.5018 8.06631 11.2798 4.69348 16.8524 6.29837 110.417 158.344 5.15004 2.93889 14.515 33.9194 15.0313 0.0112754 387.455
-59.8059 0.0389642 1.5832 8.70077 46.9354 67.8541 10.3806 41.1563 21.6098 10.1735 5.64429 27.5922 7.99719 6.53518 0.145557 3.66759 4.55272 10.3324 5.93448 3.33932 3.02609 122.846 164.734 5.45707 10.4378 12.0157 19.8422 27.8366 0.0173314 387.101
-59.6924 0.0389642 1.60322 8.63661 46.9354 73.7481 10.3806 48.9693 19.0488 12.1264 3.36616 10.7918 5.28789 4.3882 4.42391 2.4903 1.58816 11.4637 8.50365 3.43457 25.2275 103.741 159.944 14.7047 6.70813 19.8664 3.89229 34.9698 0.00967035 386.696
-59.496 0.0389642 1.57605 8.43659 46.9354 63.212 10.3806 60.9099 12.9547 10.2291 3.29707 16.7196 3.67732 16.6804 4.18023 2.35449 1.65979 1.68734 9.6945 2.96806 24.1789 101.578 172.005 9.67894 8.90764 19.6474 7.19473 14.6747 0.00669395 385.209
-58.5603 0.0389642 1.49684 8.71189 42.1048 73.7407 5.97925 60.9099 7.225 2.22664 4.89019 14.8526 1.89494 19.3404 3.75301 1.8524 5.90855 3.73742 11.3674 9.92286 23.1668 110.013 164.03 4.00746 12.2508 7.69002 17.495 31.7981 0.00609618 386.907
-60.3593 0.0434695 1.59742 8.66278 39.8969 74.9434 5.34853 60.9099 7.54156 9.51017 5.18914 13.0401 7.71925 5.48253 3.17298 3.44559 12.2503 12.6153 5.81738 0.953881 18.0718 111.384 164.536 16.1721 19.1044 0.588225 17.7211 0.560887 0.0114572 391.353
-60.4659 0.0434695 1.6681 8.66431 39.0597 79.8004 5.34853 60.9099 2.87559 13.6741 6.35196 15.3543 1.6139 8.01925 3.14367 2.58882 11.3633 2.01344 5.43799 16.2843 23.6814 107.286 153.633 20.0917 0.507879 1.49365 15.4758 2.10072 0.0150208 387.574
-60.4659 0.0682238 1.67054 8.664 39.0597 79.9965 5.34853 48.7113 21.1014 14.0001 6.80761 11.2968 1.79821 9.21649 3.03852 3.66293 5.75754 5.29359 6.27721 18.3609 17.1235 108.626 151.031 13.6338 4.55131 15.1313 7.28869 45.3516 0.0215369 388.669
-61.0997 0.121028 1.69057 8.00102 42.0654 81.0014 5.34853 47.8355 25.8293 5.2999 6.80761 3.62432 2.15609 16.6471 3.55501 4.17195 2.03113 7.43802 6.02531 17.4512 18.9003 117.604 142.284 13.891 9.91837 24.7529 8.64768 25.0742 0.00333316 387.085
-63.4989 0.225714 1.89444 7.70067 45.6274 72.6314 10.1773 42.8036 18.2495 6.78757 8.04816 14.8144 11.3049 18.7775 4.07495 4.45952 2.13847 0.959011 4.53413 19.1315 18.1394 104.076 145.297 33.344 9.37093 18.405 5.44713 14.4938 0.0028105 388.646
-63.4989 0.147238 1.83599 8.30537 43.0631 75.8341 9.1067 44.6582 18.5196 8.19912 4.18098 15.0963 8.74337 14.9476 4.97006 5.60486 2.07295 1.38226 5.75776 13.9908 20.278 102.203 151.215 35.8444 4.4751 20.2708 13.6554 16.5717 0.0262946 388.937
-62.8768 0.224697 1.77234 7.94993 48.4798 69.8637 24.134 37.8552 9.34336 7.35147 16.7642 19.225 4.72659 10.6747 4.26604 0.27865 2.73717 4.90784 2.75741 6.57756 19.485 117.94 139.269 38.6352 7.19045 9.23261 11.7454 31.3832 0.0315093 383.957
-62.5829 0.173581 1.82757 9.48954 43.1988 73.7918 24.134 37.8552 6.66422 4.53023 17.5104 18.6873 4.58076 13.7462 1.86457 1.10972 2.51343 17.3345 1.24712 14.8542 9.23557 116.516 140.82 25.7952 11.0789 5.6089 10.4154 21.3363 0.0182813 386.777
-62.3945 0.276556 1.58432 8.40989 45.1873 68.694 26.4599 38.9805 10.719 3.84771 13.386 18.7699 8.63625 5.06875 2.84735 8.644 2.10402 5.9823 16.1601 5.37529 14.9711 114.56 136.629 27.0649 8.21945 3.4613 6.61272 13.6523 0.0246956 382.133
-62.502 0.215782 1.61171 8.68946 40.3614 68.694 23.9777 44.039 5.7675 2.08413 10.4529 14.2526 13.6614 9.90061 1.66532 5.23192 4.75028 3.78129 17.2948 5.37529 12.7529 110.751 166.842 23.2276 9.79433 8.95759 7.82584 7.98075 0.0106569 392.248
-61.8404 0.245204 1.60028 8.21675 40.6583 78.4805 24.4385 39.7639 11.7372 0.864424 6.87835 10.5238 22.3164 4.17235 3.39193 0.809323 7.82802 4.69833 11.607 5.35714 8.43259 113.982 163.722 10.4752 17.1924 7.23016 2.53604 11.2872 0.0211577 384.902
-63.7594 0.238303 1.64408 8.14052 40.6583 72.989 18.6944 41.4105 16.3293 0.958081 13.4759 8.4718 33.2652 3.8118 0.196205 0.937189 0.290113 4.99306 12.5384 2.11903 9.11657 116.079 163.722 8.58978 6.65792 1.62861 8.86454 19.2373 0.0253042 392.194
-62.2472 0.162359 1.61994 8.51274 44.832 73.8389 18.6944 41.4105 15.3758 2.17518 11.9131 4.2233 33.2652 3.8118 2.29038 2.22018 1.01331 2.69731 16.3498 4.38458 8.39874 111.894 169.138 3.82843 2.86307 18.5019 19.9471 19.0569 0.00313274 384.449
-62.5106 0.221344 1.63378 8.39655 44.832 71.1326 15.7378 42.8622 15.5602 3.91337 8.57945 4.42819 31.0737 12.3598 7.73542 2.56374 9.62956 5.38982 1.77517 7.30174 15.9958 97.641 165.491 1.1214 8.22354 22.4816 17.6237 14.3214 0.043323 389.197
-62.7021 0.231828 1.70518 9.11916 44.832 71.1326 16.9553 52.6602 12.1724 2.58146 11.2886 5.38712 28.1866 7.57204 7.67509 3.07653 4.71625 2.52741 6.53198 4.83054 17.2483 111.841 166.079 5.69951 7.61125 9.35077 4.0279 10.8327 0.00887522 393.439
-62.3665 0.0640423 1.83939 8.0912 46.0365 74.8622 13.6551 33.2987 24.1059 3.63704 16.2928 9.00556 26.185 3.4589 7.47905 3.95209 2.46595 5.90049 8.70595 4.61051 16.7337 106.741 155.134 7.00764 8.4726 27.5154 9.89198 10.2377 0.0338193 395.005
-60.0712 0.0640423 1.49219 9.19156 55.5495 70.0456 12.7689 33.1402 17.4945 19.3551 6.117 4.30714 37.9914 1.6603 7.92812 1.71486 2.80709 6.08969 14.9195 2.88852 8.57057 107.995 139.09 21.5606 13.9519 12.9065 4.64343 2.25112 0.0130446 392.338
-68.3318 0.704687 1.58371 7.8042 52.1738 67.7654 12.7689 39.8142 10.4979 10.8037 2.72569 7.42417 41.1639 1.6603 7.92812 0.226764 1.03271 6.95954 14.9669 10.4406 8.09331 111.619 136.488 43.5434 18.8229 16.9534 1.29584 9.03105 0.014566 395.568
-69.2971 0.723873 1.59005 8.4851 52.1738 58.9958 18.4018 53.4824 12.16 8.25114 1.9993 9.73522 29.4319 4.71002 4.08862 12.5183 0.538094 7.6406 12.0573 8.6455 14.2912 101.439 136.72 29.6313 21.2277 8.20582 0.936381 9.58021 0.0175936 388.111
-69.2971 0.723873 1.58667 8.66087 52.1738 58.9958 9.73983 45.117 27.8398 15.7751 5.28677 1.90339 21.301 7.73589 0.964192 3.01471 2.96945 6.17718 9.393 3.59534 24.4533 104.882 140.571 41.2909 7.74333 10.438 13.5333 6.39552 0.0155147 382.869
-69.2971 0.723873 1.62686 8.4316 52.1738 57.4823 10.3513 43.9895 27.3486 22.5127 5.97747 1.90339 31.2852 2.99577 1.64247 1.23208 2.19856 1.14643 5.84203 3.21662 31.7589 104.882 139.072 42.0343 5.38883 14.779 12.0864 15.84 0.0153279 387.249
-69.7356 0.723873 1.60339 8.51773 50.7092 56.173 13.7902 43.9895 24.9344 5.75975 5.03976 18.7965 30.7506 1.84959 3.69104 4.26826 2.72769 1.14643 1.47371 3.21662 51.3348 94.867 135.607 34.2366 3.69329 7.80458 11.667 12.0984 0.0140723 390.582
-69.4183 0.723873 1.4954 8.80209 50.7092 57.7283 5.50262 61.0053 27.2036 4.84107 5.55998 21.758 5.06136 0.736022 3.29057 7.48548 4.54373 2.6445 0.822104 3.21662 54.1427 94.867 135.767 36.1762 3.45151 19.3571 7.48041 3.17928 0.0290013 392.406
-69.7854 0.723873 1.6867 8.08574 54.1834 57.7283 12.7478 49.4916 24.8547 3.62869 11.5577 19.6176 9.4718 3.13884 4.85148 2.60195 3.62953 12.0066 1.95078 4.50222 40.4563 95.5374 141.524 20.7455 11.46 21.3208 8.48243 3.01918 0.084673 391.302
-68.6654 0.705805 1.59661 8.04241 53.6463 57.7283 23.886 58.251 9.04311 11.4547 16.2556 14.7167 5.20583 7.5589 2.98922 3.95907 3.67918 3.46063 1.27404 4.50222 30.7352 112.588 132.369 21.4369 8.23898 18.5067 23.4736 5.71928 0.0895659 392.432
-68.3147 0.686681 1.53545 8.5881 53.1768 57.7283 33.1614 38.7209 7.26449 13.6735 10.6091 5.68506 6.79048 11.3333 5.00033 6.61408 2.22124 3.80682 8.0926 4.50222 30.2539 119.858 132.568 27.5478 15.9098 12.2096 3.43715 42.0596 0.0087528 386.598
-68.3147 0.640538 1.52203 9.01055 47.9186 47.384 17.0118 43.3443 28.354 26.0682 12.7572 2.34183 4.85756 10.6298 1.93044 8.11426 2.70253 4.00968 28.3669 6.079 1.58553 116.131 140.932 17.938 16.9086 16.858 26.6235 82.1608 0.00116002 398.219
-67.7943 0.640538 1.59006 9.49707 54.3485 59.6722 11.6618 26.8784 42.157 23.3907 12.7487 6.79715 6.73241 6.52067 1.88445 4.24497 0.570959 0.786254 7.81811 16.1386 4.70909 117.718 133.118 41.7277 9.04001 0.853238 4.35172 60.1185 0.0126922 391.387
-67.7943 0.670703 1.47611 9.53729 54.3485 59.6722 13.0024 23.7277 45.236 13.1338 9.87572 6.79715 6.36149 10.996 2.71154 4.94239 0.570959 0.731776 7.81811 28.1528 3.41645 117.718 133.458 33.5487 15.9676 5.27419 1.30698 26.6097 0.00992626 388.206
-67.7943 0.670703 1.44546 9.51004 54.3485 59.6722 15.1765 19.6655 44.8483 11.1487 14.417 10.8256 3.03085 11.3431 2.19483 4.03947 1.58087 4.57058 7.00773 19.2636 6.06268 117.718 153.074 21.9725 4.73297 6.61874 13.163 22.5776 0.0141434 386.617
-69.4402 0.670703 1.55997 10.6273 60.3481 59.6722 14.5922 24.8472 38.7273 6.99152 6.57652 16.5916 5.19144 10.7214 1.78337 6.94869 11.5739 2.27076 4.63982 21.266 3.76935 108.46 150.124 13.5283 14.1968 11.5649 10.2092 66.0789 0.0188779 395.214
-69.4402 0.705125 1.58554 9.68202 51.0817 60.6359 14.5922 25.7489 43.4837 4.17447 4.91548 27.7307 6.27187 6.36039 3.34578 4.68086 1.33188 2.06812 2.63871 15.9195 4.57375 128.318 147.076 18.3934 14.7421 5.12593 10.398 35.4164 0.0176891 385.545
-69.4402 0.637124 1.83225 7.60501 51.0817 60.6359 4.67528 22.4305 61.2755 5.5978 5.90556 18.2057 14.8752 4.67625 0.0385125 1.03466 1.00321 8.30935 2.63871 13.9429 10.1765 128.318 133.879 33.2227 8.29545 5.10872 5.22393 47.4134 0.0199019 387.273
-70.9568 0.635813 1.87103 7.9874 51.0817 60.6359 10.4656 24.6971 61.2755 7.62751 1.41555 12.1893 5.49801 8.46268 2.45231 1.1391 2.47826 12.0157 8.97997 10.8796 8.21574 128.318 124.722 34.771 12.6935 9.84647 3.55404 43.5876 0.00999487 389.52
-69.5629 0.729677 1.7086 7.36663 49.9638 64.0067 10.4656 25.4019 64.1579 2.61137 6.4265 12.8284 2.57482 4.43596 1.76587 3.96056 0.873609 8.28342 8.97997 16.0504 9.16481 127.577 118.106 51.8795 1.0055 7.9017 7.34584 23.3779 0.0366686 387.973
-70.335 0.70291 1.68085 7.79876 48.2831 64.0067 10.3667 29.0123 52.9052 5.39502 8.89095 17.8059 3.23941 4.71983 2.27047 2.31858 4.39562 7.18009 9.4799 7.50725 6.24024 127.577 121.593 49.034 29.7279 6.79284 8.75809 15.946 0.00369691 390.926
-71.1995 0.690091 1.86898 9.36041 58.438 47.1171 10.3667 24.275 51.4497 7.18416 2.58016 15.1542 14.6793 14.9347 0.588625 4.32522 3.41053 1.78781 6.9888 16.1857 5.12575 124.047 121.011 52.5867 2.00179 16.3724 9.23448 14.0941 0.0137511 390.765
-68.5991 0.673116 1.59893 9.45947 54.8473 50.442 10.761 23.1434 51.4497 3.63342 3.75143 16.9008 6.68914 22.1351 4.75945 4.44821 2.38876 2.72363 17.2249 7.85571 6.99613 124.047 125.439 41.8731 6.60198 17.0932 1.18532 20.7697 0.0244605 388.146
-68.5991 0.647249 1.5854 11.0388 59.2011 49.8074 10.2518 19.3564 51.4497 1.96978 8.22651 21.631 1.73208 31.5003 5.92366 4.45279 1.49735 6.73143 1.18639 5.43765 10.5484 131.528 116.882 41.7844 6.75571 15.9036 15.8698 13.8003 0.00198613 395.262
-67.6132 0.594011 1.63425 9.42537 59.6073 36.3003 6.73522 16.4415 75.1051 7.18023 9.27743 15.1353 1.73208 18.0206 2.03016 2.34466 1.72267 7.24732 1.15352 0.67953 24.8736 131.528 116.952 48.8291 3.61282 8.01413 1.76772 5.74436 0.0112758 388.855
-68.1865 0.511409 1.76991 9.27474 59.6073 42.6612 6.54058 18.6321 75.1051 12.043 8.67767 11.111 1.89103 9.91544 3.05917 1.34118 1.33224 7.63425 1.23612 13.7496 9.2816 131.528 120.909 53.1417 1.44499 3.32575 10.735 21.205 0.0178299 386.348
-65.2097 0.517491 1.46214 10.1842 57.4829 46.2098 6.54058 15.312 75.1051 17.4668 8.64832 8.19932 0.816679 10.4391 0.461276 5.71233 1.88657 2.37234 8.60076 13.042 5.45083 138.683 105.473 56.9851 7.28544 3.4493 8.28362 16.3659 0.0136841 386.007
-66.5458 0.556428 1.48707 8.70697 55.6275 51.7954 14.2726 18.5216 70.7921 9.46206 8.72568 10.049 2.93944 2.22412 9.44438 3.80238 2.77351 3.27493 13.6557 13.3821 17.7692 139.171 75.1209 65.9378 2.89897 3.50311 13.9704 25.1646 0.0262534 392.17
-66.7363 0.509285 1.61092 8.09121 53.4298 55.3278 12.8562 15.5528 60.3197 14.7229 3.58852 5.79144 11.2608 14.6334 4.6363 3.64942 1.38806 15.3388 6.2264 7.11875 7.88174 129.731 88.1046 59.8914 5.40212 11.3932 16.239 18.2237 0.027454 390.343
-66.8284 0.558273 1.58198 8.62942 49.0184 61.9402 13.3787 14.2847 65.4392 5.56794 3.13634 11.2612 20.5394 11.0285 6.65671 2.05789 4.32596 13.1934 0.558891 7.79644 11.2054 129.731 95.3641 67.9384 5.33063 8.75645 1.46063 7.28404 0.00786541 388.94
-66.6504 0.607806 1.50433 10.9046 49.0184 61.9659 15.2833 4.74088 63.3731 13.2877 2.50451 10.5436 19.7824 3.32557 5.65194 0.899825 0.898243 7.2717 0.539741 8.80661 24.7147 125.871 95.3641 68.4301 14.3932 0.552955 6.10558 24.2624 0.00839839 393.768
-66.5901 0.536788 1.53812 10.7796 43.7297 64.664 14.7837 5.87524 64.735 1.96775 7.8863 4.25717 24.8838 16.0975 0.596887 1.73104 1.18274 3.92346 7.30834 8.3242 9.34512 127.544 122.785 42.1082 5.55024 11.5721 4.56216 1.31637 0.0219412 390.288
-66.8039 0.560605 1.56947 9.65444 50.5838 64.664 15.0056 9.08254 58.0442 1.9499 14.2957 5.48446 24.4459 10.4744 1.99661 2.30108 2.66612 1.54227 8.34036 9.20699 11.2224 135.325 120.116 32.3571 6.6705 8.86983 6.14118 1.66556 0.0487247 388.529
-67.6124 0.602603 1.52394 9.37248 50.5838 64.2035 8.98751 10.1104 58.0442 2.17912 10.3992 10.2829 18.2953 10.7356 1.99045 1.0936 3.29365 3.02799 2.08992 11.1572 10.4084 161.382 99.9158 32.2067 7.17334 7.05092 33.0166 4.39965 0.0547356 394.716
-67.8347 0.651995 1.52264 10.8953 50.5838 64.2035 8.98751 4.141 62.4529 6.23206 3.7101 8.57061 17.7769 12.126 3.21539 2.16312 8.34829 7.92312 6.33048 7.78959 16.933 123.633 116.628 25.9022 6.37636 3.17687 64.0232 22.8317 0.00845606 395.335
-67.8739 0.623845 1.60203 9.53144 54.7837 43.1766 19.1503 25.4132 62.7891 12.2829 11.4967 5.7143 7.02168 4.38763 1.16282 1.98889 7.59748 3.56226 9.97509 2.24019 5.41621 149.639 122.54 17.5256 5.87919 6.84865 18.044 17.922 0.0250324 390.991
-69.1008 0.701046 1.45152 8.59548 70.9209 42.9083 19.1503 23.9058 36.687 25.7576 3.17622 1.33958 7.6113 2.26419 2.19691 2.55091 1.01552 5.78555 14.7943 1.45448 20.176 140.714 115.82 22.8601 6.12621 9.60137 5.85803 26.3768 0.0318189 401.359
-70.3563 0.800458 1.6832 9.52369 59.2865 42.9083 13.2739 30.1995 53.0204 20.8358 3.25601 2.52199 11.3276 7.51053 2.06722 10.8166 2.96333 1.89486 10.979 1.17252 11.4023 128.23 130.36 29.8545 2.75824 13.5065 20.7006 9.55145 0.0307288 388.693
-68.6364 0.684961 1.71148 7.36967 59.2865 46.2882 20.4768 29.9376 53.0204 16.0597 0.602168 4.77239 3.36082 7.94879 2.12707 7.5641 3.81718 7.18503 14.3161 4.5002 9.02474 128.241 136.865 25.1821 11.5656 12.4804 14.7278 9.82786 0.00379014 390.493
-68.1735 0.631122 1.71275 7.66101 57.5273 44.0853 16.1453 28.0247 41.5078 17.6175 22.8525 6.42787 3.7413 6.32789 0.496887 1.64019 5.6994 5.90708 18.4056 8.18178 7.8132 122.061 136.396 17.4702 8.52741 7.81904 13.1459 43.9625 0.0363847 390.429
-66.5221 0.509246 1.79982 6.23865 64.1267 44.9311 16.1453 29.9494 43.3864 25.2568 10.546 7.25637 1.86873 5.48744 0.420291 2.1195 5.6994 2.46469 11.6951 7.70974 17.096 115.5 141.474 35.6879 3.80177 5.67189 20.0491 17.9016 0.00936909 388.555
-66.5221 0.481021 1.74464 7.89997 67.0175 41.1415 16.1453 31.4387 43.3864 23.3476 2.28512 10.9068 0.869684 5.48744 1.34908 2.40715 3.1968 1.98027 7.9338 21.9762 15.1448 112.498 135.397 41.6905 8.98037 2.83069 6.31505 13.0598 0.020513 383.512
-66.9505 0.441532 1.70471 8.15381 63.2322 45.6154 16.1453 32.0006 40.9438 21.6034 7.68723 15.2424 3.26344 3.03167 1.86943 1.72743 8.15751 2.87012 9.68997 20.1639 9.00653 108.661 134.157 39.0715 20.2549 6.597 12.5974 2.65192 0.00499699 389.167
-66.0705 0.431453 1.72696 8.00431 63.3853 38.3357 12.2964 28.9877 50.0327 13.5013 1.96266 20.4943 9.5864 2.6238 2.65431 1.86134 6.08141 5.71924 10.3415 23.8845 47.2238 68.5343 154.729 13.0227 10.9823 6.17796 12.3647 22.6484 0.0018506 389.665
-65.494 0.356639 1.76805 8.01971 62.0493 43.6928 12.2964 26.6806 51.7118 9.86023 0.68284 19.5886 12.1643 5.40841 7.70348 1.21192 3.82715 0.461852 7.23109 35.2782 24.9138 62.318 175.331 3.72512 24.3761 9.72422 13.5679 22.6484 0.00176866 391.558
-64.4353 0.289162 1.7352 7.91093 31.6468 49.2393 5.95117 25.3902 78.1245 8.96525 2.91647 24.2891 10.1076 9.02874 1.09771 1.68355 1.69739 1.04903 4.2633 34.9664 28.6254 67.7867 176.114 10.0271 3.09634 5.80436 11.4753 32.399 0.011288 397.98
-65.0738 0.375738 1.6727 8.35507 31.6468 53.0013 5.95117 28.5357 76.5858 2.2413 6.10703 23.8733 9.12601 14.0211 1.11896 2.412 4.90187 7.4144 8.82537 12.8328 59.9089 67.7867 147.334 8.44144 4.98444 9.29757 16.2264 38.8781 0.0155432 399.067
-64.7981 0.381027 1.70571 8.14543 55.2847 35.8417 3.43111 22.8305 76.5858 1.8144 20.2014 17.0662 7.78293 5.93237 0.718178 1.54506 6.01999 1.26437 13.4073 6.13148 59.9089 67.7867 156.002 15.9621 2.71284 2.84799 48.3944 8.1944 0.0224491 392.872
-63.8184 0.343224 1.72139 8.08932 66.8012 35.8417 3.43111 13.1884 83.0603 5.87063 19.351 16.0509 8.67339 1.21164 0.248294 1.54506 2.28584 3.43595 10.9273 7.94457 59.9089 65.3279 161.07 7.94778 9.37906 13.611 29.0534 3.20614 0.0192801 393.356
-63.6434 0.331053 1.66291 9.54004 75.8509 13.6942 8.78601 8.9522 83.1623 13.3314 19.0621 16.1491 2.67308 5.15172 0.577203 1.12635 1.38809 3.00915 14.5978 11.7384 49.0323 71.9458 157.588 10.0438 18.9807 3.45131 16.4474 9.29266 0.0263828 389.646
-63.7954 0.253885 1.71382 8.83962 80.6218 10.0485 24.9808 12.7359 71.2354 3.41218 15.7168 6.23797 13.5718 2.5885 5.59561 4.19263 0.808309 4.84698 26.8974 4.48141 36.8055 77.0263 151.666 5.74902 20.0418 6.85644 23.894 18.8298 0.0069738 394.615
-73.9054 1.03969 1.69998 7.77736 73.2829 13.7193 17.9689 21.2057 75.7845 4.23677 14.5283 8.12802 17.7366 3.24084 5.50051 3.71371 2.02061 7.36885 17.0505 5.49579 42.7904 53.4779 179.797 5.03025 10.0476 7.50764 23.6449 72.3307 0.0121713 397.825
-68.9151 0.63616 1.69257 8.38763 68.5172 24.8172 24.2183 6.90297 68.677 4.23677 19.5484 0.403508 21.3118 8.63913 4.69049 9.34842 1.24956 6.70843 15.998 4.43417 42.6895 53.4779 179.797 5.28116 1.79613 2.22693 35.7378 10.4717 0.00846279 394.456
-69.1074 0.63616 1.69257 8.4888 71.0444 25.8692 41.4417 2.69508 58.4232 9.41677 18.9268 2.23076 9.83334 2.92909 5.85555 16.1906 0.598627 2.89844 9.57682 4.7328 41.467 72.1554 178.236 2.09614 10.4649 12.5458 11.3281 19.1524 0.0200464 395.618
-69.2737 0.670624 1.68317 8.43433 73.1117 25.2488 34.5461 7.81994 58.4232 7.63844 20.6058 0.186786 18.6414 3.94218 4.54115 6.23442 1.21242 3.60408 15.7731 7.44893 39.2221 68.8606 166.246 8.52061 20.0012 4.78993 7.69247 30.7541 0.0060374 389.191
-69.4299 0.687859 1.67327 9.29492 72.2875 17.944 42.8028 17.9971 48.7125 7.75459 15.2254 4.07715 20.4387 6.6189 5.64766 2.81708 1.42153 1.43697 15.0644 1.25943 31.0228 86.3554 165.749 0.870779 34.4045 1.94643 14.1833 7.53342 0.00230571 393.869
-68.7813 0.687859 1.5796 8.8989 73.9067 17.944 55.8872 2.25102 45.3022 16.2366 9.04921 2.15857 10.3067 5.86762 1.40803 4.75925 7.40243 1.35795 3.43161 27.864 39.4248 79.0707 165.749 0.870779 15.8604 0.793513 9.54794 2.38377 0.00709533 394.841
-69.2813 0.732821 1.57 8.13775 76.1836 16.4305 53.9208 3.71742 47.5933 20.7834 4.75439 2.16633 11.4659 24.9768 4.89103 5.513 1.57363 5.32076 2.08733 17.9368 24.9582 79.0707 162.009 0.870779 9.73315 14.225 20.5519 19.7586 0.00255713 390.685
-69.8832 0.732821 1.59304 10.1133 77.0098 14.5175 49.1339 10.8329 53.5243 6.8623 2.19357 4.47961 12.9129 18.7174 8.28897 4.14261 1.36777 9.6762 2.32571 27.4412 18.3724 87.816 152.572 3.65559 21.199 9.36247 16.6859 6.18129 0.0161474 394.151
-73.1598 0.935045 1.60032 10.271 77.4655 6.47105 52.6004 9.87853 48.4989 12.4946 3.57117 5.77998 4.31818 18.1992 1.13029 2.05824 0.852175 18.7496 14.0402 20.331 16.8043 104.407 116.796 40.5284 26.7029 10.8961 11.9442 38.3392 0.00355565 397.442
-71.9881 1.01428 1.35896 10.2538 76.1565 7.36972 51.2256 9.87853 44.8561 17.7583 3.03759 24.7698 5.4985 11.1021 2.15154 3.2003 5.24194 19.0521 19.1811 7.6826 9.3649 89.5532 137.156 27.4773 13.0331 12.0056 7.36005 31.3906 0.0749477 397.251
-71.9389 0.934731 1.53672 7.77514 74.9581 19.1953 46.9145 9.87853 36.9159 13.9282 9.20618 21.7004 3.21204 14.3032 8.65504 0.776099 4.10496 25.459 19.6822 10.0825 4.12862 90.4402 137.156 32.641 7.60839 1.72954 23.0652 20.0945 0.0234605 395.732
-66.1986 0.467623 1.64317 7.96024 69.7283 25.8089 47.5107 12.0233 29.8419 4.23884 17.8169 24.3984 6.385 10.8389 8.26338 1.25625 7.69339 18.6635 19.6822 7.84745 11.8544 86.0599 148.225 25.1266 12.864 1.65203 6.58466 11.7648 0.0787452 393.214
-66.1986 0.508367 1.68981 7.82514 74.4111 19.2768 45.9277 12.0233 38.9624 1.09827 14.9514 23.188 7.74089 11.7897 4.34448 6.66383 5.4487 16.9859 12.4713 11.445 13.0047 85.435 150.354 21.531 19.9078 3.70033 5.30967 13.008 0.0288893 389.26
-66.9615 0.504961 1.70529 7.97696 76.4994 19.9839 43.2789 9.04332 37.3507 3.4954 9.77714 22.6056 5.82726 25.3275 3.97275 10.8788 9.47065 7.37448 6.83654 9.05517 13.0326 87.3958 150.33 16.6484 19.6217 3.79929 17.3419 27.4128 0.0398713 394.775
-66.7657 0.487742 1.69843 8.20565 72.5233 20.7428 31.1405 9.04332 55.0717 5.21494 5.79533 23.5435 3.05719 23.1158 1.70693 9.85403 7.24734 4.34954 12.3316 9.44587 16.0847 93.864 156.644 8.17172 13.9606 9.2158 14.9449 18.5268 0.0583181 389.501
-66.3738 0.468193 1.70878 7.55166 72.6453 20.7428 55.8931 13.662 36.2451 6.97955 5.47665 9.59179 4.27714 24.0347 7.98787 7.62139 2.4418 6.27906 8.17735 3.93823 5.64987 117.199 151.365 5.61384 6.52694 5.97508 24.4889 27.5097 0.0107454 385.274
-66.3738 0.457927 1.77281 7.19518 71.2106 22.8024 49.1593 12.4096 43.6169 15.9123 9.10078 7.05326 2.11557 19.159 8.87167 2.55365 5.15254 4.87449 6.79954 8.70516 7.24075 109.536 147.323 18.1993 10.1936 14.7862 17.8527 21.8846 0.0180576 387.034
-67.17 0.503248 1.60989 10.0192 72.0638 21.1867 27.0485 4.36893 62.9138 12.1164 8.69765 8.55749 4.59469 20.9308 6.78162 0.48765 1.61278 5.60964 4.42575 13.6787 9.01225 118.805 160.359 11.289 7.20449 2.78749 16.8563 10.914 0.00454455 388.177
-67.17 0.507099 1.68694 9.76711 73.5298 21.6485 31.8198 4.36893 61.108 11.7852 9.96653 10.1414 5.50203 19.2298 7.81724 1.3461 2.07982 3.18416 5.68576 7.35776 14.1027 114.186 156.91 10.7613 16.9066 3.71276 16.0475 9.06813 0.00454455 386.214
-66.1814 0.516043 1.61078 10.2389 74.0284 21.6188 32.6124 4.36893 73.6711 13.4484 8.40607 6.1965 6.13609 3.31616 12.238 4.40778 4.81384 4.35774 8.72432 6.3172 15.8442 104.829 152.383 6.98657 13.3305 12.2639 24.7607 22.6216 0.0374984 390.977
-67.7503 0.546947 1.63552 10.789 74.0284 16.7165 31.5129 4.36893 60.0363 7.83274 12.5476 13.4099 8.71784 3.26291 0.613093 4.21695 4.60809 9.1524 15.0825 8.17722 23.8037 95.7801 155.749 16.3776 17.2481 24.4031 16.2858 6.61741 0.0220654 396.332
-66.7707 0.559459 1.60053 9.3801 73.0915 19.5687 40.4227 13.6224 50.1974 23.2933 6.43042 17.2296 3.4048 9.09695 1.26691 2.84875 14.8169 11.0933 4.27434 6.56037 21.5188 90.692 145.193 11.8844 13.1648 6.45244 0.925389 11.0893 0.00470912 392.21
-65.1599 0.404977 1.55311 8.90347 73.8023 23.4439 40.4227 13.4563 47.5576 22.3812 2.72586 6.2239 6.30234 11.1669 1.26351 3.21536 1.20621 3.59399 26.4867 2.6234 19.7335 90.8277 169.971 7.80719 15.795 3.68305 3.79949 20.1446 0.0068707 385.929
-64.2663 0.306272 1.67243 7.97912 79.0098 13.9092 35.0074 22.5156 53.8008 2.588 3.1938 6.479 11.8763 13.8423 2.42113 3.68366 4.6776 4.54736 30.5167 7.5765 10.3949 90.8277 160.579 22.4711 15.3662 3.98874 4.42949 24.2803 0.0223482 387.024
-60.8286 0.127044 1.67282 8.30849 76.6269 16.5361 45.8648 18.9707 40.6369 3.0191 8.82254 20.213 8.02462 11.7932 0.425646 4.29276 5.42266 7.9141 26.438 4.13226 14.9453 83.3571 153.748 22.9592 15.4038 7.73631 11.9381 22.3691 0.0379873 388.595
-60.4654 0.0923677 1.76304 7.80596 72.4933 18.7981 40.2719 18.9707 40.5795 4.08181 7.10177 17.1323 21.5625 14.5828 0.729071 1.14559 1.5562 8.41471 19.935 14.1997 26.1648 70.4104 151.838 25.4714 15.4532 8.23023 5.51686 16.6714 0.0367836 389.499
-72.4108 0.890415 1.69821 7.66272 84.4465 12.7357 41.6819 18.9707 40.5795 13.8028 4.1629 21.6067 1.7782 8.54628 1.54154 1.83483 1.32917 2.14122 14.194 11.909 29.463 83.1266 155.055 22.3491 14.9279 9.62848 8.40061 34.3587 0.00909051 391.76
-70.9157 0.793035 1.76734 7.84301 85.6601 15.9076 29.9519 18.0712 44.9736 17.6912 0.813514 26.6348 14.5413 5.68971 5.50379 2.62278 3.70505 4.41472 12.6789 14.069 18.2866 73.8729 170.903 26.7343 4.33143 4.70222 12.1574 9.29371 0.0105171 396.349
-70.6645 0.696527 1.75235 8.17348 74.0611 15.9076 24.9201 26.2754 51.1695 0.274228 7.4519 25.2909 14.3819 13.9349 7.62146 2.76016 4.66415 4.30555 8.60787 19.9879 23.1937 77.32 154.58 18.9905 13.7581 6.81919 9.37398 41.3812 0.00474414 391.119
-70.6645 0.753174 1.65533 8.11224 76.0524 17.8037 26.5252 8.91326 67.2666 9.2337 2.25366 21.7871 14.9491 9.94304 1.26119 2.05474 9.30661 4.51263 0.545976 25.7379 14.7161 95.4009 137.335 33.4958 9.86186 4.87905 9.95829 17.0745 0.00747329 389.635
-71.6671 0.832244 1.62803 8.03372 76.6222 16.9459 19.0437 9.21299 66.4425 15.3184 1.74125 10.9278 11.8857 13.9834 2.20573 2.18239 5.68436 8.30792 4.56237 20.15 12.0398 102.552 152.996 16.8261 4.31701 19.7377 14.9237 23.7469 0.00344669 388.367
-71.2404 0.832244 1.74371 7.85044 78.5295 15.2705 26.5525 9.21299 66.4425 15.1145 9.8861 4.28726 11.0638 10.061 1.68311 1.15838 6.94803 2.35926 10.9393 21.1459 22.847 96.9966 140.919 17.8876 14.4859 9.67 7.41011 41.9787 0.00498699 390.152
-70.3976 0.724715 1.7306 7.80808 82.6798 5.94509 22.5975 19.9012 72.7277 21.0952 6.62481 7.8278 7.2176 1.81332 1.02974 1.30453 0.907579 5.05792 7.36591 27.9314 29.7382 89.1545 138.278 28.0497 18.5275 10.672 0.814905 2.00605 0.0144477 387.682
-69.5613 0.724715 1.67022 7.99446 85.3519 7.98541 27.5943 2.69239 72.7277 24.0277 2.86004 10.6487 4.96825 2.38504 1.24394 1.05195 1.71539 5.34458 3.61343 45.1463 23.9714 90.8044 138.278 17.0032 23.728 4.49017 6.36522 18.5227 0.00675382 389.461
-69.775 0.700315 1.72937 7.94726 76.9362 18.3414 32.8017 2.69239 72.7277 8.0117 9.8273 16.2088 5.63162 13.3406 1.06867 1.22077 2.23011 0.821404 7.54621 30.2255 8.0313 97.5805 162.84 6.77075 21.1218 4.59216 6.14124 5.06651 0.0009458 388.423
-69.8441 0.62848 1.86553 7.66336 74.1523 18.8974 23.3909 2.69239 79.9068 2.43033 8.73367 17.3569 2.26889 18.8689 0.572919 3.44923 2.18784 2.69167 5.98339 33.2307 4.19318 104.711 152.415 10.7767 18.1937 15.7527 1.37306 49.7439 0.0246803 392.232
-70.7279 0.700893 1.79727 7.86068 70.8745 23.1807 15.3423 8.70057 78.8022 0.928598 7.82151 12.0622 2.53736 21.1667 0.657264 11.3027 1.1248 2.84187 9.80889 27.5305 9.45132 102.944 154.266 13.0341 19.2561 12.3118 2.61717 9.75154 0.0271249 391.476
-70.2832 0.745528 1.68086 8.43739 69.0833 24.1072 12.8866 4.64238 91.1936 3.3064 8.96347 2.36725 8.67701 17.1459 0.878027 10.3236 1.6783 6.69884 6.1749 14.0311 11.5377 98.8604 160.534 19.491 6.01125 4.98661 6.19368 22.5868 0.0162514 385.189
-67.2707 0.515361 1.72235 8.93676 71.9388 18.2692 28.4033 53.3764 20.5346 3.08901 12.038 3.82941 14.642 18.9805 2.51575 1.93633 1.91771 5.38678 6.98224 32.1821 19.7684 93.4135 145.203 23.4793 14.227 4.78507 7.60323 4.0142 0.0136965 387.36
-66.4808 0.44808 1.77385 7.99217 80.6991 25.0317 30.513 31.1781 14.3354 4.8373 11.7576 8.2392 21.0157 15.2984 2.20374 2.80645 2.72728 1.83275 4.80816 10.4666 19.7104 121.836 136.901 40.9011 21.9944 6.28773 5.40348 6.11381 0.0158551 388.732
-66.3981 0.498966 1.69152 8.23942 82.5181 25.6529 31.7867 40.7422 10.1634 9.93945 10.448 15.116 6.16155 14.6793 4.6359 1.2949 3.99937 3.52625 6.66641 7.47033 14.6036 122.348 132.108 48.4493 1.61043 10.1328 3.81038 0.254883 0.0145228 385.959
-67.052 0.512195 1.81218 7.85635 69.6523 34.5772 37.6383 37.09 10.1634 7.71547 16.3116 15.2208 4.4049 17.4812 3.38484 6.01809 3.92737 7.99383 12.5986 4.63406 7.12908 114.87 137.613 28.695 8.13589 4.85873 7.32383 31.1628 0.00442902 388.021
-68.5783 0.616439 1.71443 7.11013 70.0542 26.2333 38.0227 24.8534 30.8224 8.67957 17.6464 21.658 5.467 11.3012 2.79502 6.34883 2.38519 8.97351 7.04359 5.08947 8.55391 102.016 152.661 22.1629 14.9629 3.79166 10.1299 17.4635 0.0063464 389.623
-68.8029 0.63838 1.73985 7.55615 73.1294 19.9324 38.0227 32.2489 22.9781 11.6155 25.72 21.2005 4.87629 9.05593 1.76219 2.38181 2.40736 13.0831 5.59663 6.5633 2.19853 104.378 142.605 36.2723 13.3304 2.84484 27.9937 3.50498 0.0116569 390.456
-68.8029 0.659735 1.68686 8.27959 71.5219 18.8018 31.0771 52.5863 22.9781 5.07834 15.4997 17.409 3.33358 8.14105 1.68146 2.15763 4.64564 7.47451 6.8674 3.4577 25.6468 100.237 158.856 9.59066 8.30793 10.3934 37.7433 2.19009 0.0201038 383.992
-71.7855 0.796137 1.72274 7.80486 72.0092 25.8352 32.6692 53.6189 9.65853 5.39961 11.2836 24.3328 2.17775 10.4335 1.25893 3.66181 7.95951 7.95522 11.7766 0.949996 22.4695 103.094 158.813 4.49029 6.63936 4.75021 52.5015 26.8506 0.024159 392.199
-72.3326 0.796137 1.84733 7.68605 74.2606 24.5058 22.9734 64.9708 8.09572 10.5244 6.29024 11.1126 9.34166 13.2619 1.38582 4.91926 8.74441 10.8136 7.60654 2.19423 25.5765 91.21 164.874 16.435 8.88984 8.84998 1.75908 6.45817 0.0219982 388.812
-74.2489 0.958038 1.78077 8.0669 74.6758 20.6939 22.2996 69.2202 13.6825 5.23072 3.40358 11.662 8.54173 11.8619 0.853352 3.73615 9.15692 2.62476 12.1129 5.43512 29.2871 98.3582 153.94 27.4614 4.83739 17.1074 4.07893 2.29452 0.0756849 390.551
-73.3379 0.958038 1.636 9.71724 76.9744 17.1888 9.98943 69.2202 14.182 4.42453 8.33973 8.20402 14.6362 18.4559 0.853352 4.51264 9.87277 2.46785 2.69826 11.466 23.1367 107.542 152.874 17.5867 4.49473 13.3469 7.21342 11.5591 0.0157236 387.548
-70.7278 0.844054 1.64632 9.99597 76.9744 16.9043 7.92831 57.0887 31.5523 12.9032 11.8477 12.5679 13.0085 3.75235 0.853352 4.64974 8.16118 1.95876 5.07306 10.687 20.0764 109.192 153.18 7.53542 6.4314 10.795 25.325 18.0451 0.0139504 388.043
-71.3221 0.825725 1.72554 7.81261 77.9691 16.9043 35.7382 54.6138 9.84675 11.3611 11.0064 20.0165 7.23149 3.07688 2.17773 2.97924 2.29554 1.48765 5.80262 13.5887 22.0926 108.531 158.423 7.29599 30.2213 4.69581 4.49125 4.73296 0.0192802 383.432
-70.8345 0.825725 1.67462 7.30473 78.6757 13.8279 45.9096 42.3507 9.36263 9.16596 17.3992 10.9827 14.5659 9.58394 2.20597 7.62952 2.57808 3.38559 4.55141 0.71397 9.34926 120.185 169.138 1.52197 5.11 14.4483 4.55309 10.7604 0.0219671 389.177
-70.8345 0.754263 1.75534 8.5675 69.1623 26.0744 56.3943 32.9413 5.16612 2.43252 14.1535 11.7826 20.5232 6.50016 4.37571 9.48949 0.517436 6.25685 1.04005 7.92158 9.52894 118.03 169.705 8.5892 6.5865 3.28053 2.86581 8.24524 0.0328905 391.97
-71.0097 0.811657 1.68595 8.14754 71.3517 20.7808 61.2085 32.0735 3.1133 14.7512 3.30649 5.44229 18.3851 6.15585 4.32428 1.46952 9.59902 3.48939 9.96867 21.2396 15.3915 99.6422 151.532 26.0872 0.898972 18.6221 1.66329 6.37361 0.0339669 388.274
-70.8929 0.819833 1.69179 8.25669 73.2173 25.3296 64.6127 27.52 7.85333 14.7512 7.19345 7.34276 7.05223 10.0392 0.848874 9.1525 1.62617 4.4956 7.87911 20.5397 13.3541 98.7142 164.082 10.0563 14.2331 4.42902 9.47194 18.9437 0.0252397 387.025
-70.8929 0.748444 1.69137 9.85208 70.9293 21.0098 73.2625 25.9446 6.03502 11.5203 7.57722 8.92628 14.9298 7.92276 4.31072 2.72881 0.801348 1.89781 9.99179 23.5436 10.6923 91.4412 165.887 10.0563 2.49782 7.30861 11.9533 4.54381 0.0395658 389.778
-70.8929 0.791872 1.75158 9.1022 78.2043 17.0232 73.2625 25.9446 2.70374 6.02333 4.90791 22.1243 21.7606 3.12644 0.332708 2.8295 1.28349 2.67685 16.3684 22.8906 19.6412 82.4497 160.266 14.4957 9.60227 14.2974 1.24945 23.0564 0.00874143 392.178
-71.1103 0.839364 1.65589 7.92539 66.6809 2.29066 73.2625 43.4265 6.39127 9.47411 10.9613 22.3229 21.7606 3.83359 3.2574 2.57191 1.22809 6.30083 13.6003 25.9351 8.25599 77.3547 161.198 21.8333 0.967403 13.8788 1.83027 14.974 0.0242702 396.471
-71.7332 0.839364 1.62082 8.72678 69.764 10.1675 73.2625 26.2325 7.27177 6.80037 10.415 24.4683 22.5903 4.62624 4.04921 2.98823 0.831735 12.7896 17.46 16.0413 9.07587 79.3555 161.198 10.675 19.1923 2.15479 11.7132 10.0987 0.0051995 391.871
-71.7865 0.87049 1.66561 8.08971 70.6182 16.3311 80.2004 26.2325 7.34608 3.87445 12.9736 12.0715 6.80143 15.142 1.81995 1.59992 0.550368 4.14065 9.83283 18.3642 7.22693 96.143 170.555 3.51924 4.61592 5.66223 47.5765 1.9842 0.0024756 390.939
-72.2429 0.880419 1.66467 7.32645 75.0536 17.2143 80.2004 14.4681 5.91647 5.48102 2.93763 1.96022 14.5261 33.1552 1.6636 1.45828 0.93144 4.85233 4.34953 21.7159 5.53163 107.561 165.513 5.1568 5.57069 16.6469 0.547737 5.9653 0.00201433 386.467
-72.1836 0.904932 1.65849 9.79512 71.993 17.4888 96.4152 5.83018 2.89958 5.54597 0.654777 2.59436 13.8753 31.1405 0.185321 1.5928 1.01158 12.3542 4.54749 21.7159 0.662263 105.228 165.513 13.274 4.42965 13.7778 12.9853 8.14932 0.00196318 387.877
-71.9089 0.930133 1.60743 10.2242 71.8168 16.5944 96.4152 1.17721 4.88348 8.16184 0.944959 7.03995 8.49737 36.3109 0.185321 5.21059 2.21156 8.06842 3.37357 10.7845 3.41985 105.228 179.75 4.61919 5.78249 16.6859 13.9524 46.0887 0.00217872 395.65
-69.6169 0.621275 1.77534 8.72685 69.3424 9.84016 93.8223 6.43038 11.2787 18.9804 5.1851 7.984 12.0442 20.0243 4.87423 4.94745 1.34377 4.25116 2.6976 9.90137 5.44192 98.9051 175.083 9.85777 5.99689 22.5547 9.34323 41.2592 0.0237036 394.306
-59.3064 0.150734 1.33182 8.95601 64.6763 10.7437 107.534 6.43038 4.92074 13.6755 5.06917 10.9221 10.5961 16.4377 1.91601 4.14267 2.9451 3.04384 10.6957 4.51771 7.44491 105.236 175.083 7.03388 21.0389 24.8242 6.35158 59.207 0.0633661 403.364
-60.2619 0.108495 1.53873 10.7606 70.7426 19.5028 101.181 3.46269 7.22137 16.8019 12.6852 2.03098 1.31176 7.95308 3.40304 1.94038 2.13522 1.78317 14.8835 12.2462 11.816 116.7 154.303 10.2508 2.88005 4.47958 23.3103 61.8473 0.0620067 394.098
-60.2619 0.151456 1.61144 7.09175 78.9435 15.7658 95.1206 3.46269 7.22137 9.16296 10.17 6.20665 7.27167 10.0745 1.46787 9.73164 3.13801 1.70601 14.1422 6.10775 8.6418 113.805 148.387 23.6083 4.96845 21.4862 22.5791 3.12265 0.00520386 390.966
-61.7226 0.191628 1.63175 7.57409 73.3267 25.2457 92.3633 3.46269 7.22137 10.8675 7.38187 2.15479 5.74688 12.3439 2.18807 6.98805 5.52478 3.18316 17.2296 7.6937 10.1899 117.921 148.387 10.296 8.99293 21.1067 6.87765 26.1493 0.00196125 385.564
-59.9949 0.121892 1.49982 8.32789 68.3962 28.2023 73.5409 2.02257 12.3325 10.0882 9.42397 3.22217 15.8851 14.7372 2.06905 9.8839 5.96473 3.9767 5.57639 6.96718 7.46313 119.146 150.546 27.8251 12.7674 1.41459 19.4512 20.3643 0.00147015 389.078
-61.2402 0.179799 1.58333 8.30306 71.1743 28.8628 71.451 2.44917 11.9764 7.5085 5.8693 14.1705 12.8181 16.0902 2.81457 1.87376 8.31311 3.80995 7.60212 17.7067 11.1093 108.264 148.421 27.8251 3.66531 12.8201 20.3326 22.5186 0.0324146 386.563
-61.709 0.258752 1.41778 8.59943 69.7064 31.1885 85.4896 1.92857 8.97549 3.35923 3.59456 17.4286 11.6795 2.35359 2.33385 2.49955 8.1763 11.589 7.04569 13.1394 7.52186 113.286 147.998 27.8251 3.65383 5.77647 27.106 25.4314 0.0296474 389.216
-62.6404 0.207972 1.7376 9.1952 70.0456 26.4048 67.424 7.65869 17.7438 4.38596 16.1584 10.6678 1.3203 15.6814 3.05911 3.90608 7.70075 4.52286 6.90107 21.5604 2.118 114.538 151.986 13.7441 11.0189 12.2075 21.2391 58.2425 0.0143542 390.097
-65.269 0.419823 1.66089 7.95719 71.6349 31.1875 63.1497 7.62147 23.6725 5.71632 6.5949 5.86479 3.65719 4.88862 4.06096 2.75304 14.7755 5.03102 5.26196 31.3704 2.1642 116.099 151.507 16.8226 20.1065 6.27337 20.8938 29.9858 0.00179837 389.77
-63.8609 0.380962 1.59809 7.74125 65.7418 41.8391 63.7179 9.9885 30.2195 5.40578 13.1652 6.01374 3.74102 5.57643 1.43715 1.88552 0.126298 1.05264 19.2312 13.8573 11.6424 106.754 151.507 16.8226 8.89941 20.4817 19.4311 31.2078 0.00891178 389.664
-63.2134 0.380962 1.39001 7.71715 63.3809 39.8289 20.2559 54.3628 23.6761 13.0888 16.9896 0.873603 3.02903 6.11045 0.126122 7.11422 6.88085 13.1549 7.91523 13.2666 10.4575 102.217 151.507 17.8936 7.02308 6.96192 16.9495 35.1654 0.0102737 394.768
-63.0676 0.380962 1.41853 9.04085 57.8209 42.5741 26.6669 47.1228 18.8669 19.6919 20.6359 1.26729 5.91111 9.24904 1.29911 6.84478 8.33467 15.0004 5.1255 20.5101 4.74637 91.1183 158.128 18.1498 4.30594 3.31175 34.1707 37.6968 0.0430022 395.539
-61.146 0.176131 1.55474 10.7006 40.7786 47.7818 50.5829 48.3129 14.7093 19.5379 9.0801 2.74093 2.71113 7.43331 5.54028 0.969995 15.7643 10.9773 3.56738 11.6175 11.169 105.021 146.527 11.2755 11.6727 3.34337 31.7347 19.8644 0.00887148 398.081
-60.7608 0.165653 1.47165 10.6192 40.7786 45.2754 46.7411 48.3129 6.13655 17.2491 11.9781 2.30414 2.83874 6.03909 2.62885 1.54369 9.6368 11.8448 5.84549 7.76975 12.1568 131.719 146.527 17.3404 2.0415 2.93788 32.9864 7.35165 0.0292335 394.651
-61.6374 0.313843 1.35959 10.3534 59.4236 54.6892 35.8238 51.1255 4.32013 8.01846 15.6555 13.2049 0.895662 0.198092 2.63507 0.604304 2.20684 19.133 9.52872 9.50382 3.54717 116.85 146.697 16.3997 22.0906 5.3565 7.31724 16.0762 0.0134511 393.846
-62.4855 0.315113 1.37963 10.9398 56.9574 54.1668 30.5457 37.3017 12.4153 13.0823 16.0862 8.3348 6.07395 1.43051 1.42662 10.8758 2.86554 18.1738 9.36505 2.07541 4.79183 117.4 152.554 19.2108 15.2722 5.91639 7.09249 23.3752 0.00712992 389.55
-62.6926 0.308297 1.46822 8.68733 71.7468 33.6433 39.3112 33.9628 12.4153 19.056 10.8866 1.10641 6.61193 2.52797 4.86123 4.62715 2.47731 13.3434 15.6018 5.45879 9.25366 114.898 157.491 16.7125 2.30818 7.67533 7.50889 14.2086 0.029851 387.846
-62.6108 0.236934 1.57072 8.7267 66.7215 37.5369 53.7859 33.9628 10.1157 18.9978 7.75493 2.19026 6.18211 10.8356 0.661835 5.18332 0.480455 7.79919 15.1169 8.06293 5.32349 123.739 139.23 10.8337 19.9538 5.82875 6.44484 37.1024 0.00455671 387.058
-61.8571 0.198202 1.62565 8.58067 66.378 29.7587 53.4094 25.5769 13.1502 13.6684 10.3133 8.30614 11.0483 12.3876 1.15468 5.25396 1.09255 10.6361 22.1681 2.89048 4.94398 123.813 141.907 6.3942 16.7644 2.88009 12.9998 24.532 0.03632 387.125
-63.832 0.21432 1.82138 7.99338 67.7309 36.296 56.7627 21.4671 10.6701 9.07255 11.8808 18.9934 5.09884 6.86527 1.93372 4.53771 4.78779 5.42865 22.1681 6.77979 4.94398 123.274 141.505 21.361 9.43523 4.81071 11.0896 7.92804 0.00120025 385.933
-62.9339 0.171574 1.71559 10.2304 69.3087 31.4353 55.2054 16.3029 19.0215 3.3373 3.76994 24.9753 9.7114 5.59833 0.983767 3.08188 6.72482 7.29558 18.5591 5.43052 6.78958 113.808 134.86 41.3482 12.4968 1.02357 12.363 37.7609 0.00522086 388.995
-63.382 0.243849 1.71064 8.31824 72.1978 28.9758 52.0485 18.1929 20.3853 2.84422 2.17619 23.6407 12.8136 2.83902 3.76551 6.24051 5.14202 13.4575 18.2719 1.80132 7.92156 119.432 126.33 43.0865 14.4602 2.61421 9.89914 24.6257 0.0009286 384.847
-64.0068 0.277064 1.67271 8.65562 70.1523 28.7127 52.1566 19.5882 23.6978 1.78201 6.6671 35.8182 4.87398 2.17273 3.31948 5.72625 3.42346 16.4458 5.32182 2.31469 10.8103 122.271 119.897 49.0569 8.93619 8.86406 3.94279 41.2101 0.0292277 385.196
-64.444 0.338597 1.67337 8.51977 69.2484 23.8444 56.6657 21.678 23.3305 1.7034 9.46722 37.1325 5.09732 6.19802 1.53235 2.31367 8.79174 12.4783 8.34516 3.97553 7.66054 120.925 121.179 40.4277 4.52185 17.1916 6.24014 13.0566 0.0343707 386.085
-63.366 0.342699 1.67114 8.21882 72.8704 23.6189 60.1447 22.0043 18.9582 4.29729 6.8026 14.9655 12.3337 5.20803 10.2708 3.28316 4.90246 6.23764 10.0057 7.59564 6.19302 121.174 133.646 40.9309 10.382 5.00895 7.96587 1.90722 0.0378514 384.122
-63.1549 0.256315 1.67308 7.05467 75.0248 24.7195 49.3118 22.4051 24.7951 18.8673 0.319596 16.797 20.081 3.83926 8.47962 1.26934 4.47717 0.985195 6.82982 5.14839 10.3437 114.239 144.145 29.3223 6.99657 2.63903 21.0546 4.48492 0.00470887 386.317
-63.3933 0.248513 1.77457 6.74128 68.847 27.3975 49.7739 21.9718 25.9859 11.5289 3.39343 23.4679 6.29308 20.2213 4.53535 3.09307 1.23785 1.29672 7.67916 2.91285 10.8429 118.007 149.005 29.4875 9.03963 3.58679 1.98996 27.1996 0.00216794 387.848
-63.9995 0.267211 1.78602 7.19743 62.673 42.8045 49.0022 20.017 21.4992 8.62502 8.21876 22.9367 1.12929 11.98 1.06912 1.00635 0.117089 9.27705 16.1261 6.30896 9.16114 115.151 145.107 25.8066 27.2375 12.5611 5.08201 29.0941 0.00539755 386.505
-62.7206 0.188418 1.79567 7.48451 45.2005 76.5019 36.6231 20.1294 17.7909 11.5643 13.4858 24.5033 1.5161 3.44808 0.578344 4.52719 1.0626 10.3654 12.6549 4.59031 8.81628 116.784 147.188 22.939 9.01695 15.6241 3.80543 25.6894 0.0416028 385.698
-62.009 0.188418 1.62644 8.66322 45.2005 76.5019 36.1497 20.8382 20.5277 9.49786 2.68195 24.7972 2.44195 1.75474 3.69539 3.09058 1.02008 7.60058 10.7944 5.84746 9.05971 116.222 152.633 23.5996 3.66904 5.11286 30.0807 24.097 0.00661399 384.126
-62.5159 0.188418 1.62165 8.78966 39.5423 76.5019 37.3706 18.1104 25.0021 3.62427 4.94007 20.8783 14.167 1.92638 1.02866 4.45958 2.76483 4.14659 26.5343 9.20853 2.07067 106.817 155.14 27.8162 3.32185 13.4185 5.73036 22.8827 0.00638416 385.114
-60.0943 0.0746352 1.60305 8.1413 40.2528 79.3339 39.7847 6.92052 28.6363 5.61614 7.91607 18.4614 12.3715 7.92893 2.1575 4.77754 1.63239 2.42412 28.8476 4.50054 6.03197 109.344 153.011 19.2322 5.94117 4.7925 8.81642 0.0348503 0.0166178 385.936
-65.7228 0.510307 1.61523 8.15437 41.0825 79.3339 37.4003 3.1993 28.6363 8.10783 5.30455 26.5128 3.16567 8.85075 1.78506 3.8262 2.31712 24.0634 23.056 7.93614 8.4136 95.1949 145.692 12.5804 10.1179 2.79934 40.6189 5.87921 0.00921879 390.108
-64.9208 0.402176 1.61037 8.55415 41.0825 76.0107 40.2636 11.6808 22.5413 12.8317 1.95284 14.4788 11.9325 8.93719 7.04348 6.72217 0.689078 14.5967 0.775811 8.04691 8.62829 123.924 151.986 9.772 8.41261 3.78716 16.5088 2.48023 0.0109764 386.281
-64.6971 0.445041 1.59195 7.5051 55.1282 76.4101 34.3905 16.0301 9.52781 4.18773 25.4351 6.81344 5.62762 7.72786 4.17167 3.71596 3.11593 4.65325 21.6625 2.12674 11.2666 122.465 151.6 0.642318 5.84216 21.6788 15.0918 40.9834 0.0185496 391.634
-65.5366 0.487153 1.7127 7.67235 49.9581 68.6161 43.3308 17.6 7.254 6.82624 19.6817 7.75823 15.7307 8.49815 3.05465 2.6765 2.34966 1.09335 7.82767 10.1175 19.0694 123.972 147.346 6.34325 5.19369 7.24099 36.7665 3.12215 0.0377413 388.277
-64.7622 0.37801 1.66179 7.87627 50.2297 74.2935 41.0148 12.6703 6.24017 16.7889 10.6662 6.18219 24.6205 8.20245 1.62292 3.06634 3.48943 1.48125 7.48887 5.98009 14.0022 115.754 157.844 1.06697 5.58528 1.10007 30.7405 29.798 0.00188555 389.3
-65.5496 0.413482 1.58798 9.09149 46.0632 74.6918 56.3966 3.67872 19.5455 17.9874 4.51972 5.0898 18.7119 1.39584 3.03222 10.8005 3.74964 2.8609 5.31246 5.75541 8.30577 108.509 167.899 1.87368 10.0284 21.7118 16.0802 40.3272 0.0131616 392.618
-66.1994 0.413482 1.77966 7.21491 46.4764 70.368 52.5012 4.75835 11.1241 31.9551 1.74634 1.04147 8.52666 13.405 4.11936 4.28957 0.718264 3.69008 6.43779 6.06882 9.15523 126.66 135.727 52.6717 2.46704 8.42285 8.04495 9.95564 0.0266376 391.64
-69.2881 0.586108 1.78072 8.374 50.023 70.368 53.5564 11.6596 16.5685 22.1243 9.13928 6.14153 2.90001 11.6543 6.3733 6.22452 7.36959 1.66925 13.6893 6.4925 5.12854 126.669 117.235 33.8335 1.41309 16.7386 7.29704 4.80745 0.0241533 393.649
-67.7568 0.666624 1.48822 8.43501 50.023 60.117 60.8817 11.039 13.5325 12.9989 10.2945 7.0888 9.15158 2.0935 7.10438 2.22559 5.79094 18.2202 2.92319 6.21721 11.4719 124.957 135.69 30.4305 6.74731 6.64326 12.3608 2.80766 0.000188213 386.317
-66.8774 0.608206 1.42006 9.04465 50.023 58.389 60.8465 8.99197 19.9517 15.0343 13.8843 7.14043 6.0172 4.12217 5.85421 3.46958 0.819509 4.10999 17.1903 1.6212 4.96391 125.089 138.67 27.4786 5.83924 5.23987 15.2318 2.39485 0.0374028 386.138
-67.0621 0.579927 1.42006 10.998 50.023 58.1423 51.4801 13.8996 20.1496 17.5691 0.405719 6.84103 7.40005 8.47893 2.14722 10.2031 0.517891 0.667162 7.96442 8.77327 11.0139 115.374 155.37 24.1387 11.7791 3.12339 21.6362 5.99084 0.0233625 392.301
-67.6191 0.598875 1.57754 10.3807 56.6859 46.2967 62.9484 8.96008 22.4511 13.7093 5.69721 6.12423 17.9301 1.96361 6.04351 2.61707 0.283591 3.37658 6.06072 8.34989 26.1306 121.058 134.983 35.1199 3.80358 5.55884 18.4315 4.66071 0.0101029 388.283
-67.8633 0.623775 1.6355 7.99918 57.2691 51.435 62.1814 7.2525 29.2719 3.0977 5.64293 4.59632 12.8785 8.78126 6.69678 2.29928 1.22322 4.89817 5.49849 10.0528 30.6591 111.04 135.576 34.085 4.78969 2.17686 7.16628 12.2535 0.0801858 388.332
-68.0682 0.557276 1.71904 8.28628 55.6705 52.6854 62.2961 14.6725 10.3498 10.6513 1.12727 7.43342 18.4308 14.6671 5.44034 7.10953 1.44969 1.93026 6.87035 2.54938 32.1332 110.818 117.033 49.4724 12.6811 1.85419 7.45572 12.5867 0.0614595 387.419
-68.9512 0.658114 1.82671 7.80436 51.6862 56.7764 62.2961 19.9057 10.0326 8.69098 5.43754 10.3661 9.33209 15.7906 2.54827 3.9266 3.51426 6.57094 7.33186 0.387188 23.5963 119.251 128.677 46.9475 6.52676 3.96796 6.40435 7.34403 0.00998331 387.224
-69.3901 0.564238 1.84332 8.08639 51.8362 58.3646 59.9245 24.1652 1.78073 16.7372 5.97615 14.3001 5.81317 12.9597 0.902979 4.99834 0.856312 1.63691 16.1576 2.58291 25.2859 111.966 130.307 25.7374 14.098 10.0226 7.57143 14.2416 0.0028412 388.845
-69.1055 0.607848 1.81092 7.87078 51.5014 65.9406 65.097 21.6665 1.78073 13.9902 5.59018 10.515 3.48887 9.1011 1.10689 7.39143 3.73321 2.7924 15.5185 18.7809 8.52971 108.564 129.192 34.6255 13.8256 7.66043 13.5567 10.7067 0.0153257 390.295
-67.5278 0.46715 1.80844 7.71058 50.3055 61.9453 59.7297 10.8861 9.08024 13.9902 1.30496 12.3034 7.24938 5.25093 3.67698 1.59324 8.48766 0.409603 14.1289 20.117 14.6601 109.144 132.633 43.2036 2.32373 3.14001 5.60151 8.32089 0.0231761 390.403
-62.7818 0.161233 1.81297 7.74415 40.9049 61.1579 64.6976 7.79431 22.0771 15.2889 2.32851 9.5914 9.36974 9.74038 2.8204 2.77369 3.82999 0.409603 6.00312 18.1175 22.3743 106.721 143.35 34.5698 2.17117 18.1933 8.83139 28.645 0.0232599 388.932
-62.9708 0.12994 1.88145 7.32923 59.4215 48.0737 64.6856 11.0632 12.7072 14.037 10.2003 1.26624 28.6913 5.84956 2.86059 3.72199 4.62298 6.86088 6.00312 1.11315 23.1181 109.969 136.837 19.8299 2.5546 6.64462 23.4668 2.62649 0.00784468 388.632
-64.38 0.409107 1.68884 8.13172 59.6842 45.1935 55.7276 15.9896 16.1717 13.2547 5.64008 4.52471 28.6913 1.4063 0.719289 0.333037 4.19362 9.34569 9.01106 8.88424 14.3651 109.048 158.285 18.7746 7.69834 3.11255 1.1615 12.489 0.00501145 383.383
-65.1292 0.406273 1.56501 8.2561 62.4852 50.1359 43.4666 10.7561 20.0348 9.14141 4.09215 4.52471 35.0573 6.33417 0.791426 0.273054 3.76958 3.04362 18.4005 5.02701 15.0601 99.4096 165.495 3.93765 20.3018 3.11255 7.30605 15.8625 0.0122599 390.447
-65.5822 0.42184 1.60291 8.64526 62.6353 47.2875 39.8086 8.09644 26.6735 5.27007 19.5337 3.37365 7.64798 9.70066 2.18977 8.42941 3.92109 14.5591 22.1004 2.83504 9.40045 97.247 169.501 12.6327 17.4705 0.463624 17.0883 15.3379 0.0251415 390.529
-66.9373 0.557293 1.56371 8.54265 67.5346 34.1931 48.6481 17.7152 26.4338 8.88417 24.1983 7.08009 7.783 3.91665 1.42298 8.84635 2.7259 12.0601 4.18046 10.8332 14.8334 86.3602 170.455 17.9351 13.6441 5.25501 6.70971 29.1995 0.0114144 386.292
-66.6129 0.51598 1.52594 8.29688 66.6699 38.653 47.7841 23.6227 14.7644 10.9845 27.2009 3.8873 6.11026 5.11116 1.26139 5.764 1.52972 6.93037 7.0194 12.5654 13.1145 94.0596 181.312 3.13836 11.2092 7.61974 12.0921 34.2435 0.00384484 386.379
-67.1406 0.625037 1.54959 7.94368 61.8604 37.1403 64.832 23.6227 6.78513 5.6673 29.9623 7.07366 3.76625 5.13593 1.18091 2.06379 6.90555 3.35554 10.3627 11.4475 12.4488 94.0596 173.908 4.08566 31.8424 0.459315 8.02246 18.0147 0.00469602 386.75
-67.94 0.585645 1.68037 8.06618 67.3459 41.6958 49.1796 20.7721 21.2741 5.34621 22.3247 10.4652 2.17626 7.20326 0.309162 1.48494 4.99546 3.28945 11.9981 11.1857 11.4325 96.5456 182.705 3.96308 3.60432 1.02943 12.18 6.50249 0.0117009 385.229
-67.9314 0.589574 1.70976 7.47443 72.9551 24.2441 62.52 15.6796 27.8327 17.6976 9.21039 4.84224 9.53072 0.939334 1.3773 0.262458 4.31395 5.60923 11.8181 11.5838 15.8738 108.933 155.21 8.02561 19.3457 1.81866 6.49833 8.19344 0.0268974 383.52
-67.5176 0.547464 1.67465 8.14292 71.4311 24.2441 66.3484 14.2595 29.1466 2.20226 24.2574 6.2614 6.42686 0.552962 1.23871 0.726482 3.3341 7.41599 23.3608 10.136 4.31511 125.371 144.057 14.2064 17.4121 8.50574 1.86234 8.19344 0.0122551 388.098
-67.4055 0.624497 1.60754 7.70399 75.2595 30.5963 68.6843 8.5613 19.5984 14.2557 2.57157 5.36016 12.1101 7.35853 1.54492 2.50206 5.21284 9.82697 15.1221 8.60256 5.36303 131.842 136.245 6.43181 11.9684 4.29012 15.6498 5.32919 0.0122363 387.713
-66.5472 0.587722 1.55363 8.49738 52.051 78.2121 56.3273 7.98489 5.5328 7.29063 1.0462 11.3379 13.5695 11.7401 6.06987 2.45807 7.03608 0.85164 5.71872 8.57055 4.19381 122.499 161.225 9.71468 14.4838 2.9082 27.405 2.7581 0.0186018 389.83
-66.0883 0.557573 1.58385 8.05186 55.439 76.3502 55.6971 6.44926 7.79681 4.71247 8.28846 8.95842 13.6438 3.59514 7.48353 3.74753 0.958646 7.82058 11.6592 6.86897 3.86199 116.075 163.501 8.76785 3.62818 1.54733 19.8856 9.68376 0.00260747 389.204
-67.2734 0.6049 1.56034 8.67683 55.2517 59.9218 78.3459 2.09352 7.91337 3.84884 8.63175 5.70252 13.4835 6.77429 4.34408 7.73395 1.08527 5.14428 3.91392 12.8248 16.4132 112.08 153.255 23.5581 5.44489 9.98653 7.09753 5.06578 0.0177451 384.944
-67.4226 0.567165 1.52147 8.3262 58.7292 45.1939 78.3459 2.34104 3.04397 13.4628 6.13585 12.8929 8.1838 14.3917 4.41346 0.64235 0.886071 13.4187 10.2979 6.67941 12.2638 102.462 155.941 31.2606 5.01111 3.21693 8.85017 5.70248 0.0431027 389.065
-66.9957 0.585409 1.51891 8.84837 55.8908 49.3933 86.137 1.22664 2.77753 12.0109 6.89505 10.5533 8.16884 23.3233 4.66828 4.36556 1.86186 9.02653 7.76108 9.0469 6.45108 105.529 147.58 27.1725 3.84771 3.35268 22.9731 4.04677 0.0117817 385.644
-65.1964 0.528385 1.35362 8.57569 57.2522 48.7869 96.0552 0.706847 2.77753 15.3189 7.68256 11.0119 2.23722 15.6263 5.75865 7.78304 1.58782 4.20151 8.08957 2.09281 5.53364 121.54 133.08 14.7633 31.1836 6.53226 3.84293 26.6248 0.0118186 396.561
-64.4467 0.427836 1.59504 8.27669 63.665 38.7122 88.7506 1.51065 1.03321 15.7582 15.7812 8.63629 2.23722 11.7791 4.24925 0.965471 5.53902 6.5098 11.055 7.61395 5.83213 131.914 143.813 6.01825 20.8711 7.04669 2.64492 6.15378 0.00907076 385.188
-64.5977 0.374189 1.60826 8.44976 63.2334 35.6766 87.1594 1.55991 3.71294 10.5378 17.4132 4.82458 6.89908 17.5077 0.570521 1.5245 1.96636 2.91371 4.11989 9.11039 3.5379 128.356 150.704 23.9868 21.0857 12.4567 0.637366 8.87884 0.00165556 384.938
-63.7482 0.280843 1.7212 8.24061 60.5735 40.7831 84.6067 4.80137 6.08957 9.54145 19.1315 6.71215 3.75443 13.3676 4.47453 1.05337 0.300997 2.31677 5.50435 6.62436 11.3298 123.541 149.366 16.4085 16.3487 1.04473 27.358 16.0752 0.0168681 383.899
-64.1305 0.230413 1.80555 7.06652 60.9778 44.1081 84.6067 7.94558 6.08957 6.98011 20.9842 7.57481 3.75443 18.6208 3.56748 2.60678 1.16507 2.31677 4.18625 9.37658 10.2454 94.115 176.475 4.70282 17.0188 4.18056 12.2354 16.1308 0.0106126 390.442
-63.9658 0.254506 1.64921 7.09254 62.2706 40.9212 71.1668 4.91635 9.852 10.2877 23.6066 6.36621 4.93971 13.4518 1.33903 0.77999 2.72761 10.8178 0.514878 13.6286 20.8404 98.6574 173.395 3.72221 23.2783 2.64694 6.20322 16.8439 0.00871311 390.214
-63.9832 0.286534 1.67654 8.57379 61.5678 44.8809 71.1668 3.45629 2.54255 9.29114 30.9411 2.54587 7.13597 10.051 1.33903 1.04979 2.58451 11.3702 8.80691 6.39316 31.5034 90.4567 167.149 1.82212 4.19018 9.14833 45.096 5.99899 0.00284085 388.081
-63.9832 0.323288 1.55514 8.57284 60.1434 50.8136 71.1668 3.45629 1.08114 5.5472 31.395 5.34614 6.6794 11.6386 0.482824 4.00413 2.90464 7.7735 8.52054 2.79453 35.3178 90.4567 163.165 2.27436 8.11063 22.7375 14.6925 3.33552 0.010258 388.382
-63.5609 0.314662 1.66494 8.14351 65.8294 40.6951 62.7865 16.1115 4.08581 2.21326 47.3836 1.72886 13.9664 0.40052 2.34561 0.699311 1.85975 1.02637 6.86465 10.9558 14.8292 97.9752 163.165 14.8993 1.87252 20.8896 12.2643 40.3259 0.0111635 388.11
-64.1329 0.355589 1.69425 9.7678 65.9867 28.8387 39.606 43.6927 16.8368 10.5905 21.0456 2.75777 14.5192 0.65693 3.88617 3.17378 1.32861 5.93524 9.58263 22.5358 7.71805 105.476 145.822 31.0989 8.17907 10.7795 15.088 18.2286 0.0251463 386.515
-64.4437 0.311311 1.69073 9.04331 61.6506 32.1434 33.3948 40.9248 20.9746 10.5459 18.3767 5.47771 12.9974 7.11175 2.24118 5.09735 0.90987 2.61564 26.4341 1.31665 12.9271 113.061 143.178 27.1022 2.6186 11.5589 3.61864 0.555652 0.0052393 388.075
-62.0425 0.142745 1.71321 7.24474 71.8399 32.908 21.5979 41.0899 23.0368 7.10482 21.4897 13.5519 5.71734 5.78685 2.62965 1.99417 5.18795 1.51489 26.4341 0.847919 15.2634 109.529 142.828 24.519 13.958 2.3538 4.79304 19.3237 0.0165044 387.792
-61.4717 0.142745 1.75357 7.17284 69.5748 32.908 29.5018 40.3062 20.752 15.4177 8.7477 11.8717 15.7667 14.842 2.44872 1.98869 4.86139 1.22721 10.0352 9.6723 13.4277 115.379 138.77 24.1412 3.6129 10.0104 18.1733 52.9799 0.0184999 389.372
-61.4717 0.142745 1.56135 8.43494 65.6466 31.9062 29.5018 40.3062 24.1211 16.9705 11.5445 20.0739 8.81292 0.267309 1.68016 1.68671 2.4237 3.84457 18.0981 2.0564 13.3049 102.838 157.849 27.8964 2.80657 17.9619 21.2614 33.607 0.02347 388
-61.3883 0.162481 1.55522 9.51435 66.3894 31.9062 29.5018 38.2932 30.7601 16.0214 7.24611 20.0739 7.02288 4.30093 9.70215 1.71847 2.97908 6.58245 14.7099 7.9363 26.0687 83.8924 144.457 27.4807 11.4435 15.0009 9.31355 10.9885 0.0103953 390.021
-61.3883 0.170927 1.59439 10.3879 67.8753 31.9062 29.5018 31.5412 31.2468 25.2395 4.7222 22.0069 3.06699 5.38857 6.62891 2.62012 0.986785 17.4876 19.6666 5.84288 12.3019 88.5529 146.778 24.5039 1.27396 8.66596 45.0515 32.8931 0.00442855 391.988
-61.3883 0.215116 1.45527 11.1432 69.076 25.447 29.8186 32.736 26.5425 27.1252 6.99845 16.8004 5.20814 5.91636 6.65852 3.51932 1.56241 10.7866 22.1728 12.8524 7.26433 88.2583 163.127 14.2029 5.34607 14.9003 5.60056 13.8446 0.0331499 391.186
-61.3883 0.212734 1.51141 8.52698 67.9787 26.5781 42.3143 26.1638 30.7278 24.2876 12.0751 9.35686 9.39046 7.17708 6.04526 7.09203 1.4562 11.1527 7.75493 20.1391 8.42697 85.4764 155.244 18.1286 12.1159 11.489 2.40655 0.939276 0.034248 386.764
-61.3883 0.185192 1.56036 9.97039 67.9586 26.5781 45.3622 22.9433 30.7278 4.31002 16.3051 2.47725 4.08633 7.15547 7.0065 8.08968 6.71671 8.00709 3.88316 10.77 45.9446 78.7387 167.421 20.5365 10.4243 11.6899 3.74121 0.419546 0.0471893 395.993
-62.7018 0.185192 1.67293 9.97091 67.0565 26.5781 47.7803 23.077 29.1953 4.31002 17.5564 2.76787 8.06792 7.00103 6.732 5.95442 1.01018 1.75509 22.3652 15.3616 40.3347 76.7811 152.588 12.5241 7.25136 17.2009 8.92748 11.223 0.0355407 389.736
-62.7018 0.198996 1.64801 9.61113 64.1482 31.9194 50.9593 29.1489 29.1953 2.64669 20.0702 4.61544 5.5966 6.8556 3.00359 5.08277 0.475756 1.18915 22.3652 17.9732 33.3405 86.3478 148.098 7.46531 1.99823 20.7501 15.8102 6.89277 0.0228877 393.214
-62.7018 0.198996 1.77899 9.69057 64.0828 31.9194 54.2454 23.5569 17.4673 25.7865 20.0702 8.32114 3.54293 7.93523 5.97276 4.36711 1.58561 5.497 20.2483 8.76632 20.1371 86.6053 146.506 7.20634 7.97043 24.0199 12.7703 28.6875 0.00700799 393.289
-62.7232 0.198996 1.79366 9.44502 70.098 31.9194 22.0796 41.8619 26.1929 19.3927 9.85918 12.5691 8.41003 2.14566 3.99027 1.21417 4.16823 5.77872 13.9477 4.89632 26.9413 107.884 137.764 15.3482 8.67296 6.07341 35.5681 35.4587 0.0206628 389.586
-62.9784 0.152722 1.80223 9.47038 70.098 34.1247 25.1789 45.9284 22.1456 10.1203 7.9117 2.32195 5.48403 14.5183 4.74501 0.408868 3.94817 8.03594 12.2056 15.3023 9.63867 112.559 132.322 43.6017 9.57043 2.48068 34.4599 7.96853 0.0208072 392.387
-62.6682 0.279122 1.5065 8.63674 67.2795 30.9521 23.3901 40.9121 23.9202 18.6994 9.09833 8.24446 25.2164 4.24146 5.94067 4.39847 3.08015 10.6855 7.66417 8.27372 8.42505 125.412 100.677 64.3834 9.24115 5.76331 38.5354 22.2615 0.0278013 392.444
-62.3517 0.267559 1.52115 8.2518 60.7238 40.5123 25.6831 33.7088 37.7254 15.7984 2.74827 7.18898 11.9944 2.04047 9.58158 7.70757 3.86565 13.9273 3.54995 2.88129 9.37043 134.55 124.17 35.5691 1.65642 5.97133 7.20729 21.4217 0.0100499 388.088
-61.3389 0.228997 1.55738 9.58477 53.9229 51.1014 43.5196 10.9464 28.1744 10.5682 6.32686 7.12459 27.2867 9.97517 8.3314 6.32832 1.60856 5.42325 12.9345 1.95297 6.42295 126.979 139.733 12.7992 8.95659 10.0395 15.4617 20.0373 0.00554108 388.441
-62.2776 0.232614 1.63348 8.35901 54.4759 53.8384 34.1162 11.7938 29.4675 2.92907 1.96982 12.1003 14.7631 8.89463 2.96349 11.1606 3.26094 17.2023 12.501 5.17966 6.42295 128.17 134.251 41.164 9.4569 4.54944 35.3205 4.6236 0.0208275 391.959
-61.6819 0.207328 1.62498 8.01496 49.5735 63.2153 28.393 18.7339 31.4651 4.00666 10.7365 15.0277 13.8152 6.30089 1.39085 6.7041 1.28352 3.97794 19.7146 0.976738 10.1427 127.045 139.72 23.8691 11.4542 5.02216 26.728 6.34515 0.0552489 385.329
-62.666 0.251845 1.57546 8.50305 49.2019 65.8488 21.3198 14.7436 48.888 4.54252 13.9126 12.63 11.7806 5.95756 3.37026 4.4112 3.94256 4.55868 12.5018 2.27091 11.844 122.72 132.469 20.6686 11.6193 12.9882 7.36653 13.4416 0.0350202 385.051
-61.4971 0.146202 1.6259 9.70831 50.1471 59.3792 23.3319 16.7966 49.4517 6.69949 11.5364 13.6289 2.7736 6.73607 2.36333 0.43295 3.66794 7.79752 13.9875 9.68538 9.50713 122.332 142.703 24.7398 17.5877 6.92203 3.8847 9.67907 0.013803 383.3
-60.6662 0.0845649 1.72736 7.69463 55.6499 58.4391 18.3395 17.3217 49.4517 7.77748 15.7809 13.4158 4.91263 0.863533 2.42738 2.35132 4.60492 11.5977 8.04199 8.50929 8.34139 120.288 140.121 28.3037 5.12268 11.3911 28.3256 19.3162 0.00512697 383.486
-62.3411 0.163676 1.70862 8.42864 60.8299 55.9864 6.55531 20.6866 49.4517 18.9679 6.67501 11.3093 6.95584 3.23702 3.19695 1.42147 4.61334 8.9994 5.98029 8.81113 13.8042 148.773 120.196 17.5684 18.2909 19.6957 19.4408 29.1431 0.0339273 392.613
-61.9043 0.14775 1.63194 8.46581 64.9514 56.2788 28.0208 4.36877 49.4517 20.9407 3.98828 3.91109 11.6842 3.3322 1.80434 2.15094 3.24213 7.53993 4.81456 9.32296 13.0437 102.462 168.569 8.74916 16.1259 18.2945 16.1048 22.5774 0.00646285 388.779
-61.5957 0.129728 1.71349 8.32561 55.656 61.0061 29.7666 2.5068 50.1608 23.5444 7.41357 1.94717 6.66312 3.2112 11.2599 0.505515 7.72586 6.95754 9.04754 5.10191 13.375 101.55 166.478 13.8534 2.30649 2.90886 18.7995 15.4933 0.0112275 388.298
-61.4986 0.169921 1.63987 8.42221 54.5838 70.1941 9.3911 12.6551 50.1608 7.83764 29.8431 6.64938 1.45201 3.16071 1.93034 4.79659 1.49579 12.7344 7.05469 6.65926 19.423 104.305 137.824 33.1436 8.79182 4.21014 7.47215 18.7937 0.00204205 387.593
-61.1422 0.164994 1.5434 8.7432 52.8445 60.2842 10.0777 10.9202 55.0471 4.97417 28.8518 11.0939 2.51982 3.16071 2.62291 4.52041 3.15294 18.499 3.57196 15.2993 16.0358 105.469 140.797 24.8839 14.9501 6.64055 14.3906 20.2037 0.00474783 386.618
-60.9047 0.202675 1.46122 8.30024 55.481 42.0581 7.31618 27.2222 63.8545 2.48551 31.3279 7.4738 7.41607 4.85222 1.28568 5.89294 0.938925 9.47296 0.654613 11.3788 26.1419 100.334 143.22 24.5925 19.5211 7.20972 26.2641 59.2291 0.0203553 397.334
-64.2383 0.346006 1.70655 7.28144 47.2485 39.3163 7.07967 36.4602 63.8545 5.56978 25.4456 6.49363 7.28077 2.66906 4.77091 4.3513 3.40642 2.73465 3.79987 9.30376 19.342 117.925 147.938 21.2375 19.0596 4.02718 15.2743 76.6402 0.00272334 392.755
-64.0397 0.323783 1.74034 7.84364 52.1676 40.9196 7.07967 37.1029 51.047 13.5628 31.7348 8.71689 0.915654 1.18259 2.87235 1.61397 1.74681 5.26156 3.98946 17.9837 9.01609 120.996 145.315 28.7343 8.37505 8.31471 14.6674 46.461 0.012917 388.602
-63.6475 0.248156 1.8072 6.83391 49.2812 50.0574 7.07967 32.4921 50.1187 12.7958 25.9158 11.7143 0.505242 2.74508 2.4704 1.23037 2.0107 13.0558 7.33179 13.7327 13.7592 108.103 155.449 17.0549 11.4765 4.90572 15.4058 22.4121 0.0618369 391.514
-63.761 0.374505 1.77527 7.24698 49.2046 72.298 8.45389 24.544 44.1957 12.4896 3.69871 13.9355 2.05947 11.994 2.91116 1.09029 2.05074 9.78646 2.5505 17.1776 8.13972 117.829 147.972 18.8496 20.3038 12.6401 10.0442 19.4492 0.0446811 390.105
-63.8024 0.245595 1.79272 8.22296 48.2656 72.298 0.577457 31.4312 41.4356 7.08457 8.61914 18.8125 0.157924 14.275 0.388888 4.54634 5.9799 0.36349 4.48075 26.6022 2.14135 117.633 154.813 8.53584 29.6632 1.38169 8.67618 4.05747 0.00574263 388.867
-64.1279 0.227771 1.7522 9.83711 46.5655 65.0022 5.29783 34.8829 41.7816 7.08457 7.01706 21.4649 2.60773 8.11198 1.4577 10.9453 1.51811 1.0967 4.28262 16.9764 8.93595 122.876 148.722 13.6843 8.08878 13.79 16.5587 9.98516 0.0117527 387.513
-63.0459 0.235984 1.71476 7.26993 48.5841 60.6026 4.02644 38.7758 48.3835 6.78879 7.01706 21.8082 0.837202 0.270291 4.22026 8.47464 1.24907 4.67939 8.95917 14.8367 2.09933 119.995 155.139 23.1198 1.67103 8.56119 22.5497 14.974 0.00832476 389.725
-60.3064 0.0981181 1.72958 7.94866 46.2482 66.6384 4.02644 39.2363 43.3787 2.34965 15.9074 24.0245 11.694 3.412 6.72286 2.25098 2.94769 4.93604 4.27372 10.0556 2.76935 125.991 135.265 23.929 17.9495 3.27118 25.8817 7.13389 0.016926 388.756
-60.137 0.112906 1.58928 8.60048 43.3155 73.0579 1.92499 32.4541 41.6926 1.36887 18.4902 8.80924 7.43997 2.52026 11.428 4.71482 5.00228 6.78741 3.86192 21.4369 2.36254 118.725 142.702 23.576 7.27933 15.4422 3.01893 27.0791 0.00422653 387.208
-59.4906 0.0829398 1.59174 8.39566 40.4267 73.3817 6.02694 35.9978 39.5 19.2793 4.0687 12.5915 1.75853 2.61454 11.2837 8.49312 4.4218 3.63842 3.86192 17.9497 3.44308 117.277 143.117 24.6964 2.73028 12.051 11.4331 15.0377 0.00828566 388.55
-64.4746 0.375633 1.59878 8.68721 48.2039 73.9289 13.9062 34.5481 17.373 14.1078 21.3022 0.180731 6.85287 8.18237 4.6284 6.76444 3.16611 2.75552 3.29248 26.3228 3.84272 114.974 142.512 29.4738 2.87062 0.361363 28.7952 29.9754 0.00705642 390.205
-64.8449 0.407049 1.54099 8.12729 50.9043 69.2935 15.6159 35.5229 25.5565 24.2922 12.8626 3.12718 3.37173 3.14846 4.70801 4.55088 4.11008 3.107 2.42852 33.6223 3.70531 118.582 139.24 17.2622 8.0264 7.90047 29.7624 19.2687 0.0184012 391.78
-65.3332 0.458757 1.55367 8.42656 47.9425 68.0823 15.0005 36.7529 24.5373 2.0217 8.09595 5.39247 35.4459 2.21132 3.05204 1.81376 2.01623 1.12844 5.925 20.9447 6.96255 116.246 151.112 10.6162 9.11123 7.5407 11.2285 56.7936 0.0108713 385.29
-65.548 0.458317 1.52828 8.60703 55.0871 62.0533 18.9014 35.8386 18.3951 6.39848 3.75323 1.78387 35.4459 8.50272 1.75452 2.98932 6.30443 5.36663 15.3882 16.2587 5.81064 107.955 148.988 6.3349 14.7704 1.87628 46.2015 23.158 0.0158848 390.904
-64.2248 0.473244 1.30086 8.88649 62.8792 53.7245 10.8783 28.0588 41.5891 9.63639 2.47828 6.92806 21.6442 12.5773 0.94286 2.27054 5.84355 11.0374 6.65924 4.08733 8.85125 150.922 104.266 32.6135 5.7329 2.61054 7.24659 21.3579 0.0234061 395.378
-63.3121 0.370854 1.47773 10.4296 60.355 45.3424 16.8608 22.5048 48.4315 14.7604 7.31733 1.62829 18.3741 3.52508 2.2724 8.30142 0.933502 0.847414 11.1311 0.607695 34.4365 125.554 107.506 25.9957 13.4405 6.7792 40.1222 30.3406 0.012627 392.56
-63.9823 0.365602 1.46875 9.12239 61.8631 38.0156 18.4178 24.1889 48.0391 8.08981 12.6521 3.89364 7.02906 20.1567 5.04292 2.04956 7.36368 3.278 8.27347 5.09577 25.9466 119.766 127.897 24.4335 15.2781 4.71756 3.99016 27.0087 0.00606488 387.793
-63.8896 0.346714 1.61512 9.6693 67.416 43.5607 16.2705 22.8638 51.0112 10.5268 2.16399 9.48096 12.2958 8.59817 4.04975 2.61896 0.5338 2.52186 12.872 13.3675 6.97212 117.954 139.189 32.7382 15.5028 7.55636 2.57812 30.3203 0.039198 386.98
-63.6739 0.273248 1.59132 10.8721 64.7036 32.4087 48.353 21.0411 46.1289 9.16151 9.35002 6.83107 10.3332 2.72877 2.09437 4.37204 5.66965 1.44016 8.35435 16.5718 8.95965 99.7699 148.681 34.3654 10.4535 2.29892 7.13811 3.53645 0.0198969 392.342
-60.3117 0.134579 1.5776 9.19305 64.7286 35.8251 34.2478 18.0473 45.3403 19.2968 0.996246 6.79345 5.2775 10.3912 2.02516 1.01544 2.31899 0.649788 10.4301 14.5883 14.2836 101.944 163.775 27.6831 13.2782 6.10174 10.0398 5.98899 0.011582 387.667
-61.4471 0.109879 1.71436 7.72615 62.693 37.8462 35.4526 20.3402 41.3303 20.7753 0.996246 6.68737 6.82153 16.1209 0.497349 5.85373 2.7175 1.70219 13.046 4.69481 15.1916 89.0243 184.371 11.8792 13.5451 6.49711 20.6237 11.8475 0.00319998 386.671
-61.6285 0.127834 1.7141 8.36454 67.8292 36.8376 30.717 10.9627 45.5096 19.9743 0.996246 4.53308 0.604521 29.4573 0.532693 5.90389 1.67731 1.6236 14.4672 9.83861 12.9396 96.9888 178.739 2.1234 9.95185 11.7154 13.4991 15.6974 0.00235492 384.428
-62.1086 0.132196 1.72396 8.14437 70.4839 34.466 30.717 17.9497 32.98 21.9067 11.2755 3.18572 9.1194 7.66741 12.3179 6.55093 1.11881 1.52655 5.64776 9.01334 12.9396 98.1888 184.232 2.1234 7.98725 4.64442 17.2803 12.4597 0.0254928 390.642
-60.8838 0.11839 1.62325 6.7399 69.47 36.2931 30.717 24.4099 34.659 17.3756 3.79454 17.3363 14.2476 1.74179 1.29823 3.16774 1.97441 2.10938 3.6312 12.5538 17.4506 101.602 177.206 2.1234 15.5643 6.52384 6.46599 12.405 0.000684804 387.471
-61.5031 0.173747 1.58121 10.192 62.1627 33.869 50.7353 26.483 33.098 8.0736 5.47291 1.26258 20.7024 0.0619343 0.856522 7.36211 2.07596 6.97196 1.1866 28.1172 23.7504 91.0968 153.148 2.86355 13.3262 8.2538 9.38691 40.6499 0.00571351 394.8
-61.409 0.11915 1.58639 10.192 60.38 38.2708 50.7353 22.259 21.8625 21.8763 7.21621 6.09379 8.58199 1.42545 2.55496 3.67994 2.07596 12.8856 3.66777 35.019 19.408 84.3596 168.712 1.0098 11.624 11.695 34.6851 4.70269 0.00702041 393.957
-61.2463 0.17741 1.60398 10.0223 64.2607 54.8837 21.6598 28.3987 30.9445 3.45535 4.14574 4.47091 21.9138 2.41774 3.91076 4.40756 5.03965 11.2174 2.62852 16.7798 53.0221 61.3384 164.774 16.9732 7.0409 4.52345 9.87237 16.3071 0.00693609 393.388
-60.6548 0.106229 1.74065 10.2602 81.7698 5.32246 45.8128 28.1467 30.9445 11.5333 20.9313 4.01492 17.0834 5.79298 0.706678 9.72443 2.88611 4.36587 4.54514 9.64787 45.4129 73.3981 146.423 28.0495 12.0623 10.0859 3.2656 36.2381 0.00711533 392.442
-60.0269 0.0759771 1.58785 8.42579 75.0907 15.3207 45.8128 28.1467 30.9445 6.03856 23.2272 5.33737 16.5016 3.26549 1.31685 1.81852 0.155131 8.18345 6.69235 17.8157 45.3698 73.3981 143.702 28.3151 6.00704 10.7803 9.35196 1.75606 0.0112529 385.59
-59.7006 0.0759771 1.65544 7.88437 78.3874 14.5684 41.8616 33.7133 27.1957 17.4496 15.816 6.72007 6.75943 5.39565 1.51262 1.36369 1.9215 17.3218 4.96085 12.9063 45.7709 77.9173 151.704 7.35729 12.5117 5.78157 1.05376 10.716 0.0115957 387.559
-59.7006 0.175971 1.51994 8.30574 80.7395 7.23769 32.9368 43.7917 27.1957 15.1642 20.8058 4.14395 11.0743 6.95422 5.55949 1.88508 1.35467 18.9659 5.87766 12.6577 27.9364 74.6272 156.028 12.6346 6.9674 11.431 8.27574 25.3242 0.00846623 391.808
-60.7112 0.125008 1.5876 8.27521 82.5 2.93437 17.6572 57.5871 35.4044 7.61478 20.405 9.1073 8.21338 8.27185 3.40235 3.62399 6.76703 19.1943 10.1633 5.01217 27.944 84.9399 134.339 32.4247 3.27348 16.837 8.0141 7.69371 0.00135287 385.532
-61.1509 0.146837 1.62956 8.5738 82.7212 1.38355 18.2624 57.5871 40.547 8.55444 11.933 1.08094 12.5528 6.62028 4.87352 5.88251 8.39612 21.9662 7.60534 6.29718 23.5719 87.9662 134.339 35.014 9.27708 13.6732 3.86316 45.5064 0.00525764 391.479
-60.7298 0.109283 1.6188 8.50798 79.5486 11.5015 17.0588 56.8483 24.6657 5.1574 9.56009 13.2076 12.6937 4.6596 2.81551 3.268 0.358889 28.6113 4.82484 10.8353 22.492 94.976 135.687 33.6852 19.0102 27.7111 2.08413 73.976 0.0123608 401.295
-61.8914 0.109283 1.68351 7.60263 78.0835 14.3283 20.235 56.8483 24.6657 3.78173 1.18672 9.09825 8.0204 10.4608 3.90158 5.25364 8.54283 23.1993 12.4488 12.4477 23.8131 94.976 127.855 42.7884 30.0787 0.947697 8.15274 4.53833 0.00900631 396.385
-61.6582 0.115723 1.69274 7.9445 76.1017 14.7509 20.5865 56.8483 24.1739 5.64879 15.229 3.11083 1.5072 14.4376 9.19802 1.36416 9.65382 8.68998 12.7354 16.566 20.7601 94.976 138.457 39.7599 11.4531 3.50646 9.39534 16.82 0.0206918 390.483
-60.7182 0.115723 1.5512 8.65656 78.0197 13.7154 16.2572 56.9789 24.1739 7.07048 9.59337 3.21456 18.1358 23.4546 2.73096 1.71212 0.845496 2.09199 14.1242 10.4424 17.5626 96.0997 150.677 34.7273 23.8354 2.2843 22.9057 21.2409 0.0211208 390.764
-60.0302 0.068266 1.68945 8.2491 76.0036 16.2513 15.2763 58.8889 24.2395 8.15876 7.39907 9.54055 9.7588 23.2721 2.43056 3.04135 0.399653 3.06171 19.8594 8.71212 5.05001 103.693 156.552 27.838 0.579267 25.4761 22.9282 10.6992 0.00140009 385.158
-61.2823 0.0742803 1.64716 8.78569 73.2174 16.6768 15.0751 63.4455 24.5142 21.3445 11.7557 10.4427 1.35925 19.861 3.73383 2.61472 2.12001 2.45864 3.38083 13.0703 7.89218 112.834 154.927 5.19677 4.57755 41.045 8.63863 6.80981 0.0234285 388.172
-61.5534 0.179719 1.59075 8.46042 74.5484 19.7435 4.14499 63.4455 24.5142 21.372 12.1131 13.466 3.38538 9.59568 1.6787 7.25187 1.2189 3.16016 4.32187 9.54337 13.4799 114.606 154.927 21.8582 4.51077 11.0177 19.4416 4.37744 0.0098198 382.738
-63.7315 0.216248 1.77891 9.68767 70.5339 28.0432 10.9775 61.8571 24.5142 19.0516 15.0826 10.3508 4.74414 2.18978 2.53372 0.671019 0.504036 0.432061 4.49766 4.93561 19.6657 123.912 150.348 18.2143 5.63825 13.2368 15.4765 12.0098 0.0140712 384.567
-61.5564 0.195546 1.5675 8.17776 70.0518 24.1602 9.41216 61.8571 31.6973 24.5822 9.71696 14.6365 3.42058 4.6574 1.67719 4.71699 2.97199 4.84893 4.31512 2.12404 24.7007 108.609 142.757 16.9136 5.87378 28.5571 10.7246 13.3711 0.0146363 386.447
-62.5538 0.280734 1.61088 8.27673 71.9747 34.1805 2.39591 65.8307 32.4463 14.92 8.88642 7.9346 3.55557 1.52019 3.65376 5.18754 1.66206 10.0826 4.41843 3.49114 28.6346 97.737 146.659 31.1232 2.35244 3.90654 26.1765 14.2359 0.0149475 389.153
-63.4504 0.280734 1.68035 8.45328 73.5802 33.5851 13.6927 47.3834 32.6965 18.0552 5.92892 5.41362 5.5436 9.15231 4.71713 4.82019 4.10578 6.57466 4.38631 3.68779 25.4726 102.687 137.547 44.8865 15.5962 4.149 10.2253 17.1408 0.00181539 385.401
-62.8525 0.257238 1.61893 10.0553 65.2702 35.2957 23.2372 37.3033 34.0137 24.7495 1.12654 1.14979 3.77454 10.697 4.77852 4.70994 6.553 3.00673 5.71846 3.04665 20.209 102.486 148.519 46.099 0.56689 3.35867 16.4043 22.2276 0.00919758 391.588
-63.9104 0.389046 1.77303 7.15874 67.3518 35.9959 23.3954 37.3033 30.8028 25.1924 1.20516 1.14979 6.4932 12.6238 5.74403 7.42529 2.37458 9.64049 7.27917 3.57207 27.5926 101.552 145.02 24.0015 19.5295 4.82588 5.64663 11.7147 0.00343094 391.663
-64.67 0.401408 1.60022 9.43625 65.6536 38.9429 18.9956 38.3486 37.027 10.8179 3.41156 6.45195 18.9387 10.3594 1.58357 5.98717 1.21993 7.39422 13.3807 7.41968 6.40048 120.07 151.532 1.58869 2.54086 27.6088 12.5977 5.00641 0.00386325 387.34
-64.5771 0.360715 1.6896 7.53652 65.2371 37.892 21.3728 41.73 30.0656 22.5685 6.90525 4.00899 7.98167 7.39326 0.711989 5.92419 1.40753 9.37124 0.731604 7.62586 9.3241 119.17 164.804 13.2651 5.23844 8.94631 22.6099 2.71263 0.00533769 383.642
-64.5771 0.360715 1.62628 8.66603 67.6359 34.9711 18.174 41.73 35.1872 19.5869 3.48895 6.67819 5.64213 17.6927 2.62479 2.70916 1.01921 6.53003 2.37532 16.0146 7.36306 106.139 172.626 1.10536 9.67487 6.4119 29.1902 20.4253 0.00340255 382.417
-64.0113 0.321788 1.70329 9.96191 68.0928 34.3221 28.3559 50.8885 13.9335 20.0842 4.89893 8.5372 9.97494 8.91812 2.95444 1.03359 0.555428 1.56519 2.1377 19.2154 14.5167 107.579 165.057 2.4009 11.3992 21.3914 25.6583 8.14835 0.0117678 386.225
-64.4332 0.386912 1.65773 8.298 65.5055 32.0071 33.6184 50.8885 13.9335 16.3693 5.02174 8.7282 8.46192 13.2723 1.70544 0.612316 1.39605 6.47636 9.41895 14.5115 12.5002 103.304 166.847 9.56226 13.5879 5.31956 15.4686 5.64021 0.00926776 377.684
-64.8815 0.401323 1.52311 8.5578 64.1326 33.0632 38.2009 59.3241 9.10171 12.3141 4.51834 1.66571 9.0698 15.2497 1.00285 2.54324 0.898482 7.90968 1.65392 7.85455 16.5101 117.903 157.844 14.134 4.40669 10.188 1.42232 20.964 0.0216208 385.206
-64.8815 0.43012 1.54433 8.57144 63.8173 39.263 45.3437 39.5868 11.428 12.5408 1.88313 2.02313 15.7652 18.3093 0.622833 0.464451 0.878764 3.9525 1.46202 9.2061 29.1524 111.6 149.794 7.22782 16.604 14.9862 3.71592 21.2328 0.0119566 384.407
-64.5226 0.434324 1.60364 8.1001 66.867 34.8556 45.3437 29.7936 11.428 7.41845 22.4752 7.96869 8.99985 15.5851 0.31809 2.62948 0.607792 3.4721 9.93946 8.4652 29.796 113.574 125.334 28.6037 18.3464 3.29445 8.61363 7.4255 0.0493612 386.942
-65.5661 0.434324 1.50395 9.51367 64.4436 34.4472 48.3445 34.1227 11.428 3.28878 9.11649 8.00118 13.8066 9.27077 1.24881 8.18395 4.70515 1.98417 10.5031 7.39324 25.9124 116.153 143.824 25.8339 4.72373 7.50447 9.05166 1.68353 0.0423574 389.451
-64.3932 0.434324 1.52052 10.1975 67.7494 23.7121 46.6785 43.6624 11.428 0.776855 9.87855 13.4891 16.6385 8.58513 1.95944 5.5653 4.17807 13.8883 2.94738 7.14812 25.2899 101.888 134.484 40.5812 10.0234 2.37156 0.633117 6.95626 0.0193483 388.702
-64.3932 0.412233 1.51788 8.81509 69.7743 30.877 36.289 43.6624 11.428 5.49172 14.9759 9.97339 5.84133 10.9785 3.01783 3.95847 0.575361 16.3923 3.30989 6.27231 22.017 114.674 130.975 45.9082 3.8158 4.56884 10.3635 5.64395 0.0239431 383.008
-63.9807 0.412233 1.52463 8.17364 71.4047 23.8227 35.9917 44.3249 19.5794 8.99477 22.3782 8.78591 12.4256 6.96637 2.95329 2.12978 1.16506 12.6242 2.13509 7.39128 19.871 109.994 138.284 28.8222 12.3218 1.28772 14.9692 15.7958 0.0246323 385.621
-63.9688 0.434404 1.38976 8.97843 66.0937 28.3452 25.7238 44.0503 35.9254 1.68265 18.614 6.38076 6.60926 2.28567 0.985267 0.58954 12.0732 14.9162 2.42275 11.0502 12.4225 120.16 144.837 10.9562 2.30657 21.0162 9.0235 30.2569 0.0125037 389.343
-63.9688 0.362304 1.58464 11.3322 68.4052 21.5788 24.7896 31.1137 49.0867 2.31945 18.646 4.32355 2.99463 15.7324 1.59721 2.73029 2.57568 10.0204 4.42555 12.0475 9.35944 122.096 153.136 18.254 11.9483 15.1572 14.8054 22.4545 0.00637454 387.984
-64.2763 0.362304 1.40548 9.17704 69.6402 24.4984 26.7659 25.5973 61.5385 2.72802 19.381 9.56182 2.89026 5.68145 1.254 0.360029 3.8572 7.32089 2.81504 12.2083 2.56429 120.749 154.643 19.132 16.3446 22.6495 29.1187 8.45263 0.0020862 395.089
-65.1365 0.433283 1.63314 7.02696 69.6832 21.1733 28.7313 21.555 63.0386 8.06096 19.7859 8.24966 2.78699 8.41556 1.07994 3.01711 1.43804 8.14531 3.96036 10.7148 4.25947 119.415 156.383 16.5807 12.2575 8.02905 6.66657 27.4002 0.00324612 387.928
-64.7111 0.428043 1.52986 8.7143 71.5719 28.1122 28.9118 3.07462 62.4702 15.7632 12.4628 1.35195 9.15818 8.22439 8.44893 1.28659 6.80253 7.71751 7.42928 11.1162 4.83424 113.788 153.405 19.9887 14.0829 8.42694 5.27614 2.82037 0.00685 383.562
-64.3516 0.452692 1.45005 8.4316 70.6149 34.9365 28.7235 11.0278 52.1121 29.8465 15.717 0.846934 0.533546 2.48716 5.31465 3.68575 6.54709 8.28708 11.9388 0.408255 4.61578 118.836 148.685 22.0441 7.65845 29.747 3.08423 50.4315 0.0153668 394.565
-64.3516 0.452692 1.46314 8.71562 69.8597 32.7665 25.751 10.9909 48.0642 32.6745 19.1223 6.75589 5.18654 1.49707 1.61974 9.11546 2.17556 8.15202 3.99576 5.44008 21.1 103.919 143.338 21.9334 3.99552 36.2161 6.24561 23.2813 0.011539 390.438
-64.5319 0.44962 1.37651 9.17159 74.5733 22.0473 29.3185 8.41751 59.3878 28.5677 25.8581 0.800721 1.91966 3.71043 5.00031 9.11302 4.31765 1.22026 4.4553 4.12648 12.4837 129.467 134.918 19.0377 19.3944 6.28929 2.77001 9.73137 0.0565388 393.163
-64.351 0.388665 1.60205 10.4042 74.0515 19.0633 33.2068 5.35327 68.1393 26.7505 2.30738 2.48926 8.66995 4.43414 1.79041 5.17481 4.79386 1.98455 5.14236 6.74131 20.4096 120.2 134.023 26.6999 26.2553 10.5885 6.59973 1.79433 0.0589876 389.016
-63.4778 0.343388 1.4974 10.0164 76.3258 9.03254 30.1103 30.7834 63.1778 5.88046 8.57679 3.68575 14.9564 0.193027 2.94024 3.73096 1.69756 2.73539 5.0931 4.88809 20.1722 117.89 148.532 20.0655 9.98835 1.38289 8.29931 9.91663 0.0470616 387.544
-63.4778 0.305427 1.65487 9.77323 73.1006 9.03254 28.4421 28.4002 61.4109 4.70978 4.69334 4.50005 17.2575 5.81128 7.98887 4.07165 3.17191 6.35711 23.253 5.54491 18.2729 93.7008 157.047 19.7515 10.5478 10.4675 4.9114 13.8148 0.00857536 389.833
-62.9521 0.259071 1.55962 10.5669 71.4244 18.0195 14.2397 40.5337 54.6618 9.33508 4.33561 4.73783 20.0596 8.10419 2.04717 3.49801 0.594518 8.71301 13.0868 1.90713 18.619 106.454 160.816 6.16449 7.51191 9.41805 2.90861 3.85154 0.0255491 382.846
-63.1203 0.196421 1.67912 10.3729 72.1518 15.1769 14.7984 37.3329 54.3619 8.08368 3.24256 3.8614 25.1769 15.1016 9.6819 3.94278 1.02937 5.22786 7.09661 1.71483 15.6324 100.299 168.507 5.36877 22.1149 13.0722 21.4862 10.5362 0.0329555 390.517
-62.2826 0.141313 1.77916 8.84422 72.9538 21.1758 1.49165 41.0273 57.887 3.02646 3.2969 10.1338 22.5613 10.3904 2.89156 4.9873 1.80746 6.28079 8.92622 5.71827 12.9205 105.911 166.218 8.18028 13.3495 13.9922 11.9313 20.3334 0.0326267 388.046
-61.6261 0.133284 1.70409 8.29205 73.3704 22.584 2.68896 41.5869 57.887 3.86914 8.81925 10.3488 22.0004 3.95434 1.70206 0.336187 3.51331 5.91609 5.56211 5.30651 22.3548 92.3344 177.165 14.8281 7.00431 10.2207 18.921 31.4259 0.0243665 385.739
-62.3835 0.251425 1.70169 8.08797 73.0534 19.0188 5.90653 40.4883 57.887 4.63056 17.5544 2.80236 17.0427 5.75115 1.94855 0.0794894 4.65107 10.259 25.8735 6.56927 35.7861 74.0784 155.255 11.4448 4.54827 9.95927 6.33942 42.552 0.0150693 389.296
-63.2447 0.330159 1.68289 8.13677 74.0527 18.824 6.27286 34.6637 63.066 1.49174 10.2756 10.6064 24.3133 2.64521 0.22318 1.32784 0.473644 14.1765 17.8045 10.3073 36.5722 75.8924 157.997 14.8688 12.9871 1.72767 10.2647 59.3872 0.022994 390.594
-63.0196 0.359793 1.44111 8.89548 70.5123 20.5417 11.5721 25.63 65.9716 8.55417 23.8946 13.366 2.20382 12.2147 0.409432 0.914456 1.40506 10.1605 14.4058 1.41128 43.0354 79.5993 152.563 27.0182 5.02863 9.12765 4.01567 35.6136 0.00501085 391.949
-63.5165 0.358575 1.46852 9.003 68.4721 10.8206 9.7647 36.186 65.9716 10.9995 23.9592 0.735574 2.42513 15.3096 2.29163 0.664535 1.42839 8.95538 35.2363 6.84133 22.5855 79.3979 154.189 9.16261 31.3361 5.7959 2.40232 10.4479 0.0131892 392.81
-63.7076 0.340608 1.63145 8.32251 79.8839 5.83999 8.01285 36.186 65.9716 2.62912 24.8243 0.735574 12.9991 22.5596 4.14655 1.61729 1.14805 3.68603 16.8626 4.11496 34.8614 76.632 153.054 21.4859 20.2204 6.33398 1.71837 7.93053 0.0166328 387.634
-64.2831 0.389573 1.59911 8.19326 79.8839 5.83999 5.85006 29.6539 76.2342 3.29672 20.8919 1.06019 13.0586 12.3023 2.65385 2.23717 6.46176 6.83434 16.7597 8.47939 39.0484 76.632 145.474 17.231 23.0942 19.0245 2.90948 28.6935 0.00960468 389.641
-65.029 0.407587 1.66784 8.68888 82.1936 9.96443 10.5727 30.125 76.2342 1.11409 12.3775 1.71559 12.248 12.3023 3.79268 4.20049 5.84604 4.14473 13.5475 10.7459 39.0484 81.6322 140.718 18.2104 22.6672 14.8927 1.79956 43.4266 0.0306452 398.577
-65.2221 0.436907 1.68341 8.58667 75.377 13.9736 28.6379 6.80561 70.701 1.62702 14.9619 8.66091 4.60448 23.3876 3.87975 9.62948 7.16406 4.27208 12.129 5.46075 41.0656 80.1757 118.224 53.8815 13.7643 8.34476 3.59951 16.2376 0.0276654 396.669
-65.2772 0.412356 1.70378 9.18067 73.553 20.3158 31.4969 9.71543 68.2253 5.9134 7.88423 6.71228 4.60448 21.6097 3.43949 7.08521 1.71533 0.405343 2.03426 12.2799 52.4021 80.1757 124.939 53.2016 21.2228 4.80264 3.75198 17.9444 0.0163411 395.485
-65.5925 0.447051 1.53788 10.4934 66.5921 25.4808 25.714 17.7453 55.2229 8.60287 25.2723 2.77073 1.42321 15.1759 2.65394 4.59546 2.22752 3.87575 18.7507 19.6871 28.8071 80.1757 123.006 62.2535 15.5872 0.603169 1.08457 9.34577 0.0377009 392.379
-65.5166 0.411799 1.64805 8.64439 72.838 23.6534 43.6445 17.4178 34.4058 2.38893 32.3547 2.47132 11.8637 10.689 3.07257 2.46272 4.14148 3.02144 6.323 24.9851 31.1625 83.6582 123.531 50.3221 20.0048 2.01939 3.38355 15.1881 0.0342633 389.607
-65.9096 0.401011 1.7934 7.76934 74.342 25.7836 39.4187 27.3026 22.2809 1.51939 33.5623 9.87622 5.50569 0.770858 6.75208 1.18399 1.17752 3.6337 20.1143 24.0276 27.7635 91.5601 111.124 58.9491 2.93996 12.2774 23.4395 20.996 0.0219681 392.98
-64.5925 0.398903 1.69025 8.09175 71.7568 28.3423 36.5452 30.0057 24.7323 7.06835 23.3931 4.43023 1.88865 11.2824 8.1181 1.36514 2.90188 5.17946 20.7092 24.4305 29.2347 104.255 112.692 29.4759 11.598 11.7526 3.11808 13.0595 0.0718877 394.714
-64.6614 0.398903 1.60448 7.83021 71.7253 24.334 48.6269 21.4225 19.9526 15.3985 26.7892 6.53974 5.59323 6.76098 9.20269 1.68969 3.31676 7.9086 15.3827 11.9393 33.2193 92.6684 108.343 54.995 2.72005 9.37457 18.0277 18.5498 0.100607 392.777
-65.7869 0.486544 1.55214 7.86971 71.7253 28.1713 47.6287 17.7263 23.5225 12.7874 14.5169 6.37989 26.4689 6.69404 5.75352 2.05267 1.96102 8.39891 11.6463 17.0112 25.4311 83.3791 118.048 55.4685 10.5378 4.15197 5.94482 25.6646 0.0976881 395.412
-64.5686 0.428503 1.69754 7.92205 65.7279 30.4056 36.5418 23.1012 30.9629 20.1687 10.7422 1.45805 25.4885 3.12922 1.60296 1.05593 1.98277 13.5457 13.4017 14.9539 24.2917 101.659 125.762 38.756 0.734105 8.03983 14.1184 31.068 0.00658777 390.63
-64.5686 0.38993 1.57102 8.59301 79.513 22.8267 49.5805 15.6684 28.9067 15.1782 7.48489 2.61658 23.7565 0.619004 4.03469 0.951025 1.33007 0.780295 8.66785 16.7445 25.3432 100.091 150.556 17.664 1.09053 11.8544 31.2142 16.8051 0.00565725 385.55
-64.6457 0.378226 1.55909 8.54353 79.6088 22.8267 56.2494 15.6684 29.6366 14.1246 6.59851 2.2391 18.3748 1.10991 1.70051 1.01421 0.279715 1.75329 11.912 17.9371 24.0685 97.2522 155.696 8.87407 2.08775 12.7545 11.9646 15.2801 0.0185982 386.794
-59.9972 0.0689641 1.56927 11.2899 71.4959 15.3266 67.0761 3.61474 32.6627 18.0043 5.12008 2.88955 28.4111 1.69115 0.212637 0.74263 4.40215 4.31065 11.5417 3.91565 33.7599 96.1837 159.724 0.894942 8.46216 11.9449 23.4741 9.20883 0.015432 390.442
-59.746 0.122841 1.58828 7.77405 72.2932 28.8962 60.3393 6.58805 30.3352 16.2508 7.88561 10.3952 1.65758 22.0181 2.4408 6.50002 5.57217 3.55174 8.38448 3.08356 11.1972 103.231 159.923 12.2493 2.08711 21.1649 8.00106 9.20883 0.0380089 390.173
-60.6107 0.163331 1.40961 8.88182 72.425 20.2203 62.3124 2.01926 42.7386 11.7641 9.2212 9.02883 1.30402 15.8832 10.4025 1.82457 7.73263 2.01968 3.32471 2.12718 18.1678 109.234 166.776 4.07289 11.9368 12.3662 3.65886 1.19651 0.0422041 390.942
-59.5236 0.0165568 1.54611 11.1065 72.9011 24.8105 58.7983 11.8346 22.6911 12.0677 9.35686 8.64342 4.66588 14.4308 1.92072 2.3922 4.93773 0.786815 0.622976 13.18 22.0637 109.676 153.522 21.6279 12.4699 12.1452 3.59652 12.1129 0.00377056 388.047
-60.0492 0.0716481 1.59557 9.67085 70.6526 27.3055 55.5922 13.6307 27.5246 3.04468 11.4204 15.3261 4.15148 16.7799 1.82353 4.22271 2.51217 0.598738 1.59636 7.58597 27.2956 110.387 153.383 8.12827 5.66701 19.3902 3.51 20.4086 0.0140431 386.907
-61.5987 0.165276 1.61989 9.9628 66.4356 23.2972 61.4985 15.8412 25.295 3.04468 9.98941 9.53483 7.77218 18.4445 0.0915526 4.63607 5.18269 3.2009 3.85329 4.4637 30.8744 109.605 150.156 20.2994 3.26621 9.35843 5.08359 33.8977 0.0169651 388.273
-62.3595 0.26934 1.49815 8.90936 73.2762 22.7883 64.6799 27.51 18.4478 8.48636 9.84128 4.90179 6.19352 10.343 3.50141 2.74948 2.0289 1.97158 1.89479 0.57233 35.8228 105.741 157.564 15.0139 15.7878 6.9951 2.37103 46.9972 0.00705049 385.594
-64.151 0.418063 1.419 8.49485 77.3159 19.9391 61.443 19.261 15.6268 5.72135 11.937 5.97751 5.84637 2.36528 13.6727 2.39594 3.11083 3.75927 8.78004 4.73321 40.8812 96.4699 159.675 10.4132 19.8737 14.0113 0.221533 20.2872 8.73532e-05 391.229
-65.555 0.418063 1.65286 9.81454 80.1582 2.5127 65.1155 31.6517 16.0725 21.3575 6.20887 6.05349 9.09054 5.15295 7.65124 3.37481 2.79934 5.17253 3.82092 4.45659 30.0971 97.1351 163.139 10.9554 3.82292 28.2031 2.70063 20.3262 0.0211285 388.251
-62.4125 0.263669 1.63981 7.59054 80.1582 4.83083 70.7136 17.626 23.9546 12.2496 9.9613 6.88641 0.360218 6.44146 8.29682 1.19643 2.96792 5.85828 16.4402 9.81105 21.0382 97.7262 168.658 14.0639 12.8616 1.43527 2.58229 17.8093 0.0216557 388.44
-68.6123 0.620662 1.63256 8.10245 82.4092 3.11043 73.1994 9.97436 22.9475 25.4747 8.8578 9.42749 2.41299 8.04249 1.91937 2.29635 7.25897 11.5148 23.6649 10.2105 19.4623 84.5191 154.285 9.48474 16.3758 8.57005 3.09885 28.3833 0.0304376 389.729
-69.626 0.673846 1.68259 7.10136 82.1011 3.11043 58.8599 24.3943 32.1624 17.0853 3.89652 4.2904 6.57858 9.91818 0.804989 7.79306 7.83216 16.4822 15.0961 9.53749 27.8559 85.4671 130.999 37.9151 5.652 7.78107 10.0609 19.8315 0.00318717 391.43
-69.626 0.673846 1.8467 6.12389 80.9475 7.77325 50.0878 32.2536 27.7513 13.1718 21.2235 2.69206 10.5041 10.4735 2.67776 4.84586 11.2694 7.1564 4.68214 21.433 23.9857 79.2103 130.999 42.0836 5.197 7.96425 4.815 46.125 0.00714532 400.142
-68.0028 0.522551 1.79923 9.70514 94.3163 22.1606 43.4677 24.3118 16.2365 19.0013 4.13645 4.69502 15.0959 6.71447 1.38199 0.688607 2.35566 3.64447 4.35687 2.99537 32.0274 105.102 130.999 39.4856 9.70792 3.84724 10.6823 36.1544 0.0146556 398.868
-68.0028 0.504949 1.69258 8.31896 88.6122 19.8156 49.1242 19.2659 11.2123 17.6662 5.75791 4.04871 14.2906 12.1863 0.96654 1.47479 3.45063 14.4163 5.42005 5.8071 24.5719 113.593 130.999 33.5331 16.5 5.18453 14.9729 36.4753 0.0127162 392.311
-67.9766 0.540213 1.82225 6.47862 81.6605 19.5474 43.7204 37.6684 12.834 20.2262 4.6795 1.30847 14.2238 17.2275 1.01997 0.696356 2.15623 1.88054 6.08444 2.35006 13.9798 147.687 130.999 14.8238 13.0131 6.93502 10.1429 4.58713 0.0122098 390.005
-67.9766 0.592188 1.74648 7.79641 76.8755 20.504 43.7204 37.6684 12.2473 20.2262 4.74465 3.14744 12.7008 16.3757 1.01997 2.75902 0.173391 1.88054 4.63254 4.78257 12.2869 146.542 131.179 18.9603 11.0025 14.7755 3.37342 8.71612 0.0056479 385.242
-67.9766 0.548743 1.676 8.48753 76.2883 22.8678 45.5422 41.5802 19.2396 15.5061 5.29322 1.95999 14.1641 4.37871 5.01087 1.04213 1.76918 13.5934 5.40323 8.83419 5.22423 139.934 128.947 14.6933 8.75998 12.2303 12.4171 5.75248 0.00896032 385.115
-68.2151 0.544658 1.72253 8.19631 79.8386 9.60214 32.3406 49.5855 21.4912 19.9777 5.61465 7.65246 10.931 7.83808 0.749323 0.724675 3.35684 2.01691 6.91308 16.8733 11.4109 126.028 139.829 15.9069 18.5932 2.68146 8.00527 9.93134 0.0604114 385.105
-68.2151 0.588964 1.74504 7.6927 84.8853 4.12387 28.4551 75.7742 8.53657 10.4651 5.18332 12.9715 11.67 3.19191 3.86457 0.446656 2.65191 4.17129 4.27106 9.96863 10.3539 144.541 132.8 8.11957 21.9963 0.850584 7.90292 31.1484 0.0368177 387.308
-68.8068 0.675001 1.75745 6.96487 83.5984 1.26806 27.1123 68.8357 17.3627 6.80144 8.20935 23.6956 9.83602 0.171619 4.68466 3.60465 1.90905 4.19027 2.02827 3.96246 17.2407 140.981 134.082 12.9662 7.85665 11.4502 6.0632 19.4573 0.00838927 389.047
-71.7592 0.872061 1.58038 8.34068 76.7984 20.9197 9.97175 69.4588 16.4224 5.46992 8.68746 23.5109 1.74319 6.72633 3.7987 2.96906 3.40114 9.34342 8.3595 6.64244 6.95769 137.594 138.404 18.1173 14.9102 12.5505 4.68169 29.3062 0.0222043 387.292
-71.7592 0.872061 1.58038 8.59973 73.5571 18.0254 15.7071 64.6669 23.008 6.89464 3.88152 32.1539 7.99783 2.01533 4.30207 2.38065 1.38038 18.6554 7.2544 2.22667 8.7181 137.594 123.015 21.1991 12.4631 15.0708 9.98569 30.4864 0.00838588 386.91
-71.7884 0.911047 1.52686 8.43552 80.0518 16.7562 13.0434 64.4775 19.0175 5.37764 15.1315 23.775 2.69647 3.16424 0.392794 4.52647 4.58545 1.50697 12.5487 13.7632 5.17845 137.594 122.284 31.9414 4.28868 18.3903 13.073 39.3522 0.0107208 389.177
-72.6247 0.99892 1.46889 8.62824 83.0522 20.0304 8.90941 57.0404 27.8411 9.96509 9.14309 19.6266 2.40049 10.7118 0.984577 1.0977 6.18989 5.06012 8.80893 14.4624 4.86219 136.838 125.981 27.2195 14.5984 15.0234 6.94367 37.8699 0.0126473 391.191
-72.6247 0.918549 1.64614 7.66342 78.6924 14.0549 11.8967 58.8719 30.1345 9.64577 9.86779 13.2768 2.53794 18.1243 1.9526 0.864188 5.78566 7.89185 10.4388 11.341 7.98371 136.838 125.981 17.0927 18.5508 7.46218 5.21616 38.8313 0.0113253 385.965
-72.6247 0.899435 1.69147 7.59237 77.0646 15.0997 16.3541 56.8051 28.3903 8.14881 3.11574 15.9701 2.69132 14.6059 2.29136 1.49762 8.69517 7.62101 2.30782 7.73008 4.53618 152.095 136.396 4.37629 9.14595 14.4275 8.00953 31.3463 0.0130255 388.944
-72.6247 0.899435 1.77326 7.85769 80.6619 16.9406 16.4398 56.5692 28.601 6.70655 6.03792 16.006 5.18603 8.68933 0.59612 1.35827 13.9647 1.7678 7.93907 5.27838 4.53618 149.881 126.387 19.8634 5.42425 27.2262 3.1712 46.2783 0.0160538 392.22
-73.4238 0.955509 1.7229 7.44871 81.5734 25.9891 14.8407 55.5769 26.1899 9.56681 6.55986 12.8106 7.21933 8.06822 0.500009 2.08107 11.2939 2.61152 3.32869 12.5162 14.6097 119.056 129.744 42.338 2.05599 11.5054 6.65099 34.4261 0.0084328 388.706
-73.5593 0.928674 1.83685 7.50321 79.1718 13.7317 13.9153 59.1449 24.65 4.77433 6.55986 23.322 13.3642 2.52736 1.99448 3.59262 5.58289 6.35713 4.42905 13.442 6.22528 128.798 140.693 22.4497 2.21258 10.0473 5.53175 2.85259 0.00112475 384.61
-73.5593 0.928674 1.7605 7.47237 76.8746 15.4371 27.3347 52.5953 20.3489 4.74149 8.81488 23.7762 14.4732 1.08105 1.27023 1.43843 7.98311 8.5879 9.60753 4.30013 7.02062 118.54 143.273 37.9953 2.21258 11.4685 3.09404 6.98585 0.0325847 386.379
-74.4676 0.928674 1.89865 7.91235 78.5663 8.07927 32.6107 58.8714 18.6689 3.89124 3.32023 29.3943 13.8095 1.17336 2.48203 12.6702 3.28564 12.1224 0.339561 4.3061 3.52964 114.868 146.241 30.512 1.86544 17.6616 3.15719 15.2554 0.00744528 391.051
-74.4676 0.928674 1.92118 8.34077 80.4113 9.19333 16.4784 69.6787 12.7095 3.89124 4.05909 19.1568 16.8393 4.76857 5.8722 11.134 2.45333 17.7686 4.05894 3.2477 10.5923 115.257 152.476 9.03973 13.511 1.90404 7.93023 10.2485 0.00845175 393.019
-69.3791 0.600686 1.94425 6.21055 80.9284 3.86286 12.8764 80.7694 8.06924 10.2103 4.32572 19.1267 16.6729 8.69329 4.31002 1.33028 3.65892 10.1661 4.46366 9.11747 6.61103 115.096 155.049 17.4796 7.04392 4.81814 5.23468 10.1832 0.0169648 394.363
-78.9103 1.15616 1.93445 7.72895 81.6681 4.91719 17.6172 79.8497 11.7588 3.12446 4.47306 15.1355 13.6941 17.7455 0.153657 2.26879 1.0697 4.67081 26.9383 5.6835 2.44939 118.26 156.576 7.23392 13.1885 7.59871 26.5462 14.5263 0.00247559 394.246
-78.9103 1.15616 1.85083 7.36648 80.578 3.46848 20.0463 84.2245 5.81963 4.85423 7.23642 12.6608 10.8723 14.9114 0.472198 2.77389 0.805899 1.57381 30.3713 5.759 2.35368 112.793 159.608 7.8418 9.76941 8.48221 18.7839 12.4739 0.0154736 396.551
-78.9103 1.26852 1.73976 7.81207 82.0744 0.988756 24.2592 86.8217 1.40407 5.70824 14.0636 4.42406 10.1996 16.574 1.6577 1.18904 4.31575 0.659019 31.9944 7.50358 5.88019 118.211 133.697 14.3814 1.49416 7.90997 30.9076 6.20955 0.012887 395.14
-78.9103 1.26852 1.751 8.3471 76.985 17.8059 7.46437 90.9141 0.754534 5.70824 18.3908 4.32266 12.3365 12.2237 2.63604 2.73674 8.0462 1.88512 24.5249 7.70041 6.5601 106.871 141.657 21.9812 2.40346 6.28802 21.4663 9.25455 0.0137509 389.528
-77.8612 1.26852 1.54588 8.11429 77.5416 21.3508 9.24661 80.6881 13.259 3.02319 7.45461 3.29931 13.4805 7.27764 4.38402 2.34605 5.97548 3.08342 32.3291 11.2219 3.80947 103.804 141.893 36.8674 7.50401 6.3704 23.1631 19.2732 0.00760794 393.31
-77.8612 1.40261 1.44543 8.35789 75.5235 18.796 10.9222 75.5534 22.1967 3.09322 5.67956 2.51119 30.6586 1.39597 6.30631 7.64859 1.33798 4.66054 17.8789 7.25083 16.3597 103.804 127.426 41.1534 22.794 3.72603 12.9409 6.40339 0.0430647 395.47
-69.7073 0.781024 1.55555 8.35757 76.611 15.4994 8.98405 72.7374 21.6163 3.44539 5.67956 3.81478 30.6586 6.21259 2.31323 12.7634 6.5698 5.43223 18.6232 4.82797 17.8814 105.337 118.249 42.7087 14.0793 2.57105 21.1858 44.6908 0.0135316 392.788
-70.2587 0.824466 1.60712 8.22715 73.7683 17.0479 10.0782 69.063 26.6299 17.1931 10.0287 4.12418 14.1403 7.55649 0.515531 3.28133 2.00489 2.41873 25.5029 3.59931 21.4224 118.427 122.069 23.6004 19.7683 18.739 39.0622 20.0233 0.00976121 395.72
-70.4971 0.824466 1.62474 7.70929 78.5661 18.3148 13.2637 60.1915 29.0101 14.3685 8.78701 2.71561 7.95498 15.55 3.40456 5.7068 2.16813 5.46902 37.6912 2.9876 6.92141 105.577 104.527 35.653 4.7112 5.29139 44.911 4.29296 0.0284936 397.353
-70.4384 0.824466 1.60112 10.6352 75.7434 19.8969 7.54492 27.2668 61.221 7.18186 13.3731 26.0453 1.04609 9.43757 6.91388 0.744504 1.0718 9.94796 7.54241 4.12015 16.1544 115.593 120.325 57.1625 10.3438 3.07275 15.6655 19.1651 0.0326755 394.456
-70.4477 0.918692 1.32801 10.5375 75.789 20.9148 3.2779 29.1835 61.221 1.14225 8.67032 27.39 3.01992 8.35604 6.67035 2.7074 3.64184 6.3078 4.99516 5.41754 24.0078 130.272 119.995 28.1303 1.89298 8.17397 4.43158 17.2024 0.0046934 394.977
-80.9341 1.39695 1.76894 8.29645 80.5822 18.329 5.16258 39.758 52.8869 14.5981 0.788887 16.396 12.0982 3.79625 2.6962 0.58655 2.87075 3.19763 5.51175 13.35 31.2966 115.118 121.487 32.1279 7.38274 17.8515 5.38546 5.57041 0.0393067 393.338
-78.4231 1.27511 1.64569 8.11497 75.7655 20.734 5.9298 34.3554 51.3904 25.2535 9.917 6.67113 7.79778 14.1861 0.962618 3.25047 2.02701 2.74303 8.21777 4.42259 17.1836 116.944 137.53 39.2798 6.92637 22.5705 3.864 7.55215 0.0426096 390.324
-79.4693 1.26446 1.82292 8.06332 72.253 22.8837 12.0264 27.0979 55.4594 21.8491 10.9469 8.66227 9.05194 15.4838 6.56815 3.53595 2.88934 3.4463 1.2223 3.98091 18.6916 114.117 137.53 26.0753 3.15955 8.14306 2.53724 17.5121 0.0346673 389.168
-79.4693 1.26446 1.82624 7.44903 72.6906 26.6063 18.326 29.2385 49.3351 24.0106 8.9856 6.2253 3.4212 10.5131 8.58372 2.95504 10.7846 2.98825 3.09041 6.76931 12.5356 102.745 149.589 23.1435 5.59547 25.1078 1.27471 8.55301 0.0308501 394.496
-79.4693 1.26446 1.79068 7.6632 72.1722 20.4543 27.3974 25.3814 47.271 24.128 6.84612 7.45797 11.6317 9.44064 1.34853 5.08731 2.66856 10.4799 9.08022 7.01181 5.94968 109.787 157.785 13.1889 20.0999 9.34333 13.7333 20.8441 0.0294919 391.386
-77.084 1.23506 1.72985 7.75002 73.2665 25.7493 22.9132 27.9857 49.632 18.04 13.9788 2.99712 3.72864 3.11047 1.23944 2.21066 3.30666 36.0357 2.54846 4.3672 23.8573 99.2469 145.853 9.85672 10.5915 6.34672 26.3765 34.8417 0.028034 393.523
-75.9214 1.23506 1.63197 7.84989 72.4104 22.3892 29.1131 43.5141 36.3489 14.9479 8.07117 2.80414 3.84157 5.02757 5.53556 2.09396 5.66346 22.0472 1.96407 14.0449 11.0268 98.1116 160.392 13.3729 3.74602 16.5402 23.2818 23.8276 0.0170791 391.426
-75.9456 1.23506 1.62203 8.19808 76.8996 15.3387 25.4021 30.4148 52.5735 8.31954 9.55406 14.1593 4.49028 2.32501 5.85726 2.14798 4.08227 12.8549 2.38786 10.0608 19.2805 102.648 167.093 1.06545 2.73475 17.6524 12.1158 20.7311 0.00782557 387.613
-76.9906 1.24363 1.64318 7.88385 80.2548 12.4025 21.1514 29.8239 54.9179 25.0312 7.6848 3.02741 4.62972 5.30592 4.40375 2.94194 4.71597 11.1137 1.69402 10.9397 23.2539 95.0199 164.366 13.0861 15.6003 21.4258 5.37084 41.3968 0.0325748 391.816
-77.3714 1.24363 1.61352 9.72473 78.9775 5.37427 17.6726 33.8971 60.4906 9.68229 19.7218 8.82796 6.98945 5.89258 3.80869 1.75775 5.34236 7.1702 10.2853 18.5061 12.5692 106.417 143.928 20.5322 26.5927 3.17286 15.0865 44.2016 0.0635115 396.427
-77.553 1.22426 1.71265 8.61776 73.3051 4.97531 12.4025 39.6621 59.6245 7.12641 8.27589 6.28231 14.6703 12.4872 4.47797 3.14025 3.99295 13.9982 10.4392 2.3934 15.1657 113.357 137.092 34.718 0.331022 6.17887 9.28023 15.7089 0.0254845 396.159
-76.6644 1.23472 1.60647 9.29266 82.3542 10.3901 10.6434 39.6621 51.8962 5.17176 4.59912 8.33887 12.9518 16.1363 3.26323 1.7503 3.25841 4.26323 12.7994 1.96403 23.2528 125.396 122.828 37.6805 5.63367 20.3108 21.1342 23.4245 0.00714762 389.554
-75.3731 1.0682 1.76663 9.35153 81.1153 4.01644 16.2109 44.6962 48.0797 5.17176 3.15784 6.52555 8.64332 16.5146 2.68408 3.57499 12.8127 1.82147 17.5008 1.96403 10.9064 124.902 132.536 41.1488 6.70482 2.06002 19.2757 21.2105 0.0751058 395.551
-67.4099 0.646383 1.46049 7.91168 86.8051 4.01644 18.4517 36.1483 48.5431 5.43476 7.50334 11.2474 12.2545 21.6825 2.17466 9.34957 7.83754 1.61796 7.21784 1.86136 15.6267 111.43 136.493 28.8663 1.59011 13.4943 21.5782 21.3467 0.0198394 392.042
-67.9064 0.656302 1.58835 8.14957 85.6577 4.01644 15.5902 44.3665 53.3909 13.0103 3.50884 7.69736 7.24181 15.0288 0.793079 18.3044 2.82617 2.39486 9.54453 1.86136 17.3491 109.2 142.378 27.003 6.13395 14.6551 17.809 49.4002 0.0158239 394.529
-67.2615 0.565494 1.54502 8.62688 92.6599 1.80144 28.3899 44.3665 31.9414 3.78474 4.85458 4.21098 20.4773 4.4632 4.17215 27.343 7.54596 5.53644 4.53779 2.69127 13.2487 121.641 133.427 13.1946 7.1044 10.6436 32.6307 7.50494 0.0238562 398.422
-66.7252 0.535169 1.63053 8.19001 86.3974 1.80144 9.87232 44.3665 45.7454 2.26903 8.90641 6.80518 7.2614 1.08991 8.56162 19.5222 10.1902 5.43162 11.1276 3.74945 12.0634 137.05 142.421 3.42455 2.3709 35.6424 16.1555 5.50474 0.0248501 394.747
-66.7813 0.511677 1.65579 8.34798 86.3974 1.23458 17.0051 48.525 37.6051 3.34664 12.2291 9.13381 12.325 8.47688 6.27475 10.0978 6.81221 7.69019 6.66547 4.42676 11.8824 122.949 143.271 8.78194 3.02235 24.2111 19.4689 1.57446 0.0104869 388.786
-64.5468 0.354768 1.66296 8.13886 82.0387 1.23458 20.5997 45.7873 50.6728 6.59742 4.64691 8.10806 15.9026 4.77701 6.32167 4.88397 5.28539 8.24933 20.4756 0.937646 4.04936 126.159 139.192 18.121 3.72805 16.6637 13.6375 16.4866 0.0192493 386.817
-65.8513 0.449954 1.66407 7.91226 82.0387 1.23458 13.3449 47.6961 50.0232 18.0701 2.40024 3.35535 21.9698 7.77313 4.8188 6.05725 7.35881 6.97923 6.5629 3.29151 6.6517 124.835 141.36 12.2891 8.62605 34.578 14.2523 29.3181 0.0173016 390.02
-64.6615 0.381143 1.68228 7.62298 82.0387 1.23458 13.3449 56.5987 45.3919 9.52578 2.9957 3.32411 23.5858 3.3909 1.33894 3.1907 5.287 9.91039 2.5916 3.30673 11.6581 118.999 166.094 8.93607 3.42703 9.50277 4.20338 29.0331 0.0310133 385.891
-64.6347 0.382041 1.6785 8.24797 82.0387 1.23458 13.3449 49.5591 42.5482 23.8171 7.87434 3.69278 10.4952 3.3909 1.29603 7.179 6.75304 13.4967 3.51852 6.39823 14.1947 112.06 161.419 6.7314 15.9219 5.43209 4.02431 24.4738 0.0311065 386.839
-64.9513 0.428932 1.66981 7.61062 86.2197 3.77003 13.3449 52.7138 52.7766 1.58507 15.8263 9.76736 10.0858 0.273538 0.951314 14.7593 4.50413 8.76691 0.878394 2.32934 11.1311 136.17 111.504 7.47694 26.2014 9.47246 14.8137 6.84545 0.0333473 397.41
-65.4307 0.416034 1.70695 7.43686 88.4797 6.90986 19.5507 33.9723 52.7766 7.77071 18.7229 5.10843 10.0858 2.08297 7.91741 2.24557 1.48775 23.7195 0.792338 7.5702 5.05362 141.286 106.051 13.3813 35.1926 4.19565 13.1805 20.6652 0.0149625 393.219
-65.397 0.410963 1.55297 8.52372 85.7765 6.90986 18.8963 33.9723 46.7546 18.1754 26.1686 6.74589 3.74716 0.656618 10.0759 1.01878 1.0741 8.11508 0.784558 10.7209 13.7829 114.04 155.743 9.11485 1.67054 6.939 7.05734 8.55624 0.0230125 389.339
-65.2748 0.512367 1.5133 8.61401 85.7765 6.90986 12.8158 39.4293 49.0581 15.9587 23.2818 7.84743 2.65625 11.3788 2.963 0.258357 0.914543 2.9503 3.69973 8.70421 19.6856 112.181 155.404 16.8241 8.58377 9.96657 13.3983 5.75543 0.00435482 385.309
-65.5441 0.493259 1.42339 9.17172 84.8714 3.67026 4.33535 40.6871 49.9078 9.66065 25.2509 14.3635 1.21655 9.95346 1.7717 1.15255 4.29471 10.5079 7.42936 10.8312 15.659 128.987 136.854 17.2108 20.8486 3.41519 19.952 6.15961 0.0324865 393.834
-63.7351 0.433994 1.27523 10.7827 84.8714 0.857303 6.61132 45.4778 53.7195 8.65623 24.1541 10.7859 2.82445 4.39594 2.45402 3.31406 1.63892 5.55194 5.45321 12.7936 10.8944 119.945 149.764 9.21512 2.11376 6.39519 55.502 12.9749 0.0158708 392.412
-64.4724 0.352552 1.5662 10.5739 77.9621 6.71987 29.6819 39.8326 36.6687 8.20503 36.9689 2.79078 2.21612 3.83339 2.43389 3.56575 1.37169 0.370991 6.65735 13.1498 10.8944 112.588 165.817 13.543 2.37175 6.45418 10.6985 13.8035 0.00371168 384.425
-62.9962 0.315208 1.47936 10.8747 78.5555 8.62323 30.9292 42.8458 32.5698 8.40139 19.7865 6.71245 5.96477 4.41935 5.47772 2.24045 4.20487 5.37043 4.5331 18.1681 1.55923 120.935 148.338 9.89075 22.6409 8.18279 14.2635 41.3845 0.00571899 388.712
-63.4163 0.389601 1.54284 8.23141 76.9277 10.5729 39.3972 43.1125 27.4763 6.77772 17.6041 7.35636 13.8478 3.62202 3.04443 2.15159 2.69466 0.624886 7.13509 11.5028 1.55923 129.768 151.118 17.8726 8.05315 6.39023 16.9855 66.7254 0.00280463 386.101
-64.1152 0.4243 1.49438 9.0193 70.8937 25.3338 36.2686 41.7411 14.5036 3.95504 8.57379 4.02315 30.5322 3.75808 6.15621 2.084 1.87993 2.95507 7.84201 11.2591 12.3339 115.643 151.734 19.7081 14.9855 6.78557 22.5451 56.5009 0.00824485 390.037
-64.6004 0.368946 1.56488 9.86312 70.0188 24.1222 46.5327 38.5636 11.3166 3.57533 4.65561 9.98513 24.3645 11.7264 0.958757 3.21202 3.68256 5.72483 17.8152 8.17091 2.03004 119.848 148.927 28.871 10.8635 0.354178 1.01884 24.6169 0.00872891 387.094
-63.5547 0.333371 1.52905 8.87847 73.8814 23.9077 33.0726 27.2669 31.0341 13.888 8.19259 10.2183 17.3423 7.60555 3.20663 0.475449 4.17034 12.1528 15.1421 8.75393 4.09521 112.267 153.865 7.31271 4.05509 1.14025 18.2101 18.7848 0.00992424 385.403
-64.8654 0.432484 1.508 8.74202 75.2281 30.014 35.1045 26.4737 29.6935 9.93791 13.2881 13.0043 9.54395 3.42809 5.18928 2.86434 2.51912 14.3308 5.7713 9.29001 4.92607 120.495 147.521 6.89977 7.92032 15.1292 2.7482 17.0213 0.0274514 386.102
-64.921 0.479968 1.51126 8.67316 80.069 16.0574 38.2563 28.7818 28.3055 1.84249 5.62167 5.75514 12.0275 24.1457 2.37223 2.38451 1.98119 15.0479 4.11823 8.80048 18.3624 120.495 149.121 12.0065 8.237 3.80314 28.7417 13.2812 0.0797079 389.695
-66.3783 0.515774 1.50472 8.77583 70.3493 25.5483 42.4343 29.3777 16.0119 9.95433 3.05327 7.11486 7.52327 24.1457 4.24425 3.37794 5.40098 13.9933 4.17663 8.45172 6.86323 126.195 149.836 11.4514 5.94011 14.7869 19.9644 32.5899 0.0104881 386.81
-69.0461 0.739607 1.50707 8.83227 65.7374 25.6118 50.3301 29.9215 19.9194 20.5465 11.84 3.06842 1.64742 18.0225 3.60736 6.48994 4.48263 7.47254 3.25404 7.80931 16.6436 116.804 134.387 31.4288 10.485 20.7275 7.75161 18.3845 0.0434106 389.68
-68.3113 0.692477 1.52014 10.1727 71.1183 25.5085 60.4736 17.6507 20.0476 12.3137 1.21829 2.8841 1.64742 23.048 11.7905 0.835947 1.52079 5.00078 16.3415 4.13211 32.7192 115.664 130.207 11.2534 4.83661 9.98442 10.8341 23.1745 0.0355406 393.989
-68.7582 0.678851 1.58127 10.1972 72.6089 27.2871 56.1044 17.6507 23.6836 11.3024 4.19563 7.60556 8.65662 18.1394 7.30841 0.676951 0.5066 3.98888 7.55876 4.15097 17.6053 110.633 158.128 5.15744 14.3653 2.14387 9.66328 32.5886 0.00944119 387.414
-69.1938 0.689623 1.65856 8.13405 78.6006 17.6367 69.4245 7.92706 19.0817 6.46232 31.2274 3.18038 1.22223 14.5085 1.90792 0.676951 2.83141 4.79273 9.35269 2.86706 19.4952 110.889 160.881 7.00342 19.197 14.0034 22.1384 2.80868 0.0209434 385.85
-70.1998 0.76405 1.63345 10.4688 79.1657 4.93268 73.3068 1.67415 29.5122 1.51797 31.1253 11.7448 2.81417 12.5127 11.3489 1.17146 2.62563 1.0032 8.58251 6.83547 10.577 103.421 161.386 18.7887 3.42012 14.4005 6.64408 7.23748 0.00302936 391.358
-65.1337 0.492669 1.61639 9.60607 80.6354 7.66698 73.3068 7.86134 23.5571 4.82729 17.9388 6.72767 4.82048 13.1833 4.8706 3.34985 0.535375 1.80523 15.979 15.318 6.97844 103.689 165.055 25.4096 10.8312 1.36961 10.6086 13.4012 0.0168993 389.226
-67.91 0.656357 1.5284 9.43039 77.714 8.18278 73.3068 7.86134 24.1243 2.46037 25.1698 8.62334 1.24662 12.7783 5.1392 6.77129 11.5784 4.39353 7.89849 2.42847 3.34726 99.8126 175.409 12.646 22.2277 7.0565 12.8725 30.7234 0.0200182 393.99
-68.5428 0.723792 1.49412 8.58175 78.2663 8.18278 73.3068 10.1209 27.1344 1.25696 33.3918 14.561 0.904159 9.14117 2.43511 11.5371 2.69435 3.54535 6.55381 6.23382 6.59949 102.621 161.486 12.0301 18.2623 5.70884 10.6922 9.81779 0.0237228 389.125
-68.5428 0.686842 1.49412 8.98352 77.6068 13.2419 75.197 10.1209 24.6208 10.172 10.4845 12.6823 0.803865 6.3199 6.20067 10.4662 1.57051 1.49462 6.34413 14.2892 7.34672 114.426 155.998 11.2987 4.55818 24.7414 20.3072 56.7715 0.0181281 390.213
-68.5428 0.686842 1.49412 8.92905 72.6199 22.7344 71.8551 10.1209 25.611 6.9711 5.08349 23.9196 0.658439 7.04959 17.4708 0.412041 0.950767 1.74133 3.98906 9.58005 7.48604 119.95 155.998 0.473436 13.0801 4.15298 4.46462 77.2542 0.0176133 395.265
-68.5428 0.554727 1.76653 8.95245 82.4054 5.86079 65.9629 11.4492 21.4936 5.96391 22.7821 23.5834 1.22443 1.76038 13.5366 1.9915 0.388029 3.99144 8.05633 8.67573 5.35877 119.588 150.343 15.1539 17.5101 11.5248 5.34844 39.2633 0.0173059 392.922
-68.2276 0.554727 1.729 9.63623 61.3544 36.1608 53.6609 15.5636 27.7854 12.2873 9.38881 19.7746 0.912235 6.45753 1.55131 0.594166 4.61708 8.1028 15.3198 9.30058 3.89237 105.936 161.736 8.58117 1.63259 18.1218 38.58 51.7198 0.0167771 391.721
-68.2276 0.622579 1.66021 7.64631 66.0193 35.7889 49.3004 16.5032 32.9152 25.6833 10.9613 7.88213 1.56303 1.17001 1.00519 3.46835 3.97863 8.79787 15.0001 6.47571 4.01976 116.732 155.465 18.581 2.2985 9.93765 1.18554 4.82781 0.0193743 385.117
-68.3863 0.619237 1.61241 8.08008 65.289 35.7889 49.2168 21.6576 19.2017 26.6287 11.8524 6.49858 6.49915 2.61436 3.8275 0.705584 2.92358 7.8786 10.6789 3.87955 11.9967 122.366 147.246 10.9437 19.3219 5.24838 2.10755 10.3233 0.0471388 383.35
-70.291 0.70665 1.67376 7.66662 65.3575 33.5288 54.7767 31.4519 15.4361 28.4528 7.21063 1.90094 3.3808 5.98214 4.40446 1.98673 1.02269 5.93244 9.38659 7.47646 26.6666 108.363 142.235 4.9063 6.37157 19.7497 27.9993 23.8229 0.0179099 390.474
-71.811 0.784518 1.83213 7.68098 66.036 33.5288 50.6131 38.1516 13.6795 11.1208 2.86878 12.8711 10.7786 3.1817 2.58804 1.56562 3.98086 7.92224 14.9645 6.65444 20.6865 107.937 153.406 6.45425 25.0164 24.4327 16.8721 28.4568 0.0661299 393.637
-71.811 0.784518 1.76184 9.26701 66.4056 32.009 47.4582 33.3831 18.5892 9.86872 10.0462 12.0587 6.59575 3.42224 4.02033 1.62886 2.78435 9.97382 1.87512 11.8844 37.1553 114.177 138.645 2.291 6.23614 36.4927 3.75152 0.97781 0.00504828 391.936
-71.811 0.784518 1.76909 7.89842 50.3346 41.988 59.0707 20.5942 17.5438 3.7687 7.72488 6.86472 31.5255 4.12753 5.61215 2.90568 1.45477 4.64942 2.90497 8.01692 33.3377 131.776 127.943 2.291 6.16855 18.2493 26.8617 16.2822 0.00474986 396.504
-69.4238 0.672216 1.80918 7.51843 61.2933 42.927 52.1818 21.7314 9.62819 14.2976 11.6656 4.37052 17.0799 5.9323 1.70193 4.56525 1.10948 17.5798 6.14085 9.95753 13.4661 119.452 116.527 19.0744 1.8358 13.7927 37.2094 11.8545 0.0130676 393.265
-69.3321 0.672216 1.73349 8.81001 67.5627 40.2874 31.1636 45.4832 9.12094 8.50357 21.2322 9.9061 9.23262 7.08431 1.77712 1.90913 9.3059 26.4281 8.6378 13.5753 9.25774 103.386 114.942 17.9428 14.289 13.8349 28.7475 9.79854 0.0430366 397.755
-69.4057 0.671619 1.75028 7.68037 69.668 35.2162 49.5276 39.4388 8.15791 13.8986 17.2078 4.47417 9.23262 3.25649 4.17357 4.94899 11.2421 17.862 9.31229 9.10294 8.39126 117.387 116.565 36.8957 1.73893 9.96635 13.776 16.2671 0.0233717 392.572
-69.3555 0.649416 1.78212 8.1133 62.8322 36.9928 46.3213 33.9768 8.284 15.3499 5.42612 17.2253 9.50584 6.3441 3.65566 3.30437 5.79449 4.47894 30.0073 18.1857 15.084 112.01 108.251 31.7491 4.02673 8.16191 12.0876 1.63969 0.0249412 389.185
-69.3555 0.738696 1.53958 8.29891 62.8322 38.0248 47.8711 33.7971 6.16058 5.14489 14.4329 4.06359 10.6129 26.1146 2.85272 0.679208 2.5659 1.33975 39.2938 9.47742 14.6165 111.776 113.935 24.8276 17.4798 9.4888 9.2296 9.98436 0.0235889 390.213
-67.6329 0.645678 1.57718 8.44466 65.4437 33.2006 57.6179 24.8327 8.90951 6.87531 10.6241 16.6108 10.6129 24.492 0.691809 5.35932 0.996214 2.7153 23.5618 7.68199 17.6468 108.417 128.393 19.8509 28.7623 4.02323 26.0175 41.1955 0.0255332 395.818
-67.6329 0.641919 1.62261 7.83905 64.1898 34.4347 54.1873 35.9966 9.2254 2.50277 1.30774 19.2935 12.1475 15.5053 3.6552 1.32447 0.329208 4.35123 6.49569 12.6555 17.5416 123.14 129.513 21.5789 5.91017 3.56709 39.1305 10.6796 0.00572845 385.937
-67.676 0.602269 1.5737 8.7448 64.1898 40.3779 58.3031 23.1044 5.77361 5.32361 5.92707 23.4457 2.25045 28.2029 1.07869 0.396121 1.93246 2.79091 3.20302 6.12415 20.3769 112.556 135.329 36.2858 10.7547 6.82081 24.5353 13.3578 0.00320391 384.977
-68.3648 0.602269 1.58847 9.66212 60.3243 37.8032 62.9784 27.6678 5.76451 8.7643 2.5455 22.2635 2.25045 15.628 3.70909 2.40848 3.81401 2.62517 11.2788 8.38197 18.7004 112.629 143.12 18.1048 4.21448 1.91185 12.6083 24.8499 0.00127031 388.78
-68.3648 0.658628 1.5554 10.5189 58.5424 44.8699 59.2066 18.9291 4.86724 10.5572 5.35372 9.11994 20.0994 13.8177 2.23473 4.36537 3.53675 3.45928 5.53936 11.3845 17.3947 120.274 130.654 29.3072 3.67148 23.6693 5.88293 26.406 0.0342756 385.746
-62.7271 0.356953 1.39529 10.5189 56.3272 48.2549 56.6175 25.9338 4.06817 11.2589 1.72713 3.93334 22.7114 13.2216 1.23437 1.50453 0.784539 0.81721 10.3638 14.5977 20.292 118.207 131.571 35.2165 1.16968 10.8534 11.9115 33.3321 0.00654848 387.431
-63.8482 0.417897 1.43473 10.7626 56.2557 47.7312 53.9967 22.8434 10.0225 10.4152 2.25766 1.3429 27.0057 12.8516 3.04949 3.26711 1.84727 1.86361 6.01654 7.59729 18.445 122.728 125.86 49.9369 2.20999 6.5568 6.91244 24.7374 0.0256473 386.33
-64.5292 0.425646 1.41989 10.8463 56.0347 46.3612 56.5536 14.5762 16.1734 12.4443 14.406 1.04015 20.9297 13.6423 2.55769 2.20658 1.82882 1.04676 10.6589 6.96238 14.944 122.734 132.664 33.6611 3.77801 2.30883 26.894 56.1035 0.00256141 390.01
-64.5292 0.425646 1.49971 10.1403 53.9009 49.6656 55.3374 11.2619 17.5755 22.4919 2.46862 8.36491 11.3668 13.5631 0.549613 3.51088 1.69547 3.36411 7.44085 23.6267 13.6964 119.973 133.493 21.957 8.16479 1.57732 25.8778 20.853 0.0103355 386.777
-65.2414 0.425646 1.42157 9.38666 56.98 48.8236 51.915 9.1448 17.7048 6.53123 5.04261 1.79927 22.7224 6.08188 3.47728 17.0854 0.596783 8.05114 2.89328 22.2021 22.0296 121.844 130.295 10.4865 6.95772 7.29824 23.4932 20.4702 0.018537 396.162
-65.4792 0.409317 1.62831 8.3628 59.8861 47.4943 44.9046 19.7625 21.9882 10.8208 1.7863 1.4937 17.1908 12.7163 3.00022 4.44259 0.507401 16.0916 8.87443 12.6206 20.0934 117.832 138.214 17.7438 2.21732 7.04217 13.0286 23.2868 0.000733404 387.914
-65.3247 0.409317 1.68124 8.44641 55.3405 44.1379 55.8989 23.5988 22.8639 14.9875 16.1028 3.56843 6.5478 2.62114 0.490037 2.19949 4.33664 10.6986 4.91141 11.286 19.3043 108.386 150.521 10.4761 11.7293 16.3105 7.98017 17.7545 0.00562259 384.131
-63.7202 0.324353 1.69613 8.12111 55.5602 55.5608 51.9898 24.8434 7.80668 21.0609 18.7449 2.6829 1.72105 5.22787 1.29518 1.75232 3.39011 2.4795 20.4308 11.5292 13.8311 103.014 156.168 7.02962 4.15596 11.3582 7.10045 5.80307 0.0209355 383.899
-63.5985 0.289615 1.73598 7.32257 59.6577 42.3652 57.0521 24.8434 16.8035 16.4927 13.3719 5.58981 3.00635 2.63671 2.56165 3.32074 5.95209 5.31528 25.698 11.8972 5.96562 97.5166 161.427 9.91325 13.6973 11.9089 9.205 5.60416 0.00677762 385.2
-63.5985 0.268959 1.76521 7.19849 69.5457 42.3652 52.9521 17.4017 9.79819 13.4657 11.7972 7.41257 6.30696 2.56127 2.75357 3.25492 5.1854 11.2397 17.1997 6.33571 15.626 97.5166 162.775 12.088 34.502 4.27332 9.205 20.6257 0.0280351 391.905
-63.8944 0.268959 1.79077 7.08383 74.679 38.4352 56.2298 4.76197 23.0057 11.7956 11.6217 1.46377 2.16995 6.58736 3.48729 3.14832 3.80995 12.0623 17.2518 12.7467 11.3358 103.783 168.052 9.47771 30.0614 3.47661 15.7347 45.6204 0.0743593 397.715
-67.8455 0.57749 1.81016 7.0342 74.679 24.779 55.7657 7.11152 24.4478 21.6883 23.0964 4.65907 7.68193 2.33442 5.22742 0.201081 2.42056 11.7199 3.44689 24.4015 4.43188 106.368 155.088 16.9389 23.0958 1.37892 16.1006 35.7245 0.0113105 392.427
-68.6449 0.546653 1.86953 7.84224 74.679 25.9772 55.7657 3.99438 31.4096 8.56782 22.5008 11.371 4.15309 9.07205 3.63353 5.72232 0.139671 4.84212 7.08758 27.2341 2.7301 105.738 155.789 13.5066 19.5524 2.40493 5.08006 51.8048 0.0137518 390.466
-67.6363 0.585773 1.75559 7.1955 64.3271 25.9772 40.5972 27.0413 35.6932 17.8174 19.2681 10.2209 4.27886 5.20472 3.48879 1.94308 3.24077 3.71832 6.78594 18.4186 28.2488 90.9735 157.886 9.16094 7.36173 1.89264 30.2366 48.657 0.028922 395.237
-68.5007 0.551634 1.75897 8.13537 65.9061 21.1037 30.8543 20.6018 56.2921 5.07163 26.7461 5.23832 1.6498 2.8828 5.39582 4.47235 2.84174 21.5424 6.44183 11.1091 32.6168 89.4329 137.388 43.9807 2.51688 2.40377 6.9348 1.49714 0.0100449 393.509
-67.2214 0.561723 1.64394 8.33534 65.9061 46.0023 15.4172 5.05122 64.8583 12.6255 32.9809 2.18089 2.15794 0.990676 0.69557 1.76943 2.39353 5.84257 16.0429 14.638 23.1571 95.7393 132.051 40.1983 8.70597 0.896681 15.3069 7.99109 0.0219869 390.504
-67.0617 0.480749 1.84028 7.88163 64.297 45.2419 15.4172 3.31246 65.7839 6.99599 32.0589 4.22086 3.7796 3.42724 0.69557 5.8636 1.29758 8.2321 25.729 20.2026 11.2956 91.524 139.83 32.6438 13.5849 0.853967 10.5321 22.37 0.0183898 390.72
-66.3977 0.489754 1.69218 7.62482 75.6144 45.2419 7.50866 5.69774 65.0129 4.45695 32.0589 5.79857 7.64071 2.18332 1.18333 3.47669 0.968154 7.64862 15.605 24.5982 19.4065 88.1197 130.42 35.0578 6.47047 7.78483 6.6983 10.7055 0.0101116 393.367
-66.3977 0.453744 1.69697 9.06652 78.6287 25.6134 7.50866 1.72966 81.9252 7.64276 33.1683 2.4066 2.31083 5.04865 0.708189 2.24325 2.62715 6.76125 16.2813 26.2503 3.44814 101.856 149.528 11.3062 18.6927 8.90575 9.9812 42.4065 0.00667117 393.004
-66.3977 0.501662 1.57617 9.97787 71.9072 21.2335 7.11121 5.17588 81.9252 11.4144 31.7612 9.01183 2.63817 6.34467 5.53219 7.72825 3.23765 5.20648 8.56207 5.22552 15.2122 114.881 149.67 11.5614 6.01019 10.7976 10.3775 36.056 0.00236962 393.188
-66.495 0.517865 1.74573 7.8752 59.4701 50.0549 2.51015 15.1065 63.2999 12.2462 27.5847 10.3964 4.20999 6.2376 14.4207 1.13523 1.97715 4.56309 4.84464 7.18656 6.53076 106.989 170.77 4.81422 5.9177 8.78074 18.6794 26.5978 0.000450502 389.818
-66.495 0.517865 1.68107 7.91397 55.6462 51.449 18.2428 11.6929 63.2999 7.79565 25.6843 3.66594 6.09783 2.73017 1.50806 7.75405 9.99804 2.8058 2.70578 6.71342 12.8152 107.51 168.667 10.3836 2.22848 13.3569 35.8566 24.5156 0.00551066 388.821
-66.495 0.517865 1.66407 8.33547 56.488 46.8399 18.9343 12.3189 64.252 4.10822 27.9562 9.7849 3.24663 3.83321 6.53882 5.81597 6.17312 3.78892 3.2428 6.18537 16.0489 103.732 162.246 10.3836 2.67344 16.3118 10.9411 7.46424 0.00380944 383.735
-67.064 0.47107 1.69465 8.37326 58.9111 47.0677 15.4347 14.2039 64.252 8.97471 18.4438 9.58941 1.84684 1.97376 2.81702 0.570397 5.65103 6.07459 14.0005 13.7304 15.2366 104.455 162.246 1.68949 1.88886 11.5229 30.5103 10.5821 0.0143371 386.992
-66.2876 0.498458 1.86842 6.24078 58.9111 47.0677 24.8086 11.1108 64.252 6.0162 17.9907 8.28962 5.24062 3.18132 6.0582 2.07938 0.775192 5.51645 9.7652 32.0814 12.7461 86.3979 166.774 5.80378 5.02996 2.21738 34.1789 3.49323 0.0125383 394.721
-68.3728 0.498458 1.87407 7.81594 60.7414 41.7298 24.8086 1.01455 70.4877 9.4369 15.8623 7.92496 9.5999 4.99492 6.26031 0.422841 4.70903 17.5447 8.46489 31.6087 2.61814 75.7697 163.853 20.7755 11.8581 0.804084 22.4911 5.09511 0.0128301 393.443
-68.3728 0.498458 1.90231 7.71081 61.9208 39.4211 29.4205 2.07438 70.4877 7.24961 15.7814 7.73816 10.2799 2.43696 2.58284 0.899338 5.20404 20.4008 7.24661 31.6087 5.66804 80.8942 165.956 2.9901 11.3625 3.42283 36.7018 6.82068 0.011362 391.199
-68.3728 0.498458 1.81547 7.841 61.9208 39.4211 26.9777 6.467 70.4877 4.18752 16.2541 10.885 5.99188 13.3756 4.52081 3.61972 1.30565 19.0082 4.24692 27.3344 5.58955 72.9041 155.998 26.1352 5.1541 4.45708 24.8992 16.9381 0.0361366 393.757
-68.2989 0.605802 1.74647 7.45018 68.5484 34.1899 28.5379 11.2437 70.4877 10.1476 13.2526 9.54832 1.61474 9.47605 4.63796 1.30504 3.19159 16.843 3.69998 27.3344 7.67646 85.9184 155.998 9.97389 18.3403 3.81365 3.85863 28.2368 0.0221228 391.789
-68.2989 0.605802 1.8357 6.94087 69.0414 34.1899 25.6138 11.7 70.8104 16.5999 2.57335 10.1651 6.15983 8.83344 2.43411 2.59538 5.65044 15.9266 3.48179 19.1731 11.7385 85.9184 157.446 19.9711 15.3231 5.63966 4.48648 11.862 0.0178207 391.49
-68.2989 0.523548 1.91834 7.02071 66.0862 34.1899 25.9926 5.92504 70.8104 15.1502 2.69527 8.56037 7.89946 8.7932 2.06351 6.09301 5.59315 15.4392 7.76982 15.4604 11.7106 89.0396 159.977 19.2387 20.822 2.95418 5.05114 1.51303 0.0203536 391.99
-68.3952 0.490252 1.85212 8.09627 66.0862 30.0222 22.5235 7.0897 70.7592 19.1377 8.34925 5.26056 8.46649 10.2202 2.75747 4.79876 6.0772 5.52325 9.66695 19.0073 2.94202 104.947 165.786 6.40085 18.3162 0.690131 1.53882 13.5084 0.00765439 388.789
-68.3952 0.512979 1.85212 8.00782 66.0862 29.4657 43.3832 5.53314 51.4514 9.70251 7.63933 9.25752 8.31158 5.60556 2.18266 8.8239 9.4576 2.582 11.002 14.6789 5.66308 103.487 176.543 1.22115 12.5458 1.11214 5.50778 23.1707 0.00650881 388.557
-62.1382 0.234186 1.58898 8.1329 67.913 29.4657 40.6662 5.67564 51.4514 16.202 11.759 4.37106 3.4613 21.6547 1.78631 7.42806 7.9413 0.76568 9.20388 10.0886 0.832938 107.21 162.842 5.22665 6.63473 2.44672 19.9526 33.4609 0.00630098 388.392
-62.8096 0.272598 1.64693 8.09535 67.913 33.1963 38.253 5.9062 48.3766 23.2711 12.2975 4.2757 7.58847 10.8487 4.15387 3.63235 3.47849 3.35174 7.64096 13.1643 3.49719 108.661 157.061 16.6832 4.69815 10.1166 20.4745 14.5098 0.00335114 384.463
-64.0273 0.285394 1.84289 7.38303 65.8498 33.1963 38.7873 4.71949 48.3766 30.0517 5.08906 1.21967 7.58847 5.60361 3.13461 2.45425 3.61967 4.02289 14.0241 13.2065 4.28928 120.899 157.061 9.56154 3.20102 12.2682 12.3059 27.4903 0.012541 387.373
-64.1796 0.321768 1.78999 7.04629 63.0148 38.4953 44.8408 9.29519 38.1014 32.5176 6.39078 2.43436 4.01357 8.67082 1.41735 3.52859 2.42824 7.2754 2.94644 11.7658 7.11188 107.381 164.968 16.3134 6.95076 20.4001 5.37991 0.500055 0.031961 385.43
-63.0559 0.238275 1.59992 8.18765 63.2267 40.9776 27.47 19.3953 41.3054 25.052 5.40911 4.1075 4.01357 15.8573 3.19737 3.59744 8.83072 5.21451 5.67738 5.47397 10.5831 109.532 164.968 4.65922 9.87108 20.1341 6.02785 25.782 0.0614263 387.181
-62.4842 0.238275 1.58928 8.58608 69.4537 44.5022 27.2084 16.0456 40.5919 18.996 1.21618 3.82037 3.48543 18.1892 1.5069 5.18354 2.62636 5.4354 10.9858 3.51096 14.9695 106.616 164.968 4.65922 10.2044 20.5449 11.345 22.5213 0.0429899 386.816
-63.808 0.306797 1.56256 8.93407 74.3909 39.0748 36.9272 11.0512 30.9354 13.8588 3.71617 1.91492 2.10787 26.1558 3.79554 2.7463 10.3819 6.15656 5.56817 1.26166 14.2477 123.314 150.495 25.2907 14.1802 21.875 5.60339 33.1203 0.00375098 394.709
-63.1182 0.315354 1.55071 8.27083 73.1794 39.0748 36.4239 14.5014 26.9386 1.53637 7.4359 2.50749 3.00121 23.9468 3.55681 4.7028 11.233 16.6775 5.09053 9.52087 13.0426 110.127 148.087 9.77041 9.09755 22.7775 42.6847 3.79382 0.00596531 396.635
-64.9356 0.310078 1.74252 9.51879 64.597 38.4232 39.2687 28.4665 19.2824 13.4361 2.48556 4.37914 20.9903 16.9127 4.58844 3.54351 1.97875 10.2164 3.19172 6.73053 21.0856 95.5509 166.485 4.97228 7.74301 23.4729 34.3665 16.8627 0.0362632 392.449
-63.8005 0.210425 1.86303 7.86264 53.7919 56.0298 47.0173 17.7777 15.2828 3.45403 4.33337 7.21882 23.0956 12.7295 4.95719 3.52745 4.07361 4.56 11.9329 4.86577 32.4394 118.178 141.396 4.97228 10.4079 22.2652 10.1887 24.0003 0.0529525 392.583
-62.8447 0.231542 1.76253 7.50667 22.3649 89.7759 28.5827 19.5683 32.2457 6.05102 3.92936 5.59495 18.1157 21.2103 6.13134 4.04044 3.28229 5.2735 12.0793 2.48549 18.3134 126.18 131.494 12.3623 3.67521 30.4592 4.12771 1.88134 0.0104338 392.706
-62.6605 0.210754 1.68759 9.59074 37.4646 89.7759 21.4007 23.9385 20.466 3.23023 7.69402 2.99695 19.8767 21.2103 0.47277 1.61698 4.67659 10.3402 10.7367 1.43405 21.2184 111.77 139.777 30.6852 10.4775 9.22611 6.84152 52.1897 0.00688037 389.011
-63.2593 0.25471 1.70316 9.97882 35.2172 92.6908 21.4447 16.2277 29.9332 3.23023 8.44707 4.19854 19.8272 18.0828 2.02718 1.83529 1.41322 3.23425 7.19613 7.52756 23.8755 110.826 131.474 42.7562 6.97671 5.84067 11.997 34.8489 0.0520395 386.222
-62.4372 0.184859 1.69782 10.3938 35.2172 96.0824 23.5876 16.1969 17.1236 7.77425 3.56404 4.59117 22.9075 30.4774 2.54214 3.12265 1.4019 1.63579 4.79365 7.01243 24.5315 115.364 103.219 44.9599 13.9193 16.8587 18.7601 6.34944 0.0520908 396.593
-72.9003 0.834803 1.91245 7.35487 29.9208 103.722 13.2652 16.9006 24.8151 15.0476 22.3435 2.11617 3.41573 18.2807 3.25436 3.9037 0.767864 0.850856 4.60538 10.0395 25.3105 135.975 103.22 47.4877 7.67087 19.1671 1.37173 10.7834 0.00663278 393.284
-73.1899 0.796529 1.90037 8.1339 29.9208 99.9611 21.6814 16.0186 18.1962 9.76224 14.0108 4.05409 3.39206 24.0882 2.48608 1.27845 7.67994 0.252254 4.14624 6.08777 21.1538 140.067 133.361 14.9317 12.3377 18.775 12.4319 24.4196 0.0126248 393.781
-69.1959 0.666227 1.87207 8.07838 40.3703 104.032 22.705 14.4765 14.0365 1.29836 16.2284 15.3677 1.90959 14.2893 1.86176 6.47114 2.94632 0.931342 2.98354 3.52264 24.1537 132.73 105.7 39.0663 13.3175 11.7929 15.4583 46.6555 0.0132224 403.91
-69.7019 0.675163 1.70952 9.09028 40.6486 80.7921 39.5408 20.2752 9.85417 14.1551 12.3187 10.8861 1.1164 12.0648 1.11392 1.23684 5.33437 1.48349 21.3625 4.78628 8.78745 137.196 105.7 55.1866 11.8205 22.2907 4.63001 0.889988 0.0167008 391.507
-69.4881 0.696321 1.57852 7.86092 33.8467 81.7906 43.9676 14.4153 19.6817 8.387 15.2475 10.5124 0.450574 15.965 3.47055 1.18185 4.95818 8.18917 13.4264 7.83431 8.93102 129.823 112.6 65.8416 6.84348 5.8271 7.43353 2.82707 0.00214487 392.831
-69.0643 0.628353 1.71275 7.80943 43.8064 69.3139 37.6507 13.1058 25.9366 8.66281 5.45987 21.3417 2.27457 11.2486 1.24708 3.57681 7.45585 4.20508 21.6483 11.1296 3.77864 130.013 132.82 25.6525 0.824512 19.4597 7.75092 0.206541 0.0110905 390.618
-68.3789 0.587402 1.76886 7.87029 45.4915 69.3139 34.7191 19.1269 26.3615 7.17588 6.11809 26.3771 2.27457 8.69212 3.26362 4.00045 6.4147 2.57171 21.5398 11.333 4.29268 117.248 121.569 46.1491 12.9276 11.7446 22.97 13.2148 0.0118189 389.119
-68.4113 0.587402 1.73485 7.86872 46.8657 69.3139 26.4444 23.6288 18.8153 4.05228 7.98164 22.5895 6.61871 9.35288 2.11187 6.58106 9.75164 7.95715 25.9697 2.7887 2.49679 123.466 118.753 53.4339 2.88681 10.3639 2.69961 9.08711 0.00112788 388.125
-69.247 0.587402 1.84753 7.60313 54.6219 62.7089 27.2295 28.4106 14.7816 13.4213 5.31425 23.2589 6.17797 10.8326 3.58132 0.534924 2.92588 8.08853 25.9697 2.76143 1.78932 124.981 118.753 53.4339 7.0299 3.44906 11.7506 29.1202 0.00662801 387.333
-68.8051 0.685558 1.62674 7.44394 47.5295 75.8504 36.7667 21.0052 16.8533 13.4213 7.58269 23.2589 3.58254 1.55365 3.44829 1.04175 4.44535 4.08377 10.2249 9.64401 5.38965 134.395 125.955 31.4186 2.97633 8.38954 8.20846 12.5173 0.0092348 384.433
-69.8788 0.738586 1.69505 7.62897 41.1583 82.9255 27.7767 17.8816 20.7314 21.9816 10.4653 11.7644 3.10526 9.47752 3.01608 0.791346 7.38103 5.35197 8.02389 15.441 5.00188 140.995 113.958 26.2084 8.0838 7.96559 22.9707 29.1329 0.0291651 386.971
-70.4864 0.738586 1.74042 7.77485 44.0454 82.9255 32.3619 14.6817 22.4768 15.6177 5.81987 12.5295 1.59246 13.7319 3.44277 0.796995 7.06696 5.92088 0.801377 10.7942 6.31272 140.341 127.506 37.9299 1.31371 7.54588 1.67931 6.76634 0.00976991 389.634
-66.6111 0.479066 1.7024 8.43823 46.6445 73.2537 33.7487 20.8523 19.9364 2.41221 16.5638 16.8057 12.1476 11.1447 4.09942 0.606815 0.799175 15.4008 0.801377 8.74764 6.29481 131.755 124.926 32.1186 4.4689 6.16849 4.89596 5.71321 0.0288413 386.833
-64.506 0.414201 1.56962 9.49426 51.5102 73.2537 24.7773 26.6189 8.92189 14.4843 13.7485 18.0924 9.10051 5.2403 0.598494 0.375644 1.76342 9.41739 5.62963 11.9057 6.96496 126.596 133.405 35.285 6.38978 11.6037 7.24982 5.19362 0.0034072 385.653
-67.9734 0.553867 1.662 8.1676 39.6444 79.5261 28.3962 35.6169 14.8257 6.96204 12.7314 5.37329 12.5179 15.6769 4.38423 0.759464 2.8126 6.66626 3.6615 4.01692 14.8227 122.383 123.564 56.5134 6.49807 2.51232 17.0134 13.2908 0.0486566 386.327
-67.9734 0.580158 1.76444 8.13092 39.6082 77.9168 28.3962 12.5 34.7047 3.78003 12.9456 8.27721 16.2272 8.63569 3.85952 2.60782 3.67311 9.09049 4.56645 14.1221 14.3585 123.026 117.158 69.0774 11.8062 2.60074 3.75748 3.10819 0.0363556 388.616
-67.0757 0.590288 1.5006 10.0302 31.9779 77.9168 27.7773 12.8624 40.5928 2.19668 22.4465 12.1672 20.1977 1.50706 6.4166 2.11404 0.591377 11.4949 1.99929 8.67647 9.53201 126.704 110.165 54.2262 10.1292 4.29043 14.5277 10.9315 0.0129818 393.596
-66.4146 0.576921 1.40992 11.5683 29.7318 95.2591 31.3387 13.6315 27.5329 5.61579 9.82322 4.79889 16.6756 1.36035 3.32976 2.83563 5.90487 3.57718 15.1644 5.91007 17.8857 126.704 112.09 51.6684 4.0466 1.28733 10.8725 24.6003 0.0022112 389.952
-68.3343 0.648238 1.55546 10.589 36.3792 85.449 35.6323 13.044 22.5415 10.6063 3.88925 3.35029 11.2934 12.4075 4.4943 16.057 3.2706 3.68011 21.042 0.307 15.7439 96.2882 133.302 47.9103 10.7165 7.06931 12.1567 37.8295 0.0122258 400.037
-68.8471 0.686998 1.50876 8.69061 45.0819 71.8733 48.1343 14.321 21.728 2.89902 1.78871 4.82698 28.5831 17.9566 2.17228 10.6986 1.17267 7.00313 20.8153 2.38243 12.9473 90.892 140.703 27.1816 13.1874 6.2428 23.3283 27.2815 0.00831799 392.866
-74.4648 1.11954 1.47678 8.62424 49.5726 67.5119 39.1705 10.7137 30.7344 1.34359 3.87065 4.67169 18.3766 17.2314 0.927215 7.51387 1.85096 6.51399 15.6539 4.49772 15.3856 96.4578 162.824 28.4095 25.7388 5.24653 6.42419 17.3092 0.0247594 389.401
-68.5303 0.805343 1.40293 8.30799 50.9346 67.5119 44.2663 2.82739 20.9199 2.50979 1.94288 1.07666 44.2425 11.1021 0.245384 5.87255 1.59947 5.65354 13.2263 5.21861 17.7511 105.554 162.824 10.4329 18.0231 5.24619 7.75314 5.3242 0.0093263 391.947
-70.3155 0.805343 1.48608 9.0019 47.0096 64.7474 49.0511 2.83564 27.9079 0.788966 1.47756 3.82103 44.2425 5.8963 0.252111 7.99533 2.60973 4.9864 8.88218 5.25886 19.5076 99.0242 174.359 7.92199 1.33919 8.04798 14.2587 14.1054 0.00365151 389.75
-69.8903 0.805343 1.56827 9.98973 43.6338 64.7474 49.0511 3.26899 29.1436 1.00171 2.21995 5.73685 44.2425 0.863706 0.62167 11.9473 2.00105 4.67 11.7933 3.62602 19.0813 98.6832 165.535 6.60712 5.19322 14.8524 36.2443 73.7817 0.0117256 399.076
-82.6984 1.68069 1.54511 8.60798 50.7426 60.6035 64.4448 2.80374 21.0473 0.330772 9.21143 11.4638 19.6085 4.50294 2.26672 2.22282 1.64805 5.42023 12.8494 7.83765 17.775 98.1007 168.957 8.30161 7.99554 16.7621 0.299292 22.5385 0.0039893 388.155
-82.6984 1.68069 1.52676 8.09492 52.6422 60.6035 64.4448 2.80374 9.35133 5.74388 7.11307 22.2888 23.7488 4.50294 1.47662 2.64807 1.849 1.60429 14.8452 5.329 13.4868 105.042 161.478 2.98042 4.47537 34.2861 8.04138 3.17204 0.0105298 389.74
-82.6984 1.62543 1.6093 8.09492 55.4492 51.2672 64.4448 2.80374 9.35133 10.5151 4.26208 22.2888 23.7488 4.50294 1.05341 2.54953 2.2161 6.6357 13.2125 3.65099 13.534 109.16 161.478 2.98042 2.62007 19.1391 4.58256 3.2649 0.00865255 387.298
-82.6984 1.62543 1.5969 8.57273 59.3409 51.2672 61.8449 2.42079 18.6982 1.71519 7.51253 25.4966 12.8633 4.33294 2.73378 3.2473 0.506893 4.30167 2.77942 12.8198 20.3997 109.364 154.872 9.62374 3.44554 10.4804 26.8171 3.17355 0.0111041 386.238
-83.0033 1.62543 1.62864 8.57273 56.8671 55.522 52.9174 11.1528 20.5732 4.95893 4.5449 18.6553 11.6824 3.29961 5.71311 0.758262 5.03685 4.26816 3.91961 15.1246 20.7311 107.516 155.034 12.519 4.57117 5.83297 11.5274 2.91717 0.0216046 384.593
-83.0033 1.68751 1.62194 8.09854 57.5352 53.6777 52.9174 15.0338 16.9092 3.04598 3.81697 22.1573 11.4745 1.78759 2.87828 3.32313 5.95779 6.17179 4.69571 9.78436 31.6986 102.009 152.634 15.1651 3.46471 11.6517 2.59471 2.38901 0.018873 388.612
-83.0033 1.68751 1.62898 7.96366 55.6437 51.8917 52.9174 21.9375 17.5323 6.65666 7.94355 9.42778 16.7513 5.79778 2.36179 4.88987 0.972018 2.71144 10.2113 8.83406 24.3838 102.009 153.963 12.802 11.339 2.7817 19.5819 6.00509 0.0550522 387.953
-83.0033 1.68751 1.55594 8.04511 55.084 53.443 52.9174 30.8271 10.11 12.9486 5.52702 7.58154 5.23156 3.23589 2.35314 9.97866 1.77722 4.67616 6.43301 11.8347 17.0467 100.86 168.616 16.5336 8.18612 7.14822 14.6878 15.9196 0.0228132 389.28
-73.9761 0.96019 1.58614 10.3434 52.6242 54.7443 52.9174 29.0535 9.63939 10.4894 8.21483 6.19912 10.421 2.3802 7.01218 6.84789 1.02988 3.29523 10.4406 15.7188 16.6788 98.6664 166.919 3.51981 6.67865 9.40818 38.6174 23.974 0.045491 393.915
-71.8016 0.945347 1.5681 9.59839 49.7616 57.7974 54.5035 29.0535 3.14384 3.26375 14.2912 18.8609 8.69882 11.9546 10.181 5.74546 9.10336 6.12472 3.86159 8.66031 10.3446 82.402 181.922 4.56748 6.80873 11.2656 22.087 5.57077 0.0589248 397.275
-72.9623 0.878376 1.66817 10.1503 52.3812 54.8442 52.4949 28.1229 2.34955 7.61162 6.33414 25.3878 17.4178 5.3793 1.66084 4.42424 5.49203 5.17591 10.0093 11.9697 12.684 87.4698 164.587 10.7099 1.43406 15.9348 29.9803 31.9012 0.0143838 393.352
-74.2951 0.999883 1.61756 9.70678 53.3287 51.6615 59.895 26.457 10.5672 8.60291 4.74292 14.0406 6.00512 8.89052 1.0413 6.96534 3.37469 6.22202 14.1551 5.20085 16.8249 101.587 155.773 9.34117 7.34123 25.9917 12.452 18.4653 0.00322503 391.434
-72.8221 0.999883 1.64498 10.0291 58.4068 40.0015 32.0171 51.618 7.22715 9.69455 3.23636 15.2636 7.62045 15.725 2.99678 7.79517 4.52153 5.44638 2.30436 5.70099 16.089 116.107 154.193 23.065 7.52326 8.59761 11.9468 13.7392 0.034971 390.138
-73.5652 0.921083 1.74855 7.78196 57.9765 47.9018 22.7886 55.3536 8.94918 14.5419 6.31677 13.9151 4.92554 15.7797 0.506703 0.730935 4.53997 6.89128 4.54829 6.47294 16.3944 112.913 151.6 25.8922 13.7296 9.41131 13.1028 37.262 0.0523855 386.489
-73.5652 0.943345 1.69035 8.26713 57.9765 54.6601 24.2672 49.2092 3.8722 17.5181 5.55698 21.1321 7.70529 6.1073 2.27 1.93026 5.59125 2.86885 17.2055 6.60088 8.9282 108.287 151.6 20.2935 5.46199 7.57292 9.7847 31.9718 0.0224512 385.018
-73.5652 0.943345 1.66991 8.03017 65.3599 49.4586 15.8634 47.3585 17.1607 20.1681 2.11493 12.1615 8.3313 3.64425 6.60829 4.16712 4.24686 5.35433 12.7567 6.18224 8.54174 116.309 147.05 18.4008 12.5378 19.3309 5.68552 26.441 0.00962268 386.962
-73.5652 0.943345 1.73649 8.26536 66.7951 49.4586 20.9031 40.8818 14.7724 17.4732 2.04146 22.7658 2.61596 2.89993 5.53949 3.63901 3.29192 8.86533 18.651 3.65588 9.93235 111.257 145.245 25.0794 2.14022 16.7201 12.8041 56.8427 0.0188397 387.807
-73.3507 0.943345 1.80733 7.51221 48.3508 65.0222 19.2311 47.0206 12.2556 11.6361 1.91833 21.2068 13.6748 7.77816 1.89852 0.465244 6.91136 3.09991 20.3434 5.26107 5.3679 110.665 152.787 37.2774 3.47923 20.455 3.8404 32.6766 0.00337879 390.461
-73.3507 0.949615 1.75836 7.83474 65.5924 40.7825 16.0228 49.7206 11.12 15.9831 4.12941 13.8869 23.5643 5.27978 2.30696 2.33533 8.21301 13.56 14.708 2.10048 3.84288 109.832 142.212 32.095 3.90679 20.5637 3.70933 10.5052 0.00718566 388.352
-72.8659 0.90666 1.77307 7.55131 67.3687 34.2278 16.0228 58.0039 17.2072 17.8935 10.3132 15.9401 15.4923 5.05672 2.9113 3.5961 4.90408 2.18586 3.75977 5.32504 3.67292 126.764 147.383 14.5768 5.60048 27.0738 1.45762 16.2326 0.0116525 385.942
-72.6499 0.90666 1.72201 8.21039 67.3904 35.1249 20.8312 55.6171 16.8211 7.58968 3.62571 16.7193 15.615 2.19259 2.49839 0.876712 1.64239 5.96615 5.67183 11.0887 8.57247 127.928 147.422 0.447628 12.6063 10.3593 18.0312 37.8361 0.00609519 390.506
-70.7293 0.863084 1.48825 8.44151 68.6733 32.4732 37.2161 55.4472 13.5057 8.41411 9.03571 13.4056 16.6598 2.19856 3.10461 1.85979 3.09053 8.46427 0.307491 2.9357 5.36982 122.581 157.319 4.27063 22.5776 7.63781 3.90337 0.248649 0.0237077 389.401
-70.7293 0.863084 1.50338 8.5375 67.6515 33.3082 35.6284 51.2309 8.47859 10.8942 8.84171 13.8153 0.349234 6.36551 0.876613 3.09687 5.52241 21.375 15.1098 12.3884 10.0801 100.779 151.121 9.78661 12.1869 10.924 3.18555 21.2388 0.0024314 388.916
-70.8555 0.863084 1.51184 8.68015 69.7714 28.0722 39.5864 47.8317 2.50613 21.9931 3.3421 8.33773 5.19617 5.58393 1.04663 6.68926 1.97553 27.4262 5.95128 5.43432 10.4467 111.299 158.376 17.7014 12.8996 10.1181 1.95814 17.4443 0.0165422 386.519
-70.8555 0.863084 1.56912 8.51512 71.2795 31.8194 35.3208 47.8173 2.7074 25.468 3.56456 6.06843 4.65809 1.98423 1.45738 4.98549 4.07345 17.3677 6.91084 3.50825 26.0767 109.341 160.671 9.49412 6.66778 8.10423 16.831 29.8956 0.0131098 388.481
-70.8555 0.863084 1.50947 8.51512 73.5748 26.5224 35.2709 58.7641 3.64241 18.2608 16.1725 4.73117 7.6929 1.0022 1.33944 3.01852 4.29869 9.35668 11.6546 6.67813 7.8527 111.124 160.777 14.4555 0.771026 11.3917 21.1108 25.6824 0.0102299 384.241
-71.1493 0.74613 1.76892 6.79785 70.0169 29.351 30.3348 62.098 6.43678 11.7638 7.80851 4.97738 8.56855 8.56223 1.75515 2.6382 0.89698 19.5928 15.778 4.25264 11.5056 111.124 152.989 7.37188 5.4274 22.4175 15.2917 12.9981 0.0171682 388.163
-69.7661 0.761315 1.67077 6.35789 69.1509 29.8844 34.2526 55.5736 1.58198 16.4071 1.59383 0.604192 14.9053 4.36956 6.47037 7.3041 1.48583 14.3226 10.6511 4.09962 19.6995 119.888 145.96 17.2004 1.54655 10.568 1.09957 14.6162 0.00943738 395.26
-66.1625 0.382985 1.7416 9.88153 70.5549 21.9206 25.0602 53.921 22.1152 23.3247 3.43879 3.00534 5.41613 11.9841 3.75582 7.18314 3.05373 2.86861 7.80363 11.7407 18.0723 99.6548 167.102 12.8826 7.35876 3.93561 22.1463 11.0265 0.0154861 385.571
-65.8284 0.378288 1.78535 7.40265 73.5229 18.5047 30.5383 53.921 20.0271 6.43696 4.42132 16.403 5.25991 9.93491 6.72677 5.22917 0.223889 6.52225 16.656 17.9316 6.82835 95.5612 162.866 12.8752 12.722 6.83702 21.9525 8.4257 0.0199809 387.894
-65.2051 0.339558 1.72826 9.31219 76.6691 10.1322 30.5383 56.6472 13.1102 12.4176 3.28092 16.6691 15.6658 9.18566 5.14867 6.76317 8.82659 6.74372 16.5705 5.50275 6.82835 91.5787 159.517 27.1075 16.9401 6.92819 12.6265 1.08725 0.00902038 392.709
-65.2175 0.326537 1.78322 9.18253 83.8023 3.88698 34.6002 56.6472 17.0381 12.3867 19.5974 6.42153 10.1489 12.5821 2.48083 8.14193 6.45697 7.61505 23.548 5.50275 12.0223 76.7523 157.046 15.1225 5.02241 12.5617 12.0493 4.68626 0.0519413 394.758
-64.9607 0.31777 1.86819 6.46326 83.8023 3.70231 27.8419 72.6158 10.1308 11.7414 13.8472 7.30523 1.46084 8.30129 2.52726 7.3964 2.86834 7.81205 24.8955 11.3415 31.6656 79.2407 150.035 23.1453 8.21635 7.03629 12.5821 11.3589 0.0146331 390.351
-63.7783 0.321222 1.57607 8.74322 76.1997 12.9505 27.2099 73.7817 9.78877 18.4672 14.4514 8.74891 1.17553 5.22298 3.02258 10.21 0.795329 9.72006 7.05123 9.4422 21.3658 87.1694 150.542 42.5084 11.6716 7.89192 3.94943 16.6876 0.0476471 393.553
-66.7691 0.524209 1.57138 8.03539 74.259 12.2463 30.2786 62.8557 14.7503 3.66702 26.569 4.25269 1.57046 5.27664 4.20613 16.9109 2.77458 12.2299 1.28426 5.45215 17.9153 108.298 138.943 42.5084 8.45928 2.26304 7.48961 19.3123 0.00737656 391.353
-66.375 0.494749 1.58779 8.62255 78.2423 14.503 11.8237 53.2642 26.3293 4.01469 37.0453 4.25269 1.31926 9.69673 1.08111 6.93476 2.6959 7.31324 12.4058 4.73675 14.277 117.316 149.638 22.4009 10.4545 1.12368 7.03678 32.9749 0.0143594 386.466
-65.7227 0.551855 1.58779 8.31439 82.0461 14.6197 24.45 53.2642 18.5436 2.75083 33.8029 7.48909 3.7428 16.0357 3.97728 3.66048 1.30727 1.78186 13.2558 1.68306 7.80863 117.316 157.251 12.3876 3.08986 3.84114 16.6888 22.6708 0.0189652 390.613
-68.172 0.577863 1.69146 8.13672 80.8562 10.3599 28.6822 66.6057 14.9639 9.76812 21.8409 11.3839 2.54384 2.73478 5.58429 1.41726 3.61879 4.17465 9.00336 7.67538 11.8402 107.211 165.047 7.75566 12.1692 9.91329 18.7149 20.488 0.0867018 385.471
-69.2104 0.783571 1.66729 8.00521 79.4005 6.90144 26.7747 62.8737 23.2698 4.15684 23.1977 5.88758 11.5271 4.32969 5.78155 0.548094 1.97032 3.09937 7.11894 7.7588 17.6268 104.764 166.8 3.33232 17.4647 9.37737 20.9639 20.2116 0.0548506 389.065
-68.531 0.598706 1.73391 7.87963 80.6507 11.0409 28.5541 59.2264 19.6558 4.25234 12.1581 12.9503 7.81037 12.7254 4.38758 1.40088 3.35564 10.0195 1.57462 7.27276 14.8336 108.659 161.491 6.13148 16.6945 4.71262 50.7897 11.1706 0.0584686 388.793
-68.5265 0.61403 1.61771 11.5808 82.328 5.7095 22.3172 58.459 21.8145 6.2501 18.5744 15.0469 6.03686 8.94459 4.66267 4.58873 1.49904 7.85161 4.97059 13.0958 7.07755 111.126 161.279 3.15627 3.70597 6.49605 26.8127 2.55285 0.0314714 389.555
-68.5265 0.654369 1.56539 10.5678 80.0463 5.7095 10.6086 67.9932 20.1775 3.62776 27.6748 9.93122 4.28174 11.5278 1.11637 6.49146 1.70821 8.1491 6.28745 15.6238 9.76182 98.9545 162.247 13.8729 11.7704 8.00027 4.28155 15.1833 0.00130327 388.86
-67.4723 0.657265 1.61618 9.778 77.3597 9.94007 13.806 68.7525 20.035 5.13208 10.4419 9.26953 3.11013 17.6949 0.730728 7.6416 3.00813 11.9279 7.83046 10.1954 2.91419 118.959 162.479 13.8729 1.53929 18.5748 22.7621 12.0284 0.00269143 390.607
-68.4646 0.589616 1.63749 8.50319 77.3597 9.94007 18.5032 67.7112 25.2486 1.38195 2.77259 12.4924 6.2843 23.0149 2.48991 4.15133 4.0861 10.3234 0.683558 2.65561 9.97115 118.336 153.634 23.7238 1.35328 13.7401 45.8788 24.7319 0.0229717 392.487
-67.9155 0.636498 1.54088 10.3189 80.6513 1.2409 20.923 62.6289 17.577 5.71138 7.69219 11.7821 2.3185 20.7606 6.25699 2.98328 6.22001 19.8907 7.59347 5.15317 10.7532 117.003 142.509 20.0905 6.34857 6.64177 16.8937 29.1632 0.00354085 388.292
-67.8238 0.571967 1.55716 9.85284 81.4841 3.70558 33.9332 49.683 23.5379 0.848035 5.36157 10.095 5.87146 21.3836 8.69527 5.24082 6.55868 18.3385 6.59753 0.563129 5.5199 115.382 151.305 9.38123 7.38049 7.0181 24.3356 24.0411 0.00317572 392.901
-65.2421 0.466068 1.55792 8.53208 82.5537 7.79304 33.9332 49.447 23.7693 3.14207 4.95407 15.4995 0.936314 16.2425 6.59272 6.90948 7.07126 13.2493 2.93662 1.37114 15.8849 114.32 151.305 16.7941 5.68436 9.3063 19.7012 28.0242 0.0352688 387.259
-65.5196 0.449109 1.55838 8.56478 73.2166 17.3052 40.3175 24.2763 40.6822 8.14274 11.9058 13.7296 9.30376 3.88609 4.68582 5.67917 6.77245 5.24512 10.762 13.1529 6.41247 101.53 157.494 19.1488 2.36993 10.5366 6.56894 23.8394 0.0330084 386.849
-63.6953 0.36796 1.55057 8.2883 71.1738 22.6116 29.6713 25.0602 45.2529 8.6557 11.3198 5.89927 10.5262 4.62272 10.1563 5.3098 0.550136 7.29548 24.3043 1.66842 7.93976 107.789 157.206 19.7531 10.9075 13.4568 9.92497 4.44442 0.00199564 384.202
-64.0923 0.353184 1.56675 8.33175 73.4131 16.9952 22.8652 34.9819 45.8115 13.6415 3.80172 6.76132 9.15072 5.47762 9.95466 4.03356 5.89328 2.86805 35.7044 4.0719 2.30133 102.55 148.946 27.6139 13.4673 8.47437 11.6422 21.2767 0.000943399 387.711
-63.1648 0.322428 1.55482 8.24155 78.179 19.0607 0.49045 28.8589 46.0176 12.6011 18.6508 5.90209 22.9323 1.61956 9.42372 4.32058 6.77782 0.955564 29.7543 2.70899 7.17975 99.576 154.879 16.376 4.81204 5.02351 19.2524 6.44589 0.000840121 399.016
-63.6601 0.246613 1.66694 8.60337 78.0021 14.7553 19.7109 33.4503 48.3982 12.0767 11.5445 7.03757 4.38099 4.15143 9.60238 8.33076 0.939669 0.565941 22.7833 2.70899 10.2811 111.172 156.51 5.57962 5.41056 14.321 21.1959 8.69894 0.000773939 388.937
-61.4201 0.196753 1.71853 8.07646 82.7904 1.7438 32.2022 29.5124 48.3982 7.42792 11.653 11.8872 4.24816 5.74352 9.85253 4.19466 1.97252 3.02167 22.5737 2.48998 1.0495 121.705 159.096 13.2385 5.41056 10.8681 18.4747 51.4289 0.00459541 387.368
-62.7813 0.196753 1.7455 7.59537 82.7904 5.04705 30.4086 33.7232 51.1531 4.83266 8.38861 8.63869 8.5939 4.65477 13.06 0.590295 3.68399 6.05932 8.2515 1.94103 26.9627 112.975 149.733 14.4573 12.1783 6.267 25.0593 47.1275 0.0103114 389.258
-62.2273 0.14613 1.76121 7.44337 85.9147 5.04705 21.1411 39.5602 47.0314 4.34848 8.29723 8.02155 18.0067 10.4842 1.59867 3.92735 1.51154 9.1759 5.2923 7.42102 20.5578 120.106 146.534 12.4578 9.11996 2.73273 11.772 45.4806 0.0429068 386.875
-62.2854 0.168339 1.72386 7.86756 83.8968 4.67493 28.3219 39.5688 40.9405 2.19046 7.94676 4.57029 25.6395 8.14204 2.14146 1.66516 7.08583 5.77732 1.91692 9.15216 14.4843 114.364 160.324 10.1742 11.3651 7.84873 15.7883 48.4027 0.0122573 383.942
-62.2854 0.185404 1.72915 7.9711 83.1918 4.67493 28.0383 32.8576 39.866 5.15616 4.89584 3.78923 27.7557 9.22472 2.65768 4.32583 1.30191 3.2428 8.19995 7.23852 12.2185 123.881 163.662 4.09803 1.25835 7.16564 29.1266 44.068 0.0646235 389.7
-60.8075 0.185404 1.59712 8.32938 78.2355 9.16344 30.0216 34.6288 39.866 9.17844 5.22483 3.23472 27.062 7.1479 3.76993 3.57787 3.35035 1.03615 13.7123 6.64315 15.0119 110.047 155.547 8.12387 13.508 15.5905 25.31 34.8694 0.0145927 386.339
-60.8075 0.185404 1.51732 8.61463 78.2355 9.16344 25.1533 32.878 39.866 3.39503 4.29538 3.38136 31.2329 12.5463 3.56201 1.8524 0.996903 8.2361 5.27572 7.66473 26.7214 108.435 159.136 7.4868 18.0976 6.38856 5.23865 3.4833 0.0435997 386.435
-60.7682 0.180001 1.5194 8.26245 78.9914 14.4351 22.2636 32.7684 45.8768 2.97475 4.33719 1.56725 30.3547 8.08652 4.41671 1.97767 2.2571 8.49413 5.25662 10.5656 12.6853 141.202 125.486 8.67212 12.535 16.802 11.5829 108.4 0.00722763 392.362
-60.7682 0.180001 1.53879 8.57226 76.6653 14.4351 24.4597 36.3149 44.4214 11.6112 5.8154 4.60632 18.0041 10.6485 3.97479 0.306962 7.15637 7.62434 11.3642 3.64928 13.488 133.406 125.486 22.0511 1.02944 12.7547 9.36875 1.99539 0.0174661 383.602
-60.7682 0.180001 1.60147 8.22879 72.0975 20.1655 20.7344 32.6574 49.35 11.6804 4.78728 8.93844 15.1005 11.0349 2.39404 2.41528 10.6884 1.38637 7.44481 4.5197 15.168 137.039 124.903 23.3425 2.59975 13.9704 8.65776 15.1575 0.0175277 385.097
-60.7682 0.180001 1.50093 8.68235 73.9892 22.2317 15.9032 32.6276 53.3258 17.8995 8.43657 9.49235 11.9925 3.79637 1.48276 0.417447 1.72667 14.5559 3.76688 3.25709 12.151 134.015 131.863 27.2966 2.59975 4.52055 2.58873 6.72083 0.011795 383.346
-60.7682 0.180001 1.63535 8.25814 73.9892 22.2317 15.9032 31.4773 48.0031 15.5111 5.73292 16.0222 17.9849 1.69479 1.48276 2.87781 4.03078 15.1942 3.36413 1.40467 10.0059 134.015 131.863 16.363 28.7825 4.52055 8.6831 22.5275 0.0107452 387.792
-61.8781 0.246787 1.40551 9.2972 72.9787 26.7921 19.9849 16.3194 52.6072 7.59727 13.8443 15.4061 7.81489 15.925 3.45049 6.09112 0.530468 1.92613 13.3351 9.67002 10.4712 134.534 118.951 35.2468 9.74986 10.9064 4.19574 18.0351 0.0123019 388.536
-62.0814 0.246787 1.61136 9.72349 69.2639 29.1117 20.9836 17.6459 52.6072 10.1841 8.74776 13.3836 15.9161 9.59251 3.15026 2.21028 2.27062 3.6483 14.0496 2.45058 10.4367 139.246 125.518 24.2803 3.27124 7.52977 10.0728 13.2957 0.0150054 386.244
-62.0814 0.246787 1.62741 8.21642 70.4918 29.1117 12.568 39.3565 54.6002 6.07041 4.30189 8.86064 7.30197 8.40213 4.28789 4.53342 0.753407 9.47765 10.939 2.21834 10.411 133.359 136.744 18.8755 8.12801 7.28808 26.9446 14.9163 0.0411389 385.542
-63.0553 0.246787 1.77118 7.39509 69.4558 29.1117 30.1857 32.211 41.5609 6.07041 10.5236 15.7113 18.2451 2.67724 0.573306 3.81766 12.7967 1.95631 4.64766 3.94532 10.6713 89.5536 174.215 24.603 13.0586 3.04733 16.5699 19.9013 0.0754165 393.244
-63.0553 0.295191 1.69468 8.15913 72.4562 27.0576 40.8114 15.5091 44.1152 11.1131 4.55484 11.5131 25.9442 3.0627 5.58128 4.9479 4.16357 7.96992 2.02686 1.62252 11.8652 94.0101 174.215 19.3186 11.2213 3.33982 13.3211 2.04305 0.022734 387.089
-63.3424 0.295191 1.66286 8.41854 70.942 32.448 42.9563 8.72332 40.7824 19.342 8.67675 7.07949 12.293 5.39216 3.86763 0.4627 1.9771 3.87402 12.9856 6.3515 28.6102 76.1702 168.918 6.42636 8.0894 24.1311 19.8948 8.66823 0.0134006 390.615
-63.3424 0.291712 1.57333 8.34537 70.942 32.448 33.0471 7.91996 40.7824 16.3937 3.7091 5.02404 7.64621 14.2886 13.1383 1.37201 0.957703 2.07134 4.82635 4.43693 34.4608 103.518 162.209 11.9857 5.44961 9.37709 7.53834 12.8728 0.0494763 390.206
-67.029 0.608942 1.50133 8.26071 68.2422 30.2173 49.3128 15.2101 35.9268 15.0152 14.0772 1.60745 9.32159 6.39829 9.3211 2.04043 2.28408 3.6759 6.73584 3.96022 23.6095 98.8986 159.08 15.7817 6.63268 13.3171 13.9878 20.5675 0.0643374 387.829
-67.3059 0.602534 1.62649 8.39402 65.6057 30.2803 51.1833 19.664 26.8787 14.5952 2.74647 8.57076 7.84591 9.14625 5.10662 0.368052 7.84696 3.15626 17.7347 8.07061 6.31407 110.417 160.167 20.9005 3.85222 13.1553 15.1849 18.3078 0.00943838 384.872
-67.3059 0.553744 1.64943 8.16992 68.3616 30.0946 51.7438 18.8817 27.2898 14.4037 3.57372 8.43238 11.5227 5.13556 1.55985 1.15816 5.6178 22.9209 8.02889 10.7998 12.6253 100.413 156.057 21.4724 1.15373 7.24926 20.2034 12.2477 0.059754 385.693
-66.7982 0.553744 1.64882 7.90896 67.3631 30.0946 51.376 18.8817 32.822 14.8931 3.82964 7.00831 13.749 3.50319 6.96864 1.93047 6.25399 13.0747 3.17811 2.61729 19.7999 103.46 161.036 21.4226 12.3581 8.77323 9.77425 8.21605 0.0265289 385.535
-66.7982 0.423474 1.72551 10.1509 65.5516 31.4488 37.2743 19.1639 34.0532 9.20127 3.23842 5.69183 18.4378 13.4263 17.7076 4.22688 6.5681 11.992 4.64674 2.61729 21.5119 95.8121 151.338 21.655 5.27246 7.45046 18.0521 19.0583 0.0728748 397.593
-71.0621 0.658144 1.87657 8.05261 63.2786 33.4432 33.2654 20.1992 42.7523 6.6714 7.31186 9.41343 17.5226 4.55665 4.93612 8.62229 4.7234 7.48181 1.28721 12.7489 12.769 103.894 159.283 19.3478 2.65296 9.0331 4.78349 1.4701 0.071581 392.232
-70.5208 0.658144 1.82063 8.14711 66.699 41.2134 22.4532 20.3696 50.0514 6.0303 10.7828 1.45972 10.3502 12.5098 5.05239 7.55233 2.75545 1.82692 6.77318 9.74469 14.1243 116.47 129.395 40.151 18.6704 10.7939 4.70421 3.5916 0.0679136 392.894
-69.8061 0.658144 1.80597 7.86459 58.0233 48.2096 17.0929 24.5019 51.2882 2.07853 20.8207 1.4426 14.952 8.78173 8.63434 5.91054 2.57024 7.48721 0.801035 5.31229 18.0738 118.518 128.14 26.5363 22.5486 8.34027 16.318 22.415 0.0523901 392.203
-69.3491 0.645351 1.67542 9.47904 62.3983 43.9471 13.3696 7.52988 75.4056 22.8234 13.5963 9.56235 2.68078 3.18259 2.72631 13.6738 0.43447 2.64995 0.850568 4.71095 15.5056 117.55 132.638 10.5755 4.44095 15.3289 27.6334 7.05281 0.0398945 396.007
-67.0783 0.614376 1.61896 9.87257 57.3906 46.1396 15.7172 6.53415 75.4056 12.5309 10.1265 27.0977 3.05427 6.42468 1.02734 9.49674 0.774451 1.93792 0.840997 2.40451 15.3729 116.803 138.831 10.6281 5.04492 17.1701 39.1799 2.05496 0.0583364 398.152
-67.0783 0.58557 1.42591 9.25651 53.9837 53.3626 22.115 3.83837 64.6362 10.2904 6.70644 27.0977 6.97424 0.853765 0.784471 11.0442 1.05778 2.88922 6.72522 7.28785 15.7451 114.048 137.922 25.9385 14.3593 15.8036 3.21496 29.2623 0.0150722 389.788
-67.0783 0.61791 1.51502 10.2037 58.5955 46.4179 24.4113 5.48781 58.1188 25.0722 4.8843 15.1358 2.96827 2.11745 0.391842 4.06609 1.26634 3.04654 7.88893 7.9935 13.9487 122.312 137.716 19.9846 18.5717 16.6096 12.6838 1.93235 0.0127137 390.008
-67.0783 0.61791 1.29133 10.6176 53.317 53.5679 16.8748 11.6414 58.1977 23.0301 4.8843 18.2236 6.60078 0.17829 0.612506 0.862877 0.44551 4.14726 10.1503 8.50972 11.9157 123.318 148.242 11.2594 16.0626 16.726 1.65756 21.9935 0.00755837 390.35
-67.0783 0.61791 1.63931 7.4861 52.9653 53.8461 22.0704 3.87229 58.1977 19.8533 4.8843 16.0342 10.0435 1.05692 1.73221 6.34636 1.41934 1.5443 6.22848 9.31535 11.4805 128.816 143.974 18.6074 28.7499 16.862 18.6293 14.7978 0.0366746 393.975
-68.595 0.63429 1.66465 7.17853 45.9509 73.7911 26.6253 3.86279 44.6125 3.93471 25.6319 9.70445 7.17264 6.99301 0.377815 8.70656 6.53009 11.2674 24.7494 7.93747 12.4209 104.462 139.97 5.14106 35.9285 3.0552 8.41941 15.6088 0.0397246 398.006
-68.595 0.668244 1.7174 7.45002 46.5089 74.1893 26.9606 4.30491 46.8693 10.0891 18.3607 4.32504 2.14601 21.9577 0.335951 9.19212 0.52594 15.1652 22.086 1.07584 18.1745 76.5151 161.583 18.1664 13.2647 10.1699 14.6321 18.6635 0.0247211 394.423
-69.8194 0.733292 1.70719 8.25953 48.7982 67.2357 23.5197 13.5185 45.0217 13.4833 10.311 16.1873 2.73135 11.5618 1.27664 1.03703 4.62703 8.86953 30.6951 10.9391 5.57674 76.4481 176.951 3.84667 1.77406 12.0478 9.79009 27.1854 0.00970723 390.324
-69.8194 0.724302 1.72341 7.52934 49.3651 68.0716 16.8182 18.9204 45.0217 14.2122 9.1987 18.8968 4.24979 12.6975 3.97438 4.65285 2.26163 8.1815 29.8996 7.06181 3.26036 77.9205 167.745 13.3939 8.96833 12.4442 9.04002 14.1264 0.0211306 388.726
-69.5554 0.686033 1.66729 7.14395 69.8959 41.7971 6.23468 28.0086 49.4718 16.9999 8.94932 11.8951 9.66825 3.29036 0.56001 3.44451 4.26069 8.72556 21.9614 27.9643 7.01005 77.9205 161.246 9.60556 8.95237 12.1207 15.265 8.34362 0.00538547 391.14
-64.3654 0.411918 1.51886 7.91725 71.1835 33.3968 14.679 37.9248 33.8898 10.8819 9.81495 7.28868 13.3272 3.29036 1.47973 7.63437 8.62696 25.6105 19.5306 19.0579 4.86153 87.1329 143.344 17.4886 2.42365 6.85137 14.7092 21.3063 0.00602974 394.153
-64.1106 0.399523 1.642 8.09183 72.1478 22.7922 10.7416 57.5736 35.0269 3.53691 3.79634 4.31918 12.259 15.1646 0.398621 2.56396 16.6178 8.26059 12.5607 16.3516 2.68031 109.322 157.695 12.3019 8.32939 4.11382 14.4814 16.6367 0.0222513 391.394
-65.2275 0.32914 1.78978 7.4587 71.3011 29.0528 7.33424 57.5736 34.5786 11.4118 5.14317 3.70268 5.68323 1.45629 1.68907 5.72407 16.441 15.2398 8.2335 14.4614 2.38057 109.235 159.119 12.2396 17.3138 9.29711 13.57 12.3459 0.00349361 388.362
-65.1908 0.325724 1.79636 9.8502 71.0093 24.1548 12.4245 43.106 40.3917 9.28263 7.32963 11.5731 7.21617 2.11988 4.49305 9.44146 4.81161 10.6554 4.60069 2.02919 3.64586 119.902 165.604 3.4897 12.0793 26.1447 18.3752 11.849 0.00893731 397.299
-66.1935 0.380916 1.90871 7.53089 71.2998 23.4199 11.0474 37.4554 56.7366 1.34447 4.76135 12.0658 2.30272 4.30314 1.64588 18.1554 2.32713 17.9618 2.29225 19.8059 7.40756 114.093 147.298 16.3982 24.6084 10.8666 17.8973 8.2203 0.00897227 390.639
-66.1935 0.380916 1.7418 8.51286 69.0632 26.2497 11.0474 34.8994 50.3741 5.36408 4.4946 1.45269 13.1971 6.96976 2.04205 17.8608 2.56707 11.7627 0.975651 17.7824 10.3209 122.997 147.298 15.107 19.4835 13.7687 7.64084 10.6079 0.0131916 389.622
-66.1935 0.539819 1.60181 8.01155 77.0329 20.1178 5.29828 38.7582 54.4876 4.94128 8.61665 3.77831 7.84696 4.05824 2.59026 16.1487 1.91112 15.6283 4.03928 21.3267 9.2428 122.926 123.835 41.2549 6.40995 9.72759 6.69523 7.32938 0.00652671 388.073
-68.3861 0.740291 1.44387 10.5292 74.3707 20.7301 3.878 36.0815 51.4018 2.94253 11.2056 9.9243 3.39405 7.30524 1.28284 19.0251 2.7919 4.77575 14.0833 5.1152 14.5063 118.591 144.319 36.6626 11.8714 12.3786 9.05817 10.2771 0.00586139 394.306
-69.2418 0.813369 1.32223 8.59739 72.563 23.5464 12.8079 36.776 48.3238 2.56306 12.6881 5.87107 6.58183 15.8134 2.04253 11.1602 2.33921 3.86376 7.00575 3.0775 12.5502 125.723 154.748 5.97007 13.8132 14.6975 13.1544 45.1028 0.0087967 390.848
-69.5008 0.735139 1.51518 8.59739 75.1418 23.5464 13.884 37.2895 46.5791 8.08181 9.57378 0.885381 4.08653 23.8549 2.33586 9.23731 0.412689 3.51745 7.17951 7.99178 11.1314 126.898 156.202 4.86587 11.1904 3.78768 14.8323 0.674267 0.0389832 389.238
-64.4928 0.337316 1.6794 7.89705 74.7109 22.8786 14.9731 32.6789 48.21 23.8873 4.84428 5.54758 0.845831 18.7267 3.17852 8.13619 2.17055 6.16819 4.78312 4.53156 6.73306 136.231 150.585 9.01581 14.7035 13.86 15.3796 13.3033 0.0084854 388.273
-64.4928 0.337316 1.79744 7.98315 74.7109 18.2901 3.0908 36.5304 57.7081 29.5415 4.84428 2.83928 15.8053 2.12456 3.10163 0.456624 1.99009 12.4911 0.847355 17.9127 12.7203 109.891 156.746 9.33935 1.87303 17.534 7.86029 25.7586 0.0143078 385.95
-64.4928 0.337316 1.62787 8.11461 76.6145 20.333 3.0908 36.3323 59.1962 12.9278 13.3125 3.02446 15.4059 2.14096 4.21395 4.61311 1.46913 8.00709 6.45263 15.2951 6.01382 109.324 164.819 4.66366 2.46862 11.1298 13.3265 28.3869 0.0104405 384.835
-62.9954 0.337316 1.49192 8.54416 74.9118 20.9765 3.80685 34.6372 59.1962 10.9739 14.0046 0.426908 17.7924 4.16803 14.3192 1.62288 2.76459 4.74656 2.24891 18.5658 4.18466 117.692 146.033 24.775 7.72757 13.5474 1.03097 3.87032 0.00559964 386.533
-63.7684 0.348373 1.639 7.68065 75.0719 22.5696 8.99043 42.0304 53.4376 5.90158 14.0621 9.56888 7.6564 3.24023 8.96699 5.73684 0.10712 6.212 2.24891 15.5995 11.0933 123.752 135.999 36.4393 9.62273 6.09629 4.78505 23.1437 0.00540847 387.638
-64.0896 0.348373 1.60201 7.76848 75.9752 19.3073 12.9176 35.176 53.4376 2.59773 6.37694 1.96723 6.51844 15.3484 12.9362 3.73682 8.53579 1.13042 4.47056 16.0226 12.6144 122.754 139.428 22.8198 30.6441 1.99025 36.7206 15.4503 0.00374914 392.834
-63.3635 0.248154 1.68445 9.68156 71.8094 21.6727 8.5032 40.2194 53.4376 1.15067 6.87896 30.3903 9.01341 7.16966 4.67249 4.8793 0.990731 6.63493 10.4741 11.6358 3.34369 120.279 122.541 46.7675 5.06198 4.58371 23.0786 23.6794 0.0068177 389.366
-63.3635 0.310896 1.68445 7.53225 72.4149 21.6727 8.5032 46.5247 53.4376 2.72606 2.79697 26.3647 8.18478 2.76475 1.45396 0.231997 2.22973 2.15903 18.5503 10.8845 8.84618 123.691 130.576 48.6721 6.91781 3.38785 9.61531 11.5399 0.00337049 384.263
-63.7722 0.310896 1.77817 7.56056 74.3074 25.6944 8.5032 40.7392 45.1326 7.65298 3.94739 37.6992 1.88015 1.4819 4.23313 1.18974 1.1487 2.15903 30.2562 5.95655 8.98595 123.142 105.734 31.9022 15.1869 9.74257 3.73493 32.8224 0.0320039 390.969
-63.9178 0.310896 1.72225 6.81483 69.8716 27.7157 8.5032 45.9932 44.648 12.0553 2.07463 21.369 0.986459 10.8923 3.08333 1.18974 0.801927 5.72305 21.5447 2.53579 15.9129 129.689 109.456 55.2064 12.4868 10.6358 11.4422 54.7997 0.00869013 390.058
-63.9178 0.310896 1.67239 8.39745 72.627 30.7021 8.97904 37.716 36.0696 9.66627 6.2178 31.6226 1.33543 6.36126 0.608404 1.51738 0.219796 8.5131 26.5008 2.95959 11.1838 139.778 97.2571 56.8355 3.69947 8.58438 6.69662 24.0406 0.00962183 387.851
-63.0474 0.292397 1.67104 7.62501 68.7074 30.2167 28.7163 34.3632 30.5765 9.003 6.2178 27.1079 5.92774 7.92988 5.4218 1.4505 0.685456 11.5367 4.87601 1.6383 23.3612 146.485 90.6907 47.2418 11.4518 7.88926 16.2912 59.1842 0.0066342 390.807
-63.0474 0.292397 1.67699 8.1552 71.8671 29.2046 30.9412 32.5622 27.2666 9.06064 1.54247 24.3129 4.55766 7.50378 8.13744 1.83097 2.05621 11.73 5.85423 11.2436 9.2453 142.364 87.8561 48.7452 2.39482 8.78777 18.0978 40.6636 0.00240889 388.54
-62.8822 0.265049 1.64671 7.18642 76.6221 22.5065 36.418 32.1545 28.7969 2.49599 3.67526 23.8042 8.66308 11.1106 1.92169 3.11632 1.21306 10.2089 9.22184 7.11118 18.982 128.976 102.428 61.471 3.33416 4.22213 24.6757 48.2579 0.0133631 387.926
-62.8822 0.265049 1.59418 8.04266 73.6754 22.5065 37.7042 32.2537 30.8005 1.07057 3.67526 24.6003 5.73166 11.6035 1.43942 7.63129 0.440539 7.37966 1.69016 7.48223 21.8013 128.976 119.139 36.1457 1.82183 6.68968 29.8832 3.26325 0.00924494 385.944
-62.7705 0.265049 1.65862 8.21759 80.9945 16.9006 39.053 32.1073 28.3225 8.09982 6.32826 19.021 1.63613 4.20526 2.96101 5.53833 0.828635 8.40438 10.5683 12.3872 18.5446 121.877 119.139 43.1455 3.05041 1.2817 20.8581 5.63555 0.0569042 387.999
-62.7705 0.265049 1.62424 7.94474 73.7131 21.3615 21.8209 39.1148 36.591 6.78002 8.60704 19.9134 6.31603 8.13598 4.28685 4.42667 1.11258 7.76433 9.86362 12.3872 13.2922 124.856 119.139 51.4202 4.59212 5.16289 7.25337 25.2835 0.0148569 381.672
-62.7705 0.265049 1.58504 8.15294 74.0358 21.3615 24.7495 35.3357 29.6499 12.4483 5.4354 16.2398 4.12419 25.6733 3.21113 0.794323 1.32614 0.60604 1.4634 16.9376 17.64 128.007 124.342 37.0358 6.75118 4.11711 25.1365 14.0982 0.0255133 384.861
-63.4167 0.265049 1.74509 8.03285 77.7569 21.3615 27.1638 41.0923 30.0439 5.87774 5.4354 18.3786 5.87917 15.3048 1.37514 2.6449 0.235698 6.58472 13.1632 15.2549 6.24104 127.343 135.277 11.4079 1.06342 15.088 17.371 15.5964 0.0181681 384.542
-62.5658 0.222201 1.75094 7.71918 75.6738 21.3615 25.0081 42.0336 33.3452 2.5899 6.5287 11.0408 6.053 20.2321 2.04159 6.60446 0.566751 4.19413 3.27941 20.5424 8.2679 121.072 141.357 15.804 4.9282 21.661 8.92402 27.4514 0.0284097 385.446
-63.0803 0.161789 1.80885 7.95273 70.9163 21.6167 26.033 42.0023 34.286 9.921 9.53108 8.70672 8.51752 11.862 1.50177 6.50254 1.71158 1.2054 10.6962 16.3476 6.64742 126.077 135.465 18.7873 2.446 13.0689 8.6891 12.8936 0.00691518 384.592
-63.4607 0.292085 1.76057 8.54449 76.0945 21.6167 22.8096 45.9682 26.0248 15.3087 1.32748 18.6051 11.9194 6.90229 0.537572 5.73389 1.3712 2.9906 9.48963 17.3736 3.28525 146.795 121.367 6.63043 16.4144 28.1472 9.43703 107.54 0.00711037 400.397
-63.4536 0.301966 1.41656 9.38679 61.4268 35.1414 25.1651 37.3121 25.6058 7.14453 3.45562 20.8233 15.3187 9.95725 2.79999 4.04657 0.872111 4.34617 12.6917 15.7274 5.14007 133.733 106.3 17.5602 5.88772 35.1531 3.32511 38.4063 0.0261148 396.197
-63.008 0.306449 1.61252 8.40121 56.1176 46.0154 25.5258 36.1515 33.088 0.593129 2.33714 14.8965 14.5047 9.18179 3.53757 1.79001 1.56743 4.13516 9.6777 9.00312 13.1559 137.56 125.08 10.7007 9.64263 37.7336 0.744449 15.5038 0.0202721 390.146
-64.0688 0.339911 1.63607 8.43057 53.1657 52.815 29.8532 36.3605 23.6366 1.66525 3.47361 19.2711 4.18837 17.0414 4.86183 4.72348 1.02124 5.59215 4.73571 4.26769 12.1484 125.184 150.495 16.4395 9.83729 22.9002 2.42118 7.11961 0.0126153 382.632
-64.0688 0.339911 1.66382 8.231 54.2319 52.3545 29.1983 26.7436 28.5612 3.81674 3.47616 20.8572 13.9442 15.4246 0.917092 1.19273 1.05523 14.9645 7.77555 4.26769 9.17915 119.532 150.613 9.03388 4.93219 11.8164 20.8257 11.6593 0.00400786 380.779
-64.0688 0.339911 1.69688 7.71902 53.796 52.3545 31.2307 25.2641 23.964 2.85967 3.47616 17.2015 11.673 20.9549 1.04115 1.86636 2.60018 13.6289 7.46783 6.96416 17.2809 127.905 145.418 7.83412 15.7289 8.67613 8.15387 13.7301 0.0189952 385.065
-64.0688 0.420115 1.4841 7.79615 55.4617 58.8007 29.3939 25.2641 26.8826 0.909319 3.47616 11.5938 13.248 23.7406 0.624692 2.23179 0.798517 6.68087 3.2165 8.44282 25.8714 125.244 122.622 38.2338 4.97843 10.1274 10.4693 3.82968 0.0324296 386.811
-64.919 0.461627 1.65116 7.78029 55.4617 56.2128 30.0807 25.2641 31.2001 3.87163 6.04139 12.5091 13.9918 15.7149 0.201218 0.214366 1.88214 2.60963 5.31568 3.99635 24.0319 134.59 140.035 3.91399 2.3112 9.65151 17.6692 20.3525 0.0127577 385.095
-64.919 0.380015 1.71598 7.70464 51.3704 64.9494 15.5026 26.9794 24.8832 2.42334 7.29768 13.4163 13.0061 24.1853 7.31094 2.93405 2.34549 8.03685 0.583663 4.80057 12.957 139.874 110.579 17.4203 33.961 5.11648 19.849 25.0518 0.0297407 394.926
-66.1761 0.374859 1.89041 7.93339 52.2563 59.3114 15.8175 45.9836 22.0614 6.40561 7.12282 5.84915 18.3285 13.8454 1.7916 9.83972 2.78063 2.46654 5.57362 4.18621 19.8251 126.816 120.108 49.705 11.995 8.90247 8.99373 17.2349 0.0256482 386.578
-66.1761 0.367848 1.86696 7.90595 58.5436 56.5171 10.3792 57.313 14.2448 5.13336 1.78482 5.33691 29.766 15.4704 6.26246 5.0822 1.51937 0.609741 0.180621 4.30109 27.9461 113.352 116.731 30.6465 31.5129 6.83416 2.24322 70.1829 0.0163486 398.38
-66.4789 0.367848 1.82984 8.18069 60.4206 45.8974 23.8312 55.3893 13.2017 11.2312 1.96568 5.82174 22.7266 4.09474 2.79186 6.38607 1.30438 1.82113 5.33629 4.02206 27.2031 118.496 135.634 34.2342 15.1087 4.11293 7.44273 21.4986 0.00627665 384.719
-65.9978 0.577545 1.49551 7.80044 66.9101 42.2422 21.8221 50.7507 14.3197 8.56137 3.6895 6.28229 26.073 5.28937 9.39329 2.09962 1.71552 0.0920659 2.11498 3.33084 35.6409 111.126 135.527 33.473 13.1754 4.34636 12.7248 14.8258 0.00696689 389.467
-65.9978 0.508833 1.57433 8.58686 65.1572 37.4784 38.0598 49.4343 15.2238 17.5586 3.38237 3.10216 4.12162 7.40814 4.87827 3.3206 3.77812 14.1107 2.57563 15.589 6.43351 112.558 138.141 41.3568 9.01346 4.86034 34.3349 15.897 0.0322877 387.597
-65.9978 0.516614 1.5486 8.7158 62.22 37.3509 41.4432 40.8072 12.0072 22.5104 6.50604 3.10216 0.475939 6.12054 2.07949 0.937702 5.60221 23.1617 4.03302 23.7377 7.87069 114.694 120.331 51.1372 10.9985 14.6493 22.1716 8.72422 0.0229909 391.447
-65.9978 0.503109 1.54861 8.79684 60.2859 39.2529 50.8565 37.6397 6.68855 23.4289 11.461 0.8013 8.91114 4.45042 1.48526 0.661576 2.80777 20.8509 2.809 19.1374 9.44999 108.71 123.462 47.802 9.06952 10.2349 9.79665 42.5282 0.0223853 388.12
-67.2759 0.540856 1.59423 9.86478 57.577 43.0964 46.5103 37.6397 3.38714 35.9949 10.9637 1.94023 8.93855 2.05344 5.10062 2.20544 2.94309 14.275 6.98945 10.4796 9.99644 113.656 124.498 45.2848 4.29302 6.86002 10.6194 42.6222 0.00495416 388.275
-67.2021 0.503972 1.76497 7.40884 62.9504 41.1483 50.4913 24.3439 14.7563 28.7712 9.0155 6.53875 7.50475 2.05344 7.92472 3.61588 3.10637 2.82411 10.6715 13.9564 7.98071 121.149 120.981 50.835 0.565483 10.5209 5.91588 11.1862 0.00257279 386.838
-68.1388 0.522238 1.75194 8.03744 58.3128 47.5851 43.3631 31.834 10.8721 27.5366 7.94643 1.4946 7.33056 12.4863 6.10825 11.1938 3.41154 3.25838 5.18658 6.83398 6.46736 126.127 119.553 57.5517 4.3754 7.67313 3.34052 7.27086 0.0339358 388.105
-67.5173 0.50296 1.66157 8.01368 58.8982 44.6731 41.0507 34.0597 14.9491 9.68045 12.9091 2.35502 8.24493 1.3326 4.46121 9.79729 9.73316 11.2873 8.08243 13.1006 8.59028 128.082 142.75 8.80731 4.80856 10.4893 30.7296 27.5659 0.0119421 390.252
-68.2151 0.555097 1.65977 8.52639 61.4652 44.1256 20.5334 27.6234 38.8703 19.1203 17.7989 1.68717 1.8387 21.6909 3.29623 2.41971 1.06297 0.866166 18.3901 13.1485 5.74789 127.567 127.424 16.7765 9.23095 3.01426 27.9475 42.6303 0.0250714 390.625
-68.5631 0.552571 1.69961 8.40794 63.527 42.7816 20.5334 17.0524 43.3473 20.0483 14.3962 8.72388 3.71065 10.5513 2.21873 1.97849 1.98109 5.28208 8.94828 11.0939 14.6235 105.751 152.063 22.5767 11.0553 9.0385 29.2214 35.7807 0.0138221 388.541
-70.749 0.759484 1.6536 8.4117 66.3648 48.8003 23.8285 13.7637 37.0504 17.7613 9.50021 15.5407 4.49913 12.0705 2.83239 2.79514 2.25859 4.13301 2.91071 12.5489 15.2821 107.013 158.573 23.7915 2.36652 9.43041 9.27657 10.731 0.00698955 386.301
-71.124 0.746939 1.69622 8.19036 63.1546 48.8003 30.8186 10.7109 37.9389 2.87673 13.9002 14.2775 7.65626 15.1915 1.61838 1.49446 2.04636 7.91529 3.68266 11.1994 23.7322 111.823 146.379 23.7915 13.3803 4.04264 6.65589 10.2781 0.00313317 384.401
-71.1412 0.741261 1.73479 8.08856 58.0728 62.3439 0.681131 10.7109 70.8906 2.98137 12.4086 12.4817 6.18874 10.6041 0.846693 5.65216 1.77967 4.52715 5.27944 8.36668 20.1256 105.371 156.261 11.4823 29.8222 11.4139 12.025 27.1539 0.0188107 390.883
-66.3289 0.479532 1.65414 8.20039 47.0032 62.3439 8.36389 7.4224 70.8906 7.6284 17.7121 9.55321 6.45428 18.6553 1.08431 3.34721 8.21269 4.84442 8.38945 11.3442 16.9492 80.4813 170.385 15.1443 3.87512 8.03226 3.41979 26.9075 0.0126051 390.698
-67.1223 0.51949 1.69654 9.95252 47.0032 62.3439 8.36389 7.4224 70.8906 11.9318 14.5642 5.57948 2.80769 9.83575 5.20432 1.65247 8.21269 6.28288 29.5188 7.51182 11.5758 82.7211 166.688 9.67608 14.6752 11.5155 9.4319 91.7141 0.0105088 396.165
-67.3528 0.51949 1.77911 9.17654 55.8443 47.0366 13.0931 3.98517 70.8906 23.8887 14.3544 2.83019 4.77983 10.1941 2.39222 1.89543 1.22242 9.71601 34.1754 12.9435 2.10816 83.4105 163.265 17.0335 20.2826 10.1329 4.39483 19.1418 0.00644699 393.111
-66.9079 0.48063 1.64687 8.62392 59.0668 47.2375 13.2373 3.60002 72.1347 34.8778 16.4505 2.43678 4.77983 1.84064 0.669743 4.30407 4.28892 7.03094 32.9591 6.82564 18.0686 78.9891 153.336 7.25795 15.5361 3.22634 4.6617 51.0939 0.00221502 396.132
-66.2481 0.48377 1.63414 8.35382 62.4589 40.7008 13.2373 3.60002 79.2124 21.9142 10.449 4.00797 1.56568 7.49295 2.07185 4.99319 2.28214 3.42039 24.7066 10.7177 8.93292 101.431 150.809 10.4829 10.6618 7.77177 10.6563 27.0721 0.0341603 387.725
-66.48 0.481328 1.63699 8.35382 59.121 45.3795 4.14385 15.4138 79.2124 27.0996 7.34172 5.69481 2.21288 1.96101 0.997337 1.9917 1.06455 0.889263 21.0052 11.3883 8.76763 103.348 149.377 26.0019 6.42911 4.03095 33.4112 101.848 0.000696805 390.427
-66.7438 0.453428 1.72559 8.35382 58.6233 47.2956 4.14385 6.09364 79.2124 29.0364 7.19689 5.63638 2.17161 5.14945 2.95066 1.39265 2.49798 2.49297 2.34642 5.42115 39.6104 103.547 143.69 27.2455 4.13723 5.62125 30.6345 50.2093 0.0182832 386.278
-67.0629 0.468732 1.6894 8.57566 61.2961 38.1891 9.09416 6.09364 81.8132 14.2545 3.84921 14.9532 12.4109 3.97289 3.58431 1.97635 2.72102 1.10339 2.94129 15.8394 26.7407 110.553 139.491 22.0981 11.7345 14.9475 5.42382 44.5659 0.0131431 385.481
-66.3082 0.551389 1.65992 7.23302 63.1756 40.564 11.2801 3.02508 81.8132 13.6949 4.98048 11.3745 12.4109 4.16212 1.74164 4.34122 1.17025 9.38742 4.59257 5.70895 29.6443 107.724 141.246 22.8878 7.44008 17.5692 0.75398 2.09673 0.0219505 388.063
-67.2107 0.550603 1.64177 8.46301 64.1809 40.564 8.98489 3.02508 81.8132 8.87352 7.18329 14.9902 20.3785 3.98163 7.4631 2.51057 1.72101 16.9826 12.2742 2.34117 28.875 94.303 137.034 22.1031 2.71469 18.037 2.25821 10.567 0.00385619 388.782
-67.5472 0.592572 1.76712 7.52278 54.2168 29.3227 17.9085 22.3794 68.1956 1.17339 14.1349 14.3965 26.2986 4.25282 1.93661 0.840008 5.87657 2.75149 12.9833 2.85002 16.8363 112.4 145.571 22.1232 17.6501 13.6063 13.6484 6.69413 0.00394104 392.897
-67.5472 0.508287 1.73043 8.20173 55.6412 50.6632 16.6266 7.09427 68.1956 3.13462 20.3838 13.3487 10.4221 9.44421 2.15341 2.38144 1.31626 5.90545 7.03782 1.28082 16.6923 121.063 138.669 27.5099 7.8658 3.54065 3.81389 1.77675 0.00365095 382.604
-67.1669 0.495165 1.72681 8.24532 55.4089 49.0396 18.5739 6.10321 68.1956 3.66553 21.4163 16.1707 11.3086 0.607176 0.229537 2.6782 0.856221 20.2063 1.30584 4.95103 15.267 119.81 129.753 42.4011 5.66218 16.0756 2.09916 1.01947 0.0156585 388.783
-66.7543 0.538384 1.71451 8.66801 55.4089 53.2247 17.0933 7.98798 68.1956 4.9787 17.6301 7.82354 10.6902 4.30094 1.3694 0.308028 0.933489 12.2417 1.21751 2.20069 20.4072 115.87 139.406 43.4732 12.1795 14.3327 15.0439 2.14802 0.0215993 391.331
-66.73 0.501968 1.82693 6.85528 57.4926 51.7895 7.70565 7.78641 67.8331 6.28395 25.503 8.36215 7.03132 12.6758 0.0896677 0.501584 2.3276 9.41947 9.41146 2.92456 20.0594 124.537 126.752 33.4023 11.6599 13.4502 16.8125 56.4567 0.0339759 394.899
-65.3941 0.438309 1.69141 7.27194 60.4376 51.7895 7.70565 3.71368 71.9027 2.39197 21.1673 6.41707 6.55628 14.9564 2.02275 2.97984 2.68364 4.41515 7.81736 6.83772 9.98403 134.918 127.39 31.6934 4.90029 12.6193 14.3022 6.56789 0.0340559 385.389
-66.7703 0.47644 1.70981 9.26658 60.349 44.6091 13.1267 2.88902 80.8996 1.77136 10.7722 11.3443 8.03187 12.3327 0.273147 3.08982 1.15774 4.27642 8.34957 2.62 20.3373 144.33 112.724 25.5423 20.426 16.5516 10.4534 9.66057 0.00407631 390.79
-66.4868 0.572558 1.5766 7.56055 60.349 44.6091 13.1267 2.88902 79.5374 2.27904 9.40457 10.3328 8.03187 15.7722 1.45483 3.08982 2.27566 3.26838 6.57786 1.1113 15.4512 154.916 112.291 31.8386 5.21417 18.9032 1.56816 10.7197 0.0126155 386.706
-62.2883 0.199034 1.74176 7.5875 65.7363 35.7041 18.0659 6.72121 75.9598 10.2225 26.471 1.65733 1.99698 3.27467 2.74653 3.67113 3.44077 1.34315 3.80554 15.3538 22.8123 123.031 111.353 49.0017 17.7134 1.09178 10.6343 15.7567 0.0103529 384.914
-61.2387 0.212244 1.60932 8.08588 65.7363 31.1425 20.9682 3.5386 75.9598 11.4549 26.471 2.99581 5.48165 3.01789 12.6211 6.10466 3.92558 3.88356 3.4964 5.77881 9.71734 120.127 116.819 64.7368 3.01089 23.8411 13.6 24.0432 0.00927047 392.544
-63.8684 0.250034 1.78084 8.06421 68.8819 28.6609 20.9682 5.30331 75.6075 13.8514 14.6361 6.06705 4.75462 6.38821 9.64018 4.16331 1.56951 4.71808 1.4055 25.1705 5.82366 120.982 126.828 30.0315 2.64471 19.9503 9.25554 22.6261 0.0122414 386.673
-63.9077 0.272263 1.87455 7.57466 65.6347 36.0551 20.9682 9.09523 75.6075 5.97533 15.6522 7.42033 3.87527 6.36117 7.3219 3.44036 2.13532 2.19747 6.21473 11.882 11.358 119.167 131.157 42.7972 1.07033 13.9768 7.33942 29.2115 0.0107354 386.129
-63.2409 0.209972 1.84912 7.29473 63.1723 43.4476 20.9682 2.33184 75.6075 11.1469 5.82592 6.59371 3.12458 4.86851 4.43055 2.39047 3.36764 5.22674 19.8704 10.0131 17.925 116.854 124.587 54.3751 3.26808 5.71057 1.24563 30.424 0.00893266 390.142
-60.8861 0.109133 1.71135 9.41891 65.3894 43.4476 15.634 10.1842 75.6075 18.9298 3.46113 12.2048 5.48389 2.46709 4.19805 3.95255 8.619 2.28088 16.9561 10.0717 16.9764 98.4112 118.938 47.8171 26.663 5.71057 1.52995 0.58199 0.0127552 398.196
-60.3824 0.0563718 1.71333 10.4402 63.034 33.3543 2.68999 24.6353 75.6075 14.2848 4.56518 10.4539 7.82167 6.12733 2.32946 4.54944 0.215299 2.02873 13.5931 11.4883 32.2682 118.549 120.872 24.9206 10.8539 2.69156 6.46773 17.9509 0.00176437 388.998
-60.3143 0.0878718 1.70769 7.55924 63.034 37.0892 3.98039 21.7331 75.6075 14.1659 4.50875 4.07457 9.85151 6.98843 4.13261 3.58165 4.49776 2.02873 13.2059 6.80297 35.8238 120.618 120.872 22.2645 6.29522 18.4895 5.89831 33.9505 0.0203761 388.213
-60.1168 0.0901551 1.62096 8.3765 62.9442 36.5539 3.98039 14.532 76.4426 21.1651 5.18513 7.83798 12.3674 3.14505 3.60032 1.21518 4.39359 4.50392 8.37659 2.25173 17.6464 130.679 120.872 44.9944 6.38704 10.6823 6.58329 40.7273 0.00842708 383.086
-60.6119 0.11487 1.55456 8.13943 62.8365 40.2593 11.5099 12.2451 76.4426 26.0698 3.304 3.91154 1.90236 2.06561 5.30149 1.47673 9.94454 3.62329 12.741 5.61713 6.07151 129.776 130.852 31.286 7.86333 18.4166 6.09445 27.972 0.0175546 387.181
-62.8858 0.203437 1.72297 8.03304 68.8217 34.1286 11.5099 10.7415 76.4426 21.635 0.970296 6.03114 5.67324 1.06075 1.98266 2.92281 6.53886 4.23253 15.1742 11.6849 17.2905 118.246 132.667 37.2831 4.81682 9.63544 3.08631 15.1682 0.00242498 383.786
-64.803 0.369393 1.71766 7.81409 69.1333 34.6817 11.5099 8.72068 68.3953 29.6639 3.6761 9.25794 5.40802 1.06714 4.09941 2.38501 8.44535 1.24654 17.7379 12.941 2.99782 128.79 132.539 17.2591 6.7337 8.98767 8.51267 8.61131 0.00238349 387.731
-65.5406 0.407261 1.68957 7.41304 64.1907 36.0532 11.5099 14.2364 72.8424 16.7538 6.54907 5.38328 11.7063 4.96876 1.48153 2.35495 1.2682 4.38178 12.9951 18.8502 6.01611 130.722 139.081 8.7078 14.3112 14.7839 5.14343 2.34792 0.00273278 384.739
-66.4971 0.466594 1.7214 9.25283 63.7171 28.3989 26.7167 11.8283 73.461 15.6852 5.34401 1.3118 6.41684 3.65209 0.279408 7.3335 1.82607 2.90033 10.7351 21.6052 3.88016 123.933 144.55 11.3924 14.8234 13.5498 22.5985 0.616044 0.0199927 393.615
-66.3256 0.475133 1.69662 7.95578 73.716 21.0796 28.5845 19.0882 73.5295 9.11335 1.00736 5.12522 6.11642 6.82652 0.360445 6.92533 2.74201 9.91143 12.2882 9.96152 4.31254 118.768 152.532 6.69997 17.2589 8.96286 6.58829 10.9682 0.00985556 386.884
-66.0604 0.441204 1.7548 7.8857 70.6053 22.7941 31.1749 10.9087 58.0722 7.38571 6.63799 14.1448 4.22175 17.9315 0.409144 8.89205 3.83455 9.93693 5.19913 14.466 4.48428 114.894 162.094 7.08709 17.6734 4.01767 11.081 77.0251 0.0141666 389.478
-66.7931 0.42887 1.82427 7.55575 70.6053 23.3558 31.1749 8.33089 58.0722 0.80188 5.65636 14.0975 7.6434 8.47496 1.35963 12.5773 4.84822 17.9403 15.0991 9.51618 4.15843 109.168 157.63 16.4607 19.2364 3.11344 11.946 28.9281 0.0204816 391.049
-66.5925 0.473727 1.74508 8.69949 70.1271 22.6414 62.9626 7.59752 32.3956 2.53996 7.49307 14.9451 3.53106 15.8981 4.14288 12.6442 8.16748 8.08519 15.3043 8.23345 8.60831 102.025 148.903 10.4772 9.85644 3.8728 36.0434 18.6024 0.00691275 393.209
-66.8173 0.429784 1.80009 7.47667 76.4323 15.989 63.478 5.16853 25.484 11.7601 7.42122 4.85925 7.94646 13.1401 2.33604 6.63617 10.3925 22.6251 27.7706 12.6711 4.301 100.31 148.463 6.2092 2.65362 2.64501 45.6904 25.351 0.0295003 397.157
-64.3129 0.404826 1.57601 7.85356 73.4177 24.6354 62.5414 3.91217 28.701 4.33657 10.7978 7.4607 14.8991 14.4377 6.66489 8.9367 6.35261 7.3865 24.155 8.08161 14.4357 89.6471 149.267 13.1143 21.3256 4.8647 7.56273 16.6088 0.0249557 389.272
-64.0048 0.369203 1.57363 8.13811 73.2607 22.1984 63.6587 5.42686 25.852 2.96823 11.7746 6.323 10.5231 8.21726 11.2632 5.29176 0.628166 10.7995 27.4094 15.1985 17.105 87.8942 146.823 18.2129 18.2673 7.02817 5.68857 1.25063 0.0121126 389.995
-63.2591 0.331804 1.55752 8.32889 71.5124 22.249 63.5522 3.55645 36.2392 3.3977 7.32062 14.563 10.5231 8.79172 9.18202 19.7844 1.56585 3.63848 23.5546 4.35723 18.3217 81.4028 149.412 19.2404 18.4423 6.49768 9.42466 15.6824 0.027957 389.648
-63.8708 0.318476 1.62101 8.57843 74.5539 26.7422 72.1034 1.77714 27.4531 7.02004 2.10151 16.3519 8.33413 15.4283 5.71223 28.3577 3.7616 2.37774 9.69784 0.455408 7.83757 91.9122 151.305 19.9787 16.9948 6.10237 19.2921 19.2444 0.00434326 396.218
-60.6278 0.19665 1.49672 8.79932 72.5462 21.4567 93.2308 10.4608 3.57805 13.7133 6.72722 23.2398 5.88213 4.41616 1.33944 29.2931 6.12382 8.64415 4.21224 1.53637 9.38918 93.2199 142.202 43.2371 15.0876 10.6829 14.502 55.0542 0.0392455 407.786
-60.6278 0.130864 1.51142 8.80616 72.6179 21.4567 93.2308 6.81496 7.49373 4.76108 3.68394 27.4935 5.88213 5.21864 4.49492 11.9969 1.13091 3.65689 6.11853 1.41512 8.95204 113.066 155.97 17.9945 15.8855 1.5852 14.4806 40.2372 0.01961 388.875
-62.6593 0.291448 1.43177 11.036 70.0225 18.4433 93.2308 5.9673 5.76466 2.02134 5.3811 35.7109 7.12859 2.26617 7.57218 1.49699 1.3141 8.23789 9.56347 1.80984 8.95194 114.358 163.566 18.2486 2.53181 5.04658 17.5752 33.5625 0.00685695 390.197
-62.2611 0.291448 1.39839 10.892 81.3085 15.9589 85.2658 6.80716 5.11607 6.89362 4.70563 20.3665 5.9963 6.41408 8.34082 13.0593 4.63461 7.48545 9.86337 1.79367 6.24175 109.717 155.966 11.5587 10.8381 2.13076 17.5048 25.3122 0.0478049 393.591
-64.7588 0.448257 1.53861 9.15771 73.6695 19.4171 82.6694 7.65762 10.7335 3.4901 10.3294 18.7226 4.43932 6.09378 7.78894 14.0808 6.29533 7.2058 10.5694 2.14932 18.4812 97.5731 157.282 14.0534 13.0359 2.1778 18.3494 62.9008 0.0834009 398.191
-64.1095 0.382816 1.59877 9.7259 66.9903 24.0205 80.9867 7.46274 13.0965 5.08725 17.9811 14.1723 9.23009 7.00823 6.25375 6.54919 4.11754 7.63685 3.2575 2.13326 28.6369 100.827 153.41 10.6173 15.7201 17.492 16.2945 19.2544 0.00526469 390.727
-64.1095 0.356847 1.55794 11.6027 72.5423 13.2315 80.3555 9.81204 11.0062 9.61818 16.2642 7.96227 4.76372 9.04346 7.14673 2.43209 5.5664 11.9665 3.2575 3.56626 23.2633 104.984 166.651 1.24274 4.5398 12.9329 11.7933 13.6866 0.00628193 388.61
-65.5222 0.473663 1.56665 9.82158 76.487 12.8399 83.2868 11.0823 7.2581 11.6592 14.7029 0.740525 3.94729 14.113 1.62936 3.94896 3.49167 9.14274 1.87813 10.3789 21.9283 118.263 149.074 12.0726 2.91208 13.4469 7.10528 23.6099 0.0211333 386.554
-65.9563 0.473663 1.55909 9.33064 84.5486 12.3172 76.0026 20.9643 4.46008 4.56971 9.16166 8.79442 2.62525 12.5054 2.24411 2.32225 1.74297 18.9273 7.86405 12.5628 34.3675 90.756 142.813 28.429 14.6064 15.1225 9.12463 17.7063 0.0713822 397.351
-66.433 0.473663 1.65858 7.81339 82.8631 4.9635 77.1357 14.561 8.32495 3.79707 17.0668 30.9265 2.62525 0.262413 2.74283 3.10696 2.39572 19.9257 6.39388 22.1582 25.5534 92.5189 127.207 28.257 13.9531 15.0507 26.3583 20.7918 0.000882385 394.057
-66.3014 0.485635 1.71528 7.92738 89.742 4.9635 77.1357 17.6571 2.96629 0.603347 8.61955 30.098 8.44917 6.74742 0.724044 2.1913 2.08106 17.5917 7.82281 14.1076 26.2656 83.2031 139.025 19.6799 12.7856 18.5508 13.1624 16.8005 0.00229723 394.649
-66.45 0.429252 1.85792 7.35494 68.696 19.2917 71.1425 22.0113 13.0887 2.01655 6.67131 30.098 12.7237 0.79384 1.31792 1.24678 1.91047 14.5691 6.18423 17.6419 38.1197 97.8537 133.772 19.9172 11.7107 4.61876 10.8323 18.7189 0.00267182 392.493
-66.0029 0.394643 1.85737 7.58848 72.4556 22.667 64.2144 24.7217 6.27251 2.41786 6.51529 33.8535 15.98 8.03756 1.28535 5.11523 1.93462 14.0927 2.28915 14.6322 33.0003 83.7061 125.65 46.1578 7.29562 26.48 16.833 15.3158 0.0300971 393.677
-66.0029 0.316269 1.85737 8.23051 76.4824 10.5136 71.5459 20.6981 3.69949 2.64679 6.14064 33.8535 6.94151 12.3042 0.693503 2.68682 3.20416 15.6019 4.65497 19.1284 35.7957 92.0144 125.65 42.4598 12.8109 2.61363 7.19585 27.3345 0.0006893 392.427
-66.9097 0.427826 1.77911 7.85261 76.3212 11.2868 74.1919 20.6981 9.17504 6.21489 8.77253 36.1528 2.26098 10.9343 1.57974 2.93222 2.96897 10.7555 14.6805 2.80326 17.1289 107.308 132.7 27.9254 17.1908 7.81927 6.79556 0.507657 0.00949006 391
-65.9206 0.466156 1.74965 9.49564 75.2601 20.724 64.0288 23.1612 7.53707 2.39231 14.9742 36.1528 3.76384 8.26952 0.850066 7.51942 0.103899 2.85013 6.97317 2.40027 16.8677 126.158 115.655 44.1012 16.0549 0.578728 9.97629 15.6586 0.00508694 390.276
-66.1693 0.459134 1.57576 10.5159 74.1585 15.2234 55.4974 29.0161 6.23724 18.5844 4.71109 32.1349 13.6769 3.01628 9.8951 2.67504 0.56232 0.584028 11.9869 2.07366 4.97485 133.669 101.512 12.6137 41.9996 10.8393 9.06424 6.10823 0.00568611 397.889
-66.5529 0.539703 1.49142 7.44186 83.1376 3.05463 60.9563 25.7044 20.869 13.6697 3.96829 12.811 11.0248 5.77663 9.53503 1.55615 1.24835 6.25049 7.24038 23.732 10.9247 116.519 130.3 28.1776 2.76035 4.74311 9.97209 18.664 0.0200363 390.813
-66.5529 0.539703 1.55728 8.70577 95.9897 2.61348 66.9244 20.6425 8.81855 10.9546 19.8562 4.92283 9.03965 4.29272 6.11137 0.756147 3.88748 1.44479 1.32389 14.323 25.9076 117.485 130.046 28.739 15.0026 4.74311 20.6921 15.4182 0.0237932 388.398
-66.5529 0.539703 1.71706 7.82634 82.4612 2.61348 64.2879 27.1609 9.34596 7.66807 34.8116 3.61146 9.43701 4.36412 2.97409 0.591799 1.71073 4.26569 2.78017 13.5585 28.0244 117.485 129.537 33.5032 13.2814 8.96919 4.65201 13.9178 0.0118914 385.221
-66.2909 0.539703 1.66719 7.89335 82.4612 2.61348 88.9369 15.6024 2.22479 3.13726 19.323 10.9047 15.8975 2.60436 2.69701 2.75558 1.43769 0.410197 9.50015 13.8328 25.0492 117.858 132.874 34.0825 18.1127 2.73891 10.557 17.8118 0.00279488 388.3
-66.3019 0.461167 1.7768 7.69475 80.8143 2.47361 91.3757 12.5393 3.71355 2.36257 6.51376 23.2728 13.5997 1.96328 0.317034 7.77149 3.76734 3.05524 6.87225 16.5894 31.6933 105.139 134.576 31.7961 17.0812 3.59849 22.2026 5.52339 0.00253126 391.342
-66.1414 0.378575 1.84043 8.1158 81.6323 6.78679 83.265 14.1617 4.45147 0.275167 8.10497 24.5817 19.9289 1.98525 3.13542 10.6122 1.40227 4.3746 15.0978 16.3582 3.37817 100.96 150.172 26.3585 8.69149 2.40826 18.4088 0.946406 0.00253126 388.997
-65.3145 0.380374 1.71431 8.40191 79.4141 6.78679 78.1264 15.2618 7.78449 20.0106 10.1304 15.7411 14.764 1.84893 2.02435 0.457107 1.14102 2.58564 7.45496 11.4248 13.8552 123.915 133.039 34.0494 18.5412 6.90412 15.0495 1.0341 0.0273784 384.33
-66.2602 0.328129 1.86725 8.20848 79.4141 6.78679 79.9042 15.2431 7.90969 20.623 12.2508 13.5428 11.3315 2.22514 1.04813 1.62345 2.0434 4.53707 9.99846 4.23678 19.6388 123.915 131.565 24.8803 27.2451 8.59365 15.7443 20.1359 0.0353952 387.799
-66.2602 0.407334 1.75463 8.19876 79.866 16.285 89.0978 7.65878 0.979729 11.212 17.8773 13.8835 3.18234 7.12386 1.24397 1.55711 6.32912 7.27388 7.46016 7.66486 16.7095 118.291 137.985 34.0168 2.99673 7.94252 9.94146 7.95827 0.0380535 384.256
-67.0164 0.402758 1.79948 8.26837 79.866 16.5917 88.2644 8.68034 1.94981 12.9447 14.5708 7.54796 3.17906 8.49685 4.07976 8.35787 5.49551 9.67193 4.30399 3.45968 16.0049 115.378 132.083 32.9078 15.7393 9.80712 10.1679 22.695 0.0136173 390.542
-66.0682 0.370757 1.86187 8.36436 73.8709 18.2081 81.8672 10.6169 10.0661 7.29582 15.9855 3.20165 6.52363 17.5347 2.46624 4.65699 5.04816 12.9387 0.996072 5.77459 17.8067 113.733 134.793 37.4443 5.46585 1.99995 8.86703 48.7131 0.023958 391.306
-65.8701 0.385996 1.74256 8.04805 76.0304 21.2188 77.2376 8.85121 8.75968 15.1977 0.85222 2.867 7.90148 26.1 3.03798 0.849738 0.503955 12.5002 13.4971 1.65808 10.574 115.172 141.042 37.789 1.89567 11.4454 3.75682 28.7501 0.030307 389.897
-64.5597 0.342703 1.83855 7.79895 68.8904 28.0928 77.1288 9.39128 6.03875 19.0555 5.22305 8.71829 7.56795 20.4361 6.52206 2.4713 0.503955 6.3473 17.0992 7.86185 3.48774 117.117 131.708 50.5661 1.89567 4.39055 5.43668 35.7451 0.00954113 388.298
-64.5597 0.303821 1.74034 8.02363 70.0748 30.869 64.7619 16.5329 6.51884 22.0594 3.40356 3.58036 1.87751 6.41468 3.46346 12.9421 0.503955 17.1257 13.5483 15.093 12.1046 113.616 133.335 23.5855 3.17034 6.48111 2.63142 16.9925 0.00835826 391.388
-63.1548 0.243256 1.65233 8.3589 64.7562 28.6127 62.8811 16.729 16.7422 19.1603 6.03488 4.69179 8.64055 11.9565 2.12689 1.29558 0.752344 13.8023 20.3148 6.76538 14.4997 109.096 152.777 22.2109 4.71689 5.33745 10.7859 21.9205 0.0450489 391.066
-61.8852 0.231716 1.6478 8.32878 63.5137 33.5254 68.2645 11.9505 19.1765 12.2811 6.72066 4.3467 22.9614 3.05169 0.864906 1.55135 1.29306 17.8928 10.0752 13.8649 8.78854 108.121 146.17 13.5097 10.0317 28.6344 4.17437 19.6899 0.0164704 384.47
-63.5176 0.208175 1.85685 7.7564 67.3282 33.5254 68.6891 11.479 21.5723 11.318 5.4272 1.39328 23.444 2.10047 5.34617 2.05775 1.41584 9.79334 10.4108 13.9499 5.23704 105.435 158.581 24.757 5.12941 5.56565 16.5164 20.6878 0.0177589 385.036
-63.0109 0.187756 1.81897 7.41288 64.3769 36.4539 63.3258 16.3827 11.7935 11.5477 12.2376 2.61171 15.3684 4.92984 3.47404 3.62249 6.12311 2.20217 26.7893 7.92742 11.9963 81.9981 189.315 18.1174 15.1004 3.42043 11.3788 8.94613 0.0188068 391.566
-63.1591 0.234848 1.83441 7.66746 66.2598 36.1856 64.9164 8.30986 13.7303 11.5359 15.7807 4.46487 22.847 2.76905 3.43491 6.24458 1.62947 2.20217 1.29883 5.24302 29.8191 137.291 113.866 38.9124 5.99804 7.93288 46.6188 1.95653 0.0307755 391.165
-59.804 0.153875 1.6001 8.03118 68.624 36.1856 58.9513 17.1291 13.7303 9.45139 10.8098 9.5032 22.847 1.7822 1.93148 5.84228 2.06692 1.98146 3.99219 4.47439 14.022 135.029 122.442 39.9663 2.56265 11.0122 13.7685 2.32299 0.0119171 385.897
-60.8039 0.100167 1.65813 8.06586 70.7638 27.6675 48.7462 22.9624 22.8279 4.83412 1.47941 14.1669 10.8144 8.08109 4.33456 8.73889 7.37844 3.38476 8.70494 5.48807 8.68234 140.89 112.312 51.0996 2.70955 17.0951 3.82254 2.03947 0.0172299 385.235
-61.0669 0.106905 1.78178 7.25615 95.5346 4.29918 56.8231 25.2271 18.185 1.93384 7.45419 18.9333 16.2578 13.4388 4.24678 5.55863 10.2966 4.05994 1.39461 4.19513 1.79872 117.817 142.799 27.3495 9.99083 11.7681 3.57978 8.95562 0.01036 390.534
-61.0036 0.119881 1.70457 7.06535 81.2906 7.01162 45.6936 34.981 25.0089 4.0145 8.21084 20.4009 18.609 15.648 2.32994 2.22153 1.16775 2.90715 12.0776 4.46694 4.3621 111.202 155.149 13.9382 7.25392 3.24402 2.54597 18.0712 0.00486945 387.246
-60.0409 0.0510425 1.73839 8.09454 79.7439 7.01162 43.6885 27.6824 31.8459 5.74311 7.22882 8.64421 23.4426 7.31764 3.28106 1.38674 5.06187 2.65107 7.37125 13.7289 4.13472 110.622 173.967 3.86397 16.0662 2.95113 23.9057 34.4683 0.0116013 384.971
-60.7259 0.0352996 1.80585 9.36518 79.7439 11.1618 43.8192 19.8622 36.7701 13.7364 3.44213 7.55276 24.9218 4.11729 1.75795 5.85938 9.19447 1.71401 7.85618 7.26098 6.28254 104.092 175.992 0.418744 5.59697 27.6699 5.04357 31.7986 0.00509471 390.413
-59.4508 0.0124201 1.79509 6.92837 91.8174 2.44688 50.3081 4.79886 45.9482 10.7481 5.53237 9.55224 21.1484 6.56369 2.25683 1.0864 11.5712 2.13273 6.8358 8.66292 10.4134 122.34 143.592 7.94836 11.2802 27.9332 5.02067 17.4625 0.00182231 392.742
-59.5833 0.0124201 1.79501 7.19237 86.0246 2.86901 35.4934 31.2576 47.4195 13.2852 3.91929 9.29514 17.073 4.82209 0.937945 1.48353 4.67012 6.0253 8.89675 9.37181 9.46907 115.367 147.573 10.9844 13.0757 30.654 0.613451 28.7974 0.0029524 389.271
-61.2187 0.183807 1.42453 11.4826 81.6286 2.86901 40.6577 31.3133 39.4049 8.21583 5.3587 12.7982 10.2461 9.49909 5.7381 1.11668 6.67047 6.47604 11.1796 6.24158 3.98253 115.661 147 29.1947 7.47862 16.9615 0.613451 13.2388 0.00186769 388.848
-61.624 0.242378 1.42797 10.6034 80.0101 4.453 32.9413 34.7547 38.584 7.45564 7.18457 8.4521 13.5134 8.99194 5.34565 3.26519 4.48744 6.55958 6.91146 12.2253 5.98691 116.588 154.861 18.3978 4.54201 25.8356 4.86252 16.1529 0.00565355 385.736
-63.1363 0.350878 1.53696 8.97725 80.9612 6.65448 47.1309 34.754 26.9269 3.97382 10.9272 7.60574 12.0287 9.37615 5.60073 3.52096 2.75236 9.88993 3.92217 21.4839 7.07637 112.727 144.605 13.5205 11.2468 16.4714 2.13719 5.86097 0.00544758 388.284
-63.5049 0.32883 1.63296 8.27658 80.9612 6.65448 42.9974 50.4828 15.548 4.0516 7.98033 0.7463 14.5213 7.59655 9.77036 0.636559 9.23264 4.00201 4.06457 31.0298 12.066 106.413 152.658 10.4146 18.6727 1.90358 15.3834 20.1924 0.00742659 387.166
-64.5543 0.420496 1.62876 8.266 82.8793 6.29408 49.2832 35.7742 20.5132 9.53117 4.55021 7.5071 24.4117 10.3524 5.12369 1.87357 1.39766 6.25487 1.46634 32.2925 7.99391 100.918 152.658 10.4146 3.15452 13.2817 26.1332 4.90743 0.0204845 387.082
-65.5232 0.469035 1.62211 7.74565 82.8793 4.80115 42.3945 38.9015 21.4062 9.60165 5.61474 13.4072 23.5276 9.69064 0.851794 4.51493 3.41101 0.820626 1.66412 23.3741 6.02629 112.973 157.323 0.585178 4.24543 12.4161 13.1776 15.3138 0.0013487 386.056
-67.0495 0.492922 1.74079 7.86703 81.2941 4.80115 37.1635 38.1338 23.5486 9.61546 5.56514 14.1121 21.2596 11.036 1.00376 3.07527 1.69679 3.50605 2.42804 18.9754 6.02629 122.821 157.323 12.3469 17.6648 14.9083 20.4508 13.1301 0.0111449 385.94
-67.0495 0.481218 1.74079 8.35627 78.922 16.521 32.1162 33.0032 36.893 10.8095 3.61401 9.81813 19.92 6.10339 2.60309 5.03183 0.728255 0.784637 12.6934 18.9754 3.07377 113.619 157.733 12.3469 14.0269 20.2802 15.8226 5.69929 0.011875 384.36
-67.0495 0.48018 1.85655 7.60152 76.1523 17.4351 24.2563 39.9915 39.3404 3.55652 8.89373 8.10974 24.5381 5.93879 2.11384 7.81462 1.80673 0.784637 5.00183 27.3256 1.09931 102.131 168.383 7.94734 18.2809 13.4204 1.41428 4.38707 0.00754977 388.555
-66.3982 0.403456 1.83417 7.61481 74.1458 17.2793 19.0597 38.7273 45.4775 6.49733 6.94519 11.0755 23.4169 4.10572 0.287644 2.39516 4.2949 0.784637 4.27558 19.2179 8.61605 106.382 173.501 2.60972 26.6759 13.3539 3.15649 16.199 0.00580465 385.38
-64.7597 0.342398 1.77429 7.26267 73.7888 23.1402 24.6139 34.9248 35.3647 8.90836 7.49293 12.1843 14.3232 7.50954 3.65653 1.43009 10.0026 4.01823 4.27558 13.1174 17.6209 105.701 166.68 8.60784 8.11867 6.0394 2.8348 12.2992 0.0188263 384.257
-65.0486 0.399686 1.63331 7.66223 69.1661 26.8221 18.0378 39.5719 44.6603 2.09161 10.8861 2.16697 0.611215 12.9798 11.415 9.85067 9.58631 10.4674 2.54207 6.33445 20.384 106.486 155.346 10.5053 14.6081 16.0418 4.1335 18.8004 0.00463263 388.523
-64.2878 0.311548 1.76975 7.59262 68.457 26.8221 18.2805 61.8592 25.7787 2.09161 14.4602 2.14115 19.8426 7.27861 20.168 2.52949 4.22429 5.16114 4.50333 2.95776 14.2321 106.481 155.464 10.5495 5.49877 13.4992 5.12646 18.5866 0.00695303 389.823
-63.2992 0.263739 1.68104 7.55124 69.7905 25.9489 17.4336 57.1148 24.0092 8.86365 13.985 5.20497 20.037 5.54641 7.13344 3.15869 6.74545 1.34805 4.13965 3.16713 12.7826 115.548 155.464 10.5495 8.38191 23.6489 3.85975 22.1684 0.0155589 384.628
-62.1718 0.275146 1.60176 6.96884 69.7905 25.9489 17.4336 54.8527 30.6671 5.46189 16.6251 3.87206 20.2275 5.19759 0.27946 1.0448 0.541074 1.44639 4.57069 9.29095 18.358 115.53 162.427 9.02878 15.2846 24.3061 6.00707 18.619 0.0435853 389.121
-62.2548 0.309834 1.53196 7.89413 61.6952 43.9418 22.7867 54.0135 16.8998 4.40474 10.4198 3.97722 11.262 17.262 2.4898 0.597523 0.863048 2.00848 1.93712 15.6146 22.9025 109.138 162.427 5.49811 8.4098 29.679 9.82655 4.43984 0.0348487 387.184
-60.4072 0.108959 1.64114 9.18803 58.6374 43.6064 22.7867 50.998 11.1167 2.25365 23.8352 4.49277 15.2197 13.1532 3.33552 3.86379 3.25922 4.07121 3.91065 8.9697 16.0688 111.089 158.479 6.59254 1.67736 27.4042 18.6038 33.4712 0.0441446 388.847
-60.913 0.108959 1.80612 9.43318 60.6241 43.8227 22.7867 55.3633 18.3182 2.94938 15.04 8.9984 8.94948 7.05087 2.77931 4.04011 3.01523 5.1922 3.81678 3.57557 17.6084 108.767 158.479 19.8589 4.39484 11.1669 22.2055 39.3045 0.0291578 388.621
-63.6922 0.266944 1.85983 7.04682 60.1225 45.2999 18.2061 51.2838 24.3552 4.87089 10.9575 16.4915 6.66985 11.6147 2.26476 6.24502 2.76964 4.78772 3.44013 2.73344 28.0355 101.265 158.479 5.17131 27.9928 16.2164 2.65489 11.4871 0.0664169 388.713
-63.868 0.191087 1.90194 7.87423 61.2836 46.3808 18.2061 52.6476 24.0483 4.01621 12.8009 13.5655 3.35636 6.92492 3.0184 10.4976 0.530914 1.86346 5.078 3.18111 33.8165 97.2981 158.479 22.9289 17.0043 2.47274 4.3494 6.02877 0.0271022 387.455
-62.3264 0.128407 1.81844 7.80168 63.4713 39.569 15.2484 42.8131 35.4142 9.24697 3.16921 10.1472 3.5679 6.43389 14.6194 0.353355 0.533063 5.1632 13.4585 4.88465 32.9922 92.1699 173.887 7.22809 17.3664 1.59352 12.8333 11.8052 0.0153406 388.109
-61.8804 0.119473 1.74896 8.18768 63.6702 39.9879 16.9102 37.0198 35.4142 13.7372 4.86344 18.5779 5.05567 5.73834 5.45257 0.353355 2.87377 2.28209 17.8584 7.67189 27.2982 92.1699 169.094 12.3674 12.0013 3.78755 0.90614 10.0284 0.0170435 384.502
-61.7626 0.119473 1.7937 7.96113 63.2127 39.53 24.709 41.419 29.3009 12.8684 4.86344 12.2244 5.78262 5.85828 3.05652 5.0798 2.58547 1.38019 15.6019 16.6545 37.3901 73.6458 166.248 10.7472 22.4204 5.53365 1.03334 19.2738 0.0146646 387.809
-61.2909 0.0667149 1.76609 9.31175 63.5615 38.1946 22.7731 41.419 28.664 15.3965 5.91067 12.415 10.2938 7.87202 4.71642 3.74848 1.45748 0.786007 6.44113 8.64801 27.8365 83.9915 164.594 33.0024 16.1058 17.1319 1.81448 8.97065 0.026689 392.565
-61.1599 0.0771732 1.7422 8.21113 61.1208 40.9818 22.7731 44.681 20.7921 23.8385 2.48369 25.152 0.32948 6.96919 3.62204 9.13421 0.446798 15.6558 7.5501 5.24445 23.3138 79.6272 158.206 22.6182 4.84112 14.8704 35.2497 12 0.000725311 393.406
-62.031 0.211015 1.66319 8.11768 55.4047 41.3098 22.7731 40.654 29.3398 18.2258 11.4069 19.7458 2.16226 4.11047 2.42856 4.52361 3.35443 6.78516 26.4939 14.9898 18.2798 81.8253 149.558 19.0797 4.86038 10.0374 32.5801 12.6145 0.0331021 389.781
-75.0007 1.11131 1.50039 10.6337 48.9639 41.7991 33.1553 40.654 28.1289 12.7511 8.38446 23.87 6.19835 2.76075 0.566515 3.19963 9.25118 9.51944 14.7212 9.78904 33.2108 86.4553 152.289 6.23115 8.5888 11.4298 13.7197 10.877 0.0330928 397.222
-74.3286 1.09467 1.54731 7.46393 61.7017 40.7828 27.4793 40.2345 24.0858 5.82201 21.2577 20.0786 12.2675 9.30426 0.314241 1.38326 2.4835 6.45896 13.8389 6.70412 22.5025 79.8901 169.866 6.78207 5.90457 7.03748 47.9739 5.23616 0.0130655 394.401
-77.7462 1.29439 1.46886 11.7651 69.5344 29.523 29.3728 33.7893 26.2661 5.9859 11.3565 8.60477 6.34499 16.8028 3.99113 2.71723 4.73001 4.6953 14.7115 2.17853 16.9098 102.859 168.895 17.4762 3.93826 7.83517 2.00693 3.98854 0.0454824 392.277
-76.3961 1.29439 1.41981 10.435 67.9801 29.523 42.9803 26.9978 19.6243 4.71338 6.93897 26.4609 4.78125 19.5156 3.86784 0.330722 4.70229 3.42609 16.3904 5.83774 16.5816 102.859 155.107 11.5425 5.56243 16.4408 5.77526 9.63026 0.0617271 391.818
-76.5911 1.29439 1.45602 10.2509 67.9801 29.523 45.2755 35.4707 9.40863 15.385 1.72502 25.0763 8.56754 7.33257 4.7867 1.79904 5.18566 17.9737 12.4184 8.89956 9.59265 89.9905 157.122 27.3061 2.7944 2.12686 18.7807 22.4347 0.0250217 394.387
-76.5911 1.29439 1.33061 10.234 65.3419 32.0307 37.2457 30.9193 22.0533 5.9121 3.12145 19.9538 15.2437 9.66908 1.28967 6.68525 2.94174 0.249339 14.697 8.66381 17.0893 141.446 105.123 35.7586 6.71952 9.41512 13.2132 12.3066 0.00941435 391.261
-77.3364 1.29439 1.42258 10.2098 66.6223 32.0307 37.789 30.1213 21.0841 2.77924 2.76581 26.2964 10.2783 11.0656 1.57407 5.57476 2.7759 3.13126 7.30493 7.38691 15.1325 146.389 112.895 28.8835 4.04371 18.726 2.10264 16.8935 0.0143808 390.938
-77.3364 1.28629 1.43423 9.14924 66.6223 36.4026 28.9654 33.0513 31.3326 4.0866 8.85969 8.46531 11.1162 12.0446 2.88166 5.59051 3.03023 0.553018 1.133 11.8416 18.3752 122.543 142.658 22.4904 2.80046 13.6177 14.3854 13.7879 0.0308098 386.979
-72.2776 0.946912 1.63932 7.33059 63.0674 36.4026 25.0186 37.5131 29.0843 2.18232 7.75311 24.9844 13.2257 1.23134 3.79844 3.4608 2.43586 4.62381 5.81946 6.13033 24.1959 118.803 137.571 32.347 6.48793 19.1901 7.67026 3.15134 0.0740558 388.796
-72.4776 0.906468 1.66174 7.33059 62.5989 36.4026 28.6083 41.4356 25.609 5.03208 19.9996 8.74272 12.4733 1.58027 2.88167 3.13184 0.924518 10.1693 3.74965 6.52335 25.1603 112.1 146.722 17.4169 23.129 15.8353 2.85908 42.2002 0.0316895 390.144
-63.2896 0.206653 1.85027 9.88881 67.0482 36.3081 11.5371 38.8296 36.5192 10.3957 8.38166 1.73792 21.9863 10.8386 1.88741 0.783677 1.17444 6.7439 1.54615 7.17729 21.6409 109.265 160.559 13.644 24.8414 9.08773 4.61227 13.3512 0.000317554 389.722
-63.8419 0.167778 1.93649 7.90836 59.5212 55.1582 9.71041 36.5591 36.5192 4.81152 12.9798 2.58457 18.3647 6.2286 3.51515 4.17752 2.36264 9.57577 1.45925 4.25623 28.0342 104.965 157.974 11.0813 24.4176 6.92691 8.11508 22.9946 0.010581 386.794
-63.552 0.239271 1.76722 8.23577 54.1256 56.9612 15.8324 38.0793 36.5192 3.34566 4.20941 2.58457 15.0631 16.4186 1.34735 5.21153 0.275147 10.8244 0.680338 7.85563 26.6537 110.218 154.814 18.5128 11.7079 0.531033 3.62128 28.0879 0.00496484 385.141
-63.0466 0.306414 1.63322 8.28298 49.9256 59.8241 19.9016 35.21 39.9878 5.81272 2.95279 0.464335 18.0626 14.8561 0.961311 4.82606 2.69385 2.05174 3.26834 11.5644 27.3159 110.918 146.092 21.9497 13.3498 7.58381 4.09356 63.746 0.00786462 385.355
-65.2261 0.435109 1.67589 7.70688 58.7003 56.1291 10.3196 27.6054 39.9878 0.482 15.3408 0.464335 10.5591 15.7992 1.86797 4.88177 11.1049 1.43063 3.22535 11.8095 26.7925 106.446 143.724 42.896 0.524366 10.3504 9.28717 17.1755 0.00224378 390.805
-69.7544 0.668946 1.62349 8.13104 45.7769 66.041 10.0518 35.2802 40.4475 21.3274 16.9849 4.66553 3.62801 6.94158 2.17508 2.87503 12.158 4.23569 4.04151 0.292465 21.8934 108.832 129.324 46.1972 16.5629 6.3781 7.03916 9.55138 0.00400318 391.751
-70.5735 0.798136 1.65946 8.15717 49.4941 62.1661 10.0518 30.5838 40.4475 20.8764 24.4588 5.07228 8.48728 9.41116 1.70119 1.41258 8.99276 4.00623 8.63603 3.28623 13.6429 110.041 136.867 28.9551 19.4032 6.4416 7.36248 21.4263 0.00744117 387.907
-70.5735 0.794328 1.68628 7.56954 69.506 47.933 5.19344 27.41 42.805 11.6741 27.8304 12.5061 0.607753 5.00213 3.22782 5.12516 1.5098 5.31284 9.71153 2.74882 13.0895 110.384 150.318 19.1275 9.21461 6.38329 3.39654 17.1543 0.0282843 388.506
-70.5735 0.790783 1.67164 7.79104 53.5062 56.0366 5.19344 25.3092 60.8818 10.5697 14.7626 8.81826 1.44687 5.76919 2.37274 6.34618 4.0611 10.4787 12.3805 6.71607 13.3091 108.675 146.486 19.103 7.40796 8.40261 25.3545 4.80062 0.0280963 385.262
-70.5735 0.732188 1.74729 6.91982 49.2954 61.4741 19.9755 25.3092 39.2175 22.309 3.67926 2.53798 5.3503 2.51887 3.872 18.4841 1.70698 11.0321 6.13164 13.3861 8.61544 109.291 156.012 8.2842 2.95235 10.1894 27.2219 41.4029 0.0298433 393.216
-70.4629 0.747609 1.76905 7.60546 45.3269 79.3072 17.9207 19.9537 22.5929 33.2991 8.01489 9.58438 4.2041 3.16656 0.378467 0.370333 3.58221 9.42895 3.45131 13.2667 15.0957 110.86 163.6 13.0053 7.73291 11.0133 12.6744 12.4903 0.0393388 387.399
-69.7053 0.689292 1.59047 8.06962 40.9325 81.0815 18.0572 24.1555 30.1044 18.3778 9.50317 9.02219 11.1165 8.10374 0.852721 1.55701 5.51701 16.8057 2.01307 9.08946 6.54863 99.3293 172.254 14.195 1.52351 6.29159 18.2934 43.0378 0.0216993 389.349
-69.1244 0.689292 1.60386 7.90832 43.2264 79.0442 15.2015 24.6396 34.0401 17.3469 11.2607 4.67717 11.4951 5.68371 0.211255 0.945091 8.13622 17.1899 0.628902 8.81074 10.3241 108.863 162.83 16.8658 11.6117 11.1105 12.0817 29.377 0.00764489 388.329
-70.034 0.746987 1.65346 8.00592 39.8672 77.4106 6.89608 39.7386 32.4284 21.7962 3.36453 9.22757 9.90995 1.48518 2.40908 1.14104 2.60579 6.19907 15.8646 3.83396 15.7317 149.25 114.343 14.9278 12.7888 32.0408 4.46116 9.52576 0.00750786 390.796
-70.034 0.746987 1.63515 7.35025 40.1351 84.9361 6.89608 46.4767 17.7581 28.253 7.72962 4.22471 10.9453 2.21861 1.73835 5.21222 1.22024 5.83283 13.7727 1.54938 8.41558 141.091 128.039 18.1224 5.18442 23.199 8.18674 18.6311 0.0090864 387.123
-70.4681 0.64091 1.8105 8.12933 37.5198 84.9361 6.89608 38.534 19.4882 41.0758 3.12306 1.46942 12.5729 1.33945 2.17897 7.36044 1.26081 7.03281 6.49464 5.5922 6.72738 135.474 126.638 33.4762 6.33823 11.9267 8.19998 28.7055 0.0185946 389.422
-69.4763 0.661724 1.71961 7.95571 39.4366 82.6188 6.89608 40.5345 20.5475 27.7187 4.03509 11.8786 10.6457 5.73697 1.34725 0.393873 1.47167 2.99239 15.3931 8.25321 3.42998 118.873 133.089 55.63 5.82806 5.34326 10.7559 20.6128 0.0078658 386.828
-69.5497 0.634781 1.77376 8.01479 38.5525 80.2604 12.3249 26.2909 40.7705 14.1603 0.237425 21.1972 2.00617 6.96497 1.56495 1.29186 2.48173 7.80896 26.3064 1.39055 11.5576 121.483 115.608 56.0826 6.10224 7.90614 10.3685 35.825 0.00988441 388.369
-69.3519 0.698008 1.73051 7.65291 32.0937 79.7959 12.3249 26.2909 49.6602 12.0387 1.99354 21.1972 5.00432 1.92299 6.27903 0.419667 6.60103 5.74476 12.1532 9.02081 7.53004 134.768 103.511 59.3246 10.3951 6.18745 3.72849 21.5826 0.00243198 389.938
-69.3519 0.698008 1.69716 8.01857 37.0392 79.3337 14.4326 26.46 43.2961 17.4356 9.34546 13.1414 15.8672 1.92299 4.71748 3.0197 2.99879 5.51833 8.16416 3.05352 10.3217 135.583 101.614 52.5186 13.7201 15.5215 6.87574 11.6367 0.00243198 391.801
-69.6739 0.698008 1.66606 8.00599 39.8735 88.0305 26.9247 20.9126 35.2792 3.76213 10.8804 6.19172 11.8687 0.511816 0.305234 1.77269 4.40763 4.26788 15.3024 3.27942 14.5251 123.297 126.45 57.9689 5.59496 5.83172 7.34384 14.2535 0.00919169 388.708
-69.2012 0.698008 1.58745 8.15089 33.0333 92.8382 39.3631 2.33806 28.9467 16.747 10.7015 3.92373 20.7308 4.26416 1.2464 6.16629 1.12911 1.11367 2.4164 15.3988 3.65175 105.331 169.141 11.0241 21.0166 2.95832 13.2889 7.88215 0.0208641 387.181
-67.428 0.620408 1.56855 8.38684 38.4336 102.242 31.6726 6.80048 18.4593 11.9764 5.27312 4.20598 28.4938 8.59364 2.28559 4.20461 0.294261 1.51614 5.98868 12.2878 5.11261 111.704 167.902 4.90283 1.16024 13.3026 20.4012 48.3439 0.0303824 391.613
-65.0783 0.382992 1.77914 7.34909 23.3047 117.552 31.4885 3.93802 19.5615 5.44772 1.62054 12.0749 28.3615 5.61944 2.31926 0.301469 1.73556 8.75192 14.4645 13.608 11.5558 106.389 136.347 12.1209 12.5474 12.9225 39.4273 46.9031 0.0270047 394.918
-64.2498 0.31905 1.79965 7.23674 23.7156 114.474 31.0026 2.44406 18.051 9.14361 0.624249 10.2583 28.1678 4.01234 2.35966 1.26326 7.15029 9.2725 7.5558 15.745 8.78066 107.488 159.867 11.4331 5.2927 8.11911 27.8763 3.25368 0.0212114 386.118
-65.6227 0.317487 1.83837 7.87445 21.8026 115.649 29.2231 2.44406 26.4609 13.9081 2.40845 12.9688 18.2119 1.99332 3.71002 2.84256 2.09371 11.3958 7.79537 11.067 9.04636 109.103 158.205 15.0238 6.62438 10.4964 30.9167 8.93281 0.0204685 386.299
-65.5659 0.355363 1.83576 7.46482 22.851 116.293 20.7671 6.1166 18.4102 16.2339 2.59114 10.5431 27.5002 0.365234 1.27871 1.64637 2.72653 19.3596 7.18049 4.97686 19.2975 109.843 147.135 15.5814 3.74119 2.0076 28.8879 59.3399 0.00539365 391.177
-64.4529 0.32032 1.84204 6.79921 21.3216 116.293 22.5461 10.162 15.8428 9.10644 3.32818 11.2091 24.7742 14.2851 4.61419 1.56344 2.03818 14.5663 5.89976 3.18323 13.815 108.8 158.347 7.94656 1.88914 19.3907 19.9106 14.0467 0.00875889 387.104
-64.7927 0.29178 1.83376 6.26437 21.3216 116.293 29.4273 10.3828 13.0281 5.9735 0.992235 10.435 27.7659 15.931 1.5244 0.823903 2.35898 5.50071 10.6942 4.8102 29.7214 110.724 144.95 1.92539 4.22408 19.33 21.0908 4.85873 0.00658187 394.953
-64.2263 0.26348 1.86825 7.59475 21.3216 116.077 29.0119 21.6338 13.472 2.3365 7.18448 9.09523 20.5376 1.37002 0.883735 2.22037 16.559 5.5736 7.23789 7.50821 24.6878 109.024 139.54 13.521 7.64741 4.57119 29.374 15.8712 0.0112698 392.606
-64.4044 0.343284 1.66568 10.051 21.3216 113.827 25.8171 22.8033 16.2244 1.27216 6.52149 10.6732 16.2672 14.872 1.58132 2.53641 8.45334 1.61431 3.74166 14.3689 17.1329 110.317 133.11 37.5917 1.97129 3.81822 14.8895 13.8454 0.0618728 391.71
-64.9566 0.312267 1.71739 9.7781 21.5233 113.827 19.24 26.589 15.2694 0.660055 7.51615 5.91992 20.1957 15.5203 9.01488 0.753726 2.60843 1.61431 2.58896 9.50496 23.9252 109.367 137.386 32.0201 19.7614 3.78703 4.80411 10.0968 0.0225526 387.969
-64.9566 0.350428 1.83261 7.95992 19.4926 113.827 12.7378 32.5908 14.9119 2.57454 14.6451 3.72179 19.5842 15.6256 2.09613 0.753726 3.49461 2.67297 4.79591 9.28102 26.409 114.396 137.288 24.2262 2.92149 13.714 7.08615 6.91594 0.0261547 388.609
-65.5352 0.35498 1.66759 8.53569 17.7058 121.43 17.8062 29.5951 11.1432 1.92006 8.96075 11.1434 10.6001 18.1243 3.32489 10.3919 2.89188 9.84701 3.30319 3.75002 22.0786 111.309 124.148 36.0496 2.74051 15.5499 6.21357 5.79913 0.0219143 390.296
-66.1587 0.478586 1.70065 8.09395 18.2873 121.43 16.3103 32.1947 7.23289 3.20092 10.4209 8.27339 8.9578 14.2515 10.277 15.511 4.16671 16.7328 7.59502 22.5855 12.0529 95.8124 121.29 38.75 9.97092 3.32402 9.487 24.8704 0.0160652 398.234
-65.6846 0.455905 1.70035 10.1176 18.2873 115.606 16.3103 32.1564 8.01594 5.23653 5.30626 6.04214 15.3221 17.8937 4.13299 6.82668 1.0133 14.2817 19.4807 1.3472 14.6662 112.903 126.921 36.0402 12.0268 8.32609 28.4987 7.20869 0.0216947 393.27
-65.6192 0.426948 1.48552 10.7731 18.2873 115.606 15.2323 33.5714 15.0607 2.48598 2.16979 7.46574 12.2468 16.7191 1.34252 11.3343 1.34104 2.59567 11.8704 7.07885 24.471 120.802 120.676 39.3247 22.434 6.02632 8.26952 17.2607 0.0415917 396.264
-66.894 0.595559 1.66474 8.12279 16.129 124.055 13.878 40.2583 4.72388 6.46151 2.87661 19.8346 5.58697 18.2263 4.15074 3.99607 1.27729 5.66974 0.507924 2.7452 31.7645 123.653 131.734 11.7386 23.9339 7.03048 9.27071 7.57661 0.0428004 391.468
-67.4832 0.595559 1.54426 8.58497 24.9833 108.991 6.29713 43.5395 15.4161 11.0095 19.2713 2.78911 24.6697 1.20827 3.88773 3.3302 1.50302 1.76795 3.33856 9.07101 13.4448 119.814 132.008 28.0616 4.69612 12.4229 12.2963 2.83325 0.0696787 387.358
-69.8117 0.850955 1.48743 8.65635 22.769 108.991 8.22564 44.7551 7.64569 11.2251 15.7582 4.14291 15.1988 4.17971 5.35816 1.76842 1.13211 3.29515 4.28697 5.56648 19.1967 119.644 149.185 22.2371 5.14183 4.06222 16.2838 4.96309 0.0111504 385.839
-69.7712 0.712389 1.57438 9.43881 22.769 108.991 9.55903 43.6796 3.38054 15.623 12.801 10.8486 11.8068 4.93541 6.02016 1.54762 1.10945 6.52443 6.77153 6.64687 19.41 117.472 142.968 27.6725 3.01602 9.66545 3.67645 1.89713 0.0299886 387.374
-69.3381 0.718878 1.66818 7.81662 22.769 108.991 17.7404 22.0207 15.6918 14.3055 8.94467 6.90776 13.2916 9.11218 2.69422 2.32361 5.0204 5.58136 8.6903 5.80739 18.3424 112.306 162.304 7.79191 16.0996 12.1836 18.2193 21.375 0.0280493 386.515
-68.7649 0.728697 1.75187 7.15728 25.337 111.054 22.7831 16.2962 23.8669 13.2496 9.15357 5.93016 8.52117 12.9828 1.76715 7.08019 3.25921 7.98741 10.2033 5.27657 10.4671 102.115 171.844 5.12676 9.95174 8.35777 28.753 21.6322 0.0387135 390.783
-65.8001 0.489376 1.64937 6.22656 26.1698 112.495 16.3165 18.4393 19.8298 13.4832 12.2569 9.91886 9.15304 10.5654 2.27866 2.36203 2.07686 8.3604 11.3879 5.74764 14.6469 108.115 150.932 18.6401 2.60439 11.1187 19.3759 21.2632 0.0273568 388.783
-66.3872 0.464568 1.64531 8.62433 36.5856 91.5672 33.0177 22.8512 6.56562 11.592 4.27682 6.92943 11.9408 11.889 0.393133 2.29751 4.72709 8.51102 17.6763 5.74858 16.1609 108.973 153.183 22.3207 26.8813 3.91127 27.0197 30.4716 0.0231429 390.535
-65.3893 0.408568 1.65376 8.44538 34.2609 99.1008 37.71 0.985922 13.9749 12.7866 4.49358 7.88573 22.0781 12.9937 0.550865 2.94862 1.23934 8.34262 12.8795 2.82679 18.11 117.488 142.487 17.2595 26.3015 6.4222 5.88775 15.9416 0.0285798 385.885
-63.3146 0.316073 1.5762 8.58357 32.6997 90.3656 42.0483 8.72829 16.6254 12.7994 9.6459 8.77237 16.0962 9.06586 8.66537 3.16334 0.871029 5.58543 9.15633 4.85731 13.5927 116.807 142.422 19.9746 25.209 7.3429 24.749 42.0728 0.0371808 386.015
-64.0289 0.331413 1.65088 8.45549 37.6747 89.3711 38.9661 5.57857 22.7904 13.5432 6.99379 4.48072 14.9462 17.2211 6.05051 6.4104 1.91488 2.31762 6.887 7.15528 13.5927 112.813 143.602 27.4174 26.2099 7.51267 6.47958 26.2208 0.0350933 386.781
-63.7696 0.390338 1.51986 8.47396 40.6176 89.0748 34.7642 10.0238 20.4814 6.86458 1.1034 5.16236 18.7095 15.1911 6.06605 5.31695 1.45868 3.91419 12.1034 6.60312 9.40035 114.19 148.066 27.298 12.073 13.9803 0.760002 4.63962 0.016721 385.846
-63.5326 0.352299 1.57485 8.30364 40.7614 90.279 39.6212 8.53992 20.4814 10.2444 3.48795 11.8406 19.774 8.6648 6.6798 3.80553 3.81395 1.63994 8.29752 7.26917 0.677257 118.136 152.997 16.2463 5.10678 13.227 2.18216 11.0672 0.00365531 386.658
-61.7896 0.223051 1.49261 8.50491 38.6281 81.1292 26.8503 13.2261 32.5148 1.98425 2.36227 20.2665 14.8027 6.46014 1.28661 9.05507 3.19759 1.63994 23.8769 4.36404 2.69097 117.354 155.939 12.6851 6.08856 24.4797 2.18216 1.52418 0.00371263 384.884
-62.8842 0.234282 1.63778 8.64123 42.3401 72.7175 26.8503 15.1445 34.9093 8.31759 5.5058 23.3609 21.6825 5.31233 8.27027 4.4207 4.20029 2.82416 22.4438 5.08916 12.9445 97.8203 135.473 27.1448 1.05769 19.303 7.13186 5.87533 0.0109591 387.515
-62.215 0.226213 1.6446 8.39709 50.1866 70.6754 12.6831 16.8714 42.6724 1.92213 2.44283 16.5246 23.2792 6.31317 1.28361 4.91845 3.41683 3.90952 14.6385 4.6221 19.3717 112.99 149.712 2.62662 10.4083 32.085 18.6771 53.2392 0.00444754 389.999
-62.0218 0.174773 1.67209 8.48629 50.5477 62.455 16.9932 27.0779 42.6724 4.98435 8.1106 13.2123 11.8445 5.8989 0.277247 5.08097 11.6999 2.40583 11.2694 5.89573 7.16273 139.144 128.536 17.285 5.1608 2.93874 36.2383 42.5713 0.0349257 387.436
-62.3769 0.252271 1.7228 9.11061 50.2589 60.2852 11.5172 22.9456 40.8482 6.33483 17.0632 19.062 11.1731 6.76747 3.27001 5.43255 1.26825 3.94296 8.64537 9.78648 12.9941 142.658 107.146 35.9641 6.96545 14.0439 24.3555 2.59065 0.0417466 390.216
-62.2684 0.228345 1.59797 7.49092 51.8234 62.2137 9.38846 48.8933 22.8469 6.16032 17.7421 7.25772 16.4328 1.26272 4.44302 9.49859 0.624464 6.40913 7.44755 11.6123 10.8247 118.301 112.757 39.0156 8.43049 9.79458 40.2968 8.94357 0.0365168 393.476
-63.8536 0.2448 1.71478 8.39528 51.4335 59.3071 6.17395 51.5397 21.5547 6.63714 18.1994 8.26173 14.4897 10.8879 3.86849 0.377642 1.39828 9.17373 5.46001 9.43919 6.37115 123.63 151.798 13.5357 2.33406 6.83276 24.2179 6.77187 0.0251257 384.08
-63.8144 0.258733 1.67188 8.33633 38.8498 64.3024 11.527 51.5397 31.1163 6.53793 20.5624 5.44103 7.73228 9.75829 3.55484 1.19458 1.0063 7.32033 5.91021 17.2866 4.47149 120.395 146.154 13.6666 13.1029 8.32107 19.7356 13.9223 0.0056704 383.919
-63.803 0.319568 1.72383 7.70132 25.2254 63.962 30.5083 44.2665 30.0525 11.2146 17.8706 5.37352 5.47253 14.5406 0.536391 3.14903 5.9359 5.28128 8.3103 9.09412 22.5528 102.451 148.638 32.5675 5.61585 13.3561 3.95938 34.1836 0.0276273 392.249
-62.9067 0.255605 1.71338 8.02485 27.2229 72.8176 22.3614 43.9923 23.5708 10.2554 22.9383 9.4736 2.63171 8.21735 1.70152 3.83954 1.40007 9.53827 10.7423 5.03369 21.9573 106.445 147.357 29.0791 3.65191 13.9873 3.43916 15.4915 0.0212872 387.08
-60.8546 0.140476 1.63572 8.35882 29.2807 72.8176 19.4732 51.4596 23.1394 9.5648 16.9871 1.96187 1.43492 9.4473 4.94391 1.0468 2.53707 9.33396 17.3842 5.64511 20.8837 107.008 149.58 15.2597 8.2281 13.965 5.77868 18.0963 0.0557626 389.66
-62.9343 0.279061 1.59534 8.22494 30.2568 91.5455 11.9839 34.2205 26.4816 5.76983 11.1092 17.7407 3.23943 20.4445 2.62852 1.58519 1.9847 4.94558 21.2487 2.63983 16.6114 107.813 136.358 30.4336 20.8725 13.8355 5.98966 2.38515 0.00155491 389.731
-63.0075 0.336955 1.54147 8.52645 24.0356 105.348 13.9821 17.7021 32.3925 7.86437 25.5054 19.7632 4.66118 3.47117 0.955506 1.53779 1.30729 1.15883 19.457 6.03255 5.24904 122.05 137.686 33.3022 10.0955 13.8849 2.72336 8.80735 0.0320763 385.5
-62.8944 0.221906 1.63108 10.2189 24.0356 101.931 13.0368 13.9385 32.1276 12.9679 22.1642 20.1027 2.53735 3.68197 1.88902 2.70717 2.95968 2.43188 21.6705 2.54735 5.24904 122.536 131.691 35.1674 7.75652 11.6248 9.19773 18.9583 0.00296801 385.545
-62.8944 0.242486 1.60434 9.89095 24.6965 101.363 15.6552 14.9072 33.9633 6.57202 23.9351 8.50245 1.51025 6.0415 4.99263 0.933779 6.38219 5.97353 21.1346 5.6262 5.17131 122.536 132.347 31.5532 7.10097 11.6078 2.06165 21.1982 0.00358005 386.273
-65.5145 0.472836 1.57133 9.9344 27.5078 100.324 22.8184 11.8504 32.6894 4.14797 11.1672 9.38186 1.6179 20.3461 8.47783 1.64526 1.82614 4.9687 16.9037 9.04827 6.01647 122.536 118.071 44.6219 8.39996 7.5858 10.4612 53.817 0.00967736 390.153
-65.5145 0.571772 1.54719 6.49347 33.2534 94.4321 21.794 16.1612 26.4786 15.6314 9.60278 6.98572 5.26968 13.7171 10.1985 4.68976 4.86122 7.10434 15.5538 3.34913 4.91637 118.244 133.199 43.552 11.4281 6.97511 1.088 27.167 0.00762136 395.788
-66.3195 0.522054 1.56539 8.18657 33.2534 99.592 22.193 16.1612 26.4786 5.53974 11.6422 11.3811 4.99766 6.7687 5.42842 5.47187 4.80134 7.00727 20.5528 4.59784 4.91637 118.244 136.749 30.5329 7.12099 12.9991 10.0729 46.7562 0.00251678 385.083
-66.5608 0.461455 1.77348 7.75612 33.2534 90.8853 17.7906 25.4644 17.4243 1.3968 7.35572 15.1948 10.1387 13.8078 0.818765 9.52296 5.45804 13.6178 8.47296 7.38734 4.91637 130.424 135.84 30.4067 15.1747 8.71642 6.31996 40.2159 0.0094149 388.343
-63.3935 0.277485 1.71837 8.11839 27.5111 107.296 19.8547 17.5467 14.1613 5.76245 10.7026 20.8213 19.9515 6.72705 0.684044 6.32566 4.77201 2.86523 2.35834 5.56966 5.74037 130.424 142.542 25.5147 3.18352 2.00427 2.29714 16.3734 0.022511 386.943
-61.9237 0.19177 1.52094 8.83234 27.5111 107.296 22.6099 21.4238 14.7662 7.63114 10.4786 14.6558 13.9736 7.37802 10.6233 1.17 3.77086 2.92006 4.1423 2.87849 9.57455 130.697 136.344 36.661 3.05499 4.56031 3.15021 58.0494 0.0362912 391.528
-61.7974 0.19177 1.57705 8.72137 27.52 113.433 22.3107 14.0564 14.7662 3.48537 15.6172 17.2456 16.2504 0.437552 1.17325 5.66708 2.08145 10.1161 0.956357 1.76797 15.1547 119.675 135.681 38.2301 11.161 10.7816 8.3892 12.3903 0.0334617 388.888
-62.9417 0.255674 1.69986 7.33864 33.922 113.433 21.6613 7.83099 14.7662 3.10479 17.1045 15.7771 17.3949 6.76467 4.43858 5.95402 1.18784 9.37296 3.97375 7.07056 10.3967 119.675 132.464 32.2779 3.78813 7.19924 20.4907 36.0525 0.0377873 390.521
-62.7766 0.245293 1.54265 8.61515 19.8307 113.433 23.7704 26.0462 7.52287 3.22786 4.06707 16.6095 8.47361 7.78314 0.596574 3.45179 18.4318 7.25781 9.81116 6.95628 12.9532 124.251 132.494 24.1245 9.01964 1.88502 14.5259 36.8119 0.00145089 390.249
-63.7942 0.308164 1.67643 8.43484 19.8307 113.433 17.33 35.4394 8.03634 5.54681 8.78488 31.7933 5.40478 7.28421 6.47402 5.66575 0.514421 0.726335 5.13908 6.64131 10.8559 118.977 129.118 8.9116 24.0898 5.75899 15.4252 34.9288 0.014425 395.242
-64.0871 0.290187 1.61305 8.1179 47.2278 76.6139 19.9015 38.3878 12.9209 4.59956 5.59914 13.974 15.478 6.38756 6.19316 2.83297 0.280149 21.0815 3.34757 5.53442 14.2652 114.787 148.73 2.39601 15.9787 23.2919 11.4826 19.3179 0.00644389 390.598
-72.9289 0.947785 1.64715 8.04949 31.4508 93.0795 32.9182 37.3267 12.9209 3.85372 4.61996 14.3683 0.507166 8.2009 3.19473 6.31411 0.488736 4.53918 4.70535 2.97922 27.4044 120.791 151.145 5.24508 5.64195 36.4711 3.74454 28.6928 0.0269362 391.597
-72.9289 0.947785 1.60747 8.34382 36.6974 90.7212 32.9182 14.7433 12.9209 5.70195 3.03349 24.012 18.4577 10.1682 0.870832 6.31499 1.84942 6.96022 3.80004 4.7671 10.275 124.873 142.193 9.99529 7.91582 29.8858 10.6749 104.59 0.012461 395.346
-72.9289 0.958002 1.58843 8.43399 36.6974 89.0092 30.9358 20.8868 15.4655 2.31935 5.71513 12.519 18.5282 12.9131 2.32941 2.9761 4.74177 5.92357 5.91662 9.24243 18.1634 145.006 108.873 21.8111 6.51742 12.6469 10.4905 53.6399 0.00379157 390.511
-72.9289 0.944693 1.6313 8.92676 33.4382 92.0279 32.7971 23.7208 18.2465 5.42896 2.351 7.11666 17.9844 8.6108 1.50224 4.14688 3.16519 13.6351 7.27443 10.8384 8.94986 145.006 101.512 47.5504 4.73437 11.2898 7.76435 17.7006 0.00838126 387.86
-73.0011 0.944693 1.52706 8.91072 33.7502 92.0279 31.6622 20.8846 18.2465 6.70293 3.81547 5.44804 28.1468 5.46797 3.61668 1.63399 3.23453 3.36028 2.39261 10.7454 9.61971 145.006 101.512 64.0029 3.648 12.6203 2.91189 11.8918 0.00404504 385.023
-73.0011 0.969675 1.50813 8.91306 33.7502 92.0279 27.1781 19.3317 19.0147 27.2598 3.82178 4.79976 22.9981 3.31454 9.09942 1.41208 2.86643 1.06117 2.64744 10.8044 8.57767 146.307 97.4442 59.3033 4.64409 3.57627 14.8329 22.3142 0.0499599 391.193
-72.1589 0.969675 1.44713 8.92311 33.7502 92.0919 31.9774 18.4642 13.2645 13.1314 3.11721 8.94698 20.0893 5.81997 3.39214 2.9649 3.35797 5.66233 5.15525 14.9979 15.5512 149.01 89.5169 33.5568 6.95669 21.7557 3.4521 15.5093 0.00962053 388.618
-72.1589 0.969675 1.47245 8.57885 23.1797 92.0919 37.1147 24.6535 13.2645 13.0153 3.23075 6.08017 12.2281 2.37075 7.93979 3.87109 6.67278 22.9808 4.18327 5.90512 22.9112 135.709 68.695 72.4502 10.2997 12.9026 1.18584 29.9786 0.0079617 398.441
-71.8848 0.969675 1.46992 8.61585 24.554 92.0919 35.0306 25.6533 13.2645 7.92392 0.963625 8.05666 11.9668 7.73194 6.2761 3.05593 5.42763 24.8489 2.86878 2.3056 20.1547 152.372 63.0917 64.6607 15.5794 16.8916 20.8913 12.4793 0.00858357 402.13
-71.8848 0.921358 1.54776 8.54965 36.014 85.7964 45.0118 12.1784 13.8204 9.16 11.1837 16.4123 0.329229 12.9275 5.56547 3.18345 6.69046 15.3802 2.35014 3.05603 14.2614 150.017 50.7315 64.9992 18.689 17.7834 16.4766 12.3946 0.012184 394.099
-71.8848 0.934921 1.5369 8.58062 28.9424 101.508 38.7212 18.0292 14.4434 12.9972 17.4829 3.23873 1.71172 9.83903 12.3416 0.261333 6.34544 9.46967 1.89435 8.98596 7.25722 152.74 56.2302 62.4501 8.27524 11.476 27.3891 18.3148 0.0086741 394.28
-71.8848 0.927139 1.56304 10.1003 41.4822 84.9297 41.7811 14.3618 12.6726 16.3147 17.4263 4.54107 4.22327 16.7165 7.78515 1.94056 1.79723 6.12607 2.33221 5.88672 10.6809 146.274 51.8504 68.691 18.5958 6.30343 10.4346 24.6812 0.00178663 397.391
-71.8848 0.927139 1.50501 10.0546 41.4822 79.0736 40.5794 14.496 12.6726 21.4593 4.18417 2.13386 5.37705 36.1314 4.76667 1.82685 0.543234 6.15732 3.06455 1.73534 13.3456 164.835 51.8504 57.0145 21.5959 8.14577 9.05575 26.824 0.000736172 396.87
-71.5878 0.956906 1.48711 7.88075 45.8684 74.689 31.973 18.7699 23.9536 12.0854 11.102 3.73493 3.9889 20.7795 5.69238 0.656197 1.64243 22.4084 7.27437 2.80981 5.2324 150.719 81.9932 71.056 15.836 2.75595 1.86104 47.909 0.00663232 394.303
-71.5878 0.977294 1.44437 8.63408 41.0453 74.689 32.7721 15.9647 27.493 14.9752 5.02234 26.6004 2.91986 2.10115 0.472785 3.63083 1.84085 10.5857 11.2501 2.80981 13.077 152.746 60.3629 67.8487 13.4897 13.4349 1.9058 6.4737 0.0616925 394.288
-71.5878 1.0296 1.1783 9.63304 41.0453 74.689 42.8599 8.45611 26.9336 7.66805 3.21515 24.2894 4.60918 7.74762 0.472785 2.08236 4.87929 4.47457 2.56763 2.80981 27.8065 149.601 88.7293 57.69 7.9679 6.69687 5.74358 27.1667 0.00923481 396.421
-72.1015 0.999897 1.50915 8.35382 27.9848 74.689 41.851 14.8341 30.8214 15.2309 0.0882586 24.4637 7.08366 1.91724 3.39873 1.45826 6.30232 4.99568 3.36006 9.06658 29.9226 141.683 86.6754 43.7094 11.5982 6.43246 1.9778 20.5948 0.00187693 400.41
-74.5491 1.05693 1.54035 7.81495 47.1928 70.6309 39.5181 10.8187 29.221 4.98987 13.3828 2.80039 19.9496 6.62107 0.455631 0.622011 5.90911 10.8038 10.3558 6.35242 25.4582 120.175 108.474 22.996 10.6441 16.6002 30.5543 31.4118 0.0375638 394.79
-74.5491 1.08133 1.558 8.36694 46.4183 72.9141 31.7954 11.4199 30.9041 5.1904 7.89156 3.7905 24.4075 3.36705 4.66235 0.920613 5.55023 5.51603 2.53893 7.25775 25.9443 120.175 136.738 25.7634 13.8518 2.44094 1.81487 8.83253 0.0727739 388.134
-74.7014 1.07194 1.58497 7.77143 47.4606 65.5173 32.4845 12.3665 26.9811 8.01129 9.43849 3.89335 21.7239 20.0048 9.43239 5.60203 4.37508 0.855121 1.03143 0.865801 23.8746 121.937 130.642 27.8939 4.07807 6.45958 21.7462 2.15858 0.00491714 392.138
-74.7014 1.09944 1.70583 7.96495 49.9109 65.5173 31.9411 18.6331 26.5343 10.2688 7.79665 7.40856 13.6535 13.3299 3.51354 3.90035 0.137774 10.0652 2.80659 14.89 18.3351 113.381 134.385 35.0815 5.4294 6.53739 13.27 16.0981 0.000873878 386.296
-74.7014 1.01201 1.65175 8.34265 50.7475 60.3137 27.314 29.8679 28.3373 15.2698 7.32506 4.25646 7.95442 15.7853 2.52657 7.79692 0.485794 9.6623 7.83571 2.98388 28.1251 102.275 118.754 47.6083 1.19922 4.40746 63.5879 3.74712 0.0286069 397.525
-74.8649 1.07188 1.62926 8.16007 54.3655 60.3137 26.6429 38.3227 7.57672 14.106 9.37592 7.26001 8.75529 15.6843 1.58064 1.21148 2.7452 5.55962 7.8462 16.3731 28.1187 118.94 108.924 27.8547 13.4709 11.2769 29.2274 30.7672 0.00732779 391.022
-79.664 1.44853 1.51313 8.34884 51.6392 57.1854 26.6898 47.5066 9.94033 6.24965 2.73487 6.54283 2.69738 28.9534 9.51545 5.6359 9.1427 6.43307 14.7901 22.014 17.7166 104.476 124.417 13.9943 10.4853 6.5311 24.1449 41.9623 0.0284425 400.149
-79.664 1.36566 1.70245 8.35533 57.7778 49.167 33.0117 49.9774 6.09087 9.12755 1.7029 9.44039 1.22192 10.8309 11.1652 6.99071 5.76543 3.20785 10.5161 8.81367 23.6277 100.22 159.573 26.1173 5.62249 2.72424 19.0966 26.2626 0.0552152 391.281
-79.664 1.36566 1.68564 8.16209 58.3798 49.167 27.9166 41.752 7.78406 18.6562 9.13576 13.2689 2.62424 19.2956 8.13887 1.36325 2.95273 3.8837 6.63297 10.7561 23.3557 94.9098 156.327 23.9664 5.58294 6.57387 18.7627 99.0489 0.0168362 393.002
-79.664 1.36566 1.67699 8.32156 58.0441 41.1173 29.1907 42.8135 11.9065 10.5947 6.85659 16.7926 2.71331 27.3481 1.60748 4.85813 0.882717 9.03672 9.61557 2.11156 41.1908 88.1276 150.718 16.3357 12.667 9.03853 13.1069 38.5462 0.00581565 392.936
-78.6544 1.36566 1.64641 10.0491 58.0441 41.1173 30.3289 57.1382 2.41866 19.6721 10.79 11.7566 1.8164 15.4114 0.629014 12.0668 4.10881 3.23748 8.41667 2.44983 38.6779 87.4906 153.184 15.3901 12.5464 5.88289 11.3872 18.663 0.00623612 394.94
-79.6915 1.32472 1.65653 10.0491 56.1096 41.1173 30.2731 55.05 5.19551 19.2398 10.8799 7.57299 2.88618 8.27698 3.83894 5.76115 1.96576 7.71478 2.82549 4.88737 47.5401 90.4259 149.62 18.4792 2.1819 11.6934 12.2001 10.4342 0.0475374 394.953
-80.621 1.42722 1.75509 8.19978 56.6873 52.3541 25.6945 52.1918 3.90805 7.76668 16.4998 23.6661 4.34107 1.6728 0.69408 5.4496 4.39458 4.77134 6.72924 12.2705 49.7276 66.463 163.351 16.1393 21.3863 6.81078 23.2574 6.7627 0.0474984 394.273
-80.583 1.38793 1.6806 7.12988 56.6873 52.2894 26.5736 50.7578 5.8865 5.30384 25.7372 16.6204 3.80565 3.60006 2.28627 4.98393 0.770651 7.43865 24.3346 1.96232 45.622 68.9925 163.177 2.21079 14.7848 20.7987 3.97955 1.95268 0.00432582 395.8
-79.6705 1.38793 1.82762 7.66319 58.5446 52.5585 26.2872 44.7255 11.1812 3.88925 19.7062 15.3323 6.50126 6.41437 2.528 5.45973 2.56365 7.89252 6.66993 14.8369 49.1985 70.4762 150.335 25.744 10.9308 12.6835 10.8021 10.241 0.00374215 393.091
-64.6622 0.353331 1.76837 8.49162 57.5828 52.5585 35.3625 34.1983 8.83914 6.5814 26.1409 20.5091 2.91985 1.57562 0.135694 0.717713 2.71429 14.19 0.907757 25.0653 21.1653 95.5433 143.191 22.7503 15.0153 7.42411 2.28829 8.34233 0.00801665 390.833
-65.4993 0.332024 1.77777 8.08341 54.2886 52.5585 42.4538 30.7076 8.83914 3.07557 27.5809 27.6163 5.20321 5.93052 1.82287 2.19044 2.68566 12.3348 8.12094 19.6461 18.0854 99.558 132.288 13.3914 14.3239 1.89985 34.2202 16.0855 0.022819 392.105
-65.4993 0.305444 1.93239 7.8459 52.6457 53.8927 42.6331 26.905 8.83914 1.18822 29.692 32.9111 2.16038 5.57293 2.3375 1.67309 4.01939 10.0843 16.3366 13.4832 17.6633 85.6319 141.367 24.6582 12.0012 6.3466 2.6644 10.5425 0.029903 391.986
-65.4993 0.358853 1.80898 7.47611 49.9022 58.6298 48.3889 27.728 1.01771 1.83506 7.1713 40.4132 2.64861 2.79767 7.54876 2.69463 1.00209 13.8202 18.2146 14.3528 30.9649 85.6319 139.671 14.7863 28.4879 2.52351 7.66152 57.8029 0.019781 398.43
-65.5989 0.358853 1.78393 9.27892 49.9022 58.6298 45.0393 26.1923 6.72934 1.06396 10.6799 38.0556 5.8402 3.36677 1.60129 1.20949 1.97675 2.7366 9.5287 8.97624 52.1733 88.1061 145.341 19.8953 20.5392 8.50137 6.62184 45.6426 0.0110659 394.504
-64.9151 0.358853 1.65033 10.001 51.601 58.6298 41.1931 27.7313 8.71572 1.76056 14.3391 28.7022 2.95785 2.53289 0.942647 4.20237 1.89404 2.00868 9.21349 12.8654 57.3522 85.5776 143.61 8.23122 13.9988 7.39463 8.07019 29.1275 0.0180745 393.598
-64.9151 0.358853 1.6915 7.55018 51.789 62.8831 27.9463 39.0113 12.2027 7.47404 12.4349 17.1377 1.43242 28.0141 0.436246 3.43278 1.86012 4.73069 13.6557 14.2762 24.7513 89.753 132.707 30.9943 3.80313 11.4083 29.5017 9.10459 0.0197029 390.37
-65.1876 0.358853 1.76598 7.62324 51.789 62.8831 28.2528 32.7449 16.7215 7.9372 5.49228 18.983 4.10931 9.03406 0.188892 4.46888 3.00908 6.55156 7.67397 8.12479 42.3861 89.753 149.638 33.7933 4.01669 10.1699 6.55719 9.92555 0.0148001 386.832
-65.1876 0.358853 1.74184 6.81438 56.3722 58.0414 32.7522 40.9913 18.415 15.3768 4.99989 10.7855 3.6564 3.45947 4.37368 2.62704 3.3369 8.08749 13.2744 6.51271 26.8798 93.7424 137.746 34.6464 7.97231 3.6776 5.21591 6.96875 0.0595936 393.728
-63.7004 0.307485 1.75096 7.79165 53.5081 57.1042 27.8638 44.8582 10.0768 19.4624 6.7902 5.35535 13.6517 12.068 2.21301 3.28412 1.96765 15.3885 5.97706 1.07484 10.6099 101.996 146.093 40.5046 6.70865 17.331 13.9035 15.5878 0.0807513 391.976
-63.7004 0.307485 1.7025 6.9703 54.3877 58.8456 21.5993 50.5293 3.25357 16.5905 10.641 2.67507 23.98 8.16232 3.86029 5.56962 9.41174 4.52062 2.20123 4.62824 18.8919 105.697 137.237 40.4673 5.62769 13.7405 6.76694 36.0831 0.0133484 391.124
-64.7612 0.355712 1.69707 7.67362 56.5085 61.8067 14.0235 55.1044 5.54595 3.84905 8.87393 6.08485 24.0489 9.43571 2.85209 6.0718 15.2555 0.446298 8.50572 7.29781 24.2108 106.579 128.479 34.2342 8.66321 11.1532 6.00909 10.8106 0.00418291 389.746
-63.9612 0.355712 1.58303 8.44645 56.6073 53.346 20.768 57.712 9.45756 3.73019 11.8222 12.3112 7.26755 2.15309 5.00131 2.73689 11.2958 8.78265 10.2469 12.9619 8.33971 109.483 130.935 47.5399 18.2372 3.67818 0.996762 7.09192 0.0488908 387.843
-63.9612 0.343928 1.56055 8.63379 55.8136 60.3252 13.8169 51.7614 14.1547 8.2455 13.8971 13.6442 9.01506 4.41792 2.70117 2.04943 3.0402 5.58792 8.27631 17.6624 10.6706 123.744 104.671 54.147 14.1667 7.36613 5.5026 14.5962 0.0448906 387.132
-63.6543 0.349912 1.5319 8.70656 53.714 57.9481 17.1659 52.7319 19.643 13.9591 10.1273 3.60329 2.78323 7.3579 1.58801 7.05664 6.72378 5.0989 10.562 3.80922 18.0008 111.413 143.908 34.9671 9.3838 1.77635 22.0821 9.10754 0.0385653 385.585
-63.6543 0.343561 1.61096 9.10933 45.2107 52.4692 21.6534 48.7763 23.5932 16.3387 7.28546 14.4298 3.6089 14.3171 0.174272 2.84401 2.13116 5.65523 6.34461 5.87127 28.4143 117.338 145.757 20.5455 3.64577 8.36635 11.5731 5.70317 0.0245205 389.705
-63.6543 0.271736 1.71813 8.01418 59.2114 42.1213 12.4423 51.4466 33.642 20.0362 7.49541 8.26755 4.16249 6.14952 1.72725 3.04345 3.60076 3.08763 9.21941 4.45475 23.9448 120.915 132.745 40.4488 3.02393 16.7385 9.40069 28.0122 0.00559031 383.585
-63.543 0.271736 1.68091 8.12855 59.6026 42.1213 16.1579 49.4823 27.1776 22.914 4.73593 3.45038 9.12411 6.42734 1.30275 0.583036 7.98924 5.36813 3.66205 0.555652 28.1939 109.448 147.249 34.1022 4.22869 10.2506 15.9524 12.543 0.0111513 383.231
-62.7922 0.271736 1.68775 8.28148 61.3987 51.3409 8.37482 43.783 20.9036 13.8457 19.3932 0.960708 10.0457 13.5099 5.26033 0.614082 0.523452 3.08784 6.80977 7.00402 28.5027 111.956 154.085 13.2571 0.975067 6.1943 14.0426 5.84937 0.0194716 386.603
-62.7922 0.271736 1.68775 8.21148 67.4415 51.3409 5.93831 43.783 21.4588 8.72607 10.6861 0.561006 11.7127 11.2113 1.89972 2.43734 15.5997 2.91463 8.35596 10.0243 23.0979 111.466 149.723 11.9725 11.8918 5.91842 4.95509 5.85246 0.0331098 388.88
-62.7922 0.243352 1.62166 8.2029 67.9919 51.3409 12.8132 36.8391 21.704 2.45932 6.96332 7.57654 7.96143 10.7927 1.50726 4.30211 14.1951 2.86057 11.1357 11.2002 18.2709 115.928 147.078 15.2707 18.7174 11.2018 27.0768 8.81132 0.0575969 392.282
-63.1609 0.247187 1.65014 8.19862 57.2203 51.3409 21.7538 38.3072 24.8897 18.0999 9.78995 7.47373 9.07798 6.01913 1.67622 3.22974 14.8778 1.25425 25.1642 3.78117 3.74719 119.964 114.545 51.8012 11.1436 6.51437 20.4029 2.23842 0.0141157 390.841
-61.7453 0.226818 1.65917 8.12852 65.0141 43.8725 18.2769 41.0293 27.6699 9.34855 15.3527 11.584 14.2277 1.7642 1.91015 5.08342 13.6845 2.11575 8.94928 2.02629 13.6624 124.72 139.092 10.5824 18.1461 5.60752 1.20859 1.2264 0.0211782 388.128
-61.7453 0.199279 1.55599 8.49624 64.7423 43.3284 16.0207 41.8645 27.7968 13.7337 2.49385 1.30255 19.3102 6.55629 2.32275 3.35082 9.85053 5.16864 4.60346 6.0415 15.7235 112.98 157.439 12.554 14.1145 5.64765 37.3618 9.34162 0.0374246 388.24
-59.7004 0.0689195 1.68151 8.07307 64.8225 31.0114 17.0529 41.8645 35.2617 15.0647 7.23671 5.53698 14.0865 7.23408 0.148999 1.87956 13.5378 9.18691 5.99258 5.4635 9.78149 112.542 170.409 4.21473 6.6729 10.1284 13.0562 4.81519 0.0360872 388.667
-59.7004 0.0876846 1.64788 7.67663 64.8225 31.0114 20.7175 53.0828 29.3407 13.6971 10.6352 14.796 1.64028 0.288506 4.72034 4.32915 6.05759 3.95806 3.69572 6.77944 23.271 112.537 150.532 19.7784 1.02082 5.89562 9.26679 32.3319 0.0174579 388.265
-61.0203 0.0876846 1.73335 8.07751 69.2399 35.1935 4.6004 47.6553 29.0638 14.177 8.56893 12.8597 13.5721 20.7572 1.77031 1.44487 8.631 5.78117 1.50813 1.00475 9.17549 114.539 155.489 21.1656 12.5165 9.09881 9.11539 25.4509 0.0265564 386.67
-61.0203 0.0876846 1.77229 6.88232 69.2399 31.7052 8.7442 47.6553 29.7131 5.26264 1.73358 11.215 12.1279 34.5691 1.47176 4.0145 4.39642 3.97443 8.14867 5.2811 8.08139 113.432 165.375 6.12143 24.0281 7.67369 7.14823 18.827 0.0150604 386.689
-61.0203 0.0876846 1.67324 8.59288 74.4978 24.9694 8.7442 50.4818 30.7477 6.64821 9.45948 16.0032 8.08541 18.1705 10.483 3.5354 2.67239 9.66917 8.58071 3.05463 7.94451 113.778 146.488 31.2762 10.2833 6.42044 12.1359 43.1309 0.021424 386.572
-60.978 0.104678 1.62633 8.59288 74.4978 21.4493 8.7442 50.4818 34.7819 12.32 9.45948 8.59608 10.8028 13.9976 7.82692 3.655 1.92587 7.58725 12.3774 4.28285 4.79025 134.723 117.685 14.8798 22.1637 21.8778 19.0076 20.4811 0.0231773 390.46
-60.978 0.0529486 1.73425 9.12655 70.1624 21.9394 17.5669 56.4097 31.0226 11.9546 4.8861 8.44285 8.74458 3.27833 8.61983 3.66737 1.89828 6.96699 29.5354 1.92173 7.69962 123.568 136.909 21.052 14.9034 12.5844 6.69298 52.2651 0.0094748 392.738
-64.9979 0.377016 1.74742 7.57074 71.2369 28.4986 17.5669 56.4097 26.9838 13.3958 6.14024 0.902769 5.65371 3.87325 10.5391 3.59973 2.6887 6.31502 22.9594 4.68718 14.1241 132.458 127.253 23.0978 6.24555 3.30494 49.5985 89.6727 0.0085991 394.287
-63.9405 0.293234 1.83742 7.86355 77.5042 28.4986 17.5669 63.7481 20.2018 24.6844 2.65523 1.21442 9.62583 3.96428 1.24594 3.59434 1.74433 0.978569 9.74968 1.37873 11.7596 135.774 129.787 29.3128 4.68121 2.15617 4.92539 61.0948 0.00848507 391.839
-65.4992 0.407782 1.64364 8.50556 72.0845 25.6466 21.9872 60.8339 9.4024 26.1842 2.50147 6.39603 9.07153 9.02096 0.548125 3.60176 8.42685 13.6724 9.94362 1.29952 16.5578 109.318 140.624 32.9318 2.51918 16.3525 4.92539 44.0292 0.0264758 386.997
-65.197 0.407782 1.62931 9.13867 73.006 24.2271 36.6809 58.326 3.90149 3.53565 5.00688 12.4835 3.39959 5.54515 7.94036 3.57455 4.36912 19.4828 8.24676 10.4008 14.8742 91.6838 149.112 47.8363 5.91789 7.45196 8.19266 7.19004 0.0902954 395.497
-62.3481 0.19592 1.70049 9.01151 72.6632 33.7163 23.9366 49.4038 3.27061 24.2535 6.14293 18.0831 5.95957 9.33914 6.52364 6.21561 3.35029 19.9431 4.7423 8.78502 28.0458 95.8697 126.795 27.3831 6.0376 17.897 6.71935 4.59217 0.00723112 392.769
-65.754 0.445187 1.62705 8.77939 72.6632 26.5866 23.9366 59.6623 5.43087 13.4666 5.20169 15.5592 3.56061 6.54801 6.24135 7.61253 3.1029 8.82289 8.0235 7.93781 36.8204 103.591 120.896 46.0212 2.86915 4.50244 3.78974 17.4615 0.0339053 391.974
-65.7381 0.519438 1.62705 7.75266 72.6632 26.5866 28.1705 59.6623 5.46034 24.9269 5.00143 13.7292 5.37678 3.33098 1.92393 4.44648 1.91503 11.8335 1.43976 7.58973 53.0891 106.574 112.315 40.998 6.29998 17.5228 11.0412 5.0569 0.015677 390.816
-66.9486 0.470011 1.79281 7.57244 69.5797 26.5866 23.9281 62.5741 4.77276 13.1416 10.9019 18.5054 9.72457 2.09854 5.27624 1.90156 0.462738 10.7004 0.473533 20.4374 42.7207 104.917 110.909 35.6174 6.17339 4.05751 30.1655 11.1512 0.0141503 393.819
-66.4335 0.475981 1.81172 7.2017 69.5797 25.8855 18.8664 69.561 4.14817 20.1127 12.7531 22.8983 3.78906 1.59971 1.80998 1.38412 1.53426 8.79411 3.35401 27.7984 33.2769 91.1049 124.676 39.0829 7.74869 4.38064 4.81009 32.7445 0.0133586 389.259
-65.7778 0.44604 1.75744 7.78066 69.5797 26.5643 8.66852 79.6019 8.2048 16.8438 11.1856 20.951 3.00654 2.95471 0.975596 2.31468 1.59266 8.07156 1.65615 36.4279 23.7208 99.9077 101.711 58.9115 9.2324 3.86904 1.83488 16.0139 0.00257168 391.097
-66.3402 0.44604 1.82495 6.99115 69.5797 28.5756 10.3904 79.6019 8.31613 6.21358 19.3306 22.8349 4.43193 1.60311 1.15084 1.15653 2.05508 8.3497 15.7122 17.369 21.6628 120.214 92.6262 59.2891 28.8776 2.80125 13.854 2.12684 0.00415963 395.291
-67.4734 0.524163 1.73572 8.31349 69.5797 28.5756 19.2942 79.6019 3.9001 2.82488 22.5247 11.8286 0.177531 2.71142 4.39017 2.95222 5.99353 7.75392 13.8995 5.17609 10.2886 120.214 117.562 59.8987 2.64779 11.8823 4.07544 21.9885 0.00848832 386.425
-66.3538 0.524163 1.62855 8.24701 69.5797 28.5756 14.2538 79.6019 2.17396 6.87661 19.5264 15.4014 9.65289 1.45915 1.76707 2.80146 6.44754 5.86094 7.83338 3.01418 18.5701 118.395 127.304 40.9481 16.7898 1.99026 5.99428 10.5981 0.0140569 382.343
-64.9757 0.381142 1.69775 8.17895 69.5797 28.5756 15.0101 79.6019 7.62436 5.8354 16.7086 10.9043 5.41067 1.79277 1.44843 3.82659 7.65119 11.2619 9.59056 3.6979 17.5971 115.342 130.966 40.9481 19.9981 7.99825 13.0641 9.68372 0.0826966 386.289
-65.1977 0.404597 1.74974 8.01759 69.5797 28.5756 10.7936 79.6019 4.34152 2.54424 14.0431 12.3639 9.10709 4.84354 1.531 2.87211 8.53297 19.6994 5.65654 1.60238 17.8046 119.436 135.141 40.4671 5.40569 7.00576 2.05818 15.7053 0.04784 385.813
-65.1977 0.404597 1.67962 8.37275 68.7115 28.1994 7.57846 86.3701 5.43523 13.1788 11.5898 12.5053 10.8645 7.38659 5.74424 4.05452 4.86983 6.94028 2.03862 1.88857 22.7422 102.892 136.646 40.4671 6.37717 9.57891 12.3334 21.0247 0.0583522 388.716
-64.115 0.360337 1.70102 7.88711 68.7115 30.0432 10.3405 81.9074 1.65175 12.1303 12.0832 4.96379 9.18239 16.7024 3.51333 3.6718 2.46201 4.69714 0.922643 3.68844 21.2268 123.735 141.404 16.9203 8.78212 17.1104 10.0635 15.4868 0.0359439 383.853
-66.3806 0.38769 1.79175 8.75173 68.7115 29.4909 11.9336 78.618 4.35093 11.9024 3.64954 15.5481 9.60844 22.551 7.07782 2.81996 0.442062 1.39349 0.922643 4.23192 12.9421 116.449 141.404 35.3036 8.69994 13.8578 10.4196 15.3576 0.0743047 392.518
-62.6946 0.241654 1.67609 7.65529 66.0926 29.4909 13.1088 80.6694 5.29738 11.987 1.27338 5.99006 6.22186 16.1953 10.9786 1.60093 4.30698 10.3486 11.4234 1.56841 8.51845 146.527 122.741 14.479 18.4766 17.2668 6.52738 21.9653 0.0179453 391.318
-62.6946 0.243426 1.609 8.64555 66.0926 29.4909 4.91802 80.6694 8.12171 1.75482 1.27338 9.09842 10.5875 18.9444 10.1765 0.735467 5.39042 10.9833 11.8473 3.73086 8.03373 121.232 151.982 19.9397 6.87695 5.62858 2.71407 19.682 0.016306 385.039
-62.6946 0.243426 1.67776 8.34246 66.0926 29.4909 3.60132 80.6694 8.12171 6.48184 4.40158 18.5159 6.14174 24.6788 7.99614 0.237471 0.678337 11.0499 2.56263 4.03305 8.63334 111.164 157.673 18.6498 21.2056 7.18236 12.1855 16.1275 0.0177797 387.187
-62.6946 0.246735 1.63042 9.15611 66.0926 29.4909 9.16506 80.6694 6.21098 6.38166 10.8723 20.9217 1.69155 15.13 1.08052 6.84037 0.637143 22.6204 1.68482 7.24367 12.0979 104.307 155.798 9.71282 12.5925 2.18808 31.4341 44.3637 0.0256783 391.301
-62.9464 0.253993 1.59943 8.13648 66.562 34.0544 9.91606 82.3923 16.4241 7.7808 2.03829 14.3853 0.329916 5.26442 1.65627 4.73024 2.18211 13.5589 16.1931 6.5539 16.6679 106.876 149.4 13.3795 14.8755 8.58999 15.9859 4.98436 0.00271622 387.875
-63.6295 0.251763 1.70062 8.54278 66.562 34.0544 5.13673 82.3923 5.7692 22.561 8.81134 0.582772 2.25859 13.2137 0.472122 4.38582 1.39987 11.3605 17.6971 5.59871 9.1737 107.153 150.489 31.9771 7.6441 19.4599 11.5435 6.66112 0.00869572 386.478
-63.5351 0.280265 1.70593 8.05556 73.3004 32.4207 3.39458 82.3923 4.11905 19.5029 5.07413 0.582772 3.02316 9.39731 1.5192 6.85728 3.36957 13.4678 13.6889 13.7121 6.55898 112.517 149.704 17.9168 7.79362 20.0784 2.798 8.67152 0.0186797 386.785
-63.9425 0.443237 1.54867 7.39246 73.3004 25.861 4.43626 80.8658 4.11905 23.0307 20.3356 5.14693 2.86471 9.51073 3.64484 2.42274 0.0895277 1.57494 14.6754 12.087 11.0846 113.253 154.368 8.62675 1.99951 24.7456 9.89465 36.4834 0.0124772 390.455
-64.5026 0.390009 1.62781 7.89268 73.3004 25.8427 7.63317 80.8658 7.92817 25.2787 1.2816 6.72504 7.29903 10.3763 3.62668 2.28203 1.32789 7.92936 8.60172 8.87526 9.46536 114.227 153.599 12.5614 4.98629 9.17218 8.79178 26.8025 0.0729956 386.055
-63.8353 0.259219 1.6763 8.16523 69.0117 25.8427 6.9898 80.8658 14.7186 15.9013 1.10661 7.03341 11.4437 9.29888 1.18247 6.08334 2.87269 15.1552 5.13183 11.9119 10.966 120.726 147.561 8.51779 3.91646 5.6028 12.4736 4.03226 0.043618 386.823
-62.9441 0.211188 1.6812 8.51908 71.1181 26.1012 12.7001 73.8451 5.09229 16.9233 9.64943 12.563 6.58993 4.62507 14.0063 1.6562 1.00029 13.086 1.67149 3.13245 13.799 132.58 139.605 13.0955 16.9333 2.31717 13.5834 24.3502 0.0211118 388.209
-63.6343 0.279412 1.66344 8.56701 71.1181 26.1012 14.0557 73.5624 12.9663 16.5007 7.65505 12.8932 8.19571 7.52919 4.49807 1.59169 5.21562 0.832694 17.3314 11.7641 5.53702 120.437 123.871 11.3363 17.9578 25.4955 10.3075 29.5913 0.0249331 389.765
-61.7225 0.186443 1.66482 8.39978 69.1386 26.1012 16.4039 73.06 6.04902 19.3287 8.98261 19.8171 6.52615 9.05647 6.53761 1.43863 2.72795 6.48919 7.06621 7.68424 3.79946 127.82 133.213 9.4747 3.74635 21.0654 27.244 0.580506 0.00602285 387.746
-62.7222 0.193833 1.66482 8.42972 69.1386 21.9462 17.7391 71.1669 3.29137 6.96304 8.08886 18.9716 5.80725 8.89979 14.0169 1.70886 4.40265 10.1526 8.67105 7.79092 5.69323 137.378 139.494 9.67589 2.91936 5.6184 16.0318 12.188 0.0115889 389.319
-62.7724 0.211011 1.65129 8.59704 71.1404 23.0601 25.9027 71.1669 2.14684 10.3238 8.22315 17.8302 7.25597 3.69564 10.0853 0.974755 2.19092 1.94073 3.67228 7.84979 9.64217 132.599 143.017 9.70124 30.2201 10.1945 10.3308 2.82921 0.0117501 386.726
-64.9086 0.344577 1.75949 8.21579 71.1404 23.0601 18.3014 79.3728 2.14684 7.98786 14.0895 17.9215 10.8426 1.84271 7.885 4.38232 3.81973 10.4714 5.57231 6.04979 11.4691 129.267 133.031 8.58577 34.579 3.25786 2.43688 6.00043 0.0255019 387.593
-64.9086 0.342856 1.75949 8.10161 71.1404 23.0601 18.0358 79.3728 2.14684 4.84183 15.6262 18.558 15.476 1.84271 5.32201 0.941403 2.70939 7.7709 4.19894 4.78402 17.891 132.245 133.031 11.7112 23.4537 2.39024 6.14518 8.99618 0.0213263 383.896
-65.4609 0.338459 1.8143 7.64462 72.6428 23.0601 16.8708 79.3728 2.14684 13.4705 18.9997 13.3571 4.45721 1.68542 5.21311 3.53318 1.30058 12.5424 4.38672 4.07306 16.3922 133.522 132.658 10.8726 18.6044 3.4038 10.9576 31.0028 0.0110735 386.554
-63.9137 0.303171 1.77459 10.8187 70.8797 23.0601 8.5723 81.1486 11.6275 10.8379 5.68169 7.17768 6.07986 9.25621 6.66532 4.35998 2.75007 12.5609 9.42528 4.18821 19.5332 137.568 126.353 18.7809 8.86512 7.83599 8.67718 30.5786 0.0038531 394.163
-63.6969 0.31183 1.74158 9.80284 74.5327 10.1121 6.87404 75.0767 24.8983 14.4525 17.5549 4.11653 4.89974 4.34902 8.801 4.49844 1.31754 13.9469 5.75188 7.87823 7.08143 149.178 122.003 13.3467 13.0412 17.6706 3.90415 7.81043 0.0130275 393.561
-63.3957 0.291062 1.5394 8.79927 81.2906 9.3836 1.35969 81.4224 20.3445 10.349 14.8697 1.84317 12.5348 1.80537 4.47661 9.0502 4.37181 13.3657 4.01369 3.79143 3.50415 148.026 133.949 6.67434 27.0065 10.3211 12.4484 16.2119 0.000203155 391.524
-62.9485 0.289068 1.49679 8.36076 81.1117 9.3836 18.3674 82.6233 22.9345 0.346814 11.5151 5.42971 13.8681 2.95115 0.993864 3.08225 6.71249 11.2023 5.37782 3.21031 5.04022 140.671 130.545 16.1407 15.975 1.37482 27.0007 9.69389 0.00531878 392.15
-63.3189 0.302183 1.54156 8.67368 81.1117 9.21103 19.0287 67.8649 14.4232 5.35007 23.5144 7.54016 20.323 0.25588 1.84696 0.151546 3.29937 13.1465 10.1882 4.73887 0.952588 138.724 132.144 19.6806 14.068 1.26441 18.3081 20.5962 0.000173827 388
-63.2731 0.246225 1.59996 10.848 85.905 15.7822 22.1245 60.4225 8.06797 3.41786 24.6454 4.78284 13.725 7.46016 5.18418 1.0585 3.68015 16.3638 5.5886 4.07088 4.68804 126.723 141.351 7.69484 15.9425 9.87817 18.5987 36.542 0.00761511 392.994
-62.9938 0.275841 1.66392 10.2029 76.9211 15.7822 20.7221 74.1737 9.36902 5.95406 0.271688 5.5704 15.4109 11.8015 2.41072 0.8738 3.83486 19.081 16.6978 3.20498 3.3401 131.963 147.686 8.89935 4.2211 4.38964 15.3374 22.1109 0.00424109 389.991
-61.9666 0.284093 1.5281 8.87042 80.8452 12.2946 25.4416 61.2973 10.0044 1.07915 7.15407 12.8574 27.2833 10.8812 1.73795 14.6489 3.15724 0.272646 2.45484 6.11964 6.02016 113.611 153.009 22.9429 12.4949 12.8612 18.8905 25.4615 0.0198386 394.066
-62.8272 0.288121 1.69119 7.59741 80.8452 11.7871 32.7974 48.1002 16.6545 11.2777 6.86434 14.3869 14.3552 10.6053 1.30232 4.81693 1.49486 0.822759 2.6768 6.41419 29.3408 113.962 151.585 15.2588 10.9223 7.89882 2.1112 2.97749 0.0198483 382.712
-62.5765 0.286084 1.55553 8.70302 78.7823 2.58624 34.9388 59.6395 23.7194 15.7364 6.63506 3.88424 13.224 9.39574 1.27137 2.32775 4.89946 5.72877 5.35395 7.48414 22.4533 115.541 128.918 32.6733 10.021 7.37709 15.9757 6.24506 0.0039061 383.614
-62.8578 0.285915 1.56749 8.57392 79.1011 6.93729 31.5307 55.1032 20.5535 17.6014 11.4232 2.19186 13.7124 6.1745 0.950865 0.570101 2.5493 18.5125 1.67398 7.48398 20.2813 120.495 132.566 27.1922 11.2771 7.54064 16.7691 10.9708 0.00175068 381.651
-63.1349 0.285752 1.62012 8.52487 80.6438 9.58939 24.0878 58.87 20.5535 14.7495 8.58955 5.04317 8.12262 7.05095 5.60783 1.24993 4.8606 28.8001 3.0389 3.73973 5.73071 125.542 128.131 47.2873 1.57954 15.7669 15.3134 14.2617 0.0237036 386.067
-62.6688 0.283224 1.56604 8.42896 84.4359 5.50638 27.5894 50.7987 14.0556 18.0276 14.8613 4.83413 13.2935 0.670031 2.61318 1.59147 3.34731 18.3938 4.06349 4.6702 18.7586 123.11 134.238 44.7854 3.75405 11.1972 18.4785 14.6045 0.00702226 389.977
-62.2415 0.232966 1.6758 7.60221 84.4359 6.84337 29.8402 56.5786 14.0556 19.2117 13.0469 5.32797 14.5027 1.50573 4.09951 0.632759 6.54019 13.4294 3.89819 4.92036 9.70601 128.323 124.883 37.9157 11.8763 6.35448 8.31879 13.6011 0.00240782 383.096
-63.6412 0.166591 1.83372 7.87304 84.4797 6.84337 27.3738 56.5786 18.6225 32.4726 8.06 8.45196 12.834 2.13653 1.57337 0.44258 6.6737 8.50806 2.80669 5.45784 9.23857 134.534 102.771 64.9679 2.59841 5.96013 8.47855 9.68933 0.0212639 387.928
-65.2793 0.334734 1.719 10.1876 77.8074 6.84337 24.4642 56.5786 18.4694 25.8121 9.37816 5.90351 10.8364 3.35287 1.87948 1.5529 5.68363 5.7101 8.9311 2.73809 12.8356 144.524 99.8595 65.6737 16.1091 7.65269 4.48058 15.5016 0.0317397 388.715
-63.9068 0.349729 1.59458 8.65329 77.8074 7.2776 31.2564 56.5293 18.4694 12.2466 12.6194 4.48701 23.9993 3.17532 3.97779 2.84477 2.53596 5.9582 6.41736 6.88781 16.7974 128.683 110.401 63.708 5.09342 5.50004 4.87556 15.9403 0.00797375 382.574
-63.3439 0.332474 1.577 8.6284 82.993 7.2776 31.7973 49.7418 18.4694 9.82956 8.6153 5.66698 16.1413 17.2129 3.62135 1.5776 3.4679 8.72604 3.57711 6.56303 23.2248 118.06 110.401 57.6655 7.69664 5.52609 6.33194 1.58886 0.0182668 382.788
-64.1306 0.419768 1.46731 8.40199 70.5537 19.5233 29.729 49.7418 21.0164 10.6712 1.5415 4.32563 23.6544 10.8137 1.76255 5.93718 1.72436 9.8813 5.31082 7.82845 25.406 117.247 128.426 37.037 9.19135 3.32938 5.7892 24.7801 0.1054 389.866
-65.7086 0.396273 1.74383 7.80334 74.9814 19.5233 30.5726 49.7418 15.6435 11.4533 2.32215 15.3156 8.42673 9.18129 4.58223 5.93718 6.46603 14.5442 7.56598 2.5769 23.4434 113.883 121.147 51.0598 7.87229 4.17724 3.19016 14.5201 0.0402341 386.916
-61.4277 0.14722 1.74475 7.57813 74.2164 18.002 38.953 49.7418 13.6716 10.0523 1.59089 17.3938 14.09 7.1558 6.8196 5.63683 1.59878 10.4426 5.08886 5.32789 26.5506 123.209 99.2607 59.6013 2.42422 12.005 2.25459 13.2125 0.0355934 387.103
-60.5469 0.11687 1.60824 8.83387 74.2164 18.002 32.6297 50.1357 16.3864 9.77844 1.44676 21.9888 11.5818 8.59892 2.88914 1.54925 8.67977 13.9569 0.17749 11.1187 24.3886 113.253 108.465 60.3264 10.283 1.61768 2.46849 45.9852 0.00477925 391.951
-59.1048 0.0688774 1.56159 8.62181 73.587 21.0182 30.4315 47.8336 23.1192 9.9364 2.35371 8.14528 0.812154 5.91487 6.26793 13.8624 4.84529 15.3195 5.5802 11.9962 50.185 109.97 92.1884 43.7996 27.015 3.13483 1.62857 25.0543 0.01395 395.303
-59.8234 0.0700928 1.63392 8.35295 72.851 23.3312 20.2458 37.0011 27.3678 9.86883 2.06643 32.1947 2.13284 8.11089 5.06607 10.9677 0.313244 14.7023 6.70524 9.51784 50.185 105.879 104.748 37.8713 3.49504 6.9672 26.2374 9.06345 0.00822601 398.735
-60.1784 0.135056 1.60496 7.86462 72.851 17.6515 20.4389 34.8742 41.9532 8.99263 1.2971 25.835 1.86392 19.772 4.98998 3.43993 1.86101 9.75751 8.13818 7.14038 51.5396 100.647 110.543 34.5502 7.45895 5.19354 21.5981 13.3826 0.00700399 391.618
-60.7594 0.132817 1.73949 9.11307 72.3462 17.6515 40.9392 21.2392 40.031 8.95961 1.2306 8.15765 21.2656 14.39 5.67974 0.120352 0.952726 6.23703 14.7541 5.10076 18.2787 108.32 126.841 27.7373 18.3007 11.897 5.55074 8.20635 0.00772661 392.396
-60.5664 0.0638566 1.75647 9.3241 72.3462 17.6515 40.1299 17.9456 43.0954 10.5425 1.972 5.08625 19.3159 12.5115 5.63092 0.919725 1.95614 0.990821 12.9673 5.38192 30.5102 112.244 140.177 12.8045 20.6097 10.2593 13.1259 68.7389 0.00517886 390.367
-61.4683 0.157146 1.67912 9.47031 73.2321 17.6515 37.3165 24.5395 35.437 10.0376 15.6438 8.91594 16.6924 9.78764 3.20725 2.93885 5.10294 1.78183 19.7359 9.40844 13.0444 112.244 133.366 17.041 25.5216 10.7578 9.2812 10.7044 0.00509436 390.864
-62.0221 0.218663 1.67912 8.02549 73.2321 17.8042 43.7369 21.0984 35.5269 7.38419 14.7396 3.29872 25.0764 7.64715 4.77291 0.288931 6.99284 7.60291 2.46189 2.79224 14.389 108.476 161.347 24.2305 13.6613 9.56967 3.8638 15.127 0.0184738 386.383
-69.3816 0.633119 1.76376 9.84314 72.9132 26.7353 44.542 38.8445 13.0211 5.94775 3.38112 11.3036 17.5577 7.72679 4.9641 1.23028 2.89436 8.5704 8.23865 4.96099 6.63648 110.491 155.325 26.9003 4.9693 25.4951 3.77497 13.7647 0.0218091 390.266
-72.3388 0.745313 1.93086 7.51501 72.9132 26.7353 43.4361 41.0409 4.66714 11.1164 2.36964 8.59152 10.8821 24.8109 2.31612 3.23717 1.30616 5.42895 7.23518 10.7384 8.35945 111.799 171.224 4.87719 11.5523 29.0674 0.755084 4.59355 0.0257644 390.399
-72.4459 0.829651 1.8075 8.58791 72.9132 27.5772 34.6802 42.5094 19.179 6.53223 6.46548 4.56831 3.50109 28.9368 3.50682 3.21772 0.958711 2.17783 9.29948 8.10366 7.08726 117.655 158.124 8.72624 19.2307 34.2393 2.83511 40.3328 0.0342076 395.141
-71.4056 0.907144 1.59469 7.30918 73.8309 27.5772 34.6802 43.0411 16.4362 12.8317 6.07786 1.14785 9.51858 23.8126 5.58206 2.8581 2.45178 3.32293 9.38536 3.67111 9.56657 118.961 157.952 8.72624 13.0209 22.3963 3.63662 30.8168 0.0265875 389.294
-74.5224 0.907144 1.8865 7.83331 74.7461 22.0145 37.1801 43.0411 15.8623 6.34252 13.085 2.08584 10.7502 24.8312 4.94282 2.28973 5.05196 1.85701 16.9536 2.37616 9.56657 111.738 156.94 5.02179 10.4384 10.8987 0.28699 6.44091 0.0339727 388.692
-74.0225 0.946289 1.71705 8.23414 75.6654 27.9154 36.9793 42.1418 7.35046 7.72657 10.6994 10.5447 13.1696 13.5568 1.77242 1.00636 0.864004 12.0835 13.3505 5.37448 11.5357 120.062 143.388 11.5199 17.3255 6.88606 13.1784 20.882 0.0390447 387.094
-73.7199 1.03384 1.65871 8.07438 75.6654 25.0091 24.3048 54.9635 19.3476 7.36697 6.85729 15.9432 10.7758 1.48508 1.17654 1.00636 5.85922 5.98782 7.31758 8.80129 17.4727 121.281 152.038 7.14885 24.0867 3.12656 17.7139 21.6307 0.0622769 389.035
-73.4874 0.896355 1.7303 7.95484 90.4198 26.1907 26.0127 40.5093 16.3964 7.85596 8.55163 9.71543 9.87746 11.9839 1.32879 5.33002 2.60287 1.21282 5.07673 9.67366 17.1008 118.926 144.992 13.1777 25.9426 3.12656 5.93764 33.4297 0.0311418 395.044
-73.4514 0.986354 1.6852 8.26506 77.2143 17.231 29.6336 41.4786 32.3229 5.37519 10.466 7.70791 15.858 7.73014 6.1959 0.354586 1.37885 1.85584 8.01429 8.59083 17.9448 126.687 130.45 20.4746 18.5208 0.571657 5.79847 60.2564 0.0205696 389.003
-73.4514 0.986354 1.55463 8.85763 77.2143 17.231 16.4115 41.4786 33.2158 3.79843 11.7931 8.80392 16.171 13.0793 1.3131 1.92325 2.36143 7.69297 9.46401 13.9315 21.6831 115.263 136.338 24.4108 17.6252 4.00164 18.1169 51.9873 0.0195868 387.746
-73.1414 0.986354 1.69902 7.70704 77.2143 17.231 21.1061 53.6734 32.4327 4.3459 11.2789 8.83105 16.5955 8.15345 3.31565 0.728722 0.29679 8.13403 9.17808 17.2448 1.45722 129.732 119.749 20.5037 12.0463 15.5584 15.9245 28.5883 0.00259214 390.576
-73.1414 1.0258 1.5107 8.57841 77.2143 17.231 26.3651 53.6734 12.5451 4.14425 17.1923 22.7663 5.13565 12.2133 2.64334 0.809165 3.54919 9.48925 9.07405 15.2018 9.19823 128.925 129.048 24.4376 4.25656 6.54713 1.67718 10.8041 0.000209548 388.771
-73.591 1.0258 1.5107 8.69761 75.7456 18.1505 31.8703 55.6974 14.1143 5.33904 12.2319 20.7473 8.12951 11.4341 2.18439 0.397413 5.07392 5.87428 8.2474 8.21349 6.86687 132.809 130.503 28.9329 10.9774 11.9113 1.91806 6.52363 0.0106572 386.71
-74.2595 1.02689 1.51445 9.26732 70.9671 20.7198 26.7514 55.6974 15.9688 8.06634 12.9669 14.3016 3.01399 13.4043 1.71017 2.11448 7.92389 6.41602 6.95634 6.52673 16.5442 132.809 136.087 5.43325 4.40579 9.35831 43.4448 31.7785 0.0398773 392.98
-74.2595 1.02689 1.51191 10.5212 70.9671 20.7198 26.5418 55.6974 13.5254 7.18921 11.0413 21.8092 4.21678 10.6977 1.71017 1.86574 1.91433 8.31654 7.17762 9.65282 16.1235 129.439 134.981 16.8662 11.5541 15.366 9.42337 32.7423 0.049031 389.248
-73.9461 0.997152 1.75202 9.85687 72.8611 20.7198 14.8745 57.1599 28.5778 4.71373 4.6703 18.8731 9.21987 13.8426 4.73724 1.94654 1.91433 5.29641 3.7331 12.594 17.683 108.116 153.15 24.0641 12.2986 9.79468 24.6759 8.98622 0.0441583 388.653
-74.3779 0.997152 1.78571 7.52405 72.8611 23.038 13.8054 63.8558 33.0181 1.92586 5.7635 13.1597 6.81004 12.6974 2.32306 3.56658 0.530227 3.81285 4.72311 9.21892 24.0175 110.874 142.455 25.1541 17.5844 12.8934 4.81359 2.97354 0.0351003 386.65
-73.5279 0.997152 1.67097 8.777 74.0725 23.5278 18.841 64.0009 23.1413 1.92586 8.64315 13.3768 3.10463 10.4796 7.11056 3.93446 2.31859 3.31148 5.94275 7.75369 26.6496 118.548 131.378 27.1504 9.52235 14.2739 3.00005 43.6097 0.0186074 389.948
-73.406 0.975356 1.59151 7.98009 76.4846 22.9258 21.9901 46.4566 26.3219 1.51419 14.5638 7.26864 7.05136 14.7698 7.73472 0.688407 6.05801 1.66229 4.79992 7.55566 33.2813 112.04 134.147 26.9989 8.05361 13.1955 1.08262 19.498 0.000995432 387.583
-71.4796 0.855309 1.65911 7.78457 76.4846 22.9258 31.3153 47.0289 25.2933 12.5352 1.01093 7.79985 6.4038 11.8505 8.64156 1.02211 7.37593 6.76424 3.79146 7.39352 20.1126 124.465 119.812 33.9553 4.42369 20.2546 8.69169 18.0798 0.0256165 388.17
-69.6653 0.742065 1.58504 8.27318 76.4846 11.1638 34.4931 47.0289 27.2979 12.317 13.1029 10.5856 2.25537 8.08302 4.24408 2.06419 2.7398 11.1098 7.37013 10.198 19.9291 122.196 121.357 42.3991 3.47402 4.34788 11.2157 2.24924 0.022478 386.465
-70.1811 0.773484 1.50988 8.57491 78.2996 7.05993 31.5 44.3331 29.9216 8.24483 2.36838 39.6822 3.23623 2.35229 1.93005 0.31188 0.298339 8.03163 4.10659 10.3771 15.8732 120.089 142.495 20.1735 3.55526 4.34788 38.306 24.0945 0.0157748 386.511
-59.993 0.111055 1.58419 7.16929 79.6341 30.497 12.1781 51.6079 18.443 10.0826 8.32585 35.8764 2.58506 1.34437 10.7948 0.583608 1.36637 1.09167 6.30338 22.3933 8.85971 124.517 130.524 12.0443 6.79788 16.9162 27.6455 42.9261 0.022619 396.715
-61.6382 0.111055 1.72243 7.79161 60.1462 41.5174 12.1781 48.5942 36.1076 8.5314 1.64959 36.0164 0.53686 0.863644 7.55702 1.99687 0.363521 5.17687 3.54696 29.8042 7.21302 131.068 116.494 26.662 9.94869 16.4439 5.93639 42.2025 0.0100495 390.415
-60.8464 0.134594 1.73057 7.62339 63.4088 41.5174 10.6704 46.5291 33.8483 0.762864 3.47633 31.3528 5.54936 2.28614 3.35924 1.18161 0.759011 5.05554 3.31997 25.5181 7.40862 130.402 131.456 43.7062 10.9234 3.50056 5.17639 5.40661 0.0295831 388.04
-62.1166 0.134594 1.75232 6.88399 68.5704 42.8861 7.13135 44.3422 31.2426 5.84505 6.04612 25.0441 15.7659 2.39784 1.74774 2.34133 3.18758 4.71182 8.83732 7.53302 18.3347 114.487 126.257 48.6637 7.51281 6.36398 20.9708 24.0227 0.010714 389.159
-63.6915 0.20725 1.85049 8.04426 74.0639 26.6751 7.11773 41.5598 46.484 19.0079 4.50022 22.7109 4.76665 6.99865 2.39636 6.13342 5.55179 5.53269 6.07327 6.90263 9.36155 129.474 110.137 45.1927 7.61214 5.55796 20.0501 18.6075 0.00327128 387.378
-67.1144 0.5277 1.72388 7.83554 84.6204 18.5109 10.6909 43.7457 46.484 10.4745 6.1301 13.6793 6.87844 5.36299 1.3302 4.99354 1.75624 1.7131 10.2929 7.46039 18.1675 130.329 110.137 49.3471 3.55061 17.5201 1.89844 41.2696 0.0141569 387.381
-64.1014 0.319503 1.7393 8.64006 65.6676 25.2695 7.88508 44.195 54.2398 2.02187 3.22091 13.1069 6.4161 8.41097 3.16084 16.4069 1.07502 6.91456 4.60153 15.6123 19.9349 106.301 131.328 43.3871 2.11521 7.33408 26.6944 29.914 0.0219035 396.321
-62.9274 0.188099 1.78663 8.15562 65.7014 52.1607 7.88508 44.195 19.2519 6.95281 2.44725 12.3562 7.92874 8.324 2.6881 13.7394 5.45502 7.065 1.78288 4.42136 15.6631 133.941 134.889 27.6019 8.41977 22.2373 2.32716 27.0641 0.0277678 392.15
-67.6393 0.491269 1.87363 7.86112 57.4556 52.5581 8.31576 39.6189 34.1498 3.22947 8.60797 12.6891 6.96566 9.45223 1.30332 8.63403 9.30801 2.80113 13.2706 5.1781 18.4908 123.688 118.263 52.4719 1.21146 13.5701 17.1825 26.3431 0.0618389 390.719
-65.0069 0.311786 1.83914 10.468 54.0992 49.4452 4.88653 45.9383 29.298 2.95641 9.64416 15.8516 5.21575 3.30366 4.41956 8.22748 10.8411 7.85686 7.56143 4.95848 20.3846 118.598 143.851 25.96 4.16136 23.5591 12.0462 16.4222 0.0711446 396.749
-61.945 0.152435 1.77203 7.46303 58.0305 51.3651 10.7471 34.7438 32.3651 13.618 11.3058 16.2357 6.19491 12.4786 5.28649 0.813878 7.75571 6.56007 4.64641 9.88011 14.6825 110.658 144.923 25.1359 21.7048 0.757504 7.55636 4.11871 0.0530961 386.278
-62.8282 0.213463 1.67699 7.43587 63.1003 50.6655 22.9122 23.5245 38.8266 9.59214 12.1845 11.7176 3.66741 4.45008 5.55559 2.40982 3.22882 7.16596 2.33059 17.121 15.391 117.809 141.955 21.6613 17.736 7.57376 35.9851 2.1529 0.0698527 391.264
-61.9586 0.231413 1.66066 7.84465 61.6248 50.0951 23.4915 29.8684 30.7323 4.31027 15.3135 9.94297 6.01053 5.61584 4.59418 5.27224 3.47584 0.783386 1.47366 7.08584 25.3027 125.363 147.841 15.8449 17.1577 4.71505 24.2102 7.1669 0.0420586 386.46
-62.3207 0.231413 1.57792 8.01861 59.7223 43.687 18.7071 39.9799 39.343 4.54472 19.7857 7.80699 4.44141 9.16337 0.62838 1.75285 7.99978 0.797141 11.3742 3.99002 13.9802 129.555 138.738 22.6832 3.45628 8.63412 27.6209 1.94707 0.0420066 387.19
-62.5569 0.228091 1.76841 7.06129 66.1086 31.8478 11.0385 39.3984 37.5855 6.54068 26.4256 7.76932 9.85675 0.718517 5.44839 8.32164 5.37025 0.929938 8.40336 3.95211 22.3131 116.121 134.59 37.8838 1.74023 5.37024 18.8347 57.1004 0.0162826 393.482
-62.4531 0.224134 1.69867 8.19467 63.8525 34.6603 11.0385 40.3341 46.2968 4.59523 23.3387 8.94476 10.9424 0.718517 1.7895 10.0833 1.65975 1.16704 1.01125 3.95211 17.1089 123.594 151.322 32.8477 2.46628 6.15029 9.48285 3.71545 0.0124052 385.26
-62.0727 0.239805 1.74042 6.71574 64.4413 33.6851 7.3489 40.5736 46.2968 12.0082 15.4642 4.16512 12.0337 7.71401 2.2823 8.37814 0.588152 4.53057 1.91242 12.4068 12.7147 123.179 141.079 35.5037 2.18395 5.2207 6.41771 11.9869 0.0240308 389.807
-62.647 0.194498 1.76093 6.86962 65.0574 36.2777 5.98457 36.9094 61.8438 8.66489 14.6194 1.8429 9.72972 11.3601 0.767182 1.63572 0.902263 5.31518 11.2212 13.6076 11.4069 110.02 147.75 29.9882 1.97887 6.96386 22.5393 3.6747 0.00877456 385.59
-62.2449 0.178301 1.70149 7.96525 63.5938 36.698 5.98457 31.0382 61.8438 6.62656 14.6194 1.8429 10.4669 14.1731 0.894813 1.85493 2.47407 3.38517 4.97533 26.148 15.1253 111.42 136.17 32.2965 4.75086 2.7471 8.31046 23.2775 0.0223067 383.349
-62.4613 0.331538 1.50966 7.96563 72.8042 26.7277 5.98457 28.0771 61.8438 6.09029 7.66869 1.8429 20.5092 11.2239 1.76357 4.93093 4.1352 3.47528 5.54172 21.0771 20.4589 108.395 137.527 40.2245 5.22366 4.70947 16.7721 14.956 0.00181992 388.156
-62.6659 0.336796 1.43759 9.00813 72.2585 24.1586 9.42707 36.7053 42.0614 4.7722 4.76163 15.4299 22.9042 11.967 2.00578 0.574103 1.40713 1.11923 8.81464 10.5131 20.2992 103.589 143.295 42.6131 5.87592 10.4702 10.6056 34.5237 0.00564184 390.72
-62.4451 0.338823 1.51432 8.58241 74.0766 24.1586 9.42707 26.1377 51.451 4.07359 5.73628 23.6344 21.69 9.63699 3.73924 0.574103 2.43087 9.68326 10.5067 4.87906 20.8034 95.4162 143.213 37.5337 11.3616 11.8768 1.83553 34.3331 0.00168375 392.176
-64.252 0.378358 1.63483 8.40573 71.7479 38.3842 10.5316 32.5132 31.7358 6.70628 14.1214 13.2546 24.1538 11.0289 3.29082 5.81885 3.81197 6.11575 18.5004 25.2135 15.1283 96.4665 122.64 16.355 6.74049 7.97451 25.8071 2.13513 0.00629432 395.423
-65.2514 0.423968 1.71266 7.20502 80.1482 8.58122 32.8191 36.0295 45.41 0.673732 25.2839 6.34888 8.5517 0.814422 2.85309 3.23272 5.23706 19.4751 11.5337 22.4725 8.5289 102.65 112.345 31.0133 14.4778 9.07006 10.3637 25.9166 0.000674108 395.255
-65.2697 0.423968 1.66328 8.24441 80.426 8.6769 17.0549 41.2764 51.5414 13.6608 10.979 4.40441 5.65056 7.90912 6.59384 5.19704 0.536313 5.41966 7.16589 12.993 25.8091 91.4805 150.022 40.661 10.3799 19.0828 8.90881 25.8233 0.0122073 387.834
-65.2697 0.477745 1.59264 8.43166 83.2436 8.6769 11.5923 51.9144 37.7754 16.8232 8.54279 11.0634 2.56477 6.41459 5.60881 0.675465 2.19569 26.2432 10.9595 4.12166 52.3493 66.339 145.41 32.6872 17.5894 5.01557 13.8711 11.6083 0.0199286 393.25
-65.4167 0.425903 1.61915 8.62044 83.2436 5.50851 3.11111 58.3458 40.2133 9.06625 13.5157 8.22407 3.98538 17.7941 2.56748 4.71309 2.54057 19.4456 0.789576 8.33129 32.9539 88.0619 144.772 31.9844 9.99831 3.5874 11.1715 20.1664 0.012213 388.99
-65.4167 0.425903 1.62486 8.58854 77.614 15.1496 3.11111 58.3458 36.6545 20.1225 14.5233 3.3672 3.49245 6.19085 4.62699 4.83508 2.11891 22.0507 2.74659 9.59085 32.6589 83.7371 146.689 25.7294 4.69713 9.59368 14.8079 47.9426 0.0144377 391.238
-75.2825 1.07946 1.63233 8.21304 79.4302 8.63889 3.11111 58.3458 37.091 28.2412 7.50525 3.1194 0.617109 5.6885 3.97596 8.08585 0.893622 22.0507 4.07807 23.388 35.2417 92.2348 143.237 8.01848 4.23518 16.1275 11.6675 18.9594 0.0064205 395.02
-73.2338 0.996682 1.60577 8.01464 79.4302 5.5504 14.2722 70.5677 27.9836 29.7408 6.71468 1.77575 4.50664 2.65549 2.84424 14.24 4.92369 13.8852 7.13473 28.1434 19.4051 83.6427 143.95 2.27644 8.12217 10.2317 33.5991 6.00034 0.0143506 397.903
-71.4352 0.824206 1.6447 8.36167 76.9294 11.8759 4.2243 75.6068 20.192 10.8349 12.1084 7.12716 5.60483 8.88417 6.59798 3.24688 5.30179 14.7554 0.59319 20.9411 36.8436 92.6306 147.022 5.80586 12.3606 13.6248 27.6182 15.7186 0.00996701 393.375
-71.2168 0.758563 1.763 8.06951 73.1767 16.1447 4.2243 75.6068 26.0206 13.0055 6.91115 5.97425 11.4044 15.8538 5.76499 3.46189 4.68916 2.76675 6.65768 30.2854 20.188 87.887 143.003 22.1555 13.4424 8.88416 15.8686 21.5311 0.00804553 388.115
-70.6341 0.74195 1.67717 8.41153 73.1767 16.1447 3.2819 75.6068 21.0748 20.0593 6.44414 3.19811 7.5385 16.313 7.9688 5.48838 3.73708 11.8523 3.25066 27.031 18.9998 87.887 145.652 10.7704 26.9269 9.10846 7.80559 17.1015 0.0321007 392.817
-70.3134 0.701201 1.77612 7.47116 75.2168 16.1007 9.44034 74.5342 16.3497 10.8607 3.47553 6.58191 14.437 23.8361 5.45783 0.604935 9.87814 7.13251 18.0977 11.2323 19.2949 96.605 117.102 49.6214 8.96266 22.0229 2.34295 9.86343 0.0121361 390.257
-70.1308 0.774828 1.63098 8.38301 74.3999 15.4101 9.64551 74.4584 21.6863 17.6256 2.64489 17.7248 11.583 0.603379 6.01494 1.50002 10.0111 8.67766 3.27463 31.1439 17.4963 113.548 100.023 45.6939 3.05418 12.1177 6.98151 28.146 0.00718847 390.788
-69.9749 0.729662 1.63262 8.59455 75.1251 15.0641 21.1106 68.6303 3.13899 33.3427 1.17748 11.3066 10.8702 6.24823 8.60703 1.70753 1.23 8.82411 13.6545 29.8445 15.1416 93.7243 122.29 40.0776 2.8356 7.85292 10.467 2.54025 0.00398469 391.105
-69.3979 0.690541 1.62832 8.10609 75.1251 15.0641 27.0355 68.6303 2.37653 20.2636 5.66211 3.31578 10.2884 4.38574 13.5225 7.07428 4.5317 13.3682 13.238 27.9279 9.62711 106.163 92.4959 64.0724 11.1938 3.16676 4.31084 3.07827 0.0322113 395.579
-68.3817 0.586192 1.71959 7.44551 75.1251 15.0641 24.0124 77.5609 0.420146 16.3246 10.382 9.73853 6.04036 3.67332 5.4646 10.4231 2.31426 18.7466 7.04008 9.78945 10.106 101.311 129.923 57.9092 4.62243 9.36661 1.29762 13.556 0.0179648 394.189
-68.4952 0.635121 1.67765 7.54415 66.6687 14.7736 22.9882 84.9393 1.68513 13.6204 1.36054 11.6587 15.4232 1.01417 4.02643 13.4272 4.22564 11.2793 11.1638 13.5361 41.8238 84.5835 118.567 57.9092 7.66231 9.85015 5.08265 43.9614 0.0168711 401.362
-67.3651 0.660281 1.50362 7.86178 84.4299 5.91671 17.1467 84.9393 6.70711 12.647 17.4211 11.1261 11.3797 1.71711 3.82896 8.48308 2.56307 3.90432 10.8535 6.00172 39.6484 63.5326 165.299 15.8024 12.8762 10.4732 4.84558 11.2539 0.0166885 391.671
-66.0561 0.528665 1.5409 9.027 77.024 5.91671 14.7741 84.9393 7.65942 11.6255 22.3085 13.6687 15.0047 1.3488 3.85795 4.75395 5.0319 3.90424 6.79361 7.60499 43.1509 73.988 159.286 13.2352 26.3074 2.72779 1.83279 3.74967 0.0153849 393.71
-65.3452 0.50541 1.46776 8.82465 77.024 8.34742 13.4876 83.3886 8.04997 9.85963 16.575 17.2498 12.48 2.59019 3.92831 5.21781 5.08745 8.09264 8.48214 14.7713 33.1064 73.988 161.981 7.45969 3.92537 26.2559 3.24436 7.26867 0.0718447 391.634
-65.2465 0.498734 1.30742 9.19744 82.8344 7.21923 16.0055 79.9272 4.97315 20.1793 6.93797 13.053 11.6126 2.62654 3.84726 2.23116 1.71905 20.7617 9.65586 13.4278 27.5603 73.988 163.571 9.68272 10.1564 11.7023 2.01963 16.7076 0.00484616 391.89
-65.2465 0.464423 1.50567 8.86922 82.8344 7.21923 14.7437 79.9272 6.95316 19.0288 4.9738 2.09191 12.2026 2.57476 7.19301 4.27316 1.81637 20.7617 7.62731 31.4286 16.7724 74.9669 164.547 13.5601 9.5821 5.0512 20.3233 8.80491 0.0102757 388.931
-64.6247 0.418101 1.57014 8.17996 76.032 7.21923 11.7069 78.0414 10.7246 23.4348 10.6089 15.4373 12.1091 2.59009 1.96292 11.6528 13.0812 12.0249 7.11709 11.0717 17.5564 71.0805 168.85 10.957 15.4544 20.0455 18.476 23.7271 0.00726227 399.043
-65.1766 0.40366 1.738 7.84792 76.032 11.1592 13.6741 78.0414 9.54574 23.1415 14.7018 20.7178 13.0147 1.8423 8.50036 0.451604 11.2062 3.59076 5.2893 18.788 6.21968 74.4262 167.983 15.2778 10.9307 2.38214 18.3939 24.2898 0.0265446 396.9
-64.5808 0.355922 1.73713 8.19902 77.4776 12.8932 8.889 80.1225 16.5758 12.9917 7.57991 15.6631 8.94715 6.19394 3.54215 8.10108 8.64782 5.21567 11.1516 22.8441 16.5304 69.6957 175.821 6.36397 3.44392 12.5932 19.1949 26.3467 0.00582475 386.852
-65.415 0.406683 1.69945 8.28402 83.6038 9.71456 21.3098 62.8462 10.5049 18.1437 25.2839 0.905642 18.6991 7.29218 3.73922 0.195382 4.04034 5.99029 9.66404 23.7592 13.7385 69.6957 176.261 8.6121 1.34052 13.2439 24.7844 38.8258 0.0268978 392.759
-65.2569 0.396722 1.68112 7.98625 81.2117 12.4167 14.5152 62.8462 17.9508 11.8143 20.5381 1.27852 14.5328 10.2589 1.02689 3.56827 6.54055 9.83279 11.5526 24.8502 17.7481 57.1816 183.978 10.1916 8.26665 11.7724 24.2274 39.1515 0.0446033 393.849
-66.5404 0.478022 1.76255 8.08772 83.2119 12.4167 14.2515 62.8462 17.3152 22.9222 17.1431 9.77984 1.45533 6.31383 2.70616 1.81133 5.95987 5.54174 12.9384 30.5756 13.7692 54.3127 190.287 11.1154 17.2832 12.2623 7.11812 9.03452 0.00662578 392.837
-66.3987 0.452608 1.75091 7.0477 79.2679 12.4167 15.132 62.3529 16.2596 19.3673 19.4302 9.02983 1.65739 4.92959 4.8983 2.23406 3.26831 19.2346 4.43832 29.2935 22.5987 55.3504 188.667 7.11422 12.9446 13.1696 6.94457 10.2498 0.0718541 396.151
-66.5706 0.405543 1.91113 6.24741 86.1408 5.32632 21.8078 62.3529 19.7394 6.91271 19.9957 7.02558 4.57024 5.55271 3.01001 2.66345 1.05837 4.7466 5.23285 16.9855 24.8788 87.2242 180.675 17.3252 8.65598 9.57067 9.07682 11.3877 0.00541006 393.104
-64.5031 0.405543 1.61517 8.11593 80.3067 11.1451 25.1083 55.681 16.0987 1.47238 33.727 9.29071 4.77362 13.6847 2.38757 0.545314 3.414 7.43728 18.3786 15.0369 26.3212 84.2702 148.913 15.0617 5.97207 12.9977 9.84035 10.165 0.0267648 387.353
-64.9111 0.403848 1.63686 8.25404 80.3067 11.7262 20.6992 56.4877 16.0987 5.18331 22.9683 15.3623 2.3435 18.9971 3.24519 5.20892 5.12471 11.0815 4.35376 9.6674 12.8136 93.8042 177.32 4.93459 22.5017 10.6373 6.51915 18.3751 0.00376499 390.41
-69.889 0.787902 1.47989 8.26274 67.6093 11.7262 20.6992 73.1679 10.6998 11.7901 23.7394 6.56829 12.2802 8.76697 4.14752 3.14529 2.41409 11.3305 10.6083 13.3758 6.6564 92.308 176.437 5.25841 7.24271 0.835781 4.64018 15.181 0.0191943 393.186
-69.7346 0.801641 1.49879 8.25725 68.8424 11.4036 24.2368 80.6169 8.20323 2.67996 7.3206 6.50018 10.8131 7.63399 3.94504 11.0898 3.00401 2.20691 16.0505 11.4331 3.35719 132.961 140.16 17.445 7.54396 20.2765 4.02959 15.3895 0.0182369 391.742
-69.7346 0.831564 1.52205 8.274 66.7972 30.257 16.0633 80.6169 6.32217 6.14778 7.30954 3.94516 6.66391 0.636954 2.00333 10.7329 5.54891 3.67758 11.7164 20.2437 6.01735 108.746 158.655 21.5819 6.06051 15.8384 13.8979 13.2311 0.0313899 391.524
-69.6089 0.69824 1.62801 8.28173 66.7972 37.955 21.7619 55.8616 3.03636 6.84157 10.0232 2.41102 16.246 6.6035 3.04338 14.445 7.26799 5.7763 16.8901 12.4033 8.65352 106.168 158.41 15.0841 2.45108 11.6829 22.6171 21.6572 0.0258563 390.535
-69.7694 0.766784 1.59693 8.55567 66.7972 35.6812 30.7009 55.8616 5.93419 7.1342 9.44313 1.83747 21.4909 9.95566 0.635392 10.3417 0.880472 1.44991 23.4371 3.09227 11.5823 109.362 162.829 8.48467 6.16226 12.9573 39.9481 14.2153 0.022029 391.773
-70.7677 0.79531 1.55162 8.82836 69.3838 33.6657 27.0501 55.8616 6.44453 2.52803 14.6437 8.76844 10.3941 9.55283 7.76204 10.5706 1.04564 3.23129 15.2427 2.8705 10.308 111.687 168.183 11.2241 11.1437 10.4653 1.12699 14.4548 0.0243569 388.811
-70.6885 0.72964 1.70477 8.50409 63.1246 36.1551 24.5588 62.2317 11.9152 16.291 8.42314 10.3156 9.78173 5.52921 4.74138 0.464299 1.20961 3.20822 13.0363 9.17019 17.9755 92.9218 166.178 22.8548 13.269 16.7132 15.3838 5.68579 0.0493309 387.753
-70.6885 0.72964 1.71351 8.13674 61.7602 36.7354 24.7922 55.4677 15.6708 7.39223 13.9845 6.79815 11.3194 12.0856 6.08303 1.14245 1.18749 3.20822 12.0753 7.56485 20.0162 91.6074 172.994 12.0618 8.47838 24.105 4.86665 100.558 0.0121117 390.042
-59.8056 0.0553132 1.71502 8.00531 63.4201 36.7354 22.5379 59.3767 10.5531 5.57614 22.5781 3.73046 11.8017 11.7834 5.37798 1.27454 0.628377 1.12949 10.1802 6.33259 24.9691 92.3123 161.634 22.539 7.24834 6.9498 17.9735 26.2314 0.0127989 384.827
-59.8586 0.0363985 1.76601 7.5412 64.2061 38.2401 16.3322 60.3321 11.9888 4.4767 23.9314 6.39063 8.82769 11.7834 1.17992 3.39402 0.628377 3.67091 7.729 8.09665 50.833 79.3682 162.234 6.68276 8.592 7.4823 14.7129 27.0526 0.0144612 387.521
-60.2747 0.0509849 1.77462 8.06309 67.0547 38.886 12.5128 61.8413 16.6982 8.77721 24.2552 5.18124 2.37943 8.24499 0.456724 1.93798 3.4478 4.03943 4.48277 9.79105 62.3956 65.6189 170.703 8.01263 20.4517 12.2544 3.05523 15.674 0.00437175 389.364
-59.584 0.0777452 1.61383 7.89673 67.2031 34.3541 18.8454 63.9676 16.4483 14.2565 19.2418 1.20306 2.37943 5.72584 2.18054 6.53338 2.65299 2.63293 6.90203 4.88721 62.3956 55.0464 167.237 16.6545 8.44479 2.20503 13.6107 21.9663 0.0233423 393.299
-60.8259 0.0910542 1.63999 7.84058 69.5111 33.4368 15.9729 61.5275 12.0857 11.0416 10.7983 5.20515 0.952687 17.5826 7.23909 3.33225 5.76496 12.3211 8.40259 4.96008 55.0898 55.0464 169.307 3.754 4.26642 12.633 14.2681 16.3215 0.0494967 395.923
-59.9418 0.154485 1.57147 8.42611 72.5556 27.7002 27.9476 60.2801 12.7405 17.1103 7.64296 3.14082 4.75948 12.5825 2.92429 4.87231 4.76876 5.74794 6.06723 8.86578 50.696 60.8363 170.865 16.2497 4.98695 8.7585 18.9859 47.434 0.0854365 395.21
-60.1477 0.139798 1.56512 7.8971 65.507 34.9587 13.2383 61.2506 15.72 19.95 7.65194 1.94647 6.79282 14.3935 2.18143 7.31501 4.31509 1.53413 5.83387 18.6861 50.696 60.8363 168.055 13.9383 17.9661 24.2078 1.64275 7.34195 0.0513466 393.47
-60.1477 0.0661394 1.5999 10.012 59.9092 49.6683 10.8602 51.3646 14.4704 7.7946 13.8656 5.88234 27.7959 16.2107 2.74604 6.77409 4.24584 2.01313 6.10099 7.95954 38.3623 79.3471 147.162 15.9009 6.79128 11.7971 2.22508 14.6813 0.00657055 390.093
-68.013 0.61288 1.48549 9.01577 68.6545 30.0598 10.1582 51.3646 28.5099 5.37202 2.04046 3.86039 20.9099 7.26472 11.7707 5.79991 6.59714 5.87801 3.56021 12.7118 38.2199 89.4566 157.491 8.41813 9.22639 17.685 4.39191 45.1312 0.0201807 393.402
-62.1444 0.157683 1.63479 9.77027 66.3063 31.1087 10.1742 55.14 42.2954 11.1656 6.01859 13.7008 8.02631 4.19173 9.24067 1.93519 4.14184 2.72895 0.735574 12.5616 33.0671 84.2473 163.229 18.4389 5.26707 12.1013 29.0089 4.75776 0.00126154 395.273
-62.2135 0.298518 1.59799 9.92 65.8597 27.9335 2.83619 53.6339 42.2954 13.8334 4.50199 16.2618 10.7737 7.85784 5.27556 0.47691 4.804 1.32712 27.0941 5.20859 27.4607 86.3245 155.724 19.2464 11.7969 5.74115 4.15141 2.96709 0.0282013 391.957
-65.2962 0.469529 1.59256 9.81686 67.8241 29.4812 3.63456 59.5241 42.2954 7.23606 15.9219 1.72249 9.359 9.52067 2.36259 3.20748 1.82564 5.83158 24.1693 6.95353 34.4337 85.8483 153.432 6.11312 31.8927 9.02588 13.9482 13.9679 0.0147756 392.876
-69.2776 0.733713 1.59089 8.49382 68.1681 27.6423 14.5815 57.9784 36.3999 11.0209 7.56097 2.27424 9.4714 5.27568 1.06184 4.30776 5.22921 3.8947 8.2498 10.9377 26.7595 98.6769 154.247 18.6647 10.4235 7.03084 18.3885 17.9807 0.027679 384.619
-69.2776 0.705956 1.6242 8.50453 72.6441 23.6579 37.815 22.017 38.8493 17.3263 24.5115 1.21783 1.45422 5.87972 0.295827 3.83934 7.10856 4.75117 3.97449 13.3995 22.6389 105.634 145.358 22.2321 13.5021 11.0725 11.8415 13.2896 0.00183949 385.691
-69.2776 0.705956 1.6432 8.0003 73.5383 13.0056 40.1761 3.54735 59.5616 21.7575 22.9133 3.24639 9.09292 4.07314 2.03623 2.79215 2.69585 1.87841 5.00259 15.8247 23.9949 101.533 148.993 24.1812 6.96389 10.9108 18.9783 7.25332 0.0306845 389.835
-68.5867 0.71484 1.56274 9.11404 75.931 13.0056 33.6065 6.74096 59.5616 12.518 23.8829 4.31093 10.731 2.10007 2.99056 4.57512 3.52326 3.00611 5.18981 10.1883 26.252 130.691 116.956 23.2415 2.46371 17.1976 24.149 33.2605 0.0165998 392.546
-60.5362 0.141662 1.46209 8.06048 84.8966 4.21561 28.0926 6.74096 48.6184 7.25653 20.9164 23.9999 26.6742 2.85794 2.74349 1.50822 1.95517 4.09459 4.81423 10.726 15.1012 128.594 139.661 9.09829 7.75684 17.708 20.4471 23.6333 0.00431473 393.617
-60.6914 0.179737 1.47281 11.3841 76.2175 21.8032 35.9514 1.28542 53.1407 2.36305 16.8385 15.1365 0.556376 6.84193 5.36273 3.32191 1.05 10.5142 3.96613 10.3846 15.5453 121.44 153.921 14.4908 20.317 4.21042 22.6296 33.8383 0.00946708 397.439
-60.5418 0.161243 1.48487 10.5883 72.7307 34.0831 30.9552 6.48307 42.8413 3.26773 21.6892 9.08215 17.2387 0.583514 7.67809 2.01819 0.324205 6.60386 4.85704 6.0425 6.2976 135.582 143.421 14.9751 21.3488 0.890546 2.98166 34.0434 0.0207779 393.754
-60.6636 0.146445 1.53183 10.1417 67.5586 30.747 31.9589 12.0474 55.2764 1.68663 12.3022 9.26327 17.5333 3.84423 4.70672 4.85012 1.29468 3.75465 4.78425 13.5817 6.64329 121.572 153.664 18.7352 4.77576 12.8437 6.73354 29.9014 0.00387309 384.248
-64.7991 0.354632 1.66228 9.96972 93.7901 1.36971 37.1793 16.662 49.4028 11.6214 7.28992 2.90137 9.64454 14.2161 1.42719 1.50254 3.57705 5.75037 13.9126 3.30926 39.4382 99.97 125.008 42.1119 29.7312 11.6501 6.51181 47.7798 0.00981004 396.158
-64.2885 0.286494 1.74037 9.81404 83.2797 5.31821 45.3145 10.8626 48.2951 9.16333 2.10134 6.89655 15.4089 11.9559 2.11638 5.97462 1.73394 4.16742 24.9659 6.57741 31.6705 96.337 126.67 47.384 12.7923 1.42362 6.09132 19.6202 0.00718865 390.902
-64.6555 0.37639 1.6078 9.2294 81.926 11.0649 43.2598 22.2281 36.5611 3.1115 1.94854 8.94248 17.3476 15.2726 1.29072 6.03727 1.0662 9.19557 21.8657 6.57741 31.5515 96.9451 126.85 43.7037 13.1322 0.862987 2.03978 18.3538 0.0179343 389.428
-62.2319 0.286905 1.56156 9.99494 81.926 5.40316 45.2399 30.2834 34.372 2.6613 1.7411 8.53571 10.6461 16.5474 1.35561 6.07976 2.13742 16.3193 27.5353 2.31571 31.6445 91.4489 123.796 39.756 16.5743 4.07809 2.34376 20.0359 0.00899993 390.209
-62.2863 0.200412 1.55817 10.8204 80.2737 5.40316 69.4565 33.5102 20.5443 1.34026 5.95484 7.81948 9.07372 17.1664 2.53579 5.3806 0.923221 10.141 10.0209 1.83698 42.6745 91.4489 123.796 38.4146 1.58862 15.4761 13.267 22.0286 0.00568835 397.521
-62.4659 0.291655 1.46415 9.00754 80.2243 13.71 47.5129 34.7569 13.1426 6.0717 25.2018 4.61195 7.92389 16.8428 0.370538 6.44014 0.42046 9.37671 5.51842 3.85951 56.2505 78.4368 128.018 35.4021 2.15855 5.74496 37.7092 26.1722 0.0120917 392.702
-62.6751 0.233405 1.64084 8.24395 80.2243 11.816 58.9441 30.2258 9.70322 6.52401 25.2018 7.68723 5.80201 11.0827 3.73798 6.44014 6.96006 16.7471 4.67239 4.14413 56.2505 70.9009 143.98 20.5559 9.32768 5.65264 1.31542 18.288 0.0158422 392.991
-64.1407 0.282526 1.79127 7.77602 88.4296 4.35325 51.2843 39.865 8.71252 7.75055 21.298 3.81349 11.0495 10.6543 2.36509 6.67163 4.02818 7.77576 7.55567 5.42772 46.058 58.7811 178.858 5.43701 4.37862 19.7915 11.54 17.697 0.0161751 390.582
-63.8601 0.278543 1.72744 7.63206 84.2315 4.35325 58.8393 23.6913 13.3597 9.27429 28.7099 6.97481 14.4236 9.89224 0.511928 6.20971 16.8823 15.1167 33.3213 18.598 3.71998 54.6155 146.279 16.4446 13.2726 16.3391 23.515 3.99767 0.0599559 405.887
-64.4365 0.333397 1.76781 8.07913 84.2315 7.94371 54.8662 5.57026 16.1197 8.51466 16.7017 20.7561 13.8653 14.0689 3.57492 4.60432 3.06967 12.7298 13.951 6.75166 15.4178 103.996 143.106 20.3555 13.8572 17.4523 10.021 30.2662 0.0812138 394.216
-65.3829 0.360533 1.69816 9.95231 82.5026 19.1621 56.4181 9.87015 13.36 8.6717 14.8088 8.68917 12.3028 9.16616 5.07839 3.81636 1.33558 15.032 10.7828 14.1031 16.858 103.996 139.233 33.7485 2.92646 5.72553 10.5362 33.2107 0.0123666 392.166
-64.6732 0.324791 1.72958 9.97659 80.0047 14.8527 73.2795 11.4097 11.7064 2.23079 18.0576 6.9663 11.9337 11.4227 3.96243 2.25153 2.2024 16.8086 7.89984 8.80513 9.17458 114.021 134.445 41.2333 3.89653 12.3141 3.63368 36.3534 0.0149755 387.546
-63.9669 0.320829 1.55242 9.19122 75.6215 21.5311 65.3351 12.972 18.9068 0.734457 20.4538 7.29902 11.307 6.28193 0.357011 6.74745 4.71147 12.6741 9.73936 2.23054 15.1169 118.512 140.514 29.2663 8.75687 4.84077 0.230205 11.4231 0.00571315 388.577
-63.9523 0.323424 1.71474 8.17511 74.7558 23.7559 67.6005 14.973 15.595 3.35681 15.2593 12.7668 13.4404 1.89128 3.55842 6.8171 4.75521 10.291 3.36061 5.3385 23.7227 104.047 149.718 15.4171 10.6365 2.6888 2.45593 32.7047 0.0047015 387.079
-63.916 0.338544 1.61576 8.04574 74.7558 17.2499 67.6005 16.2761 14.2626 6.85922 9.79889 19 11.5262 4.39902 1.74716 8.96209 4.14621 3.07525 8.86653 4.21475 24.1683 92.7106 161.965 32.0841 10.1292 4.44952 7.78615 1.91681 0.0199461 384.337
-64.6805 0.418231 1.66207 7.84848 77.4222 20.4044 67.6005 10.0334 19.1311 18.5267 13.1541 4.32831 10.0483 6.50516 3.00486 1.37229 2.68866 3.55613 9.39965 1.91195 24.1683 117.341 141.281 20.144 15.8427 6.20639 8.87653 17.4658 0.00729046 381.63
-64.47 0.374731 1.54647 8.05166 74.6905 16.6177 64.8678 11.5442 21.1844 10.115 13.4895 15.0017 5.64127 17.7028 2.49764 0.565712 2.95314 3.4412 15.2569 5.19781 25.4396 117.341 141.281 13.5833 15.2374 3.49437 9.80286 26.0148 0.0143375 387.387
-64.5882 0.412961 1.58587 8.13532 74.6905 20.2141 64.8678 10.6893 19.9101 7.78505 21.4427 15.2835 5.70946 5.59858 3.13586 0.920746 2.06468 7.26391 10.3371 5.2878 17.2649 107.883 159.361 11.8908 9.40785 7.81192 22.8897 10.2509 0.0231981 379.843
-63.9182 0.326079 1.68792 8.10502 75.8204 20.2141 60.1513 10.5361 22.9936 16.7086 18.6558 14.8434 4.84765 0.885766 2.86536 7.19168 1.60326 0.454543 11.5808 6.63984 21.1728 109.5 149.409 17.5663 6.31134 11.3166 12.3616 11.4244 0.00663767 382.477
-64.9282 0.401038 1.68273 8.1344 75.8204 20.2141 60.3231 10.2336 27.2003 14.854 12.3297 11.8055 12.0427 1.28423 1.18151 1.19278 2.28202 9.70643 15.8952 11.0157 16.9286 116.456 143.088 15.1313 13.3437 0.924747 8.82679 35.3688 0.0274773 386.378
-66.3903 0.405286 1.82154 7.93908 71.1561 20.2418 60.1083 18.9874 14.2557 12.2806 24.5234 8.83615 12.8614 1.72275 0.306202 3.33511 3.14006 13.3891 9.4998 13.4997 5.58139 118.913 139.926 25.8293 5.1935 11.8858 11.0748 27.3744 0.0129158 384.526
-65.656 0.418874 1.55288 10.838 57.9255 20.941 60.0489 31.7975 14.4802 19.5942 24.5234 5.65449 6.06656 4.16739 1.80185 2.22576 0.154086 4.33889 8.84091 15.3644 6.04773 110.338 161.324 11.9976 12.1735 14.3392 8.85452 8.29167 0.0296013 392.167
-65.3826 0.418605 1.60373 8.37249 74.0807 20.941 36.6099 48.4503 18.6226 19.1184 9.99558 4.57744 5.3749 16.3779 4.44422 1.8498 6.72627 3.24781 6.6281 17.7361 6.20359 103.929 154.606 19.715 16.3947 12.4762 15.1915 11.0952 0.00752344 387.074
-65.3831 0.459569 1.6425 8.05616 74.0807 21.2628 33.2598 48.4503 20.3142 13.3454 4.09898 15.1041 0.726287 7.88262 3.95754 3.64093 3.73271 15.5541 2.4921 15.6618 6.00275 117.177 152.053 7.99507 7.51618 4.47676 15.0065 29.13 0.0139444 383.88
-65.7854 0.441402 1.62774 8.64762 74.0807 21.2628 33.4957 41.2626 15.1653 14.4215 20.2503 9.76656 3.58527 11.9027 2.57807 6.81224 1.59336 7.1024 5.21259 18.2705 2.34381 117.774 147.311 31.4161 7.75109 9.02331 1.59506 14.0961 0.00409716 383.36
-66.0528 0.475414 1.7233 7.5307 74.0807 21.4742 32.4779 44.7711 13.8794 20.7402 21.3456 6.72335 1.67372 9.59141 3.31516 3.52375 2.03234 5.27723 9.54612 19.5592 0.922199 114.672 141.974 26.9199 15.6318 8.72659 6.178 14.6796 0.00278256 384.371
-66.4918 0.574116 1.64023 7.91978 78.6661 21.4742 40.3809 38.532 8.77857 2.65231 24.8498 17.4003 5.74917 6.42575 5.16237 4.57103 2.54421 3.73541 6.99642 15.2534 8.20905 115.093 143.447 26.8971 18.7785 10.4789 3.31491 32.7203 0.01493 388.068
-65.6987 0.474731 1.57689 8.58429 80.0698 21.4742 40.2815 38.532 8.9608 2.82282 24.9189 23.3308 5.52537 4.321 3.84928 3.52015 2.87884 4.1275 3.44555 9.37095 8.63342 114.608 151.597 24.6397 12.964 4.00318 23.9891 9.16 0.0308388 386.189
-64.9219 0.474731 1.54971 8.44838 67.7129 21.4742 42.9786 57.6272 6.24125 2.02354 18.7527 17.8468 4.56533 4.321 9.35669 3.78275 9.40778 7.538 2.27478 10.2315 4.14526 113.229 146.253 23.7371 1.88775 2.79594 23.5855 13.7627 0.0246008 391.295
-65.2912 0.459552 1.53902 10.1652 68.0205 21.4742 31.0295 53.1616 9.62251 14.6993 12.0475 0.900093 6.85345 8.64026 7.09214 2.6573 7.42357 16.4989 2.39594 3.57184 11.9274 109.456 182.171 10.0284 6.34836 12.2058 11.8888 12.8987 0.0597771 394.814
-60.29 0.12493 1.50274 10.4104 70.6292 21.4742 37.2478 53.1616 6.49245 11.6017 19.5355 3.13629 7.30297 5.84438 3.33927 1.02264 3.31224 18.7272 4.60524 15.4322 10.2011 108.794 166.918 1.04489 6.15527 13.5159 5.55292 14.5177 0.0377219 387.999
-60.9509 0.155251 1.53447 8.68294 71.4284 21.4742 37.8691 53.5515 2.74384 17.0752 18.5599 3.17614 15.8085 4.72169 5.65281 11.1651 3.29457 9.15363 2.56091 3.20414 14.9257 106.113 157.765 8.11855 11.0653 5.39384 26.2943 6.82868 0.0241438 384.752
-60.6231 0.151675 1.52598 8.51667 63.9068 31.7001 37.3608 55.8796 2.25595 1.56228 13.653 5.65357 13.1791 4.72169 4.61378 10.0703 3.42778 20.7475 9.00989 8.6481 5.91259 107.506 166.493 17.9409 9.16317 5.46162 14.1602 50.3542 0.0231263 391.045
-61.3813 0.109303 1.70261 8.44952 63.9068 37.0587 31.8888 34.6117 23.7348 4.72845 12.1936 9.31082 9.91146 3.37954 2.49373 11.3764 6.52062 21.3463 8.39601 7.86007 5.31359 103.098 165.714 18.335 8.45818 4.8941 19.4526 36.6659 0.0215208 387.328
-60.7918 0.122623 1.6146 8.44952 68.2873 26.6933 24.6509 53.6299 9.30652 12.7368 19.2327 6.36416 11.41 4.28045 1.65398 12.7313 3.31148 11.3508 12.0238 7.38658 10.0131 111.422 157.561 12.3534 11.9049 2.04672 17.787 23.4822 0.0215329 386.698
-59.6241 0.103373 1.64224 8.24209 74.3618 26.9347 24.6509 61.4779 3.0652 17.4115 10.4531 3.81066 10.5782 2.83489 1.13579 10.5149 2.84408 8.64199 18.0976 9.76957 8.40515 104.564 169.926 5.35038 2.57412 11.8826 4.50692 7.77775 0.0299159 388.617
-59.6826 0.0720837 1.6073 8.41715 79.1539 18.0004 16.6283 65.0128 5.61185 19.8077 11.8893 19.7526 8.72902 2.83489 0.212635 4.64856 2.12421 11.6422 5.40159 5.29777 18.8292 110.713 164.171 5.35038 18.098 10.5524 6.13572 29.0078 0.0174547 388.304
-65.628 0.46929 1.67319 8.15668 82.375 19.5916 17.4998 65.1283 4.06899 20.0255 3.89074 20.1382 9.12351 4.56337 2.81306 1.9999 0.879685 16.4325 3.48333 7.79887 14.9941 107.547 164.538 1.04923 3.80361 34.8379 6.15988 26.8025 0.0309304 387.772
-65.8268 0.472203 1.59596 9.45236 67.6322 25.5825 16.9517 65.6371 13.9201 14.8377 7.18207 15.2282 8.31975 4.70308 1.84846 0.305435 2.80337 17.5839 7.11584 4.85817 20.9193 108.18 147.313 21.6405 4.42351 4.61992 9.13519 17.3294 0.012633 383.005
-67.1532 0.581458 1.56358 10.0081 61.7824 18.6119 15.9688 70.6469 18.2007 13.0557 11.4966 18.6717 4.48216 2.02809 1.30809 4.94265 7.32094 11.7802 6.26597 9.05226 15.2376 112.086 153.763 17.6201 20.3472 3.03524 18.6176 20.7315 0.0191108 391.839
-67.1532 0.581458 1.48116 9.94349 61.6227 11.3816 18.0639 76.0626 27.7458 25.6422 8.84911 10.8065 3.9245 2.12104 3.12169 5.89198 2.57387 8.35262 3.38061 20.4259 10.2204 112.086 152.412 6.11119 8.86318 20.4047 15.2115 3.12159 0.0417492 395.949
-67.7231 0.513556 1.7466 7.98961 63.6895 11.3816 10.8808 80.6758 18.6443 13.1959 6.31054 22.6318 5.35633 2.12104 3.90687 2.48958 5.57772 7.79042 5.21197 20.5033 10.2204 108.133 166.291 6.11119 7.78636 18.5946 7.59813 14.6314 0.0707628 392.172
-67.7231 0.513556 1.7102 8.41996 66.7148 4.8999 12.3588 84.3718 16.6865 11.8693 15.9677 38.4364 5.23272 2.93885 0.681821 1.14315 2.11014 1.78249 8.20891 21.1068 13.3192 95.0057 163.762 1.45482 17.5177 12.0208 7.13455 15.0049 0.0724125 398.655
-67.8015 0.548886 1.69907 7.89246 65.7901 5.13018 16.8542 84.3718 13.2521 15.2897 2.41889 31.4789 5.22028 4.78063 3.95832 1.38595 3.33482 1.82512 17.0351 17.3635 14.9097 97.3178 165.789 9.07883 1.94884 5.017 16.5481 2.808 0.0379887 393.471
-67.0114 0.583011 1.67402 7.74937 68.2096 3.59867 16.8542 87.6814 14.9473 12.5292 9.66487 19.6032 7.51752 2.30127 2.08743 2.1485 3.21795 9.52673 9.96644 14.3635 11.8725 95.6272 161.852 20.8093 6.89575 13.0196 34.7164 24.1338 0.0384345 393.916
-67.3146 0.547811 1.68643 9.79234 52.6172 6.9636 21.0947 89.0723 22.6315 13.1008 15.4447 14.0749 5.04473 3.14836 1.48864 3.81095 6.81821 23.6608 7.60498 0.80529 12.9777 90.6926 167.526 15.5437 6.21879 9.85899 14.3173 3.15775 0.0462105 396.439
-66.2999 0.457052 1.7397 7.99867 62.6811 13.4697 17.8368 83.465 16.1986 10.7326 7.07387 19.5834 9.0634 5.29526 6.33621 4.43535 3.56165 23.9013 6.46761 4.16961 6.94494 99.748 163.107 11.1787 4.51075 15.7762 5.48867 10.1164 0.0420552 392.087
-63.9827 0.375005 1.52947 9.54541 65.938 13.4697 17.7545 83.341 9.97584 9.93578 3.74166 23.0455 5.15094 5.21254 1.74329 4.59195 3.75525 14.6378 6.46761 15.4471 6.15815 93.8906 168.351 15.8986 4.41719 18.9292 2.69778 9.73861 0.0604628 394.436
-64.6462 0.435407 1.3517 10.5468 64.8903 13.3625 10.5819 99.6033 1.01157 1.83495 12.1154 26.1017 6.83182 8.63997 3.60866 2.39302 0.802611 11.8239 3.21431 1.63059 25.2175 88.0115 172.978 14.2252 23.1254 12.3495 10.0024 13.2786 0.0217427 398.148
-62.3663 0.186889 1.67693 10.1436 75.6823 13.3625 6.62083 105.947 0.478304 4.23051 3.86036 30.6251 3.63352 11.3295 5.11859 3.13759 1.49756 7.84167 1.07546 2.82769 28.0735 98.9422 134.869 47.1307 26.6865 0.969116 4.31248 13.0518 0.00154294 394.773
-61.7322 0.162179 1.64114 6.59242 81.634 12.8106 1.17971 92.0239 6.99484 2.13439 13.5888 3.13258 16.3495 14.9576 9.04834 3.76336 3.86839 12.2566 1.07546 4.20005 19.5434 113.721 138.153 29.5462 3.62315 8.04511 18.9148 25.4415 0.00303606 391.208
-61.5244 0.180357 1.63157 8.95051 81.634 13.8042 1.17971 92.0239 3.39291 2.2904 3.67363 12.0721 24.1563 6.99475 4.70847 4.05003 2.15439 7.67566 0.313717 21.4436 4.97197 118.761 146.15 30.5456 4.6019 12.1015 3.2036 19.3502 0.00296626 388.42
-61.5113 0.152197 1.65978 8.12169 81.3924 13.8042 9.88176 88.248 2.4839 3.22639 11.8646 11.4088 0.649943 12.3139 9.19051 10.3854 1.98931 11.8084 1.7342 15.7418 14.8248 116.39 129.368 27.9742 12.8624 6.32397 11.4772 27.0931 0.00927769 390.919
-61.8877 0.161708 1.75886 7.53279 80.555 13.8042 9.88176 82.8116 0.736356 5.60209 12.8569 19.2282 1.03008 3.36296 8.37599 11.0161 2.47647 9.66727 4.13287 12.8093 15.9192 115.254 142.889 18.595 9.73357 12.2038 15.0659 6.44363 0.0265935 387.676
-61.8309 0.10305 1.7324 7.23017 77.6601 12.0348 14.6788 81.7706 12.3903 13.7866 1.28671 9.18886 6.98403 7.2456 2.25431 5.947 0.286351 2.85976 6.46568 8.55546 44.2344 110.907 141.524 18.0829 3.89271 18.9716 6.73153 12.2927 0.0207536 392.689
-61.8352 0.217527 1.72484 6.84648 78.5016 12.1113 9.68832 87.0677 15.4317 13.0651 2.52063 1.23173 20.3888 7.66084 3.97535 8.07756 1.71454 0.254783 4.60174 12.9813 16.6289 121.874 123.215 39.9222 8.67099 3.39042 5.91632 6.03503 0.0128103 387.842
-59.3231 0.084676 1.507 10.4414 78.5016 9.31699 10.3149 78.4395 14.3148 10.1247 3.22994 11.2215 20.3888 5.80508 2.96524 7.08397 1.04297 0.125417 8.67078 4.61486 32.1581 117.05 121.064 43.3309 3.5752 5.22287 31.3378 4.06611 0.00619975 387.889
-58.6971 0.0374062 1.51368 8.59914 78.7815 9.31699 11.5111 73.6294 16.0866 9.19739 8.60145 15.2771 18.873 5.90975 3.12618 4.66592 4.05022 1.3296 5.56941 0.391698 45.9268 117.168 119.273 23.1823 7.78085 5.55132 13.7899 6.41581 0.00403445 388.576
-60.8442 0.14854 1.63055 8.23121 78.7815 10.1807 14.7938 66.5516 17.5897 9.90464 9.35764 13.6356 4.98475 5.72091 2.29656 10.7999 4.05269 2.284 4.53101 0.999748 46.0485 114.748 120.365 50.2594 3.52122 10.2744 10.5566 9.89364 0.00248418 386.016
-60.7624 0.141794 1.5861 8.6905 78.7815 6.55676 12.456 77.6096 16.2147 10.3915 8.62022 18.7632 8.44371 10.5995 4.14522 4.80924 2.80419 2.64493 3.96909 0.999748 29.5137 102.104 120.989 66.5424 11.2862 6.83485 6.62199 0.533713 0.0100368 389.98
-61.3107 0.225615 1.62182 9.15349 78.7815 6.55676 7.43639 80.8851 21.7225 10.3705 3.8594 26.3818 2.79176 10.0282 2.43017 4.06796 2.15652 11.3007 8.26077 15.1263 32.9089 102.377 116.129 42.7716 3.48849 3.79994 12.999 1.13602 0.0182504 391.08
-61.5494 0.274879 1.38778 8.29139 82.6143 6.55676 2.24717 85.3359 20.2448 10.4394 1.62605 14.5927 15.2995 0.401859 10.1436 4.39768 1.34882 4.08553 7.81163 5.52088 34.5087 102.846 129.78 15.4201 29.8927 3.61396 5.5484 47.1196 0.00718513 399.142
-58.9459 0.0945508 1.53667 8.06845 91.0139 6.55676 2.58256 64.6328 35.1398 9.87714 1.62605 17.2359 7.53332 11.5457 0.438013 3.08249 2.51834 1.95672 11.3415 2.7506 28.0402 92.5933 146.513 53.3971 1.36425 13.1492 9.70947 16.3257 0.0173747 394.619
-58.8564 0.0570035 1.58605 8.10808 81.6597 7.24348 2.58256 54.3968 35.5524 12.4521 1.62605 17.2507 11.7796 22.3579 1.5246 1.68973 1.9864 4.59474 6.72851 11.5554 23.0837 104.2 155.07 18.1277 21.0679 1.73936 7.89773 15.4893 0.0288283 389.731
-59.0041 0.0577073 1.54428 8.693 15.8547 120.105 7.79131 12.2528 35.5524 3.08178 1.84084 23.516 3.39832 18.7399 2.60555 1.68973 1.85488 2.74073 3.94174 9.6035 25.6967 111.967 150.886 15.2626 5.50204 12.5781 1.81421 20.7058 0.0288569 386.451
-59.5899 0.121973 1.51617 8.33611 15.8547 120.105 11.3983 6.03056 39.309 14.0596 3.15446 11.3407 3.22435 18.7399 2.46427 3.26706 2.04619 10.976 2.99505 10.6063 16.1518 111.86 154.81 11.5102 19.6413 13.0363 5.31452 20.9268 0.0309588 385.778
-60.0115 0.064674 1.65892 8.08445 16.4654 120.105 14.3543 13.8404 34.3411 16.212 5.66482 10.3957 6.28205 5.10227 1.96946 1.66759 3.98762 10.6566 2.50142 14.2017 14.6012 117.947 147.939 9.62543 4.41952 18.5497 26.1683 7.27825 0.0174321 383.689
-60.9204 0.0676164 1.81635 7.53445 16.4654 120.105 30.2635 4.18402 27.5028 16.2648 2.95504 10.8011 3.83812 12.4435 1.66949 2.51259 4.36301 10.516 18.5436 20.8205 7.14148 121.177 121.011 26.2772 19.4684 10.2639 2.13863 4.93937 0.0321927 392.662
-59.9731 0.0819523 1.55471 8.5531 16.4654 120.209 23.0741 3.24935 27.9204 22.0088 11.2942 8.78652 4.16996 8.66966 2.36874 4.94965 4.35743 3.11492 27.8967 4.44047 7.68186 127.683 129.206 26.2831 19.4684 5.61473 9.28861 8.01649 0.00977598 389.88
-60.1114 0.0689351 1.53289 8.93006 16.4654 120.209 14.1704 7.94627 31.7977 26.3212 12.6168 5.06249 4.18711 1.36098 4.0139 4.07961 2.27457 5.16632 23.8762 2.6537 11.8571 114.242 142.831 25.8999 6.02777 8.22737 5.43806 15.644 0.0354844 384.723
-60.5807 0.0931785 1.58598 9.40933 27.3617 111.858 7.72119 7.94627 31.4703 24.1383 8.73511 17.3246 4.93445 1.42389 3.14068 3.85284 0.893154 9.09103 17.0839 5.72218 11.4371 113.036 140.685 28.1911 2.0607 25.4529 3.49964 13.7771 0.00796146 389.217
-59.9922 0.0491049 1.60815 10.034 29.9867 95.974 24.2056 6.79485 29.2345 25.3622 6.01562 6.96626 15.305 10.4482 6.02123 1.86232 1.05741 8.15812 7.37962 10.7301 9.76941 125.005 143.272 6.68975 4.63523 24.4245 2.55324 4.91288 0.0111428 390.297
-59.6483 0.025477 1.74406 10.034 29.9867 95.974 24.2056 12.9054 20.396 15.5372 2.40851 4.44513 21.947 12.7568 1.87044 2.77253 5.28546 6.95444 9.45786 15.8922 7.71544 127.685 140.889 8.98306 6.75482 11.4094 6.74463 7.44747 0.0120027 389.714
-61.2831 0.0446256 1.97102 9.75164 27.0137 99.4671 13.8897 17.2656 34.0939 4.52424 3.55411 3.35594 26.2868 14.0057 0.848502 0.63131 4.71816 20.584 3.90691 14.6042 2.09979 121.04 147.713 11.9202 11.5301 19.432 1.73508 71.2809 0.00963553 401.183
-62.4688 0.19999 1.73721 8.07979 38.5135 99.3891 9.5995 15.9222 24.1457 3.75596 0.212264 1.01001 33.1414 12.4812 2.90925 5.2913 2.40217 20.4499 2.17251 13.1071 4.27939 104.437 170.487 10.7999 13.8372 9.32182 6.67534 34.2677 0.0146727 390.735
-63.2636 0.213221 1.85249 8.19483 27.7394 111.133 12.4907 18.9729 32.1096 5.00391 0.472894 1.01001 22.578 10.3685 2.51822 3.04204 0.250927 24.3903 10.9728 1.30719 3.17224 105.26 169.779 5.95486 5.19275 13.1341 1.29136 0.959198 0.00515673 393.285
-63.7024 0.255775 1.72073 7.8884 27.7394 111.133 12.4907 23.3906 25.3076 4.60191 0.5545 3.3181 22.578 8.77639 0.712496 4.73656 2.66547 24.521 11.9008 0.183903 1.67736 108.032 166.631 7.65657 3.34146 40.3024 12.03 11.2842 0.00622633 392.442
-64.7443 0.351689 1.7058 7.74007 27.7956 106.026 6.05927 30.6832 33.9844 7.6144 0.925111 12.0703 7.04939 5.91823 1.61451 4.23287 13.5338 24.3222 11.7299 10.1333 7.70218 96.1335 161.768 4.66256 5.58715 22.8647 1.31996 12.2372 0.0293653 395.248
-66.5551 0.562053 1.53223 7.86467 30.0641 95.7571 12.0446 18.4765 27.4156 11.838 0.93382 22.9217 8.72632 1.09123 1.32566 10.5891 5.168 24.3222 11.0653 18.5431 4.04791 94.8004 161.792 8.36519 3.47106 18.3688 21.8261 33.8745 0.0156453 396.52
-65.1748 0.495508 1.43883 7.90318 30.0641 95.7571 16.9317 15.6802 29.1963 17.3486 1.86286 11.9688 5.83428 6.9851 5.9736 4.0349 3.24983 10.5754 10.9063 18.5431 5.99949 108.699 165.151 15.3186 6.74897 7.71043 12.0623 31.7481 0.0149081 390.557
-66.8342 0.526522 1.68031 8.05037 28.5095 102.696 36.6403 17.5878 2.99304 18.9788 4.7293 6.78546 2.0741 12.948 1.007 0.80171 8.88346 27.2652 9.75305 10.684 5.50172 101.048 165.161 13.6713 4.50046 13.6843 10.9424 60.8968 0.00717879 390.708
-65.8855 0.486069 1.67707 7.97097 29.0057 102.696 44.637 16.2695 4.54288 19.6042 8.44613 2.32886 3.76193 10.8796 3.68286 2.0207 2.88132 21.8222 3.62746 7.07172 6.24834 110.206 165.03 2.70009 3.92135 11.8884 18.6727 23.5819 0.0134493 384.653
-66.3702 0.478823 1.67977 8.18954 29.0057 102.696 44.637 15.723 5.12999 24.1699 6.4506 5.2945 1.15857 11.2029 6.05789 1.71823 2.34777 7.69955 7.33383 7.16701 6.42087 110.845 165.149 11.136 1.90154 17.9877 18.3425 31.3383 0.0387111 385.795
-66.3297 0.480506 1.7402 8.06056 28.6746 103.558 27.0022 12.0357 28.3677 27.5157 4.58615 4.89006 2.26177 7.37553 4.06262 2.35931 2.27984 5.80764 13.2682 7.02334 6.41686 105.106 165.48 19.5656 7.27144 9.22135 19.5125 38.0955 0.0338892 386.317
-67.3982 0.428464 1.78576 8.22274 24.4591 105.856 17.4317 12.228 31.6332 27.5157 5.69874 14.7156 2.26177 5.33678 0.343134 3.36253 1.60086 8.94449 15.0456 10.8191 11.0478 97.4762 165.438 7.2059 18.0552 1.04148 18.5394 9.49027 0.0333308 390.617
-64.5076 0.40383 1.61162 7.72603 24.4591 115.187 14.2327 7.35347 26.2197 25.8936 6.783 4.67749 5.12448 5.12902 13.6309 6.54854 1.46342 0.969939 16.6286 7.67954 20.648 99.1118 152.991 19.5345 5.79137 13.3297 3.67034 11.9671 0.030271 392.672
-65.1721 0.354189 1.74718 6.0768 25.5271 113.865 19.6699 20.7075 15.5859 27.3128 13.3239 0.960614 1.05377 5.74173 9.29396 7.58092 2.63511 4.40277 5.30136 3.77607 18.081 103.221 162.397 12.8624 15.6915 20.1638 12.5537 12.8479 0.0356202 394.745
-64.4406 0.373842 1.69201 7.27652 25.5271 107.007 19.4592 15.1911 28.5452 12.7339 13.6168 5.61051 4.98221 3.6824 8.17542 8.07613 3.4648 4.06864 3.2022 11.3061 12.2105 99.9896 174.39 12.721 15.3719 1.04809 10.1876 23.0447 0.0302127 390.397
-64.0238 0.385196 1.53302 8.70794 25.3984 107.007 16.4518 1.99262 43.6618 11.9915 21.6149 4.75534 11.4598 4.61879 14.7247 4.44273 4.04731 8.03269 8.02803 8.65029 1.67645 94.7411 166.77 11.7345 7.71454 2.74465 10.8994 20.0225 0.0157056 390.89
-62.2798 0.279761 1.48245 8.61372 30.9046 98.3154 10.2617 7.89401 43.6618 11.8917 20.7515 2.70681 13.0864 1.62098 6.43272 1.20625 3.12725 3.12113 15.0614 3.57343 12.7809 110.454 164.332 7.16212 17.7508 4.65564 16.5629 12.9863 0.0838011 387.261
-62.3724 0.246955 1.50895 8.8495 32.8417 92.7392 10.5436 11.2675 50.1063 5.92722 42.1294 1.95138 4.3314 3.43298 5.78403 1.10002 0.570323 2.24695 14.7339 8.21395 4.98574 103.508 169.117 9.43457 21.6462 3.83216 16.9698 12.5289 0.0166566 388.746
-62.0362 0.241205 1.56025 8.72048 34.2816 85.2702 10.4316 10.8673 50.1063 5.05549 42.1294 3.12229 4.3314 1.26602 6.04242 1.10002 0.92839 1.80628 8.04777 4.94258 9.75394 107.023 176.338 18.882 11.8627 3.1217 9.16778 42.4933 0.0528156 389.694
-63.4565 0.268296 1.63185 10.7268 33.5908 82.7229 6.84417 14.7614 51.9406 3.14108 32.5908 6.00791 0.882342 6.27541 10.0625 0.63592 4.88442 8.63242 3.32213 5.06594 7.16978 117.489 165.8 10.5006 21.7261 1.11419 15.5487 53.1686 0.0256625 394.483
-63.5642 0.330388 1.50342 10.8565 34.5848 81.8232 9.16574 28.6525 38.1432 2.14324 24.252 11.2747 5.32743 12.1474 4.60272 2.87359 3.20323 8.06224 9.40224 5.57901 7.64922 104.649 166.464 13.5659 8.72647 9.81301 14.1984 2.88455 0.000662835 385.824
-63.5642 0.294512 1.69859 9.7369 37.1885 77.8075 3.93062 33.2418 30.6979 0.913136 14.9243 40.0883 4.93829 0.412917 0.0993402 2.69457 1.14025 8.11872 12.4763 23.9981 7.23152 99.14 164.583 2.451 0.404192 16.7235 17.6742 45.4326 0.0129745 395.963
-67.2792 0.524498 1.69948 7.64385 38.918 83.2018 0.863674 37.4077 27.041 5.31817 10.108 33.6133 5.50534 1.90404 2.13528 4.59223 0.562343 1.20465 10.4579 30.0078 6.92238 90.9927 170.682 16.8293 10.7306 14.1968 9.73491 7.277 0.0177491 391.652
-66.7647 0.531816 1.66258 6.95132 44.1958 69.3113 2.40595 44.5507 31.8662 7.32058 7.18281 36.597 10.6927 8.37313 4.29987 0.688017 1.29677 6.93568 16.0545 25.5888 4.58056 69.2494 160.79 20.3886 18.6462 14.0684 1.16848 4.97764 0.0367368 399.467
-65.9449 0.287483 1.90988 7.78308 46.2573 75.7124 6.49209 41.193 21.6722 4.26594 8.5788 36.597 8.10838 6.24402 6.78383 4.99106 1.76177 6.25752 14.5291 25.6694 13.5819 74.6824 138.712 33.6695 14.6714 6.91828 7.14595 5.37998 0.0439765 397.224
-64.2046 0.254237 1.81963 8.54701 40.927 75.7124 11.5897 46.4306 8.1751 14.2571 2.7085 34.6806 10.254 6.02751 7.62191 4.75204 3.42859 3.46584 17.5626 22.0135 18.8766 72.0822 142.437 35.2024 22.2162 4.69841 26.5278 5.74339 0.0428934 403.103
-63.7564 0.183144 1.93069 7.51803 37.7374 92.1177 11.5897 26.2415 22.2631 10.8486 3.61793 6.86363 30.2388 2.16655 13.0191 3.51315 1.18442 5.71183 17.5447 11.8573 21.8918 88.4608 146.488 15.986 17.708 6.21165 7.42652 2.45874 0.0537802 394.882
-63.4174 0.271364 1.74047 7.77106 41.4694 91.2719 7.72924 24.1768 24.7819 12.6869 3.34829 7.61089 26.8323 4.54739 6.5469 8.04901 1.05085 5.77672 17.7197 8.64912 20.7472 89.3235 152.2 23.2206 17.2847 8.44592 5.22531 2.36802 0.00920236 390.501
-62.4871 0.23351 1.6281 8.28315 41.131 77.6316 6.1873 42.8586 28.6661 16.4431 2.94239 9.88487 23.1287 8.61324 1.70278 12.744 0.24409 5.81673 1.04879 11.1413 22.3135 84.8492 156.503 22.1741 18.3617 5.96671 10.3066 17.1673 0.0307847 391.305
-61.9222 0.248546 1.70412 7.1931 42.1278 77.6316 6.1873 33.7842 41.5941 2.85878 2.22267 6.72311 12.0723 17.9293 6.57854 11.1184 1.50713 7.5373 11.1382 17.4365 5.51425 103.38 145.91 16.7373 17.3316 2.5632 7.12945 0.424399 0.0088952 393.567
-61.6241 0.277066 1.58954 7.62136 42.1278 79.2473 6.1873 14.6929 47.2448 12.8561 5.62309 20.331 6.95482 16.9148 1.89394 2.5071 0.433705 1.37263 14.5133 20.0289 22.3157 92.9095 148.211 21.1586 16.7626 6.49044 16.2933 5.5089 0.0159121 392.485
-62.2918 0.212477 1.61165 7.97749 43.7428 82.0575 10.7855 20.4891 44.5878 4.7189 2.34994 15.9258 10.1451 14.4448 8.03707 0.35225 1.53431 9.03714 14.7255 11.6701 30.9148 80.1273 147.733 19.1419 23.7817 10.1807 1.52271 30.5737 0.0420333 390.913
-63.5415 0.207871 1.77184 7.7748 43.7428 78.7196 15.9395 24.865 39.4281 11.0004 5.77824 11.5349 9.68822 14.4224 10.8004 0.35225 2.30675 1.63276 15.856 1.30859 41.9909 80.2759 148.407 15.8239 18.0024 7.46229 6.89479 34.7502 0.00691784 389.923
-63.3877 0.213984 1.77555 8.0706 45.737 71.6021 19.0959 22.1929 40.3881 8.288 9.67033 18.1857 11.5688 11.2984 5.25329 3.55432 4.20886 0.184447 11.6573 3.46037 41.9909 79.5448 162.723 0.683635 14.1163 10.8619 9.72318 23.6735 0.000836719 391.942
-62.7146 0.219381 1.74024 8.25154 45.8867 71.6021 20.6587 16.6298 40.3881 4.41129 10.7387 17.1271 12.2553 7.73696 5.38645 3.12106 3.71239 8.54716 24.7706 2.64598 21.8924 81.4989 155.964 17.5092 8.70553 2.40258 5.74543 14.5558 0.0273311 385.875
-63.1695 0.211419 1.79478 7.93886 33.8113 92.5375 17.1946 16.4233 38.7099 8.85833 11.2455 17.7034 5.70836 7.92307 3.17606 2.51858 2.63686 20.7549 20.0839 11.7743 10.1404 81.4989 152.855 14.9143 13.3994 3.36702 28.8788 30.7489 0.0314239 388.506
-63.7885 0.19216 1.79445 7.86442 44.8594 69.7987 32.4999 15.1761 29.1672 5.84667 2.31525 17.7578 1.6804 13.1552 4.02639 2.06708 2.91554 24.3666 28.5571 9.68604 5.68774 81.8792 152.855 30.9521 24.9163 3.64235 6.83855 23.439 0.0175115 397.731
-64.7688 0.350225 1.72531 9.38226 39.6586 85.8458 31.1726 20.4146 25.4766 6.3622 18.4459 7.8488 2.14808 13.5112 3.63469 0.145387 2.02299 15.0537 28.5571 12.625 8.08351 81.8792 152.855 28.698 19.6132 3.51308 13.8744 34.261 0.0338944 396.519
-64.7745 0.352037 1.77578 8.89657 37.4566 94.101 27.7501 11.376 22.8811 10.3831 24.2323 4.88067 5.65042 7.06966 2.88018 7.094 2.57498 10.2681 35.4659 6.75481 5.93437 81.8792 155.822 22.9675 17.9583 5.58686 10.3907 17.5409 0.0506929 393.583
-64.2802 0.294376 1.78117 7.50793 39.2991 84.2126 25.2844 18.2853 19.2692 8.61069 23.0877 5.80253 11.0037 14.7404 2.23562 1.49733 3.1833 12.1143 35.4659 7.22149 7.16663 91.1759 151.751 14.6893 6.479 6.19657 5.15583 4.96915 0.0332359 388.954
-62.7273 0.283818 1.656 9.18245 40.0971 76.4864 39.2664 12.222 19.2692 10.3513 20.0037 9.06202 11.4326 11.6161 16.8366 5.43512 1.58561 4.48759 14.0037 6.22376 11.0417 91.1759 157.648 11.0471 17.5723 4.39556 5.38882 9.2436 0.0530946 394.387
-63.6403 0.255015 1.7762 7.45058 43.6943 71.1002 39.2664 5.13211 40.3764 2.76046 14.7269 5.81354 13.4439 14.9378 4.74569 1.13507 1.65086 6.95303 9.27359 5.11739 26.3227 94.0515 156.903 6.80166 13.7025 6.64545 13.8607 18.8049 0.0533073 389.642
-63.2544 0.260728 1.74877 7.59581 43.0641 35.6087 31.6635 46.1355 40.4359 3.74315 4.3552 6.2404 9.63228 28.8797 8.01456 2.04721 1.0311 3.60758 11.7382 1.30926 19.4657 104.259 163.993 12.7622 2.25421 13.9384 12.5918 38.4223 0.0177252 389.578
-63.7019 0.29374 1.79752 7.89324 39.6377 32.2221 23.9968 51.7941 49.6888 14.6422 1.35854 2.56516 14.2029 21.7448 1.50866 1.04668 1.28994 8.58992 3.52439 4.62762 17.6077 117.174 151.801 5.61903 9.16487 20.3302 10.1673 14.0819 0.013779 390.971
-63.9496 0.364263 1.61851 8.00272 43.5724 32.8943 20.3921 51.9745 43.7098 3.36642 12.5033 0.683451 15.5966 20.8932 0.896647 0.530674 1.3813 17.5849 0.583496 5.81783 23.3837 117.174 142.57 23.8048 9.1906 9.07812 14.6898 2.00317 0.000595055 390.992
-64.0797 0.40996 1.45076 9.77106 36.5076 36.4228 35.405 51.3525 34.3765 5.9677 14.9841 2.00998 3.43299 21.8307 0.528302 0.46504 1.64762 7.58056 5.94172 5.88492 24.0763 119.709 149.074 24.0824 14.3147 2.95999 1.98687 25.7935 0.00348625 393.552
-65.6345 0.411829 1.67902 9.94012 58.5884 45.7803 36.3478 50.7232 2.6781 3.8278 12.6737 4.22554 4.81174 22.2501 0.359761 4.38734 1.65333 11.2495 6.78808 2.42283 15.1835 110.944 150.921 26.8472 4.7325 11.4734 11.0064 33.694 0.0252188 386.949
-65.2176 0.325315 1.73596 9.5891 56.4811 53.4176 28.6423 48.1348 2.19686 3.52299 12.1072 8.93186 13.4972 13.4069 0.287806 1.74286 4.74356 11.6395 3.75496 4.38045 30.219 107.186 154.502 18.9849 4.7325 3.1124 10.3808 7.73163 0.0190842 386.894
-63.7915 0.253225 1.68847 10.4954 50.3064 58.838 32.8856 48.2375 2.63112 4.64772 6.73764 4.10275 15.3187 16.179 3.54587 0.595494 2.0781 17.2664 3.24588 7.45567 22.9924 101.921 148.19 31.8098 5.01664 6.96927 7.71911 9.95557 0.0280053 388.133
-63.8397 0.248659 1.78467 9.49444 59.4547 43.4653 32.0299 43.3328 18.4396 6.92545 7.5267 2.08997 13.5014 19.4037 1.04398 1.63026 2.72022 7.726 7.12957 10.4589 27.8634 92.9564 158.269 20.1315 19.5697 19.6863 2.54502 11.5971 0.000642338 388.131
-62.4523 0.296907 1.52502 8.21899 61.6414 48.5848 36.5659 28.4745 17.039 5.35417 6.18743 10.9665 23.565 7.22564 0.945988 4.70648 3.08226 5.66139 8.41347 9.0105 21.3288 86.653 171.33 21.2729 7.57205 20.5556 12.9908 2.18807 0.0418124 388.146
-62.612 0.239772 1.63524 7.65292 60.516 48.5848 35.0611 34.7032 25.7845 1.3884 5.66804 5.67449 15.1664 4.75529 5.16296 4.2452 4.19457 1.70576 12.4253 12.4959 32.1131 89.041 171.33 4.593 10.1333 17.9709 13.8388 8.12894 0.00802166 389.071
-63.0002 0.278859 1.60055 8.24246 62.3683 43.9853 41.7017 34.1224 12.5345 1.3884 11.305 4.62771 7.58126 21.3212 1.3545 5.61486 0.819819 19.1523 12.591 1.0577 21.7843 87.6413 171.738 7.43792 15.292 26.392 8.68954 15.5169 0.0197065 389.083
-61.7424 0.264298 1.61434 7.85949 59.1136 43.9853 53.9007 30.7759 6.55651 2.32987 14.3238 7.04051 6.77041 17.6757 2.57228 2.34552 1.76746 22.4997 21.2548 1.0577 7.85742 98.8776 158.872 11.3049 4.21719 20.8873 12.4816 16.198 0.0404173 388.379
-62.6885 0.245336 1.53241 8.87241 62.7531 50.8286 38.475 34.3349 7.71675 1.48506 6.18731 7.65546 6.41039 22.5247 7.76687 1.2451 1.44809 24.5605 2.45729 8.93638 20.194 98.3444 157.264 14.0822 9.22443 18.5452 18.7778 72.6448 0.0464948 396.195
-63.2899 0.287787 1.53749 8.87132 66.5388 38.9759 42.6991 32.8579 8.8853 1.48506 4.62841 11.6701 21.4304 19.1465 5.04187 7.48111 1.38067 26.058 5.43559 10.6008 15.9946 91.7896 143.497 5.08269 31.8781 1.61792 11.8297 43.4985 0.0442844 394.466
-63.3123 0.283082 1.555 8.82461 63.4445 39.0909 43.6506 32.0232 12.445 4.88002 10.9959 5.40785 1.77327 18.825 1.85937 9.7642 4.17604 18.2639 22.5937 9.62664 14.5129 95.5189 137.119 34.9608 9.54454 5.73115 10.0662 15.0654 0.0423348 388.087
-63.3123 0.322892 1.50083 9.46611 67.4789 38.2403 33.6823 34.9795 15.9356 4.88002 16.1326 22.793 4.22736 8.31365 3.2671 13.1162 1.11918 22.9473 8.66562 12.8832 11.1078 94.3549 129.096 40.0149 4.29808 6.13819 9.81967 5.77077 0.00498124 391.437
-65.3066 0.39972 1.45938 7.72551 62.1741 40.1753 38.8235 35.3127 15.9356 2.76297 13.7409 23.3335 2.17351 13.098 3.38133 7.38762 1.27256 41.7886 7.87656 4.36379 8.61632 99.2187 123.541 35.0709 5.98446 13.4261 3.64197 5.77077 0.0201312 399.961
-65.4028 0.489136 1.42045 8.74029 61.3206 40.1753 47.3477 35.3127 15.9183 2.73427 5.49596 16.3664 5.29924 10.173 5.58416 6.14333 1.27256 41.7886 2.94714 8.80371 8.61632 95.3706 129.38 40.0157 8.82426 12.4923 31.3648 13.1481 0.00948336 396.269
-66.1123 0.474205 1.56931 8.75379 64.9022 38.3361 30.8449 39.871 9.84527 5.11473 3.78653 7.33211 14.9273 9.57237 4.62803 7.57136 2.58578 38.9267 17.9006 7.82063 12.5421 95.4897 112.882 43.1872 9.30036 10.8741 19.6841 95.5798 0.00845984 402.45
-66.1123 0.455675 1.61648 8.49561 64.9022 38.3361 30.8946 39.7222 9.84527 5.91225 22.0006 8.50241 18.1427 9.17393 3.44113 5.34367 2.03245 23.3679 15.6352 7.75337 11.0945 97.0712 126.051 42.6019 4.5654 10.1176 14.817 31.5086 0.00179176 389.723
-66.0678 0.470871 1.63816 8.46061 64.9022 38.3361 7.62441 57.2439 12.4464 6.75133 22.0006 14.9522 10.4237 11.6395 0.233445 3.94678 4.16558 11.4342 18.5873 12.4598 1.78852 98.3456 167.763 24.7385 0.226017 7.4095 20.374 14.1977 0.00293612 393.139
-66.6265 0.567629 1.50262 7.77191 82.8579 12.5025 11.1578 50.7207 28.4512 4.1813 20.5221 20.5135 4.55247 8.26529 15.0755 0.341541 1.32451 1.1162 30.6489 26.176 1.78852 88.8256 149.401 8.87224 27.5046 6.96844 2.62361 53.7992 0.00183432 399.35
-64.8103 0.486347 1.44459 8.88328 82.8579 5.45735 23.9311 44.7542 33.6957 1.63768 13.4849 28.3511 7.68814 7.06918 2.24873 1.83119 1.04065 7.21754 31.2868 11.1454 7.15557 89.3967 164.951 5.08934 3.11818 3.98272 6.97637 9.77107 0.0172102 389.085
-66.2526 0.542012 1.5416 8.11323 82.8579 5.45735 22.3241 44.7542 29.4742 2.64428 17.2066 27.0507 5.77953 8.95624 0.597016 1.93818 3.35477 1.50299 26.245 14.8613 3.05563 96.888 168.379 4.59463 15.8366 20.6391 2.58377 13.4744 0.0135519 388.004
-67.3994 0.536172 1.69158 7.93967 86.3111 7.9454 22.0252 65.5084 22.7719 2.05375 17.0369 28.3807 1.59451 1.00885 2.02445 2.14729 2.93571 1.50299 4.82961 17.9191 8.60122 99.2152 169.413 4.59463 6.521 20.1981 25.4706 20.8068 0.00207856 389.061
-67.3994 0.536172 1.67595 7.63781 79.4943 7.9454 34.1608 51.2602 13.5499 9.28739 18.1099 28.9883 1.21184 4.28616 0.416389 1.18602 2.84004 1.50299 14.0858 19.0528 9.39657 103.245 168.358 3.14625 13.1284 18.3175 3.48516 27.3935 0.0140655 387.301
-65.2383 0.428614 1.60032 8.06392 77.1401 7.9454 25.0306 63.229 15.8225 3.32049 12.3346 20.6109 13.3711 2.41985 1.30666 2.01569 7.02047 3.86571 15.8118 3.63042 8.81446 110.658 174.072 6.36836 11.8501 15.3709 11.7624 36.2733 0.0231674 386.824
-64.3205 0.41934 1.52366 8.59758 77.1401 7.9454 30.8431 63.229 29.0473 7.34733 12.3346 2.94006 14.0542 1.1867 1.18354 6.24872 2.38336 4.83197 3.05014 19.9127 4.19735 110.175 149.618 27.7065 18.1747 11.5112 7.2629 12.2218 0.0227266 387.232
-70.4199 0.865775 1.49533 8.41747 80.0053 7.5121 22.5712 63.229 22.9947 3.10687 25.6233 9.76968 13.7016 9.11651 4.64161 2.81892 1.0755 4.99573 0.222339 13.0991 7.44325 115.335 147.538 20.3191 4.60967 9.91386 10.7128 16.7856 0.00632711 385.359
-71.0388 0.912235 1.57023 8.3797 80.0053 7.5121 22.5712 63.229 16.012 5.93075 13.0069 12.6867 7.3959 11.8029 10.2537 3.85701 2.44411 3.77038 2.76707 17.339 6.79141 115.894 154.911 16.0366 15.5552 3.84946 11.9414 18.2294 0.00245795 386.86
-71.0388 0.912235 1.56285 8.3896 80.0053 9.21173 26.837 60.5183 15.557 7.79911 14.5878 19.8677 6.72005 5.3538 0.89547 4.30015 1.61527 4.13827 4.2673 11.3495 7.945 122.193 154.911 6.07793 12.5906 11.0081 25.3176 6.66779 0.00309289 383.838
-67.3688 0.578358 1.50956 8.59741 80.0053 12.9902 24.685 49.5573 25.3771 3.46739 32.3357 7.49866 4.4177 2.26382 4.28914 6.63161 1.87841 6.6264 9.64287 10.1229 8.9283 116.756 136.472 9.31895 19.2595 11.3317 40.4285 54.8744 0.033782 394.438
-67.3688 0.589158 1.54948 10.0887 73.49 12.9902 31.5305 60.1688 19.5396 5.28304 22.9156 6.38896 2.51397 4.98744 7.32385 1.98736 1.91226 1.54064 4.20657 20.7292 18.1086 125.68 140.826 10.3675 10.7094 6.25052 21.9353 2.77172 0.0142853 386.3
-66.1458 0.589158 1.46396 10.5213 72.8453 14.3888 27.3779 60.1688 24.7996 4.14772 25.7922 2.17412 4.1905 1.91758 14.4821 4.54318 1.72046 3.4474 3.57539 15.6609 12.7717 127.749 138.54 4.15215 10.8985 5.85623 9.30118 19.9155 0.0143816 391.472
-67.7314 0.638413 1.49071 9.98819 72.8453 20.6423 4.78358 64.0271 26.1564 5.45228 19.9797 0.51828 3.9748 5.04547 13.9797 4.57998 1.71009 16.1528 2.61566 6.05389 6.76702 124.965 156.569 24.03 8.77161 15.1043 1.72192 0.843662 0.0191662 391.966
-67.3032 0.573341 1.60927 8.34314 65.2774 31.2983 8.32573 64.0271 26.8878 12.6679 3.62207 25.5765 8.6433 0.946777 1.62319 0.806888 1.70524 7.19916 23.7681 5.25293 4.47089 132.271 131.747 22.4951 6.98121 34.8983 1.42492 8.81115 0.0219109 387.899
-67.2026 0.573341 1.65259 8.36048 66.4255 31.2983 8.32573 60.4365 25.2345 18.5218 1.29466 25.5765 9.37564 0.66999 2.13696 1.31784 1.33449 4.82303 16.7996 9.30036 2.95252 137.162 127.55 19.9333 8.03314 18.6008 20.7917 40.9232 0.00700156 386.519
-69.3857 0.755589 1.58935 7.96003 66.5848 39.8009 27.5728 36.9764 26.9719 18.038 5.8141 10.14 13.3868 0.933986 4.05927 4.54523 2.06968 6.04339 8.36856 8.23799 7.76375 131.419 138.288 8.43269 11.3018 26.7812 11.4927 40.9398 0.0098463 388.441
-69.8453 0.712091 1.6822 8.41506 63.2403 34.2353 38.4506 23.8247 29.9988 17.2562 14.4709 10.6823 11.4978 1.24591 1.53617 9.03604 0.806011 4.60339 7.08193 10.9238 3.10413 124.044 143.283 21.5415 10.2332 9.41226 10.427 39.8931 0.0162706 386.116
-69.8453 0.706682 1.65656 10.169 59.14 42.7989 39.2029 19.3751 34.9028 10.2716 0.700556 1.59828 12.1071 2.13931 1.9135 22.6093 9.84604 1.61678 7.83841 9.81526 12.3113 130.996 136.281 17.8009 3.81255 10.665 7.2726 40.7319 0.00844935 395.058
-69.5025 0.666059 1.60996 9.54818 60.7207 41.5972 24.0072 20.7987 38.094 8.29843 1.92124 7.4049 1.57312 1.53054 8.75303 17.2195 10.4834 8.95859 6.68434 11.1255 10.6206 128.963 139.67 33.6344 5.37717 11.1818 30.1486 37.4665 0.00686991 397.626
-69.1382 0.708265 1.51737 8.62763 62.6884 44.5907 18.0284 23.3945 44.6629 8.47593 11.4463 4.85821 3.50875 0.291132 3.68153 13.2337 4.56464 6.17811 1.00255 21.3958 11.7433 126.637 129.751 34.8088 7.89187 2.93004 32.1272 3.32016 0.0128999 392.177
-70.1866 0.708265 1.52564 10.9356 49.2232 57.7895 24.0187 19.1135 39.5677 6.65153 2.50144 27.8179 4.54896 2.61728 6.11 6.4427 4.83612 2.61581 1.00255 19.3452 12.9002 122.081 133.376 36.7173 3.95454 8.96554 11.6063 20.2513 0.0235519 391.075
-70.1866 0.708265 1.70502 7.14523 56.2172 55.4001 29.201 14.1431 36.0817 7.26391 3.43709 35.2451 1.52639 7.62409 2.52362 3.50236 3.84109 7.7437 1.65068 8.53073 22.4122 116.776 135.582 27.0528 16.6949 15.6432 3.53079 31.8564 0.0401988 389.485
-69.4679 0.740653 1.69047 7.14716 66.874 33.3945 27.0998 15.5267 58.4007 9.89346 2.03527 18.6009 14.3866 7.35933 3.57536 6.42821 6.09175 13.8834 5.34864 1.86481 12.8975 103.744 144.86 19.1583 12.5665 6.25091 20.5657 11.366 0.0193601 390.721
-69.4679 0.645955 1.72821 8.06861 66.5851 33.3945 24.8277 14.1756 66.2167 5.11484 2.44437 11.0287 11.3057 14.005 1.2444 7.64691 4.59467 23.7694 15.2111 7.46055 13.2435 91.7602 143.82 10.5114 9.42232 7.49303 5.68519 9.55479 0.0110364 389.529
-68.5888 0.668471 1.63143 7.79423 66.5851 31.1418 25.6535 5.07037 66.2167 4.29578 6.46516 4.01343 16.1468 20.2925 3.61381 14.331 3.79095 11.5685 1.42398 20.5378 7.00579 101.95 144.124 27.1405 13.0489 14.1079 17.6305 5.12066 0.0130464 393.427
-62.4958 0.267747 1.5515 8.48242 63.3601 36.0449 39.6933 5.35922 48.4515 5.21413 12.5217 1.17265 9.79526 19.0501 4.29355 4.01154 4.55889 10.4563 0.746512 22.6845 12.2402 105.009 144.715 31.3517 8.46429 7.32204 19.0801 19.018 0.00765284 387.04
-62.4958 0.318102 1.42332 8.51993 63.3601 34.5052 39.6933 11.7783 43.6534 5.11576 7.77414 16.8837 7.22915 9.99793 0.649048 2.17896 6.35615 7.15041 1.11868 23.4845 24.8691 102.732 148.866 12.8181 10.088 13.2427 21.1148 19.3784 0.00765284 387.988
-62.2411 0.294852 1.4079 8.94899 62.7357 43.7957 29.6212 11.7783 42.6296 4.80656 9.76612 18.2839 7.42757 14.0902 0.873514 2.7559 1.03115 3.15124 1.14085 10.833 24.9779 119.705 148.958 21.3917 8.39307 7.53294 8.15185 5.80185 0.0309497 385.096
-62.2411 0.294852 1.38858 8.60604 78.1384 16.6314 29.7975 6.17014 63.7621 8.50089 3.49956 14.4781 6.6224 9.13038 3.05333 0.601703 5.6592 15.5341 2.05231 8.88659 23.0261 119.389 139.027 24.5423 12.7297 7.97129 3.16875 22.7644 0.0144485 388.754
-63.015 0.341995 1.53291 7.9461 73.6246 12.28 39.8238 8.2987 64.9054 6.56595 13.8952 17.7973 6.91134 1.77944 6.12282 1.25647 1.80587 5.67801 1.19376 5.39168 25.3624 118.567 132.539 48.6801 4.3257 3.27088 2.78757 34.221 0.0571115 389.73
-63.015 0.341995 1.50101 8.22213 83.7053 12.28 32.9755 3.76667 64.9054 13.6189 1.40367 15.2513 7.06345 1.21819 3.64419 3.85939 4.55204 5.76549 1.84048 7.04887 21.4178 128.722 131.237 27.6027 3.91399 2.70714 32.4931 17.6516 0.0295434 391.704
-63.142 0.312336 1.60984 8.47251 78.4329 19.9752 35.1493 3.92036 64.9054 11.7079 0.49266 0.614658 8.4768 6.68708 3.73745 9.2216 3.4393 3.82402 2.81953 12.2465 28.249 131.522 126.858 19.6242 0.798581 10.1243 31.7791 12.3497 0.00851858 389.385
-63.142 0.308882 1.61817 8.29327 77.2158 11.7232 38.0808 3.92036 70.816 9.71353 10.0347 0.614658 8.46947 2.65318 3.22395 1.90465 8.1918 18.7994 15.894 9.83054 8.06459 115.814 135.738 31.1291 5.2098 3.51683 28.6471 7.89709 0.0142407 388.134
-63.142 0.305855 1.60265 8.18126 79.5484 11.7232 39.7051 3.92036 70.816 6.53687 7.86466 3.86182 8.00254 1.127 4.10903 1.73494 12.5173 15.3845 3.12781 7.36915 16.0231 118.815 131.951 32.7995 4.04566 11.6401 21.4002 11.941 0.0108609 386.589
-59.5287 0.0740965 1.56863 9.54692 75.1192 11.2926 37.4763 2.73121 67.7123 12.243 8.28321 6.04184 16.3772 2.93905 3.69783 1.43494 3.11714 22.7175 1.60836 9.95223 3.77034 123.805 137.929 26.6362 3.59589 3.6576 17.2312 14.4071 0.00397314 385.4
-71.4969 0.821259 1.56267 10.325 76.8157 19.1472 40.7325 4.96774 51.4367 5.63367 5.20291 7.28701 15.5435 19.7304 4.34562 4.36921 2.35123 8.77889 3.09797 4.5274 10.4319 123.805 136.926 24.3211 2.57367 12.874 30.1374 61.9418 0.00395591 391.177
-69.8556 0.789722 1.55185 10.0475 79.9818 1.63137 58.4191 4.96774 56.0917 6.35783 1.15936 18.6096 13.1659 14.4831 4.34562 5.56731 1.50231 6.16591 8.92313 4.94048 1.48522 115.296 150.535 9.83398 16.132 8.98489 18.8537 2.3996 0.0116144 389.972
-70.2679 0.789722 1.54248 8.67236 81.0517 6.7326 30.5848 4.96774 68.472 1.71285 1.79365 15.2113 11.9489 19.7107 6.93193 2.36507 0.658348 1.2412 19.9706 13.4883 5.63007 116.884 151.195 10.5561 6.12542 7.62916 20.623 9.33798 0.00332107 386.415
-70.2679 0.801127 1.55065 9.02747 81.0517 6.7326 30.5848 4.96774 64.8428 1.71285 3.21374 16.431 12.16 17.4093 6.43225 1.41241 1.96711 4.35598 22.506 12.2107 3.19046 117.828 149.214 8.90101 6.2764 30.3576 7.14849 25.7123 0.000402101 391.788
-69.8081 0.698873 1.5708 8.3812 82.3925 2.2546 40.9638 4.33783 63.8331 5.85075 5.15122 11.7452 11.2165 14.854 6.43225 0.450007 0.881042 8.65713 6.74586 13.6478 4.53739 115.36 146.93 24.5128 4.53634 31.2719 5.43431 4.07138 0.00146645 389.993
-69.8081 0.698873 1.57807 8.84254 80.3661 8.5311 39.2605 4.33783 63.8331 22.3631 2.62509 8.57558 8.44308 7.80553 1.29761 2.03356 0.611678 3.67423 21.1957 15.6346 17.5389 111.479 134.986 17.2429 10.1703 19.1028 7.64311 14.3989 0.0085495 388.389
-66.8885 0.574233 1.57739 10.2085 78.6541 7.39265 44.1914 1.28963 63.8331 11.8011 12.6386 5.56314 4.53375 19.2557 2.22489 0.254639 8.87134 2.38306 12.8906 10.5839 7.00509 113.035 146.665 23.6199 0.604403 13.1926 14.2655 12.2626 0.00360165 389.4
-65.0515 0.421636 1.57621 10.2963 77.5114 7.39265 41.0884 1.28963 67.2359 13.2784 8.00348 5.56314 8.95419 13.6553 0.936322 1.89989 7.44264 4.29878 10.5342 16.3124 5.25443 116.268 148.781 19.033 7.39777 6.74973 7.39444 22.1555 0.00908571 384.799
-66.1142 0.543013 1.56257 9.74425 77.5343 7.39265 36.7728 1.28963 67.2359 9.84339 2.71258 8.72809 14.4929 23.6656 0.337606 0.994662 7.69353 1.9983 5.98538 11.7147 12.33 116.268 149.699 19.4203 19.8498 5.90912 2.54914 10.3852 0.0158137 390.052
-67.0275 0.633727 1.55736 10.0686 77.5343 7.39265 38.3611 7.79254 67.2359 16.4426 1.75648 9.45494 3.76404 17.2503 3.16722 0.100861 9.31654 9.29459 3.78686 8.09413 12.306 113.006 148.632 19.4203 16.9653 9.24035 3.90944 18.7803 0.00293647 389.729
-67.9601 0.644774 1.46256 10.6304 76.7078 7.39265 36.0378 4.67644 68.2708 20.1714 3.34945 6.46877 3.76404 18.8329 6.37573 0.145014 4.36425 14.9478 4.10049 7.90187 18.9724 108.002 140.674 32.759 2.90622 14.5674 2.9609 62.1721 0.00164342 393.04
-69.5809 0.746555 1.57466 10.8432 76.1088 7.39265 32.7361 4.67644 68.2708 18.12 5.20633 10.4382 6.38276 19.6951 1.04839 0.381226 2.25406 8.00684 6.91306 8.68102 20.3087 115.697 125.277 49.1337 8.90306 12.2063 10.2228 20.8212 0.00504634 391.16
-70.2339 0.771743 1.55614 8.49216 77.2722 16.3763 17.7671 23.6105 68.2708 15.2743 5.97612 3.19708 5.30545 8.24219 2.5464 0.474665 5.64393 5.28822 7.00116 13.0099 7.85865 142.843 128.37 34.8631 1.80076 11.2153 4.99923 30.7114 0.00817973 387.605
-70.2339 0.771743 1.62199 8.06668 62.0252 29.5196 18.5811 21.4421 68.0033 9.09663 8.33149 8.46082 11.717 4.39948 0.659727 0.741402 10.2115 6.45897 7.00116 13.8758 6.80557 127.278 120.581 52.1526 4.67497 26.9267 12.5982 11.4625 0.01426 391.353
-69.8473 0.777656 1.60281 8.34179 66.6229 32.0099 16.6018 22.0936 62.4464 11.3056 6.25378 19.5296 15.2562 2.21054 5.23293 0.782363 6.34319 7.43271 1.30999 3.59525 11.2924 127.658 120.581 52.1526 4.57719 2.64719 7.78565 10.7906 0.0119042 382.831
-67.5229 0.559426 1.64701 8.31159 71.9945 28.8072 17.9294 43.6896 22.9128 9.43507 5.79029 18.8631 12.916 4.7195 5.16205 0.906355 7.29017 5.12335 15.5165 6.61969 11.8438 122.459 127.934 42.5854 2.62237 8.78485 12.2238 15.3402 0.00213366 383.391
-66.7681 0.53633 1.6154 8.54864 76.4269 24.7898 31.2768 36.2666 35.2354 14.6364 1.69403 4.44599 2.66166 2.01584 4.49842 1.19171 3.78525 23.0996 23.6539 9.67045 2.28104 108.196 140.336 35.0955 6.90207 9.48692 5.82048 43.1407 0.0102064 390.643
-66.8309 0.513157 1.68336 7.94656 73.8924 23.2295 39.3892 35.2823 29.4733 20.4513 2.63314 10.9044 4.78718 2.01584 3.54463 4.15141 4.3783 1.05075 14.86 10.1717 8.59056 123.433 144.373 22.2163 12.8108 1.39857 12.7563 9.86794 0.00564969 383.28
-66.9777 0.53116 1.70386 7.71614 78.3127 23.2513 28.0474 32.4453 29.3329 24.0541 6.41533 14.5208 3.6912 3.30137 1.81048 2.27551 5.84256 3.52612 21.2366 4.71253 2.80784 116.529 141.707 33.4794 9.45146 7.35883 21.6588 8.68131 0.0087558 387.185
-67.1203 0.511546 1.67869 8.13946 69.8972 21.589 28.2105 35.3069 32.0666 18.76 3.42133 23.7262 3.43375 8.80714 0.482807 2.21023 5.26008 0.566455 14.1985 6.20892 2.96971 130.947 122.781 56.6247 1.89086 2.37525 25.9454 37.198 0.0148388 390.299
-66.7056 0.619337 1.5717 7.18251 78.1411 16.7419 21.2369 35.3069 37.497 31.8519 2.83863 12.8322 4.83066 7.68225 0.288468 3.5016 1.55825 2.85102 22.1703 1.56668 2.63588 122.046 128.021 52.8992 4.40643 6.53068 8.34873 64.1409 0.00259177 392.702
-68.9964 0.620416 1.80317 7.68523 83.7993 0.206896 24.0536 39.1131 37.9466 22.5479 3.12523 17.6488 6.55897 2.36062 2.36896 3.8847 5.29976 2.96275 25.8848 3.2856 21.7881 110.25 124.474 53.5752 4.05586 8.35382 4.73812 9.75259 0.00390001 391.071
-70.0795 0.786814 1.53036 8.03622 80.4339 7.71148 24.0118 39.1131 50.9762 18.1656 3.01256 9.08334 8.53969 3.93545 0.709354 1.88067 2.09936 3.79797 19.3946 1.23914 20.5511 126.335 124.474 36.7362 8.77268 11.0484 0.217183 10.7022 0.00522807 385.467
-69.7969 0.780487 1.56021 8.10211 80.4442 12.7569 18.9091 38.2099 44.1313 20.1396 2.82959 7.66014 14.1006 9.01852 2.78551 1.1754 2.37014 2.44612 18.923 9.3166 8.08068 126.218 111.575 44.8924 0.670555 13.9231 12.4753 31.2182 0.0171579 387.575
-70.2444 0.747694 1.61731 8.63513 70.0367 26.1486 17.6193 38.2099 44.5185 15.8338 3.01156 7.52746 10.18 2.95626 7.23075 7.25552 0.852529 4.33429 25.3798 2.80543 13.1127 125.247 134.378 16.7524 3.97122 25.8792 27.963 29.5521 0.0765084 393.495
-69.6001 0.708464 1.66264 8.23297 69.3729 23.6584 23.1072 35.7545 44.6413 15.5886 6.28453 17.4468 5.65759 2.27843 6.48593 3.8862 1.12613 3.85559 9.63558 11.4753 12.5761 100.204 169.895 6.82838 8.63504 17.6307 2.72675 22.9585 0.0323998 384.012
-69.3371 0.708464 1.53868 8.70312 66.1679 31.1057 9.44865 35.7545 44.9091 10.2476 6.68388 19.4836 20.5708 1.88399 1.69798 0.416051 3.98645 4.47606 12.5984 7.8013 19.0152 96.0077 169.87 15.3758 6.02053 16.0508 2.68657 23.1486 0.00449763 383.409
-70.1512 0.750405 1.61111 10.2113 68.6166 28.5072 2.42159 44.225 40.8156 5.70402 6.15553 15.064 19.2934 5.82449 0.499541 5.08493 7.94002 6.69235 10.0197 7.79962 10.6973 107.076 160.515 15.1602 9.67167 13.4817 17.6058 14.1673 0.0250412 389.402
-69.5891 0.757793 1.55063 9.49964 64.9469 31.3672 8.09131 44.1523 53.343 1.58492 4.98063 11.0777 16.3701 10.3583 2.14694 3.57933 2.78905 14.0335 8.15882 6.68679 8.42142 112.902 155.393 4.11097 14.6573 15.7736 15.7216 60.7787 0.0406654 388.973
-69.5891 0.769684 1.46835 8.98833 66.1114 30.459 7.2231 40.7892 51.8721 4.47888 13.3093 9.4525 22.1432 3.57585 8.72943 4.9744 1.08727 11.0408 4.1207 11.8021 7.29427 97.381 166.896 9.46057 6.30886 9.06719 27.6308 2.70706 0.0190159 387.215
-72.0606 0.943837 1.53236 8.65138 66.1114 30.5119 2.29009 34.9934 50.295 1.05128 12.5499 9.97325 15.8001 3.09196 15.5376 2.56839 4.30974 10.5327 6.39296 11.3841 13.9719 103.844 167.207 5.62842 24.0589 9.21708 3.8464 15.0111 0.0136422 392.226
-71.6896 0.943837 1.53628 8.07064 76.1922 25.2102 20.511 38.1768 35.6117 5.88018 19.4853 0.74246 11.9948 6.87837 2.19397 1.42321 2.69394 1.83281 17.4652 4.39405 21.7308 111.059 160.707 5.9619 17.4559 14.5326 7.4097 18.9119 0.0200789 387.659
-72.2744 0.863327 1.64829 8.30085 61.6891 37.6221 6.1935 38.1768 41.6576 7.3085 12.7384 6.11324 13.8034 15.5993 1.98409 3.235 2.33882 4.338 14.5431 2.68749 21.7308 107.609 158.414 9.58806 10.8251 3.83413 7.3457 10.7402 0.0182407 387.158
-72.2744 0.867519 1.70021 8.1409 61.6891 37.6221 23.6864 35.5397 40.0886 4.67057 17.6588 1.35259 3.03898 6.41807 5.70533 2.37791 4.26037 10.7034 21.6299 3.11014 12.3212 106.432 146.388 34.0445 15.6423 8.25233 5.10631 14.025 0.0193221 386.479
-72.2744 0.867858 1.62808 8.06408 65.9098 37.6221 27.0989 35.3079 24.9682 3.18049 11.0862 3.90405 13.5507 7.50954 8.98181 1.86678 9.58151 13.2284 20.1652 3.02779 7.69289 99.6091 167.542 17.6019 22.6888 7.55369 13.7447 16.1874 0.000980878 389.971
-73.3882 0.894469 1.78611 6.96317 72.1129 33.3361 29.8077 42.2319 25.0936 8.39828 10.8919 13.1462 1.25101 3.13751 1.38652 3.99761 4.63188 16.5784 21.1103 0.356279 15.0435 96.1663 160.944 16.4503 10.6569 10.8947 12.3444 3.44707 0.0138282 392.046
-71.9906 0.823434 1.69679 8.08505 72.2396 29.5052 37.0586 40.0719 7.07436 1.32694 19.2298 15.2882 25.5875 6.37259 2.51979 6.94504 2.37209 18.3497 6.05306 2.40746 9.39515 90.7007 171.504 12.4322 3.29144 19.7297 8.96658 8.71297 0.0218557 391.007
-70.8971 0.764667 1.81913 7.90261 62.2075 39.5594 24.9371 53.1461 19.2642 9.726 23.1305 2.21778 10.2066 3.92146 0.489575 2.17673 5.27738 7.9987 13.1881 1.80425 9.32788 108.823 158.927 15.4222 4.09673 28.7124 9.38331 2.22819 0.0365875 387.894
-73.72 0.872529 1.72937 8.32309 56.1874 46.5617 23.0696 44.9213 12.9991 10.8318 21.772 8.6035 14.3146 11.9361 8.22715 1.94899 6.26403 5.72131 7.15217 2.56539 6.25927 110.348 154.836 22.9902 2.11188 9.20398 17.7316 4.318 0.0165196 391.444
-73.304 0.915293 1.66856 8.46678 57.0813 50.4088 27.8976 43.2559 11.4332 6.39453 18.8851 3.57532 18.104 13.0009 4.05926 2.11634 0.552767 5.89857 8.88286 3.25332 17.6533 109.772 146.151 28.1133 15.7695 0.416294 4.09754 8.03415 0.0295319 385.312
-73.304 0.915293 1.72256 7.42594 56.3371 50.4088 26.6724 43.2559 15.6106 4.60992 23.2914 3.86377 20.9698 1.26147 2.67497 4.53578 1.732 6.67509 15.7542 3.35525 17.7251 97.7762 152.199 27.0908 13.6416 0.789648 27.6013 11.8292 0.0162928 388.632
-73.304 0.915293 1.80393 8.03989 56.3371 52.4733 29.9804 40.3414 11.6776 14.0699 14.2129 5.96713 12.3035 8.28607 1.89307 2.86492 2.97728 4.67073 17.0887 6.84502 12.7978 104.206 149.312 30.1043 12.3833 4.10323 15.5524 16.5428 0.0363377 384.348
-73.4992 0.927149 1.83795 6.78327 56.3371 60.1509 25.6701 36.6903 11.9496 23.1568 12.7619 5.0105 7.92387 10.9247 7.49492 3.08702 7.57783 6.14385 9.83635 1.95664 19.6686 92.0687 142.869 39.7395 15.8651 3.41948 5.9906 21.4871 0.0343509 394.458
-73.4992 0.934321 1.68678 9.62137 61.1435 49.2979 36.2285 38.0773 9.97519 8.5534 8.92259 11.9379 18.7939 10.7363 7.48003 3.16027 10.7545 9.73698 15.5848 2.214 16.5464 89.1232 134.483 39.7541 4.74104 5.03812 2.64325 12.3049 0.0292605 393.043
-73.2631 0.934321 1.66339 9.59686 56.186 49.2979 34.3696 40.1708 12.6179 8.83188 21.2881 14.4968 10.0595 9.98909 4.17875 2.93707 3.35775 11.4786 12.1786 16.347 14.3644 82.3379 135.778 36.2372 11.481 2.29279 10.8601 18.4494 0.0168987 392.644
-72.951 0.909318 1.64043 8.82554 56.186 49.2979 27.9858 35.3768 14.8528 12.4422 18.19 14.4911 0.574446 15.4595 1.87866 4.48444 1.71009 11.3756 23.7133 8.69612 29.8638 89.4172 121.133 38.2967 7.83676 5.94511 6.50068 7.27987 0.0084483 393.75
-73.0666 0.937998 1.74208 7.3391 57.1146 54.5526 31.4352 22.2385 18.1917 18.6165 21.9322 14.5037 2.00778 10.6422 1.06459 6.50747 1.34697 9.46426 15.2177 14.2641 27.3356 104.947 93.4428 74.3963 1.24937 12.652 6.35004 10.583 0.0431344 394.899
-72.6308 0.971558 1.50374 8.60649 51.6885 57.5993 39.6494 22.4775 10.5375 8.78596 14.0537 12.9808 9.16223 31.6256 1.54155 3.92446 3.00807 5.63282 20.8984 18.3185 28.1954 96.3625 87.751 60.6585 3.63719 11.5661 4.7824 13.21 0.04167 397.831
-72.7797 0.971558 1.61423 7.65754 60.6587 49.9491 49.0048 28.9722 5.15246 11.2145 13.0239 9.18928 6.98388 7.91073 0.44346 2.79404 1.27266 19.5831 13.0059 32.5425 46.0593 60.6605 116.154 52.9013 5.53864 5.23584 19.786 3.52809 0.0208863 393.872
-72.7797 0.919352 1.63776 8.61047 60.6587 44.6305 57.4005 28.9722 5.84012 10.0428 12.9586 12.9781 9.56089 11.0451 4.92558 3.22093 2.80243 9.91673 11.8528 41.3552 42.2199 45.0949 125.741 44.4035 0.423848 3.99127 21.589 20.2289 0.00339223 393.398
-72.7797 0.919352 1.64572 7.9157 64.0079 45.564 43.6772 28.9722 3.36235 15.3193 12.2416 13.5556 26.1444 3.95724 4.58132 2.9767 7.14466 15.285 18.4522 39.6825 23.9613 45.0949 136.856 26.6567 5.08699 10.4474 14.1603 8.1414 0.0394946 396.848
-73.3652 0.919352 1.77203 7.80918 57.5884 52.2032 43.6772 41.6671 5.94114 8.86976 17.3206 8.36791 16.809 5.23569 8.10125 0.773438 1.73271 8.7368 13.0743 47.5767 35.6149 36.7498 127.384 41.5708 7.16349 6.03692 25.007 20.7339 0.0406927 398.287
-73.3652 0.936783 1.77261 7.41278 52.7077 55.0887 42.802 31.4654 6.81624 13.4859 11.1048 3.49751 23.7767 4.36476 5.96136 1.08241 2.69626 7.27608 23.2789 28.2016 44.1936 52.6179 130.582 45.2488 9.24189 6.58588 26.9005 19.8887 0.0293629 396.371
-66.9413 0.472268 1.74426 7.70787 57.0279 51.6258 40.7854 41.4758 2.4535 13.8511 13.3425 6.35508 4.22451 26.0815 2.49369 3.42254 1.39741 11.9478 8.8302 17.6251 41.7733 55.5037 147.189 24.3073 5.18042 12.8908 18.7646 16.9258 0.0834031 397.642
-66.2744 0.506091 1.66793 7.85567 58.0758 47.4532 34.6085 40.3714 15.7336 15.5542 0.849723 5.56971 4.25099 21.566 12.0869 2.14524 1.33763 3.84124 7.96345 27.2372 41.7733 58.9709 151.605 24.493 6.83385 4.93248 4.14257 8.57645 0.0427823 393.359
-67.1949 0.553579 1.67053 7.63036 57.5345 45.7564 33.1794 39.6435 5.58677 20.9597 11.6669 4.70562 3.89886 23.4508 6.45284 1.48294 1.27835 4.2648 15.2903 18.4098 45.115 58.9709 148.1 41.3438 7.9627 11.2654 1.51561 25.9469 0.0283198 397.603
-67.0317 0.548056 1.62399 8.32966 65.2597 46.437 34.9004 24.7602 11.5149 12.4105 15.2408 6.64343 1.27414 25.1946 5.08007 4.12853 2.57339 6.33383 35.579 9.25735 23.4011 58.9709 161.269 44.1747 6.31648 5.54306 7.72924 7.37842 0.0224453 400.033
-66.8125 0.507515 1.72007 8.11792 70.7884 29.537 45.4674 34.1668 11.6639 14.7586 3.68947 6.60761 2.74369 23.5558 7.80344 6.58992 2.14856 8.00227 18.4463 11.7565 14.3883 80.2497 165.251 20.1844 12.1592 6.70142 1.50546 3.46553 0.109503 394.321
-66.6189 0.450846 1.7344 8.11792 69.897 25.805 45.4674 34.1668 11.6711 13.6776 4.91578 1.80194 3.93881 31.0991 5.22921 8.67737 2.04464 5.8518 31.5708 10.5441 19.9191 70.6463 169.529 2.19829 5.62758 21.3797 10.6368 6.5047 0.0332688 392.635
-64.5875 0.308715 1.70369 9.01512 70.429 30.4285 41.4025 43.957 3.73663 3.72085 11.6368 2.8844 7.54387 22.4876 3.27332 9.01841 3.02056 5.29336 21.1523 10.8992 18.9444 85.2899 160.884 16.0464 6.64791 20.8499 7.81504 15.063 0.0145623 392.249
-64.4725 0.308715 1.6508 10.3309 63.8098 30.4285 37.9661 52.3563 8.47795 5.16695 10.5303 2.74394 4.32858 22.9667 2.80624 9.43171 3.62064 5.8615 17.6413 10.9122 17.9181 91.1679 160.661 15.081 17.3991 21.7465 7.75699 12.3131 0.0220897 393.369
-65.425 0.34848 1.61102 9.82599 64.3681 30.4285 38.2362 46.8938 4.69905 8.36923 5.11402 13.8925 11.209 7.20728 6.67515 3.10029 7.22017 11.3714 13.2031 10.9521 16.9094 97.0947 155.743 14.2964 13.7352 10.2247 18.8176 24.8263 0.0234303 394.688
-64.506 0.393368 1.63187 8.48101 64.3681 45.5376 38.2362 63.518 3.4314 10.45 5.03345 19.4473 4.51089 3.34468 15.5117 1.92381 3.322 6.14674 6.69285 15.9295 10.6853 91.096 139.325 20.3243 16.4759 6.30707 7.61567 17.8271 0.00707867 397.266
-63.1234 0.212887 1.67956 8.38937 60.8617 50.2313 38.2362 40.8122 8.93274 20.9011 4.39827 22.0916 7.01072 2.98511 2.01062 1.19157 0.558238 4.03283 9.5605 14.0724 23.2148 90.8081 151.576 25.6034 7.197 4.02249 12.747 20.8858 0.0423552 388.295
-62.4363 0.212887 1.62382 8.63194 49.8287 46.6575 44.9471 35.8058 13.6158 22.2196 12.0607 8.13858 7.82794 6.39911 2.82903 2.49709 2.2047 9.15951 13.5117 6.1327 7.50594 81.9052 166.009 48.7063 9.78903 10.5154 9.22285 25.9592 0.0239406 393.516
-63.6139 0.283997 1.74345 8.12922 62.3771 46.1822 44.9471 37.2269 6.76022 5.54858 7.69126 7.21582 10.6741 5.32531 9.00084 0.318937 2.67176 6.62706 13.9237 11.1795 16.3778 98.3507 168.129 11.1326 9.40655 15.0551 3.88434 20.0588 0.075708 388.995
-70.4006 0.734714 1.74344 8.09043 62.3771 36.523 44.9471 39.4176 9.88052 8.91383 2.16925 12.7633 12.0825 4.15185 8.4635 3.11642 7.49874 5.37906 20.4332 2.91512 16.3778 102.599 162.148 15.7137 6.56646 13.8314 9.52238 22.6446 0.014808 386.447
-70.6846 0.717045 1.70406 8.1974 68.6347 24.0013 51.0422 41.8544 10.1851 4.12816 13.1947 0.61295 12.31 4.19391 7.77836 1.76794 13.573 3.84129 10.6448 5.43812 20.5299 117.33 141.304 8.59808 18.3834 19.1445 21.3675 18.1587 0.0160033 393.99
-68.1207 0.671919 1.51363 8.81769 68.6347 24.0013 51.0422 43.8875 2.07681 4.65916 10.9932 13.0331 15.253 6.76005 8.14607 0.327329 1.98984 6.23065 3.91482 2.97681 21.7527 115.023 161.021 24.3788 19.5011 5.28102 12.9322 31.7186 0.0102678 388.38
-68.3131 0.683125 1.4615 8.92075 69.1587 24.0013 48.2979 49.4736 3.5831 4.18976 6.2811 11.7157 12.6591 15.722 10.9435 3.13845 0.55405 6.10137 6.289 3.96032 20.0119 109.975 148.628 24.208 16.825 1.4514 14.7785 29.2504 0.00481223 385.407
-69.0246 0.714026 1.45104 8.86296 69.1191 24.0013 48.2979 48.5896 6.17994 6.0617 9.32332 11.2965 2.13437 10.9682 2.62218 6.67712 5.26588 4.79143 6.82459 4.4821 24.5892 114.192 151.454 22.7209 11.4201 12.0071 30.0404 16.0927 0.00829926 388.993
-63.7946 0.369567 1.39877 9.20542 69.1191 24.0013 37.9441 45.8082 7.16934 20.2011 6.19378 16.4706 1.22093 12.0361 3.06876 7.49346 2.81051 2.59683 7.79847 4.63152 25.4913 120.37 134.413 18.2545 4.65869 11.6576 42.3506 21.3525 0.00629283 390.936
-64.0213 0.342774 1.5231 9.09797 69.1191 24.0013 42.5483 50.0544 9.19405 7.56508 13.6987 13.9792 6.87805 4.41956 1.71659 4.20917 4.11188 1.41595 9.95252 5.06239 18.3525 122.743 139.355 23.7789 14.3839 6.12736 1.42065 16.7467 0.00533094 385.947
-64.0091 0.310938 1.56593 8.68988 73.5094 24.0013 34.3248 31.2607 20.4234 11.123 10.4977 14.1265 18.1549 7.86485 5.0669 2.20846 3.72784 2.05146 3.10771 7.70728 16.2229 129.786 131.659 29.0635 4.49284 14.4497 10.4851 13.506 0.0186235 384.085
-63.2 0.282354 1.57583 10.8381 73.5421 13.6479 38.5368 42.9791 11.9721 20.431 5.67575 7.34327 18.3277 5.70951 2.45289 3.12219 6.66004 5.65397 1.16259 4.01007 21.8061 129.506 133.897 24.1358 2.52939 13.8322 18.6377 14.0667 0.0146876 387.382
-63.1089 0.301539 1.47521 10.2799 75.6494 13.6479 40.4478 28.223 33.8133 24.1254 6.60436 4.79117 11.7687 6.63528 3.22296 1.97725 2.19857 1.08048 4.00805 2.53967 27.9063 129.441 121.216 40.4132 4.06344 13.8402 9.52647 14.2704 0.0142723 384.044
-66.4306 0.487655 1.65743 8.14091 77.3042 15.9835 42.7739 9.80631 50.8454 20.5649 5.83014 8.35609 13.0879 2.4345 2.61422 3.24699 2.19857 9.1648 2.52445 8.27747 16.0563 124.913 136.686 29.0927 10.7795 6.49448 2.5422 14.2015 0.0302008 382.06
-66.935 0.591386 1.55312 7.49285 78.981 19.6536 43.8293 9.80631 50.8454 11.6622 2.85034 8.35609 11.2677 5.24431 4.83842 1.91527 2.13034 4.76605 12.9966 6.06763 15.8152 132.751 132.317 11.0412 11.0909 8.27539 18.6068 21.5613 0.0326542 389.089
-66.935 0.618743 1.50216 8.72592 74.0052 17.3949 43.8293 10.7364 50.8454 6.49321 1.2368 11.4064 8.40004 8.21524 6.98397 2.54615 8.71384 3.54149 8.27404 3.31285 17.5785 129.027 146.59 9.37038 8.51098 13.1844 21.7581 21.2104 0.00409976 386.657
-68.4095 0.650305 1.47307 8.30221 73.1281 17.6599 22.9536 14.2755 70.0047 2.36472 6.14107 13.9046 11.6348 14.4749 3.44319 0.824958 8.63016 5.96413 7.50599 5.08897 11.1583 139.609 126.976 10.6256 2.90809 11.6833 21.8564 21.102 0.0037574 389.736
-69.4 0.724833 1.51975 8.43977 73.1281 20.5886 19.4072 15.3611 74.0639 2.98009 10.0516 11.9828 7.25109 15.6006 2.96556 3.13885 3.17054 7.60468 0.811179 13.3351 9.03757 122.789 140.092 18.1132 4.4819 7.95699 8.7441 21.8754 0.047432 385.867
-69.4 0.70877 1.60336 8.53951 73.6474 19.4843 23.6351 15.3611 74.0639 0.667719 2.18914 10.5231 5.13154 10.9927 3.59774 2.21352 4.67344 14.5628 2.49864 11.9557 15.5733 114.618 152.418 20.1065 10.5095 11.5211 9.1432 8.40312 0.0425763 385.659
-67.8851 0.676994 1.59203 8.30614 69.4754 23.5655 25.8412 15.3611 74.0639 2.66096 7.50947 8.0478 10.7101 2.84484 3.29083 1.46029 1.19249 28.1504 5.21761 1.42182 14.7336 114.628 149.852 8.35677 14.1541 15.3017 4.64077 9.51962 0.00390751 385.621
-68.9579 0.676994 1.59216 8.38614 70.6649 25.2461 27.8431 6.06177 76.2617 15.5571 7.13244 9.00746 2.5411 0.259482 2.4004 2.22497 0.5749 23.8102 5.4911 1.10842 15.1086 114.667 151.356 21.5391 12.2615 10.0703 3.34882 5.82033 0.000461794 384.678
-70.0112 0.770854 1.59216 8.20633 69.8098 22.5071 28.2536 6.06177 76.2617 11.6286 16.1029 13.4123 0.634482 1.99003 4.58084 2.42136 3.95877 28.9334 5.58984 12.8771 3.20266 116.27 135.317 9.46602 10.3817 12.9664 4.06071 14.0038 0.00236542 390.976
-70.2722 0.78185 1.63907 8.02995 68.5631 27.3854 26.7953 5.1939 79.2552 10.3575 3.95451 11.8152 1.41902 1.99003 6.8739 0.833755 2.02835 30.9682 5.48588 13.828 7.09887 107.047 135.317 28.654 11.0016 10.9574 17.5926 12.078 0.0175147 389.501
-71.6742 0.776393 1.7715 8.02918 68.5923 29.5877 20.8536 10.5258 80.0274 7.37345 4.01794 12.3291 8.92866 4.52239 2.65821 8.00157 3.52046 28.0842 0.718276 3.83496 7.69872 107.912 135.762 33.8183 13.076 8.05624 6.83238 5.14204 0.00600555 389.143
-70.6638 0.776393 1.73429 7.67334 68.6094 23.8047 19.2136 10.5258 74.8334 7.7903 2.09262 11.3908 11.1589 6.00188 2.53345 7.8028 2.6253 21.1777 0.537512 5.52016 9.1936 111.577 153.691 24.2244 4.53175 22.086 3.42237 12.1346 0.0250785 389.686
-70.6638 0.789482 1.6558 7.57992 68.0582 24.8265 25.9484 12.1561 74.5991 7.4962 11.0971 12.1465 14.5995 6.87375 0.304733 1.31039 0.595612 13.5994 0.726554 0.62893 24.3819 100.518 161.514 15.3906 4.31441 20.9894 7.85426 16.9117 0.00804338 388.65
-70.3905 0.772162 1.536 8.41397 70.1773 5.395 24.2766 12.1561 75.2777 8.54202 7.13569 8.53459 8.70493 23.169 8.81833 4.80983 1.98333 17.1252 4.4457 4.43298 19.5026 107.864 137.926 20.6476 1.0825 11.0276 11.7696 3.68585 0.0303186 397.823
-70.3905 0.714376 1.83075 7.85364 69.6519 11.7582 28.1872 12.1561 75.2027 4.24959 4.82374 13.4588 9.99929 10.8581 2.41365 5.57973 1.36267 15.1951 2.0826 10.263 22.7335 107.505 139.501 26.0904 8.31017 9.55972 16.7023 19.0152 0.0508159 391.581
-70.3905 0.703704 1.75932 9.28295 78.4005 8.27731 25.5336 12.9369 68.9324 14.3959 7.19296 4.615 15.8688 4.908 3.12659 2.19199 2.12434 12.257 2.7091 10.5069 19.2626 109.378 131.325 37.3488 9.22801 14.9108 7.39048 6.64379 0.104596 393.115
-69.6931 0.703704 1.70708 7.65342 75.1212 10.3757 38.3246 12.9369 65.8446 16.1783 0.419716 2.40511 9.08776 4.908 1.24002 2.99909 2.93952 17.8379 2.18267 12.0265 14.7809 113.423 140.434 37.3488 8.75117 10.5247 5.79185 54.521 0.0441851 393.691
-70.1283 0.737895 1.76667 8.02023 74.5516 16.6761 36.6204 11.817 64.0731 25.8199 4.5018 2.0984 1.98855 8.39193 1.7463 1.51876 4.33444 13.4043 25.2055 2.66843 3.07956 111.299 143.926 27.65 6.50093 4.97274 6.71777 3.69026 0.0261212 387.772
-61.5251 0.183444 1.61788 7.71699 78.8296 19.1087 39.3659 10.7732 62.8255 21.5376 5.87234 4.82038 1.79189 5.8158 0.773573 7.18046 2.30709 14.3958 6.57507 10.9905 6.31799 102.324 157.004 17.7969 7.64483 2.55285 11.1252 14.7483 0.0121393 388.52
-60.1796 0.155346 1.64846 6.59703 79.7457 16.3809 39.3659 10.7732 68.7049 11.9702 1.61918 4.97911 4.36276 8.10238 6.53765 0.26225 0.635652 10.001 6.53305 11.0561 10.6899 108.611 170.236 1.10356 19.6988 8.08252 7.81791 25.3337 0.0077894 391.682
-61.2684 0.098843 1.67509 8.2023 67.6408 27.9555 32.2819 16.2039 58.7143 4.85671 22.7275 4.43037 3.92567 11.7998 6.54479 1.05552 1.24215 11.0349 8.97197 13.6719 4.22001 100.128 166.541 1.10356 8.55799 22.7989 1.12755 50.6678 0.00775426 388.803
-59.502 0.0213746 1.70393 8.26062 68.6232 27.0841 25.5529 16.9508 62.1367 5.19749 31.7042 3.40491 2.13711 7.45022 2.92403 0.94864 1.71363 5.64332 3.02165 14.0872 13.6615 105.077 166.922 9.06172 9.4858 25.4409 0.845351 7.2449 0.00334715 382.855
-59.4008 0.0213746 1.70725 8.02694 89.1303 3.9329 26.7174 25.1113 49.4784 5.52954 35.768 1.70729 3.86158 9.28815 3.37471 2.06213 11.5835 4.82042 10.5863 17.4279 14.6903 83.8781 165.97 8.47828 14.9335 14.4402 6.31544 4.50298 0.00463762 389.816
-59.3762 0.027034 1.66565 8.12144 90.2768 4.84933 27.6207 22.0121 52.0422 2.48739 39.1181 3.04534 0.997874 8.89086 2.77056 3.52806 3.14937 2.80923 11.8091 6.2177 20.9042 93.7961 166.372 10.312 7.59772 12.6384 9.17438 38.9428 0.00463762 389.355
-59.3279 0.027034 1.68789 7.4161 80.8057 5.16254 26.815 25.323 58.8113 5.79182 21.4204 4.03572 10.6601 0.246843 1.94096 2.00376 3.21458 3.23956 17.4506 2.25705 20.3489 111.901 154.505 13.5313 30.9686 14.7756 20.891 20.4353 0.0094579 391.6
-59.3279 0.027034 1.64879 8.06618 66.7407 23.7711 33.3915 29.3417 58.8186 10.789 12.4851 1.38829 11.8237 5.68344 6.51403 1.33151 3.43932 2.05973 14.3284 9.63331 20.4952 100.597 122.933 50.2972 0.775992 14.4139 0.96331 2.16959 0.0024933 393.45
-60.2548 0.0831638 1.57654 8.17872 79.2598 11.7606 30.3961 20.2785 58.8186 12.2546 14.8408 1.34552 17.6127 10.0836 8.78779 0.505428 0.811172 7.77259 3.61044 4.22435 15.8533 120.89 124.023 37.8361 9.62315 7.31183 7.89551 6.37847 0.00611498 384.189
-60.5197 0.105319 1.59421 8.47527 88.6207 13.1443 17.5392 21.1941 58.8186 7.26976 14.5788 8.76067 8.41868 2.87761 9.41569 6.17229 4.69719 1.77053 0.62844 2.38008 23.1684 120.681 130.111 37.2182 10.4017 4.23598 14.4171 6.34712 0.00990568 386.582
-65.2489 0.352432 1.74795 7.99834 80.6948 9.92541 22.7584 22.9294 58.8186 2.83045 19.9706 5.88446 10.4606 3.16298 0.942497 8.36576 1.62259 9.24634 3.15905 2.46242 24.3964 122.112 146.575 26.9552 7.41965 22.1741 6.69193 17.1753 0.00539713 386.022
-65.6272 0.490061 1.59418 7.83243 83.5032 9.92541 16.3108 24.0856 58.9144 13.7069 21.5044 8.60486 5.65482 3.70183 1.43534 4.75742 1.37411 8.45334 3.15905 1.83157 18.5867 123.109 152.271 3.70603 9.58711 10.02 17.6193 43.1195 0.0096039 386.576
-64.3764 0.367918 1.60078 8.35028 82.646 10.663 16.6451 24.0856 59.8103 10.9864 13.0454 8.53993 11.2681 3.47506 2.32688 9.24581 4.22836 6.27391 8.85806 2.33371 23.8448 123.383 138.25 7.68435 10.5686 3.74142 8.82777 5.15284 0.0127245 384.482
-65.6083 0.40729 1.65127 9.48087 74.5134 19.8427 11.6086 29.5759 59.8103 5.76404 11.9345 2.68369 20.2488 7.23656 6.05741 1.95467 3.83077 2.30957 11.4283 7.24689 11.9304 124.138 152.466 13.1364 14.8493 1.54937 17.5858 7.80477 0.0597091 389.895
-66.4887 0.453838 1.76967 7.78126 76.4779 10.2108 11.9778 33.1949 61.2067 5.35293 9.84646 2.60657 20.7322 11.4034 6.68459 0.5887 3.0207 1.63073 6.54072 12.8326 7.08444 128.818 144.265 18.166 8.57062 9.90209 21.1107 19.8336 0.00853942 385.162
-65.2417 0.336825 1.78941 7.5992 82.6532 10.7347 6.55032 32.9276 61.4585 8.94516 7.11073 4.27363 16.7232 10.5664 5.79487 2.38406 4.54421 7.67275 0.383509 16.6517 15.4492 132.115 128.932 15.0865 4.64216 11.9677 10.9256 26.1055 0.0062876 386.652
-64.1663 0.291807 1.87472 7.82292 77.2257 9.88958 15.017 36.2688 61.4585 9.67853 6.619 8.70766 9.43283 10.6391 1.43346 1.03835 5.70512 4.54385 8.78955 15.7497 12.8408 129.525 137.657 14.4734 13.231 12.6615 8.9983 50.9957 0.0172552 391.159
-63.2646 0.288991 1.68544 8.11073 74.5794 19.1904 13.4214 46.7018 53.0076 3.76676 7.38973 14.3351 4.80195 7.95317 2.27646 2.26056 2.92618 8.2405 6.48387 6.24579 21.0964 131.441 133.614 8.89262 21.3536 15.1599 8.48172 17.2615 0.0425348 384.237
-63.5466 0.246965 1.7202 7.86266 74.6291 24.1881 16.4626 52.8831 31.0115 2.69439 9.74206 29.7367 7.31413 7.15663 1.71448 0.850996 1.95255 4.01325 4.96204 2.93958 11.6775 117.777 156.583 7.19693 15.0747 13.2907 12.8811 16.8553 0.0529835 384.158
-64.0176 0.240366 1.72902 8.34293 72.0162 30.7869 8.48878 52.8831 29.8854 6.91875 6.94743 17.7232 8.68456 6.99428 2.67701 9.0984 1.84403 2.77687 4.88374 5.11594 29.3998 111.782 146.325 6.70273 12.6087 3.75437 24.1872 66.6942 0.0606611 392.098
-61.7996 0.192665 1.57553 8.80291 65.5875 31.0885 15.6876 53.2962 23.5434 19.781 2.17219 2.67322 9.0152 10.3606 4.40099 7.17164 4.23001 8.27894 2.53049 3.39866 26.2392 122.623 145.678 14.2256 12.3507 7.33266 4.21711 16.9504 0.052848 386.257
-61.7996 0.155673 1.58177 8.88596 69.2692 33.6085 19.5412 52.2224 25.5417 10.3918 8.97176 6.45283 5.26104 3.29349 0.390539 11.2147 4.29366 2.36552 17.8723 3.05922 4.51377 141.067 138.736 17.1421 7.59253 5.59226 13.2891 6.08772 0.00742965 387.909
-60.7471 0.197853 1.53927 8.20884 60.208 31.5915 13.7844 52.883 42.5702 7.96842 0.726938 6.04834 7.694 21.848 1.74326 3.33646 4.5593 2.21758 13.7238 3.09505 12.6905 122.205 144.241 26.756 15.9079 5.07917 5.17878 27.5372 0.00253677 389.485
-60.7471 0.12723 1.68144 7.72809 56.0351 36.0366 12.0069 40.4249 52.5339 9.69083 6.08666 5.61421 10.6616 21.1892 1.35861 0.629628 7.30988 16.5133 10.0661 3.90002 8.1255 126.355 139.471 5.83642 15.326 11.4369 3.98158 36.3956 0.0103063 391.953
-60.8236 0.119189 1.70413 7.51993 55.2547 36.1719 11.9598 31.0624 60.443 3.06124 9.1851 8.33958 22.8407 6.54631 0.0587939 0.407242 2.32208 13.4628 10.5637 8.93568 11.5879 121.761 144.34 2.83877 30.1672 2.57466 15.9715 36.1833 0.000882176 392.871
-61.1716 0.119189 1.66922 8.50358 54.9477 33.8061 13.8795 29.4654 60.443 2.47093 14.6534 8.33958 23.2052 5.43891 5.05867 2.55274 0.205255 8.42924 6.63945 3.45144 6.77952 131.438 155.657 2.83877 16.6654 3.4258 18.3655 24.3201 0.00275406 388.342
-61.1716 0.119189 1.61783 8.69535 51.9374 33.8061 13.7415 39.2728 60.443 1.47122 17.6201 4.66766 24.7473 3.22572 1.64495 1.33047 3.54569 4.74215 8.67302 9.73044 6.77952 122.925 149.597 16.9931 23.0616 2.90333 2.8252 4.32146 0.014835 389.489
-60.9202 0.164634 1.59915 8.44204 42.4274 42.806 8.48922 47.4424 60.443 2.93233 6.63182 3.8045 21.708 4.23752 3.78953 4.57201 3.76277 3.24167 9.35635 21.0045 6.69987 118.726 145.467 3.38825 12.4045 8.24151 12.1948 21.0662 0.00414639 389.766
-61.09 0.164634 1.59639 7.99693 53.1473 35.2443 12.4346 43.7039 45.9152 7.20877 5.36324 1.64177 38.0728 3.41275 4.39609 1.748 1.82415 6.66395 2.49037 15.32 3.04592 116.403 165.427 8.94 1.22654 9.392 8.50861 3.15354 0.00309061 388.995
-61.7548 0.164634 1.67965 8.69333 63.2508 39.4441 1.79143 40.9021 47.4394 11.8903 4.20259 1.00888 33.1948 2.45819 1.8241 1.31427 1.93283 8.29442 5.5448 13.2575 4.85633 127.881 147.138 6.16713 6.73943 13.058 3.94466 9.48089 0.000499699 386.691
-73.6699 0.900492 1.81314 9.70822 61.3056 35.7307 4.73533 39.4879 44.0038 11.3663 3.84259 1.00888 37.0183 1.68812 6.65376 2.1159 6.98355 9.9402 5.48979 13.1563 3.10352 122.348 140.044 22.7506 15.378 15.8179 20.7671 11.2464 0.0102782 394.63
-66.1384 0.463386 1.73948 7.1765 63.8263 37.5313 5.46263 39.4879 43.5275 8.98087 14.3924 9.05384 19.2211 2.0516 9.35448 2.78479 1.20224 2.01323 5.77221 21.0474 4.71227 119.041 145.955 15.1901 12.1524 14.6146 13.4826 9.82872 0.00355781 386.94
-66.1679 0.420464 1.78002 7.23386 62.7274 48.5935 5.87137 39.4879 43.5275 5.27842 11.4809 1.63223 21.4093 2.64233 3.50369 5.38766 1.50342 9.45196 5.52629 17.2638 7.47514 114.547 145.955 30.028 8.46897 3.82998 2.06841 1.65961 0.0256325 385.874
-65.8537 0.375324 1.8758 7.03181 59.5288 45.4339 9.7186 47.8218 37.7511 7.395 1.94767 3.43623 13.7593 3.00596 12.4582 3.77415 2.03975 5.42793 7.38907 20.5725 13.5602 108.018 148.315 26.1011 1.15369 0.763956 2.0725 17.3039 0.022759 391.063
-64.7696 0.314899 1.78591 7.5806 55.5119 53.6698 9.31325 46.2816 38.1886 1.14701 6.43916 14.6297 4.51787 3.21724 9.37518 2.51492 3.38048 5.61139 1.96422 19.7173 20.3924 108.247 151.374 13.0618 13.9678 6.94907 6.1478 21.3933 0.0393988 387.346
-66.5805 0.436425 1.79452 9.85208 48.4491 62.5342 13.8099 43.4214 34.083 2.55378 13.8797 10.7547 7.40276 2.4908 0.976035 2.07136 1.63847 9.01638 2.92853 5.24283 23.5375 129.834 145.03 5.1036 12.3854 26.4486 2.93488 28.6736 0.00536939 389.771
-65.7972 0.511579 1.61285 8.21074 47.0713 59.1531 12.3815 44.1137 34.083 5.53381 13.363 23.4134 1.19688 6.96435 1.75201 2.55938 4.16006 0.984194 4.68493 10.1891 22.7824 139.863 112.731 34.5195 4.33389 18.4237 2.86047 1.73608 0.0285179 387.019
-68.6466 0.642035 1.6005 8.3922 47.0114 59.1531 10.1254 36.3591 34.083 5.50656 12.3257 11.5733 16.4776 18.6739 0.391918 3.58335 4.8486 2.45781 6.75186 5.53434 22.1214 130.406 116.059 32.4269 20.8836 11.859 5.62483 3.17875 0.0177898 391.145
-68.406 0.637238 1.71113 9.58135 35.4262 79.8926 9.46621 36.6282 34.083 6.26463 17.9225 0.673113 9.69348 17.4772 1.49978 1.14819 0.636626 15.6945 5.51684 0.627762 10.414 136.833 120.386 34.589 11.8404 11.5912 2.94879 2.55774 0.0132556 389.279
-67.7976 0.542827 1.7639 8.02237 35.4262 88.1461 7.31688 35.614 34.083 10.7875 5.31169 6.23504 3.31914 12.1099 6.38983 0.979524 0.963713 21.0854 5.20823 8.33121 4.74656 136.518 121.543 36.3105 5.38054 9.069 14.0296 10.7119 0.0197961 386.652
-67.9649 0.49332 1.79575 8.07039 36.5692 90.061 7.19835 36.1125 26.2527 16.0334 18.004 3.4821 1.18602 6.37555 4.76069 14.0781 1.72494 16.2061 4.26819 12.0728 4.55771 131.437 121.308 31.6873 17.3634 6.48683 10.3546 1.37917 0.0105219 393.411
-65.5882 0.323778 1.92355 7.57931 39.2389 69.9476 14.1837 26.9504 49.8551 17.0066 3.79948 6.851 3.97159 7.82852 1.61002 10.4557 2.16216 20.5723 13.5706 1.91093 5.91805 134.827 136.933 8.67522 9.39295 7.74422 26.1959 9.41755 0.00694375 398.71
-65.6328 0.351512 1.92355 7.66981 46.6068 72.8199 8.81116 29.0089 29.0754 26.9909 8.46554 6.09386 3.97159 7.49006 1.85567 6.81756 4.36131 15.6112 14.6165 6.42716 15.4799 115.774 138.493 19.372 6.69331 20.0506 24.8667 4.24985 0.0110983 394.315
-63.1443 0.329174 1.71522 7.87756 48.816 61.737 7.27839 53.9668 25.1274 21.2252 9.91207 8.12249 3.93481 7.76245 2.67602 10.112 0.655022 12.3549 13.6868 7.67247 12.0765 93.9866 155.259 16.9936 6.64143 35.6858 1.41879 4.51386 0.025413 393.056
-64.3128 0.282744 1.6187 8.92493 24.473 60.4712 8.35264 63.3693 27.6796 9.69486 17.0479 4.51631 25.6982 16.6546 6.057 4.06956 2.65304 9.437 2.64 12.9391 2.74796 82.4416 184.02 11.4755 8.86849 16.7815 8.50255 16.2702 0.00470502 400.494
-65.2762 0.528806 1.41522 10.4209 40.3919 55.4536 6.70066 63.3693 32.1932 5.65146 10.1363 2.79804 27.4639 9.04909 6.04928 1.18663 4.49681 6.34572 1.92329 12.0079 4.1468 93.6401 184.887 2.70842 6.52392 14.8721 5.2457 17.2057 0.00614566 394.845
-65.8606 0.543347 1.49777 10.7232 53.3549 50.4645 2.27017 43.5411 31.1852 15.9873 6.89748 3.22401 28.8501 8.3144 6.95041 1.93186 5.31887 3.65501 2.99674 34.6108 4.1468 91.0921 172.993 2.94382 8.62724 20.093 5.44284 2.77561 0.00612276 394.703
-66.5619 0.627022 1.48718 10.7752 53.3549 45.2812 16.107 43.0097 31.1852 7.36627 3.504 2.16222 31.0978 11.9969 6.35618 1.39356 1.96702 1.97668 2.64548 14.8411 8.42897 104.677 169.962 1.98006 11.1657 27.817 4.30124 1.00524 0.00498116 394.126
-66.8228 0.517318 1.53864 9.74603 62.9038 49.9083 6.40002 43.0097 31.1852 12.4789 6.4424 6.20151 29.4334 3.08836 1.68678 1.72781 1.20441 3.95809 16.7134 7.38352 13.3541 115.589 146.784 11.6209 6.88984 7.52222 3.78178 11.631 0.00217365 391.957
-66.2511 0.515224 1.59628 10.1437 59.542 47.5797 10.5328 42.8958 36.1764 7.40152 6.39497 9.28786 16.2125 2.74413 5.44343 2.67448 1.20441 5.87546 19.2238 9.12399 11.3039 111.668 145.798 15.2893 14.3898 3.61115 3.90518 16.7543 0.00167979 384.502
-66.751 0.515224 1.58005 8.46662 53.8369 57.6083 10.5328 28.2177 43.8 4.05297 1.76235 15.8461 6.72745 12.992 7.1791 0.590512 1.08119 15.7812 15.1763 4.86643 8.89938 124.023 137.819 27.3832 23.9996 2.1868 1.83708 1.28285 0.0191037 387.323
-66.9639 0.515224 1.79352 7.12032 55.2159 57.6083 10.8364 26.8873 42.8082 11.27 4.35501 9.3131 6.79101 23.915 8.2532 2.25175 1.36769 15.374 9.18762 1.24315 4.80692 146.098 105.135 32.99 19.3594 7.81327 6.03727 0.930083 0.0291508 391.498
-68.367 0.583785 1.79424 8.07316 54.2993 57.6126 26.6979 15.7669 38.7856 28.8025 5.38834 1.18291 6.93272 11.6221 5.24049 2.98792 4.87266 18.6019 4.06973 1.67288 4.05918 134.101 114.794 49.7307 12.9505 3.43779 14.23 8.94323 0.0169584 388.45
-67.2993 0.583785 1.68984 8.07316 58.4744 57.6126 28.6068 11.0292 37.3392 30.1423 2.37081 2.86449 5.88738 11.193 4.38016 0.72619 8.57806 16.2133 0.794621 2.25605 15.9542 126.304 121.419 40.6927 4.70538 5.53745 17.1521 2.25156 0.0179207 387.443
-67.2359 0.539025 1.6726 7.82204 55.9838 65.5888 24.5035 13.4297 37.3392 20.2373 2.43951 2.75792 10.1773 9.09645 5.85646 1.088 3.71962 2.98163 9.39369 11.1372 10.6747 128.285 126.586 32.9664 4.51409 16.3218 27.8809 15.7332 0.0415402 389.27
-66.5823 0.480316 1.57611 8.71069 49.4098 65.5888 23.6382 11.614 45.1722 16.5443 1.94844 3.12273 11.1143 14.3478 3.43383 0.800373 4.25677 1.84838 10.9622 4.52622 27.1246 121.833 126.586 33.5047 9.30541 3.6669 17.5701 7.5034 0.0199778 383.539
-66.5823 0.527547 1.58111 8.47775 49.4098 69.725 23.6382 14.8362 44.375 8.33216 5.6642 5.85061 8.77986 14.3984 0.391046 2.1567 4.09177 1.54992 16.519 1.89618 13.1583 121.833 134.339 40.7312 12.4778 4.71944 7.60817 9.86817 0.0301206 383.532
-67.3582 0.568318 1.64079 8.40934 53.6212 67.6529 23.539 10.6322 41.0567 2.09667 12.9293 8.77816 7.9949 12.1291 1.5061 3.31072 9.65555 1.25256 10.6358 2.4688 16.7103 116.011 160.751 17.0556 2.22174 5.59689 13.5723 15.1513 0.00851437 385.989
-67.3582 0.506352 1.66439 8.51184 50.0445 70.5519 14.3077 9.7881 50.0003 6.32025 20.1551 17.0201 8.11945 1.547 4.08815 2.27481 0.675535 6.46371 6.35965 8.50511 7.10287 120.376 156.639 3.8033 5.17502 10.7636 15.909 14.7676 0.0127317 384.065
-64.0687 0.348477 1.65383 8.35547 48.1935 73.4953 1.99966 16.4883 52.5927 14.535 20.2916 11.7022 12.3269 2.91802 3.35811 3.12622 2.2399 3.88545 8.18525 6.10381 13.2761 90.8416 174.099 20.4416 7.24036 2.76533 13.2584 38.4883 0.0120062 389.049
-64.5277 0.316906 1.68206 7.92121 41.1833 77.6171 5.35488 6.72357 61.8728 7.03544 18.8485 10.0039 17.0279 12.6528 0.471006 0.631086 2.26521 3.0303 8.87062 9.35797 7.23732 107.416 168.334 8.40791 6.31449 25.8685 20.3436 38.2259 0.0170654 388.891
-64.5277 0.247875 1.88156 7.994 41.1833 79.6409 2.5542 13.6857 68.8809 4.11309 18.3028 16.559 10.3898 6.01059 0.421884 1.66585 2.738 1.16111 8.78988 5.81528 4.50514 110.386 166.99 12.4876 8.63 11.1723 7.77741 48.4406 0.0274972 390.557
-63.6458 0.258118 1.79821 7.7399 43.7032 80.6957 18.6182 6.67567 35.1569 12.9304 19.3315 20.3264 11.2728 7.2359 2.06786 3.19949 2.50042 2.1129 4.94094 19.0146 8.41542 112.049 152.296 14.9833 5.57436 7.40089 7.10377 15.5658 0.0246982 390.703
-62.193 0.259949 1.55004 8.40031 42.2166 81.0263 30.0931 6.67567 35.7615 12.2986 18.026 10.6961 12.2065 6.90744 3.68764 3.36686 3.60278 8.03818 5.59532 1.71542 10.3372 105.948 150.874 29.8025 9.56641 1.64322 20.1013 6.00198 0.0236579 383.803
-62.8541 0.31921 1.51055 8.51671 43.8475 72.6189 34.1263 9.65946 44.8486 3.14121 22.1644 5.92848 12.639 4.84957 3.44764 7.35371 0.861435 10.372 4.64741 2.03221 2.30425 101.849 172.739 21.0904 11.3047 2.50249 8.33088 4.96047 0.00900236 388.11
-63.353 0.305475 1.56116 8.62776 50.6091 62.2673 39.6618 4.5369 46.9002 7.17837 21.0186 2.46642 11.3364 5.24188 7.46035 4.47844 3.47014 4.75658 6.91167 1.53742 21.994 94.4556 160.126 18.6715 10.3888 10.3308 12.7813 4.92319 0.0067775 387.062
-62.4787 0.305475 1.59025 7.49972 50.8679 67.5697 38.4129 12.5911 30.4257 2.14168 20.0907 2.57336 20.789 2.96052 0.748818 2.09559 3.17516 5.81058 8.96809 2.66512 18.5747 110.203 156.795 16.5719 7.42216 8.80549 18.5053 1.48331 0.00676187 385.054
-63.9813 0.272378 1.57589 7.7935 52.5223 67.111 25.2845 14.7779 33.6755 4.22722 30.1582 3.14681 4.66157 14.4231 0.852321 1.22434 8.90552 3.02623 3.07869 2.75662 27.0271 105.489 159.777 16.4797 4.43023 10.2473 10.7699 3.74424 0.00812022 390.854
-63.8978 0.330736 1.58388 8.2296 50.446 66.7207 31.704 9.64914 33.7698 17.2272 13.7897 14.1651 3.83397 3.33653 1.33583 2.87401 3.2141 2.28539 5.71246 5.12057 26.1563 98.6247 165.111 17.4128 4.0895 12.0432 8.87913 29.7405 0.0115461 384.316
-63.443 0.308854 1.64191 7.96713 51.2453 63.2054 42.9637 12.8047 14.7615 13.4668 15.617 20.8535 0.924272 6.59632 1.33583 2.70943 3.78879 3.20024 5.54516 13.3684 35.3538 98.1057 162.923 7.4449 4.22079 4.04863 4.19658 5.28632 0.00502155 386.536
-63.7251 0.273669 1.82361 7.07698 50.8236 66.9398 57.161 11.7012 16.1974 2.73887 25.3816 7.98662 4.88553 1.93296 0.239192 4.6093 5.08078 5.24606 6.67441 4.73914 29.9629 89.4827 165.726 14.9165 19.0412 5.97106 11.8674 15.2664 0.00462718 387.143
-64.7989 0.373845 1.77463 7.29248 46.6442 65.228 57.161 11.7012 16.5662 9.26863 29.9056 3.37261 6.06151 0.752351 1.04498 4.07985 3.10057 3.02676 10.1266 2.29328 31.2141 98.3141 170.383 5.64282 12.6619 5.78464 14.2846 15.2718 0.0236177 384.533
-63.7325 0.373845 1.55659 9.41818 53.079 65.228 53.9138 17.329 1.73026 9.01938 28.7531 1.50045 1.42596 3.67194 3.97262 2.03975 5.48438 1.79661 18.0783 2.21105 30.5212 86.1434 170.99 10.1386 8.13801 3.3035 13.8036 14.1748 0.00240331 392.637
-61.3702 0.145909 1.62812 9.98384 48.974 64.9098 45.2848 19.4966 7.3085 15.0675 34.9539 0.758239 4.60857 4.08086 1.43941 4.41356 2.55975 1.69364 6.35185 2.21105 29.1712 122.158 141.975 6.99685 5.0157 5.82368 25.7702 13.7605 0.0240734 387.913
-62.384 0.219525 1.66733 8.14846 38.1251 84.7895 39.128 23.3725 2.50254 13.297 20.1653 9.11238 5.86478 1.92194 2.39908 3.7303 4.26443 0.371055 6.15236 7.34262 33.9699 106.78 160.622 4.80668 11.5792 19.0838 6.83723 13.7908 0.0143606 384.149
-63.7302 0.250994 1.8152 7.88603 38.7252 81.914 41.9368 25.945 2.90893 6.75248 29.1328 12.7993 7.34337 2.5205 2.93319 6.10074 1.5088 0.785193 0.921237 5.61113 35.8368 94.204 162.998 18.0626 11.6361 2.98282 2.32017 8.45988 0.0206154 387.202
-63.9269 0.279553 1.65183 8.1119 38.7252 80.6593 41.9368 18.6829 8.31547 11.2395 14.9892 10.303 9.07873 3.37482 3.25493 2.65885 5.50443 6.81442 2.86898 5.70345 44.8607 103.049 144.87 25.8797 10.6591 2.94538 0.533892 2.04105 0.00597264 388.899
-63.3635 0.262877 1.65283 8.32139 38.7252 80.6593 49.0049 9.77667 13.9897 15.9127 9.26379 10.3265 14.8902 8.63168 2.98038 0.82872 4.65168 2.42358 3.57626 9.2514 25.5166 103.049 135.626 53.096 15.8449 3.95157 9.04348 1.03671 0.0166288 388.088
-63.4099 0.308936 1.723 7.72023 41.2581 78.909 49.0049 9.0399 11.2433 9.8681 11.7349 10.3265 17.847 7.00488 2.27539 5.7191 0.417696 1.6636 4.43136 14.7923 20.9062 115.09 133.249 42.3568 11.7729 11.6759 4.93876 0.220813 0.0206181 385.706
-61.8399 0.201945 1.65008 8.36803 44.0306 77.0162 61.5899 10.5537 10.9963 6.83036 5.51834 11.08 15.8176 4.23279 6.31498 13.0183 13.1338 1.92676 3.37974 14.8399 23.8009 99.1835 135.138 10.4569 17.208 1.16976 24.8926 8.69609 0.0388575 394.913
-62.045 0.164238 1.58664 8.51875 54.1296 52.9247 48.5003 15.0125 25.0641 17.3102 6.9065 11.989 6.98451 4.0883 16.0098 8.74031 3.44971 15.0695 2.34045 14.1174 11.7598 105.994 137.804 16.4808 24.5589 11.2104 14.2522 23.3023 0.00806051 397.42
-62.045 0.21238 1.62834 8.49887 50.0401 65.8192 52.5204 19.9131 12.0324 14.8907 10.4716 10.4046 9.34438 3.6517 1.92165 2.54508 1.54475 0.884323 1.91393 11.3191 12.0996 139.536 137.819 16.3794 24.7371 3.49175 45.2582 2.51167 0.0196208 390.049
-61.295 0.165301 1.50328 9.06565 47.7499 78.3251 58.0203 2.61808 8.17286 25.4189 6.96193 11.3821 1.86459 4.78006 0.186239 4.65932 3.67071 12.4545 5.94542 3.0999 9.45354 139.522 133.46 13.5549 11.7844 12.7132 21.3668 21.6548 0.0136617 388.617
-61.295 0.168618 1.59948 8.66496 39.817 76.2709 58.0223 6.82687 16.4098 11.9404 9.1519 13.0425 6.90293 10.9638 1.49499 3.58062 4.39283 9.79069 3.22144 1.42494 6.37387 136.847 130.094 41.5854 1.72449 10.5341 20.2709 53.5294 0.0114556 387.628
-61.295 0.139708 1.56755 8.53275 40.7721 77.2633 49.1908 21.6157 4.82169 5.81106 9.2487 10.3269 12.4214 11.4401 3.38028 2.36749 2.64945 5.81503 4.84892 1.58079 20.5268 128.332 127.513 33.2653 1.9954 25.2775 13.2945 17.2582 0.0350756 387.644
-61.1374 0.207017 1.5131 8.18851 42.9002 82.7011 34.8573 20.7963 3.58759 9.29153 15.0904 7.71139 14.3665 9.98458 1.6286 4.65214 5.00864 6.15836 6.5059 3.70247 15.2308 132.726 127.094 43.4656 2.36775 2.01081 25.6519 32.3743 0.0246159 388.224
-62.8414 0.236821 1.55851 8.7497 43.62 68.2001 42.617 22.8232 10.8312 14.4739 7.58948 5.78956 15.6194 10.3442 0.776052 5.3168 2.78392 7.64755 12.7119 7.42306 12.9403 130.188 124.561 26.9588 1.48512 6.30605 33.5428 37.3159 0.00276775 387.635
-63.5648 0.278348 1.55724 8.7497 47.3523 70.2241 43.0943 24.7258 1.89145 8.80819 3.64278 14.9603 16.5073 12.1129 1.15941 3.0167 10.8361 3.73526 3.29547 9.80006 17.5659 120.33 122.075 27.7105 8.78665 25.0399 15.8791 5.88847 0.0079821 392.172
-63.9633 0.296802 1.61929 9.94589 47.4115 69.9231 10.5166 24.4839 36.4972 4.00867 8.13883 12.0654 19.1399 10.4614 2.22786 1.18592 3.78329 4.20061 1.70256 5.00567 36.1377 107.938 141.155 26.7594 6.71018 19.3579 8.96701 3.09057 0.00651141 385.42
-64.8452 0.358633 1.6939 10.4321 48.7135 71.0006 9.49866 24.9412 38.1812 3.55169 9.96316 7.2916 23.9086 9.06804 5.27966 1.84238 1.80976 4.16323 1.35795 3.63494 33.1993 107.755 148.927 23.7328 5.73738 5.94798 25.3806 7.3182 0.0283181 388.31
-63.0511 0.317183 1.60314 7.89442 53.1285 73.543 14.3703 21.6959 26.575 1.51547 8.71599 14.7766 16.1168 16.2136 6.25841 2.80217 4.42509 15.946 14.3637 5.97922 19.814 94.0213 149.743 6.59267 9.9408 13.7267 8.87445 4.06617 0.0116052 391.951
-64.2753 0.355309 1.52372 10.5559 46.2455 67.3571 10.1875 29.8498 36.226 10.9811 9.49066 21.1984 2.29357 4.19299 5.37925 1.42588 7.01369 6.70425 14.595 4.98092 6.80394 117.562 154.801 11.8452 17.9147 13.7258 7.24815 14.8654 0.0197527 385.806
-64.8328 0.448702 1.45753 8.89658 48.2175 70.3459 9.49101 27.6365 34.0217 9.67337 13.5118 11.3863 6.66098 16.9403 6.66815 1.38547 5.35682 3.98324 9.69549 5.48732 8.37286 124.058 135.509 29.6704 6.86671 15.2747 15.8348 20.6901 0.0121425 385.306
-64.98 0.429504 1.49243 8.64364 47.2116 64.4864 13.3619 31.015 34.4016 9.61636 14.922 13.015 8.55457 4.3887 6.58986 8.22891 6.48434 2.52006 4.07148 6.98365 4.98026 127.646 131.374 36.2485 4.66528 12.4009 13.075 1.29098 0.0056249 387.747
-61.8326 0.175312 1.69105 7.81035 44.7168 78.8951 19.5778 13.3188 33.3398 4.33442 11.2835 21.1913 7.09674 6.04461 4.77494 4.8269 2.68747 4.49248 10.425 8.51667 3.09602 130.023 136.691 35.3603 9.3848 4.53779 3.43821 9.83585 0.0110418 384.179
-62.1437 0.22752 1.61993 8.10725 41.2427 78.0855 22.5694 13.3188 34.3306 4.23768 15.6918 26.2491 5.44884 8.22969 4.43591 4.8269 0.921916 3.77782 11.0335 3.48007 6.83497 111.343 148.027 30.537 3.48444 14.3468 17.0716 19.0054 0.00848916 386.922
-60.3829 0.102391 1.70365 7.1274 38.1359 92.8854 27.1269 21.1212 19.1295 7.91171 7.39706 15.7701 5.23055 2.50189 7.0125 9.28393 6.46787 6.31405 14.7217 1.38183 11.0448 120.924 138.446 21.2951 1.38457 12.8426 34.5292 26.3512 0.0368636 391.748
-61.9444 0.22971 1.56902 8.45065 41.013 83.274 26.485 23.7843 22.1387 9.24385 4.87245 10.2664 6.89384 6.24752 7.81461 6.91014 3.33679 6.60909 14.8685 2.81854 13.4718 122.533 131.91 30.0562 13.628 4.85352 27.0311 54.938 0.0486888 389.021
-61.6588 0.12966 1.72121 8.41954 38.7573 79.7576 22.7643 22.501 22.439 2.83393 4.49805 10.4135 7.8078 14.7496 10.2946 8.61498 2.40678 14.9523 6.30817 13.7977 10.9005 118.066 130.335 47.6368 3.63037 12.285 22.8642 27.3853 0.0584128 390.882
-60.8183 0.134403 1.64211 8.45248 45.0839 76.966 20.7657 36.3596 18.2902 1.05077 12.4838 2.4737 10.9278 15.0543 7.41835 5.74383 3.57428 13.4072 8.63726 3.06637 10.5618 120.372 128.406 41.5599 2.61139 14.0768 1.75158 14.1268 0.00468491 384.689
-60.0285 0.0681891 1.61569 8.39684 40.884 76.966 19.4757 32.097 20.8468 5.03903 14.5876 1.88081 5.11999 25.5703 6.71259 6.55759 2.45833 11.3415 8.95863 2.6761 4.61532 119.858 141.73 21.8313 4.89998 20.8995 17.0717 41.0533 0.00900451 388.811
-60.8357 0.101135 1.60189 8.79292 37.6009 98.3152 23.2704 27.6027 19.3689 1.97773 17.6978 11.9476 2.20114 6.48104 6.49548 3.79728 1.49088 8.91446 9.6675 6.32642 4.10894 116.366 161.61 10.9468 6.36917 12.4985 19.6866 39.6593 0.00548003 387.898
-60.4216 0.101135 1.5562 8.62738 27.3435 97.3394 24.7743 24.4849 20.5531 0.575974 30.9005 10.0049 3.7259 9.61109 1.67911 1.26863 1.93528 6.25971 10.9169 4.77903 5.67347 118.642 157.349 4.37935 5.56947 10.1695 38.9264 43.4328 0.00340626 388.108
-62.3601 0.20678 1.76774 8.05598 28.1839 97.3394 22.4491 30.0547 20.4106 7.13022 15.5777 16.3263 4.71745 16.1568 2.75133 0.576046 5.31352 1.80335 6.83765 8.11435 4.07803 118.288 153.304 8.88499 5.56947 17.0202 30.814 9.68281 0.0093409 385.406
-63.3496 0.288117 1.51152 8.75982 33.0679 105.917 14.9716 26.6099 8.62624 29.8202 3.53211 14.107 5.87861 2.57271 0.118944 1.02192 1.7571 3.07491 2.6381 31.9391 3.42874 117.216 146.559 17.0351 7.87914 8.58178 30.9367 36.4579 0.0139029 390.501
-62.5838 0.316473 1.48585 8.63466 26.4338 105.816 20.7982 22.0964 8.24876 29.8202 10.9489 8.96286 4.20518 3.37493 0.611416 3.00339 5.72939 2.93579 4.07946 23.4468 4.2908 116.742 158.264 18.8694 14.4897 3.75234 2.42086 18.1151 0.00653088 386.061
-62.0892 0.248537 1.55144 8.27628 25.8623 105.816 47.9459 7.63249 7.38735 9.03845 12.6993 4.59847 11.8005 3.07444 9.20326 0.908697 4.70225 6.12507 11.5105 17.6506 5.35282 111.129 152.997 22.9174 1.28613 17.3593 20.419 17.8909 0.0015399 385.823
-62.5218 0.256352 1.49678 8.82118 26.2387 105.816 45.7999 6.3062 14.4828 4.03173 6.21449 2.36483 10.7278 13.8629 5.48153 7.64824 4.73046 4.72669 14.2686 11.1808 8.32977 112.784 157.823 5.10128 4.29966 7.31278 21.2964 48.8002 0.0273298 388.978
-63.092 0.257984 1.70467 9.02899 48.4902 64.6229 52.2028 13.7529 14.4828 9.58515 2.60506 5.57232 14.2281 5.81072 9.41019 5.87855 9.10012 9.96908 4.81283 3.61816 7.06687 113.255 167.655 6.28699 15.0066 17.9166 34.0593 59.4155 0.0423009 397.013
-64.0034 0.305932 1.66117 9.85379 48.6597 61.3561 43.843 10.0098 25.5133 10.5145 25.544 1.22656 27.7689 0.666087 3.40527 1.57578 5.5238 6.06563 13.688 2.73655 8.93237 101.481 164.199 6.36545 16.0735 8.26025 19.9971 72.921 0.0138939 391.871
-63.6816 0.344797 1.61779 10.073 44.9303 61.3781 46.4259 14.072 15.0965 12.2436 21.4623 1.22656 27.7689 3.22528 3.57448 1.53783 0.286084 2.83234 11.2711 4.8326 7.19274 103.607 185.753 6.36545 14.9612 5.96476 16.5424 4.7522 0.0370483 393.53
-63.8938 0.366273 1.58788 10.073 49.8905 56.4078 36.4431 14.2917 27.4672 12.0409 9.67565 7.64723 27.1418 1.9871 1.24544 2.47969 2.4748 2.07663 20.7189 6.68879 9.32153 99.0243 184.215 0.763181 9.33612 3.72307 24.5508 8.00079 0.0189199 386.183
-66.3069 0.541979 1.46786 8.93731 55.2264 52.3288 36.7492 29.0042 21.5407 4.68021 7.05354 5.28449 36.3153 2.30867 2.0821 3.79562 3.39811 2.7174 21.0621 0.921194 9.54434 104.661 152.756 14.5595 2.90996 18.0977 3.61934 66.6554 0.011988 390.228
-62.68 0.157854 1.70924 8.59725 53.465 52.3288 26.3012 38.6088 19.5849 2.38818 7.05354 3.03191 28.1495 1.37746 6.02434 1.57017 3.41326 0.606691 4.05422 3.10937 32.8222 119.199 165.406 2.33913 2.90018 10.5086 8.08832 7.92508 0.0185368 389.149
-61.5039 0.142229 1.59503 8.85363 54.6688 56.4244 29.3097 40.1084 17.2973 14.1752 9.90802 11.5839 10.4062 2.05069 10.7407 2.57604 5.40135 10.8372 4.81864 2.59522 7.63096 98.2277 171.769 6.40713 6.44962 19.3878 15.5485 10.4413 0.0333333 384.279
-62.8297 0.319302 1.39286 9.11105 62.617 34.7046 11.7641 53.6782 23.6951 14.8655 5.43929 13.6959 16.7562 6.85329 4.76756 3.30913 5.95926 5.85295 2.61212 7.48369 21.6046 98.2277 164.513 12.3994 18.9223 3.72697 13.4734 19.3984 0.0447369 387.816
-63.0762 0.312709 1.42707 9.024 64.2698 37.2757 20.1878 53.6782 19.7663 12.7011 7.01618 15.3104 10.036 0.293089 2.63092 5.46497 5.91794 3.89964 12.2695 5.63859 13.7232 107.814 168.071 6.12408 9.49224 21.2339 18.6985 3.02115 0.0153831 386.249
-62.3441 0.207742 1.51347 8.21412 63.495 38.6504 20.1878 53.5631 15.6714 2.55465 2.40548 20.3753 21.7119 7.25359 1.05118 1.15512 7.14419 3.51552 15.3348 6.88713 4.26001 120.603 156.785 2.759 7.72837 24.6631 15.7376 1.70921 0.017316 387.741
-61.1228 0.137735 1.57583 8.48628 65.9767 36.0384 20.1878 53.5631 11.4522 4.4006 3.59061 22.1092 24.8207 15.2782 0.141329 1.18262 6.86945 4.37842 12.6328 0.480877 7.57861 116.596 154.277 12.8641 10.2857 26.5366 7.22029 19.2421 0.0142905 389.029
-59.4355 0.064416 1.5558 7.92374 67.3523 34.9637 18.2844 53.5631 21.6012 10.9886 3.57716 6.00212 24.8207 15.6342 1.11368 10.776 4.49082 1.08786 23.2545 2.98159 5.79242 95.2896 153.16 14.8974 23.107 8.88528 14.1676 5.87368 0.00291525 390.646
-59.5825 0.064416 1.6184 8.26784 62.116 38.5597 18.5819 53.1119 26.0192 0.167176 11.598 9.57584 14.0281 16.0789 1.00682 4.69298 7.5806 19.8225 7.4562 1.13779 6.23366 95.2783 157.822 33.3834 1.28824 1.53909 1.72374 10.778 0.00316481 389.793
-61.0365 0.108839 1.64517 8.19609 60.2922 42.5735 18.5819 55.1621 19.1697 5.3695 13.2835 3.8073 11.7305 20.8205 7.98999 7.60434 2.33034 2.09094 5.67716 4.66606 7.0318 103.544 146.516 36.3931 6.95393 8.15841 1.01396 13.1455 0.00447041 390.434
-61.0606 0.110451 1.63619 8.8991 62.6406 42.5735 21.0264 48.6623 13.7465 5.32145 12.1954 6.05536 9.9995 16.6136 13.1141 3.09604 6.83086 6.75377 5.51004 5.35696 24.6244 105.645 128.963 46.1823 4.88625 4.05427 25.2517 4.14975 0.0063538 392.562
-64.6297 0.322978 1.73984 7.53957 61.6519 43.3122 21.9628 49.0391 13.7465 4.95198 11.0909 9.41609 12.6776 30.4213 4.56357 4.53625 6.00942 5.58596 7.46836 13.5425 8.6327 105.601 131.84 46.1823 6.11071 2.60503 28.5308 2.74439 0.0216669 391.566
-64.7687 0.322978 1.69426 8.12038 58.7001 56.1059 19.8792 53.5702 13.7465 9.32388 12.8425 8.50264 10.7832 9.99195 3.06883 5.77358 10.6602 5.50304 6.11291 21.5012 3.16017 104.299 131.84 30.8391 11.3997 4.85836 26.3639 3.76218 0.00487403 392.469
-64.9003 0.416865 1.65826 7.39291 59.4813 48.558 28.8985 38.1805 20.4755 4.60386 20.8099 21.4027 4.4292 11.1005 2.70045 6.3421 1.56335 20.3195 5.73398 18.4824 7.35647 88.4395 139.931 24.9518 6.49487 12.5806 15.1292 10.0322 0.00487403 388.47
-65.8376 0.48907 1.57367 7.81394 53.7883 56.7029 20.5082 39.7942 15.0817 11.7762 4.33014 17.3157 7.73097 11.1005 6.07859 3.63223 2.37677 17.4309 3.03649 4.479 12.8142 125.168 140.645 22.624 7.6812 11.5635 21.4671 36.0782 0.0103892 387.11
-65.8376 0.486913 1.62381 7.89285 60.6951 47.8392 15.4992 36.4038 16.7339 16.3578 12.1558 19.7942 7.4866 15.625 3.80955 5.80119 7.7483 13.4183 3.06582 4.51255 8.47948 114.958 140.645 20.1057 10.4155 21.4314 11.4513 24.5729 0.0277991 392.395
-66.0772 0.393849 1.77086 8.35481 60.7242 47.8392 28.5783 33.5137 24.0936 8.17437 12.2339 18.4704 7.57032 13.7724 1.37015 7.63717 5.9374 4.57633 5.58488 8.76781 4.63879 121.945 148.762 15.363 6.08064 6.45851 16.0209 52.4558 0.016082 389.254
-64.6718 0.314489 1.76315 7.80682 61.8377 47.8392 19.7209 44.8059 11.2515 1.82097 7.80373 19.8368 1.53397 22.3395 5.0142 14.1022 3.87979 6.11268 5.66949 9.59337 6.35611 113.973 159.173 7.23626 3.37401 11.8114 6.36606 26.9979 0.0163065 389.178
-65.0914 0.314348 1.86582 7.94459 66.0529 40.7583 26.3987 44.8059 11.2515 4.24156 9.41564 20.9398 2.8242 14.7618 2.47984 5.43096 3.55612 6.25977 10.3216 6.40331 4.23079 125.879 165.772 0.268631 7.75295 22.6784 1.74917 8.02127 0.00665199 388.533
-63.0249 0.244923 1.74637 7.70213 66.7384 47.8833 27.0829 25.4942 30.1485 6.51133 4.72241 22.6696 4.44479 8.94685 2.46696 3.63839 3.76931 8.38089 3.51866 3.27257 23.7399 120.75 157.131 0.68761 9.1188 2.43317 15.2872 19.3342 0.0111129 388.147
-65.1947 0.370094 1.7975 7.01995 54.6051 52.6508 27.3766 33.6431 22.8718 6.9894 9.38285 15.0626 13.4202 10.3953 2.00518 2.56625 9.8547 7.1883 8.83616 7.34466 20.3963 129.036 130.983 9.65127 23.7789 9.61073 14.476 18.9688 0.0103748 391.92
-66.6283 0.411315 1.89004 7.01995 60.559 40.2178 53.8962 22.2619 25.4999 2.4724 4.04723 6.97278 10.5919 18.3759 6.83972 1.28397 4.26324 6.52298 7.46682 4.23677 22.4734 120.237 130.844 32.4072 3.48293 6.04053 19.6384 23.7756 0.00591611 388.195
-65.9 0.373458 1.75963 7.53062 62.1457 38.018 57.8767 15.3912 25.4999 7.31183 10.5956 6.57023 8.14842 7.4055 1.20123 6.78786 3.57794 6.83825 7.38299 4.6846 27.149 119.078 126.281 42.2113 12.0374 5.25052 5.4036 6.65652 0.00226734 384.531
-65.9546 0.384555 1.81797 7.78704 60.8932 38.3591 56.036 12.0113 29.0128 3.56725 22.7376 7.03756 14.6806 2.58314 4.17397 2.43488 2.84304 2.66764 7.30463 4.6846 29.8359 116.554 127.776 36.2819 17.26 4.9442 5.9871 10.6106 0.00248477 383.01
-65.9546 0.370017 1.83628 6.65046 65.1496 33.2855 57.2304 12.347 34.6406 4.76718 5.01558 7.86484 17.8932 5.32077 1.90862 2.77639 1.53025 1.93183 9.77928 4.03124 38.0508 115.863 129.018 7.31733 10.3965 18.8651 10.0194 39.2686 0.00587654 392.693
-66.6698 0.449112 1.75655 7.51669 67.5329 34.7003 49.38 6.82486 33.702 1.69418 7.68616 8.20582 29.5538 6.07313 5.86345 2.51626 0.800061 1.92131 9.41002 2.70451 22.8275 109.695 152.65 19.1609 18.8426 3.394 8.92184 31.7685 0.0176737 386.064
-66.7767 0.396392 1.89478 7.47236 68.3743 29.6039 49.38 7.99572 40.8081 1.9842 5.90195 7.68412 21.1199 9.06391 8.26469 0.70195 0.839204 0.951508 6.04552 8.36408 26.1152 110.988 150.454 19.8501 0.728082 6.39717 48.0074 26.6174 0.0178484 389.134
-66.7893 0.451001 1.85368 7.27988 67.7208 34.1245 45.7692 13.6829 31.0464 7.93884 12.879 6.17147 16.4011 12.6161 13.9554 0.202154 4.92389 7.10493 0.879876 1.43688 25.4415 108.197 148.889 12.5601 7.34841 9.63887 37.1982 23.4886 0.00494593 390.765
-66.3232 0.498522 1.54076 8.63448 69.317 37.3489 52.2694 12.4181 23.7055 10.9943 12.4677 16.4898 6.61768 3.04888 14.9247 1.94894 7.10935 3.21734 3.0347 6.88992 13.3065 104.635 157.254 14.1641 11.9075 6.91779 21.6265 8.21582 0.00875305 386.097
-66.4732 0.498522 1.64818 7.96153 67.6507 36.7287 53.8954 18.9116 19.6039 3.16693 18.9558 13.3918 5.43702 5.91929 3.97695 4.86089 4.09979 2.39458 4.59192 9.74627 25.141 102.073 161.18 21.5796 10.5878 8.74552 16.0488 3.53958 0.00829016 385.757
-66.1762 0.48268 1.60491 8.68108 62.9857 36.1418 52.6921 17.855 27.0035 6.71849 17.4812 7.4281 7.41874 10.4558 1.95647 4.28285 1.4523 13.9143 3.61835 10.8325 14.8587 109.741 149.625 11.8839 11.502 7.83983 11.4327 16.7325 0.0255127 382.108
-65.0946 0.307922 1.64674 9.96077 63.5767 36.8571 52.6921 15.9901 28.8687 9.21269 11.5299 0.889065 14.9204 9.55482 5.32419 1.37412 2.23318 2.7484 11.7916 2.48146 13.7865 111.415 158.617 13.185 8.61824 9.59248 13.0458 5.63436 0.0117372 388.826
-65.0866 0.400006 1.58635 8.76866 54.1619 41.8267 54.0479 15.2554 24.5861 5.89994 16.0361 5.60919 13.1776 16.7256 8.35737 2.70245 1.65479 1.85498 11.4551 10.5411 10.1069 109.709 159.845 8.203 11.5169 5.78386 20.9515 14.9288 0.0533712 386.283
-64.7687 0.37856 1.54881 8.93505 57.2736 42.2563 45.3037 20.6506 31.3861 7.18174 25.6123 6.57295 12.5048 8.23259 1.64678 5.64623 2.09935 3.36074 6.41784 8.42517 9.8529 106.33 148.594 23.407 7.52036 5.22172 11.5631 30.5838 0.0342653 386.156
-63.8082 0.386634 1.41713 8.88529 77.7866 25.0154 47.6482 18.6523 25.3523 22.8508 9.15216 6.20343 14.2413 8.75556 3.94605 13.6616 1.49975 15.0281 9.11343 6.26401 7.28785 91.2753 144.91 23.9339 14.9389 12.789 4.65926 31.7626 0.00112998 393.399
-63.5411 0.311708 1.57009 8.65221 78.3891 25.0154 48.081 5.70515 31.8545 17.5977 6.29537 6.35549 4.32009 14.2923 3.62257 5.24711 1.26169 23.8373 3.14958 21.9146 6.42758 91.2753 156.237 26.6164 29.1594 12.2745 13.9874 58.4642 0.0416975 398.838
-63.6222 0.310901 1.6039 8.67164 74.3974 18.1722 48.5674 27.1056 26.0302 12.2882 4.45238 7.28587 11.5705 17.4348 5.80332 2.2665 1.72594 17.2501 2.15414 4.52996 21.8251 91.2816 157.576 29.705 7.43231 5.00615 21.4874 18.2715 0.0155385 384.17
-63.5306 0.310901 1.56576 8.43916 82.501 12.5187 44.4834 27.9871 20.4904 1.04899 24.7702 12.0272 7.22833 18.4398 6.37134 1.00992 0.614404 11.8557 2.58232 7.22485 14.1665 98.1394 159.119 30.8424 1.91407 8.16283 22.1395 20.2712 0.00661607 387.206
-59.8812 0.0622791 1.66526 8.33886 72.9977 25.7471 44.4807 42.8261 14.9485 8.13432 21.9715 0.40524 5.34142 10.2432 3.04404 1.2412 2.09593 9.30255 4.99162 12.8658 14.1841 107.67 157.332 7.36172 3.00081 2.09782 9.78726 40.6148 0.0199893 384.605
-59.8127 0.0622791 1.60777 8.43423 70.434 25.0735 44.4639 40.0722 10.7402 5.75371 30.6151 2.92516 6.04194 4.681 3.87912 2.14166 2.29531 10.2922 4.73009 12.8466 16.7761 108.643 165.864 3.9604 13.2022 3.52973 21.1403 42.7621 0.00423009 382.256
-62.4003 0.181385 1.61409 10.2429 57.563 42.3191 44.455 42.1373 1.5829 8.82452 33.2444 6.59186 0.337616 5.02982 2.94605 0.961688 0.371408 6.25782 6.01259 21.352 1.37607 117.312 163.212 11.4826 4.21173 22.2562 1.54547 16.333 0.00761585 387.518
-62.141 0.228009 1.63738 9.66451 55.5679 52.2205 46.7884 32.7296 4.99041 1.11568 22.7872 7.24133 8.8046 7.91186 0.248283 2.35132 11.7392 3.09759 6.42147 21.352 3.62094 114.005 155.207 22.4779 5.15698 18.8108 2.60785 15.1834 0.00749687 386.538
-62.6301 0.228009 1.54027 9.56481 52.8135 48.6677 61.1479 30.9505 4.43913 9.33285 21.5626 18.3448 3.31126 5.07734 1.20117 0.65971 2.87476 6.99577 5.07183 15.4488 3.62094 107.531 158.553 21.1682 5.21545 6.61773 2.27223 46.0849 0.00932006 391.544
-62.8706 0.265381 1.58578 10.1555 55.0944 48.6677 58.1576 26.4592 2.8527 13.6067 18.1403 3.96882 14.5552 4.45127 0.630299 3.55844 0.350252 18.7871 5.93522 4.44565 5.13248 116.461 157.21 5.77951 11.4339 19.8557 26.897 12.1925 0.00137498 386.683
-62.8929 0.265381 1.57301 8.71321 55.0463 48.6677 57.7 28.8464 2.96886 13.5379 18.1706 9.10889 9.105 0.372915 3.07563 3.23084 2.25438 14.881 4.78188 2.33181 5.39747 115.627 154.141 29.4204 14.8877 6.62053 22.8921 7.65537 0.00990358 385.457
-65.8754 0.417895 1.72035 9.19169 59.5596 49.2948 39.1464 45.4046 0.0274165 11.8163 8.99334 7.97378 17.5791 0.735735 2.30404 1.73699 8.71164 20.2422 11.0132 4.29272 10.4626 107.687 148.559 4.96765 27.7125 2.29541 12.022 8.49421 0.0021216 395.903
-67.4711 0.554293 1.68781 7.95894 38.0756 86.6231 32.3439 30.8521 6.50697 15.5458 5.88655 8.65581 8.11496 6.25093 4.93515 1.12498 3.53481 7.09956 20.4362 2.9437 10.5303 112.646 150.947 16.9022 18.7047 15.2784 5.00563 10.8468 0.00573415 383.823
-68.6466 0.542484 1.83591 8.06734 76.8264 29.5998 55.9317 25.5585 3.46517 18.1195 0.911463 9.41614 14.8012 14.9246 1.22969 5.1035 2.59865 9.81554 2.35621 7.96502 10.5828 116.995 147.917 22.5025 17.5187 1.48769 8.08999 19.3858 0.00215549 387.479
-68.1342 0.535297 1.83034 7.16636 72.5629 30.4419 57.6254 23.0045 4.18823 17.4365 3.91004 15.1187 8.51622 14.5312 1.27268 0.230349 6.70476 2.50016 4.03487 13.5271 10.784 118.537 147.085 22.9332 7.769 3.66967 27.2647 12.3005 0.00988861 386.245
-68.2896 0.631995 1.73337 7.9349 72.5629 30.4419 51.1222 28.6844 2.45167 14.2701 5.95268 11.6348 8.81431 10.7943 3.77827 7.09699 9.64781 9.38698 4.69199 11.1713 10.7508 107.885 150.79 22.0806 15.8986 3.71017 20.359 17.8188 0.014263 389.225
-67.2736 0.495135 1.72343 8.30553 81.5909 23.0538 71.1375 25.1121 0.0445708 0.843579 5.9581 11.1085 7.23089 22.1815 3.9901 1.66679 11.5726 10.5233 5.13037 2.59348 9.31075 103.982 160.059 24.0419 9.71845 5.60987 35.1535 17.1663 0.0312956 394.524
-67.0156 0.523687 1.73961 7.83568 68.5703 31.7859 61.268 27.2147 1.90681 3.05682 11.1812 14.8173 3.32766 20.2519 2.23855 0.343463 3.82838 7.85331 5.94435 12.708 13.9016 115.083 148.844 20.9238 6.74482 5.1235 15.8441 33.8497 0.0223293 384.297
-65.635 0.473877 1.60272 8.50869 64.2249 33.7578 60.0233 29.3626 2.47562 8.02323 14.7586 8.78752 2.19731 9.61459 2.32995 3.77351 5.60751 20.4479 6.95996 5.3653 18.6649 116.865 140.214 18.2461 14.5691 3.63962 6.16869 4.2898 0.020328 383.653
-65.635 0.473877 1.65851 9.56868 80.7254 11.3572 60.1922 39.3437 9.85674 7.38943 5.24214 10.3429 6.98641 6.16242 1.26281 10.252 2.38756 16.9997 2.02649 1.31968 20.1636 109.557 143.253 30.28 3.15653 14.6212 9.29065 6.5615 0.0402036 390.641
-65.635 0.464092 1.52322 8.46529 77.6209 11.2683 62.3997 33.895 13.929 6.69811 16.0717 9.3509 8.88478 0.758935 2.449 8.91117 1.70856 7.43331 14.5027 5.87646 10.2682 134.463 117.926 37.6157 15.3415 7.0918 54.9087 3.07673 0.0344799 394.907
-65.635 0.443395 1.64223 8.52243 77.6209 12.039 53.5472 26.5018 19.6107 10.9144 4.27039 9.52977 8.6146 8.73105 6.71915 16.9533 2.20437 9.27323 6.58368 1.28652 9.26833 134.463 136.443 23.5481 7.04281 10.3088 9.4827 50.6283 0.0380505 390.318
-66.7018 0.488997 1.64984 8.11324 79.5518 17.6964 64.8638 16.9262 12.6192 10.9144 9.14894 8.68054 8.46121 2.97827 11.0053 7.08441 1.31071 7.38383 8.6223 11.0846 19.1175 134.566 118.714 27.3498 22.949 3.13565 5.24681 5.51472 0.0308069 386.466
-66.7018 0.576142 1.59813 8.17316 79.5518 20.0522 59.9561 26.1587 11.7035 9.04303 2.16068 8.26995 6.71771 7.66992 20.1448 0.751152 2.50584 3.26606 1.83898 6.35062 27.3756 114.939 131.623 44.0625 7.26828 8.75857 8.53035 12.2853 0.0231113 389.594
-66.4497 0.576142 1.57147 7.9967 79.5518 11.4856 16.463 54.4573 21.1687 11.4534 7.77531 0.216148 14.2286 8.08602 22.8298 1.89687 0.472343 4.3535 3.34227 10.033 18.8131 126.133 137.844 24.3439 20.6104 4.11616 1.62972 57.4687 0.00541071 394.585
-66.7901 0.570909 1.53386 8.61376 81.7595 11.4856 24.6245 51.0374 17.1986 13.0197 1.05034 0.777179 18.2882 8.68148 19.6188 1.58236 1.68695 6.65652 9.26542 1.17463 16.4848 120.523 143.138 38.6761 23.8687 3.39931 9.33408 29.0677 0.00778729 392.835
-67.2596 0.540486 1.61648 8.72863 81.7595 11.4856 31.3447 43.2384 23.6786 30.5128 9.24441 1.17448 3.21152 0.977879 7.60789 9.57116 6.29801 2.63961 3.68941 9.26598 12.4074 134.128 140.392 21.4682 6.40787 5.39072 10.1757 45.0754 0.00522143 389.416
-67.2596 0.610478 1.57806 8.42649 76.5324 11.4082 32.8344 43.2384 21.463 28.535 4.69636 4.59454 13.7872 4.10774 12.683 4.49033 6.86024 8.47303 4.57423 6.40264 10.0428 114.883 139.63 41.2877 10.7628 4.32472 11.6613 63.7715 0.0328542 392.117
-68.3561 0.703905 1.5104 8.59418 76.8591 11.4082 60.0635 15.7489 22.8188 16.6766 9.33368 4.06994 4.59948 8.32651 2.8214 3.65167 18.2696 7.11879 9.11753 9.72747 4.0772 126.812 134.272 48.1819 4.53008 7.47602 4.32205 89.0766 0.00337426 393.946
-68.0672 0.703905 1.47267 8.38471 76.8591 10.2974 60.287 15.7489 29.4602 17.6633 6.22061 1.99831 8.41689 8.04154 8.58341 2.80355 13.2843 4.95589 18.0255 12.3812 4.69909 117.665 122.228 42.0492 6.69712 3.5909 19.7928 81.2908 0.0037385 394.257
-68.0672 0.601956 1.59423 8.75444 76.8591 10.7235 57.945 15.6631 30.3566 16.3088 7.29804 6.69487 5.25079 4.37102 8.53338 0.754835 13.4171 3.98503 9.11189 13.5059 5.31681 117.665 133.767 39.2374 1.19769 1.14515 24.1442 37.5989 0.0101868 390.746
-68.0672 0.601956 1.59423 8.71784 74.9555 15.3693 57.945 11.8267 31.4627 8.45463 7.19028 9.86033 8.74923 1.59517 8.5497 0.615555 14.8349 8.10139 13.9146 15.5212 10.8873 102.16 155.125 12.6418 4.34259 14.7533 17.7991 3.4457 0.0102414 386.849
-66.7118 0.601956 1.46237 9.96664 75.5551 19.2519 56.9911 11.8267 31.4627 7.0822 9.16093 1.96297 10.5175 2.83192 3.866 3.00794 10.1896 16.658 13.6413 14.1058 3.02926 110.993 162.881 3.28697 4.34259 12.4802 20.4969 71.448 0.00580532 392.788
-67.575 0.601956 1.533 9.13563 63.8246 33.962 50.5281 9.10145 33.0844 12.2013 0.898795 2.72742 22.0569 2.75856 4.51674 2.1498 5.27756 6.86342 16.9122 19.6383 5.51051 106.656 171.645 15.1166 4.34259 26.1422 6.87256 14.2256 0.00382359 394.901
-67.575 0.601956 1.63488 8.0198 69.6684 21.9768 58.9658 9.10145 42.8348 5.54555 1.45598 8.68824 27.4142 2.70552 3.12135 1.38593 2.80674 1.65725 20.785 10.3606 4.1193 114.949 158.437 2.41447 5.21481 25.3823 14.9649 8.39576 0.0101452 386.519
-67.575 0.545102 1.6246 8.62198 73.9896 21.9768 53.4675 9.10145 35.4659 6.05848 1.62907 5.93925 23.9607 7.46256 3.98131 1.09059 0.332946 4.25338 14.6982 11.7661 9.84092 116.232 165.828 3.25062 12.9572 14.1072 13.0156 6.54664 0.0207336 385.138
-67.575 0.545102 1.64572 8.33299 69.323 29.0081 53.4675 4.80388 34.1671 1.95617 1.72224 16.071 16.2126 19.999 8.35497 0.668714 3.37796 0.407594 16.0023 2.18964 11.4699 132.507 122.835 31.3649 1.50172 5.59323 40.961 26.9472 0.0144154 390.755
-67.575 0.561225 1.63334 7.76999 67.4315 39.4998 53.4675 1.87814 36.0004 7.49252 1.38879 4.79025 6.63141 24.0044 6.80455 2.56492 5.19847 10.9775 1.33974 12.6701 3.68241 128.289 144.373 28.0154 0.908379 5.52999 16.1493 17.4239 0.00692255 391.139
-67.0066 0.561225 1.71729 7.65078 68.6549 31.3461 53.4675 1.87814 31.2259 7.49967 2.49136 5.18002 12.3225 34.2819 2.4856 2.47136 0.476845 14.9284 5.66709 4.74003 15.1978 119.711 140.886 29.4401 5.42183 13.9337 7.6687 7.92229 0.00318144 387.186
-67.0066 0.565885 1.67098 7.75463 66.3705 37.3452 53.4675 1.87814 34.5044 17.1222 5.2962 7.62619 13.1056 6.29421 2.81753 10.5464 5.19826 4.78602 3.08748 14.9876 6.6219 123.341 154.533 11.1785 4.06142 8.94858 13.8192 2.52577 0.00202555 388.844
-67.0066 0.52432 1.67356 7.81631 64.0162 23.5471 50.9675 1.87814 48.6086 15.9914 7.27382 5.87707 7.19207 5.84068 1.67212 9.27634 7.10486 7.98967 4.54731 5.81027 23.2011 105.859 157.335 15.7065 5.21959 12.9064 9.66724 8.61178 0.0208676 391.781
-67.0066 0.588373 1.649 8.76018 59.5838 45.1981 50.9675 1.69054 30.8355 18.9278 12.9938 2.34709 2.00556 4.88216 2.09939 20.1927 6.93 7.71546 6.7234 7.02312 27.6804 89.2819 151.922 26.8247 11.0952 7.29797 4.36572 1.83657 0.0254083 398.387
-67.0066 0.588373 1.63445 8.27657 60.27 45.1981 50.9675 1.69054 33.2343 25.3808 20.6451 4.12514 7.31204 4.45044 5.14883 20.8049 5.70498 5.0973 7.82151 4.75261 17.6405 84.1843 150.964 26.5159 10.2379 2.11782 16.8225 27.993 0.0036402 394.072
-67.0066 0.573051 1.64773 8.33751 57.4649 50.844 50.9675 7.56426 24.0657 16.0456 24.2406 5.1207 5.35129 3.98707 14.4905 26.9287 7.83596 8.21914 3.49839 3.86475 8.88426 86.1759 152.499 11.8723 12.2073 1.39272 3.87502 16.3534 0.0588572 395.715
-66.526 0.553032 1.5517 8.29386 55.9913 54.0668 50.9675 7.56426 22.255 29.1411 20.676 1.12225 4.08906 3.96176 14.9508 16.7581 5.90414 4.65997 6.85592 5.60207 9.33494 85.7424 141.478 43.7093 23.375 6.08443 5.25932 20.593 0.0184316 396.503
-67.9087 0.553032 1.76675 8.17826 55.9913 54.2331 59.827 10.1915 15.2462 15.7875 10.6711 2.97222 2.00827 3.4924 4.16251 4.14038 3.92244 21.5317 16.2009 8.66093 9.16993 107.925 135.456 47.6615 31.3555 7.11503 1.3054 12.4229 0.0504518 394.016
-65.0505 0.398071 1.68358 8.17101 55.8833 53.5574 59.827 7.95306 13.7292 10.5424 16.3063 3.69472 8.63319 0.685475 4.42084 3.31544 4.78845 26.244 14.0995 9.59474 17.9681 90.8358 164.318 9.44701 12.4476 7.28834 17.3198 16.0539 0.0450929 389.48
-65.0505 0.432927 1.61762 8.18203 55.8833 52.7029 58.4046 7.95306 14.3586 15.5868 28.372 1.88151 10.8006 7.70136 6.91779 5.092 3.98707 17.4272 13.5487 13.0936 8.5183 86.0438 140.038 32.273 8.21865 6.0331 11.0172 26.7419 0.0139748 388.822
-65.0505 0.432927 1.48146 9.78378 63.8817 51.8681 56.3505 7.95306 7.11644 13.5381 26.11 1.88151 18.8063 7.84104 2.93965 11.0177 2.84145 12.3574 12.3344 8.87236 13.7422 83.4859 141.278 35.0606 16.101 4.15872 28.025 18.8063 0.0291314 398.199
-65.0505 0.426778 1.59928 8.10146 63.0198 55.4206 54.5552 7.95306 7.72659 21.9147 21.8352 4.69595 16.7628 2.17029 2.53469 14.6179 2.78763 6.16788 14.6137 9.8234 13.0159 82.9487 150.304 21.6179 15.3038 11.737 3.47992 11.7388 0.0129287 392.061
-65.0505 0.334173 1.72248 8.27761 62.4239 56.3892 56.8578 2.87866 9.31346 17.8538 11.7668 1.47 19.063 3.46406 7.7777 5.79709 6.24946 9.03201 26.5942 8.70786 17.2206 82.9487 163.612 4.27833 9.26318 21.856 22.5893 13.516 0.0145979 396.823
-65.0505 0.334173 1.95085 7.05126 58.1389 52.7794 51.6552 2.87866 20.4526 20.7874 6.37008 7.2586 21.7983 7.5141 4.51629 5.98557 12.606 9.90102 21.4891 7.62019 10.0565 79.4102 164.497 1.29193 3.73062 11.3649 16.2604 1.25412 0.0326863 397.1
-65.0505 0.318705 1.85798 9.27953 61.8189 46.3363 40.1795 5.65488 20.8529 19.6665 13.6399 33.4091 10.6814 4.29994 7.9847 5.33122 5.55557 6.61076 15.66 6.03707 20.3409 82.3465 148.009 10.2191 5.40188 11.1505 50.0583 12.4719 0.030517 405.194
-65.0209 0.318705 1.82529 7.86617 74.7803 41.8661 37.5559 13.7017 29.4447 15.2564 22.4926 1.41406 2.26005 2.53686 5.1817 2.55069 1.33334 21.9517 20.648 14.6841 14.8832 94.937 143.374 15.3493 8.91767 2.45352 20.7644 4.78525 0.0282288 393.831
-66.0082 0.36203 1.9007 7.45581 70.067 32.3584 31.5972 27.0497 31.597 12.8886 13.392 4.64828 1.09032 0.850252 3.8829 6.04722 6.34642 23.6504 22.8124 18.4999 8.21596 103.87 123.453 40.7773 8.39222 7.73546 10.8623 1.44399 0.0166312 393.382
-66.0648 0.408126 1.75906 8.01408 60.1552 43.5472 28.7117 35.7589 25.3469 6.38997 8.62008 8.91224 0.917666 7.46914 3.01435 3.18337 9.91744 23.2349 23.3356 12.6256 19.2109 107.434 123.453 25.16 6.13687 8.39808 9.44701 21.8881 0.0195533 392.432
-66.0648 0.408126 1.78941 7.96786 60.4512 49.9852 37.0771 35.7589 16.9037 5.5158 15.203 7.3804 0.921856 13.5711 3.1947 16.6216 4.82104 2.05328 9.1477 6.11003 24.2566 110.632 111.607 70.706 1.78965 1.05101 7.54001 11.215 0.011526 391.451
-66.0648 0.439343 1.66966 8.37344 61.003 44.2173 30.5658 41.142 18.3367 9.84131 9.22389 13.4311 1.76928 10.3961 1.7438 6.26883 1.63091 1.43425 7.06812 22.7134 28.9866 107.464 121 45.4777 7.36797 8.25513 5.79017 11.6568 0.00339569 384.623
-65.3661 0.404284 1.68806 7.89468 62.2503 37.4344 22.4282 52.506 17.628 8.2323 12.5182 8.51269 3.61038 16.1126 6.44931 3.97416 1.83893 4.01829 5.75417 7.05996 33.0446 107.973 115.87 68.2444 8.82362 1.8827 3.62707 58.6307 0.0264943 390.186
-65.3661 0.404284 1.77509 7.63398 64.3916 39.2734 28.1492 37.4396 21.1579 7.06149 15.5297 8.61065 7.55532 13.0869 5.21235 1.85314 1.92149 9.39387 7.49618 4.69818 29.4956 114.838 112.862 43.3423 1.7531 24.288 7.02924 21.9424 0.00716112 388.138
-65.3661 0.375628 1.74178 7.28773 62.8416 39.6084 19.0349 37.4396 37.7649 12.4585 10.0716 4.34611 5.2266 13.6396 5.75472 1.5346 1.18728 3.4655 9.03485 3.59312 28.3916 111.69 123.866 60.5553 5.72874 11.3009 11.2142 9.53104 0.00105909 386.8
-64.639 0.375628 1.71343 8.9464 67.1763 37.1837 40.2717 8.06549 52.3514 15.2588 0.962653 4.79406 6.42908 2.41812 7.40347 5.92088 2.7095 0.939846 5.95933 21.0585 13.2394 114.78 134.052 47.8741 7.03107 12.5075 12.9287 51.7455 0.0812867 395.535
-64.7068 0.40873 1.51235 8.95966 69.7483 21.0857 45.7047 21.7579 44.5882 7.854 3.68405 14.9181 6.49136 14.5019 5.81835 0.476164 2.13054 1.08801 1.8701 20.5319 17.5058 108.942 141.346 24.4865 3.9378 8.8665 21.4132 40.2735 0.00328083 388.123
-64.5705 0.40873 1.47058 8.85591 72.2324 17.9538 48.0408 21.7579 44.5882 7.29802 1.60251 15.3552 3.51836 7.53242 2.1234 2.54161 1.23951 6.52166 7.01544 13.333 20.6826 110.784 152.272 12.5079 12.2787 11.3867 12.5308 20.0334 0.0406281 385.214
-64.9212 0.40873 1.51854 8.57191 73.5538 19.0515 41.7574 12.6719 44.5882 15.9485 1.60251 11.472 5.19084 7.44197 5.63163 0.935763 1.20087 9.58232 15.0634 3.61026 20.6826 110.375 161.284 9.36304 15.462 18.652 14.6041 19.4801 0.0247341 390.063
-64.9212 0.343976 1.67188 8.53342 74.6329 18.1964 37.9265 12.6719 55.2614 14.5511 1.77737 12.6845 6.61339 6.399 0.799071 2.07074 2.90601 9.02021 23.7887 10.734 28.1429 83.1571 158.558 4.36118 17.2748 14.9429 17.0294 55.5723 0.0381704 389.819
-63.4963 0.343976 1.68359 7.53452 78.5567 8.97341 37.7399 17.76 57.8609 25.8382 6.14578 2.87754 9.70903 5.59095 3.72657 8.99614 3.88657 6.3254 11.907 6.47016 21.2768 89.9469 152.619 18.3618 4.01749 14.7835 11.2842 40.7909 0.00260401 389.84
-63.6444 0.398523 1.45083 8.32472 78.0736 21.61 5.70681 17.76 65.8917 23.4157 5.28704 5.0875 13.7518 3.88089 3.38171 6.15636 6.56904 1.19068 6.34574 4.57473 14.1932 126.345 150.633 11.4775 4.29416 9.88415 5.98135 26.9019 0.016282 389.617
-63.6444 0.398523 1.46514 7.40071 84.5787 17.4101 15.9568 13.5619 65.8917 19.6686 7.92873 5.42671 3.14296 4.19128 6.3945 4.24175 5.4359 5.94842 9.85884 10.3252 16.5587 116.979 135.44 31.2482 7.85174 7.7939 27.5173 7.59493 0.00670101 391.582
-63.6444 0.361225 1.47537 8.19571 77.3394 16.3794 20.7438 12.7404 65.8917 21.2604 8.13083 16.3376 6.00184 5.37406 2.49541 2.14307 1.18601 6.89306 8.38311 6.76222 18.1135 122.522 129.206 31.749 9.3337 12.5524 7.69751 19.4379 0.0210181 385.308
-63.6444 0.305594 1.65784 8.19571 75.7515 15.2316 36.4986 12.7404 64.4285 26.108 8.3224 1.22492 1.87324 3.29917 4.15022 2.50681 1.87977 8.04837 10.2641 1.36146 15.8179 139.683 124.946 18.5936 9.52302 9.61756 16.1644 16.681 0.0418007 383.702
-62.4596 0.313171 1.57684 8.34636 75.494 15.2316 22.9345 39.0476 42.7533 29.9515 8.53592 7.0417 2.72788 4.05161 0.626134 0.654626 1.86636 5.03854 8.8688 3.12932 17.8055 138.433 128.744 27.5792 18.344 10.4419 12.8525 5.03472 0.0742134 387.577
-62.9738 0.232077 1.61651 8.17776 70.8723 32.8022 7.66761 49.2309 28.0042 27.3382 15.4901 6.11607 0.548343 7.53006 3.33242 0.851292 1.72033 10.5178 9.12377 3.54108 24.741 123.507 110.032 47.219 10.914 9.52667 10.6592 7.63315 0.0266472 387.573
-63.4768 0.232077 1.66944 8.53368 67.262 36.7534 6.59198 76.8473 9.05628 27.3382 14.0913 7.04458 6.05141 2.23294 0.734351 5.05727 1.72285 12.3995 8.68189 3.63269 5.6729 121.34 128.424 51.368 1.96236 9.04301 16.357 11.583 0.00340371 387.596
-63.349 0.319785 1.67153 8.02593 64.2024 40.5012 6.34366 85.7664 8.36065 22.0586 13.105 8.44385 6.25424 3.38181 1.44911 5.46955 1.80308 7.71635 15.482 1.83247 7.71856 125.627 130.121 23.9368 6.59261 5.97763 14.3341 7.93733 0.00132632 387.592
-64.1136 0.350798 1.62826 7.76641 62.3863 47.428 0.742994 72.4404 4.48196 6.85066 12.6909 20.1096 17.2674 5.48485 1.86834 5.31284 0.772152 13.4453 12.253 0.727805 3.246 127.892 132.39 25.5166 9.38846 5.38359 21.5678 18.7113 0.00430006 388.185
-63.1398 0.272216 1.63527 7.70733 63.4907 44.6699 7.01153 67.3689 9.10769 3.50879 19.9221 14.8093 17.2674 3.12225 2.09635 1.33111 2.52568 16.4678 13.6919 2.35232 1.55398 124.293 126.705 36.3701 1.26313 8.30353 15.3769 54.8786 0.0121362 389.404
-63.1398 0.220466 1.7018 8.30761 47.1727 50.8035 7.01153 67.3689 12.2744 3.50879 17.2003 26.7052 17.3594 2.42381 0.552989 1.0263 1.27574 10.5037 14.3557 7.02829 3.63919 124.293 124.17 41.9395 3.67815 3.3688 26.1659 38.0904 0.0142902 389.798
-65.1911 0.327592 1.74365 8.1729 49.7194 45.6616 13.7614 60.3339 20.9708 2.82564 17.2003 16.1068 11.4356 5.91978 3.29501 1.73963 0.661033 10.2593 6.23915 12.6503 11.1107 132.907 120.798 31.3152 3.355 14.7623 26.7191 34.8209 0.0075183 390.241
-65.4398 0.375935 1.76218 8.17682 57.8671 45.6616 13.7614 48.6742 27.0089 2.10387 12.2791 19.8449 9.3655 4.28958 2.47949 0.804819 2.42778 3.39282 1.30264 15.7782 27.3031 108.099 147.872 40.3931 4.31426 2.82835 15.471 33.296 0.0255987 386.181
-65.4398 0.375935 1.77043 8.02911 53.0896 51.754 5.13435 65.5045 19.3154 3.38643 6.9493 16.0474 6.26861 17.7971 2.37087 0.818672 5.50333 4.36892 4.82807 15.5493 12.5337 117.238 139.97 35.9307 22.7979 1.56998 22.2016 34.6353 0.0122338 389.493
-63.9082 0.350902 1.77043 7.82467 53.0896 54.1497 4.52534 62.4644 9.26551 10.2183 6.8674 12.4911 13.165 17.2438 3.49539 0.607215 3.70137 6.45808 3.2992 14.0657 16.5836 121.819 130.025 34.9255 19.1389 3.08114 1.7114 74.8794 0.000107041 390.096
-64.9376 0.350902 1.7792 7.55031 53.0896 54.7591 7.21536 68.2293 12.7244 10.2183 7.36472 12.8087 16.0109 8.36868 2.47245 0.93244 4.78834 7.75168 1.23456 14.1946 14.3834 114.627 134.27 32.8671 24.6708 1.1523 3.52949 15.9905 0.00725429 384.382
-64.2618 0.365258 1.53453 8.00537 59.6211 68.3038 7.13634 47.12 7.45861 9.51539 4.97594 11.4537 17.1373 11.2571 2.10795 3.42283 0.285829 6.12126 1.23456 16.9856 22.37 108.728 149.425 32.0422 2.40324 11.5539 8.18769 4.57962 0.0119913 389.811
-63.2097 0.275474 1.64787 8.40512 49.469 68.3038 8.56556 47.1202 10.937 18.63 4.97594 8.84191 12.4447 4.85073 3.59245 8.61448 2.14766 10.0709 5.61607 10.7014 15.2522 119.99 134.648 23.8917 4.59976 16.914 10.2347 31.7744 0.0186798 389.218
-63.1937 0.316598 1.63841 8.3332 45.7789 69.7955 8.56556 47.1221 13.2002 26.9322 4.97594 8.45804 11.9097 4.85073 0.608966 3.50318 3.61261 5.28646 5.73645 13.4718 16.0984 120.149 148.641 12.0282 12.0982 14.4165 17.7378 23.3536 0.0265728 384.636
-63.4068 0.310473 1.63696 8.34244 53.4938 59.085 8.56556 62.7809 8.87949 22.8147 2.37638 17.4937 2.38766 12.5864 3.60943 3.50318 2.06187 8.24098 2.92673 2.04381 23.7994 119.979 149.129 3.94542 17.2226 14.0788 14.2491 22.9907 0.00521716 385.36
-63.8235 0.313482 1.65116 8.34657 59.0856 55.2781 6.96558 67.2885 11.4242 10.9117 13.6318 22.6861 2.0919 4.25749 2.962 9.00787 1.77112 4.72731 3.10291 3.89856 20.1565 124.391 132.406 5.2332 22.1596 16.5582 15.4882 7.88614 0.0212603 391.692
-65.1406 0.451883 1.58713 8.33835 65.8676 36.4252 6.10914 75.2589 18.0076 5.68165 15.2082 19.636 2.51484 4.29822 5.49757 1.02276 0.78355 13.8295 7.484 11.0649 8.28188 115.973 146.001 17.2984 16.9271 2.58729 17.0162 3.67724 0.019772 387.936
-66.3585 0.451883 1.64038 10.0988 56.883 37.0487 77.3891 9.51078 8.32654 12.9918 4.47534 21.3971 3.685 8.71972 2.12599 2.97232 3.07284 14.3749 4.83951 12.0361 7.51239 116.077 152.544 15.948 1.05035 23.94 6.80499 9.30573 0.0253508 388.622
-67.717 0.521411 1.71934 10.869 64.1445 36.5472 82.1521 9.51078 9.32777 5.85371 5.85236 3.74229 3.07288 12.9365 2.9303 0.317359 2.69851 15.9796 0.27126 14.4899 13.5394 114.865 165.187 2.63801 3.84894 23.5372 1.81699 12.8709 0.0108853 395.336
-66.2018 0.435588 1.74854 9.90303 64.9706 36.5472 69.7223 6.81752 19.5338 15.2344 11.8886 2.14303 2.71101 16.7201 6.20905 4.09207 1.66114 11.0486 3.62213 1.58515 12.9812 114.865 154.589 19.5386 21.3394 3.21319 7.69227 0.43792 0.00900099 387.478
-66.2018 0.44231 1.74625 7.78327 65.6634 30.5166 69.8662 6.81752 16.7093 20.1865 9.58707 5.82923 2.09057 18.4843 4.84393 9.03478 1.33864 10.8592 4.56414 6.07495 11.1627 104.262 166.251 7.91122 8.35115 4.97486 14.1228 27.1859 0.00117492 386.724
-66.225 0.44834 1.66211 8.27319 66.1178 32.4992 77.2119 8.54468 13.4861 23.2617 9.77759 4.15457 10.6615 3.03238 5.52752 10.2408 1.23221 4.20636 0.967705 13.3726 9.84461 101.122 163.216 9.05212 13.9245 12.394 12.2118 91.4025 0.00232394 390.267
-66.5278 0.447831 1.74065 7.71201 69.9242 35.662 60.3732 8.54468 15.7953 7.87561 12.7855 9.36071 23.3401 5.88472 3.74517 5.63314 3.1276 0.243703 1.33709 12.4473 8.12782 108.614 170.698 4.51288 15.7629 3.4705 23.0151 41.9597 0.0129405 388.275
-66.7867 0.451543 1.73581 8.3578 62.817 42.2828 55.3843 7.4162 17.2936 3.88779 7.77276 8.83618 23.3401 20.4757 2.74224 2.10826 3.10136 12.5723 5.62528 14.1697 11.6215 111.269 147.153 9.16317 1.41849 21.4621 13.2258 5.00516 0.0146292 387.924
-66.8144 0.460325 1.79083 9.15781 63.9845 34.4979 55.5056 12.7602 34.6154 1.24406 13.6795 14.2119 23.1984 5.398 0.681606 2.44363 2.38149 11.156 3.56243 7.81977 13.8899 120.179 128.324 22.1162 14.848 14.3726 4.59084 7.03367 0.00339467 390.284
-66.2771 0.465201 1.72418 9.7186 63.0365 34.8202 39.8734 7.17734 50.9569 9.44028 13.1695 1.95629 17.8936 0.863628 0.752813 4.94599 0.716358 12.9121 13.2193 2.61538 8.93497 127.549 138.173 26.2578 10.0232 3.81988 2.51599 21.6964 0.0192098 386.107
-64.7749 0.394422 1.76528 7.20111 67.0406 37.8849 37.0643 7.17734 50.9569 38.661 0.884376 0.164952 5.53644 1.1435 1.06139 4.0273 1.39493 14.5906 14.4455 2.61538 4.55096 123.821 137.929 24.7303 15.5894 1.15258 9.02108 22.7596 0.00431484 388.161
-61.4395 0.289557 1.4662 8.25339 66.0671 37.9056 29.0128 7.17734 51.1584 39.3044 3.57489 0.164952 6.21159 5.60508 1.44691 2.34236 4.03695 14.494 11.9946 1.27534 1.82838 123.821 146.763 24.0087 17.7753 10.8979 5.7867 43.2012 0.00800565 392.557
-62.3741 0.234666 1.56394 8.53249 69.1564 39.437 23.8678 9.41198 52.0083 39.3069 2.21988 0.164952 6.40911 4.35756 0.583364 1.60306 3.6556 3.64877 11.5585 16.5434 4.66113 117.823 149.098 20.6268 6.5636 10.5326 12.7011 9.35153 0.00933243 383.736
-62.9211 0.330812 1.51196 8.68471 67.9393 34.3381 21.4325 9.41198 52.6595 33.2626 3.95121 3.57533 6.67656 12.2512 1.83264 1.251 9.6383 2.72385 21.1499 6.56651 3.39582 117.823 141.695 15.2619 8.70797 13.6522 6.77116 14.0808 0.0146763 388.368
-62.9427 0.307566 1.55098 8.20373 58.9195 42.3573 37.8621 14.3257 37.7781 29.8001 3.51089 3.53704 6.86025 14.0275 0.427981 2.04922 1.81556 4.99475 9.62562 11.6764 6.01642 116.427 154.672 8.50242 12.3266 10.1925 0.367325 7.78094 0.000543326 384.494
-63.7325 0.275993 1.62959 8.66093 66.8078 28.4237 37.8621 14.3257 39.2975 17.5482 9.97249 2.00936 6.07592 9.08417 2.21612 14.1576 1.73193 9.11988 4.90009 13.4875 13.1091 114.373 155.881 20.7609 12.0635 10.3677 4.57577 6.90194 0.0295731 385.937
-62.6975 0.280906 1.63177 7.86115 67.7608 29.6057 46.5441 25.5536 25.26 10.0776 11.7345 0.718942 8.5961 19.9617 1.71036 6.48941 1.66817 5.83325 8.95263 3.22827 13.1091 118.267 149.765 20.7609 12.157 17.8712 4.05415 7.70749 0.0243782 383.349
-62.61 0.24853 1.66788 7.96592 69.8258 31.5811 45.1595 6.52162 35.3543 2.23714 15.761 5.50077 6.74596 28.6297 1.22057 7.66131 5.01154 5.64137 1.53119 3.45753 21.0834 122.881 131.446 21.7143 15.4424 12.0156 11.4959 5.64927 0.0178835 387.47
-63.3557 0.253201 1.7498 8.14841 70.5056 41.5287 54.6466 6.52162 15.9551 13.6162 14.5711 6.5226 5.20703 20.422 1.46228 2.64148 3.82305 1.16145 0.350456 6.99547 16.4938 133.155 114.987 61.0437 18.641 7.50274 14.3335 21.2111 0.00284442 390.483
-62.938 0.280735 1.57715 10.3268 62.6858 39.3718 63.4406 6.63164 17.2823 9.31425 4.08821 8.38802 3.97156 36.3142 2.49471 9.11499 3.70586 5.07125 2.43308 3.76219 9.89937 132.809 114.214 57.3145 3.25333 8.30898 2.33107 32.2289 0.00443279 388.388
-62.6561 0.263634 1.56785 9.73668 64.6528 38.7277 63.4406 1.6937 21.5082 3.03329 1.44199 4.32828 12.151 37.9034 8.52251 1.78604 8.0127 3.92574 1.60104 4.30762 15.3528 132.809 107.79 58.9032 7.82499 3.60099 4.37668 37.4647 0.0559841 393.19
-63.2012 0.269947 1.65321 8.36986 62.6371 35.815 66.735 5.77834 21.5082 2.60699 3.56116 5.14774 9.00951 37.9034 7.44303 2.66895 7.39931 5.07543 1.26772 8.08876 8.91816 128.134 107.79 58.9032 8.01575 4.29775 7.60349 34.181 0.0575376 387.534
-63.0038 0.151317 1.81812 8.26668 63.6244 34.9967 69.5348 5.77834 22.294 2.37124 14.4973 7.06218 7.38468 12.8717 2.60709 1.46201 6.29615 1.82388 17.816 15.1524 8.91816 116.478 124.799 18.6954 4.7218 12.2613 9.81934 6.85191 0.0101511 390.846
-61.9593 0.212859 1.73264 7.95196 63.7844 43.8587 55.5863 3.86236 32.2303 17.4647 12.1804 6.46484 6.97074 7.81168 0.345299 3.65746 4.79253 0.73368 14.9279 10.2551 17.3404 106.793 155.726 1.01968 13.1562 16.8004 16.0953 6.64284 0.0257298 388.601
-63.5546 0.271347 1.75271 8.04443 67.9467 38.1449 14.6445 56.5314 16.7167 14.3036 14.556 4.55126 1.72482 7.22482 5.92654 4.53067 1.27142 3.89793 19.0861 4.23603 28.5847 111.217 148.18 0.485411 11.7025 7.40535 30.7315 21.4122 0.0216598 390.475
-63.8472 0.24395 1.73473 7.96665 70.8146 29.2543 17.1892 55.3547 19.7777 14.3129 21.0795 9.93913 1.57674 5.59446 5.14983 2.61418 2.10248 3.9831 2.69901 5.52753 22.0039 119.177 146.766 11.9837 27.0801 1.89885 10.6711 15.6369 0.0202994 383.536
-63.1403 0.132305 1.8072 7.87806 70.8772 33.1679 25.199 55.7286 11.8133 18.3191 5.09355 13.2576 2.67446 4.24845 5.64474 4.79758 2.33716 4.06099 19.5551 9.63634 7.94533 115.835 149.224 15.9171 11.3514 0.971571 1.92657 15.2736 0.00648011 387.18
-61.5696 0.108124 1.69331 7.80481 64.9907 36.2247 28.88 57.5535 9.85635 15.1445 6.37267 5.72028 16.3407 3.16309 3.91543 5.31426 7.14378 10.3024 21.7766 18.5577 3.6401 97.4142 127.062 51.5683 14.3615 3.82503 11.8102 18.5388 0.00494449 391.351
-60.338 0.0820486 1.66731 8.402 60.8029 39.0799 10.3628 71.1411 13.3754 17.202 18.1682 3.98016 17.5886 4.07581 1.79097 5.54351 2.74211 14.213 28.8487 13.4208 10.8815 75.7977 133.96 33.623 15.4356 1.34957 13.3516 25.3853 0.00863118 389.457
-60.5224 0.0821769 1.63377 7.6327 66.3014 31.9721 17.0662 71.2275 7.78774 23.7167 15.5721 1.78873 8.04382 11.6356 8.15678 7.21393 1.38166 6.99646 19.6926 6.49658 17.1704 82.6347 133.96 49.713 7.94479 2.03885 9.6648 27.0365 0.0210488 391.314
-60.7112 0.0517148 1.84697 7.66066 66.3651 31.7381 1.90065 71.2275 7.78774 29.4165 7.43525 7.86407 14.361 9.20603 4.19463 6.56411 8.43416 5.68564 21.1572 6.21886 23.6219 81.4169 134.087 50.2002 6.92692 2.43654 10.1962 32.1771 0.00570526 396.763
-60.313 0.0472086 1.82297 7.56431 73.966 26.2006 11.2806 47.5584 14.9653 44.0263 7.33143 2.74449 20.0504 7.23116 4.61443 8.00045 4.25875 3.32842 29.0829 0.961165 19.3958 84.3236 130.93 62.146 11.0887 8.64848 8.08416 19.5994 0.0110543 404.571
-61.4288 0.0754897 1.86702 7.58686 94.8565 26.2006 15.0893 36.4336 11.4691 18.3523 1.60451 10.4399 6.77697 12.0569 8.79279 5.44596 6.49483 0.795161 31.8712 19.845 21.4882 84.3056 131.087 31.7938 6.09093 7.27234 13.0025 9.87343 0.00366043 402.225
-61.252 0.0833721 1.75633 7.00752 94.8565 25.943 33.7331 33.7459 7.00731 21.0958 11.3889 1.43227 12.0182 14.3364 5.55858 0.109331 2.77513 0.539317 20.5357 16.7552 7.38908 95.0821 144.528 37.3397 11.9004 6.24869 5.68643 29.3701 0.00542485 400.234
-62.2492 0.168765 1.76595 7.99767 87.4232 6.68295 41.0454 36.7558 16.8399 20.1888 8.52729 6.03749 4.72919 21.3072 5.56965 1.35927 1.28232 2.58611 5.88188 12.0665 10.6192 101.139 148.647 49.3306 2.57242 3.45161 9.28027 36.909 0.000473648 391.008
-61.0976 0.153938 1.59528 7.83752 85.7152 6.68295 27.992 42.1426 20.8773 24.3301 6.71769 10.6132 6.1251 13.8714 6.15006 6.43407 3.61073 2.72141 12.7619 3.81415 17.3354 107.031 155.389 12.4422 3.18212 9.94991 5.03234 30.1026 0.0094678 387.873
-60.6531 0.0756992 1.65899 8.48906 85.7152 6.68295 39.6466 44.7556 16.9978 23.81 5.54255 0.677711 6.25592 11.3473 3.79764 1.5439 2.83981 3.15421 11.2264 8.86898 26.3274 105.235 156.372 4.37471 15.1312 7.99071 3.84287 46.0901 0.00678001 385.034
-60.5033 0.0756992 1.67912 8.2365 82.5356 1.28735 38.3063 47.308 14.8655 34.4197 7.35313 4.88202 5.38344 12.2516 4.16552 0.899051 2.77497 0.970851 7.86573 11.1396 19.2254 106.058 159.952 4.0783 34.1615 5.95288 3.71444 30.42 0.000405978 385.937
-60.083 0.0613944 1.65619 7.44027 87.8823 1.28735 35.3966 49.4252 8.79026 30.0961 17.5024 7.78011 0.88104 8.78929 2.14726 0.0584486 1.30283 2.60636 13.9365 3.4642 22.694 96.5696 171.881 6.77806 15.0376 5.95587 17.0952 4.01364 0.00316041 389.508
-59.6354 0.0613944 1.571 8.10437 86.3527 0.813661 34.0193 57.9987 5.7606 15.2799 2.68937 18.3678 4.83196 6.15165 5.69413 8.75586 3.98126 3.82167 7.71086 4.21225 19.7612 104.056 174.823 9.93875 11.5341 11.6514 5.39767 3.75839 0.00433822 387.705
-59.412 0.017638 1.54807 7.70998 94.1703 5.96826 30.9872 61.2724 5.37103 7.20503 4.52327 3.28577 4.83196 11.3986 9.21442 6.51607 5.86993 18.503 10.7078 2.49126 14.8801 109.48 161.179 4.44179 11.1354 16.7362 8.59533 17.7384 0.00713561 395.504
-58.7793 0.0275338 1.70313 7.84246 78.0919 5.96826 59.6761 61.2724 1.60391 4.69328 5.48058 5.29459 4.83196 6.24713 0.984109 9.24896 1.13275 22.9859 7.21617 2.3385 21.8055 100.361 165.053 14.4988 1.71151 7.82053 10.7497 35.0978 0.00713561 394.202
-64.5311 0.345261 1.71874 7.818 73.87 7.10072 59.6761 50.6873 3.22902 2.53614 1.7592 6.95444 16.5919 6.80485 4.1779 13.1008 2.25321 21.2856 5.81161 3.00235 18.9365 106.514 150.631 14.2815 2.24339 24.0279 11.9141 17.2551 0.00960901 389.561
-63.2758 0.164876 1.8567 7.66791 88.5926 3.39973 45.3419 50.6873 5.18816 5.07214 2.07147 4.90697 21.2373 2.04499 4.04835 11.5814 4.37596 22.1068 1.19809 2.96348 11.7522 121.166 149.178 13.293 16.2283 14.4899 5.57875 4.72037 0.0585467 391.997
-63.6728 0.164876 1.88837 7.82027 81.8279 3.39973 11.442 49.4868 52.7762 5.20788 3.01489 5.05429 27.4175 4.37585 1.55959 0.838247 3.48501 16.43 4.34518 3.19148 8.13759 121.079 160.017 11.3835 8.18536 9.36144 1.31721 8.50059 0.0271076 385.96
-63.6728 0.178873 1.85532 8.01957 81.8279 3.39973 12.1035 50.4722 52.6809 2.61779 2.13114 8.24791 32.5107 1.84351 6.84066 0.919949 2.81141 2.55254 1.17183 5.06844 8.92233 118.654 156.914 22.7284 4.1945 8.86925 29.3037 38.9198 0.0615166 393.477
-63.7758 0.241043 1.86855 7.75089 81.0087 3.60482 8.88007 53.3954 46.9486 4.2052 6.98807 6.33357 38.6252 4.19266 3.38272 1.90247 2.50431 18.3396 0.821907 5.80903 4.72745 112.436 155.705 8.07861 19.1184 11.6036 29.0217 27.4847 0.0358779 391.595
-62.9206 0.192202 1.78045 8.83604 82.598 4.09883 9.16263 58.3534 38.502 7.64861 10.3913 1.09597 39.7014 6.56066 0.657566 0.540254 0.999496 8.63794 3.28759 5.2968 9.33724 111.594 159.604 23.8905 3.72019 4.50119 17.5307 12.7707 0.0111828 388.121
-62.5938 0.192202 1.76216 9.24623 69.0257 27.7665 8.6321 68.6489 21.0806 6.87901 9.6234 7.51002 25.5147 9.09198 4.88361 1.88967 0.451973 6.89195 1.59731 10.6215 9.68824 110.149 148.154 40.3036 6.60827 10.3406 18.3496 70.9794 0.00874254 392.076
-61.8714 0.177578 1.64871 8.36296 69.0257 27.7665 11.2905 68.6489 21.0806 6.87901 9.81264 6.09728 21.381 0.455159 4.91803 5.27233 1.41993 10.643 2.57661 9.24182 11.7013 113.035 159.622 8.04189 11.3605 16.0899 7.86762 23.5412 0.0122216 382.679
-65.3461 0.345989 1.62831 8.8822 69.0257 28.153 9.26579 68.6489 14.4043 3.25696 7.04733 8.7849 15.2099 5.71561 8.6177 8.51469 1.68176 7.60825 3.41613 20.1637 14.2026 110.736 149.979 20.1419 6.90292 10.9411 30.8266 12.2516 0.019504 388.895
-64.4696 0.30031 1.6867 10.0736 67.7464 28.153 7.22287 74.252 14.5989 0.625589 6.96028 13.8032 11.0208 4.89987 11.129 5.98093 0.534049 8.07309 1.99925 15.1989 20.7341 102.77 164.221 3.0423 17.1066 10.81 21.9878 13.5382 0.0133168 389.192
-64.4696 0.37726 1.6078 10.7422 66.4462 28.7012 6.79109 71.0423 14.9558 5.63804 5.5538 17.2337 10.5814 0.800929 1.47254 6.86659 2.60119 13.5785 1.99925 20.5261 14.5324 105.049 164.221 9.63649 8.84564 13.1373 19.5147 14.6547 0.0112009 389.579
-63.3242 0.29265 1.67426 9.52358 67.5512 36.5431 9.93965 71.0423 19.487 2.33821 8.95809 12.8087 11.5631 2.3951 0.300761 4.14085 2.97464 5.96313 5.63331 12.0589 11.1097 116.116 163.901 2.74923 29.8838 2.30264 4.50926 10.2413 0.0135557 386.71
-62.7409 0.219803 1.76068 7.33451 67.5512 28.6373 6.94554 72.8977 18.2999 2.58674 3.02325 5.10237 21.9921 0.938726 3.58361 3.0239 7.51686 13.9651 1.89145 7.17171 17.4061 116.729 163.005 6.60638 12.578 12.5857 16.4584 19.835 0.0113813 387.837
-62.7481 0.26111 1.76904 7.57119 79.2841 28.6373 10.9938 56.0852 12.6945 1.92575 17.4167 8.93813 24.9232 1.77101 3.31362 1.8349 4.92191 2.46365 12.6527 13.8419 13.8963 110.346 157.966 10.8143 2.35227 14.1654 16.797 19.1414 0.0375164 389.159
-61.7975 0.151264 1.63215 7.54211 79.2841 28.6373 17.448 58.1052 15.8996 8.40165 5.7735 5.37669 24.9232 3.30927 0.325379 1.12379 4.44589 5.01799 3.12988 16.7024 4.54251 109.43 165.23 12.944 1.97901 18.9026 4.20265 0.0789268 0.00740609 389.241
-63.4013 0.141288 1.89239 7.26929 79.2841 33.0159 21.1438 46.1804 9.09552 11.125 10.838 4.53744 20.2994 10.4238 2.26301 1.22506 2.96068 6.74743 16.589 16.3093 4.54251 130.512 123.884 23.3966 6.8909 15.7791 18.333 11.9364 0.018171 392.765
-63.6716 0.235227 1.807 7.17153 79.2841 31.4109 32.099 50.2281 3.41659 5.42695 1.10701 8.5691 15.4975 3.83596 10.5066 2.2072 7.81183 7.63058 11.3882 7.23353 14.4974 132.24 119.008 39.4912 2.49801 9.10763 27.222 23.3321 0.00377006 391.841
-63.584 0.276952 1.70584 7.96358 74.5451 31.4109 31.191 51.4146 10.7038 18.7759 3.24453 4.41341 11.4404 4.14678 0.646279 2.74002 12.6919 3.69417 9.01284 6.29454 15.2615 118.168 134.549 49.3553 7.97412 6.16293 5.08771 8.44063 0.00423213 386.73
-64.3611 0.368027 1.55779 7.76897 72.9846 30.6366 25.951 46.0772 18.4612 21.5485 0.49868 11.5899 7.29982 3.93117 0.890417 2.70626 5.66135 7.66813 9.29658 22.2211 3.61211 126.176 130.103 37.2267 8.65002 5.75291 21.7375 0.723383 0.00170014 389.13
-64.4239 0.411974 1.4781 8.59902 68.8834 30.6366 25.951 32.7431 37.9164 27.1913 1.88263 15.6877 0.815734 2.98227 1.97323 0.309636 0.11798 9.77581 8.61566 17.6425 6.17544 135.678 108.639 59.5852 1.2862 10.2846 10.1775 7.69296 0.0065289 387.303
-65.6551 0.4305 1.68932 8.24518 67.378 29.3324 24.7745 42.3257 32.8291 23.3298 1.4104 13.6284 1.32404 7.67653 7.96213 1.59077 2.6154 9.42189 3.24095 14.2197 9.01487 129.742 108.639 58.2987 3.67737 25.7399 8.71345 17.3189 0.00649149 387.234
-65.4533 0.372869 1.79433 7.48233 69.8485 33.534 29.4702 48.9774 27.0386 13.4328 1.44582 16.4586 1.32404 7.01175 3.17533 0.361834 1.95534 14.1639 10.9981 8.23451 4.82784 129.742 108.982 58.2987 12.8956 13.0306 10.8564 23.3556 0.00161368 388.054
-65.638 0.385988 1.76767 8.21513 66.9775 29.3531 47.3796 48.255 17.7815 14.9299 1.29054 11.8309 2.62203 3.688 1.87275 2.98103 0.815037 4.54315 11.0054 14.1343 11.9401 124.649 105.154 43.5261 4.58339 24.6629 12.2498 13.5401 0.00435877 389.677
-64.3802 0.302049 1.77766 7.89412 67.9849 29.3531 48.7579 42.8892 8.1841 7.29676 1.66921 12.7345 28.7359 6.26228 0.920607 3.01084 1.43308 8.15666 6.49955 7.59262 9.78758 131.709 98.975 67.7814 12.7153 1.76003 5.34466 7.87929 0.00688607 383.719
-63.3618 0.33125 1.66532 7.99957 65.016 34.4873 39.2824 41.7086 8.1841 7.94133 3.93218 8.36363 40.6529 3.90415 0.349522 3.84611 0.570096 2.12358 9.65808 2.00447 9.40482 142.914 98.975 67.7814 6.00795 3.89711 1.07555 21.6611 0.0126962 385.523
-63.6514 0.247683 1.67865 8.22799 71.0457 30.3498 39.2824 43.224 5.56439 7.18914 8.01102 4.24932 34.4369 6.94163 0.639199 5.88959 1.25101 2.12358 6.4473 3.19897 15.4072 152.25 80.5705 49.6743 5.36068 2.68288 4.35097 57.1866 0.0208574 394.234
-63.1272 0.251356 1.72142 8.49984 64.4292 31.6928 34.0397 52.06 8.01275 7.14758 15.6105 1.13359 22.032 10.547 0.555169 9.86447 2.98295 2.12358 9.30089 1.79984 8.17651 167.676 69.9513 69.5822 4.13886 8.47217 8.20598 29.0938 0.0117534 390.932
-61.6952 0.125604 1.5874 10.4648 69.1166 21.795 35.7223 46.6698 14.3093 14.6996 4.29074 3.44592 16.6674 5.51678 0.884927 9.55138 5.90855 9.13477 3.37134 15.3873 5.96251 159.082 70.538 58.6639 8.73885 7.00422 3.51349 25.5842 0.00957343 394.7
-61.6026 0.139991 1.68257 11.121 69.1166 29.6688 31.4813 45.8763 13.6116 13.069 1.38079 9.53262 14.9928 5.51748 4.39991 7.54198 4.43496 13.9581 16.2156 8.72576 7.74109 142.044 66.2132 66.5142 4.89783 17.1616 8.90519 9.42168 0.00687246 394.641
-61.3406 0.151254 1.61098 8.57668 68.5636 29.6688 35.0698 50.4978 20.6624 14.0554 2.50645 6.32064 14.4183 2.55872 4.3528 1.83977 0.676007 10.7144 15.2153 8.51026 6.28464 125.784 97.6144 35.3177 6.14476 17.8024 15.1919 1.35346 0.0203774 390.59
-60.8399 0.120423 1.64955 8.27936 69.8684 27.4307 31.899 53.9818 18.7301 12.5669 2.40366 11.444 19.0331 1.19583 1.68351 1.83733 0.464532 12.3028 5.12708 9.84784 16.6678 146.329 87.0182 54.7469 5.74527 5.91656 17.6164 8.09372 0.0278399 383.815
-59.8555 0.0486988 1.61312 8.07591 69.8684 29.5655 24.0691 51.6041 16.4049 14.0858 3.06119 12.5585 17.3171 7.43542 2.71939 1.7817 0.20771 11.2074 7.71852 6.12141 18.0659 132.83 112.638 43.1442 5.71928 7.0152 11.9357 13.2843 0.00902543 382.562
-58.813 0.0735112 1.42561 8.71357 67.0778 32.1148 27.5673 57.9069 8.11495 21.7066 1.10223 3.68138 15.1071 16.0897 2.30518 1.35849 0.1941 1.60965 8.89147 1.52347 14.0649 153.514 111.441 31.5824 16.1083 2.50982 9.46292 9.41755 0.00956012 386.072
-60.0154 0.0735112 1.57269 8.66708 67.0778 31.7606 16.7556 61.2001 20.3364 20.643 6.74307 1.5897 14.5838 7.56582 3.71916 2.88748 2.78117 2.97342 8.8177 1.92094 14.8939 147.219 113.676 36.479 8.76515 6.99276 1.92754 24.9655 0.00863898 383.457
-62.4831 0.189111 1.64708 8.26635 69.3317 31.2119 14.3578 55.5432 19.1717 25.154 9.57965 3.98406 3.22578 16.1385 3.372 0.523814 2.38314 9.66328 7.29652 6.19493 9.25608 146.158 104.2 46.7575 5.78659 4.04863 1.92754 4.09117 0.0388497 385.367
-61.8752 0.216291 1.70115 7.48875 70.1604 24.7344 23.6287 57.5509 19.742 17.4758 11.2175 0.469221 2.30573 14.7712 2.13579 2.13914 1.77816 7.11445 6.36708 2.98022 12.8686 146.158 115.299 51.7762 3.48656 15.4242 1.93712 5.58377 0.0247115 387.975
-61.7337 0.160998 1.69705 9.56661 70.1604 27.3548 23.6287 50.7671 18.1355 5.92915 16.598 2.18038 3.34368 19.2172 1.09782 1.53906 4.4108 9.70505 5.19411 4.11614 15.9404 132.549 121.817 44.4301 6.02885 2.05932 17.4449 8.96228 0.0258419 388.188
-60.9244 0.0575091 1.6683 7.7083 68.8566 28.8682 20.2553 57.5061 17.7592 6.86938 20.0357 5.9073 5.18768 9.33912 2.26532 3.57013 7.70682 6.31397 10.3244 2.88861 6.16536 122.588 144.448 20.4566 13.5403 5.28372 19.9176 8.54669 0.00587371 390.606
-60.9244 0.174172 1.72903 8.60923 70.5786 22.6639 17.9808 65.6151 20.2573 9.66293 17.4161 3.49185 2.31465 14.2057 2.41573 0.303054 8.13281 4.00573 13.2007 3.77061 16.1463 119.756 131.044 29.7439 14.9128 8.36824 13.6425 15.2917 0.0182456 391.106
-61.6457 0.138021 1.75926 7.94071 76.4224 24.5829 9.05151 65.2095 20.6464 12.8135 13.5544 1.38305 9.26119 14.5279 5.37158 5.5964 5.51138 9.48782 2.48324 13.3128 4.10005 120.278 126.171 14.2486 26.3314 2.08743 25.958 20.6597 0.023414 392.38
-62.804 0.225178 1.79659 6.78781 76.06 24.6845 4.54861 66.9394 22.4897 13.4972 20.7576 3.92238 12.9106 1.72983 8.75715 7.46525 1.31008 6.82682 5.0381 8.1841 7.54855 120.339 143.103 22.9937 6.6081 9.10877 19.21 39.621 0.0284908 390.64
-61.9228 0.169647 1.73603 7.63648 76.0485 29.2706 3.58768 62.6536 24.244 13.2049 32.6091 2.03936 0.27345 3.38065 2.89161 7.23994 1.53064 11.0501 6.50388 9.64909 8.81311 116.966 129.555 37.2638 2.29101 9.17595 18.8599 5.15915 0.0200563 386.38
-61.8448 0.191711 1.71154 7.59053 63.8721 35.0303 12.1476 61.8985 25.4488 10.4349 9.37352 4.488 1.98697 18.8295 3.20397 9.63709 2.6979 11.8887 14.3077 9.00572 2.92046 120.993 122.682 47.5883 6.04794 1.94416 0.400107 14.7027 0.0190565 388.921
-60.9853 0.128398 1.63667 7.49907 69.0373 35.0303 18.1696 43.5569 24.3295 14.1272 18.107 0.896679 5.06722 11.4248 2.67256 6.63194 5.29925 9.65595 15.367 3.1804 7.42927 127.831 117.335 48.2043 11.0222 3.26276 6.7557 27.4602 0.00585081 386.142
-61.6915 0.176544 1.68493 7.74515 72.8506 26.8419 26.9864 47.3242 18.2653 19.1433 12.4179 2.16748 5.43818 20.6527 3.33141 3.96391 0.99024 10.5018 18.1931 4.86486 6.30267 125.109 107.201 70.6687 4.57057 9.74818 2.5735 18.9466 0.00651193 387.721
-62.1435 0.199133 1.58107 9.6607 78.0748 25.1656 22.1865 45.4948 21.5466 17.3878 14.2515 2.73229 3.84343 17.6509 1.97094 2.75178 4.07844 5.79359 16.2303 1.06386 10.7494 123.968 118.369 45.2335 11.0396 7.16183 6.01323 53.6988 0.016729 389.941
-63.01 0.345876 1.43897 10.2063 70.692 24.3633 26.7854 24.7222 43.8168 19.5181 12.895 9.77731 6.34882 4.51807 0.107259 2.92723 0.835521 6.99441 11.8975 0.823773 30.2019 127.49 120.862 36.1577 18.2455 9.71408 2.62585 20.9487 0.0160849 390.385
-66.5614 0.58565 1.42891 8.98025 73.9646 24.3633 23.7172 26.626 44.8468 17.0894 11.4927 14.129 5.61709 3.50644 1.49434 2.66377 1.20521 9.53305 7.76707 0.739009 29.8755 132.535 117.55 25.065 8.80501 11.4667 10.936 17.461 0.0233993 384.435
-66.5788 0.592042 1.45822 8.98025 69.7652 24.3633 25.484 20.4533 52.5747 13.3606 5.87532 18.1025 9.67088 14.712 0.800449 0.868007 1.7708 4.82897 3.68625 0.92343 26.7048 134.153 125.89 18.4508 6.61878 8.52508 2.28493 14.8935 0.0104341 384.223
-66.5788 0.545787 1.49645 8.87962 69.7652 32.6412 23.6717 22.4381 53.8414 11.6003 5.28636 17.5545 6.95055 3.89865 1.96698 0.742931 1.32168 2.74712 3.62294 3.62967 33.9812 134.485 123.724 16.2742 24.7595 20.2974 3.30376 17.9783 0.032642 387.624
-67.4043 0.570572 1.73089 7.6667 69.0784 29.1279 27.4614 22.4381 51.1576 8.14245 9.32813 20.1269 0.74665 9.19341 3.19146 1.31601 1.87168 4.01444 6.33461 4.7235 44.8218 106.279 134.306 20.9207 9.39341 6.7101 20.8805 36.6063 0.0298134 387.815
-66.8093 0.604032 1.64108 7.55517 68.3718 31.7681 13.2703 11.915 43.2764 12.0215 25.8728 19.0545 9.76337 7.42188 4.0548 1.13834 5.27934 3.19223 15.5411 6.48094 16.1558 109.488 148.914 27.8917 8.27345 6.73524 5.83123 17.6016 0.0299872 390.727
-67.4817 0.528523 1.79648 7.6745 73.1409 31.0702 13.5754 8.97453 41.4909 7.34832 20.0956 25.8558 9.99335 8.98277 3.907 2.65282 3.70533 4.03389 15.8534 12.9378 11.5078 105.73 143.7 29.2274 15.6693 12.4567 26.2575 12.8816 0.0306024 395.653
-67.2245 0.592706 1.66982 7.97527 70.5536 28.3269 2.39853 8.97453 49.2223 30.1184 30.7888 27.4313 4.60385 7.26732 7.51806 1.36129 3.93085 9.15199 10.236 1.98882 5.67264 100.483 151.905 20.6202 4.47103 2.71755 26.5197 7.1527 0.0267833 397.182
-65.3998 0.524054 1.56876 8.21645 69.2877 24.85 11.8222 14.8818 36.7337 4.48138 32.852 35.3034 1.79012 10.4582 3.14338 0.3569 4.18843 6.14872 12.0219 1.05152 18.0855 104.85 156.854 26.5534 10.3981 2.71755 35.2974 2.55239 0.018306 396.827
-64.1504 0.353903 1.60028 8.33306 69.273 25.5063 11.2024 24.001 29.0839 12.0465 32.4349 31.0278 5.07981 5.08278 0.700747 0.347701 8.08752 3.51568 22.7244 3.74713 13.9445 115.152 123.227 58.1794 11.8223 2.94926 4.68593 11.2147 0.0294214 394.021
-64.5991 0.394242 1.65791 7.773 68.1993 28.3662 13.205 35.059 22.3331 5.63526 32.3188 25.7744 3.24703 11.9662 7.40731 1.93911 3.06709 4.92645 30.513 20.3211 4.20206 103.797 118.091 54.8463 4.47516 1.4552 15.3479 2.26471 0.0193465 395.122
-64.3725 0.362149 1.6633 8.21824 70.1624 28.3662 16.256 31.4179 20.7062 1.51836 34.1421 30.2442 2.80227 20.8411 9.76503 2.97497 2.22556 10.1535 20.1781 12.0512 6.24198 94.416 119.229 52.7735 4.19103 3.42734 4.5188 7.41664 0.0252245 394.896
-64.3725 0.297698 1.74537 7.92043 68.4582 30.1014 12.4406 40.788 17.5433 8.43883 15.7287 28.7351 8.75649 8.78152 13.6758 3.58419 2.70987 5.42166 10.4922 8.79082 20.502 107.052 127.199 59.2359 0.774843 10.4872 12.4447 14.9619 0.00828599 395.224
-63.4699 0.278688 1.76034 9.72602 57.434 43.5032 13.0746 53.1089 33.1487 11.5879 9.45789 9.32331 12.1652 8.61187 7.17182 4.01121 4.19737 4.45985 1.90758 12.5139 13.523 110.267 123.749 48.8806 10.4628 4.29089 11.8041 7.91463 0.0379861 390.004
-68.2425 0.685878 1.39746 11.8013 44.4532 63.8919 2.53388 47.6392 34.5885 10.946 7.18529 8.71454 11.6733 11.771 7.71651 4.78885 11.2101 15.3644 11.4983 15.1233 14.1448 113.554 111.734 20.4944 12.7454 4.6951 17.8278 7.42806 0.0288757 402.045
-68.1055 0.6126 1.59626 8.53181 45.7135 65.228 2.25799 41.6853 40.7117 14.4545 8.82364 6.39454 5.16727 11.1084 3.19048 4.41656 5.34142 2.32362 15.3525 16.1572 7.21681 123.66 120.456 37.5499 16.0062 12.3136 18.1293 16.4235 0.0274048 388.195
-70.1384 0.702672 1.61312 9.73548 45.7135 59.9325 4.12593 43.5729 43.5492 12.9958 7.67201 9.2044 4.29039 14.072 2.51543 2.76334 2.4035 1.0879 18.671 2.47037 21.1184 132.017 118.678 32.6188 10.8108 2.45911 11.6578 19.1886 0.0156978 390.155
-60.3763 0.074095 1.60162 9.42773 45.7135 65.2173 11.6556 43.789 27.4603 11.3981 0.351535 4.78312 15.8025 18.179 3.22032 1.77639 1.97359 5.51869 10.12 2.58599 16.1092 136.725 112.755 46.3251 1.68801 2.68747 22.4323 15.4614 0.00480335 386.545
-60.3763 0.0463983 1.60694 8.73882 45.7135 66.1309 5.96297 43.8742 22.172 9.34724 1.36571 3.32743 17.3784 16.6938 3.01157 11.0646 1.84911 5.76373 9.0548 15.5314 15.8626 134.535 120.484 27.4611 7.71149 9.55158 18.9871 14.6689 0.0222259 389.936
-60.3763 0.141123 1.58228 8.34226 45.7135 76.8156 11.9648 44.404 11.0531 6.45215 4.29713 3.04419 25.0877 13.5425 0.598951 4.43103 2.96058 7.55567 9.48515 9.17801 16.6337 120.422 127.407 32.9241 4.214 7.33374 15.4423 42.5597 0.0156525 385.514
-60.8475 0.167211 1.60046 8.02172 45.7135 76.8156 7.60413 50.8425 8.57376 8.83327 9.83103 4.38952 29.478 19.127 0.924725 2.55064 2.7876 5.25006 3.58513 7.13438 5.77494 119.007 125.314 53.721 9.76599 4.40777 5.2745 32.328 0.0180044 387.421
-64.2429 0.34082 1.59975 8.78398 45.7135 76.8156 9.10164 42.4695 18.3018 1.04618 7.53026 3.79906 31.7932 7.67781 11.9739 1.0609 1.53408 4.50088 21.3199 9.22139 2.80372 120.438 116.009 52.4646 8.25311 2.28508 6.33525 10.8097 0.0107666 387.539
-63.8413 0.410107 1.55251 7.81783 46.749 76.8156 10.6625 32.027 29.9897 2.83977 2.17447 5.41938 34.0065 3.75269 6.67529 6.30154 0.894975 4.34366 17.1185 9.38162 0.519583 117.609 127.426 58.2827 4.88978 4.70925 7.76817 0.458277 0.00192673 390.902
-66.4034 0.476774 1.55494 8.79443 39.5861 76.8156 9.2745 48.8251 16.5138 0.905643 15.2375 2.95383 29.1539 5.10149 2.9813 7.1698 1.83043 8.09198 11.722 8.08382 10.1731 125.266 112.16 47.4455 12.4744 2.71758 8.36397 10.2325 0.0119261 387.251
-66.2215 0.437869 1.64395 8.74384 39.5861 76.8156 14.2628 47.4828 18.1259 5.47698 19.1779 5.07474 16.5825 3.3561 2.45047 3.33259 1.53234 11.8646 10.1999 7.03116 11.6218 134.076 117.376 39.2705 2.65784 6.26366 20.5013 18.9798 0.0190787 384.023
-66.6794 0.424231 1.64688 8.59397 40.4561 76.8156 15.03 52.8202 9.71318 1.04844 12.4469 3.59757 33.796 3.60153 1.34446 0.67553 4.21582 10.6949 11.5564 3.45084 12.1417 130.14 108.918 56.0136 6.85279 3.88436 8.69469 3.51855 0.0095133 387.547
-64.778 0.427105 1.63069 8.36518 40.4561 76.8156 9.363 54.176 11.5935 4.56793 13.6764 6.50497 19.5114 7.78026 2.34321 3.51529 6.13046 9.29095 4.80763 5.28393 12.5749 132.639 107.849 59.8397 7.25281 3.44054 12.8357 3.51855 0.0110979 383.096
-65.5225 0.429691 1.63517 8.61022 40.4561 74.6913 13.5146 54.1177 14.082 8.51807 7.12074 3.80081 13.2208 11.236 1.19014 3.09267 10.3204 10.1435 8.67726 2.14156 15.0672 130.083 107.283 54.4161 7.82066 6.51661 9.84085 1.87387 0.0694685 387.072
-64.7762 0.429507 1.54057 8.35183 41.7991 74.7954 17.983 53.9615 16.1618 9.39103 2.12274 3.80081 17.453 3.63953 6.01694 3.07561 8.7233 15.0919 9.68237 0.942616 18.4179 111.532 130.484 38.3469 2.31328 11.6481 4.4753 16.3264 0.0498994 390.429
-63.3973 0.368562 1.51953 8.32021 45.3117 74.7954 2.11734 56.0743 16.3503 9.2191 2.93157 11.9314 17.9846 1.24566 6.43263 1.50079 12.3778 14.7679 11.3211 4.06591 4.93617 117.254 138.735 25.0644 15.4849 0.939222 19.3329 79.6885 0.0200816 392.483
-64.3992 0.283224 1.66955 8.51612 58.6652 39.8179 14.8691 44.7107 29.8988 6.30369 4.91015 12.2471 8.61642 0.742628 1.23186 7.04514 11.9208 19.4821 9.293 11.8218 5.51283 112.408 168.31 19.3974 4.25407 0.827665 3.96543 37.5077 0.0260515 398.192
-63.6348 0.306122 1.65664 7.88581 59.7127 47.2191 11.8956 51.5188 29.1161 7.2801 2.00225 22.8703 5.03975 7.02233 3.07676 2.35845 3.47506 14.476 12.0915 5.42108 6.04308 100.756 165.193 17.4918 22.6131 1.2333 9.22253 23.0918 0.0101746 384.093
-63.2657 0.29582 1.64517 8.40849 59.8074 46.3205 9.61995 46.6987 29.1161 13.1145 8.04274 15.3871 11.61 4.92521 2.96761 2.94229 1.93762 23.4468 9.1582 15.344 8.81258 97.9531 155.974 6.01086 16.8052 1.96682 7.28811 9.60675 0.00539736 385.305
-63.1362 0.260945 1.64795 8.40849 62.2214 44.491 10.4158 47.4669 27.1395 11.7947 10.7914 10.3664 13.9217 4.99213 1.44265 1.30525 7.10776 14.3891 8.28895 5.97395 17.4438 101.888 155.93 10.8719 18.1758 4.14321 7.92486 21.6432 0.0130989 384.268
-64.4182 0.317842 1.83933 7.53602 59.263 48.6941 17.3158 49.6428 19.4499 12.2891 9.14664 17.4998 17.3421 4.85908 2.25075 11.7936 2.27068 12.0518 2.97526 15.1352 16.7901 100.298 148.78 9.60781 1.93189 15.1098 16.9061 8.41009 0.015311 391.968
-64.7657 0.34454 1.69622 8.23504 68.7917 42.5873 17.5449 54.1899 18.2308 1.59626 5.73433 14.1715 20.0026 3.70082 3.86905 6.50112 3.77004 7.16867 3.88793 2.78349 19.495 99.9112 156.686 14.1841 14.3321 8.30431 19.1249 31.996 0.00976293 389.834
-64.9068 0.349617 1.6554 8.67399 62.3655 38.817 5.01983 60.2729 29.6693 6.64163 5.29841 11.9238 32.497 3.14596 5.01554 2.44281 1.70038 1.21381 3.57163 7.29352 14.4397 107.708 162.539 7.383 27.1953 5.28016 12.7266 1.52428 0.0130669 385.019
-70.5643 0.72757 1.75861 8.20643 57.1366 43.7987 30.3218 45.9013 14.7659 7.61523 6.0129 8.66652 27.0447 8.64737 1.94652 2.32728 0.575981 1.95207 2.74859 26.397 6.72728 112.153 148.604 20.6395 5.42897 4.95779 7.20291 3.31086 0.00669098 383.18
-70.5643 0.840216 1.5955 7.80432 64.5495 44.6555 21.0286 53.5413 19.237 9.23612 2.05081 11.342 12.4665 10.2202 1.94652 2.95308 3.28468 3.31088 6.01618 19.3264 16.8008 102.021 158.717 3.47388 7.72866 10.4514 7.93049 13.6413 0.0338802 386.099
-70.759 0.851406 1.63943 7.94377 62.0054 38.7956 20.12 45.4916 21.9765 3.71777 8.92199 4.74492 19.7333 21.5725 1.74416 2.96353 2.67407 6.82982 1.55937 10.0689 16.4045 104.904 174.072 10.274 1.86837 17.8485 6.71011 5.90723 0.0148525 385.082
-71.8364 0.851406 1.67732 8.4416 64.3457 36.774 17.8698 47.7163 25.1816 3.3227 9.90843 12.764 20.6059 20.8597 2.10845 6.81225 18.4112 5.60574 9.33964 11.4763 2.12792 85.2909 162.164 14.7359 3.59352 17.0241 4.75201 25.2444 0.00171631 391.479
-71.8364 0.853614 1.69444 8.20762 66.3639 39.4285 17.4217 43.8865 24.8016 0.160517 7.96048 20.2565 13.0537 7.15017 1.42902 2.10964 7.38239 8.03441 20.1661 9.71705 2.12792 128.018 136.141 13.5082 7.80326 13.2433 8.21016 7.31033 0.00710045 386.164
-71.8364 0.853614 1.63811 8.36261 64.1631 40.7515 17.2856 48.8763 20.2481 15.8924 5.04949 21.5006 11.579 0.157368 3.37728 0.392057 8.79073 5.85033 7.42818 7.40733 5.48275 118.738 135.383 47.5073 6.54167 5.72165 3.29496 23.5398 0.000679743 386.857
-71.358 0.856934 1.65643 8.09363 67.9356 50.4108 16.4351 48.235 20.2934 4.74782 16.2179 3.55335 12.5171 9.08934 8.34687 0.263955 3.75152 2.46101 7.93427 15.9583 4.60412 126.796 114.08 53.2208 12.2834 14.4784 5.22759 32.1712 0.00111946 390.108
-72.1725 0.856934 1.78177 7.12147 56.2923 58.6619 17.6409 52.2503 6.32333 0.666188 10.9716 4.41498 25.2596 6.0043 9.88034 1.30429 1.43005 11.2694 4.14708 18.6543 4.86152 139.254 116.562 37.4212 4.87524 18.6643 2.54252 17.5873 0.0075816 390.239
-72.1725 0.901777 1.70196 7.92199 53.3838 57.3749 13.7146 55.1492 10.8134 9.80528 12.1805 13.5074 11.0687 11.1363 2.81622 3.33515 3.55771 11.8322 0.991719 10.078 5.85341 134.311 112.943 44.2292 5.1739 10.2494 5.56105 4.94415 0.00544924 386.242
-72.9329 0.901777 1.66402 8.59883 57.3183 58.2503 16.045 43.8612 7.71471 12.8382 16.0448 17.4206 6.92206 10.5639 2.19041 6.36749 2.81988 11.9591 3.22497 4.22665 18.5152 131.791 111.085 39.9227 4.88173 20.178 7.83699 19.4439 0.00503193 387.846
-72.9329 0.901777 1.68433 8.03828 54.7079 51.4719 28.8746 49.301 5.91272 3.15334 23.7886 2.39944 6.98689 4.52903 9.06874 6.47369 2.14165 9.75902 1.04376 19.9881 17.1861 123.542 108.074 62.0667 2.13972 6.20694 3.2145 8.36667 0.0121902 386.614
-72.9329 0.901777 1.6296 8.59629 57.6096 42.406 33.6549 44.5169 16.2964 4.15329 15.4636 6.33565 5.20462 6.30651 15.9516 4.06386 0.768099 23.5262 4.50373 17.1001 25.7065 120.382 83.8745 37.6974 7.08947 11.8133 14.3446 16.5349 0.00464 397.416
-72.9377 0.901777 1.70758 8.21459 58.93 51.737 31.0839 40.2305 6.25889 6.30718 15.949 5.96677 18.3069 13.6067 1.3402 6.6658 8.9606 19.944 4.73628 5.10252 13.2093 118.287 92.9195 75.5535 7.91453 4.61413 2.83474 28.4054 0.00931156 391.121
-72.9377 0.922951 1.7086 8.21591 58.9132 45.8753 37.6879 43.7421 8.40323 1.61151 11.3782 7.62818 19.7648 5.84253 2.46906 6.16427 13.0909 19.745 3.35434 3.20625 3.75793 114.142 143.389 31.4529 21.0183 8.06342 14.2371 38.7468 0.00164958 390.812
-74.836 1.10111 1.48945 8.25613 55.997 49.9885 33.5315 44.9983 14.1355 9.94427 5.4181 14.0999 15.3985 2.25015 2.60231 0.369276 2.78905 13.8219 4.80643 17.5353 8.5647 110.678 142.64 27.2673 18.3473 6.60766 7.26823 38.9401 0.0209053 388.203
-75.6479 1.10111 1.62949 9.73172 61.4809 47.1558 31.7905 46.2797 6.90311 8.00644 4.06531 18.6151 7.94872 8.11402 2.14896 2.91019 0.537344 20.3884 16.0846 3.61774 14.5952 121.614 105.559 38.61 20.645 6.81694 11.1841 6.03491 0.0127794 392.001
-75.6479 1.11863 1.68559 7.35196 61.8949 45.8538 53.8947 28.744 11.1375 0.130278 0.615672 15.42 11.7531 7.90653 5.98333 8.73489 6.60438 17.555 1.82746 2.36585 14.729 137.378 115.099 26.2442 15.5737 1.57585 12.544 26.4743 0.0143694 394.761
-75.8028 0.896972 1.88401 8.28345 50.3857 45.7752 53.8947 33.272 11.905 0.274139 0.615672 15.0435 12.3345 9.17349 3.59157 1.98288 7.15138 13.9577 9.8668 11.8325 9.66359 139.321 113.904 28.0237 13.7508 4.70653 20.8072 84.1203 0.0243466 407.604
-75.4516 1.11779 1.66548 8.29387 57.8131 39.2734 59.4986 27.9157 16.8091 4.63944 4.19593 9.88547 8.79682 3.45884 4.34584 9.42312 1.65182 4.4995 15.2729 9.6724 16.1245 135.864 113.543 12.0327 10.4447 14.2626 20.6833 33.2832 0.0252338 396.405
-75.7468 1.13857 1.56096 8.83996 53.7223 46.7864 58.6305 16.8778 9.989 5.95118 7.35979 29.1573 4.85933 5.84927 3.68935 0.646384 3.20862 18.2917 14.2329 6.63431 7.71329 118.254 140.762 19.7737 9.36666 13.8114 11.5146 34.2794 0.0208654 389.745
-58.5762 0.096829 1.41431 8.46037 57.1426 52.0686 63.5566 17.0322 4.53743 9.45565 3.07472 21.0625 11.245 7.12122 4.21777 2.76909 0.754994 11.7728 7.40512 9.75896 8.97526 114.545 136.769 39.168 2.25219 14.7109 11.2763 49.9026 0.00785595 388.91
-58.5762 0.096829 1.36082 8.77243 61.7628 32.9321 63.0903 9.95535 30.77 2.93223 5.98173 11.1221 17.7343 14.0496 2.37876 0.980236 1.97567 13.72 8.1621 4.53793 6.51806 121.274 132.345 35.3054 2.25219 14.6845 8.86858 14.1098 0.0174163 389.841
-58.5762 0.0223895 1.56235 8.63989 70.4838 22.3676 75.109 9.95535 9.93842 14.2222 13.7168 4.99643 11.3454 11.5417 13.2558 2.47947 4.33211 11.4045 4.04169 8.07868 13.886 109.406 136.138 30.6197 10.8537 10.2057 3.82908 3.83118 0.00186657 387.09
-62.9572 0.29507 1.66415 9.93593 68.7265 22.636 75.4606 4.39353 23.5785 10.6165 7.7255 6.56925 11.3454 13.1741 6.02871 3.55155 0.689046 5.97264 13.2393 6.84703 7.36462 109.892 150.091 16.6027 11.4413 17.75 10.6982 11.4686 0.0160688 387.753
-61.9964 0.223892 1.62621 8.45915 63.1941 30.9003 84.8593 4.23333 32.8194 5.09851 5.10056 0.594434 4.80185 9.10044 2.12611 6.23605 0.284549 2.86892 15.6503 5.9866 29.4519 108.359 146.906 7.89504 20.4523 5.36869 12.9584 2.77647 0.0153575 393.852
-63.0099 0.157917 1.79241 8.23227 54.6764 24.4536 80.8231 0.875403 25.4993 20.4153 7.74298 4.0212 4.5709 10.7495 1.87317 15.3399 1.85206 8.11988 3.06161 18.1444 21.257 103.716 145.045 18.9604 11.7017 8.84901 10.1037 9.89154 0.00871588 394.483
-62.9003 0.213169 1.80198 8.02931 71.0769 24.0341 80.8231 4.29662 14.0521 2.97941 11.2302 7.54771 1.25465 10.7558 2.32375 11.4475 6.65149 3.26238 0.887596 22.6781 21.6351 103.716 157.48 14.3134 14.5585 11.2465 0.496033 28.6353 0.00380117 388.546
-63.1659 0.213169 1.74861 7.53864 69.8577 24.2304 80.8231 4.29662 6.03377 4.10719 3.54153 2.04773 1.5191 16.2602 17.1893 10.2438 6.91942 3.4527 7.29034 22.6781 11.3463 90.3149 172.12 19.9678 20.6352 2.81606 3.48131 18.6572 0.0132839 396.792
-64.6887 0.376008 1.78508 7.3063 69.3025 30.6328 84.6151 3.51487 4.79375 1.88675 1.59472 8.56378 17.0352 18.4308 9.49495 9.50288 2.69977 7.43829 16.4184 4.34779 8.93476 97.2239 156.077 14.2978 27.436 5.0832 31.0628 59.1286 0.0194445 400.571
-64.6887 0.374262 1.77922 7.54912 66.4124 30.6328 85.61 2.80733 4.79375 9.89196 4.20078 3.3029 8.00003 22.8804 6.43068 1.13437 1.08979 3.83346 24.0785 2.36489 7.30313 119.475 155.411 19.2362 7.7851 7.06529 5.33355 21.495 0.011396 387.334
-66.0273 0.461001 1.83312 7.71033 69.8707 30.6319 85.61 2.80733 2.51972 11.5944 6.10296 5.36542 5.62532 23.6955 5.26344 0.14122 2.05002 1.914 19.6814 2.6392 19.8969 113.056 146.563 24.8912 7.0595 2.35267 9.46192 31.7136 0.0267057 389.063
-66.9889 0.444462 1.89775 7.76028 73.245 31.3274 85.61 2.80733 2.51972 11.9419 6.49521 3.92389 19.138 11.3946 5.41644 1.37937 1.17582 1.914 12.5532 6.74961 19.8969 111.294 142.327 24.3548 4.38564 10.292 9.75764 42.5977 0.0247946 387.525
-66.3001 0.444462 1.8418 7.66711 65.4906 41.5594 78.2183 4.81007 8.59714 8.85693 6.51151 2.22853 18.1892 8.88964 4.67553 4.7795 2.74511 2.71467 11.0986 5.50702 10.7175 115.355 145.165 34.689 3.0077 14.7362 5.60963 32.5934 0.0242591 387.759
-65.5988 0.444462 1.66963 7.86113 62.4351 41.4871 71.2097 4.85707 15.0948 13.2393 6.68087 5.20603 18.8899 9.22477 3.40818 0.924137 0.872662 1.9784 9.1962 14.7232 9.88429 127.199 144.189 12.9314 3.75381 20.6408 1.18278 49.9542 0.00429281 385.877
-64.0838 0.365056 1.6645 8.0896 62.1845 39.7408 71.2097 6.13792 18.4534 3.1957 2.75218 16.1287 16.3524 10.1326 1.52311 4.02618 4.07473 5.41101 5.07262 16.7837 5.1365 117.742 144.126 18.1367 21.2642 5.22457 11.8662 21.8133 0.0245994 383.635
-63.7052 0.289339 1.69451 8.13688 64.9014 35.1707 70.5732 3.02706 18.4534 11.2692 0.721193 11.6157 18.0393 14.2944 2.43031 1.38867 1.37902 3.31871 10.7058 7.37934 8.43415 121.882 143.887 31.1983 3.94024 3.96901 24.4026 19.5352 0.0194984 381.381
-62.4594 0.257547 1.71388 9.79725 68.1309 26.799 64.8017 11.6694 18.4534 18.1758 0.368569 2.00127 12.3465 18.2749 6.17962 1.23613 2.98667 10.2395 12.6494 4.91766 7.91886 123.031 140.634 19.0492 4.65347 6.89279 44.1525 2.82785 0.0398706 390.203
-63.4724 0.168034 1.76369 8.48984 66.7514 30.9319 63.88 10.5574 19.7159 21.9635 1.0534 1.77915 8.08141 15.004 2.16656 2.50002 3.11369 23.8937 7.5416 3.7249 7.14545 126.572 138.126 25.2336 2.43924 18.1349 5.06931 17.2215 0.00256311 388.067
-65.7108 0.42686 1.74566 8.54757 72.7313 26.8843 61.2541 13.6117 17.2753 19.7071 3.80146 10.6711 10.0879 5.72233 1.07304 2.85983 4.23104 16.6001 11.0087 16.1054 6.55461 98.433 156.511 22.0763 1.70258 9.964 10.6826 32.5017 0.00292236 389.257
-66.797 0.478084 1.73688 9.55667 73.1554 21.1217 38.1121 12.5968 50.1708 28.5705 5.1512 15.4548 5.28633 3.81409 3.03674 9.8237 5.45662 13.2045 7.90361 18.1632 9.27421 72.1841 156.541 20.3604 5.46774 15.7533 21.2225 1.80786 0.00295163 393.972
-64.1715 0.272573 1.66239 8.14254 69.8142 25.6575 52.0047 3.04657 47.2415 22.2026 3.56547 11.1527 12.8547 6.43866 2.52511 6.91177 2.66314 11.5899 7.79445 24.8135 9.4795 101.998 143.087 17.1943 5.15729 8.0956 11.6977 11.5691 0.00299362 389.22
-65.3646 0.415971 1.66849 7.95766 68.0014 22.7782 47.7306 6.24999 50.9855 11.2897 7.30518 13.6991 10.8986 14.9109 6.11874 0.311746 3.73081 11.4194 9.66738 6.36098 8.42139 109.03 150.382 16.5545 4.06615 30.998 13.2265 18.3491 0.00348672 391.595
-65.0612 0.333684 1.83462 7.81343 70.6507 23.1982 28.5497 29.1672 40.6413 12.3475 0.974236 6.60598 5.49048 20.8699 6.22683 1.8803 4.51388 4.50806 8.08399 19.8878 7.59474 112.307 162.365 10.9643 10.7147 15.9883 2.43477 17.7377 0.00203761 385.164
-62.8715 0.273653 1.75075 7.22031 71.0508 24.5055 51.1763 9.55736 40.6413 10.9078 2.25394 2.4396 1.46665 28.1625 2.86306 2.32114 7.78718 0.582389 12.3337 2.54275 29.7861 102.005 165.445 8.00312 16.8341 7.9836 2.86486 1.95028 0.0026726 386.729
-62.3539 0.209318 1.61759 8.65304 71.0508 25.838 57.9168 9.55736 34.6381 15.7742 2.33312 6.47322 5.23186 21.7707 0.892414 2.43531 4.28327 0.246906 4.20335 2.54275 28.9535 92.7026 175.175 9.84406 2.46965 21.6193 9.31065 12.801 0.00376323 383.816
-60.7012 0.220004 1.44186 7.67211 75.1957 16.4592 52.1082 14.2959 38.0046 10.3558 3.85402 1.27463 10.1656 38.0679 1.21102 3.75384 4.67312 3.72908 6.61685 12.9134 25.3234 75.5005 177.956 5.40075 16.8234 5.69635 14.9175 61.4059 0.00360365 396.768
-60.4829 0.0864632 1.66823 8.09631 63.745 34.7943 55.8193 8.0902 36.9292 10.4183 3.85402 8.53801 4.35992 24.6977 3.16098 1.91404 1.35216 11.7476 1.86924 7.8304 19.0291 87.8724 179.049 10.9224 20.2946 6.79985 9.20323 1.83746 0.0134832 385.528
-59.2986 0.073209 1.51067 7.97271 70.0462 32.9087 55.1009 7.41192 28.5158 7.79691 7.35427 8.79517 6.89442 18.3003 2.30177 1.91554 3.55697 14.1007 9.25558 9.69507 37.0916 78.7579 160.293 17.318 8.9479 2.90789 22.6615 2.22525 0.0239368 388.143
-61.5076 0.0836492 1.7432 8.04631 63.3382 35.826 55.1009 8.15202 31.668 24.5316 2.68948 18.5577 9.77507 6.34448 4.6112 1.4952 4.09678 8.66833 4.59525 4.07979 38.5319 85.2743 144.945 21.1221 24.1961 3.57279 14.607 0.767785 0.00892175 388.471
-61.3073 0.116796 1.7856 8.07793 66.1288 36.2679 52.7254 8.90167 30.7906 14.09 4.70741 20.0055 7.41375 6.68732 6.27071 3.41181 12.3282 13.7394 7.88759 8.84339 23.1723 79.6143 150.212 29.0196 12.4074 4.38261 4.55459 14.1513 0.00952702 386.229
-60.995 0.10324 1.68075 8.42918 60.4137 45.6849 51.6215 11.1364 24.8021 13.345 7.41779 21.4625 10.3334 1.92276 3.53389 5.01437 5.21894 17.0669 4.22955 20.4246 22.0757 83.2756 153.355 16.8031 3.18198 5.04775 3.13306 1.83227 0.0331867 389.372
-61.9329 0.139625 1.70247 7.60208 61.9997 45.6849 51.6215 8.28931 25.2657 13.9404 3.48991 22.3927 11.6161 3.53284 2.52684 5.00326 5.1658 15.4429 3.98125 16.7546 28.9142 78.1593 150.461 24.7368 4.38085 5.77248 28.4071 15.7291 0.0163999 388.301
-61.0856 0.162104 1.68385 7.9027 59.4572 45.6849 51.6215 9.6465 25.3434 6.55925 4.03912 30.4661 5.80167 3.09128 3.2011 4.90435 1.08342 14.2344 3.68972 8.9184 20.705 97.959 168.426 1.5668 15.098 20.6689 3.36954 11.8195 0.0317455 384.437
-60.8902 0.108884 1.71487 7.49289 70.4201 44.7455 53.0003 16.2056 14.7021 14.1535 1.32534 24.4386 5.90606 3.14514 2.41969 1.61972 1.93603 16.0543 4.97085 6.75839 10.6574 112.263 156.114 6.70338 1.24365 6.99201 19.681 12.8966 0.0222045 386.547
-59.8307 0.10232 1.65859 7.77672 60.5407 40.0948 53.0003 29.211 15.3948 16.6563 2.81639 11.343 11.825 3.75532 0.920455 3.12907 2.82425 26.5505 2.19058 7.26628 2.31711 117.215 151.406 11.5696 4.72076 12.0175 7.79967 5.70216 0.0102597 384.854
-61.4111 0.118962 1.6778 7.81249 60.5407 43.1968 53.0003 19.5242 18.7944 12.2714 6.07787 11.3804 0.333792 0.672839 3.67608 10.9483 7.15742 26.5505 2.94539 10.8864 5.22779 120.383 144.402 11.4479 18.7511 3.03547 19.7203 20.4226 0.0102544 388.573
-60.7111 0.167116 1.56111 7.6693 69.518 31.0189 57.9288 19.5242 16.6441 9.00769 7.54185 4.43039 4.10858 8.74917 6.44698 9.37012 6.54521 14.3028 0.99179 23.3473 4.0548 117.356 143.694 14.4398 12.1481 16.0052 8.75111 22.6775 0.00180147 387.211
-59.6268 0.0559136 1.64438 6.99215 71.4831 29.5018 54.2717 19.5242 17.7608 5.7462 0.842325 3.92518 13.1207 3.11855 2.57707 13.9004 10.7571 14.0709 7.04441 10.2912 10.4763 119.292 148.057 27.3175 7.77007 3.98132 3.76334 23.9011 0.01173 391.067
-60.1265 0.101487 1.65258 7.94759 70.1214 30.2398 44.8521 19.6948 28.229 9.29376 2.40008 11.8317 5.65038 28.3008 0.105465 9.1333 8.80416 4.7979 7.73004 6.32239 5.15928 117.708 147.574 35.7684 3.37884 2.43468 0.951873 44.9132 0.00660556 391.727
-60.7755 0.0874904 1.7293 9.44766 68.2487 29.2351 48.724 19.6948 21.7095 15.9468 4.28392 6.66952 1.87777 28.6549 2.69267 7.87389 0.793042 2.65724 16.3176 3.6886 5.15928 139.151 135.772 22.8386 0.612605 12.3272 4.77293 44.1589 0.0199346 392.496
-60.3449 0.107222 1.66047 7.69437 72.8616 24.6786 48.724 19.6948 25.4155 8.00754 10.1538 6.13298 3.23034 15.45 6.11215 7.75557 3.94603 1.85214 17.9266 4.49212 5.15928 139.16 143.151 21.7881 7.43835 15.9304 5.88099 12.6444 0.0178257 390.1
-61.9899 0.172902 1.60477 9.95943 73.4581 20.9918 43.3672 8.67258 42.4263 14.9264 6.94525 18.5282 1.68728 1.01019 10.285 8.01578 2.0403 6.1035 9.81544 11.4089 7.83454 132.067 121.524 41.5182 12.8991 0.905371 8.20132 9.39351 0.00118597 389.335
-63.3409 0.304163 1.56372 10.2781 67.9063 29.4264 30.8436 8.67258 54.1984 8.57191 11.69 7.92056 2.46391 2.25679 10.341 13.0528 1.92537 13.4161 9.97228 7.67642 6.35748 130.171 111.085 57.9081 10.4549 1.01868 5.74959 9.68691 0.00475391 387.53
-63.3079 0.365812 1.56029 10.467 77.6515 12.786 34.8537 8.67258 54.4707 4.12351 1.89996 9.76111 6.10824 1.36201 8.45271 19.6416 5.05808 15.1894 15.5437 10.6836 1.45313 134.674 103.448 54.4804 17.9485 1.03585 4.04994 14.1007 0.00289372 396.971
-63.7032 0.372085 1.54717 10.3441 82.2183 7.21595 29.1705 5.50711 64.481 7.78068 2.30587 7.38091 6.06914 2.77472 15.0426 12.3637 4.46787 15.0978 6.46143 8.5379 4.75887 149.3 101.829 47.7142 17.758 2.97356 5.44783 8.6893 0.00722948 394.051
-63.8893 0.324807 1.51828 10.3751 70.0262 17.525 35.8816 4.89506 71.3052 21.6391 0.436913 1.70199 2.63373 3.42333 6.31433 7.86849 1.30643 17.3752 0.203742 7.19877 14.3307 153.731 101.829 49.4682 9.59174 2.97692 9.46744 13.501 0.00668169 396.6
-64.5887 0.349655 1.64706 9.61992 70.2695 16.3103 34.5242 4.89506 68.9795 25.6481 2.52053 3.84958 1.46636 7.76722 9.39249 8.49692 2.49872 17.1309 3.76798 1.67732 11.5238 137.744 95.2522 47.9605 12.0267 7.51573 19.3404 15.5637 0.0206051 396.338
-64.7905 0.304746 1.76925 7.99392 68.6069 29.553 21.3526 15.8723 65.5397 27.1699 7.57131 3.84958 7.91789 1.93567 5.64739 1.56876 3.77058 11.6945 1.44923 6.82168 10.646 149.942 94.0895 49.0728 11.8592 1.71449 7.98809 38.4435 0.0224098 386.024
-68.169 0.470395 1.89676 7.62902 68.6069 26.602 16.5521 23.3193 64.061 26.844 7.78396 1.80628 11.3279 1.45984 2.82273 2.07566 8.22325 3.23086 13.5313 9.67857 15.1774 137.379 98.8177 51.2436 12.9307 5.85953 13.2723 12.9658 0.0228425 391.774
-60.1839 0.0791421 1.65785 8.38637 72.0652 22.6446 18.1226 26.5992 56.0439 19.4405 6.08254 11.2533 8.83788 3.96055 1.56132 7.32885 2.88215 4.51226 5.4187 13.3624 9.69098 142.53 97.4392 58.0786 15.3471 0.856213 19.2741 45.294 0.00550635 387.506
-60.1839 0.0791421 1.57731 8.3953 71.9872 17.2736 17.0151 25.556 57.5967 12.6922 7.74425 23.1568 16.239 4.91548 0.406803 7.48278 1.12446 3.55898 8.41014 2.40003 11.3956 148.93 103.717 37.6789 9.96499 2.69632 8.75006 12.228 0.0429174 391.85
-60.1839 0.118609 1.64817 8.168 73.5816 16.7782 11.7249 30.7052 61.228 11.3925 2.83036 33.9391 9.42066 4.97484 4.36422 3.98043 2.28542 1.31053 2.66373 6.80574 8.18756 147.691 116.329 36.1398 4.85086 3.28171 11.1566 19.2562 0.0434637 388.735
-61.1462 0.109698 1.74973 7.99113 75.3162 19.2408 11.0458 31.4072 59.3157 8.52084 16.27 10.6728 7.35155 5.34921 0.34663 5.57744 7.83658 1.24258 4.66877 8.2198 20.2937 133.691 100.896 37.4626 4.23949 24.1885 16.9081 25.8491 0.0037291 387.312
-62.0715 0.246442 1.69086 7.92328 79.904 11.4949 18.1626 24.8987 59.3157 4.70813 20.432 9.92188 5.37589 4.98588 4.52381 12.2854 6.4653 3.52591 1.47853 11.0033 15.8604 129.729 114.407 31.8468 2.31069 11.6229 5.9708 56.6986 0.0016661 394.023
-65.6952 0.423207 1.74853 7.7514 74.9271 15.3948 17.1021 30.1384 58.5748 2.47763 5.1099 2.62021 2.9307 7.74068 6.41108 12.7146 7.13896 5.97983 9.60134 10.1706 19.9237 142.472 117.025 25.978 11.0108 13.3439 32.7255 19.4133 0.0299655 391.64
-64.4001 0.372423 1.57843 7.76506 70.7237 21.4363 48.1676 23.9305 36.903 5.64876 10.1103 8.66694 11.357 7.11319 5.8197 4.37341 7.41154 0.838979 4.27495 5.4405 23.8677 127.361 125.37 26.0952 13.7161 4.45869 38.4158 22.5177 0.0577561 392.666
-65.0196 0.410478 1.60335 8.20223 78.2776 10.8675 68.3168 16.3497 25.3456 8.82346 17.6473 2.16005 12.2815 1.97816 1.96046 1.28095 6.12087 1.35599 11.0898 10.9399 17.914 125.948 125.162 35.5225 4.45182 2.75578 31.7288 15.1297 0.0836968 388.749
-65.5996 0.398429 1.70609 7.58285 78.7467 18.8111 67.5245 19.7045 23.1206 9.95213 5.58808 1.88522 5.21944 6.20188 7.44785 1.25206 7.05818 2.79974 9.75075 21.187 21.8255 111.962 126.533 46.5647 1.34571 3.33431 37.233 6.87546 0.0784608 397.888
-65.4323 0.324435 1.78888 10.5302 76.6939 8.87673 74.4499 16.5528 30.3662 8.51341 19.4556 6.06337 4.73072 1.78298 8.53665 0.857575 4.26417 3.50015 17.2249 21.886 17.1468 99.4125 111.012 52.6779 12.7947 5.24193 16.7332 6.4282 0.0357137 397.42
-64.308 0.287478 1.60703 8.89411 77.2032 9.61995 68.3989 23.8296 5.45496 3.23026 24.1928 26.6037 6.06941 3.62894 4.00778 2.1831 5.02497 9.1774 20.5497 10.426 24.5471 96.6031 107.591 61.0314 3.37078 13.3644 3.68319 8.68824 0.00635791 390.649
-65.0295 0.369527 1.59456 9.88888 76.9877 11.6194 74.6534 21.4502 11.3621 4.41072 20.745 14.214 4.40042 5.57607 4.15193 3.86013 2.73057 5.71877 36.0366 17.3625 16.7864 87.6004 102.822 63.4487 13.4097 11.8601 8.219 26.627 0.021781 395.396
-62.2348 0.257873 1.56157 7.98116 77.1652 12.253 84.8139 4.22428 7.75718 2.57131 21.4776 12.5135 16.092 10.292 2.76169 4.40857 1.24648 7.47582 32.0628 7.5517 16.9355 100.824 83.2127 58.3883 12.166 14.8842 21.1151 69.9168 0.00237424 398.393
-62.3076 0.277151 1.57564 8.05557 87.141 13.3406 75.7491 4.22428 10.8378 2.57131 12.2407 7.70813 23.7359 7.75917 6.50786 1.71601 1.68132 7.01248 36.3217 8.1209 15.7163 121.296 84.9088 33.82 12.5479 32.7175 17.1503 35.3168 0.00168987 397.761
-64.2038 0.325082 1.5925 8.58371 74.9636 16.0798 77.1773 5.04727 19.3275 2.3823 6.93985 9.13808 18.0474 18.8306 2.68511 0.565279 1.16229 6.89995 14.1016 36.4398 4.41499 134.383 67.8273 35.9508 18.5425 17.5423 19.8191 11.3642 0.0301583 396.215
-64.544 0.457902 1.47816 8.56268 73.5215 17.2536 82.1158 5.04727 16.8412 4.91099 8.49972 8.02452 21.5306 9.0203 3.29215 2.7281 1.5991 7.14355 6.62745 15.0919 5.84851 139.116 115.975 40.4751 13.3365 1.21803 10.1666 16.1593 0.0115135 384.366
-65.3327 0.453694 1.57787 8.29229 74.0437 17.9964 80.2405 5.04727 22.7381 4.91099 7.27369 8.60512 6.63191 4.05958 9.9493 6.5921 1.79797 12.0555 3.78842 8.02411 11.7238 143.887 120.788 32.2561 17.9309 4.21847 4.40251 32.0702 0.00360556 386.712
-66.9553 0.4989 1.63386 7.78803 79.0096 12.1941 83.7498 2.24096 18.4964 8.76957 8.31308 9.55964 5.19627 5.0804 6.55631 9.38347 2.83802 17.1572 9.49461 1.51457 6.18244 143.342 113.41 35.7433 9.48609 6.29478 16.5845 13.5285 0.0227686 389.478
-66.2829 0.482695 1.6589 7.4697 69.7337 29.3885 83.7498 7.87638 5.9671 14.547 10.4877 11.2045 13.9626 3.21626 8.18044 3.30662 6.12041 5.65691 10.0905 1.51457 3.28568 132.654 130.638 21.1279 3.39173 4.68435 14.4823 23.7668 0.0132478 387.597
-66.0397 0.51886 1.57151 8.28672 65.8733 33.3467 93.603 8.54113 3.06562 8.89461 10.319 3.19578 8.97151 4.12132 4.78556 3.21977 7.67001 2.73554 5.22843 3.44121 14.493 134.509 125.359 40.2549 7.64374 3.56047 15.5442 1.13221 0.0770459 387.795
-66.7733 0.550208 1.55244 8.2215 65.0556 30.3218 85.5082 6.05102 9.92181 8.1782 11.8885 2.39415 11.4559 7.03339 1.86526 0.652946 7.52078 2.58859 7.47074 3.38962 13.1254 134.315 129.943 46.41 0.960457 6.41425 36.1792 17.9682 0.0296426 392.377
-66.6131 0.550208 1.50516 8.971 63.293 33.2523 85.5082 8.46842 9.92181 6.52304 10.7994 2.8922 12.8293 13.8735 1.28775 3.48536 7.12946 7.30086 7.40131 3.61008 11.0212 124.011 129.943 36.6532 3.02963 8.73296 18.509 20.0217 0.0532557 383.862
-65.7868 0.585976 1.45848 8.62501 60.2985 25.1647 76.2444 15.3762 12.0698 9.72421 8.9553 0.371006 10.8071 11.772 0.860106 7.90514 9.53744 14.6506 6.91419 8.44041 13.6876 113.639 135.229 34.6225 4.40613 12.9977 14.7522 23.8384 0.0188689 392.551
-64.4125 0.436829 1.43627 8.65007 60.368 27.6096 74.1874 14.7948 12.0282 15.3818 7.43553 2.22216 4.02108 24.7142 1.78049 2.31661 7.73437 8.71203 9.91171 2.35849 18.4984 114.975 137.953 38.4928 4.38635 13.0544 4.76394 44.449 0.00170383 390.949
-63.6276 0.377088 1.49078 8.21939 62.3409 23.6741 67.2527 25.2097 3.15246 27.6457 1.39598 1.78732 17.6359 6.75575 1.0745 5.46431 7.08652 12.6138 8.34755 3.29623 9.2663 121.225 151.918 13.281 4.37175 13.8714 8.33112 0.993669 0.00866476 391.248
-64.1968 0.357534 1.54101 8.67108 59.9334 27.3949 73.8247 23.4782 9.32109 15.9646 1.89235 5.15175 21.5204 7.38366 2.23806 3.30763 6.24503 15.8667 4.37637 5.45955 8.05235 118.726 141.316 25.9989 6.39101 18.9032 11.8614 4.45226 0.0122999 386.089
-65.0144 0.388312 1.65677 8.33251 58.6097 48.6399 61.1494 14.2592 5.49839 15.4414 2.45239 5.00735 24.5484 6.43585 1.75832 3.23479 6.71694 13.2941 1.97216 5.87093 21.3757 116.173 137.859 7.76564 5.14495 21.3228 14.6411 21.7869 0.0115939 387.661
-65.8446 0.449919 1.69403 8.10769 50.1131 54.6905 72.3896 17.1299 2.53934 12.5029 2.45239 5.09359 34.7082 6.18361 2.65105 2.29991 3.18255 1.51404 1.62047 7.75588 20.5208 122.22 145.955 12.708 5.70279 5.91868 5.27417 21.6506 0.0534467 390.38
-65.2718 0.393117 1.73787 7.99625 53.9617 54.6905 67.5706 8.21437 6.23148 8.30062 11.4935 5.02685 38.3089 0.706989 11.5038 2.92309 1.30636 11.1446 1.25108 3.61276 7.14925 121.205 143.101 28.5185 3.0381 5.93918 8.1228 32.7602 0.0170155 390.617
-65.5706 0.393117 1.70566 8.1205 52.4513 55.8857 64.8849 8.14995 1.36983 14.3212 4.1832 8.62295 32.0334 10.6262 6.13116 0.204149 1.30636 10.8398 29.9785 1.51856 3.36467 113.093 118.002 39.2792 6.51706 7.88798 18.739 13.4978 0.0165034 393.57
-64.3847 0.25669 1.78557 10.0424 54.7687 53.7893 62.7981 8.14995 1.78773 13.2969 2.31789 11.1403 20.6818 13.4388 0.517859 1.19246 0.60229 8.42457 21.1035 9.96949 3.27024 133.654 108.414 68.2216 10.9238 5.90606 15.4875 16.3942 0.000813529 394.988
-62.527 0.191224 1.6682 10.0618 59.0538 50.054 68.9615 9.36468 3.07722 12.6645 4.10809 3.43767 13.2903 16.3959 1.17248 2.23767 4.71258 14.8105 23.6229 21.0727 7.13775 120.988 98.1441 45.9212 0.38831 1.77386 15.814 6.52814 0.0111467 391.99
-62.527 0.202393 1.63054 9.64563 73.3822 20.171 74.8095 5.38396 10.1429 17.2237 2.35406 6.49663 14.1604 20.2076 2.24251 1.39416 2.85469 8.41758 7.65762 28.4365 19.2993 120.146 91.8065 59.6364 14.6553 0.910447 11.704 18.4651 0.00525756 393.422
-61.8994 0.202393 1.65425 10.189 73.8729 19.1503 65.8607 8.7772 30.9729 7.40997 1.78424 0.298712 12.8558 5.94113 2.55952 15.8112 5.35388 10.3476 5.33531 5.50929 29.0241 120.146 98.2377 69.0934 7.96399 1.98462 13.1392 40.7496 0.00959927 394.865
-59.9176 0.0478162 1.66488 7.67177 69.9867 27.0407 56.5675 12.8418 35.1771 7.12133 6.27459 3.65248 22.1263 0.803306 2.5705 6.42714 3.08588 2.34419 6.39564 6.4945 25.487 120.146 122.804 52.7297 0.644626 4.69811 9.6488 10.8752 0.00941958 383.717
-60.4307 0.0738845 1.6239 8.82104 68.7842 32.7118 54.9803 6.78174 31.2891 10.064 4.40999 4.01621 21.4522 6.70527 2.53577 5.43384 3.12166 4.79485 1.68282 2.77316 26.4514 138.428 102.519 64.8309 0.753359 5.49541 9.96825 17.5091 0.0131156 387.498
-59.1691 0.0738845 1.56548 8.33263 68.2936 32.7118 63.8191 6.20094 17.748 4.22781 6.36995 1.31787 14.6919 5.86446 5.35536 15.0043 9.3164 5.47145 2.9146 1.81666 36.1202 131.424 94.6967 70.7981 1.45151 7.64346 2.60334 0.823056 0.0286274 391.828
-59.5702 0.0738845 1.51168 8.92638 65.0998 39.1133 62.8775 3.1334 19.0363 8.31246 9.30941 6.8333 13.2873 4.87785 5.69273 12.775 10.7453 6.05368 6.14176 4.57046 13.0142 151.714 87.8169 45.09 2.01799 23.9832 3.86852 32.9714 0.0176714 394.809
-59.6071 0.0738845 1.64055 8.20223 68.0322 31.1634 65.9226 8.95655 17.8931 9.902 2.24713 4.87098 12.6769 2.86673 3.37904 10.9601 7.48925 8.76961 7.80144 12.8579 16.5702 151.418 57.6438 120.848 3.19875 0.628642 7.1827 39.0989 0.0175688 394.519
-59.6071 0.0738845 1.49802 8.2968 70.2562 27.4036 53.3202 17.7094 17.5863 8.2901 20.5378 2.58828 18.7542 2.37905 9.34721 1.96387 2.94794 4.88749 5.68651 13.1088 18.4491 144.535 71.7045 86.6775 9.47161 2.70039 2.5979 14.6738 0.0180942 390.271
-59.6071 0.0738845 1.54866 9.62394 74.7885 20.4757 53.4504 26.4944 15.3848 8.28965 6.79627 15.3564 17.1656 1.18956 2.52884 4.51336 2.94576 0.798138 5.21423 10.6615 15.098 160.396 82.0283 64.8021 19.3501 3.13826 1.40022 5.49769 0.00117225 389.566
-60.2138 0.0738845 1.71972 8.20254 73.9122 20.7378 53.7516 23.5068 23.9492 7.17752 6.79627 17.6811 13.8432 2.8924 6.1204 3.65051 3.22908 1.3905 6.81392 11.3699 9.89694 160.396 73.165 47.8062 15.9958 4.45592 22.4159 2.4548 0.00597396 386.636
-60.4105 0.0738845 1.70062 7.38939 74.4563 25.2955 56.1256 10.6758 22.6668 6.01182 3.97117 13.8286 21.4809 7.4391 6.15337 2.15369 2.2653 0.756582 5.75821 6.71592 18.6437 156.504 67.6118 93.9042 7.43827 2.89538 1.65925 11.033 0.0214183 388.904
-60.4105 0.147136 1.55559 8.42837 75.1394 25.2759 54.5222 10.9602 24.5349 8.50751 6.2479 17.6656 24.1375 2.09858 4.93339 2.57661 3.33947 0.756582 2.1792 6.67599 14.7221 156.504 67.6118 92.4985 7.19379 5.35126 26.591 46.0745 0.00023801 393.057
-60.4105 0.0783801 1.61298 8.63274 79.7771 26.127 44.6535 19.1114 21.8426 13.4506 6.34095 10.5569 21.6362 1.81636 7.87121 2.99362 1.48445 0.602672 6.10494 5.47838 17.7315 147.87 105.051 20.766 11.5608 12.2283 29.4874 14.6016 0.00416443 389.653
-60.3549 0.114292 1.4949 9.15054 75.4474 19.0305 32.8584 31.6662 36.8224 4.61517 3.99823 19.4946 9.28478 1.28366 5.90306 4.67209 4.40884 4.72491 4.41237 5.91547 24.0254 145.784 108.879 37.041 8.84191 5.0931 27.2305 55.7372 0.00522245 393.054
-61.1685 0.114292 1.78109 9.91835 72.9459 18.8583 32.8584 41.9308 29.7466 4.61517 3.8063 22.1132 13.7132 1.78476 4.53305 6.34028 8.53951 1.03214 2.81881 3.6518 28.326 145.122 81.6837 67.737 14.1803 8.51444 5.28126 15.7296 0.030678 393.841
-61.1685 0.137502 1.61328 8.38001 79.3541 25.1769 35.8261 42.0048 12.1163 1.51772 3.8063 22.0685 11.0859 9.17128 0.761105 8.82602 4.67884 5.94507 14.1562 6.52463 21.368 131.93 56.1755 95.6731 10.1521 2.94181 23.6869 25.9538 0.0303177 395.689
-61.2896 0.137502 1.64618 8.20383 66.0608 34.4352 35.8261 43.5113 10.7834 4.26716 6.8802 26.2718 12.3454 5.96364 0.761105 1.20023 0.875702 17.8711 9.72004 3.88992 14.3172 157.712 26.7407 69.0402 3.45948 35.3029 31.8163 70.8633 0.0262513 395.061
-61.493 0.137502 1.67735 8.41986 66.378 34.4352 35.111 38.8812 12.2971 4.70741 6.39031 15.0103 16.5671 11.0724 4.00104 4.27161 2.66125 20.3956 6.21738 3.52113 9.00865 165.07 26.7407 63.9209 3.85165 60.4118 7.43827 6.0748 0.0233126 396.578
-61.493 0.137502 1.64652 8.46942 66.378 34.4352 31.0705 52.6229 13.3911 9.35181 3.02947 9.00167 6.77384 15.8482 1.77312 7.30673 5.64552 18.7061 5.00316 3.52113 5.53661 145.241 64.4763 50.8603 11.6949 22.0389 30.4653 10.9794 0.00774555 391.581
-61.493 0.137502 1.63434 8.69206 66.378 32.9337 27.5593 59.3509 3.88413 12.2725 11.9285 10.111 9.23525 15.5126 6.6233 6.32361 4.34539 6.75072 4.13822 8.31092 5.53661 159.17 61.0411 45.1676 18.8006 18.0801 9.32127 9.39333 0.0105706 390.046
-61.493 0.137502 1.66323 8.54445 66.378 38.7681 30.6727 54.3001 4.99072 6.85082 17.7288 10.9293 3.37331 7.10313 0.293126 7.82691 0.615823 15.155 4.46943 6.12398 8.34735 158.526 61.0411 50.4776 17.3486 17.4753 12.2468 5.9462 0.0148608 390.38
-62.2876 0.182806 1.68212 7.69241 74.5779 34.6929 35.5904 42.1425 6.6869 11.9893 12.7438 7.98918 12.0699 2.14026 1.35728 6.59248 5.19674 7.67438 3.39677 2.46008 23.4399 157.711 89.2457 38.327 3.35523 5.31645 31.7099 4.16958 0.0163416 392.238
-62.2876 0.268864 1.61493 8.12041 80.968 17.1029 35.5904 56.0061 5.24166 18.8232 9.32689 12.5933 6.54888 3.62062 4.60736 3.11333 3.78532 8.8649 8.52043 0.695557 30.63 126.908 106.589 33.524 13.9802 7.55372 23.4807 15.3811 0.0111077 391.914
-62.9996 0.254502 1.66418 8.27465 74.8657 17.1036 48.8313 56.0061 4.06723 17.6541 9.56023 6.81963 7.0619 3.06825 0.345547 3.43091 1.95328 4.57706 8.68788 2.72976 32.7697 127.042 111.53 33.9878 7.92446 2.23751 38.8966 17.0804 0.0056021 387.856
-63.2191 0.254502 1.57991 8.58734 72.8794 17.1036 50.2428 56.0061 4.61198 13.4346 12.3331 0.557287 5.93365 9.72348 3.59469 1.68639 0.97292 7.69331 7.16452 4.45628 19.3443 119.6 136.681 33.3225 6.71298 9.1453 16.5726 11.7301 0.0314667 385.326
-63.3148 0.327058 1.48556 8.59875 72.8794 12.7606 42.6097 56.0061 3.9062 13.2406 18.5633 1.01868 19.7513 9.15073 2.73633 3.25321 0.610001 5.60705 6.04651 6.73562 30.9589 100.581 140.503 27.4711 12.6597 5.84121 25.666 38.1232 0.019717 391.07
-63.3148 0.334847 1.60584 7.90975 76.1042 12.7606 38.7818 61.2523 3.29113 13.1602 15.1949 1.55835 9.18763 4.79021 2.09006 6.83625 8.93748 6.62035 3.81811 9.65664 21.1095 104.477 157.461 10.5628 10.1741 9.14816 24.602 45.7532 0.0103747 387.127
-65.2893 0.443481 1.56606 8.06653 80.6995 12.7606 41.2778 57.1171 3.29113 8.5048 15.4674 2.72537 6.21247 3.66707 2.90891 3.77521 10.5963 7.33727 4.83664 6.87171 28.082 104.477 158.214 7.8005 5.47431 4.50926 2.38012 22.2027 0.0492725 388.578
-62.8569 0.287622 1.69305 8.06653 62.643 34.4978 31.7313 60.1183 3.48665 6.62466 17.2575 0.317411 16.397 6.66575 0.904945 4.72198 23.034 4.38352 3.99487 9.13086 18.268 95.9515 158.214 17.1474 1.5538 5.6154 25.8437 13.8702 0.0166787 394.158
-62.8569 0.152206 1.8363 7.8629 73.7929 19.8037 35.445 50.3905 4.93628 10.5734 18.9914 9.97306 8.87498 7.50095 0.831111 2.0548 7.35642 7.0505 11.7425 8.30835 14.9205 98.7423 173.416 3.87347 6.2923 26.5765 6.64409 24.1528 0.00205341 386.552
-64.6042 0.279997 1.8022 8.20938 74.6724 20.2899 48.2969 35.7683 5.50876 20.2259 16.4789 4.88204 12.3796 7.42711 4.68389 6.50439 3.25845 7.60028 2.15948 5.90657 18.0047 93.7319 185.483 0.97437 16.4542 7.19939 10.3538 20.5753 0.0107596 387.015
-64.7894 0.279997 1.79829 8.28226 74.6724 17.4408 55.3069 44.8101 2.31594 15.8649 2.49202 19.9418 11.908 3.39919 1.81851 1.81951 2.04618 12.7863 6.79461 9.81063 12.6866 100.331 167.501 0.97437 26.0508 3.13264 9.75181 23.9697 0.00650474 385.293
-64.6053 0.279997 1.78689 8.27243 66.7997 25.9327 57.8465 44.8101 2.01735 5.42049 6.72573 9.89687 2.53566 16.2109 2.02251 5.52462 0.993512 5.91686 12.2678 18.667 3.72781 114.525 157.077 17.2427 20.3374 5.34506 9.64764 18.3955 0.0124369 387.418
-64.2806 0.279997 1.74978 7.47879 74.3087 25.5556 56.1407 43.6553 1.75854 5.92054 3.69096 4.61306 2.49467 13.0579 2.02251 11.1539 1.10119 3.88157 13.7944 22.5748 1.4926 112.136 152.437 21.3699 8.38801 17.2063 6.74579 24.5402 0.00529263 390.129
-63.7712 0.279997 1.74506 7.47725 72.4772 25.5556 55.103 43.6553 1.75854 7.683 1.3025 8.47162 5.48018 18.2374 3.22235 7.48934 0.210896 4.90427 17.6199 0.0524543 4.32909 115.076 162.226 17.0606 4.61626 9.35947 12.2366 5.97263 0.00742717 389.92
-61.9935 0.30323 1.48557 7.66209 64.2245 33.5822 54.9051 39.1418 9.81551 6.09228 4.01624 8.85288 9.60908 20.6679 3.42556 4.53198 2.81361 1.28314 21.9016 3.35649 2.58347 112.312 160.944 8.91901 3.74866 4.36558 19.944 11.6606 0.00429087 388.094
-61.9935 0.214352 1.63771 7.94778 64.2245 33.5822 54.9051 39.8021 10.1121 3.97662 2.90687 9.52911 11.7221 17.3442 1.93437 2.29059 6.52545 1.22556 24.4465 4.29891 2.34215 114.398 156.31 13.4798 7.94862 5.56763 24.6287 59.1011 0.00760887 386.255
-61.9935 0.214352 1.65204 7.81156 63.8346 33.5822 52.2207 30.8021 22.7868 2.95736 8.70634 7.73107 11.5447 14.4329 6.82315 8.11221 12.183 0.628235 4.35032 2.11092 6.41713 117.665 149.419 18.2374 10.4875 10.0033 13.5402 33.4467 0.0111103 387.751
-61.8928 0.214352 1.52172 8.7539 76.1875 14.8426 51.4379 35.9084 19.4249 1.49716 11.1554 6.85068 23.4027 8.69649 4.74514 5.16294 8.52908 2.11013 9.22294 5.25429 10.6302 107.733 142.302 36.875 7.3025 9.0238 6.25211 7.25212 0.0118075 383.748
-63.4447 0.258091 1.62517 9.47683 75.2608 18.58 47.1693 35.9084 19.7281 0.185144 2.41058 4.34732 9.56803 9.15128 13.2397 9.05884 5.56522 22.4944 12.1626 7.03346 6.66941 109.68 145.411 23.964 11.8528 17.6282 0.472872 12.5708 0.0148421 394.069
-64.3873 0.36946 1.68677 8.15835 81.0099 9.09838 42.4326 34.7897 28.3106 3.24371 4.13639 3.45361 24.9603 4.83249 10.5602 10.5091 3.41967 5.4114 5.28334 2.00227 11.1652 127.328 152.179 12.7233 21.9332 3.06831 7.0037 2.8806 0.0197815 388.166
-65.2782 0.361282 1.6943 8.5704 80.7097 8.5833 41.739 32.4542 27.7808 13.404 4.39509 1.33184 8.32798 5.04508 17.7192 4.00417 9.39402 10.7978 1.31991 4.72168 9.20221 125.735 151.693 12.7233 11.8956 5.72317 22.9992 22.5601 0.0343964 388.928
-64.2278 0.315477 1.73492 8.07133 80.7097 8.40687 41.739 41.3647 20.4603 16.8636 11.9617 3.0117 2.46965 9.76281 8.35042 2.37627 8.69237 1.55674 3.94924 6.1208 7.93343 123.553 161.457 3.62889 4.76384 12.6084 39.999 8.14172 0.0365621 388.802
-63.7941 0.300268 1.74515 8.07133 81.1086 8.40687 38.9102 43.4023 20.4603 16.9955 13.7137 15.7997 1.94985 16.9598 5.08566 2.07659 3.02453 1.27785 9.08162 5.68411 7.25798 110.266 167.871 3.62889 20.0539 1.99243 16.9095 6.34488 0.00593838 383.196
-64.879 0.278284 1.80752 8.25654 80.8354 9.84883 37.9212 46.5784 22.1386 29.5733 3.4074 8.93924 3.91964 7.16252 5.6718 0.672599 8.5959 11.0162 11.3197 3.79945 15.7183 100.926 142.835 19.9968 11.3601 9.32983 24.281 4.24509 0.0158128 388.056
-66.0081 0.406162 1.80247 7.87397 80.8354 9.84883 32.9395 45.5706 31.2178 28.4333 1.27894 6.0002 3.9512 6.72303 3.22688 1.16377 3.46176 12.0959 2.79151 4.37398 17.1157 114.755 148.776 24.7679 9.67061 9.65047 47.4218 13.5492 0.0132298 387.904
-66.0691 0.351999 1.89754 7.90317 79.0079 9.84883 32.9395 28.7071 37.8987 28.3229 4.84502 5.84449 1.0134 4.98702 6.00309 3.50529 5.3173 14.7239 9.839 5.81601 19.466 101.372 152.913 22.2715 2.98602 11.6741 20.7204 12.489 0.0209322 388.576
-62.6329 0.272603 1.69145 7.61432 82.6791 8.6459 37.4622 31.3295 43.6894 30.2437 1.85629 5.00662 2.93652 0.516913 1.95802 2.53532 6.33841 18.6104 7.70019 7.25182 22.6312 87.8241 151.885 20.5591 1.37366 9.75323 22.8127 6.23091 0.00280393 391.591
-62.4192 0.239541 1.8922 7.24521 81.7438 8.6459 25.8298 66.3826 6.95615 22.6022 6.66622 6.13772 4.27835 0.485059 1.7283 6.25484 6.79592 21.8445 6.76695 23.564 28.7525 83.0284 146.832 17.7243 3.82904 5.45363 3.64575 14.2834 0.00479622 396.004
-63.0313 0.189321 1.826 7.61658 83.9815 9.58989 22.4155 66.3826 6.95615 20.4046 19.0629 13.9819 3.71983 2.51012 0.166609 1.89489 3.55409 13.8675 10.2705 16.6187 28.7525 83.0284 152.04 17.5959 1.50399 6.69586 28.8151 12.8692 0.0278553 389.362
-64.1511 0.341147 1.68668 7.35006 83.9815 9.58989 19.0634 66.3826 6.59889 13.7495 21.3687 11.8854 7.36013 2.51012 0.0754604 1.80727 4.21303 12.7198 8.47783 8.59639 41.9197 73.4591 156.148 23.2433 1.16976 2.18568 15.3152 7.82934 0.0208565 395.22
-65.6089 0.44319 1.70084 8.09061 83.9815 9.58989 28.1866 66.3826 1.07975 21.2241 19.1035 8.65845 2.30347 4.59464 1.01244 3.59251 4.00565 16.6362 6.32446 9.42316 44.8308 73.4591 153.947 23.6069 7.34496 7.0401 17.1782 11.3339 0.00274209 387.764
-66.3205 0.450863 1.72313 8.04692 82.0419 15.6392 20.738 68.3301 1.07975 15.3502 15.0803 9.1842 14.7574 6.11182 2.06716 0.241455 2.42928 15.5475 5.83646 10.406 49.6606 73.4591 147.336 24.638 7.24545 7.16347 20.8812 16.0716 0.0370935 391.09
-65.4836 0.443703 1.70534 7.75389 82.0419 12.3263 31.2258 68.3301 4.46679 14.5564 15.0803 8.87326 1.59757 3.03676 2.9496 0.463164 7.06591 15.5475 7.23461 9.28472 45.9592 71.9604 159.971 6.2566 4.90242 17.355 22.6181 11.031 0.0142502 387.39
-65.2615 0.387994 1.76994 8.13152 82.0419 12.3263 29.6797 68.3301 4.46679 10.6161 13.4719 5.45974 2.98588 3.03676 6.9329 1.13568 4.45622 10.5896 6.43975 10.7903 35.1251 71.9604 185.601 10.6195 12.1819 2.87119 8.66854 27.8565 0.0282487 391.173
-65.6551 0.365827 1.94585 7.1079 93.1494 3.76901 18.0988 65.981 10.3357 10.6161 11.8 5.45974 6.63027 15.1499 4.92802 2.58124 2.62631 9.37269 7.19755 6.77642 16.7689 102.481 174.866 2.89968 6.26251 10.0885 2.96906 15.5731 0.00950002 389.696
-65.8507 0.333139 1.86783 7.31499 93.1494 5.65883 22.5202 65.981 13.5036 13.6794 5.39483 8.3928 10.2222 14.0986 3.88808 1.55017 1.02034 8.03934 12.0129 3.69043 21.4738 99.8598 148.251 25.8796 7.85116 5.69711 13.2729 21.3911 0.0501932 391.948
-65.8611 0.465199 1.61928 7.93458 85.879 5.65883 12.5808 65.0905 23.139 33.4623 2.45393 1.29001 6.80341 26.5882 0.254462 0.24174 0.671888 4.43331 13.0976 4.4468 22.9755 102.859 148.835 9.17944 13.4569 16.8764 21.6858 13.6405 0.0410104 396.014
-65.8626 0.420497 1.8399 7.34546 85.0077 5.65883 16.4952 65.0905 23.139 17.2438 8.94872 2.59285 3.90204 21.9674 1.81588 1.02729 2.23164 3.17076 4.92237 5.99413 28.0615 102.827 159.239 15.428 2.18644 12.8298 25.6972 22.2607 0.0414957 386.309
-66.1363 0.407077 1.74404 7.0778 87.8338 5.65883 22.5619 65.0905 14.8554 13.75 5.56183 2.59285 3.51874 20.8286 0.480958 1.02729 1.42673 9.4005 14.9557 8.32379 11.9107 108.557 168.071 7.46593 5.13432 9.58227 12.9604 19.5499 0.00477465 388.439
-65.9814 0.475553 1.76753 7.57771 87.0887 2.74745 16.1441 77.1294 12.711 20.0479 13.7221 1.61754 4.86649 1.0493 4.01499 3.19125 2.83926 1.06561 11.9097 12.9553 19.5498 119.161 153.289 3.65784 21.5871 19.0291 1.37896 6.98471 0.00826259 390.04
-65.9534 0.456181 1.52802 8.91666 74.6434 2.74745 21.7052 77.1294 12.8777 3.28773 19.6603 9.65594 1.51808 18.553 5.87367 0.593141 1.39795 10.1791 18.0313 9.55633 6.42887 107.341 146.542 25.0721 19.7025 17.8582 4.33895 15.7584 0.0222441 393.076
-66.0247 0.507445 1.4776 8.58991 74.6434 11.9504 16.8261 70.0972 10.0337 6.7354 12.4836 10.0744 1.51808 27.3779 6.85302 0.98826 1.93292 9.02675 17.3964 16.6701 14.9031 97.982 142.185 27.4538 2.19554 17.3324 0.68879 22.6013 0.00612329 393.559
-65.7932 0.422384 1.65947 8.4886 81.8457 10.0895 24.2409 71.4922 13.8426 3.57971 3.62134 13.4492 3.52223 22.9531 3.11246 3.30632 1.49271 7.49638 14.4018 0.902629 2.95067 121.887 155.649 18.1437 2.4789 3.38215 16.1098 25.1349 0.0218739 385.574
-65.4183 0.473415 1.6513 8.07611 81.8457 10.0895 14.9145 82.5346 4.33705 4.56275 12.8344 5.02542 12.87 13.0955 7.44083 0.498801 1.49271 4.29176 6.23074 10.6343 6.72893 130.791 145.453 19.0821 13.4129 2.33381 17.871 12.5131 0.00789524 382.828
-65.9164 0.429657 1.62363 7.80627 82.7846 9.89594 19.7863 69.7077 11.58 0.870689 5.4317 12.6793 7.03906 21.0309 2.18369 4.59285 1.84081 19.9961 3.70554 5.42467 1.99493 147.479 127.314 4.85178 22.6582 10.146 16.0867 7.83066 0.00432418 390.718
-65.228 0.419692 1.69002 8.09839 83.6651 9.89594 8.91732 69.7077 11.58 3.14914 20.8482 7.33908 13.5922 17.8898 3.22457 0.643503 8.70927 12.1661 3.70554 5.34125 6.29603 147.479 114.059 33.2246 9.31166 7.31309 15.5186 14.4312 0.0150249 387.834
-65.7677 0.475341 1.6328 7.59788 83.6651 9.89594 6.25201 69.7077 17.1061 1.76226 17.0587 2.78416 17.6064 22.0684 0.890766 0.643503 2.35556 16.6802 3.70554 9.3507 14.0251 147.479 105.019 32.5033 4.05865 13.5779 7.98941 7.6695 0.00597045 388.622
-65.0084 0.370255 1.81011 7.84666 83.6651 9.89594 10.2277 65.713 26.1744 3.60493 19.2151 5.40175 7.26354 17.6575 0.641315 2.31153 8.32804 7.33373 7.58836 4.08191 16.699 137.025 105.019 14.6124 12.7626 17.7922 9.06637 5.91481 0.0529702 391.481
-63.2643 0.204488 1.69256 8.32897 83.6651 8.27832 7.99888 66.8747 41.7836 11.5336 4.29748 12.0969 3.39296 6.41516 1.34052 3.46019 3.54535 5.10398 15.125 2.50657 14.8563 118.857 140.814 28.7077 10.3653 32.1079 7.97712 1.53508 0.0025397 388.515
-62.9031 0.182526 1.77807 8.28725 83.9249 7.03863 4.4025 58.2922 35.5095 23.1229 9.77379 10.245 6.7256 1.65429 3.39627 1.16997 3.46992 2.68429 18.7726 2.32665 19.7406 118.857 134.578 31.6709 9.26961 26.2077 21.5748 20.8879 0.0289132 389.555
-62.7847 0.096216 1.9108 7.84382 81.2351 12.4826 6.11941 62.0599 34.5326 10.635 6.82343 7.3908 7.83346 2.338 3.18148 3.12552 8.27391 8.96861 12.5767 7.77441 26.427 111.939 138.052 12.6232 5.69586 18.2354 28.947 11.516 0.0421516 394.131
-62.6486 0.196925 1.7866 7.9033 81.2351 6.30612 14.705 58.4613 34.091 20.7625 6.49599 13.1931 9.26332 2.37783 4.8237 0.83853 2.38128 2.40301 4.39824 5.95642 29.2022 90.3588 176.312 3.24308 9.41736 14.9439 0.838046 14.2765 0.0315203 384.021
-65.5872 0.365877 1.75565 8.04896 81.001 10.6734 14.2468 59.2816 32.7089 8.53695 14.762 12.5822 11.4984 0.819183 0.464158 3.08624 10.1103 2.03074 4.90075 13.2192 17.0678 95.1428 161.292 20.5972 21.0111 21.3832 2.77913 18.8965 0.0330616 388.4
-66.9678 0.464215 1.73363 8.0388 78.9083 10.6734 14.0778 59.2816 33.7925 14.5621 16.4246 22.6121 4.12537 7.6768 2.67411 6.89045 2.075 4.44705 1.74534 9.94611 26.6135 111.962 136.164 3.64869 17.2984 19.0062 19.1608 24.8988 0.0326058 398.058
-66.665 0.417088 1.77336 8.25679 80.2362 5.29185 46.6837 31.9224 35.6215 11.5891 8.98411 10.6465 9.00226 5.20886 2.65738 2.43914 3.12265 1.83954 14.4896 18.3317 38.5985 108.766 137.652 5.06266 13.6847 1.86679 24.8436 21.0578 0.0399331 398.004
-65.0915 0.393009 1.72691 8.21344 84.2929 5.13022 46.1003 31.6702 28.8099 7.49139 11.0704 19.9746 8.16122 4.33124 1.75063 3.93787 3.59744 3.58159 3.10956 8.71665 30.6495 110.85 134.888 24.4668 8.02219 1.95349 36.5537 18.4003 0.000622759 384.572
-64.6367 0.338847 1.72078 8.01165 82.4359 0.819837 47.0683 29.4774 38.5405 7.29793 7.05865 21.3105 8.27705 5.04272 1.4473 1.5968 1.71537 4.08 7.34209 16.5964 21.9968 108.668 124.945 41.7942 0.507171 14.9439 8.66652 7.49674 0.0023092 386.395
-65.6373 0.397468 1.7073 8.31812 83.2365 4.5994 48.8567 25.4667 35.1094 4.09686 8.41841 27.163 9.65856 1.86726 6.72431 3.60625 1.4189 3.31779 3.01145 12.4106 19.4694 102.341 138.643 37.4119 6.71195 4.8931 8.53449 5.20459 0.00248575 385.047
-65.4637 0.409056 1.66013 10.2701 82.4753 6.20476 48.8567 25.4667 31.8793 3.34319 10.0924 16.5506 18.0008 14.3295 3.4794 6.17315 4.37259 4.41767 5.29394 9.41151 25.44 102.848 114.586 49.3656 11.2208 5.87354 5.43671 6.8179 0.018061 390.392
-66.7823 0.464724 1.72034 9.64307 81.1177 8.39405 35.5946 33.9272 28.4287 3.50484 17.6388 19.7036 18.0858 5.68492 2.99759 4.88102 6.09311 4.32699 13.6287 13.3903 25.9784 102.784 127.97 19.9779 7.14713 11.9815 10.2824 7.92525 0.0197674 389.87
-64.6645 0.355423 1.71409 7.51558 64.6414 34.4872 34.5375 32.0655 27.8556 3.70416 21.9275 7.96639 13.5496 7.20106 3.26207 6.88636 5.35536 3.96618 6.6057 6.71667 16.1232 96.2057 151.485 32.0497 3.5301 17.6215 7.22232 5.6402 0.0683391 387.49
-63.3258 0.315219 1.54025 10.1956 59.0915 4.48778 42.5228 52.6432 34.1836 6.22692 16.0511 14.6927 4.02385 4.17707 2.95321 9.19195 0.961326 4.4291 6.08156 6.16238 15.0276 111.013 169.773 21.2743 6.93083 17.5494 3.6284 37.8842 0.0427633 397.629
-62.5305 0.327792 1.53351 8.45644 72.4311 27.0329 40.5243 23.3408 39.631 8.32634 21.9096 17.9968 2.93727 4.59795 2.37972 2.52036 1.44353 6.77508 9.46178 14.7379 3.86287 104.735 155.014 9.47057 10.7122 16.439 10.2254 78.4687 0.00264464 389.982
-62.8712 0.348575 1.4849 8.12064 74.7853 23.6896 37.3386 26.1797 37.2074 16.9521 8.48259 9.1647 7.37964 7.44703 2.37119 2.52036 1.17752 3.87727 10.5024 13.128 11.1993 106.091 168.063 2.43323 7.54804 13.0879 8.56685 70.5663 0.032067 386.781
-62.2737 0.287712 1.40368 9.54362 71.3999 21.1833 36.7769 22.1309 37.2074 12.044 12.3973 14.3116 14.8412 6.98467 4.42025 2.00391 1.76333 1.32038 10.2801 4.9583 13.8991 111.468 164.772 2.71504 9.46418 26.121 6.84754 19.6507 0.0415166 389.594
-64.1734 0.306491 1.70329 8.04156 79.6174 21.6359 36.7769 22.1309 35.2852 3.75292 6.94285 14.5902 23.4627 5.5627 1.94169 5.79421 4.66066 6.24924 11.8137 6.9263 4.93658 94.649 178.423 7.32992 10.8287 13.3469 5.66298 31.328 0.00554667 386.217
-63.6806 0.267114 1.68833 7.90993 72.1398 18.4492 45.0704 38.1081 8.55876 3.23268 10.8037 15.0303 19.0753 13.3732 8.16219 2.04864 6.3876 5.69424 11.4189 2.37079 9.17274 106.917 174.063 4.0575 20.5945 11.3758 19.6658 10.3333 0.0125699 389.836
-63.1819 0.282648 1.67586 7.69855 75.0453 21.7286 45.6769 37.4574 8.92074 9.17943 10.8037 14.0512 19.6624 3.45428 0.792887 4.43125 5.22733 1.67594 14.0836 8.81488 26.5677 113.607 142.881 8.27493 4.56428 16.7035 23.9024 6.97287 0.0390748 387.58
-63.733 0.2525 1.75373 7.94907 84.2588 16.0067 40.1054 36.5446 12.2594 6.80056 5.83663 14.5749 26.8076 1.92888 0.338932 2.81445 4.37191 6.4835 13.3666 7.87751 20.788 111.45 147.138 5.25707 3.29255 17.5351 40.5106 7.00967 0.033576 390.99
-63.5435 0.247514 1.7842 8.13311 75.8442 16.655 43.7196 34.5405 12.3153 6.13095 9.57238 19.7349 22.4521 6.78328 0.338932 2.81856 0.343769 6.12616 2.83414 5.85657 11.3481 127.105 148.473 23.3583 9.70457 11.0829 11.2486 26.3817 0.0381909 385.286
-63.3746 0.254787 1.72736 7.76521 73.0335 15.1908 48.1308 34.8099 13.1253 6.66246 12.7419 19.7349 28.1315 6.78328 0.338932 2.06992 0.616922 6.31393 3.46309 0.741129 15.2225 116.747 152.913 28.9586 1.68147 1.78358 23.9095 22.6537 0.0349186 389.793
-63.3642 0.148215 1.86338 8.03019 77.6713 9.05966 47.7399 40.5039 9.89031 6.66262 15.8151 15.5537 22.6101 4.79278 5.14885 2.40297 2.3841 6.02936 2.56953 5.26115 21.4913 109.22 143.319 36.348 14.1965 2.99518 9.2032 25.9557 0.00224189 386.216
-63.3707 0.2252 1.7562 8.34792 80.8008 13.5354 60.9861 40.7125 4.64456 6.56293 15.8787 13.8391 16.5965 9.54566 10.3305 1.8513 5.00583 6.27225 12.4233 3.41483 8.98456 109.22 106.523 54.2186 4.85344 8.06536 6.93456 12.5802 0.00230315 394.029
-63.35 0.256372 1.76856 7.84356 80.7882 20.714 47.2244 33.2806 6.57107 6.56368 5.86234 16.9729 18.9913 12.069 2.25504 1.87688 1.58668 3.50454 12.1796 18.0812 3.70976 139.438 91.8832 42.9456 13.3661 28.5187 16.0381 6.49611 0.00393661 389.395
-63.351 0.255466 1.71184 7.84356 82.3726 4.25592 52.5284 50.2322 9.53619 6.54218 2.16044 14.823 11.2606 12.513 4.61209 1.50941 1.56927 8.94291 7.46835 19.105 3.21009 154.375 77.0394 40.9571 5.91115 13.0276 15.8424 7.07515 0.00660939 386.999
-63.4633 0.230933 1.72346 8.0571 79.7638 4.25592 58.6277 37.355 10.6551 13.1572 1.32992 18.2345 13.609 11.5173 8.49446 1.54229 1.56927 2.12471 7.2383 18.5454 3.83317 136.069 126.893 25.2771 7.83963 18.1914 22.0376 3.28778 0.00527786 387.614
-63.9054 0.238885 1.80635 8.00393 82.5973 4.25592 60.7321 47.1461 4.35119 8.38784 9.97599 7.90647 11.9976 7.84245 2.59763 1.44101 0.87656 15.6453 3.42545 18.5454 3.83317 147.818 116.261 18.8224 2.64444 5.99659 33.218 10.8356 0.00335767 387.015
-63.749 0.215596 1.75111 8.36835 84.2457 0.95074 57.574 56.7972 9.13089 7.7792 5.99633 5.06085 16.7839 12.5672 1.07617 1.43726 8.53208 8.55162 0.636931 12.0933 8.58022 112.776 141.198 11.664 6.02929 10.878 34.0751 8.65025 0.00564314 394.471
-60.7433 0.108455 1.68533 7.16056 85.3368 2.63832 51.1168 56.9496 8.12374 5.28012 4.5657 3.16326 1.97515 7.45345 1.42136 7.7371 13.2813 2.8241 23.8943 6.08623 1.40465 114.114 155.127 21.368 0.874975 21.0239 24.3938 18.4636 0.00098086 394.499
-60.7616 0.0784229 1.70427 7.82024 88.4571 2.63832 48.2952 48.4821 6.8578 10.5868 1.27833 3.67278 8.53368 11.8904 3.2412 7.44732 5.92828 8.625 34.1637 2.62313 9.62826 105.463 151.962 8.00842 12.7681 5.49986 24.983 24.0881 0.00098086 389.799
-60.7616 0.0722995 1.77623 7.89569 78.3457 10.3313 44.6671 46.4941 10.2301 7.70888 9.86224 18.9656 13.646 4.07591 1.6205 8.79201 1.25381 7.21187 29.2687 5.17731 3.89548 108.982 149.037 16.9519 10.8636 4.45294 1.70006 32.0972 0.00459665 387.44
-61.1483 0.078739 1.81244 7.56087 78.3457 10.4474 45.717 49.7759 6.57757 3.40286 27.0511 18.1527 5.31115 10.382 2.49081 4.31612 4.84239 4.01588 15.2092 1.95557 2.38533 109.931 148.849 18.9405 3.25994 17.6366 34.6895 27.1524 0.00227843 389.928
-61.7544 0.163055 1.72109 7.43311 75.5034 13.0811 36.6262 53.6985 15.2229 8.20993 25.6223 15.9803 4.78049 9.41532 2.10334 1.99922 11.5014 0.508012 11.5681 4.17266 2.08862 104.984 161.205 15.8923 25.0036 5.17705 2.63745 20.173 0.014762 388.55
-62.2294 0.148666 1.81863 7.99694 76.0895 15.7255 28.3192 49.0526 15.8005 5.84309 35.5262 8.11458 5.04688 6.79358 0.623506 7.36157 6.41272 1.46081 13.8354 4.03855 2.08862 119.57 155.918 13.1441 30.3276 3.48835 5.62257 28.908 0.00449402 386.311
-60.6949 0.0768299 1.78809 7.87848 81.2075 14.8174 28.3192 58.9246 14.2993 3.98283 28.0925 7.90317 2.88136 5.95534 2.89475 7.30228 4.99402 3.85232 13.7536 2.04669 8.98884 113.614 154.95 18.2508 1.92262 21.9915 5.17588 36.2809 0.00395855 384.966
-60.7675 0.0936622 1.72844 8.16897 76.054 14.8174 28.3192 57.2128 17.5183 2.86424 20.2528 7.90317 3.04666 9.83463 0.582766 9.82882 7.02247 4.11511 7.29012 10.0721 20.0717 108.966 152.526 13.2593 2.90699 18.665 16.2031 11.1826 0.0185398 382.892
-61.5593 0.10279 1.73637 8.04015 76.72 13.8517 38.3668 60.5577 13.3456 11.688 2.00132 8.61414 7.65837 4.82242 1.37625 10.5565 16.9353 4.16122 4.7646 13.5848 13.4672 96.664 155.794 13.4893 7.68134 15.0946 26.238 21.4312 0.0387436 392.426
-61.346 0.168077 1.6789 7.95075 73.908 24.8646 29.7631 51.8633 15.7105 4.08781 5.06421 24.2267 5.32672 3.77453 1.27551 5.0899 4.09453 7.0017 17.43 4.80234 14.7508 108.38 152.538 33.5025 8.95766 12.305 21.9093 28.9833 0.0224263 388.005
-60.5053 0.126778 1.64978 7.489 71.4798 20.0284 22.7713 57.3273 16.9001 2.07349 6.1326 21.7547 5.93387 13.5255 4.68191 5.30445 1.60587 9.15078 17.2619 1.51814 22.1102 99.8682 155.041 14.6066 12.1324 1.7022 48.9131 13.0403 0.00195018 392.241
-61.8273 0.136479 1.76511 8.17288 81.0429 20.8376 17.9709 51.6009 26.6363 4.97282 0.568524 22.184 11.6758 17.6356 6.69089 3.05714 5.76093 7.93148 16.2844 0.487295 1.94727 106.461 162.299 7.72242 4.30004 3.04351 33.6869 22.5996 0.00766037 390.989
-62.2839 0.130889 1.72679 8.36961 81.0429 13.0289 18.6836 53.4221 30.4794 2.72888 6.22568 21.0839 6.77278 18.0279 1.73036 7.89451 5.1681 9.32373 9.52444 0.7479 1.94727 116.003 162.606 5.01324 16.4451 6.2726 11.8683 17.9164 0.00302544 384.618
-62.1413 0.0805939 1.83359 8.24135 83.7135 8.68948 27.9153 55.5792 27.8316 1.51072 2.76477 11.982 6.62096 17.7042 1.19751 10.4455 2.28141 1.71249 14.4579 1.87029 6.92291 114.959 159.875 7.40516 11.7013 7.03475 23.2179 4.97091 0.00724834 389.577
-61.0647 0.12574 1.61814 8.33449 80.0472 12.5595 31.5648 53.7334 22.1488 1.96517 9.78023 9.73311 9.43915 14.5514 4.68166 6.53929 0.672046 5.35601 3.7499 3.92359 21.7945 114.619 156.311 20.159 21.9034 7.29992 10.5939 10.5192 0.0271868 387.671
-62.0562 0.235617 1.68698 7.42194 79.6201 6.52589 35.2826 60.7382 12.5238 3.13496 14.9609 10.596 3.17294 16.8392 6.43326 1.19966 1.66132 9.47702 3.77089 6.49425 31.4782 104.468 154.697 3.04262 13.7048 4.95529 6.48158 13.8466 0.0510606 387.681
-61.7895 0.213593 1.61125 7.75394 83.1123 4.28182 35.0839 60.7382 13.1018 6.34007 16.7037 10.714 4.91607 10.5091 5.77044 1.17104 0.35367 5.02813 3.12036 5.36594 20.3339 115.832 161.071 4.47409 22.916 3.67977 12.4357 14.365 0.00822297 382.172
-61.3671 0.227674 1.52755 7.56534 85.4357 2.41509 30.2819 60.7382 6.02807 6.38495 16.9968 17.2528 4.80302 18.8059 1.18207 1.09959 1.51666 7.4202 10.9154 7.32083 12.5032 110.823 157.828 12.6057 28.6082 2.96858 0.45464 11.5123 0.00956882 386.153
-62.7571 0.127514 1.78467 7.65022 83.5041 9.95062 32.3433 62.426 8.81593 7.75682 5.84789 15.1589 4.80302 11.855 1.86309 2.17488 2.80515 16.2479 11.0869 9.52391 4.7892 113.994 145.337 23.2392 30.7837 3.38869 1.86519 0.778434 0.00313657 386.601
-60.6638 0.0728856 1.69667 7.59823 83.7862 9.3495 22.9706 60.0911 10.8757 14.2917 7.97659 15.9664 9.78553 11.855 1.30887 2.88455 4.163 14.6326 7.76348 8.8372 7.17969 116.912 149.07 14.8933 7.62727 7.12655 17.9912 30.0458 0.000691377 386.042
-61.105 0.0952351 1.74907 7.61569 71.8908 21.3032 31.889 18.7826 51.2624 13.0619 4.00657 22.5982 1.13135 20.8208 1.89046 2.24344 6.76491 7.42397 3.99884 0.76764 13.7372 114.96 144.496 18.9806 8.25217 17.9447 5.80429 2.44296 0.00947267 383.043
-61.2321 0.140916 1.74352 7.652 61.753 40.6842 34.8848 6.13343 59.3328 13.6835 0.774762 17.4607 1.13135 9.20175 1.38086 1.77863 7.23661 5.87897 17.1432 3.04695 8.308 114.66 150.645 29.063 7.07758 5.33567 9.79066 11.7126 0.00486397 383.102
-61.2321 0.147325 1.6777 7.66881 66.0774 52.5409 30.1067 3.83264 36.1561 18.8626 3.61619 11.0488 1.13135 9.26113 1.4128 9.29088 8.99373 6.07662 24.9412 5.72521 4.35773 113.571 140.997 23.1575 0.888933 20.0808 10.8125 11.0665 0.00331604 391.638
-61.7884 0.147325 1.62715 7.67008 57.7534 56.9883 34.7788 15.3492 31.5358 19.2999 11.7378 3.86519 7.21097 15.3844 9.78925 3.03132 2.5883 3.07235 4.81047 16.0934 34.8361 72.4627 142.678 38.7114 7.18765 8.89993 6.36531 11.6782 0.0241681 390.656
-60.3348 0.077917 1.61829 7.65297 67.2935 53.9628 26.9807 15.3492 29.2729 17.7884 16.9066 4.48688 1.06855 5.49661 2.94097 2.38545 2.79036 7.6797 4.78731 7.34462 29.4564 112.52 154.247 27.1067 5.51569 3.56086 10.8989 14.8944 0.0152894 391.482
-60.6506 0.0954546 1.77144 7.39299 65.0812 52.0504 34.1246 17.0716 34.9517 16.6864 14.4629 13.5963 4.74955 10.1565 3.03584 0.634225 0.852773 13.2841 3.87681 6.38132 29.3627 90.7654 155.851 5.68306 2.63994 3.56086 25.8896 20.2841 0.0216618 394.512
-61.7871 0.205259 1.67932 7.77993 63.4654 46.0377 32.512 38.2901 16.8732 6.32176 22.8959 6.86448 0.670401 11.2274 3.01834 1.4027 3.55958 16.0844 6.85337 7.38834 1.77412 118.627 158.808 5.9461 7.02126 5.71893 7.80786 10.9056 0.00902501 384.511
-61.7871 0.197726 1.73121 7.0679 59.8058 45.1322 32.5702 45.7015 15.3908 9.36435 15.6427 11.5006 1.52036 11.4273 5.07769 0.864626 0.878775 8.73484 11.5206 8.59399 7.30266 107.676 154.812 23.7184 17.2069 4.97409 3.39541 47.6367 0.00902501 385.914
-61.9317 0.185873 1.59076 8.50035 65.3161 36.2215 20.3511 55.0504 21.7911 9.49151 12.3365 9.34074 5.33627 3.59902 4.25607 0.966201 1.13879 2.8008 10.9215 17.7556 15.2507 115.433 150.853 13.3909 2.81755 15.9749 17.4282 20.669 0.0337285 383.176
-62.6436 0.279769 1.66872 7.99198 64.0031 33.8316 26.8022 63.1936 14.4307 2.82103 15.602 10.0386 1.50904 3.96952 1.91275 1.69977 5.49811 11.1993 10.5544 16.4377 11.8076 97.9627 169.528 9.65802 19.38 10.5899 24.3878 13.8867 0.0328929 388.105
-63.3038 0.282327 1.60568 8.55599 67.2308 34.3137 35.3896 57.1305 13.4458 9.08818 8.14624 10.8477 0.39744 3.53852 1.25515 3.1834 3.1636 10.4519 19.4502 9.30066 6.22126 107.288 161.268 9.1107 19.5833 11.8313 3.84061 19.8443 0.0243919 385.229
-63.3646 0.353239 1.58319 8.35463 58.4195 67.726 34.1066 23.871 10.2596 15.2988 7.68287 16.5593 0.223472 3.52334 1.5203 2.41522 8.3461 15.0504 16.1714 4.93728 3.24058 113.474 155.594 6.20873 29.0906 2.45244 3.84061 9.10441 0.0125096 389.188
-62.7626 0.326893 1.52887 8.47593 55.5225 67.726 29.4566 21.1871 10.2596 10.5573 23.733 18.766 0.73616 2.92649 2.02468 1.06936 4.8203 12.9995 16.2335 1.99371 17.1337 101.143 169.001 8.28588 2.28047 23.2923 9.93644 15.7183 0.0165332 388.413
-63.2892 0.30206 1.5025 8.86321 54.24 72.1067 29.9551 3.6172 25.0626 6.39094 21.5924 22.2995 3.52239 2.07426 1.61508 8.45242 4.8203 11.457 11.3933 3.08575 9.48722 98.5188 167.869 13.8056 3.59097 20.8545 10.692 13.3002 0.0382213 390.15
-62.7007 0.254132 1.5025 8.93702 52.6789 56.177 33.6349 4.32693 45.4212 10.928 18.7516 24.6651 4.42549 2.10246 0.541419 10.3025 2.26214 13.7524 8.51831 5.73408 5.83732 100.932 158.918 4.23883 7.24211 18.4531 10.0966 8.73196 0.0406659 389.947
-61.0241 0.161514 1.56378 9.93399 53.8784 49.0382 32.8686 13.3279 45.4212 10.5326 15.6303 22.5857 5.37126 3.93011 0.4324 0.256952 1.44503 6.10505 11.4305 6.43377 17.1908 97.9936 166.19 4.23883 5.55639 20.462 2.09332 11.0247 0.0396776 386.614
-62.6674 0.221341 1.59545 10.1228 59.9406 46.4909 32.6309 13.3279 45.4212 8.23823 3.84687 14.5937 5.37126 4.42553 0.438357 5.43269 4.68427 7.26105 5.30144 7.63825 34.0738 96.0083 167.109 11.4821 8.95835 0.527635 6.43794 11.8914 0.0553011 388.276
-62.5787 0.243878 1.56061 9.78764 59.2477 50.4137 30.273 13.3279 43.3772 6.93531 4.37867 19.9464 15.2342 9.12759 0.692102 0.428547 2.7017 2.98976 2.52282 9.74162 39.5982 86.1834 161.838 12.2814 10.7928 8.51672 16.0943 3.27965 0.0641631 389.347
-63.1153 0.279531 1.47198 9.56124 58.7359 42.3184 36.6891 13.9397 43.4484 9.68082 10.0286 20.4918 13.6186 6.35075 0.72074 1.97267 1.67883 3.70662 1.81723 1.63206 49.5732 94.4321 132.482 33.6829 4.32442 8.34073 18.5117 35.308 0.00910453 391.359
-62.6914 0.315952 1.42343 11.8607 61.7723 36.8 34.6321 45.4797 7.65436 15.9777 9.55907 24.6522 11.5151 0.88983 0.60236 2.76409 2.47673 4.53294 3.16172 11.116 47.0157 101.501 109.073 47.0475 0.540588 5.45033 15.3972 29.1635 0.0472805 397.546
-62.6914 0.313282 1.37147 10.8627 61.9204 33.7278 37.6558 40.4782 18.219 15.2379 13.841 1.84203 11.9732 10.999 0.962385 7.16077 1.65797 2.12952 6.67299 11.9097 36.8998 96.6602 133.431 42.2494 4.85261 5.80791 4.30312 15.6764 0.0248209 389.27
-66.9514 0.420093 1.78406 8.67187 65.9511 33.95 33.6829 48.9684 5.35394 3.6221 10.927 7.30346 16.1074 12.673 3.62746 6.30128 2.14538 1.55514 7.35992 13.6171 21.4673 101.78 167.027 1.73205 3.36566 7.62004 48.4434 3.71926 0.0112429 390.744
-66.252 0.512814 1.71582 7.04837 60.4758 29.9343 37.3772 52.9945 10.8997 4.34974 15.3845 8.21381 11.7549 13.6423 4.51532 4.32218 2.47986 13.6658 8.10679 2.8393 16.7901 83.8626 185.013 12.9676 23.9874 4.25064 16.9279 65.2926 0.0372055 398.414
-59.7941 0.0206357 1.6987 7.35942 68.6445 27.6509 30.83 60.4049 3.36249 14.514 23.3917 6.51836 6.14368 2.32055 5.31805 4.31823 6.35194 11.3679 11.218 1.81582 11.5741 92.9587 174.416 1.55077 15.0141 7.87238 24.6028 17.7274 0.000666127 387.45
-60.2332 0.126623 1.73641 7.49959 71.8036 25.2289 26.7333 60.4049 6.33784 12.4382 24.6969 8.27952 9.47135 2.00034 0.657553 1.51174 6.71579 9.98004 8.31499 3.34564 12.473 107.806 163.621 1.55077 2.9775 11.2182 12.2053 12.6527 0.0287622 387.995
-61.0232 0.12544 1.72479 7.47629 78.5578 28.972 26.7333 60.5109 1.56124 14.1318 23.3933 1.87555 4.36146 3.29564 3.97319 5.06694 6.43559 6.14695 15.9237 9.08075 11.7763 102.839 159.996 3.32069 6.27303 11.7207 30.789 13.2161 0.02918 390.728
-64.7515 0.421645 1.70597 7.58474 69.5627 31.3158 24.8532 60.5109 1.72412 17.631 20.9596 8.00542 3.6004 7.06225 5.42472 0.28504 2.76388 10.5714 13.5197 4.70886 11.4579 107.334 167.713 7.03855 3.15771 9.85222 13.9248 13.8458 0.0381918 386.643
-66.7933 0.517125 1.78264 7.41392 69.5592 34.4516 25.3014 60.0423 3.88394 5.76151 15.3821 9.92558 7.31815 5.54683 6.16574 5.4194 2.4923 3.76096 19.1049 4.99104 19.0634 89.8147 176.872 18.3933 3.33536 2.17903 8.73038 18.289 0.0250835 388.624
-66.5983 0.433768 1.75263 7.76171 50.574 63.2611 16.0629 60.0423 11.848 0.876039 4.9264 18.1763 13.7305 2.84218 3.70345 3.06713 3.84182 19.3536 4.88292 6.97001 19.9546 128.995 129.4 13.6916 3.49703 6.55803 20.4587 16.1792 0.0296684 392.284
-68.2757 0.659023 1.68069 7.41699 50.574 62.7059 17.6609 60.0423 9.6347 2.40847 6.88605 16.4422 2.94202 8.78298 1.2125 5.27923 4.44352 6.21 4.78643 2.06101 26.2685 116.468 129.4 40.2885 3.58885 9.9825 7.82518 13.8651 0.0574166 393.394
-65.8166 0.471443 1.59827 8.58507 66.484 39.5835 6.2084 49.4903 22.9955 28.0873 12.8913 4.87319 13.9697 4.69916 2.66479 13.5483 3.31796 6.58899 5.23725 3.8822 4.49719 113.899 136.637 47.2227 2.98849 4.28593 11.3737 15.7946 0.00261476 388.066
-65.8166 0.40106 1.62141 11.2737 64.9474 32.7078 11.342 49.4903 30.053 20.0572 11.9676 7.72552 12.1739 5.3711 3.90813 7.03516 8.10266 4.59455 2.84661 3.92715 14.376 119.81 131.658 38.4055 0.593095 9.06186 11.053 6.37485 0.0219826 389.473
-65.456 0.439038 1.59474 10.5187 70.9514 26.9512 13.4182 53.7987 27.7965 10.4492 26.9024 8.29195 13.2319 4.50666 9.27208 2.38788 8.34019 3.21823 3.35792 2.89667 13.5111 109.899 142.077 16.0273 1.97809 5.79061 37.1898 2.98949 0.0227921 390.783
-64.4911 0.403868 1.54432 10.4083 67.1719 28.2232 11.1824 56.1708 26.7345 15.5584 9.07201 13.6032 18.8939 4.23539 0.171586 3.79422 8.20233 4.89382 1.09735 8.70428 26.4359 103.926 146.692 17.2826 9.37756 6.51587 3.67838 13.3096 0.0186069 389.113
-67.238 0.571183 1.66621 9.90025 65.2904 24.2796 13.535 49.0516 48.5062 16.1176 6.66112 9.22576 7.93662 4.6124 0.573671 1.10099 9.44805 3.82808 2.89259 4.8141 37.1961 100.385 147.62 12.2923 5.22355 18.71 17.8503 2.52517 0.0445664 390.856
-67.238 0.553788 1.52578 8.97844 74.4219 16.7924 5.08735 46.1579 50.4727 18.5114 14.5471 6.76751 1.69298 6.56188 3.62246 1.4488 9.43513 3.61271 11.8903 5.36627 25.0121 97.9708 160.111 15.1836 13.7189 10.5552 13.0896 3.97171 0.0898527 389.711
-66.5522 0.449033 1.63222 8.98393 77.7174 15.5885 9.05638 69.4347 17.7396 22.9248 15.7905 6.08109 7.6014 1.01902 5.42663 1.13077 7.70974 4.46298 6.48638 9.60377 14.1627 106.395 160.816 4.97393 13.6539 21.8688 10.1041 24.3199 0.0546502 391.845
-66.0025 0.416508 1.66106 8.30371 80.9067 11.8046 15.7256 71.6073 17.2113 14.0247 11.742 2.22721 5.18565 10.1777 2.77405 2.70016 3.42087 3.12379 5.63249 26.3883 9.39068 95.6014 174.174 13.6679 3.08028 22.4092 14.9113 13.6847 0.0302931 388.479
-65.5406 0.404495 1.63858 8.45025 77.1208 17.2718 15.3911 74.8254 14.3502 1.93459 6.21324 12.0556 7.0902 11.6464 3.19509 6.33796 7.33562 3.03435 2.23825 17.129 24.6931 101.427 157.825 13.153 2.62908 5.49205 9.3929 29.3172 0.0364024 388.044
-65.5406 0.404495 1.62017 8.61794 74.8137 25.1762 21.1911 61.6604 17.1058 5.39487 17.8998 4.83522 4.44571 19.7107 3.69874 1.42738 3.37371 2.12342 4.43 20.36 11.1799 103.026 154.262 22.0447 8.44838 8.15544 5.57368 7.34484 0.0457371 386.705
-64.157 0.369529 1.63844 8.09595 69.2983 24.1314 6.77888 74.2906 23.3392 3.62732 12.8929 2.2981 8.40406 23.1045 3.69656 0.301344 2.22894 8.00994 5.565 23.0603 10.8329 103.326 153.488 18.2657 12.0462 6.37425 9.26182 72.4129 0.027906 387.442
-64.0184 0.369529 1.67323 8.21887 69.0354 24.697 6.77888 71.389 23.3392 2.69822 7.80731 0.60028 13.1881 23.6832 0.770282 1.11487 0.2941 3.09483 3.59098 28.5257 12.5599 117.171 138.521 26.361 16.1983 3.15675 9.64121 40.0198 0.00486474 385.611
-64.0184 0.382656 1.54539 8.27849 54.633 37.4981 6.77888 81.967 15.943 2.47326 12.8029 5.18033 1.70892 31.2195 2.02799 0.74464 2.24589 1.66125 3.59098 5.68925 7.7361 141.111 136.256 25.539 2.27542 9.05498 5.63671 31.4515 0.0171279 389.528
-63.9426 0.373763 1.62094 8.74267 66.3815 32.9193 16.9535 70.8191 15.5787 7.29238 9.48747 2.65036 5.8343 19.5351 3.21801 1.27016 1.19949 4.08181 11.5759 9.20847 10.4868 128.248 130.568 42.8289 6.53969 1.07953 15.168 11.3707 0.0177995 387.113
-64.4131 0.386512 1.56855 10.1753 65.7073 41.6544 6.97912 73.9777 8.59544 12.2858 1.82819 18.8977 12.5304 4.64348 3.30018 3.56129 1.01349 19.0115 4.56242 3.43207 4.44288 128.248 115.54 60.985 5.86198 1.225 20.7607 1.7226 0.00580803 389.918
-64.4131 0.386512 1.63833 9.05126 59.4778 41.6544 6.97912 75.2265 11.6922 18.0569 3.38352 6.30172 9.29025 15.1302 4.11794 3.16797 1.95283 21.5873 2.95882 4.71157 5.35714 133.242 116.099 52.8513 5.15702 0.897073 5.04259 18.6888 0.00419503 387.559
-64.4131 0.386512 1.67313 9.53948 51.0554 32.8884 14.002 78.551 10.5433 18.0569 3.00712 4.93307 11.8128 24.605 3.96222 2.3922 10.1863 5.28568 6.85289 4.54199 15.316 133.363 117.453 35.631 7.12311 1.91023 7.38557 15.5066 0.0228228 396.69
-65.4036 0.386512 1.67738 9.23239 61.4829 34.4339 14.002 78.551 11.9302 13.0657 1.34403 2.43774 14.972 14.4019 1.00981 7.45696 11.6993 1.05382 4.40528 5.43242 13.133 126.41 124.508 32.4965 25.0665 6.52729 0.783152 1.40193 0.00736322 391.379
-65.4036 0.435645 1.6165 9.50149 63.0222 43.8883 13.2251 70.4963 2.32375 12.3354 1.84798 7.1376 15.8634 13.585 3.44621 1.24962 4.8626 1.05382 4.812 5.00017 19.8418 135.104 116.279 44.5774 20.2512 5.06603 9.51394 15.6804 0.0363314 388.896
-65.5788 0.435645 1.54305 8.83834 56.7017 52.0452 16.747 59.2085 12.6041 23.8221 12.6013 2.49848 2.60854 14.191 0.96421 7.19996 6.32934 1.95854 3.37046 5.71289 15.7901 135.459 120.77 21.9178 16.0788 20.1196 2.02805 18.9867 0.0792414 391.216
-65.5788 0.473249 1.57948 8.43777 59.9273 49.7265 18.9945 59.2085 14.8891 16.9623 5.57965 1.04004 2.60854 11.4551 1.25029 3.53849 5.80971 3.18116 1.60364 16.3541 23.3812 141.703 120.896 22.8061 15.3867 17.3216 3.96275 42.7491 0.0341521 394.028
-65.4435 0.473249 1.55529 8.64742 61.0858 44.8811 18.2042 50.7491 19.3302 13.8937 11.9273 25.5237 1.69258 1.19524 2.49817 1.81904 4.04287 2.40968 9.97412 11.9024 8.29881 132.26 121.768 32.4526 16.3661 18.1673 4.94291 23.1494 0.0487494 386.972
-64.1675 0.420238 1.59509 7.87828 59.1754 44.1687 15.2401 40.1632 20.6796 18.6679 18.0981 28.2699 3.6849 1.52498 1.4469 1.58892 0.657108 7.52236 10.0779 3.25443 7.49355 131.769 133.55 34.1239 4.79113 7.48107 4.46317 15.0698 0.0390826 390.125
-65.042 0.399552 1.63208 7.62669 54.686 54.0962 21.3074 39.1322 30.726 15.0468 18.2104 8.95222 1.48542 5.86728 2.14866 1.18661 2.98792 8.09659 8.97016 6.07429 11.1344 123.865 141.017 31.0407 1.7021 22.7686 0.619624 13.6363 0.00745654 385.787
-64.9732 0.399552 1.67376 8.20362 54.6014 51.483 25.6349 40.7623 20.2389 13.4123 24.5655 9.46098 4.57154 1.27389 2.50119 2.81385 2.80612 2.41494 10.9137 13.9428 8.7235 122.903 141.017 17.8902 0.771176 26.7834 4.14657 17.8454 0.00664963 380.535
-66.1153 0.483036 1.66426 8.36418 55.5143 64.0096 20.8888 30.6475 24.6297 9.47555 9.44272 8.86418 5.34494 8.89532 2.71661 3.80504 6.83286 2.23448 13.2748 14.4534 11.8107 119.033 139.781 32.128 3.14169 11.315 15.349 45.2274 0.0076757 385.419
-65.7175 0.483036 1.6418 8.16681 45.8677 66.1819 23.1481 38.0108 17.6477 14.2591 13.7289 3.2525 9.56191 8.76264 1.73814 3.83348 3.56797 2.53574 3.92348 17.0759 22.7782 121.033 139.887 24.9839 12.5356 1.39703 11.0091 62.01 0.00707411 386.746
-65.3258 0.46217 1.61214 8.06491 51.549 66.1819 18.8194 37.4771 9.23875 12.1139 23.9333 7.31568 6.61232 9.25866 1.28719 4.28657 2.99466 15.3422 3.53058 5.81633 18.6049 121.033 114.098 41.0453 14.8001 4.39258 9.74925 28.4299 0.0062664 390.191
-67.1534 0.56382 1.69897 8.12455 43.6003 76.7709 20.5546 36.4527 16.0286 3.05666 13.9196 2.13732 10.7489 8.7654 2.02631 6.83568 9.09473 10.8882 0.554792 5.81633 26.5538 121.033 128.703 39.2824 14.0796 7.26349 6.96645 12.5605 0.00131848 385.784
-67.9196 0.574187 1.59444 8.61868 32.0217 89.1163 28.5858 26.0698 21.496 3.05666 17.4876 4.3466 5.29329 17.1271 4.41563 2.45344 0.686478 10.6217 1.42138 8.0568 16.3274 116.978 145.587 26.4199 6.49264 7.02686 4.11935 1.07126 0.0317128 386.374
-68.2615 0.599798 1.72927 8.05281 32.0217 89.1163 25.0556 25.031 25.7802 8.15691 18.5756 4.30834 4.82154 17.5328 2.6798 0.670702 3.10928 10.5322 5.46841 3.41716 13.9103 119.161 145.587 23.4177 3.25056 4.96568 33.2877 13.1319 0.0551451 387.225
-68.2615 0.598282 1.6989 8.1079 41.2268 95.2363 29.4498 19.3035 3.56289 5.11287 27.1539 3.94948 4.8658 16.4217 0.650197 0.65431 4.10346 19.7985 2.85375 2.81731 18.1541 113.436 141.794 17.6169 12.2197 13.744 10.5889 23.7908 0.0135106 388.039
-69.4819 0.650374 1.78583 7.8756 36.6135 95.2363 40.7103 19.3035 5.77321 7.9349 15.8765 3.67627 4.77035 19.1716 3.68107 1.2779 3.49573 15.3796 12.0134 2.8487 5.45826 115.43 141.794 22.4378 17.302 1.77524 22.6867 31.945 0.0220615 387.409
-64.999 0.321328 1.81765 7.93097 33.5282 93.6655 32.2756 25.4973 5.77321 12.0069 15.3155 9.39871 4.0451 11.7137 0.820329 3.71143 4.69708 11.6519 13.1425 2.15104 4.10859 122.111 148.802 22.3242 22.3561 4.4063 13.0389 23.3526 0.000332066 386.355
-67.0347 0.433196 1.89616 7.84205 45.3516 77.7518 30.3602 25.4789 17.4112 5.80946 15.6254 19.6563 3.11467 4.81892 2.34457 2.66342 8.35028 14.926 0.418357 9.05255 4.52263 135.298 136.731 4.17761 2.82625 1.85775 36.1704 2.65149 0.00305582 390.21
-67.3622 0.437318 1.97142 7.12649 44.4883 77.7518 25.5705 26.0606 24.9653 11.48 7.54501 15.4693 1.50794 1.16277 3.09715 1.68214 11.4107 8.19467 7.69621 6.14583 9.45072 136.479 150.185 8.20433 11.0559 9.89549 5.67855 6.94271 0.0170832 389.881
-67.479 0.378162 1.96494 7.12493 46.6208 77.7518 28.0987 24.209 23.6263 10.5258 1.26442 32.1904 4.96447 9.11916 5.07623 4.33712 1.27757 0.771716 5.55387 1.9243 7.38568 123.619 147.813 1.87336 5.58241 7.59405 30.5435 15.9539 0.00386261 395.059
-67.479 0.447805 1.88036 8.018 46.6208 69.183 25.6695 21.0039 27.4941 8.27723 5.44989 32.1789 4.29423 0.583173 3.93331 6.13677 4.93705 2.92972 3.13787 17.2533 6.5254 116.841 165.963 1.87336 4.97925 8.1935 43.568 2.17076 0.0247899 389.001
-65.9494 0.427371 1.89036 6.51721 50.1173 74.9875 15.6035 24.2326 28.7482 13.6272 13.2341 9.172 7.29037 7.09348 1.48196 3.30994 3.75937 0.453545 3.89838 7.93696 20.5091 113.841 170.316 1.87336 4.33749 13.226 22.2695 5.11348 0.00380617 390.004
-65.9494 0.464114 1.75502 6.11796 46.4588 81.0985 10.9885 36.088 26.4386 18.2644 1.29078 19.7147 6.53019 1.43922 1.91202 2.51502 2.06121 4.55954 2.08166 3.51476 18.3546 116.93 170.316 2.01877 4.33995 25.5985 15.8522 5.91211 0.00505543 390.287
-63.9814 0.330259 1.72252 7.71666 42.7077 83.2053 10.9885 28.6205 25.4298 17.3201 2.79644 22.0252 6.91229 4.92338 4.11797 2.83994 0.860028 7.99284 1.09136 4.20079 21.0326 114.179 163.006 4.31985 5.98985 16.7351 43.9532 18.6698 0.0231278 387.111
-62.8919 0.235528 1.62133 8.10055 43.6494 83.2053 11.434 30.4552 30.265 14.1999 2.41837 25.0692 9.55094 0.488074 2.69398 1.57129 4.26403 2.26 4.3825 2.99926 21.1184 112.787 154.574 8.90882 11.3823 11.2575 25.3801 10.8088 0.0237821 387.442
-62.8919 0.236548 1.66371 8.56177 35.7417 83.2053 14.7864 39.149 30.1766 17.3729 1.01054 11.25 16.0505 1.04894 5.28061 1.02102 4.4895 3.77345 1.51747 3.41562 17.6604 113.547 151.56 25.2684 13.7363 2.66247 17.8292 9.63968 0.0228246 385.773
-62.7531 0.247441 1.63656 9.59019 44.3541 79.7704 12.9496 31.1323 18.6205 13.4918 1.71727 16.1507 20.5506 5.0715 6.24019 8.72578 3.74362 2.87847 8.31497 1.4619 6.98023 108.762 156.887 22.614 19.4708 5.46073 12.0653 27.2775 0.0188392 393.973
-64.0251 0.247441 1.75711 7.8401 45.5872 77.1997 12.6721 33.8269 20.8045 24.2854 3.51187 3.32305 13.6072 4.80131 2.83786 2.04776 4.06796 6.08218 13.0096 5.58593 19.793 119.678 134.589 26.341 16.6383 1.7085 41.672 17.5893 0.00405125 388.312
-63.5428 0.316164 1.69623 8.14851 44.9722 77.5361 12.6721 46.5288 16.4925 24.8457 6.89583 4.53699 12.869 9.70843 0.511145 4.569 6.55989 1.53552 4.55086 5.56109 13.418 115.561 137.566 27.1789 1.2452 3.20341 38.9207 27.6784 0.00261678 385.316
-63.5965 0.265849 1.77568 8.14851 44.1469 71.2625 12.6721 40.2681 26.4063 20.5168 10.3783 6.00184 4.12914 13.8644 6.02914 1.8025 3.11572 0.48495 35.8459 5.50971 12.869 95.9839 134.595 41.7785 4.81931 1.67049 11.0238 40.2032 0.010405 389.156
-63.9943 0.2895 1.88257 7.31933 44.1469 76.342 12.1055 40.2681 26.4063 15.4966 14.0582 0.46166 2.02654 17.5414 1.28324 0.448748 3.85558 11.8344 35.4117 5.85419 13.8403 100.666 116.133 32.3991 3.88125 25.0021 11.5902 33.6523 0.00615385 394.281
-64.5541 0.249718 1.83841 7.0465 44.1469 72.7525 11.1596 43.7954 18.6464 7.78672 14.3603 5.96009 10.8885 17.5414 2.14437 1.25039 2.24789 10.2784 35.4117 5.82529 15.9242 97.7854 123.536 23.7786 32.639 5.90153 14.5129 14.052 0.0129768 396.746
-64.8235 0.33458 1.75892 8.92891 41.2972 44.9493 17.3351 42.186 24.8167 20.6916 1.69587 2.06083 15.3408 13.4009 8.97388 3.89162 3.11692 40.9414 49.6079 6.00095 21.6745 74.6122 113.052 34.3417 21.1575 3.32976 3.67944 7.28091 0.0337784 410.958
-64.3472 0.33458 1.59871 8.425 62.4227 44.9493 19.0792 61.9491 8.17621 30.2022 11.9725 2.18762 0.857056 14.8151 0.318943 2.08172 1.68776 29.7622 39.0135 5.92465 21.468 45.8618 134.073 43.3727 10.6918 5.86628 3.48167 41.1267 0.0386631 399.439
-64.6849 0.33458 1.63599 8.6195 59.0074 41.925 19.0792 56.1144 10.9601 28.7853 13.1563 8.26586 4.77051 4.46448 1.81965 4.09968 1.73115 13.3123 53.3999 18.1187 24.383 42.3138 128.998 48.9691 10.2048 1.41188 2.55042 29.6087 0.0428347 397.332
-64.3991 0.33458 1.66754 7.92283 70.319 34.2212 20.641 53.3031 6.0426 18.8936 15.1085 20.321 4.08865 6.68625 5.44938 3.91363 0.739266 13.7972 23.9817 27.4495 48.2352 39.9161 142.254 28.9348 15.3856 9.96564 6.72915 31.7371 0.00767194 397.287
-64.3423 0.33458 1.71425 7.89416 65.5633 31.6304 28.7777 53.3031 13.925 8.65342 12.035 21.2575 1.59843 4.67621 8.54411 3.62253 1.96306 3.1061 25.4513 27.4495 52.9938 39.9161 147.056 32.1399 8.31052 4.31587 6.72915 29.1809 0.0321596 391.462
-64.3731 0.33458 1.66002 8.38929 63.9962 28.1149 36.6883 53.3031 17.315 8.9895 3.58552 18.5555 11.5428 3.74676 1.64966 7.26082 5.75242 38.074 39.8837 1.98212 34.3007 49.6804 128.572 27.8205 5.07365 15.5925 4.38759 22.1698 0.0226034 400.27
-64.4959 0.366774 1.72263 7.64638 67.2857 30.4064 39.2323 53.3031 7.47281 13.6197 9.25001 20.659 1.30714 6.09394 3.40208 0.691604 11.0731 20.2179 27.7961 4.50711 51.4732 38.1389 135.535 33.1931 3.84365 1.76223 26.1427 9.50099 0.0351175 398.231
-64.1986 0.316028 1.7625 7.64638 72.0452 29.321 47.2621 41.3811 3.39321 7.59037 27.7738 16.1686 3.5844 7.75718 1.55335 2.60751 4.82743 21.8368 26.1025 15.5568 35.7388 47.9343 142.967 17.1786 8.89657 9.21137 13.5926 21.0451 0.0628121 394.68
-65.0537 0.338293 1.80424 8.01234 71.6325 31.3307 49.5879 41.3811 4.13371 5.17682 20.7136 8.79712 17.5492 8.09995 3.63861 2.17851 2.40476 7.00273 38.3724 16.6611 26.5227 47.5656 154.97 9.81096 10.6277 1.38106 22.4675 37.4656 0.0310086 393.618
-64.9249 0.313462 1.79879 8.44457 71.132 19.1134 32.6367 50.607 28.1712 8.63301 4.01906 8.87186 19.4626 4.03221 3.50598 0.644677 4.2178 2.70829 31.4215 6.85688 36.3126 65.49 160.277 15.0351 17.9525 1.69486 15.1191 15.1256 0.00591256 392.785
-65.3156 0.407038 1.61049 11.7019 71.8945 16.3054 23.3934 45.7511 32.5119 7.88284 5.7661 11.8048 19.1696 4.20876 2.56141 1.86834 0.560857 4.76958 35.088 4.59163 36.3126 67.0253 163.484 6.21821 18.7721 30.9223 21.1491 25.8188 0.0213905 399.075
-63.6987 0.283311 1.7347 9.22036 68.8857 19.965 25.8763 45.7511 29.0915 2.63917 15.9233 7.14414 17.9798 4.4434 1.5097 1.4721 10.6678 7.36662 14.1911 11.2856 44.5721 61.2264 166.33 21.9519 2.9645 19.9425 23.3823 0.806438 0.0264619 394.89
-65.3285 0.470936 1.61199 9.36263 70.4999 20.7852 32.5194 48.2232 36.5357 3.43931 14.5942 7.14414 18.0581 3.61273 3.06936 0.786803 7.05569 3.38743 17.0002 6.39277 20.5857 69.4109 174.674 23.7922 6.20461 3.02715 47.1875 29.0674 0.0241976 399.01
-65.4251 0.470936 1.53154 8.50451 71.7081 15.8377 29.7204 36.2217 37.2138 15.3977 11.3873 5.13944 18.0148 5.78156 1.99084 1.45626 1.46301 3.67322 1.69242 1.01283 36.3174 82.6918 178.451 24.3702 10.676 12.4022 0.69676 11.2036 0.00522544 388.985
-65.7722 0.467697 1.56635 8.2878 68.4476 27.1533 20.8072 31.364 38.5587 17.3974 11.5468 15.616 8.5964 5.58868 0.891285 1.38226 6.95454 1.1687 6.01793 9.71857 31.4623 92.0988 173.227 5.65407 3.29055 3.98524 15.4703 12.4638 0.00703111 384.897
-65.7722 0.55603 1.3708 8.42479 63.3987 43.4703 25.0949 26.852 38.4475 14.8005 3.55029 10.7389 10.374 8.81959 2.23458 1.31294 4.65857 1.44366 0.973156 11.2958 27.3291 91.6645 182.94 2.61938 6.04198 5.66008 1.40039 6.1371 0.00703111 389.095
-67.4064 0.593826 1.47115 8.4904 56.3193 51.8487 24.1404 24.5349 35.0372 5.22271 3.70597 15.5539 12.338 16.1768 0.124064 0.338456 8.1221 2.37987 3.19078 1.69524 38.266 105.382 157.968 6.40357 5.88168 23.8413 7.91853 15.2058 0.00828948 387.364
-67.3815 0.543929 1.65509 7.78359 61.478 50.9204 39.427 8.12306 41.4812 0.207435 3.74417 16.1841 8.68432 9.74522 8.72012 1.91461 6.46687 2.6961 4.62484 11.4965 22.7099 109.659 153.228 11.1466 9.59416 19.3598 8.10036 81.0552 0.00134041 391.872
-67.3815 0.550788 1.6349 8.59615 55.4667 48.3574 52.28 9.12036 30.4322 13.2052 1.85182 19.2558 7.08174 14.2111 9.29242 1.99314 3.95964 2.49998 5.46424 5.59341 29.567 83.2163 165.2 13.2804 1.01417 2.25408 10.2645 54.1432 0.0108713 392.216
-66.6032 0.529658 1.62523 8.26981 44.4806 74.3287 61.8723 12.5921 4.86229 9.84787 2.53958 18.4737 11.8485 8.62084 4.45524 0.781781 5.74523 0.966502 5.44247 9.75645 30.9559 86.4063 169.164 15.3609 5.746 30.8206 6.90935 17.1506 0.00325363 388.73
-66.6032 0.550987 1.54974 9.32057 15.8884 73.2502 72.0873 26.7652 9.36356 5.0574 7.76744 7.30351 16.2594 9.63958 0.312114 1.23721 3.43985 4.98075 8.85321 12.134 30.9762 79.3054 176.705 18.9511 1.09965 21.414 17.1587 9.52789 0.00569399 398.897
-67.5265 0.550987 1.66911 9.76203 40.4359 45.3118 72.0873 26.6932 8.86803 9.69925 7.19334 1.17663 19.0374 9.87779 0.32189 1.23721 8.49758 9.03454 5.7168 15.273 29.7922 79.3054 175.112 9.99187 4.85692 15.9674 18.5213 18.6163 0.00628166 395.151
-67.3996 0.550987 1.84089 7.53482 54.6205 48.1561 66.1379 25.1946 4.07841 6.61148 3.15996 3.84673 27.0422 12.7246 0.541749 1.42655 3.14152 10.7463 6.96474 21.2342 31.3321 65.6229 180.81 2.94945 8.66206 3.30839 11.9435 43.6261 0.00518498 395.74
-67.3996 0.473216 1.82566 8.1265 58.5938 53.8312 66.1379 22.4702 4.07841 12.4846 3.44048 3.84673 24.1919 5.61043 3.61053 3.91914 3.15919 0.549475 12.9736 20.2728 26.1924 61.586 180.81 6.46306 11.5796 10.2964 11.4275 25.8242 0.030841 393.89
-67.3996 0.47206 1.82485 7.15886 52.3313 62.9053 66.1379 8.66472 2.14424 13.6845 1.54671 6.18686 24.4514 3.69673 3.40677 3.67269 1.56927 5.82841 11.1793 18.5347 15.4323 94.0512 166.237 6.46306 9.38797 14.3975 15.9998 9.14798 0.039823 389.303
-67.474 0.416522 1.8345 6.83536 53.2399 62.9053 66.1379 8.66472 2.93691 13.2509 1.54671 4.62634 32.3712 4.25322 0.758878 2.87084 2.7419 5.83678 7.68126 20.0265 14.4536 91.9351 165.667 4.43213 7.63666 21.4905 21.7771 32.3358 0.027605 394.698
-68.7894 0.609807 1.75428 7.28549 53.2399 55.8673 69.1699 15.4805 2.93691 5.79784 12.4462 10.2491 12.292 4.25322 2.48508 2.12616 3.42654 5.6977 11.8025 22.2243 14.638 85.9471 169.424 18.7541 2.77055 10.9793 9.38363 37.8268 0.0287361 388.832
-69.1627 0.609807 1.75853 8.15942 58.3403 55.8673 69.1699 7.37346 1.70939 1.35867 12.851 17.7903 12.4195 5.26061 1.89005 4.87446 2.47827 9.14985 29.8297 26.073 8.74477 85.9471 158.364 3.94333 5.86668 1.16112 9.25322 23.955 0.0274945 396.137
-69.2603 0.609807 1.79006 7.8353 56.8894 58.1819 78.7281 10.6211 1.20636 1.14645 14.2658 11.8992 14.1808 2.03768 0.603195 5.35966 0.981779 17.3404 24.3218 16.9363 3.44287 82.3955 174.221 10.9057 3.79002 7.80758 9.57274 44.286 0.00212171 396.086
-71.9062 0.773242 1.75951 7.96335 51.555 63.2172 72.759 6.8854 1.20636 4.28419 15.0318 17.1092 20.6958 6.11504 0.997115 0.157763 1.27787 12.8885 24.2765 15.7763 3.44287 76.9814 174.221 10.9057 3.9235 9.44989 10.7315 90.1461 0.0107137 398.602
-70.9443 0.775821 1.73586 8.1778 48.1147 64.8071 50.5631 14.6703 8.31071 0.876924 14.738 18.0461 15.2281 24.9054 1.62733 3.47314 3.36858 5.61288 24.2765 18.9482 4.12773 67.7504 174.221 11.7725 4.01294 14.995 10.3187 60.715 0.0191877 396.379
-67.9503 0.624803 1.64458 8.36213 48.1147 64.8071 50.1629 15.0124 10.8628 0.327851 15.9396 15.7254 6.2163 22.361 1.14897 7.09147 1.41429 8.57439 18.9195 11.8499 12.4426 90.8147 162.297 0.322789 4.44954 19.5958 2.76985 49.1043 0.00113292 391.215
-66.8441 0.485781 1.73366 7.82093 50.3007 64.8071 47.7379 13.0556 4.64804 1.67808 7.50181 12.8291 19.4648 23.2012 1.65889 1.28722 4.66726 7.72163 16.0915 26.7102 2.09834 100.023 162.297 0.322789 4.25453 31.3911 20.3831 4.82576 0.00990836 396.506
-66.6653 0.489183 1.72399 7.29319 46.6435 69.3729 48.2429 15.896 8.21886 2.0531 14.0484 4.08796 15.167 9.74422 1.55919 2.94375 14.2252 7.34379 14.4313 20.3514 6.93981 101.031 164.913 3.43663 10.4521 4.82711 3.33814 8.09019 0.00401687 388.707
-64.596 0.349633 1.53066 9.70939 48.4943 71.3035 50.0662 17.0162 11.5358 2.05455 7.16581 10.2428 3.76826 16.7542 1.55553 3.44575 5.21483 7.18104 9.75475 13.6561 9.49572 111.216 163.248 4.82914 6.73133 9.44691 5.57036 33.7982 0.000208681 390.177
-66.2616 0.492428 1.44485 9.37074 52.2528 59.5508 51.0186 14.4478 10.5037 11.0045 1.9355 18.4231 8.84956 12.4012 1.55552 2.41281 5.94126 5.85625 7.63359 15.787 3.38619 111.487 163.248 9.32387 18.2777 8.17852 14.0003 17.5304 0.0102346 386.349
-66.0188 0.509874 1.48714 10.6931 51.0041 59.5508 54.3952 10.5902 10.5037 3.90415 7.81983 14.9372 12.0504 15.0045 1.36449 2.36772 5.56822 0.233804 16.5072 6.02579 6.55334 121.977 151.959 9.32387 19.9198 12.8234 21.4008 57.0464 0.00757271 392.278
-65.5461 0.509874 1.50123 10.1082 51.0041 59.5508 57.884 9.85892 13.1358 4.78878 3.8938 22.4955 16.5331 6.6078 2.32006 3.05596 1.77963 1.48127 11.8744 10.8895 6.30782 120.08 152.432 9.32387 14.0862 3.50331 24.2721 40.2942 0.00312345 385.17
-65.6086 0.448297 1.57858 10.5402 51.0041 58.7533 59.602 6.57179 18.3313 16.6607 7.47616 12.2986 11.6043 4.06033 3.643 3.22424 8.19989 19.3419 14.4216 5.19992 7.2707 77.923 172.336 3.8657 2.75608 19.6405 2.66545 14.119 0.0196146 392.316
-65.1868 0.401209 1.59113 9.84545 51.0041 58.8942 46.2671 7.77532 28.7558 16.8656 9.3499 13.307 7.38533 3.6217 1.95141 1.25911 14.1926 32.1801 4.4174 1.40783 24.0205 70.1166 164.014 15.362 2.45064 25.1273 2.83126 14.6629 0.0158045 392.713
-65.1868 0.355099 1.74551 7.07295 51.0041 58.8942 51.111 5.44517 33.0218 17.4044 10.3448 13.2228 5.13948 1.66949 3.01319 1.48567 9.43812 29.6406 3.71062 5.52791 24.4876 70.1166 167.523 15.6729 13.9462 10.6626 7.60645 19.8245 0.00473981 392.081
-64.0603 0.355099 1.53854 8.0646 52.4513 61.9207 28.5679 23.8322 27.4261 3.80496 4.68647 21.8886 6.46745 9.09628 3.82561 1.07636 3.88995 30.6269 5.04787 7.88271 33.6982 66.0773 153.96 33.2736 7.0701 11.4961 4.19054 8.33278 0.01019 390.815
-62.963 0.271382 1.53854 8.85231 52.4513 61.9207 31.6648 20.1772 30.4838 2.60781 3.2414 29.5139 9.75555 4.89035 3.90568 1.12886 5.19718 24.8706 9.88499 7.22901 24.2608 79.1715 153.96 25.1078 9.60735 7.46753 11.1739 18.1373 0.00674907 386.411
-62.963 0.271382 1.73792 7.98275 52.4513 61.9207 31.8279 15.4411 27.4997 2.60781 6.00252 30.2138 13.5783 2.94571 3.25238 1.60969 5.93719 29.6114 5.61085 8.0301 25.778 79.1715 153.96 8.69102 6.46257 22.5454 12.266 2.70911 0.0218318 387.792
-63.5875 0.230052 1.80232 8.1131 52.4513 80.1029 34.1041 16.5147 9.85022 0.930782 8.6565 30.2138 11.8585 2.94571 3.13511 3.20999 2.59817 25.2224 7.63761 10.296 24.2866 79.1715 153.96 8.69102 8.56106 15.3882 13.3335 13.9216 0.0072717 390.276
-63.394 0.228176 1.8232 8.05691 52.4513 80.1029 34.1041 17.0339 5.37735 19.9301 8.08655 26.1834 10.0832 1.36611 9.06705 4.5537 1.92014 11.9747 12.9885 9.65564 16.7949 79.1715 153.96 9.64292 34.1059 3.79798 14.7082 36.1293 0.0285319 397.505
-62.3983 0.25996 1.68479 7.53386 46.528 75.244 35.4811 20.0541 13.4626 23.6856 15.393 21.6711 6.11498 5.44042 13.7921 2.04516 2.03776 5.48343 6.29733 8.82264 23.041 79.1715 153.96 15.1429 1.08407 4.11181 24.9628 3.80282 0.0336318 393.096
-62.0566 0.228507 1.66083 7.99406 40.1086 89.2479 38.4322 10.6989 12.2201 26.9292 16.4619 8.8955 7.97807 5.87806 8.60546 0.681989 3.55117 7.05318 1.60574 7.90647 25.278 81.4529 165.783 14.6231 10.492 4.1147 17.3932 17.207 0.024034 392.194
-61.1907 0.191191 1.65438 7.62959 40.1086 102.801 35.3591 8.814 9.48799 18.8362 12.134 8.36515 2.98877 2.21873 8.78827 0.767059 3.41372 5.04548 1.96546 9.8726 28.7607 109.002 136.377 33.5995 16.9635 7.85559 3.97482 10.1021 0.0426288 388.628
-61.363 0.165699 1.67118 7.62767 33.8709 95.5567 37.7416 14.6024 6.42038 15.8164 5.41183 1.48609 9.44188 12.2065 1.69455 6.4372 5.79329 8.58603 1.96217 6.72323 39.8304 130.022 103.915 40.8903 28.7397 5.85392 7.04818 23.8803 0.0170817 392.59
-61.363 0.147497 1.59343 8.58787 31.4829 102.192 31.6122 14.9152 7.6023 17.7188 5.13689 10.4664 5.26467 9.39149 4.06333 14.8713 2.2728 3.10755 6.82041 13.9716 17.9359 130.458 98.8407 41.4832 29.9605 2.85137 5.75223 10.5429 0.0134617 394.547
-61.363 0.168739 1.67936 8.02126 29.2819 103.322 23.2242 26.7278 3.66872 17.2251 1.91155 10.6296 7.81002 17.342 2.5169 9.60918 3.54765 1.31848 2.84841 12.2916 23.3256 131.091 104.532 59.6725 11.3183 9.03394 5.29531 29.4125 0.0420271 391.048
-61.7549 0.229119 1.60114 7.87305 24.6642 105.052 34.8845 19.7585 5.72296 15.489 4.11761 13.6834 4.87518 9.84331 2.17054 3.53706 6.05963 5.8469 9.58664 16.3202 23.592 133 104.548 41.8658 11.7647 17.1943 5.79042 14.3713 0.098304 392.208
-61.488 0.199774 1.63757 7.44838 23.0281 109.023 31.5099 24.2389 14.6318 22.6659 1.85629 15.6696 2.8104 2.28226 1.28131 3.64277 1.74375 2.3039 17.9408 6.49611 13.6243 132.368 102.219 67.0018 3.51321 0.567625 5.52199 23.6028 0.00897098 385.234
-60.8297 0.120305 1.6599 7.94702 21.8806 111.603 31.107 20.7419 11.9302 10.0364 4.1826 11.2447 13.2486 9.04504 0.492558 4.67121 2.03831 1.63671 11.1179 12.8614 19.4706 124.504 100.15 71.9626 5.2296 1.84405 2.21343 95.812 0.00135551 387.23
-60.8297 0.158769 1.61817 8.10839 21.5098 109.553 31.1847 16.8576 13.6372 14.5452 7.45538 11.8813 13.8986 11.8338 2.20643 6.00683 2.37279 1.35605 5.53726 10.5695 16.6149 130.722 94.0991 70.606 8.73956 3.15172 3.46277 16.0504 0.0217704 386.626
-60.404 0.124579 1.54061 8.57802 29.0943 101.818 31.1847 11.1126 18.7514 16.2831 6.70504 11.1801 9.59852 10.414 0.46363 5.44333 1.46107 5.67222 5.01043 12.253 15.5585 130.722 94.6561 69.0085 16.1493 2.82087 5.5662 27.1749 0.00964055 387.17
-59.6746 0.0905898 1.59567 7.75318 29.4587 104.688 35.0608 15.1147 11.5095 10.1999 15.6809 9.05979 19.3418 10.2459 1.73641 2.70359 1.72033 7.34013 5.37245 13.4346 19.0547 120.656 101.488 59.8928 3.72591 6.02267 4.01594 24.0674 0.0108404 390.81
-58.9712 0.0444981 1.65107 7.67463 29.4587 102.647 33.3326 12.6959 13.171 5.22704 21.4747 5.61424 6.40399 10.2336 4.01471 0.648248 0.722115 7.72635 3.85655 1.7411 22.7911 139.585 105.835 62.3578 6.7523 20.4951 3.1867 7.72694 0.0195063 389.802
-63.9097 0.329317 1.66588 8.43147 26.8366 104.732 42.4711 7.62721 15.0414 6.01452 26.9944 3.346 8.76307 4.70527 6.81678 0.754935 1.40105 11.4927 3.4677 13.1126 13.0798 122.7 109.031 53.6885 4.25601 11.3405 4.2508 26.9737 0.000728493 386.175
-63.7638 0.347125 1.65689 7.71571 29.1084 103.813 42.5926 3.75369 13.6358 5.85885 25.0333 7.7174 7.18129 1.76627 3.93377 7.21411 5.95607 5.84474 8.36527 11.8571 12.1539 122.7 125.883 43.0798 6.63426 6.09721 2.0742 19.7665 0.015319 385.935
-63.9939 0.266255 1.77179 8.07764 27.0588 103.813 47.3977 7.19497 14.9085 5.99944 23.3967 1.50541 5.35084 0.744333 2.42079 3.12772 2.0496 13.6927 13.1783 7.73515 13.7024 133.432 126.63 30.4114 4.65201 6.47221 10.2156 6.19826 0.0311346 387.032
-62.8752 0.30571 1.63642 7.98605 30.1032 101.932 47.3977 6.08228 3.18595 9.42058 22.5791 1.56927 20.2588 0.900562 3.10983 3.10512 5.85165 14.7348 10.2378 5.20724 7.72348 128.901 138.881 15.9565 12.3987 1.09742 14.0298 43.3691 0.0392419 391.786
-62.5911 0.306104 1.56069 8.07949 27.0668 105.435 53.2424 10.5611 4.16609 4.31877 9.13313 3.9115 9.72543 4.88079 3.94096 3.3546 10.0377 15.3803 12.0248 4.29905 14.7072 128.158 139.136 5.68562 14.6621 3.24931 14.4464 15.0643 0.033208 388.028
-62.9095 0.335405 1.56044 7.78924 29.4556 100.721 51.6623 8.62845 4.16609 3.36595 12.274 12.2753 6.07484 1.1663 6.58809 2.3576 10.647 2.88969 21.5833 2.35279 15.6028 130.684 144.538 7.9287 26.2168 6.27654 15.2039 9.74619 0.0235997 391.724
-62.9234 0.322463 1.70383 7.76816 28.2124 103.553 51.6623 2.08043 4.16609 11.8759 5.45516 20.2255 12.0276 2.91366 5.87358 2.11882 3.0573 4.24792 16.0881 1.0732 17.7826 117.414 146.646 12.3768 27.587 8.00262 19.5048 10.3989 0.01246 389.168
-64.0388 0.292065 1.6532 7.99587 30.651 106.47 51.6623 0.849931 7.80066 6.5405 7.05029 21.4303 9.17579 8.91011 4.10371 1.80216 4.14341 3.86008 6.43906 14.3319 14.3404 119.327 131.51 22.5739 17.4716 6.87801 21.7147 42.6777 0.0130817 392.193
-64.0962 0.243555 1.809 7.42411 30.651 98.5026 48.6958 4.82068 7.78199 18.9821 6.48708 7.72641 5.82478 20.4901 1.42424 1.01171 3.55433 4.28738 7.67661 11.0285 12.6124 117.391 133.934 43.216 2.77022 0.322915 23.3917 9.00709 0.00269288 385.161
-66.277 0.274882 1.87511 8.02738 29.0209 99.5729 47.3644 6.30545 16.8803 17.15 4.03973 10.0495 3.78991 6.23966 1.89566 5.48758 1.29298 5.19953 9.55068 17.0277 14.9525 111.649 137.948 8.09115 16.7256 9.10061 12.3948 5.10001 0.0353159 395.958
-64.3982 0.241085 1.78681 7.83288 25.5122 94.4498 47.3644 1.88961 17.0712 7.11446 2.95684 12.65 7.70988 9.84782 8.99095 12.4556 3.80681 5.16509 12.1722 9.85066 3.81858 131.771 140.325 19.9599 6.05429 13.1111 15.1263 2.36878 0.0204435 394.924
-62.3894 0.218636 1.79903 7.38809 23.8362 94.596 47.3644 2.25516 17.0712 7.11446 2.16261 20.1761 5.52113 13.4815 6.73835 9.70198 1.25817 5.49648 17.0366 10.7836 7.90918 132.221 124.991 16.2088 26.3822 5.94771 14.6193 15.5903 0.024849 398.013
-64.0064 0.26581 1.81676 7.43361 29.5863 103.704 29.9957 7.40821 18.435 10.9038 11.3759 5.39707 21.8389 6.72577 3.7271 0.888801 3.48866 0.790991 13.3618 12.3878 8.63052 130.741 122.18 33.6027 7.32558 1.68996 12.3213 4.30153 0.00804038 386.321
-64.9068 0.322183 1.91543 7.33207 28.6953 101.418 39.2011 5.28297 17.0775 21.9679 1.11396 15.1864 13.9895 2.91432 0.657768 0.888801 2.66779 4.4001 11.1453 6.41708 15.519 130.259 118.991 40.3332 11.5213 1.02495 16.4592 21.1999 0.0384271 389.334
-64.884 0.373157 1.80609 7.85203 27.9074 100.999 43.622 2.99764 8.06156 19.4351 12.3233 20.5377 8.96178 5.41254 0.372335 1.62143 4.93048 5.22093 12.5251 5.71898 11.024 125.513 115.118 58.0689 7.55907 3.34222 12.4756 10.264 0.00614665 386.697
-64.6209 0.3155 1.75446 7.31458 28.2383 100.729 43.622 8.11417 16.8998 7.34178 12.8931 25.8448 6.30162 5.21926 1.3206 2.78152 1.76812 3.94941 12.1859 8.2547 10.0041 125.513 122.557 40.9738 2.61177 2.61821 21.3661 13.9679 0.0157828 383.645
-64.3362 0.413203 1.65205 7.8188 30.5186 99.3141 48.2686 7.27018 8.2366 6.3065 7.4743 18.2809 24.4513 8.35871 1.81608 3.82376 2.38206 1.98799 5.64858 9.14125 10.4977 125.513 121.663 35.1126 1.38681 4.18593 34.6241 24.4011 0.0563229 389.061
-63.6616 0.338325 1.62577 8.39555 37.0964 93.1847 45.3433 1.76816 20.5884 7.1217 7.72364 17.816 20.9043 3.79638 2.14629 6.9503 6.711 7.76575 4.6861 18.896 7.73923 107.514 121.474 45.1649 6.72842 1.56783 12.1555 9.65396 0.0226443 389.898
-63.8023 0.32631 1.72633 8.10924 40.594 89.465 34.5539 8.6358 17.0316 10.1168 21.5393 7.99769 16.9009 3.7364 3.53354 8.26791 3.2307 9.57467 3.16058 24.1946 11.8096 117.839 117.108 26.9051 5.0733 7.46086 10.1372 41.7477 0.0121746 391.564
-64.0727 0.315084 1.8424 7.25343 38.0589 82.9943 15.2515 7.15152 50.1798 8.53942 3.61965 6.97381 1.67105 16.9254 2.2016 8.09283 8.99859 2.52908 7.87245 45.8064 12.6123 113.352 118.429 34.7393 4.31438 7.83152 8.228 32.6922 0.0171395 395.309
-65.4475 0.33401 1.78931 7.97482 38.0589 85.0725 15.2515 8.30792 50.1798 3.84268 0.720351 10.0811 1.13062 19.4447 3.1539 12.3843 9.34743 9.23727 3.96348 39.9459 12.2224 98.1153 123.878 42.3688 5.15546 4.92335 9.71662 51.8397 0.00603169 395.696
-67.9241 0.526149 1.73109 8.15791 38.1638 83.3795 19.8156 12.4658 31.4793 13.8404 4.5586 8.40915 1.03581 18.7884 2.0473 11.045 6.43782 3.31524 3.60073 44.1273 19.6413 101.464 119.156 32.3833 5.15278 14.6724 14.472 22.017 0.00532179 394.214
-67.4319 0.591168 1.60053 8.44554 37.9044 81.769 30.8905 4.60262 36.9789 8.45216 9.5594 13.5405 8.01858 4.14404 2.87122 5.0249 1.4239 11.7562 5.62955 33.0363 9.14808 105.61 131.905 39.0956 5.10912 18.4868 7.43687 4.53439 0.0743968 390.003
-67.6604 0.580026 1.53053 8.92476 38.3267 80.4786 38.4317 12.847 38.7318 7.64898 7.05858 11.1403 8.08848 2.91096 3.79397 14.0441 3.14829 6.31015 14.1358 20.2571 2.97705 99.0776 140.28 33.5351 5.09184 3.74165 19.4467 30.6698 0.0161015 391.569
-66.2999 0.450577 1.60772 7.83691 49.5368 67.6478 27.5915 14.5286 37.1069 6.54995 14.2619 10.0347 11.5858 2.19994 0.721245 13.3849 5.66293 14.8281 11.7094 26.9057 6.2033 88.561 131.202 46.5291 5.20042 5.47199 25.0618 22.0132 0.0262339 396.877
-65.8787 0.470303 1.5955 7.71234 48.3811 64.8028 33.3309 17.1744 33.8454 13.7228 9.33403 9.05337 1.24655 2.27998 4.46906 9.18396 1.13529 8.90931 17.3635 19.473 9.43577 102.121 135.863 43.0902 4.38502 1.69781 19.1547 10.5852 0.0530191 391.899
-66.3191 0.470303 1.72496 8.04654 45.3058 76.5305 17.6959 20.6813 39.887 10.3285 6.02729 8.54866 15.4322 3.00005 4.25566 11.5324 13.5611 3.26541 4.32221 6.80527 18.5158 104.301 134.817 34.935 4.98046 5.79812 14.9766 6.17403 0.0477849 390.898
-65.8526 0.425928 1.73238 8.23018 40.0626 78.5122 17.1703 26.9264 39.887 0.212471 6.75995 9.48616 18.6689 7.41349 5.23672 5.29821 1.00006 3.43731 4.32221 9.61859 24.0079 111.457 136.577 36.7251 5.22118 3.73235 15.5091 4.83205 0.025743 383.933
-66.2032 0.425928 1.71168 8.41881 40.4058 79.6893 16.867 34.0708 21.2727 3.98958 7.58963 9.99911 12.4886 15.6275 2.3092 2.40893 0.754661 17.5944 1.10611 13.2815 34.8976 97.1676 139.451 16.5985 2.48916 13.8211 33.9854 18.5577 0.03614 391.101
-72.804 0.896594 1.70201 8.36059 40.9148 78.0595 16.867 40.8384 13.7438 3.88928 14.6723 3.60786 14.5402 17.1347 0.706247 1.47894 3.03429 14.0689 1.05507 10.8336 39.4916 88.2199 154.235 16.2987 2.34719 5.50087 23.2733 12.4285 0.0202477 388.413
-72.8289 0.905757 1.5451 8.45884 41.9477 73.4444 16.8714 35.0471 22.7586 9.51364 7.10765 12.9602 15.688 11.3342 0.706247 2.31616 3.77088 4.35197 1.89239 6.13941 40.4844 90.0431 166.62 12.2308 2.20713 7.79696 13.0157 2.9213 0.00792294 388.326
-67.3033 0.579788 1.62853 7.84334 47.8532 73.4444 24.3226 21.2187 15.4373 1.05795 15.6676 6.44201 21.7627 8.52349 0.918525 3.51213 3.0737 6.4434 15.3916 0.860079 44.5665 90.0431 168.682 12.0162 2.22152 4.20764 4.32265 29.4599 0.0115528 395.172
-67.5415 0.551057 1.56027 10.3633 38.5725 87.3824 32.363 25.9797 13.0905 2.86533 6.0697 5.82437 23.7849 7.21135 5.36376 10.0945 2.17675 3.07259 4.2016 1.56731 29.3082 93.8326 173.413 5.97813 2.21189 10.4809 22.5585 15.9296 0.0104848 391.316
-66.9542 0.498102 1.67378 8.94971 34.4933 89.4006 47.2442 14.7177 12.1101 3.97825 3.17803 3.83182 38.8893 5.88199 3.87719 9.72084 1.42467 5.02369 0.779491 5.3825 23.3276 88.9881 171.898 11.3642 2.67998 2.29022 32.7118 5.9993 0.0104183 393.363
-65.4828 0.457657 1.61544 9.64345 34.7175 86.1907 40.7671 16.2116 11.6656 3.92086 4.49163 13.2715 26.1487 6.71676 1.81217 4.24902 4.19999 3.05811 25.7485 2.47519 15.6474 96.4984 171.898 1.94523 12.6332 0.588053 10.3337 0.446863 0.0470739 390.455
-65.4828 0.43201 1.62964 10.0032 31.3505 91.4357 46.3809 16.168 11.9467 5.94576 7.6043 4.60366 8.62297 20.4746 6.58632 0.813434 2.75559 4.31098 9.5838 3.3011 15.0357 103.347 171.898 4.9677 17.6463 8.14871 1.65636 31.6492 0.00123107 387.282
-64.3518 0.393878 1.62964 8.18911 33.1964 91.2497 45.6609 14.7139 9.25687 2.80415 6.98724 1.33837 6.13424 30.2146 6.38019 3.3844 6.27959 10.4904 8.75409 9.08637 5.22451 107.91 169.164 3.78058 26.5962 4.33983 1.74186 24.5147 0.0209453 388.182
-65.5133 0.449891 1.57694 8.53247 35.0771 88.5379 50.5332 7.89753 16.8738 8.69609 7.23099 6.29606 1.70424 8.71962 6.41862 0.897991 2.43919 13.9242 16.6124 9.08637 7.61444 106.838 169.164 5.40663 19.8903 10.164 1.27205 4.31899 0.00358373 385.727
-67.3238 0.508192 1.74854 8.28317 37.2296 92.0541 40.9184 17.5824 5.58822 12.6624 17.4559 4.08019 2.05385 11.2448 6.42588 0.485359 3.2075 5.01178 5.95265 17.4021 12.7751 109.135 156.933 12.7817 13.0372 14.0525 28.3591 18.9367 0.0383256 386.659
-67.4463 0.508192 1.73172 8.23576 36.069 87.3789 40.9184 21.9659 2.96203 18.4174 19.346 3.32672 2.05385 7.35728 6.42161 4.64062 1.9883 0.36567 9.37381 22.4597 7.37827 104.537 156.933 25.4612 1.9816 8.56046 15.1349 16.6144 0.0122948 386.937
-67.4463 0.508192 1.71659 7.91895 31.1446 93.586 37.2425 10.5682 15.1035 10.0023 21.397 1.84033 18.9993 7.43963 5.90475 6.56744 0.965727 5.15179 9.49689 30.411 1.01534 97.1571 156.933 12.6379 4.44523 3.03073 7.18497 43.9931 0.00837212 393.159
-65.5683 0.497809 1.75456 7.65082 26.8849 98.2535 42.7922 11.0818 9.85131 8.07275 23.8442 4.283 14.1901 9.25964 5.41062 5.53792 0.937806 8.02782 4.84402 15.2699 8.46696 100.688 163.956 20.3415 2.95379 10.7631 9.5285 29.1316 0.00233167 392.634
-65.2694 0.437787 1.54631 7.9478 20.2222 84.0873 61.8654 17.2375 1.71787 7.86767 31.3885 1.83173 15.9234 8.7159 5.78755 1.17829 0.654284 0.533001 1.5177 11.0007 16.311 107.611 163.956 26.5367 4.67198 7.66229 7.89711 30.7893 0.00245033 395.616
-64.3246 0.359483 1.6238 8.27677 33.1262 87.9927 45.5873 17.8359 9.9523 2.01645 31.3885 0.188991 12.6394 4.46475 5.21324 0.792274 0.103939 1.45686 2.14037 25.3717 9.92625 108.503 167.995 3.05954 9.8275 14.4974 37.4562 30.5909 0.00354695 389.753
-63.941 0.359483 1.64241 10.0129 34.4021 86.359 29.48 18.8982 23.5784 13.8418 23.1219 1.91778 1.10445 7.1808 5.20903 1.61695 1.86574 10.6611 13.5217 9.10423 6.04344 106.124 172.905 3.74362 33.89 1.35328 22.2567 15.8836 0.0223679 389.585
-64.6573 0.398072 1.67988 7.21073 37.6074 86.4521 39.8767 15.3079 22.0833 13.985 23.2047 3.39642 5.18855 11.7296 5.29215 2.13165 2.44039 11.69 9.35271 10.5102 3.9864 99.6628 150.639 37.0851 16.9973 3.59088 16.7849 46.9204 0.0111058 396.157
-64.7445 0.40484 1.70802 7.3905 38.85 88.153 45.1125 11.4298 12.439 10.3689 12.5202 6.53414 9.53334 8.75793 10.5868 0.170428 1.63334 12.2277 18.4074 1.93495 3.36785 116.553 150.844 7.97202 11.4797 3.3129 21.6793 78.281 0.00760118 391.906
-61.8046 0.181505 1.71603 7.64536 35.9097 88.1692 42.6732 16.1869 17.5937 12.3927 8.4025 10.5483 2.76709 9.68434 2.04092 3.22992 3.63864 12.5303 9.46157 0.48106 13.1361 114.924 150.298 21.8959 4.64859 24.3123 7.50041 44.9821 0.0238155 387.259
-65.0109 0.418278 1.71973 8.01805 35.2585 84.4424 48.3579 10.0577 13.2741 1.72707 9.01926 12.8744 3.01525 20.997 8.39234 0.75111 7.92272 10.5371 13.5968 2.90544 15.5363 107.702 149.064 12.5946 12.2012 30.8435 11.2077 32.7007 0.0654513 394.543
-64.8026 0.381443 1.6636 8.11385 36.5267 88.2277 25.1772 35.6484 3.29026 5.38209 8.9818 10.9055 3.13173 20.5668 3.8938 2.13664 10.4544 2.77255 13.0282 7.63639 10.6228 108.803 161.444 9.49153 12.3583 22.5185 5.90472 18.6189 0.0290389 386.362
-65.0134 0.31912 1.76206 8.30651 35.7511 90.2514 27.0426 36.1232 1.95675 2.99498 9.16212 10.8302 2.58332 16.6001 4.73578 1.87298 15.2263 5.94752 14.1739 4.11443 14.9765 104.266 162.133 9.49153 1.67571 21.0922 15.61 14.6441 0.0335358 387.292
-65.0134 0.312541 1.7233 8.40012 44.5552 89.8352 29.3685 28.0308 3.17929 8.88245 7.77091 11.0659 1.3916 17.7147 5.66596 1.31885 16.0545 9.45672 0.889373 7.54812 12.0537 107.098 166.791 8.50327 10.9832 6.74003 13.3983 12.5225 0.0125027 391.426
-64.2744 0.285828 1.74471 7.64806 37.7504 85.2344 44.1528 19.4471 1.78704 5.94459 6.62026 22.3016 7.79247 11.0472 3.09971 1.93537 6.8274 16.4735 2.94262 8.09852 15.8126 101.302 155.055 7.8217 18.1345 14.4804 8.98527 25.0116 0.0439041 391.374
-63.5929 0.285828 1.76482 9.08621 39.0599 81.676 41.6804 15.7433 15.1806 19.9812 4.01749 10.4048 7.94006 8.19014 2.21636 1.61562 1.93414 14.6174 3.88128 6.17637 7.01367 119.067 160.301 13.4901 21.6722 19.3217 5.67559 59.2171 0.034691 390.54
-64.1126 0.285828 1.71061 9.40836 31.5436 88.7855 43.635 20.2787 15.1806 17.5161 3.61468 7.04045 9.23082 8.35798 3.06366 0.666079 5.68698 11.3162 5.94412 7.56334 7.6372 117.882 160.301 11.2334 3.79236 1.03167 2.32064 31.1695 0.0308748 390.262
-63.3334 0.256494 1.73166 9.79589 31.6596 90.6527 42.9739 22.2493 4.38674 29.1922 1.9805 0.854355 15.6377 6.06222 0.311059 1.33006 0.585939 5.52675 1.7098 20.8027 15.8231 105.495 163.446 6.65529 7.21829 2.07016 13.0105 46.9507 0.0406197 390.051
-63.3334 0.302507 1.71091 8.04555 33.6282 91.5675 42.9739 11.2582 12.6065 16.5806 1.66247 3.86181 17.186 8.46016 2.54721 5.65786 5.14935 2.09663 9.57595 6.35826 16.3708 101.966 166.641 17.9881 2.07225 16.0796 16.3325 16.8703 0.040434 386.387
-63.0249 0.330259 1.57826 7.86143 30.6339 97.1208 42.4517 13.0912 15.298 22.2634 1.39937 8.98667 11.0973 6.90699 3.97668 14.3417 2.91477 16.5576 4.90768 6.326 7.77281 89.0734 159.846 13.9739 7.11985 15.7832 27.1886 10.6647 0.011879 393.34
-65.2968 0.35264 1.7324 8.11113 31.6205 93.6155 34.5272 9.45663 21.218 29.751 2.65701 9.26549 11.833 6.67385 3.74185 7.84187 4.38359 5.82236 19.7694 4.15691 15.3066 90.1992 159.846 13.7491 11.2548 4.61455 16.5424 2.58028 0.0574213 388.71
-65.2968 0.35264 1.75059 7.75127 27.7657 102.832 35.2597 6.02099 26.9219 24.8835 5.01904 6.52315 7.58265 6.36541 8.27384 6.44173 3.53059 8.83497 16.4467 6.32404 24.3462 66.1096 178.428 4.74479 3.31539 13.0819 11.6969 4.55844 0.0529986 390.886
-64.7604 0.35264 1.77626 7.95838 27.7657 101.676 21.7604 16.3537 37.0842 14.5549 4.9806 4.72778 3.87388 4.98315 2.66548 9.79154 3.60666 3.89408 8.13975 1.62087 26.4608 77.1503 200.839 1.18838 5.1118 4.78958 10.416 32.3254 0.0343691 392.348
-64.9721 0.35264 1.76476 7.95759 61.7584 45.4975 32.1608 15.902 44.2543 14.0443 5.22058 2.29841 3.40896 6.26051 6.89476 5.0096 2.27601 11.1967 0.571582 5.22338 37.4907 61.3165 200.839 1.28991 11.6557 12.8319 8.454 38.4914 0.0233083 396.152
-64.0952 0.35264 1.68492 7.2139 55.8857 49.0835 35.5715 19.7055 44.0155 14.6058 5.19532 4.64423 1.28619 4.54358 8.11231 3.77344 2.55678 10.2499 1.40677 6.94149 42.3651 91.0651 168.044 1.84643 13.7961 9.6858 2.67149 43.8193 0.0144922 392.389
-64.0952 0.35264 1.60082 8.53651 54.7591 58.6204 40.4915 24.9687 8.42738 18.2354 2.17279 3.51969 26.3752 8.539 1.61111 2.20552 0.888097 4.18706 3.50561 4.81869 41.9048 79.5955 185.002 4.79911 22.7977 4.34959 5.90337 16.6617 0.0385926 387.287
-65.0159 0.353676 1.81061 8.87965 54.4929 53.6517 39.1705 37.8986 11.1964 20.3829 4.41087 16.9508 15.4253 2.56702 0.117814 1.0255 0.735381 1.40198 4.11632 5.63545 18.5152 72.4797 195.875 14.4376 10.304 11.3447 8.05766 22.3936 0.025216 395.51
-64.593 0.306427 1.78597 10.2107 54.596 54.1128 37.6477 32.3645 11.368 6.12751 9.14416 19.8565 7.16959 8.11866 2.94534 1.0255 4.35329 6.2311 2.72815 15.3152 22.4003 79.2893 187.364 2.02343 10.5586 10.5177 12.7977 63.2207 0.010954 393.246
-64.593 0.306427 1.63749 9.5481 66.1658 40.0376 33.8743 32.0519 17.8285 9.45232 25.0194 13.953 17.6262 1.43324 3.08225 1.54061 1.76885 17.9523 2.5733 13.5599 16.2582 80.9525 172.092 10.6381 11.1591 6.10211 10.6506 82.6878 0.064729 398.705
-64.593 0.387002 1.50726 8.8294 72.5526 18.7891 39.8498 39.4509 31.6611 9.50478 1.97683 17.616 4.8029 9.70743 2.80436 4.06518 3.78406 17.3125 4.21846 3.90414 20.6105 79.9632 185.262 4.79376 7.47436 9.82261 19.175 11.3638 0.023487 386.544
-64.593 0.348522 1.71844 7.32585 72.5526 26.8423 48.4788 39.3106 16.6757 4.88002 1.77207 11.8585 20.9095 3.03891 2.92323 3.38542 4.50542 1.31564 16.9787 4.6167 9.8145 89.5258 184.271 5.62634 21.7288 16.8797 20.9272 22.5037 0.0368875 392.659
-64.593 0.348522 1.76639 7.88803 65.962 22.9794 51.5375 39.6283 25.737 9.17148 1.24011 6.69421 18.6443 3.81553 3.34923 3.89028 4.17323 8.57375 6.97602 5.7041 13.87 96.7511 178.832 7.25573 15.8379 8.4043 7.30274 30.5729 0.0328092 390.113
-64.4272 0.348522 1.68672 9.22559 60.2912 25.2809 37.6531 40.7017 26.4528 6.95447 1.24011 10.5893 17.4471 1.79346 5.79068 8.73451 3.70026 4.2959 4.51649 12.1778 18.2015 100.68 175.151 4.18823 1.20367 12.7347 21.3371 28.3094 0.0273469 392.006
-64.5023 0.348522 1.61384 8.67927 68.41 17.7764 36.6084 46.5178 31.0498 6.51029 2.93113 10.0353 14.9275 5.73243 0.608759 6.77531 2.13005 1.65388 26.2363 10.8341 3.88932 92.1919 177.547 6.86919 2.4316 19.6515 18.1584 14.7958 0.0195755 389.43
-64.5023 0.319965 1.66238 8.84917 68.0815 28.2869 22.2943 45.6819 31.6466 4.8649 2.1456 8.92734 23.4701 9.20339 7.81297 5.08895 3.35394 1.43608 24.0584 7.18452 4.5612 106.605 165.889 5.2969 1.81578 6.83549 5.92696 9.08749 0.0119463 390.726
-64.5023 0.319965 1.7086 8.25512 59.9572 20.9402 22.2611 55.7051 29.0793 4.9716 3.7348 1.41439 24.5978 16.2855 4.09978 3.01046 6.08962 3.90033 3.87564 7.10293 25.6506 120.796 133.303 32.8719 4.39397 6.06325 14.1709 11.3202 0.000331737 389.915
-64.5023 0.319965 1.71674 8.23785 71.8112 26.0131 26.1409 50.9154 20.483 4.13654 3.45971 2.79544 22.103 16.9806 3.05912 2.47486 5.05701 6.2718 4.1478 4.08304 17.1674 110.886 156.193 16.4916 7.13304 13.9409 24.3181 7.54115 0.0371272 384.197
-64.7128 0.319965 1.71541 8.19647 76.6792 20.0305 42.1323 31.9842 18.578 10.6705 11.2883 1.37934 24.2515 10.2627 5.22521 2.69591 11.3475 6.08853 3.42064 4.20817 10.8659 106.583 164.313 25.5949 12.257 6.41193 14.1271 6.55782 0.0352459 388.583
-64.7128 0.319965 1.70702 8.17889 73.7505 26.3782 38.6527 33.2451 20.4351 8.84828 1.7209 0.875279 24.3605 11.8357 8.54915 3.15605 5.1026 2.43945 3.18015 10.0964 21.944 102.415 159.378 14.0872 18.4215 5.09427 12.9311 10.0067 0.00275588 385.261
-64.7128 0.319965 1.75348 8.0784 73.6585 35.3554 31.8108 26.4536 17.5283 8.94408 5.80357 1.4338 35.4208 7.44122 7.0282 2.07429 3.24622 4.53514 4.45408 7.31775 14.5041 110.203 168.014 15.2373 11.1735 3.596 12.2314 33.0952 0.00236562 387.629
-64.7128 0.319965 1.77588 8.04102 74.001 22.7025 48.1118 11.5421 31.0188 8.08394 3.62607 7.91941 33.7962 2.29538 1.02669 3.67484 6.98426 12.2533 1.26007 8.21744 21.0279 90.0877 164.823 33.1949 0.984825 2.84459 14.2779 6.93512 0.00342131 389.364
-64.7128 0.319965 1.80307 7.96285 74.001 15.7364 52.6296 23.1756 20.7481 8.58874 3.33605 7.60845 21.7274 22.7983 1.49593 0.390133 2.03167 9.99012 1.58352 21.9197 20.2862 86.3633 167.797 9.47304 7.96659 7.31504 6.29599 5.85947 0.00319463 387.526
-64.3781 0.376374 1.64452 7.87171 85.4566 6.18848 53.1481 22.3211 28.4961 2.88611 8.77886 8.40501 23.4323 1.78785 5.96877 0.490944 2.4429 7.86832 2.09544 21.6338 16.0109 87.6525 174.841 23.4364 14.1163 20.574 2.14026 7.09878 0.00843068 389.347
-64.3781 0.376374 1.60908 8.25435 80.2053 9.59321 53.1481 33.5268 24.757 2.83021 15.0329 2.16285 23.4323 0.96845 4.60023 1.36576 1.04611 5.99228 2.25578 14.2915 29.0587 83.6793 166.372 20.9391 10.5228 5.25287 4.45759 9.61275 0.0148783 386.662
-65.2692 0.455714 1.60607 8.51283 78.5573 9.59321 53.1481 34.1193 18.6236 2.83021 3.20484 9.25647 15.5121 24.173 6.49756 8.47213 2.28209 7.48645 2.54737 4.61163 21.102 95.0028 166.751 10.4918 18.0113 3.70773 15.8945 8.71403 0.0260489 385.143
-65.2692 0.455714 1.54076 8.42281 85.0453 7.78233 53.7736 33.5879 18.6236 3.27243 13.533 9.89778 7.49027 16.225 3.30747 2.44388 5.06125 5.6617 3.38326 2.66996 25.6095 104.567 166.751 7.38015 19.2817 5.97589 4.26399 10.0674 0.00434872 384.104
-65.2692 0.455714 1.58379 8.42729 81.5786 7.78233 53.9632 38.1971 18.6236 6.35276 9.19368 9.77364 3.31151 23.1234 2.27937 1.06383 1.76317 8.75699 1.64712 2.64313 25.583 104.567 153.589 12.98 8.16999 10.4789 28.3384 1.30955 0.0353758 385.27
-64.4658 0.455714 1.50137 8.41149 81.5786 7.78233 53.9632 34.8862 21.669 4.333 15.7166 11.883 2.89308 15.6649 9.77731 2.04066 3.30986 1.71809 6.95585 3.75008 19.3492 104.567 155.486 11.8286 7.04636 12.4896 19.4893 5.9274 0.0274279 386.239
-63.912 0.386599 1.51522 8.7989 80.9711 11.2459 47.766 37.5318 20.0611 2.03046 11.5094 3.04459 8.94316 4.76235 7.13066 4.3191 11.7313 2.64257 6.8136 3.85724 29.4526 119.398 139.993 13.683 3.89456 14.8641 17.3217 15.2389 0.0165474 387.142
-64.4048 0.386599 1.51148 10.4554 79.6487 11.2459 30.8713 50.9958 21.0612 3.44538 24.6117 4.98095 8.18554 3.51305 1.66259 4.75759 3.58021 5.31371 7.70813 2.04991 34.5263 120.904 135.137 22.5487 5.66761 4.98238 51.7444 11.8344 0.0164103 389.904
-64.6592 0.386599 1.60221 9.61592 79.6487 2.84253 30.8713 63.1066 17.231 5.92287 6.52272 15.4604 10.3723 8.24464 1.10392 7.96435 2.85835 3.93843 5.24931 3.26245 35.6528 123.486 135.137 11.373 7.50825 12.2675 9.22136 11.8344 0.0628396 387.213
-64.6219 0.357792 1.53445 9.06718 76.6574 29.6524 15.3953 58.9229 19.8523 5.04712 8.04969 17.3226 3.87779 4.13314 1.46582 12.3072 3.53733 6.66196 3.92967 5.6204 31.5728 118.942 138.821 11.1232 7.52288 7.87493 8.18474 26.2756 0.0523016 393.714
-64.2865 0.357379 1.52426 10.7498 68.6865 29.3193 12.5096 58.2393 24.1733 13.7647 11.0555 12.5424 0.417825 4.13871 1.46938 9.49781 4.49322 2.84642 6.82882 8.44761 44.4596 110.908 132.747 15.1553 19.2229 4.5164 8.17037 11.5033 0.0797236 393.245
-74.898 1.05849 1.62656 8.63891 66.5759 33.7458 11.4074 58.2393 24.0128 13.7881 9.873 11.6231 7.69758 8.37043 1.47194 4.57418 3.72743 4.18162 6.20034 5.8756 41.718 85.8374 160.625 11.1467 8.69693 4.89445 20.5769 50.9303 0.0273277 388.283
-70.2754 0.845834 1.5364 8.26368 68.8995 34.3304 12.5509 64.8501 9.73762 12.8643 8.98882 0.542166 9.3711 17.7658 1.55352 2.56994 4.66404 5.86746 5.98207 8.70796 20.4092 112.181 159.55 17.8398 11.5004 5.1397 8.90977 13.5512 0.0242145 385.149
-71.3637 0.754713 1.73628 8.14967 69.9434 28.6341 17.676 59.3691 9.73762 17.1152 13.7228 6.38236 20.0855 4.86145 3.20065 0.0825837 1.59843 13.4769 11.0742 6.41155 17.194 103.898 154.69 10.6039 12.877 13.2209 10.5784 6.42027 0.0117276 385.488
-71.2906 0.772721 1.82915 7.23216 68.0863 34.7876 14.3197 75.006 13.8823 2.85064 3.70682 3.90944 20.0855 5.76727 2.59947 0.564137 9.8395 7.85624 6.72774 10.1441 11.6039 113.752 153.08 17.828 4.89366 5.54357 14.2665 7.34985 0.0338565 387.823
-71.543 0.687756 1.94015 7.51209 68.1285 33.6876 4.32159 79.4194 7.55061 4.73691 5.84041 1.98019 30.5306 3.14064 6.3962 9.77157 7.74731 7.76375 4.12863 10.6759 2.51753 118.238 147.642 14.6055 2.07466 16.4429 36.0832 19.4929 0.0131278 395.332
-71.145 0.715762 1.83285 9.8822 70.9761 34.1318 27.8626 57.9711 8.65904 4.17801 6.69204 1.72233 29.2557 3.14064 9.02563 2.09585 10.6092 0.456943 1.5116 10.2867 12.213 112.743 148.381 4.14607 9.98451 29.459 38.3043 25.5692 0.000998457 401.477
-72.8153 0.910643 1.70085 7.78137 81.0177 8.61921 43.1997 42.1396 17.7241 16.6202 9.19388 8.65493 20.7758 6.20768 7.93208 2.0894 5.20828 3.1709 4.88867 11.4417 11.0416 114.115 131.952 45.2979 4.1056 7.93641 20.4237 43.3569 0.046696 391.3
-72.6858 0.932927 1.71091 5.51648 81.0177 8.61921 51.6092 48.9877 3.77427 9.05167 4.37587 15.0213 13.6422 8.95267 4.73578 0.350781 6.26243 4.82981 14.7676 10.1922 4.66085 114.128 157.158 9.36409 14.1514 19.8413 27.8603 16.1687 0.0139145 395.223
-72.3038 0.928929 1.62871 8.21111 81.0177 8.61921 51.6092 47.5767 3.77427 13.3439 1.22719 15.0213 21.3513 6.10545 0.0363028 1.96834 2.65805 11.5607 8.98716 10.4161 4.58687 114.016 155.753 9.36409 11.5628 24.4771 3.89005 11.0224 0.010411 385.105
-72.9115 0.935358 1.60021 8.73636 83.2648 8.61921 45.5597 45.8528 3.06534 20.5286 6.04683 16.6741 14.3318 4.76597 4.21013 0.43439 2.40174 11.7814 9.09687 6.78395 4.82456 114.004 149.303 16.8396 10.1144 16.6597 2.92033 9.80398 0.00797568 386.011
-72.8626 0.930788 1.58108 7.92429 83.2648 8.61921 48.1075 53.8502 7.4264 16.4333 0.890126 9.79291 10.8507 8.7918 2.4167 0.203823 3.98859 9.49784 11.3262 3.75187 17.4293 114.04 148.398 16.0763 6.0503 9.71775 17.3622 15.3358 0.0179066 386.099
-71.3288 0.877504 1.67611 8.13413 85.4143 1.47856 52.6961 54.2769 3.69078 11.4824 6.21931 3.11828 14.0744 9.38479 1.76004 1.40308 5.39319 1.52077 7.23777 6.02384 26.6404 114.784 149.226 17.6765 1.72319 2.75023 16.1046 21.5338 0.0176977 386.107
-71.448 0.754673 1.78551 8.21561 85.5754 1.47856 49.7901 54.2769 6.9819 7.63816 8.66124 7.2212 13.2803 12.4144 4.49742 3.76533 6.32856 6.32365 4.29589 6.51679 13.2337 110.775 159.406 11.8214 9.21331 4.62743 0.621001 37.7027 0.00781426 387.254
-72.2774 0.789851 1.83259 8.11167 85.7562 11.0986 39.7892 41.4466 12.0936 0.902541 6.19322 4.04619 20.149 4.31491 2.00902 4.67216 4.78942 17.6992 2.3442 10.0376 24.3709 114.948 151.244 8.60524 10.6044 8.74853 2.54562 26.6624 0.0247932 392.905
-73.6546 0.870156 1.82279 8.21065 90.0536 11.0986 52.3044 28.6471 10.7349 5.14265 8.02782 13.1315 19.2779 1.1394 4.15815 4.89242 9.06077 6.95209 5.60674 8.90826 15.1115 104.49 160.495 9.18492 8.34966 19.7607 2.96215 3.54496 0.0372604 390.785
-72.1987 0.88571 1.75814 7.68177 85.3106 11.0986 51.9494 31.5449 13.1316 4.49542 9.99591 22.1459 12.486 1.13415 1.03221 1.92044 6.97997 5.3401 8.48727 5.03831 21.2361 102.905 164.045 13.6067 2.00491 3.36565 3.00366 23.6261 0.0479597 390.974
-71.4817 0.857133 1.57673 7.94792 75.5538 11.0986 49.8069 33.6828 25.4561 1.30572 8.86872 15.9405 10.0392 4.26374 2.76761 5.29501 8.79531 4.88498 14.9083 10.0134 10.5066 129.967 129.045 19.1272 13.7525 5.74334 16.9557 16.3019 0.0275497 389.444
-71.9124 0.966973 1.60694 8.18846 82.86 11.0986 44.3763 47.3469 19.8649 3.33673 1.69637 13.4702 7.07141 11.2037 1.73735 5.75325 4.81873 8.80523 6.02509 10.4362 10.469 130.554 119.342 44.7838 3.93234 5.99013 9.32369 0.844301 0.000866195 387.525
-73.186 0.900157 1.81962 7.18645 79.4477 11.2599 49.3204 27.3525 25.7834 9.10749 6.23943 10.5469 13.958 10.8475 3.42668 7.36244 6.19695 8.62107 7.24865 12.0343 6.02472 124.466 117.189 50.8503 17.6776 9.50226 13.6093 17.5563 0.00829445 389.848
-73.1929 0.853632 1.87102 7.34661 79.4477 11.6288 49.1818 27.8123 24.086 11.7895 10.1079 6.89581 12.8768 13.0014 0.897401 5.05338 2.53941 1.58129 13.8346 13.1196 11.6171 127.266 117.432 55.3447 3.33092 3.97482 3.34753 46.0901 0.00226337 387.461
-73.1072 0.902742 1.8341 7.35183 83.3063 8.10798 52.9091 43.6229 12.0548 8.96947 10.6535 10.5015 10.6673 11.0578 2.1659 1.90248 0.777267 8.19356 13.4599 4.81192 11.3261 138.345 101.522 52.4858 4.23134 5.51814 13.3763 29.0477 0.00786084 387.86
-73.1072 0.79332 1.94143 7.35738 80.2543 15.4587 45.0601 25.2883 17.5678 4.64006 10.4993 12.3331 26.1145 4.1284 0.583651 9.04539 6.12651 7.08909 8.0244 5.97596 6.37118 141.294 100.834 57.8369 1.72162 1.48604 35.2886 41.6041 0.00774891 396.911
-73.5096 0.882471 1.74249 9.9033 77.1672 19.1955 47.2782 25.6913 20.8906 10.2092 0.961338 10.7525 21.6182 2.20823 1.4069 3.86145 14.0373 4.89219 8.66892 5.98858 3.44739 151.121 90.6447 72.6208 2.50474 0.892655 4.04316 33.3273 0.0164777 394.775
-74.2646 0.96712 1.71781 8.46619 73.1759 27.0428 43.5818 26.7269 13.4742 20.0616 4.24534 21.2034 2.14818 5.65186 7.4625 2.76776 11.7774 12.2701 6.08765 6.64908 2.51127 141.856 92.6573 65.2538 8.28014 2.21499 10.2237 10.9064 0.0151559 391.91
-74.2646 0.997301 1.75689 9.43722 47.766 68.4253 44.234 30.1953 8.52083 6.08131 6.68287 26.0552 3.98673 7.90607 0.538436 2.04857 6.64137 4.66327 12.8742 5.06756 8.4829 146.553 98.1002 48.3147 11.5706 1.55933 9.80867 10.6699 0.0147312 389.529
-72.6314 0.927234 1.64316 8.48256 45.3437 68.398 59.9098 14.2631 9.56286 6.11958 8.19373 17.8746 6.84712 12.4834 1.81061 2.40102 2.33757 0.975532 11.0102 5.53256 11.1411 140.776 105.162 53.4778 10.5803 5.40566 3.89443 18.3501 0.0147621 382.968
-71.4819 0.916245 1.53051 8.30496 46.924 70.3246 51.8029 10.0646 2.45775 5.84241 0.354712 22.1066 6.05073 37.5297 0.835341 1.0399 5.05055 7.03861 14.9891 9.05343 10.4415 128.587 110.67 38.1362 15.857 10.0495 8.62852 2.60744 0.0147757 395.312
-71.8177 0.915868 1.55814 8.37147 47.0899 70.3246 54.4322 10.0646 8.87427 7.26868 4.09469 14.3892 8.05652 25.351 2.08559 1.07859 2.58632 2.09496 16.4674 4.15309 10.976 105.122 174.397 4.38618 11.0438 13.4391 3.31191 55.5638 0.0137153 386.17
-71.8177 0.915868 1.61838 8.07911 45.1447 67.5901 56.9136 10.0646 7.46502 4.378 1.99434 27.1004 4.17571 17.8366 3.24473 3.83403 5.24865 3.43079 18.1254 7.33391 10.7366 105.122 164.934 1.22625 18.198 10.0513 20.2485 37.4918 0.0192546 388.348
-72.4214 0.915868 1.49073 8.3418 44.8114 70.0624 55.7291 21.1962 4.41676 3.73609 4.41859 25.9854 11.7919 4.96955 1.52413 4.80241 2.93645 2.39612 17.2998 6.09198 8.71743 105.91 165.87 19.9325 17.1507 11.1289 25.6778 38.7306 0.0433523 393.989
-72.4214 0.943015 1.49845 8.84764 49.6516 70.0624 57.0798 10.4451 9.71063 4.68801 6.23113 24.7754 2.32072 5.68356 0.914415 4.7694 1.40029 10.7635 14.5386 7.40474 9.39262 103.108 165.87 13.5014 17.0785 11.4922 5.23933 31.9498 0.0124335 387.078
-59.8922 0.105062 1.60613 8.13675 47.1661 68.1967 37.7815 19.9611 20.4946 0.803047 7.9387 27.5718 7.09969 6.607 3.61577 5.4118 1.19584 9.14504 41.1771 8.52266 3.98894 84.7407 162.56 2.90972 25.0505 6.05865 9.4049 20.2514 0.0129305 388.776
-61.1511 0.204949 1.53638 10.3382 47.1661 68.1967 33.4 19.7584 26.1204 3.35149 6.65789 18.2453 2.47003 13.5345 4.41019 6.4915 3.75879 5.11373 41.1771 6.19572 3.6065 84.7407 169.783 11.2994 15.2998 3.95116 16.7877 16.3706 0.0335407 392.811
-62.932 0.205206 1.7173 9.03807 47.1661 71.777 16.0423 20.7068 30.9658 21.4671 13.4614 8.45799 1.7162 6.3704 6.55272 7.01243 3.98274 13.0921 6.98236 6.05997 4.261 114.619 169.783 3.61315 18.0078 5.1208 10.8384 11.2742 0.0121161 390.702
-62.3871 0.231279 1.68847 7.64874 47.1661 71.777 25.4304 23.0433 33.6082 10.4387 11.9105 6.38698 1.13097 16.0903 6.57873 8.82913 4.83561 12.3857 6.78822 3.34163 4.5495 91.8298 176.415 5.13958 25.545 3.60339 23.7087 14.5081 0.0109372 390.31
-73.4451 0.93905 1.71108 8.08712 49.0952 69.1634 29.654 13.1578 37.0499 17.4967 4.01503 20.0806 2.33517 14.0431 6.69872 10.3969 4.60044 6.8118 16.4754 8.59772 1.22015 71.2317 178.337 8.47149 26.2348 2.50461 15.0009 14.2612 0.00255312 394.938
-72.902 0.860718 1.80464 8.17199 47.0525 69.1634 12.6815 29.7223 34.7954 12.9325 14.3282 16.4747 3.65429 16.8948 7.22193 10.1265 4.81472 6.44516 1.2546 25.2174 5.22954 67.0505 172.586 16.2786 22.7104 9.12704 7.4089 11.2322 0.003806 394.19
-72.4111 0.816802 1.83062 7.78818 47.0525 69.1634 12.6815 28.6048 43.6116 7.76941 6.46542 19.8047 4.02477 11.4306 2.04731 5.36042 1.51673 17.8543 2.46516 31.7634 1.02135 74.0081 178.378 4.30491 7.42558 15.5774 18.6318 12.8941 0.00307039 392.018
-71.9979 0.837985 1.6923 8.02357 55.9185 69.1634 12.6815 19.5641 46.1776 5.85504 3.85317 20.881 1.17961 13.2368 1.36444 0.519432 3.36568 13.874 12.7583 25.1065 23.3084 67.6575 166.213 8.13012 3.88033 11.1576 3.30718 20.1247 0.026159 393.551
-72.803 0.923352 1.64668 7.79772 38.4343 58.7332 23.5017 50.219 27.2681 7.45134 3.41972 14.956 5.53703 21.9843 2.90482 2.6001 7.41881 17.9487 10.2722 3.75685 28.9077 71.4189 173.43 11.4963 5.64971 4.08097 25.1263 12.8949 0.0380092 395.937
-72.5272 1.00463 1.5929 8.25696 42.6529 38.4882 35.9734 50.219 18.1814 0.977493 2.09459 19.8636 12.5018 28.286 3.04966 0.82711 5.46386 10.0521 17.0963 1.29155 13.3457 91.0633 167.758 23.2007 6.00455 6.02439 10.1138 4.36723 0.0263144 397.378
-72.2869 1.00463 1.41711 8.70427 42.6529 30.6754 24.9596 70.9531 19.2102 6.21826 0.901121 9.44641 8.79708 26.8723 0.711252 2.22595 7.39911 15.0195 11.7324 1.76725 11.4443 101.899 168.406 10.8824 3.98798 11.2796 32.6633 0.656928 0.0292287 397.091
-72.2869 1.00463 1.347 8.80969 53.9469 32.6068 22.3333 70.9531 14.8768 3.67099 2.30417 1.98567 7.63142 25.8823 2.48712 1.66434 7.41372 10.241 15.7834 4.75534 27.1444 98.1567 146.615 22.0341 3.15674 6.00423 13.1263 17.0441 0.055519 397.538
-72.2869 1.00463 1.29749 11.38 43.574 26.2925 38.8631 70.9531 12.2833 8.14602 5.2368 2.76246 13.1472 24.2144 1.87938 2.71083 7.94501 7.66265 14.3157 16.7526 24.6151 98.1567 134.632 20.4712 2.23194 9.97792 22.1424 26.358 0.0381175 401.043
-72.2869 1.00463 1.30166 11.3121 45.5648 26.285 40.7123 70.9531 9.57647 9.73502 2.93096 8.37302 6.82508 26.0029 2.96961 4.15436 3.45879 13.7549 10.9942 13.4194 19.6541 104.709 129.176 23.6293 18.8325 3.58938 3.64018 22.7137 0.0250086 402.219
-71.9359 1.00463 1.23109 9.17975 57.6759 14.9041 37.6131 74.0032 11.8336 17.9685 7.41249 9.45132 11.7787 1.11765 9.15568 3.07491 4.20388 11.7648 10.8032 17.0565 14.1745 98.3796 134.926 23.8011 10.0887 11.2493 21.9395 4.55039 0.0444088 402.234
-73.2682 0.990608 1.58598 8.31325 68.5584 11.1123 22.2621 74.0032 8.08251 19.674 10.63 2.13117 12.9088 1.88112 11.6704 3.07628 1.5688 13.1994 1.02936 26.4647 23.5346 99.3525 139.065 24.891 8.90351 9.20063 14.3231 20.494 0.00314093 393.664
-73.3851 0.990608 1.61991 8.40199 35.8819 8.31978 38.4336 98.9495 17.5239 14.3157 10.6164 1.00687 16.4913 9.31844 5.53437 3.19769 7.42655 10.4772 3.19432 12.3278 12.9604 106.258 131.117 30.4206 20.167 14.4742 4.30021 30.9919 0.0177594 399.304
-73.3851 0.990608 1.59889 8.54662 37.4902 12.2248 33.0109 93.9862 7.33701 9.43268 9.87663 9.49512 16.3053 12.9287 2.8822 5.91894 5.28728 9.99046 0.823154 10.7902 28.5314 100.057 136.261 30.6425 8.15472 24.4992 2.77858 47.228 0.0233393 399.609
-74.4575 1.04671 1.58592 8.21673 39.4811 15.5793 21.4321 88.2873 18.4442 6.11871 13.4678 15.1771 20.1796 3.33784 4.69124 2.03319 3.26822 9.9145 9.49501 6.07175 29.3261 100.057 143.943 22.7177 4.76581 21.6685 12.6626 13.9175 0.0141362 394.345
-74.4575 1.04671 1.65646 8.39259 53.5542 14.7289 21.4321 88.2873 12.1329 3.581 4.01049 6.65456 17.6016 11.7736 2.94492 1.06711 5.9008 11.3124 7.26747 15.2689 19.6617 106.367 158.062 22.8497 5.50895 15.8834 12.3433 31.0324 0.0236177 395.059
-74.4575 1.04671 1.6311 10.0735 69.2845 23.6373 10.8761 81.4667 12.1329 1.93838 8.7043 1.1434 20.2536 10.5819 4.28976 1.76364 10.3022 12.55 2.6591 26.8656 13.837 103.359 136.445 26.6157 8.60113 4.08401 15.2441 30.4086 0.0384531 395.463
-68.2036 0.654392 1.55722 9.906 69.3915 25.9137 7.08214 81.4667 6.49086 3.31726 6.20951 4.88543 19.8695 2.20176 1.27764 1.67694 8.87439 21.0254 6.18148 25.8868 14.3921 94.7709 155.054 13.701 20.6178 1.67048 17.4685 30.4559 0.0193675 394.065
-67.8527 0.654392 1.47646 10.3351 67.2525 23.1168 3.36899 74.0267 21.8205 9.17268 2.53569 5.80311 18.6017 3.2637 2.84923 1.76729 8.37593 12.8212 6.19158 22.6033 14.1702 102.575 154.567 7.92894 6.41831 3.92982 55.1527 32.2064 0.0295964 395.705
-72.8614 0.976674 1.5425 11.8043 63.4151 26.1973 14.1371 93.7585 2.47928 13.4121 3.56883 11.4487 3.44695 5.68944 2.89983 1.26552 7.63104 6.6681 5.40014 6.39814 12.5842 123.641 152.25 15.7328 13.1371 4.30669 23.3251 31.8619 0.0144226 394.111
-73.1681 0.965009 1.64527 9.45058 69.1321 18.3441 11.9688 93.7585 4.45608 7.29463 3.67747 21.1979 8.66958 7.23648 6.09887 0.850524 1.86766 1.76126 7.40955 6.65892 9.40411 121.416 153.539 9.42517 5.0787 1.15932 39.0248 31.1369 0.0150964 392.379
-73.1681 0.929123 1.79849 7.55663 62.1809 15.0965 7.81686 93.7585 12.7535 10.6831 2.25522 18.1088 10.6686 1.28972 10.9189 4.85411 0.883975 1.76126 33.8095 11.7373 9.04016 104.287 149.226 12.6995 5.64559 3.14093 12.2431 19.9687 0.0151208 398.647
-72.85 0.929123 1.65758 7.90833 80.4554 11.5439 18.198 77.0033 12.7535 13.0685 3.06432 1.56376 13.1247 26.1883 7.17389 3.95311 1.12211 1.30223 11.5378 9.8212 9.36008 94.4405 147.872 38.461 4.62122 7.73506 13.5064 18.4684 0.0152869 389.808
-72.7922 0.931804 1.52857 8.33936 79.5144 5.47341 22.7984 77.0033 11.0894 6.18275 2.34387 15.7497 1.16695 26.1883 4.47008 4.11834 1.37721 5.00363 13.0636 6.16959 11.9143 110.384 145.578 26.604 5.52066 8.36157 29.4532 50.6074 0.0153657 390.302
-72.7922 0.930826 1.61965 8.39339 80.6643 10.0371 20.3208 68.408 11.0894 8.97772 9.15502 13.1874 4.18665 36.4202 2.43674 2.16779 1.76857 0.962066 9.64358 6.88518 6.45298 101.466 150.907 26.3004 6.3954 4.8258 34.4381 24.5574 0.0107255 389.811
-73.0755 0.930826 1.525 9.01171 81.2976 2.32333 21.4998 68.408 19.0598 20.1565 1.65618 5.07507 4.47891 36.4202 1.06556 5.33184 1.95254 1.25092 4.03912 7.97809 16.2332 95.9272 154.61 30.3488 4.24354 0.937894 22.6525 9.37759 0.017687 393.108
-73.0404 0.930826 1.61872 8.09043 87.3544 4.40364 10.0442 73.0542 15.8125 13.0478 1.65618 1.64469 2.57187 45.4843 2.69558 6.71115 3.52608 4.21216 9.88798 7.06281 17.2977 98.4929 151.493 20.0768 5.05331 0.965174 37.999 0.698612 0.00457968 393.989
-71.3512 0.795538 1.61872 8.20608 82.0241 10.3082 11.4829 75.2824 15.8125 11.4423 8.6083 5.85582 0.698225 26.8636 0.256855 3.29971 4.01965 3.19688 1.87903 3.01564 17.225 123.709 146.899 17.565 5.33083 1.58443 39.1377 7.50367 0.0240301 391.229
-71.3512 0.795538 1.79257 7.39393 79.3038 13.0981 6.81654 75.9879 15.8125 4.54902 8.32701 7.87345 7.3776 33.1278 1.89725 3.05612 7.94702 1.93985 1.87903 2.84608 17.2034 118.803 145.315 16.6236 15.8843 7.35265 19.6303 12.9587 0.0320348 389.583
-71.3512 0.831591 1.56935 8.09346 78.0732 11.2115 12.4919 75.9879 17.1378 5.10623 6.30866 5.00732 7.38012 24.632 2.20479 3.64649 6.92752 2.44973 3.6501 3.70393 17.3662 115.787 162.705 4.68632 17.2608 11.7674 9.68567 9.49089 0.0271609 385.725
-71.7278 0.926529 1.56552 8.54351 83.0914 5.54118 16.4769 75.9879 13.23 5.88244 5.59038 11.7327 7.76831 24.632 0.667221 5.30736 5.28788 3.46984 2.63383 3.80538 18.199 113.13 159.619 6.82528 13.9126 8.68157 8.72638 17.5918 0.0374481 385.58
-71.7278 0.822087 1.68546 8.51834 83.3035 5.14494 10.5709 80.0179 18.039 3.76344 3.02765 9.67852 5.50303 24.632 0.580304 3.35505 5.27173 6.46149 9.36521 4.24123 19.0563 111.124 163.56 7.75552 27.2856 6.93142 13.256 5.57694 0.0598241 387.545
-71.7278 0.822087 1.65232 8.66222 78.6957 16.8482 12.4746 67.8027 12.9487 2.85186 11.1896 19.0168 2.74595 23.561 1.97694 4.30296 2.08258 14.4997 9.89177 4.64733 5.72626 105.985 166.892 10.6086 8.35769 16.0798 12.5169 24.371 0.00468804 384.972
-69.0705 0.700808 1.60208 8.33229 69.6941 23.5598 16.6897 69.8638 12.4005 6.34648 12.8734 2.70345 1.79408 18.3127 2.63674 6.46799 9.95627 5.56272 11.5653 10.8994 5.86866 117.703 158.964 8.30511 6.98983 7.51629 10.1285 7.52187 0.00629662 384.808
-67.042 0.499057 1.78204 9.59716 75.169 9.24263 23.6886 66.1448 12.4005 8.13043 1.05879 5.89315 36.9062 0.931984 0.802653 4.26774 8.52687 8.89379 11.9011 1.24419 11.799 105.79 170.359 5.46831 6.62883 3.36502 15.5751 12.3435 0.0266323 391.303
-67.7829 0.499057 1.76424 7.52655 85.2642 2.48693 24.3173 68.3146 12.8643 10.9195 3.85909 5.70362 24.1983 9.39178 4.82161 5.61235 7.9092 6.75703 9.96024 9.9968 9.38118 98.3787 168.143 12.7911 1.47072 17.0575 1.33411 6.28532 0.0244284 391.339
-66.2854 0.392132 1.72543 8.32014 82.4435 10.0456 22.3982 69.3119 12.6755 1.63098 4.94202 14.9388 7.37427 6.02216 8.31127 4.37515 4.2521 5.18464 12.7151 12.4538 10.8587 130.261 130.833 25.8973 3.20002 20.3864 10.6539 7.58489 0.0388958 388.511
-63.6913 0.279893 1.71482 9.23086 86.76 13.3348 21.9762 53.0435 14.1478 3.09148 5.53039 18.9617 15.7419 7.39644 4.5496 4.74943 0.892501 9.7256 4.87127 17.1022 21.3899 122.023 118.917 31.4459 1.90513 1.67914 6.89504 13.8836 0.0409538 392.109
-64.385 0.244381 1.86568 7.92418 73.9132 24.1538 23.5167 54.7851 19.9304 3.43879 0.697158 13.2182 4.66454 12.0996 4.1414 5.05204 0.892501 7.24922 5.39585 15.3642 27.4938 133.816 118.917 31.4459 13.4353 3.1832 10.4502 11.2105 0.003131 389.336
-64.3376 0.286623 1.75751 8.08348 73.007 21.5259 16.9636 47.3769 28.1877 7.4008 0.161026 0.335446 23.1755 9.36011 10.7332 3.68011 2.69514 10.4559 4.0247 15.8986 21.8344 133.518 83.9398 52.544 16.3736 11.198 10.6647 23.502 0.00530095 395.126
-64.8125 0.327335 1.80034 7.28529 72.9346 10.0817 23.8341 41.6268 48.4764 9.41208 0.161026 9.66136 28.5053 11.25 8.29958 4.0603 3.21937 1.92068 12.327 5.27925 6.42926 130.644 79.511 47.9394 23.8678 0.979123 33.3456 14.9864 0.00273029 403.21
-68.5935 0.59014 1.75504 10.1674 76.7664 10.1249 18.3833 38.1012 50.5992 3.77739 7.29921 21.8988 7.09168 4.28786 7.50939 3.84884 0.453904 1.16651 13.7137 0.962721 19.5325 150.373 76.0196 31.8224 23.9561 3.95424 9.55633 5.81238 0.00572491 396.096
-68.313 0.585345 1.81057 7.17823 48.0729 8.10618 29.7545 52.8605 54.9501 4.95172 3.08498 9.90875 6.41352 27.1134 4.36889 1.82122 3.94201 1.16651 17.5815 2.46297 24.9743 119.343 107.017 63.7391 11.5111 1.37973 11.6517 13.523 0.00566075 395.757
-69.2312 0.67304 1.62074 9.8873 85.7662 1.0546 15.246 39.6411 48.7273 0.811923 9.46373 1.08383 2.66638 20.5473 6.92593 0.571845 17.8399 8.49676 8.33407 3.46652 25.4908 121.267 116.087 53.9678 4.04178 2.81953 1.79769 11.4125 0.0100948 393.022
-69.0608 0.67656 1.65558 7.9331 84.7537 0.56721 10.8551 53.0947 55.5242 1.79226 12.7779 2.35414 6.61004 26.3086 2.60802 1.01682 1.94072 4.46199 7.44885 2.54931 24.2854 118.196 116.295 49.8598 14.6154 1.23607 31.9442 47.637 0.0065258 391.492
-69.0608 0.671623 1.73946 7.96022 80.0066 2.25397 16.7979 60.0943 40.5888 6.68048 13.7274 18.1774 6.94374 4.55634 3.53403 0.819231 3.20929 5.48155 6.72756 5.45363 25.2937 117.749 113.205 54.5462 3.9387 2.50387 15.5178 10.8245 0.0307613 386.775
-68.5522 0.655905 1.63113 7.82625 84.4462 4.66696 13.2516 69.0948 22.3018 0.950983 9.28799 22.8455 5.93184 4.64492 8.54141 2.44139 2.78999 5.90952 6.9415 5.74898 32.6717 117.749 111.02 58.5216 17.1332 1.18083 11.927 14.538 0.0401705 388.945
-68.5161 0.655905 1.66215 7.85333 83.414 2.59487 13.2102 61.404 31.314 4.61916 9.00066 20.0644 7.52722 3.97132 9.38438 5.8121 2.37621 3.07632 12.1473 5.16312 22.8217 116.017 122.72 46.0056 7.61061 9.68532 8.87267 20.8947 0.0132795 385.113
-67.0555 0.670402 1.43008 8.47665 86.2337 2.59487 15.0679 58.1871 36.9893 11.5915 9.06006 10.7184 8.09546 6.06913 2.41721 2.63206 5.8258 4.10985 20.5805 14.8124 19.7057 113.068 103.281 32.8933 8.65255 11.8668 11.8054 11.2995 0.0106531 394.974
-67.23 0.597325 1.58821 7.59399 86.7573 2.59487 10.8902 44.5601 53.7553 12.7719 10.5342 27.2852 3.08381 3.31772 3.37204 8.6393 6.5848 3.56939 5.06337 6.67303 23.4822 115.411 93.3035 63.834 11.7886 11.8317 17.9062 50.9941 0.0711526 400.536
-66.2664 0.501419 1.68351 6.90527 83.2725 5.72118 14.2425 36.5265 57.101 9.3895 6.02517 5.22322 7.50557 9.58711 7.87589 2.44352 2.4845 5.45624 5.06337 19.6542 35.9557 115.411 117.292 30.4826 12.1891 6.53281 19.1358 24.2672 0.0595164 394.306
-65.3197 0.429172 1.64843 7.30975 84.1356 0.563086 19.4801 38.7373 53.2904 11.6057 6.76136 13.5075 8.39004 1.07965 1.31946 3.49791 5.83381 19.9362 3.9945 6.52209 22.928 115.682 126.077 30.4826 10.7592 15.1992 3.7156 2.93205 0.012981 389.401
-64.1227 0.388008 1.71055 7.27561 71.318 27.1556 24.7354 10.6939 61.1671 5.66678 13.2563 11.6981 8.90489 2.04637 2.06537 5.09681 5.96282 9.52022 4.90497 13.5828 17.8268 119.174 126.077 46.2161 15.4746 9.75798 7.98915 12.2436 0.0435357 387.905
-64.0973 0.334451 1.74565 7.60518 74.6301 19.7703 23.5437 16.9272 61.6461 7.75352 7.20161 13.2024 15.2658 5.95155 0.577924 3.71681 3.85482 7.75249 3.95149 12.8451 13.8379 119.174 129.036 38.7536 10.3335 4.99854 7.88349 16.453 0.00587458 381.559
-64.2997 0.363445 1.74748 7.55447 74.2837 17.5737 37.8712 19.1972 55.0618 2.82325 2.57836 6.07511 20.4158 6.33246 5.66331 4.36734 4.27982 6.17095 0.65649 24.0787 14.0004 111.593 129.036 43.4354 11.0984 4.86889 8.71381 21.528 0.00322445 386.611
-64.664 0.341708 1.68213 8.36588 75.805 8.47087 37.8712 18.5364 51.2386 12.0505 9.68061 3.67682 17.4446 9.89501 7.3032 1.99171 4.90784 0.730563 17.0856 2.11441 9.31006 134.382 132.119 18.1587 18.7182 12.1433 6.7537 24.5056 0.00379915 388.769
-63.1702 0.28069 1.68704 8.3506 79.1134 11.0406 37.8712 19.6351 44.8597 7.9396 6.84276 4.94935 24.3774 7.08288 4.80014 1.42289 8.87877 9.04638 16.748 2.72739 5.84118 134.382 128.465 19.0122 20.2518 5.09865 0.956332 5.45696 0.0113228 383.492
-63.1702 0.269422 1.61702 10.7983 79.4501 2.26497 38.7087 21.4956 50.128 7.41136 4.6505 2.27902 17.9267 6.21885 5.22611 2.63081 5.88705 17.5141 4.51594 5.47818 11.843 135.562 129.707 29.4627 20.4056 6.75932 1.37847 11.7951 0.0199888 390.171
-62.1909 0.236156 1.57409 8.46062 83.3104 5.03201 36.4287 16.836 52.6215 3.86107 10.8833 6.64501 6.35817 19.0205 9.49291 4.13918 4.17654 18.9081 10.6144 0.608686 11.5645 133.512 112.265 29.2299 8.94697 10.4993 11.5464 11.7951 0.00195138 387.437
-62.9934 0.228273 1.6062 8.56277 85.8378 1.11107 37.1498 14.5511 59.1439 5.48856 11.2832 14.2174 5.15279 2.12617 5.84338 4.81875 3.48077 9.09481 3.62178 1.37841 34.1953 135.999 108.453 30.5847 1.74363 3.7961 13.0299 33.2522 0.00572199 388.739
-64.4086 0.326278 1.82379 7.42115 85.8378 2.62247 18.2511 35.8438 57.0664 3.96664 6.69906 24.3449 9.36497 0.491486 6.85689 1.9599 3.84568 8.9199 11.1582 15.9721 7.49014 134.338 109.209 42.858 4.46581 5.66087 23.9179 15.6314 0.0211872 390.288
-65.3813 0.447894 1.62419 8.54599 83.5442 11.1155 23.9425 33.1173 42.2825 3.97396 13.5463 20.9895 3.63783 10.2759 2.92208 1.86704 3.20072 10.2437 1.94133 11.595 23.7809 109.678 113.799 69.6535 0.871074 2.86792 11.7229 13.0888 0.0605229 388.829
-65.7141 0.435267 1.71581 8.13286 74.3087 19.7149 13.2501 35.9999 44.912 39.1588 2.32784 5.47752 4.99179 6.48216 6.29951 1.51072 0.864431 5.65893 10.651 0.57385 23.9508 107.397 128.095 54.9549 1.41211 1.00826 5.79383 15.2683 0.0130251 387.901
-66.9919 0.540122 1.67328 7.29239 75.5339 17.7297 13.2501 44.9267 44.7808 32.0263 2.17844 5.91704 4.99179 0.397976 12.1453 0.974067 0.730422 17.0552 9.44648 3.51385 28.6774 104.903 120.297 51.6362 6.38888 4.94922 3.22337 14.6201 0.0117101 391.376
-65.5313 0.32644 1.84488 7.5715 71.7798 29.8169 3.68366 45.5009 42.8439 32.7208 1.76478 4.11963 11.86 0.47774 2.38111 0.699126 1.0614 5.91442 16.8813 5.20101 30.8387 104.499 125.998 53.0714 4.45501 3.37897 21.4043 7.23187 0.0105378 389.719
-65.3864 0.348768 1.74135 7.55862 70.8482 29.9458 10.1427 37.7889 43.5054 2.06167 4.96715 5.55156 36.9833 5.54395 0.403721 1.33844 2.65314 7.27562 29.1104 1.46277 20.5988 98.2227 129.138 41.3892 7.63197 8.9697 31.7933 12.286 0.00557532 392.572
-62.1006 0.176664 1.75227 7.4889 72.4589 28.3573 18.0694 36.527 48.7337 11.1723 1.4848 4.95035 24.857 0.471853 8.33756 1.32588 8.13426 8.13031 23.2687 4.29874 15.5329 92.7634 136.603 30.2307 0.287892 1.8028 41.1645 5.74948 0.00788781 392.938
-61.4276 0.176664 1.71574 7.2059 77.5895 20.811 18.0694 34.7513 56.1081 16.4875 1.62229 8.0502 9.29197 2.69955 21.2357 1.32744 0.400898 4.96632 27.0254 2.49625 18.6416 96.0125 126.705 36.057 4.37849 2.90644 10.9067 21.5464 0.00744941 393.241
-62.1961 0.314924 1.56025 8.11291 74.5951 20.811 20.6544 27.8328 56.8177 4.58038 19.9058 5.40226 10.8432 9.05616 12.1163 1.31167 1.50964 16.0715 22.8676 3.89569 5.90211 94.5698 140.244 22.6962 4.39464 4.28359 14.0042 38.9983 0.0486451 393.684
-63.1691 0.242623 1.77281 7.07558 67.9054 32.1545 11.4941 31.8863 45.6897 8.01613 12.3659 15.3066 14.7818 3.45276 21.3145 0.882136 2.03274 7.26984 16.2731 1.99506 9.40394 105.938 133.049 52.5866 2.45538 5.26231 7.03639 9.17271 0.0328934 392.76
-65.2874 0.304286 1.90977 7.43444 64.6478 37.6421 11.4941 31.7398 47.192 6.80995 13.0528 16.9281 10.7628 5.56186 1.35882 1.00591 4.41392 13.9127 23.5788 1.74352 8.64725 118.462 119.989 43.2442 3.26908 12.6855 18.6728 16.9208 0.029057 387.621
-65.3291 0.360589 1.8429 7.83309 59.995 40.431 18.4511 20.4868 49.7714 13.2351 10.8855 19.3141 9.84411 4.59501 3.34352 0.617083 0.964044 2.70349 22.2583 7.32617 10.8745 118.265 119.989 51.4323 1.93601 5.86664 14.1883 18.9445 0.0282006 384.675
-65.135 0.360589 1.73948 7.31946 59.5885 44.4556 23.4058 23.0268 49.7714 11.3993 7.44891 2.29494 13.7244 12.6577 5.91256 0.771906 1.62551 2.42553 20.1221 4.32816 11.7691 120.482 137.046 18.9309 10.1309 10.3396 16.6467 13.4549 0.0523556 384.41
-65.135 0.360589 1.73281 8.07578 61.5005 44.4556 29.7056 30.754 27.9133 15.7188 3.49486 2.27569 8.5964 12.6577 4.70491 0.219132 2.26745 3.37305 14.873 11.5131 13.474 121.387 142.169 25.4202 8.94897 4.78877 4.4486 8.46692 0.0644881 385.489
-64.614 0.415388 1.62574 8.10206 63.3743 44.4556 29.7056 27.4327 31.2572 23.0068 2.03735 2.49444 16.8508 5.25992 4.00214 8.83697 1.23999 1.70584 10.6689 7.18007 15.1519 132.942 125.451 22.7625 2.81325 19.5317 17.8389 10.6433 0.0634349 387.699
-64.614 0.359888 1.65518 8.15397 66.7479 44.4556 29.7056 32.6152 16.5327 20.1206 3.3667 9.70478 22.621 2.3774 3.94988 0.880399 2.15239 1.3847 7.58444 12.9901 18.4257 132.099 128.869 11.36 13.2067 26.3705 9.40191 18.1309 0.0834962 388.863
-64.5381 0.359888 1.64932 8.68871 64.9784 35.9532 30.2411 44.9704 12.3528 31.3185 0.369029 1.56405 13.1096 10.7373 1.30342 6.91332 1.06125 2.88135 4.48875 8.44052 17.2716 126.108 139.906 27.7572 2.89645 2.90611 12.6062 7.48161 0.0101695 387.637
-64.602 0.359888 1.54608 8.6843 64.4538 35.9532 30.2411 46.1094 8.89639 21.9692 8.40463 5.78506 20.7332 5.36681 1.83072 6.86858 3.35543 1.00135 2.41362 12.9456 14.031 130.634 142.625 7.51363 8.19085 1.92347 22.7017 26.3835 0.0133894 388.26
-64.6251 0.359888 1.63948 8.00092 64.743 35.9532 2.6528 77.8632 6.49403 16.3885 13.7 5.65892 15.0236 7.35013 3.2902 4.36578 0.374538 3.40135 7.10649 1.46429 9.91281 144.457 139.275 2.41023 16.0444 1.2825 25.9655 35.6608 0.0113001 391.976
-65.0643 0.359888 1.71477 7.70163 70.7818 31.9879 2.6528 85.8159 0.413169 15.8057 9.61218 3.3185 15.3623 6.32931 3.13098 5.79103 1.75933 3.032 14.4121 19.1174 3.85485 119.747 140.936 26.4026 15.5734 5.16572 13.8573 40.2467 0.015752 387.893
-64.2024 0.366371 1.6729 7.14807 71.47 25.8508 2.6528 85.8159 2.41619 20.2139 12.076 6.35724 20.0139 1.2945 3.05135 5.71817 2.59566 1.90593 12.7346 11.5588 13.0311 115.106 135.49 29.2906 12.6733 2.93276 23.625 10.5704 0.00183672 388.485
-64.6473 0.342849 1.78993 7.37691 65.2493 32.9674 2.6528 85.8159 4.85454 27.774 9.76791 6.70704 0.651992 2.08216 0.824602 9.58065 1.58176 1.60111 6.69344 19.4482 11.6638 123.146 123.628 55.6734 8.63437 4.16979 10.2138 11.0738 0.0119727 389.321
-64.9413 0.342849 1.7518 8.24263 65.2493 29.2832 10.5495 85.8159 4.78074 22.0847 5.61752 4.8868 22.949 0.420688 1.38536 4.25961 1.7763 0.292427 2.28714 21.4998 8.62558 125.535 126.522 30.5507 9.67776 4.24576 5.38661 1.23235 0.00869197 388.722
-64.8027 0.326591 1.77624 7.78879 73.698 24.4103 4.66591 93.084 5.34445 8.16054 6.35595 9.6554 15.6874 5.68052 1.75228 3.42613 1.8385 0.292427 1.85872 6.53306 19.8021 142.593 138.554 4.2671 34.2702 4.276 5.6078 55.3929 0.00116112 388.941
-64.8027 0.326591 1.73844 8.2083 77.5739 26.0827 4.66591 93.084 6.92524 2.9256 1.47783 9.06477 21.6387 5.78471 0.425804 2.13662 2.78278 0.473275 2.66016 1.2631 24.9561 133.335 127.695 31.2225 19.9462 4.80451 8.56204 69.9219 0.0115362 392.539
-64.8027 0.326591 1.6253 8.74247 69.4472 25.4241 7.84031 88.0154 3.92035 4.66055 5.92541 8.59657 21.8023 5.73459 2.52569 2.53148 1.88233 4.55478 9.85675 5.5218 12.7461 147.915 120.245 37.3912 9.00663 15.3956 5.36114 45.5712 0.00367255 388.671
-63.6624 0.363866 1.61942 8.08914 70.1091 26.3154 7.84031 88.0154 4.7965 7.64227 9.39796 4.01204 25.588 6.92369 1.65751 1.87834 0.22734 7.31074 6.09776 14.4687 2.29369 129.346 140.302 15.5965 12.6182 2.15318 14.8467 23.319 0.00379581 384.253
-62.975 0.216719 1.69024 7.53802 68.6469 26.6982 7.84031 88.6098 3.07796 11.4359 4.53719 4.50102 24.9902 6.49309 1.23243 2.06887 2.22046 9.97595 2.80718 14.6313 6.90541 126.259 133.575 32.7505 9.27512 2.2987 9.61554 11.7555 0.0105509 383.164
-63.3378 0.259749 1.79327 7.91338 72.0375 22.8014 5.75851 87.952 3.39168 11.4493 7.96622 7.12651 21.0639 7.43305 1.61089 3.40467 4.23388 5.18101 23.948 3.66673 10.235 129.302 128.527 15.0199 10.0454 8.29557 7.30148 9.51406 0.00271534 385.371
-63.0476 0.281054 1.7341 7.66645 67.5421 22.8014 4.93782 87.952 2.10546 17.6702 10.6392 5.68753 21.9546 9.07416 1.60586 2.27609 1.49529 6.81971 17.3868 2.92484 5.27428 140.88 120.25 28.8992 17.0046 5.66281 2.60318 31.3731 0.00942918 390.269
-65.2496 0.327608 1.82055 6.34233 76.3512 27.9343 2.03525 85.9242 3.34452 24.6071 0.258174 2.12776 24.5764 4.7272 1.63781 1.01541 3.30596 2.94909 18.3334 7.87145 4.84124 147.656 100.902 46.6362 11.9374 14.2327 13.9098 19.714 0.00488507 394.693
-64.2186 0.313606 1.70359 8.21867 69.669 25.9308 4.94265 83.3791 4.51846 26.0902 3.72117 7.41788 12.1422 3.794 1.33433 1.85343 2.60327 10.1124 13.1288 7.22949 6.20777 134.792 108.657 59.1022 1.60251 3.95846 15.9704 16.9101 0.013428 382.951
-64.8712 0.300206 1.73594 8.26397 69.5615 26.3894 8.73659 83.3791 6.07302 25.8455 1.634 7.89456 16.0812 0.902412 1.55484 0.954732 4.40333 4.56604 10.9215 20.3628 6.97113 140.234 103.363 44.9493 2.17627 27.3072 5.82295 17.8006 0.0108809 388.714
-68.5524 0.600532 1.64204 7.94186 82.2147 21.5976 7.32678 73.117 11.6662 18.4963 6.72062 7.32801 19.9083 2.02963 5.92602 0.926871 3.671 5.976 6.35506 10.8554 7.87072 130.204 116.891 34.1741 11.5893 18.501 5.86708 17.7612 0.0118165 390.229
-67.7021 0.594454 1.59594 8.96105 78.8335 24.4184 8.64615 69.3904 9.97465 5.25962 2.05464 15.8043 23.6306 2.70593 4.37806 1.0789 4.45459 9.17251 1.20399 14.9833 5.74547 149.215 112.084 7.40637 15.5831 13.6637 37.6251 17.1447 0.0135696 395.184
-67.6632 0.64606 1.59343 8.43407 78.5812 17.4224 17.3532 69.5429 10.178 5.66876 18.3439 14.1168 28.3529 3.88188 6.52122 1.0789 3.97265 4.23818 3.6398 14.6002 7.31057 121.618 130.514 8.74168 4.94346 12.1115 40.1925 17.3524 0.0101726 393.972
-67.3653 0.561697 1.63178 8.16263 78.2499 14.083 26.8848 37.877 7.9337 5.66876 21.0607 10.1591 25.9504 2.47883 8.66027 4.01541 0.225935 6.25081 14.3426 21.0291 6.62123 136.392 130.514 11.8735 5.40565 0.46332 45.3665 15.2127 0.00313789 394.726
-67.3005 0.601245 1.67868 8.19282 76.0011 29.123 26.4784 37.877 16.6865 15.1893 13.2133 7.407 20.4734 5.19656 6.69333 5.28665 2.45559 6.44901 18.271 5.39724 8.0475 125.286 135.543 8.41163 1.41122 1.70273 45.3665 11.0768 0.00177377 392.511
-68.0753 0.558236 1.61409 8.65332 76.5693 26.2842 22.1952 44.8098 13.7545 8.67573 10.2134 7.85987 25.2997 4.44889 8.07791 3.02175 4.0177 5.18365 5.12483 1.02091 16.2351 146.452 120.396 15.7182 7.56724 3.95832 38.768 23.4262 0.0078165 394.494
-66.178 0.47772 1.69099 7.71974 74.7233 31.6604 22.1952 50.0605 14.7463 1.34839 8.76132 13.8132 25.7992 0.757461 4.21575 1.03041 1.1489 7.50103 13.2899 3.95027 9.3051 143.177 122.92 24.4867 29.5205 4.79318 16.0209 3.79798 0.0142871 389.229
-65.5289 0.460607 1.70905 7.67399 71.9139 26.003 20.8524 50.7319 24.0184 0.780298 9.06452 9.51907 29.1782 5.29294 4.78888 1.78 0.802135 21.7291 7.72961 3.0597 11.1012 125.535 135.036 13.6474 26.6989 1.4485 16.912 24.5188 0.0189944 390.72
-64.2689 0.463642 1.48333 8.6506 63.3057 44.6863 11.4578 46.9546 26.6122 10.3046 7.49049 14.8296 11.919 13.247 5.73121 1.48922 1.18979 10.3404 5.28712 2.37178 18.4138 136.725 87.7635 53.95 26.5585 10.3853 15.8444 29.4951 0.0189289 393.616
-64.9061 0.347303 1.62985 8.7411 59.0243 42.3606 12.7569 32.3261 45.086 6.70734 7.04505 19.5093 21.005 0.643257 1.09181 1.91506 6.37162 6.6923 1.29136 2.27731 22.6696 118.563 131.687 46.4937 9.212 3.64636 8.14413 45.4282 0.0608533 387.925
-64.9061 0.335963 1.63568 8.80043 59.0243 52.3434 24.0377 28.1991 29.4073 4.09708 6.18411 13.5691 23.7448 6.52447 3.26059 0.491588 3.61326 9.58259 3.85834 2.77857 26.5711 113.571 137.072 38.9838 7.07163 4.57032 4.83432 32.0826 0.057393 384.878
-64.0441 0.335963 1.60691 8.67495 59.0243 51.8262 26.0266 28.1991 22.4707 4.93409 6.52705 17.5385 24.1329 7.76863 2.25991 0.543419 2.92137 9.42724 9.06117 4.42427 18.177 116.394 135.679 46.8236 3.89333 11.4835 7.02246 19.5372 0.0659109 387.434
-63.5708 0.352746 1.54728 7.68472 65.6275 39.4043 34.1982 28.752 28.9486 9.77841 4.1065 9.62714 18.8053 8.77936 1.90461 4.63782 0.623997 1.45762 3.6859 5.07315 36.2811 114.322 119.807 42.5592 11.0942 11.8228 11.628 22.857 0.0849381 387.345
-63.5708 0.324279 1.55855 7.78239 63.5154 43.8502 32.0002 30.2871 28.4238 6.24067 5.68162 7.12409 23.9394 3.85712 2.80224 3.81772 2.35873 2.67973 2.47276 4.9897 36.2811 105.649 133.881 42.8717 3.52064 11.8784 12.6045 26.4748 0.0315918 386.144
-63.7286 0.361735 1.55855 7.95066 61.4868 45.5713 20.7756 30.2871 31.8468 5.84674 5.18359 10.129 34.1343 3.85712 4.42748 0.672149 0.829027 4.93273 3.07709 4.9897 23.2862 123.384 127.697 40.0026 7.82514 10.5523 7.93324 14.6523 0.0286211 383.869
-63.3604 0.345238 1.49818 10.3426 58.9478 50.3216 42.9717 20.3115 8.36291 8.38687 0.369266 11.7725 37.7911 5.29491 5.79273 0.414974 4.2979 3.99225 7.47047 6.34638 17.2526 121.227 115.693 37.8868 4.7092 6.03465 16.0015 25.651 0.00183236 393.188
-69.3785 0.778696 1.55083 10.4327 59.376 48.2851 43.3349 12.7619 20.3043 3.28257 1.15683 28.6007 17.5617 9.78308 6.34088 4.63051 2.92836 9.18093 5.70154 0.513601 21.5992 121.227 110.85 59.149 7.16567 20.8494 2.76505 6.03297 0.00885578 392.117
-68.5034 0.747302 1.50873 10.1882 53.8231 37.5888 43.3349 35.7118 21.081 1.57545 13.534 5.61415 16.5552 11.7188 4.28121 8.78961 4.25626 17.3423 4.38175 1.33717 4.85464 131.919 109.348 57.5551 0.90959 26.7867 2.897 27.3471 0.00885578 397.68
-69.2895 0.793131 1.43135 10.2114 62.6627 31.9677 52.4095 37.8096 21.4843 2.26851 10.6914 9.6656 14.0923 1.51995 2.99959 2.20594 2.33736 17.3423 6.95633 4.67563 6.41165 127.391 122.1 45.256 3.92626 6.35666 36.3851 24.6081 0.0316973 391.136
-72.0943 0.915353 1.48567 8.97506 64.2121 38.0704 41.3183 26.163 29.292 0.887069 6.81099 0.479424 12.6606 11.8227 5.9427 6.53244 3.09892 10.3464 17.5135 16.7516 6.08843 117.745 123.432 37.1781 20.7773 7.91064 1.64675 16.2491 0.0295011 391.326
-72.0848 0.942136 1.4445 8.56694 65.8231 38.2564 41.082 24.6504 27.9518 3.18842 1.65766 10.7346 19.0783 9.3452 6.28381 5.85373 0.377147 1.56554 13.1886 16.4589 2.3205 120.402 125.724 50.8132 8.50171 4.88251 6.23189 31.8552 0.00758999 387.919
-72.5913 0.942136 1.58256 8.56694 63.1143 34.5088 41.932 32.3677 24.9945 5.39467 0.866543 8.81938 28.6087 9.89084 4.64328 3.71927 1.34614 6.9226 4.74756 17.675 3.73803 137.79 114.674 47.3487 3.88742 2.91901 18.9985 36.1247 0.00739268 390.385
-73.6875 0.966331 1.62989 7.72027 65.6048 43.4275 29.0352 21.3392 24.9034 5.60913 2.71281 4.10297 29.7227 17.0569 3.22884 0.96091 2.65003 2.76022 0.701484 13.3864 22.927 127.585 126.726 30.4238 0.561327 9.21474 30.1498 18.0951 0.0164396 391.008
-74.2078 1.02292 1.8059 7.31745 60.7303 45.6083 29.1476 27.2384 29.3266 4.76301 7.04046 12.1521 18.4115 10.6821 3.85567 0.0462326 4.88366 1.87202 7.66435 14.3521 17.1638 124.349 127.19 21.8613 3.21897 19.9695 26.8651 10.999 0.00299775 391.565
-74.0193 1.04005 1.4712 10.8762 67.7492 30.7211 30.2016 34.3087 22.784 14.7998 8.99551 9.91286 12.7444 5.32592 1.00955 0.704023 7.60002 0.952925 13.9066 27.6035 20.3271 138.817 65.3716 36.271 6.18602 29.3582 6.91462 43.1583 0.0487182 403.79
-72.9598 1.07507 1.23901 9.1669 76.3816 16.901 32.3925 34.4415 30.7615 10.7358 7.53508 9.92312 10.3376 10.453 4.07276 0.276201 0.304022 1.47241 16.8208 14.8354 15.4908 155.661 68.0046 53.7991 5.49478 24.8566 15.3522 21.7074 0.0114793 399.125
-73.0072 1.09332 1.23871 10.5607 76.3816 16.901 32.8671 34.4415 30.541 11.2326 5.51091 7.10029 13.6255 8.43656 13.1875 1.08742 4.53237 5.14193 8.5889 13.1762 5.9299 129.229 108.965 57.502 12.6467 18.078 28.0953 17.4871 0.0243853 400.706
-62.6312 0.19777 1.61512 8.79117 71.6781 20.8306 37.0169 33.5604 28.4669 17.1934 4.60481 9.97253 15.4267 6.72958 2.69237 2.24998 0.503194 4.00221 17.7466 5.53926 7.14715 134.984 103.256 58.2838 9.36588 3.29251 21.5915 18.7959 0.0200144 385.171
-62.6721 0.19777 1.75758 8.208 77.3593 18.6124 34.3144 26.9622 32.8077 25.9999 7.29242 2.60227 15.4267 5.79475 3.56856 9.34199 0.874954 2.06154 13.068 11.0703 4.50812 117.627 133.58 33.8032 14.0162 4.30738 8.56951 13.3022 0.024185 383.274
-62.0039 0.264621 1.59207 7.91959 82.7573 18.6124 27.9372 32.4082 40.9901 26.1963 4.1473 3.77494 8.28637 5.68233 0.0584213 1.90732 0.13597 2.16876 8.98923 7.7189 24.0417 113.991 133.58 43.2287 10.1677 9.84714 8.25124 58.7616 0.0200087 391.335
-62.9286 0.276454 1.67157 7.58607 77.8358 22.3519 21.8719 30.2242 40.9901 26.656 5.81973 5.5773 13.3072 10.3947 3.64035 2.59189 0.428601 4.91636 6.10752 4.62306 25.6799 103.579 126.97 54.4677 20.5606 1.18215 0.239332 15.2284 0.00281126 389.575
-76.133 1.13401 1.64544 7.32331 75.5619 20.0122 22.1681 43.6595 24.9659 20.3592 5.09389 23.9364 4.00347 7.33436 3.08147 0.537105 0.447804 8.13675 3.41135 2.2906 36.9455 92.9983 174.179 1.99068 9.86706 5.16538 16.0565 7.80494 0.00132841 388.135
-76.133 1.13401 1.83176 6.96195 75.0574 29.2981 15.5782 50.587 22.0469 18.3534 5.95979 19.1771 4.78146 5.20364 1.89073 8.14472 0.34386 3.80787 6.78085 2.2906 30.2859 92.4163 176.606 1.99068 1.38131 26.6114 7.95964 47.3584 0.0203807 392.782
-76.379 1.17262 1.67308 9.74876 63.5972 36.9749 18.8715 39.4904 24.5658 16.4685 6.77648 10.3288 23.9469 2.94557 2.85537 5.44485 0.309124 5.36463 12.0193 7.04991 9.46724 102.093 176.606 4.06538 8.00655 4.30413 18.2062 72.9692 0.0229637 392.158
-74.2695 1.0245 1.43307 10.6665 68.9935 45.4615 16.6516 27.8468 28.5373 19.3148 12.2026 3.54258 13.4015 5.22557 4.63012 3.66119 0.381951 15.8682 7.416 1.0009 3.27141 112.269 160.707 28.2548 8.72872 26.4404 7.93353 31.2982 0.0105661 401.437
-73.6805 1.04024 1.43627 10.7826 64.7192 29.1181 28.8136 28.3138 38.3277 8.94601 19.5526 2.066 17.992 10.0263 6.82783 8.24588 1.68899 5.3621 8.05141 9.4685 3.05275 112.086 159.157 9.4763 14.1112 10.4104 7.77806 2.46785 0.0102546 387.191
-73.6347 1.01256 1.51661 10.3394 66.1731 29.6371 36.4847 24.7168 38.3277 8.57966 20.1083 3.92433 8.29789 9.36471 8.47575 7.69844 1.65991 8.12563 8.97399 0.804272 2.96477 119.328 155.515 9.4763 1.42966 14.7643 9.59565 30.6517 0.00299512 388.098
-74.0061 1.01256 1.64763 9.77286 65.73 29.6371 21.8084 35.3739 47.0266 14.2384 15.6073 1.61951 0.903423 14.8566 1.88558 3.31952 1.63148 9.14488 6.01634 10.2338 10.0422 119.257 141.975 20.177 4.44236 28.5411 5.88034 11.7215 0.0239765 386.18
-74.5407 1.01256 1.66327 9.83888 65.73 31.5686 11.0592 43.6416 39.7935 12.5975 31.9226 3.73006 1.05437 12.555 3.35619 5.56374 1.64524 4.27913 4.33979 4.88375 9.57449 122.922 133.376 36.6331 3.74353 29.272 4.47625 6.8881 0.0393781 390.264
-73.4975 1.04701 1.61053 7.89691 77.6604 31.278 11.1044 43.6416 38.5708 3.33011 31.3077 3.44686 1.05437 6.6142 2.16437 1.20715 1.49398 11.0083 4.86892 10.9264 9.59886 118.581 151.356 18.5937 3.87729 19.7699 10.9751 18.3832 0.0196169 388.247
-74.1737 0.976368 1.72706 9.38435 70.8126 31.278 15.0208 47.0152 28.9638 3.62248 28.4077 5.22543 9.76895 2.07314 2.31723 1.37305 1.81067 12.0783 7.76562 11.9301 12.0511 112.975 159.264 8.26757 4.91315 22.523 6.49787 15.6459 0.0176295 387.745
-73.5821 0.905836 1.68921 9.90005 70.8126 18.7633 9.54279 53.3372 35.9079 5.62094 16.9014 14.4675 11.6419 16.8651 1.08044 2.24683 2.17853 3.87753 13.7035 17.3444 3.83735 111.366 123.301 9.24444 33.003 20.572 14.389 10.9562 0.0201639 396.742
-71.2936 0.750368 1.81584 7.64265 82.6383 21.8055 5.14115 58.748 30.2191 0.0801382 0.817087 10.385 9.23275 17.7985 2.64755 6.02974 1.21425 2.04832 21.4682 22.3483 5.60903 115.247 147.025 18.1436 20.012 9.98603 9.4623 14.3105 0.0132535 397.583
-68.4801 0.620764 1.71964 8.28001 80.0249 30.8379 5.18145 57.8819 27.9429 1.3252 1.23098 10.3207 16.9011 7.56186 3.21898 4.25621 2.36422 2.58821 19.9038 9.52613 2.1371 122.26 157.501 6.31725 21.884 11.4439 10.7334 4.83791 0.0128276 389.122
-72.5124 0.942592 1.68169 7.67029 76.9089 22.3673 12.2745 58.1927 28.966 18.1258 4.18674 5.59115 21.3546 2.54588 7.25636 1.16422 3.5621 1.47034 14.7066 9.78721 23.3974 100.468 146.63 9.09253 21.6005 8.44799 20.2574 6.92573 0.0170344 391.225
-72.8299 0.942592 1.69273 7.93894 76.0374 22.3673 6.24268 62.1563 23.9747 8.55526 13.8835 6.4725 13.0192 4.27641 16.588 2.75298 4.26436 0.816883 0.946904 9.54217 25.4845 95.8228 165.827 7.86578 22.1881 18.0182 16.7896 17.3604 0.00684289 391.944
-72.8299 0.942592 1.64445 8.46923 76.0374 22.3673 6.69431 62.1563 23.9747 8.67342 13.0038 6.24747 21.7386 3.0722 6.69636 1.97318 1.28193 0.699317 8.60849 15.94 24.2402 98.0196 155.529 9.24631 35.4101 6.11502 19.9365 6.42952 0.0115501 388.633
-72.8299 1.00227 1.49942 8.58311 74.8444 22.3673 6.93411 50.93 33.4856 9.72114 13.0165 7.42865 22.2626 6.2134 8.08861 3.49739 2.3291 1.94515 8.46347 13.3617 22.9914 94.0191 155.142 8.49792 12.5982 5.56094 27.6706 2.9742 0.0741996 391.573
-68.9007 0.758297 1.40444 10.6093 74.8444 15.8388 5.69371 68.4012 25.0973 6.16191 28.5842 4.988 16.0745 2.51293 13.9077 9.25393 1.31262 1.78639 8.31544 14.748 24.9495 90.1917 148.732 3.11125 7.29776 13.2339 24.6228 15.5096 0.0449207 397.563
-68.0712 0.758297 1.23495 9.55317 74.8444 15.8388 11.3664 74.1404 25.0973 4.81736 24.3572 2.82803 7.52996 2.38296 5.66682 3.99198 1.30296 2.44098 4.57311 9.74307 36.7259 98.2871 141.043 38.9372 11.4922 9.86329 28.3309 4.90907 0.0179503 395.834
-68.3205 0.715096 1.45315 8.57545 74.7171 15.8388 16.8333 81.8807 7.56256 5.48772 12.4545 3.79662 14.645 7.7203 7.55847 3.47639 0.660031 0.796458 4.97446 13.369 26.7913 105.93 144.783 21.2704 8.63933 15.9151 10.8776 56.4461 0.0173068 386.718
-61.3903 0.15887 1.58063 8.33216 76.5506 14.8604 16.0709 81.0066 10.0663 4.04797 8.27025 4.61666 13.0286 5.74665 6.24504 6.23289 4.08439 2.96199 12.5066 8.75711 20.7297 104.367 140.926 43.1801 2.92183 3.06798 35.3901 7.03967 0.0205078 388.287
-61.0083 0.160803 1.62863 8.33216 76.5506 17.3764 16.8714 75.1031 10.0663 4.68101 12.0442 7.40181 19.1335 6.77597 1.10272 2.41863 6.98609 2.76913 18.8492 6.08874 19.8283 111.866 125.12 43.1801 13.5334 7.79915 9.44065 28.2222 0.0140173 384.97
-61.533 0.100764 1.87128 8.20724 74.1459 23.3283 16.8714 75.1031 13.1388 4.13484 5.9299 5.71831 17.0696 1.79402 6.73587 1.41545 2.90265 17.2516 17.6566 5.41147 10.9665 115.563 124.416 40.4572 10.4273 14.1551 16.0155 12.5565 0.00806304 393.025
-61.9585 0.151582 1.7227 6.98912 73.3623 23.3283 15.7516 75.1031 12.782 5.59405 6.50234 10.0891 16.719 6.09562 3.30972 1.69916 2.31503 8.91717 17.0898 5.02803 13.8491 108.839 153.046 12.3297 1.51214 15.3844 12.5332 8.36646 0.0178259 384.403
-62.0219 0.13112 1.71102 10.0939 65.57 31.4052 6.83829 75.1031 12.782 0.536706 7.97845 17.678 17.9333 8.78197 2.50891 1.53549 0.483236 11.5939 16.5521 3.25122 13.1311 110.56 157.718 8.24991 3.19651 25.1444 12.136 18.5441 0.00390996 385.589
-61.4146 0.184485 1.60332 9.9962 70.9055 36.0414 6.24216 71.9638 5.12771 1.03632 7.52992 11.5545 22.9442 11.4674 3.21404 1.50515 1.24532 8.25292 19.4516 0.789672 8.6326 113.856 150.469 13.3255 8.95127 2.08881 18.0763 17.724 0.0161159 387.5
-61.4146 0.199592 1.5383 9.20595 70.9055 36.0414 5.13943 79.085 0.956463 1.3075 9.57103 15.4994 19.4927 18.6742 0.585401 1.02905 5.81154 10.7461 7.21969 5.88333 6.93514 108.393 158.059 9.941 2.35827 22.827 19.9407 4.73585 0.0104485 392.679
-59.7439 0.129217 1.49246 9.97591 58.7588 38.7029 7.14565 82.6446 2.6871 1.86319 17.318 14.0107 20.3513 16.3186 6.42677 2.19396 1.44557 8.10818 1.62646 2.6736 3.40752 105.739 172.219 12.3059 5.83239 1.58638 17.5413 3.65432 0.0114962 392.125
-62.9343 0.310654 1.53659 8.66684 57.1326 43.9886 5.49771 82.6446 2.6871 0.700708 9.22635 23.948 9.31295 15.5767 2.63951 2.263 2.03973 4.03936 4.11086 3.26826 12.269 107.214 172.219 11.1255 15.3086 8.54664 9.39201 4.60087 0.00382005 384.638
-63.685 0.310654 1.65287 8.45105 54.4429 50.7318 6.45969 82.6446 0.859694 3.08399 4.69976 24.0034 7.84454 13.4579 2.63951 4.40858 3.57407 2.75425 2.66382 4.81457 10.7526 108.228 178.618 9.56656 1.36004 2.66023 15.9044 35.9567 0.00320506 387.019
-60.8954 0.112963 1.67152 9.83841 55.8846 45.9338 7.41165 82.6446 8.53361 6.4505 14.2782 14.4978 1.29203 9.90894 7.43473 6.50908 2.24293 2.16384 1.15368 5.39373 10.7526 117.265 162.748 14.924 5.21206 15.4519 15.8024 17.7139 0.0136648 389.196
-60.3487 0.063302 1.7226 10.3141 68.4069 42.778 13.5327 53.2527 8.53361 12.9122 4.39129 21.5207 6.23777 8.38231 4.58271 2.04747 3.92265 3.54963 9.77745 4.54536 19.3214 117.265 150.152 22.6831 0.633439 12.6087 4.6561 38.2917 0.0069987 389.602
-61.3882 0.128275 1.87044 7.93752 60.5482 40.3593 16.2999 48.7557 29.9287 15.584 4.93968 13.7644 8.41836 8.33128 3.54759 2.92973 3.40369 2.72207 19.7704 6.64584 13.2275 112.319 135.56 55.6471 20.0535 2.5223 12.5077 47.4397 0.0272425 401.59
-61.1333 0.078359 1.87886 7.62476 61.171 40.3593 13.7738 48.7557 23.1532 18.0085 8.83385 14.0541 6.44815 12.0781 8.80362 2.80735 0.385665 2.72207 11.3794 9.6897 12.1608 115.237 136.583 35.1891 11.2533 3.34267 12.1165 2.57743 0.013055 384.877
-62.5459 0.159351 1.82094 7.74484 61.171 52.4286 11.7797 48.2867 20.1799 21.6588 4.42658 4.95278 4.04169 15.6596 9.20918 4.55909 0.405406 2.78833 11.8524 7.37666 9.46503 134.612 117.078 38.8699 5.58071 9.85264 10.7167 10.1633 0.00860609 387.023
-62.0414 0.133498 1.72432 8.48974 61.171 52.4286 18.9365 40.544 16.7052 16.4362 6.11698 16.4492 2.41763 11.0041 6.17501 3.69088 0.405406 9.70066 8.12842 9.50933 9.59081 146.738 101.876 42.4775 8.37468 10.456 9.23889 7.10999 0.0223023 385.666
-62.4323 0.186635 1.7536 7.96384 57.7985 52.4286 16.0764 45.0413 12.9039 27.4977 1.92132 16.3584 0.916184 11.8443 7.40972 7.5721 2.82988 3.73902 4.47929 4.43265 7.7476 158.327 101.109 40.8551 13.8267 10.4958 21.1053 15.592 0.0171304 390.459
-62.3965 0.250307 1.73546 7.98639 58.0277 50.2454 11.1496 45.0413 28.6888 1.09056 2.1472 20.1875 4.73126 8.51404 9.89785 5.89687 4.22406 6.20244 7.37183 12.1263 6.83595 155.974 101.109 41.426 1.56719 11.3355 18.2177 22.1446 0.0132414 388.755
-62.4853 0.234865 1.564 8.823 55.2979 50.2454 11.0667 45.0633 26.2009 4.3052 2.04915 22.0168 0.742843 7.68845 16.9046 6.08025 2.96166 5.92648 5.6097 9.76174 8.28698 155.974 103.775 38.2588 17.9219 14.508 5.08428 17.2537 0.014373 390.412
-63.1475 0.238713 1.59713 8.64149 59.3797 47.8026 10.0964 44.1085 32.8565 16.721 2.13276 9.27768 8.88963 3.29398 0.987505 11.1412 2.268 4.45789 22.2769 6.93352 16.8267 133.505 95.128 57.7147 14.5403 16.6074 2.06483 5.18582 0.0387371 393.732
-62.3333 0.29426 1.59537 7.89058 61.9005 52.4831 19.8675 35.0138 30.1516 11.3157 1.61881 10.0532 5.2338 3.42873 0.612304 8.39972 2.61522 13.6599 18.7475 7.31819 8.80024 132.006 106.718 57.2081 5.87337 7.29058 1.79578 24.9329 0.0417232 390.548
-60.6795 0.211094 1.47943 7.77625 65.1558 53.392 23.4668 34.1704 26.265 18.026 1.83035 0.554463 4.79046 3.11088 2.82478 4.21622 1.62018 9.54009 20.0274 3.42555 26.4473 122.157 104.573 68.9278 11.0899 5.41284 2.40609 4.45565 0.0284641 396.369
-61.3562 0.257403 1.52289 8.16339 55.537 49.1697 20.7901 36.3911 28.5882 21.6142 13.906 5.29849 2.37768 2.83154 5.67913 5.18704 3.76908 8.08532 11.4582 3.42555 21.1493 120.574 102.924 72.0636 7.56343 8.55417 17.6939 13.1009 0.114838 393.918
-62.6213 0.197544 1.64558 8.70187 57.5944 50.9986 21.8755 36.2102 28.5644 19.0457 6.32309 1.38205 14.3607 3.25191 4.52353 4.37155 1.98387 9.25492 10.4176 10.3993 15.4163 132.425 99.2765 63.9631 7.61653 4.02164 10.3003 6.99892 0.0121005 382.719
-62.5819 0.188685 1.61463 8.59947 62.2506 50.8324 18.2041 34.1189 30.4412 14.7758 16.2884 4.6947 10.9181 4.74117 5.34882 3.10518 1.91456 5.31927 7.27391 7.03491 16.3194 139.959 96.9545 64.1454 2.69507 3.97585 3.65932 3.8912 0.0231414 386.774
-60.254 0.0430613 1.5741 8.65306 65.8254 50.3809 21.7974 45.4925 7.19985 14.3232 7.35031 13.3795 15.9673 6.11348 3.81237 8.33289 2.87492 2.49442 11.2276 6.21169 10.5894 127.601 106.604 71.8677 7.10715 4.06 3.89548 25.4841 0.01936 391.493
-59.9687 0.0696509 1.60066 7.70804 59.2768 50.6147 23.8173 52.8567 15.0978 26.2184 3.41072 2.53209 10.5292 10.4901 5.13614 2.16451 3.94369 1.38496 6.24197 13.5708 2.70229 143.138 115.585 40.0917 3.4656 3.86577 12.9397 1.88487 0.0113518 388.147
-59.9165 0.044692 1.65576 7.73741 53.9503 48.232 28.943 35.9857 15.0536 9.48624 6.8386 15.3269 19.3223 9.97493 5.75928 0.820796 3.68288 2.43971 19.5494 9.32116 8.69826 131.977 114.91 33.497 18.6096 4.41929 15.2887 18.396 0.00757791 392.483
-59.7922 0.0565866 1.59975 8.01609 57.2687 54.2681 32.0941 33.6262 13.6527 9.05361 5.85314 9.57653 16.8067 16.4548 3.73852 0.736428 0.572378 3.12775 12.4501 11.2183 19.4684 135.37 107.328 33.7746 9.04233 8.10141 3.98793 4.78699 0.00387017 384.13
-59.6004 0.0199152 1.59528 7.89013 56.3905 58.0122 41.338 22.1067 14.279 8.91575 22.9905 2.80318 24.0502 8.06708 7.64431 0.979771 0.414107 0.957896 14.6477 2.87539 6.00056 147.774 96.2668 26.1595 31.9722 8.35116 3.0888 1.58942 0.00365918 392.996
-61.2611 0.0538265 1.83993 8.09892 56.2964 46.8825 38.6276 33.3968 13.7149 11.7343 14.3249 11.8164 24.1045 3.17052 4.6871 0.697445 0.433759 1.19806 6.7827 6.12001 2.79486 148.83 121.464 32.5327 12.1065 2.26931 0.546859 26.2324 0.00252292 388.624
-62.3275 0.184305 1.67769 8.12663 64.4909 39.6603 35.2054 35.863 17.4847 12.9341 21.6685 12.8565 17.8862 1.86378 1.05009 3.11213 0.561424 1.64531 8.57062 5.17476 6.28104 142.503 121.563 29.1769 12.0415 4.93228 15.7593 16.6896 0.0327664 387.685
-60.2183 0.147038 1.50001 8.00136 61.7096 40.3045 22.5994 41.5496 30.7535 14.4671 32.9181 5.15566 6.13219 0.775694 4.75227 0.757065 0.544981 0.694302 10.8193 12.64 4.19942 132.476 131.885 13.314 12.1488 4.29307 12.2418 7.9634 0.0167967 388.348
-60.2472 0.0927073 1.62468 8.43003 68.5961 43.7544 8.10809 45.3825 24.1543 15.0478 30.8535 5.06863 4.67302 2.35609 3.07572 2.41072 0.544172 5.92231 15.137 10.8223 10.9245 105.104 156.222 24.4395 55.1508 14.1255 5.90263 14.1275 0.0186594 397.918
-60.7285 0.0927073 1.69195 8.15116 59.7448 45.2957 22.9207 46.9744 14.9841 8.20001 27.4482 12.5212 6.33304 6.31161 3.52074 1.9623 0.532982 23.6134 22.6183 6.71995 12.367 94.6534 152.477 6.58761 28.0202 0.655895 8.93243 24.7134 0.00384804 390.098
-60.7255 0.0927073 1.6836 8.04018 62.1371 38.913 23.895 41.2196 17.894 3.66707 29.8543 8.76873 5.23348 16.8973 0.753196 1.62431 0.603615 12.8584 31.8634 25.9875 16.8298 67.6244 146.028 12.8605 34.2065 3.47181 9.25318 41.0325 0.00343822 394.384
-72.8151 0.923852 1.51902 9.04526 56.6297 50.6268 35.7947 51.3184 6.22682 2.42697 2.83269 11.8288 11.2143 24.6133 0.443392 4.1548 0.933528 32.6501 16.1944 30.9874 12.5867 58.9849 131.106 41.6906 25.2717 1.92376 16.6768 9.58523 0.00479708 400.847
-73.4352 1.074 1.37908 9.07326 63.4285 40.7338 31.9814 41.2705 12.2647 6.76369 30.6837 11.8606 7.26823 12.1869 4.44676 6.19943 4.80771 22.6508 12.2664 43.2076 1.57141 51.7345 140.616 28.9054 6.34426 4.6047 25.9899 7.13385 0.00834168 397.659
-72.9679 1.074 1.41691 10.5753 61.9883 38.6443 26.3389 47.1252 12.1264 2.68541 29.9823 2.76816 6.2715 20.0037 11.292 5.66909 3.61319 18.8859 11.262 39.4657 7.21406 39.3165 186.569 0.429117 1.88513 13.6784 35.122 17.4023 0.0153064 405.263
-73.9901 1.074 1.53434 10.6551 57.6052 38.3641 27.6414 47.4466 18.0033 9.26732 27.7459 6.29454 3.29655 9.50413 13.1687 7.80719 3.98626 15.5145 12.9848 40.1114 12.1078 42.0002 171.743 2.98591 4.40133 15.3101 10.9746 36.1691 0.012899 401.54
-73.5263 1.01413 1.54918 8.71357 58.4779 42.2408 22.0906 45.5753 29.5163 8.05265 20.7603 6.41404 5.61661 6.94176 5.60978 4.91534 19.4187 30.3329 21.9084 37.4183 4.36733 25.8899 173.672 3.26807 5.32183 19.9962 2.82327 12.9399 0.0149026 399.51
-72.7711 1.01413 1.44642 11.9349 63.1342 40.2229 20.2864 44.2615 19.4807 13.7047 29.9626 9.29143 7.03459 8.57432 0.473585 4.28716 15.8365 30.3329 34.1409 25.4981 5.08344 22.2513 167.553 6.79018 4.51193 12.688 9.97367 6.71128 0.0179989 405.563
-74.2601 1.01413 1.70036 8.75319 64.6272 43.7931 24.4488 56.8353 5.84745 1.68477 24.4142 13.6231 10.8825 9.2504 15.4792 2.43571 3.6424 23.1136 23.9795 21.7655 21.6739 25.6955 162.217 13.1344 9.49878 3.33285 11.627 31.3983 0.0311475 403.755
-61.4163 0.121752 1.7788 8.11783 57.0786 50.5078 11.6402 62.4515 4.93899 11.2579 22.1993 3.99699 1.54178 8.57601 1.30114 7.86673 6.31927 21.8967 26.0997 20.1619 41.26 25.8593 183.167 1.09352 10.6774 5.2651 60.4749 22.8956 0.0117844 402.686
-61.1262 0.0958976 1.71292 7.3018 58.3264 51.36 5.95735 75.3794 0.919999 4.24311 32.0748 2.06806 4.24743 7.40664 0.88391 8.43467 1.58976 16.5152 31.5558 26.3523 37.6162 22.9409 178.651 14.0965 3.7401 4.87494 10.9855 11.0014 0.0126274 398.391
-60.4602 0.0958976 1.692 7.25081 54.7468 45.7184 10.784 78.1165 4.60583 11.7255 34.6878 5.60313 5.70411 6.82878 8.56456 15.6216 2.8445 12.5126 30.4389 27.6783 17.9477 21.2071 165.062 13.925 37.7917 3.56554 10.4215 39.8612 0.0406873 409.303
-61.8314 0.11836 1.73906 7.9288 58.8743 49.936 8.17103 72.2775 1.60801 12.0209 38.8439 9.8569 7.07722 0.542434 5.11754 11.936 2.07575 0.894308 24.1741 41.0386 23.1983 24.3701 166.857 17.438 8.93071 7.3773 3.69055 2.19452 0.00308416 398.728
-62.0183 0.090337 1.93254 6.19985 58.6521 44.9622 21.3575 60.7827 1.10468 8.99745 37.9611 9.74684 3.00711 0.542434 11.8101 23.0659 5.33728 2.31685 42.1123 27.3971 13.5734 19.2048 169.481 12.9766 1.36644 4.59489 14.6242 10.1953 0.009981 410.987
-60.6333 0.101878 1.5056 9.04327 74.6378 22.5804 13.4744 70.7873 8.13242 5.00204 19.1488 34.4301 2.2251 2.1154 13.0654 23.1469 5.28402 3.5383 39.8576 27.3971 4.93051 27.8897 155.66 20.8051 11.0799 5.39955 25.2424 5.81974 0.0292665 403.537
-60.8778 0.108539 1.73272 8.18061 75.6155 17.139 13.884 67.5218 15.993 2.66075 2.6807 33.4062 14.4986 1.2378 10.7719 11.3434 4.08216 1.57995 39.8576 31.6831 18.9067 32.4848 172.299 5.8063 13.2079 5.03261 9.07916 13.0727 0.00854312 397.458
-61.1484 0.150896 1.60362 7.71839 72.6949 16.4701 13.6773 78.1821 16.8123 4.62065 9.90353 27.3993 12.1432 4.26669 5.52602 4.44843 4.9117 13.7065 39.8576 22.8661 20.1994 32.4848 162.778 13.4166 7.84724 14.7158 14.1738 22.9154 0.0344551 396.379
-61.0133 0.10256 1.75701 8.11078 72.6949 18.5442 10.8982 77.8135 11.5804 11.5235 9.03898 25.5351 7.70315 11.3925 3.39725 1.46038 0.781242 15.6836 32.3661 35.1431 21.8356 32.4848 164.985 14.8274 9.45552 1.6715 10.6006 39.5438 0.0257564 395.554
-61.7229 0.209989 1.59227 8.27238 71.6505 24.8461 8.35522 80.1058 14.3088 10.8535 4.6349 17.2341 15.6163 9.32342 2.98585 1.26458 0.737969 9.36855 33.0818 25.7603 39.8326 32.4848 161.842 12.1376 15.9744 13.8428 19.9801 15.2784 0.0166597 395.191
-61.403 0.209989 1.64516 8.27946 73.8103 18.9622 8.48142 80.1058 15.0791 13.4215 6.6907 14.4692 13.5431 1.15792 3.05416 1.72669 2.42838 3.35196 18.3402 45.9433 50.2868 32.4848 154.567 11.5739 13.3217 1.05374 32.2745 9.25579 0.00255158 391.749
-60.7626 0.12249 1.64516 8.51292 73.8103 15.1334 16.481 80.1058 8.0426 14.5492 6.76955 4.12233 10.7017 15.2632 5.91981 1.33828 3.19407 2.66034 39.6005 27.9574 54.5097 32.4848 154.567 8.98545 18.6675 5.50895 1.93959 1.44168 0.0466667 395.879
-61.5337 0.17351 1.56194 10.3259 74.3952 10.8759 11.1207 82.1874 9.26678 9.44965 7.06862 5.2277 8.18012 18.7288 0.793554 4.05299 2.30172 6.3053 38.2557 22.2475 64.129 27.8753 147.811 22.9379 21.1256 18.3677 3.3274 6.29262 0.0452802 398.322
-61.2217 0.160385 1.58921 10.5877 78.0847 12.6391 21.3602 82.876 13.6616 10.3648 6.98685 5.2277 8.18012 15.8689 6.13982 8.22653 1.79908 10.5806 21.6463 20.8406 60.7611 27.8753 135.032 23.3596 21.1857 5.0506 0.490354 43.6551 0.00253226 402.588
-60.5226 0.237186 1.4713 7.5669 81.6579 10.8732 2.06315 82.876 13.7313 15.5038 7.89872 3.7828 10.7457 9.0575 5.7045 5.98153 1.19736 28.6975 19.7692 15.7176 65.2969 27.8753 147.635 23.6134 12.0759 4.99435 5.9371 11.7313 0.0063651 400.816
-60.2056 0.0514514 1.67762 8.14482 81.6579 10.8732 1.70517 82.876 11.497 12.8443 12.2528 4.68606 28.2608 8.3101 3.15941 4.67002 0.792415 24.5367 16.0678 7.62378 68.2024 28.3004 129.941 34.2081 22.7944 3.48437 7.68295 7.87114 0.0067521 397.803
-59.8542 0.0447194 1.80903 7.23499 78.2225 13.4894 3.31609 80.7336 11.0547 15.2435 13.5373 3.10762 21.2858 1.24429 4.03162 0.466118 0.405644 36.6342 5.84497 15.5176 73.2842 35.2709 131.973 33.2175 15.4221 4.56154 9.7217 34.0914 0.000765849 399.317
-59.912 0.0472229 1.71339 8.07494 78.2225 13.4894 7.24226 80.7336 14.6139 15.2435 4.04937 10.5736 24.0138 1.48267 1.30911 1.3872 1.42944 26.1959 2.99453 26.1922 73.2842 35.2709 121.937 44.167 13.4551 17.2906 7.47484 12.7243 0.00290763 394.495
-59.6712 0.0434783 1.69104 7.24539 77.385 13.1683 15.9611 80.7336 9.43586 19.8771 5.20953 12.2816 8.44995 3.59398 1.4295 3.43518 6.5171 24.1199 9.56255 15.8934 73.2842 37.0618 118.857 48.0518 14.5961 1.81292 2.37703 8.72709 0.00234482 393.874
-60.1245 0.0469672 1.68814 7.42839 80.7102 13.1683 15.9611 71.242 2.20352 12.622 11.4942 20.1598 2.08053 5.48381 6.27113 5.22801 4.53031 12.744 7.24828 11.4643 30.6154 107.296 107.615 65.0225 0.797181 4.88248 21.0464 14.2233 0.0110456 394.201
-60.5441 0.0548963 1.74181 8.1226 77.683 17.4858 21.082 71.242 3.05415 12.8037 2.96376 30.8305 3.36917 16.1454 2.91881 3.76416 5.42715 2.3304 3.28189 4.69774 28.3568 115.021 107.615 58.1017 3.77815 7.42067 3.18649 4.99891 0.0113115 385.488
-60.1415 0.0563681 1.77192 7.56363 79.0192 15.4944 15.9758 70.1925 9.0466 14.0093 8.78629 32.443 1.78039 0.33254 2.0927 5.26985 7.07063 9.54576 19.781 3.88681 22.9121 121.844 99.3421 44.7074 17.5369 9.84294 3.74532 5.78867 0.00209661 392.537
-59.7808 0.0334808 1.72258 8.23992 79.2794 16.5178 15.9758 70.1925 16.0566 7.38628 9.61046 17.9148 1.05467 4.1504 2.00475 3.2512 3.54368 9.6794 24.5569 3.91108 7.76921 112.907 141.39 43.9939 11.3874 12.7082 5.22739 30.927 0.00418678 386.614
-59.7808 0.090831 1.50192 8.85941 74.8828 16.5178 17.571 70.1925 5.94499 3.83681 10.1923 39.1666 0.437376 5.71013 1.50051 0.945475 0.471595 8.07174 35.2328 4.8866 6.9733 107.417 135.003 33.756 27.9736 3.00353 4.41786 1.87074 0.0230194 391.931
-59.7808 0.0692644 1.70986 8.9485 74.8828 16.5178 17.571 70.1925 4.10919 3.83681 1.20137 42.3066 2.67031 4.80397 2.45705 0.333149 8.13651 5.23304 35.2328 3.4889 6.74374 108.034 140.652 38.0583 4.99045 12.7773 6.60993 5.47504 0.00337379 392.74
-60.4223 0.131323 1.59932 10.4605 74.8828 16.5178 36.2806 70.1925 0.464478 2.94147 1.45805 26.0251 2.38461 5.14313 2.09741 0.74074 6.02893 8.61188 27.1535 4.01515 9.16993 117.799 137.997 32.5311 2.64244 13.744 6.86976 50.2334 0.0154781 393.627
-66.0711 0.469115 1.61854 10.4605 74.8828 16.5178 39.3371 46.758 13.0222 8.92619 3.70826 33.8058 1.05703 5.64981 0.712959 1.98837 1.07896 5.10614 27.1535 1.25395 2.65165 124.603 140.115 35.5536 1.92099 8.24414 0.451101 35.5627 0.00384351 388.488
-66.247 0.469115 1.69352 10.9373 72.4116 16.5178 32.8118 54.7508 8.18666 23.7544 3.7779 21.8837 1.4557 7.41331 1.3333 0.446625 0.55768 7.15941 29.5658 2.1933 1.82129 120.803 138.044 36.1318 7.95727 8.33551 4.36417 20.1769 0.00376435 388.748
-65.6932 0.545341 1.45196 10.6328 73.4282 11.1072 37.585 59.6523 8.57655 7.08716 7.63085 15.2955 12.2768 10.5211 3.20656 1.2196 4.09634 5.54552 23.6206 0.13143 7.78675 118.938 126.294 43.5987 17.5626 8.03642 1.91881 21.2412 0.00573825 389.529
-66.0548 0.475307 1.56439 12.9341 78.3595 11.1072 32.0227 67.8158 6.95636 13.1517 7.91811 12.2537 8.37703 1.5131 0.199021 1.60653 2.98577 5.2034 30.6953 1.17098 7.12509 117.825 131.496 41.8134 10.5025 10.0093 0.759306 31.2492 0.0064262 393.568
-65.0451 0.406708 1.55457 9.96446 78.3595 11.1072 32.1087 66.0316 2.70123 31.5586 9.73396 4.93472 5.11717 1.00223 0.337238 1.12167 0.55425 6.7411 29.8802 2.70345 18.1178 120.199 137.684 14.7946 1.90503 10.4924 11.4129 18.4672 0.0213797 389.491
-68.538 0.631785 1.59978 11.156 78.3595 2.71303 34.85 59.5139 11.443 3.701 13.4228 21.9718 13.8154 7.11765 0.913655 1.23412 0.452031 3.8014 18.6454 6.19674 5.29655 131.598 130.89 29.447 11.0412 9.86692 6.18782 12.2348 0.037739 388.838
-68.5579 0.660491 1.58153 9.82199 87.8022 2.71303 25.4898 49.3645 24.1498 8.78099 14.2354 10.0853 7.8097 3.46167 6.05749 0.942903 4.78522 11.5612 13.7616 10.1603 5.29655 121.035 135.046 31.3047 7.69536 10.9663 8.78074 24.1382 0.0228692 389.138
-68.5579 0.595013 1.6404 9.87563 81.4758 9.16084 25.4898 54.6738 25.2942 10.111 5.49012 15.8588 9.9143 0.595295 2.85175 1.76133 5.81082 13.3075 18.407 1.63556 3.72981 123.627 137.188 40.6826 0.393384 13.5271 1.01049 24.3267 0.00272956 388.637
-69.0897 0.595013 1.74016 9.35673 81.2095 9.16084 24.7961 49.8303 22.3315 9.52599 9.00073 10.3564 21.2023 2.50478 3.84939 5.157 0.993435 13.2407 18.2549 5.35204 6.13076 123.16 137.096 16.6684 10.9738 13.2953 25.4892 22.3036 0.00442178 390.93
-69.0897 0.568686 1.88473 7.66571 80.5757 10.5677 18.7304 69.9121 19.013 10.399 6.34765 5.85902 17.1156 2.37417 0.9284 10.2218 0.672984 12.6525 5.62794 13.2449 8.61801 132.488 137.294 7.11069 22.0069 5.85055 9.80908 15.4541 0.00878054 386.085
-69.7112 0.601796 1.88887 7.09798 75.225 13.6012 20.7656 71.2039 12.9965 7.9983 4.72021 11.1137 7.56312 16.3494 3.9095 6.67874 8.24398 12.5865 2.44526 9.47284 6.84982 135.132 133.496 8.60757 26.0737 7.74475 6.96439 6.13476 0.0387232 392.003
-69.2041 0.699786 1.69479 7.74145 75.8241 13.2368 25.2502 70.5976 7.7606 9.9508 4.6807 12.3337 1.35534 11.8345 3.22777 4.49168 13.1507 13.0153 5.60315 14.0346 3.56205 134.54 136.077 16.0433 19.9642 3.57806 3.02368 23.3834 0.0192103 388.378
-69.2041 0.656695 1.67888 8.31913 75.8241 13.2567 31.5493 65.3607 9.10319 7.89073 4.6807 6.2693 4.50395 19.4064 5.99625 1.32681 5.62093 17.4475 8.4506 6.35595 9.87028 134.685 119.767 17.8165 7.93213 1.66742 5.53017 35.3509 0.0166029 391.146
-69.7882 0.764276 1.58641 8.61731 85.1761 14.7034 23.2534 63.525 4.93434 27.0175 3.13484 4.96134 4.52036 7.97669 11.8863 1.54625 1.72562 15.2158 4.8431 1.19223 10.0401 131.108 124.284 32.3849 21.0614 5.8661 14.4161 35.6357 0.0280014 392.387
-70.164 0.745063 1.58973 8.47672 85.1761 9.67697 23.2534 62.4114 11.0317 18.4957 10.901 11.0446 11.331 0.657043 5.12388 5.36745 3.68411 12.7867 10.9729 1.41769 11.833 131.219 128.413 18.0488 15.9096 20.3591 14.9205 29.4675 0.0170858 390.205
-70.164 0.78794 1.64942 7.67273 80.4872 9.53409 14.5515 80.1303 11.3407 19.9572 6.54938 7.38351 11.1364 0.657043 4.37821 4.91945 6.64585 13.7615 8.83319 2.61192 13.2758 107.201 147.425 20.4435 4.85261 7.91847 15.3643 12.8443 0.0241767 387.616
-70.164 0.78794 1.66353 8.24074 79.5613 10.5859 18.5845 72.274 12.9107 20.7039 3.6509 3.12897 15.6772 3.9959 5.36858 2.8153 3.06263 1.25186 7.8719 18.5171 16.8023 101.188 164.293 24.9839 2.06014 2.91895 14.9809 12.5841 0.0459125 385.678
-69.5568 0.750654 1.59533 7.96449 74.7239 15.1768 24.2965 76.2813 7.1838 20.271 14.1502 7.37378 4.70526 3.78585 5.25136 3.70246 5.15739 3.81906 5.10463 9.13997 24.896 93.5209 159.507 10.3216 7.13314 13.5299 17.4621 14.767 0.0322737 387.027
-69.8583 0.712482 1.76513 7.58342 80.8104 7.81593 18.0712 76.2813 4.80209 23.3473 11.5098 2.32129 3.63264 15.3292 0.868928 3.39526 5.48737 9.50356 9.65068 8.83378 9.97992 104.007 173.757 5.21879 7.54032 6.14904 21.0753 22.7744 0.0694764 389.069
-69.5594 0.691551 1.63472 8.49673 79.4722 10.9747 7.04062 84.2244 13.0387 27.0053 4.12146 3.01788 5.77119 12.9901 3.1862 2.01627 4.53509 4.96703 10.5924 5.42204 12.9172 90.1081 185.353 11.4367 9.74799 6.70133 11.0392 11.5199 0.0471708 385.87
-68.2513 0.691551 1.48996 8.47296 82.777 7.46558 4.16493 74.0717 28.7428 12.7286 3.81361 5.4828 7.31102 10.1588 0.249026 4.00462 2.63865 3.7044 19.8839 9.96654 22.4196 94.2858 170.95 15.0569 3.32755 11.0045 12.5479 51.4463 0.0301837 391.701
-68.2513 0.691551 1.46533 8.86902 88.4807 10.176 15.3791 64.6493 12.757 9.05171 8.97001 11.482 16.7872 10.6133 1.93495 1.34767 0.209927 2.75712 22.0435 1.32214 19.4009 102.982 154.933 32.9417 10.0265 22.7027 4.9039 45.0852 0.00968199 394.338
-67.8506 0.726484 1.32212 9.05715 67.0225 32.9013 13.6943 63.9567 12.0531 3.30337 2.92914 11.4442 10.6307 10.1638 2.10162 0.475688 1.74783 16.2633 19.7166 4.87068 23.4204 104.689 150.087 34.268 3.23812 3.69885 13.1437 12.4944 0.014239 394.784
-68.3561 0.622823 1.58281 10.1952 65.786 33.8995 9.2991 58.1267 22.8368 29.8001 6.00634 15.3885 7.92521 4.10994 2.2807 0.747095 0.871633 8.73227 7.42155 1.39437 21.7661 103.053 141.826 38.4872 9.30013 22.0388 7.2228 6.53178 0.0104669 387.375
-67.7821 0.644068 1.51005 10.7263 67.5573 33.8561 9.12241 55.0027 23.0462 27.1785 1.81479 23.9498 2.81304 3.13942 7.81961 1.31798 7.58371 11.9517 19.3271 4.35463 16.9337 92.9855 127.331 34.7683 3.12564 14.35 28.3163 29.8486 0.0239435 397.068
-67.5893 0.661205 1.61615 8.0697 73.7887 17.5737 9.23831 66.1926 21.1838 25.4603 9.53065 16.8899 1.49561 5.59161 7.94871 1.21544 4.0263 5.56926 27.7594 21.2392 2.77251 108.191 125.036 23.9423 6.0294 15.1046 10.0927 10.7967 0.0183401 390.515
-68.2722 0.680783 1.40407 9.11772 77.1487 18.9469 6.15037 64.9994 27.6348 18.0497 2.77189 3.04518 2.61928 7.15542 3.86443 5.61614 9.02328 8.05919 1.41302 16.5604 26.8703 121.211 131.026 19.85 16.3497 15.1624 29.2538 7.73246 0.00319343 394.715
-68.6263 0.673895 1.66209 7.80238 75.2948 16.189 10.9441 66.0345 19.3068 19.5345 6.70883 2.92398 1.5994 4.86396 1.71082 8.83415 7.45187 19.4271 0.542768 11.5495 11.8369 139.494 136.878 4.80405 18.9136 18.8855 1.17217 36.1089 0.00566261 393.524
-65.5246 0.462999 1.6249 7.57409 58.2842 44.9723 7.91721 63.5995 16.4884 27.8607 1.62744 7.80509 0.369273 14.3711 1.83561 5.72015 10.1183 5.20526 7.86569 16.1323 11.4734 118.1 147.21 1.6374 7.1928 32.7803 15.2444 53.8137 0.0201208 395.361
-66.2889 0.490319 1.65111 9.77116 58.2842 49.2977 8.27193 62.4482 18.4795 14.7114 1.24283 11.3338 6.89027 15.237 2.61447 3.74731 5.27256 2.75111 9.22517 11.8933 2.00001 132.682 150.243 2.08852 4.37377 18.0849 13.5261 28.2945 0.00293501 388.113
-65.3833 0.483567 1.55529 10.1022 60.5829 40.473 8.23894 57.339 16.0947 9.29513 1.8901 23.8728 8.37069 15.0664 1.18072 7.37514 1.8077 2.77617 16.5964 15.9148 2.96751 110.429 153.288 13.4668 8.63831 28.1099 7.50306 13.6471 0.00608649 387.037
-65.0823 0.453375 1.55136 8.08678 68.4383 31.4834 12.6131 64.1569 18.5745 16.5702 4.81555 3.87575 9.99555 6.90593 3.3522 11.9685 0.940711 1.63905 14.2382 13.1203 9.54843 115.288 160.799 7.43127 1.47932 14.234 19.9871 12.6487 0.0181863 386.348
-64.7036 0.414229 1.5051 8.78345 78.7821 26.4339 9.81163 64.1569 13.3432 19.9387 8.95963 5.24678 12.9725 7.13772 0.913361 3.61118 0.941533 1.69549 14.283 6.94298 17.1741 114.125 149.764 11.9487 2.44444 12.7864 31.2219 10.0151 0.0143729 382.834
-64.3718 0.329806 1.67129 7.97458 82.5401 23.2433 11.4658 60.2292 19.1697 21.4794 15.7697 4.84265 10.7063 0.72406 1.37497 2.08498 6.63374 3.56579 6.64347 11.0586 23.3495 114.591 138.768 4.52494 13.1408 11.7651 19.9276 5.36043 0.0617055 392.198
-64.2282 0.346711 1.73089 8.08239 74.4857 24.3341 12.3996 55.0929 26.5947 11.8609 4.6787 10.6505 13.4256 1.58408 3.91756 1.44893 8.0068 8.65172 11.7728 6.22936 7.59541 122.778 141.379 13.572 17.0843 13.5404 19.0199 21.1668 0.0219023 388.5
-63.4563 0.255977 1.73031 8.22835 75.6227 23.5007 16.0331 63.2521 15.4562 14.2306 6.18581 11.9449 17.0095 5.99381 8.50138 1.26169 2.1491 11.5127 11.0421 2.34952 6.59914 116.672 149.501 20.1317 6.34214 20.3605 21.2433 38.7051 0.0153485 387.091
-63.6851 0.239147 1.73409 8.2628 72.0756 20.471 14.9824 64.0188 19.5008 14.8646 5.14732 9.63144 17.0095 4.49574 9.1456 2.66162 2.63393 14.3354 16.3549 1.00039 5.68891 116.672 139.725 23.6482 12.3389 9.33287 2.60316 14.3676 0.0246449 386.05
-62.6018 0.254606 1.72436 7.77633 68.4529 31.0121 8.28937 64.1854 14.1923 11.2592 3.44246 14.1903 16.9563 16.3248 2.86138 3.57987 6.73828 6.13777 11.4085 10.883 8.02326 112.007 138.735 28.3855 9.2525 6.7037 19.7202 12.8073 0.0129755 386.378
-62.722 0.214786 1.70339 7.26514 69.405 29.633 11.7229 63.1856 12.392 11.5082 1.69091 11.436 18.621 13.6971 1.26205 1.07212 1.05086 6.13777 27.0973 4.35041 10.4787 112.007 152.852 15.0145 26.3414 16.0596 4.59907 9.50373 0.0235601 387.654
-62.3934 0.228936 1.58222 8.27143 58.011 46.5001 13.4965 62.7132 12.4433 3.83035 13.9136 13.6777 13.9505 6.58214 2.35317 9.71572 2.43151 6.11926 13.05 7.61114 6.40911 101.155 176.864 4.10821 30.9403 7.63352 16.5542 8.0317 0.0188489 387.161
-62.1751 0.262846 1.61641 8.27703 53.8651 53.3567 7.81634 62.3459 9.29526 11.7665 15.892 7.52785 19.2514 17.9136 3.9324 6.83956 2.89093 7.90309 7.96906 5.26351 6.58994 101.155 161.602 4.10821 23.0706 8.75904 5.46472 9.21467 0.0197906 386.885
-62.7365 0.250414 1.58347 8.71562 55.786 47.3155 10.8244 70.1446 13.9375 3.73219 10.1312 18.7328 10.0131 5.85246 1.07163 5.70885 2.88304 10.2846 7.9572 10.2894 6.38333 92.8861 183.67 9.18891 15.6493 21.6611 1.21415 18.2834 0.0189862 385.601
-62.7525 0.254484 1.58673 8.66113 65.654 35.5842 4.62167 70.1446 18.7793 8.58376 9.54819 9.93315 12.2046 4.75942 0.974786 6.90184 1.74367 12.9726 5.45819 8.78311 1.41944 107.6 178.78 8.7882 6.59115 6.25537 2.44237 2.71158 0.0091746 383.762
-62.8475 0.254484 1.60475 8.34219 69.478 33.7911 6.92287 58.849 26.0737 16.2997 6.31069 24.16 1.77064 7.96406 0.819737 6.82289 2.10077 1.29163 1.06156 7.73484 19.2573 116.15 146.814 27.2619 6.37829 10.513 11.1197 1.77601 0.0125815 384.785
-64.6478 0.365598 1.68709 7.97356 68.9826 34.2455 8.48737 62.8359 17.2915 13.3313 5.3822 10.8216 1.78091 13.8953 2.8387 6.5932 2.18554 3.49307 1.06156 13.2287 26.7836 107.066 141.157 43.4352 4.77491 2.43387 0.729288 18.9393 0.0131923 386.898
-62.4438 0.23066 1.65667 8.02785 70.0567 31.7749 17.187 57.7325 17.0165 9.11045 9.70222 8.22719 4.1223 6.93547 3.74538 10.9105 3.36187 1.04091 11.1416 11.6379 22.5997 116.703 132.964 34.6006 8.38252 12.2251 6.89259 17.0938 0.0659825 385.337
-63.1816 0.195649 1.62725 8.00113 67.5823 28.2691 15.3737 55.1127 25.6135 8.56904 10.0962 7.37353 3.5185 12.8467 3.76007 8.49464 3.59335 11.0611 10.8378 2.83945 26.4827 126.644 123.768 34.4361 15.3713 15.4292 9.5592 6.46208 0.0232176 395.733
-61.3148 0.167021 1.58129 8.15353 72.503 25.5681 29.8246 59.2111 10.1527 7.36945 9.65818 6.03502 2.82933 6.40034 4.12046 6.42039 3.66863 10.1112 9.68499 2.85936 23.5314 126.644 124.049 37.1668 7.72096 10.0984 12.9556 55.3654 0.0157767 386.569
-64.0236 0.325225 1.58548 8.10486 79.8088 5.17396 24.9638 55.0133 8.83059 8.28765 7.94709 29.9587 4.9827 1.04145 2.07245 6.51273 8.03133 19.0676 5.41918 7.56373 24.7725 118.329 112.103 41.7828 6.68947 13.6664 16.8416 1.70973 0.0243598 398.834
-61.9012 0.24486 1.57455 8.11841 75.8651 20.0388 22.1677 54.3278 11.0557 2.13198 5.96557 29.9587 4.9827 9.79553 5.67546 3.1734 2.14856 5.83942 9.49184 14.0255 17.3652 117.658 128.135 40.4134 11.9215 3.97298 19.9086 2.74391 0.0171196 386.527
-62.3299 0.24535 1.52123 9.92594 80.7284 17.2522 27.0246 42.0091 16.8117 7.02745 12.2793 19.9766 1.46437 8.43586 7.80376 5.8547 3.44182 4.37789 10.0035 6.59993 22.4187 127.393 126.88 28.4951 5.69639 10.6952 21.5085 31.2673 0.00630138 391.776
-62.5476 0.314025 1.44992 9.95981 75.3473 18.8334 34.4274 48.4617 17.3947 6.10946 11.5332 3.50649 7.13391 8.65519 2.41652 2.27495 6.92297 6.46972 8.60935 18.6854 17.9892 129.032 130.037 17.6172 11.7236 5.75258 22.8599 24.9183 0.059781 390.275
-61.7594 0.270117 1.45308 8.87909 84.0641 10.7787 29.335 42.6056 19.4618 4.56454 8.65607 7.69649 10.3061 12.5841 6.81662 1.9869 7.16794 5.16191 7.80132 18.5449 17.6871 132.269 119.701 34.5279 4.90017 7.89125 11.2408 17.3944 0.0375884 389.511
-60.8878 0.228669 1.41542 8.77022 79.8092 8.61668 27.9896 45.2397 28.9525 11.9336 2.26648 4.62614 19.7598 7.98786 2.57759 11.4071 9.39682 2.72329 7.98896 11.3126 11.0298 143.177 113.382 33.0677 4.94569 2.92501 12.6443 8.85806 0.0011603 391.937
-61.4307 0.214904 1.41437 9.11349 81.2907 8.61668 26.6205 45.2397 30.0976 10.3989 5.57866 25.3152 3.05195 1.21836 2.2754 4.92906 8.41995 10.027 6.48494 8.88137 13.4746 141.172 112.973 32.5881 6.51361 8.85754 20.3969 2.72331 0.00764503 386.631
-61.9775 0.189813 1.61393 8.44718 83.3969 5.86614 16.7571 62.7224 26.1269 10.8572 9.48652 18.326 1.69948 0.411169 1.58088 5.8953 11.1414 8.20955 10.8395 8.29899 10.2567 138.584 120.199 10.4028 13.6787 20.6009 14.4369 9.65528 0.0349058 390.24
-60.9895 0.152323 1.66094 7.76223 82.9495 1.29175 16.7571 49.7654 40.2948 11.2335 7.36305 21.6123 2.60119 9.79018 1.03968 1.28203 9.12791 5.34405 9.15136 11.2571 4.2931 146.616 126.088 11.9595 9.49635 16.9253 16.4253 7.30186 0.0190986 390.156
-60.0815 0.0670478 1.63085 9.81615 86.002 2.69528 16.7571 55.6565 27.4505 25.2352 4.54319 16.3431 2.18022 2.91892 3.93038 2.01492 2.44703 1.61079 6.20005 22.3102 12.9678 125.189 132.957 21.9511 19.9842 0.935191 12.3111 3.42286 0.0203838 387.311
-60.2677 0.0670478 1.72885 9.93773 85.1213 2.69528 11.633 46.4262 44.8933 29.9163 4.1161 12.5316 4.01681 1.12421 0.584174 0.986989 2.78721 9.0958 6.13119 23.2911 14.9256 124.295 119.673 30.5003 7.23536 5.16681 14.8749 5.07794 0.00482384 389.585
-59.9761 0.0620968 1.65145 9.90539 87.3492 6.57578 11.633 43.602 46.9571 23.291 6.71032 13.8766 6.54191 3.37144 0.829838 3.65837 2.25255 9.39278 2.50416 3.85625 8.28322 139.029 131.423 25.575 13.4765 14.3443 6.08924 20.5277 0.0127312 390.074
-60.4848 0.0804745 1.69107 9.9896 87.3492 6.57578 14.5975 34.1216 52.1371 6.65429 12.3946 2.67373 8.87068 19.0922 3.45928 4.29286 2.8298 2.88706 11.9871 8.43228 6.57675 139.029 117.662 37.2378 9.81648 9.4628 6.35867 17.686 0.0161169 388.21
-59.6358 0.020136 1.63807 9.96784 83.4675 2.45779 16.7923 32.1152 55.9273 10.49 3.79024 4.05198 12.5938 18.4449 1.61347 2.14624 6.71355 2.88706 8.55916 5.64286 13.6301 113.927 147.288 37.3659 4.30033 13.5682 13.8352 17.8465 0.0026262 388.215
-59.6358 0.020136 1.6632 9.98321 81.6846 2.45779 7.36672 42.7874 63.8013 1.79005 2.86381 18.0602 11.6392 18.2682 1.47206 4.62293 3.27631 2.69533 3.37172 13.7283 13.1557 139.923 107.745 45.3207 6.88309 9.61349 8.37518 6.82883 0.0113092 388.609
-59.6358 0.0516927 1.68061 10.3303 82.1342 3.2564 4.53602 46.2128 63.8013 0.52426 2.86381 16.4377 14.698 14.8371 6.17976 0.31594 0.927115 3.98164 4.83238 7.12747 22.9826 144.575 93.5585 45.4508 14.1733 8.21471 4.23533 11.1577 0.00937385 392.226
-59.6358 0.0277078 1.71611 10.307 79.2218 3.2564 22.3769 36.1229 47.378 9.82612 12.0787 4.82172 15.1204 14.3655 3.54457 2.81468 0.799044 7.40325 4.79575 8.1028 14.8962 130.977 118.354 42.0638 9.7771 3.615 5.27128 20.2624 0.00758831 387.522
-59.6358 0.0277078 1.64616 10.6417 90.4405 3.2564 51.1341 33.6134 47.378 5.73653 7.03281 3.479 0.86158 12.5271 2.05275 11.9604 3.80174 3.5534 6.05514 10.3776 3.34143 129.155 121.412 32.8349 19.4368 8.10802 7.87921 20.2406 0.00460275 404.893
-59.6358 0.10584 1.53203 8.72044 76.2301 17.442 24.6192 21.995 53.4377 2.87014 23.5815 3.479 5.56413 9.81394 4.79545 10.3279 9.24396 3.3682 10.5014 0.841159 3.34143 132.498 121.412 50.7653 17.5819 6.14023 17.2082 60.9415 0.0174186 394.398
-59.407 0.10584 1.53203 8.49342 68.1029 31.2044 34.9037 24.742 43.31 9.29786 6.17099 13.3079 5.21123 11.0564 2.75087 6.60098 11.5389 4.71374 4.91838 3.37789 10.4436 131.539 102.675 68.7062 18.077 6.79894 7.42136 32.028 0.015748 389.74
-63.1368 0.229287 1.69885 8.45845 64.7461 35.9191 42.2624 18.4624 36.5382 8.24725 15.3446 2.86246 5.21123 11.2863 0.983478 2.20679 13.5053 3.12535 14.5329 2.23939 13.0179 129.626 109.468 55.7794 2.4278 9.95297 20.2741 33.3617 0.00106206 386.306
-62.4105 0.237735 1.6054 7.91367 69.2482 38.2519 42.2624 17.4683 18.5294 17.2483 26.8426 7.01473 9.12553 4.72851 0.447646 4.20303 4.92064 11.3519 9.37243 3.50423 8.28264 129.626 110.51 54.2781 4.01596 5.03323 3.86637 60.2492 0.0154712 388.827
-61.6198 0.131988 1.62202 8.56341 64.6191 41.5603 44.2712 17.4683 23.1904 13.9104 32.1247 6.40787 3.36814 4.75943 2.19116 1.20973 4.91127 9.55165 11.7187 4.22929 4.76704 128.451 110.51 58.1604 1.98218 2.22662 20.0449 18.7222 0.0112033 385.211
-60.7788 0.104435 1.61373 8.30545 62.1122 39.3546 36.5175 20.439 30.9219 11.2055 26.347 7.2363 9.99194 1.36955 1.06935 5.07636 6.80464 6.94543 12.0083 1.29151 13.3163 128.451 107.067 58.1604 8.15325 7.4244 3.0777 46.9367 0.00839712 386.332
-61.7062 0.164034 1.59814 9.21076 60.6757 39.3546 40.1488 23.6074 40.7522 5.33828 6.08783 16.8427 13.4471 9.42505 1.35898 2.07985 2.94529 2.53529 9.44665 1.25257 17.1475 130.477 108.481 58.1604 7.3323 6.38148 10.8689 38.3855 0.0319737 390.081
-61.1698 0.15703 1.59703 8.56707 74.6824 37.9487 52.5596 25.0662 16.727 4.30318 8.66941 3.55309 7.23546 8.91259 1.28268 2.53927 2.39477 30.4961 7.34284 4.15282 8.37335 136.608 109.455 44.5984 5.32061 14.2206 3.77822 37.1411 0.0127138 391.639
-61.1698 0.15703 1.67 7.94796 77.7241 23.2968 51.4393 27.2726 13.4778 0.469315 7.03977 2.37326 7.66915 19.1961 4.82702 2.54966 1.41597 37.6435 3.78564 2.74653 9.97048 127.835 123.859 34.7227 5.59762 18.1055 27.3025 2.07203 0.0222732 392.471
-61.8358 0.181862 1.66278 8.19286 77.7241 23.2968 49.5332 29.9184 11.9563 1.3661 15.9729 5.27118 8.80978 15.2631 3.7866 0.337407 5.40195 23.563 4.35588 3.22342 11.0606 123.744 123.859 23.4741 4.97522 12.0908 11.6283 18.4985 0.0109022 390.438
-69.1112 0.603036 1.79837 7.23633 70.1809 30.1179 54.6302 29.6918 8.15982 4.29387 18.451 1.68002 4.50076 21.4074 2.002 1.58047 1.43828 12.1722 8.10897 1.06229 22.1167 133.889 116.125 35.1506 8.13906 8.28329 5.01621 9.12605 0.0128569 388.933
-69.6491 0.642081 1.76851 7.44611 68.4906 33.3128 61.2841 29.8278 4.03921 0.502341 16.6548 3.40783 4.13741 22.4251 3.27478 2.86433 0.394377 10.7108 8.05127 7.16952 10.7967 134.126 132.542 32.4202 5.54946 6.67943 2.12102 24.2467 0.0143637 388.776
-69.6733 0.564948 1.85235 8.98381 87.5317 10.8254 60.2359 22.5527 7.67685 0.694817 14.594 3.2159 3.81939 22.2555 1.02516 1.97249 8.65953 12.7342 1.40643 11.8815 7.66548 134.855 125.948 50.8578 6.19589 1.56291 4.399 17.0444 0.0158292 395.188
-70.0777 0.755733 1.54227 8.44488 81.7843 7.32363 74.035 23.5203 10.175 8.11538 13.5689 11.7729 7.54139 17.9324 3.49224 1.60262 10.0369 11.8703 1.75035 11.1476 8.62476 114.405 108.303 35.3846 8.27593 26.3886 11.5016 11.8305 0.0156633 393.406
-70.4062 0.805018 1.60984 8.32019 92.0778 7.32363 65.0981 17.2771 13.9984 23.8832 4.96337 0.337349 4.82184 8.17069 5.994 5.87848 3.72554 7.23779 10.6813 16.2264 14.0769 120.057 109.896 50.3999 19.1707 23.9136 1.84886 6.19411 0.00636634 394.262
-70.7153 0.755994 1.61404 8.76292 88.4245 7.32363 55.8548 30.8854 7.21149 27.6804 3.66398 1.84821 1.79261 10.4286 7.45417 9.29066 4.60489 0.879011 12.3858 3.9645 14.8029 119.532 136.434 38.9366 4.2675 23.6423 11.3103 19.5303 0.0271267 393.493
-70.3593 0.789268 1.42244 10.8822 80.3661 9.71147 54.0518 29.1662 17.991 21.0208 11.2802 4.37778 7.98801 17.1687 4.93396 10.5371 5.04651 5.47214 12.3034 3.08212 18.8062 101.883 135.498 16.7285 3.89629 23.525 17.5409 10.7988 0.0493292 398.025
-71.7438 0.845964 1.57776 10.747 63.1775 37.0997 33.1544 19.5609 17.4163 13.5653 6.10196 5.57438 15.6781 26.0164 17.2811 2.15022 2.49945 4.16423 12.7432 9.99805 13.9767 98.8745 156.632 25.3603 2.87077 19.2305 21.8247 9.9847 0.0550037 400.754
-68.5804 0.718962 1.50004 10.3469 63.1235 36.1456 40.764 25.0718 26.4619 6.113 3.39393 7.97132 18.1464 29.6533 3.02466 0.432478 0.627004 0.62092 3.79118 14.0024 9.72977 112.966 147.228 29.7467 9.12051 24.7871 5.49083 44.2345 0.054809 392.504
-70.6302 0.864663 1.54298 8.08485 64.914 36.1456 41.3029 19.0886 29.6069 5.91563 3.39393 11.1058 22.6103 23.2214 5.27585 1.14257 2.68792 3.385 1.15832 12.7975 8.69952 116.663 134.12 25.4642 17.7442 11.5971 2.04603 39.0224 0.0169239 390.725
-71.0593 0.864815 1.50971 10.5018 32.0788 73.2449 37.1489 19.6589 25.6387 24.0634 4.40064 14.279 4.36166 4.12959 6.2677 3.63439 2.49122 14.1103 0.821442 11.9101 25.4076 106.494 141.535 18.3113 17.4934 4.65086 1.35762 0.714709 0.0372488 392.828
-71.3766 0.837818 1.58472 10.5018 26.1774 75.4603 37.4372 18.8622 39.4822 14.0776 16.2449 6.99822 0.312093 6.92715 5.24974 7.92909 4.10321 0.807545 2.79358 14.2938 15.8903 117.714 141.535 27.7523 8.63825 6.24952 2.9656 12.2908 0.00531883 393.196
-71.9261 0.916755 1.51926 10.6137 86.9937 10.3355 48.4254 15.8357 23.646 31.373 14.0475 7.18039 3.5559 2.17805 10.2963 1.76911 0.300013 6.95583 4.52955 15.3014 7.41387 120.482 143.92 16.3077 4.87429 9.99715 3.24063 26.2488 0.00505133 392.441
-72.0163 0.933302 1.43973 9.03403 75.4484 15.2835 61.6499 11.9215 35.8219 13.3423 7.44422 5.79942 12.1577 5.83813 0.190108 0.991352 3.63394 7.58214 0.991402 13.5037 14.2009 104.046 178.116 6.64109 4.02722 7.82093 2.95511 26.49 0.0116785 386.097
-71.7654 0.924765 1.46847 10.4206 68.7996 21.7016 56.7138 10.5092 33.4593 12.627 10.1111 16.9755 11.401 4.89191 1.69223 0.520922 4.96972 7.18461 4.69049 5.85063 14.6905 104.513 174.206 8.20222 19.4746 11.4264 25.6875 15.7137 0.00780565 389.634
-70.7082 0.880423 1.50606 10.0976 67.706 33.4197 55.1317 12.2005 32.6982 9.69125 5.39008 14.5437 15.022 7.81308 2.476 4.48927 3.65163 0.882509 4.69956 2.12256 7.82861 113.546 170.244 1.74657 9.46525 19.2469 24.4669 13.8814 0.0451826 391.465
-70.5539 0.808475 1.53258 8.50075 70.0137 32.846 51.6442 11.9333 32.6982 8.0934 2.43577 1.43272 14.1303 14.3853 5.93901 2.65872 2.42186 1.44505 4.9952 5.19955 15.2078 121.281 171.297 1.32496 6.88049 2.81806 23.7943 40.3773 0.00924508 389.243
-70.1522 0.820312 1.60465 8.19485 72.1373 28.4054 58.0033 18.8531 3.86351 16.6998 4.44778 31.6203 19.6217 7.04127 1.06968 6.21983 4.41386 3.17129 10.5491 4.03249 17.2871 111.158 109.017 67.9719 3.52889 10.0036 13.4211 27.0726 0.0103502 395.016
-70.8634 0.826907 1.62179 8.03233 64.5593 39.2839 59.8314 21.0344 9.17834 13.6748 7.70226 11.4416 13.9362 5.16974 7.37907 3.982 3.13801 6.13425 8.27947 2.55723 17.7659 124.104 121.477 35.4265 6.01705 12.0806 5.97569 35.0558 0.00345074 385.028
-71.0835 0.816132 1.63378 7.92033 64.6746 32.1221 60.9724 17.9363 6.36184 27.3088 10.6676 4.57003 4.36499 9.24175 5.13555 0.684229 8.25954 7.35223 7.65079 4.24972 24.2986 120.813 128.809 32.1741 7.18855 7.86004 4.94379 10.2905 0.0228547 387.96
-71.1929 0.816132 1.6918 7.34944 64.6429 38.0108 35.6524 43.8363 4.19503 6.00248 11.3665 4.57003 16.9961 5.89098 11.26 5.43344 3.18193 5.70031 5.82157 4.9598 20.4839 127.547 138.626 39.5637 23.0744 1.17738 5.58241 11.6248 0.0552476 395.561
-71.2927 0.813289 1.75427 7.8108 64.8245 32.4588 54.3916 43.293 6.69677 0.540249 18.6632 4.57003 18.3854 2.86042 1.595 0.61975 1.66965 5.28098 1.50813 8.42674 34.244 116.992 122.971 40.624 17.7723 3.91213 5.9233 4.82753 0.0166837 384.895
-71.1609 0.731386 1.74229 8.49578 65.6592 28.0342 50.7781 34.4296 14.7716 6.81616 21.4664 1.39565 20.8968 10.5513 0.415539 2.48311 1.47144 7.10318 3.31792 6.51834 22.1544 118.473 132.38 35.3457 4.36502 0.754518 27.9671 3.30174 0.00538025 387.689
-69.6899 0.731386 1.56675 7.85131 74.3884 25.8713 38.4935 38.2929 13.5539 17.9993 4.03248 12.8715 13.6386 12.3429 0.791678 4.12189 0.620996 7.65465 0.346551 14.7419 22.065 127.172 124.301 17.2264 15.7234 6.82609 40.6358 15.5057 8.88342e-05 393.282
-68.844 0.705047 1.64316 9.41128 67.4344 30.922 49.6802 26.0465 18.2003 16.9312 4.98218 14.7084 13.2982 5.97318 2.71437 3.2296 1.05076 0.908246 12.2768 4.89819 14.2043 128.545 110.627 61.1342 10.7131 8.53497 40.9946 20.3602 0.00765521 392.056
-69.9917 0.753054 1.64097 9.11092 67.945 29.5395 43.0054 16.0712 39.4567 8.08585 3.67188 21.3379 4.82392 4.02807 6.30534 1.94313 11.0251 2.02188 14.0789 4.25596 16.9222 128.179 101.552 62.2986 5.85638 21.409 26.3138 7.25335 0.0532039 395.054
-70.2741 0.773599 1.55167 11.9556 53.224 30.6932 41.0667 15.0202 44.7394 4.0689 19.192 22.7749 6.8058 5.65253 11.3025 4.83357 1.94079 3.32423 10.005 7.37616 6.29865 128.179 103.529 67.5354 5.15698 4.59597 10.3666 0.0814265 0.0109186 398.185
-68.6083 0.70408 1.50035 11.2185 61.0952 36.5198 35.8589 14.2173 41.5384 5.22781 7.95273 24.3494 8.3936 7.45161 9.85893 2.53528 3.37925 12.1485 3.40122 6.36576 11.4744 134.821 92.7536 76.1124 2.95287 2.26634 5.99687 7.0258 0.0162109 389.613
-66.7951 0.62313 1.40003 8.42555 63.8859 38.5041 33.9298 13.9773 44.1229 11.4723 7.30549 13.1904 1.74838 18.5691 1.10006 1.42586 3.19972 7.17086 13.5113 3.10149 8.77518 135.35 138.315 2.25617 7.13708 11.5361 11.9539 14.8223 0.0177961 389.811
-67.9208 0.670025 1.67241 7.71829 64.8644 45.1687 38.1765 7.95338 38.2214 8.84216 5.23491 8.27176 11.9601 21.7235 5.77583 3.13541 5.31231 2.93137 12.4123 6.21102 1.75507 119.765 152.071 11.1651 35.028 16.7751 10.9161 1.96933 0.0111924 393.94
-70.8361 0.743084 1.69803 9.21327 64.715 42.3579 35.0998 16.5033 36.2729 9.99383 5.98758 2.94616 6.64436 11.905 9.23113 6.59248 6.09655 4.79743 7.39359 4.48928 3.96873 126.024 158.308 5.40903 12.0364 9.92022 13.6902 14.9432 0.0271838 390.671
-63.9177 0.291616 1.71513 7.5302 60.8046 42.3579 43.6824 20.4281 34.1549 10.0928 3.50009 5.44314 8.90509 11.463 2.68504 7.65841 5.46289 3.34649 6.69126 14.6441 3.96873 127.928 154.128 4.41848 4.59834 13.4429 10.9856 12.2249 0.0191991 386.487
-66.5924 0.421096 1.73759 9.69624 60.2578 39.7122 53.4902 5.37821 32.7179 6.02214 16.5334 16.8527 7.84494 5.51488 2.52623 7.53991 7.13322 8.66196 8.82866 6.14432 5.43883 109.355 152.259 30.5554 7.51705 13.4318 21.0285 25.2756 0.0209976 390.82
-63.9214 0.363752 1.60063 8.11847 59.2168 42.6123 57.4354 4.63137 30.5584 6.06326 15.4373 13.5784 3.86336 9.13253 2.16671 4.24879 1.6729 16.1146 9.23329 16.2759 2.14787 107.876 152.711 21.5815 9.47051 5.85994 18.417 7.04822 0.0071614 383.271
-64.1648 0.386605 1.57392 8.33942 58.3366 45.5114 62.7027 5.29309 30.4079 10.7648 17.1577 3.25505 8.1696 1.49017 1.02578 4.20944 5.23663 12.7019 8.85432 7.27461 9.57755 108.894 165.692 7.36272 20.0454 6.05485 10.7643 0.493438 0.0111506 383.983
-64.7181 0.386605 1.63884 8.26997 60.6075 45.5114 34.5843 9.68409 47.8953 10.5237 19.596 3.18896 2.68296 11.7551 8.11946 5.9884 6.14301 7.96417 1.45152 2.4668 7.16622 103.873 169.232 11.1359 20.7027 5.77202 8.78406 12.5278 0.00858267 383.999
-66.7889 0.557761 1.56247 7.85955 57.3803 45.5114 44.0531 5.69333 50.8451 3.57542 19.4359 3.55204 7.90714 1.53163 5.94632 5.08105 19.0184 2.51459 3.08617 2.46038 14.6185 107.158 165.302 8.91307 16.9531 12.3576 6.06109 6.25043 0.0075167 390.259
-64.8742 0.470911 1.53298 10.2086 61.1871 45.5114 35.6096 2.08016 46.3792 12.5083 6.5072 3.55204 2.31584 1.05601 6.61041 5.79587 24.3419 0.290979 6.06707 4.25929 30.2 107.336 155.995 23.0976 8.84579 17.1789 8.11272 24.5657 0.0101565 396.466
-63.9725 0.366967 1.56982 8.19597 60.6186 44.8652 40.8397 2.10278 40.9199 12.1316 10.2774 3.1838 8.5465 2.07495 12.249 9.4508 14.3964 0.472405 7.0631 9.94854 26.5802 107.336 151.823 11.4789 6.18985 25.0655 3.17721 8.31724 0.0301314 396.5
-64.8063 0.351359 1.57841 8.31408 62.1924 44.8652 43.7468 10.0998 43.0797 6.88419 12.9944 5.19439 1.0015 0.480309 17.5624 1.51153 2.56105 12.7645 5.25751 6.76998 11.0808 114.136 153.488 5.53435 8.10815 22.6492 19.2602 16.7765 0.0100405 393.152
-62.7908 0.254947 1.6671 10.0155 57.7819 40.44 54.0275 2.81586 35.8827 12.6295 6.36204 13.3526 10.612 5.90283 7.18226 1.83423 1.96125 14.4586 1.31119 7.84049 5.67566 124.33 158.227 3.67936 9.25451 14.5734 12.5841 34.3888 0.00414533 386.886
-63.7558 0.282073 1.89839 7.23468 63.0946 45.5034 58.6788 3.83323 27.5918 8.195 13.912 10.0898 6.57632 11.0241 7.4879 3.26985 1.92975 6.90294 4.22464 8.40115 5.28757 111.015 167.638 9.33131 5.61025 17.4885 7.67104 5.74608 0.00150325 385.806
-62.7776 0.201355 1.78656 7.77029 66.3419 35.449 58.1175 15.0733 26.2768 8.03236 14.8843 9.07629 7.72553 8.8094 2.42159 5.03148 4.63602 6.28451 4.37986 9.07632 10.3684 114.26 154.689 16.3263 10.108 10.8544 3.04768 21.9146 0.00183783 382.985
-64.5087 0.304464 1.76563 8.0569 66.0956 35.449 62.4315 27.1 5.96505 9.59638 23.5987 5.00849 11.7256 2.28398 3.53989 2.19297 3.84888 6.83272 8.50781 10.1865 8.07025 123.804 144.334 8.85181 7.43769 19.86 6.12029 18.8592 0.0238449 384.095
-65.6901 0.400964 1.84834 7.44472 74.0904 18.8412 56.0896 28.7739 16.1237 4.94528 16.1858 1.21605 11.7256 3.79603 7.90587 1.95757 3.00184 7.57776 15.2449 10.8775 10.0494 132.601 146.931 4.75325 3.14102 15.6518 30.2896 0.881815 0.000382766 389.624
-66.2777 0.552497 1.60639 9.05283 75.4506 16.32 54.4671 26.3161 16.1237 4.10603 8.224 11.0663 12.2562 2.68873 10.0034 11.1542 4.58807 15.1406 21.0064 3.74623 10.0294 117.826 135.774 12.0568 1.75056 20.9017 31.2801 21.9811 0.00338406 397.045
-66.2888 0.523685 1.54964 7.94319 78.3664 10.1678 54.4671 31.7937 16.1237 15.0589 9.67994 13.6007 5.09286 0.780134 5.71947 9.50278 3.8813 15.6118 14.9695 14.3218 25.012 89.3194 148.14 1.80548 5.08496 20.8323 12.1243 25.3868 0.00652291 393.142
-65.7329 0.467313 1.5959 9.72634 80.6525 8.30499 45.946 32.1288 21.7442 19.9852 1.40169 2.85683 13.3396 1.37291 10.394 2.48267 3.50047 8.62751 3.86221 14.3218 26.183 91.4472 160.831 23.8146 0.973434 19.7656 11.2346 37.9878 0.00271874 390.814
-64.3611 0.397592 1.65589 8.09987 78.1689 8.30499 45.946 33.5865 20.7304 17.5968 2.40603 1.4217 19.2788 1.42117 11.3732 6.33428 5.16467 6.1981 3.33999 12.8878 22.4342 97.2823 165.986 13.0719 15.6134 9.44419 6.85731 0.382879 0.0106761 387.636
-64.3611 0.34503 1.61461 7.38793 78.1689 15.6221 43.056 39.6565 24.8678 11.7982 3.77722 3.60477 3.8362 19.054 0.756463 5.84947 4.39537 4.6011 2.94935 17.7727 17.5637 104.653 159.607 17.0242 7.88279 21.6073 7.54598 29.4967 0.0164982 387.874
-65.1947 0.374315 1.74364 8.07086 78.4983 13.8919 43.056 39.3676 24.8678 5.36574 0.547872 10.9472 3.22848 23.49 2.51594 3.34507 2.182 1.79492 3.80005 21.7705 1.66824 124.153 159.333 1.68633 3.18361 25.9637 7.72197 9.28696 0.00183322 384.652
-64.7768 0.400782 1.6689 8.34572 75.4513 10.797 55.7438 47.967 2.35539 11.0331 0.547872 14.5449 3.92009 25.0958 0.458005 2.96467 1.86668 3.14928 22.8191 5.99656 7.5853 124.115 150.349 13.7384 5.47601 6.25996 13.5821 14.2109 0.0179008 388.144
-64.7768 0.405918 1.57463 8.75957 77.7733 10.7535 55.7438 38.5761 6.48314 5.03818 8.84978 13.1481 2.79222 21.969 1.79918 3.73766 5.67193 5.42281 28.2804 9.72113 9.35139 102.193 144.058 26.097 1.07751 2.428 41.4335 5.05783 0.00750166 387.552
-64.7062 0.444427 1.54035 8.67312 73.2388 18.6371 62.356 40.0503 5.09385 5.55293 1.2631 10.3255 6.51021 16.9963 2.28157 2.39037 4.40545 3.29784 26.7695 5.54808 4.34734 119.474 137.545 31.8137 3.70348 8.81275 14.6311 9.8255 0.00923843 383.574
-65.1697 0.403253 1.5154 8.40846 70.3303 26.4542 62.356 19.7707 25.0441 3.45056 13.1928 14.6704 6.9814 8.01604 5.36725 0.797213 3.3259 1.49909 16.9019 1.33438 13.625 116.292 127.965 39.0898 16.5317 20.4783 14.5195 27.5307 0.0338914 394.601
-66.0209 0.521325 1.69274 8.00487 72.161 27.3138 62.356 22.618 10.7853 1.42226 13.2571 10.0008 4.71714 8.51517 3.01517 9.94282 2.91103 4.96536 27.7627 2.80502 9.84011 133.356 125.59 13.2607 12.6591 18.2214 10.465 9.21179 0.0447869 389.866
-66.8646 0.499928 1.65369 8.3596 70.5428 27.3032 62.356 28.2551 10.7853 1.89374 15.5758 6.1612 14.4289 9.52454 2.23515 11.4766 0.45249 1.44323 42.155 2.52504 15.3879 116.536 100.863 38.6117 5.03826 2.33282 7.93151 12.6571 0.0336858 393.186
-66.8292 0.467652 1.63212 8.53975 67.6009 28.8809 54.8412 28.2704 12.9227 4.21046 15.4355 11.4556 14.1386 7.73853 1.04425 6.5188 2.54916 5.35236 28.1847 9.6105 6.73392 120.377 100.863 65.3984 8.25778 9.05748 15.057 3.97725 0.00583808 388.983
-65.9944 0.545962 1.48013 10.8688 65.9997 31.0851 59.8298 18.2249 12.9227 4.78252 21.8581 8.10001 12.1989 8.53962 0.286253 1.99246 0.567432 2.18292 9.74855 19.5663 18.2642 124.28 122.624 26.4156 3.15218 11.3638 30.633 43.7249 0.0165455 392.811
-66.03 0.300445 1.98627 7.91233 62.463 39.7412 59.8298 36.2434 3.00939 6.77325 9.23377 8.93476 14.85 16.0981 3.22492 7.0892 5.53231 1.28082 13.5751 4.0487 10.1555 116.567 122.624 41.707 4.81163 9.22633 2.53672 39.3069 0.0140537 396.343
-63.7045 0.315947 1.676 8.25494 64.1004 42.9393 59.8298 11.8159 3.00939 10.0645 6.01742 15.1462 24.2223 9.36524 0.988791 13.3287 5.81107 17.1109 4.42811 5.28345 5.70423 131.764 118.297 36.6231 9.54891 4.95922 9.10169 26.7233 0.00994953 390.953
-65.6479 0.477574 1.72145 7.61135 55.9095 35.8055 59.8298 34.2354 10.9602 9.41002 0.371484 11.1982 16.3222 9.94858 6.79467 0.782406 1.46273 9.08136 4.20373 8.04645 13.0338 138.636 118.297 36.6231 12.6442 3.98094 14.0817 22.1765 0.015552 390.81
-69.5811 0.723136 1.7479 7.54058 58.4652 34.0742 47.4528 35.2445 23.4905 3.67525 0.286586 10.8637 28.7787 5.20957 1.98031 1.24705 1.71346 12.3926 4.48219 10.9017 7.01127 133.3 113.306 49.9193 7.87317 9.17139 2.12177 20.3195 0.00914436 387.988
-70.1307 0.723136 1.7479 8.21865 58.5228 45.0308 46.1324 31.8117 18.2372 1.97249 2.74009 11.1028 16.3739 6.23851 1.29247 3.37921 1.02877 13.2693 7.11742 19.3109 8.53789 136.134 125.407 26.9848 6.38609 11.1441 6.56674 6.35132 0.0184379 384.03
-69.5739 0.709194 1.70647 8.2578 64.0435 34.0369 46.1324 28.7257 18.2372 1.19876 1.77507 9.35869 18.8081 13.6288 4.55307 3.10281 1.02877 14.4777 5.21012 18.0354 12.9842 124.599 118.454 14.0722 21.5754 13.7738 1.85614 13.7066 0.00566108 389.563
-71.6243 0.774028 1.72252 8.51767 63.8019 36.9568 46.002 24.4378 17.7954 3.23193 6.78629 13.6256 20.476 16.9628 2.59791 3.68668 2.17352 1.11456 4.3182 18.0033 8.95574 134.226 131.478 14.0722 16.183 32.7134 10.4754 22.328 0.019567 390.411
-71.6243 0.744357 1.82607 10.0151 60.763 34.6225 46.002 28.004 17.7954 5.16973 5.53379 4.47112 20.476 16.9628 1.69926 2.27736 5.72999 5.61701 2.90198 17.7561 14.801 111.73 151.278 14.0722 16.4596 30.6276 6.47052 5.31624 0.0258214 392.675
-69.4749 0.741841 1.64876 9.59859 65.4994 30.7882 41.7281 26.3537 18.3682 5.51841 5.9471 8.16865 16.8818 19.6881 0.792602 1.83766 3.77457 12.4842 5.01454 16.8761 6.7909 114.805 153.837 14.0722 9.13219 7.36377 5.56435 27.9949 0.0258869 388.184
-70.0678 0.741841 1.68894 8.14159 57.0504 49.3282 33.9784 22.6431 30.5845 3.07051 7.2283 17.1089 21.2147 12.1705 1.24717 2.89321 8.20857 3.27782 5.05452 2.78728 10.8567 113.273 153.316 15.3795 1.81977 32.117 5.75738 18.6621 0.00495856 385.248
-68.6424 0.653891 1.59298 8.09813 63.4944 45.8157 5.10002 19.963 54.0661 3.87687 6.54906 7.22869 22.2744 20.1377 3.43951 0.779481 9.28982 2.55083 10.4285 3.25939 12.5251 119.46 141.028 26.1701 3.70549 5.64582 21.5419 15.4341 0.0398212 387.591
-67.8416 0.592868 1.79273 7.67409 61.5065 42.3107 50.0371 18.7917 13.9398 14.6193 25.3877 0.992674 21.2838 0.974163 4.13569 3.65325 3.7407 3.33919 4.72766 4.35087 10.0339 124.43 141.817 32.9903 8.38467 4.81974 2.41159 15.3363 0.00592083 386.845
-66.0937 0.461499 1.55629 8.84273 60.0241 49.0601 49.8388 20.5687 15.2617 5.97302 17.4116 17.2519 7.731 0.684505 0.59263 3.75531 1.64687 14.1306 4.524 4.67338 13.1869 121.965 141.504 29.6747 11.8784 8.05436 1.45388 1.01126 0.0241314 383.148
-65.9067 0.474926 1.56688 10.6535 69.861 26.4598 41.4281 26.2939 24.1209 6.01599 6.14855 30.0375 7.90266 5.84775 0.504661 0.994476 4.45809 11.3447 5.93517 6.83449 12.4886 124.28 136.111 24.1196 2.71926 10.2701 23.7132 19.3801 0.00121039 384.306
-65.3028 0.427203 1.62935 10.7277 68.4867 21.1723 48.6644 28.9377 24.4341 0.348306 3.88491 23.5679 7.90266 3.53949 5.74379 4.33143 5.27665 16.6321 10.87 1.3349 12.6529 125.206 151.82 2.40796 3.55923 11.5787 13.7564 12.5162 0.0143243 391.001
-63.7381 0.428838 1.42779 8.80589 71.4448 21.4664 37.6053 31.684 28.3032 16.3241 7.58058 10.5786 14.3373 1.36136 8.52213 3.25725 2.96251 1.70564 11.0079 11.0033 11.5132 116.769 151.82 9.46599 4.12926 11.3054 27.638 8.48345 0.0444516 385.094
-63.7532 0.384197 1.61985 7.72252 71.4448 23.0578 41.6621 32.5488 27.1731 12.2784 7.14924 8.67375 12.1112 5.1576 1.97083 2.74453 7.06645 7.14763 15.4225 8.82835 5.18433 120.737 152.588 3.4666 3.13604 14.568 32.9747 12.141 0.0278736 384.972
-63.2141 0.366979 1.54954 8.58821 81.6106 12.3799 41.1057 29.0246 29.2979 4.88517 13.5301 8.51577 4.41519 19.1073 2.50484 0.547861 6.2736 1.88803 26.0423 14.2948 6.86625 104.018 150.183 13.4182 11.9835 24.1639 1.89583 8.57854 0.0262279 388.996
-64.2745 0.356529 1.51387 8.57898 78.2698 12.3799 32.0636 47.5682 15.4348 6.0328 5.28988 11.4544 6.6561 34.9086 3.34098 0.441235 1.46484 1.84308 12.5335 16.4434 7.09094 104.121 156.156 19.7145 0.768605 5.38851 47.5852 11.2289 0.0267133 388.474
-64.3343 0.310459 1.61198 8.73596 78.8149 5.37164 41.3258 57.7851 13.0266 2.00244 3.12658 12.3131 13.6026 24.6616 3.42783 3.16769 2.36773 4.55324 4.08882 9.87239 4.92931 117.367 157.541 17.0096 5.39239 5.56965 21.8139 20.0078 0.0267319 385.331
-62.8283 0.298698 1.56865 8.29799 80.9095 4.87986 33.5492 49.7749 13.0266 13.9887 6.31502 19.3863 3.88563 12.7099 2.24621 10.3079 1.15542 5.43322 3.11592 17.9926 10.8669 113.018 161.143 4.75301 5.45837 12.1522 25.3666 1.25538 0.0297211 386.55
-65.2251 0.445591 1.64318 7.86813 89.1782 14.9434 15.8908 51.2364 29.5034 13.0977 1.92448 19.9798 6.39404 6.57831 2.00928 0.567108 2.56828 2.86563 7.19726 10.9232 18.1255 109.524 160.225 11.781 12.9184 18.6202 1.37297 61.0972 0.0113877 388.498
-64.7299 0.322123 1.77683 7.83416 82.887 24.1163 18.3625 43.6475 32.2412 12.672 3.64213 10.852 18.245 11.4098 3.86033 8.36357 1.16951 2.38095 2.59263 2.641 28.8456 96.987 155.282 11.781 30.3543 4.7126 3.80649 16.7981 0.01731 391.008
-64.0023 0.322123 1.65743 7.80262 72.1367 24.968 16.9017 42.9582 38.4613 16.0711 3.15439 13.3948 2.49205 12.1433 5.71897 2.61281 0.538121 1.9026 4.49311 15.9168 28.8203 104.07 156.958 9.4487 19.579 3.77025 7.88191 17.005 0.00488621 383.833
-62.9782 0.269861 1.70534 5.82449 73.7795 30.7409 10.9689 43.5174 38.4613 10.2777 1.83729 17.3166 0.851973 7.1141 5.90994 8.70695 2.59626 2.60007 9.9189 25.1233 33.8297 88.6533 146.312 26.3054 19.6107 4.63001 17.4771 31.4034 0.000746736 399.19
-63.2147 0.28488 1.64442 8.49911 65.5202 30.8389 7.12786 45.1011 39.4125 19.2585 2.39362 17.1215 6.00933 9.88159 0.580404 3.99631 8.99795 4.77658 8.36335 25.7692 20.8429 88.6533 141.409 25.4326 10.3602 9.45136 17.3093 4.17017 0.0453767 390.541
-63.0021 0.322478 1.60013 8.16592 68.9808 31.8137 19.3775 36.521 39.2271 3.55003 15.1637 14.8999 1.9224 1.85649 3.14825 5.52324 9.26486 7.93194 12.8696 19.4333 19.102 91.8544 150.349 31.2393 2.42365 10.5572 13.9333 17.5825 0.0339321 389.568
-61.7001 0.224837 1.49565 8.35551 74.7791 26.4484 25.259 24.1956 44.9033 5.23814 17.9425 6.86187 6.22808 6.04665 2.6445 3.43217 9.00666 5.21311 1.73971 17.2113 17.3186 106.226 152.509 34.6319 10.1781 6.14979 19.1432 12.837 0.0339826 388.762
-61.4782 0.200954 1.43977 8.4469 74.7791 20.7081 31.4042 28.0003 45.7573 7.2784 18.5167 4.93238 8.97506 5.45049 11.2783 1.74946 1.22628 6.77432 5.07484 32.7959 17.1782 88.3934 146.266 20.1147 7.22516 8.71768 8.64263 12.6719 0.0330679 389.689
-60.7065 0.0733885 1.64309 8.4683 69.9296 23.7298 24.7499 35.2188 48.7886 6.51756 12.8935 4.6512 8.80003 6.25793 5.34678 2.66204 1.22628 8.09713 2.01128 32.7959 11.0857 97.1265 148.848 20.4543 18.0453 0.925827 7.45379 10.9371 0.0297646 387.07
-60.0378 0.0602549 1.63594 8.41509 69.9296 23.7298 20.8566 32.9329 45.0173 4.72051 2.50606 17.2955 17.7856 11.4595 11.8633 1.98858 0.310266 4.59495 5.04167 23.611 6.09083 116.332 135.29 20.7897 22.3193 6.83735 7.44153 4.64315 0.0232462 386.538
-60.0144 0.056249 1.66208 8.48321 69.9296 23.6894 20.018 20.9799 54.8174 5.36589 2.84951 13.802 12.2526 13.4076 8.6334 1.98858 2.1361 3.60316 4.59412 22.2976 8.99979 108.852 144.152 34.044 10.3712 6.89038 17.5796 2.99981 0.00820443 385.551
-60.0266 0.0674416 1.65737 8.46211 69.9296 25.4953 22.6439 22.2598 51.0988 17.0744 3.70477 10.2963 14.4332 7.96808 7.11219 2.08922 0.951431 5.83939 2.23541 23.4635 2.74577 117.553 137.841 34.5682 10.9788 1.82605 38.0437 14.8066 0.000302442 385.623
-64.3456 0.382598 1.60874 8.47259 61.503 39.066 22.7631 27.6857 41.862 6.69965 7.73335 13.6774 12.1937 8.6186 7.68596 1.04946 3.1701 0.238217 8.38453 5.01688 20.264 127.19 130.008 43.7987 14.2906 1.82605 2.34868 11.8894 0.0152986 382.497
-64.0812 0.371924 1.64374 8.25198 76.8233 25.4211 15.2103 33.9078 34.5987 4.11444 4.41868 10.7255 29.8958 12.3745 4.45653 1.28133 4.23785 4.09946 4.36444 4.88183 24.0159 120.358 125.528 46.0416 14.0134 9.95627 11.6577 7.10851 0.00985502 385.98
-65.4237 0.480965 1.58677 7.71118 78.4526 28.8941 27.2337 32.4064 32.628 8.53994 1.30323 11.9461 7.31226 16.5133 3.61212 2.92738 0.625045 2.79584 5.68556 4.30307 32.7277 117.723 133.716 26.0537 8.30013 11.6725 2.8786 12.0471 0.017362 386.428
-66.8402 0.496059 1.70424 8.05736 70.1387 33.221 33.656 28.3496 28.687 7.6611 2.96471 12.9053 15.8412 15.716 1.21771 3.38538 1.75741 6.99455 3.09018 3.41411 24.0209 129.468 123.799 29.189 28.3766 3.20554 10.6883 27.2702 0.042535 387.692
-66.8126 0.464869 1.77095 7.7408 67.5148 41.5664 37.7397 28.3496 25.2668 5.75134 2.32428 13.8957 11.1322 12.8644 2.40346 3.12269 1.04537 0.872965 5.82403 10.3036 23.5 132.549 141.803 6.44542 16.182 3.37873 17.1202 21.3294 0.0255987 388.961
-66.8126 0.551421 1.60171 9.30069 60.6227 41.2949 32.8315 28.3496 23.3048 3.26606 12.0786 15.3135 10.4311 19.5654 1.8651 1.96367 2.68678 3.50348 8.22234 8.09152 23.3357 135.669 113.816 34.8346 9.61361 3.85945 10.407 23.883 0.0129055 384.694
-66.7808 0.546654 1.64402 6.88777 61.8719 53.8259 43.3629 20.0496 11.8494 3.34781 4.65861 22.8537 7.00376 11.0409 2.39088 2.98281 1.91599 7.9377 9.66278 11.0887 13.4525 126.519 124.621 44.1042 4.98695 4.76793 15.1003 19.9643 0.0524941 388.642
-66.0948 0.442583 1.707 9.5645 53.0892 55.7418 43.1516 12.2756 19.7999 10.2389 12.1985 20.7428 7.74045 4.94072 1.5995 2.78073 2.60393 6.41487 23.6559 10.2764 13.8752 126.345 114.351 38.9901 0.652925 3.19297 7.55698 38.3852 0.0245246 390.172
-66.1489 0.5467 1.67648 7.41387 47.632 60.8124 42.1768 21.4946 20.4703 7.09524 6.22178 33.3954 4.68192 3.26471 1.60782 3.05344 3.02772 5.92158 15.7851 7.65077 10.4598 130.006 113.986 44.5434 2.90824 14.3941 3.81728 26.0612 0.0490475 387.988
-66.7868 0.5467 1.56721 7.85044 42.1952 60.8124 41.2211 21.4946 24.3658 2.9332 3.43037 33.3954 4.18174 6.16437 0.978951 2.41419 3.80471 6.44848 11.2502 7.98523 13.7538 141.855 119.06 26.9446 6.377 10.2773 27.469 44.5843 0.0214914 393.097
-66.7868 0.5467 1.60265 7.43976 51.1444 60.8124 48.2869 4.30342 30.972 2.51885 3.43037 30.1086 0.978803 6.73586 2.41904 2.23004 7.66854 1.42348 14.9268 6.56827 11.8402 118.173 153.59 16.6078 25.1947 2.74796 1.52387 13.4934 0.00558625 386.738
-67.382 0.581892 1.57809 7.67019 50.054 60.856 51.1676 17.8583 30.238 9.10412 12.3347 11.3723 2.58629 5.24673 3.12771 3.39863 2.31332 3.25063 12.9422 3.96996 10.7815 108.072 154.233 18.6591 28.8062 3.87898 12.9934 15.3262 0.0166211 389.433
-67.6899 0.581892 1.68946 7.89696 52.4202 53.95 59.8244 3.12966 30.238 16.28 13.2434 6.51055 10.113 0.218975 1.67832 2.03575 3.76265 2.3014 18.0438 2.07165 16.846 108.613 157.101 6.48843 22.1985 10.4547 7.79527 13.8771 0.0110871 383.849
-66.0908 0.583637 1.346 8.78478 56.0252 47.9369 58.3182 3.16105 30.238 14.9119 16.4627 4.15749 4.40915 13.934 4.59397 0.702299 4.29173 2.50212 21.1202 2.80335 3.69585 116.328 166.365 3.30245 11.6389 19.4839 16.1476 45.0115 0.0146116 395.59
-66.8736 0.599679 1.50552 8.0872 56.256 49.3424 58.3182 3.16105 35.9503 13.6371 3.67164 0.840515 3.92614 16.4397 7.96039 0.649576 1.87859 5.89524 11.9788 7.66055 13.99 106.946 160.565 16.7117 8.16878 14.6772 7.4091 54.9966 0.0293287 388.751
-68.019 0.571203 1.69175 9.27842 59.6436 37.6744 56.7053 3.16105 53.8818 10.679 3.8468 1.69951 6.13653 13.4 0.743504 0.496158 0.98252 11.5928 6.50979 3.45159 18.6596 104.108 162.249 13.8847 14.757 14.4807 8.27122 23.7676 0.0440511 391.62
-67.5016 0.554542 1.72985 9.51914 48.1646 61.9983 35.2055 3.16105 51.3757 2.40798 10.6376 3.47245 9.19388 11.1208 5.22991 0.638334 4.94864 5.63366 14.8485 11.241 13.4649 101.851 163.903 10.9439 13.9373 11.1497 21.3847 12.4998 0.0374747 388.73
-67.9247 0.525032 1.72281 9.41945 50.568 61.9983 36.7699 3.16105 38.4776 7.67169 11.718 3.02969 10.6916 25.1653 6.44027 1.48665 2.81298 5.52998 3.94873 12.5776 10.9128 99.2591 155.333 12.7626 37.9935 0.908783 3.26442 16.8464 0.0133646 394.029
-67.0869 0.577148 1.67817 8.45369 50.568 61.9983 27.7396 13.8027 40.9269 13.7683 9.13663 12.0218 4.21691 15.5418 1.78529 3.20905 0.461222 10.296 2.17974 22.8048 6.57609 102.673 146.736 36.5178 2.78372 2.09108 9.04064 4.06357 0.0399237 393.072
-67.3642 0.521532 1.58738 8.49893 50.568 56.6259 33.9461 16.0785 40.9269 3.46709 17.4727 10.4433 4.42537 12.37 8.36665 3.78171 7.38909 7.78747 3.92086 22.3593 9.67204 101.011 130.664 37.3829 16.0261 1.79625 2.43531 10.3798 0.0492707 392.308
-66.0639 0.521532 1.56434 8.65055 56.105 48.3758 29.0711 17.1207 40.1966 11.0497 14.8374 4.06261 7.35882 9.47813 7.28812 5.27802 2.1628 1.18158 8.85495 22.1925 19.2429 103.341 143.765 29.1227 10.8251 3.2845 1.10869 18.6963 0.0453177 386.262
-68.1699 0.638426 1.51719 8.57259 63.5774 36.7314 43.5547 17.1207 42.4053 15.0061 12.2275 3.34726 3.33341 3.63966 7.51699 1.99648 0.269498 4.11241 12.2634 23.8209 16.7451 103.135 143.993 19.6142 16.0853 8.16586 8.25539 2.96835 0.0229943 387.237
-68.1699 0.648818 1.48625 8.86096 60.0408 39.537 26.6071 40.4295 27.5815 14.0138 6.40149 8.40287 3.29895 3.95255 7.27459 6.34161 0.786483 4.89799 15.1035 21.74 13.7273 109.467 143.993 24.5198 3.21526 2.36218 24.5193 5.44913 0.0302449 388.671
-68.296 0.678585 1.67445 6.71099 56.6683 36.3178 30.3315 40.4295 35.9571 11.4744 1.48624 27.4018 2.94295 5.1635 2.15962 9.05903 1.42867 2.54037 9.57636 4.26658 16.7061 111.576 149.279 28.9708 8.2709 1.59055 13.3502 5.90465 0.0135655 390.99
-68.296 0.657779 1.65538 7.8846 55.5608 37.8207 28.2349 43.4078 38.3561 13.0282 6.73028 9.81625 7.5681 4.48482 1.1257 1.0515 3.87125 7.34649 14.9743 5.3958 11.6562 122.436 138.634 25.6116 11.6742 6.22148 24.2873 4.72902 0.0169807 385.864
-68.296 0.657237 1.52754 8.58853 59.0633 31.5043 27.4113 44.2122 41.2016 15.8581 12.9766 2.28857 4.39721 7.82421 1.80115 2.21965 2.03006 7.84231 6.93213 6.05411 17.4365 125.226 129.012 30.2988 8.12129 4.0187 17.0948 20.987 0.0187877 386.094
-68.3193 0.714809 1.56905 8.77755 56.1968 31.322 20.0666 49.4125 45.8453 18.9628 11.5835 1.28368 2.64891 6.7933 2.04102 1.40053 3.0405 7.99352 15.2172 11.9615 6.60644 131.554 127.38 23.6228 8.69399 9.10082 9.81062 4.42785 0.0252655 391.888
-69.2681 0.714809 1.59334 8.12774 59.9926 32.9935 24.7639 44.3808 32.8585 12.2848 13.0117 14.478 2.5103 10.0668 4.10011 1.11293 1.15362 9.04921 8.63298 9.33172 12.2188 145.882 106.804 30.707 4.73773 6.93532 7.55443 9.86509 0.0385208 389.901
-69.4787 0.714991 1.58394 7.7451 63.1869 38.6511 23.5371 35.2959 34.0452 6.63901 14.2872 11.3185 9.26583 11.9938 4.34884 0.495623 2.06557 9.44086 4.32158 14.0613 10.5243 145.883 102.089 34.4556 7.56336 10.7166 17.2123 19.3667 0.00433763 386.481
-68.2448 0.714991 1.44959 9.46894 65.6771 31.6419 10.691 36.0023 57.1501 4.70363 14.0657 9.5619 9.55045 6.95326 0.139298 0.495623 5.39118 13.7232 1.99571 26.161 10.02 115.763 115.119 46.8038 3.5034 19.0084 3.185 9.62616 0.0288313 391.416
-68.2448 0.696051 1.49421 8.45604 68.8435 34.4 10.6376 20.4039 60.3599 13.0381 3.02185 20.2882 4.8573 8.27931 2.01582 0.441647 2.42707 18.0536 0.972307 18.9584 11.591 117.694 114.755 58.2408 4.34666 18.862 11.4986 2.89313 0.0235596 390.095
-69.7109 0.784424 1.60063 8.59353 74.6738 28.9455 15.8026 17.8421 59.8725 14.3188 3.18525 20.1777 7.73628 19.2257 3.75423 6.8475 2.03217 12.322 11.9094 15.6951 2.12845 108.944 116.615 31.0878 4.35193 13.5737 8.95207 36.6292 0.0144514 401.219
-69.7109 0.830927 1.43773 8.01881 73.4677 28.1219 17.4144 18.3035 54.8121 13.3103 3.14571 20.1691 5.33659 13.8376 4.98481 4.71674 3.63845 1.99143 26.0921 3.6192 13.1648 108.746 122.103 18.3998 18.9723 7.15903 16.6377 33.0205 0.0201722 396.52
-71.8106 0.848356 1.65409 7.94499 67.4936 28.4871 17.5925 24.2426 65.254 9.63603 5.92479 20.1035 2.49748 10.6497 2.55287 1.16218 4.92826 8.39237 9.91211 6.03096 6.5904 108.559 130.615 55.1388 11.6618 10.1674 8.35276 11.7739 0.00484876 389.578
-71.8106 0.903636 1.55942 8.55514 67.6987 27.7029 15.4572 28.1399 71.2791 0.404605 11.9565 20.1035 1.1021 13.2874 2.76915 4.15028 2.64794 9.12148 10.7201 6.69727 0.95579 122.271 149.358 5.70773 12.2355 8.77938 8.50623 10.3036 0.00454144 390.805
-76.0316 1.09496 1.74941 7.59174 69.6585 32.8171 8.94313 17.6672 62.89 25.511 10.6867 20.3763 1.80735 3.60358 0.514872 1.12415 1.85879 2.8421 11.4551 7.98679 1.86487 121.981 144.502 33.7183 20.7913 3.24094 3.03978 31.2651 0.00658881 390.243
-76.0316 1.09496 1.71685 7.96734 63.717 38.3861 48.4278 10.6846 26.1414 13.931 4.43836 19.4275 14.6585 7.83561 2.99347 4.01677 0.946136 0.442638 13.5093 15.2782 0.759777 127.179 139.199 35.0223 14.3367 3.44539 10.0964 9.47569 0.00560273 388.888
-76.0316 1.07333 1.86097 7.63944 73.3469 38.828 47.6317 6.33815 26.1591 14.2113 5.54137 10.0471 15.4049 8.29186 2.34878 2.63865 4.46627 11.6541 1.87329 10.6869 14.4845 105.583 144.11 31.7182 10.3248 2.61982 3.723 9.50126 0.00453368 389.227
-76.5476 1.07333 1.7822 8.27856 72.1964 38.6719 47.9855 11.3928 26.1591 8.12082 6.28499 6.74487 17.6629 6.19309 4.10073 1.37608 5.20665 13.0222 6.03434 3.30764 34.3147 100.802 144.206 26.4384 23.7093 4.68783 6.35593 8.02188 0.0139997 390.726
-76.2979 1.07333 1.72372 8.25731 60.8832 46.1064 44.9838 6.59089 38.719 12.6034 8.27537 6.74803 12.4409 3.6905 3.63202 5.39837 7.52491 4.97561 6.22094 3.30764 33.1491 97.8281 146.555 20.6039 29.7419 2.98221 3.24032 7.17088 0.00440815 391.173
-76.2979 1.07333 1.72372 8.60383 61.2812 42.5793 50.0585 11.9949 38.719 9.89452 7.26218 1.36989 16.7018 0.537405 0.748276 3.79209 5.48147 13.5965 5.62119 8.32706 36.2352 95.2296 147.272 21.3392 13.2695 13.4809 7.36512 6.86282 0.00373181 390.983
-75.6569 1.16782 1.57412 8.60383 64.8204 38.9534 51.8364 2.14415 41.0945 12.5741 1.70341 10.1361 16.3088 3.96969 1.14898 2.82957 3.08518 8.52003 9.43321 3.87847 32.9681 99.0292 154.634 13.3143 2.18316 32.713 2.74741 8.51916 0.00242565 386.777
-75.6569 1.16782 1.63081 7.90113 63.3318 36.5184 65.8272 9.99336 32.9251 11.9302 4.11057 8.57363 6.99089 10.6136 1.57251 1.27688 2.91162 10.9308 10.4059 6.54025 21.7 96.1435 147.503 31.3857 19.9646 13.1647 2.33655 30.3428 0.0290294 391.735
-77.0316 1.16782 1.7536 7.73552 63.3318 36.5184 65.8272 10.6407 27.2004 9.45793 1.60296 10.252 7.54432 19.1669 0.65664 1.98827 2.72222 7.07734 19.2903 5.97778 14.3103 101.355 140.161 37.3006 15.0596 3.76927 25.8221 15.6011 0.102609 394.131
-76.5556 1.09393 1.74114 9.87987 62.7145 32.888 59.5336 13.1925 26.8867 3.25056 7.21351 7.07291 10.9458 17.1115 5.85269 0.116426 1.01888 6.57092 17.9942 4.57929 13.8635 105.421 150.76 32.4239 2.05355 19.3082 6.53885 3.78224 0.0166241 390.049
-75.9358 1.12469 1.57411 10.5076 62.7145 35.6841 56.6732 19.7305 44.8709 1.69029 3.89064 1.85446 8.25866 10.1294 3.69854 3.60472 2.03037 8.26853 14.26 7.36482 14.9221 106.858 145.519 18.7554 13.0713 7.61628 5.31721 25.683 0.0169859 392.47
-76.4507 1.21663 1.59293 9.49711 58.8224 42.2805 41.8277 24.2451 40.8337 1.44867 6.99663 0.493333 8.08399 13.8512 3.38211 4.1568 0.93922 14.2796 19.3694 7.9005 13.5588 106.858 135.138 32.5391 4.20169 3.479 36.9467 22.8485 0.0174739 393.805
-76.3413 1.1865 1.59753 8.43752 63.9248 42.6591 31.6338 25.8817 25.7951 2.28912 4.85026 6.94445 3.0582 22.9365 3.53719 5.65606 9.22224 12.5531 1.92504 18.8485 13.1753 112.217 134.2 42.1221 3.34546 2.93374 36.4642 1.33882 0.0508329 393.132
-76.3413 1.1865 1.62301 9.551 62.6859 35.9677 39.6549 30.6628 21.1049 3 5.738 9.68115 7.81727 17.2698 3.61926 6.28905 5.99566 16.2743 3.87313 11.6515 8.35229 121.121 141.548 18.2503 2.31605 10.9524 28.6701 26.9203 0.0511149 390.145
-76.3413 1.1865 1.63067 8.20899 62.6859 39.4975 48.3797 30.6628 24.556 0.354354 8.2723 9.55634 12.9467 14.431 2.92254 1.53185 2.07801 10.6702 3.57187 7.11675 3.53892 121.895 149.797 26.0273 4.7071 16.3842 11.5668 20.0238 0.0257729 388.542
-79.637 1.36102 1.72353 8.91854 63.6844 39.4233 39.959 25.4384 22.738 4.69704 0.312355 7.02815 33.2265 10.3415 3.0702 0.669159 1.9613 7.7351 5.6537 8.76318 7.98267 123.051 142.421 25.5197 6.09101 17.0558 0.58704 10.0725 0.0208457 388.857
-79.637 1.50766 1.46124 8.89691 59.8719 51.0641 33.5589 18.3879 26.3467 10.3902 0.695119 1.73987 29.4492 7.86407 4.61318 1.33021 4.54374 3.96184 10.9297 13.0402 5.0367 122.336 144.623 20.8546 13.3729 2.91569 38.2902 26.511 0.0287393 396.509
-82.0388 1.50766 1.81656 7.11254 62.2289 54.364 29.6938 19.4705 26.2243 6.60815 8.50338 3.48109 23.8121 9.02727 6.24417 0.311548 1.6914 10.3219 10.095 10.2983 7.59812 114.606 158.375 3.47256 13.215 1.40149 13.3104 29.6901 0.0154466 390.945
-80.1241 1.50766 1.61909 7.9504 50.0448 54.364 29.6938 22.9455 26.2962 2.32738 16.0024 0.907328 28.5666 10.0788 1.97421 2.75195 1.07737 6.1291 5.73727 1.4019 28.2632 114.316 158.386 9.6556 11.3841 8.11229 19.985 27.1189 0.0126786 393.957
-80.1241 1.50766 1.59261 8.24108 52.7384 57.7565 29.7446 27.7638 25.4116 6.87788 17.6647 5.18212 21.5081 1.91835 0.628872 3.71535 1.51036 2.63311 9.21663 9.80331 25.4545 107.46 141.099 12.5305 10.0585 12.3918 13.0076 47.3989 0.01739 390.838
-80.1241 1.50766 1.54802 8.35169 55.1347 57.7565 27.9683 21.0581 24.5168 4.83498 11.3735 15.3801 25.4168 5.54124 1.62306 0.178378 3.57728 7.85459 4.7676 2.39237 32.6562 111.48 129.899 11.2676 0.124346 9.31571 31.5885 0.235709 0.00450025 396.19
-75.5785 1.25686 1.42092 9.72581 53.0525 61.8512 29.0945 21.545 23.786 6.76948 6.58122 18.801 18.0895 11.8539 2.07628 0.547502 3.66771 3.47311 3.30078 7.86479 24.0374 119.96 98.0663 47.9616 3.57557 19.3589 46.178 43.3309 0.0435499 404.155
-78.9587 1.39971 1.45265 8.89789 23.8027 91.1949 32.8426 21.6058 27.8976 3.26186 3.14895 14.1824 13.9664 15.1953 1.81832 2.94145 1.08071 6.06545 10.8259 8.15291 16.3759 142.955 98.1472 39.7689 7.4665 14.4268 11.2849 53.5301 0.047409 395.033
-77.5405 1.39971 1.47523 8.22486 23.8027 102.633 37.2519 15.3039 28.2998 3.47757 3.28463 1.07365 5.01008 19.267 5.3681 0.27997 7.73012 3.46862 12.0656 5.64453 16.1557 150.11 98.1472 45.4873 5.45621 2.44782 9.6326 60.8231 0.0160976 400.496
-79.7194 1.5189 1.49321 8.16333 27.2271 99.8688 20.5997 15.3039 31.9679 6.6963 4.05177 5.12665 11.1822 24.393 5.22116 5.27737 1.26428 5.75969 11.5211 3.6298 16.1422 128.357 98.1472 42.4996 13.6981 7.02439 30.8205 13.9021 0.037759 394.516
-79.9268 1.5189 1.37478 9.09052 49.9414 63.3047 19.7059 24.9953 45.9278 3.03925 4.00392 6.2529 3.75732 14.291 0.439582 19.3225 4.24694 7.43352 8.92612 4.04458 16.9828 150.772 70.9289 70.3586 1.71462 7.31787 1.78692 6.40814 0.0162645 398.002
-79.7799 1.34463 1.58299 8.72644 48.4733 63.3047 23.512 17.4651 43.7352 2.80898 9.80645 18.3976 9.27495 11.6713 8.91108 8.07854 0.639479 7.05813 12.8919 5.9408 2.10477 150.772 43.0277 101.586 4.52014 5.62073 8.36039 4.34134 0.011017 397.762
-79.4164 1.37992 1.67591 7.91675 46.4105 63.3047 18.3214 28.5181 42.0116 19.9215 16.986 2.23675 4.62622 4.15815 6.68462 2.15275 2.55053 14.5806 4.93975 5.9678 9.40737 163.131 27.507 83.7545 5.27259 24.4585 10.3681 14.9682 0.0130934 395.161
-79.5623 1.37992 1.67307 8.07735 45.0842 63.3047 17.8321 21.107 44.1536 30.6218 14.7395 4.97279 0.313325 5.02045 4.71913 10.0746 8.87915 8.76595 4.78553 0.334611 9.04782 156.085 34.3698 83.7545 6.44576 10.9336 8.50696 22.4966 0.021615 401.934
-81.0752 1.4517 1.73265 8.14404 39.372 85.4244 8.74824 37.2479 13.2945 18.2765 15.6304 16.1129 3.76158 2.05617 3.5795 10.2868 1.59715 16.3956 4.78553 5.71704 15.4783 158.639 22.6847 83.0062 3.03523 22.4379 13.717 36.7098 0.00459466 402.341
-81.0752 1.48059 1.66203 7.97769 36.7208 85.4244 12.2327 44.2884 10.5705 25.6939 14.9314 7.50514 0.835743 3.75163 5.70313 7.4143 1.5254 2.19795 7.10282 8.08965 23.3626 155.804 22.6847 63.2199 6.23416 39.7899 14.8225 22.4329 0.0445588 399.058
-81.0752 1.47801 1.60288 8.25685 39.6079 88.504 17.4553 46.2548 7.70073 19.9987 15.1472 1.82638 4.3136 7.00866 5.03166 3.71244 4.22205 1.33297 5.7694 12.619 22.5314 148.291 21.7147 37.0027 6.41653 60.7332 11.8446 14.943 0.104678 407.705
-81.0752 1.47801 1.63692 8.50158 34.8193 88.504 21.2292 32.3647 18.3723 19.1652 4.37066 9.79042 4.73099 1.73244 3.66208 2.63594 4.69901 1.9651 14.1453 15.4966 22.6114 148.291 68.4556 49.8341 10.7655 19.6191 11.0058 28.9572 0.0561203 397.118
-81.1902 1.52697 1.62756 7.64312 34.8193 89.2454 14.4617 35.6452 20.9247 31.585 1.63608 7.38165 3.24089 2.45004 1.97067 5.32657 3.98042 0.705364 5.09567 11.9278 19.1028 128.598 99.7936 49.8341 22.441 10.3546 6.5569 21.9156 0.0764918 395.797
-81.1902 1.52612 1.59939 10.6398 32.496 72.123 20.4399 44.1105 27.6407 26.105 4.88437 10.592 5.44984 0.0930335 3.86958 2.3474 3.33333 3.32749 4.12257 8.54136 37.3984 123.141 105.207 44.7042 12.4941 3.2162 1.5791 22.3585 0.0126822 397.211
-80.9778 1.45591 1.63158 10.3839 60.5203 41.4534 27.1357 29.7394 23.5235 25.8986 9.00934 12.406 1.32954 3.2412 7.08477 5.97149 2.11703 1.99285 3.22194 15.3956 25.5023 121.324 129.215 22.3654 23.2026 6.93758 6.2791 8.89701 0.0121934 393.23
-80.9778 1.45591 1.70258 9.83564 61.8541 42.4823 27.3835 16.6207 52.0278 12.6821 2.07615 17.6983 2.68346 18.8724 1.76856 0.998204 10.0004 2.33379 27.7064 10.3947 3.94313 100.3 119.744 53.3115 3.40879 10.0332 2.70301 29.5428 0.0104719 395.311
-80.9778 1.45591 1.62983 9.83564 59.7126 38.7833 26.9427 16.6207 54.7458 6.47515 6.9931 15.4049 10.975 12.9383 4.06504 2.21023 7.27141 11.0209 34.6499 5.39333 2.9706 96.7686 116.021 52.0157 6.77267 10.7404 2.22733 64.4442 0.0071054 395.631
-81.5984 1.5371 1.51289 10.225 60.3503 40.7138 31.7673 16.6207 54.7458 0.951324 3.55983 5.10486 15.414 8.58394 2.47377 5.48795 6.11451 10.5498 26.7814 4.2904 4.93028 103.912 150.459 28.919 7.81933 10.7053 6.56187 32.8381 0.00736725 393.32
-81.5865 1.5371 1.58831 10.5073 60.5961 33.6561 24.7664 23.1581 58.4179 8.75518 6.17608 5.02158 11.8951 2.85515 2.24962 7.7521 2.41501 5.93224 37.7215 3.20728 4.56524 106.117 152.406 18.8336 12.3672 11.582 6.76152 33.5663 0.00707164 395.434
-80.872 1.5371 1.57356 8.11245 60.9075 49.9399 26.0198 9.27014 49.9071 9.01883 3.19388 6.97673 8.75292 19.3931 1.61473 20.3877 0.670746 3.93604 9.48406 3.37821 5.12503 104.793 149.485 36.892 15.9151 11.5416 2.15028 21.556 0.0186111 395.714
-80.872 1.48775 1.55777 8.79777 58.2078 52.3111 29.0614 9.92313 49.6082 12.776 4.39692 12.6733 6.32404 16.8576 5.22835 13.1756 1.25687 5.78647 5.18055 4.27968 8.85188 106.794 148.252 23.2466 10.146 10.747 9.71239 20.2579 0.00636278 389.971
-80.872 1.48775 1.59466 8.48344 53.0313 53.021 21.9328 10.1699 63.8643 13.0435 12.812 10.0803 1.53325 17.924 1.66553 6.66368 2.77214 5.26476 2.52312 2.48197 7.15019 111.196 158.976 22.7933 8.25897 7.20533 21.3465 14.0793 0.00318423 387.862
-81.1949 1.48775 1.59466 8.65874 54.4532 52.3982 16.0718 17.332 57.7501 11.3144 8.4452 8.0788 9.75708 9.30999 3.52994 3.41305 5.83706 3.83588 4.04466 12.6824 7.15019 113.45 158.584 23.5338 1.48999 8.62178 36.8752 15.6661 0.0468655 390.069
-81.1949 1.47653 1.62019 8.68821 53.2981 54.8254 6.97634 17.6817 55.4028 10.8942 9.96057 12.3526 4.55153 14.406 6.27366 3.29529 5.1341 0.447076 9.36547 18.0048 7.72394 113.45 156.661 9.62481 5.29145 13.4425 8.20049 17.5642 0.0172412 388.553
-80.6972 1.50311 1.47177 10.1886 57.4568 45.7055 1.95183 22.7421 58.3483 5.28242 7.85449 11.1922 9.53073 18.881 5.36349 6.31324 2.8259 0.991203 7.77621 21.0431 8.38567 114.36 146.529 13 31.5326 1.63289 20.1331 11.6015 0.00432027 394.804
-80.6972 1.50311 1.55353 9.64143 58.7281 44.4339 3.66307 24.7087 60.5105 12.6034 5.66533 9.716 12.474 14.0667 3.01569 5.83303 2.26706 14.3261 2.80739 8.16278 8.38567 118.107 141.107 29.734 16.6785 6.62425 7.64331 7.70561 0.0177245 387.963
-80.6972 1.56398 1.39206 8.70324 69.8094 36.4422 4.701 21.9702 60.5105 17.1766 10.902 22.1901 5.69338 6.2795 0.488271 5.33931 2.55313 12.6264 2.17738 6.1804 13.0961 111.502 141.107 19.0867 2.26814 20.2901 8.72874 5.2808 0.00758831 393.678
-80.6972 1.48508 1.52465 8.92992 69.8094 30.0087 5.22755 23.2515 56.926 7.09762 9.79696 21.9906 11.1532 5.0703 6.47199 5.59855 3.34029 17.4494 1.32679 3.38775 8.12344 118.97 148.045 23.044 14.5211 2.21879 5.26339 7.04551 0.0332427 391.629
-80.6972 1.42738 1.53357 8.78767 69.9412 24.1335 5.22755 31.843 60.8831 3.69554 16.2436 19.9269 9.16225 2.43808 8.65401 4.76662 2.78069 13.9857 5.42625 3.83516 3.37121 118.799 139.371 32.816 11.2582 3.94504 16.1991 27.438 0.0168224 393.594
-80.6972 1.46161 1.70221 8.11119 87.0015 7.89379 16.2352 26.0253 54.7093 3.07873 9.39695 12.3415 24.43 1.59374 5.75222 4.10417 2.01506 3.36098 9.94171 6.13481 8.52796 130.842 138.367 26.036 9.20709 4.75709 15.1894 10.5777 0.009543 388.492
-80.3945 1.46161 1.62799 8.15444 87.0015 7.89379 22.9818 18.4923 54.7093 3.85193 21.6818 11.1724 24.8384 1.16889 3.58546 0.762512 4.04424 0.558181 2.92784 7.51364 11.4565 130.31 126.396 44.8275 21.1588 6.70834 7.93832 2.61919 0.0224149 392.126
-80.3945 1.46161 1.63585 7.8092 83.0714 12.3702 25.9093 18.9089 60.0716 3.35409 3.42359 9.65318 18.5654 5.23389 2.2246 6.42461 7.37699 2.62063 8.05282 8.23055 10.9868 132.493 125.199 27.5077 3.34095 11.4879 25.0331 4.36215 0.0510744 391.427
-80.3945 1.46161 1.71136 7.87591 63.7679 35.6139 10.8689 22.9943 65.8321 9.53772 7.90106 10.4239 3.26975 2.97484 7.4328 1.18198 8.96234 4.43789 10.4269 13.2012 6.18537 130.503 122.899 46.3121 14.792 10.3222 43.5101 17.3017 0.015563 396.232
-80.3945 1.46161 1.69313 8.08635 72.484 26.2077 10.8689 23.0837 68.6976 10.1313 2.20557 2.57628 5.60313 9.94745 4.02486 4.2559 14.4365 2.0063 0.276318 9.99688 18.3099 149.477 107.963 37.653 3.98123 9.87162 26.2418 15.4003 0.0104576 392.301
-80.3945 1.39549 1.76927 7.66778 74.7416 22.0673 10.7914 29.3886 68.6976 1.20516 6.81259 5.89673 3.96169 12.8243 2.86874 4.30735 12.3632 4.71133 0.449133 16.8629 20.4309 134.602 98.823 51.0052 5.88634 10.3653 35.1549 12.7097 0.0104576 397.105
-80.3945 1.3721 1.76137 7.09904 63.0745 46.2246 10.6887 18.973 65.9483 5.78608 6.88118 15.4979 7.96989 2.4999 7.38465 3.38846 8.38831 4.08266 6.62362 9.5639 12.4706 137.567 99.183 11.0534 46.8393 9.6015 26.7416 19.3426 0.010782 401.953
-78.2996 1.23241 1.74446 7.40272 55.3404 39.5579 31.7166 17.7414 61.8254 4.73709 18.5237 4.17946 6.64764 7.94914 6.31979 8.40114 6.20624 3.71236 2.48453 9.2204 4.06561 135.311 96.7168 29.7704 30.6744 12.1365 18.5741 18.7245 0.0239038 399.335
-78.2996 1.24723 1.76387 7.44777 66.0347 38.5794 22.8911 6.49719 59.9931 11.9636 18.4608 2.99557 12.5166 0.782653 16.6712 4.68548 0.308544 4.29652 11.6765 8.91071 8.78405 150.63 81.4169 49.5935 5.58547 12.2207 14.8404 3.44847 0.0124348 397.394
-78.2996 1.24723 1.71619 9.55251 67.8979 34.8043 21.2979 10.9388 62.0944 4.57362 13.0459 3.84992 18.4829 1.87047 2.20997 1.80495 12.018 5.07833 13.7068 13.0059 4.84829 133.931 92.2516 52.0915 7.09853 10.5589 36.1367 11.0232 0.00835756 394.736
-78.2996 1.27846 1.67161 8.29553 70.9415 40.5368 11.0429 8.20598 62.0944 0.944917 13.3796 0.820273 24.364 5.06056 7.32126 2.48404 4.27433 7.19479 16.4546 3.0368 7.85795 138.295 92.7594 68.4982 4.71855 7.91375 8.92929 26.0355 0.00688301 393.768
-78.2996 1.27846 1.68969 7.70386 70.9415 40.5368 15.8121 12.8233 62.0944 8.02871 15.0029 2.84147 15.3347 3.75648 6.86476 1.02892 4.04835 6.79253 2.91048 3.0368 12.5503 138.295 99.0107 69.9713 8.95823 3.99363 20.5914 13.9466 0.00392814 390.887
-78.2996 1.27846 1.7433 8.02119 65.5555 32.7167 17.6972 30.9532 53.2867 15.5086 6.93047 3.91226 17.2861 3.69221 5.16529 1.83687 3.56364 2.89367 4.00811 11.4244 13.431 138.917 92.9779 78.3616 6.80019 10.4036 21.8404 24.6934 0.0316361 390.646
-78.8787 1.25401 1.82031 7.88594 65.5555 38.5883 17.7966 27.2704 46.6881 11.7023 6.93047 3.43948 20.1446 4.01238 3.68906 2.07412 2.24303 1.97212 12.5954 14.0693 20.1757 143.196 87.1163 52.3988 7.70695 3.14746 7.49794 32.0433 0.0415793 392.391
-78.3521 1.25401 1.7703 7.98161 68.4721 25.5972 17.0132 33.589 53.654 9.61311 14.8311 3.78383 5.46174 7.0733 3.57162 4.61037 1.15533 8.47759 24.8729 2.31256 7.70362 144.925 103.535 44.0232 11.3325 3.65006 15.7514 34.8792 0.00987759 388.145
-79.2478 1.25401 1.88115 7.63813 68.4721 25.5972 18.001 33.589 61.681 13.3202 10.1896 3.51871 15.8251 1.01648 0.560494 4.48749 1.15533 4.85878 22.5445 3.30586 5.21447 143.903 102.186 34.8361 4.7578 10.4848 14.4158 16.62 0.00836569 393.341
-79.2478 1.25401 1.88115 7.989 60.708 26.7034 13.1054 33.589 62.6183 8.64815 9.84077 2.84214 19.1483 9.75843 0.586405 4.40147 0.473923 12.0896 27.4 6.30167 7.33376 126.035 77.4798 95.8962 21.5042 3.42674 3.98805 36.7756 0.0118613 400.825
-79.2478 1.19665 2.06055 7.30683 77.6336 9.66593 10.3165 33.589 62.6183 8.11825 9.23003 15.7089 12.4262 13.6112 0.554018 3.32374 0.473923 10.0935 24.1192 1.96628 8.41225 156.148 74.1661 59.5639 18.8577 2.78242 21.522 52.1394 0.021888 409.939
-70.4999 0.610359 1.93092 7.66903 77.4966 16.2116 10.3165 16.9332 68.9637 9.12188 20.5129 11.4604 10.1005 4.98497 4.35409 4.57778 1.26528 0.74579 10.6222 10.405 3.92514 123.285 156.367 19.0523 1.25879 9.42899 30.2002 25.1878 0.00822136 389.897
-68.5161 0.649835 1.70473 7.85846 71.6415 24.673 8.54824 11.9292 82.3545 12.7973 11.8123 6.19323 4.19699 8.32682 2.04628 6.42348 1.49958 5.62577 7.7838 15.4651 19.6097 108.006 138.83 24.8242 10.6576 12.986 23.6696 12.5494 0.00822102 386.501
-66.1143 0.409583 1.69798 8.32835 76.1939 17.9426 10.0015 15.397 82.3545 15.215 9.66307 9.79806 1.86815 7.06043 1.60643 5.33655 0.830159 9.82154 1.30583 9.50828 21.965 101.405 149.358 36.5357 20.1539 3.08929 18.7719 12.5497 0.0156118 385.822
-65.6085 0.386886 1.77566 8.1184 78.5198 9.826 8.93788 14.9013 82.3545 18.7976 14.0661 12.8961 1.25419 5.52285 1.11746 6.79347 0.49017 5.12903 12.4522 1.27274 18.515 113.367 153.696 18.1221 7.5688 10.3307 17.4015 1.54026 0.0071679 383.575
-63.2769 0.249439 1.71979 9.05337 71.3459 21.3408 8.93788 17.1534 82.3545 19.1105 10.8396 10.3698 2.55109 6.13155 1.53965 1.48209 0.252443 3.02981 14.713 7.91135 12.7358 112.247 156.264 13.175 11.039 16.8021 8.97079 7.97156 0.0443861 385.705
-62.8936 0.240578 1.80327 9.33273 71.6458 22.8019 12.956 13.7009 74.9477 18.7875 13.5334 10.7683 1.70503 3.67697 1.80443 5.31308 3.11359 3.75056 14.8197 3.54853 18.7516 112.073 154.342 4.00592 16.9274 28.5678 10.0595 16.9457 0.0581294 391.072
-63.3136 0.220031 1.77766 7.27636 72.3699 20.9562 12.1268 20.2026 75.1051 14.1756 2.75935 21.3651 0.270035 7.37063 1.17004 4.24575 1.22661 1.7218 9.60959 7.52601 22.2812 116.284 142.384 23.5633 4.90962 20.7032 17.7882 3.64901 0.0207627 386.389
-62.5604 0.179999 1.58211 8.75958 80.1031 10.0392 15.284 22.0706 72.1144 13.5257 16.2448 14.9231 0.232476 6.05718 5.90656 3.67619 2.98788 24.5861 0.638197 13.4109 11.9318 100.95 126.488 45.4003 1.60398 14.874 21.2519 0.488457 0.0139783 395.723
-63.0726 0.214992 1.73265 8.40471 75.1535 14.4024 14.5108 16.8246 77.7945 9.1504 3.42244 22.6095 3.27869 6.45909 6.43556 1.48392 6.02378 15.9277 7.33281 18.0564 13.5222 110.729 117.855 47.237 3.79853 8.8995 5.4973 24.255 0.0709636 392.224
-63.7788 0.288674 1.73355 7.91955 75.3275 14.4024 14.5108 16.5093 76.8984 4.45651 2.60766 28.5297 1.92875 7.16904 4.48286 0.66848 2.3187 17.0224 11.4236 16.1555 11.7241 98.393 154.469 2.93594 1.73779 17.9635 6.28333 42.1056 0.0539163 392.37
-63.0297 0.277467 1.71653 8.17285 78.9207 16.1471 12.7953 10.4011 78.097 7.70077 11.9597 14.8723 1.73608 13.3213 3.69343 0.93522 1.43076 12.5355 6.24355 13.3761 6.15353 109.553 165.784 2.93594 3.30003 24.7043 11.3643 41.5495 0.0484699 386.361
-60.5768 0.121521 1.64857 6.94358 78.2382 16.1471 17.6146 3.58867 78.097 6.18236 14.3761 15.1517 7.19363 6.2748 0.618023 3.34416 6.95935 13.3903 13.4965 5.06269 9.24363 112.843 154.119 16.1218 2.82718 5.93093 27.6032 36.8183 0.018115 388.12
-61.5696 0.170152 1.72042 6.65322 73.695 16.2564 18.8903 16.8887 72.9187 11.8127 6.3401 15.8569 8.32523 5.44773 2.62975 4.66261 3.82558 22.5651 8.29752 0.771719 6.25397 102.359 169.388 6.15681 9.89146 10.2006 14.6872 58.7676 0.00170771 391.126
-62.9262 0.214032 1.73657 8.09439 65.4881 17.9366 12.4155 22.5257 77.1419 20.6271 6.92798 7.67346 5.83694 2.72882 2.08489 11.3005 2.11943 3.77239 4.60508 18.2305 8.9025 100.29 187.1 7.51562 10.9048 8.27363 12.1087 9.28601 0.0616516 393.642
-61.6402 0.112661 1.85618 7.83698 64.0065 18.9556 20.9916 22.5257 77.1419 7.47438 16.9826 0.951068 4.45951 10.8571 2.88908 2.88092 1.81995 2.9173 12.8933 4.32906 35.2955 72.8923 185.287 9.14446 15.1051 5.47139 14.782 9.49141 0.0438819 393.132
-61.441 0.202185 1.54014 7.66283 62.8731 41.9318 6.65853 22.852 65.7403 13.1408 19.6454 10.6164 1.7192 10.2204 5.18722 0.86759 6.89791 0.968138 9.81919 5.08245 20.8255 74.7838 186.769 6.64645 14.9634 7.39352 8.47757 21.5111 0.0290663 391.15
-60.4806 0.205544 1.61964 8.13387 62.2203 38.2608 9.95773 31.1039 59.6843 9.1658 11.6481 4.74694 3.14312 18.4176 3.11565 0.525521 7.20779 1.15484 8.96737 4.1535 35.5049 74.7838 186.769 6.17281 16.9984 7.59068 14.8935 26.0068 0.0276817 393.588
-62.1985 0.214133 1.7393 7.93376 76.2871 23.0803 8.50568 43.3344 41.8152 15.891 11.6516 10.8687 4.04998 9.94004 1.04268 3.83551 8.76273 2.86229 17.8915 7.29756 14.1176 101.347 161.149 15.2611 0.804588 7.62369 14.6977 21.5796 0.00287403 386.432
-59.6552 0.0426322 1.6414 8.01788 68.304 22.4715 8.16911 55.4691 36.768 10.4688 13.3191 7.24833 16.3261 8.47175 1.47351 3.99245 5.61591 3.98415 29.8704 8.29408 5.02273 101.347 150.689 8.13261 3.32042 7.59648 22.3634 5.88514 0.000530324 389.193
-60.8736 0.042895 1.69941 8.60815 64.1884 32.4209 6.70542 49.1796 46.7409 7.46523 12.4821 7.80632 5.16339 9.28751 3.05909 3.64668 0.962672 5.25186 30.5913 1.88359 6.87876 95.9622 172.821 14.107 1.05135 7.7213 11.0838 10.413 0.00694457 385.44
-60.2969 0.0622165 1.67254 8.01733 64.1884 32.4209 9.16567 43.3526 46.4083 14.6788 6.7155 7.21874 8.86867 9.61351 4.87917 4.73767 1.77374 4.15479 28.4996 0.235231 6.90801 103.542 165.917 12.1813 2.86825 12.853 16.9017 36.7867 0.00191634 385.058
-61.1382 0.131075 1.57277 8.79694 65.48 32.4209 5.86022 43.2634 48.1829 11.826 10.3742 9.48134 10.157 5.94671 1.02382 0.924257 0.553502 4.08924 38.5567 1.9105 9.28228 97.3215 165.917 17.3233 5.64519 3.68414 17.8064 0.783321 0.00891662 386.129
-61.1382 0.14899 1.65571 7.97496 63.4467 35.354 7.03532 43.4604 48.1055 1.80893 7.63241 12.3608 13.7793 2.1884 11.7707 2.83273 7.09888 10.4352 20.7466 0.627221 4.15205 99.3008 164.121 30.1914 3.5637 8.17907 1.9289 10.9516 0.00410798 388.359
-61.4109 0.147664 1.62172 8.58707 63.4467 35.354 9.30292 33.4878 46.0528 20.3584 9.95917 16.0321 11.5111 2.40183 4.9063 1.11012 5.18924 6.49088 19.9921 2.60509 3.22713 104.322 156.41 14.0575 21.6584 22.1931 5.45365 43.527 0.0108296 389.413
-65.8432 0.440359 1.61924 8.52658 63.4467 35.354 18.8057 34.396 49.5969 16.9813 10.5072 3.82707 15.1478 8.35534 0.411792 2.0371 2.23713 6.51577 18.7905 2.58915 2.98814 110.021 154.249 15.8168 8.7082 7.60766 6.75156 38.3847 0.0161031 383.842
-67.3672 0.577565 1.57254 9.86966 67.6292 35.354 22.2925 28.8071 39.6013 21.0239 12.9134 9.83365 2.68864 2.10003 3.23099 5.51886 1.86739 3.77763 15.3372 7.85363 2.86884 115.154 145.898 29.0654 22.9492 7.75624 14.5819 13.0576 0.00990663 388.13
-66.665 0.562858 1.54969 10.2845 66.8772 26.4308 16.0244 35.3055 42.5665 20.4093 19.8492 0.548646 5.16524 2.45311 2.49494 10.0115 0.428434 6.08507 21.3966 2.0564 11.4307 118.727 151.149 19.0731 9.10791 1.06132 2.30476 19.7604 0.00307729 390.546
-68.3943 0.629957 1.63251 8.49055 72.4119 17.1655 14.7884 44.8621 37.8482 15.6187 14.7781 6.59651 1.56752 12.003 3.3891 2.41697 6.42415 7.05879 13.908 16.7911 0.232803 120.15 155.372 17.7476 4.23179 17.1 12.6997 22.5914 0.000858368 389.184
-69.2896 0.629957 1.6164 9.48743 72.852 23.9021 13.2892 40.6835 38.4369 24.1426 7.46115 6.62919 4.46605 11.3906 7.44155 3.14867 0.691571 6.2752 7.85816 12.0306 12.2291 116.982 148.621 23.9771 4.89669 11.6919 2.55434 2.13168 0.00811978 389.97
-69.1919 0.660493 1.62115 10.0846 71.0539 23.9021 4.34222 37.2871 55.4681 20.4248 8.37864 5.08115 1.80609 8.53553 8.75744 7.57419 0.55561 7.51263 11.2203 14.431 1.35634 122.613 142.089 17.7161 17.9435 5.59852 3.91654 24.3495 0.0033375 388.738
-64.9801 0.371989 1.62144 10.2854 67.6778 23.9021 16.3766 39.3564 50.7904 12.9577 1.17966 13.2062 3.24788 14.054 13.9332 6.87235 1.82718 2.28326 7.48987 9.91292 0.867049 118.48 141.701 27.0431 6.85001 4.47318 4.19229 8.44875 0.00485907 387.89
-63.951 0.319485 1.62184 10.046 67.6778 26.0157 15.2378 49.1389 48.5212 15.4323 7.4697 3.863 1.32514 10.079 12.3893 10.767 1.66968 2.28326 1.04644 8.18555 4.5701 120.409 155.36 4.30534 2.13978 4.91125 17.2967 3.28175 0.00464094 391.185
-62.8846 0.333264 1.59146 9.75852 67.6778 26.0157 15.3229 42.4019 48.5212 23.8759 1.48964 10.709 2.84647 5.8217 1.01971 9.89979 1.40188 2.28326 13.4359 11.5254 6.42243 115.715 146.999 12.714 21.3633 8.01444 21.2762 13.7783 0.00393732 387.463
-66.1016 0.459578 1.65443 9.86995 67.3822 35.3406 52.2251 5.8711 46.6253 18.0735 2.32143 6.94564 2.84647 5.8217 1.67731 0.839888 1.39557 8.84599 9.01922 12.3714 26.3918 109.936 145.719 3.32374 21.7375 12.1944 7.9546 2.2514 0.00395293 388.795
-68.0865 0.5927 1.60538 8.40242 68.9994 35.0364 34.309 10.1246 46.3864 17.765 2.01276 16.929 9.71006 5.06494 2.23873 3.93126 1.31709 1.43552 0.849975 3.76289 45.698 120.033 129.454 13.1683 21.9146 20.9824 11.3357 24.6021 0.00503923 388.043
-66.1613 0.548136 1.6305 8.21395 68.9994 36.8647 22.1865 10.4963 46.3864 26.2939 2.12288 1.99709 28.1926 2.78454 3.33061 3.8021 1.79849 6.55269 2.67997 3.76289 33.0015 125.662 126.937 12.3584 22.0472 14.4633 4.82426 3.9024 0.0157844 390.353
-66.5161 0.583458 1.59003 8.35545 75.846 38.46 21.5842 5.43389 47.4966 19.513 3.19231 9.01563 7.66849 6.0131 3.96536 2.59632 3.97788 9.77066 7.13433 1.48853 33.9016 128.873 113.476 43.5519 16.9699 9.06144 15.1037 2.12134 0.00528337 394.45
-64.1042 0.348436 1.63074 8.46755 62.8188 37.9145 20.2735 17.287 54.2956 10.2797 8.01658 5.97074 13.6261 11.0199 7.54685 5.21502 0.917511 7.11171 11.6808 4.63435 58.2708 97.1934 112.011 29.7362 14.5022 11.5288 6.89719 3.35743 0.00723944 387.942
-66.0785 0.404246 1.83108 7.78595 65.2529 30.9584 5.805 40.0938 72.2227 19.7461 6.23185 0.155689 10.904 6.30069 7.39086 1.42483 0.465621 5.10568 5.86686 5.3669 48.1497 102.658 111.133 33.8444 7.68296 26.1978 1.59312 1.02521 0.00780245 395.142
-63.309 0.290206 1.54442 8.59388 65.8316 30.9584 5.805 39.7043 57.862 18.0018 3.74317 3.99241 10.5217 2.18719 7.10758 7.60907 0.545224 8.77635 5.57603 9.40795 55.0138 105.876 92.5117 50.0995 5.49097 23.2182 2.6376 8.15914 0.0419186 395.255
-63.7906 0.338133 1.68272 7.58205 69.4728 30.9584 5.805 32.0029 57.862 25.4677 7.54723 2.32063 8.78011 0.160754 0.9582 7.60907 5.50015 8.72633 4.01169 8.52708 48.4618 100.061 111.819 51.6002 9.16694 9.05809 2.67875 0.757942 0.00872011 391.113
-70.7476 0.801752 1.67652 7.83931 69.2889 30.9584 9.97958 27.0031 58.0802 20.0911 7.79212 4.64129 1.77783 17.9758 0.30021 7.71591 5.09388 8.68403 13.0179 5.05184 28.772 99.5391 119.395 52.3561 9.49563 6.37579 5.24711 22.4305 0.0126563 389.266
-70.7476 0.801752 1.58468 8.28115 67.2934 30.9584 14.2407 23.4025 58.0802 6.72388 12.2059 1.86431 4.42771 12.4712 1.32847 7.15989 5.56547 9.3145 14.1063 7.66783 40.768 99.0936 114.244 54.136 2.06026 7.82362 8.91686 28.5618 0.0422307 391.282
-71.4795 0.894667 1.66412 7.53938 67.2934 30.9584 20.3766 24.4049 51.1205 10.0049 11.1716 24.5172 6.05438 11.3442 1.40657 3.5532 3.47928 9.6355 13.6254 5.31282 34.8154 92.4765 123.529 27.1241 17.8588 14.5043 3.70964 7.23042 0.0730328 393.132
-71.4795 0.894667 1.64568 7.88104 67.2934 36.0824 14.2818 40.1641 42.8125 2.17711 6.4973 26.9205 13.4029 6.31463 1.20274 0.872719 2.48956 8.17574 15.6774 10.7509 29.7809 104.925 111.647 41.2692 1.06448 8.76104 7.53239 22.7514 0.0114403 390.405
-72.4909 0.958834 1.65679 7.95181 63.0789 38.3233 10.8372 38.229 37.9579 2.36032 5.27021 17.7224 12.6004 13.6948 1.85829 0.991963 4.64183 8.02853 13.0897 13.4994 33.4793 104.23 111.647 53.7524 10.6281 7.55593 3.40277 35.705 0.0514279 392.347
-72.4584 0.878867 1.69754 8.37899 63.0789 36.186 10.8372 38.4349 48.7718 2.26194 3.46242 28.8779 16.3674 1.01047 2.29585 0.895196 1.29548 6.92607 1.84427 13.2406 39.205 104.497 122.381 36.1381 5.47188 2.83746 67.655 15.6836 0.00213645 393.919
-71.854 0.878867 1.65643 8.30997 63.0789 36.186 7.2066 36.8968 48.7718 2.61208 3.96753 16.2367 11.2483 16.8902 2.30614 1.5108 1.07039 11.4621 9.0953 16.9468 34.0185 97.8771 125.975 33.4348 20.2267 0.309682 12.0469 27.6187 0.0179577 390.302
-72.7401 0.892777 1.66521 8.30997 63.0789 36.186 7.24416 36.92 44.7676 0.785519 23.5521 8.84502 8.2818 17.816 6.34356 1.07107 3.25966 11.3404 6.50731 16.594 34.0185 99.3624 131.954 12.6947 15.443 9.188 12.0187 2.56775 0.0268874 389.448
-74.601 1.04017 1.66851 8.45664 64.5674 36.186 7.24416 50.5965 33.1618 3.31058 15.6958 1.8101 5.2552 22.9656 3.14772 1.07107 8.59665 12.4252 16.257 6.19409 37.9341 78.2497 160.934 0.334184 3.50626 13.7569 12.0693 4.91666 0.0332667 392.064
-74.5878 1.02129 1.71706 8.14534 60.9964 50.9271 7.24416 35.1145 38.2928 3.66748 18.0331 2.67721 14.0182 19.4613 1.51927 1.7782 3.73722 11.9154 9.22583 8.9395 26.4939 90.2406 158.867 0.10226 4.14044 23.4148 13.8074 2.91723 0.00928024 391.975
-73.3258 0.831303 1.9375 7.86285 74.532 35.1495 40.2095 18.7931 31.7056 3.26866 0.815788 4.93743 32.9925 7.96069 2.50157 1.54223 2.26303 15.9966 2.83531 9.09994 6.27413 89.6276 184.448 14.0479 2.16232 5.5664 0.757314 11.0414 0.0237332 394.852
-73.3258 0.916635 1.69385 8.82527 71.2207 25.8813 56.3352 11.7666 31.7521 5.84956 3.8519 3.69659 7.39097 13.9129 5.77544 8.80942 2.64628 16.0231 10.694 8.87838 8.09266 69.8387 184.459 26.2063 9.18848 5.24489 2.8213 9.20377 0.0123993 395.792
-73.3258 0.9551 1.68886 8.23992 71.1034 25.8813 52.1395 14.8357 37.6392 7.33102 2.92841 7.93389 17.1841 13.8299 2.41013 3.80606 2.55586 2.07447 19.1953 5.67607 6.47257 111.759 151.185 24.392 16.9416 1.93255 4.9631 9.80673 0.0288604 383.161
-65.0718 0.374161 1.70647 7.86386 70.6841 25.8813 43.5615 16.2825 42.9654 6.04744 13.079 11.3045 14.5178 2.44223 2.17356 3.14865 2.34321 7.02698 19.8927 5.84687 5.85853 111.759 155.294 16.151 12.794 11.0164 2.87541 5.22575 0.0172685 379.043
-65.3243 0.407764 1.71011 7.68099 70.6841 25.8813 45.3221 15.7626 45.5338 0.52746 19.2415 8.92347 13.2815 1.89766 0.986988 2.62193 2.10927 4.8203 20.1344 7.34883 8.52679 111.759 154.837 10.528 8.34423 5.10958 3.90011 30.3035 0.00553436 382.602
-64.4015 0.193165 1.91957 7.30395 70.6841 25.8813 48.7475 14.8187 38.3079 0.739861 15.5806 11.8807 16.2747 4.72671 6.31445 0.285527 1.01624 18.2698 20.1046 0.790135 5.47525 111.905 139.363 14.8501 8.36578 7.62487 29.4339 17.0904 0.0125201 393.069
-62.8802 0.188846 1.81606 7.36174 77.0167 17.7298 48.9189 15.0976 39.7116 6.23266 9.799 1.58093 6.30156 5.40793 6.78742 8.7808 3.19473 12.6628 15.6012 5.20826 17.1316 108.166 153.629 17.1291 14.1462 24.6524 21.3164 20.3262 0.00517586 390.234
-62.9234 0.258361 1.72487 7.82986 77.0167 17.7298 44.7937 19.2745 38.2014 2.91365 17.2553 5.22051 9.56871 3.83435 7.08449 10.5518 1.17518 12.1591 6.10737 11.2172 11.3689 106.248 155.088 23.0375 0.770152 2.12451 25.9269 12.8683 0.0161375 386.3
-61.1427 0.0837552 1.76791 8.11843 77.865 17.7298 43.4815 26.5285 30.4247 6.64704 19.7448 3.28837 13.1982 5.54299 5.02373 7.04808 2.64792 2.79545 2.65574 11.0888 15.3228 120.688 142.473 21.2109 0.811398 5.35011 34.8062 14.2647 0.0424958 385.806
-61.3411 0.13116 1.73099 8.00716 77.865 17.7298 34.8018 26.1881 36.5466 5.57655 20.7532 5.05457 8.04113 14.6451 4.9238 5.91671 1.01415 5.38039 4.85302 4.5317 12.5851 128.6 135.257 24.3395 6.34456 4.14713 35.65 35.2922 0.0432597 385.912
-62.2201 0.114904 1.74254 7.93878 79.1015 17.4079 13.6054 40.1307 36.6145 4.02903 10.1878 24.2901 1.17334 15.1343 4.39525 6.2753 5.80144 3.38264 7.46081 12.0779 10.9465 131.526 130.013 23.9831 2.77179 14.2936 12.5284 13.5615 0.0217557 389.359
-61.6032 0.206906 1.67338 8.22923 79.1293 17.4079 16.2046 33.1923 40.5421 2.43958 27.0435 21.3848 2.49419 1.62737 1.16377 9.09199 5.11233 5.98231 9.79666 7.91767 12.0289 124.943 113.497 34.2507 8.72816 9.44787 5.31691 43.4361 0.0166004 391.889
-63.5698 0.259791 1.76251 7.96727 75.6798 17.4079 4.33732 40.4256 46.6922 0.914311 8.35035 9.1313 13.2513 2.99394 5.83341 15.5242 7.77019 5.25926 15.4453 2.82379 21.373 111.389 158.266 17.2904 0.716627 16.6722 9.88944 24.5653 0.0148277 392.414
-62.6667 0.152359 1.83678 8.0033 62.9164 42.1287 4.33732 40.4256 48.9553 2.2798 6.4664 8.65734 15.5549 1.23181 2.99068 11.5831 6.40723 5.97217 12.572 2.82379 19.308 104.744 156.696 23.4796 9.17836 30.0113 8.85845 32.258 0.0195404 392.569
-60.9727 0.152359 1.69474 8.1861 61.8904 48.411 2.44865 31.7889 52.1732 8.70722 5.72846 8.93107 6.47278 2.32037 0.712808 11.5831 9.86248 9.45378 7.38496 2.82379 15.4851 111.479 153.884 12.2473 2.15082 33.9192 10.6283 7.1077 0.00130631 391.281
-61.5706 0.135183 1.65751 8.47398 56.6693 46.9459 6.0764 49.0804 43.5997 9.57221 11.2082 3.72733 11.0056 6.76271 0.096454 4.8456 5.94003 8.65918 0.555827 6.54064 17.0834 118.114 154.073 4.24098 13.34 20.1326 32.5802 10.3521 0.00881453 386.953
-61.5706 0.135183 1.6555 8.16707 55.3649 54.5613 4.11037 49.0804 35.4373 3.28334 6.26589 8.13463 9.16689 8.16437 5.26352 4.96706 6.42423 5.8661 7.84107 10.8383 21.1279 110.827 154.1 8.44707 3.32311 26.7307 12.0058 4.55235 0.0368823 385.021
-61.5706 0.135183 1.69654 8.17302 52.9127 56.1476 6.52211 59.1168 24.7279 5.73268 2.07298 6.69398 13.5329 5.0761 3.21275 5.32368 16.5015 8.89112 8.20556 10.8383 7.58406 108.109 156.344 11.1433 13.3945 16.9752 14.5923 0.484221 0.0345357 388.225
-61.5706 0.135183 1.61376 8.32596 51.0575 54.485 6.6653 56.9793 19.9742 6.19804 6.75911 6.25858 24.9232 11.461 1.67212 2.6921 4.29714 13.7511 7.068 1.97054 18.4665 110.041 150.093 10.9953 19.9623 15.0864 10.4669 10.0483 0.0155262 387.183
-60.2139 0.135183 1.62856 8.18429 53.3992 50.6608 14.3846 58.3908 19.9742 1.90018 8.64536 4.92162 27.2021 11.5905 1.7687 5.96703 2.0366 3.18677 4.92766 4.17671 22.8022 104.202 155.569 21.0646 8.17122 11.4245 15.6092 34.585 0.00423521 386.006
-62.4557 0.197936 1.7246 7.34561 63.1821 37.3896 14.8603 59.8232 19.9742 3.34529 14.2025 1.18145 24.4463 4.81177 0.778641 4.43578 3.34842 1.87937 12.0627 7.3859 21.9361 110.453 154.558 8.95589 9.22175 9.8215 19.6078 10.1084 0.00177378 383.747
-62.8219 0.225059 1.73998 8.23212 63.1821 36.5682 2.49923 65.305 23.2855 9.0266 7.97784 0.648299 29.6875 6.77318 2.80449 6.86216 4.08391 2.52044 1.06901 18.1097 12.8785 104.727 153.701 23.2634 3.71015 11.5867 29.0017 15.3744 0.00748186 386.131
-62.9225 0.216079 1.73182 8.23212 63.549 36.5682 4.46681 65.305 18.7045 9.3601 5.35163 21.0185 19.952 4.78181 4.11608 6.66718 8.54006 8.84221 1.06901 0.773376 15.1799 104.904 143.986 35.4929 3.78159 4.71806 29.0017 9.47802 0.0117016 387.842
-62.4277 0.230881 1.65689 8.22627 71.5481 36.5682 4.15228 64.4938 11.862 5.31138 2.69726 21.9435 15.5461 4.50479 4.97598 1.90563 6.41551 10.7291 15.6088 3.67011 13.4372 106.481 162.965 8.05719 6.7688 11.151 1.24392 18.4382 0.0229861 386.428
-61.7163 0.212905 1.6468 8.11488 75.1203 24.4056 5.87145 69.4484 17.0901 4.68823 5.29026 18.3738 16.4519 8.87074 0.9305 3.12915 9.03752 11.1119 11.4671 3.46854 11.1111 105.321 159.616 6.98535 3.65279 14.3112 14.4795 29.097 0.00131167 384.726
-62.3563 0.19116 1.69369 8.07789 70.8177 23.9077 5.87145 69.4484 24.4056 6.29759 5.41132 16.7561 13.6716 14.2423 2.67548 1.42573 3.93175 9.13102 14.7673 2.83046 1.38281 117.556 154.446 14.7298 16.355 14.023 20.8811 12.2985 0.00667115 383.93
-61.6105 0.176572 1.64962 8.07474 82.0214 13.6067 8.17367 66.4762 14.7818 3.02919 9.95367 21.5045 14.292 14.5275 1.77416 0.226458 1.41137 8.04793 13.3876 14.2487 4.87394 124.736 151.459 8.42428 2.08383 11.9115 9.04661 17.1492 0.0278598 386.536
-59.7402 0.0949423 1.64116 8.12114 82.0214 11.935 10.3293 66.4762 12.9814 9.5564 7.07343 25.4043 10.7223 13.1914 3.04666 1.53781 3.93672 6.15348 12.8826 8.01503 2.74788 131.683 134.47 13.1406 5.55473 39.2706 11.1384 12.1463 0.00751352 390.573
-60.575 0.104877 1.61495 8.64434 83.9098 4.58981 28.4473 58.7189 20.4711 3.35766 1.85935 19.7986 6.6899 13.1721 9.20154 0.131158 1.72474 8.8429 14.698 7.02425 11.3552 123.827 144.153 11.9411 2.73362 15.9069 17.9624 18.4752 0.00296653 385.134
-61.0751 0.184506 1.63038 7.82251 83.9098 4.58981 31.8529 58.7189 14.7105 3.36506 2.46704 18.9432 16.2562 10.9013 3.20876 1.33696 2.54715 10.2943 8.99073 16.5769 7.1478 110.926 135.642 42.1657 10.687 11.0127 4.5767 12.2358 0.000922188 384.723
-61.2615 0.0470334 1.84128 7.82251 83.6098 4.58981 34.0922 58.7189 15.5142 7.22694 2.46704 13.7964 13.1207 10.0335 1.83726 1.62146 3.81581 12.596 2.28593 16.6359 15.6137 116.213 122.633 46.0533 0.189948 11.1722 11.7534 17.8679 0.00412027 385.468
-60.9118 0.0569803 1.80091 7.59955 82.0098 4.37591 35.2112 52.6944 20.3051 6.76695 7.6842 9.8524 14.216 7.90689 0.815412 2.70867 2.46152 10.1246 0.761151 25.3655 19.159 112.17 139.326 16.0865 2.93435 15.2224 15.0835 19.21 0.0107493 387.449
-61.7682 0.135143 1.76394 8.0275 83.2921 0.576443 51.3522 49.9817 7.18851 4.77236 2.3076 13.752 19.2134 9.578 1.11361 5.97375 1.0437 14.8695 2.61381 20.1967 6.94062 111.895 138.797 32.1006 0.565506 11.7464 42.9468 19.9931 0.00577465 388.539
-59.7409 0.0591548 1.75441 7.86136 83.2921 2.83875 46.4555 50.9225 7.85276 4.99757 4.95925 22.1622 21.1568 2.31511 0.904258 4.2954 0.915658 2.19395 4.72688 25.0294 3.14154 110.214 157.947 12.587 2.0956 14.2784 1.18878 13.6227 0.0106041 385.633
-59.7409 0.0591548 1.71345 7.85035 84.0496 2.36743 46.3425 50.9225 4.04945 14.8313 1.06754 28.4035 18.7001 2.51576 2.67012 3.04587 4.51191 1.68447 6.31016 10.5865 8.93224 109.64 159.339 4.61814 9.8131 22.7121 3.37596 14.9047 0.0106041 387.958
-61.1487 0.0974899 1.73259 6.83123 84.0496 2.36743 49.4151 51.1638 6.99359 14.7172 4.40404 5.12318 10.2806 15.4775 2.97074 2.31637 2.55113 9.42769 15.5896 7.8949 3.16946 113.967 157.794 8.21238 19.9337 10.7697 14.9404 1.05096 0.0173048 385.899
-60.1594 0.0974899 1.62697 8.3298 84.0496 8.65723 36.9143 53.8227 4.30413 21.6045 4.50735 5.96861 6.82707 17.0933 1.02043 2.23189 3.78001 10.6837 21.3465 7.35815 5.03241 120.876 157.794 3.73159 9.14352 2.64692 7.19041 44.3757 0.00268863 389.502
-61.4397 0.100137 1.63687 8.84739 84.0496 8.65723 43.1622 44.9011 3.67335 19.8355 12.534 4.51505 10.8238 12.6221 0.974763 3.73124 1.1132 11.1357 22.1522 5.19652 1.14972 116.077 154.081 18.356 11.9943 1.26231 21.831 36.3462 0.00197113 387.86
-59.9535 0.031937 1.66293 9.52206 84.0496 14.2695 40.5025 43.8264 8.52569 4.14142 13.5693 11.1895 16.0383 16.1673 6.25119 0.157791 4.53302 10.9849 2.57532 4.46464 4.46054 119.653 149.427 15.2105 7.6962 0.629467 4.9972 28.9857 0.00428142 391.773
-60.1417 0.031937 1.67472 9.51561 84.1596 14.0877 45.0893 38.9433 4.96287 2.65524 12.524 13.4484 17.6323 11.8009 7.33449 3.84547 2.13581 16.5021 3.30141 1.59149 1.55232 121.599 144.634 26.272 8.35887 7.31605 4.64778 40.3388 0.00955653 392.199
-60.5026 0.0794785 1.63509 10.2062 75.0897 12.5023 21.3452 40.8112 30.7111 16.0667 14.7911 9.33824 16.7907 9.80016 1.04247 4.86098 3.21989 12.2162 7.97346 4.81381 3.44654 119.426 144.731 28.7198 1.05087 14.6127 19.589 19.9909 0.00230209 388.467
-60.8514 0.0808806 1.69111 8.20037 76.0026 12.5719 20.009 61.6783 25.4528 4.607 15.4918 8.41311 9.22149 8.41545 5.78247 2.03438 2.77433 15.1168 8.77203 13.7555 4.66095 119.191 135.566 11.9203 12.7329 15.4175 19.9415 34.103 0.0134482 386.977
-60.8657 0.0971702 1.70316 8.377 59.7694 12.5719 40.4438 64.9237 22.0694 5.94752 2.61668 6.18421 5.74479 7.43402 8.51978 3.84404 3.75367 23.4608 1.96611 19.875 4.50962 118.775 143.497 12.469 9.21675 15.8825 7.37256 47.2039 0.0123827 393.198
-60.6492 0.101926 1.69375 8.11912 59.7694 12.5719 40.4438 64.9237 23.0401 4.4235 5.77833 7.63183 9.37804 7.4745 9.54139 3.20144 1.70894 13.2518 3.05814 14.262 4.92561 119.737 155.597 11.0018 19.2025 15.0531 6.01301 29.8027 0.00847313 389.244
-60.6951 0.0949236 1.65183 7.90767 60.4863 17.0386 41.4914 61.4468 20.0444 0.749704 15.9982 11.5904 3.4534 9.53426 9.30719 2.56113 1.90304 3.737 8.38661 21.9466 9.73071 119.755 140.468 15.1867 9.70489 18.0541 10.779 30.4061 0.0164863 393.255
-59.9586 0.0845544 1.71289 7.17319 58.2968 24.8277 38.0123 57.073 26.2974 0.237255 4.19788 20.9533 9.57215 2.98085 3.20237 2.07735 5.4896 4.50722 13.1917 7.0286 9.90717 119.069 157.228 10.721 14.5629 6.39737 7.58489 36.4381 0.00188382 391.411
-59.5455 0.0564003 1.60853 8.45991 56.9148 24.8277 44.9125 52.9818 15.9983 5.49927 4.76547 24.5894 1.90683 8.32124 1.10382 3.47127 9.87766 4.60482 9.18645 12.3883 10.9676 107.058 146.74 26.9789 24.118 0.108536 4.95104 71.4727 0.00710941 394.205
-59.9871 0.0684506 1.56825 8.63183 71.6405 24.8277 32.4838 50.3415 1.47566 2.54305 13.178 32.2542 10.3907 1.43737 2.75718 7.13836 2.14326 2.86289 14.5615 4.744 15.4541 115.974 155.258 10.1003 14.727 10.3242 0.939614 47.5164 0.00259797 387.936
-58.8025 0.0893051 1.45674 8.65935 71.6405 24.8277 36.2073 48.125 6.93959 18.3132 13.1207 16.7709 9.53511 1.41469 6.81199 9.89859 2.66714 7.10336 9.12281 4.744 15.3107 101.503 144.325 33.4196 1.93958 1.82992 6.04539 2.61348 0.0590041 391.023
-59.2173 0.0628381 1.57529 10.127 71.6405 18.9122 41.4459 50.3005 8.20526 13.3823 1.63948 23.7235 8.71699 9.98791 4.06298 9.89859 2.80842 7.72907 2.61258 8.24252 5.87232 106.192 147.199 42.1025 4.06918 10.1641 16.669 3.67387 0.0323933 390.081
-60.3163 0.0921428 1.62143 9.95852 68.5985 26.3474 26.928 50.5886 16.5373 4.05705 1.35084 23.7235 9.24615 21.4265 5.29125 0.778517 3.24711 10.1177 3.48894 7.46852 8.69246 121.225 126.135 60.1845 6.34087 3.47635 5.62057 17.5079 0.0357333 388.414
-62.0281 0.221362 1.51943 8.89157 78.2766 17.9516 25.0075 21.9974 52.8403 3.37503 4.23923 8.23877 8.28818 10.3408 4.01452 1.55556 7.48759 30.9308 9.86323 3.02466 31.2636 101.82 117.661 45.7209 6.27417 9.03623 7.10427 6.65097 0.0260501 389.436
-60.9057 0.19756 1.49743 8.83717 73.9406 17.9319 39.5318 13.9062 56.426 8.4393 5.23739 8.90923 12.4875 18.8178 1.45502 13.5933 9.30635 26.7067 7.24782 8.27853 12.2718 85.7736 104.93 69.1891 4.90187 1.4244 9.54692 0.352858 0.0233594 396.306
-62.5345 0.27576 1.55885 7.51254 73.687 17.9319 42.4169 9.36893 52.4557 9.48383 4.57262 15.9149 11.5951 22.477 0.192763 0.713526 16.5701 16.3107 2.88257 7.38962 18.729 93.765 114.359 56.5593 9.37192 8.80487 3.7647 29.2649 0.00266289 393.732
-61.6233 0.23233 1.62091 8.0465 73.687 17.9319 42.4169 9.36893 52.4557 11.1707 5.20351 10.0912 8.35608 15.6139 0.174688 1.26938 10.2135 15.2929 14.5997 12.4822 24.0345 99.6373 110.823 48.4944 8.57883 7.94496 4.05375 12.2798 0.024256 387.196
-61.4149 0.164745 1.64926 8.43076 73.687 19.3079 51.1614 9.36893 44.5384 15.5269 3.69144 11.5774 9.72045 15.3404 1.441 3.37248 9.30903 5.73338 14.3461 14.193 21.6506 98.9774 109.417 50.535 15.4179 14.7105 3.6795 0.6209 0.0602222 390.514
-61.1629 0.143734 1.62887 7.39331 78.7634 19.3079 45.1488 10.8918 42.5769 13.8731 4.12795 8.38596 10.0976 19.5008 2.80002 7.32706 0.763346 4.74148 9.06635 4.15093 25.8227 106.726 123.096 36.5367 10.5622 4.00778 16.8164 14.7865 0.0423544 392.444
-61.3433 0.120569 1.59524 8.06907 71.2651 19.3079 44.1552 16.3788 36.2629 7.25176 6.72527 29.401 10.717 13.0638 4.99886 2.95021 8.51353 3.51237 1.63631 0.874253 16.8385 108.449 159.502 14.2035 12.2094 19.7744 7.27048 14.6183 0.0071686 392.302
-61.0076 0.153035 1.67878 7.86001 69.2114 19.3079 49.3817 16.6133 44.6024 2.30534 9.81066 23.5897 4.29815 7.91773 3.0826 2.36242 2.88517 1.44939 1.63631 3.81989 18.6632 112.25 177.126 5.10694 0.564551 10.0798 12.5921 5.35534 0.0342008 387.591
-62.1118 0.173249 1.58921 8.55263 67.0885 19.3079 54.5798 16.6133 36.3914 14.3089 13.2679 14.5582 2.56075 7.53564 3.93213 1.9582 2.5232 1.6898 6.10203 3.01983 24.597 107.662 162.635 11.116 5.11858 4.80645 22.3324 7.04175 0.00998945 386.189
-61.7833 0.293116 1.52748 8.33993 69.1042 24.479 51.6714 31.9644 26.5533 10.1023 16.3202 18.733 4.05624 3.29316 5.44542 7.03881 6.25662 6.99089 2.83419 1.05684 17.6491 92.8342 167.43 16.4712 2.17523 1.48619 20.9031 5.24491 0.0165898 391.989
-64.323 0.318994 1.68341 8.54262 70.8469 24.479 50.0191 16.9174 29.4315 9.78545 11.1036 9.44346 16.7763 3.04657 3.92309 5.81697 0.6866 6.63126 4.65506 2.1188 18.62 107.385 179.37 2.41275 9.70061 9.58346 10.6435 9.99538 0.0327241 383.554
-64.323 0.380874 1.62755 7.93076 71.9422 22.6749 47.7714 18.1362 21.9153 21.4176 4.22624 1.51542 13.7863 6.02032 2.26382 10.4999 3.60464 3.29795 34.8377 1.83691 12.6641 100.962 163.399 13.1393 5.10698 3.64706 15.3013 14.7459 0.00661652 391.01
-64.1304 0.38118 1.55183 7.94049 71.9422 21.2196 57.7412 35.2264 10.5027 27.1235 4.24416 9.37313 8.38532 3.26955 3.6997 4.75218 0.945756 3.66325 2.68252 3.38001 23.2998 105.992 162.42 10.6744 17.5621 20.1644 19.1106 4.7925 0.0540591 387.899
-63.9636 0.35132 1.72543 8.11112 72.0255 21.2196 49.4429 22.177 29.8589 20.4159 7.34048 6.58892 14.6251 3.99967 2.55127 4.0586 6.47489 0.945264 5.36479 10.2486 7.70274 109.778 163.299 20.1353 9.65479 10.9515 4.60732 25.864 0.0403911 383.704
-62.9405 0.260223 1.71124 7.09874 63.8953 21.0562 48.0341 22.9349 35.6712 15.4169 5.91851 2.85922 16.6028 10.2418 2.28569 17.6825 2.27111 2.79644 5.19105 11.8222 9.35258 113.61 153.686 24.383 2.48889 3.49931 7.8103 10.453 0.00957602 392.594
-62.1939 0.245223 1.67552 7.5797 71.0881 21.0562 48.0341 22.9349 34.8848 5.74258 10.3305 2.40279 17.6999 5.66265 1.91152 6.02217 2.94307 2.51794 2.27904 25.6581 3.56256 114.358 167.151 10.4702 5.06417 26.9976 9.16417 17.9394 0.00367031 386.85
-60.0591 0.0943853 1.66574 7.63048 71.0881 29.7849 39.2174 15.048 46.3506 5.93393 7.23733 3.76278 27.011 2.33778 2.2733 6.21201 3.31836 3.34594 2.08852 13.5638 5.5714 121.732 161.001 7.78244 10.5503 20.1114 2.86465 25.5345 0.00246547 385.305
-59.9309 0.0750097 1.56983 7.89962 69.5358 27.0384 33.7073 8.4645 51.5248 3.86901 3.48412 4.70249 35.5342 3.30859 2.396 8.00985 2.44429 10.9037 2.86353 9.42025 6.97066 108.801 172.146 19.5445 7.79469 5.36599 14.9563 17.4017 0.0221546 389.015
-60.1195 0.0272686 1.6141 8.35094 69.5358 30.4822 37.8671 8.4645 51.5248 3.61721 11.4723 10.0788 17.9362 3.16173 10.4322 4.19612 7.96722 16.3546 0.457992 6.93623 10.201 101.2 162.83 11.333 8.07559 5.03314 0.970894 43.134 0.00128608 391.525
-60.9289 0.111754 1.564 8.09353 67.5529 30.4822 37.8671 16.6619 52.5398 5.97694 23.6148 0.703156 14.1021 4.76704 6.17764 2.04799 4.2098 10.8697 6.33316 1.66519 4.73055 102.859 167.55 20.8935 13.1438 13.9022 1.29471 18.3638 0.00239801 388.665
-60.6536 0.0774187 1.64742 10.144 62.3296 30.1441 33.8262 11.4052 55.9463 3.68141 11.0273 6.6597 7.2574 6.01414 2.74956 3.998 7.07452 7.13785 6.99578 19.9336 7.55104 113.435 164.518 4.53555 12.347 13.3014 2.0112 8.09984 0.00724591 387.333
-60.668 0.178627 1.63004 7.52847 68.5252 29.9711 24.5377 14.7432 61.5894 16.6587 4.57302 16.5579 3.42369 6.06098 6.43771 0.820334 2.80443 12.3833 3.77704 9.20477 3.09712 112.932 164.695 14.1535 6.99092 8.53524 9.79277 9.54481 0.00807415 384.918
-62.092 0.203485 1.69172 7.45884 70.864 24.9824 30.742 16.0096 54.2811 18.2506 7.72857 9.164 8.93361 7.10689 1.88791 2.44351 1.5455 6.74375 3.77704 4.10914 16.3017 114.924 161.942 9.2266 6.82004 6.47475 10.2287 29.9029 0.0201674 381.188
-61.8463 0.171929 1.63055 8.67486 70.864 24.9824 37.6954 12.2785 54.2811 17.5627 9.4386 11.2934 5.51208 0.793457 0.471677 6.21386 1.37551 6.40379 2.51863 9.67852 14.0354 116.191 153.736 12.7537 9.32077 20.5675 5.86764 10.6156 0.017711 380.418
-62.5887 0.174753 1.63952 8.81543 68.6243 21.9462 42.5953 5.01414 54.2811 15.9316 0.33663 4.26836 28.6556 2.77466 5.0769 2.01562 2.48464 1.33252 5.26392 9.67852 12.4415 121.983 153.736 9.70986 6.1424 12.291 14.1211 26.9038 0.0321619 387.98
-66.1969 0.516436 1.61313 7.56394 74.7466 21.9462 57.607 7.42331 26.3445 24.3737 10.4669 7.0238 20.0621 4.71217 8.78607 2.20046 1.54231 5.29699 9.21049 7.28603 4.44894 119.958 136.501 26.985 2.74579 12.519 4.04514 34.2931 0.000776485 386.55
-66.7821 0.516436 1.63401 8.23402 78.5731 24.3624 48.0929 7.65216 28.2548 34.8233 4.06369 4.10168 18.7326 4.8582 3.38759 4.29712 3.98576 5.29699 6.29188 6.83593 2.24083 130.735 133.078 31.1515 6.08974 15.177 5.43574 79.6633 0.00369298 392.317
-67.4821 0.537843 1.62473 8.44254 73.9158 24.3624 55.5542 2.6313 28.0134 35.534 3.42477 2.46774 18.9919 10.5589 2.33372 3.93354 2.82519 7.52481 1.00332 16.256 4.15411 122.087 129.815 41.2714 12.0826 17.6015 2.21247 66.1894 0.00921318 394.326
-67.4821 0.542794 1.54935 9.05398 73.9158 24.3624 55.5542 2.03792 29.9422 35.534 1.50092 4.34615 11.4865 16.6397 1.6991 0.753708 3.28522 3.69154 7.62938 15.3167 5.58811 119.514 129.137 38.9458 16.4653 2.056 29.7265 63.3402 0.032456 394.571
-67.4821 0.580487 1.69834 7.89127 72.4957 20.7663 51.9024 6.09154 42.76 26.6367 2.60982 3.93983 8.54377 15.8719 1.6991 3.45526 3.37944 3.69154 7.97327 11.0315 7.61884 102.051 134.096 39.3258 12.3644 11.0895 31.5707 31.0829 0.0323258 395.144
-67.8109 0.593915 1.68701 8.34056 71.831 21.4226 74.6511 4.80373 28.8144 17.8014 16.6173 3.93983 7.0992 1.54391 0.968012 1.78541 2.91086 6.55008 6.99186 16.2308 9.65429 113.246 140.828 37.3997 3.10485 2.04437 47.1372 31.9951 0.0326288 387.361
-70.8054 0.789478 1.6717 7.4306 71.831 21.4226 74.6511 6.10676 26.5001 17.7232 10.7578 7.00386 8.67177 2.41897 0.361761 3.45343 1.28698 10.1899 7.05254 15.4471 9.40313 110.899 137.929 35.7873 15.6854 5.52002 34.6022 27.8735 0.0328163 389.226
-59.8701 0.0629594 1.69832 7.79673 71.5903 21.4226 74.6511 12.5148 19.8071 10.2576 10.7706 3.96666 5.47633 11.9559 3.86825 12.1799 2.48928 4.91165 2.31744 15.7162 11.1717 114.962 131.415 41.2786 5.69865 3.40203 5.14356 16.5652 0.0200335 384.512
-61.3553 0.12563 1.71429 8.16903 71.5903 21.4226 61.3363 8.9023 23.1424 17.7896 17.9772 6.93459 5.78598 15.8359 2.53086 6.0899 2.57253 5.00222 17.4488 23.4171 14.2348 100.101 119.901 35.5529 9.85677 8.92263 9.58729 40.4507 0.0115892 388.259
-63.2473 0.253446 1.76371 7.45505 71.5903 22.5927 61.5438 10.1737 19.3363 18.7875 13.3941 6.9388 5.78598 5.50274 1.52188 4.76274 4.20201 9.43494 11.0096 29.7501 18.3854 99.4636 134.028 34.7179 5.25049 10.237 13.9324 49.2583 0.00708159 392.401
-64.1727 0.231369 1.80719 8.24797 72.0383 22.5927 60.1819 14.1352 26.2886 11.6767 16.2119 6.90117 8.0699 1.41471 2.90746 3.63757 3.27314 16.8816 11.7316 31.311 9.07084 90.5656 136.86 33.619 4.91685 12.7143 3.10967 8.01514 0.0574843 388.311
-64.5719 0.266629 1.79359 7.86477 65.9057 21.7846 60.1819 7.16128 45.7675 15.7984 17.967 6.91755 5.26683 4.05008 3.51042 4.81565 2.92293 9.56584 11.8113 26.091 10.3393 92.1139 143.372 24.6845 6.75022 11.9209 18.0711 25.1762 0.04254 394.191
-64.8109 0.342881 1.69379 7.81178 65.9057 19.1487 60.1819 1.23747 44.6293 11.8754 16.9834 6.87853 10.255 4.47094 1.59294 4.20645 3.72692 11.7621 11.7813 29.3479 19.3235 84.1459 143.12 38.7053 14.345 3.02544 24.4167 7.58847 0.00195783 394.465
-64.4622 0.377456 1.63537 8.19519 72.0286 34.589 57.774 0.948174 26.1375 14.8482 17.5244 11.7073 9.54662 4.96661 7.42172 4.12152 3.70187 0.817826 13.3514 27.3483 16.5623 74.1853 151.519 27.9111 6.58617 14.2079 6.30738 2.17878 0.0140361 391.198
-66.9897 0.52986 1.69785 7.90047 62.2528 34.589 57.774 17.3827 18.1748 27.7275 13.4337 7.91294 6.06784 1.23238 11.116 1.39606 3.35863 3.3864 15.7337 20.2094 18.1515 82.0902 160.097 21.9599 2.09702 14.2966 8.25651 8.96447 0.0105795 391.91
-66.086 0.500397 1.54151 9.36119 62.2528 34.589 60.3899 19.4265 18.6119 27.78 7.79643 7.12722 4.29504 1.91169 3.97042 0.920653 15.5839 7.54855 1.13961 18.7178 33.4584 78.9279 148.04 19.3489 9.51531 10.5904 13.0921 3.35157 0.00529735 390.471
-65.4524 0.498636 1.54603 10.3564 61.0684 34.589 60.3899 16.4998 18.1535 27.3822 8.88638 8.76738 6.15292 11.2102 2.29335 0.48686 7.32637 10.1869 5.36965 19.8677 16.1705 95.7939 147.19 5.11842 21.6333 7.2275 16.9266 12.2047 0.0247183 392.939
-64.5163 0.416567 1.61098 8.20019 63.596 34.589 60.3899 5.56255 20.7538 29.9503 9.92818 12.508 3.44029 7.96327 1.61266 3.66566 4.81293 7.19062 7.47771 16.8245 13.5154 95.7939 170.427 6.98478 2.24803 18.6641 19.8037 10.4191 0.019221 389.375
-63.6317 0.289266 1.60509 8.40424 63.5366 35.0533 64.9263 17.6025 13.3969 29.21 9.03476 8.03096 3.44915 6.21482 4.45157 2.73287 4.12921 11.0066 0.787869 16.9067 7.86611 100.966 160.063 6.98912 16.496 15.3375 19.7613 7.65148 0.0154307 387.731
-63.8181 0.302392 1.64099 8.56653 64.7869 35.0533 59.2083 17.6025 11.9681 24.2569 8.32467 7.70137 9.18043 3.18212 2.31906 1.64009 0.969417 11.0273 3.21204 16.3794 12.0689 100.067 171.278 13.8157 14.2417 10.927 17.1709 9.89663 0.0668366 385.087
-61.8278 0.17161 1.62972 8.62279 62.543 35.0533 61.9685 22.6469 9.62142 24.2569 8.1854 6.45417 10.4114 2.76375 3.25853 1.89384 2.57252 3.80547 3.09002 13.5384 12.0689 107.383 168.974 11.196 8.70653 8.46181 8.09225 6.95302 0.0493527 382.478
-60.62 0.152367 1.59783 8.55464 62.543 35.0533 61.2169 22.0753 16.4201 24.2569 6.65773 10.8133 4.84371 2.17609 4.49647 2.22303 6.58185 8.88193 3.0241 8.16238 15.7206 90.1717 179.328 11.196 11.1482 14.2747 6.11872 6.48247 0.0641921 384.359
-61.1452 0.170259 1.60447 9.85613 63.959 35.0533 61.2169 17.4102 22.5291 13.9641 13.7257 10.4347 5.05513 2.66471 7.50285 2.58321 1.05425 1.62409 7.16084 11.144 14.2564 89.5525 171.592 7.53565 10.188 4.49394 30.5194 2.77784 0.0060591 392.378
-60.6296 0.0900239 1.61582 9.8711 63.959 35.0533 48.1339 35.6491 11.1699 12.2349 13.694 10.1671 3.24337 13.8854 5.98719 2.12581 10.9801 1.77165 9.01676 6.04433 9.49256 94.0382 184.013 5.21393 4.31494 8.11606 8.34315 22.3371 0.00361555 387.299
-60.7642 0.0968898 1.69995 7.2006 58.7725 61.8008 25.9937 37.7638 11.1699 5.50822 11.9005 10.0144 1.88164 5.56479 5.73306 4.61742 10.8743 11.0005 4.77503 8.99574 7.76464 108.785 178.877 5.2284 4.24645 4.51365 7.10144 20.9026 0.00129197 388.741
-60.5891 0.0524634 1.72201 7.50092 56.5328 55.9709 29.2387 43.3112 8.29014 4.49586 13.8651 8.2038 6.64764 3.70603 5.97837 8.12532 7.09885 12.2571 4.41308 13.7084 10.8214 106.091 169.36 5.36296 4.00554 14.4673 18.7978 24.0714 0.004522 385.173
-60.2827 0.0299896 1.78708 6.53042 58.5169 54.3771 31.4721 44.2692 9.35947 2.22948 13.6844 9.40262 6.95484 3.70603 4.78789 5.73589 0.592297 13.6628 9.90415 20.0448 8.61214 101.567 164.477 4.91951 3.04073 6.11334 18.6413 21.5711 0.0120918 391.801
-64.1234 0.357748 1.73153 7.57447 58.5169 54.3771 25.4009 42.2697 13.6494 6.35172 25.7968 6.92477 6.66203 6.71911 2.76885 3.95984 7.36948 2.28187 12.2121 13.3594 15.042 101.223 158.75 3.50807 2.96692 21.3349 14.4213 25.9963 0.0104758 386.351
-62.0562 0.131056 1.79967 9.68323 51.9632 55.5047 33.4453 42.2697 11.0425 8.63744 25.9924 6.68773 4.99342 4.81242 6.56784 8.80826 1.541 3.83533 1.68971 14.9036 7.1457 103.256 170.066 5.89938 10.9079 6.2884 14.8741 22.0482 0.00863497 388.214
-62.7418 0.248726 1.74162 8.088 51.7095 55.5047 33.4453 45.1784 7.19129 2.98277 20.211 8.88673 3.3998 2.26924 3.75555 14.6859 2.00492 2.79239 4.69011 26.9901 9.34709 106.2 161.521 12.5064 8.75978 12.2606 9.45973 9.15421 0.0515523 386.224
-62.3166 0.189312 1.69189 8.39242 46.3047 70.9262 14.9154 45.9146 6.39878 1.20688 18.4001 7.60394 12.181 9.66444 2.72846 10.4563 2.54232 2.40555 3.55481 33.8166 10.765 97.4638 168.086 9.03175 7.05434 9.41297 27.5084 19.7761 0.0314017 389.351
-62.3166 0.189312 1.69423 8.42559 51.5971 66.9955 25.6364 30.0974 8.1948 25.7994 11.6604 6.54265 13.3251 6.92814 3.31865 6.76159 1.3252 2.54405 17.9032 6.82643 3.28282 101.17 174.125 14.8746 10.5173 1.15681 27.5084 1.44163 0.0162562 387.456
-62.5301 0.237474 1.6941 7.9722 47.6658 71.837 19.4886 31.0554 20.3968 13.9972 14.2418 8.21584 7.68956 11.7458 3.72487 0.469944 4.50509 5.41049 8.88362 13.1095 7.25058 102.549 170.329 6.65269 9.41926 3.28929 20.2192 20.6279 0.0194554 383.321
-65.1489 0.279862 1.80787 7.97584 47.6658 74.3576 19.1859 35.636 24.5815 0.785855 12.6325 6.45335 8.35257 24.1221 7.38972 3.76078 2.64564 0.434139 1.11195 5.19308 10.1114 106.714 175.119 9.4858 7.44924 13.5565 6.51734 8.50897 0.0306956 390.777
-65.0107 0.332032 1.78865 8.12041 43.4068 71.7273 16.7621 34.3007 18.6362 5.17323 6.42072 17.8094 8.71626 27.4559 2.59996 4.71928 1.37661 12.2703 3.38222 5.19308 16.6189 95.4728 173.587 6.64736 7.55417 5.68441 42.6942 12.335 0.0390796 387.66
-64.5856 0.311885 1.75181 8.01532 54.2496 71.7273 16.8633 33.5888 17.5081 8.8641 4.10196 3.93712 6.01885 20.1569 2.66266 8.16239 8.21528 15.1562 1.66075 9.15684 13.0618 105.839 161.619 7.347 12.1225 20.5361 8.99056 22.7805 0.0489102 390.241
-63.6048 0.302429 1.66118 8.18957 54.2496 64.564 15.1247 35.3599 16.5104 18.6377 14.4697 3.66295 5.17809 16.9863 2.7138 7.63689 4.36217 31.8163 1.66909 3.9692 8.10164 107.03 149.324 9.39103 12.4983 6.9582 6.71622 11.7303 0.0632407 396.238
-66.4949 0.566969 1.40448 8.3531 54.2496 56.0235 16.2922 32.9528 33.1136 17.2605 18.5614 4.36637 5.17809 9.33491 1.93756 1.76107 2.0229 20.8261 0.884272 4.22511 7.06631 121.965 152.973 9.5059 6.22177 23.8339 12.439 12.5727 0.0436007 388.525
-66.5825 0.607758 1.42224 8.9263 52.3132 56.0235 18.8772 34.4765 30.4484 18.1467 11.4367 8.30545 5.76078 11.0495 1.76536 1.98026 4.78832 13.6675 0.720876 6.76792 12.8991 118.37 150.842 12.8158 5.13552 5.29254 29.0906 20.2891 0.0510187 385.952
-66.7583 0.520928 1.53808 10.5421 49.7639 62.6167 23.325 19.5891 42.8267 11.5592 12.2719 8.81749 3.9942 3.368 4.63489 1.10187 8.48841 6.83679 4.27258 1.87981 13.0778 139.947 147.329 3.33647 15.0895 6.20055 2.53787 26.4075 0.0394869 389.38
-67.2902 0.552648 1.6427 8.48202 53.5662 62.6167 10.4727 23.1084 45.2482 19.5257 9.90872 12.3989 16.8207 2.28801 0.930598 0.597223 14.4796 4.40166 4.62074 1.87981 7.06905 125.112 146.782 6.85497 9.05859 7.08864 7.23447 40.7925 0.00868449 388.241
-67.1533 0.549069 1.49421 9.08346 53.5662 55.7836 14.2982 26.7441 49.0159 12.85 2.82564 13.8785 14.0068 2.50162 2.28088 1.78321 3.66176 2.72754 4.8133 3.19259 11.2813 120.369 160.628 19.6886 8.49001 6.26159 14.4298 14.1919 0.0250871 385.361
-67.1533 0.547255 1.67241 8.33078 53.5662 53.259 19.2567 24.6035 50.1182 6.80414 6.3336 5.50925 18.1865 9.69375 4.58543 2.99378 1.22226 9.00154 5.62048 3.12829 10.9758 122.59 147.198 12.3728 15.4829 15.5436 5.90375 15.2939 0.0352968 381.278
-67.7934 0.708609 1.43122 8.33863 53.5662 53.259 14.6664 26.8871 48.016 5.12886 9.28814 4.94614 25.6481 3.78896 3.26171 0.708905 2.95181 3.25622 4.20871 4.17471 16.6246 129.263 150.062 9.25427 13.6989 18.5671 2.59819 10.5423 0.049627 385.538
-68.8758 0.683001 1.52832 8.77053 53.5662 53.259 13.0217 30.9144 41.1298 9.25294 3.2137 4.95766 29.4674 8.52961 1.54763 2.96849 0.558046 10.1742 7.46391 1.56564 27.6933 121.055 140.987 8.59819 28.3015 18.8426 0.713346 11.6029 0.0226725 387.668
-67.7575 0.661397 1.58172 8.1496 56.7751 53.259 9.33706 38.6179 37.8851 9.90759 30.0434 3.49787 2.06748 9.25185 3.27849 1.18437 5.409 4.72555 11.6644 2.01134 26.2709 115.371 119.211 21.1862 15.0716 18.6359 7.64857 0.987636 0.0179525 390.769
-67.2667 0.587371 1.53021 8.21998 56.7751 50.2129 11.0206 40.1627 32.7735 12.9839 19.615 8.4449 1.82692 11.3801 7.70176 0.85957 6.70274 1.8041 15.7689 7.77189 10.9176 109.447 144.779 29.892 5.84629 8.24456 11.5354 5.71876 0.00753729 385.123
-67.1731 0.477659 1.69823 8.36247 60.2258 50.2129 11.746 34.8835 33.2293 9.76405 22.1646 13.8216 5.02626 8.08087 0.256162 0.588721 0.113992 12.0385 8.71334 7.3975 6.13556 114.15 145.734 31.0284 1.73089 23.977 11.0586 19.2579 0.00753729 387.156
-65.055 0.408474 1.71213 6.55457 64.2944 36.8996 18.1375 35.8714 35.9902 15.9268 26.5738 12.9861 5.57663 5.00093 0.7308 0.714492 0.974762 6.53891 7.79167 7.75587 10.0104 119.468 137.334 32.0086 0.249278 7.90841 1.45179 23.448 0.00882099 388.608
-66.3418 0.562058 1.55115 8.95055 71.3909 36.8996 16.0467 34.1148 36.3214 11.3294 20.1125 11.1138 5.52881 1.94946 3.33904 1.86202 0.27406 16.0924 6.75671 6.44554 18.5476 125.432 140.912 7.55075 5.93258 6.62973 7.02807 15.9269 0.00593377 390.747
-64.6709 0.44485 1.58622 8.24696 68.5045 35.579 16.6688 36.4025 30.601 17.5748 25.9322 5.97315 5.54616 3.11211 4.77022 1.38747 0.27406 8.86567 5.83351 10.4106 46.9844 97.8348 142.757 8.58155 9.36907 19.1473 8.61166 9.76667 0.0257349 389.914
-64.6349 0.422045 1.50957 8.87076 68.9755 34.1576 13.6085 36.2932 43.3693 13.977 18.9422 2.51301 3.39519 8.26983 4.12813 3.98204 1.03159 3.49334 2.74223 17.3568 46.0091 90.6957 147.362 8.9691 14.4423 19.6264 0.822442 5.30616 0.0130969 390.37
-64.4614 0.422407 1.51204 8.31505 73.9239 34.1576 10.2443 36.5051 44.8489 6.69919 12.4341 3.62784 22.2739 5.90038 4.3389 4.30198 1.36832 3.35913 3.67314 20.5842 41.8286 71.7623 151.666 23.0993 12.253 29.6067 7.34828 13.0487 0.0214074 393.276
-64.5502 0.427575 1.5695 7.9931 71.4553 25.7111 9.34547 36.7689 50.0038 10.354 15.5796 9.91611 2.68522 5.93026 2.28037 3.00975 7.40768 4.82486 3.08463 30.9519 32.8523 83.778 140.828 34.8211 5.76136 4.55174 5.71874 21.5088 0.00091725 389.392
-65.9259 0.44377 1.64056 8.78632 71.4553 29.5544 12.3105 31.9669 52.2173 12.3011 3.80203 4.43191 7.73253 9.83156 1.25912 0.843822 4.84538 6.05148 3.04863 35.9564 39.9103 83.778 131.554 34.3134 5.74417 2.55098 7.00233 17.8959 0.00878903 392.01
-66.2178 0.527118 1.61365 8.44898 71.4553 29.5544 16.9327 30.2062 45.2677 17.1801 8.02839 2.14869 14.2539 1.54785 0.86299 2.72119 9.84241 4.14317 10.8167 28.9023 26.2596 100.149 139.096 4.19807 23.3319 15.0808 13.2108 106.324 0.00623801 398.051
-66.046 0.468051 1.73661 8.0469 71.4553 22.4003 15.3935 33.6243 45.3704 11.4336 19.2177 9.37581 29.0981 5.119 4.36131 0.682843 6.33257 12.8255 10.7314 14.2846 2.98339 95.6887 131.714 8.03862 18.9495 31.5203 3.92692 12.0671 0.00469541 396.598
-64.5182 0.371315 1.63898 10.7642 75.9797 15.4693 22.1636 31.593 47.9011 12.5894 12.3867 4.07829 17.5928 13.8609 2.58647 1.11176 5.06831 2.9986 33.0062 11.5579 5.12745 88.978 140.392 33.3494 4.53692 19.9877 6.4102 12.3409 0.00327998 390.793
-64.1388 0.388117 1.59039 9.54104 75.9797 15.4693 19.6893 35.3372 51.172 11.6165 7.04638 7.98518 7.54937 6.96125 2.30831 0.767383 8.52516 2.03841 27.9211 9.76283 8.34328 108.948 140.392 30.1739 13.5838 17.7881 6.28074 23.7313 0.000647271 387.955
-63.7092 0.313283 1.56296 8.82031 74.4964 15.4693 20.2264 35.5351 51.172 12.1987 7.646 13.4493 3.6996 6.77838 1.18824 0.542811 5.47997 3.75761 30.5461 8.30535 1.58746 117.911 140.392 22.3544 13.7451 7.19116 6.92082 60.3773 0.00603665 385.448
-66.111 0.49201 1.66499 8.05226 77.265 15.4693 18.5154 32.6426 52.6016 19.56 8.82434 15.8748 3.6996 11.8257 0.801823 3.61619 1.68681 0.607072 5.86091 12.9127 7.99015 112.902 143.131 15.2966 27.6931 7.12038 3.9071 12.9009 0.0207945 388.398
-67.42 0.550697 1.69048 8.10722 77.265 15.8762 12.6643 39.3086 53.0233 19.56 5.93721 14.9092 2.52442 14.5491 2.46025 5.30345 2.57754 6.33057 1.15762 14.6322 11.5917 100.03 153.579 19.0969 17.768 6.47527 2.84686 19.638 0.0139263 385.998
-66.3813 0.550697 1.49491 8.89638 77.265 11.7415 22.1267 34.8002 53.0233 16.3016 0.862604 5.68822 6.41653 13.9562 2.53688 1.47351 4.44624 8.4313 3.15352 11.8879 9.67656 115.498 153.686 19.0969 14.3748 9.44711 10.0722 38.5076 0.0115663 382.72
-66.3813 0.550697 1.49786 8.853 77.265 11.7415 33.8424 23.8061 53.0233 24.8111 9.54533 2.9841 6.4853 4.35836 2.23338 1.48071 2.80501 11.3248 8.13006 9.31654 8.07505 115.638 160.047 20.4164 3.22303 9.00074 7.89684 34.8806 0.00713478 387.298
-67.9531 0.676766 1.48814 8.67963 77.265 11.7415 33.1721 22.4869 53.0233 29.066 0.538906 9.34624 3.21866 6.4763 4.37415 0.210433 3.90935 11.4465 5.789 2.9134 12.1351 111.924 159.731 14.109 3.21133 7.56195 4.88247 1.52415 0.0126225 384.384
-68.7695 0.742484 1.53573 8.39211 76.6353 11.7415 36.3236 19.9119 57.2319 13.7211 4.23616 13.0693 3.34661 7.84326 1.3991 3.44978 2.45582 11.0359 6.75022 8.95279 18.7663 124.505 147.317 7.04234 3.87021 4.91857 23.8557 26.3331 0.020817 386.363
-69.7397 0.742484 1.59012 8.15384 76.6353 11.7415 36.3236 13.4821 57.2319 1.1603 21.5644 5.63891 15.4727 9.2076 1.42477 2.04604 1.84983 4.37132 5.95883 0.439413 20.3061 142.213 129.785 19.3048 3.82803 1.05467 41.5969 14.0727 0.0126827 387.131
-69.7397 0.721738 1.6319 8.4596 79.0578 18.6132 33.9784 13.0979 56.503 0.586395 13.709 7.02902 14.8923 14.2296 0.730291 6.38565 0.84125 3.2443 10.0222 2.54986 17.7864 104.788 170.431 3.6172 21.905 14.811 7.39415 18.6822 0.00598308 387.285
-69.0852 0.721738 1.61572 8.03412 81.9682 16.5827 33.7871 10.2927 56.503 12.4569 17.273 7.05748 12.0573 3.83509 0.122454 3.73911 1.1851 2.83484 4.49051 3.00099 22.6184 113.392 161.314 2.42633 4.63013 5.81812 25.7497 9.86149 0.0304607 389.14
-69.4124 0.687179 1.53293 9.05818 80.5122 20.269 30.7687 47.1506 8.69397 8.76303 19.3085 7.26432 12.6251 9.27794 1.01641 1.04216 2.65852 8.2325 6.13052 1.88552 15.0436 117.564 161.314 8.07781 9.5218 3.21406 34.1778 13.0774 0.0141955 385.984
-68.7529 0.687179 1.463 9.07805 80.5122 23.3486 24.0293 51.7322 13.9884 11.0802 22.9923 12.5716 11.5815 7.71119 0.804696 2.18999 3.13101 7.70106 5.75281 7.3893 6.98836 107.706 157.398 9.22837 4.74154 17.2981 26.0581 15.558 0.0402442 388.255
-68.7529 0.700018 1.46934 8.74456 71.8327 23.3486 27.9112 41.6737 30.3326 5.11445 19.5851 7.98988 11.9314 9.09276 1.6688 5.18951 4.22983 2.19582 9.02577 9.1551 6.75081 115.995 154.392 11.018 5.61658 28.4649 8.94353 16.2029 0.0373653 385.099
-68.7529 0.665067 1.61243 7.99066 75.3781 23.3486 41.5809 28.9414 23.1259 4.06429 17.3296 8.25128 13.8589 12.1711 1.6688 7.24155 5.06554 2.30283 0.920555 13.0937 20.0259 109.582 146.232 21.4462 12.2659 17.3558 8.83617 9.7089 0.0106124 384.138
-68.5483 0.665067 1.56044 8.32096 75.3781 23.3402 18.7167 43.7561 20.4379 21.5725 18.6853 6.07858 15.4535 10.8772 1.17519 11.5749 5.61408 5.91611 5.20849 3.61283 18.2295 118.295 111.406 31.1696 2.33405 39.8092 6.3737 5.39159 0.00895663 400.067
-67.6298 0.665067 1.40237 9.47642 69.9141 21.3259 32.1861 37.1586 33.3499 19.5955 12.4062 17.0143 7.03968 12.0882 0.988578 17.415 6.78964 4.05907 12.0986 3.2175 14.3686 115.393 99.5476 41.9899 11.6266 5.4284 5.93528 27.7032 0.0344272 399.149
-67.0596 0.567495 1.57603 9.53311 69.9141 42.0664 10.079 40.6404 21.445 13.5148 7.56405 31.3518 3.5322 12.0561 1.67367 6.25192 0.0215272 5.34883 30.6474 8.15219 17.0423 86.6408 135.206 41.8872 1.62855 1.3553 5.45649 4.68242 0.000227496 396.44
-66.1351 0.601845 1.24392 11.0337 69.6601 42.5041 14.8092 41.8287 21.6491 6.69068 5.94959 20.7387 10.1625 11.2211 2.59747 10.8731 0.19386 2.75645 23.9236 12.775 25.2614 75.408 135.003 50.2704 3.52316 1.72988 21.4187 7.72071 0.0112081 399.923
-66.8671 0.556134 1.60707 9.88843 59.6771 41.0282 15.7073 54.4426 28.6284 2.23022 5.34709 33.5028 1.9683 1.67854 3.77719 5.12469 6.18149 1.90089 12.8567 22.3708 27.4042 74.8366 140.504 36.2867 10.3161 3.80892 19.2706 35.8984 0.0382132 391.964
-67.225 0.522622 1.62725 9.86793 60.4951 36.5389 12.5232 54.4426 26.2801 6.99434 5.42067 26.7434 14.7823 1.45082 2.11101 3.80972 14.4591 3.15021 5.64423 27.113 17.3217 88.4319 152.015 17.9648 6.36897 1.97244 1.97919 4.26938 0.0438221 391.914
-65.8439 0.471299 1.6448 8.18255 73.2804 19.2001 15.5531 61.7076 26.4439 11.8464 1.3346 16.927 11.8283 3.38925 2.85505 6.22827 12.6863 3.15021 7.74057 27.113 14.3348 95.48 151.242 8.12877 6.4115 9.59701 15.629 6.38184 0.0596297 392.387
-63.9488 0.398153 1.54738 9.62536 72.4937 19.2001 22.6006 61.7076 17.4252 12.645 13.8945 13.6024 7.51065 2.79272 4.70071 1.85389 10.012 2.33145 8.38836 19.2353 10.5566 106.942 147.051 14.1748 5.04242 17.9832 19.9406 64.8665 0.0318676 391.443
-65.4418 0.396774 1.57653 9.63855 72.4937 19.2001 10.858 61.7076 31.8384 6.18391 8.5108 12.7741 1.0061 3.62699 2.6167 2.23422 9.75387 6.78792 6.10208 19.4993 17.7067 107.415 153.572 22.2104 8.62657 3.94487 12.9524 39.2163 0.0260271 390.444
-65.7541 0.426104 1.64803 9.64551 73.3183 17.0658 10.858 61.7076 34.3464 8.8849 10.3159 11.2021 3.36091 2.69103 5.44413 2.3154 8.99843 1.57825 6.77105 21.2982 10.875 125.156 146.312 1.85752 7.64758 10.7624 30.3766 48.3383 0.0314751 390.291
-66.2506 0.39918 1.72818 9.73107 73.3183 17.0658 15.4442 32.0748 56.8464 11.2039 19.0668 3.718 6.84562 7.01812 3.18131 2.35595 4.8325 6.50539 3.99084 5.30793 8.13389 125.156 142.491 29.8574 15.4025 1.61246 15.5754 35.1546 0.0189303 387.432
-67.6747 0.497293 1.81379 9.9217 73.3183 19.0511 11.9069 34.6815 54.8368 4.84009 15.3456 2.83977 13.6285 4.19739 5.12421 2.76825 8.85869 6.76687 14.8325 10.0448 8.64362 110.63 151.082 31.6703 5.89591 13.6981 5.01046 1.69863 0.0146622 388.579
-67.6747 0.54391 1.70497 7.84078 73.3183 19.0511 14.695 27.4829 59.0506 4.53362 22.6459 5.11158 11.0475 5.13207 5.33548 2.83266 1.89408 7.06866 2.74048 22.3002 9.25421 100.973 179.438 0.269434 7.11193 15.5063 7.08735 11.9994 0.0207252 384.543
-67.0703 0.463173 1.85073 7.8062 78.4929 16.2071 13.1456 30.4871 59.0506 6.27984 24.1372 1.31941 11.0267 8.10559 4.20231 2.46281 0.746236 5.04611 1.16118 19.0135 10.2458 110.407 167.491 6.47696 13.3374 17.8742 4.68452 5.64086 0.00215647 384.655
-66.5725 0.449463 1.83063 7.69664 76.771 16.2071 11.3308 31.0737 64.2517 2.67995 15.4458 12.4914 13.0928 2.25625 4.79631 3.52979 0.888679 1.11 5.33423 16.925 17.1105 98.9928 165.68 10.6724 7.58724 15.5418 13.3488 4.83085 0.0189431 383.201
-64.9778 0.435772 1.68552 7.69664 75.8516 16.2071 20.529 21.5248 73.8984 2.9793 7.25626 8.82986 13.0928 0.536696 3.25815 2.21686 4.2929 3.8993 4.18618 20.9641 25.0347 84.9275 177.686 2.23441 7.63267 7.40789 15.3283 4.32584 0.00267862 387.472
-65.4856 0.375854 1.73288 7.46058 74.0107 16.2071 22.4653 21.877 70.8071 3.60394 12.7558 14.1724 2.73508 1.14376 1.99359 8.67654 6.18698 11.5125 3.95923 20.4259 13.1054 84.9417 175.486 6.21629 3.16811 7.04079 11.1312 19.0828 0.00873535 392.026
-67.1113 0.538884 1.69823 7.486 73.6338 21.3138 25.8947 21.877 63.8982 3.59671 13.2819 12.8698 9.26152 0.822457 1.61599 0.941791 8.3027 19.7024 1.01864 17.7562 8.67635 99.5525 157.885 20.581 8.36243 5.77469 9.68924 13.021 0.0136414 387.863
-67.9441 0.559248 1.71034 7.59859 71.6499 23.7608 18.3595 16.0805 73.2009 4.96402 8.81433 5.83577 8.11229 6.51794 6.25334 1.53732 5.9242 12.019 2.85931 19.8009 5.70587 110.376 153.251 29.4096 4.8071 14.1493 2.14842 19.2783 0.0204427 386.09
-67.8627 0.578177 1.71865 7.50332 72.3007 20.9163 8.74163 34.505 75.8733 4.49487 3.53212 9.28626 4.68386 2.21091 9.79359 1.84409 3.04079 14.5833 3.82697 13.5813 8.03923 112.357 151.214 25.4798 11.0345 2.50823 12.6296 23.7818 0.0124918 386.92
-65.3113 0.380239 1.70298 8.43968 72.3007 19.0655 9.10063 39.3477 57.7164 9.21644 3.80202 4.85127 7.17887 1.64132 11.958 0.588006 5.53328 16.5083 4.52076 10.7935 7.05727 126.629 148.246 15.2915 8.88371 1.99902 18.3243 16.9256 0.0185878 386.247
-62.6031 0.294425 1.60879 8.00653 65.591 37.9455 7.59643 41.362 49.0932 12.2735 2.37141 4.47572 25.8782 1.87307 3.35534 0.790778 6.89701 0.209678 3.35664 20.4756 4.48034 112.05 148.246 32.7376 5.19545 2.46941 7.90334 5.20657 0.0155063 387.336
-62.4482 0.236317 1.62455 8.06832 63.2357 37.9455 3.35337 41.3031 56.7933 12.2735 2.87258 1.11721 30.6999 3.14385 3.2029 2.63203 5.59672 1.39778 11.1064 9.9755 4.69349 112.286 155.317 12.0652 5.60126 3.00959 23.8136 1.86762 0.0107257 386.392
-63.8855 0.299508 1.6344 8.59191 62.1147 37.9455 5.83177 41.0235 54.9539 13.5614 2.2868 3.85585 18.75 3.13518 8.24542 10.1785 0.526984 4.34487 9.52366 5.59065 11.4338 112.689 152.833 6.62514 20.6229 12.2234 15.9044 2.62124 0.0190802 387.009
-61.4313 0.0969198 1.7619 7.70994 62.1147 40.1271 9.64448 40.743 49.9884 10.453 13.9611 1.04622 24.6594 3.29366 6.26159 5.81336 1.32734 1.6617 6.49907 7.27864 7.05597 109.881 155.376 12.9857 10.9189 9.56808 40.099 6.52967 0.0058712 386.45
-59.9214 0.0465773 1.62446 7.52364 63.2476 35.698 6.12197 40.9147 45.8862 5.51002 14.3039 4.19938 27.886 3.53361 9.36389 4.61244 1.24147 8.04101 3.56907 5.0448 7.04451 122.436 154.765 15.8101 14.7014 2.4888 11.8401 3.54432 0.00257725 387.295
-60.7945 0.0963629 1.77316 8.37819 52.1544 56.6792 23.8806 32.2057 38.0344 5.17344 12.0426 10.417 6.73055 4.73688 11.1298 4.88097 1.10231 8.14693 8.11573 8.04845 12.4125 110.163 154.765 4.86452 6.43924 18.6201 45.404 22.715 0.0144145 392.277
-59.9695 0.0490158 1.69656 8.31298 52.1544 58.4344 10.9689 30.6506 41.039 8.73247 5.75909 11.678 12.2051 3.39156 5.69363 4.2433 5.73406 5.8649 5.14595 19.0673 14.6282 115.216 136.401 6.19271 11.0751 15.6076 38.6038 15.3185 0.0144424 387.016
-60.5473 0.106545 1.58735 8.09507 51.8226 58.4344 16.0604 32.5524 34.7402 7.92154 8.69161 11.9468 11.2413 8.81982 11.1324 4.51078 3.15192 12.6804 1.24577 1.34596 22.3511 100.106 162.634 8.87861 14.8527 1.87979 27.9121 12.3916 0.0024124 385.987
-63.0424 0.267485 1.72018 8.00843 57.3146 50.2773 13.1055 28.6402 40.979 9.47724 10.2856 21.8318 13.1329 2.02624 9.27847 1.33297 2.89666 8.32866 2.56773 3.82192 12.8362 117.446 154.29 6.18739 17.0663 3.40767 38.0037 10.3094 0.0169152 385.491
-62.7676 0.178792 1.64497 7.59022 57.3146 50.2773 17.1204 28.6402 40.979 12.3226 19.3147 11.7554 15.5383 4.05941 7.04957 1.65771 2.03007 5.18219 11.9513 3.82192 13.0224 104.383 158.113 5.67389 16.3404 3.35966 21.5565 13.1035 0.0206037 387.886
-63.1445 0.281367 1.63139 7.72845 57.3146 50.2773 9.65065 18.9785 57.1507 16.8127 12.6854 8.14926 10.6048 0.905045 3.35765 6.08994 2.46336 2.73455 14.8479 20.6353 4.25471 105.173 154.796 24.24 9.10096 6.78643 52.0704 3.12608 0.0241384 392.937
-62.2283 0.207357 1.57536 8.25607 56.9902 55.5824 10.5225 15.4377 57.1507 15.865 10.4968 5.33019 4.66157 4.38912 4.35992 6.06197 6.70068 4.51954 2.83766 15.282 7.37494 115.238 158.44 14.0523 8.60162 2.6814 34.7571 19.7814 0.0260097 386.556
-63.3262 0.227436 1.72766 7.92526 66.2306 35.7084 18.4822 15.4377 55.0587 17.8621 0.706644 4.28558 1.16584 10.8828 11.9537 6.30967 8.01792 12.0356 4.25915 10.0436 6.561 111.628 154.758 21.4457 14.2213 8.78545 8.63901 4.15099 0.0187842 389.625
-63.15 0.169065 1.89995 6.33124 66.2306 37.7529 16.3644 39.2732 37.0625 17.848 21.4788 2.44633 7.09266 10.26 10.5686 1.68283 1.78803 1.27676 22.4458 3.1829 30.3515 88.3656 125.118 38.3024 9.15868 14.7349 16.4122 5.96109 0.031039 394.822
-64.4398 0.1925 1.95153 7.67192 66.2306 32.6841 22.4169 43.3397 30.5191 18.6321 19.4824 2.33986 8.73275 11.8972 2.72058 1.68283 1.39106 3.39496 4.24102 36.3821 17.2848 97.9692 120.392 11.917 12.3437 23.8814 25.0313 28.5734 0.0533561 396.401
-63.0003 0.19295 1.88015 7.34873 66.2306 32.6841 21.3546 39.888 33.1811 19.4339 7.11242 6.35871 8.75823 11.8851 1.21155 1.17917 2.76143 14.9372 15.2042 3.0997 6.99082 108.106 139.462 13.4851 15.9867 23.8525 26.1393 35.1021 0.0189918 391.929
-62.2385 0.137083 1.68787 7.82418 66.5297 32.6841 21.3546 39.888 34.4697 17.7291 3.99037 13.9991 9.50695 5.37134 2.28809 1.94607 2.78594 10.4237 15.2372 3.33877 3.56742 131.235 138.828 18.3314 3.73798 5.86798 9.82608 12.1859 0.0170625 384.83
-62.1365 0.113672 1.88621 7.50318 66.5297 25.6574 1.9081 59.8556 33.1747 6.2634 13.198 19.8948 19.3093 1.39821 1.01014 1.27462 2.23378 8.71857 16.8312 3.67776 8.03954 118.635 132.703 34.6412 2.99654 7.67504 17.0143 22.8008 0.0208282 390.815
-62.9007 0.143004 1.90299 7.44906 68.3284 27.8688 3.48161 59.8556 33.1747 18.2892 2.84265 19.8948 19.3093 0.9917 0.653303 1.6068 5.29889 0.918876 14.8561 3.87787 12.3927 111.362 132.657 49.4356 11.1578 7.14354 2.22937 14.7799 0.0232363 387.637
-61.0995 0.0684371 1.81945 7.8476 65.1993 37.1212 18.147 58.6125 16.4085 31.9272 3.66206 5.48221 10.3761 0.9917 4.29846 5.97681 2.95231 4.07508 16.2994 14.9176 11.693 110.881 136.602 29.5488 20.9809 20.0226 7.65368 6.50963 0.00366964 393.64
-60.341 0.081051 1.78729 7.76725 68.943 37.1212 15.8822 62.9573 3.16972 31.9272 3.73994 3.3934 8.51825 8.33061 10.7945 3.8103 2.9852 0.828265 20.433 4.00814 9.68559 111.818 138.112 33.3969 16.7701 13.9551 1.1291 17.1886 0.00213746 391.392
-61.5172 0.109029 1.73977 7.73321 61.2149 38.9935 25.1322 61.6938 6.80329 20.4466 2.18167 4.99763 8.19507 13.988 8.74806 3.2268 3.20867 1.59177 20.3836 2.73093 13.9928 133.12 136.445 2.69207 14.7002 4.74473 10.0067 1.07069 0.00451865 391.372
-61.3671 0.131305 1.74021 8.24596 61.2149 38.9935 21.7271 61.6938 3.54637 29.5759 1.32428 2.84793 7.60438 7.81741 5.22017 4.8805 2.5672 2.12414 20.3514 6.83442 12.1417 133.12 137.445 6.75811 25.4429 0.931331 3.74418 20.7949 0.0061301 386.607
-61.9204 0.169892 1.76242 7.81148 61.2149 38.9935 18.1555 65.853 11.9427 29.5759 1.32428 1.37176 7.60644 4.36645 1.03255 12.559 0.383644 1.77438 20.6039 6.83442 9.13303 133.12 135.488 5.03066 21.624 18.6948 5.04051 1.16624 0.0452309 390.437
-61.9235 0.0761388 1.76242 8.13043 70.6731 28.9883 5.30443 70.9204 16.7347 29.5759 4.21376 1.37176 6.75469 1.56439 1.33549 14.0012 1.78049 3.51685 15.8188 6.83442 10.9891 133.12 139.033 5.03066 17.5767 18.8965 3.57916 17.8459 0.0302222 390.708
-62.568 0.291536 1.70927 7.60562 70.5914 28.9883 5.30443 70.9204 14.9855 33.6223 4.88754 1.37176 6.00551 1.56439 0.849907 11.1979 1.29072 3.91317 18.7246 6.83442 10.9891 133.12 136.007 4.5254 17.0271 16.9524 5.42086 4.30636 0.00263077 387.762
-63.2004 0.236458 1.72374 8.37127 69.4711 28.9883 5.30443 74.1213 16.1331 6.48822 3.62451 7.02572 7.95125 4.09506 4.75726 10.723 10.0417 9.21277 16.423 6.83442 4.98718 128.712 135.839 29.1736 3.41906 14.979 6.61728 9.70235 0.0157528 384.932
-62.7431 0.128143 1.73371 8.40221 69.3078 28.8435 5.30443 74.1213 10.157 9.97496 2.82559 8.64365 8.89678 12.9867 3.23475 13.9181 1.62995 4.07245 11.8726 11.2639 15.102 108.438 162.418 14.4265 12.7708 15.3233 3.31408 20.9351 0.00235999 388.995
-62.755 0.167738 1.75098 8.32235 69.3078 28.8114 5.30443 74.1213 9.9278 11.008 5.03418 3.68193 12.2246 28.2028 2.06387 4.92538 1.2395 4.66036 15.6172 12.0318 4.58893 106.526 145.602 30.3695 6.46306 19.9827 1.463 3.26594 0.0148303 385.208
-62.6652 0.273026 1.6344 8.4714 69.3078 28.8114 3.92276 74.5337 13.1452 9.72435 12.4123 9.52247 11.0204 28.2028 5.65103 4.92538 1.2395 0.499157 25.1697 1.02391 9.58481 101.754 129.694 46.2412 6.03693 4.80658 18.5876 14.8155 0.016603 391.195
-62.7658 0.164147 1.82163 7.66927 69.3078 28.8114 5.02676 75.7436 13.0664 7.03464 8.98846 16.4698 14.6615 15.9329 1.36703 5.5191 1.2675 15.7032 21.6982 18.6308 9.58481 85.4223 134.047 36.8733 8.09589 4.80658 9.8586 11.134 0.034983 392.984
-63.7168 0.247179 1.64955 8.54406 69.3078 28.8114 14.1474 74.0877 7.60766 1.45294 10.929 16.6289 15.5736 9.04434 2.23824 4.04088 0.349488 16.005 18.5734 22.5175 9.58481 92.545 119.777 35.4008 14.7611 8.62607 18.4071 10.3745 0.0102534 392.087
-63.3827 0.291029 1.75325 7.28805 68.4072 28.8114 7.41991 79.8524 12.4851 2.81027 15.1799 10.1876 6.92343 11.403 7.70646 1.49851 0.349488 11.8091 21.1751 25.078 7.0646 96.2131 136.083 39.889 1.27144 2.374 15.1578 18.1147 0.0265711 390.887
-64.0787 0.343864 1.7242 7.25762 72.7691 28.8114 9.42033 83.4424 14.0879 0.74289 14.274 10.6702 7.27351 5.49323 0.963678 1.4343 4.74817 1.52124 26.7498 24.5297 10.2133 90.0073 155.483 12.9654 3.59411 8.87269 13.1832 8.01307 0.0162279 390.576
-64.0787 0.316133 1.64003 7.87058 72.7691 28.8114 8.5397 78.3128 9.68766 0.999994 15.3799 8.55837 8.78713 11.0788 1.33077 1.03987 1.01585 8.81734 31.8503 21.8632 10.9813 90.0073 146.41 16.5212 7.09784 6.16009 27.1005 38.28 0.0207347 388.905
-63.9218 0.341972 1.66217 8.07118 72.7691 28.8114 8.5397 78.3128 11.5556 0.897338 11.4947 6.44161 12.0614 9.69025 1.33077 3.37972 3.04348 8.81734 31.2557 22.9796 6.24717 90.0073 156.752 8.08634 6.88167 4.10513 33.3607 19.3881 0.0161869 388.871
-63.5291 0.346773 1.61693 8.39146 54.5166 28.8114 15.0446 77.7955 16.1418 8.53353 8.78094 5.79218 10.391 7.94916 2.74227 3.60116 3.69811 12.5555 12.4899 18.66 6.24477 104.934 156.652 16.1047 9.78297 2.04485 11.4761 5.55193 0.0431088 390.546
-64.2557 0.318334 1.66903 8.02851 54.5166 59.2628 25.0507 57.7045 8.88286 10.2563 12.0506 3.90818 11.552 0.283362 2.69408 3.60929 3.76284 6.73354 3.66843 12.7252 13.0677 106.231 159.538 22.8179 8.69356 10.9291 14.1124 7.2596 0.0035473 385.935
-65.34 0.402665 1.64085 7.91904 50.0034 58.1357 21.0503 57.5689 8.14265 3.90812 12.2359 2.93981 10.2988 7.96782 4.98747 8.91677 5.3746 9.55721 3.51297 16.3786 14.124 109.182 145.748 25.3899 13.0011 11.6608 4.609 7.28653 0.0035473 384.599
-66.2208 0.465212 1.7134 8.33723 50.0034 58.1357 26.9076 52.8099 12.5553 7.75931 12.2698 2.22438 4.11796 4.06126 10.2866 0.180935 4.20927 19.7887 3.51297 7.7583 13.9896 105.096 151.84 34.4875 1.00126 15.7285 11.49 17.0778 0.0269843 388.826
-66.9316 0.417898 1.75081 8.42974 55.6704 58.1357 28.3869 50.0957 12.8587 8.33251 4.55084 8.35606 13.4366 7.13461 5.05012 2.41669 3.35488 11.9047 13.2176 8.31692 13.5594 105.096 141.759 20.3471 23.4563 0.985938 11.2831 74.5039 0.00523826 392.362
-65.7855 0.479869 1.62431 8.13597 51.7537 60.8502 25.3886 42.6013 8.43686 3.14087 13.8095 9.41938 13.0813 3.89522 7.99008 6.4208 4.76967 5.99944 13.2176 7.93537 16.4842 111.681 152.387 20.0979 17.8211 4.35167 3.16346 35.4957 0.027286 384.614
-66.9025 0.600594 1.5477 8.21804 52.3758 60.8502 40.2084 31.7411 9.84311 8.02672 1.05784 11.9145 23.1228 1.66023 7.65679 7.86683 13.7014 3.25836 0.599566 4.12334 17.9339 107.742 153.552 23.8788 8.47791 9.19176 11.4369 38.3095 0.030174 391.061
-67.3409 0.606212 1.67607 9.65151 47.8542 60.6209 47.9953 11.5634 18.2203 1.57217 3.35343 13.3444 14.4392 1.92436 7.83036 12.0476 9.1571 4.01646 16.8715 12.2903 19.1604 90.7002 167.95 21.0764 14.5233 1.81937 10.3706 44.0353 0.0292852 397.701
-67.8467 0.584124 1.73307 6.92127 57.9956 51.2254 48.9652 13.0385 17.5423 8.39281 13.719 29.5584 9.37896 2.0914 2.54267 3.54259 1.54339 13.312 16.8681 5.61244 14.7742 90.7002 151.694 25.2238 9.69947 7.28961 10.7408 44.6384 0.0572608 394.127
-67.8467 0.566922 1.70212 8.35922 62.9337 48.1071 48.9652 8.1795 19.2029 7.12597 11.5949 16.9504 11.7406 5.30592 2.45749 4.77489 2.70257 8.05325 11.7139 6.31848 30.9497 98.7185 146.285 26.6873 3.37918 13.9963 8.25946 6.19125 0.00650583 384.812
-69.2179 0.626536 1.76703 8.18815 58.946 48.1129 48.9652 14.8543 25.6316 4.54221 12.7819 19.627 6.80943 6.00108 2.45749 8.38904 3.38339 2.46189 18.5952 7.4303 30.9497 90.2944 139.852 36.0687 6.81481 6.93521 10.6475 5.92567 0.0972968 388.563
-69.2179 0.699887 1.73902 7.86516 65.4533 48.1129 39.3666 14.8543 33.156 7.42209 3.76841 21.6406 8.64703 1.99452 1.01382 2.44108 5.1641 9.1267 0.49405 5.73982 34.2681 99.6239 151.553 30.8025 2.12916 11.5409 8.3073 29.0454 0.0458729 389.139
-69.4482 0.672776 1.72565 8.23379 62.336 39.1763 35.2355 43.3836 13.7089 3.81017 12.2319 15.1478 5.03855 6.90777 5.48716 0.352231 4.56315 13.9518 2.55794 4.19679 39.687 99.6239 143.063 32.6029 13.5276 13.6898 1.24348 14.581 0.0612486 390.561
-71.2254 0.800144 1.66085 8.43984 61.3981 38.8254 40.0252 50.5226 10.4912 1.27824 10.706 17.573 8.90847 8.11653 3.81824 2.52629 4.94963 16.3173 5.95191 4.275 30.9047 95.5452 143.222 31.682 19.6163 4.47001 4.86356 9.56461 0.0284509 391.232
-69.8437 0.729383 1.59372 8.1154 63.3157 36.7642 39.1015 46.8645 6.65293 9.17278 17.049 14.443 1.97538 4.51588 1.19683 3.90755 4.86131 2.91605 13.4123 2.05355 32.0985 108.79 136.901 31.1079 29.1386 6.64897 4.91273 4.81585 0.0158326 386.235
-70.8205 0.81595 1.65272 8.09824 70.9755 23.1008 40.6983 58.1085 2.83892 6.41774 5.97917 14.0795 4.5749 5.488 9.90681 4.62169 1.17384 3.95418 7.20806 5.24326 17.3966 115.599 149.213 30.4065 8.25118 11.3356 11.5878 8.4044 0.0485407 386.086
-72.1907 0.942866 1.65338 7.81133 70.9755 22.6995 38.7147 58.8234 6.19647 8.42074 2.79821 17.2518 3.11533 4.13383 5.86732 8.23867 5.19715 9.27876 3.13916 12.0576 19.1116 118.891 130.563 30.5852 12.5285 6.08815 4.49005 10.5642 0.0126526 386.662
-70.9639 0.908302 1.60638 7.51403 80.9007 18.9817 36.7612 47.781 5.26595 19.9378 3.44552 2.93509 10.9754 7.69812 0.489222 8.55913 7.42786 10.745 1.811 4.83405 43.1337 97.1821 144.82 26.9132 16.8701 0.9823 6.14268 14.0181 0.00562275 393.387
-70.9826 0.83146 1.67256 7.97244 80.9007 18.9817 36.7612 44.185 3.52154 23.9183 11.3466 3.54418 11.0479 14.7136 0.825582 8.30403 5.2544 14.5627 2.41025 3.52031 50.4002 79.0063 132.994 31.4534 20.6624 0.964905 6.52338 6.69888 0.0341257 394.893
-70.7299 0.765556 1.75467 7.74875 80.1412 18.9817 42.7631 41.7519 3.52154 24.9817 1.34332 3.58066 8.28427 2.40973 4.56345 5.60895 6.3523 13.2886 15.5885 8.25151 50.4002 78.3515 137.762 26.535 7.54219 7.29025 12.7033 20.5232 0.0151132 393.288
-70.3054 0.736928 1.78339 7.50288 76.6936 18.9817 49.8553 39.2153 9.1662 28.1553 1.34332 3.409 16.4486 4.22066 1.96476 3.74912 3.62629 11.9256 15.9573 5.82639 38.1283 85.7856 138.436 13.7467 19.3292 7.33555 11.5311 4.52518 0.0100088 389.441
-70.2785 0.736928 1.70079 9.11132 74.7585 19.0672 40.2024 43.5285 19.5517 11.2015 1.34332 10.909 23.9996 3.79183 1.65496 4.70964 5.51828 9.81521 13.165 5.82639 23.5243 81.8906 158.786 18.188 3.60927 20.023 12.4535 10.0138 0.0160226 391.597
-70.6574 0.736928 1.6446 9.82032 74.7585 19.0672 35.1517 53.8961 10.9614 8.02274 6.58914 12.2317 28.1844 3.20143 2.06235 4.03822 4.56782 11.6208 18.2601 9.74821 10.7702 84.9841 158.051 21.0045 5.5729 15.8753 1.55474 5.69418 0.00576667 390.139
-68.4569 0.745466 1.38064 10.2672 72.4499 19.0672 38.4875 47.9804 14.4443 3.14359 0.772335 3.75054 35.4869 2.86979 1.64272 2.76221 7.5406 14.6776 7.9893 22.1564 15.1863 102.451 139.915 11.2708 25.668 6.37752 15.8503 16.4262 0.0101868 395.474
-70.4967 0.787578 1.66598 9.20153 65.858 36.0848 27.2526 38.1833 16.186 10.6192 3.33164 4.96683 26.3213 2.88404 1.53114 2.7051 19.1556 5.4176 9.45542 20.9926 7.7688 103.293 151.718 18.018 33.4832 0.947387 4.85229 14.5787 0.0115786 394.167
-69.7773 0.7383 1.64291 8.41774 69.7683 30.2683 24.6348 39.5419 51.3715 3.69743 1.13779 4.62567 10.8582 4.78016 0.597326 4.0579 14.0081 13.204 3.33598 5.0008 9.96581 110.841 151.993 15.605 12.3317 7.28483 27.411 29.4779 0.0173107 390.328
-70.9632 0.7383 1.7095 8.4309 69.1224 21.3224 28.0266 45.5965 28.1164 3.63492 12.4406 5.03017 22.4225 10.4187 1.92391 3.85677 2.61309 3.26723 4.07015 9.08035 9.26119 102.757 176.306 15.7898 8.87402 5.74166 8.27993 37.9338 0.0640604 390.061
-62.3268 0.173443 1.65788 9.8195 69.9217 21.3224 29.5318 41.8777 33.9015 2.42973 12.6442 3.37933 18.6788 14.1122 2.96583 4.05295 3.02433 7.55608 5.27188 16.9059 12.9161 93.587 170.112 4.65033 18.2128 4.52629 21.2576 3.33659 0.0363787 386.628
-63.939 0.359745 1.52831 10.5424 69.9217 21.3224 22.8785 36.8289 30.6818 17.2989 14.2599 3.38207 26.5818 11.4498 2.80177 4.98265 3.04861 3.42684 0.702463 10.2949 11.3717 90.8297 182.575 7.46535 12.9532 6.26118 2.33711 10.5349 0.0183679 388.438
-64.6053 0.364691 1.58497 8.60646 64.8249 33.783 15.3286 44.479 36.0706 11.7142 9.40265 2.44199 25.4567 4.7528 1.81891 6.01429 2.0109 6.06737 1.51403 19.4936 4.55399 105.479 172.591 5.44593 6.41094 9.05416 7.15987 28.3212 0.000702561 384.112
-64.5577 0.361323 1.55319 8.60956 62.2003 39.5481 18.3531 43.0381 27.2166 5.2747 14.4253 9.97773 25.1518 13.7173 2.9835 10.3248 2.79534 1.46267 11.1482 5.30881 2.21568 95.014 151.54 29.1366 12.2785 17.201 10.2071 34.5038 0.00499809 397.51
-64.2725 0.425981 1.48108 8.53542 62.2003 39.5481 31.0006 38.265 25.5141 21.7138 12.7469 12.7804 11.659 5.99148 0.560681 3.88668 2.30723 2.9933 14.4569 8.69338 4.66652 97.0274 160.072 20.0511 3.4545 24.1619 22.7518 22.6781 0.0312028 389.868
-64.2734 0.381627 1.56104 10.0848 52.5816 38.421 50.7803 38.1785 21.5133 7.20702 7.55476 17.485 5.42803 4.4689 1.42218 1.09883 4.58027 3.28831 16.8862 15.2355 5.27607 99.727 171.079 8.41013 27.9572 1.89705 4.71919 5.21388 0.0279163 388.532
-64.59 0.414825 1.5633 10.8549 68.7076 27.7883 53.5041 29.8967 18.9562 3.11615 10.017 8.38736 6.17246 7.16336 5.98492 5.14304 4.27606 5.53446 13.4296 13.2052 10.5506 110.342 146.059 23.418 12.4984 4.36255 8.4347 18.2028 0.0668108 387.433
-65.9123 0.46043 1.64331 9.4243 69.1077 27.3686 48.834 32.5119 14.8884 6.78051 9.09025 15.7258 0.885118 13.3903 3.78891 1.22394 6.33343 3.87898 8.8963 8.33867 20.1637 98.0718 161.767 29.5984 5.55985 11.5481 17.6847 38.733 0.033507 389.86
-64.7738 0.387385 1.51276 8.65767 67.3577 27.3686 39.0941 31.8169 25.0118 19.7859 9.38461 14.5472 3.34799 8.71353 4.38276 0.499729 0.507663 2.08152 27.4405 4.46397 5.60143 112.157 150.699 21.4109 4.92552 8.3231 32.197 21.5642 0.0287261 385.03
-64.2388 0.425873 1.5124 8.18511 68.8934 27.4483 41.7571 29.3366 25.5029 26.0603 7.9513 5.54434 4.41454 10.7446 0.91068 2.80207 2.22739 6.64403 7.28853 2.70376 14.2408 122.359 156.765 4.72626 4.75625 20.6755 24.0872 21.5807 0.00239215 383.218
-64.8841 0.42796 1.61033 8.50017 66.9559 26.8372 44.8272 18.3163 28.2415 14.2638 8.63793 5.38228 22.3494 7.7553 1.51879 4.11102 3.13423 6.13043 8.65542 14.0785 21.0759 110.539 146.493 10.2559 4.77089 1.94431 16.3118 14.8122 0.0189391 387.536
-65.7048 0.481064 1.60865 8.27774 68.6926 21.8795 49.6068 18.7115 27.0991 16.3075 9.50675 11.9643 14.512 4.08133 1.33798 4.80137 1.51836 4.97865 9.08559 7.32109 26.0041 113.494 148.021 4.41119 6.49036 20.7757 21.2374 16.1587 0.0193707 386.82
-65.0029 0.3525 1.61934 8.72151 78.1431 23.9762 41.4594 26.4635 32.0752 6.40413 13.4094 14.2062 7.38837 2.58644 1.36716 4.17844 2.1761 5.09216 5.91704 6.31104 26.0041 112.517 146.031 14.1233 9.80189 12.939 4.83386 8.73874 0.0168335 382.979
-65.1144 0.349642 1.66484 8.42288 76.1398 12.4359 48.0167 20.18 42.591 6.64522 10.6102 22.7689 4.02418 0.853233 11.5494 3.5349 0.262475 5.38324 18.3841 1.20842 18.6474 105.065 145.893 27.1364 15.3449 2.5908 9.96512 23.6154 0.0182257 387.786
-65.2599 0.310183 1.78114 8.17113 78.4617 12.4359 45.6241 14.474 44.4547 1.93084 5.63516 18.7239 5.146 3.13486 12.5855 1.53453 1.09492 13.8291 10.4469 10.5416 14.8653 115.939 147.386 20.1126 14.7241 2.69198 10.3726 2.20824 0.0401803 387.072
-64.647 0.313651 1.77431 7.97373 71.4687 23.0739 44.9542 10.0283 56.2795 3.17467 21.6227 15.3699 2.0887 6.81637 5.98278 2.31311 1.49076 5.74496 5.06126 9.81386 8.6464 115.552 142.637 16.9495 9.22707 3.96879 7.67235 12.5858 0.0223697 385.028
-64.8661 0.338194 1.76307 7.92357 71.2877 24.1437 45.8163 18.9211 44.483 5.27597 4.72154 6.6429 3.69626 20.0304 5.71285 8.15732 0.994186 7.95223 5.82798 7.4184 7.61301 108.04 165.671 9.12328 5.13399 4.9036 11.6005 7.75014 0.010978 384.161
-64.4719 0.328207 1.78364 7.68785 71.2877 22.2811 38.3363 11.4893 48.6075 4.02633 6.63716 19.6131 7.23744 13.2141 3.449 1.95445 0.86889 15.5968 10.1986 17.698 6.71735 108.04 156.856 9.22312 7.89354 19.8129 1.4283 28.7109 0.00694885 384.787
-64.7295 0.331596 1.72162 8.31408 71.2877 22.2811 36.2922 9.91053 59.2034 1.96248 4.85823 31.4913 6.71659 6.32332 3.08812 1.29208 0.129699 3.94021 7.26493 15.1122 8.1579 121.102 135.441 28.6221 1.33647 18.1935 1.41782 1.30771 0.000779464 383.08
-63.8514 0.283866 1.73014 10.2494 71.2877 25.8726 36.2922 5.50906 61.8057 1.16377 12.0529 16.6014 12.779 0.572617 5.59468 1.47295 0.131484 9.48721 9.93528 14.2159 7.83292 129.03 138.077 2.19675 4.00592 17.5942 1.58647 8.4485 0.0042985 389.466
-64.6144 0.320474 1.69988 8.50683 71.2877 27.7041 37.9997 17.1207 43.3419 4.31452 6.88164 20.2807 5.56324 3.53772 1.60711 6.42209 1.34043 6.57559 6.32266 8.41296 8.83277 130.189 139.871 26.1691 0.562734 23.3745 18.6271 9.80239 0.00237364 384.175
-64.3513 0.279472 1.70808 8.50581 71.2877 20.868 45.5811 19.8696 38.479 3.54738 7.18104 23.7499 4.42171 12.3177 1.69806 7.02553 1.76326 2.73828 28.2944 8.75472 5.79554 121.798 125.303 17.7544 1.58672 11.4566 30.0747 9.40231 0.00166282 389.815
-63.3437 0.299626 1.71971 8.1384 71.9203 23.7347 40.2621 17.0874 42.4329 6.56368 2.70992 23.2276 4.80752 3.98567 7.64989 4.32865 2.3679 4.38167 27.8538 5.27954 2.76428 125.758 133.644 24.4367 0.410435 9.47009 35.237 5.44033 0.0129128 386.479
-64.0005 0.353975 1.64074 8.28865 71.9203 28.7196 29.6535 17.0874 48.704 4.90585 3.32977 32.0861 2.03594 3.65352 5.31933 6.19459 4.19142 2.71869 15.7997 5.75249 2.76428 124.186 140.805 31.1056 4.64827 24.7084 15.2168 55.3073 0.00582944 389.255
-65.9469 0.443356 1.64076 8.86539 71.9203 23.297 77.3493 18.6941 0.666958 9.68069 3.94803 26.1391 7.97011 0.491121 2.87806 1.17461 1.60218 14.1086 0.82817 14.2934 18.5118 114.707 155.475 10.9087 1.82159 8.85116 12.8599 42.7448 0.0203511 390.929
-66.3744 0.487698 1.53453 8.07095 71.9203 21.0258 90.0218 2.22172 10.8673 11.2542 4.66881 18.8825 6.46455 7.1985 2.21244 1.37142 3.30105 9.10372 6.01971 10.0892 31.8124 95.9412 154.173 13.9298 1.52077 14.7262 21.7164 43.8513 0.00678079 388.275
-67.8774 0.580208 1.69051 8.07519 71.9203 19.5368 55.004 33.3282 19.8335 3.93862 1.52595 17.795 11.0518 12.7501 1.19008 2.19151 0.64887 2.91895 1.81083 10.9378 43.8676 101.649 151.488 14.9373 0.751011 13.0564 11.5768 2.8257 0.0454383 389.31
-70.2449 0.707531 1.70751 7.4853 65.5439 18.6237 62.8463 22.0633 22.5563 0.49303 1.71129 20.2186 18.2699 5.55346 3.16042 0.513556 12.859 1.38931 13.1788 16.092 45.1251 79.9399 147.663 15.2529 1.46536 19.9949 6.23963 7.55646 0.0124253 395.181
-69.9944 0.715513 1.75043 7.67293 64.7869 19.0564 64.3462 22.0768 18.7454 0.842509 5.98795 23.9272 16.2378 1.77223 5.89523 0.562005 9.72465 8.25972 3.40319 19.0328 45.1251 78.8493 151.68 14.6294 2.02256 12.2172 3.14365 29.6872 0.0264999 395.862
-69.7881 0.704214 1.75581 7.42956 64.7869 19.9329 63.1154 22.0768 18.2604 1.26344 3.40238 23.9272 22.2299 6.13567 1.82253 2.49605 3.7589 8.91842 6.01813 23.0663 37.4838 76.2005 154.085 14.7081 8.04568 7.91905 3.35477 18.3203 0.0146163 391.858
-69.7169 0.725377 1.60154 9.93754 76.2865 18.6318 67.0077 9.50791 22.1469 2.73884 1.95612 19.8274 16.8008 4.91786 1.45635 4.92234 4.49876 5.93153 11.0414 19.8219 39.7134 76.2005 155.255 14.4774 8.21724 8.02083 21.509 4.42893 0.00996085 387.909
-69.4097 0.714602 1.57348 10.7735 70.9143 24.1587 65.0592 11.2424 18.6731 2.81493 3.69032 19.9048 16.9368 4.88961 1.37377 8.41107 2.66172 5.31758 9.5872 15.649 47.1932 70.9434 153.917 9.16585 19.0533 8.43898 18.953 51.3645 0.0224974 393.533
-68.5507 0.721773 1.40012 9.09498 70.9143 26.712 65.6176 11.2424 16.1922 1.43103 2.99264 21.7589 16.373 4.19371 3.68022 5.49074 1.95733 14.6926 8.21854 12.2475 44.4624 72.0193 163.129 4.56566 13.2663 9.50727 10.0271 77.9732 0.00803683 392.97
-69.2839 0.794692 1.34957 9.20261 72.8707 27.583 62.6167 20.6007 9.46237 3.68075 1.56388 22.2774 16.6596 4.00143 1.6939 5.74852 3.61551 10.5538 5.29975 9.68116 45.7415 73.1465 165.333 2.64451 17.893 12.6024 24.5332 33.8348 0.0344109 395.051
-69.4985 0.748014 1.48813 8.48552 71.0558 20.8986 65.9191 21.9802 9.30016 6.6827 4.80171 20.7853 18.664 0.211393 0.372309 4.58639 2.80019 12.5116 13.0784 2.65441 30.4533 76.8049 181.082 5.08582 7.38979 22.7167 9.4609 39.4818 0.0278194 392.352
-69.9443 0.752661 1.53389 8.11287 70.2669 28.0685 69.6964 18.0585 6.53559 11.2324 6.57606 20.7853 14.5675 0.60953 1.90604 3.24176 2.28643 7.54814 3.54668 3.11468 27.9122 91.0714 181.082 3.82835 18.3078 20.6253 12.7892 13.3414 0.0641292 389.355
-67.3187 0.562759 1.62582 7.81265 74.158 22.0682 69.6964 22.0138 7.89594 8.55684 1.74527 6.43076 17.5567 5.04781 3.17679 15.3405 1.24909 4.30393 6.43828 4.08796 30.1624 96.9393 175.848 5.53531 16.5276 12.2699 17.1851 21.8447 0.0288925 391.025
-67.3187 0.617377 1.53959 8.70917 71.1114 22.0682 93.1412 4.32827 2.43198 3.00785 13.9833 20.8029 10.5136 1.7839 3.1895 2.52191 2.83895 1.19926 6.08789 7.7965 37.1394 104.874 154.926 5.29453 5.00597 10.3342 27.4746 0.259356 0.0328181 387.47
-67.8308 0.617377 1.41313 9.00607 70.1228 26.0045 94.3379 4.32827 11.7497 2.77954 9.79421 9.34775 10.8865 8.47397 2.09397 1.63646 4.63897 2.98421 1.44635 8.84957 30.346 117.954 150.576 5.66332 16.3348 2.71454 12.7761 7.28523 0.00693722 389.691
-67.0986 0.640034 1.335 9.16187 69.6761 23.0843 102.821 4.32827 8.69707 2.37175 7.96611 17.5984 7.9183 6.21539 0.778697 3.54598 5.50188 4.84961 1.40723 8.85823 18.1854 107.602 150.313 20.2498 9.29061 10.3624 23.5492 22.0995 0.00105313 392.218
-61.9971 0.215983 1.60611 8.59482 71.7314 25.6474 102.821 4.32827 0.859518 2.0327 9.44735 17.409 9.92417 4.7476 5.78723 5.77228 9.95765 7.31473 0.928424 8.85823 14.2893 115.968 149.414 3.4912 14.77 2.16695 10.3161 29.7016 0.00465844 392.007
-69.0037 0.684467 1.68191 8.1544 66.5951 23.388 102.821 0.633228 4.04248 6.02214 8.00227 14.5371 16.3072 2.40984 9.09606 8.44363 4.92966 2.14577 5.0509 10.962 5.91858 118.837 140.687 27.2789 15.1582 6.27633 15.7521 26.7875 0.048651 393.853
-68.345 0.584157 1.65822 8.13225 66.4671 29.2572 90.6131 0.633228 3.73526 4.6457 16.5228 18.179 9.10405 10.0813 4.32206 5.22749 8.68807 0.990094 5.8733 1.7772 7.33867 134.446 127.332 15.3532 14.534 4.0532 50.8371 3.38768 0.0204111 394.765
-67.6863 0.593491 1.71863 7.65698 66.5583 31.7032 90.6131 0.633228 3.73526 8.13156 16.0228 19.1498 1.57925 1.03865 8.33758 4.59917 3.0955 1.45871 6.62445 3.94005 19.7223 139.775 131.875 16.6676 22.5964 6.06955 6.915 14.8909 0.0208093 388.692
-66.6544 0.510475 1.72618 7.73318 69.8827 27.9672 87.9165 3.40141 2.34389 5.34651 18.3781 3.79868 20.732 5.3808 5.85964 2.91591 2.25715 2.5018 5.33129 15.2964 12.3091 129.493 125.342 29.418 17.5283 6.90287 5.30672 8.33127 0.0177962 384.576
-67.6779 0.473298 1.73673 8.32918 70.015 25.4821 79.3069 4.62559 5.2387 6.76629 18.7228 3.79868 20.1634 2.31221 6.48702 3.46445 1.42643 1.6521 11.9063 8.47388 25.2808 146.31 89.8376 53.6376 3.0992 9.78598 3.36955 67.4881 0.0195914 393.194
-67.23 0.542893 1.71966 7.84302 72.5392 25.9014 83.842 2.88812 17.3799 5.38111 0.576964 4.51286 15.8834 4.6555 4.34398 5.05819 2.41669 18.2955 5.09827 10.6552 12.8465 130.258 105.655 62.7286 6.494 2.37693 5.36536 51.0577 0.00431929 388.179
-67.906 0.564485 1.7466 7.80998 68.3271 27.9221 80.8186 2.88812 17.7502 7.94191 13.9424 2.87997 18.9958 5.0793 1.04124 5.00936 1.51609 8.10025 9.03649 11.8119 10.1964 130.258 98.6255 77.2621 11.7334 2.46374 4.85837 31.5619 0.0136455 385.206
-68.7539 0.537402 1.72759 8.34985 68.0686 28.3917 80.7517 10.0715 14.7136 8.94409 9.79127 1.0048 22.7433 5.07113 0.200599 0.146325 3.56914 6.85628 9.1037 7.87848 22.4334 124.436 98.6255 70.0101 10.3936 4.39875 1.67977 16.3406 0.00532421 389.982
-68.4285 0.533526 1.81735 8.19789 76.1269 13.0884 80.7517 7.38311 15.7923 5.53468 8.97931 8.61395 25.591 3.82035 7.13798 2.02927 0.640225 8.28105 9.24325 17.7029 10.5928 123.319 98.8399 70.0101 4.19705 3.30894 5.47701 7.61035 0.00755838 385.462
-68.0994 0.592178 1.70712 8.19789 78.9987 8.07996 80.7517 7.38311 22.6911 5.10053 10.0565 12.4447 16.0572 2.86437 2.50552 9.94786 2.15198 10.4049 5.34499 10.4038 10.8639 128.397 104.93 70.0101 5.63452 12.3837 3.34856 19.7635 0.00118028 387.077
-66.956 0.567274 1.51888 8.59144 79.6584 9.21329 83.2618 3.32177 16.0976 9.10568 10.1907 18.6769 10.0244 7.59856 1.50968 3.22184 2.2507 6.58579 4.82657 9.15403 14.3745 142.236 65.8602 58.4403 14.5931 12.7072 14.8567 21.3525 0.033083 391.684
-66.9533 0.628546 1.48101 7.51899 84.4458 10.2944 74.5357 3.32177 22.3869 8.85264 4.13628 16.6961 3.55966 10.5928 2.46684 3.06299 3.53182 11.1644 13.1516 1.89236 17.7732 135.955 81.8278 41.1358 18.7234 14.972 15.2139 40.2602 0.0372352 399.204
-67.7121 0.588553 1.67275 8.14931 83.2619 6.74748 82.6363 2.99847 21.9245 8.9455 4.79821 19.2106 2.1546 13.0768 1.84205 1.23482 2.49817 3.95951 14.5155 2.46855 18.8852 138.265 98.9015 53.3652 9.16633 8.10696 8.61904 33.0187 0.0290352 387.291
-67.4288 0.685011 1.4358 8.1321 80.9743 12.782 83.1585 2.32614 19.644 15.9271 6.48556 15.3346 4.26135 2.64718 2.30743 1.48302 5.80762 0.564092 15.1687 1.09988 30.824 134.547 95.3699 51.9004 5.88885 5.67818 24.2008 5.27071 0.0105554 393.079
-69.9539 0.590047 1.79385 8.26985 81.4235 7.43264 88.0434 2.32614 13.9963 18.0214 5.11632 15.3149 11.4879 4.00771 2.0474 0.277539 1.94036 4.90605 20.7329 4.09201 14.3948 129.928 102.069 50.8654 13.6242 4.44142 20.1535 31.1692 0.00905394 390.775
-68.5445 0.524189 1.91941 7.60143 83.427 9.03686 88.0434 2.32614 12.5587 15.2446 6.75849 8.12994 17.7611 4.05971 2.01785 1.79678 7.1559 5.42677 27.1483 11.0582 7.24402 127.091 93.4616 53.7259 19.944 0.12344 7.55637 13.9322 0.0113194 396.078
-70.1271 0.627439 1.81283 8.82481 87.7965 9.40186 88.0434 3.10791 2.92881 3.04855 15.9251 11.7577 12.5222 5.1803 3.20738 4.28779 7.41582 8.35316 17.8008 6.20364 3.463 127.887 109.337 64.8231 10.6315 1.41041 1.24338 18.1596 0.0206804 394.617
-68.1975 0.659158 1.53538 8.67206 80.9812 11.3904 84.5285 3.10791 2.92881 2.84351 14.5707 21.9701 17.0054 0.994276 3.03259 7.27987 1.15153 12.3968 21.6344 7.25125 5.39718 128.44 93.9767 67.4324 19.4865 3.49969 5.17552 5.03424 0.0106677 391.011
-68.753 0.653991 1.65871 8.1035 87.3318 13.5713 84.5285 6.91291 2.92881 3.94293 18.4874 17.3716 18.1559 1.10826 2.65394 4.02929 1.15153 3.05911 25.0477 1.64831 3.4432 129.604 102.094 60.7421 5.51022 11.5322 9.31012 14.0196 0.00497537 390.826
-72.2218 0.839934 1.70494 8.18555 78.3007 12.5804 78.839 6.91291 7.7705 14.3886 21.4168 23.8506 0.586059 2.22975 4.19498 3.61816 1.26762 4.06709 8.74247 3.67883 23.4322 143.047 96.9101 53.9311 3.50844 10.8235 7.98053 5.41926 0.012973 386.838
-64.6654 0.416756 1.56199 8.4769 78.5542 12.7583 78.839 6.50632 10.5385 18.7439 19.3696 13.0158 8.12967 1.30368 1.68852 3.91449 0.81188 3.43958 7.10587 2.45681 24.8423 146.611 101.267 40.5636 7.16615 5.94362 13.5891 14.2011 0.022909 384.507
-64.6654 0.376257 1.68184 7.70741 76.1563 14.0473 78.839 6.50632 19.9219 9.82671 19.7272 13.5117 6.16547 1.82043 2.2056 3.59344 1.74213 1.84263 11.4477 1.95459 27.5703 139.048 95.1931 58.3541 7.86581 1.83406 3.91755 16.9834 0.031206 384.243
-63.8824 0.324786 1.65018 8.43651 75.7684 15.218 72.3568 6.50632 18.3735 8.85001 12.5285 14.827 19.9288 3.39442 0.866384 4.58186 0.871965 1.69052 6.27612 3.27032 22.6427 142.094 111.628 49.3013 3.32288 0.798782 10.9607 6.08193 0.0199991 384.181
-63.8824 0.324786 1.6647 7.8641 76.0484 15.1574 72.3568 8.6167 17.3792 7.51135 15.6295 8.00339 17.2203 12.5349 3.69023 1.39974 1.34045 0.374447 3.19671 19.6091 18.339 135.474 111.621 46.029 6.07023 10.6166 15.9759 9.25331 0.00895696 386.426
-63.9241 0.336466 1.64583 8.43464 87.0873 14.4185 83.6166 3.24075 5.54458 5.65294 25.3384 3.81282 12.6653 12.4309 1.72782 1.94348 1.43659 11.6342 5.64079 4.16632 25.2315 127.654 105.635 43.9436 3.8744 7.8554 25.9762 8.13446 0.00799826 389.197
-63.9241 0.336466 1.51435 8.48879 85.2843 2.59215 82.9856 3.24075 14.8705 5.78583 19.3317 3.36975 12.8589 9.16245 2.50901 2.44526 2.81013 23.8629 10.6757 4.41393 6.34179 137.643 122.204 27.5595 23.5139 4.94981 14.0453 22.7425 0.0160568 389.893
-63.9241 0.325155 1.65253 10.0023 71.7547 16.9846 82.9856 3.24075 18.9032 0.486764 12.5582 10.8888 9.70536 11.4739 3.90846 6.83651 1.55236 17.9835 5.86665 0.721134 7.20467 138.633 122.523 29.0114 27.7194 9.42508 13.2987 18.212 0.0169827 392.402
-63.6092 0.333331 1.57313 10.7245 72.4083 16.8957 82.9856 2.95784 13.4827 1.05573 8.36838 24.2451 8.96821 12.3713 2.8838 7.70209 0.448701 17.6125 3.94172 8.81281 15.8599 129.182 114.754 28.7805 12.2522 11.3041 7.72911 17.9164 0.00254742 389.615
-65.8514 0.448733 1.61684 8.65922 72.4083 21.1107 82.9856 11.1303 3.62585 8.51299 9.14535 15.6374 6.91379 14.1517 0.401319 6.89337 0.255807 24.8069 3.26596 9.65998 2.39827 134.096 115.572 37.8539 7.93976 3.75325 18.7437 20.1793 0.00085369 388.769
-65.8514 0.473251 1.70976 6.97934 72.4083 32.7333 82.9856 11.1303 1.01188 6.78783 3.51521 14.4677 3.59843 13.9668 1.44412 5.66503 2.9771 25.1734 5.64411 3.62485 2.39827 146.065 107.646 30.358 30.8937 1.37645 23.3547 43.5193 0.00536016 397.635
-65.8514 0.564481 1.54166 8.4215 67.0602 38.2617 82.9856 11.1303 1.01188 6.75598 6.65405 17.9561 16.4624 1.65059 3.43191 3.72422 2.66434 1.60349 2.90507 7.98968 4.58847 135.743 136.603 22.3182 15.4427 8.0657 1.12341 29.2853 0.021969 390.136
-65.8514 0.377206 1.66604 8.25736 54.5338 56.8251 31.9351 40.3511 12.6545 2.85022 4.59023 5.45135 13.4847 5.17122 4.99705 7.23597 5.81001 0.547897 8.85708 18.8862 7.44482 144.709 130.144 21.5756 17.1342 4.85996 10.516 21.1008 0.032585 390.758
-63.7468 0.370021 1.55267 8.69515 53.1108 56.8251 48.4103 27.2618 7.0361 13.0509 1.08763 7.17451 6.36567 6.96275 5.72771 3.30074 11.148 6.07205 11.7123 20.2319 10.1719 123.67 130.318 21.5756 24.8949 4.69251 1.6115 22.0909 0.0177137 388.881
-63.6656 0.32222 1.61064 8.23244 51.1572 54.9073 48.1785 28.282 14.539 14.8216 2.9673 8.59391 1.02077 7.5509 9.20094 1.18659 4.39079 5.92497 20.3582 9.10721 10.2111 120.675 126.689 34.7673 23.1503 8.59072 1.04978 11.725 0.0131623 388.175
-61.7935 0.278325 1.56608 10.0614 34.8648 54.9073 50.0715 42.8679 4.87458 12.2576 12.0938 16.6301 12.6542 11.4013 4.58721 8.54947 0.194687 4.15349 12.7255 8.11339 8.69733 113.629 133.501 30.1834 9.17706 4.46514 17.241 21.6413 0.0118984 394.204
-61.1846 0.230625 1.45588 8.8379 30.7106 54.9073 60.9001 35.4215 6.62996 10.7409 8.60868 9.19205 2.91704 26.1154 1.71587 7.28332 1.51081 7.65709 16.2175 6.86265 15.9388 105.493 143.482 15.8994 14.8336 8.93661 17.5443 12.6065 0.0405234 393.223
-59.0124 0.132788 1.30356 9.54218 49.6394 57.1475 39.1011 32.425 9.67923 8.70922 4.72928 2.26588 2.40387 26.803 2.94746 11.1344 4.55002 1.28837 12.2124 5.53133 4.25318 125.708 151.885 14.0816 12.7664 7.86171 45.1822 13.291 0.0274025 401.024
-60.8744 0.139989 1.61114 7.9186 51.1257 59.5545 39.9351 41.6306 10.2708 4.74491 6.0667 10.8619 3.60071 21.3047 1.17974 1.30751 1.79978 12.1769 6.26798 3.92148 15.9915 124.263 136.786 31.4512 4.77745 16.7225 2.56814 22.424 0.0130465 383.863
-60.2311 0.0841574 1.68565 7.77967 50.1617 59.5545 42.6013 34.3982 10.2708 2.02748 8.235 6.57166 5.3819 28.7263 0.522782 0.320224 2.32804 9.44837 5.85901 7.27985 18.1622 116.603 136.786 32.849 21.7265 10.8901 10.064 11.6064 0.0134781 384.353
-59.3537 0.0699993 1.5646 8.09461 50.7868 62.33 40.9678 32.9052 10.2708 0.87477 5.89938 5.5302 8.40829 25.8167 0.944743 1.52985 0.973909 7.41235 7.68797 1.61014 36.7804 111.226 135.932 31.9926 20.1568 4.4275 4.56429 9.00819 0.00527388 383.838
-60.0097 0.0542376 1.69193 8.10748 46.6217 62.33 41.4448 21.9258 13.041 2.53087 11.616 8.15916 10.8389 29.9982 0.822774 0.703575 1.12156 5.89777 4.23303 9.76515 23.6193 117.663 135.932 24.7095 6.62766 8.48463 2.77353 3.37951 0.00517565 384.168
-60.7761 0.118097 1.61986 10.0334 48.9886 64.0663 51.5954 19.9922 5.42469 13.9676 12.1371 5.17108 9.08032 17.345 2.96617 3.14688 1.05508 1.04467 6.31179 24.299 13.1744 117.698 130.956 26.3771 7.12326 11.5841 5.96359 9.38016 0.0305328 387.285
-61.0388 0.13681 1.66389 9.53789 53.238 64.8273 51.9492 11.6138 12 4.54563 9.90128 8.14857 7.61432 19.3522 3.65075 1.26881 4.43647 0.946898 9.24 16.9245 14.7575 121.841 130.762 35.7503 4.91769 7.87325 0.8025 12.1747 0.0108422 387.73
-61.0828 0.128643 1.68816 8.29266 46.5205 64.8273 60.2941 10.5342 12 12.7925 4.93621 2.15969 6.18815 12.8384 3.43999 3.26328 10.1026 1.59688 10.0673 15.5729 14.5504 121.636 135.145 25.4822 2.68544 1.85708 39.3859 15.6138 0.010714 384.466
-61.0828 0.114097 1.64427 8.51379 50.5998 58.0356 61.6421 10.5816 12 15.5672 6.24872 1.67736 2.79544 10.5579 3.56905 8.47313 11.1144 2.05032 9.97807 14.348 15.4896 113.238 141.651 25.5383 3.58983 21.4104 10.4904 8.40579 0.0136713 384.309
-61.0015 0.134465 1.71008 7.9893 50.8651 63.0941 51.1675 13.202 9.41218 15.4335 4.82792 3.59617 3.40254 9.91601 4.93998 2.5344 11.1144 1.22059 10.4015 3.35449 37.8233 118.07 138.651 26.1722 3.90203 18.988 7.57889 46.7648 0.0292778 391.366
-62.8837 0.24517 1.62062 8.1309 44.8272 72.983 46.6026 18.2201 9.41218 19.9324 2.5792 3.61592 6.68278 17.0875 7.57674 5.58749 10.2504 1.941 0.640096 2.12459 27.1345 110.738 140.07 28.3458 10.9587 11.8896 9.89704 18.5125 0.0108832 388.695
-70.9447 0.824439 1.70986 7.95003 48.6205 69.516 48.8718 17.9231 4.73068 26.4133 3.26294 5.38337 8.66531 13.9051 2.82286 0.689859 10.5268 2.81382 1.72596 4.2121 18.0921 119.462 139.623 29.5669 7.47574 15.6758 17.1691 26.0673 0.0115124 387.102
-71.6337 0.824439 1.68678 8.34248 48.1275 70.6816 46.1012 26.2045 4.73068 11.9884 15.2256 6.01898 14.6922 2.32675 0.201468 2.91457 2.94059 5.32813 15.3448 5.67886 6.03042 135.933 132.509 24.4042 3.22719 9.31271 24.3966 5.78261 0.00170067 384.687
-71.9633 0.824439 1.70465 8.16377 49.8465 69.7401 28.7186 49.1432 4.95044 8.58975 17.7969 5.37706 15.0377 2.90467 0.783023 2.59142 1.48225 5.31616 11.1452 5.85469 10.7795 117.764 142.253 20.6681 4.28639 18.2967 16.1971 13.283 0.00170067 385.913
-71.9633 0.852633 1.67884 7.80576 40.2353 75.5986 36.3859 52.3238 4.95044 20.1522 10.1487 5.79419 4.29693 0.286714 6.66401 7.9874 4.65948 3.20856 4.06745 5.8555 11.8727 113.568 148.825 27.7301 0.969862 11.9188 4.27206 7.1142 0.0387063 393.89
-69.4949 0.638188 1.73242 8.17215 69.3249 26.4519 42.6976 49.7882 4.95044 11.5647 17.6877 5.31 8.13853 1.34271 1.05505 11.1742 2.93188 24.9255 8.10231 6.87544 11.0881 99.9729 148.825 16.1636 29.3454 16.992 5.26227 6.18053 0.0149663 392.308
-69.4949 0.638188 1.75183 8.08361 68.9693 25.9775 35.9963 54.5476 7.74314 1.76481 19.1634 16.9204 5.74802 1.17742 2.73544 4.11238 3.33858 19.3752 13.0558 3.56148 10.8674 115.794 145.104 11.1206 24.0036 14.112 0.261946 12.7904 0.0140589 386.854
-69.4949 0.638188 1.77223 7.8538 68.9693 29.4194 28.3709 50.7464 6.09913 15.6678 17.4181 12.203 10.4881 6.79341 2.03924 2.75024 4.92411 5.86446 15.1074 4.5519 12.9931 117.65 139.043 10.6492 16.574 6.55956 23.527 18.1746 0.00430067 387.891
-68.41 0.612454 1.73337 7.26734 68.3549 36.4824 32.606 45.2562 8.16543 1.49827 23.828 14.4801 13.0931 13.6836 7.06601 1.17107 5.0519 2.21045 8.77123 5.89747 4.13086 123.138 142.029 14.647 7.0621 8.88948 3.72543 15.036 0.00448626 387.287
-69.1064 0.725401 1.72304 7.83193 75.7779 35.0543 29.0502 40.2688 14.6047 0.818331 24.7694 5.66206 17.1015 15.4985 2.00117 3.81548 3.81177 7.13396 4.77952 2.23946 7.37695 114.375 156.686 7.28308 6.07152 17.703 2.47218 11.4334 0.020751 388.782
-71.1143 0.820133 1.73328 7.43725 64.0958 35.0543 35.3435 45.8723 17.8656 1.60806 16.5337 4.98214 17.8846 11.6747 2.35335 2.70133 6.44275 4.80537 2.85372 14.9454 9.17225 109.985 156.577 14.6283 3.57991 8.19841 2.98725 21.5378 0.00111246 385.034
-71.3804 0.831016 1.52571 8.23129 64.0958 41.0567 31.0572 39.2237 16.1515 5.61589 19.2311 4.98214 18.1048 7.60833 2.91001 1.79539 1.52118 12.0514 2.85372 14.4814 9.61839 116.941 152.147 14.5562 4.24478 15.7999 9.13766 2.72879 0.00705187 383.648
-71.3804 0.802036 1.60674 8.53891 64.4107 37.4348 33.7321 38.8652 13.997 4.67619 5.17142 9.86925 23.7068 16.187 2.00304 1.79293 3.26747 2.93558 2.85378 26.9969 10.5096 122.346 146.255 7.42219 5.51567 10.3935 6.05127 20.209 0.00546785 386.861
-75.9038 1.19019 1.66547 8.05202 64.4107 37.4348 41.1936 42.4277 9.03715 2.11897 0.609384 15.506 26.0288 9.4327 1.35567 3.35227 2.61746 0.622252 4.82026 24.1311 6.60013 118.687 149.73 10.0587 8.94559 22.885 3.18978 23.2357 0.000949355 386.75
-76.6077 1.19019 1.72375 7.82028 64.4107 37.9703 38.7306 51.4798 12.4086 2.59649 4.38102 9.79298 5.42131 11.2951 4.19645 2.23126 1.4686 3.78903 4.49289 26.9643 3.49048 126.952 147.386 20.4206 12.6529 17.3867 21.0901 9.25212 0.00219607 392.125
-76.6077 1.17399 1.62398 8.42489 65.757 38.2497 45.0668 37.1133 17.9503 6.75216 8.37678 18.0963 7.09509 1.00681 2.82528 0.614937 2.93475 7.35261 5.2783 6.9352 5.9857 140.432 144.367 10.1804 10.6567 5.86502 17.3476 26.2654 0.00341935 387.979
-76.6077 1.17399 1.6421 8.42489 55.9672 47.9245 48.9425 31.0776 24.7924 7.95636 5.80781 3.01965 7.0585 16.1666 2.63738 0.16224 1.03582 2.39846 5.9739 8.74101 19.0413 126.313 133.575 33.5586 7.29245 8.71011 20.2871 7.28462 0.0338209 386.348
-76.6077 1.17399 1.56871 8.64792 55.7795 47.9245 36.4677 34.3414 23.9192 9.22803 7.36657 5.43527 3.77137 18.3638 7.15337 0.936085 0.596271 6.27552 1.00496 8.03954 13.3811 132.878 138.452 30.8055 2.27924 6.22022 13.4012 22.4209 0.0236173 386.752
-76.6077 1.19211 1.63928 8.4729 58.1231 53.0952 29.6695 27.4387 21.5892 11.7308 10.651 7.29905 4.27412 22.4489 0.577798 0.403156 2.56985 12.9816 18.9643 5.00226 5.45324 120.319 130.792 48.1622 6.05484 17.1731 17.7722 34.535 0.00914898 389.315
-76.6077 1.19211 1.70323 6.78913 65.434 38.0348 29.7904 30.2435 28.9903 3.35905 5.42619 10.3159 20.2625 14.4779 3.30743 5.43463 1.67362 1.29352 1.63399 10.5275 17.0748 115.684 140.739 31.8825 5.43442 6.13733 8.13095 33.6206 0.0455257 392.944
-76.6077 1.17123 1.83974 7.66935 68.5564 32.0479 20.4293 33.3665 32.6389 3.35905 2.69265 8.96049 22.6507 11.5065 7.09803 6.21245 1.74578 1.29352 11.6408 12.1744 20.3816 113.297 144.53 32.1525 6.0081 1.51835 7.03421 61.986 0.0170061 394.195
-77.1783 1.17123 1.67706 7.53188 65.4381 38.4159 26.4742 34.6103 27.2055 4.83536 2.5873 3.80276 32.9788 10.3903 3.78165 1.42867 0.885001 12.6673 2.00455 11.8641 7.15517 121.335 138.42 30.535 5.38579 0.693364 3.99458 4.30139 0.039583 389.878
-77.1783 1.17123 1.66122 8.54791 64.1637 38.4159 17.756 40.6286 35.8261 15.1166 3.09224 6.56818 16.8633 10.9928 5.29778 1.48241 5.04811 12.865 3.68671 0.373968 5.00119 125.875 148.386 25.3276 20.7006 4.8774 17.8029 8.74744 0.00442483 390.296
-77.1783 1.26783 1.60675 8.13288 81.0176 21.8986 18.0636 28.1398 43.6745 11.8625 5.19021 0.75572 7.29896 10.4652 6.65321 1.35317 7.15682 13.7111 4.38066 11.4542 3.51637 125.238 162.51 6.28204 17.059 10.3434 7.45565 24.7517 0.00225242 390.037
-77.1783 1.26783 1.44664 9.13148 72.8381 19.0183 18.1623 32.7912 59.91 15.6696 8.18231 3.7411 7.51005 14.7723 1.93075 2.03622 2.27589 13.6527 1.33851 7.99987 3.51637 113.761 162.51 10.5556 19.0842 4.07244 2.23226 7.74294 0.00444148 387.719
-77.1783 1.26783 1.61079 8.50661 72.0888 19.0183 15.6907 35.0208 50.9635 16.6763 5.36149 3.7411 7.21597 22.0667 2.24295 1.89204 1.65994 6.19899 11.8851 9.39344 3.51637 98.2025 178.546 16.5394 1.76064 30.3058 3.37595 11.2629 0.0178888 389.079
-77.1783 1.26783 1.56034 8.23855 72.8679 19.0183 13.3319 35.4639 50.6343 13.0001 4.7259 0.445955 15.9572 26.3604 2.271 3.1452 3.52627 6.46907 3.40176 14.718 9.25058 90.5615 179.691 10.8554 6.35589 8.40123 3.95086 10.1609 0.00525041 387.867
-76.8567 1.26783 1.50191 8.11455 72.5844 19.0766 10.0169 43.6337 52.3259 11.2537 8.43138 4.23811 20.308 16.7389 3.46576 2.07712 3.64179 1.9232 3.84076 12.0508 4.05727 93.8227 178.611 10.8554 10.9422 3.48198 16.9702 12.3391 0.0373777 390.636
-76.8567 1.17246 1.68795 8.40304 72.5844 19.0766 7.6825 45.0955 42.3636 11.347 8.85993 3.32089 23.6367 8.26432 1.60081 12.1007 3.89363 2.54513 4.16554 13.7084 16.3333 96.6556 166.712 10.8554 23.0716 11.0309 6.86616 19.6202 0.00553051 389.081
-76.8567 1.18635 1.69984 8.32961 73.0378 28.7814 6.74433 37.5112 47.5244 18.7486 9.64469 12.3653 9.19949 4.81692 0.551602 2.74841 3.41519 4.23352 4.55724 12.0646 15.1084 94.0605 172.25 17.6101 22.8949 1.32765 35.2389 17.4284 0.0304089 391.581
-76.1703 1.18635 1.68658 7.58875 70.8536 28.7814 5.16841 29.6573 54.343 11.7156 9.70956 18.4963 8.66227 8.44234 1.98263 4.50957 3.3363 1.06484 12.2292 12.0646 12.7797 93.8961 172.25 6.07223 23.9256 1.72814 26.0943 39.2359 0.0276449 391.614
-75.78 1.13985 1.69042 7.96842 71.5185 28.7814 8.23054 25.6566 61.3435 8.47056 8.77223 15.7106 1.67834 6.71134 5.30792 5.42292 4.43393 3.88032 8.46721 9.46286 22.5401 93.3371 170.223 9.89646 15.3995 9.30764 7.89659 8.76794 0.0179657 385.406
-75.78 1.13985 1.67335 8.07722 67.37 28.5906 12.5361 38.3155 59.2798 10.4289 2.30276 6.20864 11.139 8.65949 2.99028 2.09076 2.33995 16.214 13.6271 4.36044 29.8943 81.7501 164.965 11.6482 14.5793 8.94182 19.8535 6.37429 0.0243648 388.593
-76.2008 1.13985 1.54417 10.0746 68.8192 23.7657 20.4708 37.253 50.8226 10.338 3.62902 2.88283 13.5227 8.71051 1.9193 1.94549 3.34461 14.0567 17.1246 15.416 30.8302 72.1643 164.965 15.2884 6.33474 5.3106 22.8624 10.8931 0.0256022 391.172
-76.7379 1.13985 1.72797 9.76924 69.0697 21.9005 19.6991 30.8527 50.8226 14.5526 3.77463 18.4748 12.6848 0.244207 2.95483 2.94194 3.52953 6.27868 14.4738 22.1931 35.7344 30.3213 202.98 0.51444 8.3139 16.979 23.9595 9.35044 0.0176999 401.88
-76.0352 1.19299 1.5573 10.8685 70.5728 21.9005 24.4346 35.6602 42.5043 11.9489 12.0597 12.7796 8.41317 7.15329 3.20334 2.56089 2.38126 9.20499 4.01346 23.0142 23.8533 30.0685 209.328 28.0527 5.39289 8.76079 3.83455 35.1934 0.0161236 401.558
-76.0352 1.19299 1.52846 10.0327 68.8329 21.9005 35.1083 32.4132 32.4702 15.6517 2.25723 8.99206 11.4606 15.3598 7.82478 4.43686 14.5859 3.70384 6.52523 3.06523 14.7467 57.8879 199.689 3.21858 23.527 25.9637 2.16045 6.10964 0.0236024 403.888
-76.0352 1.1821 1.53256 11.0242 68.8329 21.7256 38.2879 44.3151 21.6361 8.23277 0.270598 9.19184 7.17341 14.7451 5.71836 3.25794 5.87965 5.67599 23.1384 3.06523 12.3171 99.5657 175.794 3.21858 13.5273 17.4656 4.06938 20.206 0.015084 392.073
-76.1283 1.1821 1.48092 10.2245 70.08 21.7256 38.2142 39.5249 24.2673 15.528 5.03209 10.6 12.1315 5.62499 11.5699 0.515729 2.63598 2.80853 16.12 4.17893 15.4255 96.8688 175.794 3.21858 20.3381 9.56315 15.0761 3.81006 0.00751416 391.994
-75.3956 1.1821 1.47383 9.34042 70.08 21.7256 38.0393 44.1033 22.1966 11.4565 6.82147 8.542 16.81 0.218244 12.3143 1.67543 1.91609 0.487896 17.2928 6.34548 11.1795 104.134 161.683 9.23237 16.5267 6.1293 9.69597 47.1603 0.00995452 392.416
-75.3956 1.1821 1.41775 9.95799 70.2051 21.4767 36.4152 45.4951 23.6358 13.5192 9.3365 8.45291 18.7975 5.73154 9.4343 1.49764 2.34964 1.69751 10.9037 1.6803 4.94405 107.846 164.767 9.23237 19.4267 8.02368 14.2271 13.9746 0.00372999 388.769
-75.3956 1.16581 1.57574 9.26309 71.0497 21.4767 39.9258 45.4951 18.0426 8.52994 7.31486 12.5871 22.1446 7.94685 15.2124 5.1008 2.14394 6.37628 3.36381 4.75236 1.78028 109.434 157.694 9.23237 30.0531 6.20308 10.635 47.3838 0.0153276 396.488
-75.3956 1.16581 1.40988 9.26309 71.0497 21.4767 51.4212 46.6265 9.71239 9.57905 6.00676 5.56178 8.373 13.0429 10.9381 5.39749 1.93329 12.9926 3.40699 7.41466 1.78028 113.336 157.694 9.23237 14.3302 3.20852 9.43751 52.2867 0.0131755 393.47
-75.3956 1.15811 1.58408 9.54935 71.2909 23.9804 32.3521 43.1546 23.8547 13.9812 5.06186 11.6123 10.3774 4.2948 3.65939 8.60382 2.40156 4.4081 3.21355 13.9433 7.78347 111.974 159.029 11.3021 9.50572 15.3351 4.82175 25.1549 0.0377547 387.589
