-58.963 0.0480725 3.89084 59.1945 23.917 33.6101 46.9836 15.5677 2.22562 8.76136 1.6585 2.69673 0.658411 5.71732 10.7316 13.262 146.283 77.3622 6.04135 6.68185 6.03686 13.9083 44.5995 0.000540262 395.516
-59.0626 0.0569459 3.65198 56.8439 41.6225 34.0654 11.3577 15.4172 10.0049 16.0805 1.88052 0.933652 1.05616 2.903 12.118 14.3551 152.835 75.9424 0.876538 10.1938 10.4789 6.88016 18.6829 0.000284166 392.56
-58.7369 0.0218248 3.47732 61.7824 45.2079 33.2507 10.0048 18.9876 10.3232 12.3004 1.88052 0.779514 1.01601 2.92273 8.84472 15.2266 150.06 67.0811 6.88714 16.2449 18.479 17.0771 43.8835 0.00015483 393.765
-58.669 0.00604699 3.45784 57.8394 38.9844 17.3224 34.9781 25.3385 2.72008 12.5503 5.8816 0.485231 0.965207 2.97346 7.94416 15.4522 146.847 68.7779 14.0011 19.9019 3.01377 8.16973 18.7611 7.54491e-05 392.705
-58.8489 0.0245981 3.71515 46.9706 50.9488 9.94934 41.6638 17.4624 6.87599 15.6428 3.05996 3.87024 1.17388 2.17286 7.16167 12.9461 148.79 74.2126 12.2624 6.39566 6.31465 21.6268 36.4425 0.000244927 389.321
-58.8762 0.0335894 3.42687 47.079 50.7509 9.94934 43.9295 12.518 4.30411 13.4623 3.9641 8.03116 2.36706 1.19057 11.8798 25.3982 134.654 76.692 13.7542 3.67245 26.6099 24.3659 6.5286 1.91387e-05 391.277
-58.9201 0.0363217 3.40412 46.2109 56.4081 8.00947 43.8781 11.8771 3.94597 12.4794 3.84232 8.03116 0.634636 3.04094 11.5759 24.2337 135.338 73.8388 11.1967 5.79047 21.2167 33.5738 31.5108 2.15742e-05 390.436
-58.6844 0.000486555 3.5904 46.0093 51.997 8.63089 43.915 13.9076 2.51283 9.04937 7.5637 4.22134 2.59543 1.66181 10.4935 23.8675 136.367 81.5943 20.7881 3.70563 0.223347 38.777 29.6518 7.04304e-06 394.865
-59.399 0.076645 3.25353 53.1114 47.637 20.7195 31.6095 14.0886 9.44764 4.61748 9.23616 3.00995 1.52968 1.66181 10.884 21.3913 134.134 79.6072 4.86745 8.7087 6.3894 22.1605 14.7106 1.0216e-05 392.102
-60.0105 0.127711 3.28244 53.8951 41.2404 18.9585 39.9494 13.3134 9.34763 6.7458 8.15231 1.643 0.423608 1.66181 9.57575 23.9573 135.464 87.2454 2.8766 8.72337 2.11301 54.5512 5.3883 0.000211831 398.799
-59.0307 0.0582822 3.42461 52.3856 45.6255 21.3649 32.5227 11.4511 10.8237 12.5789 1.48413 1.71766 2.53991 3.32193 9.11094 24.3194 142.154 67.235 24.9029 4.24955 24.0045 16.2933 15.5543 0.000124162 390.585
-58.9142 0.0244622 3.41992 48.6305 47.956 20.6832 31.5192 6.2585 14.4605 9.85629 3.81169 0.281356 5.24301 12.1944 3.24274 22.9172 143.555 72.8869 13.1901 2.87766 28.2165 24.8825 30.4961 8.06247e-05 389.926
-58.8547 0.0362088 4.08078 50.9994 46.5897 15.769 37.4929 7.31114 17.5964 8.83132 4.54417 0.889577 1.6758 25.3784 0.0544763 14.1326 133.748 80.7859 7.81924 0.0746204 9.55834 70.7786 1.14849 1.95513e-05 398.216
-58.9052 0.0236499 3.64169 51.7338 42.1492 35.0077 26.0019 4.64093 18.642 1.66365 8.55785 2.11022 3.4617 22.9834 2.77735 9.00566 138.347 56.9668 14.2784 20.2963 53.775 32.2304 7.48066 7.57659e-05 396.863
-58.9732 0.0283147 3.49289 48.5089 46.3977 25.9209 26.0019 6.96964 15.1248 5.5061 13.1418 0.754373 2.56877 15.9701 8.82731 3.84028 146.75 71.8218 3.03598 14.1346 35.5172 12.1734 10.6526 1.61747e-05 388.625
-58.8497 0.0452307 3.49171 53.0905 49.211 28.6085 27.5692 1.10897 14.1948 4.74497 12.8003 0.58081 0.800594 14.2668 8.74853 2.96057 150.811 78.3575 7.39234 5.91573 12.6329 17.4903 5.52547 3.66515e-05 389.571
-58.8717 0.046376 3.38107 49.0982 43.1831 28.6085 32.0991 1.62689 19.292 5.1277 4.53965 3.53023 1.72874 10.6935 8.51543 0.113067 165.995 55.291 11.0244 9.16258 12.4286 26.1523 16.8244 2.99373e-06 390.221
-58.8302 0.0281443 3.46801 48.491 43.8054 29.6799 29.2649 2.37631 24.0934 4.15208 12.2021 2.50067 1.75506 8.76115 12.0877 0.995198 157.444 63.3588 6.3365 12.4138 17.3738 27.6925 11.4241 9.21302e-08 384.661
-59.2806 0.0484353 3.51841 51.6781 40.7292 32.099 16.8566 9.97047 26.0703 2.55068 14.9808 0.959051 1.68162 7.76249 9.41909 1.50571 155.274 66.7483 2.15086 11.8891 25.6675 18.835 28.2061 5.26767e-07 388.387
-59.0981 0.036028 4.04115 53.0658 42.421 32.6858 16.8566 0.202658 25.3742 4.43231 12.8946 0.720988 1.81153 11.8953 11.4788 5.8923 156.555 60.0058 3.12701 4.78237 21.1272 19.7911 18.1934 3.13597e-07 388.949
-59.2101 0.0350821 3.5206 51.5083 39.4252 37.447 16.8566 6.63722 27.2744 3.29089 10.4072 0.937898 1.17451 10.1443 11.0582 4.61401 152.951 63.011 2.83329 24.231 27.6465 68.3252 12.3402 3.68599e-08 389.15
-58.9426 0.0425227 3.51245 57.6307 30.0988 37.4519 15.8077 7.65797 21.6495 5.61001 16.7756 0.480622 0.664483 3.88814 11.7587 8.10141 156.273 62.7258 4.18041 21.9973 17.9493 44.7101 14.4499 4.17709e-07 388.389
-58.9834 0.0492373 3.72251 60.094 29.8021 42.3247 15.8077 6.65141 23.047 3.15092 7.60861 1.71559 8.54996 3.97197 10.0992 1.90631 159.924 63.2153 3.49998 28.449 22.3824 13.4811 16.5251 1.3167e-06 392.798
-59.064 0.0250261 4.25316 61.2782 27.5256 45.4275 16.2588 8.61257 23.047 0.152755 2.3608 2.96262 5.98083 9.68895 13.2088 1.79395 151.629 60.0609 0.410669 20.2067 1.96771 5.43972 13.7764 5.86103e-07 392.875
-58.9235 0.0288423 3.4735 55.8868 31.6042 39.9895 19.4193 12.14 23.5109 4.88911 3.61449 1.01644 5.12991 9.20265 0.235976 4.00233 162.963 67.1718 1.04793 2.98257 30.8198 12.4305 12.6007 1.55039e-05 386.211
-58.923 0.0260572 3.4111 57.4386 37.9378 33.7613 19.4193 9.37405 11.6774 8.14293 9.15233 2.171 5.50805 4.1483 10.2705 2.48141 162.683 41.8341 10.5088 9.36392 17.1518 12.2468 4.81023 1.53957e-05 393.75
-58.9462 0.0648965 3.42274 56.7659 36.6584 30.4384 23.3746 5.57409 9.38388 14.6796 9.59241 2.37822 1.53883 8.02175 11.0202 0.528083 158.453 72.317 1.52773 11.0243 9.48355 29.1389 10.1637 1.89542e-06 386.883
-58.9264 0.0493738 3.36964 58.83 41.0585 25.9103 24.0798 5.75405 16.9353 8.16386 8.94481 1.02331 3.04143 14.3369 4.88212 1.93301 156.629 64.5539 4.1354 12.0743 1.25309 16.8512 10.0396 2.27841e-06 387.02
-59.2821 0.0695939 3.30496 59.9112 35.8647 27.4789 33.3379 2.78185 16.9671 3.54578 7.07237 4.68274 4.30223 10.8134 2.93227 1.82289 162.008 71.937 8.36931 12.6042 14.314 11.8477 9.61932 4.29034e-07 393.009
-58.9107 0.102231 3.13149 43.6231 43.368 39.5555 25.419 12.655 17.6199 0.931241 5.44053 0.647695 6.68945 6.25977 6.54725 3.73721 154.252 58.7446 8.55546 10.4331 5.59661 9.81699 10.8649 4.29034e-07 393.779
-58.8685 0.136358 3.09131 43.6231 43.0828 31.1035 27.1284 11.3351 17.6199 3.13405 11.066 2.68874 4.22408 2.17603 13.9777 5.74513 167.275 53.675 11.2608 2.17312 25.804 5.81243 19.7828 4.29034e-07 392.204
-58.9454 0.0855529 3.2184 54.4918 42.0624 20.9034 22.2156 11.6973 21.4726 2.48152 7.09091 4.26147 3.85015 2.08823 8.03365 13.4733 171.26 50.3568 13.6842 0.595878 46.4638 9.46814 15.3584 4.29034e-07 392.632
-58.9808 0.0438897 3.58468 56.9161 42.9621 21.9955 26.3663 14.8816 11.6664 1.81567 9.57635 5.2148 4.09458 8.65575 6.23712 12.1678 158.483 52.6492 18.0178 7.72426 14.0456 42.7278 16.7014 4.29034e-07 390.018
-58.9861 0.0147842 3.77657 55.1151 29.8539 32.9433 27.6372 7.88759 11.7809 1.81567 13.2698 5.52766 2.385 13.3707 2.93032 10.8405 167.925 51.2015 0.883702 4.52546 8.90186 12.934 3.50357 3.70765e-07 387.443
-58.8101 0.01749 4.20869 54.4341 31.5701 32.9433 29.2966 7.2016 14.0924 7.61194 12.9482 3.73936 0.877307 7.15448 3.0851 10.2541 167.987 55.7371 2.47094 8.90178 8.80378 16.0353 56.0446 6.94482e-07 386.375
-58.829 0.00821611 3.55503 51.1658 37.3761 32.9433 29.9994 12.8136 12.1537 7.52026 9.87149 3.52748 0.877307 2.20891 5.5985 11.0688 166.117 54.1033 4.90782 7.3439 8.80378 12.4858 10.3364 6.94482e-07 381.835
-58.899 0.0283265 3.74536 54.2056 34.4045 32.9433 24.1216 9.88323 18.1302 7.11883 8.75992 3.00579 1.19116 1.43849 5.39563 11.3444 171.419 52.0048 6.95285 4.67835 3.09132 6.83588 2.32326 6.94482e-07 383.402
-59.1363 0.0513229 3.4245 53.2155 39.0358 32.9433 24.9755 8.76139 17.5853 3.32181 9.4311 2.80891 1.10741 5.3577 4.12552 8.9638 173.659 48.1917 12.911 9.02297 25.1811 0.834201 14.7062 1.72813e-06 385.179
-59.1408 0.0261034 3.74325 50.2418 38.3754 25.3549 35.0949 9.1638 20.0394 3.32181 9.60622 4.42429 2.32614 3.70953 4.83043 11.5141 165.953 55.7938 4.29401 5.47871 46.0757 8.66961 19.266 1.72813e-06 387.317
-58.746 0.0240519 3.60614 52.2289 36.0484 25.9907 35.0619 10.5772 18.9882 3.32181 11.6869 4.23517 3.56247 3.71717 9.05132 8.98875 158.603 60.2081 5.88552 1.68822 33.1972 5.74705 26.3528 3.48176e-06 385.406
-58.8067 0.00398279 3.51824 55.8644 33.298 39.9909 24.257 10.0769 11.3226 1.78917 2.53323 6.31285 9.11282 5.07266 10.4415 3.84058 170.025 54.2617 7.85658 6.03348 33.1029 5.82892 12.3178 3.48176e-06 388.865
-58.7397 0.0269374 3.527 54.3088 33.5157 39.9909 23.3074 9.48792 12.1804 8.13142 6.27723 5.26888 0.971303 10.2956 10.7636 11.1623 157.229 53.103 16.2044 7.77635 23.5217 6.37767 12.901 5.42856e-05 388.198
-58.7593 0.0344795 3.57481 54.6448 34.3993 46.0028 15.3808 12.3336 12.0252 6.04757 8.08959 2.60283 2.28147 5.53863 9.28313 5.36771 161.304 71.2689 13.2604 4.30355 6.13224 30.2308 8.11689 6.60331e-07 385.082
-58.9396 0.0366514 3.41536 55.7579 30.74 47.5895 15.8302 13.7306 12.9372 7.1899 6.47214 5.28862 1.58846 4.59287 12.3771 0.623012 168.668 36.1231 9.68515 39.017 33.1029 31.1638 5.07515 6.60331e-07 393.871
-58.6238 0.0328817 3.31321 54.9546 29.0408 46.5683 15.7613 17.2435 16.0361 8.21415 2.94583 1.16053 3.28147 6.6851 9.7799 3.29105 166.493 38.2312 8.87633 9.58806 7.21283 10.2404 10.4878 6.60331e-07 390.537
-58.8938 0.0276215 3.67718 53.2782 33.6126 47.085 24.9866 24.8959 4.45371 3.2672 2.23022 2.26148 0.958006 8.67586 6.67773 3.29105 168.525 46.9942 3.66505 28.1423 67.7702 6.54111 19.7071 6.60331e-07 389.043
-58.8778 0.0347886 3.56865 59.0574 25.2419 49.3357 21.7208 21.9397 8.9443 1.4187 1.7899 7.96662 2.13286 3.41856 4.73445 8.11882 168.737 54.8109 0.607733 13.6056 58.3248 15.7271 22.2683 6.60331e-07 388.452
-58.8744 0.0138273 3.86177 61.4213 14.9523 55.2286 28.7843 13.5629 5.10839 8.53247 1.76194 4.74349 4.39707 6.6454 10.5496 4.82933 162.707 53.5164 0.404483 15.9946 54.3873 1.90113 34.0275 6.60331e-07 388.94
-58.8369 0.020665 3.82052 60.2873 14.9523 64.5566 18.6211 13.2112 6.38259 6.32151 1.74716 0.900949 1.7885 16.3672 12.7745 3.41561 153.334 63.5339 5.59862 5.06105 30.5482 5.17229 52.6879 7.13611e-07 386.707
-58.7557 0.0175189 3.61226 64.0724 7.04633 58.8489 19.008 20.2746 10.173 6.24691 3.6366 0.899072 1.12954 9.88791 10.7483 3.11894 176.513 47.9045 3.31963 4.08998 25.5824 10.3112 25.8634 7.13611e-07 388.235
-58.7821 0.00431324 3.46085 70.868 12.709 48.4317 19.3618 23.6046 10.0866 3.22094 5.7901 0.589429 2.38457 7.58857 9.03945 3.38366 168.014 49.0028 4.56205 4.37093 6.92526 4.61242 25.6103 7.13611e-07 385.469
-58.856 0.0147704 3.48962 74.0779 8.85266 49.1015 14.9602 23.6046 8.54669 0.455741 11.6003 0.595344 3.95007 7.85286 7.09166 1.52904 172.628 53.3562 5.95502 7.19049 6.89543 26.9343 34.641 6.59858e-06 390.464
-58.7708 0.00334322 3.21948 72.5793 11.4882 52.9614 24.1647 6.42868 3.27363 17.9617 8.50119 3.07125 1.98086 10.2471 6.73814 3.70404 158.519 53.1636 8.02509 13.7739 2.23726 17.784 22.2818 3.41261e-06 396.739
-58.7709 0.0102678 3.83013 67.8678 2.50758 55.4694 23.0348 6.80355 3.42863 16.9237 9.37226 4.49952 5.2159 10.3444 2.79893 1.77166 175.192 54.8771 8.60581 2.77813 36.9767 1.90814 61.2395 3.41261e-06 392.311
-58.8603 0.00866818 3.4078 70.3767 7.27164 47.107 23.0348 10.8592 8.73157 15.5797 9.50014 1.31641 3.15316 6.87445 4.55364 1.10163 175.192 50.8384 5.9264 4.23432 35.6688 21.067 33.8334 5.85247e-07 388.079
-58.8423 0.0844304 3.3479 71.0614 10.4612 48.2989 22.3955 9.53369 9.85153 13.7698 4.91625 4.96867 2.10273 9.16158 7.21393 0.876947 170.045 49.9194 7.73145 1.09327 3.34045 31.0619 34.0134 3.07248e-06 387.963
-58.8491 0.0559388 3.55612 71.0738 9.75946 48.2989 22.3955 11.3636 6.50393 11.3441 6.97533 4.94501 1.10266 7.10328 11.6663 0.876947 170.045 53.872 10.964 2.87624 10.4447 6.0455 14.0987 4.98167e-06 387.333
-58.8994 0.0261629 3.50723 68.609 7.33349 53.6285 22.3955 7.76407 14.421 10.0236 12.3527 1.61409 5.20071 3.96577 9.62538 1.79969 162.904 53.872 2.67321 10.225 4.31068 17.0894 4.69828 6.85719e-05 390.507
-58.527 0.0402614 3.65371 66.6787 6.4656 39.012 35.558 20.621 4.08757 4.30505 11.7406 2.91142 9.40759 0.936522 6.68371 0.920498 175.593 48.6989 4.78908 16.0588 20.638 14.4438 30.1289 2.7784e-05 398.727
-58.8524 0.0810852 3.75334 67.8919 2.55464 50.4044 34.9964 22.7951 1.63678 1.0104 14.7825 3.23297 1.98143 5.59457 2.79528 0.715464 174.33 57.6781 8.86395 16.2462 10.7481 8.97626 33.9659 7.05939e-05 400.608
-58.9221 0.00372639 3.54782 65.7442 3.70358 48.1491 36.6389 24.4624 1.63678 3.02687 4.36837 5.13228 0.366626 10.6842 11.1742 1.25147 164.614 49.3745 3.30554 11.4459 26.3367 26.365 11.5581 1.51054e-05 392.583
-59.0064 0.0369958 3.76155 67.2138 3.2166 42.9733 46.6386 19.313 1.52995 9.49914 3.52869 4.48486 0.249165 5.68441 5.76932 3.26672 166.182 59.5336 3.17536 8.41065 19.5449 4.19007 5.46593 2.22678e-05 390.892
-59.0105 0.0224036 3.60583 68.1739 2.10006 42.0018 45.0713 8.46902 10.0365 8.23368 5.27616 4.61056 4.49348 3.26816 4.18935 4.66387 164.096 60.217 2.94471 7.4157 16.2094 4.09218 6.05041 5.85065e-06 387.233
-58.8733 0.0146128 3.5971 73.285 2.13852 37.5654 45.326 4.79075 5.03784 10.6688 6.28792 0.263956 6.47384 5.07087 10.0996 4.13566 164.21 66.5027 2.87439 6.88234 1.38154 14.7883 21.0589 2.59627e-05 389.385
-59.0133 0.0209605 3.81037 74.5196 1.01726 42.49 43.1016 5.14281 7.26003 9.91482 4.92549 1.24873 1.86759 3.07789 9.18283 11.933 155.271 66.1518 1.85962 6.80038 6.15859 36.8298 24.4088 9.16536e-07 389.688
-58.6985 0.0111789 4.27279 72.0768 1.01726 41.5969 47.0868 8.18943 8.05318 5.29695 2.43762 3.06971 3.81773 3.83741 6.18144 10.3422 158.662 70.2675 0.419208 10.0036 3.52759 3.78235 9.72759 9.16536e-07 389.219
-58.707 0.0029161 3.7271 67.9337 2.09821 41.5969 36.8638 16.15 14.6755 5.61208 1.50778 5.84093 1.53672 1.08623 17.224 3.65115 157.818 70.8179 5.41288 3.37069 2.47692 9.25534 12.6115 1.91192e-05 386.217
-58.8503 0.0332869 3.50358 67.8172 3.25046 44.8826 36.8638 16.8133 9.79055 1.92488 8.89339 4.86217 1.86254 0.860817 31.5774 3.11103 144.695 64.6135 5.6043 4.3278 16.1057 5.71752 6.0318 0.000172306 393.893
-58.8611 0.0175133 3.52835 67.5806 4.84 39.3151 41.3582 13.6166 1.35632 12.7168 8.16824 2.46573 2.48492 7.15798 22.2236 6.0853 151.397 56.8119 6.32547 4.30799 29.1221 10.8726 17.1149 8.75454e-05 390.64
-58.8847 0.0353425 3.6699 68.7859 10.7036 33.098 41.3582 11.722 1.84441 12.8809 8.18553 2.92998 1.20866 6.62507 29.0804 15.1969 136.834 56.8119 6.23731 5.98121 15.0732 11.3702 11.4087 0.000250635 395.277
-59.0168 0.045305 3.41076 70.4587 10.583 40.6788 29.6361 10.6543 8.51818 10.5165 8.95057 1.47963 1.83381 9.60439 23.3825 17.4595 135.445 53.9998 7.85003 15.8623 34.0983 23.419 12.4751 0.000277115 396.955
-59.1479 0.0317856 3.97343 59.2314 17.8004 43.9658 29.1781 7.02553 11.545 11.2199 8.23735 0.240143 1.12162 6.39858 9.05859 20.6183 144.551 71.3064 0.349681 2.95084 23.9637 5.60471 26.044 0.000277587 392.422
-59.1062 0.0237773 3.97694 62.046 19.3777 31.0583 36.7679 1.20809 10.8262 17.4768 5.62333 4.60221 2.44609 8.89722 6.99706 23.9395 132.791 80.5561 6.486 7.65701 13.2374 36.6001 48.2596 0.000362977 398.256
-58.8157 0.0732157 3.13632 65.4313 17.9878 29.8599 36.7679 9.55051 10.0479 20.6929 2.2686 2.94636 1.69936 7.10986 6.98605 8.51012 144.044 77.9964 10.7532 7.57876 78.167 20.9929 25.9866 0.000151208 395.767
-59.0275 0.0851305 3.31145 62.3161 18.3587 32.0487 37.506 7.98091 10.8427 16.4375 0.587681 6.67988 0.351937 8.79583 7.12936 15.4894 145.128 75.999 1.66412 8.41095 15.0679 18.8002 41.6047 8.65243e-05 389.969
-59.0193 0.0454007 3.20651 58.3493 20.6661 34.0092 39.3631 6.96651 10.0024 3.96256 3.62436 3.67277 5.11491 7.50576 14.2847 15.4894 152.852 66.187 5.68747 5.85428 21.0766 12.6895 8.59856 2.58092e-05 390.55
-59.1047 0.0509953 3.30027 57.8494 26.7892 34.0092 39.3631 6.40488 10.6828 9.97036 5.76216 2.14922 1.22785 2.52811 9.21888 9.20405 158.177 63.797 8.85304 4.52915 39.6351 28.0835 17.6827 2.58092e-05 388.163
-58.7073 0.0145281 3.61452 58.175 26.1041 31.2414 37.5141 5.13194 11.5707 9.83526 7.17509 0.502903 4.50643 11.6449 9.6046 6.19521 149.477 72.8486 2.29943 4.79888 7.93612 18.5084 15.3431 2.58092e-05 385.863
-58.7695 0.00156536 3.74975 56.6525 26.1041 28.9312 37.5141 7.97752 11.1846 9.69438 9.51139 0.702212 0.292438 9.20365 7.31769 11.2967 153.334 73.7584 9.37184 6.57169 39.1328 15.7863 9.22966 1.72013e-05 388.865
-58.8864 0.00424883 3.62209 55.6406 26.1041 32.7503 38.398 12.1969 11.6452 8.00047 1.03506 1.84747 0.823389 12.9349 9.31444 11.9251 144.199 78.7711 7.1439 3.5721 54.6659 7.09558 12.5615 8.97926e-05 389.709
-58.8246 0.0133453 3.51243 57.447 26.1989 25.096 41.0822 11.1975 14.308 10.7176 3.22075 2.38383 0.48433 11.1267 14.1313 1.96546 144.274 77.4313 6.05162 2.96708 100.539 38.7345 3.21762 0.000168102 391.95
-59.0812 0.0364982 3.3522 57.4814 22.2771 30.9833 41.0822 3.80149 20.1864 8.33409 4.63914 4.39319 1.71459 15.3491 12.9813 1.96546 153.719 66.3551 7.33085 3.27377 3.60107 12.5706 2.95803 4.95967e-07 386.347
-58.9228 0.0715531 3.6244 56.1026 25.5168 26.815 41.0822 0.883831 17.106 10.1618 2.09935 7.45383 1.88195 15.3373 8.44943 6.43878 154.93 66.8071 19.6635 1.52833 10.3625 1.07984 5.18982 4.95967e-07 387.681
-59.0672 0.0641588 3.84018 59.106 24.4307 26.815 33.7381 12.6091 17.7013 5.77925 2.19157 6.71349 1.88195 20.764 1.73363 4.44775 155.206 67.1416 15.1227 6.16013 14.3823 10.3615 11.0237 4.95967e-07 388.738
-58.8325 0.0401387 3.68938 59.8714 20.3857 47.9962 11.7522 5.74943 17.903 5.2434 8.50012 12.8056 1.4132 10.7532 5.78869 6.53051 165.234 55.8496 7.60078 7.01857 2.45074 4.98601 21.5517 4.95967e-07 388.942
-58.7945 0.0571724 3.36073 60.005 20.3857 53.099 11.7522 5.10463 15.1286 14.1062 5.74098 4.83546 3.79703 16.1406 5.05602 2.23311 160.118 62.2001 8.26248 6.04045 14.0034 25.3901 12.6138 4.95967e-07 384.865
-59.0288 0.0356088 3.7024 58.2354 20.473 50.2186 18.7546 5.17837 4.6221 15.3585 9.70954 1.94654 7.94574 15.0843 4.72759 4.2116 156.826 71.7743 8.09974 1.96222 11.9648 19.6434 6.9826 1.67854e-07 384.496
-58.8727 0.0300633 3.31585 60.9077 20.3165 52.2997 18.7546 5.56809 5.11548 16.2796 9.4342 3.96005 4.66877 11.0922 1.68981 5.29198 159.241 66.0715 10.7479 18.1554 4.78447 34.2011 2.81528 6.0302e-07 386.857
-58.8727 0.0296928 3.34468 60.8809 9.85363 52.2997 26.7542 13.5998 7.6858 14.2881 1.34127 2.35274 2.84088 9.35643 4.54467 11.8121 158.851 56.015 7.1353 13.0144 15.223 19.9504 0.757527 1.96536e-06 387.969
-58.8086 0.034741 3.50098 63.0111 14.861 46.7189 28.9477 12.6591 5.06947 13.9568 0.842481 0.967293 3.6744 8.66607 10.1057 11.8481 152.995 37.4047 16.9792 25.7097 1.87999 35.733 37.9366 1.4956e-05 391.137
-58.9649 0.0224695 3.5694 61.9543 14.4808 39.6894 30.9434 16.6467 7.58948 14.1008 0.935381 2.16185 2.71106 3.33945 9.36539 15.4342 156.285 40.2018 6.01827 29.0323 18.0508 5.41354 11.4791 3.23848e-05 389.548
-58.8653 0.0592152 3.38798 60.9618 19.806 33.1214 35.109 20.9863 2.97243 13.9746 0.874136 1.27682 1.75853 5.89481 12.9469 14.527 157.513 55.6826 0.441106 21.1413 42.8923 17.457 23.4041 2.52827e-05 390.672
-58.9368 0.0199614 3.55323 60.3502 19.2077 31.2328 35.109 22.3 3.84333 12.6118 1.48295 4.34118 0.0842062 3.92666 14.2894 17.1258 156.598 53.0129 3.91152 15.1218 53.6074 29.0567 6.74078 0.000246336 391.227
-58.8627 0.0156458 3.53742 63.5433 19.2077 31.0155 35.109 22.3 3.29717 12.5576 0.379616 1.46867 0.408439 0.328166 19.4759 17.1258 153.464 59.582 0.766185 13.1364 41.6646 26.656 3.99879 5.47926e-05 391.462
-58.9602 0.0286557 3.4833 58.8953 23.0691 37.2647 35.109 22.3 3.29717 11.8992 0.811215 4.2129 0.700006 7.89927 13.324 13.8046 148.977 57.1053 4.63752 3.90584 23.9651 11.2257 25.4194 1.03058e-05 387.511
-58.8562 0.0133095 3.53316 54.4988 30.6984 36.3993 28.5066 19.6895 9.75728 5.50043 3.63854 4.7423 0.895083 3.0462 9.16863 8.92145 154.395 79.1355 0.353893 1.52078 25.4479 33.8209 19.4274 1.03786e-05 386.182
-58.8129 0.0658091 3.35925 54.7162 30.6984 41.307 21.6852 11.6442 16.6148 10.6456 3.11452 5.65794 1.55182 4.29689 4.68479 2.90283 166.128 67.1246 8.56986 1.23962 24.084 37.5564 1.37024 1.03786e-05 387.431
-58.9068 0.0215757 4.02176 53.2446 29.3979 49.3091 21.6852 7.20997 17.7561 6.73154 1.58328 4.65623 0.124627 3.62687 9.20427 7.00559 158.066 73.9889 12.481 0.721486 16.838 6.2239 5.20833 0.000545475 393.279
-58.8976 0.0340827 4.00362 54.7674 26.8665 49.3091 21.6852 8.01745 15.0495 9.77166 1.84983 3.82732 1.45721 4.82682 13.2786 5.50572 155.647 66.2227 9.97734 0.82964 18.5245 8.87401 12.7622 0.0045683 392.035
-58.8679 0.0349161 3.51859 56.0895 21.3769 39.0583 32.6242 12.0088 6.86021 14.5432 4.07443 7.33297 1.90615 3.99885 14.6922 3.88165 155.44 71.8978 15.4379 0.89889 27.9232 43.2167 16.3477 0.000754319 395.256
-58.8099 0.0839993 3.32121 73.4292 11.8873 31.3304 38.783 5.82406 15.3456 6.26602 9.0436 1.49477 3.66851 1.66905 17.1854 3.1674 153.295 67.8459 6.96745 1.59995 25.4845 17.8957 9.87888 1.80486e-05 391.25
-58.8623 0.010077 3.57344 78.1855 11.8934 31.3304 38.4297 10.052 12.4294 0.242351 2.41472 1.86459 1.71274 0.851436 19.3938 16.8857 155.925 54.593 10.4487 5.49224 10.2997 10.3767 4.41341 8.51289e-06 392.027
-58.9398 0.036299 3.46883 65.8098 11.8934 36.1188 39.2769 13.4706 9.94111 3.36674 7.65536 1.39827 4.04889 1.19339 20.3713 11.1792 155.925 53.477 3.06692 14.3431 31.5167 23.0164 12.9491 8.51289e-06 388.986
-58.7199 0.0326658 3.42315 65.5372 11.8934 36.1188 39.4126 12.2527 13.3753 5.96587 7.83991 2.21732 3.00657 0.678118 9.68004 10.6246 154.294 64.9169 5.57689 9.00712 10.318 17.0807 15.8707 8.51289e-06 385.366
-58.8871 0.0336403 3.39445 68.1902 4.25356 37.3485 43.287 7.00876 19.5546 5.96587 4.41583 2.04044 0.528468 1.00263 19.1411 9.33369 151.853 69.9085 5.45641 11.7064 9.64982 34.5843 31.08 8.51289e-06 387.401
-59.0565 0.0453163 3.7908 66.8437 1.44363 39.3033 46.3024 4.53585 19.2496 9.3333 0.398135 2.83891 0.310788 2.53225 17.0208 12.4604 144.579 77.3077 12.6422 5.54171 9.64064 20.4995 20.1851 8.51289e-06 389.533
-59.0987 0.0295766 3.73502 65.4422 1.61873 39.3033 47.7399 7.70116 19.2496 7.22759 0.136959 4.04626 0.622295 5.28219 14.9008 8.47683 148.381 71.821 7.15111 0.448203 10.0508 28.4187 11.191 0.000123129 388.873
-59.044 0.00813594 3.78695 67.4183 6.59856 29.7767 47.9795 7.82838 23.1188 2.6761 0.561342 2.13203 2.7204 9.44849 14.6403 8.19674 147.873 72.8995 5.12497 5.06356 9.57745 16.4982 8.37857 0.000110856 390.551
-58.8981 0.0434719 3.63028 64.5938 7.88279 42.0933 34.2303 0.593517 23.1188 4.29115 1.40092 2.91084 9.92161 11.005 9.14179 8.38898 147.873 73.9893 4.22889 3.95317 6.68842 16.352 6.23405 0.000260378 390.788
-58.9218 0.0378021 3.66889 64.5938 7.88279 43.9593 34.2303 0.891336 15.516 20.9149 0.353342 5.35832 7.34884 8.80979 1.85289 3.78575 151.243 72.492 4.22277 7.86675 4.11812 38.7754 5.74263 0.000321716 394.319
-59.2223 0.0424766 3.53963 60.6359 9.73415 44.8823 28.4162 4.29467 15.7909 6.9716 3.91953 5.00589 11.2968 15.2991 2.72649 13.3005 144.957 77.8811 12.3504 8.02163 2.81576 7.17903 3.044 0.000986664 400.868
-59.0979 0.0350529 3.71142 62.0927 6.4886 55.7158 28.4162 14.9255 15.2924 1.33201 7.38586 4.90153 1.11039 1.67609 1.78653 20.0721 147.689 75.2206 6.8512 11.1326 43.2757 22.4668 22.0544 0.00292983 396.905
-58.9519 0.0358042 3.73427 64.1205 6.22186 46.0053 36.4869 0.255368 19.9453 7.04288 8.07472 2.45176 0.700681 8.04094 6.60636 19.8586 143.807 73.9798 2.55769 2.32651 52.8068 27.5108 38.2283 0.00464521 397.423
-58.7063 0.0143339 3.66487 64.0881 7.81626 49.9912 29.571 5.60718 23.1355 4.22244 1.09472 5.10193 1.60129 8.7841 9.419 17.0751 142.908 74.9663 3.73989 13.7597 62.5048 1.62483 6.35537 8.65268e-05 391.868
-58.8946 0.0409172 3.63117 62.4077 7.81626 53.2988 29.0712 8.09231 25.734 5.35334 0.668701 8.29548 2.48454 1.37563 14.7156 16.7128 129.198 80.4716 6.69244 0.329317 5.00289 0.335323 2.54795 0.000259577 394.425
-58.9496 0.0456132 3.177 63.8436 2.32435 53.2988 29.0712 12.2469 14.115 5.62317 2.69181 4.42327 3.14282 12.09 11.9217 15.4029 135.961 75.1518 9.98419 4.76141 92.6968 19.1759 9.3762 3.36617e-05 397.464
-58.6895 0.046701 4.01482 63.4814 2.33183 53.9934 30.084 8.56747 13.7094 7.7352 10.3513 2.83719 4.60686 20.3168 13.9947 4.88297 136.866 63.5269 19.2435 6.98875 33.7525 21.4343 12.3059 4.7702e-07 397.421
-58.9953 0.042782 3.70091 63.8318 8.25295 60.6709 26.197 3.97855 12.7094 4.54966 5.78388 0.423905 5.46201 10.4722 18.5628 4.29261 151.577 59.5612 10.4279 9.27427 10.2837 19.4849 14.7656 1.33916e-06 390.297
-58.8228 0.0262771 3.46045 61.4206 9.38718 47.5573 28.0559 0.743446 14.8356 7.74515 6.62506 4.39396 5.15625 16.3346 5.22153 10.7632 147.55 63.8962 9.26094 10.7416 12.7591 31.3399 26.907 1.08227e-06 394.047
-58.7848 0.0161877 3.70713 66.9088 8.15885 47.5573 34.6425 1.01019 14.5719 7.29087 4.41923 9.59689 4.18806 5.65466 4.40502 12.6105 145.642 75.7017 9.84605 16.321 6.78343 24.8652 9.30776 4.72928e-07 390.019
-58.8738 0.0122108 3.46515 66.7577 7.35621 42.4533 34.6425 0.26847 16.9215 5.31471 4.29043 4.67243 5.19956 16.3297 2.53185 13.9639 144.962 74.2406 2.35304 7.31285 26.9207 18.1672 11.8868 7.16576e-08 386.373
-58.9103 0.0356094 3.64851 68.3022 5.06479 40.5845 34.6425 2.20839 16.9215 18.0237 0.310154 4.59795 2.55061 12.9913 3.15711 14.1896 144.35 70.8441 6.62339 6.51188 33.8299 25.1319 28.897 5.72188e-08 384.419
-58.7268 0.0151623 3.42857 68.3022 5.05574 40.5845 34.6425 2.51668 16.9215 18.0237 0.310154 3.76239 4.03045 12.9913 1.99088 16.7602 144.349 69.0006 3.73806 6.57729 3.03694 29.7384 16.4752 1.32025e-07 381.909
-58.8457 0.0183903 3.58213 68.4193 6.36101 40.5845 36.2377 0.608148 10.5328 12.0083 3.98257 5.5503 4.08137 12.1274 5.47476 22.5774 142.012 68.0497 7.57494 7.19307 29.3972 15.4969 20.894 2.40192e-06 387.53
-58.8132 0.00961899 3.5414 71.1329 6.68004 37.6698 37.3217 0.608148 22.9028 9.83423 1.31392 4.31579 1.86917 14.0612 4.10946 20.7174 139.487 67.3971 1.92595 8.24994 28.144 10.4847 20.6971 4.98953e-06 386.946
-58.7914 0.0177602 3.5681 65.5381 10.3349 37.6698 37.3217 0.608148 22.9028 7.91685 7.35359 0.278526 1.40354 5.1269 5.80741 27.0775 134.761 76.8699 12.7797 8.44818 11.3046 1.98927 14.1552 1.66155e-05 386.152
-59.0275 0.054697 3.41671 65.4153 8.30258 40.7514 40.2825 0.608148 22.9028 8.04882 2.55694 3.11329 2.89997 7.14156 4.02039 26.3046 133.622 78.5776 3.63344 14.7144 9.7241 14.4928 17.3953 4.4187e-05 391.308
-59.0606 0.0309554 3.28758 62.7217 12.5097 31.8967 51.7555 12.0592 4.92094 6.52352 0.901329 1.93384 2.7184 5.92584 9.21916 14.7887 151.775 72.9718 4.89853 3.60479 8.84482 18.6404 56.0741 0.00330777 395.375
-58.7227 0.0968867 3.32743 63.4494 12.5113 33.3971 49.1528 9.25935 4.6034 13.7758 3.21644 5.08253 3.99562 2.4374 10.655 13.3754 145.479 72.9718 3.01143 6.14707 7.85174 25.4173 32.3781 0.000524413 392.081
-58.918 0.0665009 3.5363 63.2614 12.3945 33.3971 50.2969 7.00022 4.61387 13.0972 3.79173 3.9078 3.10631 1.83858 15.2356 8.34586 149.004 71.1069 0.916423 17.6249 7.604 31.5806 8.71596 8.90718e-05 389.825
-58.8463 0.0378449 3.46026 68.2976 11.7829 35.6134 43.2851 5.36672 4.53639 14.12 3.71595 4.5992 1.90861 1.36199 18.5641 8.59084 150.899 69.9976 4.46862 6.98138 22.6324 12.7135 18.8302 8.96318e-05 387.989
-58.9445 0.0188376 3.50223 65.3879 5.6192 30.1045 54.8758 4.76433 4.53714 6.00661 0.96395 13.2298 4.18236 13.4544 7.80951 10.3121 156.136 64.6503 13.662 3.80768 18.7002 40.0052 4.61927 0.000163188 395.745
-58.9323 0.0531723 3.26788 65.918 11.062 24.0879 56.2496 5.56249 6.02844 12.0668 5.86488 8.80336 2.78566 14.2028 4.67638 4.23247 152.023 66.9929 9.09112 0.316526 16.8978 5.66425 14.285 4.55364e-05 389.009
-59.0224 0.0269236 3.60144 65.039 6.72388 31.0353 56.0477 2.26095 6.74938 10.7397 10.1688 5.70498 3.29114 16.9527 4.65767 5.01917 147.572 66.0145 17.5648 1.98542 27.2348 12.3375 5.03957 2.93582e-06 390.337
-58.9635 0.0956161 3.25545 65.2392 4.00774 27.4449 55.9017 3.9905 13.095 9.45092 14.8286 3.44468 1.49753 9.53245 5.68742 8.94118 153.653 59.196 35.2328 0.664727 8.55898 25.4458 5.35979 5.4274e-07 394.845
-58.9899 0.0492742 3.29748 68.0648 3.74835 16.679 64.3901 2.36919 17.3192 12.6378 0.829723 10.0329 1.36659 2.65337 4.81859 12.9047 154.197 69.7205 0.624943 7.86002 8.81645 18.5231 41.2788 3.0618e-06 387.634
-58.8619 0.029208 3.29748 68.0648 3.51308 18.7093 63.4915 9.32636 14.6756 10.1889 1.77316 1.15473 11.8695 4.53486 1.16245 20.2481 141.258 73.4612 9.77974 5.5934 14.7745 0.93988 21.6748 1.87901e-06 388.371
-59.0314 0.0169387 3.36683 63.4941 5.54887 50.9707 36.5155 9.5744 15.3615 3.83042 0.818617 0.777785 5.99488 6.63008 9.58623 17.0072 141.712 74.8111 5.04806 7.11803 18.2756 2.14349 17.3488 2.60713e-07 383.533
-58.9142 0.130055 3.30431 64.3697 10.0926 48.8727 30.9175 7.96849 19.9624 8.23302 4.38952 0.460816 2.29491 5.7884 12.5111 13.9101 144.113 67.829 3.79696 10.8552 29.0872 21.141 1.83797 3.6264e-06 389.363
-58.6587 0.0373517 3.39914 66.2895 8.11889 46.1066 27.1831 2.9511 26.9409 13.5602 1.08118 0.484224 0.192008 5.87446 17.902 10.3408 143.414 75.357 8.31797 9.69106 20.0932 27.0333 39.4036 1.05571e-05 392.077
-58.7951 0.0711341 3.46779 60.4536 11.7418 54.1008 27.966 5.03632 22.5699 2.60921 1.62805 1.73222 0.0922561 3.79379 17.902 13.6576 150.267 64.4981 1.51795 3.23611 14.0694 24.2796 1.70049 1.38675e-05 388.376
-59.3238 0.105994 3.25154 60.411 17.944 67.135 4.54445 5.40453 22.5699 2.7041 2.76219 2.01036 0.0384119 6.33375 19.5278 13.6576 157.909 53.9774 6.28582 1.08734 13.7843 25.3124 14.8512 5.15599e-05 394.492
-59.0661 0.0437274 3.56448 60.411 13.8145 67.135 4.54445 5.78745 22.7346 6.6637 1.50779 1.6339 1.68529 6.33375 19.5278 13.6576 156.449 57.0263 1.67965 13 10.5941 24.6542 9.81101 6.09391e-06 386.278
-58.9419 0.0117902 3.57571 60.3992 13.6698 75.1949 4.54445 9.96365 24.375 2.57817 1.65679 2.401 2.34006 0.311226 7.66892 6.67566 166.569 60.6761 1.8527 14.0574 9.75067 21.7462 6.88965 7.54261e-06 388.012
-58.8309 0.0333412 3.59057 57.4445 13.2872 75.1949 4.54445 10.001 11.6619 9.10986 1.46977 5.19488 1.2042 2.0241 12.2866 25.5149 149.865 56.5796 0.141059 14.7836 14.4939 2.82164 2.75317 5.23025e-06 391.487
-58.6186 0.0524078 3.54124 56.6598 21.2253 75.1949 4.54445 7.3931 14.7222 7.9995 0.866958 2.25197 1.985 1.98022 16.1875 12.9061 158.315 60.1454 6.93541 4.01178 13.5311 9.72459 12.0297 1.1326e-05 388.502
-58.6728 0.0498952 3.2522 56.2804 24.904 61.5259 4.54445 5.04229 20.0079 11.9968 2.39843 6.44732 4.48456 5.50701 6.23515 25.8303 144.817 60.6791 7.97311 12.4698 13.8046 2.62803 10.2388 6.52627e-07 388.015
-59.1213 0.0390692 3.69975 57.9215 26.3803 61.5259 4.54445 1.09175 21.119 1.64875 1.878 7.19168 7.58295 11.1384 2.72225 26.098 146.421 57.8766 13.474 4.29636 7.14518 28.3126 13.5253 5.0381e-06 393.592
-58.647 0.00919849 3.58967 56.6153 26.0115 63.8428 5.71723 3.41749 13.323 10.1573 0.207916 5.05021 5.37212 1.70643 6.4308 29.6634 142.701 68.1319 6.56431 14.1086 74.346 29.4395 19.7733 2.01814e-06 394.153
-58.7772 0.048698 3.41898 58.3731 29.5388 63.8428 5.71723 8.11928 11.4617 5.16551 1.09051 5.11886 0.532024 7.94916 7.16885 25.7194 144.23 61.1177 7.32578 11.9534 13.1112 1.38308 11.4529 5.58861e-06 388.904
-58.8503 0.0343187 3.44865 55.0486 29.5388 65.5114 11.985 5.00767 11.1525 6.54537 3.39835 0.747915 2.61287 3.56851 9.97907 24.8662 134.412 84.5492 7.81698 2.6486 5.50649 45.132 39.5414 1.15291e-07 387.31
-58.9675 0.0137138 3.40005 56.525 23.0184 14.2682 68.8819 2.66093 9.46704 7.86548 6.34457 1.9122 1.85554 0.484414 10.5129 23.8241 134.823 78.879 8.11625 0.38012 8.28596 10.3905 10.0498 5.38009e-07 383.844
-59.0372 0.0238035 3.63914 58.0027 24.042 14.2682 70.5081 3.4338 9.5217 5.32385 3.12198 0.690599 1.75699 3.30168 11.0921 22.1888 137.7 82.121 3.4158 4.88387 11.6613 11.891 38.656 1.20119e-06 384.961
-58.8738 0.0236767 3.89399 54.0869 26.5388 14.2682 61.0711 9.59063 11.0953 6.58923 1.95894 1.00897 2.62819 17.2344 6.92145 16.4602 126.953 87.4837 6.59913 8.88384 31.567 29.5728 17.4106 5.08583e-06 394.44
-58.8006 0.0506962 3.70657 56.8368 21.9041 29.1752 48.6868 9.63235 9.54301 7.16379 2.11985 1.25148 4.6 15.8181 4.41838 19.4503 134.111 83.8545 7.92261 2.84805 48.0102 28.299 21.2539 5.84858e-06 391.542
-58.8033 0.12167 3.18309 57.9035 19.7615 51.1178 21.5548 7.85237 11.1967 13.2785 7.13446 2.43737 4.73992 14.1545 2.66663 19.8669 133.244 82.9779 4.76119 0.838553 59.7982 22.6103 28.4016 8.6908e-08 388.939
-58.6978 0.102183 3.38919 58.646 17.8259 23.9086 55.3974 9.41266 16.6477 1.69082 9.4499 4.68299 4.67159 8.60712 0.322451 19.6718 140.452 74.9253 3.7372 2.5392 34.3322 6.7149 17.0674 8.6908e-08 387.707
-58.6848 0.0104968 3.61336 59.3775 18.1796 57.4109 21.4979 1.95146 5.46405 4.10157 9.3984 4.59765 4.63921 9.08523 12.4747 15.1285 137.836 66.6182 9.28127 6.13202 2.66824 2.41424 2.47931 8.6908e-08 392.688
-58.8127 0.0116749 3.8551 59.7688 17.269 22.8951 54.3248 1.1632 23.519 2.84461 12.6746 4.62326 4.74292 18.9102 6.75192 12.4948 129.988 63.1105 4.28577 20.6605 1.89329 2.65209 7.52326 8.6908e-08 393.612
-58.7688 0.0170653 3.56804 60.0519 19.2553 21.8624 45.2769 14.7277 23.519 3.44282 13.9347 4.32464 6.21973 10.9433 6.79962 5.70692 133.474 67.5677 3.79106 9.2352 5.8474 11.9864 17.1298 8.6908e-08 389.156
-58.736 0.0171203 3.67808 62.0506 19.2276 40.2759 33.0177 21.1712 11.2043 0.442514 10.0688 2.99019 3.03474 15.4633 2.13751 1.71121 146.514 70.4178 0.333512 14.6161 18.7594 5.79609 27.0919 8.6908e-08 388.339
-58.9116 0.0210957 3.58523 61.7639 22.0609 34.5429 32.22 9.59123 20.9617 1.91412 7.54297 2.8124 0.526082 20.0534 4.58333 1.7084 142.418 84.6043 4.68771 18.5678 36.6414 3.16479 9.68008 8.6908e-08 387.608
-58.8466 0.0187236 3.45808 61.7223 17.6137 39.9733 30.5311 5.10646 17.5439 9.81697 5.64159 11.5859 2.26028 21.1709 1.7231 1.7625 145.724 76.6709 1.67901 2.41737 0.707603 19.3807 13.9192 8.6908e-08 386.632
-58.675 0.0601777 3.26805 58.0017 27.0264 41.677 25.8335 9.24279 12.8576 11.224 1.01506 3.92494 2.50105 12.9092 5.79075 1.72669 151.717 71.3737 6.60701 4.85084 14.2135 27.5099 17.6921 8.6908e-08 386.699
-58.9878 0.0228849 3.48275 58.2734 24.6305 41.3582 25.2995 1.17712 14.483 11.5514 4.35129 8.34712 5.0115 14.0207 0.532587 6.759 159.253 73.353 2.09803 3.57633 30.1179 9.53755 65.708 8.6908e-08 388.653
-58.7514 0.0227584 3.8874 56.5133 20.9885 51.2872 27.1926 3.84246 13.0878 5.07962 13.8204 5.90916 0.738799 10.6127 1.79668 9.41265 159.012 64.2768 3.51907 6.49582 37.9785 4.80906 16.5107 8.6908e-08 388.374
-58.7031 0.0587645 3.45786 62.3825 15.0838 57.7097 10.2147 8.88153 16.0395 10.7047 8.96951 1.55091 0.634918 9.14341 8.39722 10.0365 162.752 57.1642 5.3557 9.31405 70.4329 3.43896 10.5345 0.000134071 391.165
-58.8151 0.0214602 3.34887 61.408 20.188 57.8769 10.2147 16.7977 15.1338 0.762194 6.80003 0.551634 1.52018 4.86553 6.78111 8.73607 168.064 56.9462 3.52687 3.19196 39.6954 3.92007 10.5057 5.28721e-05 387.792
-58.7268 0.0119944 3.47368 62.275 14.6344 63.5346 8.31417 17.1203 18.8858 2.96061 7.8082 0.656055 1.6552 1.84724 7.43608 16.3681 159.887 58.6393 8.47391 5.14549 12.7532 1.95047 8.07383 9.31889e-05 386.196
-58.7174 0.00604319 4.00529 61.9326 15.3059 57.2062 8.31417 16.4289 16.5269 10.849 6.15144 2.0815 5.11663 2.86454 11.3357 1.83658 159.201 72.5903 9.41415 5.14549 10.1339 20.6176 5.40833 6.31413e-05 394.821
-58.8739 0.0556317 3.52174 62.1034 14.3968 60.713 9.55105 15.0979 18.7303 5.68514 0.054489 2.78807 2.40161 8.90949 13.971 2.21962 153.404 74.372 2.94372 3.72927 38.4166 30.1442 20.2687 7.99361e-05 389.82
-58.599 0.0563783 3.26462 62.0358 13.3149 54.1224 17.4821 15.6233 18.5944 6.41176 4.46231 2.78152 1.27851 9.29501 6.92226 8.53154 161.412 60.6357 5.96621 1.22532 6.85344 26.7057 21.8429 0.000696911 394.292
-58.8073 0.0636017 3.23108 61.8417 15.0765 50.2892 23.768 15.4022 2.87386 13.8656 3.28278 1.36642 3.14288 7.15719 8.80444 7.37602 161.412 62.1108 18.8523 3.37374 12.2416 11.2445 14.9748 0.000388878 389.27
-58.8354 0.0139333 3.40751 61.7193 14.8769 50.2892 22.2532 15.3403 4.77291 14.3896 4.78428 1.13745 0.135887 0.866885 12.1832 13.4532 156.267 66.4956 12.6062 2.56097 21.7754 16.2856 30.8009 0.000170781 388.1
-58.7284 0.0579312 3.30294 61.5538 12.5943 50.2892 26.7938 15.3245 6.17588 9.11171 6.40626 0.737246 2.31149 3.40828 8.51277 10.2415 156.519 75.8596 1.65506 4.31994 35.3054 31.1717 26.5312 0.000290218 391.653
-58.806 0.05053 3.39222 65.5167 10.7247 41.3419 23.8067 21.1779 6.04997 16.3478 0.199993 3.52508 5.97995 4.38034 6.72479 12.3326 152.784 67.6505 14.5668 9.54087 38.5384 9.51552 9.12073 2.5927e-05 391.576
-58.8373 0.022246 3.64302 65.819 23.0032 41.3419 23.8067 7.13085 6.91267 16.3517 6.85697 6.00372 4.19128 2.38482 6.37398 14.5986 155.56 54.9594 1.01542 17.8314 6.38423 20.5347 16.4018 2.5927e-05 388.741
-58.6702 0.0143506 3.51502 63.0662 20.3298 39.3621 31.0353 6.92934 11.616 2.77256 7.38129 7.97505 7.31859 9.88904 7.28807 6.59498 145.51 71.6125 1.11559 13.3216 11.9783 40.1639 48.5591 0.000407324 398.2
-58.7926 0.0888005 3.41049 65.1912 14.9107 37.521 33.9131 1.84358 35.0567 0.957229 12.2388 6.69061 2.33624 3.8858 6.64099 3.50417 136.778 52.6795 13.0682 20.2098 93.5909 9.81945 25.4621 8.84247e-05 410.16
-58.9366 0.0278974 3.55014 64.9974 21.6509 25.7865 36.305 5.57802 35.0567 3.96228 7.16334 7.97272 1.76336 10.2522 3.40745 4.87044 142.958 72.3557 6.68445 6.33098 63.4685 27.0942 9.58672 9.21549e-05 398.54
-58.7656 0.0297678 3.86348 64.3428 22.1737 28.1131 44.864 3.64125 29.3334 1.04878 5.02353 8.97462 2.21552 5.82729 6.84058 2.8291 141.743 76.044 2.54501 2.40208 11.8499 11.7807 3.42167 0.00156082 399.679
-58.754 0.0332538 3.26164 62.1519 20.3572 26.0079 44.3779 2.60699 23.9036 1.10798 2.04675 1.29584 10.0395 10.2489 6.52914 8.85596 156.457 71.0758 1.70349 18.7133 31.259 1.21176 16.8447 0.00641317 403.237
-58.9863 0.0372067 3.57757 62.3687 19.2651 25.5449 54.675 2.14846 10.897 2.45087 0.153751 6.2662 8.0275 3.29871 10.581 2.27604 165.046 60.1961 8.11622 8.00872 1.60739 8.34224 3.85791 0.00367757 400.458
-58.9808 0.0412103 3.55643 59.6799 13.1491 36.4442 43.0584 11.9502 18.5621 3.61703 0.925749 1.35908 9.97804 10.9963 2.50642 17.7007 151.402 54.5392 12.3379 0.351224 6.93547 10.6727 7.90206 0.00374782 397.346
-58.9847 0.0280811 3.99301 60.3859 13.1491 31.3252 49.2445 9.61905 15.6311 4.14807 0.875267 3.54788 5.18369 11.9423 7.09748 12.2849 155.939 54.4617 19.2076 8.09881 7.40831 21.9404 10.0948 0.0029648 394.894
-58.7263 0.0192257 4.03258 58.7517 17.0209 30.5228 47.7178 15.1543 5.57934 5.39582 6.95795 0.662152 8.66254 9.98623 3.94645 14.2336 161.467 56.4851 1.24789 9.51432 20.4559 1.8463 15.0887 0.000414606 395.011
-58.9881 0.00855942 3.47512 64.137 12.2706 30.4279 47.4219 10.6741 2.70052 15.9842 5.39044 3.83262 4.97714 11.2377 3.97597 9.65886 160.542 54.8973 11.0156 3.90996 43.9441 53.2905 23.3754 0.000282589 393.135
-58.7775 0.0773801 3.47499 62.9508 12.2706 32.7015 46.3823 11.8998 2.09878 16.2075 0.544093 2.39156 2.56986 10.3564 12.6575 6.77267 161.866 55.1538 2.87994 3.38364 23.314 31.6192 32.9016 0.000176583 391.773
-58.8295 0.0459397 3.47897 64.7244 6.36382 30.0912 44.5024 10.5642 9.42457 16.6826 2.2647 4.67903 0.78523 12.1517 12.4887 1.71533 159.462 65.041 0.282372 13.5217 2.39117 30.6977 4.61404 0.000707568 394.238
-59.2498 0.065469 3.61908 69.1168 8.64398 30.5016 44.3203 8.94517 2.76481 20.009 1.89749 4.75136 2.4428 11.0077 10.4993 2.52911 151.531 69.7849 3.15747 8.39087 4.51399 20.839 16.3408 0.00037845 392.2
-58.6001 0.0403124 3.74458 67.4573 7.06229 29.6277 40.9763 14.5631 5.20509 16.4568 5.13186 0.329933 0.341113 11.0172 15.6286 3.68279 154.229 66.3654 0.807307 1.79498 28.0971 20.343 6.96912 0.000104812 394.919
-58.8002 0.0241859 3.48415 67.4535 5.54886 29.8695 54.0122 14.5631 2.81607 17.6339 0.288361 1.68703 1.49276 6.35479 19.8477 4.75046 154.229 62.0432 3.71382 7.15948 6.73037 31.6553 1.45555 0.000308996 390.963
-59.2319 0.0458399 3.49104 70.5125 1.4315 35.3101 46.7745 9.06183 6.91927 12.1195 5.74035 3.6315 1.49276 6.16874 13.3598 9.10637 151.361 61.0441 7.05434 6.74194 7.04199 27.3824 25.6417 0.00139868 396.695
-58.8315 0.0382399 3.52553 64.9373 1.4315 31.8173 51.5483 13.4267 13.1679 10.4382 3.06328 3.46333 0.68326 1.08776 5.32115 9.08429 167.981 63.7122 2.76736 3.13125 1.84574 0.995868 44.3057 0.000487794 393.756
-58.9855 0.0376267 3.73606 64.9373 1.4315 38.4388 49.2378 14.6251 3.66268 14.9258 4.60705 0.401896 1.58047 1.4013 13.9302 11.6418 156.714 60.3473 9.56274 2.03488 0.783267 39.3984 32.9365 0.000270028 393.661
-58.9088 0.0340495 3.45209 67.9503 4.62992 37.0506 46.6245 6.88693 14.9713 5.34335 2.3251 8.71886 0.692451 13.3391 1.27105 14.5334 158.788 50.5419 11.8023 7.90422 6.57453 6.93694 7.94074 0.00078607 389.736
-59.2488 0.0420889 3.50254 64.7042 7.69361 37.6224 49.7204 10.9642 13.6152 0.623358 2.49086 1.73944 1.55625 9.11553 2.574 15.2781 153.304 67.5856 15.7159 0.862391 20.1521 7.27359 4.4172 2.20858e-05 387.114
-58.7239 0.078597 3.53328 65.4676 8.29339 31.3691 50.1657 8.4276 15.6511 5.08304 1.30081 3.39997 1.88567 9.38337 2.60233 10.7344 159.98 70.9219 11.6474 3.56867 18.7643 9.2186 4.60181 7.99439e-05 389.833
-58.8284 0.0155113 4.18153 61.2055 14.5638 28.4014 51.6822 2.71587 17.8374 5.36033 3.76084 1.42804 4.9894 17.329 9.59739 10.4051 151.48 57.1209 5.99011 0.513274 4.39565 68.9728 5.66929 2.50588e-05 391.632
-58.8836 0.00637931 3.99866 60.7275 14.5638 27.7325 53.2947 5.08645 7.30758 2.41583 6.94349 0.763567 8.54256 14.6065 12.0668 5.71155 153.56 68.7598 8.05549 1.66128 5.87526 62.8711 2.58985 0.00136348 398.298
-58.8872 0.0498855 3.35342 60.9072 14.5638 24.8642 50.0183 31.8571 4.85635 2.10552 5.34253 2.1995 1.1049 12.4604 1.37292 4.91578 151.603 73.3171 6.96207 1.64963 8.79696 38.5926 3.13855 0.00196273 392.66
-58.9593 0.0245182 3.69663 61.0694 15.4306 28.2838 49.1895 31.8571 1.60711 1.42861 3.85677 1.40893 0.95691 8.79486 0.782082 5.55329 161.746 73.1931 6.52878 1.65551 4.84391 33.8207 3.92633 0.00133848 391.905
-58.7851 0.0558284 3.11927 65.8113 9.11847 27.6723 42.1115 31.8571 8.12458 2.41344 2.78739 2.12615 1.43338 5.5224 6.0455 18.0687 145.487 77.499 2.07689 1.6896 29.0577 17.1186 4.40161 0.000348932 392.819
-59.0128 0.02452 3.57378 65.8113 9.20451 27.6723 41.6759 31.8571 5.66467 3.81392 0.438426 0.680036 2.18729 8.40915 6.76799 20.7284 145.658 69.2289 8.38235 1.41022 17.5245 15.9785 1.03646 3.49765e-06 384.554
-59.0059 0.0189047 3.59488 62.6478 8.60972 36.0084 34.27 40.5369 2.63876 0.300878 2.88619 7.02074 3.05255 4.98828 5.08105 17.1624 145.614 72.2862 12.2925 1.28102 30.4727 3.36719 3.39119 3.49765e-06 392.39
-58.927 0.0250151 3.50057 63.9473 15.0191 36.0084 31.354 40.5369 5.41154 1.87941 5.9486 3.23387 2.88922 2.85532 1.20204 13.336 145.576 72.2862 6.8635 4.21929 32.6883 1.24081 0.347413 8.14301e-06 389.046
-58.9703 0.0290119 3.46871 60.8582 30.9492 28.0264 26.5869 40.5369 3.73462 0.95707 2.60942 8.57546 0.671671 3.58763 2.1142 16.0639 147.509 68.2513 4.19477 4.73087 8.9438 18.4255 1.53665 0.000929056 392.224
-58.6874 0.0211525 3.63516 57.5045 30.9492 28.0264 29.4832 35.7168 3.73462 4.74567 3.30959 7.11465 0.671671 9.14598 4.41678 20.0553 145.03 54.7826 4.56428 20.77 9.7933 22.0363 7.15173 0.00101141 397.784
-59.2929 0.0378314 3.52298 58.0295 30.9492 26.2686 31.8063 31.8052 7.17819 2.3868 4.06182 0.978187 3.52496 5.77467 2.89776 19.5085 151.703 57.0023 4.23079 11.701 14.5562 15.6276 23.5133 0.00105477 396.269
-58.6809 0.0505195 3.35341 57.0664 48.3763 26.2686 17.684 9.29163 12.9292 10.9209 5.97411 11.3531 2.04043 5.11222 4.17569 4.98668 153.09 54.2296 6.61643 25.7137 0.149498 11.2724 22.5998 0.00106663 400.282
-59.1204 0.0816135 3.5341 47.0004 52.7674 26.2686 15.1217 3.4163 0.690762 16.5816 0.82586 12.4013 8.93983 5.69207 19.0728 8.57811 151.766 56.0503 5.09452 17.2456 5.05164 7.42373 17.7892 0.00112194 404.793
-59.0604 0.0464654 3.28621 48.8817 46.3674 25.4024 35.1403 10.6813 9.05449 9.25592 1.53283 9.76124 2.07479 7.03897 7.42114 9.60025 152.891 74.4583 7.04713 3.94941 8.03221 16.4831 15.7694 1.88778e-06 389.176
-58.9328 0.0760082 3.61112 54.7051 51.3415 22.8484 41.9863 4.99816 1.51635 3.89685 7.50738 1.11939 8.17227 2.83364 5.67952 16.4337 144.537 77.3402 1.72871 0.526792 7.81455 4.18394 18.6837 1.88778e-06 393.482
-58.9226 0.024851 3.63677 57.9069 46.7123 15.8865 40.8468 6.83258 3.90605 7.3219 6.55533 3.2093 4.73916 9.11738 2.60053 23.5719 139.598 65.6132 13.0397 4.18669 6.28852 30.6703 20.4165 1.88778e-06 391.377
-58.9379 0.0175051 3.67692 52.0129 42.7294 15.8865 43.8636 7.31311 4.36929 7.38341 4.09525 3.00065 5.45427 3.49891 10.0973 27.8039 151.838 56.4852 5.76952 2.22848 6.5233 8.13049 19.5658 1.88778e-06 387.026
-58.8892 0.0446035 3.64423 51.2373 34.9575 43.4646 15.47 1.35894 14.7465 1.99481 7.32884 1.99474 12.5202 31.0692 2.09885 3.13299 149.267 77.2135 7.66445 8.20199 10.664 14.5248 42.2285 1.88778e-06 396.833
-58.8399 0.00288358 3.77371 53.2248 45.0343 46.878 12.01 9.08872 13.446 3.48255 3.6444 0.623344 2.61612 37.2151 1.99922 2.6572 140.116 71.625 4.20728 4.34942 9.93507 19.0925 4.99696 1.88778e-06 390.486
-58.7556 0.0137678 3.57307 50.4621 45.0343 46.0328 8.97615 11.8977 17.9765 7.86015 2.42703 1.21504 2.22974 25.3463 1.9917 5.13658 142.312 69.8002 10.7595 3.11485 26.6246 6.36686 8.60819 1.88778e-06 385.077
-58.8886 0.0170205 3.30945 50.4621 45.0343 48.3214 7.09952 11.6338 17.9765 1.10287 6.4487 1.44517 5.2141 17.8153 1.9917 6.64976 152.624 74.1084 4.40586 7.57957 13.1619 11.098 13.2466 1.88778e-06 385.808
-58.9629 0.0309897 3.51069 49.0368 43.0045 48.3584 6.56008 15.6233 13.6463 6.11069 10.9629 1.87604 6.70509 21.5587 1.36788 5.59437 138.116 75.3499 4.40865 5.7891 4.14716 0.907738 21.9729 1.88778e-06 387.515
-59.0105 0.0105471 3.31414 52.2475 43.9494 41.7758 3.3067 9.71115 12.4477 9.58937 10.4303 0.0758337 2.49386 30.2708 0.369844 17.5482 134.544 80.4654 8.11586 6.82948 9.55257 9.48282 12.4482 6.85615e-07 397.393
-58.7451 0.00646605 3.50687 51.3461 43.9494 43.3791 11.9898 6.16055 17.3725 11.0858 0.76068 1.52385 1.54851 3.84684 15.3835 21.4846 146.435 59.8511 5.56542 7.65724 3.14805 17.3273 42.844 6.85615e-07 384.772
-58.9011 0.0149666 3.41409 49.855 41.787 42.2467 12.4674 6.16055 18.8461 14.6254 1.03254 0.789353 4.0824 8.7673 18.1088 4.89431 154.889 63.2431 15.9316 16.3923 0.0867989 53.5165 3.15693 6.85615e-07 393.438
-58.7115 0.0698857 3.40762 50.4104 39.8088 34.2425 20.41 6.16055 19.596 15.254 0.657469 0.710136 1.98502 8.01407 16.6886 8.66267 150.735 61.9578 3.70967 10.6912 24.7442 2.34403 7.16338 6.85615e-07 384.505
-58.8951 0.0937541 3.58687 46.7684 49.3079 28.7717 23.7464 3.24876 16.2994 15.8467 3.70676 1.01411 0.236748 8.33099 14.8537 4.19319 151.073 71.9411 1.75658 11.2158 32.9575 39.1149 15.2845 6.85615e-07 387.92
-58.845 0.0282271 3.47219 46.7684 49.3079 28.7717 21.2288 10.2435 17.6688 10.2095 2.98437 1.29545 2.72105 6.22425 14.5643 12.3281 149.35 67.6156 5.53546 8.31495 52.7865 23.5105 15.682 6.85615e-07 382.413
-58.9367 0.015642 3.63442 46.7684 49.3079 27.5131 29.1298 7.77808 12.3102 10.2097 4.08658 2.36805 1.23969 10.6924 13.8297 7.8419 150.23 63.8038 1.40706 17.455 36.4814 23.9294 13.3937 6.85615e-07 382.826
-58.9833 0.0175986 3.60096 48.9379 49.3079 27.5131 24.2184 10.1545 12.7807 10.4805 5.31872 1.39186 1.99541 12.436 14.0671 3.58684 150.668 55.2281 11.4496 15.9612 40.4027 27.0848 6.46283 6.85615e-07 388.324
-58.9852 0.0299847 3.89763 48.0134 49.3079 27.6946 27.5195 9.08766 13.6648 13.9875 2.71595 2.27065 2.22885 9.56946 6.5801 10.4045 150.353 48.9943 17.655 10.0091 67.664 40.8257 3.04255 6.85615e-07 389.867
-58.974 0.0247156 3.62149 53.7725 51.3849 21.6679 24.8931 6.80378 9.78652 17.6925 5.11806 2.15344 1.21618 5.59463 7.41577 10.0513 152.417 62.9712 17.1869 6.55124 62.6083 2.33181 12.0285 6.85615e-07 390.144
-58.8881 0.0197948 3.80297 52.1341 41.5058 21.9386 35.8784 6.19038 11.5055 12.7456 11.5667 1.7717 6.84185 8.29265 0.51607 4.16848 160.926 67.9118 16.4156 0.91174 26.2108 0.133375 22.3017 6.85615e-07 388.235
-58.7437 0.0625333 3.07689 52.817 41.5058 21.9386 33.5123 3.81215 11.7383 11.4747 17.7685 4.20257 3.03607 11.375 0.642843 4.04377 157.302 71.3109 6.70709 8.68825 32.4162 9.84185 7.8537 1.12322e-07 388.798
-59.0777 0.0794813 3.32347 51.5243 41.5058 21.9386 33.5123 7.74004 11.7383 9.63524 13.7181 4.63248 2.56149 12.12 0.642843 4.25416 159.08 68.8541 9.93173 2.82641 27.4311 5.07981 30.6509 1.12322e-07 387.333
-58.5763 0.0115814 3.51793 51.5243 41.6714 21.9386 39.3903 7.79343 9.24225 14.0875 4.54686 3.46907 3.55905 3.38882 6.37451 4.62479 165.173 71.4376 5.57009 6.63683 61.9181 22.1232 28.1322 1.12322e-07 389.436
-58.72 0.0234998 3.473 53.8108 41.6714 22.2624 38.1147 6.40931 8.95673 15.4322 3.20968 3.46907 3.42948 11.5459 6.02875 5.22993 153.639 64.4347 10.068 5.9119 16.728 20.9797 15.8825 1.12322e-07 380.554
-58.788 0.0407333 3.56808 56.1934 30.5306 25.3436 39.9768 12.171 6.93533 15.2761 3.88602 5.57227 2.19149 7.77184 8.04464 9.22925 146.974 63.5255 14.1215 7.56972 18.0768 13.1179 20.7634 1.12322e-07 383.89
-59.0978 0.0341812 3.68849 56.1934 30.5306 21.2491 39.9768 8.39059 7.24149 17.0644 5.3725 3.83593 1.54257 10.9328 11.4048 8.24674 160.421 53.7868 9.34618 7.10453 10.4195 21.586 31.2362 1.12322e-07 383.363
-59.1222 0.0357954 3.99344 56.1934 30.5306 17.8153 39.9768 8.51534 7.16666 18.8659 6.71919 1.12423 5.24255 7.64951 12.7517 2.14086 155.121 70.782 5.15294 6.55466 3.93332 23.2724 20.9459 1.12322e-07 386.554
-59.1161 0.0843672 3.25397 55.9326 33.301 17.8153 42.1656 4.30232 11.722 19.851 3.09188 2.65402 2.63431 7.62492 18.1103 3.29944 147.933 66.9438 5.73933 5.5471 7.84207 36.3108 46.7458 5.64416e-07 390.135
-58.9603 0.0321208 3.38714 60.591 21.8774 22.1975 48.3445 2.59919 12.1804 20.332 2.62553 0.871416 1.25336 11.0716 4.31802 4.01638 160.205 65.3028 2.14099 3.2232 27.9722 41.9647 33.23 3.89373e-07 386.353
-58.8112 0.00201164 3.47032 59.6846 23.4952 18.5802 48.3445 2.41673 9.26219 20.4572 3.27794 1.89984 5.98644 12.5957 0.776291 1.66739 164.543 64.6609 13.604 3.47914 13.4255 1.91032 14.9022 2.93585e-07 385.551
-59.0066 0.0424952 3.25875 61.9491 23.4943 18.5802 48.3445 4.15016 8.70214 20.4572 2.44465 4.6061 2.31603 15.0117 4.57301 4.11188 155.792 65.9478 1.88361 11.0216 63.3352 35.0737 15.9457 2.09188e-06 389.5
-58.8096 0.0136606 3.59779 57.7514 26.7497 21.8342 48.3445 7.78146 3.82197 17.2262 5.04396 3.0778 3.23199 13.3443 4.94194 0.829806 158.289 74.7728 4.56544 14.6998 49.4909 74.0278 10.5609 2.05295e-06 391.115
-58.8594 0.012814 4.18983 58.1045 27.6224 21.8342 48.3445 4.40719 2.22118 24.0588 2.22835 1.85316 1.02175 13.9724 6.35462 0.487147 157.684 66.8615 9.61859 5.54841 16.6326 136.955 10.5556 2.05295e-06 392.423
-58.9493 0.013325 3.8777 58.9911 27.6224 29.5717 37.8781 4.82085 5.6241 25.2088 1.09055 4.94888 0.605502 11.0466 8.25155 0.553389 152.599 67.618 5.18251 7.28676 22.2491 76.6002 9.48497 6.23115e-05 394.42
-59.1068 0.056667 3.28931 66.1674 22.9836 21.9148 37.4155 14.7308 5.18219 14.4776 3.1167 0.462331 6.10967 4.01243 6.2042 13.571 147.737 77.7235 1.86374 7.06135 4.02517 18.7486 18.2203 0.000941336 393.812
-58.9434 0.020854 3.44001 55.4486 28.736 27.4367 43.0352 11.4721 9.02119 6.73022 3.949 6.34793 10.2266 1.83325 8.44025 6.86004 148.324 76.5738 4.20504 1.84286 15.8137 12.9073 7.19068 8.12351e-05 388.224
-58.7831 0.0118291 3.68326 54.2869 28.736 27.4367 41.5983 17.0281 17.3632 4.8534 0.422832 4.48798 5.77342 2.79582 10.3105 8.12806 147.599 74.0822 2.13709 6.03858 36.1493 12.6613 4.52276 1.29532e-05 385.698
-58.841 0.0147565 3.72563 57.3545 35.5626 28.7073 41.5983 13.0214 10.4446 4.45781 2.13202 4.14027 4.69644 4.97889 6.25385 19.1442 142.826 66.5527 6.53052 5.52227 8.33158 6.93912 5.11064 6.46425e-06 388.571
-59.0659 0.0407881 3.81987 57.2205 35.1452 23.0784 33.9651 9.37179 10.0809 3.30835 2.77486 6.29092 7.64398 12.1661 7.69817 16.0002 147.57 67.253 5.51271 7.20485 5.34564 10.4098 13.5588 4.84023e-06 388.701
-58.8326 0.0462712 3.32933 64.7933 35.1452 23.0784 33.9651 9.17122 11.0635 7.80321 1.16716 5.6753 3.90548 16.5952 4.816 4.68844 147.234 71.7324 3.93194 9.21419 6.75542 8.38151 12.2804 4.84023e-06 387.841
-58.8438 0.0456776 3.71634 65.1519 30.9633 23.0784 32.6973 18.7755 10.9695 2.63217 4.04252 5.59642 3.56888 12.6848 14.4741 9.28185 146.882 67.4515 0.184061 3.9261 2.3649 1.43677 0.952326 0.00043586 399.552
-58.8592 0.0192761 3.76266 65.167 27.7745 22.2803 32.6973 17.4549 13.8454 4.80264 3.21572 1.78627 8.51246 8.44031 8.28364 9.50119 146.999 68.4037 15.3132 11.3106 11.4537 4.95662 2.18618 0.00143045 394.856
-58.8635 0.0984898 3.36532 64.3235 27.7745 21.514 33.5309 18.8987 13.8454 0.810291 10.0889 0.486661 1.56556 11.4504 10.2343 6.84845 148.034 67.8107 5.25176 7.03622 24.9204 11.1857 7.44652 7.3655e-06 387.69
-58.7746 0.0974565 3.20225 64.6355 27.7745 21.514 31.1909 24.2653 11.0793 2.48105 9.80647 2.03335 1.06666 11.2913 2.96889 9.11982 148.076 74.5584 5.39529 4.74585 18.8375 17.1463 21.0307 9.47584e-05 392.907
-58.9416 0.0933514 3.25157 64.7598 26.3147 28.548 32.5174 24.6895 4.11364 1.32859 8.14643 0.635042 1.3682 12.1191 10.264 6.87863 148.909 76.6538 3.77438 11.7803 25.5141 28.4054 13.3278 4.27641e-05 390.469
-58.9413 0.0185604 3.55203 63.7114 30.7613 27.4124 30.5447 25.3328 3.35189 4.07225 1.58056 0.769139 7.13389 12.198 4.12507 4.08465 158.427 68.1205 3.77917 2.2173 30.7906 25.0825 9.43082 4.27641e-05 388.766
-58.8834 0.0181019 3.54421 58.4988 32.0611 21.3457 37.6943 21.024 16.4586 4.77061 3.46511 1.04492 9.42926 0.690474 4.19013 3.43878 159.255 63.8118 3.30457 16.7565 0.30558 31.8537 15.3061 8.69257e-05 392.975
-58.8368 0.00476163 3.52234 57.2893 32.2345 21.5367 44.0109 21.024 9.50512 3.38236 4.83873 4.87749 6.26969 4.54055 7.57133 4.03634 152.573 68.6171 8.2316 3.45469 53.4937 18.2539 7.44672 0.00046705 392.285
-58.8735 0.029011 3.50904 53.5584 32.0088 20.258 40.3067 22.7596 10.5985 3.84868 4.60165 6.71935 0.968282 3.49917 11.7524 5.80306 165.451 53.2202 5.74711 9.14861 12.3258 5.39868 6.22497 0.000477351 388.629
-58.9384 0.0448291 3.46732 58.0309 26.7134 20.2711 39.2434 22.2473 9.40311 3.35286 5.14487 4.4665 4.30966 13.0783 3.06747 11.3409 162.122 57.731 9.68213 0.353563 14.4264 21.6244 4.51224 0.0031651 393.612
-59.013 0.113036 3.30396 55.9902 25.8941 27.2085 40.0556 24.7994 11.0674 1.04183 6.22725 4.48823 0.590832 6.95395 3.06747 16.1404 162.914 48.0568 1.77021 5.01244 9.71155 6.33999 20.4017 0.00734718 399.915
-58.7737 0.029067 3.2288 51.4221 45.6314 34.8542 21.4374 23.7769 6.78925 3.38948 1.94349 3.78823 4.32542 7.30578 10.0959 7.78966 161.514 48.8377 7.42743 22.1226 13.7881 2.37239 32.8478 0.00125854 394.849
-59.0012 0.0787944 3.30162 54.4698 40.1544 26.7678 26.0186 23.7769 6.8403 3.54324 1.94349 3.24424 4.12517 3.34905 16.0679 2.60696 159.892 70.4467 11.292 6.63145 6.7526 7.75245 17.3208 0.00194436 392.936
-58.7695 0.0346665 3.46604 54.2732 40.1544 26.7678 40.5977 12.695 3.3222 1.61727 4.39127 1.40362 5.81614 12.7121 20.117 7.96748 149.818 46.966 0.952189 20.1606 13.8344 14.6205 22.3745 0.00115826 398.783
-58.916 0.0298509 3.61994 55.1223 40.1544 27.0863 40.5977 15.0558 3.3222 9.59052 1.13085 4.14211 5.88238 11.3255 3.96528 4.60763 151.809 70.224 1.75349 5.26119 16.3796 23.1159 16.0659 0.00636831 396.059
-59.0119 0.0272461 3.48992 57.7542 30.3767 21.8169 41.146 22.1963 7.71532 7.58872 6.22242 3.19763 7.60079 1.15307 7.25534 7.03598 152.314 65.0857 11.8435 5.93842 1.98387 70.7259 14.6536 0.000451889 394.072
-58.8975 0.0262478 3.80125 58.1995 33.0551 27.369 33.6211 22.1963 12.8425 6.7833 1.73556 1.37051 7.54981 2.2844 8.48734 5.68182 150.992 66.3716 14.4775 1.72449 0.639283 54.6249 13.0198 0.000161645 394.641
-58.9872 0.0278996 3.82191 52.1849 37.3721 34.5323 27.7851 25.2612 0.951912 6.71221 6.63869 1.60057 3.68527 10.1197 3.96343 4.52314 148.318 79.9635 2.41467 5.6381 14.4973 35.0633 13.5696 0.00260073 393.788
-59.025 0.0275285 3.6893 55.1126 30.4808 38.8896 25.3918 25.821 0.951912 8.21885 11.6729 0.0435528 2.24952 8.22163 5.42984 10.6319 145.148 77.9769 2.21472 9.50993 21.8506 18.9122 47.4803 0.00167565 397.602
-58.8675 0.033768 3.92489 55.9999 27.7522 35.6801 28.0682 4.96371 3.42896 24.8712 12.3419 2.62639 0.824852 2.3723 7.70154 7.93813 170.148 56.619 15.2917 6.4397 6.60355 27.2723 50.1662 0.00192877 397.416
-58.7014 0.0239054 3.75367 57.1488 25.6368 32.6779 30.5867 7.8368 4.30687 16.4275 11.358 1.50928 3.14863 2.20335 15.4949 7.01932 169.504 51.2675 29.2605 4.25033 4.97535 9.86253 37.0735 0.00202935 399.508
-58.7802 0.0216712 3.73075 57.7184 29.2747 32.6779 30.5867 12.5368 1.66604 20.2545 2.37939 0.401927 3.92938 1.9873 16.5024 6.68091 170.83 52.39 6.16594 3.29657 2.02946 10.9824 73.1837 0.000732642 395.285
-58.9072 0.0211282 4.2009 54.073 44.5172 14.3157 34.2885 9.3355 5.54534 26.5918 0.136516 1.02348 2.28542 17.3204 1.57838 3.17525 165.402 57.4238 10.3173 1.71163 16.3399 23.3402 43.5421 0.000722987 396.148
-58.9239 0.0195585 3.25612 55.7874 31.0655 27.3478 36.6459 5.20017 6.70758 25.6679 0.196904 0.229989 0.119138 18.6448 4.76617 2.1115 170.783 55.9121 10.6024 1.62106 8.50614 21.699 6.29347 0.000329845 390.879
-58.8346 0.0148611 3.6635 57.1098 25.6399 27.3478 36.6459 8.49244 1.98605 27.4635 2.65769 4.32919 0.914962 15.2484 7.50859 1.25712 151.446 74.3668 10.353 6.5528 25.2334 9.82436 7.39693 2.14663e-05 386.778
-58.8703 0.0114386 3.626 55.8337 25.0154 48.0307 22.3262 3.00571 12.3155 19.5455 3.84025 1.98727 2.38987 12.8238 5.42594 2.63117 154.099 74.3668 3.51199 7.97046 50.8272 8.60067 13.917 8.90634e-06 385.062
-58.663 0.026797 3.58167 57.3822 24.7252 48.9086 14.9415 4.86886 16.4281 22.7717 5.15666 0.929106 1.60787 10.9037 3.29795 12.2997 145.169 74.3511 3.91965 7.7583 20.2079 7.65831 21.4644 0.000112088 387.468
-58.8898 0.015742 3.57586 60.2686 24.7252 47.4601 15.4453 4.86886 15.4639 19.4433 1.63886 1.23325 0.336016 12.3182 2.44831 19.2378 145.169 72.8211 3.77724 7.31283 24.0192 11.3276 2.39209 0.000114642 384.531
-58.6864 0.00920534 3.46362 58.6613 24.7252 47.4601 15.4453 3.89386 11.711 21.4069 4.01169 1.00632 0.120621 12.3182 3.224 23.9346 141.821 73.0609 4.24111 6.89442 6.07055 16.7341 7.93818 0.000147302 386.33
-58.7417 0.0317994 3.45032 57.8069 25.869 47.8584 16.7086 1.75749 16.621 16.9111 5.80373 2.08506 1.12332 16.0545 4.96976 15.7248 141.821 70.8463 5.7725 7.43492 24.7342 32.6321 14.3277 6.31819e-05 388.37
-58.9417 0.016095 3.72657 60.6457 12.6537 59.3757 15.3301 7.49943 12.0997 17.9909 5.28983 0.5888 1.30445 15.0307 4.98059 1.22951 160.432 62.6314 13.1149 11.85 42.8112 38.0491 1.75297 8.71069e-05 389.649
-58.9232 0.0289547 3.67425 62.0219 14.4673 58.8769 25.1637 12.0184 2.02517 7.02753 1.4149 3.20326 4.79813 11.9113 5.05128 11.4083 165.198 59.6868 16.7134 8.17626 1.91849 23.083 3.71483 5.84682e-07 389.559
-58.9159 0.0779292 3.23394 78.0373 2.03751 64.5903 11.3047 11.1441 5.15189 12.3305 0.0595293 5.28024 2.56292 11.9317 6.0025 11.5878 149.762 71.2926 5.92691 0.838481 13.8189 37.9871 4.82947 5.84682e-07 391.253
-58.8192 0.0413964 3.86477 74.2656 6.33824 44.9896 16.5551 16.8566 5.687 22.5678 6.34151 2.82061 0.752759 10.1571 1.99194 12.264 151.518 71.7836 1.13305 5.78139 13.6541 85.8137 4.35513 8.60728e-06 396.487
-58.7584 0.046636 3.89105 71.6876 10.2066 55.0952 11.5366 12.6565 6.09457 16.3153 3.34416 3.91611 2.49909 4.00691 9.59645 18.0229 142.211 73.6002 3.2898 4.57398 15.1446 1.24279 32.5863 5.75191e-06 389.203
-58.8759 0.0281323 3.89011 71.3773 3.22868 65.3495 13.8121 11.2372 6.05665 14.4744 0.622792 3.45396 1.88875 14.1675 1.03905 22.6604 139.617 61.6927 4.09163 5.18289 3.79747 9.3164 53.1457 2.32176e-05 395.327
-58.797 0.0185833 3.43188 69.1268 10.359 58.7605 11.8795 14.1835 6.03606 14.4547 2.71736 3.7506 2.90842 16.445 9.91926 20.6943 138.277 56.0009 12.3127 8.37383 14.46 16.9656 35.9821 0.000133551 392.408
-58.8097 0.00379474 3.68864 70.5475 9.01147 52.613 18.0976 13.0502 6.00228 18.6559 7.20863 2.49328 5.01653 12.1916 3.65997 11.0775 138.242 58.4422 27.6037 7.99809 16.7279 2.34862 41.1483 7.91331e-05 396.485
-58.8016 0.00894447 3.59898 65.7638 9.23191 49.3205 18.8154 11.5027 6.07994 23.9186 2.49351 1.82583 8.04891 5.56365 12.9146 2.8948 145.212 51.8536 12.7137 23.1136 20.024 1.15352 18.5071 0.000160031 393.703
-59.0074 0.0479701 4.07026 55.7864 21.2845 49.531 21.7906 5.29659 0.299558 28.1584 4.68666 2.31073 6.98993 5.61953 9.43935 11.643 158.619 53.4123 15.0764 20.9958 15.5226 26.0761 41.3008 0.000183311 400.885
-58.9619 0.0640714 3.45847 63.8086 16.0686 54.9911 17.2345 14.2078 3.6655 16.5401 5.79747 1.8615 7.88766 5.51516 3.05621 6.4534 150.628 72.4673 6.80022 16.5776 43.4969 12.6258 23.1556 0.000406574 395.76
-58.7124 0.138429 3.33391 63.0974 16.7579 51.2303 17.112 9.85113 5.05261 20.2369 4.75831 1.7777 6.86753 4.82796 8.68997 11.5376 149.861 75.2057 5.92222 7.56793 12.5417 15.1688 4.5243 0.00143742 394.458
-58.8625 0.0429723 3.43422 70.9392 7.79296 53.0631 13.2063 7.90873 1.1262 18.3248 6.30279 3.74488 10.1121 3.26853 12.7353 11.4216 149.562 75.6607 4.79375 5.5488 9.43959 14.5594 53.6232 0.00233409 398.587
-59.0824 0.0672804 3.34341 69.313 17.8526 55.3963 7.36042 6.54104 3.00237 13.5597 11.3812 3.87171 1.52872 1.97489 12.0074 12.7663 152.807 69.6711 2.99368 1.40288 15.0041 47.0301 43.706 0.000643237 399.713
-59.3449 0.050937 3.4244 62.1046 17.7699 53.9907 3.56966 11.5704 8.93439 22.645 6.17584 2.7957 1.61635 9.54812 6.11227 9.18636 159.945 67.6644 1.06866 3.05348 26.499 38.0437 41.3653 0.000415474 400.034
-59.3883 0.094422 3.39233 62.302 22.6205 57.3326 9.02746 9.11247 8.5959 18.3349 1.34776 1.97343 2.77598 14.3324 3.14647 8.46913 151.928 65.4223 0.274107 8.40944 22.4082 46.8885 7.45204 0.000156911 396.217
-58.8897 0.0725943 3.33258 57.9879 19.2107 65.0369 8.61241 15.99 6.69046 14.525 0.445277 3.97349 1.92402 11.9594 3.09622 4.45878 171.281 47.0151 0.383245 7.60028 40.4197 26.8876 5.58676 0.000555226 393.552
-58.9666 0.0196356 3.9667 61.3642 22.5178 56.0114 8.61241 8.16941 8.31719 18.7922 1.28909 3.77376 1.92402 12.6999 8.54714 6.03738 171.281 42.6016 9.58491 3.89277 13.1157 34.8927 11.3895 0.000694859 394.927
-58.9518 0.0269532 3.97859 64.2276 5.3538 59.758 11.7687 11.7329 8.79965 16.7582 4.8979 3.83333 1.5125 11.7683 3.64813 11.5262 168.67 50.169 12.5148 2.65905 1.15638 44.0721 20.187 0.000104669 391.895
-58.9894 0.0306582 3.71282 63.4384 9.39479 59.7458 12.6636 10.7225 7.28598 22.8493 4.51498 0.250209 3.53671 10.3532 4.35012 3.50291 172.282 50.169 2.67924 2.65905 76.4738 8.3663 30.7578 0.000217207 392.476
-58.8545 0.0268381 3.6542 65.4818 9.39479 63.4534 12.6636 7.34853 5.40752 15.9756 5.57072 3.98164 3.09099 14.5231 3.6034 6.65988 172.282 57.7626 2.52539 2.09329 131.565 15.6571 61.6182 0.000958351 407.418
-58.7684 0.00619009 3.47288 69.9774 10.808 44.1784 22.8241 14.407 6.46854 10.5753 5.09922 4.71611 3.02683 12.3574 2.60662 9.67867 147.547 75.0392 19.3275 0.176582 4.5971 8.19323 19.9032 2.70708e-05 390.892
-58.8496 0.0286461 3.364 68.4437 17.5826 45.2201 12.4271 20.8129 11.8579 15.5063 5.11449 2.36841 3.0159 6.9572 0.497597 12.3681 147.547 67.8725 1.63286 11.1988 11.4272 7.45834 11.1518 6.36464e-05 389.411
-58.929 0.072559 3.17526 69.1913 18.9483 49.9196 8.70213 20.4549 11.8697 11.0137 8.19225 2.13999 1.38743 9.69471 4.1324 6.16013 147.547 74.3012 2.09921 10.9191 0.855328 19.013 19.8294 0.000149028 393.812
-58.7496 0.0898627 3.3458 61.7939 19.8879 55.3437 15.5934 16.2231 11.08 12.6139 4.78537 4.30028 0.84787 10.7151 0.931508 6.16013 154.213 66.3881 4.05335 1.69761 3.20905 8.97353 9.68965 0.000149028 389.244
-58.7683 0.136737 3.29082 59.3784 15.0868 54.6204 30.2446 10.8578 1.55171 11.2695 5.05505 2.74213 4.10169 10.8934 2.73403 8.95686 157.286 62.0346 4.56329 3.82341 57.6114 37.0962 39.3633 0.000149028 396.796
-58.7931 0.0498358 3.16308 60.8531 14.0083 44.5897 28.1703 18.7618 2.60969 14.1554 5.55156 3.43284 3.01619 10.7461 3.42954 16.4954 150.017 63.3662 0.481995 6.61486 23.5047 16.8387 50.1258 0.00166185 396.974
-58.8254 0.128986 3.31694 58.5755 28.2174 44.0988 21.8096 21.2329 6.46502 3.76411 3.90434 3.07446 0.497737 8.49554 6.42006 20.5266 144.278 65.541 5.91651 3.60666 23.9682 23.535 35.394 0.00352094 395.263
-58.7043 0.0596327 3.27219 55.7217 30.8938 42.0096 27.8735 14.3334 20.729 1.73447 0.405794 1.75445 1.58762 9.56104 5.51199 14.0252 144.278 70.5633 8.09608 8.45011 19.6718 10.8043 35.6832 0.00104979 394.075
-59.0988 0.0622484 3.57026 60.968 27.2912 37.9953 26.9182 4.87324 11.8566 5.46099 0.458229 7.28714 6.11235 6.96705 5.50961 12.58 160.859 63.9393 3.60921 10.3736 20.6525 15.5238 21.8785 0.00599451 399.122
-59.2868 0.0903041 3.4663 66.2643 15.8175 45.3967 28.6911 0.745877 9.84333 6.85765 5.77583 10.518 4.15559 0.873841 4.92533 23.9216 160.859 52.1365 6.79853 6.58114 20.6601 29.1503 23.5404 0.0053061 406.935
-58.9483 0.0530162 3.41674 60.7449 17.9283 43.0851 28.3215 10.7635 18.2003 2.82412 8.27162 5.07603 7.46878 0.40136 5.51867 13.3233 159.571 53.9477 5.80963 22.7073 16.8063 31.0514 13.4376 0.00575373 397.574
-59.0421 0.0350978 3.60488 57.1578 19.7205 43.3581 28.1869 7.33998 24.506 1.1663 5.1426 4.51614 5.12432 1.00866 7.86441 16.5482 151.776 66.1909 1.93774 18.9101 3.05449 25.4199 8.65384 0.00826246 398.65
-58.8824 0.0253538 3.29251 62.4138 29.489 35.8812 28.4207 0.515619 14.4267 7.26259 3.45633 5.43292 9.69825 2.65727 10.677 15.743 143.5 69.1129 2.17862 9.97288 12.7482 24.742 6.24417 0.00228517 396.7
-58.8642 0.00935125 3.70663 55.7959 28.4756 35.8812 29.7635 4.63483 19.5053 10.318 3.45633 4.241 7.62846 7.37143 1.16032 15.5205 145.936 70.8539 2.75642 3.20019 19.4527 24.3926 53.6017 0.000363531 393.099
-58.7988 0.0127511 3.44904 50.9767 45.0287 26.0082 31.7069 7.34148 21.7456 4.15313 0.91354 4.72007 0.317127 11.8636 6.88293 18.863 146.939 63.3104 17.2769 3.28705 32.8757 24.8987 29.9508 2.84736e-05 391.271
-58.7146 0.0523426 3.40201 50.6407 45.0287 24.652 30.9442 8.99342 26.6778 4.20307 3.94134 0.819468 1.18387 2.14606 4.68905 12.269 153.983 72.3968 12.8639 0.559973 1.60129 25.3833 40.4922 9.05098e-07 386.187
-58.7455 0.0242738 3.63635 52.8354 41.6966 24.1235 31.0291 11.3008 15.6811 6.23128 5.82055 2.04862 1.88091 1.41341 14.8901 16.4826 147.1 67.7191 6.10616 7.39572 5.76147 25.7038 12.9649 1.93242e-05 383.412
-58.896 0.0143544 3.83984 51.3206 41.6966 24.2824 31.3263 7.26898 27.1362 1.58796 5.78167 1.16182 2.80081 6.65756 5.19172 17.9715 149.926 59.1575 6.05729 6.61788 19.3304 26.0461 11.8524 1.73766e-05 389.298
-58.6304 0.0276149 3.79662 51.8335 41.8741 24.2824 31.6827 2.9197 27.1362 5.81251 5.81496 1.32301 2.26131 13.8359 3.73277 16.8401 137.582 59.472 7.63211 3.78398 15.8938 24.4151 35.1767 3.51208e-05 396.437
-58.7532 0.0288439 3.35204 52.4336 41.8741 19.499 36.3512 6.49792 18.0829 8.53836 5.82073 2.3556 3.26778 10.0145 12.9812 22.2495 140.676 57.218 9.32945 3.81275 14.011 22.4053 17.124 2.26574e-06 387.841
-58.822 0.0470308 3.3126 51.7232 41.8741 21.94 33.6142 6.49792 17.9583 8.78065 6.21637 2.13029 2.16931 5.98591 12.9812 7.55173 140.676 82.3405 17.4039 2.134 17.8736 10.6011 17.7902 2.62676e-06 386.799
-58.946 0.0776125 3.51378 51.7232 41.8741 20.7581 34.4682 8.7867 17.0892 12.5364 6.82326 1.68828 1.86483 3.19208 14.6359 3.84524 144.67 76.3402 10.4365 4.56269 22.0612 16.7042 20.9373 9.25127e-06 387.78
-58.9081 0.0387692 3.53184 51.7135 43.5551 21.4293 30.6346 4.1591 13.114 12.3038 7.05141 4.57718 4.82012 7.49733 21.8261 16.5906 129.045 76.0465 12.3721 3.26144 15.43 6.78722 51.7121 1.04676e-07 390.275
-58.6289 0.0626162 3.43625 50.3454 45.9105 16.2542 46.8511 11.2932 11.8641 1.56827 7.43583 4.44671 2.47406 18.4944 2.34174 27.0301 132.187 58.8949 3.59474 14.5104 17.0505 31.3948 56.4628 1.04676e-07 393.012
-58.7052 0.0503919 3.60917 50.3073 42.7958 16.2542 43.3308 9.94868 10.5183 2.00725 4.41514 9.79731 0.65334 17.8737 2.56292 32.501 127.449 63.9894 5.04518 4.56909 15.0431 13.7454 44.6934 1.04676e-07 395.366
-58.8025 0.0316097 3.63426 47.3545 45.4436 16.1121 47.008 8.34257 15.1817 7.33939 2.27977 5.32631 2.16794 8.74787 2.94708 32.3714 132.551 65.787 3.076 8.31892 3.77042 5.01387 26.8908 1.04676e-07 386.171
-58.8976 0.015808 3.67484 47.3545 49.4867 11.9538 48.414 6.67133 12.7693 7.37792 2.45659 0.252362 0.671799 5.9768 0.234071 40.7633 135.077 72.238 7.86966 12.4608 10.5509 18.8301 3.08822 1.04676e-07 382.804
-58.7005 0.105042 3.32788 44.7359 57.4078 12.0543 43.7183 4.66864 9.77595 7.50203 4.09732 0.374161 1.69355 8.77304 1.82524 40.6207 130.545 71.938 1.09327 12.903 2.18203 44.3742 29.2249 1.04676e-07 389.096
-58.8566 0.0428872 3.44841 45.2419 57.4078 12.0543 42.4136 4.58734 12.071 13.0159 4.08397 4.22215 1.89795 5.69848 7.09387 25.5287 132.992 75.5353 2.76376 13.2794 2.18203 38.1289 20.641 1.04676e-07 384.5
-58.9572 0.0230778 3.56704 45.2419 57.4078 12.8405 38.7501 4.61288 11.9745 14.5213 3.74211 1.56887 0.414326 6.88634 8.05183 23.9173 136.801 75.3867 2.24827 6.15109 11.5898 50.4356 22.9155 1.04676e-07 381.765
-58.973 0.0351938 3.39035 45.7793 52.3841 16.3343 35.4948 4.5249 6.81995 16.8043 2.34607 9.77724 0.989478 8.92562 10.004 19.9526 138.929 76.309 6.42658 3.29168 1.90168 20.1694 22.3473 1.04676e-07 385.987
-58.9933 0.0124596 3.45451 52.3034 55.5907 10.8575 39.6527 4.68917 3.92027 15.9957 12.1345 6.23551 0.621934 8.39614 9.3967 23.5552 125.817 75.1086 5.50457 11.7316 20.2886 3.94747 12.8551 1.04676e-07 390.997
-58.8352 0.0215757 3.71483 52.0559 41.8608 15.3612 50.1303 8.37305 0.947596 5.66397 16.7922 3.40735 0.756457 6.12389 4.60104 29.8992 130.108 79.9773 8.43287 4.74496 2.08301 49.009 44.4271 1.04676e-07 389.997
-58.8159 0.00725117 3.84772 51.3433 46.6917 14.7069 39.5465 11.41 13.0217 0.834315 14.872 3.1781 1.11093 3.56011 6.15859 29.8992 131.574 78.1234 9.04748 3.14946 18.0103 2.73433 11.3102 1.04676e-07 384.091
-58.878 0.0198341 3.57606 54.2357 48.3165 13.2198 35.2656 5.90591 14.9172 2.50664 13.0922 2.57993 0.599838 1.90879 3.39545 40.466 133.529 73.5681 7.48139 2.49645 13.6687 64.2435 20.9649 1.04676e-07 386.303
-58.8645 0.0149299 3.72936 61.2639 24.0838 13.2198 54.7843 13.6111 8.14079 6.33418 10.0435 2.00986 1.06257 0.445282 2.11371 34.2706 141.202 65.4378 22.518 3.05194 27.7051 112.419 25.7226 1.04676e-07 394.092
-58.9123 0.0476523 3.44866 56.1254 27.3717 13.2198 54.7843 16.5389 13.2582 4.35501 2.55505 2.30611 0.294861 1.25811 9.61085 29.9748 144.738 61.2721 14.0321 10.348 26.4226 68.4808 19.3975 1.04676e-07 387.225
-58.6182 0.0568484 3.51898 59.1828 27.3313 13.2198 58.0844 10.0195 13.1074 6.47624 2.51913 2.02935 0.897853 8.39187 8.14666 14.5171 146.494 62.9803 11.7475 6.86915 4.21749 52.2796 31.2024 1.04676e-07 388.486
-58.7808 0.0546778 3.37641 58.1082 21.7554 14.6915 57.2481 17.969 9.6006 5.88133 1.17873 3.57938 1.04972 9.44988 5.48289 8.91102 157.437 53.8192 22.5892 4.02452 44.0103 14.6017 47.8201 1.76031e-06 389.652
-58.8082 0.047436 3.26458 58.1082 21.7554 14.6915 57.2481 17.969 9.6006 6.32689 0.621311 3.57938 1.20614 9.38338 6.00365 17.5632 157.437 53.8192 5.41428 3.84996 46.993 23.1248 33.929 1.76031e-06 387.047
-58.9088 0.0379874 3.32179 60.7336 22.1314 16.1971 52.3271 23.709 1.08706 7.4803 0.505211 3.46709 1.58267 11.1705 3.63249 21.5318 148.531 63.9317 3.6796 1.93527 20.271 5.55332 28.5981 1.76031e-06 386.15
-58.7802 0.0923606 3.14356 57.216 22.0798 18.9799 48.0488 23.709 5.50657 3.26601 5.95189 6.92513 0.100975 14.3632 4.97117 17.372 146.243 62.8637 7.01793 12.9312 41.9211 3.42565 33.8588 1.76031e-06 394.563
-58.8056 0.120109 3.11395 56.4568 23.0803 18.5858 56.316 16.0454 8.43051 5.03634 2.34573 7.35093 2.36365 5.94224 13.0283 4.0045 161.523 54.9819 8.1545 11.9138 14.8977 2.64952 16.1105 1.76031e-06 388.931
-58.8279 0.16077 3.19062 59.1894 23.2318 19.3563 55.6358 16.0454 6.80904 3.77415 0.910395 2.94825 9.44865 6.83613 8.03128 6.78871 154.806 64.2713 6.03884 7.71129 13.3463 3.31652 5.40237 1.76031e-06 387.077
-59.0514 0.0224238 3.39221 61.0849 23.1803 16.8824 55.6358 20.1162 2.72852 1.62599 1.76757 3.54163 10.3814 3.00586 14.5815 8.34303 154.806 64.5807 8.46176 3.78603 9.50714 7.59239 13.5976 7.68884e-06 388.855
-58.8093 0.0608857 3.51415 63.4961 23.2308 16.8824 52.4696 9.53547 2.82013 4.92295 1.71673 3.47789 8.94596 6.88641 3.28241 11.2328 164.789 71.5094 16.0818 7.52373 20.9093 3.14453 9.86589 7.68884e-06 393.364
-58.8853 0.043298 3.58276 64.0633 23.215 15.7973 52.4696 11.9577 14.0208 5.42265 0.712459 2.38343 9.15043 10.4038 3.31023 11.4413 159.092 54.0249 1.50111 11.485 15.9518 20.9696 47.9411 3.9867e-05 393.16
-58.9303 0.0146883 3.46981 66.6684 23.0929 9.62705 52.4696 10.8586 12.3573 5.52131 6.93165 1.97378 1.76251 12.1214 3.52952 11.4383 165.741 48.3988 7.72088 12.957 7.75994 8.3371 23.6277 0.000330585 389.352
-58.863 0.016564 3.70747 65.7427 23.9366 7.53539 52.4696 13.7049 17.1897 2.65455 5.71597 1.05431 1.03692 9.47184 11.3569 11.434 170.349 35.6166 11.0193 13.3409 16.7292 31.0534 21.0165 0.000330585 397.129
-58.946 0.0180539 3.27566 67.1692 21.6834 7.53539 52.4696 10.8915 11.4877 9.99685 8.19072 1.23195 0.46812 2.83009 15.7656 11.3782 153.774 36.7222 28.4118 12.7588 30.3885 29.3821 10.8024 0.000399769 400.088
-59.0323 0.0217905 3.55081 66.962 23.0215 14.5935 47.5221 20.7647 6.30045 10.1497 3.94249 4.10932 0.287866 21.1804 10.9412 11.7438 125.128 60.3525 14.9044 12.0065 3.84679 3.11693 84.8165 6.07244e-05 399.959
-58.9002 0.0213997 3.64034 65.6123 23.3318 30.5063 29.3339 30.7653 4.82047 9.30901 3.72769 11.0796 1.48269 6.38864 13.3597 15.7088 132.723 62.0172 2.12607 10.9616 7.097 41.1425 2.04119 0.000137397 395.283
-58.911 0.00928723 3.38235 65.3943 25.2415 40.5936 12.7168 24.0364 13.6026 2.72486 3.75769 2.34751 2.70413 5.63451 16.4959 8.00764 146.501 75.9414 2.94861 18.6029 6.96545 63.1045 2.29425 2.63832e-05 393.837
-58.9677 0.00806445 3.53971 62.4139 23.7134 41.3103 13.7582 13.2336 27.8052 3.28548 3.93112 2.11698 2.74747 5.60374 12.84 6.42824 152.611 68.0694 2.47024 8.32938 17.9297 13.5367 17.4776 6.44101e-05 389.301
-58.9301 0.0285969 3.35158 65.3321 27.9579 45.5305 7.10705 2.29697 25.866 8.23351 5.3144 2.8521 2.55608 2.03785 9.14076 14.0186 157.69 57.6098 9.90228 7.24174 28.6603 25.5869 3.22334 1.48913e-05 390.269
-58.7845 0.0803564 3.53653 61.9036 14.8883 63.1517 6.6238 2.33993 29.4434 12.6371 0.245592 1.42019 3.66405 2.03785 8.06338 14.0411 149.247 65.5427 10.8605 3.39666 11.4371 28.0397 28.5089 1.23338e-06 389.52
-58.6694 0.00401239 3.46236 62.9702 12.5805 63.3224 9.73155 22.7385 12.4223 4.678 2.53762 3.06128 0.611371 6.42943 6.49942 19.715 152.643 56.904 10.8046 2.82412 1.13647 28.9676 7.33064 1.23338e-06 386.285
-58.9192 0.0197321 3.40014 63.6696 15.5475 69.5726 4.31905 19.0402 6.77166 10.1404 3.46348 1.49892 3.75379 5.35755 6.0766 15.7631 152.643 60.9755 18.4224 6.19628 4.52413 38.9248 23.1315 1.56717e-05 388.835
-58.8998 0.0205969 3.53516 58.2337 17.5425 62.1585 14.2395 15.9231 0.630875 6.47675 10.596 1.40755 3.73552 12.8071 3.0148 14.4831 140.587 82.4237 13.5273 5.03454 3.19696 24.9577 15.4084 1.17879e-05 390.905
-58.8493 0.0343106 3.50628 61.351 12.4654 62.4994 16.2597 21.8734 2.36273 8.11257 4.4698 0.977594 4.00082 28.0797 9.43962 2.93265 133.848 76.6257 1.73645 6.20977 3.64542 7.92327 15.0949 0.000375207 391.852
-59.0412 0.0548698 3.52366 66.0011 9.82833 54.5378 14.6647 20.4302 2.08433 12.2937 4.84862 2.03854 2.682 28.0797 11.1607 8.61276 135.642 60.9844 3.96214 5.60191 7.60767 13.8336 18.0375 4.53975e-05 396.189
-58.6525 0.0472364 3.49208 57.6638 29.9217 52.458 12.3568 20.9887 12.2931 9.76883 4.17429 2.14075 1.51805 15.2047 9.85291 3.28039 136.651 62.4216 9.59365 10.0678 42.7772 9.67858 41.679 1.67703e-05 397.735
-58.9744 0.0452995 3.36316 58.9711 28.4546 51.8236 10.4801 17.8973 7.00544 10.3074 2.78122 3.72233 2.05658 17.5751 2.15966 3.28039 157.849 67.6915 6.52288 7.37928 52.8869 11.9589 11.0004 8.6707e-06 385.618
-58.6877 0.075655 3.56161 60.3505 32.9634 45.6563 8.26492 18.7076 10.5104 11.9395 4.76395 2.91818 1.78464 9.52576 2.60707 6.20419 155.229 73.1866 1.16597 6.86145 8.04401 26.3558 7.64858 8.14373e-06 388.259
-58.9884 0.0314197 3.59894 66.8275 18.782 36.6198 23.2565 3.48193 1.62997 27.9995 4.4061 3.1156 1.79809 7.17042 17.4327 5.61098 151.061 68.9654 3.93275 11.7441 11.5462 18.4767 17.796 5.80598e-05 390.803
-58.8344 0.0349187 3.46505 64.5013 21.5674 38.99 24.179 2.04874 11.3989 31.0638 3.30496 3.59829 1.86691 2.07794 6.8838 3.2647 160.833 64.6882 0.766092 8.19915 2.79571 25.2662 36.5781 5.82777e-05 389.825
-58.8806 0.0351636 3.46013 69.7338 16.1536 38.99 27.7296 6.44676 5.60602 20.6763 2.86297 4.7717 4.26193 6.33165 6.20084 3.2647 176.142 43.5002 15.7524 1.81462 4.0913 20.9809 8.98028 1.27256e-05 388.998
-58.9371 0.041408 3.52552 62.5789 15.3687 58.8763 12.1448 9.21004 3.50633 25.8762 1.51476 1.96942 3.67716 7.46752 4.24554 3.2647 176.142 54.9072 14.7379 5.4909 4.74137 21.7647 48.0447 8.68721e-05 390.379
-58.9613 0.0409922 3.51231 62.1779 11.2801 55.1895 14.4854 10.1863 3.53316 24.6157 2.7806 5.69967 1.976 11.0314 2.11628 5.65142 170.618 54.4249 11.1521 13.7702 7.50086 27.2166 44.4545 0.00172317 399.014
-58.738 0.0222112 4.03628 57.7024 20.6457 56.8836 16.2623 8.9803 13.005 16.1944 3.38603 1.98694 1.51655 13.1149 5.27861 5.57817 166.631 45.1579 10.8269 8.16542 14.7705 19.3095 40.4195 0.00269674 397.201
-58.8708 0.0298979 3.72381 57.2864 21.7187 50.1166 15.1585 4.72563 10.7497 25.6364 2.54281 1.4955 2.89129 14.3081 2.67949 7.83282 167.04 55.8475 14.7915 9.48434 24.9991 25.2033 25.4104 0.00134124 393.888
-58.811 0.0116567 3.45113 58.2066 19.8612 56.734 15.1585 2.1799 13.3174 22.5017 1.17144 1.26189 0.89969 10.7382 4.02604 7.67376 171.399 51.5625 12.8206 4.33029 5.19725 41.9002 33.393 0.000866009 389.318
-58.9464 0.0308119 3.49213 60.9972 18.0181 56.734 15.1585 1.08446 14.1293 22.4039 0.0296754 1.26772 1.35937 9.17369 1.96783 10.2965 171.399 60.4571 13.574 4.11921 8.56867 39.0199 22.8411 0.000116763 390.972
-58.6824 0.0236444 3.40544 55.3281 21.0823 56.734 16.0527 0.562151 12.8098 23.2259 1.31581 1.22115 3.84698 11.8991 9.65445 9.67839 143.754 76.6262 0.973036 4.06872 14.2887 18.1471 1.73369 6.181e-05 391.006
-59.1494 0.0495365 3.32937 55.1081 27.6315 54.7774 12.5879 5.98287 7.31039 23.2259 1.20977 0.315119 3.94643 9.42148 7.59798 9.0825 151.337 81.3929 2.26457 8.61376 22.6731 15.3134 1.87187 2.67256e-07 385.827
-58.7158 0.0353721 3.31004 54.3877 31.6348 54.7774 12.5879 7.30066 1.94143 23.5074 3.42754 1.09962 5.02658 6.73382 8.97755 10.0718 142.777 80.5605 1.79395 3.14854 16.0837 37.967 12.3901 2.67256e-07 385.629
-58.9417 0.0238797 3.65253 54.2808 33.2685 54.1634 12.5879 5.81697 1.94143 23.4722 3.65692 2.70068 2.22026 8.86881 6.98799 13.6582 142.378 82.8004 1.37343 1.60744 12.3718 12.0781 25.6875 2.67256e-07 383.243
-58.7135 0.0115002 3.64098 52.3433 34.1266 55.4394 10.266 5.85527 5.04979 24.9721 0.619942 1.3672 2.81766 12.3074 5.6473 13.014 140.217 76.8359 10.4187 4.81584 16.756 9.84252 16.5227 2.67256e-07 383.157
-58.8269 0.00904825 3.47419 51.1464 20.8636 69.1801 10.266 5.51414 5.04979 18.7879 0.575241 2.51462 6.13022 15.7853 6.71117 9.60125 149.662 74.1252 4.38613 11.9965 6.76251 46.2896 29.6686 0.000166706 395.361
-58.8113 0.0181575 3.92781 51.83 20.8636 69.1801 9.2315 5.00479 6.29099 18.7879 0.854454 1.27222 2.26933 17.2714 9.02411 9.60125 149.627 68.9499 0.265263 12.9328 16.1861 1.7208 0.649191 7.72515e-06 391.621
-58.7637 0.0182707 3.63525 51.0417 20.8636 69.1801 5.34956 7.00864 11.5341 23.2364 0.854454 5.89804 2.26933 3.25021 10.959 6.72948 151.371 71.1624 8.20682 4.0905 28.0583 6.51054 9.13139 1.13254e-05 387.789
-58.95 0.0201336 3.49035 50.971 20.8636 69.9409 6.4152 7.54438 18.358 11.8892 0.401368 5.66538 0.703174 2.96805 13.3202 10.694 154.647 64.9151 9.48247 5.41331 40.798 16.2482 23.28 1.13254e-05 388.592
-58.7513 0.0209451 3.42635 56.519 26.9617 69.9409 7.95392 2.2073 11.5448 9.50983 0.22789 2.40144 4.13307 2.66898 14.5359 7.44977 154.26 69.1927 2.20358 12.7269 8.33166 86.5023 46.4261 1.13254e-05 393.984
-58.9154 0.0816888 3.14888 54.6543 32.3487 67.0508 3.28922 9.5622 11.5303 9.42691 1.51229 2.61146 3.82051 3.42818 9.20413 7.29101 157.83 73.617 8.60968 5.294 19.1303 41.3302 8.18396 1.13254e-05 390.843
-58.7876 0.0801966 3.26445 53.342 32.0445 67.7438 3.28922 7.17837 12.8256 5.87191 6.76566 2.57671 0.189847 0.807696 16.0091 14.197 165.067 47.7695 8.81903 11.418 19.1235 4.92385 14.7563 1.13254e-05 390.073
-58.7919 0.0239215 3.31439 53.5499 32.0445 67.7438 3.28922 8.01953 5.55694 8.33939 11.9072 0.30422 0.301503 0.807696 15.0518 14.3366 154.479 60.7291 7.81152 4.81765 0.538289 8.61649 13.5957 1.13254e-05 388.862
-58.8183 0.00743086 4.24003 47.8657 30.8499 69.3569 7.24907 3.86666 3.72122 7.43065 18.6947 0.932041 2.16245 6.36198 6.35207 17.5521 158.055 55.3698 9.33257 4.12134 17.9729 7.09482 11.8713 1.13254e-05 394.221
-59.1345 0.0336067 3.66523 44.7551 36.5547 69.3569 5.41243 5.03564 6.47825 4.13681 18.6947 0.828897 2.70133 4.92779 10.8223 16.2809 156.766 45.4788 6.79211 15.3358 47.9476 12.8496 4.75455 1.13254e-05 396.885
-58.9864 0.0237513 3.63196 53.5196 39.1796 56.8515 2.22993 4.38391 13.7944 6.60828 3.98032 0.843828 3.77077 20.5335 17.2707 24.539 103.548 99.212 4.83934 4.46634 33.5436 7.54812 12.5096 0.00110868 402.04
-58.9806 0.0219926 3.40543 52.293 36.7255 56.8515 5.87931 5.65247 14.4714 11.0612 4.86788 0.629982 2.77242 35.3168 21.2915 25.4511 98.0406 68.1423 11.4847 4.25052 3.19309 6.53601 6.71104 0.000310986 396.078
-58.9025 0.0111144 3.96386 50.9216 37.8285 60.5011 5.87931 5.35911 9.50451 11.2432 4.81887 1.17876 2.85649 36.1796 28.4289 10.9531 107.166 66.4004 10.7187 7.8087 34.6813 3.80176 29.4065 6.51031e-05 400.411
-58.8678 0.0736424 3.48893 51.6375 41.8395 52.5546 0.871541 16.1032 13.8286 10.9772 1.63722 1.58461 6.51161 24.0467 5.41648 21.3339 109.453 73.1292 15.3991 2.37225 25.0334 3.80176 31.8743 0.000971603 400.52
-58.948 0.0589432 3.2544 40.9951 62.7831 52.4129 0.871541 16.3497 12.3073 0.611886 1.92479 1.43783 5.84855 16.3678 10.1882 23.6677 119.057 83.6727 11.6118 1.59252 8.26705 5.33614 31.4952 0.00103776 402.055
-58.749 0.0127467 3.55146 44.2666 62.7831 49.9326 0.871541 15.4224 9.62209 0.611886 5.36716 0.176504 3.36298 20.3292 11.561 23.3547 116.137 79.8447 5.83207 6.90032 7.97391 23.7857 30.7569 0.000532562 395.774
-58.6751 0.084257 3.63882 45.9108 60.1061 46.0296 0.871541 6.85198 17.0514 1.60316 11.8138 6.60124 0.131159 19.6749 8.23075 23.2932 119.969 73.9136 1.27364 3.66989 2.63806 41.5194 28.3813 0.00152671 403.821
-58.9993 0.112269 3.01783 47.3852 57.4596 48.2808 0.941094 2.66944 19.8054 1.60316 8.2499 7.5042 1.62536 20.6034 6.48263 23.2659 118.944 80.5641 6.92117 3.57034 4.36114 12.3581 8.89698 0.000471534 401.107
-59.0798 0.109532 3.25009 43.4076 55.0895 42.826 0.941094 3.98766 17.3907 18.0934 8.21333 9.579 2.62857 18.4933 5.84844 22.9772 116.1 72.9564 7.44302 11.0941 9.96642 6.59931 3.09688 0.000953972 403.242
-59.053 0.110321 3.36996 45.1432 56.2073 43.1613 0.941094 5.21123 23.799 15.619 9.05084 4.9444 3.20952 34.7963 6.37258 22.5878 94.7595 76.3985 7.59166 9.01533 27.1383 14.2954 25.0385 0.000959 407.286
-58.8478 0.0312004 3.31434 44.7957 61.1316 43.1613 0.941094 5.02571 28.4702 4.73457 11.437 3.77121 2.04733 29.8012 6.82728 22.6001 97.6806 82.5445 7.46123 9.89056 13.5896 7.73711 26.4305 0.00020814 399.705
-59.144 0.0553079 3.92945 44.5282 60.3907 33.8242 4.32067 8.2432 17.9148 4.73457 10.7446 2.68864 0.10097 7.54223 4.0118 22.5299 145.104 70.3525 6.64319 17.2111 15.6109 23.2238 5.5848 6.55577e-05 397.694
-59.1231 0.0326207 4.14825 42.856 60.3732 33.8242 13.556 7.05321 16.5659 7.091 7.21815 5.76275 3.39507 11.4877 1.276 21.6256 140.615 64.3954 6.17621 9.46842 28.5287 2.33471 61.7413 6.55577e-05 395.22
-58.8108 0.0106861 3.60263 45.3348 60.5914 30.5583 13.2658 4.60615 25.0154 8.16295 0.417877 3.82917 1.46103 10.1576 22.4257 21.4991 123.992 73.7638 7.40213 10.4108 4.01618 61.2913 33.7212 0.000112667 395.264
-58.7479 0.0823475 3.49426 45.2902 59.4212 23.4028 29.1261 7.37294 26.8785 3.0523 0.210569 6.42859 1.83517 12.3621 13.6546 16.1615 121.216 78.9036 6.75734 7.19782 2.61243 13.8201 73.4637 0.000213432 398.737
-58.7996 0.0219369 3.40321 42.8441 61.971 15.0335 25.4549 4.91458 26.8785 6.8579 1.8468 1.08008 2.15907 12.2729 3.98233 23.1646 133.461 82.131 3.64828 2.11247 7.79382 45.9228 3.18165 0.000323099 389.763
-58.9625 0.115777 3.19712 42.2724 63.3069 17.7689 23.9212 0.531184 26.5867 11.2685 0.849533 4.20816 2.15907 13.4713 4.89104 21.3074 128.484 80.3005 3.85023 8.23057 35.3756 5.63827 2.91983 5.90288e-05 391.815
-59.0856 0.0731323 3.4222 43.4136 63.4505 28.3952 24.4275 2.76482 13.104 10.7174 1.22173 1.12501 0.411872 14.3516 5.63577 16.9627 135.09 88.319 4.96464 1.26181 44.2742 11.9258 45.7767 9.92843e-06 392.909
-58.7981 0.0129508 3.61966 41.1556 63.1791 20.8754 28.7642 14.8261 3.76448 16.1538 3.19767 0.38958 1.61836 13.0524 4.96833 21.9981 130.106 84.4772 9.58599 5.51101 42.231 4.91499 1.9626 1.03679e-05 390.261
-58.8347 0.0311989 3.50108 40.4587 64.3951 14.3749 31.0554 14.7899 3.76448 14.3879 4.95309 0.566735 0.930373 13.3428 3.49843 18.4966 147.282 67.8651 7.16555 7.38486 19.0094 4.4086 2.73627 2.60855e-05 385.095
-58.7491 0.00591999 3.44538 44.3886 65.6712 8.20308 33.8879 17.5635 3.02951 14.3633 0.9071 1.82266 2.78264 7.78628 2.66113 18.4966 145.081 83.0654 7.80133 7.22152 43.1541 4.09663 2.33674 8.97059e-05 391.075
-58.7237 0.0655896 3.35336 40.3981 61.2151 8.18003 43.2437 15.8838 3.02951 8.44844 7.13223 4.2669 2.08473 6.00193 7.33372 21.0562 141.931 70.5875 2.26282 8.4665 19.7726 5.18366 1.90547 1.20676e-05 388.875
-58.6668 0.0020175 3.67477 42.255 61.7209 8.18003 43.2437 17.6083 3.25675 6.95549 5.86237 2.4646 3.10505 5.10189 2.94711 19.8198 145.328 70.9182 7.05883 5.25038 21.6326 28.5098 11.8516 6.63167e-05 389.069
-58.5198 0.00967238 3.47462 42.4859 62.6233 4.26695 38.6297 22.9346 5.15961 6.33926 10.1751 0.516148 1.31365 6.30327 0.986577 24.7136 143.216 79.5262 9.46074 0.243825 45.4464 34.6317 7.88108 0.000104649 396.394
-58.9229 0.0310117 3.39447 45.2057 58.7732 6.22908 39.0159 13.335 13.989 6.28515 9.6599 2.73711 2.32547 3.37807 6.45651 15.7206 152.427 61.3138 7.30012 19.8083 22.7077 5.22387 6.32639 0.000666762 390.986
-59.171 0.0435186 3.24237 43.3006 62.5492 11.4569 39.41 9.14475 10.5409 11.2028 2.01612 3.96699 1.3708 9.43732 10.4765 14.5932 145.996 60.0893 5.26019 10.1508 46.7178 73.6713 10.2288 0.00676299 404.128
-58.9852 0.0447618 3.30046 47.864 57.3643 11.4569 33.1146 2.21602 5.05638 19.3151 5.31195 12.4872 4.08271 0.71744 7.86731 16.9419 145.826 70.4895 6.77172 10.485 6.5551 2.57149 27.3652 0.00127494 396.879
-58.6889 0.0567962 3.60529 46.5106 60.7136 10.1073 36.151 3.90118 4.36878 27.172 6.72843 8.35917 5.96896 0.164059 4.90302 7.69384 144.956 75.1288 7.33501 2.87608 33.4889 47.6115 14.951 9.8757e-06 393.513
-58.6465 0.0566327 3.58742 46.3288 60.6895 12.5771 29.346 3.59693 4.60453 21.5732 11.0366 3.58513 1.46631 3.81354 9.83194 3.68235 149.251 79.5442 6.07593 3.39503 61.7006 29.2833 19.4198 9.50396e-08 391.984
-58.7953 0.0147576 3.68618 45.3149 59.0493 17.4985 29.346 5.61701 6.2305 12.3299 11.6017 3.31394 2.43705 15.4896 5.37124 5.95849 152.089 77.8126 12.3446 0.750219 28.786 12.4956 11.9138 9.50396e-08 383.322
-58.9342 0.015704 3.72433 44.0449 62.8231 16.3502 28.5584 10.6006 2.13131 12.3299 13.972 2.84389 0.657472 13.7368 5.63715 7.22134 152.227 67.9176 18.3666 2.19394 47.694 6.52201 3.18082 7.82624e-08 383.918
-58.7697 0.0231077 3.72647 40.5912 64.7934 12.8805 36.0359 8.7935 4.14388 19.4666 2.59315 2.09865 0.585768 20.0153 4.94958 3.85635 150.63 73.9067 2.89155 2.0403 50.1373 11.6945 51.6597 1.09392e-06 385.902
-59.0747 0.0259099 3.65681 43.0634 63.8519 13.4023 34.1005 11.257 3.75364 12.0134 4.5571 3.99124 2.36617 19.4199 2.00949 4.74026 163.908 53.244 3.14034 2.19122 43.6582 22.4515 1.78835 2.36179e-06 387.699
-58.8374 0.0264846 3.49519 42.0492 62.1682 13.4119 34.1005 18.1824 5.90781 10.1667 0.629403 2.86916 3.54602 19.4861 2.00949 4.74026 163.908 49.7119 1.20737 4.79532 16.2549 4.42653 17.4953 2.82023e-05 385.616
-58.9165 0.0201833 3.61084 42.0492 66.0821 16.6051 25.5143 20.4976 5.02707 14.5196 0.629403 3.44126 2.7697 14.6432 1.27598 1.83705 168.916 56.3966 8.54301 11.0899 4.05191 5.95702 44.9518 2.96321e-05 388.544
-58.7669 0.0750974 3.63977 40.2938 72.5885 10.0656 18.4107 22.6268 5.28772 13.1505 4.59492 2.24855 1.2613 26.7151 3.89814 0.796948 154.608 61.7407 7.12622 4.24307 8.77972 19.4989 4.68293 3.85306e-05 392.615
-58.8702 0.0507367 3.40952 41.5115 72.7535 10.0656 18.8423 23.1927 5.23788 13.1505 2.23319 1.38672 2.86824 20.3738 6.01928 0.796948 157.858 65.2475 7.37228 1.04686 6.60937 17.2112 4.42032 2.40166e-05 386.504
-58.8908 0.0326733 3.4914 38.3991 72.6347 14.6958 18.657 12.5804 5.34745 2.87695 12.6096 4.09494 5.89801 15.3804 5.42997 0.796948 175.55 45.6556 17.636 3.77724 11.3509 61.3201 18.8252 2.63546e-05 396.865
-58.9044 0.0859724 3.40908 40.1655 72.4718 13.1178 18.4331 19.1379 4.94659 10.7465 6.44309 4.11735 7.10334 9.62793 14.8218 0.796948 165.988 41.1067 20.8967 1.12185 35.3661 16.9069 35.3954 6.21291e-05 402.014
-59.1981 0.149967 3.20443 39.5357 74.8658 13.2322 18.4331 17.3407 4.17477 10.2467 8.02979 0.70913 1.85754 8.57024 14.9571 0.796948 173.01 48.3172 9.57112 1.44854 10.943 4.92069 1.63627 0.000241571 393.976
-58.877 0.0495014 3.33632 39.5933 75.2111 13.0165 18.9995 19.5798 2.95371 6.77786 5.9484 0.744639 6.70197 8.50096 17.7397 0.796948 167.031 49.8886 19.2934 0.39149 9.28009 8.80888 25.2663 1.56671e-05 390.436
-58.7925 0.023359 3.43524 47.9888 56.5779 21.2179 22.8745 23.0101 1.70604 6.98397 4.42649 1.03723 3.31872 12.2449 11.0234 0.796948 167.031 60.1716 7.63018 3.6563 5.64247 4.47819 12.4715 7.04077e-05 388.481
-58.8814 0.125823 3.23446 45.1873 58.805 25.6696 23.7013 23.552 3.67818 5.08706 3.02748 1.3529 2.36176 11.1405 8.05778 5.62136 167.562 51.5474 11.0111 2.73294 17.0672 2.26301 23.2905 0.000126489 388.151
-58.9361 0.0135588 3.63213 44.1174 65.0362 25.5165 15.691 23.4116 1.68248 1.77262 5.70277 1.47598 2.57384 14.3305 12.4718 0.35229 167.562 51.5474 11.2471 2.25596 5.82765 40.788 11.5568 0.000159702 395.229
-58.8446 0.0427895 3.19825 49.2607 52.4674 38.3675 7.69485 14.0356 5.7371 19.7692 1.52316 2.82971 1.41398 10.104 8.21638 0.35229 164.551 58.7056 12.4824 2.2839 30.5855 19.7578 20.2871 9.42363e-05 390.837
-58.8123 0.0428321 3.74337 41.4847 52.4674 47.7945 10.198 9.51137 5.33733 17.5409 2.36094 1.2333 2.03513 16.9015 6.26073 9.97534 148.19 74.3455 12.9881 11.2539 30.5679 1.29887 0.412601 3.08171e-05 394.63
-59.1276 0.0286155 3.76808 48.4216 48.203 45.8953 9.29854 14.9222 0.330529 16.59 8.18249 0.650569 1.78945 9.8461 5.87353 15.9328 146.5 70.2131 6.33623 4.79253 12.1789 9.50632 7.09112 0.000127211 388.84
-59.0311 0.0209727 3.39457 53.8974 29.7742 57.8792 8.63632 14.9238 3.3263 17.0593 3.86853 0.852856 1.48108 10.3422 5.37431 19.3235 145.321 65.7433 10.2034 9.11186 12.3593 1.54234 9.24139 0.000247805 389.43
-58.9837 0.0253315 3.59467 51.3286 29.7742 57.8792 6.93797 14.5532 1.13075 25.6705 0.501642 6.01247 7.03643 15.678 8.05141 2.96828 143.724 69.1488 4.25907 15.9373 14.6039 24.4188 24.921 0.000197163 401.138
-58.9268 0.012765 3.49246 58.5091 29.7742 57.8884 3.81572 13.8807 2.55948 22.2144 0.703936 2.30737 4.55637 18.8491 5.8348 2.72842 143.453 81.5653 0.157339 5.9415 3.26483 16.4955 11.2336 0.000106184 393.911
-59.0054 0.0219087 3.50873 57.2313 30.6729 58.7699 5.23169 12.3958 0.916359 17.8957 6.12655 1.74529 4.0829 10.5418 6.84058 2.7065 139.752 91.6116 2.15996 4.25843 9.12462 19.9489 2.49644 1.24614e-05 391.242
-58.8915 0.0395904 3.3841 52.9635 33.4222 60.9045 8.2273 6.65493 3.38946 19.9581 10.9536 1.63903 0.753194 6.83127 17.1874 1.58258 141.244 78.5192 11.1028 4.48403 7.47687 38.5536 17.5092 1.02704e-05 391.638
-58.8607 0.0161283 3.74568 52.9635 33.4222 60.9045 4.06524 2.08891 2.83236 20.332 13.2165 2.64763 1.77096 5.11435 19.2209 0.519172 147.717 79.5295 10.226 5.58973 6.14229 23.2692 23.8538 1.72927e-05 389.903
-58.8701 0.0454996 3.5557 52.9335 33.4694 60.9045 7.58707 1.12675 6.0084 17.7634 8.01569 3.95159 3.51121 7.26322 15.6828 1.80603 148.78 75.417 10.9877 3.24072 45.7642 30.5689 6.27945 4.73108e-06 390.178
-58.8446 0.0433433 3.1469 54.6188 32.5493 58.9268 3.08327 2.84415 2.94237 23.9956 8.72985 5.34042 2.4174 4.00797 14.9148 11.0911 147.982 66.3734 9.55041 5.33966 31.4889 23.8854 7.87009 2.30737e-05 393.799
-58.7844 0.0340722 3.55238 55.7275 32.5493 58.6463 3.08327 2.15341 3.6688 28.6504 5.63093 0.567626 7.11011 2.43279 5.51635 13.1953 163.091 57.9694 8.0175 0.456867 121.166 18.7965 7.92151 1.76702e-05 395.978
-58.8078 0.00825684 3.35484 52.3535 35.8983 58.6463 1.19404 1.75567 7.2384 28.6504 5.05004 1.20149 2.04108 7.28615 8.41764 8.08672 161.671 63.5881 3.37239 5.8331 31.8455 3.10602 12.0202 4.99878e-05 388.393
-58.7767 0.0382832 3.49134 56.6953 26.5242 55.1307 5.91484 2.42944 11.3702 26.2917 8.38858 2.4739 7.13261 6.42714 4.97241 5.37154 164.516 59.5075 4.78206 5.65003 22.5286 9.87565 12.5845 0.000187638 388.891
-58.8503 0.00446504 3.4672 58.4285 26.5242 55.1307 5.91484 1.52807 11.3702 26.2917 9.49374 2.60579 7.03545 5.98626 3.4642 9.33946 164.516 50.1192 2.49905 2.9918 49.7129 15.463 18.0248 0.000530419 399.148
-58.8831 0.0197968 3.34607 55.8948 26.5242 53.5468 11.6613 2.09405 8.05289 21.395 5.59679 4.61571 1.00117 4.14525 0.964575 21.8581 167.4 54.1956 5.23961 4.61046 7.67675 37.7009 5.30345 7.38723e-05 388.648
-58.8956 0.017739 3.70144 56.9848 26.8431 43.7511 17.6341 11.5693 4.77925 17.6104 11.7428 3.81258 2.32663 3.87824 1.71203 21.8581 162.7 48.6167 6.70356 2.96018 8.56107 8.83326 47.1074 2.89478e-05 389.877
-58.8944 0.0269821 4.06689 63.3787 25.6545 44.5804 17.6341 13.08 8.54198 7.63369 6.59736 3.31226 1.28086 5.60061 10.4337 14.6981 165.604 37.7454 3.56791 20.153 4.71018 15.3199 46.1044 3.05454e-05 395.989
-58.9126 0.057467 3.29881 57.3436 25.6545 44.5804 22.9808 17.2967 9.14066 7.4879 11.987 3.45005 5.54053 6.96141 3.74205 14.6341 148.897 56.8048 3.98867 10.249 16.2912 10.2678 43.2426 0.000316273 394.432
-59.2622 0.0415623 3.33773 53.6625 41.9315 40.0923 7.67047 16.7607 9.07271 14.7678 13.9304 3.51125 4.85786 8.60237 3.57768 1.08354 151.251 67.1536 1.38731 5.2785 15.4019 23.6503 39.9852 2.31057e-05 394.498
-58.9295 0.0292014 3.27341 49.6476 42.9401 40.0923 7.67047 18.274 2.39003 8.84242 13.5815 3.40962 6.39594 14.195 4.57385 2.72653 161.075 67.691 6.35203 6.91379 17.6936 28.9294 29.6663 0.00037885 396.324
-58.8103 0.0227423 3.7847 55.3328 49.0219 40.0923 7.67047 14.32 2.68395 11.3969 6.05132 2.85844 4.40278 12.629 5.35155 2.4423 161.075 71.1291 2.64166 2.68825 12.2535 2.50876 3.2325 1.27449e-05 388.311
-58.8991 0.020571 3.92067 51.6828 46.7521 44.0014 8.55611 16.7476 2.68395 15.2723 4.71262 1.06044 7.66974 10.6941 5.35155 1.86665 166.3 53.6954 13.5995 5.03665 28.0732 23.221 45.7497 0.000285398 394.68
-58.7666 0.0765016 3.44602 51.1134 44.1252 46.5729 8.55611 13.6288 3.8096 14.1919 7.0424 3.15252 10.4387 9.33431 3.54868 2.27061 166.3 49.7009 12.5788 10.5658 31.3013 32.6163 65.8102 8.85289e-05 395.116
-58.9111 0.0821111 3.43548 49.4987 44.1252 46.5729 8.55611 14.4368 6.94441 8.67595 6.63649 3.19242 13.0161 11.3492 3.54868 2.27061 150.106 68.0363 17.5906 7.83862 45.7489 83.899 44.5436 0.000137241 401.687
-58.8395 0.0941519 3.45466 47.6688 43.9194 40.8818 12.519 13.1406 7.14959 15.0054 2.4776 7.13677 10.4588 1.87642 3.54868 6.57457 164.129 62.9048 38.8537 4.31985 60.8644 44.0352 26.0779 0.00030909 411.878
-58.874 0.0548403 3.46282 49.6546 43.378 32.5686 16.6624 21.2175 4.78807 13.0278 8.43407 2.00752 6.63156 0.448826 14.4534 10.8831 147.862 68.6209 8.75828 14.1613 20.7469 31.8514 35.4671 0.000153191 393.29
-58.8761 0.0237678 3.44681 49.3193 43.378 37.221 15.1354 24.9542 5.20629 9.20003 2.79883 1.37623 2.88899 3.44395 18.3897 1.14623 149.104 87.6349 1.58641 2.06137 9.00205 0.0539168 49.493 0.000161636 392.738
-58.8173 0.0228831 3.33468 54.8998 44.7852 34.9801 14.5605 22.4142 3.97768 5.99681 5.30668 0.16955 7.71325 1.75581 16.8197 1.0757 157.791 64.142 2.81488 7.13441 9.27705 16.739 24.3774 4.11356e-05 391.644
-58.8346 0.00578958 3.4412 55.1962 40.3549 48.1492 2.9132 22.4142 2.73703 7.08284 5.41094 1.5066 6.35957 2.51079 16.4507 4.45206 169.645 43.2241 3.31136 3.95423 5.91347 3.12693 33.5611 0.000182748 395.096
-59.1513 0.0864815 3.34109 53.1021 40.1303 36.8984 16.4773 25.5331 11.7938 7.62433 0.725088 0.18127 2.03137 1.64316 15.343 5.34612 153.568 68.2163 6.83659 1.55742 9.40798 2.60983 19.0874 0.000377892 391.995
-58.9589 0.136359 3.084 52.161 38.3046 41.7862 15.4971 22.7117 7.4231 7.06125 2.4883 0.769002 0.709748 3.11917 11.6107 16.0407 151.669 74.2933 2.63921 3.43687 17.8657 2.10718 20.1121 0.00148599 392.548
-58.8584 0.0532969 3.37868 55.0755 43.5882 35.9917 15.413 18.4969 14.6082 5.92962 3.25435 3.68249 1.19337 4.44754 7.17048 15.0171 145.44 76.2329 1.69537 10.3562 13.4324 4.57837 44.0003 0.00473413 395.992
-58.9288 0.0306167 3.8052 58.913 37.6889 7.03079 52.5501 23.5016 0.176353 7.92169 0.911239 2.85187 2.06855 0.414173 10.0691 14.7542 148.578 82.3614 3.58943 1.29198 18.5348 12.9215 15.2863 0.00217663 396.284
-58.9223 0.0306964 3.62804 57.286 43.5589 1.17553 51.831 25.1461 0.864369 5.83209 0.874643 5.05369 10.3959 1.59667 6.36263 10.0212 143.515 80.513 4.71218 1.29198 43.5356 30.2482 0.068826 0.000360441 397.142
-58.7318 0.0273679 3.31681 50.7575 39.4722 17.2379 47.9451 25.1461 4.34512 1.9871 3.15529 2.16228 4.26071 11.6575 2.59368 12.5751 143.25 77.5355 11.2449 8.9086 7.33959 43.5595 9.95163 8.39432e-05 391.601
-59.1483 0.045212 3.56454 53.4652 34.7843 12.9145 47.9451 24.8143 7.20793 1.93402 10.2407 3.40888 1.28697 4.19726 4.59094 15.771 149.848 69.6002 3.97711 7.99819 1.88728 3.75944 26.4211 0.00349314 393.432
-58.8654 0.109906 3.42971 57.0213 37.7826 13.577 36.6081 34.2378 6.66433 3.16338 6.09668 3.04037 0.11843 0.865733 1.97492 18.4251 149.565 71.5542 2.10417 11.0601 8.23347 47.8467 34.6901 0.000715645 398.642
-58.8766 0.097071 3.26376 59.5918 38.6555 13.6346 38.897 18.9385 4.67471 5.06877 12.1376 0.125055 0.271979 6.87985 0.654983 22.2586 145.617 70.8181 7.29974 3.01881 6.51889 14.9655 53.3583 0.000666851 397.676
-58.9499 0.0948939 3.30481 56.9616 38.6555 12.1098 38.2305 18.5587 6.76213 4.32149 11.0696 1.00956 0.763099 4.28605 4.78124 20.893 151.594 71.3562 6.71567 5.11097 9.17023 16.2794 38.2835 0.000233348 394.14
-58.6947 0.101969 3.45875 62.3879 31.2247 19.6577 36.0794 28.8494 14.5067 1.31121 5.94566 3.86524 1.51031 1.80657 3.64171 23.9454 136.489 71.6638 13.892 3.91328 9.89105 2.58227 20.7957 0.000593913 399.253
-58.8353 0.0844615 3.18522 62.3879 14.6604 18.7186 50.0294 28.8494 9.05432 1.62871 6.95228 0.0955103 4.78951 1.55402 10.341 23.4098 136.489 70.265 4.83762 2.78838 23.1622 6.3049 15.917 0.000680003 397.013
-58.635 0.114746 3.34023 62.0017 14.6604 26.5914 50.0294 23.6273 1.67454 2.55889 9.0769 0.824582 1.952 1.65033 13.2722 20.8741 139.152 67.0512 3.51221 8.83006 28.9901 9.0373 12.5706 0.000870793 396.735
-58.6976 0.0638215 3.39348 60.918 10.166 32.3903 50.2674 28.8357 0.598861 2.17281 2.14225 0.761977 1.90281 8.08395 5.49062 21.7558 137.352 80.543 4.44568 6.40339 39.7496 3.67658 17.3027 0.000886616 393.976
-58.9889 0.0436027 3.46833 70.6157 10.166 22.2815 52.7178 19.5319 11.3519 1.677 5.98736 3.2384 0.987714 5.37433 8.59385 11.8625 141.614 77.9702 9.58313 7.50035 7.10525 7.9325 16.9649 0.00178409 393.494
-58.8855 0.0106238 3.42043 60.8028 8.36534 22.8744 69.4312 16.3733 12.5986 0.45836 0.774571 0.815233 0.413629 15.5709 5.49658 11.1075 142.619 69.8353 10.9233 5.09617 1.79038 12.5661 10.0424 0.00193527 396.015
-58.822 0.115477 3.36432 66.2146 5.77298 15.6174 73.7218 12.9446 5.40056 8.57415 2.00864 1.46 1.70059 15.5709 0.819414 10.6646 151.951 73.4842 3.61178 2.67714 2.21733 13.9493 6.01276 0.0115761 396.629
-58.8528 0.0326311 3.47148 69.4649 11.0638 11.7817 67.0899 14.8749 8.97769 2.98771 3.26167 1.46463 1.03369 12.6265 4.69487 10.961 152.067 73.3326 5.27194 5.45775 2.76011 12.7034 31.0877 0.00584374 394.693
-59.1825 0.0483804 3.55766 63.1949 11.2616 15.4937 65.4855 8.33389 8.49781 14.332 2.08964 1.20422 0.767936 8.58164 4.17116 6.4046 165.832 63.6106 4.81619 12.818 2.09112 27.4518 46.4633 0.000317712 392.136
-58.7511 0.0222086 3.54722 59.8929 15.4229 15.4937 65.4855 7.10208 11.9884 14.8319 2.31472 1.23709 1.03719 8.587 5.22507 7.42706 154.361 70.8615 4.9238 3.26135 7.79027 17.0706 32.7705 0.000618847 387.313
-58.8489 0.0236918 3.42774 65.4056 22.7344 13.5681 59.9359 4.42277 8.47183 16.3546 1.52915 3.41065 2.09647 6.00019 3.70918 9.51916 154.235 74.348 1.08426 3.61875 7.66809 18.2195 9.18848 2.48265e-05 385.887
-58.7914 0.0308431 3.55405 60.1154 18.3842 15.4859 59.9359 2.51756 9.1289 16.5342 5.83482 5.57143 2.08276 3.28624 5.89876 16.8426 149.708 68.9159 7.86166 1.77664 12.5615 15.263 11.1424 3.63005e-05 385.039
-58.9988 0.0210259 3.53887 59.1298 14.7086 17.6679 60.5094 7.05606 21.0679 12.8756 2.63763 5.23293 0.441783 3.90308 3.4418 9.77368 159.824 67.3841 3.36413 2.99788 25.4774 12.4424 17.2301 5.88718e-05 391.3
-58.8176 0.0155823 3.46048 59.456 15.7381 58.3681 15.112 9.24673 19.9883 8.29516 0.813443 3.4761 0.805539 7.82808 7.78272 2.73323 160.525 80.8196 2.2452 1.25906 23.5716 24.9839 6.40294 7.53623e-05 388.767
-58.8358 0.00194795 3.67662 59.8092 20.9523 22.2991 46.8889 11.1202 17.869 9.16663 2.2411 0.596323 0.588465 3.8981 13.5667 2.81486 158.687 78.8818 2.01931 0.475106 16.5103 82.7615 8.77026 0.000102597 393.749
-58.9373 0.0550172 3.64259 61.089 13.2508 26.0098 49.722 14.3259 18.997 5.32075 2.9455 0.224927 2.33825 7.12192 3.21392 2.46156 158.164 77.4345 6.98297 3.1875 9.46518 69.2485 55.0613 9.3072e-05 398.049
-58.8535 0.021939 3.87263 59.6907 21.4409 32.0051 49.722 11.5955 9.82895 2.19325 0.270552 1.38652 2.75177 16.2194 2.77384 5.60652 157.391 62.7252 3.02681 7.90727 11.7601 10.6558 8.53815 0.000369303 390.6
-58.8321 0.0222879 3.34867 61.1157 19.5182 24.1641 53.6863 13.0711 5.73787 4.13877 0.876776 0.453064 4.96426 20.2801 7.99446 0.956341 156.987 68.6209 18.6831 4.34467 32.1109 6.60611 7.22105 0.000372522 393.798
-58.8611 0.131783 2.93119 60.6924 22.334 24.1641 52.8902 12.6728 5.83662 4.44453 2.6725 0.493374 3.82327 17.5816 7.30271 0.965958 148.877 84.7078 5.8832 8.71331 24.6567 26.2649 40.4932 0.000420261 399.486
-59.0208 0.0654726 3.49134 60.2136 22.55 21.2682 54.6892 15.5466 0.456425 17.4497 4.05862 0.470615 3.12072 20.1727 13.0264 5.61374 124.082 82.1698 6.50706 6.22187 24.5648 7.17277 34.2245 7.85234e-05 399.344
-58.7905 0.00425055 3.61146 62.7025 23.6544 14.292 50.3459 24.5394 6.45857 14.8318 2.2121 0.626215 2.55271 6.78526 19.1015 17.2758 124.082 77.1999 15.0563 0.654223 28.6037 15.1364 6.52361 4.19958e-05 393.742
-58.7039 0.0235399 3.35457 59.6755 28.0401 12.2457 52.7887 22.1803 8.7795 11.2315 1.53926 2.09625 0.203252 8.86517 10.3955 19.8393 125.953 84.7866 18.9318 0.333225 15.4962 4.49665 24.6822 0.000573082 400.195
-59.0552 0.0415516 3.57254 54.5818 35.1872 6.62752 52.7887 16.3267 9.97301 7.80562 5.7208 1.87432 0.433175 4.32096 14.8227 21.5185 138.959 73.5609 2.35257 8.10784 1.37547 28.954 24.9962 0.000114931 391.333
-58.8511 0.0335152 3.3275 55.7912 36.4506 7.13493 53.4171 10.2176 11.717 10.6537 1.95363 3.59916 3.4983 6.91496 9.70522 14.8776 145.245 69.2518 0.558737 9.23368 4.5011 52.0617 60.8263 0.000460543 391.803
-59.05 0.022281 3.46025 52.6373 37.8204 18.0047 55.2612 5.96196 9.23449 2.29285 2.5548 4.99012 3.26768 9.19044 7.92043 17.5192 145.245 66.048 2.59947 14.8613 19.795 34.3022 24.0322 0.00135344 394.236
-58.7319 0.0159424 3.41537 56.0676 36.9065 1.09624 61.7156 9.22254 18.2972 4.21075 0.811907 0.275243 1.60457 3.52464 6.65079 31.814 135.665 82.3826 0.243242 2.54391 19.2461 10.2132 23.2502 0.000498293 391.652
-58.8086 0.133571 3.32917 55.1169 30.8819 1.83654 61.7156 13.0634 25.6836 0.482974 4.07125 1.8754 0.228707 2.508 1.69098 32.2712 135.665 82.3879 1.94932 9.56296 19.8027 2.96829 45.4671 0.000491907 399.416
-58.7984 0.0864225 3.38222 54.1841 37.8943 1.83654 61.7156 2.14807 28.7346 3.07134 8.14645 4.61827 0.465848 4.04748 1.89933 26.0827 134.706 68.1231 3.3825 12.077 20.8798 14.0705 44.2346 0.000151302 395.338
-58.8562 0.01011 3.38712 56.7378 24.7698 6.82891 62.2652 5.89611 29.6083 3.04955 8.56248 1.63884 0.465848 9.27187 2.06423 21.0329 134.706 72.3303 5.45698 6.08434 24.3729 29.4477 28.4145 0.000747743 396.923
-58.8579 0.0209199 3.34934 56.5628 36.6283 44.3098 19.671 5.24254 26.0745 2.17915 7.37571 1.57581 2.32264 2.50223 0.446763 25.6986 137.336 69.6065 5.12745 8.57266 24.9943 7.18609 35.9787 0.000108821 392.27
-58.87 0.0204024 3.94949 58.2103 35.8084 33.5575 19.671 5.10712 28.1851 5.69114 2.9567 1.24833 2.98341 5.83518 0.446763 21.5845 149.631 67.4704 5.93795 8.63615 43.2551 2.55765 29.0277 0.000166596 391.05
-58.9049 0.0217637 3.46203 60.9772 36.0231 29.7484 19.116 6.57114 30.1781 2.95828 6.96888 5.33378 5.18676 9.66236 9.42551 12.7934 142.773 60.6535 1.44993 10.4176 67.0844 14.6752 7.70432 0.000403773 398.201
-58.7439 0.0349811 3.44855 55.5181 36.5044 35.6666 19.9439 8.33369 19.4152 7.53873 6.06566 3.76611 4.78062 11.8388 8.30881 2.29644 154.56 65.3343 2.38173 2.58252 29.1708 39.72 1.56967 0.000361288 389.493
-59.0488 0.0528301 3.4124 52.7156 35.3405 55.5788 1.79909 23.8218 3.78234 6.54241 6.35741 2.32955 4.6183 10.1328 6.48059 0.659517 161.544 67.0164 2.87369 1.63726 58.0298 17.5697 2.30637 0.000128116 393.374
-58.8473 0.0319533 3.49989 54.4035 30.5718 64.6615 1.79909 23.6794 12.3531 2.47934 10.4176 1.55121 0.275018 9.64747 2.87 6.30196 151.45 74.8013 3.70297 2.2917 24.1942 16.6841 20.8004 5.5043e-09 381.604
-58.9654 0.0158448 3.5019 57.3415 28.565 57.5959 1.79909 21.9262 5.68716 6.74315 11.1306 3.44296 1.583 10.1519 5.34875 6.71582 153.512 69.9345 4.93763 8.75873 44.6064 3.7895 3.83827 7.3792e-10 380.245
-58.7322 0.0440817 3.50689 61.6434 28.565 57.7249 1.79909 24.1422 3.0455 7.30205 3.66054 8.29354 3.04265 12.0579 2.62155 10.1343 143.337 74.0337 4.25345 17.3971 63.6183 9.7803 21.7312 7.3792e-10 387.757
-58.8304 0.00648237 3.51457 60.594 28.8327 46.191 1.79909 30.0262 1.03068 3.3652 9.36187 8.06014 3.67535 9.43685 7.76024 11.926 149.186 65.0026 2.86764 12.6124 55.2201 8.70528 3.26106 7.3792e-10 390.353
-58.7724 0.0217359 3.44978 64.231 31.7585 48.4198 1.79909 29.8027 5.87746 8.0208 11.3624 0.929529 1.24793 9.42097 0.887165 6.46023 149.129 81.0154 10.0565 8.67294 37.7092 8.69517 0.250431 7.3792e-10 388.433
-58.8147 0.0196485 3.76029 56.9103 34.6802 46.4643 2.14983 23.0419 9.36482 10.9779 5.04924 0.246802 2.03521 15.2355 0.887165 14.1897 147.939 81.0154 11.7703 4.91834 38.7899 9.27597 22.6316 7.3792e-10 385.438
-58.6611 0.0112113 3.4596 58.261 34.6024 47.3141 2.14983 21.0879 2.94299 16.0918 7.29941 1.26015 3.1397 9.38694 0.887165 14.1997 149.97 60.3464 11.5411 27.5752 40.4142 8.15707 5.09296 7.3792e-10 391.951
-59.4273 0.0884835 3.57123 57.1215 32.2569 47.3141 2.14983 18.5113 8.82348 17.1058 7.25918 1.27332 1.73668 10.6342 4.85912 13.9733 148.275 70.7914 5.87318 9.89961 10.8767 9.37563 5.97223 7.3792e-10 385.214
-58.8604 0.082683 3.31688 57.6397 32.2569 47.3141 2.14983 15.9279 9.9478 22.1789 8.8844 1.27332 0.651911 5.84747 3.04474 2.78754 163.342 65.6517 10.9589 3.72396 36.9271 11.9466 29.6509 7.3792e-10 382.942
-59.0998 0.0356825 3.52262 56.9759 41.3073 47.3141 2.14983 3.87861 6.39952 19.9918 11.8348 10.056 2.17931 5.84747 2.90327 7.66188 157.895 41.2022 10.675 2.837 9.43587 1.26647 22.8379 7.3792e-10 392.216
-59.2533 0.100667 3.22287 56.1113 42.4658 47.3141 2.14983 7.29602 3.89899 6.13592 13.9608 5.82053 5.78856 14.8771 0.113735 9.95141 152.471 79.1333 9.2129 5.66144 30.2567 10.1758 43.9597 7.3792e-10 392.888
-58.9489 0.0240254 3.77845 53.9166 30.9313 46.142 24.9714 1.112 4.39841 4.30317 24.3707 1.01835 5.26103 14.101 1.97449 4.00095 157.763 62.6329 8.46658 3.11657 92.0434 9.97156 27.0476 7.3792e-10 389.024
-58.9341 0.0225623 3.4367 54.6324 31.0639 36.2684 39.5487 3.97232 4.38335 8.18224 7.32285 2.06076 2.13028 11.3024 5.21969 7.64259 169.003 56.6497 3.06775 14.415 32.3752 7.56493 25.1683 7.3792e-10 382.49
-59.0314 0.0288786 3.52762 56.1665 27.4512 36.7425 37.2493 4.98806 3.68 12.0784 9.98331 2.109 2.43779 10.5291 6.94804 12.7354 158.906 56.9468 1.59424 10.0179 35.0234 6.77975 9.45787 7.3792e-10 379.018
-58.706 0.00837732 3.52697 55.9046 26.5591 33.1036 35.7018 5.02333 8.46048 10.4033 12.3569 1.80223 1.77899 13.9527 7.3956 11.368 158.906 52.1286 4.58203 2.83868 48.6066 28.9461 5.99191 7.3792e-10 380.048
-58.8435 0.030328 3.34607 57.3439 34.3324 20.7719 50.2562 5.4614 5.21287 10.3255 7.24658 1.04196 0.0933628 18.7207 11.8287 25.3907 129.632 56.8992 1.83043 22.867 10.6458 26.2671 4.17922 1.70873e-08 389.792
-59.0201 0.0332632 3.67582 54.5474 35.3828 13.8799 50.2562 14.8444 8.33274 3.96209 5.23967 1.42428 1.12312 13.9964 6.08632 9.17059 156.22 61.7577 10.0469 13.2189 0.941745 55.4279 21.5434 1.70873e-08 384.285
-58.9523 0.0377897 3.37023 52.8533 39.6249 32.4818 32.4132 6.45391 5.80994 11.0306 2.45694 1.55543 2.58889 21.4024 6.20306 5.92844 162.6 53.6101 11.175 20.7371 2.35327 35.8938 63.9479 1.70873e-08 387.261
-58.8666 0.0107477 3.45358 48.627 43.1125 32.4818 32.257 7.1955 5.80994 17.8606 0.888822 1.02493 0.70644 17.9596 3.99404 4.65057 158.61 55.1586 18.2745 10.7816 1.53483 23.3602 28.8966 1.70873e-08 386.757
-58.8282 0.0192426 3.73406 48.627 45.0097 30.9742 32.257 6.65476 7.08002 14.2069 2.17746 5.00633 2.91063 11.3968 3.6338 13.05 144.476 49.6392 19.58 6.3676 2.45597 7.3309 12.207 1.70873e-08 384.04
-58.9404 0.100104 3.58803 55.7912 31.045 35.4942 30.5797 9.15691 4.52587 12.9872 8.34798 1.92596 0.595205 6.37636 6.95388 17.35 152.814 51.5454 26.6938 4.72574 1.12959 10.7008 9.97748 1.70873e-08 387.874
-59.0158 0.111028 3.06028 60.6697 23.6378 40.403 30.5797 9.67776 16.2244 6.79832 6.69557 1.45052 2.71786 2.49164 7.19403 15.4819 145.275 42.5172 34.6862 7.36308 0.520154 11.538 13.2335 1.70873e-08 390.942
-59.0004 0.0379419 3.51219 60.3985 25.2788 40.403 27.4275 8.18879 5.02309 10.9221 5.86406 0.485413 3.02727 7.85149 5.11282 16.1042 158.33 65.305 8.17012 4.59217 0.806023 17.9785 7.32571 3.83768e-08 382.348
-58.8793 0.0412829 3.57898 57.1938 26.2293 35.6182 31.5412 1.36445 7.66661 23.082 6.71352 5.68367 2.91414 6.79622 1.0589 10.6019 155.523 66.843 7.96178 9.0933 4.95913 37.6064 41.0857 2.58455e-05 388.313
-58.6419 0.0677196 3.46824 57.0833 24.235 30.1818 36.6561 4.24518 8.2545 18.8727 4.51497 2.00537 0.332114 3.83791 5.71208 38.1734 134.766 68.597 4.72227 3.26071 9.5538 34.885 43.7825 2.28835e-06 390.815
-59.0393 0.0187573 3.49158 57.6595 24.3409 33.9513 36.6561 4.27755 9.79036 22.9361 1.19076 2.17322 0.969245 3.83226 6.26103 33.6915 134.165 66.9523 6.19891 5.96623 12.7055 14.3842 18.3205 6.55835e-06 386.936
-58.6877 0.00258576 4.34458 59.2756 23.9864 31.8004 38.4286 4.37393 3.82736 22.5642 10.555 1.5355 4.68617 1.99149 13.4834 29.2396 123.58 71.9415 9.70343 11.1106 53.5256 13.2626 3.83096 4.48222e-06 399.778
-58.8707 0.0179106 3.79115 56.5312 32.6723 52.1689 5.33966 12.6921 7.56679 13.2939 6.94012 1.19597 1.09957 3.00524 10.8376 36.2149 118.168 70.5116 8.56557 12.6865 42.8698 6.57709 8.64528 1.33851e-05 393.723
-58.7714 0.00795423 3.49093 55.6105 27.8021 56.9542 9.42587 3.07997 12.9008 9.56984 5.06221 7.27877 2.03094 2.34414 8.12335 55.6132 121.063 60.3308 9.48592 7.55976 29.1026 52.8846 9.53312 7.30588e-06 393.214
-58.7191 0.0180306 3.65803 54.8867 27.8021 54.7065 9.54371 5.30284 17.357 10.1396 2.61779 4.45692 4.39227 0.905056 5.99492 40.9329 130.368 60.3308 10.8893 9.17668 46.2961 30.6143 2.84224 7.57439e-05 396.091
-58.6916 0.00926755 3.4208 56.5121 28.0811 49.1241 25.1756 5.30284 12.9093 5.20879 11.587 5.4225 4.33628 1.44674 3.86204 12.3391 151.426 68.4919 5.04184 5.19156 22.711 73.9047 11.6121 4.04207e-05 392.52
-58.7176 0.0872701 3.2601 56.7813 28.3649 53.1009 20.4563 14.0852 9.62808 11.1003 1.73401 4.78799 1.70257 4.26955 5.51438 12.8553 152.889 69.6821 0.480137 2.23532 35.8877 1.52313 0.479125 0.000138319 393.339
-58.8703 0.0290782 3.30971 57.4489 29.26 47.8713 21.0094 14.9717 5.61072 9.7583 1.67829 4.10089 1.78422 1.74537 11.6526 10.7411 149.157 74.5475 8.42145 3.20717 3.63822 59.2478 1.96244 0.000116886 389.254
-58.8916 0.0167127 3.56763 57.2264 27.6346 45.4374 21.0094 17.599 1.85066 11.0656 1.08511 3.85719 5.26826 4.83032 13.8042 12.0878 148.122 64.1497 3.50108 3.49958 14.3977 64.5986 2.66574 0.000126202 391.931
-58.8937 0.0176012 3.31327 55.2159 28.1545 47.0786 14.7618 15.5495 6.28905 12.3054 5.50136 5.13674 3.9648 2.372 7.61304 24.7172 152.092 56.5815 6.65513 5.01307 20.6012 1.65282 28.5424 5.13446e-05 388.437
-58.8158 0.018695 3.43586 54.7521 28.0935 36.2543 24.5694 20.0229 3.78694 11.0726 7.26595 4.59321 3.35115 3.33695 8.59187 30.3988 144.069 55.7618 6.98229 5.72232 25.2389 23.491 36.2691 0.000322855 392.297
-58.7096 0.0131573 3.57361 57.4128 28.3048 36.2543 29.2579 20.0229 2.01348 18.7221 3.55949 3.96352 11.211 2.40665 3.11563 17.2855 145.711 60.1761 10.6372 3.39411 39.6484 24.2063 23.2265 0.000756676 398.196
-59.0172 0.0386783 3.49382 54.6588 28.4676 36.8948 29.0245 19.8678 3.20488 17.0325 4.47953 2.58072 6.59725 6.44998 4.55936 5.1214 147.453 73.8068 2.72531 5.40245 11.125 1.87251 21.1487 0.000103215 388.55
-58.9858 0.0240618 3.82418 54.6471 29.508 38.7694 29.0245 18.8312 3.95858 5.67877 3.66883 6.04335 2.97049 7.11774 2.18142 16.3758 147.509 75.1116 8.74313 5.50541 6.49578 2.25337 20.8556 0.000421231 390.754
-58.9075 0.0256659 3.53514 56.1212 30.7281 40.3801 29.5451 19.9273 1.75541 5.20004 3.75796 4.14766 0.734138 12.1282 2.90124 26.2918 147.323 52.1946 6.91196 10.5279 23.3545 9.33159 56.3579 9.85498e-05 390.231
-59.0229 0.0128423 3.7214 58.7142 32.3086 51.5272 11.1418 4.00659 15.859 6.00279 2.1992 11.7667 0.347946 3.3445 8.85122 22.5818 143.933 61.1977 5.55506 13.1739 26.8301 19.3509 34.6857 2.93171e-05 397.193
-58.7263 0.023536 4.22775 62.8123 34.4932 55.8494 1.80137 3.76581 10.9389 13.1475 2.96707 3.48591 1.33335 8.87149 3.0147 17.6587 153.44 50.0352 11.3312 14.735 13.7929 25.0853 27.8293 2.50612e-05 396.783
-58.8687 0.0247102 3.26741 53.1803 32.7284 55.5147 3.62846 15.1307 11.1366 15.0121 6.90924 9.66669 3.64275 9.11343 7.71387 17.3714 139.252 59.6664 7.34359 13.6122 14.8366 29.2273 3.79519 7.88741e-05 396.131
-58.8034 0.0191374 3.44914 49.4642 41.6907 50.6845 1.74512 18.3548 11.564 11.2861 1.25637 4.62994 0.561385 24.1446 14.7139 14.3454 134.597 57.7214 8.10711 6.40435 15.1318 12.8266 10.2352 0.000765314 391.514
-58.8644 0.00274067 3.61875 49.3757 47.6531 45.1537 1.74512 19.6828 12.2051 7.88573 4.0467 2.24737 2.70041 20.2772 16.3343 13.9598 134.597 58.7791 7.54485 6.38841 14.8088 37.9158 41.5822 0.000591222 394.425
-58.7269 0.0424022 3.41437 50.9763 45.686 39.7303 1.74512 19.1294 12.4265 13.4915 5.51167 5.22937 1.54472 20.2772 16.1096 12.2222 134.597 57.5692 10.3004 7.47811 27.6755 25.447 34.9315 0.000151451 395.415
-58.9081 0.043945 3.43174 49.277 46.5218 48.5695 1.74512 17.3687 13.8494 13.4915 7.44029 0.313127 3.0938 11.8977 16.0405 14.4584 134.597 59.4323 11.19 18.6371 19.0602 47.0148 28.2086 3.34303e-05 396.286
-58.8404 0.0440553 3.53315 46.4995 46.9613 54.2498 1.56719 10.8569 13.6916 9.18345 4.35091 1.1603 2.52976 7.39103 15.8337 17.663 135.411 75.4033 9.1198 9.78381 9.13544 19.4833 34.2033 0.000286976 391.946
-58.9498 0.0478452 3.55082 47.9277 45.5487 45.9326 9.7017 9.49225 8.61469 16.6467 6.99483 1.25942 4.42384 2.25797 1.65432 22.6237 145.431 71.8555 7.24396 12.1232 13.9865 17.9931 5.27443 0.000106393 388.649
-58.9836 0.0480038 3.50845 53.5158 41.5345 45.1432 9.33518 18.2213 4.2416 9.00868 7.40504 4.05217 4.93075 7.6715 6.27882 13.7681 145.79 74.0415 1.77473 2.26473 13.2879 4.03666 1.0792 0.000106393 386.722
-58.849 0.0156928 3.95411 46.4991 48.898 44.4398 12.7772 17.5055 4.2416 8.52633 1.98747 1.87142 2.26499 12.7396 4.34616 14.7836 156.909 63.6014 0.923108 14.9448 1.69688 6.87325 0.626064 0.000106393 391.16
-58.7105 0.0336085 3.30347 51.4592 45.7182 38.9676 11.6442 11.977 11.2003 2.95945 8.16917 3.39557 2.30911 6.94846 12.7502 17.0785 158.613 35.2939 14.8209 8.81212 17.1026 3.18894 7.09768 0.00502931 399.587
-58.9122 0.045395 3.80175 49.8629 47.4247 37.7045 18.3994 13.5575 9.68618 3.32746 2.51953 3.41763 2.40006 6.61839 7.15882 20.919 151.486 57.99 13.8302 7.59707 14.1941 2.23439 19.3909 0.000884578 394.999
-59.0199 0.0162592 3.53831 49.1222 43.5251 41.7701 17.7752 14.888 14.7447 4.44503 3.15118 2.2845 7.12442 5.55196 11.2279 16.1613 149.421 58.4672 13.8587 1.84882 6.23149 1.78935 8.07096 0.00064456 392.184
-58.7938 0.0592869 3.4401 51.6043 44.2483 38.1417 15.9101 21.3109 8.62462 5.11283 4.83161 2.33984 3.57201 6.33516 11.0749 16.1613 149.527 54.1878 2.88287 17.9102 38.8155 2.70253 18.2712 0.000146172 394.468
-59.0518 0.0627415 3.48323 50.5106 50.8617 37.402 13.1211 22.1428 3.2144 4.1042 1.98123 1.67131 7.35579 9.10714 4.39348 17.7388 159.027 56.1162 0.59808 6.46711 35.7067 17.5252 14.1303 0.000138931 391.362
-59.0851 0.133547 3.57439 52.6399 43.3556 39.6064 16.8644 22.0538 3.2144 8.72073 0.877456 3.08343 6.86335 5.76919 5.33126 7.58591 159.219 66.7917 7.03922 5.99049 12.4683 17.0062 50.6291 0.000539374 397.27
-58.8662 0.0274885 3.38079 49.6621 42.5747 37.9114 21.5833 18.3449 8.83992 3.57124 1.54277 4.10752 5.26601 6.04537 3.46662 10.0869 164.879 60.3369 6.9134 8.42581 42.0814 19.0598 47.9942 0.000144572 391.894
-58.7865 0.0129467 4.21571 47.1204 46.8955 36.3795 21.0753 8.56886 7.30446 10.3969 9.74525 3.03807 3.9247 1.94346 10.4027 9.37487 147.682 70.7228 7.97996 4.38984 9.23364 22.3242 18.7188 0.000267131 395.279
-58.8851 0.00804855 3.54189 47.3712 53.184 34.7315 25.0555 6.42227 8.85548 7.29352 4.51127 0.971067 8.75659 8.462 2.91798 7.89909 153.487 73.7455 0.379587 8.30519 7.32157 11.2426 29.6795 0.000114881 388.678
-58.7701 0.0201707 3.51641 47.396 47.6737 36.6624 21.7604 8.49274 4.86384 11.4456 6.11657 0.0377546 4.49045 10.3299 9.05141 7.46723 158.904 65.5978 6.51554 9.17027 18.2787 6.43036 46.7353 0.000121937 389.219
-58.8399 0.0405455 3.77612 47.7236 46.3663 33.0914 18.5088 18.3243 4.93086 14.4205 2.39926 0.189919 4.40641 5.98632 4.99549 16.663 163.445 38.7271 17.9946 5.06877 10.253 22.831 2.03617 0.000443248 394.657
-58.9528 0.0587066 3.19059 48.7217 47.0594 33.6608 22.4948 13.1171 9.99026 3.30471 4.46922 2.50014 1.59122 10.1485 7.94949 18.3325 160.355 48.8273 18.1575 1.63669 18.8239 20.3926 32.2364 0.00015977 394
-58.7691 0.0239084 3.52154 51.9278 47.1336 34.5069 21.8254 13.4349 12.3485 0.773736 2.77333 2.66847 1.42101 9.89445 8.55143 18.3325 155.654 53.8044 14.099 0.868492 41.8614 6.77643 22.3285 0.000392109 391.203
-58.8232 0.0283568 3.79395 52.0701 44.0074 33.9735 11.3614 15.6521 20.4833 5.56931 3.47284 5.58029 0.317944 5.00986 14.3096 5.23644 155.942 62.9815 4.36182 12.6298 16.7042 7.43175 16.5097 0.000985515 392.183
-59.1316 0.0350443 3.41751 50.2697 46.342 33.8816 10.5585 8.81782 31.8413 10.1749 6.82248 4.88401 0.300804 1.79596 9.59697 6.16676 151.537 71.0131 3.67298 4.38446 16.9217 3.34921 26.8711 0.000600765 393.904
-59.131 0.0994829 3.10263 49.8661 49.7757 28.2751 17.5209 6.02885 15.6784 13.2012 7.94411 3.3479 2.22558 5.38731 7.05136 9.39393 149.555 70.5428 15.8834 14.1945 5.26355 21.6458 12.7914 0.00183461 402.049
-58.7473 0.0639856 3.50666 45.8338 60.7766 28.1479 16.8536 5.98953 15.0736 9.63934 6.03683 3.96875 1.97387 3.38849 11.4479 9.38389 154.131 72.4165 6.88217 1.26097 14.8983 20.7585 35.2959 0.00450278 393.584
-58.7857 0.028848 3.6352 47.4376 58.1221 29.621 14.6782 7.08805 11.1003 6.24817 10.947 3.38468 3.03314 9.87332 16.0848 5.45647 148.293 70.2281 8.09081 2.98579 5.45967 23.4504 14.3699 0.000269872 389.896
-58.7222 0.0131027 3.77568 46.1748 52.1279 30.3073 20.2272 7.08805 11.4444 15.249 5.81676 2.81421 2.56257 5.84655 11.7709 14.2203 142.462 71.9674 12.463 2.71557 12.3019 14.8277 8.13932 0.000230277 386.629
-58.9887 0.033122 3.86235 46.8526 49.0076 31.4362 22.1339 7.08805 9.9906 15.249 11.4079 0.60292 0.984944 4.62902 11.4573 13.5215 145.22 68.4093 12.1866 2.49148 8.04501 20.2404 5.45733 0.000396395 388.886
-58.8339 0.033648 3.70662 48.585 54.8492 37.748 11.8867 5.82219 12.275 8.20185 9.04197 2.77081 0.951714 15.5386 8.89515 17.7082 141.676 65.8179 8.15997 5.13509 32.0157 12.1042 16.6477 0.00105973 394.302
-58.8795 0.0207653 4.19018 41.4926 62.6588 31.6405 11.5942 7.02004 14.5561 7.89305 10.8382 1.44561 0.989609 1.6292 13.4775 28.4865 136.249 73.8076 9.40106 7.57444 4.9076 21.3269 22.4934 3.31637e-08 385.867
-59.0266 0.0162656 3.903 45.6445 61.2559 33.085 5.6686 17.8167 14.4032 3.42633 4.56615 1.44561 2.48761 1.38803 8.30349 32.1195 132.414 81.7477 12.7922 1.83866 6.15406 6.85631 3.88806 3.31637e-08 384.634
-58.8883 0.0410092 3.34868 58.328 21.5379 71.008 8.4839 1.49133 10.6853 4.47985 12.2967 3.74561 1.17293 0.671116 5.15487 34.0591 121.311 93.936 0.333114 14.9675 20.1375 30.3579 22.6564 3.31637e-08 392.941
-59.019 0.0408108 3.47379 58.328 21.5379 71.008 6.81463 3.3641 15.3588 4.79102 9.60309 0.24286 2.76261 1.40207 10.7457 35.6555 114.308 91.5858 2.24838 5.13633 0.210423 10.1937 20.5262 3.31637e-08 389.421
-59.1307 0.0396972 3.60242 56.7139 21.5379 64.6177 10.5115 3.3641 14.6804 9.62053 16.0291 3.14261 2.89942 3.71211 10.8626 33.35 114.572 81.1915 4.66339 12.2435 9.76398 29.045 2.85115 3.31637e-08 390.449
-58.7427 0.00125479 3.51756 60.7608 21.5379 59.3583 7.99674 5.98128 19.0694 7.52045 9.62385 3.25909 1.59002 5.42363 11.351 31.9485 121.965 75.2977 6.20021 12.9647 18.7975 23.3755 14.4902 4.45596e-07 389.113
-58.7539 0.0259835 3.52292 62.341 24.5468 52.7273 6.03005 5.98128 17.4894 4.40282 8.16061 4.40219 2.88634 11.5722 17.3012 33.5012 113.918 80.8947 0.63633 7.31955 17.7982 49.9086 32.2692 2.95501e-07 392.022
-58.7271 0.038044 3.53679 59.3718 25.2443 52.5608 7.66661 6.55823 23.123 9.63104 4.70056 4.366 4.5378 7.22464 16.4649 25.5586 118.078 72.9896 1.32845 10.6135 9.15286 49.8913 63.2067 1.53005e-07 392.226
-58.6335 0.0101738 3.45586 59.8584 31.8354 48.8783 7.33404 8.7671 23.123 5.77125 0.556039 0.981014 2.64967 5.08258 15.4484 24.6831 126.316 85.7887 1.74464 0.576371 43.2037 40.4095 20.7636 1.39832e-07 389.758
-58.7367 0.0275986 3.42636 52.7751 35.4061 51.208 10.346 17.4892 19.7836 5.47624 1.5053 0.574401 5.81231 5.11367 10.8908 23.0352 125.445 71.1625 4.07092 10.0905 26.7217 39.6421 15.4934 3.59171e-06 393.023
-58.87 0.0158761 3.4005 53.1241 41.8339 31.2954 20.1741 15.7783 23.8843 6.37235 1.11391 4.10224 1.31129 3.96953 13.1882 23.4166 125.708 77.1196 3.49146 5.20808 3.29857 41.5061 14.5131 1.38643e-06 388.196
-58.904 0.0151072 3.44392 50.2454 40.1833 43.857 9.12842 13.4325 22.8047 8.0057 5.27349 6.3686 2.56542 4.54943 18.0566 23.4077 120.413 74.0157 2.39808 7.88006 3.26632 3.07783 26.9682 6.50724e-07 387.434
-58.8531 0.025861 3.38252 51.7924 40.9126 42.2195 12.441 15.2908 17.8931 5.14237 4.21457 6.67227 7.16677 16.4496 18.0566 14.7651 124.762 64.3405 1.61616 9.28113 7.54965 12.7986 30.6504 3.12584e-06 392.577
-59.009 0.0308794 3.44938 52.1633 36.9046 44.1392 8.31557 10.8954 5.70888 10.3213 5.08586 7.16196 5.73828 21.8005 23.4595 10.7246 136.063 57.9924 13.5038 3.44016 44.2583 7.7087 41.4363 1.21175e-06 394.21
-58.8546 0.0578446 3.35394 54.049 47.2676 41.2633 10.2429 16.3839 6.74353 7.07095 3.06577 1.98986 2.6557 13.9648 15.4945 20.9913 133.786 63.3919 18.4153 2.10621 20.6904 4.05998 51.8918 4.68344e-07 392.057
-59.1361 0.0833038 3.3688 46.2317 54.1693 42.8034 7.06092 17.9631 6.36868 6.43019 10.3 1.22366 6.76985 15.0559 7.81313 18.6225 124.165 65.9329 15.2215 4.30049 10.7224 13.3016 7.74348 4.8961e-06 395.613
-58.7753 0.0644577 3.47721 52.7362 49.7753 42.8034 5.62039 17.5162 6.07785 8.43137 8.87185 1.21452 3.86987 11.6496 20.0373 18.6522 122.619 71.737 0.418423 7.70714 9.65665 2.64824 13.0728 1.83565e-06 389.643
-59.3358 0.050446 3.45355 57.4827 46.2461 41.8821 1.82783 16.157 7.06729 6.79452 8.57366 1.52265 1.18036 9.17467 11.6175 20.734 135.155 76.6501 17.372 10.1509 2.31671 5.0036 14.4371 1.99828e-05 394.759
-59.0545 0.0359566 3.52843 55.5859 42.6772 42.8621 2.61422 16.8546 10.6166 13.5646 1.83282 1.45614 0.724653 9.34197 6.6361 24.7203 141.502 73.1301 9.07226 6.19791 9.3418 10.2308 38.8336 3.4333e-05 387.731
-59.1463 0.0303909 3.75868 54.7248 41.7803 49.1814 2.61422 16.1752 9.69954 20.7945 0.238509 0.853925 1.9587 4.7764 0.882245 21.3696 142.818 69.4078 7.11479 8.11231 5.23182 24.9728 57.7755 2.55721e-05 393.956
-58.8159 0.0282937 3.50623 61.5427 35.6891 49.1814 2.61422 2.7396 9.69954 19.0317 6.49595 1.21828 4.53817 4.30904 3.27229 22.2137 147.96 73.5305 7.88307 10.0781 10.8955 14.4523 12.0451 3.7999e-06 385.818
-58.7042 0.0118403 3.40494 61.0666 33.3522 49.1814 0.331874 2.54746 15.793 23.8156 9.35558 0.131836 0.271976 3.67086 3.41937 24.1761 145.09 67.8475 6.43678 5.74521 22.1148 10.8624 4.65351 0.000116118 392.298
-58.6628 0.0566818 3.60572 52.2982 34.2613 58.3417 4.73549 11.1432 2.44784 13.2202 17.8851 1.93131 1.26879 1.81961 4.90528 15.977 146.046 76.8745 2.52153 4.02469 11.3938 51.731 6.11712 8.02866e-05 391.142
-58.9533 0.0138192 3.66195 52.8819 33.0246 58.8783 8.1948 0.755 12.7211 14.8445 10.1744 0.909405 3.31255 2.72002 3.9557 16.5502 155.689 49.736 2.31954 18.0158 32.572 9.36099 6.637 0.000506213 394.855
-58.7766 0.0175834 3.75268 57.9519 29.919 48.7026 10.4623 6.2183 11.5709 13.2035 15.7462 0.246499 4.40044 4.39413 6.90254 4.7899 163.395 58.2498 2.12843 16.0528 71.2362 17.8753 8.66871 2.10156e-05 392.89
-58.9803 0.0512015 3.93052 56.0699 26.3201 49.0592 9.71549 7.57099 13.7669 17.3602 16.6354 1.01572 3.50607 1.30052 11.1854 2.41597 164.88 63.9168 1.99081 2.39874 34.4242 1.53903 2.98431 2.12841e-05 395.718
-58.8556 0.116573 3.49499 53.9295 37.1589 47.0324 6.3219 11.3356 12.1644 4.66225 10.8076 3.79322 3.17954 2.44962 5.09166 18.9356 156.553 69.4475 2.84156 1.30291 64.1927 39.3367 32.0528 1.7967e-05 395.467
-58.5276 0.070804 3.31661 51.8749 41.8965 45.132 4.97422 17.1411 11.5895 5.49636 9.31003 2.11287 4.92581 5.0945 14.7517 1.6783 158.28 70.2391 2.05183 7.2811 1.29978 30.3996 23.3396 2.97705e-05 393.055
-58.8024 0.0146845 3.41375 49.7449 50.2511 37.6672 7.00548 14.475 12.0418 3.23287 11.2295 5.04628 2.55104 4.26177 20.2242 1.85289 148.108 76 1.76369 4.75704 7.3699 10.9482 13.9714 1.52128e-07 383.147
-58.784 0.014178 3.6331 51.9175 49.1668 35.4547 8.65358 12.2539 10.7285 9.92842 3.36231 7.25773 1.75618 6.98156 19.5956 1.51283 150.273 77.7715 4.86951 2.90157 24.6539 8.30448 15.6647 1.52128e-07 384.429
-59.1102 0.0914078 3.41021 50.3479 46.8769 35.1891 11.7021 22.9355 3.55515 12.0725 3.07658 9.6994 3.24235 1.67628 18.2586 1.10562 149.811 72.7369 1.71584 18.8393 20.4547 9.21223 11.5878 1.52128e-07 389.045
-58.8916 0.076655 3.28998 50.5031 45.15 36.6918 14.7257 19.1875 3.32653 14.6264 2.82323 3.29186 0.508944 8.61871 17.6014 1.72398 147.569 72.8843 1.06802 9.13905 23.1929 28.3095 9.25633 1.52128e-07 384.896
-58.9049 0.0972306 3.15544 50.1283 41.7267 41.9424 16.0799 25.3139 4.10901 7.70428 3.0272 1.04731 2.00077 4.66036 16.1744 2.7558 153.095 71.2078 3.68479 18.6005 33.0271 31.8066 42.1237 5.52915e-06 389.321
-58.7235 0.124546 3.04243 50.0909 47.5855 43.6105 15.4801 21.5971 2.15483 5.73371 3.27223 1.14917 0.217877 0.396246 23.0536 7.89483 151.34 69.6501 7.44408 10.0727 36.5905 27.2581 9.08713 1.19844e-06 390.604
-58.5772 0.0401982 4.16857 45.9188 51.3804 45.0283 14.4463 12.4181 4.55918 6.78057 3.58413 1.46828 3.65447 3.05096 24.5011 3.7936 150.233 70.7919 6.33256 13.9204 7.4523 46.1906 5.92331 6.58675e-07 392.952
-58.891 0.0267915 3.77951 48.3444 39.1179 54.3317 9.39443 15.5335 5.51307 11.8151 2.9772 5.39079 2.81476 0.675688 18.2086 6.70237 147.758 77.6771 12.3053 1.45643 21.465 20.4096 4.81527 5.90098e-05 391.779
-59.0322 0.0234218 3.69344 52.9658 36.8233 55.1529 0.70817 21.9281 4.66055 8.71381 8.94037 0.464504 2.48031 2.43422 11.8245 8.06371 157.763 61.7735 6.99207 8.44533 40.3691 11.6785 16.2585 9.21645e-05 389.315
-58.8185 0.0424285 4.25977 52.2729 37.9506 59.9696 6.39333 16.1278 3.36762 3.60047 8.91722 2.02155 5.67626 4.89543 9.48475 6.52758 156.611 63.7878 5.21469 9.0654 11.5001 33.383 0.506786 0.000103737 394.495
-58.9682 0.0454235 3.36586 55.1813 26.692 62.8917 2.72119 18.2388 3.95219 0.854355 7.22682 4.37166 7.0967 12.5617 8.43177 4.25047 160.25 64.4924 3.70825 12.2759 24.849 14.5318 12.6569 0.000365078 392.655
-58.6606 0.00349468 3.74082 54.8134 28.34 63.1043 2.72119 16.8457 2.95029 16.3181 5.15143 4.89164 2.61321 8.51875 15.7208 4.38856 140.082 73.2328 2.55568 7.57362 2.1678 14.5338 7.93617 7.89591e-05 389.72
-58.8882 0.0750578 3.34433 56.5575 28.34 65.6198 2.72119 15.3598 3.00309 12.5947 2.93044 5.28392 0.838047 12.1034 13.2055 8.248 142.979 73.3945 9.81293 16.6664 8.67346 3.12273 5.59907 4.29945e-05 390.584
-58.5727 0.0528275 3.28903 56.0058 27.0257 65.6198 0.0950119 4.77106 7.89427 5.24297 1.80408 3.55379 13.527 9.61927 21.1459 8.76011 155.225 54.8729 6.95595 20.7058 9.47058 33.5895 13.6708 0.000755246 405.027
-58.9529 0.024948 3.8563 58.8069 24.1292 54.9193 23.7584 12.3753 2.80833 2.38234 5.9047 6.48761 7.19986 4.2647 9.45216 3.36673 155.699 76.9349 5.50129 10.1695 3.24444 7.39452 39.0511 0.000923195 400.928
-58.8377 0.0260348 3.77957 48.9482 28.457 62.371 20.7774 4.08781 2.97313 2.8866 11.7415 8.16143 3.5151 4.49499 16.4783 6.40457 161.286 55.7864 0.46324 3.98913 5.30703 18.3142 2.8469 0.000845631 400.364
-59.1629 0.0728079 3.46589 52.6956 33.1745 44.0072 14.6963 0.762157 24.8999 8.6973 7.03937 6.22747 11.057 7.76618 8.04039 21.4327 127.33 78.7016 2.38748 3.85356 11.7618 34.6436 4.38981 0.000905458 400.868
-59.1912 0.034954 3.60388 56.859 33.2431 37.8023 22.8117 2.06833 15.6458 8.69817 2.01759 3.89302 6.57818 10.5146 3.57977 24.0843 133.508 91.5972 2.38748 14.5979 9.67374 25.8371 3.13885 0.000943331 397.506
-59.2592 0.0441513 3.46067 58.883 22.3568 45.9555 20.5959 25.0227 5.72368 1.53744 4.47664 5.22503 5.15061 11.9963 4.16163 22.7471 135.228 74.0109 7.52055 4.61883 28.2257 18.7484 7.29118 2.90363e-05 390.803
-58.9555 0.0168532 3.53768 59.3872 22.3568 57.4433 10.6119 24.5029 5.07783 0.0713394 2.35715 5.75195 3.12752 7.47753 6.87729 23.8148 138.76 75.0646 5.65779 15.266 10.7033 28.4493 3.5101 1.83645e-05 389.013
-58.8841 0.0562312 3.64048 60.5873 22.3568 62.2755 11.9938 12.7957 5.07783 7.49286 6.06749 3.78645 2.30501 8.99592 2.81609 25.4389 140.812 66.747 2.182 10.8436 37.2845 73.6855 6.5195 0.000132995 396.064
-59.0518 0.0164244 3.71334 53.9351 28.3452 58.6536 8.59229 11.849 5.07783 9.08836 1.76691 4.29592 4.08849 10.2952 4.05186 20.2841 157.342 60.5618 8.72919 10.5972 60.0168 0.329154 8.7481 6.45419e-05 397.812
-58.9232 0.0278027 3.52678 58.5293 20.3492 65.8727 8.59229 7.63713 6.09704 12.9567 1.39304 1.24165 6.47077 9.07524 6.41017 24.1002 152.287 60.5587 2.20959 0.899 12.4829 2.23052 3.78552 0.000340679 389.827
-59.0666 0.0538368 3.34304 60.6144 23.8507 57.1746 6.13101 10.3487 13.3666 12.088 1.60087 1.48398 0.635015 5.55832 10.4513 24.9037 158.659 53.9169 0.288462 12.0642 40.7776 16.3771 32.5862 0.00107502 396.964
-59.4042 0.078138 3.56639 61.5899 19.5326 56.468 5.66151 19.9551 16.7151 1.5674 8.61771 1.11646 2.58213 5.68708 6.62694 16.5708 151.937 59.0687 0.744252 19.9089 43.7376 52.3167 12.8654 0.00130174 400.981
-58.8219 0.0469126 3.64251 58.2391 22.5583 32.388 30.1117 14.6522 5.39805 7.76667 7.67136 5.09835 6.74262 4.3766 11.0502 21.1835 154.179 48.6362 0.184169 20.9823 9.41076 75.1935 33.3411 0.000400854 401.065
-58.6944 0.0190417 3.50602 41.1784 71.4057 32.388 8.54283 15.5006 8.83622 4.16575 0.384441 6.60973 5.45749 9.1674 9.76035 9.8552 159.054 39.185 10.2774 30.2089 4.77112 31.1935 38.7773 0.000207675 397.091
-58.7509 0.016581 3.58509 40.8775 72.9993 29.0845 14.26 18.3425 8.83622 3.82193 1.13303 4.90022 3.46242 3.07239 8.1449 13.8409 159.879 56.8276 0.595887 2.02222 2.13392 11.6182 22.9169 0.000295919 390.938
-58.5319 0.0373556 3.43946 36.1137 73.4089 38.8394 6.89847 22.4743 5.61411 2.75963 0.572617 4.60818 1.95924 1.217 13.0624 2.2874 165.575 67.9588 4.92834 7.09941 44.5909 3.82187 30.9698 0.000239846 397.526
-58.7624 0.0246973 3.72647 45.4319 55.5687 42.5518 11.2722 12.442 4.61808 6.19764 3.7332 4.48248 2.10609 2.89665 19.4304 3.85067 158.298 71.5171 4.21605 2.91607 27.252 22.4468 7.7775 9.85856e-05 391.423
-58.7013 0.010832 3.79697 52.5164 49.3631 43.8545 2.98365 2.73568 25.8629 6.93472 2.01855 1.46544 4.57957 3.89073 19.2822 5.92918 157.519 66.2169 7.40963 6.23648 39.4916 24.0608 14.1893 7.29123e-06 391.156
-58.8792 0.0110205 3.91563 50.5289 43.3782 43.8962 1.90295 7.17248 32.145 3.70598 0.412448 1.63597 0.736867 14.0725 21.5392 5.89982 162.891 43.3592 5.00433 6.039 35.569 55.1012 15.3264 2.9146e-06 399.613
-58.8113 0.0295591 3.88748 50.1868 41.8152 47.7247 5.4791 4.90696 23.403 4.10057 0.785024 11.6185 0.826657 6.2109 14.8249 5.93742 155.001 64.2475 7.2575 5.89841 22.0382 2.99928 27.8372 2.9146e-06 388.794
-58.7867 0.0919824 3.36063 57.0926 35.8881 44.0337 5.66124 14.6217 19.2696 15.2323 0.729248 2.50906 1.92547 0.568812 3.22304 14.8911 163.993 64.4409 12.626 6.86763 8.47381 27.8038 3.12693 0.000481273 396.231
-58.7258 0.108193 3.29574 58.6703 29.5881 51.7975 10.3236 13.3626 10.157 6.17342 4.37171 6.43834 0.435313 0.225166 9.13361 12.2023 163.888 63.3632 3.92132 7.30892 44.9349 8.18423 3.30607 0.00239917 395.751
-58.7965 0.033585 3.47024 58.9452 25.7939 51.7975 9.27159 12.3746 14.5321 8.73179 5.54731 2.55065 0.444515 8.73805 13.355 5.80842 160.008 65.5777 0.421685 6.5201 75.2928 5.42251 10.022 0.000465714 393.079
-58.8237 0.0297899 3.83247 61.2081 27.7809 50.2696 9.27159 12.7855 13.311 7.65331 3.93029 5.55285 0.7494 7.59198 13.7115 9.7958 150.012 69.5476 9.31692 6.82496 28.1088 14.9095 53.4007 0.000218989 393.567
-58.8303 0.0386759 3.51868 63.2784 33.4429 38.8782 10.1169 12.0156 15.9182 15.8232 1.04376 3.40566 1.86935 3.49053 12.2745 10.7271 150.959 65.5192 4.17107 5.72889 17.0946 12.9927 78.2569 0.000908764 396.259
-58.933 0.0275433 3.66772 68.4143 31.69 38.8782 9.51419 2.0425 21.414 13.7676 3.31017 0.223225 1.86935 0.100487 15.3607 9.93218 157.597 72.8592 4.99731 1.93902 11.3837 46.97 54.1506 0.000727036 400.556
-58.844 0.025009 3.35531 64.4168 26.742 37.7724 18.8618 3.70465 23.2912 4.64192 4.90663 0.621108 2.22563 5.8081 14.1219 7.26005 157.597 54.0576 10.427 4.36307 7.12088 28.9665 16.6558 0.00397708 397.463
-58.8921 0.0205807 3.54508 61.0331 25.2716 39.796 21.5868 2.99907 14.0736 14.9767 7.81028 0.552682 3.02224 7.97788 12.1644 8.39446 156.183 54.3463 7.83902 10.7032 36.0038 35.9936 17.4504 0.00182319 397.129
-58.8231 0.0198575 3.57104 57.9564 26.5311 46.6197 20.4922 3.75632 13.7796 6.86094 5.00755 2.10357 0.694885 7.20136 17.5278 9.44278 156.376 53.2369 15.4033 9.5506 4.60734 31.698 86.5913 0.000929535 401.021
-58.9108 0.0121638 3.49686 60.1911 30.3128 43.2539 16.6155 7.68076 15.7126 14.2811 2.10335 2.69816 4.07071 1.26999 15.9701 3.79859 164.042 51.3877 10.082 8.92151 3.72973 61.8317 28.7727 0.000102626 393.552
-59.0366 0.0420614 3.4602 55.4812 35.0682 44.7972 16.1123 4.54368 15.0946 14.4018 2.62414 0.987032 4.76826 2.47388 19.7844 3.79859 164.001 49.8398 13.1587 14.6209 30.8997 65.2374 26.0132 0.000611669 394.799
-58.812 0.0377225 3.55437 55.8287 35.0682 44.7972 16.1123 6.66287 14.8063 10.59 5.63348 1.95382 2.70688 2.98028 17.2798 8.19964 166.286 44.9692 12.2172 6.60039 19.1907 76.8693 27.7543 0.000840248 396.095
-58.7933 0.0282192 3.65099 53.1238 40.7842 40.9129 16.1123 5.84124 11.0892 13.7824 4.53554 2.26534 4.32363 2.98028 16.5844 1.36395 170.647 54.0205 7.72189 3.80236 27.5928 15.3153 14.4818 0.000110988 386.446
-58.8555 0.0181661 3.85114 51.4391 40.4844 40.9129 16.1123 6.71492 22.7665 6.45869 1.34801 1.77651 3.55615 3.24765 16.5844 1.06317 164.519 58.3014 9.22547 10.2823 14.3286 16.1548 18.5941 0.000140482 388.727
-58.7912 0.0181792 3.27802 52.8752 50.4675 28.4664 16.1123 4.7285 28.2449 5.3842 1.36044 9.32565 0.806489 9.21819 0.582467 12.4961 155.725 63.6067 6.32876 7.48383 21.7199 11.7955 1.23107 0.000502643 392.821
-58.7082 0.0340147 3.47014 49.8245 61.154 28.4664 16.1123 2.88472 22.5646 5.82261 2.24226 1.19214 3.70269 6.88569 4.9994 6.30928 159.333 76.6206 0.797233 2.02719 23.91 17.5328 14.3174 2.99221e-05 389.539
-58.958 0.0283566 3.35011 40.9721 62.9642 24.2857 19.9641 1.15579 15.7651 5.68496 3.62002 3.29757 9.01125 4.09983 5.91635 23.576 155.199 62.3493 10.5795 11.7575 23.0802 33.5407 5.49228 4.58487e-05 394.893
-58.9327 0.0449148 3.89782 46.7993 55.2037 21.3999 30.0448 1.02516 20.9298 7.69896 1.19129 2.9963 2.0595 5.88612 12.1269 19.2147 155.801 68.5864 0.460948 3.09083 25.8193 16.535 14.4458 1.81114e-05 392.946
-58.772 0.00993785 3.8369 51.6787 46.8387 12.9272 35.3344 0.843898 23.2801 16.3411 0.510833 2.6288 2.09159 8.78024 14.0931 6.89418 153.399 66.4017 1.61273 22.4849 1.29115 86.8481 14.391 1.81114e-05 396.79
-58.8557 0.0131304 3.70282 49.1519 46.8387 11.4255 45.6638 19.6959 9.17955 8.39407 3.37118 1.21548 1.82422 2.0316 23.6721 5.24312 146.23 51.6741 1.10195 23.6334 8.21512 57.4528 6.21075 0.00299345 400.343
-58.7599 0.0390159 3.40884 49.5423 46.8387 11.136 46.0229 5.33344 14.8493 11.6531 0.477462 2.20627 2.91621 2.45954 20.1227 10.1397 145.915 40.4042 18.7145 17.2438 29.8099 7.03886 27.0054 0.00325058 398.244
-59.1284 0.0359422 3.6668 51.4417 42.6705 9.4217 55.3002 4.80199 5.12223 10.9028 0.532158 2.82567 9.80607 1.80805 15.4266 13.7911 145.822 68.7745 14.9171 14.9202 82.1989 12.353 35.0489 0.000882866 402.078
-59.25 0.0394576 3.62611 56.3895 32.5137 22.5049 38.9818 10.759 2.65287 16.7126 0.857154 0.158705 11.3947 2.01195 21.879 7.1247 145.346 72.8235 23.0781 4.49127 52.52 35.346 24.724 0.0001006 401.864
-58.9314 0.0488692 3.44077 53.8424 34.4039 29.3908 38.9818 10.0545 7.51087 11.3923 0.931787 0.334013 5.46821 7.97095 9.00754 12.1091 144.904 57.6943 26.226 2.79587 16.5539 11.4221 25.544 2.11061e-05 390.019
-58.9495 0.0481946 3.43811 47.5862 41.7473 29.3908 43.5258 8.6149 5.66467 9.30553 1.54084 0.334013 4.97594 7.54681 10.5622 8.12728 144.666 32.6681 34.0365 4.36153 12.5382 9.99887 27.1502 9.3036e-06 399.01
-58.8473 0.0649281 3.55953 54.0745 33.4963 21.0398 43.3587 21.047 5.73085 2.87626 1.28598 6.25893 4.99665 11.6646 1.90101 20.235 156.201 50.4525 20.2624 7.82857 20.0739 20.8147 10.246 1.13023e-05 393.83
-58.8136 0.00633893 3.77109 52.8882 40.3026 18.6498 43.3587 19.4384 2.59249 4.23349 1.19327 7.98893 2.16015 18.1697 3.38515 21.6912 138.786 60.9379 14.7542 19.1427 24.1977 18.1111 6.66259 4.23795e-06 393.308
-58.8191 0.0173493 3.75575 56.7949 37.2612 18.9935 41.8524 10.5427 4.62351 17.5906 0.152237 6.40485 2.23231 12.5722 3.64012 22.4041 140.259 61.3309 4.96684 10.3816 9.43759 30.2541 3.68353 3.55531e-07 389.877
-59.057 0.0366424 3.67027 55.5917 39.8064 17.9841 41.0771 7.41763 6.316 17.0833 0.485678 6.57456 1.62141 6.08237 2.64839 24.4096 137.6 79.7721 2.8178 8.34482 34.1701 17.2668 4.64873 3.37254e-07 385.388
-58.9914 0.0562699 3.56489 48.6031 44.5218 17.9841 41.0771 8.4693 2.64454 17.393 1.18731 5.16776 4.73139 4.99218 5.62768 26.6591 137.6 71.2523 2.13258 3.45084 10.8014 6.14838 3.13533 3.37254e-07 384.912
-58.6226 0.0313181 3.41086 49.0423 44.5218 24.4112 32.6969 9.33609 6.77384 18.3903 1.43358 0.902449 4.77314 5.44882 3.61179 25.7436 140.34 76.3072 2.2698 5.31054 8.15954 9.10997 12.7016 1.31976e-08 379.662
-58.7744 0.0810539 3.50849 49.0423 47.3791 20.7458 32.6969 3.98966 6.15249 18.92 6.00311 0.902449 4.70601 9.42541 2.97411 30.5892 135.314 71.6904 5.97487 2.69162 22.5011 20.4229 19.6322 1.31976e-08 382.937
-58.7496 0.018899 3.57509 49.0017 44.0141 21.2671 32.6969 11.4914 3.0475 16.6778 8.45576 2.84998 5.93108 2.34181 7.63254 31.6529 131.298 73.7996 4.28287 13.0934 47.2269 8.43283 6.22972 1.35032e-06 388.189
-58.7351 0.00888209 3.70782 58.0208 44.353 23.0869 27.5779 9.37563 11.0413 16.672 7.84852 0.771818 3.48973 12.0128 6.62851 26.4703 128.265 62.3683 6.39339 4.52823 32.9925 10.6715 17.9501 1.53619e-05 392.659
-58.575 0.0514 3.41858 50.9841 47.8244 34.7078 20.8311 10.2665 8.56449 14.0614 8.0269 4.31318 0.788744 8.94284 9.40286 24.9525 124.003 76.3509 5.4771 2.37384 6.98988 11.5194 5.54229 5.00343e-06 391.674
-59.3904 0.0767169 3.46807 52.8448 45.6338 31.2629 20.8311 8.46807 2.47612 14.0614 15.999 0.228872 1.12214 7.7381 12.9024 23.7289 125.953 78.5205 4.92245 6.66916 9.76581 11.4681 3.1234 5.32501e-06 391.121
-58.5602 0.063877 3.21847 50.9794 43.6914 25.8815 25.6006 9.19527 4.53937 11.1255 26.3646 4.01506 0.892562 4.7139 2.19664 15.4056 143.606 71.2685 3.99708 15.3844 9.68217 17.8358 4.46843 1.05648e-05 393.529
-58.866 0.0799266 3.11524 52.1538 44.1634 26.833 25.6006 2.31791 5.11259 9.45137 14.4097 5.34321 3.09438 4.88725 2.19664 24.661 158.12 55.3313 3.67038 17.4309 14.7951 18.0468 6.27253 2.46225e-05 395.51
-58.7272 0.121501 3.21438 50.5734 42.037 29.9249 28.3617 2.50198 12.6371 9.9737 6.78764 0.739593 3.05597 4.83125 9.65771 20.3438 160.699 53.7452 5.33969 8.97728 17.921 39.7833 31.4519 4.05889e-05 392.456
-58.8339 0.0718471 3.21445 51.49 42.037 36.1449 21.0527 5.59109 22.331 8.25944 2.10343 0.239989 3.1179 10.7514 6.621 16.768 155.895 53.2345 8.52001 12.0912 7.07905 9.76223 24.631 0.000448096 388.604
-58.8014 0.024537 3.26018 49.4214 41.9065 36.1449 21.0527 5.66555 25.4359 5.80002 2.98342 0.99919 3.14798 9.31313 3.99847 14.1487 163.871 60.4281 7.37338 4.80801 23.5112 64.7063 14.8401 0.000834029 393.892
-58.6422 0.0168156 3.8284 47.1729 47.8963 29.1688 22.0746 8.53773 21.9311 2.04572 8.76359 1.45949 3.686 5.18511 11.9842 10.7279 158.449 57.27 5.97688 12.7274 51.1725 13.6297 21.6472 0.00245542 397.831
-58.7585 0.0165004 3.45278 48.0549 54.6259 31.894 15.3119 1.10472 17.0315 10.1937 8.10326 1.94052 8.51559 3.58429 11.2636 2.94425 158.429 66.2706 8.15918 6.65177 19.2232 34.7333 18.4925 3.4139e-05 388.85
-58.7732 0.00850593 3.38407 51.4535 38.6664 57.8373 12.3839 4.45644 0.899774 7.31252 2.19586 2.39995 13.6638 7.75579 8.24726 1.85657 156.983 77.5556 3.99745 11.7622 14.2858 21.4432 30.4647 4.04413e-05 395.341
-59.0413 0.0201168 3.3841 53.6108 38.6664 58.1947 4.83092 10.7143 3.03158 5.29428 4.13737 10.3342 6.82015 3.91793 6.88361 6.11704 157.644 78.7315 4.31964 2.49275 40.3997 3.37619 27.4338 4.98091e-05 396.069
-58.8919 0.0261328 3.36272 53.6108 38.6664 58.5423 6.40892 13.634 5.20319 8.00252 3.33834 3.16414 2.21909 7.97114 4.09998 8.92319 160.435 63.6304 5.08028 7.94401 26.4115 21.3236 89.916 7.7415e-05 390.722
-58.7908 0.0190983 3.54893 57.0582 29.583 61.9295 4.62977 17.0328 8.24812 15.2675 1.06724 0.981237 2.89552 3.07189 6.94491 7.70167 159.731 66.5679 3.05508 7.06488 25.5741 39.3667 38.1655 0.000166326 391.805
-58.7671 0.0160063 3.41846 57.3646 31.7323 54.7989 5.43186 12.1872 11.7045 12.0247 3.13838 4.98987 1.13666 3.06807 4.20996 12.9673 162.395 63.1116 5.38556 1.618 27.6942 18.5415 21.6851 0.000887649 391.214
-58.8833 0.0249489 3.79053 60.4856 31.7323 51.6562 7.77379 8.68187 15.5015 19.6616 2.51484 2.26617 5.50811 2.3593 6.13423 9.35052 159.133 51.5627 10.7735 1.59076 5.2617 9.46769 30.2226 0.000408054 393.165
-58.9722 0.0430296 3.6554 55.6867 32.3152 51.6184 7.77379 10.0055 10.872 19.7342 0.53134 1.83575 6.9663 2.53294 4.9654 11.7587 165.467 56.1982 1.89717 16.0957 26.891 17.7195 60.7896 0.000229051 393.475
-58.9822 0.0494511 3.33777 53.3196 32.3152 51.6184 7.77379 2.46165 15.7015 8.9613 4.27256 5.73201 7.00135 2.58901 3.08934 22.2223 165.467 55.0975 8.96909 16.3738 14.9061 23.8538 2.33376 0.000275982 393.993
-58.7849 0.0266564 3.34098 53.954 34.8006 51.6184 8.04214 10.3684 16.555 7.94558 4.71318 5.01882 0.596012 2.55339 2.7514 22.1646 162.282 50.7973 5.13992 5.39268 9.76448 5.2174 13.3551 8.35954e-05 385.698
-58.8878 0.0508638 3.57301 53.1887 38.4276 47.5054 9.835 10.3684 12.9302 9.58243 4.34353 6.51799 1.56941 2.26352 2.91402 22.1646 161.635 54.7213 4.16863 8.13222 32.3295 27.4417 16.1395 4.20111e-05 386.908
-58.7707 0.0256105 3.27167 52.3079 39.8918 40.4887 17.1987 15.8864 14.6935 12.4689 1.40999 2.54286 0.00971108 3.83223 2.15885 17.9427 163.259 53.7 4.12292 8.42617 48.4041 38.8647 29.5533 6.02845e-05 391.865
-58.8018 0.0780706 3.63356 50.1776 42.6877 43.7676 11.1065 17.9054 15.8299 12.63 1.78379 3.66439 3.10247 3.51519 2.15885 13.8822 160.982 51.5387 4.12292 10.006 7.95019 29.3052 24.7644 6.02845e-05 389.751
-58.7994 0.0118879 3.5891 49.5288 44.1518 43.7983 7.92569 15.771 19.6045 5.00865 2.42879 2.35052 2.58124 4.23639 0.426631 13.8822 163.458 66.8291 13.6445 3.18754 8.89841 37.5288 15.6646 4.3556e-05 388.664
-58.8034 0.022624 4.17072 48.8738 40.1655 42.1725 11.0713 15.9442 13.9758 7.05865 4.12341 2.11055 3.09693 5.98997 2.26264 34.8579 139.137 63.5619 6.47507 4.87113 20.7157 39.8191 32.746 0.000105663 395.811
-59.0062 0.0225049 3.39982 53.5545 40.1655 52.8433 7.51557 14.4271 4.12836 10.0736 7.51735 1.20832 1.24891 5.65627 0.895249 25.2359 149.004 72.3869 3.20705 21.5459 4.21571 19.5339 28.542 5.4361e-05 390.947
-59.1363 0.112646 3.26958 57.9179 35.8414 49.3983 11.3554 12.7237 7.16237 11.6558 2.44777 1.37213 3.28436 6.4228 0.529105 17.1951 156.042 51.2477 15.8354 14.7539 19.4301 16.477 34.3556 7.42979e-07 393.308
-58.9042 0.0816292 3.5386 53.9063 28.9348 57.098 7.19081 12.6048 15.8776 3.37037 10.1736 2.85178 4.19136 7.48244 1.17695 22.2434 147.528 61.999 5.96571 10.6747 20.9496 11.0259 23.4897 1.72678e-06 388.773
-58.8769 0.104923 3.214 57.0778 26.7303 50.0086 17.167 13.5285 7.35512 5.87492 9.36084 1.94991 3.91589 13.3558 3.92749 12.7384 151.294 48.3738 14.4519 18.3516 16.5158 3.72797 6.55269 1.72678e-06 388.961
-59.06 0.132524 3.23618 63.7173 17.6668 52.3752 20.4063 1.20161 21.8008 3.51424 3.89509 2.20098 8.1569 13.4686 4.11803 8.12572 144.999 78.2926 11.5197 4.98267 8.20409 25.9928 5.88819 1.59781e-07 391.044
-58.8516 0.068332 3.2043 56.51 34.3992 36.9874 22.1618 11.5518 14.1252 7.30401 3.89509 2.29643 3.13101 8.26278 3.4698 18.3982 151.871 75.0833 3.67201 0.628017 63.6739 35.4029 17.4884 1.59781e-07 387.675
-58.7717 0.0350645 3.54374 55.5239 33.228 39.277 21.7411 16.7915 13.4493 3.06023 4.50387 1.11666 4.4389 7.76565 10.5305 13.1497 146.924 65.1919 9.73996 2.10923 30.714 24.7463 29.4892 1.59781e-07 383.209
-58.6301 0.0113355 3.55347 53.3104 34.6365 43.4375 19.0967 20.9915 8.64694 7.40117 1.57718 0.707736 4.14696 6.33132 9.51878 8.06363 151.331 68.7425 13.3886 2.38838 16.616 17.1941 38.234 1.59781e-07 383.963
-59.1096 0.0275873 3.60477 53.6615 30.4878 44.4259 20.2374 19.1815 11.2157 6.60592 2.57029 3.21568 3.63368 4.41203 15.881 8.33829 149.747 68.9585 9.08216 7.24381 9.66886 14.7341 36.5431 1.59781e-07 385.401
-58.9189 0.0494748 3.3969 52.0026 37.1162 46.3576 16.3893 21.6677 2.49741 5.40861 2.99824 5.74147 1.32231 4.28533 16.4309 12.2244 149.673 72.7856 6.22097 7.08866 29.3091 19.8424 9.78114 1.59781e-07 385.131
-58.924 0.0343275 3.48831 52.786 33.1698 44.4005 23.7451 25.4908 0.324232 4.12924 6.9219 1.20573 1.88597 7.35623 15.3007 2.02893 151.259 70.4132 6.88135 7.14994 1.59695 41.1402 7.88361 1.59781e-07 383.402
-58.7368 0.0161292 3.51801 53.1179 32.2179 43.3251 27.3836 20.6604 7.70354 8.47407 1.19184 0.540471 3.21032 7.8694 5.58657 2.02893 158.132 75.0905 5.92787 7.58455 15.4758 9.21609 3.62407 1.59781e-07 382.014
-58.6671 0.00806991 3.46021 53.3107 31.1757 43.3251 23.6965 33.3323 1.51036 3.79613 6.48127 2.2699 3.27384 12.0554 5.14479 0.731401 163.12 59.6539 3.74812 7.54763 69.1066 25.614 4.0574 1.59781e-07 387.943
-58.7885 0.00151208 3.68616 61.5728 23.3171 54.8378 9.05828 34.4461 5.02529 2.27722 2.44678 1.01901 4.34504 7.22784 3.75025 12.4297 153.161 64.5875 9.46576 3.62006 46.5557 42.0453 8.15864 2.51806e-07 387.209
-58.8274 0.0435837 3.55973 57.5164 23.8501 54.8378 9.05828 22.9955 4.57381 11.1879 3.50288 0.808639 3.61499 5.16073 6.92814 20.0908 158.39 53.6372 3.22652 2.47017 13.8844 45.517 13.8727 1.21292e-05 385.898
-58.7274 0.0134394 3.70763 58.01 19.2021 54.2068 9.05828 24.7872 5.08089 10.2554 2.03267 0.674225 4.06394 30.5395 12.307 4.16825 146.253 60.3617 2.84402 9.37239 9.5218 4.37461 37.8953 7.80003e-06 392.034
-58.7968 0.0134394 4.20616 58.01 24.3654 54.2068 9.05828 24.7872 5.10983 10.9535 2.59724 1.6835 4.35307 30.5395 10.6365 4.05316 139.099 56.3504 11.3195 7.62509 9.55981 19.8332 59.9082 4.66382e-05 395.357
-59.0329 0.0343098 3.33553 64.6241 19.7349 54.2068 9.02388 34.1526 4.27296 5.83755 1.3532 2.33735 1.42839 14.0254 5.15743 12.5652 142.016 47.3294 6.89365 13.8831 7.27295 10.1618 1.70192 1.53373e-05 394.391
-58.844 0.0355077 3.70892 62.2264 20.4767 54.2068 9.02388 30.0936 6.4154 0.498542 1.84166 2.40987 3.33705 23.3539 8.30245 4.2621 134.235 70.6917 9.16541 12.6075 6.85187 9.22581 11.8438 4.22323e-06 393.577
-58.8871 0.013011 3.69045 59.446 24.881 54.2068 9.02388 30.0936 5.61756 0.498542 1.61593 1.73648 10.2723 15.4441 4.97655 1.10962 147.146 75.0395 4.00368 7.10969 17.6683 16.8031 10.1408 2.9862e-07 385.294
-58.7913 0.0215969 3.54369 65.5488 21.128 49.649 15.1552 18.9016 7.28369 0.677696 3.83136 1.09638 7.235 10.3398 8.31624 12.6885 146.752 73.7344 4.59116 3.28479 38.1746 12.7899 8.389 1.19917e-06 385.661
-58.8311 0.0250267 3.59588 65.5488 23.5468 49.649 15.8897 19.835 7.53618 3.95123 3.65916 0.19471 8.03502 9.10174 4.13001 10.3209 140.819 81.1569 4.65377 13.8382 0.685282 12.4403 11.4497 1.65586e-06 388.697
-58.7414 0.0280769 3.42721 62.5205 10.2349 62.2606 15.8897 16.7892 8.83123 1.57578 1.67768 5.12811 5.6002 5.41246 20.1706 3.63518 144.689 76.8593 5.88246 9.08587 30.3627 13.9691 22.6013 9.16322e-06 390.138
-58.9582 0.0262391 3.72709 54.6279 10.9997 63.4543 15.8897 16.7324 7.3957 3.78046 20.4058 3.42596 4.76843 5.32065 7.43946 4.79449 151.816 72.5303 0.79707 8.69666 30.836 14.5904 31.8776 4.43379e-07 390.519
-59.0322 0.0253032 3.55573 53.7652 13.1373 67.3251 15.8897 7.98928 7.19847 3.13106 25.3322 0.313421 0.774046 1.98487 4.06503 24.4102 143.852 76.2906 1.6933 15.5745 10.5345 14.9306 27.066 2.53056e-06 391.997
-58.835 0.0575733 3.4733 58.6826 18.8307 67.7692 14.1015 2.60496 8.48926 4.34368 14.4501 0.198584 2.61853 6.30503 3.35094 17.9243 170.502 43.7198 8.78906 3.16424 4.44139 13.885 27.9769 8.86433e-07 391.657
-58.6894 0.0151805 3.48571 57.3631 20.1596 67.7692 23.2032 2.60496 6.37778 8.33607 5.41925 0.606772 1.63077 9.44856 1.53833 13.4266 162.342 61.6422 4.78098 4.7862 13.0906 61.5745 37.2072 7.28859e-07 391.966
-58.8408 0.072654 3.3602 56.8184 20.1596 66.6246 23.2032 6.25382 6.13599 11.8672 4.53215 1.48003 0.592018 8.54158 6.2469 1.51791 159.714 69.5108 9.53393 2.2738 6.04545 18.8174 9.64913 1.33021e-06 389.887
-58.8631 0.0532909 3.50606 58.6486 29.4434 45.6882 18.3235 13.7223 2.2015 10.3916 11.1598 3.99612 3.08394 6.0112 9.60209 7.84315 153.425 66.7496 9.73078 1.74741 24.7699 12.1628 30.9218 1.49514e-06 385.371
-58.7309 0.0387854 3.49902 58.1006 29.4434 45.9396 18.5399 15.6671 6.68401 14.7287 8.75562 2.35472 1.59102 1.4713 5.32754 9.22057 153.597 71.7099 7.98574 2.8827 12.3816 6.75712 10.4235 9.74838e-09 379.571
-58.7369 0.0419147 3.45049 58.1006 28.6873 45.9396 18.869 22.7736 3.51503 5.43922 7.26754 2.24575 2.62301 1.44707 9.58167 9.84151 150.757 75.5324 4.30679 1.83018 15.8201 8.90235 13.0614 9.74838e-09 380.792
-58.9043 0.0177363 3.526 55.3193 32.4716 40.0158 18.869 25.1178 4.2908 5.86962 5.71326 3.76644 2.81021 7.05465 8.85534 11.8852 150.402 71.4838 4.97246 9.37789 55.6392 4.07084 1.55704 9.74838e-09 382.06
-59.0509 0.047872 3.38826 52.578 35.6407 46.6603 26.2239 13.1027 3.39096 2.71323 8.08919 4.47621 4.80444 13.788 1.55166 9.81631 155.273 65.8494 3.78188 3.31169 35.7922 13.7499 21.4575 9.74838e-09 384.556
-58.7522 0.0234737 3.75836 59.9992 15.608 56.4846 19.7914 8.74526 10.7714 6.82975 16.8742 2.05611 3.86415 14.3281 3.51037 10.2198 150.582 63.7993 17.4729 1.47522 27.635 41.0681 1.22104 9.74838e-09 389.754
-58.8271 0.0264658 3.39678 67.7912 13.116 56.4846 17.3057 3.56867 12.2372 6.38153 19.549 1.79207 3.68772 9.29471 8.37711 10.0498 149.474 56.631 6.16369 0.857052 48.9548 40.5161 91.1068 8.18992e-08 396.487
-58.8744 0.0131509 3.46369 56.6461 22.9927 58.9791 16.4407 3.24247 1.78476 3.02444 17.657 1.88094 4.21462 11.8038 5.82458 9.2642 156.311 68.1443 7.60747 9.21642 15.3821 32.7233 41.6339 1.48276e-07 389.112
-58.8799 0.0261683 3.47043 59.4971 22.8469 60.7443 16.3558 3.09636 5.52495 3.66292 14.2433 6.12016 2.50108 15.9891 5.46526 5.18397 153.155 65.4246 1.90924 7.46591 84.6476 24.5943 30.0396 1.48276e-07 390.437
-58.7973 0.0317635 3.42613 60.2916 21.3254 54.4157 8.39117 4.15446 5.42836 11.8001 15.1232 5.70776 1.00268 15.3935 12.2934 5.18397 151.804 66.0068 15.0799 2.7955 35.1934 7.58459 26.4909 1.72316e-06 388.989
-58.9558 0.0548259 3.92374 59.3524 20.9004 58.8114 8.39117 2.5533 9.72737 10.5171 18.0298 4.39796 1.26105 9.9445 10.8708 5.18397 151.543 66.0068 9.68633 2.88574 52.3581 9.95407 6.48727 1.43666e-05 392.323
-58.8958 0.0659632 3.36298 57.0561 23.8522 58.8765 8.39117 0.817347 6.60049 13.7747 12.0642 8.78331 1.47317 6.78127 9.04432 12.4757 149.817 72.1512 8.68412 9.33684 30.287 24.4839 56.4418 2.87022e-06 392.317
-59.0149 0.0340488 3.69942 58.7283 19.4743 58.8765 12.7307 2.27541 0.230955 10.7598 13.1084 5.58212 3.49278 15.3807 9.05993 4.79626 158.7 74.7151 6.83745 15.639 33.6482 28.8739 73.6271 4.22053e-07 396.952
-58.9088 0.028775 4.09721 63.1387 20.0728 47.4392 21.4922 4.41446 4.83665 11.7562 8.05278 5.51733 7.19039 9.57711 7.43678 4.84435 168.228 57.8518 5.78454 4.03018 34.3362 7.34545 12.5524 4.22053e-07 389.523
-58.9341 0.0412141 3.82969 65.4089 17.0276 57.0502 4.20818 1.96272 4.82892 12.7079 21.6303 2.64484 4.36765 4.98018 17.1783 5.51028 152.238 69.4671 3.63453 8.02123 18.2579 32.44 17.2613 4.22053e-07 390.143
-58.7753 0.000246717 3.53849 67.8955 13.5972 57.3935 4.20818 6.45294 4.82892 7.51419 7.82622 6.2021 9.04476 5.43074 32.0695 3.08254 162.391 56.0405 7.48106 7.71408 14.5603 10.4487 17.3297 4.22053e-07 398.142
-58.9392 0.0123466 3.64076 65.5701 4.58828 63.8233 16.0761 7.49167 1.57681 11.9315 5.04243 7.21118 15.3071 2.41365 16.6733 0.310654 162.391 56.4221 7.0218 5.9424 18.5367 18.9899 19.2889 4.22053e-07 391.621
-58.8374 0.110662 3.40455 65.3806 18.1435 56.6518 6.44412 8.19411 9.32853 9.53354 4.51145 5.86482 10.7903 0.769187 13.0397 12.1511 151.963 68.4809 6.88374 4.16978 13.8911 4.52747 14.098 4.22053e-07 389.878
-58.8761 0.0467985 3.32808 64.0999 4.28954 35.898 55.5183 8.13142 2.78111 5.85695 4.8372 8.53642 1.38802 1.95925 20.905 12.6091 142.674 66.4444 10.0985 4.38847 13.1103 73.0044 10.9876 4.22053e-07 391.702
-58.5962 0.0121776 3.60778 63.4694 4.36531 30.342 55.5183 6.88237 1.86917 6.33313 2.30951 15.9747 1.85279 3.21876 20.905 9.37281 150.975 66.0528 7.13617 4.10728 5.29523 54.1676 12.7605 4.22053e-07 390.384
-58.9928 0.0298953 3.3902 66.1256 4.36531 29.1456 60.8427 9.57553 4.4031 9.02947 1.99014 7.29731 4.83679 3.21876 13.2327 10.7098 146.316 67.6438 8.22423 1.38569 10.4642 48.2758 33.9051 6.34082e-05 391.497
-58.7373 0.0214166 3.44518 66.0748 4.36531 27.8424 58.9607 20.3986 2.65065 6.45949 2.89095 0.513631 0.630087 1.585 13.8302 20.4572 146.316 66.4297 5.22523 7.10646 21.4855 38.9822 35.0869 0.000250311 390.248
-59.0475 0.0437344 3.39778 64.3721 13.5035 20.6396 58.9607 13.8729 2.14322 11.6299 6.09372 2.8003 4.02023 1.03067 15.057 7.44619 151.183 63.7008 9.5408 1.89514 25.4271 52.345 11.0673 0.00169066 395.299
-58.9555 0.0498561 3.26803 62.7477 17.3785 19.0724 60.9505 12.526 6.23931 2.39971 7.20936 2.06039 4.4631 9.34428 12.4116 4.58909 152.79 59.3443 11.7275 1.89514 15.7173 17.9447 25.0452 0.00103807 395.556
-58.9607 0.0405176 3.54352 69.0751 15.6455 17.7651 49.7894 18.3825 1.25633 5.86869 7.16706 7.6135 4.17325 13.4868 5.46242 4.391 163.789 60.7403 14.8439 1.98544 20.7553 7.69879 6.58304 0.000966756 394.841
-58.9836 0.0228685 3.46658 69.5604 15.6455 18.1722 42.9435 9.48293 12.1914 10.4315 3.24242 3.93673 7.15512 2.56089 17.1427 9.73738 148.74 68.4085 5.98655 4.08476 2.8652 12.3223 19.972 0.000138693 390.612
-59.0001 0.0122039 4.19943 69.5604 12.5636 18.5357 43.2872 12.1595 15.7927 14.0714 5.4461 2.17211 7.92531 2.56089 9.31167 8.99696 148.145 69.0306 6.07341 5.45964 27.2477 17.0371 8.15422 0.000125192 395.724
-58.7976 0.0214679 3.50752 71.8387 14.5317 21.4082 41.9104 19.8003 18.7838 0.263639 0.0579983 4.27363 0.773043 5.3172 1.97284 13.1044 157.52 69.2107 6.18824 9.64313 28.4684 54.5417 2.48115 0.000139961 395.808
-58.7298 0.0342821 3.86431 73.2477 14.3752 13.2071 44.9066 19.2322 13.4627 1.93924 1.62517 1.68805 4.1404 16.9511 1.75674 14.348 153.147 63.7786 15.9123 8.12636 40.1375 9.28238 8.52392 0.000222927 400.423
-58.7551 0.00199842 3.70975 65.4366 25.4437 20.0889 40.1427 9.99216 11.5474 7.23424 12.8701 2.22311 2.01485 9.1744 1.72294 13.3915 161.961 53.2349 23.5648 1.18921 13.7697 2.3153 5.45384 1.34045e-06 386.648
-58.8127 0.00160698 3.69515 65.4366 25.7239 20.9964 37.4421 18.1651 7.18117 7.74297 11.5008 0.698937 7.76732 8.19084 1.50464 11.1454 157.886 55.7006 19.3828 7.19625 10.9394 18.2308 3.21039 9.40506e-06 391.92
-58.6976 0.00373935 3.65148 64.5552 22.6322 13.5256 48.3216 10.4376 3.20311 11.8144 11.8069 1.67397 2.33021 15.1519 1.14387 14.1423 150.264 72.8118 4.08463 5.19108 12.4529 40.379 20.5993 0.000232003 393.636
-58.9294 0.00800662 3.44071 61.08 20.2077 19.1654 46.4557 6.29725 11.5709 22.1882 10.1841 0.372867 0.736935 9.01298 1.5971 19.884 137.906 72.8118 12.3401 0.459944 35.9926 36.3389 28.8569 5.18173e-05 395.569
-58.7298 0.00359602 3.41638 60.0815 24.9361 21.7138 49.387 9.34415 11.6262 8.44109 1.57382 0.748981 2.9644 4.09059 6.16313 19.6994 147.226 82.6794 0.260837 0.885666 28.6627 31.4347 45.4534 1.62831e-05 389.639
-58.6643 0.0689073 3.64873 60.0815 21.3748 24.1223 50.4123 8.83806 10.5851 7.28226 2.67179 0.350938 3.24885 2.68714 13.5109 21.6213 139.714 79.7093 0.260837 4.53394 11.3049 6.02213 25.7413 1.94506e-06 388.429
-58.695 0.0235591 3.44357 65.5014 15.755 24.8822 50.0372 19.9307 11.222 0.809819 1.08518 1.82063 2.0165 3.48541 13.3673 12.2999 146.158 71.9379 9.53347 5.34987 6.15912 21.3813 46.8649 1.94506e-06 386.608
-59.0675 0.0531911 3.25932 65.7721 6.00777 36.62 45.3171 16.29 8.72184 9.03511 1.08518 0.435893 1.20506 4.19506 13.1933 10.009 149.719 70.3316 6.6289 9.62357 1.7204 16.329 3.10172 1.94506e-06 386.124
-58.611 0.00334596 3.47919 65.2538 1.22592 38.9996 47.965 13.6547 11.2938 4.96617 1.08518 1.5292 3.23845 7.85457 2.99713 11.6789 166.488 61.182 3.66348 10.4774 38.3169 26.259 28.8404 1.94506e-06 390.28
-58.9179 0.0159714 3.62271 65.2538 2.89299 38.9996 43.185 12.4849 12.1314 4.72804 5.18602 1.44309 0.115114 10.1078 8.16187 14.2728 164.411 46.7505 11.4783 20.2691 61.9068 30.645 107.282 1.94506e-06 398.325
-58.9653 0.0285105 3.52858 62.2061 19.9966 33.2031 33.8221 6.63111 17.6309 6.02357 12.3278 1.03157 6.16247 2.45005 1.94813 7.49939 162.425 70.6275 11.8067 18.3354 26.5586 31.249 59.8969 4.9231e-05 397.554
-58.8573 0.0786021 3.37799 56.1509 24.1296 34.2617 38.9018 3.48948 5.88006 15.5771 9.6654 4.2678 3.71871 3.25077 1.58139 18.4469 151.941 69.8364 2.93578 18.6334 7.72387 31.6456 35.6836 2.87333e-05 391.847
-58.9449 0.0315404 3.72488 58.0413 24.9374 32.7541 38.6884 2.51592 4.86547 20.7623 10.0133 2.54686 1.56364 5.95886 6.48861 15.8237 152.806 61.4875 2.74865 18.1688 32.3179 30.5758 10.3168 0.000288034 391.411
-58.8518 0.0284277 3.39178 57.0133 30.6063 36.4522 21.9723 18.7618 5.1828 7.69079 7.70915 7.01889 6.35211 4.46653 7.56646 9.82012 162.869 58.9705 2.65733 7.22002 36.7475 30.4284 7.11892 0.000441383 393.307
-58.8952 0.0448078 3.42072 56.2252 28.6871 40.2201 22.83 23.8485 7.43569 4.09757 4.76178 0.712574 3.11065 0.5803 13.6124 17.0632 150.323 66.4935 8.66056 7.22077 14.796 9.67928 17.3455 3.48453e-07 380.799
-58.9431 0.0546854 3.54465 56.9934 28.7498 42.9907 22.92 8.79446 9.37243 16.6102 1.72981 3.85256 1.08272 3.11071 8.78008 23.1543 141.797 71.6857 2.97668 4.84686 16.4851 26.8746 36.0386 3.48453e-07 381.887
-58.8161 0.0242125 3.60683 63.3846 19.5804 45.9135 27.1377 16.4337 6.21259 12.8103 0.271683 3.92537 0.304728 7.74894 8.19823 22.3567 146.985 63.5095 2.8916 2.7672 10.5887 10.8936 2.07705 3.48453e-07 386.2
-59.0918 0.0374932 3.58649 59.958 21.542 43.7343 25.7003 13.5652 7.78331 13.1886 0.526283 3.21858 1.55524 2.08988 5.10804 24.4588 145.299 73.7191 6.11534 5.16238 25.605 14.9335 18.4196 1.56833e-06 382.596
-58.8082 0.00744471 3.53596 62.1272 15.4787 43.9683 25.7003 4.22983 18.5439 9.81649 1.63815 8.18887 1.58115 6.87846 4.04531 24.4588 147.049 74.1081 9.61995 5.29756 2.127 9.54046 19.2742 1.56833e-06 385.543
-58.7826 0.0153744 3.53707 62.1272 12.4677 57.9889 18.7628 9.17467 9.32514 9.44384 5.61963 8.18887 1.52406 4.88818 2.63516 27.9489 141.01 70.7937 7.38766 5.60734 2.78974 25.2943 21.1296 9.08573e-06 385.43
-59.0339 0.010977 3.51855 68.3636 1.36111 77.5094 14.7394 14.033 9.13133 1.2731 4.61076 10.7233 1.5058 1.51024 0.776296 20.49 143.126 72.0106 7.81424 2.23941 1.89833 39.5033 16.6052 9.08573e-06 395.358
-59.02 0.0461398 3.46493 65.9051 1.36111 77.5548 16.9317 14.7689 1.6311 6.2 3.58349 8.99477 0.542492 6.78871 1.67757 18.7112 143.126 76.5674 13.9477 7.22604 17.4399 14.7429 18.346 9.08573e-06 392.444
-58.8481 0.0239058 3.50192 62.7076 6.04622 77.5548 11.9358 17.9636 3.50645 4.1838 2.33337 10.347 0.761861 2.83342 7.3146 25.9322 137.074 73.7382 0.690806 15.2375 2.0964 6.67796 5.43375 9.08573e-06 390.587
-58.9032 0.0112289 3.24879 64.0396 7.97894 72.2502 6.53884 7.23708 9.96223 12.5167 3.36338 5.85718 0.187365 7.30496 4.88527 44.8576 130.473 61.377 4.51654 4.40396 3.93937 27.9385 27.7619 5.88738e-06 394.156
-58.8327 0.0195624 3.39715 65.2515 7.97894 71.2406 6.53884 9.14825 14.2887 15.8792 5.66056 10.3565 0.187365 9.87135 4.88527 28.6974 127.662 55.986 1.42213 3.10762 56.7907 3.4254 0.149082 5.88738e-06 396.509
-58.6236 0.019643 3.39824 65.2515 6.70265 71.2406 7.0665 9.01823 14.2887 16.8364 5.02219 10.32 0.150874 1.93917 4.88527 34.0246 131.109 56.6351 4.80707 15.6064 49.8069 15.266 6.23056 5.88738e-06 397.661
-58.79 0.000315367 3.38002 66.4682 10.2822 69.4935 7.0665 7.35914 15.8995 7.07594 4.95813 2.60522 2.04191 12.6198 1.51693 28.2673 128.769 74.4849 5.00488 19.0367 33.2274 4.29636 10.2572 5.88738e-06 391.617
-58.7394 0.0162754 3.54564 65.2131 8.42381 64.52 8.20752 6.12713 24.2665 6.19166 4.80321 2.17587 0.569854 11.6456 1.51693 27.2909 139.393 67.0861 2.16791 7.59209 24.7172 11.3105 69.3117 3.49459e-05 390.9
-59.0837 0.0390996 3.44398 64.5283 14.5837 65.6133 6.2371 11.9934 19.5458 0.730335 4.64463 3.46354 0.281903 1.84526 3.55165 26.6608 148.852 65.5722 3.41041 9.07082 5.297 12.8234 90.6151 3.46009e-05 391.307
-58.7601 0.027696 3.34563 67.0135 14.5837 13.4409 63.9391 6.5241 15.753 0.303068 12.4944 3.57271 0.849964 13.8754 3.55165 15.721 136.062 76.4551 10.3058 1.4071 25.7561 15.9066 27.7275 3.46009e-05 392.884
-58.9682 0.0227528 3.34503 60.198 20.0603 13.4409 62.0683 7.17807 6.00645 11.2448 10.1371 4.41288 5.70387 15.2733 7.21124 18.7684 132.693 70.6042 3.09054 3.11643 25.3655 24.3967 30.5997 0.000181878 396.502
-58.8506 0.0410476 3.49759 60.3283 23.5693 19.2718 50.2484 2.79772 0.327754 12.8291 12.7529 4.5789 5.25149 14.4349 4.41246 11.2017 149.802 74.2573 2.31847 12.7501 38.594 21.2491 49.5256 0.000196805 396.442
-58.9559 0.0654491 3.49932 60.0104 21.3203 20.7052 50.2484 3.73548 11.8896 8.07303 8.2138 4.42737 4.91497 16.0681 10.068 3.98679 146.11 78.0471 4.42106 3.8989 13.4463 49.6404 11.3864 0.000269971 396.172
-59.1454 0.0674355 3.54939 55.8973 28.1339 24.3876 50.4998 1.86912 12.7388 8.56297 3.07673 5.79228 1.73454 15.3332 9.54951 1.08138 152.621 68.7758 5.37633 4.71472 18.8854 59.3167 19.7442 7.19642e-05 392.093
-58.8509 0.0349336 3.51941 54.7595 30.63 22.3068 49.8245 2.30561 8.24842 10.598 6.40182 6.95287 1.73454 2.7487 4.83467 17.2188 155.298 54.138 20.7119 2.3597 17.5081 44.5704 28.3865 1.97975e-06 390.765
-58.8438 0.0282381 3.62518 55.5286 33.9757 15.4367 49.8245 3.86945 11.5876 10.6653 9.43584 3.61828 1.63532 2.69945 5.64164 14.3004 162.96 54.3488 12.4389 5.27672 14.2655 47.3472 25.3117 1.97975e-06 385.987
-59.121 0.0323908 3.34333 56.3798 23.8708 15.4614 59.1005 3.6347 17.6 9.2799 2.15787 4.23423 1.62008 1.77604 6.21308 17.5895 163.409 56.9245 3.59585 4.2826 13.7264 33.9402 1.64752 1.21391e-06 385.907
-58.9229 0.0119474 3.49875 56.3798 25.9734 15.48 59.1005 3.74537 17.6 9.5469 1.35441 2.13872 1.57819 1.22656 9.08518 14.7872 154.776 64.761 4.71836 9.02121 29.4511 32.6123 5.05829 1.90877e-05 385.127
-58.9083 0.0262021 3.34446 59.617 25.9734 14.1475 59.1005 3.63755 16.6765 12.7864 0.430095 2.13872 0.6979 2.00824 13.6157 9.978 160.549 58.0751 2.08269 14.3204 29.3708 26.9312 7.17165 1.78612e-05 388.208
-58.7248 0.0708386 3.33466 60.0761 25.9734 20.9412 45.047 4.19391 7.82699 19.5565 0.571994 0.0397796 6.1085 2.00824 11.1164 14.2875 155.564 65.9758 11.4728 1.73041 10.8956 71.3263 4.45178 6.75209e-06 391.598
-58.7566 0.0324567 3.45975 58.4629 35.3933 10.0068 47.2331 1.96653 16.7875 17.3861 3.36745 0.0397796 3.73858 3.34315 19.5676 8.21371 156.728 54.1858 14.6197 13.1851 7.87357 41.1305 23.9253 1.04804e-06 392.376
-58.92 0.0783468 3.40856 59.4633 37.2925 0.810482 49.3492 3.40179 17.8514 17.724 2.82885 2.59575 3.21611 4.13073 13.6769 2.62884 169.084 50.9516 11.4072 9.70546 9.87078 29.8517 4.76722 3.28929e-05 392.171
-58.9257 0.0366183 3.41732 55.2538 38.4521 7.9269 49.3492 4.29663 25.006 4.19427 2.84695 4.26672 0.403626 1.76609 12.9893 22.2468 152.448 61.9264 8.02123 7.68909 12.3644 22.4124 26.679 7.14613e-06 386.075
-58.736 0.0774316 3.49568 58.9383 35.0042 7.9269 47.9477 7.22089 27.8637 0.842608 2.17769 3.50765 1.91111 9.5845 2.85232 17.0375 152.807 69.3325 5.96594 3.79695 7.62523 5.7253 3.68107 5.7173e-06 388.966
-58.9612 0.0754533 3.58383 51.395 43.0491 12.478 48.9225 7.67478 18.1943 3.15764 2.10508 3.26818 4.27903 9.5845 2.05682 17.8405 150.111 61.757 1.16626 13.743 4.29593 7.9491 3.82145 4.28217e-06 386.036
-58.909 0.0643814 3.75727 52.8719 36.944 8.39943 58.582 6.96917 19.788 6.80946 3.50092 5.00198 3.69588 9.16587 5.88725 9.0245 145.78 65.8464 2.23775 9.20011 14.0979 2.37777 0.384623 2.98126e-06 387.749
-58.6855 0.0099653 3.63697 55.6373 31.2057 10.2546 48.7736 8.37436 18.3808 8.34531 5.95033 5.88632 2.83635 12.1638 8.54138 2.58257 147.424 80.3626 6.49658 8.66151 27.8313 19.329 13.049 2.62616e-06 388.321
-58.7952 0.00746758 3.44328 56.8129 35.2451 16.4212 43.6335 12.9851 18.1788 7.58954 2.1942 2.40366 0.228647 3.33851 8.16099 8.67486 144.734 82.1757 3.09212 3.52009 25.5203 14.434 2.01012 3.69533e-07 384.789
-58.8219 0.0154667 3.27499 54.4978 30.3246 15.8555 49.8943 10.6609 18.1738 6.21812 2.52127 4.55976 0.163271 11.0573 10.4826 8.67486 140.19 88.5225 1.14798 1.57939 56.0045 20.1812 23.0087 1.27707e-06 388.229
-58.8291 0.0119354 3.67656 58.8845 33.5579 11.3202 45.5486 9.21271 19.2533 9.36551 7.85004 0.47473 0.48529 4.14948 16.0506 12.8338 139.3 71.6384 5.01516 3.604 33.7675 17.6443 5.06875 4.6327e-06 387.722
-58.8877 0.0288828 3.38608 61.9758 31.7256 10.8695 46.6195 6.43869 13.6176 5.12134 6.89879 1.82704 3.77651 3.74483 21.4461 19.5233 136.794 75.0478 0.559279 19.3933 33.4575 21.887 12.3741 2.70848e-06 393.911
-58.8095 0.0385259 3.41409 63.1301 31.0616 6.32597 52.231 15.9594 9.27181 2.16322 7.54231 1.39953 3.24445 3.52945 18.8826 39.3521 113.159 66.0919 1.61731 8.81593 16.4421 27.2994 18.8639 4.01487e-07 392.233
-58.7993 0.00384989 3.72113 61.8718 37.6929 4.27774 43.4309 5.30284 9.4614 21.6104 8.13948 8.64624 0.9897 5.08775 2.21997 44.9246 116.6 74.954 2.16162 7.15821 14.0361 11.5873 16.5031 1.39848e-06 397.006
-59.1064 0.0487513 3.54923 59.4366 44.8172 1.42699 46.4412 3.11414 6.51284 19.5213 3.78879 3.1872 2.48533 0.375742 6.16571 46.634 118.443 76.1443 1.1738 12.7956 6.56537 2.74007 46.1493 1.39881e-06 397.015
-58.8253 0.0575759 3.58592 51.9167 44.8172 3.48522 50.8693 10.8971 8.08852 19.7856 2.81324 1.81235 2.48981 7.97938 5.86918 46.634 118.443 62.1847 9.05153 4.9737 5.52727 9.13755 11.7096 2.58493e-07 385.24
-58.7654 0.0400667 3.40059 54.9443 34.5662 6.58369 54.6599 7.23591 7.08784 24.0486 3.21102 1.5558 8.7117 4.09082 4.25263 46.9993 104.756 65.0092 7.73321 11.8221 11.301 19.4002 19.3576 2.58493e-07 391.747
-58.7395 0.00136644 3.75226 50.665 35.6545 10.4375 57.9131 6.91206 1.90024 25.8927 4.11957 3.45551 4.92184 1.84186 6.45575 46.8414 104.756 65.7388 22.2287 12.9091 36.0581 23.1804 10.5276 2.58493e-07 395.211
-58.806 0.023189 3.65539 54.221 35.478 17.282 49.2277 2.3179 1.45903 27.4953 7.22956 5.84534 2.50903 1.87972 3.9468 45.7624 115.341 53.578 11.8015 10.767 1.3259 18.366 9.77913 2.58493e-07 394.152
-58.8687 0.0290166 3.75367 54.221 30.0702 12.1842 63.2948 5.23775 1.97917 16.6178 11.1852 4.6396 3.28355 1.73765 3.7336 44.9474 122.821 47.2726 19.3917 6.66276 49.0401 19.7158 12.6982 5.90093e-08 394.388
-58.7717 0.0579347 3.67481 60.3976 30.0702 14.1941 64.9014 0.29482 1.8059 15.2678 6.33612 0.568478 0.806443 2.52027 3.07579 45.6166 113.866 82.515 17.3461 1.70453 20.9829 43.3687 12.8148 5.90093e-08 398.556
-59.0711 0.00992912 3.45472 56.8873 25.8475 7.14801 57.3551 0.21591 15.1866 3.95466 25.0754 4.86294 2.53194 1.41676 2.58091 58.0709 101.623 78.8585 9.09847 14.1716 9.37299 7.78978 13.458 5.90093e-08 400.925
-59.0742 0.0290672 3.61219 57.6953 19.3394 12.7761 63.0792 6.3574 23.0868 3.42074 2.28802 3.11247 1.75169 2.86944 2.62973 52.3351 126.948 46.5501 24.0794 6.49053 28.1657 30.6154 1.88432 5.90093e-08 391.414
-59.0058 0.0154056 3.74714 57.715 19.5304 12.0158 62.1588 5.41638 23.0868 5.60915 0.99926 2.89416 1.99994 5.44861 2.87472 39.7158 131.212 57.9427 18.5356 3.00469 20.3844 1.25537 24.9031 5.90093e-08 388.799
-58.8972 0.0240177 3.37644 57.715 19.5304 16.7367 62.1588 6.54334 15.7985 7.00831 0.145007 2.34418 2.29929 6.11375 2.87472 37.5602 130.396 71.5922 12.1547 3.35225 28.2911 48.251 35.8799 5.90093e-08 388.255
-58.7491 0.129598 3.13164 62.0433 19.5304 11.3649 62.1588 5.23833 16.3274 7.7148 0.859824 2.68849 2.33094 6.08573 4.12312 37.5602 131.969 70.9432 8.06099 5.83452 5.25817 39.5187 47.4791 5.90093e-08 389.129
-58.8197 0.113055 3.11198 66.4063 19.5304 9.25179 62.1588 0.20127 16.6902 6.22413 7.50859 2.94413 1.99144 5.25378 2.4467 37.5602 141.459 60.9034 11.5887 1.27674 8.37487 27.5263 28.7218 1.30603e-06 392.024
-58.9708 0.0721979 3.33681 63.4358 13.0604 18.7646 60.9673 0.20127 13.9174 9.87772 10.1517 4.98582 1.97052 4.88892 2.66971 29.6723 136.486 69.961 5.57778 2.71879 13.7685 6.31023 46.7827 3.23062e-06 389.488
-58.9929 0.0631337 3.24648 63.4358 13.0604 25.7277 54.1648 0.975493 13.686 9.87772 6.60197 1.09643 0.0416426 8.74353 8.86215 30.2053 134.836 68.2812 9.4561 0.771609 25.7014 5.66 11.2312 3.57948e-05 390.147
-58.8394 0.0398523 3.45899 63.4358 13.0604 23.8347 54.1648 9.17158 12.1699 6.21224 5.57008 2.80977 0.783319 0.585391 8.97363 30.2053 136.12 74.4913 18.6933 1.87239 22.6476 16.6659 17.0331 0.000251832 389.437
-59.1372 0.0188141 3.79308 63.4358 13.0604 23.8347 54.1648 9.27508 13.481 3.70991 4.92792 0.528916 2.19686 11.0386 13.0363 21.6116 131.707 75.3724 11.8703 6.82677 24.2912 26.8658 22.556 0.00173115 400.089
-59.2468 0.0597769 3.21895 64.6499 13.0604 20.6173 57.9485 15.0734 12.5608 2.85512 4.35228 1.14338 1.00168 8.75861 11.2377 18.5882 137.479 73.5003 7.19201 6.29776 17.5207 45.1763 21.8347 0.000264957 394.009
-58.943 0.0732743 3.39388 64.6499 14.8939 18.6266 57.9885 14.2581 10.0882 1.17173 4.9453 1.488 2.95192 2.54119 12.5951 17.7217 151.234 67.0599 5.11559 4.50514 2.92015 56.3557 17.1958 0.000163502 392.149
-58.828 0.0664299 3.43225 64.9074 28.9079 16.01 46.7193 16.4376 8.46191 1.51366 6.21419 0.591192 1.76166 3.07456 4.84537 20.0171 151.369 72.1197 6.44719 11.7096 3.12217 56.254 7.19127 3.41584e-05 390.942
-58.7325 0.0656491 3.5075 64.9074 28.9079 15.1077 45.9038 18.9682 1.23692 5.52613 2.03697 6.90648 1.68587 3.69469 6.14888 15.3276 151.537 66.3372 6.5535 14.9571 42.4464 57.7987 4.76389 1.08879e-05 397.766
-59.0955 0.147971 3.49969 61.4602 23.5935 22.4271 52.2154 13.3761 8.68017 5.49015 6.89278 1.22419 0.146108 8.66084 1.4622 9.98362 154.855 72.1856 3.79965 12.6499 24.4788 32.9528 33.8622 0.000863001 400.336
-58.8716 0.0421104 3.38898 63.6152 11.686 37.4189 52.2154 2.87543 14.3095 5.55549 6.96078 0.954204 1.75009 4.59458 16.6328 6.44821 148.591 64.8113 5.48928 5.53264 44.6546 12.9193 32.4287 0.00029737 392.885
-58.8999 0.0817149 3.4596 62.5683 8.2914 26.6637 59.2962 10.8759 7.48646 5.73735 4.35491 1.57543 4.41059 2.65999 23.4266 2.46879 155.6 63.0272 2.36486 9.7619 46.7326 26.3263 5.97576 3.74948e-05 390.511
-58.9333 0.0842772 4.01581 62.6432 8.2914 22.9035 58.33 1.6552 20.4914 7.72828 4.44806 2.01214 3.24341 12.6901 10.5056 7.21344 155.772 57.7797 5.75207 12.3192 3.33746 21.314 24.6022 2.73563e-05 392.392
-58.9658 0.0447335 3.3167 62.6432 8.2914 22.3087 58.33 6.82179 19.6666 6.92922 4.37738 4.95266 7.2411 8.53915 5.40138 5.53251 166.294 54.3358 8.65387 8.99801 4.63339 15.8032 28.0504 9.73626e-06 393.083
-59.336 0.102376 3.30787 69.3864 5.77907 17.8186 63.2104 13.6731 21.273 1.36124 4.9591 5.47576 3.50901 8.63059 4.76453 3.13718 157.743 54.1623 6.56503 13.1617 11.7573 9.22578 5.06409 1.28214e-05 396.697
-59.3528 0.0883208 3.17272 67.4469 5.77907 19.3856 63.2104 8.92267 19.7303 1.36124 4.32713 4.34229 0.140154 8.63059 9.41819 7.66698 146.701 61.0368 8.57854 13.1717 5.02161 15.5514 18.8204 2.92789e-06 394.106
-59.152 0.0376978 3.80878 67.4469 5.77907 20.6325 63.3747 9.45678 17.4376 1.60014 5.8971 0.465784 0.438579 9.43211 7.93734 15.6472 142.519 72.1431 10.2863 13.1952 26.775 17.4326 29.9809 2.92789e-06 390.375
-58.8544 0.0208026 3.69511 67.4469 5.01094 18.6027 63.3747 9.45678 17.704 1.71704 4.36954 1.3043 2.91417 10.4836 5.13008 17.9065 142.491 59.572 13.2982 13.1376 11.706 52.1153 22.8255 3.35188e-07 386.74
-58.8764 0.0174446 3.23767 67.8806 5.01094 21.0292 64.8361 11.5957 11.7204 4.25737 2.98815 2.31093 1.44627 8.45346 4.81411 17.7737 142.577 58.1457 12.0275 13.3468 17.3152 17.9682 38.8608 4.65336e-06 389.798
-58.7483 0.138575 3.34735 66.9516 5.01094 24.0866 64.8361 10.8962 11.3579 5.47703 2.98815 0.682571 1.861 11.2318 4.06885 16.9001 142.266 71.3988 17.7615 11.7628 38.4291 38.0016 43.7342 4.28844e-05 397.604
-58.9315 0.104035 3.2525 70.6114 5.01094 19.4243 60.4339 13.2912 10.9412 4.41918 8.39406 1.09007 0.969578 0.563568 7.5903 24.7173 140.461 54.5031 7.72862 11.995 39.1171 31.7272 27.7276 0.000476354 401.204
-58.6787 0.0595512 3.33361 65.9323 5.01094 25.374 62.1123 8.93749 8.30753 6.32023 6.28215 3.22467 0.291961 1.65989 1.55198 22.8756 156.513 60.54 12.8505 2.64648 5.31365 49.2497 17.2074 0.000175161 392.851
-59.0319 0.0718898 3.12619 66.0808 5.01094 21.2786 62.1123 12.796 8.92859 10.2661 1.16308 3.62549 0.920618 13.371 4.68929 14.0738 161.084 54.9062 8.71098 10.1399 12.7922 34.0922 10.5916 5.52332e-05 395.756
-59.0632 0.103907 3.32419 70.5685 6.69762 18.5039 62.1123 10.7084 5.99394 3.80952 0.987221 6.78974 3.75194 6.69904 2.48162 25.3542 145.199 58.5285 5.8384 16.3487 21.5131 2.08233 4.71389 0.000313854 398.156
-58.8236 0.0589494 3.68178 70.4617 6.07963 13.4742 56.1393 18.102 11.7771 9.28969 1.30391 0.836954 5.04885 1.67651 15.7011 18.3783 140.359 70.9461 10.699 0.781265 16.7112 11.5886 2.02778 0.000618076 395.931
-59.0012 0.0414854 3.45627 67.1499 6.07963 23.0725 56.4788 13.9816 9.50656 5.54749 1.51768 5.40697 3.77408 0.557148 16.2949 14.735 141.605 79.3608 3.0544 4.5513 9.94826 6.53942 2.26259 0.00339737 392.739
-59.0274 0.0289053 3.42787 65.2455 8.70974 21.6976 56.4788 12.312 5.49854 7.31046 8.15311 3.14948 1.77806 3.72521 14.3151 16.3679 144.484 71.0045 0.961807 15.276 7.65708 4.73758 5.66741 0.000186558 388.283
-58.8351 0.038936 3.35736 68.3906 8.70974 25.8702 56.4788 7.36456 5.49854 11.3356 8.53271 3.79858 2.06206 0.575763 10.7617 17.9664 153.165 62.5662 7.31924 6.36975 5.18147 17.1779 2.70725 0.000168962 392.109
-58.7618 0.0140387 3.60316 68.3906 1.4053 27.6916 49.6705 13.9042 2.72615 6.9488 15.4715 1.63605 2.51505 7.62139 8.3774 15.9243 154.641 65.295 5.68263 7.50857 44.9641 8.10142 56.1039 4.23129e-05 394.809
-58.7003 0.0096206 3.79846 68.3906 2.8878 26.7728 52.5394 14.8847 5.97935 7.10317 11.8737 3.41101 1.37173 10.4043 6.50756 2.64903 166.379 56.3436 3.806 9.06038 20.6734 5.63375 11.6226 5.48934e-06 387.846
-58.9011 0.0125413 3.50239 68.3906 2.8878 28.0001 53.9606 14.7043 8.78975 4.91032 1.63675 7.57793 1.68574 12.813 6.38596 2.64903 165.771 65.2695 6.16712 9.43237 11.7403 21.3325 23.5852 2.52022e-05 389.814
-58.7866 0.000748205 3.58465 68.5038 2.8878 32.1136 53.9606 13.3344 11.2184 0.149973 5.55571 6.70458 1.05385 12.552 5.65883 7.71658 161.897 57.8861 7.68362 1.23067 20.9131 4.4073 32.0082 5.61821e-05 390.243
-58.7403 0.00215282 3.5318 68.5038 2.8878 26.1157 53.4207 15.4967 10.7913 2.71645 7.85795 1.41782 1.70118 14.5028 3.42459 1.9869 167.217 63.7515 2.44805 0.236161 8.47948 3.8836 26.1196 0.000214477 392.128
-58.8967 0.00664281 3.24405 69.2945 0.474695 29.5023 53.4207 16.5288 9.02516 10.3684 4.37561 1.60943 0.995809 12.8326 1.75927 4.03937 153.852 76.0537 7.21014 4.49093 10.5011 5.15302 5.97186 0.000203868 392.644
-58.8768 0.0151678 3.38874 69.2945 0.474695 37.6717 53.0777 3.95389 10.9855 7.18587 6.21753 5.16946 4.01671 8.43841 3.71939 4.66009 155.633 78.9982 5.28504 1.27239 14.9823 4.74714 20.2763 7.84571e-05 389.17
-58.8014 0.00618091 3.45109 69.2945 0.474695 28.8814 56.5535 7.48831 14.8525 5.60461 2.85171 7.78384 0.466279 13.2224 1.91734 15.5738 153.466 69.0538 4.75656 1.60309 51.4939 3.03002 17.8365 3.93669e-05 392.054
-58.9279 0.0891619 3.44002 69.2945 0.474695 28.7206 54.2532 8.24876 14.8525 13.6439 1.42987 10.3311 0.835634 7.6937 2.5172 11.8323 152.217 64.0775 10.7408 0.990158 20.4246 7.5118 13.294 0.000425079 395.802
-58.8474 0.0192402 3.38486 64.0483 17.1536 24.3819 54.9402 9.33535 9.32972 5.63512 0.787358 6.21343 3.06592 3.76425 4.86146 8.79269 157.966 73.02 11.565 0.804616 6.24765 21.3976 13.1126 0.00209934 392.973
-58.8156 0.0356221 3.52815 60.251 12.9808 30.0916 54.9402 10.4211 10.298 5.10388 7.12763 3.34082 1.7452 3.01404 7.34641 11.4444 158.905 61.9726 11.1253 5.86987 12.4692 37.4635 19.3909 0.00348459 394.589
-58.8056 0.0422906 3.60276 64.7177 12.0262 30.1501 56.5931 8.45702 4.05913 11.3277 2.12378 3.85437 0.666742 8.67787 1.32993 11.4057 154.754 70.772 1.48538 11.9719 24.8672 24.3928 17.6087 0.000788263 391.758
-59.2599 0.0443499 3.45372 64.1225 12.0262 29.8081 56.5931 1.14571 4.97089 11.4673 2.89261 3.23238 2.95679 11.7717 3.3962 11.5119 154.754 76.1829 4.87394 4.50118 0.543713 44.4813 15.5375 0.000409156 395.397
-58.7656 0.0998127 3.37934 59.1043 11.4064 29.7694 60.2645 10.0859 5.20863 11.3725 1.34184 7.14742 0.598272 8.91499 8.69993 14.891 147.308 60.9944 2.69999 3.75567 7.98042 24.7373 8.3674 0.000639264 398.578
-58.7412 0.0286892 3.3513 60.0301 14.0861 29.7081 52.9129 14.672 6.30795 7.31788 3.86784 2.94468 1.04451 10.0003 9.03124 13.3435 145.958 71.0138 4.29289 4.17963 7.85742 17.1353 58.1955 0.000754446 389.444
-58.8213 0.0387852 3.34276 61.9606 14.5069 30.1125 52.9129 10.2561 5.67689 12.0364 6.12703 1.06491 1.62511 9.49056 7.4056 11.3056 150.363 62.6666 3.65496 3.9139 6.51032 12.3468 42.5748 0.000530311 391.381
-58.6909 0.0805275 3.4159 61.9606 14.5069 12.8236 63.7559 11.5304 6.74908 14.623 3.93884 0.609057 1.01445 8.04003 15.0349 15.0514 142.643 60.2445 16.2269 4.65344 13.0864 12.9135 17.323 0.000393093 393.779
-58.8188 0.0193755 3.4852 59.9614 16.7196 13.8424 65.2742 19.7793 1.82146 11.8313 3.79257 3.44833 0.903416 16.9272 2.44016 5.02028 146.788 64.0768 11.5307 10.4645 16.5261 14.0955 4.05467 0.000846591 392.46
-58.6506 0.035871 3.6511 56.935 16.7196 9.37352 65.2742 22.3597 9.86266 0.612106 9.27649 3.14321 0.813418 4.04084 7.28898 9.94965 161.054 57.0467 13.8087 16.6647 6.93378 10.3942 2.1981 0.000303616 399.998
-58.9492 0.0464299 3.46155 62.7662 16.7196 7.37584 65.2742 23.8212 9.53398 1.23079 3.45465 1.77404 0.0681911 4.86897 9.15506 18.1942 143.6 69.5035 5.27365 6.6564 45.055 5.58793 12.167 0.000276111 391.392
-58.8997 0.0393742 3.91714 58.8604 17.7317 8.12288 70.8308 24.9049 7.70192 2.30492 2.83425 0.398769 5.78045 4.87041 9.03372 16.0141 144.456 64.0604 3.24074 7.85227 31.1767 4.79351 27.3839 0.000399311 396.574
-58.9043 0.0452336 4.12862 60.529 17.7317 4.74604 70.8308 18.4729 6.36125 3.06611 4.86574 0.381322 2.58856 11.6113 6.07337 18.7801 141.094 78.08 1.60908 4.52414 4.84595 17.1721 39.0576 0.000532606 393.202
-58.7722 0.00800097 3.74361 59.6335 20.5539 7.55873 70.7408 21.6279 1.87703 3.16617 3.54264 3.03883 5.78601 29.8251 1.19418 15.9342 127.626 64.899 6.58338 8.03348 22.0583 5.0577 22.0791 0.00068177 397.36
-58.77 0.013496 4.02359 57.1403 27.1927 2.22688 68.4996 20.3128 2.55389 4.34779 4.06569 0.513665 10.6647 19.1599 2.9973 23.7379 133.571 68.4379 9.58865 8.61203 32.977 34.5111 35.8319 0.000721172 404.871
-58.535 0.126485 3.32822 62.8338 27.1927 2.22688 68.4996 11.1882 3.06106 11.5331 1.34985 0.308148 9.34289 20.5998 8.54482 22.8099 128.282 65.7505 3.05538 7.46284 13.6147 33.9374 16.5793 0.000148719 401.886
-58.9041 0.0693589 3.29306 56.5738 30.7806 2.22688 66.7774 3.87159 5.53056 23.5251 1.13372 1.81823 8.84254 15.7378 10.3192 18.4717 133.338 56.4395 1.57828 13.5959 9.19548 25.3453 22.8467 4.9025e-05 395.324
-59.025 0.0501606 3.44842 56.6204 30.7806 3.08147 66.7774 6.66812 3.39248 18.464 0.858805 1.47307 8.84254 19.359 8.0067 23.4951 130.317 60.4648 1.66919 14.2594 11.4868 16.0016 17.5122 4.95723e-05 390.677
-58.8782 0.0173406 3.34757 56.6204 30.7806 3.94631 66.8489 11.307 6.81226 9.07467 1.58356 2.19878 4.16063 23.7684 12.1369 13.6593 127.191 68.055 8.81599 14.0471 11.5475 62.0275 17.6906 1.39424e-05 392.921
-58.8964 0.0126828 3.93142 64.3671 30.7806 4.07893 60.9623 10.4352 7.55931 8.51927 1.93748 0.670606 4.19651 23.7684 13.2637 14.1673 124.491 71.2353 7.41393 7.61093 9.75382 27.4607 3.9163 7.16773e-05 395.114
-58.8281 0.00635815 3.77222 65.1442 28.1701 4.07893 56.5152 14.5281 8.32783 8.31507 2.60661 0.468834 3.38464 10.9802 13.3643 18.4918 137.063 69.3129 5.8038 3.60945 17.7667 76.2069 3.51203 4.54601e-05 394.049
-59.0269 0.0559002 3.28311 57.8086 28.1701 4.61961 66.4511 13.5484 5.76687 8.25828 2.45366 3.4012 1.0525 10.245 13.3324 16.2579 140.07 69.3416 10.8051 2.95216 27.9719 35.2694 6.84718 1.68248e-05 388.326
-58.7831 0.0105723 3.64343 58.1882 28.1701 4.29308 66.4511 12.437 6.69998 8.2272 8.44832 3.11945 1.33635 8.24128 13.3454 15.2639 133.739 69.3193 12.5673 4.33795 9.38556 30.9912 0.664138 4.08695e-05 391.654
-58.8294 0.0142182 3.61157 55.482 36.4587 4.23793 66.4511 7.79912 8.24755 8.38766 4.9371 3.23048 0.287998 15.5838 14.2688 20.4001 125.166 69.2517 8.72976 4.59796 1.62457 27.6114 29.6447 5.90735e-05 393.383
-58.8888 0.0339588 3.66927 58.5376 27.4015 5.41409 66.9644 4.99825 18.8588 8.0001 2.88878 2.13703 1.95612 23.2546 9.25859 20.2937 123.299 66.3053 6.13608 4.79422 21.8624 35.2447 70.4589 5.33605e-05 396.723
-58.8062 0.0273642 3.53887 56.9343 27.4015 12.6868 66.9644 5.90408 9.5392 8.00739 2.50349 2.22858 3.81917 12.6722 0.947337 9.75577 149.231 70.8151 2.95605 1.91691 19.9515 9.36132 29.1143 3.29558e-05 388.065
-58.7836 0.0211897 3.59491 65.4188 7.74037 10.1647 66.9644 15.1226 18.3004 7.81525 1.53755 3.9062 3.93054 6.56561 3.02283 4.67746 157.954 65.9852 5.22218 6.44563 13.9558 6.26578 5.18561 5.36749e-05 388.071
-58.8221 0.0106489 3.68648 66.6335 7.21332 19.6403 66.9644 8.91472 8.88355 3.88815 3.0854 2.23596 6.43739 11.5912 5.17851 5.65645 161.713 59.6711 11.8184 4.48993 18.1495 16.6136 8.73874 4.87784e-06 386.293
-58.8219 0.0171008 3.55697 70.1667 1.5075 20.1897 68.2499 10.6904 0.297469 13.1577 1.94656 0.979319 6.7564 6.25311 7.72449 11.2338 163.962 57.4817 7.36431 9.8424 13.4934 36.8133 19.0725 1.2607e-06 389.376
-59.1935 0.0489823 3.60944 65.7615 1.5075 19.3318 71.436 5.23908 3.20605 9.13219 3.26147 7.92562 3.00079 10.3269 10.8538 9.17166 163.787 47.8368 19.5318 4.06855 14.1391 17.52 14.783 1.2607e-06 390.85
-58.783 0.012792 3.64947 65.7096 1.5075 18.3842 71.436 11.5474 1.74625 4.93764 7.0997 4.01255 6.6734 11.2708 5.576 8.42901 165.38 51.8655 10.9423 3.44954 34.693 3.7857 21.9718 1.2607e-06 386.098
-58.7225 0.0192228 3.57559 65.7096 1.39225 20.563 75.4545 13.2085 1.74625 3.00211 9.36194 6.09261 6.44288 10.2104 5.76674 0.291335 152.505 67.6496 6.25883 8.27576 39.4902 19.6171 11.2451 7.33716e-08 385.992
-58.9191 0.0204061 4.08594 62.9204 1.39225 21.1857 77.6485 12.3044 5.01545 4.9092 2.7515 2.66708 5.62973 10.9553 8.84225 3.80139 154.535 62.7407 6.49154 10.9249 83.8956 25.6087 4.48822 7.33716e-08 391.391
-58.8223 0.0238576 3.56299 67.7816 3.26539 11.2692 77.6485 3.75343 0.804187 4.36624 6.18622 1.14074 8.53213 15.4793 3.10645 9.34251 161.402 63.0108 7.20939 5.55329 45.6127 4.63926 39.5299 7.33716e-08 388.913
-58.7305 0.0225269 3.46516 62.8779 8.77518 9.88461 77.6485 6.0322 8.39953 5.65039 5.04125 3.67129 6.22393 9.80329 3.15862 12.5445 155.347 63.0108 11.6962 0.851956 46.725 28.0887 45.5057 7.33716e-08 386.728
-59.0888 0.0877229 3.46823 61.5914 7.55315 11.4186 77.6485 15.0469 7.02299 9.15768 3.07897 5.25953 4.31019 3.22393 0.661578 19.7771 147.112 63.0108 10.7815 6.41359 31.4277 18.7523 47.2898 7.33716e-08 390.528
-58.9227 0.0554012 3.49766 61.5914 7.55315 19.105 77.3229 13.3096 4.13147 9.84811 1.53278 1.99113 6.08789 2.18206 1.10861 19.7771 155.42 58.9414 11.5168 8.2102 51.3957 19.5281 45.9379 8.5535e-07 393.151
-59.1603 0.0412891 3.43262 63.0683 17.4754 0.327294 69.0265 14.5837 0.576435 5.23593 8.50585 4.03217 7.70749 2.18206 2.9569 27.2148 150.078 65.2063 8.88358 2.29527 7.54494 40.3516 6.53647 1.67661e-06 391.329
-58.8764 0.0360169 3.6194 61.3054 17.4754 0.327294 69.0265 12.0338 8.11791 3.62087 5.83588 4.06806 7.14854 0.666307 6.16768 24.3981 150.078 80.0427 7.43368 1.90993 28.2043 33.6322 11.448 1.6575e-06 394.87
-58.9717 0.0558361 3.64668 68.9418 24.5465 1.35941 56.8705 15.6053 8.05896 4.28973 9.12569 2.39868 3.24478 3.95499 10.4179 16.0179 145.948 66.2199 10.7003 12.5165 41.5589 8.8113 2.00226 2.31674e-05 395.843
-58.6224 0.0108991 3.19118 68.2662 28.7389 1.35941 56.8705 16.6823 7.53995 3.04948 6.09487 2.12966 1.41779 2.34138 5.68669 24.5955 149.613 62.584 13.4658 2.2263 40.7405 5.14316 9.57837 2.96338e-05 397.642
-58.7524 0.00669576 3.78896 61.2006 30.1413 6.75167 53.7362 7.28314 10.4674 3.58759 17.3019 0.414996 3.58716 0.551035 22.0817 4.6663 148.531 76.4787 7.79166 8.40627 41.7137 2.67174 26.6859 8.13457e-05 396.519
-58.8426 0.0320415 4.01048 63.6521 27.8261 6.75167 48.0265 6.17806 7.91471 3.23093 24.0376 1.40473 2.20376 2.28344 21.395 6.37992 149.688 69.3038 4.80044 8.26397 9.79636 5.30389 4.47952 0.000494753 396.263
-58.7221 0.0168486 3.41681 65.0575 24.3205 13.9026 40.3255 8.13441 8.24649 4.91615 24.0376 1.18581 0.821199 4.77324 17.624 5.10458 150.129 67.7588 14.0824 9.83347 5.3212 30.2112 5.56252 4.07663e-06 395.663
-58.6942 0.0572175 3.42263 59.2245 23.1597 29.6723 40.4604 10.9603 6.5017 3.84203 21.2309 3.04717 3.84068 1.24909 13.8382 5.29124 149.365 66.5649 14.6635 2.17139 22.6402 49.9146 4.58972 7.21048e-06 391.09
-58.7089 0.0196603 3.80072 62.6924 17.8255 30.6774 46.1397 10.6518 6.48266 2.08646 14.161 7.16386 3.26952 3.24179 7.74909 6.43833 144.714 68.8014 2.25954 20.0313 7.35501 23.4598 11.9631 2.67134e-05 395.14
-58.82 0.016544 3.32404 61.1136 17.8255 30.8211 45.0206 10.58 15.3779 5.2752 10.6916 4.52068 2.13776 8.3888 1.32888 10.9826 147.274 66.5187 2.81558 10.0181 54.4373 16.5822 0.88035 1.49922e-07 384.079
-59.0303 0.0219297 3.94923 59.5634 18.2716 31.0162 45.0206 12.0254 8.17599 7.39134 4.72846 0.971958 0.820381 8.91017 4.13664 17.9657 147.365 77.0135 6.87102 4.62617 16.741 26.6523 19.6765 1.49922e-07 383.762
-59.0348 0.0270725 3.8447 57.8442 18.2716 36.8977 42.2772 2.61146 11.0524 12.6982 4.67907 2.23196 0.896476 5.07759 4.02227 22.8223 152.451 68.5228 4.20872 3.2585 21.1312 1.48117 39.1272 1.49922e-07 383.859
-58.8628 0.0331599 3.57169 58.9056 17.6135 32.7701 42.2772 9.14109 2.97057 20.1687 4.30607 1.48785 1.91031 9.44964 3.50727 10.9675 154.775 78.8495 4.06317 7.80133 61.4951 15.0907 5.31248 1.49922e-07 383.308
-58.9095 0.0278185 3.48221 58.1105 24.0533 37.4564 36.2825 1.2167 4.91916 24.1002 4.31511 0.960934 1.58422 4.34717 4.77733 22.4276 151.464 62.2507 1.6946 7.39121 7.55149 10.1399 25.5107 1.49922e-07 381.813
-58.8235 0.0118746 3.50846 59.3443 24.4253 33.1653 29.21 10.5533 8.34922 13.8574 7.11402 2.51561 2.99074 12.9136 1.73578 16.8938 154.442 59.5801 7.00786 9.83408 2.07822 19.7673 20.1986 1.49922e-07 383.17
-58.9797 0.00424792 3.70315 61.814 24.3366 30.8685 35.0936 0.667705 7.47894 22.4639 5.85528 2.38533 2.93175 1.88727 11.9024 13.2606 159.937 59.0668 12.5197 0.888763 8.67155 16.8152 36.7201 1.49922e-07 388.05
-58.9336 0.01694 3.71428 58.327 17.5453 33.6039 38.792 2.94849 6.23848 21.8688 7.6936 3.12745 0.692474 0.779485 19.9103 11.8609 160.244 54.2232 5.18224 1.80298 19.5991 16.5753 22.6183 6.95637e-07 386.49
-58.942 0.0361448 3.49605 58.7933 17.5453 39.6037 38.792 5.22786 6.81484 25.0514 0.569505 0.724951 0.97365 2.79249 10.5578 6.68311 173.837 49.4596 3.58169 19.2673 19.1537 18.6377 2.84792 6.95637e-07 387.337
-58.9675 0.0362352 3.63798 59.0559 17.5453 38.0715 42.3808 5.22786 10.2762 12.4842 2.28669 3.54131 0.876193 5.68002 10.2122 6.73866 171.114 48.5312 9.91346 5.60582 13.8432 4.08866 36.7867 1.19818e-06 383.474
-59.1197 0.0650747 3.6066 59.0559 17.5453 38.3767 42.7645 5.22786 11.9452 10.6926 2.1018 3.69158 1.42378 1.76934 8.3656 10.2969 171.031 46.3112 6.74444 13.6771 3.98671 12.3758 29.5772 1.19818e-06 386.802
-58.9237 0.0452709 3.57892 63.8739 16.3837 34.4106 32.637 11.8391 11.3667 14.5925 1.21328 1.21342 2.84467 1.76934 9.57552 11.8782 171.512 48.6146 0.137517 14.7157 31.0005 18.4662 49.1356 1.69888e-06 388.117
-58.7142 0.0507057 3.87274 63.8739 16.3837 33.2572 32.1916 14.4258 8.31196 15.262 2.0576 2.3042 7.84106 1.44367 3.83269 11.3547 163.673 61.6818 3.41111 11.9201 31.4014 27.6975 46.4997 2.36965e-06 395.271
-58.7821 0.0893973 4.05232 63.7774 13.2281 55.3012 17.4614 8.20191 11.9476 14.4121 0.655317 3.3497 4.57831 0.336612 2.17283 18.6987 170.462 46.3174 3.50737 16.0072 27.1666 13.8398 7.36219 2.30894e-05 393.561
-58.7806 0.0822345 3.6655 59.4914 16.8477 50.1237 12.2771 9.89314 11.4071 17.4229 4.04245 2.26427 8.13778 1.62325 12.4606 11.6255 166.409 53.5296 12.2848 12.5532 18.589 52.458 30.5677 2.791e-05 398.138
-58.6534 0.15953 2.87299 59.727 21.0603 51.8163 12.8932 5.86605 11.1201 23.1934 0.689584 0.497397 9.07618 5.50806 10.1648 4.83602 168.537 53.8939 4.67973 12.917 14.5176 3.38937 11.3612 1.27239e-05 392.162
-58.6944 0.131895 3.20308 63.9603 24.9486 51.8354 2.79245 10.9384 4.8922 23.3606 1.02483 5.41483 6.62846 3.8403 4.91093 7.50557 161.777 69.3966 8.57924 7.59781 26.1224 16.9647 27.1956 2.57623e-05 395.574
-58.9006 0.0547984 3.43566 61.2626 25.2204 57.8974 4.00511 11.6826 25.0277 1.29089 6.67995 5.65559 0.0723457 5.26711 4.06381 11.054 152.124 76.2989 2.31743 6.80002 28.8196 29.6159 17.6158 6.02235e-06 393.631
-59.0235 0.0733212 3.56944 58.7252 31.4251 51.0516 0.404125 19.9089 4.17714 18.3775 7.77059 7.64971 2.80184 0.409557 6.01085 6.81153 166.582 56.1497 2.88363 9.44055 20.3928 38.716 44.0666 9.7172e-05 398.231
-59.0195 0.0504568 3.50891 55.3628 33.622 24.7107 43.6074 6.75158 9.03636 11.9491 10.1462 5.99581 1.63708 0.409557 5.067 6.64787 169.268 60.943 6.46951 9.53968 17.5202 40.9282 13.7965 6.42198e-08 387.286
-58.9814 0.0638865 3.23591 55.3628 33.622 33.5746 34.9607 6.44292 9.03636 9.00931 7.75277 2.56615 1.72467 2.32203 3.6595 8.2129 167.744 59.783 11.0988 6.24452 13.8537 26.5012 6.70439 6.42198e-08 383.123
-58.9455 0.0685344 3.35446 55.9506 35.2471 34.7648 37.9352 6.55568 3.05957 9.00931 6.55437 1.90194 3.91645 0.939452 2.43385 14.0665 167.82 59.7331 13.7812 1.48904 8.00493 8.77706 23.215 6.42198e-08 387.086
-58.9833 0.025575 3.41229 57.2192 27.4647 24.9048 47.4202 11.7794 1.27293 8.09513 6.38127 1.29888 1.87956 12.1936 19.3547 9.72204 153.129 57.8571 19.6086 4.91749 27.15 7.67241 36.8943 6.42198e-08 387.868
-58.8762 0.0413695 3.62637 53.9504 32.6126 32.2373 31.7069 0.578544 19.2076 8.09513 2.51319 4.66414 2.44296 16.0882 17.9247 12.4438 149.902 49.8065 9.426 5.34248 18.5224 33.7088 15.532 6.42198e-08 391.405
-58.8466 0.0385768 3.49756 52.9621 31.5435 32.2373 31.7069 8.05417 19.9635 9.08408 0.761678 3.04256 1.45514 14.127 11.9159 12.8739 151.094 59.3969 4.31815 13.068 26.0312 48.4179 32.1147 6.42198e-08 386.28
-58.9008 0.0372489 3.72579 53.2739 34.0427 29.1158 30.6211 7.52959 18.9378 9.08408 4.65519 3.8237 1.37249 10.2053 8.91638 10.7026 159.443 53.2343 3.44897 12.3938 3.6944 23.9853 28.4821 6.42198e-08 381.826
-59.2254 0.0377282 3.64314 54.7579 29.9829 28.815 36.7293 15.8099 15.8564 3.32355 10.962 4.49818 1.39905 4.36202 6.88992 14.1733 149.511 62.1515 11.499 11.6799 16.6406 12.9391 7.00706 6.42198e-08 387.313
-58.9695 0.0671626 3.51442 56.1829 34.2084 22.1636 41.1349 7.42572 17.6593 3.32355 6.44812 6.01193 3.17704 9.06505 9.00284 5.35172 152.214 66.6695 11.9299 9.12005 22.5588 10.8681 29.5843 6.42198e-08 383.459
-58.8957 0.0443939 3.51686 58.7937 39.0374 24.7308 30.3594 8.60577 19.6633 3.32355 5.09884 2.67255 2.67112 4.97183 6.32744 15.6442 152.519 64.6502 2.80023 8.25089 2.83832 12.5677 4.93666 6.42198e-08 381.073
-58.956 0.0128546 3.58604 61.3292 33.6532 20.9299 26.9137 6.63422 21.9479 11.8131 2.44485 5.48149 1.78731 4.09032 15.0086 7.51002 152.913 68.9397 13.0354 0.977178 26.4051 18.5079 20.0822 6.42198e-08 384.34
-58.8272 0.0263826 3.39636 61.3292 36.7819 17.6808 43.7564 3.21412 6.09525 15.4723 3.07172 1.55504 3.45039 1.63096 8.7267 12.7275 156.002 70.3158 2.96153 28.3844 13.8924 12.6407 13.7852 6.42198e-08 386.913
-58.7592 0.0326172 3.58926 61.3292 34.3771 16.2831 43.7564 3.21181 5.04165 23.0483 1.21563 0.157694 1.62772 3.83477 7.06016 13.4802 160.861 63.1884 11.8883 11.5851 10.5169 25.1369 29.9698 1.73123e-05 389.835
-58.7751 0.014678 3.30682 58.8194 40.4149 9.40645 49.4688 0.553994 3.94658 28.7959 2.05573 0.478273 1.65866 2.16412 5.59058 13.3983 156.798 65.6888 1.74819 7.25672 47.0652 6.58925 39.1376 1.38698e-05 392.296
-58.79 0.00873213 3.35917 48.2955 43.0804 21.7445 36.2827 1.50173 7.48958 28.0683 0.931206 6.52011 3.44133 2.47534 2.61467 15.9269 152.033 71.4649 1.76665 6.69163 10.0162 37.3177 33.2311 2.3074e-05 388.837
-59.0645 0.0444995 3.65728 47.4164 43.0804 19.186 42.2751 1.50173 7.00766 25.0138 2.727 0.868875 3.99409 2.95063 1.68389 26.979 147.447 52.9192 6.12025 5.86423 2.36428 56.1527 22.2819 0.000243853 398.29
-58.6976 0.0293844 3.65513 53.4172 31.5446 20.6502 39.6753 4.62524 9.65552 25.0138 4.32441 3.23843 1.07741 8.60579 1.45629 14.7104 160.373 63.4668 10.0212 0.573297 11.9632 78.0521 15.0203 0.000617521 395.917
-59.1378 0.0589122 3.55105 45.4849 35.4836 32.8982 39.6753 4.90898 15.652 19.1364 3.0361 0.548355 2.00547 8.08059 5.33834 9.94979 160.373 55.629 12.6692 11.8193 10.4111 60.0694 27.6233 0.000216241 397.596
-59.0132 0.0492634 3.4443 45.5401 50.9205 16.858 39.6657 4.84249 10.65 17.898 4.32916 2.31999 1.7503 8.06208 4.15866 9.79753 163.139 54.8936 3.70051 1.98361 6.54714 77.5868 40.3054 2.0112e-05 392.647
-58.8243 0.0518987 3.65764 43.7393 50.9205 16.6369 37.8249 10.7412 8.52783 22.5037 3.04684 1.57095 3.61068 1.63987 15.025 0.925307 167.469 57.1785 6.2004 0.747635 10.6706 24.5291 26.3854 2.9547e-05 393.46
-58.7669 0.0351761 3.42012 46.3305 50.9205 16.196 35.9272 11.9858 8.29449 13.287 5.28291 2.0456 5.18569 3.5273 6.02705 14.1609 164.579 54.4864 5.34409 8.12117 11.8633 36.1569 104.912 1.30835e-05 390.765
-58.6687 0.0185066 3.661 47.2589 53.6028 8.87218 35.9719 14.3853 7.271 17.9483 1.02837 4.22673 6.19804 20.2445 5.39353 0.548471 160.477 44.2767 11.3754 0.353805 11.7504 0.464243 113.95 7.06291e-06 401.591
-58.7942 0.0113371 3.66331 48.8901 53.6028 7.168 35.9719 10.234 9.77769 16.3686 1.02837 5.5282 4.04765 19.1908 3.26561 2.19171 166.629 51.0739 4.88507 10.3442 53.884 56.6326 16.8802 5.03799e-05 392.017
-58.7098 0.015058 3.53038 47.6058 57.205 4.22338 39.9914 10.4142 9.5813 18.4108 1.02837 4.1706 2.11672 15.9504 7.02385 2.19171 167.898 47.845 3.86758 9.74103 80.8916 31.9824 17.1393 7.36339e-05 395.084
-58.7006 0.0264681 3.25348 45.441 55.8685 5.5834 40.1627 11.5046 8.38809 18.4108 1.19839 4.99666 6.36526 7.06893 10.1277 1.59967 167.898 52.1205 4.96643 8.93832 72.0377 18.2296 23.5622 8.43514e-05 393.95
-58.9056 0.0535665 3.2607 47.2588 54.394 9.93793 43.5962 12.2765 3.41697 16.5482 1.89336 4.34129 3.21135 5.41559 9.74167 1.59967 167.898 54.2515 2.99096 17.1092 25.6204 2.91527 10.016 5.94253e-05 389.895
-58.7243 0.0496301 3.43189 47.3055 48.6341 10.9446 42.2699 13.9766 3.41697 14.6066 7.47057 6.12001 2.04778 7.13698 11.4639 4.12081 163.19 53.8817 1.10822 22.8301 5.75713 12.1429 11.818 0.000140189 391.092
-58.8978 0.0264395 3.76522 53.8934 49.2577 11.3697 38.0971 14.5302 3.12115 11.4955 7.56757 6.66267 4.48491 0.972528 9.70572 4.12017 156.666 53.5374 6.8836 18.5362 7.37619 26.0722 9.27953 0.000149113 394.021
-58.883 0.0434202 3.44386 52.1058 36.9518 25.3257 47.7747 5.78477 3.88075 5.85657 9.47417 4.84979 6.22432 1.9296 12.6665 7.41926 163.504 53.6181 6.2143 15.8428 9.57443 6.07021 13.4468 7.51182e-06 388.415
-58.8569 0.0250294 3.44324 54.871 30.5647 33.2871 37.9451 4.06688 5.5892 6.17223 5.25186 8.19207 6.83546 4.31143 10.0159 8.35609 168.417 53.5707 3.27691 23.3753 9.75339 9.57208 12.6853 5.74018e-05 390.381
-58.9179 0.0578919 3.45173 55.0117 33.3447 21.1251 45.9392 12.5995 17.5382 1.88521 0.794723 5.2844 1.86036 2.07992 16.4458 3.94181 165.884 50.6844 2.38367 8.4775 5.95816 7.2828 13.0286 0.000225247 387.856
-58.8397 0.0569955 3.4027 61.5959 14.5111 19.984 57.643 11.7749 17.0735 3.24125 1.49801 4.66399 1.7158 0.642112 15.06 9.94758 149.597 71.7667 3.86492 4.73146 11.5732 14.2044 12.2714 0.000407905 387.931
-58.7638 0.030583 3.44812 61.5959 14.8344 29.1324 47.5383 7.96726 17.6769 6.52351 3.75861 3.48915 2.21866 4.95404 12.5758 4.20149 156.311 66.3436 12.4169 5.7463 2.50244 3.37294 13.8134 0.000106207 387.868
-59.0107 0.0145479 3.40252 63.5097 14.8344 27.215 47.4383 17.1019 10.2667 2.27663 2.30688 4.22145 5.40383 4.68169 17.7717 1.15608 149.584 59.6929 10.2946 6.72559 28.1745 3.74148 5.86142 7.93917e-05 395.169
-58.8356 0.0102683 3.4151 60.3055 14.8344 12.6725 59.7229 21.5343 9.5208 2.27663 3.2818 2.4673 3.50414 7.20423 13.0625 13.1403 150.34 63.1382 6.42936 7.65091 30.1296 3.88719 11.9655 5.39478e-05 388.261
-58.7035 0.0239902 3.43491 60.3055 14.8344 17.8542 70.0226 21.5343 0.925595 1.50755 2.17066 0.233797 0.185701 5.67912 25.5487 13.2926 143.508 65.0462 6.88766 7.10168 13.9065 4.4509 54.315 0.000133904 398.54
-58.7933 0.0288706 4.1018 57.2087 15.0502 6.54204 70.0226 22.3901 1.88243 13.9202 2.40091 0.218857 0.204726 5.63593 17.4418 1.75125 156.335 67.2241 2.61719 7.48716 6.419 28.7094 51.1334 0.000509049 398.947
-58.7132 0.00921812 3.92545 57.4436 15.0502 8.25663 76.0418 17.8611 2.73956 16.1495 1.09833 0.899334 1.35288 11.0895 8.92312 2.29963 155.239 69.4772 6.58193 4.52289 22.1035 10.7947 8.15417 0.000422543 393.537
-58.8125 0.00839561 4.00703 57.4436 18.5621 2.86753 76.0418 16.6125 8.56075 0.694596 1.45635 2.36447 3.28382 12.0463 7.58777 1.78806 163.547 71.6068 1.76515 2.95243 12.7725 1.12926 19.8426 0.000309095 391.744
-58.7165 0.0186388 3.65247 61.9258 18.5621 5.11402 71.8212 15.1534 10.8204 2.59785 4.48834 1.71444 3.69077 10.7533 5.67267 6.29121 155.135 65.914 4.39762 15.1565 3.51694 34.2714 12.34 0.000573291 391.077
-58.8815 0.0166673 3.66973 62.5428 13.262 8.76656 71.8212 15.1534 9.91575 2.53663 4.02523 0.778096 5.24412 13.4588 3.90567 8.62043 148.656 68.3069 12.9438 3.57287 36.9056 40.5485 14.8232 0.000701588 391.486
-58.948 0.0206728 3.42162 62.5428 9.14011 17.4097 70.5271 0.826717 22.6671 4.718 1.37045 2.8442 7.6651 10.0826 1.19827 10.4483 147.958 73.9064 20.8708 6.43299 11.0901 7.17526 30.6361 0.000334776 395.159
-58.6734 0.0543158 3.29326 62.5428 24.9016 12.1855 47.1893 9.78707 24.9746 8.01886 5.80063 2.3471 11.0513 9.0986 2.90082 5.19319 141.047 73.5356 7.8217 2.68199 21.7181 9.22351 23.0891 0.00069824 399.416
-58.7115 0.0499304 3.25755 57.6398 24.9016 11.8677 52.5406 6.01964 25.7181 9.77234 7.0048 6.38846 5.2003 12.1466 2.49743 5.22148 143.971 68.9598 9.8464 3.88979 7.61808 10.1018 28.4491 0.003364 397.519
-59.2335 0.0509389 3.50498 57.4258 29.3702 7.08315 64.3606 0.858897 11.002 15.8416 2.88127 6.62656 1.10839 6.9741 4.65366 9.30024 162.358 59.9989 12.5219 4.01737 17.4239 12.4836 31.4093 0.00537602 398.988
-58.9888 0.0326056 3.54979 52.0216 32.978 7.84919 63.7964 4.28381 4.256 15.9469 4.35156 3.68928 6.05699 6.77299 8.59687 7.64541 162.358 57.3009 15.9509 1.89014 26.1287 3.53553 41.8369 0.00187128 397.675
-58.8045 0.0370646 3.35918 49.0329 44.505 1.6856 57.347 13.1323 9.41795 10.9913 4.65197 5.71209 6.80373 10.5927 5.68068 1.40816 159.593 40.3716 16.7118 11.9175 32.6386 26.5548 35.9471 0.000868476 399.671
-58.8529 0.0238001 3.32017 43.1341 42.507 4.54325 70.8269 8.9771 7.29627 7.06157 3.4531 3.34768 1.73905 15.7848 5.91507 3.48158 161.273 58.6086 16.1583 8.21256 18.2901 21.5355 22.3118 8.79265e-05 391.706
-58.8599 0.0248013 3.55857 50.5087 47.0107 3.95616 64.6097 5.89682 9.16635 2.50773 1.33635 3.46822 0.719449 13.8526 1.08855 3.89744 167.414 53.0201 1.45773 7.48359 19.0369 15.3207 37.981 6.53753e-05 396.256
-58.7118 0.0259011 3.33865 49.9952 41.2926 0.227873 68.9311 7.54618 9.16635 6.26202 1.64082 5.62371 2.07455 13.1867 1.08855 3.33261 175.869 49.2883 3.89919 7.6831 20.9361 9.74877 13.3102 7.01299e-05 390.495
-58.8141 0.0682722 3.38945 49.8375 42.967 0.227873 69.3183 6.16925 8.29044 6.68673 2.40248 4.8877 0.37284 14.2618 0.878154 2.16333 177.361 48.7397 13.8588 4.84443 10.3003 2.34899 72.0039 0.000121464 393.649
-58.8132 0.019169 3.58062 47.9052 46.301 3.1859 69.3183 7.80819 2.20996 8.78011 2.12066 5.64911 2.75885 2.39497 0.878154 8.77843 177.361 19.8338 16.5311 24.3582 20.1454 15.7967 60.3799 1.51508e-05 398.895
-58.7599 0.00645502 3.59904 47.1188 46.301 2.43654 63.6607 2.07802 1.8433 15.0532 0.365311 12.6306 2.36464 1.38678 6.04955 12.9404 169.567 51.4667 2.13737 12.34 19.1785 9.42135 25.6816 1.51508e-05 392.114
-58.8071 0.00799641 3.95293 50.2973 46.301 2.43654 54.91 8.02172 7.14755 14.6724 3.77108 6.61547 2.82607 3.3177 3.44429 5.39969 171.567 63.5529 4.57558 17.1463 17.8461 3.21258 21.3273 1.51508e-05 391.979
-58.7973 0.023861 3.63474 48.3626 46.3514 2.43654 63.9032 8.33258 4.84337 9.79852 4.58823 8.83937 2.76313 2.46386 3.54751 4.64898 161.296 65.2036 3.97825 9.62157 28.1018 1.06509 5.91437 1.51508e-05 388.921
-58.9003 0.0217909 3.73172 48.3626 46.3514 2.43654 58.6613 9.81768 3.11263 16.994 2.84467 8.17429 0.96748 1.23367 4.33067 10.1784 159.14 61.9221 9.00846 7.38898 10.7525 15.1575 4.20858 1.51508e-05 388.4
-58.9824 0.0310537 3.51144 53.1595 38.0907 2.43654 69.6775 9.18121 0.632617 11.2482 2.45973 6.27537 1.50372 3.46454 2.93375 11.7273 162.544 61.2479 5.34091 0.95387 19.1771 1.82515 5.14975 1.13713e-05 387.675
-58.8512 0.0335598 4.15381 51.4464 31.5427 2.43654 69.6775 5.13912 14.65 7.06129 2.17543 4.40213 1.72047 2.14769 7.38789 12.7287 164.851 63.5249 5.74071 1.57847 19.1923 2.13088 0.348525 4.11965e-05 393.794
-58.8379 0.106199 3.2269 52.4406 40.5705 1.6162 69.6775 15.3137 4.36565 1.15342 6.18538 1.43407 1.95786 2.65084 9.31872 5.94449 159.777 67.8806 6.00104 16.8742 0.359484 6.89896 3.55265 1.07167e-05 390.246
-58.8019 0.0902895 3.12524 54.153 31.0736 1.6162 69.6775 11.3259 7.60374 10.1857 4.88314 1.25976 4.61809 2.18885 11.9275 4.345 160.288 67.8806 3.42277 6.90056 9.32535 30.6885 13.265 1.03055e-06 386.718
-58.8279 0.0251421 3.27744 54.8664 29.8079 0.571151 70.7478 11.0697 6.94472 7.84319 4.22683 3.32101 3.0639 4.02942 12.5008 4.33418 163.286 64.0619 1.12276 8.20736 24.0712 42.8452 12.0966 9.27605e-07 386.695
-58.859 0.0418376 3.39634 54.2019 29.8079 6.65767 66.886 10.6954 5.2874 11.0097 4.23432 2.10004 0.926352 5.63208 21.2903 0.953274 158.603 58.7581 17.1541 0.918891 12.7976 16.9177 41.2188 4.53131e-07 385.292
-59.0456 0.062655 3.46175 51.0395 39.2142 10.3544 56.011 11.827 9.48931 12.5254 7.33982 2.86442 0.913794 1.03655 13.904 7.00571 156.925 64.8713 4.90689 3.10808 20.4496 15.0926 23.5022 2.58765e-07 387.602
-58.8611 0.0232957 3.376 55.1208 36.5063 12.1771 49.6622 6.87366 4.624 8.96466 9.1929 4.54958 0.385412 1.41228 17.8463 14.4176 151.044 66.3157 8.99383 2.64736 26.371 21.5887 51.6625 7.00864e-08 385.48
-58.7593 0.0254116 3.53994 51.3272 42.705 7.37817 55.5565 3.52359 11.2083 4.86835 19.1014 0.664154 0.97875 12.9624 4.4554 4.58955 146.92 83.6833 3.2206 0.182678 41.6708 3.31952 14.0917 1.21586e-08 384.17
-58.7805 0.0262409 3.55586 51.6134 42.705 6.45804 52.9969 0.548756 11.5364 6.9804 16.8193 2.51245 0.740776 12.811 4.91788 11.0326 160.766 55.5459 4.69034 2.24735 49.2085 1.08679 17.3712 1.49887e-08 383.568
-58.8113 0.0200717 3.40089 51.3518 43.2105 5.7624 50.2782 3.13365 20.8941 8.62027 5.77259 1.57223 0.367258 11.9526 6.52569 7.82084 160.307 67.4101 0.621946 1.26347 61.3463 11.3475 13.7172 2.56365e-08 384.362
-58.8732 0.0635701 3.3043 49.7608 48.7021 5.7624 47.0396 6.87049 22.3525 1.46955 5.58233 0.842397 3.51184 10.7852 6.79281 5.84297 155.073 69.2922 1.61824 2.4709 44.3472 11.4052 5.81558 1.9825e-08 382.349
-58.7841 0.100525 3.22269 48.9596 48.7021 4.76738 43.4643 6.93034 20.5051 6.71515 7.28118 9.93531 0.560686 8.99479 12.2163 0.231629 152.806 72.7142 3.2037 3.2074 36.402 22.9259 3.843 2.46698e-09 386.27
-59.013 0.0328646 3.30151 51.3938 45.1662 4.76738 53.8512 2.57162 16.7347 12.5095 2.47339 5.39058 2.28888 5.3656 13.4032 3.74818 149.585 70.2304 6.07804 11.7534 71.542 23.1401 10.1091 4.84641e-09 385.173
-59.0991 0.0392042 4.00795 45.8453 46.1608 20.4548 44.8529 2.11374 20.4573 7.73211 1.66283 7.95951 0.200603 15.1317 3.30072 4.66404 145.57 72.3982 4.83333 11.1785 5.08262 40.5463 6.64983 3.50443e-08 390.918
-59.0709 0.040113 3.65215 53.3863 32.3299 10.8636 62.586 12.2381 7.3563 9.63995 3.67251 4.0553 0.614288 11.3377 2.25784 2.28359 159.135 72.5705 4.6458 2.18396 6.11769 38.0556 6.2274 5.98403e-08 384.006
-58.9389 0.0330691 3.72875 52.3914 34.6389 7.42428 61.8024 10.4465 9.39083 9.79067 8.10136 8.37791 0.957177 9.53297 5.27721 2.71625 151.761 72.5705 6.43322 1.7049 19.9955 41.3643 10.4701 5.34013e-08 385.256
-59.0074 0.035019 3.36885 58.7461 15.5253 7.42428 74.5045 10.8492 8.06077 5.70735 2.68407 9.22052 1.45612 8.45759 1.21721 16.9447 147.747 71.431 3.73995 9.86872 34.3591 7.34268 34.1797 9.43761e-08 386.071
-58.8302 0.0178654 3.38375 59.681 17.3729 6.95085 75.6882 7.50067 7.73349 0.701558 0.310711 10.578 4.20003 13.2303 0.167431 29.1651 143.1 61.8205 3.73995 12.0296 11.1723 13.2984 30.113 8.4327e-08 389.819
-58.9186 0.000350001 3.8822 56.5156 22.1568 6.95085 71.2451 5.20224 14.6969 4.63093 2.52841 6.52342 2.28729 8.04163 1.65236 22.395 150.725 64.41 7.21687 6.69289 41.5097 15.3104 31.7243 9.79713e-09 389.318
-58.8385 0.0119882 3.96874 56.0064 26.413 6.95085 65.8718 5.36719 19.1333 1.75907 2.66152 6.21262 0.882486 8.80978 6.89856 8.59453 155.982 68.343 3.44662 9.16848 29.9349 16.7684 32.2422 2.45648e-08 384.391
-58.9641 0.0415598 3.52829 58.3502 20.8775 6.95085 65.8718 7.70559 11.228 10.7552 2.27579 4.89365 3.8099 8.31069 10.4806 10.5264 151.224 65.0216 4.04059 5.24905 33.9459 19.9073 9.62677 2.09365e-06 385.861
-58.8331 0.0392483 3.60861 59.3395 25.7192 10.5599 63.8288 6.49216 14.3534 1.49604 1.42573 6.81888 4.16622 2.04583 13.903 13.38 158.483 50.5531 15.2648 4.90503 20.4396 13.7113 33.0043 1.58001e-05 390.299
-58.7553 0.0294687 3.63173 60.1092 18.9054 15.1144 64.2934 6.25918 13.6978 6.55867 3.74826 1.61286 1.17521 2.27007 10.2941 12.1577 157.212 63.2066 16.0216 11.1661 4.8776 28.3969 21.1458 1.17268e-05 387.931
-58.6125 0.0214868 3.67921 62.0242 8.26042 18.7215 69.5205 11.4669 9.46567 6.05652 2.6518 1.03029 1.03622 15.9613 6.7201 14.5148 154.072 51.0308 6.99215 5.27893 3.41033 42.1671 29.5058 1.08548e-05 391.695
-58.9625 0.0242622 3.64865 65.1042 19.5452 3.79285 69.5205 12.3732 1.56194 9.76966 8.17693 2.20644 0.836246 11.1125 7.18126 5.24921 166.3 52.1392 9.63954 5.48586 13.4328 66.0076 57.9452 5.53168e-06 390.427
-58.7869 0.0158449 3.52727 66.8961 20.6901 3.79285 69.5205 10.9053 5.84905 5.04254 6.45298 2.33716 1.4582 8.86798 7.10887 14.7967 156.469 57.1519 6.0675 7.01225 4.57994 32.8517 3.39158 1.54401e-06 383.88
-58.8339 0.0181496 3.45077 64.4801 18.2099 7.46543 69.5205 14.0951 6.87792 5.04254 1.7065 2.32859 0.750956 3.15718 14.437 3.04442 166.112 63.1583 4.08516 5.26159 11.6102 5.68344 21.3018 1.71421e-05 385.683
-58.8223 0.0212304 3.61205 65.2744 16.5084 7.61175 67.1747 11.3336 6.91237 2.35967 5.75336 7.60361 0.676285 4.33281 15.3635 7.80809 162.146 58.6793 10.5415 2.59164 16.675 4.51855 1.35649 3.07066e-05 389.929
-58.813 0.0446901 3.33361 67.0335 16.817 8.51138 62.7072 14.3211 7.19169 4.16777 9.15066 1.53656 1.83547 4.25075 9.89378 6.74502 160.283 64.218 2.25524 4.74154 22.3834 12.5529 21.6147 0.000555419 390.909
-58.8658 0.0281528 3.51504 63.6659 17.7795 10.1994 62.7072 3.57936 12.2632 2.4523 11.4439 4.86627 4.68281 10.61 11.2435 6.62007 149.142 64.3706 2.20381 12.19 7.302 26.5913 37.5278 0.000339765 393.148
-58.8335 0.0189161 4.09136 61.8044 15.526 15.5702 59.9387 0.984329 20.4836 5.5193 7.88142 0.436131 2.60588 17.4509 0.739083 8.22848 147.948 58.1171 3.17819 18.1214 8.70968 23.6306 51.8954 0.000392547 400.149
-58.9216 0.0210901 3.24409 62.126 19.3309 15.5702 53.7914 1.09293 31.4344 2.32245 9.5892 1.52521 3.04787 6.37628 13.454 12.2922 149.116 31.1979 15.0151 11.0149 17.4587 12.8935 3.03621 0.000158197 402.428
-59.124 0.0388616 3.4521 61.2192 18.0002 18.2475 53.7914 4.37725 25.1812 9.06397 9.88827 1.72928 3.24171 8.69587 16.0208 7.01714 142.921 59.6049 18.0002 5.62771 34.9003 23.3937 3.7294 5.95046e-05 396.638
-58.9193 0.0695812 3.41464 59.5362 29.3371 5.49271 52.3164 8.37169 22.5857 7.87353 1.18928 3.66203 2.61881 2.05208 12.303 18.6117 144.653 74.7116 4.39268 1.04493 5.16657 52.1358 3.53702 5.7438e-05 389.716
-59.0365 0.0416639 3.5378 57.1664 27.1565 10.3116 66.9666 8.29855 3.6279 13.269 0.845448 0.572484 0.508525 19.4059 7.19153 4.87236 153.139 65.8319 5.30173 0.539091 9.34631 9.55781 4.38713 6.66046e-05 386.925
-59.3043 0.0317262 3.55396 60.1889 21.1219 9.25136 66.9951 7.86245 0.981663 12.2214 3.64876 2.181 0.211252 17.2236 13.2133 5.36202 152.066 69.5446 10.3492 0.957792 105.088 56.0535 5.69004 0.000123919 403.025
-59.1331 0.0559471 3.50271 58.6701 18.2666 9.25136 65.581 19.6563 7.21588 1.19704 7.28538 0.767288 3.10959 9.89204 14.6524 3.89817 162.494 62.0304 11.8975 3.20026 57.9379 40.4188 3.02593 7.12257e-06 393.965
-58.7876 0.0238585 3.49621 56.4849 18.2388 38.623 40.5255 19.6563 4.71997 1.19704 4.44662 3.90416 2.85342 10.4258 17.588 0.737473 164.436 49.7544 17.0691 11.2448 64.273 30.6783 2.77435 7.12257e-06 392.851
-58.9829 0.0294238 3.50533 56.9512 16.8261 30.8206 48.4629 17.8813 5.57948 3.59297 3.63949 3.99395 3.01017 19.339 2.69855 0.243718 157.569 68.3864 11.3386 5.01849 60.2964 41.9565 5.54559 7.12257e-06 391.872
-58.9458 0.0230316 3.50522 63.4428 16.7339 28.2396 42.0122 23.8953 6.7041 7.3351 0.288313 4.25981 6.9545 13.5713 1.68848 7.76724 157.563 62.5828 2.39336 4.61755 60.8331 27.3784 1.67572 7.12257e-06 390.79
-58.9117 0.024979 3.49677 62.3509 18.3396 28.2396 40.9851 24.72 2.4252 4.58814 1.91364 1.84844 7.00839 14.6257 5.04406 11.9775 147.514 70.7477 5.65854 12.2017 45.906 28.4188 5.11325 7.12257e-06 387.409
-58.7429 0.0225567 3.51648 63.4493 21.7068 27.2472 37.9167 25.3169 4.59924 2.18842 4.97091 1.11269 0.6463 9.78267 15.9241 5.36653 153.135 62.8172 10.6614 13.3337 18.3194 3.73344 0.135697 5.39347e-06 388.956
-58.9636 0.0242867 3.53908 59.4705 20.2241 34.1397 33.3163 19.8005 3.9992 7.63454 10.9898 1.3172 1.27606 8.92093 21.398 26.8883 107.582 86.6714 10.8214 9.03745 1.94204 10.9898 12.5863 2.12049e-05 391.354
-58.8945 0.0628539 3.83598 62.2708 21.3889 35.5073 34.899 14.9006 3.4407 4.68902 16.1577 1.70044 7.53703 11.7355 6.34063 28.2627 114.176 80.3812 7.10466 5.49559 30.1467 11.5131 9.72237 2.12049e-05 394.981
-58.9713 0.0232516 3.71366 61.4655 18.1282 37.4772 33.8036 18.0687 4.40903 3.58726 7.39939 1.78056 2.00443 9.58696 6.4544 26.6654 133.21 79.9059 2.96319 4.19144 6.04558 23.4168 12.3786 3.69141e-05 388.786
-58.9418 0.0311394 3.7525 60.9656 17.2469 34.9165 35.5265 22.1751 6.60833 2.21323 3.3064 6.20125 1.09018 10.1492 8.55423 25.1008 126.539 80.8032 12.2788 5.55832 8.36481 22.8177 1.78851 5.92657e-05 390.923
-58.8839 0.0149096 3.65065 63.0486 16.1791 38.2059 35.9073 18.4945 4.9291 5.05526 4.1614 3.23277 0.461048 13.851 7.2722 20.2178 138.301 79.2437 1.69987 10.8025 56.3777 16.3565 28.7204 1.64589e-05 390.95
-58.9325 0.0698552 3.93841 59.5485 13.3837 47.8499 33.8579 8.83437 9.86414 14.1624 5.59893 2.17342 2.39768 11.7312 5.6479 4.75857 149.159 74.729 8.62885 3.28184 12.562 14.0868 9.25209 0.000109586 391.292
-58.8319 0.0147831 3.72698 59.1665 14.0578 42.4834 32.3473 4.62136 15.5941 13.0457 6.43929 1.16171 1.25594 16.1446 6.22327 4.62562 150.3 69.6164 14.2675 1.50052 12.7413 18.9062 41.1484 3.97283e-05 389.599
-58.6897 0.0731347 3.55832 59.7026 14.0578 42.4754 27.9682 7.93931 18.1049 18.4819 6.1993 0.388086 2.04078 8.79144 5.90463 6.6273 144.935 74.0758 12.9828 11.8628 11.7411 4.84696 6.3731 6.40228e-07 389.078
-58.7877 0.107278 3.41846 61.8883 17.9244 41.9642 35.1371 13.3876 24.3062 1.3017 3.17697 1.55603 2.29601 8.66069 2.5317 9.21529 140.031 80.4107 2.43306 11.5084 16.8437 54.3673 27.6812 1.17613e-05 394.818
-59.0002 0.0281608 3.35861 62.2864 20.5083 39.2782 31.703 15.666 18.2106 1.14819 5.12983 0.381877 3.17726 12.1286 4.46464 7.91297 141.202 84.1836 0.992349 7.8704 32.8297 10.1908 37.7728 2.01154e-05 389.171
-58.7449 0.0250101 3.55412 61.5113 10.7033 39.2707 43.0888 5.60546 18.4531 6.26754 0.404421 3.26684 0.51663 11.0106 4.52038 14.6012 160.423 60.6677 7.15123 7.68962 13.0381 19.896 36.7691 3.5839e-05 388.65
-58.7366 0.0418689 3.60693 66.1008 6.5879 41.7865 43.4443 0.403316 5.76228 6.54761 7.18719 7.35556 2.89511 16.8438 5.41556 16.0556 156.117 56.5402 7.15123 6.64247 17.149 16.435 25.2772 1.66275e-05 390.314
-58.9048 0.0702842 3.52264 64.1135 17.586 40.8444 30.0075 2.57661 3.90267 14.3007 7.38481 7.47407 3.4538 14.6269 1.08095 17.0189 145.75 66.1003 13.6529 2.09518 8.55311 14.9767 0.604809 2.1689e-05 393.234
-58.8557 0.0697313 3.45924 62.5728 7.5447 57.5411 27.2101 10.9352 6.61592 7.0641 5.62577 3.21446 0.521172 13.8737 4.81322 18.4332 146.36 66.0342 10.7209 11.327 18.8104 23.2256 14.8965 0.000123057 389.768
-58.7334 0.00692356 3.54841 63.4799 4.37398 55.307 31.4965 1.7939 11.3659 9.97772 13.0373 2.50403 1.86692 5.69941 14.5318 27.054 127.929 68.7267 5.11239 10.0615 26.5484 44.0715 5.35145 4.86793e-07 389.571
-58.786 0.0422906 3.5455 67.3867 4.99477 57.4176 31.4965 2.63154 8.33726 11.8451 1.00022 5.00194 1.78982 2.36638 15.9349 23.9979 130.427 52.7461 18.1772 7.19697 12.0736 51.1852 2.40049 3.4519e-05 397.349
-58.8546 0.0498139 4.23302 64.5386 3.27313 42.2581 49.3876 3.13135 8.33726 13.155 4.27111 6.84183 1.05208 5.03542 4.53586 22.3116 137.27 78.3029 16.4694 15.8948 4.51995 41.0902 13.7817 1.74261e-05 400.02
-58.8397 0.10373 3.18585 72.9078 1.60268 42.0872 48.1985 6.29751 10.5171 7.51688 4.74744 3.65711 0.28031 4.5535 12.889 16.7866 136.976 69.7842 6.09258 12.1547 44.3664 26.1284 12.9876 2.12746e-06 393.893
-58.9113 0.0437898 3.51368 68.8598 0.702592 41.3888 46.5725 9.18321 3.19422 7.51688 3.54062 2.64714 1.71452 7.01659 12.8135 18.2834 150.258 63.6268 5.83287 10.9023 5.36487 31.4686 30.5939 2.12746e-06 388.204
-58.9953 0.0189365 3.49228 69.6273 5.70675 41.3888 42.0283 9.96141 7.80211 7.80878 3.9721 0.907329 0.984779 5.25521 11.8489 29.6097 144.411 56.7978 3.58524 7.76951 22.7793 46.4858 24.7442 4.21328e-06 390.188
-58.8185 0.0233372 3.63526 65.7797 8.11116 35.1909 41.8859 8.23079 15.346 0.664512 10.246 3.39971 1.42903 0.942792 11.2924 13.0988 157.978 71.1561 1.29624 7.37293 2.36374 11.8415 18.7825 1.37768e-06 385.889
-58.8587 0.0222646 3.70641 65.7108 12.8389 39.3525 34.3849 16.1874 16.3944 0.236604 2.25695 0.76496 7.26469 2.47758 5.30238 15.3183 155.628 66.2758 5.52507 17.8698 34.1992 10.5088 13.9967 3.63216e-07 386.886
-58.886 0.0896806 3.19935 63.2908 13.4578 36.2958 36.0632 17.6539 13.4548 0.236604 10.3295 1.58398 9.55766 3.08367 8.65579 10.1255 158.835 53.0687 3.76878 4.43806 16.0491 4.78088 27.8516 5.76471e-08 385.409
-58.7289 0.0843088 3.65558 63.3516 12.5894 44.0105 39.4804 6.52536 13.8405 0.236604 14.0018 0.105747 9.55766 4.68586 8.34855 8.66541 156.64 51.8406 3.38881 12.14 28.8963 24.3148 22.7616 8.35015e-08 395.169
-58.7437 0.0137283 3.48966 62.8546 12.286 49.2207 39.9682 4.01952 6.74266 0.236604 11.4732 2.96076 12.6013 4.95334 8.67483 7.04381 158.794 58.5007 3.36406 9.88373 13.6552 28.2831 6.88438 9.75632e-08 389.663
-58.8108 0.0981965 3.32891 64.181 11.7119 45.932 26.5854 0.270132 7.04605 13.526 9.72369 3.46422 9.69854 3.82572 7.70437 11.4284 157.306 65.987 3.33359 14.2659 20.6643 34.593 22.2593 3.66923e-08 388.027
-58.879 0.018446 3.51693 62.1177 18.786 43.3869 32.6505 11.1945 10.5921 6.71707 5.35758 4.12781 7.44798 0.839541 6.57804 16.9902 155.974 59.3733 3.11702 25.4292 31.0816 12.6219 13.6239 2.71997e-08 384.756
-58.999 0.0170893 3.4575 56.9678 23.0331 38.9938 31.3805 7.67112 9.44382 10.2574 8.06889 1.19583 4.07539 9.3991 3.22678 21.4168 149.292 53.4558 3.25357 14.0247 12.6965 10.1919 10.995 8.52645e-07 386.594
-58.9217 0.0637488 3.1965 59.3355 24.9193 41.4764 24.8952 7.67112 8.57124 11.5718 6.7073 0.861171 0.428208 7.42455 4.49083 24.6034 148.144 60.3324 3.62273 14.6558 12.6965 16.5092 23.033 3.72261e-07 388.863
-59.14 0.100933 3.31678 50.108 43.3634 42.2055 21.1465 5.85777 10.1824 9.80672 3.94092 3.08283 2.93228 1.60728 9.43781 21.8148 153.571 58.359 5.29456 7.28268 13.132 19.3209 22.8321 3.72261e-07 386.777
-59.0634 0.146418 3.14861 50.108 41.5258 34.8657 22.8096 0.280293 10.8514 22.4023 3.57949 3.03025 1.4825 14.0138 1.22063 7.86623 168.068 56.8439 2.72805 7.61464 28.4089 52.1099 4.77989 3.72261e-07 390.68
-58.8295 0.146418 3.36061 50.108 41.5258 34.8657 20.8018 3.15396 10.9151 26.4057 8.93594 3.18295 3.20239 9.71641 1.2046 8.02406 161.299 50.3459 5.53927 8.43498 16.8086 74.9011 10.6179 3.72261e-07 390.314
-58.8554 0.135379 3.23752 50.108 41.5258 33.5842 20.8018 2.66002 12.5999 26.4057 8.98297 0.987175 5.20976 10.8468 2.45773 4.2875 160.669 58.0041 7.35588 7.7463 33.0583 44.401 25.4351 3.72261e-07 389.686
-58.6934 0.044656 3.3077 55.653 31.6823 38.1912 26.5601 2.5473 21.9839 17.903 0.990977 0.684072 7.39575 10.0063 2.30503 5.13465 159.772 54.9967 13.414 10.444 6.33228 20.9474 4.61233 3.72261e-07 387.178
-58.8858 0.0437838 3.57733 51.4761 36.7411 38.1912 22.6534 0.243647 25.8745 7.03042 6.86452 1.91841 2.89159 8.21403 15.3342 3.15264 162.939 58.3821 9.57663 2.23651 22.3102 20.2405 17.2147 3.72261e-07 382.819
-59.0614 0.0439066 3.40275 52.0766 33.7589 44.3086 20.6092 4.80954 27.0303 3.66776 1.80397 0.190343 4.91123 7.5076 16.5954 1.17714 159.923 64.7897 1.96498 5.13433 5.48824 18.2339 24.1197 1.82317e-05 388.534
-58.8226 0.0614802 3.3428 56.9887 45.0721 20.7809 23.9113 8.45892 20.6957 4.03998 1.62662 3.15174 5.5434 8.4077 14.3028 1.96754 164.777 64.8385 7.25163 1.98682 4.22677 11.6147 12.5331 1.82317e-05 390.521
-58.7631 0.00677219 3.56329 51.7821 45.0721 22.7529 29.3036 4.5337 21.6999 9.50549 2.05427 2.86578 2.24569 13.9461 12.172 2.59322 157.558 64.0625 4.24159 6.1819 9.96793 41.0363 33.0976 0.000148201 388.647
-58.7673 0.0283134 3.63964 52.9614 45.0721 20.0249 25.3122 11.3437 22.1202 8.22757 2.79101 1.88906 3.6333 13.9461 8.75437 5.19038 141.664 76.8524 1.62814 2.47195 29.7197 5.95935 23.4797 0.000595156 393.07
-58.8642 0.0542239 3.44626 52.9614 45.0721 20.0249 25.3122 6.81692 22.1202 8.33395 0.975903 6.23287 1.00849 21.1124 7.35946 2.62038 163.878 61.4494 4.43808 1.96366 12.1663 28.0925 37.9992 1.9848e-05 391.984
-59.0165 0.0673272 3.35151 57.3799 46.099 22.9702 18.9303 4.16343 28.2325 2.92776 3.64842 3.84955 2.19784 10.5556 7.56185 13.5334 153.833 59.4551 3.61732 2.42827 12.5478 7.8603 46.132 6.78976e-07 390.458
-59.0556 0.0599498 3.34946 50.2038 47.703 30.3186 22.5238 8.00034 20.1025 9.31374 2.03334 2.51747 2.38946 10.4878 8.35286 5.72679 143.824 57.9732 7.05566 17.7058 17.5567 20.8493 9.1549 6.78976e-07 390.247
-58.9181 0.0842839 3.57268 49.7369 47.703 26.6218 22.1211 10.8584 20.1025 17.0021 1.32592 6.55664 5.8947 3.11002 8.4998 9.11504 143.824 49.0776 14.3311 15.4541 32.0418 8.70113 4.98385 6.78976e-07 394.233
-58.9421 0.0265627 3.90783 45.9481 47.703 26.6218 20.1926 0.748847 21.1095 27.6013 3.53022 2.66995 0.040383 9.82507 8.16343 8.80673 147.564 76.0382 14.8333 8.44007 90.5602 71.7147 13.1491 6.78976e-07 401.386
-58.7908 0.0354916 3.45856 50.2424 43.4719 26.6218 16.8554 3.91248 13.6207 35.1797 2.55434 1.22142 4.56976 5.749 8.82884 10.589 145.563 68.6633 5.14187 7.76428 40.9193 53.3322 55.8581 6.78976e-07 394.713
-58.7037 0.00626856 3.6793 53.2181 40.7117 37.8728 26.1511 13.3845 7.24951 17.0594 4.43024 1.11274 1.30414 7.47316 8.05579 10.1901 137.458 76.4409 5.85029 7.58772 55.0559 21.8554 65.3154 2.1185e-05 395.088
-59.4704 0.0763791 4.15633 51.3199 36.3086 34.4415 31.7229 5.75464 5.75257 15.2709 6.33656 0.877878 3.9557 17.7707 2.22581 35.1882 113.188 84.8769 2.13829 9.48924 38.6496 5.84613 35.0392 3.89589e-06 398.492
-58.9875 0.0741664 3.35755 54.8183 37.7751 34.1488 35.0334 7.94134 4.32342 8.30383 5.47575 0.386944 5.02718 16.4084 7.85556 35.1882 109.139 84.8769 3.07789 10.0791 31.8209 4.25641 4.88239 2.10281e-06 390.905
-58.8814 0.0157705 3.43721 55.6842 37.7751 36.4441 34.4156 8.25405 3.18215 0.593544 10.5336 0.092846 6.07402 17.1395 8.29085 35.0126 113.829 75.3793 5.99067 2.33062 30.3706 0.802215 38.9851 1.59948e-05 394.943
-58.8339 0.0318824 3.43732 52.9453 37.7751 33.7204 37.4054 2.44833 9.37629 6.23519 13.6048 1.37534 2.51583 16.4629 7.83453 32.0576 113.829 76.6128 2.04319 2.22146 6.86687 9.51353 21.4351 8.11213e-05 392.037
-58.8534 0.0173387 3.46893 51.1097 36.1439 33.7204 35.6586 1.87073 9.2768 8.47879 14.9123 0.344884 1.47455 21.0954 4.40541 31.3027 116.995 76.6904 16.6338 2.22129 4.93725 4.87604 9.3139 5.22897e-05 391.762
-58.9323 0.0157055 3.5556 49.8419 36.8605 33.2418 28.6185 4.44706 26.7533 6.33901 0.90889 1.76771 2.23989 16.4932 6.89944 35.8167 120.339 75.427 15.3294 7.27433 0.438895 10.7687 24.9158 0.0011805 400.139
-58.8456 0.010219 3.51744 52.106 37.4155 35.1331 25.221 26.5508 7.35602 3.76759 3.14456 2.2378 2.03957 18.1135 6.2779 35.8167 109.559 79.904 6.37146 9.60864 3.02181 11.306 12.8707 0.000157431 392.144
-58.7947 0.0030656 3.45901 53.6627 34.0557 45.6764 24.8747 23.589 3.27413 3.95057 3.31657 1.38231 3.36362 11.7488 10.0957 35.8167 118.458 72.9363 6.25515 12.9049 19.377 8.78825 19.0126 6.62656e-05 396.384
-58.7236 0.0294529 3.62593 52.744 34.0557 45.6764 18.394 28.7996 1.92845 3.9015 5.29377 3.2594 1.08125 3.45755 15.6868 28.2875 121.022 67.3766 11.7935 17.339 30.9237 34.7189 8.79934 5.4351e-05 398.43
-58.77 0.0504859 3.49431 56.1389 31.4923 48.1244 16.7318 22.252 7.52192 3.3355 0.824463 1.73687 0.954573 9.43303 20.0408 25.979 133.728 64.3345 3.97856 6.99411 8.9377 1.53785 43.8621 3.11708e-07 386.652
-59.0506 0.0309188 3.39713 54.4916 29.2702 48.1545 24.8345 20.9955 3.74794 8.92866 5.16098 1.11824 0.954573 6.28902 1.55841 19.4024 147 74.0702 3.55909 1.49389 17.8258 27.199 28.2306 3.2694e-05 387.585
-58.9788 0.0202045 4.15687 52.3093 28.9444 35.8927 29.9213 20.8574 6.0394 9.94677 0.109696 0.723549 1.44902 1.34158 3.61135 24.7609 156.93 66.4801 6.61471 1.56692 28.9218 19.1616 28.291 1.1356e-05 393.571
-58.9092 0.027201 3.70963 58.9286 38.1011 35.3861 22.804 21.1303 8.73888 1.46775 1.9916 1.416 1.49137 1.96411 1.68563 15.17 166.065 61.609 3.49818 8.1936 28.8471 11.5653 6.96008 1.35059e-05 387.312
-59.2136 0.0361509 3.86595 57.7425 40.1952 30.3574 20.8051 21.8848 8.67683 3.95741 1.72347 2.72592 0.387805 4.75787 11.3214 12.6096 166.077 49.9719 6.21506 9.92948 26.4491 14.4758 15.9972 0.000374226 392.993
-58.9924 0.0330424 3.73686 63.1106 33.0333 30.8966 19.4263 28.2668 9.96899 1.82396 2.44562 4.56155 0.835499 4.44472 12.4134 20.6914 142.723 60.7522 3.1994 20.0302 28.7998 4.41791 7.10083 0.000126511 396.597
-58.7951 0.0674724 3.75041 60.6303 37.3384 24.0319 21.8297 29.5596 14.5507 1.62291 1.73113 2.06436 0.743008 6.30069 10.5893 30.0179 142.858 52.0467 3.64044 8.24893 19.3836 16.1836 4.57214 0.000220282 401.308
-58.6709 0.0204391 3.43503 53.908 46.7096 33.2003 9.98455 26.2875 8.32807 4.08282 2.00252 6.28124 0.759097 1.62998 10.0083 26.0882 156.945 57.1763 1.70903 4.07819 5.32496 11.5288 0.435925 0.000163841 395.543
-58.6716 0.013867 3.50004 52.3174 55.004 29.3588 9.98455 25.188 5.53618 4.6742 6.89161 0.532423 1.12102 5.93342 11.5404 1.97324 161.244 72.2358 10.5792 0.225637 27.9075 25.4604 4.12997 1.45712e-05 388.944
-58.8354 0.012277 3.38216 54.8979 55.004 29.9689 9.98455 23.0073 3.58558 3.27265 9.46294 12.1359 2.99144 4.79672 10.4737 8.30711 150.007 59.2302 8.22961 3.63526 24.5626 32.2038 17.0518 1.45712e-05 394.416
-58.8388 0.0202217 3.65371 46.9836 55.004 44.726 6.23923 23.6487 0.746056 9.6384 14.6188 7.44979 3.15147 4.65023 3.32302 5.08934 151.652 61.1478 1.94839 1.55065 24.5879 28.7089 63.7721 1.45712e-05 397.766
-58.8764 0.0155785 4.23432 48.6356 42.7404 48.2552 9.99014 21.454 4.56229 9.07562 3.32209 5.01451 4.47292 4.8929 5.03437 5.73266 156.874 73.3985 4.20473 14.7969 24.0075 10.9678 41.1633 1.45712e-05 389.59
-58.8805 0.0183125 3.63767 57.3917 33.0394 43.2643 9.99014 20.5467 5.49559 16.452 5.96197 6.05732 0.255774 7.95559 3.16216 6.7021 155.684 62.7587 4.11517 11.4769 24.111 54.507 40.5983 1.45712e-05 393.3
-58.869 0.0557786 3.41976 53.4999 38.6345 41.5784 10.106 22.3008 5.59224 21.4384 1.89912 7.32038 0.255774 5.66615 4.765 6.7021 159.199 59.7599 28.2677 4.35212 24.3009 7.70331 4.95799 0.000122245 394.803
-58.9276 0.0206331 3.81222 56.3173 35.3532 42.3046 9.14777 28.3113 1.99246 21.6223 0.00193536 6.42683 1.27742 12.1001 3.18959 9.256 144.094 74.0494 6.23133 3.296 24.5633 36.0402 8.93721 4.98662e-06 393.142
-58.8771 0.00823082 3.20098 55.8095 52.0184 25.3465 7.45363 25.5429 4.47144 19.1817 4.3307 5.02515 1.84136 3.0661 3.69359 5.83328 157.258 68.4825 6.28205 5.25384 34.8111 81.7351 62.4976 6.85576e-05 402.004
-58.8882 0.0894878 3.52085 45.4882 52.0184 33.1196 17.6011 24.2626 2.66849 4.71336 8.02952 4.09625 3.87588 0.738867 4.87549 11.2695 164.421 64.8363 8.40586 5.33035 36.0607 14.0938 20.4534 8.89399e-05 393.592
-58.8915 0.0608222 3.53484 47.7427 52.6491 27.293 21.5557 10.7857 6.30677 4.71336 5.69484 5.40826 9.35151 8.49734 7.96699 10.1019 155.982 69.4662 3.7387 5.36964 24.9796 10.4989 4.25022 0.000282839 390.263
-58.7161 0.0441263 3.37387 51.8363 43.9389 36.9982 17.6681 26.5048 5.10407 4.53238 3.41493 0.344561 2.38759 12.3407 1.3619 7.18005 156.516 75.5249 2.47983 6.04479 34.0913 8.61258 3.12549 0.000556773 389.963
-58.7709 0.0334305 3.49116 51.4187 43.9389 41.6968 17.6681 22.3007 2.71741 4.53238 7.63295 1.38811 0.793623 10.0729 2.13219 10.4271 156.796 71.0542 7.0807 3.95941 81.9311 7.03974 11.1407 0.000556773 391.707
-58.6785 0.0415882 3.4723 47.4119 45.0377 41.4062 15.917 15.5863 5.74781 12.6064 4.35556 3.55528 0.570744 8.07247 6.9647 10.9194 151.343 75.3382 3.00209 3.67079 29.5346 24.1667 31.2347 0.000453332 391.985
-59.0128 0.0224802 3.77779 46.6288 45.0191 35.0203 21.2274 16.2248 10.1728 10.4814 1.85638 6.11146 0.867974 3.22389 9.44203 17.2258 149.524 70.276 3.27501 3.93488 12.2289 13.4209 9.70434 0.000134113 388.144
-58.7948 0.0766132 3.49222 50.3735 44.8399 35.8245 19.7849 14.4732 3.19009 13.5391 3.84743 5.41806 0.977435 8.81533 6.43172 15.2736 145.523 70.8231 3.30386 11.6789 20.7137 14.3764 9.43036 1.93029e-05 385.601
-59.1858 0.0248498 3.39965 49.9471 47.5066 40.8333 11.1546 9.32132 2.30226 18.0716 5.60973 3.73181 2.26865 9.46312 14.943 21.1679 136.157 65.2568 3.78687 11.435 45.2905 1.12015 19.1451 7.72874e-06 393.071
-59.1565 0.0409105 3.57893 49.9471 41.225 50.2913 16.9203 0.758012 9.83354 14.0787 2.83506 1.10753 3.38115 4.24217 7.91574 28.6883 139.458 66.3301 6.78526 5.52153 8.40793 7.21717 3.0202 0.000144682 388.327
-59.0117 0.0304377 3.49865 52.1111 39.803 37.8362 21.7221 0.278383 11.5558 14.1432 5.00053 4.37041 5.29516 1.56538 6.61681 30.8125 139.717 67.6779 8.60939 2.14139 10.6068 3.1816 17.005 0.000752683 390.712
-58.923 0.0288012 3.704 56.0604 37.1673 33.1143 30.5568 1.25275 7.95712 14.7978 9.24871 0.157379 6.09813 0.724568 6.25217 27.8799 139.717 74.2081 12.1353 4.55422 29.4735 10.8408 54.4593 0.000328504 395.17
-58.8005 0.0154912 3.6219 62.1451 27.1432 43.0535 23.8732 2.22495 2.97166 11.8699 15.9692 1.77798 2.21296 3.69707 9.34634 20.5318 143.291 72.7234 2.81753 6.38225 34.7475 11.2031 16.3044 0.000155017 389.787
-59.0164 0.0777399 3.76117 55.6867 20.5291 38.3452 39.1774 1.86277 2.49834 16.8934 20.1627 5.21725 4.62006 5.8082 7.1048 22.0186 125.865 76.0391 5.8993 8.07438 29.696 14.7473 8.50365 3.2254e-05 399.822
-58.9379 0.129962 3.2546 51.5318 33.2535 38.3452 35.8624 3.829 7.14126 16.2622 1.33516 4.51927 2.26311 5.75483 4.96426 22.7536 139.584 79.8092 6.15511 8.58849 36.9491 13.0725 11.4269 2.61482e-06 390.755
-58.9559 0.0685378 3.45628 57.489 25.4663 36.4575 31.7392 4.20686 6.1641 23.8278 1.09644 3.83217 0.9744 15.4288 4.57939 13.4279 146.918 66.5676 4.97304 7.05648 26.6517 1.34538 7.46061 2.8252e-05 384.327
-58.7846 0.0575604 3.50913 57.7788 30.0287 34.3194 31.2103 3.32886 5.31223 23.6578 3.09278 2.02088 0.810889 7.79022 4.42553 18.2757 141.185 79.0521 4.87216 5.3086 39.299 27.6492 7.46061 4.95786e-05 388.396
-58.7462 0.0290383 3.77254 58.0525 26.0328 38.5886 29.9315 8.05507 0.700215 26.2546 2.31297 4.25234 0.998717 13.2568 5.12558 15.7859 143.202 69.8037 7.40184 3.2383 29.5212 24.8853 12.1939 6.06634e-06 389.173
-58.9774 0.0322061 3.52836 57.7637 23.2398 39.3629 29.9315 8.05507 0.166604 27.352 0.601298 2.46166 1.59789 11.2212 5.91971 15.9496 151.181 62.5054 9.47862 3.52878 11.6924 3.5711 54.3881 1.01791e-05 386.23
-58.8101 0.0229833 3.49793 56.6845 23.2398 39.7677 30.6373 7.95609 7.50877 22.9021 1.58992 2.38782 1.38566 9.95672 2.15533 12.1991 153.551 71.114 3.5221 11.237 0.298204 1.05412 19.3061 5.15416e-05 388.317
-58.7898 0.0182022 3.63399 60.8218 23.3742 50.2853 17.5264 2.92208 4.2835 30.0472 1.16744 4.21692 4.60801 10.0484 4.10201 12.4872 149.098 60.1275 5.07495 7.13733 6.46343 21.9278 42.2668 3.89975e-05 394.812
-58.7636 0.0399824 3.3747 58.6732 19.0498 49.9735 17.5264 3.534 1.92215 25.7786 4.1956 9.7074 2.86847 9.62664 12.0623 3.1918 154.22 63.8622 5.23008 1.44638 8.38372 19.4343 7.54369 5.60644e-05 390.367
-58.6778 0.0177485 3.26966 62.7052 14.4912 53.7607 17.5264 5.50628 8.29914 7.93194 20.0767 6.24408 1.43609 8.32672 8.69974 3.07188 151.564 74.3323 5.25047 3.3395 9.19987 43.9716 6.37806 2.09504e-05 391.56
-59.0091 0.0331162 3.38367 62.0803 16.1565 53.7607 17.5264 9.9286 7.50861 8.23454 13.7134 4.77983 1.44523 5.41278 10.4456 5.20298 153.661 71.6951 6.78745 1.98618 0.457031 22.287 15.0486 2.03189e-05 386.674
-58.9769 0.0646199 3.43908 60.6701 16.0329 57.2573 17.5264 13.465 4.68704 7.27862 13.5538 6.52671 4.98295 6.54083 3.43321 2.13015 158.893 74.3205 7.21186 1.49651 31.2351 0.691221 9.1656 3.09379e-05 390.938
-58.9266 0.0493926 3.43339 58.5547 19.06 56.3378 17.5264 13.6737 2.53362 2.46307 10.2 7.89417 4.95911 7.32259 1.52778 20.8697 159.487 53.9058 13.3195 1.49651 15.9927 11.9987 29.3589 2.28966e-06 388.64
-58.8056 0.0588521 3.37805 58.5547 22.493 56.3378 17.5264 19.929 5.41275 2.46307 7.78753 1.11372 0.219884 6.45506 5.50655 19.6154 159.728 51.4781 5.61301 3.36777 11.478 2.05186 22.5652 1.41523e-05 385.542
-58.8607 0.0313026 3.36468 57.1803 22.493 56.3378 17.5264 17.3044 10.0922 2.50617 7.26456 1.29895 0.129279 5.45211 5.99892 20.4366 155.673 56.8122 3.52168 6.4361 13.4625 3.38956 2.28839 2.47087e-05 387.34
-58.9677 0.0754509 3.4549 61.8823 17.6794 56.3378 15.4489 2.40157 17.5314 7.61414 9.98824 5.51587 0.0739428 2.65481 6.15299 25.5368 150.569 60.1241 13.2273 15.8231 20.2508 30.4756 7.86549 2.29304e-05 394.139
-58.7234 0.0357797 3.42416 58.036 19.4504 54.058 17.6418 15.1142 15.6601 2.97189 9.99874 2.50194 1.96405 1.94029 4.93359 24.5725 140.788 72.4295 6.82624 13.933 46.0439 5.78699 47.8818 2.45251e-05 389.315
-58.8441 0.0335244 3.29903 60.1778 16.7369 54.1505 17.6418 20.0947 17.4836 1.94121 3.16569 0.310851 1.40671 2.03385 7.85827 22.2794 146.833 64.0642 3.05076 20.6781 37.1013 5.78699 55.5538 3.61293e-06 391.15
-58.9489 0.085288 3.46315 58.4169 23.3297 50.0336 15.3393 17.6038 6.35789 3.73548 10.1869 2.16348 1.83117 11.8228 7.61417 22.6912 147.077 63.4621 3.94231 4.02566 30.1173 19.8794 50.7216 8.81197e-06 393.902
-58.9717 0.0339633 3.39125 58.5006 21.3759 50.0336 18.1599 19.1384 8.48677 3.38904 14.3011 0.997923 2.87527 8.91956 8.40037 4.85728 156.331 64.7303 5.34935 7.2214 36.4299 4.11538 21.6745 5.95456e-06 385.661
-58.8998 0.0250962 3.59643 58.4975 23.6471 50.2441 18.1599 18.6379 10.1066 3.58812 3.51566 0.997923 1.4138 11.6905 9.5282 2.21628 158.91 66.7469 1.0959 5.23999 30.0995 16.7501 6.49159 6.1686e-07 382.579
-58.8268 0.0152756 3.52454 60.2311 24.4205 50.2441 18.1599 18.6379 13.7964 4.93127 1.94475 2.50627 2.7416 9.95327 10.0326 4.71421 152.451 69.8082 0.984469 4.97008 29.2493 13.4308 10.7528 6.1686e-07 382.551
-58.7786 0.00806531 3.62838 56.5435 24.4205 44.9006 23.2767 18.2642 12.7757 1.77694 5.14956 3.38694 0.484803 2.58839 20.1762 4.78741 155.89 68.9104 8.471 1.74885 23.3981 39.3633 9.42278 4.3141e-06 384.493
-58.59 0.0199513 3.45368 55.2137 31.664 45.0102 13.57 12.7447 20.6571 4.78362 6.46585 4.15134 0.958735 1.72947 8.46472 6.33699 157.438 73.6036 1.85159 2.51753 9.6162 31.4649 42.3896 2.88049e-06 389.578
-59.0341 0.0526544 3.45543 72.6831 8.14604 42.8349 18.2447 12.8237 19.5969 5.64955 2.49674 4.21894 1.11169 6.67876 7.10011 3.47408 161.336 75.5586 0.269363 8.009 3.00748 8.11719 36.8444 7.89488e-06 394.272
-58.7466 0.0487255 3.55645 71.3509 15.3505 46.2746 14.5625 6.83639 9.61701 14.5651 5.94058 4.21894 8.84026 6.34747 2.13303 8.64326 155.302 65.6194 10.1357 11.5157 17.5363 4.07372 24.6692 3.6757e-05 396.186
-58.7016 0.0626101 3.36542 71.7901 20.5422 37.5809 11.2373 7.03742 18.2341 18.4765 5.53451 3.10567 9.55094 0.113021 14.0057 6.34632 151.912 61.6736 3.62575 11.5129 1.40617 26.2864 14.1914 2.25928e-05 400.116
-58.7677 0.0671031 3.61226 69.6328 22.2669 37.8477 18.7442 1.99217 15.2826 16.7789 5.64598 5.15106 6.47628 6.10799 13.4467 6.71208 142.283 57.4511 8.97371 4.0358 40.0809 5.52934 5.25822 2.41671e-05 399.213
-58.9393 0.00328068 3.41746 68.8372 16.91 40.2286 30.0593 4.64831 17.0166 7.60035 5.68239 6.95767 5.13078 7.89162 24.2393 6.98537 135.168 65.2178 5.36882 13.7703 32.4274 6.0514 2.89618 7.16598e-06 396.452
-58.8135 0.0532769 3.45194 62.4227 20.5003 39.6044 28.9379 11.8271 13.4761 3.86274 2.8552 7.45963 5.00272 11.1611 29.9091 3.78958 123.511 80.9108 11.3417 12.9613 27.4109 7.70951 9.71137 5.20008e-06 393.621
-58.8141 0.0275672 3.69038 62.6898 12.946 42.1086 35.277 12.933 6.48655 3.92916 7.30386 6.66546 7.23153 11.3474 28.3747 3.80497 124.014 79.5166 2.34537 4.86544 8.48557 11.0164 29.0247 2.16974e-05 392.991
-58.7483 0.0184916 3.55084 68.0701 8.86176 43.5473 34.7521 0.537604 6.40603 18.376 8.33593 3.9384 1.93162 11.2421 24.3786 4.43531 138.531 73.3763 13.4568 2.15985 7.51399 4.13966 6.69581 1.26468e-06 392.397
-58.788 0.00602075 3.32174 57.3048 6.62854 39.9748 44.9674 1.65117 12.1554 23.1256 9.73575 2.09941 3.751 9.55374 24.3786 5.25944 139.466 62.0703 2.07621 0.422924 4.36422 15.5728 9.09065 4.30981e-06 395.741
-58.7715 0.0260664 3.1474 50.7355 9.02894 43.8485 44.4199 3.82798 8.57196 25.0195 14.1196 1.74497 1.63964 3.20304 21.8306 3.99798 138.227 74.0788 2.51194 8.29765 9.79252 7.73106 2.03611 0.000109243 402.899
-58.935 0.0208014 3.7732 67.6258 13.0742 20.0382 58.7227 4.65479 5.93763 6.48026 14.3847 2.41585 0.299548 1.51682 19.8649 5.54007 162.456 61.339 2.7206 1.79923 6.61867 7.59191 9.68956 1.17657e-05 387.191
-58.8606 0.0197366 3.52119 67.7946 10.2444 20.4273 62.0435 7.73447 10.8362 3.39387 10.347 2.77829 0.922344 9.35784 8.35772 3.93445 157.584 61.869 2.40578 10.0185 19.8744 9.38891 5.32409 1.17657e-05 385.587
-58.8282 0.00263346 3.56009 62.8289 10.69 26.2664 52.6407 6.40229 22.1641 10.4703 2.72973 2.49558 4.2738 5.79135 3.8808 10.2332 161.26 62.7849 2.49307 15.3911 16.8709 12.669 64.1664 0.000281499 394.798
-59.2732 0.0549092 3.4737 59.8093 13.3663 25.589 55.8706 5.5428 20.1654 5.39539 1.54416 1.27268 5.79661 7.17796 5.3651 7.33916 161.231 69.4591 2.12048 6.9795 28.9879 19.1158 3.35601 7.43082e-05 389.728
-58.7408 0.026629 3.39059 61.7883 35.9466 57.2178 5.41679 0.463137 19.4176 4.53915 0.0612449 4.03149 3.49796 6.4353 5.09994 6.6216 162.564 75.6757 3.37828 0.818433 13.4521 26.9895 3.30439 6.78307e-05 394.091
-58.7702 0.0385012 3.69279 59.3782 20.4986 57.6699 6.0825 2.36214 22.8513 11.8663 2.42265 6.24839 1.37919 13.1328 0.412102 5.86229 158.278 76.4589 7.23997 10.5284 13.8979 10.6737 1.89859 0.00119852 394.192
-58.8212 0.0193098 3.55692 55.4681 38.386 49.3704 5.04925 8.93982 7.12154 15.9732 3.42282 5.29761 1.91958 20.6117 0.289945 3.95625 157.383 62.5455 12.9258 4.59059 3.05546 7.33027 40.5629 0.000178485 389.673
-58.9245 0.0186969 3.58004 58.035 41.2319 42.8055 7.03928 9.12098 7.51436 9.32058 8.8924 3.63304 0.913254 29.4758 1.08749 0.65033 153.937 67.0387 1.68352 9.4351 9.03429 19.0331 16.6052 4.7296e-05 391.011
-58.9076 0.034771 3.50121 58.7589 41.0835 39.0619 5.53458 20.8631 11.5123 17.167 4.46069 1.39723 3.07081 20.2246 1.77473 0.496823 144.646 63.4614 1.4236 10.1652 11.2766 17.1568 17.3831 4.7296e-05 394.433
-58.9333 0.00912793 3.58663 52.8651 34.6456 40.2557 14.4212 18.9433 13.7001 7.56644 5.29421 3.47251 0.515325 14.1292 16.502 4.65139 154.904 54.4027 10.933 3.16345 11.2766 17.7372 11.6136 3.10867e-06 385.328
-58.806 0.0147588 3.50273 52.4323 30.6976 49.5623 14.4373 11.6427 13.2338 5.86622 5.75166 3.97275 0.135347 18.639 14.5739 5.90805 155.428 58.5515 5.06409 7.16864 22.5138 8.87055 2.23403 3.10867e-06 388.134
-58.8678 0.0344311 3.65614 52.2627 37.0209 50.7689 12.554 9.07974 12.0749 5.86622 4.8215 4.43534 1.54647 10.6989 10.8755 2.35185 164.006 57.1917 5.53712 9.04573 9.017 6.393 14.8036 3.10867e-06 383.949
-58.8761 0.00240743 3.73613 51.0056 37.4085 44.3906 14.3881 12.0164 17.2409 3.29521 3.61115 4.34557 0.818263 8.51673 11.882 3.51347 168.854 50.6209 1.47143 26.5213 48.0923 10.7164 5.92317 3.10867e-06 391.743
-58.7244 0.0155038 3.40358 51.0056 37.4085 46.2161 12.6083 18.4319 1.58599 18.8079 1.47526 1.74633 0.644235 5.27985 13.5881 0.629102 171.183 56.6265 6.57332 3.03508 24.3867 11.9201 10.1713 3.10867e-06 386.74
-59.106 0.0335416 4.18754 51.022 37.4085 46.2161 12.6083 18.4319 5.54652 17.2348 3.59174 2.69332 1.7062 3.58377 12.9421 0.629102 170.495 47.1711 15.5021 2.96806 25.357 5.64558 23.8101 3.10867e-06 387.514
-59.1563 0.0439582 3.65249 51.6862 37.4085 50.1687 12.6083 7.27738 7.31272 18.7532 3.59174 2.7072 2.06227 2.3489 10.9454 6.41148 170.752 49.453 3.40342 13.1691 55.8178 4.866 12.1962 3.10867e-06 386.847
-59.0528 0.0777528 3.41261 51.6862 39.7271 46.8769 12.5417 2.32955 9.17034 18.7532 8.48058 3.71515 1.19272 2.17326 9.42737 5.7575 163.911 51.7142 2.13669 18.9091 20.7924 6.65147 17.0638 0.000217315 394.946
-58.7546 0.0315684 3.52477 51.6862 38.6206 47.37 9.64093 10.405 13.5287 11.5514 12.5701 2.13821 4.14492 2.12846 10.3691 7.12091 162.102 51.7142 5.8282 12.7713 37.866 6.38206 20.8784 0.000335588 390.809
-58.9124 0.0230067 3.54486 51.9542 38.6206 47.37 9.64093 3.9068 11.8498 9.06222 22.2146 2.44145 9.60966 3.10957 4.62647 8.34834 155.131 58.8067 10.1507 4.24196 42.3158 3.55571 1.8596 0.000311881 393.345
-58.7518 0.0136613 3.49334 52.8472 35.8139 47.37 9.64093 9.5638 9.93134 16.2354 15.0488 3.84757 4.52148 5.30747 2.76125 4.69931 155.994 44.5196 24.3462 12.3134 3.10186 56.5687 22.4946 0.000261649 400.856
-59.026 0.0145257 3.52994 55.4141 34.0275 40.1052 19.8894 6.49157 9.15704 14.5424 17.0375 2.7538 3.91842 1.10105 5.78952 4.63721 157.631 52.6294 19.4204 15.1451 11.9355 12.5635 12.8064 2.19185e-05 392.2
-58.7381 0.0266082 3.51484 54.2642 33.9932 40.5293 24.0378 4.88463 7.18269 13.4893 8.19354 1.48707 4.0646 1.91486 19.8202 4.64408 158.224 48.0351 14.3472 9.72429 66.5764 2.03907 1.35899 3.85653e-05 395.096
-58.8796 0.0246649 3.46588 58.4915 24.9903 42.7961 24.0378 6.93569 6.57272 13.5091 7.80908 3.22448 6.0848 0.159911 14.4758 6.19954 159.67 67.9358 0.30599 20.4512 23.1252 10.1668 12.2632 7.31102e-05 390.675
-58.8017 0.0219512 3.34895 56.2046 24.144 42.4343 24.0378 3.94121 15.3064 22.5827 5.4443 0.553367 3.319 2.24329 17.5512 2.37345 152.474 66.3433 4.14851 21.2981 39.52 17.3162 3.88416 0.000314068 391.771
-59.0495 0.0187362 4.11296 56.3051 19.0699 49.8349 24.0378 1.91517 16.0755 22.5827 2.7931 1.20067 1.1335 3.72387 17.3286 2.62059 152.389 68.9188 3.33305 2.71733 17.9322 2.77297 40.3212 0.000284213 394.226
-58.7631 0.0360547 3.50072 59.2809 19.3607 44.1651 28.0888 4.16758 12.2054 18.8728 3.64451 0.450491 0.985649 6.54756 16.7366 4.49903 155.341 62.3744 5.19971 11.7014 32.135 5.54616 15.0511 0.000770606 388.808
-58.9665 0.0233747 3.76023 60.3035 18.7636 44.1651 26.7762 2.62153 3.09164 29.2904 2.12136 0.420542 2.98839 13.65 12.0253 4.8496 157.54 62.9435 6.93459 4.33046 4.89934 4.19804 12.2584 0.000571766 388.292
-58.9853 0.0334432 3.45095 61.5928 14.7244 36.7759 28.6833 5.24815 3.83228 32.7854 1.42291 3.24581 3.60831 3.23129 6.03334 20.7291 161.358 52.2225 4.34454 12.6245 9.26648 13.5346 4.85296 0.000116366 388.749
-58.7821 0.0172974 3.55125 63.057 13.8003 48.2485 34.7085 3.95574 6.68509 17.9107 0.402691 1.95293 1.96149 3.51161 4.26382 21.2685 160.565 55.6434 8.70841 7.25155 9.87416 8.98842 22.1406 0.000116366 386.72
-58.7919 0.0173795 3.55571 63.057 13.9065 49.2326 31.6946 1.86039 3.75686 17.9107 1.30241 1.24093 6.93834 2.74116 10.016 21.2685 158.682 55.5055 14.5454 7.71667 11.8155 8.12544 1.3544 2.4791e-05 389.737
-58.8682 0.0137527 4.2211 62.6263 13.9056 49.2326 27.46 4.20535 8.3487 16.0606 2.16097 1.01565 3.83207 0.600308 13.1864 20.7119 153.604 62.8458 3.06689 2.39722 8.52819 10.1742 16.834 0.000139898 391.62
-58.8238 0.0429377 3.5655 64.9794 20.6006 41.5954 33.7893 5.18206 7.9877 10.4984 2.89483 2.68986 1.63973 2.18057 13.0769 20.7119 143.568 76.9655 4.81738 2.14799 39.4129 26.869 19.0117 0.000233179 390.822
-58.8394 0.020042 3.61021 64.9794 21.089 41.5954 32.6256 2.1909 11.1763 11.6641 0.628058 1.20529 0.673792 4.25818 13.149 19.4677 143.958 74.9474 3.44344 1.23454 19.0231 18.0229 32.3373 7.42801e-05 388.881
-59.097 0.0344504 3.46722 62.2783 14.9815 38.7687 35.7546 11.3732 10.0827 14.6203 1.28211 1.69135 5.04255 1.82053 12.9551 9.57286 142.652 80.3896 4.61039 2.19164 49.3058 22.7733 35.9368 8.66549e-05 390.928
-58.8524 0.0129988 3.74176 63.4462 16.9603 30.6195 38.8639 7.47584 17.3928 16.9968 2.30016 0.965092 0.289892 3.09264 16.3486 8.50253 143.883 76.7233 4.99595 1.43245 12.9593 6.04281 18.531 0.000213184 388.213
-58.8113 0.0208633 3.44142 63.4462 10.8467 30.2526 44.5601 10.2792 11.4315 13.0519 5.7074 0.837445 2.7377 3.58457 21.4361 2.31654 156.617 73.0777 1.19075 9.49036 23.3548 26.9617 5.49174 0.000326207 392.754
-58.9148 0.0228875 3.6371 63.4462 13.2647 33.4506 44.5601 11.4137 4.78495 12.8845 4.1498 0.385988 2.30039 1.26164 26.5134 1.68891 149.909 79.6467 1.91161 12.601 31.4394 10.5018 14.4154 0.000210835 390.165
-58.9055 0.0541124 3.63022 64.5717 13.2647 32.936 49.1229 14.5904 5.78259 9.34693 5.2044 0.881522 6.46833 2.23523 18.7803 0.885853 142.574 76.0181 2.13212 14.2523 11.5956 5.7703 57.4973 4.19579e-06 392.632
-58.8681 0.0480787 3.29171 67.9446 13.2647 32.5455 39.1458 17.3006 9.0387 11.6221 5.23328 0.45324 2.00541 1.25921 20.0336 6.76633 141.679 71.6876 2.16111 15.2941 14.7441 11.0804 0.391904 1.2008e-06 389.204
-59.0297 0.0829482 3.56764 60.6961 13.2647 31.5303 39.9768 15.7043 9.25459 10.5457 6.35315 3.3852 3.7967 1.25921 24.1884 7.04056 143.629 71.1869 12.961 7.423 4.04695 18.7275 3.34571 9.94324e-06 390.879
-59.1168 0.0437676 3.45748 60.6961 20.8492 26.1734 38.5507 13.1898 9.4287 20.0104 5.2805 3.12731 2.61965 1.52673 21.0243 3.86608 142.308 64.5751 8.2997 11.2895 16.7614 16.6586 17.303 0.000226305 396.601
-58.9975 0.0269473 3.6091 65.5968 21.5074 30.8328 38.3108 4.77779 7.58476 10.5376 9.73905 2.94406 2.38261 2.65165 28.0734 2.74307 144.441 71.9083 8.63737 4.92833 4.29532 16.3943 14.6555 0.000290696 394.901
-58.9287 0.0130076 3.78652 65.3198 21.5074 30.6876 29.1263 5.49752 9.80082 24.294 0.445688 2.40353 1.71888 2.08493 17.6332 13.5164 145.991 73.7064 19.6649 4.79852 8.05272 17.0323 15.6073 0.000265037 392.577
-58.977 0.0221826 3.77605 60.1463 21.5074 33.9356 31.3166 6.76798 5.80326 24.3875 4.32664 0.901985 0.483656 6.93964 20.9609 10.7905 140.63 75.1373 5.22126 2.02691 7.07471 7.82439 13.942 0.000514299 390.606
-58.6903 0.0278166 3.70614 55.867 26.1389 34.0055 31.1942 6.00068 7.50988 23.361 4.3482 1.62657 2.95614 3.31331 11.5977 14.751 141.736 71.3435 2.27091 2.36397 18.8547 24.9827 10.0158 0.000205297 392.669
-58.9844 0.0259159 3.48604 55.2816 28.786 29.8819 33.0865 10.6068 6.92625 20.5612 3.36341 1.81981 2.20597 1.78441 12.0347 12.614 152.232 78.6033 2.48736 1.51087 32.9817 8.22304 8.06148 0.000126752 387.198
-59.2 0.0668419 3.62315 51.5097 30.2767 32.5406 34.4013 9.07947 1.35784 28.8761 0.0498878 2.18227 2.22976 1.01727 19.2159 10.7829 142.756 82.1481 17.4611 3.42048 1.50995 1.51154 3.25329 0.000975516 400.638
-58.7647 0.095873 3.19295 57.0895 26.7356 29.4141 40.0315 8.11358 8.32123 13.937 3.98681 3.84783 3.02665 11.5086 14.473 25.4655 131.596 66.809 16.0989 1.82315 6.78315 5.27413 17.725 0.00178643 396.997
-58.8098 0.0638891 3.27559 54.5112 39.9478 14.327 40.0315 17.2934 5.1658 15.1935 0.582545 3.94777 3.02039 10.0431 17.7403 11.6118 128.53 54.1761 14.4669 7.0272 11.814 3.14802 2.03971 0.00483288 403.251
-59.8041 0.0983861 3.32887 54.6166 45.887 14.327 26.4489 7.42437 34.9275 2.10717 0.776541 2.55232 2.23894 2.5018 28.9953 6.83371 145.715 65.7724 17.7138 10.8487 8.80968 38.2745 20.7028 0.00197967 408.297
-59.0719 0.0520137 3.4605 59.878 41.9442 14.6687 26.7728 6.75347 35.5373 1.82003 3.3846 1.80358 0.297524 9.5109 9.62534 8.56451 151.258 62.3994 15.5276 5.89241 7.76863 10.1598 1.82811 0.00203516 397.494
-58.9504 0.0587038 3.3766 62.3049 46.8264 19.4472 17.8149 5.3244 29.0214 3.56071 3.67723 0.449424 3.06852 12.7082 5.08989 7.06415 161.945 51.0933 2.69841 22.6589 33.1897 5.10288 5.51394 0.000313917 398.521
-59.338 0.0572567 3.21408 47.5912 49.0757 21.7914 29.3581 6.1913 29.6528 1.65543 6.14151 2.07209 0.21268 16.2996 1.43452 14.3585 150.103 25.945 8.60554 27.9037 19.7892 7.84251 20.1767 0.000253947 403.882
-58.8261 0.00217837 3.58289 45.8341 54.4749 28.0162 32.6577 3.77054 19.724 1.14553 1.6807 2.846 4.42483 5.33231 1.25205 18.8779 145.38 29.291 9.98304 30.5664 18.8137 42.9585 62.8219 5.87043e-05 404.617
-58.9803 0.0435533 3.50306 44.9255 54.4072 21.6445 44.7053 3.7642 18.0272 4.24318 0.993736 3.48707 0.991947 1.4444 4.78308 26.8005 146.071 34.9813 17.6089 27.3574 13.0703 21.7977 106.329 7.73671e-06 399.596
-58.8958 0.0408056 3.63058 45.7938 53.6059 21.6445 40.6378 2.0885 16.9752 13.9787 1.20167 6.10106 1.81813 1.4444 4.66633 15.6129 142.29 75.3122 10.1724 8.73808 13.734 62.4799 19.4369 4.81732e-05 393.225
-58.9747 0.025881 3.74093 45.7108 58.5229 11.4369 32.1767 4.49633 14.2174 27.9761 1.63236 3.67389 2.68915 4.86462 4.04085 13.5759 141.305 72.7373 13.4212 13.6821 27.4171 13.9067 30.9666 0.000101363 394.145
-58.9555 0.0160682 3.54768 44.4884 61.3484 12.211 31.461 4.21649 7.01502 25.192 0.254005 2.68345 1.12617 8.07139 6.01459 14.4 153.658 70.0181 6.86898 21.4357 18.7991 7.59513 13.8376 5.16628e-05 388.014
-59.0743 0.0618188 3.36344 44.1285 67.3056 6.46905 34.8926 5.64329 8.93411 21.4535 6.61626 1.06128 1.01707 7.00849 10.1014 5.26989 155.246 67.3841 13.2934 8.20857 7.33367 43.8858 5.40561 1.93279e-05 389.806
-58.9273 0.0583922 3.44123 42.7244 69.6748 3.69391 37.0661 9.94554 8.12168 18.8898 7.98698 3.7655 1.01707 4.52059 15.2451 4.41432 144.245 72.9049 4.04513 7.67316 26.0965 40.0693 20.0387 1.8102e-06 388.857
-59.2344 0.0420806 3.62917 42.6892 63.7386 6.13858 36.4962 6.80347 6.91137 13.9686 6.44951 2.02095 0.770877 11.745 15.4421 6.51717 142.18 80.8641 1.29615 7.51844 28.6102 39.4848 15.1619 1.8102e-06 392.863
-59.0566 0.075217 3.28317 43.3179 63.7048 10.1882 30.1447 1.86672 14.4262 13.3186 14.338 5.89674 0.770877 15.8963 14.886 3.43415 131.524 83.3411 0.961992 4.88298 17.7484 5.57918 2.25951 3.4904e-06 393.307
-58.7607 0.0123067 3.90749 45.1223 63.9738 9.26254 36.2297 9.23433 1.84454 12.7832 9.42242 4.64608 0.560338 2.54966 13.3799 2.67294 163.62 59.6555 11.0182 2.98118 4.20912 60.8692 10.3834 3.4904e-06 389.722
-58.7888 0.0279814 3.92541 43.1981 64.974 13.8463 28.4793 17.84 5.60756 13.5608 0.74788 2.90969 6.13838 2.80418 6.24336 4.81763 166.063 55.3674 11.0933 6.83157 39.8969 6.73523 9.90217 3.60412e-05 391.646
-58.9678 0.0330813 4.03925 39.7178 68.5891 14.9898 21.8192 18.7158 6.77391 16.7472 7.32365 2.5929 7.56506 4.06761 6.24336 2.10631 154.763 73.24 5.11349 2.28638 44.3368 3.21897 5.84393 1.85861e-06 389.051
-58.6707 0.0341262 3.87781 39.3876 70.7605 18.0192 19.1602 13.6319 7.56367 15.029 3.96169 2.98303 3.85421 6.1592 8.22627 7.36945 155.474 69.5664 6.1169 2.16352 52.522 2.46169 5.38714 1.84715e-05 388.585
-59.0794 0.0190712 3.78569 39.4661 70.3309 20.6362 19.1091 9.1698 12.1035 15.774 8.62571 7.19522 0.192331 7.60501 4.81703 1.03247 156.988 72.9069 5.31915 1.72297 14.4238 6.0133 2.07412 2.69742e-05 389.252
-58.5811 0.0142689 3.58093 39.7743 67.9672 21.4387 26.5933 4.77779 12.4145 13.4124 3.37148 10.8077 1.56615 18.8624 2.16903 1.8324 148.793 64.1418 17.2784 3.43276 32.1012 53.2515 6.4779 3.42189e-06 393.26
-58.8855 0.00987428 3.41588 39.4478 71.2349 15.9992 30.2234 6.3802 5.9402 10.8071 3.46747 4.09866 3.8834 3.34163 6.34821 23.1312 158.107 57.2248 13.6313 1.84582 56.4445 26.2802 12.3015 1.24688e-05 388.501
-58.844 0.0456132 3.43713 39.5158 74.1845 9.16923 39.7057 4.89629 4.64779 15.5389 5.07571 4.29686 4.49629 8.46404 6.99991 21.6879 141.304 56.5153 13.8855 6.44569 8.71217 21.1977 0.970662 2.28237e-05 393.382
-58.9946 0.092586 3.20992 44.8159 76.7464 8.83924 20.6286 2.30604 3.65739 28.066 1.76896 3.19016 2.7523 9.16638 0.432955 21.2419 159.722 45.9372 8.03992 17.6133 5.0459 19.5659 27.9535 0.000223348 395.553
-58.8051 0.0800984 3.37883 45.2722 77.3059 3.15797 31.8726 3.45252 0.599665 28.6764 1.76215 0.0989033 0.787431 5.73134 0.520042 13.8055 170.245 49.6036 6.43352 14.8702 0.831596 19.1788 37.5807 0.00026519 397.791
-59.3333 0.0930932 3.37794 42.3388 80.5131 3.15797 28.1396 4.51034 2.07211 30.8781 4.47666 1.86707 0.939758 8.96547 1.28229 9.17332 164.809 50.4952 6.59656 20.297 6.29805 19.2157 20.6246 6.45714e-05 397.783
-58.9088 0.0226929 3.66042 40.0668 74.0844 3.15797 33.0396 7.01991 3.55453 31.4959 3.89815 0.15523 7.07912 8.00717 2.06659 5.645 170.109 50.4139 7.25479 3.81602 28.8812 19.0938 1.38754 7.76556e-05 393.678
-58.7952 0.0229881 3.40595 39.2537 75.1853 3.15797 33.0396 7.71844 1.49201 21.2558 10.423 0.0565446 5.01871 4.48983 1.14799 4.03298 166.408 67.5149 6.25806 6.9061 16.1905 19.0621 14.4488 0.000125047 390.579
-58.8082 0.0431535 3.49052 43.4644 70.5573 3.39654 33.0396 7.9537 0.396705 20.3083 13.7394 0.809568 6.0069 8.63236 5.83948 4.45633 164.52 54.939 5.71847 11.1769 23.7401 18.9423 50.1159 1.95236e-05 393.053
-59.0367 0.0479946 3.61577 39.787 68.2789 12.671 33.0396 7.80936 1.93334 21.8165 3.51588 9.56406 3.67821 7.31254 12.8372 1.09891 156.662 58.3546 8.31699 5.89057 29.8672 18.7486 13.8184 6.17727e-06 391.24
-58.7557 0.0182516 4.13481 40.8265 68.669 16.5177 28.4215 11.8378 1.02392 17.5426 1.20835 7.8225 2.40257 10.5466 6.24523 1.825 166.277 53.0336 2.27667 16.8237 27.2338 18.3989 9.37018 3.17845e-05 390.246
-58.9724 0.0541453 3.72573 39.6328 68.8347 14.2066 26.6267 10.47 1.98555 5.82937 8.90796 6.78231 5.04699 1.98542 8.78757 19.6771 155.249 51.131 13.2379 16.5322 56.9396 13.0099 6.23516 3.11228e-05 397.731
-58.867 0.0551569 3.68592 38.9686 69.8365 17.5126 26.1079 16.8497 2.28729 6.14568 6.18082 0.568755 5.86258 4.72161 11.9968 20.6175 146.057 67.5844 2.79066 11.2242 21.1319 2.97741 27.4748 3.16542e-05 389.823
-58.6408 0.0116089 3.64403 39.0361 69.8365 17.5126 26.1079 16.8497 1.03388 6.66982 8.50088 1.30997 2.66412 10.9645 11.0144 9.6051 153.256 73.6073 5.17402 16.0723 30.01 9.79526 18.5585 3.16487e-05 391.901
-58.7622 0.0220542 3.73505 37.796 67.5203 26.0593 24.9194 18.4071 3.53403 15.831 6.51965 1.62562 0.389561 3.22327 5.878 4.03841 153.852 68.4091 12.1696 13.0885 32.9416 31.18 18.0185 3.20263e-05 395.282
-59.0455 0.0223247 3.8989 51.5586 40.0413 27.4367 29.9295 2.78925 6.41917 18.2148 9.98839 1.77018 4.09876 4.38583 7.33316 15.7715 151.272 68.5731 6.0598 9.92077 13.2776 4.29296 1.40431 1.92173e-05 386.748
-58.7961 0.050964 3.24817 62.1784 31.1938 24.0908 36.4787 3.83878 6.30459 17.7142 5.5461 8.29832 4.17416 2.34952 7.24072 8.95807 151.566 69.7721 5.12994 8.40492 25.3346 3.39704 24.4167 3.58964e-05 391.43
-58.8767 0.102703 3.39629 57.364 27.8909 26.2699 40.8091 8.88784 3.89423 20.8217 4.86052 1.9008 0.611947 5.83332 16.6448 0.983023 154.855 75.7924 3.06786 2.87929 12.9159 6.80746 8.19395 0.000118725 387.171
-58.9714 0.0265522 3.35392 55.1058 29.8581 30.2267 36.1916 7.37294 5.42653 18.7175 5.90101 1.5045 2.17089 11.3005 14.5446 10.8982 152.693 61.7917 1.12898 1.82964 5.58367 26.4806 9.56292 1.0419e-05 385.578
-58.8971 0.0266296 3.55118 56.9181 29.8581 30.2267 34.13 7.37294 6.15743 18.4829 5.24963 2.23777 2.50025 6.0754 14.3349 0.907227 153.252 81.7646 3.2662 1.77507 6.73846 77.5254 24.0061 1.0419e-05 388.223
-58.9307 0.0246263 3.42013 63.4949 17.8452 15.2515 55.5117 12.198 13.0054 7.08251 1.5967 2.02867 2.51247 16.9335 4.05597 7.73245 148.676 74.9188 0.943514 3.12562 35.2143 20.7545 34.8022 1.65634e-05 388.113
-58.6148 0.0721921 3.32204 57.8027 19.7506 16.2149 53.873 13.1791 17.8552 7.18058 3.7204 2.20337 0.689501 6.81061 2.76721 19.612 151.908 74.2198 1.24232 1.01462 12.0725 4.54766 41.9714 4.04526e-05 390.508
-59.0316 0.0313691 3.49357 59.7472 19.7506 20.6511 51.637 12.825 14.363 4.58473 1.51943 1.5808 1.21777 9.79404 4.22018 14.0058 155.347 76.9676 8.31891 14.007 10.1491 56.2262 8.53755 0.000104016 392.314
-58.6804 0.0308261 3.70797 59.7472 21.121 19.106 53.4998 8.67498 12.1861 12.4115 3.10105 2.88219 4.41896 13.7346 1.28498 1.72673 159.478 75.4464 5.95991 3.25657 7.75013 96.4964 15.8829 0.000130425 395.645
-58.8627 0.0321332 3.69325 57.4658 25.8073 15.8131 55.7143 9.25886 10.0024 10.1257 5.10839 0.780109 2.64799 4.83479 6.8211 11.291 156.068 67.4193 9.14839 2.46595 6.1213 11.7127 26.4315 0.000594462 387.588
-58.9676 0.0193056 3.39723 56.7808 26.0933 17.4959 47.3892 3.67631 19.364 13.3941 0.665416 0.928314 2.62578 20.6819 5.46423 19.7271 139.391 70.8147 3.95649 4.01661 21.2737 4.34902 21.0076 8.13023e-06 390.817
-59.0259 0.0193056 3.95615 57.1053 26.0933 15.9074 56.0132 0.880224 11.8336 15.2913 4.92457 0.141788 2.0324 9.28917 8.27557 18.5437 142.022 74.5708 5.15215 2.75064 5.75234 40.3711 6.41905 8.13023e-06 386.685
-58.8564 0.0562454 3.46283 57.1705 25.1065 12.9478 51.7547 12.5628 15.5435 8.35369 5.52346 0.798768 7.4229 2.75884 3.56643 24.904 138.94 77.0426 1.56916 7.7487 34.7994 23.6896 12.5855 8.13023e-06 386.857
-58.9397 0.0495267 3.45692 45.3477 55.5969 0.679535 50.0999 14.3159 15.4744 5.22582 2.22658 0.981004 5.2801 0.108112 5.25591 31.6 133.61 52.2579 23.5666 3.63211 5.61751 6.94333 26.3186 0.000109423 396.355
-58.7392 0.0419803 3.32887 49.233 49.9213 13.3255 45.3016 6.82772 9.54509 5.29744 3.09418 1.86015 7.29016 6.89322 10.5862 17.844 140.514 70.3853 5.15826 7.60212 26.4017 14.8191 21.387 1.22806e-06 386.171
-58.7975 0.063677 3.35782 44.9864 55.0108 12.9813 36.1606 0.634359 20.1291 10.4139 3.70716 6.25644 3.71167 1.73371 4.57682 26.3501 142.464 72.7447 1.22165 16.5589 14.1329 1.47384 28.8181 1.22806e-06 386.731
-58.7916 0.00706294 3.65178 46.5109 55.4382 10.8137 39.4118 0.301915 15.4846 17.8314 5.55495 2.86297 0.723236 2.91123 2.57968 29.8171 145.532 67.2799 2.8231 4.66005 61.2302 17.4484 47.2289 3.55527e-05 391.997
-58.781 0.00052001 3.49131 45.3895 60.5512 4.76386 40.9685 18.2036 13.2882 0.990194 3.23532 4.08848 0.527713 9.18035 3.61762 31.4335 144.663 53.8202 12.6558 3.20349 34.4223 22.645 13.3282 2.26827e-05 389.8
-58.7167 0.0159195 3.42323 46.5982 58.3242 7.05555 41.269 17.9367 13.9179 1.90792 3.94279 2.68087 1.6735 6.89937 9.23753 20.2677 144.946 58.3534 12.1192 4.96042 44.4997 6.95837 4.14663 2.26827e-05 391.715
-58.7038 0.0178077 3.50598 47.7678 50.4278 7.53239 40.4264 12.9296 10.4693 2.03885 8.8042 4.08284 4.49529 7.34171 9.78507 15.8521 146.689 74.7751 0.639655 3.23445 8.63513 3.54077 38.5831 2.26827e-05 391.125
-58.7088 0.00198043 3.5878 47.6061 57.5848 5.85172 39.5787 15.1065 5.14419 1.30942 8.68984 3.31284 3.82898 13.8483 1.94363 15.615 145.83 74.3128 6.08777 10.1292 25.893 23.0495 28.0357 2.26827e-05 393.227
-58.9303 0.0345968 3.5489 44.9094 61.9211 7.2055 38.299 15.7291 12.2295 4.84772 6.82745 4.07158 5.02676 14.9921 3.0548 11.6645 134.25 84.2506 0.268303 6.40718 25.6891 20.7817 6.45899 2.26827e-05 392.91
-58.7176 0.0143849 3.57166 39.8733 68.4131 13.7698 35.2253 11.8449 12.9485 4.51447 11.0071 2.28083 3.96792 8.47932 10.1997 9.30489 130.957 79.9482 0.783792 17.0058 11.9087 21.055 31.0566 4.23888e-06 393.029
-59.0004 0.0579063 3.334 45.0198 63.9264 10.5276 34.6893 14.6866 1.30187 0.491873 1.1019 14.5049 6.03028 12.2165 3.29257 13.4249 150.362 75.0033 2.70076 7.37016 7.19584 17.9691 14.203 3.11422e-06 392.214
-58.5457 0.0493656 3.23271 42.3841 59.1211 11.8648 44.7267 21.5051 4.00692 0.0598799 3.3894 4.98513 0.093804 13.4395 4.07877 14.4752 146.698 75.528 4.68461 5.39797 26.1615 5.79991 33.078 2.66349e-07 392.34
-58.8635 0.0177652 3.91399 47.2596 49.1256 13.8738 39.452 21.7012 9.22982 8.05115 4.62646 2.74997 1.09205 8.87169 2.4113 12.6514 144.761 75.2695 16.587 4.3918 51.6101 9.27604 13.692 9.35671e-06 387.882
-59.0369 0.0242634 3.7124 48.5916 45.5317 13.2848 42.2902 16.042 11.9181 3.17649 6.43286 1.44902 1.86396 12.0994 4.40571 12.8451 150.637 72.7745 10.0541 3.76031 56.3023 22.7994 4.93624 0.00212201 394.085
-58.8736 0.0197087 3.65123 50.0692 44.3329 12.5642 45.3696 15.1912 11.0681 3.10692 6.46034 1.53811 1.98241 2.96688 6.33483 11.5833 158.784 66.8258 0.893474 14.5385 30.8657 44.1812 1.8864 0.00503677 394.735
-59.0607 0.0293607 3.55462 49.248 42.7422 16.3777 40.0756 18.8681 7.26039 3.47794 8.96796 2.50324 5.01031 13.4645 3.53813 8.02491 156.972 60.6816 4.63188 7.64671 22.6415 60.8826 1.07261 0.000875408 395.282
-59.0149 0.0285377 3.34951 50.124 49.4874 17.4981 40.0756 11.2366 4.82844 7.50957 2.86299 3.31016 3.01049 17.7289 3.53834 10.0588 162.125 40.5728 4.49466 33.1607 35.2126 15.5493 7.17847 0.000122324 395.767
-58.8435 0.119296 3.3744 52.4443 34.981 17.9396 48.8878 11.6224 7.36196 7.75652 2.47918 2.9018 3.56986 12.2881 15.7979 7.39832 142.163 72.1743 24.3554 0.694426 11.7198 4.97785 0.441474 0.000200536 396.404
-58.8143 0.0347513 3.83283 52.4005 34.981 20.2852 48.2413 7.06955 4.70053 16.1566 1.21985 2.762 3.47322 8.8165 14.0411 11.3427 142.119 70.7502 11.4007 4.74165 26.1718 1.29732 17.1232 0.000584515 392.657
-59.3574 0.0618419 3.43112 54.6481 34.981 19.6799 47.9892 10.3367 5.1993 13.0835 2.53061 1.36233 3.54114 5.00605 10.9505 12.521 149.451 67.1473 1.44813 11.1896 5.51549 4.75105 5.46071 0.00178207 390.658
-59.1276 0.0629154 3.28917 54.4558 32.5044 19.2068 48.1735 15.129 9.60448 12.4823 2.63048 0.348375 3.07376 6.21401 3.11324 15.1797 148.963 72.8238 5.57677 10.0187 1.03556 2.54201 40.3527 0.000811311 392.866
-58.8778 0.0705623 3.32417 58.0917 26.2969 19.2068 45.3596 8.71594 5.84033 23.0574 2.10901 1.0224 2.45995 6.36277 5.97517 21.9325 144.898 68.9375 0.881207 8.16872 35.7229 8.72319 7.45321 0.000519062 389.797
-58.6182 0.0080501 3.59188 54.904 32.2479 20.3468 45.5267 5.01562 3.44536 25.4237 0.816561 2.12339 1.35148 6.00079 3.82184 20.2252 145.811 76.0294 5.08983 1.17294 69.7774 8.26184 0.621974 2.39862e-05 389.884
-58.894 0.0132095 3.3087 54.2687 28.1889 20.572 46.7335 11.0802 10.4679 19.7242 0.792838 2.15152 0.476395 7.42503 16.9222 16.1272 151.446 55.061 5.91727 2.28455 1.23218 8.22166 64.7669 2.39862e-05 396.166
-58.7405 0.0419098 3.29433 56.756 28.6094 21.0192 47.9538 5.56734 11.6811 17.5301 0.411556 0.487052 0.455074 5.72395 14.7924 12.3173 148.878 68.7415 3.43546 15.0601 7.01951 25.2662 17.275 7.62653e-05 388.771
-58.7283 0.0645299 3.36529 57.1163 28.9229 18.1492 46.6252 5.56734 12.2766 18.1739 2.55893 1.08011 0.512584 6.11474 15.3362 8.20878 162.864 51.6383 7.09094 9.66437 6.30532 33.9833 37.0763 0.000793778 390.79
-59.0858 0.0642072 3.23782 57.1163 27.4438 28.5163 38.4688 2.98316 12.5213 18.1739 1.08313 5.50557 0.442905 5.09888 10.793 6.4153 169.416 54.3068 3.66559 14.0086 8.4243 15.0571 17.8472 4.49316e-05 389.083
-58.9633 0.0638731 3.29542 64.9754 13.9383 43.3078 29.061 1.03489 14.1659 18.6569 1.08313 6.51072 0.578596 7.90862 1.28348 8.00072 166.999 68.929 2.93472 2.05459 4.46825 32.0421 7.14148 9.21475e-06 389.788
-59.025 0.0183832 3.68347 62.9523 13.9383 45.5451 25.8141 2.65105 9.94063 25.0571 2.51801 8.63102 0.824414 8.27729 12.3965 2.34008 158.756 61.8618 6.81923 7.91786 42.7398 11.5191 7.7715 2.47243e-05 392.396
-58.9614 0.0923349 3.35145 62.9523 13.9383 45.5451 29.3163 7.23765 15.0005 15.396 2.18334 1.80346 0.312253 16.6408 1.15571 6.0858 156.297 62.0217 18.3654 2.15264 15.0835 5.98213 6.21043 4.5346e-06 388.422
-58.8224 0.105234 3.01585 65.0254 13.9383 45.5451 27.5259 8.84078 19.18 8.54825 0.247285 0.863818 3.32251 21.2969 0.785521 4.74521 154.532 63.4306 10.539 4.58205 2.96262 5.74381 6.36074 4.5346e-06 386.932
-59.0768 0.136136 3.52059 60.4292 13.9383 45.5451 26.2633 7.39219 16.7391 13.1827 3.98357 1.87254 4.67112 13.5643 2.93139 1.27219 159.991 67.2064 2.74011 6.02803 16.2074 5.49119 7.30942 4.93033e-05 391.787
-58.8395 0.0737178 3.35261 63.7777 13.9383 45.5451 30.615 6.51376 16.6359 9.72517 0.783457 1.10872 4.05891 11.7559 0.180393 6.82234 164.025 61.4885 9.35128 14.9187 10.144 18.679 24.5481 2.40644e-05 389.107
-58.873 0.0341843 3.62966 63.7777 13.9383 39.4272 34.23 6.6162 20.1596 8.87867 1.7452 1.03232 3.08578 8.12603 6.49057 11.4767 164.956 59.1524 5.92477 8.81324 18.8618 20.5427 27.5357 2.40644e-05 387.044
-58.8323 0.0106741 3.89554 60.1758 13.9383 38.6024 34.23 6.6162 17.955 8.48404 3.06003 1.62966 5.88792 15.8536 1.76667 11.8375 162.063 56.1507 5.17599 9.52899 4.3071 18.6013 19.217 2.83243e-05 387.013
-58.8257 0.0119595 3.43208 59.7996 18.5389 24.1259 48.5672 14.5058 17.3116 5.07276 4.77849 0.983872 4.56073 9.04951 5.4968 0.737479 160.92 68.9613 1.93036 10.9752 40.0702 18.8903 13.9595 0.000230439 390.97
-58.7046 0.00569351 3.46764 62.7132 12.2298 23.8332 56.3242 8.02623 9.78926 10.9959 4.68466 3.07098 1.96241 9.75977 3.16069 1.43659 164.62 69.6196 2.04489 1.48982 17.5971 3.20755 15.4631 0.000201029 387.862
-58.743 0.00449053 3.51613 62.8347 12.2298 26.5975 54.7573 6.3945 5.73361 18.4784 1.41629 3.00712 1.32947 9.42994 3.72809 4.84536 161.955 64.1958 1.17896 2.0311 70.0227 10.9883 5.80561 0.00024318 391
-58.9049 0.0205733 3.46695 62.9974 16.8209 23.6649 53.1569 8.88883 3.74501 17.8019 4.31467 2.91661 0.95408 5.398 5.16834 4.90994 161.036 66.0374 24.6921 3.5548 9.34963 7.98902 17.2514 0.000857119 393.359
-58.8858 0.0330053 3.61681 62.1274 16.8209 18.9044 58.409 7.8537 7.9721 13.8988 5.11557 2.14985 1.08277 14.6298 6.15946 6.31369 153.001 69.6072 3.37508 2.82451 15.4113 5.95977 6.96882 0.000316448 386.585
-58.679 0.00611848 3.55023 61.8619 16.9749 22.7353 58.409 9.67943 2.76029 6.72846 12.2296 0.842267 1.35038 8.78108 13.0014 8.98008 150.294 73.5984 2.78749 4.11051 23.0871 8.33651 26.0315 8.96714e-08 385.037
-58.8372 0.00931978 3.43568 65.7761 14.2275 18.0626 58.409 7.41089 12.6838 12.0984 4.65348 0.874325 2.4248 4.2458 2.07549 11.0472 155.905 75.1346 0.645749 4.68922 22.4158 13.8417 16.9267 8.96714e-08 383.295
-58.6975 0.00970711 3.6679 67.7595 10.2237 10.3416 66.9535 7.52901 12.048 6.06732 6.2481 3.11295 2.44204 5.11128 12.2833 4.99873 151.079 80.9689 2.62593 9.71714 1.73419 11.7146 3.49461 8.96714e-08 384.767
-58.8041 0.0274291 3.38594 60.0855 14.2252 2.6062 80.7967 4.67521 10.545 11.2391 4.02582 2.5563 2.45673 4.03846 10.4864 18.8901 147.381 63.502 2.31654 6.65426 11.0522 26.8655 19.1254 8.96714e-08 381.7
-58.7119 0.0324856 3.42754 60.0855 14.2252 2.6062 83.546 4.73099 12.8353 8.69062 2.82151 2.27419 1.79493 2.85231 12.5568 17.3753 144.089 70.8877 2.058 7.99712 13.3164 20.968 6.97763 8.96714e-08 380.849
-58.9534 0.0432539 3.3266 60.0172 14.0581 2.76544 83.546 5.28008 12.8353 7.12961 1.27879 5.17136 2.41265 11.8276 1.64637 18.3138 140.098 80.6392 2.13088 13.9851 37.2918 11.3717 55.082 8.96714e-08 387.637
-59.0968 0.0847794 3.34372 60.0286 18.0456 2.76544 83.546 2.73078 7.33327 7.12961 1.11716 3.33605 7.68582 4.42798 15.9433 14.8834 140.098 70.7306 11.6118 8.33004 8.15732 6.21966 84.8868 8.96714e-08 392.451
-59.123 0.0459551 3.42789 60.3952 23.1908 2.22543 81.9516 4.64684 7.667 3.71804 3.63751 1.93747 6.46216 3.74668 20.0162 7.82579 140.098 70.6862 28.7453 5.85585 3.17676 1.69041 29.5846 7.09552e-08 393.307
-59.0855 0.0445329 3.62346 57.0732 27.7015 2.22543 81.9516 9.98161 1.55639 9.33672 2.81895 6.74854 6.76227 5.73767 17.0912 4.73344 134.131 72.5025 2.5802 7.95065 0.857759 6.57737 22.4475 5.52642e-08 390.39
-59.109 0.0285316 3.42071 58.0445 28.9629 2.22543 77.5756 8.345 5.44297 7.73714 0.662988 4.43007 4.81603 8.60521 19.5219 11.5808 131.696 73.7519 2.4213 5.10254 11.6751 1.04504 25.7917 2.08875e-06 391.276
-58.9617 0.0482938 3.34131 54.5806 33.7768 2.22543 77.1064 9.90674 6.18333 2.76295 3.6698 0.956718 6.21213 0.768767 18.8506 12.9123 131.696 89.0259 4.55314 5.10254 18.0486 35.5465 21.5602 0.000124451 395.061
-58.8306 0.015863 3.47034 57.0538 32.4025 2.22543 77.1064 14.48 1.56951 4.76963 5.15655 2.08177 4.5629 10.5335 19.5033 10.4444 124.649 73.5898 2.41221 2.84182 25.2771 26.7688 63.226 0.000102821 397.32
-59.0595 0.0247031 3.83775 55.177 23.0749 12.0803 76.566 19.119 2.05002 4.34231 0.473953 0.579453 4.15913 4.81626 13.4329 9.82078 133.074 86.3051 3.32894 7.89875 59.7486 51.9068 22.9135 0.000126294 403.667
-59.0223 0.0156098 3.71258 57.0288 22.1158 12.0803 66.1669 16.2109 2.05002 8.35617 4.03119 3.26924 1.87081 9.49213 0.535446 10.621 170.745 47.0381 4.6894 5.52774 49.3484 38.8146 10.8622 1.73695e-05 391.189
-58.9978 0.0197631 3.48382 57.4053 23.1429 12.0803 66.1669 15.9488 8.74735 3.76944 3.43952 0.397765 1.80989 7.60969 0.535446 13.4952 169.782 57.9477 9.43758 12.9001 26.8927 29.8196 61.8302 1.16882e-05 392.525
-59.0248 0.0175564 3.77787 56.2307 22.1007 13.1315 66.1669 16.545 3.35415 4.0702 1.78064 4.92626 2.70223 7.20802 11.953 13.7741 159.122 53.0758 9.7177 5.06194 23.378 40.6612 39.0579 2.25819e-06 389.409
-58.6906 0.0217014 3.64439 58.2094 21.0514 11.6238 66.1669 11.8117 3.83978 6.69406 2.51332 3.16581 3.86315 7.20802 15.1565 11.109 159.122 64.125 15.284 0.831858 42.4018 35.2061 34.6904 6.93938e-06 393.246
-58.9489 0.0682781 3.51258 58.5688 25.7749 9.74128 64.754 4.19713 5.35135 4.1955 3.22121 8.12816 6.88551 13.6336 16.6178 4.25526 140.911 73.2374 15.0643 1.51363 35.8362 4.5557 29.6581 6.05933e-05 396.437
-58.7631 0.0495453 3.28124 51.9125 38.8045 10.3931 64.754 7.5765 7.06405 6.14823 2.9978 1.22856 6.5563 8.42706 11.4663 6.20466 149.809 74.3231 7.35643 1.47784 44.7568 34.0812 0.621555 2.43724e-05 393.59
-58.808 0.0709613 3.36555 54.1852 36.4701 7.18831 64.754 8.79442 7.59528 9.08709 5.15445 0.586262 0.768846 7.938 11.5889 5.49346 150.337 76.5705 3.40537 0.564793 13.8568 21.6088 4.88779 3.3881e-05 387.724
-58.8627 0.0253317 3.48522 53.5729 32.603 7.18831 64.754 15.3514 1.84764 8.16519 6.36326 1.46686 2.73146 7.80552 11.718 7.89822 147.018 71.9932 10.7526 1.14968 20.815 35.0109 53.2727 1.73489e-05 387.272
-58.6406 0.0345279 3.40082 53.9268 33.5508 8.15478 59.7706 23.1163 3.2566 2.38703 1.11306 3.42079 0.382733 9.46384 13.5443 6.27606 147.022 72.154 13.3376 1.37727 5.49507 46.1647 7.37184 1.59382e-05 392.843
-58.9202 0.0270616 3.20236 53.2561 33.5508 8.15478 62.5486 19.3545 7.39417 4.86272 1.11306 1.56701 1.15102 6.92285 7.40146 4.95123 157.843 75.9677 4.69353 1.7195 8.52618 0.637629 32.9002 0.000113755 391.462
-58.8963 0.0250514 3.38582 58.4926 28.9211 8.15478 62.5486 13.4197 8.30238 5.23801 2.39188 1.91557 2.36799 5.94795 4.86074 11.4888 163.042 69.7818 4.91392 0.553126 8.70311 0.779941 20.3717 5.01411e-06 384.396
-58.8663 0.012282 3.67199 53.546 30.2975 8.15478 62.5486 19.1255 6.5217 5.71873 3.546 1.98944 2.95442 5.6287 4.36468 6.56391 167.081 61.7124 3.47951 2.49715 3.98718 5.60239 13.0776 0.000363642 389.374
-58.8645 0.0269436 3.62826 54.0862 30.4371 8.15478 64.5754 19.1255 7.02993 4.13761 0.767152 3.04359 2.76125 8.60689 1.3262 12.0581 167.876 60.6149 3.67468 6.01343 7.47496 0.358252 19.545 0.000363642 389.05
-58.8879 0.0223431 3.38325 53.8594 29.8955 8.15478 64.7467 16.3312 7.57053 4.13761 2.71686 3.87919 0.865547 10.3942 4.60546 15.5128 158.289 55.3438 5.22332 1.65627 4.00659 12.9996 6.45689 0.000173269 386.769
-58.8931 0.0160191 3.50588 53.242 31.3846 8.15478 67.5385 15.6783 9.76331 5.702 0.122219 5.69879 0.517538 11.5817 0.743602 16.6499 155.852 55.0507 7.9429 9.84637 26.3775 14.5164 6.97626 0.000173269 389.202
-59.0111 0.0762242 3.59698 56.2801 30.4867 7.99964 60.0065 16.204 8.57826 4.45661 0.0883875 8.37007 2.67934 4.62308 4.32028 19.3993 145.095 71.491 7.04028 3.93233 10.0543 6.26577 10.4219 3.92427e-05 389.923
-58.8096 0.0212002 3.38594 54.9492 28.0469 10.8929 25.4718 28.3172 16.3774 21.5268 1.1299 1.22545 8.23878 0.756615 10.4232 15.3083 143.279 75.0157 0.561116 16.3169 9.91254 15.7278 6.47264 1.25382e-06 395.497
-58.9658 0.014452 3.39579 55.1226 29.3994 10.8929 25.8021 31.5003 8.68335 29.616 2.09422 2.85346 0.0757391 4.17034 12.9481 9.88252 141.605 75.2331 3.9538 5.01572 6.46703 17.9108 3.34923 1.25382e-06 394
-59.2576 0.0698633 3.5335 64.9962 22.7174 10.8929 30.4828 31.8904 16.3686 14.5951 0.989406 3.92162 1.91086 10.2028 8.20184 5.82003 147.59 67.4066 3.02638 13.5781 5.87801 27.4405 0.916529 1.25382e-06 397.953
-58.6706 0.0646306 3.3291 65.177 12.6673 10.8929 31.276 27.5881 17.9822 14.5951 2.83462 2.03284 3.85248 19.5626 2.89629 8.75732 152.285 67.6227 3.09512 3.15524 5.98124 5.65475 0.42773 1.25382e-06 395.029
-59.0028 0.073146 3.467 59.3915 27.1878 10.8929 31.276 23.8413 17.9822 13.583 3.89979 1.76068 2.79568 19.5626 1.98373 8.69735 148.652 67.815 10.2658 12.0383 6.45636 2.19538 14.7133 0.00104567 396.278
-58.837 0.0445508 3.28871 61.9739 27.0653 4.30275 29.6784 23.7518 17.9822 20.385 5.80515 2.09879 4.42717 19.5626 3.50361 8.60015 142.666 69.0405 5.09924 4.52344 3.408 19.2442 18.8157 0.000162788 397.012
-58.7215 0.0184292 3.4681 62.4272 34.3099 4.30275 29.6558 21.1436 14.6182 20.385 2.46839 3.4344 1.53719 15.3787 1.53316 13.3746 151.143 69.1674 0.781385 8.63884 8.76227 36.7541 8.55847 0.000162788 397.557
-58.8583 0.0610424 3.54672 55.6499 40.7732 4.30275 29.8496 21.0178 12.5298 21.4237 3.82531 0.0304543 1.47486 13.5703 5.52832 10.8657 150.783 77.0346 10.055 3.78548 6.65865 9.52389 41.6008 0.000219247 398.609
-58.8352 0.0241383 3.57199 50.4521 40.7732 6.54753 22.9718 34.1169 6.79602 21.4237 2.04485 4.48787 2.57031 16.6675 3.69018 8.72612 145.436 76.2092 4.49166 2.17077 35.5045 33.5188 34.3342 7.37668e-05 395.372
-58.9369 0.0445484 3.39497 50.4521 39.4292 7.13511 30.6091 32.9932 12.5728 16.1777 3.46972 1.0214 2.2292 11.6406 4.40096 12.5892 145.987 78.8721 5.33103 1.28399 56.2549 32.3092 30.8985 0.000220877 400.008
-58.8749 0.0372957 3.75561 48.8649 47.3568 12.7488 40.0762 23.3847 1.55618 9.38209 1.17389 2.75445 0.640404 13.7464 4.04865 20.1822 142.037 66.2921 7.46804 6.46182 19.4579 17.9717 30.5192 0.000115371 392.099
-58.9282 0.0460116 3.48386 50.297 39.7181 15.0972 45.8846 13.5169 20.0696 10.8084 1.49525 0.493581 4.31437 5.69041 4.97321 7.77626 154.033 45.4312 13.8574 16.4426 2.04869 2.52672 32.2954 0.00011774 394.207
-58.8628 0.0780963 3.39361 48.9446 50.031 14.3544 27.8126 12.1017 23.0771 7.96063 3.37227 7.27733 1.96076 7.84051 3.25738 4.10743 163.051 64.5046 8.47357 2.84284 2.55869 72.7925 16.3211 0.000314654 395.278
-59.0655 0.0327915 3.88693 46.1516 49.3892 24.3391 28.9212 5.64298 17.5264 12.0418 3.74863 7.38478 1.69012 6.4766 7.43329 4.10743 159.852 65.8187 5.69828 6.8408 0.764262 28.4664 16.5328 0.00418619 393.699
-58.9204 0.0205648 3.60762 48.0693 49.3892 37.2001 23.8658 6.96733 13.6029 12.3137 2.61856 3.14885 0.77312 3.6962 4.83718 7.2428 159.019 67.5042 4.67823 1.86595 10.2589 51.3248 4.76178 0.000639689 390.733
-58.8328 0.0228797 3.54069 52.3352 44.3603 3.87689 52.1338 11.313 6.70636 8.19325 4.1758 1.90655 5.36613 8.6733 16.4431 6.97901 149.313 72.0022 8.75314 7.25391 20.5027 31.3121 19.7085 0.000251797 390.624
-58.6822 0.0108298 3.69911 50.3981 44.3603 3.87689 53.1538 11.0448 2.67772 9.71377 7.07817 2.66076 6.47088 7.65818 14.0376 8.72484 148.784 71.2419 7.28661 5.42774 18.2405 13.8233 52.2609 0.000312347 392.721
-58.9172 0.0128181 3.43446 52.0188 42.4619 3.87689 53.1538 13.4966 5.11322 8.89882 7.27427 1.11875 6.2898 8.71231 13.8687 5.85367 146.698 77.6781 6.44616 0.729735 9.61518 33.8686 43.2383 0.000793701 392.817
-59.14 0.0482088 3.38437 57.0173 31.9383 3.87689 66.013 8.89355 4.70256 5.40132 7.27427 1.65458 6.13376 5.42018 11.7876 3.44377 154.448 68.1192 12.0762 3.8831 9.95085 33.007 18.0666 0.000419898 395.208
-59.2522 0.0644751 3.42027 52.3648 32.6066 10.7653 66.013 4.12495 2.41328 18.6402 2.88409 4.16249 0.936297 11.9875 8.88545 4.01069 153.261 64.7932 6.60927 5.55916 12.3149 19.8434 12.7676 2.72905e-06 386.659
-59.1175 0.045662 3.57608 52.5371 33.1995 5.8819 66.013 4.39774 2.78465 23.5755 9.24033 1.8765 4.35575 3.05696 9.64652 4.16838 152.518 71.6496 5.89947 5.72475 7.95168 12.7114 12.2898 2.72905e-06 387.723
-58.9702 0.0379145 3.46766 54.7138 41.6032 5.8819 66.013 2.34596 2.78465 18.3224 2.85372 1.74312 0.614229 4.81228 2.46429 20.4833 144.178 72.7647 4.56552 3.10151 5.78608 35.6406 29.3098 0.000270944 392.069
-58.778 0.047684 4.03516 50.8983 35.2974 41.5013 27.854 2.34448 8.72605 14.6409 0.743127 9.62045 1.51303 4.02281 2.7256 23.1769 148.904 67.418 5.67705 3.18239 14.3029 11.6987 60.4398 0.0050943 399.893
-58.6215 0.0398517 4.07509 51.4092 34.5701 37.898 24.1497 3.52112 12.2407 10.2234 17.9261 2.16465 10.6047 7.10785 5.41081 13.93 148.588 55.8929 2.93629 11.4455 8.23332 15.0379 60.4122 0.000768687 404.233
-58.7455 0.028494 3.4325 48.6172 37.3818 42.6207 20.2544 4.65422 14.2293 15.3044 1.82914 3.75544 7.60188 5.27788 12.8094 9.81327 145.254 72.0036 4.61839 22.4844 10.7343 15.2441 25.2958 0.00140856 400.09
-58.9586 0.0314755 3.56794 51.4 43.1874 38.7493 14.9554 11.487 5.14126 15.6782 6.93436 3.82237 2.93234 9.49562 9.4387 11.2071 151.416 65.4984 1.622 4.2982 95.1729 14.9507 8.37528 0.00136174 395.373
-58.9129 0.0351265 3.54801 52.6248 39.4884 41.4588 16.8326 5.33137 6.30228 15.4291 7.93865 4.16785 5.48301 0.31243 12.6697 13.8617 156.826 62.3793 2.62048 8.20775 60.0667 15.1552 38.3811 0.000774742 396.091
-58.9241 0.0471616 3.52089 56.2034 31.6269 39.8403 21.1122 14.2841 0.957326 23.5578 5.81876 1.19428 5.6871 2.04316 3.87353 12.3877 148.399 75.9301 4.34238 18.0379 34.3913 14.8906 26.885 0.00226656 398.613
-58.878 0.0421587 3.4273 54.8976 31.1286 39.8403 25.8434 9.29185 6.933 16.0877 4.02316 3.13358 2.46167 7.1027 7.33091 9.39913 148.534 74.0662 4.93994 4.81103 50.7277 9.76786 3.6066 5.83585e-05 386.426
-58.9002 0.0471899 3.462 53.1779 34.2608 41.1632 23.7968 11.1109 6.4285 20.6086 2.26074 0.958554 0.180487 8.91249 9.00913 7.02403 154.074 67.343 4.72662 3.73328 15.126 24.8748 4.36747 3.1835e-05 384.261
-59.1297 0.030385 3.57106 56.5446 32.5318 42.6648 19.5541 9.04641 6.99738 18.2762 3.24706 1.19097 0.633791 9.80816 14.4218 6.50248 163.035 56.8431 3.33479 0.750852 5.41138 21.8339 21.2867 4.15603e-05 390.041
-58.7147 0.0174876 3.64988 56.9934 31.2796 42.6648 20.0076 7.05905 3.08566 23.1611 7.13379 0.22806 0.824999 5.41845 10.8704 9.21376 166.099 54.6538 7.77181 6.74811 0.259762 18.5242 73.7854 0.000191513 391.342
-58.76 0.00865928 4.06257 58.984 43.9432 30.5734 18.8502 9.60972 2.24124 16.1108 7.77344 4.11438 4.91397 3.9013 14.7079 7.04107 147.712 69.1298 3.83175 9.79875 14.2612 11.8624 34.6341 0.000237398 394.315
-58.811 0.0216649 3.72401 55.1023 28.899 32.9232 36.9329 22.1778 2.24124 12.29 3.20572 0.498216 4.80819 3.84097 18.1717 3.08096 148.039 74.8169 1.32561 11.2617 14.1137 37.3094 18.2467 0.00036492 394.883
-58.9157 0.0209851 3.36758 59.169 30.1327 18.2816 36.3996 23.3522 2.80222 12.129 4.21699 1.84239 2.25557 4.2301 12.9854 5.06573 164.456 67.221 5.3442 12.0173 13.135 22.1918 32.3971 0.00209322 395.556
-59.3618 0.0748926 3.48653 57.8614 33.5402 18.959 37.2332 12.133 4.80821 15.6835 5.65809 5.64393 1.25634 2.31008 18.2467 11.2997 149.175 75.3504 10.6661 0.830119 2.27895 32.7125 21.2795 0.00156772 400.703
-58.7546 0.0247585 3.53244 53.1053 33.3002 18.959 46.14 6.21087 4.65748 16.6378 5.40668 6.15642 0.183036 0.633363 20.6769 20.2253 140.211 65.1397 4.78841 7.84288 3.69346 54.9446 5.97282 0.000722775 393.118
-58.9909 0.0161567 3.45806 54.8973 31.5809 19.2356 46.14 4.42511 9.47113 14.5546 7.80598 3.39222 2.18133 3.46334 12.4319 21.1708 133.601 84.1574 11.3078 1.62925 51.0408 50.2268 45.8941 0.000782495 399.386
-58.8298 0.00755347 3.59386 52.7783 38.0535 19.2584 46.14 1.45329 13.1711 13.8689 7.4091 1.54013 0.575155 6.83796 20.3714 21.1708 133.601 63.9783 2.987 6.02511 51.5502 13.2795 21.7849 0.000295972 394.321
-59.0282 0.0225257 3.35964 51.1367 37.9459 16.8844 41.9314 28.2411 0.275094 4.20549 2.64565 1.78731 6.44088 2.4224 18.8766 12.0409 146.209 61.4874 14.6437 2.69451 42.9232 5.03644 37.8458 0.0014985 399.392
-58.966 0.0635554 3.49233 54.8348 39.3671 15.4881 38.6117 13.4843 7.51933 2.67808 1.68872 9.60374 9.24383 1.29504 16.0169 7.32291 160.769 61.353 2.93599 12.0473 25.2459 29.8072 40.4431 7.24959e-06 394.765
-59.0075 0.0423009 3.51646 47.6273 58.4718 15.009 39.1033 2.27571 9.65447 10.0074 0.435824 6.18746 1.26106 13.1655 2.52137 7.2349 159.39 65.7506 9.08653 11.9122 24.1856 45.354 25.6384 0.000259547 394.481
-58.8023 0.00794519 3.63578 45.5345 62.9902 15.8487 30.2077 1.87293 11.9496 11.9108 0.653726 10.5835 0.41872 13.0884 4.93232 2.83192 161.761 65.5065 11.721 3.12776 1.34263 25.6203 35.5774 0.000259547 392.514
-58.784 0.0132896 3.51436 42.1481 62.9902 16.9281 30.2077 14.4812 16.9068 2.08523 3.94512 3.76089 1.17924 6.98287 1.68435 18.368 151.795 74.9298 0.834527 0.420261 17.8775 30.5336 34.9211 2.34235e-06 385.291
-58.9028 0.028245 3.49464 43.1751 62.9902 20.3244 28.918 11.3071 13.6381 5.68604 0.602762 3.84804 4.8723 3.5669 1.68435 20.9091 151.619 75.0999 2.51833 2.44964 4.09355 18.8101 48.0236 2.34235e-06 384.699
-58.7661 0.00327007 3.27059 51.3484 63.5565 20.3244 16.855 10.0035 15.2199 2.62502 4.51266 1.98556 5.57836 7.16914 1.86001 20.5126 144.835 75.4578 7.79081 11.6552 11.7541 16.0886 28.5143 2.34235e-06 389.962
-58.7944 0.0199178 3.41243 47.6831 59.0536 26.6167 16.2179 12.6205 14.3869 10.7068 2.11874 2.39275 2.38648 1.61543 9.78186 27.7182 135.163 75.7311 5.22818 11.4116 10.5203 26.2769 38.4108 2.34235e-06 387.066
-58.8178 0.0228621 3.53195 44.7274 54.849 26.4413 18.5997 19.8833 18.7295 2.07317 0.945825 4.89594 2.47075 0.724408 9.13912 22.5169 149.09 67.3353 2.26125 8.86947 18.6287 17.0802 64.8072 0.00231455 394.815
-58.6931 0.0495907 3.69854 48.3618 55.2234 26.4413 10.5862 25.6024 17.8588 3.02456 0.945825 1.24246 1.64561 6.92559 5.58551 20.6369 146.304 70.2087 0.350565 6.7891 23.6548 51.4591 40.6578 3.3287e-05 393.691
-59.1351 0.0412002 3.46864 45.3199 54.6302 24.721 17.2609 16.527 18.8309 5.09029 3.46791 2.82991 2.58381 5.50236 10.7496 17.6211 151.269 70.7907 7.78177 3.86011 14.0383 26.0269 2.45427 3.3287e-05 389.596
-58.9101 0.0667405 3.31323 45.0779 55.8268 24.721 17.2609 28.0657 13.0257 0.322497 8.20549 0.58945 4.31188 5.50236 12.588 10.5468 143.692 69.337 7.24563 4.29299 23.7538 47.2561 1.61009 3.3287e-05 391.782
-58.8517 0.104524 3.15781 45.8233 56.9343 25.6277 18.4706 18.5781 14.3205 0.322497 8.17672 0.615869 5.10813 2.46594 3.31151 21.4056 150.47 71.9938 4.25819 5.73118 7.19537 43.123 14.0793 0.000197149 390.958
-58.9305 0.104524 3.28441 44.4412 60.6592 26.2132 16.5066 20.6257 8.82709 6.04227 4.54231 0.736448 2.14648 9.34816 7.45649 14.6112 157.633 60.0068 6.02069 7.72643 14.1478 29.3274 13.0951 0.000984118 390.823
-58.9122 0.0402704 3.53675 46.09 61.755 24.4277 19.0119 20.6257 6.57414 9.00281 2.44012 0.505408 0.0353452 7.28246 8.19322 14.3928 150.845 68.7489 4.27714 2.68174 12.2767 12.6783 4.8473 2.97122e-05 385.16
-58.9712 0.0217281 3.50765 50.4199 61.7331 21.6749 12.0259 15.6767 10.0676 14.1894 2.56086 2.11846 3.75338 11.9948 2.88175 10.4602 153.695 64.2943 9.40893 1.61851 19.4324 24.6641 6.30138 0.000182727 388.746
-58.7163 0.0227161 3.51871 47.8181 60.9168 26.3342 8.53287 15.3877 15.2994 11.8602 2.95727 0.275815 1.93077 9.30926 10.323 4.3152 153.046 72.13 6.90301 7.23992 39.582 33.0102 22.2408 0.000150895 391.978
-59.1133 0.0406089 3.49323 46.2688 59.6627 23.7033 12.3599 15.5353 20.7906 10.2045 5.87851 0.540146 1.01849 11.4572 8.02119 3.642 154.961 68.903 1.96611 11.1809 16.2639 14.0912 13.8479 0.000229557 390.378
-58.9692 0.0264672 4.19982 45.3128 57.2261 23.9305 19.8148 9.15545 25.9175 2.65494 2.19938 1.51049 1.87221 6.21932 20.1326 5.05136 153.022 65.8445 4.90962 4.91521 3.46736 23.1385 3.49947 5.15201e-05 385.681
-58.6625 0.0696008 3.29412 47.7491 58.2554 13.7189 12.441 19.8624 32.5398 2.65494 3.05909 2.93549 2.28553 5.23472 11.654 11.5782 145.926 75.6714 8.94596 6.5926 3.46736 48.1946 34.0497 5.15201e-05 397.71
-58.8297 0.0282977 3.80096 41.9852 57.8483 28.0573 26.522 14.4996 18.336 0.512382 2.10414 0.603816 3.9527 13.4504 9.08833 4.04557 150.754 50.6792 9.09913 7.98414 22.8693 4.74237 14.5086 2.94008e-05 393.62
-59.0383 0.0261788 3.7605 44.8256 56.5164 38.3441 14.857 14.5245 14.4789 0.512382 2.76844 5.90569 1.53511 13.4504 2.65396 5.41588 151.896 76.26 6.16954 15.3737 10.3291 2.80278 14.1226 2.94008e-05 390.604
-58.9362 0.0368051 3.65925 44.6023 56.3327 38.8618 9.06498 5.12172 7.18898 21.8688 2.31047 3.82029 2.94532 4.05553 11.2358 9.54959 151.896 74.1181 1.84992 7.85232 10.9984 10.0971 6.92953 0.000132609 385.52
-58.954 0.0463439 3.40901 44.1924 57.5297 41.7592 10.6611 8.86987 5.68846 12.552 2.16714 0.513775 2.9835 13.4077 7.28119 33.0561 123.529 82.3327 2.93869 8.72725 4.84621 23.2942 2.81798 0.000423841 394.509
-59.0604 0.0544921 3.34364 44.6538 56.2302 43.8415 7.54604 22.0911 8.19278 5.5689 1.16578 0.783024 1.55714 6.13396 6.15499 12.3316 149.84 78.4296 3.72817 9.40819 39.7201 20.6203 32.9034 0.000171219 393.315
-58.6015 0.0405482 3.56266 46.5169 54.4997 35.8207 8.63781 16.7819 16.215 7.3589 2.25802 1.52988 1.02631 8.25225 2.73524 8.16582 155.086 77.5495 3.31285 7.6325 18.7634 3.86167 26.9845 0.000132785 391.433
-58.8006 0.0616029 3.5719 45.3986 59.1755 37.5093 2.55523 15.7908 18.6305 7.00953 3.56662 3.90322 2.93857 6.12187 3.24335 15.7214 151.211 79.1446 1.34774 0.980003 8.91292 16.817 4.06312 0.00302814 394.927
-58.844 0.0738963 3.32399 45.8554 62.606 35.1554 3.01275 6.16127 15.2381 11.7628 4.52229 5.04647 2.2249 11.3498 2.51711 10.7914 144.772 86.3573 5.77766 1.68302 20.37 15.7935 22.1096 0.000678387 393.327
-58.8952 0.0294982 3.41322 41.1865 71.2519 26.8734 6.13236 7.20702 8.76112 19.0471 9.83293 2.55315 2.42862 14.3059 1.51398 3.06006 157.856 67.8215 5.55698 6.36172 11.7687 6.99599 13.0431 0.00102934 389.15
-58.908 0.0339749 3.36091 42.2844 61.0907 44.5093 5.7635 8.1943 10.1991 9.57393 10.4272 5.10521 0.315226 12.7004 4.93454 3.06006 151.356 74.0893 3.11192 3.31172 11.087 29.2998 18.1324 0.000985914 390.173
-59.0889 0.0300492 3.83922 48.0675 55.8575 35.706 11.7257 9.32825 3.46963 18.3585 3.42955 7.1343 3.61919 10.8627 6.16256 7.07735 154.09 59.4865 6.5026 2.15334 0.378083 6.29154 10.9908 0.000614326 393.224
-58.9038 0.0560757 4.03903 45.0475 52.4444 34.0996 14.5945 18.9216 0.245279 16.957 6.85697 4.14228 5.36693 3.40866 5.51699 5.13534 157.194 76.9564 1.69773 2.39659 13.5526 3.46246 0.329031 0.000590074 396.86
-58.9003 0.010748 3.48049 44.0641 62.9216 38.5555 9.4175 6.22878 4.904 18.7711 4.08671 2.35394 4.21761 7.95155 10.1769 2.9861 158.199 73.1877 1.55633 2.34728 5.24299 11.9395 27.2192 0.000184373 389.609
-58.7945 0.0845821 3.46146 40.472 66.0803 27.3277 13.687 12.6751 6.51839 13.6536 3.82645 1.0913 5.40471 9.31936 10.5923 7.14851 151.597 68.8301 3.72138 0.528887 5.82748 3.81306 2.97787 0.000576719 390.961
-58.9642 0.0745555 3.48787 38.8286 71.9556 28.7066 12.3743 16.2617 3.86617 9.78493 1.22842 7.02238 3.5167 8.62468 9.56599 5.02076 159.178 68.4557 4.67343 1.868 18.8976 18.0775 10.9114 0.000170196 390.646
-58.7254 0.104016 3.19468 37.6118 75.5702 29.7653 6.2021 16.7399 4.64799 10.5005 9.29224 0.761577 3.27027 7.45025 10.3683 7.79398 154.107 65.6579 6.12656 5.51479 0.811604 14.1012 53.9257 4.58879e-05 389.124
-59.0656 0.0440249 3.41575 46.2307 67.6756 27.1731 12.8288 13.6134 1.44329 13.5295 7.5943 1.43013 2.00084 9.79797 11.2813 7.18853 155.851 57.4322 5.41871 3.7975 40.5178 42.3591 21.4911 4.33775e-05 392.816
-58.7781 0.0734762 3.36097 43.2633 64.5396 25.7519 10.9072 20.0339 2.23374 16.1936 9.9466 1.67863 1.76854 8.25724 2.09151 10.0521 166.273 57.6139 5.26397 4.41937 7.99441 22.8572 15.0034 0.000609944 391.185
-58.6737 0.0135439 3.44575 41.6532 74.5148 27.6227 8.34834 12.1805 2.34775 15.7706 11.6671 7.25975 0.228171 9.15273 1.42613 8.44082 160.366 61.0333 3.51702 6.11722 4.87366 40.9432 7.36024 0.00147911 396.421
-59.1525 0.0542562 3.60439 41.9682 64.2496 27.78 13.8544 3.77176 6.72309 15.5547 7.33376 6.38335 5.49377 11.9797 9.78092 3.21449 164.709 50.7236 13.7181 12.8505 3.30546 50.2078 5.22264 0.00204335 398.911
-58.9112 0.0746215 3.64833 43.997 61.9682 27.7711 11.5358 8.05987 6.09776 21.0958 7.12896 1.60805 1.7622 9.7608 4.66587 7.6019 159.817 50.4168 27.373 7.86999 8.72908 64.8576 19.4901 0.000518482 398.117
-59.1114 0.0335421 3.69514 46.6566 61.6118 27.7663 13.9119 10.0128 7.94416 16.053 6.47356 3.48751 3.16248 10.2891 2.19759 5.59634 158.024 64.4863 13.6794 5.41821 19.5634 40.9294 10.2482 0.000114303 390.886
-59.1806 0.0553731 4.1937 43.3183 67.3301 27.7463 10.8367 11.5217 7.2542 11.5099 7.72662 2.89009 3.82022 7.02447 12.4161 5.88096 149.563 69.7958 17.7056 4.76733 22.4778 40.2084 17.9599 6.02966e-05 393.28
-59.261 0.0430216 3.41322 42.8804 65.4256 27.6728 14.8858 14.9925 2.67995 15.0837 9.66487 4.72442 0.566399 11.5315 0.178604 6.20887 152.239 69.5903 4.87229 7.5532 41.1261 21.613 2.58457 0.000131064 393.961
-58.7256 0.0279285 3.60633 40.7587 70.8968 27.5413 14.931 14.5401 4.67229 15.0556 11.1726 0.522614 1.89439 7.23105 0.549576 17.2349 142.981 69.0709 8.63639 7.45598 13.8629 15.3495 2.93363 0.000192179 389.26
-58.9202 0.00632942 3.50565 51.2251 59.8709 27.5628 5.41036 12.9558 4.34271 17.0222 8.68821 4.91178 2.8357 6.60499 5.48133 18.4074 146.768 74.9559 5.31117 1.25819 11.1641 3.24235 8.89378 0.000141009 391.596
-58.9768 0.0413443 3.28736 50.0959 68.3845 27.7958 3.74601 5.73752 6.22085 7.79915 5.38758 20.4889 1.80319 8.00147 1.54045 7.52568 156.277 71.3323 2.44534 10.021 7.69513 26.2723 6.37731 0.000130528 396.302
-58.8586 0.0579877 3.47129 48.2103 68.3845 32.612 3.78264 15.7238 11.6764 10.354 3.08942 15.8549 0.369272 1.21247 5.27363 2.14644 148.97 73.41 5.76167 14.0029 7.14347 24.2321 39.3008 0.000579321 399.798
-58.7881 0.0153125 3.35402 31.7912 89.6176 23.1523 2.78875 13.1341 4.38818 28.1299 1.37868 9.22904 0.17967 4.80349 2.10331 3.89147 154.966 75.1336 17.6484 4.71482 56.8053 37.1367 11.7527 0.000242874 399.152
-58.6433 0.0160855 3.56399 35.9837 85.0367 24.192 1.68214 14.7969 6.4469 19.1159 2.22822 5.25526 0.262068 8.23046 16.9184 6.61553 155.194 56.5183 11.3394 8.8159 19.1462 8.51455 19.0793 5.04731e-05 390.569
-58.7276 0.0230799 4.00201 34.1042 81.2282 31.9163 1.70181 13.118 9.67368 16.0462 7.08614 0.716091 5.7235 1.05794 8.67348 2.23568 155.128 56.2 12.4528 12.0418 23.2628 21.3499 11.3718 9.5161e-05 395.649
-58.9637 0.025544 3.34764 34.6184 81.1316 36.0817 3.03605 4.39348 9.14727 11.7773 8.88849 3.32073 0.918945 1.76638 13.2732 8.12379 156.531 67.4607 3.77073 5.15803 19.1396 16.2732 11.7555 8.08883e-05 387.572
-58.9641 0.051968 3.55352 34.7745 85.8759 28.1193 1.59243 9.63261 2.62542 9.68947 15.2522 3.32452 1.69072 10.9382 7.99187 7.83958 157.999 61.42 2.67751 4.85572 22.4593 30.9717 27.8067 6.0054e-05 393.164
-58.8202 0.0502818 3.57717 34.8065 83.3121 26.0869 1.9198 16.7931 4.54745 6.91968 18.4286 0.675387 2.97848 9.50703 6.59065 9.9582 150.253 67.4086 3.46453 7.71975 9.77137 14.4278 44.111 6.97038e-06 388.375
-58.7278 0.0115345 3.3089 33.8048 90.3112 2.41057 24.3555 13.1451 14.081 9.5327 9.93922 1.3343 5.97194 1.9435 5.51768 12.2458 144.288 69.7161 9.35957 8.80777 5.36884 5.16766 41.3496 6.26632e-07 389.164
-58.7201 0.0199683 3.32711 30.631 91.135 4.21516 21.5889 6.74608 8.67584 11.0071 3.13733 3.59512 9.10191 5.36008 8.99007 14.0694 155.321 70.7877 10.1799 6.15546 8.92501 28.8084 32.2649 8.70766e-07 390.393
-58.7121 0.0232413 3.55015 30.8041 98.007 5.09021 25.7328 16.4975 1.09323 1.17293 10.7473 3.26956 1.95493 3.56167 8.00228 14.1737 150.67 70.73 8.38359 11.1481 18.4129 48.3965 9.13221 2.86177e-06 389.378
-58.6119 0.014886 3.59303 31.6666 98.7576 2.2793 21.1069 21.5896 4.39962 2.74867 7.81565 4.01032 0.600732 7.46155 4.60774 13.5868 152.503 71.88 9.92276 2.5537 4.79462 67.129 30.3942 7.42667e-07 391.817
-58.7384 0.0288614 3.45881 26.6133 100.234 1.88136 17.7072 25.0701 1.77748 6.5395 9.5742 0.26419 4.36732 7.28516 1.16406 14.153 151.834 71.3236 7.7831 2.41315 14.9533 67.129 22.7149 8.89109e-06 392.809
-59.0789 0.0331963 3.51632 29.44 100.234 2.51683 20.8485 12.7138 12.0023 3.08976 10.0611 3.0758 4.65813 6.03452 1.95404 19.2101 143.21 78.7669 12.8484 7.46534 17.5042 32.0438 17.6894 2.77986e-06 390.013
-59.0306 0.0409152 3.66009 28.2829 102.975 5.14039 15.9961 11.7813 14.6392 2.91223 4.31495 5.20426 4.24144 4.68313 5.03329 22.0042 144.098 72.3543 2.61849 2.85876 26.4463 23.6762 24.7355 1.80132e-06 386.079
-58.9541 0.0701669 3.4547 40.939 87.5963 9.08462 14.4499 12.5658 9.85788 8.98701 4.33569 1.76284 0.59058 8.38301 7.60021 14.0596 150.01 79.0608 10.2791 2.15994 10.2096 7.70439 5.62936 1.20382e-07 384.026
-58.9132 0.0137844 3.58748 41.0859 76.8463 11.8643 20.0831 18.738 7.63815 7.30782 2.00606 2.30296 1.14788 6.96384 17.0612 8.72213 148.893 73.7458 14.9737 5.48985 17.3224 38.7875 8.70375 1.05149e-07 384.186
-58.8675 0.0312599 3.52972 39.8927 78.019 12.8785 19.8181 13.0516 10.7784 14.2754 1.11648 2.30296 0.95035 4.1715 16.2496 6.66063 150.286 72.8508 5.7161 0.774663 8.39135 69.0694 35.8947 1.31822e-07 384.142
-58.779 0.00819756 3.54671 38.9071 80.7536 3.64921 21.5529 10.4481 17.9002 11.9282 1.01815 2.14963 0.401496 10.6322 3.19694 15.9036 150.444 73.655 7.22694 2.44884 8.39135 8.85884 7.49127 2.89316e-06 383.137
-59.0206 0.0393313 3.27082 38.6471 82.122 11.5187 21.1573 2.64677 17.5185 12.1753 1.49474 4.58952 1.30973 10.7352 2.03782 12.6382 149.616 76.1812 2.09432 2.77722 14.6795 3.47925 1.54016 2.39981e-06 384.646
-58.9534 0.0233119 3.52994 40.0968 82.122 11.0459 11.2428 10.4564 18.4914 11.6863 0.529743 17.009 0.980097 0.63653 2.96542 18.2086 143.18 74.0358 4.4114 2.77722 17.7744 6.18904 2.73126 2.39587e-06 388.358
-58.9755 0.0737429 3.13612 38.8438 82.4589 11.4434 12.7957 6.95502 19.5132 13.6361 0.541294 4.36686 1.36882 3.36886 13.2339 26.64 145.514 58.1368 8.28496 17.8532 23.8556 2.07528 8.07789 4.32766e-06 390.86
-58.9122 0.0668025 3.42091 35.5017 82.4589 9.14402 15.4312 6.95502 19.0851 13.0972 1.08183 2.68959 2.40321 3.22448 16.8582 19.9534 145.539 65.2283 4.70598 9.97571 10.6563 2.75785 5.98665 4.27758e-06 385.996
-58.9033 0.0606826 3.50895 37.5413 83.2588 8.69525 19.7328 12.5983 19.5158 8.176 5.48684 2.60326 0.709865 1.47787 5.63275 22.6229 142.269 70.5423 2.77222 10.696 15.4727 2.77552 7.18277 4.64459e-07 382.936
-58.692 0.021033 3.37302 31.6082 81.9682 16.425 20.8774 13.8333 8.85489 5.27536 10.1891 2.43447 2.25873 3.77353 4.83464 25.6918 142.635 68.4603 6.21513 6.68035 9.4891 2.8645 3.84845 9.80173e-08 386.312
-58.8747 0.0408015 3.26161 35.4467 85.7221 7.54146 24.9782 16.0113 5.8119 6.36638 4.98661 2.20662 5.02713 6.16546 4.79987 24.8667 144.509 66.0588 5.98045 6.16904 7.90132 20.2878 3.13344 9.12259e-07 383.939
-59.1553 0.0304208 3.74048 30.5465 91.9811 7.01256 19.857 6.85639 11.4492 9.68528 7.42986 0.266527 3.68643 9.65184 13.7246 19.9765 134.977 76.3228 8.80924 6.31926 9.18618 25.4863 20.3657 2.96367e-06 389.175
-58.803 0.0498812 3.65488 30.9033 92.599 14.0345 13.0975 15.1844 13.7011 6.6103 4.02671 4.18787 2.66928 9.45639 8.10662 20.4383 131.315 74.8413 6.80358 5.40647 12.8407 31.4789 13.6348 2.85392e-06 386.561
-59.1196 0.0266478 3.43392 34.2948 89.3359 12.1221 13.6737 10.5938 14.9338 6.46839 3.16618 5.64727 1.63341 7.12598 12.056 24.696 131.623 76.7502 1.30711 7.129 15.7226 6.08012 4.87487 4.6735e-07 386.603
-58.9215 0.0596873 3.36617 31.6637 89.3988 15.6451 7.48152 5.83757 14.4734 13.0847 4.16655 6.46201 0.551293 5.34666 6.50805 30.9415 131.623 78.2497 2.00233 9.16997 23.1073 6.77692 35.0648 9.37538e-06 391.09
-58.8615 0.0503384 3.45809 32.8742 86.462 16.2674 11.8973 6.71852 17.4026 10.1366 6.76205 2.78148 2.88065 11.6953 6.31831 30.9415 126.83 71.7474 7.82891 13.3397 3.22661 18.0563 10.3641 0.000131165 391.4
-58.6241 0.0407643 3.66527 32.8873 85.6034 12.4191 24.2781 13.1632 14.4466 0.413643 3.54508 3.53007 0.535612 14.5645 6.22142 11.6574 149.023 53.1239 19.649 3.65237 7.46608 10.9205 59.6864 0.000303348 396.963
-58.9227 0.157918 3.36656 35.1045 85.6034 23.7232 19.9465 13.1632 2.70586 0.413643 6.69082 1.73194 2.1963 14.1773 3.55818 13.1938 153.164 65.4273 6.75704 2.11321 10.4616 15.9242 42.1158 0.00021043 397.266
-58.811 0.0588827 3.35853 36.0903 77.9272 20.0788 23.2408 13.19 10.605 6.00412 8.47068 5.25751 2.32027 5.30293 5.1266 5.59431 157.138 65.3611 6.91475 2.17827 12.3936 14.369 29.8076 0.000211736 390.543
-59.1311 0.0465146 3.45737 40.6301 71.6358 13.7928 23.2074 5.40022 12.6555 4.6031 12.5871 13.3658 3.63196 6.19582 3.14224 6.34766 154.933 63.8706 1.27594 26.2071 44.3186 22.7787 3.85582 0.000130207 398.13
-58.5655 0.0616233 3.09286 47.3754 71.7782 7.15932 29.6153 5.06803 16.5608 6.36445 14.1971 4.53812 7.23942 5.29973 1.98887 3.56906 152.536 72.1137 1.74866 7.44861 38.3983 71.9879 72.3043 0.000502106 408.048
-58.6259 0.0907134 3.19014 39.4648 69.1039 8.36486 33.5777 10.3396 20.944 4.41697 3.81245 4.08581 4.67012 8.05347 6.32611 6.2065 150.781 75.4062 2.28507 2.73645 53.4704 11.49 22.3235 0.00013516 392.921
-58.6598 0.0426815 3.3316 40.8365 68.0618 9.99297 30.9473 13.263 18.5959 2.77822 3.71134 8.73416 5.62706 7.22514 4.05136 2.83525 155.683 70.4186 4.48975 2.55357 19.8612 20.8967 14.9471 1.00101e-05 387.354
-58.777 0.0621887 3.64708 43.0553 68.1207 18.8878 14.3294 13.7271 13.3383 6.08894 9.74474 2.97691 2.47879 1.54882 9.30688 6.97849 166.203 71.2385 9.99106 0.905981 22.5085 0.722921 9.71447 5.24861e-06 391.954
-59.015 0.0608104 3.30901 39.0889 72.8956 19.9137 16.0547 21.3487 10.4367 4.74567 0.521493 1.07896 2.6352 6.87744 9.51048 10.2586 157.212 67.4758 9.26919 5.42334 32.0949 1.66796 12.4566 1.04005e-06 385.163
-58.8533 0.0719943 3.2916 38.4352 73.1553 16.6323 12.3787 17.6439 16.7078 9.65999 2.08664 0.321222 2.61651 10.3395 8.91357 4.24473 158.847 75.0617 3.70392 4.991 18.24 46.5298 7.96778 2.08566e-07 385.735
-59.1673 0.0345798 3.34404 37.3621 83.05 15.867 10.238 12.1833 23.5253 2.81973 2.05486 0.207108 1.55859 10.4162 22.2399 5.40437 147.268 70.1904 11.9558 5.35746 5.66086 11.2266 7.66694 3.77808e-05 390.652
-58.6367 0.116645 3.17766 35.9158 85.0876 14.8833 12.3887 9.49497 24.168 1.87363 2.25107 4.35258 7.62698 7.43009 11.0804 5.40403 141.004 79.6899 8.9781 4.17072 15.9065 18.2808 22.791 0.000226828 393.649
-59.0283 0.028668 3.54044 35.9158 85.0876 14.8833 12.3887 9.49497 24.168 2.69046 2.29252 2.99191 7.38826 7.75356 11.6024 5.5175 141.014 85.2236 6.00845 6.94868 10.231 14.1961 12.8641 0.000253525 389.112
-58.8505 0.0266835 3.46557 33.6209 85.0876 19.4676 10.4761 6.92624 25.7746 5.29668 2.38016 1.38699 6.90702 12.4675 9.80837 7.18027 142.394 76.7362 2.64786 7.20707 12.293 31.2487 43.9817 1.17493e-05 387.571
-58.9646 0.0269129 3.61544 40.4531 85.9728 24.4772 0.475731 2.45331 29.8438 1.80181 1.50805 0.3091 7.47339 7.5114 3.91287 20.7304 140.087 78.5878 7.92097 0.999562 11.0363 9.5237 49.4562 6.95931e-06 391.064
-58.7291 0.0273462 3.73235 43.0471 85.8372 15.3632 3.82654 5.56228 24.0268 7.12731 2.61132 1.91726 0.751712 10.2779 12.6831 8.63913 143.842 72.5681 0.60167 3.75464 17.2407 24.4204 26.8857 1.68583e-05 391.427
-58.9101 0.0258146 3.56158 36.3023 81.3281 14.1398 12.5156 10.7668 25.2721 7.20136 2.93616 5.20069 6.13446 7.95369 5.80616 5.91304 152.103 65.377 6.64546 3.85444 4.49702 40.2898 1.9409 7.19146e-05 387.683
-59.0169 0.024001 3.5582 37.6239 83.7011 9.58105 14.4204 17.8735 7.34848 11.3473 3.98114 0.683708 5.01173 4.27337 12.2132 6.41568 154.543 69.1873 14.4115 11.4725 3.04649 23.6453 16.231 4.70382e-05 390.373
-58.5887 0.0177417 3.66789 37.6498 80.9854 9.58105 9.23993 16.4653 15.846 15.2345 0.711601 0.997056 3.92112 7.47865 10.5012 11.7776 147.39 63.5117 1.89581 12.2816 2.40036 35.4642 66.8157 3.13268e-05 401.563
-58.7543 0.0128905 4.19568 37.8169 81.0371 9.58105 13.4597 17.5205 8.05406 16.5526 0.711601 1.25908 2.23914 8.49426 11.5429 9.77916 152.703 70.2879 12.1216 2.07832 3.01065 21.4746 50.9244 4.1091e-05 391.582
-58.8606 0.0103541 3.50273 37.8169 79.203 9.58105 20.7605 16.909 13.6472 12.6317 2.47601 2.05032 1.87677 3.16615 10.1697 14.0286 153.762 61.0937 12.1216 3.9999 6.85393 32.8546 22.0731 0.000177715 387.337
-58.8535 0.0344576 4.10582 34.1798 79.7286 19.513 10.6056 19.488 13.2416 11.1442 0.70071 1.11524 0.469575 7.727 3.56349 28.176 139.112 71.4716 6.75202 11.1144 19.4799 20.9638 27.2373 8.34142e-06 389.294
-58.8568 0.0311045 3.77991 34.1798 82.8198 22.352 7.14244 18.4108 12.0801 8.98149 0.629426 0.345342 0.717989 5.00401 4.14051 28.1438 142.208 59.7657 19.4421 8.07499 19.5607 21.8399 29.0261 1.18142e-05 391.033
-58.8575 0.0236211 3.75893 34.0227 82.8198 22.352 10.6208 23.7594 4.92402 5.84126 3.15831 3.85587 1.51498 3.79295 4.70772 7.69203 174.039 53.9334 18.0566 7.24931 6.64296 7.34514 10.6327 5.7863e-07 384.606
-58.8582 0.0482717 3.48219 33.7425 82.8198 21.2803 9.11865 19.26 7.8612 9.84489 4.01661 4.0107 0.364717 4.13203 6.44753 7.69203 174.573 49.1565 1.32759 1.97177 12.6593 14.4983 20.2841 5.7863e-07 384.037
-58.8671 0.0230176 3.44654 43.0807 77.1527 21.2665 6.8008 16.3282 16.3482 9.84489 3.36144 3.4263 3.16998 3.31303 6.98972 13.2787 157.622 49.1565 8.77328 4.28448 5.21201 13.7839 1.26382 5.7863e-07 386.925
-58.9311 0.0171296 3.33465 37.4367 84.5005 10.8391 12.0998 11.1845 14.2699 13.7679 3.78175 3.21546 3.07091 3.72159 11.2237 0.277095 176.791 53.6245 3.0332 2.18904 29.8143 27.3149 11.1671 5.7863e-07 384.94
-58.7898 0.00839121 3.44342 36.0621 84.5005 17.6336 9.71425 10.5195 13.2194 11.847 3.90971 5.07234 2.88426 1.65056 5.22593 2.17354 176.791 53.9371 4.79758 13.8726 2.47495 20.1669 41.5926 5.7863e-07 387.387
-58.7035 0.00553929 3.37514 34.0834 88.5947 16.5273 14.9279 3.68382 12.2645 7.92567 9.06701 2.99927 4.51088 1.42243 22.8236 1.11619 174.471 41.1075 12.4221 4.37338 2.30601 15.1392 15.5306 5.7863e-07 392.901
-58.8426 0.0237626 3.73187 34.2137 90.6251 18.7058 4.63172 5.83897 16.1461 11.2198 7.91895 7.14361 5.04762 9.72215 0.430469 1.56528 165.136 35.103 21.8016 16.1599 5.31076 6.70363 11.9634 5.7863e-07 392.036
-59.1897 0.0378705 3.54687 34.2137 90.0641 12.0191 4.21496 19.086 12.8274 8.9109 3.93529 4.76583 4.36543 8.6073 4.36789 15.2213 165.538 46.5578 13.206 20.7858 5.9375 11.6805 0.443924 5.7863e-07 393.402
-58.8424 0.0707797 3.47393 42.0871 88.4921 8.58308 9.75152 8.68339 9.82943 10.1821 4.81312 9.40684 3.48586 11.7512 0.932864 7.38267 159.837 35.3066 10.042 20.7179 26.4659 4.5166 21.7449 5.7863e-07 394.624
-58.8322 0.0301402 3.42578 38.9711 81.3179 10.1926 9.57561 13.8129 18.1048 8.67927 2.77863 1.80481 4.16158 13.1907 0.622545 24.8792 143.916 19.6513 22.3257 41.1757 67.0562 32.4893 7.47927 5.7863e-07 397.474
-58.8114 0.0594454 3.38596 34.6439 78.3459 12.9115 16.4345 18.2342 10.1001 5.49746 3.94894 3.04785 2.89242 14.0708 6.06978 21.6974 141.519 58.0565 8.3731 15.566 40.3434 5.71356 3.20678 7.39886e-05 395.987
-59.6187 0.0837842 3.35887 39.5371 73.5625 20.1008 20.4647 3.69765 10.1001 12.9688 4.24283 3.12278 4.84714 9.75369 8.42841 12.5962 162.966 50.1816 0.283142 18.2083 66.1501 13.7501 6.86631 0.000109517 399.428
-58.9203 0.0458808 3.35758 43.4774 73.9617 4.62233 24.7408 4.44581 11.9992 16.9932 0.0771305 3.39781 2.59535 9.06957 9.32486 10.9854 168.813 52.5649 5.65146 11.9387 23.3586 19.9946 9.66677 9.39873e-05 392.912
-58.8452 0.0265717 3.59834 39.5013 75.8336 14.8718 20.8223 5.97237 11.6136 15.448 0.132821 7.11443 0.985026 9.96435 2.50356 9.06333 161.38 61.0707 0.565213 10.443 8.14952 8.92888 34.1502 0.00288977 393.973
-58.9163 0.0424034 3.73697 40.4524 75.8336 15.2841 12.3539 2.64279 2.41975 26.6488 11.2026 1.49852 3.91829 4.51043 2.05178 20.9955 148.503 72.5549 7.79651 7.12665 2.83322 11.0238 40.5432 0.00297457 395.61
-58.9259 0.0306145 3.52533 38.9894 75.8336 15.2841 17.8113 8.60683 8.18823 17.9247 6.04082 12.6615 1.05966 3.95223 16.079 6.46335 141.656 68.2675 4.09421 8.40609 6.23468 3.93685 34.2212 4.08071e-05 390.027
-58.9773 0.0341045 3.45781 49.412 62.7091 15.8446 19.0875 8.60683 8.41679 17.9247 6.8637 7.31227 1.03751 6.41139 14.9893 8.05922 141.656 65.2823 9.70435 3.78346 4.83978 15.0853 29.8435 4.08071e-05 392.453
-59.0314 0.0247624 3.3395 42.3702 60.2986 19.2962 18.7975 9.48613 7.68126 18.9179 6.98661 7.40872 1.059 6.62064 21.0986 4.69718 148.768 67.0407 16.6539 1.12266 0.347471 18.6325 25.9289 0.000203242 399.094
-58.8701 0.0625822 3.57798 42.2911 62.1946 25.9502 21.5492 14.7324 3.22024 12.484 3.35093 3.68129 1.57253 10.8797 3.24439 19.4587 138.943 67.7858 15.4885 1.40619 27.0128 25.1718 14.0525 0.000447831 395.671
-58.8375 0.00742858 3.4546 44.34 60.2703 25.9502 18.2311 20.3904 2.20675 4.56655 11.0716 2.42955 2.49426 9.48774 2.204 22.2939 146.294 70.8185 6.69971 2.52251 27.7381 17.4588 4.38295 0.00031097 388.287
-59.1098 0.0182694 3.66931 43.4069 60.3377 22.8122 27.7938 15.7104 4.49721 8.19442 7.84757 1.01831 0.400918 8.2845 5.58534 17.2682 148.559 67.7504 7.19557 4.21922 33.5612 28.7706 3.19054 5.35835e-05 389.395
-58.8586 0.0187012 3.46793 43.3946 58.9552 22.8122 22.5629 12.1161 6.27767 13.553 4.79162 1.60499 1.43692 13.5659 11.081 10.1041 157.009 57.1533 7.17419 8.1123 23.5836 19.9654 24.0913 3.77881e-05 387.182
-58.9012 0.0154417 3.39212 46.9315 57.3541 18.4923 23.1604 15.456 7.27078 13.7872 4.77487 0.51944 0.898925 15.8234 2.70972 13.8551 153.232 70.6336 8.07717 8.71825 57.5453 12.1643 19.2063 0.000105298 390.745
-58.771 0.066922 3.56942 47.3298 61.7622 15.5884 24.5004 28.4747 6.44836 8.29728 1.35903 2.29258 3.82342 5.864 4.85874 13.2433 138.055 78.5464 4.14139 12.4992 62.262 58.0436 1.35793 7.25966e-06 398.026
-58.7519 0.0635754 3.45614 47.2838 61.7622 15.5884 29.7796 16.6927 6.75777 6.97058 2.09107 2.69588 1.20373 3.21871 11.8682 23.5855 137.182 84.0886 4.50341 15.4604 30.8721 60.702 33.2801 5.38346e-05 395.051
-58.7104 0.0256304 3.42674 47.3358 60.1987 15.5884 29.7796 17.7401 8.38568 7.00429 0.889334 1.00923 2.86969 0.679666 12.5457 26.4055 138.609 57.5857 13.7118 10.8138 20.9959 62.9256 46.9128 5.38346e-05 393.681
-59.0719 0.0265157 3.67418 45.8297 60.1987 15.5884 29.7796 16.193 3.00256 11.4746 3.96957 2.54289 0.750244 0.950403 12.0875 31.9397 137.537 62.6209 11.2799 12.2249 85.8246 20.2286 36.278 3.59588e-05 399.257
-58.6318 0.0437203 3.36926 42.5148 67.2586 15.5884 18.9032 9.79658 5.23895 15.4318 6.00955 5.70516 2.06413 4.10179 12.1908 25.3476 138.006 72.4789 6.7038 2.99092 27.918 17.1451 20.9971 0.000183512 392.792
-58.7296 0.11042 3.27093 42.5567 67.2059 18.4479 19.8361 4.18004 10.4988 20.7183 5.16291 6.60829 2.20087 1.04312 3.76062 28.3551 134.065 78.4136 6.92867 3.4072 6.80151 4.23349 11.5241 9.21532e-05 387.876
-58.7147 0.137712 3.07736 42.5567 67.2059 6.88617 32.2037 4.83375 3.1152 25.452 3.70841 4.18665 4.26138 17.9407 1.80956 24.4413 128.346 77.5966 6.97758 8.55635 18.3014 12.639 13.1286 9.21532e-05 395.409
-58.8417 0.0844304 3.41701 43.4057 70.2914 8.48286 33.5124 3.73727 1.24908 30.3989 0.200053 0.498529 1.08264 12.7769 3.92902 22.2133 148.897 49.7717 3.44563 11.2436 1.90676 10.7088 16.2269 0.00112635 397.468
-58.826 0.0247605 3.72555 38.8466 72.0122 8.8391 36.3023 1.95276 5.31466 21.3031 2.83858 1.17969 0.869754 10.4301 4.55732 17.6495 159.817 55.7246 13.9848 2.97085 4.32655 9.97458 33.2933 0.000466433 390.018
-59.1243 0.0190538 3.68985 38.8466 72.0122 8.90111 36.3023 5.1095 5.89338 22.8977 2.83858 2.46931 1.85872 9.03927 6.24308 13.013 151.322 57.3165 8.77906 10.4754 41.8141 12.117 27.4765 2.82825e-05 392.437
-58.7715 0.0105881 3.66287 39.5045 78.7099 6.63082 22.1934 7.08126 9.72452 15.0472 9.86157 1.68673 3.24105 5.05278 8.5251 5.21665 148.829 68.4289 0.810967 12.2577 10.4936 18.0441 10.357 2.00837e-05 392.042
-58.8729 0.0172736 3.38756 39.5045 78.7099 6.63082 16.0277 3.68092 22.6304 16.1108 1.91583 5.49037 1.58977 4.94373 17.3053 3.65541 153.644 69.7875 7.57326 0.970506 16.8052 36.2245 3.89325 0.000115347 389.207
-58.8764 0.0265681 3.3975 42.9167 78.7099 6.63082 18.4285 12.7815 22.6304 12.1111 2.34112 6.74255 1.62381 0.654052 5.46017 2.17052 157.005 69.3869 1.12632 13.7713 9.27396 20.94 6.15081 3.2921e-05 390.743
-59.0245 0.0634591 3.44729 40.1056 75.0008 5.1696 23.4501 13.0403 14.9534 12.3411 8.39859 6.72505 2.99672 3.29322 10.7251 2.69661 155.314 70.9365 10.5576 7.00745 2.36583 16.3206 24.4541 1.86883e-05 390.132
-58.9676 0.0364662 3.55956 40.1056 75.0008 7.78658 28.0433 12.761 5.7738 12.4166 9.60332 4.68788 0.444554 0.0909968 4.91309 27.4787 137.866 76.1057 8.69356 8.33663 27.5821 1.23306 9.8394 5.74014e-05 390.479
-59.0414 0.0494824 3.49845 40.1056 75.0008 7.78658 28.5521 13.4016 8.2971 9.4102 3.52911 9.8559 0.575817 3.99381 0.666928 27.0608 138.773 81.3463 4.63816 9.81801 19.9495 6.80125 9.61752 0.000391417 392.535
-58.9639 0.0402634 3.36286 39.9293 75.4045 7.78658 30.9206 14.2664 3.16638 2.21771 3.99944 9.60264 3.0554 8.47105 4.99804 26.7414 137.699 71.747 14.1496 9.22065 17.2026 8.83142 2.98411 2.84843e-05 390.298
-59.0389 0.0366314 3.6535 39.9293 76.868 4.19603 35.1735 19.1933 0.556232 0.711873 1.80509 8.09913 3.08806 7.86369 1.23958 28.501 146.773 66.6334 11.3726 13.2173 15.841 18.5714 11.7656 2.88199e-06 393.652
-58.9243 0.0580903 3.39114 39.9293 76.868 9.45642 22.0422 20.4238 2.5605 8.30316 1.09622 6.79837 3.40632 9.06919 6.85903 17.496 147.45 73.6716 8.69023 7.89279 16.8241 0.570484 8.57508 2.88199e-06 387.764
-59.095 0.0807867 3.31214 37.8557 79.6659 7.8059 21.7326 13.7405 14.7078 5.64596 1.56921 6.34482 4.09736 2.30678 6.31196 11.8465 155.973 71.8103 9.60513 7.52144 51.8134 16.0443 50.648 3.84435e-06 392.749
-58.9942 0.0751316 3.38276 36.6438 79.974 13.5294 19.6185 7.18817 17.4231 6.33363 2.90069 4.10421 3.31159 5.47182 7.38619 12.0944 155.091 71.248 9.15086 9.65365 31.0212 16.4585 49.2863 4.94921e-05 390.704
-58.8355 0.0792252 3.49359 38.708 79.974 8.60948 22.3893 12.9684 15.8059 6.33363 1.61096 2.88648 2.48576 7.15133 10.2213 17.3121 143.767 73.3639 2.87477 2.76857 15.9444 11.4917 45.8141 0.00112818 390.389
-58.8994 0.023064 3.50846 38.708 79.974 14.1882 16.392 10.8484 16.3362 3.79507 10.7642 1.66419 1.90801 4.59374 7.07845 17.3121 144.476 70.1344 2.55904 2.86275 13.9081 27.9046 38.3142 0.000282039 389.744
-59.1511 0.028315 3.56013 38.708 79.974 14.6053 20.2649 5.12188 16.4228 2.73049 6.91533 1.29312 4.60291 2.59409 17.0006 12.0041 150.369 72.0183 2.52202 5.73328 14.5669 12.3352 33.7166 0.000426496 391.293
-58.8003 0.0181268 3.70643 38.1202 76.9581 17.521 18.8748 6.8408 12.5558 8.86094 9.53301 1.78732 3.0837 4.791 7.87667 14.87 143.79 83.1345 8.38519 6.6038 20.6846 22.5334 34.9738 1.82427e-05 389.301
-58.8596 0.00711869 3.4675 38.1202 76.9581 14.0914 17.1641 5.96941 18.7063 10.1352 6.41379 1.46346 3.45774 6.656 6.72386 23.2653 151.373 55.8347 13.6205 6.17976 16.339 7.03563 5.96834 1.82427e-05 384.994
-58.6648 0.0045846 3.45141 38.1202 77.3078 17.0839 13.4038 9.86641 17.7739 8.0741 4.33885 0.72353 3.30145 6.78813 6.14509 23.3961 147.162 64.184 10.6081 1.1835 13.1462 14.9389 16.0206 9.8711e-06 385.213
-59.0533 0.0316507 3.41273 38.1202 79.6001 17.0839 16.391 2.21858 20.0406 5.3994 6.28906 1.15338 2.56643 11.4056 0.621765 25.8851 145.004 51.1306 17.5848 13.8094 12.0405 12.8199 35.3327 6.48658e-05 391.794
-58.9973 0.0511686 3.61124 38.2626 79.6001 17.0839 16.391 2.21858 17.3015 4.45053 9.58634 1.15338 4.06386 3.53087 8.70429 27.1827 150.497 50.9022 8.42411 11.096 15.8529 62.8096 24.8764 6.73183e-05 396.028
-58.9286 0.0464791 3.423 42.1964 75.579 17.0839 15.1399 6.93765 18.076 4.8031 4.51369 1.86233 3.09118 1.31313 6.03377 26.1914 155.026 45.1545 7.03634 17.6445 13.1584 20.9874 48.4254 8.2545e-06 392.39
-58.6904 0.0680059 3.4161 42.1964 67.0437 17.0839 22.9605 10.7315 15.285 2.34133 9.13439 3.29548 0.676861 4.92553 1.12779 15.2633 155.223 72.8653 7.63566 5.81411 16.4038 14.4792 6.2761 1.28221e-05 389.518
-59.0022 0.0158061 3.70318 42.1964 67.0437 15.8025 25.0602 1.76315 17.6256 12.7297 6.29904 3.16151 0.634536 7.15782 1.45601 16.1371 158.132 62.2865 7.96227 6.91473 6.82868 4.85878 11.9813 5.34555e-06 383.577
-58.9857 0.0274286 3.66608 42.1964 67.0437 15.8025 25.0602 4.53517 17.6256 14.1849 1.27734 2.95265 1.55544 9.07188 0.0225945 14.8835 155.262 76.3345 2.62324 5.14553 1.27511 11.6059 4.83092 5.34555e-06 386.186
-58.9566 0.0291745 3.493 42.1964 67.723 15.8025 25.1664 1.43387 17.8627 16.1427 0.808518 1.66594 4.12273 10.5193 0.536351 15.3196 152.756 72.4162 1.12366 3.64198 6.44121 29.2166 5.66202 0.000125171 386.1
-58.9992 0.0100988 3.5412 42.6965 70.3265 13.969 20.9254 4.5093 9.36733 23.1533 3.81158 2.59482 2.51171 15.3909 5.2059 14.6062 142.862 78.4039 5.42061 3.39767 8.90561 12.083 21.4502 9.60517e-06 389.733
-59.1001 0.0332605 3.55477 42.6965 70.3265 13.969 20.521 6.12513 6.43203 24.5856 3.25578 3.6824 2.02751 3.50658 1.79109 16.9974 145.632 83.0529 6.10097 3.63426 10.4919 44.0695 10.4525 0.00041672 392.353
-58.9846 0.0577134 3.52203 42.2083 71.0265 13.8961 25.4815 1.43626 9.26637 22.6672 1.18795 1.41677 3.73734 8.90418 6.64137 20.1323 146.631 60.112 7.81922 6.17434 15.3424 32.8694 5.3749 0.0021694 394.025
-58.8349 0.0377324 3.60163 42.4696 72.301 5.05614 28.5784 9.46771 1.74008 28.949 4.86725 1.97682 1.6029 5.00934 7.18248 16.1103 145.76 70.825 12.6404 1.60505 14.5169 3.45968 11.4654 0.00218368 391.1
-58.9909 0.0296715 3.54048 37.3894 71.2026 11.6134 29.3736 14.099 2.18051 19.3678 10.8413 1.19079 5.61383 2.23431 4.26142 15.8753 146.566 72.663 11.991 3.6328 10.6089 8.15715 5.22639 0.001589 393.777
-58.9616 0.035326 4.10609 39.5802 77.9216 11.6134 25.4537 0.636248 14.3677 23.3876 2.95982 0.827204 1.07528 4.53796 7.66333 10.4281 152.744 68.6423 7.84122 3.22794 24.405 26.5961 8.66595 0.000636976 392.743
-59.1994 0.0325587 3.42471 37.5819 72.773 8.75152 33.4708 2.16687 10.8043 20.3576 1.63586 0.710172 0.622696 1.41471 9.69848 20.688 154.163 68.4205 3.43786 3.67914 7.60363 7.6779 22.2612 2.30233e-05 387.907
-58.9638 0.0107235 3.46846 37.5819 72.773 5.66845 35.1242 5.14601 12.5741 18.5901 0.806217 5.63974 0.749201 0.770914 3.81238 24.1392 146.667 68.8082 4.56381 1.49817 11.9958 31.7516 19.7638 2.30233e-05 389.413
-58.9075 0.00981868 3.46639 38.4095 76.6815 10.2501 23.2606 6.99951 12.9142 18.5901 3.39569 2.4902 0.347 4.98863 0.473751 20.5292 150.553 71.8279 4.06665 4.68989 6.85143 11.5717 36.7776 1.94511e-05 385.216
-58.9136 0.0246412 3.41672 39.3154 76.6815 11.0575 23.1108 3.51711 18.699 9.15312 4.03353 5.79379 1.36021 5.61556 1.89681 25.2238 144.926 68.6476 6.2584 9.32589 3.9923 11.3813 11.0877 1.94511e-05 385.255
-58.8126 0.0106219 3.72165 38.0264 76.2141 14.488 23.1108 4.56739 12.5588 9.95763 3.87461 6.4508 1.30617 5.64163 4.25159 25.2238 143.662 75.6837 3.78059 10.4421 7.99617 30.7646 8.5084 1.94511e-05 386.739
-58.5056 0.0362085 3.40973 37.5949 77.0865 28.2009 23.2991 3.5875 6.84936 12.5178 2.41837 8.16265 0.117032 15.0853 6.298 9.14354 143.027 71.1984 6.81823 10.3828 7.73422 2.80513 44.6627 2.34012e-05 403.751
-58.8893 0.0210975 3.77461 43.6252 67.4941 27.356 20.9053 4.31317 11.5896 8.93319 2.35455 8.74995 1.76225 15.9157 2.1578 7.5848 146.799 77.3659 3.4417 2.15485 10.9208 2.80513 20.2653 2.28475e-05 386.461
-58.879 0.0239015 3.84593 43.6252 67.4941 11.13 23.1407 10.1338 9.69201 17.2725 0.353029 0.0798294 7.29866 11.8893 8.35885 7.39478 148.631 79.8249 4.36198 13.6419 11.681 5.74772 2.44225 2.28475e-05 392.214
-59.0454 0.00924614 3.69871 44.159 67.4941 11.13 28.1696 14.2002 6.70084 10.2032 1.14199 3.18095 3.17706 13.3055 11.58 9.19981 143.718 77.624 4.58109 13.373 11.0311 1.13001 20.6209 2.78278e-05 391.816
-58.8866 0.00479312 3.66148 43.1088 65.2269 11.13 32.2411 20.7242 4.48414 7.97478 1.06075 0.813401 1.65061 17.4234 9.90031 7.39184 139.863 79.0997 2.46773 0.159468 15.5274 24.0553 31.4852 9.64494e-05 390.403
-58.6996 0.0027927 3.82338 39.7662 67.5262 8.87152 33.2027 15.4932 20.3136 9.19753 0.918508 2.55504 1.65132 13.4154 2.16263 1.36845 154.35 76.019 5.35204 3.2337 9.02794 61.2379 14.001 1.12564e-06 389.885
-58.8862 0.00836687 3.66758 46.185 58.6633 8.87152 32.7678 30.7815 1.86604 6.15852 1.99983 4.58484 1.48589 9.81735 7.6839 3.06558 152.649 80.9331 4.33078 3.19494 5.22194 3.53484 29.1035 1.12564e-06 386.064
-58.8677 0.0363548 3.69222 47.2436 57.2546 14.0169 35.6365 27.0128 5.81146 0.412916 1.64504 0.426 0.536388 10.5632 12.8061 4.60406 152.268 77.8133 4.0277 1.54564 4.15996 13.6263 10.5243 3.26505e-05 386.749
-58.8037 0.0144041 3.59173 43.2314 67.2442 2.64041 37.1391 30.9384 2.64507 1.63663 4.44563 1.08457 3.18734 6.15871 13.2783 4.19248 151.047 75.1296 2.99138 11.26 2.42025 19.0178 4.17257 1.61227e-06 385.728
-58.7543 0.0172203 3.6545 42.1464 68.0964 0.667355 38.7902 31.3044 1.818 0.436751 4.78885 5.81451 3.74442 2.96964 14.7996 6.47127 144.865 79.0405 0.601661 9.71485 2.57993 24.8948 0.46124 5.07082e-05 391.467
-58.7284 0.00990063 3.49844 42.3136 67.5606 7.25863 30.6647 0.515129 8.51292 22.2155 5.75365 2.76545 5.38883 8.68978 8.7873 3.95002 155.542 75.122 3.30288 15.558 1.14502 11.9152 17.6619 3.16036e-05 388.792
-58.769 0.0222382 3.56802 45.2451 63.3194 7.0339 32.7345 1.51694 9.41766 23.8632 5.67412 2.93636 2.5903 14.854 5.19506 2.95744 155.329 74.3603 0.518782 0.6354 14.882 18.9426 25.6432 0.000132566 389.099
-58.8286 0.0568643 3.35201 42.5148 66.4995 6.01227 33.826 8.34233 5.61651 22.4465 2.36307 2.66766 3.87014 23.9151 8.79735 10.8339 135.511 74.3462 2.42718 4.86116 32.4761 6.85904 3.81291 0.00443237 397.779
-58.557 0.0684536 3.31006 42.5148 65.8881 9.59996 32.5292 1.42343 8.68197 22.2316 5.2639 1.51671 1.87469 18.1528 3.66165 10.8339 138.727 77.6145 2.52772 2.2077 31.9428 10.2893 0.877994 0.00132504 395.34
-58.8755 0.0423022 3.32223 42.9774 61.9039 14.0186 30.7773 4.77425 14.2218 17.9019 2.58384 1.89949 1.52686 10.0539 4.29235 16.6266 154.638 61.2438 7.19782 2.82696 8.21362 4.56112 4.90123 0.000738274 387.768
-58.7809 0.00556565 3.5908 43.906 63.381 19.8492 32.4193 4.6043 4.97836 9.77218 7.1825 2.62538 1.58925 9.42853 5.78043 15.1339 158.746 57.055 6.37471 13.3207 7.53476 4.00565 0.864731 0.000439883 391.082
-58.9776 0.0502596 3.45778 45.0829 63.381 15.8125 29.2798 1.94968 11.4378 12.6634 2.1757 1.52164 4.86695 1.55826 17.2814 10.2578 161.845 66.343 9.63288 8.28769 16.6782 31.3893 34.3426 0.00135104 397.055
-59.0444 0.0214456 3.69687 45.8968 62.3045 22.5528 22.7285 6.47046 12.093 18.8361 0.368143 0.782372 2.32782 6.7166 16.3222 1.67257 161.98 60.7945 10.039 4.45561 17.3676 9.72071 10.6311 0.000364069 391.809
-58.9569 0.0470637 4.04196 44.2056 53.2453 22.1274 25.3113 13.7407 4.09399 22.6823 0.0777468 1.0744 4.64442 3.12475 20.7955 4.0351 163.856 57.8534 10.3797 3.50901 15.0072 20.1061 17.291 0.000526995 394.557
-58.9593 0.0739126 3.83999 46.5525 66.0509 20.7122 14.9749 10.4457 5.58364 19.1823 9.28837 0.88716 2.94613 3.83565 13.0582 4.89214 158.97 57.9975 18.5581 0.756288 13.238 44.4353 14.9429 0.0111877 402.969
-58.7137 0.112199 3.19434 40.9217 67.2091 30.2511 7.57707 22.5822 6.69868 5.76686 4.00901 0.558096 2.9926 8.3332 10.0842 16.2702 159.428 44.2428 24.3147 3.66403 49.7255 21.3817 1.2868 0.0196502 405.697
-58.8657 0.0914112 3.30454 38.5136 67.4626 35.698 6.00751 24.9746 6.379 5.87491 3.27684 0.829279 2.43074 13.8987 8.10199 1.82479 175.272 45.283 11.1769 10.6774 1.00343 25.7612 3.98055 0.00287686 399.655
-58.6069 0.10244 3.19401 39.044 64.9083 35.5134 6.00751 23.8486 5.09349 5.39053 0.0510451 7.19655 3.37624 3.00057 15.7091 0.865049 165.751 63.5555 7.16599 20.3745 26.8149 17.3405 2.26887 0.000234513 403.574
-58.7389 0.0665041 3.2444 43.7279 66.1789 33.1959 7.37429 23.5023 9.86862 11.1401 6.44651 0.812448 0.243546 8.8603 11.1532 3.51917 150.493 59.4371 6.72114 2.55098 40.7141 18.8937 0.923782 0.000246336 396.496
-58.9963 0.0592347 3.62577 41.405 75.1267 34.0808 16.3268 12.2479 6.9692 1.57186 7.36291 4.9296 0.858747 6.84588 12.1757 2.80701 160.238 58.6402 8.10087 0.121028 31.7479 11.396 10.4161 0.000100366 396.919
-59.1198 0.0317893 3.62283 44.3241 78.8995 24.8934 6.20729 4.03263 7.67967 4.17926 12.3495 4.93393 1.57749 5.13035 14.4752 16.1003 155.417 58.5238 5.98675 4.9246 24.9851 26.6894 25.9374 8.52087e-05 395.424
-59.2082 0.0400513 3.52296 39.303 78.8995 24.5979 3.71635 2.55175 14.6731 4.17926 12.147 8.23985 2.39415 3.67754 15.3792 12.2477 158.122 63.8474 14.4859 7.22247 21.2203 25.8171 18.4438 3.83105e-05 396.313
-58.9487 0.0539302 3.64031 42.5257 61.691 34.8501 5.82172 2.27972 15.1933 4.17926 14.3308 7.11225 2.53133 1.40614 8.99804 11.4516 156.647 72.1904 5.44335 12.9214 26.8424 11.8391 1.81462 0.000420082 394.583
-59.0252 0.0588175 3.52956 44.2611 56.0048 33.643 12.2604 0.674471 12.0804 19.6323 11.6444 2.80156 4.17591 4.12974 5.3661 10.2871 156.105 69.9598 6.85947 3.42007 29.7982 12.0027 7.90483 3.39778e-05 387.63
-58.9642 0.0119581 3.62592 42.4094 57.4168 33.2231 22.1811 2.07667 12.9325 19.8681 2.39981 1.81167 2.67965 3.64026 1.21574 15.7541 150.752 77.5893 3.44455 0.654582 4.97769 6.75379 8.3306 8.24426e-05 388.554
-58.7584 0.0220184 3.58095 44.5163 60.4456 25.9727 21.0633 2.38314 13.6744 15.8301 4.05334 2.33488 2.73578 8.20472 5.46465 18.842 156.433 59.313 11.6138 1.41488 5.31465 1.72156 1.68773 0.000222563 385.828
-58.7915 0.0307796 3.50001 47.1198 50.068 36.5264 19.697 12.3584 3.61506 17.4889 1.93593 4.22728 4.02431 2.0373 3.84165 10.6012 157.585 66.1989 0.917091 10.196 5.841 41.5435 48.2476 0.00219934 395.079
-58.8231 0.0904527 3.3859 50.4293 44.9545 32.7264 15.6363 23.8529 14.4229 5.20377 2.81151 5.05625 2.63376 5.13758 9.69958 10.6542 152.178 59.1971 7.2605 5.31022 7.39888 4.71946 20.8264 0.00226304 394.688
-58.849 0.00857042 3.55582 51.4997 39.9093 36.5619 21.392 17.1429 13.8001 6.61312 0.658628 4.86119 6.12421 3.63556 3.04995 10.6538 151.781 76.7954 2.92521 6.19911 3.20423 18.1786 31.9427 0.00070872 391.189
-59.1214 0.0336994 3.4863 49.9234 39.2754 32.7354 27.3178 20.3178 7.7407 10.9382 1.40303 1.16628 5.52744 3.97313 10.0311 10.236 151.247 70.117 4.227 9.63628 33.319 3.87315 23.6936 0.00180832 393.456
-58.7662 0.0101615 3.8105 52.1093 47.1154 33.6909 24.6423 15.7557 2.05793 9.5105 0.835091 1.24525 6.18801 2.52017 17.1554 9.97403 151.748 64.3803 5.85605 9.2764 0.481315 8.8658 14.2103 0.000831086 391.761
-58.9249 0.00752867 3.67918 52.1137 36.6663 36.4398 29.2165 15.4107 3.31302 13.1999 2.31977 1.02956 3.02964 3.51979 16.1869 14.4464 149.579 59.5688 5.39562 5.68407 1.00003 6.74968 26.3662 0.000787275 392.59
-58.796 0.00735448 3.53827 54.2768 33.8833 36.3241 25.741 13.6265 14.5261 5.91918 6.61203 1.79494 1.10839 3.1628 16.2581 6.59893 150.751 74.8682 1.4501 1.29903 14.1652 15.7492 27.2551 0.00022518 387.258
-58.8069 0.00672069 3.54812 55.5901 33.8833 35.262 17.8125 12.5335 14.8446 11.2565 5.83213 1.90003 1.26095 16.0252 16.1802 3.00141 146.498 73.0917 5.36829 4.38604 11.9845 2.08179 26.0581 2.22727e-05 387.276
-58.8371 0.00750251 3.54316 53.8939 33.8833 21.9723 42.71 5.10787 11.9734 18.5887 5.80143 5.29057 1.84769 20.3165 11.9968 6.67004 146.658 43.6369 22.5416 7.53709 17.7668 9.21079 34.3759 4.53855e-05 399.649
-58.7984 0.0182631 3.76461 58.4129 33.8833 19.9132 51.8246 5.89542 3.73691 6.9682 1.58827 4.62263 1.87738 4.0352 3.51834 26.7711 152.295 69.1816 18.3034 4.21836 31.8757 43.2043 49.2638 7.44785e-06 396.986
-58.7247 0.0279812 3.87413 56.2624 33.8833 12.2546 51.9852 15.8238 3.83515 11.5331 0.585456 5.60638 1.59558 16.0884 3.45987 6.61267 150.512 68.7235 10.5754 2.57914 8.79978 50.6414 17.6967 1.8945e-06 386.783
-58.8528 0.0120679 3.81621 54.5714 33.8833 15.295 51.2192 8.61155 9.24099 7.24794 1.65335 4.45521 7.24662 11.968 8.50563 3.33392 151.071 62.7735 11.3215 6.24702 26.1848 2.46774 13.9066 7.60393e-05 392.728
-58.9509 0.0511685 3.3738 53.5453 33.8833 13.9082 51.0637 11.4506 5.8627 13.5394 4.65251 1.34593 1.42489 21.9747 3.16399 5.82915 152.52 68.124 11.04 6.86016 11.2299 13.87 26.5753 0.00568477 392.954
-58.8142 0.0226165 3.47977 53.5453 33.8833 10.8544 51.4922 15.5643 8.54503 11.4603 0.526656 2.85121 0.508953 15.6522 10.7398 6.45296 149.308 68.5325 14.9663 5.11661 4.25917 18.663 17.996 6.41531e-05 387.041
-58.8238 0.0368642 3.26842 53.5453 33.8833 11.9975 54.5056 12.7286 6.36522 13.2555 0.499961 3.20312 1.00815 15.6522 2.98348 13.202 150.823 67.0574 11.2099 5.9304 8.89044 23.463 23.1805 6.72409e-06 386.019
-59.0008 0.025737 4.08842 50.5081 38.2141 18.4163 47.9921 12.6928 1.47195 11.1842 6.24084 4.76718 0.609925 16.2834 4.15599 9.20955 150.864 64.9327 5.69913 5.48617 9.09675 25.1315 11.3933 6.72409e-06 384.849
-58.7804 0.0125426 3.44097 50.5081 38.2141 19.5947 47.9921 8.95973 1.47195 14.3667 5.63254 3.75938 2.31755 16.0715 2.63177 9.98062 153.226 67.8185 10.155 9.74803 12.6325 17.6984 2.63279 6.72409e-06 385.657
-58.9534 0.0223136 3.46711 60.0876 38.2141 12.2897 39.1686 9.2197 11.8037 15.7828 1.14002 4.83996 2.01756 9.98394 6.53974 9.01908 152.702 68.4091 13.3035 15.1412 20.9733 11.5956 17.7788 1.69209e-06 386.534
-58.6719 0.0142299 3.30264 57.2648 36.1146 14.8452 46.9317 6.62213 15.6779 8.39228 2.99331 2.87694 3.62936 5.28291 4.86322 10.1748 151.428 77.1344 6.1815 12.1649 9.83603 7.0383 5.0593 9.37019e-06 388.586
-58.8456 0.0252261 3.92588 54.3337 37.6828 16.1456 45.3453 3.59514 19.9564 5.855 1.70253 4.66638 1.21376 7.89883 4.87663 17.2106 155.598 66.0898 7.76098 13.493 11.9468 8.55674 4.9702 3.1599e-07 385.321
-58.9105 0.0346824 3.62172 54.3337 37.6828 19.4214 45.3453 1.3483 19.9564 8.53929 1.70253 3.7406 0.632045 6.39376 3.81462 14.3928 156.282 65.7541 9.43733 13.4226 24.9247 5.74621 5.03965 3.1599e-07 382.852
-58.9721 0.037152 3.54368 59.442 35.9706 17.2354 43.8019 1.34882 12.0104 10.8615 4.27276 3.03779 3.37147 4.43274 8.34702 20.94 156.288 64.1472 11.4721 2.88064 21.8458 3.10903 2.11015 7.17887e-07 387.481
-59.019 0.0320016 3.49253 56.9789 36.7056 13.7057 42.4091 4.27041 9.15312 11.1937 2.81488 3.97252 2.65682 5.84094 10.3327 15.6997 156.782 64.8868 6.64641 3.78396 19.6334 8.68052 7.46123 2.85441e-07 387.84
-59.0611 0.0197487 3.60961 54.6258 36.7056 12.2986 52.3837 2.47965 9.50894 17.3002 3.36682 2.9015 1.5541 5.31356 0.876032 21.172 163.649 60.9795 1.52451 5.99532 11.7641 25.1234 19.5801 2.85441e-07 385.637
-58.8588 0.0698531 3.66579 51.2021 36.7056 12.2986 54.2273 3.66545 7.68676 19.8933 3.36682 1.07395 2.12098 8.17167 1.98793 16.9084 163.612 54.2233 1.49632 10.5104 29.7105 13.3907 39.4007 2.17564e-06 387.074
-58.9253 0.0674114 3.56888 51.1443 36.7056 11.2879 53.902 3.3363 7.68676 20.8758 2.35215 1.15127 2.68337 10.4305 1.98793 20.2889 159.33 50.7516 1.12761 15.3611 27.0388 34.0519 6.54939 0.000121653 389.113
-58.7655 0.00567581 3.83582 44.4283 58.0095 11.2879 34.0162 7.45284 7.54438 28.2819 0.660854 0.854225 2.893 5.94624 4.25752 21.4548 159.014 52.8612 1.02384 6.49816 28.8461 52.849 54.5037 7.91096e-05 396.973
-58.9616 0.0118877 3.89916 43.9797 61.7061 11.3288 36.0553 7.90897 3.90458 19.3082 2.68785 0.787194 3.79899 1.95871 1.64084 31.1121 155.097 51.9134 1.03034 8.76847 2.55692 39.3852 18.9908 0.000356044 392.251
-58.8502 0.0263715 3.85795 42.4188 65.2489 32.1833 9.15591 10.2744 3.90458 20.7224 0.843854 0.694638 7.25096 0.734327 3.09315 28.9184 157.261 51.9691 0.504587 10.2873 17.6128 39.3852 0.404607 0.000355582 393.674
-58.7858 0.0237843 3.4471 42.5044 72.0818 27.1932 7.16023 11.7135 4.27653 20.3075 3.8491 0.95408 3.34539 4.91191 2.54046 28.7474 152.681 55.0177 1.90253 4.55916 9.74662 31.3835 9.82679 0.000216057 387.545
-58.7783 0.0138781 3.77477 40.5431 67.0667 31.9097 14.7797 12.0431 2.01478 18.4451 1.4505 4.09742 4.52907 10.0777 7.11637 4.89358 153.797 68.565 3.74973 17.377 2.44214 33.345 40.8474 0.000150792 390.859
-58.9051 0.0451173 3.35736 39.3412 69.8365 30.631 10.307 15.4192 3.06888 17.1037 0.353969 3.69812 4.45493 8.52849 2.72372 19.6347 146.583 71.9878 5.62099 14.0061 12.44 60.0667 17.6529 7.97024e-05 390.155
-58.9027 0.0797314 3.14565 43.5778 66.9676 26.6315 13.3175 15.4192 3.47955 16.8195 0.422031 0.937731 4.20488 8.37114 3.22535 23.1225 143.084 66.931 4.14707 17.0524 19.3294 17.8229 10.4587 0.000798358 393.991
-58.8274 0.0706645 3.45675 39.6467 71.7682 31.0319 13.3345 1.07671 11.8916 16.8195 5.00938 0.351776 2.47973 11.56 1.88501 17.1601 149.468 69.7577 2.2441 5.27332 9.25499 27.323 13.3802 0.0010281 391.356
-58.8625 0.0589341 3.64252 39.3417 68.593 31.0319 7.87174 10.5763 11.6145 17.2761 3.5087 0.749735 0.692396 2.23789 2.08011 15.0306 154.263 78.2021 2.48847 3.61236 19.0349 20.2743 9.41513 0.0023466 392.361
-58.9395 0.0415801 3.5345 39.0529 72.7105 27.7541 7.36896 19.5428 16.1534 3.61723 1.32536 0.404397 3.53067 6.26347 2.3823 25.7051 143.626 74.9418 2.5472 6.6011 20.6876 23.6106 31.1224 0.00681978 393.856
-59.3352 0.116643 3.33412 39.0529 70.4965 35.6573 1.09751 20.5757 14.6435 7.57651 2.54618 1.54206 3.51536 3.07188 1.3092 19.86 148.6 73.2557 3.86402 2.14268 12.9098 18.3457 21.3596 0.00331568 398.509
-59.789 0.0920036 3.58634 49.2565 48.1574 40.2122 7.52271 16.809 8.24703 16.8062 2.07553 1.38082 2.94172 8.23593 2.74039 18.1202 150.594 65.0805 5.82644 4.27583 37.635 41.1115 3.4355 0.000160087 393.532
-58.7278 0.0223484 3.5099 49.6143 44.6106 42.0434 9.73498 18.0817 6.35038 16.6045 3.3836 1.66125 3.35993 12.1976 3.79777 13.4905 148.56 65.1972 9.55735 4.31316 10.6131 12.2697 20.6547 0.00024613 386.841
-58.7924 0.0567242 4.11 50.2544 43.8788 41.9965 8.00979 13.7404 4.22197 17.0046 4.36683 2.19509 4.38239 13.8897 5.02982 14.2774 148.957 67.0416 7.06711 6.10912 14.8661 23.2014 24.5696 0.000145022 389.705
-58.6909 0.0495307 3.30574 52.5032 40.2414 44.8898 7.65416 19.8526 4.82254 17.6698 5.81956 1.55339 6.77415 5.34419 1.59776 10.2177 147.922 81.7749 4.58618 0.901497 40.2321 7.26333 8.55596 0.000123154 392.766
-58.7055 0.0122705 3.49296 51.5363 40.2911 50.7818 7.32464 18.6569 8.35672 8.93298 2.53747 1.65158 7.75326 5.50386 8.3344 12.7471 147.204 68.5294 6.01503 3.24368 3.19047 21.5725 2.67788 0.000123154 386.161
-59.1578 0.0329508 3.62948 50.2356 37.8798 44.3961 15.6261 12.246 12.4266 7.45253 1.74241 5.56789 6.68401 11.1768 2.58151 19.3014 146.041 67.5157 16.9823 3.89903 13.613 92.6564 6.77026 3.78882e-05 396.132
-58.984 0.0359571 3.28539 51.1414 51.2786 38.2795 14.4971 1.98221 12.0072 9.7072 5.76149 3.30126 5.33725 3.78325 11.2336 14.1899 145.896 74.2281 11.8371 4.66138 13.4062 32.9593 19.1927 0.000740089 392.89
-58.8755 0.0380607 3.46866 53.4113 57.0163 34.1963 10.1271 1.22506 11.4391 7.60408 7.37793 9.24033 5.05112 10.1803 4.0355 14.7524 145.926 72.6319 5.69686 4.84731 2.85649 14.1819 7.50983 0.000554308 394.234
-58.9376 0.0421369 3.42016 46.8497 57.0163 34.19 5.68417 2.40633 5.94834 7.00752 29.1598 4.32971 4.19241 7.32805 3.52909 11.3512 152.012 68.5691 5.58362 4.99438 24.1993 26.5123 9.00634 0.000691545 394.28
-58.8908 0.119029 3.24091 44.979 57.0163 28.2973 12.5966 6.15616 3.0156 6.43164 22.8879 4.36134 8.8431 10.0071 9.70881 17.7696 138.168 72.0316 7.67864 4.36899 5.29125 32.3396 38.5744 0.000270331 399.52
-59.7067 0.0739372 3.5916 56.5428 23.7735 47.9358 15.8895 9.39761 17.5963 4.15283 15.6053 2.7631 4.06242 12.305 1.59553 6.23619 154.422 73.5431 4.6833 2.09232 12.3607 10.8094 24.478 0.000172984 395.564
-59.037 0.0559867 3.32494 56.5428 32.0998 47.9358 15.8895 5.8804 15.3095 7.91373 11.4487 5.00388 4.75283 5.73044 2.79438 13.7655 158.054 59.0817 2.13181 9.40873 1.52296 24.0839 16.6185 1.0036e-05 387.852
-58.9496 0.0168713 3.45987 60.2537 22.5736 41.3612 27.4784 1.66119 8.62941 13.9369 10.4492 3.62424 5.93968 6.8357 5.56735 13.2382 162.113 52.6502 5.22404 5.17864 34.286 36.6449 35.9955 1.0036e-05 389.807
-58.9478 0.0543562 3.50333 57.3921 22.5736 45.7305 27.1738 4.18805 11.0301 13.9369 9.00344 1.25828 3.2666 7.61621 11.7542 16.7901 143.749 61.261 3.87116 8.86197 8.43156 28.3474 35.6076 1.0036e-05 388.528
-58.8484 0.0646333 3.85772 66.9837 15.9412 42.5979 23.9596 10.4474 13.6285 17.7119 2.03033 2.32163 1.7652 1.6264 8.50305 17.551 156.356 58.7315 9.18109 9.16841 25.8194 31.9518 25.7908 1.0036e-05 392.298
-58.8374 0.0594714 3.35711 61.2643 21.5598 36.7841 27.6156 13.1262 11.1279 18.7352 2.76375 0.623523 1.21214 4.92488 9.48294 5.88769 159.143 64.8641 26.4752 3.88284 29.3869 0.928194 13.998 3.50932e-06 387.775
-58.9534 0.0410168 3.44141 58.234 21.2442 45.0942 27.657 17.0172 5.0482 18.6031 3.34277 0.479135 0.515696 8.61155 5.0012 9.14389 153.629 67.7724 5.58772 4.79313 31.8893 3.33545 2.31773 3.50932e-06 383.699
-58.9508 0.0388151 3.65806 61.2044 16.8626 42.1336 31.3884 9.58023 7.85001 14.5725 0.636608 1.44691 2.74225 8.97251 7.49748 6.19669 150.976 80.7117 4.58328 5.79002 19.082 1.62467 38.0685 3.07336e-05 389.156
-59.404 0.0637852 3.73336 60.9962 17.6903 55.2186 21.0583 7.91995 4.39943 15.6356 3.10158 1.56156 3.44711 10.5542 4.69433 6.45043 158.654 67.2048 4.52623 2.89172 11.1047 16.4596 30.8237 3.07336e-05 390.262
-59.1037 0.126139 3.31625 60.1511 16.2915 49.2842 24.5234 10.1654 10.4459 19.9578 3.10158 1.44742 1.99439 7.67016 2.80741 2.85773 167.135 63.1253 3.95227 2.65937 23.8928 50.4614 29.9624 6.43477e-05 393.898
-58.6585 0.119406 3.1883 61.945 16.3431 11.346 66.7856 8.66799 16.5188 10.4842 3.10158 1.2128 0.753764 8.5763 4.26083 1.09092 157.336 79.3999 0.0186425 3.13838 33.0069 21.6266 6.1567 6.43477e-05 393.649
-58.72 0.014501 3.87215 61.9876 14.3242 51.9072 17.4052 8.94373 15.6458 10.0418 5.88406 1.62378 1.01572 13.4871 17.9853 8.15027 138.004 74.1621 1.97351 3.36667 28.705 13.0416 9.28209 0.000175601 392.4
-58.8038 0.0070381 3.87774 62.3038 12.4108 42.2143 31.0915 8.07532 16.5983 10.0697 9.79798 7.52876 1.41177 8.61257 6.25108 14.3367 138.004 67.2902 2.64807 6.10539 1.18841 16.1505 47.1072 0.000304771 394.275
-58.7401 0.0468816 4.09963 61.9292 11.6667 15.748 68.0911 6.97921 7.29032 11.5057 5.30787 3.92075 1.42714 15.9582 6.21273 15.5192 144.604 64.1667 10.524 0.233196 17.1185 21.7833 3.97046 0.00239173 399.602
-58.9262 0.0417618 3.83111 61.7714 13.6853 52.5658 21.1032 6.9928 4.66012 21.7444 6.58295 4.42971 3.58351 10.8262 6.37419 7.36271 153.401 64.1743 2.34017 21.3169 32.0165 7.12079 7.69614 0.00947497 397.258
-59.0366 0.0255324 3.42698 62.2897 14.6774 52.5658 21.1032 12.104 0.481597 19.7727 5.47263 4.31766 0.865811 4.9907 11.6003 12.0302 150.111 73.9369 14.6734 10.104 63.7882 23.5591 7.13477 0.00359475 398.009
-58.6073 0.0180284 3.42472 63.1089 13.4511 43.6817 40.8605 12.8958 9.56282 8.55102 1.54029 1.73487 3.15588 1.95653 12.5034 8.93917 160.872 53.2593 4.1364 15.7446 3.47674 25.661 6.16348 7.20096e-05 390.367
-58.8073 0.00342132 3.55482 61.7799 21.75 43.2693 40.8605 6.14053 9.27738 1.15139 0.147235 1.38852 7.42827 1.82633 13.3027 7.00196 162.687 58.2901 5.31798 8.85357 28.2353 37.6567 8.83602 4.0643e-06 391.735
-58.726 0.00156461 3.48585 58.6672 18.8084 41.0621 42.151 6.38931 9.43595 1.29996 8.60091 2.40108 5.82327 0.718057 11.9011 5.95824 158.257 78.7168 3.61813 5.59153 17.0599 28.9351 11.3197 2.02425e-05 391.62
-58.6947 0.0800341 3.6672 63.37 15.8841 37.7238 40.3095 10.5504 5.65759 1.19366 7.47594 3.65032 19.732 2.01415 13.5445 7.3304 138.004 75.4096 3.55896 4.04105 28.2905 11.4459 17.8998 2.19955e-05 399.489
-58.6618 0.0126724 3.52402 68.1633 9.45076 33.7517 40.1774 10.2677 5.63263 3.1024 7.36421 8.49626 19.8832 1.95726 1.7471 13.3517 150.654 61.9719 18.7079 5.11658 28.0576 48.4826 27.1379 1.7865e-05 401.195
-58.7699 0.0150465 3.57864 65.9402 10.274 31.2636 43.9485 21.0755 6.09397 2.98243 8.40659 8.45413 10.1653 4.48251 3.52641 11.9974 152.929 54.1932 3.39978 0.586774 17.9884 14.2239 6.93779 6.38871e-06 390.662
-58.9695 0.0295023 3.46741 65.8634 6.34229 33.7095 49.4929 10.4393 3.78607 16.7192 12.5606 2.3982 3.07596 1.81645 3.36101 14.0724 158.093 52.7617 8.08075 1.85724 5.951 18.75 5.2943 2.60399e-07 385.482
-58.7533 0.047924 3.60265 66.016 25.4188 33.012 26.6038 4.82879 5.54546 6.82288 17.7591 2.39691 4.23287 1.80572 12.6068 15.3104 155.701 65.3396 6.67478 0.149575 15.6216 9.93239 14.0681 7.00911e-06 391.437
-58.7294 0.00465713 3.65237 62.4281 24.7802 28.1096 32.2231 14.0299 8.18164 8.80765 6.21055 3.94469 1.33748 1.60421 25.2656 15.6666 149.197 56.4286 18.0214 4.53518 2.58473 23.6907 27.8714 4.90363e-05 395.017
-58.8998 0.072655 3.57704 61.0001 21.5208 39.8085 28.7278 10.5257 15.5891 9.40488 2.60647 2.09035 0.224788 0.718276 8.48238 17.0739 149.604 73.1508 8.38245 5.91178 6.57858 14.3575 47.2408 0.000113435 390.483
-59.1197 0.0250527 3.63119 60.5121 25.4072 26.7311 36.2097 8.50171 2.78966 26.2837 2.60647 2.74907 4.65666 1.21994 10.4009 16.0157 145.267 76.7746 3.72767 5.38306 11.8306 16.4194 36.2917 1.93955e-06 387.324
-58.9623 0.0178997 3.6823 53.4901 31.0126 29.1947 35.333 10.0131 6.35608 14.5953 14.0451 3.87323 1.68295 3.06454 8.28289 22.3622 146.951 61.3663 8.50916 11.2875 11.9557 20.8291 10.6742 4.43582e-05 390.346
-58.9254 0.0398958 3.34113 62.1519 31.0126 33.4541 25.9436 10.6576 4.44827 7.37059 8.24667 8.80652 0.925197 0.810706 24.2043 9.83499 139.744 73.615 1.60626 13.2807 8.74039 24.0182 6.83102 0.000220533 394.038
-58.9113 0.02746 3.68285 61.1793 38.5937 18.1695 10.449 16.0454 17.6168 10.2601 12.0993 8.27457 1.66625 2.59163 13.682 15.4712 149.952 68.0856 2.87985 2.15454 11.4984 8.34872 15.8196 2.54007e-05 397.155
-58.8311 0.0432311 3.78999 61.7924 33.8049 26.7934 14.5791 16.0454 22.9567 10.9776 10.6144 1.99001 0.63618 1.6362 4.11754 19.5893 152.816 68.0856 4.31592 7.40066 37.2105 6.32658 41.5546 2.86227e-05 402.344
-59.0196 0.0422144 3.42826 64.929 24.9696 26.7934 10.427 15.5801 22.732 13.3694 13.4821 1.53773 2.12311 12.2095 3.1244 3.88388 155.808 78.011 4.2695 7.06522 30.3167 11.5263 12.2466 8.94431e-06 394.703
-58.8295 0.0782529 3.40166 58.5923 28.2919 17.2424 4.66007 14.906 23.0535 13.8254 19.5499 9.00976 5.56934 14.5563 7.52425 5.61669 146.703 74.4884 3.86152 1.76632 31.3448 9.43265 21.9085 6.52694e-07 398.64
-58.7243 0.061493 3.38464 60.22 26.871 15.0284 18.6375 10.1246 38.0082 4.11745 8.69095 0.542602 4.35968 16.3562 12.6442 14.0305 138.553 76.1465 17.8994 2.58808 50.9431 9.15973 21.6872 8.99987e-07 400.851
-58.7488 0.0285505 3.65407 51.7556 42.4459 30.1738 24.5157 7.31564 23.4912 7.28202 9.38054 1.62813 4.58451 15.84 8.47887 9.34637 129.954 73.9385 12.9232 1.89482 1.10361 8.94842 45.6652 1.20699e-05 391.639
-58.9091 0.00848026 3.80054 53.4193 40.7216 34.9475 17.4943 11.3097 20.8096 9.17343 10.4783 1.78672 1.45484 10.6407 4.76763 21.1567 128.541 73.5549 21.1064 6.24746 22.4052 51.9723 30.3978 3.46911e-05 396.084
-58.9195 0.0291114 3.72087 56.9241 42.4821 27.5643 19.6272 7.58224 9.58703 17.5451 10.0868 3.44552 1.66335 13.3202 8.0712 12.8736 139.036 66.4711 3.75992 8.61075 7.80182 29.656 5.26113 2.85688e-05 390.939
-59.0022 0.0603578 3.25817 56.6012 42.1239 32.6079 20.7354 0.342245 17.3602 3.76735 10.0868 0.0659784 3.70814 15.0383 14.9055 4.5232 148.977 71.7481 7.90165 4.74948 8.83023 21.9066 5.36225 1.30201e-05 392.047
-59.0369 0.0377067 3.51079 53.6827 42.3715 32.6079 24.2125 4.95399 16.2316 8.07068 8.22339 2.87543 1.22834 13.8317 8.52962 0.907023 148.41 77.5517 5.86029 5.99616 5.05883 6.83283 7.70174 4.62682e-05 386.753
-58.8397 0.0520998 3.50979 48.389 44.7363 38.4734 24.413 5.86595 8.985 9.48602 2.18131 2.69938 1.11638 13.8317 8.83557 13.1931 149.907 63.6881 6.37859 3.09171 2.02595 43.2281 21.4828 1.31209e-05 388.63
-58.603 0.011357 3.4138 48.0681 49.9916 37.6286 24.0896 4.85086 3.92636 12.0607 2.33332 2.39738 0.38254 16.8207 8.09374 10.8192 155.377 52.441 0.383535 14.0244 14.0353 22.5901 39.8194 6.8564e-07 394.314
-58.8762 0.0446029 3.35618 47.3973 49.9916 29.7405 24.7155 11.4498 6.87749 17.2659 11.4949 2.42072 0.981069 4.42469 0.81968 7.35321 162.127 48.6889 17.5485 4.91987 4.93244 3.68207 6.75348 2.6512e-05 391.439
-58.7972 0.0193183 3.53644 46.0409 52.238 32.1098 25.0434 4.07012 13.5022 15.8025 5.92328 5.52917 1.25476 11.3734 5.36733 1.89061 164.149 54.5204 11.2532 8.96651 30.3968 14.1635 8.93641 2.54252e-05 387.81
-59.1274 0.0320922 3.62558 46.0409 51.6371 37.9287 7.71663 18.3232 11.7031 14.7961 0.315108 1.14979 1.6984 9.52856 3.98256 3.62568 169.736 57.5036 7.75159 2.28111 18.3331 22.6478 4.46007 1.48138e-05 388.481
-58.9346 0.0487947 3.53726 43.7429 56.6427 40.76 7.92293 15.4756 6.88023 17.0235 2.89627 1.15185 3.09752 9.32036 5.44923 0.0629361 167.667 62.8173 9.92967 1.43396 21.8266 10.8764 38.1976 6.13674e-06 390.728
-58.8567 0.0345384 3.44456 43.7291 58.7752 37.4403 10.3448 13.6459 4.25036 10.8897 7.26364 3.3583 3.12562 8.11938 0.434024 18.104 156.17 65.0897 0.118258 12.1207 5.54783 3.25667 82.9769 2.96419e-06 389.946
-58.9584 0.0299933 3.64109 45.6939 50.8539 41.7973 9.51567 17.6786 2.48714 17.5898 1.62214 1.72642 3.16419 11.2857 8.81032 11.8414 149.971 58.7645 6.6379 14.7206 22.3253 41.597 64.522 9.88428e-07 389.641
-58.789 0.0453632 3.31836 46.7181 49.6407 42.557 10.4051 14.867 3.45599 7.36076 7.21 9.43675 3.09797 10.4179 8.28571 11.6002 148.715 66.3722 19.1012 1.95544 6.94038 33.4795 26.4562 2.07116e-05 391.73
-58.7279 0.0350526 3.37427 46.5118 53.907 37.289 10.3976 6.66232 2.4161 17.486 10.2917 0.888651 3.34287 4.70913 20.4823 12.1542 146.278 73.4752 2.42713 18.0501 2.21691 25.8703 9.4172 8.12028e-07 391.264
-58.8087 0.0245653 3.48096 45.0186 48.8113 33.5235 19.7538 7.39521 2.83545 25.7339 6.22628 1.03424 0.337819 4.00022 21.0133 18.0864 134.492 74.3155 1.81951 15.2386 18.4355 12.1945 15.4558 8.12028e-07 387.908
-58.7944 0.0322336 3.93343 45.4058 51.9803 38.7969 16.8146 1.14702 0.533939 28.2991 4.27232 1.75064 1.04532 6.33332 30.367 18.3614 120.769 77.7442 0.657026 9.57062 41.8275 16.3552 36.3334 8.12028e-07 391.552
-58.9768 0.0347873 3.5818 46.3022 76.5278 15.7475 15.5705 0.54191 4.38131 27.4426 7.14285 1.26743 0.995031 2.45912 29.289 20.6318 117.493 78.6012 1.76827 6.05984 17.3529 4.91401 10.5977 8.12028e-07 391.305
-58.7124 0.0389828 3.37594 43.4712 76.5278 18.7133 10.8604 0.414056 12.1978 23.5564 4.26691 7.20796 1.8262 1.20041 30.0519 14.9854 117.493 76.6112 1.39278 3.02017 10.2231 7.54447 3.39967 0.000647673 400.49
-58.7331 0.0491603 3.27948 46.8227 56.6072 33.3194 12.3525 10.8561 3.95288 7.32937 6.58976 11.1224 4.10504 13.0093 23.1765 10.6964 125.307 61.4683 19.4674 1.66419 3.2581 13.2308 26.2703 0.000696397 401.581
-59.1235 0.0438118 3.76356 47.2612 56.7272 37.5409 7.50915 8.77404 7.56562 12.6012 1.46661 1.43153 7.83934 19.4239 24.2864 12.343 123.423 73.0301 23.2523 0.38531 46.2316 10.5288 10.7319 1.54384e-05 398.901
-58.8364 0.0213925 3.40604 48.4732 55.8554 36.6743 12.9384 9.29972 8.0685 12.6012 1.46661 2.5938 5.43061 19.6324 22.6484 7.35577 125.051 75.2781 3.45249 2.42117 32.2306 0.583477 14.0872 1.54384e-05 388.759
-58.8701 0.01978 4.2424 46.0684 55.494 25.638 25.0802 8.90532 7.43799 12.8952 1.31646 1.85273 1.0169 19.7285 24.5109 12.0669 125.051 78.0998 1.80478 6.15227 4.50495 3.6365 77.4472 5.29309e-05 395.18
-58.722 0.044747 4.2424 41.3812 62.0625 28.5151 22.6706 9.35608 10.4322 10.171 4.7981 1.37173 0.245583 12.1087 20.6112 11.5491 133.405 70.6394 2.8567 1.68429 6.33651 12.2265 38.2738 8.00431e-05 396.158
-58.7081 0.0525829 3.53887 43.0174 65.7588 24.7461 17.9619 6.72923 12.2377 9.55364 2.4109 0.996983 2.53787 7.24179 30.3446 17.7912 122.448 77.5478 1.97463 9.78692 16.428 14.8505 64.0863 7.71923e-05 396.294
-58.6243 0.0114329 3.47645 45.3374 69.1964 21.1409 15.4169 6.81562 14.8633 21.0399 0.741002 1.08803 3.36936 12.2637 16.7203 15.1118 124.789 73.8594 5.60396 6.38115 12.1047 53.8097 27.9232 7.71923e-05 396.949
-59.0984 0.0352864 3.56594 47.4194 67.7334 19.5001 10.0905 9.24441 17.7893 22.8082 5.03015 2.31715 1.5478 9.6497 19.1254 11.2022 115.251 79.7569 5.19042 6.41277 8.27002 85.9506 6.21589 0.000508349 401.881
-59.0595 0.0534556 3.5039 39.4955 64.7777 23.6822 20.4149 9.4725 10.5863 21.6197 3.47449 1.95457 3.46634 8.19451 23.8024 12.627 115.251 83.7022 0.223177 5.20827 7.34738 32.0903 25.6205 0.000711589 400.033
-59.0389 0.0582879 3.55197 43.3278 58.7882 20.4962 15.6481 17.2886 9.57912 23.1881 4.13994 1.53241 3.51171 11.3553 27.2095 8.14674 122.484 77.3988 2.86584 2.55265 5.51924 48.8213 3.15143 2.81039e-06 395.547
-59.1013 0.0372291 3.47162 42.1728 63.2229 11.2957 25.5176 13.3879 8.88292 23.1117 6.30675 2.157 2.28812 15.447 19.3703 0.755158 132.588 73.5799 12.0792 2.71818 14.2464 23.173 21.1723 4.40207e-05 394.234
-58.7556 0.0184093 3.81306 43.033 61.5847 10.2355 29.7693 9.67049 10.4448 17.491 6.4308 0.550467 4.33252 32.8255 6.90014 7.67406 123.736 83.2288 1.57812 4.78223 17.1454 14.2515 6.36206 0.000498883 394.058
-58.7479 0.017016 3.37943 42.5236 68.7912 9.73038 29.7693 10.5889 15.0991 5.57248 8.74441 2.32788 0.522001 24.1813 6.33218 15.4402 126.173 73.9524 2.83759 10.4184 15.4854 30.2949 10.0098 7.67703e-05 390.853
-58.8015 0.00354369 3.54318 41.5137 68.1385 9.73038 26.8912 19.0018 15.6685 3.38684 2.91577 2.10636 2.26381 16.4626 8.21565 11.9792 142.281 67.9595 11.6672 8.01693 43.4909 12.8372 11.7242 0.000126668 390.619
-58.7848 0.0226731 3.38504 35.0721 77.2949 6.11023 39.6109 8.15754 16.0362 5.52057 3.16823 2.69333 1.30519 8.5478 5.54371 25.6266 137.271 72.0567 19.9721 11.7206 12.2248 27.1983 7.70817 0.000301586 399.332
-58.5848 0.000332377 3.44377 43.6194 77.2949 6.11023 26.0801 7.3494 16.5714 2.85479 5.66983 2.02373 1.84827 9.73136 0.987904 30.0499 143.037 69.0021 13.3591 6.61308 23.9863 27.9061 9.44177 4.39036e-07 390.86
-58.7173 0.0264405 3.51054 43.9167 69.9577 4.39333 31.8656 12.6033 19.6694 2.85479 2.06986 2.75469 2.70986 2.51465 4.95006 30.0499 143.037 65.1931 2.13434 2.03012 1.63285 36.9157 34.1723 6.67759e-05 389.916
-58.7423 0.00160045 3.53791 43.0681 61.0427 17.4245 32.2863 7.09221 17.0372 9.19989 1.978 1.91279 2.0221 5.13512 5.50766 19.3306 142.585 59.3675 2.12239 23.8216 12.2724 5.26245 2.72939 1.03102e-05 387.241
-58.737 0.0304774 3.67751 45.4494 51.2903 17.4245 33.5388 6.89805 19.1427 11.409 1.55761 3.37372 2.1347 8.10076 3.95821 17.105 149.464 73.6992 1.58022 6.43116 4.09346 2.02174 3.78701 7.06418e-05 386.045
-58.7523 0.0269019 3.79943 49.3984 48.3775 17.7067 33.5388 4.97276 19.0085 11.7025 3.7083 4.23491 4.62008 3.84629 7.05727 18.0216 153.894 62.6103 0.931964 6.34393 1.39346 15.7004 22.4676 0.000134769 389.337
-58.7464 0.0175664 3.73148 48.8905 47.3895 15.4968 31.2973 8.9233 20.0239 10.4029 5.39175 3.80474 1.54953 4.27301 13.0415 16.6023 154.829 57.4093 8.7142 13.7696 21.246 3.11484 2.79156 8.56827e-05 389.611
-58.8484 0.0111179 3.30082 47.0091 55.56 16.8342 31.0486 2.42246 22.1706 4.64749 8.46922 10.2361 3.95781 7.4134 4.05745 8.35964 148.757 75.1111 3.38653 6.78109 10.5937 4.83082 5.56523 4.35609e-05 388.659
-58.8199 0.0174463 3.50091 48.163 56.5096 10.9927 40.8669 3.3357 17.2069 4.40188 8.57872 3.65802 3.60056 9.14748 2.82243 12.2832 147.6 72.5716 3.38075 5.5008 3.23224 18.373 14.8028 0.000215469 384.772
-58.6233 0.0142693 3.83638 52.5887 51.1348 11.7826 41.5222 5.01039 15.3023 4.82169 6.69476 3.24885 5.03425 8.99469 6.5427 16.9382 150.917 64.883 6.72793 5.65306 12.658 56.7459 16.5455 0.000392901 398.829
-58.7951 0.0219791 3.34354 50.7026 46.4532 10.6014 41.5044 7.14203 23.8308 3.66862 4.96427 6.67587 1.16554 6.76693 10.9286 1.90181 154.795 71.3306 3.60737 4.44848 7.80735 25.1866 2.80106 0.000318368 388.362
-58.887 0.016112 3.49983 54.3189 41.1086 16.4386 43.0006 8.77361 21.1769 1.82929 2.49164 1.00878 2.45353 7.13602 5.15654 9.74148 156.651 69.7186 4.22517 2.48212 10.7551 30.5808 27.5599 0.000118797 386.965
-59.0272 0.0245627 3.4138 53.0573 37.7938 15.2878 38.6874 18.0336 24.545 3.31031 2.82764 2.14426 0.579004 7.17599 6.18089 8.64427 150.557 71.1178 11.163 5.05556 3.03571 16.3238 34.9727 6.25439e-05 389.913
-58.9319 0.0181532 3.57245 52.037 40.6686 17.5293 38.4553 16.1939 8.51199 11.9487 7.28301 0.639843 0.702927 8.12555 5.7555 5.41329 160.41 66.3309 5.05443 8.70558 32.5209 21.3305 43.2928 5.69639e-06 385.801
-58.8315 0.0811116 3.56057 52.3422 43.9845 21.6646 35.6851 4.26889 11.2681 8.16071 15.1927 0.863033 1.25179 11.5557 3.58127 5.41329 158.171 66.3309 10.1758 11.1278 14.2188 2.33147 28.1076 0.000152254 390.683
-58.8314 0.0201952 3.33204 51.7623 47.9743 18.5762 36.1641 4.93237 12.0954 3.19921 13.8057 0.540653 1.9323 10.8725 13.8211 7.3462 159.806 60.1351 3.09157 7.4294 6.87513 8.35307 22.0807 1.45161e-06 383.166
-58.828 0.0422244 3.57577 51.695 47.1478 22.1229 35.6587 2.78535 15.1013 7.07133 7.63778 1.47918 1.35745 8.26489 7.94588 1.14256 162.425 72.5397 3.10864 11.3403 7.94605 31.7725 33.2557 1.95071e-07 384.266
-58.9264 0.0150966 3.6378 51.8476 47.5568 20.323 35.5389 2.78535 12.5088 7.07133 14.2137 0.961855 6.70348 12.5851 6.8105 1.14256 154.004 63.3504 2.93522 7.14204 7.48358 8.92677 36.4786 5.435e-07 386.641
-58.8213 0.0166082 3.60643 53.0637 41.3735 24.1481 39.8103 10.2556 17.1877 7.07133 7.31204 1.95023 0.414599 16.928 3.93772 3.80467 150.264 59.9214 2.93613 15.262 3.81498 10.4071 11.1616 1.08163e-06 387.78
-58.9362 0.00191869 3.50793 49.1803 42.7196 29.0587 30.3938 17.7015 11.4049 6.54282 0.402741 3.13781 6.98751 1.59328 6.70515 5.34396 158.733 71.9564 3.25329 2.36296 0.973632 90.0859 28.8428 2.14877e-07 391.539
-59.0748 0.0865664 3.278 51.6654 40.7106 33.7191 28.6987 14.1016 10.0386 14.5742 1.13529 1.7082 2.75258 1.16471 11.2972 7.91591 160.18 54.4452 2.9999 3.06038 27.0203 39.9929 16.9667 9.81153e-07 391.038
-58.9479 0.0766826 3.38878 50.5392 39.57 40.5252 21.331 1.07922 11.3717 18.7974 1.90795 5.3481 0.513345 6.18618 7.90415 7.11324 160.18 68.8549 2.87338 2.86407 15.1275 3.93141 24.172 7.54051e-09 380.824
-58.9218 0.00427094 3.62714 50.3348 38.5978 49.7301 15.7646 0.559706 14.3581 27.2123 2.16372 0.915103 1.97955 5.08648 8.97953 4.87276 158.693 68.8549 2.99234 1.67812 1.0518 6.17783 1.7844 2.15864e-06 390.493
-59.0178 0.0158406 3.65082 54.3188 30.3304 58.5562 1.48604 4.20624 9.08966 25.7309 1.4693 1.22913 4.79143 2.549 20.4251 4.40712 160.554 66.3138 3.80597 1.07892 23.1938 10.7784 28.3892 1.44802e-06 386.972
-58.9656 0.0585635 3.65419 54.1505 33.0975 44.144 19.4451 10.5184 11.9528 18.7548 1.12673 0.506331 5.85521 4.6403 5.25498 12.5471 160.932 37.8271 11.8388 23.6484 9.56904 0.49011 19.2647 1.20311e-06 390.236
-59.0892 0.0296286 3.7243 57.2367 29.416 46.776 18.2062 10.751 0.737557 23.8495 3.04805 0.122542 7.46538 3.55146 11.2941 7.3766 149.026 71.7793 10.9213 21.0544 10.6113 5.56269 42.5114 5.82379e-06 393.212
-58.9661 0.0262113 3.30308 53.3776 34.065 45.8604 19.3005 1.6316 6.39741 26.4778 0.668763 0.525141 3.4665 9.52275 10.6998 13.44 141.79 75.1236 6.76088 8.10989 29.51 13.0945 39.2788 5.75434e-06 388.801
-58.758 0.0106019 3.78539 56.4123 32.3224 48.3108 15.2432 10.6842 0.659577 22.573 4.68614 7.3625 1.31308 11.3863 6.40848 11.8714 139.922 69.8717 0.703443 10.2975 12.6043 20.4652 39.2261 2.10166e-05 391.168
-58.7831 0.01419 3.44452 56.9502 35.8003 48.7369 14.9335 18.3399 4.97902 4.08322 14.6355 4.20641 0.155121 4.75714 2.95748 17.9346 144.467 52.2861 7.60356 15.3462 11.2268 3.61549 29.6988 2.73563e-05 393.905
-58.7622 0.0121956 3.82597 56.3385 27.9803 47.7138 15.3337 16.9215 5.56883 13.5512 4.47122 1.27616 0.878229 7.35117 3.60511 25.4012 138.662 86.2053 5.50113 1.41754 10.264 48.9294 32.1762 0.000123743 390.662
-58.8917 0.0587028 3.57947 53.1797 32.3478 45.3935 15.9874 17.8692 5.56883 17.6816 1.0067 1.46103 0.164492 15.5474 5.77303 21.4486 136.21 69.6327 14.7573 1.69435 47.6059 4.1901 13.3426 0.000411221 391.955
-59.0174 0.0999143 3.37138 55.245 32.9087 42.9503 22.1825 5.57954 9.84065 18.9925 2.19441 0.224794 1.42967 10.0081 3.47326 27.9388 136.787 71 11.1188 7.88789 19.0232 4.58684 62.8465 0.010164 400.11
-58.6234 0.0498708 3.48596 54.4944 35.368 36.431 24.7432 2.26998 11.1817 18.76 6.89095 0.164124 3.90251 9.81 3.47326 27.9388 136.273 68.9879 10.3005 3.44616 30.9352 22.5199 4.32185 0.000344834 393.364
-58.8333 0.0234413 3.38852 58.2378 33.9161 33.6633 24.7625 7.06936 8.76746 16.8429 6.95817 0.0901955 3.54916 6.70873 11.6572 19.828 131.761 81.2742 3.59622 13.7078 17.5992 2.97594 14.4603 0.000162118 391.273
-58.547 0.0124839 3.4734 56.2648 33.9538 32.8713 25.3822 7.79599 3.85555 14.0434 9.84818 1.43596 2.02221 4.52429 10.5165 23.5247 140.954 76.3618 3.78757 12.5206 19.7767 13.7982 13.2422 7.51102e-07 388.298
-58.7884 0.0137973 3.73326 55.4218 31.3116 30.5184 26.4806 9.03013 7.83766 17.234 10.703 2.22967 2.53791 9.10544 16.7956 24.0249 122.559 80.5455 1.77054 11.0921 30.1362 35.5728 49.3699 7.51102e-07 391.938
-58.8814 0.0154301 3.47305 56.6696 24.1526 35.8395 27.0599 9.29052 8.02665 22.0639 8.39311 3.19808 3.62234 6.36481 7.99802 24.1003 130.987 80.7536 0.691877 4.89211 53.1343 26.0889 27.548 7.51102e-07 390.434
-58.9917 0.021923 3.528 61.358 22.8874 30.5032 27.083 7.08347 8.02665 24.6804 7.89918 5.03613 3.45376 8.0001 3.09551 24.9553 133.035 80.1016 0.946868 12.2118 41.678 1.77792 47.1405 7.51102e-07 391.459
-58.8659 0.0533181 3.35436 61.2664 23.6337 32.3231 29.0549 7.08347 3.80586 24.6804 9.24237 0.120289 3.80835 11.7992 0.634326 20.4296 141.952 74.1396 1.51948 8.87513 36.8769 30.0056 49.9999 7.51102e-07 389.97
-58.8081 0.0412231 3.54811 59.6148 19.7178 47.9363 27.7529 7.92743 3.72 23.8584 0.987536 0.893513 4.65411 12.8062 2.481 29.1003 128.747 67.3712 3.80175 5.68998 5.45442 1.52169 30.2311 7.51102e-07 388.092
-59.1289 0.0184892 3.54994 64.2924 21.839 53.5081 20.3409 16.2917 3.93015 5.58933 4.85725 4.29806 1.24172 0.575292 2.62446 23.6597 149.784 71.9168 5.84433 8.43422 11.3872 55.8738 5.2579 7.51102e-07 391.917
-59.0485 0.0388472 3.46137 65.2624 8.18346 53.5081 23.9443 21.381 2.6705 7.73296 5.03328 3.62341 2.88231 4.58464 1.24438 23.0815 147.269 71.9431 4.91819 7.59591 13.8377 4.75149 4.90484 7.51102e-07 382.794
-58.8548 0.0412955 3.6548 65.6954 7.66794 53.5081 23.9443 21.381 11.801 7.73296 2.65073 3.51925 3.98471 2.87764 0.473796 12.4943 154.423 67.4406 5.64678 6.53351 17.8109 29.9557 5.19535 1.88951e-05 387.707
-58.8166 0.0151205 3.76245 66.5735 7.66794 53.5081 25.1437 19.1346 5.12164 5.29291 3.68599 5.37153 5.82674 4.51469 3.03781 9.71714 156.034 66.4849 12.0611 1.53462 25.4417 20.0744 21.9342 6.25625e-07 385.812
-58.8916 0.0657842 3.65242 63.4649 7.66794 52.9892 30.5645 22.2697 3.7404 11.3608 10.1421 1.54038 2.90761 5.60937 5.19168 7.75552 145.115 62.2066 14.0382 1.68351 20.7944 6.58588 26.9961 2.31567e-06 395.316
-58.7563 0.0856261 3.20217 63.4649 6.90358 54.2004 25.0417 18.3839 5.80038 11.2108 2.94726 0.379251 2.01931 10.3461 7.50317 14.1272 147.08 74.7694 1.17296 5.03153 23.646 13.7797 16.7271 2.31567e-06 383.431
-58.8813 0.0985459 3.26969 72.6758 9.08651 49.0532 21.0599 19.0026 6.63393 10.9981 3.0528 0.590828 2.52493 8.84486 6.86553 13.4924 137.651 82.5384 9.41544 6.66553 21.571 19.2837 20.3272 2.52443e-05 394.624
-58.8155 0.0450235 3.31624 72.6758 6.14424 42.8348 24.4639 22.353 6.19108 11.5358 3.84249 0.343466 2.49767 19.5929 4.50266 12.598 137.097 64.4471 11.9068 6.858 21.2284 0.378341 10.1502 3.3012e-05 393.283
-58.7726 0.0463022 3.3469 65.6547 10.0003 42.9449 28.8893 21.0903 10.9888 5.32745 2.11968 0.403281 3.31194 15.291 5.53635 7.52917 156.561 67.7728 11.247 2.3909 7.8421 64.6709 1.57321 8.71495e-05 391.341
-59.1251 0.0452004 3.72086 61.9069 14.34 42.5732 34.1418 19.272 12.679 6.21382 2.64325 0.382314 0.303143 4.76731 6.24305 9.49993 158.961 71.7306 9.0658 0.64248 16.191 12.7345 26.2468 0.000243194 390.85
-59.1302 0.0461605 3.8985 62.506 13.8831 43.3049 35.8744 10.6217 6.08004 20.6907 3.4246 0.382314 4.08867 3.29073 5.58519 8.05553 159.034 58.9147 8.99162 4.99443 10.7656 23.4578 20.7665 1.42302e-07 387.548
-59.2044 0.0507269 3.4619 63.8767 10.8697 43.1909 35.8284 10.6217 2.78627 10.4821 2.96215 9.41627 6.87324 2.88227 4.13157 11.4338 156.999 66.8436 8.02097 9.12226 6.12044 4.64423 2.70412 1.42302e-07 386.152
-58.8076 0.0353342 3.68791 64.2747 18.955 39.2534 32.8508 23.0293 2.39461 5.26763 6.55517 3.17379 0.939571 4.52706 5.85009 13.15 154.618 67.9378 9.50138 11.976 9.39962 11.0999 9.44375 1.42302e-07 387.199
-58.8354 0.0179704 3.79036 62.4872 17.7089 37.6583 32.7345 21.2417 2.39461 17.4408 7.14084 0.927067 0.607688 2.37138 14.6287 1.83536 151.642 73.4548 4.18581 3.78233 13.8929 10.3524 35.0888 1.42302e-07 384.956
-58.9369 0.235099 2.93341 58.0892 22.5223 32.0608 34.8078 17.8657 3.11591 17.6699 0.377258 0.971193 3.71856 11.9038 2.48973 0.754162 166.009 75.5015 11.6687 3.03172 19.7391 10.3524 39.3216 1.42302e-07 397.013
-59.0823 0.134001 3.15041 59.38 27.6234 33.7437 31.5616 13.0496 7.74679 11.3787 3.69782 3.68818 1.82651 21.9712 2.71426 0.928796 155.252 75.8531 14.9159 3.99838 5.22306 19.5243 77.5923 1.31482e-06 394.282
-58.9413 0.0517404 3.44057 61.7951 24.9508 32.6695 36.0341 15.5989 8.08021 4.92632 5.13021 1.46396 11.9713 9.565 3.22543 2.12473 152.849 67.2756 8.66315 4.92386 4.49036 20.5313 48.0505 4.32399e-06 390.511
-58.9804 0.0638436 3.51609 60.1362 36.1281 15.6633 44.5395 7.95559 8.74064 4.75219 1.85373 1.26927 8.95326 5.29986 11.3188 15.882 150.346 72.7881 7.15335 3.9438 9.01138 20.5677 46.3246 6.7951e-06 392.514
-58.7969 0.0403851 3.38024 65.2883 25.9696 17.1106 41.9014 13.4888 11.413 3.55454 4.97434 0.521089 6.51525 3.075 8.51288 15.9602 149.137 73.8643 11.6234 4.79123 8.82435 6.49356 37.7914 3.24144e-06 389.762
-59.0795 0.0431441 3.41372 58.709 32.1035 16.3169 44.4238 7.8676 15.1267 9.65968 4.24009 3.2987 2.3435 7.80401 7.73832 15.6871 157.346 54.9404 11.4388 10.4175 44.4353 15.584 17.8425 1.73703e-07 383.893
-59.2013 0.0473968 3.54056 57.1396 27.6262 15.6305 44.4238 4.16053 14.8232 12.7074 8.78742 6.77738 3.75427 11.4326 2.0162 16.5398 156.901 53.7207 6.74114 7.54736 13.8547 0.674015 103.758 1.73703e-07 392.558
-59.224 0.0487654 3.85673 56.8162 29.6703 15.6305 44.4238 5.3378 14.0364 11.7177 7.6568 4.86047 3.22225 11.3716 2.28418 17.2443 155.784 54.4655 3.41898 10.6594 5.49564 30.12 12.5706 3.21402e-06 391.09
-58.9652 0.108682 3.32773 57.825 31.7026 15.7574 43.6577 13.6138 15.8418 11.1911 5.26038 0.753254 2.76821 13.598 3.48442 9.93213 139.367 42.2541 25.9325 22.0284 1.32472 28.1765 4.25751 1.77849e-05 399.781
-58.7607 0.0261697 3.51661 58.3117 25.7041 18.2625 43.6833 17.3972 17.656 7.47612 6.51382 0.782022 2.00133 18.1045 6.41915 9.17762 136.659 41.148 14.7412 27.5477 28.3998 36.8978 13.3728 0.000210944 398.742
-58.7257 0.0107417 3.5924 57.9675 24.4247 24.6851 46.1458 7.71903 18.3512 4.5149 7.9965 0.737787 2.71025 17.1684 0.996768 11.4851 143.66 65.323 7.51887 9.14169 33.9267 5.98445 1.90576 0.000156757 391.127
-59.0066 0.0218549 3.44402 62.9175 17.0355 27.3472 46.1458 4.47673 13.017 6.79229 11.7907 2.51141 1.32266 6.83361 6.39379 23.2679 141.164 70.6301 2.06865 2.56366 3.9809 14.5446 32.5185 1.65406e-06 385.275
-58.7499 0.0162683 3.27165 61.3261 13.3318 33.4599 42.2859 5.687 13.1383 11.8671 7.21444 1.42365 1.11033 1.63503 14.3121 24.2648 141.497 71.1304 2.81926 3.47301 8.45354 17.0137 33.588 1.70806e-05 387.36
-58.9915 0.0464745 3.45685 61.3807 13.6593 32.0108 42.2859 8.27745 13.1383 11.8671 7.07468 0.962463 0.936389 2.03402 14.5366 28.4024 137.203 67.7705 3.07374 8.33348 24.5557 9.49978 33.9938 7.34492e-06 387.953
-58.7896 0.0820972 3.23529 70.3342 13.6593 18.8184 42.2859 4.51015 11.7763 14.7032 12.2376 1.46817 0.226081 1.58191 14.4145 22.9803 142.973 68.4683 10.8288 1.385 7.66499 9.87754 43.452 1.53963e-05 392.401
-58.8563 0.0762057 3.36876 71.0183 13.6593 18.8184 44.6955 3.7576 13.3674 14.3323 12.2376 0.340276 0.243091 3.01581 11.3856 25.7125 142.478 66.069 14.5739 5.11968 17.3185 32.8528 30.4146 3.85848e-06 396.146
-58.8847 0.0774974 3.51089 61.6582 18.2523 20.5089 44.6955 2.05474 14.0605 14.6769 7.93749 0.340276 0.471916 6.09579 18.2818 15.1812 142.158 76.1 4.91276 9.96845 4.64823 7.02378 12.0059 3.65246e-06 392.24
-58.7506 0.0739613 3.3899 72.4089 20.4027 20.8424 44.6955 2.59581 12.1257 20.5911 2.5571 3.69712 2.95241 7.05206 12.3105 9.61491 131.98 78.7415 0.729275 4.51769 4.5484 6.24855 4.40228 3.07087e-06 395.22
-58.8051 0.0122592 3.30722 56.7107 31.1211 32.9352 41.9554 5.69495 6.25825 17.0941 1.91571 2.70411 0.372886 7.15855 9.00981 21.605 129.395 79.7176 3.01889 3.97013 41.6328 0.586153 30.8277 7.93514e-06 390.993
-59.0925 0.0306536 3.72072 57.4349 33.6115 8.13246 56.9573 9.45907 2.0238 11.6948 2.31235 3.50012 5.90211 11.2227 2.88634 18.3426 146.624 75.0438 0.851764 7.01106 3.75433 145.752 22.4129 2.12624e-05 397.503
-58.8392 0.0138399 3.48576 58.8416 35.4878 0.0611571 56.9573 10.6571 7.17222 14.7585 4.62763 4.89289 4.17219 5.25351 4.18157 20.0554 145.749 62.6383 7.4781 8.15301 31.8145 2.2721 52.3666 5.01402e-06 390.491
-59.2186 0.0469162 3.71042 56.8922 49.015 25.1731 19.3884 19.0254 11.8642 7.48545 1.88464 4.59213 5.92656 1.33674 9.22852 4.40667 157.312 66.7257 0.463338 6.56862 24.0177 27.3459 43.6194 0.000279834 398.198
-58.8895 0.0332155 3.5153 50.5356 51.9454 26.9025 17.0289 28.435 4.39483 6.35645 1.88464 4.30994 5.4501 0.0341611 13.2217 3.62851 155.538 63.0494 10.0372 10.4043 31.3447 0.458305 7.87873 0.000104111 393.258
-58.9592 0.0285958 3.55781 56.4404 51.4141 28.2359 24.1017 8.71411 8.61795 6.0986 4.92012 0.472662 2.04334 10.7385 11.4116 4.52606 161.21 57.4689 10.4966 10.7655 26.1892 12.2413 27.8598 4.86411e-05 390.829
-59.0859 0.0564268 3.57437 43.5555 64.9523 26.5605 14.0355 4.65972 0.673406 28.6812 5.22662 4.0307 4.66771 4.03514 2.2095 11.1616 162.367 60.6701 8.59033 7.67452 4.97714 12.5692 40.219 9.93781e-05 390.69
-58.8288 0.0390974 3.60827 41.9817 62.1454 26.5324 16.8135 6.66877 0.267909 29.7712 5.02243 2.51659 0.876673 25.1991 7.78653 14.1769 139.557 64.0684 13.3961 4.6097 27.457 11.1751 39.6124 0.000365403 395.826
-58.8912 0.0196892 3.63302 48.6822 56.953 32.0924 11.3306 20.5745 7.0082 19.8395 3.19621 4.47277 8.30306 12.367 12.8873 5.45615 135.745 57.171 17.4045 6.01949 18.9564 6.45297 12.0332 0.000385902 398.149
-58.9248 0.0140828 3.65868 48.6822 55.5103 27.1618 17.7415 19.3456 16.6921 7.46942 5.30683 4.54549 3.24203 4.72214 19.7693 4.35307 130.814 78.3197 5.76755 5.07508 31.871 7.27991 20.186 0.000673789 395.747
-58.9397 0.00987864 3.65688 40.5098 64.859 29.4536 18.3085 14.3236 2.09494 11.7236 5.07603 4.87693 0.363152 8.36241 11.2438 33.9221 130.814 59.4813 9.32677 5.75526 44.277 8.8074 11.1212 0.000238733 395.701
-58.6783 0.0102066 3.65473 35.7183 77.6767 28.0909 13.7743 13.2817 3.81382 12.5762 4.42914 7.98534 0.476478 15.1111 11.9946 12.3665 131.53 71.684 8.63118 1.35961 50.9199 19.5796 43.9156 4.80215e-05 397.377
-58.6569 0.0038649 3.71317 30.3671 77.061 21.3193 22.4001 7.6087 8.8638 19.5614 1.68139 9.12141 4.67623 14.0037 12.7088 14.4994 119.487 79.2677 9.57608 2.08195 37.1616 15.3787 4.54356 0.000702676 400.301
-59.0931 0.0460538 3.86468 25.1083 102.446 17.7032 10.1494 9.03635 12.8549 4.93046 4.94309 4.05808 3.31788 2.76476 11.2168 23.6827 141.337 61.7606 9.73323 4.47929 28.8848 16.9491 7.83533 9.64148e-05 397.452
-58.6947 0.033617 3.49125 32.5315 96.9573 23.2668 4.37316 12.1441 2.84514 5.39008 16.7652 4.64068 2.9416 2.16407 5.32384 11.4773 151.941 63.6697 11.1854 3.51097 3.18375 5.25648 48.2133 7.78067e-05 393.103
-58.9165 0.0151943 3.98368 35.8492 102.862 14.5795 3.2062 9.5603 8.41458 0.938203 18.364 1.62243 2.84026 6.89311 2.1594 7.76141 156.375 72.0137 2.60523 3.50468 8.63197 10.8395 30.5973 8.08554e-05 393.54
-58.8025 0.0484693 3.76159 33.1405 102.862 12.2081 4.03423 8.12516 2.27554 4.16425 23.6427 1.73665 2.82565 8.0983 9.09075 11.4303 148.629 68.0822 7.71578 4.70941 4.54121 6.81437 14.7722 2.45787e-05 392.224
-58.9499 0.0417174 3.44355 31.1244 104.54 11.2793 8.58949 3.16047 4.14732 3.73416 16.2383 1.48507 6.18316 8.8667 4.79417 15.1009 143.909 55.4079 24.7044 4.70941 47.6999 1.38833 48.1612 1.29772e-05 401.873
-58.7262 0.00231237 3.36321 27.2134 104.54 11.2793 6.53869 19.5604 19.376 0.395187 9.61205 1.15705 4.92156 6.94177 7.40338 9.0903 140.833 53.6786 4.25772 29.6768 83.4898 49.077 45.9094 2.94332e-05 406.569
-58.5554 0.0476766 3.39248 57.3669 34.5409 41.8538 8.87636 18.584 17.3427 3.23786 0.547152 8.49163 1.36863 22.3657 3.95737 7.97856 146.862 63.723 2.81936 7.89328 31.8052 66.5666 21.6318 5.6557e-05 400.561
-59.0728 0.0427273 3.53018 57.3669 34.5409 41.8538 7.60815 16.4418 17.4596 3.04054 6.95653 3.45112 1.594 24.639 3.89133 10.1808 147.508 60.5685 7.08372 3.4997 3.97293 31.6129 15.9656 5.82214e-05 392.555
-58.8349 0.0589405 3.61515 54.7413 34.5409 49.6889 7.55976 15.9757 1.42778 15.8624 7.67912 0.806638 1.15528 21.6821 3.87345 13.4644 136.002 84.2051 5.27448 1.81151 11.586 51.7283 21.2393 0.000248301 395.632
-58.915 0.0275627 3.32361 52.8571 34.5409 52.5753 9.29392 14.8305 2.67101 16.3428 6.28771 2.24822 4.81457 23.6272 5.46018 14.3077 132.225 72.0536 2.3879 0.208632 13.8369 63.5022 23.0398 0.000200798 397.533
-58.8693 0.00362134 4.05542 53.029 41.5672 52.5753 7.98251 10.2421 17.4682 1.19252 3.42703 1.28681 1.98943 29.7186 5.34376 12.9155 140.905 63.9861 0.347963 9.2506 8.335 13.2681 23.3132 0.000199856 395.117
-58.958 0.0249707 3.92522 54.6061 41.5672 43.7803 4.63865 12.2049 17.424 6.60092 4.17594 3.41818 1.32207 20.8127 0.759625 10.6475 143.572 78.0899 1.3088 4.96055 42.1282 5.21908 11.1697 0.000209077 392.715
-58.8483 0.021498 3.76356 58.257 41.8932 43.5817 3.2695 7.90019 21.6865 10.3339 2.90507 1.88726 4.13891 15.4169 4.60349 4.05973 154.392 64.9381 6.16661 3.68186 1.4007 10.1514 4.56894 0.00016258 388.451
-58.9021 0.0323411 3.30143 56.2417 42.9883 45.4867 3.2695 3.98784 12.5205 17.3408 4.71751 7.29365 0.662836 8.4601 12.113 2.48147 158.311 67.5717 9.82111 6.19352 0.880892 8.24769 3.03442 0.000686151 393.028
-58.8838 0.0621423 3.33316 56.3158 35.2101 51.9855 6.32156 1.58126 13.9316 10.7559 9.45969 2.7986 0.997246 17.1485 4.15735 3.36434 169.287 56.9981 2.12306 12.6003 16.3306 5.17607 16.7253 0.000259279 392.221
-58.9199 0.0058042 3.45666 56.3158 25.9793 63.7022 15.2814 4.39774 14.3736 0.230868 10.3316 1.38645 1.1473 1.20604 19.8332 3.5642 165.05 51.2464 3.35312 13.8017 14.0742 3.83912 8.26668 1.38602e-05 389.849
-58.8101 0.0131022 3.60635 61.5338 20.9428 49.5844 15.4094 3.90127 15.6475 14.7596 7.85548 1.90981 1.39675 4.97103 6.3622 4.98576 165.926 58.6746 12.2909 4.82336 7.71238 13.2688 8.73809 4.61463e-05 385.221
-58.8732 0.0125975 3.4496 57.2489 20.9428 53.1297 20.4197 12.2401 15.5803 3.32535 6.81321 2.32476 1.06198 3.36672 13.1455 4.79887 170.321 50.0852 8.59841 20.5224 15.0395 21.4139 4.04596 9.07778e-05 386.668
-58.8924 0.0348972 3.50807 57.2489 21.1949 53.1695 30.6467 10.0681 9.69958 4.69956 2.67339 3.24219 0.730615 1.44667 12.0666 3.66104 170.321 48.5771 4.75476 8.92098 5.94327 40.1106 5.68336 2.99818e-05 392.16
-59.0786 0.0495315 3.27322 55.5131 37.3873 47.4999 14.3049 10.5411 7.75263 13.9169 2.54022 2.03909 1.0463 6.23817 12.1326 3.87332 158.701 69.2294 3.54757 16.2607 16.1886 33.7948 30.3445 6.18556e-06 387.744
-58.66 0.0643156 3.38136 53.046 42.1352 44.2565 13.322 0.731923 9.31743 9.60036 11.6832 7.61395 1.51115 6.82037 10.4953 7.94537 150.266 72.3865 2.15887 6.81047 10.9804 25.9092 34.6838 2.95081e-06 389.371
-58.7962 0.0593091 3.44208 52.8965 35.7204 42.3161 24.1787 5.93408 8.09578 11.3868 3.36907 10.282 5.94028 5.29237 9.28859 0.497963 149.918 77.3061 10.7738 2.21229 10.563 36.4292 27.1298 7.62795e-06 393.171
-59.1455 0.0402027 3.60517 55.1076 32.2671 49.7532 11.9826 21.1066 5.56493 8.55333 3.95856 7.12213 6.10676 2.77804 4.53085 7.14529 149.763 65.3168 12.8822 5.10042 31.9451 28.049 11.5523 7.18124e-06 392.767
-59.0089 0.0369498 3.80461 49.2512 29.8769 45.1798 17.6398 28.3684 7.94905 9.3938 5.49357 9.66348 2.53696 7.99059 1.71508 6.73334 149.851 67.6151 10.274 5.64971 8.355 17.3741 32.2313 3.62953e-06 394.372
-58.7415 0.0195666 3.51377 56.2166 23.0813 45.1798 21.5021 21.411 8.37151 5.97401 4.79159 11.5701 1.83899 6.35266 3.73948 11.7081 151.957 68.3582 2.86949 9.69744 18.1761 28.6447 44.6778 0.000112005 393.052
-58.8233 0.0104517 4.1248 57.9216 31.9954 45.8863 10.428 12.2798 3.39519 8.21245 5.73972 11.5701 1.55554 8.12882 11.0724 13.4269 160.547 55.8887 8.53647 5.88855 0.412373 46.0073 43.3238 5.9381e-05 395.311
-58.9132 0.0133744 3.74186 57.4122 32.4835 49.4649 12.7465 5.47499 4.73677 9.91719 1.35191 10.9292 1.55554 8.49771 16.0042 13.525 157.359 54.8402 8.48622 1.29132 56.6134 10.0226 45.3773 1.64312e-05 394.972
-58.7021 0.00820918 3.99721 57.111 30.8862 51.809 18.0272 1.48358 7.60297 7.49183 12.9736 4.77307 0.72737 1.36945 19.4304 1.36483 157.66 66.9126 1.76821 12.6088 20.6382 8.01372 45.8304 3.49768e-05 392.998
-58.9568 0.0216534 3.82314 58.6663 30.6203 43.2414 17.4418 4.44358 8.44215 7.19234 22.0781 3.8933 0.812572 3.4043 16.2823 4.68702 158.458 62.2643 8.52033 2.77025 16.5193 5.04398 40.7268 3.74502e-05 391.549
-58.8717 0.0142693 3.5044 61.6074 29.6484 37.6643 17.2345 12.6405 9.20847 13.1692 7.81239 2.62656 1.9503 6.12514 12.4569 10.7538 142.857 75.8977 12.1597 1.99943 2.53378 21.1277 35.3969 4.27892e-05 387.665
-58.8606 0.0153772 3.36379 56.8618 31.1632 46.9382 18.3197 9.88699 11.5112 12.6174 1.28921 2.34503 2.53008 0.983596 16.5178 9.0652 148.847 78.6152 5.7109 6.25695 18.594 14.9289 32.8187 6.93509e-05 387.606
-58.9201 0.0126128 3.77925 56.6791 34.6196 51.4543 14.7285 5.56401 10.1789 14.6682 4.73697 2.41822 1.76868 2.59689 16.3654 5.55416 150.846 62.8256 11.3678 2.78253 7.78594 14.9259 21.981 5.27202e-05 388.605
-58.8594 0.0126128 3.63115 56.053 36.9826 43.9479 15.9144 3.67613 17.1967 16.33 2.47068 2.54393 2.71067 9.11481 7.77926 0.370486 149.545 79.401 8.96347 0.277354 13.2221 14.0294 17.1012 5.27202e-05 387.812
-58.8926 0.0116096 3.57933 54.6467 39.4666 40.748 11.0636 3.29532 15.8262 22.2225 3.27208 1.17344 1.09566 7.00679 15.2717 0.274711 159.326 70.143 0.390871 5.18118 49.9226 30.4872 1.74338 5.27202e-05 389.26
-58.9199 0.0178632 3.63697 57.792 46.2456 40.748 8.79715 6.21443 15.0947 20.0114 1.06982 0.123104 1.09566 1.80869 16.4982 3.39724 156.125 67.9201 4.45059 3.63886 78.2492 26.2131 6.13867 5.27202e-05 393.601
-58.8861 0.00770723 3.6714 57.7822 44.9473 31.4849 8.07778 5.9456 13.2171 24.0721 4.96295 1.61721 1.09566 10.7479 8.39366 4.38266 157.925 64.7234 15.8401 7.31317 5.2242 32.1437 17.7423 5.27202e-05 389.829
-59.2365 0.0490238 3.63765 55.998 40.3615 35.8515 8.94533 11.4563 9.41314 19.7839 11.474 2.66819 1.18606 7.26446 9.27042 5.81932 155.079 67.3902 9.82791 2.97511 11.6607 16.4589 8.64325 3.62734e-06 388.198
-58.8583 0.0597641 3.13793 57.1975 48.3924 39.0388 9.49592 18.0342 3.09568 7.23074 7.70258 1.15732 0.706204 9.08945 11.1831 6.20008 153.715 62.7206 3.01997 10.8503 26.4245 64.4407 9.58286 3.62734e-06 393.142
-58.8229 0.0444978 3.53954 52.329 46.5779 35.3035 10.0829 12.5037 4.3692 9.55193 11.1039 3.81193 3.0256 8.51735 8.12145 5.69665 170.074 47.4372 4.00471 11.599 19.4443 113.041 6.98246 3.62734e-06 398.866
-58.8091 0.0387984 3.91671 53.6629 41.5152 38.1214 19.3418 18.2807 8.06059 4.56914 0.640682 1.10512 5.42786 6.50405 1.98937 8.65508 170.626 59.0671 12.0212 5.19579 17.1394 73.3487 27.0593 3.62734e-06 392.847
-58.8966 0.004876 3.79311 48.0449 49.7663 36.0095 14.823 20.0726 5.51296 4.22723 6.65959 1.85311 1.19099 5.70723 9.58553 8.33614 173.047 46.3212 2.22103 7.90263 8.95631 33.874 9.85918 3.94313e-05 389.061
-58.8712 0.0347294 3.31677 46.2767 49.7663 34.2304 21.469 14.9101 8.77741 5.75882 6.21758 5.132 2.71014 5.1217 8.42576 2.78816 168.059 60.4452 2.96786 3.74383 22.6246 29.3456 13.242 0.000355076 392.29
-58.8416 0.0236278 3.46027 47.3544 55.5801 17.2582 27.8405 10.7437 4.45508 13.4066 8.16412 1.47744 3.95084 4.26181 9.22314 15.5525 144.815 76.5205 12.4414 8.39898 34.7377 51.7899 14.8551 0.000258645 393.537
-58.8453 0.0378492 4.00555 50.7363 58.4925 21.306 21.3144 9.58766 5.72493 18.6591 5.31769 0.792989 1.50977 9.8357 8.28316 11.9069 159.926 50.8378 18.8495 5.09489 11.7214 8.50198 8.09895 0.000206085 394.059
-58.6852 0.00275338 3.44139 52.6402 57.1041 21.1661 16.8082 11.1008 3.33093 17.7562 10.2867 2.20467 0.942108 5.37971 9.39157 11.9069 161.422 59.6427 3.6203 11.6248 10.2516 13.8342 11.5389 0.00071066 393.82
-58.816 0.0095181 3.90737 44.1717 61.8013 22.7778 11.1696 16.82 3.33093 23.3962 8.88049 3.23491 1.69098 4.29321 8.61384 4.04005 168.59 59.1046 1.88425 11.7798 4.33421 38.8612 15.426 0.000431521 392.94
-58.9611 0.00905744 3.47218 42.8442 62.4829 25.2644 19.7796 13.75 10.1231 4.68499 5.86413 5.27687 3.4792 0.231198 11.5892 3.48801 160.118 80.7559 2.40529 16.2791 78.3115 8.08962 20.6153 3.53132e-05 396.348
-58.6848 0.0265643 3.43579 43.7521 62.238 21.4319 27.8761 8.94538 9.75297 5.29835 5.18197 3.97387 1.31976 4.41421 24.9702 2.94203 150.207 64.2987 7.37011 1.40369 44.8693 47.9699 70.8764 9.33912e-06 396.004
-58.8295 0.142817 3.11968 46.576 61.6574 15.3097 28.4801 5.34722 17.9895 6.253 11.7234 2.8708 4.71315 1.60754 21.1482 2.99761 150.096 71.3697 4.9527 4.6681 54.1427 22.2114 50.6054 0.00019144 403.409
-59.1254 0.0337502 3.49412 45.7941 61.6574 11.2482 37.6455 2.14517 13.5553 6.45632 7.05992 3.73715 0.600772 9.57924 18.5553 0.5702 150.096 76.9821 2.41457 4.82752 28.1017 4.40136 10.033 4.59356e-05 389.085
-58.7635 0.0245845 3.47178 41.7989 68.4003 19.1577 17.9405 5.77216 14.7939 13.2637 15.5514 5.68128 0.53371 10.8442 2.82344 1.29423 158.151 68.5316 7.35526 0.230624 28.4455 15.7852 76.8969 9.86598e-06 393.984
-58.6921 0.012976 3.55293 44.924 70.5826 16.7825 17.543 7.76966 16.0286 12.8781 12.0338 4.27201 0.474553 9.30166 5.6082 2.89299 151.005 66.7961 5.73952 5.10456 7.41761 19.7623 52.3007 9.86598e-06 388.415
-58.9312 0.0157765 3.7844 47.6321 48.7394 18.9806 36.7386 16.1218 3.00357 7.10612 13.6003 3.45112 0.167385 9.29365 10.6834 7.2557 147.66 76.8011 0.757018 11.1664 1.46687 25.7636 43.8898 5.0112e-05 391.431
-58.7921 0.00309432 3.89793 47.34 51.5471 8.18907 43.1668 13.3243 5.6313 3.44447 14.6487 3.82982 2.1351 4.42041 12.4484 11.7481 148.86 68.6602 3.22645 2.10266 32.0708 26.3782 43.923 5.05583e-05 392.48
-58.7501 0.0310354 3.3734 49.6375 56.9533 7.49214 43.1668 15.3293 4.21249 3.01019 12.1278 1.74575 3.51258 4.08776 10.4893 10.9564 147.18 66.8962 8.40936 10.2708 39.4616 24.9777 43.4035 4.16197e-06 390.27
-58.9535 0.0316911 3.42959 45.2716 58.8876 7.12966 43.1668 13.6703 11.1911 11.361 0.715804 2.34557 3.82522 10.7187 6.11401 1.71061 165.655 53.3656 7.1655 0.686628 19.114 30.134 43.485 0.000592242 392.896
-59.2868 0.0765627 3.4101 45.2608 52.3226 9.97526 40.7544 15.1127 9.72805 11.211 3.58911 2.47895 2.80333 14.2939 3.39518 5.38196 162.193 57.3078 13.1481 8.13347 11.8042 55.8198 43.2398 0.00113215 399.41
-59.0598 0.0320606 3.43776 45.3159 58.4396 12.6559 44.5452 5.3846 6.78695 12.3222 4.94714 1.84989 4.94782 12.1395 3.43966 10.3958 158.997 58.5552 12.0085 0.388145 20.7313 99.4925 30.2504 0.00090434 397.216
-58.7679 0.0197981 3.69222 45.6663 61.5819 9.28642 42.8915 1.92265 3.0829 18.4199 4.49319 4.18215 4.10957 10.7595 4.88758 13.2871 146.559 64.2027 15.9469 1.21381 17.5848 17.5021 30.9609 0.000766711 394.097
-58.6139 0.0132314 3.68095 48.2633 59.4326 7.81025 43.475 6.54853 3.0829 21.604 6.0091 2.88255 1.3912 11.2617 4.88758 5.08977 145.192 73.0886 10.4466 8.61405 19.8959 43.1094 31.6042 0.000273897 397.736
-58.6849 0.0282992 3.59804 42.5703 62.8239 1.71453 40.8826 9.24025 7.56245 16.2309 12.4395 3.16995 0.579175 10.4093 6.82295 8.58034 145.41 73.9619 14.5351 3.79488 13.1578 26.3035 27.1304 1.1367e-06 387.607
-58.8496 0.0129479 3.67084 42.9157 64.4603 4.39936 40.8826 6.63115 5.0844 14.0114 10.6519 4.4557 0.102066 13.7562 1.80936 11.8643 151.64 66.5784 13.8553 8.60239 30.0027 6.79116 13.7697 1.1367e-06 384.764
-58.7698 0.013373 3.69731 42.6278 64.5273 9.30158 40.8826 4.07296 5.0844 18.3356 13.5546 1.73013 1.07125 6.64725 5.16138 5.22669 155.68 63.9279 12.8589 3.16958 3.82146 17.7118 14.4975 1.1367e-06 383.824
-59.0305 0.0170047 3.45484 45.8143 61.9571 9.30158 39.1065 3.7436 14.763 15.6669 5.33112 2.3454 2.45329 10.2931 1.79327 10.718 151.621 61.8883 10.4027 9.16113 3.2769 29.9793 14.4975 1.1367e-06 387.835
-58.9428 0.0749554 3.4487 46.5504 62.8892 9.59957 36.8515 2.18988 15.9802 8.7352 4.37891 1.75047 6.0033 15.8625 1.45875 11.0649 152.156 62.1916 12.6235 8.98669 10.8446 31.5745 5.5347 1.1367e-06 388.075
-58.7876 0.10367 3.55361 42.8675 58.7427 19.0129 26.6194 16.1687 21.4171 1.09157 4.62137 3.17876 0.795265 11.4026 2.95706 5.19029 159.307 70.1751 5.64699 7.00184 18.1207 1.49681 10.8504 1.1367e-06 387.098
-58.7088 0.014262 3.7471 44.2492 60.4921 19.0129 24.289 17.2965 18.1075 3.37852 0.879448 4.16073 3.29509 9.92846 1.82539 5.11452 160.044 68.2516 18.3462 0.412651 12.1995 4.46003 6.88123 1.1367e-06 386.403
-58.7873 0.0151449 3.9492 44.886 60.9949 18.319 26.7923 14.7257 16.5667 3.74021 3.29834 3.86412 4.47814 5.17613 2.52109 6.74656 161.293 64.4145 12.9386 7.65254 22.7083 23.2173 4.12174 0.00031914 391.109
-58.841 0.0383126 3.62007 45.2388 59.4386 18.319 28.3425 21.2764 15.8832 3.23759 5.74172 6.53881 2.86719 8.5747 3.5556 7.37084 142.435 68.1691 12.9643 2.71363 21.1751 4.15544 16.7032 3.35733e-05 390.778
-58.853 0.047094 3.49028 45.2896 63.4814 18.8947 21.511 5.70467 24.1685 4.88756 3.47381 3.84669 0.320677 19.8006 10.0685 13.778 145.383 61.0047 13.3095 8.27898 12.5445 11.6033 41.0588 2.06832e-05 390.215
-58.8974 0.0474375 3.15675 45.1534 74.9192 3.66159 20.3091 4.85071 26.106 3.0314 9.29832 2.06095 4.93009 11.0481 8.83343 9.34493 149.347 66.2801 5.09509 16.3206 5.65315 35.1433 40.2568 4.79622e-06 394.551
-58.7584 0.0542444 3.47412 45.2583 80.6967 6.70138 17.4974 4.19911 19.5105 6.26003 11.3568 0.909235 1.22547 4.66722 10.5984 10.4747 154.039 63.1708 1.10753 16.4093 11.1181 39.6497 49.5029 1.04051e-05 391.078
-58.9738 0.0116553 3.6946 45.5926 80.6967 5.41966 17.038 2.49848 19.6105 5.8417 17.4169 0.368019 2.03343 2.66523 7.90793 10.6534 155.679 63.6649 0.494237 13.5996 5.88294 48.1298 5.66317 9.37307e-05 393.865
-58.8508 0.0325229 3.4909 45.0144 81.0202 5.41966 21.3021 0.942687 15.3313 5.26822 14.554 4.66729 0.575439 4.89722 9.66275 18.3734 145.179 64.9904 5.56038 15.677 18.7936 29.9247 8.37073 1.29444e-05 391.664
-58.7965 0.0287181 3.39992 47.5085 75.0059 5.41966 19.9315 2.78316 20.8258 5.93175 13.7587 1.2229 0.355384 5.16904 10.5543 24.8661 139.833 67.8437 4.36976 17.8585 16.5279 15.8318 11.1781 2.24671e-05 392.032
-58.7724 0.0878354 3.27709 47.733 75.0059 10.5092 23.9165 4.2029 14.9762 4.77071 6.6907 1.42909 2.0005 5.50968 9.96783 22.8171 132.613 81.568 4.94693 9.19089 15.1013 29.7537 8.34404 2.9142e-07 389.307
-58.7963 0.0278301 3.39416 47.3714 68.381 15.4877 19.2751 4.55457 17.6264 4.90893 6.209 4.23517 1.61833 2.84477 10.4839 27.7981 146.529 66.6217 3.44043 12.1853 6.11746 73.1962 90.8218 2.9142e-07 394.787
-58.8117 0.0176901 3.56893 44.3395 64.8633 20.4546 23.2333 4.55457 16.715 3.98939 8.57096 3.35968 3.65511 3.01481 4.65112 28.2809 134.538 77.5739 5.74666 3.68666 7.94523 12.1193 61.5524 2.9142e-07 385.849
-58.8457 0.00307877 3.62887 42.2619 59.7686 20.3805 28.1675 4.55457 20.521 3.78811 4.81741 4.28059 1.50137 4.06062 11.29 28.2809 134.538 70.8988 4.68176 9.19581 21.694 11.37 3.87936 2.9142e-07 385.099
-58.9143 0.0501793 3.42809 41.0673 71.6499 14.3034 22.8869 13.0035 21.6257 0.449956 2.62285 2.69088 4.00384 7.93569 12.0037 15.4767 135.445 83.1285 3.97153 2.15676 13.2704 39.5499 3.87936 2.9142e-07 385.77
-58.7682 0.0806133 3.50937 37.8866 68.5455 14.3034 29.174 9.75131 21.5466 3.42231 2.69604 1.71868 2.33772 9.92342 11.6296 19.74 135.445 78.7097 5.31984 3.47636 14.2816 13.6192 14.6873 2.9142e-07 385.67
-58.7711 0.0279721 3.60325 36.909 69.7745 11.8217 31.843 7.13395 21.5466 6.74822 0.974153 0.0518459 5.28605 11.1084 3.69545 15.1769 148.291 77.5111 3.69932 2.49744 24.2326 21.0756 29.9265 2.9142e-07 387.608
-58.976 0.0605379 3.15335 50.1047 64.7077 9.42902 27.1412 4.77268 25.384 1.30757 2.23777 1.71416 3.5715 12.6498 0.731526 12.5367 152.091 72.6269 8.2618 3.05395 19.5764 11.0798 58.5305 2.9142e-07 392.415
-58.7849 0.064337 3.28475 49.3547 65.5757 9.47234 25.0873 5.36201 26.3324 1.30757 0.42312 3.95977 2.99659 10.847 3.71924 13.1895 149.995 71.5016 4.42872 1.76595 23.6229 15.1759 7.95043 2.9142e-07 388.304
-58.914 0.0639426 3.13213 48.0967 65.2337 10.7845 21.9773 6.63858 24.2651 5.20133 3.89872 0.978449 3.48485 10.1082 4.53513 15.1472 150.708 69.7723 6.81237 6.10646 7.17483 16.5985 15.6541 2.9142e-07 385.9
-58.8789 0.0729072 3.28063 44.8385 61.7915 17.0716 31.0652 4.06505 16.9122 9.5431 2.17879 1.42841 3.20196 10.7074 4.38684 18.1446 151.015 70.1822 4.55106 7.45849 7.77284 21.0718 3.60627 2.9142e-07 384.506
-58.8583 0.0407712 3.60077 42.598 59.1584 17.0716 29.5429 11.0926 15.3 2.99267 7.53549 4.22537 3.78655 5.66849 3.95696 20.4836 147.708 67.3118 8.38819 2.96392 8.67588 31.1768 18.0636 2.9142e-07 382.281
-58.8848 0.0385508 3.35186 44.8558 57.0895 20.291 30.399 14.7763 9.69947 4.3853 8.03481 9.33047 4.39196 5.66849 1.5551 18.7355 143.323 68.8187 6.84444 2.34655 5.17096 11.7232 7.7054 2.9142e-07 383.566
-58.8619 0.0187276 3.44973 50.3313 51.3581 25.8533 25.488 11.3896 17.6262 3.98559 2.60634 7.28672 1.93346 3.2924 0.872317 25.2151 144.347 64.0846 3.42071 4.1668 11.7086 13.1547 24.536 0.000192128 389.119
-58.8087 0.02308 3.2494 49.2179 51.8834 26.9093 22.5619 4.70022 18.2542 10.9768 1.70281 4.55609 1.3431 4.7026 10.4825 18.1588 146.437 64.648 2.89063 9.85661 15.7297 15.7155 9.47318 0.000274129 389.245
-58.9705 0.0411654 3.25734 45.6515 53.9942 25.4699 24.5316 0.411677 15.5878 15.1059 6.21723 1.84967 5.70635 2.11898 14.4368 11.0822 144.233 60.5178 18.6039 2.96222 13.4936 0.704914 7.23154 9.88642e-05 394.525
-58.7585 0.0670182 3.45084 46.3774 53.4616 24.948 23.2631 0.411677 18.717 15.4846 3.38139 1.90634 6.14931 6.92807 2.3207 28.1013 149.929 54.767 12.0765 1.93365 16.1548 21.3414 10.9356 0.000197518 389.506
-58.8105 0.0319069 3.44014 50.3728 50.7511 30.7697 23.8802 3.39658 6.97268 18.4576 2.9979 0.850016 4.96168 6.3814 2.01793 40.0698 124.005 76.623 14.2212 7.90384 15.9719 22.3159 9.87418 0.000455162 392.467
-58.9301 0.0274189 3.30753 49.9917 49.3252 30.7697 26.6985 8.16028 9.2371 12.3326 0.711715 1.64071 6.1933 6.94484 2.38057 33.9649 133.576 65.6875 9.01257 7.92594 10.226 5.00206 3.70282 0.000419525 391.804
-58.6256 0.0452651 3.57436 48.2032 47.8299 16.829 40.5662 9.48209 4.73983 12.5908 8.64968 0.462229 8.40538 7.71179 5.97963 11.8361 143.805 31.0034 33.1303 0.502662 20.1011 17.884 1.69357 0.00045457 403.974
-58.9428 0.015958 3.79716 47.3233 53.472 24.2817 21.1525 19.6341 2.64767 8.11993 2.49064 2.25449 3.6986 8.54087 6.11273 24.0227 142.353 49.3643 10.2318 20.7302 20.7703 3.58148 9.10349 0.000176291 395.687
-58.6723 0.0439319 3.32993 50.7718 58.1135 16.2264 21.1525 21.3889 8.45337 12.5944 0.829715 1.34702 2.47125 8.13624 1.15794 30.3376 146.021 54.0637 13.6172 8.70019 9.30613 8.15841 9.38321 0.000166619 394.79
-58.9101 0.118395 3.64091 48.1518 55.6965 16.8359 21.1525 20.4727 6.34546 12.6702 0.197778 4.46545 4.11714 13.0334 1.05218 22.1094 154.956 54.2462 1.70846 12.8369 2.68538 9.1407 17.8046 8.97566e-05 394.13
-58.9361 0.125977 3.21974 44.5907 62.4845 20.033 24.701 20.6816 17.9613 3.86883 0.207413 0.4436 3.90426 3.44499 4.28692 24.4806 149.885 55.9594 4.62853 8.96163 8.58938 58.1535 70.6222 4.9418e-05 396.874
-59.3757 0.0788698 3.18804 42.668 62.018 31.2661 19.4423 21.3647 6.39393 2.68269 0.679679 0.801381 7.35454 10.4805 3.43304 27.9715 144.742 59.3053 10.379 13.19 20.0163 41.5597 7.77254 1.21016e-05 396.167
-59.1802 0.0798923 3.41536 39.3172 70.1785 29.291 19.4423 14.4891 10.1777 1.40724 2.8857 1.55951 2.01646 4.34903 7.19621 29.5396 148.115 63.3595 2.95439 2.92901 32.1415 20.0098 1.59566 1.7182e-05 389.548
-58.7698 0.0629907 3.14558 39.8743 78.4369 23.3946 19.4423 11.3627 7.41691 5.43215 3.08674 4.20259 2.50985 2.41381 13.1403 12.6567 146.849 68.7126 3.55431 5.76068 36.7855 16.4517 2.29215 1.04699e-05 390.843
-58.734 0.0936195 3.40511 39.5071 78.4369 14.5867 21.9878 15.8135 16.0317 4.66172 3.36148 5.97916 2.30338 0.354231 10.4859 9.65943 147.47 73.5815 3.52902 6.04862 20.7876 10.8167 3.14241 5.68791e-07 385.256
-59.0995 0.0389641 3.79641 36.6325 83.8501 21.1228 16.2718 9.5961 16.7083 9.93516 1.07531 4.80644 2.06327 0.354231 12.233 5.39874 150.766 69.1444 2.10337 10.8836 10.5311 46.9918 4.68502 1.38657e-06 388.498
-59.1621 0.029828 3.65132 33.1494 83.8501 21.6522 16.2718 6.33346 15.2808 6.87127 4.49426 6.63336 1.03847 8.22041 5.74349 9.52095 149.246 69.8696 1.64876 6.2532 14.1446 30.084 12.3098 1.41843e-06 388.669
-58.9547 0.0499835 3.42742 33.1494 83.8501 21.6522 11.635 8.50222 15.6845 1.63619 4.62909 5.79234 0.374798 7.3222 15.8757 11.6877 151.762 64.4964 5.91107 5.04449 27.9942 28.203 30.3419 1.78835e-07 386.917
-59.0074 0.0735852 3.54161 33.1494 83.8501 22.3619 5.89006 10.7044 19.0619 1.79372 10.2909 2.99771 0.581352 8.89296 12.0638 12.3878 154.879 64.0647 7.26307 5.74956 16.9621 36.3786 17.8405 4.61234e-06 390.92
-59.8606 0.124893 3.31791 32.3281 87.6841 21.1679 6.58653 13.273 22.4277 0.948719 5.15094 1.09869 0.165549 2.35088 12.9122 14.4713 160.774 54.6938 1.01561 14.0887 45.8608 33.494 55.8638 6.57659e-05 400.521
-58.9424 0.101894 3.30053 35.6091 87.6841 17.175 6.54616 11.5654 20.8551 2.56253 7.84692 3.31312 0.316952 2.94889 17.8645 9.89737 158.187 59.2622 13.8419 5.43205 61.0528 19.5756 30.419 8.53818e-05 394.089
-58.7869 0.0774823 3.36005 34.4388 89.7459 19.8903 6.23263 10.3934 19.8841 1.32024 4.89774 0.457467 3.75766 4.81739 13.9705 10.4214 149.564 57.2787 2.63549 14.726 6.61299 33.5916 11.5224 7.51941e-05 391.765
-58.7775 0.00949432 3.33208 35.609 86.8099 18.037 6.23263 21.2618 20.905 2.59373 4.19646 1.42241 1.26863 0.990078 15.1468 9.64038 149.08 46.7647 5.44151 21.1384 15.0597 40.6827 15.9591 0.000429077 398.011
-58.7718 0.0136768 3.39294 33.1853 86.8099 18.6684 6.23263 15.8344 23.8789 3.57699 0.521172 0.417462 0.795571 4.81652 9.28838 17.6409 150.083 71.3574 4.35658 6.06682 19.7417 20.5916 24.2044 0.000389075 388.347
-58.7713 0.00236478 3.53423 33.1853 86.8099 18.4407 6.23263 12.877 23.8789 2.48907 0.648038 3.20025 8.40677 2.78891 5.43075 12.3227 159.89 65.4478 0.949074 8.81465 2.53873 7.05387 73.3783 2.7069e-05 393.635
-58.7527 0.0125341 3.49565 33.1853 86.8099 22.4979 6.23263 13.5126 12.5689 0.871584 6.6977 4.73884 2.61053 6.26671 9.20311 12.5502 158.908 61.625 1.52576 0.519998 24.111 4.46187 52.9335 0.000105975 392.746
-59.0998 0.0301384 3.45501 37.6547 80.4947 25.5429 6.23263 0.641108 29.2932 3.60037 4.06462 1.60893 2.18297 4.20988 12.0779 17.0986 152.609 57.8176 6.99777 2.66138 26.4372 6.40531 34.5882 5.17673e-06 387.865
-58.9534 0.0306131 3.50769 39.1571 80.4947 25.5429 1.91083 6.42429 25.3165 3.60037 3.95846 4.63234 6.59528 5.07704 7.42085 13.4775 158.909 53.3125 7.52058 3.48893 14.9882 1.05297 1.38518 2.32309e-05 386.605
-58.9346 0.0169783 3.63326 37.0652 74.3779 27.0234 4.07491 6.50143 31.4801 3.44712 4.29797 3.04508 5.81246 5.95349 6.92669 6.55318 158.63 70.9383 8.29427 5.2377 40.1823 22.887 10.703 1.03074e-05 388.355
-58.7717 0.101436 3.30049 35.9839 79.0719 24.902 5.91995 2.7913 31.4801 2.21532 6.94325 1.60297 3.42095 12.1168 9.16577 6.55318 154.493 65.0042 6.83946 7.36698 18.8891 2.8609 12.1623 3.01114e-08 383.121
-58.7762 0.114163 3.12501 33.4912 86.3317 19.8055 5.91995 4.16422 31.4855 4.29461 4.8609 2.01178 1.75121 13.6127 6.18641 6.55318 154.243 65.523 11.0019 9.27003 48.062 1.02417 14.0887 3.01114e-08 385.665
-58.7404 0.0237428 3.49338 35.6358 86.4071 24.2815 5.91995 1.41514 31.4855 4.29461 4.8609 4.38864 2.65054 8.23266 5.43839 0.856722 158.781 62.0538 15.2075 3.64679 24.0142 5.89675 14.4359 3.01114e-08 383.697
-58.969 0.0211775 3.39031 35.6358 86.4071 16.2472 5.73467 0.843142 31.4897 3.08532 6.44845 2.21956 0.512039 10.3497 6.44691 4.16154 164.917 62.0538 12.2582 7.3109 25.494 66.5493 17.7461 9.97457e-08 388.833
-58.8437 0.0193555 3.47356 38.8921 95.2231 16.4437 0.56079 2.09491 25.873 4.28983 6.44812 0.642625 2.48307 8.42104 6.44691 2.07583 164.917 66.4296 2.7084 7.32928 21.5078 2.18892 16.5872 9.97457e-08 383.621
-59.1917 0.0533318 3.19774 30.7243 96.0856 16.8179 0.56079 8.11884 30.5126 1.46784 9.02108 8.14105 1.90336 9.12285 6.74098 2.05555 151.799 67.7341 2.66227 5.4082 19.0988 11.1417 10.0001 9.97457e-08 389.078
-59.1678 0.0424838 3.69193 36.6718 86.0227 16.923 5.18771 7.74087 28.7864 7.57784 0.429928 10.4597 2.34496 7.56153 2.80734 5.34589 159.749 67.8899 6.3208 4.90908 19.1768 10.1273 28.21 9.97457e-08 390.236
-58.8992 0.0869774 3.34531 33.9262 90.8571 13.3041 6.73081 1.23502 10.5677 8.69017 5.31706 14.0407 4.08321 17.5123 2.78718 6.81462 157.864 65.8835 14.7481 7.75773 36.1174 12.8247 23.795 9.97457e-08 389.555
-58.7731 0.0896636 3.35784 32.7266 90.1939 12.9887 7.10311 2.87087 18.1013 4.55247 6.81248 5.87864 7.85427 15.4022 3.62052 1.24446 162.865 72.6064 12.8931 11.2201 22.4275 14.1159 0.873265 0.000173065 398.51
-58.8013 0.0901466 3.31636 33.4209 90.1939 13.0787 14.6867 7.10096 20.5181 0.180424 10.055 0.223734 7.28198 12.3688 3.75077 2.89958 154.933 74.2169 6.02354 4.9804 12.0168 12.7823 7.91881 0.000166526 391.707
-58.6836 0.0740858 3.11325 35.4678 88.5867 7.15256 15.6663 4.17827 26.1679 2.09215 6.15125 2.3079 4.37612 12.832 5.52367 2.96569 154.553 73.8955 8.6324 10.4698 42.0934 31.3338 9.53726 0.000154892 396.086
-58.9562 0.0545907 3.32857 36.241 89.7906 1.17245 20.6629 7.01545 25.0521 2.59738 12.1748 1.89103 3.49416 9.43107 2.34526 4.69815 152.907 79.874 1.89287 11.9461 49.0831 17.7051 5.05404 9.59284e-05 395.681
-58.9457 0.0502461 3.49603 44.3114 75.2017 1.1555 22.8892 4.11891 21.1775 6.35888 12.2271 5.97904 5.02773 8.29486 10.4296 5.70429 133.652 73.2684 13.7663 13.6829 29.1887 83.9325 6.9397 0.000160936 409.472
-58.6883 0.117143 3.40338 43.8521 77.6041 12.9258 19.0814 2.05782 15.9288 7.68978 5.8917 5.66542 2.71853 15.291 3.30484 8.44756 146.708 72.2593 6.55536 10.3361 18.8499 30.0743 44.7057 2.05927e-05 395.026
-59.0574 0.0877112 3.2251 40.1793 79.3883 12.4409 22.8802 7.95994 14.6592 5.37183 4.89499 2.13258 1.79791 18.6813 4.72969 5.32524 154.835 64.7227 6.06621 9.61912 31.0953 33.8916 19.5118 1.9322e-05 389.812
-58.5384 0.0425645 3.3867 36.3663 79.3883 12.7995 22.6859 10.3346 14.7232 5.75399 7.80382 2.68436 3.94369 13.237 4.60024 8.37543 151.828 50.7916 12.1387 12.5565 13.7929 32.0518 15.866 5.39737e-06 391.417
-58.9863 0.0332171 3.39237 36.7243 88.2422 12.6832 9.59353 14.0232 11.6699 7.59513 8.4386 3.55125 5.34414 2.90625 7.86316 9.44618 154.266 74.6589 9.94074 2.96816 9.55169 24.1398 12.2158 3.889e-07 384.758
-58.891 0.0296247 3.34131 36.4261 85.6334 12.9788 11.2208 4.83735 17.5022 11.6745 1.13177 0.869953 8.60634 6.66248 19.1632 6.3869 149.073 68.6501 1.55986 13.188 17.2487 9.48071 5.40513 3.43755e-07 385.437
-58.8704 0.0258113 3.71022 38.8962 81.9361 12.4682 14.1241 9.1314 11.4162 9.93301 17.4618 3.01058 3.74977 0.890195 12.4249 5.30324 151.317 67.0346 1.75584 12.9771 14.8644 34.1463 45.4027 3.43755e-07 386.77
-58.9147 0.0244918 3.4351 38.3291 81.9361 10.6235 14.1241 4.35116 12.1087 10.2324 17.4618 2.4475 2.94948 9.5646 1.73355 3.91028 166.05 67.9893 1.69043 8.42462 10.5257 36.6983 20.966 3.43755e-07 386.515
-58.9161 0.0338811 4.19692 35.7188 81.9361 10.7404 22.3376 4.35116 11.0871 9.76637 17.8904 1.64603 0.507864 14.6908 3.76281 1.86845 153.102 70.1155 2.44038 7.62479 13.1616 15.3691 18.8166 2.40818e-05 387.475
-58.9296 0.0391746 3.22698 38.113 84.517 7.94144 26.3514 3.70253 15.1802 0.78325 15.474 1.87938 1.51753 16.4644 3.41298 6.23057 149.551 69.9628 1.24631 11.6653 10.6644 25.7554 27.4402 4.37306e-05 390.644
-58.8141 0.0258712 3.38635 34.7874 86.8665 5.15011 26.3514 10.804 8.77677 8.32633 12.4133 1.87192 4.56445 20.0728 1.16789 4.75213 142.446 72.4255 7.81139 5.2644 10.2526 8.57057 36.5386 6.07783e-05 390.747
-58.9239 0.0294476 3.64955 34.7911 86.8665 3.63756 26.3514 8.18457 12.9158 7.04584 10.9022 0.260683 5.28678 14.3103 6.45951 3.01672 143.153 78.9497 3.21298 7.2359 29.051 10.3757 6.59748 5.55641e-05 388.157
-58.9055 0.0425071 3.39545 34.9923 83.1081 2.5563 30.984 8.25795 9.78185 10.3541 10.3585 1.21629 2.35087 12.7271 11.6934 2.14397 146.279 78.0271 1.47412 12.5342 115.697 18.8984 28.3535 0.00085913 398.813
-58.6278 0.0781342 3.4481 35.4196 82.8752 1.6707 32.6556 8.79376 11.9046 9.75103 1.56578 0.329369 1.41075 17.5002 13.5374 4.52085 146.952 70.7367 3.42801 1.27207 24.4716 16.2929 3.29485 0.000133628 392.862
-59.2407 0.0881935 3.29285 37.1725 75.8749 2.93904 32.6556 8.46507 14.1748 12.1155 4.81837 4.51841 2.21646 9.85126 11.1398 4.64446 151.939 66.6395 3.0779 20.9603 9.08736 7.21448 5.55282 0.000994021 393.244
-58.7747 0.0752264 3.19099 41.1409 73.5664 3.602 31.1881 8.20751 13.6579 6.08934 7.9019 1.98705 0.580658 11.082 4.44681 12.0033 168.648 53.6498 11.3407 4.60761 2.8784 16.0659 2.56227 0.00399585 395.333
-59.0945 0.0606572 3.44653 41.1409 77.5218 2.26155 31.1881 15.998 15.7125 8.38398 3.26201 1.12955 0.580658 16.7073 4.44681 10.9384 151.688 55.0877 3.66096 2.86018 17.0317 16.7645 1.18994 0.00340541 395.987
-58.8572 0.0382487 3.77172 43.695 64.4284 4.58841 31.0494 8.11479 11.5595 10.3288 11.5882 0.285475 2.60105 15.4867 4.28638 6.92806 169.326 53.479 4.34001 9.85123 32.1896 13.1439 3.73664 0.00169406 395.755
-58.9775 0.055989 3.54424 43.695 64.4284 5.41189 30.857 15.5331 17.9502 12.8318 3.72411 0.552661 2.94312 4.11902 8.7579 4.45001 169.464 52.2335 3.61026 13.2385 13.6857 2.54984 0.549922 0.000736021 391.024
-59.0064 0.0477887 3.42429 48.8826 63.6808 5.19355 34.7381 15.7556 17.4752 1.68313 2.30495 0.597799 2.40477 5.90567 6.66322 5.63526 169.938 56.7753 8.85127 6.56831 13.6845 27.7484 2.19309 0.000504009 390.915
-59.1481 0.0389833 3.64288 48.8826 63.6808 9.37578 29.8323 15.6953 17.2023 6.81636 0.949857 1.20909 2.40477 7.91251 3.10878 6.9565 166.278 56.0155 11.6673 11.0405 15.947 21.9941 5.44431 0.000148687 392.468
-59.0217 0.00719785 3.66715 41.2804 68.5505 14.2204 30.4358 13.0831 6.24299 3.04657 1.25947 4.34335 6.01475 9.90352 2.46327 17.6547 164.325 55.7821 17.6105 12.2487 15.9254 11.5817 2.91769 0.000133131 396.043
-59.1174 0.0632873 3.21489 42.7615 70.0383 14.4211 36.1886 11.7443 5.27753 4.9356 1.30827 0.935701 5.56374 7.36427 0.687378 5.85563 164.767 68.3063 11.1893 4.87084 13.6114 10.3004 5.66112 0.000263833 394.109
-58.6797 0.012222 3.49908 41.1961 65.9628 4.61414 35.9153 12.1995 12.494 6.05336 6.90184 1.23367 14.5859 7.44144 3.32149 4.25369 167.97 49.4623 13.6268 7.77619 8.18748 9.4865 6.01743 0.000163607 392.67
-58.6827 0.0142964 3.70006 40.3572 70.3213 5.07125 29.044 12.5478 14.169 9.30798 5.05231 0.119157 11.4328 6.06278 7.76017 0.467228 162.966 49.4623 10.6483 15.8417 3.75319 32.0834 6.162 0.000572833 398.768
-58.8513 0.016212 3.70897 42.0748 58.3934 11.6399 44.1192 19.1961 1.02117 20.397 2.64127 1.41559 2.50095 0.519211 4.8466 8.92926 154.674 69.0055 6.1747 9.93607 17.7959 9.43236 29.6158 0.000354722 395.282
-58.6831 0.0160207 3.61424 43.7075 54.4983 11.4434 42.1307 9.3732 16.1779 8.53671 8.87208 2.49171 1.03955 8.49145 4.90263 4.45028 168.33 48.2529 8.24113 3.66809 11.8844 3.63111 2.94748 0.000383646 391.7
-58.818 0.0248537 3.44075 47.9256 54.4983 9.05516 42.1307 9.88992 16.1779 8.57331 10.784 3.06415 0.40461 5.39151 4.35132 1.14824 171.684 50.8003 3.90757 10.8904 21.6467 8.09616 3.08913 0.000909911 388.864
-58.7689 0.00922506 3.75321 47.9256 54.4983 9.112 42.1307 11.4938 16.0558 9.17849 9.36998 3.09317 0.989974 5.18797 3.24751 1.14824 171.684 46.8643 0.830807 16.7096 7.51935 6.97428 12.037 0.00144789 394.674
-58.7648 0.0611178 3.43463 47.453 53.3537 11.3217 37.9503 8.82832 11.9865 8.66562 9.36998 2.07135 1.91797 5.89943 4.33941 10.737 171.684 49.6722 5.12044 6.22239 1.47276 7.44756 26.6409 0.000758218 390.89
-59.0287 0.098876 3.53959 47.7312 57.7518 6.00521 36.6429 16.2316 10.2212 6.47987 9.41484 2.00973 0.299972 6.52914 10.2384 1.81884 171.684 49.6722 2.38805 8.27645 9.13246 7.42669 6.54227 2.62498e-05 390.706
-58.7602 0.132226 2.88325 43.5349 57.7518 10.0901 33.7717 11.2113 13.7952 13.9287 13.2384 0.530683 0.45448 5.82142 9.83686 5.56398 147.222 72.2636 2.21211 5.90806 14.9921 6.751 19.735 2.62498e-05 396.263
-58.6725 0.109474 3.04176 43.9334 68.5836 32.8028 3.0281 24.841 10.4574 5.04124 7.93421 1.19711 4.39343 3.91451 11.7117 2.58643 149.627 71.6512 2.74518 12.0097 26.536 9.36054 31.5411 2.62498e-05 391.007
-58.6167 0.135578 3.02748 43.0784 59.8054 34.4674 9.13419 26.1915 6.08788 2.28695 11.4406 3.36754 4.31217 5.33187 10.023 2.74329 151.977 72.1707 6.40259 4.46001 18.7029 15.6376 0.68717 0.000194274 394.956
-58.7164 0.015437 3.42454 42.6702 59.8054 29.8662 18.5044 21.3585 10.6688 2.6114 4.57978 2.37749 2.79775 0.709856 4.75043 18.5891 153.432 71.6464 5.44498 3.30752 9.69006 1.17174 17.0528 5.69018e-06 384.517
-58.7968 0.00224387 3.47396 42.6702 59.8054 33.057 18.5044 16.9473 5.546 5.27042 8.85066 1.77297 5.57171 0.709856 2.41687 16.9975 156.062 71.6026 1.47534 3.95683 1.91783 21.4523 17.1806 5.69018e-06 386.609
-58.821 0.0605436 3.40039 44.9245 59.8054 28.612 22.5521 24.8985 2.79123 0.756606 6.36368 1.52114 1.26829 6.38025 1.66601 16.5088 152.893 71.0173 2.54428 5.29695 20.99 38.1108 27.9968 1.10731e-05 386.976
-59.0626 0.033439 3.2192 44.1513 59.8054 30.0516 17.5488 25.3324 5.63186 3.18143 1.72472 0.547639 3.37406 5.30267 14.9456 16.5088 144.141 72.3244 4.68674 5.22191 32.5325 30.2293 21.3453 1.24166e-06 387.827
-58.7881 0.03197 3.38637 47.9107 59.1823 23.763 17.791 26.7324 5.84191 1.09651 1.24304 1.41521 2.24359 2.27485 11.535 28.0699 138.426 74.8583 3.81947 3.37541 1.07646 38.4887 18.018 1.24166e-06 386.007
-58.546 0.0293052 3.43588 46.7032 57.8182 25.1852 18.2229 27.724 10.4301 1.91661 1.67546 2.64485 0.386305 1.43473 10.9329 24.1702 137.662 80.3348 7.85497 7.31141 18.9641 13.3932 13.8972 1.24166e-06 387.238
-58.6446 0.00654859 3.39242 45.5346 57.4047 25.1852 15.4014 28.4533 10.2323 3.28647 2.12863 2.21701 2.41053 4.76343 8.92829 23.5356 141.329 70.2203 8.82625 7.04517 8.82719 4.69242 15.8393 1.24166e-06 385.397
-58.7059 0.00503711 3.57919 44.9372 60.2258 24.1791 17.1924 28.4533 10.2323 1.34619 0.797537 1.98557 2.69489 3.29629 9.55348 23.2752 140.948 70.0576 8.54259 2.04231 5.12497 3.6015 23.2883 1.24166e-06 381.895
-58.9163 0.00435561 3.39982 43.9212 60.2258 22.883 21.8833 29.5766 9.0058 2.93153 1.46885 0.689757 1.18529 3.4334 8.16547 22.3919 141.627 69.6803 6.81411 4.87663 3.562 22.0978 10.2916 1.24166e-06 383.863
-58.8895 0.108769 3.27658 44.9637 63.0268 21.0527 28.1691 19.694 5.13783 3.22066 1.76593 6.51779 1.21986 3.78435 3.60806 26.9718 143.623 65.1078 5.78521 5.53192 3.92509 19.6378 1.26273 1.24166e-06 385.43
-58.903 0.0515287 3.36309 46.4553 49.5587 20.4822 30.6221 21.6732 9.74609 12.127 1.76593 3.26779 1.35494 1.25167 10.7683 30.4123 128.812 75.4994 0.676622 11.8926 22.277 25.7815 18.8665 1.24166e-06 388.241
-58.8856 0.0430105 3.426 45.5818 63.0196 21.1613 27.9131 11.4831 6.7538 10.9187 0.431783 0.356105 2.85681 0.990209 12.648 33.8606 128.713 80.5547 15.4562 5.22313 17.5881 34.2673 22.3045 1.24166e-06 390.34
-58.933 0.045118 3.45554 45.8831 58.976 22.7559 28.9195 10.9638 8.51744 7.55876 5.68806 3.661 1.52289 6.21523 3.71472 21.1636 142.222 81.7015 7.15747 6.8799 4.22928 34.9789 13.468 1.24166e-06 384.896
-58.7353 0.0210014 3.37632 43.7065 58.0756 5.09549 49.242 10.424 7.37917 4.73316 14.2127 0.343558 2.48772 3.46065 8.41876 20.5549 138.669 80.2937 11.3344 3.92806 40.4808 41.458 5.78215 1.24166e-06 387.53
-58.6884 0.125007 3.20407 46.4097 56.3544 1.89996 49.4583 10.424 5.76145 9.95246 14.2215 0.195184 2.48772 4.07748 3.1852 21.1145 137.734 83.0721 6.47321 17.1387 40.4808 4.46771 4.03869 1.24166e-06 392.558
-58.6553 0.0591117 3.34217 42.9674 63.5298 4.61239 44.3145 11.0185 9.99058 4.93108 8.00785 4.84909 3.25135 3.64189 2.04942 27.4793 134.411 79.3446 3.27258 14.4794 17.7911 28.7581 4.6134 1.24166e-06 387.35
-58.9983 0.0208981 3.45946 43.3067 67.7377 4.6564 42.5956 10.6676 9.9609 3.51819 6.3241 4.37431 0.245389 7.43824 2.04942 27.4793 136.316 79.5718 9.95727 2.8303 40.9935 29.5174 4.06044 1.24166e-06 386.358
-58.7902 0.0303056 3.39878 40.5986 69.0559 0.849828 46.6678 12.6404 9.00601 3.40365 6.87676 8.36296 0.269111 4.45264 3.44522 26.6339 138.894 72.9515 5.00534 3.71375 21.4135 8.36021 6.87488 1.24166e-06 386.04
-58.8506 0.0236506 4.18588 44 63.5107 1.34934 46.513 7.87571 11.2036 6.87328 5.29248 4.41645 2.43318 2.81928 2.04597 28.3426 143.713 69.9768 4.41084 5.03443 35.858 2.72427 6.44481 1.24166e-06 385.435
-58.7909 0.0327465 3.56793 41.2932 64.2233 2.65927 48.3464 14.5883 3.74793 6.95041 7.8285 7.34532 0.946188 2.81928 1.1261 28.1888 140.563 70.2779 4.40956 8.76629 17.7024 15.8642 5.12575 1.24166e-06 383.797
-58.7969 0.0419469 3.56502 42.6437 60.352 6.1911 34.6357 14.5883 4.16457 2.73793 14.1725 8.0955 0.831302 1.61266 1.72619 28.1888 149.992 69.3269 3.8597 8.38183 28.1613 20.594 6.87445 1.24166e-06 391.027
-58.7948 0.022632 3.5715 43.2873 65.428 5.90022 34.8935 22.8153 1.87048 2.59076 9.57968 2.15628 4.7775 2.7642 2.57341 25.8867 148.708 75.8047 0.840037 4.91411 35.3253 24.1179 28.8718 1.24166e-06 387.494
-58.8774 0.0409438 3.47611 41.2089 68.9566 8.43252 35.4545 24.2815 3.35149 2.82821 15.9696 1.80081 1.07565 6.32125 2.57341 11.7341 152.794 67.8644 9.1947 6.59168 22.1252 20.5404 4.24836 1.24166e-06 387.444
-58.9169 0.0384865 3.63659 40.4095 70.7327 10.7198 28.6895 21.8922 3.21657 2.05288 13.5521 0.215903 3.86614 11.2795 5.52359 9.48682 157.107 61.2258 13.7815 1.28621 5.91245 4.55371 18.9584 1.24166e-06 386.359
-58.7118 0.112563 3.26113 38.5282 68.3654 21.6833 23.678 19.1082 3.21657 3.49936 11.3232 0.135758 0.491936 11.3478 2.35492 8.50293 159.67 72.0039 11.2292 1.19754 3.93369 7.07861 14.7023 1.24166e-06 390.474
-58.6334 0.00618715 3.60854 38.7093 71.2327 21.6833 24.3427 22.3668 2.57988 2.76266 10.2831 0.801965 2.27366 5.70979 5.22737 8.05946 156.606 66.1009 8.86856 2.9918 22.3897 4.14353 6.94659 1.24166e-06 384.47
-59.1448 0.0611921 3.49881 46.0572 72.8187 10.2739 22.1354 13.4491 4.30616 10.3034 11.4873 3.8942 0.876877 4.53692 8.44059 8.28501 155.499 61.6514 10.8554 1.65176 2.07955 8.19504 5.07523 1.24166e-06 389.266
-58.8312 0.0356616 3.51779 46.0165 62.0177 23.5663 17.9843 17.0906 3.21849 11.7094 5.7589 14.2799 1.94105 2.08721 6.27194 10.3019 155.042 60.4104 15.66 3.88129 2.28525 16.4931 10.6587 5.66349e-08 386.531
-58.9037 0.0244226 3.61602 43.3031 61.8236 16.3883 27.7263 9.29917 3.24266 23.9361 5.24542 4.09927 3.94593 0.152575 7.49567 4.1999 161.344 46.4685 4.13704 23.9254 7.88036 32.4126 20.9961 5.66349e-08 391.045
-58.968 0.036877 3.68663 43.2717 71.7593 15.4837 25.565 6.19843 8.07609 15.5621 4.44448 3.9927 2.42906 6.15659 6.89094 4.76632 156.441 52.9995 10.4279 10.3715 13.9756 10.8306 0.660768 1.09633e-05 388.598
-58.868 0.0215532 3.5756 42.8122 67.0577 8.71592 28.4371 18.1025 1.05512 30.1005 2.5656 1.79234 1.32136 4.18155 11.9407 4.59699 159.748 53.2329 15.6192 4.98755 17.4946 73.6024 2.10059 3.44997e-06 391.678
-58.8558 0.0507973 3.37921 42.4776 67.0577 4.54611 31.8348 10.5612 1.16227 30.1005 1.90878 2.34596 1.34627 8.43379 14.1893 6.49467 160.483 57.9104 4.60264 14.7682 2.8583 44.7073 10.9149 4.87542e-06 388.319
-58.8536 0.07406 3.31722 40.529 61.7207 6.03849 47.2085 5.25563 10.1219 15.0564 0.235693 3.72728 2.07011 4.06724 9.35602 8.2305 161.528 62.1793 3.1182 0.643489 31.5832 52.3104 50.4214 5.05189e-06 393.306
-58.8556 0.0483233 3.78625 43.5831 63.0312 5.4451 50.3645 1.73661 3.92552 14.574 5.63483 2.05494 1.6599 1.1076 19.0434 9.03498 159.181 57.4897 5.13551 6.51382 22.4706 9.45803 10.3971 4.90254e-06 387.133
-59.0094 0.025946 3.66951 44.0536 63.1046 4.94277 47.6397 4.92683 2.45321 14.9519 3.69851 2.46288 0.987472 2.02265 14.653 10.6865 155.727 73.2497 3.83575 16.5255 25.3866 1.70002 35.872 1.81433e-06 389.127
-58.9394 0.015951 3.77214 42.8742 63.1046 4.16203 43.4966 10.3351 2.48456 13.9176 7.19439 1.69777 4.32392 1.92624 16.6671 12.681 147.794 69.2802 10.9151 2.7522 21.701 8.28919 9.22632 1.4347e-06 384.04
-58.797 0.0108832 4.19468 43.5446 63.1046 4.19562 45.7484 6.46236 1.66587 16.114 13.0765 1.36033 4.95759 1.52246 8.77042 11.8119 143.392 73.8283 1.04744 7.35106 24.3891 1.86542 13.0101 1.40142e-05 390.313
-58.9248 0.0223462 3.87917 43.2024 58.1183 4.03601 44.5575 17.8409 5.16461 9.6117 8.98352 2.42366 2.78769 18.5417 16.6857 10.9383 125.767 69.4495 5.37238 6.85869 11.6236 4.45808 19.8375 1.82524e-05 389.007
-58.8551 0.0368014 3.66401 44.3495 54.5178 5.92509 43.3298 17.2272 15.3233 3.58478 9.06029 2.55873 8.62502 16.5901 9.57603 5.8483 129.73 76.596 8.19743 8.49799 32.8722 22.5571 7.99529 1.19842e-05 396.602
-58.8537 0.0360662 3.43132 45.6463 55.2578 12.9712 43.0134 17.0626 7.97944 7.70356 4.49155 2.05562 3.86384 9.10483 25.6107 11.5913 118.982 78.0889 17.8489 3.11483 36.8106 13.556 7.90638 2.91105e-06 393.82
-59.0503 0.0238172 3.55531 48.3789 46.5412 13.4421 44.2016 11.2556 13.4474 12.5595 5.20818 3.18954 2.64569 0.515449 31.7715 8.18705 126.356 72.1057 11.7492 3.28913 21.575 4.27192 12.4375 1.90446e-06 388.841
-58.9411 0.0348676 3.67679 50.8637 40.7861 17.3929 44.2016 11.0397 9.05545 9.79899 4.16453 5.67956 1.00848 6.06816 35.8949 4.252 126.356 75.6753 7.01889 5.15865 6.71556 3.56828 21.6692 2.13985e-05 388.897
-58.868 0.0248226 3.59407 59.1909 33.8319 18.8683 44.2016 5.16526 13.1225 2.51991 3.07889 9.20056 4.47969 22.0719 22.4696 4.13768 126.356 68.9455 3.2925 4.22555 22.5059 4.31902 20.4217 1.05362e-05 394.4
-58.9442 0.00335572 4.08161 54.4702 30.9943 18.2336 44.2016 12.5435 14.3443 7.12855 4.78502 3.92715 3.53394 14.0689 20.6515 7.47968 126.356 83.0803 11.2104 1.66626 46.2632 4.17722 5.86402 1.50786e-05 396.641
-58.904 0.0351159 3.52944 56.8193 34.019 18.5195 44.2016 4.56075 12.4518 15.8886 2.52907 6.9305 2.55803 15.2872 18.2918 2.14388 125.382 68.4426 8.8087 8.93136 58.7792 9.78989 8.03183 4.66158e-06 397.075
-58.7466 0.0277854 3.73262 54.954 27.6064 14.8852 56.1258 4.00418 10.5191 21.4385 2.87856 3.08962 0.994959 16.9359 5.79792 8.45001 132.275 67.8061 15.6785 21.9701 15.4804 7.03378 1.76516 1.6437e-05 396.94
-58.7484 0.0153644 4.20388 57.2723 25.4279 15.0799 62.6728 5.26293 4.15732 18.7814 2.5895 4.80183 2.12786 4.67839 14.0231 9.02525 148.607 63.1775 6.8478 0.164452 9.35037 20.2712 18.1669 9.84854e-06 393.315
-58.855 0.00040616 3.5302 53.4799 32.1158 11.7825 68.1278 0.33711 6.23243 6.90152 9.01955 3.05988 6.70364 2.9671 0.10214 18.4333 154.291 61.9837 8.41946 12.1023 32.4356 17.9668 13.0295 4.45566e-06 393.373
-58.8924 0.0991262 3.63552 56.0168 31.5574 6.36795 64.9502 5.27285 15.6576 7.6529 6.53839 0.642717 2.28855 3.08043 8.42099 18.3331 142.68 70.294 4.54971 11.3987 38.1248 6.6525 12.335 1.98868e-06 387.154
-58.7924 0.0322292 3.55451 62.4028 9.53725 13.4469 66.9656 5.96835 17.021 7.17125 10.3323 1.92274 4.6144 5.84058 8.42099 18.3331 139.079 69.7184 3.51349 11.3153 14.9755 18.0742 18.5376 3.31913e-06 387.405
-58.8327 0.0965139 3.51916 66.9359 13.781 12.5704 67.6249 3.37625 6.51237 6.416 8.39638 0.54549 7.249 3.88687 13.4277 21.5128 136.48 72.8741 10.5443 1.52928 16.4087 10.7304 3.31622 3.31913e-06 390.321
-58.7777 0.122112 3.5902 61.9797 13.781 13.0111 64.3295 2.66571 8.19122 5.97213 7.92958 4.37594 8.41211 4.82532 10.2623 21.5128 142.5 68.0322 3.54882 7.83175 45.3407 11.861 5.67167 3.31913e-06 391.613
-58.6999 0.0759095 3.26079 56.5734 37.7293 13.8247 47.4346 15.6386 8.57352 5.34239 1.40913 1.45119 9.12806 15.1967 2.17121 20.8843 133.291 73.1573 14.3925 6.10951 20.2575 20.3025 16.6818 3.31913e-06 390.916
-58.7024 0.0790596 3.17235 52.9603 39.4257 14.1083 45.2426 15.6386 12.3055 5.40989 2.05691 1.26896 7.21175 15.0441 1.75235 19.8989 135.745 74.8343 14.194 4.38267 8.9434 9.53531 16.1837 3.31913e-06 387.847
-58.8392 0.10334 3.52792 52.2094 38.7257 16.6896 50.0254 7.93793 13.1746 5.58013 3.43137 1.3324 2.60797 6.51789 12.3681 24.139 137.623 66.094 4.16976 7.65468 27.7497 7.86132 16.0279 0.000101541 389.312
-58.9116 0.108953 3.14848 51.9202 40.0398 18.9967 47.043 14.4762 8.52477 5.03877 2.11925 1.51834 4.8358 4.30523 7.4671 20.9239 146.048 65.5198 3.28406 9.37202 13.2835 9.12754 17.4393 3.48067e-05 386.513
-59.0561 0.127629 3.03483 61.7624 39.0551 15.9906 37.0964 15.8788 6.17058 11.5759 2.46139 3.67347 1.29662 4.83855 5.3203 17.0614 145.985 70.966 2.91347 8.54663 29.9991 7.67174 1.81366 0.000102224 393.884
-58.8588 0.130511 3.39285 48.7988 70.0709 16.4882 15.556 15.4182 1.91186 11.6586 5.06085 2.03957 0.682013 14.9372 5.50093 14.0626 148.906 71.2855 12.6743 1.4715 2.58323 18.7854 18.5181 0.000692706 395.68
-58.98 0.117812 3.0588 49.095 70.0709 19.2309 13.1239 14.4152 0.935923 14.4872 11.4496 1.08218 0.284435 8.36317 5.2258 14.9723 147.628 72.7085 4.85535 7.175 26.4986 30.9376 18.7111 4.20147e-05 393.238
-58.8606 0.128374 2.95631 48.1373 65.3551 19.3302 18.9323 12.1837 5.62311 6.02361 17.0545 4.1303 0.115175 10.3549 5.13516 10.9953 149.416 67.6583 11.9092 0.841888 4.11553 33.2835 18.2993 8.98059e-05 394.867
-58.7794 0.132971 3.17921 45.1073 67.0811 18.3049 18.9323 9.00595 12.1401 10.7062 10.7809 1.74629 1.6288 14.2846 4.2188 9.56735 149.809 67.6583 9.28523 0.841888 15.8125 18.8963 9.91283 0.000151566 389.672
-58.9288 0.12551 3.16999 41.7161 66.1333 19.0591 22.8003 10.8349 8.4437 12.9439 11.1623 1.94291 2.97159 12.0922 6.20113 1.87349 154.08 65.3989 8.31417 9.91752 16.6586 14.1411 7.53403 0.000180921 390.226
-58.7652 0.0951609 3.36836 42.3671 71.2942 15.5863 22.8003 9.41733 5.08797 9.53685 10.5573 4.20231 0.0339572 7.925 7.02291 16.3217 147.198 56.5257 3.23457 37.9001 21.7302 15.7635 15.6037 0.000211632 398.081
-58.667 0.0221798 3.45507 42.1587 66.7532 8.55514 44.2589 10.5633 6.3366 4.282 7.93593 3.29777 0.0339572 8.09253 7.25746 15.4982 155.516 52.6806 0.140039 16.4242 0.220856 11.0068 7.51555 6.64598e-05 393.837
-58.6769 0.0297961 3.50149 42.1587 66.9953 8.42484 35.2569 18.6633 4.47067 2.48901 10.4973 0.207818 1.87623 18.2898 5.68614 1.39472 154.7 76.389 5.43857 17.8141 6.77453 11.0103 4.86589 3.35948e-05 391.175
-58.9571 0.0514162 3.5037 40.3617 66.9953 8.86377 35.2958 20.7612 8.08281 0.250987 7.11871 0.703158 1.99414 19.3427 5.12895 5.85204 146.807 75.6325 8.09431 1.88294 14.4836 3.88426 24.9536 1.50817e-05 386.705
-58.8837 0.0127734 3.94799 40.6618 66.9953 9.29741 34.4005 21.0248 5.52367 1.17764 2.67355 1.03621 2.84926 19.3427 3.9553 17.047 142.849 71.6864 14.8963 1.32467 5.00203 34.4151 14.1424 0.000247496 394.077
-58.8255 0.0148149 3.5754 40.3498 66.9953 6.47686 45.1027 22.0109 2.15853 3.4976 5.8493 3.99032 5.91356 5.56141 4.06937 13.2431 146.974 69.4283 10.9677 0.350784 11.3965 62.2786 11.5114 0.000498008 393.288
-58.846 0.0317322 3.70788 40.3498 66.9953 10.4864 34.1917 22.0613 2.15853 3.52812 7.68009 2.96083 2.47802 8.17059 4.04166 15.28 142.931 77.2357 6.09835 11.7336 2.54777 80.3783 13.1479 0.000909558 396.133
-58.7459 0.0273695 3.33236 40.3498 71.2882 14.8903 29.925 24.1956 9.09724 2.73117 0.780093 2.10663 2.57192 1.62346 1.53419 21.0867 154.597 64.1632 2.75446 8.46083 15.3095 12.0032 4.01044 7.15448e-05 389.453
-58.835 0.0710935 3.36466 40.3498 71.2882 11.9687 22.7303 26.1314 8.97777 2.16612 10.2761 2.20409 0.303124 0.450768 5.58739 21.0489 140.688 80.0607 7.87758 17.6023 0.171687 11.757 0.986925 7.06094e-05 396.24
-58.9028 0.0308094 3.49686 40.3498 71.2882 15.0595 21.2382 28.0067 10.0671 1.18213 3.04345 4.99816 0.933688 4.02135 6.36099 13.6267 153.321 68.2189 10.3617 7.24776 13.2169 48.9503 9.29595 0.0059368 395.273
-59.0511 0.122275 3.44235 43.9904 62.1071 18.53 22.3644 25.3557 7.3319 3.30065 5.43114 6.15208 1.04187 8.6599 6.57715 10.8948 146.745 69.984 8.41433 22.3201 7.35541 68.3295 11.0346 0.00183513 400.243
-59.0579 0.0498834 3.43475 52.5328 62.1071 14.2092 22.3644 28.2641 6.08661 6.23665 0.117328 0.524625 9.43183 6.2785 5.46576 10.7777 145.491 66.7928 8.04708 9.02154 19.6096 6.86497 35.2904 0.00171669 397.408
-58.9638 0.0484405 3.56439 41.9587 68.7059 5.89021 25.8557 25.9085 8.44438 4.41366 1.65381 2.10969 11.4339 11.8207 1.44424 22.3787 145.445 58.3976 18.8352 5.74143 32.352 8.42479 22.1515 0.00616816 403.996
-58.9363 0.0484215 3.7407 43.3717 63.7518 1.83097 42.0449 11.6311 2.30006 5.83762 0.499228 2.11016 11.0736 10.846 10.7596 21.2058 145.655 65.0734 20.4675 4.85728 32.0026 14.5603 10.9738 0.0111896 405.369
-58.9484 0.0488282 3.41689 42.7401 62.9191 1.83097 52.8754 11.0162 9.27258 8.35305 2.34674 2.42973 10.2775 2.08651 11.3994 18.5836 146.259 57.2414 7.68466 3.9614 18.1589 11.989 23.7222 0.00998865 407.454
-58.9497 0.0492014 3.36108 41.6503 62.9191 2.43361 51.8119 7.84058 16.9202 4.31055 2.47243 1.68217 4.86947 1.65512 7.60641 17.8896 147.559 66.0245 14.5579 8.88672 21.6197 5.63259 66.171 0.0026007 397.607
-58.8584 0.0496685 3.40033 50.0702 57.4701 3.45238 42.9333 3.44449 28.6091 1.13237 1.10089 0.668155 2.97161 5.49937 19.8059 12.9542 143.323 59.0165 0.491589 10.5439 19.3748 27.4141 48.0384 0.000457955 399.28
-59.0422 0.0385062 3.52444 46.836 55.8439 3.58391 52.1909 0.62147 26.9934 5.44754 0.0766617 0.866578 2.93817 4.2994 7.01222 22.9082 146.452 65.3167 10.0148 11.6441 15.9664 15.6796 40.8821 0.000115653 394.289
-59.4009 0.049161 3.57878 49.6558 49.8582 14.6527 53.1361 5.86233 5.74177 4.88687 3.07008 3.1012 2.18345 4.0156 9.2732 14.4151 154.146 63.8057 7.7473 14.5838 32.7557 42.1991 9.22669 5.47624e-05 394.632
-58.7499 0.0883912 3.3916 52.7706 41.0438 6.56902 63.5603 0.727552 9.42549 5.5916 5.25162 8.05148 2.42259 7.29063 3.29374 4.4408 161.702 67.13 1.03923 15.2693 21.5258 15.1586 12.7735 1.06923e-05 391.216
-59.2273 0.0889395 3.22772 55.8856 35.5481 8.38011 67.4856 4.94603 8.11491 3.20243 7.87279 4.16053 7.25755 8.53097 3.05384 3.46411 161.269 62.8591 0.931279 11.4434 11.9204 34.6641 1.1187 2.45125e-05 395.621
-59.0282 0.0432393 4.12343 51.6683 37.9354 36.6567 44.3972 3.38367 3.09525 1.77933 9.05758 2.74621 5.71143 9.28029 3.46024 4.01943 157.127 65.9286 1.10191 13.4048 39.9633 3.95761 6.87819 2.68055e-06 393.157
-59.4304 0.111565 3.16806 52.8184 37.9354 34.18 36.3981 2.97316 4.1976 9.46976 17.5939 2.05345 5.76715 0.25324 3.56171 5.82313 160.885 65.4698 2.0863 12.5647 17.0132 1.25415 26.5116 1.78626e-06 394.697
-58.8138 0.111341 3.38097 52.0718 34.693 12.016 58.5549 9.45642 16.3028 0.945994 3.54454 4.13226 0.924869 10.3899 2.69322 18.8128 155.359 56.4971 1.07281 14.4252 44.0803 3.68237 25.4597 1.44554e-05 390.599
-58.8565 0.0268515 3.7974 55.6517 38.9278 34.3976 31.8563 12.6805 11.2745 0.693823 4.10985 4.01814 1.86779 9.50928 1.86883 18.3629 161.97 48.9591 0.0933466 19.2213 34.0328 13.9927 23.0361 2.31849e-05 394.994
-59.1488 0.0355824 3.39769 64.9702 15.403 37.423 47.2181 2.50879 2.58478 12.7745 6.29327 6.16055 1.7241 9.08953 8.67333 4.08641 174.612 39.0889 6.26183 15.7672 13.4007 56.3938 20.3821 7.07355e-05 399.501
-58.7615 0.0172903 3.44773 66.4204 4.89055 41.0178 47.2181 6.22299 8.3997 19.8542 1.15018 1.35417 1.83073 7.54163 1.88549 0.23749 169.246 46.1017 10.1364 6.13016 36.1872 31.6808 3.56532 3.7806e-05 393.63
-58.8185 0.0221889 3.55283 63.494 7.32575 42.2243 38.8208 10.7129 7.16708 14.7283 7.88563 0.795156 3.79532 14.5305 5.20236 2.57922 164.452 61.7144 2.56334 1.45543 27.2051 31.8531 9.7915 0.000123501 387.43
-58.703 0.0346402 3.6645 64.2433 7.32575 33.6625 40.2167 15.462 9.38366 14.5418 4.74231 0.899475 1.2743 17.3508 1.79874 2.57922 163.892 65.4017 5.58915 7.00459 3.25134 37.244 21.3488 6.72774e-05 391.671
-58.7408 0.0299002 3.47443 64.4437 7.32575 33.4323 45.5808 19.1864 8.63098 5.53179 8.66621 1.39061 1.17282 10.7729 4.644 9.46036 147.226 75.0836 0.780756 2.45813 4.69865 7.73007 18.5458 9.03204e-05 387.794
-58.986 0.0198019 3.36544 65.6403 7.32575 36.2336 49.0225 17.3263 4.93076 5.53179 5.00697 0.524724 2.10971 7.09503 13.2811 7.2993 147.581 69.8125 0.560292 10.733 9.26755 54.0892 4.20391 0.000165747 389.428
-58.7199 0.00708869 3.36867 65.9005 2.06803 36.2506 49.0225 25.965 4.93076 7.21457 5.48885 0.524724 0.941102 6.85393 13.2544 2.65114 150.609 69.8125 2.97727 8.05253 14.658 3.50843 8.13879 0.00147611 391.985
-58.9125 0.028194 3.59884 65.6979 4.53662 37.0313 43.7748 30.0861 3.6536 2.72709 0.689514 0.532262 2.0152 6.35874 13.2544 11.0229 159.436 59.4319 3.87189 8.31356 0.557638 6.92902 7.09123 0.000161168 388.141
-58.7334 0.0230914 3.46658 71.1022 10.7656 28.6056 43.7748 26.7211 2.48387 0.451625 1.44183 0.542693 2.06651 3.06687 16.1162 15.8068 151.35 58.4748 3.70398 2.6029 22.5229 1.75861 1.62771 1.17813e-05 391.592
-58.7772 0.0165039 3.58675 67.2109 6.44986 23.3452 51.6366 29.6598 5.14523 0.63746 3.38873 0.623993 0.851652 8.31369 16.8351 5.07304 155.087 58.1046 4.81694 24.1842 19.9806 10.4577 23.907 2.22769e-06 390.3
-58.9103 0.0638531 3.39974 67.2109 6.44986 25.3384 54.2923 9.68062 7.5733 12.3286 5.88041 0.913389 1.01683 7.14869 17.8514 9.22366 155.666 57.7425 5.33833 7.69083 58.58 18.1905 36.0817 2.05106e-05 390.873
-58.8221 0.075161 3.41506 61.6804 6.44986 32.1279 54.2923 4.49888 9.667 10.3771 10.1882 0.915426 0.814995 9.04804 16.1975 10.3196 155.368 55.2926 2.76985 10.6669 9.35828 28.4834 19.6447 0.00063315 393.582
-58.9685 0.0119173 3.61889 64.2712 6.44986 39.0128 48.8921 15.3264 3.59668 10.3934 5.19703 0.957475 1.41624 5.94464 12.5838 9.8341 157.311 53.5681 0.747638 17.4093 23.687 13.81 19.9532 3.16665e-06 387.285
-58.9499 0.0199236 3.63572 64.2712 3.62333 30.1143 48.8921 15.872 3.16408 12.7743 5.35494 0.949863 3.0249 3.24349 19.6776 9.49106 159.032 63.0505 6.50461 11.1834 7.54085 38.8571 8.51725 3.16665e-06 389.17
-58.8379 0.0197959 3.58523 63.2261 3.62333 39.8591 46.1173 17.3524 8.68118 9.15202 2.96082 1.09723 3.01827 3.52693 1.02981 15.674 156.82 68.2225 7.81241 13.7518 28.3808 15.269 3.93776 3.16665e-06 387.024
-58.8253 0.0193526 3.628 63.2261 3.11589 41.3381 46.1173 12.8054 9.8787 7.30227 3.80434 0.869892 2.74296 5.13865 12.4144 26.1597 145.628 59.2573 1.67286 8.63444 17.8065 0.721818 14.5684 7.09846e-05 386.419
-58.7532 0.0193403 3.49397 60.3644 7.1065 44.8298 41.1496 10.5281 7.71238 7.79691 7.54193 2.94684 2.49097 9.79063 14.886 1.85443 143.159 79.0866 8.7738 1.84363 26.8581 2.19538 38.668 0.000163443 396.79
-58.9221 0.0173101 3.52717 65.269 7.1065 36.1012 44.0808 12.5102 9.81056 4.42044 4.2498 5.10168 6.70974 5.94422 9.67041 8.82696 146.421 80.2829 10.7509 11.2035 4.46646 3.60402 2.19961 0.00150221 393.859
-58.8932 0.0198132 3.51852 66.1281 7.64838 43.9708 26.6286 10.9506 17.2784 14.875 5.09966 4.38923 5.01295 11.9566 2.83586 11.7228 135.201 72.7426 13.1812 2.69769 21.1506 12.2389 17.1275 0.000988396 397.673
-58.9507 0.0436251 3.56784 70.1796 8.63483 45.3257 23.3239 6.5177 18.2764 10.709 5.96919 4.13481 1.96656 2.27389 8.86107 12.683 150.866 71.5774 9.99344 2.54408 6.67461 14.7363 36.7386 0.000184836 389.142
-59.0578 0.0331166 3.56007 70.8141 8.63483 44.1469 24.6285 4.15936 18.3792 10.0269 5.7075 2.51649 4.13561 3.38537 8.16823 14.5397 151.605 69.4568 12.2763 2.7779 12.2693 2.70466 21.4818 8.26053e-05 388.697
-58.6635 0.0826976 3.28697 70.3889 2.5512 48.3265 30.3915 6.02855 20.0193 5.8924 2.32967 3.12494 1.95527 2.96824 7.18308 21.5215 148.607 68.9318 4.69756 5.50416 15.214 14.2345 33.973 5.53097e-05 389.329
-59.1481 0.0522987 3.35063 70.3889 2.5512 46.6191 24.0573 13.2661 25.5978 5.15197 0.998989 1.79009 1.32984 2.86714 1.40002 26.0802 149.88 74.0885 10.5465 2.54442 8.89081 10.0779 14.9309 5.53097e-05 391.735
-58.9637 0.0347645 3.45593 70.3889 6.45777 46.6191 27.7743 8.63027 20.5565 8.07323 0.561932 4.17173 1.32984 19.0253 1.62526 5.89599 151.689 68.3854 7.18758 0.163673 6.60856 1.29807 92.0289 2.6453e-05 392.605
-58.687 0.0587138 3.38264 61.3306 6.45777 52.972 29.3962 7.96567 20.5565 7.87021 1.16115 3.46017 1.21175 23.4542 1.64016 4.801 150.302 66.2807 8.67116 8.15438 18.9679 6.8516 3.46022 0.00025343 392.377
-58.95 0.0736101 3.31614 66.4882 6.45777 52.972 29.3962 9.41069 17.0741 9.18636 1.07528 4.03314 1.21817 20.0222 1.35157 1.63348 160.498 58.722 9.2021 4.59215 25.8789 3.4259 8.39416 6.5885e-05 389.557
-58.775 0.0153164 3.46009 67.1315 6.45777 47.9901 24.4611 14.208 10.1345 11.7883 0.744515 1.45723 1.93929 20.0418 3.42986 3.38255 157.875 70.7253 13.8314 6.81231 8.17094 9.20786 20.9788 2.70592e-05 387.474
-58.8888 0.0479207 3.378 61.6158 14.288 55.4017 24.4611 15.4993 13.4829 12.9638 0.867368 4.30694 0.929971 7.85823 4.77303 2.55712 152.035 69.0734 20.938 8.14793 10.596 9.45699 38.5759 2.70592e-05 391.932
-58.8826 0.0501795 3.27091 61.8667 14.288 55.4017 18.9895 11.9378 11.477 11.1757 6.33303 3.39413 4.44195 2.98491 7.42919 17.7943 153.428 58.6346 4.71818 5.21783 9.91409 21.3001 20.5283 4.90193e-05 388.639
-58.9422 0.0484632 3.39292 62.2339 14.288 55.4017 19.8663 14.5671 10.4318 2.60302 5.47964 2.67164 5.50011 4.78558 1.35738 24.7066 158.953 50.1505 3.12995 13.4391 23.0645 19.7269 14.458 4.90193e-05 387.887
-58.6982 0.0369086 3.39595 62.2339 14.288 50.515 19.1412 18.6379 7.64688 3.04025 1.52751 7.50141 7.50971 14.7698 4.38994 14.0908 164.085 48.9608 5.14091 12.572 2.99151 1.15105 2.01146 4.90193e-05 395.334
-58.862 0.0233273 3.37572 62.2339 14.288 50.9411 18.3053 12.4936 13.5958 3.49563 3.59978 8.80457 0.957269 9.84928 5.14235 15.814 158.565 61.2836 11.4044 3.03063 58.6722 8.72291 12.99 4.90193e-05 391.854
-58.6529 0.0195905 3.54346 60.234 20.4759 39.0425 23.6318 8.05426 12.5988 5.26107 10.6852 7.52946 1.4816 11.5849 4.34636 10.4665 159.445 56.2661 14.0533 8.38087 12.3037 2.9506 3.69607 0.000527204 396.01
-58.6576 0.0751906 3.32509 60.234 20.4759 35.5394 27.1374 18.0278 11.1222 7.06975 11.9229 0.982162 2.47046 9.72034 11.244 19.7058 143.928 66.9503 4.62609 11.1115 7.08894 3.23836 12.8631 8.84945e-06 391.727
-58.7623 0.0283807 3.45359 60.234 16.5854 35.5394 30.8744 19.2326 12.3743 4.08365 10.3054 0.0649278 1.01943 11.4711 9.91201 14.4273 144.611 74.7337 5.30335 12.8345 15.2065 35.6867 25.3637 8.1685e-05 392.261
-58.882 0.00699488 3.95401 67.7551 17.1012 41.9662 26.4665 1.69928 7.50503 4.08365 22.1268 1.99535 1.92337 3.70084 15.8343 9.19427 159.216 54.7126 5.0903 10.2247 7.47727 4.62155 10.4274 5.59109e-06 390.422
-58.8872 0.0219957 3.46791 68.8461 17.1012 38.5155 29.9372 13.3878 3.13292 11.8564 1.96386 2.38924 7.74946 0.161974 12.5002 10.1102 154.924 70.9489 2.44014 12.6928 3.13697 0.886359 4.29355 0.00115193 395.211
-58.9065 0.0190123 3.46915 64.0215 6.14126 41.2183 33.629 10.5008 9.48999 13.0781 0.58895 4.43008 5.91909 5.68845 21.9555 5.73942 149.707 67.5361 5.99765 11.8765 7.59125 12.6506 3.03762 0.0007688 393.305
-59.1083 0.0260154 3.52619 68.356 6.14126 41.7925 38.4312 0.458012 13.7681 13.1161 0.632991 3.56036 9.56264 9.84873 2.53315 3.54572 166.089 65.4135 3.35193 9.92073 13.79 9.77242 4.38976 0.00527603 400.906
-58.8978 0.0249961 4.08284 68.356 1.26358 35.1237 46.7755 10.2186 15.4829 15.1679 0.471711 1.76086 0.371039 1.52663 8.56616 5.95943 161.953 63.3331 2.01851 12.0698 21.1882 21.891 19.6875 0.00157399 394.443
-58.8432 0.0251139 4.27004 68.356 1.5943 32.2949 46.7755 5.38048 18.4409 23.6666 1.23862 4.18826 2.73033 4.11711 2.68338 1.03198 169.047 60.3303 10.1253 6.54752 11.0396 37.841 6.33332 3.52744e-05 397.156
-58.9255 0.0218061 3.99945 70.4802 1.5943 38.5942 42.9182 6.81624 17.2107 14.8498 3.12355 4.87925 1.7878 1.52332 6.98809 3.03696 170.877 57.4134 8.24534 0.426734 9.22739 78.0631 4.96975 3.71899e-05 395.56
-59.0262 0.0225012 3.57615 69.4278 7.55201 39.1626 34.8898 8.11811 10.9585 14.8498 3.25621 2.73408 1.29036 14.122 0.866596 4.46024 159.491 70.0212 9.97444 4.58302 5.15444 5.21396 7.75074 1.41815e-06 383.858
-58.846 0.0104724 3.54974 66.9096 7.55201 39.1626 34.8898 7.51095 10.552 14.21 2.13034 6.39611 1.84344 16.8594 1.76526 10.6685 148.55 70.6379 1.38038 1.5809 13.5709 1.9764 33.9061 1.41815e-06 384.019
-58.7811 0.00517316 3.39966 63.9276 7.55201 46.515 41.4033 1.24429 16.1907 10.8633 1.48072 1.71013 2.49731 1.97761 4.88758 5.98505 163.197 74.6916 6.16635 3.87288 13.2884 16.4655 17.0335 1.41815e-06 386.643
-58.7628 0.0552884 3.47967 65.1603 7.55201 46.515 41.4033 0.790239 10.3335 9.18169 4.42471 0.803797 1.71282 6.4647 11.3883 9.86858 159.565 76.8376 9.06849 1.38408 13.2884 5.16401 30.0151 1.41815e-06 390.987
-59.1394 0.148419 3.01826 66.6862 7.55201 50.1201 29.6514 3.82399 27.0184 1.0327 5.2757 2.33167 2.13622 2.74763 6.05405 15.5929 154.999 67.5849 8.09838 1.65839 20.3714 25.976 43.1886 1.05984e-05 393.35
-59.0146 0.0560107 3.28852 66.6862 7.55201 50.1201 29.7776 7.11768 27.0184 1.44603 4.06925 2.74832 1.0839 1.82495 5.75171 16.4632 152.883 61.2416 14.3083 3.82067 8.19603 25.4191 16.045 1.83835e-05 388.496
-59.1095 0.0663969 3.44934 63.2728 15.196 52.3509 17.38 7.04388 14.9082 7.01296 6.73457 0.894236 3.77205 4.1744 6.76507 15.6639 159.046 63.1007 14.0115 3.11085 6.37207 21.719 16.4167 1.05968e-05 388.775
-58.8284 0.00656181 3.49904 60.3577 15.196 52.3509 18.9196 9.32157 14.6924 12.8287 5.60132 1.44558 2.7322 3.77631 12.8514 7.93809 166.348 53.8522 8.95561 4.03012 16.2226 20.1876 5.81714 1.05968e-05 382.687
-58.781 0.0874138 3.1787 60.4279 15.196 52.3509 22.6296 8.96452 12.3525 12.98 5.60132 2.47752 4.58355 0.336006 14.7161 7.72845 164.012 51.1584 9.22683 11.297 15.4021 47.7956 9.90948 2.07838e-05 389.319
-58.9595 0.0815969 3.38595 64.2567 15.196 48.2024 22.293 8.96452 6.8588 17.1247 2.59848 1.92654 4.89853 2.63238 20.18 7.98563 159.737 54.3388 6.24799 7.41855 14.4734 39.4616 6.93035 0.000546524 390.203
-58.633 0.0356476 3.27245 64.2567 17.0838 48.2024 24.3898 9.00006 6.95359 12.4967 0.61172 1.47525 4.86147 2.87821 23.4523 8.40324 153.881 60.7421 2.55763 24.9952 17.2243 5.77836 1.18016 0.000775348 399.294
-58.6902 0.0207229 3.33593 59.7144 17.0838 58.2693 18.8508 6.14304 4.38402 12.2695 2.48123 2.70122 3.85133 2.82901 30.8214 8.89392 154.133 54.3492 10.1313 13.0777 5.66236 1.29758 14.7557 0.00119739 395.943
-58.8362 0.0315831 3.53468 49.588 23.3116 54.7047 26.5637 5.78759 7.31416 14.623 3.8387 3.78565 4.25305 1.90789 11.0834 15.2589 161.567 53.8336 14.1695 9.84439 28.6937 4.29105 18.7386 1.68059e-06 389.409
-58.9397 0.00898619 3.38957 60.2814 19.1001 53.3796 21.7613 6.64354 9.68434 11.5337 3.25284 3.68182 0.942471 3.40617 7.20802 8.79914 176.637 52.2635 2.11442 7.56709 10.6761 18.357 30.9039 0.000185667 392.116
-58.592 0.0728528 3.47558 60.1708 19.1001 50.7745 25.3044 5.90596 11.62 5.7426 5.88535 3.22002 3.60332 4.49901 12.1592 4.65573 170.879 58.6701 6.85159 8.14467 21.6245 4.79477 0.987524 0.000739327 395.583
-58.6995 0.109991 3.343 60.294 16.0114 55.2363 28.9397 0.846085 9.44557 12.3594 5.95816 1.34859 7.25148 3.69801 11.9597 4.88844 165.219 51.6331 8.04501 13.0116 1.89781 13.3239 24.7736 0.00103301 394.22
-58.9671 0.127845 3.18148 60.9359 11.6516 50.7353 28.5735 8.3105 4.63155 14.6393 4.20499 1.65609 5.80145 3.51126 11.9469 7.24273 171.218 54.2302 11.1104 8.91549 10.2856 38.4207 10.5294 2.18246e-08 384.986
-58.6485 0.0771234 3.45271 63.1475 4.67165 48.9115 32.5596 6.82507 7.12378 14.9108 2.26436 0.724083 9.34553 10.3227 11.8055 7.77805 143.269 78.5449 5.43998 6.25393 40.3484 19.5564 7.48217 2.18246e-08 387.539
-58.8145 0.00685426 4.12007 64.3123 8.35903 52.8334 28.5596 7.88253 1.63025 18.1234 3.31273 0.761933 2.10699 10.4671 11.6441 3.15205 167.016 55.2768 14.1721 5.3021 28.7813 26.9891 8.54027 1.35781e-06 387.754
-58.7812 0.00264421 3.91253 66.0446 10.5984 52.8334 15.8062 15.9531 7.44907 15.5718 3.17087 4.41184 5.31262 12.6099 12.0054 1.84651 158.654 51.5826 7.38669 3.87228 25.3851 6.12681 12.3125 3.90546e-05 390.637
-58.7098 0.0385599 3.71638 65.4776 6.72614 52.6923 17.7784 15.8689 4.25817 24.9686 0.404124 1.82895 1.01407 14.2908 11.8897 3.0308 163.631 49.2566 18.691 1.25296 17.8522 18.9926 2.7449 7.08701e-07 387.156
-58.9998 0.0152882 3.36659 66.7646 6.72614 49.59 18.9689 11.2083 5.3439 26.4892 0.694462 3.13538 0.778445 13.1427 12.2511 3.0308 160.308 58.6948 3.54174 12.1842 10.2147 9.34916 15.6665 9.65657e-06 389.041
-58.7981 0.0797256 3.22317 67.0542 6.72614 48.5718 20.0622 14.7843 9.99267 24.262 0.826958 2.67144 0.816401 7.30396 11.998 3.0308 157.233 62.8039 4.8253 8.46419 66.8059 9.76894 7.64074 1.63808e-05 390.111
-58.9374 0.0351121 3.44396 73.2265 6.72614 48.5718 18.5739 18.6789 9.89353 13.8778 3.88673 2.65113 0.216432 6.19689 15.4432 2.25888 153.543 64.1411 3.20294 11.3868 28.9356 20.4184 6.50847 5.754e-06 387.779
-59.0511 0.0451444 3.42252 73.2003 5.99756 47.5229 20.3914 9.02076 15.6851 10.5225 4.67086 5.43436 1.13618 11.2611 12.0929 12.7671 150.391 55.7948 11.5928 8.7293 17.6736 52.6652 14.0293 1.8778e-06 390.339
-58.8552 0.0307096 3.57392 62.0239 16.1685 45.9045 25.3721 4.67745 16.2991 11.5512 3.45036 4.54103 7.84303 11.2961 12.5182 4.79072 156.176 53.63 12.9761 0.871395 15.8857 54.4203 30.5227 3.80017e-06 389.28
-58.6142 0.0626323 3.34862 62.0501 7.64713 47.4432 36.6877 4.22073 18.491 11.4366 1.20695 3.49105 5.04974 7.51977 9.4615 5.15977 154.59 64.2938 9.74552 7.15526 24.8589 8.57651 14.1683 0.000217384 390.718
-58.9826 0.0316299 3.2593 65.0643 5.31486 42.9925 36.5356 3.70916 17.9465 22.7618 4.4053 0.653016 2.36069 1.22689 5.64683 5.2112 160.624 66.1488 10.0959 12.5985 17.2084 6.43598 32.4299 0.000114969 392.204
-58.9555 0.0825622 3.17377 65.751 5.31486 45.8895 32.6012 2.37132 17.5026 15.4849 3.03224 0.468646 5.55316 10.8257 5.25998 11.1457 162.31 54.7661 7.74786 10.2337 16.1478 25.0228 5.15704 0.000308911 389.768
-58.8419 0.00593215 3.51043 63.4493 5.83682 45.8061 28.5362 10.2115 18.5913 11.6353 0.223552 2.36915 5.16961 19.7514 4.22606 5.37019 162.383 56.814 3.74217 7.73998 27.447 6.56662 3.17553 0.000971739 392.059
-58.708 0.0289487 3.34529 66.0738 10.6445 43.0419 29.2097 8.23932 21.0614 16.1797 5.51985 2.34868 3.2263 7.04723 2.23721 7.98576 159.621 56.3105 3.8532 6.70842 24.7995 3.7141 8.36243 1.12977e-05 388.311
-58.7857 0.0114861 3.42902 65.7368 10.6445 41.3205 29.2097 6.39045 15.1633 13.4687 1.46403 1.45188 6.68109 6.03463 13.7086 15.3076 154.513 56.1888 1.85284 11.2229 25.3921 10.0525 24.9735 2.60057e-05 387.958
-58.9315 0.105032 3.13939 65.7368 10.1433 48.5318 23.696 8.62498 19.3686 10.5731 0.72614 0.968893 7.02609 2.76669 10.8431 24.6811 147.901 58.2328 3.73288 11.6948 44.0691 3.83909 22.5743 0.000267929 394.597
-58.8293 0.13838 3.13939 65.7368 4.39112 46.1733 37.3875 9.48782 17.2583 4.90847 1.77506 1.15585 9.04297 3.38457 10.3729 22.8102 147.482 53.7687 1.64142 13.6302 10.4253 3.71943 9.19141 0.000711208 391.67
-58.6321 0.0258065 3.37542 66.8507 11.3048 62.6271 21.8424 14.1784 3.54333 0.539205 6.30824 2.33226 12.0082 2.63312 23.2182 2.05157 142.232 57.4962 12.5048 5.09893 49.1149 4.52672 1.5595 6.24352e-05 406.38
-58.9479 0.0420481 3.40504 64.3759 11.3324 49.9566 20.8782 18.1215 2.49775 11.8747 7.02792 1.73361 9.01086 2.41024 12.6666 12.7738 141.603 76.0721 11.3373 10.108 6.79893 26.252 15.3166 1.92785e-06 388.828
-58.9485 0.00595412 4.20524 60.4054 11.3324 40.3033 30.5691 20.1415 7.77406 9.75753 6.35225 2.58614 5.61381 6.1 13.7602 13.3447 141.434 71.8541 6.73921 1.33195 20.5512 30.9649 24.0112 1.1845e-05 391.367
-58.8577 0.0740825 3.45454 63.2533 9.46505 42.8916 36.1497 13.0984 12.3199 6.66016 4.24582 2.83296 3.12975 1.73274 7.77753 28.1947 137.592 73.7667 15.7833 4.7745 3.57321 12.6529 35.4974 7.99481e-07 386.001
-58.9557 0.0573504 3.31157 65.4612 9.46505 39.1462 38.1361 16.7167 11.8964 2.821 3.80197 2.10652 1.93529 2.12129 11.8966 24.3689 138.384 76.5224 2.90981 2.7959 4.47763 41.5892 26.7936 7.99481e-07 384.02
-59.1851 0.0347973 3.79447 65.2586 4.76829 47.0118 38.682 11.8461 18.039 2.94911 3.9491 0.288402 0.802694 3.19941 23.1308 18.0027 130.696 71.6392 10.5092 2.73044 13.8403 15.0388 11.8236 6.4148e-06 391.001
-58.8039 0.0630111 3.21458 66.1017 8.70455 47.0337 10.3068 14.5513 11.273 23.1467 7.0016 0.459879 2.09211 2.32085 16.1889 18.3762 143.155 81.691 1.06402 6.08503 8.4556 24.2861 31.9878 2.94708e-05 396.698
-58.956 0.0473689 3.33109 64.0985 13.2606 43.326 10.4441 11.3727 14.2415 24.9384 4.67254 0.881788 1.28804 1.11251 12.7539 21.4405 144.817 74.2058 3.78023 15.3402 10.5232 3.84726 22.814 2.77797e-05 394.389
-58.8452 0.0383942 3.53555 64.0985 16.4404 34.8264 28.4451 5.08915 13.0042 16.8433 0.990457 3.1953 1.37216 1.62873 12.2548 26.9502 158.037 56.9482 11.1397 1.22038 11.4896 62.6076 2.99132 1.67186e-05 393.408
-58.7702 0.00971466 3.49571 59.8988 21.1135 45.8086 22.2776 1.29342 4.46128 28.3516 0.292362 3.2724 1.25219 5.01125 12.5148 26.0987 149.152 56.9482 2.46468 13.9477 27.6074 49.7498 19.0551 1.8923e-05 391.021
-58.9119 0.00463626 4.13233 59.8988 20.679 37.2954 30.0682 6.96554 4.4872 31.3283 2.42579 2.68876 0.598841 0.922376 11.4825 25.3059 132.129 72.816 8.90997 1.41534 57.2055 15.678 19.6108 3.73885e-05 392.279
-58.9083 0.0973873 3.39637 57.5893 20.679 36.8758 30.0682 0.661662 11.022 33.6497 1.05201 4.67118 0.828607 0.349846 7.21185 20.4121 145.8 66.3787 9.71676 9.00505 19.0504 16.6773 15.6907 6.55894e-05 392.316
-58.8776 0.0682321 3.42636 61.6237 22.0485 38.355 26.648 5.20517 6.72106 19.762 1.57164 4.95665 3.68684 3.27557 17.2942 10.3941 146.288 77.2237 14.1267 6.49322 36.9625 48.1841 23.0849 0.000142236 396.543
-58.9335 0.0901268 3.25349 61.6237 22.0485 36.2574 36.0138 1.10061 8.16183 24.0853 6.02706 6.86916 3.40025 1.54806 3.89483 13.5928 148.506 73.8082 1.97613 7.92437 1.60996 12.8106 13.3259 0.000144213 392.984
-58.733 0.0879364 3.01801 62.5499 19.869 32.353 34.8961 5.09949 3.51569 24.7552 7.27495 5.83598 9.06623 1.21734 4.26276 14.5955 143.81 74.1469 3.06295 8.72208 22.9912 16.266 41.9915 0.00020462 397.099
-59.0594 0.0323499 3.90027 60.7351 19.869 34.6091 34.8961 4.20186 3.94017 20.7312 4.10425 5.53552 4.24828 1.37918 3.59328 21.795 146.024 74.5596 13.8121 5.76349 32.2236 5.0294 25.7945 0.000152092 394.621
-58.8589 0.0289855 3.92301 61.487 21.7182 33.227 35.9726 3.01124 9.98304 18.5815 3.90319 0.613792 5.49137 4.1791 3.59328 24.6371 155.443 59.3039 1.5808 5.74425 34.1367 6.06328 2.74444 1.12748e-05 386.906
-58.8561 0.0315676 3.25569 60.6745 26.0815 39.0038 30.3934 2.73035 8.67789 17.1865 3.2972 0.867396 5.98609 4.04104 6.57533 24.6371 141.941 60.6697 13.66 2.30123 21.8841 5.59864 11.8051 1.03288e-05 389.995
-58.5365 0.128811 3.06028 53.4354 29.1063 33.1474 29.7302 5.77923 8.57874 23.3314 3.53918 0.741084 3.47515 11.1437 5.54023 21.6094 138.674 79.771 14.5785 6.40145 11.3298 6.27582 21.6835 0.000217731 398.939
-58.8179 0.110877 3.16763 58.8319 29.7091 42.0496 19.2587 4.37394 12.5417 8.291 4.18824 6.48729 6.68896 11.7951 1.29436 20.2867 146.111 76.6755 14.2745 14.9305 8.50143 3.992 28.296 0.00179783 403.773
-58.9723 0.018798 4.12911 59.7147 32.8184 41.3804 15.4836 1.29395 10.6705 11.901 8.38181 1.61241 3.38745 10.5666 3.75253 21.0773 149.234 64.5279 6.18963 30.1699 0.897264 2.73721 97.4687 0.00128889 406.471
-59.3592 0.0818119 3.48655 52.5132 40.3647 42.5906 19.0267 3.57945 16.3691 14.7059 8.88365 0.283018 4.68539 4.97232 2.18751 15.6291 149.412 66.2396 3.43455 10.8749 7.91446 8.174 0.888421 0.000164024 393.166
-59.327 0.0560559 3.55636 50.4256 40.3647 42.8611 10.3694 4.59275 15.8282 12.3604 6.75084 2.38669 3.05973 6.09572 5.74016 11.0824 149.327 78.03 6.6695 6.58753 16.2399 13.0574 10.6864 9.97185e-06 393.124
-59.2458 0.0394677 3.58488 52.3535 40.4083 42.7457 11.5846 10.676 14.5446 15.034 8.78808 3.34634 3.89167 6.85806 1.88857 15.076 143.433 70.6261 6.17176 8.44213 9.1458 5.57151 45.3665 6.95154e-06 389.083
-58.7937 0.0672263 3.33443 50.5685 43.1012 42.7515 10.8996 8.94664 4.65216 23.8136 7.11448 3.80695 1.91273 8.70047 2.73248 1.27134 158.236 78.9658 5.19189 0.835245 43.3412 1.03754 13.8685 0.0002558 391.595
-58.8488 0.0171878 3.92604 46.9857 43.0385 42.9572 14.0476 11.667 5.73114 22.8019 10.275 2.50864 1.37894 2.70448 5.99917 9.79522 163.791 54.5406 15.2154 14.7882 24.2529 3.87556 25.6104 6.13244e-05 394.274
-59.0707 0.0395216 3.93241 53.2538 34.1624 48.433 14.2426 15.3001 3.29109 20.2697 4.81877 2.03086 1.8449 3.4214 10.6111 6.04925 154.27 76.4181 7.70218 5.94996 28.1772 0.435027 21.2181 8.11976e-07 387.425
-58.9871 0.0367037 3.36211 53.3608 34.1624 48.2561 12.8689 14.6679 4.21863 20.8029 7.83757 4.94732 1.07991 6.86439 8.9095 2.87707 149.653 68.2388 11.1017 10.3976 23.9505 18.2513 1.55374 8.11976e-07 385.003
-58.8503 0.0293113 3.37489 55.9475 27.5007 54.479 14.545 5.50694 8.45568 20.3989 1.91991 6.09313 0.845534 2.50719 7.18426 15.121 153.502 68.2982 9.92172 2.35825 22.5969 41.2133 14.3529 2.37891e-05 387.734
-58.8504 0.0707461 3.21173 55.7418 26.7469 54.479 12.4833 7.10378 5.71548 17.9167 2.22397 8.15525 2.24891 11.6218 5.47294 12.7727 142.783 75.3088 11.1104 5.51389 13.7397 6.76815 7.71002 2.32002e-06 388.696
-58.6258 0.0329142 3.45302 60.3651 23.3699 58.7979 8.03099 5.44633 15.4793 11.1574 3.799 5.58845 1.96434 10.6097 6.99277 18.4499 144.824 66.7912 21.3021 0.830517 4.57393 19.6654 47.7227 1.78189e-06 393.565
-59.1955 0.0383169 3.37776 60.348 12.7981 52.608 27.0915 3.52119 20.6553 10.8914 1.18488 1.95134 0.477229 8.92688 7.17581 17.0399 148.213 65.6501 15.0262 2.33129 29.1497 55.0159 45.027 4.96247e-05 391.929
-58.9035 0.0340069 3.36656 62.8887 12.7981 49.4952 27.077 12.0328 13.845 13.3293 0.7098 4.90155 0.729342 21.3973 7.04785 10.73 134.151 75.4917 14.8612 1.30893 4.18865 33.667 41.3895 7.30207e-05 394.223
-58.7916 0.0816788 3.25624 63.538 9.75596 44.1626 25.2809 12.2609 12.6594 12.7147 3.307 3.32302 4.49759 17.9029 9.26535 13.7179 139.173 67.3797 11.7921 10.836 15.0646 52.6618 32.1063 5.83015e-05 395.085
-59.0449 0.0313789 3.39355 65.1922 5.39498 43.1665 34.6427 7.29565 12.1342 20.635 2.21106 1.24099 4.96395 9.05571 5.58935 0.75712 156.95 74.1444 17.15 3.55231 41.5316 44.2288 9.06354 5.87854e-05 395.094
-58.9792 0.0523136 3.4207 61.7121 14.1281 38.9182 34.6427 24.19 1.91125 17.2928 1.55285 6.16427 2.0562 4.78099 0.183801 0.75712 159.191 74.0472 12.5617 7.19882 35.3015 39.4759 12.6882 7.03042e-05 395.146
-58.7509 0.0458871 3.45263 60.1327 19.6551 46.5677 22.7506 15.2313 1.85985 24.9844 3.68256 2.80274 1.23208 10.0595 3.21191 10.0223 161.761 57.4883 6.96799 5.49811 11.515 35.0404 16.7193 3.51284e-05 389.078
-58.9231 0.046019 3.56231 56.0973 21.8669 45.1485 25.8641 12.6934 8.44596 12.9023 4.98611 5.06128 4.20235 8.85602 3.59969 17.2734 154.166 41.1713 13.3376 8.08808 14.3319 23.6859 25.6422 2.42785e-05 391.993
-58.9948 0.0365609 3.44959 57.7634 19.5008 43.3063 23.8737 14.7704 8.62041 8.23717 3.9078 2.49982 10.0007 8.20091 5.5046 14.5184 163.29 53.5573 6.96001 4.72049 40.6166 6.20952 1.66102 9.17952e-05 391.098
-58.835 0.0388901 3.55265 59.1674 17.5049 41.7979 35.1527 16.3653 2.53383 16.3887 2.4681 2.21722 4.70303 3.9054 9.85081 19.387 149.609 57.589 7.76645 1.45256 15.0603 28.4077 21.8357 0.000128226 391.406
-58.7631 0.0243191 3.28447 58.9377 23.7923 28.9224 45.6443 14.5094 5.96317 1.894 2.08755 0.567572 3.88019 3.75467 12.8548 23.354 156.277 53.0812 8.02491 6.28142 7.67824 29.7251 43.8961 0.000154767 391.266
-58.7688 0.0339222 3.27169 57.5723 25.476 28.9224 45.6443 14.5094 9.48029 1.80571 3.27937 0.105507 0.825857 3.04823 12.8548 22.6934 156.456 52.7767 12.3316 5.36303 6.8359 19.5445 7.98989 0.000544085 389.824
-58.8701 0.0394221 3.80851 55.0475 27.4063 46.4678 24.1942 13.5753 4.07147 14.7312 4.37618 6.61481 1.44544 5.55764 5.94095 7.19783 159.206 63.0871 2.42768 17.0993 9.18943 15.5969 9.64739 0.000153307 390.89
-59.0278 0.0208272 3.50409 56.3587 28.1234 46.7991 24.6462 10.6949 3.24824 13.8329 3.56115 5.2266 1.63132 11.7744 3.7795 6.87069 159.391 63.0088 4.59794 10.2094 2.91626 3.89182 6.36491 0.000174627 386.363
-59.0211 0.0259041 4.00528 56.4264 30.6213 49.7211 22.9098 10.1062 8.31149 2.43256 9.2598 1.65266 0.888984 12.9723 7.36856 9.02208 151.248 64.866 3.29486 19.4253 39.5881 8.60938 11.149 5.56211e-06 388.653
-58.8799 0.0405995 3.39608 55.6932 28.5672 50.4908 11.9692 4.76021 6.88085 24.3562 2.77137 0.781674 0.759896 12.9723 6.77896 16.9978 150.345 59.3289 4.45022 15.9685 17.7874 2.32028 21.2375 0.000144288 390.742
-58.8882 0.0833604 3.38999 55.8922 31.1538 50.8247 13.401 7.99246 5.89957 22.1019 1.00933 2.38764 1.03215 10.3956 5.85557 20.3916 151.822 59.193 10.9738 15.5368 3.85712 29.3674 10.2826 5.13817e-06 389.044
-59.9122 0.147492 3.18025 55.69 27.4416 41.9972 16.9225 11.0338 6.20263 26.4899 2.22368 2.02526 1.03215 8.67935 11.3388 12.6741 159.148 55.2854 13.3232 1.43245 42.5598 14.2478 35.6996 5.13817e-06 394.034
-59.1707 0.0909541 3.70066 55.3474 27.5318 39.7686 24.4285 1.70276 0.705251 25.4654 11.0531 2.88906 2.15144 5.54205 15.1767 12.9462 156.796 54.4996 14.8732 3.27844 35.2503 57.956 16.8561 5.13817e-06 396.145
-59.2006 0.0914374 3.51207 56.7907 26.3626 31.8626 40.2369 10.2283 2.54064 13.6174 13.2704 2.29999 5.41562 6.62234 5.22697 21.4962 143.066 68.8194 1.05641 4.48949 42.925 20.0479 3.28769 5.13817e-06 396.358
-59.0743 0.0342875 3.60661 57.6583 29.4183 25.0562 37.6716 13.4663 1.50249 13.6824 16.45 2.16307 6.73525 4.54104 5.24767 12.4486 142.608 68.04 6.4491 6.66421 15.4774 6.63081 4.14813 0.000357183 393.349
-58.9079 0.0907486 3.29102 59.9091 28.2442 25.0562 36.7651 10.7315 1.56563 21.1934 14.5729 2.13162 3.61224 5.88972 1.91652 10.2082 148.688 70.3737 8.06972 5.12923 0.714505 18.3117 9.72643 0.00231991 394.391
-58.7924 0.0409004 3.31543 58.4804 25.8006 25.0562 35.2154 8.45005 1.92457 21.1318 4.3193 3.45987 7.53808 6.51696 10.0276 16.2441 148.688 66.9614 0.975401 7.26827 15.9522 13.2876 0.983169 0.00285937 394.999
-58.8569 0.0102509 3.44187 62.0606 28.8739 26.0038 33.8617 0.724549 6.44013 16.9177 3.96175 6.94113 5.44978 2.85255 5.47351 31.1403 141.98 62.7329 2.58533 8.48709 21.7953 7.3592 8.77099 0.0018713 396.886
-58.9708 0.0275519 3.54483 50.3095 38.9822 20.8606 35.5714 13.8099 11.2958 11.4139 0.495744 6.6221 7.03237 1.07677 9.95416 25.7827 134.099 79.0948 5.78277 7.57294 8.26153 8.11401 8.871 0.00293298 397.839
-58.9177 0.0293375 3.63769 52.2879 35.9808 14.1991 63.3684 7.84438 8.99994 10.7247 2.55232 2.12934 7.36181 2.31208 0.099246 19.6644 138.451 76.7505 3.03065 2.29954 6.28381 5.2376 12.046 0.000118923 392.142
-58.8044 0.0260711 3.50375 51.9358 35.2032 11.1422 57.076 5.39485 12.2442 11.4078 1.63271 1.23304 5.32082 7.37671 1.01402 14.2225 154.805 76.164 1.40522 5.33111 7.04441 22.5457 18.7838 0.000107946 386.549
-58.6509 0.00837898 3.87761 48.8943 42.5815 10.1185 51.7202 6.27957 10.6392 11.9 6.05223 5.03971 7.21173 6.93524 9.89136 6.53272 145.838 77.959 4.09696 9.36757 1.34441 39.5774 14.7529 0.000289086 396.762
-58.8395 0.02049 3.54959 50.5027 45.2525 5.69351 49.3818 5.28994 24.0001 2.99215 4.90492 2.79268 11.5941 10.3347 0.526585 8.94637 145.891 77.8063 9.00814 6.22185 21.4329 18.3177 8.72741 0.0024862 393.357
-58.8765 0.0125205 3.39948 48.3777 48.9832 10.6988 49.3818 1.26859 21.3338 4.72789 1.6806 1.73306 8.84105 7.83815 4.56831 13.6692 145.891 71.5152 6.989 7.28039 32.3782 1.43749 4.08315 0.000943575 391.348
-58.8655 0.0594758 3.41994 48.4272 45.6801 7.31326 60.048 3.60061 23.3967 1.36447 2.57281 1.71011 1.60649 9.90607 1.16117 13.2704 151.59 75.8536 12.5083 5.13025 40.79 3.86923 7.2549 0.000435858 394.322
-58.7306 0.0973093 3.44506 48.3971 45.6801 7.31326 54.0282 9.19819 20.9479 1.72804 1.87847 2.03984 4.95816 6.86282 0.793251 8.89309 151.59 76.9753 5.34151 2.94657 6.99956 10.5197 15.8827 0.000357316 392.089
-59.1779 0.09791 3.39149 49.4602 52.8779 7.713 54.0282 6.15398 11.952 2.28419 3.99341 0.781732 7.54387 2.3693 5.76651 9.08578 151.59 79.7237 2.10529 5.89498 2.18225 9.58548 32.8919 0.000511748 396.498
-58.8301 0.0982661 3.53996 60.7974 25.8029 2.33036 45.9117 27.7156 18.1498 4.24616 1.54735 4.21308 0.900593 4.50749 10.4638 7.60027 157.573 75.5122 2.66734 2.37122 21.4466 12.7195 14.6719 0.000145671 396.969
-58.6957 0.095578 3.367 57.3499 25.4085 9.41528 55.8534 27.7277 12.7578 2.88611 3.37211 6.52165 1.41666 7.38207 7.56418 3.16564 148.077 73.8051 7.75701 2.88504 2.31479 21.5109 48.4365 1.95722e-05 391.068
-58.8076 0.0325139 3.28259 55.9029 25.4085 22.4189 46.5744 31.8801 5.72109 3.25679 3.37211 3.75052 1.01617 6.10151 5.39202 5.20656 149.383 78.3647 4.00112 2.31555 5.92156 34.3518 44.0584 0.000109246 392.37
-58.99 0.032959 3.38386 56.3361 24.5296 26.7638 45.6003 25.2445 3.80099 5.93049 5.81142 4.76853 3.66935 4.11786 9.38999 5.09731 149.221 73.4786 9.32063 2.21217 11.3984 25.6244 19.0645 0.000544027 389.283
-58.9206 0.0599142 3.56678 54.6691 28.9811 23.821 45.1914 15.0208 8.6523 8.49664 2.94539 0.273681 5.44587 11.2338 7.76059 8.94973 147.801 67.0155 17.4199 2.21217 2.27537 13.4426 19.9267 0.000148258 389.747
-58.9295 0.0650232 3.4884 54.3497 30.0361 25.0549 36.8755 17.7298 8.6523 12.8891 0.718337 2.79535 5.41132 10.2094 7.5508 8.25741 147.956 67.0796 5.12563 7.7464 29.7616 11.183 8.3651 0.000104608 391.972
-58.7917 0.0130181 4.24306 55.3785 35.0322 23.2412 37.2273 20.6291 5.70135 7.34909 4.24747 4.64629 3.40035 6.02627 6.37542 14.5765 158.021 57.5294 3.9904 4.41559 9.35919 7.2186 8.62272 0.00020157 387.997
-58.7824 0.0149526 3.91944 55.7573 35.5324 25.3217 39.2485 12.7753 9.30724 4.23393 3.20522 4.21144 4.12126 1.85269 7.87541 13.8694 154.909 67.5437 6.10475 16.2823 1.98336 43.229 6.05279 0.000604864 391.847
-58.9614 0.0236061 3.45367 54.9951 32.6112 25.3217 36.4459 16.0763 8.08285 7.39928 5.86173 5.27516 4.09489 2.98781 6.99108 13.5578 152.27 73.2104 2.5482 6.05165 22.7053 34.7392 25.4428 0.0010574 391.311
-58.8903 0.0351929 3.31619 54.8259 37.068 25.3217 35.8066 11.1154 20.5793 0.337962 2.67931 5.08573 4.76176 5.79091 10.4058 7.2843 153.993 62.2027 4.64984 13.2376 10.5475 28.9892 22.827 0.00038894 390.698
-59.0079 0.0334676 3.22695 55.0892 39.5524 24.8201 31.5743 13.6578 19.5811 2.67068 0.701282 2.51193 2.86962 5.99242 10.0975 8.5482 153.244 69.943 3.7518 8.16587 4.3528 30.4171 17.5871 0.000219993 389.236
-58.8087 0.0186162 3.43524 53.7154 39.8571 26.6729 37.9705 14.7487 16.8433 1.94811 0.701282 1.77684 3.30718 6.49293 9.95999 6.14733 151.301 71.8677 13.1268 5.42982 27.238 5.12649 1.1392 0.000382222 389.059
-59.0211 0.0214379 3.37399 53.0543 36.6791 27.314 33.1482 15.7586 18.7303 1.62213 11.0688 0.156877 2.27539 4.15585 9.00836 3.33848 152.458 74.3776 10.0071 6.02161 32.48 13.54 8.78222 1.35683e-05 390.537
-58.8336 0.0306574 3.39319 51.9008 36.0373 20.4807 34.2548 1.15181 42.4866 5.48966 5.11634 0.240964 2.11818 2.58483 5.26749 11.8008 155.181 70.0777 15.4075 1.50939 22.1426 28.1581 9.96915 3.48225e-05 392.99
-59.0474 0.0169946 3.62671 52.6591 35.7281 25.2543 38.7421 4.61118 21.6126 5.73962 7.63895 0.649661 2.34083 9.67653 1.80284 8.07785 160.197 65.2952 2.24519 7.10989 17.9963 9.65301 13.9818 2.79893e-05 385.468
-58.8237 0.0144363 3.82125 53.3668 33.7306 25.2543 37.9073 18.9391 6.61668 5.2582 4.9727 0.248674 3.30344 9.04043 4.68703 5.54059 162.49 65.8594 12.2716 9.44502 17.3455 34.9642 5.44377 2.31247e-05 389.409
-58.8144 0.0137386 3.28899 52.7549 32.3474 31.367 32.0379 18.8988 12.4195 8.46012 0.728698 5.16055 3.61211 10.0843 4.53244 4.77479 157.083 67.3782 3.1188 7.34255 36.1003 8.37172 9.96506 4.2453e-05 388.143
-58.7885 0.0136861 3.67181 52.8312 38.7905 44.6927 18.2789 20.7769 7.74769 1.51083 1.81177 1.40531 2.73973 7.34438 5.56822 6.6227 168.328 60.9719 2.71687 19.9473 46.6933 14.8805 26.9767 5.36895e-05 389.691
-58.7912 0.0176853 3.53118 49.3341 41.928 37.7326 22.5878 25.1868 14.0971 1.02874 0.568125 2.40075 1.78214 6.79505 4.89404 1.65677 171.136 56.6178 4.51693 1.13064 50.9727 0.889081 32.5124 1.7144e-05 390.19
-58.9886 0.0289626 3.41108 51.4582 42.6829 35.5954 15.136 26.5133 13.5756 0.638126 1.57981 11.9076 3.40418 0.295968 3.78314 2.85248 175.319 49.2879 17.8526 3.74393 24.9789 11.141 7.74667 5.78265e-06 389.503
-58.8419 0.0264358 3.58791 52.4244 43.4528 35.5954 14.3022 23.2179 14.772 6.21463 0.866398 8.55862 3.49411 0.777486 6.28019 7.23064 167.477 51.9693 4.8466 7.41202 41.5694 9.86118 5.56396 8.14884e-06 387.824
-58.9498 0.0305018 3.29788 52.8402 43.1108 36.7226 12.8582 7.32378 2.26848 25.9714 6.91301 2.32295 2.24637 2.54052 4.36421 6.07153 169.418 62.5514 7.86144 8.62418 12.1027 5.27998 11.5231 2.47338e-06 385.856
-59.0072 0.0181881 3.80523 53.0703 44.1903 29.1239 19.6406 7.30754 7.6089 16.3988 11.7824 4.41181 3.69083 5.45742 4.88769 12.6496 160.582 60.3026 0.331097 3.18962 29.0422 26.9025 15.6574 2.47338e-06 389.445
-58.8667 0.0350281 3.62984 53.0689 45.2849 29.1239 23.5742 8.85005 9.20872 11.3139 5.39928 5.16113 2.82978 12.6324 2.78972 12.6496 161.012 59.0681 2.89698 8.16027 2.55443 6.43055 19.3262 2.47338e-06 384.178
-59.0141 0.0247767 3.66647 52.7651 44.6055 33.4808 21.4016 6.08244 8.84259 11.6781 4.09608 6.27481 3.2228 16.0131 4.59218 4.44507 166.461 56.3619 0.59543 8.32469 12.555 2.36059 35.3745 2.47338e-06 385.472
-58.8789 0.00343869 3.66594 57.5364 44.1492 33.8553 17.6922 4.23333 12.4191 6.05544 3.97564 7.07269 3.24785 15.5852 3.66364 6.758 168.167 56.8303 2.99314 3.57669 5.00785 12.1938 10.6124 2.47338e-06 387.504
-59.1716 0.0561644 3.36529 58.6307 44.7044 30.6936 10.3023 8.63046 13.3668 8.08543 17.735 3.91427 1.24371 11.3656 6.07789 1.26706 155.892 44.0997 8.3476 13.7347 11.4014 13.3546 8.62449 2.47338e-06 395.476
-59.1864 0.0456828 3.51327 50.2097 54.499 25.5076 10.6767 10.9905 11.9073 11.8611 12.8667 3.13202 2.99126 9.20187 3.27955 9.20494 154.963 69.4097 1.99719 5.05585 16.1986 27.3765 11.0433 6.85226e-06 390.091
-58.8967 0.0239542 3.55196 50.8117 51.1157 31.8793 13.1815 11.5704 15.6442 12.832 3.66346 1.55049 3.07914 10.0965 2.76253 6.69668 155.47 69.2905 12.6316 8.46012 3.7497 20.2736 26.0451 6.0743e-05 387.537
-59.0034 0.02162 3.58984 50.4388 57.7482 32.42 8.51375 8.22159 13.2743 14.033 4.95635 6.2501 0.464041 11.0257 6.20499 7.1826 160.266 57.3173 14.5593 0.986549 3.64408 32.8348 22.835 9.15155e-05 392.063
-58.8897 0.0211414 3.59556 49.969 52.8888 25.9125 16.2201 19.3643 6.58851 14.1182 6.23652 4.17938 2.71531 2.36976 4.08067 17.4567 156.474 56.2375 2.41376 9.99567 23.3467 5.01338 34.5699 9.20532e-07 386.312
-58.7532 0.00890022 3.45065 47.5171 52.4788 21.3473 34.3751 8.2945 9.66259 11.6228 5.78703 1.57103 2.03258 5.99988 1.16928 16.7816 157.435 72.0598 2.12936 5.15983 17.2866 1.99163 5.94417 3.60571e-07 382.651
-58.7856 0.0509734 3.27369 47.9603 55.3945 13.5953 34.2001 10.4739 12.6676 9.15331 2.7426 4.21097 2.39401 11.475 1.77353 12.0206 151.954 73.3182 10.1842 5.05189 7.48958 22.4715 43.2051 3.60571e-07 385.218
-58.8988 0.022514 3.46108 47.7795 56.5455 13.0836 35.1038 10.2373 7.61746 13.191 4.21722 3.15809 1.96558 10.3017 1.09891 14.5157 149.765 71.6993 5.04394 5.05189 12.7682 47.1717 15.263 1.59612e-05 383.731
-58.8831 0.0204465 3.81161 42.1926 56.5055 16.7777 35.1038 8.39339 10.2704 14.1359 4.15974 3.62072 1.92982 7.20157 0.258767 19.9584 164.016 48.9765 2.59021 9.44229 62.2774 37.6454 25.154 5.95463e-07 392.698
-58.8924 0.0174096 3.53891 44.369 55.2472 16.7777 37.1007 15.9896 1.90403 9.30138 1.39553 4.01325 1.20961 4.67357 3.42414 21.3457 154.79 67.7708 4.43635 8.5939 36.6822 84.9965 10.4452 5.95463e-07 388.397
-58.7386 0.0223559 3.53941 50.4485 53.6764 22.442 31.2612 18.6293 3.97884 9.47002 3.59437 4.51903 1.16254 2.89669 4.84788 10.7055 151.947 71.415 2.13989 7.36933 41.1173 17.0504 11.9814 9.59854e-06 388.002
-58.8553 0.117767 3.36848 55.1995 50.1599 15.1354 25.6851 15.098 15.8583 7.86476 3.16558 4.37652 6.31553 4.83782 1.54709 10.8957 157.226 72.3595 0.489182 5.75121 4.4576 47.4494 15.9578 7.96515e-06 393.355
-58.7328 0.103528 3.33548 44.348 56.4989 27.6363 18.4456 19.4808 14.2618 4.95694 4.34617 6.92398 2.28093 4.71799 2.85968 7.46394 158.899 66.2796 8.7503 5.37135 11.5641 60.1136 15.9573 6.51655e-06 389.828
-58.7035 0.0041122 3.50183 52.5148 55.946 28.3593 7.32742 18.5731 10.562 5.62244 9.59813 3.62451 5.20729 7.98328 4.74712 14.0318 147.034 54.0924 10.1994 18.2501 2.79481 55.7531 5.79887 1.52391e-06 390.427
-58.7112 0.0595534 3.25136 49.1364 56.5371 25.3858 11.0357 6.98129 5.39245 20.8641 4.49009 3.24325 4.27117 11.7888 5.61894 17.6576 147.094 75.2141 8.09752 7.43304 8.31068 20.3948 5.79887 2.01794e-07 388.492
-58.976 0.0990244 3.28261 46.5043 57.4772 14.3463 20.4554 7.55942 5.31868 18.5419 4.2382 7.82638 11.2185 10.274 3.18058 21.3135 150.163 61.391 7.54854 7.95951 10.0148 8.39571 11.8837 7.48852e-08 392.802
-58.7425 0.0949336 3.39029 45.1029 56.7042 45.9221 6.46329 4.92082 1.36336 6.81355 7.9408 5.71135 12.1476 7.08617 11.4141 15.7358 144.156 69.8894 4.58416 1.99995 17.1755 10.9126 1.10588 7.48852e-08 390.768
-58.7327 0.042674 3.47071 42.4727 60.5864 38.9491 4.1306 4.92082 3.42534 7.89848 15.8988 5.66511 10.1012 12.4318 3.35192 15.6281 147.877 73.5811 0.72545 1.37763 25.6209 14.9889 25.373 7.48852e-08 388.788
-59.0677 0.128183 2.89807 57.5732 41.9853 38.0772 5.8743 6.26802 10.143 6.7145 14.9739 7.30664 9.40389 4.70287 1.17796 17.9675 151.128 69.1076 11.2555 0.640627 12.0746 16.4943 20.7041 7.48852e-08 395.374
-59.5104 0.0668337 3.47879 46.0268 56.3204 43.6807 4.54678 2.51315 12.8627 8.01334 2.13871 4.89188 12.6758 4.01051 0.982462 17.3143 158.062 71.0375 0.748226 3.70341 5.64973 20.0219 19.3104 7.48852e-08 389.214
-58.7745 0.0699775 3.20355 45.4507 56.3204 43.6807 12.6585 4.64113 9.87855 0.894404 7.50284 6.70197 3.73131 4.01605 6.19616 22.5545 149.848 74.1284 8.22121 2.72434 10.4189 9.25251 12.638 7.48852e-08 387.383
-59.027 0.0837007 3.12529 44.6963 55.6491 43.6807 13.9407 3.43082 16.9866 4.25353 8.52847 6.39952 0.762509 4.00799 2.08101 26.1151 142.459 76.5102 1.29146 8.87251 9.02378 17.9275 10.0128 7.48852e-08 387.848
-58.7858 0.0910173 3.48847 46.9465 55.6491 40.4683 14.387 2.57098 18.9715 2.43485 1.7903 5.28447 0.762509 3.92437 1.23914 40.6568 139.21 70.6343 1.01533 1.26979 6.03933 23.8852 11.5852 7.48852e-08 388.659
-58.9725 0.0294072 3.4228 47.7433 48.966 32.2719 15.6206 5.08404 14.8704 16.1486 3.03213 6.41964 1.70929 4.98206 3.8935 30.2432 137.912 75.981 0.42816 5.32766 0.709243 51.0064 12.3745 7.48852e-08 383.717
-58.9265 0.0406149 3.64441 49.3257 42.9461 38.4803 17.6396 10.8751 8.34118 15.9512 3.31963 3.49452 1.71486 8.25635 2.68504 29.2451 137.95 70.4505 0.918291 3.11578 10.9124 8.00975 36.8912 7.48852e-08 382.335
-58.9418 0.0752801 3.30651 46.2441 50.2928 35.6017 17.6396 16.1404 8.24173 13.9643 2.67719 3.09567 1.48161 5.47885 2.68504 21.781 146.274 68.5876 0.528425 15.1739 8.5297 16.5464 13.0281 7.48852e-08 383.376
-58.936 0.0770048 3.17488 53.2684 44.872 36.3828 14.3722 15.5154 6.74052 14.3861 1.9319 6.00494 7.80992 5.38719 8.19548 15.5788 140.179 68.4359 4.346 8.15461 14.3505 3.07551 17.4543 3.55617e-06 388.633
-59.2856 0.0352896 3.45199 48.0444 44.7324 36.6117 16.5827 7.48611 14.0019 17.6417 2.33919 4.84265 8.80027 5.36019 8.19548 9.40002 146.961 68.1334 9.15343 6.8224 43.0936 10.7675 30.3393 3.55617e-06 391.927
-58.9318 0.0528317 3.4134 51.4128 54.0306 37.1596 1.45547 6.70168 14.2616 19.8192 2.40726 5.38224 4.95038 11.0321 8.61886 11.4374 147.441 66.7589 4.42974 1.89898 2.2423 2.63318 8.78405 7.64213e-05 390.183
-58.8851 0.0412228 3.53563 52.863 55.8243 39.7041 0.17331 1.82011 8.52015 29.455 6.05917 4.69209 1.38572 7.03276 8.90079 10.858 143.824 65.4117 2.94851 3.95575 16.3019 13.1068 33.6389 0.000168569 396.489
-58.7792 0.0113068 3.51003 48.9372 50.54 38.5427 1.36709 1.82011 7.53914 30.5933 13.453 0.623131 3.35273 7.65069 3.96142 12.3205 151.017 54.4068 12.2926 16.3934 7.59324 6.41356 34.3288 0.000122961 393.367
-59.2166 0.0547867 3.50346 44.0843 57.1848 47.7729 4.68319 0.535536 9.08325 18.181 6.89393 0.756347 3.20272 9.1916 8.37659 9.03674 155.184 63.6788 4.00852 10.3438 7.63553 19.1572 27.8028 0.00038558 391.877
-59.1724 0.0347067 4.1477 44.0843 53.4842 35.5494 19.6673 2.27541 7.83927 16.9811 9.90338 1.12062 0.878123 13.925 6.68056 6.87399 154.856 66.0319 1.41033 10.4037 6.49047 7.8764 85.3579 7.09143e-05 393.914
-58.6513 0.0765244 3.22692 51.0744 55.4549 34.2908 19.3275 9.79895 2.36357 8.25664 3.49055 3.00521 1.24426 18.6853 7.2215 11.6401 143.863 72.6299 8.10693 12.3662 2.68515 26.172 34.2369 0.000105824 395.4
-58.9339 0.13634 3.18754 49.2877 56.6689 35.1696 12.5403 8.75527 2.36357 11.4605 11.1017 2.70686 2.64701 8.08849 13.1133 6.48383 150.506 75.5292 8.25807 14.9311 4.45544 13.3597 25.9775 0.000106099 393.486
-58.9253 0.0475801 3.37296 52.7231 52.556 39.4395 12.9167 10.136 2.219 12.2398 7.05348 3.02636 1.86904 6.811 7.07674 5.88907 159.592 49.7235 9.33565 13.0618 21.1362 6.5638 19.0106 0.000105959 391.797
-58.927 0.0307746 3.31625 53.8664 41.8061 38.8223 7.68434 13.3272 11.8183 12.0584 5.22431 4.69346 2.44901 10.5034 9.83083 1.46652 154.087 71.3508 12.054 1.50294 15.6945 38.3453 17.0661 9.80145e-05 391.947
-58.9281 0.0305258 3.35339 55.1169 33.0793 53.1237 5.66975 19.0291 7.78713 15.0548 3.75448 1.32164 1.04262 5.00366 9.54591 6.32433 156.341 69.6878 6.61913 1.55105 11.5514 29.1747 84.8135 5.28484e-07 386.177
-58.9423 0.00315684 3.8151 51.3457 36.3266 27.5551 27.4595 15.0621 11.2357 22.0114 3.64897 2.60426 2.29794 10.082 8.67871 2.89509 147.883 72.3905 9.08824 0.828592 8.36861 35.9002 41.9435 5.28484e-07 391.334
-59.0218 0.049135 3.66262 50.9779 36.4204 27.5551 32.0373 7.91301 23.6503 10.4266 3.5948 5.07931 2.00963 5.15822 9.02785 6.62256 150.902 60.4509 6.78616 7.79185 11.0628 1.99493 3.3889 5.25452e-07 389.391
-59.1377 0.0326199 3.69597 50.4883 45.2087 16.9636 38.7802 3.5281 20.049 6.9041 7.4382 0.338567 2.73548 6.3321 9.6671 3.18709 159.032 78.6959 3.69178 0.824292 11.8667 14.1024 27.565 5.25452e-07 384.523
-59.1722 0.0466048 3.61802 48.3349 48.2647 17.0006 40.0933 5.3201 19.7964 2.35131 8.01212 0.877476 2.89703 3.81204 10.412 7.18945 157.628 75.275 8.77188 4.49121 14.4718 28.1344 20.6563 5.25452e-07 385.528
-59.0137 0.0402555 3.38925 52.9773 43.9312 12.755 40.2804 5.3836 20.146 7.01378 6.11525 3.71574 0.524857 16.7713 2.84385 6.79885 152.991 72.2648 5.0454 2.9421 16.3344 20.6081 19.7346 1.39994e-05 384.277
-58.655 0.0547606 3.29259 48.572 45.2013 15.8111 42.6301 5.25913 18.1155 7.87434 5.22503 3.88623 2.31547 19.8953 3.3418 4.13112 151.727 64.568 5.11712 1.14279 23.134 1.13686 5.21346 2.31134e-06 386.455
-58.9003 0.0455564 3.41601 50.024 41.5369 20.4141 38.7108 9.49396 18.1155 5.53738 4.2796 3.94015 0.334218 19.6299 4.07339 4.82429 157.323 64.3323 4.41918 8.44111 39.3305 12.8043 10.9207 2.31134e-06 384.511
-58.777 0.00959817 3.4003 50.024 41.3114 24.6837 36.119 6.55227 23.9748 3.19642 4.08702 1.67816 0.711855 21.4744 11.0841 2.51358 150.775 62.119 0.975022 9.14205 20.8417 29.1415 13.5333 2.31134e-06 387.78
-58.9304 0.0107033 3.59652 52.4415 41.3114 26.8019 34.925 9.7632 17.0502 2.66757 2.64476 1.04335 2.65102 13.8529 8.82758 3.36707 155.697 51.2296 13.5156 11.9527 38.1646 26.9478 17.2712 2.31134e-06 386.006
-58.9374 0.0127181 3.80916 57.1402 41.3114 26.0822 18.6553 27.0222 12.8813 2.12546 1.05113 0.261444 0.98179 9.72473 7.18508 6.23162 171.795 51.8279 7.34243 11.1219 11.5369 16.0505 12.8222 9.68501e-06 389.251
-58.9731 0.0196324 3.54126 52.8711 41.3114 22.638 26.4818 27.0222 12.0291 2.12546 0.386909 3.86983 0.98179 14.6204 4.54803 4.77427 170.513 54.0956 1.67558 12.486 21.6616 13.0887 1.11554 9.68501e-06 387.979
-58.9167 0.0196324 4.07542 52.1657 39.3518 31.4514 19.9557 31.8617 13.7534 2.12546 1.51905 2.6999 2.29696 10.3953 3.49159 11.0366 159.339 59.8393 8.81818 6.38951 15.3524 20.4438 12.4704 4.34043e-05 390.603
-58.8055 0.0373731 3.66803 52.1657 45.8536 31.5166 17.0053 24.2064 15.9048 4.08413 3.70128 2.71346 2.29696 7.74629 3.60294 9.07043 149.132 80.9577 3.3374 2.96643 1.26493 20.552 13.2932 6.42325e-05 389.644
-58.9225 0.0235093 3.43886 49.7427 45.8536 32.2772 21.471 12.1688 16.6429 4.12416 2.39382 1.98779 2.16469 11.3338 16.6577 19.0257 143.395 53.6407 1.94136 19.3434 0.609601 21.1577 28.0665 6.42325e-05 393.388
-58.8986 0.057416 3.43504 52.6542 36.5261 34.5182 31.0133 13.1261 13.9636 6.79882 2.42696 0.973158 6.59661 10.5302 8.1608 9.92845 144.857 66.9587 4.09476 7.63444 8.89708 29.3502 30.0247 6.42325e-05 391.18
-59.0849 0.0793243 3.45565 52.6542 36.5261 32.8705 30.7975 10.053 14.7789 6.15381 3.02404 2.64097 2.50162 10.7739 13.4501 6.25539 146.097 78.6571 0.554458 3.92856 46.4585 5.7438 17.984 6.28182e-05 390.349
-58.7174 0.00440446 3.58901 52.6542 36.7489 32.5554 30.0873 10.2308 16.1129 6.15381 3.19297 7.33088 1.62147 9.52789 13.4501 7.09793 142.922 74.4401 6.02941 14.9998 35.5172 8.50346 18.9886 0.000358207 392.702
-58.7049 0.0683306 3.41181 53.6549 36.7489 27.8086 29.765 11.1384 17.2607 3.96533 7.04813 8.3297 0.790545 10.5083 9.99894 12.1584 136.391 72.5087 2.51718 19.8351 16.5883 1.81166 2.91262 0.000358207 396.117
-58.8266 0.0430363 3.44778 51.6196 36.7489 34.2497 33.5455 6.89479 14.7116 3.67561 6.34686 2.88498 1.52743 18.9347 2.98292 11.9707 141.77 77.1856 21.9757 5.83565 7.47537 22.0898 21.6191 0.000119314 393.405
-58.9707 0.0554977 3.4858 51.6196 36.7489 34.2497 28.5651 24.3731 14.3619 3.72484 2.87266 0.171907 4.71829 11.046 2.81022 1.74493 155.717 69.849 3.38191 6.17548 35.4314 17.3863 11.7118 0.000119314 390.388
-58.6609 0.0358884 3.41171 56.2614 33.6909 34.8726 21.868 24.4979 12.5968 3.7807 0.649927 3.23439 1.72489 12.9984 4.83967 11.6259 150.104 67.2652 0.650663 5.81684 32.343 10.367 9.0099 0.000826408 391.238
-59.0673 0.0309393 3.95648 52.5078 34.9681 35.6027 34.1259 8.26974 10.6686 4.53314 6.65051 3.62883 1.82486 6.41015 4.50734 15.7843 150.163 75.8159 1.46336 2.89313 31.2809 9.2007 9.0099 0.000138324 388.663
-58.92 0.0390708 3.38604 54.8022 34.9681 31.3437 36.6816 12.8037 9.66306 7.83243 7.80036 2.01072 3.70847 6.65776 5.38028 4.88232 158.162 61.0598 1.89002 5.95524 31.3487 2.91557 7.06558 0.000105385 388.667
-58.7754 0.0286898 3.23114 52.9171 34.7939 31.3437 36.6816 9.81866 4.84837 6.7334 11.4871 1.82854 1.73456 5.96771 9.89326 13.8211 145.327 77.2073 8.11588 0.690762 31.2974 22.2205 12.8329 0.00225193 394.693
-58.7359 0.114619 3.24036 53.7025 34.7939 31.7008 32.8337 11.7344 0.18505 8.52657 14.9797 2.11416 4.35928 2.62124 3.51878 21.9891 146.317 73.9195 6.02784 3.44061 30.7811 27.9979 8.72775 0.000655539 395.1
-58.7149 0.101666 3.24411 53.7025 34.7939 31.7008 37.3007 13.7313 4.8017 4.38021 11.5408 1.15694 4.52515 2.62124 1.92949 23.4132 143.439 74.3602 1.82475 8.45908 19.8084 33.0386 2.08957 0.00894166 395.726
-58.7293 0.0685498 3.24471 56.9103 34.7939 31.7008 34.8132 15.2782 5.23926 3.60919 9.55033 1.9217 3.47761 2.77197 4.90014 18.608 147.945 70.7672 3.33581 10.3717 24.8589 16.9 9.49195 0.00697827 394.662
-59.1134 0.0976172 3.22812 54.613 34.7939 31.7008 32.7052 15.2782 11.225 3.07584 3.68353 4.63321 4.07114 1.65288 6.32692 15.4948 160.007 57.5768 4.48794 14.4285 11.8926 39.579 28.379 0.00241723 397.2
-58.8961 0.121461 3.22213 55.7936 29.8576 45.0844 22.8615 1.03002 17.0206 14.3266 4.60795 4.75586 2.33006 4.11391 2.47531 11.4121 160.67 50.0193 17.5741 12.1216 13.3684 8.30754 20.5193 0.000140576 394.53
-58.7647 0.155544 3.22484 55.7936 29.8576 47.0524 20.6674 1.88418 12.4178 17.2625 0.402266 3.63062 1.87947 4.87144 8.89976 21.1421 140.871 46.5496 29.7423 9.63132 7.85628 13.9281 28.8435 2.16183e-05 396.631
-58.746 0.0236449 3.41747 52.8883 35.4333 39.411 23.0067 2.5349 14.0754 16.5696 7.59937 4.52176 2.18924 16.6771 2.01948 5.79261 160.271 55.4515 3.74232 8.27275 12.1537 9.36575 1.52617 0.000208352 387.546
-58.9693 0.0312839 3.60203 51.6177 41.1606 44.5258 6.50235 2.2606 16.5785 11.3869 10.649 1.38278 2.68915 13.2502 1.2752 15.1697 156.938 66.6881 7.66412 7.66731 1.83635 9.47357 7.97422 0.000365052 392.411
-58.8276 0.0269977 3.37518 51.1023 38.7019 44.9263 6.50235 3.8899 6.05192 34.6898 2.95353 0.664227 1.43688 7.55429 7.59529 7.80001 160.179 68.0714 6.06054 1.91888 45.6987 35.3942 4.38124 0.00194726 392.7
-58.9032 0.0388861 3.93639 50.5268 38.0461 47.6454 6.50235 3.80727 1.64892 34.6898 2.5662 6.98999 4.43972 2.82418 0.88572 13.7768 156.554 75.2823 1.1354 1.04502 39.8033 33.7362 1.47877 0.00127134 397.949
-58.916 0.0353543 3.55542 51.3833 45.4354 40.4946 11.1929 3.86889 3.66375 34.6898 5.87909 0.809218 11.5989 0.1069 1.30272 11.0738 154.819 60.3581 2.2965 9.45438 26.9937 34.8921 5.10552 0.00208103 400.046
-59.0605 0.0375151 3.46247 50.4214 48.6801 39.6483 8.23346 3.97568 6.72077 23.0037 7.93433 0.945445 1.21545 0.1069 1.34921 28.582 147.297 61.1656 2.63819 7.05739 15.5024 15.2529 31.6945 0.0026722 399.125
-58.8586 0.0452391 3.44151 51.2311 48.1545 39.6483 9.20637 5.27934 7.05234 27.9055 8.60468 1.6548 0.205395 3.7564 2.597 25.6629 150.67 55.7128 14.2387 5.48422 30.6935 7.37212 39.7102 0.000323119 394.666
-58.8632 0.0357251 3.51397 51.0602 47.2634 39.6483 7.50889 3.95955 17.0674 26.1932 10.9977 2.34333 0.205395 2.20157 2.62508 0.998091 161.922 68.3894 13.3471 3.94693 49.4674 11.2149 5.33722 0.000432715 395.861
-58.7388 0.0105452 3.54522 51.7252 42.6423 39.7036 15.6246 1.15582 13.9975 1.0853 18.982 1.71987 4.52619 1.77405 2.96441 24.8415 160.947 59.0211 6.04013 2.807 27.7816 17.3206 12.1955 0.000276866 392.93
-58.7626 0.0135534 3.60813 51.4166 43.1234 33.0438 12.4546 3.67415 15.8116 0.83945 22.4929 1.98084 3.07728 0.781285 6.53877 26.9929 150.439 52.4339 29.7918 0.276607 39.6043 27.3828 39.0005 0.000151496 402.392
-58.7524 0.167218 2.93193 51.9952 44.9624 48.5825 3.17123 6.40773 9.33328 0.83945 19.5428 1.55709 6.76476 5.31152 2.13896 7.28552 171.634 59.241 9.57087 5.09247 43.2349 53.3428 28.111 8.87217e-06 400.67
-58.7698 0.064048 3.29008 46.0711 56.3465 42.07 3.17123 2.33519 12.1941 1.86993 20.0359 2.3652 7.50209 0.32476 7.55571 8.81558 163.764 60.6849 5.46189 6.50857 1.62365 24.4016 56.4502 8.87217e-06 395.974
-58.7108 0.0225044 3.71126 40.8905 66.1383 24.336 7.24319 6.85768 7.86188 12.1482 8.02001 5.07826 13.1804 4.33066 8.9743 13.9278 168.893 46.3089 7.2789 3.72394 28.631 17.4398 19.9201 0.000235365 399.003
-58.7343 0.00744303 3.41097 40.8905 66.1383 26.4169 7.93088 1.02379 5.75783 10.4929 1.53384 8.57697 16.8185 6.29489 8.82902 17.1727 162.827 57.6 1.87133 3.05578 31.2566 3.69109 23.6169 3.46371e-05 396.961
-58.934 0.0300938 3.34845 47.5186 56.9007 26.4169 7.93088 1.09155 3.79655 15.2727 3.05007 10.3122 16.8185 4.50149 8.91085 22.771 150.275 63.7965 18.3786 10.6176 36.2562 25.3014 14.9988 6.11875e-05 401.512
-59.3009 0.0628814 3.56797 49.7754 62.2504 25.6993 11.7062 3.22385 7.4193 11.1846 0.95108 10.8575 10.1692 6.788 9.11768 15.2628 147.496 67.0069 15.8206 7.44025 6.11545 7.56959 13.1296 0.000105121 396.023
-59.0897 0.0316119 3.48277 46.527 62.2504 20.2074 23.0042 1.88743 17.0522 8.52338 2.65445 6.7943 3.94718 22.8673 7.81593 6.57011 147.394 63.2141 8.10934 14.1743 9.53355 74.213 42.5573 0.000218173 400.333
-59.1205 0.0426088 3.2903 43.3586 70.5362 21.5961 13.2583 2.94469 26.799 3.80527 1.85197 11.286 5.38749 22.8673 9.9137 3.83032 143.609 62.9258 7.49884 8.38747 16.3977 9.97762 37.8344 0.000135264 402.38
-59.1336 0.0535616 3.3658 42.9942 70.5362 22.2875 9.36015 3.08631 25.2417 5.85295 0.452242 4.41691 5.7113 17.1078 4.92102 9.09219 162.427 53.5649 13.3154 0.76537 11.3199 15.8732 6.57354 0.000184769 392.237
-58.9231 0.105941 3.2646 42.6071 66.4585 26.911 9.36015 0.66435 30.8671 5.51702 4.24174 3.00407 1.10572 11.358 9.52759 8.2974 157.249 44.1014 9.67563 8.26355 8.36891 17.029 5.69914 0.000210632 393.666
-58.922 0.0476275 3.47899 42.2003 69.3506 43.9817 9.36015 4.4782 18.2506 2.35812 2.03429 3.49562 0.816039 0.483456 9.92583 17.8229 157.363 27.3753 16.8519 9.2922 31.8042 17.3534 34.4116 0.000825017 404.653
-58.8682 0.0335315 3.93759 44.4942 59.9561 34.7063 9.36015 8.92138 24.233 1.96873 3.10814 0.424326 0.841137 2.1511 5.19804 23.8037 159.416 55.688 12.6329 10.8966 14.7531 17.2108 58.7304 4.60473e-05 394.405
-58.9176 0.0220244 3.73227 44.4942 60.5365 35.3151 9.36015 5.53099 24.3986 0.225016 4.5737 1.63199 6.75111 5.4239 4.0632 23.3299 159.57 47.7523 12.0668 4.56334 25.6863 14.422 41.151 4.60473e-05 392.758
-59.0358 0.0363447 3.50601 44.4942 60.5365 33.5232 14.7581 2.03583 26.5937 2.53636 1.8544 0.371003 4.82206 8.58476 6.10599 19.8944 155.47 60.1492 14.0136 3.77317 9.61515 15.9056 42.6358 5.95456e-05 389.536
-58.8247 0.00212155 3.93311 49.0024 59.2821 28.5319 14.7581 12.1044 20.2488 5.02104 0.0747336 1.21603 1.21881 4.06051 9.62725 21.9796 153.417 56.6135 5.93443 6.20855 10.527 18.8688 26.4734 5.95456e-05 391.064
-58.8169 0.043277 3.55793 42.6051 57.9704 34.2717 14.7581 10.987 22.0103 6.33764 1.26513 0.130568 0.658682 2.31388 13.1979 20.116 154.652 58.3417 5.64801 4.70032 43.4414 2.4667 9.8237 2.00519e-05 388.779
-58.9019 0.0161129 3.4264 47.4083 53.316 43.3866 8.98149 5.48325 20.4225 7.43356 1.71462 2.776 1.90033 2.42137 17.3028 11.9908 156.4 51.8775 12.8693 5.31379 41.9424 9.60074 28.5219 1.02299e-05 387.493
-58.9018 0.00727024 3.45715 50.363 53.316 33.2784 21.2839 4.60865 10.3665 5.81732 13.3506 3.63591 2.19966 4.05029 6.40995 16.7076 144.48 70.2511 0.736354 2.15204 19.3693 16.7069 20.142 7.70201e-06 387.4
-58.8491 0.0924541 3.26009 51.2978 52.5608 28.3711 17.5025 10.6834 12.2859 7.01669 9.28697 1.352 0.250366 5.28237 17.5319 9.10484 146.376 72.2623 8.45976 11.4995 25.2189 21.2926 10.7135 0.00011175 390.595
-58.9802 0.0177671 3.57403 52.1757 43.8168 33.5923 12.767 19.4733 20.9631 9.92124 1.49577 3.17697 2.42211 2.55853 18.0906 8.14187 136.123 75.5442 4.31408 10.4102 54.2949 58.0581 1.91608 0.000135782 398.307
-58.6085 0.0311451 3.34757 47.4123 54.2178 41.9936 7.36738 17.7498 5.81707 6.62076 5.65535 1.24165 1.16942 9.80107 20.9253 13.3607 132.608 71.1056 6.19156 7.31182 7.33792 31.6853 51.1912 4.22935e-05 395.25
-58.7327 0.0634476 3.27428 50.4273 46.2276 45.2868 12.0931 19.4065 5.96419 8.00213 2.56093 3.99936 3.81595 15.6357 21.5937 11.5576 131.428 58.647 2.7221 12.3543 63.4712 34.1638 20.5406 0.000505953 399.477
-58.6641 0.027725 3.5554 51.3799 38.0851 17.9096 47.4923 3.24161 5.57712 21.7734 4.78857 2.81519 7.97855 3.01278 19.5667 21.8637 129.317 71.2271 4.79143 11.1568 15.3067 17.3996 25.1318 0.000260641 398.939
-58.7552 0.0484161 3.42542 56.786 28.6377 20.8667 46.9917 7.45829 2.59786 14.3532 2.8006 0.40212 8.03776 8.92323 29.1694 18.7782 132.073 55.6816 5.30329 4.64692 13.0537 7.55087 8.34934 0.000354289 395.323
-58.7496 0.00349382 3.38309 59.2522 33.7244 15.0829 46.9917 8.00479 1.60627 15.2361 2.97453 1.17205 9.01001 14.2179 21.0028 19.4973 131.289 59.5894 5.24085 11.3708 7.51204 2.6598 39.2891 0.000120523 397.123
-58.8806 0.0406684 4.13511 60.7084 29.8363 15.0829 49.3129 6.32886 5.49385 17.3182 2.72955 1.2303 2.45375 10.719 13.3585 13.9153 151.736 61.8256 1.49872 17.4229 5.89085 2.11239 45.5881 9.11758e-05 393.93
-58.9589 0.0418796 3.144 56.8612 25.2541 24.4228 44.0453 6.0541 6.56577 13.3953 3.18358 3.05618 10.575 10.3229 1.43797 17.051 154.169 55.3679 10.8262 14.4376 6.67964 22.2207 70.5852 1.09581e-06 397.334
-59.0336 0.029944 3.59306 55.0683 33.9436 13.1126 48.0551 3.74572 11.975 14.018 7.0205 0.775693 5.42946 14.4685 2.69867 11.4559 156.893 57.0412 6.8233 6.61894 11.7746 39.3352 75.1354 3.06991e-07 388.473
-58.7589 0.0230083 3.60148 55.9352 34.2562 13.1126 48.0551 8.73905 3.44475 16.0424 7.13133 1.13404 6.0758 8.07203 3.23285 17.0022 156.723 65.185 3.39709 5.44658 2.67004 25.6008 91.5011 6.13773e-06 392.575
-58.6895 0.0345569 3.72185 51.7425 42.4565 13.643 48.5569 4.93658 2.61289 13.5976 8.6534 3.34975 2.79679 7.4203 3.7966 14.3101 152.957 70.9238 7.33717 28.8731 28.739 60.8121 14.4831 6.13773e-06 398.409
-59.1355 0.0535784 3.39727 55.0588 39.5932 14.8399 48.9766 5.10879 2.77047 17.3962 5.5082 2.40335 1.76522 10.4168 1.06557 15.7814 150.188 67.2987 14.2928 2.46397 9.31964 6.6537 34.8035 6.13773e-06 387.099
-58.8365 0.0530228 3.326 52.1402 35.2921 16.5162 54.4849 7.72837 6.0132 14.1353 3.63108 3.16932 2.31297 9.32304 4.39527 25.9686 136.172 74.4676 7.25548 7.98342 21.764 9.71503 10.6652 6.13773e-06 386.44
-59.0396 0.0328496 3.45295 53.2065 36.4409 16.5162 51.8112 10.816 7.48298 8.4755 2.53423 1.92765 4.26115 7.78392 1.69442 23.2238 148.611 72.4644 1.45936 2.26772 19.2489 26.5163 14.7427 6.13773e-06 385.097
-58.8547 0.0150455 3.2612 53.2706 42.4662 19.0327 39.9722 15.133 5.35431 12.2288 0.754802 2.34268 1.25536 6.25366 6.17175 20.7363 147.324 65.7527 6.52025 13.4816 19.0119 21.4743 6.38954 5.89056e-05 388.663
-58.7885 0.0275117 3.79932 53.6494 41.6494 19.5442 37.2651 15.4486 3.17342 7.58346 5.59403 3.93205 1.99989 4.11934 10.1555 18.8605 148.686 67.83 8.83698 7.10169 5.52937 3.21217 21.5953 9.32831e-05 387.714
-58.9512 0.0204186 3.56731 49.9946 45.0152 21.0717 38.3156 13.0248 11.5775 7.76152 3.94414 0.678721 2.18138 4.83179 4.72291 10.6098 164.288 63.4676 9.26588 5.79575 1.85745 58.9282 1.01004 0.000266969 391.734
-59.2485 0.0442748 3.57036 48.8711 48.6322 21.4806 38.6337 10.3959 6.75233 5.35429 2.85631 8.93847 1.76677 12.1554 7.16945 8.1369 139.887 84.1212 9.68486 6.10008 9.4942 10.3894 6.75136 0.000694669 394.875
-58.9912 0.02339 4.07688 48.1827 48.2524 25.1374 39.0031 10.0752 11.0225 1.27334 9.13505 4.27507 3.71286 10.9599 0.380136 21.7398 126.719 84.6388 9.85346 1.61479 28.2029 32.681 21.7193 0.00132418 401.363
-59.2636 0.0561335 3.82725 55.1673 47.9367 7.33496 39.5654 7.36194 16.0183 2.7346 10.1739 0.483866 5.58684 3.53882 7.88296 38.7137 126.719 70.52 13.8528 6.82949 15.3657 34.3645 25.4867 0.000398544 400.839
-60.1126 0.130272 3.52093 55.3511 48.4195 8.6127 36.6743 8.57772 18.7737 15.1162 7.42638 6.57174 1.51882 10.068 0.845835 34.8314 115.84 70.6133 15.6985 5.85348 8.0252 46.1324 9.11271 3.03382e-05 404.582
-58.7664 0.0717109 3.26734 54.7017 48.4195 3.00409 41.5085 9.48632 19.6204 9.15651 5.25857 1.45358 2.77804 1.84099 10.066 44.5588 116.803 71.1455 3.65147 5.45347 10.1731 23.8025 18.6087 0.000154931 396.083
-58.8382 0.078454 3.35684 55.1274 43.3645 4.72471 49.4452 9.78445 11.9235 10.4776 4.29087 2.50989 1.5312 3.84464 4.17407 28.2176 135.632 76.2328 5.2342 3.03861 12.1289 30.8874 3.00147 1.24758e-05 386.829
-58.8625 0.0528163 3.4005 48.9482 47.3661 4.72471 49.6251 9.62926 15.6277 10.4293 3.38426 0.739464 3.38761 2.14796 4.17407 28.7837 136.528 81.9128 2.44861 4.16681 17.0839 8.89115 13.4676 3.79627e-06 384.366
-58.8715 0.0191151 3.23053 53.2859 40.0863 13.4055 44.0619 5.77222 11.8738 10.5696 6.75518 4.14827 2.57372 12.279 8.53847 28.6929 125.306 72.6828 8.07884 5.35085 54.0564 3.32548 6.02546 4.50804e-08 387.048
-58.9274 0.0248715 3.93691 51.417 40.2471 6.94866 45.5993 8.29074 11.7201 8.40967 5.76521 4.41798 6.88946 7.86413 3.38144 38.2738 130.587 78.337 7.50211 3.88474 14.3396 23.3284 5.47097 4.50804e-08 390.416
-58.6241 0.0176673 3.39666 55.8315 47.9105 8.50472 44.2438 7.2807 28.5927 1.03824 3.90903 5.15516 2.76951 12.8249 1.36725 34.4996 106.202 80.5574 11.0915 2.03448 15.4153 34.9468 6.51832 4.50804e-08 394.696
-58.7728 0.0113034 3.42965 56.3722 48.3501 8.4099 40.0026 7.74398 28.5927 1.84862 2.81461 6.41343 2.96921 10.0898 4.31601 34.4996 113.172 75.3129 15.7263 3.20905 11.5785 39.1533 5.04648 4.50804e-08 388.461
-58.8236 0.00798401 3.68768 55.6051 46.4726 8.4099 42.5399 0.85308 32.5982 1.69593 2.63067 2.75598 3.45059 10.1154 2.30858 34.4996 118.121 88.6518 5.769 4.23106 7.09834 41.1883 3.73957 4.50804e-08 391.025
-58.688 0.0239939 3.33299 56.706 46.8771 8.4099 43.1315 0.435645 27.0732 1.69593 2.09858 1.89315 4.92033 14.6013 1.39849 34.4996 120.694 81.5167 2.90906 4.21996 6.90687 33.1299 5.91288 4.50804e-08 388.767
-58.8161 0.0244568 3.59032 47.3981 50.4056 14.7723 45.074 6.47611 16.1434 13.5577 1.969 3.32726 6.30492 10.9277 6.16621 19.3049 120.694 81.2963 0.358246 10.3255 9.61228 27.4881 6.19495 4.50804e-08 387.645
-58.9513 0.0281644 3.49372 49.5098 43.6316 0.558216 58.8199 14.9492 3.42422 13.7011 4.6077 1.76294 4.51889 14.1038 4.00635 4.66293 142.785 83.2554 1.95148 5.38544 34.2802 35.1897 32.5813 4.50804e-08 387.555
-59.0436 0.0333378 3.53742 48.8239 43.7875 0.704172 58.8199 24.427 3.05769 15.2812 0.810616 1.76294 4.61521 10.411 5.39057 5.03773 148.87 69.2132 4.53909 7.11021 4.34046 33.3327 23.3275 4.50804e-08 384.721
-58.9343 0.0158416 3.605 52.7806 43.455 6.07319 54.1502 16.6951 5.71934 15.0401 0.758907 3.052 4.22135 7.09322 4.93323 7.44089 149.606 69.5892 8.42749 4.43595 4.94544 26.6793 18.8908 4.50804e-08 379.994
-58.8846 0.0235205 3.78205 52.8358 39.6553 6.75492 54.1502 16.417 4.95957 9.60292 2.78365 1.9525 5.78743 12.1484 1.22887 7.70028 157.064 69.2457 12.6981 3.81409 20.4483 6.68724 2.82059 4.50804e-08 381.197
-58.9222 0.0219089 3.60981 50.8403 39.6553 6.75492 62.6257 16.3118 6.41296 0.794585 3.31342 2.80661 4.33662 23.2876 6.20142 2.867 145.425 67.3697 17.9111 3.82481 23.3934 58.2961 9.35092 2.01805e-07 387.809
-58.976 0.0174511 3.56285 51.4278 40.1379 5.72772 62.6257 22.3654 8.39546 1.70664 8.51905 0.275243 0.446105 4.43551 12.6429 2.0599 152.206 70.864 7.84773 3.71113 15.9191 35.9071 9.28053 9.30113e-07 387.105
-58.8317 0.0276663 3.30138 51.4214 40.1379 9.10613 62.6257 24.3844 2.45715 0.62847 1.43747 1.33278 1.2849 2.68211 11.248 6.25348 157.221 69.8983 7.43134 9.79354 17.4325 90.584 10.2795 9.36439e-08 389.189
-58.9162 0.0328016 3.38132 54.8249 41.2447 4.48119 58.2105 17.0675 2.47139 5.31401 3.95821 1.73479 1.43549 3.48988 14.3819 10.2457 155.21 64.3083 9.95227 2.75185 11.9816 37.9862 67.5443 1.353e-07 385.353
-58.8155 0.0105211 3.69804 48.7964 43.5904 2.64464 56.5293 6.22915 4.15204 20.5202 3.34671 7.34605 4.43943 5.63834 14.582 6.95663 157.57 64.8629 17.8793 3.24979 45.0725 33.7525 6.60739 3.96434e-07 392.927
-58.7972 0.00363036 4.23085 48.4757 46.3144 3.30933 54.9619 6.34235 6.17921 17.7132 3.34671 5.37851 0.958178 5.19516 14.582 6.8997 157.57 60.3293 4.7842 8.457 69.4061 37.1628 31.1056 7.19508e-08 388.921
-58.7531 0.0142774 3.52693 47.9492 47.8699 6.00506 49.741 8.40942 8.52306 15.9585 1.40739 6.35546 0.525918 4.72418 15.1198 5.58448 153.038 66.7305 6.32709 6.14372 35.4111 28.211 35.4012 6.64315e-07 384.329
-58.7592 0.0150975 3.62887 46.7452 49.8148 8.1707 49.741 3.6768 12.8512 17.1232 0.521483 4.18084 3.65279 6.40579 14.1102 3.19936 149.896 68.9635 6.57231 6.6672 56.2539 28.8215 9.93882 6.64315e-07 384.948
-58.8858 0.0140137 3.78367 46.7452 50.0836 8.1707 49.741 4.74484 10.3266 17.1232 1.27817 2.04208 0.38307 5.52125 17.4888 5.8136 149.714 69.6646 4.56513 6.25141 5.31506 30.8043 10.0448 6.11577e-07 381.09
-58.7849 0.0142179 3.51573 46.7452 48.9895 9.25915 49.741 5.07356 2.24764 19.0081 0.964098 1.01154 8.89135 7.38575 17.4888 5.76483 150.538 64.0999 4.0772 3.8981 36.5008 46.0025 1.8606 6.11577e-07 387.402
-58.8646 0.105921 3.31561 51.1918 48.6268 9.25915 53.6394 0.711826 10.3169 10.4788 1.63538 1.01154 1.82021 1.64597 20.5197 3.75201 157.328 66.2325 3.15914 6.57382 6.02163 21.6643 22.281 6.11577e-07 387.036
-58.8359 0.0709147 3.33269 45.6516 53.8968 9.54355 53.1866 1.56145 6.78084 13.1492 6.276 0.564976 3.1084 1.30968 16.0614 0.0165531 159.304 69.4516 25.2042 6.76986 31.4616 36.1702 50.3001 6.11577e-07 396.443
-58.8477 0.032114 3.45651 45.6516 52.7504 6.86041 55.6501 1.6718 6.78354 14.8705 4.43855 2.14197 4.25299 2.55566 17.1423 7.22054 155.068 66.1914 11.1472 1.58079 30.2798 46.3151 7.10411 3.22013e-05 390.501
-58.8747 0.0307355 3.5305 45.8474 52.2696 6.22793 55.9406 5.03267 5.98623 13.685 4.99249 1.14261 1.37577 3.38768 17.6514 5.04114 153.288 73.2473 7.3859 2.68053 5.17992 61.8943 1.17149 4.97413e-05 387.743
-58.8488 0.0187336 3.69308 48.1121 53.732 6.22793 57.3485 3.57575 11.45 7.68465 0.380162 0.392469 2.76031 2.77434 19.406 7.81905 150.109 70.1458 5.56967 1.56894 13.3727 45.1872 20.9613 5.20941e-05 388.663
-58.751 0.0178594 3.4902 48.0008 48.7944 6.22793 58.2689 9.05718 9.72766 7.68465 1.25805 1.43006 1.07611 2.65709 10.4282 4.49186 161.511 75.0148 3.65953 22.9575 16.3505 11.1611 39.8207 4.50473e-07 388.15
-59.0775 0.045227 3.49148 46.955 50.1203 8.4944 58.3049 3.07628 6.2138 15.401 2.20134 0.688625 4.24467 2.89374 7.40157 4.49186 162.929 67.9291 3.92558 9.63612 6.82783 4.17209 33.9114 4.50473e-07 386.839
-58.9693 0.0421011 3.43297 47.2405 46.8744 8.22327 54.9439 10.2387 2.33001 15.5473 1.36901 4.37401 1.84126 7.03925 5.40858 5.8853 165.661 62.2096 7.48128 6.35146 9.84638 2.3032 41.541 3.0042e-06 384.57
-59.1029 0.033449 3.4218 52.1725 43.6805 7.68483 53.9571 10.6054 4.9294 11.7 1.90712 4.00596 2.9087 12.1873 4.12331 8.98394 155.342 63.6375 0.45614 11.0314 11.2385 4.05815 27.6982 3.58314e-09 380.084
-58.4727 0.0111252 3.7211 51.6258 43.6805 3.50742 55.765 11.9097 6.92283 14.7593 3.21583 3.47945 3.2235 7.05964 5.75981 6.36957 166.717 58.322 1.52256 10.9303 35.9441 30.2376 15.1465 3.58314e-09 388.969
-59.0656 0.0417118 4.09657 48.4894 45.7108 9.14994 55.765 12.3084 2.9982 10.1645 2.64486 6.02633 3.22337 6.08255 9.83251 5.23767 165.935 52.5548 4.4006 8.09691 52.2334 25.4112 17.3927 3.58314e-09 383.956
-58.7708 0.0420312 3.82966 48.031 48.4375 5.92368 55.765 8.60797 8.1651 12.3489 2.05887 2.37967 2.47879 6.5055 15.8611 3.95917 150.963 70.6618 14.4296 3.46166 2.79205 12.9792 13.7989 3.58314e-09 382.033
-58.7618 0.022001 3.8274 48.031 46.9171 9.90617 45.1809 8.99008 7.95376 12.2427 8.22438 1.31377 1.34655 9.10139 14.2756 3.65991 154.527 69.5873 4.56256 3.141 1.03338 23.2198 22.0416 3.58314e-09 379.767
-58.8101 0.0142614 4.21458 46.9972 50.1481 12.6948 39.5055 1.90625 12.9381 22.3922 8.0463 1.8635 0.499575 16.9409 4.93739 0.214861 149.788 77.9201 6.41914 7.73354 34.185 5.11379 23.6192 3.58314e-09 383.946
-58.7646 0.0651524 3.59026 46.491 56.6944 15.0865 39.5055 6.42361 3.71756 11.9197 10.4567 0.40048 0.499575 10.4036 12.3291 9.44641 147.186 68.694 8.73954 2.50359 9.91774 17.5295 15.105 3.58314e-09 379.446
-58.7962 0.107002 3.23666 44.2119 56.6944 20.1096 29.309 6.53328 3.7472 26.7339 6.67958 0.479562 3.14268 8.12443 8.39534 8.07831 149.031 71.4259 2.893 7.41767 34.6303 21.0982 12.5748 3.58314e-09 381.03
-58.7963 0.0535752 3.42232 44.2119 56.6944 18.7283 30.1866 3.68679 3.45815 23.2958 15.0633 0.61675 2.15414 10.5434 5.05033 9.57413 148.186 69.0861 11.1113 3.57668 7.47696 20.9049 47.7845 3.58314e-09 381.573
-58.9762 0.0225031 3.53769 57.1222 27.9348 15.4605 44.6592 19.4132 8.39417 17.8009 1.17222 2.10468 1.25342 9.80709 5.93649 8.72807 157.115 61.6441 8.31452 3.46513 3.66269 35.921 69.3114 3.58314e-09 383.777
-58.6521 0.0138579 3.48824 57.1222 31.9541 12.0369 44.6592 10.4504 12.3446 18.0623 3.61137 9.62608 3.50016 4.55367 3.59001 5.77845 157.298 60.6284 11.964 3.46013 2.14133 4.0534 10.7732 3.58314e-09 382.646
-58.9762 0.034632 3.30179 55.3361 31.9541 13.6457 44.6592 15.2211 6.51725 16.9723 0.514403 2.79203 0.640234 15.1739 10.5618 2.33402 154.33 68.7693 6.01318 8.9344 6.78624 6.07177 21.0194 3.58314e-09 380.756
-58.7254 0.00689827 3.70025 57.2256 31.9541 14.8492 44.6592 16.2093 4.86099 13.753 8.26029 5.07943 3.06984 6.56956 7.34479 4.73327 154.413 71.1406 8.85663 2.61207 8.00872 16.9846 32.0839 3.58314e-09 382.278
-58.7112 0.0371814 3.54575 57.2256 29.7781 14.076 44.6592 27.4951 9.5951 5.11764 6.75658 2.18164 2.65286 10.5462 7.24898 8.90431 144.12 68.3857 12.2908 10.7259 0.871069 68.8408 7.28551 3.58314e-09 389.018
-58.7072 0.0471038 3.42924 61.3603 29.7781 14.626 44.6592 17.4661 11.5936 11.3435 3.21709 5.49961 5.34757 5.99429 3.23704 9.52542 146.506 72.1486 12.7993 7.8843 44.4799 27.1225 14.436 3.58314e-09 386.582
-58.8543 0.0717183 3.67783 61.3603 29.7781 16.602 44.272 7.40612 11.4298 12.5015 1.33043 2.79766 3.18361 6.25162 5.80255 23.2901 145.934 70.7862 12.1218 4.00485 26.3687 7.27311 8.39574 3.58314e-09 381.844
-58.9183 0.0817966 3.54054 61.3603 29.7781 19.2003 41.0599 8.37148 11.9639 13.566 1.36108 8.41601 1.83901 3.24018 8.01051 12.3988 151.983 71.6414 9.13532 8.98821 51.6432 17.5924 20.8193 3.58314e-09 384.972
-58.7092 0.0509433 3.29403 61.3603 27.0547 19.2003 41.0599 9.48124 14.1033 12.8904 1.6438 12.8671 2.89587 3.14506 7.25845 9.22223 148.28 66.0144 7.67627 8.3119 12.6338 3.69942 32.3345 3.58314e-09 385.718
-59.001 0.0847041 3.27547 61.3603 27.0547 16.6745 44.9579 21.1877 7.883 11.3093 1.90816 3.25321 0.0769219 4.0124 8.10377 6.29586 157.004 69.0093 7.97191 4.48894 4.42539 11.2219 6.09567 3.58314e-09 382.341
-58.8513 0.0366673 3.17828 65.2206 24.9154 15.4929 44.9579 21.7881 7.61116 4.84737 4.17506 9.35252 4.29861 10.5625 3.04323 19.8081 141.165 66.0456 2.31741 10.9649 50.7563 6.01075 6.70066 3.58314e-09 390.64
-58.8528 0.0145913 3.56332 63.0937 24.5352 23.2746 44.9579 3.22463 5.90708 2.84812 13.2805 3.48048 4.08993 15.2348 1.91305 15.954 148.138 78.9525 0.739223 3.59589 12.5219 5.77741 35.816 3.58314e-09 383.762
-58.7619 0.0145913 3.69732 60.3572 24.5352 29.5524 44.9579 18 1.6371 9.93056 7.02098 0.556131 2.28907 5.09771 2.63417 15.3234 147.962 71.3552 5.80358 1.00719 19.8224 32.71 35.5623 3.58314e-09 384.183
-59.1581 0.0450226 3.44851 60.3572 24.5352 17.7411 49.4797 18.9593 4.97567 8.83251 1.81156 0.220005 1.41699 16.4708 2.53246 20.1967 141.772 67.3399 10.2429 1.72517 10.0747 19.238 23.5982 3.58314e-09 381.812
-58.9567 0.0313587 3.34497 60.3572 24.5352 17.7411 49.4797 28.6698 5.3242 0.973705 1.19574 0.474702 1.15405 10.1873 6.20536 22.0022 144.226 68.3397 0.515993 4.94161 39.8403 34.3062 20.4972 3.58314e-09 383.541
-58.7675 0.125406 3.06635 60.3572 24.5352 16.0735 49.4797 29.2001 3.68714 1.69177 2.83382 3.24319 1.733 13.4468 10.3599 24.095 134.021 69.3665 8.06898 1.66548 31.8707 54.8948 3.31299 3.58314e-09 389.035
-58.9042 0.0368922 3.28433 60.3572 24.584 10.7274 50.7315 23.4145 1.5198 12.5492 5.5358 0.390492 1.80151 17.2882 4.28565 22.3722 134.619 70.664 5.13549 3.73054 14.4867 50.0198 12.287 3.58314e-09 384.838
-58.9723 0.0284107 3.47199 60.3572 24.584 11.0408 50.7315 24.5492 1.5198 8.98536 5.2577 0.117146 2.08476 13.959 6.06724 25.7954 134.619 71.2075 2.21233 8.01146 57.1821 50.0793 11.1663 3.58314e-09 385.889
-59.1561 0.0611618 3.46935 60.3572 24.584 11.0408 51.1097 24.5492 2.71276 8.98536 4.84073 0.0440773 3.08742 13.959 4.61884 25.7954 134.619 71.615 1.51836 7.2028 22.918 20.0394 3.24751 3.58314e-09 383.769
-59.012 0.039124 3.57453 53.3718 30.7394 12.8089 55.8334 22.7234 13.3081 2.00543 4.06587 1.91316 1.05261 14.5325 0.567056 21.1713 134.619 76.1588 0.755225 5.84274 9.59776 16.0796 16.1808 3.58314e-09 383.703
-58.824 0.0129817 3.52196 63.121 18.132 15.673 55.599 10.7237 3.00794 16.7599 6.18159 1.97366 0.288421 15.7946 9.10714 19.0082 132.224 72.3057 4.5264 5.85549 27.6889 30.693 40.2992 3.58314e-09 382.171
-58.726 0.0281047 3.40329 47.6576 55.5313 10.2084 35.7817 6.28827 2.9342 23.8851 5.83242 1.96094 1.54601 13.5991 9.81077 7.68823 150.522 72.3439 9.89266 6.34081 11.4267 26.2604 34.6265 3.58314e-09 381.118
-58.7294 0.0273439 3.27263 45.0059 61.7219 9.81171 26.0729 12.4445 4.7227 16.2758 16.4167 4.58411 3.04583 4.64046 6.75763 12.1304 139.438 77.3558 10.9014 6.64102 11.8647 10.4271 12.1924 3.58314e-09 387.762
-58.9479 0.0355665 3.53162 42.9451 63.045 16.039 22.1271 11.6066 11.082 6.90439 7.56506 5.07122 1.43911 2.14122 12.724 10.7424 153.638 79.6696 7.17598 7.54709 7.34176 33.0975 20.3463 3.58314e-09 385.855
-58.9008 0.0176938 3.51189 40.8604 67.2399 15.8796 17.4896 3.14207 17.1357 23.4201 6.56111 1.11483 1.05731 6.23243 19.885 2.9155 146.563 72.6239 5.80617 10.7878 13.2482 20.1359 36.6939 3.58314e-09 383.413
-58.8691 0.0331167 3.59046 44.2727 69.6545 15.3975 15.6351 6.7262 13.1578 22.4707 1.48834 1.80299 7.07738 0.869416 13.6597 9.23362 144.848 75.7454 4.59407 4.21661 19.3173 8.91598 8.30515 3.58314e-09 380.547
-58.8534 0.0399057 3.39141 37.573 78.5969 20.3594 20.9814 2.84552 13.3384 19.8746 3.42616 4.60957 2.34177 3.89375 10.6887 0.928055 149.515 77.0668 3.42765 0.896866 11.7459 41.3788 11.7034 3.58314e-09 382.695
-58.9968 0.0311605 3.41138 41.7412 75.3344 28.0098 3.62654 2.08155 11.3741 21.8654 4.83229 1.97297 3.48589 13.6613 8.57035 6.23038 152.881 67.8903 9.56192 1.30833 12.706 16.4741 30.8981 3.58314e-09 382.093
-58.9564 0.0446606 3.41374 37.7597 74.8282 19.74 15.4071 3.12852 18.1663 23.1208 2.90409 0.619066 1.52582 13.1675 3.42318 8.38529 144.446 68.3946 4.89499 16.6302 4.18547 6.57196 29.2802 3.58314e-09 382.721
-58.8902 0.101975 3.3256 37.9222 76.7223 19.3369 15.9825 5.09145 15.8377 10.5302 2.01866 6.76954 1.48108 13.3128 5.88734 9.8599 144.947 77.4423 5.3591 14.6257 12.8639 30.5503 5.14162 3.58314e-09 383.13
-58.2053 0.0158287 3.70016 39.1339 76.7223 19.7535 15.7369 8.86638 11.2569 13.884 0.512359 6.06805 1.76921 17.5814 2.59539 9.8599 148.339 71.8854 5.01304 1.32573 19.9008 16.8917 17.8145 3.58314e-09 388.48
-58.7256 0.0240458 3.64387 41.0329 76.7223 23.8022 10.5788 19.445 12.4787 1.16627 2.38204 4.90458 3.04664 17.7652 5.76236 8.63337 144.631 69.3449 8.67253 2.68282 46.5732 3.12885 17.391 3.58314e-09 383.121
-59.0018 0.0175087 3.44407 35.5697 81.5087 18.646 8.93977 15.0032 12.8496 12.7145 0.170274 2.54121 1.48055 14.6901 5.01934 10.2743 147.54 73.7238 10.104 2.28838 15.617 23.5954 7.88274 3.58314e-09 380.578
-58.9029 0.030659 3.40459 39.517 88.2288 21.9862 11.1338 5.45479 7.43273 13.1441 3.05329 3.36173 2.16235 7.61969 5.34269 12.8775 143.269 78.8718 3.98122 3.79563 17.4946 3.49216 28.2518 3.58314e-09 383.61
-58.501 0.0977002 3.23441 31.1423 97.1511 22.2432 7.52511 4.02549 8.00768 12.686 5.19427 2.85585 3.39401 8.401 5.9337 16.9013 143.746 77.4694 5.92088 2.69555 18.6969 10.3091 12.7521 3.58314e-09 384.482
-58.8907 0.0587927 3.76051 32.5997 93.6833 10.7683 12.8735 6.26622 17.5186 5.09165 12.2566 5.92779 0.696318 2.54307 1.65872 22.8173 146.711 66.5403 9.65308 2.76103 17.9458 21.7703 11.1217 3.58314e-09 382.598
-58.9194 0.0198597 3.77194 35.1083 85.8838 9.52971 19.1006 10.9849 7.17956 6.9456 11.9137 1.24631 5.96196 6.5832 4.83871 26.8826 148.264 41.5141 12.2181 3.03097 32.3096 63.8579 10.1878 3.58314e-09 390.628
-58.9472 0.0593568 3.43983 35.9317 84.3378 10.2482 20.9589 8.1526 9.63139 6.06525 20.1159 2.2994 4.97096 1.61797 2.07619 21.0585 143.995 60.2324 17.8781 9.23306 52.3249 47.8453 8.71759 3.58314e-09 389.928
-59.5646 0.0639082 3.43511 40.0806 77.0096 17.4029 23.8477 13.8145 14.0338 0.831199 1.54871 1.45142 8.49946 1.47173 11.635 12.5905 153.107 61.9457 2.94983 3.97536 27.795 7.20177 16.1529 3.58314e-09 388.776
-58.918 0.0219519 3.40289 39.1932 81.5698 13.9137 23.1042 16.0517 10.2251 0.831199 2.13991 2.48089 2.73761 12.3695 10.4491 16.7178 137.008 71.2112 4.68249 8.64004 11.7906 1.02983 2.92738 3.58314e-09 379.273
-58.7221 0.0030614 3.41743 43.3621 70.3446 11.5535 29.4665 17.5628 10.886 4.9584 2.13991 2.33087 0.94115 7.8588 14.4977 14.1352 137.456 72.1696 6.06835 5.06902 10.3258 4.88394 5.97027 3.58314e-09 379.608
-58.8271 0.0569509 3.4967 43.7611 78.1792 13.1045 14.6077 17.5628 6.2856 10.9543 1.0621 5.52241 2.10578 11.8331 12.5373 13.4597 136.94 74.2847 10.1451 1.52188 4.80674 35.2301 4.14377 3.58314e-09 383.553
-58.8228 0.0677723 3.54919 42.3995 78.1792 15.301 13.2337 13.6943 6.36914 14.395 2.63344 1.00435 1.98974 18.4888 10.7153 11.4851 136.582 71.9234 3.52439 1.36341 13.7246 31.5667 7.83245 3.58314e-09 385.083
-58.8721 0.0325195 3.40774 42.794 78.1792 15.1123 12.5612 13.3887 8.48446 15.2324 5.06998 0.292938 1.46786 18.4888 8.20399 27.6151 136.582 53.8222 3.12038 2.78691 36.2947 24.2025 7.02836 3.58314e-09 387.481
-58.6422 0.0748456 3.53685 39.4422 78.1792 15.3623 12.5612 11.7338 5.21922 23.7535 1.99167 5.11629 0.266718 12.5565 4.41809 39.3483 125.949 50.7601 7.59342 2.47856 2.26044 20.2931 13.438 3.58314e-09 393.674
-58.6736 0.0188051 3.32634 39.4422 70.867 14.6825 26.854 2.00787 4.15574 29.3396 2.66496 1.83647 0.249365 18.2516 6.53137 29.5104 122.968 56.0015 15.9567 2.6185 5.06807 18.5861 18.5814 3.58314e-09 388.272
-58.7853 0.0847771 3.3636 40.9993 68.6925 12.2779 29.6238 4.0421 5.92078 29.3396 5.91057 3.41855 2.30136 14.4408 6.14105 26.0025 129.43 57.95 11.1627 0.839105 19.1998 17.0476 8.45411 3.58314e-09 384.525
-58.7259 0.0404644 3.60772 44.2062 59.7177 14.0486 30.3059 4.0421 11.0289 22.0198 2.06144 1.85979 4.74489 13.6681 3.38201 18.063 136.377 79.1657 3.4284 4.17863 18.2139 24.302 4.46211 3.58314e-09 382.707
-58.8359 0.10549 3.16214 46.6922 55.606 7.87238 33.6453 9.52514 20.9899 12.6604 1.95254 3.18755 0.6658 15.2385 2.80988 13.2749 141.941 75.5497 12.9377 0.828856 32.5104 0.948412 13.0751 3.58314e-09 383.686
-58.8953 0.100763 3.16 49.3469 50.6225 3.62802 45.3479 11.9145 19.9202 5.02333 5.52405 4.21065 3.98529 4.18602 4.69627 14.5524 142.673 74.0013 11.2858 4.38742 3.93275 3.6732 60.1047 3.58314e-09 388.029
-58.7897 0.0228591 3.39584 53.7778 51.5179 3.99401 39.9321 10.8118 16.9612 5.72935 20.0406 0.345581 0.242577 10.0511 4.85252 1.00753 145.604 77.1311 15.4735 3.95779 9.85597 2.78371 14.4184 3.58314e-09 386.308
-58.7709 0.0221416 3.63369 54.2761 46.3252 9.01159 40.81 11.4502 12.7694 4.3401 13.0787 0.345581 0.598412 15.0693 2.52468 3.8526 158.59 66.4322 12.6398 1.72678 68.696 5.18531 20.4042 3.58314e-09 383.524
-58.8899 0.0240891 3.66627 52.5691 30.6848 8.62532 61.1726 7.18572 13.1821 3.31291 9.91696 0.131645 5.31755 13.3367 2.52468 6.32915 160.241 70.8718 2.27404 6.2591 8.23642 11.5458 15.8399 3.58314e-09 381.787
-58.8636 0.00851984 3.71155 52.4613 34.2785 10.8322 60.5698 3.65561 6.95714 4.08314 9.34751 4.68534 4.50573 17.2521 2.84649 1.29802 163.03 64.2627 4.7192 16.7483 12.5317 8.55239 29.9751 3.58314e-09 383.489
-58.8121 0.0146431 3.65707 51.096 35.9476 9.94141 61.7443 1.02996 3.18108 3.90086 11.126 4.84564 1.55064 22.9493 5.09657 11.5455 154.387 64.247 3.79209 4.174 45.0041 18.0433 27.1782 3.58314e-09 388.057
-58.8916 0.0151587 3.84932 50.9849 37.2722 10.0231 63.6547 7.02271 7.4135 6.20531 9.55225 3.8794 1.50984 6.72949 3.94821 8.38235 159.552 63.5206 2.3311 6.10245 42.2098 33.2304 33.7496 3.58314e-09 384.894
-58.7729 0.0111168 3.48133 51.8594 37.5657 9.93969 62.0135 13.225 4.82386 3.4888 3.0158 2.55195 7.16648 11.0169 8.94231 5.63584 150.586 66.3512 3.34839 2.90447 15.3031 32.5622 0.597898 3.58314e-09 380.597
-58.8258 0.0160827 3.49944 51.7926 37.5881 13.7774 62.2546 12.0123 0.629001 6.21022 3.2627 2.04904 2.2578 10.5508 16.7134 1.35617 157.097 54.8473 12.849 14.8969 13.8575 19.6799 8.1854 3.58314e-09 384.386
-58.8578 0.0453185 3.61054 53.6815 35.7693 5.92994 54.2627 13.7859 5.61205 5.17978 9.46088 5.35738 1.84855 9.14105 19.0801 3.3306 161.082 55.4579 1.25737 13.2082 10.0575 12.7687 20.1764 3.58314e-09 384.487
-58.8926 0.0438942 3.66607 54.5564 36.2008 7.25555 54.4503 19.609 3.75842 5.59095 9.21255 6.35296 1.04432 2.23043 11.7317 1.81893 159.306 65.6945 15.6062 1.00365 12.4562 5.85655 15.743 3.58314e-09 382.026
-58.8367 0.0229335 3.64732 51.6997 35.8829 5.60096 54.1544 16.3547 4.12958 5.59095 14.5105 2.0632 0.185344 3.82658 11.6976 5.96883 162.379 54.2158 14.7496 12.7589 30.9724 11.6626 17.7467 3.58314e-09 387.544
-58.7712 0.0192387 3.91011 52.3972 35.9754 20.3602 55.5017 10.1014 10.2029 0.24112 13.1926 2.49839 8.2141 6.10927 12.8496 3.32447 150.026 54.0147 5.13671 13.7267 33.6064 11.6626 32.8211 3.58314e-09 391.109
-58.8057 0.0231464 3.515 52.182 34.4028 20.3092 51.2552 7.78764 0.453782 4.44815 9.0699 0.488548 9.61338 10.3368 10.3835 1.63835 163.112 51.4157 14.5102 8.53266 4.27783 16.127 29.1721 3.58314e-09 387.623
-58.9754 0.0377564 3.51975 52.3208 33.1919 19.7699 58.487 3.05716 0.677996 4.44815 8.50885 2.57744 7.29822 10.6991 3.51051 12.1517 161.148 57.4702 23.1799 8.86024 5.23801 9.38919 30.2607 3.58314e-09 391.164
-58.849 0.0464419 3.3299 53.47 30.5811 22.3873 57.907 3.30034 0.927466 1.50888 7.97913 6.49144 4.36441 11.9577 2.73861 11.8402 161.137 58.1656 20.4549 0.731607 1.82648 15.6266 45.5681 3.58314e-09 390.4
-58.6522 0.0964185 3.5157 51.6467 40.0055 17.6492 45.6505 5.94001 3.02913 15.224 4.88824 2.17154 6.12986 5.99398 4.8797 19.5043 160.154 51.92 6.84713 11.4744 10.3083 12.9531 11.7636 3.58314e-09 381.816
-58.8904 0.0701621 3.25634 49.1158 43.1422 18.302 44.5983 4.4939 6.25465 15.224 7.47704 1.10885 4.39903 18.0389 4.25759 17.0834 145.647 58.7721 8.38598 3.78585 21.3533 13.8179 10.7982 3.58314e-09 383.55
-58.8191 0.0181376 3.62849 48.2051 40.8716 18.302 49.5907 10.0459 5.61737 9.93309 10.3105 3.97048 2.42206 5.05147 3.76779 16.1124 149.978 62.9252 10.8547 1.62384 31.1779 19.5895 12.2134 3.58314e-09 383.2
-59.0485 0.0180534 3.49365 52.1237 42.8777 19.4525 37.5364 16.7523 2.77494 10.0318 7.67876 8.41626 0.51348 4.12333 3.28524 12.1778 163.854 63.0862 0.202215 9.16053 13.0166 8.88163 4.03958 3.58314e-09 383.393
-58.8178 0.0282752 3.68323 53.0485 37.3989 21.0432 36.8378 5.89801 6.64476 6.24283 10.0834 10.1969 9.27315 3.00969 6.0498 16.9481 159.361 58.7126 5.56509 15.8402 18.3414 6.41975 18.2643 3.58314e-09 385.739
-58.9925 0.0765878 3.6017 59.0469 45.6742 14.9149 28.1157 19.6704 3.61946 6.96509 5.11274 8.77634 8.04886 1.42908 10.3663 14.1609 160.003 51.1555 6.11198 9.29313 23.173 1.54597 28.6781 3.58314e-09 395.937
-59.0071 0.0405045 3.57576 57.0183 40.661 11.2018 41.8443 21.0837 3.61946 4.13381 4.24823 3.88483 1.8513 5.10972 5.45879 12.7758 160.563 67.967 7.72613 6.45729 7.35216 8.16357 34.2867 3.58314e-09 381.638
-59.1837 0.049681 3.43291 65.0372 2.83673 12.3377 76.4457 3.04692 12.4573 10.5171 1.97649 5.12806 3.53901 10.9824 5.10139 4.37705 165.733 57.5161 19.1124 5.26502 7.39141 11.9361 39.436 3.58314e-09 386.066
-59.2112 0.0376378 3.91738 65.0946 2.83673 29.3545 57.7056 5.28765 12.4573 14.6847 2.06509 5.91851 1.1438 10.1402 5.77429 3.86418 155.415 65.0704 12.1089 13.0605 1.73872 61.9899 25.0133 3.58314e-09 388.438
-59.1366 0.0483579 3.50547 65.3425 2.83673 28.6867 56.8622 6.31555 13.092 11.5472 2.44069 6.87333 5.19278 11.798 3.01293 7.26832 161.602 37.9928 10.9318 8.11889 22.5514 15.0181 12.7167 3.58314e-09 385.905
-58.9228 0.015279 3.61911 65.3425 2.35405 25.9019 56.8622 17.9152 6.55078 11.69 2.34253 8.04978 0.803284 6.41814 3.8011 3.97173 170.826 57.1167 13.5309 12.3025 20.1911 33.8887 12.9379 3.58314e-09 387.136
-58.9951 0.0386512 3.67891 68.1202 3.44255 25.9019 56.8622 14.6414 8.74013 8.47132 3.88395 9.31163 1.0286 2.51691 4.40289 2.0915 170.904 55.9982 4.73435 9.7149 38.6199 30.355 15.6732 3.58314e-09 385.798
-59.0272 0.0568698 3.56327 68.1202 1.66073 31.7599 47.4399 5.61893 14.2075 11.9976 3.14231 9.84685 6.10375 2.68567 5.17076 0.403096 165.933 67.9263 2.07265 14.6596 13.9884 40.2549 3.14666 3.58314e-09 390.518
-59.2816 0.0587562 3.59191 68.1202 19.1216 14.7187 47.4399 6.61408 14.831 19.0493 2.10481 3.58326 1.61655 2.68567 14.3356 0.25196 164.677 64.1239 1.19183 4.99421 13.8428 12.9523 5.82871 3.58314e-09 385.441
-59.0491 0.0422058 3.3077 61.5483 27.3117 21.025 43.7497 19.2631 8.81233 0.826067 4.24296 1.5618 1.769 7.47266 7.98249 2.94026 164.677 66.3295 4.53357 7.63811 18.5051 35.7446 21.3047 3.58314e-09 383.932
-58.8388 0.0130222 3.65588 58.2529 25.3431 23.2127 43.7497 6.11091 9.60388 18.0302 5.98883 1.90327 4.59213 9.5648 2.13825 18.4954 145.069 59.7634 18.8169 11.9563 10.2793 29.2447 22.9654 3.58314e-09 383.324
-58.8499 0.093662 3.38007 58.2529 21.4526 23.7204 41.6527 6.11091 6.39575 23.5065 6.15412 1.76755 2.5596 3.09816 14.9108 25.0277 135.094 72.1902 3.48707 7.73944 2.77562 19.3723 22.8237 3.58314e-09 382.088
-58.9609 0.0747842 3.39256 59.621 27.6685 22.51 40.6891 0.227728 9.26418 15.4183 5.29974 2.93702 4.42391 1.27192 12.6293 24.8547 144.264 72.1087 13.7507 5.0067 25.2426 33.7017 24.1111 3.58314e-09 386.11
-58.9678 0.0239634 3.56005 61.2205 19.9197 20.3823 48.5352 0.734857 12.7444 10.3878 7.36063 2.95711 6.20205 1.14861 35.0659 22.312 123.424 51.6726 2.40941 17.2635 2.68709 100.985 35.5076 3.58314e-09 397.828
-58.8643 0.0419815 3.484 57.079 27.109 24.6717 48.5352 4.27705 7.65 5.69421 12.1522 3.95005 2.24556 12.0008 21.6045 22.312 128.377 57.1295 7.76202 14.0069 14.2111 89.9814 44.6897 2.22964e-07 394.658
-58.7693 0.0539515 3.34417 52.2571 35.455 20.2318 44.4647 4.49366 8.73798 23.0412 4.40288 5.8522 5.66876 6.66781 12.6774 25.0293 128.347 58.5889 9.83368 18.6696 13.1973 36.0136 31.1603 3.17226e-06 395.635
-58.893 0.0490063 3.6485 54.0532 36.2605 25.9541 40.5026 12.6932 7.66109 9.8897 1.01526 5.26863 4.15028 8.36377 22.106 19.5399 127.891 71.2883 4.50726 9.65009 20.7109 34.4955 17.7202 1.03242e-05 394.043
-58.8806 0.0506405 3.49379 59.3947 28.0103 20.8973 46.563 15.8486 7.59644 13.2064 1.93084 5.11485 4.7322 4.08753 19.0706 20.1274 120.314 75.3943 16.558 2.27465 42.966 12.9498 0.696121 1.2267e-06 390.116
-58.9081 0.0326799 3.13483 56.8532 24.4817 15.6543 48.269 5.80535 10.4229 13.2064 7.92924 4.94264 14.5347 3.49099 6.33576 26.5523 129.578 69.7239 10.2926 1.66183 6.89435 14.8818 5.81796 5.68341e-07 395.713
-58.9285 0.0245341 3.56976 59.9798 26.7611 16.3507 42.6559 8.60153 11.1391 5.65246 6.17003 4.69871 11.3105 24.5414 4.3625 2.06555 143.295 72.313 11.3856 1.33074 70.4565 16.4619 16.5484 5.72557e-07 392.041
-58.81 0.021755 3.68926 55.6007 32.6905 19.9967 53.5219 9.5699 10.6018 3.78258 6.46556 4.47246 0.0707442 16.6586 8.26329 5.64758 140.078 76.2252 6.82383 0.463929 38.863 20.672 13.1644 8.63667e-07 389.146
-58.8028 0.0217556 3.6487 58.965 31.0295 13.7065 56.1805 13.6684 5.73447 10.6244 4.41789 4.44883 2.24649 11.5503 7.4472 7.04417 140.519 71.2725 15.2297 4.63244 43.3189 12.4078 8.21514 5.51989e-07 388.067
-58.9775 0.0216619 3.49095 53.5786 38.6975 29.4281 27.7648 3.10578 7.8143 21.0325 5.10081 3.17538 0.633897 16.6422 3.90935 7.73625 153.063 64.5445 15.9799 7.50671 13.0164 32.1091 19.841 1.24906e-07 384.068
-58.8442 0.031611 3.81387 53.055 32.3955 30.8179 26.6578 10.1373 19.6894 9.89903 6.42499 2.41437 0.633897 11.9472 1.46996 3.46886 176.261 53.7489 10.6328 6.09122 11.0418 63.7564 2.80756 5.1808e-07 387.06
-58.772 0.00736254 3.47369 52.3714 36.2014 33.4399 34.3126 2.62469 10.3439 13.8393 3.42713 2.37248 1.53188 13.6528 4.82543 4.15767 170.224 55.3642 11.515 6.28869 9.49971 19.0578 5.23441 8.21451e-07 383.359
-58.8124 0.0134674 3.38761 52.0191 33.2751 32.3514 32.9804 2.62469 14.0794 14.608 3.99102 4.20097 3.83253 11.6866 2.9597 6.47191 175.059 43.0658 9.58915 5.29085 11.575 62.5181 6.6929 5.33223e-08 388.294
-58.9238 0.0199414 3.73503 50.1779 34.9558 33.157 32.7509 2.62469 12.7144 12.5893 4.16954 2.32911 3.67922 5.15302 6.67985 2.02251 175.059 59.794 4.10435 11.0435 26.2795 17.9767 24.7128 7.94632e-07 390.28
-58.8943 0.0608182 3.22327 54.269 30.6513 37.5928 31.1313 2.62469 11.8409 9.00767 2.65346 5.10677 4.11898 5.24807 12.7788 4.98275 160.659 59.9037 3.91441 11.4123 33.3187 18.2518 16.0046 1.76398e-07 389.136
-58.8213 0.140071 3.17164 60.4965 21.9255 36.9908 30.0812 9.38144 5.09472 8.86265 9.19913 4.89046 3.868 3.42358 13.9082 4.8804 155.942 60.5073 10.5447 11.51 3.86811 23.6073 23.1237 1.71101e-06 393.972
-58.6936 0.067328 3.5202 56.911 21.4912 62.9262 16.1226 15.8572 2.50226 2.82663 9.0177 1.14243 7.40836 2.9621 9.68356 10.8021 154.188 67.9538 6.11675 23.2093 24.0786 25.398 13.3272 4.31184e-07 393.911
-58.9174 0.0342525 3.29681 57.3447 21.0987 52.101 20.1786 17.7451 4.96776 3.13182 17.8356 0.42416 6.5454 3.8967 4.91671 9.23329 160.42 62.8982 2.03704 20.4893 35.4111 16.0631 2.66404 5.01254e-07 391.253
-58.9304 0.0287651 3.61939 57.8407 18.8229 52.101 22.9048 10.7598 5.50513 2.93337 14.5346 3.33194 4.08532 10.0225 9.2977 11.1008 156.614 57.1343 3.59266 26.7273 16.1011 19.1373 7.46384 7.25427e-07 389.805
-58.8137 0.0185343 3.39444 59.2429 18.0565 53.0404 14.4792 25 6.27474 3.22418 5.84194 2.99873 4.91745 11.1886 22.2526 11.955 127.328 74.4951 7.39263 4.45756 27.8238 31.6894 6.13161 2.76784e-07 387.51
-58.8538 0.0166179 3.69504 58.0402 17.7628 54.2491 17.6299 21.2329 12.675 3.00838 1.75106 5.06932 3.2213 11.991 22.5673 12.0906 124.33 80.8249 9.28224 9.8422 7.82978 16.0127 1.23734 3.48827e-07 389.67
-58.6639 0.0819576 3.28797 55.2107 19.495 54.2491 17.2698 19.6142 13.7821 3.11323 6.29647 3.09717 6.06791 8.22747 10.2066 3.75269 144.396 79.9831 3.71842 5.1439 7.03423 17.1183 1.57874 3.47759e-07 390.017
-58.719 0.112714 3.29775 61.6072 21.5292 45.9997 29.6157 15.3727 5.77263 2.30667 0.620107 3.11214 3.55679 7.43449 16.4903 10.84 148.926 65.8641 7.01209 3.88655 13.2545 5.30668 3.48846 2.32106e-08 382.623
-58.985 0.105972 3.30862 59.8051 26.8732 40.9008 28.1296 15.5725 6.62266 5.21571 1.92569 4.10752 8.12199 1.30946 2.41476 16.5381 148.546 76.2368 0.71734 7.46612 19.3069 29.2108 5.77788 1.38706e-07 387.425
-58.8957 0.0918502 3.18233 62.2137 14.0449 59.8287 4.8922 27.9192 9.95627 4.55789 2.08001 1.43406 5.0562 9.09405 4.17022 15.2567 148.584 74.1464 3.26875 9.10831 51.089 24.0262 3.54303 1.2175e-06 388.154
-59.2045 0.0502431 3.49474 62.1042 14.1679 64.0717 3.7235 22.2682 8.06859 4.21476 1.77603 3.56082 2.48875 12.1391 7.603 15.6009 149.107 71.974 2.01017 8.69463 73.7147 14.3013 17.1524 1.12963e-06 389.992
-58.9741 0.0545997 3.60728 64.9445 12.7053 64.0717 3.7235 21.2688 10.4247 4.33532 2.50146 9.51185 2.53082 11.6481 3.79591 12.2946 148.725 69.5305 11.7859 1.76621 55.678 21.8603 11.638 7.05065e-06 392.317
-58.8476 0.0337359 3.50598 66.8076 9.60129 62.2421 3.7235 29.4827 15.5168 6.2847 0.574282 3.65473 0.302856 9.53798 1.37163 13.6937 139.566 85.2712 4.74046 0.55223 61.3118 21.6463 30.1824 7.94628e-06 393.887
-58.8883 0.0430687 3.2909 63.3167 12.0105 62.9776 6.28288 3.04717 16.2472 8.29069 6.11549 4.14355 6.36288 12.7171 4.29512 19.7977 143.888 51.4327 22.0626 0.824472 6.32482 18.3277 31.9012 1.69419e-05 396.26
-58.951 0.0204854 3.59317 61.8643 13.6762 62.4822 6.28288 3.50605 17.9903 12.7734 6.74299 4.1147 1.9528 14.1272 1.57628 19.3619 156.398 52.1532 4.87104 5.97587 0.855495 0.412472 51.185 6.87022e-06 388.08
-58.7414 0.0539985 3.43277 60.9728 13.4231 62.4822 6.28288 16.3764 13.7437 10.3288 8.06467 1.27444 0.295686 16.9354 2.42566 14.8622 155.221 48.2589 5.46569 7.30627 37.1071 6.07759 48.8968 2.85868e-06 392.113
-58.8345 0.0313442 3.96531 62.213 8.21377 62.4822 6.28288 13.0487 12.3394 17.9873 5.19648 5.69083 0.295686 13.6413 2.40496 15.9205 155.201 52.5454 7.32533 2.85333 2.3714 3.91408 8.21489 9.93601e-06 389.71
-58.7007 0.0307476 3.83033 57.0268 16.5846 66.2207 6.28288 14.8237 5.66093 16.2684 6.27245 1.07191 1.02209 21.3128 6.92385 15.0993 145.686 49.3124 16.0545 4.01748 4.10123 29.5477 6.35845 1.33256e-05 395.408
-58.8955 0.0228911 3.49187 57.8751 18.2127 61.8929 6.28288 20.5651 0.784612 12.1552 5.63236 4.48272 4.19732 12.8269 3.9009 19.3184 145.517 58.4878 16.1462 5.56738 14.1367 2.31094 2.26378 1.89048e-05 392.291
-58.9046 0.0369889 3.45794 58.3677 18.483 62.4694 12.7387 17.7694 3.71151 3.55005 8.58248 4.99188 2.80443 4.89127 2.72207 22.6736 152.701 64.7321 11.8062 6.11482 38.5331 27.7416 57.3778 1.41635e-05 392.356
-58.8861 0.0308758 3.39634 65.0647 25.7151 54.5917 12.7387 16.4033 1.67772 6.48356 4.43481 5.87157 1.57968 2.78014 3.37109 12.3583 152.284 62.0711 18.44 0.369107 13.7096 19.5416 25.0894 1.64577e-05 394.454
-59.0403 0.0478879 3.66526 55.9452 26.6899 54.5917 10.5347 25.0826 2.97439 4.42288 10.0729 2.00131 0.214381 2.41585 8.34342 24.0574 150.012 64.5983 5.25122 3.75665 11.6413 13.5086 53.1573 0.00027988 392.476
-58.8772 0.00296706 3.40378 55.1064 27.6737 54.5917 9.13219 18.5733 5.22179 9.70726 10.7561 1.88926 0.949548 0.929978 10.6572 23.3699 145.624 70.1578 10.0244 5.63276 2.43381 4.47831 52.4776 8.87822e-05 391.816
-58.8229 0.00558859 3.49503 54.3821 29.4447 58.1811 1.70388 12.9923 14.5151 10.979 3.78641 1.89109 2.79079 4.7112 9.98804 9.81697 146.938 81.5358 0.944454 16.1379 14.003 28.8533 9.76775 5.4923e-06 388.823
-58.8463 0.0882259 3.34146 56.762 30.0061 59.813 5.31832 13.9991 10.9345 4.65888 5.21168 0.22569 9.82649 8.57213 6.84935 11.9817 140.207 81.5358 3.65857 9.93518 10.1466 31.8039 11.7958 5.70799e-07 388.025
-59.146 0.0988963 3.06113 55.7888 26.4144 66.0429 3.63207 2.40267 6.59245 3.2672 9.52428 3.01514 10.6454 0.886286 14.0598 27.308 140.207 66.1065 9.09258 18.2209 20.7686 82.9146 22.5685 4.62387e-06 403.102
-58.9686 0.118701 3.29649 56.1614 27.2027 66.0429 3.63207 4.80594 6.71913 6.56109 9.28889 2.23707 6.08133 5.47058 14.0598 15.5492 147.287 75.9488 11.2285 3.62696 11.9692 26.1964 32.3036 1.4737e-05 392.916
-59.0436 0.146347 3.06594 60.808 20.6706 63.8442 8.1776 7.91745 7.45675 0.660146 10.1214 1.31113 7.08766 5.62593 15.0773 18.2992 138.98 76.2025 11.0922 6.07622 13.7754 2.85927 7.36717 8.44152e-06 392.961
-58.9303 0.111144 3.00868 59.0527 24.3225 62.1003 8.1776 5.76282 4.2465 2.5438 15.2793 6.12025 6.61714 2.00219 8.74208 21.8327 142.162 71.1368 13.2888 2.58191 2.31766 24.5296 12.3917 2.22478e-05 393.682
-58.7912 0.0214948 3.66675 58.9845 24.3537 56.7872 13.3246 1.08996 8.00486 10.5015 4.73954 13.7122 4.18245 8.31961 5.07899 24.4124 145.657 64.6297 8.36167 0.857375 2.3002 4.29423 12.0799 9.19168e-06 392.505
-58.7428 0.0181008 3.50253 66.0986 18.7454 56.7872 9.63637 8.88518 6.43961 24.3456 2.26473 3.18125 12.0318 3.59677 5.07568 11.1879 143.362 53.4613 17.4881 4.92716 2.84826 1.37701 43.8735 4.89548e-05 397.645
-58.7869 0.0106025 3.58316 66.0986 8.8803 56.2838 9.63637 18.3481 5.47467 19.9113 2.80186 0.74714 5.27697 2.47474 9.65493 8.35385 165.144 55.4642 11.2023 5.38085 3.64659 23.6572 29.9257 9.04064e-05 390.166
-58.8772 0.0110091 3.60957 68.0353 4.269 65.7447 10.9054 13.9645 5.33493 17.59 0.127156 1.02151 6.5189 11.6359 8.88273 5.14738 165.144 56.2291 6.95113 1.52591 13.7712 9.5988 8.13392 7.64196e-05 386.354
-58.8274 0.00958559 3.72214 63.8564 4.06275 65.146 7.68418 17.6955 11.5194 20.6204 0.977691 0.0535515 7.23634 1.86544 10.4109 2.48029 165.144 51.3712 17.405 6.05203 12.604 61.8538 18.1849 5.61757e-05 398.786
-58.8191 0.0144329 3.61489 60.5208 11.8365 64.2305 12.4535 5.24288 12.1244 16.1279 3.46883 0.167455 3.90212 9.17327 12.6968 2.81237 171.022 51.8743 4.11373 6.25888 27.2043 38.4713 58.2272 2.60254e-06 391.017
-58.8872 0.00168605 3.5901 60.795 11.6483 64.2305 12.9037 5.71288 17.0265 11.8287 4.90393 0.769163 2.50014 9.17327 6.87029 4.94298 170.969 50.0936 11.6878 7.15688 21.3649 29.7394 37.9417 2.60254e-06 385.873
-58.6775 0.0614582 3.49621 61.2512 12.0332 61.1122 12.016 5.71288 15.9986 16.1307 3.23404 3.71663 2.0952 9.17327 4.88848 10.9612 170.969 47.8973 14.1601 9.15974 11.7381 51.7425 4.88291 2.60254e-06 390.436
-58.5692 0.0493163 3.74951 59.8872 12.619 64.3904 13.0393 5.29447 13.0375 16.5385 2.47679 1.85318 1.02159 6.82236 10.7192 19.5985 154.171 62.0565 0.623311 8.09845 5.23552 24.9104 9.52752 2.60254e-06 388.461
-58.8123 0.0122758 3.79159 60.5457 12.619 64.2516 17.1618 5.69862 14.1634 10.4828 1.90296 3.6089 4.37418 6.82236 7.63707 19.3691 144.47 68.0662 3.6507 8.35868 12.5439 25.8969 20.7833 2.60254e-06 385.018
-58.8844 0.0122758 3.88886 60.2957 18.5138 60.5117 22.7763 0.63404 6.50763 11.9709 1.08917 3.90751 1.45417 15.6244 7.51076 10.442 161.809 50.8302 3.59219 5.09751 12.1353 5.19164 27.3778 2.60254e-06 387.534
-58.9209 0.0110231 3.74565 60.8427 19.1711 57.2665 21.8876 2.1473 9.80068 10.2797 1.97124 4.16007 1.74645 16.0799 8.18362 11.7567 157.998 57.1125 2.07 2.84095 14.6608 6.58539 5.10625 2.60254e-06 389.711
-58.9004 0.0100978 3.54288 60.7713 12.3742 53.5209 28.0775 9.6407 14.3082 13.3928 0.417517 3.8437 0.820161 13.6974 2.28456 1.29449 158.768 63.9645 2.16963 12.4689 17.4881 6.11785 4.29524 0.00115053 390.241
-58.7169 0.0300174 3.49278 61.855 17.5491 49.002 27.6105 0.194824 16.1613 9.40261 7.17557 5.21029 0.863259 13.2412 6.26744 1.29449 158.593 71.4841 7.13019 13.6388 19.5282 9.02238 4.58244 9.88755e-06 391.047
-58.5445 0.045136 3.34564 60.1992 14.9364 60.3295 14.1865 9.88294 22.0878 2.60722 4.09373 5.12741 1.65687 7.5054 3.13836 11.5316 156.747 63.5977 6.61632 12.3342 11.5168 0.211674 20.3003 9.88755e-06 389.13
-58.9677 0.0452821 3.3817 61.1223 14.9364 55.7575 15.7285 2.35199 26.295 2.24991 6.18125 5.20741 0.318775 10.3908 3.0547 10.1317 159.151 63.2574 3.9593 13.0501 16.253 6.04262 3.09955 8.49452e-07 386.084
-59.1916 0.0442846 3.64424 64.9314 12.0541 49.9911 14.6486 7.12346 25.5184 2.24991 9.87601 5.98645 1.87031 11.2382 11.3492 4.81918 157.694 61.9763 3.58681 11.6503 19.4421 16.1228 7.44764 8.49452e-07 390.112
-59.1154 0.0497379 3.50443 71.3616 7.60566 47.4682 20.3989 5.12275 31.8141 1.7522 1.76386 9.69857 0.781376 7.97064 11.6892 4.81918 150.766 67.096 20.5676 4.09894 9.41578 12.2645 7.24075 0.000115768 394.215
-58.7809 0.0269763 3.91451 66.6051 7.64143 48.0789 23.3914 3.59212 29.702 2.73016 1.22476 9.69857 0.968861 7.80408 7.09908 6.73452 149.018 75.5933 12.449 0.817356 11.2053 9.38415 5.8401 0.000115768 393.524
-58.7674 0.0367163 3.33119 66.5284 20.7692 32.4353 28.2223 3.23588 27.9969 5.8624 1.73663 3.15732 2.14661 9.75927 1.46216 11.6546 150.248 74.9086 4.8238 2.7287 16.319 40.234 17.9896 1.73159e-05 390.896
-58.7688 0.0352076 3.32731 61.0293 21.6822 40.7168 28.1724 0.66583 27.9969 10.3803 0.838029 2.08125 4.43504 13.1583 0.894483 12.1877 149.52 72.5103 2.33245 5.00869 13.8068 30.5434 7.41023 1.16532e-05 387.201
-58.7788 0.022281 3.3741 61.1983 20.5429 42.8843 26.5798 0.66583 27.9969 5.64503 1.88422 3.467 3.37936 10.2838 1.65153 12.1877 151.684 72.5103 2.36145 4.82234 13.1436 11.9453 15.4301 6.61746e-07 381.221
-59.1664 0.0724594 3.48687 59.9673 20.0664 43.1317 27.5426 7.9948 19.5734 7.19519 2.17736 3.52457 4.05578 6.86764 0.403043 22.5445 151.772 64.001 1.66074 1.08003 0.90896 12.0141 14.3112 5.72294e-05 391.14
-58.7922 0.0290397 3.78075 56.4433 24.7124 42.5816 29.5379 8.96765 15.9905 8.29583 1.19316 1.55398 3.89318 7.00661 0.403043 22.5445 149.894 63.6786 2.86243 7.17982 6.44239 4.12246 8.64439 5.72294e-05 387.394
-58.8956 0.0334699 3.67385 61.3801 21.1958 40.1892 29.1672 13.6207 4.52972 14.6825 1.31591 2.56386 3.82254 3.35602 4.68459 23.6909 149.102 68.2731 7.50433 1.51395 11.1776 0.0290341 12.5803 7.5315e-05 386.845
-58.8619 0.00482156 3.39806 60.5761 36.8327 26.2915 24.2255 9.71977 4.52972 19.2382 0.671848 6.73914 4.67577 2.88051 7.02094 22.1792 141.61 77.8245 4.08863 13.0659 16.0098 2.1436 19.2173 0.00104122 394.994
-58.9473 0.0259151 3.48059 55.8321 41.0059 28.5794 29.0904 17.1457 3.65181 11.1381 0.590094 9.6218 5.98471 9.20316 6.84801 3.01341 134.957 91.5067 2.1521 3.46931 29.1596 29.5403 15.7551 9.12414e-05 396.382
-58.9085 0.0130516 3.47986 58.085 30.9425 28.5794 26.248 17.1457 0.990641 11.1999 1.09955 11.2337 8.85317 15.6581 5.28159 3.01341 148.547 77.3066 3.85806 10.4207 35.6051 26.8235 12.0646 0.0001279 396.895
-59.0157 0.0440739 3.53457 54.4763 38.8054 26.2861 24.7015 24.6123 0.558991 15.8082 1.40983 1.81569 4.62448 15.532 4.29382 16.3709 143.414 69.8556 3.79556 2.99859 27.6207 21.7036 2.18142 4.1618e-05 389.574
-58.9245 0.0238761 3.68503 54.968 30.3538 26.2861 33.9273 15.1117 0.558991 18.6357 5.10505 0.588926 3.16425 17.2737 5.50337 21.8326 135.354 70.4558 3.85844 6.4712 6.23024 20.0838 39.2152 8.85146e-05 390.937
-58.9234 0.0288089 3.71526 63.8682 21.7153 22.3758 42.5159 14.3188 9.81233 10.7662 5.20697 0.353581 3.64988 18.3564 12.3789 17.3341 137.728 51.5091 11.6958 7.17512 4.47269 25.9006 58.2488 5.12202e-06 397.737
-58.7762 0.0260359 3.51325 64.0005 25.3633 21.7326 37.8124 16.6947 6.86717 12.757 5.73556 2.46952 1.24917 2.80608 12.2224 4.41923 176.577 42.6486 10.268 20.02 51.6817 28.7459 14.5466 0.000524406 397.248
-58.7846 0.0248627 4.10461 59.409 24.5075 21.7326 46.4283 15.8078 2.39973 15.8974 3.5769 1.99569 1.23737 9.94489 7.09855 5.44204 157.925 52.6674 13.7484 22.7355 25.7937 56.8198 14.4032 0.000327376 397.234
-58.826 0.0572363 3.3921 61.7347 26.1674 13.6381 50.6992 8.53536 11.1039 12.7507 0.987529 1.28376 9.2961 14.1894 7.43098 2.20975 153.512 61.1978 2.35838 15.7767 13.5584 26.11 2.90362 0.000258924 394.356
-58.7517 0.0790411 3.32703 62.8237 26.1674 12.4684 50.171 5.15437 18.3215 8.52194 5.32427 1.66656 2.73242 6.61933 5.40189 19.3747 153.558 67.2205 3.17945 10.8062 20.7252 5.53905 8.90908 4.2944e-05 388.996
-58.5791 0.0783983 3.33873 60.457 23.9356 12.4684 46.9555 24.2914 14.1121 7.31303 3.40337 1.93722 1.0491 6.68518 4.54351 24.2142 135.099 75.9479 4.30203 12.1135 12.8653 57.7215 20.7081 2.2629e-05 398.016
-59.429 0.0754756 3.45997 62.7183 22.0492 11.2021 50.6777 26.2327 5.5415 4.27631 5.11906 0.751821 2.05082 6.84459 6.12258 16.0942 140.863 86.8203 4.68823 9.6026 2.58512 71.2368 19.4254 2.35415e-05 398.139
-58.4852 0.0287245 3.46905 62.9121 25.3126 9.42663 53.2549 28.6482 5.3617 2.67136 5.11906 0.599512 3.88267 10.1972 2.31867 16.5556 145.816 68.3531 2.79795 7.17241 2.58512 1.49051 18.3513 1.20274e-06 389.076
-58.9948 0.0500109 3.38786 61.7925 26.6473 16.4394 44.3326 28.6482 2.48347 1.85442 5.67317 2.87225 1.91046 12.3626 4.75072 15.9352 144.371 68.9381 4.68457 13.5278 17.4691 5.29239 32.85 1.53807e-08 384.298
-59.4053 0.068312 3.28507 61.6655 23.1369 23.391 46.3993 28.8706 1.05164 1.96056 2.47743 1.26396 1.11364 12.3772 6.07976 15.3697 146.294 68.5154 5.81939 11.7144 18.4125 20.6816 4.56309 1.53807e-08 385.92
-59.6982 0.107934 3.45826 56.8219 26.948 29.7925 42.6359 28.8706 1.41126 1.8395 1.60198 1.61111 1.02918 5.50806 7.67827 18.4477 149.341 68.0633 5.51018 3.78518 13.5109 35.729 32.1609 7.94143e-07 390.26
-59.0455 0.0940805 3.19157 59.5742 22.8678 26.6078 43.6167 28.8706 5.3558 0.683569 1.4514 2.78802 3.44501 5.15249 6.31094 20.0023 144.444 67.8346 5.64337 6.00642 18.4118 21.0677 6.18914 2.62798e-07 384.018
-59.1702 0.070666 3.4529 68.9218 18.4934 23.0963 41.5698 30.1675 2.91868 0.683569 0.967177 1.41648 3.13521 2.51521 7.05384 14.7247 169.281 50.7652 17.0547 10.3194 42.8852 19.6561 4.97207 3.74696e-06 392.113
-58.8692 0.0632326 3.56003 63.6111 16.7855 24.5588 39.7392 20.4842 6.52758 10.165 1.3233 3.91864 7.91773 4.49309 8.64669 5.16476 155.967 58.7407 13.952 14.2946 5.65239 39.5805 7.01087 4.40356e-06 395.049
-58.7865 0.0137445 3.54701 60.8013 23.4813 28.5435 34.5535 29.135 3.13327 1.71483 0.778759 0.371798 6.30376 12.1717 12.3342 2.32086 155.967 71.5538 10.5221 17.6389 1.43893 15.24 14.5301 1.0138e-06 388.81
-58.9395 0.031441 3.46727 62.6833 24.897 29.076 32.0473 13.4434 16.2212 5.13693 0.886615 4.82582 2.16892 2.01862 11.9226 6.13078 159.405 73.3286 0.250009 2.71577 19.4605 34.437 13.2856 5.5948e-06 387.738
-59.0531 0.0423204 3.38992 64.394 25.6627 30.1009 28.1632 13.8124 20.8487 10.9507 0.892779 5.88662 1.88823 18.9741 7.83199 11.9922 123.469 77.4829 4.498 2.35472 35.8298 3.47395 29.1699 1.25662e-06 391.273
-59.0237 0.0379979 3.54386 64.2085 26.0918 27.6756 29.8825 13.8124 20.8487 7.32198 5.49765 6.15881 0.781752 20.8172 7.95571 14.6394 118.921 78.4125 18.5848 7.81994 15.1167 6.50205 41.9372 1.25662e-06 392.272
-58.9122 0.0861001 3.45164 63.6207 20.2386 40.4808 13.6599 11.9807 22.0558 1.97115 14.0981 7.4913 1.35353 20.8172 4.09347 19.4383 126.031 78.8787 4.16819 3.35483 5.2385 19.1932 24.7974 8.69715e-08 395.232
-59.1246 0.0789417 3.46709 62.6314 17.2038 45.9011 20.6622 11.5476 23.8439 11.3028 4.81517 4.71483 6.88389 21.3296 3.2797 45.8007 89.4692 81.7021 1.89215 0.164541 18.8762 21.3016 4.87477 3.2637e-06 401.491
-58.9163 0.0839062 3.53774 64.0275 12.043 37.8949 34.3363 2.30505 28.3047 8.72754 9.30105 1.0265 3.44404 20.8381 6.55793 45.8075 85.9705 80.5512 2.8484 7.10618 49.1536 10.3796 13.008 4.00868e-06 398.012
-58.8607 0.0569455 4.03662 61.3127 16.6554 39.3736 32.8592 9.06472 8.60174 12.2721 9.12223 0.610019 2.7399 17.6267 23.8595 42.6767 82.8767 84.7203 4.13174 4.91283 25.6163 8.10201 15.0967 2.36121e-07 391.886
-58.7265 0.0115116 3.36277 60.9171 19.4052 38.5021 30.3769 4.93808 0.505481 26.1982 6.89981 1.97374 3.95721 16.9701 26.8552 31.5199 93.5542 88.3738 0.421912 2.77685 10.2351 7.10064 10.7812 2.36121e-07 391.623
-58.9898 0.0625377 3.14903 65.1073 16.8978 31.5278 40.8569 4.26406 11.5677 13.8665 1.88724 1.28689 2.18115 16.8716 28.3528 35.422 90.5092 82.458 7.85923 8.34581 14.4354 10.4685 13.0076 2.5472e-06 396.097
-59.038 0.119453 3.18157 63.1021 17.6654 21.0083 52.7055 5.20711 11.5677 12.3898 1.70418 0.0846302 2.36277 18.7288 30.5233 28.7826 91.9961 85.1507 8.2028 5.00928 4.71587 9.72156 5.37631 1.39693e-06 396.17
-59.0015 0.094757 3.08882 61.1513 23.8893 15.8381 50.7895 4.63383 18.7401 9.15397 0.695075 1.27948 3.86671 24.8579 30.5233 26.3664 91.9961 77.3592 6.41054 6.33216 24.4104 24.1614 15.4351 2.80093e-06 396.497
-58.9467 0.0625088 3.5231 59.9419 23.2455 15.4511 60.9826 6.97023 13.8552 5.33781 0.634453 0.850261 8.23872 19.2757 36.675 23.0218 88.7016 75.4383 5.42074 6.87551 24.0854 10.1132 5.61878 4.12816e-05 398.08
-58.8572 0.0998674 3.28186 56.9479 24.9972 19.3823 55.265 15.464 5.91638 0.415914 12.1799 7.4493 5.4773 17.9381 3.31604 23.5569 118.515 81.7826 3.63334 2.72719 40.6664 30.0022 45.8472 3.46202e-06 396.12
-58.9114 0.0796732 3.30346 60.3791 24.7305 18.5557 55.265 20.1823 1.80122 0.415914 2.6034 1.91868 4.8673 7.53267 9.68654 34.1022 126.873 73.4706 2.79733 7.42577 0.855667 8.26578 41.2454 9.78212e-05 394.097
-58.8559 0.0167494 3.49794 59.2855 28.5549 12.0752 51.9036 21.3509 1.83978 7.1832 4.70369 0.777618 8.5857 17.0015 7.01354 7.79529 139.722 69.4591 9.16237 3.88963 56.5888 18.771 8.4821 2.15899e-05 391.267
-59.1049 0.0493383 3.42937 62.2606 24.9714 13.7651 59.1514 4.6155 5.63514 16.5104 3.35337 1.65618 2.33905 8.39387 14.3578 12.2745 141.157 69.4474 17.5226 3.89451 49.976 9.71783 66.1808 2.58944e-07 390.789
-58.8709 0.0497079 3.65652 58.2195 26.5996 11.8501 58.1889 8.58175 12.1173 8.82016 3.86565 1.55784 1.36935 8.1351 18.1074 10.9571 140.018 65.1157 7.46511 8.21432 21.6328 23.3951 39.0832 2.58944e-07 387.557
-59.0928 0.0397135 3.99069 63.3537 27.522 34.0247 31.7022 3.84063 11.2506 2.9494 13.5137 1.32828 1.10069 11.1389 9.77178 7.63898 158.415 59.0532 4.86375 3.71966 15.441 9.63871 0.671766 2.05152e-05 392.425
-58.9612 0.0378571 3.8607 59.3898 30.0238 35.3142 22.7637 10.9817 7.05503 0.491934 14.0437 6.3257 7.72493 6.10036 7.78642 16.974 146.232 74.8642 8.02147 5.247 19.3395 12.4288 1.33676 5.74171e-05 395.268
-58.953 0.0421091 3.38978 56.6023 30.0238 37.6726 25.2096 14.145 13.3184 3.89034 13.7137 2.43744 1.38835 6.10036 3.02644 19.2288 141.951 67.2445 9.43436 3.75775 2.29361 6.81396 9.95132 2.55768e-05 387.007
-58.765 0.0138442 3.521 56.0395 27.1993 36.5009 26.7493 14.9015 13.6326 0.96634 10.0192 2.10585 2.36375 8.46402 4.40669 23.7856 141.031 79.0803 6.59698 7.69587 7.99274 15.8216 11.8815 0.000299539 389.438
-58.8765 0.0219205 3.6338 55.7927 27.1993 37.9364 32.6239 17.5943 9.83671 6.89543 5.38613 0.31555 3.14003 5.90027 11.9321 10.9288 138.526 80.8249 11.3528 13.4043 4.93412 13.3081 51.7086 0.00036202 394.066
-58.9582 0.022187 3.65532 67.3326 9.17016 44.3742 35.6441 15.5296 6.66311 4.37526 10.8533 1.00276 3.1582 3.45979 12.4758 17.0848 141.913 51.4736 9.39179 10.2928 7.71388 5.23862 5.86276 0.000600773 396.107
-59.2447 0.084442 3.32761 65.8558 10.8861 42.6689 29.6801 16.6577 5.98556 8.49995 4.66202 3.00063 3.17425 9.6604 4.9991 20.8165 146.288 66.0052 8.83753 18.0729 0.93414 20.0246 4.82117 0.000749531 395.768
-58.8006 0.061434 3.30193 63.9436 9.66798 41.0918 28.2261 14.7531 13.7124 20.4266 4.39179 4.80705 1.94267 3.72395 3.45789 9.51028 160.874 61.8597 7.28339 3.64031 10.8855 25.4607 20.3726 0.00132298 394.027
-58.9373 0.0531845 3.55676 61.9351 9.55742 44.7341 26.0943 2.03384 19.9622 16.3138 7.86667 3.50504 3.81351 6.20704 3.71216 10.3681 154.592 68.8457 8.1215 1.94366 16.737 1.13763 22.8683 0.00106695 392.571
-58.8469 0.0454147 3.51546 60.2702 17.2763 43.9384 26.0943 12.433 14.9196 5.90084 7.16626 10.5 1.95887 4.64089 2.98801 13.8337 144.451 76.9928 15.2162 2.50252 37.5595 18.4244 61.6192 0.000510861 397.187
-58.7837 0.0206194 3.58115 63.6947 16.8965 45.4429 26.8367 3.46502 13.2727 22.1628 7.54256 2.13965 1.54856 0.560135 6.40449 9.01341 145.176 80.611 21.3474 2.50217 28.5624 9.99812 0.277311 0.000150536 394.669
-58.7843 0.0193054 3.81014 62.8968 9.5186 43.407 36.7447 11.3721 3.75172 15.1684 17.0664 3.61066 2.75568 6.63184 0.511385 7.48562 149.652 71.9237 17.6774 3.20942 4.29941 21.197 2.07362 0.000125164 392.495
-58.9091 0.0103189 4.05155 59.4784 20.752 32.3253 31.6033 10.5592 5.55144 17.5904 14.9822 0.152767 2.43871 2.70669 13.6842 11.2447 150.164 67.8048 4.65701 3.81332 10.1261 5.12894 4.21485 0.000402039 390.815
-58.769 0.0480929 4.19979 51.1212 36.6323 43.3884 19.5461 5.09 8.26873 20.1232 5.54232 5.91953 0.743079 3.65316 13.0733 8.76006 147.35 71.5088 5.1484 18.5485 6.81654 23.9767 4.69038 0.000200076 393.242
-58.7937 0.0173146 4.00744 51.3224 37.3384 46.4047 14.1452 4.28677 26.6497 8.86175 0.094633 4.49697 1.02192 4.01982 12.7103 11.0857 155.824 57.6594 13.0201 6.05925 9.59554 27.269 4.83906 0.000281214 392.787
-59.0265 0.0347431 3.26323 59.485 32.2705 38.1364 25.1004 5.65427 20.2327 3.65259 3.56606 2.63133 1.10192 4.02389 17.1933 14.5021 154.99 60.2046 14.5657 9.85003 4.77853 11.8836 12.7586 3.59981e-06 390.536
-58.6591 0.00750083 3.62446 52.1681 36.0564 33.6818 23.4368 6.72349 18.8037 15.2117 3.62922 4.7038 0.0896926 5.8542 8.8454 7.0778 158.764 62.5366 13.4949 10.8376 8.62677 15.0183 12.0064 3.59981e-06 386.245
-58.893 0.041667 3.60198 52.2505 36.0564 36.1382 29.4396 12.2569 10.3517 15.2117 5.32623 4.88655 0.768106 2.18532 8.15857 11.0131 158.683 53.4687 11.9455 2.50493 3.67856 15.7757 11.3551 3.59981e-06 383.198
-58.7712 0.0461508 3.42993 56.3854 36.0564 35.3374 29.4396 11.2213 6.51576 6.80722 5.12837 2.91033 2.12295 2.6406 10.5636 13.3309 165.516 50.3617 7.20673 2.13106 7.69036 29.3561 13.7464 3.59981e-06 384.236
-58.9926 0.0358627 3.37819 51.6405 37.8551 27.8048 37.7167 4.9639 22.6814 5.27403 1.81217 3.76455 2.99935 2.39791 9.29907 11.3778 164.477 62.3516 6.15588 0.643418 9.15185 18.9635 23.0655 3.59981e-06 386.86
-58.89 0.0172036 3.42467 51.6405 37.8551 27.4143 31.9431 7.33442 22.6814 4.79698 1.38632 1.44929 4.15035 2.58769 1.66557 19.5613 164.607 61.2956 5.66623 1.78053 18.2515 29.3615 25.8977 3.59981e-06 387.486
-58.8752 0.028519 3.57145 55.1809 37.8551 24.2212 36.6453 5.38029 25.2922 0.525776 2.86298 0.441001 7.03279 3.94971 7.07473 19.0425 155.358 58.8075 17.5331 3.47595 19.807 24.6602 42.4009 3.59981e-06 388.805
-58.8676 0.0297471 3.58152 56.1218 37.8551 18.3033 33.9691 5.01029 24.5965 7.43777 2.69729 0.572175 6.09938 3.85491 8.83815 6.04806 162.713 62.5961 10.39 12.7658 22.6319 34.0715 39.1079 3.59981e-06 390.005
-58.7569 0.0189552 3.47769 55.2309 37.8551 22.9275 32.0282 6.15997 27.1312 7.28338 4.9771 1.65324 8.06493 0.960497 7.77629 3.51746 156.072 70.5893 14.7606 0.447396 19.2288 22.9289 22.2092 3.59981e-06 388.484
-58.5756 0.00274523 3.50052 50.3212 37.7906 38.3051 25.7025 4.0997 21.3654 2.3987 3.80948 8.19528 0.629119 2.98865 10.433 22.2522 147.992 66.0275 17.9601 7.26657 13.3046 9.55432 9.2363 3.59981e-06 392.448
-58.8486 0.0194188 3.4478 56.7797 48.9084 41.2753 3.14113 3.21832 25.5883 5.59723 2.54485 1.95418 1.63847 6.1578 12.8982 15.5311 147.664 73.99 10.1038 4.89288 6.31178 2.71093 15.7248 3.8834e-06 384.382
-58.7298 0.00975251 3.46614 51.2665 48.9084 41.2753 3.14113 2.27047 28.9908 4.19852 5.54444 3.95431 1.44565 1.65031 9.73939 23.7278 154.982 54.47 9.56964 4.98752 3.43618 2.92299 14.8053 4.39202e-05 386.958
-58.8455 0.0187308 3.55036 46.5424 54.3582 41.2753 2.58874 3.52435 25.1878 3.14106 4.66956 2.40992 2.38756 2.46074 16.7288 20.6433 152.757 67.8755 17.7842 4.38504 9.12871 0.36573 16.5262 0.000128922 394.127
-58.6596 0.00985175 3.61846 46.6722 56.3276 34.8136 20.3869 2.5697 28.233 2.50929 4.47548 1.74609 2.45412 1.81048 6.43843 23.3622 141.564 53.9888 19.3315 23.7977 15.1172 42.8778 16.1526 0.000114495 404.14
-59.1393 0.0496753 3.5177 41.9844 67.8497 18.8194 19.3274 1.72625 30.8654 5.48081 1.44819 1.77481 3.62284 9.03726 2.5465 25.6756 151.082 53.4679 13.0688 5.9885 11.0091 24.6586 7.83044 3.5741e-05 386.905
-59.0313 0.0486125 3.32048 43.3503 63.9499 19.3912 18.6994 1.6179 38.7431 8.49026 1.46564 1.95753 4.14547 7.78435 3.47325 10.127 158.425 58.1555 1.04106 11.36 17.7498 22.3455 28.5249 0.000103729 392.692
-58.7818 0.0242716 3.52448 42.4736 67.8072 19.3912 19.4081 2.66098 34.8025 9.35974 0.0391777 2.69449 3.75695 8.25433 0.345337 2.15219 156.912 74.1069 4.70976 3.67834 29.3109 3.5004 41.945 3.63082e-05 390.99
-58.837 0.018892 3.35782 42.4736 65.2166 19.3912 16.0335 1.86709 34.9214 11.4884 3.78328 2.30596 2.50612 7.59148 4.39472 10.5469 145.854 74.1069 1.82419 8.70913 40.1078 49.8859 1.47569 8.23106e-05 392.517
-58.848 0.0299181 3.2982 44.9769 59.8517 20.6136 31.1907 2.02964 32.8183 1.96547 3.39123 2.73533 0.388237 7.3094 5.06688 10.8459 149.549 69.7953 6.73215 2.18667 6.99468 15.9471 11.6514 0.000246901 390.326
-58.8887 0.0313697 3.70094 45.3803 56.2014 20.1141 27.2872 0.319041 41.7034 2.32958 1.43176 2.74235 0.249699 14.5 1.62594 10.8975 148.606 69.4368 10.4773 15.4495 2.14604 12.9279 15.8116 0.00114535 397.272
-58.7633 0.0305918 4.00499 42.8476 59.2253 28.3133 19.1188 2.52159 20.9627 4.74285 3.13677 2.73948 0.530306 8.75436 12.4629 8.98831 155.115 68.5222 15.5083 9.12008 17.6455 6.8767 32.9323 0.000891146 397.215
-58.9367 0.0300811 3.57255 42.8577 55.0565 36.8829 18.1209 8.81433 20.9344 2.72068 0.827257 5.37109 2.17898 4.52689 10.584 7.35695 158.044 70.1721 3.54931 7.33791 11.2825 32.2274 5.94956 0.000401306 390.016
-58.6846 0.0485524 3.48886 54.7332 38.5905 31.3641 21.4425 25.0384 18.5833 1.20123 1.40133 1.50883 4.31843 0.952584 5.04995 27.4972 137.955 76.3406 8.41745 5.2774 18.2283 11.6455 7.83949 0.00102017 394.198
-58.9223 0.0361125 3.5169 59.7118 38.5905 39.5269 12.9243 22.6205 17.9059 2.82608 0.866232 1.22323 0.946542 3.61342 3.72353 19.6229 138.846 75.188 7.10951 4.48135 14.732 8.88271 10.5967 0.000830893 391.664
-58.8202 0.019098 3.4989 56.6743 32.0869 37.8542 27.5389 22.2523 11.2292 5.23734 0.23234 2.49272 0.669782 11.9344 2.39184 15.6171 143.203 74.9534 11.3414 9.49789 11.0287 20.5868 5.75526 0.00180937 393.67
-58.9127 0.0209255 3.21077 55.2142 28.7724 36.8618 33.1663 21.3047 9.50948 0.280108 4.34238 2.10115 0.727577 12.8452 1.4722 25.88 147.724 55.9756 4.28609 12.9516 7.53202 16.9152 17.0424 0.000276811 392.997
-58.9894 0.0236417 3.54606 57.5643 27.2833 32.8362 40.1216 14.5865 4.64015 3.15319 3.08152 3.34071 0.532481 11.8287 4.08578 19.2607 146.354 74.6658 16.5252 10.5655 31.5366 51.2607 28.9846 5.37938e-05 393.466
-59.0599 0.0397464 3.48494 65.8303 9.71398 39.7126 35.7314 17.4283 5.06471 5.05347 6.21165 6.54752 2.6186 12.3938 0.849812 15.1101 145.858 72.171 8.37662 4.9567 1.16296 13.9017 65.6777 6.18816e-05 390.346
-58.7712 0.106835 3.3653 63.0966 15.9248 38.5275 35.7464 16.6855 8.94621 5.79917 4.15876 6.40838 1.14296 13.4426 7.63328 4.25707 158.843 59.3935 8.79894 2.46654 23.2692 19.7162 21.989 0.000175366 393.017
-58.8579 0.0301253 3.59958 65.8485 8.56868 48.4398 23.3122 34.3361 4.77948 2.97928 1.77529 9.52419 2.6321 4.73521 6.46007 4.24371 161.823 55.0185 11.118 9.96333 27.6308 3.80202 9.57066 0.00100505 394.554
-58.8985 0.0114676 3.57472 65.9013 8.56868 48.6104 21.0865 26.9439 6.32323 7.61835 1.71957 2.49715 2.29672 8.29836 13.1241 2.90494 167.575 57.4475 18.1027 8.92238 11.1624 1.54846 3.86075 0.0016794 394.334
-58.8719 0.0368599 3.47021 64.7695 8.56868 52.6021 23.5226 21.2554 10.2441 7.95905 5.75203 3.38192 0.241138 11.3013 4.76509 5.34445 163.928 51.2432 14.0119 1.60912 0.237095 50.1745 7.55881 9.51966e-05 389.052
-58.6663 0.00403936 3.56893 61.8204 8.56868 52.6021 27.9886 20.3047 11.0773 7.76095 5.28856 1.06354 1.31518 3.77951 4.76509 6.26587 171.154 51.2432 9.4969 1.55194 26.8409 38.2732 19.598 9.51966e-05 391.576
-58.6572 0.0306566 3.39807 64.8511 7.75473 58.9692 27.7148 19.0883 11.0638 3.18251 4.5751 3.88668 1.30663 3.77951 4.76509 2.73829 171.154 51.768 9.44408 3.5425 6.42099 18.6418 9.32303 9.51966e-05 388.616
-58.6937 0.0758918 3.50165 62.1094 7.75473 54.8114 28.6475 26.0638 10.3631 3.18251 1.60465 1.68712 0.565217 6.40205 6.83005 5.28539 169.714 45.9268 9.15689 1.6114 20.4495 19.0697 2.28463 9.51966e-05 392.348
-58.8311 0.0858127 3.4411 63.2198 7.75473 54.9738 24.4942 27.9617 2.84585 9.38101 1.69933 0.931173 0.538335 6.3256 9.7021 12.6653 146.417 70.0315 5.5495 5.56342 10.9878 9.57318 27.2212 8.12178e-05 386.811
-58.8008 0.0128664 3.38671 63.2198 7.75473 52.7991 26.7096 27.9916 1.31383 11.7292 6.99289 2.87788 0.511878 7.20309 7.16 14.3609 149.028 64.48 5.21066 4.80731 30.3489 2.91339 4.18091 2.43072e-06 387.687
-58.7442 0.0230844 3.6717 63.2198 16.4859 52.9568 27.2939 7.44429 2.22332 10.9551 3.79647 2.8629 0.472876 6.31105 6.99892 29.1854 147.333 62.0492 4.15018 1.44749 25.8415 38.6591 9.1349 1.26075e-06 388.983
-58.8309 0.0347175 3.49469 65.0951 17.1688 52.9568 18.9849 11.2673 1.94739 14.8086 8.37058 1.26073 0.464782 1.95445 3.46054 33.0507 142.158 58.1515 6.56754 16.287 20.847 29.146 28.806 9.73309e-05 393.743
-58.8964 0.0165292 3.47467 62.156 21.3823 54.9042 11.5398 7.67019 4.2928 14.284 7.13784 1.80523 6.08799 12.612 4.69647 14.6888 160.382 56.6718 7.71019 3.34011 16.3636 43.0538 9.88974 0.000416483 391.893
-58.8819 0.0463798 3.11634 66.175 21.3823 54.9042 10.321 6.63845 3.17923 12.5491 11.857 2.65593 4.98269 16.2924 2.45542 10.0595 159.009 53.0557 10.6229 3.69041 6.63578 37.4734 30.6488 0.000196352 396.563
-58.7013 0.0323563 3.49593 57.3386 20.5467 55.2627 10.657 17.5867 5.46925 11.6947 12.2607 3.60399 0.504135 17.3916 1.52966 11.3407 143.875 70.8868 16.5425 0.80991 2.4867 27.0161 25.353 3.16658e-05 393.602
-58.7405 0.0198555 3.40696 58.4577 20.5467 57.6276 13.4633 15.2484 7.50683 8.62715 9.92649 4.95816 1.14212 17.3916 1.43376 4.59261 148.436 78.7102 9.05609 5.33789 42.0694 6.15613 34.2419 8.09207e-05 390.045
-58.7529 0.0511502 3.44779 60.7189 20.5467 45.8568 14.3593 28.5305 2.07193 5.67279 7.74097 4.00052 0.667429 19.6031 4.50646 5.44876 140.99 56.4585 5.68115 13.2592 59.8673 28.5339 17.1249 3.12355e-05 401.001
-58.732 0.0770828 3.42306 64.9606 24.9155 56.122 6.26635 22.0144 2.17853 1.96895 7.32983 2.00497 5.00412 17.6877 10.8293 15.01 135.641 66.3901 5.17904 10.7198 8.48523 29.326 8.86146 5.85932e-06 392.583
-58.8683 0.0483906 3.33559 58.2567 22.9605 54.6983 12.3482 16.5486 7.7473 12.961 0.967293 1.57881 7.3941 26.8092 8.81584 8.05724 133.819 68.8089 2.84519 3.17424 4.14495 39.9957 4.7581 2.32156e-05 392.955
-58.7419 0.0109738 3.79849 60.404 22.9605 54.6983 12.3482 20.2404 6.88648 3.52472 3.79929 4.22258 6.92285 22.676 10.5976 9.6462 131.822 68.5063 0.595392 9.24265 11.022 15.8993 14.6476 5.8838e-05 394.333
-59.0173 0.036572 3.47746 60.2482 24.0332 56.721 7.13559 29.615 1.39148 3.44389 5.5189 2.67918 4.51353 20.0728 11.0383 8.65788 137.124 68.4573 10.7843 11.7386 7.13574 10.0502 24.4192 1.39177e-06 389.161
-58.6884 0.0103558 3.35829 57.3365 24.0332 56.721 8.96977 29.4684 2.0168 11.7851 3.25106 1.29926 2.04232 27.4033 0.224767 8.62289 135.873 69.0241 2.15063 6.71381 11.7862 36.5578 6.63851 3.41755e-05 393.84
-58.8206 0.0109191 4.18137 57.1665 24.0332 54.3398 2.87169 28.9318 6.04652 17.7381 3.46147 0.529122 1.32969 18.1034 4.66338 3.51841 148.479 69.7222 15.3249 11.7281 16.0712 53.2756 7.63944 4.86188e-06 394.002
-58.8687 0.0118626 3.58931 57.6179 27.7309 51.2979 7.98906 15.2802 6.77344 18.4409 2.02171 0.477452 1.41653 29.0551 2.66089 6.13814 142.312 72.5814 5.05665 12.6567 16.0385 34.3956 17.5148 0.0010525 391.21
-58.9781 0.0223651 3.40202 57.4972 27.7309 51.2979 9.13708 15.174 6.77344 16.0935 1.69668 2.59056 1.9519 29.0551 2.44291 5.90947 144.616 67.8498 3.62907 8.93993 21.8217 14.496 17.9173 0.000424395 390.109
-58.8762 0.0364888 3.40818 56.7376 24.1377 51.2979 13.702 10.9692 5.79518 18.4341 0.579381 7.21512 4.58866 23.114 2.13862 2.40922 149.303 72.4181 5.03183 11.1649 62.2665 18.8974 11.7154 0.000577446 394.881
-58.9365 0.0997504 3.22569 57.1714 24.1377 51.2979 12.6795 16.252 4.89983 18.0769 0.555963 5.16467 3.0949 22.4344 1.18959 3.13347 149.676 68.6738 4.5211 6.24382 16.0906 14.2345 9.796 0.000785605 391.649
-59.0864 0.0579017 3.36634 57.3553 21.0235 50.8755 17.4833 15.617 2.08072 11.9474 5.36462 7.40951 2.81672 22.1681 2.04719 3.03765 153.545 73.3588 6.2269 1.88753 61.1556 7.47147 12.687 0.000205373 394.242
-58.9457 0.105432 3.29837 57.3553 21.0235 51.4184 17.4833 16.1695 3.13758 12.277 1.23113 8.18192 1.55982 16.9908 8.23102 6.0304 150.888 67.1896 8.56522 2.60093 54.8682 1.41608 17.5031 0.000790795 394.974
-58.8466 0.058511 3.35502 61.4401 21.0235 56.2578 15.0233 19.69 2.3681 12.3005 7.58005 1.77668 3.38327 6.35968 6.36923 8.83975 146.422 68.7431 6.13791 8.06195 33.7834 26.5296 10.0461 0.00162997 394.662
-58.6023 0.0405329 3.33344 58.614 21.0235 55.9408 19.037 16.9986 6.97279 12.5845 5.71303 1.32043 0.157735 4.45662 12.9251 7.83294 146.422 77.8007 3.32606 6.45842 34.1728 17.9649 4.98579 0.00374104 398.522
-58.8131 0.0551771 3.62152 72.5563 2.08592 59.2965 13.4264 15.184 10.6534 10.0281 5.7186 2.52803 1.91888 6.34349 12.8412 10.1206 150.157 64.2371 8.54322 3.48669 28.1656 14.6002 22.5695 0.0082146 395.698
-59.1597 0.0374943 3.70239 72.5563 1.93686 59.2965 14.1596 12.4321 10.0461 7.7014 10.3831 4.23624 2.42584 6.00156 9.7381 12.5164 151.015 63.8112 8.05647 9.38185 26.51 2.99049 18.9647 0.000174149 393.486
-59.1267 0.0384698 3.52696 72.5563 1.93686 65.7579 9.01374 11.1911 15.2148 8.77784 1.6956 3.35774 3.7715 6.34353 5.67261 18.2144 159.272 55.2835 8.07558 8.8449 28.2282 21.6263 5.43906 0.000144368 390.122
-58.9053 0.0374595 3.35874 70.6978 1.93686 65.7579 11.9645 6.86019 16.0285 10.5127 3.96522 0.713905 2.16852 9.3991 10.2072 15.6477 156.826 55.2835 7.96517 8.80032 46.5029 40.6863 5.43906 1.87058e-05 388.857
-58.8522 0.0492743 3.40327 75.0832 1.93686 59.7657 11.9645 10.0247 15.462 12.4414 0.0909012 1.17376 2.79609 6.91963 10.4639 14.5453 144.486 74.2141 9.11679 5.2417 8.04843 32.917 7.50841 0.00184001 394.039
-58.9418 0.0313091 3.51589 75.0832 1.93686 59.7657 11.9645 15.6757 9.46124 5.65486 4.74765 2.40159 3.50003 7.46962 14.2137 11.3429 147.699 70.0527 9.21446 5.68476 8.7755 53.6481 14.8096 0.000849032 392.824
-58.814 0.0488596 3.43245 77.3133 1.93686 69.4723 2.80884 2.47434 19.2412 7.70985 2.60705 1.38842 9.19187 4.55328 7.02241 14.5432 150.696 70.571 9.1589 5.74941 33.3381 43.0389 9.43892 8.55225e-05 396.924
-58.848 0.0133613 3.48594 69.0206 1.93686 69.4723 2.80884 4.51731 17.2959 8.2028 12.0792 1.23063 4.17083 3.20555 4.28949 21.2293 153.975 71.5404 5.30049 8.70956 8.72993 13.1765 8.03376 3.84962e-05 389.59
-58.7992 0.119218 3.29667 69.0206 0.241342 69.4723 2.80884 5.21249 17.3486 16.5845 9.21369 1.40171 3.2504 4.61632 11.9804 14.5811 146.003 67.0201 8.93882 9.40995 7.11721 30.8867 4.74726 2.02966e-05 392.733
-58.8283 0.0217129 3.37267 69.5992 0.241342 67.1941 2.80884 7.84041 18.0134 17.4565 2.6732 4.53469 1.32066 1.67196 5.64105 10.1758 159.939 70.7678 7.50361 8.36936 6.97823 17.9878 8.95261 3.83516e-06 388.024
-58.7591 0.0156094 3.64025 66.6922 0.241342 69.8449 9.15629 4.7302 10.5946 19.0425 4.55421 1.83293 0.189556 1.79751 8.22597 27.6341 142.22 76.7062 4.16642 7.72624 72.7577 15.4566 4.81903 5.36824e-05 393.85
-58.9564 0.0150193 4.15267 65.2721 0.241342 71.7392 9.94743 3.35608 11.8201 12.8019 4.25663 4.41715 6.78336 1.31306 0.497109 31.0962 139.739 78.5428 2.59489 7.91154 8.23066 4.79863 31.5089 1.31246e-05 393.677
-58.7309 0.00470865 3.95267 66.3455 0.241342 64.4315 20.4185 12.6627 9.68673 17.1747 2.84963 2.57147 4.3577 1.02429 0.497109 30.6123 133.452 73.4858 15.5417 13.5851 3.15444 23.0771 6.14361 1.31246e-05 395.013
-58.7806 0.00809525 3.71632 58.471 13.466 64.4315 11.407 13.5069 8.47408 14.078 0.821561 0.790527 8.66071 3.6396 0.894258 37.4405 133.452 76.0963 1.50208 6.00693 11.1277 5.40708 23.6853 1.31246e-05 390.184
-58.7356 0.0156979 3.77652 65.3405 10.3291 69.1767 7.30853 5.99179 3.24905 21.0789 3.82999 3.32098 4.96075 1.894 8.09384 32.3768 133.452 62.7107 0.798367 7.03542 3.13783 8.13734 8.20652 0.00016797 393.996
-58.7725 0.0204604 4.16474 62.1229 5.85532 69.1767 7.30853 4.89358 3.74341 19.3799 4.52352 4.20566 4.80591 1.42473 10.2553 30.9021 142.009 68.2059 2.0027 11.8745 34.8199 11.3953 15.2856 0.00171325 396.455
-58.6866 0.019745 3.31935 60.4491 12.9907 55.0529 27.458 7.51945 14.6017 2.93273 3.90265 3.1911 3.43736 3.81724 5.88646 38.7012 130.266 76.7556 5.21238 8.57358 26.1286 51.711 33.0957 0.000233114 396.429
-59.0588 0.0377558 3.30303 70.142 12.9907 55.0529 19.3081 7.08748 16.3733 2.76464 3.51609 0.884837 3.2247 4.5224 10.9147 31.3466 130.266 77.3019 5.06834 4.08718 35.0833 17.8833 37.337 0.000189631 394.714
-59.0815 0.0187312 3.54957 62.0754 17.5282 44.9838 26.7585 9.90224 26.5386 1.65507 4.51974 2.04887 1.94694 6.33243 6.24398 22.1859 137.65 74.1747 10.5913 7.27971 17.6003 34.2083 15.7583 2.9822e-07 386.77
-59.2385 0.0725728 3.45039 52.2497 17.3974 44.9838 29.1919 10.089 26.5386 2.527 5.52409 2.05919 0.627175 8.33045 3.23758 21.6436 147.359 67.105 16.9763 6.05804 27.8513 22.4026 17.3976 1.15028e-08 387.725
-58.9306 0.0450823 3.53073 61.3922 17.3974 41.7561 29.1919 2.32193 26.5386 1.96912 9.76892 2.74771 0.134792 11.47 5.23744 12.4191 146.667 75.3706 9.51503 1.54821 3.75105 15.4932 66.7497 1.15028e-08 383.152
-58.9501 0.102379 3.41347 64.0681 14.2075 47.0011 23.7976 3.15091 25.2333 4.32106 7.17322 0.961925 0.456434 4.45117 5.46714 17.4212 147.636 81.7432 3.09635 2.03094 9.96123 25.7613 51.7631 1.15028e-08 386.116
-58.7459 0.0605858 3.99078 66.3911 14.2075 44.9266 21.5246 7.68038 25.2191 2.27928 3.4251 2.85959 0.695577 8.76445 4.38678 16.2139 151.57 70.0016 0.522745 13.1632 12.615 5.93398 4.16348 1.15028e-08 385.594
-59.1139 0.0724367 3.44643 60.4652 25.0796 37.4745 17.9023 3.34252 29.727 3.14399 3.77346 0.361826 12.163 8.05942 5.69088 10.2797 153.506 65.5074 2.31412 7.62851 20.2906 2.42061 7.57231 1.15028e-08 389.22
-58.8755 0.0516557 3.24908 59.1562 27.9284 36.6214 22.1854 3.34252 25.0311 11.0374 1.76246 0.798663 9.13591 5.97075 0.519795 18.4786 151.247 69.9464 2.63271 10.7279 23.7374 5.35601 0.0798507 1.15028e-08 384.559
-58.7114 0.0479601 3.48109 59.4878 27.9284 39.8495 22.1854 1.41025 17.8781 14.4225 1.70067 1.5309 4.98951 7.03949 5.84399 22.4457 149.272 69.2897 10.8701 4.34715 32.463 22.5 20.4645 1.15028e-08 385.842
-58.7572 0.102799 3.39014 56.9975 27.9284 40.9524 23.2586 9.39108 19.2904 8.38584 1.48103 0.985876 6.37079 5.32228 5.85294 20.5686 145.3 71.69 6.11944 2.9334 40.0869 25.589 17.6205 1.15028e-08 382.932
-59.1091 0.189444 3.28535 56.0345 29.6644 44.5449 20.6903 4.24964 13.1944 10.5565 9.91866 0.973455 1.99201 6.71464 5.92029 20.5686 145.3 69.4906 10.2422 6.26072 22.6549 13.6721 1.407 1.15028e-08 387.337
-58.7805 0.0175264 3.27866 56.7677 29.6644 41.1406 19.6222 6.30523 14.0499 10.2654 6.98113 0.295564 4.31621 7.5554 2.85881 26.5222 144.238 70.8851 1.49764 4.57326 9.95183 9.67117 19.4735 1.15028e-08 381.529
-58.8183 0.0163279 3.44098 58.1059 28.8218 44.688 19.0849 7.58073 16.1975 11.8472 3.09672 0.17032 2.94182 2.2915 2.85881 31.9634 149.999 58.984 7.96401 1.92353 11.8208 8.41421 6.37372 1.90702e-05 384.939
-58.7185 0.0515248 3.4441 58.2812 28.8218 44.688 17.1228 6.28461 15.9294 13.2539 2.85628 2.96752 2.39314 1.35445 4.27274 33.0642 149.999 55.6726 10.2451 5.69056 20.3165 11.3311 6.37372 1.90702e-05 383.886
-58.8482 0.060323 3.46509 52.0423 36.5081 38.0051 14.4974 6.36868 15.6321 21.7286 1.80556 2.25714 3.49906 8.70759 10.4701 14.1526 144.327 58.5191 12.332 11.8248 8.03505 51.3964 7.15851 1.95387e-05 391.467
-59.0254 0.106601 3.68909 56.2108 37.522 35.8429 15.329 5.50341 16.6813 18.6221 0.61797 4.55909 4.50866 7.54772 7.98525 13.6198 142.181 72.8554 6.28788 16.33 10.064 16.2813 6.31728 9.27284e-06 392.118
-58.8079 0.0999999 3.23624 59.3295 29.3959 38.7969 19.6083 2.47742 16.5842 20.2265 0.754201 3.22688 1.91912 7.48056 8.74517 15.323 146.727 71.0073 1.40713 15.9295 7.005 7.01123 9.41043 9.27284e-06 386.523
-58.9682 0.0607069 3.32517 57.8265 31.0399 38.7969 23.9015 2.07583 16.4047 21.7915 2.25842 3.09526 1.31233 7.43276 5.14905 8.53135 154.89 61.3976 5.78147 18.1033 4.92594 21.9655 11.4823 9.27284e-06 387.596
-59.0535 0.0971271 3.29916 54.6216 30.8561 34.6854 21.9662 4.30591 21.8784 9.58918 8.7808 4.15225 6.85331 4.87375 5.78074 12.0093 149.225 72.0455 12.488 15.5167 27.6163 40.1062 6.45059 0.000318713 397.454
-58.9176 0.102882 3.31983 63.797 33.829 35.8348 20.4503 2.56109 21.8784 9.93292 6.41143 1.78121 4.39357 5.04726 7.38794 24.9996 142.068 64.1226 6.79207 7.39475 21.4306 66.4785 9.27813 2.18236e-05 399.834
-59.0603 0.0819685 3.03295 52.8032 39.9119 33.4864 22.4717 8.44537 23.3355 1.42967 3.70046 1.88783 1.61811 10.6974 3.07081 25.6376 137.888 74.4347 2.38776 10.4236 25.8763 18.9361 23.5567 0.00025712 396.125
-59.0165 0.0656598 3.28063 56.9069 44.1883 30.8967 22.7206 4.91328 20.0083 3.77143 3.06609 2.69898 3.33996 4.89743 3.45352 27.8405 140.103 73.8477 4.2245 15.3626 7.8178 32.573 30.0915 0.000314965 393.28
-58.899 0.0481747 3.10269 55.9358 43.8722 32.0786 22.464 5.50812 13.7273 9.35019 3.09479 3.47553 2.98245 0.577055 3.87432 37.0505 143.069 62.8694 20.8094 10.4577 11.7278 30.2147 12.2135 2.81506e-05 396.53
-58.8012 0.0393445 3.69517 53.0646 39.2859 52.7492 6.28078 4.96516 0.735056 17.2116 5.81823 7.05069 4.59714 11.5708 3.49984 17.3055 138.488 81.3273 0.753331 12.8328 12.7299 16.399 12.5463 1.29307e-05 392.23
-58.7232 0.0071975 3.57057 51.5966 36.0731 52.7492 6.28078 4.79381 1.35225 26.3411 3.34909 3.67425 2.32274 7.84671 4.01099 21.4839 140.515 53.2483 6.69461 17.2621 6.80713 10.6028 13.749 7.51137e-05 394.193
-58.876 0.0465766 3.53902 51.1936 36.1908 54.7653 7.09959 3.26983 7.77586 24.7759 2.35684 3.439 2.28423 15.5713 3.07403 10.9637 150.977 61.6123 6.1902 21.9614 0.684998 23.8488 9.73878 0.000113154 389.821
-58.7159 0.0523683 3.65573 51.4202 41.8512 54.0132 1.76454 5.90497 7.77586 23.1899 8.39683 3.18837 0.638297 10.0937 1.23838 7.74955 156.501 76.7782 11.5879 0.968005 4.09412 21.5394 15.2136 0.000708631 397.378
-58.8247 0.0256138 3.34423 48.1978 44.4971 47.5641 10.139 7.8726 6.70584 15.4544 6.91673 9.06948 1.85305 14.9694 1.13246 8.60812 154.472 65.4699 12.3522 15.6902 1.29532 3.96816 18.9776 0.000494582 396.438
-58.9238 0.102821 3.21026 49.0704 43.7104 43.4154 10.1331 20.4347 7.01401 8.75438 12.8161 0.996906 3.25726 9.61375 5.60242 8.35245 155.852 58.1624 5.32825 14.0236 3.21682 21.5421 9.89477 1.03806e-05 390.452
-58.9749 0.0662939 3.71259 49.6441 43.8322 47.2984 10.114 12.6898 12.479 4.26664 10.407 2.08986 0.166139 0.254506 0.958818 30.9937 147.736 69.0607 1.76088 12.3028 2.70225 67.8341 40.693 3.56165e-05 395.016
-58.8274 0.0554464 3.63535 54.8382 43.8322 45.8724 7.6938 15.7733 2.02968 8.03627 1.26185 1.06213 9.10159 2.48254 0.754791 27.6879 160.705 62.0375 3.76593 14.8778 24.7937 23.759 4.15043 7.02136e-05 397.167
-58.7676 0.00582904 3.58096 57.7914 31.8433 50.9893 6.28723 20.9303 12.4959 8.86994 2.56943 0.610807 4.95766 1.56724 4.59731 17.7654 160.322 60.4147 1.769 6.05971 90.4447 14.4434 8.59294 2.18808e-06 388.922
-58.8459 0.0109651 4.0237 59.8968 31.8433 38.8201 18.0445 20.1984 10.4461 6.89138 0.569996 0.945261 5.28105 2.26202 2.07487 16.8176 159.842 57.9927 1.80579 6.7507 42.0959 18.0562 10.4468 2.18808e-06 390.387
-59.0483 0.0396912 3.73028 59.8968 30.6458 42.7672 11.3214 27.4643 11.1466 2.82586 4.90494 0.0448147 5.62572 9.83799 1.03177 9.3493 157.945 62.7357 1.08259 4.5012 0.44027 5.63749 2.51517 6.85623e-06 389.303
-59.0973 0.0515541 4.20585 56.8822 40.7048 39.9361 8.84172 22.8667 13.4796 4.26956 2.84341 3.40003 2.33155 2.32616 2.21015 10.7745 170.368 51.093 4.04966 15.3829 21.9712 4.87108 25.1942 1.68913e-06 394.741
-58.878 0.0348981 3.43812 56.8822 40.7048 41.1183 8.54977 12.7367 14.5005 15.5127 3.79815 4.05681 2.6618 2.8549 2.51635 18.2711 158.416 36.1738 6.64007 25.8427 15.9375 3.05505 2.89022 1.68913e-06 388.62
-58.6615 0.14601 2.9617 53.6933 38.9346 41.1183 15.5533 12.7367 10.5301 15.0018 1.59652 4.00436 2.69313 3.99779 3.33197 13.4407 157.222 39.5655 7.09797 20.8735 17.8655 2.04178 29.8047 0.000195925 397.627
-58.7479 0.160612 3.27721 53.9762 40.4552 48.2069 13.8719 12.6512 4.50392 10.9997 2.42363 0.383873 3.03955 7.327 7.866 18.7999 144.913 54.5801 14.5176 8.1818 46.0683 6.15592 40.5246 4.15939e-05 396.766
-58.7479 0.0957772 3.30592 52.1981 37.5364 46.2501 12.1836 9.6232 2.33738 21.1587 6.27655 0.383873 4.79596 9.75275 11.8503 4.47481 162.177 61.2221 9.38149 1.62949 18.2668 23.4471 44.6771 4.08356e-06 389.014
-58.8042 0.170693 3.0605 54.3944 40.4582 43.6363 7.05717 12.6462 2.89042 20.0347 9.96501 2.02427 0.839956 2.72475 11.7818 7.21266 162.282 52.0635 6.8337 0.306854 4.68577 14.4753 23.5142 1.34116e-07 392.155
-58.8662 0.088146 3.26561 62.9748 26.3349 42.9656 15.9253 10.6627 1.52471 20.361 4.46467 3.6869 0.553063 5.57069 14.5361 5.072 161.127 65.4686 1.26054 1.30191 22.4553 13.8892 67.916 2.15791e-06 391.765
-58.78 0.0644674 3.19202 59.4681 28.6737 45.1659 12.8103 12.8113 3.26336 23.1067 1.89115 2.74363 1.35355 5.45508 8.2336 3.61618 166.598 69.1058 17.1809 1.05253 17.4562 29.0387 15.1205 9.59685e-07 386.511
-58.9131 0.102092 3.34648 58.9992 28.6737 51.0502 9.23856 19.7203 10.8989 15.3909 2.81839 5.06025 0.482362 10.291 3.70066 3.24749 163.773 57.9488 16.2201 1.18773 38.6743 14.2151 30.1768 5.47869e-07 388.386
-58.9552 0.0430827 3.4279 58.6885 29.1848 51.0502 8.36086 24.6647 5.7671 9.12434 3.63528 1.08519 1.81515 8.24985 3.38111 7.28392 159.26 69.2052 16.5368 1.86314 42.6608 11.1994 13.3494 1.20822e-06 384.244
-58.9231 0.0118718 3.70152 58.232 37.3487 42.996 5.38263 16.0001 6.49641 13.8934 10.0297 0.468456 1.92214 8.31412 3.96976 13.0901 160.706 64.3666 7.11146 2.08056 7.55109 31.3208 21.5241 9.68941e-07 385.082
-59.161 0.0213925 3.34526 51.2951 37.3487 49.803 9.95392 18.8333 14.3463 2.00955 10.0297 1.69286 0.153435 4.26226 2.34754 17.0143 154.195 65.7475 6.61835 4.75908 14.6075 35.9336 9.18202 9.68941e-07 388.074
-59.04 0.0221114 3.56999 51.2951 37.3487 48.6022 15.1637 11.65 15.9015 6.87322 11.2294 6.2186 3.17798 2.80251 5.61908 0.354663 159.404 66.3283 4.81336 3.67156 29.574 14.7505 33.8189 9.68941e-07 388.739
-59.0126 0.0630004 3.58127 56.6976 37.3487 43.0281 14.219 15.4541 9.74552 3.83092 10.0117 2.74658 1.38321 4.87362 8.43327 8.26132 159.404 66.2472 4.44886 7.1356 27.2844 8.26921 29.3601 9.20319e-05 389.836
-58.8623 0.0851016 3.22218 61.2106 37.3487 39.9949 9.79749 26.7634 9.94937 2.82149 0.886366 4.01257 3.12709 10.2546 8.10222 2.39037 155.742 75.3759 7.50235 4.8302 29.5727 9.64218 47.4521 0.000279643 395.225
-58.9473 0.0366371 3.37815 55.1921 37.3487 41.4273 10.932 26.7634 5.55356 1.16104 3.36156 8.37284 1.72904 5.96704 14.2718 3.38286 151.855 72.9622 10.4671 14.6064 65.2063 11.2915 21.3574 0.000383563 398.082
-59.0845 0.0257888 3.44018 58.8611 24.2117 52.8985 14.4963 23.9968 5.20895 1.97522 4.76927 3.96811 2.34968 2.3158 4.15589 19.3895 149.025 74.3772 1.15313 9.34486 26.0205 10.0127 7.98246 0.000917279 391.509
-58.7453 0.0690312 3.45216 57.1223 24.1101 46.0365 20.323 15.0308 18.3596 3.35289 6.48818 1.07485 2.81928 2.08504 4.41479 14.9922 160.009 61.9111 2.91798 15.6991 1.97202 9.62558 17.7988 0.000784272 392.781
-58.7575 0.0759707 3.31752 61.2312 23.4241 48.2688 16.8733 7.44893 20.8576 6.07382 2.81169 3.08696 2.52778 8.79352 9.82583 12.1479 160.009 52.7341 8.41374 14.8554 7.2922 29.6249 18.8949 0.00332205 392.421
-58.7311 0.102591 3.31969 52.4666 34.4773 39.6485 20.0415 8.0175 20.8576 8.41178 3.99935 1.01089 0.625574 10.7354 10.8351 11.9885 160.009 56.3846 7.33832 1.00611 20.1417 31.5186 46.6332 0.00101711 393.114
-59.2295 0.063723 3.20151 57.3114 34.4773 37.6694 19.5467 9.54241 24.3117 8.74058 1.5822 3.73083 1.26144 0.568987 15.7927 0.696517 159.119 64.8157 3.90959 6.39356 18.3299 3.63279 54.7711 0.00240959 398.545
-59.0416 0.11385 3.33157 57.3338 34.4773 39.514 15.5279 14.0085 9.38874 10.9964 1.85271 3.42439 2.87765 4.70455 21.7937 1.22342 155.121 65.4862 14.1068 9.70549 7.19341 9.61457 18.9534 0.000261098 392.688
-58.8046 0.0759198 3.24729 54.6335 28.5266 47.3972 19.7245 16.8281 15.4014 9.38865 4.17154 0.688204 5.66293 3.84544 6.61382 5.88165 152.613 77.9061 12.3929 3.45305 31.2026 13.706 9.99298 0.000621875 393.372
-58.9176 0.0498062 3.54417 58.711 28.5266 47.3972 18.2131 15.6544 9.51396 2.85495 7.12515 1.32652 4.19056 7.78104 4.30364 15.6383 158.767 62.7971 4.82472 1.41073 21.364 13.644 11.9952 0.000309264 389.567
-58.795 0.0499275 3.25957 58.711 28.5266 49.3417 14.9471 8.83816 13.111 6.58206 8.61555 0.494529 6.19778 5.67662 2.83976 18.9005 156.946 60.7392 7.52821 3.71566 18.8304 1.22968 6.283 2.81119e-05 389.324
-58.9452 0.0489568 3.34675 50.8927 38.7311 49.5701 18.1613 12.8923 10.2578 3.04348 8.20377 3.46661 2.30642 3.74421 9.39182 9.075 162.566 53.0877 15.8508 21.4978 29.3888 4.65106 7.95335 2.86611e-05 392.602
-58.9698 0.0300151 3.28119 52.4993 33.1727 46.5004 18.1225 18.0139 16.0053 1.75159 9.86043 5.71138 1.50943 18.3852 7.22026 18.4568 128.899 61.5017 3.91316 16.1308 14.4376 27.0876 18.3996 2.89953e-05 395.462
-59.3372 0.0537491 3.66091 52.7102 31.8517 52.6637 15.5562 6.24993 17.1951 0.0831146 17.0516 3.22503 6.68395 16.4822 8.11345 11.9544 130.594 68.0501 8.88669 2.60143 8.41708 2.79723 44.0997 2.89953e-05 397.976
-59.2773 0.0376961 3.81388 54.8142 30.7165 48.1487 16.6551 7.549 16.8022 1.90091 12.0292 11.7764 5.43396 17.4678 7.55486 3.91836 126.337 67.1451 7.56755 22.9821 27.4759 24.9465 4.33443 2.89953e-05 406.426
-58.7148 0.146424 2.98667 57.9107 23.5954 41.4506 28.27 14.7824 4.88823 0.226331 0.630981 12.677 3.87285 19.0524 11.5818 1.48704 152.607 66.2583 5.63918 11.0677 77.8801 1.01003 33.8496 0.000813242 404.831
-58.748 0.0567588 3.57582 62.1822 25.7065 40.8636 25.0748 18.2097 2.7696 7.78249 2.38357 1.01468 4.55032 11.5617 15.6257 1.58668 157.528 61.5168 4.57917 19.5612 24.2576 29.6522 26.8931 0.000578921 396.184
-58.7098 0.0381493 3.42937 58.6105 25.7065 40.4774 21.2675 18.1228 4.84093 8.13082 6.42477 0.944663 4.71464 13.1651 11.218 5.21225 152.153 71.2879 3.69612 12.5408 9.58673 17.1404 10.9943 0.000791151 392.713
-58.9889 0.0323057 3.37094 59.5634 28.042 42.3005 25.3261 20.9264 2.50406 0.484779 5.72724 2.2152 3.75263 13.9159 10.5702 5.13513 151.225 64.9435 13.4773 15.6478 1.86967 9.26585 6.35508 9.99378e-05 391.693
-59.077 0.0253619 4.04069 54.9266 34.2931 41.9319 19.7947 10.8043 1.8734 17.5561 10.7473 2.39217 2.27556 7.51444 6.98885 3.75915 154.603 68.8377 2.83474 7.22832 5.43929 101.073 26.8957 6.56098e-06 393.091
-58.9064 0.0540012 3.40554 54.6265 38.8233 44.269 20.3616 2.68663 5.87748 15.2448 10.4404 1.80537 1.52931 5.42088 16.7276 11.3998 147.655 67.6914 9.63202 1.36322 8.17235 68.3662 58.4938 1.04025e-05 395.021
-59.0439 0.0300011 4.01583 48.2377 69.6138 24.3915 13.6804 1.77661 4.62852 19.0168 5.35666 1.09414 2.27189 11.5541 15.6653 9.30969 147.252 66.3614 11.643 3.3598 9.11797 36.9348 29.3524 0.000187608 396.18
-59.0559 0.057595 3.46523 47.837 70.9063 18.2657 7.21481 7.40772 20.6996 11.2406 4.61322 3.79225 3.33082 2.64668 9.91191 10.2497 151.506 69.1743 8.49408 0.797394 6.73523 10.896 50.7393 0.000164675 392.325
-59.3434 0.0617929 3.85468 38.7728 79.9346 14.379 10.2881 10.4829 25.4874 12.1361 0.51512 2.39577 2.49434 0.132754 4.48752 9.98832 164.085 51.6244 9.69805 9.01239 3.3681 26.3741 42.1457 4.74735e-05 399.242
-59.0529 0.0587602 3.62347 57.8464 20.9676 40.1089 29.7043 9.27888 17.2288 23.8998 1.34355 0.868893 8.88773 0.602058 5.383 4.15627 163.797 54.852 12.7698 9.18046 9.46091 9.37076 46.3473 2.2783e-05 396.709
-58.3113 0.0613984 3.28904 59.3112 35.6993 35.3191 13.3279 14.0186 6.6252 22.0802 0.943356 2.13146 3.73057 2.48168 10.8793 3.7226 163.225 66.7892 15.9253 6.87091 10.2024 5.19988 8.54804 2.2783e-05 395.19
-58.6844 0.0554386 3.35243 58.9201 38.1805 42.0094 14.0015 14.0186 6.94795 18.2393 0.574699 2.29826 2.4592 3.27037 11.9219 10.8253 155.71 57.5823 6.55553 17.5508 6.23953 7.16964 12.2513 2.64322e-05 390.531
-59.2021 0.0616915 3.50995 53.2313 38.1052 41.409 13.6422 11.9276 6.84369 22.3509 1.93001 9.38053 5.18375 5.63338 4.82141 9.63555 151.652 60.12 10.1853 6.23524 23.1965 45.0418 12.2513 0.00019038 396.395
-58.9732 0.0624111 3.24337 61.7132 34.237 46.5335 13.3949 20.0975 5.33635 10.1973 3.64067 4.27445 2.67489 1.60535 1.70019 17.0115 153.574 65.2771 6.82971 4.74985 33.1809 19.2114 32.7745 0.000383811 396.16
-58.9322 0.0770985 3.28824 49.483 44.4405 47.1919 8.78455 20.877 3.95044 16.6883 4.28059 1.50922 8.9004 4.64605 4.74361 5.29725 163.347 47.5081 4.43341 7.10885 4.42297 15.9121 38.1788 0.000310166 393.661
-59.0345 0.023898 3.46371 48.3411 47.5634 51.4759 6.03929 4.60656 4.17828 18.8735 3.75142 2.97342 5.58193 0.821085 13.0409 3.67078 162.697 60.2127 6.59915 6.20976 32.4519 24.2675 42.0992 2.10161e-06 391.828
-58.9227 0.114259 3.17586 47.7197 45.4697 45.4282 5.54969 11.15 5.30384 21.3515 5.69114 2.22757 2.37187 8.06838 8.36611 4.28651 170.555 37.9271 15.5869 11.9513 7.14865 43.0751 24.4493 2.10161e-06 393.535
-58.825 0.0685871 3.38144 55.4133 50.9764 41.2447 5.32727 4.98228 1.76117 28.8822 4.74006 2.4457 4.79007 8.82115 0.735229 6.21016 159.77 68.8707 6.47305 2.08658 5.35179 23.1618 24.1042 0.00120519 396.205
-59.094 0.0380378 3.74549 44.7889 58.9264 44.1129 7.09233 4.0013 0.796809 17.8824 5.05498 0.543434 9.63703 11.8042 7.02166 6.96168 154.236 68.8326 19.9865 6.21277 22.1027 4.77287 74.6778 0.00090558 401.317
-59.0012 0.057085 3.67386 41.3809 60.8558 41.92 11.1932 7.14622 0.88169 18.4487 7.8517 1.06774 1.27222 11.8042 10.0009 6.96168 142.18 88.6613 3.90933 5.45354 17.044 21.7854 8.04545 0.000299714 394.081
-59.0859 0.0631767 3.42371 48.4598 56.5417 42.8562 8.38949 4.28955 1.0349 22.6811 3.97621 1.045 1.94816 12.1377 13.0095 6.96168 145.633 71.8357 8.04005 4.95811 60.4036 11.9369 13.6502 0.000128978 392.078
-58.9525 0.0535039 3.41529 45.1272 59.9295 44.3301 5.97915 4.28955 4.97702 17.9499 6.38045 1.08562 2.09329 6.53256 30.2213 3.56994 147.846 57.4032 1.00395 12.8475 109.617 12.0992 59.4365 3.19042e-05 399.681
-59.0349 0.03641 3.85847 40.5726 59.7288 43.081 5.60996 4.88587 4.91291 25.3542 6.3223 1.15285 1.42398 5.76402 18.9054 6.88164 156.704 54.9855 12.701 12.9149 8.68674 11.6667 57.9375 9.09791e-05 397.516
-59.0429 0.0891019 3.45427 42.9602 65.1272 26.7852 19.6736 7.2347 5.38546 19.3955 3.49894 4.45009 0.521676 6.93141 10.4626 9.77014 151.98 66.5127 6.28338 5.75733 43.423 10.4397 38.3916 0.0020021 394.133
-58.8652 0.0420067 3.20512 41.1479 65.3698 17.504 19.6736 7.2347 0.486761 29.5196 1.67903 5.13925 5.62787 3.44278 5.14902 24.3008 156.063 66.5127 2.24001 1.52654 8.42729 11.7289 8.41309 0.00105525 395.84
-58.8933 0.0318194 3.65669 36.7916 75.4988 13.6965 27.0202 17.1083 0.486761 11.0756 1.01278 2.20173 6.61707 2.26851 19.8322 1.08127 157.354 57.5205 5.90804 8.21236 2.62371 10.7427 18.2156 0.000579053 394.994
-59.0261 0.0330541 3.2043 38.944 75.4988 7.78646 26.4512 26.6265 6.14059 5.44113 0.581888 0.693452 2.35628 7.64267 17.7008 5.85753 162.366 53.13 11.8015 0.769701 20.2031 48.4966 9.76206 0.000866242 393.716
-58.8284 0.0665111 3.25569 38.8225 75.4988 7.78646 26.4512 22.8384 6.14059 17.1387 0.595743 1.3727 1.36982 6.12365 7.91034 6.0886 157.294 57.8862 19.8163 2.3992 5.7791 26.4761 20.7617 0.000142694 392.688
-58.8972 0.0279421 3.46818 36.9746 75.6723 7.78646 29.4454 18.6997 3.90454 13.2464 0.72511 0.0461428 4.12675 10.3524 11.6112 8.63711 151.028 61.2298 13.4871 4.13008 19.5273 8.73522 21.2166 0.000110593 389.256
-58.8885 0.0325303 3.36988 34.5008 83.0534 0.499002 29.144 24.4285 2.65337 19.3378 0.53038 0.829209 3.96123 6.33649 15.743 5.68575 150.398 61.2034 15.0406 5.5985 35.3254 15.8956 24.4173 9.13092e-05 395.13
-58.9235 0.012239 3.61942 41.8801 83.8315 1.37246 24.7428 1.04325 5.00909 20.822 1.74286 4.81796 3.37935 3.2228 19.965 5.36084 155.491 65.7775 2.9111 8.60005 11.0682 9.75361 0.680583 0.000130159 391.178
-58.7159 0.0134263 3.55665 36.381 82.9814 2.75734 29.5639 5.70285 6.95165 22.0692 0.767541 0.790484 5.68139 3.67368 15.6459 7.97808 155.491 69.0752 5.05312 4.13179 5.50161 4.15229 12.6642 0.000323029 389.99
-59.231 0.0518605 3.48538 32.4257 88.6478 2.75734 29.5639 6.65879 7.97361 14.6661 1.1521 1.59821 5.78857 2.86251 12.6094 11.8253 155.491 41.366 4.349 23.4211 5.0275 36.1869 12.4798 1.25564e-05 395.087
-58.8065 0.0675142 3.78191 31.2812 87.0158 13.6889 28.0055 7.31594 4.65239 13.5954 1.64532 1.35518 8.28977 0.304897 7.08817 22.2014 152.962 59.0817 6.84401 6.01529 59.3648 36.484 12.451 1.25564e-05 397.377
-59.1642 0.0290859 3.84994 35.8689 87.0158 12.0808 21.0265 11.4053 1.61422 13.1989 1.75975 4.67469 2.59623 1.85447 14.0869 15.0695 146.296 56.198 11.7435 16.1641 19.4457 13.6043 12.4466 2.45353e-05 394.571
-59.0382 0.0511982 3.38725 35.8015 81.8715 7.36496 25.456 7.7821 13.2418 12.9339 1.06054 4.65218 0.595627 2.72179 12.7916 20.5905 146.712 34.5924 18.1906 25.3377 4.31802 11.7399 11.7875 0.000158021 394.511
-58.8989 0.0569997 3.81596 34.3789 80.8015 7.91442 24.0522 2.69522 15.0443 16.4425 7.18574 1.74415 0.227551 5.49746 9.60607 22.1051 162.129 48.0669 3.83981 19.4053 16.8149 35.3107 22.2586 0.000386153 399.582
-58.7256 0.0514176 3.84534 34.331 82.2738 8.82978 24.331 6.51063 11.1097 16.0324 15.8882 1.82094 0.177382 1.45579 12.4379 3.32507 163.151 52.4967 1.91688 11.8156 72.9482 5.09003 15.1672 0.000144023 398.205
-58.7334 0.0226222 3.45163 35.9516 82.2738 9.72 24.331 6.62767 8.85409 15.6767 7.57286 1.23983 0.414067 6.12915 13.8723 2.13169 157.483 66.0369 3.04358 9.09268 24.61 8.00898 22.4924 2.00675e-05 384.693
-58.9887 0.0563134 3.65368 37.133 85.1382 8.91366 22.1447 1.62879 8.93349 11.8197 9.83903 1.65812 0.923666 3.7399 13.8723 10.5857 152.958 69.6641 2.88636 8.66175 31.9866 4.36168 13.7448 3.16615e-07 385.627
-58.9927 0.0591653 3.83248 30.3334 82.776 12.2644 21.7552 22.2327 6.17119 14.641 2.07052 0.606886 2.72414 6.38623 12.8368 13.8346 143.132 71.4253 2.76594 8.55678 39.7747 3.12674 29.1858 5.18182e-08 392.485
-58.8214 0.0244698 3.64541 27.3271 84.7934 11.4152 25.8431 13.7066 6.17119 12.8081 5.23314 0.376698 4.49437 1.71118 21.0336 14.0659 140.738 69.381 2.50096 12.7169 6.9541 8.29314 13.0728 7.90055e-08 385.688
-58.6921 0.0225624 3.49761 32.2993 89.421 5.61051 27.9475 17.0886 9.23288 3.30871 3.04964 2.14935 2.82975 2.37184 22.2398 12.5357 142.068 76.3697 8.19971 6.13627 5.98889 14.7895 23.1 3.69126e-05 388.731
-58.9464 0.0203158 3.5656 35.402 80.3601 11.9783 21.384 15.757 11.5709 5.7719 4.01003 5.07634 1.1126 4.51206 18.724 7.06588 139.734 77.7225 7.25753 4.58166 31.6372 65.581 26.6786 3.18763e-05 391.44
-58.8934 0.0229618 4.17045 36.3858 86.7518 5.92099 20.3393 17.3598 8.0868 8.34116 3.32375 4.30897 5.23285 7.66873 12.3333 9.46941 135.586 75.1423 2.97805 1.39568 32.0539 27.9264 6.65473 3.46843e-05 396.012
-59.014 0.044565 3.48499 32.7095 89.2025 6.29836 17.9773 14.0938 0.384391 23.5147 2.15162 0.749296 2.91891 21.1207 12.5308 15.4246 131.97 69.9254 2.58199 3.89567 21.2033 6.82462 16.3983 2.75904e-06 390.077
-58.8364 0.0122543 3.56303 35.6978 89.0539 8.27155 26.0378 5.27356 5.76147 23.5717 6.30498 1.1478 0.694567 17.1369 11.5451 12.0202 127.031 68.0577 6.62388 17.4218 4.48172 7.44679 11.1926 9.48852e-06 391.173
-58.7836 0.0193576 3.54193 31.9841 89.8657 18.7081 9.0827 11.623 10.8914 12.0262 4.01955 2.12933 1.94897 12.9899 6.35793 12.4955 147.452 66.599 3.71125 8.11939 3.0602 21.5234 39.9111 8.04299e-05 384.362
-58.6388 0.0132985 3.5379 34.0841 84.4508 12.1752 20.0935 11.623 5.53428 15.3282 2.52537 3.44479 2.90216 4.86362 12.3803 17.1195 140.749 74.3453 4.12636 7.73561 33.9673 58.5559 30.923 4.71879e-05 389.981
-58.7739 0.0157351 3.42037 32.8227 85.8557 6.26064 22.5818 28.328 2.99229 5.54199 2.66924 4.21383 2.75441 5.70212 6.91473 14.8521 147.337 73.66 2.67181 7.75957 43.7353 1.81833 14.0925 0.000407747 389.067
-58.7571 0.0173886 3.44692 36.4739 85.8557 14.6526 13.8087 25.8796 2.00654 12.1482 0.960448 5.62565 2.85399 7.47878 5.91117 10.3089 146.437 67.4444 3.75276 8.75384 35.4681 1.36278 11.538 0.000342645 391.236
-58.9921 0.0218315 3.74061 36.9369 75.9709 23.1841 14.4714 25.4169 2.16064 4.4073 2.50967 7.36873 2.69311 7.02236 5.52885 6.59133 155.779 71.663 2.9821 5.92641 30.4296 2.36857 26.5536 0.000673262 390.816
-59.0145 0.0323686 3.48883 37.1581 79.7789 14.3849 14.4714 35.1775 5.27598 4.4073 2.02336 2.24813 6.35074 3.53963 7.63297 3.61913 155.779 72.1577 1.76729 8.20497 16.157 2.53525 18.9633 0.00207344 392.093
-58.6442 0.0354632 3.21025 37.6366 82.0435 18.4983 13.0851 33.2571 0.519 6.44615 1.72676 1.0065 0.262763 9.39604 7.70132 5.98445 154.046 68.2046 6.94685 6.9025 26.6337 13.4628 22.4675 0.00285132 395.404
-59.1091 0.0203343 3.68774 36.4104 85.2262 15.2237 11.568 31.6289 4.63163 2.38853 1.84402 0.831927 1.0824 12.5749 2.63431 16.6472 165.087 54.7626 4.01494 6.98166 21.084 14.1319 27.3857 0.00105861 395.334
-58.7777 0.0974089 3.31139 40.3025 71.7629 26.2685 19.9223 25.2075 4.67431 4.04182 0.744242 0.971596 0.858018 9.25421 3.16463 4.99282 172.169 60.9081 7.06289 11.5132 19.5592 19.0971 13.5345 3.97927e-05 392.766
-58.8932 0.0650677 3.3298 38.8936 76.699 23.2275 18.352 9.00339 3.90469 16.8153 2.54555 6.13139 3.72858 10.3776 4.01823 5.59741 158.527 61.6294 9.02531 1.14872 3.46893 31.2503 12.0449 2.12708e-05 389.481
-58.8683 0.059452 3.30595 37.5356 74.9794 17.6295 17.7579 8.41368 4.4512 24.0572 0.448855 3.7216 4.67798 4.93283 5.77418 9.35593 157.439 67.4671 6.49271 9.05774 5.06485 33.5944 42.7546 2.12708e-05 388.75
-58.9081 0.0891365 3.38721 41.2541 77.3977 18.7735 10.01 11.5477 2.92816 22.0512 0.573005 3.93127 0.9797 11.045 12.7487 10.6679 146.603 67.3044 0.708167 3.86882 7.43923 3.41063 2.83792 0.000234834 391.391
-58.7604 0.0367042 3.98391 34.5867 81.1844 16.7487 18.6979 5.92748 8.85208 11.1373 0.725582 5.40162 2.34266 2.73413 19.3735 12.0325 150.288 73.5891 7.21949 7.22941 7.88109 19.8925 45.5374 0.000530216 396.744
-58.7424 0.00537516 3.50024 37.1764 76.3571 23.032 12.7987 5.26387 10.6742 15.936 0.690292 1.3056 3.73715 3.49896 12.2784 7.67334 164.061 74.4447 6.09499 6.73293 6.66467 25.0914 11.9612 4.42562e-05 388.885
-58.9354 0.0177184 3.87598 40.8256 66.8676 13.5134 31.546 4.36342 12.6835 15.8149 0.690408 1.34146 2.0948 1.02359 13.2776 3.50293 162.03 74.0707 3.32911 8.14118 9.48449 44.3482 3.98891 0.000304954 392.343
-58.9241 0.0698193 3.54441 41.174 69.3388 27.8425 16.8219 3.33357 5.27602 20.1396 0.690208 1.76859 2.22045 6.55105 15.7754 10.5912 150.143 75.5561 7.19682 8.14982 9.15446 14.661 30.1247 0.000459142 391.317
-58.9594 0.0426882 3.48937 43.6973 73.0317 24.9299 19.4036 9.03384 5.27602 10.2541 0.696815 2.50426 2.69319 20.6905 0.594197 11.024 147.723 75.8827 2.88532 3.0858 10.0161 14.4592 38.9628 0.000710036 393.343
-58.739 0.0554897 3.33845 44.4798 63.4378 26.2566 14.4333 1.07896 4.54102 32.7489 0.642195 1.26384 2.8255 11.2052 9.59985 10.3211 142.977 81.2334 0.941925 15.65 8.05298 14.4592 19.8348 0.00363776 395.234
-58.9164 0.0623965 3.38644 44.2965 55.4815 31.3731 24.9509 10.0039 4.54102 25.1121 3.37542 1.55481 1.83858 6.8864 8.47822 10.1028 133.672 85.8896 1.72827 2.27347 28.2632 34.6462 32.8783 0.00186615 397.735
-58.8679 0.0127755 3.62868 47.818 54.8859 31.3731 14.0922 1.71076 5.71219 26.1978 3.95425 4.08254 0.463825 3.80402 17.3357 8.06543 148.658 78.6805 5.42954 7.05041 25.0679 39.781 8.56859 0.00292274 394.42
-58.6988 0.0229747 3.72845 39.3397 40.7277 49.814 16.6917 0.398365 3.46971 32.0831 3.51958 7.1928 0.576944 5.42186 8.42689 18.5838 140.47 77.4029 5.30372 5.71123 56.817 7.76367 9.86142 0.000767694 400.236
-58.773 0.00928564 3.40399 40.2306 51.6423 54.8556 6.81854 5.67278 7.24786 16.6374 3.40742 2.52961 2.23486 10.2545 1.7632 35.2944 140.47 57.2163 5.01886 14.0242 32.3638 24.5442 21.0576 0.00118038 397.137
-58.8752 0.0227878 3.63601 35.6927 52.9162 54.8556 8.94541 2.29495 5.1517 24.3525 3.82363 4.62622 1.00359 10.0508 7.32446 32.8108 132.222 66.2207 0.827117 9.80341 32.2999 20.2236 16.8819 0.000408648 399.902
-58.649 0.0140639 3.646 35.0294 49.5276 54.8556 6.95803 14.6434 7.93044 14.2812 3.44752 6.10509 1.00359 0.682594 8.95379 23.5773 144.301 52.1011 23.7 5.17045 9.85479 36.3626 3.25385 0.00039613 401.401
-58.9117 0.0365063 3.72914 49.0072 51.2787 40.7987 6.29518 21.1439 6.49972 16.1169 2.98622 3.65927 3.5772 0.682594 1.84199 20.5666 148.595 58.3247 6.82024 14.6732 14.8196 35.3836 5.73747 0.000417673 394.571
-58.9208 0.00928761 3.71852 44.7673 38.7484 44.4465 18.9306 15.1787 7.62935 13.5101 5.86017 4.51212 3.93148 1.39151 3.76087 17.4467 156.261 61.7241 4.48087 7.28254 3.12657 6.2333 40.604 0.00226842 396.64
-58.9242 0.012674 3.6194 50.2852 45.9588 43.4235 9.95244 14.0181 2.07363 10.7827 5.72011 5.20711 4.23029 1.04683 6.84867 28.2626 144.901 61.4264 3.13565 11.5137 15.6785 7.47398 41.0179 0.00108973 395.215
-58.9108 0.0457702 3.7025 51.049 40.5204 43.7045 7.75409 13.8429 4.83825 16.9056 6.6006 5.67355 0.256731 0.988638 4.40797 33.6925 140.923 70.5539 5.75703 16.5455 12.7226 11.8344 14.1429 0.000130219 391.996
-58.896 0.00952234 3.66443 53.8152 40.4578 43.7045 9.75229 13.9096 3.71454 16.9056 6.6006 2.81797 2.04088 3.33586 1.17508 22.2331 155.979 65.966 7.27981 3.18891 1.55839 66.109 20.1069 7.75417e-05 390.049
-58.7845 0.0239079 3.61378 56.2411 40.4578 43.7045 14.5625 13.6439 4.98962 13.2845 7.59138 0.248185 2.48256 2.23695 4.11404 22.2331 153.021 61.1763 9.64901 0.952618 2.79114 31.64 17.5098 8.91883e-05 390.485
-58.9949 0.0797655 3.33316 50.3434 40.4578 43.7045 11.3735 13.8998 4.39472 15.9307 7.47677 0.211956 2.64383 1.43672 8.03793 24.4455 153.608 63.0255 8.01123 1.28255 20.0964 33.4218 12.4579 4.33585e-05 389.767
-58.8738 0.00999467 3.67017 47.8713 44.4971 39.9898 16.1025 16.1269 10.9292 8.51441 8.42556 0.961254 3.39963 3.40325 7.22594 22.8417 153.185 55.4946 5.95651 1.26904 11.4285 9.83301 15.146 4.66063e-07 388.094
-58.9565 0.0310085 3.36985 48.7572 44.4971 39.9501 16.2925 14.282 8.99887 9.36364 6.40261 3.50743 4.68351 0.489601 6.37639 24.6705 154.859 56.502 0.722988 12.2805 22.5597 14.9142 11.929 4.66063e-07 386.229
-58.8709 0.0487365 3.25568 54.5857 39.8546 38.6651 19.3369 7.46659 1.01149 11.0971 8.43358 4.19947 6.05928 3.7695 6.8069 23.3078 159.211 54.5623 3.16711 8.6391 3.71804 15.9457 11.2672 4.66063e-07 386.407
-58.749 0.037312 3.49512 55.0853 34.6256 35.5628 18.5406 13.8372 6.41033 16.8732 9.48874 3.76413 3.19645 3.88438 6.54103 14.5553 161.026 53.9217 5.74534 11.3014 50.7653 5.41628 10.6972 4.66063e-07 384.338
-58.8273 0.0325466 3.40784 52.9748 34.6256 37.3698 25.6438 20.1432 5.0927 7.80998 4.10837 3.8268 2.39651 4.45785 6.19905 13.833 163.035 53.9217 10.0263 3.69164 3.45883 13.371 4.9799 4.66063e-07 380.64
-59.1498 0.0313609 3.74733 52.9748 32.9511 37.3698 25.6438 20.1604 9.35122 1.94302 11.4438 3.81381 2.49606 2.52664 5.8195 13.4634 163.035 53.3672 8.60826 6.66574 6.77115 9.31546 14.7146 4.66063e-07 385.098
-59.1431 0.0352011 3.58012 53.6982 32.9511 37.3698 23.322 20.1604 9.35122 1.25618 10.0615 3.84905 2.07449 5.21375 8.59927 13.121 162.906 53.6719 5.69433 13.201 11.2294 5.60909 43.9257 4.66063e-07 386.85
-59.2383 0.0495342 3.59801 56.5778 32.9511 32.4611 24.0564 24.4044 4.36401 4.23616 6.442 0.839965 5.06345 3.04148 8.82841 15.0442 163.432 54.7178 6.36623 7.45656 41.8396 40.6438 48.9779 4.66063e-07 390.506
-58.8487 0.0146508 3.74211 54.3451 32.9511 33.366 20.7961 20.5605 6.38498 6.88975 5.9566 0.603578 8.8883 1.24766 5.88234 15.0442 160.026 68.4087 4.95884 21.6525 9.32908 13.138 41.8222 4.66063e-07 390.323
-58.854 0.0180627 4.04919 52.0245 32.9511 26.1007 41.6633 10.2401 3.26656 13.5217 7.91418 2.38453 2.16825 5.89809 7.76392 17.8206 149.651 69.6046 1.05252 9.04037 5.59059 29.2542 37.5662 5.45714e-07 384.836
-58.8834 0.0157511 3.80566 52.0245 32.9511 19.2827 49.9354 22.161 2.49875 3.98388 6.35521 0.898292 3.63029 8.69388 2.30232 14.7797 155.524 69.962 1.05252 3.11446 1.7176 65.8744 43.8297 5.45714e-07 388.007
-58.818 0.00987735 3.74908 53.9526 32.9511 20.6437 44.2523 29.4153 2.08691 3.99636 3.39505 0.229642 1.06828 7.80131 4.66875 16.8411 151.767 66.3863 9.3125 1.6748 4.67952 7.94588 4.21582 5.45714e-07 382.306
-59.0259 0.0238439 3.73009 53.8189 32.9511 17.2894 43.6165 13.2488 16.64 6.9955 2.26846 0.186503 1.92224 13.0465 4.98949 13.4703 150.423 70.8239 4.9554 5.99542 23.2964 12.2048 5.21198 5.45714e-07 382.926
-58.9842 0.0262474 3.73756 57.213 31.3463 19.8941 43.6165 22.608 12.052 4.69959 4.51546 3.07617 1.88609 6.56319 4.52904 9.00262 154.512 71.5104 7.24224 7.63609 20.1731 26.5134 2.98609 8.36746e-05 390.378
-58.9198 0.00698773 3.63418 57.213 28.2838 21.4711 43.6165 21.5131 18.9901 2.08364 4.51546 2.15565 1.15446 7.46786 3.17555 4.01086 152.919 73.1224 8.3445 7.4791 7.59617 12.6708 10.3753 1.79726e-05 388.932
-59.108 0.0611728 3.48323 55.6021 31.791 22.7134 43.6165 19.9569 11.5627 6.06726 2.41038 0.985773 2.33365 6.86633 4.41944 9.96514 152.277 67.1836 6.09749 1.51555 40.8093 40.0817 22.8919 5.13177e-05 390.508
-58.905 0.025328 3.59773 55.6021 31.5589 19.5631 43.6165 15.1884 5.07666 5.68173 11.5213 1.06027 1.07292 17.0589 3.38564 9.44147 151.615 70.4463 1.01428 7.53323 28.6274 101.55 12.3084 0.000371359 393.413
-59.0978 0.0271454 3.40613 56.3241 31.5589 15.0359 47.1553 17.3269 8.06972 5.68173 9.79991 1.09188 3.15069 16.3411 0.168141 4.49736 154.879 73.4576 2.88152 10.7943 6.67816 17.9249 8.46913 0.000362645 392.42
-58.9791 0.0647877 3.33686 50.5942 39.449 12.2445 47.1553 17.2125 4.95057 6.7865 15.4702 2.38092 2.7798 10.1786 0.168141 4.55761 150.077 76.9853 7.86448 7.63951 27.0387 30.2853 14.8027 0.000850586 398.255
-58.871 0.0380314 3.60988 51.9377 38.4534 19.4789 46.0621 8.52028 4.29225 12.4884 10.604 1.10834 5.0102 7.84011 5.36387 8.00402 148.536 77.9613 5.69038 7.96237 29.4819 11.7105 24.7455 0.00135064 393.096
-58.9109 0.119292 3.54163 50.4662 44.9662 9.3874 46.0621 10.0025 7.03719 9.35523 16.177 0.734557 2.46769 4.16275 10.5245 8.92791 147.385 80.3459 10.7068 3.62172 23.0139 6.61967 13.6588 0.00252483 395.987
-58.9115 0.0262966 3.611 50.2969 48.3272 10.5675 44.1287 2.05142 9.15003 14.6835 8.85513 3.27213 9.12915 3.15451 9.08125 8.22956 146.962 79.1705 5.34436 7.76652 25.6053 36.0548 31.8335 0.000287483 395.554
-58.6536 0.0199014 3.63908 48.7866 59.8286 23.2866 16.5634 12.1596 6.4283 13.5213 11.2026 1.72879 1.168 23.212 13.096 13.9722 139.4 53.7703 15.0617 3.63399 12.8526 24.6616 7.22879 0.000125406 398.866
-58.7836 0.0282867 3.52347 43.4229 81.6754 15.9191 17.5175 8.86998 5.01134 6.01112 11.7762 3.81889 1.4712 12.3611 7.22788 8.9782 132.872 86.0569 4.87297 3.3201 5.28287 35.905 12.8325 7.83829e-05 396.688
-58.746 0.00903454 3.61141 42.9471 73.7569 21.7351 8.80167 10.3959 6.55068 16.5185 7.14853 3.65903 0.187423 18.7556 1.09119 10.5983 151.218 49.5045 33.7822 1.8998 3.85221 17.345 12.5478 0.000222672 394.65
-58.8825 0.0553865 3.60179 40.2121 71.8291 22.4438 17.3382 7.3223 4.8186 14.9373 6.54821 12.7632 4.34014 7.7492 1.09119 10.4629 152.096 71.452 7.79156 1.91079 5.91083 2.16843 10.5116 0.00155918 394.178
-59.1173 0.0385723 3.51985 39.8758 71.6574 9.14457 28.2199 9.46805 4.8186 12.3764 6.67243 11.8102 3.72317 4.1239 2.68689 14.7378 150.6 69.9411 10.5521 8.02871 5.4057 60.5196 19.6025 0.00245925 398.75
-58.8436 0.0207105 3.69204 41.1914 76.0412 6.86205 31.0532 4.31036 5.75465 14.8275 6.51737 4.39051 3.34534 4.12368 14.5289 4.22799 149.637 76.6659 7.99512 1.70046 17.8595 9.13356 58.3615 0.000983054 393.992
-58.835 0.0245956 3.50296 35.0216 81.5591 4.04634 30.071 8.81934 4.78847 13.0738 6.47012 7.64893 5.56873 7.5312 10.5928 0.786756 155.655 71.416 7.52266 9.42574 1.87825 28.8132 23.7007 0.000449309 393.119
-58.9246 0.0482491 3.34046 40.9697 71.1935 18.8002 31.8111 6.77628 1.15263 13.8252 8.89609 8.73955 2.4952 3.93173 16.5173 0.932739 147.485 68.9668 3.56257 4.17161 26.3089 13.5025 16.1497 0.00110702 399.298
-59.0363 0.0332435 3.67883 41.2477 73.3073 0.84577 32.3126 13.4256 3.26239 20.5132 5.27083 4.25462 2.52986 8.89959 12.1258 3.38177 150.651 75.2138 13.5576 1.26792 15.6208 7.64303 22.6468 0.00199687 394.663
-59.1306 0.0526032 3.82486 41.1721 69.853 4.14248 32.3126 9.50015 1.00674 14.1502 5.1012 6.99067 2.52076 6.41723 6.55722 10.0872 162.994 63.2302 10.013 4.56262 37.7464 2.89275 1.09976 0.000862186 399.93
-59.0778 0.0304529 3.45248 44.6657 73.5182 4.34655 32.3126 9.64908 4.92439 21.4429 1.8494 5.28805 0.318835 8.73385 3.67572 8.43568 155.395 64.7286 13.1871 10.4982 46.0958 6.31713 1.79122 0.000501131 394.102
-58.7354 0.0380111 3.39095 45.2133 73.5182 4.34655 19.1782 18.2665 13.4881 17.4768 3.69806 6.86298 1.69919 8.14907 2.63485 3.24918 157.517 67.6299 1.61429 3.54347 66.9078 26.898 27.1744 0.000905533 399.69
-58.942 0.0822095 3.32859 45.7809 73.5182 13.1249 16.9735 12.4352 13.838 8.36547 2.21436 7.34926 2.8065 3.61479 4.98294 2.89364 167.585 69.6644 1.78785 1.88333 11.9053 10.1157 42.4099 0.00087554 396.539
-59.1159 0.0613401 3.47077 41.9422 72.3173 13.515 19.4173 17.708 12.6166 1.28412 5.59085 2.74515 5.55721 8.53696 5.50899 3.12345 175.58 55.6118 0.416637 3.51985 0.894386 7.22643 3.90825 0.000770037 392.408
-59.2933 0.0751614 3.41395 42.1496 71.9629 12.0177 24.7093 11.6902 12.852 3.32149 10.0194 2.15695 4.10648 12.986 2.66634 2.90849 171.788 46.2236 5.50531 18.3462 8.33053 3.06496 20.3447 0.000331828 394.66
-58.9928 0.0211877 3.48502 41.5335 66.3764 34.8196 3.76338 8.28739 21.6817 10.5772 3.43967 1.40034 0.686544 7.10812 2.87159 10.4055 171.788 49.9841 5.93741 9.75339 26.3292 8.31343 28.1848 0.000353934 387.629
-59.1206 0.0306204 3.52455 32.9367 70.2328 32.7109 3.76338 24.2679 7.15747 13.9495 0.262077 0.435373 0.587806 2.5762 6.94947 13.7304 174.576 60.7324 3.74051 1.42608 22.0853 7.59286 37.4967 0.000197306 398.849
-58.9509 0.0588218 3.16882 33.4629 100.811 13.7013 3.76338 17.2713 4.34343 10.5538 0.926529 3.88828 3.14484 3.88928 1.44309 7.71327 171.792 41.2694 2.22004 14.325 7.43425 12.175 12.3053 3.60072e-05 401.088
-58.9321 0.0435182 3.47007 32.3979 93.2318 9.35325 15.7883 17.3219 4.96906 5.7181 11.6354 3.47133 8.61151 8.56491 2.25767 3.45749 166.248 50.9439 15.9891 3.26706 4.3138 18.4307 4.3326 2.485e-05 388.73
-59.0047 0.0532432 3.3841 32.6701 96.9952 9.63242 19.0952 11.7397 5.81515 0.475583 11.058 4.11015 11.5676 7.81822 3.95954 3.45749 166.248 49.7665 10.1348 0.261495 4.63415 1.89893 4.79733 0.000669904 396.122
-58.9532 0.0319572 3.48064 32.6701 96.9952 7.76143 0.700971 10.9569 5.81515 26.5432 4.09108 4.69882 7.59493 12.2666 3.95954 3.45749 166.248 51.0892 13.3831 1.059 8.89658 13.6003 3.7348 0.00020549 392.623
-58.8093 0.0107006 3.46396 35.8137 104.299 3.50634 3.1597 10.8052 6.94508 22.8281 4.09108 1.18195 5.53488 3.66497 4.13089 2.78001 162.585 64.9745 23.3631 0.355939 66.9038 33.8824 4.22349 4.38291e-05 398.292
-58.7949 0.0266638 3.62646 34.6232 95.1729 9.373 1.12765 13.082 4.15168 26.8183 4.85767 2.92421 1.97453 5.2175 2.97611 14.7586 146.915 69.1927 16.2888 5.92381 38.8859 2.01345 5.96204 9.99889e-05 396.118
-58.9385 0.0830313 3.48297 41.5725 89.1297 6.56046 8.96101 12.5265 11.5606 19.184 3.37559 4.1354 4.35349 13.7377 1.20229 14.6808 145.248 62.299 8.07991 6.57547 26.4211 25.6898 24.7794 1.31663e-06 391.63
-58.7693 0.0752824 3.3121 40.221 85.0102 7.24699 8.78697 11.9394 8.24167 23.0247 1.83477 4.13979 0.652633 11.2814 9.1364 13.8069 143.34 81.5114 5.08711 6.68924 37.4347 11.6112 2.97306 1.31663e-06 388.08
-58.9641 0.049607 3.47656 40.0247 77.6815 22.7979 9.58321 4.62794 9.21245 18.5922 1.83477 0.517718 1.30366 4.11188 9.46374 35.7866 131.363 74.9719 7.53259 2.61874 14.9879 21.4836 14.2271 1.04767e-05 388.439
-58.9095 0.00524301 3.53113 39.2319 77.3649 26.2164 7.59582 4.30077 18.9936 9.59416 2.21934 1.54871 0.485397 4.20796 12.067 22.4932 145.88 72.8705 4.92989 1.19551 24.0127 61.6461 15.7952 1.22918e-05 389.31
-59.0943 0.0519785 3.47603 38.4314 75.621 25.0187 7.59582 10.0985 7.87389 10.6199 17.5846 1.18173 1.4851 6.7716 23.3788 5.08219 139.748 71.8179 3.02109 8.2012 44.4877 39.7762 20.9407 3.18855e-05 394.41
-58.8594 0.0313727 3.67672 38.5147 82.0561 19.3304 9.33398 15.8013 12.7582 2.39591 11.0617 0.0966272 2.20967 6.15272 12.7341 0.674151 155.703 70.6219 3.80945 15.7659 121.184 25.8135 26.0455 7.91462e-05 397.669
-59.0152 0.0171882 3.59599 38.8558 83.3729 21.5829 8.91905 6.78214 12.0581 7.98409 8.82956 0.308523 5.0015 8.81168 7.48032 8.31755 154.371 69.3309 5.23513 5.48444 2.75622 24.2598 9.25862 6.56275e-05 387.418
-58.7829 0.0426416 3.47994 34.6285 83.6303 22.3834 3.41453 13.8374 10.8708 15.8064 3.28455 3.76829 1.07408 20.5887 1.66958 7.59003 148.346 72.4963 9.46746 9.78908 2.75622 26.1122 1.44395 5.57216e-05 386.78
-58.7132 0.0421555 3.43514 37.7846 76.1724 25.5302 16.112 10.6778 11.6391 12.6597 0.694244 1.08683 0.79232 17.144 1.36518 2.31267 156.646 68.4659 4.51707 9.02455 10.6299 28.5676 24.9172 1.05162e-05 387.289
-58.815 0.0442727 3.36984 37.6587 75.2713 13.6292 28.6903 9.62608 10.0002 12.3714 7.69234 2.66477 0.199814 5.25712 1.32521 9.02781 157.786 69.2042 6.40972 3.05205 12.4157 9.10246 15.9754 0.00012282 386.583
-58.9079 0.0279798 3.54907 37.296 84.9706 4.96328 31.9154 7.95625 9.407 10.7978 7.69234 1.83309 1.14699 10.5042 1.49933 7.89904 154.158 66.9523 4.35477 6.07004 36.6694 1.73234 4.02755 0.000106107 387.23
-58.7859 0.015867 3.73024 35.1276 87.2579 3.62198 30.1847 9.04679 9.81132 5.01586 9.2626 1.18115 0.0585394 10.4125 13.7926 1.81434 156.841 64.9802 3.15259 10.699 26.6378 7.28242 47.1334 0.00093092 392.955
-58.7892 0.0439836 3.78174 32.1316 88.1556 4.25167 28.6419 17.0001 8.06591 6.3643 8.65083 2.00373 0.803356 10.947 6.5758 19.4621 140.873 65.8417 1.25384 4.94698 10.6368 3.46602 17.0474 0.00539885 400.198
-58.6944 0.0245282 3.28615 32.1316 89.035 9.35256 20.1226 15.1328 6.81081 12.3508 7.2986 0.864171 0.692457 10.1872 0.708769 24.1994 144.294 74.3011 1.45628 15.7008 3.46085 4.27762 23.0966 0.00434746 396.447
-58.8377 0.0231459 3.54048 31.6226 87.9714 15.582 20.4915 8.05719 3.94483 12.3508 4.16824 1.88581 2.05787 0.881039 1.13345 28.2344 145.109 82.9429 1.19465 3.84258 5.60584 20.8042 37.0365 0.00211438 396.05
-58.9037 0.0422213 3.56242 33.5625 90.7658 1.48029 20.2874 10.4359 8.33783 7.14335 9.69454 1.12066 2.57154 1.98574 5.4528 31.0503 148.925 72.7636 0.280361 0.879239 6.2611 11.1945 14.7685 0.000616576 394.75
-58.9281 0.0263765 3.65966 32.0304 90.2751 6.31802 17.9161 18.0999 8.27658 3.09218 12.0208 1.73436 2.85008 1.43544 7.3692 29.3638 137.092 56.0498 9.87973 4.58135 27.5147 9.63332 26.8972 4.74404e-05 392
-58.8721 0.0183604 3.99082 31.9372 97.2063 2.25046 9.60006 18.8782 12.1143 5.10446 15.32 0.588612 3.25218 2.56689 14.0382 28.0682 131.252 62.6452 5.99537 11.603 0.294774 38.7348 9.71667 0.00105103 402.303
-59.0113 0.0577452 3.42529 28.3808 96.9066 17.2303 3.86671 18.8434 12.6329 2.94333 16.285 0.564318 4.5142 0.131718 13.1745 9.45187 145.76 73.661 6.60944 3.73847 11.9303 31.4337 19.0733 5.43065e-05 395.48
-58.8415 0.109431 3.08936 32.2852 100.322 7.89731 2.44485 18.9911 13.9741 6.13053 19.1619 0.560924 7.40913 1.26866 6.02612 6.67315 150.582 64.9715 10.9223 4.32758 30.4806 20.3371 5.42661 2.0046e-05 394.692
-59.0851 0.0763081 3.47373 27.9044 104.671 2.24884 10.2206 9.07304 10.1126 3.58117 20.9274 1.2423 5.63856 16.6838 3.23565 4.57125 150.582 63.3304 8.71011 7.39261 44.9282 69.7488 74.6254 1.45134e-05 402.528
-59.1866 0.0533787 3.64714 29.7548 92.3112 13.0874 12.1756 2.05448 15.3221 3.51995 19.9176 0.236268 6.22247 2.49318 4.60171 19.3741 151.793 70.3038 6.66095 24.3842 46.9232 18.0909 40.3234 1.38558e-07 398.958
-58.9962 0.0497006 3.64203 32.2415 91.5282 11.3455 13.7964 3.28261 8.05354 3.06083 19.0417 0.449411 10.8987 12.1107 6.12247 8.83942 155.405 64.1229 2.0899 10.7625 21.7059 36.4979 0.998592 1.80537e-05 394.404
-59.0119 0.0163854 3.67377 32.4512 93.4494 9.91715 12.5526 0.977751 4.15406 17.9015 11.7225 1.68019 3.13728 9.75968 9.08983 10.8739 152.229 65.5788 0.400724 15.9123 10.3839 41.9518 10.1214 4.44147e-06 392.009
-58.7926 0.00146917 3.67878 29.7521 99.8424 4.49888 5.09392 1.38472 13.8759 12.9922 12.9201 8.64149 5.81762 9.74618 7.79249 10.5204 150.557 68.9403 1.52466 10.0596 75.5505 25.4993 8.42893 3.24259e-05 396.406
-58.8436 0.00578105 3.881 35.2359 95.7153 9.46224 13.1343 4.37232 10.7564 7.38778 8.4784 5.05686 1.62124 9.00794 10.6926 11.1601 146.871 70.9345 2.56503 10.2538 68.6629 4.31741 3.94736 5.78529e-05 392.744
-58.8022 0.0232837 3.73661 31.768 103.101 4.3805 20.1052 5.52711 0.241311 2.87908 11.6958 6.11073 3.24236 6.24872 11.4741 5.16783 157.548 74.0775 10.1177 8.51519 41.1729 51.9758 25.2337 6.9284e-06 397.338
-59.0014 0.0198099 3.98217 38.726 93.2701 5.3403 13.5511 4.15837 7.66079 10.5198 15.8353 2.68825 4.83307 5.00613 10.3165 8.64824 151.813 52.4291 15.8184 7.7237 7.50131 23.3811 30.1882 1.58583e-05 394.832
-58.9128 0.0258422 3.53566 35.2734 90.0597 5.15665 18.6842 1.74704 8.61942 7.75353 8.05668 2.54496 4.30768 7.30436 9.99654 12.3919 158.432 61.2675 17.5227 4.67493 14.7744 18.8258 41.8125 2.95133e-05 397.219
-58.7204 0.00188825 3.76394 40.3318 91.2688 5.42157 15.4138 1.74704 16.2991 8.92814 9.98171 3.89798 4.80245 0.835152 11.9595 12.5823 158.92 57.0499 1.29581 1.89568 39.0923 5.53603 18.6514 1.90167e-05 392.262
-58.8258 0.0157937 3.55957 40.1591 88.464 2.31943 14.8605 0.911214 19.6851 7.99993 8.71853 5.5866 5.2469 9.49056 7.19864 6.60234 155.024 73.5342 10.0527 2.75488 8.59781 33.1663 11.2034 3.15349e-06 389.356
-58.6756 0.0998682 3.41167 26.7941 100.631 6.71583 17.1651 10.2741 1.94505 7.53451 8.01043 5.49764 6.55921 4.73651 10.2528 12.6555 148.525 73.0314 5.85753 5.83861 3.12018 57.7952 3.55267 3.29517e-06 393.576
-59.0543 0.0900033 3.33823 34.0074 97.5928 5.17257 13.83 10.2741 1.34154 11.9052 7.66129 5.57462 6.43655 1.34215 12.6752 18.3055 146.499 70.4503 7.72457 3.80577 9.64724 31.0377 9.09125 3.80114e-05 392.816
-58.8051 0.0435277 3.44825 26.5103 103.088 14.5675 11.8048 9.26664 4.28008 9.89136 5.8052 1.74951 5.65524 1.20696 12.8109 18.4436 141.476 73.3966 7.6891 13.4779 17.9768 32.964 12.7271 2.73259e-05 391.002
-59.0552 0.0239806 3.46938 25.8182 104.414 4.95801 17.6639 5.36407 8.00539 23.978 5.01146 1.5248 6.08671 3.46484 13.7409 17.3643 132.617 70.2459 3.48072 5.67623 14.2463 16.6328 0.478436 1.71257e-05 390.799
-58.925 0.0379027 3.21578 27.7697 108.184 4.95801 21.4323 4.87861 1.70408 22.1682 6.1722 2.32105 3.05777 1.8951 8.94233 23.1327 128.385 80.6279 6.69279 2.51035 24.4289 16.6084 11.0132 1.37498e-05 394.873
-58.9711 0.111178 3.17586 25.361 108.184 7.72527 9.71547 6.73717 6.71175 20.4221 3.00321 1.35032 1.21854 11.2186 4.50036 26.9636 135.687 75.2227 4.14561 4.02034 11.7505 22.9861 35.1294 4.78596e-05 391.215
-58.9142 0.100966 3.26099 25.361 108.184 7.72527 9.61734 3.12431 6.61035 31.4765 3.15986 0.839851 1.77419 1.4753 6.06169 25.8702 136.446 74.3459 9.18575 7.40156 27.3212 23.5701 9.57667 7.6135e-05 392.23
-58.7417 0.106965 3.26187 25.6614 109.65 7.72527 4.83618 9.16939 6.19981 17.2715 6.73646 0.751271 5.2286 0.581691 3.89484 26.2865 149.782 66.7827 1.70186 4.37132 3.5614 13.9029 16.9911 0.000102985 390.731
-58.7439 0.107411 3.26493 25.6614 109.65 18.3971 2.45008 10.901 6.22703 23.4198 4.26668 2.99832 0.328547 1.50924 5.63544 14.8501 145.106 66.9084 9.24203 6.14118 34.0636 27.7058 16.4482 4.15368e-05 396.044
-58.765 0.0966301 3.16032 26.3193 109.65 16.3717 4.7106 2.91073 6.33662 22.0503 0.627536 0.91962 2.60369 0.101548 20.8005 6.44266 150.732 74.5761 2.57052 6.27998 25.3464 33.23 28.1104 5.16859e-05 392.478
-58.6598 0.0717465 3.50563 26.3193 109.65 10.124 12.1856 3.69545 16.3943 13.8618 2.66407 2.60712 2.13757 1.33718 13.0824 8.05641 157.84 59.2262 2.57416 12.3632 5.39369 0.302327 8.89856 0.000590251 396.176
-59.4137 0.0630518 3.52258 25.7627 102.622 15.278 12.4968 9.2483 12.6691 15.2374 1.33805 5.2968 2.60889 3.30382 10.7656 7.92102 152.704 60.036 3.68113 3.70946 3.81005 30.6171 45.6531 2.60166e-05 396.368
-58.9662 0.0594932 3.17993 26.6053 102.622 15.0799 3.69823 13.5502 15.759 15.2374 2.51172 4.74569 2.85172 1.44534 11.4511 7.62173 159.828 53.1284 11.3015 2.12866 14.888 11.0211 7.73228 3.88279e-05 389
-58.7472 0.0420282 3.45949 32.2841 102.622 4.97367 3.69823 5.16704 16.398 3.13925 14.3028 5.67984 1.65745 1.89111 10.0104 13.6286 156.565 71.9167 22.6683 3.55707 11.1238 32.8911 54.8911 2.48018e-05 400.084
-58.9176 0.0312117 3.59795 31.4108 102.622 4.97367 18.6373 5.22948 10.2514 4.80767 16.5175 1.67916 1.74559 5.55932 10.981 8.86216 164.547 51.774 9.08936 10.5997 16.3482 12.5383 6.19717 1.91042e-07 387.868
-58.8778 0.0180629 4.15763 30.8189 101.895 4.97367 16.9485 6.43522 8.71492 4.78393 10.5661 2.11536 2.05343 0.160359 4.75167 4.57214 177.905 55.1818 9.54281 7.57623 19.1784 16.721 56.6816 1.00692e-05 399.149
-58.9747 0.0287433 4.15747 18.6707 93.3591 21.6969 16.0136 12.7734 13.9833 4.48358 8.36886 2.34257 1.53994 2.47173 8.37077 6.24458 174.873 51.738 9.31483 8.29499 22.1074 1.18611 33.018 2.3787e-06 392.623
-58.7802 0.00363167 3.81868 18.6707 93.3591 21.6969 18.163 14.8462 10.896 6.32354 8.27052 0.556669 1.88674 2.46281 8.57633 4.10244 174.873 46.9847 8.30178 12.6918 49.2781 37.6078 6.32207 1.04133e-06 394.882
-58.5488 0.00710712 3.41738 9.36367 108.848 17.3669 17.1141 14.9201 16.8947 1.71391 2.37585 0.523181 8.23053 2.45635 6.71081 7.47678 168.854 58.1088 5.44828 10.6923 37.3953 15.8221 41.3237 5.22317e-06 402.196
-58.54 0.0176577 3.5314 14.5028 105.038 17.3669 17.8628 17.8028 6.48398 1.81669 6.73095 3.77582 2.5946 8.35708 9.83395 6.75519 164.972 53.9794 3.43694 1.73139 68.2364 4.86485 11.5556 5.41296e-06 396.558
-58.8939 0.0168479 3.8746 22.7775 107.28 6.28388 20.3799 20.7874 5.34288 2.85446 1.26261 6.97652 0.408993 9.17742 12.8806 3.29109 154.579 65.9605 8.67725 4.32909 1.44548 18.2708 7.33493 9.64923e-05 392.502
-58.8485 0.0237269 4.24926 22.7775 107.28 6.28388 16.3305 24.6781 2.69878 2.8647 1.95045 3.82888 3.50117 9.7713 7.38896 8.60597 165.277 54.9995 2.27012 1.20774 34.2054 1.61948 8.09437 2.21751e-05 392.295
-58.8249 0.0143442 3.68373 28.0298 109.481 3.81791 2.46728 24.6989 5.52545 0.877376 4.10034 3.44036 4.13587 7.74592 13.521 3.9946 163.76 68.8768 1.03149 1.19442 26.0652 6.45543 21.1619 1.74262e-05 391.713
-58.8409 0.0178074 3.39928 26.0295 111.533 3.78188 7.83167 27.206 9.08357 2.09698 1.32663 2.9105 1.73772 4.75968 4.77861 18.7244 149.447 75.5317 8.77185 8.22723 10.6135 7.3531 14.2203 1.59661e-06 383.97
-58.797 0.0616895 3.69734 26.0295 106.966 8.9012 9.76483 23.1209 10.0228 1.71018 2.0704 0.0939974 0.945681 6.21335 11.4829 18.5529 150.746 62.4086 8.92324 8.22723 5.25024 10.558 8.06783 2.91871e-07 386.85
-58.8841 0.0125532 3.57629 26.4546 106.966 10.7658 3.86869 27.0142 6.11282 7.37577 0.0991511 0.225126 1.68073 4.35512 6.366 30.4613 138.329 74.7669 7.35562 7.01018 1.0698 11.5282 6.61509 1.82256e-05 386.091
-58.8248 0.0121709 4.08019 26.7901 106.966 6.05564 8.49719 23.1761 5.9798 7.20572 1.05384 2.23351 2.77515 2.86708 1.93302 33.7435 140.277 68.4532 9.31321 4.14184 2.99858 9.05519 19.7128 6.05894e-06 385.325
-58.9045 0.0347799 3.72605 25.7143 104.914 8.79724 8.49719 21.5167 16.7042 6.49867 0.3608 0.934663 1.74826 1.86943 2.98465 32.1798 135.985 79.7797 3.84098 2.84993 16.4228 11.1812 16.6794 5.50023e-06 386.917
-58.9002 0.0191515 3.40854 27.4952 107.346 11.1031 1.8936 17.4334 15.9236 9.3285 3.81815 0.843733 2.46598 2.63222 0.411051 32.1798 137.674 69.7159 1.94252 10.5367 57.459 8.63714 2.84115 3.06678e-06 386.52
-58.9025 0.0232232 3.46343 23.8785 110.729 11.1031 1.8936 15.0868 16.0727 4.81947 4.76771 0.573433 1.57466 2.35801 2.69351 31.7444 140.028 72.668 4.5104 8.24214 17.5849 10.8381 6.4584 1.80753e-05 383.81
-58.7304 0.113596 3.16382 28.4599 109.791 2.40882 3.9597 15.6856 19.2924 9.25885 6.0654 6.79792 1.57466 1.30044 2.48337 30.8662 122.377 82.8208 3.13149 3.97284 18.0913 11.792 23.2834 0.000537543 395.131
-58.8534 0.115286 3.16455 28.4599 109.791 2.40882 3.9597 13.6465 19.2924 7.94415 2.40632 4.55271 5.16557 9.49186 5.94063 29.2307 128.548 72.9604 2.71496 3.42301 27.7487 7.75414 44.9779 8.88837e-05 394.505
-58.9958 0.101949 3.3462 27.3789 100.605 16.1718 7.84175 8.42758 19.2924 6.3245 0.855262 0.534758 1.5115 7.93179 5.56791 28.0694 142.133 69.2733 3.84235 8.66413 43.0924 3.46165 21.013 0.00162065 393.626
-59.2171 0.0325515 3.66403 27.818 102.055 13.0059 12.2542 13.4345 13.7629 6.9975 1.86033 1.50637 2.73481 2.70236 10.4044 16.5172 143.103 73.6997 10.3929 8.96894 38.5675 16.9693 1.74521 0.00243157 397.435
-59.0077 0.0387462 4.13492 21.4959 109.804 0.632638 27.646 6.29018 19.6098 5.01509 3.38679 0.227332 2.72907 11.2139 6.26316 8.78982 145.621 71.4597 7.82018 2.20424 5.37287 5.33306 12.2032 0.00290162 398.541
-58.6397 0.0498357 4.0879 21.5164 104.286 2.49211 27.646 6.75936 5.20026 11.8021 4.78516 4.45261 2.88303 10.8597 7.12876 13.8083 146.42 67.1465 8.51734 3.12224 17.1174 15.8142 15.3576 0.000620184 399.623
-58.7325 0.010155 3.52204 27.1529 103.424 4.35652 20.8266 5.81025 3.01243 16.1892 6.49449 1.83395 12.5281 9.07228 12.8359 14.0783 135.009 66.717 4.25772 9.84437 6.41869 43.0963 1.32398 0.000946966 398.879
-58.8719 0.0320873 3.52966 25.5368 104.742 6.36954 9.7097 6.36049 2.92105 11.1662 9.47143 1.35884 7.93042 11.0153 11.1623 14.3413 147.048 73.2389 7.51457 10.5765 23.1094 29.682 8.78146 0.000671112 395.578
-58.8538 0.0220534 3.50436 27.6187 105.252 6.36954 13.5697 5.8174 2.76723 13.6654 6.46676 6.88823 8.19523 6.12438 6.89016 15.4209 140.185 77.1124 6.91285 4.31641 47.545 14.917 23.6706 0.000193357 392.973
-58.7141 0.0160809 3.64334 27.2741 111.337 6.96786 13.5697 5.78521 4.68738 12.3945 3.31644 3.30369 5.77864 1.70496 6.94086 23.1202 141.748 71.5202 6.27463 4.25096 1.08533 21.1695 22.1452 0.000583673 392.162
-58.8989 0.0161155 3.406 29.2084 113.229 7.05668 10.3407 6.02394 3.71221 12.1324 4.26633 1.53249 1.17108 1.54666 6.91889 32.9701 142.641 69.0679 2.25727 9.69722 34.3255 23.5447 11.3181 0.000821335 394.637
-58.7264 0.0773522 3.36235 22.2967 113.623 7.05668 14.8613 6.11399 5.374 13.242 5.73292 1.46213 1.17108 2.12686 6.57378 33.8691 146.827 61.4934 10.2128 1.54559 32.0936 9.25255 21.623 0.00575783 396.249
-59.7514 0.124848 3.36235 22.7237 113.623 19.221 5.33679 3.79623 4.19307 13.311 7.50575 1.80685 0.306179 3.06983 9.52435 26.5615 148.654 57.3692 14.9732 1.73193 27.3264 7.89765 0.657969 0.00558512 404.22
-58.7507 0.0583789 3.39365 22.7104 113.623 5.88808 7.86618 2.74086 6.14491 7.79653 15.0062 4.69043 2.32724 3.4407 8.62369 28.4599 143.634 55.587 9.22325 12.2415 16.6586 25.7538 19.0859 0.00882819 401.407
-58.8201 0.0689016 3.27193 27.5901 105.927 7.81487 5.51245 6.35719 7.59318 11.106 23.6557 5.2658 5.97633 1.10602 5.94 16.971 136.888 77.0234 5.38481 3.02528 25.4662 29.7409 50.1159 0.0154195 404.358
-58.7695 0.0621384 3.41442 29.4169 106.031 6.81637 2.18959 21.3742 7.6243 6.29966 13.2518 2.94772 1.8409 6.01707 2.79496 10.2729 139.94 91.4055 8.09788 7.33071 3.8905 2.31369 22.2371 0.00752525 400.961
-58.7959 0.0532717 3.39403 28.9842 104.113 16.3433 1.63926 12.3612 7.86062 7.81199 12.4205 3.87429 1.14315 11.007 16.3085 17.9673 136.906 60.0432 12.6726 6.17896 3.66754 2.11758 0.608837 0.00663025 400.882
-58.7242 0.107182 3.48293 34.2844 107.377 5.22959 4.13113 18.1357 10.9184 9.4269 5.39772 2.75291 2.90325 10.8418 14.6236 19.3891 124.777 66.3824 3.39938 0.389643 34.7599 1.68894 13.6001 0.000303961 401.748
-58.9531 0.10005 3.35497 35.208 104.058 5.57789 3.77273 4.25582 7.18511 9.10389 12.0868 2.16638 1.77153 10.4693 10.567 20.9022 139.926 84.2189 6.89528 2.51463 5.88417 16.6139 27.2408 0.00012143 397.103
-58.8468 0.0195148 3.4628 24.9145 99.0203 7.8457 21.9455 14.5458 13.4019 13.9473 5.78409 0.803991 0.580098 5.43995 1.82456 11.7671 149.326 69.7966 17.1746 4.10517 3.62011 51.9931 12.9006 0.000157972 396.348
-58.8698 0.0497001 3.41712 29.7545 100.77 9.31559 1.49278 9.20865 22.3191 9.02076 7.8538 0.893482 7.45265 8.35705 4.84824 7.13228 164.124 52.2637 0.957313 9.22461 8.84978 37.3525 18.6793 0.000365309 393.734
-59.3038 0.0726961 3.69193 38.4193 80.3433 18.6468 17.7886 14.2616 5.12626 5.69285 14.1984 0.853285 2.07451 2.37633 5.75971 1.49388 164.163 66.9809 0.699194 8.73498 10.5563 17.9791 10.084 7.48345e-05 394.513
-59.3273 0.0819455 3.33433 39.4814 77.3906 18.6468 15.5953 14.3436 2.4414 13.8232 6.36468 0.533436 2.44923 3.29299 10.6452 7.38708 158.899 71.8007 2.42359 9.94169 5.43023 47.945 19.2758 0.000261782 393.497
-59.0599 0.0462001 3.5299 37.5751 80.3643 19.701 15.4589 10.6416 2.4414 14.0202 4.63304 0.37396 4.23121 4.2101 12.7741 10.6593 153.954 66.9234 9.51215 5.67951 2.60116 33.5399 16.3121 1.59477e-05 387.881
-58.8301 0.0381526 3.5539 37.3008 80.3726 17.0739 15.6481 10.9386 1.57195 17.6899 12.0777 1.32891 0.923387 15.7129 6.66526 3.85927 148.063 67.406 5.81553 12.3002 12.7324 12.1194 24.4007 1.2586e-05 387.36
-58.9548 0.016907 3.78187 37.8878 80.3726 12.9838 15.9881 7.45007 7.84967 16.3679 6.71541 1.05371 6.12034 9.85032 6.76553 6.90879 151.802 75.7645 1.49544 13.9129 2.79165 6.26144 11.4035 1.98677e-05 388.094
-58.8672 0.0403159 3.49852 31.6448 91.3967 12.5657 13.019 2.24375 9.15764 16.1518 4.09997 7.50001 5.66675 13.1725 4.94892 13.412 158.123 59.2989 4.39396 13.1668 19.6333 54.132 6.37486 2.81522e-06 389.388
-58.7933 0.0505466 3.66269 33.1789 93.4698 11.8813 5.10125 9.09627 6.3443 15.0236 6.34287 5.36982 3.16409 15.4144 6.45627 7.64582 162.071 57.8819 4.73402 7.97437 4.5142 19.412 6.94309 2.81522e-06 389.47
-58.9061 0.0480273 3.52096 32.1121 93.4698 18.7446 5.69072 9.93975 10.3062 3.22892 9.17141 5.32497 2.20949 13.0725 6.65922 14.1441 157.382 62.9154 6.35429 0.944689 7.06459 0.252014 16.6661 2.81522e-06 388.495
-59.0286 0.0535458 3.44918 35.2475 88.154 18.7576 10.171 12.6556 12.1158 4.5002 1.62328 2.36909 0.942412 11.9437 8.49906 8.46184 155.706 71.6764 8.01221 1.20267 5.6918 1.50855 60.1246 2.81522e-06 388.047
-58.5992 0.0509441 3.53842 41.8167 86.3369 20.5106 8.85586 12.4524 14.3149 1.18324 3.58593 1.63825 2.01112 9.02538 4.75385 8.25416 161.21 61.7856 13.9695 3.01856 35.475 75.307 34.3407 2.81522e-06 395.716
-59.3881 0.0731027 3.49568 41.854 73.3432 14.0021 16.3109 20.5267 14.7588 5.65121 1.94871 0.606066 2.67592 7.02537 10.1301 12.3868 151.943 53.0181 5.5289 3.66373 26.3426 10.0307 10.2472 2.81522e-06 391.702
-58.7766 0.101169 3.54582 41.3999 71.859 14.5492 19.6352 23.4298 15.509 5.83062 0.404551 1.76404 0.821296 2.01726 11.7001 18.9714 153.905 56.0286 6.39868 5.34785 14.3949 11.9981 19.8863 2.81522e-06 387.03
-58.8688 0.128006 3.09712 43.6758 64.0549 12.1961 29.4023 26.4065 10.9494 3.6178 1.03469 0.596451 0.228055 3.97693 8.28302 15.3849 160.916 58.2389 5.00413 7.39823 15.928 40.1815 8.16777 2.81522e-06 389.086
-58.8796 0.0275496 3.53694 36.4585 75.8232 11.2362 24.9102 29.6742 5.88593 0.385318 1.31169 3.54035 3.00431 7.85677 7.84014 13.0229 161.62 52.7807 11.8673 5.31547 57.1193 24.3479 12.8612 2.81522e-06 387.387
-58.8707 0.0348499 3.72705 36.872 80.8116 10.9056 19.4657 29.6742 6.32289 0.902344 1.36442 1.40227 5.01627 10.4102 5.71487 13.0268 156.141 61.9073 6.46847 4.12576 26.9674 30.9462 13.4536 2.81522e-06 385.354
-58.8925 0.0404833 3.50343 35.2296 77.671 16.4882 19.7056 26.3917 11.5535 0.149496 0.694645 4.31197 4.87505 1.39252 5.25093 20.9276 154.048 60.9773 2.67652 1.95658 70.7263 3.02405 18.1212 2.81522e-06 392.395
-58.9139 0.0482052 3.51934 36.3852 82.0778 13.1764 17.1951 4.70433 21.6887 8.1775 5.48192 2.52953 3.61616 5.74199 14.2287 2.93933 149.884 78.8656 6.65466 7.65841 16.851 67.5941 9.39817 0.000143682 391.652
-59.0047 0.0268029 3.84787 34.6164 82.0778 10.3008 15.1659 7.5758 24.4457 9.22143 1.19834 1.94443 1.13424 11.8064 11.1128 9.41511 150.773 74.3615 4.60607 3.72504 31.6853 5.62199 27.9182 0.000143682 389.856
-58.6822 0.0139697 3.21648 36.9512 83.5248 14.1429 7.44365 3.65218 33.5966 0.299823 4.65514 1.70475 1.8649 9.15534 10.6334 15.3587 149.478 75.144 4.62491 11.0049 50.5951 15.9065 10.33 1.25454e-07 390.963
-59.0125 0.0454874 3.5297 37.2539 84.204 14.707 7.44365 5.42835 32.2396 8.27583 4.10749 3.12334 0.466945 3.84661 10.4748 13.9697 147.899 66.1028 4.62491 13.4783 39.45 5.88483 8.5012 1.25454e-07 385.074
-59.1706 0.0342712 3.4593 33.7391 84.204 15.8749 15.2291 10.7818 21.8534 3.259 2.7161 2.32056 0.775288 8.22183 6.14928 12.3608 153.897 65.4635 5.66064 13.7225 23.5553 8.22064 8.81247 1.25454e-07 382.302
-58.8958 0.0366799 3.41375 35.979 84.204 15.1393 16.7328 6.53188 21.8534 3.65581 5.26156 1.96831 2.96155 7.73504 1.64302 22.4811 147.182 60.1252 3.50066 10.6565 14.084 21.5731 23.838 2.71301e-05 388.835
-58.9205 0.0292399 3.41396 35.979 84.204 14.4962 25.1987 5.86357 13.4898 3.65581 7.43007 0.0954567 3.66655 11.4586 0.995729 22.4811 146.435 63.5908 8.59405 6.98817 8.91959 16.992 23.9073 7.71427e-06 387.7
-58.9262 0.150406 3.2417 35.979 82.8525 3.84065 28.9522 2.46762 16.4924 24.8572 0.844178 1.20153 3.93181 0.135939 3.04137 19.3268 150.146 64.7224 5.72255 8.24113 9.14644 2.73228 43.0902 2.2645e-05 393.72
-58.9924 0.0325035 3.21539 38.5243 80.1569 2.88924 29.2474 8.24725 16.4477 11.1797 0.439718 1.23927 7.40801 0.371779 10.349 19.4865 145.307 65.0246 9.35177 7.02193 17.2378 13.5427 36.6921 1.91418e-05 391.991
-58.9775 0.056458 3.69108 33.3834 85.4773 2.88924 31.3783 8.87496 16.1648 8.28778 3.25867 1.23927 2.36048 1.75592 14.4897 31.0134 128.155 75.758 2.29756 2.93585 22.3686 22.6612 13.0701 0.000100216 391.175
-59.1447 0.0458879 3.44105 32.8905 86.2528 2.88924 33.7726 1.62899 17.4039 10.7272 1.52891 5.37942 4.52946 2.18489 8.0451 31.0134 133.139 76.939 9.68499 4.84909 15.967 51.2938 28.3862 0.000215479 396.938
-58.8151 0.0205502 3.51348 36.5325 86.2528 1.51369 28.765 10.1001 18.3646 4.0552 0.383496 1.0849 3.97592 0.684737 10.5738 23.2249 139.925 75.3148 12.4698 5.60509 24.8724 54.2222 29.8603 7.79138e-05 391.226
-58.8652 0.0139834 3.5421 41.1939 80.7295 6.38077 23.2377 8.01281 10.1047 17.9871 2.2511 0.916022 2.00611 1.7509 6.4481 22.2852 139.06 67.8446 7.90485 8.40005 16.9228 11.8146 3.9495 2.2638e-05 390.075
-59.0308 0.0211273 3.69487 38.8348 79.8042 15.3911 18.8281 8.13433 2.34996 22.8637 3.06117 0.227491 2.02172 4.52008 0.889085 28.5352 156.403 64.1351 5.33393 5.12805 15.5327 35.8038 8.20245 4.03571e-05 390.559
-58.85 0.0239924 3.76196 34.6964 87.339 12.945 13.6932 6.5141 2.17872 27.731 2.05298 0.577226 0.499692 2.74985 23.2326 4.77589 165.205 52.9685 19.1781 12.0803 4.59272 9.48329 8.52913 0.000448104 392.469
-58.9851 0.0758862 3.34463 33.7859 87.339 21.3766 16.8064 6.26603 0.923298 26.743 2.05298 0.668984 2.03605 5.86139 4.61023 1.95491 164.528 63.2246 18.2565 11.2085 32.9094 58.4199 8.48136 0.000142051 398.094
-58.6821 0.0217711 3.29785 31.5771 93.3283 16.5226 9.95822 7.70959 4.30039 18.9525 2.89003 2.37618 2.29215 17.6513 4.21579 5.41994 160.568 57.3265 6.27893 13.656 14.8718 30.7226 8.49381 0.000712004 395.941
-58.9902 0.0273895 3.77835 37.8941 93.9465 12.5684 9.95822 10.4504 1.85809 17.2969 4.63728 0.575886 3.00296 19.5349 2.59334 11.171 152.198 56.6076 1.67919 15.7492 22.3777 26.3315 8.99674 0.00100926 398.048
-58.9142 0.0489433 3.20002 40.1569 88.2909 8.61184 14.3175 11.6161 2.22724 16.4264 9.27585 0.431983 3.95184 4.46972 5.86458 21.2769 154.444 56.6554 1.61662 10.3865 15.6926 5.4644 7.7012 0.00887317 396.441
-58.7416 0.037962 3.61692 36.4026 88.2909 8.43465 16.4083 8.16869 11.6942 11.9406 8.54404 0.892046 1.99057 1.88681 10.7291 21.4046 152.505 56.7018 1.34877 6.3898 13.117 14.6075 6.79335 0.0011251 390.646
-58.8276 0.00950222 3.42109 37.7121 84.6393 10.3355 16.4083 12.4571 13.1023 9.83535 7.50088 2.1517 1.0051 2.18063 17.1579 23.4246 141.603 61.3051 1.27938 6.34404 18.7556 27.6913 9.25457 0.000927455 393.858
-58.849 0.0473145 3.41457 37.7424 87.3377 10.617 24.2632 16.7352 1.4848 6.39513 3.493 2.42803 2.16244 2.21973 20.461 27.0544 134.969 69.0808 0.899272 5.15329 12.0685 26.1394 16.47 0.000424726 395.949
-58.8495 0.0248899 3.31386 36.6071 82.8632 16.2162 19.0334 8.00504 2.32194 12.5551 1.45021 6.35618 6.4594 11.1865 12.0939 14.467 135.853 77.611 7.46089 3.59857 32.001 21.7412 19.107 4.6125e-05 391.536
-58.8498 0.0222963 3.48863 35.4516 82.8632 17.7621 16.7165 10.5296 6.29714 7.39331 3.43287 1.26818 4.29682 11.4049 11.4883 18.0019 139.271 83.6208 0.935187 4.00837 39.0037 3.10348 10.5315 0.000133211 390.803
-58.8296 0.033011 3.35287 38.0043 74.3371 34.3303 0.623822 17.3716 5.57142 7.39331 1.13152 2.46938 11.7913 10.4868 5.12868 9.28991 148.627 72.3704 2.15758 8.69226 5.56622 47.2464 24.4404 0.00048877 395.724
-58.9694 0.0138242 3.41458 40.5486 72.2174 37.2432 0.598556 13.7053 9.0602 5.42133 5.27344 2.20023 7.20228 12.6994 7.8342 1.25628 154.942 60.3332 10.812 13.4621 22.6882 10.2651 3.1279 0.00023483 395.349
-59.0094 0.0359523 3.53036 40.6538 68.0986 37.2432 0.598556 16.5353 2.95853 5.20282 12.3408 10.2564 3.88713 16.554 3.16314 1.78402 157.622 59.5163 6.13537 6.96782 32.9005 25.1988 30.4179 8.02489e-05 395.08
-58.772 0.0563529 3.1265 40.1346 77.1084 30.6303 0.662159 19.5373 3.01815 7.3392 2.8999 5.96101 7.01214 17.6941 6.62577 4.48824 159.089 58.4017 8.51077 10.3767 10.0164 28.0239 13.5808 9.5988e-05 397.803
-58.8949 0.0631718 3.23971 40.3485 73.9329 16.8299 12.8711 10.886 2.61037 9.88594 2.96159 6.48237 12.0809 11.3789 9.37813 11.9397 151.764 61.8983 15.4122 2.4437 0.776472 16.1715 1.92567 2.76805e-05 393.58
-58.9484 0.0384817 3.38434 43.948 69.5975 22.0964 18.5168 17.8776 1.77064 9.00266 1.08211 1.53634 2.11855 12.5003 5.5742 11.1644 157.146 61.9007 6.28602 2.75904 1.00404 29.925 21.9562 8.29148e-06 388.914
-59.0504 0.0847999 3.37446 49.7345 65.5413 16.5099 17.4214 17.8145 2.04014 12.5762 1.13302 3.03947 4.37486 13.324 5.19934 9.94034 155.209 63.7774 3.55849 18.5041 6.38794 19.0149 10.5425 8.16283e-06 389.516
-58.8509 0.030255 3.38605 50.8389 66.5311 15.3573 19.2851 18.9633 9.20335 10.6587 1.06432 1.73912 4.1845 8.87563 1.33952 9.65485 154.719 65.9028 10.1746 16.0231 4.70525 27.7443 15.6508 4.56382e-06 387.986
-58.9476 0.0439899 3.5249 45.7114 67.1604 16.6558 20.8264 18.8541 9.60413 8.39286 3.18091 0.888508 0.430099 12.6964 3.56737 8.47701 153.329 64.7317 10.8692 14.2264 18.4003 28.3481 37.3192 5.01549e-08 387.275
-59.3687 0.0704063 3.5128 46.9446 60.6125 19.1618 20.5478 19.1157 10.2773 9.43415 3.6829 0.781443 0.890422 10.4749 5.72476 9.94767 146.241 71.9714 7.04684 7.36345 13.6035 51.5638 11.0402 1.07702e-07 387.771
-58.4349 0.0476048 3.48685 43.0943 61.2368 24.4202 20.798 17.722 14.2084 11.0115 0.542348 0.191817 1.93242 6.19176 10.0742 3.07848 153.641 71.1263 4.15752 7.88842 1.75241 28.0383 38.6444 5.15576e-07 390.814
-58.779 0.0804214 3.31845 46.4642 62.3681 22.7994 13.1741 19.409 14.2254 6.74178 0.6651 0.316104 1.17721 15.5304 15.6617 7.33523 147.847 71.4719 3.13042 6.17239 12.8341 5.90086 7.86943 2.83039e-07 386.276
-59.2748 0.0234066 3.87157 46.6729 52.3265 34.9794 15.8227 26.7183 11.4575 1.39272 3.09456 2.05658 1.88055 4.01858 11.5934 9.63548 147.919 71.3164 14.5728 12.7933 41.7602 3.16392 1.71292 6.14518e-08 391.377
-59.0711 0.0411801 3.29005 49.4934 49.7202 46.06 9.17771 15.742 8.65144 1.35887 11.0096 0.562203 1.93398 11.8005 7.73008 6.34092 150.428 72.1475 9.925 1.1095 37.9993 6.80996 7.47199 1.54694e-07 383.234
-59.0383 0.0385749 3.46541 48.0107 49.87 41.9103 9.17415 16.714 7.80236 3.21606 14.0331 0.187829 2.30129 9.40263 6.75832 9.28219 155.937 68.11 8.33696 11.6492 70.2194 31.132 14.6819 1.63179e-07 387.336
-58.881 0.107673 3.27871 50.9286 46.2867 39.2538 12.8099 0.918146 14.4335 13.6268 16.9331 5.48449 2.1949 5.41647 8.05156 3.4962 155.133 66.5183 7.91733 5.61427 53.5922 61.2584 9.40256 1.53513e-06 391.832
-59.0791 0.020162 3.52477 48.7458 47.6744 42.0572 23.5619 0.274251 3.64348 5.22745 17.6539 1.23136 0.800507 8.03236 6.53543 5.28067 174.128 52.9968 10.5486 1.62305 5.87683 13.0419 18.3904 4.02996e-07 389.005
-59.0815 0.0464065 3.8487 46.5769 52.9319 30.3566 27.395 5.79581 10.5598 4.30121 18.0565 2.94808 3.46519 8.72539 2.88735 1.54088 167.717 50.4204 13.5427 2.46842 6.1683 7.06631 8.01081 2.09934e-07 386.892
-58.7817 0.0305654 3.47919 45.0571 53.8415 30.3566 23.9109 8.70608 11.0689 5.55243 14.2757 1.22784 3.16661 9.77043 2.17026 3.65601 172.54 50.9434 11.2545 6.44772 3.40077 7.56974 28.2224 1.90949e-07 380.752
-58.8624 0.0474882 3.71245 45.9485 57.8543 25.5299 17.0427 11.1718 15.7016 7.7722 8.40838 0.494874 2.82122 12.2447 5.61978 3.5291 168.431 58.5148 3.51889 8.33293 20.6452 33.3461 10.2064 2.56208e-06 385.326
-58.7579 0.0615009 3.26685 46.1748 62.946 26.3818 14.4164 4.86058 15.9634 11.0818 0.596618 5.15435 3.08219 7.28448 7.35461 3.61204 159.733 62.9211 10.9723 10.8751 17.1908 33.3461 8.30095 2.66765e-08 387.464
-58.7592 0.0690446 3.16051 46.8939 58.9405 25.1141 12.4706 3.37204 19.1682 19.3613 3.8129 0.676204 3.83759 6.68294 5.61756 3.0255 156.991 75.3533 7.92057 4.11205 9.03623 27.1933 10.151 2.08712e-06 388.023
-58.7943 0.0239552 3.63751 45.6961 59.563 39.8152 2.76597 5.4605 14.1926 16.2367 5.81365 0.443826 2.15052 6.24605 2.71927 11.7723 159.63 70.1807 5.77781 6.40008 38.3605 28.7766 25.6252 6.07984e-07 384.667
-58.7871 0.0259223 3.42145 45.1743 57.7026 39.8152 7.39439 5.62959 17.1387 9.89495 3.94072 1.89965 4.82405 9.36716 4.26106 11.4659 153.603 68.9139 7.92022 4.40546 5.16115 23.7491 20.187 6.07984e-07 380.596
-58.8081 0.0233287 3.63783 45.198 59.8409 44.9317 8.59397 6.38929 18.0391 8.59376 3.72698 2.32598 1.67084 6.29292 5.65719 14.6186 147.141 66.4305 6.99003 10.6191 2.34355 9.90547 20.26 6.07984e-07 386.03
-58.8081 0.015657 3.85408 44.8638 59.0934 43.4637 8.59397 7.91903 18.0391 6.93986 4.10819 1.50932 4.26136 6.31673 0.61275 16.7169 150.036 67.6032 5.70263 3.33639 29.1735 21.9672 13.2768 6.07984e-07 385.307
-58.7738 0.036199 3.24188 45.5806 55.2629 34.9262 19.6163 10.4781 11.8657 4.02164 4.38194 4.09071 3.00823 2.8287 14.313 17.765 147.53 63.3215 23.0524 7.54537 18.548 14.6845 9.27988 6.07984e-07 389.847
-58.7851 0.0173305 3.37705 43.6601 58.003 32.5143 19.3099 9.99354 13.95 5.60469 5.85027 0.8988 3.08591 5.00804 4.32125 12.6652 147.325 76.1333 13.4556 3.56764 12.0932 25.3074 16.3857 6.07984e-07 386.654
-58.7583 0.0754115 3.30323 58.178 44.6351 28.9213 20.6047 23.2723 5.11052 10.1596 1.27925 3.38536 0.579917 7.95441 4.7238 13.0681 146.832 73.4221 11.5959 1.1826 26.1533 23.7274 2.7734 6.07984e-07 386.165
-58.8213 0.125791 3.38301 52.5354 55.8062 20.7746 18.0253 31.0996 9.19333 2.27238 4.49782 2.85448 0.908222 3.42973 11.06 9.96226 147.871 69.6866 5.39926 2.25078 35.0965 18.9034 30.8685 6.73452e-05 392.946
-58.8102 0.0884909 3.34666 51.8527 51.1967 20.7746 23.3131 28.1542 14.8792 0.986994 1.92875 2.87245 1.3191 2.25975 8.21245 11.2926 149.656 82.4526 7.27477 2.74456 24.6536 7.09684 20.4812 6.73452e-05 391.684
-58.8138 0.0558829 3.14939 48.6811 51.1764 24.2347 23.3131 30.2299 10.0676 2.76959 1.16503 0.261206 7.07391 1.49915 9.23808 12.184 146.158 68.0513 8.97959 3.77232 39.1005 5.72932 20.112 0.000328335 397.767
-58.9828 0.0249674 3.76758 46.3663 50.0044 31.4278 24.8326 13.2126 1.37593 10.6583 1.41117 2.64817 7.14811 14.6152 14.0934 1.77289 152.347 60.0167 4.22771 5.14826 6.50418 8.78197 29.4992 5.42087e-05 393.159
-59.2318 0.0576327 4.12784 48.9469 45.2638 39.9306 19.3646 16.0543 1.27062 6.34416 2.74652 2.65575 7.50519 13.255 13.924 2.85608 150.602 72.5307 3.15134 5.27841 22.8703 23.2318 26.1416 3.47431e-06 391.68
-58.8289 0.067888 3.56211 50.3261 44.319 39.9306 19.3646 16.5533 2.06718 19.2392 1.19474 3.89498 2.36237 7.82133 11.2488 1.63827 153.245 70.907 2.55585 6.6311 22.3906 19.1653 57.9294 3.47431e-06 389.334
-58.8445 0.0820909 3.30263 51.8395 38.6324 40.6165 16.0361 10.6919 11.8272 10.9436 5.55443 1.26108 1.53391 10.307 11.1522 9.09287 150.612 69.3287 2.93057 7.15044 16.1311 9.40545 37.5944 3.47431e-06 385.21
-58.761 0.0556459 3.48352 48.3329 44.1303 39.5543 11.5285 19.4036 13.0279 4.78163 1.5293 6.63962 3.29301 6.19864 11.1614 7.51069 151.75 78.1941 4.42447 7.79106 8.16215 20.5458 28.9827 3.47431e-06 388.52
-58.7892 0.0310266 3.37772 48.1881 44.5056 39.1627 16.3144 17.7309 12.2996 12.8235 1.57976 4.30898 0.820438 11.5505 10.0372 7.58754 144.546 71.0252 7.04289 9.77222 20.4279 34.3323 55.5829 3.47431e-06 389.109
-59.1949 0.0466607 3.33971 52.0129 44.7685 39.1627 20.2457 0.365259 12.8002 2.7727 10.4437 6.97651 2.03613 9.35566 0.604025 25.3919 150.343 71.4 4.13031 1.46714 28.9797 64.9618 46.1012 3.47431e-06 399.817
-59.0113 0.0542604 3.54375 53.385 37.1186 33.5226 29.4084 22.9977 3.61365 1.82605 13.884 4.8299 0.742411 12.435 0.767148 6.72772 150.343 71.8159 1.84581 6.29607 20.6411 21.3469 5.97989 3.47431e-06 388.927
-58.7321 0.076143 3.45325 53.385 37.2634 33.5226 32.008 15.3735 5.62692 1.1974 14.4673 1.30954 0.857287 8.03423 12.3036 6.63408 147.375 69.9269 5.87636 8.98532 15.9777 20.2266 15.4039 3.47431e-06 385.354
-58.9477 0.0196369 3.59138 53.0721 37.2634 33.5226 27.1452 16.087 5.01967 7.83844 14.4673 4.80922 2.88018 5.39757 11.3488 15.5593 146.5 55.9107 9.28211 4.05982 26.5807 16.427 21.8845 3.04974e-05 388.582
-58.9716 0.021882 3.43719 53.2247 39.174 34.9637 24.8353 15.2564 3.48101 7.83844 4.12938 0.459751 4.11917 3.87523 11.3047 25.8958 146.511 64.6057 8.80652 4.44102 12.1835 18.1392 24.9429 2.87175e-07 384.179
-59.075 0.0485965 3.13717 48.9284 49.6865 39.0939 17.46 16.2274 2.54658 5.06463 6.86996 3.28588 2.89414 7.45309 12.7542 13.7457 147.157 70.2852 19.0775 7.2429 15.578 16.9619 28.001 2.87175e-07 389.656
-58.9459 0.0479669 3.72707 49.0173 42.7595 44.5245 14.8561 9.77769 10.1391 5.10346 7.25398 3.40214 1.17273 5.50774 9.28968 23.0337 145.754 68.9271 11.801 7.11535 18.8659 13.1404 7.06392 2.87175e-07 384.601
-59.0747 0.0232669 3.34883 55.4129 38.2937 48.3319 15.4804 11.9784 11.2779 0.0192982 10.1548 0.715376 1.10672 5.83326 2.71012 26.382 143.302 60.8293 10.439 3.8134 25.0625 12.2788 9.90381 2.87175e-07 390.648
-58.8995 0.0238844 3.31705 54.7071 32.0284 42.959 19.6292 23.6614 2.79597 1.03492 12.223 2.8376 1.58225 10.837 0.512835 33.0269 122.748 86.1909 3.04165 14.3968 7.85926 7.94071 13.0064 3.48064e-06 390.841
-58.7486 0.0200167 3.52888 50.8334 35.0771 45.2097 23.9893 20.0631 4.52732 1.90335 8.87885 1.25593 2.57928 13.8983 2.48181 38.4715 122.748 65.5081 3.36969 9.08452 0.57182 7.07814 12.6331 3.48064e-06 390.779
-58.6424 0.127357 3.29671 56.5444 33.6903 39.1826 23.0753 23.4036 10.7029 0.613449 20.3588 4.0048 5.21441 4.99055 2.46509 36.3749 110.295 68.0559 22.6854 0.210503 26.5916 6.15073 31.6861 3.48064e-06 405.01
-58.8914 0.0459047 3.53648 51.7976 31.7696 55.7907 18.0515 19.1319 2.27744 3.0122 9.15662 5.70607 5.0758 8.3618 6.19029 37.4688 117.099 63.8396 8.58242 8.01259 16.3965 19.4045 35.5454 0.00141447 403.701
-58.9333 0.0879663 3.26299 45.6093 36.2931 51.9909 16.4906 25.3995 9.81905 1.40248 7.07428 1.17915 2.3796 4.72091 11.9494 40.5006 115.665 66.4174 14.8761 4.77383 6.67265 17.8573 19.2539 0.00848529 405.319
-58.8811 0.143053 3.05238 50.1511 41.7024 43.2238 17.0827 7.93317 1.44683 0.140343 7.01924 8.7736 4.65138 3.08426 13.9559 40.6244 140.086 62.9607 8.32038 2.89892 11.8817 20.5999 18.9462 0.00338259 405.21
-58.8998 0.0372652 3.34375 50.203 44.0182 38.3664 19.8724 4.37341 1.44683 6.61468 2.86154 8.90611 11.5313 3.29973 10.018 25.8346 141.941 76.0051 6.70725 10.9803 5.7181 1.6174 24.4124 0.00181108 396.884
-58.966 0.0345794 3.47092 48.3241 44.6639 37.6674 20.7108 6.61948 6.03661 8.60563 2.86154 12.4359 5.20195 3.85699 10.43 21.8004 132.869 81.4366 9.51644 5.84197 6.68488 20.874 60.5067 0.00043328 396.377
-58.7287 0.0360339 3.48993 48.7206 50.931 28.9446 25.3156 8.92931 5.9339 13.2169 4.35729 4.24771 1.20762 12.3618 7.29257 23.4319 136.529 66.8793 1.15442 10.7675 45.7506 24.0072 27.2861 0.000733632 392.862
-58.8807 0.0459708 3.36395 49.6631 50.6912 30.0197 18.4424 22.7709 7.96439 2.36749 3.60692 2.71956 2.97318 10.7818 5.34964 28.4541 134.706 74.7129 7.71431 10.9736 2.56834 26.2823 20.4293 0.00034848 392.428
-58.8861 0.0507971 3.2622 49.3683 51.8803 35.9025 14.0378 26.894 5.63428 2.36749 3.88432 2.88445 0.521426 13.0756 2.99123 37.5324 120.458 76.2322 3.17332 7.80242 31.9896 9.69803 1.36094 0.000111252 392.622
-58.848 0.0243067 3.75275 47.3784 52.4082 38.1517 8.09924 25.1479 7.51372 4.69127 2.08723 2.7718 2.05619 9.27438 2.6468 28.9466 127.333 76.0013 14.1596 7.85838 26.6576 29.0221 4.35617 0.000111252 395.95
-58.9241 0.0608394 3.4845 52.4007 40.9195 41.1304 14.4179 16.9526 5.2777 5.02369 9.81904 3.14164 4.49043 10.2468 1.72311 31.6581 126.482 77.8322 3.02531 5.01207 28.5622 18.0086 1.8317 0.00144164 393.413
-58.9206 0.0353579 3.53509 53.0257 41.9657 43.5795 6.26854 14.8473 9.82689 11.0716 5.66763 6.20975 1.59962 11.0164 5.09414 30.3397 126.925 82.4502 2.13019 0.44848 46.7708 22.1916 6.97438 9.08862e-05 393.45
-58.8015 0.035762 3.24104 56.0113 35.7379 43.8763 6.26854 16.6134 21.3924 2.28812 2.51822 3.44397 1.14476 8.56103 7.75073 22.4 139.604 78.8747 1.7251 4.81211 7.27816 20.436 27.3701 0.000319767 392.237
-58.9133 0.0319669 3.8579 54.0925 34.7523 43.6182 22.6453 2.57098 21.3924 6.67979 4.18664 3.3735 0.125738 2.06837 10.0154 9.15957 152.739 75.2834 10.3674 8.73974 41.3885 65.5869 27.4914 0.00293649 398.579
-59.3944 0.0767171 3.36702 57.3262 27.5888 43.0926 22.6453 7.26335 21.2313 7.27699 3.63103 3.12274 0.324871 9.40831 10.7108 3.69504 152.368 70.3477 4.39804 6.13767 21.859 30.4171 19.7818 2.56832e-05 388.186
-59.1396 0.131482 3.25126 59.7025 30.2081 50.2865 11.0796 8.51071 18.2171 10.4313 0.222643 0.958336 2.84798 8.97508 10.5958 9.26998 153.281 71.7165 3.74115 9.62495 8.88743 38.3319 17.203 2.56832e-05 392.88
-58.7748 0.0756934 3.26246 54.7276 29.8783 53.8908 7.56048 5.45352 16.5094 14.3994 6.98413 3.4618 8.98003 8.74459 13.6142 5.55605 151.497 64.5338 5.1433 1.36971 3.68582 34.457 34.2234 2.56832e-05 393.287
-58.7031 0.0820556 3.12371 57.4816 24.3466 57.1285 4.56892 7.51009 17.1024 12.4631 6.3786 0.86714 0.254273 3.58827 15.3654 10.2333 153.67 74.5694 6.20151 3.43315 5.98837 20.3855 10.2516 2.38162e-05 390.336
-58.7135 0.143153 3.03375 59.6433 24.3466 57.1285 4.56892 6.63236 26.4027 12.0627 6.84178 2.84966 3.26553 2.41615 7.92839 9.74562 145.847 69.7664 4.53718 11.0431 6.74547 7.85325 17.9724 0.00103871 394.353
-59.5646 0.0751518 3.60185 61.1837 40.4707 38.2637 4.56892 6.30751 26.4027 16.5254 2.70605 1.23368 0.141842 6.14279 1.95962 11.0891 156.039 62.9739 4.05208 11.0447 4.12026 13.146 12.1491 0.000390295 397.912
-59.0112 0.101609 3.70214 52.1621 37.2979 49.0603 4.56892 8.29659 23.8177 20.4805 1.54384 0.068043 4.19986 1.05542 4.53746 9.34067 160.762 59.4004 3.8929 5.0938 10.8755 16.6283 29.0671 2.57036e-06 394.223
-58.7399 0.0142249 3.55661 51.3623 42.6423 49.0603 4.56892 5.14436 18.8335 16.6737 6.13139 1.7543 6.24388 3.37494 8.86617 6.68788 157.371 70.5528 7.17577 8.2747 17.3948 5.93194 22.1888 2.57036e-06 388.788
-58.7816 0.00711474 3.56511 53.2764 37.2177 44.3483 4.56892 1.25944 17.7764 15.9006 7.46761 4.86994 4.67986 9.37991 6.65575 5.58291 158.969 75.4549 6.81649 1.89482 13.1682 3.4211 12.7 2.57036e-06 387.534
-58.8558 0.0409512 3.28045 58.4493 36.6793 44.3483 4.56892 6.32787 14.4171 14.6638 4.75111 2.34733 4.58147 10.6545 7.06118 17.3136 156.569 63.1959 6.93365 7.06805 6.96526 5.47858 7.739 2.57036e-06 386.133
-58.9151 0.0277984 3.46739 58.1405 32.6537 44.4569 4.56892 6.82921 15.1718 14.8691 9.51942 2.7839 1.24146 6.92278 4.58819 24.618 144.512 73.682 4.08648 0.426427 21.9304 18.1436 22.6236 8.35583e-06 387.083
-58.9342 0.0703914 3.25887 58.906 35.2214 18.1361 32.251 8.2503 16.5496 12.8723 7.30782 2.37475 4.2874 9.26515 0.923518 21.3565 144.804 72.6936 5.49748 4.09106 32.1484 9.26277 26.8334 8.35583e-06 389.925
-58.6514 0.032182 3.79953 55.2018 39.4167 20.4578 32.251 12.4057 7.06316 15.8789 4.03644 3.70624 2.72937 7.62356 3.40858 20.792 146.174 76.7166 4.60418 1.00805 9.37616 17.3004 6.88994 3.46979e-05 389.36
-58.7894 0.0190744 3.78285 53.8921 49.761 13.1404 32.251 9.5936 6.32916 17.6775 3.4029 3.34904 3.68143 14.7091 3.54048 13.9378 148.231 66.8591 5.02033 5.38522 10.9002 2.29211 4.77913 4.34951e-06 384.507
-58.8079 0.0162533 3.65894 49.6329 53.4862 11.0905 32.251 9.70189 5.16542 17.6775 10.853 1.71555 3.56964 11.792 2.88308 14.2408 151.795 65.3643 5.43946 5.85418 17.2482 59.8801 9.05237 4.83448e-06 388.715
-59.1583 0.0499741 3.52302 54.6141 53.4862 11.0905 32.251 13.9223 9.88861 10.3841 1.90187 2.93579 3.21577 10.1528 5.50606 13.6621 146.93 70.0838 11.2922 10.2382 16.352 26.3334 17.3143 3.65379e-05 388.947
-59.0983 0.057355 3.31731 55.1587 53.4862 14.4417 32.251 13.3478 5.71141 10.3841 2.28596 1.06351 9.14744 3.96578 7.24657 14.7021 142.336 76.4949 8.69776 1.22727 10.9153 41.9893 22.1356 4.31047e-05 392.698
-59.1007 0.0740751 3.62475 47.9297 50.5725 9.97254 47.7988 12.776 11.6509 11.3832 3.33599 2.62072 5.57819 5.20059 5.62022 16.8387 141.657 73.8112 2.85164 5.89027 4.99548 10.8016 16.2735 3.40492e-07 388.008
-59.3302 0.0621913 3.31798 47.9297 46.1087 14.2709 51.7839 12.4492 2.38147 10.9224 0.743874 6.93089 3.67339 10.7189 8.73612 9.68972 141.916 70.5337 5.86024 9.31573 4.14672 8.30176 11.7642 3.40492e-07 387.677
-59.284 0.0676541 3.30457 49.2641 45.8542 13.9242 47.1549 11.9609 11.491 10.964 0.925185 6.77377 3.47634 3.63207 8.25499 10.6214 144.496 81.2151 6.36701 3.4798 5.33971 4.00126 14.0477 3.40492e-07 387.48
-58.9112 0.0285186 3.28501 49.0276 45.8542 9.88452 47.0923 12.1972 10.6781 7.98541 15.4336 1.23784 3.518 0.937028 8.15331 16.1041 139.889 77.9728 2.13231 13.948 4.57855 5.22829 0.288681 6.33563e-06 390.045
-58.8983 0.0510095 3.50251 52.2725 45.8542 8.0673 47.8415 11.7907 12.3286 6.66361 7.3011 0.352855 4.1695 1.94982 4.60715 21.439 156.267 54.6074 20.2674 6.83006 15.144 4.62401 10.4176 3.022e-06 386.517
-58.9153 0.0291885 3.46207 52.2725 45.8542 8.74737 47.8415 12.5389 12.3286 2.45442 7.3011 0.638915 3.91903 1.41601 8.16112 18.2236 161.232 51.8226 10.0922 4.58042 11.1329 4.62401 24.0075 6.9057e-07 380.597
-58.7958 0.0219652 3.70751 52.2725 45.8542 4.5823 47.8415 8.98549 14.4008 2.72104 5.46761 3.13256 0.418589 3.78244 8.05857 16.6082 166.303 57.2179 8.46444 6.64974 5.74537 4.62401 5.76155 1.22773e-05 388.259
-58.7446 0.0634259 3.85226 53.7679 39.4851 21.1406 41.4999 5.35798 18.0264 2.51381 5.9016 2.03678 1.85877 7.82552 6.50441 8.89757 164.584 61.0469 7.74016 2.39042 10.3795 5.10356 1.99549 1.16378e-05 388.902
-58.8141 0.0150892 3.62751 53.7679 31.6654 24.7923 36.1145 12.1461 22.2444 2.88705 5.9286 1.87815 3.77073 8.10645 1.0619 8.16911 161.941 66.0566 5.81693 12.6686 46.1603 17.241 10.3797 9.7702e-07 386.473
-59.2044 0.0375511 3.53611 53.7679 31.6654 39.8804 21.145 12.1461 23.2983 2.97521 12.3244 1.52383 3.87909 6.46819 1.0619 9.26989 163.651 54.427 8.91934 16.9364 32.177 4.10338 53.2586 6.21916e-06 391.084
-59.0574 0.0471529 3.59099 53.2596 31.6654 39.8804 27.8375 14.2269 16.614 3.42878 12.9245 1.98061 4.29061 6.49805 1.30989 4.85301 164.565 51.9879 8.74681 6.53078 12.898 8.42771 2.2215 1.45411e-05 386.543
-58.8458 0.0340901 3.37665 53.2474 31.6654 39.8804 23.8483 8.10724 16.4349 3.49892 18.1919 1.23515 12.2279 4.86211 3.86117 2.31825 154.941 66.0204 3.83513 10.6683 4.39258 30.5991 8.03282 5.55192e-06 389.517
-58.9018 0.114123 3.37417 62.5452 25.2542 42.9568 19.7924 10.0874 2.47232 5.29757 17.1514 1.22531 4.49929 12.1156 9.84286 8.78805 153.383 60.3582 1.61556 17.6079 11.4121 37.8107 5.05667 8.62355e-06 393.829
-58.8391 0.0965437 3.20642 62.5452 24.5797 42.9568 14.7221 13.7912 2.47232 5.43287 17.1514 1.60112 4.28614 11.9086 16.7659 2.8393 151.655 60.65 12.1961 13.4613 25.929 27.8749 28.5687 4.54038e-05 398.839
-59.0671 0.0932468 3.3829 62.5452 28.9711 45.7274 12.6775 22.1275 1.43998 7.74074 4.72035 2.49998 1.25636 2.23818 7.8628 22.0943 160.545 59.6845 6.24166 8.76775 44.1784 42.5062 23.0323 0.000558377 399.543
-58.934 0.041636 3.45543 63.2443 28.9711 45.0809 10.6747 22.1275 1.43998 6.46828 2.33918 4.30988 1.95721 1.27979 16.7968 20.9009 156.166 56.3101 1.44569 3.53325 16.418 44.8438 1.93344 0.0032421 397.502
-58.9496 0.0657591 3.38886 61.7561 30.1822 41.9937 10.5927 23.2276 1.43998 14.6014 6.95355 1.81626 0.82499 6.45784 11.4583 16.0373 151.128 59.5467 6.83024 6.20102 26.0331 10.9619 6.69786 0.000840033 394.258
-58.9336 0.118151 3.17332 60.289 26.6118 39.3494 31.2326 23.9576 3.26303 5.36244 6.08819 5.25335 0.595999 2.5962 3.33394 18.7683 149.875 70.6045 6.59261 10.1193 13.2081 20.6211 9.69654 0.00148096 397.332
-58.7618 0.11771 3.31256 49.23 25.9338 48.2253 28.5797 25.5091 8.18963 5.42583 7.42821 10.7432 6.06305 2.00289 10.8927 15.392 137.662 62.4531 2.37992 17.0814 26.195 44.253 1.26093 0.000533122 410.853
-59.0235 0.0672726 3.49684 48.6802 45.2469 46.9743 17.3824 7.8162 5.63082 7.50747 9.66428 3.48051 6.02357 0.88341 6.4784 22.4979 140.348 76.3165 3.93521 11.3431 22.6653 36.1279 13.3087 0.000710021 395.465
-59.3622 0.0722287 3.42923 53.4522 45.2469 45.4563 11.432 7.01509 8.57314 7.45526 6.63263 4.80652 3.40502 1.3669 10.489 21.6242 155.235 60.5671 3.98488 12.9587 25.3892 39.1418 33.0396 2.72662e-05 394.511
-59.0634 0.0339222 3.85647 51.1306 45.2469 42.1431 12.2556 8.45785 5.03684 19.5194 3.83091 0.299807 3.06661 1.31059 11.4049 27.3581 138.547 53.9651 16.26 10.248 15.2549 16.5227 18.151 0.000250924 392.896
-58.7994 0.0548774 3.4644 48.306 45.2469 42.1431 10.0328 10.1859 10.1321 14.9752 6.65461 0.60309 3.26642 1.54843 8.87791 23.4164 146.782 60.3429 20.5856 10.5241 26.9029 6.05963 14.1994 0.000620432 394.355
-58.7151 0.0144723 3.44225 49.018 49.0031 42.1431 8.10378 17.3093 10.0497 5.25085 2.30493 0.480947 3.39029 7.3543 11.9807 9.58635 160.074 64.4982 10.7809 9.41916 26.9357 13.2489 27.1209 0.000188127 390.2
-58.9324 0.0295573 3.45001 49.3599 53.3622 42.1431 5.3931 15.0737 13.9799 4.23284 10.1293 1.17862 3.91061 3.67634 6.62604 14.764 146.491 71.5444 9.0452 10.2823 41.6592 9.93575 24.3845 0.000113186 390.268
-58.7341 0.0187412 3.45643 49.4165 53.3622 42.1431 1.98331 16.8316 7.16389 4.23284 5.4768 1.94571 8.08287 4.23444 12.9181 16.0883 146.904 68.6931 6.46409 12.2215 1.21542 3.47584 45.0619 0.00040412 393.579
-58.637 0.00744211 3.32284 45.4016 53.3622 48.1869 1.98331 16.9112 16.2677 2.37322 7.00305 0.871003 3.04345 3.24424 5.74344 19.8118 145.942 69.2973 11.0457 13.5599 4.75747 28.7478 48.3281 8.31325e-05 393.418
-58.6631 0.00689855 3.50137 47.7838 53.3622 46.7426 1.98331 18.5545 9.28649 6.07113 5.29958 2.01863 2.10973 4.53306 8.12085 20.1596 146.961 69.3428 4.13422 8.26824 9.50567 11.0204 48.3057 0.000196568 388.801
-58.876 0.00555588 3.73686 50.8914 44.5698 52.8379 3.94298 17.1306 11.4921 3.99776 4.26458 2.36451 1.96164 5.41323 8.33087 23.7465 141.13 67.6113 4.19115 1.81337 14.8857 10.2126 31.5885 0.00115649 393.433
-58.7793 0.00977833 3.61781 49.1144 50.02 50.0798 6.28407 18.6984 4.50437 3.69094 4.49508 2.07757 2.00805 15.2458 7.66771 20.943 131.098 71.8571 9.63543 6.65086 37.5123 5.16318 17.0658 0.00115749 394.744
-58.9199 0.0259388 3.57097 50.7283 50.02 47.859 6.77345 10.494 5.93616 10.9837 3.20965 2.79577 1.81428 4.55418 5.8677 29.2533 146.061 68.1329 10.891 5.70089 28.3008 7.51099 7.31502 0.000224509 388.743
-58.8751 0.00168407 3.95922 48.3115 47.4366 48.981 5.98632 7.25392 13.3197 11.0903 5.78727 1.05371 1.47001 4.44909 3.68968 29.2533 146.061 52.3209 15.3678 5.83374 8.55574 5.03017 13.5788 9.87794e-05 393.871
-58.8144 0.00118291 3.64269 55.4861 42.0247 43.4759 5.72793 6.23583 3.58508 16.0623 5.94254 3.77907 4.84274 3.46462 8.21885 26.031 153.046 62.8884 5.79702 4.87375 49.0359 30.1648 40.5991 2.93113e-05 396.681
-58.7953 0.028526 3.56787 48.9254 48.8358 43.4365 8.99776 11.6466 12.0182 17.4336 3.11135 7.40906 0.742157 4.23778 4.4513 10.0904 151.025 65.0854 4.17103 3.35191 10.6189 17.2992 53.3823 0.000356748 390.111
-58.8264 0.0201107 3.40902 48.2233 48.8358 43.4365 5.12563 12.9661 11.509 21.9883 2.43158 8.08787 0.0838269 10.4513 0.401392 7.99131 150.723 70.6295 2.17329 5.02088 17.1249 37.2446 28.6008 0.000314891 391.077
-58.821 0.124134 3.4323 44.4443 54.8576 44.4183 7.18978 3.3998 14.3331 11.801 4.77509 3.33744 4.92806 12.8163 8.98401 9.83414 158.159 57.6151 4.00883 5.12309 19.69 15.6251 42.0799 0.000270931 395.582
-58.756 0.0807537 3.34597 54.82 46.9838 37.6901 11.1478 18.4307 10.2477 11.4223 5.32148 0.0852367 0.664504 6.82352 4.69606 4.077 159.465 68.9823 9.29559 4.00621 119.054 2.68286 8.87225 0.000138668 396.779
-58.9051 0.0722168 3.30108 45.2464 52.0117 40.7881 6.4095 23.0439 10.6728 5.37923 5.25126 1.20074 3.48522 15.9476 5.81034 4.077 155.855 71.871 5.60875 3.59086 38.2926 0.662511 4.79309 0.000257333 391.744
-58.9291 0.0454177 3.34171 50.3067 52.0117 41.649 7.17729 16.7493 8.25325 4.39368 5.84615 1.585 2.69017 11.807 4.46522 11.5803 151.53 70.6054 8.81392 3.29128 4.66571 9.31281 38.4736 0.000760175 390.369
-59.303 0.092565 3.36997 47.383 52.8286 39.492 7.4018 13.6876 8.85265 8.648 7.21401 5.31137 1.98866 9.66052 2.31252 13.504 155.288 66.668 3.21364 7.77246 31.5439 29.2046 36.7227 0.000457383 394.092
-59.0022 0.0329048 3.7093 50.0638 49.5942 39.492 7.31805 12.2527 8.07493 10.0621 3.85001 7.33455 0.872407 13.2657 1.91983 18.0606 159.988 53.1821 6.46679 13.6381 28.2056 12.888 33.6519 0.000820226 394.058
-59.1679 0.043634 3.45304 47.6598 48.3504 42.9627 12.4116 12.2837 7.91485 8.75146 4.9317 5.58721 3.17693 9.16515 0.811932 21.1119 157.242 54.8541 7.74085 3.89772 8.2884 4.35074 11.7617 0.00319465 392.452
-58.8058 0.0831501 3.40386 45.9784 49.6843 48.0378 5.73747 18.2274 15.9317 3.02867 4.10872 1.71297 2.0602 11.0348 0.811932 26.7662 133.249 73.779 9.53962 0.461724 11.0202 18.9967 6.19613 0.00138669 394.7
-59.0673 0.0530184 3.63703 48.1946 49.6843 50.2879 5.73747 10.8525 10.6048 4.83655 3.46793 1.56183 4.27215 13.873 0.525853 29.7633 131.589 75.4577 10.3632 2.98035 60.6511 0.619383 22.3659 0.000319243 397.961
-58.827 0.0106331 4.02945 48.1504 54.9281 42.0101 6.02518 5.93968 19.7307 1.29247 6.51839 0.904243 7.92073 15.6346 0.527523 15.1521 145.482 74.673 2.78943 11.1925 69.3213 10.6042 27.0542 0.000201302 395.179
-58.9906 0.0292525 3.52673 42.6574 58.2906 38.3037 10.8796 0.560088 24.5341 1.26493 8.71721 1.09972 6.35753 12.6152 6.9719 9.50106 148.962 69.5773 3.61531 9.00334 19.7924 9.0813 47.5514 8.45828e-05 391.398
-58.9298 0.0339679 3.47952 43.9364 58.2906 35.7204 14.7514 0.560088 24.5341 4.22581 10.3193 0.819246 6.34584 12.0464 4.21812 3.28295 149.551 71.3373 10.5562 4.36456 12.7568 8.6312 2.17323 1.29805e-05 388.351
-58.9118 0.0568392 3.47842 50.5219 49.522 36.8566 10.2724 4.6326 26.1038 6.11825 11.2484 2.75601 8.01431 8.09157 1.28036 2.94494 146.986 85.5794 7.90507 2.6411 19.0121 8.84901 29.3579 2.0511e-06 391.736
-59.0229 0.0576419 3.48898 49.7614 40.6662 43.009 16.1007 6.55622 29.2474 2.02523 6.38922 4.7667 2.48577 1.91207 9.94053 10.8735 142.057 76.2863 1.90898 0.828449 12.5421 11.8693 4.61099 2.0511e-06 387.189
-58.8365 0.108993 3.45485 49.9161 41.4348 52.1286 12.1646 15.62 1.62617 5.37152 6.88938 3.92409 2.64011 0.428923 11.1105 8.93602 159.487 69.2612 8.93386 0.0392895 18.8658 21.8427 25.5232 2.0511e-06 389.83
-58.8425 0.0122044 3.42493 50.2542 40.812 54.5119 15.0364 7.72376 3.74575 6.89215 5.73972 3.10875 1.54778 5.9889 15.3248 17.4079 145.209 73.3735 11.043 3.56047 13.328 13.3351 23.4029 9.70448e-08 386.106
-58.872 0.076446 3.45814 51.5588 35.6571 51.1432 12.8906 8.44254 2.51948 14.3582 10.0346 3.86893 1.51318 6.12755 12.2662 15.295 146.07 71.5748 8.85659 5.5116 24.5949 7.58616 13.8473 9.70448e-08 384.192
-58.7231 0.0415396 3.30105 51.7912 35.6571 48.2826 12.8906 9.59271 3.68573 15.1383 5.38003 1.99345 4.02829 2.24628 19.378 9.45253 154.487 67.3384 11.1023 1.11469 40.157 15.0487 23.6765 9.70448e-08 386.049
-58.8172 0.0242543 3.75298 52.0709 35.6571 54.9274 9.11506 7.85897 3.68573 14.0568 6.92713 1.19015 2.91235 1.49085 20.2434 10.8899 150.17 67.3384 11.9396 2.93258 66.3212 8.99427 12.1722 9.70448e-08 384.741
-58.8712 0.0138466 4.1673 51.6639 35.396 62.4331 6.99873 10.2158 2.8321 17.5295 4.28762 1.0111 4.66809 1.49085 9.52843 10.4743 150.769 76.0521 1.24476 6.45667 70.4916 23.9764 10.4572 9.70448e-08 388.1
-58.9983 0.0382287 4.00133 54.8391 26.9317 60.9303 3.10679 18.1201 2.8321 23.9564 3.18792 0.816773 7.87072 2.75872 5.31492 5.85086 155.831 67.3987 11.3118 6.01038 34.7502 7.60919 25.8462 9.70448e-08 388.309
-58.7446 0.0372391 3.40417 53.0557 33.5154 60.9303 1.67141 6.33826 6.41192 23.9564 1.4328 6.49771 8.45226 11.2075 3.33583 4.20705 147.564 68.0658 10.9606 2.28871 9.54126 6.15903 3.49847 9.70448e-08 383.846
-58.8154 0.0107893 3.43538 53.5599 34.8752 60.9303 1.67141 5.01154 0.532197 23.9564 2.04946 14.9282 1.06839 10.9502 7.28092 1.59033 150.451 68.7922 10.5609 9.5063 23.79 2.11987 19.3117 9.70448e-08 390.943
-58.7271 0.0109746 3.50173 52.0604 34.3487 60.9303 1.67141 7.2764 1.48711 26.7263 3.24961 15.5387 0.590975 4.51617 8.16874 5.07424 148.275 68.4237 9.19863 5.63135 4.26537 11.9026 22.0847 9.70448e-08 385.54
-58.9326 0.0573122 3.28296 53.0161 34.3487 60.9303 1.67141 11.043 4.50397 21.0278 2.93768 12.0323 1.76277 1.31798 2.1435 20.9736 141.585 72.8367 7.12532 0.885752 12.6166 15.5268 23.2088 9.70448e-08 384.678
-58.8855 0.0643404 3.60832 53.472 34.2459 60.9303 2.706 10.6007 3.43728 17.1792 3.31518 1.1341 12.9788 2.05959 12.0774 10.0154 145.435 72.5328 17.4421 2.325 47.7487 17.8916 15.6881 9.70448e-08 390.829
-59.3735 0.0460481 3.61703 55.1293 26.741 60.9303 2.706 28.9541 6.75838 2.84297 1.13734 1.68579 9.37565 6.93017 11.4018 7.46702 149.807 68.521 1.98505 2.14354 39.1009 11.5651 17.2292 9.70448e-08 388.471
-58.9392 0.0297109 3.50696 56.1952 26.741 60.9303 2.706 26.7732 6.15292 3.33222 2.25814 2.21306 4.3341 8.01009 8.42039 5.12708 157.112 68.2076 1.23669 9.15347 47.5037 3.73382 14.3228 9.70448e-08 383.412
-58.8454 0.0253996 3.50926 57.2805 28.1866 45.7063 16.2407 25.3331 2.39257 4.75337 3.73795 7.7068 2.46275 11.4018 5.37922 5.12708 155.937 70.8834 0.433128 11.5575 59.2701 3.73382 14.5261 9.70448e-08 384.285
-58.8183 0.04699 3.45782 59.418 22.1013 35.7903 25.9715 28.0347 7.81096 14.4558 1.94445 2.24828 4.70181 9.88494 3.15901 3.18601 152.734 70.69 2.38052 7.77345 28.7726 61.386 24.3098 9.70448e-08 386.693
-58.9829 0.030179 3.4465 56.5431 24.6452 40.6788 25.3275 16.6151 10.8213 15.2285 3.32417 1.34756 2.97102 14.2525 4.73877 5.25222 152.425 69.7207 0.890318 8.57698 49.5929 0.982248 11.5719 9.70448e-08 381.597
-58.8792 0.0210606 3.47462 58.4637 30.3034 30.2464 34.7563 14.319 4.76008 9.00516 2.34755 1.03557 4.87098 10.1522 6.61378 3.6633 166.274 66.4326 0.962442 5.06075 14.2526 9.88626 4.8978 9.70448e-08 381.331
-58.8822 0.0238854 3.51216 58.2283 25.6784 30.2464 35.5043 10.5445 6.66667 13.7064 5.56438 0.587525 3.09827 9.80783 5.25259 3.6633 166.077 63.9549 6.61303 1.68349 10.3828 17.2251 35.6147 9.70448e-08 382.917
-58.8797 0.0953635 3.21001 56.2178 25.7298 31.133 35.5043 15.0603 8.58514 10.6585 4.54805 3.92199 3.20933 7.31282 6.80743 3.6633 165.233 64.0984 7.62208 3.47798 17.5162 16.4821 0.719491 9.70448e-08 383.994
-58.8874 0.1544 3.03454 57.7728 25.6299 47.2067 16.0201 19.6026 8.58514 10.1182 5.63832 1.13164 2.77203 6.05626 8.92671 3.97143 171.598 57.9287 7.11517 6.6818 17.8095 1.23598 14.9697 1.23121e-07 385.524
-58.8815 0.0329109 3.3325 45.309 36.4856 45.3379 14.5866 15.7129 12.6475 8.29439 13.5387 1.63851 1.50822 4.17069 9.37601 6.62299 167.589 56.47 4.3556 0.563044 27.6074 4.10122 18.5677 1.23121e-07 388.745
-58.8514 0.0252219 3.3899 52.3575 43.0141 45.8714 11.2178 15.5523 5.31226 5.65179 14.7822 0.568574 1.50822 5.51494 12.7183 4.82972 151.335 54.0763 9.80206 16.0357 29.6329 13.7841 17.0124 1.23121e-07 385.439
-58.7968 0.0516535 3.48545 51.8516 45.5648 43.3931 8.54805 16.015 6.29636 6.34196 9.30559 2.64031 2.8946 8.52497 11.2692 1.83754 164.457 57.1873 6.986 1.50873 23.4361 10.7483 47.2161 1.23121e-07 386.023
-59.3041 0.0598259 3.43704 50.873 39.6518 43.0957 18.0174 7.60047 10.738 6.91932 11.3336 3.4446 1.76142 15.7819 9.04966 1.83754 143.508 79.1306 4.21988 5.30548 55.2991 4.29431 37.1777 1.23121e-07 388.495
-59.0194 0.0320004 3.59668 52.0746 41.7866 40.7179 23.7702 0.441348 21.5566 5.44513 11.9812 4.02246 0.363959 18.3714 3.40506 5.61286 148.739 75.1084 4.87848 5.79773 74.7034 3.72053 22.2574 1.23121e-07 397.865
-58.8021 0.101961 3.24311 49.8898 42.7448 33.7235 26.0464 0.744133 20.2215 4.69501 14.318 4.91578 1.06929 22.4272 0.300903 6.6304 148.607 59.9361 8.88448 4.49405 9.87932 8.59778 45.0947 1.23121e-07 389.225
-58.6547 0.0495967 3.61995 49.921 43.5562 36.6563 26.5531 1.25613 19.0981 7.45184 2.89587 1.97978 0.988663 19.3944 4.80886 6.16514 150.1 70.8862 4.49375 2.81396 36.2574 16.2214 13.047 1.23121e-07 383.444
-59.1239 0.0499488 3.49716 49.3488 43.5562 40.6431 26.6187 2.58358 23.5057 7.53629 1.07368 0.899065 0.15914 18.133 3.40364 4.84638 150.1 67.7713 5.86024 4.23494 7.79856 20.3719 28.3537 1.23121e-07 385.264
-59.251 0.0694845 3.43656 56.5628 35.1477 31.1552 28.3793 4.57415 15.1224 6.68767 2.0091 9.1678 3.82626 8.7969 14.5801 10.5106 135.291 87.609 0.779905 5.61707 9.34318 29.103 29.2722 1.23121e-07 391.385
-58.7314 0.00144546 3.94251 58.2907 35.0329 34.702 25.588 19.768 4.0974 5.76795 3.99622 6.05846 6.25293 7.43094 9.47102 10.8796 138.765 83.426 3.98575 2.05338 3.65907 12.1642 16.9625 1.23121e-07 390.045
-58.9266 0.0321665 3.35827 54.3756 34.682 28.8113 24.5823 6.20747 6.80022 16.5977 13.4361 7.81986 6.97957 10.2382 2.78681 10.8796 141.367 79.9984 5.4267 2.40921 9.97342 26.5468 8.06991 1.23121e-07 388.24
-58.8822 0.0356751 3.46879 54.5255 33.199 31.3682 31.774 6.31298 8.52563 14.3479 4.74412 0.323993 12.6617 8.97063 2.81674 16.3203 145.236 63.64 5.74108 10.4407 17.8981 27.9054 11.3781 1.23121e-07 385.546
-58.7568 0.0693182 3.61583 51.0517 39.3687 34.3592 26.8668 6.788 10.4453 2.69736 5.23525 8.41137 1.61397 19.5082 2.40321 17.3622 145.36 70.0143 13.8414 0.313955 18.004 42.8056 7.83263 6.50344e-06 391.472
-58.7446 0.0238386 3.39997 52.1452 40.8979 27.9511 22.4738 6.52208 24.7445 2.69736 13.7984 6.11296 0.749952 7.43754 2.46902 16.1665 145.229 70.8847 12.5555 3.32359 14.8599 26.3503 5.46749 1.10107e-07 384.942
-58.9412 0.0222077 3.35676 58.3687 42.7336 30.6712 19.1261 7.19049 14.6648 6.93078 11.2884 1.76186 0.504316 10.1025 5.0891 18.8185 142.805 70.2997 6.31478 2.08416 13.1371 16.2617 17.3733 1.10107e-07 381.579
-58.9409 0.0165 3.63229 53.2782 42.7336 30.6712 25.5626 6.01793 15.441 6.13133 11.2884 1.48181 0.401398 7.39254 6.89917 19.8807 141.607 72.7666 3.03575 2.08416 21.3521 18.2071 11.6171 1.10107e-07 379.502
-59.0204 0.0332905 3.44884 55.9713 42.7336 22.943 27.5326 5.39849 14.5194 7.65654 10.0047 0.828587 1.49534 8.90051 8.11203 18.1784 143.733 73.5663 5.33307 5.86315 40.6127 5.57101 18.963 1.10107e-07 382.904
-58.907 0.0610788 3.48312 47.8819 47.5386 23.1406 29.9796 12.3679 14.0379 7.70767 8.45615 0.732764 1.03183 3.96305 9.65987 17.5623 148.414 68.1865 2.45193 5.88753 15.2502 3.39253 17.1924 1.10107e-07 379.869
-58.8049 0.0348905 3.59406 47.8819 47.5386 21.8415 32.7567 15.3199 15.1859 5.52975 1.65209 5.05018 0.135897 3.50563 9.1532 18.4223 142.874 79.1612 3.1019 2.93369 12.2213 29.4192 10.8059 1.32957e-07 382.732
-58.8431 0.0233584 3.22401 49.0903 46.7014 21.8415 33.441 9.48685 19.3521 5.39378 0.531328 7.24825 2.18886 3.13073 10.0758 20.0205 142.286 74.667 9.53706 1.01943 3.0234 50.8356 13.5078 2.16513e-06 388.858
-58.9708 0.125851 3.31354 49.0903 46.7014 21.8415 35.4318 4.12183 15.2334 5.25314 7.73922 4.93675 1.21952 1.87674 10.4199 17.8385 146.456 73.6513 9.79681 1.90431 9.01683 26.2883 10.2372 2.87229e-06 386.757
-58.9207 0.0118129 3.32504 57.3121 41.3624 27.0336 28.1806 6.36676 17.4928 4.83374 10.4757 3.37013 1.25767 16.607 10.0528 20.2268 128.79 70.7289 3.90562 14.7729 12.7143 11.0339 14.9048 4.27701e-06 392.939
-58.722 0.0261668 3.17821 54.647 38.8449 31.0791 23.2746 2.667 8.46486 2.03683 15.8128 13.4459 2.27465 21.0893 6.97343 7.42964 141.494 75.352 1.64386 6.94807 45.3197 8.05229 22.8924 4.36714e-05 397.035
-58.8778 0.00975661 3.37259 58.6366 32.1603 28.5027 35.6261 4.78728 11.9104 1.87798 5.5613 5.5198 4.38029 16.0914 2.93196 11.4004 152.901 68.0834 4.02427 18.5915 46.4898 1.56412 23.955 1.22125e-05 392.134
-59.1109 0.0895153 3.24596 59.4696 32.1603 20.5263 42.3638 17.1468 8.35419 4.96139 5.28227 4.65936 2.60378 14.9544 5.23975 1.48958 154.249 71.8239 9.81273 16.1981 39.3198 5.24438 5.39217 3.0813e-06 392.78
-59.0025 0.192429 3.06851 56.7586 28.7497 23.8921 40.9252 16.7998 7.2293 5.35382 4.14651 7.63325 1.61376 15.7742 6.44365 10.3902 148.474 67.9198 2.63301 6.832 24.9543 11.7164 25.414 1.92481e-05 394.205
-59.0125 0.14082 3.0328 56.806 25.061 28.4518 43.8329 10.6428 8.0655 7.61871 7.38114 1.79715 1.15547 12.321 5.52322 12.1129 148.709 74.0556 3.16909 3.74247 10.8906 38.1487 6.987 2.06322e-05 387.941
-58.9958 0.0353874 3.52921 53.8503 13.2975 41.1098 42.3447 8.35696 8.67795 6.71873 16.8434 4.35047 2.81882 5.33852 6.65796 4.72065 156.259 71.2383 4.20686 6.65028 14.6694 20.2013 15.1464 5.33573e-06 389.731
-58.9272 0.0447488 3.25466 60.4821 14.7169 37.772 38.659 15.5293 17.7146 4.00055 6.31499 3.58987 6.72494 2.0021 7.4518 6.64997 150.833 70.6941 1.05287 14.8436 15.8385 23.8339 4.38706 2.23023e-05 390.463
-59.0248 0.0731248 3.54254 56.0012 21.5551 33.3157 35.0788 13.425 21.7533 4.45972 1.56247 3.9179 3.13228 12.5586 8.40144 7.16515 151.622 67.8669 9.35023 3.04596 16.4053 23.6023 3.64341 7.87082e-05 391.752
-58.7281 0.021165 3.76395 57.5124 19.6356 40.0783 32.1949 16.4193 11.795 7.68598 2.71135 3.8587 5.22684 6.28003 5.05452 16.4283 149.784 65.5882 2.18215 16.7229 1.80382 23.6292 0.697086 0.000148475 390.757
-58.8205 0.0273799 3.5474 53.5156 24.4226 37.8215 33.352 11.7484 19.6282 5.47504 3.12934 3.40377 2.99311 9.48355 7.57008 10.7382 149.258 67.4518 3.68725 13.1692 24.8575 22.8823 22.7851 7.08793e-05 391.168
-59.0026 0.0184028 3.87197 59.3739 32.2233 37.6396 21.6035 6.67357 24.9105 3.57302 3.57936 3.59302 1.41429 7.86288 10.528 9.8806 158.898 54.4098 4.56876 20.1157 1.29608 13.1119 17.8855 3.14848e-05 390.015
-59.0328 0.0352441 3.88416 59.3739 32.2233 29.4702 22.8734 4.04527 13.1198 19.9218 9.76758 2.08438 0.600217 7.83725 8.17465 11.5184 159.396 53.9397 6.70535 1.39774 43.7821 10.1409 7.49955 0.000322947 395.033
-58.8601 0.0375582 3.90338 51.4839 33.8924 35.4315 21.7624 4.08562 11.7087 22.6298 6.01146 0.327354 2.36947 9.27897 9.84075 10.7461 163.862 60.6494 3.67029 8.16131 39.8284 21.0512 5.283 0.000193653 393.809
-58.8319 0.0237195 3.38147 54.6082 41.341 35.4091 21.7624 2.635 9.6549 20.6529 4.38329 0.0953539 0.571341 15.844 9.84075 0.706768 160.955 60.0896 5.10941 6.89417 27.2175 7.52578 3.3224 0.000196119 388.586
-59.0791 0.0319136 3.24969 53.9194 40.0323 32.5962 25.863 14.3771 12.7806 6.83839 0.322997 2.85299 1.44005 3.59382 12.8287 1.21129 165.958 63.9279 3.98901 0.46006 26.8255 41.2118 4.10015 0.000164222 391.817
-58.8841 0.0236222 3.45943 39.83 51.2537 32.1036 25.3934 17.9889 5.56461 16.5491 0.158495 2.40935 0.956169 1.96741 16.1977 1.67922 162.552 63.4145 6.62948 16.8803 21.9911 1.62219 8.35385 0.000391434 392.765
-58.7802 0.0236864 3.39982 51.3477 45.3864 31.1738 28.0313 15.3851 16.0175 3.85259 2.01162 7.45346 1.63759 11.195 3.61432 2.00235 161.871 63.6721 7.03263 1.75905 53.8444 37.1909 17.2683 0.00329558 397.237
-58.8993 0.0239703 3.3183 59.4304 39.4485 34.2199 28.0313 8.23141 11.0251 6.84135 1.9827 1.4717 2.69853 6.25978 7.21529 3.2126 165.991 57.5022 6.84681 3.52123 16.2246 14.9761 14.6734 0.00683342 398.059
-58.9915 0.0242924 3.4946 54.2085 36.5918 33.5271 28.0313 9.60358 3.7311 8.19308 6.94028 5.58037 2.76536 16.1899 10.0266 7.11099 150.033 57.278 21.1213 0.958712 17.6537 21.473 20.3647 0.00343002 398.343
-58.7988 0.0245029 3.75133 62.0752 24.4306 28.5377 38.187 9.89601 2.94002 7.92365 6.5016 2.12128 2.06702 16.0875 11.9102 6.769 149.237 70.0853 0.837792 4.60626 46.6807 98.3174 31.1354 0.00093078 402.399
-58.8557 0.00543993 3.74672 63.6857 21.3402 25.865 40.4212 8.54718 12.8671 9.21362 4.08288 4.80095 1.43236 6.97342 15.8589 6.769 148.209 67.0084 7.40828 10.367 6.25142 18.7704 19.1851 0.000478795 390.647
-58.9113 0.0132111 3.41438 57.1405 22.2297 34.2674 33.1613 15.0429 3.92256 13.3498 16.167 3.33233 2.39704 13.6408 1.60255 3.87196 153.028 72.3081 5.50423 10.5318 5.68207 40.0769 41.7534 0.00167505 397.412
-58.7743 0.0532985 3.48172 57.3758 22.0836 38.1737 27.8125 26.2435 1.5429 3.54739 9.54013 3.79922 3.65143 15.354 1.9301 6.52347 154.729 71.3427 2.1406 3.75217 22.2142 26.0283 17.7945 0.000285416 391.553
-58.8051 0.0229444 3.59279 58.0947 21.8861 41.4485 31.5535 18.4845 7.4854 1.41035 9.54013 3.97153 2.47394 7.92221 2.70795 14.6647 148.45 69.2018 10.4687 9.97901 3.49519 33.4992 22.0136 0.00117893 391.901
-58.6872 0.0673691 3.25575 60.1195 21.8295 38.5296 37.9987 16.7099 6.97111 1.86169 5.76572 4.03853 1.80882 20.0819 7.60862 1.40527 148.865 70.8146 18.8103 2.13776 39.9779 5.3319 10.1161 0.00755961 402.256
-58.9689 0.0809777 3.38083 59.9663 21.5955 35.6912 36.585 18.8845 9.61384 3.27273 2.81052 4.52786 0.642614 18.509 4.56585 2.66544 151.819 66.7358 6.20303 4.42021 0.26993 6.45568 8.1603 0.00333976 393.206
-58.6914 0.102387 3.23283 59.1469 20.4856 34.5702 36.1665 11.9843 14.0292 9.65695 0.28431 3.95255 1.72057 14.7844 7.74433 1.70991 168.511 57.5807 1.36636 6.18138 6.31691 12.6674 15.8129 0.00275533 392.266
-58.6623 0.0883956 3.32414 59.7652 18.1526 33.8317 36.1665 10.4163 13.2585 11.6678 1.55225 1.02122 1.56297 12.5634 6.12117 4.25924 165.652 61.8968 1.36636 11.0121 13.3597 18.5922 27.8353 0.00206423 393.905
-58.6275 0.10157 3.1789 62.8693 13.4977 52.3837 27.3192 2.96751 13.1418 8.84701 5.95042 0.965201 1.55066 15.2322 7.12485 0.877959 152.53 80.58 2.26226 11.547 26.7811 12.5838 27.5107 0.00177252 396.923
-58.8148 0.0301997 3.50897 60.8073 12.7357 55.7789 31.7444 2.31877 13.5935 3.94873 5.9278 3.54855 1.92829 8.06866 13.0438 6.78896 147.697 71.5654 4.90312 8.11954 10.6014 18.2388 36.8899 0.00542819 394.434
-58.7748 0.0523649 3.45214 64.1467 10.1843 53.6395 30.624 1.88521 13.4371 4.9632 8.11349 1.38183 6.6282 4.77043 14.668 4.21383 153.006 84.3596 1.28836 4.67482 22.4666 35.3155 34.5587 0.00281995 401.446
-58.8238 0.161401 3.13502 62.1955 9.90161 45.884 30.624 0.696039 15.4427 14.9488 12.0849 7.98616 2.45433 2.32136 13.5784 10.5593 152.251 57.7792 3.69022 3.43166 37.1077 29.9502 46.8047 0.000568556 400.178
-58.7188 0.087451 3.06799 65.0693 11.5457 25.9462 49.1703 0.364059 14.7564 16.3853 9.58475 8.0969 0.287276 0.566756 16.3295 11.1328 152.726 58.4452 9.29497 10.494 37.8991 15.3503 18.8555 1.84345e-05 396.94
-58.8368 0.0615965 3.47895 61.5859 11.5457 29.0203 49.006 3.50578 13.7389 19.5489 5.57144 7.14625 2.93813 5.34236 1.99657 9.30635 152.924 61.9234 4.61364 10.1788 104.05 14.9625 17.1663 0.000287649 396.309
-58.806 0.0196602 3.43085 63.7431 11.5457 30.5879 49.006 3.35663 13.6994 10.2288 5.10694 5.3917 2.51201 10.2359 3.05945 6.0249 156.716 68.882 7.49888 7.03113 54.501 10.195 5.61086 0.000150351 388.781
-58.9183 0.0284963 3.44234 60.4574 13.4107 33.364 49.006 4.91875 19.8931 5.45103 3.06537 4.1013 1.84968 19.7936 2.88277 1.96221 155.066 63.1266 0.596936 6.54395 30.6803 2.23591 3.583 0.00026784 388.918
-58.8801 0.0232797 3.41991 60.3371 9.35863 30.5868 56.9192 4.51995 23.9643 4.44988 2.29695 5.62946 0.528816 9.12138 10.1181 2.59011 162.625 56.0874 9.1923 15.0998 4.16719 13.6022 7.3576 0.000140612 391.185
-58.813 0.0232389 4.20164 65.6647 2.11819 30.4207 56.6339 0.831722 24.8577 3.78351 4.20764 1.94936 2.63404 6.08105 4.59552 15.6546 179.116 30.2732 5.97015 17.5077 13.4873 40.7417 11.1097 5.31768e-05 396.625
-58.7395 0.0248807 3.63049 63.2798 13.3093 25.8899 47.4041 2.51062 27.3397 3.12279 0.745735 2.66062 9.16748 3.49744 2.06116 20.1822 155.502 47.5322 6.04273 12.9029 21.6589 9.5817 4.19436 3.41577e-05 395.734
-58.7931 0.0277643 3.45736 61.7397 15.2606 20.2247 57.7077 0.228348 14.3445 15.1432 2.77801 3.21397 6.34762 5.63778 4.47747 13.2079 144.019 80.6917 8.43787 20.4756 13.2303 18.3279 14.8312 3.58091e-05 392.855
-58.8546 0.0671973 3.38141 57.4727 15.1876 20.1776 65.5286 2.89264 16.2164 14.7608 0.957964 3.48326 0.857151 6.97846 4.15514 11.9211 151.853 70.4724 2.96807 14.8854 15.4205 22.6679 12.9922 4.9848e-05 391.352
-58.693 0.102333 3.30373 62.0389 9.18014 17.155 59.4852 3.03117 24.3836 5.76812 6.78999 4.71399 0.603632 5.06611 7.71299 15.9897 161.661 50.7899 2.71043 16.0512 12.1688 3.1467 22.2359 5.62501e-05 390.159
-58.6986 0.0373971 3.90176 62.6293 11.6116 27.8682 40.2274 9.58354 24.3836 6.25839 5.80838 3.69729 0.407147 10.5416 9.98849 9.00305 154.127 60.7606 12.041 4.68764 4.54675 32.9215 25.4714 8.13827e-05 395.046
-58.8385 0.0954784 3.78759 63.4155 12.792 19.248 56.2914 13.1929 12.2555 9.85592 1.17226 8.45632 2.27714 3.85716 6.64436 16.838 154.133 56.2971 12.4274 6.42801 21.3327 26.5255 11.8271 0.000220414 396.428
-59.006 0.0205474 3.70492 61.5419 26.4892 19.248 40.7606 11.8055 14.4244 9.60724 4.13882 11.6673 3.15538 7.08557 0.406732 9.4207 152.112 64.567 7.92729 5.33463 8.48968 40.0881 17.9418 0.000171676 392.617
-58.8971 0.0201169 3.68757 56.9684 26.8886 19.248 47.0249 12.0735 11.6558 16.1797 2.01246 6.4801 3.79894 6.09345 3.33579 7.17836 152.963 76.664 7.92729 6.32705 39.1382 44.5035 12.9146 9.84381e-05 390.312
-58.9485 0.020213 3.61873 57.8653 26.8886 19.272 46.9299 9.38664 12.132 15.2194 0.917704 4.28369 4.65732 4.54336 10.5769 14.0883 155.261 62.6653 1.0355 15.4461 11.0841 2.94436 53.6845 8.77201e-05 391.009
-58.8568 0.0203232 3.50784 59.0133 27.3638 14.9617 45.7943 24.5414 12.5294 7.80137 5.06289 3.37888 0.521339 9.96415 4.62999 10.1029 156.749 58.957 4.32826 2.09099 5.02781 20.4192 9.93769 0.000136095 390.881
-58.8829 0.00853203 3.43894 58.0726 27.7656 16.8626 42.8664 14.1799 12.4444 8.31507 3.50039 0.724669 8.52619 3.39911 1.87164 9.09573 176.367 54.8774 0.822083 4.25262 12.3075 27.1324 21.2471 0.000395236 395.349
-58.8117 0.0118314 3.57443 53.0652 33.9834 18.9187 43.2076 17.5534 10.2609 10.5618 2.3467 0.897284 8.37458 7.8799 2.48629 6.26104 166.414 56.0009 9.7157 2.28313 16.4919 31.4355 26.8194 0.000166758 390.698
-58.7504 0.0351127 3.68174 62.5498 30.3431 17.2065 43.3238 3.90018 7.17123 5.97561 17.2699 2.50907 4.33555 1.48767 11.1277 19.5758 156.174 53.5125 17.6814 1.59789 3.67825 1.09737 25.4886 2.34591e-05 394.865
-58.7632 0.016169 3.5085 49.4909 44.4345 14.8207 43.1141 3.08092 17.6584 4.76859 5.30722 1.01108 4.12002 8.29578 10.4957 19.2826 153.615 57.9878 14.9298 8.75947 15.7458 10.432 43.9401 7.07149e-06 389.792
-58.7826 0.0354764 3.52531 51.2002 44.4345 22.0165 40.6599 6.31447 15.3127 3.84846 4.0977 9.35263 4.11362 1.41816 1.32627 21.6271 148.22 56.8573 14.8273 6.41832 43.2277 3.22445 19.5845 9.82391e-06 392.98
-58.6857 0.0148359 3.70357 50.2967 44.1018 14.7067 51.3788 7.8652 2.72702 11.7756 5.55677 1.56321 0.351266 3.40973 7.45851 26.4287 147.353 53.7682 15.1539 10.1099 6.78607 2.6198 2.04532 5.96307e-05 392.183
-58.7889 0.0715402 3.42011 50.0117 52.4901 23.6788 25.9617 7.70944 14.1374 11.4367 1.0989 0.989513 1.07811 3.08198 5.45899 20.253 154.463 66.1305 7.27887 3.64518 5.29405 1.01128 11.2717 5.74218e-05 385.632
-58.8705 0.123727 3.17678 49.3867 52.4901 19.9722 25.9617 9.28798 15.9377 12.6106 0.93182 1.52104 2.92319 10.1367 9.8723 13.1243 149.593 71.1894 2.19424 3.64518 10.6376 10.6678 12.7789 4.81538e-05 384.855
-58.8769 0.157734 3.20085 50.8718 47.152 27.2806 25.9617 8.99128 21.7799 2.10811 2.49564 3.61045 3.29459 7.38801 8.06109 12.6265 150.915 75.7682 2.28382 9.09319 6.64591 99.1403 30.5725 9.146e-05 396.452
-58.8277 0.0799438 3.1886 49.0846 49.3737 28.5168 27.9387 1.31608 20.396 6.44717 5.76097 2.15932 2.92549 9.1844 6.119 15.224 147.909 73.4851 19.7219 3.24504 50.576 50.4827 34.1641 5.54192e-05 394.513
-58.8991 0.0496623 4.14786 48.2838 49.3737 24.849 26.7148 3.53324 16.6539 9.68595 6.49875 0.485329 3.08418 14.9795 7.41946 13.6898 142.135 73.1094 4.77024 15.1298 11.723 6.216 35.7333 0.000345054 395.024
-58.8213 0.0155224 3.61091 51.7815 43.5097 19.8648 38.0365 10.6727 13.7487 13.3521 4.78579 2.53984 0.654979 8.74716 11.413 7.31053 143.843 63.5253 1.33173 11.775 5.45283 7.35483 5.99603 0.000438293 392.255
-58.8424 0.0202204 3.60941 51.8642 39.1736 17.9173 42.8096 8.32685 4.48294 24.8634 5.33123 1.7807 5.40596 6.38705 4.86851 10.2947 147.172 63.4512 1.66826 11.8671 1.50723 6.07036 9.86346 0.000220585 389.593
-58.8087 0.0179691 3.81821 53.0999 40.2741 9.6758 46.1688 8.31082 3.10988 23.0224 8.20161 3.98663 1.25776 14.8092 6.61101 9.71687 153.144 53.2357 1.78844 8.04079 7.85216 14.8269 10.9274 0.00110788 391.389
-58.8089 0.0200258 3.46356 52.3089 40.2741 9.18931 46.1688 4.68062 3.23897 25.7039 8.20161 3.98663 3.97439 15.1372 5.69097 9.7783 153.462 53.6847 5.1978 7.46576 9.39692 9.08847 16.4602 0.000894301 391.271
-58.6696 0.0591758 3.44402 51.9143 40.2741 7.02638 55.9055 3.91075 3.23897 15.595 6.90728 6.63986 1.58042 2.97788 5.47247 16.6124 151.97 45.8343 22.9724 5.98913 15.5651 17.4454 31.6927 0.00161516 399.227
-59.0724 0.0358411 3.34871 52.5986 41.3034 22.7585 44.4504 4.10567 5.33788 13.5203 4.09956 2.77788 7.2719 2.4691 5.21951 23.1922 153.938 55.7047 9.99963 10.9865 45.8902 4.83407 7.70302 6.65414e-05 392.402
-58.6952 0.0475063 3.57509 49.1262 41.3034 29.5804 38.6077 13.9903 6.87353 9.5674 3.85451 1.01313 4.26326 6.56797 2.98303 9.47712 150.476 79.5951 1.42906 22.0679 2.64873 35.2863 6.26332 2.94959e-05 394.387
-58.7878 0.0665289 3.35368 52.4209 36.6971 15.9526 38.6077 25.5072 6.77782 8.01826 7.10267 2.8166 3.30978 5.35792 2.27447 9.11233 150.99 83.2984 2.71536 1.4593 7.53831 8.47553 15.4822 2.94959e-05 389.735
-58.8554 0.086143 3.11992 53.0996 37.4668 18.0995 41.057 19.9398 6.99389 7.42592 12.6083 0.180957 6.6826 9.4892 1.70896 6.55864 160.427 59.3783 1.33633 5.83984 5.55718 2.93746 13.8008 2.94959e-05 392.503
-58.9006 0.0109108 3.504 56.0881 34.2757 14.1966 45.0424 6.37463 12.1978 9.11645 9.39569 1.22728 1.96925 12.577 3.48837 3.57178 176.617 53.2118 2.58544 4.80554 9.3982 31.7784 16.8454 2.94959e-05 387.968
-58.9996 0.00735166 4.22562 56.0881 29.4627 19.8697 45.0424 7.76792 11.1181 8.80015 9.83003 0.0978392 2.11267 11.4834 7.43819 3.38762 172.138 57.0194 9.94649 1.26049 7.97654 2.37973 4.15466 0.000143676 391.407
-58.8553 0.0762786 3.40806 56.1418 23.6126 28.6548 43.31 18.7788 9.59261 4.80783 7.34333 0.498608 0.710601 3.51612 10.4152 1.38404 168.577 60.3114 16.2652 1.84145 14.9116 15.5511 25.6233 0.00634771 396.225
-58.9967 0.0490022 3.1371 58.7865 23.6126 49.3455 15.5714 17.3288 9.67428 7.51946 9.03649 0.81053 1.35482 4.67779 17.024 6.11072 152.905 50.3277 21.2018 7.72227 26.8434 19.5948 40.1569 0.000557939 396.202
-58.959 0.0215114 3.4174 57.501 37.1242 48.0043 6.02386 17.137 7.92754 7.50747 12.2111 1.3974 1.45073 2.86782 8.63747 19.5288 155.043 55.1073 3.64647 8.08665 0.950968 4.4096 30.5471 0.000122706 389.515
-59.0202 0.0227097 3.4104 50.4951 44.5587 40.5693 6.02386 21.6123 4.44576 6.2793 22.1795 3.97029 1.74854 4.1277 7.6593 7.59252 159.862 54.6167 4.52735 9.42609 34.5049 20.2301 27.2821 1.50945e-05 390.603
-59.0622 0.0444039 3.48095 50.4951 44.5587 43.8258 0.27165 19.0472 6.86886 7.7799 17.1856 1.97972 1.99218 4.93455 9.92128 3.90325 158.028 71.0283 2.86863 0.317989 45.6131 8.65818 22.9882 3.08e-06 390.413
-58.8457 0.0821678 3.4172 56.7864 40.3087 47.6037 0.733876 22.909 4.0429 10.9259 7.59198 1.66153 1.03617 5.23303 12.9109 3.01027 155.594 71.5401 5.88211 11.0972 5.98606 12.5473 24.4005 6.42421e-08 385.09
-59.0304 0.126195 3.37745 56.4649 40.3087 48.757 1.60704 25.9199 4.80107 5.32793 7.16589 1.88168 0.843856 2.04993 17.5072 1.57343 155.594 73.5091 10.3294 2.77924 14.9778 22.0419 28.7222 4.45752e-08 388.406
-58.8938 0.0200793 3.31198 53.9204 38.3106 46.435 1.60704 22.0856 2.92455 18.4061 1.97701 8.02744 2.92557 2.71478 6.17707 3.12308 169.769 69.0556 15.4678 2.40375 47.0222 39.1447 15.985 3.37836e-07 394.9
-58.6984 0.0116914 3.67583 60.1312 38.3106 43.8884 5.45838 26.3915 7.82145 8.04461 4.86023 3.93661 0.260429 0.635013 6.24649 2.77436 171.926 54.1638 12.3154 6.20086 29.278 13.1461 26.4275 5.08407e-07 389.542
-58.6958 0.00682303 3.56152 51.8417 34.482 45.1037 17.0905 27.2322 3.0586 5.87576 0.22277 0.388951 6.03943 12.8135 5.47078 5.02871 157.736 70.0741 4.10131 7.73083 18.4032 24.3154 22.7484 9.27e-07 385.352
-58.7882 0.00883977 3.74943 51.8417 35.7138 43.3196 15.173 38.1536 7.03074 1.55882 3.38488 0.353653 0.834028 6.20674 7.19105 5.02871 158.121 66.116 9.55178 3.49888 26.2311 26.0245 37.4723 8.33729e-07 384.547
-58.8927 0.0651076 3.22969 51.6561 39.899 41.2418 15.173 34.9074 8.05931 1.55882 0.606696 0.303298 2.21724 7.56706 4.81573 9.1336 163.177 67.4711 1.20821 9.37823 12.3621 17.562 19.7367 0.000182627 395.2
-58.6084 0.0141742 3.36332 51.6561 39.899 40.2389 13.3568 34.9074 4.66196 8.29909 0.641119 1.08297 2.50539 0.825964 13.1074 2.9628 161.787 64.236 1.52667 8.09674 12.0925 6.20496 70.9925 0.000314765 393.688
-58.6897 0.0887485 3.42534 51.6561 39.899 37.8188 12.3298 34.9074 2.27851 4.96223 7.10546 0.911108 1.53697 2.37602 13.0841 6.571 168.022 55.3536 6.38474 12.1601 11.8333 8.56627 8.75042 0.000762388 394.647
-59.3983 0.105586 3.52643 56.0409 35.7723 35.5851 23.0715 18.8672 2.65834 3.85292 9.37862 0.409265 4.55583 23.2721 2.75046 6.18666 155.09 65.095 1.47783 4.45711 43.787 8.56627 14.7753 0.000394885 399.494
-58.7516 0.132559 3.15753 56.6209 29.1021 32.8261 22.4943 10.9509 4.71063 25.2972 8.78232 0.449662 6.92792 10.7532 2.57583 6.44873 156.718 67.323 7.70766 11.2365 14.6765 2.13754 60.668 0.000195861 397.177
-58.8346 0.103206 3.22848 59.1063 25.823 36.08 24.2118 8.45494 7.04232 26.0882 2.58351 1.43134 6.53457 13.2369 4.31401 8.44934 159.929 58.8093 4.59308 3.14332 12.6682 0.162363 46.7576 3.08208e-05 390.55
-58.7999 0.067123 3.4727 56.732 25.9375 45.5291 22.9018 15.2655 4.99192 8.01025 3.68202 7.39422 7.71706 2.38367 5.8807 6.69927 156.432 76.0312 10.4437 1.97166 24.3463 11.9953 80.0224 0.000424962 399.037
-59.2079 0.0602577 3.62121 57.7462 30.5059 38.9167 22.7533 20.088 8.7668 9.82184 6.94412 7.89359 6.87005 6.21048 3.08686 7.45446 147.242 62.7796 13.6951 10.5007 6.42506 9.53425 36.5911 0.00353317 400.38
-58.8953 0.0140171 3.70498 57.3019 27.3076 41.2273 22.7533 17.2884 10.9617 5.02952 5.00604 3.12105 11.3204 6.33269 2.40067 9.6571 148.379 45.1182 20.1132 12.5918 13.275 14.3841 5.20885 0.00155937 397.525
-58.8721 0.0285197 3.36955 55.4056 27.398 37.8729 22.9645 17.4059 19.5491 3.12888 4.9256 8.24598 0.712862 11.8158 0.603156 15.2433 146.141 68.6948 0.877355 8.82973 12.9184 10.6444 4.85036 0.00226462 390.74
-58.9392 0.028051 3.55322 55.4056 39.0109 34.2297 20.3434 17.6454 14.6858 3.50109 2.21984 2.76757 1.5768 6.10274 2.12113 24.6109 143.1 78.5953 1.43825 5.87612 1.25537 31.5117 36.2506 0.00232893 391.501
-58.9051 0.0238054 3.55306 53.647 38.2663 35.4775 17.0379 18.965 19.5462 3.50109 4.32485 4.17895 1.14293 6.57308 6.03359 24.5509 138.013 74.4818 1.97426 1.66217 36.6619 2.77663 29.595 0.00401465 395.33
-58.8408 0.0789069 3.55248 50.1029 40.0097 39.6617 22.1097 7.78242 19.0436 7.29177 3.81206 3.17075 0.18455 13.5873 0.621261 23.46 137.767 76.9306 11.1047 2.56626 23.258 32.4718 40.445 0.000597676 395.445
-58.7143 0.0191801 3.82822 46.3743 49.7056 39.6617 19.9721 13.3966 10.6214 4.78257 3.28871 3.73479 4.2709 15.411 1.03734 19.9419 135.125 78.5888 5.62002 11.672 11.3132 9.40752 37.1206 0.00154803 396.677
-58.816 0.0285392 3.79077 46.3743 58.0885 29.8099 19.9721 10.8845 8.88542 1.20376 12.5853 5.04141 0.237819 3.93782 10.4081 12.6997 151.283 71.8219 14.433 8.2261 5.88937 19.6883 14.0755 4.45312e-05 391.93
-58.664 0.0549085 3.43853 48.4776 58.0885 24.9186 26.689 7.47511 4.98143 4.67179 17.9782 3.30302 1.74683 4.9441 6.28235 13.1834 149.861 56.2456 11.0911 10.1142 1.78732 8.96538 6.57768 0.000134153 394.55
-58.9873 0.056717 3.41189 48.9357 58.68 20.1034 25.9222 4.19625 15.9593 6.97208 13.74 1.34509 1.18528 5.09811 5.48633 21.692 151.142 66.2711 7.7077 2.55878 14.1465 17.9263 19.4917 0.000618811 395.977
-59.2999 0.0481042 3.51025 46.7734 62.0594 18.2951 25.9222 6.46156 17.032 8.4982 3.09386 1.5223 2.75129 14.5622 4.83111 13.9495 144.461 73.0954 4.82463 6.16541 14.782 32.2779 43.9312 0.00021125 391.439
-58.863 0.0404046 3.4722 46.7734 62.0594 18.2951 24.8571 9.07263 13.2427 8.13941 3.70188 0.85251 3.40161 19.081 1.62336 14.4572 145.679 71.2642 6.63349 14.3382 17.9338 41.6543 28.5754 0.000358978 390.946
-58.7622 0.0327832 3.48884 48.7508 56.1609 18.2951 24.8571 10.7171 14.0418 11.9973 2.72177 0.85251 2.04477 20.2409 2.39503 10.026 149.937 74.4268 4.24552 6.21784 11.9951 4.44366 8.87698 0.0016144 390.1
-58.7654 0.0163694 3.46671 48.7508 56.8186 18.2951 22.564 1.42653 19.8208 11.6743 9.0436 2.17775 0.445331 14.1787 4.31189 16.485 153.66 57.2794 12.6657 6.40232 9.46396 26.555 22.5089 0.00191857 392.981
-58.6436 0.0561671 3.40387 47.6266 56.8186 18.2951 23.3679 10.0037 20.3524 17.5694 0.380945 3.14661 0.445331 3.82512 4.55553 21.8833 158.772 55.6367 4.50245 8.2678 9.62405 24.5675 38.8759 0.0017643 398.379
-59.0592 0.0408762 3.44331 46.1126 58.6224 18.5016 18.6781 8.5134 18.7237 14.5875 1.82663 6.34445 1.78014 2.60534 4.52909 10.9021 162.874 73.8823 2.53287 12.2166 6.4284 5.86724 32.0421 0.0013364 393.636
-58.7814 0.0118713 3.36385 43.8213 61.4376 18.5016 26.0163 7.15149 18.5822 16.4932 4.27874 1.64247 0.581877 9.84624 11.738 8.12746 142.384 67.8797 0.578832 6.1709 20.3041 26.8584 5.95005 0.000565274 391.151
-58.7816 0.0152467 3.72061 43.8213 61.3849 18.5016 17.3963 12.9996 18.6955 9.0609 4.3453 2.46922 1.62597 4.40935 5.51692 8.11546 166.947 59.0341 12.0988 9.69826 34.8998 22.4106 5.95005 0.000275642 391.966
-58.925 0.0374802 3.6521 47.3144 63.2394 18.5016 16.4334 11.5613 19.7805 7.51455 3.32524 5.52723 0.328556 5.0804 15.4443 6.26869 144.429 72.2969 7.11099 18.7504 17.3692 1.11315 25.2101 4.11528e-05 393.11
-58.8807 0.0215013 3.9389 50.6352 63.2394 9.58783 27.6619 6.83219 25.4542 1.32438 3.02357 1.90145 1.46547 1.7849 25.3769 2.18217 153.012 67.4141 7.56951 1.30952 28.0376 3.10417 27.2165 3.9835e-05 389.641
-58.8495 0.0331729 3.59587 38.2309 70.5788 21.0428 23.5639 2.36918 25.7496 3.36866 2.45975 3.34719 3.26373 6.04923 22.8691 9.08108 148.426 58.0604 7.4898 7.2746 12.4447 28.8049 27.0246 6.26771e-05 390.948
-59.0709 0.031946 3.44238 38.9445 71.7821 16.4776 23.4307 6.02028 25.7496 1.40862 0.98603 3.12462 0.350918 9.92445 17.8594 6.2026 148.355 68.7376 3.944 6.93987 3.71482 6.26766 27.0268 0.00021426 387.372
-59.0236 0.0377119 4.15062 38.9445 71.7821 16.2082 23.4307 7.6674 23.8127 1.40862 0.876162 1.19979 2.69292 12.5732 17.8594 6.2026 147.438 68.9557 2.1799 9.80532 9.52753 7.96572 24.9233 0.000866754 393.368
-58.9067 0.0359201 3.54081 38.5204 71.7821 4.92146 34.7254 16.6717 14.1756 9.69796 0.883177 2.42946 2.22263 6.84126 8.01696 11.4526 146.899 71.0381 2.22067 2.27325 7.14434 5.53494 15.0006 0.000758812 388.852
-59.0186 0.0387606 3.76868 40.4539 71.7821 4.92146 39.9864 12.0628 9.90355 9.77166 3.49828 2.90108 2.64212 11.5122 1.41766 10.2073 159.471 62.1106 4.05647 5.47396 5.81106 1.81792 20.5078 0.00113156 392.825
-58.9282 0.115907 3.23198 40.3352 71.7821 9.25341 32.6864 17.9884 1.24295 8.4787 4.47579 1.00986 6.26223 15.0079 5.36936 4.9731 163.237 61.6857 9.43334 4.86452 8.17858 6.01006 26.1483 0.00107721 395.611
-58.8574 0.0589386 3.92176 40.3352 71.0887 7.32295 27.5232 16.286 6.0643 18.9346 0.641073 1.19979 5.64848 6.41959 3.50589 4.40496 176.731 45.637 18.9983 3.74028 55.5334 6.11534 5.58907 0.00284942 400.67
-59.0653 0.0362778 3.28898 40.3352 71.0887 7.58562 24.8573 14.9547 16.6035 12.4371 1.07836 5.76009 0.0904754 4.94584 6.86913 4.25781 171.968 55.124 4.51518 3.01079 35.943 18.1624 10.2681 0.000826409 395.796
-58.8819 0.019322 3.62591 39.7557 71.0887 7.58562 25.8733 14.4483 20.5748 5.04383 2.92729 1.43227 4.04145 7.74394 14.0613 6.74776 177.81 36.1245 9.22108 5.86548 7.75573 13.1601 2.93209 0.00104187 394.085
-59.0775 0.041651 3.4413 39.7557 71.0887 8.33008 25.8733 16.3135 18.6801 7.23986 1.56612 1.06922 4.26881 7.60268 7.44025 2.25097 179.303 43.7094 10.8445 4.53132 1.13558 7.50163 16.1048 0.00118956 394.611
-59.0775 0.0541352 3.36104 40.943 71.0887 10.2779 23.4749 7.75792 20.3199 10.4494 1.22645 1.24271 4.03485 7.61778 6.8807 2.29691 167.14 63.6852 10.8286 0.55509 8.94849 9.03852 17.6758 0.000159088 389.539
-58.735 0.0570304 3.33771 42.4701 71.7542 10.2779 23.8875 4.31869 12.8017 7.15044 13.2226 8.77834 2.16801 7.62707 4.40352 2.94724 157.148 60.9981 2.36368 18.473 6.18045 13.5724 8.11265 9.32132e-05 396.24
-58.8897 0.00795402 3.55015 44.1214 71.7542 10.2779 25.314 4.34233 9.83808 5.11128 13.4183 1.43853 1.31502 15.1748 13.2194 10.5053 150.284 61.5356 1.43728 4.94308 0.761429 8.21351 29.2137 9.32132e-05 395.411
-58.9958 0.032411 3.46548 49.0015 71.7542 10.2779 19.7317 3.60357 11.094 7.13928 12.2485 5.45636 2.34493 16.1513 2.37802 6.38362 157.642 63.1427 9.8623 5.61423 18.9323 7.47739 14.2276 0.000127653 391.013
-59.1263 0.0370367 3.3869 50.0242 68.7047 10.2779 19.3968 7.36855 4.87324 3.5536 11.9569 7.62507 3.99769 9.80772 17.4657 2.94048 153.545 68.5111 10.1315 2.4047 3.88914 18.8098 10.2215 0.000103696 393.513
-58.8707 0.027344 3.67329 49.1852 68.7047 9.82395 20.4979 6.11641 2.02155 3.5536 26.9881 3.42502 1.16668 9.2504 5.77102 12.1967 151.895 70.2549 12.5486 2.93356 2.67652 13.0178 5.20642 6.37701e-05 392.328
-58.756 0.0188008 3.3999 41.0307 68.7047 4.48341 45.688 5.41796 7.54357 0.721312 20.96 0.791219 0.648442 6.42642 8.77204 6.23244 152.154 63.4597 23.0499 3.10051 7.19602 8.93573 0.487053 0.000159739 396.591
-58.7627 0.0144341 3.61877 41.0307 64.6278 4.48341 41.8709 6.15036 10.5376 0.456744 11.6598 4.72519 1.82464 2.77126 16.7829 8.37986 158.305 63.4597 8.74892 4.04929 4.82366 63.5238 60.3567 0.00059186 397.235
-58.7037 0.0146707 3.27704 41.2925 64.6278 2.87035 39.3323 6.1234 14.183 4.84762 11.2858 6.01424 0.351054 2.77126 14.0672 13.4418 152.311 71.7067 9.92352 8.75324 20.4962 12.0382 17.2996 2.11781e-06 390.471
-58.8338 0.0171909 3.81562 41.2925 64.6278 2.58638 41.783 1.55481 9.21399 9.40137 21.3927 5.30509 0.451244 2.69673 11.5202 8.23979 154.039 66.0535 10.5258 6.8511 16.9209 2.51088 10.7234 2.86811e-05 391.034
-58.9276 0.0134816 3.67125 43.4776 64.6278 2.58638 37.846 2.08189 9.00215 24.6184 0.0210098 5.11039 0.684745 8.5066 16.7126 7.53349 150.695 67.6726 10.3834 1.67794 39.9135 13.0989 1.23225 4.11075e-06 387.928
-58.8106 0.0314906 3.54052 43.2814 64.6278 2.58638 41.3354 7.47488 5.20694 21.8364 2.15398 5.07068 0.731136 3.73322 11.7752 16.143 144.927 76.0248 2.65483 0.354619 40.6423 10.7395 25.8927 1.32622e-05 387.046
-59.0024 0.011881 3.60695 43.2814 64.6278 2.16394 43.7732 6.47422 6.92551 22.406 2.68028 6.02584 4.60812 4.35246 11.2461 10.4683 144.927 68.4052 6.98109 4.65747 8.70348 6.49169 8.57692 1.69209e-05 388.923
-59.0396 0.0263206 3.47237 43.2814 66.4201 2.16394 36.8139 9.02173 1.99453 20.3223 4.66448 7.07626 5.88434 1.37932 8.60554 10.4683 151.497 71.0462 7.30944 2.19471 35.0344 6.18164 10.2065 1.62891e-05 388.026
-59.0955 0.033686 3.60171 44.4426 66.4201 2.16394 34.0824 10.005 3.76234 27.5937 4.07627 7.72559 1.45291 0.779694 6.57337 12.1869 157.501 64.033 6.56284 4.24723 33.3406 25.345 14.3723 0.000368424 394.497
-58.6922 0.0528147 3.35854 49.6816 66.4201 2.16394 32.4579 6.43929 1.00867 25.1587 2.78298 7.55016 2.96953 1.01914 6.14809 15.3348 159.825 64.3188 2.34517 0.496869 29.7597 88.7621 20.3766 5.16466e-05 400.312
-59.1272 0.0368619 3.2691 48.8765 76.2942 2.16394 33.0918 2.31003 11.8381 9.37079 11.1232 2.10916 0.334798 6.21155 2.47172 12.6898 155.105 51.3384 14.3725 10.4007 15.9968 44.4479 14.6978 2.47364e-05 399.375
-59.0386 0.0407519 3.70814 34.3759 88.0087 3.96034 19.8321 14.9705 11.0723 10.9752 17.8507 2.1491 1.34675 1.16855 0.568735 10.5041 167.523 47.3537 2.79329 11.194 28.6561 15.3731 19.8936 2.81682e-05 393.749
-58.884 0.0198429 3.75638 34.3759 89.0067 16.2653 10.96 10.2629 11.1992 15.7864 9.61774 0.987798 3.49253 3.48734 3.81375 10.5041 167.523 56.7857 3.48096 1.49581 5.73515 1.37646 25.7914 0.000229958 392.639
-58.8565 0.0375943 3.44356 35.2995 89.0067 16.2653 6.38306 4.21956 23.111 7.61088 7.17581 1.57462 1.19765 5.0408 6.17124 8.89012 167.523 58.362 6.47736 11.8617 29.0206 72.6233 27.2219 6.51079e-05 392.164
-58.7321 0.018206 3.39118 34.3691 89.0067 16.1017 5.95207 5.03026 30.9756 1.42358 7.51609 0.848263 1.8271 3.75424 5.25838 3.932 178.023 37.7313 10.0076 28.2004 21.0933 68.4967 35.1214 0.000401382 401.68
-58.8017 0.00520178 3.38555 39.2415 84.2498 24.9895 0.20133 9.71373 30.9843 1.69694 4.36604 0.717961 2.32406 3.14148 10.5688 5.81277 160.93 53.9187 7.79195 10.167 57.5582 32.937 28.7829 0.000293481 398.667
-58.7621 0.00236279 3.7747 37.1298 84.2498 24.9895 1.16072 9.35807 30.9843 2.59424 8.02615 0.54931 3.46336 2.0364 4.12561 6.7425 168.327 53.0557 18.5621 8.09651 34.6583 37.8129 25.3543 0.000210923 395.964
-58.8979 0.025606 3.80178 37.1298 83.0953 22.0834 2.51307 8.07346 33.4081 2.44628 5.02364 2.26654 6.09508 2.73909 1.21534 6.7425 169.801 50.5807 6.25452 8.42021 22.0544 51.0545 1.83024 6.36298e-05 394.487
-58.8904 0.0309408 3.65167 35.1764 83.0953 22.0834 3.75339 10.2834 28.6673 7.00544 3.73148 1.16912 8.63807 2.66027 2.04662 6.7425 169.801 51.9258 0.69104 12.2801 33.594 10.1637 6.95701 8.3972e-05 389.617
-58.8352 0.0301195 3.35292 39.4159 83.0953 24.751 2.75388 4.24828 26.3486 5.84934 5.35544 1.92281 9.56942 2.30487 0.745565 9.5822 161.694 61.1877 17.6936 6.15728 3.24165 22.7076 12.2903 0.000380309 395.238
-58.7473 0.0262998 3.7754 36.8575 83.4829 24.751 4.06171 7.55163 11.1255 17.3097 0.291082 2.75467 8.84625 2.60079 0.705804 7.13854 176.397 52.4047 0.67744 17.0951 3.21004 33.3459 1.22244 0.00206597 397.916
-58.7937 0.00953732 4.12007 36.8575 83.4829 24.751 3.29727 10.3119 11.2188 17.6521 0.291082 3.19337 8.71777 0.446041 4.61342 7.66604 172.182 45.0928 2.90536 9.31372 9.51017 12.5462 4.72915 0.000894289 397.76
-58.9985 0.0150737 4.16468 37.559 81.3504 28.9724 1.48372 6.35788 10.255 9.59846 7.66809 4.7836 3.5302 3.99335 13.8316 11.3506 152.985 65.785 2.98873 2.72721 14.5417 60.8412 12.2393 0.00091787 397.484
-58.8023 0.0150737 3.47626 35.7874 81.3504 28.9724 2.63947 3.21833 21.6269 15.5238 7.93344 1.87925 4.70154 6.11443 12.112 11.6625 138.24 66.7266 3.05189 4.41689 32.8275 35.7196 20.6573 0.000977619 396.501
-58.7626 0.0442484 3.54834 35.7874 81.3504 29.8156 3.14822 3.21833 12.2339 16.1389 10.1886 3.84745 1.63271 6.11443 12.2308 7.70961 155.247 61.8587 9.79281 3.1224 6.43632 18.0591 41.8849 0.000419078 393.162
-58.6878 0.0349035 4.19681 35.7874 81.3504 32.8427 2.30737 2.57927 9.62019 16.582 6.75073 1.44602 3.77224 12.2638 15.5002 4.61215 137.986 80.1829 15.9654 0.264829 8.60457 18.868 40.0467 0.00322886 402.285
-58.7479 0.0134875 3.7514 35.7874 81.3504 32.8427 3.28159 2.84267 17.0437 21.4446 3.99422 3.27742 0.673903 8.21567 8.57057 6.49254 140.651 78.5591 3.44497 4.17435 9.30914 2.99071 13.4111 0.000670738 393.281
-58.8327 0.0335898 3.57054 34.8055 81.3504 32.1364 3.28159 2.84267 18.6761 16.6749 3.61701 3.43666 0.673903 8.21567 8.19601 8.49508 140.651 78.8662 5.3486 14.2959 28.0919 16.5601 70.5589 0.00078745 394.519
-58.85 0.0499474 3.49312 34.8055 81.3504 32.1364 0.674875 1.83996 16.4732 18.3792 1.26448 0.760983 2.72081 8.10894 14.3531 9.98368 142.831 69.5853 1.07744 12.7668 44.5588 18.2698 62.9272 0.0018105 399.011
-58.9514 0.0596874 3.45659 34.8055 81.3504 32.1364 2.12238 1.21601 18.3969 10.0087 8.7864 3.88508 1.64553 7.94381 13.3234 9.17178 143.13 68.853 4.65456 8.52563 14.9918 2.70416 92.2377 0.000601236 397.775
-58.8772 0.0528086 3.82534 39.612 67.2991 49.1002 1.26874 2.69767 8.89956 14.8908 5.10713 3.49403 0.941052 12.057 1.77442 8.96084 152.578 77.5696 4.15525 4.12861 4.9652 26.9542 14.402 0.00115486 395.046
-59.0132 0.0331162 3.82436 42.8959 67.2991 38.2615 5.18725 9.25153 4.94044 14.0406 7.80629 2.39487 2.21514 11.039 1.86286 6.21967 159.851 73.7823 7.45343 1.62032 4.96639 41.2045 27.5588 0.00552799 398.374
-58.9907 0.0210923 3.52989 44.2553 54.868 29.1585 15.2534 3.00403 2.8869 20.2274 22.2637 2.10854 1.53743 0.300798 15.9674 6.95503 158.89 69.6526 1.21665 4.5544 7.17073 7.46419 55.6664 0.00203557 400.214
-58.9843 0.0231889 3.84754 53.675 31.9078 48.0183 17.1937 6.10241 1.80557 18.0069 5.90584 2.36969 3.00768 6.34586 6.31515 14.9652 163.121 55.0487 12.9799 4.54552 6.44715 25.3003 4.3086 0.00105648 395.121
-58.7443 0.104637 3.29769 52.1845 33.4956 48.6301 17.5392 20.5799 2.92806 6.37543 7.42442 3.84712 2.89131 3.71893 6.266 18.8807 147.177 72.0364 4.86429 5.17169 2.2192 11.7904 20.7148 0.000214602 390.064
-58.9652 0.0610341 3.34007 55.6109 37.8133 43.3327 13.6336 21.2811 1.67875 9.21223 7.27914 2.17849 2.62578 4.74382 4.32053 21.2998 148.457 66.7037 9.6124 4.06924 6.66418 8.45145 9.77792 0.00121729 388.69
-58.755 0.0437797 3.57724 52.5169 37.8133 43.3327 14.4923 2.84766 2.40476 22.3565 6.8535 0.939341 5.05147 4.78448 11.3166 21.2998 147.511 66.2003 6.4597 0.854475 13.9853 19.1485 8.16835 0.00168003 393.699
-58.7692 0.0287289 3.70119 58.6854 26.9906 24.0484 39.5631 7.69093 24.7085 6.66421 0.88051 1.87648 2.8799 12.7467 9.02089 4.64379 152.902 68.8983 5.55566 1.13483 18.023 17.0394 58.0783 0.00104283 391.906
-58.8109 0.0211958 3.38863 55.3704 25.1256 35.2705 35.9492 4.7007 13.0852 2.5753 8.07793 0.972538 3.99436 17.7513 13.6225 5.38115 166.336 47.3762 6.57066 2.8437 7.7867 3.01313 24.6251 0.00185785 397.224
-58.7971 0.0194885 3.47035 56.9909 27.7555 37.4112 35.9492 11.3833 10.2789 2.0152 11.2675 0.535812 0.78162 11.8498 4.53126 6.2887 162.772 62.3478 8.13072 8.49381 45.7209 19.7218 39.9295 0.000108823 392.635
-58.7309 0.0298263 3.42937 55.2537 24.953 32.9519 32.268 14.4238 13.2589 14.875 10.1601 1.71366 0.642801 10.3378 2.5283 8.20336 161.642 51.3295 6.55264 5.31385 14.3121 5.22399 31.8405 3.10162e-05 390.844
-59.0105 0.0340965 3.51147 57.0593 24.953 32.4829 42.1944 14.4238 4.676 12.5135 6.64359 2.51591 0.642801 10.9923 2.76847 9.49952 158.726 57.9013 7.74416 7.08915 16.1719 13.5121 46.8615 0.000340833 390.609
-58.8822 0.0457637 3.5666 56.4331 24.953 38.9361 36.6043 8.68938 4.676 13.4583 5.41139 3.42065 1.73117 15.2527 1.06588 12.7434 159.831 49.9009 11.1437 4.24441 16.6251 10.4972 74.2693 0.000248948 392.199
-58.591 0.0634045 3.56476 54.5146 30.7755 31.8181 30.2491 7.40991 4.73152 22.3271 9.29638 0.609449 3.29222 17.1249 0.881055 7.17478 162.185 51.8044 4.67151 9.74533 31.0353 44.2781 38.1229 0.00019178 397.299
-58.8659 0.0226138 3.73668 56.1632 34.26 33.4379 29.2143 7.4697 6.63062 16.7282 8.77278 0.385791 5.72393 14.9685 1.1406 7.28475 159.088 52.936 13.5072 9.69274 25.3417 6.21119 12.5133 0.000382 393.633
-58.7964 0.0165732 4.18888 55.1547 36.7537 33.8197 22.8031 4.63033 6.40081 22.0914 6.6625 2.34348 1.36633 7.51581 8.3156 20.1577 153.539 60.4752 10.6378 2.4919 19.3055 17.0394 46.3796 5.24944e-07 385.809
-58.9052 0.00564855 3.84302 57.3508 32.8057 36.7057 18.8629 2.19173 3.29141 22.8791 5.9818 8.48199 1.86797 2.00412 3.67568 28.2595 148.098 67.6432 5.44692 7.05722 49.2417 5.92733 13.2679 5.24944e-07 388.137
-58.7542 0.0157191 3.34793 57.3318 26.2982 36.3503 25.0992 4.52738 14.069 19.9694 6.60546 10.5537 3.03579 4.45953 3.73475 17.6701 143.623 67.5269 21.1406 0.851211 54.6465 29.667 17.9438 5.24944e-07 394.44
-58.8794 0.0173684 3.34508 60.5595 26.2982 37.2455 25.0992 1.11334 17.2887 21.3077 2.03422 4.8039 1.10671 5.29832 0.240198 11.9336 147.824 82.8418 13.9199 1.42112 51.24 61.8736 16.4735 5.24944e-07 395.795
-58.9984 0.0339392 3.62666 60.5595 14.134 45.3979 26.613 6.66238 7.97385 31.8728 0.398537 2.69139 3.20543 6.7294 4.39935 17.868 147.63 49.2601 15.4057 6.43825 10.6225 40.6054 11.9463 0.000104894 397.425
-58.6439 0.0289654 4.13258 63.7564 13.3583 39.09 26.091 7.87138 5.80323 24.6293 10.1335 2.01431 3.30296 9.3419 1.25991 19.9415 145.286 65.1323 5.63483 9.93085 4.68227 20.0643 23.2802 0.000144452 392.975
-58.9001 0.0134062 3.77187 67.9208 19.0021 42.6435 16.5682 2.03932 9.14945 30.0521 6.57173 2.20338 1.43123 6.08153 1.88513 3.2912 162.477 76.4382 12.6905 4.09469 7.29841 7.71561 2.04236 0.000160418 392.682
-58.9577 0.0339593 3.55424 65.4814 19.0021 48.1685 21.4075 3.35966 2.41164 27.353 9.95464 2.54339 2.18127 8.83724 8.86902 0.385083 154.422 63.6979 4.80522 2.76126 6.08141 21.5056 20.0712 0.000194357 391.294
-58.9072 0.01208 3.61124 61.837 25.6619 40.4032 21.4075 5.52238 0.375656 27.353 6.06847 2.18153 0.358136 0.695307 16.9324 3.57234 165.072 66.3975 5.73188 6.15215 11.422 6.57317 21.1242 5.984e-05 389.021
-58.7669 0.0077076 3.86106 55.1393 36.9577 35.9722 19.9243 3.60581 4.52246 30.8288 0.824604 3.61805 1.691 0.195472 12.5105 7.15239 172.111 56.4555 4.63358 1.07229 14.7615 37.5005 23.8117 9.60779e-05 392.414
-58.6659 0.00599129 3.55949 55.1393 35.6436 34.1758 22.5809 5.18251 4.52246 28.2326 1.40229 1.10195 1.32672 10.0906 10.7956 3.91663 169.212 48.0699 8.27743 1.69455 17.5127 8.8048 16.066 0.000329354 391.618
-58.9602 0.0155018 3.61429 52.1637 35.6436 38.5362 13.0593 2.86514 9.01574 31.3207 0.79635 2.15121 1.10841 8.85109 8.86071 8.15046 169.212 56.3411 17.9276 3.51397 17.531 5.07648 26.4528 0.000169606 395.013
-58.931 0.0146169 3.54686 51.8875 35.6436 48.2845 18.7977 2.86514 7.42003 20.2712 2.02711 2.90876 3.03313 18.1418 4.60018 5.45927 152.388 65.5068 8.15097 9.03551 20.8161 2.78548 26.3624 0.000242256 387.071
-59.04 0.0218603 3.54809 53.5318 35.6436 45.5463 17.3579 9.05723 6.46627 16.3399 4.38597 1.24584 3.85258 8.16909 21.387 4.14228 142.28 71.1885 9.58479 10.1392 19.5758 2.21594 26.0077 0.000135627 390.154
-59.0959 0.0247215 3.62998 55.0701 37.6196 45.6128 17.3579 9.51483 5.57095 13.7316 4.59181 1.20005 2.02065 8.97755 18.6623 5.36155 142.528 68.0796 12.5795 6.05423 6.01958 2.5698 9.04248 0.000146122 392.251
-58.9432 0.0600038 4.02966 51.9495 33.7236 43.0202 17.707 13.4364 9.0605 14.5578 4.16525 1.68516 4.06862 9.61948 27.7901 4.46474 135.776 70.0715 7.61328 0.647913 16.9855 8.33707 7.31757 0.000477417 394.223
-58.8677 0.0368066 3.21123 48.8414 41.3654 43.0853 16.6465 13.0338 7.09998 14.9564 7.631 7.64057 3.69755 9.39394 24.8729 0.848052 137.882 61.24 7.36703 18.2621 33.0807 5.60806 13.5688 4.65079e-05 399.094
-58.9557 0.110499 3.20055 50.9325 38.3128 45.0415 12.5068 12.2666 10.9992 13.3717 4.84248 4.28291 2.49591 10.4168 27.8507 0.996563 131.027 63.6775 8.24537 1.53898 32.2188 12.4022 1.17759 0.000504957 400.552
-58.8026 0.026103 3.37056 51.0146 37.9037 45.5476 18.4366 16.8506 7.10047 8.1325 3.61216 3.1438 3.75296 5.84987 16.4207 31.2229 129.576 60.6836 5.50071 11.0212 41.8669 10.18 15.7062 0.000502909 394.395
-58.7762 0.1031 3.25441 53.4782 42.6896 34.2855 11.0888 14.2055 7.4133 18.372 4.34734 1.73008 3.69343 6.63636 23.8162 12.291 136.121 63.7991 15.4925 4.60352 12.4078 22.1288 12.9679 0.000239004 396.983
-58.893 0.0917803 3.24986 50.6401 41.314 36.242 22.1027 23.0473 6.38155 5.01577 2.56187 2.32673 3.09651 1.29329 22.4842 5.3523 150.59 63.843 14.4249 10.382 7.41 13.8338 19.5285 8.58327e-05 389.168
-58.9918 0.110063 3.0781 53.1893 40.9508 36.242 23.1866 16.0568 9.75387 5.01577 0.870208 2.02546 3.96325 1.29329 22.0934 6.1194 152.357 64.8017 15.7604 8.58261 4.4448 14.7003 19.7562 0.000208701 391.936
-59.0552 0.0633325 3.62117 48.9934 43.1339 36.6706 24.5413 11.3957 10.3705 5.19506 8.27856 1.36826 2.36557 5.76782 14.9719 3.55139 154.574 72.8197 6.00511 6.18687 10.4343 0.363117 23.7538 0.000106934 390.299
-58.8046 0.0396942 3.37873 49.5747 46.2949 32.0557 35.5507 15.3596 8.54527 4.16881 5.21455 2.3205 2.61719 1.73438 10.8439 5.22895 154.591 66.8894 4.55439 6.15239 15.091 21.4895 38.5464 0.000921407 393.725
-58.7698 0.042386 3.34681 50.7718 37.6472 29.0515 35.5507 17.6093 6.54892 5.88901 5.27109 2.79848 5.58864 4.06593 3.74163 7.74107 158.44 68.1074 6.28762 7.81204 15.9962 2.41188 25.5994 0.000598051 390.025
-58.747 0.0241554 3.75623 52.3316 39.4013 28.425 35.5507 18.29 2.97168 5.62284 5.32771 2.55095 2.30273 4.19898 5.93556 22.9031 146.863 72.5317 0.708875 3.77748 9.98944 37.9304 22.6885 0.000369045 388.608
-58.7841 0.0458039 3.42372 50.8406 39.326 28.6017 35.5507 19.978 1.9587 5.0811 8.51309 0.926171 1.00097 2.87254 6.72138 18.8728 146.466 74.6453 4.20002 9.80921 13.3392 19.528 41.5683 0.0013535 391.219
-58.6765 0.0278604 3.27557 54.294 39.5828 28.6017 29.4445 4.96441 5.38249 18.783 7.66662 3.5878 2.58836 0.17775 11.6819 13.6714 147.973 70.5179 6.79706 8.51166 14.0141 19.7227 3.14894 0.000119419 391.119
-58.8478 0.0165132 3.43559 55.436 40.1627 19.6057 26.1055 3.77681 8.04566 17.4517 11.5153 6.34529 2.82037 7.08766 4.36546 19.6249 152.828 66.7578 1.99542 2.28295 17.4097 26.895 13.5091 4.02065e-05 393.201
-58.6118 0.0152099 3.63274 53.302 40.5461 27.1395 26.387 3.65145 9.78162 17.4517 11.1095 6.91752 5.2504 5.15291 1.69814 18.1105 146.077 68.3482 6.06017 8.11927 9.69414 17.9697 7.689 3.37585e-05 389.191
-58.8028 0.00811378 3.4298 45.3717 60.0793 27.1395 25.2306 1.68072 5.51724 18.0445 2.04252 5.76311 2.34734 11.8887 11.8533 24.1074 138.532 67.81 9.22399 7.02861 7.90639 2.92976 1.06373 2.9172e-05 393.028
-59.0125 0.0354311 3.61202 44.444 53.9571 33.6682 21.4958 6.51763 3.25142 15.0949 2.82372 3.96756 2.34734 12.3548 4.89565 27.3486 140.843 68.0673 0.279434 4.1005 6.35976 5.0765 25.9701 0.000125417 393.194
-58.9041 0.130463 3.08448 50.3571 48.67 35.2819 24.3909 8.11591 3.60652 16.3745 4.29421 1.21406 1.69873 11.0922 0.522572 31.7329 132.847 68.3155 12.1385 4.36405 25.9371 14.3868 2.28602 3.89768e-05 392.141
-58.8685 0.0770907 3.24806 50.4487 44.5887 40.9972 26.2929 10.6704 0.906277 14.2568 0.684731 2.50972 1.86009 24.9997 1.27219 31.3512 135.546 46.8123 6.53076 9.77184 9.93127 7.82507 20.461 1.5216e-06 395.346
-58.7978 0.0483557 3.46705 50.1791 45.9946 19.2626 30.4731 17.9933 1.33917 25.9614 0.674703 0.549449 1.46698 6.62012 8.40126 40.8254 128.639 58.6866 7.15223 6.79265 26.3636 16.8436 14.1077 3.23684e-05 392.079
-58.6137 0.0530577 3.46294 50.6261 51.9177 23.1303 27.0444 1.46886 7.85916 21.9111 0.556055 2.67422 1.9962 6.96797 7.33608 26.0597 142.361 65.1196 2.25333 8.09283 19.2596 7.1309 1.5887 3.61642e-05 389.954
-58.7167 0.0176832 3.65621 48.3403 52.5117 22.7686 29.0106 0.302022 8.5357 23.4252 2.84357 1.19408 1.53597 0.963477 10.8886 26.4269 142.358 72.5503 5.827 3.35948 4.99451 11.6083 13.9485 2.86197e-05 384.924
-58.8506 0.02463 3.22057 48.5248 51.1538 17.9131 31.8756 5.89411 0.741632 28.7182 2.08632 7.24126 0.885073 0.678096 10.1597 25.0371 140.346 67.4777 7.44498 3.18931 25.9874 10.533 26.7175 4.55024e-05 391.087
-58.7552 0.140965 3.39169 49.1289 53.7677 23.7241 23.4041 7.79608 7.59047 18.306 1.6567 1.40755 7.50716 1.0482 6.51909 29.3619 142.056 68.2243 7.16409 5.44164 32.9187 12.8121 23.2985 5.28064e-05 392.484
-58.905 0.0557559 3.65846 49.1289 46.6298 29.7821 29.3234 1.60205 12.4134 9.59334 2.29974 1.49774 7.08843 0.531109 0.270801 44.1072 146.339 58.7972 8.24793 8.23899 16.1979 8.34696 35.4342 0.000188308 394.337
-59.0731 0.0109486 3.65883 51.053 41.1066 30.9506 26.5926 2.57324 26.6889 4.10661 2.88846 1.39253 7.76287 0.531109 3.32151 30.883 150.668 55.2037 2.96125 3.73128 31.6891 8.45216 11.2211 0.000157261 394.311
-59.0706 0.0163131 3.608 50.8381 38.8128 32.6041 25.7523 8.21199 26.6889 1.9905 3.3627 1.19613 7.34829 0.531109 7.43124 24.6824 143.707 64.2861 2.36782 3.30626 26.3788 48.0261 28.4486 0.000227094 393.923
-59.0392 0.0187378 3.64952 51.4282 41.7145 31.5633 28.6407 4.40091 26.6889 3.41867 0.748451 1.59146 2.6838 0.804841 7.8931 27.463 139.733 78.5128 4.10124 5.04801 12.506 38.6329 28.1381 5.10202e-05 389.196
-58.8053 0.0341058 3.8045 53.1823 41.0562 24.2141 27.9989 5.49362 26.6889 4.0466 5.27991 0.528752 2.23134 2.4787 3.99752 38.0636 132.324 75.2177 6.6286 13.3323 6.53609 29.9292 47.7365 7.02001e-07 387.304
-58.6648 0.0194821 3.82049 53.2378 42.6657 26.4602 26.6877 3.35538 21.6724 4.0466 5.81908 1.53828 5.89838 0.253326 5.76786 37.725 131.049 73.1288 6.46272 1.59932 13.9677 35.0545 13.5427 7.02001e-07 389.78
-58.7171 0.0189085 3.48596 58.5575 42.6329 9.19305 37.5315 10.5669 18.3492 4.0466 2.1803 1.262 2.5721 0.955311 6.24893 39.1803 130.602 84.1027 1.66974 0.878837 7.54513 42.225 17.0875 7.02001e-07 388.023
-58.9141 0.0208403 3.52469 56.2509 42.6591 11.8499 33.6981 3.17223 31.3803 2.97314 2.77388 1.262 1.99466 0.182555 7.8684 39.1803 130.602 77.162 5.64698 15.135 6.19904 2.97615 2.52651 2.83468e-05 391.512
-58.8211 0.0194639 3.67057 59.1076 42.4787 12.2949 34.0052 3.273 27.9337 4.29286 3.16751 1.63411 1.66318 0.182555 5.78019 39.1803 133.113 70.3617 8.23258 8.37023 17.1521 19.4712 5.1137 2.3413e-06 387.327
-58.7329 0.00331177 3.73393 60.1525 42.8992 12.0443 31.6415 3.70852 26.0627 7.90458 2.29461 1.63411 2.87671 0.182555 4.85407 36.8654 142.282 70.5151 2.49143 5.38004 17.0931 13.3184 9.27531 8.82655e-07 389.169
-58.868 0.000468816 3.74374 53.3747 43.9628 21.8176 29.2213 3.96636 16.5517 15.17 6.35336 0.430848 0.224904 7.74394 7.042 30.2563 137.405 67.1944 3.16233 9.49846 38.4251 4.4622 6.51179 4.86405e-06 389.93
-58.5448 0.0135086 3.67603 50.4079 44.6423 24.6656 36.8777 0.354555 17.2364 11.9979 1.8307 2.11989 1.9376 10.9467 6.316 23.7974 138.462 66.8701 9.32674 1.60594 25.0227 11.132 50.9124 1.32347e-08 386.56
-58.7194 0.0100098 3.4668 49.8256 44.6423 24.6585 26.9489 11.1034 12.0207 13.991 5.62278 0.335287 3.52156 9.2143 3.57739 23.5949 139.699 70.2837 5.65881 5.51558 2.3954 15.983 14.4264 1.86331e-07 379.849
-58.6776 0.00390008 3.49638 50.4897 57.6372 23.2228 21.848 10.503 6.85765 12.386 3.3433 0.490565 3.8143 3.09513 4.1168 36.9985 150.196 47.009 9.90311 11.7783 11.2582 4.34868 32.7294 1.86331e-07 388.141
-58.7893 0.00632859 3.70059 49.6247 53.9594 30.3794 13.7441 6.99457 15.5645 7.17286 8.27261 1.10018 2.73793 2.39179 4.99032 23.9101 153.873 63.7736 3.09125 9.22062 5.11084 2.88217 35.8243 0.000102497 388.163
-59.0252 0.0302161 3.66513 48.4546 56.2803 30.3794 10.0287 6.99457 17.3863 13.738 4.4338 1.18145 2.66377 10.3357 4.61236 30.519 143.516 57.7816 7.40861 19.4429 4.43565 23.6873 37.6179 3.65791e-06 388.663
-58.5938 0.017657 3.68896 43.8498 57.5776 29.4516 14.1873 10.5955 14.2276 11.793 4.89777 2.21989 1.05096 7.8952 0.342255 30.2793 138.245 51.3835 17.4393 9.73367 5.15968 17.6707 29.3456 2.48086e-05 394.307
-58.9127 0.0330826 3.47228 48.5843 55.4216 32.7216 24.585 7.27347 8.97728 10.6891 4.49127 6.3877 3.10609 10.3922 5.73161 0.18582 152.249 69.3066 4.9689 0.00849565 1.07321 8.29543 37.0897 0.000127528 394.061
-58.8544 0.021546 3.35224 45.7418 63.2886 26.738 22.3468 7.01118 7.33361 0.884352 4.51332 5.36122 12.2365 11.1728 9.83544 0.18582 153.654 70.9251 4.27351 11.2815 18.3334 12.2582 33.6937 0.000246312 396.058
-58.7198 0.0368457 3.60793 46.9839 54.7193 29.1429 18.8666 6.43267 10.2582 4.82545 4.2449 5.30876 7.09752 17.1888 8.49793 5.6047 153.654 62.4154 1.92192 6.16614 13.1656 12.2582 19.2521 0.000972997 394.04
-58.7291 0.107598 3.24021 44.8646 57.435 33.2277 19.349 10.7221 14.233 4.76987 3.08758 4.82598 1.25385 4.84341 15.349 6.74307 154.578 63.6489 3.23126 12.6062 18.1842 17.4494 31.2326 0.00248672 393.104
-58.7893 0.106225 3.22363 43.6475 65.9486 28.3095 17.0848 15.516 10.3774 6.39385 1.91246 4.78062 1.20311 8.40256 18.123 2.97586 154.897 60.3592 4.00558 5.06127 23.9685 18.4266 19.2135 0.00162715 395.767
-58.7487 0.0125911 3.58189 42.7499 65.7831 25.5369 12.1047 21.6998 9.52672 8.02148 4.96766 2.25225 1.24565 9.01608 23.3609 7.39479 146.692 64.8079 2.74771 1.66581 18.6242 20.4986 48.1882 0.000458849 392.993
-58.8456 0.0152465 4.18583 42.7499 59.1978 27.0891 17.5305 20.2269 3.15972 15.7476 1.65327 2.58224 1.24565 10.6619 20.6377 4.54698 144.243 79.7935 4.35954 2.22332 20.7044 12.0853 51.5615 0.00194157 399.197
-58.91 0.0286655 3.28963 42.9078 58.4833 22.2331 26.5913 22.2607 2.26134 9.6675 4.59732 1.44594 1.1782 3.74668 22.8864 2.72051 157.801 57.5816 4.22794 2.78316 19.7799 16.5169 47.7195 0.00612902 396.62
-58.8294 0.0888035 3.46529 44.4276 61.6845 15.9355 29.2192 22.4435 2.06349 7.49152 4.43371 0.590654 0.667057 5.07828 22.7256 3.55685 163.056 56.4082 15.7253 3.36336 26.9299 18.74 9.00639 0.00714791 395.238
-59.056 0.0714372 3.84618 44.4597 61.6845 18.0951 32.2461 26.7676 3.35073 2.45292 2.82285 1.40487 0.321236 13.0898 3.58889 3.55685 158.885 71.2169 5.44543 2.83632 3.89424 6.56021 2.48063 0.00571872 396.301
-58.9307 0.040915 3.61309 44.0391 64.477 25.0188 30.4204 16.4363 3.78125 11.3563 0.68011 0.599676 1.11039 10.2534 7.22203 7.74457 147.91 74.0476 4.45723 3.75187 39.666 18.683 19.3248 0.00461303 396.827
-58.9599 0.0229682 3.59337 42.0807 69.3748 23.8415 30.2409 3.5789 4.44767 5.76052 6.57443 1.29773 0.91463 19.0298 8.39743 5.30826 149.271 74.8313 10.0042 4.24693 12.1504 9.77508 9.21037 0.00293331 395.27
-59.0014 0.0343739 3.40247 41.1708 69.3748 10.2943 26.5427 4.38483 11.8923 8.02836 6.36 11.201 0.9955 12.9372 5.14469 17.0575 145.972 71.5105 3.1939 14.2387 24.7495 10.7683 20.5529 0.00184402 394.795
-58.8863 0.036501 3.39009 41.6426 78.0247 9.48118 23.9613 6.08658 16.326 8.86746 2.42184 5.10853 4.18539 2.52036 0.368103 24.6604 151.293 66.0197 9.42396 2.54724 10.1053 23.6306 15.7518 0.000540885 392.347
-58.8636 0.0367478 3.25737 45.0467 72.737 14.6689 20.8063 7.80594 23.2611 1.85063 12.3204 1.43351 2.88773 3.47774 8.04787 18.4199 142.308 57.1614 16.5272 5.19277 2.97008 11.1573 32.3221 0.000171812 397.257
-58.8089 0.0377923 3.42537 40.4693 69.141 17.4837 19.2208 4.54498 17.8504 10.1212 4.85304 2.71528 3.8641 3.77329 0.489996 36.6719 144.229 68.471 6.74403 5.88442 10.4077 12.8986 15.494 0.000654184 392.785
-58.8855 0.0566456 3.55437 44.4032 66.1769 16.4328 24.5518 5.03033 14.1112 8.62477 4.44982 3.80809 0.202234 2.19584 6.44414 30.3263 141.582 70.8984 11.4546 4.9699 25.325 17.6778 99.5841 8.14149e-05 394.462
-59.0458 0.0267185 3.40583 41.4406 67.5331 13.4042 22.9619 12.0799 11.4056 14.0377 2.3599 8.2071 4.36092 5.00336 4.78233 19.6208 140.453 71.7205 6.28219 7.82082 44.3656 25.914 73.9802 0.000210936 395.757
-59.0703 0.0235956 3.69601 42.0065 71.9207 20.0774 23.0971 7.77873 10.3169 8.10238 2.3599 7.24994 6.79517 2.60948 4.16439 22.3088 143.247 69.3366 1.51103 20.8478 15.4215 59.6565 13.5307 0.000174309 397.26
-58.7774 0.0181503 4.25872 34.6322 80.7537 15.3286 22.0061 11.2861 10.1246 1.04184 7.51112 0.976729 1.51586 3.82797 8.87363 23.6379 151.591 72.0346 3.76319 18.5498 3.84781 16.9256 72.7683 1.5792e-06 395.438
-58.9314 0.0203399 4.1788 34.3402 80.7537 17.8653 19.4753 9.28452 4.96984 9.1878 9.56678 1.21741 4.04895 1.86878 6.65039 23.4759 148.871 72.0665 3.23526 12.5895 8.93627 76.2195 14.9954 3.92437e-05 392.266
-58.7559 0.0181333 4.19049 34.3402 84.8132 16.3734 15.4598 8.5586 4.26551 11.8689 10.6802 1.06123 0.773113 2.44562 7.21157 22.9409 148.572 71.574 3.23245 10.0236 8.86561 58.3492 8.54701 0.000262717 392.119
-58.8466 0.0173199 3.62595 34.2928 84.8132 18.2171 18.0189 8.6357 1.46313 15.7337 8.89795 1.07179 1.92387 1.768 7.43134 22.8202 146.129 69.0785 0.182121 9.4449 8.97684 4.77863 4.33777 0.000277731 386.235
-58.8099 0.0153266 3.61633 32.8397 84.8132 7.01519 20.9538 7.63706 1.46313 28.8873 0.87237 1.64038 4.54683 2.6898 2.96546 25.864 147.21 74.8865 7.20275 1.27574 14.507 30.2586 12.1547 4.85582e-05 388.052
-58.8359 0.00793515 3.42805 32.8397 84.8132 16.6277 17.4072 5.88676 2.26558 25.3397 1.50351 0.357076 3.64164 1.58695 10.6741 21.537 148.629 66.6508 8.51145 9.13246 14.5611 31.8197 15.541 7.93905e-06 387.275
-58.7613 0.013891 3.51943 37.3252 76.2455 22.4063 14.4056 7.95043 2.26558 22.8294 4.33486 3.06813 10.3054 2.3524 8.67032 11.1726 145.808 75.1489 7.99935 4.07025 17.663 8.43049 17.9288 8.71583e-05 388.718
-59.0648 0.0520203 3.28306 47.2925 53.1651 23.0637 32.7805 7.41704 2.2041 23.4962 12.3889 2.79321 5.11688 0.402813 11.1564 3.04914 144.898 73.4961 2.18958 10.8258 35.3197 4.89069 16.5614 9.14025e-05 396.038
-59.1045 0.0489298 3.42177 48.5996 56.4083 20.0272 30.7031 5.64056 7.41848 12.0308 10.2514 2.74634 2.83229 17.9276 11.3297 1.56255 144.394 65.8279 1.17062 11.1449 30.1926 32.7288 8.80694 5.41378e-06 390.235
-58.9874 0.0234627 3.77829 48.8998 56.4083 8.39053 37.9427 6.4926 7.70428 12.1783 6.4677 2.57961 4.72033 2.5257 9.70218 2.98421 162.576 68.7481 4.11503 12.7742 13.3918 80.7293 3.4652 1.07793e-05 393.631
-58.6713 0.0358177 3.3455 45.8715 59.5855 9.62863 38.353 4.83027 17.9559 17.0037 1.6409 2.49325 1.39355 2.19563 12.5606 5.43077 159.687 63.1398 3.58877 1.21089 17.2264 2.85285 23.5687 3.22141e-05 390.109
-58.7523 0.00790218 3.44163 44.0274 59.5855 10.6246 40.7646 6.96634 6.53613 18.8263 2.57642 2.05231 0.134775 6.52901 5.41552 15.0446 159.204 62.949 7.57085 3.18012 9.2889 4.22936 22.4563 0.000518056 389.25
-58.6276 0.0137981 3.25613 43.6373 68.7503 12.1518 39.2006 6.26872 2.7116 12.666 2.21471 3.01669 3.42671 3.51413 3.90382 20.2355 152.199 62.9825 11.1951 5.87213 7.19252 5.8347 0.95067 0.000111816 391.109
-58.8653 0.0336453 3.29479 45.738 52.9007 10.0503 44.2835 15.2904 7.14076 4.13972 3.16496 2.94878 4.58277 2.63529 12.2825 17.8953 153.132 54.0942 3.63595 13.3787 25.7713 2.7004 21.9025 0.000122411 395.222
-59.0933 0.0391791 3.82081 46.6201 52.9007 8.58371 50.8301 13.9883 3.941 4.13972 3.12041 4.02999 2.78651 2.51285 12.838 13.5006 153.822 71.9602 3.5247 2.04003 10.4649 20.194 56.6 0.000167335 394.014
-59.0598 0.0354584 3.71437 45.2818 52.9007 5.08953 53.2077 13.5941 7.8502 6.02336 0.651811 1.92656 0.953405 4.19372 7.03238 17.4809 152.231 71.7957 2.22256 10.4053 11.2563 43.8946 44.2086 0.000352151 392.819
-59.0892 0.0840512 3.10385 46.0171 52.9007 18.0373 42.1167 11.0238 2.21902 15.2876 1.66841 1.94527 3.80938 10.7709 6.37893 5.07472 155.198 71.7931 2.38432 3.14757 5.3522 52.8297 16.9372 0.000166231 393.137
-58.8914 0.0160568 3.60218 46.0171 54.915 5.54229 42.1167 15.7003 3.56516 17.3974 2.07738 1.52869 5.8037 4.99742 7.8953 13.6251 149.931 74.9989 5.93485 2.01765 12.2347 50.7753 13.5675 0.000361002 389.998
-59.0534 0.0222748 3.54225 46.0171 54.915 16.0338 42.1167 7.93 5.12108 11.8468 7.86644 9.26837 9.23644 3.08066 2.31882 6.40671 148.055 70.4162 7.46862 4.80001 3.78788 13.1729 70.4601 0.000284925 394.89
-59.039 0.0719627 3.38502 45.9207 52.5781 14.8297 43.89 15.7578 5.09369 3.38813 1.41323 12.876 8.1783 4.44139 3.75805 9.44025 151.837 65.8216 8.37948 3.08349 11.0788 17.3348 12.4838 6.96782e-05 391.683
-59.3886 0.0527045 3.46329 45.9207 52.5781 12.5281 42.0246 12.2849 12.3516 7.22547 1.65141 3.5299 11.5717 4.21077 2.73963 8.07883 144.663 84.8212 1.95619 13.4305 16.0425 63.5224 34.511 5.8036e-06 396.556
-59.2203 0.0358951 3.52652 48.9481 52.5781 12.1032 42.0246 9.03082 11.7364 8.74841 0.372021 1.56459 7.09003 6.03739 4.72404 8.34998 155.425 70.7855 5.82581 4.0133 14.7714 34.4085 11.374 1.29977e-05 389.096
-58.7891 0.00873962 3.43069 47.7254 52.5781 7.18643 42.0246 13.9834 21.5838 0.665179 0.970283 2.65241 3.05172 9.12995 5.21547 8.13132 159.269 69.6988 13.1347 1.58936 12.9315 20.5335 5.2108 0.00035649 388.55
-58.6491 0.0193049 3.33265 52.9978 43.4638 18.5491 41.157 9.11621 17.6377 3.8766 3.27902 1.11945 0.0880513 9.86951 13.0436 2.61423 157.079 75.1952 7.51557 2.26237 10.4703 26.7986 24.7286 5.25973e-05 390.011
-58.9742 0.111557 3.40751 50.9621 43.4638 15.0191 37.5937 11.3972 19.6452 5.39096 4.20329 2.12364 0.692868 10.1842 3.24083 7.77138 153.576 72.8438 9.30605 1.55703 10.7773 25.8689 56.241 4.40447e-05 393.499
-58.6841 0.0355305 3.38439 49.7286 43.4638 18.5391 42.1443 9.28608 22.7587 2.15818 0.850627 7.49494 2.16264 10.2136 2.52088 10.4603 152.33 60.3241 9.92397 1.39079 30.6864 45.936 34.8096 4.39452e-06 392.693
-58.8783 0.0365022 3.25456 54.3873 41.5965 23.9689 39.2562 5.73726 18.5681 1.65154 2.03432 3.03933 2.49835 4.39282 2.79105 13.9395 171.736 52.3425 10.9506 5.06304 25.1606 9.65296 41.4593 2.26928e-05 388.433
-58.7757 0.0193164 3.46674 54.3873 43.8089 22.6315 26.8356 19.1454 18.3139 2.83101 1.96665 1.67838 2.33878 8.63656 4.56046 10.5999 166.875 54.8464 23.6824 7.66631 27.8278 24.3015 7.2401 1.12516e-05 390.229
-59.0496 0.0291188 3.49222 49.3257 43.8089 22.8533 26.5667 17.8098 15.3613 9.56172 2.63694 2.38959 2.42346 8.45391 5.74404 13.8107 159.655 54.0378 19.192 9.15438 10.1473 10.8165 9.6785 1.68724e-06 385.976
-58.9852 0.0493196 3.42352 49.182 43.8089 22.8533 26.3322 17.8098 14.5531 6.4373 2.31508 0.760161 7.22492 10.8228 6.54071 13.9776 157.098 53.5391 10.9907 7.40357 49.7849 3.90083 30.4222 2.44157e-06 391.333
-58.95 0.046423 3.32447 47.7172 47.8585 31.8773 24.1593 19.0622 10.5764 2.91658 2.50462 1.44116 4.53002 1.80811 16.9809 10.2908 154.934 60.6494 13.4861 8.10933 42.3132 20.6519 9.11528 2.86279e-07 385.916
-58.8966 0.0425006 3.33717 47.7172 47.8585 39.5738 18.0169 15.8621 9.106 2.42007 1.41544 4.56623 2.68781 4.99858 16.0523 10.6024 161.907 56.4628 9.02694 9.60133 53.2031 10.6214 7.31797 3.53859e-07 387.327
-58.7475 0.0313305 3.83327 47.7172 46.0943 39.9257 18.0169 11.2888 9.66636 9.31654 6.21754 4.08561 1.22719 14.5211 1.726 9.83535 161.587 45.718 4.62249 7.66829 11.2397 1.39792 50.429 1.19373e-06 390.951
-58.7495 0.0245344 3.91071 50.7346 47.7286 24.5023 18.435 17.8364 12.0072 9.16206 2.60506 4.67149 4.74708 10.627 5.36427 13.368 151.422 66.2929 7.51162 2.80361 10.7602 13.7002 33.8568 1.55792e-07 383.746
-58.8143 0.0344856 3.39212 54.2397 37.3995 18.2492 37.1705 9.69003 21.6035 9.35907 1.32124 1.93135 6.19124 21.2579 5.57307 9.89639 135.911 70.6532 9.34907 8.79577 17.0062 27.6102 3.18862 7.58802e-08 386.939
-58.9459 0.0409749 3.51811 58.2666 37.3995 11.4538 37.1705 7.19975 19.3584 12.5922 1.32124 4.24852 3.26876 21.817 3.58017 11.3016 139.524 73.5402 3.76499 9.86943 8.92147 17.3425 39.2713 1.65462e-07 386.356
-58.8655 0.039651 3.58925 56.8868 34.0987 11.9095 47.2653 7.54616 26.0326 8.6267 2.58574 5.43872 9.01645 19.8758 2.77552 17.9168 125.313 63.9102 4.85393 9.26437 7.15761 16.8255 45.5347 1.58885e-07 394.065
-58.5964 0.0102495 4.11887 49.555 46.787 14.2634 41.0427 1.09997 17.9604 24.5257 6.76861 4.08808 7.93536 2.61137 3.44118 10.3711 132.197 78.5025 4.52174 9.84215 6.61032 8.28858 75.1601 2.72831e-08 398.839
-58.7451 0.0256415 3.3139 51.0297 40.2815 33.2966 28.6157 4.69662 11.4484 13.8393 6.56952 5.87193 4.43634 8.50205 3.10783 8.80775 145.429 66.9791 10.5379 17.4525 18.0439 13.6653 57.5112 1.9353e-07 393.093
-58.781 0.0454692 3.45434 53.6076 34.5477 32.3376 25.949 8.355 10.7922 15.1245 7.68761 0.573455 5.4366 11.9569 4.14682 11.7618 155.4 60.7759 16.635 10.018 3.03595 19.1916 38.3775 1.98463e-08 386.339
-58.7079 0.0114232 3.7936 51.9655 34.5477 32.3376 29.1339 10.4425 10.2573 14.9342 2.75434 0.149434 3.45599 15.2349 6.45309 15.382 145.514 66.1713 3.44854 13.8371 15.7811 11.5122 9.08774 5.42432e-07 384.251
-58.9016 0.0325844 3.46036 53.9696 42.2601 32.8494 24.0862 13.4396 10.319 12.6781 8.04405 1.52211 0.271542 10.2133 5.93587 15.6033 139.329 70.8134 2.84578 4.66321 18.8006 40.3431 9.5748 2.07829e-06 386.621
-58.9029 0.0160753 3.35326 53.5185 36.3512 32.8494 28.5363 15.5389 7.70645 7.71251 10.1114 3.90204 0.537928 7.30018 1.293 24.8412 142.242 68.863 3.35995 3.4271 31.0377 34.703 30.7149 5.8102e-05 390.426
-58.8391 0.0156719 3.57617 51.1437 39.8451 36.8419 19.6845 19.4567 19.9106 7.58825 3.72526 1.51847 3.90109 3.96331 0.58545 14.3835 150.47 65.211 3.40952 11.0857 28.7909 84.6862 59.2533 7.35483e-06 392.499
-58.9478 0.0613581 3.33993 54.9543 38.8671 32.6635 20.1505 11.153 24.7359 1.50149 3.39359 1.87398 2.61801 4.38899 6.95639 16.6319 151.054 56.1464 7.99136 19.7135 10.2939 19.4795 32.898 1.74079e-06 387.639
-58.9439 0.0165176 3.68494 50.5581 38.6528 33.6653 18.8114 14.7964 23.6975 0.798397 8.00169 1.04318 2.18978 5.83424 11.045 11.3073 155.576 69.0389 8.65987 0.2962 29.573 21.7697 20.2726 1.74079e-06 387.999
-58.6725 0.0228769 4.00596 56.153 44.0834 25.2316 18.8114 15.0935 9.19683 11.5757 8.92235 3.29412 5.58689 1.26805 5.74745 18.8748 143.542 83.3207 1.39651 15.7469 15.8777 2.30538 12.5226 1.86511e-05 396.202
-58.7773 0.0273797 3.71421 50.5493 48.3246 32.9834 18.331 18.7467 20.0692 0.871222 2.3271 4.13617 1.14785 1.28247 6.02186 21.5909 149.928 60.6197 18.0959 15.1785 12.2877 32.707 5.05986 3.20177e-05 392.122
-58.9028 0.0181623 3.71408 46.2176 51.7108 32.9834 14.5121 12.1777 24.9936 5.96821 1.07688 3.50634 0.852301 1.28247 5.9091 29.5377 137.747 70.7035 6.31957 4.52811 0.220741 24.196 20.1227 2.1595e-05 386.47
-58.9084 0.0174785 3.71073 45.8741 51.7108 32.9834 14.5121 8.21669 32.3624 3.25217 3.07171 2.24628 2.79409 13.1745 2.55638 23.4177 125.361 84.994 4.22053 10.1559 16.7392 15.8403 14.4402 2.89605e-06 389.133
-58.9911 0.0191878 3.81714 45.8741 47.1157 43.8381 5.79582 8.16894 35.8342 3.05267 10.5798 1.32822 7.39495 14.1687 4.99508 14.8379 125.361 71.9138 7.63262 2.27657 32.4408 18.7287 2.6061 6.51321e-06 396.722
-58.9754 0.0512353 3.28809 50.8024 49.1238 42.2606 7.62564 5.2214 24.6706 2.08988 4.32916 1.4005 6.65071 7.66353 9.48096 17.7313 140.152 76.4417 6.17998 4.60947 13.9209 9.72718 13.4058 0.000360448 392.407
-59.0736 0.0817406 3.64279 46.7693 49.6377 49.4127 11.4184 9.44435 20.2174 1.37728 8.98192 1.43882 3.15851 2.96675 12.1325 11.4755 141.066 72.8499 2.99345 3.4863 5.52794 9.16188 1.63831 0.000565526 393.952
-58.329 0.119493 3.42038 46.7693 44.818 49.4127 4.66362 6.60532 22.1694 2.79781 11.512 2.09423 1.18116 7.71929 5.13143 18.5533 144.738 70.5567 1.00768 13.441 13.0675 9.04165 4.4826 0.00193184 404.566
-58.8463 0.124847 3.17915 50.8517 45.9318 48.2687 4.66362 8.9714 22.3102 0.580178 11.2054 1.19503 0.253535 3.8038 9.14606 17.6206 141.275 78.915 5.36272 2.21672 45.0291 5.87473 15.5932 0.00203781 395.528
-59.2079 0.0803385 3.29356 49.2668 51.2468 48.2687 4.66362 16.5138 13.6324 0.496444 6.91346 4.06957 7.37334 4.93256 4.72904 3.05221 157.228 76.8094 6.32011 1.11515 18.3152 5.20834 2.7099 0.00108948 397.618
-58.8328 0.0139841 3.54425 49.3814 51.2468 48.2687 3.45559 26.5385 0.603886 0.466533 8.76267 3.06135 4.72238 4.20958 12.1029 11.1086 144.935 70.676 4.79128 9.05781 40.0853 14.2889 15.4044 0.000939234 392.675
-58.9239 0.0342508 3.53452 45.1918 51.2468 48.2687 3.45559 27.1256 2.98423 0.448132 10.8985 2.10063 3.27091 5.88067 7.57129 14.413 149.356 65.9559 0.526811 13.9503 11.5314 3.9359 4.83903 0.000528551 391.533
-58.7465 0.0190486 3.70182 46.0997 51.2468 48.1706 3.45559 29.343 2.71729 1.10656 8.10693 5.52617 2.20439 6.69902 9.63808 5.96934 157.155 64.6114 2.98474 4.60357 13.1117 12.0911 13.2056 0.000528551 390.703
-58.9076 0.0258409 4.0677 42.3921 59.702 36.7542 5.32585 26.8502 6.65904 1.09749 3.53285 2.59767 5.41109 4.85024 10.2742 15.0469 154.71 60.0045 1.62605 14.4142 11.2071 3.55291 14.4668 0.000698104 394.257
-58.7608 0.0396577 3.86237 42.3921 60.1144 36.7542 5.08319 25.6884 10.3635 2.02196 6.42209 2.21536 0.450079 6.68449 15.0879 11.1147 158.664 51.8907 9.35812 17.2364 36.2971 14.585 8.65172 0.00104079 395.579
-58.6975 0.0814645 3.18643 49.5111 60.978 28.3758 5.08319 27.1246 10.0209 3.37689 3.0998 1.48248 2.09051 4.10298 15.8965 4.83044 159.46 49.5623 11.6533 13.1364 30.1452 15.7658 8.47447 0.000317294 394.539
-58.9164 0.0370117 3.275 51.4106 60.7828 27.949 6.14124 28.2037 5.15806 4.52561 3.73495 0.370122 2.6658 17.0687 9.20133 2.83898 162.81 59.5437 11.9783 2.01763 42.685 62.2695 24.877 6.90961e-05 395.136
-58.9436 0.0693765 3.12756 53.1194 60.2817 26.9465 6.14124 28.6097 5.62385 5.77632 1.21598 4.24928 3.57014 8.70501 7.29299 18.3908 145.01 62.5804 5.4913 8.22407 32.3886 16.3446 20.7422 5.05601e-05 395.906
-58.7946 0.062656 3.23077 50.0304 62.9796 28.1631 5.37588 31.4653 3.91602 5.59339 1.59402 1.79811 2.5765 6.1004 11.1811 12.2231 150.201 59.8758 0.63021 7.93953 6.48299 25.0631 19.0855 5.05601e-05 392.362
-58.6575 0.0256871 3.44325 45.0283 55.4703 39.0043 7.77746 21.589 2.96301 6.57867 5.05805 0.150015 11.7484 0.419758 11.9027 10.4691 151.186 72.3818 3.08598 14.5045 22.0272 9.64138 14.8642 5.05601e-05 392.951
-58.8326 0.0173501 3.47934 43.837 60.2503 37.241 7.77746 23.4318 2.96301 8.82743 3.58106 3.35997 6.85147 8.44406 9.84148 5.59108 150.872 70.1761 11.6573 4.19245 55.9713 20.1562 61.9739 7.94666e-06 389.705
-58.8631 0.00488125 3.63629 45.9511 61.8622 34.3505 5.95302 19.7582 3.72764 8.43581 13.6015 0.997262 1.97666 6.01255 2.42802 25.4722 140.127 70.784 2.85374 10.4511 42.5699 7.27151 33.4366 7.94666e-06 388.831
-58.9424 0.0144118 3.58851 50.8542 49.7634 34.6231 9.38058 24.3094 1.41743 10.5149 9.99425 0.324384 1.14683 6.53577 9.4441 17.8127 137.677 77.7547 6.55469 7.92264 28.9185 11.6244 33.7184 7.94666e-06 387.029
-58.952 0.0313751 3.58944 52.9093 53.6772 29.6867 12.6097 18.134 4.56943 6.51487 10.2089 4.14748 0.489597 8.09494 11.1681 17.5053 132.301 79.8649 6.04063 6.89439 39.6632 21.5555 2.71695 1.05824e-05 391.704
-59.0545 0.0306332 3.56284 53.8494 52.0802 28.6309 10.7605 23.2141 6.99191 5.12109 10.0161 1.87796 1.96289 7.19255 7.97875 13.7393 138.684 78.8032 6.66258 15.0904 64.0144 3.3422 9.23641 2.85431e-06 390.225
-58.5606 0.00781641 3.48403 50.9184 52.145 39.4759 11.3981 18.4092 1.62297 4.49376 8.40803 1.58416 2.62793 1.67877 9.17135 24.7568 143.615 58.4227 4.55546 23.7974 10.6409 37.1938 7.70709 0.000132246 397.852
-58.7059 0.0100715 3.46266 49.2903 52.9942 39.3916 16.018 19.0774 1.55475 4.97384 7.49726 2.52155 2.50663 0.549601 6.52848 24.6955 141.524 70.2267 3.05906 7.91678 16.3292 7.95388 3.07337 1.36359e-05 386.53
-58.9051 0.0100715 3.77329 54.1346 42.6826 36.6898 12.5203 18.2022 5.13798 21.276 1.52241 3.87116 3.34075 1.53089 7.64766 15.3921 145.776 63.7018 1.97825 3.18542 23.1621 23.7831 9.73921 0.000800197 395.536
-58.9994 0.0375303 3.6235 56.092 34.6477 36.0688 14.2595 18.4987 8.82046 19.8361 4.30647 1.90946 3.82543 1.53089 9.63186 9.34704 151.819 65.8125 0.804592 13.4683 20.7966 15.0732 10.1799 0.000159391 390.911
-58.6578 0.037871 3.33707 56.3599 31.9968 39.1947 26.2972 18.7915 0.609949 8.93865 7.13862 0.974822 3.92861 4.01518 7.94773 8.12745 160.921 65.3407 0.87854 6.15351 14.4717 30.5737 1.42657 0.000146016 390.29
-58.814 0.0163254 3.49813 60.805 32.008 21.2114 40.0783 0.917194 17.8966 8.84622 1.31311 1.0253 4.02013 8.16562 11.1644 7.07256 161.255 63.0302 8.66594 14.9733 6.45351 14.1817 46.1807 4.67183e-05 389.731
-58.8521 0.0207184 3.40212 55.0308 29.8005 26.7172 38.9981 16.8105 9.48214 10.1508 2.64916 1.04665 7.66736 2.52276 4.98492 12.363 164.528 53.2452 9.02167 5.82995 2.35829 2.53419 12.5165 0.000105569 386.641
-58.8709 0.0386537 3.49827 58.8002 29.8005 35.8988 31.9232 9.56682 7.41324 10.7133 5.82737 0.763286 2.60117 2.44563 6.50888 10.113 165.008 59.7324 1.8763 13.8623 1.12806 14.5918 73.6714 0.000710258 393.591
-59.0188 0.081603 3.28779 56.8593 29.8005 35.0526 30.4931 5.05649 18.0891 6.26352 7.546 4.74499 0.972424 5.24088 10.1418 10.6793 161.317 62.3451 0.255359 15.0663 8.18863 24.7909 13.8906 0.00297212 395.855
-58.9152 0.118489 3.15131 53.6035 33.9514 33.1238 29.0366 5.4842 25.7813 8.46378 5.09553 6.60034 0.911764 3.35919 10.0729 1.89565 159.384 60.4402 1.83935 7.94941 13.2226 75.5867 5.01969 0.00134371 397.384
-58.7568 0.0158364 3.40317 57.7515 29.976 35.2129 28.4827 3.7558 15.3903 13.0181 3.44625 5.12162 0.874952 20.3434 2.89068 6.184 161.055 60.0573 3.09157 4.259 13.1932 9.77652 5.40709 0.00213358 389.53
-58.7 0.0178771 4.24656 59.4285 35.3024 24.267 28.41 4.28979 14.996 14.1507 6.9179 5.99988 0.874952 9.60247 0.629102 8.74894 164.385 59.678 2.73183 18.0859 22.9177 2.4596 0.71502 0.000318161 397.567
-58.7202 0.0182594 3.74518 59.5317 35.1325 24.267 28.41 6.15314 12.6876 16.1536 5.66764 3.12614 1.87024 7.79326 4.12954 10.9515 167.714 51.6343 0.875308 13.6856 21.6052 21.3225 10.2037 0.000333235 389.289
-58.7125 0.0215041 3.56954 55.5731 36.9335 23.6331 28.41 0.832076 18.9445 17.0741 1.8625 7.45328 5.87793 9.8018 9.02352 6.18801 161.473 58.8997 1.16674 7.31616 7.85369 4.51228 14.7549 6.06388e-05 389.351
-58.849 0.00806063 4.11635 54.0963 38.1418 34.4166 23.9561 0.832076 4.30606 11.4595 0.758104 12.7087 9.25703 7.23808 1.31539 10.4887 175.923 49.1509 1.568 8.3144 16.0537 8.0847 5.58417 1.60376e-05 393.368
-58.8792 0.0207596 4.13471 53.7649 35.0405 40.9523 18.478 0.832076 2.80702 12.8397 8.48438 16.0995 5.73911 7.50971 3.04668 2.82729 176.81 47.2437 8.18231 9.12907 7.97956 11.5297 34.0928 1.10302e-05 392.36
-58.8412 0.0283258 3.91962 53.7424 36.0637 40.9523 20.2789 4.81067 2.20149 8.94312 6.30916 13.3768 6.70791 7.14142 4.08775 3.50348 176.81 47.2437 12.7998 3.71341 3.65292 32.8117 13.0962 0.000102097 394.663
-58.7544 0.0107505 3.73974 53.0025 33.9237 49.7285 13.9794 4.81067 2.40365 8.87701 5.23017 8.63527 9.98512 2.71847 4.08775 17.0171 169.896 53.8159 6.32128 10.6085 21.7347 3.5614 5.03324 1.34814e-05 388.648
-58.8323 0.028765 3.856 53.9295 33.9237 49.6533 12.6742 5.41298 2.43279 8.91994 3.73381 9.41147 10.9246 2.71847 3.45441 17.0171 170.009 53.8159 2.26271 15.3306 32.7647 7.96385 10.0305 6.11958e-06 390.441
-58.7917 0.00585231 3.69038 52.9524 30.9272 49.6533 24.2932 7.38474 3.4402 7.42711 3.4276 1.88882 11.7414 12.6115 4.12843 16.6899 152.538 55.1352 2.82755 1.23835 18.152 9.23788 46.5398 2.66387e-07 391.02
-58.8952 0.049508 3.48662 67.0963 25.4184 48.3846 3.21774 9.94806 17.9091 10.2648 1.39063 10.4841 0.898562 1.33343 4.6726 20.2646 152.538 70.6503 3.0336 14.0555 26.8236 3.10447 23.287 5.92692e-06 393.927
-58.8919 0.0105489 3.58493 67.0963 21.4388 53.1715 3.21774 7.9122 27.05 7.95053 0.534862 0.125445 9.09074 10.0824 3.7723 5.5939 153.839 70.9016 9.30288 10.1514 7.01028 6.88239 7.24653 2.91593e-07 385.762
-58.8162 0.0468529 3.29051 61.8491 21.4388 53.1693 13.9379 3.39514 27.05 8.52494 0.483508 0.911956 10.8134 8.13859 0.476953 10.9948 152.803 70.3909 8.47409 5.34943 9.36359 15.7574 22.8903 1.04605e-06 389.871
-58.9927 0.0429504 3.45386 60.8134 21.825 53.1693 14.7355 4.72094 29.279 2.82004 3.11454 0.44732 1.05949 7.98768 2.6326 15.0865 152.197 71.837 8.2958 4.21302 20.3035 12.5268 6.01123 7.04147e-08 380.76
-58.7578 0.0353535 3.58771 58.3353 18.4564 53.1693 20.9636 2.35145 29.279 2.57773 2.14134 2.84176 3.78415 12.5004 4.41888 9.26797 162.754 54.1556 7.5614 6.96765 14.2867 4.62244 3.19377 7.04147e-08 380.684
-58.9382 0.0208506 3.63568 58.3353 18.4564 53.1693 20.698 2.55233 28.1109 4.2888 2.32265 5.06342 3.91465 2.42169 4.01911 17.1853 162.754 55.5992 2.85986 13.9423 21.949 2.84043 9.70475 3.86364e-06 383.518
-58.9213 0.0317464 3.67744 58.224 18.4564 54.4865 21.1582 2.55233 21.0673 14.8589 2.47951 0.548349 2.98931 2.42169 3.51068 18.6414 150.784 67.288 9.85645 3.76602 1.89622 27.7732 28.5742 4.81145e-06 384.322
-58.9344 0.0151698 3.45564 58.224 19.6965 53.7293 28.9311 2.55233 20.4715 7.92244 2.52145 6.05054 2.02669 4.36884 3.49033 16.0892 144.122 68.736 1.54926 20.3622 25.1988 19.3318 17.0574 2.83372e-05 388.962
-58.9812 0.0371409 3.33801 62.9515 15.5538 50.3774 30.1035 2.55233 19.7659 3.63217 3.5625 3.63478 3.66139 7.99742 1.83942 22.193 143.878 70.4241 3.35212 6.35932 7.5566 19.266 52.9018 2.79984e-05 389.722
-59.1692 0.108296 3.00265 62.009 13.7833 51.827 31.7249 6.58383 11.8085 6.66153 5.20489 3.77138 1.15599 9.30248 2.94076 23.9161 142.828 69.0261 3.87673 9.15911 25.3661 10.9494 2.90644 4.36577e-05 394.774
-58.802 0.0583712 3.50678 61.1972 15.7113 38.9572 37.3431 15.4003 9.49754 3.43086 6.27645 3.4549 3.32281 10.2929 3.10818 23.4607 136.82 72.7403 6.16468 6.8052 25.8098 3.19922 48.0888 0.000106147 391.839
-58.9289 0.0193471 3.50918 63.6468 15.7113 35.2775 38.3875 11.9593 5.21896 9.45899 8.80724 1.0816 4.01894 12.4671 2.01912 31.875 139.978 59.0106 5.59255 15.718 32.1627 7.60254 3.28967 1.26969e-05 388.339
-58.7714 0.0270422 3.61787 63.5058 15.7113 32.7882 47.7213 13.2225 5.47673 9.00964 8.30482 3.36904 2.69848 8.56511 4.83428 15.7743 136.031 73.4261 8.82589 8.70775 1.76969 23.896 1.72364 7.7361e-06 388.043
-58.8533 0.0251003 3.36822 66.9167 11.812 35.4375 35.2211 10.2619 6.81306 12.7717 13.469 2.80329 0.364452 7.2751 7.48283 6.26178 154.566 72.0452 9.44804 0.420315 19.3156 2.05939 27.4783 2.15708e-06 385.978
-58.9316 0.0388336 3.31032 59.352 18.0019 35.4375 43.1143 13.5412 3.32646 9.50217 7.14797 1.25608 1.1471 5.41972 7.51357 20.4533 156.447 54.6419 7.39568 9.6461 36.67 11.3202 11.7887 8.75173e-06 384.713
-58.8053 0.110429 3.25582 63.3105 18.0019 30.6782 38.675 15.7811 3.32646 12.5462 7.91015 1.44971 1.25119 7.7297 1.0782 20.218 160.967 51.7078 8.17349 1.21595 17.9144 15.8534 22.9858 4.09297e-06 386.418
-59.0623 0.0469669 3.5307 59.5893 19.6251 25.6538 45.0731 19.9233 4.74611 13.5226 1.68116 1.71121 0.0804863 8.16113 3.72408 16.8614 163.126 52.9373 10.2469 12.2035 4.49514 44.4096 38.5787 4.71664e-06 388.59
-58.7953 0.00491215 3.70562 55.9028 21.6706 26.4987 44.075 20.9893 7.9414 13.5226 5.17869 3.55937 7.21504 6.03384 0.434135 7.35504 167.168 53.9644 6.67331 13.6411 6.18624 10.3422 17.8645 1.02896e-06 393.019
-59.1637 0.0363732 3.27966 57.2246 27.7604 26.024 33.2771 26.9636 1.70034 8.10977 0.646467 2.5484 5.05372 11.0728 17.813 2.44345 168.917 44.5252 3.35624 1.36539 12.5303 42.5564 16.384 1.33101e-05 396.357
-58.7671 0.105879 3.20279 63.825 23.2002 28.9407 33.3375 19.112 1.70034 4.91019 1.38749 0.834661 8.60247 17.6287 0.610833 2.44345 168.917 62.5432 8.19133 3.21168 11.0258 55.7598 5.69188 8.2284e-06 395.222
-59.0622 0.0413403 3.50207 59.797 14.8615 36.5613 33.2863 17.6729 17.6498 11.6675 1.15556 1.63864 3.9007 6.12349 6.92366 4.08213 168.917 54.0361 8.39892 3.77539 12.6477 40.2732 3.97564 6.29774e-06 385.803
-58.9757 0.0687112 3.37581 60.3508 14.8615 34.6252 33.9682 17.6729 13.8282 11.6675 2.2502 0.970024 2.71202 1.88847 15.1438 4.08213 168.917 52.6907 11.0663 1.69649 23.3632 27.9341 1.0963 9.19339e-07 387.311
-58.732 0.0371037 3.69586 62.3802 14.8615 30.8485 39.3946 14.2952 9.24983 13.4541 3.80269 3.50329 2.65828 1.8618 10.8439 4.08213 168.917 44.4287 12.8521 15.7316 17.3523 35.3681 1.0963 8.74403e-07 392.433
-58.7501 0.00801396 3.43357 62.3802 14.8615 30.1065 38.0069 9.38597 9.36185 24.6886 9.85019 3.8896 3.24954 1.8618 6.03429 7.096 168.917 46.6095 13.8509 5.99244 23.6719 27.0742 4.60512 1.58301e-06 390.867
-59.0661 0.081222 3.54317 56.8889 23.2616 40.7503 31.3134 6.99303 8.10025 17.5566 5.51381 1.87195 5.13781 10.1515 6.09185 0.329829 168.917 52.9431 18.8667 7.47763 3.62605 6.30693 2.05596 4.81569e-06 389.056
-58.9613 0.00424566 3.53353 54.2825 29.1938 40.7503 33.5088 6.63479 11.0713 6.93868 8.00409 0.416135 4.66596 14.6187 6.92542 5.12359 161.279 53.0889 12.592 4.43486 5.16766 36.2366 6.79623 1.7829e-06 386.108
-59.068 0.0526228 3.77093 54.1313 30.4925 38.2187 32.3011 4.94771 6.5567 6.93868 18.0203 0.53617 0.437819 7.83058 13.7512 4.30743 151.973 35.1364 18.3391 13.6165 51.7664 8.23891 18.7878 1.7829e-06 397.716
-58.9594 0.037591 3.55919 64.9285 23.4837 39.6397 21.0608 1.47401 16.04 11.7047 6.24831 0.933444 1.60938 6.1955 22.167 12.4014 145.987 62.3236 11.0908 2.66555 5.99783 3.93862 24.5989 4.24638e-06 389.554
-58.8414 0.0590396 3.40889 55.8335 29.5965 59.4956 5.59461 13.2031 11.3216 5.99485 9.72436 0.284468 1.80222 3.77234 9.37492 22.0475 153.695 57.773 16.0488 1.81031 7.4112 5.00223 52.1981 4.24638e-06 387.266
-58.7557 0.0353945 3.32711 56.9872 27.9823 59.4956 4.4121 19.0222 11.5679 10.4133 3.18884 1.00856 4.59919 0.678095 7.09384 22.3435 153.392 57.773 12.8763 1.00042 23.8101 3.45 6.51376 4.24638e-06 385.765
-58.9539 0.0942806 3.18031 62.0796 27.9823 61.1048 4.4121 18.7114 2.24155 2.16807 6.59011 0.334178 6.02848 1.67963 7.44807 22.8507 160.145 53.3404 8.96283 3.91883 25.4597 30.0887 11.0649 0.000234208 394.31
-58.8015 0.0718842 3.33395 56.2789 28.1459 61.1048 4.4121 22.4523 0.576805 10.3432 5.26543 0.500767 0.218919 15.7224 4.9705 14.2055 157.299 54.7678 12.9186 4.59228 41.7826 21.564 5.00423 0.000432438 391.967
-58.7075 0.00481211 3.41625 54.8086 34.7511 47.7465 15.7235 19.3488 6.05719 7.43663 8.93209 0.0469218 0.829948 17.9969 2.25661 5.19263 162.342 58.8001 13.4078 0.111759 10.0915 20.9841 7.6723 8.68429e-05 391.096
-58.8271 0.0249251 3.58802 53.4373 45.1502 37.7759 12.7293 26.8697 3.82694 2.09952 5.11879 0.346414 1.05429 20.164 1.25762 11.6857 162.342 56.2813 12.1409 11.3632 16.6423 16.1804 11.6991 0.000218397 390.985
-58.8406 0.0176969 3.69127 54.9274 32.1123 46.3783 12.7035 20.5043 6.68204 2.09952 4.40829 0.631396 5.8829 12.0936 9.98352 12.1477 149.424 56.2286 12.8775 16.5034 9.53637 22.0892 25.9134 0.000611161 394.944
-58.8329 0.0370164 3.3763 57.8448 37.0787 33.7918 18.7517 26.2846 7.34001 5.55645 1.94768 1.58538 1.57043 10.7632 9.46859 8.26694 158.375 59.623 11.642 13.2065 12.2597 18.5373 27.0596 0.000567494 391.231
-58.5809 0.0179639 3.60771 57.7642 29.0296 45.8498 18.312 20.3038 4.16234 6.71134 10.7532 1.63807 0.555633 5.22748 1.06424 9.09758 163.781 65.4917 10.0433 11.1047 25.7352 30.2275 28.5044 0.000641498 395.911
-58.9474 0.0154454 3.63066 60.5083 29.53 56.2124 12.1878 19.3257 0.553928 10.1586 5.91198 2.44529 0.157529 2.69858 8.19285 5.43138 171.992 48.4634 6.95111 12.6265 4.14376 28.7476 10.2619 0.000505729 391.838
-58.9115 0.0159497 3.53345 56.4056 29.53 56.2124 14.0389 17.1688 0.553928 10.1586 3.22802 2.21459 2.49477 2.40021 6.90339 3.34067 177.556 55.0188 9.58937 6.80298 17.6493 7.76438 23.6956 0.000694353 392.179
-58.6702 0.0621259 3.29224 54.8418 26.8581 56.2124 9.27002 25.7848 3.54601 11.046 3.06581 2.27692 0.673038 1.02987 14.266 3.593 162.752 64.9658 13.3264 8.13934 2.05086 7.91075 4.70088 0.000939435 393.152
-58.8414 0.080431 3.27379 54.3367 27.2482 56.2124 9.27002 25.7848 2.36679 10.746 1.34269 1.94818 2.2423 3.91242 14.266 0.985602 165.825 64.2826 8.35684 1.20462 28.4274 10.064 10.9452 0.000629181 391.561
-58.8896 0.0605312 3.47658 54.4055 33.5353 45.5906 16.4819 21.6153 1.5608 14.2108 1.66129 5.5445 3.15249 1.21176 13.0932 5.53624 166.917 50.9993 15.0535 5.13404 30.2517 7.57687 8.94698 0.000148409 388.979
-59.022 0.0337557 3.58238 52.6621 32.6554 45.5906 16.8998 19.7877 1.594 13.7773 3.01216 2.26125 2.54017 3.12967 18.5679 3.85983 161.586 51.0156 5.59627 8.33245 38.3308 6.57369 26.1526 3.70828e-05 392.973
-58.9237 0.0284108 3.66279 59.5152 33.7015 47.3368 15.367 15.4639 8.0293 6.18801 1.50157 2.67384 1.80016 0.385371 28.4406 7.15728 159.143 48.9798 7.01893 6.4385 13.4158 7.72418 12.0658 4.26907e-05 391.516
-58.7476 0.00372575 3.38362 52.2266 33.1847 46.8787 20.0519 17.9469 6.72326 9.11002 2.02661 2.27723 1.06958 1.38163 18.901 13.9104 155.553 56.4891 15.4513 6.5695 17.4624 18.2155 11.0803 0.000208618 390.843
-59.0024 0.13893 3.4004 52.5132 39.1174 45.4006 10.9534 21.5549 12.208 3.9098 1.62593 0.481989 2.30255 1.52993 17.3359 14.1158 157.444 65.5752 1.1582 3.04821 70.1048 17.4417 11.8495 0.000449839 396.784
-58.8375 0.0812264 3.45436 54.7951 41.1286 41.1336 2.97203 17.6416 17.3366 9.72932 1.66407 0.0588348 3.27786 2.08532 18.8429 5.32971 162.559 62.398 10.4005 1.31674 113.269 8.46247 3.87155 0.0023844 402.561
-58.8094 0.10275 3.04054 55.2965 44.9582 41.1336 5.77591 9.51936 17.3366 8.63176 1.04886 1.93799 3.35707 3.76279 19.8099 10.6831 154.6 58.6998 11.9095 7.25956 35.7638 6.78399 41.8818 0.0016773 398.722
-58.8639 0.125674 3.04647 47.051 49.5426 34.9281 15.8581 11.8297 24.2143 3.49969 0.967037 3.05414 4.06801 0.0986305 13.4168 17.2194 152.556 58.6138 11.5101 6.5699 18.4932 8.96563 16.9781 0.00149458 395.949
-58.7886 0.0362245 3.40578 46.3705 49.5426 35.584 16.5106 3.54624 29.1102 5.93527 2.12044 6.38114 1.50911 0.594061 7.41348 22.1321 155.321 58.6138 11.8562 2.28713 6.16414 22.757 6.15864 0.00276452 393.974
-58.7751 0.0154818 4.29155 48.9772 45.1959 36.0546 20.1958 5.32624 18.2455 5.88135 6.75972 2.04096 2.21041 1.58323 12.4223 22.1359 150.467 59.9795 11.3225 9.32401 19.7581 7.68943 43.9831 0.00301842 398.314
-58.6172 0.129158 3.49907 49.7997 47.2409 36.3546 21.3534 3.81324 15.0871 5.77846 9.05372 0.757617 2.0948 0.572045 1.28602 25.9493 150.274 73.5127 14.0229 1.82396 21.8281 5.01333 16.2357 0.00211331 398.319
-58.9116 0.0428612 3.41185 42.7315 61.1954 22.0587 27.6577 5.05525 3.58318 21.5678 23.3747 0.134481 4.20358 1.49205 1.89701 5.63676 149.142 78.2546 3.65926 0.967503 15.4884 12.8373 19.1176 0.0109491 401.095
-58.8374 0.0748535 3.46402 43.4207 57.2014 20.5954 34.1678 14.0842 2.27628 14.2183 16.2302 1.77978 6.2723 2.25282 2.69219 2.16552 150.701 72.2052 8.79501 4.54122 9.76903 16.6026 47.6992 0.00175917 397.099
-58.8523 0.0164169 3.74576 46.1677 49.5784 26.6325 30.4591 15.0168 4.86848 3.89142 3.19891 1.25965 6.85827 1.58297 18.5552 10.9092 147.041 72.8597 2.37285 3.20435 14.4006 48.3719 12.3133 0.000622273 394.412
-59.0155 0.0375834 3.32257 53.4487 46.9011 23.0066 24.2135 24.3124 2.51258 10.3589 2.01077 1.25543 2.94469 1.98242 13.1767 11.2278 153.541 76.0202 0.558995 7.49065 65.0895 11.9454 48.9625 0.000209812 394.38
-58.8183 0.0114244 3.36119 55.7866 46.586 14.7175 26.0577 21.8024 2.14441 15.0681 3.63804 2.35645 1.13682 11.6559 17.2313 3.48076 145.347 73.3279 10.2136 11.1417 15.0848 6.02483 36.08 0.000958288 395.508
-58.7911 0.0213048 3.78196 56.6439 46.7607 14.7175 26.0577 20.7967 1.42599 15.901 3.10604 3.07692 1.27769 7.63 17.2313 7.37201 146.483 73.1055 6.99605 7.26507 29.2037 60.8994 24.3582 0.00258108 398.215
-58.8147 0.0241085 3.53462 47.8666 50.5609 26.5837 17.0299 17.5769 2.87286 23.2367 2.85007 3.50155 6.17028 12.5918 1.33385 9.0002 148.205 75.943 8.86929 5.87784 37.1444 73.5746 3.00301 0.000826563 396.844
-58.8467 0.0475884 3.4203 46.5867 57.7656 24.5465 26.2334 23.2409 4.01542 9.34356 0.555466 3.4341 6.43849 10.3875 5.51305 3.99733 154.631 55.2084 9.46868 11.834 16.3426 38.4379 3.00301 0.000213425 395.087
-58.7763 0.0281581 3.49009 46.344 60.5938 15.8163 21.6608 18.0918 3.17888 10.8575 1.90285 1.09048 6.00902 4.451 12.3235 24.4682 144.813 68.0854 10.623 12.1278 31.2324 30.3131 17.5622 6.15604e-05 393.242
-59.5013 0.0606238 3.65493 41.3988 60.5938 26.2586 22.2798 15.7232 2.69261 14.5896 0.862133 4.67972 1.8809 4.64606 8.37277 24.8026 132.022 81.6913 10.8823 8.143 28.5272 28.2463 11.0632 0.000446525 397.393
-58.7456 0.0773477 3.47617 43.0566 60.5938 26.2586 22.2798 11.9893 5.17914 11.4748 0.673669 4.67972 1.99235 3.05762 12.8216 21.1602 140.368 73.8703 9.94352 14.8929 11.8823 2.36128 22.0894 9.00763e-05 393.137
-59.1559 0.0971395 3.73166 46.0353 61.3518 23.8661 17.3769 11.6154 7.68544 14.1812 2.89109 4.00284 1.98633 7.74098 2.61956 24.8254 140.368 76.581 5.56035 6.74613 6.72505 11.7789 6.21036 0.000818681 393.609
-58.6553 0.0224287 3.31638 44.3625 65.4433 22.1404 13.7308 7.52127 19.1341 4.35064 3.20803 8.19227 1.69479 10.8367 3.09059 24.8254 139.949 78.5048 2.94518 3.33892 6.51435 22.4578 24.6018 0.00188773 394.78
-58.7037 0.050597 3.50219 41.3475 65.9999 26.2741 25.5098 7.47293 12.9945 5.82933 2.91063 2.97282 2.34461 6.55877 2.33218 28.4031 135.935 72.9558 12.0914 2.17646 17.5793 4.8903 19.0227 0.00143121 392.046
-58.7375 0.0403676 3.50671 40.8338 65.9999 21.0263 25.5098 6.67813 18.3309 5.82933 3.34883 4.02258 3.40646 6.41024 1.93563 24.6045 152.899 64.2863 10.6846 5.06548 16.3181 37.7239 9.81734 0.00279806 394.208
-58.853 0.0572311 3.58815 42.6373 67.0187 20.8715 28.6498 8.40396 11.8678 6.66657 0.797113 1.70592 2.63009 8.5193 1.58418 24.4469 156.858 52.1977 13.6551 15.6095 12.6287 41.5609 17.8066 0.00296184 395.463
-58.7602 0.0254194 3.63472 41.0255 65.3461 20.5198 22.9425 9.80856 17.0672 8.91312 0.577908 1.40666 1.7189 10.5192 5.54424 21.9004 140.989 78.5448 8.18172 0.370705 18.2679 26.852 18.785 0.00176772 390.576
-58.9027 0.0261106 3.53816 43.6747 64.9795 16.3096 26.3938 8.10309 14.3713 10.5441 3.1864 0.060196 2.54136 4.28979 9.9968 19.1092 145.192 73.6169 1.25523 6.04549 23.2586 27.751 15.4583 0.000414215 386.604
-59.0933 0.055117 3.45868 44.8138 65.1696 18.2199 26.5437 15.8167 5.00022 9.35459 1.78888 0.680235 2.32221 4.51275 7.36728 25.0389 145.957 68.6142 7.52396 8.73992 11.0184 14.8725 14.9655 0.000628242 390.074
-59.0659 0.0202088 3.58689 44.3877 63.3808 21.2672 24.6801 16.6099 4.75971 12.8519 1.72631 0.842116 2.69294 3.62789 12.0474 16.7209 145.957 51.6383 5.92188 10.1862 31.3146 8.90544 3.84022 2.27645e-05 389.351
-58.7959 0.008578 3.52507 44.5591 67.4508 19.0534 21.5083 15.7578 6.33272 8.91136 2.3366 0.440903 5.04585 14.5241 10.8517 13.1345 138.427 55.3311 7.5705 14.9931 7.59166 21.7008 44.7384 9.21323e-06 390.946
-58.7734 0.0329612 3.46511 41.9977 63.9909 28.394 23.8531 8.02276 4.34038 10.5787 2.29111 1.06877 13.2021 2.84798 7.64418 16.197 148.148 66.6169 10.8767 5.77181 27.7123 24.1295 29.0505 2.71463e-06 388.2
-58.719 0.00394383 4.02276 41.8283 59.9426 31.5978 23.8531 8.02276 5.04159 16.3547 1.90305 0.945694 3.52853 8.6681 1.04815 20.1829 147.539 73.1296 1.94013 3.50428 1.70436 0.936031 39.1623 3.4135e-05 389.778
-59.2825 0.0420255 3.55022 42.6452 64.8834 26.7574 9.79004 8.02276 3.05626 27.9284 3.37386 0.842491 3.50399 10.5803 8.71926 18.5403 144.681 66.2062 4.55126 3.52903 11.3477 0.378489 22.1914 5.49027e-05 391.401
-58.7829 0.0740139 3.31694 44.9051 63.5853 29.8269 9.35919 4.27626 4.793 27.9584 3.34363 2.55799 3.99873 13.6226 6.56826 5.84569 155.455 61.5476 15.4366 1.03487 12.5527 8.96367 13.6828 7.29705e-06 386.34
-58.7792 0.0942554 3.34409 50.5868 50.3768 30.9429 12.8335 2.46096 8.71469 26.2244 2.85802 6.42349 5.02462 4.41814 5.214 10.0026 154.526 56.7422 2.63179 15.0684 8.03401 29.9692 27.0912 2.19103e-05 395.141
-58.8795 0.0290766 3.60758 50.5868 48.5336 31.5079 9.45369 2.54262 16.4409 22.9469 6.97948 0.0913058 1.80485 18.7319 6.24631 6.70667 149.591 67.1845 8.14529 8.38486 4.43705 30.5815 11.6483 0.00030585 389.268
-58.8569 0.0368362 3.33325 64.4893 29.5942 40.2771 14.2091 1.5626 16.1636 15.4607 7.17141 3.03611 0.0805221 9.98309 9.15746 9.26834 154.063 69.8949 7.78395 3.93401 18.3239 29.2634 15.8348 5.03367e-05 389.737
-58.8696 0.00870052 3.47998 63.5705 34.0434 41.4268 10.4145 3.83846 18.3471 11.7556 4.15305 2.67622 2.54798 3.20039 11.0914 7.59396 150.405 75.9573 1.14025 6.5624 43.8492 29.28 5.19502 4.33741e-05 391.292
-58.9039 0.0386025 3.38591 63.5705 30.1624 41.8611 9.72009 3.45342 20.7053 8.46029 6.98059 1.47065 1.0796 13.7608 10.2962 6.98332 150.582 70.6681 2.44627 7.12696 34.4139 56.2162 23.3292 0.000322071 393.669
-58.8068 0.069217 3.38768 63.7779 30.1624 40.0365 14.475 3.58169 19.6032 5.97406 18.4457 0.260335 1.4138 13.7608 11.8536 1.67194 146.293 77.546 2.41531 10.3247 41.2641 8.2504 28.0709 3.77821e-05 394.879
-58.8344 0.0263995 3.37181 59.5031 27.3877 43.5333 12.2875 2.79202 17.2229 4.85443 13.0732 0.907282 3.23109 21.2958 10.5189 3.06108 143.957 82.3907 1.03987 12.417 18.0754 37.6017 52.9437 1.06475e-06 393.333
-58.8244 0.100126 3.0876 59.5031 27.3877 40.3462 25.2524 7.30233 14.848 4.85443 8.47777 4.51976 4.70354 21.2122 12.9797 6.40836 142.058 59.8792 6.07892 4.0359 26.3326 29.2573 39.5122 2.74353e-05 395.244
-59.2321 0.141784 3.42104 62.282 21.6952 38.038 23.5324 1.18615 21.2091 10.692 5.79742 6.24878 2.65619 21.2122 0.932848 0.841696 158.52 65.5568 6.82957 3.32845 2.46321 26.6959 2.83766 0.000368568 397.821
-58.5964 0.0241695 3.44088 61.9809 21.6952 38.038 28.7175 4.237 14.8286 10.3473 5.3719 3.44902 0.267933 14.668 3.70342 8.16393 152.837 69.3117 9.22302 4.12888 14.9464 41.3478 29.4887 0.000331122 395.349
-58.8905 0.021402 3.51117 57.8919 21.6952 40.992 33.5466 7.79078 18.6168 9.10316 6.15584 4.80853 2.20609 5.52192 8.02608 3.83436 148.653 71.5974 5.43537 9.98074 16.6268 42.627 5.55907 2.3806e-05 385.368
-58.7078 0.0926012 3.32007 57.8919 21.6609 40.992 32.3165 9.17074 19.5872 1.12936 3.29 4.72071 2.26097 19.4115 2.09503 4.343 155.94 70.1988 4.77082 2.86558 32.4165 30.6027 21.3148 0.000116674 390.46
-58.9328 0.0394056 3.46982 58.9382 21.6609 40.992 28.8319 7.91512 20.8624 3.67206 1.19347 8.67649 0.0911158 16.6692 6.01206 8.33799 148.465 67.8356 13.5266 5.9894 33.0303 19.5537 19.464 4.20973e-06 389.408
-59.0223 0.0460858 3.53222 60.3936 21.6609 40.5771 24.9828 14.3969 20.8624 1.92005 0.111219 7.74885 0.16995 11.9409 3.2354 4.56602 160.588 70.461 12.9367 4.07914 19.873 16.5141 11.3173 2.05341e-05 389.888
-58.8917 0.019926 3.47213 49.8778 44.3083 39.5674 21.3938 11.6202 18.4793 2.49352 0.095883 7.74598 2.69126 6.93213 2.50756 8.33688 149.928 74.8123 15.6977 5.29954 22.6168 25.63 3.46933 0.000450163 393.401
-58.8287 0.0473106 3.61192 49.8778 42.2347 40.3729 24.7158 11.5121 12.2937 5.72231 1.21477 5.50791 3.76588 3.02013 0.222844 20.8603 143.216 78.28 19.8168 1.35854 27.3687 9.82967 4.9996 0.000285569 395.964
-58.8872 0.00724471 3.51382 57.5336 25.272 47.0229 25.9677 9.78655 9.81155 7.80621 2.46999 0.535765 5.99863 0.591569 9.99882 24.8728 146.058 60.8553 1.48175 15.3317 26.3308 9.88008 41.1741 0.000571865 393.296
-58.8891 0.0888681 3.61429 56.0995 25.6662 51.2651 17.0939 11.1225 10.4909 11.2781 2.41539 0.638372 4.04013 4.89635 10.5725 20.7169 142.138 67.0749 9.78115 6.44348 42.5693 20.1749 42.3858 0.000385626 395.861
-58.6157 0.0190223 4.0036 54.3236 34.2989 51.2651 17.0939 9.71463 8.87181 12.2833 5.08516 1.56478 7.33919 4.66468 6.08951 5.2937 150.863 70.2521 14.976 6.56706 5.04181 14.4663 23.935 0.00035882 394.73
-59.0556 0.0282292 3.57929 52.28 34.2989 59.7726 7.96573 8.43422 10.5523 10.9412 5.63524 1.27142 1.93879 9.48563 5.47623 8.82394 158.113 63.5834 15.0282 2.38628 49.4793 6.36431 33.3886 3.08165e-07 385.691
-59.057 0.0460004 3.65308 52.3057 34.2989 51.9894 19.1602 6.00108 10.6704 7.69126 8.81278 3.91101 2.17685 2.49009 5.84385 12.8859 153.739 63.436 13.4893 2.33835 63.2193 16.9152 10.2139 6.622e-05 392.89
-59.0463 0.0382627 3.5163 53.5681 34.2989 54.9788 13.7514 13.3636 16.1829 5.6559 1.83651 8.29286 0.199824 5.69056 11.2063 0.624612 152.804 70.3695 12.6957 3.65112 38.3338 17.1663 46.2575 0.000625769 395.646
-58.8869 0.0347232 3.27845 51.5749 37.6054 49.8722 16.9466 8.37924 17.2707 1.83279 8.53128 7.65167 3.43351 1.78191 4.64719 7.08833 154.11 66.6272 8.33895 4.98793 35.9986 7.34407 51.4256 0.000887669 395.756
-58.8559 0.0491612 3.36062 51.3342 37.6054 56.9856 4.03942 13.104 12.9995 5.57469 4.17109 0.934017 3.25682 5.71254 7.88632 9.52997 159.203 67.6156 6.68331 3.51204 39.2332 21.6747 4.05744 0.00216365 391.75
-58.9703 0.0361424 3.40919 52.2724 41.9914 56.9856 1.10127 15.0533 12.8485 5.67842 1.29546 1.33275 3.76297 2.66047 6.15989 16.3733 153.512 68.2584 11.1766 2.54435 26.5984 29.4578 5.97105 0.000928269 389.893
-58.9272 0.0398193 3.54834 53.6771 40.7702 50.4018 1.10127 1.17932 35.7349 3.90165 2.008 5.5525 4.3148 5.30476 0.67632 12.1991 156.667 71.4518 9.58268 5.58778 58.4961 3.07305 9.58982 0.00492939 399.538
-58.8299 0.0222422 3.77743 54.7891 37.9542 50.4018 1.10127 4.69793 33.5514 2.20317 2.008 2.99422 1.87336 3.67942 0.774904 20.5368 154.473 70.8203 3.54104 4.96993 35.4053 6.22597 4.77791 0.00165548 391.278
-59.1709 0.0280831 3.60097 56.1305 33.8241 50.0023 2.79545 6.85916 31.3515 3.59477 2.91906 3.08975 4.41895 7.28992 0.774904 25.0935 138.906 78.2763 4.28957 1.32919 27.2078 22.3129 6.72361 0.00171309 394.946
-58.9619 0.0155473 3.52336 52.5092 34.2891 49.7821 2.93513 7.07412 32.0145 5.90927 3.86232 3.49128 6.88715 2.84846 4.44913 25.1962 135.968 79.8286 5.21819 1.40224 27.9465 10.8664 28.1212 0.000788304 394.776
-58.7943 0.0149619 3.43347 50.9375 36.1848 43.004 10.5576 7.6722 32.0145 3.49025 4.30677 1.30137 0.972393 2.96111 9.51937 34.1358 130.541 77.5598 5.22717 3.18043 27.5246 8.92071 68.461 0.000179414 393.697
-58.7318 0.0240773 3.44899 53.4503 42.1986 43.004 10.2119 10.4841 13.9059 5.91466 6.55498 3.02 0.924039 4.46887 7.07477 43.1594 126.307 78.3655 4.69122 9.07734 12.2122 2.32035 16.2374 0.000228153 393.254
-58.8328 0.0316821 3.56902 50.1847 44.2475 40.1384 5.83194 9.99919 13.9059 19.8288 5.43268 4.93111 1.05065 7.89096 8.30246 43.3899 110.256 75.7009 14.5677 7.75263 42.5709 7.28342 2.34862 0.000979243 396.907
-59.0471 0.0333386 3.38385 48.9095 48.3121 41.6766 8.45047 8.3488 16.9126 13.8562 4.82699 4.0807 1.93727 5.54354 9.89521 43.2684 111.615 78.8367 1.25043 4.9873 11.9742 1.61551 3.26186 0.000726902 392.081
-58.7322 0.0284062 3.29149 49.5815 45.4057 44.2358 8.45047 11.9232 17.364 5.93547 2.99287 6.69068 0.855365 10.7019 9.94475 46.273 102.567 84.1871 4.39135 12.6811 3.03851 44.8228 6.1654 0.00104415 399.573
-58.9391 0.0640515 3.43558 50.4376 41.4602 45.4386 9.02948 14.3891 19.1937 6.76331 2.73859 1.25269 2.99963 11.076 6.66467 43.7541 106.003 85.0177 2.03712 5.06688 13.1997 1.94044 27.3425 0.000731477 393.232
-58.8808 0.0420383 3.54716 52.396 44.2706 46.6013 4.40343 13.4123 17.0313 7.47742 4.63314 0.938164 1.34631 7.32928 12.3431 43.7541 104.816 84.7559 4.94658 3.61979 27.1535 10.8416 27.0742 0.00819335 396.878
-58.9646 0.0407102 3.34057 49.8817 45.1803 44.4524 4.40343 16.9433 15.3116 8.93028 4.23659 4.96604 0.853687 1.74873 14.4149 29.8416 124.174 81.1978 4.70215 3.25783 27.6995 13.9088 13.217 0.0069573 398.768
-58.9497 0.0320353 3.39268 47.6077 48.0098 38.6314 9.08399 17.6575 18.8946 8.77217 0.394656 0.99471 0.499347 1.0969 14.17 31.5214 125.292 82.1015 4.3021 6.84137 75.062 4.21179 26.1862 0.00248172 398.14
-58.8371 0.042991 3.55501 47.6077 46.6682 41.3171 13.6638 10.6086 18.0649 6.10354 3.55838 2.05992 0.846916 1.77976 16.6026 27.2373 132.349 74.4742 4.89274 5.18635 57.5241 4.09898 27.2787 0.0011594 391.64
-59.3209 0.0418682 3.82654 49.0941 45.1311 40.8715 11.8787 18.3463 23.092 0.866785 2.03902 3.10517 0.757489 3.60478 12.3953 17.9084 136.522 78.6939 2.00352 3.20632 9.43577 38.1809 23.8721 8.21797e-05 396.253
-59.1423 0.0657491 4.17016 55.7794 34.8932 40.8715 21.1045 9.93627 18.1066 5.11581 2.11182 3.08225 1.65732 5.02539 4.3722 34.6427 136.522 68.0906 11.0756 1.16612 5.13104 26.313 24.7346 5.73016e-05 395.532
-58.823 0.0137793 3.64295 55.4718 36.6944 46.892 9.49044 8.44521 17.7103 7.38172 3.48534 2.73363 3.86961 8.56173 1.53044 27.591 151.215 51.6406 3.74179 9.78524 3.84758 44.2312 27.422 0.0003304 390.697
-58.9343 0.0199372 3.58236 54.9059 34.7569 46.892 9.49044 9.33989 21.4221 7.52834 2.61496 4.04514 3.87606 6.90641 3.86247 21.9446 152.869 56.2309 7.86083 1.70239 15.2333 31.5814 5.44816 0.000156696 387.971
-58.975 0.0258381 3.69594 60.2471 35.7704 45.8584 12.5971 13.597 13.7738 11.0646 1.50035 6.20962 1.40743 7.85149 1.59974 13.1535 154.137 57.0976 6.63612 8.15035 20.6611 24.0119 9.38976 1.26435e-05 388.504
-58.8583 0.138017 3.15946 53.7747 36.4632 47.0266 2.60437 8.37132 13.3328 16.874 6.71318 5.06251 2.48626 6.02516 10.2583 11.0358 153.662 67.7372 11.6964 7.67709 20.0498 33.2143 15.9794 0.000253427 393.798
-58.7879 0.0260786 3.45509 52.5924 35.0936 47.0266 16.6648 3.36131 13.6724 16.7443 1.54757 1.7997 2.52723 4.99156 10.4288 15.2439 151.658 72.5067 2.08902 4.74468 13.1184 17.8404 20.774 3.24319e-05 382.852
-58.8537 0.0608147 3.49105 51.764 36.9965 47.0266 16.6648 2.74402 18.4565 8.47147 5.65982 1.89206 2.52723 11.9029 2.3553 13.0931 153.949 71.2514 1.57283 3.52844 6.20111 58.1967 40.814 8.13405e-06 387.493
-58.9966 0.0868649 3.30221 51.8336 36.1905 41.098 24.7856 2.95482 8.21669 27.59 1.62641 1.42572 3.57409 8.12248 11.2691 10.3148 139.218 70.6377 3.43507 7.98884 6.93568 17.674 8.11285 2.12327e-06 387.027
-58.5778 0.0714958 3.10408 51.69 36.1905 41.098 25.8444 4.3767 8.61968 20.3573 7.07819 0.510506 1.01538 13.1022 10.5217 5.64837 150.335 69.2062 4.42366 4.30156 7.17817 11.3471 1.87899 2.12327e-06 392.043
-58.8005 0.0446639 3.42954 51.153 41.0322 30.3195 28.5156 5.88694 6.6398 21.2763 4.20961 1.80459 1.09182 6.22861 13.2244 6.49323 166.604 53.0351 14.4787 3.36464 7.55835 2.56987 10.2112 6.42909e-05 385.432
-58.7997 0.0925805 3.07665 52.5752 54.5805 5.88688 34.6113 9.74221 12.5766 15.4608 5.05821 0.51686 2.123 12.329 13.0238 2.44373 161.487 56.655 10.0718 3.00665 7.635 5.97434 2.5571 0.000285966 392.99
-58.8544 0.0540741 3.31312 48.4077 49.3209 20.3294 30.3355 2.60377 11.7364 18.0845 6.42817 5.24981 0.618217 12.5936 11.9726 4.72246 149.002 67.833 8.7647 8.44537 7.1342 35.6275 13.9322 0.000231428 389.937
-59.0318 0.0277626 3.51675 49.1648 47.7144 23.6123 28.179 5.55763 12.4575 17.2064 1.43907 4.45274 0.485262 10.6763 9.51199 8.92251 149.729 73.9424 1.41356 9.03424 36.5298 67.9917 9.87426 0.000269618 390.833
-58.97 0.0261817 3.70345 48.3386 53.8087 15.9489 30.6916 5.28774 12.4575 17.3439 1.85682 0.423836 4.37246 12.2866 9.68357 6.75171 149.764 76.2578 3.35403 2.07621 29.8468 48.1737 14.3841 0.00160897 392.167
-58.9865 0.0310336 3.70727 44.176 56.8732 12.875 30.6916 0.858082 14.0254 27.4887 1.91584 1.13104 2.42215 15.3471 5.56627 7.57453 150.41 68.3092 4.49786 6.53414 11.0508 9.07262 9.37893 0.000111399 386.271
-58.9378 0.0453149 3.64349 45.1921 57.4501 12.465 37.5775 2.85113 17.8382 18.6603 2.03317 5.67732 2.73865 9.2608 2.9863 1.09742 157.821 71.3397 3.00273 8.6715 16.7289 35.542 15.8277 0.000209592 391.686
-58.8554 0.0160432 3.44886 47.0786 55.4828 8.93747 42.2489 5.18049 2.20658 21.4686 4.47506 5.82794 3.95351 9.81934 2.42102 12.7503 147.545 78.5412 0.534384 10.9604 9.22666 27.5202 37.5434 0.000215363 390.597
-58.7049 0.017185 4.04775 43.8452 55.4828 11.4927 37.4355 5.47061 9.19702 25.3867 10.1006 2.88359 4.59238 8.1882 2.0681 17.8956 127.092 80.7702 12.7187 7.27756 39.8036 23.8166 24.4814 5.76629e-05 398.351
-58.9442 0.0898886 3.30046 47.0484 55.4828 5.79688 37.4355 1.53855 1.95617 31.8295 9.244 0.79826 5.47747 4.26999 2.0681 32.0144 134.256 73.2158 11.2511 0.393654 9.03668 61.6901 33.5128 0.000145085 398.421
-59.0839 0.0241134 3.52466 49.9528 55.4828 13.6946 34.3708 5.79541 6.07174 15.924 8.55131 1.71588 2.42121 1.99219 3.43276 29.153 143.812 68.9172 15.1046 2.39093 16.2826 6.76968 14.9264 0.000386843 389.976
-58.9795 0.0185276 3.49377 49.9528 55.4828 7.60722 34.3708 4.57103 11.7821 14.9878 5.22535 1.92157 2.75208 6.15275 9.36502 25.6073 137.432 73.4476 11.5592 8.84287 15.9361 19.8776 11.6745 0.000873866 392.176
-58.9927 0.0226019 3.44126 47.8576 55.4828 16.4854 30.0507 4.98021 14.2916 20.822 2.95369 0.382086 2.10664 2.81964 9.27816 17.1774 141.539 74.4443 10.2166 5.30344 12.2081 9.18809 19.2799 0.00179749 391.031
-58.7916 0.0130202 3.68955 50.8152 58.4482 12.9807 30.0507 4.23095 10.1573 19.394 4.82251 3.00145 0.149334 1.26457 8.71659 24.9412 152.934 57.1249 6.59074 7.7026 26.8626 75.9469 1.99376 0.000116068 391.815
-58.7421 0.0160667 3.3847 49.6406 58.4482 4.87119 28.9435 12.1761 7.53393 25.5424 1.31234 2.97551 0.472004 6.69306 6.35156 14.9712 148.993 72.0145 7.97016 21.461 6.97452 16.4789 8.17537 0.00067952 395.393
-58.735 0.0161534 3.89581 45.1966 64.4457 14.846 28.9435 9.81855 10.4022 7.89863 1.14333 4.14014 0.993661 7.97179 13.7314 16.7296 140.779 65.7173 3.8669 13.8329 12.5836 5.84017 7.16572 0.000837585 394.128
-58.7051 0.00958135 3.65386 46.2634 60.0766 19.2044 22.3528 6.53787 18.3777 5.39321 1.02862 4.4908 1.06869 1.80561 24.9822 13.978 139.323 77.972 11.7005 7.40852 23.5354 20.3332 37.7289 0.000375958 395.87
-58.7137 0.03644 3.50305 46.2634 60.0766 18.3121 26.4391 10.6975 17.7512 14.3086 1.11159 7.52514 0.450043 0.477271 8.63299 15.2716 155.646 53.3324 9.619 15.6782 51.1821 22.4468 36.4212 0.000353189 398.33
-58.7147 0.0824386 3.51757 43.5823 60.0766 21.3977 26.4391 13.9937 16.5201 5.75741 0.61215 7.56359 1.62796 2.9581 6.68743 15.2716 157.335 57.7889 16.0908 4.69857 3.81558 0.666851 65.7077 0.00880688 402.389
-58.5672 0.0754159 3.22074 47.1943 60.0766 19.7906 26.4391 13.4049 18.1058 3.13844 0.730456 7.51718 1.21057 8.79191 5.69923 20.6048 149.144 54.337 15.5121 6.36028 5.16857 41.8417 12.973 0.00177435 398.759
-58.8654 0.0429909 3.25018 47.1943 56.6872 27.0916 25.0644 10.4171 15.3203 3.87627 0.49065 6.72195 0.27426 8.34111 3.49449 20.6048 145.356 72.1768 0.824916 4.86387 2.23285 7.81724 6.93283 0.00264264 391.783
-59.2405 0.0744131 3.36125 46.4346 54.6564 28.6385 25.0644 11.5118 14.0169 5.63616 1.30763 3.87897 1.92161 6.37365 8.92885 20.6048 139.388 76.0533 3.09535 16.3147 22.3512 9.51723 29.1362 0.000978593 394.566
-60.4517 0.135462 3.45923 46.4346 54.6564 44.7708 2.20494 23.2612 13.8605 5.62533 1.06986 3.64719 2.04394 5.27572 3.24674 17.9573 147.949 73.2139 4.1019 3.3013 7.35623 30.9879 13.3553 0.00354058 398.355
-59.6745 0.0800349 3.58156 49.0256 54.6564 46.1235 2.20494 14.7478 12.2228 6.52601 1.67745 4.97562 2.25959 17.7447 5.15307 15.8429 143.889 57.0768 5.67125 13.1521 42.1534 31.0204 1.1426 0.0189991 408.419
-58.9315 0.0823513 3.40946 45.3268 57.3156 38.3182 2.20494 6.1747 38.2386 6.52601 2.11352 0.254629 1.21794 2.25001 3.952 14.4719 165.332 56.4621 10.077 3.59309 87.5325 44.3838 28.6385 0.00181429 400.155
-58.782 0.0247566 3.53179 48.7519 57.3156 38.3182 2.20494 0.606952 35.3591 5.0309 1.09655 1.73846 0.0707095 3.30929 5.80426 17.7901 165.332 60.7959 5.81243 3.84196 42.2292 17.6251 57.4587 0.00149182 397.715
-58.8715 0.0201865 3.45574 48.755 57.7874 36.6724 2.20494 1.08275 35.3591 9.12333 3.19295 3.06418 0.284063 8.24793 5.62317 15.2225 154.99 53.6698 16.5894 3.14485 19.2993 9.07844 22.0354 0.0010891 392.96
-58.7065 0.105633 3.37406 49.5761 65.9289 33.4232 5.28858 5.32394 12.4764 13.9385 0.350541 3.47969 0.996687 5.85461 11.2992 10.0743 143.809 65.9639 10.8212 1.85621 11.7008 32.3161 14.795 0.00165856 401.499
-59.0936 0.0361474 3.37337 44.6208 55.097 37.9646 6.63885 13.2519 15.6851 13.9385 0.151756 2.28577 2.42917 1.90889 4.59797 40.2045 138.567 63.7008 6.92126 5.39527 17.7135 36.3809 15.4753 0.00150934 396.669
-58.9805 0.0458486 3.32723 47.3174 61.295 33.6021 6.63885 18.0759 8.1075 12.1326 1.45837 1.64697 0.83369 0.446117 1.48635 36.0427 137.822 75.3011 7.38737 4.22303 9.9028 47.8402 1.47494 0.00124406 392.96
-58.9995 0.0310168 3.58639 46.242 61.295 33.8058 4.66962 19.2688 8.39036 10.982 2.9939 3.02301 1.21074 1.99121 7.5459 32.8244 136.593 75.9824 12.9299 0.475989 9.2606 24.9835 0.658995 0.000355987 391.479
-59.2578 0.0485533 3.55856 43.3038 64.7362 33.8058 4.66962 14.7221 4.87501 20.2606 2.9939 2.87436 0.284391 2.99614 0.487549 35.3218 140.305 70.4262 9.3553 2.91338 13.0943 40.4904 3.09496 0.00529899 396.027
-58.8733 0.0567947 3.57626 43.6744 63.6113 32.9027 4.66962 14.8323 9.4302 16.1529 1.74295 2.66922 1.08866 2.80663 0.487549 33.7574 145.889 69.9376 4.91745 4.1432 10.0394 20.3818 4.03549 0.00146253 390.274
-59.0096 0.0400582 3.85469 42.8689 67.0276 32.9027 4.66962 10.1901 11.5662 16.1529 1.74295 3.50325 0.149194 4.85932 4.42605 33.7574 147.14 59.6148 6.49575 3.07799 12.9251 10.8419 28.6468 0.000153367 390.826
-58.9232 0.0184528 3.81347 44.8823 59.944 32.9027 6.25438 9.80578 10.4775 17.7424 2.88766 2.64311 1.4666 0.381324 9.66691 33.5248 147.632 55.0087 3.93448 4.23723 10.1914 7.20963 20.5933 0.000327431 389.62
-58.9715 0.0381028 3.5873 49.207 59.944 28.1426 9.73681 3.85228 8.03864 21.7666 7.38061 3.67475 0.926734 5.45143 5.6618 14.2058 162.034 61.7037 3.76255 8.04586 18.8272 12.0354 15.2944 0.000430997 390.384
-58.8605 0.00932816 4.00678 45.4071 53.4978 31.2839 21.4759 5.63799 7.65281 18.6133 4.39315 3.46505 1.98478 8.38929 4.26498 19.3435 156.327 55.7147 9.34549 10.9541 16.9813 11.604 17.8688 0.000248775 388.833
-58.6647 0.00932816 3.87212 44.3858 58.667 27.0594 30.7374 5.59897 8.4574 9.6217 3.40743 0.220838 3.62973 10.4126 6.2578 11.7308 162.452 56.8686 3.94383 3.79672 28.1899 6.88293 11.8571 0.000177476 390.998
-58.7831 0.0157067 3.70504 46.771 58.667 23.4875 32.4793 9.5514 7.61538 5.28044 1.51864 0.630609 4.92138 8.26499 6.4467 6.60584 162.711 62.5624 3.21893 10.2104 15.7234 27.8267 8.65911 0.000221907 388.151
-58.9834 0.0211843 3.56389 51.2184 51.7142 28.9497 28.4615 6.45078 10.2353 12.6479 3.42161 5.12493 3.53658 2.95399 7.18766 9.04314 162.711 57.9615 5.03096 16.1523 17.7052 22.4823 10.0849 1.07945e-06 385.772
-58.7708 0.0116327 4.01814 52.5772 41.453 27.1258 19.5797 12.1317 2.82739 21.8653 6.7379 3.23682 3.43301 6.01891 13.1643 10.3438 168.135 42.113 0.903183 11.9113 17.0526 14.0357 10.6031 1.07945e-06 391.031
-58.8969 0.0158318 3.67974 52.9649 37.707 31.1176 29.2708 6.80716 3.28091 14.2691 15.2998 0.708427 4.17781 4.30252 26.0729 5.40464 139.844 69.4981 8.38976 1.48492 8.00479 8.55365 34.9564 1.07945e-06 388.118
-58.88 0.0441096 4.18809 48.9977 44.5399 29.5622 30.1647 0.963717 3.64227 21.401 14.8908 3.32071 4.59343 8.33448 15.6677 6.62338 138.02 71.9222 7.01096 8.33221 45.594 4.31639 22.2749 1.07945e-06 394.294
-58.9176 0.02852 4.20584 53.1894 42.7498 15.5018 30.4813 23.8902 6.30118 0.491711 9.79344 6.68292 2.38866 16.5295 11.0234 7.38913 137.126 85.7365 10.2846 1.62505 2.22284 4.75608 31.6486 8.30534e-06 396.654
-58.9564 0.0112461 3.60123 57.8538 47.3151 19.548 22.2204 11.1737 13.2565 5.76057 12.5428 1.42049 1.95372 10.4461 2.45178 12.0485 147.975 77.9778 11.743 6.98609 14.7991 5.75007 26.7529 7.14564e-05 391.441
-59.0107 0.022555 3.62345 54.3102 45.2289 19.548 25.3586 10.5386 13.9076 5.84655 6.98366 7.63685 3.89823 0.933458 4.29612 22.7563 146.801 75.7214 10.7945 7.31442 5.93064 9.31553 30.0876 1.35103e-05 391.552
-58.9676 0.0240413 3.53579 57.8249 45.2958 19.548 25.3586 20.8837 14.144 0.989701 5.6962 8.20684 0.491602 3.96879 2.37916 16.0457 155.046 61.9101 10.7945 4.22266 25.725 7.83923 4.9761 5.60448e-05 390.261
-59.0456 0.0247106 3.21299 55.813 48.5581 19.548 27.0337 20.8837 12.2887 0.989701 3.55042 1.30072 1.57792 4.39615 4.42726 14.2148 161.025 68.1869 5.96755 5.94019 13.7074 15.4499 7.29632 3.99573e-06 387.905
-58.9972 0.0176044 3.66428 51.6273 53.9079 17.5274 31.1589 15.5487 9.244 4.45187 7.06138 2.84714 0.436989 3.86652 5.97179 10.0276 158.476 69.7648 4.15357 4.55339 21.8788 27.8679 32.2703 3.99573e-06 386.971
-58.836 0.0285588 3.50882 52.7874 53.9901 22.4424 31.1589 7.48097 10.9305 4.94339 2.63962 6.50573 4.39107 2.07418 5.11874 11.5661 154.329 72.209 4.89407 14.1209 19.1412 15.7146 14.3656 3.99573e-06 386.857
-58.6723 0.0607207 3.26609 44.6205 57.2852 26.9278 24.2988 3.52356 14.6708 4.94339 17.0039 1.22761 9.44397 2.15339 10.3166 5.67029 140.829 70.3921 2.08546 14.8499 7.30012 5.34794 1.47418 3.99573e-06 393.689
-58.8323 0.112126 3.21255 46.2479 60.9674 24.8437 17.0244 17.4492 8.94395 5.3121 13.7391 0.569165 6.37951 4.91596 9.44434 4.59842 145.956 70.5571 13.7576 4.8941 17.7715 14.7597 5.77967 3.70711e-05 392.528
-58.8126 0.0105513 3.43789 47.8019 52.303 27.894 20.5568 18.4306 6.94411 9.12327 5.35253 0.117974 4.73994 4.859 10.4895 15.9093 139.339 74.9831 5.48747 8.96509 3.05133 21.7445 8.93593 9.08269e-06 385.577
-58.806 0.0169341 4.16923 48.5604 53.1605 18.0323 26.9066 15.9315 6.34203 15.6573 1.53774 3.24624 5.44316 1.5285 16.1307 27.0804 129.656 73.5143 4.4784 22.1276 25.0837 29.9775 5.44745 6.38293e-05 394.705
-59.0087 0.0250371 3.66693 45.5521 53.1605 19.9097 24.0338 15.9119 0.135145 21.4322 1.87354 6.57847 2.79866 4.94804 21.5159 19.3953 132.464 71.3035 3.10544 9.07154 19.2227 9.76171 5.13775 2.2757e-06 389.895
-59.0887 0.0402577 3.62154 48.3264 53.1605 19.9097 27.0543 12.2441 1.24522 18.9855 6.25642 4.41311 2.03437 5.21704 16.0923 16.8101 136.31 72.7901 4.68004 9.52097 23.5616 1.9489 7.61686 2.33174e-05 388.189
-58.7714 0.00356044 3.38264 48.3264 53.1605 19.9823 23.428 34.8702 5.16875 0.592085 3.58395 0.849745 7.48336 5.76466 16.0923 14.4026 146.48 57.7582 0.857011 4.90215 45.5865 3.47634 13.2684 8.2484e-05 395.619
-58.8274 0.0292423 3.54149 47.5691 49.4776 25.5585 21.1853 34.8702 10.8018 2.30769 1.35814 2.76502 12.113 2.79715 12.1984 19.4934 124.573 78.2229 4.3757 6.11831 19.6204 5.95995 42.5023 2.10946e-06 394.254
-59.0552 0.045847 3.29379 47.9412 48.4919 26.2984 23.8618 22.4152 2.98347 1.60155 8.69474 2.20897 2.89797 3.82715 19.7488 57.2315 106.118 67.5766 6.58424 5.81352 16.8705 2.2975 13.1535 0.000199607 399.142
-58.8215 0.0560498 3.48406 47.8257 48.4919 35.0709 25.2817 10.3819 7.50352 3.15765 7.57991 5.21045 3.00895 3.65876 37.7592 18.8731 113.478 67.1863 4.97436 19.9035 2.25277 58.6447 37.4915 0.000145222 404.282
-58.8703 0.0273978 3.353 49.1709 54.7836 31.8881 24.353 11.7321 5.81566 2.80665 10.7262 1.78494 6.13533 4.93885 6.85705 27.9066 128.937 74.1332 10.9078 1.77575 7.83165 95.4384 26.9164 0.000233226 398.594
-58.7631 0.0400832 3.35409 49.1709 54.7836 20.1511 24.7907 6.80699 8.51292 5.14823 8.9286 1.52356 13.3175 8.43591 3.51612 18.0452 151.329 71.3917 6.11962 5.60072 3.45704 23.3531 7.8336 0.00105848 395.7
-59.0103 0.0401311 3.2289 49.1232 54.7836 27.4621 22.4063 4.96052 10.2344 12.5412 8.58147 0.872524 9.26893 11.416 3.2001 13.1068 140.952 73.9068 4.29389 19.0496 2.34552 12.8561 24.7837 0.000968571 399.182
-58.973 0.0993672 3.40248 54.7095 54.7836 19.3239 20.7236 10.6908 11.5415 7.96315 7.21008 2.27743 4.79227 15.2033 0.0907957 16.6877 145.124 66.6823 3.99992 17.6 14.9052 4.09156 28.1545 0.000402347 396.455
-58.9706 0.0284356 3.26525 51.983 54.7836 31.8881 20.867 9.59583 9.64896 5.12104 5.94272 4.86476 3.4866 8.14355 0.720161 21.5753 145.597 69.449 12.7776 5.55307 46.1324 11.3499 61.5437 0.000595252 399.16
-58.9211 0.0966151 3.46235 48.6018 48.3195 31.8881 19.7281 11.788 8.38986 22.6487 3.93339 7.96889 2.84724 9.72374 1.38802 1.36778 151.777 67.8483 9.26781 4.33193 53.6241 11.6922 0.62908 2.85694e-05 393.053
-58.8317 0.0629355 3.31495 53.4787 39.3927 27.6799 22.5151 11.2393 13.9978 12.1554 1.00795 1.17086 6.87245 10.9458 15.0384 5.49019 149.201 65.3282 11.2182 5.02547 59.7817 62.8269 7.34714 1.0282e-05 396.199
-58.8593 0.101718 3.2844 56.568 41.5763 29.3492 19.4878 11.5772 13.2295 12.7609 2.35528 0.956277 5.57492 6.68685 10.9675 4.61105 160.329 67.4685 13.506 8.69608 1.53802 32.2329 2.82121 2.93137e-06 389.243
-58.8608 0.0444697 3.36804 54.797 36.1683 29.3492 24.636 10.7352 2.47999 24.623 5.27563 0.702106 1.68571 3.47878 13.4652 16.1066 159.857 51.8736 13.3523 3.26729 5.18128 38.2295 13.4425 0.000150051 389.849
-58.7792 0.0893966 3.22353 43.2902 60.3223 19.1944 27.6192 12.8977 0.485761 8.67161 15.4774 0.941179 0.115883 3.06599 8.46779 17.512 160.532 59.9211 16.1269 0.71631 12.3828 33.8936 5.9646 0.00182729 398.136
-58.9155 0.124312 3.2976 43.2597 59.8623 16.2267 29.3609 13.5381 10.1388 4.70768 11.9676 2.64943 2.57141 6.33817 4.92723 16.2387 161.578 52.6149 8.38345 2.3228 12.9171 32.1527 11.74 5.2417e-05 390.389
