-67.8974 3.26475 5.89322 13.445 30.3418 1.39258 10.3741 10.0931 34.5828 31.316 44.4244 0.780039 27.311 22.503 104.411 50.0683 30.9631 48.531 55.0194 17.688 43.3929 23.3253 20.3604 93.6166 26.989 68.8848 184.796 39.0514 39.6504 0.0123803 58.7836
-67.8974 3.16395 7.87801 10.7784 30.3418 3.45415 8.72518 20.1786 26.1449 34.7624 44.4244 19.7504 25.981 17.4535 89.9172 50.0683 27.2712 42.5765 53.4754 5.25995 42.0436 49.9547 18.003 93.6166 38.2168 68.8848 177.2 54.5298 5.07067 0.0548459 63.9225
-67.5178 2.28881 4.71029 16.7607 27.3811 2.86846 5.48039 21.4417 24.1008 34.7624 25.2881 21.7031 26.2087 15.0723 100.553 42.4399 42.3619 46.1255 53.8385 38.5725 20.3013 60.6827 14.5714 54.5452 64.6458 114.152 80.6681 57.8901 63.1333 0.0200371 57.8034
-67.8911 0.306316 4.71029 16.8103 27.3811 9.06198 4.38642 23.4983 26.1414 21.0765 69.5108 16.6112 28.9691 44.2418 66.7555 25.833 53.2542 46.5495 33.975 26.8384 33.0209 62.1747 20.5432 46.5601 64.6458 122.904 109.564 53.9966 86.7715 0.0123538 58.4778
-67.274 0.169502 4.71029 16.9355 23.5119 9.29051 3.9031 0.981882 32.9642 21.0765 79.2626 3.93399 27.0294 38.954 95.6027 7.93121 68.81 46.9067 10.8469 14.5404 32.099 106.998 9.91803 37.9821 64.6458 141.213 66.9276 46.3794 65.0836 0.0240542 56.9885
-67.1868 0.169502 14.8833 14.8167 23.5119 4.9153 4.39078 0.981882 25.6188 12.6698 65.5591 3.93399 31.6124 32.8629 125.633 44.2247 70.4209 36.059 10.8469 20.9517 19.8181 77.1259 16.3985 51.3797 32.8523 143.995 126.83 57.5963 21.386 0.0132636 54.1823
-67.3645 0.310857 10.1701 14.8167 23.5119 7.79843 4.39078 0.981882 25.6188 15.1804 65.5591 14.4118 41.8861 30.8843 2.89855 38.4506 24.882 155.037 15.2548 35.0112 20.6838 67.6667 38.6481 51.3797 54.375 104.446 126.83 34.8085 59.4943 0.00630579 55.4256
-67.3645 0.186454 9.001 32.4902 12.5137 8.14886 4.39078 4.24889 37.1499 14.7733 61.6052 14.4118 41.8861 35.6184 2.63648 50.7855 24.882 159.971 15.2548 34.0847 18.3174 62.7029 2.28497 56.4168 60.5427 118.129 127.133 88.3943 39.7708 0.00380391 58.7384
-67.8667 0.186454 9.18565 25.2123 21.1198 4.01439 4.39078 8.62888 33.7514 13.679 61.6052 8.60243 36.2651 34.5698 5.9439 50.7855 24.882 159.971 16.8229 31.0723 18.3174 66.5491 2.28497 56.4168 53.8776 126.937 72.2791 79.8709 13.4814 0.00437368 55.9326
-68.0699 0.306839 6.46658 27.6569 17.2045 7.81954 4.39078 8.62888 33.7514 10.2287 61.6052 8.60243 36.2651 33.2958 5.9439 54.6581 24.882 159.971 16.8229 42.4771 7.5556 66.5491 2.28497 39.6563 79.4801 126.937 65.1941 10.3491 19.3093 0.00401547 52.8521
-68.0237 0.678891 5.18904 27.6569 14.2683 5.61617 12.9204 27.9716 53.9337 6.28279 10.6884 6.04668 50.9702 32.4038 20.6388 69.0222 24.882 150.312 1.66106 29.4385 11.4508 66.5491 2.28497 46.5553 79.0549 126.937 76.168 54.4626 19.588 0.0144876 54.3675
-66.7874 0.957188 10.3044 27.6569 14.2683 4.1945 12.9204 19.5739 36.4623 6.28279 4.12499 15.1061 50.9702 6.00759 45.3335 69.0222 38.9722 150.312 16.0275 29.4385 18.156 86.3912 2.28497 21.1974 88.7088 127.346 86.735 54.5202 2.90949 0.00936599 57.0352
-65.7697 0.693619 10.5611 26.2481 12.8753 2.23767 8.3428 19.8791 36.4623 6.28279 4.12499 8.48677 73.359 5.69242 77.4408 53.9935 14.8711 176.559 9.49399 12.1936 3.81449 61.7356 2.28497 34.5781 106.729 127.799 55.005 33.3518 7.14525 0.013602 58.989
-68.6885 1.35034 12.1541 0.924665 9.69534 2.71753 4.18661 19.7856 82.9261 1.55231 30.9866 5.6397 37.5228 7.04285 74.5822 31.0087 18.5394 151.641 25.4753 36.5515 27.7396 26.0551 53.0892 31.0162 106.729 74.9019 54.8149 46.6215 10.6189 0.00661724 59.883
-67.8944 1.30437 8.67553 0.924665 11.3742 2.92864 3.9513 11.5864 96.5156 16.2635 26.6582 8.95778 21.9639 6.68272 93.8286 31.5761 40.6879 87.2636 53.5191 57.4183 13.4453 22.1846 53.2278 10.4046 152.781 74.9019 56.2436 45.3039 12.4875 0.00140069 58.1793
-68.2622 0.74063 10.1806 3.84579 11.3742 30.7087 3.29332 35.929 51.0111 6.12139 38.0049 4.18301 17.4451 5.94281 105.139 33.1092 28.6144 77.661 24.2425 87.9172 17.612 13.9046 31.2873 15.2733 122.184 120.321 45.551 56.6485 15.2709 0.0000924058 56.9088
-66.0735 1.02682 5.54104 3.84579 17.7393 27.0602 3.33431 48.7479 54.3874 6.12139 16.192 16.0226 17.4451 11.0688 89.687 36.9541 30.6136 103.042 24.9688 87.9172 14.5126 13.9046 24.8861 10.6091 78.8601 161.585 54.9827 94.1462 14.8418 0.00260996 55.7018
-68.1371 0.575667 14.5276 9.6589 15.4324 16.0197 3.73746 42.1183 54.3874 8.95564 5.44865 9.79486 17.4451 21.7914 115.194 42.9726 14.6401 99.4475 21.0154 87.9172 17.1444 5.97634 21.2091 28.7568 63.6276 182.763 35.9296 110.886 28.61 0.000769254 56.2126
-66.2596 0.832409 22.7398 3.25291 4.74953 22.8787 9.29968 22.9275 54.3874 23.8389 5.44865 24.9817 10.4915 33.7247 115.194 38.0051 15.5763 75.1182 62.6835 92.9295 5.71909 5.97634 21.7308 17.223 70.3121 154.014 29.3382 11.3235 15.8452 0.00157736 53.1597
-66.2866 0.203037 18.351 3.33169 5.80254 24.107 8.21959 15.347 28.0754 30.7917 5.44865 22.9546 39.7653 16.93 115.194 46.0773 5.69449 75.1182 62.6835 108.194 3.53413 5.97634 21.5413 25.4071 54.9655 163.237 56.2008 16.9998 13.5778 0.00721701 51.9093
-66.6741 0.472067 6.2079 27.3757 5.32148 13.2993 11.5941 22.439 22.1066 38.5512 5.44865 6.67909 62.2884 46.3955 97.4699 12.9479 14.782 75.1182 57.1434 75.7855 20.575 4.36278 19.2139 50.3564 52.3526 172.914 37.4053 47.78 11.8091 0.00444943 50.5724
-67.9425 0.805644 7.46405 32.0323 5.27161 7.50231 5.34033 16.2429 25.3209 33.9531 5.44865 12.4938 71.8493 70.563 62.8542 17.3722 55.1465 42.3971 100.298 29.0878 17.468 15.1026 26.8468 34.8599 58.3371 194.137 11.7001 2.70184 14.3961 0.00241308 49.323
-66.8952 0.071639 6.94124 36.0671 3.14921 7.09617 6.79157 15.5281 12.6301 18.4736 21.1691 15.7285 66.2544 65.4916 62.563 19.0312 54.7573 52.0064 51.6601 28.5424 24.4215 41.2129 19.6377 87.53 34.2617 194.196 4.07044 32.1552 25.7791 0.00172916 50.5421
-68.8172 0.107313 3.06102 32.4674 3.2811 21.4444 2.11363 20.0779 34.4669 21.146 44.6271 7.73584 19.1961 69.948 39.2928 14.3812 68.1691 52.0064 72.625 12.5761 15.2943 37.1826 9.26952 99.9634 44.0327 183.845 23.732 55.406 11.1356 0.00136972 54.2952
-67.5511 0.373132 3.20123 35.3989 3.16942 13.8215 6.23069 20.6336 32.6173 26.0214 38.0156 7.73584 16.5578 29.1745 46.2422 16.9073 82.5513 71.4397 72.1465 17.1338 18.9556 32.8548 12.8648 99.9634 49.9372 178.157 73.916 47.9926 5.42255 0.00429967 50.7666
-67.7649 0.579551 3.15456 36.7761 3.42021 11.9539 5.22809 7.51171 30.2 17.2913 82.4968 12.1236 15.5787 43.0335 39.6035 12.9721 76.0931 71.4397 53.7672 19.4881 18.9266 33.2922 9.27928 99.9634 43.2674 174.646 33.3284 35.6608 7.40807 0.00318552 52.0947
-68.025 0.579077 1.61393 36.1422 3.48959 9.65574 5.22809 7.51171 31.8871 17.2913 82.4968 4.46795 7.61109 43.0335 39.6035 21.2594 83.7575 71.4397 53.7672 26.26 22.6883 19.4995 9.27928 100.905 56.6272 141.79 59.1483 69.9999 3.38466 0.00186639 54.2029
-68.059 0.708389 5.59054 40.5788 4.10981 6.0487 9.20872 7.51171 15.2533 32.4238 78.141 12.8337 11.1519 43.0335 29.4198 17.8484 83.7575 64.3005 52.8382 8.34866 28.7698 45.6698 19.0924 103.576 46.1216 143.386 65.6448 43.5047 3.38466 0.00528353 54.744
-67.8087 1.37956 3.33661 37.9702 5.26017 5.57945 9.20872 7.51171 14.0974 11.1347 86.6872 9.68913 18.1726 58.2822 31.4361 21.8092 83.7575 58.2258 52.8382 8.34866 31.079 57.8363 9.34785 97.4271 43.3177 149.332 73.1381 32.4915 45.4444 0.00573869 52.2108
-67.795 0.809121 3.33661 38.1109 6.02695 6.61109 12.3388 15.4736 10.4211 10.9849 86.6872 11.793 22.2492 44.3063 22.5758 23.2881 94.1458 57.5649 55.9501 5.42035 36.1824 38.055 14.191 77.5907 65.9612 125.243 88.2928 32.3545 74.8157 0.00569003 52.7454
-68.8615 1.70327 6.61026 57.5152 6.02732 6.24561 9.4663 17.7908 10.4485 12.9205 55.3107 15.7003 23.4639 7.14598 24.0953 43.6385 106.419 36.7847 53.6383 3.11546 28.0852 32.4038 34.0511 101.801 86.3804 120.249 96.833 15.5092 23.0397 0.0123202 64.5055
-67.7038 1.17926 13.9228 57.5152 6.67653 0.557749 16.3827 13.8502 3.73185 8.62409 48.3809 23.6646 17.1155 7.14598 27.6859 57.1296 98.3147 37.7448 69.6852 14.9749 9.87411 32.124 34.0511 98.2967 77.0814 123.105 7.26618 27.8664 33.3579 0.0106187 63.2822
-68.7336 0.337713 5.04419 59.4176 24.801 3.90628 6.70349 7.44317 5.2144 7.20112 60.4619 16.231 27.0754 7.14598 27.6161 121.678 81.6813 36.9059 65.8601 19.6974 10.5139 16.0389 34.3222 78.2432 85.4764 90.9515 60.6234 239.167 10.942 0.00749981 70.0993
-68.8214 2.10466 2.49356 59.4176 26.5608 2.21557 9.06602 7.44317 17.3659 12.5849 58.0114 23.5398 24.8054 10.9157 28.6091 103.537 79.8945 40.9318 30.4784 20.1782 40.7142 16.1097 3.11271 51.571 76.2516 150.46 85.5018 29.1436 94.7543 0.00749981 64.2773
-68.6978 2.37582 4.65837 40.667 14.4068 1.32645 1.398 10.5743 14.1193 3.01001 60.8638 22.7024 40.1431 10.9157 2.9569 103.537 99.2903 41.4511 23.4303 22.6969 37.404 48.2781 48.6389 11.8425 94.1816 137.118 99.1561 26.1756 52.128 0.0136166 61.4182
-67.5702 1.44049 9.16173 25.6646 13.7566 4.62962 10.9619 17.2076 11.1246 10.3713 73.3246 36.6367 23.8152 10.9157 4.74805 112.081 106.996 43.7807 49.1522 8.08651 42.4573 45.5651 0.920282 13.8939 64.9801 136.301 90.8555 5.70314 6.31078 0.0145136 56.9519
-68.3479 1.44049 9.16173 23.58 8.61319 6.74921 14.6759 20.9737 13.2945 10.9412 46.598 29.08 23.8152 2.64569 28.1759 112.081 97.7529 62.6476 49.1522 8.91828 29.5479 52.9387 0.920282 11.4846 64.6837 136.301 90.8555 84.0858 6.31078 0.000482189 52.9521
-67.669 0.72386 9.16173 23.58 8.61319 9.76299 13.527 13.5534 26.8258 12.0175 57.3967 29.4781 17.3393 22.5424 29.7415 112.081 75.6019 54.3098 49.1522 12.9291 39.1849 62.5882 0.805938 11.4846 70.8121 155.275 30.2837 56.2738 10.1048 0.000482189 49.9216
-67.4845 1.25218 4.68527 26.3592 10.7209 10.0907 10.2118 26.6519 27.5746 0.500977 43.2292 29.4781 14.4731 109.107 29.1334 70.1038 67.1858 29.4834 49.1522 2.22441 31.6179 62.5882 4.63607 11.4846 85.7136 155.275 35.9357 22.7359 10.1048 0.0377416 54.8895
-68.1532 0.922082 2.14995 24.9948 6.31658 6.75516 14.5507 47.5909 18.993 0.500977 44.8087 12.0556 30.2913 87.3347 37.987 57.906 66.9877 27.5634 25.7262 26.6273 49.0026 24.471 13.7747 3.29329 104.899 216.998 31.1206 63.0065 21.2701 0.0442678 59.4276
-67.0029 1.25528 1.38441 22.5615 2.67349 8.43047 14.6151 65.827 6.80933 3.43956 36.4943 26.5844 28.2222 0.700883 43.5119 67.4877 58.0358 50.128 23.1502 36.4271 55.2153 63.5216 14.0983 10.3353 102.476 171.839 46.5004 72.9365 6.49634 0.0281583 64.3817
-65.3897 0.386247 1.38441 21.3918 20.0695 9.56241 10.6576 50.9776 2.58037 10.2294 27.0778 30.419 59.9137 10.5898 85.1272 68.1425 57.8909 68.9484 23.1502 33.3625 28.1578 1.01793 19.9702 53.2414 30.7711 175.686 40.2866 39.4775 25.4649 0.0229417 60.1768
-65.1243 0.386247 1.38441 11.1053 8.61527 13.2309 10.6576 31.6439 10.1102 10.2294 27.0778 24.3626 59.9137 10.5898 96.7717 68.1425 57.8909 68.9484 11.7756 26.497 62.0095 1.01793 23.0064 53.2414 48.8881 184.566 69.6219 53.3839 11.9841 0.0217479 60.1003
-65.1238 0.762152 2.33403 10.1944 9.88238 3.56626 15.0634 17.3035 26.2185 12.9606 22.9627 37.6249 65.8128 10.5898 96.7717 65.3988 54.0533 53.8192 11.7756 27.7683 52.0501 8.30334 26.7486 59.7973 55.2451 184.566 32.3018 73.0236 13.2047 0.0266899 58.191
-66.2275 0.762152 1.66252 12.3965 9.88238 3.02438 13.3838 14.1916 15.937 12.9606 22.2078 35.866 59.7099 19.448 117.283 46.7311 57.6244 37.4453 40.8076 42.203 39.1532 8.30334 10.3091 72.8527 65.5022 136.818 108.405 53.5209 31.2503 0.0237203 54.6388
-67.2072 0.139711 14.7864 20.9782 12.6727 2.8948 16.1576 29.1224 15.937 13.5297 18.1554 43.0993 35.8779 19.448 108.358 54.1579 72.7868 42.0349 40.8076 26.3669 25.5476 4.32201 14.3383 67.0053 62.41 136.818 44.0333 30.5229 80.5528 0.0136233 51.5338
-67.165 0.466444 16.4632 18.0005 7.75399 1.36092 15.3155 29.1224 8.1939 4.42594 18.1554 38.0784 45.5686 58.2884 90.1464 86.9565 79.2233 39.5634 5.59835 25.6484 17.8109 1.51425 6.48154 100.966 57.9612 136.972 21.7483 12.0478 97.517 0.0141567 54.0678
-67.4883 0.814556 14.0932 12.8577 9.62499 3.36784 23.6012 62.4717 9.70974 3.61213 4.49759 35.5773 27.8856 41.2695 69.6803 86.9565 83.9453 31.7258 22.7394 29.2693 34.5686 29.0572 6.48154 18.6639 97.0426 136.391 106.347 18.0894 66.3643 0.00999445 53.2792
-67.3954 0.813583 11.807 12.6475 4.40472 4.04301 33.442 76.6399 4.74607 5.0752 8.12629 34.9908 33.0837 40.238 64.8263 79.3061 69.7863 22.9667 1.41383 62.9898 40.6422 21.1446 31.1912 27.2835 39.7818 178.183 75.4891 21.7659 24.0397 0.0156748 58.8095
-67.232 0.356682 12.6562 27.9609 1.57334 1.55349 20.2104 76.6399 0.653028 3.65767 15.6529 34.9908 26.9516 27.9568 63.2052 87.1404 61.1288 29.4541 1.41383 62.9898 74.033 7.16814 31.1912 25.8051 39.1159 178.183 74.0371 24.6898 43.2267 0.00706715 57.4308
-67.8527 0.0441293 12.6562 27.5765 1.57334 4.39119 15.7014 76.6399 1.37459 6.2065 12.7429 34.9908 26.9516 29.5452 48.4324 68.0981 61.1288 36.4001 33.141 80.4056 56.7086 5.76311 31.1912 10.9942 56.6534 178.183 94.686 16.2056 22.8204 0.0295387 57.4327
-67.3352 1.52748 9.91083 19.2886 2.77369 3.44313 15.7681 71.1963 4.45349 12.3769 19.6567 34.866 24.0189 12.3777 66.2576 77.1034 53.35 20.9031 66.072 64.3477 31.5839 4.4031 25.6017 9.36692 77.2098 156.389 62.9183 9.18421 101.927 0.0364311 62.1606
-66.8902 1.07716 4.96865 19.0764 5.78014 8.21151 22.8868 77.0904 2.34877 20.0339 19.6567 16.1483 23.8539 24.194 12.3924 94.3668 53.35 15.2394 76.1786 82.8878 38.7129 5.07912 25.6017 9.00827 101.309 173.207 28.0172 53.9643 50.6833 0.0364311 57.9861
-67.4616 1.10108 7.28531 12.9227 5.78014 14.0434 22.8868 90.233 2.34877 4.73752 9.33417 16.1483 23.8539 36.8066 7.21884 83.5411 64.1369 15.2394 73.1736 42.0056 71.0167 28.5345 19.9569 8.1711 97.7631 166.503 47.9453 62.3825 66.9405 0.0338265 57.9061
-66.9045 0.398173 7.13147 13.5066 0.628294 8.92845 30.5045 90.233 17.1081 4.73752 9.58502 45.3713 13.3546 31.9247 7.18788 83.5411 45.3736 34.0857 72.9672 19.7646 71.0167 28.2544 18.2314 12.3526 91.8249 149.466 47.9453 118.806 21.7478 0.0543052 60.1727
-67.4509 0.867541 15.5135 16.5028 4.15593 10.8035 17.5205 58.3006 18.3848 4.73752 17.2103 45.3713 10.9276 26.2507 21.172 114.545 51.3492 15.0656 73.8003 0.517398 82.1764 47.3109 1.78052 12.3526 98.5463 179.464 47.9453 64.8203 32.2742 0.036433 58.6311
-66.1449 0.306916 13.7739 24.5749 0.871774 7.03622 16.3266 62.2963 13.4846 4.73752 16.4883 51.4049 9.2341 32.0169 16.5178 36.8717 116.944 27.2376 73.0061 12.7666 79.2454 47.6446 6.36617 12.3526 85.1701 165.484 47.9453 102.306 35.4905 0.0399305 59.2693
-66.1449 0.306916 13.7739 24.5749 0.871774 7.27422 14.5093 62.2963 15.6381 4.73752 16.4883 35.061 10.7102 32.0169 16.5178 36.8717 125.454 21.3145 73.0061 9.3267 83.6429 29.4686 11.4637 12.3526 80.2843 136.568 47.9453 62.1773 65.2136 0.0399305 59.3713
-67.1124 0.126093 11.0185 24.5749 13.3445 0.306312 12.0867 62.2963 11.1696 19.1142 7.72397 33.3988 9.80265 35.5503 17.8764 45.3706 150.175 13.0682 75.3357 9.3267 52.0345 41.6264 19.9875 12.3526 72.1143 127.472 80.4495 161.095 57.2813 0.0399305 57.2825
-66.8601 0.137884 13.1734 17.4025 11.6169 6.84508 16.508 69.3288 44.2091 4.24405 7.72397 25.346 3.47929 27.2312 15.2068 35.3028 138.238 2.1983 72.3645 9.38857 51.5296 23.3232 45.7226 14.7375 82.1897 155.078 62.1199 125.243 20.1118 0.0328213 58.3551
-67.36 1.14206 8.11662 14.7524 11.3243 10.0939 16.8942 56.7343 24.7774 4.24405 7.72397 41.3253 10.0528 14.3229 11.6315 40.1136 147.8 36.192 64.5028 9.38857 55.2541 21.3329 62.1378 6.43774 78.2289 168.775 7.43371 125.243 26.0159 0.005378 53.6447
-66.6147 0.833428 4.60602 24.6301 12.5146 3.74398 16.8942 56.7343 26.0139 4.24405 9.74859 49.8133 12.9037 6.00394 7.65474 44.3594 139.793 32.6286 62.7673 9.38857 50.8514 19.0222 60.553 6.43774 91.0502 185.514 25.9197 137.866 29.2404 0.0180145 56.3151
-66.909 0.783692 3.85987 22.6422 10.5615 7.58606 14.3242 63.1537 25.6195 4.08049 2.47657 33.307 12.6059 12.4737 7.65474 39.1471 130.245 40.4982 62.7673 7.14792 56.0814 21.4014 57.0132 6.43774 91.0502 195.128 27.3253 160.982 50.5009 0.0731032 61.5472
-67.1137 2.96118 8.37851 19.6838 10.5615 4.8872 14.3242 61.341 28.0315 10.2703 7.50061 28.9184 16.2368 28.9876 1.5699 39.1471 126.338 52.8847 62.7673 13.8511 32.7895 23.8244 32.7316 12.579 117.314 194.239 23.5654 53.311 57.7721 0.0621975 64.1037
-66.7033 1.46507 5.72779 0.958738 25.2846 14.2875 14.7499 61.341 27.3823 0.998959 2.40538 29.4381 24.6673 19.1364 16.8155 71.4985 126.338 38.1945 62.7673 9.88526 12.5638 22.4758 59.7378 9.6448 83.0334 192.992 16.3528 81.9238 14.0576 0.0649657 60.2616
-67.8488 0.887675 5.20167 2.38264 21.499 8.03935 19.6476 61.341 26.7303 5.80107 11.6341 13.5224 30.0591 19.1364 16.5069 58.7509 126.338 40.4927 72.6172 8.3156 10.4637 18.9116 70.9135 10.5019 69.9003 189.629 8.1773 31.4348 14.0576 0.0649657 55.6997
-67.1545 0.536504 9.47958 2.22859 21.2674 3.65224 21.3009 36.548 29.7608 5.80107 19.1012 23.6845 44.559 60.6363 24.4711 27.9736 126.338 7.63236 77.0376 8.32339 23.6084 26.766 63.2647 11.2855 64.4697 187.75 5.64165 43.833 34.5624 0.0671759 55.1046
-67.4517 0.770231 8.97674 5.54576 27.6167 10.3681 11.0261 68.4675 13.0119 5.54059 12.8601 16.3496 35.5705 25.9312 24.1886 57.8381 126.338 7.40715 106.209 0.853314 17.5003 28.0157 40.9321 38.7663 58.7239 180.214 20.5561 5.13101 136.891 0.0782298 59.7093
-66.7857 0.0112665 10.3786 3.02697 30.323 12.3658 1.06049 68.4675 5.9044 33.5346 25.7823 16.2973 3.8942 40.0245 27.0958 56.6337 126.338 5.43965 106.384 10.4951 13.3551 26.7697 31.0528 20.9779 55.2643 190.347 25.6338 6.14152 73.2131 0.0710599 59.257
-67.0238 0.0112665 2.31076 3.02697 19.6646 13.6501 1.06049 68.4675 14.5212 34.0705 32.0199 17.7191 3.8942 40.0245 13.3894 34.8182 126.338 20.7837 116.952 15.4123 6.2535 32.7128 31.0528 29.9227 55.2643 182.93 19.5135 6.14152 36.2433 0.0152964 55.376
-67.0238 0.569516 4.25694 3.02697 16.2601 12.6688 24.0214 48.0625 15.7617 31.4568 32.3915 9.31767 17.3934 40.0245 13.3894 37.9052 126.338 80.0677 40.3626 16.0384 7.6244 18.8161 22.2844 18.97 94.8072 194.319 26.5196 40.8696 80.8637 0.0398493 55.67
-66.7954 0.352417 9.35416 3.02697 11.607 15.4726 25.5385 30.5048 15.7651 25.0212 32.3915 11.8117 20.5695 40.0245 22.8895 35.304 145.366 74.0275 40.3626 20.6111 1.02116 13.7807 5.18416 38.2317 90.4022 219.151 40.4988 57.5378 85.0819 0.0594403 57.5129
-66.2356 0.448614 4.91287 14.933 16.6022 7.48135 17.0572 35.0268 17.0846 25.9413 32.0561 11.4798 24.3182 40.0245 36.1194 36.4435 47.4793 113.709 48.0919 26.0444 25.4296 15.8553 14.5446 44.7525 96.8204 65.8875 153.035 26.9758 134.89 0.111487 60.6927
-66.2124 0.545364 3.90507 16.7291 18.451 3.74243 20.633 31.9964 15.2572 23.9502 2.69463 38.8365 22.184 50.4116 35.3667 34.7425 53.7913 113.709 34.8332 22.2047 19.7079 21.4014 13.5909 43.3466 95.0374 110.979 183.395 41.8868 199.987 0.0436859 61.1966
-67.491 0.721288 2.32208 9.62278 22.8181 7.0609 17.19 30.968 2.97885 40.1903 8.15831 27.6937 26.1899 40.5896 28.1785 31.6899 74.1207 155.807 34.8332 15.2561 27.6846 29.7363 13.5058 25.4483 79.5755 57.8882 174.824 22.6391 58.3004 0.0988298 56.5715
-67.491 0.232272 0.462676 12.1762 27.2449 7.94389 15.0835 27.1162 2.97885 52.1452 4.08638 26.4499 32.896 40.5896 15.3045 25.0953 76.7525 135.34 57.8106 15.2561 18.111 29.7363 10.3242 31.0214 96.3755 78.891 140.549 18.6875 26.6857 0.0670893 54.928
-67.4714 1.0301 4.60505 10.1508 31.7857 10.5602 3.411 34.5948 8.51858 43.6381 9.39854 24.1067 18.49 40.5896 26.4011 25.0953 70.75 135.34 63.2201 15.2561 11.566 24.5336 10.2211 8.96038 129.552 77.8997 172.506 5.54759 47.1249 0.0703791 54.8677
-67.6809 0.149855 4.60505 9.13092 31.7857 8.83939 3.48864 34.5948 23.2629 43.6944 11.9599 21.1525 30.6546 40.5896 20.5174 9.89985 78.299 135.34 53.8688 27.0094 10.8047 27.9041 17.4552 17.2883 100.084 149.279 72.6308 5.3464 53.7824 0.0764075 55.3422
-67.2489 0.0555045 11.5645 5.79698 35.5176 5.48664 5.23142 34.8838 19.4782 41.0294 29.6339 20.2579 6.96073 39.4863 46.83 28.9256 78.299 86.9202 70.4954 18.0875 9.05329 16.8651 8.70668 10.4417 123.743 148.981 67.2985 73.538 1.85699 0.0890122 57.2244
-68.1986 0.220152 11.5645 1.31622 35.5176 6.92347 4.11524 37.7249 19.4782 40.6396 29.6339 18.905 3.21928 37.5753 42.6326 28.9256 91.5421 88.2946 70.4954 13.5721 16.8813 11.4568 16.7065 78.2249 45.9307 128.515 64.6658 3.04023 133.054 0.0890122 58.7589
-67.8968 0.374414 11.5645 1.75666 35.5176 7.15683 5.59076 30.9604 14.7001 39.9988 29.6339 19.1689 3.21928 37.5753 42.6326 32.9858 91.5421 85.1666 76.0528 11.9516 28.5767 11.4568 14.9338 82.7568 41.4673 121.572 99.6256 14.4846 48.669 0.0655829 52.7112
-67.8567 0.873706 10.7902 0.700175 24.6053 13.3341 10.5423 26.5214 13.1966 54.3184 43.8953 17.4297 7.82247 35.0282 48.3755 53.4507 61.8151 88.6932 50.8618 6.19049 10.4908 12.6783 43.08 82.7568 65.3649 105.836 96.379 2.74428 82.3366 0.0267586 55.6764
-68.4891 1.1635 14.7637 0.700175 29.4335 12.6092 6.83063 11.0839 27.2129 46.0025 28.524 16.852 7.60642 8.19376 49.1147 47.8003 79.1431 68.7139 69.9845 6.19049 21.5687 7.85863 41.7161 49.8175 89.6579 105.836 156.481 28.4564 11.0362 0.0174379 54.6042
-68.5635 1.64819 11.2883 1.76916 29.8127 12.1998 4.72858 19.4143 28.2086 35.5393 28.4152 14.0849 30.1484 9.93416 81.6622 49.6029 87.2795 68.7139 50.5118 0.158812 11.2338 7.85863 41.0981 63.3493 78.9033 56.073 174.091 34.0748 7.63898 0.0117297 54.1925
-65.9926 0.678466 9.86958 0.0632038 23.6501 14.6167 11.5567 15.5733 4.31261 35.5393 38.4576 15.7737 26.1966 15.3505 91.2058 49.6141 65.6794 68.7139 75.1944 3.52907 20.2372 7.57588 40.321 31.5234 87.9002 56.073 237.9 8.79741 15.5485 0.011687 57.5819
-65.9926 0.125574 9.86958 2.50632 23.6501 14.137 15.5834 10.1125 27.8788 59.702 38.4576 13.7506 15.9045 12.9503 91.2058 49.548 53.6814 18.945 110.065 4.51728 15.025 7.57588 40.342 40.2384 99.868 49.5594 158.794 16.8011 23.7937 0.0199691 56.3785
-67.3384 0.568433 10.8682 0.84496 7.67918 23.0501 16.3432 43.4777 27.8788 43.6841 0.158872 17.7667 20.5417 21.9284 89.5482 50.7752 34.5058 49.6396 111.847 9.50214 9.06053 7.57588 37.4278 37.6783 139.05 100.668 65.2376 20.3126 7.12021 0.0130134 55.8927
-67.7124 0.156527 10.8682 1.23493 21.6436 9.84279 19.7278 22.8422 7.35361 50.6156 26.6071 11.9534 17.9907 53.6991 88.4843 35.1076 35.7772 23.9567 106.01 5.89881 29.0116 46.0731 17.7345 57.6627 104.105 94.9413 70.8645 23.283 14.3758 0.00937873 55.3497
-67.828 0.0432734 9.60214 2.11641 18.3017 13.4054 19.3596 43.3834 7.35361 50.6156 23.1615 4.99548 17.9907 53.6991 76.4174 47.5401 31.4517 23.9567 129.421 2.11849 28.0011 35.7852 5.41925 71.2422 104.105 94.9413 42.321 21.6095 14.3758 0.00866881 56.2739
-68.2967 1.5732 14.4716 1.74068 28.0339 6.87037 9.33084 50.1994 6.61687 51.7919 12.6067 9.40004 4.14746 48.2416 74.4664 36.066 18.5271 23.9567 149.162 23.304 18.8895 32.4935 6.36842 88.8286 104.105 81.7166 14.4832 47.0247 34.4372 0.00968472 62.8006
-66.9945 1.38455 12.5663 1.74068 28.0339 6.87037 13.135 41.2817 6.61687 74.2645 20.2408 6.73863 7.70305 43.9113 70.5079 27.5347 28.1108 38.4226 157.074 22.501 26.856 0.202044 0.36708 80.5182 11.6662 137.445 106.684 54.9694 13.3555 0.015046 58.5325
-67.5649 1.83916 11.5542 1.74068 28.0339 2.54217 16.3008 32.4756 6.61687 74.2645 20.2408 5.5807 2.83338 42.8458 52.2782 39.5637 28.1108 38.4226 157.074 35.8985 27.5684 7.75395 12.8704 65.6876 12.3579 138.44 89.7138 54.9694 12.5768 0.0391407 59.918
-67.5856 1.38809 5.21848 0.112432 31.0374 2.54217 16.3008 23.525 26.616 74.2645 28.809 5.65506 0.992546 38.8296 48.0623 39.5637 26.0253 47.6816 157.074 20.3501 27.5684 23.4686 7.20898 60.6632 10.2658 181.639 68.0664 54.9694 12.5768 0.0970359 62.0641
-67.9595 1.1447 6.05323 3.48677 31.0374 2.07443 14.4587 23.525 26.616 74.2645 25.4837 5.65506 1.81257 38.8169 63.4074 39.5637 28.1384 42.1321 146.102 10.4358 19.6224 31.8804 7.20898 59.1402 10.2658 181.639 79.0917 73.4272 39.2839 0.0970359 58.7921
-68.195 1.29556 6.05323 14.1483 25.2094 0.857105 11.5808 25.9857 37.8188 40.7261 20.5199 7.30433 22.3622 42.6438 63.4074 53.2873 15.8173 25.884 152.506 11.7173 18.7709 31.8804 13.3332 59.1402 30.6407 167.399 56.7271 173.541 16.7547 0.0634827 56.9017
-68.195 1.27893 6.05323 9.96834 24.5034 2.21452 13.3504 25.9857 37.8188 46.6306 23.7868 7.30433 22.3622 36.7284 63.7958 53.2873 15.8173 25.884 152.506 14.1781 17.7647 31.8804 6.90213 61.038 30.6407 195.05 63.3125 81.3094 16.7547 0.0707845 54.5839
-68.1587 1.19952 6.05323 9.15591 24.5034 1.01359 18.0916 25.9857 31.0602 42.2553 29.8725 7.30433 24.9949 40.0876 63.7958 53.2873 7.02456 31.7934 152.506 14.1781 10.4485 35.9472 6.90213 76.7072 9.03396 195.05 75.6717 81.3094 16.7547 0.0705358 56.2375
-68.2998 1.13632 2.61355 11.1866 24.5034 2.03433 18.0916 25.7688 31.0602 31.3883 38.9771 8.64437 12.5817 49.7599 63.7958 60.3749 5.30612 31.7934 152.506 14.1781 12.8067 35.9472 13.525 54.7633 32.8667 153.864 80.2097 10.2871 35.3994 0.0707216 53.8208
-68.4427 0.900161 10.2516 12.5449 11.9927 2.23611 31.2098 25.7585 22.2663 39.9655 27.4048 8.64437 10.6793 47.9227 45.1278 61.6326 10.1509 50.4136 152.506 9.93047 12.8067 32.0952 7.16936 58.6628 35.4999 159.046 80.2097 10.2871 59.1081 0.0661598 55.4112
-67.9052 0.517912 3.70763 10.7226 16.2137 8.29445 24.6256 25.7631 22.2663 36.045 27.4048 8.44247 14.9158 64.5954 22.0233 65.0226 27.2462 50.4136 152.506 17.5609 16.3739 31.2609 2.91583 62.2031 37.5783 159.046 64.3765 19.4936 80.9481 0.0671986 56.1686
-67.9052 1.11905 2.79336 21.3285 12.2988 0.153831 28.6176 26.0811 22.2663 36.045 50.3207 11.1833 10.3838 45.8687 38.0358 24.7808 39.8588 52.5175 134.532 22.4576 14.1583 34.3851 22.5037 52.9408 28.9424 181.092 34.0679 18.4287 97.4439 0.0595161 59.178
-67.8913 0.364368 8.46704 22.2847 11.2763 2.83442 10.8845 26.1734 25.3823 30.3346 34.1322 13.1612 30.1604 37.4542 32.0777 42.6572 22.5138 38.8397 145.578 16.9714 12.2641 30.9994 28.7861 75.5702 32.1407 181.092 49.9996 42.0995 99.353 0.0595161 57.8417
-67.8748 0.765008 8.24522 20.6509 16.5161 4.18194 10.7659 11.9644 10.8299 58.4669 21.2629 26.9497 20.1171 26.1997 61.5848 36.4558 35.4138 54.3275 127.891 17.1206 6.87627 33.074 4.54075 82.523 53.0885 181.273 37.6852 39.3588 30.0783 0.024498 53.8981
-67.918 0.773209 4.1216 19.4479 24.908 3.64387 9.88946 17.3341 10.8299 58.4669 20.7272 26.994 15.0872 26.0708 61.5848 36.4558 39.3186 61.2132 54.6991 18.219 8.21297 21.9492 99.7563 72.357 38.7334 180.207 62.3239 17.6692 44.4284 0.0154815 55.0248
-68.0234 0.859709 3.6962 23.385 22.0867 2.09077 10.6297 9.65033 5.22725 58.6031 19.8394 38.477 16.5825 34.2983 75.1362 36.4558 43.9902 39.3796 50.6116 19.2942 7.76487 32.4347 84.4771 55.7093 48.5793 143.566 128.997 128.462 50.4494 0.0114734 57.8272
-68.6512 2.2182 1.18332 28.2359 13.7808 10.5196 10.6297 11.7401 13.9501 41.5657 6.19344 57.7737 28.6924 24.6251 75.4139 50.0016 61.3199 35.5374 37.1959 11.0013 22.5385 7.7213 84.4771 72.4759 35.7768 177.155 84.0443 94.5743 13.6452 0.000626181 57.728
-68.3282 1.6717 2.79431 28.2359 11.1438 7.5517 8.07417 9.55578 6.9886 42.9762 17.132 36.389 50.0921 29.8987 126.027 60.5033 79.4189 34.8293 1.00135 6.76705 16.9959 1.03359 49.0651 70.8587 50.7602 130.709 108.22 17.1374 45.2169 0.0245874 56.1527
-66.8036 0.591222 5.37871 27.2323 11.1438 11.1809 8.07417 9.55578 7.80431 41.4347 20.842 36.389 44.3566 32.8728 126.027 55.6272 79.4189 31.0872 13.7357 6.13 29.1205 4.58403 34.7719 71.1904 50.7602 124.218 90.712 17.1374 41.5492 0.0189021 48.7111
-66.8036 0.617688 5.70738 27.2323 12.393 13.0277 5.09607 2.60384 9.13055 41.4347 26.0254 37.2068 40.0848 32.8728 126.027 55.6272 79.4189 34.1147 6.99441 16.706 29.1205 4.58403 32.4576 72.3444 51.7319 124.218 84.6309 17.2351 41.5492 0.010026 50.9057
-68.5526 2.14656 2.79138 28.2616 11.4767 4.38684 7.57491 2.60384 9.13055 49.7259 31.8136 25.185 36.9105 48.9535 112.601 55.6272 85.3523 30.8812 22.5504 29.9081 4.16136 16.3631 17.4869 60.8958 45.3744 150.326 51.1917 72.7833 31.3126 0.00114662 55.225
-69.4675 2.16933 3.21027 27.7238 11.6096 8.2923 12.1768 2.60384 8.53639 49.7259 31.8136 15.0963 48.0638 49.666 112.601 36.5202 85.3523 37.2849 25.9805 36.5044 4.18634 3.12205 21.9103 64.1183 52.741 164.446 48.4045 70.5701 32.608 0.00182746 54.018
-68.6042 1.58864 1.54972 26.1661 12.5855 8.2923 13.1579 2.60384 10.0282 56.5839 37.2543 14.3463 36.9092 37.0135 115.08 60.4315 78.0965 49.4526 21.8922 34.5096 3.52378 3.12205 27.0171 38.9873 50.0104 163.038 35.6298 57.1527 30.441 0.000641357 53.4307
-68.5686 1.24624 3.68553 26.1661 12.5021 4.82237 11.1246 18.1962 2.3654 56.5839 26.5147 12.6317 36.9092 34.1809 135.636 55.0444 44.3262 45.4546 39.1092 29.6558 5.97385 8.56513 33.3042 34.958 77.0198 176.626 38.6413 47.9431 42.8555 0.000859608 50.0652
-67.9928 0.53883 3.68553 26.1661 13.627 4.82237 10.8485 22.6777 2.3654 56.5839 27.0643 14.6948 24.4326 40.2104 135.636 90.5368 44.3262 11.3877 54.6464 20.6772 7.98621 1.08002 49.3231 34.958 64.2137 169.178 27.946 56.1276 54.9612 0.000315144 52.433
-67.9928 0.64872 5.3848 22.1766 12.1988 5.37089 10.4735 22.6777 2.3654 63.5892 24.2188 8.79758 29.9599 24.5388 129.739 90.1091 31.1343 25.5776 49.2101 17.6826 7.78302 10.5746 47.7235 55.1609 56.8662 162.619 43.2206 55.6718 85.7284 0.0009871 54.379
-68.0328 1.56795 8.34822 22.1766 13.9661 5.37089 10.9893 22.6777 8.96224 63.5892 20.634 10.6039 25.2271 29.2956 128.644 90.1091 34.0384 16.0155 49.2101 19.5641 9.73475 10.5746 47.7235 52.2104 47.1844 154.576 96.1471 51.7349 46.8958 0.000880939 50.6539
-69.2745 1.91381 8.76518 14.06 21.6722 8.99759 11.7082 23.6269 8.96224 51.7005 27.2198 11.2037 21.4487 26.5622 128.644 90.1091 35.679 14.083 49.2101 21.6985 8.92065 15.6229 50.386 52.2104 42.1367 165.286 78.5235 88.4154 63.5997 0.00147271 55.767
-67.7264 1.19576 8.64435 13.0771 22.1183 5.28979 6.48119 22.6943 42.2735 44.5523 9.78731 13.3025 20.3419 31.4065 117.251 35.9527 35.1934 32.0046 69.0229 19.801 8.92065 9.49545 61.4458 53.9432 60.5312 150.288 104.68 114.613 82.2015 0.000694384 53.9407
-67.1861 1.05148 7.92413 18.1785 22.1183 4.22312 12.9483 12.961 44.2304 26.7643 16.5869 10.8294 22.9812 29.6419 117.251 35.9527 29.5611 35.8451 74.2289 30.8474 7.62255 38.634 47.7463 42.2885 58.6395 129.019 108.997 71.809 53.8315 0.00263876 51.6783
-67.5762 1.31278 7.59789 13.9694 20.5228 10.1374 9.98782 5.52019 50.8759 33.1045 15.9986 22.0109 8.48112 12.1636 141.242 63.7518 15.7624 24.0983 56.646 46.5375 10.1506 27.4102 24.2981 62.812 46.0384 128.544 129.108 52.7418 199.171 0.0106448 58.6354
-66.9137 1.25135 3.78834 19.5587 17.7853 14.2164 8.11767 4.72465 25.2364 61.1637 33.4907 24.5822 6.0586 35.1888 117.785 63.7518 19.4163 18.7898 53.5453 46.5375 7.16951 4.26559 54.5042 57.5468 51.7531 138.281 53.1452 30.0571 6.64139 0.00969853 52.9064
-66.9392 0.499114 4.44228 21.9019 17.7853 11.266 8.11767 3.7548 6.78242 61.1637 37.9284 24.5822 15.8759 21.7452 121.489 22.3955 19.4163 26.336 103.893 33.1382 19.001 4.80595 46.5217 57.5468 51.7531 153.551 17.8463 70.5043 36.0547 0.0146079 55.0415
-67.5923 0.308647 8.60907 15.8509 20.6132 8.55531 8.27753 3.84778 6.78242 61.1508 38.221 24.37 7.48488 9.23577 126.879 24.318 22.2282 12.8541 146.975 21.6616 17.0964 6.08944 46.6476 13.362 93.0172 156.41 43.7729 34.5378 74.8413 0.0198445 54.5176
-68.0885 0.626527 8.88626 17.875 20.5738 9.33575 4.16021 3.84778 6.78242 61.1508 41.4858 24.9874 2.66074 34.9947 126.879 22.8855 22.4399 16.2575 146.975 9.10512 15.8034 3.70167 45.9618 12.8328 85.5662 157.215 43.7729 13.8311 81.8334 0.0276884 52.9652
-66.5143 0.626527 8.88626 17.1682 21.6635 8.6369 5.88538 9.16305 16.3084 40.8961 29.2155 28.7669 16.1533 34.9947 79.0188 20.91 0.489749 32.2832 146.975 16.249 17.5316 3.70167 98.9928 18.5918 85.5662 170.105 43.7729 24.8475 110.121 0.0619511 62.5133
-66.7481 0.145389 3.52455 16.6833 20.941 11.256 4.4528 36.8875 14.8901 31.0108 16.269 25.7345 22.2205 39.0001 55.621 18.2695 0.489749 43.0432 157.326 26.1975 16.2676 2.78352 98.9928 23.3835 51.8106 170.105 25.1544 49.5418 104.192 0.0144417 58.4096
-68.8339 0.77625 8.58809 24.4622 15.9618 14.2527 2.02189 31.4024 14.3892 32.5282 16.269 25.7345 16.38 18.7473 55.621 9.88212 0.489749 50.2667 183.771 63.0421 16.6635 4.88716 48.335 8.40709 54.6733 170.105 25.1544 20.0154 111.728 0.0276007 63.6145
-66.9424 0.706017 8.7114 24.4622 15.9618 8.36824 1.78729 2.86263 14.3892 31.3462 55.205 21.2082 16.38 18.7473 52.9485 6.8543 0.489749 58.9438 183.771 63.0421 27.3105 9.66411 48.335 7.50566 65.4908 173.206 25.1544 20.0154 111.728 0.0263264 56.4912
-67.3726 0.157568 5.82437 24.4622 15.9618 11.6953 1.04492 2.86263 15.9715 31.3462 55.205 21.2082 19.2866 18.7473 59.2742 6.8543 0.489749 58.9438 183.771 63.0421 31.5534 9.66411 39.9464 7.50566 65.4908 163.324 60.0059 20.0154 1.89514 0.0305587 57.5516
-66.3101 0.512177 5.82437 31.1077 10.77 11.2253 2.44681 2.79978 23.21 34.8104 38.9391 41.1251 15.9879 6.33645 33.7453 6.8543 0.489749 77.0371 183.771 44.5433 47.9696 17.3313 27.9902 36.856 43.736 139.741 60.0059 35.1287 15.2209 0.0171881 56.9592
-66.323 0.489928 4.446 22.2214 12.0851 9.25122 1.78637 6.07284 28.7722 35.5416 38.9718 27.3663 16.2448 18.444 21.8845 9.06556 11.4317 77.0371 183.771 43.4272 60.8344 0.520032 32.7802 16.6972 80.2064 139.111 60.0059 35.1287 37.432 0.0176004 57.3984
-67.0408 0.31135 5.63249 22.0378 12.6725 10.1251 7.42486 7.90655 21.5052 54.9853 24.5739 24.3947 9.47975 18.444 38.6635 7.47111 2.76012 82.6254 164.135 26.0939 41.4484 12.5553 38.4214 21.4162 94.3567 154.925 91.3165 39.5353 1.40206 0.0272291 56.2819
-67.6928 1.00031 7.73675 22.2078 15.4716 13.16 8.3993 8.21407 39.2688 54.3885 25.9965 9.43983 16.5945 18.444 36.5565 10.164 2.76012 82.6254 169.548 16.7265 58.4925 12.5553 38.4214 10.8461 79.4034 138.159 117 43.3203 68.2401 0.038596 57.4601
-67.1343 0.153765 9.61734 21.4795 19.8774 13.16 4.26611 12.9345 16.716 75.2449 26.7953 12.0576 12.3735 42.9527 49.5822 4.78827 2.76012 86.7207 135.556 20.892 58.4925 10.7506 37.5423 10.8461 79.4034 86.4624 154.247 38.724 68.2401 0.0125657 56.7072
-67.7567 0.153765 8.89647 28.1516 10.7374 3.10281 8.37271 19.0937 13.8304 75.2449 25.5386 10.2795 11.7329 11.9445 52.4042 4.78827 2.76012 86.7207 115.198 47.0975 84.8571 9.1024 34.5659 12.0742 92.0224 75.6749 155.064 80.1503 103.922 0.0312879 62.9855
-67.6492 0.247204 10.2321 36.188 13.094 3.10281 6.73839 21.1887 18.2686 39.3175 31.8295 15.1187 9.46378 30.1638 60.2993 6.50659 18.748 87.894 87.9631 45.6794 66.8251 2.52276 40.1103 23.8292 84.5 74.4586 165.134 98.2624 130.99 0.0253951 62.2183
-67.6301 0.292993 10.1891 33.7643 12.2267 1.89408 2.04105 38.4229 9.53358 46.1279 36.2731 15.1187 10.2933 40.0106 38.8038 11.4337 18.748 113.129 81.8385 2.54444 66.8251 2.52276 26.7481 22.0349 108.406 86.5184 170.741 120.685 87.9372 0.0231197 60.1318
-67.5913 0.459045 6.70654 33.7643 10.8152 2.41223 6.13193 33.955 12.1818 55.9472 23.3755 1.91285 10.6624 51.1784 38.8038 70.323 18.748 111.606 58.4351 2.23447 56.1098 2.52276 18.5873 17.1198 108.406 76.9636 130.955 78.2859 94.6749 0.0238171 61.8468
-65.5168 0.68202 4.32325 33.319 3.7387 12.5971 9.99499 51.2598 12.8639 38.3324 33.5853 4.21927 10.6476 38.114 38.8038 35.2384 10.2574 132.663 70.4596 4.84323 56.1098 24.796 31.0067 7.3992 96.1407 92.0374 113.341 58.5203 41.3461 0.0154747 58.0084
-68.1395 0.118455 8.31127 38.9714 0.973876 3.61946 9.60555 50.2589 33.1041 24.9135 41.8471 6.96071 1.07522 53.5631 1.43516 35.2384 55.8083 23.1704 122.265 4.84323 49.2571 46.3341 32.5968 16.5313 116.168 57.6127 113.341 52.6179 8.67073 0.0169696 60.763
-66.9639 0.243724 6.94497 38.9714 5.43922 3.61946 13.2903 12.2963 33.1041 28.405 17.8177 18.6949 22.5643 45.5074 9.2142 40.7059 75.7118 33.3435 142.377 1.62884 53.897 8.32052 32.5968 10.0273 119.043 104.864 121.644 134.902 0.175683 0.0167684 58.7793
-66.9639 0.923866 1.4098 32.8923 0.366571 3.61946 21.594 7.18322 48.6605 28.405 17.2371 27.7185 23.2741 46.9774 3.51023 35.1525 61.6162 43.1072 114.582 8.33915 40.2456 9.44185 34.9806 17.6015 137.278 114.896 75.1124 66.4411 15.9273 0.0110738 58.9091
-67.0847 0.552911 1.4098 35.8005 0.366571 3.61946 21.594 28.9049 28.0673 28.405 23.2862 28.4121 23.2741 46.9774 3.51023 50.7288 55.8681 5.95403 150.841 8.33915 44.1186 9.44185 52.3342 9.22224 108.269 74.6392 20.3489 36.3414 23.8149 0.0150971 59.3034
-67.3359 0.166465 1.4098 35.8005 0.366571 7.59045 16.0761 26.5242 23.806 41.2561 13.8346 25.1099 23.2741 46.6051 3.51023 79.393 60.9434 12.9412 160.032 8.33915 22.1479 9.44185 44.3729 12.0584 89.2598 131.085 39.6733 20.1798 29.623 0.00258162 53.9761
-66.9911 0.925968 1.4098 33.8051 0.366571 4.74844 17.0575 21.7267 27.3887 41.2561 20.4604 25.1616 17.4515 40.8984 3.51023 79.393 58.3449 23.9328 152.741 8.33915 22.4638 28.8286 36.3657 13.0572 53.829 133.312 69.2536 96.4286 42.8403 0.00394454 56.6831
-68.0573 1.76844 2.13271 33.8051 4.48879 5.52013 17.0575 28.781 27.4303 41.2561 24.7503 9.37875 19.6427 56.4982 7.43864 63.4415 53.9275 23.9328 152.741 13.671 38.98 5.6417 38.7731 15.9759 52.7202 161.225 61.2186 132.936 60.127 0.000463021 53.7516
-68.1807 0.949374 3.63115 31.3051 5.40895 6.35318 22.9499 29.466 17.0661 22.973 24.7503 14.2424 15.1063 76.0093 7.43864 63.4785 48.3458 31.0972 154.114 17.4165 24.2155 29.6588 24.7553 20.054 56.8309 154.517 64.0958 105.546 38.8191 0.00353045 56.0172
-67.8465 0.837987 1.45845 19.008 5.85309 5.94992 32.0875 30.0403 22.7698 20.5387 22.3944 16.332 17.9268 71.563 9.1082 67.8635 41.91 32.2512 154.114 42.5598 17.2518 16.2028 30.1723 13.361 57.0596 159.415 94.7414 22.3814 59.6548 0.000594584 53.1666
-67.397 0.566448 1.45845 16.9707 7.11809 5.52897 32.0875 21.5472 19.1795 18.0135 38.9725 18.0218 24.4211 63.9115 18.6189 59.3491 56.0948 16.2388 152.132 35.0884 11.1782 25.3512 22.8477 34.7839 55.6633 140.777 89.0793 42.9025 36.3919 0.00218094 49.151
-67.503 0.599655 1.4843 18.1623 5.32087 5.87765 38.5443 24.4559 17.0173 22.428 56.6576 26.5996 27.6388 48.4779 109.454 12.5519 51.4065 46.4545 51.8454 33.757 1.13819 41.6089 6.38242 9.5568 106.641 140.777 65.3142 124.659 34.0644 0.00621571 54.9016
-67.6576 0.897509 5.55822 11.249 8.30721 1.92308 36.4451 17.0154 16.4934 15.1147 35.3078 46.7562 14.1298 58.9843 96.1633 42.3666 39.4791 37.7583 56.8318 15.9762 2.31873 76.1713 27.3206 6.18039 87.2153 108.965 62.7082 57.1295 45.3616 0.0106668 54.0235
-67.937 1.3035 10.8791 20.2826 13.6551 3.72024 18.6144 8.95526 14.0535 12.9614 36.6355 66.6314 9.49052 87.4132 98.8972 24.0112 44.1201 27.4746 63.3225 8.59051 1.36287 71.8687 30.4245 0.931484 91.0503 145.88 30.2383 135.141 15.9264 0.00576597 55.5562
-66.5103 0.658765 18.2207 2.77002 27.343 11.0936 7.52475 25.4339 11.8429 26.5111 40.9361 63.8397 5.89335 104.067 77.8977 13.4971 41.0016 19.1252 40.8327 30.733 11.469 67.9614 29.7377 11.8212 29.0886 222.046 43.9345 89.5404 59.956 0.0014966 60.1197
-66.7171 0.565206 10.4812 5.07384 33.04 5.82409 9.18788 19.7251 35.0386 16.5193 43.1736 18.3891 27.2607 141.79 51.731 20.0559 40.4602 19.1252 11.6552 30.733 10.8049 67.9614 32.0934 22.1642 47.2888 228.554 41.1531 70.9257 25.7797 0.0014966 53.0481
-66.6378 0.558061 10.7185 5.07384 23.6507 8.00277 11.0501 22.3838 7.20544 17.6444 57.9095 11.5593 27.2607 141.79 120.408 29.8001 42.4304 19.3509 3.1678 27.5795 5.08518 52.0909 8.95676 24.4255 90.7778 120.92 50.1083 108.888 26.8513 0.000455731 51.9217
-66.6668 0.535318 7.52319 5.07384 45.3403 7.44823 1.99458 21.5578 7.0681 6.96331 35.5865 26.3425 36.435 69.9406 109.136 71.2329 42.8862 19.1019 3.1678 26.285 3.38191 28.3219 12.043 113.028 87.6676 90.7867 83.9131 33.4963 60.9665 0.00585694 56.6113
-65.6436 0.188744 4.20286 5.07384 45.3403 7.44823 2.16598 40.344 7.09182 3.90713 38.3344 26.3425 42.7326 128.763 35.6707 50.9775 45.267 70.754 5.54787 30.3279 2.50701 28.3219 7.741 56.9924 98.2226 105.863 22.7963 87.3063 10.0205 0.00152962 55.897
-65.8962 0.0217812 7.52518 5.07384 40.7376 7.44823 4.31248 41.3506 7.09182 3.90713 38.263 26.4767 42.7326 128.763 35.6707 50.9775 44.469 66.9946 5.54787 35.1807 7.95089 20.5001 7.741 82.3481 43.549 93.2334 148.36 5.31095 44.4842 0.00152962 53.7034
-67.4702 0.320265 8.37311 1.22869 42.8639 5.89214 5.74051 26.3357 4.91188 7.59603 36.4876 21.9008 39.8514 132.01 40.1272 55.6517 40.4582 66.9946 15.7454 41.4418 8.63547 20.5001 4.39284 87.5704 32.2609 119.499 155.412 41.1385 3.45458 0.01322 54.9053
-66.9789 0.695494 9.47851 1.89068 41.5036 7.80626 6.00645 20.671 4.93253 4.11798 37.5307 26.96 45.0639 132.01 51.7574 42.9248 54.3626 54.4084 20.0117 40.8357 8.6345 12.5423 7.16336 87.5704 28.7798 99.0579 148.231 20.2444 26.7547 0.0114886 51.0213
-67.7746 0.950803 1.88575 3.82307 44.819 9.42868 6.23958 18.7552 8.59741 4.11798 31.5221 35.1619 45.0639 125.194 51.7574 42.9248 54.3626 54.4084 23.707 40.926 13.5882 8.21538 5.09704 87.5704 25.3428 95.3318 168.288 19.55 18.6762 0.0142827 51.9728
-68.1127 1.78984 0.848362 5.72412 44.819 9.41188 6.7296 8.10256 12.6041 3.75245 32.0654 49.522 45.0639 125.194 42.5375 59.0347 33.4851 56.2457 23.707 39.0809 8.2996 23.7499 11.5795 72.0875 28.734 91.104 221.13 23.5916 3.16859 0.0128266 57.2533
-68.1167 3.56435 9.44221 13.381 31.2754 2.57207 5.55632 18.9205 8.8174 3.75245 19.2943 44.5144 52.3397 125.194 42.5375 47.1687 39.9264 69.1052 23.707 38.1114 9.63909 20.3684 0.155943 72.0875 28.2001 81.085 261.157 32.5098 1.90132 0.00659401 63.6513
-68.3112 1.59826 9.44221 8.34137 24.2855 10.857 3.35205 20.9534 32.5164 10.3693 39.9462 32.3017 49.2464 125.194 36.2041 37.5697 34.4741 66.6584 23.707 38.0193 25.3262 14.1921 5.53713 41.2741 77.244 53.0672 203.23 25.1548 46.1679 0.00139244 54.3025
-67.2052 0.313689 5.67733 4.69869 20.8788 8.58604 11.478 22.381 13.5717 19.9388 46.5416 27.364 43.7573 124.565 68.0975 41.0265 17.0692 66.6584 20.1724 35.6944 9.71793 34.4112 19.1364 1.1515 92.254 36.1029 244.897 25.2389 137.291 0.00103038 53.8885
-65.9366 0.974858 5.67733 7.17428 20.0407 15.0598 15.8953 5.19581 19.0808 19.9388 48.1872 28.6851 54.4972 124.565 76.1512 63.999 24.4127 28.1425 3.17718 42.171 10.6681 14.3566 7.12774 51.714 92.7133 19.0757 258.437 38.2122 60.7625 0.000989846 59.2282
-66.2511 1.21 3.65287 3.1682 17.5495 22.2163 23.9915 11.0631 21.8754 13.8661 39.5409 11.2242 61.5393 106.199 71.1931 58.1672 35.7832 36.1283 29.9975 18.5612 16.604 10.6946 22.8368 24.0321 87.349 23.6277 316.304 106.545 69.1477 0.000562394 62.867
-66.5119 0.974341 5.60268 8.58147 16.1285 16.7233 19.1598 18.0702 19.3589 13.1987 24.0651 17.7833 47.8049 106.199 102.224 40.1407 32.9885 44.0444 35.0471 15.1973 23.2835 10.6108 48.4205 11.5189 99.0184 61.9021 138.389 3.69201 45.1713 0.00245658 51.2188
-67.872 0.385607 10.1431 9.94822 16.1236 3.07942 19.6917 35.0568 19.1832 24.6322 19.4384 8.63597 42.4512 107.474 116.993 14.4963 2.2061 57.231 41.9586 6.81297 22.7014 12.5859 59.9172 11.5189 95.0196 88.711 205.965 3.69201 45.1713 0.00240511 56.1011
-67.617 0.75501 13.1661 12.024 10.382 4.98117 21.2181 30.7603 12.5005 22.2503 13.3797 15.7579 30.1844 121.439 88.1556 21.891 4.10168 37.8754 41.2788 12.0075 20.9562 45.1282 67.1185 27.372 102.554 54.1397 150.955 18.7184 68.4165 0.00223879 57.2754
-68.0787 0.725086 54.2946 5.0167 14.3008 5.96734 21.9232 12.0488 14.0009 22.2503 13.3797 14.9726 20.9573 121.439 112.223 38.8985 3.73115 60.9215 30.5648 20.2855 23.3771 3.03901 67.5502 6.16162 85.0492 54.1397 157.377 32.7664 63.435 0.0022082 60.0625
-67.7792 0.904265 54.2946 6.83059 3.72809 18.0978 17.0821 0.655861 29.4817 27.5075 36.308 18.2357 11.74 115.773 98.2177 19.4046 9.11652 68.9414 30.6763 20.0404 21.7861 27.0769 13.7558 28.9986 78.9737 85.7011 167.252 32.161 0.658905 0.00211651 57.5601
-67.571 0.955286 58.2167 7.28918 11.3021 13.0553 10.1427 3.75527 17.0918 28.9745 23.1069 0.670729 43.0626 79.2142 85.7771 26.9089 8.84102 102.402 24.9411 21.4459 22.3821 20.4378 22.8306 25.8995 106.074 62.9484 184.417 42.7025 37.454 0.00180202 60.4457
-67.7387 0.534521 36.7511 2.39659 9.95837 12.6578 6.26824 1.85766 5.15166 42.8726 24.338 11.7379 54.418 67.2234 64.8097 68.4853 16.5861 104.829 6.85814 20.6058 23.76 24.8024 35.0283 16.1324 87.5487 74.0558 190.216 19.3814 41.5012 0.002085 53.4437
-68.5629 0.381435 36.7511 3.66978 4.57485 10.6572 3.6594 31.8116 4.97872 42.8726 27.5247 10.9899 29.1443 109.232 64.8097 68.4853 13.8462 64.5871 34.4735 23.8976 24.1814 24.1628 36.8295 12.8965 82.5651 51.4286 179.535 33.0859 49.487 0.00272428 52.036
-67.374 0.351983 17.3943 4.34807 6.48708 11.0233 3.67161 32.2672 16.7448 46.517 26.7632 46.534 31.6508 135.889 28.4049 70.3818 13.8462 49.9471 22.2659 16.1577 24.1814 23.3769 37.6437 7.4982 76.9328 51.4286 281.347 12.3288 48.2678 0.0116762 57.0894
-66.9998 0.172167 6.77226 4.35713 7.98858 11.0416 3.93734 34.0921 15.9636 47.4175 29.8137 27.7033 31.1698 135.889 28.4049 94.42 11.5237 50.8498 22.4105 8.18125 25.612 5.4186 40.2101 31.0499 83.4712 35.907 249.213 41.6682 45.5689 0.0125129 51.1957
-67.3858 0.172167 4.75485 14.6221 7.98858 8.91203 0.262452 32.7811 12.5146 50.8795 30.2543 28.8625 25.1375 157.374 28.4049 70.9702 17.3219 47.7243 31.4782 5.05964 27.0885 5.4186 45.9942 41.2445 83.4712 25.3261 241.365 38.6731 43.6787 0.0151505 55.5301
-66.855 0.248131 11.3352 10.7364 5.16682 8.51558 5.75468 27.8625 13.115 19.7836 33.8637 46.946 18.7172 157.374 62.0395 53.0495 39.5467 11.4142 19.8761 14.226 40.374 24.8696 31.72 35.3962 75.5081 25.3261 274.449 41.8904 40.7287 0.0153516 55.843
-66.9678 0.326314 17.2492 16.4563 2.11146 16.5307 5.8463 27.8026 15.7474 11.4794 30.7267 60.6844 4.23373 153.161 26.5 44.4618 48.6949 11.957 19.2503 57.956 48.3133 31.8574 11.6572 24.9902 66.0719 57.8998 237.598 40.9963 12.1011 0.00223746 53.2304
-66.7376 2.82126 29.8081 9.25722 6.11999 17.0865 2.24615 27.7766 25.2651 5.88729 24.943 87.0988 7.44746 141.997 26.5 66.9718 46.2762 6.06522 22.1933 28.0054 31.3853 9.84937 13.9059 26.9523 91.3132 104.254 125.831 116.506 27.3049 0.0117432 62.9457
-67.7438 0.59389 19.8331 9.95328 15.7499 9.32052 6.46476 27.7843 1.5896 20.2002 42.3405 45.8785 22.6037 119.166 23.6704 75.7403 44.9661 13.0734 58.9854 76.5128 6.94986 0.747446 14.5579 41.6926 55.6576 83.1915 116.062 168.008 40.1595 0.000626955 56.413
-67.6725 0.921663 13.3349 5.14039 28.2377 9.90085 3.3515 27.7901 4.39174 19.3191 52.0372 35.2365 22.8979 83.9646 23.6704 54.8647 36.6356 11.8615 59.2398 76.5128 33.9424 3.08162 14.9754 71.1248 69.6181 88.7512 160.181 184.566 14.8197 0.00387999 56.424
-67.3817 0.434414 13.0741 4.46605 29.1606 8.35409 12.2946 27.7995 4.39174 12.7449 41.8284 35.2365 20.3268 83.9646 28.6841 45.8866 67.3893 14.9796 83.3661 53.5637 33.9424 11.7802 13.9917 42.496 69.3811 107.353 160.181 151.337 2.94371 0.000637622 55.2102
-68.3222 0.36375 9.40863 0.00773609 25.5788 9.19036 22.4545 27.7983 18.6926 21.2558 38.3064 25.0002 8.88475 75.2019 28.6841 32.663 81.565 14.9796 81.5444 21.4538 45.9761 7.89443 7.83015 76.2994 61.574 108.148 128.077 105.566 2.32056 0.00433304 58.2831
-67.7441 0.22107 12.8069 0.854816 26.9467 1.02713 23.3062 27.7751 11.3488 14.8049 52.7915 18.1243 14.5292 89.813 19.399 36.1826 86.7706 16.53 79.9938 6.47198 63.0856 22.875 22.4258 55.9987 88.4842 114.687 108.409 271.393 42.5457 0.00461335 61.7258
-67.8833 0.519944 11.4291 7.23051 24.3541 1.02713 23.6 27.7538 15.5235 9.00686 56.1423 17.8023 14.6976 89.813 32.9353 70.4034 37.1124 2.35192 73.6022 12.0664 69.1816 25.2803 22.2565 79.1544 58.8828 46.7771 188.907 183.793 99.7947 0.00521675 62.5155
-68.1059 1.57122 8.24233 8.99294 24.3541 2.50505 19.3841 24.1875 24.4845 4.88557 61.0897 16.6988 16.1758 108.598 25.1377 108.037 27.0043 16.3487 30.1033 14.9137 39.162 20.5308 10.5047 83.0866 31.717 116.868 106.301 112.394 73.043 0.0371014 61.9331
-68.2228 1.3034 11.5091 6.29597 24.3541 2.50505 23.1163 19.2718 16.0338 4.88557 61.0897 20.3363 8.98217 107.133 29.6156 108.037 44.649 18.4967 30.1033 18.1324 44.277 20.5308 2.87196 77.248 46.8465 126.758 153.737 25.8244 125.611 0.0408504 60.5462
-68.1243 1.3034 11.9321 6.29597 22.6939 4.76441 19.8296 18.2511 23.1927 7.22218 47.5657 48.1393 11.1874 138.735 15.1962 108.129 30.7269 15.3612 34.9729 34.8917 39.1348 15.958 2.37968 51.6594 46.8465 93.3718 171.191 22.8932 178.635 0.0264358 58.6824
-67.386 2.27636 12.1048 7.36528 18.8366 7.83843 12.8703 20.7544 23.1927 7.22218 41.9193 51.6259 13.4042 138.735 15.1962 103.07 34.966 15.3612 37.0937 23.6755 39.1348 15.958 2.37968 51.6594 47.1701 93.3718 167.923 26.23 219.852 0.0142422 58.6752
-67.0811 0.355777 6.65547 5.80126 9.44614 24.1654 13.9299 16.1759 23.2036 11.9148 28.8897 51.6259 15.8547 140.486 15.1962 95.4358 30.8044 19.9816 59.3274 19.2328 35.1712 1.96744 8.42667 80.4919 30.7331 91.8857 151.611 98.3661 222.978 0.00478457 55.8505
-68.5592 0.923712 7.74116 5.11448 8.35993 22.4413 15.752 3.32606 9.27443 41.9562 34.5873 61.1664 9.81141 114.226 55.8465 40.5395 32.4579 35.7964 40.8013 26.1321 50.2263 18.9578 6.0565 88.3404 39.8603 67.9974 175.332 21.75 168.997 0.0119252 58.3924
-69.3465 1.40451 3.71555 7.80647 15.0485 4.42905 4.51365 3.32606 2.00351 45.2489 33.7002 61.1664 10.3054 123.54 51.1777 48.5126 31.496 39.9558 40.8013 20.883 31.9416 14.8948 2.88895 106.97 44.8192 50.9899 173.32 150.243 167.82 0.00716423 68.0195
-68.0866 1.71785 3.12242 18.4451 16.2352 6.88783 15.5112 3.32606 22.7033 32.2267 17.1673 50.8977 11.357 118.758 80.9118 30.3399 56.237 38.647 16.0727 24.1287 24.6351 30.3818 2.88895 103.824 40.1599 52.8875 139.095 83.1451 175.637 0.0100214 58.7731
-68.1662 1.49007 4.58126 17.9672 16.2352 8.12955 14.1366 25.6692 22.7033 30.447 11.3062 30.2361 18.5063 118.758 80.9118 30.3399 56.237 36.0146 16.0727 20.7194 24.6351 23.0736 16.316 95.5798 42.3485 90.2213 133.777 83.1451 2.49897 0.00934574 51.4823
-68.3895 1.66137 2.80341 22.3395 16.2352 8.12955 16.5274 22.595 23.2684 32.6335 11.3062 27.0904 16.397 118.758 80.7975 30.3399 49.0772 36.0146 16.0727 18.4899 28.2876 23.0736 14.6474 95.5798 42.3485 165.217 35.0951 102.808 15.4184 0.00934574 53.3907
-69.266 1.6568 3.26233 14.9462 16.8541 3.04412 12.4365 16.285 26.639 36.1204 11.3062 44.1961 16.397 152.024 75.8135 26.6568 27.5692 29.8193 16.0727 18.364 23.0803 29.47 21.1579 95.5798 37.9318 165.217 37.6433 82.9361 15.4184 0.00983942 56.3628
-68.3114 0.921526 10.015 12.4915 11.9411 8.64134 20.3071 5.39315 39.7905 38.0845 19.6941 27.4273 12.701 15.3476 59.8019 142.863 57.7112 23.9798 22.7903 11.4519 23.7594 31.2889 26.2376 95.5798 26.2145 200.392 44.7919 106.118 14.8149 0.0264207 54.6022
-67.3277 0.991185 4.35921 13.7053 20.973 6.43459 16.4158 10.937 41.7013 28.2546 22.4954 31.0897 11.6107 35.3162 59.8019 142.863 65.4169 19.1536 31.8057 33.2008 34.5311 1.93936 4.71187 28.7991 76.2108 189.53 17.4497 123.959 86.0889 0.0130988 51.431
-67.3277 1.01421 8.92242 9.5491 18.8723 5.06767 15.0204 21.4219 42.9834 22.0482 26.63 31.0897 17.5684 26.5809 58.9966 142.863 65.4169 16.5132 31.8057 20.1631 27.6766 14.4867 16.5368 31.6437 77.926 189.53 17.4497 41.9683 145.811 0.0145345 51.3949
-66.9309 0.655287 5.11319 12.0059 20.2377 5.06767 14.9174 20.5663 43.7046 14.1298 28.7895 15.7412 26.8734 39.754 72.2009 119.087 55.4568 44.2187 31.8057 17.1309 46.7495 19.3461 5.82223 28.6882 75.6687 193.434 27.9218 96.3157 78.2513 0.0087763 53.1885
-66.2405 0.95673 12.7843 12.2634 19.8118 5.01081 8.10092 32.921 44.1245 4.57768 32.7077 22.7662 11.4227 33.167 72.2009 119.087 64.7642 37.126 31.8057 15.8299 42.0402 19.3461 5.82223 21.7225 76.1668 171.095 65.3854 9.08686 61.9764 0.00994581 50.5204
-66.6759 0.991339 17.6647 10.8196 25.1093 4.796 11.0005 32.921 42.7055 6.63298 25.5163 29.4648 17.7336 36.1949 53.1247 119.087 64.7642 37.126 32.6995 16.8513 50.7006 9.89957 12.1642 20.7314 80.594 90.7737 85.7891 24.9291 166.404 0.00193812 58.1665
-67.6256 1.16852 9.30932 11.0591 22.0669 10.1702 13.5778 28.8869 26.9107 17.6705 26.3508 24.7311 28.082 48.8018 46.012 127.874 64.7642 37.126 18.6887 28.2177 31.9114 21.4377 11.4758 45.9272 62.1848 145.258 49.2075 73.0103 169.336 0.0027904 51.2879
-68.2177 1.20868 10.1008 12.5944 18.6065 10.319 10.8422 37.8372 27.0101 10.0925 29.3044 18.2577 24.3348 58.0855 52.1567 122.054 64.7642 33.5359 22.6085 10.7405 34.8722 20.4438 21.8611 49.5033 62.1848 145.258 51.0605 65.7472 117.216 0.00403522 49.0231
-67.0308 0.944658 10.1008 14.4457 16.6554 14.1622 7.00294 35.8111 27.682 10.0925 32.6268 14.9997 20.722 59.6057 52.1567 109.217 64.7642 44.181 27.6859 4.58008 38.2845 20.4438 25.1326 48.6275 62.1848 145.258 53.6715 56.8359 128.18 0.00438638 49.2242
-67.0308 1.12447 14.5715 9.27883 15.7301 14.3873 4.53805 39.7051 26.4743 6.9648 32.6268 16.2175 20.722 66.2466 52.1567 110.148 65.3507 44.181 22.3331 0.84854 38.2845 29.0012 24.2472 49.3608 50.5663 114.505 58.8857 84.8572 129.391 0.00640794 53.4109
-67.7526 0.882725 14.8956 8.25251 18.7893 20.2527 3.5614 28.1848 24.1619 18.0433 19.5921 9.196 38.4988 66.2466 51.6953 117.023 65.2163 43.0778 12.7522 1.40887 44.6368 22.8943 9.23075 68.533 45.155 184.93 59.1597 65.0852 91.4732 0.00640794 51.9947
-67.5147 1.23077 7.84385 7.01092 20.1798 22.2793 4.85876 43.0372 21.3623 33.7075 19.5921 15.2611 12.721 61.8904 34.8514 149.357 77.3183 35.379 1.47045 0.483182 21.9287 25.7844 32.0056 60.0857 41.531 168.716 58.7783 82.8633 6.15066 0.0111644 53.6187
-67.1982 0.157739 10.3097 12.5597 16.4822 30.8406 10.4003 39.9072 22.7836 33.7075 13.6465 22.4151 11.7932 34.535 49.5986 146.981 69.5595 0.787556 34.4652 7.37569 14.5674 19.2107 35.3555 65.9935 46.4677 157.58 59.1747 82.7201 47.9715 0.00898694 58.4306
-67.0209 0.265735 2.62297 9.25961 10.1949 28.7704 13.0162 30.6429 17.9481 66.0885 13.6465 22.6886 6.42838 54.962 45.0168 146.981 62.3276 0.787556 34.4652 7.85717 26.0367 22.493 18.959 57.1975 43.9867 189.755 65.0894 61.8468 28.7422 0.00912123 50.7012
-67.437 1.30343 0.283435 10.0569 6.85179 30.4869 13.7543 18.8008 37.3984 49.5419 5.72353 20.502 6.94644 59.602 45.0168 146.981 64.1404 14.2506 34.4652 5.40526 18.4499 22.7873 35.2684 51.8934 43.5146 155.616 56.963 116.532 38.7102 0.0091591 51.4212
-66.8993 0.305322 2.59546 13.4594 1.05973 32.7241 9.95706 25.9969 38.0757 55.2554 27.1414 9.1502 6.91865 22.886 33.0194 130.067 36.8267 43.2715 32.108 5.58216 19.6596 13.6599 94.3784 47.2402 46.7963 148.886 83.1629 27.1163 38.1399 0.00377285 51.32
-66.8913 0.44583 3.10961 19.0846 0.415528 30.4163 7.61312 25.9969 36.7648 55.2554 27.3245 14.1764 2.43951 26.1413 33.6567 130.067 54.8352 43.2715 32.108 7.14783 26.3859 9.43319 66.3378 49.8448 39.7561 149.852 85.3235 58.1909 66.2604 0.00432734 53.6503
-68.4357 0.440807 4.44893 11.5429 6.52775 30.3879 5.81914 31.7624 36.777 55.2554 10.7057 13.669 4.03095 31.1626 45.624 125.121 41.6996 30.9454 47.7984 4.96948 13.453 21.9449 71.4906 65.6673 41.8717 152.442 54.9385 52.9246 9.24933 0.000391122 53.0715
-66.2098 0.369862 4.66507 5.44934 2.24792 33.8237 4.14876 31.7693 36.5844 27.7741 10.7057 14.1278 10.6211 28.8652 53.7914 130.179 40.1927 30.9454 53.1143 6.87018 8.32615 20.6899 71.4906 65.6673 60.4765 176.247 57.8656 54.9644 99.0074 0.0067155 59.0641
-68.1499 0.401993 0.781568 9.39931 8.81556 43.7886 4.34737 31.7693 33.306 34.2179 10.7057 18.8664 8.84309 42.2155 75.9547 130.179 47.372 30.9454 44.9359 7.92398 5.03693 6.40443 30.6026 37.1774 90.2408 181.466 68.095 57.8297 15.3783 0.0128487 54.8537
-67.8676 0.599697 1.06799 7.21985 10.7303 42.3949 2.58386 33.2544 35.0931 35.0609 10.7057 19.4822 9.69293 36.747 71.2123 130.179 42.9772 30.9454 48.5104 10.927 21.326 20.6048 17.1158 29.4114 96.2406 142.477 54.2163 21.4991 75.0806 0.00399608 49.2397
-67.8373 0.565434 1.06861 3.93209 12.4383 32.7895 0.257871 62.2278 35.0931 24.8287 10.7057 15.6183 9.07015 30.5244 38.8065 130.179 59.7653 17.3783 30.0814 17.8013 36.1446 40.7803 11.1002 24.9275 96.2406 154.142 46.9679 16.5742 90.2464 0.00698075 57.0587
-67.4815 0.941374 1.07399 5.42824 24.4291 32.0513 1.23012 62.2278 19.9874 20.6009 10.3331 8.76681 33.5809 54.8477 39.8105 111.54 45.6588 35.377 16.8092 34.4285 31.0965 15.2387 36.3858 20.0746 77.5595 169.942 62.7333 49.3535 28.7023 0.00990872 51.4759
-66.3897 2.44117 1.07237 6.00328 17.4698 32.7299 2.80289 26.6793 34.3055 33.6749 15.1163 6.50068 44.394 88.3045 60.9495 100.681 32.6377 33.5818 26.0919 5.63872 19.8171 18.9009 6.91388 80.1762 69.8649 110.195 83.0403 48.414 13.596 0.0149044 55.3939
-67.7111 1.09753 1.07466 5.20797 21.4658 29.223 0.875983 21.8987 15.1757 64.991 5.50879 5.43923 5.11662 121.136 60.9495 150.9 6.82417 18.5219 3.11935 36.6651 36.3335 31.7037 2.53051 60.2509 63.4512 129.704 47.4838 16.4918 48.8587 0.0252695 60.6602
-67.0546 0.734369 1.06105 5.20797 21.4658 29.223 0.875983 21.9752 15.1757 64.991 4.97811 5.74533 5.11662 121.136 60.9495 150.9 6.82417 18.5219 3.11935 30.5549 34.0554 36.1034 2.53051 60.3382 63.4512 113.538 33.874 58.473 68.4246 0.0280672 62.4363
-66.5854 0.492428 1.03442 6.69144 23.8031 22.8802 2.71589 23.5865 25.9806 61.5336 21.4547 3.75669 12.9425 118.472 39.0987 148.652 6.82417 18.5219 3.11935 30.5549 38.4121 27.5943 4.1324 76.7503 39.865 124.275 97.2868 73.5688 83.0916 0.0172451 58.611
-66.8566 0.046211 1.18396 12.9075 24.1557 19.5602 3.26901 24.0698 25.9806 50.6735 21.225 5.17179 9.59474 114.891 52.424 107.661 16.0628 18.5219 10.6127 21.1682 57.122 22.9792 4.1324 86.3631 36.5685 136.009 60.6896 16.3351 82.0912 0.0227684 55.9359
-66.4361 0.793648 1.96083 7.37131 23.1117 20.5477 4.62259 24.4596 23.4382 43.6925 30.9631 4.87151 28.6298 112.244 45.9495 89.5962 27.4058 37.7681 28.7116 34.4773 34.9171 18.6628 4.1324 46.6478 55.6827 123.922 64.0796 46.1211 16.1718 0.0523804 56.1979
-66.786 0.59354 5.12661 12.1305 14.7218 20.8549 5.75825 19.2664 23.9732 49.4853 37.6003 5.61034 24.2086 108.759 69.5173 78.3612 29.5109 12.6814 22.2593 39.0311 27.1707 28.473 4.1324 67.6526 39.9302 180.354 64.5553 120.298 26.9965 0.0120219 53.431
-66.7765 0.198588 4.5065 12.1305 15.6254 22.061 5.51275 22.5301 23.9297 56.7926 7.44394 5.72347 22.2862 106.313 72.7384 44.585 40.5407 12.1508 29.9736 40.9195 45.9417 33.2429 7.33385 82.9826 27.2696 169.236 9.85744 49.7707 27.9819 0.0188594 54.6736
-66.8485 0.2045 5.42156 12.1305 14.9484 21.5731 5.24367 37.7558 24.1501 52.1697 1.58079 6.7718 19.2399 101.779 52.6816 30.6353 51.3755 44.1718 13.6451 16.6732 57.8123 33.2429 20.9309 105.325 27.2696 142.115 30.7683 28.4167 49.4511 0.033814 57.206
-66.6555 1.22531 14.2948 11.6036 10.759 22.626 5.19667 30.8071 24.497 55.243 15.5439 20.7746 5.37647 115.43 36.6469 27.241 79.928 38.9172 4.40694 11.1967 49.854 9.30965 22.9602 105.325 41.2949 149.098 41.4346 26.1592 35.5411 0.019146 55.9991
-66.7611 0.901962 7.70632 14.9416 12.0308 22.5697 4.48004 34.882 23.7895 54.272 13.6661 6.30029 5.81615 106.662 24.3039 42.2881 95.7118 49.5275 4.40694 8.29504 43.0722 4.31902 25.3866 74.7926 61.6244 154.544 74.0823 54.4342 184.349 0.00595828 55.0776
-67.0685 0.288236 6.42183 12.2903 11.2314 25.4465 8.40018 34.882 6.28615 82.9658 12.5021 11.006 4.7877 121.103 25.6848 42.9156 88.1826 49.8064 4.40694 66.8165 25.3595 4.58578 25.5698 10.8264 62.1328 154.544 87.0316 155.715 18.0747 0.00592209 56.7691
-67.3646 0.214741 4.82302 10.3322 11.1484 30.2043 6.38992 34.882 7.67091 86.0166 20.76 6.838 2.24367 121.103 25.1899 48.1097 75.86 66.3316 7.13684 54.1127 19.9524 11.3968 26.1302 2.74182 61.1166 180.484 14.741 85.4294 16.6717 0.00592209 51.0535
-67.9378 0.203011 5.57598 13.4101 9.2319 24.1402 6.8438 42.6517 7.8399 84.5137 8.95162 19.6336 1.95256 128.261 10.3011 48.2534 58.0647 78.5086 10.7886 36.3922 13.9267 11.3968 16.9425 45.1843 61.7372 192.573 25.3465 35.5504 40.5332 0.021529 54.9381
-67.9378 0.115233 5.55396 16.4749 0.29899 23.8305 12.7499 38.5673 10.4043 66.8052 10.2294 19.2549 1.95256 35.1386 8.98684 53.7863 42.5435 196.708 11.0839 24.31 8.52246 13.4294 23.2291 38.2906 61.3918 206.478 41.3544 11.321 7.02121 0.0356008 57.2231
-67.675 0.154637 3.43387 9.44544 14.944 2.31702 7.44821 21.4108 16.9478 78.4223 24.261 19.5456 4.01449 24.0425 14.3135 65.9122 51.4428 195.365 9.33188 17.134 15.5665 11.7343 31.44 46.7257 63.6509 216.522 20.6045 11.3553 7.79909 0.0174658 52.0128
-65.0491 0.259194 4.05338 9.59367 16.6206 1.14271 8.71097 37.1332 12.9474 73.9637 20.5742 11.6803 4.01449 73.5746 18.9863 48.9327 47.3695 167.858 8.40567 34.2383 9.02065 19.5302 15.8615 54.0604 63.6457 178.372 52.5788 15.5232 8.5476 0.0149405 55.6909
-67.1499 0.364684 2.30096 14.8595 7.64142 1.14271 6.00956 56.6706 12.2595 73.9637 22.1559 10.2117 8.47428 78.6543 7.14963 25.4467 54.2468 167.07 10.6063 35.4997 16.0559 19.1265 17.1422 62.778 58.0174 111.376 94.8447 16.8356 14.4743 0.020996 53.7505
-65.8812 0.242366 4.66827 12.5101 9.58752 7.55577 5.90933 52.0785 20.8577 72.6356 15.5716 10.2117 8.47428 79.4206 4.32449 50.4999 39.6795 155.224 13.8098 31.8396 50.7827 14.4049 7.79689 13.1079 75.6447 94.7604 88.293 11.1408 78.6547 0.0206254 53.4918
-66.8484 0.193433 6.45305 12.5101 8.99208 6.84201 6.82827 50.2408 18.5721 65.988 14.0044 11.5575 6.95013 83.7113 0.860563 48.169 47.1695 155.19 14.7579 27.0572 50.7827 16.7166 6.21303 20.5111 78.6092 94.5939 165.232 15.2757 64.393 0.0162283 54.8338
-66.9606 0.597332 7.59838 5.07022 7.09712 20.8363 16.8965 48.8349 17.754 65.5544 14.0044 4.97978 12.3981 86.1362 27.238 39.8816 42.4151 88.9521 13.4973 48.0375 42.6279 3.01129 10.0159 56.6694 100.285 100.18 93.8159 18.6738 9.21208 0.00846011 53.2535
-67.7066 0.797749 15.094 4.89898 7.19528 23.3594 11.3514 48.8349 6.83502 71.6368 3.99617 14.2466 4.65855 91.6859 29.4137 19.8124 63.6173 109.971 34.6445 36.1653 50.1449 2.85575 6.43968 26.0942 84.4656 99.1895 91.5678 12.1748 7.30704 0.00931428 52.549
-67.7066 0.976706 15.094 2.79743 12.0623 18.9031 13.0497 38.4106 10.9596 73.8806 3.99617 14.2466 6.2579 91.6859 28.887 19.8124 42.9929 118.096 38.6761 39.4785 24.6165 17.2063 5.79469 21.7188 85.9826 119.426 101.254 5.47615 12.7823 0.00306502 53.2933
-67.5982 1.23082 15.3483 4.81419 10.0503 22.8343 14.4091 25.9617 18.478 20.4272 5.70412 4.0676 83.6561 91.6859 27.9816 19.8124 25.4487 134.692 39.4566 23.8996 26.288 25.5352 9.57459 22.359 85.626 103.156 95.8086 6.05802 24.9976 0.00444151 49.6386
-67.7051 1.06875 14.6677 5.19423 14.8757 15.2423 14.4091 40.5264 10.3232 22.0661 19.2713 4.0676 46.6199 107.21 18.6367 19.8124 19.6614 136.769 52.22 16.778 26.288 40.0278 9.57459 22.4318 90.5128 88.5808 107.678 6.12867 24.9976 0.00444151 49.6615
-67.8594 0.572733 15.1082 10.1998 18.9071 13.579 9.50907 40.5264 11.7695 7.52728 23.8968 3.37792 50.2371 105.602 23.3889 19.8124 28.8323 136.769 45.084 19.5002 19.6594 44.8894 8.91569 35.9385 61.6886 136.421 87.9143 6.12867 13.0735 0.0153793 50.4367
-68.1796 1.44162 12.6742 10.1998 18.9071 7.36971 18.8053 78.1252 11.7695 7.52728 4.18623 3.37792 32.1807 108.97 31.205 47.6169 17.8591 84.3647 45.084 11.2516 12.937 51.0068 26.1527 43.1993 67.445 109.473 115.125 5.58452 41.082 0.0153793 54.8432
-67.7734 1.02595 15.289 10.9464 14.6414 6.19691 17.6429 76.3606 12.4248 3.67039 8.54022 3.37792 32.1807 115.823 31.205 47.6169 4.79523 84.3647 37.8904 5.10734 15.1308 59.111 38.216 59.5523 54.1684 58.0037 203.641 6.2432 40.7382 0.0095272 54.0361
-68.0547 0.712188 15.289 9.17967 13.3218 8.47158 17.3689 76.3606 15.3486 3.67039 21.6964 9.17721 32.1807 115.823 14.5152 47.6169 14.7774 56.1487 55.3926 10.3094 6.74961 70.4683 24.044 82.7003 36.729 58.0037 203.641 205.19 37.8314 0.0095272 57.6646
-68.7552 2.07007 21.4725 9.17967 8.52496 1.87361 21.2613 77.7866 7.81888 10.9944 21.6964 21.5478 8.57075 109.527 14.4016 56.1708 13.1365 61.4251 49.2525 10.3094 8.32431 64.2502 24.044 112.124 25.6363 58.0037 192.107 65.3287 70.2105 0.00269095 58.8311
-68.8762 2.07007 21.4725 9.17967 8.52496 1.87361 9.07118 71.6994 7.81888 20.6844 32.3567 21.5478 5.29529 111.035 20.3423 56.1708 8.33351 61.4251 54.8694 1.52728 4.67116 73.8347 20.0265 112.124 25.6833 116.589 69.8258 119.754 49.6402 0.00215403 61.0712
-69.6153 2.07007 21.6668 8.98029 11.6167 8.19816 12.8414 71.723 2.9138 25.2838 27.8631 20.5565 5.63905 127.361 26.4652 35.5342 17.1983 44.4249 63.3034 14.612 12.673 53.1758 12.3168 69.2864 41.3564 165.645 49.6052 37.6165 82.8854 0.00342717 55.0604
-68.5412 1.44144 22.5253 12.8133 13.551 5.63178 11.2771 50.3711 23.3212 13.8949 38.8747 20.5565 1.31604 127.361 55.9693 35.5342 18.3268 54.5339 60.2956 9.38917 21.4794 29.9657 2.6238 79.243 49.8243 159.946 45.1223 9.48681 89.4767 0.00865604 53.029
-68.5412 1.44144 14.349 12.8133 19.1261 5.63178 5.003 14.9478 63.4487 6.24866 38.8747 20.5565 1.31604 127.361 55.9693 35.5342 17.0161 66.1996 61.8857 12.2482 21.2242 3.79612 6.73735 88.1459 34.8417 177.806 76.828 44.7544 71.7033 0.00152929 52.7241
-66.3495 0.445119 14.2912 20.77 14.9708 5.63178 4.72505 15.5848 63.4487 14.0706 38.8747 16.3973 4.83365 127.361 50.8464 33.6011 21.1349 60.2837 61.8857 13.2725 21.3132 3.83212 1.36419 88.1459 53.2929 185.46 19.3597 45.4843 27.5803 0.00152929 50.6854
-68.0061 1.25899 17.0371 19.0878 14.9708 5.63178 4.95172 21.6919 66.7594 17.9859 33.7006 16.3973 2.09151 107.025 60.0268 33.6011 21.1349 60.2837 62.6251 13.2725 22.7259 0.565388 6.52928 100.513 58.2408 165.874 44.6796 27.3607 27.5803 0.00753849 51.3987
-66.0921 0.463775 14.0789 19.0542 4.17607 12.0759 5.82267 35.1649 38.6362 20.6381 22.1886 33.5578 3.26989 132.792 52.9876 33.6011 26.6767 52.1597 58.2432 7.80024 17.7661 7.51201 6.52928 82.3683 90.2851 144.27 89.0723 73.9026 11.4242 0.00735826 54.78
-66.8448 0.427966 33.2824 17.8823 2.07149 6.88209 3.35788 40.4172 41.51 4.06989 26.2571 23.3797 4.2219 123.78 77.8774 33.6011 25.6419 52.6293 49.1013 15.5205 38.0402 5.59944 18.483 22.1477 123.285 128.918 43.0155 52.7211 15.1867 0.00735826 51.7807
-65.6678 0.0611956 33.2824 10.9476 2.07149 6.88209 8.37006 40.4172 43.7389 5.52036 33.4869 23.3797 6.02377 115.315 77.8774 59.9417 20.4956 54.0005 48.0341 0.0582788 20.4795 19.6148 31.4658 11.275 83.3249 158.178 23.0793 16.8372 27.2491 0.0121317 59.3774
-66.1003 0.23485 33.2824 10.9476 8.73728 13.8222 1.20267 34.47 36.1079 3.47526 30.7215 23.3797 5.87171 115.315 100.457 35.3972 20.2083 34.5745 59.6174 13.7058 31.9487 14.9355 31.4658 11.275 66.9032 157.567 40.1996 15.7055 16.1459 0.0062901 51.7385
-66.0719 0.114799 28.276 13.1453 11.082 5.11093 6.61409 44.5822 35.3121 4.2565 26.3481 11.5325 15.7805 150.636 60.7468 18.7243 31.5395 29.1797 30.0976 20.7362 34.142 9.44244 30.319 11.661 132.804 182.467 0.183013 12.9263 39.945 0.00505179 56.1672
-65.9717 0.284466 21.4563 14.5021 8.83478 9.12512 8.80345 44.5822 37.9456 5.68977 43.6932 3.41198 16.5264 150.636 41.6151 44.5687 53.5654 19.9386 40.1419 20.8841 28.2713 34.2187 1.40686 14.4129 79.8428 157.687 5.55503 14.1234 34.1169 0.00811079 52.2891
-65.9387 0.326629 1.68208 16.4652 5.44927 12.0117 26.9285 50.7088 37.9456 6.28672 43.6932 3.41198 14.6384 139.523 41.6151 57.9215 53.5654 19.9386 32.0001 30.516 26.2465 45.3128 3.18953 14.4129 75.0953 166.649 11.1237 51.8237 32.3431 0.00834783 50.1639
-66.757 0.551407 19.5685 0.99898 5.44927 12.3851 26.9285 50.7088 39.9312 6.28672 43.6932 3.41198 12.3741 139.523 41.6151 57.9215 49.0594 19.9386 32.0001 45.0537 8.0352 28.0206 2.16572 46.1835 63.3371 166.649 33.894 92.3417 32.3761 0.00790526 52.1402
-69.0748 0.585312 11.9557 10.6051 9.89427 7.83412 26.9285 58.8799 29.4217 0.0972075 44.8575 4.78221 9.53324 146.998 37.5578 62.0124 38.5184 33.4718 30.1948 44.418 7.24069 33.7219 10.2399 35.1307 59.2404 168.405 49.6309 74.9258 32.7851 0.00742681 55.5153
-67.4458 0.878155 13.8251 7.33932 6.73264 4.71888 26.9285 58.8799 26.0775 4.50258 49.1449 4.78221 11.3454 53.4757 37.5578 93.5467 39.7708 106.61 16.6416 43.7771 5.01811 24.3154 20.7436 35.1307 57.9025 170.168 87.7602 28.1126 35.4021 0.00840709 50.5953
-67.0573 0.354822 16.4171 8.08805 12.1042 6.85468 21.8213 64.4853 2.0825 4.50258 52.7231 20.7386 7.1998 22.8679 5.81345 75.5086 23.1375 99.2112 84.9037 80.3697 15.0968 28.7255 3.78006 36.8822 72.1871 173.39 13.6777 5.44797 24.8483 0.00820075 53.733
-67.2578 0.154236 11.1772 6.90625 11.5014 9.16107 21.8213 64.4853 6.1602 4.5793 54.8496 6.88077 4.56743 22.8679 18.399 74.7847 23.1375 99.2112 84.9037 61.6801 15.1632 51.8366 1.28799 36.8822 72.1871 168.609 13.6777 95.6197 17.4876 0.0082214 54.3021
-67.5815 0.154236 7.21417 12.3211 9.14025 4.19287 21.8213 64.4853 3.35629 21.3035 56.9795 6.88077 11.8816 21.0911 18.399 71.271 28.7785 99.8088 82.5909 61.6801 24.9493 49.7926 1.28799 5.75431 73.0425 163.197 16.5738 80.9669 80.0255 0.00842204 58.0846
-67.695 0.437705 8.23582 13.5564 4.67254 4.19287 17.8127 61.2934 11.5459 4.12136 57.6868 5.42147 11.8816 22.9964 45.1553 73.9267 21.5431 97.1907 35.017 95.7707 15.6623 56.3292 9.59544 5.28232 73.0425 184.38 3.45211 46.197 136.632 0.0069363 58.5822
-68.3565 0.586894 9.73878 19.1815 3.38858 4.92327 33.5459 49.1286 7.7759 4.12136 54.5808 4.19224 11.5056 20.6831 58.6716 103.193 24.1215 80.8743 38.1684 42.6633 19.9336 61.177 10.0833 15.9847 93.8161 156.481 41.7332 57.8468 118.372 0.00754849 58.411
-68.3565 0.451884 1.81306 13.5531 1.05275 0.493882 49.6239 63.3151 26.5985 3.69929 30.3909 10.3295 3.98317 38.5609 64.3605 68.4536 16.1706 128.272 43.5161 38.231 1.78852 40.9706 12.9929 15.9847 92.2066 138.932 73.2862 109.289 74.7892 0.00687866 57.1602
-68.3565 0.704085 1.81306 11.4598 0.473774 0.493882 49.6239 63.3151 29.1089 14.2841 30.3909 14.2154 3.46667 28.5549 67.4602 55.8015 21.4876 128.272 43.1962 38.231 0.739821 21.4597 13.7381 43.5353 92.2066 156.612 67.1784 66.5081 87.5066 0.0198938 58.6972
-68.2575 0.929033 6.54604 9.54701 5.59199 1.06519 45.2483 67.1969 6.2795 10.3472 30.3909 12.1783 23.8284 14.4203 73.2525 40.7797 2.89488 128.272 36.0511 33.5805 7.36095 39.3504 21.1202 59.7925 77.4692 156.612 80.9271 102.334 160.112 0.0160649 60.4722
-69.2676 0.927688 3.80689 2.45596 11.3168 0.319781 45.2483 67.1969 6.2795 6.67786 29.047 5.14089 23.8807 14.4203 73.4892 40.7797 75.4191 117.05 35.0228 12.6453 8.83709 39.3504 18.5491 33.5991 67.6133 158.893 89.4347 118.527 76.8598 0.00662895 58.1277
-67.3662 0.162326 10.047 6.30484 1.28126 5.93987 45.2483 67.1969 9.7901 6.67786 30.5399 8.53188 23.8807 35.7924 73.6667 38.5089 13.1372 122.989 83.9403 17.0059 10.1569 16.3085 15.3959 25.8396 74.2059 134.826 97.5924 116.764 95.769 0.00627722 56.1735
-65.88 0.27176 7.02681 8.22504 0.353863 1.39476 45.2483 67.1969 9.7901 8.24405 29.7073 6.13682 20.5456 33.9981 73.6034 29.9065 15.0445 122.989 105.968 24.9175 15.2074 15.5314 22.987 25.8396 83.3468 130.269 120.988 159.686 92.5868 0.00448553 59.6267
-66.2079 0.27176 7.80618 9.62928 0.353863 1.39476 45.2483 72.5187 12.3606 11.8815 29.7073 6.13682 11.1022 33.9981 73.6131 18.0766 22.0791 98.5113 114.879 25.0104 20.2013 10.9974 24.6341 15.3914 99.4474 132.651 97.0377 40.243 123.702 0.00671547 53.3318
-66.1782 0.27176 8.36432 9.62928 3.26957 3.42799 45.2483 72.5187 12.3606 2.99297 29.7073 6.13682 5.8828 19.2175 73.7004 41.0698 26.6134 91.038 114.879 19.1844 31.8139 1.55791 17.1643 38.1962 90.6485 88.3622 190.248 34.6086 95.2414 0.023705 57.5287
-66.5552 1.13416 11.7051 9.32296 9.61497 4.96242 30.5236 46.8546 12.3606 7.52729 62.9003 19.1024 5.74133 5.93748 73.5464 52.447 24.1246 91.0556 114.879 19.4695 37.6351 10.2576 11.5481 5.538 65.1388 90.7495 174.117 81.2046 104.325 0.00526405 58.1005
-66.8341 0.330845 11.5912 4.39309 8.80935 4.96242 28.7738 38.2823 12.3606 5.2434 59.8378 25.2945 2.75167 5.93748 73.788 57.65 2.05415 108.42 114.791 9.20099 41.2558 13.0413 37.9256 5.538 85.4896 93.6927 133.298 80.9623 107.055 0.00237712 56.4119
-67.0704 0.798791 12.0968 7.12911 6.94907 6.37156 28.7738 34.5415 12.3606 5.11545 62.976 19.9442 7.85632 5.93748 73.0712 57.65 2.05415 108.42 114.791 15.0653 9.34894 14.0874 37.0581 28.1156 108.2 93.6594 84.5708 65.2518 161.564 0.0048681 55.7885
-66.6563 1.05861 10.7154 8.309 3.84929 2.76984 25.5259 39.1084 12.3606 2.86511 74.7182 24.831 15.2306 7.00708 74.0421 41.2055 14.1969 85.5945 114.791 6.98062 13.2137 9.22971 57.5945 9.96551 105.689 117.211 92.7193 51.9873 130.013 0.00180548 58.4708
-67.5491 0.368666 16.5636 7.29906 3.49564 36.9392 0.593555 29.1402 35.0976 13.8767 68.043 21.9157 13.1602 30.393 70.4665 12.1874 47.7304 46.2126 120.062 18.9606 4.64037 5.61931 58.9865 33.0736 105.689 104.414 34.3795 28.1507 44.6763 0.00437109 59.3133
-67.6585 0.138633 29.9745 10.4331 3.51094 10.6863 2.49407 12.5056 24.5015 15.8535 54.1101 22.8962 15.3989 30.393 89.3712 40.5193 70.2024 23.4111 88.0311 5.73921 6.20205 5.18608 53.0622 39.3021 99.4159 110.146 126.507 1.20431 106.837 0.00437109 55.3021
-67.8968 1.02563 29.9745 8.78201 7.34333 12.2486 5.97035 11.8341 35.3603 16.0908 54.1101 15.8042 23.8566 70.7621 60.6308 39.7207 86.9461 12.0018 75.5297 5.68046 1.84916 13.7029 53.0622 28.9653 80.005 118.13 97.6613 5.31136 233.697 0.00446951 54.1284
-68.0977 1.21911 22.0674 8.28886 9.53357 14.3776 6.91315 19.8537 35.3603 13.1669 59.6596 15.8042 18.4307 78.6842 59.0553 36.8444 86.9461 19.4526 63.3345 22.4017 1.84916 13.7029 53.0622 24.2906 80.005 97.6853 114.993 24.9001 212.059 0.00549238 53.7935
-67.5289 1.20921 20.3565 6.8199 8.10095 22.698 4.52051 39.5133 29.776 8.47068 44.1684 20.5453 18.9558 78.6842 62.639 36.8444 48.9262 6.69975 67.9015 37.8162 27.0173 14.0948 68.3128 13.2538 72.2282 110.213 79.5587 8.96899 37.4088 0.00574464 52.8637
-68.0689 0.405571 22.4043 12.0769 7.59309 23.4073 2.43023 39.5133 27.9473 13.5204 69.0045 20.0399 23.6757 52.6748 62.639 43.0322 38.7675 6.69975 66.4929 20.8619 32.4048 9.50408 74.2691 10.3876 69.8964 121.212 97.4934 33.3465 102.051 0.00574464 58.9415
-67.0006 0.400299 36.0303 0.546781 14.5536 4.06614 4.52109 33.0241 35.0961 3.2086 60.8112 19.9824 36.6747 77.1547 25.9754 47.6828 38.4052 20.9422 55.5718 18.0577 29.4433 24.5152 70.8703 19.0325 87.8507 144.816 97.8325 11.5224 107.626 0.0195205 61.2383
-67.26 0.853692 28.5753 1.08752 6.99721 7.30917 14.8883 26.8018 46.929 4.41603 54.538 19.9824 9.64167 64.0706 11.9693 36.951 41.1504 24.964 55.6642 43.08 31.7206 43.4738 69.7449 33.6368 88.2002 143.27 58.2328 34.8833 41.4495 0.00120155 55.3993
-68.0988 1.14613 28.5753 6.14581 5.51789 4.70492 16.5244 25.5285 45.5225 4.25337 44.2627 11.1463 8.471 32.6744 31.3699 87.778 4.17279 31.187 61.5942 32.6213 30.8427 59.3133 49.911 46.3422 81.7812 144.527 76.0174 95.6465 88.3565 0.008498 58.8567
-66.8606 0.570043 37.2531 10.3929 2.08744 4.70492 13.3982 35.2641 16.3456 9.77798 44.2627 30.5209 14.935 16.1018 24.0969 88.6067 50.5737 31.8986 75.5782 10.2317 32.3191 18.6901 71.1111 20.9441 99.1495 145.071 79.3909 85.6917 129.28 0.0000395912 56.1856
-67.6913 1.86735 34.8415 7.063 1.82556 2.25518 14.7944 17.7649 17.696 7.42446 69.192 23.6237 22.2932 52.2466 29.3364 80.7909 70.8185 13.5401 58.8772 4.56477 25.3688 50.9842 56.6665 14.4951 68.1462 147.595 93.944 141.479 25.9614 0.000875276 55.7601
-67.7492 1.84018 19.6404 4.99833 1.66167 6.78362 14.6351 25.2885 16.4278 9.5951 68.403 17.7681 14.9615 77.6842 29.3364 80.7909 78.5628 32.03 67.4315 4.56477 13.6509 43.6571 50.4121 7.27687 59.9349 154.99 71.5914 61.9644 96.2075 0.000875276 54.2268
-67.7648 1.14112 20.4405 3.33721 23.7518 6.78362 11.1487 10.8826 25.2185 11.4496 67.9552 16.0438 19.9112 89.059 33.3201 121.138 38.8898 29.7823 52.3919 1.70077 4.6508 7.9034 29.4252 16.7119 91.4939 155.599 118.854 40.8773 34.0996 0.00136056 54.9383
-67.525 0.522932 12.5809 5.64709 25.0179 10.2482 6.08721 18.3319 18.9739 11.173 35.4554 49.7511 28.731 91.5261 0.999081 121.138 43.0926 22.9912 78.3587 11.8321 5.77921 15.4246 16.4493 28.5139 105.646 69.7128 152.246 70.7579 125.933 0.0106991 56.1497
-67.9099 1.39128 21.0387 4.25007 27.2492 7.1084 6.08721 26.254 18.7892 27.0873 14.3624 38.1359 15.4093 114.804 0.999081 127.604 46.5191 13.0744 51.4899 39.452 3.7438 16.8834 7.29459 24.6504 105.646 74.6909 159.675 37.6548 235.881 0.00619294 58.5446
-68.1822 1.7615 18.3105 2.9429 21.141 7.1084 6.08721 26.254 19.7014 28.7058 14.3624 38.1359 15.4093 114.804 0.999081 127.604 57.9558 22.8743 43.1131 45.8314 0.76617 17.1352 14.1098 26.354 97.511 74.6909 162.759 34.4029 210.089 0.00257396 58.1707
-67.7114 1.21771 16.4546 8.24173 21.141 13.2789 6.08721 18.6094 20.9923 44.3938 11.4547 31.8424 12.3172 83.3328 19.6134 145.96 52.7367 18.9209 58.6798 32.5409 11.3486 10.44 37.7336 12.1249 62.3628 77.535 172.809 46.0245 58.8696 0.000881815 51.854
-67.8402 1.11943 14.8804 9.93834 21.1394 13.5533 0.6968 21.2943 27.8229 44.6513 11.4547 46.2332 10.8092 83.3369 19.6134 133.714 20.3874 28.4336 58.6798 32.9366 12.3779 16.8822 37.7336 14.2476 83.3781 67.7887 117.3 58.6717 1.93548 0.000683777 50.3105
-67.6207 1.47018 13.3819 18.6865 6.9125 23.2384 0.6968 20.0717 28.0812 36.6398 23.7681 26.4995 23.8822 70.2335 19.6134 133.714 21.0586 37.5996 58.6798 28.1885 10.878 13.7096 38.1174 6.63333 95.6054 88.401 166.335 62.5443 14.9246 0.000187488 49.6102
-67.7068 0.973224 14.1849 19.6057 4.22657 23.2384 1.79255 20.6708 31.671 32.0068 24.8217 26.4995 25.0155 75.9687 19.6134 133.714 17.4518 39.0368 57.254 40.6417 10.0694 15.51 32.5479 6.63333 95.6054 86.0487 130.649 62.2029 14.8008 0.00353137 50.0314
-68.5706 1.73604 13.7906 15.9427 11.9377 20.6892 1.79255 20.8376 31.671 27.9359 27.9609 21.0321 23.0118 74.9493 19.6134 133.714 17.4518 41.353 57.254 43.3796 10.0591 3.42464 32.5479 13.6685 89.6181 90.4803 124.332 64.0562 17.6566 0.00353137 51.9465
-67.0877 0.866759 15.4857 13.7264 15.1158 20.6892 1.79255 13.6835 31.671 27.9359 16.6505 16.7482 24.4988 78.4678 32.7625 133.714 17.4554 39.5783 57.254 41.6643 10.7639 3.42464 32.5479 10.5509 104.249 87.0948 167.711 53.083 41.3661 0.000180557 54.2212
-67.2062 0.822623 17.8785 15.1096 5.32269 18.4735 3.63693 12.6247 39.2358 37.1288 23.4533 11.3591 18.5794 79.0077 8.08056 100.599 28.5475 33.8588 37.9161 54.0239 7.20635 2.44972 67.8199 27.5194 104.249 97.5556 179.679 74.5209 28.7312 0.00155273 54.7639
-66.8217 0.59548 16.037 17.1877 5.32269 22.3287 3.63693 14.5209 59.2896 36.6554 23.9918 3.29228 21.2013 79.6232 8.08056 70.8398 36.4941 43.4561 86.4932 53.8668 7.20635 1.85439 43.526 45.6721 79.4803 62.1273 92.743 70.7624 76.1796 0.00155273 57.8
-66.0662 0.468357 17.8598 20.4754 3.46304 14.1648 2.6373 32.937 72.9195 18.5067 14.0924 3.55965 15.425 80.6106 32.8128 63.3661 24.0855 53.8802 49.6344 53.2351 15.1704 1.69936 49.3537 28.5153 59.0134 139.675 114.199 15.5805 30.9452 0.0104677 54.4252
-68.7097 0.944719 18.0434 16.63 5.05331 13.9777 2.6373 43.1835 72.9195 27.6989 10.0417 4.24419 4.81466 82.627 32.8128 43.4237 45.3347 64.5077 41.8924 58.7265 24.024 2.28382 31.8439 13.3071 79.555 155.088 55.8816 28.2718 38.8885 0.0468004 55.9111
-69.6081 0.635547 14.8772 16.63 2.0534 13.1229 3.09367 43.1835 19.1994 42.9054 18.099 3.80176 44.5117 74.3035 57.7415 41.9678 52.1923 62.3318 16.9135 67.8644 12.2051 2.65365 23.6809 29.2694 74.0176 135.768 78.7496 67.7295 35.6682 0.0277794 59.112
-65.8395 1.24209 14.3859 16.63 7.73237 15.5677 8.5482 33.6591 6.74893 42.9054 10.2688 7.86033 49.3617 73.6302 53.9265 68.6606 76.8316 56.4119 16.9135 70.8465 18.8548 4.91705 10.4943 21.4218 52.3721 188.81 81.6241 24.2288 63.8382 0.000289229 53.9792
-66.7689 0.555071 12.0013 8.95174 6.54759 2.40951 2.4433 35.2095 5.52561 5.16654 57.2804 10.1276 58.1223 66.1632 57.7714 58.9258 92.5293 50.7445 7.78336 57.5771 16.6381 16.2376 20.0935 16.8957 99.885 169.228 65.0718 4.24824 48.6433 0.0195529 54.4694
-68.1637 1.45791 10.0469 8.67378 17.4798 17.1719 5.25516 34.6482 6.10934 5.16654 69.8329 13.4666 56.0989 66.1632 39.7608 38.4465 103.688 52.6113 17.6686 56.6288 8.50037 19.2044 2.83452 43.8234 67.7553 167.723 31.0106 39.6333 63.5185 0.00405772 52.579
-68.0284 0.962964 10.0469 20.1221 21.7009 2.2305 10.6687 27.2231 7.87679 46.6218 35.4893 9.4063 32.6078 61.7142 88.4616 38.4465 103.688 54.4843 23.7793 34.1519 2.56593 2.30622 4.57816 43.8234 54.3087 154.6 41.5573 25.4315 54.8664 0.00253059 56.5106
-67.9636 0.688565 10.2005 17.1921 21.7293 3.14052 12.337 34.7686 13.245 13.9854 53.6837 2.7443 39.6573 71.2268 62.6469 27.7477 103.332 50.9263 31.396 34.1519 16.6461 7.26694 6.70832 50.473 54.2214 168.972 91.6977 22.6382 174.202 0.00112901 52.618
-67.8747 1.19938 6.70683 17.1921 20.4401 4.74461 12.1599 27.8672 1.69641 31.2534 53.6837 2.7443 21.8217 71.2268 62.6469 29.8714 123.965 58.6765 21.4018 31.2882 16.6461 10.4701 14.9829 57.1566 62.8369 117.733 82.2877 56.494 48.4674 0.0187836 51.2229
-68.3226 1.40725 7.50901 19.1075 20.4401 4.74461 7.50349 36.677 19.6925 32.4532 37.7857 2.50311 17.0069 75.8942 72.6106 21.2129 123.4 48.7101 14.9146 22.4739 12.9303 10.4701 14.9829 56.6744 71.8149 154.88 78.2003 96.9623 48.4674 0.00345033 50.1988
-68.3739 1.5637 8.5415 13.7685 20.4401 12.3088 7.89041 31.5515 19.6925 50.9287 37.7857 1.77853 14.3082 75.8942 69.8053 21.1538 123.4 48.7101 7.95257 28.1207 10.417 23.8203 14.9829 56.8964 38.3786 120.247 99.8725 145.816 24.0578 0.00167222 52.8684
-67.2904 1.2963 12.6173 13.7685 20.4401 12.3088 4.11097 30.3843 19.6925 45.0132 37.7857 2.12216 21.1853 74.7712 66.8922 25.0698 122.232 48.7101 9.70245 19.3433 16.332 24.8699 21.672 54.2438 38.3786 133.197 73.6405 107.433 25.0026 0.000526565 50.6572
-67.2917 1.2963 11.4476 11.4766 20.4401 12.3088 5.01748 28.8039 3.12011 45.0132 47.0139 2.12216 21.1853 74.7712 72.1842 25.0698 122.232 48.7101 9.70245 19.3433 23.2033 21.1895 24.4856 31.8945 39.7217 151.023 141.489 107.433 29.5238 0.000526565 54.2241
-67.1651 1.16839 11.4129 11.1196 19.2643 12.3088 5.01748 30.8673 3.12011 43.5517 38.1817 13.6208 15.4794 48.5176 86.6349 86.4433 82.9729 46.5649 8.34237 18.6813 22.0441 15.7313 31.8799 36.8473 41.5301 139.995 95.8759 78.5648 21.2035 0.000526565 49.8023
-67.1634 1.19532 10.0748 10.6414 23.4089 14.6689 7.07045 28.0807 7.11708 53.4936 16.4041 22.4347 12.7893 48.5176 60.2991 86.4433 88.7582 41.256 12.7085 27.0517 28.8985 15.5097 37.9441 42.8475 41.136 139.995 103.537 69.2262 10.699 0.00207985 52.1698
-67.162 0.68916 1.60721 18.3693 10.334 25.3757 7.07045 30.1326 10.085 63.5397 14.9021 24.5431 14.1387 37.7052 60.2991 90.2257 93.4484 48.7623 14.6974 29.8429 35.0981 12.1904 34.701 7.88638 41.136 139.995 103.537 59.9508 22.0695 0.020457 51.6003
-67.2205 0.779476 1.70777 18.3693 9.21925 22.5371 3.23364 29.2299 10.085 63.5397 10.7756 24.5431 13.8283 61.1968 78.7048 90.2257 63.4132 45.4866 16.1748 26.2871 38.1885 17.8114 34.7204 15.591 39.4078 202.011 57.6251 14.9215 20.2541 0.0210285 53.5521
-67.909 1.51069 1.70777 10.9965 12.6957 24.9332 6.64226 32.0377 10.085 63.5397 2.83352 24.5431 13.3422 45.4395 68.7445 90.2257 6.86622 140.202 5.9521 16.2452 46.5495 19.5931 6.45285 15.591 53.8488 199.555 58.6044 15.3492 19.7663 0.0202837 52.0609
-67.4324 1.39123 4.02599 12.8586 11.8103 22.6572 9.80366 31.1508 15.3809 63.5397 6.3956 17.1999 13.0571 45.4395 58.0572 90.2257 9.84415 148.404 3.84206 23.6902 37.4621 21.5093 25.6293 10.4047 48.6013 182.864 25.2832 14.3784 32.0162 0.00972987 50.1271
-67.1072 1.03431 3.86277 9.19968 15.3044 27.7903 7.14112 31.1508 8.12331 63.5397 14.7486 13.7501 13.0549 45.4395 51.8943 90.2257 17.2314 148.404 3.77649 28.9138 27.3562 22.0938 13.5081 32.479 76.5153 171.882 25.2832 14.1825 25.9869 0.0104254 49.8844
-67.6249 0.48054 4.89268 9.07754 15.2671 27.7903 7.14112 41.1702 8.12331 61.0727 10.2062 19.2827 13.2983 51.8201 61.8261 90.2257 17.6635 92.2665 3.25776 30.8159 36.4384 22.8857 9.1776 52.5551 87.1307 154.817 73.7863 13.4799 31.3599 0.0125748 55.8041
-67.255 0.0699777 1.30232 4.81506 11.2122 29.8277 8.16432 35.5893 8.12331 50.0712 18.5513 27.3705 13.3119 69.8418 37.7029 111.499 40.0053 89.9883 7.44833 7.56859 53.0373 9.4395 6.2274 16.7063 96.133 120.825 98.1488 23.8989 37.6456 0.00795052 51.9171
-66.8828 0.0699777 4.87096 4.81506 9.97423 32.4797 10.1994 35.5893 3.51843 45.9994 18.5513 22.2019 13.3029 69.8418 37.7029 116.082 40.0053 85.3988 8.36128 17.7422 53.0373 8.7829 9.37908 25.5047 86.4729 171.757 29.3088 26.7677 37.6456 0.00847245 49.3933
-67.0314 0.13618 5.10009 6.53716 19.8555 22.292 10.1994 35.5893 0.738819 45.9994 23.889 15.984 13.0701 107.502 32.8111 116.082 36.3475 62.1946 7.5183 13.6445 57.0539 34.6943 4.53764 14.2658 75.5151 155.911 29.3088 6.18475 31.9724 0.012946 50.6867
-67.5059 0.13618 9.08062 6.53716 25.9215 12.5206 8.95945 45.2045 0.738819 50.3634 19.8601 12.2748 13.2079 101.952 29.7239 116.082 36.3475 71.5828 8.91769 11.4078 57.0539 18.9884 0.737889 14.9674 86.3442 112.753 116.136 26.5997 13.0849 0.0127222 52.6492
-67.512 0.173335 1.86974 6.44194 32.6367 19.6701 4.63658 44.8582 0.738819 92.9423 18.4542 7.48109 16.5741 30.9879 29.9205 116.082 21.6423 62.8425 6.24727 17.1724 58.1182 54.6205 24.8446 3.38476 100.642 114.098 73.8266 3.32965 2.27728 0.00333802 59.7325
-66.2394 0.413781 12.5957 6.44194 8.48907 12.6555 21.1789 33.7348 26.6379 92.9423 2.33351 2.64805 14.5636 30.9879 28.2169 165.467 14.1991 43.9215 7.11491 12.9536 29.4267 36.3774 36.4665 17.6689 82.9059 116.096 110.489 53.3658 36.4151 0.0264547 59.256
-66.4121 0.243348 10.5682 6.44194 7.30398 9.40149 25.317 40.3122 9.47334 92.9423 2.33351 2.09159 15.505 15.2683 29.8739 176.904 6.00507 56.4031 7.35186 37.6906 37.3589 52.8204 36.17 11.6982 74.0823 119.339 119.053 60.8989 39.8197 0.0125187 56.9826
-66.8848 0.243348 9.0613 6.44194 6.35274 14.0675 25.317 40.3122 8.17514 92.9423 5.63988 2.26402 12.912 15.2683 36.1635 176.904 10.6347 50.5374 4.71484 13.9823 50.8687 36.21 52.7392 11.6982 75.1083 118.269 117.598 79.916 71.3523 0.00827349 55.2378
-66.3125 1.05332 13.0592 9.18608 3.9953 17.6023 20.5635 36.0417 38.9157 45.3368 3.30087 2.88064 24.9745 21.248 53.2792 196.876 10.6784 30.0121 7.94529 12.3351 19.304 36.21 48.0851 11.6982 73.558 112.172 150.4 21.0217 54.5084 0.00209826 57.0964
-66.9707 0.879414 19.4641 8.49598 1.96447 19.8866 18.1432 35.5038 39.5525 40.5304 5.47982 3.63479 27.3988 42.9491 60.1903 196.876 6.8562 3.03246 2.73292 17.6469 18.5817 61.2145 52.5598 4.93596 70.9108 123.88 74.6944 65.5327 47.0833 0.00209826 58.2768
-66.9626 0.724522 18.5172 10.8277 3.24685 11.613 19.4853 35.5038 29.9962 44.9121 5.47982 3.93374 31.75 41.2526 49.1282 196.876 17.1496 15.7051 22.2944 6.49098 20.9691 25.7497 35.4443 21.1057 79.1634 105.322 126.059 34.6284 39.7441 0.0073559 52.1941
-67.1878 1.18022 10.2666 8.02946 8.72937 19.2413 24.7702 22.9029 25.3543 39.755 6.35359 1.72219 42.0515 52.6387 45.0412 194.596 26.4048 12.3152 19.0556 8.26401 22.5196 25.3207 38.8864 6.46502 114.165 130.777 66.2946 34.1482 34.6537 0.00109839 53.2488
-66.7962 0.372383 9.50612 8.02946 6.49708 17.8382 19.5684 19.3411 7.18844 54.9857 14.7877 1.90539 42.0515 67.1923 47.627 194.596 29.4157 9.3986 19.0556 20.538 22.6643 7.67663 32.4816 4.53414 114.165 123.467 66.2946 33.7637 21.0568 0.00209026 51.2006
-65.6557 0.630196 8.29558 11.9859 2.85129 19.7759 21.4985 19.3411 7.18844 58.2096 19.9375 1.98519 48.3335 46.1737 47.5046 194.596 22.9591 6.49085 21.9525 20.538 28.377 12.7426 26.3667 4.53414 110.037 123.467 121.125 34.2563 37.0739 0.00144712 53.4308
-66.6265 0.19791 8.29558 11.9859 2.31097 19.7759 17.9122 19.3411 5.81185 57.9794 19.5883 1.98519 48.3335 52.5569 44.2066 140.111 84.0538 5.4255 21.9525 18.3568 28.377 8.37513 24.058 4.53414 98.9379 123.467 101.299 50.4716 37.0739 0.00212899 51.8415
-66.799 0.452555 1.95834 12.9655 9.79371 19.833 8.0692 19.3411 5.81185 78.1948 17.6723 23.6522 33.3835 52.5569 42.2521 136.266 40.3221 19.2596 1.96587 32.6372 49.1322 27.9106 12.3388 9.59292 91.1153 132.239 152.775 31.6763 48.1255 0.00138973 57.965
-66.6898 0.066061 10.2333 10.297 8.56599 14.961 19.9623 20.6333 18.6569 64.3043 16.3446 7.384 31.0737 52.5569 25.7545 161.596 46.5419 19.6848 1.96587 32.6372 65.8468 28.1044 12.3388 4.71003 80.5229 114.163 156.058 39.6201 27.1308 0.00196263 52.7242
-67.1935 0.0604228 4.99659 3.75133 24.909 10.4426 17.5703 25.1322 9.31532 64.3043 10.0993 7.384 27.4159 52.5569 11.6879 160.872 46.5419 31.5157 12.4371 26.5286 60.3227 54.4388 12.3388 6.67332 74.0065 90.0757 143.535 46.2123 76.7618 0.00191167 53.6724
-66.3006 0.745983 21.7987 4.31321 10.3152 9.37841 11.0521 20.078 7.77118 64.3043 14.9307 5.13091 33.9605 63.5107 42.9857 153.05 44.7045 32.7157 32.1487 12.5724 29.3584 5.48582 51.8668 6.12119 70.7047 112.368 141.45 57.5655 10.4383 0.00373579 53.1282
-66.6189 1.34446 21.7987 4.69852 10.6423 9.82837 16.3608 5.70309 11.9503 61.9437 29.5155 5.13091 3.69119 59.4941 45.0698 153.05 36.6003 50.5788 38.5373 11.073 13.9888 9.9309 51.8668 12.7443 67.2685 128.602 108.507 88.7738 19.1645 0.000575977 56.3213
-66.6189 0.868842 10.8558 7.18375 4.61533 8.9042 5.62485 5.70309 11.9503 96.6898 32.2865 16.8237 3.84987 59.4941 65.953 120.204 39.1104 44.6344 32.1153 16.3034 27.4556 22.8426 21.8688 12.795 94.9953 127.811 145.289 5.69272 34.4943 0.000575977 50.0644
-66.9996 0.753658 16.6985 1.70816 12.1091 10.6096 5.62485 2.75304 12.6516 96.6898 27.5977 16.578 3.84987 54.6783 59.8483 104.318 51.47 40.0415 48.8893 20.8575 15.7881 32.585 17.47 17.3751 79.4809 130.412 120.105 5.69272 9.92329 0.00269878 50.9939
-67.1524 0.753658 33.5368 6.45243 12.4457 6.58916 7.80883 11.4578 13.1073 63.2497 29.0783 19.3278 3.84987 47.9114 51.3949 104.318 66.7588 30.0123 63.3041 9.92527 15.3524 21.6441 25.4156 7.55667 100.151 137.744 106.705 11.2772 24.909 0.00269878 49.401
-66.8556 0.667705 32.2702 5.13015 12.4457 5.05579 8.49724 8.88175 13.1743 49.0051 26.1754 26.7233 10.7309 47.9114 50.9493 104.318 66.7588 30.0123 63.3041 22.6075 17.047 28.4632 14.1393 27.7272 100.151 138.923 40.5028 70.9372 67.046 0.00269878 51.4351
-66.6128 0.964143 30.6216 4.46327 8.42186 5.18837 14.4508 7.7157 13.0265 51.8305 26.1754 26.7233 10.7309 47.9114 56.3046 104.318 66.7588 27.732 65.5637 22.6075 34.0618 15.2176 29.1878 12.1475 72.7688 142.881 97.5492 68.6274 115.454 0.00269878 51.0943
-67.545 0.808188 32.0292 11.2446 0.16313 10.2362 27.2577 1.37749 13.0616 59.1323 32.9623 1.3709 33.8422 47.9114 54.8644 94.3798 55.5715 29.2713 57.6889 30.5841 10.0204 9.2343 37.796 34.6769 53.3941 148.299 93.1953 24.9218 70.4542 0.00204986 58.6252
-66.7434 0.732481 56.7305 9.29289 11.9953 10.4478 7.64277 2.92114 12.9996 45.9272 46.7184 9.84748 3.72081 47.9114 78.1597 94.3798 41.1824 23.3664 57.6889 7.48059 12.9985 9.96216 29.911 65.0588 91.5488 71.9694 108.843 29.6375 33.4238 0.0000422726 58.7919
-67.0086 0.623925 56.7305 4.85258 11.2916 17.3408 7.64277 2.92564 12.7375 33.6792 46.2367 17.81 6.97887 58.6725 49.28 94.3798 41.1824 9.58489 75.5468 6.93108 12.155 7.92901 45.0137 44.4573 84.072 71.9694 147.999 25.5692 29.3396 0.0111831 63.2255
-66.9775 0.307919 56.7305 4.85258 3.1911 28.0948 7.36719 1.08776 12.6813 30.5752 50.419 18.4778 6.97887 62.5099 44.0475 94.3798 56.9124 13.274 75.5468 8.57341 12.8464 4.23453 41.3787 41.5355 88.6047 82.3181 147.999 26.4488 54.1519 0.00133047 55.4493
-67.0742 0.307919 56.7305 4.85258 3.03728 28.0948 7.36719 1.96723 12.6813 30.7823 50.419 18.4778 6.97887 62.5099 44.0475 94.3798 56.9124 13.274 75.5468 9.53724 12.8464 7.97548 41.3028 20.2572 88.6047 82.3181 182.451 7.31264 23.1963 0.00133047 54.6566
-66.9491 0.102275 56.7305 4.85258 3.03728 26.7703 7.36719 1.7058 12.6813 47.7979 50.419 19.0307 6.97887 62.5099 40.3677 94.3798 44.8782 13.274 75.5468 9.53724 7.35774 7.97548 39.9457 28.1486 88.6047 82.3181 182.451 20.9541 30.9986 0.00133047 59.7436
-67.022 0.0138355 56.7305 4.85258 4.47459 28.7022 8.32198 4.79799 12.6813 29.8344 50.419 20.9443 0.624072 62.0772 59.1486 84.9703 54.9752 9.09927 34.3357 9.53724 33.8637 7.97548 51.5476 37.1449 66.5599 100.96 182.451 4.5697 204.57 0.000595013 64.666
-67.3525 0.0138355 58.4398 2.82895 4.47459 28.7022 3.80004 4.36821 6.27641 29.8344 62.7649 5.82417 0.624072 62.0772 113.118 63.4987 22.9422 9.09927 49.6714 30.2366 33.3704 5.58693 49.1913 37.1449 64.3611 95.5361 182.451 11.7272 120.139 0.000595013 63.1459
-66.9057 0.110549 58.4398 2.96314 6.14709 21.5419 6.1018 1.75641 12.5227 27.5729 62.7649 1.11487 0.624072 62.0772 129.278 63.4987 15.6751 4.32646 48.5639 26.1398 43.8391 0.715982 59.5978 31.9432 62.8466 78.5859 182.451 40.5351 94.1322 0.00288129 63.3777
-66.9057 0.274676 58.4398 3.65379 6.14709 23.1603 5.0054 1.75641 18.2353 19.2792 62.7649 1.11487 0.624072 62.0772 129.278 63.4987 15.6751 4.32646 48.5639 26.1398 43.8391 9.94818 59.5978 31.9432 63.1827 51.5681 182.451 38.1086 58.1292 0.00288129 62.3354
-67.664 1.6258 40.1223 0.731442 6.14709 10.731 5.0054 1.75641 31.8327 10.0364 79.4927 14.0986 0.624072 52.6464 107.069 63.4987 34.7969 4.32646 52.6686 26.1398 52.2971 9.94818 57.208 28.1762 52.1998 76.2049 216.229 27.3555 94.2149 0.00199449 58.9132
-67.8647 0.754958 33.7022 7.47345 3.95321 12.8251 5.6833 27.3135 18.2578 10.0364 49.0878 14.0986 41.1443 52.6464 107.069 59.5397 34.7969 10.7602 74.8419 1.46887 52.7629 9.94818 57.208 18.266 43.2265 76.2049 206.589 78.4733 124.089 0.00199449 57.827
-68.0638 1.07615 34.7642 5.91815 3.85193 9.65536 7.49322 17.1907 9.5715 28.7266 31.2749 16.8275 43.4369 30.8244 109.86 103.681 25.9138 3.09505 52.471 4.62285 46.5227 9.94818 95.937 16.5625 22.1409 76.2049 270.708 95.7763 95.6689 0.00391439 65.8921
-68.0496 2.90516 34.7642 8.10113 2.04062 11.7237 7.7606 21.8897 19.3376 28.5848 35.3365 5.81007 41.7707 30.8244 144.707 103.681 23.8158 16.8441 43.386 4.62285 34.2618 28.7045 62.83 18.4201 25.952 53.8182 206.399 45.3435 65.8261 0.00627608 66.7611
-68.0051 0.486277 23.353 8.10113 6.31525 11.9854 12.0245 21.9722 20.7698 16.5242 44.8277 3.90691 40.007 19.5044 92.3628 103.681 26.8684 17.1801 57.0342 4.8511 34.2618 12.4885 62.83 20.7802 60.2848 73.3029 235.426 86.8286 39.0251 0.0069236 56.2865
-68.0828 1.17756 10.4727 10.0536 8.20664 11.4619 23.1982 24.078 26.1558 14.2566 40.4538 3.90691 46.002 19.5044 92.3628 129.927 28.0368 39.3848 10.6779 0.780685 39.2061 31.0642 62.83 18.7233 51.195 89.1526 166.924 47.9847 33.9244 0.00749556 55.1315
-68.0828 0.867866 10.4727 10.0301 8.20664 11.7448 23.1982 17.0879 38.9995 3.29413 46.5379 12.0752 45.8218 19.5044 59.1333 127.946 12.0455 50.6006 24.7896 7.97221 39.2061 18.8506 56.3201 15.7602 71.7178 117.307 124.625 98.2221 1.0728 0.00519883 56.6125
-66.214 0.294179 8.97624 17.7135 7.02713 11.2662 9.71864 16.933 27.1976 10.2885 58.4079 6.1619 45.8218 29.9285 76.1906 127.946 8.73289 51.8755 26.3072 20.5059 41.7305 10.9634 45.5631 15.4998 67.0247 169.205 115.011 10.948 72.0706 0.00157227 57.141
-66.4711 0.291748 19.2964 8.37892 17.9542 6.4741 13.1488 27.0191 12.5661 5.83802 50.8397 14.9275 47.0815 29.9285 76.1906 127.946 11.7681 42.9479 11.4958 24.7398 50.2473 29.2666 21.0318 16.0819 82.5279 177.216 27.8012 57.0291 21.0236 0.00524587 49.7795
-66.0555 0.306889 14.3403 9.67348 20.7137 3.62027 16.1143 35.2034 12.4723 6.0895 41.9705 14.9275 31.0341 30.4337 74.6776 127.946 11.7681 52.0137 10.6772 55.3908 13.8161 33.8653 22.9989 25.1589 72.5464 222.009 17.3775 48.821 21.0236 0.0142754 52.5844
-66.3148 0.224301 21.6138 7.05347 9.3548 3.62027 16.1143 44.8788 7.82013 7.06725 48.0356 10.4272 30.6486 3.35378 79.0331 144.169 31.513 79.7896 11.0225 45.2424 12.1938 47.5208 10.5993 22.2788 35.3798 175.283 31.947 49.6324 16.1934 0.00352706 55.4214
-66.0356 0.2289 22.2649 5.21837 14.8713 4.88538 16.1143 46.2357 7.82013 7.06725 44.3441 20.3931 30.6486 3.35378 73.0117 144.169 30.9184 79.8698 11.0225 41.8541 7.38734 39.5169 10.6654 47.1603 32.3595 175.283 31.947 1.65375 16.1934 0.0101525 53.261
-67.252 0.193073 22.2649 0.0890389 21.9889 8.53298 16.1143 46.2357 0.733694 4.07692 51.0505 20.3931 37.7997 34.6942 28.2647 144.169 30.9184 60.1749 11.128 35.9378 7.3292 58.5669 9.75099 47.1603 32.3595 201.934 55.3872 1.65375 16.1934 0.0101525 59.3404
-67.2404 0.114299 21.8617 0.0890389 21.9889 8.53298 17.392 47.1594 14.5333 4.07692 29.663 20.3931 37.7997 51.016 21.9061 144.169 30.9184 60.3875 9.23981 32.9333 7.3292 49.8555 24.2582 53.8208 40.1342 221.956 6.03351 10.5684 3.40184 0.0101525 57.5367
-66.1364 0.101684 19.1608 0.0890389 20.0429 8.53298 17.392 47.1594 14.5333 12.9433 24.0964 20.7858 37.7997 67.8154 19.3468 144.169 47.2945 43.7434 7.07711 34.4412 7.74713 36.6018 17.4334 52.1432 44.4114 202.975 29.5813 55.8659 33.9878 0.00233894 53.9118
-66.1364 0.146517 18.5621 0.0890389 19.2908 8.53298 13.5184 46.53 14.5333 17.0991 24.0964 27.8083 31.7851 78.8433 29.3636 144.169 45.4985 45.8698 4.28037 26.8694 5.66718 26.8401 22.6404 52.2385 20.5745 198.297 29.5813 35.522 1.97087 0.00166407 53.2082
-65.7303 0.114687 18.2172 4.83742 11.1513 16.4697 13.5184 55.4072 26.0543 7.38282 25.6616 27.2482 27.2947 79.5628 29.3636 144.169 24.3042 41.0376 7.57401 35.4622 5.66718 26.3649 18.3935 64.0878 27.0646 172.347 28.1826 45.5227 51.0744 0.00398451 54.8572
-67.6482 0.177444 19.6648 1.83939 11.6701 3.87175 21.1636 81.9169 2.87642 0.869179 32.8052 3.83601 27.2947 80.2228 2.12591 153.407 36.7398 46.8197 34.1828 15.5367 22.9459 26.4216 23.9088 44.6783 45.6806 185.318 25.5324 17.5748 57.3514 0.00292686 53.1632
-66.7211 0.305274 16.626 2.85856 12.7791 3.87175 23.8467 86.8388 34.1533 6.85462 34.2201 0.607342 24.2911 81.1783 2.12591 121.218 40.4774 46.8757 44.4728 14.0378 19.4369 25.7715 15.9491 38.9779 41.6146 185.318 43.7913 15.6926 19.8309 0.00284874 55.0317
-66.8675 0.898228 12.7514 2.30011 10.9921 5.8783 30.6776 54.2278 31.4015 0.584094 36.7778 4.46934 20.5185 82.0992 15.6584 103.285 35.143 31.6335 42.2178 19.1638 30.9079 39.8176 15.4024 62.812 80.0899 131.533 30.1143 35.5596 10.0023 0.00302265 52.8409
-67.1833 0.437408 15.1147 1.34378 9.48116 4.33612 42.0161 58.9816 22.3477 10.3193 36.3964 3.46683 19.7469 113.801 7.03152 103.285 27.0574 26.9601 22.9824 18.8667 23.0035 63.4707 4.7487 50.3656 72.0237 154.038 41.5587 24.4164 4.52124 0.00060265 52.8012
-66.3239 0.480854 14.788 4.60309 10.8 4.33612 25.5739 41.6104 33.8486 12.0097 35.5852 1.05852 22.6122 141.535 7.03152 103.285 5.92598 23.9334 31.4566 27.2397 29.7504 63.4707 1.50702 63.5292 34.5234 156.691 129.268 26.8245 5.07057 0.00911517 54.711
-66.7809 0.383747 12.1225 4.31682 11.585 4.33612 32.6223 57.0134 24.0796 1.57143 35.3255 4.50425 27.3557 141.535 62.4482 61.1012 5.92598 5.77171 49.6436 33.0181 2.84259 59.4123 7.94834 52.7602 48.9727 123.825 96.3663 14.5727 2.99307 0.0125554 55.3438
-66.7352 0.419706 21.6456 7.128 14.4303 1.72784 24.8648 46.0861 19.156 9.00239 35.5837 11.7024 31.3851 121.189 62.4482 76.5582 5.92598 19.4802 61.1985 37.0932 6.92772 36.1712 6.43893 38.5577 50.8515 138.98 116.129 14.8823 3.21656 0.0172129 53.2189
-66.7414 0.611387 21.6456 5.14604 7.09126 5.70604 24.8648 53.7287 4.29036 9.99695 28.0056 9.5747 31.356 69.8897 62.9663 101.074 23.6729 11.3692 73.6785 29.3808 24.0981 22.8508 6.60224 25.341 63.7592 161.235 129.014 31.7262 5.18906 0.00168603 54.7871
-66.6656 0.765433 16.8951 9.59221 4.25841 14.4116 11.8215 37.4818 27.8353 17.2702 9.56301 15.7641 41.9173 52.8668 93.3574 47.1618 23.6729 80.4256 27.2341 35.0518 65.6267 25.6756 18.1508 2.24081 77.5904 134.656 132.737 70.8203 6.67387 0.000955447 52.7149
-66.7057 1.2368 22.5027 8.35544 0.860591 18.6929 7.98853 17.1071 39.5656 17.2702 3.12908 42.575 47.1108 83.0741 97.1481 38.6062 38.9646 91.3743 5.89059 26.6539 3.30657 9.24723 30.8607 2.24081 74.9556 146.793 98.7301 24.0741 8.034 0.00112822 54.1871
-66.5941 1.08279 22.5027 7.00294 4.97227 14.7581 7.38067 20.1812 21.9885 33.2437 2.08621 42.575 46.6354 86.3004 90.4663 45.5357 31.7426 70.1414 18.7847 27.0925 11.503 12.0129 31.6424 16.9798 88.3312 157.421 59.9841 91.4232 8.61568 0.00364951 51.4247
-66.6788 0.893844 17.7895 15.5451 4.78924 10.3266 12.0239 19.2866 25.8654 41.2873 2.08621 27.6903 30.7961 86.3004 101.521 70.9271 38.1524 32.2547 18.7847 27.2973 11.7359 19.9252 22.2946 10.2219 120.024 106.626 132.24 46.3212 8.01084 0.000306219 50.5061
-66.7278 1.5226 17.7895 15.6901 5.4808 12.2504 12.0528 20.1268 14.1201 47.6895 3.33895 34.5379 20.8384 86.3004 66.9005 70.9271 53.326 16.3008 69.0535 3.13112 6.03002 28.3257 34.7619 10.2219 92.5425 116.114 138.951 93.5073 9.14057 0.000306219 52.6176
-66.7812 1.34894 17.7895 13.6217 6.03088 14.4708 11.1054 20.0124 14.4176 47.6895 3.33895 47.1149 15.309 60.901 64.1913 75.6951 53.9684 28.8146 71.093 4.42279 1.60753 28.3257 41.5118 19.0718 94.2639 94.4477 161.629 52.9499 9.00846 0.00183618 51.2649
-66.8385 0.256409 14.6471 13.5675 5.54942 14.4903 13.1418 12.878 14.4176 30.5211 16.7727 64.0956 7.12902 62.0207 27.547 86.2103 29.1106 57.4591 72.0894 3.44911 5.28294 56.8113 41.5118 8.10139 95.7118 79.7529 173.238 76.1072 15.6577 0.00178272 51.3886
-66.8221 0.362742 16.0002 18.2113 5.81107 12.1038 19.0065 9.49889 1.81473 47.139 9.55188 64.0956 16.8167 62.7237 27.547 85.0011 0.0801415 55.0087 61.389 19.4196 3.68277 69.5665 49.5313 35.6923 78.1845 100.358 136.673 69.6633 14.7632 0.0152477 60.2871
-67.3138 0.302748 21.4959 21.9824 3.07299 3.50187 10.6753 3.88606 32.2878 49.489 0.451904 64.0956 7.01382 53.9177 27.547 97.8246 29.8258 68.8493 65.8944 14.9301 11.3836 26.2977 28.7701 70.2775 39.3833 85.3309 163.434 67.1063 16.962 0.0179965 53.9203
-66.8177 0.492153 20.8323 18.1467 3.42212 5.69959 9.1417 3.88606 32.2878 61.8271 14.5423 28.2942 7.01382 53.7493 27.547 66.264 30.8091 81.1253 57.5776 15.9285 9.46465 25.5759 50.0339 63.6256 46.098 90.5379 207.089 31.4497 15.9087 0.0152491 54.2182
-66.0702 0.290784 22.1494 15.9105 4.56463 13.6936 7.37113 7.99768 31.0753 92.2586 13.5904 29.5801 7.01382 26.1 18.2629 79.9459 19.6273 62.1869 69.6207 26.7325 22.6596 25.1894 28.3071 83.1178 59.1828 35.8412 231.678 59.5203 16.3143 0.00829555 57.9274
-66.1172 0.256905 1.01777 20.8579 4.5146 11.7457 3.16195 7.56689 26.5459 97.0711 5.95373 24.2872 7.01382 8.60965 18.2629 76.6001 107.273 68.6166 40.847 22.7347 32.2476 27.8931 25.9366 67.2868 59.1828 27.8608 231.678 120.13 37.1067 0.0112276 57.9583
-66.632 0.220462 1.01777 38.312 10.3 6.85327 7.6162 2.79387 30.5802 85.8581 9.8138 16.7146 7.01382 18.7503 19.5803 65.4676 107.273 50.6565 40.847 22.7347 19.6697 31.2464 8.82325 87.5812 79.0704 26.4915 203.124 134.241 17.5306 0.0104529 57.68
-66.8666 0.292583 1.01777 44.7798 4.55413 3.61577 11.5645 11.3751 4.85781 74.1853 22.1389 30.1677 12.0479 20.9627 16.2652 122.767 98.7149 36.0562 5.4381 65.7938 10.4389 4.4387 21.9782 64.4027 103.987 37.0963 149.324 35.7353 32.3186 0.00495513 57.3152
-67.1157 0.27341 1.01777 39.7796 6.67912 7.61733 11.4546 2.90515 6.85558 72.0296 38.8116 22.5803 12.0479 16.9182 13.1701 122.767 98.7149 35.4879 5.4381 65.7938 7.87162 4.41778 27.3052 64.6028 86.2576 82.968 176.812 11.8592 59.2151 0.00726335 55.8453
-66.6901 0.301181 1.01777 39.7796 7.59783 2.02807 11.4581 2.90515 5.91198 53.813 48.4725 33.3991 43.2126 21.7234 9.34912 122.767 70.8475 40.9039 5.4381 65.7938 5.78057 7.70587 21.0979 71.6579 75.5851 65.2896 173.01 82.8765 128.555 0.0138553 60.5336
-66.8169 0.531424 1.01777 37.0161 7.59783 1.31914 11.6042 21.6069 7.04294 58.095 48.4725 26.9528 14.3482 29.8062 16.7732 83.3441 69.2946 40.5702 81.3116 33.468 24.7455 6.31251 21.0979 65.8182 53.8237 65.2896 119.588 16.1217 189.618 0.00501833 62.7316
-66.6239 0.734336 8.41549 36.2162 2.5787 1.85257 10.7703 18.9685 19.2629 63.2935 26.0855 17.3383 19.0325 5.58832 18.9934 106.42 118.525 40.8403 54.4139 20.6253 3.78377 11.0517 19.814 51.7811 93.6155 96.6847 105.511 19.526 119.138 0.000893066 51.6585
-67.8537 0.381081 3.45358 14.6803 2.31136 1.19771 9.71003 3.98312 16.3708 62.9978 34.3424 32.2823 22.0901 3.40071 11.7955 106.42 117.338 26.6852 104.97 10.3668 6.33381 18.0867 9.74821 47.2826 98.1242 114.494 104.801 15.3938 119.552 0.00843909 55.0354
-66.6561 0.140416 3.45358 18.796 6.44688 1.90097 12.5587 3.98312 3.25965 54.3943 38.3274 55.761 26.6233 34.3146 17.6599 72.729 117.338 17.1117 99.5295 21.4266 4.48521 9.09254 11.4325 33.0326 105.592 75.4343 115.965 14.1291 41.7595 0.0232945 58.4555
-67.2321 0.878142 3.45358 12.3885 6.30763 2.11798 13.1064 3.98312 4.29127 33.8102 50.6655 46.1475 27.8789 53.7936 14.1148 54.1951 117.338 22.7709 108.687 21.4266 16.5585 14.1211 11.1398 34.7279 91.4079 95.2422 181.353 34.3955 19.8188 0.022576 54.0924
-67.3393 1.02271 7.66665 10.4823 7.54739 2.80122 9.6697 3.98312 8.68024 19.8083 42.8438 66.0036 28.7775 55.1914 16.0356 42.9984 117.338 17.1972 86.0192 36.2869 16.773 25.3869 8.78486 23.4991 123.382 112.614 92.2929 23.7543 30.8616 0.00717591 52.6616
-66.7801 1.02271 11.1883 10.0791 4.68611 27.0164 7.61885 6.69304 11.7065 22.35 45.2397 48.7283 9.03881 54.9367 6.24224 42.7414 117.338 38.165 76.3969 16.2907 63.4205 33.9576 4.74241 26.7033 128.708 68.2644 94.9819 58.8105 5.19298 0.00084494 55.5831
-66.5907 0.321709 17.2901 7.45003 3.93532 27.0943 8.78434 6.69304 7.68807 32.6223 51.9357 47.7084 9.56039 34.7205 6.24224 19.6559 121.123 49.0056 76.3969 25.4092 44.3663 39.5628 4.95395 23.3992 113.438 69.94 150.871 122.552 13.3812 0.0115043 54.9119
-66.5907 0.300721 17.9906 13.5028 4.28208 18.7512 10.1111 6.69304 8.31454 32.6223 51.9357 47.7084 9.56039 68.3328 6.24224 21.0921 121.123 49.0056 42.2748 35.8724 44.3663 29.4126 11.6942 21.0291 100.351 69.94 127.153 79.2929 32.9017 0.0195728 54.4513
-67.597 1.34411 16.7836 5.88282 11.6846 9.42917 20.4903 21.9595 13.8549 11.1759 33.759 25.9336 1.84074 66.2962 27.1241 20.4818 129.146 30.0547 81.5229 42.599 41.9497 14.4568 5.47293 19.7943 102.009 75.3239 192.878 112.194 30.7667 0.0256935 60.4409
-68.4312 0.183497 21.0582 10.6016 6.24697 6.22494 15.0007 64.1999 17.699 13.9403 30.1054 16.6839 9.9864 46.8548 21.5992 51.8753 129.146 33.7351 53.7252 33.7985 42.6658 16.979 3.0172 16.853 99.8044 52.0963 151.914 33.3394 28.9906 0.0419189 59.7842
-68.702 1.23938 15.6096 10.6016 7.53939 9.57838 18.0278 50.2757 24.0722 13.9529 22.3671 18.6341 2.82811 37.7791 66.5649 29.8612 118.102 24.4326 50.003 30.2415 37.7341 2.02598 12.3708 2.59708 130.909 87.0458 174.929 8.08915 12.1476 0.0344371 63.4394
-68.1894 1.22373 18.1504 11.6601 8.70797 9.80144 18.0278 73.3358 17.3329 11.7187 16.2519 32.027 1.30748 14.0167 46.5271 30.9681 116.827 20.9404 60.4853 16.6716 57.3385 3.40477 39.5958 21.8842 152.044 59.9623 164.309 16.4242 12.1476 0.00399289 58.8833
-67.9635 1.07413 7.06602 10.7868 7.25995 3.60363 33.0345 73.3358 44.2813 12.4878 6.18338 21.6143 1.30748 11.3521 59.4917 4.48456 116.827 44.4566 69.548 16.4549 50.0972 3.95496 25.3936 23.9774 158.531 24.7743 169.108 1.39365 20.0856 0.0168266 60.148
-66.7228 1.10481 7.49423 20.4419 4.61371 0.838021 33.0345 73.3358 46.7422 12.7478 6.08643 10.8579 3.60836 18.9205 75.1484 21.5667 116.827 50.3992 62.0065 29.8428 41.9821 2.41079 22.6695 32.7206 62.2994 116.363 106.94 1.39365 16.8599 0.00135159 51.6357
-67.1333 0.995254 20.6717 5.5912 8.5059 1.66075 27.0203 73.3358 19.4517 13.8071 15.5849 2.53036 15.8841 13.8708 47.7468 14.7606 116.827 70.491 60.4462 61.157 43.3216 12.9443 17.6132 31.2631 52.3268 150.628 101.264 17.8074 16.6448 0.0031244 52.1792
-67.2513 0.928666 7.24493 20.4286 4.58668 11.2947 19.8347 77.9489 12.7766 15.6193 14.1975 15.2585 18.4269 14.563 17.8314 17.9831 172.685 67.9295 60.4462 43.4986 17.2965 15.854 21.987 31.5767 59.0094 111.745 61.9189 35.1192 17.0911 0.00508058 52.3949
-67.788 1.00812 6.37541 22.2078 2.70672 7.62344 19.8347 67.3111 12.7766 10.856 32.7626 8.79533 18.4269 27.8186 15.3837 18.9501 172.685 48.9068 57.5661 47.2187 8.5523 8.35084 46.7295 31.7191 43.6783 188.277 53.2852 41.5435 13.4233 0.000349684 52.8483
-67.281 0.512468 1.94777 25.1632 7.81313 6.50973 19.0684 69.8472 4.02495 9.19775 37.5888 9.21151 31.2501 12.2578 15.3837 27.9069 172.685 59.9912 56.0117 30.7073 20.1927 5.18087 38.0782 34.8693 68.4998 89.1159 127.229 17.154 28.9304 0.000275451 48.5761
-67.2214 0.272845 2.16286 21.7904 7.81313 4.65098 19.5421 21.8341 4.02495 16.0533 36.2125 30.0236 39.5766 26.1719 15.3837 23.1554 170.282 71.836 56.0117 30.7073 12.8622 5.18087 57.7055 34.5144 67.3337 91.4679 85.551 27.5384 18.473 0.000275451 55.4299
-67.1526 0.28551 2.17259 17.4614 7.81313 2.18742 33.8244 6.02526 4.856 15.3216 45.2975 39.6265 27.6502 35.2879 15.3837 10.7001 170.282 55.1998 37.2782 6.83047 13.6042 11.4482 77.2395 16.1861 111.155 136.068 100.846 88.9679 118.279 0.00345957 55.2862
-67.1394 0.138635 14.8565 17.0295 1.67993 3.32287 33.8244 13.1225 4.856 38.0101 51.0439 37.129 27.6502 33.2942 15.3837 25.515 168.231 34.3704 58.4307 0.859752 1.34156 10.2096 77.2395 21.02 49.9271 148.435 97.9282 86.3023 90.2415 0.00377323 60.2394
-67.0894 0.231745 15.8761 12.2579 2.56498 3.25341 29.3821 18.6555 26.5423 23.5125 12.0387 42.3943 22.9818 43.3575 15.3837 42.6706 131.52 31.2334 99.1143 0.0292602 46.6174 12.8987 31.3271 34.4772 60.0646 124.865 59.0022 29.8027 36.4633 0.0114739 53.2904
-67.1633 0.338596 15.5714 20.6157 2.09041 5.51353 18.2364 17.6793 10.5182 25.8051 15.8469 47.8738 19.3917 48.9492 15.3837 42.6706 125.059 36.4818 57.4717 5.64255 78.4756 5.50303 22.5715 33.6648 87.6496 35.7638 183.056 11.1924 25.287 0.0505963 55.9424
-66.9566 0.149361 31.1105 8.20415 2.06736 6.43472 18.2364 31.1145 8.61365 13.096 22.6545 52.3906 22.922 36.759 15.3837 73.8865 125.059 30.4718 43.4006 6.37301 78.4756 13.7164 22.5715 47.8732 78.92 35.7638 187.274 10.2987 120.609 0.00137714 59.2712
-67.0177 0.501185 34.4589 14.8311 1.76763 3.79451 9.68594 27.59 30.4436 13.096 20.9308 29.2689 23.6697 31.727 15.3837 85.6232 125.059 30.4718 25.8049 3.76726 54.4812 12.7032 27.1435 40.817 89.911 46.738 219.09 29.3473 76.0605 0.00907561 53.5156
-67.4734 1.06935 34.1163 6.58971 2.35656 3.47445 12.9515 34.0768 26.4969 23.5961 20.8202 30.473 23.9417 37.2749 15.3837 85.6232 126.298 13.9013 14.7683 7.16958 12.8258 27.6798 53.0132 48.4329 96.5484 69.2452 182.028 40.271 14.6551 0.00774884 54.0301
-66.9957 0.795188 31.2599 14.1756 2.57988 3.7591 12.9515 22.3569 29.5511 9.91917 22.4953 35.6096 26.8536 37.4562 25.1229 101.533 140.125 1.59831 9.07117 16.5136 16.4314 22.2966 56.828 63.4545 97.1185 44.8575 172.394 70.015 0.649773 0.00124932 57.1726
-67.8808 1.50685 32.044 5.17613 3.5625 8.26035 10.3811 31.0576 30.5205 15.6674 22.622 35.0458 29.0558 37.3912 35.8572 101.533 147.413 4.59438 9.07117 16.5136 15.0173 25.8715 44.5969 21.2657 99.1421 49.0022 154.722 10.8802 23.0666 0.00124932 51.6249
-67.6192 2.06274 33.3132 7.28506 2.35493 3.54955 14.4357 50.7219 15.3746 15.6674 16.0175 31.4583 30.8495 44.3973 35.8572 91.9303 146.771 4.59438 9.38836 16.9278 14.3601 28.64 38.6498 22.9763 89.5047 49.0022 174.446 50.8039 23.0666 0.00124932 55.0333
-68.1195 2.54873 25.6375 7.28506 1.32784 4.99294 15.5111 45.8403 15.2963 31.5086 18.8999 21.4103 37.7714 70.0704 35.8572 75.2577 121.835 14.7372 14.0645 12.1939 32.6061 15.8867 24.7033 30.6822 86.4471 73.9152 168.986 117.971 23.0666 0.0105318 60.2153
-67.8143 1.17307 19.7697 13.1864 0.617615 10.8918 17.9156 27.2417 18.5259 31.5086 6.40802 16.7185 43.1153 74.3936 38.2757 65.9162 111.79 12.3759 59.6315 12.1939 39.8017 18.1569 28.9549 17.4325 75.0341 68.425 151.131 35.315 123.623 0.0057971 51.8839
-67.8143 0.227278 23.1907 11.8482 0.630223 9.13771 17.9156 27.2417 15.9704 42.1951 6.40802 11.2272 44.2145 74.3936 38.2757 65.9162 111.79 11.5746 63.7487 13.2853 39.6763 18.1569 28.9549 14.2599 75.0341 40.8658 191.205 11.0731 91.5539 0.0227682 56.9714
-67.4737 0.380434 20.0425 11.7765 0.684817 8.52172 17.9156 21.2624 13.2793 43.5449 6.40802 10.483 52.3466 53.1021 40.7198 51.1868 114.87 11.5746 92.4645 15.6146 42.8534 10.2815 27.943 14.2599 91.5061 30.0867 191.753 43.1395 84.9314 0.020658 53.8908
-68.1198 1.05434 19.5771 7.15827 0.720737 9.70912 20.6491 28.1943 12.9383 36.21 6.40802 8.90128 52.2622 55.6843 40.7198 44.9736 116.973 11.2976 80.5278 0.164637 48.2063 36.3674 24.5575 20.279 85.6313 72.526 184.731 51.4282 11.3605 0.0179926 57.3806
-67.87 0.491132 13.2411 6.82497 0.69352 15.2341 31.2643 24.2229 13.2454 32.2595 16.5225 7.10123 54.2762 32.3434 40.7198 51.5761 72.5813 11.2854 80.5278 38.1854 56.6979 36.3674 28.3047 20.0046 85.6313 79.4179 196.067 49.7022 44.7981 0.0171245 57.696
-66.4355 0.85806 21.1594 5.60489 0.898149 8.72147 28.4259 57.5788 11.1534 17.7608 19.8912 26.8545 3.36839 67.7648 60.3889 83.3605 96.8971 9.36393 25.5882 31.1087 18.2811 39.2594 7.14696 24.5519 111.576 98.9149 100.842 52.1927 6.62704 0.0164614 57.7481
-67.0898 0.883196 15.2159 5.56168 2.556 14.0375 26.4884 54.3419 11.1534 13.4955 17.6685 39.2766 0.891602 65.0156 61.0547 85.2773 87.8531 10.1315 16.7216 27.9658 67.3676 12.6335 4.95223 34.4471 95.375 85.5978 72.9999 50.5126 6.66095 0.0175217 56.3162
-67.0898 1.62881 14.4444 6.68599 6.88142 14.0375 26.4884 54.3419 11.1534 15.0431 17.2741 39.9949 0.891602 53.3852 51.4675 85.2773 69.3985 19.0143 17.5063 27.9658 89.9524 5.77045 4.28375 35.6585 89.8731 139.924 98.8296 41.8985 6.73305 0.0169294 59.6054
-67.0847 1.41158 16.2246 6.68599 4.97939 18.6807 26.4884 50.3244 11.0642 13.6415 17.7639 57.3019 24.935 21.6381 23.5452 53.939 114.903 20.8371 0.789137 40.792 89.9524 20.3225 12.6746 37.2662 76.0053 118.544 41.5077 40.1719 6.18994 0.00479279 63.88
-67.418 1.47462 14.1402 6.68599 4.97939 24.2097 10.7409 49.4335 4.67171 0.7481 24.5734 38.2592 39.168 22.8845 108.213 49.0601 114.903 1.51852 6.23091 19.4639 87.5415 26.6253 8.51562 1.76601 111.665 143.618 58.3195 39.9954 6.37776 0.00479279 58.7396
-67.41 1.06625 12.82 2.70672 11.4352 24.2097 13.0323 48.0868 4.67171 0.7481 22.8695 43.8554 22.6975 19.0616 111.255 56.2847 114.903 2.35847 3.52217 19.4639 87.5415 28.5487 5.4114 1.76601 97.2542 150.603 79.0293 48.693 9.65567 0.00864089 55.6198
-66.9942 1.22151 18.7641 2.70672 8.7514 21.5264 15.2853 35.8173 12.0028 4.29972 25.0057 57.6334 18.3469 13.7614 75.7793 116.186 82.7663 3.61877 17.6982 26.6459 49.2273 36.1302 8.19916 8.50088 67.312 150.603 91.1409 36.7858 19.3878 0.00111795 53.6712
-67.4659 0.411081 13.1035 2.70672 14.341 22.3293 12.8714 4.57167 9.80829 37.5236 42.1315 45.736 41.0806 20.2922 75.7793 88.8889 110.409 16.3887 23.3791 16.9931 49.2273 19.164 8.98933 13.5749 77.733 138.614 91.1409 54.614 22.5769 0.00111795 55.1521
-66.6661 0.758782 8.09493 2.9836 12.9128 19.116 8.07088 6.5983 9.80829 31.5652 32.9817 43.8426 27.7453 44.4333 80.6461 79.9015 124.68 18.5544 9.62781 33.3426 58.8659 6.63175 6.12172 17.582 51.6979 111.818 181.117 95.9845 23.059 0.0383651 56.2614
-66.6661 0.761612 8.51333 7.09966 18.4113 19.8423 2.65619 6.5983 8.1708 32.4737 38.6132 46.2286 22.4762 37.6467 84.2482 84.198 122.069 4.14846 10.0377 24.8959 54.5397 11.3254 6.12172 42.3036 51.6979 111.818 120.847 114.065 17.9308 0.000533631 54.6741
-66.9228 0.868083 10.4071 7.89847 19.1116 21.2149 6.52935 6.85921 8.1708 23.6902 38.6132 46.1191 34.6332 37.6467 84.2482 88.1975 122.069 4.14846 8.47952 16.7107 46.1475 3.61653 19.2395 38.9579 66.1894 111.818 123.218 178.893 144.617 0.0108535 56.8958
-67.5624 0.742519 8.6981 0.597761 21.1985 27.1697 6.16734 3.38615 19.1185 23.693 23.0817 53.2945 44.2191 45.9136 53.5756 88.1975 77.4751 4.14846 11.2619 37.6287 51.3083 24.5464 3.32088 35.8422 91.3368 112.2 97.1338 63.6786 61.9531 0.00646231 59.1279
-67.5245 1.30898 8.36018 8.09739 12.1841 33.8227 0.358298 3.38615 6.7763 24.8917 10.8239 49.3884 48.3226 53.1171 72.7464 56.9532 77.4751 36.9688 10.0584 31.7475 73.7051 40.114 7.98318 17.9999 78.5556 135.944 71.1745 100.659 109.502 0.00249557 54.789
-67.7357 1.29141 8.42946 11.0225 9.029 29.3399 1.9294 3.38615 27.4133 22.0566 17.7167 43.9705 48.3226 73.0207 155.571 18.0766 11.79 8.42604 30.649 21.3901 76.834 14.8995 6.97627 17.9999 81.0503 175.701 62.455 98.5307 58.7637 0.00614167 53.7323
-67.9858 0.936397 8.36145 19.2449 4.47041 31.1368 1.5563 3.38615 18.9862 20.495 13.97 41.118 81.1794 69.5099 162.217 6.65014 7.3934 8.42604 25.6712 7.38103 85.172 24.6688 8.58721 17.9999 67.2738 168.913 30.763 98.5307 2.62488 0.0098528 59.8391
-68.6939 0.343175 8.10507 20.0211 4.47041 29.0165 3.01595 1.76199 18.106 20.4798 49.802 2.63491 66.5206 77.8349 152.833 55.4469 7.3934 27.8322 10.4206 14.1828 76.3139 14.0376 8.48195 17.9999 71.8221 152.473 75.3833 84.086 7.55145 0.0297193 58.0736
-67.2962 0.970151 18.2191 14.2565 20.5354 14.7694 11.0071 3.3415 7.99629 21.2817 28.8152 10.9309 60.1607 35.303 158.572 20.1561 5.94075 119.66 10.4206 13.3699 48.6947 22.2698 6.54899 46.286 92.547 127.857 41.3358 103.33 12.9034 0.00950709 59.4002
-66.3051 0.299253 15.6637 3.25232 17.2966 16.1074 5.29211 6.11625 38.7356 9.18222 33.9053 10.2672 48.54 40.5728 158.348 20.1561 12.6248 119.66 10.4206 2.00748 35.2872 22.4349 18.3076 41.9136 67.2871 194.901 13.9756 89.232 63.4827 0.0341274 57.4137
-67.737 1.16323 19.1126 3.5416 18.8893 14.0254 10.9446 5.83685 51.6158 22.9131 37.8697 10.415 29.9017 38.2006 158.348 8.77725 15.5428 119.241 1.02636 3.0655 12.4198 19.2218 34.3407 41.9136 67.2871 209.066 7.86091 24.4933 70.4081 0.0215701 56.8809
-67.9289 0.315909 11.0088 2.88317 26.0312 13.1535 6.38469 4.22144 47.3038 22.2669 33.5771 12.9762 31.8502 16.6904 93.1134 8.77725 16.2664 119.241 63.386 15.2872 5.03653 21.057 73.7927 52.4669 48.0141 179.816 56.4285 25.0494 38.4199 0.0287021 54.4232
-68.231 0.309442 16.7196 0.84588 18.2634 25.2075 1.98339 3.7323 43.0869 31.7053 34.2193 13.2262 14.258 49.5418 99.535 15.9304 9.23288 128.333 57.8309 6.02994 8.59234 14.4272 60.0075 54.511 43.7505 155.42 27.7045 1.62324 20.2516 0.0170056 54.7662
-66.9508 0.0114032 11.1805 7.81028 15.3921 20.8873 2.7721 2.72899 43.0869 19.3645 47.7644 10.3641 18.0939 26.5505 99.535 16.2015 25.336 139.203 56.4807 11.0438 6.22792 12.2611 40.8751 55.8604 48.3517 192.029 27.7065 1.62324 66.2029 0.00845447 53.215
-67.4143 1.11529 5.82841 12.6155 15.3921 25.8985 2.7721 9.62647 43.0869 19.3645 44.0434 9.89663 18.0939 73.6658 99.535 16.2995 25.336 92.5526 47.5495 2.12843 54.6966 2.90206 40.8751 25.4418 42.1304 193.012 17.9281 20.6071 71.9578 0.00623245 51.102
-65.9132 1.13446 2.09455 8.08333 10.9818 13.3909 1.49621 6.95103 43.0869 14.2651 57.7475 16.6181 27.4896 32.9782 84.0096 10.7185 12.1521 164.841 41.4114 0.382579 74.2966 5.83762 31.871 29.9919 45.4201 179.409 39.6987 37.9027 63.0435 0.0131327 59.5725
-67.1922 1.18742 2.3319 5.6305 18.4998 3.99573 1.49621 3.6513 53.3232 40.8302 23.5211 26.4844 27.6765 25.9101 50.73 5.2282 41.2567 210.553 24.09 6.95724 55.8865 13.1122 8.28875 28.0844 64.827 161.728 27.5101 19.0556 73.0992 0.00072685 52.0696
-66.7163 0.646475 14.1616 4.20991 16.591 7.08902 1.14082 0.866345 46.3079 37.2581 23.5211 29.2576 23.0266 21.7558 35.788 5.1525 41.2567 205.596 14.6102 8.68551 82.5361 33.2078 8.28875 20.5597 55.5713 168.322 89.5864 1.71054 15.2712 0.000753385 55.992
-67.3126 0.818781 17.8394 6.41471 25.9029 6.3616 1.75992 5.51121 49.1588 16.2765 28.4916 31.1145 36.0763 21.7558 34.7779 5.1525 23.7941 205.596 14.6102 8.82563 86.0171 21.1501 26.5738 7.1929 64.4683 166.041 110.709 21.4123 24.6067 0.000753385 53.2496
-66.5548 0.72063 17.1761 6.18663 25.9029 7.87801 1.26047 7.09715 48.8229 23.6138 6.12757 28.8132 52.343 21.486 49.1247 32.4024 20.2871 189.63 14.6102 8.56959 42.1167 14.7237 25.8775 29.4201 68.1685 115.782 150.856 6.43327 22.8495 0.000653623 52.2759
-65.8294 0.0437663 17.1761 7.25425 22.8427 4.61478 1.01268 7.09715 46.1701 13.0487 11.582 28.775 48.3853 21.486 67.3346 20.5963 23.2479 189.63 40.4002 13.8064 45.1399 11.4302 3.94195 29.5621 81.5519 119.496 119.491 16.4052 48.4991 0.000653623 54.0862
-66.5103 0.987995 14.6134 2.30785 9.47031 4.61478 1.09735 17.8005 47.628 21.7749 16.248 28.7117 48.3853 21.486 67.3346 15.3677 21.6143 189.63 34.9996 14.905 41.4247 11.4302 14.084 29.5621 88.9852 125.069 118.563 5.74337 26.8387 0.012213 53.232
-67.2261 0.234392 1.35467 15.2369 6.29562 14.0552 2.69457 35.9592 43.1105 18.7928 20.2075 28.7586 38.8414 21.486 55.429 33.3058 23.7437 173.568 34.9996 16.5865 27.877 12.845 14.9805 20.3897 86.5642 93.1572 158.695 51.3046 26.8387 0.0183605 51.1341
-67.2207 0.234392 1.35467 12.1144 6.29562 14.0552 2.69457 35.9592 43.1105 16.9339 21.1357 30.1158 38.8414 22.9675 60.0544 30.2986 20.7625 173.568 37.1772 9.88935 39.2154 12.845 23.4085 34.4961 88.7242 93.1572 82.9685 51.3046 39.0964 0.0056422 51.2186
-67.2724 0.659056 0.748586 13.7514 16.1831 14.0185 4.43538 35.9592 24.1857 14.1055 17.7364 24.271 36.3574 36.0139 60.0544 28.7379 15.488 178.24 36.188 13.019 57.0443 12.845 23.4085 23.9595 83.3886 135.212 78.4734 53.984 52.0423 0.00285961 53.9338
-67.0575 0.503229 9.58429 15.3239 7.0723 21.1353 2.08712 40.6754 24.1857 20.5748 11.0194 24.271 40.9843 40.3047 60.0544 31.865 17.9118 178.24 17.1898 18.6181 57.0443 15.0395 30.2955 8.13738 69.5628 142.086 84.8454 128.461 5.11264 0.00228431 55.6851
-66.6009 0.130074 6.53305 21.9525 6.95643 22.675 1.76189 45.7407 24.1857 16.7556 12.5681 5.01437 45.9301 55.5249 50.4668 30.8331 19.6439 178.24 16.114 24.7185 34.4502 23.1672 30.2955 10.8927 82.2667 132.819 80.6865 45.7805 30.3565 0.0118084 51.323
-66.4448 0.341454 10.555 21.9525 2.48439 22.675 0.118857 27.3803 24.5403 24.8066 13.1287 12.1236 48.9212 39.6388 44.6626 27.8787 18.7289 154.69 34.4161 12.8597 41.2556 35.2931 10.5634 25.67 105.835 143.602 70.4649 67.69 26.1376 0.0312514 55.155
-66.8725 0.363695 8.81457 13.6102 8.24349 22.675 6.81014 12.7036 28.8013 24.8066 11.8533 10.5916 56.4653 31.6312 66.8789 27.4861 21.411 133.321 34.8136 12.1796 46.3751 35.5587 10.5634 27.1107 99.5073 159.312 98.5075 63.7258 29.0109 0.0319591 54.2855
-67.8884 0.713115 16.2242 22.3727 6.09547 17.926 23.6719 25.3732 11.8183 28.1178 10.8348 10.8956 46.9638 31.6312 46.9769 35.3304 21.6131 133.321 35.2126 4.82012 57.7224 24.4783 25.4863 71.0883 48.5411 110.598 102.439 163.809 10.5692 0.0226265 60.6664
-68.565 1.40509 0.735561 24.3047 3.83159 16.9274 17.4483 10.8023 15.502 43.0038 15.5087 29.1095 47.0305 32.0437 49.2104 63.719 16.4623 71.0568 47.121 3.27893 101.829 16.7231 22.5443 64.8225 49.8304 106.123 85.4208 23.8322 3.51683 0.00903034 56.4526
-67.6552 0.876634 1.14866 28.054 5.68778 14.3024 12.7117 9.1424 15.502 43.0038 16.0424 30.8484 45.6304 27.1284 44.1976 63.719 16.4623 59.0748 56.013 3.63469 107.791 9.62245 24.216 78.6578 49.8304 85.9476 85.4208 56.8318 16.9588 0.0356004 57.2583
-67.7915 0.876634 3.67967 28.054 5.08859 12.4178 11.6328 9.1424 15.502 43.0038 16.0424 31.6107 45.6304 20.9826 51.6485 63.719 16.4623 59.0748 56.013 4.47643 107.791 9.62245 24.216 78.5628 53.0548 85.9476 85.4208 56.8318 5.92768 0.0238903 56.5656
-67.4218 0.897139 11.2267 28.1913 3.11271 17.0465 11.6328 9.92968 11.2512 39.6373 22.9609 24.4448 43.4653 17.5832 78.3136 75.5256 27.7861 62.0902 56.013 0.790054 84.1806 3.4739 8.96595 65.4816 50.5529 90.9199 90.1435 187.194 17.3771 0.0242578 61.2499
-66.6165 0.595312 6.09595 38.1409 5.3654 9.67811 9.76245 3.70436 19.3903 24.9377 19.5326 21.8034 44.5508 33.9006 62.4615 59.3236 64.1122 46.2767 49.5313 0.484618 56.2741 10.2162 30.2469 81.3311 62.7489 89.7541 129.811 148.358 18.6839 0.0266377 57.651
-66.5395 0.539348 1.38518 24.3844 15.2608 17.6084 6.18715 3.70436 6.77761 27.0123 35.2029 28.738 43.4644 51.9656 65.8579 101.131 17.8285 39.0011 42.7425 19.8924 48.1233 30.1586 31.4542 41.6819 53.9535 89.9219 202.871 42.6304 18.6306 0.0169017 54.466
-66.1612 0.600247 3.92619 26.4063 17.2017 15.2964 1.47656 17.2752 5.74133 27.0123 43.5534 28.738 18.8379 39.5649 64.6338 108.923 6.54107 40.5428 51.9529 11.5501 48.1233 64.4677 10.6551 46.855 52.1329 97.6709 192.216 121.32 5.23513 0.0118627 56.6652
-66.6898 0.392502 18.5594 26.4063 12.9317 2.0515 1.47656 17.5896 3.10395 31.6839 18.4192 32.3156 51.2443 28.6377 82.8004 89.3189 26.2569 28.2608 51.9529 14.7734 51.9565 64.4677 0.0257451 12.3578 53.8184 100.214 190.058 95.8501 94.7762 0.00310895 62.4526
-66.5347 0.431804 13.9054 10.118 16.4938 5.62621 3.38266 17.5499 7.62599 32.7489 34.0159 21.8416 51.3755 27.3666 113.385 112.197 59.037 21.3579 15.6142 24.5142 35.3299 17.6884 10.4553 43.0327 58.4078 96.8074 115.682 67.8351 212.881 0.0058666 56.8108
-65.9474 0.753032 23.4473 11.7607 15.9398 7.53709 3.4151 7.27425 11.023 67.812 34.0159 8.61649 30.8273 8.58211 107.534 98.1466 63.0045 19.6379 64.9947 30.4686 26.6221 26.214 3.94782 6.40101 58.9455 107.252 116.683 93.8821 11.1635 0.0102997 59.3106
-67.8094 0.322708 18.774 11.3094 6.02068 14.6761 5.1981 4.40694 10.0924 34.4612 36.4397 30.6176 28.4567 19.9802 126.441 86.6087 61.396 9.55185 21.9364 14.7119 32.3914 37.098 41.3806 45.1119 59.0767 143.084 68.1366 86.7483 158.073 0.00465676 56.371
-66.2824 0.296801 19.5941 18.861 6.61923 14.6761 7.16374 8.22403 11.2066 34.4612 14.8551 49.0553 16.4724 20.4825 164.498 79.7266 51.4861 10.7744 36.1307 36.5992 33.3269 10.9243 8.2499 43.7856 58.0111 117.764 107.792 98.2258 34.6089 0.00355434 50.049
-66.174 0.0397718 19.0629 6.08634 8.49625 5.85874 4.42044 11.2027 9.5448 43.0963 26.4397 29.7461 38.78 20.4039 147.945 80.9944 11.3862 14.0261 28.1861 49.605 33.3269 18.8985 12.719 70.8424 69.1169 118.824 86.9308 73.5048 44.3668 0.00469694 56.0683
-66.7699 0.384633 24.9686 3.55179 19.4627 9.80125 8.44733 15.6103 9.75442 51.5944 20.7749 19.8997 38.78 23.6979 124.865 73.359 23.5499 18.2547 28.9575 59.4893 15.1263 22.6819 8.65722 70.8424 63.1685 119.341 86.9308 4.66103 8.79811 0.0000543944 51.082
-67.1115 0.39896 11.8361 0.810554 11.2641 2.37388 1.37749 21.4525 4.27534 65.0208 23.0745 28.3105 32.7754 40.5711 118.643 61.0479 27.6084 37.0912 37.2247 73.9462 9.54891 13.3924 2.47173 71.5625 45.9156 154.508 94.7503 11.3771 19.7164 0.000083561 51.6465
-66.9413 0.304784 9.2528 0.560333 14.2408 13.7705 28.6608 27.9717 12.2011 35.7122 27.5087 6.40753 32.3358 56.9067 96.3363 46.4279 72.7508 30.4631 11.7884 45.9106 9.54891 5.77498 7.73424 71.5625 90.2618 164.02 70.4014 54.8167 50.018 0.000481124 51.866
-66.9175 0.205657 8.69916 0.572554 10.5578 13.7705 33.5724 27.4765 12.2011 39.3585 24.6408 6.40753 30.5421 62.0621 96.3363 70.1777 77.1309 8.6271 2.3503 41.8221 9.54891 7.43577 6.07317 50.213 100.616 176.585 75.5226 18.2556 55.2851 0.00126211 54.5635
-66.8398 0.75799 8.79675 0.157561 11.9264 8.53981 33.5724 54.6178 15.895 44.2998 12.6687 6.40753 26.5133 62.0621 87.9108 70.1777 80.2717 34.9538 2.3503 46.0977 9.54891 10.0534 6.07317 76.6023 53.4857 160.718 76.9161 17.6345 70.133 0.000110212 51.6203
-66.8398 0.70132 18.6997 0.00543174 18.0474 8.53981 13.8668 54.6178 15.895 44.2998 5.51108 5.34586 29.0671 62.0621 105.161 101.73 66.2046 20.1618 1.60836 46.0977 9.54891 7.07439 6.07317 67.3067 49.3073 147.083 79.6301 17.6345 59.5066 0.000110212 55.9883
-67.6861 0.70132 18.6997 1.06541 21.9005 8.53981 19.3564 47.7865 15.2037 28.5863 12.4731 5.34586 43.9869 34.666 105.161 90.6308 65.4684 16.1558 19.5082 46.0977 15.9917 28.668 6.07317 51.8367 44.5874 115.645 168.018 8.95432 104.485 0.000110212 54.6784
-69.1069 1.6066 7.30776 0.259929 21.9005 10.3785 24.4567 33.6962 6.73561 28.5863 48.7311 5.34586 34.3504 34.666 91.6844 115.748 57.8298 13.6828 25.741 43.7882 7.72026 25.1994 8.06347 56.2464 52.498 64.9243 168.018 20.1582 147.501 0.00125573 55.3105
-67.9455 1.17151 13.5813 0.161641 30.4227 3.23941 22.2076 2.46995 7.36844 23.1185 48.7153 18.5965 34.3504 39.5432 60.1634 115.458 71.4161 29.9712 36.6575 41.1761 19.9911 25.1994 0.102144 65.7702 58.0738 58.7051 164.159 57.9007 109.825 0.0358709 61.827
-67.8892 2.22258 2.84718 9.07085 18.0319 2.57447 24.8999 8.65478 28.5977 34.71 29.0329 27.3782 34.3504 63.2435 31.1477 77.9626 76.1222 38.1727 3.33687 47.0546 11.2434 33.0841 7.73236 102.962 55.4009 107.609 130.832 35.7203 69.606 0.0146142 58.4878
-68.6173 2.30206 2.84718 13.7189 18.0319 1.73169 20.3583 8.65478 29.6593 37.2784 23.3864 27.3782 20.0461 63.2435 16.0671 66.2073 76.2649 36.1663 64.6086 33.3378 41.2539 6.11108 21.0528 82.468 35.6136 87.9626 163.176 39.7848 29.2173 0.0132711 55.9681
-68.097 2.20567 11.4147 8.07085 18.0319 1.73169 18.6869 9.24582 29.6593 42.0796 23.3864 27.6644 13.0595 63.2435 5.36617 65.9299 76.2649 59.7586 40.1904 29.8793 43.3238 6.11108 21.0528 82.468 29.625 104.857 161.76 39.7848 6.33273 0.0125438 57.4651
-68.3772 2.14689 7.16469 7.29192 18.3622 1.6026 24.3956 11.9755 37.7015 42.0796 17.0374 41.2097 3.2483 79.51 8.40515 51.5675 74.0585 59.7586 44.2027 34.3436 46.605 13.7461 21.0528 55.8961 37.1587 126.467 150.406 36.0817 41.5778 0.0124777 56.2384
-68.0044 2.01239 8.69259 6.74922 33.5121 1.6026 17.5681 11.6989 37.7015 49.032 8.64308 32.1099 11.9447 59.5425 29.7525 40.2327 74.0585 41.3063 49.8806 34.3436 32.1004 1.08266 39.3302 47.2061 69.6807 109.548 140.436 51.3225 37.2084 0.00397232 56.7008
-67.9396 2.47989 16.4722 3.55154 26.8285 1.6026 18.3284 14.2609 72.0756 41.6375 8.64308 39.4166 1.25743 2.97428 29.7525 40.2327 62.5195 107.664 39.3724 20.0085 17.6351 1.08266 43.0276 74.8151 62.5249 127.243 129.486 42.0922 39.8828 0.000264355 61.4233
-68.1622 2.56083 9.82264 3.55154 26.8285 1.6026 15.2338 9.16636 39.2459 42.1409 12.817 41.3639 7.39217 16.2921 32.1276 41.2999 60.499 123.082 2.5504 20.7157 26.8008 51.6417 23.1568 88.348 64.0032 127.243 62.5367 40.5076 48.2592 0.000264355 58.2411
-68.0554 3.90385 6.95408 3.55154 26.8285 4.33414 19.3886 12.2559 55.4189 36.027 10.1221 36.9664 7.39217 37.238 20.1166 40.7305 59.7703 126.396 14.3137 65.1117 37.3322 49.2601 2.95489 5.76841 65.5959 161.176 52.5892 40.4908 69.6316 0.000264355 57.4465
-67.745 1.142 7.87747 10.8659 26.8285 0.647958 27.4292 7.99793 55.4189 42.746 11.6211 22.8568 7.39217 35.7244 24.6153 32.7237 61.1785 126.396 14.3137 47.3541 42.9794 49.2601 2.95489 35.3648 65.6652 161.176 26.5092 39.4333 99.2438 0.000972295 56.1904
-68.1098 1.3576 11.8017 3.29082 26.8285 0.647958 17.2742 7.99793 59.789 50.8571 11.6211 14.2616 17.1188 25.8991 24.6153 32.7237 59.9209 126.396 14.3137 39.4018 63.1853 45.2655 2.95489 36.9921 63.0059 165.143 43.2588 68.0943 18.9702 0.00320128 54.0422
-68.2818 0.53037 12.1313 6.52002 4.05124 8.56234 17.2742 20.2741 59.789 38.18 27.5867 7.21882 23.8244 20.5246 12.0657 25.4231 64.0121 142.584 6.18001 39.4018 82.5903 45.9973 2.95489 22.7789 82.6384 165.143 30.5226 69.2967 21.3843 0.00395137 59.5409
-67.4508 1.56948 12.1313 10.9914 0.286398 8.66225 28.9653 10.9689 63.3718 39.7816 8.24075 6.59898 19.9402 20.5246 12.0657 25.4231 64.0121 142.584 45.3313 17.3806 89.9778 33.3415 6.81805 21.3257 35.7936 165.143 64.189 95.3138 35.4561 0.00523451 56.9879
-70.078 1.83838 14.8623 9.20976 4.08669 14.1924 19.3014 19.6519 67.1077 15.4324 28.6555 2.24115 16.1963 20.5246 36.7636 48.6695 20.6774 142.584 65.1942 13.3729 46.5421 44.4218 9.75633 23.7078 63.5901 162.811 67.78 130.961 29.182 0.00211282 58.7639
-68.7469 2.51658 12.8634 10.5377 4.95929 21.2737 15.0261 17.5316 67.1077 15.4324 27.1453 7.18755 1.05796 20.5246 36.7636 44.3811 25.5528 142.584 97.9269 8.72096 46.5421 31.9476 12.903 28.3285 44.6833 152.534 59.8655 103.71 37.3831 0.00604116 56.1915
-69.1379 1.91372 18.2883 8.80186 4.93926 19.6198 13.3076 17.5316 67.1077 10.8579 23.2961 18.9154 1.05796 19.8935 1.10292 40.9974 23.9619 142.584 110.072 13.9373 46.5421 42.2389 2.47711 25.8421 39.3717 150.08 146.892 150.548 35.0418 0.00381073 62.1682
-67.1037 0.525447 20.9396 1.4783 6.62926 21.3978 12.4687 17.5316 67.1077 8.33008 29.4246 15.6238 7.1918 42.3418 1.10292 33.4414 31.4717 142.584 110.072 16.7694 7.26668 59.0567 8.21618 43.312 58.0728 112.147 116.523 121.854 37.6722 0.00133138 52.7055
-67.5947 0.0976086 20.9396 1.16667 2.35049 22.1875 12.4687 17.5316 67.1077 8.33008 38.0558 11.3586 3.41772 53.3058 1.10292 17.7487 31.1316 142.584 110.072 16.7694 7.26668 59.0567 13.6673 45.2014 74.0183 106.69 69.6397 40.4523 35.1396 0.000145675 56.5381
-67.1139 0.567313 20.9396 1.16667 5.64268 22.1875 12.4687 15.6649 67.1077 15.2146 56.9974 7.3713 17.162 53.3058 1.10292 16.6873 11.9936 127.27 116.133 8.80963 8.9986 65.6884 9.24947 39.5795 69.7264 102.061 55.8851 40.4523 21.0332 0.000116391 56.1519
-67.6568 0.642759 15.8032 1.16667 3.17437 21.3676 12.4687 14.1824 51.734 12.7063 59.7222 12.943 17.162 103.473 5.5486 12.0293 11.9936 95.7285 119.386 12.0671 8.9986 40.4941 5.58147 40.1443 76.1787 99.1689 134.739 40.4523 26.5271 0.000116391 52.2471
-67.8456 0.576532 15.258 5.11304 3.87107 20.2353 8.12822 8.62221 60.8534 1.15858 59.7222 23.9486 13.5051 71.1354 7.5721 12.0934 16.7877 116.149 132.036 3.55861 10.4551 39.1261 5.31358 40.3873 101.623 105.99 134.739 132.893 34.6422 0.000267333 57.5399
-69.0496 0.464266 22.8209 5.53482 3.73147 33.7829 0.633868 15.7337 51.4709 1.15858 48.8435 22.9385 11.989 20.4535 27.9274 9.28876 13.7606 109.886 123.315 27.1419 10.4551 40.5259 16.166 40.0758 107.424 126.642 134.739 107.127 75.4693 0.000267333 61.7536
-67.3085 0.440139 13.9767 9.73546 7.19152 27.8195 1.77676 13.4973 52.6249 31.6878 64.3558 36.677 4.89017 36.8642 41.5913 10.7357 10.2957 118.685 85.5555 20.0383 16.4815 17.069 7.68547 38.6239 98.3865 132.67 96.8061 29.2811 23.9023 0.000950503 52.8632
-66.8043 0.471254 13.9767 9.55226 10.0464 28.7751 5.52811 18.5987 44.2811 8.18557 64.3558 36.677 7.27491 36.8642 39.7076 14.3108 51.0086 137.638 55.8137 20.0383 9.60921 5.60522 19.364 39.8496 89.1901 126.49 73.065 47.6328 31.1926 0.00185806 53.1529
-66.2054 0.494849 11.8741 8.56888 19.7162 19.4532 4.49167 18.5987 9.64918 37.577 41.5591 22.908 25.4505 37.1707 44.7812 17.1506 50.4934 107.602 39.4646 5.2279 69.7511 7.46493 20.9547 25.3895 81.8688 179.372 95.8659 12.9385 10.7694 0.00251121 53.396
-65.6648 0.292238 8.73284 11.2558 20.8799 2.0538 4.49167 20.9334 16.0591 41.7282 35.669 34.049 25.4505 32.6251 44.7812 11.3676 50.4934 99.504 43.7001 16.8995 86.5548 8.99917 18.8615 27.0757 83.0797 161.495 95.5857 3.42208 57.3384 0.000389063 55.3333
-66.024 0.27217 8.72193 11.9183 23.4492 4.67455 10.2833 58.8973 26.2334 41.7282 14.0859 2.7249 20.4148 25.0318 34.5043 26.2608 52.8488 89.1193 51.5923 14.6289 86.5548 7.33381 25.6405 47.575 93.8533 97.0081 102.26 3.42208 9.43254 0.00984734 54.9484
-66.2626 0.409717 11.5422 10.3843 26.9688 2.42575 5.44367 86.7792 10.0907 28.4045 8.43205 36.6031 4.46203 39.1569 56.4691 29.6524 9.74346 133.645 18.8197 2.22727 106.602 19.7357 20.7386 32.3893 86.2208 102.576 90.3239 9.3925 16.3324 0.0079147 61.7496
-65.7208 0.153753 10.6574 0.653006 33.4885 9.76 3.74732 69.9946 8.60766 37.362 1.87065 40.0565 4.46203 26.2483 71.9022 27.3813 19.9496 123.489 33.2695 14.0383 86.2425 13.8037 18.3982 32.3893 88.0201 105.387 98.5218 40.865 9.71406 0.00738675 55.5824
-66.1623 0.435457 12.2924 3.51782 20.9717 2.98404 25.0639 56.1748 16.5918 30.5881 4.45456 24.9056 4.46203 41.808 28.239 35.8723 41.0751 140.022 38.5869 14.7509 37.8965 14.1807 36.0379 58.5424 76.7508 116.119 66.0922 44.8376 80.925 0.00338723 52.2233
-68.3923 0.815298 12.3066 3.51782 23.925 3.3247 25.0639 56.1748 15.5447 37.9099 7.43756 17.0784 4.46203 29.7621 45.081 29.0514 54.844 140.022 32.6718 39.1928 32.1954 1.25067 25.5259 58.5424 62.875 153.884 69.8015 41.6289 47.6456 0.00139368 54.0305
-66.9756 1.91143 10.495 4.98753 20.116 3.09617 23.7569 36.6875 15.5447 16.6639 45.129 36.1284 6.59323 15.6424 22.7345 7.83075 67.1483 149.797 57.5702 41.7745 23.4019 10.974 20.388 55.8977 80.9973 134.191 51.7428 13.087 14.2929 0.000956658 54.0036
-67.2475 1.19492 9.46299 12.7234 6.10871 5.23528 25.2605 55.6645 5.23148 16.6639 45.129 6.25119 6.59323 42.0148 15.7874 10.4247 86.2682 157.651 64.8276 36.8095 3.15947 10.974 20.7534 70.2145 61.5647 147.385 19.4006 7.46948 48.4086 0.000342361 55.6691
-67.3666 0.530303 11.4138 13.178 6.23726 4.80142 25.8538 61.4674 16.2325 23.2545 44.9559 12.2561 4.08161 22.3148 29.8363 22.9526 72.125 157.651 33.9237 40.9621 7.7623 10.974 18.9428 66.1146 60.5421 83.4361 129.967 10.071 65.186 0.00247667 49.422
-67.0579 0.792281 6.05412 16.9987 11.9793 4.80142 23.7056 40.6913 16.2325 32.9578 34.2233 26.9332 4.08161 25.4962 28.9053 46.2593 52.1544 157.651 34.7694 68.498 11.0019 10.974 29.3424 10.2831 56.4979 143.678 20.1154 6.05753 5.55928 0.00247667 52.1415
-67.5515 1.23498 1.03444 12.3545 14.5409 11.6967 22.7351 43.526 12.8543 30.7776 32.9912 37.936 4.08161 32.2036 30.4518 48.2937 75.0482 143.617 7.46705 32.3117 10.2449 29.2581 34.0516 14.184 77.0306 135.783 83.8451 19.6132 25.3575 0.00653954 49.8742
-67.4478 0.157822 7.34281 6.20172 8.1764 16.1261 20.2846 56.4875 5.36316 21.4515 33.6521 35.6741 4.53057 34.2838 34.0036 56.2662 69.2863 117.921 25.9683 4.30007 49.3665 25.8997 35.1774 11.5846 77.1859 137.757 80.9827 34.784 3.88131 0.0178727 54.2425
-67.0197 0.978162 7.02366 6.20172 10.4608 18.4522 19.2481 56.4875 9.56797 3.50357 30.6269 42.743 13.3812 72.8846 35.3789 52.1699 69.2863 44.2886 36.8491 21.275 68.5765 23.6555 35.1774 7.82285 42.6272 127.486 138.187 6.80029 28.4042 0.0177873 53.4361
-67.3844 0.729933 6.03587 8.06745 6.95609 20.7552 20.8126 34.3635 7.7809 32.324 3.40573 51.2766 13.3812 35.9033 51.3677 43.4852 69.2863 45.4205 52.2483 25.3951 70.605 8.07344 44.4372 39.2958 42.6272 115.783 183.888 43.4313 105.234 0.00836383 56.1729
-68.1186 0.729933 6.13428 10.5336 6.24402 19.1124 23.6408 46.0876 9.48766 28.1126 3.40573 51.2766 3.92165 30.2071 55.4869 71.0423 69.2863 49.2765 46.5908 24.6075 59.6724 0.323653 44.4372 31.0638 42.6272 98.0212 190.537 43.021 92.9232 0.00412976 55.438
-67.4578 0.333981 3.89748 10.653 0.872586 25.1199 23.6765 51.3182 8.54245 25.6578 8.42884 61.6888 3.92165 29.5425 47.6971 62.5518 40.2331 43.6038 96.9042 10.1491 58.6082 15.8933 2.13412 46.7737 68.7005 98.1698 168.42 33.9301 14.5188 0.0153341 53.6663
-67.3353 0.21071 3.89748 7.74945 3.76352 22.9559 23.6765 38.186 8.25659 25.6578 8.42884 75.9397 0.359123 40.6943 47.6971 75.2267 40.2331 39.56 108.682 6.97765 58.6082 11.3956 6.86669 66.6304 29.3382 98.6538 168.42 16.1923 14.5188 0.00104565 53.7886
-66.9677 0.46996 1.58936 4.94681 7.78418 25.0909 23.1316 33.5923 10.1291 25.4319 8.42884 75.9397 1.92578 32.9868 47.6971 75.2267 32.7572 39.56 120.273 6.35202 11.7417 7.89345 32.6522 57.7912 83.7628 94.9665 62.4853 72.5805 19.8686 0.00104565 52.2594
-67.0877 0.56018 3.31658 4.73107 7.65171 24.5773 21.7716 27.1463 7.33845 22.8903 8.42884 71.8444 1.92578 32.9868 57.5735 6.92419 32.7572 119.083 120.273 7.92194 38.8647 9.205 43.0221 15.751 77.6778 104.176 54.4962 75.8567 19.3828 0.00705621 53.0491
-67.0877 0.841189 3.31658 5.49704 7.4382 24.5773 19.9397 38.3874 2.82427 20.9746 13.7933 71.741 3.36751 32.9868 57.5735 5.94259 32.7572 107.405 120.273 4.19833 22.5195 3.19467 34.5635 46.6552 110.246 106.931 54.4962 74.5748 19.0244 0.00705621 54.6513
-68.0153 0.698013 2.697 5.49704 8.64108 24.5773 20.5795 42.0549 1.57627 21.2712 13.7933 66.8138 2.91112 32.9868 48.6784 5.94259 39.3886 105.112 120.273 4.38457 27.2231 9.01333 21.243 58.4212 95.4463 106.997 77.1226 9.76103 21.1383 0.00935156 54.7109
-66.6574 0.788959 2.697 2.25647 17.1219 23.9832 17.0399 39.1791 2.16058 21.3375 16.2386 75.458 3.45212 33.0567 12.4784 5.94259 39.9481 98.8633 163.089 12.9749 26.7431 7.13743 4.64671 32.4 110.586 105.57 77.1226 36.9653 15.392 0.0113692 53.329
-65.6213 0.732596 6.015 13.9547 17.1219 23.9832 5.1569 24.3076 3.13685 21.3583 8.73906 68.0249 8.94973 22.1923 37.3115 9.45365 39.9481 102.351 163.366 7.67511 26.6608 7.13743 4.64671 21.7041 118.753 75.6336 180.586 17.6609 30.0104 0.0182969 57.1385
-65.1066 0.367092 1.38802 14.9817 23.4155 23.9813 1.27836 20.2434 5.2402 21.6129 17.2997 68.2179 6.27142 19.2028 20.7261 11.9321 31.6461 116.028 163.366 4.28272 26.6812 16.203 14.8322 19.9933 131.848 58.6561 171.908 35.923 64.8577 0.0147314 60.3439
-65.8198 0.228858 2.3599 12.8017 23.482 22.8194 3.50696 26.2382 4.88777 21.4908 17.8997 36.2628 43.3455 10.6702 10.376 11.9321 38.6797 116.028 163.366 6.43171 26.6887 5.53604 4.15115 17.4719 126.845 87.9042 174.174 80.6624 70.5785 0.0227356 61.0956
-65.8198 0.0804182 2.3599 15.9373 19.0084 26.0641 5.80281 24.8891 18.8873 22.2374 17.8997 39.5585 46.8516 40.1282 5.7431 27.2761 38.6797 108.764 125.847 6.41562 26.7284 12.6913 1.02271 28.0584 118.735 45.7824 153.411 76.1426 64.5276 0.0328117 64.9166
-65.8198 0.126953 1.66378 17.4657 20.6907 11.7381 7.10535 21.9218 30.7074 14.9603 26.1705 39.5316 29.4667 25.4899 17.0421 29.0903 38.6797 99.0573 97.7123 5.36566 26.7813 47.4898 36.3434 27.5398 142.547 85.6179 129.889 68.5874 5.70626 0.0236128 59.6357
-66.5351 0.385053 1.66378 15.7012 20.8668 1.89006 24.6994 18.1711 24.4759 16.5784 21.9525 33.4681 19.9735 34.0201 11.13 25.1282 66.468 101.414 80.8291 5.36566 26.6787 54.5762 45.753 9.30067 108.491 63.4788 154.654 55.3749 13.065 0.0250274 54.3754
-66.8308 0.794048 1.66378 4.06523 17.801 1.89006 46.9448 19.4299 30.9229 8.21072 17.9827 38.8401 13.6588 37.2265 17.9897 29.3641 72.1776 82.2183 80.8291 2.79355 33.9021 54.5762 63.4493 4.53673 77.9807 93.5492 146.815 82.4561 86.9689 0.0222193 59.3757
-66.2753 0.599402 1.27291 9.92396 2.43482 3.41583 46.9448 23.8467 50.0698 0.99198 17.4503 27.4442 14.6318 29.88 25.1379 26.237 110.522 82.2767 46.1772 18.869 26.991 49.6183 63.6583 6.42655 77.4809 93.5492 138.939 83.7592 69.8272 0.0279496 58.6034
-67.1058 0.182658 5.25124 3.55419 2.43482 9.5284 46.9448 36.7858 50.0698 11.6185 17.3822 11.8026 3.23665 52.3883 19.7455 16.5037 114.247 78.6948 35.0011 12.8921 31.2156 46.5135 63.6583 5.95589 83.7816 187.367 50.3474 83.8229 17.231 0.00113657 54.2331
-67.3224 0.182658 7.3845 3.55419 3.22372 5.59835 46.7213 36.7858 60.2006 4.20881 28.1476 7.99806 1.8408 38.6336 18.1391 22.206 115.841 78.6948 40.0033 12.8921 24.4823 50.1358 76.1596 9.15124 50.6403 184.079 87.2011 35.5103 17.231 0.000986991 55.8488
-67.5958 0.251324 11.5143 5.06507 3.22372 8.6018 37.1258 36.7858 60.2006 4.20881 25.1484 18.4289 6.21216 29.3249 18.0414 19.4247 136.408 48.025 47.1699 10.7478 25.0777 50.9207 38.8884 18.1291 74.0282 185.974 26.1994 35.3516 8.81218 0.000986991 52.7569
-65.699 0.0489396 8.22594 2.66699 21.322 11.2106 25.9803 48.6855 70.2323 4.65254 3.97025 12.0936 12.1235 54.8862 23.8873 18.7435 124.889 61.9617 69.6979 14.2331 25.5838 1.84388 44.1818 19.0028 66.7324 179.66 25.3259 71.877 64.1164 0.000986991 55.3994
-68.7032 1.45679 22.9896 5.66717 4.36637 5.2445 0.816183 39.8841 70.2323 32.4307 5.72129 12.3197 9.1822 54.8862 22.843 20.351 102.877 61.9617 99.4628 20.2882 25.5838 12.1937 42.3384 1.04813 67.2717 182.703 13.6944 81.0087 40.985 0.0185999 55.7926
-67.83 0.293416 22.9896 5.89364 5.95795 4.83531 25.69 11.9297 70.2323 32.4307 5.72129 3.62728 20.8814 54.8862 22.843 25.3698 95.5652 61.9617 99.4628 20.2882 6.20359 12.1937 45.0361 44.8474 25.3852 207.07 34.2845 74.9794 7.68237 0.00266511 50.7492
-64.9946 0.16552 22.9896 8.73251 0.336569 8.77337 22.1265 11.9297 49.7329 47.1663 5.72129 5.41558 22.3681 22.0858 35.7693 24.9394 95.5652 61.9617 59.2837 22.2406 8.22205 67.8139 41.5973 40.9913 55.4895 189.304 7.98324 139.852 5.31097 0.00747651 60.7121
-68.603 0.558722 29.4768 10.4721 0.336569 9.87286 18.3456 4.25244 51.9574 30.9399 27.6745 34.4271 2.77048 26.7576 72.1752 30.2457 88.8811 61.9617 69.313 16.9058 8.91966 22.8517 27.6514 52.3339 60.3807 148.69 118.201 156.3 10.0658 0.00980606 57.4953
-68.4887 0.325543 29.4768 6.57062 0.336569 15.8487 15.9628 4.25244 51.9574 30.6009 27.6745 33.9817 2.77048 44.2426 72.1752 28.0706 87.1804 61.9617 69.313 17.1538 10.5663 31.6015 20.9237 28.6888 60.3807 149.114 118.201 61.474 101.08 0.0101133 56.8816
-68.237 0.408308 25.0369 1.10821 0.336569 5.16695 19.525 4.25244 52.602 41.3227 17.0998 38.5456 18.6375 50.7502 72.1752 21.038 89.6089 61.9617 45.9508 21.2012 6.13152 54.1509 16.2669 21.5467 35.1001 136.109 134.156 9.27588 146.25 0.0116728 60.4369
-67.6338 0.216555 1.18624 0.913237 0.336569 3.52578 35.6929 33.6912 36.238 33.2466 2.57975 57.7858 15.6087 59.616 80.5682 20.8326 91.4241 61.9617 45.9508 6.39919 14.6426 8.41473 31.5759 59.1209 48.1854 123.931 145.802 43.162 77.9058 0.0259445 56.8319
-67.839 0.18801 0.77975 0.913237 0.336569 3.52578 35.6929 34.1904 36.238 34.1297 1.8204 57.7858 16.9716 64.5228 80.5682 20.9575 85.2353 61.9617 28.9038 2.23119 14.6426 14.6917 49.4275 60.4237 38.0948 121.33 145.802 56.0352 77.9058 0.0406874 58.2534
-66.7009 0.533949 0.77975 1.65003 24.853 3.52578 35.6929 9.12963 36.238 41.4796 3.12277 26.7808 16.8597 64.5228 65.1467 8.14877 49.0324 106.607 44.0414 4.15712 45.4704 2.90174 43.9512 71.1308 40.3112 101.594 135.245 51.5343 73.3307 0.0173508 56.8345
-67.2632 0.533949 7.46386 1.65003 24.853 2.82529 28.3127 16.0679 36.238 41.4796 3.12277 19.5246 16.8597 64.5228 65.1467 5.87959 34.3721 104.01 86.4248 1.86242 28.5548 3.01202 43.9512 71.1308 40.3112 31.2999 305.705 63.5277 79.7849 0.0188669 59.4908
-67.042 0.533949 7.46386 3.02045 21.7067 2.82529 28.3127 16.0679 41.569 39.2981 1.49084 19.5246 16.8597 64.5228 65.1467 5.87959 34.3721 90.1626 86.4248 1.16923 31.3674 3.67907 43.9512 73.9654 40.3112 2.66514 305.705 63.5277 133.333 0.0188669 64.7417
-65.7426 0.33949 6.68578 3.02045 21.7067 2.30693 32.1938 17.5431 28.2498 39.9026 1.49084 30.4926 16.8597 66.1371 45.9034 9.03492 100.214 58.7211 86.4248 24.9158 10.1454 1.27483 28.6468 81.1267 49.6396 2.66514 292.096 106.28 112.891 0.00211874 57.3763
-66.8927 0.447142 1.43795 3.02045 21.7067 7.8143 30.644 24.8884 40.2565 41.2545 1.49084 29.3093 16.8597 66.1371 64.3098 9.29823 100.214 30.0104 94.4721 5.59175 1.98049 15.2289 36.9795 76.5017 53.3358 17.8351 288.643 90.3201 112.891 0.00211874 59.3859
-65.9887 0.41782 1.43795 0.332761 21.7067 5.93398 30.5615 26.8018 40.2565 43.0733 1.49084 28.1444 14.9935 44.3801 71.5397 10.2847 70.7575 30.0104 90.5605 13.6716 1.98049 44.2302 39.9782 77.9286 53.3358 133.38 57.9567 182.043 11.4997 0.0192449 60.0266
-65.3799 0.147859 3.7921 5.07194 20.8452 6.54528 30.1314 26.5127 40.2777 36.606 6.24317 25.9531 5.26078 69.6482 71.5397 9.76916 85.1407 9.28162 78.9346 19.5207 5.26217 27.1587 6.94907 99.603 80.5747 153.884 18.0245 21.0389 59.705 0.00266188 55.264
-66.8792 0.200046 3.7921 4.51634 12.0627 6.54528 33.4734 26.0074 6.6202 26.6802 44.8077 30.123 5.26078 47.5555 95.4833 12.5831 103.908 9.28162 73.9514 17.255 10.5927 16.8073 27.6873 86.7145 55.4713 150.568 75.136 104.371 33.0238 0.020869 53.5117
-66.374 1.1285 3.7054 6.61267 14.1863 21.7773 6.18327 25.9895 38.1814 12.6819 31.9765 26.8002 15.7731 67.4608 127.467 10.9882 102.771 9.28162 11.5162 2.11956 19.6448 31.2041 33.4536 52.1196 58.5397 124.111 79.8677 20.5071 63.1947 0.0224588 61.055
-66.4378 1.13181 4.99756 4.52919 4.07224 3.32916 15.8578 25.9993 37.8686 14.9041 45.2405 36.9411 13.0112 52.9655 127.467 18.6773 133.856 9.28162 9.486 8.80967 24.4531 13.2865 23.5591 54.7814 50.4539 171.742 105.504 12.7924 35.5996 0.0296882 54.6746
-66.3596 0.753109 4.16818 7.17344 4.07224 2.35964 17.4007 25.9187 47.2515 12.202 42.5616 37.9864 17.1674 52.9655 127.467 15.5331 129.45 9.28162 12.2446 1.59306 17.1767 19.1758 25.4874 77.0657 58.3748 123.153 98.9814 24.7296 7.63589 0.0296882 54.4136
-67.8566 1.20127 5.99813 16.5298 12.8984 2.35964 15.824 24.4999 61.7685 5.74334 42.0589 30.6194 25.9209 26.5158 114.6 23.0984 100.095 7.30958 24.1071 12.4327 14.5919 19.1758 10.3059 105.177 51.8888 140.289 132.389 26.8004 37.1024 0.0335352 60.108
-68.6571 1.59651 12.2076 10.6241 24.3119 2.35964 9.48766 21.0887 57.1015 5.74334 42.0356 27.5047 7.79263 74.2526 93.4222 23.0984 70.3528 54.4145 20.0323 22.8734 21.3157 23.0097 10.9764 99.7379 21.2265 120.667 98.9632 22.4349 55.1533 0.0507991 59.8666
-68.3793 1.59651 6.42891 10.6241 24.5094 4.43965 14.6671 21.0875 63.4466 5.43852 41.9907 19.4893 10.8784 115.014 93.4222 14.8349 58.5718 19.4427 37.0729 30.4404 16.3458 23.6438 7.24342 82.0405 28.5835 133.921 39.1114 46.1728 26.1868 0.0113832 54.6199
-67.929 1.20982 7.38324 5.34032 5.34813 4.5544 14.4378 21.1957 78.3867 4.28503 40.8338 23.6885 11.9633 90.6747 71.6726 53.7736 44.8804 20.9643 37.2144 11.7408 34.1801 27.5602 7.24342 106.537 28.5835 125.143 40.8393 11.0773 66.906 0.029529 55.8635
-67.8082 1.11739 10.0867 12.6147 5.75286 12.7227 15.2671 19.6298 70.5425 1.6291 3.15009 21.9149 32.8286 78.6178 71.6726 79.7752 19.7393 31.1109 37.2144 14.6671 16.2301 7.92255 26.7149 110.382 51.0821 143.143 62.0318 60.8654 45.7666 0.0516338 55.876
-68.2344 1.60065 5.63842 37.0882 0.855102 18.9001 44.8774 19.9082 55.9365 1.6291 3.15009 13.9353 55.5845 78.7012 66.8418 86.4015 11.2026 22.3497 37.0069 17.9866 11.8915 17.8674 20.9009 82.5355 42.2233 179.498 29.9293 39.3215 36.6161 0.0371245 66.0942
-68.4454 1.4343 8.29091 38.6564 0.645646 3.33527 38.1209 18.7383 71.8387 4.66451 3.15009 13.9353 55.5845 68.539 77.0036 91.9993 28.7234 22.3497 25.0536 12.9479 12.7729 16.5473 25.8198 72.5758 43.6153 179.498 9.91119 16.9968 25.0963 0.0209963 65.4421
-68.8121 1.53754 2.9072 34.1562 4.35527 9.44406 37.0677 5.11337 96.4559 2.57063 3.15009 13.9353 34.6357 70.8527 41.6025 12.0382 43.147 43.1857 67.9213 37.3279 9.6636 8.55985 29.7635 67.6364 59.9498 196.218 35.8196 16.9968 12.9941 0.0160415 64.9363
-66.5558 1.0574 2.9072 14.064 5.10468 12.645 32.526 14.228 96.4559 4.21506 2.76339 28.0784 34.3848 86.7706 44.2859 12.0382 66.3952 43.1857 47.4509 38.119 13.4277 13.094 30.2444 55.5834 73.2035 124.142 35.8196 44.6617 43.7154 0.023618 61.2876
-67.093 0.217416 3.419 7.41655 10.7218 17.0541 20.8509 16.507 53.4348 4.21506 10.3907 24.3759 34.29 65.1903 2.51437 59.8009 81.5226 43.1857 107.905 30.7617 6.54582 15.498 31.8391 36.8739 63.6484 199.727 0.12459 38.3892 23.0732 0.0237591 54.4941
-67.0399 0.370766 12.3198 6.73814 15.2672 14.4663 11.5489 16.1616 59.9243 19.2253 16.4764 26.8622 25.2698 55.8527 4.47133 21.9329 78.8787 67.4101 120.292 15.2619 8.70137 19.8155 29.0444 15.2742 59.2486 203.464 8.67823 39.5375 20.5814 0.0156585 50.477
-67.6187 0.778187 13.9135 8.90908 24.0734 11.4434 5.16941 24.3551 36.8921 18.4621 22.7188 43.2475 12.226 69.2305 8.49358 23.5424 64.6345 72.6435 108.138 14.0007 10.5883 11.3189 38.3285 33.143 79.0855 183.837 58.0667 46.167 8.09547 0.0143707 48.8679
-67.7482 1.45606 13.0584 11.8378 24.0734 7.81462 3.56313 24.3551 18.3968 17.0905 22.7188 41.8319 14.4519 69.2305 3.22954 31.0935 59.1194 81.4185 121.3 8.80557 13.3192 11.306 38.2636 14.6326 96.4087 204.213 21.7767 39.0081 22.945 0.0132144 51.1614
-65.7659 1.29758 8.91109 9.72122 30.4294 7.95724 5.38957 26.8129 17.1835 4.69027 28.8404 42.4717 18.9092 72.3765 3.22954 31.0935 53.7491 91.1806 121.095 36.2273 11.2866 11.6262 7.63741 5.59672 107.129 155.629 49.6347 3.29108 30.3539 0.00301587 54.0465
-68.0998 1.44783 8.91109 3.75494 30.4294 16.2045 0.851907 20.7586 22.2861 5.9871 23.0764 37.0949 8.99087 91.1425 12.2584 79.3748 28.6092 62.5742 110.803 38.1995 8.52203 4.89272 18.4936 24.4346 100.539 178.078 18.9728 11.8719 16.8172 0.0071447 53.8082
-67.083 2.04504 8.91109 10.1172 26.7222 16.2045 2.19352 47.6816 5.99636 35.5592 7.44141 43.1007 19.8326 78.8567 28.0938 75.5161 20.2664 67.4209 25.5985 20.1774 63.0143 4.76628 13.71 36.6116 107.737 166.836 18.9728 11.6028 26.0306 0.0137067 59.0477
-68.1493 1.75407 8.91109 12.4629 21.9546 14.709 1.3703 48.9557 5.35071 17.8645 11.336 72.6176 4.92427 115.183 22.1057 51.2547 56.7139 87.0986 5.17749 16.2465 65.371 11.4061 13.9519 22.2074 50.6006 201.817 10.1178 7.75601 26.2781 0.00840111 51.6668
-67.341 1.75407 5.59872 2.75665 21.9546 31.3484 0.385648 39.4123 5.35071 17.6367 12.7358 72.6176 4.92427 115.183 5.59479 62.2504 70.1578 86.7806 8.3631 13.4296 43.2871 15.9144 12.9989 22.2074 66.4216 208.93 30.1981 42.4526 23.5682 0.00840111 54.9615
-70.4619 2.45667 7.44734 3.82985 3.25233 41.2527 0.944854 22.7669 31.2618 14.8155 4.77834 66.3896 6.83902 99.3653 43.0551 71.4408 76.2622 48.3768 24.8339 37.4274 33.3833 13.1164 8.83472 22.2074 66.3675 144.982 100.026 141.195 21.3936 0.00935738 58.8561
-71.1544 2.9861 15.778 4.35826 2.48375 13.6601 1.84431 21.216 14.5552 0.0823598 3.68347 111.964 15.4734 105.855 50.7679 73.9647 71.5097 20.2772 27.7322 23.3191 36.5341 33.8793 13.9394 32.5786 40.1695 131.237 53.9259 10.6357 10.7167 0.00508833 64.0799
-69.1973 1.77152 4.79346 5.00589 3.0296 4.21107 2.83441 30.4761 14.5552 0.0823598 8.76667 111.964 19.7476 99.5341 41.7796 80.8101 71.5097 22.4214 37.6263 12.9636 67.724 15.4009 12.9614 32.5786 38.5753 171.002 34.7778 52.4077 7.22335 0.000683611 57.2796
-69.4148 1.35746 4.79346 10.1837 7.59094 4.21107 1.97597 13.112 16.8363 1.65591 6.68254 119.91 21.4453 90.488 70.9578 77.598 54.1091 21.1867 3.10294 15.5351 77.7277 9.14078 15.546 32.5786 62.7048 180.263 46.704 39.0035 12.8976 0.000305139 55.8653
-68.1704 1.35746 7.04205 22.7826 9.35144 5.76007 2.29701 2.6632 18.5656 1.44249 10.9417 119.499 16.3346 91.3816 68.5423 79.4166 56.4548 5.88919 3.39566 6.54916 77.959 7.95984 23.1883 50.0636 88.683 132.146 22.2577 27.1871 11.3486 0.00177477 58.7909
-67.9026 0.739277 27.5481 19.9534 5.73037 4.73531 2.14846 6.15934 4.11589 8.04533 15.374 96.482 16.5569 81.2173 67.5804 76.4712 59.3517 3.104 21.1055 12.0442 77.7976 10.9257 18.4736 20.0897 93.0708 184.84 42.3858 5.23322 9.91636 0.00248346 53.3017
-66.7984 0.645481 12.1726 25.8693 8.92315 5.88162 3.65128 0.289824 7.34578 3.76966 19.7838 96.482 18.61 149.873 67.5804 35.949 42.1906 3.104 29.5919 10.8913 78.0056 8.40266 18.7746 28.1707 76.3049 176.349 42.3858 37.2082 38.3858 0.000534518 54.7093
-67.2015 1.11637 12.5243 18.3842 9.76818 10.305 3.6868 8.26238 24.748 24.8648 16.2696 69.8907 22.0403 149.873 61.8824 17.5638 25.0941 7.83763 40.3236 31.9044 66.1812 4.22275 27.7969 15.3409 92.3206 179.975 5.83419 145.729 96.6306 0.00329865 56.9639
-67.5797 0.391454 7.4201 36.4843 12.2806 3.00554 3.52001 8.26238 13.1307 15.666 26.4938 69.8907 27.0968 140.963 64.9524 20.4371 21.9471 12.3218 45.6914 19.1174 72.5719 11.4983 24.8779 31.7509 59.1356 188.343 60.822 263.211 70.0637 0.00141839 57.4268
-68.4329 0.41591 4.62069 36.4843 13.9646 5.62361 3.20051 5.65814 0.06171 16.9922 28.4618 69.8907 26.0872 146.114 56.201 6.50112 22.2079 12.359 36.635 32.9503 54.9736 56.8542 21.7236 31.3657 54.8586 164.693 60.822 125.647 91.2967 0.00119904 60.0486
-67.7604 0.438276 5.87949 33.6741 18.0082 4.09174 2.97184 5.65814 13.2001 13.9846 22.8215 66.7774 32.8823 138.68 68.168 8.40146 24.2898 33.5173 31.7579 28.2064 56.8784 59.7193 9.81506 9.8481 48.7437 161.742 60.822 123.572 77.083 0.00131703 55.6623
-67.6206 0.310722 5.87949 22.2122 17.8717 9.70616 3.41173 19.9591 14.7373 11.7392 16.8069 63.5665 21.072 164.514 45.889 8.40146 13.754 51.9635 27.6121 30.7127 52.4746 42.2393 19.3651 20.8095 49.3673 178.587 69.1284 76.9259 5.64886 0.000665874 51.2744
-67.6533 0.513917 7.4108 22.6963 14.6553 14.1424 1.62627 19.9591 21.5191 22.3103 10.1004 31.5004 37.7138 105.3 26.3833 95.8778 16.5921 53.2332 14.8903 38.475 55.8484 38.8012 12.7606 21.9748 23.5365 187.111 17.8662 76.9259 1.14032 0.000328066 56.8034
-66.8965 0.205718 11.3859 19.0207 18.0789 9.80875 2.41796 24.4123 8.17805 19.3985 17.9787 46.1561 46.734 117.972 26.3833 118.319 14.7202 13.2814 10.2646 16.1041 68.4219 45.4734 27.6711 27.2714 13.9965 189.956 8.13421 74.8801 1.14032 0.00381515 58.3176
-67.2659 0.0417932 9.66929 21.1394 18.0789 10.2333 3.57429 14.2539 8.17805 11.3417 8.4483 44.6945 52.9436 140.471 18.1578 104.152 14.7202 15.7874 31.598 10.5869 60.316 0.21942 41.5753 47.9925 82.6065 148.307 2.88475 48.0573 73.6378 0.00515323 56.6511
-68.0983 0.50753 17.1152 13.383 14.2724 12.3484 2.40751 9.42107 31.6873 7.95023 9.15792 65.4947 18.3244 80.7858 51.1424 113.551 14.7202 11.1979 42.3517 28.146 45.3017 3.35298 32.7698 56.2837 86.4804 74.3792 133.714 51.6662 36.9005 0.00715057 52.9114
-67.467 0.517727 17.1152 13.383 14.3571 10.2885 7.64311 9.42107 25.7786 9.01456 9.14321 65.4947 18.3244 87.232 85.2037 113.551 14.7202 22.0501 42.3517 12.5745 39.0102 17.4791 45.0669 14.6417 79.9203 49.674 248.031 58.4133 38.6001 0.00275105 52.9106
-67.4643 0.286669 15.0909 12.0176 14.5699 17.8166 6.50244 22.304 24.6948 8.54716 9.39489 52.6137 18.3244 81.5948 85.2037 113.551 14.7202 22.0501 40.0099 12.7607 27.0728 21.4112 21.7356 8.25779 103.168 29.7476 248.031 35.1831 34.6576 0.0030962 51.4845
-67.0631 0.646671 13.4474 10.8808 17.1318 17.8166 7.39333 5.04867 26.7979 8.69413 9.67952 80.0475 15.3821 82.7011 20.6576 107.129 6.93125 37.7643 56.9779 46.8958 7.89625 8.49247 38.822 24.6726 99.2515 74.8489 226.308 26.1824 77.499 0.00261339 56.1217
-66.9527 0.905953 12.6807 6.73956 19.1056 18.6774 1.559 9.88641 10.992 10.7992 19.8399 73.2666 19.4151 82.6858 31.9494 99.4561 6.93125 37.7643 66.7148 50.5149 6.8743 64.8503 19.0839 6.10145 91.1616 99.7151 140.54 20.6261 28.5211 0.00299482 51.6456
-67.8019 1.09278 5.44774 14.5048 26.1789 14.9254 1.559 9.88641 11.5385 17.5148 27.3191 62.0427 18.2764 84.0769 23.9594 133.556 6.93125 37.7643 72.3389 11.0564 26.8404 30.2211 19.0839 8.0463 105.39 126.966 58.2937 28.6295 33.0472 0.00306917 49.3864
-67.532 1.09278 3.80721 9.97265 22.7297 14.9254 4.87855 5.88729 24.6226 16.4482 21.9371 62.0427 17.2188 79.1884 23.9594 139.605 23.1837 37.7643 23.6555 24.2302 29.0845 38.1207 30.6102 15.2056 60.7523 196.646 75.0298 28.6295 13.4468 0.000886601 52.9782
-68.0104 1.31902 9.29568 9.97265 23.7683 14.9254 2.18383 5.88729 24.2645 26.0139 23.6267 42.5994 17.1179 75.2407 24.4992 139.605 32.7022 53.675 28.9293 21.3834 23.14 32.0729 26.7503 27.9137 60.7523 149.731 100.197 42.8807 26.6421 0.000479526 50.0103
-67.2993 0.496167 19.6936 8.65565 23.7683 14.9254 2.99019 23.6559 18.2691 25.896 22.089 44.1356 17.0317 90.4551 27.6133 139.122 40.65 36.1118 5.79028 27.2025 22.3797 23.9297 2.97438 49.1953 60.6164 150.981 91.0302 54.5083 29.756 0.00314653 51.491
-68.1766 1.38308 18.0757 4.68621 23.7683 15.5618 2.99019 23.6559 12.653 19.6378 11.7846 50.8139 18.7379 103.043 23.3377 154.867 40.65 25.7069 9.31949 22.3043 11.8639 21.0188 2.97438 60.4959 89.6242 150.418 56.6016 69.9134 55.3879 0.00398028 52.6022
-67.532 1.25368 19.0093 4.88251 21.9857 15.5618 2.1397 20.523 26.4932 14.8083 9.83783 63.5024 15.848 96.7974 35.9802 185.789 20.8697 5.21729 2.21465 21.0239 18.6798 21.5231 24.0783 46.6638 86.4451 150.311 49.3837 132.496 16.2119 0.00298535 55.9393
-68.7368 1.26948 17.1318 4.95032 15.0237 18.8049 7.54805 19.2304 38.6423 14.8083 15.4221 60.1441 10.2826 29.2071 35.9802 201.516 38.0101 31.9619 3.10527 27.3876 26.6617 21.1739 5.48952 16.3321 77.2564 149.889 114.204 22.3066 16.2119 0.00344162 50.4913
-67.1648 0.4138 17.9711 3.49325 13.2151 12.9371 6.20079 19.1869 38.6423 14.8083 15.4221 53.7314 10.3853 29.2071 35.9802 182.047 49.4698 40.8664 16.2055 27.3876 26.6617 21.6119 27.3609 21.9598 77.2564 148.734 17.9964 19.2242 10.3318 0.00296859 49.5845
-67.204 0.622296 19.0135 7.14839 5.55203 16.838 14.022 40.3584 59.5215 16.3207 15.4221 38.6076 1.09393 29.2071 58.742 121.958 54.8154 46.0472 10.1354 21.233 45.1236 19.7828 33.5027 36.6837 38.2382 145.025 32.7664 105.578 12.7071 0.002839 61.692
-67.1999 0.146823 19.673 12.818 6.73186 9.82937 13.9802 47.7183 37.8362 16.3207 2.1094 23.5404 18.2757 49.6787 85.4056 121.958 38.5296 12.7697 22.3975 25.4444 30.7576 22.3326 34.4326 43.7676 49.5797 152.156 66.3215 125.87 23.944 0.0209649 52.5561
-67.4599 0.675594 20.3169 9.016 4.66787 9.82937 18.1782 27.1216 37.8362 25.1024 4.12561 29.6904 14.6631 20.7779 55.234 146.876 27.9275 30.6149 36.713 33.1464 45.3088 1.10372 30.2898 84.5074 51.0067 153.692 49.3998 89.9279 16.7407 0.0414978 55.8547
-67.8357 0.328533 13.9697 9.016 7.59764 10.0385 26.4587 27.4486 52.8196 33.0814 27.921 29.6904 9.99867 20.7779 22.2976 145.411 20.3331 31.7299 27.7264 28.9535 38.943 4.83917 37.1118 63.8191 48.1301 158.715 89.6489 73.3574 14.9496 0.0270899 56.0879
-68.0588 0.494258 12.8262 10.7063 6.10129 6.18813 15.6856 33.0565 58.2369 13.4084 35.7895 19.1552 12.1789 20.7779 41.265 145.411 38.1251 31.1908 23.3638 12.0414 38.943 16.8967 67.8341 41.7135 37.6174 195.469 18.6979 27.567 14.5583 0.0248071 54.0237
-67.4876 1.04211 10.7458 11.3381 0.957667 0.861641 17.1807 34.8663 66.4104 14.9899 23.1056 10.9443 16.9597 44.8506 41.265 135.269 52.1 20.4783 35.5025 20.3 38.943 4.85897 59.2299 29.542 42.1148 184.7 47.0538 74.4525 29.511 0.0127581 52.9753
-66.9966 0.994377 3.82946 13.3993 2.68252 5.84482 12.8479 3.38969 70.0955 68.4012 17.8835 7.35945 16.1729 51.3767 29.3707 135.269 50.025 18.8591 52.3171 22.2836 45.0042 7.83702 17.7267 44.3428 46.9371 156.549 29.4474 54.4454 11.3757 0.00737682 51.6379
-66.9966 1.03817 7.43107 12.392 3.19847 5.84482 8.60508 3.38969 70.0955 74.77 15.0855 6.92914 10.5664 56.3794 33.0325 135.269 52.8623 12.1653 61.344 27.6092 33.7225 8.91124 13.359 44.3428 37.7895 184.744 23.986 54.4454 53.6071 0.00798311 51.7788
-68.8011 1.04741 7.1227 2.64515 1.75685 12.8039 10.5794 3.38969 68.8761 96.0141 6.18735 1.02731 12.3873 76.3453 56.3032 75.5541 35.069 24.5817 77.2357 23.5709 39.4387 8.54996 10.8139 56.2249 41.1414 190.553 7.36668 44.5689 49.7879 0.00238151 53.4667
-67.9322 1.12804 5.07937 6.21175 9.06535 2.5537 5.63851 3.38969 66.6046 96.0141 9.80539 6.92474 6.34583 62.5992 90.2488 66.5934 25.2951 17.7689 86.9944 24.7666 43.3069 11.4768 24.0287 27.2472 35.0307 189.998 29.9622 76.5444 60.9711 0.00147837 53.5139
-68.2256 0.938368 5.07937 10.4994 9.06535 3.51671 5.63851 3.38969 66.6046 96.0141 9.80539 3.9204 7.27518 62.5992 93.5425 66.5934 20.5245 17.7689 87.1365 25.5534 39.1483 11.7797 15.6066 34.6377 33 167.117 19.31 112.283 47.9678 0.000729167 55.594
-68.5491 0.938368 2.3959 10.4994 9.06535 6.84178 5.63851 3.38969 66.6046 96.0141 9.80539 3.9204 6.45968 62.1284 85.5654 66.5934 20.5245 17.7689 87.1365 26.955 39.1483 11.7797 15.6066 36.3162 57.48 197.947 35.2867 68.1014 27.2387 0.000650943 54.1272
-68.5491 0.747534 2.3959 10.4994 7.25843 8.09067 5.63851 3.38969 51.613 96.0141 9.80539 3.9204 3.24551 62.1284 67.2438 39.6495 20.5245 41.0905 134.098 18.8224 39.1483 10.0664 13.2154 34.8793 47.2421 231.239 20.4444 68.1014 26.2851 0.000154154 53.5046
-68.5491 1.64204 2.3467 11.5574 6.67693 5.5714 13.5485 3.38969 44.998 88.3297 9.80539 9.63904 3.24551 11.9899 107.423 35.6408 20.5245 42.2551 102.608 22.513 43.2465 59.4823 13.2154 28.3 47.2421 215.881 7.79499 72.9664 26.2851 0.00340089 54.662
-68.5491 2.37439 2.10047 8.42184 6.64878 6.99878 14.5917 25.6003 42.4022 88.3297 11.2188 8.51873 5.84898 15.6872 115.039 35.6408 12.4352 17.3433 102.608 22.3253 35.8725 68.1077 19.8127 9.13888 55.7758 190.239 48.7602 146.12 41.1208 0.0101563 59.2011
-67.8271 1.57602 3.55001 8.70421 2.11754 6.99878 16.7706 11.543 39.557 88.3297 10.5175 10.5334 5.94335 28.1543 115.039 47.7324 8.91819 17.3433 102.608 21.5223 36.9349 45.8813 9.11222 30.3041 52.9054 198.526 40.362 92.3265 51.7602 0.0116072 55.5223
-69.9066 2.33462 3.87778 8.70421 2.11754 7.32594 11.9944 21.1089 38.3347 72.4142 5.87651 18.502 8.81712 35.9747 93.6096 79.059 6.52562 17.3433 108.357 28.3204 33.0925 57.9369 9.11222 22.8363 52.9054 181.641 78.3512 108.821 11.6904 0.0116072 60.8508
-68.7121 1.50212 5.26033 1.87742 11.1922 5.70664 12.4363 35.0222 35.846 67.4423 2.30823 14.7858 9.89806 74.7728 97.2831 98.9409 10.9545 35.4338 47.0458 9.07443 13.7841 57.9369 16.526 19.7112 56.3427 187.902 23.0507 32.1481 35.515 0.00526976 51.0428
-67.1282 1.11542 5.16505 3.16318 8.35784 6.1171 10.5299 37.4675 46.4105 67.4423 3.80796 13.3696 2.13482 68.7041 97.2831 98.9409 4.42462 41.6549 47.0458 9.83276 19.7033 57.9369 15.3885 28.648 43.7334 175.309 27.1355 24.777 31.5667 0.00493581 50.7215
-67.1282 1.48242 4.83275 3.12769 8.35784 6.85547 9.71107 38.3006 19.588 87.3863 3.44958 15.985 3.58597 48.408 75.8363 98.9409 4.54124 31.621 91.6892 9.42244 20.8473 50.5796 19.248 45.8214 54.5876 175.309 27.1989 29.534 39.179 0.00220652 54.2243
-66.4247 0.290525 16.5275 8.26699 9.21998 9.25484 19.1034 38.3006 17.3541 65.02 0.52813 21.1963 5.99828 53.908 93.8797 78.7479 3.96437 23.6218 95.9628 18.1105 26.1016 26.0573 10.5937 44.9723 73.7499 148.35 47.5191 19.0901 21.0599 0.00386516 51.9166
-66.4247 0.190707 23.6105 0.628539 9.82045 8.48201 21.6376 35.6966 33.0012 65.02 1.72627 26.8553 5.99828 44.0903 48.0177 64.8629 3.94464 45.431 104.661 28.7663 17.3933 2.57199 18.5268 75.4535 66.5741 201.178 4.1852 19.0901 21.6874 0.00377319 56.2284
-66.2502 0.247805 0.462237 0.628539 6.16387 6.12524 3.35785 37.1855 36.8136 65.02 31.8873 23.2973 10.1456 25.6061 48.0177 72.3474 22.1787 28.0206 72.6284 79.2029 40.0995 9.96015 18.9587 78.7271 32.3155 60.1242 8.46359 4.16464 6.16372 0.00222142 62.0701
-68.2392 0.505006 0.462237 0.628539 5.7531 6.12524 6.08856 37.1855 36.626 64.3049 29.6752 6.97178 16.0888 32.2447 48.0177 66.7721 21.2549 31.9522 107.756 44.0103 40.0995 4.39892 18.9587 70.5885 112.512 16.5691 197.293 33.9854 11.4925 0.00363721 60.6764
-66.1497 0.354219 3.10791 2.91018 16.7126 5.07021 37.0592 26.3212 41.3978 53.1244 25.05 19.3176 15.9684 25.8697 6.58451 76.1644 18.5881 53.5473 103.114 52.9896 19.6581 9.91296 30.3203 4.46843 96.0269 84.4758 193.429 99.7579 16.4556 0.00509855 57.7212
-65.9159 0.354219 5.09348 0.726069 14.991 5.07021 37.0592 7.34221 41.3978 33.0374 20.9997 24.5702 11.836 7.79744 58.0996 77.7729 58.923 53.5473 65.4296 77.0428 22.7003 6.11926 15.2458 17.5265 139.827 56.2311 120.217 7.09191 30.7826 0.00784556 56.0808
-68.2615 0.786966 3.16465 2.34067 15.2811 8.14527 35.8307 1.8918 42.1097 30.5645 21.7287 24.5702 14.0452 36.1045 46.0012 86.7604 17.8457 82.7985 65.0161 63.3832 29.2725 3.16974 15.2458 8.56687 98.798 98.9064 120.217 17.9925 26.2142 0.00476518 53.3861
-68.09 1.16206 0.917212 2.90125 17.6271 9.2177 39.9541 1.8918 37.0801 29.1443 25.7693 24.9515 28.2866 30.5857 39.8391 77.3445 42.9011 107.483 65.0161 2.24557 28.4588 10.0004 15.2458 1.51586 107.03 98.9064 179.922 14.1141 31.5535 0.00282793 56.8662
-67.7575 0.389735 3.75491 3.91302 15.598 2.36954 43.1534 1.8918 9.9142 25.8746 30.894 13.0185 35.8232 35.1749 42.8947 76.0724 45.3747 112.646 62.9254 28.4543 39.3715 36.0628 0.658986 0.757485 90.2455 75.805 181.269 14.5179 11.2101 0.0166504 58.1007
-67.1602 0.43939 2.37182 5.40939 15.598 3.10484 33.3097 3.47406 17.153 31.8091 30.8506 12.93 53.0638 53.2447 25.0455 51.9505 39.7859 90.401 104.144 23.9799 6.33065 59.9208 7.1581 8.09686 94.4506 111.171 101.769 15.4962 18.6752 0.0157149 52.1675
-67.8309 1.2088 1.57125 5.44695 10.5355 5.81388 33.3097 2.69112 12.6266 32.1635 39.8632 18.1941 40.2896 31.8173 29.5863 55.5927 38.148 109.37 104.144 23.9799 2.42009 60.6707 1.75579 10.1181 81.955 138.046 101.769 29.2732 17.2108 0.0153545 54.7396
-67.7124 0.922127 5.64412 8.60297 10.5355 6.04796 34.688 2.69112 26.6709 25.7385 52.6726 3.34676 46.6646 31.8173 39.7201 56.6359 40.7158 72.0273 104.144 9.33263 1.24 85.8637 1.75579 4.203 77.1498 169.98 86.3795 42.7922 27.9253 0.0155092 53.9113
-68.1971 0.817536 9.86736 8.28204 10.5355 7.79902 27.3553 2.88812 27.364 30.6002 35.3394 3.34676 39.275 31.8173 33.6491 56.6359 45.9278 52.4513 116.609 22.2876 7.23779 74.5183 12.9453 7.36474 94.6412 176.858 14.2813 47.5158 11.1335 0.00828207 52.7127
-69.0111 0.598206 4.83376 19.2927 9.50042 8.17421 25.5223 21.0016 21.4872 16.673 35.3394 3.14986 38.4049 31.8173 15.3571 51.4812 39.3401 70.9421 143.644 28.6951 15.4158 47.7853 19.6403 7.36474 69.8262 180.227 28.3185 38.6497 118.899 0.00110977 56.1673
-68.1836 0.577969 3.92502 23.6704 9.32554 7.05328 25.5223 33.1618 9.66758 16.3784 55.1455 3.02776 31.3943 51.1455 15.3571 42.9671 45.341 70.9421 124.634 11.4982 1.34145 26.9333 17.7131 38.3013 87.673 187.82 29.4935 55.9217 136.085 0.0277613 56.1611
-66.0689 0.300738 13.4232 22.0459 2.67356 0.935218 22.8431 32.2139 18.8749 16.5118 36.208 21.178 33.9737 51.1455 14.9998 42.9671 46.4968 68.7046 124.634 9.85759 22.1731 8.10248 14.3991 45.4614 88.2351 186.555 49.9905 74.5966 98.6853 0.00237461 50.9141
-67.2294 0.446366 13.0325 22.2038 7.52451 0.935218 22.1566 35.5265 22.4153 16.0229 39.0197 12.3231 21.6244 19.7958 40.9364 45.392 58.0881 69.2752 119.559 9.81102 17.5234 21.2092 12.2799 69.7233 67.3588 163.95 29.8184 77.3456 26.0384 0.00266702 50.1212
-67.1137 0.0300774 16.0092 17.4765 4.77866 0.935218 20.5166 25.888 22.8267 38.0682 33.7356 12.3231 7.54735 109.775 51.7515 25.9657 40.5654 69.8071 68.8002 9.65995 16.7132 21.2092 17.5644 57.8598 72.8299 152.477 12.4814 29.3441 2.59034 0.00266702 48.936
-67.1678 0.901646 12.7344 17.368 6.43286 0.9946 21.2268 32.6755 30.8799 38.0682 33.7356 12.3231 0.304804 102.991 53.7301 28.3054 92.9771 64.2398 24.9003 6.91807 13.9236 25.7888 27.8811 61.0751 84.7813 107.27 45.6869 25.347 23.2796 0.00318974 54.5473
-67.4483 0.883185 10.3368 22.9481 15.3492 0.9946 14.221 38.4488 22.0729 28.2635 18.4821 6.21685 29.2945 63.5396 39.1418 37.5642 41.1737 89.8483 27.4928 3.30988 10.3917 59.4714 24.9457 82.9013 52.8061 181.975 29.593 17.563 22.2412 0.0052959 51.5136
-67.638 1.02371 14.7745 21.3892 15.3492 0.9946 16.44 38.0423 26.9631 20.0151 20.1103 18.8193 28.3303 169.292 17.9755 21.4967 5.7433 97.9931 32.1127 4.28779 11.7945 22.4648 13.0894 116.625 6.78459 160.328 67.7024 55.446 24.6166 0.0105841 52.9436
-67.6859 0.946976 14.4974 18.1683 15.3492 0.9946 15.7662 41.8163 23.1854 22.7584 22.0168 17.9872 26.906 169.292 17.9755 21.4967 5.7433 97.9931 32.1127 10.6849 11.6248 20.8175 15.1795 92.4091 18.8999 178.294 58.3056 23.4971 17.6396 0.00804302 49.5996
-68.0725 0.992919 7.69599 17.1593 15.3492 3.32158 19.3833 42.358 25.768 17.9627 27.7808 17.9872 26.6357 169.292 17.9755 14.8045 5.7433 99.8281 31.91 21.5264 16.0125 23.2298 15.1795 86.9091 13.3385 165.938 58.3056 19.7673 43.419 0.0109524 51.2541
-67.9678 1.25758 9.50461 19.0159 15.3492 7.18505 22.5907 22.3678 18.6706 17.9627 14.2805 20.0848 26.6357 179.819 42.0521 12.6538 1.65065 99.8281 31.91 27.4326 14.6795 25.7998 15.1795 61.7331 21.399 171.226 60.8401 19.7673 2.96783 0.0342566 57.2807
-67.9576 1.17036 9.43454 26.805 17.7899 6.59407 4.58558 27.6603 43.1429 27.472 10.4623 18.8981 20.0118 180.081 9.25697 9.25625 7.82757 99.02 43.6727 35.9781 15.4354 30.0714 19.091 24.4359 41.8575 165.165 14.5353 26.1515 7.52566 0.0297461 54.432
-68.0774 0.898794 9.51031 26.805 16.8099 6.59407 4.58558 33.4189 43.963 27.472 12.5001 18.9092 18.5262 180.081 12.8765 12.4008 24.5363 77.0972 41.4946 24.2911 20.1959 16.2333 10.9138 59.5918 50.2617 189.779 62.5717 51.3814 16.6528 0.0191301 51.9671
-66.476 0.624438 7.96081 22.2548 16.8099 6.59407 6.37013 37.9103 39.6654 32.3446 7.63086 17.9374 5.8414 180.081 12.8765 17.1547 35.6112 77.0972 38.6668 27.3 20.1606 18.1022 24.2612 44.0212 42.7201 133.271 43.2924 24.461 41.5414 0.00551005 50.5522
-67.2721 0.582528 7.98499 22.2548 16.8099 6.59407 5.35759 31.2439 36.0733 37.8391 17.1042 8.60001 15.0214 183.312 13.8661 13.1031 32.7081 77.0972 31.8128 29.4695 8.64838 18.1022 11.2746 65.2587 42.8413 105.898 181.743 23.0303 27.5641 0.00683779 51.5593
-68.5553 1.75684 10.2729 22.2548 10.6312 11.4033 6.93235 29.6819 27.6591 40.0839 27.362 9.44915 9.44689 171.565 13.8661 9.41286 38.2763 92.7438 31.8128 32.2886 22.6079 18.1022 12.4081 61.0005 42.8413 95.1156 181.743 39.55 32.4343 0.00487926 51.3199
-68.0664 0.663903 11.714 24.1142 13.8325 11.4033 6.674 22.7902 33.1406 40.0343 21.8908 9.44915 28.4959 150.614 8.82065 14.889 59.093 88.9186 13.4161 25.1946 27.1554 28.1811 12.4608 55.6665 46.4254 92.0057 181.743 65.7961 30.9207 0.0059686 52.6449
-67.1057 0.622026 11.2945 24.1142 12.0367 11.3961 6.674 31.2237 35.9078 40.0343 26.7861 18.5763 28.4959 158.596 15.3948 9.51505 46.3366 88.9186 13.4161 24.5777 32.3858 8.52305 12.1213 38.7904 38.8428 106.336 188.211 70.0519 21.2807 0.0066838 56.1897
-67.1094 1.96774 11.3014 26.5903 12.0367 7.04109 6.674 26.8989 38.32 41.8435 28.2544 19.0065 22.1457 144.514 15.3948 12.3926 46.3366 88.9186 23.7569 26.1597 33.4682 8.52305 12.0944 36.3039 57.8216 105.943 131.463 92.7177 6.30894 0.000552862 57.5156
-66.6342 1.50669 10.4692 27.7419 13.5406 4.54973 14.2919 45.3363 33.7565 7.58256 5.40944 34.9528 22.1457 139.303 18.0088 10.0301 49.6147 101.982 24.9017 29.6848 33.3976 14.7807 9.36353 40.3003 57.0272 100.936 142.615 128.918 23.2094 0.0154248 57.917
-66.6993 0.854705 3.71078 3.73183 13.2151 4.54973 14.6954 45.3363 39.7452 11.2385 5.40944 19.9606 37.1324 178.963 20.0269 6.7352 32.5972 101.982 24.9017 38.6515 33.548 12.3994 4.03273 40.3003 75.2163 101.3 117.764 173.31 24.7517 0.0179994 54.3127
-66.5958 0.757892 4.82146 6.61415 12.7205 2.90471 7.43034 45.3363 41.5016 8.13986 21.7357 22.7151 40.2643 176.353 20.0383 7.23718 15.5736 104.022 25.7249 40.9978 25.7231 11.7782 9.22714 57.5574 76.0041 68.1141 134.236 132.902 19.5239 0.063344 60.9445
-66.3614 0.498587 1.68957 5.90652 12.953 10.8994 29.1854 7.80371 39.2025 8.13986 39.0244 25.6947 41.148 99.6594 94.827 7.24971 5.43688 19.8084 121.181 41.9909 28.2326 7.27982 16.8715 28.0168 72.7098 62.5308 127.465 133.7 29.1636 0.0138293 54.7714
-67.5335 0.627658 1.40566 1.62894 12.9517 8.50137 16.5574 10.4855 40.4143 7.97693 48.4431 10.6704 43.8824 61.9944 94.4914 11.5612 20.5092 35.4116 93.8278 20.3755 35.8966 6.02675 13.6261 71.4 101.077 103.43 142.147 46.9941 51.7932 0.00753714 54.7167
-66.9501 0.208899 16.8798 2.5012 12.6379 10.3512 18.5954 2.30297 45.9561 8.45462 39.4194 9.30937 44.3682 4.63525 87.6515 6.61183 19.6043 56.8252 150.699 11.7396 51.9657 6.47146 22.1158 56.601 66.6811 58.7006 213.956 31.4404 42.9607 0.00176541 52.9492
-67.9304 0.440111 22.5421 1.10601 13.435 9.48879 12.5705 25.4037 45.3486 14.7374 38.6537 7.54656 36.9586 4.63525 95.8452 4.08312 15.6255 56.2576 122.295 35.1136 53.3468 8.98621 22.9517 49.0581 68.328 95.394 166.415 65.3776 51.5324 0.00176541 56.4469
-67.4402 0.464776 4.28853 20.5007 13.4901 17.215 2.64832 18.6025 37.1908 14.282 38.6537 19.3618 34.6475 45.1593 68.0629 10.5055 75.4084 73.3838 63.6684 3.43079 32.9908 6.05226 28.7548 45.1524 91.2041 96.0058 142.496 22.6732 91.4444 0.00337915 51.7277
-67.2236 0.713829 2.26093 41.9204 13.4699 3.08655 6.04981 21.2056 35.0734 18.2858 28.8321 48.6999 2.01634 8.79883 41.8127 10.77 120.471 72.9533 63.6684 22.3375 29.3833 1.059 60.7606 30.6669 95.2781 110.133 96.7968 78.0661 29.8514 0.0833569 62.0275
-66.9057 0.348214 4.38532 37.6408 13.3983 0.875932 6.04981 46.292 32.5349 18.2858 22.0251 26.4605 2.01634 8.79883 64.477 10.3915 120.471 62.6267 47.0866 10.8129 12.763 1.059 85.4822 44.5533 90.528 132.318 107.852 33.7128 9.69747 0.0300138 57.8354
-66.7563 0.684208 3.34319 37.6408 13.263 0.875932 6.91989 62.4994 32.7404 14.012 26.8817 15.1274 5.76703 26.561 64.477 31.6335 76.4201 71.3239 47.0866 21.6786 1.58462 1.059 85.4822 32.4391 88.7834 111.099 101.086 33.7128 27.2372 0.0328281 58.1344
-66.851 0.0552534 2.95792 25.7712 13.5166 7.86029 7.33577 66.1696 22.6645 18.7202 23.0169 13.0221 8.31922 33.1843 66.9064 24.9779 33.4693 96.2829 51.9329 24.924 2.09081 5.27289 73.5297 63.6112 84.1757 104.656 123.89 15.8148 28.1087 0.0391975 55.9987
-66.9902 0.0839852 6.26705 35.2521 9.75574 0.490701 11.8508 69.6878 26.4733 11.475 19.8942 20.9902 8.31922 33.1843 75.3799 51.2708 28.1534 96.2829 8.28466 30.8381 4.94319 5.27289 73.5297 63.6112 75.9019 99.3097 131.296 101.6 11.6173 0.0219674 55.9058
-67.8259 0.0839852 11.03 21.5973 6.72369 13.5771 11.9735 47.2935 10.8525 7.61029 40.4177 24.8164 9.43133 30.6096 73.8734 47.4479 54.5284 84.0782 24.1784 33.2135 4.73711 15.124 45.514 73.614 82.3185 114.184 93.5478 57.9351 70.0173 0.0146129 53.6446
-68.1148 0.746891 10.5629 12.331 8.97164 16.3335 13.807 52.9029 11.2694 1.57515 40.4177 24.8164 14.8568 50.5857 67.5183 60.7182 27.5205 86.9197 13.1859 47.0652 8.09978 13.5905 15.694 91.8544 80.3397 115.209 62.4734 27.387 91.7151 0.0119193 54.5017
-67.5027 1.06524 14.9512 10.2621 6.23959 23.4399 12.5319 34.6084 8.11554 13.9201 40.068 31.7403 13.3753 50.5857 65.4144 73.0601 26.3785 83.8392 11.7023 57.5803 9.39901 20.5659 27.636 65.7783 48.7264 155.848 87.2323 2.1261 36.8714 0.031726 55.3106
-67.2307 1.63817 5.84364 9.3895 10.0109 23.4399 10.5088 44.0876 8.77619 27.3375 51.2846 27.2252 22.0384 50.5857 63.0273 49.1695 34.8457 83.091 6.34839 56.5993 16.4404 14.1969 27.636 63.3668 39.1561 162.783 65.3911 10.9212 20.5824 0.0326543 56.4397
-66.2783 1.34651 0.23321 11.098 8.18884 15.5186 17.8758 16.627 7.33578 22.0058 51.2846 22.5031 35.6175 48.8657 63.0273 72.5554 40.6086 81.5214 3.5902 42.4975 10.7474 14.3339 58.9497 36.6749 64.3124 125.407 91.9529 94.4994 55.0705 0.023499 60.3199
-67.3178 0.768715 4.46634 17.73 0.795551 26.5614 7.54077 16.0695 7.33578 28.0454 13.7181 22.3745 56.9529 48.8657 55.609 77.3528 49.6906 82.3221 9.77696 16.2582 9.61963 21.5666 68.0664 48.5252 79.8153 130.242 49.0705 73.7048 45.6155 0.0149486 55.068
-65.965 0.93366 4.46634 12.2073 7.2506 35.4989 7.96093 12.1837 7.33578 46.3051 28.7727 22.3745 34.8008 38.1048 55.9267 53.7186 84.8349 82.9286 1.27242 12.3024 16.9637 13.9162 65.1464 34.0753 79.954 153.118 31.3316 11.2998 47.56 0.0165755 55.8794
-65.9395 0.573364 6.96046 1.54583 4.65657 45.5803 8.47515 12.1837 7.33578 46.3051 23.1036 20.2656 46.5242 38.1048 72.0707 43.3863 84.8349 103.333 1.27242 13.4522 2.78813 12.7895 62.6256 24.2837 78.0612 165.111 31.3316 18.7464 41.4454 0.0138753 54.3349
-65.7263 0.152593 1.40576 3.67623 1.05649 45.5803 11.0317 12.1837 7.33578 33.2175 23.1036 17.8522 47.7353 38.1048 72.0707 49.2535 84.8349 106.949 1.97106 11.6225 26.9362 5.79609 62.6256 20.8885 78.0612 158.491 31.3316 26.4323 63.2068 0.0092552 53.957
-66.0538 0.555029 1.40576 3.67623 1.05649 44.1542 7.48586 10.9289 7.33578 33.2175 24.2248 22.1209 52.0359 38.1048 72.0707 49.2535 84.8349 106.949 3.06197 9.95445 15.4365 5.82269 55.6916 20.8885 87.7353 158.491 31.3316 20.4748 77.1444 0.00776587 52.402
-67.0377 0.555029 4.78825 4.15497 1.05649 50.036 8.69355 10.9289 7.33578 42.3048 24.2248 24.0245 43.7231 38.1048 72.0707 58.7357 71.2415 91.0542 14.466 6.14213 41.3238 7.74987 55.912 0.586891 81.5481 156.265 86.216 37.6778 14.8671 0.000429299 53.6803
-67.8783 1.68641 2.44054 2.21514 1.05649 50.036 6.99317 10.9289 19.5768 24.0549 7.86885 38.9838 43.7231 38.1048 98.4543 36.7043 56.0323 82.8401 16.9014 6.68283 41.3238 17.566 46.1715 18.5744 88.7647 147.131 114.843 37.6778 3.24055 0.000361289 53.3801
-68.3203 1.91258 9.13319 2.21514 7.1335 41.2599 5.57223 10.9289 19.7965 24.2804 20.5162 31.39 37.928 38.1048 98.4543 43.2633 66.0674 88.5631 17.1478 9.0009 24.5658 8.10648 40.4997 18.5744 85.3002 129.741 97.5668 25.766 3.24055 0.0144033 52.06
-68.0458 1.9106 8.21521 5.53839 7.07797 35.7519 4.51418 19.0195 19.7965 26.2724 17.8399 28.3748 22.3186 43.0518 91.3408 50.4349 53.876 88.5631 17.692 16.6355 27.3396 15.3504 31.5813 41.9255 70.2733 145.622 52.1158 14.6352 13.3158 0.0363608 56.8858
-67.2053 0.490483 11.2765 6.53402 8.05029 33.9891 3.17222 2.47147 25.7042 33.3715 20.2449 29.9936 33.2327 43.0518 89.0071 55.0005 63.5242 88.5631 10.1266 25.1782 14.0241 6.95518 31.5813 48.5764 42.8617 196.681 40.342 50.8491 50.3641 0.0434268 52.35
-67.0058 0.485435 12.2734 6.53402 12.2346 33.9891 1.68993 6.64487 20.7767 33.3715 10.8672 29.8735 33.2327 43.0518 89.0071 70.9582 63.5242 88.5631 5.40085 25.1477 2.8803 45.6542 10.0746 39.821 42.8617 164.832 93.4667 105.347 59.1584 0.00109038 53.1403
-67.193 0.306533 8.65035 8.31009 14.6124 17.2014 7.90648 6.64487 14.792 50.4347 16.1939 30.062 47.1868 43.0518 112.154 65.033 60.2316 45.9909 10.1197 32.4625 10.4903 33.8365 11.6908 28.3507 80.7187 161.627 73.7659 69.2657 68.3864 0.00474965 51.1593
-66.8198 0.383792 6.02202 10.0034 15.6787 16.9246 10.6147 6.64487 9.74055 50.4347 18.0056 29.8186 56.7372 64.2009 112.154 60.3279 20.8627 12.5959 14.2532 12.7989 12.5063 32.6509 32.9928 15.1629 126.969 154.302 85.2193 22.9852 71.2134 0.0106937 57.4454
-66.8061 1.00535 9.42952 5.28062 26.2899 8.13969 11.5496 6.64487 51.4203 33.2086 13.9632 0.0295834 40.2497 41.6393 115.639 87.7606 31.182 20.3802 5.87924 33.6962 13.4414 39.3331 29.6611 13.1725 138.358 139.682 74.688 15.0322 77.696 0.00368664 58.9428
-66.8873 0.59852 24.9716 3.90442 20.3085 7.05341 13.3589 12.4751 32.9527 45.7871 10.3379 10.4783 26.8875 41.6393 111.062 77.5735 31.6567 41.5734 6.8553 23.5876 6.10309 43.6746 45.2004 16.7417 109.474 128.638 98.696 21.5976 42.2939 0.00614127 52.6804
-67.2638 0.860807 19.4638 8.77857 24.4649 4.12976 10.3211 12.4751 47.5775 28.5035 10.0672 10.7652 23.0331 55.649 111.062 58.0095 32.9081 46.603 9.56836 17.2213 42.8458 47.6235 41.5207 0.339215 101.311 95.5572 119.971 2.61623 35.8647 0.00752326 54.2946
-66.7598 0.131004 15.1365 10.0613 24.4649 4.85284 7.74024 12.4751 44.2827 28.5035 16.1206 20.2491 21.4076 55.649 98.8681 46.8811 46.2893 35.3729 10.8424 32.5105 30.1489 42.1092 38.9311 14.907 87.6208 107.212 151.954 25.6051 35.8647 0.00719074 51.9016
-65.8788 0.506609 5.18301 10.2665 23.0108 5.25541 17.0687 12.4751 48.0559 38.168 18.1708 14.5713 27.9024 68.8723 92.1168 40.4882 36.6032 39.616 25.2937 22.877 35.9682 40.5975 24.372 6.58219 103.733 107.212 101.399 86.5913 42.4768 0.00495627 52.4083
-67.0655 0.551023 2.86565 10.2665 31.1598 4.81837 10.6062 12.4751 41.5158 38.168 10.0644 14.5713 29.3644 68.8723 103.992 43.9406 50.8541 54.7817 34.6321 26.407 32.0852 5.23874 33.1962 5.54496 74.5584 126.028 92.5534 29.7836 49.7725 0.00601827 48.7092
-67.3767 0.630672 6.07721 10.4166 31.1598 6.96884 10.1037 12.4751 34.7895 38.168 9.73172 14.4786 28.4699 68.8723 103.992 43.9406 63.4105 47.9863 34.6321 26.407 25.9418 5.23874 53.6655 5.54496 95.3093 124.251 43.0571 50.568 47.8833 0.00509522 50.4075
-67.4017 0.73099 8.81998 8.74336 23.708 6.13188 11.3237 25.2733 33.5037 21.4139 16.4765 31.3133 37.0877 81.6954 81.9364 32.3508 58.3899 51.0272 33.558 28.8171 35.5645 6.19122 26.6907 4.21527 104.174 160.601 21.2525 49.5885 76.922 0.000495325 48.7801
-67.4424 0.504408 11.5053 8.39394 23.5051 10.9845 10.6974 23.3811 36.8955 7.97665 13.1123 28.877 31.073 184.046 13.7267 40.7206 42.8733 18.9093 24.0318 27.0181 38.7577 25.2476 14.693 4.21527 110.314 178.126 26.8383 43.016 25.5412 0.000217382 50.3134
-66.691 0.575506 9.77885 9.93235 16.4556 20.9443 5.53641 23.3811 53.8195 9.08809 11.8883 32.7922 27.8874 217.259 10.0813 27.4122 46.3565 17.5555 21.3872 24.5306 46.9638 17.7028 3.48005 9.9946 103.292 194.149 1.10528 82.7279 46.9962 0.00364561 52.7421
-66.2107 0.229535 10.1966 5.8296 17.0433 23.1076 1.97638 23.3811 53.8195 9.58257 18.1574 32.7922 28.7258 221.384 12.7385 19.4712 35.8521 22.3417 27.5795 12.1536 54.1699 17.1345 3.48005 14.992 102.061 165.648 1.10528 78.8128 76.6201 0.00055585 53.8833
-67.2114 0.278581 20.5626 2.1875 17.3613 16.869 1.79865 23.3811 23.8985 6.74478 10.3137 41.6051 57.5132 201.351 11.5468 14.7515 33.4934 2.55264 47.2577 3.42307 64.4331 7.76744 23.5228 22.3665 99.4696 169.58 33.8127 41.1598 54.9052 0.00731602 54.092
-66.0849 0.278581 14.2932 2.1875 16.9708 25.0399 0.670604 26.6723 15.8395 5.61497 10.3137 40.4415 48.9045 206.447 11.8061 14.7515 49.9981 0.0631141 28.4082 2.09003 51.7974 38.8382 25.2894 41.0448 94.6711 175.069 21.695 1.10579 5.90462 0.00202383 58.1785
-67.0461 0.132022 23.107 2.69368 13.6305 23.1168 0.759247 26.6723 15.8395 5.61497 5.57119 48.3767 36.7862 201.199 0.0470641 14.7515 33.1287 26.9853 38.4328 2.96184 26.413 76.3307 36.5376 2.77371 94.7853 170.091 48.5109 5.27547 68.3814 0.00332647 56.8851
-66.6665 0.22004 18.8726 2.72177 7.48231 22.7275 0.823409 26.6723 26.9279 16.0794 2.8671 70.6085 29.88 197.022 5.96892 22.6972 35.3434 54.0772 14.777 7.45694 25.7816 60.6928 22.1353 11.5468 67.1156 170.398 54.3434 24.8367 42.739 0.00348268 56.0233
-67.7551 0.398264 19.7284 7.42259 11.8382 23.8519 1.2047 25.3586 20.9842 9.91621 2.95413 70.6085 27.0981 193.171 8.37467 22.6972 39.505 34.5755 45.4436 15.0017 28.1439 47.6485 19.4459 15.6704 50.3804 177.194 36.4428 24.8367 35.9589 0.00944587 50.8473
-67.5246 1.27917 19.7284 7.62619 5.86359 24.5356 1.72776 25.3586 25.5198 6.6679 2.95413 31.3804 27.0981 193.171 16.8629 46.6621 58.0464 43.4421 46.1829 13.5786 20.1912 32.1684 19.4459 13.748 57.551 207.602 10.7067 24.8367 80.6731 0.0211999 57.3273
-67.412 0.36844 33.741 6.19499 8.22994 10.7047 4.81186 71.8023 7.79934 3.69979 12.0194 20.8225 22.1541 182.463 36.5858 29.7506 56.6303 35.9363 37.5142 4.76806 22.6186 37.9633 19.4459 16.4892 40.3521 207.602 0.901629 23.7319 23.8975 0.0146006 54.3758
-67.3819 0.329389 32.3054 6.1396 6.86298 10.7047 4.3477 71.8023 5.78791 8.63911 21.5222 21.5591 17.518 164.478 39.7066 25.4181 40.738 35.9363 24.4413 17.7156 22.3302 50.4753 32.7632 24.5678 56.9641 214.496 31.0584 14.381 12.7984 0.0104258 51.1173
-67.1913 0.521005 25.9843 15.6043 6.43099 10.7047 2.48198 41.2928 5.78791 14.4275 32.5821 31.6122 17.518 164.478 26.6401 26.8616 37.61 29.2537 26.2728 39.6209 18.058 54.6168 26.6044 50.1802 47.8542 169.735 22.69 12.2747 39.6155 0.00737668 50.967
-65.8425 0.305605 25.4118 15.2667 6.40067 10.7047 5.02308 34.3004 9.8253 23.2522 55.2767 18.7287 14.5162 145.673 45.7386 31.0719 41.4841 21.2951 19.2944 27.3906 23.3202 35.5962 27.6519 27.6321 84.1274 203.947 11.7073 12.2747 19.9088 0.00263365 50.0752
-65.8659 0.0670949 19.8578 14.6035 8.05017 11.4231 4.78203 38.7535 5.7616 24.8579 49.7362 18.0734 15.6659 160.131 14.3778 22.6686 36.2501 21.2832 32.6259 32.9165 32.6119 19.8603 37.2772 32.5763 108.684 145.597 23.8802 21.7986 50.4003 0.0002541 54.7554
-65.842 0.366728 20.949 18.296 4.17807 17.5413 6.35413 38.7092 12.7106 1.33788 39.7293 13.7569 35.5601 132.509 40.0375 23.4402 57.3125 60.106 17.8339 24.4116 15.7612 55.9837 15.7216 2.49558 108.684 139.373 26.7939 10.8449 46.6438 0.00403729 53.6895
-66.5779 0.110196 20.9705 24.4389 2.08537 12.9658 6.90774 38.7092 18.724 3.50649 46.8571 13.7569 27.0655 116.638 18.5005 21.0044 91.7106 48.2189 18.815 30.3584 14.0723 54.9296 15.7216 17.9516 112.463 138.721 28.5917 9.16426 17.6584 0.00229691 53.8323
-66.5779 0.230933 21.9035 25.9812 1.05484 9.58507 6.10671 24.0499 24.4482 5.4381 46.8571 14.8219 22.1155 85.1144 28.2516 9.54683 91.7106 81.9898 17.5415 27.6634 32.4729 38.8896 32.9787 22.2641 78.0589 152.595 2.87237 1.1025 107.822 0.00286327 54.9391
-66.7094 0.379313 17.1034 3.64269 2.34106 8.7407 3.22715 36.2883 32.0671 7.87285 55.8413 38.2253 9.86654 85.1144 39.929 30.1156 113.611 57.8405 19.9078 6.50541 24.3554 19.1616 41.3477 17.8612 87.8171 161.32 42.5323 36.2045 27.99 0.009617 50.6328
-65.6919 0.522929 14.7812 1.2853 1.31763 8.42722 1.02936 34.7626 39.6794 16.4154 57.0657 38.2253 4.65356 103.791 11.605 32.8769 104.113 75.8314 17.8422 10.0873 21.6857 34.0991 12.2536 14.5162 90.8762 157.217 81.8638 65.3711 29.6381 0.0101722 53.9056
-70.9917 1.64777 14.5636 0.95102 0.308363 6.37176 5.50441 27.1755 40.8059 7.94147 58.2037 27.4 12.292 76.1926 17.3587 29.3137 160.248 62.9171 17.2184 8.3384 27.248 27.4906 21.6934 31.8176 83.0102 137.46 46.7858 54.552 43.0256 0.00249473 57.4786
-68.8184 1.64777 11.8175 1.16779 27.8708 6.36189 10.1028 26.6755 47.809 16.0012 63.7056 24.4641 4.95125 76.1926 12.1728 34.2843 160.248 23.6355 17.2084 8.3384 16.3664 11.6538 30.6127 41.9114 83.0102 132.811 66.2343 58.9113 50.3155 0.00316556 54.5996
-68.7026 1.58289 15.1459 1.16779 27.8708 7.4901 8.95531 16.2157 41.0447 21.6199 66.9754 27.9333 4.95125 76.1926 13.2353 15.8932 160.248 44.1399 18.6261 8.3384 38.9383 9.30772 35.8003 16.654 85.6728 161.326 70.7008 31.31 10.7142 0.00160133 56.92
-67.9236 0.53686 12.4113 7.32081 24.1251 7.48296 10.1786 24.1142 23.0044 20.8644 36.9771 44.6031 2.6494 73.6446 16.4936 30.292 138.299 39.2075 10.0405 15.2635 51.0395 22.7719 34.0817 10.5128 82.9299 206.157 27.2955 22.0036 46.8603 0.0144393 53.0402
-67.7083 0.904309 6.12542 19.3689 25.6195 7.68581 4.94986 37.9597 6.57927 20.4314 30.3876 44.6031 0.43851 73.6446 8.23171 40.8548 144.152 37.0201 10.6146 21.3565 62.633 9.89685 59.5379 4.18209 63.4679 177.342 99.5552 11.0632 23.0835 0.0333347 56.5907
-67.4853 1.07653 5.09512 18.8201 18.6956 8.29793 8.2659 34.956 15.3959 19.1098 34.8888 50.0283 0.43851 73.6446 19.1235 21.0796 144.152 24.4706 26.8539 1.32122 58.8207 8.58043 58.8483 30.6297 73.0389 154.682 87.3234 65.6345 14.0872 0.0601708 57.9221
-67.6344 2.05874 5.39044 1.40906 29.0393 7.71564 9.91582 39.9212 18.0804 11.8769 31.1322 47.4158 4.46782 48.2386 19.3763 34.657 132.105 84.8105 35.4842 13.9329 13.7062 8.58043 75.0439 15.7548 64.6602 154.682 57.9527 35.3816 43.9388 0.0695373 59.4343
-67.6663 2.10208 1.93177 1.40906 28.4028 7.84182 19.66 24.3873 13.9481 11.8769 23.4214 41.1708 17.4538 56.3452 19.5197 28.4748 132.105 61.6679 38.0598 13.9329 5.71528 15.1462 95.2941 14.1538 44.0864 154.682 79.142 15.0956 66.0443 0.0828962 63.7658
-67.6718 0.984067 6.10562 1.80054 28.4028 6.40091 19.66 22.1117 17.5311 21.0318 40.8716 9.01048 34.5487 53.9413 11.5936 39.5239 146.756 75.2506 41.4668 13.9329 8.87654 8.16384 67.45 3.68113 47.7421 154.682 63.3936 65.6238 31.5319 0.058064 56.9991
-67.6743 2.38381 4.72794 1.80054 29.63 10.3579 15.4378 29.7273 14.6883 19.453 36.6679 5.23412 34.5487 39.2759 4.2702 59.5044 136.277 85.7095 41.4668 13.9329 21.6686 7.56952 39.9233 34.6395 64.1014 114.523 120.233 54.4858 29.4226 0.0022363 53.5566
-67.7271 0.460762 9.72398 1.80054 32.7198 13.6523 5.87472 34.0867 18.0464 35.1797 31.9701 9.53747 12.8056 39.2759 12.9848 56.3728 136.277 85.0659 29.6166 22.2851 23.7015 5.29269 39.9233 30.3316 64.9846 108.298 136.387 51.2278 29.4226 0.0022363 48.2053
-67.7271 0.168933 9.31031 2.58476 30.1565 12.9167 3.21583 11.5131 14.1497 33.8399 40.5308 27.0015 16.9296 9.22552 41.2126 69.3215 136.277 53.7614 10.3077 43.2507 19.3144 9.1295 44.647 19.3506 74.2086 81.0867 246.957 110.541 31.6669 0.00796455 57.2311
-67.7271 0.124129 9.31031 4.66736 30.1565 12.9167 1.34071 5.07233 21.5712 33.8399 46.6385 21.0262 20.4909 9.22552 41.2126 69.3215 136.277 53.7614 10.3077 23.9701 23.1959 2.92541 44.647 42.8712 74.2086 45.3599 246.957 108.877 19.0522 0.000154934 56.71
-67.4314 0.124129 21.0155 12.6133 21.471 0.66602 6.1294 12.5477 28.3813 26.3166 72.621 21.7664 25.1535 6.4343 42.7596 107.335 109.832 0.867006 48.3665 16.9095 8.89605 14.7511 49.2623 42.8712 84.0446 45.3599 246.957 27.6129 14.5209 0.000154934 56.1988
-67.38 0.759613 23.6179 19.8314 10.0524 11.3195 2.71196 11.5476 23.2835 35.689 73.4249 19.8534 33.0097 6.4343 23.7824 109.034 109.832 9.53188 48.3665 27.0114 1.87534 5.31108 45.32 46.2316 96.6067 101.169 91.2596 12.8558 33.8039 0.000154934 58.5699
-66.8096 0.814097 23.6179 17.6799 6.08741 13.6102 1.49984 10.9232 21.3466 16.7145 50.1537 24.6152 20.5699 6.4343 20.2113 95.5612 180.663 14.9037 14.5501 0.723977 8.47079 26.7646 40.6316 72.5853 92.5298 94.3282 91.2596 26.1105 17.0064 0.000596054 53.118
-66.1772 2.10164 19.2039 10.0394 1.49955 2.89759 4.41881 44.2962 21.3466 37.5638 39.0253 22.4865 18.7278 10.8099 24.4082 94.8085 180.663 14.006 8.55144 14.8392 17.1744 7.45498 29.0137 72.5853 69.5242 91.1039 126.229 5.86511 13.1269 0.0124958 58.5679
-67.2668 2.96768 19.2039 12.0426 9.8209 2.89759 4.66255 28.0833 25.2406 25.8856 42.7963 20.836 16.941 23.2172 37.1497 94.8085 180.663 6.7182 8.55144 2.67034 24.8717 7.45498 29.445 69.2157 69.6956 91.1039 126.229 2.73449 20.8915 0.0128822 57.5792
-70.5249 3.38329 15.3519 11.4601 21.1392 6.65435 4.78103 37.5793 20.8663 17.3531 42.7963 12.7383 15.7318 44.7261 33.6164 44.6063 180.663 34.5536 16.1745 21.5031 15.6625 11.4752 31.9426 69.2157 68.3124 85.3552 140.08 3.09164 47.5819 0.0103774 59.1995
-70.6577 2.64568 16.4562 10.6296 21.1392 6.65435 6.61881 40.3161 8.54296 27.9886 33.2233 6.541 18.8697 29.7685 45.2591 43.3486 207.879 35.6002 2.84388 3.77528 9.94559 21.1171 32.5522 62.4881 72.3154 102.092 111.386 4.71435 16.7076 0.0152612 58.0294
-67.9167 1.20707 8.31124 11.9005 17.1552 2.75245 6.71992 35.382 26.4303 28.7518 11.9609 30.8157 19.6114 17.4145 47.7745 16.89 207.879 67.0048 2.84388 9.3675 23.6225 24.391 19.9322 66.801 74.7413 86.3441 86.7058 5.0302 119.14 0.0055753 56.559
-67.6505 1.48212 20.2588 11.946 16.5468 3.66235 3.39535 8.74901 46.3758 18.3779 46.9082 10.2784 23.6581 20.976 44.6932 18.3109 197.292 28.6467 44.7984 11.4424 36.6559 12.9621 16.8063 61.5816 38.994 116.152 105.684 48.8956 104.397 0.00210625 52.7466
-67.6897 0.511041 7.12549 11.4939 17.3858 16.5182 6.54922 8.74901 43.0516 21.123 48.6417 9.66097 29.706 19.1404 46.1711 2.05797 197.292 53.3342 30.3707 11.4424 34.0482 15.503 2.09105 89.3313 46.687 99.9848 86.4091 21.4129 112.33 0.001425 52.3976
-67.356 0.962958 10.1042 11.9113 25.2969 10.2505 8.01934 7.64205 43.4174 17.5011 40.6586 6.82757 29.706 19.1404 43.0239 6.38944 197.292 56.899 30.3707 17.5641 26.3713 9.00119 6.49159 100.294 32.8286 122.882 108.178 9.25231 122.987 0.0026849 51.6397
-67.2622 0.744843 14.0257 12.2623 10.9514 15.7697 7.76071 7.64205 43.6913 2.57928 42.1133 13.9827 29.706 19.1404 45.8549 6.38944 207.256 53.6893 12.5629 14.1598 26.3713 24.8317 10.9209 100.294 54.8877 57.3045 148.317 20.647 104.876 0.00318826 56.7188
-67.3756 0.427513 8.4438 12.4544 7.78274 4.54512 9.42473 7.64205 39.3958 8.88992 41.7458 25.5094 36.9493 19.1404 39.3373 26.5978 207.256 28.437 14.1079 21.7722 1.16219 31.0704 22.4989 100.294 51.8013 67.945 159.955 53.5167 101.421 0.00587376 55.4618
-67.3669 0.428326 2.02245 12.3236 1.56992 5.12054 9.27042 15.8888 37.1119 12.4152 43.6295 26.8594 35.8317 19.1404 39.3373 17.8205 207.256 8.66224 32.0502 10.5754 10.1022 37.4958 27.7576 94.5424 53.8436 67.945 179.928 49.4742 20.7384 0.00801734 53.1069
-67.4491 0.766791 2.02245 12.7306 14.3584 13.008 9.8089 16.146 29.5151 2.28832 48.4657 24.1093 32.6014 23.2801 42.9503 16.7236 181.106 8.66224 41.3803 10.5754 25.4755 24.6706 33.3539 110.265 33.41 129.153 127.965 51.9613 29.6405 0.0109329 55.6448
-67.4863 0.810575 2.02245 13.2041 13.8392 13.008 9.0467 17.6847 18.8955 2.38253 58.1888 24.1093 30.3024 23.2801 36.2618 13.3929 183.346 26.0305 32.2816 18.176 21.5486 14.7346 21.3181 112.745 22.7098 133.277 127.965 44.5673 17.456 0.000894346 53.7539
-67.3565 1.07222 10.7474 11.3122 12.8256 15.5459 9.69087 31.1684 18.8955 1.57856 58.1888 20.1667 10.5335 48.663 46.9124 18.6436 125.319 26.4816 71.0081 32.6795 21.5471 9.85787 19.3269 102.472 12.9243 125.426 109.736 13.3631 13.9866 0.000894346 52.7183
-67.3827 1.07242 11.412 10.9743 16.9259 16.1632 10.6733 31.1684 22.7762 4.91486 58.1888 25.0153 10.5335 48.663 36.9252 18.6436 125.319 21.9204 71.0081 34.0654 20.9918 9.43663 14.0631 104.943 32.7917 128.284 89.85 19.5295 21.4204 0.00279955 49.4948
-67.2967 0.691542 15.391 5.03108 11.1515 17.6499 10.8982 6.32268 22.6665 23.4059 60.272 21.971 8.08039 42.7776 42.1548 12.8038 98.0201 21.9204 102.384 31.3775 12.8348 10.8082 22.0279 110.813 52.4038 134.967 57.1691 9.53126 72.7149 0.00367189 50.6542
-69.0867 1.75247 15.391 3.41731 11.1515 17.0512 10.8982 8.07634 25.9441 18.3961 60.272 18.3284 8.08039 42.7776 69.577 12.6461 65.6646 21.9204 115.744 21.4394 8.89141 15.8264 35.3551 98.0722 61.064 112.339 103.593 34.1497 36.5893 0.0158883 55.7708
-68.1105 2.1234 13.7052 3.41731 20.1896 13.4334 13.7548 17.8197 26.2895 12.2936 57.535 15.8755 8.08039 42.7776 41.4188 22.0856 64.4608 21.9204 143.42 29.0707 6.00589 16.0182 9.57401 95.9926 71.5924 117.449 103.593 31.5514 4.39866 0.000697815 54.347
-68.4126 1.30836 12.5293 3.12904 17.0885 17.3693 13.2667 29.7978 26.1606 12.2936 57.535 16.4294 1.05273 22.7539 41.4188 60.0101 64.4608 21.9204 143.42 13.8973 2.94039 15.5279 9.57401 83.8917 88.3569 132.659 57.773 31.5514 4.39866 0.000697815 53.6518
-67.4044 0.421566 8.01027 6.51625 15.9018 6.95067 12.3732 7.1866 25.4132 10.9574 95.083 16.7114 1.36572 22.7539 41.2449 57.6758 122.857 0.80757 118.462 8.6543 2.94039 6.34817 9.57401 100.513 50.1509 166.929 65.8138 36.9256 1.86341 0.00084468 53.8321
-67.4271 1.20974 7.61995 9.05449 19.6757 10.8579 13.1241 12.4805 22.8778 10.9574 95.083 17.0223 2.83958 9.79956 39.0847 42.3172 122.857 13.0524 80.3633 13.4634 7.8299 13.779 39.3921 100.513 35.4801 177.335 61.7827 1.63607 8.57382 0.000983304 51.0044
-67.5614 1.04077 11.3839 8.4512 15.2981 6.6795 14.3335 23.1341 20.6111 10.9574 72.4457 13.3485 27.4479 33.0478 38.3759 38.8977 122.857 23.095 87.0422 22.6186 10.0119 13.779 37.3851 59.19 15.2981 178.739 42.0252 32.5131 28.0116 0.00198857 50.4019
-67.6483 0.388726 9.02196 4.42684 15.2981 12.6917 24.0178 13.1608 18.6767 10.9574 61.8787 19.3507 17.4246 33.0478 38.9494 41.2981 122.857 37.3333 86.0381 34.914 17.1136 11.2125 20.5184 66.496 33.3623 179.381 29.9499 51.5997 18.8241 0.00384569 48.8699
-67.6928 0.319424 6.07593 4.22908 10.3959 15.2271 24.0178 7.20309 29.3545 10.9574 61.8787 22.6906 19.3478 33.0478 90.5726 11.8097 122.857 37.3333 59.5613 35.7593 13.4887 19.7453 27.4696 43.1602 52.8709 179.325 26.0063 72.8224 80.52 0.0145025 53.0549
-67.4505 0.463237 6.0527 5.46363 13.2953 19.801 21.3388 15.1059 11.5722 17.7244 61.8787 10.7635 24.2249 33.0478 84.6556 51.1516 123.438 22.3455 50.3772 23.0951 14.1557 8.92851 26.9721 44.4422 61.0439 179.526 70.7762 21.0522 56.2963 0.0406707 53.3341
-67.3163 0.666309 2.39893 3.75698 5.60203 27.3467 19.434 16.7926 1.74319 23.1248 76.7842 20.6676 22.1798 33.0478 84.6556 44.7555 150.483 15.0742 20.7893 20.8296 14.5029 10.8954 11.6476 43.4696 75.8787 177.31 85.0665 27.8291 30.773 0.0320507 52.9644
-67.4215 1.0599 1.93149 5.20647 14.5437 18.0807 25.5909 16.6521 10.1026 13.9752 74.4189 26.9699 14.5033 17.7017 84.6556 59.1054 150.483 3.78551 20.7893 19.9336 16.165 27.9594 7.66786 37.6896 71.1079 204.093 11.5739 21.1043 67.8754 0.071727 54.4464
-69.6794 1.64184 1.76286 5.56373 14.5437 20.6335 27.964 10.9649 10.1026 13.9752 56.4952 22.8393 15.9704 17.7017 84.6556 61.6679 150.483 3.78551 44.5783 15.1047 11.636 32.4892 6.58333 35.2119 73.0425 214.179 14.346 12.4556 71.3195 0.0594531 59.2989
-70.6758 2.21822 2.03086 3.79441 14.5437 17.7895 30.1029 10.9649 6.65425 13.9752 56.4952 24.0423 21.2279 17.7017 84.6556 60.8201 150.483 3.78551 44.5783 25.2228 27.1629 29.2785 2.79346 8.49143 69.004 194.779 19.6871 21.4715 0.751719 0.0312175 59.2957
-70.1062 2.26842 1.07807 2.53375 8.72073 17.7895 30.1029 13.9911 17.3736 12.806 56.4952 21.594 24.4185 17.7017 84.6556 60.8201 150.483 3.78551 44.5783 25.655 10.1683 29.2785 22.9608 23.434 62.1031 207.553 15.6837 23.1749 39.7322 0.0186211 56.7803
-70.1062 2.26842 1.71844 4.64697 8.92077 12.3371 28.299 13.9911 17.3736 20.7262 47.4379 21.594 31.6677 17.7017 92.0793 49.1948 150.483 3.78551 44.5783 30.0283 10.1683 27.291 22.9608 28.6515 58.637 186.068 20.6817 12.1142 16.0537 0.0189979 56.0007
-69.6907 2.16552 0.409093 8.77442 6.89708 5.04259 28.299 8.43142 28.5878 17.6719 39.8119 18.2376 53.9116 17.7017 92.0793 47.4697 150.483 3.78551 36.9832 27.0413 12.6241 41.978 4.05062 38.3039 66.8843 187.171 32.6067 88.5259 16.0537 0.0107254 58.9768
-67.2449 1.90452 2.10512 2.99235 8.76055 5.06945 13.492 2.32335 39.1053 10.9543 58.6819 17.8481 43.1087 17.7017 79.6313 41.8424 171.527 3.78551 16.283 25.9997 14.6222 34.2554 18.6821 36.8223 75.5721 205.872 32.6067 112.055 85.1529 0.0556233 60.8827
-66.8521 0.773765 2.24648 2.99235 12.8845 12.4373 11.9736 10.9057 55.6914 8.71858 29.3011 30.0246 30.5816 6.74643 79.6313 21.1641 141.932 2.41227 68.587 42.8045 4.23308 24.8501 14.6557 39.4138 74.6803 203.54 2.03534 39.7837 50.3601 0.0486367 58.4876
-67.069 1.21535 1.92434 10.4845 13.2463 17.3579 17.6307 10.9057 55.6914 8.12488 29.3011 26.5038 30.5816 18.0374 67.1756 27.7901 161.412 2.18688 68.587 40.6032 2.41924 32.1733 12.1955 33.2304 66.9946 170.7 14.4482 32.3441 20.2772 0.027328 51.6466
-68.0128 0.783828 0.431053 8.76354 18.3456 12.9779 16.5369 9.41319 39.7503 7.37179 39.956 34.4405 20.5082 18.0374 52.9392 21.0123 161.412 2.18688 68.4549 44.7409 1.62921 28.7498 13.5668 59.3681 61.6443 190.825 72.5184 7.78119 83.3037 0.0320465 58.2542
-68.597 1.38424 8.09779 8.76354 23.2612 12.9779 11.0166 11.9844 39.7503 8.96691 39.956 34.4405 20.5082 18.0374 65.6723 21.0123 161.412 13.5216 61.4297 35.1057 14.7908 38.495 20.1446 5.21631 56.4435 185.279 64.8103 7.03765 47.374 0.0450487 52.8173
-69.2143 1.73458 9.68748 9.58383 23.2612 13.1182 11.0166 4.97715 39.7503 8.96691 33.823 33.3505 20.5082 3.78276 65.6723 21.0123 136.68 13.5216 94.2628 42.1761 15.0607 23.5971 17.5599 20.4306 55.8973 187.743 70.323 7.03765 49.7387 0.032397 57.5706
-68.0513 1.31183 10.6412 12.1502 19.9134 11.692 10.648 11.8099 38.1887 3.79516 22.7199 36.1975 20.5082 21.6067 75.5728 21.0123 136.68 22.5613 94.9076 24.7064 41.3284 13.065 17.6104 26.5071 23.5008 217.368 44.349 30.4578 29.5764 0.0309454 55.0124
-67.4533 1.33362 6.07991 9.97485 17.6718 11.692 14.4294 13.5389 38.1887 11.2158 22.7199 33.7338 20.5082 16.864 75.5728 20.3558 136.68 22.9215 90.6758 21.3525 43.3067 11.8429 38.2332 11.6504 58.561 190.006 44.8995 27.4348 31.0493 0.0277845 52.5685
-67.1701 0.96487 5.56308 8.71444 16.6782 11.692 22.8725 17.6778 28.9341 11.9025 22.7199 35.6837 22.5563 24.6722 75.5728 15.1133 136.68 28.7676 79.9782 16.8475 45.7818 11.5518 35.0931 13.7597 57.8568 138.205 141.409 7.45668 19.0298 0.0323501 51.4582
-67.3713 0.880185 3.43346 7.52083 21.4469 10.1986 21.3175 17.464 34.8303 5.85567 28.0723 30.365 55.5177 17.0831 75.5728 21.6344 130.633 3.3235 82.2385 11.8336 44.2653 4.93813 34.0576 20.3792 68.366 158.639 79.0647 8.66238 2.88611 0.0317939 54.6502
-68.8284 1.57123 3.05041 3.7251 28.3902 3.08587 23.8427 15.4309 34.3718 12.1342 35.1547 35.7372 22.9666 14.1127 34.3798 35.1853 147.502 31.7505 86.3056 4.67226 37.6701 29.7661 22.9957 10.816 72.7791 94.6743 160.559 11.8825 3.38208 0.0501724 54.7757
-68.3912 1.63708 3.53011 1.89336 27.0585 3.08587 23.8827 15.9448 42.9293 12.5349 35.6215 30.7885 30.5621 16.5267 40.7436 24.5477 139.024 39.2551 78.0185 11.356 36.6772 29.7661 15.9068 6.67818 60.0522 127.826 169.604 11.1021 2.76296 0.0501724 59.5569
-68.4132 0.566953 5.14187 11.3044 22.1025 3.08587 22.3945 16.1446 42.9293 11.9848 35.6215 19.2782 34.3246 23.2298 28.0741 24.5477 139.024 41.352 88.5591 12.2196 36.6772 30.0594 25.0069 4.71695 65.0002 124.073 139.108 50.3085 4.2963 0.0392145 52.8092
-68.029 0.750866 7.2688 11.3044 24.0149 3.08587 22.3945 15.1901 25.5012 9.8693 35.6215 19.2782 29.0785 6.81584 12.9097 32.115 141.759 40.6218 89.9372 15.2157 36.6772 31.051 36.6675 9.62337 75.2756 148.856 153.313 49.395 19.9433 0.0300296 55.3176
-67.3088 0.890186 7.73824 9.38072 22.9487 3.17399 21.4656 15.6032 37.8588 6.06152 33.898 16.8562 29.0785 2.85417 19.899 74.7305 141.759 21.0562 75.9003 26.6897 12.4983 20.8555 36.4314 14.9585 94.4265 145.199 96.2529 52.8591 21.2553 0.0399746 53.6734
-67.3755 0.580971 5.5148 8.5244 24.3064 3.17399 19.2544 16.0885 21.7133 15.3171 52.323 15.6629 35.584 24.2174 18.5157 63.1347 167.89 6.54262 65.4089 12.0064 6.85468 44.2136 42.4775 9.7452 71.5049 185.621 44.7046 78.1699 6.60692 0.0511408 53.9978
-67.1647 0.62884 3.18839 11.2576 24.3064 3.00582 21.109 15.0147 26.9207 25.2018 52.323 1.60029 37.8722 39.6558 3.80253 60.6848 167.89 1.10502 62.4373 17.7352 1.36836 38.8399 40.3615 18.0049 59.5574 200.245 6.52252 7.12445 0.78363 0.068822 58.9864
-66.6892 0.643162 6.91483 8.14786 20.7557 3.21758 20.7409 15.4653 39.3721 17.607 55.7088 0.789112 34.3528 37.0978 4.21043 23.6509 167.89 14.4918 62.4373 4.60983 21.1932 26.2381 40.9907 56.0459 56.2224 213.614 24.4785 2.86511 20.5248 0.0410487 56.2224
-67.2068 0.68613 0.83753 13.7538 23.4617 2.42659 18.3444 14.9484 21.642 10.9221 79.517 10.9953 17.6523 39.3212 31.4635 25.1819 106.158 9.26621 57.309 4.30756 9.80042 50.9576 54.3287 72.8789 62.0072 213.984 5.12722 28.8034 79.4363 0.0262789 61.3472
-67.4507 0.197323 22.6719 19.021 6.85949 2.80471 21.5844 16.2648 18.7669 12.6092 79.517 8.2329 18.8531 51.8479 26.992 25.1819 105.709 35.7925 43.6164 14.8385 13.5737 50.9576 25.1998 72.8789 40.5441 215.191 43.391 10.1702 79.4363 0.0139371 59.0159
-67.1446 0.479188 22.6719 17.6851 0.582286 2.80471 15.5214 17.6219 18.7669 40.724 79.517 11.1041 12.7506 51.8479 37.0624 31.6914 113.787 42.5192 51.2111 14.8385 12.7032 32.9887 25.1998 45.8665 37.9608 211.617 8.0069 10.1702 59.9432 0.018096 54.3678
-68.0525 0.387109 21.793 18.1557 7.55492 2.43896 13.3299 16.0505 18.311 37.6589 62.5831 11.9219 12.7506 34.4436 73.1312 31.6914 89.3931 31.9584 51.2111 20.5241 21.9498 52.2315 29.3225 27.2131 54.6455 195.637 2.41674 9.43517 9.41552 0.0062204 50.979
-67.9028 0.990475 10.3605 21.4599 22.3757 3.24952 12.097 16.9079 18.311 32.6841 46.7321 11.6694 14.9035 38.3587 57.3811 31.6914 107.272 36.0224 58.6797 8.47272 36.3688 46.3223 25.0624 41.216 50.6032 179.993 44.7417 43.3777 13.8424 0.00228517 51.8916
-66.6986 0.861154 5.90731 18.1866 11.6888 10.5517 5.28204 19.3163 38.2824 49.5603 12.4924 15.0439 16.168 37.5173 32.5061 66.5278 108.073 17.2296 72.686 7.01908 26.5345 44.5892 28.9986 17.496 133.049 102.839 56.8993 31.6486 31.7624 0.00174006 54.6129
-66.9868 0.137477 14.851 17.3816 12.0963 9.70806 9.12971 21.9809 16.9802 77.7113 9.05622 8.716 16.168 36.1657 27.4471 66.5278 96.1244 15.3329 64.6213 32.4372 21.9468 35.882 36.265 56.2701 72.6101 91.0314 112.263 54.357 132.831 0.00576607 55.0363
-66.1493 1.26312 11.988 17.1697 6.87752 10.2297 3.46082 19.893 28.0012 44.2377 23.3372 5.41842 34.9314 26.517 40.8991 66.5278 105.673 31.8096 42.0747 33.3661 5.99214 15.4143 34.1144 89.4882 78.6683 91.0314 121.486 15.2664 73.2458 0.00593767 56.2446
-66.3181 0.836881 20.8434 20.594 6.87752 10.036 4.69756 15.2022 25.6856 49.316 16.8389 5.56921 42.3624 35.5325 38.988 72.0802 75.5052 44.6316 63.5433 47.4214 5.99214 14.6515 28.7434 71.7943 58.2454 104.34 138.708 48.1627 73.2458 0.00477293 57.819
-68.2281 1.32888 15.8802 16.5983 14.407 4.85371 7.64555 37.5922 10.1214 45.5696 4.18084 9.72458 34.3599 25.1154 40.1193 25.6937 92.7314 34.9392 67.3972 60.8238 23.9255 36.863 10.618 66.9493 77.6775 114.729 105.718 11.324 39.3559 0.00634864 53.1971
-65.4088 0.153779 13.4189 14.9532 14.196 9.75275 7.35748 17.0422 10.1214 42.6209 29.5166 24.8334 42.4011 39.412 25.0963 25.6937 92.7314 27.2149 74.0049 63.4445 12.6334 16.3738 27.4155 44.1301 73.8253 112.893 78.1023 141.684 54.6802 0.00784751 58.7254
-66.9905 0.617344 2.85296 26.8764 19.1052 5.68749 5.81363 5.24694 31.4157 44.6977 28.4534 34.1905 18.2112 62.152 32.2109 19.4384 92.7314 24.0567 38.6111 78.2657 17.2935 19.9676 26.5504 49.2004 72.6185 109.821 109.925 124.616 186.574 0.00823552 58.0844
-66.8788 0.905785 2.85296 27.6822 19.0104 0.589683 7.80884 2.53056 18.0246 41.0787 37.2404 34.2066 27.0081 62.152 36.268 5.12024 92.7314 25.9541 49.143 68.7985 15.492 28.6351 28.1726 35.4722 96.153 113.543 112.786 91.9872 148.701 0.00853188 58.3065
-67.1086 1.27519 3.02001 27.6822 19.4948 4.22073 5.42961 2.37354 17.8854 37.7339 37.6438 32.4357 19.6408 74.5171 73.0767 31.2812 71.5949 25.3484 25.7023 42.0926 20.4758 39.724 34.2714 36.3347 48.01 142.011 112.552 104.758 107.063 0.0122645 58.4736
-67.3496 0.348207 10.1015 27.1437 16.0331 4.6735 5.42961 1.04954 18.5308 30.8281 36.46 32.5083 19.6408 108.218 73.0767 31.2812 57.7844 31.2834 19.6218 53.4762 15.2817 24.8037 50.7466 12.1553 62.741 131.922 119.79 64.3141 78.9568 0.0285467 54.2432
-67.7124 1.19465 7.06372 25.4848 17.4087 2.29199 8.39465 13.7716 20.7875 31.2651 31.5066 39.0681 25.6985 110.266 53.9869 31.2812 86.4727 30.2553 17.7042 36.5746 10.319 13.731 55.6372 10.8159 83.4926 116.602 96.6915 56.7036 46.8802 0.00937094 51.4231
-68.1395 1.37361 7.06372 22.9487 21.3472 5.69099 6.84722 7.03075 18.9827 29.277 27.9391 48.8854 25.6985 110.266 53.9869 31.2812 86.4727 29.7794 29.1016 38.3268 11.412 7.01147 49.7515 2.45118 72.1145 146.099 70.39 20.2749 17.7322 0.000663035 48.4814
-67.4125 0.241603 9.36534 18.1316 21.3472 2.37147 8.88387 33.6516 18.9827 25.6138 10.3836 48.8854 25.6985 110.266 54.329 31.2812 86.4727 29.6091 26.8257 40.0924 11.412 6.63896 42.7237 19.7074 80.644 134.95 51.5111 51.49 43.5719 0.000663035 47.4684
-67.5001 0.241603 9.36534 18.1316 21.3472 3.15574 9.63836 35.3131 16.1898 25.6138 10.3836 48.8854 27.9415 110.266 54.329 31.2812 86.4727 29.6104 28.0807 40.0924 11.412 8.3997 42.7237 19.7074 79.0088 99.3326 108.174 43.3899 40.6882 0.000663035 48.2522
-67.6545 0.231452 8.32422 25.6827 21.3472 3.15574 3.21811 22.3148 29.4172 24.6107 4.88556 34.8341 33.4051 110.266 54.6433 10.4552 86.4727 29.5836 31.6526 36.7561 11.412 4.97811 49.637 26.0306 82.8052 102.587 80.2005 27.3893 43.7162 0.00365542 55.1705
-67.147 0.192223 6.1204 16.9305 22.862 11.9274 3.21811 26.1051 50.7884 1.64033 4.55632 50.8163 23.9839 111.412 51.1413 36.4123 30.1756 29.5314 41.6436 19.6821 27.9488 19.3605 56.5633 29.0005 80.1042 118.027 100.09 58.2833 49.4644 0.0148426 52.0602
-67.9339 0.227535 6.1204 19.3009 21.1255 11.1418 4.02646 44.5952 34.2868 1.00118 21.632 42.4266 24.7208 94.5624 51.1413 29.373 21.9333 29.6223 61.1871 3.57834 25.5804 50.671 49.2574 23.6214 72.9824 113.908 120.976 116.158 34.1534 0.00323478 57.4275
-67.5028 0.508556 6.1204 17.2459 21.1255 7.1823 11.6387 44.5952 30.8007 1.00118 19.4434 29.31 20.6641 84.9973 42.4218 44.8573 21.9333 29.6135 61.1871 3.57834 34.5882 60.3146 69.7168 21.1876 67.0224 112.825 79.434 16.1595 8.45984 0.00552635 54.9599
-67.9746 0.457408 6.1204 16.5656 21.1255 6.04562 11.2197 44.5952 40.6305 1.00118 19.4434 29.31 22.4598 84.9973 38.6394 44.8573 10.5902 32.2475 61.1871 3.57834 34.5882 45.3093 67.3417 16.4822 92.6475 103.667 137.857 9.3756 8.45984 0.00675502 53.848
-68.2622 0.452314 6.1204 16.5656 21.1255 6.56919 11.2197 44.5952 54.7599 41.102 13.0129 29.31 21.1578 79.1834 43.6611 44.8573 10.9125 14.5872 61.1871 18.5866 2.87538 45.3093 76.8821 28.1914 95.6186 80.4998 127.413 25.2277 54.6353 0.0069135 59.7922
-66.7084 0.530302 10.6913 11.7684 18.5217 5.60251 16.4901 44.3871 42.3137 33.3083 23.462 8.225 25.8902 100.198 43.6611 23.9501 27.6313 20.1345 40.5438 24.6542 28.2981 36.0989 83.7243 17.3456 71.8143 80.4998 151.646 4.00776 158.717 0.0113443 59.1803
-67.9829 0.613916 10.4911 11.9704 22.9838 2.41292 11.6505 60.1455 47.2589 29.7762 26.1877 10.154 23.6119 69.3772 38.1102 23.9501 50.0562 10.1972 40.5438 33.2929 26.5451 30.9325 83.7243 15.6165 60.1141 22.0013 267.153 17.7577 99.1295 0.00293443 63.0925
-67.8488 0.694561 6.16951 8.1892 29.9865 2.43405 8.12385 41.6322 39.0913 22.3758 13.2966 20.4313 14.2924 33.4653 52.371 23.9501 54.9446 29.0755 61.6611 30.6259 44.9171 20.4109 76.637 49.7274 72.5297 22.0013 159.333 3.85728 122.662 0.00219046 64.0519
-68.2183 0.694561 14.0535 8.1892 25.979 3.01073 8.12385 29.5281 46.2385 33.3791 30.408 42.6356 22.4858 40.4318 52.371 23.9501 76.0581 101.707 2.92 41.1003 22.6308 20.4109 22.2545 31.0272 60.5145 8.99307 278.358 23.1624 186.724 0.00238334 61.0839
-66.997 0.720168 3.51834 1.82667 12.8562 4.9941 10.1792 21.9863 42.2852 55.881 38.822 34.7902 10.8468 57.7523 52.371 38.9682 66.8175 92.7231 18.0875 41.1003 18.5324 8.5195 24.1759 47.8211 57.7836 39.5273 240.178 49.1975 113.834 0.000439243 56.5224
-66.8781 1.0482 3.34629 13.6265 14.6062 1.4215 7.74014 12.13 39.863 34.662 24.9412 30.615 23.6525 46.6276 52.371 53.8289 74.547 71.6395 17.8433 44.4227 28.5433 23.7929 28.7926 49.6273 67.3259 41.5045 240.178 40.8799 175.161 0.000318565 54.4019
-66.6123 0.745774 2.48681 13.6994 15.4407 1.4215 27.6786 16.7111 45.3058 19.73 15.3949 30.1875 20.7078 36.4896 82.2989 53.8289 56.0875 78.2983 18.1247 31.6519 24.2188 18.9073 26.3388 46.2497 68.2728 41.5045 190.38 51.0697 175.161 0.000318565 56.6619
-67.6422 0.886588 2.48681 11.1747 15.4407 3.9005 27.6786 11.5138 72.4752 19.73 22.5323 14.968 19.7481 13.5906 78.7632 60.6906 92.4447 77.724 22.3254 10.1589 15.9955 18.9073 3.70621 37.1222 91.7604 41.5045 218.312 103.912 124.541 0.0113544 57.2179
-67.4056 0.737742 10.5067 9.486 15.5201 5.92305 28.7402 11.5138 63.6182 27.0812 14.4338 14.968 19.7372 4.52934 63.7928 60.6906 92.4447 77.9555 25.151 10.1589 27.327 16.4083 21.582 41.7745 125.419 41.5045 173.169 103.912 141.242 0.022065 62.3163
-67.6954 1.07511 2.26722 15.3809 5.04157 7.4005 23.0899 3.04474 61.1365 25.7077 20.3995 24.277 19.7812 4.52934 63.7928 71.321 70.6951 132.675 15.149 12.8476 3.23669 17.2351 14.4227 43.0063 107.76 41.5045 232.04 43.2477 77.7041 0.0191847 57.1107
-67.5786 1.08294 8.7987 20.7766 7.45859 0.953913 26.5578 12.2965 60.6593 24.803 32.376 5.60821 19.7347 4.52934 58.4112 85.8341 65.0823 90.3591 4.00001 24.9381 4.28996 35.3986 7.54885 56.3612 102.229 41.5045 178.699 19.7755 0.779266 0.0204851 58.8202
-67.37 1.17571 13.6963 13.1785 8.41992 3.90257 21.6587 32.2991 49.1286 43.4164 0.448293 16.2519 20.0704 27.5297 59.8242 74.0276 49.0443 90.3591 0.397342 44.0211 25.7299 12.2115 31.0504 39.9923 117.438 73.5944 147.348 70.9358 11.5785 0.0225317 58.5952
-66.7542 1.02419 13.7612 14.1958 3.05416 11.3053 17.1675 27.1533 50.8722 14.9615 2.59003 34.9105 20.0469 42.3448 38.673 74.0276 35.5808 83.9386 33.4643 44.0211 7.15587 8.44079 54.6331 39.9923 126.394 73.5944 130.617 67.9467 9.22952 0.00325982 55.2012
-67.0446 0.936576 13.9442 14.2153 3.76687 3.66014 23.1486 36.4074 52.3429 13.9687 3.67593 15.7361 20.505 8.49621 54.4182 74.0276 14.4204 153.807 23.4633 26.4948 21.662 10.2542 54.6331 23.6886 99.1516 108.728 108.665 39.4352 10.4298 0.00325982 50.6245
-66.6984 0.466627 16.9555 14.0159 2.61901 10.6717 23.1486 36.4074 52.3429 13.9687 1.44319 9.39092 21.4735 10.3232 91.2264 74.0276 14.4204 119.493 19.1679 26.4948 43.3638 10.2542 41.0312 22.3901 99.1516 108.728 114.213 27.6487 23.5369 0.00325982 53.5347
-67.7326 0.87014 13.7937 12.0298 19.8256 8.73285 8.76655 49.8822 47.1092 8.96929 23.3078 18.4525 4.8925 27.526 111.112 33.5739 5.02822 119.493 6.0679 8.11265 66.2046 11.8834 46.9221 20.6471 99.1516 104.702 112.745 33.8238 43.0238 0.0460642 57.8689
-67.771 0.958473 10.2707 14.164 21.9061 8.92458 4.33607 51.1952 53.4702 19.8368 29.2333 22.7891 5.4529 16.6694 115.109 33.5739 5.02822 88.6583 8.1926 1.40909 72.5057 14.1029 46.5469 47.5721 79.1017 109.847 128.766 55.9503 41.7854 0.0270736 61.5723
-68.0097 0.956866 20.6265 15.0458 6.90745 8.69645 5.56398 3.41394 71.269 7.54223 1.8297 26.4305 32.3214 46.2949 90.1899 70.745 5.02822 88.6583 6.8997 1.00663 44.7589 5.99132 58.7572 44.9809 71.0655 183.82 45.444 103.8 25.9369 0.0138814 59.4761
-66.488 0.958519 20.0019 4.01471 23.3144 6.91604 8.72231 6.3128 98.6016 8.38872 1.8297 19.2596 9.57749 51.8328 67.8877 43.6991 27.3801 88.6583 41.3463 1.00269 70.6783 5.98473 39.2781 42.3166 76.5786 178.726 19.9531 38.4736 47.2957 0.0142495 58.1298
-69.679 0.958721 23.2755 2.26056 22.7499 8.91843 4.57555 3.01917 83.6992 9.11068 15.1116 25.2129 2.86876 55.2033 79.3656 33.8877 52.0664 53.1717 41.3463 1.00269 70.6783 3.02038 36.8164 60.4933 62.2535 185.856 35.8363 31.6525 80.6498 0.0251687 59.3237
-67.1774 0.958773 22.0546 8.82255 14.6167 12.4945 1.69979 3.01917 84.0456 6.35421 15.1116 27.1598 16.1039 69.8874 49.1692 28.8966 52.0664 44.0013 70.314 5.52681 59.6293 7.44118 28.4919 68.1104 50.3117 154.201 42.6547 2.2285 68.1854 0.00914187 54.2487
-67.6707 0.958783 18.4611 7.97224 17.3512 12.4945 10.6577 3.01917 84.0456 1.06265 15.1116 23.305 12.3596 69.8874 50.7259 28.8966 52.0664 84.0138 70.314 9.02397 35.1464 4.96453 35.0772 54.8835 24.9582 198.049 42.6547 7.49593 97.3725 0.0074868 54.3878
-67.1331 0.959021 18.4611 7.97224 20.1114 11.4305 10.6577 3.01917 84.0456 1.06265 15.1116 23.0954 13.3177 69.8874 50.7259 28.8966 52.0664 85.9483 70.314 2.36879 35.1464 4.96453 33.2119 64.304 24.9582 198.049 42.6547 12.451 52.658 0.00509452 51.2926
-67.2285 0.958817 19.918 1.00099 23.3719 11.4305 3.69345 30.9679 84.0456 1.60224 15.1116 20.0706 12.4197 59.8987 45.1668 28.8966 52.0664 85.9483 70.314 2.36879 25.0008 4.96453 68.5092 64.304 24.9582 175.337 66.213 13.8013 77.7396 0.00589454 56.7279
-67.1071 0.96623 3.0344 1.00099 27.2615 9.29123 2.36168 25.9677 84.0456 6.86911 15.1116 20.0706 12.4197 4.02342 55.0401 28.8966 21.3165 92.3824 112.536 12.3843 21.9801 1.07002 48.7475 100.701 20.4507 206.563 10.1959 19.4159 77.7396 0.0261504 59.147
-67.2294 0.96818 6.53072 1.00099 20.4735 5.29334 5.21066 25.9677 84.0456 6.86911 14.0719 20.0706 12.4197 32.2853 52.3528 28.8966 21.3165 115.253 112.536 12.3843 29.7197 11.259 7.99205 100.701 20.4507 227.505 10.1959 25.2416 76.2363 0.0274101 56.8724
-67.6164 0.956414 6.25406 1.00099 16.8275 4.91454 0.410252 28.4216 82.3096 6.86911 20.018 20.0593 12.4197 32.2853 52.3528 28.8966 21.3165 115.253 117.504 12.3843 29.7197 11.259 13.0082 75.4893 20.4507 165.257 10.1959 21.1876 4.13466 0.0594491 55.7777
-67.6515 1.04549 6.62167 1.00099 17.216 5.23218 0.338508 28.4216 82.3096 6.86911 20.018 19.4416 8.30097 38.3253 55.8471 28.8966 21.3165 115.253 117.504 12.3843 18.2944 10.6306 13.0082 80.7745 20.4507 216.523 10.1959 22.2636 118.941 0.121155 61.0339
-67.6515 1.15031 1.65222 1.00099 19.9292 2.35507 2.17922 32.9367 84.4 6.86911 20.018 20.1538 8.30097 34.4315 56.7899 28.8966 18.746 117.675 117.504 12.3843 20.8734 10.6306 20.2107 65.4838 20.4507 216.523 26.0136 23.2473 160.779 0.121155 61.6397
-67.6442 1.23016 1.65222 1.00099 18.1497 8.40426 5.89451 32.9367 69.1733 1.63052 11.3334 18.1945 13.1095 37.829 73.2682 22.189 18.746 117.675 117.504 12.3843 32.5346 14.2559 24.8131 52.641 1.05049 216.523 36.633 20.8998 114.077 0.0654749 62.0396
-67.5169 1.11342 7.78857 5.70161 14.2881 2.01334 6.06087 24.1874 69.1733 8.60159 29.9692 18.0492 19.4138 18.5377 73.2682 22.189 18.746 117.675 117.504 3.16375 16.7654 19.5321 32.023 63.3489 1.05049 216.523 36.633 24.0999 64.0441 0.0305088 57.302
-66.7414 1.02506 4.11663 5.70161 15.9987 1.33777 7.77416 24.9029 69.1733 19.7373 20.8727 18.3543 19.4138 5.13654 64.0467 22.189 18.746 117.675 107.403 3.16375 15.8665 22.1624 33.6884 107.455 12.5796 159.743 35.0867 21.9668 42.0248 0.013972 54.2399
-68.3148 0.955962 2.38867 5.70161 22.0191 1.33777 7.01202 23.5057 69.1733 9.39164 18.7281 18.1551 25.4923 6.47188 46.0306 43.3335 18.746 117.675 107.403 10.7608 23.6549 25.4618 16.5675 107.455 12.5796 185.018 35.0867 33.6846 40.9414 0.0114722 53.5158
-68.544 1.42868 7.77058 1.65633 22.0191 2.28761 4.12929 32.1759 72.2844 10.7064 17.6814 18.3251 28.5425 1.72859 47.9782 43.3335 18.746 117.675 107.403 2.48043 22.5236 23.5721 21.7007 107.455 14.2186 176.167 35.0867 53.3807 37.6084 0.0114722 58.7695
-67.986 1.3549 15.6651 1.65633 8.87042 5.45642 1.63875 29.3773 72.2844 15.0704 14.3959 17.8626 23.7902 9.36672 37 43.3335 18.746 117.675 110.987 5.3156 20.7583 7.83563 23.0096 100.056 23.9937 185.99 63.9289 44.7478 40.7181 0.0346783 57.7828
-67.1671 0.448848 34.4861 3.34955 3.85238 5.45642 2.18295 25.4834 77.8498 6.89637 31.294 16.6522 9.80679 3.04568 71.3041 43.3335 18.746 117.675 60.3433 29.0393 29.5321 4.03023 30.5251 95.9481 8.63404 173.586 43.6373 52.1077 46.3883 0.0285852 59.8873
-65.9759 0.448848 22.414 7.44992 3.85238 6.60756 6.15926 28.7573 77.8498 6.89637 36.1524 15.1123 10.0224 7.85194 47.9959 43.3335 18.746 96.8179 79.2187 52.0265 29.5321 0.369809 32.4128 99.1819 14.2732 168.783 28.7453 66.0123 49.7126 0.0356286 62.4296
-66.9727 0.313678 14.3521 2.83063 0.719657 8.38111 9.93313 28.7926 49.1328 22.1209 36.4002 15.8447 16.9588 6.31456 66.9752 30.1639 65.2131 75.7983 84.0346 30.8837 22.1514 2.82778 28.2291 121.457 7.26765 178.525 63.6936 72.6643 49.7126 0.024294 56.7358
-68.6883 0.271852 14.3521 3.20282 6.00972 6.67923 10.7232 36.8788 49.1328 22.1209 36.4002 22.0739 14.4571 2.5384 66.9752 24.0949 65.2131 75.7983 66.265 25.9474 24.5221 4.72457 28.2291 121.457 7.26765 178.525 21.637 78.946 38.822 0.0337011 57.4359
-67.3718 0.457343 13.6217 3.20282 3.18336 10.8592 5.77454 29.443 61.5194 30.9475 27.8613 21.6934 14.4571 3.3281 70.5488 46.4022 38.4803 56.7659 66.9058 26.9373 23.3719 4.99098 33.4623 120.016 28.998 172.144 21.637 32.6823 93.2698 0.0585045 57.5714
-66.3932 0.371761 1.62148 9.20546 3.18336 9.17105 5.79012 11.1158 61.5194 89.4445 28.9791 19.1585 8.67055 2.11983 85.4592 49.2886 38.4803 59.2433 43.3109 30.0065 24.8479 8.88007 47.2526 76.58 25.3696 163.758 66.057 34.8054 93.2698 0.00543786 55.8587
-66.4441 0.518391 5.34302 9.68329 4.27 9.63135 7.58913 18.3571 32.1356 87.9711 16.7014 13.4731 8.67055 9.91693 83.6943 56.5067 38.4803 69.4928 62.3726 30.0065 30.4674 11.5073 13.9435 78.8594 36.0765 162.682 67.4062 40.4495 125.584 0.00781907 54.8349
-65.8022 0.457893 3.61092 2.54706 4.37902 8.38533 13.0611 11.716 30.7933 80.0314 4.92829 39.1638 23.604 10.05 91.5057 69.6683 38.4803 17.1158 82.7835 17.1986 39.5157 10.7401 15.5153 76.8908 44.8656 163.217 64.9844 15.3145 97.1207 0.0136892 54.4668
-66.2629 0.675408 0.730057 7.20257 5.40345 7.70711 17.4947 13.7866 32.8643 58.5297 9.23166 39.1638 28.1006 18.5855 86.2135 136.696 22.8041 15.7644 80.4126 31.6484 33.8733 6.43816 4.24335 32.5823 45.9665 170.759 17.7295 16.5374 24.4156 0.0142795 54.111
-67.1353 0.100061 0.584345 7.06245 12.3382 4.45633 21.3517 15.034 32.8643 41.5335 20.943 38.9084 29.9528 66.0984 89.7162 80.3182 27.4249 11.0181 68.011 47.9096 20.6417 21.4367 3.29319 31.8292 61.0944 175.649 56.4826 40.916 5.00172 0.015953 53.612
-66.6473 0.666829 14.6925 7.06245 13.5608 3.22152 28.8672 8.10716 32.8643 41.5335 20.943 50.4911 7.43422 79.2306 92.9568 80.3182 24.0002 0.810525 61.5402 51.2053 13.9991 24.7297 1.65013 34.2856 44.4397 157.41 92.1105 15.547 26.0598 0.0334717 58.397
-67.2819 1.30911 15.8398 2.85645 12.7116 3.98494 23.9944 8.10716 54.79 25.719 11.0084 50.4911 26.5113 90.8041 1.6987 72.8631 36.0726 11.5184 59.5945 46.5854 19.7821 22.7756 16.4723 67.4158 57.811 135.335 73.7728 15.8694 26.0598 0.0125997 58.7252
-68.0092 0.920995 14.0633 5.09004 17.5765 1.66913 18.0309 9.69773 33.4006 34.3449 10.8701 47.0867 46.3492 54.0998 68.1008 72.8631 42.3354 4.92311 39.7631 76.2117 10.1595 9.64079 32.5487 43.1228 50.7553 132.281 117.36 15.8694 47.4151 0.019216 58.9878
-68.8048 1.3744 25.7027 5.09004 17.8341 1.05267 20.0567 9.69773 1.81387 35.439 5.11526 35.9673 57.2362 89.6307 68.1644 78.3907 64.0089 4.89906 35.5604 48.2842 10.1595 12.9695 35.4981 26.9724 50.7553 114.574 108.89 37.5128 131.611 0.00404763 59.9463
-67.8386 1.05038 12.8841 5.9147 17.6595 9.14562 12.5313 7.38425 8.50651 31.9062 1.52453 30.7035 57.2362 103.932 60.7842 78.3907 64.9318 4.41572 61.7973 48.2842 10.2912 15.2484 26.54 30.1437 50.7553 94.8931 172.071 43.8743 57.0428 0.00404763 57.5352
-67.664 0.0519654 7.74674 3.87342 36.0081 9.14562 7.29634 13.5984 8.50651 16.4174 0.915521 30.7035 55.6105 95.4524 52.526 91.8901 64.9318 4.41572 65.1881 37.6841 10.2912 15.9056 18.6828 54.4241 54.9297 102.9 129.881 46.7609 55.3548 0.0290883 57.3264
-67.6654 0.507899 11.8386 5.29807 33.8556 6.40085 5.34781 41.3479 8.50651 15.678 34.8377 33.2566 52.6977 76.1473 39.6539 85.9868 48.8951 3.71609 63.6077 40.0122 10.2912 30.3324 23.9628 1.30066 90.5681 88.482 183.212 50.0485 42.9746 0.0225253 54.9175
-67.1638 0.864818 11.8386 4.99514 33.8556 6.40085 5.34781 34.9614 8.50651 15.678 4.88885 26.4182 52.6977 76.1473 42.5764 89.2463 48.8951 6.61258 59.2579 40.0122 13.3291 30.3324 34.8848 1.30066 93.9392 82.6654 215.088 37.777 43.2367 0.0212066 54.4128
-67.2352 1.16918 8.57286 1.28562 33.8556 4.58392 7.21683 35.2867 8.50651 20.5711 9.56963 27.0844 65.4296 71.3164 57.466 91.3241 44.0046 10.7054 71.5564 25.836 30.2245 24.6368 30.0509 2.52435 76.3539 82.6654 170.571 35.0625 46.0119 0.00997395 53.6864
-67.5125 1.18088 8.81585 3.33587 33.8556 8.17564 3.28682 20.9452 8.50651 11.0173 10.3484 35.8365 72.3289 57.401 46.8915 87.4035 69.8514 11.63 71.5564 20.9209 30.2245 6.7329 41.7554 4.06213 63.6118 111.342 170.058 40.4497 46.6147 0.0229235 55.2282
-68.3354 1.2182 7.61738 4.92582 36.2624 9.19032 2.3909 21.1002 8.50651 8.10546 10.734 35.8365 72.3289 74.1275 42.64 76.5474 71.2872 18.6057 71.5564 21.139 36.0375 6.7329 23.6438 8.72721 77.6778 66.1621 194.189 29.5322 54.1759 0.0154718 55.0304
-69.21 1.34544 9.73189 16.0481 16.4833 10.3734 12.8071 16.5007 18.5056 0.287405 5.14372 44.0652 72.3289 74.1275 52.3377 76.5474 71.2872 18.6959 50.5927 20.3782 8.31637 4.37261 25.1786 43.794 82.9355 66.1621 189.44 9.95179 63.8452 0.0274246 55.8078
-67.4962 0.985061 12.6064 13.6223 15.6306 10.3734 15.441 16.5007 18.5056 9.1041 5.14372 44.0652 46.3205 74.1275 100.853 55.8657 71.2872 14.827 44.9586 30.3111 7.0875 12.9271 28.2465 43.794 54.2568 54.85 237.149 9.95179 59.3819 0.0171454 52.7828
-68.2146 0.858176 16.3834 10.621 7.05121 13.4181 21.016 10.7555 17.7424 3.66405 4.60702 46.7621 46.3205 69.0259 106.348 55.8657 83.2955 9.54389 36.5264 32.9824 27.3543 18.9817 15.9291 36.334 71.7108 126.98 118.408 83.8192 59.2516 0.0395584 56.0643
-67.8938 0.858176 8.47081 13.6119 4.409 11.4621 21.4576 28.9702 17.7424 3.66405 3.97452 51.863 34.092 69.0259 106.348 55.8657 83.2955 11.2755 36.5264 27.9415 35.3933 14.3107 18.3032 30.9499 58.486 99.9315 130.386 73.6563 46.3134 0.046672 51.7659
-67.8938 0.182345 8.47081 13.5853 4.409 13.1128 26.8275 28.9702 17.7424 2.18763 3.16854 51.863 34.092 69.0259 106.612 11.6505 122.381 11.2755 36.5264 28.593 35.3933 14.3107 16.7591 31.4528 66.8348 99.9315 79.6553 74.0887 38.852 0.0589243 56.0842
-67.992 0.155545 6.52266 14.6478 2.14902 14.7935 25.4276 31.1582 29.8055 4.79566 4.1817 43.7257 21.1809 100.771 85.0356 11.6505 117.409 10.4873 46.8012 21.6481 24.2935 24.7756 13.1385 38.6938 55.7541 126.944 91.1063 32.7875 53.4771 0.0452088 53.1388
-67.8356 0.145582 13.0325 18.459 4.51923 14.7935 9.65702 32.1654 46.1746 4.79566 3.22127 33.5592 25.1858 100.771 85.0356 11.6505 122.757 15.9857 46.8012 19.883 21.0346 22.2211 10.9273 27.7151 55.7541 124.449 172.58 61.3791 53.4771 0.0450448 58.1046
-68.2585 0.149571 4.9447 28.4243 3.53875 9.44223 9.6094 32.4234 45.0985 11.8249 2.14403 32.6035 28.3183 94.2772 90.1565 1.51836 118.115 12.4522 41.3792 15.9296 29.8573 26.3002 29.9499 24.0341 49.4429 124.446 116.376 42.6102 6.53325 0.0473634 57.1661
-67.549 0.159549 6.86748 24.7559 15.624 19.8239 2.96223 27.3546 45.2008 7.01787 5.37773 26.9873 28.9795 82.3343 91.4638 8.6899 118.115 13.756 45.1779 3.60105 27.1624 30.3839 40.5541 23.5891 39.6679 96.2431 140.492 60.3059 17.1406 0.0317249 61.3017
-68.0105 0.131951 6.43506 23.114 7.7781 22.424 3.49497 18.3689 40.5842 7.01787 6.93344 37.0257 27.7625 95.5465 93.1003 16.2448 58.3389 7.04859 54.2567 22.4162 39.8064 19.5714 37.2147 24.1045 77.6947 135.423 106.593 39.9417 17.0104 0.0430194 53.7636
-67.4562 0.448438 12.0537 18.7045 9.4957 9.94092 7.42875 19.7837 29.626 21.5125 10.4346 59.2217 21.1821 56.9902 89.9822 11.052 30.2867 65.7462 79.4919 6.05652 41.454 2.08817 37.2147 31.4512 82.6161 141.099 51.5485 73.9817 47.0423 0.0756146 56.9308
-66.9227 0.93216 7.48489 19.093 11.3059 12.3904 9.7288 36.6346 33.3785 19.4324 0.317582 51.2207 23.302 37.4572 94.6313 11.8448 20.3536 101.744 52.9415 17.4048 57.7201 13.786 39.3849 15.8813 56.1121 141.383 78.668 80.0214 51.3117 0.018937 56.6572
-67.0591 0.93216 6.59701 13.0107 10.2787 16.6283 9.94502 34.0945 33.3785 18.3333 0.317582 53.4348 23.302 64.4321 93.4549 3.38354 20.3536 108.132 52.9415 17.4048 55.2675 7.78937 28.5294 17.5944 59.256 143.755 47.7587 80.8138 78.5832 0.018937 54.8662
-66.4999 0.066317 5.02668 13.3338 14.6312 16.6283 15.0389 34.0945 17.0791 13.7541 1.39098 59.9102 5.92963 32.8963 93.4549 38.8814 51.0744 81.3781 68.3609 37.1097 23.1038 3.66257 34.163 17.5944 64.1131 146.6 46.593 80.7433 60.4598 0.0295367 55.966
-66.4999 0.726253 5.0561 12.7724 14.6312 14.3861 9.15903 37.4039 17.0791 25.9767 5.27547 67.9427 6.5834 53.4324 68.4736 36.8412 51.0744 81.3781 58.796 25.9338 22.5296 21.1281 13.8612 17.5944 71.58 171.092 32.1065 80.8442 65.5736 0.0331063 52.2277
-66.4274 0.68415 6.66864 7.60916 25.9923 14.3861 8.06436 39.7976 17.0791 25.9767 5.27547 67.9427 4.07382 45.4455 68.4736 39.1479 51.0744 69.2772 65.5639 50.3212 16.2038 9.95889 14.4717 53.4546 30.3899 191.501 11.1189 127.636 28.1633 0.0297137 55.159
-68.3837 0.614197 11.2859 2.45042 19.7997 20.2004 8.75355 36.5489 17.0791 37.2162 12.4446 38.5989 11.8874 41.5103 61.7462 37.8761 87.77 56.8195 65.5639 46.3454 3.76448 9.95889 21.7628 53.0375 41.9849 162.991 35.6458 131.3 5.87506 0.0158371 52.4051
-67.3243 0.705461 13.208 3.59197 19.7997 19.9729 7.71463 36.9583 17.0791 37.2162 18.5752 27.3096 5.96774 57.8663 42.7744 22.5666 94.0542 40.9548 32.1147 26.6736 11.5159 10.5397 22.1519 80.5701 106.399 157.013 72.7196 4.34885 80.0017 0.0194002 57.0782
-68.09 0.303677 14.3091 6.66135 19.7997 15.5191 5.72949 36.8418 17.0791 37.2162 21.8748 8.01346 17.5346 73.4012 42.7744 15.0794 14.1713 160.795 9.44196 37.5737 20.7453 6.91579 24.3269 72.7352 140.664 58.6562 36.4787 14.9267 120.195 0.000593723 60.0268
-65.6231 0.451044 14.2036 4.58515 17.4728 16.7971 6.86942 36.8418 17.0791 37.2162 22.1353 8.01346 39.0564 69.3557 21.7919 18.9277 14.1713 160.795 22.1835 30.4974 20.7003 6.92365 32.6432 52.3771 127.079 95.1981 44.2524 4.62862 104.79 0.00732923 57.9141
-67.6093 0.512404 14.1908 4.59174 21.8005 14.6157 8.29039 52.5833 22.4314 35.5711 3.58959 5.25287 39.0564 73.2421 28.5974 15.4801 17.3906 145.682 22.1835 28.5631 21.5713 8.60418 27.2332 74.4082 132.955 113.846 49.5419 4.62862 85.6781 0.0298962 60.2203
-67.5964 0.845822 14.0222 12.7848 12.3083 16.6811 8.86184 22.0445 40.6712 47.501 4.86734 8.58099 33.6214 70.8046 40.244 8.56414 23.0859 163.935 28.3947 22.501 23.0571 31.1241 0.459594 76.8633 76.1909 126.742 50.3706 13.0267 27.6467 0.03035 55.1076
-66.5484 0.789171 11.0411 13.4751 4.96742 17.7808 10.0139 29.7564 43.4181 45.4789 9.58256 0.16948 33.6214 28.9 53.0957 31.68 12.5367 177.768 43.2697 4.38375 37.4089 20.0604 2.82899 74.369 37.9926 161.413 14.4835 185.288 7.82413 0.0437488 59.5569
-66.3736 0.872441 8.47297 13 19.777 14.6692 10.2576 25.1617 36.0652 47.7489 7.24819 0.119436 26.2428 40.9294 67.1354 13.4008 6.21686 161.162 70.2411 31.4526 14.5781 38.5208 2.42494 50.0866 45.8226 146.946 44.2969 86.2409 69.3207 0.00666287 56.1421
-66.3408 0.74116 5.48657 12.8337 19.5802 21.1314 9.12657 30.158 30.5868 46.693 9.67952 6.04706 33.3728 22.2535 59.4837 26.5492 27.6931 151.725 71.2277 30.8129 14.509 21.901 6.44678 42.8413 54.3949 119.035 134.655 64.5389 15.9242 0.000649352 52.3757
-67.5901 0.965214 4.70105 15.453 14.4751 12.4898 7.41932 23.319 66.2872 24.6326 20.9015 9.48541 25.8694 14.0413 77.3201 11.2162 27.6931 142.028 63.3211 33.4002 14.6596 8.02035 32.8108 50.7951 67.5399 114.126 112.005 76.3708 43.6806 0.00450497 53.8365
-67.2888 0.894228 11.0151 14.6315 13.0251 14.3345 11.6321 11.9551 28.9596 24.6326 20.9015 24.0321 26.761 26.9967 77.3201 31.6983 5.48261 113.393 63.3211 30.6459 11.5309 8.02035 30.4064 87.1976 51.0819 115.364 126.941 17.9644 31.6821 0.00976176 50.2932
-67.8263 0.823006 11.8258 16.6823 10.5442 16.3258 5.54939 21.6964 26.8748 25.5869 35.351 27.284 26.5429 37.1968 70.3488 9.47933 10.943 106 63.3211 30.5329 21.9657 18.4055 27.718 79.2814 43.1938 107.649 91.6787 17.9644 63.4706 0.00901984 52.6117
-67.2864 0.640925 5.05064 2.33529 28.3656 8.64185 6.51028 11.8611 26.1989 13.9484 32.8947 38.9272 28.7707 69.7908 70.4636 15.1564 4.72559 109.25 67.4125 28.7414 22.3912 2.3995 66.4965 38.0481 50.318 91.6542 156.93 34.07 62.2306 0.00742916 55.583
-67.2693 0.256409 6.92477 4.62973 18.5482 2.56768 6.51028 13.9411 33.2601 2.62958 57.0386 32.9813 26.9546 69.4726 73.7133 18.1114 7.72595 116.017 67.4125 14.9808 23.0594 2.3995 35.3864 44.1211 70.4199 101.939 184.053 37.8365 52.0645 0.0158731 54.1266
-67.571 0.789968 10.7923 4.62973 11.9165 6.68674 6.91127 22.4395 54.0984 12.0896 57.0386 2.38287 31.7587 56.9475 70.5039 7.06274 7.50832 100.275 67.4125 17.532 35.6592 0.275811 56.6615 26.8727 93.9806 90.2367 128.762 36.8133 52.6949 0.0108247 54.2039
-67.3502 0.670039 5.35089 10.9389 18.4941 8.99313 23.535 16.1825 51.8794 17.2463 31.0813 30.1419 5.55165 92.2728 66.7346 15.8398 16.0839 102.336 24.7781 21.6887 45.7672 14.1365 33.4143 22.1797 85.9256 95.1204 106.725 25.8876 45.9106 0.0159322 52.3307
-67.4858 0.952792 7.30244 10.9389 18.4941 9.80915 17.5572 4.48609 62.6923 25.8724 8.46216 32.9951 4.54119 93.6558 56.8772 14.8641 14.303 114.659 22.0058 33.2237 45.2606 14.1365 18.3201 51.6898 84.8515 92.4524 109.741 49.6033 47.9039 0.0157066 52.5391
-66.4631 0.687111 14.1899 35.6309 16.6396 2.74499 29.1528 3.41935 62.6923 20.1779 8.62641 21.2655 3.92416 93.6558 72.8234 14.8641 15.7068 123.5 24.0743 31.1666 2.85512 22.1687 18.3201 51.1688 76.8709 127.388 115.012 51.1699 52.1875 0.00408153 57.0029
-67.4885 1.0714 15.2027 33.6627 11.7167 2.74499 32.5362 5.23775 63.0401 20.1779 8.75206 22.305 0.722051 88.2459 72.8234 22.4914 15.7068 123.5 24.1535 17.3112 13.3524 26.333 14.5 50.7017 75.5539 119.019 115.012 69.6035 2.60121 0.0149673 58.2977
-67.4931 1.06154 12.9785 17.3644 17.6634 10.2776 8.51111 8.82182 70.782 25.4158 9.11978 24.5475 1.76523 92.7717 87.5626 31.1792 9.57472 115.014 18.1058 23.0357 28.0622 8.53778 15.7214 42.276 82.6296 69.9079 190.145 75.7325 0.695473 0.0156639 53.8066
-67.4942 0.302784 13.711 13.6522 18.6725 7.03049 8.28696 12.6272 81.96 10.0668 2.42232 24.2726 7.64296 92.7717 87.5626 17.0359 13.5252 119.929 34.7579 4.48758 43.4862 10.0565 12.3581 39.4974 109.464 63.1681 190.145 62.5704 8.78366 0.0141151 53.688
-66.9285 1.21216 13.1602 14.4724 13.5706 6.00692 16.9405 7.90894 77.0325 6.36523 7.81195 25.0818 18.3599 92.7717 67.6101 17.0359 27.8413 119.929 11.7532 11.4379 62.1305 11.7553 12.3581 39.4974 92.4106 80.8912 109.522 19.0885 29.153 0.00043034 53.8686
-66.9268 1.33614 12.2234 13.46 10.3039 4.57077 20.5773 12.0197 70.0037 4.32349 19.1923 24.8249 18.7633 104.701 33.8469 21.5959 26.7758 3.40092 122.233 7.92863 81.3251 2.06937 11.7109 39.072 92.4106 72.3174 154.052 19.0885 57.1618 0.00178337 55.4555
-67.1178 0.302551 9.61081 17.0954 11.677 3.16163 22.2758 9.17135 57.2885 5.28248 28.8846 20.5313 37.1327 105.165 51.2286 18.8806 24.2823 3.02886 96.4226 18.4928 81.3251 10.0935 10.2997 37.3136 89.2919 19.6672 223.975 17.6888 16.0749 0.00252564 53.3144
-66.4504 0.106156 9.80024 16.6736 5.62515 3.31086 15.9878 43.0636 28.7501 7.62864 22.8231 21.4153 35.145 92.3392 48.5894 8.46647 12.8389 13.8836 148.981 12.7953 66.1963 4.62977 10.649 45.0404 96.9821 60.1472 122.069 25.6882 30.4665 0.00244359 54.9756
-67.9118 1.37321 5.98911 16.6736 5.62515 2.91138 27.807 43.0636 21.1417 8.95712 19.3463 6.17841 69.1396 92.7326 37.7004 22.4929 13.5036 12.9987 124.548 49.2461 66.1963 5.16142 1.85297 8.9131 99.583 86.1049 183.061 42.1212 44.513 0.00323644 55.0787
-68.7287 1.28587 10.4273 10.1939 3.87403 13.3288 27.807 44.3377 36.7408 7.5698 25.19 6.17841 38.7293 89.8511 39.2209 26.5914 13.823 11.8499 119.653 43.5862 73.4583 4.11267 4.28961 22.1582 93.2545 107.784 167.682 11.3452 22.3165 0.00277308 54.9105
-69.3518 0.479782 6.17404 4.36366 3.87403 13.9491 33.844 47.2197 33.1536 26.8583 25.19 6.17841 38.7293 91.7915 34.6591 26.5914 14.5702 1.54193 125.189 47.773 44.7298 6.80102 1.54626 32.3137 123.287 82.5277 84.9128 46.6583 9.74674 0.00311049 64.6273
-67.9947 0.822637 11.0626 5.37538 0.368915 17.4849 31.7644 44.225 12.3598 3.32784 28.764 6.36761 45.6548 107.027 44.6778 11.4446 17.8453 38.9087 133.125 25.6105 5.89509 5.98196 1.42686 32.3137 138.814 106.108 91.4605 47.1462 41.9097 0.00300439 57.7648
-66.3907 0.653669 12.272 5.37538 1.98836 17.6612 31.7644 37.7063 12.3598 2.70588 34.943 6.36761 60.2191 109.921 44.6778 12.6405 7.95536 38.9087 133.125 22.2644 1.2832 6.6521 4.49335 27.509 138.814 146.35 91.4605 101.126 6.13009 0.00268539 57.4036
-67.1404 0.653669 10.1052 5.37538 7.12689 2.59599 38.1013 39.3489 18.1973 2.70588 34.943 5.84119 60.2191 111.227 30 12.6405 7.95536 50.2728 133.125 20.931 14.185 39.2141 4.91514 27.509 94.2773 141.514 61.3051 101.126 6.13009 0.0016515 52.0126
-67.7533 0.76577 10.4335 10.8208 7.93999 7.95756 28.3061 38.4341 18.1973 2.70588 34.943 7.25962 53.9377 111.634 50.3297 131.182 7.95536 36.3988 1.87898 20.931 9.30217 37.6184 5.83586 27.509 94.2773 136.873 59.8051 101.126 156.724 0.00317368 54.7082
-67.3326 1.40547 7.57656 10.4927 9.49894 7.95756 22.9672 41.3608 5.43315 21.256 37.055 5.37402 53.9377 110.491 26.4782 131.182 13.4782 23.6525 39.1462 3.80408 9.30217 63.5324 6.02219 19.8644 72.2193 147.838 104.465 70.6316 146.487 0.00587752 54.6744
-67.3286 1.5756 6.26756 14.9988 3.62928 12.9462 23.7298 41.3608 1.78983 25.5212 32.5126 6.60369 56.925 108.613 26.4782 131.246 11.5581 25.6627 27.7016 15.4288 9.30217 44.6364 6.08411 19.0362 119.542 147.838 37.1385 48.4096 151.056 0.00164556 57.0532
-67.5589 1.10784 5.43139 6.13923 3.62928 37.229 5.63532 41.3608 1.78983 8.71178 39.804 15.3313 54.4989 97.4819 37.9472 157.832 42.0209 3.45697 0.421078 14.2024 15.9702 66.0181 13.6631 16.3085 100.678 105.302 60.3302 25.4248 22.4799 0.00573551 55.6667
-67.9481 1.35214 4.84532 3.79053 3.32852 25.0543 2.71147 35.4553 29.4716 20.3389 23.0662 21.2973 66.8708 100.906 21.6215 129.657 45.2486 3.46745 27.4271 7.61843 8.42929 60.4873 4.92382 28.5403 114.432 104.099 138.902 21.109 23.5284 0.00605394 59.0487
-67.6332 1.0857 6.55565 17.9165 0.193536 1.25625 15.2166 39.9012 15.3776 36.2174 16.703 13.3434 60.6751 119.946 19.6999 73.7673 45.0946 13.2607 7.32695 7.61843 11.8849 100.69 14.0518 21.1414 119.449 67.7133 127.208 62.3145 8.19685 0.00448341 57.4454
-66.7937 0.250058 7.20312 11.5973 5.2441 1.25625 14.2993 37.053 25.9515 36.1582 14.3285 7.00769 49.8717 115.176 18.9735 129.326 45.6953 32.1097 6.99274 21.3524 11.8674 32.7398 10.6313 42.6184 108.124 56.3698 149.656 96.6142 28.4651 0.00381539 53.4033
-67.3184 1.18625 4.64233 18.4054 8.43232 17.8958 12.8942 38.7696 11.8977 36.2319 8.59561 9.78231 49.8717 115.325 16.0361 132.225 47.2861 26.8824 11.4061 42.5458 9.20238 18.0554 8.37092 32.7176 76.2827 99.3336 155.712 6.91408 35.4278 0.00236399 50.5323
-66.3485 0.475403 4.60567 22.1835 5.08184 16.2832 12.8942 41.0982 13.1861 36.1619 0.54953 7.21344 64.5236 112.341 15.5949 132.225 51.7377 26.8824 15.8816 41.0531 2.17341 6.38534 15.2701 38.0635 89.904 81.3612 112.806 136.376 12.0822 0.000563768 55.2122
-65.5219 0.247279 4.79557 32.3572 3.17773 14.1491 6.57232 20.6962 24.5943 35.24 0.0148788 6.98421 63.4161 111.197 3.31136 136.608 76.5507 7.39932 15.633 9.69093 8.34998 6.92436 17.8028 87.0664 77.7776 64.6501 176.351 20.3605 57.8634 0.00202965 55.4464
-66.4719 0.254308 4.8913 18.4159 3.00374 18.6814 7.25656 19.9174 25.5714 39.1129 25.8579 3.59121 63.4161 123.856 2.74328 134.279 55.0567 5.79506 9.27183 12.7004 32.1629 3.03127 14.2106 97.7265 50.0857 54.4876 198.995 58.2033 82.0634 0.00187337 58.1186
-67.4675 0.581139 1.70908 2.82044 2.74955 21.9182 8.70117 17.8715 10.8593 34.0119 20.163 16.1469 91.5505 130.105 0.609327 117.556 56.2959 24.6719 1.20292 17.726 15.0054 14.8578 14.2106 97.7265 51.4703 139.84 16.2403 65.2483 47.2311 0.00152499 55.3069
-66.9356 0.671179 3.97854 0.43199 7.81214 14.95 9.5218 34.0178 7.67402 20.4326 24.9773 20.2258 61.2533 130.105 9.83996 117.586 85.3585 2.51478 11.4106 14.9167 29.5625 4.75448 13.6043 59.5496 43.2811 132.405 41.5813 29.7254 78.6193 0.00177521 56.7204
-67.3042 1.00446 16.6737 2.69489 11.6199 0.839785 1.87572 13.6851 10.6509 22.7938 52.2711 12.1599 60.6677 67.3826 9.83996 106.237 84.4196 70.1457 25.4674 6.50028 29.0058 4.75448 6.42944 97.5205 45.0626 131.989 89.0074 23.3773 138.537 0.000638945 54.7565
-67.6111 0.388229 11.5294 3.27355 8.32207 19.1868 5.48167 29.0007 12.8102 24.3236 47.5395 5.82394 58.5141 72.5131 39.2859 92.0067 34.1292 60.5323 60.0117 27.8607 48.1555 13.777 1.92377 6.46682 57.0937 135.099 57.2295 28.2642 88.6334 0.00179083 55.1838
-66.4898 0.127695 8.13897 5.56611 13.4283 2.06292 9.34231 30.6438 11.4168 3.64582 52.1291 6.36356 69.0348 65.6534 39.2859 80.5619 48.7844 56.8484 67.6965 44.2722 20.8425 13.777 17.4456 14.1844 46.1835 166.923 58.7867 32.4652 92.8511 0.00213255 51.138
-65.7462 0.0541377 10.903 1.24376 17.6865 5.71606 8.79884 26.6817 13.4334 3.72767 52.1291 6.75572 61.2802 65.6018 39.2859 73.4029 56.8308 61.9377 82.0625 27.6558 16.699 10.4685 22.7446 17.8056 106.557 156.275 33.7524 4.46041 62.6874 0.00192382 57.5891
-66.1964 0.636209 14.7031 2.93708 20.2065 6.08839 15.0425 3.44072 23.7766 22.776 52.1291 20.0298 19.6562 65.3101 41.6163 55.9254 42.382 64.2555 30.2233 54.0321 11.3109 27.7809 16.2807 17.8056 120.763 149.681 65.6166 45.4287 141.404 0.00202911 56.2654
-67.7466 0.305396 16.6507 10.7936 12.9565 14.5912 7.23981 35.302 21.3418 18.1331 43.6761 3.54734 21.3383 78.5313 59.5095 86.5903 29.8686 63.5371 39.9459 29.0894 13.6979 7.54955 12.4423 58.8758 74.7829 168.423 19.4258 23.3176 45.2311 0.00116642 46.8569
-67.1398 0.0913037 18.7262 6.26018 10.4029 19.6291 9.06017 60.1929 16.2143 3.25325 37.0175 2.90525 22.8759 75.5548 59.5095 100.153 52.8481 64.3362 20.4578 11.0216 13.6979 7.54955 16.2624 50.0436 80.6175 167.911 11.693 6.40366 88.1822 0.00133008 50.5916
-66.5786 0.0422916 18.4807 4.93443 7.12138 17.6151 10.7876 60.1929 19.2104 6.70418 22.7796 12.0655 22.2186 98.7769 59.5095 84.9613 32.0777 61.8651 19.814 6.72524 6.69861 7.23847 22.4899 90.8994 76.1996 142.559 55.2712 9.80312 75.6392 0.00145066 50.7465
-66.7422 0.235621 10.0475 0.518227 9.89384 19.4483 22.7205 69.1843 30.5677 5.35541 22.7806 11.1496 20.1071 87.5231 88.9681 60.1154 38.809 60.7021 19.814 20.2342 6.69861 9.43065 11.3705 90.8994 37.0374 139.025 108.319 0.697583 78.3913 0.00414576 53.2228
-67.5063 0.532002 5.30637 2.52118 12.0981 20.2336 19.9125 77.2242 30.903 2.20813 14.0543 0.93325 17.5052 86.3445 68.2218 63.2693 75.2388 54.4748 18.4571 8.49276 12.2352 17.4074 11.5057 46.379 98.6538 154.133 42.9469 13.2473 32.4902 0.00544258 50.929
-67.2601 0.0740673 12.5389 8.34297 3.71933 19.3084 29.6039 87.0751 33.9171 7.40387 14.0543 29.4557 17.5052 50.8274 68.2218 23.6875 86.4077 54.0751 18.4571 26.7361 18.5572 29.6291 13.8314 35.1962 82.4225 136.303 52.6075 13.2473 39.6932 0.00638777 57.4815
-67.1347 0.340574 8.92781 10.4977 3.66758 18.62 29.6039 45.9392 42.8151 10.8328 5.31724 28.3396 17.5052 10.3436 68.2426 24.3284 117.27 45.187 31.0917 20.4776 43.0017 38.1933 25.53 38.4948 76.2587 168.257 47.4081 5.61045 28.7631 0.00653557 52.7604
-66.1778 0.338098 9.76566 3.2423 7.65873 18.654 27.7517 50.6659 37.554 15.8309 7.66457 21.682 15.6652 16.3811 67.9152 24.3284 111.131 36.3658 33.928 31.1854 41.1353 33.5794 28.5457 38.4948 71.7639 188.908 64.8455 14.1643 13.3499 0.00503182 54.5693
-67.3391 0.61354 9.26925 2.33346 4.14208 19.0201 26.6532 48.7196 27.4287 21.6396 4.74482 18.4427 26.104 25.6169 104.392 47.9056 89.4154 36.4639 61.4339 21.2262 40.1267 10.1962 9.87837 33.2385 74.1209 141.767 69.3619 9.98525 12.0834 0.00598993 49.2607
-67.8863 1.27389 4.66322 1.9909 10.5142 18.7925 22.2554 39.3422 6.96963 27.3813 3.81767 42.3554 23.803 18.9594 75.0488 21.1995 99.6782 38.6757 62.6206 52.2858 43.5831 14.1856 11.9265 42.3131 55.4804 152.035 53.7256 16.1248 6.51638 0.0114457 52.4157
-67.592 0.440973 6.49352 1.88742 10.7116 19.8604 22.2554 39.6216 26.6505 18.9114 3.41919 37.5852 30.2375 18.9594 74.3627 21.1995 99.6782 38.946 65.452 42.1677 37.0401 7.42479 18.0284 67.3743 48.6199 152.035 57.8374 26.4195 7.73533 0.00630046 51.5009
-67.0053 0.533284 10.3547 0.893768 4.01281 19.4857 27.0509 40.3147 25.5716 24.9115 13.8529 27.281 31.0292 18.9594 108.498 8.17716 74.1385 50.8283 55.6187 35.1096 14.4791 1.59238 21.4123 80.4021 51.1423 141.499 56.1453 29.6663 6.82547 0.00772817 51.3793
-68.074 0.760128 1.51259 0.893768 3.58491 18.8819 27.7196 39.661 16.1942 24.8437 5.66477 27.281 30.4339 29.3421 108.498 41.9959 52.8833 63.5291 47.3268 64.8869 9.18422 19.8488 20.8096 45.0795 54.2524 112.996 56.1453 29.4613 17.0096 0.015925 58.7121
-66.4113 0.288603 3.65851 3.39817 9.00071 18.7633 25.1625 38.9797 10.9978 32.2482 5.66477 39.3284 28.7198 27.1793 102.467 59.374 47.7661 59.6008 47.5269 54.1795 2.31377 14.8998 23.3742 45.1908 54.6461 126.559 64.2295 42.1591 4.82501 0.0191234 52.6054
-67.022 0.567997 1.96025 6.85539 10.9825 34.8892 4.22971 41.1592 10.9978 32.2482 5.66477 37.0149 28.7198 29.105 102.467 59.374 28.5069 59.6008 49.1358 55.6666 2.31377 11.2522 23.3742 45.1908 61.3418 133.098 46.1389 8.37508 40.6858 0.0102071 54.3472
-67.7979 1.35841 9.13109 0.88903 10.9825 34.8892 9.93841 35.9296 10.9978 34.982 17.3497 42.2809 9.77435 51.9906 102.467 59.374 28.5069 49.8498 55.9516 62.0394 13.4315 14.352 21.7164 4.23653 75.5703 169.157 46.1389 8.37508 42.1554 0.0194315 51.9657
-69.3131 1.81747 6.92318 3.55748 7.96256 35.6502 10.2766 46.1894 6.35848 34.982 3.80568 35.4018 27.7151 35.9832 102.467 48.1883 29.8097 27.2603 78.4913 55.0045 11.004 15.8127 14.0862 28.1169 80.0394 154.254 76.3408 24.9854 14.5068 0.00541493 52.9365
-69.4036 1.08207 7.98102 11.6646 21.5135 24.0268 8.08835 5.34976 3.89293 5.40867 53.8199 39.7507 29.8658 42.1876 78.8623 45.3956 53.9607 57.5073 42.5481 56.3406 21.5774 8.69408 12.8384 92.2977 10.8095 197.47 32.8403 30.3513 40.8731 0.00689576 59.4637
-66.9561 1.61626 22.0476 12.2382 5.30727 26.9696 4.58711 41.7876 10.3476 13.4678 43.4353 33.5669 6.01247 18.475 77.8073 71.9058 35.3429 63.6211 34.232 50.2367 30.6352 30.0136 5.41925 68.1401 38.0769 143.934 67.4611 47.6741 39.2507 0.0186806 58.2252
-66.4663 0.953913 2.1229 21.7226 7.87627 30.751 4.12514 49.8724 8.70365 1.08923 43.4353 26.8402 4.17036 18.475 68.0557 93.6879 38.8176 64.8017 34.232 51.5611 30.4455 34.5202 4.90324 58.2272 40.2306 143.934 33.9351 10.4673 72.1475 0.00482354 55.6711
-66.7887 0.795661 2.1229 20.6155 3.60144 29.2644 3.56561 49.8724 9.09783 1.08923 41.332 26.8402 35.1832 21.3206 70.4957 93.6879 38.8176 72.0536 34.232 68.007 22.7597 34.5202 3.40591 68.1611 40.2306 134.515 45.222 31.6031 77.9029 0.000981297 62.7173
-67.6659 0.718524 2.93564 17.0707 11.2049 27.756 0.303337 39.047 23.7535 14.8776 32.7706 13.1725 29.8807 12.8117 121.152 81.4009 22.389 44.4743 37.0196 49.4806 14.1928 11.8001 9.40576 58.1553 108.383 162.484 14.7428 16.269 14.3599 0.00767236 55.8164
-67.6278 0.684673 4.21481 17.2718 11.2896 28.2209 2.19974 39.047 26.8777 14.3563 32.7706 16.8783 30.1301 25.8712 118.644 64.5559 22.389 42.2134 27.7967 75.071 19.4059 33.9478 20.5773 12.2909 55.2338 199.326 53.6259 9.91713 4.68154 0.0106619 51.3939
-67.6198 0.77018 2.48842 23.8399 7.98338 16.5516 3.45476 39.047 17.2933 19.3993 29.5131 24.9412 25.664 47.4804 118.644 44.3367 22.389 39.2265 29.1776 79.6386 6.55212 40.9642 26.2082 15.7471 55.4136 164.07 63.9846 111.341 20.6347 0.00336225 55.3101
-66.1631 0.786046 5.31648 25.8186 6.47146 18.0906 3.54942 13.3873 25.1101 22.2513 54.1545 15.2083 27.2385 27.602 148.222 97.1442 4.79949 24.3933 36.5223 61.8108 6.55212 1.91513 37.5639 11.2519 60.1114 182.625 19.3397 111.341 20.7346 0.00218184 56.4612
-68.6857 0.757322 1.60145 16.1876 6.47146 6.24232 3.87917 22.8448 29.2266 18.4569 45.0319 25.4262 33.5903 27.602 194.665 57.2042 4.79949 24.3933 8.79646 65.9994 21.3189 8.62714 27.0096 8.11183 80.9401 202.241 26.5318 148.897 20.7346 0.00218184 56.2903
-66.7652 0.773243 4.40423 12.2567 7.71608 5.4186 3.33132 22.8448 26.7561 29.8445 19.7522 32.7282 46.6867 27.602 194.665 8.86961 4.79949 54.8474 14.1457 56.6322 19.2317 15.9246 37.873 12.6651 99.2118 148.704 58.8189 176.22 66.4723 0.0221982 57.2089
-68.0063 0.992723 1.20872 10.5373 15.6574 7.90488 6.22845 11.3591 25.117 27.7882 4.28015 35.5592 67.6577 27.4081 161.262 8.86961 14.7783 34.8794 52.3318 60.7079 23.7147 8.1668 30.177 16.3646 95.4397 174.221 78.3774 3.81615 131.239 0.00108939 58.2367
-68.2776 0.628262 1.20872 9.63517 16.8085 20.3896 10.959 13.2553 6.25449 30.9793 26.514 34.9465 31.0638 27.4081 161.262 9.21967 6.0147 51.0548 49.1535 19.6464 17.9496 2.64918 84.5657 25.7316 79.1146 155.331 87.0423 9.98774 8.21395 0.00696146 54.9588
-67.4716 3.39828 1.86674 7.52561 18.3062 10.9332 20.0446 2.44202 4.07944 72.3024 19.4684 26.838 24.0362 26.1431 144.446 8.20505 24.9181 53.3171 49.1535 4.71386 16.0306 14.4001 84.5657 25.4088 63.5534 162.264 82.2148 33.126 25.3034 0.00283194 57.949
-68.2211 2.83916 19.884 2.79807 27.5545 10.8006 3.04411 1.91659 44.1678 15.103 43.2446 35.8962 20.1973 32.8172 144.446 16.5438 24.9181 70.3611 49.3327 18.1394 11.9266 14.4001 54.366 17.7588 62.0257 189.056 12.8278 15.5318 46.4305 0.00190553 56.1162
-68.9048 2.83916 5.67006 3.68408 12.8175 8.58221 4.29429 1.91659 35.4387 15.9516 32.0115 55.594 23.4018 41.9864 159.374 41.5073 26.7452 90.0324 19.7714 12.9997 14.1643 28.8797 27.9773 20.1124 74.6303 163.203 55.7873 26.7641 44.8472 0.0122922 55.4065
-68.4267 0.659759 9.91445 4.86525 16.9675 16.6058 11.9114 13.263 2.03777 19.5215 29.3271 64.1986 22.1704 31.0227 141.858 44.6942 36.7628 84.4706 15.8073 20.8864 7.43692 38.5798 27.0159 23.5252 106.266 148.021 15.5569 30.3149 46.5524 0.00239164 52.047
-68.43 0.353974 14.6865 2.68597 8.91581 18.8929 18.5202 23.7923 2.03777 12.1526 90.4954 8.73855 21.1762 7.28167 140.645 66.2432 55.5889 47.5823 24.2226 17.8634 7.43692 20.4895 23.1288 29.7258 127.827 154.258 40.1633 51.6915 46.9837 0.00153252 54.2644
-68.8527 0.46731 15.0234 1.6027 8.91581 20.8209 18.5202 24.2836 2.68389 11.0121 90.4954 8.73855 19.4521 12.0494 140.645 66.2432 55.5889 47.5823 24.2226 14.9607 7.43692 18.5164 33.6832 27.6464 86.5769 169.335 18.4346 43.0964 41.5805 0.0120337 52.7558
-67.4796 0.285731 17.1814 2.21558 16.703 18.1357 10.8177 35.9588 2.68389 3.21861 90.4954 8.73855 5.69416 12.0494 140.645 63.4139 56.7847 52.079 37.5935 15.5602 5.28173 14.2174 32.6946 23.9533 70.0773 179.884 31.3066 44.2082 94.1714 0.00572652 54.8122
-67.1377 1.19315 14.2581 2.21558 11.441 24.2073 8.41637 46.7434 2.70428 3.21861 90.4954 8.73855 8.70745 12.0494 154.571 49.1544 63.6168 42.1852 36.0653 14.775 5.28173 14.4583 33.2137 32.4793 73.9521 202.555 31.3066 52.8334 9.1583 0.00430574 53.3737
-68.0182 0.0939715 13.7117 3.17544 11.2521 12.5949 8.89557 36.9934 24.4818 11.1509 71.7444 14.8352 8.70745 13.1786 151.928 40.1216 54.248 27.2046 36.0653 31.7052 4.80765 16.357 35.8568 47.9156 62.3728 200.418 10.4672 45.1531 24.4826 0.00414148 54.5613
-67.9449 0.604385 34.708 2.42676 5.10627 12.3015 10.8419 29.1393 14.4487 15.8141 62.9888 16.6759 4.0177 12.7597 139.728 4.50503 107.488 7.72393 36.7995 34.966 30.4233 12.1257 34.3569 58.4999 74.0559 152.309 93.1909 42.0127 70.7371 0.00107179 54.105
-68.1468 1.36841 37.738 2.23555 4.92465 12.3613 9.64153 50.0477 1.94046 4.15026 68.8864 6.51941 5.98273 32.0668 112.425 74.2966 81.9139 15.4636 22.9571 42.9303 17.3147 14.1708 4.21506 49.397 71.2231 121.113 132.998 9.7067 41.1127 0.00107179 55.1386
-68.0865 0.935582 33.1879 2.41776 10.897 15.0102 2.47222 35.7533 13.9263 10.1152 32.2128 25.3371 22.158 31.3028 142.434 78.1837 75.0885 12.8512 22.9571 34.2125 12.1104 16.6991 12.6406 29.5915 57.9273 152.485 110.23 9.7067 55.4228 0.00107179 50.7761
-67.6293 0.216607 33.1879 2.41776 10.8914 15.0102 2.47222 19.1961 35.7927 6.99097 48.3717 25.3371 23.5247 34.7196 142.434 60.9545 75.0885 7.83745 22.9571 36.1943 12.1104 24.898 4.29144 29.1112 67.7724 143.508 111.067 9.7067 67.1444 0.00107179 50.1808
-67.6293 0.407929 32.3795 2.41776 8.17732 14.3164 2.47222 18.4733 32.9202 10.7695 20.8349 25.3371 41.0495 34.0075 142.434 60.9545 75.0885 9.33468 22.9571 52.4118 12.1104 24.898 4.29144 30.1668 50.8231 147.382 93.5164 9.7067 98.2133 0.00107179 53.3677
-66.8639 0.92921 27.3541 3.96492 9.89651 14.3164 2.47222 9.94235 32.6931 10.7695 20.8786 37.2118 36.4206 36.1982 137.262 60.9545 81.1921 13.826 22.9571 52.4118 12.1104 16.0241 23.819 30.1668 41.8196 142.078 97.2067 14.8811 124.061 0.00251043 52.738
-67.3088 0.619101 27.3541 3.09558 11.1979 15.9815 4.59524 13.9918 32.6931 4.95821 20.8786 34.898 36.4206 65.3429 137.262 64.4164 56.2926 8.06484 22.9571 56.6534 12.1104 13.7022 15.5069 31.2064 39.2919 168.282 88.8419 176.536 159.993 0.000883192 56.3502
-68.0063 0.666053 31.8732 5.46948 11.9647 12.7414 4.51142 11.2753 25.2952 13.8447 5.70094 17.3311 67.9258 65.3429 137.262 23.9821 48.2961 20.2811 22.9571 56.6534 28.6122 11.7579 21.7567 30.0468 78.8203 189.256 26.1654 58.113 150.138 0.000883192 54.6905
-68.1965 0.520003 25.7426 9.68478 6.54317 17.4185 7.27309 23.9274 28.1479 8.67792 9.66774 4.53266 67.9258 67.936 129.772 46.8193 32.092 16.7825 22.9571 56.6534 33.3854 11.8392 21.1251 15.7235 79.0957 184.589 14.2158 58.113 97.3392 0.0026932 53.1239
-67.3184 1.18083 24.9187 15.6827 5.77347 11.1138 16.2503 27.0241 27.2668 1.92318 5.93589 12.8689 67.9258 59.3403 129.772 61.4789 20.2489 6.53256 22.9571 62.6142 37.606 11.7807 18.993 18.5914 80.6788 197.756 28.8253 39.2094 67.5634 0.00445917 58.1794
-66.4123 0.359937 27.3075 15.3611 3.91835 8.54118 4.35423 6.01155 33.414 5.28092 34.2785 9.73004 53.4109 117.628 67.3544 84.8781 4.63721 10.001 22.9571 89.5853 16.1614 11.7807 25.6516 13.4856 84.1059 165.487 25.5466 60.4516 38.3223 0.00592268 54.2942
-66.8551 0.542234 27.3075 14.8681 1.94323 13.9468 5.27213 3.4446 32.6901 5.25177 35.6687 26.5602 48.9326 117.628 41.379 130.931 4.63721 32.4712 19.5146 32.848 21.4759 11.7756 19.3387 13.9334 104.15 144.541 45.6983 30.1832 50.4185 0.00889475 51.5726
-66.6437 0.186699 27.9324 14.4757 1.94323 0.688333 18.71 9.15228 31.0849 7.74553 6.88424 7.82706 84.1255 117.628 13.7141 130.931 36.0891 39.2332 19.5146 63.3846 5.57797 11.9847 5.66252 13.3925 98.7834 145.949 68.8742 10.5988 30.0424 0.0021748 52.3704
-66.4582 0.186699 31.308 10.1189 2.97321 0.653417 21.1595 8.92967 30.3554 7.69193 27.2214 15.183 32.1443 113.281 42.7725 130.931 17.6614 56.9826 19.5146 73.0604 5.57797 10.605 12.4328 9.01061 80.1292 159.274 97.843 40.0686 20.4656 0.000297466 54.9715
-66.4816 0.212645 31.308 1.10606 23.1766 4.89499 9.42456 14.7681 29.5595 8.06265 30.6111 15.183 34.5441 111.934 44.5094 130.931 17.6614 56.9826 19.5146 59.8851 9.65105 7.35802 15.3903 6.83939 79.785 155.805 82.0884 15.4581 95.1732 0.000297466 56.434
-66.9125 0.088119 20.7785 5.34657 24.1562 3.1497 10.1301 4.4394 30.3376 7.84454 19.942 31.2542 21.1213 111.934 45.3856 130.931 29.1629 68.4408 19.5146 53.4552 19.109 2.42237 11.9872 17.5941 67.1728 159.087 64.5931 5.19162 95.1732 0.0033712 55.9748
-67.2562 0.572356 16.6671 11.0851 19.699 3.42397 12.8508 6.82104 28.7002 7.58621 25.9881 53.8314 22.099 72.8094 61.7112 77.4856 34.1124 89.8697 19.5146 53.4552 18.4102 3.94888 10.2979 47.314 81.3643 148.798 17.2422 49.4081 5.25474 0.00257176 49.4299
-67.2068 0.345322 18.3035 15.9222 16.1649 1.05633 11.8833 7.12783 57.7301 7.18427 21.7634 45.0278 20.053 84.633 51.0213 13.0367 61.91 81.7207 9.85834 83.3071 24.5189 8.73124 4.53874 50.1478 80.0369 117.053 58.2018 144.866 49.5316 0.00220328 54.8505
-67.4758 0.278606 8.40121 25.3635 16.1649 2.52158 8.60994 3.18528 82.5696 7.78936 4.64617 39.3607 19.2644 44.2083 28.5306 25.7825 68.1445 71.3626 72.8071 11.1319 13.4548 64.5913 4.89395 58.8352 87.349 98.474 111.726 106.866 44.224 0.00172913 53.7635
-67.363 0.620993 10.6608 25.3635 9.12741 0.143146 12.1663 4.53071 69.82 24.0246 4.64617 31.5837 17.8622 36.5893 65.4345 19.2468 27.5839 88.2796 72.8071 23.5353 0.819737 70.3285 1.93304 66.0633 93.2112 9.41232 145.622 82.9123 68.7385 0.00390027 62.3761
-67.1761 0.505645 15.4298 28.6799 14.3688 0.143146 4.65401 3.96498 71.8845 24.0246 4.64617 29.624 13.3559 36.5893 66.617 4.634 19.1644 91.019 92.1887 22.0759 0.819737 94.8237 9.93986 35.6744 83.1754 9.41232 297.725 66.2919 18.0031 0.0108878 61.1655
-67.1443 0.877254 16.4152 28.6799 10.3361 2.11377 6.89384 0.293945 66.8416 42.7072 4.64617 34.743 8.39258 21.9887 66.617 6.95693 30.4065 20.2625 160.112 34.6084 0.819737 80.6342 10.096 37.2331 70.3666 9.41232 297.725 14.6743 19.245 0.0201577 59.4989
-67.085 0.911319 16.4152 25.3013 10.3361 3.11633 7.18661 13.5743 39.0473 42.7072 4.64617 36.7855 19.0251 48.2602 66.617 6.95693 5.73691 34.5018 149.39 26.4389 33.5289 39.3641 11.4989 41.7625 74.0412 91.8548 184.866 1.89288 19.583 0.0407318 57.1644
-67.0977 0.0939332 13.9066 6.99442 10.3361 4.70547 7.18661 10.4172 46.9226 55.8135 21.1023 39.1505 25.6353 53.1324 57.5725 16.558 15.8094 62.9309 122.656 2.77007 7.18521 51.6804 6.87437 24.2135 109.878 113.003 148.075 13.2639 11.3357 0.0221684 56.6162
-67.1041 0.163314 31.7833 8.96015 12.6744 5.6877 3.87588 17.2242 36.5326 39.1349 12.4501 22.3604 34.1187 71.7054 80.543 19.5827 10.9291 68.4283 110.038 20.041 11.2276 16.1975 6.61952 21.4898 104.153 129.979 94.4673 43.3372 13.9615 0.00117373 49.1186
-67.3713 1.54832 19.0602 6.50047 24.2314 7.07876 3.87588 16.5642 35.1264 19.2831 9.86292 38.0898 32.6968 41.422 39.037 17.8113 27.2454 90.965 113.108 15.7476 18.435 14.287 10.7068 61.8123 93.4115 143.448 5.24777 0.237569 12.1864 0.00117373 55.2762
-67.3832 1.33482 21.8143 6.50047 19.4915 9.4191 7.02999 21.5497 13.9121 20.1206 7.90308 41.2375 38.8214 41.422 36.2042 29.2518 47.1734 93.8805 113.108 13.162 23.3537 4.60309 6.33291 61.8123 91.1632 128.159 51.172 35.9592 2.14267 0.00142834 49.2096
-67.6559 0.904726 21.8143 4.8521 17.2331 9.24351 4.11328 21.0271 15.3695 25.7972 7.90308 41.2375 38.8214 52.4984 36.2042 28.1092 52.7719 82.6665 113.108 29.2292 7.72221 24.793 10.3415 61.8123 56.8819 120.76 74.688 34.4397 20.4049 0.00232884 48.1249
-67.9784 0.749348 24.1516 2.98341 24.485 11.5148 3.26992 17.1361 15.3695 15.6157 7.90308 41.2375 38.8214 52.4984 36.2042 39.7717 52.7719 67.8214 123.718 13.1248 3.50233 25.1757 14.6995 63.5752 54.0388 110.276 109.778 44.442 71.1413 0.000489999 52.1933
-66.97 1.0891 22.4178 1.82698 24.485 13.6215 3.26992 17.1361 17.5338 15.6157 11.553 41.2375 41.6873 52.4984 36.2042 26.9055 52.7719 67.8214 123.416 15.1883 3.44147 25.2351 28.0666 63.5752 75.6871 110.276 110.556 87.556 80.6282 0.000489999 53.0284
-67.3456 0.850613 21.9068 1.82698 17.5893 13.6416 3.26992 26.9965 17.5338 18.3997 10.5922 45.5505 23.1274 46.3331 21.5999 8.94655 81.7838 61.7586 124.238 22.5998 36.6217 25.2351 26.6221 33.6267 75.6871 116.903 58.8808 53.7496 13.7636 0.000908653 49.7872
-66.6299 0.981069 23.9376 5.5187 12.5708 13.6416 3.26992 35.0519 11.7447 9.11425 8.5404 67.6001 21.2178 48.5022 25.9959 8.94655 81.7838 60.8139 126.44 22.5998 43.8566 7.5823 26.6221 2.91413 73.7993 161.638 63.7206 16.4788 13.7636 0.000908653 51.6204
-67.1031 0.133243 23.9376 5.49072 13.3029 10.417 4.81411 55.9115 16.2947 18.753 9.00886 24.1924 21.5952 50.0861 28.9838 14.0021 81.7838 55.6782 137.502 5.50246 44.3587 5.95007 16.3394 15.7334 77.7555 161.638 65.6853 19.401 57.3527 0.00108905 48.084
-65.6437 0.0235595 23.9376 3.37164 21.7056 6.22929 4.81411 73.8804 5.78805 18.9568 16.1879 3.42894 28.7699 17.4568 63.1686 0.788473 59.8122 74.6809 113.308 15.246 44.3587 16.6398 21.1114 57.5332 55.3254 171.55 49.989 26.0452 6.28126 0.00320012 54.3973
-67.4201 0.336694 23.9376 6.94097 24.0515 1.73957 4.81411 84.8488 23.9413 14.4983 18.8625 0.454373 21.8282 28.2682 63.024 25.5322 66.9971 49.4737 108.628 2.89774 32.2509 10.4361 15.8625 10.1019 97.3823 156.641 41.8111 34.4552 6.28126 0.0128742 54.1187
-66.8324 0.217714 16.331 5.77777 36.8128 1.54672 4.81411 84.8488 17.0352 15.7903 18.8625 1.35585 16.5838 31.7826 63.024 25.5322 66.9971 45.68 121.351 43.1719 25.9181 10.4361 15.8625 10.1019 89.2779 135.263 43.9249 61.5877 40.0715 0.0318853 55.1913
-68.3694 0.4736 14.4299 4.51521 36.8128 3.45077 0.799666 84.8488 15.0315 16.1221 9.80557 10.4878 5.45109 14.4956 28.416 15.6948 76.5048 45.68 121.351 41.6998 41.7673 45.11 33.9282 31.5015 72.2529 127.116 83.7982 86.6871 40.0715 0.0291206 60.4743
-67.1374 0.450507 9.06003 10.4202 36.8128 6.99661 0.799666 84.8488 10.2406 15.526 10.7349 6.88052 9.96498 18.0512 25.4639 35.2793 40.4808 87.6337 109.993 35.6532 41.7673 21.0137 33.9282 42.7207 45.4595 100.717 144.579 170.116 32.8606 0.0149105 56.9845
-66.89 0.973692 0.274905 11.2029 37.049 0.549322 9.39481 84.8488 22.0816 8.65692 15.5114 6.88052 4.8543 32.0517 34.6609 22.826 36.0911 84.8784 109.993 66.055 23.6226 20.3509 55.1653 11.7424 56.5757 121.772 131.762 76.5249 64.4278 0.00830157 60.383
-67.1077 0.600551 0.274905 10.546 44.6201 0.549322 9.39481 84.8488 22.0816 4.33384 15.6836 6.88052 0.36191 32.0517 34.6609 29.363 36.0911 90.5694 107.93 58.4683 23.6226 27.8481 29.1209 9.47887 60.7168 127.583 131.762 113.893 35.2012 0.0191821 58.8086
-66.6382 0.653921 7.221 10.0729 38.9036 3.89741 5.83286 84.8488 9.51146 1.8777 9.66919 11.4521 0.36191 29.1783 33.7434 27.4416 36.0911 88.6535 123.927 41.1691 33.52 40.0947 36.1816 9.47887 57.0687 128.357 135.595 81.8006 84.1613 0.0171894 61.7547
-69.8008 0.945282 12.6705 8.06583 28.54 4.03238 5.83286 84.8488 9.41677 11.4256 8.95953 17.7717 15.198 38.9506 14.499 36.8265 30.4501 36.5855 134.091 62.7443 27.7635 40.0947 34.0139 24.6102 60.3364 123.533 104.524 8.13 78.0747 0.00131202 57.6858
-69.2485 1.27404 15.5499 11.4185 28.54 3.35517 3.12927 84.8488 20.1476 9.6755 8.95953 17.7717 18.5897 40.9298 6.25397 29.1934 30.4501 36.5855 139.319 62.7443 26.9251 5.7065 38.8121 21.2786 69.6918 123.533 106.37 8.13 39.9008 0.00630383 57.7779
-68.2521 1.16697 15.5499 14.4349 28.3187 5.27703 3.12927 84.8488 18.054 11.3475 12.2079 18.0737 9.05232 55.4035 11.1155 33.3153 24.4409 36.5855 146.188 54.03 20.5573 5.25924 47.9485 21.2786 85.1518 123.533 90.2042 147.446 47.5466 0.00544837 57.0188
-67.6982 1.35541 14.3446 10.9748 26.7954 6.77089 3.12927 84.8488 10.8 17.709 9.60676 14.859 18.2442 53.3068 18.8419 63.3386 24.4409 36.5855 146.188 9.92561 60.519 1.13678 37.0077 14.2816 75.4282 80.1763 170.418 147.446 57.3291 0.00708689 57.0791
-67.6982 1.36244 18.4757 5.31678 26.1117 12.6351 5.45557 84.8488 11.57 26.5292 9.60676 13.0453 7.20683 60.4993 8.73438 74.0478 28.8512 36.5855 146.188 14.5897 37.703 3.66555 39.0902 2.67469 94.2513 80.1763 149.169 147.446 44.1631 0.00345312 56.0665
-68.1446 0.944165 16.6232 5.68444 27.2737 11.9545 5.45557 76.042 7.00308 20.9852 28.3217 9.83393 8.47342 58.7336 8.73438 92.2016 28.8512 36.5855 146.188 5.14339 29.9152 3.64696 39.0902 8.17758 157.479 57.631 123.41 91.5578 60.6134 0.00222863 61.9588
-65.9304 1.23991 14.3897 15.0673 15.9116 9.63589 5.45557 16.6597 19.3109 65.8032 37.3174 8.07601 3.36783 58.7336 8.73438 92.2016 12.9219 36.5855 146.188 5.14339 7.69124 6.18877 66.6536 9.12641 102.28 71.8511 161.987 52.1094 60.6134 0.00293615 56.6291
-67.9082 1.16687 5.04427 11.1406 25.7377 10.9499 9.99077 13.5347 28.0272 61.8289 12.3812 6.18428 39.0895 58.7336 1.25702 59.5231 23.5774 28.2038 175.256 7.39905 6.96402 19.7121 54.9938 20.9301 96.175 56.6886 191.483 58.6611 59.8488 0.00200997 53.7807
-67.5345 1.20875 7.88798 3.62588 22.7467 11.1842 14.0926 10.2121 24.8493 56.3036 15.9688 11.6149 27.0784 58.7336 3.60034 67.7813 23.5774 28.2038 183.186 10.8965 17.3379 19.7251 40.0781 7.5389 91.9546 56.6886 191.483 23.1504 107.608 0.00288657 51.4537
-68.1874 1.21584 8.43666 2.56141 22.7034 13.6746 13.8509 9.55054 28.3751 50.9663 10.0089 13.6716 31.4843 31.4253 15.3844 7.2197 30.8165 57.4693 183.186 16.7011 24.8324 5.90067 41.3692 78.045 82.2262 24.6281 189.03 39.7139 24.4369 0.00283495 55.3159
-67.9962 1.18337 2.78653 3.17852 18.9626 20.9672 14.8689 38.6649 14.8896 23.1135 1.41613 30.4401 53.1755 43.6437 10.5168 23.1207 23.5386 13.2701 202.887 19.3036 33.1034 11.5276 30.8225 27.552 89.3945 28.575 268.927 63.0746 44.4072 0.00224945 54.7393
-67.3513 1.0335 4.03877 5.02876 19.3627 15.1663 9.42658 38.6292 23.7081 30.8569 2.01679 21.5263 53.1755 62.3831 5.21757 11.4392 58.9029 11.2415 203.78 38.58 23.8143 2.77888 17.4056 27.6825 80.7534 31.0681 269.066 5.82791 43.5986 0.00184028 54.853
-66.852 1.12726 8.82889 7.38043 20.5134 15.2029 14.25 10.4715 8.60235 31.7565 27.616 9.99412 59.5889 67.7959 9.76974 30.7534 58.8645 16.4196 180.456 11.5799 24.7112 10.3892 15.001 39.2649 65.9139 99.8522 142.701 3.12456 41.4459 0.0022994 52.3945
-69.2495 1.00114 10.0915 8.60252 22.261 8.77104 25.7397 13.8126 3.55379 26.5766 33.1127 16.3296 68.1339 66.411 16.7182 16.4345 36.2488 11.8432 187.225 4.05866 26.0686 29.0963 12.7813 30.4693 74.8952 86.5443 102.691 6.76586 24.6747 0.000248012 62.0789
-67.4362 0.41855 1.10602 5.03178 2.07672 10.702 20.6676 30.7282 6.62362 24.5223 31.1428 20.3254 69.832 64.8132 16.7182 27.9715 62.8191 11.8432 176.051 28.8729 27.5263 13.1164 9.10267 37.1211 53.4095 126.642 73.9609 21.1577 17.4438 0.000290562 52.3649
-66.8772 0.588032 1.81291 1.89327 3.21459 7.95833 20.6498 26.5609 30.5661 24.5223 0.385275 22.1129 68.082 4.5162 8.4173 70.994 92.7414 11.8432 176.051 26.1879 26.3817 15.2955 14.6607 12.7555 74.6727 178.678 10.7869 21.6996 35.7953 0.00199552 52.5999
-65.4113 1.36756 3.49588 4.13518 6.65672 14.1482 22.3665 20.0352 20.9214 20.4105 8.66361 14.6737 87.1467 12.9664 8.4173 63.5776 81.5777 11.8432 176.051 31.8297 26.1845 7.96823 2.57406 6.54577 73.6118 185.971 98.1932 27.6233 52.1126 0.00180645 61.0243
-67.4604 1.23119 3.15174 9.65765 15.1651 15.7552 22.3665 12.6794 11.2904 20.4105 9.02445 16.1677 88.9134 12.9664 3.86263 63.5776 81.6105 11.8432 176.051 31.8297 25.3848 7.96823 15.5419 8.84065 89.181 153.215 105.04 67.4435 24.5417 0.00203961 51.9098
-67.224 1.23119 1.31972 4.66428 17.4417 17.3485 22.3665 12.1095 6.21358 20.4105 18.7624 3.01574 88.9134 12.9664 3.86263 76.832 79.3652 11.8432 176.051 37.3629 25.4485 16.2331 11.6829 8.84065 86.1924 147.872 105.04 52.5743 28.8552 0.00348548 53.1501
-66.6155 0.0805179 4.72631 4.86708 6.94395 16.5454 26.2057 24.7769 9.89316 25.7183 1.15038 4.66873 87.6663 13.4468 3.86263 76.832 76.6333 11.8432 176.051 41.207 22.1311 12.5318 6.27821 11.2754 86.1924 133.584 105.04 65.6368 15.2483 0.00809713 53.279
-66.5887 0.17394 4.72631 12.3834 9.59448 15.1179 22.6748 19.0877 9.89094 9.77817 3.24154 14.5187 87.6663 10.3028 17.4439 100.142 50.0789 11.8432 176.051 23.4197 23.0521 33.118 10.0634 10.1867 83.5373 89.2178 128.65 43.7999 19.8801 0.00493987 52.4733
-67.1745 0.216757 4.44182 13.4566 12.7271 15.1179 22.6748 14.309 10.1704 9.77817 3.82204 14.5187 87.6663 10.3028 34.1124 82.4803 48.9407 11.8432 176.051 12.2185 25.6596 33.118 2.55155 10.1867 82.6736 129.475 135.769 12.3342 7.09742 0.0109248 52.4138
-66.0866 0.352368 2.33632 11.9264 12.7271 22.1419 13.0928 6.39919 10.1704 17.5677 8.0187 14.6567 87.6663 10.3028 45.6397 158.108 46.1659 11.8432 98.8149 19.2067 2.52127 26.9308 30.0928 3.484 82.3513 120.97 92.8658 6.56743 8.21722 0.00924923 53.9486
-65.7442 0.211992 17.0423 3.33569 12.7271 13.1667 12.7131 14.0223 18.4165 17.5677 8.0187 12.7229 76.687 38.0944 33.3174 158.108 37.1277 11.8432 90.0318 16.8737 1.25258 28.8001 15.5161 24.0064 84.4944 116.666 166.091 80.9445 37.9856 0.00812558 54.6633
-67.9883 0.548876 15.645 1.53819 9.86722 18.429 16.0372 8.5871 18.4741 26.4045 2.50176 12.7229 76.687 25.7377 48.3713 161.968 37.1277 11.8432 83.8066 15.6841 1.25258 35.401 17.6964 44.7548 84.7437 94.3593 98.2617 38.2013 80.8322 0.0100637 56.4065
-67.9883 1.48459 10.6089 1.53819 8.24287 15.7994 11.9859 13.6452 13.9603 26.4045 6.08236 32.9732 66.1793 45.9453 48.3713 161.968 91.6754 11.8432 1.47222 13.2447 30.0192 22.8435 20.9167 38.6622 85.1078 124.252 60.8319 74.7924 7.10482 0.00916549 56.7382
-67.7168 1.39526 13.52 1.73739 2.88633 16.2781 12.7233 31.8203 11.8513 15.7454 2.94274 30.4604 68.293 40.1278 47.5513 156.804 91.6754 11.8432 1.47222 14.163 24.8842 14.4687 6.19163 57.4177 83.9674 124.252 35.4532 96.3773 14.2476 0.00245005 54.8475
-67.7168 1.39526 2.4248 3.29187 26.119 16.2867 12.5721 31.062 7.68554 15.7454 8.5791 16.2028 68.293 39.7423 39.9741 156.804 51.6199 11.8432 15.1889 28.7625 46.5875 26.3295 7.21264 44.721 79.99 161.368 14.7396 76.771 40.0465 0.00439478 51.578
-67.4287 0.327915 11.8161 2.71226 21.6589 17.5481 11.0648 42.9819 7.74306 15.7454 19.9347 4.45999 53.1304 38.8735 42.8074 156.804 51.6199 11.8432 20.8237 37.7329 44.4155 2.40576 16.9649 51.5167 51.101 168.956 71.3081 13.7713 7.36261 0.00264783 50.9047
-66.5775 0.768462 20.6032 2.71226 17.4435 7.81896 13.8464 63.9938 7.80742 5.39278 25.1264 0.0735902 58.3306 39.6347 37.9203 164.44 69.0581 30.0307 8.00925 24.7228 27.3743 13.06 15.6904 43.6018 37.4521 159.309 101.44 7.88707 17.8423 0.00906119 54.4169
-67.2422 0.367512 22.2478 2.71226 17.7665 5.9067 16.6959 66.0624 8.11633 5.39278 22.5303 0.266419 58.3306 34.9628 44.3998 145.582 69.0581 30.0307 8.00925 16.9343 44.8298 24.2983 10.929 39.2309 46.8941 141.934 48.652 52.054 24.8107 0.0102884 55.0814
-67.1081 0.440681 11.5953 2.57606 13.1034 14.3626 17.6714 70.3185 8.08483 5.39278 22.7897 1.14364 58.3306 26.7652 47.6095 148.426 57.6933 53.2466 8.00925 11.9675 33.2686 47.9449 7.96936 29.514 72.7715 152.215 60.0857 24.577 55.8107 0.00495246 53.1544
-67.8283 1.48625 12.4781 9.39786 14.0928 15.0324 15.0139 46.3331 7.96007 5.39278 21.6137 0.881672 58.2 117.099 54.6528 49.3198 71.3808 54.7619 8.00925 19.4149 17.0929 26.6119 13.0011 44.0989 74.0519 184.974 57.8822 80.3025 39.6541 0.00903813 51.8801
-67.5726 0.497448 6.54916 13.9676 15.4684 14.4399 13.7957 47.2406 7.24846 5.39278 19.8462 4.81418 58.2 117.099 52.4771 49.3198 71.3808 56.3906 9.96034 11.5354 10.8796 57.6386 6.46299 6.71691 83.7264 151.559 61.0632 48.6497 9.807 0.0219448 50.1965
-67.1645 0.700946 0.529285 6.53109 19.6064 3.57406 9.55066 60.3855 38.7158 1.18888 29.0655 5.71441 29.8151 139.223 58.1265 9.75405 68.9748 75.0197 0.289622 27.0441 16.7109 40.5608 7.03623 24.3706 77.192 161.737 103.549 129.688 2.66409 0.0114499 57.545
-67.8899 0.347153 4.66145 5.9303 21.4147 3.57406 4.61395 59.4575 38.421 1.18888 16.9112 8.74465 36.6333 139.223 45.982 9.75405 92.8181 76.659 1.83581 19.1035 12.3625 27.3651 5.69377 19.7038 83.6652 169.775 65.2396 129.688 2.66409 0.0106271 55.7414
-67.8899 0.908422 4.69757 6.51609 21.9846 2.44911 4.61395 54.5316 41.4517 1.18888 49.4506 17.2085 44.3017 137.365 1.99946 8.56199 78.8739 74.8111 1.83581 32.9896 8.89076 27.3651 37.3514 19.2358 68.2546 169.304 44.1166 100.77 21.8298 0.0106271 60.0083
-67.7369 1.48478 4.2618 18.2981 21.9846 2.44911 4.61395 28.2555 30.9902 1.18888 25.3862 28.1354 36.1524 137.365 13.3347 21.5636 68.4082 89.1708 32.8832 24.8535 13.8907 13.2425 44.3295 15.27 87.4806 150.258 44.1166 56.8033 28.6713 0.00814489 53.2
-67.7589 1.20977 1.16643 26.1033 21.9846 2.44911 5.12847 30.1746 34.7219 1.18888 27.5369 20.3988 36.1524 137.365 13.3347 23.5255 68.4082 85.5956 27.8024 38.2137 5.79311 52.3456 5.92184 25.0873 99.5921 150.258 14.7581 58.5938 56.3112 0.00814489 55.56
-67.1981 1.42782 0.217524 20.76 24.1832 6.41767 8.37409 42.5715 34.7219 0.218009 27.5369 20.3988 36.1524 137.365 13.6966 23.5255 81.1176 50.1767 11.1983 31.5595 11.4461 35.6361 6.77735 53.4924 105.696 137.6 14.7581 46.3917 17.7297 0.00864297 57.4833
-67.7797 1.42782 6.14664 20.76 18.4816 3.5222 4.6562 46.7809 35.5264 0.218009 28.8479 17.1705 36.1524 112.441 59.2704 23.5255 82.5238 50.1767 11.1983 29.428 11.4461 37.1895 6.77735 14.2677 113.319 149.13 14.7581 17.5162 17.7297 0.00864297 54.5436
-67.7976 1.25867 1.08411 19.8265 1.27781 9.84036 7.50053 43.4074 17.4318 8.93979 20.8366 21.3686 52.793 112.441 63.2333 20.525 84.1925 42.1251 11.1983 6.59801 33.7272 21.7769 20.8266 15.967 120.105 152.811 26.1306 280.784 17.7297 0.0131343 59.5167
-67.4428 0.105665 0.951027 33.5511 10.9187 7.14548 11.3922 31.5104 20.5246 9.76229 17.3787 16.3764 48.6122 59.1837 8.17633 27.8931 129.273 86.5644 11.1983 14.864 38.0251 22.7936 10.394 17.1214 119.961 157.233 50.9816 396.805 30.3968 0.0243887 64.1334
-66.4756 1.22372 5.54919 31.3919 9.70119 6.16563 11.3922 24.0459 24.4311 21.8116 8.42402 19.2252 48.6122 71.9747 1.80872 17.655 116.433 78.9993 19.983 20.0681 49.8684 13.8187 37.0533 6.48853 127.538 28.5482 236.526 164.809 30.3968 0.0257588 61.7622
-67.7377 0.971513 1.6655 31.3919 5.9269 10.3012 11.3922 18.9217 40.7648 10.7565 15.4922 18.2222 56.0326 54.6569 5.64333 42.4715 142.342 84.1878 8.45422 17.3335 58.3022 18.6121 14.289 4.48312 90.9563 17.6094 211.667 111.225 30.9008 0.0691898 57.775
-65.5475 0.15389 2.22272 22.7738 5.969 10.2682 24.5705 16.119 19.0414 15.7053 23.3252 19.2603 43.5018 36.8388 40.4112 16.379 165.183 82.7583 17.852 11.1365 40.9379 26.6033 14.01 4.09175 116.436 56.0653 211.667 138.913 28.5615 0.00172102 54.4696
-67.1615 1.19195 1.92088 22.9467 5.969 9.31499 21.3605 17.2102 19.0414 17.5846 20.9387 18.8077 47.3123 44.1986 38.9605 16.379 165.183 81.2259 17.852 14.1167 30.9982 31.4548 14.0869 19.3059 114.464 41.7262 207.838 37.1936 24.3215 0.00172102 53.2073
-67.4777 1.59204 3.85637 20.769 2.45179 14.6105 24.6982 10.8146 38.2809 23.8271 3.1483 25.351 42.8954 84.3496 54.6379 10.4195 140.186 15.2458 10.6748 5.30601 5.14604 41.4338 22.5806 13.1942 138.418 53.0462 184.454 49.2796 29.8607 0.020433 61.8335
-67.5861 1.4024 4.18152 20.5305 13.0013 12.6272 8.68542 30.4566 50.8596 9.0392 10.9345 18.5359 42.4252 57.3702 66.7428 4.36442 186.527 25.695 6.20069 5.1835 32.0242 12.3668 35.965 3.9535 138.418 53.0462 133.696 37.8332 35.0778 0.0188469 55.6993
-67.5861 0.83371 12.1603 23.0134 10.0935 3.75968 22.7785 8.25589 8.18362 26.5952 1.801 27.8976 78.195 62.7488 66.6063 15.7776 145.818 33.3415 6.20069 49.0634 12.9585 9.83451 33.6943 3.9535 138.418 49.2448 199.792 34.324 63.1639 0.0163508 62.7974
-66.8321 0.680069 10.4553 18.7893 8.7413 0.265854 27.4194 27.0901 17.9533 6.37146 4.14496 37.8439 67.4192 54.98 48.9847 14.0035 145.818 33.3415 36.6511 49.0634 15.4844 11.1585 37.745 4.45897 93.598 49.2448 169.697 24.1081 53.5367 0.0104072 53.2552
-66.8321 0.18591 10.7205 16.1694 4.31065 6.28242 23.0339 18.7667 28.8785 6.37146 1.74965 29.9532 67.4192 29.6448 39.8719 18.446 160.842 33.4969 28.203 67.8698 43.3989 7.62099 35.6312 9.46955 88.9475 93.9719 128.395 22.7195 67.1243 0.0135536 56.1022
-67.0755 0.18591 10.441 17.273 4.31065 6.04101 23.3744 18.5764 4.41356 4.07571 18.0587 37.3729 68.0504 7.4273 56.2854 23.0207 120.072 33.4969 38.0575 52.5823 40.8372 33.0467 29.0349 9.48333 107.503 87.8023 208.825 54.5765 26.1766 0.015598 55.8615
-66.3277 0.18591 10.3691 15.5872 14.2153 3.35956 20.1372 20.1687 3.44268 9.27418 42.5821 18.0297 68.0504 43.9959 37.9542 25.9508 92.1275 36.5891 71.0737 42.9081 17.2637 11.0993 44.3495 10.2234 98.814 106.314 120.872 67.5614 25.5829 0.023618 52.8764
-67.7274 0.1844 11.9204 15.5872 10.5105 2.84076 23.5925 19.0378 3.44268 8.23006 42.5821 18.0297 68.0504 9.05903 60.518 46.5504 51.7362 87.6658 47.8729 48.6409 26.6786 7.4174 41.9889 6.92154 98.814 101.786 200.656 79.7202 44.8924 0.00564433 55.469
-65.6961 0.269496 13.8775 15.304 10.2489 6.99164 23.6757 17.1349 7.19848 4.20085 29.6532 18.0297 68.0504 45.9619 44.46 63.2321 71.4369 87.6658 36.377 39.8533 34.8719 4.13701 30.7334 17.1796 76.0489 100.871 123.221 51.5359 29.7373 0.0118386 53.9458
-66.6909 0.343979 13.2509 17.1516 10.2489 5.51447 15.2781 18.3048 4.10247 4.20085 29.6532 18.0297 68.0504 57.8403 41.1083 63.2321 71.4722 82.5469 45.8014 39.0565 22.3786 9.08029 18.5897 9.45818 121.168 42.0049 152.04 51.5359 33.6236 0.0102018 51.2154
-66.6909 0.781448 16.401 17.1516 11.9493 3.96698 15.2781 20.0529 18.8268 4.20085 34.3248 18.0297 67.3656 56.6081 40.0073 62.2156 71.4512 74.2879 38.3559 10.2393 20.4917 14.7868 18.6765 47.1435 90.1094 1.5139 181.582 72.8293 29.1942 0.0185694 60.0924
-67.6629 1.11407 12.6976 11.7057 13.3138 5.35387 15.462 24.2243 21.7643 8.24272 0.0264638 29.8067 81.0923 48.9994 54.573 41.2711 70.9152 66.4154 18.2254 34.4079 10.3198 59.52 13.3801 32.4758 84.5764 13.6979 273.039 25.8592 31.6657 0.0253974 56.2961
-68.1863 0.470175 14.0103 12.2197 18.6822 9.51023 7.22432 22.8802 19.0504 10.7715 6.17082 27.7014 78.5449 30.1964 60.562 26.1991 69.814 64.2973 9.87327 22.0817 17.1677 92.2891 14.078 32.4758 96.7862 54.2707 193.406 30.7231 40.1416 0.0209693 55.6715
-67.5915 0.470175 16.4672 9.84885 17.4618 9.51023 7.22432 22.8802 6.89201 9.4886 6.17082 30.3755 89.286 16.2816 66.0875 48.4907 70.0863 64.088 22.2145 5.21312 6.00816 92.2891 23.1352 20.7024 106.143 51.4028 198.421 23.8727 13.3466 0.0154378 53.6297
-67.6318 1.04396 14.6513 12.9947 16.7907 11.253 6.16303 22.4016 7.53015 9.4886 6.17082 28.2855 89.286 16.2816 64.8918 74.0873 70.7519 43.5468 21.6528 6.65961 29.7829 92.2891 21.8648 20.7024 82.8717 23.7289 181.699 24.6129 41.2791 0.0298509 56.6797
-67.9384 0.67332 13.8808 17.7187 17.6286 10.1657 5.49786 20.5155 6.82647 7.44361 7.19692 27.3044 92.0597 5.45773 64.8918 63.2245 74.1201 40.6687 33.5025 8.72779 16.555 92.2891 24.7101 48.5816 82.8717 33.1172 216.14 26.4349 28.9841 0.0428694 58.9872
-67.4654 0.650521 9.22276 22.8572 10.547 11.6218 11.8953 14.7236 12.4413 20.0238 10.4799 10.3839 92.0597 24.9631 47.581 103.225 81.8554 40.6687 13.1269 28.4535 30.8545 45.9643 21.2074 18.6509 91.6739 64.1275 211.235 34.3564 40.4336 0.0404215 55.9281
-67.8873 0.612275 5.28525 27.5448 7.5773 12.4881 6.48302 0.658582 19.6487 14.8403 9.07677 10.6228 95.9608 33.9513 36.3218 78.147 124.689 59.1914 23.3495 20.8611 36.3883 14.8854 13.3535 16.1489 71.8783 72.6425 215.188 14.6516 38.3007 0.0286118 54.6413
-66.8663 0.0919337 5.41872 26.4551 10.4776 13.7538 8.33544 8.84189 19.6487 12.9746 12.6672 10.6228 95.9608 54.8767 19.5759 78.147 124.689 58.0058 21.6823 12.1636 15.4022 4.19753 13.3535 16.1489 90.3047 111.559 210.397 50.3603 22.3876 0.0229347 56.3777
-67.0783 0.588906 5.40081 21.0116 0.571136 27.6618 4.27029 8.00393 27.999 6.74455 14.1627 3.41467 95.9608 54.6737 9.79688 78.147 131.825 48.2737 21.6028 10.1459 15.4022 4.19753 14.495 32.481 126.122 43.595 210.397 4.93754 33.6382 0.00267871 55.3897
-66.963 0.814222 6.34915 22.6101 7.0399 16.1624 4.27029 10.5931 27.999 8.38605 18.2387 5.79525 95.9608 15.0085 36.5672 45.2254 131.825 30.629 40.1204 17.2766 20.22 16.2439 34.9156 32.0602 126.122 69.4277 182.999 54.5738 21.3977 0.00267871 53.9174
-66.8787 0.808974 6.11899 43.2481 6.56156 1.11972 4.27029 9.99355 14.8453 4.57273 26.1603 10.006 81.3926 26.682 50.4709 45.2772 105.608 30.629 64.8885 16.2075 44.1444 18.0551 32.1339 6.01016 144.828 89.8962 77.476 15.6019 21.3977 0.0220734 54.7847
-67.4246 0.909944 6.27486 43.2481 3.52509 0.859939 4.27029 8.21879 14.8453 4.57273 28.466 6.67398 86.2495 9.82886 53.5428 40.5274 105.608 39.5444 64.8885 12.486 42.048 18.965 28.7271 6.01016 144.828 144.05 41.3046 15.6019 31.4894 0.0167357 56.4469
-68.2779 0.619816 9.76087 48.9929 3.52509 1.98107 2.43761 8.49281 14.8453 6.96027 21.7114 27.9393 79.9694 4.39842 75.4965 40.5274 136.707 39.5444 47.1537 24.9432 34.3836 38.7571 5.61703 2.38517 92.3732 145.168 37.271 26.1364 31.4894 0.0167357 55.2694
-67.3047 0.596236 7.26828 42.238 3.84153 6.21617 2.43761 8.49281 7.85047 6.96027 34.7186 61.5832 42.3196 0.817013 80.9168 40.5274 129.137 19.2279 29.5909 30.9889 34.3836 36.3849 8.16836 9.42169 113.183 139.955 78.8431 33.0647 31.4894 0.0223096 54.568
-66.9332 0.606599 8.21346 39.5189 5.24502 3.90195 2.43761 4.58653 26.1086 1.69863 30.0079 61.5832 42.3196 5.58881 40.5619 40.5274 129.137 18.7058 57.7385 29.7587 35.6833 65.8954 2.42833 25.9368 114.639 127.057 52.709 28.206 27.355 0.0145332 58.1191
-67.6604 0.576984 0.743191 29.1368 10.6773 8.03466 6.07453 4.58653 19.2447 0.0609678 29.7464 61.5832 54.2593 19.3663 18.0288 40.5274 129.137 16.8463 80.8501 22.6594 49.7055 53.6334 7.51642 22.3412 79.5718 124.755 54.1913 33.62 33.48 0.00948929 56.1976
-66.9665 0.849453 1.58943 23.8861 11.4897 8.03466 6.07453 8.91563 14.5166 0.0609678 23.6766 61.5832 59.8513 19.3663 35.0875 32.8605 163.819 11.7366 80.8501 27.4507 28.112 24.6921 12.5284 25.4489 73.1873 123.59 94.374 23.0015 79.1261 0.0149016 56.2984
-67.1771 0.893988 1.13477 23.6912 10.8982 17.2401 4.21437 2.07506 31.1252 3.07241 11.5202 58.3454 55.344 35.1225 15.3836 32.8605 163.819 10.979 95.8614 40.4994 13.9369 21.7739 19.9641 22.3944 75.1843 114.367 106.449 162.864 14.9746 0.00964124 57.0406
-67.6921 1.9072 0.701237 18.3469 11.9353 17.2456 14.0129 18.8565 36.4836 3.88004 8.51367 47.5954 44.7541 64.1994 21.9541 87.4121 88.7051 7.18826 68.699 41.4115 30.2013 6.33352 22.9866 29.6602 71.4153 79.9416 142.969 103.017 10.8747 0.00813426 53.8794
-67.7671 3.07014 0.701237 16.927 10.8495 12.7334 16.2599 23.3227 36.4836 3.88004 12.325 45.8583 43.5559 74.9214 13.0411 99.6628 88.7051 9.66511 50.1632 24.3864 27.7016 6.33352 23.6955 29.6602 57.4451 79.9416 211.297 59.0947 11.2508 0.0120465 59.6088
-67.7268 1.48409 0.109187 22.313 12.4665 12.1153 10.2227 15.394 76.9286 3.88004 17.6728 9.2486 43.5559 70.574 39.5611 62.7746 88.7051 1.68577 42.7924 19.0165 26.6787 10.4868 28.9809 84.9173 58.3319 59.9822 199.083 11.9177 26.3284 0.00198477 54.1163
-65.7484 0.838301 4.75062 22.313 13.871 14.3716 11.5187 15.1949 73.6624 6.39074 13.2839 20.0467 47.2742 72.9293 39.5611 88.6745 68.6852 6.59383 45.8367 19.8854 21.0751 10.9192 31.5523 45.4448 69.0107 133.252 53.2905 24.8904 40.9895 0.00198477 53.6418
-67.7139 0.876666 4.71749 26.5554 7.53893 14.3716 5.80466 25.2605 83.763 8.83047 16.3674 20.0467 36.9701 79.6817 51.4936 89.1189 37.4246 21.5258 8.09334 44.4736 14.9415 25.4802 28.3163 43.3536 72.8831 108.081 72.3538 20.3104 26.6006 0.000109248 54.1706
-68.2858 0.876771 3.16817 27.109 14.183 14.3716 4.23069 20.4946 83.763 3.14567 27.3325 20.9598 30.1627 79.6817 48.965 76.9035 48.5207 21.5258 13.3503 28.9029 13.992 33.2405 21.5095 51.9074 63.0838 113.336 64.4616 38.678 26.6006 0.000109248 54.0706
-69.488 0.989191 3.16817 27.7514 13.7301 14.3716 4.37183 11.3007 86.7842 2.49857 24.3891 0.759848 13.1454 86.8054 68.7342 90.9363 37.3771 0.345198 38.3871 32.2895 19.0654 33.7479 11.6381 44.561 63.0838 155.918 87.8838 66.4923 26.6006 0.000109248 57.5882
-69.3525 1.88058 11.5216 26.4714 5.92724 18.7663 4.37183 13.7068 41.2164 5.8038 72.1864 4.91676 12.7516 61.8566 97.3058 58.0994 26.8144 17.672 50.5105 43.879 23.0265 33.5616 13.3174 59.2918 35.1979 158.851 72.6222 20.8572 55.8313 0.000109248 54.5831
-69.1003 2.0865 4.07267 31.1667 12.8318 9.55813 1.06716 4.07123 41.2164 6.04583 71.0811 6.47177 16.7108 65.1528 97.3058 55.0996 42.6739 21.4017 69.8948 35.1173 9.36836 36.9806 9.23601 45.9931 65.3815 115.808 90.65 45.5031 50.2477 0.00333636 54.633
-69.1333 1.55373 5.22182 24.0623 16.2081 8.67464 7.52881 4.07123 40.0048 12.5185 71.368 6.27081 16.2214 100.68 92.209 38.945 48.8965 21.0435 45.0057 14.0741 7.57177 25.7499 6.22469 54.7994 74.4173 128.549 69.0644 75.459 50.2477 0.0843334 57.0392
-68.3503 0.595469 4.80009 22.054 19.8143 7.28149 8.24927 10.8034 34.1395 2.27545 86.6164 1.53585 9.30239 103.961 100.759 22.484 46.5455 21.006 51.2622 24.318 12.5563 20.0904 18.2288 55.2667 69.0631 145.564 109.541 75.459 26.5125 0.0353972 57.9596
-68.7533 0.932279 0.149051 21.2004 13.8686 15.569 6.6764 5.18186 28.1717 2.70837 86.6093 8.6515 16.909 76.4567 52.5249 27.4119 74.6872 21.1164 103.211 23.285 13.3154 11.2027 14.8586 65.2124 68.2041 161.541 63.3352 62.6107 38.9347 0.0261046 56.5545
-68.1749 1.56572 0.149051 20.5622 15.3892 19.9809 7.83041 13.1782 42.6541 14.1692 88.7707 12.3857 9.57382 105.482 36.8549 27.4119 26.237 20.8994 103.211 29.7108 2.90972 7.71023 15.2071 39.6546 82.7536 146.891 105.83 62.6107 27.6612 0.0261046 56.6335
-67.0736 1.1644 3.65617 23.4356 11.7831 15.4131 7.46316 10.271 41.1421 13.1562 87.9779 15.126 14.5724 87.0631 21.9007 33.9448 25.6465 20.2742 94.6291 29.7108 26.4743 18.622 15.405 44.4491 71.4516 116.51 126.458 32.1874 15.4765 0.0401906 56.6062
-66.9536 0.270875 15.8595 15.2821 17.1439 7.02546 4.62064 3.89177 55.1166 13.1562 38.147 15.126 36.363 87.6729 34.9129 95.224 42.1152 19.2112 61.3265 33.4748 26.4743 0.723541 15.4829 11.6118 94.0707 100.644 209.04 97.5911 53.98 0.0425202 56.1257
-66.9536 0.270875 15.8595 15.2821 15.7888 6.64134 4.62064 7.08027 47.9011 13.1562 38.147 16.6075 36.363 87.6729 45.2096 95.4886 42.1152 19.2089 61.3265 28.2309 11.5093 0.723541 15.7278 22.4806 94.0707 98.2891 194.198 69.8609 2.81005 0.0425202 55.9527
-67.2826 0.690009 14.5367 12.1095 3.30149 9.37678 23.0127 4.21074 40.9041 13.1562 35.4806 18.3805 31.1373 87.6729 51.2652 90.2123 63.3513 16.0924 50.1522 68.2625 6.62736 8.78961 6.10693 58.9856 52.0296 97.2927 97.8683 43.2484 39.1396 0.014047 51.3257
-67.4679 0.590861 4.32339 11.2421 1.7737 10.755 34.4534 4.21074 36.2691 5.3898 49.6466 19.0665 30.2502 33.5384 51.2652 88.9979 93.3972 29.2389 53.1034 56.021 5.15853 14.8163 6.36093 46.4877 72.9204 110.921 116.668 36.3424 59.3862 0.00855384 52.585
-67.1716 0.346023 3.50434 11.7133 4.12861 7.58442 34.4534 4.21074 36.2691 14.4655 56.2116 17.0687 29.3553 28.9929 53.8576 86.1089 86.9273 37.5464 53.1034 40.9253 5.15853 10.1087 5.32022 53.1675 73.2888 92.7514 173.16 36.1557 73.6403 0.00291384 50.3136
-67.362 0.773159 2.96459 9.13369 11.6198 1.75437 36.8158 4.21074 41.2767 36.0713 23.926 5.0326 46.6712 32.7118 53.8576 111.319 54.4395 46.2868 47.279 42.6572 18.36 14.0346 5.65704 54.1043 68.074 89.7834 149.541 29.7801 115.939 0.00213086 50.9101
-66.0312 0.894728 2.96459 9.02651 16.1909 1.15673 32.0411 4.21074 38.95 39.8779 23.926 5.0326 46.6712 27.0961 53.8576 111.319 54.4395 46.2868 47.279 46.9662 17.1591 23.4951 5.65704 54.1043 56.0934 89.1293 140.711 114.267 129.952 0.00798159 57.6093
-67.6645 1.05515 8.15952 7.94043 5.58596 2.52612 38.4534 4.21074 32.434 39.8779 24.8728 21.7091 43.0847 37.0103 53.8576 92.2788 77.4955 38.7362 38.2646 20.2493 33.7436 7.72895 5.19014 37.3765 65.8286 135.717 145.173 17.4047 112.658 0.00632718 54.726
-68.2617 1.34043 3.31446 11.3401 6.46099 4.67718 38.4534 7.15391 30.6676 39.8779 20.9343 23.6538 33.4068 54.7264 52.2708 113.602 49.9882 31.6368 41.0474 19.198 38.8943 14.1005 9.6177 40.8836 54.862 135.717 164.198 15.7887 109.171 0.00438905 52.3264
-68.0676 1.03354 5.31736 12.5723 9.05176 4.54044 33.6566 7.15391 11.6502 37.8479 24.0822 27.451 33.4068 47.9967 63.8647 111.008 48.9144 50.9959 30.1393 16.194 21.5933 41.7581 4.69533 32.8147 64.9333 146.11 17.7045 18.4181 39.1458 0.00140498 50.399
-68.0453 0.636757 5.98297 10.1609 9.05176 6.50805 33.8331 19.2736 11.6502 32.6262 38.8166 19.6238 31.4255 44.137 79.7215 91.7762 48.9144 46.5213 29.938 36.7533 17.4853 49.5509 0.533865 17.8964 55.6219 157.252 77.0129 90.5758 65.5615 0.0023947 51.359
-67.7652 1.60381 5.98297 8.61124 11.1234 6.68023 33.8331 12.9369 18.8388 36.451 32.4804 19.6238 31.6476 44.137 79.7215 93.0658 48.9144 47.1104 32.3234 27.6856 20.0287 56.9564 0.533865 14.0843 55.6219 156.277 110.653 27.1046 65.5615 0.00348092 51.005
-67.8399 1.42241 5.98297 8.74813 11.936 5.48824 33.8331 12.9369 21.4374 36.451 26.9388 19.6238 31.6958 44.137 79.7215 93.5824 58.8471 47.1104 22.7754 26.6961 20.0287 56.9564 3.72826 8.71009 62.1414 158.17 119.173 27.1046 65.5615 0.00257744 51.0642
-67.6156 0.0444175 5.98297 23.4067 14.085 9.66287 7.02947 19.8879 27.7948 20.9539 16.1322 36.6893 32.2673 36.4101 120.51 102.935 53.5372 4.3429 42.6744 16.9518 23.1485 23.872 3.72826 6.61706 107.661 196.814 41.5065 71.7317 64.4211 0.00131507 54.5505
-67.4229 1.44854 6.18887 22.8686 19.2167 9.88546 4.73054 28.2018 26.8042 10.0605 15.5276 43.6254 32.8327 58.852 119.238 99.1407 37.9288 20.6987 15.9444 25.5184 7.36843 16.913 11.3444 18.5723 114.93 155.171 7.55804 54.6314 79.3474 0.00803093 54.8429
-68.4423 1.44854 4.0543 22.4942 20.3466 9.82281 8.7834 34.6574 24.9793 11.8936 9.527 43.6254 32.8327 51.6879 107.543 91.5342 38.7426 27.7424 23.0231 20.1275 13.6083 15.6115 25.8245 12.511 97.3421 175.485 7.55804 59.1886 27.5131 0.00344746 49.3767
-68.3794 1.55398 7.54116 23.2821 8.05303 9.85747 11.8624 19.2621 19.8524 5.47718 14.972 40.3431 41.4459 80.4605 103.366 88.056 43.9262 15.2282 25.2573 53.4148 15.267 21.7008 19.9573 14.6238 44.5729 168.623 73.6593 66.9165 20.3367 0.0010656 50.2212
-68.2728 0.835372 12.9328 8.86577 15.2492 11.7788 18.6751 5.01337 26.7449 3.39604 40.2118 29.4875 39.8201 101.274 72.1283 99.4449 44.8928 7.1212 19.5469 68.6593 15.267 5.73442 16.4939 33.0864 62.4462 167.215 28.9632 79.9231 38.8112 0.00104369 53.3326
-67.9461 1.11186 6.15152 9.08684 14.6618 11.8676 7.38243 18.4317 20.8599 2.59365 18.815 49.03 44.1454 96.551 167.739 4.37658 64.9639 7.1212 19.0749 68.6593 1.68131 13.7453 10.2217 28.1991 61.075 184.046 26.8772 82.8686 56.2975 0.000755453 53.6215
-67.8519 1.40771 21.7728 8.02783 16.7213 3.44702 7.38243 18.4317 25.0705 16.5362 3.42564 49.03 32.0232 96.551 167.691 4.37658 64.9639 15.8865 17.7694 68.6593 14.4933 0.993431 7.61723 24.4256 61.075 157.094 1.66434 84.9511 30.8332 0.00126048 54.6987
-66.811 0.832242 14.6085 4.53791 16.4927 3.44702 23.0888 18.4317 23.7511 22.0953 3.42564 49.0051 30.3705 98.7843 167.486 4.37658 41.0247 16.3649 14.6214 62.4066 12.1383 12.5936 1.3246 25.2946 56.3191 226.694 1.66434 32.5561 54.6114 0.0020218 55.3852
-67.1918 0.994715 16.5893 1.42305 17.7429 3.39452 14.5979 18.4317 16.1603 19.1618 3.87229 60.0287 30.0577 97.7535 167.486 4.37658 79.9646 16.3649 11.0712 34.1275 8.88965 29.983 1.3246 30.4607 67.061 181.155 33.2999 34.4205 54.8257 0.0230125 58.0578
-66.2462 0.635992 21.6071 4.03018 17.7429 3.39452 13.2309 10.603 14.0334 32.0382 2.89278 56.0281 30.3766 38.9505 167.486 28.3024 79.5581 3.42518 11.2877 40.473 13.0064 29.983 1.3246 56.0168 103.052 125.918 37.5448 57.1346 51.2855 0.0074437 57.8306
-67.1404 0.955334 20.5766 6.22184 14.4152 3.39452 11.7742 1.68014 14.8604 16.6707 2.89278 73.3302 34.5427 38.2352 184.54 28.3024 51.1554 17.7962 31.9077 51.7822 7.74051 0.873233 1.3246 81.9952 95.3348 125.918 57.7506 57.2881 32.8922 0.0161266 61.2798
-67.3877 0.33998 16.8384 5.14855 18.3858 8.28363 5.89582 1.68014 9.89991 17.7316 2.89278 100.793 36.8877 21.3728 183.131 24.0061 46.6363 15.833 6.96525 42.272 11.6879 5.72157 4.40179 101.25 84.9983 125.918 79.2471 40.127 9.81077 0.020293 59.0112
-67.2948 0.455697 17.0801 1.79528 14.2083 9.22759 6.73515 1.68014 9.89991 17.7316 2.89278 100.793 20.0877 16.3153 183.131 28.2554 46.6363 14.3289 36.7144 36.4438 32.2824 5.47521 17.9154 68.4656 74.0055 125.918 74.9335 58.8632 9.81077 0.00903748 55.5563
-67.3461 1.61801 20.0014 3.8702 13.6359 10.4177 4.09403 1.68014 4.6544 25.9009 2.89278 115.676 16.5722 16.3153 183.131 35.6321 38.6808 14.3289 56.9662 2.69283 25.5981 5.24947 12.9167 70.6481 73.365 129.367 54.5664 17.5502 9.81077 0.00745169 56.514
-67.1447 0.0226131 28.8447 3.8702 12.4435 14.6597 5.95543 1.68014 15.1148 19.3943 0.299599 100.371 16.1372 16.3153 183.131 33.904 31.6904 14.3289 44.6331 8.39573 26.7257 5.15007 28.4496 64.4822 71.2263 144.829 48.8634 166.742 9.81077 0.0233369 61.2713
-66.2933 0.888831 28.8447 10.6659 12.718 0.435683 5.93617 1.68014 30.776 14.9935 9.27758 100.371 4.97472 16.3153 183.85 32.1944 19.1315 14.3289 31.3897 28.6275 19.0812 5.59823 37.5024 57.1204 93.9269 151.101 105.094 99.3448 95.7084 0.0305336 64.5547
-69.3989 0.835388 12.3307 5.54074 10.3726 2.99912 4.42389 4.38795 8.7449 14.9935 12.5962 114.877 12.4927 16.3153 128.803 32.1944 23.0965 80.6541 32.1696 31.1351 21.9931 6.37786 56.6557 40.1721 102.203 143.349 24.1669 82.4942 17.8895 0.0188237 60.0281
-68.1445 1.19628 3.53997 4.0544 9.11812 0.505644 9.30398 10.6759 8.7449 5.13197 35.6882 93.6862 27.4495 12.1242 87.3779 36.1684 16.833 117.935 14.5586 32.54 9.75529 1.48545 76.3608 65.6724 80.8685 168.75 36.1239 60.4443 13.8504 0.0092199 57.7684
-68.1445 0.233983 16.8977 3.61692 8.54934 0.505644 11.7965 10.6759 8.7449 4.34373 47.4056 93.6862 5.10441 12.7771 116.277 43.7581 23.58 83.1187 14.5106 35.446 12.928 2.93589 76.3608 65.6724 42.3307 196.779 63.6888 62.5713 53.569 0.00928018 60.3943
-66.9198 0.429693 14.0143 2.68904 2.23982 33.0778 14.1602 11.9041 8.7449 4.2014 32.103 93.6862 5.10441 12.7771 84.6382 45.0374 23.6878 83.1187 14.8746 38.3909 21.0394 2.92877 71.717 103.587 35.2585 165.75 33.4772 188.715 51.2201 0.0073778 59.2517
-67.0655 0.710913 9.45483 4.15753 2.23982 33.0778 14.852 14.4539 8.7449 4.92406 32.103 93.6862 5.10441 12.7771 84.6382 50.1164 19.4625 82.7251 14.1614 35.9728 21.0394 4.46151 72.0253 107.656 31.8368 164.062 33.4772 123.636 32.0973 0.00208416 55.6527
-68.6186 0.792922 10.6413 1.5892 0.634257 30.6121 19.6543 11.0443 8.7449 4.39923 32.103 95.2238 5.10441 2.55986 84.6382 68.3068 19.4625 82.7251 10.4864 38.0638 6.90311 7.41223 88.2931 109.883 27.8334 84.7821 143.777 123.636 13.6788 0.0174983 63.787
-68.387 0.764134 9.08574 1.5892 0.634257 24.2237 18.1453 10.6316 15.97 4.39923 34.5607 95.2238 5.10441 2.55986 90.8363 68.3068 20.4537 90.0259 12.9021 16.6698 17.264 8.93367 68.8179 111.87 27.8334 101.142 179.571 138.224 8.83811 0.0174983 64.6375
-66.8639 0.75903 11.4078 2.93983 2.61772 26.6792 15.9586 15.9667 18.0835 1.35646 27.7976 71.6196 11.9235 16.7534 102.472 58.5122 21.4818 119.691 12.0424 19.1475 7.72615 10.6649 36.5621 80.0111 64.9452 57.6138 230.389 167.057 13.64 0.0177579 57.376
-68.4278 0.463375 6.82542 2.93983 2.05826 36.3498 11.3424 25.1006 14.9045 2.82378 5.42881 92.2252 4.38928 16.7534 82.394 59.9442 20.5905 116.669 23.4075 14.2165 7.72615 0.732137 74.1814 80.0111 64.6604 57.6138 178.148 13.6318 18.1311 0.00655424 56.6388
-67.9578 2.05308 8.4582 2.93983 3.90936 38.0865 9.96412 28.6668 0.976604 16.0644 3.43113 92.2252 5.3447 43.0722 57.8414 41.6672 18.9496 118.657 17.7413 14.2165 7.72615 18.2909 74.1814 61.4981 70.1386 57.6138 178.148 2.29598 12.7954 0.00655424 59.9844
-67.8699 1.75552 3.45806 16.4904 1.24506 32.2068 7.2466 56.3741 0.976604 24.0893 3.43113 71.7421 1.78775 53.0323 57.8417 33.6388 10.7779 133.177 16.3122 7.33727 7.72615 44.4655 45.4104 62.6395 54.2354 114.038 150.024 24.4067 15.0142 0.00655424 55.8912
-69.9916 1.75491 2.7399 20.3781 1.83892 31.9608 1.90793 55.4713 0.976604 40.2414 4.34043 80.763 1.78775 60.9618 46.6649 33.6388 1.62728 133.177 19.5439 0.555607 7.72615 63.1491 29.218 40.6419 56.3866 114.038 150.024 127.055 11.1597 0.0262684 68.4888
-67.696 1.40926 1.97868 14.3926 1.83892 23.2752 14.9991 37.8811 5.06159 21.7957 11.8146 52.4795 30.9312 75.0253 56.038 5.25461 16.5668 136.079 18.3225 24.5396 11.4687 46.3908 7.49355 67.6227 70.6985 57.5805 147.907 84.938 11.8497 0.0823022 59.6558
-67.696 1.79524 4.58271 1.10956 1.83892 16.5545 14.7945 55.7831 9.34508 19.3273 1.5756 48.7852 30.9441 6.90331 100.772 25.2763 16.5668 184.869 16.8191 24.0238 17.4159 8.09766 7.49355 72.3741 87.4955 57.5805 161.654 92.6597 43.2937 0.014646 58.9354
-68.6951 1.65503 3.60335 1.10956 2.2576 15.2082 15.1423 107.817 9.34508 20.2279 8.04994 12.61 23.0851 6.90331 122.098 17.0355 16.5668 159.826 16.8191 28.2739 22.8493 6.72569 14.0503 66.9422 68.1056 57.5805 201.082 87.6892 6.95883 0.0321317 59.0583
-67.932 1.02338 3.92357 1.10956 21.3746 19.0692 19.0895 49.9655 15.9465 21.1425 8.19121 12.61 12.6333 18.7011 113.409 31.5053 69.5704 138.654 15.4975 15.9275 27.6426 14.5838 15.2137 63.0111 68.1056 7.21219 233.539 99.6126 13.5447 0.0321317 61.3623
-67.932 0.108665 4.19774 1.10956 20.625 20.0397 19.0895 33.4942 29.6462 46.1182 8.19121 19.7012 6.99209 18.7011 80.1753 20.4636 60.3308 141.75 31.4329 12.6672 27.6426 9.05881 6.21653 79.0156 68.1056 7.21219 233.539 31.4531 21.972 0.0321317 57.7447
-67.4579 1.14558 3.07106 1.10956 30.716 21.7852 14.7857 33.4942 25.4551 55.6358 8.19121 11.5292 2.93652 18.7011 80.1753 22.6514 54.506 152.048 31.4329 1.34536 33.5465 4.40213 12.001 79.0156 66.1723 96.896 155.186 41.1202 1.13981 0.0121381 57.9857
-67.1776 0.994958 3.89324 1.10956 21.1719 11.8154 12.7383 21.6755 42.5238 28.4577 25.5668 3.96354 2.93652 38.1101 71.4464 39.4692 67.3254 158.318 18.4304 1.34536 23.2741 24.8594 24.8434 40.3869 99.3354 73.8856 103.894 48.2133 3.97667 0.0576788 63.5851
-67.2638 0.736977 4.81993 1.10956 30.5908 9.47155 13.2829 38.6427 44.0962 17.6083 34.2452 3.96354 2.4896 9.36373 100.695 40.4142 8.93542 146.023 19.6437 21.9497 7.36151 25.5259 37.3653 40.3869 97.9818 77.4155 173.497 85.2672 7.50091 0.103032 59.2947
-68.2776 0.208003 9.42352 2.89366 21.4178 9.35484 20.9997 17.785 70.5198 15.6658 23.7913 18.8828 7.32275 9.36373 122.197 13.0942 27.0523 150.945 22.5169 25.939 5.35412 25.4453 33.996 38.7766 66.9641 99.0634 173.497 45.1183 4.08587 0.0641617 55.8601
-67.0955 0.152083 2.03915 9.65721 9.78858 7.18815 20.9997 12.0818 93.7819 15.2074 20.0736 18.8828 5.76289 9.36373 100.669 13.0942 26.0201 142.436 18.7272 50.6907 4.18318 28.8476 32.6331 8.85394 102.646 71.8451 170.11 59.4268 25.2841 0.0221547 57.7754
-67.2435 0.378259 4.57887 9.84618 13.4406 7.18815 32.6729 6.05298 78.3844 13.3724 20.3729 13.9777 4.08243 9.36373 104.638 12.2043 21.6139 141.037 22.1273 40.198 14.7512 27.0545 18.7157 47.5601 113.398 69.1616 170.11 124.018 24.6932 0.0398297 59.364
-67.7122 0.520228 23.1136 6.84825 15.3874 10.1111 8.98147 9.69656 66.3268 12.2956 18.4961 25.6676 11.1075 9.36373 104.638 12.2043 41.4917 139.998 6.1499 40.8294 21.702 28.0917 29.6475 29.6614 81.8843 8.34683 225.389 108.292 53.2628 0.0398297 58.8461
-67.7572 0.25254 5.0577 9.71687 2.21432 0.719001 14.1693 8.27852 75.9666 13.7465 19.4876 52.9477 0.964141 39.8277 78.0824 17.7091 59.8156 145.131 20.3359 9.11025 40.7516 28.0495 12.0765 36.004 79.1352 96.2735 149.908 41.9809 40.2597 0.030914 55.1922
-66.2522 0.478729 1.10653 11.4406 5.31235 2.74986 14.4295 8.76119 67.0532 9.30141 21.5917 52.9477 8.71853 43.2671 63.7102 17.7091 30.7308 128.332 44.2886 11.6841 70.0361 24.7387 11.2554 18.9885 89.6326 105.441 127.332 74.0326 44.3066 0.0235173 55.4508
-68.2897 1.32555 1.89346 12.4294 17.203 18.9204 10.1052 11.2352 38.2076 8.86709 21.9886 23.4545 57.505 43.2671 43.154 25.4607 26.4178 112.414 58.3185 19.1176 69.0505 16.7028 11.699 21.556 81.5784 123.727 131.911 87.0693 63.3666 0.0223604 54.1488
-68.9541 1.08703 1.89346 10.4537 7.96576 24.0874 13.5024 4.18429 54.5581 8.41889 21.8771 17.8641 57.505 43.2671 28.7819 25.4607 99.868 93.1419 53.9629 13.1492 44.5296 19.3887 28.3712 4.87545 88.253 106.447 115.607 65.5973 89.3444 0.0257191 54.4807
-67.4944 1.16043 11.1604 4.89521 7.96576 29.4068 7.98053 4.18429 54.5581 2.35877 17.7603 23.1459 57.505 43.2671 27.7435 28.3222 84.8652 88.9603 61.0333 13.1492 44.732 26.8016 21.9501 4.87545 87.8983 107.663 91.7623 60.7396 20.6979 0.0257191 55.2437
-66.1629 1.16043 12.6296 8.25879 9.41713 29.4068 2.1605 15.921 42.9112 7.70325 19.8612 31.0701 41.633 71.2873 20.105 23.9685 75.7642 88.9603 69.2294 20.8409 44.732 12.3935 21.9501 4.87545 95.235 89.3005 67.1672 69.9227 27.8775 0.0199934 56.5768
-65.7245 0.420911 12.6296 3.23824 11.6689 29.5587 2.1605 19.0745 33.2884 13.311 19.8612 22.6706 52.535 52.3938 38.0775 25.6892 75.7642 56.5087 98.1067 20.8409 26.6598 8.97774 32.0909 29.6023 87.9331 134.749 110.53 88.0194 26.7809 0.0195448 54.6936
-65.863 0.59966 15.9003 10.6853 6.79104 28.1848 3.51652 22.8485 38.2863 6.5187 39.8194 22.6706 33.0796 45.141 48.296 32.3225 74.3521 40.8058 98.1067 6.54596 16.6668 8.8598 49.8473 12.9569 82.978 134.749 110.53 87.3596 26.7809 0.0000686779 53.1321
-66.5214 0.0346149 18.1081 1.93752 8.82815 29.1992 2.67518 5.82054 38.2863 17.7853 39.8194 22.6706 33.0796 38.7098 57.6432 34.4614 60.9103 40.8058 93.3168 2.24727 23.0739 4.758 49.8473 23.9126 84.2877 134.911 158.587 26.0331 10.3742 0.0000612277 54.8203
-66.8119 0.378468 1.51647 8.12225 13.6649 35.8875 8.91864 3.40655 26.1972 28.1931 98.1464 7.92894 23.6006 35.508 61.0175 47.4625 56.7422 40.8058 64.8245 8.16664 28.3006 36.4052 4.89704 69.378 57.3351 135.904 50.6826 24.782 27.5171 0.00389628 56.5026
-67.0759 0.209456 0.319179 12.1027 9.57425 0.71435 13.8121 4.35064 21.8781 24.5253 84.1482 16.5026 30.7302 35.9602 61.0175 65.8187 56.7422 48.9646 19.1833 24.1629 31.8218 54.9013 4.89704 72.4906 65.8403 174.942 66.7824 38.8641 25.6887 0.00292065 55.1481
-67.3353 0.845143 1.60444 2.55744 1.51077 12.2977 14.8243 4.85222 13.565 29.4584 98.6133 16.7629 36.5022 40.7892 68.1059 82.9452 16.8522 53.446 18.3602 37.3019 19.5742 41.7023 2.8685 72.4906 72.9024 174.942 6.45168 39.4233 42.2398 0.00126432 56.0274
-66.9379 0.845143 1.60444 2.55744 1.37983 12.2977 13.5272 4.85222 10.1634 29.4584 102.507 16.0578 73.0545 26.6729 69.7166 92.6098 16.8522 76.3341 13.6034 25.5755 25.5695 28.6824 2.8685 53.1548 73.9844 151.868 6.45168 46.009 42.2398 0.00605328 57.2911
-67.3005 0.868956 1.60444 5.6007 0.879321 1.09438 7.95226 4.85222 16.2098 18.9019 82.3978 16.0578 46.054 82.4014 66.8171 63.1204 11.9303 42.4741 21.6236 32.0205 31.4767 30.0244 15.8144 92.8918 73.8848 152.033 74.4381 50.8482 49.0624 0.00352718 56.1617
-66.8752 0.668631 6.97797 12.5409 0.23643 5.38139 1.5205 5.36737 11.3775 24.5395 56.7594 41.1696 38.8908 80.1125 95.9266 51.3376 11.9303 59.5977 67.7199 11.0803 3.80996 21.1108 35.7089 24.2816 83.0705 152.033 122.174 119.385 40.2283 0.00204694 54.3965
-67.3895 0.560397 11.0545 9.45565 3.19791 12.5479 2.47457 24.1429 11.3775 16.6441 29.0805 59.5309 26.6139 66.4915 131.533 60.1706 11.9303 28.9251 65.5286 10.9416 9.17366 20.8117 45.2384 24.4357 70.5992 152.925 43.3206 31.7257 50.3561 0.0558069 52.8228
-67.3405 0.52027 6.52027 6.90438 1.47597 10.3008 8.4538 20.7191 6.04721 23.1744 28.5621 59.5309 40.1473 33.3895 130.539 56.2856 16.0742 16.2037 50.7315 15.1904 9.13978 14.2127 65.789 59.8712 73.5744 151.043 35.2976 45.4077 11.9848 0.0429622 55.3164
-69.2796 0.316946 11.213 9.56506 4.60558 28.0114 6.85778 40.0514 4.17824 24.657 15.4916 59.7072 45.5296 36.5349 142.992 67.5173 31.3591 0.86265 34.3055 1.82583 9.82225 8.14691 47.5442 41.4145 62.0494 209.714 53.7379 45.5798 55.0338 0.0231281 59.4977
-67.4388 0.470734 10.407 15.0228 2.64801 27.9325 8.16191 0.605174 3.43331 26.9513 21.0671 39.5589 50.9069 40.8413 134.114 89.2203 50.1074 4.92854 15.0445 8.76414 26.0784 10.6357 48.564 55.9193 51.4285 218.159 28.4925 31.035 115.881 0.0186788 57.3351
-66.5883 0.462767 7.25449 22.4038 4.53063 27.9325 5.63242 12.499 5.06309 28.0176 20.4443 33.0475 30.2493 68.762 115.414 86.6019 50.1074 23.754 22.8113 8.76414 26.8106 23.4204 21.0479 55.9193 42.9861 208.769 11.0884 62.0555 116.607 0.0169525 55.0384
-67.0597 1.09145 8.43605 22.4038 2.37736 25.9351 5.5708 18.1612 3.99116 24.5046 15.2931 50.6409 43.8056 28.6717 67.7488 111.468 50.1074 59.7491 22.4153 9.40811 20.5826 26.6619 16.9326 68.2309 34.2182 180.337 20.0742 34.0092 116.26 0.00926537 51.3131
-68.0922 0.989701 7.75061 22.3694 2.37736 25.9351 5.60071 16.6051 3.62837 26.0638 10.5018 50.6409 28.8639 28.6717 62.8334 111.468 50.1074 53.1227 56.33 11.9722 18.7477 27.3694 21.0075 65.5243 34.2182 199.903 24.0494 157.63 286.772 0.0171002 59.6899
-68.3181 0.817048 3.45112 20.9169 6.44932 22.7009 6.12939 16.6051 4.8665 44.4052 18.4743 51.9311 4.89657 16.5032 64.4418 104.711 50.1074 57.7119 36.3981 5.88933 22.6329 52.5371 21.8415 42.106 54.2814 200.341 57.3341 112.211 108.736 0.0164037 56.2245
-67.2386 0.827886 5.46226 11.6472 6.44932 22.7009 4.78495 26.9736 4.79376 71.0186 18.4743 38.8892 8.16392 16.5032 64.4418 70.3114 52.9166 62.3761 37.688 6.13112 35.5476 48.1004 20.2003 24.2882 80.6731 164.514 43.6851 159.513 27.0406 0.0200409 55.2155
-67.9492 1.54592 3.36313 7.98268 6.44932 8.70695 6.53839 33.5312 5.12379 71.0186 14.964 38.8892 4.58867 16.5032 61.649 70.3114 102.03 59.0968 37.688 1.9165 35.842 24.5963 5.64696 46.2102 85.1508 163.585 77.8255 44.4495 41.8368 0.00611454 55.2829
-68.3178 1.53779 2.36585 7.98268 7.53218 8.70695 6.62911 33.5312 4.92847 71.0186 15.3195 38.8892 6.9631 16.5032 56.3749 70.3114 103.183 59.0968 57.3182 1.9165 48.524 24.8091 10.1956 44.4338 41.3118 154.218 58.2143 27.2803 17.7927 0.00611454 50.3295
-67.51 1.10719 4.03637 8.89217 6.54018 8.70695 9.71652 48.9326 4.55435 71.0186 16.7583 38.8892 9.09205 23.0071 56.2535 65.0361 98.6108 47.5638 47.1977 1.9165 37.995 16.506 6.88474 39.7413 64.9198 208.335 28.6913 37.0713 17.7927 0.000953245 51.5681
-66.0973 0.205264 4.21838 7.71242 5.78498 9.29667 9.71652 43.6875 5.64985 50.3221 8.68078 38.8892 31.057 23.0071 56.8623 65.8173 93.7736 29.3544 59.1533 38.1633 30.9631 13.9032 2.54505 21.8724 82.6285 220.902 6.85578 39.5713 83.7428 0.0111176 56.3561
-66.8677 0.483625 4.43583 4.49524 21.5472 23.4831 11.4234 36.0752 7.54721 14.4984 7.13141 54.2347 36.7481 41.8875 41.1709 50.1555 59.2841 38.9531 90.1993 37.0128 0.773829 4.13301 39.3895 57.9498 50.8417 190.169 17.9274 65.4106 17.2076 0.000411597 50.9087
-66.7459 0.26231 5.19129 5.03596 26.7035 13.012 13.6633 26.6645 10.6794 14.3112 8.50514 54.2347 33.9131 44.54 76.9252 47.7752 56.6561 13.1509 71.6811 26.3482 10.1491 15.7326 45.6349 60.1381 57.9451 160.331 57.9456 12.0937 18.0368 0.000777123 49.2128
-66.149 0.294212 12.4101 5.07737 26.952 10.9361 9.27888 26.6503 1.82154 19.7128 20.7779 68.3706 57.4645 49.1125 89.1855 23.744 42.6024 29.8118 71.6811 33.8264 23.7764 33.1678 24.7168 15.3063 61.636 161.355 54.277 50.6847 106.11 0.000163286 57.913
-66.1332 0.124148 17.2037 0.105692 18.7176 10.9568 10.8357 28.0169 7.84866 13.1232 16.4346 36.2651 47.286 43.4739 89.1855 36.045 7.16694 36.5997 103.504 17.0703 36.6605 69.1386 25.8864 12.0453 46.6278 149.612 77.8249 46.2511 14.4436 0.000392488 55.4914
-67.9883 0.530607 14.3369 14.2043 25.3849 10.9282 3.9457 31.408 7.55545 14.8235 37.0457 48.8552 13.3021 76.2784 41.5817 47.8347 9.77506 25.4746 111.122 13.2567 14.39 88.5234 10.1971 8.83714 52.3064 206.939 51.0014 63.1009 43.1947 0.000394606 54.8126
-67.2934 0.531167 17.7278 4.5423 22.8906 10.9104 7.04282 30.4756 10.1929 1.28263 43.0749 43.5208 12.7689 76.2784 1.86136 70.5567 8.41502 71.6371 95.8496 18.8962 12.0172 99.2769 10.1971 12.3384 57.3058 196.747 11.5705 48.5404 106.023 0.000376893 53.6045
-68.9745 0.532924 26.4641 5.02928 20.9294 10.8978 5.67677 64.8889 13.3655 7.44357 7.05835 29.495 11.658 100.696 17.7534 28.5464 9.32238 65.6216 83.2234 18.8962 36.5462 90.1466 3.67041 12.3384 57.3058 229.533 27.4872 26.3405 120.813 0.000368315 61.3303
-66.6196 0.761329 33.6218 9.46388 2.5089 10.9121 6.81955 42.7737 15.4953 10.0281 19.5102 44.7404 11.8117 100.696 7.92438 20.899 18.1479 64.1719 84.9214 17.2022 40.9019 66.304 13.0518 30.8561 72.8137 169.541 27.4918 33.504 3.65855 0.000368315 51.4054
-67.3317 0.359007 25.0115 14.5805 7.43199 10.9337 6.51403 43.3051 22.9885 20.8188 10.6819 44.0292 1.28282 100.494 17.8565 61.0398 21.7859 51.5679 67.6965 17.2022 44.4847 15.0615 26.6679 55.1022 75.4082 169.541 69.7628 22.4027 55.2245 0.000368315 49.8799
-67.9623 0.914047 20.2266 20.7541 8.1458 11.069 5.13421 61.9276 14.9571 25.9729 20.8949 16.3165 9.24781 39.7079 77.6715 72.1967 20.6457 86.3909 27.379 34.4308 18.401 7.81838 29.4667 38.1988 86.1489 159.915 38.7418 29.6967 89.0304 0.00371139 52.0277
-67.6608 0.629092 14.9642 25.1891 8.26663 11.8824 1.354 57.5024 11.3976 21.176 14.0718 24.8759 15.4205 24.5849 115.001 29.1068 26.5406 86.3909 39.6162 6.10621 26.3084 8.49507 35.1142 43.4856 113.708 195.451 14.6183 39.9783 41.4308 0.00442427 53.4497
-66.461 0.645717 7.3184 17.7524 5.11925 19.7488 11.8497 60.4394 18.7576 17.311 13.465 27.1233 20.1818 35.1027 84.0156 27.7659 21.4671 89.926 19.0895 19.4509 60.8612 11.8922 43.4993 36.5842 82.1065 121.155 65.2813 29.4446 54.9405 0.0110908 55.0841
-66.4282 0.522294 5.07455 13.7767 6.98268 23.3449 11.7116 63.9109 41.1256 10.387 14.7828 8.29261 20.8732 74.6592 90.0879 1.97659 17.3386 79.0425 30.4415 22.636 51.9844 17.4021 38.0597 25.2759 59.3979 119.401 180.62 53.4097 26.9417 0.0022656 54.0969
-66.8941 0.855913 5.83631 13.7767 7.69385 23.0684 7.68513 8.6381 52.2451 16.9828 46.4935 12.457 10.1392 69.5627 69.2075 22.7029 57.7553 67.391 32.8579 22.6806 71.3209 16.4618 44.4864 9.16705 100.829 149.165 6.41571 24.057 31.8304 0.00164619 52.7612
-66.9172 0.425582 4.63383 24.9815 8.49149 16.0737 5.48292 13.3472 72.1767 26.0395 0.155264 2.42303 26.6641 56.7204 57.5723 22.1572 66.3741 71.5617 38.9581 23.6801 43.6976 7.11989 46.1091 28.6664 95.3018 153.476 61.1807 38.515 6.8863 0.0010334 52.7213
-67.5658 0.500393 5.39201 3.32809 9.39754 9.02233 6.03604 16.2244 81.7251 31.1042 11.6626 3.69598 28.0742 44.7794 35.9924 9.70164 100.334 16.792 113.927 24.8218 14.9961 24.4652 44.9657 36.4296 70.9832 115.409 139.586 15.6218 4.03171 0.00103912 51.6092
-67.2993 0.989965 3.90737 15.5557 6.677 14.6585 2.31628 23.3304 80.9851 25.6272 11.6626 1.50735 33.3541 30.2855 39.2084 8.45183 99.7901 16.792 109.864 26.6993 14.9961 39.9705 20.2458 62.4805 72.7125 141.547 89.4886 19.7084 25.044 0.00104764 53.0311
-65.882 0.561079 6.97138 27.9873 6.163 6.37005 3.56791 17.5059 45.2021 26.8543 11.6626 6.88538 37.0906 54.331 96.5424 21.0593 87.4711 8.31118 108.831 24.8103 14.9961 4.01966 13.0157 55.6802 62.6867 133.907 61.5089 28.4497 13.3135 0.00152427 54.723
-67.553 1.01642 10.6873 29.894 4.72642 7.07673 21.7777 39.5713 39.13 14.2933 11.6626 6.36029 37.3811 58.3422 151.016 7.99164 3.90525 32.6281 108.831 27.7328 17.0837 10.2973 2.07717 40.4742 59.7329 148.026 70.8698 26.5293 35.2661 0.00149856 55.2259
-67.5667 1.03747 4.77093 23.1016 4.51486 5.40562 20.1146 43.1919 40.2845 12.5061 8.53702 15.3367 23.9043 36.5411 54.7942 96.7779 22.9965 27.5798 131.199 27.6718 15.9198 35.6966 25.866 17.5096 72.2009 148.026 48.1048 11.5209 40.3252 0.00138686 50.3063
-67.8942 0.832093 6.16512 20.1322 3.85419 7.29993 18.9823 34.1202 31.8785 12.7077 19.6215 15.3367 30.6432 38.0386 61.775 95.9481 21.1966 19.4721 131.199 26.2081 11.818 37.5138 6.59224 16.4828 85.3567 144.778 51.8985 11.253 16.4969 0.00161269 49.3621
-68.5741 1.96854 6.16512 22.0553 4.57835 7.38825 24.079 24.8839 34.338 8.41714 22.5208 15.3367 24.5526 19.0914 43.1406 39.3067 44.5832 19.8544 167.833 25.3515 88.0156 23.8784 0.794939 25.2118 80.648 114.784 51.3246 66.5051 15.9969 0.00171483 58.7503
-67.8471 1.82221 10.7673 15.8068 1.46723 7.29039 25.9062 22.9901 25.4028 27.2602 36.143 17.6826 14.7955 11.3342 29.5034 49.57 23.2974 33.1736 157.279 24.2192 93.3254 27.7883 5.54622 19.5825 83.0531 123.752 83.1901 135.501 15.9969 0.00100454 55.9351
-67.6436 1.39131 6.39155 7.60845 4.95667 7.68525 20.55 26.2479 28.0669 19.7509 45.9296 23.9381 14.7004 11.3342 44.2003 49.3211 24.3935 29.1448 157.279 23.8827 59.6387 26.9643 4.9174 19.5825 106.551 100.359 91.1849 132.466 36.0587 0.00329753 56.0971
-67.9826 0.41558 7.4676 7.60845 6.85241 6.32009 21.2082 26.2479 20.2445 15.7683 65.0851 28.4022 15.5079 9.01344 44.2003 41.5703 30.3992 65.6356 162.165 31.4261 35.5475 11.0524 4.9174 19.5825 76.2211 159.445 91.1849 132.466 33.2509 0.0107295 55.4695
-68.0544 0.554412 25.8861 13.5145 6.8009 1.36133 8.78888 9.19884 30.1184 18.0173 59.1975 16.7439 17.6518 22.8828 35.1231 32.3913 23.7288 73.4058 162.165 42.4049 23.5049 9.55344 4.9174 51.6892 68.7995 178.478 67.9398 230.48 33.0959 0.00330207 60.5074
-69.3672 2.14225 23.2633 15.8417 8.83747 1.36133 10.7947 9.19884 31.8177 15.6914 59.1975 17.1927 29.348 22.8828 32.6859 32.3913 12.0146 50.6752 174.893 42.4049 30.4634 11.4007 30.2711 29.7281 63.8581 170.583 14.9645 178.81 31.4703 0.00212718 56.8406
-69.8581 1.08893 16.9974 15.3377 8.28343 4.02076 10.7947 9.19899 32.0104 23.4723 41.1462 16.0609 29.348 10.5852 32.2408 13.2158 13.3952 64.5265 183.157 42.4049 46.5761 19.7452 30.2711 29.7281 53.8265 168.255 31.607 108.729 32.8806 0.00461663 58.2214
-69.1163 1.02488 27.8154 14.9434 9.54103 5.33982 10.7947 14.877 30.2474 26.0153 24.1741 15.7558 40.2715 26.8136 59.5576 14.5828 21.211 69.325 134.353 22.5139 4.0991 20.9154 60.4924 53.5003 51.4868 165.63 15.4621 109.957 39.8492 0.00310059 56.2431
-67.7427 0.365285 34.4066 16.477 1.53697 1.58811 10.7947 39.0703 24.7382 16.2541 54.75 5.14606 21.9018 32.2263 59.1603 20.1261 53.441 44.433 134.353 37.1356 6.14294 6.85689 20.63 48.6934 64.7636 125.13 111.263 17.8766 47.4461 0.00233847 51.7077
-67.613 1.39714 29.8548 13.1067 2.42045 3.57347 8.05355 46.0098 28.5864 18.8124 54.75 1.73718 10.7861 30.2656 19.6997 44.1741 45.4424 42.7637 127.012 62.8056 6.04274 6.80806 12.3018 62.1849 80.3081 104.99 125.151 3.84701 82.5052 0.00269248 54.5173
-67.9054 1.13078 26.9914 11.5248 7.10633 3.49792 10.144 45.0016 22.7321 27.798 54.75 0.708714 8.40091 27.0986 21.2313 27.549 70.973 45.2519 127.012 50.3576 28.4828 11.7956 22.5961 53.7905 45.2641 96.7831 89.9799 13.4921 60.8654 0.00238202 54.7898
-66.8998 0.290791 26.9914 11.5248 11.7715 3.49792 10.144 47.0781 17.8331 28.9182 44.3127 0.708714 14.4067 33.4744 21.2313 24.639 70.973 40.8371 120.14 35.7811 32.533 12.7916 33.5712 60.5341 80.1714 72.8494 80.0849 33.7539 60.523 0.00403997 54.553
-66.9847 0.454988 19.4946 8.29229 22.2294 6.59331 6.47282 30.5012 22.2357 17.4222 44.3127 0.708714 32.3296 25.4454 23.5747 54.4174 49.5505 54.0926 111.96 19.9647 36.5539 15.026 28.1844 47.869 60.3828 168.298 84.8187 24.2392 58.1603 0.00118387 49.5417
-67.525 0.346166 19.7592 6.18712 12.1856 16.8503 6.47282 17.0146 18.2624 45.2248 52.9159 0.708714 20.8657 19.3769 33.2244 60.5881 48.8407 56.4709 87.9195 23.2125 56.1863 10.7097 29.8688 57.938 40.174 170.219 76.054 10.8914 21.5801 0.0236872 53.107
-68.3696 0.25593 6.91023 6.18712 15.2436 0.150606 2.52519 15.3438 27.438 33.0382 39.833 25.6327 28.1045 19.3769 57.7399 60.5881 36.7799 60.1439 87.9195 35.7806 35.6781 22.51 30.9878 50.6525 49.9778 170.219 65.5016 28.8569 29.2153 0.0150099 54.273
-66.9799 0.522247 11.3004 3.7599 27.8829 0.65059 2.90381 26.335 27.438 55.39 39.833 25.6327 23.3481 25.3753 51.3772 57.7187 39.9376 50.5711 101.729 36.6437 16.8475 0.930739 30.9878 36.6118 45.6247 183.716 41.1099 49.4403 138.903 0.020392 59.1035
-67.6179 0.702628 11.6655 4.44052 21.9584 0.65059 7.17533 26.781 27.438 52.1762 39.4052 26.055 23.3481 25.3753 51.3772 57.7187 37.0471 44.9664 101.729 37.1686 30.4789 0.930739 28.774 42.2968 39.1891 183.716 22.939 19.8026 138.903 0.0323167 61.2714
-67.1638 0.702628 14.3449 3.54285 14.9429 0.65059 18.9613 2.61274 23.2795 52.1762 40.11 26.055 24.527 25.3753 51.3772 57.7187 37.0471 56.9342 113.794 30.307 30.0326 6.10363 20.1193 42.2968 39.0866 183.716 25.4958 19.8026 114.792 0.0427979 55.1715
-68.3349 0.540131 12.9806 7.58935 13.3274 0.65059 13.8782 2.61274 28.8177 52.2131 36.2138 26.055 22.0638 17.5825 35.5048 75.7829 37.427 66.8113 118.204 37.9588 33.9503 6.10363 17.6293 42.2968 26.7366 183.716 25.4958 39.7009 24.6093 0.000398933 55.0099
-66.6226 0.540131 7.2185 5.15015 14.8678 0.65059 11.0337 9.12245 29.8902 36.7675 38.6985 20.3194 28.3105 17.5825 35.5048 75.7829 51.2197 66.8113 129.725 37.3452 11.6778 3.2122 17.6293 42.2968 41.0454 164.512 54.9181 29.2692 17.4751 0.0132361 52.6074
-67.324 0.282774 11.3707 5.15015 14.8678 0.65059 10.1972 9.12245 30.107 32.79 38.6985 21.2373 28.3105 8.2044 35.5048 75.7829 51.2197 71.0017 131.8 43.0581 12.15 21.4716 14.3252 30.1632 51.9591 164.512 54.9181 29.2692 17.4751 0.0132361 51.1989
-67.3089 0.436863 20.8152 4.09633 10.618 9.42629 10.2119 10.6668 29.8284 38.5085 46.1373 18.5288 23.1904 8.2044 35.5048 46.2726 47.879 64.6166 144.685 25.5852 13.0576 14.1824 4.85018 45.1894 82.1916 114.319 111.413 40.2981 17.4751 0.00285617 49.7799
-67.2333 0.572746 24.9015 2.28147 9.36589 9.64961 11.0099 10.6668 30.8253 32.2515 46.1373 19.9486 22.7011 9.48589 35.5048 46.2726 47.879 66.5549 144.685 25.9321 18.6224 18.518 15.1025 32.5476 69.5567 102.352 137.896 20.236 46.4914 0.00343943 49.8407
-68.2685 0.408031 25.0564 2.28147 11.5542 2.74085 17.512 13.3318 31.7213 23.7819 36.1189 19.5154 34.4878 8.0156 30.6229 58.79 40.9365 66.5549 151.155 6.2543 18.1984 21.2067 26.1478 24.6313 81.9117 80.8765 162.501 29.3785 35.8342 0.00309657 51.5012
-68.0732 2.05601 33.42 1.63139 7.89993 4.19154 12.6936 8.09716 35.7396 8.47286 44.6086 13.0354 36.6175 8.0156 30.6229 58.79 54.5238 57.2802 154.979 22.4872 13.9472 21.2067 31.609 19.4375 86.9246 108.922 57.2608 92.1223 60.2485 0.00453484 56.1752
-68.7523 1.12299 33.42 6.4437 5.80202 4.27027 13.4713 16.5419 34.385 8.47286 40.3184 13.8258 33.9946 8.0156 30.6229 78.475 54.5238 57.2802 129.517 24.8339 19.2288 22.3486 33.2631 8.86193 90.9423 135.442 81.0395 70.105 99.3682 0.00247429 52.7762
-66.6624 1.13737 33.3009 3.02903 7.63466 4.27027 13.4163 35.9254 52.3376 8.47286 34.1845 5.54305 13.2841 16.1045 32.9787 69.5892 38.9111 55.5 141.395 25.2245 10.0248 20.1422 41.1357 14.4538 70.0124 197.469 21.815 17.6001 84.4928 0.0021425 52.7147
-67.3081 0.20092 12.1917 2.60056 5.66692 10.0028 11.2847 40.2231 35.3663 31.748 19.4755 5.79683 11.9579 36.9284 25.3519 66.7053 60.1413 74.2966 90.8257 54.5133 10.4566 17.9201 28.0759 25.9055 68.5234 197.398 40.282 61.5977 109.033 0.00155965 57.4929
-65.5298 0.253397 10.9443 8.1686 5.83464 7.72261 34.8704 16.0349 0.224702 25.3401 40.7795 15.6372 16.4112 101.816 31.3921 45.2632 80.2668 72.5537 49.9527 29.9288 35.2605 4.20882 39.6149 6.70528 53.6111 193.35 63.7685 46.735 155.997 0.0032752 58.1589
-69.0746 0.254678 9.31472 6.20619 6.34102 9.08486 34.8704 16.0349 3.4519 34.063 44.4821 20.3007 16.4112 74.2397 32.9599 71.2641 75.4134 80.3086 28.8 3.5363 39.3199 14.0181 22.4317 8.57862 101.783 172.837 27.3569 42.1861 247.735 0.00121496 57.7229
-67.6486 0.254678 9.31472 6.16795 4.70696 9.08486 34.8704 16.0349 12.2952 38.8293 48.3883 33.1497 32.9845 34.4712 32.9599 71.2641 75.4134 67.18 28.8 9.59648 43.9847 21.5288 17.5326 15.6356 103.154 134.616 57.12 66.326 125.711 0.000784976 55.3672
-67.3968 0.165747 4.27146 12.2805 6.8795 7.96018 36.6432 16.0349 5.90626 40.2569 3.63573 26.0742 26.5745 91.1788 51.2187 64.7682 38.8164 55.6651 36.6381 23.849 58.2403 10.2859 36.5339 8.2665 103.154 139.793 62.3682 67.9367 122.387 0.00240642 55.3174
-67.1237 0.14649 6.80061 12.3193 6.57742 2.3477 39.7933 22.8966 28.2907 33.3511 6.83187 9.36763 39.4644 71.2129 57.0889 42.0227 38.8164 95.8368 20.1059 23.849 48.3399 10.2859 40.7242 21.3514 89.7619 127.013 79.3667 62.017 119.544 0.00712919 55.1048
-67.0978 0.499447 12.0023 12.3745 5.76517 5.50637 6.36858 24.909 31.0022 47.3863 12.8387 5.44543 43.0741 81.7739 68.7556 42.7895 45.7031 78.0349 19.8117 12.7491 31.1444 9.17298 75.369 5.38651 77.8381 149.888 88.4332 87.7848 50.74 0.00476929 53.7313
-67.0352 0.385523 8.13886 11.9165 6.95368 5.50637 11.3788 22.6845 33.0503 47.3863 12.8387 0.986079 43.0741 86.6268 68.7556 50.9495 39.1086 76.3248 16.6015 12.7491 36.2452 9.17298 63.8653 37.2322 31.4066 172.364 102.144 131.614 38.5052 0.00523266 58.5424
-67.0252 1.96489 6.82083 14.7513 6.83165 7.72097 2.90338 22.6845 29.8538 52.909 37.3206 2.47617 40.7023 79.0467 68.7556 6.21378 39.1086 80.5189 20.1632 12.7491 50.1302 10.6593 61.513 35.7236 59.9392 205.865 32.4999 69.7044 59.6496 0.00533274 57.4603
-66.8053 0.74863 2.1397 20.7097 4.22267 5.69007 2.90338 22.5546 29.8538 52.909 35.1885 0.872101 23.3573 92.9914 85.216 10.2336 32.1314 80.2183 15.6498 10.8334 51.742 8.8657 59.2802 41.3015 47.0299 169.105 47.8268 7.81447 44.2637 0.0053611 53.7583
-66.8053 1.09512 1.61574 20.7097 5.72006 8.06321 2.90338 22.5546 29.8538 52.909 35.1885 0.872101 25.4235 92.9914 92.5506 10.2336 34.2471 80.2183 11.7345 8.5621 36.6733 9.88477 59.2802 58.2426 33.0771 175.586 62.8208 19.2969 75.826 0.00538316 53.8731
-67.0856 0.430051 8.41089 18.6595 5.84135 5.45334 2.90338 39.5942 33.2116 55.4774 35.1885 4.76128 12.5162 92.9914 92.5506 8.38804 28.5599 93.9992 29.3075 26.9819 16.8193 2.51403 46.4162 40.0789 48.6582 164.597 40.6903 90.8991 75.5068 0.00540865 52.515
-68.3432 0.660499 28.9374 18.6624 2.42434 8.85782 9.99325 8.23497 43.9849 35.0809 12.1089 23.2955 8.76606 126.65 22.4094 17.2231 53.0944 74.4497 30.3186 36.9456 13.1824 7.47914 66.6923 36.3493 89.8824 142.316 57.8108 148.543 143.37 0.00538553 60.1496
-66.6415 0.525533 17.8967 16.6164 22.4622 3.04859 7.25351 29.6062 36.1313 34.2986 12.1089 33.6376 3.30305 128.198 19.8775 15.9527 48.9059 68.2612 26.0368 30.8849 42.0167 12.8888 46.8598 29.3003 85.5043 150.062 43.3939 14.2009 35.582 0.0053476 52.2718
-67.0174 0.418108 3.55762 19.3614 23.0891 5.91904 7.53173 31.5722 49.3785 34.9168 18.1038 12.8686 14.5897 112.088 19.3026 22.6094 21.9777 78.0843 40.2587 29.5091 39.2197 13.5158 43.1349 24.8825 94.6324 128.156 90.6253 14.2009 27.5142 0.00554933 49.1511
-66.4284 0.579326 3.55762 23.2058 23.0891 7.89884 8.70935 31.8857 23.8301 36.4094 8.91455 24.1155 9.77152 104.37 38.7166 75.4094 26.2156 83.0078 35.9075 14.1497 4.37169 10.4993 38.56 48.6142 96.856 92.0095 109.326 69.7271 8.09607 0.0043109 50.3797
-66.497 0.579702 3.55762 17.2869 25.4595 7.89884 9.88934 31.8857 29.9281 41.9091 14.3451 24.1155 5.04752 104.37 47.1722 76.7088 23.9421 74.1422 25.0347 8.62909 10.2505 23.5692 22.244 56.8246 77.9634 127.568 109.326 96.5115 32.4806 0.000601665 49.6107
-66.4705 0.668474 3.91766 11.4274 16.5461 7.89884 19.0996 35.2828 33.1883 40.7696 8.79952 12.9916 10.6698 108.115 47.1722 72.1968 31.3299 78.7249 25.0347 3.45495 10.3735 23.7246 10.9275 71.6967 94.1335 106.175 88.8941 302.673 21.9474 0.000601665 55.2541
-68.0349 0.75128 3.91766 9.22966 16.5461 7.89884 21.3073 35.2828 32.6509 38.3003 8.79952 12.9916 10.6746 108.115 49.248 69.2647 31.5307 78.7249 24.1594 3.45495 12.5458 23.7246 10.229 51.3927 88.0139 92.8474 213.855 131.324 16.9107 0.03089 56.0678
-68.2738 0.978571 3.94934 8.74099 2.10901 6.08732 18.1041 59.1607 54.1283 34.2012 8.79952 15.7461 4.12566 108.115 49.248 69.4872 14.9734 78.7249 1.99632 13.4722 7.50379 25.3366 44.2197 37.5115 84.1258 88.4262 204.767 92.7504 19.1848 0.0151498 57.0881
-67.6629 0.787898 2.72517 9.69576 19.1037 9.38325 2.00636 44.1709 59.9646 29.7845 1.80766 13.8854 5.30379 94.5984 61.3799 69.4739 18.3868 107.861 15.4854 14.0319 14.5346 36.3313 17.3866 16.1137 74.4127 101.335 141.391 86.0618 26.5627 0.077836 57.7697
-66.8549 0.967876 8.24776 15.2102 26.2571 14.2437 7.51386 49.8061 45.8282 30.1906 1.80766 17.5835 4.32158 133.163 19.7904 69.5235 22.072 67.0687 13.4485 16.8247 16.709 39.269 29.3206 16.7409 74.0979 128.563 119.85 65.3697 16.6389 0.0103344 57.9105
-66.7444 0.432006 8.23244 13.2863 26.2571 4.03779 8.95867 31.5693 38.4047 40.5677 43.7699 5.70628 2.28467 133.163 19.7904 70.9346 22.2146 39.1218 17.9662 4.43125 14.4396 61.6296 25.5039 29.3606 86.9988 123.597 149.892 57.9382 1.77573 0.00596304 53.8632
-66.7444 0.78685 6.5784 16.1717 24.6298 3.82403 8.95867 25.9944 46.191 36.4784 31.2191 1.85948 18.591 132.565 24.4628 56.4501 11.609 26.2303 24.8405 4.43125 22.1971 64.6073 26.4382 57.5555 86.9988 169.074 65.6174 53.775 9.77415 0.00956477 54.6093
-66.6512 0.762978 9.39507 13.6536 24.2447 3.25542 15.1984 31.0105 25.5574 47.1031 26.7376 7.47107 16.6983 120.827 24.4628 67.3963 0.85142 32.0541 43.2196 29.4663 6.15751 64.6236 26.4891 40.5336 82.9357 163.117 31.5971 34.6225 44.9021 0.00433258 52.3639
-67.1609 0.565036 14.4128 13.001 17.3328 11.9858 1.655 19.5707 27.6956 48.8743 3.61271 9.40388 13.1834 130.45 21.4313 47.2947 77.8075 51.3752 59.4479 20.7764 1.4944 60.3275 20.4661 14.5724 65.4792 148.643 70.59 35.607 20.3438 0.00015491 52.234
-65.9602 0.417676 15.3664 11.3103 22.2067 16.5442 0.367275 19.7489 27.6956 51.4138 3.61271 12.9737 25.3282 130.439 21.4313 32.6475 100.035 51.3752 22.1247 13.9742 4.97105 61.2764 24.4636 10.8894 74.5477 178.699 23.4004 40.9628 29.9286 0.00015491 49.9057
-66.4488 0.422185 16.6541 7.23865 20.1871 13.9195 0.618247 19.7489 27.6956 51.4138 4.99602 12.9737 28.3883 134.916 21.4313 41.9011 84.128 53.7722 22.1767 2.80889 5.25831 68.0511 28.6629 21.7053 59.2633 178.699 23.4004 74.1067 24.9149 0.000244369 49.9387
-67.064 0.712638 16.6541 11.7846 20.1871 13.6962 0.618247 12.252 27.6956 51.4138 4.99602 13.7019 29.4318 134.916 30.766 44.3855 85.6532 46.0469 23.3471 6.16067 5.25831 50.7085 24.408 8.67617 70.013 178.699 46.6376 55.1654 24.9149 0.00077536 49.5401
-67.064 1.02703 16.6541 10.2882 21.1468 13.6962 0.618247 12.252 27.6956 51.4138 4.99602 13.7019 29.4318 134.916 26.6474 44.3855 85.6532 46.0469 23.3471 9.72673 5.25831 70.3142 24.408 9.15588 70.013 197.61 46.6376 55.1654 24.9149 0.000816724 49.2668
-67.064 0.852837 10.8666 10.2722 21.0488 13.6962 1.50928 11.2188 27.6956 61.5461 4.99602 11.4857 29.4318 144.457 26.0579 59.2924 79.6971 30.776 18.0337 7.9077 1.67678 61.6906 31.2076 29.1737 46.1618 197.61 29.313 63.011 41.9897 0.00126421 50.6308
-66.9387 0.741457 9.44119 3.76237 26.1609 13.6962 6.49116 8.43738 27.6956 61.5461 5.06786 9.91872 28.3874 144.457 26.0579 59.2924 79.6971 30.776 17.1202 7.9077 1.67678 61.6906 31.2076 47.074 38.4447 191.696 29.313 74.4891 25.7237 0.00152694 52.2699
-66.9577 1.05673 8.39964 3.08952 26.1609 15.977 6.49116 12.189 32.7437 61.5461 5.06786 9.64871 28.3874 144.457 26.0579 59.2924 79.6971 25.6516 17.1202 7.9077 0.944873 57.1029 31.2076 37.6865 38.4447 157.637 49.0332 74.4891 36.1576 0.000618673 51.2406
-66.7533 0.221791 7.48406 2.88617 31.4716 14.416 1.58544 18.1488 31.4492 63.116 14.0626 3.50226 16.7341 153.675 26.0579 59.2924 62.6491 20.6593 37.2002 0.908211 1.66369 48.5602 23.0224 40.1509 59.6209 207.875 7.99496 45.0247 35.446 0.00376922 51.6338
-65.9464 0.460447 7.48406 2.112 23.1795 13.6708 1.0431 12.5935 27.6855 70.5578 14.0626 13.524 14.039 132.215 18.7037 9.18647 92.9101 36.2434 37.949 11.0196 9.71595 48.5602 24.2888 48.3731 62.0589 207.093 7.99496 60.4821 29.2321 0.00204549 54.3134
-68.2931 0.521151 1.88123 16.6665 23.8362 14.1265 8.59039 16.1233 39.9029 78.1134 6.1356 8.78346 7.87259 123.608 24.5315 16.1556 118.549 40.8258 11.2017 45.0473 2.53045 32.7114 13.6487 39.5778 60.1431 148.41 69.9127 21.6778 48.9825 0.000029009 52.7325
-67.3562 0.567217 2.84999 10.5741 23.8362 18.7158 10.1039 18.8582 26.1599 79.2073 5.72458 9.41415 4.5978 107.718 12.4142 23.3422 111.479 50.0637 14.4104 36.3254 5.18404 53.1227 24.0766 44.8531 72.194 127.857 62.2437 20.5168 106.715 0.000966081 53.1054
-67.4376 0.200348 6.6582 7.04753 24.2972 16.4257 4.23225 13.5642 24.2962 81.1664 10.3437 8.98172 5.14737 107.718 12.4142 29.2525 111.479 44.0326 21.0804 42.4386 1.59077 16.2479 21.5479 59.2707 76.366 160.438 118.158 19.4173 43.1178 0.000335002 53.2781
-66.9974 0.166514 10.6814 10.4956 24.1302 14.1675 7.83154 14.1687 18.5547 79.0779 8.65299 13.6672 1.71298 134.631 12.4142 30.0097 123.065 55.7144 27.2085 41.6222 13.9306 3.30059 11.5151 33.7986 93.6318 77.227 100.561 13.3797 44.1844 0.00199764 55.6943
-67.3746 0.393073 11.7924 9.98445 16.3924 21.5554 0.793232 13.0975 8.10281 79.0779 9.51801 19.5456 9.93125 119.487 15.6548 25.3899 123.065 56.5883 22.1309 60.13 6.78308 2.02799 12.0931 31.207 87.1164 135.561 69.8062 13.3004 78.6696 0.00376651 50.4724
-67.3746 0.455161 12.0826 16.6891 10.191 14.2617 8.51056 3.077 20.8802 49.1836 15.5026 48.4841 9.93125 121.073 15.6548 22.8453 123.065 56.5883 19.2448 60.13 7.79755 1.60946 19.6556 36.2558 87.1185 135.561 66.8802 15.7765 81.8102 0.00271135 52.3552
-67.3746 0.347335 16.7625 14.8619 11.3104 8.86641 9.99037 23.0528 18.0629 31.2531 21.4897 44.5519 9.54234 99.2536 54.6592 22.6754 50.4094 83.4778 19.2448 77.6569 7.18062 1.60946 12.2458 36.2558 88.9965 110.299 91.5196 20.7996 69.5575 0.00538374 51.0642
-66.6156 0.183077 14.4786 10.1335 11.7964 15.0006 9.99037 22.6406 18.0629 56.9493 21.6235 30.1054 6.73422 96.7328 56.2464 16.6867 63.9636 83.4778 23.8302 70.9961 5.84249 2.92411 11.614 53.8764 80.4572 122.113 81.2714 24.1347 48.7785 0.00222008 52.6789
-66.6648 0.249967 15.3756 10.3926 21.833 10.4702 1.30363 26.4433 6.55119 62.1212 37.5999 19.9231 11.4238 98.7506 56.9368 9.31273 44.2613 43.3721 13.3106 81.5417 7.82304 30.8224 18.4553 56.324 78.6281 85.2671 91.6826 3.10864 50.6601 0.00445638 54.8115
-67.2104 0.0750962 15.6118 9.851 11.9161 14.7067 6.21196 23.2748 6.55119 49.4995 39.1123 14.5425 14.2125 88.3109 47.0135 11.9303 59.308 66.5063 13.3106 76.3874 8.70699 15.9115 61.6412 37.0777 55.6305 115.106 111.404 66.8269 29.659 0.00121317 53.1235
-68.2672 1.19671 15.6118 8.83514 18.7918 14.7535 6.21196 32.2333 12.102 47.4194 31.0947 18.6902 10.2171 91.9612 53.0516 31.7353 58.1085 66.8852 3.9625 74.5387 2.03983 18.3545 28.9218 62.7746 38.1336 115.018 126.353 94.1387 108.461 0.0314668 57.6831
-68.4891 1.0154 15.6118 5.48189 23.1136 14.2943 8.18632 32.6885 12.102 38.1978 41.7088 14.2423 6.76643 88.5184 49.2742 31.7353 73.0523 67.9018 35.397 74.5387 1.73984 15.8768 9.13352 36.0602 58.3957 118.853 94.8152 70.8985 25.7225 0.0338955 55.8541
-68.2786 0.898869 15.6118 7.68352 14.7962 11.076 16.2273 31.5483 17.0453 41.0496 14.1807 9.84629 38.293 97.9011 39.6167 36.354 69.2011 62.1193 36.1463 74.5387 5.52712 30.0759 2.66419 11.6213 72.0904 111.223 101.741 13.1637 175.316 0.0348974 56.0766
-68.9203 1.61013 12.7304 13.6808 2.06051 14.1819 20.6253 20.3617 33.5577 31.8486 13.3803 11.048 46.8773 116.673 47.2908 32.7469 90.2091 24.5256 23.2089 51.5854 7.69953 17.6157 15.5614 11.9907 63.3609 86.2252 91.0466 7.85879 38.9092 0.0300726 61.3632
-67.9841 1.20793 9.22766 18.0733 2.06051 7.04721 12.6482 20.3617 15.7817 21.885 19.765 28.4971 55.4895 91.3639 22.6354 14.4082 76.7221 67.8294 36.4075 75.8504 21.3425 17.6157 26.0017 14.6331 57.5183 97.865 126.169 7.85879 23.9612 0.0327241 60.2691
-67.2937 1.19856 5.82704 18.9484 4.08929 7.04721 24.7093 32.3066 19 21.4453 20.3026 34.6384 33.1394 106.465 19.1626 11.7517 62.1171 60.6838 35.9899 27.1374 29.8293 19.4483 32.1107 14.9076 127.62 60.2325 145.806 16.2998 8.23887 0.00590315 52.3619
-67.6867 1.37167 5.32334 19.1595 4.08929 7.07683 24.7093 6.70832 22.1456 21.8756 7.18215 39.903 43.5204 90.285 35.9976 42.4717 62.1171 109.491 15.1857 37.7752 16.5543 23.5002 7.83563 13.1139 109.248 115.523 64.3199 75.9695 6.58459 0.00876165 50.4319
-67.9969 0.798898 1.87654 19.1595 4.08929 8.17597 24.7093 6.70832 22.1456 21.8756 7.18215 39.903 43.5204 90.285 65.6911 47.8394 50.7425 109.491 15.1857 31.5812 16.5543 23.4311 7.83563 13.1139 98.7796 100.583 97.0802 27.6948 13.8945 0.00876165 55.0244
-67.5837 1.59718 10.6994 16.0229 14.379 2.496 17.7517 15.9145 22.2876 9.52288 13.6421 29.6533 32.6773 101.483 56.2541 49.8587 53.0122 109.491 7.97422 31.3909 18.7953 23.1566 10.686 14.6189 92.1262 100.583 150.282 23.1681 6.96393 0.0173588 53.8141
-68.8129 1.59718 12.9934 20.199 13.4796 1.31876 17.7517 14.9929 22.2876 21.8774 9.11359 31.5844 32.6773 101.483 56.2541 36.8523 53.0122 109.491 6.54086 32.9427 23.8578 23.0129 7.26144 18.1659 92.1262 102.833 167.918 23.1681 36.1454 0.0067663 53.0736
-68.8129 1.40504 12.9934 20.199 13.4796 1.31876 16.5446 14.9929 22.6503 17.2002 20.924 21.0596 39.3285 101.483 56.2541 32.9374 53.0122 109.491 6.54086 32.9427 19.2253 18.8979 15.2804 22.4845 99.1923 59.6068 167.918 4.39012 53.641 0.0257675 52.4063
-68.8129 1.64618 12.9934 20.199 15.2841 1.31876 10.8174 6.67128 9.92351 3.91892 37.8037 21.0596 58.1351 111.979 48.6565 32.4401 45.482 108.83 15.5306 32.5985 24.2017 8.22481 15.9417 36.2349 95.0483 64.1289 185.933 1.51298 104.605 0.0294628 57.7688
-68.2977 0.562198 12.9934 23.0765 17.434 3.48354 11.1081 25.9955 15.572 3.07526 49.5072 22.1443 20.8358 105.039 17.1659 32.4401 54.809 112.599 16.5303 32.5529 27.9996 11.1439 20.7054 21.7923 92.2455 26.3656 236.339 66.6782 135.065 0.00671272 58.7712
-68.7213 0.562198 17.8344 13.9991 16.0185 1.54405 13.467 32.8598 21.9987 16.1612 48.1878 23.7903 1.87391 108.185 17.1659 26.928 60.8257 123.463 24.8428 32.6164 15.8904 16.4575 32.2185 21.7923 84.7751 33.1596 193.571 16.6763 84.826 0.00586963 53.895
-67.9603 1.19669 15.9681 10.3137 23.8276 7.03092 7.33353 41.4355 38.8279 13.7817 53.8436 26.7424 2.70496 104.63 17.1659 32.048 66.083 66.4167 37.5706 32.3188 18.6739 17.2769 27.5011 24.1992 84.7751 26.6051 213.432 73.2256 17.2299 0.00705786 54.4055
-67.2794 1.63475 5.72066 2.77714 17.189 11.2674 25.0605 41.4355 32.8801 13.4668 7.5079 25.5467 13.6675 116.682 17.1659 22.8529 66.083 49.0865 71.2104 31.0525 3.08677 18.1459 45.2365 23.7985 110.458 34.4935 250.686 45.6124 29.0115 0.00705786 56.3577
-69.4351 1.42649 2.71919 5.00267 21.307 6.4931 23.6515 41.4355 34.1212 13.4668 7.5079 40.6315 9.06198 118.988 17.1659 37.5479 57.1084 31.5136 98.5384 30.7857 3.08677 11.4858 44.5789 22.9978 89.934 47.1055 212.285 32.1854 12.528 0.000473403 53.8889
-68.6432 2.35006 2.71919 0.885718 21.7723 6.4931 24.8917 31.3743 41.8679 44.8373 7.5079 13.5683 19.76 117.469 17.1659 40.7859 51.3432 44.3141 81.8425 22.8451 3.08677 9.32646 28.4905 36.0499 110.773 87.2641 61.1054 21.097 5.78743 0.00784819 57.3636
-68.1878 0.730101 2.71919 0.885718 18.474 6.4931 12.6768 27.0679 43.778 43.318 7.5079 17.385 21.2764 117.94 17.1659 59.009 49.6586 44.3141 81.8425 13.4169 0.949261 7.68874 28.4905 27.9243 110.773 125.476 61.1054 3.74787 5.78743 0.00638411 52.7156
-67.9454 0.552591 10.923 4.42909 11.5976 4.47044 8.54098 41.2933 44.6183 49.0115 15.6686 6.903 18.2276 117.94 11.3663 57.0983 46.7591 29.7582 84.9562 1.86689 11.5385 7.07672 36.4113 27.9243 100.429 104.166 150.203 29.6636 31.6096 0.0038031 52.361
-67.7198 0.525494 9.18726 2.21922 11.5976 7.9799 10.4445 41.2933 41.5942 49.0115 16.9092 11.7497 18.4496 115.509 11.3663 59.1489 46.7591 30.3162 85.6788 2.7306 9.56749 4.43801 30.6749 27.9243 100.429 93.7375 224.415 91.7953 45.7189 0.00460882 53.5577
-66.8644 0.525494 22.3578 3.82349 26.877 7.92092 5.56699 32.556 4.75895 41.8508 57.0938 13.5819 0.736213 115.509 11.3663 59.966 47.722 24.6332 85.5691 7.07474 16.5156 4.43801 38.6861 27.9243 71.4725 116.87 101.89 52.2782 32.5677 0.00394174 57.4331
-68.1629 0.220454 20.7363 3.69534 11.0961 8.81701 4.14272 27.0579 12.4405 46.787 51.9064 14.4148 0.736213 119.785 11.3663 62.4632 93.46 35.6135 47.7558 38.592 10.6438 4.43801 21.0685 39.9529 74.336 118.85 122.558 35.6807 68.4007 0.00331893 55.8664
-67.0721 0.598349 10.4089 3.75403 11.0961 11.6014 4.14272 28.1043 18.2555 29.6623 51.7565 10.3554 19.3161 99.7253 17.4091 66.8275 62.2742 35.1935 54.9771 22.4708 11.1071 4.43801 19.7413 91.2514 75.0195 136.806 95.9827 26.8713 58.6226 0.0161551 53.8987
-67.9038 0.291339 24.3725 4.3182 0.126021 11.0872 22.7769 29.8175 22.1675 33.0989 37.036 8.27734 6.22294 93.0388 17.4091 78.9893 42.1851 36.8554 75.1854 20.5422 10.9089 3.74656 24.3094 95.619 80.2611 121.863 55.9692 15.8821 55.375 0.0216482 55.9703
-67.9259 0.302903 25.3771 2.5346 0.7516 12.7328 20.8043 52.1221 15.4006 31.5602 37.036 4.43656 6.22294 94.0014 26.752 63.8646 30.401 36.8554 82.026 27.7551 11.2262 3.74656 23.6009 95.619 35.7941 165.02 42.2761 49.9841 93.4509 0.0345413 56.946
-67.0941 0.784977 0.75081 1.43576 0.779774 13.2027 18.5934 52.1221 6.11722 30.0284 46.994 30.4804 2.35261 74.418 30.7248 122.554 5.40702 45.5479 87.397 30.9711 11.1584 11.3574 23.6009 71.3124 29.326 186.942 27.7076 36.3088 110.87 0.0175071 56.1688
-66.1986 0.745826 0.209578 1.9831 6.14243 13.3044 21.2634 60.2129 8.696 15.0722 39.4855 30.4804 2.35261 86.9384 36.0684 104.828 8.70505 51.9729 80.6304 30.9711 9.24363 12.0488 16.2782 63.8491 31.7231 213.708 8.67659 30.3044 208.479 0.00137025 57.1949
-66.1914 0.830153 1.64031 1.9831 4.48831 13.6597 21.2634 62.0953 8.696 15.0722 39.4855 22.0527 18.562 86.9384 34.4241 104.828 0.84884 51.9729 78.439 22.9561 9.10144 9.03589 22.6832 80.461 31.7231 213.708 8.67659 20.3476 208.479 0.00137025 56.8365
-67.2448 0.769484 1.07236 1.9831 3.22368 11.7719 17.3192 62.0953 8.88775 15.0722 38.2937 32.3192 3.45456 86.9384 44.5455 104.828 5.71855 51.9729 78.439 30.406 3.26087 10.478 20.8862 55.291 38.8193 213.708 8.67659 11.6781 208.479 0.00137025 58.7568
-65.9154 0.859562 4.68825 3.47039 2.68975 6.85662 15.1523 72.9325 18.2497 15.0722 20.1311 56.1188 3.45456 50.5817 23.9068 85.514 9.56171 50.7113 83.4504 47.2703 9.5127 28.4957 20.8862 55.291 66.8108 177.508 26.0218 34.7831 162.795 0.0081401 56.9702
-66.0407 0.758096 1.09708 3.34474 3.61397 6.39358 10.0489 74.9802 3.12234 15.0722 57.9797 29.2669 3.11097 21.0316 51.4145 100.655 9.56171 50.7113 90.288 24.9139 11.2215 35.3723 7.57697 59.7 72.3719 172.798 72.6705 68.1981 162.795 0.00577386 59.4827
-67.8272 1.58781 1.09708 3.18928 3.61397 6.39358 14.4312 74.9802 7.60557 22.9643 35.059 23.4997 12.7937 30.3661 51.4145 104.959 3.53423 54.3452 90.288 31.3315 13.4078 30.4244 5.40462 66.3734 65.6031 179.757 1.75771 78.818 115.125 0.00660793 57.3365
-67.9182 1.58781 1.09708 0.659485 3.61397 12.4961 13.3566 74.9802 5.64072 22.9643 39.3101 17.6104 8.26121 30.3661 49.2076 104.959 0.67776 52.169 90.288 41.2547 26.7884 34.042 7.01314 47.2808 53.5536 217.601 1.75771 123.972 88.966 0.00626272 58.444
-67.5095 0.543751 1.30221 0.659485 9.36018 8.38655 14.2893 74.9802 5.64072 20.7507 32.5524 28.305 8.26121 30.3661 49.2076 102.34 0.67776 54.8292 90.288 41.2547 26.7884 44.3643 7.01314 36.8279 47.2549 217.601 1.75771 153.412 99.0366 0.00648021 59.4353
-67.4413 1.06966 8.07003 3.64164 6.41313 9.57876 3.84392 79.4593 5.64072 14.1493 28.7477 17.5286 21.096 51.7799 49.6213 80.8266 14.969 57.3243 90.288 40.0958 20.0538 26.2733 7.01314 34.1375 114.932 155.128 35.5957 101.349 75.9151 0.00783694 56.9997
-66.6562 0.324231 14.5542 2.26247 5.02124 6.45966 10.7585 89.9143 7.2974 20.922 10.4988 19.2389 16.6814 51.7799 6.0066 106.915 18.7107 52.1191 87.8388 35.0653 2.50681 40.7843 18.2458 10.8946 120.675 197.766 29.55 84.8962 19.1286 0.00402088 54.6411
-67.3785 0.34197 13.1774 2.94687 6.55944 6.65136 8.86163 92.3449 13.3715 30.6348 17.7241 11.7354 16.6814 63.4571 40.0979 82.6229 36.3517 46.5076 87.8388 33.4407 3.24856 34.2162 13.7873 0.740078 88.0084 163.046 7.24705 89.3717 14.7808 0.00152988 53.6021
-67.2377 0.34197 2.11133 2.56721 9.53642 9.06632 16.957 67.3098 17.3107 12.4223 17.7241 13.6932 45.4317 63.4571 32.0531 82.6229 23.9362 61.4196 87.8388 23.8548 3.24856 12.436 13.7873 24.7296 162.415 169.03 7.24705 47.7704 15.8406 0.00125139 56.423
-67.2377 0.0317999 3.64095 1.68331 9.53642 8.1945 16.957 56.6078 17.3107 12.4223 31.5219 5.58131 45.0702 63.4571 32.0531 82.6229 58.3369 55.5466 65.1095 23.8548 24.1198 17.9619 13.7873 27.334 95.1709 163.132 7.24705 81.6844 20.1959 0.00223489 50.784
-67.0185 0.974106 2.10809 2.8473 15.4737 7.07603 37.828 56.6078 21.1662 2.9124 39.5248 13.2225 21.5082 63.4571 32.0531 56.6439 58.3369 55.5466 36.599 39.5448 33.6857 28.2956 27.2691 15.2918 93.3362 147.238 64.0627 89.5563 25.8862 0.00896503 51.0296
-67.0795 0.158619 2.10809 2.8473 7.36679 13.0603 37.828 56.6078 25.7644 2.9124 41.8053 13.2225 17.7902 60.0733 32.0531 56.6439 49.6443 55.5466 45.8831 10.894 32.0803 32.8078 48.1113 15.2918 93.3362 142.361 57.7446 64.857 60.9028 0.0373265 53.4955
-67.0822 0.0735099 3.30534 5.34558 2.70843 18.3873 37.828 47.3764 25.7644 2.9124 49.6307 12.0385 15.3044 69.3018 20.6826 56.6439 57.0271 69.1819 45.8831 21.1266 37.8497 32.8078 22.0451 15.4515 74.8481 135.271 87.8007 31.7643 68.0988 0.0190497 52.8271
-67.135 0.10718 14.1627 6.19704 2.67181 18.3873 17.4638 16.7813 49.9498 9.97746 43.0755 18.5605 15.6637 53.3531 24.2459 27.8896 45.6577 94.6504 74.8658 24.6416 35.303 41.3631 25.1006 33.971 69.8173 139.51 63.354 110.831 57.4743 0.0119866 53.7548
-67.1451 0.696788 17.0834 7.34674 6.80212 22.6565 12.4038 10.6523 49.9498 12.3262 47.1464 12.9107 4.72937 53.3531 32.7306 27.1069 52.6799 98.0613 59.7852 54.6435 25.8581 10.7201 52.4396 33.971 43.8711 151.777 50.1667 95.6774 53.9314 0.002601 54.4136
-67.0896 0.0372757 10.9206 9.11679 10.1506 19.9651 10.4411 8.18392 49.1859 6.09816 43.0057 43.6002 8.31534 53.3531 24.0055 31.8676 40.0225 98.0613 29.0219 50.8597 31.581 19.3822 70.8764 34.5394 43.8711 172.3 47.5072 95.6774 12.5983 0.0057044 55.4183
-68.0963 0.621499 13.4636 7.7686 8.79239 16.623 11.788 26.0657 27.5171 8.87296 22.2602 51.0121 5.07077 73.5464 24.0055 69.2757 30.5188 106.376 22.8863 26.5385 46.353 11.177 61.3659 1.99539 113.624 113.479 30.9316 61.8076 17.8166 0.0053135 55.2315
-68.0077 0.655073 2.40549 14.9302 8.15812 24.9472 11.9597 13.6712 18.0196 12.8194 16.7254 78.1908 5.07077 14.4338 24.0055 69.2757 28.6123 129.496 50.2409 19.5021 52.4352 15.8988 58.3785 1.99539 79.9722 154.331 78.7009 79.6831 79.7773 0.00853964 55.1533
-67.5388 0.489101 0.6344 23.6068 7.33344 17.9623 11.9597 12.4784 11.201 17.5413 16.7254 78.1908 2.24865 15.2193 30.6155 54.5294 51.6819 104.603 63.7891 11.5969 55.4596 30.7412 59.9279 1.99539 86.3555 135.752 80.2788 44.5365 38.7766 0.0058347 53.9522
-67.0933 0.351062 1.6906 19.2301 8.44505 17.9623 11.9597 14.7518 11.201 32.8531 10.2459 78.1908 2.24865 15.2193 30.6155 54.5294 50.1559 104.603 63.7891 8.61048 63.5893 16.7725 55.747 1.99539 78.9877 155.364 95.1162 30.1334 34.5494 0.00581521 52.8619
-66.4845 0.290072 8.84705 5.01759 10.4992 22.0669 12.8848 11.358 6.80823 23.0528 10.2459 78.1908 20.4046 21.6197 2.57292 32.2564 52.5295 88.6705 92.7832 15.7112 52.1674 18.8544 73.0571 3.06917 76.1816 176.926 95.1162 23.6621 22.4353 0.004529 54.6314
-67.8584 0.367669 8.73293 22.2962 5.45238 16.9179 10.5128 20.9443 6.80823 25.0712 12.7462 78.9044 9.6822 43.6344 2.57292 41.3181 87.9181 67.2689 71.2415 13.8889 32.9632 18.8544 56.1033 7.31481 74.3158 163.001 70.4193 52.6609 11.7323 0.00165534 51.6982
-67.703 0.555123 11.6931 12.413 1.78743 16.9179 8.57121 26.5658 16.2653 22.2542 13.5864 86.7615 6.94818 43.6344 2.57292 12.171 84.1608 67.2689 71.2415 20.2355 40.7201 31.7126 48.0523 6.64441 85.924 185.304 55.7743 29.9056 27.5346 0.000264905 54.5173
-67.0531 0.891194 14.7391 13.4765 5.67188 18.0502 7.59602 26.0712 4.42983 20.7896 13.5864 86.7615 6.94818 52.9064 35.1158 9.81021 94.519 60.3423 25.1502 34.6978 41.5836 32.9747 48.0523 13.7664 99.2243 156.932 14.534 45.6248 18.6078 0.000544192 52.7599
-66.9023 0.905401 18.0939 13.4765 2.57469 19.9278 7.3098 26.0712 24.1945 26.0045 13.5864 62.0313 5.46793 26.2775 61.0192 6.34217 96.5236 60.1439 32.1376 34.6978 30.7138 13.3032 64.8371 10.271 79.3106 174.822 43.153 59.7666 15.5925 0.00210233 52.0014
-67.4427 1.14248 21.2451 12.5879 12.779 6.08466 7.3098 31.8283 14.8102 22.4829 19.0997 58.1866 3.93721 20.3532 72.2788 8.34214 96.5236 82.4128 47.7644 32.4711 31.509 13.3032 46.5098 7.45189 74.5918 179.893 54.3296 39.0639 23.1328 0.000441222 51.4888
-67.8007 1.14216 16.6468 12.1089 0.783615 19.0704 8.08889 26.2102 14.8102 19.8087 25.253 56.0458 6.36917 8.48939 69.3972 11.1739 96.5236 86.6539 47.4055 36.9446 23.9118 36.8858 46.5098 8.15366 75.5541 178.844 32.6269 3.66421 3.89185 0.00733508 52.0262
-69.5998 1.13612 10.3397 12.1089 0.891371 31.4145 11.5424 38.3567 16.165 17.7438 21.4213 56.0458 5.53007 8.48939 55.566 14.4261 96.5236 86.6539 47.6423 21.5587 21.5784 36.5863 56.875 29.4556 61.3278 179.913 7.20481 21.3428 12.3787 0.00382684 55.2123
-69.5998 1.11588 7.4556 9.27624 2.91752 31.4145 10.7685 30.8214 16.165 19.1102 21.4213 56.0458 14.0236 13.3976 58.414 8.60698 64.6968 86.6539 46.8181 10.3048 48.1078 29.149 52.9353 32.5264 87.9716 170.089 16.1007 3.7504 11.3861 0.00408559 54.8322
-68.1131 1.05036 6.57829 8.1428 2.94838 23.2367 22.6378 23.6747 25.6376 24.6312 14.4643 48.8578 24.488 46.062 47.5269 45.4156 61.3289 92.4787 54.5365 24.2978 11.6782 0.291479 45.4912 42.6168 43.8659 153.046 50.3848 6.46669 37.9597 0.00178422 52.3477
-67.2158 1.12508 9.33967 6.8349 1.86 18.4192 22.4479 26.4881 25.6376 9.06894 11.529 51.2133 17.527 46.062 59.3851 51.8563 58.9914 92.4787 56.7434 18.1941 37.3745 5.58561 22.0572 42.6168 75.1311 145.687 66.6361 31.4298 53.4552 0.00185952 48.2749
-67.59 1.08219 8.8702 6.8349 0.117157 29.4992 19.9477 20.0086 27.6545 7.3469 11.529 64.833 17.527 46.062 51.2624 36.5581 44.7033 106.493 60.653 19.0219 40.4891 8.00447 22.0572 43.6559 65.6336 180.746 47.7319 43.9974 23.5219 0.00397716 52.8207
-67.5 1.97909 8.8702 5.41683 2.86019 30.5382 16.4099 23.9534 22.3527 4.71681 3.79421 51.4338 29.1845 52.3935 47.333 32.7755 41.6332 105.644 44.4117 25.1212 44.8861 10.3191 16.2558 44.1537 68.1205 156.601 54.7334 15.0278 43.6264 0.0043906 54.3526
-67.6213 1.9435 8.8702 2.20816 2.86019 16.2706 22.1726 36.3808 23.0505 3.9582 21.4183 8.60081 54.7972 39.9385 50.1966 41.8163 43.7701 87.7183 24.1828 67.8601 30.989 19.0389 24.5433 50.0224 85.9415 119.484 60.0548 5.08438 37.7469 0.0017641 57.3294
-68.6233 1.90636 15.5172 5.2705 2.86019 18.3973 12.5107 35.3913 26.6969 34.5142 21.087 2.70169 48.5166 77.6122 47.2082 38.5573 35.8318 71.4358 10.1422 4.67491 52.2839 12.7951 48.7112 54.4392 75.9127 118.142 104.763 32.8772 32.436 0.0017641 55.7803
-68.3563 1.70222 15.7162 3.01602 1.22546 18.5714 12.4694 34.0705 10.5624 20.3517 28.935 32.3534 42.4713 55.0051 44.064 15.165 89.598 82.65 8.63029 20.9105 37.0307 15.3898 67.9024 56.1329 54.1237 113.413 91.5299 119.657 59.8916 0.0017641 58.2231
-68.5526 1.23801 16.7481 8.43241 5.46221 16.2951 12.5759 34.1486 6.24741 20.1956 45.946 26.2792 30.7686 55.0051 51.7208 16.3147 85.2784 95.6921 11.0414 14.4793 12.2819 10.2713 45.968 55.8355 86.4059 118.98 129.495 97.1946 27.5458 0.00265458 52.4075
-68.267 0.301031 16.4418 8.43241 0.397645 14.6614 23.3095 31.7739 3.13505 18.1475 41.7897 38.1004 2.01535 80.5597 31.8289 31.3171 107.68 40.0617 30.8212 10.1672 4.15077 22.1259 73.6717 55.8474 92.7825 91.075 121.763 89.0192 11.6679 0.00953667 57.4475
-67.5029 0.487852 12.5906 7.25381 15.627 15.3621 11.1968 42.1301 5.35792 18.1475 43.9172 42.0826 2.01535 91.105 98.007 54.0441 20.9209 26.3752 13.1069 5.13516 25.6444 19.9353 35.9157 55.7331 105.209 94.9708 70.1863 68.3282 10.319 0.00953667 54.1045
-66.8662 0.454741 22.65 7.85397 2.60786 18.7187 8.3249 31.012 8.28605 13.5169 48.481 34.5871 3.68865 61.8967 76.8131 61.644 37.1182 24.9174 55.2679 6.86172 48.8052 36.2411 10.8471 55.2043 100.283 121.129 51.4111 58.3799 37.7698 0.00953667 52.5569
-66.8711 0.459869 22.65 7.19589 2.60786 23.2799 9.22979 31.6272 8.28605 7.22102 49.1721 21.3503 19.7684 57.2615 103.217 58.5382 44.2649 24.9174 24.7793 6.16918 73.9457 36.2411 14.0383 58.3496 59.2218 129.564 57.9525 68.6586 57.3337 0.0191718 53.3649
-66.8872 0.0794467 20.139 7.42306 9.18263 23.2799 1.42793 36.5705 15.0942 7.22102 38.2321 31.2588 26.927 71.3278 74.4892 75.8583 44.2649 15.8358 24.7793 8.42544 52.0588 43.0118 5.06726 52.0449 63.7061 187.325 12.4105 96.9147 274.848 0.00509902 58.9368
-66.9272 0.816082 20.139 7.42132 8.68604 17.7441 3.52597 29.3691 22.1702 10.1293 51.4718 17.4553 34.9864 41.6388 61.8241 91.7799 50.1573 49.7859 24.7793 5.22087 32.7449 30.7571 11.8457 57.9205 58.8532 145.083 37.643 77.6974 174.692 0.0106406 57.4959
-67.4148 0.292935 17.3729 7.40434 15.5606 12.3874 25.1944 15.8031 34.4235 10.1293 54.739 38.9457 34.0313 33.8687 70.9274 80.7783 50.1573 13.3089 10.339 13.1537 38.7709 20.4484 9.75679 73.8762 56.4166 144.097 131.792 67.049 29.3695 0.00944926 61.4723
-67.2792 0.422096 5.27999 7.55728 14.9538 12.182 21.3494 19.5895 46.0697 8.36048 54.739 7.8593 25.1955 27.9163 67.2233 68.8031 50.1573 31.4068 37.3246 40.8431 35.3667 16.0066 35.3091 73.3621 56.5175 97.2166 137.883 73.0509 37.956 0.000868299 51.4334
-66.2569 0.0673627 6.92879 9.54524 10.8514 3.48513 27.3238 8.75895 44.8973 18.2077 32.058 2.08587 36.2184 47.5903 63.8583 78.1643 50.1573 6.56469 73.2952 34.4862 29.4071 16.0759 17.5543 78.7009 49.075 116.995 135.867 72.8449 39.7327 0.000868299 55.1211
-66.4333 0.606825 10.8419 28.4701 10.987 9.38437 3.06864 5.47584 36.5686 36.0065 35.9708 2.08587 34.5717 58.0072 23.9693 93.3596 63.3793 4.66697 86.8577 44.0983 32.6504 13.9695 19.0927 52.6993 59.7814 119.37 101.68 9.6048 36.6525 0.0037832 52.9278
-67.8687 1.47733 16.5591 34.4945 6.41033 4.60491 5.39524 8.65488 32.8894 32.4155 22.5177 24.974 33.5455 67.8042 22.4216 106.292 59.4068 4.72462 82.3961 47.9054 29.522 12.4167 13.0436 29.9707 71.993 76.3633 129.045 54.3231 44.5375 0.00179483 52.8254
-69.6701 2.63431 20.5296 30.7721 0.816778 4.60491 10.4045 8.65488 29.7877 32.9894 24.4108 23.7743 19.7304 117.396 13.6905 106.292 59.4068 9.15544 57.8666 37.7688 24.1106 11.8803 10.5949 29.9707 55.0826 100.44 142.885 34.8843 41.2917 0.00309518 57.5757
-65.7073 0.964562 20.5296 24.2225 1.27812 4.60491 11.332 2.69021 31.4573 31.9229 27.1446 26.2221 36.417 117.396 1.71276 106.292 59.4068 31.2895 12.7204 36.1495 23.3423 12.1396 6.98384 95.8558 39.5587 124.163 92.258 56.0313 56.5645 0.00416226 58.5282
-67.2848 1.18047 20.5296 23.8867 2.66806 7.71583 6.73665 5.08729 18.4802 29.1301 33.733 29.0592 36.417 103.65 4.95636 105.623 59.4068 47.7555 23.0171 36.9914 13.2167 12.7835 13.6827 74.2247 39.5587 87.3741 111.716 37.4482 26.3687 0.00584792 52.5296
-67.9944 1.52272 16.3851 23.8867 6.87357 7.71583 6.73665 5.08729 22.762 34.6595 20.6586 29.0592 34.0661 107.699 4.95636 67.9462 52.595 72.7809 24.8582 25.8412 28.9425 12.7835 13.0794 74.2247 39.5587 96.3892 171.77 28.6608 31.7009 0.0067935 52.344
-68.6509 1.25877 17.8616 20.4286 7.15864 5.00349 15.2699 14.7492 22.762 34.6595 20.4089 29.0592 34.4559 69.4841 42.7669 61.6788 52.595 52.2817 28.5683 21.6491 14.8918 22.0217 12.7542 88.2698 50.1209 109.586 93.1457 4.31823 15.2813 0.0132108 53.0073
-68.3028 0.617999 10.5552 8.9165 4.22308 21.6455 7.34214 2.46625 19.4381 31.1012 19.2796 32.785 42.9457 61.7549 18.6214 115.155 52.595 42.8826 20.9902 4.64041 45.3781 21.9584 23.9745 83.3283 65.3209 124.578 121.866 18.9245 15.2813 0.00830165 55.4481
-68.016 0.617999 9.3011 13.3228 3.29065 5.34918 36.4333 2.46625 11.9419 27.9832 34.8193 32.785 39.2986 65.9104 54.5569 115.155 39.7562 42.8826 8.94015 4.66013 3.59647 11.3668 43.7023 102.956 65.5972 105.317 108.142 78.8295 5.41426 0.0251557 59.3014
-68.006 0.617999 5.17922 6.21156 3.62059 14.2844 30.5379 17.6406 9.76116 27.9832 30.0672 35.0993 35.3536 68.5978 44.8438 122.149 39.7562 32.4354 44.1678 4.66013 8.93073 15.0043 2.99262 102.956 50.346 122.743 117.289 63.7321 10.9999 0.047355 54.0167
-67.9303 0.564323 7.89998 12.9479 3.5807 14.2494 23.9807 18.8007 10.1016 27.9832 30.0672 30.8024 38.9013 67.9697 35.209 122.149 28.593 35.2181 56.8402 14.6232 15.4617 8.85813 13.1009 102.956 48.4722 187.556 19.2144 186.038 17.7671 0.0419754 56.4954
-67.9593 0.973716 16.1655 6.14152 5.44214 13.9429 26.1152 21.9347 10.3241 40.6924 5.88118 30.8024 29.4271 65.9396 47.7135 99.9606 28.593 29.134 84.1606 7.1886 27.1413 18.2646 3.36382 102.956 12.7245 187.556 73.807 15.5827 17.7671 0.0427538 54.3028
-68.0803 1.11986 9.59314 6.14152 5.60092 13.8399 25.8774 19.6887 18.5266 40.6924 5.88118 30.8024 29.4271 65.9396 47.7135 99.9606 28.593 29.134 84.1606 7.1886 27.1413 21.2885 0.698768 102.956 17.424 159.533 73.3279 41.6872 49.8309 0.0427538 53.2242
-68.3217 2.24044 10.6564 6.14152 3.97671 7.77899 25.0332 36.3156 6.19105 49.0905 5.64809 30.8024 29.4271 46.2527 40.5176 76.8135 28.593 15.0731 73.9416 16.8557 50.1859 17.8944 12.4412 110.125 40.3186 154.037 100.446 41.0176 73.8712 0.0341017 62.4103
-67.9646 2.24044 6.3491 7.40889 7.30603 1.36094 37.1183 36.8542 3.98667 51.1726 12.77 12.2806 46.955 6.15828 56.1805 88.3751 34.722 14.9725 68.1591 20.2882 21.2089 30.7825 19.1565 122.99 39.085 168.293 96.9617 82.1938 16.3899 0.0035719 57.7982
-68.1758 1.59602 7.99369 7.40889 5.57113 6.94898 40.9282 33.0227 3.98667 48.0002 20.6499 5.71517 27.6817 1.13768 51.085 88.3751 41.4298 14.6496 87.883 44.837 2.61428 16.8353 28.3439 122.99 33.7997 129.512 125.356 138.639 6.41963 0.00136549 58.5035
-67.3343 0.381241 5.08148 3.52473 5.68271 11.5552 39.0168 31.2457 3.98667 49.0489 31.0969 5.71517 39.077 22.9959 45.0944 88.3751 41.4298 17.7938 87.883 41.4557 2.61428 5.10207 30.8289 107.184 18.3497 188.835 53.8201 104.731 16.6373 0.00136549 53.0239
-65.7104 0.396101 3.91999 5.20754 12.3184 12.8508 30.1734 30.4946 3.98667 32.8005 21.555 5.71517 46.2841 63.3891 52.1336 88.3751 9.62262 35.5144 69.1868 11.9427 2.78332 8.90812 34.2001 135.729 38.5366 176.72 47.871 122.689 2.74406 0.000719796 55.4183
-66.9455 1.09845 3.75631 6.49217 3.22877 11.7753 37.0123 31.1815 14.6518 35.1318 17.9795 5.71517 44.1189 34.1657 93.129 83.3708 43.0168 16.2727 84.7073 11.9427 9.85876 8.66415 29.8663 87.1013 34.5659 171.367 37.2599 116.759 19.5745 0.000804553 50.0054
-66.9455 1.30567 3.49373 7.51902 3.22877 12.7155 35.707 31.6526 11.5206 30.1897 8.47359 5.71517 52.2611 34.1657 74.9939 83.3708 68.9271 17.4894 82.8048 10.1157 17.9337 20.2263 24.407 79.5328 32.674 178.255 29.2838 13.7325 15.7835 0.000577455 48.7739
-66.2059 0.51346 7.956 5.36651 1.40001 13.2942 35.551 31.7365 13.2251 30.1897 13.1305 5.48278 55.9687 34.1657 72.9729 91.1137 69.6458 15.543 82.4132 25.2375 14.4261 19.6023 13.8358 60.4242 31.2273 165.362 10.7668 24.4064 17.9658 0.000577455 54.3986
-66.0564 0.418835 2.52875 7.44828 6.32163 10.0634 35.551 31.7246 4.61006 23.6377 30.4524 17.3327 50.366 27.7119 69.0649 98.0542 69.6458 1.16045 83.7719 34.6803 8.93608 30.6469 8.51887 58.6453 31.2679 179.496 23.1568 24.4245 9.4015 0.00227515 51.5403
-65.6386 0.362754 2.52875 7.41666 13.3633 10.3113 35.551 31.7081 23.8297 17.6143 17.8253 0.999634 45.6621 5.7254 79.7467 95.0322 56.0611 7.25836 84.3058 33.2141 8.93608 44.8586 6.61018 79.2306 46.5322 164.773 23.1568 15.9059 11.0063 0.00659478 55.134
-65.81 0.25995 2.52193 1.22191 11.4974 3.96399 23.4451 31.7711 49.7919 25.3646 24.3626 0.999634 50.6155 11.5015 89.0089 63.6488 68.479 9.9339 85.0964 18.3917 2.75156 41.3518 6.66487 56.5179 66.8479 151.871 29.9561 15.9059 13.2943 0.0087447 57.9327
-66.4193 0.16535 8.33861 9.72873 9.4552 10.4094 23.4451 31.7732 49.7919 26.6465 24.3626 0.999634 44.9411 12.5523 89.0089 62.6142 66.1133 6.4072 84.9682 11.8667 8.04094 41.3518 8.27724 58.2721 61.4352 176.956 29.9561 12.6992 13.2943 0.00229934 54.6176
-64.7249 0.260185 6.5571 4.3214 14.2465 15.2422 23.4451 31.9242 21.5098 37.8101 23.053 5.42704 50.9875 11.5745 89.0089 62.6142 9.36845 24.1327 89.0577 2.90953 47.0146 29.6995 24.651 58.1819 75.5129 179.122 7.69339 99.6829 12.7568 0.00388907 60.1481
-67.0885 0.0890046 4.21046 4.69921 7.90641 21.8073 27.8096 35.5793 18.1352 37.8101 12.7174 14.6409 31.4082 83.6116 56.8228 59.8196 21.5196 26.1605 100.654 28.5 43.9201 6.60616 31.3067 7.64853 66.4288 148.961 62.3173 4.03526 21.7872 0.000914917 49.4995
-64.9591 0.562165 6.74346 3.79513 5.17508 22.8559 27.8096 33.2332 12.9734 31.0282 10.3321 13.1024 34.1206 83.6116 30.9275 59.8196 51.3957 28.8321 87.5053 28.5 37.808 5.19436 33.7114 22.2736 94.5766 86.6661 111.645 50.1548 29.4271 0.00131269 54.8422
-67.7816 0.987957 6.74346 7.00306 1.06567 23.0532 23.0317 29.7169 4.44692 65.2986 19.4853 12.0191 26.2164 58.3938 20.2289 42.9666 61.7769 24.4254 104.605 1.324 55.44 4.97143 24.0622 55.6667 91.5948 45.967 215.178 20.4569 30.6379 0.00564824 54.1416
-67.7721 0.895392 7.58636 2.37731 22.9511 26.0732 5.9048 33.1386 13.1231 38.0435 21.0299 12.0191 37.813 21.0599 44.0217 28.8812 61.7769 41.6136 73.4721 25.83 56.6377 3.90599 83.2671 29.7281 60.3573 45.967 178.162 22.3423 28.6143 0.0140057 55.8654
-67.7817 0.581674 7.58636 2.73035 21.6786 24.0085 3.96221 25.8819 13.941 39.002 18.2047 12.0191 37.813 35.592 58.1071 44.7293 70.3079 41.6136 72.034 25.83 43.7406 15.2538 41.8808 41.4241 60.3573 32.8263 229.823 46.812 10.9043 0.0286986 53.4071
-67.7714 0.648549 7.58636 5.22433 26.6231 18.0525 3.34227 19.4493 3.89348 39.002 29.7447 12.0191 36.0685 27.3986 58.1071 58.4398 54.9321 86.3693 82.4439 32.3452 42.6498 10.5426 4.34865 37.7738 50.7005 36.8311 275.772 45.3947 95.4776 0.0268933 54.6292
-67.765 0.711962 15.55 3.93884 20.4709 17.4949 11.721 14.0628 3.89348 47.0745 23.7644 6.63263 39.7585 19.5775 47.1735 58.7499 56.0078 62.6966 87.3478 5.95435 78.8099 9.72091 8.46875 16.314 89.8022 51.7973 247.731 118.254 16.8819 0.0261789 59.3083
-67.7708 0.776427 7.97996 8.52342 16.0648 16.5401 9.44898 20.9511 21.6083 54.0554 3.62952 9.86903 44.1144 9.40638 43.2356 116.226 50.4626 44.048 52.4312 33.5443 62.7616 4.79879 20.1764 31.9614 88.1501 7.14891 268.549 195.64 147.599 0.0205739 63.0565
-67.7396 0.137828 9.17369 7.98706 9.85197 16.9809 14.2884 20.7411 24.5114 30.0473 6.03297 28.4208 47.7621 15.5463 47.105 125.339 22.5851 46.3054 56.0541 14.9987 52.713 37.2656 24.2071 31.9614 64.6584 2.15082 258.251 44.7042 1.03444 0.0736445 59.832
-67.681 1.09161 11.3551 5.84975 15.5274 18.1858 14.1897 6.14217 16.0146 26.6391 12.1115 28.4208 48.5699 15.5463 31.0468 125.339 37.1915 53.3544 55.7114 20.0834 45.9778 21.9821 16.0613 31.9614 129.281 27.1187 266.678 20.3802 15.0805 0.0100569 54.9011
-68.1246 1.1944 11.2661 9.16619 7.83254 29.1976 7.30803 11.6687 22.2565 16.4774 57.3988 57.5502 32.7065 15.5463 14.0016 143.995 36.0228 2.42139 50.3599 22.3729 13.4568 52.9494 29.6974 5.19169 129.281 1.96093 249.725 67.3107 4.97945 0.00792357 61.6668
-68.598 1.1951 11.2661 8.0964 7.83254 29.1976 3.49202 6.52334 12.2032 16.4774 57.3988 57.5502 31.2343 50.7702 25.974 143.995 58.9838 2.42139 43.1175 6.60657 9.87598 52.9494 13.1708 17.1943 110.355 13.3809 218.815 19.4321 4.97945 0.00113199 56.4327
-68.2428 2.30299 12.0783 12.3523 3.09478 29.1976 3.49202 7.10105 13.1279 9.41273 36.7959 65.3694 27.4974 49.388 20.2851 143.995 59.1728 2.42139 42.0799 6.60657 6.7799 86.5914 4.41428 65.5985 93.5426 14.7711 232.417 18.306 52.4505 0.00385077 61.075
-68.2907 1.665 10.4044 17.592 3.09478 14.9643 3.13327 6.34543 23.0532 16.2336 42.5689 4.4688 81.3003 43.2748 12.4227 177.276 58.5123 24.0924 44.8094 14.3668 18.7532 16.2794 21.909 21.4417 75.8491 32.6253 241.886 21.6918 76.216 0.00284543 57.4355
-67.7498 0.611383 10.4044 8.80589 3.89698 14.9643 1.21443 16.9678 14.9903 15.0875 49.8249 6.71711 84.2657 43.2748 12.4227 177.276 43.4281 35.931 44.0648 13.8108 18.1285 21.0874 24.0655 21.4417 76.6375 30.4508 258.829 8.33147 31.5281 0.00328357 52.9667
-66.1604 0.739881 7.83903 7.37738 3.89698 14.9643 2.18893 10.2127 23.479 12.9735 54.6867 10.9325 73.9894 43.2748 8.441 177.276 26.2142 36.6296 44.0648 13.7002 29.6128 16.4235 26.4947 53.6223 83.1756 31.7989 230.256 34.2673 31.5686 0.0105898 55.6589
-67.0871 0.867885 8.189 10.3848 3.89698 14.9643 1.05094 9.02485 23.479 33.3631 39.9989 5.60269 73.9894 34.0596 9.18925 177.276 23.3291 37.6026 15.5965 5.50069 33.209 16.0196 34.2929 76.365 85.3485 26.1766 230.256 11.4549 22.2112 0.0214643 54.8113
-68.9375 1.2766 12.4564 14.5086 16.5515 13.6574 0.233582 9.02485 11.6097 33.9433 40.6959 5.89474 63.765 34.0596 8.42076 177.276 23.8993 39.6415 15.5965 12.2164 26.7881 13.8458 30.7001 77.0069 85.1175 24.8041 234.71 30.7621 59.6816 0.00613496 57.7489
-68.9375 1.2766 15.1999 14.5086 10.6592 17.8467 20.8416 3.15387 11.6097 26.6955 11.665 10.1431 71.0256 34.0596 8.42076 177.276 23.8993 50.3017 15.5965 16.3597 19.5297 32.7562 11.441 89.1344 85.3092 22.4848 287.171 19.9267 20.4417 0.00497069 62.5468
-68.9375 0.885865 14.7587 14.1292 16.1854 27.3188 16.6081 3.15387 11.6097 26.6955 14.9203 16.3412 60.7241 32.9103 8.42076 177.276 23.8993 50.3017 44.9464 16.3301 20.6383 27.2245 11.441 53.3265 62.279 16.7824 306.463 19.9267 19.3331 0.0194908 61.6272
-67.4282 0.0575375 12.1576 5.21981 21.131 14.8446 12.0501 12.1075 13.9066 29.0979 46.0015 15.8835 25.9869 17.9374 30.8301 152.442 12.2725 69.2576 29.8871 31.2307 21.451 38.2675 30.8227 22.2561 73.5402 21.8824 266.177 19.16 23.9374 0.0816005 57.902
-67.7091 0.293476 11.357 5.12826 21.1058 13.4469 10.8998 12.2601 19.9189 47.6196 30.4539 1.41697 33.7467 17.9374 54.1282 152.442 15.9331 51.5944 31.3622 38.0364 31.8954 53.8899 10.6761 15.5452 117.094 31.3444 186.876 52.7879 22.3823 0.0151241 56.1884
-68.5197 0.223301 8.31962 7.39285 19.7254 13.4286 14.8744 11.1083 18.3984 70.0929 15.8055 9.11309 31.7137 17.5636 66.8207 152.442 17.2309 4.74167 42.1487 18.8694 31.8954 53.8899 22.1899 17.9786 105.667 31.3444 167.727 54.7887 21.7055 0.0013816 55.8312
-68.7093 1.12258 12.7768 7.39285 12.4187 13.2162 10.1532 1.79852 20.8622 68.1828 12.5937 10.5025 32.0611 41.0181 77.8661 152.442 19.9118 4.74167 37.0319 9.87515 46.8272 47.4296 1.28493 11.2627 117.544 103.149 138.559 48.6087 54.8302 0.0011895 57.9992
-67.6294 1.12258 12.7768 12.5807 12.4187 12.4771 10.2841 3.57841 17.8869 68.1828 12.5937 9.28354 54.3309 41.0181 63.4154 152.442 6.87211 4.74167 35.5159 13.9934 34.2695 43.5478 13.0363 5.48976 112.063 103.035 138.559 44.0928 63.1891 0.00653209 54.9206
-67.1527 0.362957 1.93539 19.7223 9.46621 22.5909 11.565 9.81067 17.8869 61.4184 12.5937 10.9971 45.7009 50.3003 59.0746 152.442 14.3596 7.05319 10.8581 12.6007 26.6097 58.8102 19.8526 22.5584 115.744 75.07 131.471 17.7924 74.2844 0.00402198 53.2653
-67.2123 0.374148 1.93539 4.11331 12.4871 28.0838 15.7292 4.70467 29.7518 69.2907 7.323 17.0186 37.5841 24.4301 61.0217 164.496 22.287 12.749 50.9529 12.5831 34.6593 9.72413 24.6604 18.3789 72.1224 132.9 102.039 19.4944 72.1171 0.00325517 52.952
-67.0396 0.943012 4.52218 3.96055 12.4871 25.046 15.7292 8.93345 33.5319 69.2907 7.323 7.95742 32.709 37.0881 59.4969 164.496 22.287 4.85748 60.4898 12.8996 12.2591 22.2373 31.592 42.1792 77.5043 98.6767 81.1732 12.0379 66.595 0.00325517 52.0488
-67.0396 0.95174 4.52218 8.04038 15.2974 25.6812 6.77454 3.56492 33.5319 69.2907 7.323 8.7364 29.8015 59.8933 59.4969 181.914 23.5628 4.85748 30.5703 1.22469 9.44614 22.2373 51.8628 42.1792 77.5269 110.61 97.237 15.6729 86.8083 0.00337638 56.2203
-68.4222 0.952903 0.458948 8.8839 18.1853 16.6991 18.9928 19.0654 26.9335 38.3222 17.8439 9.36539 32.1942 59.8933 41.6925 206.481 5.58202 4.85748 30.5703 1.22469 8.15526 14.547 48.0829 28.3694 104.63 92.8604 167.276 39.0266 76.6624 0.00296783 56.1607
-68.3622 0.951785 6.98308 8.86733 21.3704 18.8078 8.02446 22.6068 27.2885 34.8916 33.0473 1.26574 34.001 59.6397 89.1843 167.735 5.58202 4.85748 35.0304 16.4319 2.35871 10.5654 46.0522 28.3694 79.4719 104.174 121.799 33.6683 105.141 0.00210694 56.5044
-67.7958 0.881464 3.08334 8.36272 20.0356 20.8596 4.02134 9.54606 27.2885 55.6865 20.5253 14.3921 27.8363 30.0092 60.4312 153.476 21.3991 4.85748 84.7315 14.2033 2.35871 11.4651 38.9244 40.7502 89.9502 104.338 119.367 87.0616 92.3902 0.00229477 53.4268
-65.9146 0.268658 0.852786 7.90713 18.0036 24.1581 6.89415 17.6862 23.2987 52.8145 29.2915 12.7256 30.6189 11.5026 58.5076 153.476 35.6329 7.40005 76.4754 18.4751 11.4766 18.2841 32.3449 22.6827 90.3823 113.915 119.367 19.5758 21.3416 0.00219175 49.4636
-66.5062 0.404829 0.852786 7.90713 11.4304 26.445 17.6541 24.7044 27.0507 55.6494 4.41207 10.7008 38.1647 18.9838 51.0936 153.476 46.5533 4.23656 66.9372 66.3284 1.68001 8.4989 37.4117 7.77393 90.3823 90.51 115.881 27.5449 29.1543 0.00151414 52.9922
-67.7486 0.287407 5.8118 7.32369 17.0774 21.7009 17.6541 22.3569 13.415 54.9462 6.68545 8.64881 38.0786 18.9838 51.0936 153.476 28.6805 9.74108 90.9797 55.1003 3.56267 4.22822 41.9278 25.0278 85.2071 90.51 132.096 29.5493 46.5075 0.00156872 55.237
-67.5894 0.824229 5.23285 6.63511 7.40464 17.6622 24.0927 25.9484 17.859 50.364 16.8928 2.06608 47.7064 22.7468 77.0618 153.476 5.80306 18.0479 69.0414 25.8411 10.3306 10.575 21.6313 30.8126 77.7975 112.135 145.058 22.9704 231.188 0.00115789 53.6683
-67.7604 0.884295 1.62978 6.99428 12.9434 6.17857 12.2793 34.0755 24.5121 45.1227 3.10899 11.9585 48.0715 22.7468 77.0618 153.476 19.5616 23.0595 69.0414 5.82953 15.8243 6.8498 63.4432 3.39516 93.8492 103.48 123.644 20.9915 85.2346 0.00357779 53.0241
-67.6415 0.792061 1.62978 10.7113 24.3089 6.16979 7.67504 38.0713 11.2174 39.6393 3.53954 15.0436 69.9257 22.7468 70.5022 153.476 13.1674 23.5851 52.3234 2.3648 17.0377 0.583457 52.1439 26.976 101.121 112.806 126.758 36.6793 5.52382 0.00253677 54.4486
-67.5394 0.865351 1.62978 14.6845 24.3089 8.7979 13.3689 32.2068 9.18647 37.665 2.57089 20.6843 51.5817 24.8477 107.996 153.476 10.8114 10.5832 33.9648 4.68768 23.9318 8.31187 52.2332 55.4629 98.1478 81.6755 128.384 44.8425 47.3809 0.0133633 59.0821
-66.2906 0.184512 4.4758 19.8908 21.0688 9.75845 9.9414 25.8963 4.80892 37.8235 1.88798 18.533 68.8183 34.8693 99.4149 153.476 6.42889 9.49297 33.9648 4.68768 19.0274 9.69801 61.0168 29.587 91.9957 81.6755 127.594 28.7971 94.3822 0.01301 55.5818
-67.1636 0.229441 4.4758 21.8049 24.7913 8.01901 9.32589 21.479 4.31582 37.8235 2.2816 18.533 68.8183 34.8693 84.6898 133.193 38.3868 9.49297 42.831 8.60117 24.124 9.69801 46.581 25.458 75.4208 102.96 155.672 147.552 10.8471 0.019139 55.9122
-66.8802 0.0131513 4.4758 21.5445 17.3528 8.37459 8.55991 22.1201 4.02356 39.0931 3.10673 12.439 83.0697 34.8693 84.6898 133.193 38.1507 7.6342 42.831 8.77843 29.4423 7.44046 31.257 25.1338 79.6018 107.389 155.672 79.538 10.8471 0.00618186 51.6173
-65.8313 0.49107 4.4758 11.278 18.8167 14.083 10.7051 22.1201 5.07818 38.5507 2.72316 12.439 71.7149 33.7011 84.6898 133.193 38.1507 7.6342 48.2152 11.3611 52.2608 15.1832 18.1425 17.0194 77.9574 7.26129 157.233 68.1618 22.453 0.0014499 59.933
-66.7924 0.582252 10.6847 17.3263 19.0509 9.29105 14.455 15.6281 5.07818 38.5507 1.10742 2.00147 92.3152 29.9586 84.6898 116.919 34.9524 7.6342 69.2492 8.79117 33.9172 18.1305 8.90211 19.5885 81.4716 37.6142 288.852 66.1075 42.7974 0.0014499 57.0075
-66.2501 0.283738 10.6847 17.3263 11.778 9.95044 14.455 15.6281 4.39099 38.5507 4.987 2.00147 92.3152 29.9586 84.6898 99.6332 34.9524 7.6342 86.8584 11.3446 48.9341 15.961 27.3813 29.0488 66.777 37.6142 247.164 39.2614 36.4853 0.00920957 55.0597
-66.2501 0.427049 10.0055 16.1254 13.0163 9.95044 16.473 29.5018 4.10541 38.2963 2.72782 7.88806 78.2694 37.9658 79.4028 99.6332 34.7887 7.6342 76.0182 13.1236 39.1904 10.8404 35.5888 21.9729 82.5404 37.6142 247.164 41.7065 92.7704 0.00957258 54.7184
-66.9947 1.00351 6.8481 16.1254 13.0163 8.99441 16.5864 29.2924 13.2302 32.7724 3.79306 8.65654 78.2694 21.8865 58.5337 99.6332 45.6618 7.6342 72.6201 8.72088 54.7232 6.09257 36.207 20.6661 80.5686 156.439 125.636 76.6883 173.875 0.00949635 57.3054
-66.9032 0.883367 4.162 16.7877 16.1971 8.99441 16.5864 26.0996 13.2302 32.7724 3.11108 8.65654 78.2694 36.3485 41.0063 79.0689 49.2481 29.8251 82.5293 21.4131 48.7652 3.08878 26.3625 20.6863 73.3071 166.44 120.397 27.0189 19.1922 0.00891854 51.0658
-67.0736 0.534617 3.25743 13.9181 7.40101 5.63672 29.6346 50.1091 13.2302 28.8068 2.66325 2.22763 53.8775 36.3485 46.8424 104.15 51.6875 32.9144 79.8026 22.2277 46.6433 0.31528 35.1638 21.0072 29.9585 164.494 61.6997 26.7976 90.3009 0.0523036 56.8693
-66.7313 0.328551 1.75076 28.2202 7.89023 5.63672 26.5174 35.4391 20.9805 31.5755 2.75249 14.6711 46.6506 23.5201 46.8424 118.275 55.3907 38.9919 53.9213 15.1023 45.6044 15.7703 41.1003 20.9751 41.0942 163.289 78.7176 29.8102 42.7223 0.0340539 57.4086
-68.0936 0.620777 5.79137 10.6529 0.284451 5.63672 43.272 49.7946 4.50573 30.3833 9.90311 11.8179 38.2436 13.0351 57.5389 112.025 57.1175 72.7883 46.5116 25.8375 10.8523 24.4802 21.5577 20.0844 71.7095 155.817 106.264 32.7661 26.7263 0.000563401 50.6506
-67.9093 1.53635 7.73342 9.36405 0.833777 5.63672 43.272 43.0165 34.4106 8.05319 9.22983 15.6708 27.65 27.5299 86.0671 100.059 21.7165 123.47 5.32501 11.1792 10.0413 17.2182 28.5966 19.7353 87.5266 150.366 81.9823 81.6558 42.1069 0.00873451 53.6548
-68.5003 1.15528 7.42599 10.7136 0.833777 5.63672 43.272 34.5714 34.4106 10.9621 20.8613 22.8357 28.0123 14.5049 89.6881 97.1061 22.6776 111.79 5.32501 11.1792 22.1472 21.8268 21.9656 25.1366 105.446 101.161 93.0803 23.6972 27.7665 0.00758465 52.403
-68.9052 3.29435 8.42035 5.32179 0.833777 8.67761 35.3802 53.8072 15.702 12.4295 13.5515 29.0377 22.8628 6.85934 116.28 100.157 7.43839 117.101 5.25403 14.4292 22.1031 21.9347 15.1424 27.0896 105.446 101.161 116.962 23.6972 27.7665 0.00415077 55.9472
-70.843 2.97866 8.65168 6.07514 7.26359 7.38464 33.9065 53.8072 3.79581 10.2527 13.1818 49.1161 10.6557 13.0854 67.8951 143.461 1.22699 118.773 3.35519 54.2818 1.10843 6.60059 15.2246 52.4205 92.8373 28.5566 225.638 40.0509 28.7545 0.00601104 62.8058
-71.3091 2.95168 8.5825 11.6926 7.26359 6.99634 28.5168 26.8215 20.3663 4.84949 21.1135 71.9039 10.6557 13.2989 66.2138 135.859 1.22699 97.9694 3.35519 31.4812 15.9505 24.8691 21.8573 50.8339 87.6856 51.631 186.64 27.1642 14.4842 0.00336516 59.6157
-67.158 1.34983 11.4681 8.57138 3.6043 19.8486 13.3077 32.5406 20.3663 1.29124 27.1075 71.9039 13.2409 15.0236 32.1581 128.457 17.6697 95.2299 20.1953 50.4541 8.30057 22.8029 13.157 31.8646 103.136 76.0514 165.193 90.3255 38.2587 0.00606486 56.857
-67.1528 1.29194 8.81756 18.7183 6.41426 20.787 9.56241 44.137 17.7358 6.12274 3.52112 48.3905 20.6507 16.1289 30.1409 122.623 3.0754 88.9889 61.1435 19.1224 8.30057 61.7201 13.157 31.8646 92.5749 103.648 159.227 51.4692 69.3783 0.0057913 53.6878
-68.2952 1.22794 12.2962 24.3446 8.68579 13.6711 5.73967 57.1613 17.7358 4.92976 4.11233 32.0915 21.4112 15.2571 34.5327 86.9928 9.94017 96.3551 56.101 29.5002 24.5696 24.7748 28.5737 74.246 85.0235 98.5815 125.41 10.3887 146.349 0.0143091 57.3066
-67.2813 1.07785 16.3197 22.9886 12.3665 11.2791 5.73967 45.9829 27.6104 4.84939 19.0786 17.8513 43.1286 15.3001 53.5807 135.3 0.566056 78.6768 54.3096 18.2843 5.59343 29.5815 27.4959 47.5125 84.9384 98.5815 70.8821 7.72823 66.9391 0.00946828 56.7508
-67.2813 0.0838305 0.616556 19.043 19.9611 13.9362 4.12076 51.1375 31.9595 4.84939 19.0786 16.8466 24.2873 15.4191 56.8435 145.796 0.566056 104.306 52.939 34.5077 8.31277 22.8162 27.4959 6.11074 84.9384 51.5437 179.948 47.9599 84.1762 0.037206 57.4612
-68.2185 1.46102 5.48992 22.3081 21.7818 10.9888 2.66331 52.6753 32.9288 4.84939 23.3834 15.5312 16.2064 15.4808 83.7843 100.978 18.5627 83.6147 52.2392 21.5792 8.31277 37.1647 35.3952 6.11074 103.018 36.2616 246.739 32.2577 65.2123 0.019826 54.954
-67.8723 1.16023 5.48992 22.3081 21.7818 12.6485 2.66331 61.551 39.9806 4.84939 23.3834 22.9347 7.54519 15.5342 83.7843 12.6508 18.5627 83.6147 52.2392 18.7406 15.4277 38.122 34.8337 71.4902 111.51 15.3223 246.739 32.2577 49.4574 0.00976392 60.2188
-67.4404 0.499743 8.7153 22.3081 18.0698 13.3363 1.13853 49.7032 35.718 14.8946 23.8505 22.9347 12.2657 15.5971 122.698 10.5326 34.6857 83.6147 52.2392 24.4059 25.5979 0.674962 46.2193 70.4931 116.308 15.3223 184.716 74.9859 58.4886 0.00429509 58.7899
-67.3589 1.23048 8.60725 20.0722 20.0196 6.85156 5.36661 47.163 20.9468 11.1356 23.8505 27.2294 7.99953 15.8273 122.698 10.5326 34.6857 125.652 52.2392 25.9055 15.2217 15.7166 21.0905 29.0224 109.538 15.3223 224.315 209.019 43.9851 0.0122603 55.9053
-66.7383 1.01107 14.2428 18.9491 19.0068 6.36664 7.04034 47.1688 20.9468 33.5109 23.8232 26.3012 6.68884 15.9663 65.5017 27.0768 19.4211 127.852 52.2392 47.8255 12.0338 16.6636 20.6456 29.8927 113.694 43.4684 210.988 59.2371 29.1198 0.000829375 53.429
-66.8447 1.10477 9.49059 17.2088 22.9273 4.10031 8.42368 46.3033 20.9468 25.9278 38.7101 8.12744 4.85067 16.034 74.5175 44.435 27.8818 127.852 52.2392 47.4681 12.0338 10.0478 17.477 23.1424 126.78 34.8026 210.988 15.6329 122.459 0.000829375 56.694
-66.8076 1.08053 6.98701 17.2088 22.9273 4.10031 10.7828 47.2191 32.6849 30.208 38.7101 2.99787 8.27915 16.2878 74.5175 38.8343 32.7476 102.894 79.2756 29.4073 12.0338 12.0156 18.8101 15.2114 125.312 34.8026 210.988 42.7674 73.9002 0.0228871 53.9128
-66.503 1.1392 2.20288 0.664915 11.9532 18.5264 17.7792 46.878 32.6849 51.9887 44.244 3.81939 9.76215 20.3911 87.2172 47.1904 6.24938 102.894 60.4351 42.5313 17.3319 10.4161 22.9138 28.5852 84.6796 51.1357 174.582 32.9093 83.3167 0.0149069 58.3395
-66.5979 0.267591 6.03258 0.664915 10.318 26.0669 21.7591 46.5986 37.0487 27.1006 25.2464 3.0246 1.42855 20.3911 108.143 56.7827 6.24938 102.894 60.4351 42.5313 17.3319 9.85507 34.7802 29.9183 60.2123 109.514 176.19 87.403 170.223 0.0152068 59.4565
-66.6099 0.576338 9.79511 0.664915 3.03824 25.3679 26.7913 47.9321 37.0487 21.5345 27.8129 1.25224 5.89112 23.0742 108.143 68.1205 8.87636 102.894 60.4351 37.4658 12.41 4.90095 20.2765 41.4813 57.734 114.982 125.251 102.81 201.22 0.0223314 59.8741
-66.5577 0.145411 12.9986 4.14017 1.31254 26.068 20.5211 45.2696 37.934 18.6727 24.5887 7.56088 2.22375 25.5271 88.1352 68.1205 22.4035 102.894 60.4351 27.7748 12.41 9.25945 31.4499 34.9979 50.485 112.416 169.121 137.402 112.258 0.0547907 60.1796
-66.4769 0.338705 15.8647 8.15515 1.39178 14.2502 23.5001 48.9997 25.2465 13.9818 38.9816 5.75131 2.24106 27.5032 88.1352 68.1205 14.272 98.3414 66.3921 21.0841 35.3417 17.9692 30.271 51.3421 42.3258 103.859 143.608 151.878 71.8779 0.0586284 63.2608
-66.3605 0.470842 8.34008 12.3328 4.45188 18.3421 16.5388 48.2179 22.2058 13.9818 45.869 10.8843 1.79476 38.5777 125.651 65.6623 9.01346 83.6167 39.9348 27.0634 22.5366 6.53644 28.3776 45.2805 51.32 98.439 143.608 145.122 53.1394 0.0471569 55.0197
-66.8081 0.71431 4.13973 6.65899 11.5609 19.7933 20.4954 52.2069 25.5407 13.9818 35.4872 7.36446 1.64681 38.5777 111.919 61.9839 6.36499 44.0232 49.7909 57.4416 42.8588 8.18131 28.3384 24.1582 89.882 72.474 159.837 119.058 54.4527 0.0374151 57.429
-66.8081 0.629503 5.59828 13.5958 4.03884 19.8705 18.4599 48.3667 28.4589 16.7023 35.4872 25.5593 1.62331 57.3473 107.172 50.8383 2.43341 35.6117 49.7909 58.5152 25.0836 11.3891 7.10429 59.8044 76.9358 93.516 168.729 73.5034 46.3366 0.0406599 55.5536
-66.5516 0.230261 14.2773 18.7274 2.27947 3.02815 20.3103 52.8648 22.447 17.0459 34.7331 10.8804 1.9494 71.7918 38.7671 51.1704 2.13339 42.9152 160.616 78.2359 3.18921 7.56575 6.13747 28.5885 72.7662 127.989 113.808 36.9767 81.6182 0.0396267 56.5627
-66.5516 0.496122 14.2773 18.7274 2.6623 7.47966 16.8624 38.0641 22.447 34.8 32.0047 5.76522 3.93922 88.5543 21.9458 51.3344 8.1637 42.9152 160.616 84.3038 1.44462 3.79397 3.8217 23.5401 72.7204 127.989 57.6591 16.2642 93.4135 0.0400555 56.3427
-67.1189 0.496122 14.8243 20.1216 10.0013 9.45234 7.49304 38.0641 14.6182 39.9328 31.4331 5.76522 2.75106 88.5543 28.9372 51.2251 7.52897 42.9152 160.616 76.1107 1.44462 10.7068 3.8217 17.475 73.581 127.989 76.1119 12.7714 61.7814 0.0400946 55.9079
-68.1957 0.664395 13.6274 14.0838 7.65713 15.6406 8.59814 38.0641 18.7911 39.9328 31.5661 5.76522 4.67497 88.5543 27.1313 51.5904 10.2689 33.5404 160.616 68.86 1.44462 22.9815 3.8217 19.101 73.581 127.989 72.0838 36.6469 61.7814 0.0403167 53.555
-68.1957 0.688842 13.6274 12.1704 6.5793 15.6406 8.59814 38.0641 19.7285 39.9328 31.3865 5.76522 5.39006 92.0188 27.1313 46.7177 9.90154 33.5404 160.616 70.8343 1.44462 20.9528 3.8217 17.6317 73.581 135.547 73.9491 29.0303 82.7144 0.0407518 54.4324
-68.7529 1.19904 7.68329 14.4517 4.37747 8.40669 5.05024 19.9661 19.4561 50.6552 38.7408 26.5453 6.28593 111.704 38.4376 43.5225 3.0326 33.5404 109.164 80.0346 2.93794 20.9528 13.0615 4.5703 111.233 99.4963 136.281 29.0303 82.7144 0.0409 59.7652
-66.2807 1.20804 8.10307 12.7523 2.76047 7.03069 8.00649 24.3802 13.5141 64.6523 48.8778 18.1854 9.57632 98.8017 19.8258 47.1855 5.84695 21.7637 111.741 80.0874 2.93794 18.1374 20.3615 1.7156 111.233 99.4963 172.89 22.8274 80.7163 0.0366949 60.4901
-68.2438 1.7185 2.59856 15.1626 2.76047 1.8957 8.60551 24.3802 7.08556 72.0114 48.8778 24.5817 11.3674 93.5221 35.1566 41.2478 5.84695 21.7637 151.933 55.3462 10.5257 31.3561 5.7842 1.7156 76.5586 77.1962 173.407 19.7344 94.3918 0.00135814 54.3506
-67.3726 0.359361 0.247178 5.95098 0.713777 0.187187 8.60551 8.80838 7.08556 54.5807 60.7082 37.4028 11.3813 93.587 26.4705 58.5562 4.00429 52.7486 111.349 30.8064 15.6645 54.577 24.6032 15.3249 56.9442 106.885 173.407 8.44805 146.164 0.0712289 62.2534
-66.5098 0.306814 6.22973 5.97298 4.36651 6.37376 14.8905 8.15455 5.67899 51.125 51.9006 53.9015 5.16949 85.9951 40.4678 70.7052 10.4099 34.5513 111.349 12.6213 25.0797 36.604 14.9922 32.812 48.5631 150.198 102.528 22.0435 28.4566 0.0643776 52.6635
-65.9621 0.269084 8.31276 2.61471 6.86231 6.3793 12.4457 6.6037 15.6295 28.0269 51.9006 45.4999 14.092 90.0266 40.0647 66.198 22.5966 34.5513 121.289 12.1979 26.8106 25.4299 23.5891 38.0222 61.1652 149.947 24.9098 41.4189 44.0627 0.030725 53.7057
-67.4143 1.46556 0.726286 8.08862 20.2215 5.18431 5.81629 12.1987 10.5707 28.0269 51.9006 47.9628 10.8631 98.7015 36.2593 65.0267 25.0669 22.9764 119.338 21.1316 15.7813 21.0184 6.37982 32.5609 72.0986 152.166 70.4865 39.0461 8.05525 0.0195869 51.5696
-67.7704 1.46556 4.94356 8.08862 19.7296 5.18431 5.87816 12.1987 10.5707 28.0269 54.1071 47.9628 11.9428 98.7015 38.2275 65.0267 25.0669 19.0178 119.338 13.2406 17.8777 15.124 6.44144 61.0643 72.0986 131.859 99.9967 38.7697 35.995 0.0283911 56.1442
-68.9953 1.45061 5.75589 2.2605 12.9699 5.18431 10.3146 14.2002 8.49652 30.6006 42.8165 50.4063 19.4872 91.5648 40.7256 70.0291 35.5367 17.8064 106.696 22.0784 15.8983 15.124 8.38057 54.7272 76.6629 127.415 100.381 45.0282 53.3874 0.00290952 51.1097
-65.8894 0.943281 5.8181 4.81341 11.2106 4.06774 13.1881 15.3947 3.12902 26.9691 47.8554 57.0977 14.7655 21.1708 41.8125 63.4846 59.7743 34.706 106.696 52.4639 8.68879 14.5125 11.0734 48.4399 75.1072 172.47 48.4427 11.2732 28.3087 0.0407879 55.4651
-69.5587 1.61764 1.13357 19.9219 16.1495 2.77977 16.3521 19.2863 8.2377 38.5155 24.1487 63.7597 13.3885 11.9336 66.8193 45.8869 46.769 38.9781 79.8984 66.275 29.8182 13.3108 25.3725 30.6329 76.155 85.2421 149.205 45.6302 20.8116 0.079538 61.3433
-70.2148 2.56077 4.11422 18.123 20.5579 2.68928 10.4364 10.9206 1.86392 55.0853 34.1593 51.1972 14.8455 16.5013 66.8193 50.0041 54.4582 39.5146 79.8984 34.707 46.8334 12.3123 12.5677 38.3748 86.0784 79.5049 118.546 23.7214 12.3651 0.0494021 63.0016
-69.9165 2.91317 4.20811 12.3666 6.84298 2.68928 8.92953 10.9206 1.6667 55.0853 34.1593 51.1972 16.606 31.3922 66.8193 58.1694 54.4582 43.3183 79.8984 15.4554 38.7996 13.1965 12.5677 54.5918 101.34 70.7459 121.993 35.8455 9.87619 0.103655 64.3802
-69.4314 3.84939 4.2759 12.4645 4.03586 7.05582 6.96567 17.1836 5.65814 45.8117 34.1593 51.1972 15.1954 31.3922 88.6396 58.8416 37.5334 55.7701 88.774 0.693524 47.8327 22.6083 11.8748 33.8239 72.4596 67.0649 146.465 27.7607 6.85274 0.0893475 61.7094
-69.7069 1.54525 6.2636 12.0798 4.41457 7.58145 7.0153 17.1836 2.47551 45.8117 41.573 51.1148 22.79 31.3922 77.8941 58.8416 37.5334 55.7701 88.774 1.86635 61.7676 22.6083 4.5134 23.8712 72.4596 82.3173 139.284 27.7607 5.2129 0.0893475 58.0927
-70.3932 1.2385 6.05184 12.0798 7.55183 7.04393 7.0153 17.1836 2.47551 45.8117 41.573 49.8403 22.79 31.3922 77.8941 56.7916 37.5334 55.7701 88.774 1.99681 63.4603 22.6083 7.86323 22.0827 66.0017 82.3173 139.284 2.29582 15.9384 0.102257 60.518
-67.8158 1.53071 5.21786 10.8861 7.71355 8.62314 7.0153 21.8434 2.47551 45.8117 39.6347 49.8403 21.4721 31.3922 77.8941 56.7916 37.5334 91.6332 44.2083 1.72534 51.6178 35.2496 8.5363 32.0433 69.6073 73.6825 172.107 14.2037 9.01867 0.056518 54.2889
-67.3547 0.674073 5.85849 9.1408 5.56477 6.9158 9.29249 20.8341 2.47551 54.1623 34.5957 49.8403 20.6604 72.7171 72.4303 55.2453 37.5334 59.8191 44.2083 0.889913 34.2002 56.0219 12.9851 21.2989 47.3649 73.6825 221.32 31.675 14.2094 0.0273615 52.8724
-67.1308 0.725427 5.85849 5.72887 16.548 7.95651 15.3332 20.8341 2.47551 54.1623 34.5957 49.8403 7.24172 72.7171 72.4303 55.2453 39.478 59.8191 44.2083 3.36134 33.7273 55.4451 8.41781 21.5311 58.8706 53.3632 221.32 16.3843 4.44299 0.027574 53.4455
-66.9348 0.539854 12.7474 3.96475 16.548 9.24718 17.6956 20.8341 2.47551 57.0103 6.8853 49.8403 24.0716 72.7171 72.4303 58.1504 39.478 59.8191 42.357 2.22697 33.9997 56.8469 10.3461 19.3539 68.6563 53.3632 221.32 16.3843 4.82067 0.0242695 51.9792
-67.3577 0.425202 15.6509 4.63982 14.8933 10.7505 16.1561 42.1347 2.64308 50.8383 6.01566 20.3792 30.1867 13.4432 96.4737 80.5112 5.16908 146.595 39.5179 6.30075 34.284 15.6578 10.0655 10.4287 105.737 11.3572 221.32 40.1347 30.746 0.00653275 59.3472
-67.32 1.34569 7.1423 6.3748 3.65313 12.3022 1.51746 49.0211 11.2188 51.3866 6.09419 21.7375 38.2289 13.4432 53.2016 93.4617 5.16908 146.595 41.5546 7.77488 30.8819 43.0339 2.24633 2.96952 135.277 45.8369 234.006 64.0445 19.346 0.00422555 56.7051
-67.4892 1.04857 8.79547 7.72825 11.9979 11.3381 7.56465 46.1361 11.2188 47.3844 2.09921 20.4658 42.5778 13.4432 46.1185 93.4617 5.16908 146.595 41.5546 9.04872 30.6282 26.3495 23.2005 13.8793 104.353 45.8369 234.006 64.3884 39.8424 0.0039798 54.2976
-67.1474 1.07969 6.40511 2.93138 0.836928 10.8916 7.56465 87.0262 0.694131 12.2556 4.27671 28.2724 42.5778 13.4432 50.0936 93.4617 5.16908 154.272 40.6603 6.6176 29.8342 22.7756 22.4003 13.8793 109.335 27.7186 234.006 65.7455 31.0253 0.00400413 55.2842
-67.0536 0.65749 26.3754 1.13803 14.2712 11.7412 9.37025 21.1624 0.694131 60.4733 6.1974 15.1828 41.0682 14.1282 61.1986 17.2045 66.1548 149.681 5.98484 6.69207 29.522 18.9261 19.9812 67.694 99.7901 54.5515 188.906 47.8854 23.9729 0.00601877 55.2915
-67.0792 0.00818635 28.2448 3.32051 14.2712 11.3905 8.85682 21.1624 0.694131 60.4733 6.1974 15.1828 41.0682 14.1282 61.1986 17.2045 66.1548 149.681 43.9166 6.69207 31.0409 10.1116 22.9029 79.3591 105.205 4.47758 188.906 83.3272 19.0321 0.00368768 59.6657
-66.7681 0.370268 30.4045 5.00406 10.0457 17.2319 6.97372 5.56676 0.694131 47.5119 6.78702 18.1138 59.3803 65.0357 44.275 38.2282 56.9622 94.7367 61.0749 15.2675 30.592 4.1369 9.42617 21.8294 105.334 39.9043 248.98 71.4322 12.046 0.0063018 55.4235
-66.9186 0.324955 32.5343 3.81559 13.1885 43.8932 12.3859 24.0592 15.7985 24.3897 6.33155 13.5589 59.3803 37.1166 43.7867 29.5557 72.8713 82.3743 50.627 12.6492 30.5959 11.5959 26.2678 15.8398 108.15 5.57958 264.37 62.6807 26.0008 0.0212991 62.3099
-67.5408 0.366911 32.6596 2.72243 3.22531 16.2173 5.55595 28.5791 21.0966 4.88083 4.36821 14.2582 63.3693 61.5727 29.5164 26.8501 109.298 112.223 30.686 30.4069 30.5769 12.9675 23.7282 11.6695 99.0092 29.9165 220.184 58.5984 15.8606 0.0244145 56.6029
-67.3519 0.45303 32.6911 5.73349 3.22531 16.2173 8.34798 25.1608 7.0108 4.88083 1.09502 13.8705 63.3693 61.5727 40.2837 22.3897 109.298 112.223 34.1993 30.4069 27.9967 19.4385 25.2785 17.8592 81.1565 195.067 9.21514 59.1932 48.6252 0.0244145 58.0132
-66.8645 0.0322294 28.5137 5.87077 3.37121 22.4072 34.3065 3.70988 16.8226 4.88083 3.00658 16.7827 63.3693 81.7734 28.1492 42.169 55.7092 112.223 38.0907 32.1905 30.8376 22.4369 24.4151 25.0772 50.7306 192.884 56.5007 67.5096 33.0937 0.0332826 61.2676
-67.4726 0.517538 27.5973 9.37415 10.7581 21.8084 28.3049 3.56832 16.0307 4.88083 7.06741 10.9816 63.3693 85.5631 36.3565 27.3965 56.2453 119.028 36.706 26.853 31.2015 20.3982 22.8847 11.9124 45.7741 168.413 56.5007 99.6274 16.3853 0.0241117 57.339
-67.3663 0.766618 27.7937 7.2364 8.20621 30.0651 30.6023 6.94118 7.20345 18.423 7.06741 10.9816 46.0637 85.5631 36.3565 53.9648 49.6858 102.629 35.7972 39.0498 31.2387 20.3982 16.0452 19.5613 33.3094 168.413 40.2223 70.7973 16.3853 0.0135775 58.1409
-67.8432 0.883528 31.3408 14.4825 1.50818 3.73423 6.36693 11.7873 48.7869 8.00574 33.9969 10.9258 49.8492 112.344 31.8753 40.1846 42.4285 76.7284 36.3943 37.919 31.2112 11.6756 9.33882 19.2851 80.6998 154.183 40.5622 48.8033 16.3853 0.00887122 49.9688
-67.8432 1.01542 11.8344 11.7685 2.71023 25.6698 6.36693 15.7068 60.6705 8.34672 21.0311 8.45815 48.5682 117.666 31.7518 40.1846 42.4285 68.234 39.109 17.5946 31.1496 37.4748 6.75719 6.46361 80.6998 168.591 87.9276 56.6769 12.9419 0.0229145 50.863
-67.8262 1.02223 11.0981 11.5159 0.963202 31.6536 5.75438 16.3866 60.7069 13.1638 10.1108 8.8337 30.9993 127.96 30.5509 30.3604 30.1949 69.3207 39.7853 42.4941 30.2836 41.7914 8.98468 6.46361 97.7033 115.248 75.7235 14.3557 30.1287 0.0475917 54.5437
-67.6506 1.63893 1.56989 11.7102 8.47429 31.6536 6.83879 21.5494 76.2811 21.4564 2.6321 8.59176 21.6882 105.864 19.6573 45.1316 32.9684 69.3207 39.1394 20.9878 31.1308 53.0193 19.4933 6.46361 91.3111 126.759 82.3725 42.5109 131.85 0.0926194 59.0313
-67.3234 1.4015 2.44488 11.6392 7.84513 30.873 8.98799 14.5547 82.6482 39.3009 9.48309 8.3938 1.544 105.864 2.0768 46.9816 34.2929 69.3207 48.9964 28.3665 33.2409 35.6949 13.9993 25.0883 89.797 126.759 82.3725 3.50967 19.9876 0.0213346 53.5306
-67.0934 0.247414 4.01482 15.5614 9.67208 33.3875 1.66189 15.4244 75.3346 28.1177 9.48309 5.84892 1.544 105.864 42.5956 39.1272 23.5166 58.7754 51.4842 15.0782 58.47 39.2136 23.6594 25.0883 84.2664 102.332 82.3725 8.46688 9.02046 0.00781791 52.255
-67.1617 0.216013 3.80141 11.0432 8.75612 15.8678 1.66189 20.457 52.2214 72.0875 14.6083 5.25811 4.71837 106.027 28.2816 28.0115 23.5166 59.5529 76.1699 11.1612 37.3529 34.2787 1.1851 31.9388 101.672 120.279 102.071 27.654 18.7854 0.00816623 54.3903
-66.9868 0.180198 6.96759 13.2469 3.11542 14.5643 1.66189 18.6012 12.1649 80.199 19.113 18.8778 4.71837 137.05 57.5449 13.3313 21.5431 58.1534 81.6272 29.0146 44.6651 31.2515 10.5192 3.93008 101.672 139.743 52.5232 28.3638 23.8036 0.0000895038 57.0103
-66.9868 0.180198 9.46215 3.54413 3.11542 12.4094 1.66189 15.1097 3.73353 80.199 46.2653 18.8778 6.16082 78.9315 57.5449 15.214 21.5431 66.189 123.502 35.918 35.2151 15.1267 10.5192 3.93008 101.672 139.743 52.5232 38.3172 37.2299 0.00104962 51.8981
-67.0289 0.180198 11.9261 1.77122 6.44535 12.4094 1.66189 15.1097 17.7326 82.9105 47.4768 2.59209 11.3482 43.6955 57.5449 13.6093 21.5431 66.189 123.502 41.2385 35.8369 28.5328 10.5192 3.93008 83.4432 163.283 104.644 9.8597 61.618 0.00104962 54.3818
-66.7332 0.501835 14.3665 3.27999 4.78056 7.94522 20.1553 25.4724 12.2441 82.9105 31.0088 8.75549 9.11617 40.9662 62.4103 15.9116 21.5431 35.8252 133.672 44.498 39.817 7.86132 12.845 47.5951 75.741 163.283 72.9676 9.8597 55.2339 0.002512 53.3135
-66.3379 0.55857 18.9392 2.90262 2.63834 7.94522 36.5445 47.0632 30.2472 50.6133 5.70331 8.75549 7.00168 56.5597 30.0367 29.0661 42.9882 25.1078 133.672 34.7909 7.05787 28.8094 17.3061 44.82 87.3231 163.283 72.9676 86.0368 35.7236 0.00132557 53.0858
-66.3379 0.315662 18.9392 2.93967 3.00607 7.94522 38.7925 41.8489 27.6573 41.919 0.372668 6.69821 15.134 56.5597 27.1397 51.3978 42.5848 19.2874 127.214 28.7918 7.18667 34.2914 15.1555 40.9449 78.427 181.878 47.1657 34.7252 37.849 0.00132557 53.7315
-66.4498 0.681456 15.9847 6.91116 4.65548 11.2557 28.5087 41.8489 12.0131 51.2441 10.0347 8.00011 15.134 63.8704 27.1397 55.5537 42.5848 9.81717 133.311 27.7253 7.75207 42.5339 20.9649 40.0686 68.0418 181.878 47.1657 119.859 71.7626 0.005136 53.8905
-67.3867 0.583322 15.0629 9.24006 3.09986 0.517589 13.0967 41.7382 33.709 42.6307 11.4499 8.99312 23.008 84.246 101.913 76.2171 46.7028 21.0783 32.668 14.7234 8.24895 35.259 46.7894 11.4967 56.4684 210.406 12.9826 127.353 159.068 0.00809412 54.3195
-68.3919 1.42067 16.6111 9.24006 3.09986 0.517589 12.4491 41.7382 33.709 52.6725 9.32169 4.92871 23.5851 70.0581 93.5434 76.2171 70.2779 21.0783 15.8135 11.9825 9.56789 38.8749 46.7894 11.4967 54.4529 211.56 12.9826 100.84 59.4754 0.00292248 57.1755
-69.6295 2.0492 21.981 18.1972 1.1048 13.3418 15.3244 33.2696 32.3174 50.0388 5.53846 9.91773 20.8554 93.3755 86.1909 46.9515 81.5701 10.5857 28.121 17.6209 12.427 34.0208 28.9947 20.4784 71.3866 199.348 12.9826 161.413 60.3215 0.00292248 59.4477
-68.372 1.64905 5.45842 16.5403 3.72615 18.3719 15.1799 25.44 27.1698 53.0193 5.53846 26.6526 19.5192 97.5258 86.1909 43.2907 81.7093 7.4634 49.8122 21.539 11.6578 19.7711 31.5545 7.22922 68.1263 199.348 25.9502 120.695 46.7643 0.00292248 53.4886
-68.372 0.918305 9.5047 22.0772 2.78331 15.9187 8.31582 28.0998 20.1828 50.6452 1.61461 26.6526 23.2626 77.0142 58.9141 56.0271 96.2967 21.3767 56.3957 8.76197 15.579 30.3875 33.1807 25.474 68.1636 180.498 37.1952 67.4111 32.5357 0.00747452 52.1643
-66.5819 0.567445 9.30299 6.47084 5.10167 7.90399 13.0769 20.1355 2.80046 52.1499 31.4015 32.035 28.3022 83.0047 54.2323 45.622 92.4621 21.3923 57.6094 11.0027 7.1962 56.3181 23.0278 10.3595 60.1867 180.498 46.3469 35.6175 7.87097 0.0108295 50.6121
-67.0614 0.129058 4.4321 5.92828 5.10167 10.3759 12.838 34.2015 27.3401 64.0941 1.69442 28.0869 9.08947 35.152 11.2978 78.991 90.5411 27.2951 82.5394 13.9689 10.3387 76.5758 34.699 24.3645 75.3627 104.815 106.903 19.0688 12.2325 0.000814763 50.72
-66.9407 0.358119 3.48077 5.9054 3.08376 7.65133 14.0339 21.8078 46.5743 59.6005 5.83485 28.6483 21.3118 15.6481 7.63732 101.084 88.0909 26.5092 77.7213 10.8941 55.9308 30.5017 34.699 27.9115 68.3758 115.05 81.7255 19.0688 12.1629 0.0011088 52.7485
-66.9964 0.370597 3.00323 7.31737 3.08376 7.65133 1.47974 21.8078 40.9784 68.0194 5.83485 43.2848 18.9034 16.5144 7.07891 89.0531 80.6832 33.0904 77.7213 10.8179 55.9308 28.1093 38.0574 23.1215 81.5526 148.468 35.2485 36.861 12.1629 0.00333181 52.2419
-67.1164 0.199375 3.40502 9.91604 28.8254 0.120738 21.917 59.2359 30.2019 10.8426 22.9781 48.6064 4.82767 10.7437 31.3728 75.3447 78.9257 35.0489 86.2195 13.9349 55.9308 21.1529 4.42134 40.5458 99.5318 152.019 55.8766 21.9917 43.7329 0.00284264 60.7431
-66.98 0.216203 6.85908 2.5669 25.8947 7.86335 20.6551 59.87 32.1696 11.0767 25.0681 29.1761 1.29491 32.4559 33.0694 35.4557 81.6207 37.01 82.8536 16.9733 42.1022 30.619 7.48148 48.9066 96.0755 174.042 12.449 40.7298 73.7559 0.00284264 52.3187
-67.3521 0.267986 0.511609 6.45017 23.3509 1.09755 20.0512 49.9227 42.7776 5.60843 18.6215 30.7851 1.29491 60.8361 37.4988 41.8042 105.437 44.4836 82.6356 16.9463 26.413 6.98461 7.82559 69.8301 50.1162 171.202 99.5419 43.6956 41.8264 0.0108751 58.7834
-67.4091 0.172646 20.5422 7.70151 2.2175 16.0402 20.0512 38.0277 39.2905 5.86563 31.9163 30.3861 8.77799 74.005 26.7974 19.7943 105.437 31.1428 82.6356 16.7236 15.4843 3.43358 7.02929 81.0236 73.4593 133.368 121.022 46.6988 71.8853 0.00661287 52.7979
-67.1125 1.21328 20.5422 6.72668 10.1462 5.20445 20.0512 38.0277 39.2905 8.92803 34.4464 30.0349 9.54011 75.7999 26.354 27.9484 102.727 40.7004 70.3238 11.3421 6.99357 3.43358 10.0146 67.5189 82.0894 130.936 105.921 36.6365 71.2428 0.0108089 52.1262
-66.123 0.979536 12.7599 10.7705 14.9608 5.20445 20.0512 37.0295 39.2905 10.1527 34.6881 28.6826 6.63769 75.7999 30.8559 25.979 102.727 40.7004 70.3238 23.352 23.2658 3.43358 3.82758 66.0435 85.6963 121.2 95.9793 25.8003 78.5991 0.00592638 51.9619
-66.5823 1.50124 9.38819 6.69667 14.1572 5.20445 27.3418 28.7987 26.124 23.2382 6.21587 28.9199 26.2096 52.7439 52.6807 19.5244 83.3438 40.7004 73.0625 19.2396 19.6627 83.6868 7.10831 20.025 65.8606 121.163 178.122 28.6184 73.1722 0.00592638 55.9593
-68.2788 0.838887 11.7002 10.4124 9.38086 3.9912 28.9551 18.9185 42.7159 45.0985 6.21587 31.2436 12.7268 61.0802 44.6795 19.5244 103.268 40.7004 80.9971 16.3872 29.4698 46.0634 7.12578 10.4492 67.8588 105.967 124.329 8.63028 50.7054 0.00832745 50.1262
-66.7989 1.44912 7.78337 9.45305 4.86787 3.9912 22.4563 18.6047 34.3735 52.5492 30.4287 24.0179 11.9711 58.8547 47.3149 37.1533 71.9979 40.7004 87.3965 28.0516 12.1734 52.5345 11.408 11.8354 66.6404 129.816 122.581 31.3364 12.4801 0.00662581 52.0087
-67.5198 1.39424 9.2027 8.10955 4.43392 9.20718 6.01674 29.6862 34.3735 46.0353 30.5222 31.5452 9.81121 72.9815 33.899 41.3889 53.664 40.7004 104.791 26.0081 18.7465 59.3202 5.79232 6.95979 92.7169 111.483 79.4664 30.705 2.58685 0.0113378 51.9736
-68.3895 0.695416 12.4085 5.75254 4.43392 7.70034 7.55086 29.6862 13.9499 57.1215 35.015 31.5452 16.0413 72.9815 39.0884 41.3889 53.664 40.7004 104.791 33.6769 21.4982 42.0696 2.29583 6.95979 89.4266 121.451 79.4664 20.8037 24.0382 0.0133797 51.8001
-67.5162 0.431788 12.9578 4.16223 4.43392 14.7423 12.1369 26.1426 13.9499 57.1215 35.1547 9.1504 16.0413 49.9257 25.7959 71.6053 41.7648 49.5612 128.907 8.90916 21.794 7.7468 8.22091 28.1015 99.3608 109.774 101.515 29.201 24.0382 0.00672195 51.729
-67.3088 1.03244 7.77223 7.76891 2.12596 12.8981 5.51151 26.1426 26.0037 57.1215 37.0163 28.2343 11.9388 42.5155 27.5326 53.8717 27.3154 48.1833 107.634 6.26814 27.5785 27.8552 21.2189 41.329 107.325 122.204 105.513 260.176 43.0493 0.00244309 56.265
-66.9202 0.776541 4.86428 8.47517 2.11605 19.2605 5.51151 36.0002 26.8226 57.1215 22.1883 59.8758 5.35484 80.3816 36.4845 21.8085 53.7768 39.492 111.851 4.40571 9.1547 22.328 17.6813 17.4131 81.2427 152.737 102.225 165.683 30.0385 0.00273813 57.8075
-67.9314 1.38719 4.86428 5.12551 2.11605 17.549 5.51151 39.1127 23.8386 57.1215 22.8016 26.3437 17.8313 69.0287 73.2672 4.68486 44.1699 63.9256 53.4841 40.0813 4.42293 35.1696 6.14783 55.7707 81.2427 142.784 59.7841 32.7802 36.0792 0.0189878 53.043
-68.4293 0.51612 6.91441 5.47253 5.61496 17.549 0.8611 40.9937 23.8386 52.387 24.9817 30.1721 12.4424 69.0287 85.3111 20.3849 44.1699 72.5284 55.1982 34.384 8.46799 15.7749 6.52982 26.1722 99.5802 155.144 59.7841 32.7802 36.0792 0.0155725 51.0477
-68.2306 0.559626 7.32155 5.47253 7.52664 16.7586 0.605659 40.9937 23.8386 52.387 24.9817 22.2542 9.99226 74.2659 85.3111 13.998 44.1699 71.7415 62.8488 30.9104 8.46799 16.7354 7.26539 27.4726 92.8502 176.633 28.3465 92.8423 36.0792 0.0825113 55.3063
-66.6421 0.434988 7.32155 5.47253 14.6616 31.4326 1.44685 32.7478 16.8529 34.3654 24.9817 22.2542 4.07909 97.7329 64.8573 15.1123 57.3712 57.3515 74.4995 24.0865 8.46799 29.2617 7.26539 27.4726 61.817 199.586 23.5082 60.3355 56.1627 0.0825113 54.782
-66.8378 0.628052 13.0707 2.82167 15.7991 31.4326 1.11753 41.1888 15.6741 24.7243 24.9817 26.3169 1.9475 95.698 64.8573 11.6222 50.6987 71.4983 74.4995 13.8773 19.109 45.6728 9.42606 37.4145 68.9146 145.869 29.8302 65.8196 47.8437 0.024026 52.1952
-67.4213 0.107789 6.72456 3.48126 16.7623 31.4326 3.61746 41.1888 22.7021 38.3605 24.9817 24.6162 1.9475 95.698 64.8573 11.6222 50.6987 56.383 76.9463 4.45449 19.109 59.7199 9.42606 21.556 72.0718 145.869 29.8302 94.5711 37.878 0.0331885 53.9976
-66.7102 0.107789 6.72456 8.12668 16.365 0.562787 3.61746 65.0383 20.606 39.7527 24.9817 17.6929 1.9475 81.5857 32.5608 4.42437 50.6987 62.4953 75.3849 12.2918 18.1635 7.64655 72.1023 36.3559 63.451 139.077 155.304 31.8888 30.7559 0.0284199 59.757
-67.1124 0.107789 0.850728 8.34473 14.5318 3.13788 1.09511 65.0383 24.5086 71.6034 24.9817 7.8018 1.9475 88.8225 24.0196 4.16019 38.0033 109.547 75.3849 12.2918 26.4899 24.067 6.99289 19.3324 91.4411 130.02 162.196 39.1446 34.4696 0.0183545 57.1669
-67.5403 0.351891 0.850728 6.63814 16.6328 3.09442 1.88895 63.2383 24.5086 71.6034 20.5148 13.5324 1.9475 93.1895 24.0196 4.16019 41.8699 109.547 69.2274 26.64 26.4899 24.8019 6.99289 9.03326 89.6945 85.4633 162.196 67.9733 39.2878 0.0220236 56.8051
-67.6204 0.835827 1.19497 6.6297 18.6652 9.25897 0.621453 63.2383 42.8481 74.6969 25.1029 13.4093 4.61183 79.6165 24.0196 4.16019 41.8699 109.547 68.3623 18.1606 33.7695 20.3617 6.99289 10.5904 70.2036 54.6926 223.395 54.5718 15.4657 0.0276804 62.619
-67.6127 0.886871 9.69988 7.63845 18.6652 9.3756 1.96237 63.2383 46.4075 9.94635 27.564 11.1939 3.1562 77.951 23.5597 4.16019 41.8699 119.984 90.6137 29.9158 37.965 11.1572 8.62627 31.4627 91.3811 54.6926 173.73 30.7363 37.6414 0.0367041 56.7603
-67.7152 0.791167 12.8067 7.0733 18.6817 9.3756 2.37977 63.2383 30.8768 9.94635 31.2486 11.1939 3.1562 80.675 21.1398 31.3188 28.2369 119.984 58.7385 30.8191 35.9805 16.6616 8.62627 31.4627 75.3412 54.6926 198.75 27.8383 23.0469 0.058012 59.4215
-67.3963 1.29002 11.3329 0.210644 20.7754 12.5501 2.38297 54.8156 44.1756 27.9551 30.1407 9.27415 3.1562 97.9042 16.6817 22.0364 34.1157 123.649 47.3132 33.7169 32.1275 15.9469 4.35256 9.45886 98.341 86.7209 101.013 54.5179 18.6233 0.0419313 59.0079
-66.9859 0.355719 3.05826 0.690172 23.5415 9.76325 2.40116 54.8156 44.1756 37.5941 30.7092 9.27415 1.98531 97.9042 13.1501 22.0364 38.4489 124.458 50.6867 17.7819 29.7327 26.9752 14.7544 15.545 98.341 65.5274 151.514 32.1393 18.6233 0.0460935 54.5199
-66.5759 1.94099 3.84176 0.690172 24.4912 0.506613 2.31729 60.3984 12.6531 43.2926 29.4083 15.8415 1.56978 77.7409 36.3121 23.8106 35.7856 115.982 39.0272 3.08412 50.2326 52.4047 17.3601 7.17999 110.288 87.3364 104.77 39.4541 28.55 0.0184009 62.6373
-66.5759 0.720444 5.37602 5.45436 16.5406 5.20445 3.23201 69.2614 31.6416 22.7268 14.5787 13.2584 19.0769 47.3861 27.8896 62.1828 21.2816 115.774 60.6963 8.97869 54.3116 33.1786 13.3046 9.06262 92.5405 109.074 106.179 38.1136 54.6247 0.0134371 52.6167
-67.2371 0.666641 4.8967 1.02749 9.59665 7.84529 6.0378 52.0139 31.6416 49.3232 16.3329 24.7702 15.169 87.9447 19.5228 53.3799 39.6863 89.1103 75.9248 15.8945 46.8751 10.7893 20.6098 10.4043 89.8655 157.533 49.5368 26.4178 5.402 0.0146666 55.6455
-67.7401 1.55157 5.49341 7.88831 11.3457 4.45544 6.12374 62.67 31.6416 47.1435 4.17093 26.6544 13.5001 56.722 20.1132 55.2158 50.2686 89.1103 74.8139 21.0689 7.81077 6.27958 31.4723 34.624 58.0892 174.313 66.5687 36.0454 59.6668 0.00247764 49.9724
-67.5515 0.961742 4.36936 8.97393 4.74415 4.57244 8.91214 29.9121 71.7819 31.7637 13.286 31.0513 10.95 53.7613 25.5438 64.0431 42.6727 88.9486 78.9007 24.9256 21.0517 9.20632 37.2006 21.1233 61.961 156.582 43.7504 25.751 87.7798 0.000370368 49.936
-66.3907 0.681918 5.50444 9.2427 2.36043 3.50267 11.3365 15.0096 69.4063 32.2096 19.241 20.6009 10.9511 57.4627 9.83013 68.488 49.6692 91.4666 83.1878 6.96889 22.2536 9.20632 39.558 31.0892 49.7887 216.398 55.7251 35.9425 107.456 0.00679284 55.0041
-66.2228 0.655329 5.207 9.55996 4.82956 9.45737 12.7493 5.13785 69.4063 33.7489 16.6071 23.8815 22.0734 66.2919 9.31492 88.5499 25.3568 91.4666 31.6822 41.8386 17.8259 40.3045 43.6666 13.1274 73.3442 216.398 6.02015 19.2257 75.5919 0.00119563 52.8638
-66.6426 0.204117 6.21291 7.7022 20.9436 8.63968 17.9759 5.13785 62.0564 31.8272 17.3231 14.0187 17.2138 61.7174 9.31492 105.798 29.2745 91.4666 8.20705 43.3601 4.3313 52.1376 52.0943 9.69258 82.3517 197.905 6.02015 15.4274 87.2569 0.00154888 53.071
-66.7271 0.268424 6.91623 8.21096 20.9436 7.91937 17.9759 14.8068 59.5002 33.3394 26.0996 8.76105 19.3918 61.9435 61.7135 78.6463 18.4362 51.2051 3.19933 43.3601 10.8836 41.551 70.0014 16.2059 77.9838 207.029 6.02015 15.4274 78.2783 0.00327454 54.7049
-66.6016 0.781633 4.59087 8.21096 19.7769 9.68899 23.2581 26.9766 57.8209 33.3394 20.924 11.5951 24.6185 44.2143 65.353 69.2912 7.72043 83.8668 16.0291 23.7251 7.38866 52.5109 35.3716 20.4572 74.9464 182.159 60.6766 32.9266 93.9164 0.0142412 55.8488
-67.4575 0.59297 10.5235 2.89062 18.7982 11.1948 23.5487 24.0143 57.1152 33.9738 27.0782 14.3758 24.6185 32.0057 30.7969 69.2912 33.4036 114.536 16.0291 38.9953 12.2133 28.5115 35.5799 20.4572 71.2026 138.853 51.2244 71.6961 70.6393 0.0238543 57.3559
-66.3929 0.881516 8.20104 1.91706 13.0199 11.3281 24.4264 32.948 57.1152 38.6192 26.4433 15.265 19.2286 33.2351 24.703 100.4 33.4036 114.536 6.88023 31.1835 6.43021 7.8887 36.0685 11.2074 71.3641 167.816 83.0982 80.8709 140.209 0.0101966 58.7433
-67.6291 0.288339 8.14545 1.87455 4.34096 0.881038 25.1192 24.9745 21.0966 59.5246 22.0403 15.0763 19.2286 60.3932 24.703 100.4 33.4036 96.9783 6.88023 32.4733 6.43021 13.4566 38.4899 54.6293 71.5699 167.816 105.07 81.6086 97.2255 0.014501 56.0823
-67.0444 0.397833 7.7009 4.04737 3.05113 3.17246 22.6701 29.3499 48.1942 20.4804 44.6863 11.7568 6.24746 56.0019 24.703 96.0692 31.0496 124.576 32.5383 27.5672 6.43021 20.9867 55.7787 11.219 69.4796 115.102 105.07 16.5965 60.2676 0.00242308 50.3157
-66.1261 0.839411 7.78521 4.62986 4.05179 1.84471 19.4536 29.3499 50.3526 21.7761 44.6863 11.9904 6.24746 57.8882 24.703 96.0692 29.1854 124.576 29.3614 14.8478 10.6116 21.1605 39.2473 28.7309 97.1877 126.668 116.993 51.4867 57.8357 0.000370308 53.3002
-66.6233 0.315929 7.48015 18.8638 7.73269 13.5246 18.6419 29.6714 3.77497 42.2171 46.0155 14.8162 6.97005 14.1088 24.703 136.736 21.5993 101.363 48.0016 6.97905 23.3249 26.5426 39.629 16.3513 92.73 159.296 82.4808 21.8526 62.5546 0.000734749 52.0841
-67.7278 0.659195 5.08397 24.7138 3.04205 15.4819 10.8702 16.9798 3.77497 53.0899 46.2495 26.7157 6.97005 0.389797 24.703 136.736 33.2998 101.363 60.186 20.6373 27.3814 36.2025 15.0518 7.2128 82.751 150.762 51.6502 6.48476 50.3266 0.00356774 52.5098
-66.6352 0.236734 9.36104 23.9291 4.37021 15.4517 12.7063 15.3234 3.77497 53.3995 38.8512 19.5438 5.16282 4.60284 34.5053 136.736 29.5806 76.0845 51.1055 29.1466 23.6373 27.3703 13.3797 51.6951 77.4224 150.762 51.6502 9.38975 54.5528 0.00210626 50.5668
-67.7816 0.143598 2.08387 21.6169 11.2003 15.2546 14.9698 19.5594 5.52914 76.8442 30.4635 6.2679 17.4124 8.89036 19.1997 125.993 43.198 93.4136 51.1055 28.0073 21.9633 16.6212 2.25303 30.9427 89.8147 160.061 59.2829 45.6355 59.9902 0.00319301 50.8366
-67.6207 0.495725 0.880707 21.6169 9.36301 15.3736 14.5025 19.5594 5.52914 76.8442 18.7546 12.1988 17.4124 9.21846 19.1997 125.848 43.198 93.4136 61.9442 32.9129 7.23753 51.8842 3.11095 23.0798 79.1683 149.609 101.271 44.4063 70.6691 0.00307392 52.0118
-67.4129 0.913499 3.85378 16.5252 10.4374 8.72794 16.1879 3.1086 5.52914 71.7557 47.4323 7.64253 30.1477 33.8099 19.1997 89.7696 43.547 93.4136 57.8797 24.2297 4.48245 78.4274 14.6632 1.37515 79.2993 149.609 36.6093 34.1632 72.777 0.00307014 55.1592
-66.5201 0.844398 11.5397 19.5915 8.22581 5.70375 16.2269 14.7339 8.77544 60.0024 47.4323 3.78118 28.0389 33.8099 19.1997 49.6393 43.547 93.4136 69.2901 39.0271 4.70987 66.2642 35.5485 15.3057 67.318 149.609 36.6093 77.9949 72.777 0.00295074 54.8566
-66.69 1.39901 6.27639 24.107 27.283 3.89195 5.76175 40.7997 11.189 36.416 34.0358 1.45853 14.1432 22.2058 42.3495 28.9558 18.1367 177.921 70.9766 25.4985 6.07692 23.9433 47.9328 14.3201 78.2001 137.165 72.5163 40.8942 74.8434 0.00248084 53.0349
-67.788 0.778856 1.44219 23.592 19.3316 6.02652 9.11914 43.8331 10.9521 46.4075 48.0644 3.24838 14.2521 21.5519 1.63608 82.6171 20.7573 114.711 66.8711 25.788 18.1972 23.9433 73.6816 4.78346 60.1088 141.792 78.9131 103.266 70.8722 0.00179243 57.4312
-67.0908 1.03366 3.58949 23.592 26.9367 4.67313 9.11914 39.471 12.2815 45.873 36.3674 0.649852 4.56319 17.3799 37.3251 78.9778 20.7573 114.711 68.0557 52.0912 12.0312 20.5359 41.564 10.7276 73.1814 120.007 94.4211 57.0402 67.5027 0.00368826 54.6455
-67.3973 0.807005 2.46926 20.7403 23.9237 8.78745 3.28647 37.3917 16.3483 45.873 18.0842 24.6502 5.26978 15.5747 5.85443 78.9778 10.132 150.94 95.0877 33.2251 12.8645 0.968525 41.564 17.8742 96.9319 132.966 87.8936 39.1897 93.4086 0.00532636 53.3726
-67.3806 0.376429 2.46926 23.5276 24.9677 8.70137 2.55258 46.6059 41.0368 48.5114 12.6364 8.64259 5.26978 30.3076 10.2356 78.9778 17.7779 140.124 80.2127 75.0518 4.41337 0.968525 1.57429 1.36681 85.7415 127.776 86.8159 61.6838 70.1792 0.0000320006 57.3647
-66.9306 1.18921 3.16559 20.8476 27.2915 8.84602 3.06284 37.8598 48.8056 34.965 16.8768 7.38984 9.16366 30.3076 10.2356 88.1685 6.91379 129.106 78.5431 75.0518 5.72588 5.28688 18.2048 8.78566 77.9959 142.987 86.1026 38.1345 86.3996 0.0000273113 53.6809
-66.6886 0.622775 7.26536 10.7462 27.2915 8.43876 3.06284 35.7608 48.8056 34.965 16.8768 7.38984 9.16366 27.2562 4.78901 104.961 13.7427 129.106 78.5431 75.0518 6.18439 5.28688 18.2048 6.48544 71.1492 117.527 86.1576 47.7708 73.0952 0.00250095 52.0404
-67.5806 0.977675 0.518846 14.4393 34.1591 10.3597 2.67264 35.7608 48.8056 31.161 13.6912 7.38984 4.97825 26.1509 14.9591 104.961 14.4301 130.64 72.7211 75.0518 1.94335 5.28688 13.6933 7.17063 71.1492 143.124 85.706 54.79 73.0952 0.00264324 53.705
-66.9695 0.610275 0.518846 9.09011 30.8597 7.24294 1.13387 21.8867 46.9041 31.161 15.7244 35.7878 4.97825 31.3853 56.5042 106.145 6.52494 91.0579 71.9802 54.8138 14.1846 6.63738 22.4388 8.19888 69.1755 153.222 48.0693 26.6722 75.3987 0.00774399 54.9844
-66.9149 1.06619 20.2493 9.10853 30.8597 6.91174 5.52453 10.7415 42.7791 28.4276 37.5154 11.2641 0.99364 33.5074 64.723 78.6257 16.4367 82.3871 90.4896 39.6326 3.88907 4.11652 9.037 34.5109 90.8048 132.755 66.9792 21.5963 74.8645 0.00251692 55.5192
-66.9149 0.0849809 20.9344 10.2044 34.5875 23.7795 3.67732 8.86443 41.933 28.4276 37.5154 11.2641 0.99364 38.8183 44.9613 78.6257 18.6904 82.3871 90.4896 41.4801 6.20077 9.60039 9.037 34.5109 85.7338 150.863 96.6505 19.5768 91.284 0.00251692 58.6946
-66.7706 0.636462 10.4879 10.0778 20.1983 18.5608 1.88696 13.6537 46.4021 18.1459 41.9911 11.2641 10.9989 37.2724 30.6517 90.4581 38.6956 74.3848 90.4896 42.5428 4.27439 23.3556 7.40428 37.9714 70.8937 128.429 108.273 171.667 82.7984 0.00216994 52.9461
-65.6921 0.0485875 10.4879 9.88614 20.1983 18.5608 1.57431 8.0139 46.4021 32.6583 36.4557 5.92475 10.9989 40.2062 30.6517 90.4581 43.1566 76.0993 90.4896 42.5428 4.38796 30.6304 7.40428 39.9643 57.4698 128.429 75.3813 171.667 65.3648 0.00216994 54.4963
-65.6921 0.0485875 9.0911 9.6296 20.1983 18.5608 4.16775 8.0139 27.8592 27.561 34.0687 39.6091 6.18622 48.3444 30.6517 90.4581 43.1566 76.0993 61.622 52.6694 3.88365 13.8176 27.4936 47.7326 90.854 101.173 94.5671 90.2394 83.5581 0.000320692 57.3821
-66.2471 0.55217 8.55123 12.863 12.2299 19.2292 5.55517 5.51357 27.8592 32.345 32.666 39.582 6.9256 77.6407 53.6713 113.452 4.72758 48.2894 60.9108 44.8391 4.16138 18.5593 21.7603 65.1976 29.3777 163.261 36.3128 24.9793 65.0238 0.00506158 51.8976
-66.7229 1.02963 5.68584 10.5249 7.6582 23.9825 14.6605 31.3569 25.6317 45.6357 30.5339 22.0612 10.5533 73.2607 37.9373 113.452 16.1698 49.937 51.2654 27.3707 9.13749 23.4386 9.17734 62.2626 41.2645 163.261 36.3128 45.627 41.6707 0.00959842 53.2274
-67.4394 1.1864 5.17179 5.88506 7.6582 21.2192 14.6605 37.7877 25.6317 45.6357 26.6833 22.2808 10.974 73.1032 37.5754 113.452 21.7075 49.937 44.9029 9.71531 8.50432 23.4386 2.97743 91.7072 43.8299 163.261 36.3128 74.4139 26.3825 0.00777369 51.4398
-65.6614 0.830816 4.84348 4.35855 10.7373 20.0969 19.7589 53.8604 37.5608 34.3749 25.8048 20.7958 11.9709 50.803 27.394 113.545 43.6363 57.7542 43.8441 3.60982 9.65242 27.8757 17.2126 70.6226 32.5911 149.117 63.1999 12.2532 21.7273 0.00839509 55.5643
-66.6146 0.0794912 8.83935 1.85981 7.92927 15.4475 17.3796 53.8604 50.1075 35.7096 24.1759 43.9817 3.55358 52.4551 31.8495 113.545 43.945 18.8795 43.8441 10.3325 8.12152 21.6432 11.6665 70.6226 44.4596 186.39 4.53017 5.48075 30.9744 0.000541174 56.4868
-66.456 0.283232 7.03956 1.85981 7.92927 14.9812 17.3796 53.8604 50.1075 34.7645 8.82906 4.01418 3.55358 53.6508 45.8804 123.917 45.7544 18.8795 34.0035 10.8302 8.87287 9.50537 6.36153 129.549 28.4459 223.056 4.53017 5.12086 33.504 0.00125888 55.9332
-67.1487 0.609412 17.8774 11.3405 13.3109 12.545 7.34963 29.3062 26.8663 34.7645 40.6794 20.2009 1.84973 52.9108 53.8739 114.009 47.1446 18.8795 23.2191 11.3349 17.7985 16.9496 18.8515 129.549 33.0673 178.053 24.1673 13.8979 30.1162 0.00665083 50.3936
-67.2663 0.191109 25.1458 9.43684 12.4584 7.53648 7.04425 34.3477 25.3423 39.0906 40.6794 22.5377 14.6226 54.5617 51.3316 117.903 58.0256 18.8795 23.2191 8.13316 19.1125 16.9496 28.2755 79.6074 41.6633 71.3565 155.05 18.5384 37.1826 0.00406584 52.2528
-67.0792 1.06355 7.18935 5.94274 21.3854 6.7745 10.7714 15.3926 15.0401 44.378 38.0005 22.5377 20.9462 61.2186 50.04 144.287 58.0256 9.74983 23.2191 8.66874 19.0161 19.9323 23.2228 79.6074 45.3438 96.7624 125.765 23.351 66.7824 0.00334187 53.9299
-67.4895 1.87834 5.52217 4.16722 20.1771 13.3083 21.7862 19.0646 15.0401 27.2697 54.8981 6.00603 16.7958 68.3123 50.9511 144.287 15.3301 9.74983 74.5181 9.32701 18.3477 30.9469 11.9007 66.418 61.5674 88.872 147.674 31.7489 9.01142 0.00679273 51.0204
-67.304 1.89584 6.32824 1.15413 20.1771 10.3542 21.0914 23.206 13.5584 27.2697 9.55591 33.1861 18.8488 53.0917 53.3179 150.523 34.6015 9.74983 81.5046 28.0093 21.2288 15.0359 5.90292 63.1962 66.119 83.7103 152.25 34.2984 44.194 0.000557288 54.0464
-67.2823 1.03075 3.57231 4.44657 6.10711 22.2616 21.2989 29.5014 17.5731 27.5591 11.8458 51.0183 21.2353 50.6173 42.1612 150.523 9.94021 9.74983 91.7804 40.1784 21.822 13.7352 20.6425 35.4531 63.8933 90.8474 201.761 17.2769 20.8865 0.000557288 54.9747
-67.066 0.565244 2.90299 7.009 7.24973 24.0914 29.0711 29.5014 17.1872 25.6488 11.8458 51.0183 16.3662 44.5956 48.8116 150.523 9.94021 9.74983 98.4678 33.7152 22.3089 15.4555 4.46351 36.1379 63.8933 47.2878 201.761 21.6967 22.4912 0.000557288 52.4604
-67.4989 0.855036 2.90299 4.25317 5.75564 24.0914 33.2222 29.2775 18.8491 17.4117 3.11624 51.0183 16.3662 41.4557 64.7989 150.523 9.94021 19.1574 75.9382 24.7869 19.6555 15.4555 5.21436 76.8745 50.2759 70.3323 202.201 13.2622 70.6801 0.00170132 52.1209
-67.7013 0.385379 2.90299 9.84971 5.75564 23.1573 25.4355 28.7903 16.6478 17.4117 17.9487 43.6821 16.3662 52.9881 47.1785 150.523 9.94021 19.1574 74.0039 24.7869 19.6971 33.696 6.38391 56.5149 50.2759 70.3323 179.847 13.2622 86.3485 0.00173528 51.106
-67.7013 0.288845 2.90299 9.84971 5.75564 23.1573 25.4355 32.7261 24.5283 24.8041 16.1669 39.9567 16.3662 49.8154 47.1785 150.523 9.94021 19.1574 74.0039 23.0394 18.0449 26.5115 6.38391 51.7934 50.2759 70.3323 179.847 13.2622 110.599 0.00173528 52.4625
-67.3054 1.06638 2.90299 10.4046 5.75564 23.1573 25.4355 32.7261 25.4612 24.8041 16.1669 35.7155 16.3662 50.0543 47.1785 150.523 8.09022 19.1574 71.9188 20.9845 14.0877 29.8746 9.97836 66.3366 38.5559 70.3323 179.847 13.2622 106.599 0.00173528 51.4225
-67.6087 0.950189 2.90299 8.14164 5.75564 23.731 24.808 32.7261 24.6081 25.8737 16.1669 39.9765 16.3662 52.2785 46.0726 143.809 8.09022 19.1574 73.1736 25.4146 14.7236 34.6922 2.43019 66.3366 41.7842 129.358 138.462 13.2622 71.3236 0.00173528 49.863
-67.7395 0.41643 1.89275 6.46351 4.29822 23.731 29.349 36.3362 10.9884 23.8822 20.4176 48.5104 7.90856 23.8208 14.207 143.809 50.5815 23.6443 75.356 25.121 4.81783 41.7062 8.32514 76.147 41.06 159.121 89.5005 10.9616 71.3236 0.00180299 54.2523
-67.6095 1.48581 4.61039 14.3973 1.60742 18.3605 29.2253 28.7159 11.3915 35.3406 21.8718 39.9077 4.55311 22.0616 27.2665 143.809 50.7113 8.73795 71.4001 26.0394 10.1368 46.6128 22.1439 62.4562 40.2796 176.813 36.1624 21.1369 19.7518 0.000060113 52.8973
-68.3502 0.740102 4.61039 9.96928 0.922757 22.5616 28.5438 31.5799 17.91 31.5439 26.266 33.0473 1.35483 28.2209 29.5831 143.809 50.3522 3.77902 105.338 16.4727 20.4967 4.33669 13.2952 99.0091 6.31338 180.225 34.3451 25.2182 19.1767 0.000426887 52.5975
-67.8368 0.967788 7.23448 16.6806 0.922757 23.9008 22.439 36.1951 17.91 31.6495 21.9841 20.9538 6.89633 28.2209 25.5953 143.809 50.0145 26.0728 86.8541 14.3455 13.131 4.33669 19.1423 102.319 9.80559 180.225 29.6468 17.2011 47.1305 0.000706634 53.8572
-67.3894 0.150246 9.21127 13.715 3.25528 11.5211 21.0161 14.8607 16.3473 36.956 15.5585 31.6585 55.0264 28.2209 14.9701 143.809 52.2206 26.0728 38.1926 17.4894 33.9796 3.71238 24.6622 91.1202 47.2395 178.03 11.3245 66.3093 10.3546 0.000312493 53.8726
-67.4823 0.0950131 7.00266 23.0966 2.26041 11.5974 8.3984 6.23194 18.2065 40.2359 9.65453 22.5548 63.8326 5.29225 37.1603 104.15 52.1496 54.1036 54.5547 40.0014 45.841 9.50459 7.56754 87.4424 41.972 121.05 19.8049 68.8438 35.9117 0.00244396 59.0849
-65.5399 0.22775 10.0961 14.4436 6.47381 13.2455 14.6944 4.48201 17.5654 42.1718 9.65453 22.5548 64.517 5.29225 37.1603 99.819 52.3282 43.429 100.686 29.4425 47.0871 8.1226 7.23712 59.4808 37.6085 138.039 71.8003 14.8539 24.9395 0.00339151 54.1341
-65.3435 0.283149 4.26626 4.61147 6.47381 17.4315 14.6944 4.48201 14.4442 41.2738 3.42314 28.7369 76.3327 6.00534 16.3577 104.332 51.9973 55.8189 102.29 33.7705 44.4946 25.8677 1.88798 38.7555 45.9612 131.664 109.387 8.1476 57.2553 0.00355633 60.0378
-67.0905 1.11582 5.84522 1.87535 14.8397 5.99676 13.0036 3.47697 46.0895 28.9261 10.3275 17.3493 76.3327 33.4697 27.1822 66.9226 48.9247 48.2174 82.8934 54.0134 29.0683 19.0159 3.94571 34.9683 52.1728 122.453 114.566 83.1213 57.2553 0.00567256 57.2231
-67.3618 1.60804 2.68685 7.32451 10.1619 20.8458 13.0844 6.11438 39.0093 29.4476 10.7879 7.18116 76.3327 29.7111 27.1822 66.5983 48.2305 65.9371 82.8934 73.0089 20.7523 5.78437 10.108 42.6011 51.1087 149.374 86.1541 37.1414 41.2864 0.00539116 55.0426
-67.6355 1.60804 5.98341 10.5942 12.156 20.8458 8.84837 11.3644 41.4024 22.6771 13.3113 6.20404 68.2614 10.3692 27.1822 66.5983 48.4925 65.9371 82.8934 73.0089 33.6613 5.78437 20.5179 53.6422 50.3676 143.053 59.4617 45.3098 52.0752 0.00377274 53.5437
-67.0222 0.96707 7.32908 13.4099 10.6576 15.1058 7.13816 9.67825 11.6847 14.8921 16.1293 7.58706 90.8043 50.9922 43.1961 55.7064 47.941 82.4439 59.6303 75.4694 20.8798 2.96225 20.5179 24.3325 47.5987 144.183 78.76 45.1654 76.0572 0.00523823 55.0918
-68.1967 0.314865 6.1015 15.0053 10.4127 11.4126 5.70597 11.5233 11.6847 14.6867 16.1293 14.1856 96.8034 24.8835 64.158 22.3515 50.707 110.521 34.8442 75.4694 5.70749 37.1421 20.5179 28.4517 56.9386 151.546 14.0092 43.6768 34.0636 0.00925047 55.2254
-68.1632 0.241295 19.0379 11.068 13.5123 14.3539 5.96138 14.3643 11.6847 6.56385 17.6683 8.72864 87.5501 35.088 60.7419 22.8255 50.707 110.521 47.6622 64.1738 5.70749 39.7428 20.6017 31.6803 47.0428 172.846 68.5978 78.1066 97.2554 0.00346518 56.6946
-67.3923 0.702117 18.5761 7.74717 14.314 7.62178 10.9978 16.5808 11.6847 2.30709 36.1741 7.26398 79.8983 35.088 61.8092 21.2116 10.8 140.564 38.5407 44.4965 26.6461 47.9703 27.0631 31.6803 44.8792 181.376 36.9235 138.589 16.0443 0.0033509 54.0665
-67.8363 1.89021 15.9922 13.1378 22.6194 8.38486 11.9747 13.8042 11.6847 4.45363 40.1729 11.9224 72.3772 35.088 21.6096 21.2116 35.2589 136.715 38.5407 41.726 25.8334 44.3135 31.5609 34.0997 39.2154 192.509 36.9235 173.768 4.89403 0.00201938 59.7106
-68.2247 1.35616 15.7645 6.79547 18.4529 5.23308 16.5342 18.0576 46.4752 1.04809 34.3173 4.35504 54.5907 36.4093 8.81205 33.8017 43.5252 136.715 58.1618 46.2418 17.6657 31.4579 30.318 16.1122 39.2154 192.174 10.1361 22.9153 14.5199 0.00237017 54.125
-68.9527 1.83934 15.7928 3.72627 32.2422 1.37131 11.2852 11.7604 53.2842 5.14561 55.4397 7.16315 25.265 36.4093 8.81205 6.06479 36.488 129.461 87.0473 5.01176 64.3835 30.6541 46.4709 22.2419 38.6075 144.56 63.2795 36.9102 17.5379 0.00649975 58.4502
-68.9346 1.83934 14.7532 8.39037 32.2422 3.53802 0.418174 16.148 35.1742 6.12601 57.6555 4.46482 25.3265 50.2583 18.0013 61.4278 42.7628 85.879 77.6986 5.38635 42.3256 54.3864 17.9562 4.08274 79.7667 178.083 40.9215 2.92329 23.2166 0.00288841 55.0027
-69.03 0.585617 18.3095 6.37375 29.1645 4.57916 3.74965 12.0734 37.4975 9.81769 57.6555 10.4664 31.321 59.5088 32.5211 49.5436 52.9149 82.6891 65.8914 4.03988 43.0027 52.2171 9.17878 10.6493 80.1871 166.458 5.29484 2.92329 14.9897 0.00299118 52.4144
-67.2699 0.66401 13.5408 14.2393 24.3824 6.91742 2.57447 13.4063 37.4975 4.74357 57.3882 10.4664 24.4866 46.7481 34.1923 59.0188 52.9149 84.2647 81.6551 7.42434 45.281 22.9308 22.7525 5.22456 77.3668 148.933 10.2093 52.2377 23.7851 0.00289342 49.8537
-66.3943 0.695337 0.511288 20.4085 34.7828 5.90776 2.85193 46.5827 21.7243 6.63256 57.3882 0.722735 10.6878 46.7481 33.6551 59.0188 52.9149 81.1542 81.6551 21.762 45.281 18.7488 22.7525 9.69922 71.1598 148.933 30.54 40.5285 71.645 0.00228895 51.7677
-67.1181 0.330365 0.511288 16.9965 38.0724 6.26735 2.85193 46.5827 20.5033 12.8295 57.4966 9.97136 14.5159 46.7481 21.0194 67.4101 64.9143 81.1542 67.6311 20.7394 52.8098 11.4636 13.9886 9.88027 54.6789 148.933 54.3483 38.3023 61.4137 0.00176775 54.5058
-66.7376 0.615297 4.38501 16.7606 27.5079 6.85552 2.97074 30.6583 20.5033 5.78795 55.6344 7.20487 26.2571 60.9126 33.6623 62.3977 54.1859 44.886 56.798 16.9228 105.278 18.178 14.1738 9.88027 55.1472 186.585 36.1963 61.9475 68.1232 0.00102187 51.9878
-67.3101 0.387684 6.79363 16.7606 27.5079 6.11877 9.75078 18.7791 21.9206 11.0567 69.7865 11.0082 17.1584 70.5932 33.8654 52.8337 54.1859 30.0671 56.798 9.21276 105.278 30.6244 14.1738 2.638 55.1472 186.585 34.076 90.3707 68.1232 0.00281073 55.1736
-67.2259 1.46817 5.6387 5.31507 27.5079 4.27096 22.3262 19.9688 21.9206 3.50094 68.2177 9.54518 20.6845 58.4012 38.4556 70.3745 21.3032 35.9317 59.784 15.8093 108.012 14.4124 31.6905 2.638 86.4178 208.159 34.076 96.3583 46.8399 0.00290795 59.967
-67.4707 0.755431 3.56167 12.1322 2.50619 5.36973 11.2372 18.5628 33.6648 9.37284 72.8314 12.8471 22.4985 25.2892 30.7853 147.718 21.3032 17.4499 87.383 30.8921 102.494 2.59827 3.8143 1.99927 51.4188 208.159 14.5486 11.6269 50.9434 0.003077 55.8065
-66.8277 1.31239 3.56167 19.8108 2.50619 5.55294 10.4659 14.1606 23.9192 12.55 76.1366 10.3528 20.9593 25.2892 28.8223 140.816 28.4103 13.7213 87.383 10.2451 102.494 8.44627 3.8143 18.4537 51.4188 208.159 52.888 11.6269 102.646 0.00341392 57.856
-66.6559 0.743916 6.29964 12.4493 2.562 9.67989 0.268972 8.76012 23.9192 25.316 85.7277 23.7433 22.3175 41.8776 15.2465 165.924 12.6058 23.1115 83.5833 10.4081 102.494 5.61653 6.56891 1.7233 52.248 179.126 38.5729 58.9289 102.646 0.00279291 57.6245
-66.1231 0.11551 2.23856 15.2583 3.26302 10.8906 11.2716 0.244372 23.9192 25.316 85.7277 13.2172 23.3867 54.1732 11.983 165.924 12.6058 42.8381 31.993 10.4081 88.2275 5.61653 6.56891 34.4815 57.1168 207.708 38.5729 79.0847 116.484 0.00534952 61.7977
-66.1476 0.263077 2.23856 13.6383 2.24405 13.0422 12.3877 10.6787 25.0161 27.0487 61.7524 11.7461 24.0017 58.7367 5.36899 145.53 12.6058 44.7015 27.2548 10.4081 72.8318 5.61653 36.94 56.6267 53.4174 198.025 16.1966 79.0847 96.8945 0.00380616 57.9364
-66.8614 0.356043 0.369359 8.16876 4.05956 9.55578 10.5173 12.5363 10.9996 74.9705 37.7316 8.6774 27.1133 36.8263 19.0843 156.96 9.1572 43.7489 27.2548 10.4081 68.6674 1.65835 60.144 42.7279 48.8562 213.001 45.7545 16.8364 47.0857 0.00238328 56.6908
-66.9954 0.145705 6.89795 8.04378 4.50281 9.16957 9.50882 18.4923 9.23421 67.3807 35.3885 2.44381 40.7188 64.5509 23.2823 156.96 9.3531 34.9754 33.4425 10.4081 59.4905 22.7979 35.5206 36.9613 44.1808 213.001 36.4406 19.0317 44.4131 0.00529823 54.528
-67.1104 0.355527 8.28447 3.43496 3.94398 8.92121 5.4685 16.3522 2.09161 73.6047 37.0294 5.36414 55.465 64.2212 18.1939 156.466 1.72988 86.7463 11.4889 10.3086 38.6487 62.3961 49.169 2.06259 27.3554 180.519 47.3916 8.28319 18.6405 0.00852113 61.0454
-67.0282 0.139026 3.53119 14.5818 3.19062 9.77265 10.4132 11.8595 10.7987 76.1144 27.9063 3.7602 37.3227 93.6865 17.7859 156.466 1.72988 37.4834 11.4889 13.6775 22.1577 25.0572 47.3359 33.7154 63.0979 185.03 33.9351 22.0499 13.5313 0.0235514 53.4583
-67.2797 0.842807 2.80959 10.7919 3.54599 13.0556 7.31764 11.8595 17.2899 72.4416 33.4192 6.72978 36.6506 93.0153 20.995 180.775 7.59753 35.8692 11.4889 9.26297 11.7912 21.9037 21.2923 25.2369 73.6991 218.745 17.0873 30.6498 84.7476 0.0261751 54.4369
-68.9408 0.842807 2.80959 5.12737 4.82078 22.2839 3.82735 11.8595 15.7166 63.0608 35.4705 5.31962 33.8807 93.5706 27.2521 181.613 7.10879 35.8692 11.4889 16.8773 25.0013 14.7375 16.1637 10.7885 112.444 185.753 22.9559 6.48754 88.586 0.0257364 56.2111
-68.6981 1.09328 2.80959 0.398121 12.4351 12.1872 6.01003 11.8595 16.1788 64.779 40.0509 7.77502 25.4788 82.8579 24.6734 174.985 16.6358 28.828 11.4889 18.9263 44.4631 27.2539 16.8896 9.15515 99.9731 185.753 2.10618 9.64402 96.7585 0.0328417 58.6227
-66.0282 1.09328 14.6887 0.398121 16.7776 21.3884 7.38166 17.9947 18.0805 26.8354 24.8934 6.17114 49.1475 59.8922 23.2466 174.985 2.19544 28.828 24.3448 50.773 51.5775 27.2539 18.4163 13.6689 49.4445 203.566 10.8721 11.5354 33.898 0.0328417 58.5893
-66.354 0.158787 9.23382 3.26035 16.6085 19.054 19.8874 7.85493 18.6601 38.4821 25.5661 12.1038 46.7632 37.5847 34.5464 174.985 2.19544 40.0567 9.52754 54.5494 51.5775 27.2539 19.8256 13.6689 24.9921 231.899 60.3192 46.9396 33.898 0.0119738 59.4361
-67.1686 0.458177 9.48615 6.40045 14.5876 16.0057 18.2748 24.39 18.0002 40.4268 23.2446 20.1538 39.4503 37.5847 44.5908 145.713 16.6702 43.4199 20.4018 15.2815 37.8605 1.0717 29.6319 55.8103 37.2413 231.899 52.0007 60.7773 59.2818 0.00510414 57.7814
-66.1095 0.279748 5.22275 7.17869 0.681372 7.87515 7.00799 33.8968 18.9317 40.4268 23.2446 27.1128 32.9045 72.7849 46.6369 145.713 20.0508 31.4738 45.8663 5.71997 57.2992 1.0717 11.1482 60.1923 57.2902 159.945 52.0007 87.1169 60.3901 0.0138729 53.8502
-66.7121 0.827275 1.34496 8.5654 0.681372 7.87515 1.00459 28.9723 19.9007 54.5966 23.238 28.259 32.5552 72.7849 46.8117 142.753 0.391893 31.1085 65.6961 9.61307 31.4055 3.34863 10.3108 61.4109 67.7341 156.762 52.0007 28.3988 103.062 0.0119543 54.2736
-66.4008 0.416971 1.34496 21.2814 0.265545 4.6402 8.45865 35.2734 25.678 36.0265 33.8558 45.0962 12.4076 86.945 32.1819 140.896 8.61658 12.6096 38.4101 14.0873 25.6455 3.34863 30.6565 27.8522 96.6936 156.762 29.118 5.26146 20.4358 0.00128714 57.5621
-67.3009 0.295732 1.98922 21.2814 1.78771 5.8263 9.93615 50.9661 26.4398 34.5814 38.9144 16.0793 16.1595 99.5498 73.2709 85.6985 17.1324 53.527 10.0949 7.20569 10.1429 9.7135 19.9391 30.6768 84.8773 184.073 75.4905 37.1444 104.316 0.000754826 52.7267
-67.2418 0.734062 3.49749 26.9361 3.0031 5.99659 10.2534 49.5801 17.0801 17.9768 24.5933 15.7241 33.1725 93.8607 74.4612 76.2749 14.3303 53.0642 63.4076 17.2203 6.29287 1.48139 30.3952 45.7515 84.2599 131.97 104.087 9.37195 36.0331 0.000754826 53.6672
-66.3747 0.129925 12.7074 6.72702 11.6317 6.21531 8.45249 49.8743 39.4803 5.41723 31.1228 41.4543 28.7954 55.0281 106.304 82.3472 15.1709 1.93982 33.0098 17.2203 23.8649 19.3757 32.9827 31.3537 95.1091 76.2631 183.475 7.48965 22.8221 0.0131985 60.4588
-66.3268 0.0108349 0.921531 3.50698 4.81186 10.4129 9.13506 50.9383 47.3918 15.3634 29.0312 34.3459 0.41597 28.1737 45.556 123.251 64.765 18.94 37.6031 19.378 22.8121 22.9928 40.0745 37.4532 101.684 82.9189 174.699 8.7337 25.6747 0.0124673 55.1539
-66.2902 0.125358 0.105703 4.61839 12.8988 9.09322 7.76405 29.2342 51.4554 6.87007 77.5583 25.1352 17.0877 28.1737 40.045 113.601 64.765 4.32816 40.7569 32.4897 19.0118 7.99861 52.3908 9.84777 109.401 62.4933 150.185 12.5592 15.9002 0.0246785 59.6981
-67.4243 0.408666 10.1336 4.6804 16.2758 12.8921 24.1347 24.5807 55.3565 3.03077 73.8663 21.2754 15.5277 118.608 15.1474 4.42771 77.1663 13.9811 38.6327 23.7271 20.6066 25.9941 29.0295 46.6706 88.4826 81.588 180.577 13.7436 39.3656 0.0334836 59.6549
-67.2459 0.977667 17.2605 4.7903 14.0649 15.0913 11.026 33.0323 31.6842 12.3362 16.8352 14.121 31.1457 67.345 14.8466 7.96788 164.783 31.5615 30.7408 14.141 12.5609 54.3426 17.6372 67.3439 73.6216 77.6073 144.97 12.992 90.5083 0.0123364 52.717
-67.2284 0.883839 15.231 4.29602 2.16562 9.58329 10.3549 63.4772 25.1028 4.90147 27.777 14.9933 24.0356 61.939 13.1216 38.7167 147.252 26.672 31.8921 11.2155 7.97736 110.013 4.40906 77.4449 14.0439 55.6162 164.779 15.4353 93.0422 0.0100641 62.3969
-66.2699 0.890942 6.40584 8.42908 8.561 28.0308 13.2488 47.0232 39.1333 11.4171 31.7036 3.19764 25.6436 68.2924 21.6283 48.1366 56.9769 49.0642 44.4317 14.1523 9.91638 110.013 7.59776 66.7884 16.7373 23.5103 294.124 7.64814 83.9324 0.00256152 62.7058
-68.4895 2.13146 6.08983 2.40167 10.4943 25.2393 15.7247 44.4951 37.1167 10.4313 25.3866 21.647 20.2777 64.7857 21.4224 69.1115 41.8907 42.0896 32.2229 13.5483 10.4768 121.623 6.11329 64.1576 45.0874 74.1655 224.126 81.0281 35.1089 0.0028998 57.7952
-68.7841 2.05103 5.60814 2.40167 10.5512 22.5004 20.8154 54.1215 36.7494 3.51145 25.3866 21.647 16.5874 64.7857 21.5567 69.1115 41.8907 42.0896 32.9318 12.889 13.0141 124.899 4.91317 55.7311 45.0874 50.0384 224.126 65.7439 36.4632 0.00148881 57.7817
-69.373 1.31363 3.27188 6.80556 20.952 17.0978 10.2867 53.4793 43.0713 6.92978 23.5411 23.5926 9.51789 43.1123 20.0814 45.7584 23.4589 67.2918 34.2135 17.3232 46.3404 124.899 3.46409 60.1847 47.5218 88.472 210.657 102.951 79.8418 0.00417016 63.6055
-67.5206 1.34967 2.16031 5.87238 10.4582 2.65455 14.9797 80.9175 32.6993 6.92978 30.4677 26.8962 10.4098 68.4175 24.1285 48.286 23.4589 65.418 35.3814 8.73981 37.3425 112.878 3.46409 42.8367 33.7241 110.028 233.72 63.804 70.4456 0.00817129 63.084
-67.8571 1.08097 1.38606 11.3744 15.0946 1.46381 11.6659 80.9175 22.0134 6.92978 24.7795 29.1457 10.4098 72.4204 25.2396 41.8687 26.5705 65.418 36.0799 18.1501 31.5673 112.878 9.35282 42.8367 38.0978 110.871 116.988 62.566 61.6978 0.0123205 62.5566
-67.8443 1.28468 1.38606 17.4222 7.73727 1.46381 6.77013 80.9175 13.5953 1.85224 40.9124 18.4553 16.0097 86.4453 25.4101 68.2442 47.4401 68.1807 13.2845 6.81705 36.495 95.5476 11.9888 16.7198 48.1537 116.376 168.748 38.6092 77.9224 0.000385537 55.78
-67.9672 0.778929 8.19865 19.2746 5.51226 0.739701 9.18319 53.3566 52.5678 11.6039 52.1518 12.3491 16.0097 111.257 25.5264 68.2442 30.9858 68.6796 13.2776 7.19403 38.0473 58.0829 0.593528 16.7198 69.7118 136.54 145.879 22.8656 38.6441 0.000385537 56.6987
-67.8677 1.71003 14.9837 4.86485 21.1075 4.90962 12.0387 56.1643 12.06 3.33078 56.1657 12.3491 7.64831 104.588 27.4092 68.2442 30.9858 68.6796 35.1078 10.7723 38.0473 58.3918 22.1746 14.8313 75.6008 104.439 128.019 27.9166 30.2493 0.000385537 52.0827
-68.0319 2.00376 21.3326 3.43253 20.2862 4.84734 5.33988 57.5454 10.4533 4.93976 56.1657 23.9959 8.28238 114.778 28.2735 70.967 30.9858 37.2248 24.3091 25.3154 31.3446 70.765 18.4124 14.8313 87.8986 104.439 92.9634 40.8834 67.5852 0.00660578 56.8978
-68.0059 1.6839 23.3992 12.6108 19.1337 2.88984 9.07142 58.6469 8.39807 5.87028 56.1657 18.6927 7.3596 114.778 27.2262 58.076 30.9858 52.7019 32.9168 25.3154 27.6998 47.8533 22.0175 14.8313 87.8986 148.981 82.1846 17.2584 12.0341 0.00226464 53.4272
-67.7344 1.16928 23.3992 5.42691 17.3607 3.79437 14.2601 52.5793 9.65769 3.84553 56.1657 18.1498 7.69485 113.952 22.9935 68.0988 48.2002 44.5928 34.5376 13.1818 8.00264 55.5624 47.3708 8.29128 71.6052 158.253 67.1984 54.8839 3.29465 0.00218019 53.7614
-68.247 1.25798 20.7455 8.78813 17.1186 9.57683 4.19453 55.082 12.2768 6.41732 67.253 15.2933 8.10619 142.807 27.6891 70.1737 51.9214 38.465 6.36655 15.5226 8.00264 54.6077 36.4064 8.29128 55.7363 179.87 23.8956 49.7509 44.2948 0.00840805 54.1127
-67.4263 1.16471 20.0816 7.39007 13.4237 3.95197 4.52741 55.082 10.0078 13.4022 63.8135 14.9496 14.5345 152.079 21.6751 72.3539 51.9214 31.4697 6.36655 20.7142 11.9366 54.6077 24.9388 8.99189 55.557 176.826 38.3487 72.0129 22.5459 0.0016136 52.4433
-66.2022 0.805617 16.1115 12.1409 32.1088 3.57657 1.29044 26.7843 10.0078 2.94733 63.8135 29.4556 20.7215 152.079 12.9942 72.1057 70.6052 32.5196 4.84047 5.24716 8.93566 56.6465 31.9159 19.8518 40.2657 218.549 38.3487 56.5309 64.8722 0.000452841 55.4703
-67.5697 0.772301 22.5776 5.22789 32.4029 4.71522 1.29044 25.783 10.0078 2.94733 63.8135 26.075 23.4062 160.916 6.90348 73.1302 86.1499 31.295 4.15939 5.24716 10.0324 38.2016 31.9159 24.7914 40.2657 214.496 16.8766 42.8256 31.2332 0.000452841 54.0261
-64.8473 0.0608154 1.29889 4.99204 21.3619 3.73518 8.53392 19.5393 19.1966 4.48758 54.1563 11.2051 23.5848 157.028 15.7831 74.0422 103.921 30.2683 3.38122 27.7524 3.49143 23.1727 49.4368 20.9743 37.9982 234.795 14.2552 27.7263 15.3274 0.0488198 61.7536
-67.8006 0.363258 5.91173 7.48141 29.6792 3.92951 17.8723 19.865 15.6533 5.61353 53.5235 22.6753 21.4741 155.181 6.73717 73.1065 99.7003 16.2913 3.38122 36.7939 3.14386 2.94815 49.4368 23.4786 46.231 213.507 48.9395 22.4399 16.0892 0.0560469 56.1937
-67.7192 0.573033 2.82542 7.48141 29.6792 3.92951 16.2015 6.99613 15.6533 21.1235 53.5235 22.6753 22.5393 155.181 18.2025 74.0148 99.7003 17.1872 3.38122 17.6181 9.41793 2.94815 68.0141 14.7285 38.1004 201.006 25.4021 27.5227 19.6515 0.0463796 55.8774
-67.1769 0.500902 6.2332 7.11778 24.9275 3.905 16.1511 9.29359 15.6533 19.0951 53.5235 26.1957 25.2872 155.181 10.1637 72.2705 76.1575 36.9889 3.38122 22.6188 11.9455 10.7053 62.4862 7.99836 61.2015 158.503 8.38221 56.5176 27.6346 0.0366824 54.1826
-67.444 0.236773 6.25716 8.09612 28.291 4.08524 14.3091 10.3113 17.9931 15.3757 58.0942 27.0049 10.8683 155.181 10.1637 72.3723 76.1575 36.9889 7.44349 34.135 17.9191 14.6669 24.778 12.1532 65.7347 223.656 8.38221 121.243 54.852 0.0156886 52.6523
-67.58 0.79905 3.05236 8.61986 26.6511 4.4203 18.3291 10.7175 17.3875 15.3757 58.0942 25.432 10.9642 155.181 12.2187 72.5586 70.23 40.886 14.4576 23.1528 15.4895 14.4441 27.7608 11.8579 66.9961 223.656 19.163 17.1825 127.874 0.0160945 52.6751
-68.5486 0.669472 0.386834 10.3767 24.8667 9.33277 17.126 18.9722 14.0767 17.4971 51.3932 26.0039 8.31889 155.181 12.2187 72.5948 59.2458 47.9609 17.5894 24.7302 22.3666 40.3028 13.805 2.00902 76.9287 150.004 108.404 62.0933 2.915 0.0210352 54.0568
-69.7707 0.757762 2.94739 9.31904 22.1212 10.0409 17.1785 19.9555 13.8559 17.4971 57.0775 15.6571 8.59247 155.181 21.4353 72.5336 4.73312 61.6091 17.6721 27.5285 15.9712 47.6312 53.2594 8.39238 85.2386 82.8602 125.603 22.1292 7.99901 0.0227723 60.6066
-66.927 0.760707 14.6409 8.99317 21.9536 6.58239 5.88501 11.2701 9.1501 20.3751 61.6362 15.6571 5.48631 170.62 21.4353 72.6566 4.73312 66.3836 2.18233 21.6511 33.3261 42.4135 55.4803 10.0279 75.5812 97.3239 144.699 8.70624 7.62962 0.0180932 57.3955
-67.5702 0.76068 25.7993 8.532 13.6743 8.60501 6.03334 5.5892 8.08675 35.3267 61.6362 18.74 8.28192 183.9 14.6573 73.2791 17.5515 23.0477 7.71462 20.3353 43.0979 19.5099 50.3812 38.003 53.4896 86.8832 210.146 26.1266 3.36103 0.00580221 53.1147
-67.3332 0.760686 29.5132 3.73533 10.1143 8.2737 6.76715 19.2754 14.9236 29.7957 61.6362 7.79858 7.50179 179.515 14.6573 73.5571 5.69079 24.2755 15.2481 18.0452 32.3892 34.3627 60.421 43.9175 51.5062 51.8821 208.614 26.1266 8.2527 0.00810437 54.3731
-67.7219 0.761783 28.442 3.73533 10.1143 12.6414 4.21254 19.2754 15.9689 29.7957 61.6362 7.79858 5.40414 179.515 14.6573 73.5571 5.69079 9.93606 32.7298 28.7627 12.5613 44.768 48.2369 55.2595 23.776 69.1545 230.489 37.2248 8.2527 0.00828317 57.398
-67.5857 0.768073 29.2033 4.6894 8.92375 12.1551 6.19856 18.4314 20.2975 30.4637 61.6362 7.79858 4.94578 179.515 14.6573 71.0687 5.69079 9.93606 39.9709 28.3569 23.5167 33.7434 45.709 56.8245 30.0308 54.7622 230.489 82.5093 13.6652 0.00686408 57.4923
-66.9334 0.766994 30.9648 5.17897 15.2936 4.63439 8.02832 26.2176 10.4274 37.7005 67.7221 5.82402 5.91659 181.393 14.6573 29.2037 5.69079 23.4359 39.9709 28.3569 15.5554 28.5792 49.8043 86.8929 41.3986 28.6707 258.497 9.64795 12.0646 0.00531075 56.1265
-66.9334 0.766636 30.9648 2.93751 16.9484 5.27943 8.84228 35.9928 10.4274 37.7005 58.5286 5.82402 5.92294 171.71 14.6573 52.3844 20.1217 23.4359 25.0774 27.9089 8.14332 17.5798 49.8043 86.8929 58.4325 28.6707 258.497 66.6258 18.9278 0.0187596 58.1595
-67.5015 0.766527 29.2174 2.93751 16.9484 5.27943 9.78251 34.2725 10.4274 35.413 62.3866 5.82402 8.24411 171.71 37.752 42.7171 23.1132 22.108 48.6874 13.961 4.40377 16.0514 18.6426 86.8929 42.8098 28.6707 247.719 140.683 18.4332 0.0118319 55.2774
-67.2326 0.681579 29.2174 1.73511 18.8797 3.08098 6.81179 29.8652 10.4274 57.9836 36.6362 0.888871 10.3507 171.71 31.0415 42.7171 23.1132 36.5999 46.2708 9.48104 3.46961 18.5014 42.6138 79.6629 46.5183 37.2041 262.019 137.294 21.4083 0.0176772 58.0291
-67.1658 0.144484 24.7718 3.34017 18.8797 3.6684 6.81179 38.1025 10.4274 55.9003 31.48 8.88174 16.1023 171.71 31.0415 42.7171 23.1132 36.5999 32.7185 10.3518 3.47572 11.912 3.82944 126.261 46.5183 37.2041 262.019 191.357 15.0787 0.0192402 59.881
-67.5245 0.0907998 32.5094 3.71059 17.9291 3.6684 6.81179 28.001 6.08361 57.0142 26.2918 5.32793 16.1023 171.71 34.2255 42.7171 45.1992 25.7543 36.9317 5.34836 7.37045 49.8277 3.82944 100.782 60.8554 13.4741 236.767 76.946 8.39578 0.0173326 57.6905
-67.5496 0.152668 32.5094 3.39512 13.1989 3.6684 6.81179 29.3469 13.7605 57.0142 26.2918 5.32793 15.2687 171.71 36.85 42.7171 48.1057 25.7543 36.448 7.1265 5.59873 47.5914 3.82944 100.782 42.3239 13.4741 236.767 76.946 15.8863 0.00182215 54.5063
-67.2191 0.602513 32.5094 6.65033 13.123 0.749678 0.730552 46.9922 15.3889 57.0142 24.3428 5.32793 15.2687 161.894 29.389 32.2849 45.8956 11.9646 12.2966 9.02758 3.13821 45.4703 6.2631 100.782 69.5223 157.13 87.5324 48.4552 46.5141 0.00234754 58.7461
-67.9355 0.762143 31.3398 6.65033 11.2041 7.49375 2.64542 64.1604 7.23876 57.0142 25.5577 12.0225 20.5588 161.894 42.6681 32.2849 14.2304 17.1178 10.9934 9.39831 3.13821 72.7385 6.2631 51.167 106.579 140.015 8.14975 53.702 27.3024 0.00234754 58.308
-68.1963 0.279655 15.7462 5.48896 0.310712 7.49375 5.78565 74.6052 31.1864 30.8531 23.4114 19.383 9.96414 164.819 44.3434 46.9976 14.2304 22.4168 6.45971 3.55242 3.13821 36.5743 32.8247 57.2519 97.2124 183.056 22.7293 48.4161 28.5429 0.00971652 57.2153
-66.6996 0.297705 15.7462 5.2808 15.7873 16.1702 7.29983 58.9795 24.0167 7.34102 37.482 19.383 9.96414 164.819 15.9823 61.2609 4.24251 53.6321 11.7272 2.89636 19.1658 35.8247 20.7842 47.0589 108.461 183.056 30.3309 66.0524 28.8686 0.00789011 55.2718
-66.6773 0.42664 17.0255 2.72749 27.1912 5.28633 9.44975 57.3149 24.0167 9.31002 37.482 9.61107 19.1629 164.819 16.5936 92.888 1.97688 53.6321 18.4509 2.89636 16.4018 45.8343 25.2152 26.2656 59.0046 201.153 50.4089 54.3534 33.1855 0.00941228 52.2764
-66.5659 0.807362 14.1052 2.72749 26.9239 6.69315 15.4095 54.5042 22.6813 6.32819 24.7288 5.83692 19.1629 164.819 16.5936 104.554 1.97688 53.6321 18.4509 8.25939 3.00354 64.2341 29.9451 12.3699 93.6087 121.278 15.8307 57.9676 62.4208 0.0247284 58.6271
-66.7801 0.746336 10.0845 2.72749 26.9239 1.23235 21.4 54.5042 28.5382 6.32819 23.9732 5.83692 15.7127 164.819 23.6943 86.4918 12.3397 62.2061 18.4509 9.53777 3.00354 70.9272 18.4911 8.90091 84.3478 176.158 61.5195 83.1021 73.5695 0.0247284 55.8007
-66.7801 0.335854 12.6904 2.72749 26.9239 2.02918 21.6267 54.5042 36.0232 2.97301 23.9732 17.5243 8.11943 164.819 35.8277 88.5406 12.3397 31.5931 13.655 10.0506 26.1017 25.161 21.8732 71.5758 31.6141 161.064 58.2437 39.308 202.893 0.0162088 57.6527
-67.2022 0.169554 6.76958 5.30458 20.1349 10.7624 16.6003 62.5968 13.4267 1.16642 23.9732 15.6901 22.787 164.819 45.0001 79.5838 12.3397 41.9872 13.655 10.6278 29.4866 25.2499 21.8732 42.7688 31.6141 209.826 58.2437 9.80725 115.465 0.0162088 55.3254
-67.0863 0.08918 6.76958 5.30458 20.1349 7.9775 19.6025 62.5968 8.88238 4.63689 32.1273 16.3202 39.1898 164.819 38.6521 71.9803 12.3397 41.9872 13.655 10.5186 34.1535 25.8002 19.2207 43.2653 41.8672 158.709 58.2437 30.953 96.8045 0.00260508 50.4834
-67.0621 0.08918 6.76958 5.30458 11.0404 7.45146 28.8545 62.5968 8.88238 4.63689 32.1273 16.3202 39.1898 164.819 37.5972 71.9803 12.3397 41.9872 13.655 7.84548 11.6597 27.2386 19.3066 40.4326 64.7099 164.812 58.2437 12.5483 60.3344 0.000958906 49.2924
-67.0784 0.30049 7.52266 7.07131 14.7676 7.45146 35.3914 48.9353 3.49639 10.9924 28.4542 32.4152 26.4689 164.819 37.6947 71.9803 12.3397 43.3255 13.655 10.6815 17.6716 24.0159 26.2066 33.0138 64.7099 180.557 49.4357 21.5777 81.43 0.000958906 51.3348
-66.9537 0.30049 6.5379 4.06152 14.7676 5.11999 35.0185 51.6205 15.8256 10.9862 30.8421 16.8118 11.3651 164.819 64.3291 70.2679 14.0828 49.8005 6.02671 8.78264 20.1712 27.0956 25.8213 48.7874 65.7816 128.719 106.183 3.92956 52.3945 0.000958906 52.6248
-68.0417 0.999101 8.63104 4.06152 16.6263 8.13732 33.4772 48.5496 4.47567 5.82562 30.4002 11.5616 30.1669 164.819 42.3082 70.5235 14.0828 59.263 6.02671 7.38887 21.7057 28.9273 13.14 47.2023 80.857 111.379 80.7396 10.5162 62.2899 0.00746135 53.3797
-68.417 0.787213 8.66475 3.34443 15.9918 2.28557 34.9014 54.7397 1.2087 44.73 33.1396 17.1785 25.0297 164.819 25.1069 74.1567 20.3989 29.1348 6.02671 11.7842 7.02083 47.0362 11.119 52.3253 74.7472 101.479 103.545 6.13345 69.6508 0.00628914 56.21
-68.1957 1.03543 11.873 2.31236 15.9918 2.28557 34.9014 54.7397 10.224 44.73 33.1396 17.1785 17.0561 164.819 14.791 79.9582 20.3989 28.317 6.02671 20.0439 15.369 42.6865 11.119 57.8555 69.7765 101.418 104.73 6.43809 68.4611 0.00501745 56.5494
-68.1592 0.251102 9.41407 7.50456 15.9918 16.6988 17.8351 60.5992 2.75569 13.8634 32.6187 22.1674 7.42643 161.485 11.0854 79.9582 20.3989 28.8224 4.19473 20.533 24.6739 47.6536 16.5254 64.5648 84.4102 129.104 62.3423 10.6729 40.1764 0.00263151 54.342
-68.2203 0.36763 19.6709 7.50456 12.7232 11.6047 17.5886 66.8162 3.87125 9.89918 17.0859 44.4006 7.42643 161.485 7.25986 79.9582 66.0081 27.0536 3.6417 16.7258 23.5728 44.0197 6.2525 40.1898 84.4102 129.104 73.8354 32.2049 43.5751 0.00980977 54.4481
-68.2493 1.34554 19.6709 3.13407 13.4342 10.7163 9.34205 62.0817 11.9103 12.1582 18.9113 33.9649 7.42643 101.417 19.9613 79.9582 120.944 15.4284 19.3202 13.8647 23.5728 48.8878 5.23833 51.3032 87.7024 119.597 85.6412 6.87185 23.8245 0.0124941 54.6642
-68.0986 1.57034 19.522 3.13407 13.4342 17.6963 8.35449 55.8798 12.7275 28.8307 18.9113 32.5046 18.5141 81.8443 26.6025 79.9582 124.593 15.4284 9.47696 13.7308 7.45272 49.634 7.94287 58.8296 37.1001 135.445 118.724 44.3669 40.92 0.0122588 56.0226
-68.0986 1.01928 6.36396 8.03897 3.01736 20.3548 9.28914 55.0655 25.066 23.9319 12.5023 30.7897 13.2053 86.9849 20.1598 79.9582 132.851 17.6782 14.1425 13.7 20.4566 48.4977 7.04328 53.6236 33.6282 158.778 95.8576 54.3235 23.2153 0.00613664 52.0874
-67.1959 0.979215 6.36396 3.75317 2.29114 17.3033 8.54607 51.2827 33.4892 28.5356 8.75072 30.7897 23.2187 93.29 23.3 64.4013 132.808 15.8214 10.5976 13.7081 34.1442 35.8422 4.74597 46.5583 72.8665 105.572 186.637 58.0512 7.48894 0.000149341 56.4402
-67.2116 1.3419 6.36396 3.75317 3.08197 17.3033 9.12949 29.9421 28.8306 45.809 8.94238 22.7635 41.5753 93.29 12.1246 83.0121 132.808 11.7115 10.5976 4.30606 7.17057 43.021 1.02647 62.7698 63.5774 124.682 133.677 36.099 5.72217 0.028208 54.5631
-67.4373 1.75431 8.87905 3.75317 2.89705 7.27692 8.74099 29.9421 31.206 45.809 36.8724 23.3261 24.2398 82.9694 14.779 120.596 87.5897 29.6887 3.16837 19.7526 17.5256 35.8813 7.05412 68.3114 63.3061 93.5882 148.894 28.362 6.21268 0.0105787 54.5867
-68.4408 1.28425 14.5256 2.55549 5.26485 8.97619 7.84889 40.8356 36.2073 42.7918 26.6749 17.5001 16.6927 43.591 16.5313 105.131 71.9134 35.0961 3.16837 32.223 12.1513 69.8513 10.8079 70.9618 59.3009 115.534 153.628 5.15139 9.33247 0.0209232 56.3569
-68.2198 1.41822 14.2301 2.55549 2.95506 12.9109 2.95966 41.3996 19.9202 54.4336 34.1566 5.09903 32.088 67.326 25.2287 99.0648 71.9134 38.7178 9.10034 28.2045 8.50672 17.7053 15.2983 67.2463 86.5771 101.208 114.488 10.8267 9.15075 0.0145143 55.7903
-67.8609 0.505723 3.91392 0.0409768 1.80135 11.3444 20.8825 85.6766 9.28444 43.6632 5.32861 13.3582 15.5105 67.326 22.6363 99.7521 72.8564 55.3525 30.8054 17.0057 8.47965 16.7679 15.6497 67.8659 63.5301 106.977 116.863 17.0347 7.16114 0.0307139 55.6474
-67.8385 1.32829 7.15868 6.41692 1.92678 9.8577 33.463 44.7648 11.5027 9.48596 23.86 39.0548 31.1719 67.326 16.2197 99.7521 72.8564 54.3527 32.9062 24.0882 2.40335 17.6405 15.9115 67.3653 82.375 113.029 85.2912 22.5533 17.1007 0.021943 50.9955
-68.4927 1.55087 8.04401 8.68239 7.79217 4.43287 41.8054 2.26363 1.883 8.8643 15.1348 71.0813 30.8321 58.8019 26.6709 133.241 48.0968 14.3702 35.8667 26.8975 82.6665 17.2432 16.0431 16.7563 63.2099 158.477 58.8164 100.752 17.1007 0.0252585 57.7883
-69.0153 2.39931 14.8669 13.3142 6.23561 3.4941 28.0893 2.27054 12.8599 6.86404 13.039 54.764 53.2335 69.8151 15.1084 133.241 33.5378 9.49756 53.3543 42.411 29.507 16.3876 15.7815 60.4695 63.7019 158.431 39.7092 27.1683 14.005 0.0140725 55.8014
-66.6923 0.815159 15.1714 14.4972 5.16791 4.36477 22.4027 2.27054 13.344 3.99602 18.0726 65.045 35.5693 63.1401 28.9852 133.241 28.9294 14.5017 46.0309 51.8112 34.3325 16.6307 17.2101 51.3349 64.375 168.808 53.8885 36.1078 24.7072 0.00591806 52.2069
-66.6923 0.791475 16.4985 14.2201 3.37176 7.1571 19.9704 2.27054 18.5065 4.75673 18.0726 37.1561 69.6345 87.7591 15.2107 112.892 9.84527 41.4962 38.5276 44.1619 36.4491 19.0938 19.0214 49.1278 64.4588 177.845 10.0215 61.8153 22.9021 0.0157335 54.1204
-68.1667 0.91527 14.6066 14.2759 7.17738 6.92098 15.4311 1.27987 34.5856 6.54787 8.83847 35.335 57.3158 87.2195 15.2107 121.559 10.6557 49.0474 38.5276 19.9731 47.1574 21.6643 15.7083 49.7823 77.0113 159.615 35.5338 46.6457 19.9824 0.0393239 53.6313
-67.4487 1.69979 18.5294 14.517 5.05063 1.47316 25.018 1.27987 40.869 7.5477 4.71032 37.304 57.3158 85.5275 15.2107 114.994 33.5878 47.9462 28.991 7.18487 48.2236 26.1514 31.0063 51.7722 47.4403 164.406 36.6736 84.8902 19.9824 0.0393239 61.3349
-66.1871 1.57322 18.7471 12.0436 8.91704 1.38828 22.3364 3.52671 49.4402 3.90318 4.71032 33.3246 47.9368 49.5597 59.2813 68.2718 33.5878 78.4995 28.991 23.882 41.6247 36.1285 20.4293 54.1411 36.3631 168.488 47.0277 154.433 24.873 0.0148738 58.3343
-67.2052 0.287007 21.0448 11.7664 9.08713 1.84107 21.0115 3.52671 43.7629 17.7305 4.71032 35.951 38.3491 37.2235 56.2739 97.6381 33.5878 63.1534 28.991 11.8039 40.4139 25.0843 27.7676 76.8275 49.3858 173.83 60.2555 60.7878 43.9759 0.00332535 51.6602
-67.9255 0.883205 26.3904 12.4556 6.43235 1.36675 18.7226 10.9135 31.3815 24.7691 13.8198 30.4763 20.6152 74.1091 67.2045 102.542 35.4382 40.9204 10.3137 5.62763 69.3104 10.6018 21.8064 85.6474 17.6192 213.157 18.8069 20.0427 24.7043 0.0175143 55.2228
-67.0651 1.11525 16.2458 12.8548 4.15542 19.6869 13.2638 4.8315 53.0972 31.0272 17.7903 19.873 11.1825 108.631 39.8509 98.8398 57.8025 32.7203 10.3137 12.3533 62.9935 2.88394 45.358 41.0398 37.5013 162.22 18.8076 9.56263 27.5717 0.0214063 59.1964
-67.0641 0.601372 22.0311 3.71232 5.78128 14.7746 11.9524 14.2632 56.1462 25.4114 9.84326 25.2661 12.9224 114.535 40.4884 118.221 49.77 38.764 6.38929 13.0194 35.6806 19.536 30.2104 13.5345 52.1799 164.663 37.3415 2.56677 71.0466 0.0160609 53.052
-67.148 0.910638 17.6276 3.60755 0.34765 16.5668 18.5388 13.724 64.6451 14.7322 28.8053 22.9848 15.7434 83.8956 24.1562 116.884 83.2555 23.6672 6.38929 40.6676 31.1986 4.43576 40.5362 9.65751 53.2252 179.318 96.3572 88.3634 26.3362 0.0108979 56.1542
-67.1947 0.46466 16.0505 3.65103 5.57559 17.0912 22.3868 13.5681 43.8193 18.4683 8.54344 32.8902 18.7165 94.7561 16.7547 79.1078 83.2555 17.2138 50.7511 40.6676 41.6966 10.0768 46.2422 11.6501 63.2569 146.401 73.1128 64.1399 80.7112 0.0010778 53.169
-67.1121 0.934181 4.26884 3.64336 10.038 18.6158 22.3868 13.5681 40.2629 9.20943 14.4804 46.2021 21.5942 101.779 16.7547 56.1819 83.2555 24.3564 54.6765 42.678 24.2668 12.8531 42.0194 22.0941 70.2576 148.73 43.6405 95.0082 65.6764 0.00102096 51.0467
-67.333 0.511665 13.3916 4.84887 7.71784 14.2484 20.6284 13.5681 33.7523 10.1149 16.0238 47.7308 20.999 70.7105 17.6 45.9952 93.9722 24.9787 86.288 51.0342 32.2492 7.51748 38.7434 6.10883 62.2814 184.785 59.2503 173.347 38.9004 0.000611484 52.3184
-67.5467 1.52637 14.986 4.16783 10.0492 21.0392 15.6172 13.5681 20.6835 20.1688 49.3629 29.4986 25.9021 60.5853 17.6 33.0162 26.1816 56.3614 70.8655 27.2979 37.2602 34.5307 61.9192 13.0686 62.4395 170.211 78.9057 144.712 25.7745 0.00337992 57.0112
-67.3078 1.90386 15.0947 4.15716 5.94626 22.7069 15.6626 18.6685 31.2182 22.4079 49.3629 11.8655 24.7036 34.9599 12.3148 25.5858 32.3891 58.2092 141.508 7.40884 55.9121 30.3573 46.247 6.69588 80.826 93.5558 186.22 6.55557 32.0026 0.0140716 56.1992
-68.7422 1.90386 14.4153 4.63676 4.21197 24.9849 9.57479 21.15 3.12331 30.6779 62.0846 3.86469 41.8107 20.4281 15.9119 20.2459 32.3891 45.6364 165.972 27.189 45.5778 30.8799 28.6407 26.729 88.227 46.8428 253.862 9.7224 32.0026 0.0170967 58.8832
-69.6255 1.74239 14.8718 3.26258 13.0322 17.2282 8.35042 16.5118 1.80754 33.6649 42.7385 4.25562 48.5825 15.3109 24.6874 25.4999 27.5877 61.4862 162.195 27.189 50.9837 18.0339 36.1242 11.6491 70.8012 64.9011 253.862 9.7224 86.7296 0.0164072 60.887
-69.1554 1.74137 16.2116 3.14812 5.80796 25.7784 13.8327 0.576392 4.39358 18.7901 63.9982 31.3025 42.9981 25.9693 25.9056 22.893 27.5877 60.7405 153.592 27.189 34.3662 23.0528 44.4426 18.5007 80.6092 26.8715 246.253 11.012 27.1108 0.0121794 61.3533
-69.07 0.72619 15.5 8.05069 4.59348 21.2726 14.0436 4.37158 4.39358 6.03812 43.8386 42.2512 35.1827 14.1124 26.3319 25.1252 24.3853 55.5889 177.959 22.0427 41.4451 17.7996 49.7375 29.421 82.0253 76.9159 142.241 25.645 36.303 0.0274199 57.8847
-67.5283 0.691832 13.6689 8.77885 4.44455 20.2603 17.9284 5.20576 4.39358 8.86852 43.5287 42.2913 37.5519 14.5424 15.6774 27.7406 52.9886 39.1427 177.959 20.9261 25.0407 17.9744 55.8204 33.7867 65.7634 108.476 142.241 47.6201 36.303 0.0168108 52.7435
-68.0739 0.199436 10.9882 14.5941 7.10392 12.6306 17.9804 1.29782 4.39358 4.45365 50.3117 40.737 38.5045 6.12413 19.3286 52.7841 44.1169 36.6246 160.169 26.2353 26.3401 5.44668 55.8204 48.5531 63.8429 108.476 116.537 57.8547 11.46 0.0138298 55.169
-67.0997 0.179056 11.0834 17.2201 6.60342 11.2182 15.8154 6.4983 4.39358 6.6152 59.3883 36.9247 34.1 10.9709 27.6936 83.8469 24.3253 23.0195 127.621 19.1025 27.3789 5.17723 55.8204 24.8486 106.825 122.458 120.554 89.0138 58.8853 0.0138693 56.265
-66.9552 0.307197 10.2945 14.7779 8.78163 12.1467 15.3823 20.1012 0.258945 13.799 45.6387 51.1628 29.108 8.08653 27.0337 83.8296 6.86365 51.4333 120.835 34.3964 23.5662 5.06121 48.9353 30.4049 107.516 103.657 114.129 0.0359558 69.5536 0.0136629 56.9681
-67.8004 0.244768 20.9799 16.3364 3.68483 13.0616 9.61365 28.7493 16.4025 44.3279 40.1915 43.8053 19.2384 17.5108 19.0368 76.5381 18.6739 72.7114 101.069 31.2544 9.5421 4.30782 55.6637 19.822 114.462 97.6013 120.192 91.1554 16.9885 0.0138228 62.2081
-66.9167 0.410669 21.7563 9.81859 2.57856 11.2874 13.6337 10.1557 16.4025 59.2282 40.6653 43.8769 30.3757 16.5649 18.1064 103.823 5.48311 45.864 95.0891 26.7552 9.5421 4.50415 65.185 23.7016 98.1102 81.266 126.476 60.602 6.13227 0.0125816 59.3845
-66.4355 0.558967 23.4103 8.35121 6.60906 10.0941 6.34023 7.52923 16.4025 31.1725 36.4433 46.3234 9.71168 9.23524 26.8594 103.823 24.4165 51.4189 88.8134 27.3159 4.95954 4.47027 40.8272 97.2228 80.2715 97.19 175.451 52.1216 6.13227 0.0119824 58.6468
-68.0757 0.0897273 20.9798 8.43713 2.99891 9.06464 19.2762 5.59316 16.4025 19.1823 54.5183 24.5318 34.7348 23.8251 63.0499 91.1862 24.4165 51.4189 96.2463 18.2956 4.95954 4.11863 1.51895 99.6524 73.855 82.7724 146.878 33.6114 22.9071 0.00979293 53.5221
-67.958 0.0897273 27.4304 7.27614 2.99891 10.0303 17.638 5.59316 16.4025 19.1823 54.5183 25.5303 34.7348 15.9911 62.2285 91.1862 24.4165 54.0171 99.8809 37.7223 10.7252 10.0717 1.51895 88.9647 36.3459 82.7724 150.078 95.9488 19.1333 0.00931906 52.6551
-68.1556 0.366113 27.4304 5.37012 2.99891 12.7243 17.638 4.4139 16.4025 19.1823 54.5183 17.3713 42.2631 18.6622 58.73 91.1862 24.4165 54.0171 99.8809 21.6058 0.597698 10.0717 4.85017 87.369 44.0408 104.811 157.321 31.8206 25.4302 0.0195421 55.0622
-67.6941 0.759765 27.4304 7.13734 10.5247 12.6504 4.63776 10.9186 16.4025 22.7331 15.514 20.6231 80.7958 22.7827 53.2149 67.574 24.4165 75.6446 93.0224 46.2559 0.597698 10.0717 2.63736 87.369 44.0408 150.317 109.228 45.2469 108.817 0.00811339 55.0499
-70.5109 1.88563 21.9405 7.13734 9.29347 13.2346 3.81702 12.9157 13.2441 13.8561 24.7362 21.2358 80.7958 20.4161 69.0333 67.574 7.19488 80.7105 112.073 21.9909 8.294 15.0286 11.6632 87.369 30.7829 149.921 67.0276 59.3824 63.7529 0.00811339 60.1277
-69.6052 1.88563 5.05498 10.1109 13.3232 19.0567 1.63268 3.90019 15.1876 17.6074 27.7352 23.7124 76.5573 26.1258 70.164 59.8425 7.19488 82.1778 112.073 10.1454 17.382 22.3313 17.1233 32.1696 65.9814 185.186 36.8359 40.3421 80.2948 0.00457998 56.2413
-70.2987 1.88563 3.40668 3.49926 23.0231 31.1952 2.64673 4.63602 19.002 15.4579 23.8861 16.3026 85.6755 22.6444 81.1967 48.0016 7.19488 71.6087 121.152 6.64295 27.7304 7.23268 11.2416 21.0266 75.4578 205.211 65.1259 127.66 29.1803 0.000484507 61.361
-67.5396 1.13201 6.00414 6.30257 23.1641 24.7784 2.85292 2.39986 20.5251 7.97342 20.7415 7.33377 103.062 11.1424 82.6262 63.1587 7.19488 27.165 97.7871 67.7511 21.8396 21.9859 39.0917 18.3289 76.8941 130.635 42.0289 206.399 29.1803 0.00887088 59.1481
-67.6694 1.35364 1.09021 6.19188 24.6267 24.7784 0.659218 2.39627 22.2299 9.30709 19.315 7.33377 92.2835 11.1424 82.6262 63.1587 7.19488 39.9771 114.746 51.3398 16.288 11.6355 24.632 59.3694 76.4524 85.3582 91.2697 206.399 29.1803 0.00328707 60.369
-67.7943 0.607303 1.09021 7.63207 34.7482 25.1619 1.34341 2.39627 22.0592 4.88237 17.4673 6.89471 92.2835 11.4814 85.5369 63.0782 21.055 3.2048 132.017 42.1673 10.883 11.6355 28.2027 59.3694 103.095 9.04323 203.052 139.925 16.4911 0.00328707 63.6737
-67.8451 0.189664 1.09021 12.6865 22.3461 24.1414 1.34341 2.29799 23.6611 2.93778 14.2997 6.89471 92.2835 11.3379 87.5321 86.682 30.408 16.6773 132.017 33.3306 10.7324 7.50874 24.2648 59.3694 82.6747 22.9225 237.311 84.8171 32.6477 0.00125389 57.5594
-66.6264 0.189664 2.98698 13.1035 13.5636 19.8995 2.37793 3.63148 27.8763 8.43667 14.2997 6.89471 92.2835 11.1927 86.2533 94.8368 42.834 16.6773 110.656 33.3306 2.60709 14.1087 31.3918 57.0672 49.9611 70.6154 237.311 43.276 24.5479 0.00125389 54.5232
-66.9833 0.189664 2.98698 9.1161 12.2789 20.7561 8.04025 2.15909 42.7308 14.9976 15.2842 1.41796 92.2835 14.9935 84.9934 66.9463 44.6251 28.2259 110.656 33.3306 3.8588 13.9346 22.1176 62.4745 49.9611 70.6154 146.934 87.4577 24.5479 0.00125389 56.5446
-66.2316 0.189664 7.15202 7.80579 6.97494 30.0177 8.04025 3.21711 35.8947 16.8715 16.3836 1.67043 92.2835 15.4428 74.1637 71.5514 42.1155 28.2259 110.656 35.8285 8.18923 9.82453 14.0521 78.207 39.0761 79.3921 183.858 110.037 19.6981 0.0144171 53.2154
-66.2667 0.229632 8.93653 6.94332 6.29826 30.0177 8.04025 3.21711 36.1412 8.60188 16.3836 1.67043 101.933 14.4888 74.1637 71.5514 38.1494 28.2259 110.656 21.3338 8.18923 24.7109 17.0137 70.9486 39.0761 79.3921 183.858 110.037 35.6546 0.0225169 54.6467
-67.5182 0.229632 7.98927 5.62212 6.29826 30.0177 8.04025 3.21711 35.4643 6.84227 16.3836 1.67043 101.933 14.2282 74.1637 71.5514 45.981 28.2259 110.656 12.8157 8.18923 34.8923 10.886 70.9486 43.111 96.7003 182.465 110.037 7.39682 0.0228754 55.5458
-67.4314 1.05121 8.38558 10.7046 6.71211 22.6373 13.5832 0.908397 34.6042 10.2011 16.3836 3.21675 101.933 0.889465 41.1311 69.9637 47.8586 28.2259 110.656 30.1521 5.70572 47.8026 14.1869 70.9486 69.065 108.485 83.6578 85.233 56.8025 0.0291782 58.54
-67.7455 0.694835 6.52886 3.63819 4.26831 14.3905 12.0029 5.2872 35.2375 16.516 1.31526 3.91389 107.802 0.889465 57.9958 58.3464 22.7262 59.8864 110.656 33.1104 11.9589 39.3152 7.90187 56.8159 69.6997 113.731 161.837 82.963 45.4827 0.0132074 57.3461
-68.2159 0.980779 8.10406 3.26493 13.4124 1.10765 14.4356 11.3015 29.6434 17.0636 1.31526 3.11324 102.78 89.1685 27.6257 23.1276 18.0899 60.8011 110.656 42.7846 10.86 41.7426 16.2509 56.2366 72.9672 111.323 49.0989 69.5579 53.3818 0.0105724 57.4092
-66.7069 2.96156 0.942009 5.23515 13.2852 1.10765 4.48895 9.16602 31.5781 19.0056 11.0599 3.69686 103.305 94.0112 59.5312 31.6801 44.3767 70.3369 58.1917 24.1493 6.10354 27.8064 14.7656 32.3849 78.8861 141.433 25.0872 19.1121 59.4191 0.0103987 56.6419
-67.1119 0.397703 7.39535 6.15826 12.3048 1.10765 3.79779 14.0283 34.2891 19.0056 8.28558 4.01927 103.305 94.0112 59.5312 31.6801 40.7902 77.9584 45.2626 18.4864 9.33734 27.8064 20.7188 34.2454 77.1828 140.387 54.3788 193.087 21.16 0.00241994 53.0924
-67.9048 0.62119 6.64634 2.55856 13.1526 7.07116 9.5042 11.4186 34.2891 8.50958 27.2795 2.83978 85.693 91.0469 40.5996 36.4591 34.2582 45.926 69.1996 21.5776 10.0772 27.961 38.9408 44.9578 81.5758 169.203 50.1535 17.5533 82.8135 0.0451197 53.9314
-67.9048 0.406891 1.02675 9.63963 5.97975 7.07116 18.1253 11.0102 50.3312 1.36773 29.3008 1.31351 84.8582 84.819 37.8671 36.4591 71.2922 45.926 69.1996 28.1026 7.99995 8.89452 27.1231 34.7913 79.6156 170.435 37.2599 52.6696 82.8135 0.0401782 54.1375
-67.8913 0.406891 1.02675 4.66255 5.97975 8.29143 18.1253 11.0102 40.5213 10.4264 23.5435 3.49095 84.8582 84.819 55.4322 36.4591 71.2922 28.0807 64.7708 21.5597 14.7149 5.0358 28.5214 28.7528 73.376 194.189 9.61192 30.678 88.0641 0.00515757 56.9131
-65.6502 0.177225 5.18859 4.66255 12.3079 10.8541 27.8823 11.0102 38.2999 9.54618 24.3681 2.58981 84.8582 77.9193 65.4808 55.6821 71.2922 12.1514 51.3228 22.6808 7.74514 5.02794 53.4698 18.8252 73.376 211.538 9.61192 0.518648 83.2392 0.00417424 56.3444
-65.7633 0.311158 0.974395 13.797 13.8768 3.26464 34.4181 11.0102 40.9889 18.4994 37.8438 25.8956 65.0301 22.217 66.0933 59.2154 68.315 12.1514 46.5831 17.6816 7.43988 24.9268 34.7043 43.1899 66.6627 210.768 10.3307 24.2205 43.1544 0.00950883 56.8713
-68.3018 0.263877 0.974395 14.5634 9.67962 11.0485 37.1154 0.24751 1.88385 28.9869 61.0773 23.62 22.5983 24.6586 88.5389 75.2151 53.3094 12.1514 63.9009 24.4316 13.0857 38.8149 30.0446 16.5241 84.6159 199.875 12.2851 13.2046 14.8823 0.0188755 59.4978
-67.2418 0.219386 5.38601 4.44766 11.2915 6.6478 19.467 5.18423 2.53962 47.8279 61.0773 15.9461 44.7089 5.61548 89.7547 53.3912 58.4558 48.4153 60.7515 31.0643 11.8913 19.4104 25.1852 42.3963 69.5416 195.533 46.3919 11.9095 39.9027 0.0196437 54.4996
-67.1513 0.129471 5.38601 9.06995 7.77722 31.8322 11.2829 5.18423 12.3612 40.0862 42.3743 13.677 37.7867 5.61548 77.5307 49.6169 74.514 68.5033 73.8026 32.0546 13.9812 5.4022 3.21011 57.9191 69.4036 209.005 10.8834 9.65644 49.2789 0.0118645 51.18
-66.1823 0.402806 5.38601 9.06995 6.47986 31.8322 11.2829 7.06006 10.9583 40.0862 40.902 13.677 45.0781 5.61548 77.1047 49.6169 74.514 62.4023 73.8026 47.2218 5.27904 9.90284 6.54787 57.9757 62.4885 203.62 10.8834 11.5024 35.2881 0.00927302 50.5484
-67.5883 0.599659 5.38601 2.62584 9.04164 33.0294 10.2535 7.06006 13.6307 29.5226 31.836 17.4022 46.9403 5.61548 59.1591 32.2966 74.514 63.6929 76.7136 49.4327 35.3564 16.4678 10.7021 57.9757 34.7494 211.546 10.8834 12.2926 7.90208 0.00149945 51.408
-67.6287 0.715275 3.34238 3.82703 17.3415 29.5816 7.33678 7.06006 20.9586 22.7319 32.4883 24.6989 48.2181 11.2368 50.2291 33.6071 74.514 80.726 73.3426 45.1397 29.2433 23.0052 10.7021 63.3926 34.7494 187.528 31.4512 13.4336 12.7273 0.00127721 51.0407
-67.6287 0.570291 0.190167 3.82703 17.3415 29.9075 7.33678 7.06006 20.1721 20.9938 25.9164 23.5173 48.2181 13.6753 50.2291 33.6071 76.5518 77.4423 73.3426 40.0531 31.7162 17.9383 16.4962 70.6367 34.7494 166.503 18.3286 5.45476 20.3678 0.00241629 51.3275
-67.6287 0.528275 2.73452 3.25127 17.3415 31.3319 7.33678 7.06006 20.1721 16.432 25.9164 23.5173 48.2181 13.8083 49.0302 33.6071 76.5518 77.4423 73.3426 40.0531 26.3651 29.7089 22.6886 68.4987 27.5127 166.503 56.1736 45.3654 52.2603 0.000502539 49.7848
-67.1358 0.361374 6.02979 11.2432 17.3415 15.9284 12.9092 27.7218 51.6643 14.6826 36.2969 14.8729 5.03185 13.8083 58.389 33.6071 76.5518 71.6658 73.3426 43.0996 18.9649 19.1167 22.3246 66.4122 44.0314 145.596 42.2573 34.395 10.1356 0.00290369 50.9686
-67.2388 0.156662 10.3561 1.35079 25.6644 10.2286 18.2872 27.7218 58.1551 12.9177 28.5099 18.8174 5.45862 13.8083 32.128 39.572 91.997 80.5733 61.9438 43.0996 22.3335 20.4188 20.0359 66.4122 57.1103 55.4936 60.0296 38.1984 29.2142 0.00290369 57.5261
-67.3351 0.257065 4.72562 15.5861 4.1241 16.2169 21.5226 29.2881 45.1397 12.9486 31.5493 15.8696 3.93127 13.8083 58.7257 36.3282 101.011 35.1219 59.2272 46.2902 11.9544 25.8985 31.857 51.0702 85.9775 88.2117 196.493 50.9339 85.6795 0.00217229 53.4424
-66.7068 0.257065 6.88371 15.5861 7.41291 12.1564 21.5226 29.2881 46.6443 16.927 32.0557 16.5794 5.31492 17.8988 78.8521 25.1494 101.011 33.5223 59.2272 46.1508 8.16633 10.6375 31.8652 68.5473 63.8338 88.2117 142.171 38.3328 85.6795 0.000761916 50.8363
-65.705 0.257065 10.2558 10.3157 1.71462 4.23546 21.5634 40.9618 37.6992 14.9545 32.5442 15.4463 16.1102 17.8988 77.1197 25.9985 113.956 23.3769 47.6577 43.4762 15.5228 17.6763 31.3474 65.073 77.3561 75.0417 144.586 56.0172 91.4959 0.020542 59.181
-66.5828 0.128638 16.1361 10.2156 1.71462 5.08162 29.4428 82.1292 5.59494 16.0919 33.2453 13.5295 8.07235 13.8296 4.0739 26.6394 123.505 28.1184 110.808 44.3487 25.2225 21.1218 7.44892 54.6891 90.0995 57.7155 166.597 23.1547 34.5417 0.0123847 53.302
-66.9461 0.128638 22.0414 5.30478 5.36589 4.31182 29.4428 82.1292 5.59494 16.9536 35.6736 12.4078 1.41711 16.4866 4.0739 7.22981 124.528 36.2631 110.808 44.0471 30.2774 25.0811 7.44892 54.4894 81.0266 93.6714 169.761 25.5887 56.593 0.00631852 54.7888
-66.9461 0.128638 27.4977 5.30478 2.40907 1.52745 29.4428 87.1102 5.59494 16.2566 35.6736 12.4078 9.45605 6.25849 4.0739 2.54038 124.528 42.6736 108.849 42.0139 30.2774 46.1006 17.4511 36.2356 87.7899 93.6714 155.356 79.582 42.6102 0.00456136 62.3427
-67.0427 0.106379 14.3441 18.3512 2.40907 7.72318 11.8482 93.8961 17.3338 18.8686 19.445 9.33646 3.50799 26.2634 111.617 1.31341 102.923 46.2633 12.8533 42.0074 1.1897 64.9929 14.6174 31.3819 102.171 83.3911 164.462 15.7005 56.5009 0.00272355 58.4638
-67.2722 1.22297 14.3441 29.1827 8.85812 5.90729 3.08183 83.9769 17.3024 23.4345 15.2557 1.7922 18.6414 17.9285 93.1594 16.4712 102.923 49.0464 20.0576 56.7848 10.5259 41.9487 14.6174 32.2755 94.0221 83.3911 164.462 29.2066 88.6031 0.00143106 53.6706
-67.2722 1.06448 8.35684 20.0913 15.8917 13.779 3.08183 70.0512 24.0603 31.9948 19.3588 2.25462 11.3667 20.1844 89.6946 11.8005 102.923 43.8274 27.566 47.6679 10.4885 45.0745 14.6174 33.5323 95.4369 51.8112 223.227 58.8343 43.4515 0.0168513 54.3508
-67.2722 1.30722 14.9292 17.2374 14.4032 10.115 3.08183 77.1002 22.5513 60.1396 15.5486 2.25462 7.53136 18.1764 90.8706 44.602 53.1301 31.1563 42.273 51.4995 12.4725 34.5175 16.3393 34.0944 96.3936 30.9188 223.227 52.4575 28.1009 0.00534559 56.3651
-68.7127 0.991488 21.4537 14.4222 14.4032 10.115 1.69478 23.6056 17.5041 60.1396 15.5486 7.82752 13.8409 59.9475 95.3629 44.7976 87.2621 40.6803 39.0888 33.0868 13.6877 4.51918 11.8574 33.8523 92.6152 30.9188 223.227 59.4743 61.4495 0.00286403 52.798
-67.4922 0.960653 26.7882 14.163 10.8532 10.5235 6.35608 30.9566 15.1667 60.1396 4.37264 7.82752 11.3073 59.9475 104.02 61.5934 76.1142 40.2123 36.468 23.8735 16.5546 10.2981 14.2528 39.5978 102.299 30.9188 190.348 55.7439 47.0895 0.00459978 55.7893
-67.2725 0.960653 18.8631 9.06371 13.7304 6.22699 10.7239 42.6118 27.4956 55.2012 4.37264 9.10049 2.36329 52.4272 90.0407 71.623 80.1292 40.5112 28.5058 27.3305 11.6204 10.2981 36.4083 33.376 79.4868 79.0573 103.508 46.3418 44.9108 0.00790249 50.5103
-66.9542 0.300336 7.65352 30.2131 14.7312 5.36865 6.07695 18.4964 12.7118 56.6411 36.8514 15.8771 6.30605 40.6652 89.4953 70.9364 81.6835 41.2695 25.6307 37.9086 11.6204 10.2981 40.1238 23.2885 92.309 90.7569 104.752 18.4032 119.639 0.00588923 51.7022
-66.9616 0.464368 3.6098 30.2131 14.1438 6.1854 10.7405 17.6081 17.939 82.8091 6.86485 5.84034 8.53746 46.6994 86.1799 36.9957 63.6629 42.3877 42.3569 23.9093 25.1919 23.1491 37.3371 28.3681 82.4377 108.76 155.233 11.0718 106.537 0.0153057 52.8537
-67.3784 0.493959 2.73286 30.7798 10.0829 11.6464 9.76831 0.943205 18.8658 82.3534 6.86485 14.3028 13.8467 59.1753 81.5498 27.3696 56.0178 55.2271 21.5751 31.4572 4.76283 37.3348 33.8937 44.4177 88.2292 134.005 146.397 16.3345 38.3097 0.00832241 55.3793
-67.7609 0.451473 3.72375 3.41444 8.64758 12.1187 9.61281 30.6004 11.8815 66.9696 21.6726 45.1868 7.00677 38.4311 85.3363 47.5579 41.5859 96.6272 11.9797 29.0566 5.688 26.3742 39.9014 20.6882 68.1374 103.08 154.423 50.7788 99.9982 0.00761361 55.2131
-67.198 1.01358 1.99633 5.79248 9.58046 10.8289 7.5501 17.4301 41.2291 34.8481 21.6726 46.7054 3.10544 27.3815 20.3593 104.49 63.3016 68.4249 11.9797 23.47 10.9453 37.5122 44.3837 75.0295 79.8479 103.08 117.292 42.8286 156.444 0.0068399 55.9435
-68.145 1.08992 6.73106 3.08551 12.0806 3.34753 5.94679 20.4024 42.739 24.5686 19.0476 48.5175 10.3519 21.8765 58.0748 85.2743 55.7728 81.5296 21.7696 12.1432 30.6164 36.2082 64.4401 19.1603 71.0415 124.998 99.2156 54.4415 156.444 0.00704754 57.2059
-68.0719 2.52986 13.401 22.8966 11.2751 8.5715 1.86497 18.5102 21.6453 30.7666 29.4062 48.1543 14.2808 21.0426 67.3494 91.585 34.7315 84.27 5.86489 14.2255 22.174 51.575 58.0483 19.1603 68.1737 139.123 52.1006 62.4771 50.0005 0.00718591 56.0414
-67.4018 1.70207 12.5457 9.7624 11.2736 12.5554 11.1342 15.093 24.5615 28.1428 34.0846 48.9739 14.2808 21.0426 42.5096 57.1862 25.257 82.5286 36.7222 10.3093 27.1802 55.8478 48.4863 19.4477 96.9055 163.478 55.5766 58.8014 53.9474 0.00832254 55.0272
-68.1254 1.43469 10.5885 13.3006 11.4349 14.6737 8.27308 17.4191 17.0542 19.377 20.4465 40.3238 27.1146 36.5551 40.4389 70.6105 25.257 121.573 26.6179 9.20206 27.8888 58.5728 25.6407 15.2114 90.6536 165.738 29.9964 50.4263 32.0924 0.0162641 50.9402
-66.7957 1.29281 16.4682 6.24849 11.372 16.0294 14.1635 18.0473 17.0542 19.5817 22.8162 43.6078 23.781 31.1924 43.5217 89.1664 42.5977 92.2046 6.45581 11.3558 19.4356 110.67 13.4215 15.2114 67.6555 181.374 11.2122 55.5746 41.0496 0.000379487 52.0246
-67.9051 0.729573 16.4031 9.93454 11.2498 13.0407 9.45638 21.2945 5.91594 12.3227 20.5165 38.8121 45.8023 30.7113 51.9031 89.1664 42.5977 132.58 6.45581 11.1982 21.2682 80.6309 2.19669 15.2114 59.459 183.582 11.2122 53.2904 2.51685 0.00825026 52.0356
-67.7069 1.33633 21.3404 12.6458 13.3202 4.64676 8.10193 22.6518 2.42061 3.64489 26.6491 38.6121 46.7719 26.7141 81.6613 87.4634 10.313 116.832 8.42942 25.9849 39.1946 65.7499 2.19669 15.2114 59.038 177.371 43.6311 47.5063 8.68352 0.00131725 52.6967
-67.2392 0.250991 20.9485 6.99943 16.0596 11.6191 9.14606 30.4432 0.414542 2.9066 25.8811 21.0147 78.2031 85.4754 81.6613 82.6781 32.8615 46.5983 8.42942 13.1954 44.0552 16.8464 11.8543 11.4702 72.0535 175.009 59.9992 89.2669 6.43882 0.00381777 52.3995
-67.2392 0.6606 20.9485 6.99943 18.4168 12.7709 9.14606 30.3339 4.26443 4.30436 24.3882 21.0147 73.9777 85.4754 82.4229 82.6781 32.8615 46.2036 8.42942 11.1633 32.1364 24.3729 11.8543 13.3989 80.0965 178.705 51.4893 52.3429 1.87668 0.00381777 50.0596
-67.1168 0.80688 21.5543 5.04137 22.3574 3.68762 12.6759 27.7754 5.60331 7.36668 20.5445 22.1158 61.1588 92.2404 82.4229 75.9887 32.8615 56.1211 8.42942 8.53017 33.4618 30.7077 22.9699 15.1818 71.5188 176.507 30.1614 17.1621 1.72278 0.0115859 50.3493
-67.2716 0.955975 22.7912 9.37305 14.7948 3.68762 14.2356 16.0976 17.1375 9.24177 16.0118 9.49449 61.3925 108.935 98.0829 81.3227 32.8615 56.8278 8.42942 4.68346 59.4335 17.338 15.6616 1.63851 56.3355 177.356 66.4138 41.0575 11.3956 0.000846283 54.9691
-66.8859 0.619708 21.9622 8.52728 17.6128 5.19359 9.10675 7.99479 28.8429 6.5825 3.00615 8.5404 61.3381 108.935 98.0829 83.9871 17.9232 58.5996 18.0564 7.99715 42.1193 43.3721 11.0903 16.7604 69.9071 175.046 74.2458 33.099 61.1827 0.000360182 52.5542
-68.4066 1.19044 19.18 9.31301 17.6128 5.21567 9.10675 7.99479 34.8193 9.77996 8.20306 2.15192 66.9328 98.3543 98.0829 83.9871 13.1183 66.9823 11.6672 5.23356 17.8832 34.7089 12.3109 32.9248 65.6283 174.453 65.7526 15.7708 78.2615 0.00877898 56.3837
-67.7782 0.287194 14.8682 8.64432 23.6755 5.76197 10.7263 2.6646 60.3861 11.1361 5.67393 2.15192 64.6393 102.008 98.0829 51.0324 11.0921 80.7806 12.9468 16.1374 12.395 17.9553 17.151 46.0436 85.1819 176.553 31.8561 59.9453 36.6937 0.00496734 50.9243
-66.9773 0.906779 12.0631 12.2168 22.5066 11.4475 4.23288 5.46776 41.6623 12.2018 13.5273 9.03152 64.6393 44.0088 70.2351 65.0744 29.0877 28.8038 112.011 3.73478 12.395 51.9352 13.5553 25.4609 90.6666 176.967 23.7501 38.9955 53.8835 0.00330051 51.1856
-67.3885 0.725717 10.0599 13.5602 12.5918 18.5804 3.4622 5.87136 46.4779 10.3268 11.2108 3.68668 86.5879 54.7787 69.6929 65.0744 27.5898 28.8038 101.45 20.1193 1.11001 59.8297 12.6496 21.5683 68.829 127.862 85.772 38.5971 51.0717 0.0026499 50.1338
-67.8342 0.725717 12.2849 13.5602 8.75848 20.6805 4.01631 5.87136 49.3531 12.5239 14.4043 3.68668 86.5879 54.7787 69.6929 65.0744 31.4629 28.8038 101.45 20.1193 3.01108 53.8505 10.3697 7.00847 68.829 129.776 76.2701 31.3993 48.2171 0.0026499 54.7284
-67.4272 0.488956 14.5704 15.2475 10.5975 21.4517 4.01631 1.7772 40.5282 18.8255 11.9036 3.90497 73.751 79.7609 69.6929 49.2577 31.4629 20.0421 102.224 20.5877 11.6898 37.4664 13.0039 12.0228 52.9379 154.622 99.4073 45.8107 39.587 0.00336806 53.4116
-67.7603 0.622635 11.4431 14.7019 5.18084 18.4255 8.66788 1.7772 44.1197 22.8108 11.7095 12.2514 69.787 46.5421 72.6917 49.2577 34.2151 45.6487 94.8635 14.4947 25.0773 32.7303 4.97067 21.4233 44.9947 201.291 78.8067 49.883 51.0049 0.000558996 53.1983
-67.4243 1.07432 11.4378 14.1057 4.10438 9.28189 8.66788 4.43089 62.0219 22.5499 9.00835 2.37021 77.4935 43.4302 111.244 48.6941 34.2151 9.60421 111.275 10.7993 20.5842 31.291 4.97067 60.4386 38.0553 177.53 18.4748 56.1011 43.7343 0.000558996 54.0124
-68.2304 1.09152 10.9309 14.5313 3.81986 2.48023 8.66788 7.67073 61.4914 26.3276 8.04446 2.37021 81.0302 51.0593 102.551 48.6941 45.3927 9.24061 104.611 13.59 10.2312 30.1664 9.41105 40.6596 50.5472 176.796 33.7288 6.99682 43.7343 0.00352095 53.2901
-68.2304 1.20588 16.9478 12.9248 3.75929 2.48023 8.66788 7.67073 61.4914 28.9864 12.4738 2.37021 51.2517 51.0593 96.81 51.6723 45.3927 10.7196 104.611 25.8473 11.6063 30.3355 22.0119 35.4203 36.4131 202.304 44.5687 107.057 20.3976 0.0026974 54.5686
-67.5822 1.20588 13.4091 9.70717 6.66858 3.4731 8.66788 7.67073 61.4914 23.3995 24.8082 11.9335 52.9167 21.3201 96.81 59.8646 45.3927 1.43196 113.272 25.8473 11.685 30.0437 13.6256 62.9179 45.857 178.654 10.2533 107.057 20.3976 0.0081062 53.2618
-67.5697 1.1788 13.4091 9.54908 4.34434 0.163736 8.66788 7.67073 61.4914 26.501 24.8082 13.8562 52.9167 26.4485 113.765 53.0585 21.9527 1.43196 113.556 32.413 12.3471 29.6169 13.6256 62.9179 33.7754 187.261 18.6276 116.194 20.3976 0.00791716 55.9557
-67.1154 0.493137 7.80088 8.23964 6.31579 3.62498 12.6238 7.00363 32.8292 38.8621 20.449 8.87915 65.371 30.9288 85.4849 52.0132 3.91919 2.89915 152.492 52.8728 3.55673 27.0274 5.98975 48.8348 42.7314 190.823 45.7633 58.3105 3.04 0.00831831 55.4015
-67.6567 1.03059 6.68729 6.31298 7.95765 4.3666 13.5861 17.3656 29.0454 32.2358 16.9032 3.07955 65.371 73.5129 75.6269 52.0132 3.91919 8.31074 152.492 52.5231 5.54862 10.2169 13.0586 41.5215 41.4673 169.336 25.8636 65.1595 40.0895 0.0102256 52.1558
-67.4631 0.355347 5.06513 2.24854 8.42813 4.3666 17.9181 21.6194 29.0454 31.3194 16.9032 3.07955 65.371 73.5129 74.1318 52.0132 3.91919 8.31074 152.492 52.5231 5.63804 13.3394 23.7138 25.6415 41.4673 195.915 25.8636 23.7022 28.1612 0.0157112 51.2375
-67.4934 0.15469 5.59285 2.24854 9.18622 4.3666 3.87144 39.4137 26.4329 25.7739 19.9821 3.07955 65.371 81.4875 74.1318 49.4208 3.91919 8.31074 152.492 41.7336 11.2126 13.3394 24.0547 23.361 41.4673 195.915 25.8636 23.7022 27.7259 0.0178489 52.525
-67.4934 0.14336 7.30946 2.03945 17.7496 4.3666 16.7963 2.6348 24.3537 25.7739 30.9222 17.4062 53.3706 72.2738 130.401 84.4252 3.91919 8.31074 63.1205 51.2269 22.8395 34.3101 14.3385 11.0402 41.4673 223.415 17.2261 43.8117 61.3245 0.0190808 58.4529
-67.5132 1.22723 8.09787 2.03945 11.2302 8.38949 30.3958 2.6348 25.1949 25.7739 24.4132 5.70158 53.3706 72.2738 130.401 84.4252 8.22531 8.31074 63.1205 39.9279 17.4641 21.4881 10.7704 46.5928 38.0059 189.517 17.2261 0.758639 65.7428 0.00223569 53.2236
-67.434 1.01274 8.09787 4.41681 8.78763 7.73967 30.3958 10.6497 26.1607 17.6676 24.4132 5.70158 39.7011 60.0179 96.5412 71.0976 3.45474 52.8739 101.109 30.074 29.9707 17.2572 10.7704 39.6635 47.5456 214.976 17.2261 21.8048 33.3821 0.00223569 51.7676
-67.4384 1.43217 7.80448 5.13363 8.77739 9.6396 30.3958 10.6497 25.4889 17.6676 33.7281 5.70158 44.6066 50.8202 96.5412 71.0976 8.33976 52.8739 98.2709 22.128 29.9707 17.2572 10.7704 47.126 28.4276 210.783 31.8453 21.8048 37.4077 0.000291041 53.1418
-67.5758 0.731927 9.88171 6.61359 9.95022 3.82542 36.1635 9.24924 14.5492 17.6676 50.0285 5.70158 43.9122 48.1476 95.0204 74.5841 8.33976 52.8739 82.9727 13.884 26.9696 25.4535 6.04453 57.7865 20.878 193.397 44.5725 22.0642 17.7441 0.0237148 51.0879
-67.2124 0.577015 18.8974 2.365 10.9679 1.75236 31.3006 11.7407 25.4644 15.1012 53.5771 1.93788 33.3604 62.9472 53.1715 74.5841 3.66057 96.9717 71.0102 12.0704 17.4315 29.3003 6.25727 53.7218 41.17 187.015 43.3862 22.0642 17.7441 0.0280003 51.798
-67.0975 1.58704 15.1759 6.92021 13.5686 1.75236 36.6738 9.96813 30.6564 15.5222 41.7712 8.45581 20.0142 38.1111 53.1715 80.1861 21.9072 96.9717 81.687 13.872 0.366208 15.8097 6.522 75.7057 50.8675 165.491 57.8319 49.7351 60.9482 0.0125756 58.4597
-68.058 0.778583 15.2491 19.4978 17.3867 0.210401 8.95105 7.17089 43.9543 17.0898 46.1569 9.58945 13.9671 36.3905 120.647 71.4877 33.1094 43.9965 62.936 15.4337 11.3247 20.928 13.7262 67.4954 36.3763 211.922 38.2687 30.3936 25.839 0.0347574 53.2312
-68.7554 1.19923 19.8188 19.4978 11.3358 0.210401 12.4462 12.4174 64.547 13.7311 65.5472 9.92724 16.9643 38.0909 120.647 4.81181 6.25212 43.9965 62.936 28.5017 4.51545 52.9851 13.7262 101.235 13.0856 204.912 21.4737 4.54246 5.89322 0.0154802 59.6779
-68.0407 1.42182 14.5296 19.4978 13.8826 0.210401 10.9273 24.4243 74.0602 11.3223 15.6636 7.5508 16.9643 36.497 120.647 16.4809 6.25212 46.3418 81.5804 28.5017 4.48162 52.9851 34.8289 90.2107 13.0856 193.981 18.3445 17.4146 57.8413 0.00619681 55.7255
-68.0407 0.730427 4.85821 28.5965 13.8826 6.49754 5.20482 24.4464 67.941 18.3611 15.6636 7.5508 17.7618 36.2509 120.647 21.4719 19.211 46.3418 77.4627 8.54913 1.06677 51.2624 27.45 69.0461 39.9863 196.471 6.36331 12.9659 57.8413 0.00619681 53.931
-67.0602 0.376985 5.9876 18.6193 15.9817 16.4753 4.96877 29.757 51.6752 22.052 25.2802 4.34442 5.47164 32.1674 117.38 62.5219 23.4723 57.6712 74.922 20.8519 6.77172 21.6901 29.778 37.6628 42.7988 186.043 35.5065 30.694 12.6505 0.00619681 50.0345
-66.004 0.200576 7.8687 18.4889 15.9817 16.4753 0.528824 31.1764 51.6752 35.9097 0.937438 12.843 12.8678 21.7817 117.38 62.5219 29.2671 57.6712 70.8437 48.8215 28.9307 18.3291 6.85335 27.4344 53.8961 189.219 28.968 10.0591 49.8915 0.00619681 52.245
-66.6394 0.200576 6.75838 21.0473 15.9817 11.841 8.02553 32.7004 62.6112 32.6021 0.937438 11.6847 18.6384 20.0428 111.654 61.9979 29.2671 50.6546 10.1654 59.6859 20.5832 3.61403 6.85335 44.8364 104.104 190.862 28.9457 12.8279 43.4927 0.0188136 56.7584
-67.8415 0.0869665 3.7451 13.2765 17.2071 14.6682 11.1512 32.6804 49.0739 10.3414 7.66544 7.68753 38.0384 16.7655 85.6951 56.6582 45.5043 45.3702 30.9729 80.8341 31.8011 11.3407 10.809 23.6587 91.8159 194.904 73.9548 28.0339 22.5082 0.0196051 56.5023
-69.3248 0.63601 4.4934 10.1305 15.5949 9.15231 22.3153 34.6928 58.012 21.2501 7.66544 1.72691 37.2612 16.7655 53.8839 71.3125 59.9107 8.51498 20.0266 80.8341 52.1563 29.9771 1.41538 32.435 103.299 127.228 95.7014 13.8114 11.1659 0.0448332 62.7848
-67.0306 0.63601 4.56262 14.7953 7.57669 8.12207 22.3153 35.4233 20.3151 14.628 4.64659 37.5369 37.2612 16.7655 54.3763 81.2398 59.9107 8.51498 12.488 79.2548 50.3887 34.063 15.1049 32.435 103.299 109.06 112.959 34.0027 11.1659 0.0789731 60.1191
-65.3451 0.570639 7.03783 11.8644 4.33535 16.4517 23.6792 42.1739 0.0995295 19.5902 0.142794 40.0599 43.6545 59.5286 31.4435 97.6155 45.0896 75.4291 7.08315 49.9076 52.2685 9.28597 11.6536 47.8854 100.846 56.0475 84.3736 52.3716 57.6041 0.00660598 61.7616
-67.0952 0.701265 12.3127 15.1054 3.14258 13.1948 15.275 41.9505 21.6577 48.4155 14.9919 28.505 8.32368 43.6345 47.4218 122.306 33.9483 75.4291 7.08315 24.6618 57.441 20.1336 11.767 21.1256 26.6614 137.366 131.543 27.3813 16.8455 0.00974286 54.5103
-66.7345 0.798771 11.5403 15.1054 9.58822 11.0101 15.9157 44.4841 14.985 48.4155 12.8534 29.2995 8.27799 43.6345 57.3804 122.756 33.9483 75.4291 7.08315 24.6618 57.441 11.2103 11.9365 27.7063 22.3231 167.383 121.633 12.7443 13.0435 0.00875848 52.5944
-66.9894 0.951821 6.10864 20.5861 9.58822 13.348 15.9157 44.4841 10.6798 48.4155 12.2409 29.2995 8.27799 45.2583 57.3804 122.756 41.4016 75.4291 3.67454 39.2353 31.8188 11.2103 11.4601 27.9177 73.4353 154.471 26.0079 12.7443 11.327 0.00667811 48.0653
-67.6321 0.800153 7.18746 15.4043 11.7251 13.348 15.3496 44.4841 10.6798 53.9248 12.2409 29.2995 8.27799 45.2583 55.7045 122.756 40.9672 75.4291 3.67454 24.875 30.3611 11.2103 12.2718 42.0487 73.4353 166.342 31.2172 11.6714 10.927 0.0101661 49.1718
-66.8595 0.678583 3.90382 12.0656 17.9955 11.67 19.7463 77.5241 10.6798 47.4934 5.19434 27.093 7.48694 24.3784 53.4912 121.218 9.88466 100.769 14.2305 11.456 37.4898 10.5481 23.8902 15.9145 61.3606 184.845 63.5573 48.6521 26.5337 0.00848662 53.8306
-65.9139 1.07086 5.75516 9.9091 12.1959 18.9661 16.9769 77.5241 1.43952 17.0465 15.9829 21.4367 2.37441 33.0518 55.6181 115.525 18.1677 120.386 25.521 12.1036 40.4763 11.0088 21.0247 7.72969 57.8045 184.845 82.7663 27.7355 31.5029 0.0146166 56.861
-66.355 0.995928 6.66094 17.2369 12.1959 10.5533 13.9311 62.3363 1.43952 37.3516 25.7741 19.6447 11.4448 14.7176 68.0729 115.525 12.5819 117.545 13.0486 10.6603 50.1594 6.03612 21.0247 17.5291 89.4667 161.202 33.6548 104.829 31.5029 0.00505969 52.2699
-66.7526 1.00965 10.8425 2.75172 8.81656 6.80833 18.5424 63.7829 1.43952 25.5606 29.5647 16.0741 17.2441 25.5753 65.9494 127.772 11.1262 117.418 13.2789 32.4749 43.8302 11.0706 18.0946 1.79057 78.6842 126.491 148.625 159.413 77.5375 0.0191887 60.1843
-68.0065 2.1968 12.9555 2.49922 6.89166 1.20773 16.6644 62.3068 6.25693 23.5628 34.825 19.6317 17.0803 37.237 21.7889 127.772 4.42257 101.485 84.341 35.9796 26.8275 13.9368 18.5925 1.79057 67.1787 125.028 124.916 395.278 143.049 0.0164451 69.7211
-68.0065 1.28035 10.8273 2.49922 7.08232 1.20773 5.79295 62.3068 6.36624 27.4677 34.825 19.6317 20.9421 37.237 9.93835 127.772 3.93284 101.485 84.341 43.645 42.426 9.11934 14.2668 5.53707 67.1787 100.206 129.693 226.344 172.099 0.0361631 62.421
-68.5209 0.393776 10.8273 7.63209 2.10288 3.43037 7.62589 61.9449 26.5654 28.3597 32.9937 8.18377 34.9542 40.9661 5.60074 127.772 1.84932 109.06 69.1104 22.3429 19.3933 12.0504 35.3505 4.4041 88.4115 86.8041 147.988 86.2107 59.2707 0.0380595 59.637
-65.9958 0.726786 7.4388 7.06313 31.3651 6.35437 5.22839 61.9449 0.986909 28.0974 31.9133 3.43559 33.4288 33.8175 5.60074 127.772 26.064 67.7846 56.5712 31.5486 14.3769 4.99708 32.1248 63.3656 85.7972 75.8151 193.662 214.849 83.8966 0.0159024 63.7186
-68.2885 0.730799 9.15408 4.56407 29.3948 7.74833 4.27618 46.2878 10.336 25.9647 21.8349 3.77232 37.4566 33.8175 1.49246 134.696 28.826 67.7846 56.8398 44.0935 9.5837 2.15006 32.7116 63.3656 86.4196 84.0571 97.5005 86.7636 46.9064 0.0437746 59.7545
-67.7222 1.17278 9.15408 3.71453 31.3706 7.74833 4.27618 46.2878 17.4644 16.762 28.3781 0.688861 42.9275 33.8175 6.44819 134.696 32.3296 83.0873 68.0692 32.6565 5.99753 10.6709 30.5921 27.1085 66.634 103.376 127.176 54.4997 122.815 0.0329294 56.289
-67.2617 0.881707 6.81943 13.3648 29.323 8.25535 7.4801 46.4597 17.4644 13.442 28.3781 8.11323 42.9275 19.5362 6.44819 176.823 17.3165 69.479 51.6439 40.3778 6.47817 20.6829 35.4622 30.7302 81.4502 62.6572 142.489 89.3322 52.4182 0.0229401 54.8341
-68.3421 1.53149 6.5809 19.0712 28.8778 8.52145 7.4801 46.4597 36.9287 13.442 14.7103 4.54667 21.8507 25.0002 35.3422 210.498 15.2363 24.419 44.2563 22.8966 8.32847 10.5033 30.9027 45.2985 79.7486 111.916 81.5536 113.007 28.8355 0.0160419 56.3683
-68.7774 0.598199 13.3473 0.784072 30.3598 11.4831 12.4179 36.0218 25.9469 3.42024 44.4931 5.67421 22.998 25.0002 44.7093 210.498 10.8244 33.1509 36.1051 6.74196 4.74025 2.18761 59.781 56.5529 76.3316 134.384 118.223 50.7045 30.7936 0.00947785 59.1441
-67.8339 0.561865 14.6023 1.78985 30.7549 11.095 4.44422 57.2637 25.9469 3.42024 44.4931 5.67421 22.9072 10.6859 44.6976 210.498 12.7678 33.1509 34.7721 6.74196 4.74025 2.22522 54.5741 26.8416 95.0462 101.329 137.175 37.215 44.3052 0.00947785 53.0983
-67.8339 0.5855 14.6023 3.68161 28.9898 11.6571 5.27846 54.226 19.9568 1.23432 56.7726 5.67421 13.8489 10.6859 44.6976 210.498 19.9565 33.1509 24.6413 6.74196 1.61836 8.70158 78.8529 22.7167 83.7148 111.747 168.242 26.8307 54.6161 0.00947785 57.2519
-67.8339 0.0811167 14.6023 3.68161 28.9898 7.59804 4.65213 54.226 22.2531 1.23432 56.7726 7.08922 16.7736 41.3834 30.3201 232.96 29.1454 6.58737 24.6413 19.624 1.61836 7.39356 46.6963 0.941562 92.1601 123.111 109.122 26.8307 52.034 0.00947785 56.7483
-66.6354 0.22968 15.9047 3.51166 28.5455 8.72936 6.53731 93.3545 19.9856 1.23432 25.3986 12.4922 50.3472 10.1995 31.675 216.977 17.1941 6.46792 10.9831 40.4597 3.28298 1.55595 45.4619 3.71321 98.2073 140.742 40.6579 28.0253 43.9326 0.00301532 59.3531
-66.6354 0.350239 16.5318 3.51166 29.5725 4.76972 6.19378 93.3545 17.3203 1.23432 14.4721 11.0318 50.3472 10.1995 31.675 216.977 25.8107 6.46792 10.9831 34.1966 3.28298 23.0027 45.4619 17.6588 91.828 144.356 38.0743 26.3981 32.1156 0.00301532 59.2538
-67.5067 0.322114 16.5085 9.08993 29.7469 4.76972 2.2911 90.53 19.359 1.23432 14.8773 11.2846 50.3472 17.7368 31.675 216.977 6.65952 9.6621 33.4532 34.0434 3.02946 20.1446 45.4619 10.8934 49.1909 161.51 64.9754 28.95 47.9281 0.00301532 55.0762
-67.1234 0.408725 16.5085 9.08993 30.2612 4.76972 2.2911 90.53 19.359 1.23432 14.8773 11.1194 50.3472 17.7368 31.675 216.977 6.79912 9.6621 33.4532 34.0434 3.02946 20.1446 45.4619 10.8934 49.1909 149.792 43.2251 28.95 47.9281 0.00116683 55.2279
-67.1984 0.403873 25.3807 2.8633 27.6634 0.230909 6.60727 73.3048 6.59628 1.23432 14.8773 10.7763 41.9878 38.7843 46.6401 216.977 9.68973 9.6621 33.4532 12.5319 5.68174 16.1749 45.4619 9.47519 93.5554 144.381 63.3647 52.6913 54.6429 0.00608522 53.5501
-67.0905 0.701662 25.3807 12.685 19.2269 1.91836 3.65977 72.7828 16.3383 0.0677045 14.7283 16.8604 23.6503 38.7843 31.0462 216.977 6.94005 5.34637 56.8219 29.8638 21.6919 14.283 36.0745 6.61567 84.6267 136.169 75.2356 82.0896 76.0311 0.00477345 55.3954
-67.4815 1.16944 29.7538 9.54865 6.84314 5.03472 5.26689 72.7828 12.8658 0.0677045 2.66049 35.0597 21.9757 34.1413 49.4281 216.977 5.91979 5.34637 49.586 21.0915 19.0576 21.7624 38.3477 5.99462 71.2612 140.956 60.4435 73.0504 149.061 0.00506882 58.4424
-67.4712 0.419114 29.7538 8.6051 5.80788 9.74358 5.75622 72.7828 13.8354 0.0677045 5.47371 32.5713 21.6466 34.1413 49.4281 216.977 3.18967 5.34637 49.586 21.0915 4.25498 32.9752 35.8372 4.11825 89.3017 118.175 80.0116 73.9451 7.89793 0.00490522 53.9718
-67.1747 0.897079 29.7538 8.6051 5.51676 3.98816 6.73894 25.8032 11.8366 17.7529 5.47371 61.3231 31.8839 40.0603 14.3092 212.202 3.48777 5.34637 28.0109 35.1331 32.6204 41.5277 35.8372 24.8671 115.909 67.9648 29.3063 78.5251 33.4324 0.00745526 63.9194
-67.1747 1.00631 21.5085 19.2653 6.40253 3.78573 6.73894 37.7172 11.5019 17.7529 1.95002 65.2738 31.8839 40.0603 29.7958 121.045 4.10908 1.071 32.5911 40.834 76.9091 44.6362 35.8372 59.0169 105.381 67.9648 33.4472 99.4177 9.55766 0.0122164 66.6865
-67.5905 0.978168 16.2081 9.40559 23.223 6.24337 7.28677 32.3946 4.0642 14.8445 5.36303 65.2738 40.8508 48.2153 5.27132 121.081 4.10908 54.9295 28.0107 16.9853 67.3318 52.7412 28.547 43.5056 65.5729 86.0518 154.602 23.1141 29.3877 0.0269507 57.0524
-67.6286 0.940195 12.8589 9.44577 23.223 5.03679 9.75089 30.3837 4.17639 17.6402 5.36303 65.6656 21.2706 46.4258 7.63385 121.081 2.25971 70.2121 37.701 14.9644 68.9958 36.2588 46.4299 35.7065 71.9868 105.201 150.876 14.802 29.3877 0.00978819 54.4933
-67.522 1.30144 6.44197 8.52148 9.67895 4.28132 12.9422 31.7644 4.86341 26.77 13.1826 72.8214 31.8726 43.1195 14.6775 101.285 13.8645 50.449 40.0731 18.0506 67.5357 28.8735 44.9528 58.8825 56.5182 58.0224 187.446 24.9378 101.409 0.00598855 56.6293
-67.522 1.33217 4.89125 8.52148 9.67895 2.92543 12.2787 31.7644 62.6458 26.77 16.152 15.2989 31.8726 43.1195 14.6775 97.0705 13.8645 55.6168 43.6643 13.9042 33.1744 17.5542 44.9528 105.527 56.5182 65.3157 167.152 28.5202 101.409 0.00270377 54.2967
-67.835 1.20321 3.87937 3.72441 6.83614 0.0516688 10.5436 25.7433 41.6773 40.7779 12.0231 31.8114 34.6713 30.2356 3.04917 97.0705 37.1959 53.9159 85.2522 12.4873 33.1744 25.1505 28.6507 108.179 47.0345 48.8971 192.201 25.4656 94.4054 0.00250857 56.2946
-67.7674 0.597508 7.87403 5.27074 4.39746 1.86933 10.5436 43.0031 33.2375 38.5523 17.967 26.6687 34.6713 30.2356 0.48501 113.301 72.0624 43.2735 58.5863 4.07213 18.2689 28.4523 20.7445 91.6951 41.2082 70.851 233.115 41.1014 92.0141 0.00227175 55.3027
-67.7686 1.03394 6.98542 11.0082 27.8591 7.62267 7.32745 38.0946 33.2375 40.1101 17.967 21.1591 24.175 21.54 0.48501 113.301 44.3139 34.3032 48.0432 51.6923 26.5795 57.7425 3.62035 65.8407 62.97 55.8585 162.531 32.2887 73.7616 0.00328488 59.2162
-67.9073 0.685859 12.3121 11.2127 28.4872 6.93046 8.81956 36.8236 1.84467 61.1474 4.2815 9.50633 22.7943 37.3018 17.7122 141.734 45.7407 16.6786 47.775 34.5966 27.4791 33.2375 13.6036 51.4252 77.3798 80.4145 195.615 100.174 64.7016 0.00328488 57.0018
-68.0634 0.620022 5.77829 7.7059 36.4309 4.94555 5.45301 48.4616 1.81122 68.0266 4.2815 9.2979 31.8023 37.3441 15.1105 141.734 59.913 16.6786 42.1752 34.5475 31.0591 22.8245 16.0377 74.5039 43.5536 80.4145 134.511 33.1505 15.7391 0.00328488 55.0128
-68.3109 0.736904 5.49803 9.14569 31.8391 3.05181 9.17585 48.4244 3.32776 55.6196 15.3203 4.82064 37.1944 33.8148 15.1105 141.734 26.3693 38.2295 42.1752 34.5475 31.1607 26.5139 21.4105 63.356 43.5536 139.922 132.561 31.1477 15.7391 0.0147284 54.5609
-67.2417 0.897726 8.14862 5.61782 29.9051 3.05181 5.75366 18.4141 6.75306 47.8641 40.5631 12.6599 44.8886 33.8148 14.8999 141.441 25.547 34.041 29.0696 35.1281 42.271 44.6935 21.3682 54.3442 57.6477 100.976 109.605 31.5965 17.5798 0.0147284 55.7281
-67.6298 0.863807 19.5309 11.7153 30.4029 3.05181 2.34791 15.967 17.3825 43.9101 26.9676 20.8444 21.6398 7.34488 14.8999 119.223 68.8616 40.6081 35.5917 17.9739 51.0043 57.5549 19.9717 12.2147 79.0722 148.587 118.162 10 13.5277 0.0207481 56.5507
-68.1466 0.863871 14.0399 7.82956 29.9691 2.07244 7.63587 13.8811 17.2772 43.9101 26.9676 24.1567 31.2177 7.34488 9.53396 92.3991 95.256 64.4963 26.8272 15.9591 47.8205 75.8926 22.1394 2.69981 71.0567 177.438 19.9799 26.4764 36.6762 0.0416258 55.7413
-66.5667 1.01112 14.0399 8.78767 30.3751 2.07244 7.16486 13.8811 17.6621 28.214 26.9676 24.6224 32.8703 7.34488 33.1799 92.3991 95.256 64.4963 31.2509 14.1941 40.558 51.044 39.8424 2.69981 70.4189 185.754 23.7436 26.4764 56.6316 0.0333949 56.5612
-67.2136 0.934906 10.7465 7.20516 23.744 11.938 7.20062 11.5163 26.3328 16.5064 29.2698 27.0334 29.6468 39.6 18.2908 39.587 119.822 64.4963 53.0098 15.4697 40.8646 32.7409 20.6722 16.7881 71.2398 188.38 29.0815 52.6299 85.854 0.00422566 50.7728
-67.6663 0.925639 7.38802 3.74554 29.3331 13.9948 7.65914 15.2162 30.1621 23.0359 37.1907 28.9964 26.0503 39.6 19.3111 45.1909 119.822 89.1024 28.8341 20.2648 50.5204 26.6262 20.6722 11.5125 57.7903 184.709 9.86363 52.957 58.8159 0.00572667 50.7297
-67.1387 0.926903 6.31976 3.51698 29.9743 14.6625 8.00646 19.2799 22.724 23.0359 23.2723 29.8052 26.0503 50.107 27.0195 45.1909 119.822 89.1024 32.3292 13.6839 43.245 26.2005 23.3002 27.1725 30.8928 205.403 16.3624 47.7719 64.9061 0.00896257 53.2724
-65.9215 0.40594 3.37045 2.64012 28.4608 19.3514 5.67048 16.1021 26.4232 37.2418 23.2723 27.0386 30.1073 46.9823 14.8393 5.60077 128.99 75.6701 33.4349 51.816 42.3224 7.99486 25.9752 53.7661 38.5342 182.132 54.7379 62.3622 117.375 0.00295648 54.8116
-69.3155 0.852789 3.37045 6.07314 27.7769 19.369 4.54115 13.0191 24.8658 37.3799 29.8435 15.7652 27.7584 63.7398 28.0829 10.1344 104.337 37.1991 9.14971 85.9151 27.4238 18.5869 25.9752 73.2379 41.0769 196.412 38.7046 59.8686 91.176 0.0049637 60.8071
-66.9849 0.926093 7.15995 7.24985 19.5033 18.3579 10.2794 13.0191 31.8206 24.2574 29.8435 7.12867 48.7152 74.7785 19.1627 19.6768 136.484 29.2895 17.9302 54.0328 61.1145 15.6412 3.84959 55.6923 38.4709 189.757 73.1172 99.9843 51.5038 0.0044595 54.6746
-67.0517 0.871449 7.53049 8.50454 19.5033 17.0184 6.2058 6.91646 23.0959 24.9072 30.8875 5.42419 48.9647 75.2637 26.1381 43.78 136.484 64.6082 23.4486 51.6886 0.109641 15.6412 7.87454 59.0243 38.4709 168.515 43.0071 38.3857 97.2914 0.0319175 55.0282
-67.1071 1.15005 7.8227 9.60031 19.5033 19.3231 4.89286 22.7758 27.2466 38.3358 36.3873 9.71584 27.8294 66.2034 25.6856 31.4385 73.2569 55.6811 43.9199 40.4513 14.794 64.7763 12.8829 43.3632 41.2794 210.647 32.9936 38.3857 118.687 0.00709044 52.6658
-68.1833 0.727769 10.781 12.7749 12.1163 21.6517 5.18106 28.2866 23.6909 37.9998 36.3873 8.30266 26.5652 68.8037 23.3229 22.0775 77.5218 60.3113 47.7142 29.8853 16.5566 64.7763 12.2901 50.6006 41.1365 139.469 77.8133 103.516 92.3625 0.000443829 52.8567
-67.9747 0.717518 9.64197 12.7749 13.7658 20.4889 5.92316 10.6106 26.7886 42.084 29.01 7.82604 26.5652 77.8276 22.6514 20.685 74.708 67.307 47.7142 49.6205 10.7632 23.1724 26.5613 59.3287 98.1715 136.459 64.9746 26.7947 61.237 0.000443829 52.6446
-68.1104 0.723247 13.9828 8.92585 14.1072 16.6876 7.01131 17.379 29.4736 34.7439 29.9313 8.18717 24.4645 105.964 23.5657 25.0726 92.8949 68.4097 47.7142 39.8199 11.167 18.0612 20.4455 37.1106 67.0385 144.514 51.2342 8.06651 84.2156 0.000443829 48.4329
-68.1352 0.734227 13.5207 11.8638 14.897 15.2112 7.01131 4.58934 34.9396 36.5089 34.737 8.3246 18.3211 105.964 22.1058 30.5463 95.5822 84.3718 47.7142 14.8099 5.33202 33.8639 22.8955 17.7081 70.6485 144.514 63.3248 59.6529 120.509 0.000443829 53.2032
-67.8939 1.67804 10.2817 9.62321 15.0994 20.6074 2.11259 10.987 51.4484 62.1905 2.06334 7.57026 10.3143 109.405 22.0658 28.3166 94.0504 60.4981 47.7142 24.0357 9.15633 34.4798 11.8144 16.1191 71.4995 112.937 124.929 54.1099 3.30705 0.00102199 51.6954
-67.8939 1.61335 10.4016 14.9756 14.3874 20.6805 2.11259 21.7783 42.0397 70.1783 1.37186 8.00634 12.5658 109.405 11.7256 24.2355 95.7075 55.4742 47.7142 28.8587 22.316 35.7032 5.98388 36.8427 71.7415 113.745 108.114 60.347 1.84899 0.000108258 50.4775
-68.7621 0.814489 8.44326 13.833 12.6606 11.502 13.4173 17.2464 47.732 71.0388 2.25999 7.29905 13.2787 116.825 7.90624 28.3855 85.4183 64.8646 47.7142 13.5465 34.6334 44.3553 4.18092 10.1398 47.4698 146.383 118.751 116.709 14.5795 0.0162421 56.3634
-65.9156 0.810372 10.0149 8.38759 23.2881 9.80407 13.0776 8.99684 45.1127 89.0514 2.25999 9.4512 21.0175 99.8815 4.03464 28.448 21.46 59.7963 72.1544 16.0337 68.555 24.8001 16.8206 1.17693 97.1692 124.874 111.353 391.321 20.8922 0.00354399 66.8118
-67.403 0.406703 3.86007 8.21209 26.7005 12.408 14.9098 16.9849 24.3383 60.3582 15.3157 12.328 11.7503 97.6382 4.72565 20.5366 32.0268 65.2857 95.7423 10.7282 10.9512 21.4045 58.1955 26.6639 101.39 131.126 83.1581 200.925 12.9932 0.00703422 56.0088
-66.9613 0.406703 3.86007 5.90892 24.3282 13.1981 16.0882 21.9999 28.0934 67.8676 13.1921 12.328 14.2657 97.6382 4.6162 24.1304 75.5299 77.5005 65.4121 10.4369 1.89612 6.08393 41.5429 19.9402 110.241 124.809 75.2938 97.3618 1.62515 0.00121746 51.7332
-68.4591 0.406703 6.39932 4.08305 24.3282 6.33995 26.9577 18.5501 28.0934 67.8676 3.33211 12.328 14.2657 93.1876 4.6162 34.6439 75.5299 77.5005 65.4121 10.5263 1.89612 6.08393 45.6457 35.2608 110.241 127.495 120.558 86.5328 1.62515 0.00219996 57.2535
-68.6063 0.406703 7.09828 2.13251 23.6287 11.9999 15.8353 20.417 15.5983 67.8676 15.0679 18.0648 14.2657 109.398 8.92868 13.1549 73.8786 93.8857 53.2849 8.5682 24.2026 9.57864 45.4034 41.9903 83.2547 130.288 86.5803 95.3094 1.62515 0.000641753 54.6398
-68.2699 0.406703 13.9138 1.50633 15.3522 19.2943 12.619 26.1816 16.7972 62.6431 23.2928 13.1378 11.0946 91.5237 6.24073 13.689 74.0928 104.339 76.4376 10.0704 14.1224 16.5633 22.3928 48.1516 76.175 125.301 52.4591 75.9162 4.44938 0.0217654 55.9271
-68.433 0.352243 17.5851 2.27081 6.36893 19.2943 13.5322 24.4165 33.7882 62.8307 23.2928 14.868 2.76334 91.5237 5.36168 12.6705 74.0928 110.72 68.7579 4.81918 4.22319 18.2504 41.7677 38.7319 59.0219 126.746 66.8995 33.9024 30.6882 0.0226642 54.5001
-67.1111 0.547598 19.8769 2.27081 4.18332 14.6979 19.2779 8.32544 36.3706 62.6611 25.1002 20.6817 7.32833 91.5237 29.5227 18.2974 37.4408 99.9734 68.7579 4.81918 2.3668 18.2504 34.8418 56.2157 59.0219 155.898 70.2386 33.9024 54.153 0.0251383 50.6849
-67.4905 0.587426 22.9455 4.54603 4.05043 14.6979 18.5633 2.90046 62.0315 66.0704 1.69926 17.3256 6.50898 91.5237 29.5227 18.2974 37.8364 99.9734 68.7579 11.4033 8.32735 18.2504 37.9282 56.2157 59.0219 153.384 55.3127 61.198 44.8885 0.0144253 50.7753
-67.4905 0.585105 19.829 2.47573 5.79151 18.487 13.1098 2.90046 62.0315 66.0704 1.69926 17.3256 6.06246 75.6511 29.5227 25.8443 37.8364 99.9734 68.7579 6.5525 12.8248 18.2504 41.1567 50.2448 66.661 153.384 49.7524 61.198 13.3356 0.0103459 54.7314
-67.5018 1.08965 20.9444 7.47909 7.11339 14.0934 20.2323 2.90046 50.3152 67.6224 9.10752 10.6708 5.82478 94.6178 54.111 12.0096 29.7378 99.9734 59.6126 13.1625 8.76372 22.0739 26.9192 41.9059 61.6687 155.855 55.2334 39.4617 32.0148 0.0278323 53.7669
-67.0818 0.227982 20.5611 7.47909 5.93549 13.8986 16.4601 9.70275 28.1724 50.8195 35.819 13.26 12.4277 88.307 45.9457 9.10226 33.1088 107.635 72.3371 9.76936 1.32286 30.0028 38.1891 52.4993 48.8499 174.139 2.80951 12.914 38.2873 0.0132408 52.4693
-67.6765 0.0824731 17.8674 5.8954 7.37474 16.9659 16.6505 11.1892 30.7455 39.4609 44.2615 6.4798 13.0887 92.2177 67.4623 24.2521 13.9784 87.7288 69.6044 6.86951 16.5764 18.5652 1.36479 49.1569 96.1242 165.12 18.0734 15.9217 17.7772 0.000728369 50.1032
-67.8694 1.65319 14.2535 6.58666 6.59826 14.6259 16.0007 12.7352 29.8615 40.6168 56.468 7.74926 2.09261 95.4957 81.1393 24.4639 18.4351 74.7786 60.1166 10.2132 8.76614 25.7284 2.08444 61.181 89.6169 182.446 6.3315 30.1538 9.07971 0.00376424 51.7952
-68.0752 0.924314 11.2442 6.24152 6.66598 6.95519 31 10.8337 29.8797 33.4675 57.8231 17.5772 6.64306 84.5568 84.8316 25.4148 14.6318 74.6265 61.8124 11.3779 2.52246 62.1618 15.374 27.7622 85.7215 173.062 24.0195 3.58613 20.0431 0.0202497 52.3778
-67.2391 0.731212 8.66066 11.4085 6.94626 6.84855 35.2837 10.3701 18.1552 33.4675 57.8231 5.00747 16.3021 78.1307 99.9836 14.0892 14.6318 100.348 46.7103 11.4702 1.11804 39.6177 28.7154 45.2748 67.0562 175.079 25.8528 89.6482 50.4099 0.0173487 53.9435
-67.4966 0.731212 19.5176 5.19582 8.85388 4.43518 20.9515 4.64022 20.8319 28.4874 57.8231 2.42761 27.7872 67.1185 87.3042 46.4661 7.60366 76.0755 89.0662 12.3796 2.65844 43.1506 43.1831 10.8362 67.3741 157.812 23.4603 42.6779 33.5978 0.0198158 54.3345
-65.502 0.290298 22.4461 5.3506 7.91207 9.43634 19.6016 26.0043 25.8756 19.5973 45.8054 13.7328 27.7872 59.4486 37.3864 66.7262 5.90315 101.202 66.2421 21.3941 2.65844 40.1831 48.8616 3.6497 90.2479 143.55 30.4833 64.5738 28.3909 0.00501973 53.189
-66.5574 0.245896 22.567 10.1236 7.05285 11.6365 15.4307 23.0227 37.1378 25.758 45.8054 10.6278 15.9118 54.7282 37.3864 77.1628 26.6562 75.06 67.108 36.1894 2.65844 27.4611 23.6112 10.688 91.1916 164.398 21.677 10.4532 13.2005 0.00501973 49.1639
-66.8365 0.245896 16.3039 4.34402 10.6862 9.40246 19.6223 1.92566 67.004 16.3933 30.4514 17.9845 15.2662 50.0206 28.0795 87.0017 26.6562 96.6364 41.4597 36.1894 1.47864 27.4611 37.4444 21.0997 102.472 116.487 24.705 19.3051 25.9891 0.0295135 55.5905
-67.0968 0.245896 16.3039 4.93042 10.6862 7.79189 11.8343 1.92566 49.5673 25.1624 32.4328 17.9845 20.084 45.9038 33.1025 85.7272 26.6562 96.6364 80.3346 12.4763 22.1897 6.79168 30.1085 32.9779 102.472 99.2987 114.365 74.2866 36.1451 0.0173036 53.7464
-66.8238 0.401453 5.09876 0.241714 30.3694 11.696 10.5617 33.1097 16.5992 28.0064 35.2344 10.6264 21.12 14.9914 20.6545 45.3948 44.9141 88.1548 75.328 23.5239 24.3417 63.867 21.1984 25.7206 115 130.93 89.0031 78.4159 47.0055 0.0191361 57.0165
-67.528 0.699089 9.84801 2.06679 24.1819 19.6352 10.1313 23.5148 4.28972 44.1462 50.2697 10.6264 24.2895 55.7589 22.6044 60.21 43.5168 69.021 54.8755 29.6716 9.93793 56.4699 19.583 30.2542 83.3471 143.727 77.7984 10.6778 40.955 0.0020861 50.0066
-68.2124 0.778938 13.7521 2.06679 12.2483 23.8159 7.06477 16.7764 3.32053 49.5349 46.5111 20.7182 25.5622 57.7745 23.815 44.692 60.6845 69.7342 37.34 26.832 27.4708 68.2399 21.8209 30.2542 56.2294 196.885 52.4819 8.32855 59.4839 0.000667714 50.753
-68.0765 0.856846 15.2602 4.33238 18.9513 15.6955 6.01456 19.1094 10.534 49.206 34.3899 23.1915 25.5622 79.958 22.0288 43.2059 60.4998 73.8412 20.4765 12.0921 35.3409 68.2399 22.527 30.2542 65.3014 183.447 45.2394 19.449 37.1779 0.000667714 49.5432
-68.6262 1.32011 8.74465 23.5988 9.76848 11.7523 7.86265 29.0963 10.3456 20.7919 32.8357 31.3023 17.5935 62.2949 38.5514 34.3681 47.5518 87.0611 52.2294 14.401 33.0209 86.3094 19.3633 35.9147 47.9992 155.81 85.8215 19.8507 40.2422 0.000667714 55.5917
-68.5238 0.770542 10.5781 26.9767 5.79269 12.1417 8.56519 27.1141 20.815 19.3964 39.1655 24.7187 20.811 62.4485 32.528 40.2991 24.2025 82.4873 59.9236 4.61136 24.2944 64.5799 18.0633 56.3333 77.6145 173.783 40.265 13.3729 45.319 0.000667714 52.4453
-67.8103 1.19762 10.5673 25.2007 0.768551 12.0207 20.7486 27.1141 10.5742 27.0953 26.371 28.3187 28.5852 93.6264 32.6703 49.0777 26.9367 90.926 25.3153 0.654787 2.28495 50.2191 25.3305 34.306 89.3012 172.305 20.9033 24.5664 58.2966 0.000667714 57.4686
-67.9194 1.05464 18.234 20.3518 1.59265 11.349 15.7224 27.3538 11.6075 18.4637 22.4059 36.2574 37.5283 95.189 32.6703 58.078 32.6551 84.2978 42.3668 0.654787 2.28495 39.6067 36.9585 25.4078 73.886 192.595 32.6032 14.7029 77.8741 0.00357182 50.7015
-68.0672 1.54197 11.6357 21.9547 5.8127 8.63936 13.7871 26.1439 7.24788 11.0255 41.28 42.7815 30.8068 95.189 63.7566 21.3588 32.336 59.9648 38.9282 15.8865 14.8485 45.6077 30.2493 18.3638 75.0811 195.999 44.2319 12.8218 66.5778 0.00391536 50.3572
-68.1353 1.864 12.8881 17.6091 3.96432 8.61628 15.8255 27.2431 15.7862 10.4503 39.046 44.1267 24.6534 9.78315 63.7566 98.7804 38.7482 59.9648 26.9485 15.8865 43.4658 36.5164 56.0684 7.28068 69.4269 211.158 14.6049 7.11442 49.9941 0.00724877 53.0522
-68.4209 1.00326 12.4334 8.81872 6.03492 23.4009 11.5594 24.6381 9.2438 10.4503 32.4253 46.7555 15.3806 9.78315 84.5762 69.6583 80.9676 54.2875 9.71832 22.7354 37.402 45.2453 59.0347 7.28068 74.6706 195.188 51.2089 47.0168 20.4856 0.0030918 55.9948
-67.1623 0.273901 9.49742 8.7324 10.1705 23.9051 7.96985 30.3033 9.2438 10.4503 31.2508 41.65 18.6904 9.78315 110.425 66.5505 71.3871 39.2552 26.78 32.0204 25.7795 36.9825 33.6094 17.1466 66.4198 152.552 67.3067 30.3162 0.947687 0.00700631 49.7685
-66.4384 0.476286 8.14232 8.74804 13.0346 23.9051 8.5424 36.1286 7.35372 10.4503 30.5873 44.6165 21.1883 4.18566 106.578 75.5952 71.3871 39.2552 32.3869 25.5236 8.63523 42.3695 36.5112 2.45934 66.1075 166.798 72.2338 19.863 24.3517 0.00488927 53.9474
-67.163 0.36545 2.37241 8.85756 18.0397 23.9051 6.64692 57.8939 5.65661 10.4503 14.3861 52.064 15.1601 5.88727 122.647 54.3041 72.5159 68.0501 20.2599 25.5236 16.6986 32.7836 36.5112 16.5927 56.5461 170.763 39.1097 31.5675 29.4812 0.00559534 50.3468
-67.2445 0.3694 2.37241 8.38164 9.83863 23.9051 9.76236 57.8939 13.856 10.4503 16.2862 52.064 14.8321 5.88727 123.121 54.4993 68.8902 68.0501 26.9954 19.1712 13.7312 17.4443 36.5112 12.097 71.0627 187.484 38.1943 22.6859 9.59105 0.0108983 51.0881
-67.4948 0.989248 2.37241 6.81248 9.83863 35.1273 6.23573 40.3372 19.5332 6.31571 6.86111 52.064 16.3506 7.01915 123.121 52.5732 82.4439 68.0501 30.1824 3.83427 30.5727 16.7855 27.0832 25.8848 83.8839 163.435 12.6398 26.8119 29.6473 0.0119106 49.6855
-67.68 1.28385 10.3455 5.8654 1.81183 35.1273 4.10847 40.3372 18.8523 14.9608 7.87152 57.7605 16.1044 1.78285 123.121 13.4655 82.4439 96.5326 32.1056 15.1538 11.9596 10.0316 20.5197 54.0603 69.9955 192.574 25.5972 3.05767 29.6473 0.000243698 50.867
-67.68 1.28385 8.83249 6.31963 1.81183 39.1945 6.76976 46.9792 15.0207 12.0027 10.1693 77.6634 21.5255 1.78285 97.9378 49.2493 58.4522 72.0115 38.7228 25.8566 11.9596 13.736 14.8398 37.9173 71.059 185.717 25.5972 10.4391 160.761 0.00294198 54.8869
-67.2977 0.646422 10.3865 4.69807 1.81183 34.1619 11.7503 19.5554 24.1895 11.2268 15.6078 73.173 0.1597 19.9397 71.7811 48.9506 57.5596 123.853 37.9487 33.2441 17.9515 3.70685 13.4424 48.8894 60.2232 190.096 25.2253 30.8836 84.2063 0.000625191 50.9923
-68.1153 0.639369 11.4608 3.05201 4.60693 29.6799 7.65157 11.3508 27.7395 21.4201 15.5283 68.456 18.4415 13.7957 71.7811 64.0249 57.5596 91.2538 43.2811 29.8396 23.4456 14.6476 7.49832 34.7756 57.5055 169.479 49.6937 1.98849 57.2541 0.00315078 52.5292
-65.9605 0.252727 13.5528 6.40236 2.6098 25.271 8.7765 3.11334 27.7395 21.4201 16.3469 62.3321 20.6648 36.5955 60.437 67.5304 65.3646 73.4337 70.0996 29.1776 27.4351 15.4921 1.47095 39.3998 63.542 165.621 71.017 17.4408 45.4584 0.00254263 52.9513
-67.2503 0.383495 19.8389 6.40236 1.48117 29.0006 8.74709 8.42072 33.3481 21.4201 17.8012 56.6466 19.1802 54.1828 36.9861 67.957 65.3646 64.1463 55.2208 28.587 36.1084 16.2171 1.47095 47.751 66.5427 149.91 42.3373 11.3195 62.5944 0.00249955 47.5655
-67.1181 0.579926 10.1593 12.809 1.48117 29.0006 8.74709 8.42072 37.117 24.7045 18.5439 36.5017 17.0432 35.3441 35.632 64.2322 65.3646 64.1463 71.7793 29.007 28.101 17.7848 21.5689 47.751 68.939 149.91 65.8652 17.9389 76.9964 0.00107544 49.6484
-67.2417 1.42259 12.8261 14.0144 3.85053 26.9077 5.4139 0.409791 33.9536 23.4061 1.49528 54.1311 29.6061 35.3441 40.9992 68.203 100.081 46.8572 14.4919 30.7912 58.4817 18.3258 38.2966 36.5076 64.7739 127.624 93.9965 7.23885 160.219 0.00107544 55.6763
-67.9534 1.33144 12.6235 14.0239 3.85053 20.4789 9.88947 0.409791 33.9536 13.4346 5.46295 61.4458 37.1903 35.3441 43.1639 75.9874 78.2976 75.2678 17.9992 30.4935 33.3263 17.2801 33.9958 30.7935 65.1284 136.482 99.685 7.23885 84.3395 0.00282024 53.1351
-67.4282 1.22353 8.64085 13.4553 9.35127 21.8168 9.88947 0.409791 18.3636 27.2465 21.437 36.045 33.6868 35.3441 45.6186 75.9874 78.2976 71.0231 12.9156 36.7973 25.9283 28.0154 45.0891 44.4856 43.6864 126.748 123.452 0.596254 49.7805 0.00696572 52.7162
-67.986 1.37225 9.63903 13.6197 12.7107 16.8143 10.1422 5.8774 14.6638 32.3644 21.437 39.048 37.2593 29.013 26.5264 84.0614 77.9797 66.5481 24.9264 42.571 34.9974 15.5138 38.7516 34.6077 79.6117 119.927 89.3495 22.5096 85.962 0.00815755 52.0667
-67.8167 0.372032 11.9259 16.3086 10.1343 6.08237 19.8882 4.63246 30.7967 21.2522 64.1076 11.5925 33.5468 38.0355 32.0529 113.169 14.8541 87.8009 9.76895 35.5132 38.6855 26.4248 15.0652 8.09133 109.638 109.087 135.652 25.2655 69.6753 0.021334 56.9183
-67.5268 0.834453 11.1247 15.8526 13.9537 3.67325 1.78681 6.97158 49.2452 7.66316 66.3025 7.57503 35.8462 29.7108 45.7638 132.058 4.12864 75.0248 9.76895 6.59745 29.7504 38.7001 25.5743 19.8409 113.503 180.971 23.0523 8.02767 25.7386 0.0323066 56.8537
-67.0668 0.0644297 12.9817 30.1574 11.8853 2.24867 5.704 9.59022 49.2452 21.5496 33.0524 10.8754 33.2543 29.7108 45.0915 132.058 65.0528 6.9386 14.7177 20.59 52.4345 7.27496 25.201 13.6046 127.267 180.971 23.0523 29.4312 25.7386 0.0719061 58.7002
-67.0668 0.0644297 13.1063 30.1574 9.98963 2.11594 5.704 9.59022 49.2452 21.5496 33.0524 12.5724 33.2543 39.2284 46.8777 132.058 65.0528 6.9386 14.7177 27.3224 79.7553 11.634 23.3174 11.3383 83.4756 174.999 39.5298 31.9098 25.7386 0.0189467 53.649
-66.649 0.0644297 11.9672 21.7656 9.98963 3.08488 19.4491 8.62433 40.431 33.0272 20.9261 21.2485 32.9924 39.9338 80.0663 135.075 63.2144 6.9386 7.60228 18.913 53.7145 16.0896 13.8873 11.3383 86.2404 202.317 24.4304 31.9098 20.5447 0.0199915 53.8215
-66.227 0.0636931 10.3318 21.7656 9.98963 4.69868 10.1046 23.0761 16.66 33.0272 15.0663 33.2341 21.7211 30.3018 105.801 134.296 72.426 19.2677 2.92521 8.70061 39.1602 19.8257 2.89196 11.3383 92.9398 159.698 67.314 54.8128 78.234 0.0113081 54.8084
-66.8236 0.0636931 10.6287 28.178 16.4215 1.66774 10.1046 27.9232 16.66 33.0272 15.0663 15.6118 26.8643 30.0674 81.6039 134.296 72.426 19.2677 16.8496 10.1079 41.2818 15.0663 14.6568 11.3383 92.8465 167.261 51.691 40.5413 56.8041 0.00667762 51.7998
-66.7574 0.959668 2.51082 51.1779 2.11264 1.66499 7.16671 15.5709 23.5944 49.1347 19.0205 12.0481 24.6114 18.9119 87.6936 134.296 61.2369 10.9185 50.9822 3.94714 24.9455 28.9612 3.23056 24.6593 90.3783 185.975 14.2504 62.264 39.9133 0.00894443 53.8038
-68.0396 0.592892 3.28259 49.2039 2.11264 1.73809 8.26595 19.209 19.1508 55.2197 19.0205 9.79732 16.5575 18.9119 87.6936 134.296 64.5906 10.9185 43.5926 3.94714 33.537 41.9814 2.50875 24.6593 89.3722 138.389 69.14 66.7936 18.7493 0.0208225 53.2725
-66.4289 0.725109 2.37448 35.9511 2.11264 6.81772 10.2882 16.4391 21.1098 55.2197 19.0205 10.1398 20.727 6.38709 87.6936 106.094 64.5906 50.179 42.6095 7.25267 38.255 50.1935 3.36247 26.5784 89.7468 136.093 29.3683 70.3797 11.7049 0.0153587 55.1367
-66.3794 1.49084 17.1225 24.0819 1.53445 11.9453 5.16378 8.27385 20.7981 61.9446 19.0205 10.1398 28.8183 6.38709 65.6728 106.094 64.5906 35.1503 77.1275 18.603 40.0258 36.8644 3.36247 22.0729 73.2805 57.2007 30.0736 30.1744 11.7049 0.0000125858 57.2984
-68.0954 1.50791 11.9377 24.0819 1.58457 6.76057 12.463 8.27385 17.3952 61.9446 5.77216 9.32172 53.8604 6.38709 65.6728 108.043 64.5906 35.1503 75.4296 16.6867 43.1514 36.8644 3.14824 4.16984 84.9981 127.578 55.8715 53.6514 11.0703 0.0000125858 53.4744
-68.1037 0.971303 14.8561 23.562 1.58457 7.08876 15.8076 8.05508 30.9987 29.0166 21.0429 9.94849 53.8604 6.38709 65.6728 108.043 76.4699 37.515 70.7756 14.4353 48.8304 5.59113 3.09067 4.16984 83.6516 152.011 82.8604 96.2436 64.019 0.0000125858 55.4172
-68.8414 0.798868 14.8561 23.562 3.6164 7.08876 13.9136 13.9375 47.9592 28.9161 21.0429 11.7869 33.8328 6.38709 65.6728 92.769 69.2491 28.408 72.2692 21.4013 49.1096 32.8933 6.84289 10.6122 75.6405 153.821 87.6971 96.2436 44.353 0.0000125858 55.4906
-67.4545 0.74063 24.3428 15.6453 6.54751 9.61764 13.2465 0.819863 71.8605 9.85067 21.0429 38.4283 19.5996 29.1548 23.1515 112.196 32.9079 31.4613 46.3575 18.5103 79.3293 43.1694 3.4633 9.558 83.7797 151.233 111.767 161.968 27.6392 0.00809738 62.7097
-67.7901 1.04897 13.3053 18.6548 12.3896 9.15145 12.0423 11.2717 71.8605 9.85067 4.11471 49.719 10.3605 42.3435 27.2996 102.444 42.2776 30.1123 37.7579 21.5436 62.0794 66.5603 4.18184 29.7228 64.4741 151.139 51.5404 111.186 74.7113 0.0169166 56.4234
-67.811 0.741395 9.48856 23.526 19.5676 13.6733 15.8721 13.6824 71.8605 9.85067 4.11471 26.826 18.2613 11.1834 24.8896 113.118 62.6672 31.6632 21.8161 25.2656 48.8085 69.2332 5.94461 26.318 68.8328 162.433 76.6043 14.5854 67.5887 0.00811747 62.9355
-67.8118 0.467982 6.14718 23.2153 9.34197 7.231 13.4643 13.6824 66.8958 9.75787 4.11471 28.4594 20.4893 18.8425 24.5253 119.978 62.6672 30.7913 68.9743 41.7522 39.5423 44.2734 10.3836 31.6325 65.1516 81.2841 161.376 33.6177 92.7606 0.0124589 53.8025
-66.6128 0.207508 6.14718 21.9615 20.5077 5.73192 7.7321 21.6597 59.5361 9.75787 3.64894 31.759 12.0538 35.4445 24.5253 102.487 43.6516 19.951 74.4795 40.6653 21.0756 56.9625 15.236 63.661 61.1057 118.788 125.272 33.232 15.6628 0.00143858 52.8692
-67.3287 1.11991 2.98171 18.1402 22.3005 2.36745 12.681 21.6597 57.8543 9.75787 13.0326 49.0273 9.6052 38.3507 24.5698 102.487 60.1161 29.0436 66.7589 54.1473 21.0756 7.36724 22.2246 30.4833 48.3301 68.3101 224.278 49.1946 67.696 0.00270132 55.4146
-67.0795 0.783297 2.98171 19.1017 22.3005 3.05489 14.7714 48.5153 27.816 4.57591 20.2916 49.0273 10.2173 43.6836 24.6431 92.3297 76.1974 17.0295 48.4042 54.0444 12.4284 7.36724 42.2089 33.0856 73.8246 76.2031 195.843 65.7184 81.0849 0.00758574 52.8603
-66.6003 0.900699 2.98171 19.3996 22.3005 3.05489 13.5794 50.7344 14.0162 4.57591 20.2916 56.8625 11.7064 23.2124 52.2572 89.5487 76.1974 17.0295 46.8584 30.7764 23.031 3.12877 77.8692 21.5736 77.7394 91.2765 130.931 79.7797 10.444 0.00648269 52.8576
-67.9532 0.431779 2.98171 19.1208 23.9928 3.36796 13.5794 46.8871 10.8508 3.9927 14.9291 51.2301 9.49405 23.2124 60.3908 89.5487 75.8839 25.1525 46.8584 36.4191 28.6721 6.71463 77.8692 10.0837 78.8148 118.063 112.696 24.0072 20.2981 0.00819511 51.5001
-67.4667 0.518225 2.98171 18.2003 23.9928 5.69991 15.6421 55.728 11.5988 24.9368 12.9621 41.6197 5.25641 23.1207 53.3442 82.2099 88.4664 69.1335 25.0967 28.3609 26.3969 0.124964 62.0404 9.07931 74.7158 153.199 73.0208 57.5029 3.65176 0.0157786 54.2452
-67.213 0.812697 2.98171 16.4572 23.9928 5.38246 15.1045 56.5039 11.5988 27.0888 11.5525 43.9693 5.25641 22.8178 50.7787 97.8301 88.4664 67.3729 16.1545 29.3155 25.6627 16.8593 33.2669 12.7315 75.6009 126.464 79.6 53.6928 90.722 0.0147908 49.6729
-66.8198 1.18452 2.30182 9.59964 23.9928 3.39462 21.8454 55.5334 11.4259 27.0888 14.7706 43.9693 2.48701 22.8178 43.2226 106.231 88.4664 66.1548 16.1545 27.7103 26.3827 18.6084 34.6381 10.4259 62.7115 166.153 26.1964 43.2217 20.7108 0.00587324 50.993
-67.6331 0.855879 1.81868 1.63726 20.9025 20.7866 18.5696 55.47 16.1642 21.7325 9.3825 8.61464 41.1302 24.6194 46.8979 101.466 86.786 92.9814 2.95285 17.5829 28.3259 25.113 13.7038 9.25787 57.2351 205.451 13.5417 36.1147 20.7108 0.00727709 54.1267
-67.8085 0.350472 1.3959 1.63726 20.9025 9.12067 18.2068 55.426 47.6208 6.89673 5.23934 13.635 43.9273 5.3389 49.5619 101.466 86.786 92.9814 2.95285 34.0664 9.04266 21.2484 13.7038 14.7 93.868 168.252 39.3662 29.2548 27.9935 0.00758787 52.4104
-69.2231 0.789007 2.69374 6.23828 13.7482 18.0465 19.5834 61.7924 38.7294 2.4649 11.3415 9.66486 42.2061 5.3389 41.8257 61.9803 85.7707 119.949 38.3443 26.0321 23.8894 9.18721 8.37713 21.0628 89.2521 149.964 36.0008 88.6999 52.9452 0.00702212 56.1156
-68.6581 0.534177 2.32203 2.11866 25.379 15.3662 14.9486 46.5773 50.2942 4.9083 8.74506 9.76065 40.1869 35.5531 40.6349 75.8061 64.7446 92.6379 39.866 17.5089 25.0721 9.18721 3.11828 36.5869 90.1469 151.563 51.7816 61.1089 103.898 0.00619579 54.6491
-68.3422 0.344324 14.7699 1.43372 17.0796 23.3282 4.48541 50.4471 10.1103 4.9083 44.9684 16.6785 18.6491 24.0972 31.385 88.651 64.7446 83.8375 69.6752 23.0645 29.1837 17.766 3.44927 59.8907 34.6116 154.593 69.2602 48.0053 107.659 0.0067131 52.5795
-66.6153 0.642915 13.3691 1.14397 20.9609 23.3282 0.414932 44.3117 10.1103 3.14972 44.9684 28.0706 17.5942 24.0972 20.4196 83.555 64.7446 91.1838 79.4016 24.4173 28.3158 9.72906 21.7713 35.4314 63.8451 87.6037 134.085 42.0415 15.8588 0.0072414 51.3306
-66.858 0.762928 9.57426 5.96921 31.5267 8.18874 11.1354 44.468 13.7349 3.14972 29.3673 30.1042 19.7667 19.0447 19.4264 78.5365 63.4112 83.6574 81.0564 11.0219 27.9121 9.72906 56.0174 34.2654 57.367 98.3537 126.582 44.9373 22.8459 0.00863414 53.54
-67.9257 0.347229 13.0502 0.940633 28.0616 4.20864 12.7178 38.4249 16.5699 2.14677 67.5224 8.99858 30.1507 12.4482 25.0475 109.852 45.4223 89.7422 63.3421 6.40368 22.2258 1.49057 68.7616 34.3033 55.1607 148.887 56.4065 16.3142 73.7694 0.00117519 52.7622
-67.5811 1.05643 13.0229 25.5147 3.36199 3.71561 12.4649 38.9668 11.9385 2.96204 67.5224 6.99485 31.5108 10.7356 32.7808 109.852 44.1808 89.7422 61.4902 6.54383 21.7632 14.0337 52.2555 34.7827 53.3747 152.974 92.0736 17.5672 76.4495 0.00269422 51.1432
-67.0844 1.17101 8.45894 0.46673 1.54077 6.77741 16.5665 38.2514 25.5383 4.90808 67.5224 10.0861 21.9344 21.4778 47.5354 109.852 44.9242 93.4069 44.4816 16.6725 27.3744 5.85438 29.7925 35.4577 56.2908 147.411 57.0077 74.4272 68.5513 0.00269422 53.0188
-67.4137 1.14869 5.98594 2.80178 6.61631 8.39936 14.2273 19.0615 26.2184 5.53346 67.5224 16.5535 29.4991 18.8959 65.8599 96.4121 43.3943 90.1792 47.1138 14.1135 42.9608 12.7362 23.0472 36.2938 69.386 118.23 93.3825 62.3731 70.4598 0.00244879 48.3925
-67.7304 1.14869 27.6668 2.80178 7.68008 12.8072 11.9657 12.0433 26.6918 0.210168 62.5258 27.5393 31.8812 18.8959 65.8599 68.2076 47.1369 87.7457 52.4289 14.5535 42.1197 7.7172 35.0297 21.4171 72.1687 163.956 91.9341 18.9654 85.8369 0.00320187 50.768
-66.8124 0.72536 18.9664 1.32137 12.1642 14.6074 15.7716 18.9933 26.1723 2.33968 60.4437 29.6908 21.1912 51.3532 48.2463 53.8165 42.6153 86.8941 56.4897 14.8192 32.4085 25.0998 22.6006 13.5596 81.0615 125.304 102.786 21.9941 17.0414 0.00136336 47.5224
-67.7553 0.345036 22.3418 2.43069 9.247 15.9852 12.6483 18.9933 27.4652 4.66526 53.6676 30.5885 19.689 51.3532 39.1062 55.5498 42.6153 87.8192 65.0337 13.397 20.1726 18.126 22.1351 21.2731 105.542 132.292 85.6485 8.73282 127.661 0.00130075 51.9399
-67.9742 0.365907 22.2237 9.57547 3.74303 15.5987 9.83397 18.4252 30.7586 16.8611 56.8362 17.6773 22.4421 40.7503 0.813348 41.1455 56.7553 87.2273 66.5992 27.0678 21.1944 31.6097 22.9426 59.0729 64.1615 120.612 109.795 23.0824 130.686 0.00216646 52.9643
-67.9082 0.48176 22.2237 10.5204 8.58173 15.5453 2.43073 12.2717 31.8916 21.7609 56.8362 17.6773 22.4421 87.1693 2.30607 40.792 56.7553 92.6989 66.5992 1.81954 21.1944 27.8544 22.9426 57.0041 56.9363 146.583 99.3027 13.0134 130.686 0.00255436 51.5224
-68.3156 0.917884 22.0675 10.7081 13.5837 15.6436 1.46242 10.6287 33.1905 23.414 56.8362 3.99317 10.6366 82.9662 2.30607 40.792 56.7553 75.7286 66.5992 1.81954 35.5665 31.5507 29.2024 41.6303 50.1416 216.817 59.9305 36.9408 3.57329 0.0029508 55.5235
-67.0368 0.249171 16.7297 8.79064 11.0872 16.3114 7.94565 6.76861 40.7336 14.2406 48.9959 7.1751 23.4299 80.25 18.0317 31.4422 70.0727 47.6453 77.1585 18.3176 39.3473 29.8614 16.645 92.6618 19.7641 178.77 38.6375 12.3969 61.0934 0.004346 49.2379
-67.0081 0.187169 11.4045 8.26629 16.134 21.6985 8.84873 6.21712 49.8149 18.5156 37.7083 6.7822 16.4942 84.9516 18.6427 41.0933 58.3187 42.0631 80.2776 25.6749 39.3473 26.7344 16.645 76.1195 19.7641 178.77 46.5855 2.84935 40.2168 0.00351713 50.4407
-66.8156 0.321397 14.1777 7.53958 15.7741 18.2454 8.60479 9.92537 34.7746 23.3716 37.8903 9.76478 22.6426 93.3821 14.3274 39.9943 42.2857 78.1613 60.3349 24.5651 21.969 18.5984 32.9346 90.7052 19.7641 216.289 7.06426 110.667 40.9492 0.00325871 51.3131
-67.8473 0.319008 20.9993 12.6519 15.8076 7.00064 4.55743 2.05897 56.3992 17.7895 41.3482 9.25503 34.6421 87.2051 13.9159 51.6022 31.7427 102.477 45.4337 18.6108 22.0586 3.66244 32.9346 95.111 19.7641 216.289 7.06426 87.9312 89.4051 0.00388953 56.8129
-66.7758 0.135265 21.5145 14.5611 5.12417 5.87792 10.4777 20.226 31.6587 17.895 32.651 6.52947 31.4182 61.1876 18.1488 107.99 23.3151 116.139 18.7053 30.2201 0.556266 16.5682 30.4619 121.11 21.4119 135.349 20.6049 41.5415 167.614 0.00427704 63.9711
-66.7809 0.311327 15.5645 7.92946 21.3748 5.87792 12.9959 24.7334 16.1727 18.2826 33.5725 8.52063 43.3071 65.3525 18.8514 103.25 7.62737 116.374 19.3359 10.1685 5.38078 19.6288 40.0881 121.11 10.3807 205.881 45.0913 28.8561 77.4337 0.00144569 52.3036
-66.9436 0.621009 13.1265 5.80755 31.9004 5.87792 5.65308 28.5999 5.0427 18.1195 34.827 14.9723 46.7444 44.7894 25.2481 94.0344 7.87449 115.474 17.6799 6.93666 14.7871 34.9995 25.7321 122.624 10.3807 205.881 45.0913 51.089 12.6348 0.0200839 54.3221
-67.3179 0.650752 8.98947 3.09121 31.9004 5.07272 11.447 27.5966 5.0427 17.481 36.2317 28.4553 46.7444 44.7894 34.7873 82.881 7.87449 116.224 18.1681 10.0765 14.7871 35.1615 25.1197 122.624 10.3807 205.881 39.1526 27.32 38.6912 0.0200839 53.1229
-67.4003 0.213586 9.87601 2.96517 31.9004 7.42593 11.0596 32.6629 14.088 13.4339 34.6605 15.4212 50.8598 66.2717 37.8168 82.881 7.87449 115.956 22.4306 13.3479 11.2613 19.7196 10.0515 128.123 19.2239 205.881 20.9428 42.1465 63.1004 0.00702663 53.1504
-67.4059 0.274145 9.92585 6.48052 6.75536 25.5337 10.3106 52.0135 4.59258 10.8872 29.6174 17.2853 50.8598 81.8392 37.8168 56.1623 7.87449 116.057 38.1744 1.30686 4.58857 34.0873 13.126 122.432 19.2239 185.383 23.5912 42.1465 42.5257 0.0135358 51.9074
-67.3522 0.170248 10.7694 10.107 10.0199 26.7918 3.65711 52.0135 4.59258 7.65998 22.6353 25.6034 50.8598 77.1982 36.5616 56.1623 7.87449 117.299 48.4452 1.30686 15.1536 7.80111 12.897 102.415 40.2363 197.542 26.4888 62.6191 14.8693 0.00721623 51.0894
-67.2419 0.345459 9.66969 7.83216 9.09191 30.097 4.51582 51.2812 4.59258 8.2015 14.4905 23.3817 50.8598 77.1982 43.5884 54.6219 7.87449 132.368 48.4452 1.21832 10.2019 12.2423 21.8566 102.415 32.0497 205.231 9.61936 66.667 14.8693 0.00205312 53.7491
-67.9043 0.327898 7.57276 11.6805 5.91271 24.977 9.2205 69.2953 4.59258 3.92195 9.43874 5.57848 63.2931 77.1982 12.7297 54.0693 7.87449 131.071 58.0556 1.02011 9.10043 7.61548 29.8356 118.298 47.3709 171.394 6.44804 13.2554 10.498 0.00205312 56.7254
-66.3395 0.238805 10.523 5.30886 12.9224 5.85448 26.5298 78.8079 7.934 4.16773 21.3265 3.79199 46.9638 78.9776 17.2903 39.9567 15.381 130.948 58.0556 1.02011 15.1217 7.74811 31.4618 118.298 24.7648 170.645 5.52076 98.8263 27.3844 0.00278277 53.8912
-68.3709 1.01457 7.68183 16.1837 13.7826 4.44971 26.6175 39.0528 32.558 4.16773 17.9616 9.96507 28.0396 81.247 28.8933 34.545 15.381 111.119 47.6291 12.0853 15.1075 3.23003 20.3652 146.824 24.7648 206.773 23.1817 18.9009 5.34794 0.00809571 53.7297
-68.1002 2.33905 7.70253 15.8969 11.5078 5.37459 25.7753 27.7913 45.4427 5.66123 18.5753 29.1161 26.4952 69.3852 29.7524 29.6704 41.6158 119.241 13.537 14.6674 12.7576 24.1439 38.359 132.905 24.7648 190.265 23.1817 18.9009 8.13776 0.0134545 58.6409
-67.6587 1.1318 1.97054 16.8433 11.5305 5.37459 29.2859 8.36143 44.522 13.8026 10.4579 32.5687 47.5291 69.5041 36.8623 41.8567 25.8666 115.317 15.0066 16.9241 40.8535 24.7915 37.3232 21.867 84.4148 198.534 17.2837 39.2054 14.6386 0.0140328 51.0024
-67.1575 1.09506 2.7195 16.3528 11.4 4.29539 28.8284 8.36143 44.5149 16.5349 9.68 25.0203 52.7866 74.7581 36.8623 31.0402 29.04 115.317 15.0066 27.85 26.4885 22.5236 33.4416 21.867 98.6546 185.471 25.9865 43.0047 2.70901 0.0156368 51.0435
-66.7985 0.760473 1.53321 22.7218 11.4 1.03947 26.7954 4.78624 49.3588 12.4413 12.5063 23.9488 58.6823 76.1297 54.3387 28.7922 27.271 127.732 23.7132 48.0479 26.4885 24.5613 12.422 12.0364 75.0557 149.817 96.0587 69.2761 39.9709 0.000297562 50.9747
-67.8155 0.42826 9.93129 23.9808 12.5371 1.03947 14.7828 4.78624 71.0185 12.4413 5.56398 23.9488 54.2922 80.2975 49.7998 27.5326 34.5629 127.732 21.689 6.83858 32.1484 15.9238 13.1874 12.0364 100.791 159.851 65.05 64.1546 13.6785 0.0331048 57.8253
-67.034 0.276078 8.1076 25.3503 12.6309 1.03947 11.1491 26.7115 53.163 12.4413 1.88475 12.4692 54.2922 79.7389 51.1232 23.2775 35.8544 127.732 21.689 3.07307 21.7302 47.1036 12.5744 1.23616 135.012 161.278 22.6661 91.3274 6.79973 0.0610854 58.7425
-68.6883 1.16457 12.3222 28.8312 13.1837 1.03947 12.8168 13.0158 45.5379 5.96296 3.40449 20.8164 54.2474 80.0234 52.7136 23.5692 35.3339 133.258 21.8748 3.07307 34.918 38.4039 12.2523 15.4651 80.3394 166.926 63.4008 22.8677 8.11047 0.00105059 52.5935
-67.4683 1.16457 9.74379 18.4358 22.3747 13.2313 1.79603 38.7622 43.144 7.82118 7.23859 22.084 22.8109 98.219 51.111 33.9088 22.0661 133.258 21.1305 28.9921 34.6745 31.1756 12.151 20.4346 89.1907 140.498 39.872 24.4634 17.0426 0.0045382 53.9594
-67.2094 0.685514 6.33974 8.94312 24.3936 24.7659 2.30678 38.7622 36.3691 15.1443 10.4948 38.0092 9.30784 44.6423 52.8281 39.2167 20.8333 106.018 45.7925 7.27432 26.6151 33.8863 28.3957 36.3827 98.8727 144.475 46.4137 47.0662 38.1787 0.0113374 53.3248
-68.0227 0.602728 5.68865 2.99783 24.3388 25.8554 3.58665 41.8566 30.187 11.8682 7.03323 27.4731 20.1559 54.5045 58.3454 39.5648 22.5567 111.712 53.0228 20.2824 26.6151 39.9513 22.9784 7.43949 97.7064 133.662 67.061 90.3856 49.2383 0.0355669 53.5554
-68.5854 0.622143 6.62578 2.99783 19.2971 32.4865 2.59521 22.8213 56.6021 11.8682 1.26267 25.8405 25.4081 74.7582 58.7081 12.8151 14.7784 93.2538 63.0823 39.6006 23.981 22.8741 29.767 18.0072 75.9584 136.42 141.703 97.0732 37.9846 0.0355669 57.0547
-66.5765 0.421498 5.52067 1.217 15.7015 31.9542 3.20638 12.9987 54.9073 11.8682 4.16177 49.7221 32.4149 42.6342 48.4391 16.172 24.5068 113.785 57.0845 30.0475 22.0016 32.3405 23.355 45.5938 71.9879 105.412 141.141 102.754 32.9148 0.0187819 53.8354
-66.5063 0.603755 20.4413 2.53392 6.46715 31.5375 2.26979 11.1882 54.9073 9.78959 3.99268 48.9129 26.5962 9.53617 50.4961 31.8778 32.4207 131.213 56.1607 38.1132 32.8155 45.0789 32.544 28.3886 61.146 78.6674 163.621 36.7538 8.08556 0.0145597 58.1667
-66.3552 0.2035 13.2016 2.0094 10.5841 31.8242 15.4444 11.1882 51.4819 4.80585 4.99743 46.7592 8.764 33.5732 54.5778 31.8778 37.9072 131.213 47.5151 34.5959 19.1168 19.3807 30.9986 54.8107 61.9062 89.8261 144.259 37.3906 7.15118 0.0141409 57.7688
-66.0112 0.427038 2.73352 0.709128 9.56801 31.9622 14.1673 21.2046 51.4819 10.4732 6.81081 47.9554 15.9029 33.5732 64.0613 11.3784 52.8583 131.213 57.3295 28.9923 31.9892 3.01732 32.8922 63.3744 28.7249 95.4495 177.918 6.26113 7.62202 0.0126291 57.8117
-67.678 1.23164 5.71602 0.741825 8.32118 38.5132 12.8716 18.3619 58.983 18.6623 6.6362 46.6702 2.75342 19.6951 62.305 9.3192 52.8583 84.2384 68.0536 31.7824 31.1959 1.94507 24.1409 130.685 18.0455 83.1036 177.918 23.0583 62.8664 0.0102042 56.6498
-67.5663 1.15651 7.90313 0.806275 12.5391 24.1523 14.3011 25.5231 58.4638 2.08738 7.02762 45.0295 9.40868 29.2744 74.982 9.3192 56.9295 84.2384 57.6787 31.7824 38.0613 3.4138 29.8857 118.819 18.0455 62.474 159.208 41.3091 14.4165 0.010632 56.038
-68.0149 0.575818 5.41613 0.806275 15.661 24.8941 19.5974 28.5039 47.1601 2.73099 7.99818 44.0618 35.9813 3.68236 80.7257 12.1324 33.8707 84.2384 79.8939 3.84293 37.6776 5.45645 27.0917 118.819 44.5827 77.9768 177.874 38.3144 9.92133 0.009513 59.0334
-67.5182 0.396605 2.21156 2.11022 20.8885 24.8941 17.1521 18.1789 39.892 2.73099 12.8633 44.0618 27.2279 3.68236 72.3125 63.2363 45.2419 84.2384 50.7409 20.3766 41.9909 6.90123 27.6501 97.9262 54.8334 76.4777 148.248 34.0841 67.4997 0.00947954 56.5118
-67.2347 0.538638 3.72411 1.29003 20.8885 19.0924 17.7775 21.2577 39.892 2.2671 9.3201 43.6662 27.3579 24.9747 64.0485 21.7084 84.5978 73.3974 50.8276 18.6825 43.8811 6.63472 29.6737 71.0513 71.0154 66.5335 158.701 55.5715 17.0217 0.0116582 51.8745
-67.1356 0.343677 2.1531 3.1305 17.046 19.8297 17.8075 32.9607 32.0744 3.07123 21.4577 43.3318 17.6656 20.5896 64.0485 21.7084 46.5742 76.0245 50.8276 25.7942 52.5401 6.84182 58.4094 56.968 65.0023 83.4803 229.09 11.2634 67.5855 0.00905291 56.1058
-66.7215 0.898417 33.9541 3.33005 4.24789 20.608 5.35788 22.4464 32.6484 12.2396 9.56598 44.7395 18.9663 7.82552 98.7613 21.7084 44.1631 77.0295 71.5897 18.1523 61.6421 10.9977 35.0407 52.2324 77.1424 44.68 153.052 11.2634 56.9198 0.00268824 56.0485
-66.78 0.654832 30.2696 3.133 10.7364 20.6712 2.58022 14.0195 5.50841 20.1486 20.4795 66.2488 16.0962 7.82552 80.3451 20.5213 46.7099 77.0295 81.07 18.1523 54.7754 7.29267 28.752 43.9229 77.1424 109.791 112.631 47.0693 5.77218 0.00323232 52.3776
-66.9281 0.732343 25.1661 3.1989 11.3464 20.0841 2.4277 23.5386 8.24382 28.0577 16.4759 66.2488 16.0962 7.82552 113.088 20.5213 39.1799 77.0295 88.7938 17.8816 21.7701 8.12448 36.3926 46.4885 79.5898 87.1986 138.126 64.3587 24.1452 0.00413971 49.9367
-67.4393 0.922099 20.6643 3.66229 11.3464 14.9178 2.4277 23.6346 8.24382 28.4282 17.5151 51.123 25.0799 21.4472 113.088 20.5213 39.1799 77.0295 88.7938 7.93221 21.3936 9.4184 36.3926 58.8057 68.9897 85.8154 138.126 24.2871 8.85169 0.0121402 51.4962
-67.0118 0.582618 27.7091 5.7781 8.94107 8.45733 2.4277 23.6346 3.79992 28.4535 18.2517 51.123 25.0799 21.4472 116.965 20.5213 39.1799 72.4998 88.7938 7.93221 21.1512 6.38089 33.9926 61.6636 75.8582 77.9967 143.364 55.078 25.5012 0.00944054 53.9706
-67.1881 0.53027 27.7091 5.6788 11.1323 8.45733 8.8336 29.7122 7.13885 28.6147 18.0925 52.3145 25.0799 22.8301 121.109 20.5213 42.4475 72.4998 62.7307 21.535 21.2137 6.4712 33.9926 60.0979 60.5992 77.6245 132.689 30.231 25.8295 0.00566317 48.805
-67.1569 0.635302 33.0056 4.07089 11.1323 11.0661 3.30873 23.7262 31.6184 19.7131 20.8002 25.6751 26.7332 0.692243 119.663 20.5213 73.9358 25.0672 75.6663 18.2913 21.2135 14.8202 31.5755 73.7155 85.143 117.869 78.9424 38.4698 29.0594 0.0129899 52.5778
-66.6938 0.216819 33.0056 4.82949 6.45182 11.0661 4.05588 23.7262 28.2095 12.9994 16.0335 44.8333 50.9917 27.5857 119.663 20.5213 41.2133 0.784856 75.6663 34.373 20.5598 27.4155 11.9535 75.7837 85.143 114.208 80.8097 25.5388 25.7738 0.00791522 56.5615
-67.0572 0.355088 14.0334 4.2803 4.83138 17.3341 6.2881 12.9373 34.5325 12.7245 5.92511 84.6039 25.0987 27.5857 142.248 21.8997 59.1433 12.4635 77.6125 12.1282 20.5352 15.3007 19.304 71.1483 53.981 141.826 61.638 195.373 34.7352 0.00208476 56.2178
-67.4304 0.59136 27.6805 5.63697 2.14551 18.3551 6.2881 12.9373 38.1085 8.71681 5.92511 68.5237 27.3531 27.5857 73.6036 21.8997 72.7374 3.3816 122.762 4.61045 21.3742 17.1103 37.1332 91.6391 49.8108 159.427 34.6592 147.928 27.5911 0.0063372 55.5224
-66.0438 0.729385 27.6805 3.89271 2.14551 19.5731 12.8941 12.9373 22.872 6.50957 0.670027 82.6087 11.9223 24.7807 47.6963 29.4009 53.7567 70.8524 99.5856 24.1289 20.7379 20.0564 9.43982 78.9329 76.5664 134.597 24.3639 59.6941 22.4114 0.00424746 57.3049
-66.0064 0.352903 19.3543 0.234257 2.14551 35.3933 7.81157 2.55088 22.872 15.9493 12.6349 82.2333 5.54903 63.7895 46.4195 29.4009 53.7567 72.0679 78.8371 5.13425 20.2478 19.2055 48.6569 45.5198 91.5713 129.059 35.7019 11.2147 41.7185 0.0213144 60.7837
-67.2755 0.119106 19.3543 1.20549 2.36248 37.3069 5.07465 2.55088 21.3508 18.6005 12.6349 72.8592 5.50967 100.289 43.098 29.8314 34.1298 57.1869 78.8371 4.8494 17.2722 18.1141 41.4506 89.5724 48.0995 137.422 60.2556 11.816 40.6236 0.0226093 54.1196
-67.7388 1.0952 19.3543 2.57248 2.36248 37.3069 2.29175 2.55088 32.8097 19.9483 12.6349 63.3418 24.6195 53.9792 51.5629 29.8314 48.7141 72.2665 44.3762 15.1702 21.1436 21.5638 41.4306 52.6702 68.9083 148.413 101.363 11.816 32.2274 0.0268498 53.7152
-67.1698 1.07039 19.3543 5.94027 6.81715 28.2248 6.0222 2.55088 28.057 17.6313 19.5071 49.9415 20.6157 35.3303 46.3219 29.8314 55.0591 85.411 44.0594 14.8126 37.4102 22.6681 41.2547 51.8425 68.6465 157.156 110.726 41.5018 50.0131 0.0226131 55.9362
-67.7626 0.900451 19.3543 4.53862 2.00988 28.2248 6.0222 6.11511 28.057 17.6313 23.2301 55.1978 7.25581 35.3303 40.2805 53.2744 98.2912 69.9028 43.9131 12.9464 23.9287 11.1036 41.5216 49.6088 76.9781 157.156 83.1132 42.81 45.4016 0.0193706 53.2973
-67.4053 1.10426 15.4902 12.3707 12.0892 19.8738 4.02906 6.11511 47.7573 14.3875 18.9746 44.5122 3.68116 35.3303 90.826 30.5668 111.288 49.4943 44.274 5.1722 32.6372 1.76044 40.9322 5.09333 103.759 130.538 92.2791 33.9094 58.0992 0.00578453 50.5423
-66.2606 1.10426 18.8882 5.80658 15.9438 20.021 5.91211 8.55382 45.6063 19.9236 19.4463 44.5122 3.68116 35.3303 94.2474 30.5668 111.288 39.9579 44.2293 5.1722 17.7098 14.7749 40.1111 45.2325 56.9509 119.426 92.2791 103.125 52.026 0.00840111 54.9093
-68.7696 1.94704 16.8843 4.40798 9.84432 14.1796 12.0027 8.55382 51.0397 28.5587 37.7982 33.8432 3.01563 47.1591 92.9161 28.6859 113.549 40.1425 19.7974 8.77636 9.3833 16.9064 21.9289 51.2132 64.103 137.188 87.2533 32.8504 31.9403 0.0110685 52.5552
-68.2017 1.39779 19.0414 4.29348 8.69541 20.3627 10.2565 6.1359 51.0397 23.8966 37.7982 34.6467 4.75169 50.6009 92.9161 28.6859 113.549 40.6422 11.6592 13.6131 45.7736 17.1455 20.5684 18.9417 63.7101 156.435 87.2533 40.9127 19.9142 0.00683602 50.1687
-67.7678 0.449912 20.0006 12.2039 8.84155 19.7479 2.93399 6.54404 50.8729 26.2065 37.7982 34.7793 5.83571 50.5198 92.9161 23.6711 113.549 38.9845 17.9854 10.6251 63.1467 20.9654 13.6006 6.48852 59.3382 194.475 10.6118 39.2994 4.405 0.0063412 50.7996
-68.1466 1.69942 16.2347 7.41626 7.03796 25.9516 3.63421 6.54404 58.141 20.3336 30.0919 34.5034 11.3933 53.912 92.9161 23.6711 113.549 38.9845 16.4378 1.86473 63.1467 20.9654 24.5666 8.41555 47.005 195.479 10.6118 76.7425 41.1396 0.00138669 52.3624
-67.9864 1.38549 16.2347 7.14784 9.02208 31.5383 3.63421 2.83488 52.2858 25.1429 30.0919 28.1925 15.3638 53.912 92.9161 30.9426 113.549 38.9845 16.4378 1.64604 71.0025 24.2133 19.9733 8.41555 50.0022 156.88 0.526935 59.5516 39.4779 0.00215133 59.1934
-68.0193 1.38549 15.6228 11.395 7.25269 22.0471 2.68365 2.83488 52.5521 28.1886 40.1692 28.4062 11.0732 16.4606 92.9161 30.9426 113.549 38.9845 6.39257 8.88323 40.7636 32.3946 20.3478 73.9341 30.5588 209.645 0.526935 56.8481 30.3368 0.00486072 53.8389
-68.0193 1.59989 17.8178 16.7708 7.25269 8.76122 14.0486 5.60112 47.5006 28.1886 37.6364 26.5612 10.1857 18.0516 92.9161 30.9426 113.549 38.9845 6.39257 9.16061 40.7636 31.5377 39.2193 62.7041 30.5588 209.645 35.3998 89.5757 37.5873 0.00447275 52.8778
-67.3931 0.0882622 17.8178 20.4383 6.38233 8.76122 12.2249 6.05226 46.8172 22.9557 33.1914 28.0296 14.1934 18.0516 89.822 37.4378 113.549 38.9845 6.39257 9.03028 31.0386 31.888 52.7871 57.7785 29.4679 194.826 13.2586 114.194 59.6851 0.00447275 54.2475
-67.3931 0.147199 16.7208 20.4383 6.38233 8.76122 12.6172 3.46337 45.3555 22.9557 35.1184 10.3259 18.0063 38.2546 89.822 37.4378 113.549 38.9845 6.39257 8.14498 29.4695 31.3424 56.2177 57.7785 29.4679 194.826 13.2586 176.611 30.9604 0.00447275 54.3314
-68.2004 0.493987 16.7208 16.0012 5.62844 10.7198 12.6172 5.9606 49.9185 21.0694 31.4887 18.3183 16.6193 22.103 89.822 55.6137 113.549 30.9587 6.39257 8.68417 29.4695 31.4884 56.2177 57.7785 13.8181 194.826 59.3667 127.787 56.7166 0.0269845 56.4339
-67.5057 0.517888 16.7208 9.05537 7.63154 16.2295 16.4983 3.14593 46.749 18.3828 31.7137 21.3541 11.527 26.1394 90.8231 56.5544 113.549 30.9587 6.39257 9.0511 29.4695 31.4884 47.7393 68.7837 13.8181 194.826 10.615 133.705 77.042 0.0470273 57.4819
-68.446 0.298464 19.6195 13.84 1.93878 12.3574 13.6375 7.83413 18.5368 19.9777 30.0519 51.4699 15.5758 29.5171 87.8652 55.638 132.629 9.62268 6.39257 10.3897 30.8234 32.748 25.9551 87.292 58.3077 140.588 10.615 137.463 77.042 0.0252816 58.9377
-67.2884 1.31487 18.0392 14.3084 3.19829 13.3312 13.465 5.48506 40.4221 23.4899 27.6351 47.681 10.3192 22.4461 87.8652 17.6424 125.843 40.0268 5.46822 13.0423 17.2266 38.4407 29.6674 91.8323 51.4719 171.381 66.9779 146.671 58.4435 0.00897549 56.5806
-66.7253 0.838669 18.5392 10.334 0.860639 19.7417 13.0101 5.61705 13.2589 28.3905 34.9593 48.3523 15.0228 4.20328 87.8652 42.6422 144.206 60.6528 16.6409 13.634 14.4797 29.1624 33.6486 55.6124 32.8107 184.953 20.4783 152.696 31.8124 0.00401084 52.7675
-65.9043 0.373881 3.51936 27.6476 0.860639 4.13413 16.7055 24.6634 13.2589 22.0892 30.257 49.167 11.6999 32.0573 87.8652 44.5855 110.453 32.4103 39.323 7.57778 23.3042 34.4676 40.6423 53.7259 34.5398 189.948 19.8244 145.061 35.9465 0.000951671 58.6041
-65.5206 0.308768 8.16104 12.9908 0.28055 22.3328 17.1433 5.20516 25.4967 17.385 34.4114 56.9085 10.3436 54.4773 87.8652 49.9337 95.8656 3.90793 24.7619 14.9974 61.1239 44.9408 1.95205 53.7259 44.6251 182.657 20.8087 194.567 13.1982 0.000281781 57.9019
-66.4411 0.338594 3.40927 6.12311 10.2337 22.3328 25.8524 19.6242 19.1615 17.5434 33.0572 56.9085 3.92106 47.6464 88.9089 39.6193 95.8656 3.90793 29.3262 11.3983 58.161 32.2094 17.3632 65.0236 39.9246 182.745 38.8968 12.289 117.016 0.000281781 52.659
-66.7734 0.938048 4.34935 8.37152 13.7409 22.2396 2.87395 50.9331 19.1615 17.5495 33.0572 61.0361 10.0863 46.2095 104.872 39.96 95.8656 3.90793 34.1926 12.7963 63.2942 6.93479 16.2751 65.0236 18.012 180.826 24.8437 2.71717 8.30553 0.000122947 59.9577
-69.165 0.354887 5.38331 10.6579 15.044 25.6283 3.15692 46.798 26.184 5.03406 6.22411 78.1302 2.07284 66.2266 64.7058 36.3996 95.8656 3.90793 38.007 12.744 106.566 11.8921 16.2182 17.879 36.8512 228.273 30.8183 57.8064 8.30553 0.00160527 60.6364
-68.3403 0.675972 15.6651 5.39509 15.044 25.6283 3.18273 38.185 19.8465 26.7018 8.24453 53.5906 27.8105 66.2266 79.9149 38.1396 75.16 3.90793 7.30977 12.744 106.566 12.5374 15.6324 33.2107 60.4116 129.45 73.4665 14.193 8.30553 0.00528523 58.8567
-67.145 0.813309 15.4264 5.39509 9.37566 29.0146 1.58385 10.7575 16.7009 20.7841 25.0255 55.13 35.6707 66.2266 104.956 26.7218 75.16 6.9793 9.27844 12.744 55.6011 25.341 26.5422 71.7966 65.677 166.519 10.6326 11.5021 128.734 0.00528523 54.9818
-67.7739 1.45949 17.591 5.39509 15.8844 20.822 0.578046 11.7738 16.7009 6.93517 51.509 36.1478 34.0373 66.2266 104.956 26.7218 84.0372 16.8596 6.19824 26.4425 34.3611 40.5405 17.7226 58.9912 57.8255 136.729 47.927 14.5943 22.0853 0.00528523 52.3359
-69.794 2.00048 21.9434 5.39509 16.8434 17.9327 2.71442 11.7738 28.0685 2.30905 47.2344 24.3274 33.0483 54.8279 104.956 46.9801 78.8759 17.4458 6.19824 26.4425 31.3339 38.4566 19.3858 50.3452 69.7622 104.329 92.4016 11.9531 22.0853 0.00293042 57.0817
-67.5701 1.19847 31.6625 1.48694 17.5262 11.4098 4.23369 9.49563 31.1766 5.01388 49.7566 8.62116 30.4261 55.4627 123.717 21.6373 21.0794 66.8292 36.0786 18.6191 34.3384 54.1107 23.4732 34.5745 71.8043 143.429 109.69 17.1933 74.7783 0.000351486 51.8576
-68.6694 0.713435 28.2041 6.67637 16.5941 11.4477 4.28121 9.49563 29.2733 2.4821 49.7566 8.62116 43.5078 63.9605 123.717 24.0373 21.0794 66.8292 30.0764 31.8445 39.9436 24.9721 27.1311 25.0013 67.5533 145.879 93.0715 12.6217 8.65009 0.000455393 51.7622
-67.32 0.761069 25.2851 1.38447 15.5487 14.9881 4.7091 9.10585 29.2733 2.59446 49.7566 9.7028 47.0816 61.6736 123.717 17.9813 21.0794 66.8292 14.9939 23.517 53.4685 35.1748 28.4282 33.5243 63.8189 170.616 76.059 12.6217 15.4051 0.00131444 51.2296
-68.0003 0.892652 25.2851 1.38447 15.5487 14.9881 4.91776 9.91543 29.2733 3.31567 62.9727 9.7028 47.0816 64.4991 123.717 22.7467 13.5808 59.8507 14.9939 53.9301 37.5585 8.93664 32.9771 32.8511 47.1265 191.662 78.9043 16.1437 32.2198 0.00127234 51.228
-68.0003 1.13861 23.2093 1.24107 16.0503 14.9881 4.91776 36.9194 28.9276 4.27111 62.9727 9.7028 2.23932 69.7312 123.717 22.7467 11.7556 59.8507 14.9939 47.7563 38.7124 42.654 32.9771 25.808 47.1265 145.538 83.5045 104.817 45.3972 0.00127234 56.1729
-67.51 1.03295 22.1144 3.31702 16.0503 14.9881 4.79056 36.9194 22.1513 2.35067 62.9727 9.7028 8.16014 17.3574 123.717 43.6852 67.9435 49.3102 14.9939 22.7051 38.7124 35.8476 40.6864 38.7802 59.4422 132.054 137.429 178.254 51.2715 0.00029851 56.3027
-67.3815 1.32209 22.1144 4.04901 8.10799 24.4247 6.57807 55.3562 15.0614 0.378202 56.5488 9.7028 1.30415 6.39773 123.717 34.3034 69.5376 58.3357 18.4775 28.3364 36.1184 41.8141 34.6466 27.2601 65.534 130.936 144.444 123.915 8.15151 0.00029851 57.5269
-67.1278 0.813724 31.535 1.83954 13.5857 8.53124 3.01368 38.0425 15.9515 13.426 61.7696 13.8072 5.2365 31.8572 123.717 20.5871 74.5335 44.0666 16.095 32.9653 30.1834 23.2788 42.0162 38.8456 59.1394 148.193 127.454 60.8458 7.32788 0.00865249 53.7821
-68.8724 1.04265 10.201 1.83954 15.4812 5.19632 5.01519 23.026 7.63067 36.0138 61.7696 21.7121 29.3103 19.5302 123.717 48.0976 81.3136 7.04082 16.095 32.2445 44.7426 19.5857 27.2565 29.1816 82.5515 130.581 89.7135 47.4353 5.17928 0.0123002 55.4039
-68.8026 1.46883 3.17701 5.96646 11.0703 4.68172 4.0867 27.3495 2.86418 1.17668 61.7696 71.6588 30.885 55.2082 83.8511 37.4818 81.0729 7.60539 41.1105 23.8981 15.7117 19.5857 65.9327 26.2525 83.1544 105.989 97.9309 12.2367 21.1015 0.00912094 56.1174
-67.8926 0.951517 20.8748 2.62572 10.6827 8.2877 3.00638 26.8021 7.40972 9.74773 10.8661 109.124 11.0206 61.5143 63.3869 34.0206 67.3166 5.0198 41.1105 3.70536 42.8452 32.501 37.5072 45.7021 87.7958 140.635 126.502 11.9581 36.9089 0.0200329 59.8615
-67.1601 1.4998 18.9882 17.2197 12.0929 11.3758 3.56552 24.734 6.04964 7.49222 18.9388 85.5752 4.12417 95.3074 70.9043 40.376 74.4041 12.5316 27.5912 21.165 30.1213 5.3602 32.1555 59.9755 113.47 91.8034 55.724 22.437 14.3122 0.014125 58.1844
-67.293 1.48825 12.1358 20.5796 10.1474 18.0529 3.53869 24.5884 7.08364 5.81631 28.3225 86.0938 4.852 62.2481 70.9043 45.6208 85.3757 0.80244 27.5912 7.42232 13.7009 45.9088 8.29934 74.7474 113.47 120.397 75.6217 6.64877 11.089 0.0211676 59.605
-67.342 1.67408 12.8341 20.3241 13.9874 12.2236 3.69479 27.3405 5.94649 13.8128 36.6673 41.8402 4.852 76.3887 57.7758 22.4787 174.303 8.49426 27.5912 11.0354 13.7456 41.5809 0.817154 52.5022 90.5141 109.596 4.63921 51.8755 10.2497 0.0240131 63.1211
-67.7742 0.401953 11.4804 2.50382 12.9577 8.44232 1.98029 28.5224 33.4127 26.8367 22.576 41.2778 11.0749 77.89 57.7758 18.6598 174.303 9.97481 27.5912 13.5482 24.2038 22.6061 4.2435 93.8336 63.2507 111.737 27.8183 57.1974 36.6303 0.0161138 56.4211
-65.7819 0.327251 20.157 26.3938 8.05007 8.75346 1.39797 28.5892 36.0093 31.9656 1.42209 39.6364 11.0749 86.3365 57.7758 18.0853 174.303 9.97481 23.9101 0.667018 36.9494 5.28108 7.2347 73.3859 27.6495 63.0803 226.935 22.358 61.1638 0.0316676 63.4877
-66.2742 0.329502 22.596 16.8559 8.05007 12.1998 3.81407 29.0436 36.0093 27.2632 1.42209 39.6364 11.0749 76.2278 57.7758 17.9885 174.303 9.77288 23.9101 0.667018 61.9252 5.32301 8.38352 53.4571 57.2405 57.1144 226.935 43.3059 124.738 0.00931591 56.7425
-66.2742 0.329502 34.934 16.8559 5.49631 9.55592 1.06614 28.6739 36.0093 32.2618 1.42209 42.4187 11.0749 61.9939 63.3519 10.2479 174.303 9.71041 27.4974 3.7425 61.9252 5.32301 3.57954 66.7694 57.2405 43.4194 259.873 51.0702 119.747 0.00413737 58.7234
-66.1778 0.329502 26.9235 16.8559 4.30922 13.5864 4.97857 29.6806 36.0093 32.2618 1.42209 42.98 11.0749 61.9939 63.3519 10.7446 174.303 9.71041 27.4974 3.06016 59.0351 5.32301 9.20955 61.2625 48.4286 43.4194 219.799 51.0702 33.0596 0.00881705 54.6712
-66.1778 0.593675 26.9235 15.2462 6.01427 14.6991 0.450303 29.1767 36.0093 29.3696 0.790889 42.98 11.0749 66.0118 63.3519 9.38394 174.303 9.71041 27.4974 10.5804 59.0351 5.32301 8.31236 61.2625 48.4286 50.0972 219.799 39.4126 42.8178 0.00205687 54.5914
-67.6862 0.480082 26.9235 15.6386 8.13458 12.9752 0.450303 7.52816 24.241 33.733 2.96904 76.5502 11.0749 69.7727 64.9958 13.4765 174.303 9.71041 27.4974 10.5804 33.065 5.32301 8.31236 79.1266 45.7119 50.0972 163.918 37.4616 54.3833 0.00385984 56.8568
-67.7858 0.939172 34.31 13.1863 3.33639 11.2277 5.93932 4.72858 29.4732 33.733 2.96904 62.1324 11.0749 64.038 64.9958 12.5491 174.303 9.71041 19.795 22.9489 37.2621 8.13435 4.53472 88.4033 46.7268 68.1606 175.923 32.8033 78.5607 0.00675686 56.5683
-67.8779 0.838017 34.31 13.1863 2.15603 11.8207 5.93932 13.0756 3.24138 39.5241 25.0303 48.2425 11.0749 71.7953 7.36153 24.4989 174.303 12.9538 39.9188 26.8169 9.4596 8.74009 10.2206 115.913 44.3888 110.635 148.898 121.472 30.9033 0.00696073 56.4147
-67.8606 1.08736 34.31 4.46277 2.15603 18.5802 4.32504 24.0318 3.24138 25.1634 25.0303 47.1588 11.0749 71.7953 43.6298 32.8684 174.303 17.2717 26.1609 24.5894 5.84083 14.8067 6.45807 115.913 44.3888 83.8007 137.114 72.4563 28.0697 0.00506541 52.8467
-68.4044 1.14728 23.5851 4.46277 4.78977 21.591 4.90313 21.6137 15.4033 26.4299 16.1197 47.1588 10.8496 60.0325 0.90536 27.5252 183.471 17.2717 38.6724 15.5875 5.84083 12.2011 39.294 115.913 28.9571 99.9599 142.491 36.3853 13.0212 0.00252991 55.9751
-68.2812 1.50926 13.1423 8.03478 2.40805 29.1535 9.9301 4.60133 26.366 26.4299 15.9927 60.0122 10.8496 56.1397 0.90536 19.9512 183.471 17.2717 39.6533 21.0953 17.7723 13.4702 33.5755 118.249 16.4271 141.957 109.95 20.6053 33.6005 0.00236879 53.2034
-66.6795 1.41765 13.1423 9.27265 2.40805 28.1468 5.28762 9.22562 29.3963 9.9419 2.61833 65.6328 8.40961 62.316 3.39498 19.9512 183.471 32.9316 39.6533 21.7023 19.34 10.5574 37.1545 112.147 12.6561 144.18 81.7485 18.6862 56.851 0.00713266 58.8762
-66.9478 1.1611 17.9676 8.44789 2.40805 23.2485 6.29233 12.7989 32.0843 16.2342 10.8944 65.6328 7.10465 64.5104 3.39498 10.7342 183.471 23.3647 36.3813 26.3179 15.9764 13.3363 42.6454 103.158 20.5373 135.739 102.509 66.6669 47.3898 0.00204956 53.7764
-67.1667 0.97818 9.65523 8.44789 2.40805 20.5655 16.7681 13.0425 32.0843 39.1321 9.68097 65.1586 5.89889 62.5522 3.39498 4.47457 183.471 35.6224 25.0469 9.84186 14.3366 18.8259 29.0688 108.625 25.3223 151.154 131.101 66.784 54.696 0.0141924 57.8075
-67.1183 1.42411 5.08977 8.44789 2.40805 26.8576 15.6253 14.5352 32.0843 39.8893 9.68097 65.1586 4.46695 57.0489 0.826139 31.3358 183.471 22.9192 44.8033 6.44431 15.9805 16.776 27.0254 86.1548 25.3223 151.154 60.0807 71.7411 53.5316 0.00232095 54.0572
-66.7992 1.1864 5.08977 8.44789 2.40805 26.5425 15.6253 15.9973 32.0843 36.6792 9.68097 65.1586 4.46695 56.1211 0.826139 31.3358 183.471 22.9192 49.9467 6.44431 16.8968 16.776 27.0254 86.1548 38.1548 151.154 60.0807 21.9769 13.0408 0.00232095 51.9112
-66.8694 0.773485 10.0323 10.8008 2.40805 26.5425 12.4682 10.3925 26.8422 48.3693 9.84468 53.4018 4.46695 59.2403 0.826139 31.3358 183.471 23.2262 49.9467 12.4768 20.3157 14.3414 11.5586 92.6479 38.1548 151.154 91.7308 2.82444 13.0408 0.00232095 52.1853
-66.7935 0.747709 11.0133 10.8008 2.40805 26.5425 14.6385 10.3925 24.1665 45.7219 11.0764 54.575 4.46695 57.0471 0.826139 31.3358 183.471 23.2262 49.1629 12.4768 13.3576 16.735 11.5586 88.7527 38.1548 151.154 60.4401 11.3488 16.8709 0.00232095 51.1449
-67.9174 0.460042 9.15183 9.67215 2.40805 31.0799 10.5308 11.1359 18.8252 54.5397 24.2626 46.737 4.88547 53.1737 38.2486 33.1468 165.455 4.98894 49.3694 12.4768 23.2846 41.0164 21.1566 67.6858 33.6729 140.804 76.4713 10.7325 104.39 0.00232095 55.6984
-68.4232 2.25895 7.20468 9.63656 7.83102 30.5314 0.849197 16.1299 4.01236 66.312 9.15082 50.1156 12.0169 65.2435 19.7444 27.1123 165.455 0.61495 24.7458 5.5157 29.8961 43.7286 34.377 59.3316 41.8663 140.804 114.928 61.9561 33.564 0.0140464 61.6933
-65.4817 0.509693 7.57015 11.5893 8.0307 30.5314 0.849197 18.8178 4.01236 66.312 2.66769 57.7265 12.3275 66.0876 33.6219 23.4957 165.455 0.61495 16.8677 5.5157 37.1264 41.3083 33.823 59.4028 35.051 157.411 122.183 68.3236 3.22218 0.00761635 59.0289
-68.037 0.555082 18.5897 9.10983 12.425 38.8292 6.57629 17.7767 4.01236 61.9165 2.3723 32.2294 13.8118 70.0848 6.3719 11.2547 165.455 37.7137 16.8677 2.47923 29.5006 39.3326 31.1625 58.4518 51.6756 130.899 132.672 68.3236 7.20748 0.00255272 61.038
-66.8281 0.210999 18.5897 8.74192 12.0642 20.1651 6.57629 6.33506 5.17859 28.5038 6.01167 45.1352 44.9879 68.3404 18.1156 1.47217 165.455 45.1975 10.9448 10.4748 34.8008 48.0634 38.1754 59.0287 50.5347 107.993 107.8 5.22341 14.3372 0.00244578 54.1982
-66.6786 0.253645 9.63933 0.463354 8.64468 32.0687 3.8691 12.0385 8.82547 22.2229 10.9141 53.7598 44.9879 68.3404 18.1156 1.47217 165.455 53.9391 10.9448 1.84831 43.2043 49.1745 32.3131 36.6946 59.5656 132.061 68.1388 39.9089 8.96269 0.00263137 55.7978
-66.9165 0.315278 5.69863 3.38592 31.6778 23.0105 3.8691 13.6947 6.20265 26.5525 4.49933 46.0817 41.3913 73.0984 18.1156 1.47217 165.455 64.4507 10.2688 4.23033 29.289 50.2188 32.3131 40.2022 57.9277 123.915 80.5206 25.4289 8.96269 0.00638429 54.4801
-66.9478 0.201483 3.69409 8.5862 10.1147 23.5808 16.5398 20.8046 6.20265 34.3784 11.5799 46.0817 33.6319 49.1208 54.0113 1.47217 165.455 56.0215 10.2688 6.04672 18.5818 50.2188 29.8067 51.8855 53.3053 108.482 82.8031 15.0353 5.83426 0.00069636 54.3849
-67.086 0.771317 11.7153 14.8745 2.77236 23.5808 15.0822 7.39606 13.9739 23.3351 8.84402 43.4105 35.6615 68.6699 54.0113 1.47217 165.455 37.973 9.6232 0.842801 18.5818 42.8474 14.1084 55.8878 95.8076 107.969 86.4684 24.0724 30.3698 0.00225433 54.0058
-66.772 0.579022 8.45631 13.3252 2.77236 25.5243 16.9976 10.1432 24.9229 26.789 4.31649 33.069 36.2895 72.2078 74.2177 9.39423 71.2948 80.8411 18.0967 15.2166 9.14492 42.1699 19.8694 66.1783 110.757 109.268 96.8852 11.9484 58.9845 0.00329484 53.5053
-68.1031 0.544367 23.7732 11.0803 1.62646 16.4904 10.3484 1.14205 27.0057 26.789 11.7614 37.2228 39.6882 72.2078 80.766 9.39423 67.219 92.2406 29.7902 10.8125 5.23619 27.7125 16.0981 68.0356 81.896 109.51 90.7079 98.0261 20.9665 0.00320739 51.9682
-67.4666 0.952398 23.7732 8.67015 2.48184 16.4904 15.5934 1.00213 27.0057 23.756 11.7614 38.9021 36.863 47.7906 98.2203 9.39423 69.7884 94.5852 57.5654 5.6805 7.43451 27.7125 16.8685 40.4402 81.0297 109.604 99.5782 86.9384 106.87 0.00064909 53.4373
-66.8416 0.725446 23.8881 5.48675 2.48184 19.6096 11.5463 4.602 24.6187 21.9162 11.7614 38.9021 36.863 48.5685 83.548 9.39423 69.7884 94.5852 57.5654 3.40249 7.43451 34.2941 17.8207 41.0313 105.391 109.604 34.0333 48.2501 60.4696 0.00373562 50.52
-66.8883 0.58591 25.0633 6.90005 2.48184 19.6096 9.66909 4.602 24.6187 20.6119 11.7614 38.9021 36.863 48.5685 100.037 9.39423 69.7884 94.5852 57.5654 3.40249 7.43451 21.7655 16.5112 40.1721 134.364 109.538 34.0333 51.3338 43.1788 0.00619909 56.0197
-67.8111 1.16783 15.1546 5.75363 2.48184 22.5161 15.4239 10.1224 18.8604 29.6861 14.8263 42.8342 29.35 54.5231 99.8037 18.8574 49.6014 94.5852 61.0594 4.88543 9.01196 15.5059 14.1418 41.4557 105.212 109.321 34.0333 73.5419 18.4943 0.00312394 53.0766
-67.0411 0.743827 14.717 6.61773 7.69371 19.3863 14.2975 15.5668 12.1409 37.2348 2.85261 52.2271 38.8486 66.4067 89.195 6.89507 34.547 74.1344 30.938 9.7426 19.9438 70.8644 13.7392 41.0868 106.531 106.094 19.1794 77.0565 21.754 0.0115259 54.5102
-67.0624 0.957356 13.2914 5.76792 7.69371 29.9626 14.5585 14.2243 29.8886 41.2549 12.0972 9.38027 38.8537 60.9407 113.341 3.46142 17.4374 113.201 30.5406 26.9235 33.327 13.1815 30.4426 41.5333 87.1218 170.034 21.4331 91.3097 11.115 0.00118185 59.5014
-66.5987 0.653426 13.6867 6.54316 31.2704 5.33055 11.7224 13.0665 35.4027 27.3896 0.490794 32.0726 36.1337 61.2641 117.076 11.8415 54.6601 66.0857 40.5862 12.7999 12.0892 5.21054 43.0914 43.2693 73.5747 148.455 24.4595 83.6171 16.0947 0.00305937 52.5847
-67.2453 1.14768 11.3143 7.99017 15.7369 23.1978 7.80162 14.3431 27.9111 33.922 0.490794 34.7108 38.0416 66.3381 144.331 5.77947 73.7114 59.2881 12.9487 3.65743 30.1949 21.6673 15.4171 13.3719 87.8093 193.302 24.4595 112.873 19.3475 0.000565832 54.6243
-65.7447 1.23343 7.39323 7.26744 14.8049 6.05712 28.556 17.6021 4.90591 36.2726 12.9856 28.5634 38.0416 53.5408 114.413 29.7561 87.9778 63.1081 11.2483 5.66883 27.2067 60.7089 10.0065 7.24357 82.5178 142.767 32.3712 101.754 7.99219 0.0177792 55.3374
-68.4131 1.17962 6.7073 6.3011 15.6458 6.05712 28.7688 17.1644 4.90591 28.3609 17.8495 24.535 48.9387 53.5408 114.413 36.8369 82.5292 63.1081 5.98251 8.33704 21.2977 50.303 10.0065 8.19659 82.5178 143.31 83.9014 8.10836 56.296 0.0239523 51.5971
-69.2735 1.27837 3.45438 6.30418 15.6159 4.87852 28.7688 16.901 8.3324 36.3837 22.1483 29.4773 47.5503 43.7257 119.077 37.7433 79.8735 66.7848 2.92449 8.33704 23.1695 38.8503 13.7337 9.17579 73.1585 189.01 83.9014 9.58904 54.879 0.0345084 57.0016
-67.9531 1.19557 5.61918 3.3947 18.2869 4.28675 25.1455 16.7657 8.3324 36.3837 22.5298 38.7085 42.9087 43.7257 102.228 31.6245 81.8613 70.0567 9.41669 5.1827 48.6461 18.1698 12.8586 16.2534 71.856 166.315 91.8514 17.209 24.3449 0.0308587 51.8999
-67.613 0.579034 1.29098 4.30123 22.4279 1.94751 35.225 9.40553 9.69413 40.942 11.9788 38.7085 46.0343 39.5275 93.0128 31.6245 92.1726 70.0567 9.41669 6.51632 51.1324 14.0958 6.13306 27.163 73.4965 166.315 93.5259 17.6078 5.96844 0.00496282 51.0184
-67.4416 0.98146 1.29098 7.31844 24.1125 9.38659 15.2984 10.3789 15.2407 40.8772 11.6231 27.6599 47.3536 32.3209 84.8944 26.7418 113.207 79.5805 15.7069 28.9335 51.1324 4.18082 8.10482 8.98875 74.4591 142.697 121.985 28.809 81.3946 0.00487936 51.0339
-67.3584 0.469719 19.3519 4.11624 39.8868 16.5117 9.81813 10.4752 12.2774 5.87956 9.02262 41.6122 38.2052 44.7849 59.2432 15.2517 112.623 61.721 34.9877 34.8224 57.0067 13.587 21.4937 20.4162 79.0562 106.692 124.59 19.9255 74.399 0.00699916 58.3149
-66.4114 0.507455 19.1399 5.78397 54.9377 13.3019 9.61532 10.2937 7.92055 5.87956 8.45115 42.9497 38.2052 26.4429 59.2432 44.428 112.623 43.3555 9.27709 35.6641 43.1522 26.9971 18.167 20.9606 111.564 87.7681 120.848 23.6501 35.0113 0.0179289 61.1576
-67.3536 0.939594 12.8724 9.14996 20.2858 15.4295 7.53242 11.0196 6.41861 16.222 6.44549 53.7248 62.7481 22.297 99.7028 22.8624 81.055 39.8697 27.2954 22.3489 34.1306 13.3662 26.9678 65.3871 51.7342 139.73 164.384 58.8093 38.4087 0.0144385 54.9626
-68.5236 1.37182 12.8724 12.695 15.4875 11.3171 7.58059 11.117 3.13511 27.7396 4.1088 41.4352 52.6206 55.4082 111.256 27.0331 81.2936 11.422 30.6652 17.3805 27.4192 24.4335 47.5307 71.8202 33.5993 161.148 126.67 75.5632 31.6334 0.0144385 56.2971
-66.6197 1.24881 9.3047 12.695 18.2367 8.68709 11.9705 13.4361 8.47422 21.745 6.62524 69.8429 41.6139 84.8957 111.256 20.8005 81.1682 24.959 19.2609 12.4225 27.69 22.5146 47.0382 13.7888 69.9535 161.148 56.4753 64.0323 9.42558 0.00234021 50.9072
-66.2485 1.01674 12.6113 10.9737 20.8254 6.22549 11.7806 11.02 9.81195 20.6186 6.26675 69.8429 44.5574 84.8957 111.388 17.6067 81.1682 14.3125 27.2832 12.3963 11.6617 14.9016 35.4005 15.3676 90.8899 173.425 100.334 55.8402 25.7329 0.00234021 51.9672
-66.2034 0.423122 11.1437 14.1877 14.779 2.81717 21.1434 11.6204 8.84231 7.64395 6.3757 43.0959 60.887 108.829 91.1031 12.9926 85.9183 37.8391 26.303 14.6278 10.1516 4.2588 54.2426 17.7437 99.8986 114.698 104.792 62.0697 13.1398 0.00392957 49.6541
-68.5122 0.935851 13.1348 15.3537 13.246 5.71651 17.7013 15.2927 7.84171 2.3463 6.28481 41.47 63.1358 119.129 71.3406 13.4407 85.9183 32.0774 16.1275 29.2962 16.8096 15.1677 48.6186 11.1839 99.0817 64.3926 178.871 127.254 4.25655 0.00879794 56.4798
-67.1149 0.650594 14.8063 12.5084 10.7711 13.7025 10.2622 28.7362 24.3987 1.29764 5.65855 38.9211 63.496 101.974 88.2777 27.55 94.3111 5.37105 17.7518 33.6663 17.4134 19.7416 20.4074 4.95035 86.9182 142.957 143.904 153.616 9.02557 0.00816562 53.4842
-66.9765 0.83571 17.2095 7.41075 15.4783 7.90165 15.2391 30.4037 18.0704 7.41013 6.63524 33.7428 59.6885 106.557 84.3292 27.6308 77.2309 34.6282 8.33489 3.10595 62.4009 0.751498 28.6855 8.00099 67.4855 152.245 141.352 152.38 1.76571 0.00134263 56.3535
-67.4859 1.29472 16.1308 5.19299 15.0372 5.94531 22.236 32.2412 18.0704 9.53779 4.35345 34.608 59.6885 103.61 88.6074 26.6345 71.938 35.7906 24.1688 19.9219 43.4348 10.9398 10.0016 18.2981 70.0724 152.245 98.0395 140.394 1.76571 0.00327981 54.6109
-69.0186 1.85027 19.3229 4.95353 13.6435 5.94531 19.3037 18.63 18.0704 14.6465 8.86231 21.0271 62.4727 125.958 88.6074 53.5917 23.0522 35.7906 24.1688 14.8032 35.1943 8.71727 17.8541 15.2169 88.0264 152.245 10.3123 137.73 27.3081 0.00327981 55.8972
-69.0186 2.75494 19.3229 2.99188 13.6435 5.94531 19.3037 34.1896 9.07567 14.7835 17.3034 20.0057 49.0285 125.958 89.4907 53.5917 26.6415 22.4444 24.1688 16.3211 39.2238 12.0853 26.2582 27.2622 91.0174 152.245 10.3123 137.73 27.3081 0.00327981 57.7278
-69.0431 2.121 18.2577 4.17913 14.3245 8.7235 15.9801 39.6087 9.07567 11.9809 17.7579 23.1029 47.9557 107.434 78.7584 75.5662 34.7578 46.0604 1.7846 24.0682 33.0799 16.3795 5.78514 29.5521 77.6109 192.703 67.7975 137.73 64.5145 0.00700898 57.2217
-68.8511 1.95975 18.5062 10.3504 14.5973 12.5733 7.44402 37.2801 9.9164 11.0003 14.7929 30.67 32.6413 92.9364 72.7098 85.3706 62.7855 10.0073 15.7146 21.6689 43.9449 16.3795 4.48431 36.573 62.8176 170.902 73.5821 129.799 31.9136 0.00366444 55.3186
-68.3786 1.15707 16.8352 9.56702 19.1207 8.37988 7.17686 69.5075 9.9164 14.4998 10.2583 11.8479 21.8177 101.022 87.0378 67.6346 66.1792 11.1681 42.5876 24.0652 34.4141 10.4035 14.1676 28.2652 64.1538 186.269 65.6497 51.4506 35.0305 0.00366444 52.8798
-68.0562 1.40448 17.0531 11.6396 16.5138 10.2269 9.15497 51.333 10.3519 36.2402 13.7513 11.8479 21.8177 113.461 42.3904 68.7079 64.8946 22.2473 44.7481 16.741 36.4819 23.3132 7.17737 21.7309 76.2871 187.414 39.7737 5.90966 27.6149 0.00366444 48.7281
-68.6707 1.42458 18.792 13.8195 14.4012 10.3625 4.75566 34.712 22.6254 31.1843 23.0155 12.0305 21.8177 108.595 42.3904 74.6037 60.2861 22.4583 44.8097 21.0549 42.0324 19.823 16.9414 39.9167 40.6184 195.092 30.6966 2.00501 43.5786 0.00366444 49.948
-68.9938 0.799117 18.792 10.6205 21.4209 13.3046 4.75566 26.1276 22.6254 33.0661 46.4869 14.5976 1.13499 108.595 58.1967 68.8896 49.1508 3.26668 65.3709 21.0549 30.8377 17.3938 16.9414 21.714 59.3579 218.417 3.69883 3.55324 47.6972 0.00366444 55.0792
-66.5301 0.669467 18.792 5.59738 21.4209 7.9498 5.80172 25.6316 22.0316 39.0621 50.7134 12.1078 0.553825 119.166 54.4797 54.1771 47.8838 2.28929 80.1725 13.7519 21.0302 17.3938 20.9837 20.5137 63.5167 197.748 17.3711 7.25623 53.6681 0.00365622 51.3428
-66.513 0.371009 30.5611 4.75336 16.3094 7.9498 5.80172 18.8784 28.897 26.8742 46.3197 15.6909 8.29667 119.166 53.0744 54.1771 56.7744 6.57378 82.3156 25.8313 21.0302 32.8223 15.7553 5.65121 44.5488 213.905 20.4697 8.7498 80.4327 0.00847381 54.1952
-67.3559 0.283458 25.5318 11.2708 7.03971 8.53092 5.80172 18.419 48.9003 26.8742 47.9369 15.2646 8.29667 57.0947 52.0959 28.7951 68.7042 9.47989 82.3156 27.7303 30.3879 15.2308 15.4942 5.65121 118.341 229.592 20.4697 24.3928 137.405 0.0086349 56.738
-67.3559 0.259662 25.6098 14.2623 7.46906 7.0302 5.80172 2.36292 48.9003 26.8742 47.9369 12.8529 8.29667 57.0947 40.1775 28.7951 98.4946 12.4989 74.3161 21.3377 28.937 15.2308 15.4073 20.9318 118.341 221.822 29.6661 23.6237 89.3173 0.0086349 56.6106
-67.5146 0.339045 21.4145 16.0472 8.52059 5.59696 9.09954 2.36292 49.6583 24.1537 49.4151 13.9474 18.4654 57.0947 40.1775 38.9042 75.4707 18.7922 93.0983 41.0535 20.4269 31.7467 17.3628 5.31565 75.7114 199.262 29.6661 20.8467 40.4459 0.0086349 50.8149
-67.429 0.451039 21.4145 17.6429 5.4592 4.76409 12.1916 11.7991 32.6246 26.7227 47.2584 14.3256 16.1614 57.0947 36.2677 85.2461 75.4707 12.095 93.0983 29.3111 20.4269 29.3772 22.1787 9.17053 74.7613 162.934 41.0238 18.04 13.2856 0.000749026 45.8386
-67.7344 0.177227 21.4145 21.8062 8.24305 2.18508 12.1916 11.7991 33.9286 26.7227 43.0303 25.0757 14.5184 44.336 38.7426 69.3512 82.4962 12.095 102.722 27.9038 23.342 29.4395 16.0039 15.5323 79.0634 154.255 41.0238 47.7871 93.03 0.000749026 48.4146
-67.0993 0.177227 21.9089 8.02329 11.8349 12.6461 10.4934 5.98744 44.4913 36.0847 50.4233 0.554947 20.1608 47.506 48.0157 57.8316 84.7961 13.9527 108.194 14.5542 55.5404 9.27858 9.10854 14.8133 72.7135 145.683 122.391 56.2154 108.075 0.000749026 54.1145
-66.5361 0.354322 19.6729 8.88216 5.34233 12.5721 22.7349 5.98744 46.281 32.749 53.4696 0.554947 1.84991 27.1286 49.753 57.8316 112.698 7.34254 103.78 46.4671 10.8463 25.0864 13.3699 13.6208 60.8889 165.57 82.5587 59.4601 65.6487 0.0215358 55.1249
-67.3932 0.354783 14.1168 7.09858 8.00391 15.1984 21.0088 5.98744 50.4221 16.4171 55.0678 9.24452 5.21531 33.7479 49.753 57.8316 112.698 7.34254 102.532 33.7219 1.34796 44.9856 1.65596 25.7023 70.0879 134.394 69.0825 22.439 34.9186 0.00226709 51.3206
-67.6759 0.350599 14.2081 7.86619 8.00391 15.1984 13.2166 13.4524 50.4221 15.2549 55.0678 9.77274 5.21531 33.7479 50.0642 57.8316 112.698 4.99488 102.532 21.3942 7.6416 40.163 6.74656 19.0933 84.9636 190.9 39.4665 22.2977 43.6602 0.000549821 48.5305
-68.0029 0.344519 14.7097 13.8638 0.234051 18.0021 19.2935 20.0063 47.0101 12.7667 63.8263 9.6474 2.63135 32.9046 58.7724 36.5662 78.9314 9.70409 102.532 21.5497 7.6416 88.8412 4.65397 20.1408 63.6777 168.109 52.1987 22.2977 43.6602 0.000549821 54.0592
-68.0177 0.314788 14.7097 13.7244 2.54381 15.7705 10.6228 21.2089 40.2081 11.7645 63.8263 7.63949 12.4166 27.177 47.611 66.5541 43.9157 16.5934 154.577 17.4295 23.4361 47.1108 7.44254 24.8972 43.6404 174.562 14.6627 9.66412 24.4347 0.000549821 52.374
-65.7325 0.356426 17.7006 12.5154 9.78396 13.2415 10.6228 14.0377 45.6778 10.7135 63.8263 8.93267 11.0473 27.177 43.3104 60.422 55.3035 4.59166 123.052 51.0308 26.7027 41.1224 4.23694 34.7561 80.776 182.054 14.6627 14.8831 8.15546 0.00053217 52.9226
-66.3415 0.265451 14.8881 12.5154 9.78396 13.2415 10.6228 23.9203 42.712 16.9249 63.8263 0.644226 14.3458 25.749 43.3104 41.4231 66.4979 4.59166 114.543 43.0354 19.0581 41.1224 15.3459 29.7584 66.7964 210.491 14.6627 1.88535 32.2233 0.00286469 51.9068
-67.9856 0.995884 14.881 12.2444 3.54948 13.2415 21.8771 11.2157 42.712 13.3904 63.8263 5.20893 10.6225 74.7171 24.0235 38.8679 41.1028 4.59166 114.543 45.1921 23.2391 52.8137 19.353 13.89 66.7964 214.003 14.6627 2.17398 21.8551 0.000971921 54.438
-67.846 0.523131 13.2556 4.48156 14.2943 13.2415 17.9073 23.239 30.0408 16.2366 66.3057 6.02886 11.8912 96.4068 32.2249 32.4428 19.1662 20.0672 114.543 25.354 25.0127 48.4694 8.08476 26.439 93.1054 214.003 0.410438 49.4484 67.7952 0.00856231 55.0193
-67.4888 0.855133 4.82553 1.31011 13.4866 22.8512 12.6366 30.1371 33.0581 16.2366 66.3057 4.06584 13.1827 99.4674 37.1939 36.9986 20.5928 18.6174 114.543 59.1261 29.5853 7.07918 13.031 12.2379 84.1345 192.71 36.875 46.7688 36.9551 0.00744272 54.8868
-67.4728 0.136366 2.39066 27.9325 10.6218 15.9265 9.25671 25.5574 31.8988 16.2366 67.1001 9.7371 5.70027 41.661 61.3761 38.7646 14.6395 32.0131 123.989 44.0404 23.9378 7.07918 28.645 11.9427 101.71 177.928 19.0037 55.6872 35.1784 0.0067028 52.1051
-67.5252 0.395467 1.42563 32.928 3.53003 15.9265 9.25671 14.1637 18.3045 18.8293 88.2339 11.2868 6.21367 41.661 82.6699 62.1953 34.0804 7.85094 117.055 34.7309 22.0911 7.07918 15.6342 12.9854 97.7239 193.321 1.0074 111.525 58.0391 0.0156286 53.8571
-67.5357 0.360888 3.16655 32.928 3.53003 11.3868 11.4252 1.80429 29.1855 18.8293 85.9412 5.6244 7.2643 46.8481 55.7463 54.863 45.1789 7.63913 117.055 28.857 21.8142 7.07918 29.3275 14.679 100.398 184.763 7.66775 99.5931 58.0391 0.0152657 57.3528
-67.5562 1.07865 3.16655 5.54277 4.10153 8.35039 13.1721 20.5415 40.6468 18.8293 85.9412 4.65451 7.60997 33.3658 62.6081 57.9782 22.9373 13.6333 117.055 29.5605 12.8971 19.2475 57.4538 21.5322 97.0859 183.889 48.2941 81.2794 47.6788 0.00700488 54.7969
-67.4927 1.20029 1.28014 12.4485 22.7921 11.5396 11.513 16.3462 18.4888 13.4148 85.9412 2.91242 8.46406 33.0323 88.3098 44.4822 26.1589 56.1359 113.732 15.4798 16.4903 33.8803 11.8819 32.41 81.2276 187.933 12.4469 8.77189 25.9221 0.00331819 48.5196
-67.5362 0.852381 2.94017 2.07765 12.66 12.6799 5.53548 27.6004 24.4731 18.9577 74.655 12.4904 11.0042 33.0323 88.3098 17.9932 14.7859 57.5126 113.732 14.7673 31.962 28.7512 10.6361 30.5404 91.9088 202.436 30.1862 8.77189 1.3057 0.000254568 51.8886
-67.8226 0.0920513 7.35644 31.1682 6.72438 17.555 5.47 43.5868 81.7608 22.1471 20.1583 1.6191 21.0084 64.9321 109.292 12.0116 17.9981 27.852 35.3592 14.1998 53.027 28.9833 16.2416 21.4633 81.0511 148.538 137.388 25.2471 37.6039 0.00101515 58.4426
-67.488 0.0920513 25.696 28.1097 6.72438 0.503015 4.53073 36.0118 65.8878 11.6375 20.9524 5.75204 38.5559 80.3912 95.8371 15.6865 20.875 36.6022 26.1975 5.29955 50.0905 27.1914 28.2458 20.4355 147.431 95.2504 19.7914 19.6926 77.7225 0.00159876 61.0693
-67.5615 1.15928 6.1806 32.8005 10.8206 10.6597 10.9579 38.2366 32.1392 8.8551 24.1105 10.9133 38.5559 80.3912 104.308 16.0161 62.6925 36.8451 41.1761 9.64101 25.507 20.5865 27.3271 28.6567 132.694 122.274 7.49014 13.8567 64.0978 0.00192415 55.288
-67.055 1.00998 6.1806 32.1769 3.1182 10.9101 10.9579 27.0588 42.3469 8.59475 32.2706 20.3473 38.5559 85.5462 103.431 16.0161 61.0754 41.2377 26.0008 12.3111 29.7948 27.9739 25.3844 29.645 97.1039 132.93 16.3081 4.58351 62.5854 0.0047216 54.124
-66.7176 1.00998 1.59105 36.4179 2.77985 10.7077 15.514 5.94496 36.7026 8.59475 32.1646 20.3473 50.438 73.1498 103.431 16.0161 33.4702 12.8265 54.0264 10.2949 42.94 12.2532 47.3716 20.1761 88.8302 160.991 11.8875 4.58351 92.3146 0.0100188 57.502
-66.9515 0.735038 1.59105 36.4179 2.0439 10.2902 13.4146 9.44298 36.8696 19.3572 32.1646 5.57993 41.9872 54.643 103.431 68.2688 32.5606 7.9586 64.6187 7.9497 42.3684 12.2532 38.8389 39.6394 84.0752 168.06 12.9428 29.6482 64.8824 0.0140554 53.2102
-66.1104 0.733377 1.92135 44.0263 1.06876 3.14538 10.3796 11.0846 36.8696 16.8973 32.1646 14.482 51.8721 24.22 62.1652 70.848 64.2992 40.1896 61.9 8.97956 13.6723 12.2532 26.0266 78.3343 84.0752 155.784 13.0146 8.80415 36.7265 0.0140554 55.9645
-66.4873 0.689121 6.33744 25.3915 8.17656 3.14538 13.484 12.5662 36.8696 10.2096 32.1646 5.10198 49.7619 24.22 84.7829 68.6901 47.6233 13.6395 61.1169 5.95314 37.2498 2.57774 26.0266 118.9 79.3408 167.759 7.54186 22.2674 76.4966 0.0108838 58.5057
-68.2231 0.305387 4.95997 30.2319 11.6438 4.90719 13.2152 9.95956 28.6856 9.69347 38.6423 1.62771 56.5081 24.22 53.9583 46.1482 91.1623 55.7455 49.5089 3.60789 46.4425 2.57774 17.191 106.457 74.9805 150.387 50.831 54.3449 34.0882 0.0108838 56.921
-67.5597 0.624199 4.95997 32.441 8.33416 6.62515 13.8409 9.95956 20.068 7.76272 30.678 7.73571 64.0039 63.2689 50.1741 68.7525 91.1623 39.6637 46.2997 5.15692 7.31349 2.96155 29.8494 68.6504 80.1444 154.763 57.5101 46.3994 17.7044 0.0273238 50.9077
-67.5597 0.456077 4.95997 32.441 4.98995 6.62515 13.7993 21.5289 22.3872 19.9612 40.0058 8.61045 29.6508 63.2689 47.6938 68.7525 91.1623 45.5969 46.2997 8.41697 11.2334 2.96155 29.6104 51.1915 80.1444 154.624 37.3683 46.3994 17.4327 0.025614 49.1586
-68.2942 0.405234 4.95997 40.8245 1.96871 1.66174 14.4267 31.3713 21.8719 22.0271 39.8051 9.04942 14.4214 13.7651 45.3047 70.4652 110.482 45.4548 59.0567 12.2895 16.0243 8.91457 22.0982 69.4917 84.2881 141.486 62.309 29.6404 19.2297 0.0171456 54.0211
-66.9902 0.476482 4.95997 45.3772 1.96871 1.66174 14.3388 26.6088 16.8551 25.738 26.9331 36.2301 5.11238 35.417 70.2775 80.4577 47.4523 29.9326 47.4827 36.6104 12.8763 12.4534 22.8485 73.9922 78.3045 114.529 71.6946 82.4848 47.0825 0.0172966 58.0043
-66.7257 0.476482 4.3301 36.3007 4.19267 1.66174 19.8906 24.6501 19.623 26.7227 20.4295 36.8006 5.11238 35.417 53.6254 87.4713 44.3726 38.0128 27.3119 60.9273 17.1361 45.2826 5.09508 111.788 67.341 88.8413 71.6946 100.419 24.2921 0.0383201 59.4203
-66.9412 0.934328 13.8899 20.5049 3.07517 5.99652 21.6493 29.9129 16.9542 33.2585 13.517 44.6254 3.01276 35.417 34.9287 50.3868 76.9671 57.9224 24.834 22.2147 26.0452 34.6634 15.516 130.239 85.9313 109.525 59.1002 105.088 52.3671 0.00868578 59.042
-67.1433 0.110752 20.8832 15.0502 4.78727 5.31333 21.6493 33.3421 20.3108 26.7741 22.1176 45.1661 3.01276 4.17613 43.8433 103.718 76.9671 40.9997 27.5795 10.4937 27.0889 48.9593 15.516 62.6533 92.0824 101.983 119.996 53.3135 9.34385 0.00978667 54.0024
-67.0448 0.684537 18.0203 12.274 4.51411 3.40426 22.1782 29.0122 28.1771 22.3323 28.0975 45.1661 10.5325 10.2295 23.0772 125.574 76.9671 40.5025 26.3137 10.1645 24.9502 48.9593 19.1854 31.6035 96.3046 174.244 55.0987 48.4433 37.1993 0.00373949 50.7679
-67.5199 0.459813 21.6304 26.3128 1.34299 15.307 3.12178 32.1021 19.5768 21.1556 13.0276 38.9852 10.8674 20.4234 24.9143 158.892 44.8568 74.4964 39.8392 10.1645 20.5564 32.289 20.7753 6.45696 104.635 124.361 86.354 75.0473 65.3952 0.00232435 50.969
-68.8706 0.415176 19.7372 21.6589 5.45176 13.5746 6.46237 35.5325 14.8485 30.6636 21.514 44.0912 8.04991 20.4234 50.7815 149.265 55.9329 50.8154 23.2514 9.68935 64.1433 31.9432 20.7753 3.33785 66.2742 164.025 9.84926 49.9508 64.6732 0.00594231 59.7237
-69.315 0.414549 17.4426 16.8449 2.31072 17.0506 6.46237 24.899 32.3277 19.5433 32.8739 26.3955 5.3144 20.4234 34.8767 149.736 49.2919 30.3013 46.9636 16.201 65.9674 23.6285 20.7753 49.0967 69.0813 126.398 60.455 90.4914 21.1245 0.00519441 58.014
-66.1984 0.182268 11.609 35.2086 1.15848 9.89789 8.82867 28.0542 26.1525 27.5136 16.8881 53.1541 4.00182 20.4234 17.8127 149.736 80.0319 33.8471 41.5059 14.8506 24.8634 15.7257 20.7753 39.9902 62.1411 146.425 91.7585 79.4312 56.4949 0.00580517 51.4424
-66.8263 0.178719 11.609 35.9994 3.05457 9.89789 7.58719 27.2942 26.1525 24.3712 7.02875 53.1541 15.4846 20.4234 15.9818 151.527 80.0319 23.455 56.8706 12.7658 15.3031 16.765 20.7753 49.8788 79.3893 138.897 63.4191 99.7978 38.1384 0.00180444 50.6165
-66.15 0.186323 26.5836 7.67046 24.3117 9.89789 8.38064 18.4263 14.6704 25.7723 29.0666 35.2506 3.27431 20.4234 30.2806 151.527 80.0319 33.6442 49.86 19.7296 23.9691 5.60645 27.1565 42.1105 66.5003 75.2356 164.714 16.4502 38.1384 0.000144271 56.3047
-67.5443 0.183704 10.8819 33.3965 17.5907 20.5647 11.9867 25.3268 13.5611 28.9768 12.8139 12.0749 20.6078 20.4234 28.1326 151.527 80.0319 43.3643 29.8898 33.0247 24.6054 2.32635 27.1565 5.67904 96.6261 70.8386 186.466 16.4502 41.0397 0.000480972 55.1841
-65.6358 0.191078 11.582 43.6455 22.6366 18.087 10.753 26.2617 10.5756 31.0965 12.3591 12.2851 18.51 20.4234 28.1326 153.84 80.0319 37.2604 25.3996 51.4315 44.324 4.44442 4.83898 8.82799 79.5173 152.776 113.833 18.5672 36.1071 0.0000918872 58.5103
-66.4294 0.187697 3.69514 38.1302 5.5929 19.98 0.157097 32.5779 1.23265 12.4147 50.7187 4.17949 10.08 37.8365 25.2886 176.081 86.6336 43.0374 22.8684 50.2784 4.95831 4.44442 49.9593 12.4655 70.8588 136.621 136.4 45.5073 7.55759 0.000125561 63.4798
-66.4556 0.199392 5.31117 36.6965 3.18771 19.98 1.08517 23.9408 11.466 12.4147 50.7187 13.5488 22.8328 37.8365 24.3949 176.081 82.8411 44.6198 3.59811 34.8005 5.30546 4.44442 57.9605 8.83251 76.9632 152.199 71.7049 30.2131 18.2146 0.000968398 53.0821
-67.8258 0.326686 5.31117 32.2688 2.72514 17.1936 0.682327 31.1015 11.466 2.43103 33.95 15.6178 25.4709 50.6995 19.821 176.081 81.3412 36.7932 22.4512 24.3443 2.45237 25.9481 56.0558 8.83251 66.9397 125.053 116.665 65.2947 14.649 0.00112722 54.4907
-67.7553 0.108444 5.31117 28.8011 4.54599 13.9694 0.682327 44.2145 15.2824 8.78513 33.95 8.44681 44.4102 50.6995 16.7944 158.932 82.8036 41.7319 9.03839 36.3742 5.46079 3.34785 56.0558 18.863 41.3354 137.093 149.565 60.1511 17.4921 0.00124228 56.2619
-67.413 0.203567 7.39858 29.1821 3.35174 13.4365 0.682327 43.1162 21.7229 9.18642 30.2587 16.4431 34.7892 45.8501 12.02 158.932 82.8036 41.7319 8.65373 35.147 2.97234 6.69624 55.8102 30.2294 59.4047 107.809 160.042 11.0428 19.7895 0.00251431 52.8124
-67.1268 0.350484 7.66876 19.224 0.76592 10.7491 3.14687 32.0971 31.5781 10.9541 32.0748 21.6511 28.3888 45.8501 10.522 158.932 84.1098 41.7319 24.4698 9.63972 2.97234 11.6952 74.0802 28.0323 79.5494 125.869 135.744 79.5472 27.951 0.000456328 54.7119
-66.9878 0.657847 9.31289 21.3163 7.04562 5.88442 4.18875 44.6102 42.8196 10.255 44.3741 14.365 13.1782 45.8501 6.25212 158.932 84.1098 31.4068 19.0349 32.4176 11.1671 9.03136 68.5396 28.7431 51.2184 81.4021 104.176 85.7099 15.8426 0.00293095 58.0133
-67.7513 1.42181 10.3938 19.4025 10.9406 2.68226 4.18875 10.0909 49.3199 10.255 33.0729 34.9183 24.1405 0.883877 64.0715 158.932 84.1098 35.1017 6.22716 22.5941 6.19473 8.40276 28.2434 28.7431 134.63 81.4021 54.9838 95.3533 11.5433 0.000973505 58.4838
-68.3811 1.37714 16.3671 20.8751 10.9406 1.44392 19.3702 11.1049 7.08228 17.329 34.664 32.2005 47.6255 0.883877 64.0715 158.932 84.1098 35.1017 16.487 21.0466 11.1793 3.93674 31.5472 1.26446 128.874 109.521 94.628 100.123 29.9177 0.000302559 58.1532
-68.3435 1.70737 13.4909 20.8751 10.3639 1.44392 19.3702 6.88995 10.3811 18.8252 27.211 31.9983 48.6205 0.883877 64.0715 158.932 84.1098 27.4014 16.487 11.9788 6.43777 4.99614 79.3456 1.26446 102.404 111.357 160.445 101.092 26.1023 0.000302559 56.5244
-68.8072 1.87639 6.8383 20.8751 2.89842 0.157736 19.3702 14.1923 10.3811 11.2599 36.5087 27.7884 52.2825 0.883877 88.5225 158.932 85.6609 16.5736 4.89533 8.00571 13.1668 14.1286 52.3804 1.26446 119.451 106.098 160.445 101.092 24.9459 0.00286399 60.5161
-68.8072 1.25791 11.4894 11.4396 1.96713 0.157736 19.3702 14.1923 11.0566 11.2599 39.6247 27.7884 56.2313 0.883877 88.5225 158.932 85.6609 16.5736 4.89533 8.00571 25.919 14.1456 66.7159 1.26446 90.382 101.523 138.437 125.816 18.7529 0.0151614 61.2431
-67.0933 1.25791 5.75045 13.6412 6.23905 5.87588 33.43 14.1704 6.45997 14.5578 42.9951 26.4542 52.2905 63.5482 85.7586 86.4576 85.6609 13.9666 4.25381 8.00571 26.5493 16.7337 65.2654 1.26446 85.3986 116.857 75.9993 99.6563 20.1061 0.0304517 55.186
-67.4488 1.25388 13.7679 9.70385 5.4141 4.43798 31.6923 17.0041 12.8656 15.8255 39.3385 27.8078 46.1133 63.5482 85.7586 86.4576 85.6609 9.29665 4.25381 20.6562 9.97084 17.5874 65.2654 1.26446 98.918 140.181 94.8393 100.89 22.2593 0.0115679 54.8948
-67.7646 1.45142 9.0811 2.28093 8.03364 4.40446 28.4672 18.24 12.8656 25.2795 24.744 10.9381 39.8236 78.4407 137.315 59.9282 86.9712 9.29665 4.25381 20.6562 8.09048 21.8204 50.7091 7.61732 88.9723 140.181 83.1042 34.1383 23.8005 0.001063 54.7543
-67.5816 1.31273 12.3323 3.84614 2.07056 5.41159 35.8391 15.3347 21.5563 29.9887 28.4779 17.3366 50.7944 91.0529 81.5324 40.1664 102.577 18.3262 31.3187 13.8684 13.6104 21.9131 32.2766 7.54789 92.7834 100.021 132.574 21.0315 28.4516 0.000995761 52.4784
-67.594 1.23481 9.37452 1.91784 1.66128 15.594 42.2719 13.1793 14.154 34.1521 8.32107 17.3366 50.7944 99.1934 81.5324 18.4199 75.0265 12.7314 31.3187 13.8684 7.9688 28.2741 29.9282 49.1995 109.063 116.022 138.669 8.31395 30.0569 0.0039259 54.8821
-67.5813 1.69199 9.72812 2.98252 3.91385 10.6712 33.72 12.8089 0.435687 55.6255 8.32107 29.3149 50.7944 99.9148 81.7599 7.56297 75.0265 64.1938 16.9269 6.23979 19.5268 15.4771 43.2817 18.3856 109.063 89.752 162.258 33.0434 29.7569 0.0039259 54.4486
-67.5634 1.18867 9.71751 7.66967 3.91385 10.9025 33.72 12.8089 1.39018 55.6255 26.2607 0.785727 62.3032 99.9148 37.8738 7.56297 75.0265 76.5031 14.356 21.8991 16.5241 34.4633 25.6988 54.0792 99.4499 51.126 181.779 18.0489 29.7412 0.000515335 55.8829
-67.5318 0.542622 8.41079 7.87994 9.19648 10.4226 25.3962 25.1102 6.88229 41.9459 34.2751 9.09617 58.8305 108.539 38.3462 14.6966 56.9116 76.5848 33.274 8.71497 8.59388 49.5671 28.4963 33.2496 88.8779 52.2723 184.895 19.1459 30.7831 0.000515335 52.9738
-67.6342 0.443718 4.5317 19.8503 6.78122 11.2903 25.3962 25.9946 10.6729 64.8186 33.3728 3.54373 55.5177 87.9442 74.0874 15.9793 7.56307 58.4011 33.274 16.9156 32.4812 62.804 23.005 36.5691 50.6295 81.6741 145.142 39.5029 25.1107 0.000515335 60.1335
-67.3193 0.830864 4.03307 12.6021 16.7889 10.548 16.6104 17.7999 11.5639 35.0538 9.92626 9.61153 60.9445 139.553 60.2143 7.47193 7.56307 75.7788 43.5794 25.0815 27.2779 35.8694 27.1264 38.4128 76.4865 81.6741 170.218 49.3046 30.5217 0.000515335 50.2158
-67.3193 1.1604 1.45953 12.6021 31.5166 12.4652 1.99451 17.5123 11.6481 21.3188 12.2762 5.51349 86.8991 139.553 51.9846 3.86275 11.6121 57.5515 45.0013 23.9529 49.7207 35.8694 20.1624 30.356 64.2084 71.6179 225.729 7.46808 31.6377 0.00749292 54.7986
-66.5849 0.643385 1.52683 14.5299 27.0167 12.8098 5.75904 29.4899 7.12748 29.0404 3.71612 5.51349 87.3328 108.585 30.6278 0.917878 3.94225 57.2992 89.7704 30.3539 51.116 35.8478 33.2923 28.8044 48.6894 69.4886 200.494 49.6691 5.85015 0.00122179 58.0839
-68.6324 0.877154 1.52683 17.326 12.2287 7.19513 27.6573 28.3889 13.3349 12.1098 4.96155 7.26004 75.8835 114.604 30.6278 1.98658 20.138 46.1185 122.644 12.2609 53.6827 27.0896 15.8673 45.0119 78.1616 101.783 31.5943 1.32525 19.7791 0.00122179 57.8539
-67.2167 2.03264 3.69929 10.8789 39.7755 0.306871 3.68683 18.6031 19.5886 4.22094 44.9204 19.1241 36.5392 109.766 11.7897 2.38946 13.4802 59.8196 129.181 11.5605 88.8761 14.4227 11.8767 45.0119 71.4905 181.492 15.2427 41.3847 17.3536 0.0029173 58.681
-67.3166 0.986707 5.83786 10.8789 39.7755 1.94577 0.590988 14.1072 25.6649 7.05385 44.9204 17.4706 31.7587 104.771 9.06837 23.761 13.4467 27.797 152.928 65.5393 10.7485 16.0799 6.19345 51.4186 68.1656 201.013 15.2427 41.3847 13.1292 0.00562281 52.7838
-66.6034 0.615522 6.70901 14.0477 39.7755 7.27708 8.29532 11.5022 14.4947 14.2704 45.5145 17.3272 26.5214 104.771 1.65562 54.167 10.6378 27.797 164.477 32.7581 3.2433 23.0977 17.008 51.3837 68.1656 175.894 15.2427 54.8877 19.6548 0.00601345 56.8083
-67.6065 0.785151 11.7654 10.3873 14.8318 9.45647 8.89911 14.4723 9.20468 19.1906 73.565 14.927 26.6255 77.9555 1.65562 42.6264 17.595 26.7983 134.752 32.7098 21.8908 20.7151 29.7656 46.8501 57.7339 173.023 43.1772 49.7025 11.3086 0.0109046 57.2918
-67.0275 1.31908 5.53398 9.48256 14.8318 15.0829 6.94441 13.7922 7.78912 16.0738 49.979 21.5639 66.3001 31.8793 34.4377 52.5631 43.2886 48.7 126.261 33.4528 2.62792 1.34117 28.9996 50.745 66.9254 161.386 43.1772 40.7299 6.8808 0.0140666 54.8396
-68.5112 1.10361 20.1599 13.7713 11.0587 15.1553 2.65238 4.56276 7.78912 24.6338 49.979 26.4713 54.0599 37.7589 34.4377 51.9219 51.4711 37.0438 124.195 33.8519 21.7978 1.34117 30.8392 34.0634 68.1947 160.505 45.0696 38.5043 21.9655 0.0291176 54.5849
-68.1227 1.13646 14.0067 12.4325 13.5777 15.9121 10.9194 5.09681 6.63755 10.4509 40.0961 25.6825 64.4061 25.4201 29.6129 52.8342 42.4982 69.3893 78.8446 35.0715 28.0489 25.9024 62.2023 9.97795 60.0767 160.505 44.5062 21.3923 0.670581 0.010823 54.0761
-67.6817 0.153613 16.3076 9.31062 12.3334 13.9926 6.35209 5.09681 27.0922 9.22543 44.9861 27.2987 55.3518 36.4285 15.2866 67.8545 24.2565 92.4656 78.8446 24.4295 12.4478 25.8382 50.1576 11.6806 57.5429 192.365 90.4439 30.6503 112 0.009131 55.3159
-66.9988 0.0748306 10.5739 17.2095 5.14496 7.82875 5.37049 21.8027 30.1399 5.72539 44.1271 19.6598 52.2869 40.5527 36.8039 152.262 16.7213 91.0195 24.6289 15.6772 25.8201 7.10528 35.9614 11.6806 55.2648 163.361 58.5502 6.28241 5.78976 0.0324245 55.5815
-66.9424 0.891892 14.471 10.1801 28.1868 7.52519 1.69723 37.9874 9.03167 3.25037 23.1194 14.1193 52.2869 53.9024 46.1603 148.7 10.3726 79.8111 33.5389 15.0941 24.6832 7.83952 35.7006 44.1665 61.675 142.759 88.183 1.13443 54.6269 0.0114762 54.56
-68.2363 0.793736 7.22464 14.1296 27.2983 9.34512 1.69723 30.7471 9.03167 5.27885 45.2039 25.2184 52.2869 18.6853 45.5911 148.7 14.2716 71.1194 35.0468 15.4151 28.1361 10.5336 35.7006 40.4043 63.9868 141.08 110.113 19.0083 14.2307 0.0093593 51.9829
-67.1587 0.300069 8.50826 12.5183 25.5941 9.86906 4.21249 23.206 6.61151 5.27885 40.3324 25.2184 44.1676 15.8308 39.6412 193.016 15.7857 67.45 27.7843 3.29668 25.8738 12.2578 32.5817 36.3309 52.223 162.27 104.464 29.4936 15.0721 0.00610522 49.7068
-66.9562 0.49195 4.78855 19.6782 21.4757 9.54903 9.65898 22.9486 6.00297 5.84324 40.3324 25.7774 44.1676 15.8308 44.9695 198.881 6.97888 65.6584 23.5878 21.863 10.8917 7.42923 27.0738 55.326 52.223 162.27 78.2737 8.15786 9.15086 0.0000821335 49.0212
-67.4746 0.49195 4.78855 19.8733 20.1561 10.485 9.65898 22.349 6.64152 9.25597 40.3324 25.7774 44.1676 17.1571 44.9695 205.277 0.404368 65.6584 14.0064 15.1528 10.6222 2.1108 46.4293 55.326 45.1686 168.558 43.2152 3.09572 9.15086 0.0000821335 52.1173
-67.0787 0.551538 7.38949 14.8363 16.4619 2.93067 0.218787 17.8369 3.594 29.8117 25.6006 31.9991 67.9798 3.66252 35.402 211.2 10.7887 52.6707 26.0264 1.32237 9.11891 9.5026 48.6017 64.7857 64.3898 171.554 59.2066 10.1137 37.8627 0.00307967 55.9625
-67.83 0.662823 0.285338 5.70409 1.65758 9.70711 0.218787 17.9684 9.17191 24.427 23.4451 37.5022 72.9084 29.1236 35.402 211.2 8.48987 52.6707 24.3353 9.72888 9.17423 9.48415 23.0306 50.5177 68.8295 210.27 47.4047 1.86452 16.8499 0.00144919 54.4421
-68.327 0.662823 4.407 0.117726 1.93685 12.7752 13.5033 27.9835 4.52069 24.427 16.7421 30.2662 72.9084 26.117 35.402 211.2 2.34237 52.6707 26.8765 9.37213 8.4656 18.0964 2.65378 53.0068 84.7437 206.831 47.4047 111.449 16.8499 0.0148004 57.5406
-68.0477 0.551306 4.00866 3.43792 8.40305 7.67668 13.0211 1.93128 4.52069 20.9428 18.3418 54.1712 72.9084 27.8139 36.1671 211.2 6.62766 51.7261 24.1789 46.8422 7.12177 18.0964 10.4809 52.4203 33.547 168.204 47.4047 28.4048 26.5729 0.00376155 51.2465
-68.4908 1.34049 5.04528 5.37858 5.14206 7.75719 11.8423 32.2528 8.98113 9.32694 21.2412 31.1845 72.9084 27.8139 36.1671 211.2 2.26237 70.0566 21.2856 45.7718 1.6428 7.29333 13.4797 57.2573 32.8299 188.694 30.7494 43.776 16.4116 0.00980141 54.4493
-68.2131 1.33835 9.06227 6.15179 2.77341 7.71516 10.2309 41.7878 11.4271 9.32694 9.39532 30.9909 64.6772 39.3501 65.9888 156.065 2.26237 38.0581 21.2856 31.9573 23.318 7.29333 38.6074 15.5224 88.4972 182.563 28.5457 23.7137 13.9806 0.0367012 55.5396
-67.2343 0.627851 8.65601 12.1046 9.28956 7.43975 10.2309 69.5006 11.8006 2.94336 10.4405 12.2114 66.7876 55.1378 20.5042 152.33 1.61839 81.5297 36.0392 33.2281 20.1968 21.3129 37.1554 9.32923 59.0836 173.849 40.0691 35.6909 36.3819 0.0274842 56.7713
-66.8247 0.70143 11.2434 0.736694 14.333 4.36849 10.2309 69.5006 15.1736 1.18681 6.47061 5.82404 66.7876 72.3044 20.5042 168.317 7.49661 55.8268 36.0392 36.5456 25.567 2.94773 27.4254 15.4619 78.3451 189.814 13.2007 41.3109 37.1256 0.00226996 52.6913
-67.1308 0.76868 9.82561 2.58421 11.6522 4.40935 9.05277 69.5006 21.0367 1.67675 1.49994 12.4454 35.391 56.6074 20.5042 154.017 5.52936 111.678 38.157 19.9231 12.713 17.8975 31.4383 34.8798 65.8955 188.297 6.35205 37.7553 35.1476 0.00351398 54.1244
-65.9795 0.225013 9.82561 1.12761 12.7459 4.34166 9.05277 71.1876 20.4767 1.67675 2.26926 12.4454 35.391 56.6074 20.5042 153.645 4.10541 111.678 35.5973 19.7048 16.3191 15.1258 6.67324 56.8884 74.8834 202.778 6.35205 49.8634 5.08109 0.00691726 56.615
-66.8285 0.225013 24.6743 2.0869 16.8402 2.1583 5.43102 69.8276 13.4004 1.67675 26.1513 42.0284 13.6293 56.6074 20.5042 153.677 0.879032 100.341 37.6825 8.53178 17.3486 24.4377 3.94081 42.8218 77.2604 202.778 6.35205 76.6843 20.5801 0.00416773 60.5755
-68.1888 0.646017 24.2039 1.83111 15.9196 1.70023 17.5994 45.4253 14.3492 11.2837 36.0013 45.9057 7.32131 55.9897 20.5042 151.592 0.879032 99.9374 33.7636 25.1067 10.6809 28.9279 2.79115 42.8218 47.7949 183.329 31.423 48.1861 76.0956 0.00950569 54.6594
-68.2342 1.63295 22.6918 2.56197 27.3316 0.093255 11.5702 39.9446 10.0057 17.311 54.2896 17.275 2.76959 88.9058 20.5042 160.114 5.6528 22.4215 46.3459 34.6878 9.61651 26.5243 4.67323 43.5034 57.029 183.329 24.284 38.8319 22.1894 0.0028615 57.6829
-68.2342 1.02453 16.4927 1.04487 27.3316 1.97986 10.5283 33.4449 10.0057 5.84425 67.0594 24.3997 11.4434 82.514 45.2509 160.114 5.43245 22.4215 45.2222 50.1354 9.61651 23.888 3.25851 19.0101 73.9633 162.605 47.7563 38.8319 45.7623 0.00403999 54.4649
-68.1695 0.795735 18.291 0.52731 27.3316 1.97986 13.1759 31.8279 8.71072 17.4626 67.0594 25.2257 8.96933 34.1104 34.4656 160.114 5.43245 22.4215 66.0125 38.6889 54.3042 23.888 13.5508 19.0101 70.3829 153.445 43.9979 28.685 17.9746 0.00914881 54.404
-67.1351 0.979592 18.291 0.52731 27.3316 1.97986 13.1759 31.8279 3.59935 5.31624 67.0594 25.2257 9.53597 34.1104 34.4656 160.114 25.5704 22.4215 59.685 31.5086 54.3042 23.888 13.5508 19.0101 42.2643 153.445 43.9979 28.685 17.9746 0.0161623 54.8923
-67.7379 0.619492 18.291 0.52731 27.3316 2.66 13.1759 31.8279 2.78103 7.17447 83.0723 25.2257 9.26103 40.5247 34.4656 161.848 29.3796 22.4215 57.8356 31.5086 34.7288 20.0571 15.4368 17.0859 57.0892 200.026 21.1971 28.685 2.36931 0.0164423 52.0753
-66.6766 0.584763 16.505 1.07893 24.6798 5.41258 13.1759 31.8279 2.78103 6.63806 79.0515 25.2257 16.7673 33.6236 34.775 157.025 38.2225 22.4215 57.8356 38.7571 1.43655 20.864 12.8693 17.2192 102.687 182.754 21.1971 28.685 32.083 0.00748212 50.7935
-66.9608 0.151119 21.2451 2.75579 15.5574 4.45479 11.9182 26.043 4.69966 1.6392 69.0154 40.9829 21.5052 17.9603 54.734 167.355 38.6215 22.4215 57.8356 39.0579 5.32539 18.3605 13.5069 13.5406 92.2741 177.542 103.921 98.2764 55.2179 0.0012655 61.7769
-66.618 0.104443 15.3612 4.77323 20.7465 7.68383 3.63959 21.3491 2.03615 4.89928 69.0154 24.0112 36.9354 20.75 54.734 167.355 26.1246 22.4215 62.7448 41.324 1.43865 19.9603 28.9725 14.283 110.392 129.612 36.2517 35.334 57.4436 0.0012655 54.6671
-66.1463 0.271889 16.7509 5.34371 25.6629 8.68603 11.9458 11.6559 5.52548 24.0962 56.2768 20.7365 12.3907 22.7187 70.5508 156.312 22.2017 30.3582 31.4616 33.8239 13.3106 22.4278 27.7025 34.3867 116.15 100.305 36.2517 5.29084 12.3744 0.0074109 55.9746
-67.775 0.638205 9.88257 16.4294 28.496 8.07501 1.26082 8.08889 33.0089 37.2243 56.2768 20.7365 0.155234 58.8978 70.5508 156.312 3.5769 30.3582 25.6272 13.5101 12.2155 23.5568 31.2871 17.7087 94.536 97.4436 100.348 125.53 36.3101 0.01442 55.8442
-67.5433 1.11518 10.1424 9.47065 28.496 8.6799 1.26082 11.4875 34.2998 34.642 56.2768 19.9792 6.74646 43.5994 70.5508 155.611 4.14155 44.3325 24.6002 1.67501 12.2155 23.3235 18.0316 20.2894 108.423 148.167 83.8941 111.11 12.7976 0.00306996 51.5346
-67.8367 1.23091 13.5005 0.37806 40.5343 4.20415 1.55581 14.6836 30.7129 27.6803 56.2768 19.9792 13.9816 44.1294 74.6336 155.611 4.14155 44.3325 28.73 7.6302 27.365 26.8603 16.1413 20.2894 94.541 146.434 100.606 62.6411 11.6123 0.0100908 56.8921
-67.8676 0.813929 13.9101 1.00977 40.5343 0.226278 3.75434 13.084 30.7129 14.5397 72.679 17.7062 13.9816 42.2595 94.7639 143.061 4.14155 26.2482 29.3685 6.68407 18.2018 25.8648 29.3227 24.6945 92.6292 175.257 30.0049 70.5121 3.34422 0.0102141 52.9882
-67.7449 0.745411 3.62218 2.19935 40.5343 2.86602 16.8989 9.55965 23.4634 10.4094 72.679 7.91712 13.9816 26.3607 94.7639 168.345 4.14155 44.1715 28.0806 6.68407 7.22034 44.5544 32.5846 25.218 86.6007 116.707 66.5508 73.6153 3.07743 0.0130828 55.2652
-66.5916 0.745411 5.68158 2.19935 40.5343 3.13069 15.0316 8.00829 20.6364 9.76997 72.679 17.5599 13.9816 18.6659 94.7639 176.388 4.14155 45.9399 25.3335 4.46369 6.58006 44.5544 44.3598 14.0687 76.3638 102.135 82.378 74.277 3.07743 0.0245625 58.8177
-66.7552 0.745411 5.27278 2.19935 40.5343 3.13069 5.68529 77.9734 13.0835 11.9558 5.33745 14.0543 19.9592 15.6061 94.7639 176.388 4.14155 45.9399 27.8747 9.18787 6.58006 46.2632 29.1157 0.79547 83.0677 137.834 85.8249 63.6964 3.07743 0.0424704 55.4371
-67.6977 0.919012 5.27278 6.11232 42.5733 3.13069 5.46341 77.9734 12.6606 11.3754 5.33745 19.7205 17.3929 17.1161 94.1892 176.388 4.14155 35.5253 29.8722 4.24673 37.3066 46.2632 33.9339 14.7711 41.9239 158.894 65.1509 36.9045 16.1972 0.0321195 56.7723
-67.8687 1.56715 2.49869 1.8421 42.5733 5.3188 5.46341 77.7203 7.55891 10.9772 5.33745 25.0049 20.3117 15.8594 124.799 146.26 5.19543 33.6909 27.8468 4.24673 51.3518 50.6046 2.51738 16.701 87.9936 147.585 27.1881 31.2766 10.8227 0.0321195 56.7988
-67.9627 1.56715 2.49869 1.8421 31.8268 5.3188 12.0765 97.2536 0.731444 10.9772 4.16432 25.0049 9.7802 6.26999 122.473 128.651 6.86925 28.5321 25.9382 4.24673 51.3518 58.9218 2.51738 6.6219 89.406 181.896 9.12597 26.9089 18.3291 0.0676104 61.4185
-68.1097 1.56715 3.6821 3.48489 31.8268 7.78238 12.0765 97.2536 0.731444 13.5155 0.607372 28.0645 16.0242 6.26999 122.473 128.651 6.86925 28.2688 23.1892 3.58098 57.8689 81.1922 2.51738 5.25664 90.8375 131.283 28.7477 52.2006 42.1422 0.0470074 65.2442
-68.1334 1.69061 3.85891 2.54184 18.1975 5.89659 23.9072 67.1358 6.79056 23.1405 16.3566 5.67561 27.7396 77.0685 59.1891 30.5095 5.83912 69.4428 44.9903 12.2401 27.005 135.834 1.89324 16.6994 86.4865 130.564 56.1394 61.0299 21.3467 0.0239148 60.5663
-67.7716 0.846824 4.2857 1.2926 24.6677 5.07597 21.7467 67.1358 2.18678 23.1405 18.6333 12.0472 23.6117 83.6239 59.1891 7.7711 5.1508 106.692 51.4563 2.91987 36.9682 76.5303 1.51837 36.6941 90.3364 138.181 67.4951 59.3743 56.064 0.0239148 56.9973
-66.8257 0.846256 5.03548 4.45658 26.247 9.0662 16.7886 67.1358 2.18678 21.2181 14.772 11.9649 30.3468 93.7203 61.8495 10.343 3.10652 106.692 34.3161 2.91987 43.3723 71.3103 32.3218 12.0175 65.775 172.874 51.493 40.4577 49.2602 0.00137495 51.8931
-67.7334 0.846256 9.53116 3.98371 21.3309 16.2218 12.7067 47.1571 19.1791 35.2599 14.772 11.9649 30.4637 70.0852 36.8135 27.2664 1.83763 102.167 43.2393 57.0968 47.8096 39.8019 29.6034 16.2118 57.2031 146.307 85.8953 45.3535 34.5236 0.00331704 54.5022
-66.6842 0.128288 3.37202 6.36438 25.346 19.0633 6.48744 74.2162 17.9217 26.0005 54.028 4.65035 9.55807 95.9051 2.97424 22.0528 3.92358 92.9075 52.9393 59.9142 47.8096 29.4603 13.3682 17.602 57.2031 177.095 73.8931 58.2545 30.3886 0.00686298 56.5767
-66.1543 0.128288 3.37202 5.86155 2.89047 19.0633 9.00163 45.9381 17.9217 39.2246 55.3051 4.65035 8.25121 109.969 2.97424 79.1289 0.830222 66.2149 27.6681 59.9142 64.0866 22.9419 11.4529 39.8917 51.1781 174.573 25.3052 45.4657 33.8899 0.000739287 56.2388
-66.1543 0.128288 3.37202 3.47682 24.7629 18.8908 13.185 24.2445 8.09798 36.8866 60.6105 4.65035 10.482 73.9027 1.03362 77.6237 9.16637 53.2938 64.5618 38.8642 80.1684 55.6172 5.45075 16.514 57.7476 174.573 26.3299 102.217 18.0479 0.00382796 57.1357
-66.2822 0.206831 6.74249 3.46242 21.8412 18.8908 9.88476 18.4262 7.44643 41.0395 55.4016 16.8781 4.04235 72.4312 1.03362 42.8368 26.9639 64.858 80.2983 40.0196 86.0571 55.6172 4.52428 16.514 78.6994 174.573 30.1727 102.217 50.263 0.00681455 62.0275
-66.5276 0.945612 4.41542 9.87952 18.3961 17.3437 11.1773 28.4623 28.6465 27.1969 56.2983 45.5171 15.4444 72.7135 1.03362 25.5288 12.8339 56.7086 67.1577 0.751638 89.761 43.1406 5.78763 22.936 96.3847 156.771 65.0055 109.032 49.0852 0.020318 63.1884
-66.4959 0.0319773 6.63285 12.1056 4.19694 29.697 11.9706 28.277 31.4545 14.2845 35.54 33.1672 13.7505 69.5792 14.9163 51.7766 17.0743 86.5597 54.5628 34.3835 50.6197 42.675 6.09969 22.936 86.0054 144.12 24.9623 147.756 44.625 0.0120126 55.2266
-66.8027 0.463714 4.07177 16.7382 1.33517 27.442 12.8646 30.1619 35.8459 5.79115 26.8881 29.7506 8.2849 71.1688 19.105 60.1011 25.4664 106.162 49.7401 34.2915 37.8091 42.675 5.55142 22.936 82.0105 144.12 28.8673 86.0235 42.194 0.0113797 52.9126
-68.1477 0.533126 8.68354 2.83705 28.1068 15.2122 13.3799 40.347 38.1635 9.94862 33.017 26.4418 4.62895 63.2296 42.5355 70.0249 19.0543 95.2289 51.7116 33.2447 38.3516 33.6754 0.637135 3.98066 84.507 92.2285 124.51 62.3478 42.0659 0.00907732 54.0374
-68.1879 1.40407 9.72672 2.24515 28.036 18.6029 7.67106 40.347 38.1635 22.4413 12.6526 19.8268 3.07694 83.3591 30.6446 73.7872 18.9455 106.683 41.124 18.4096 34.6934 20.0753 26.0449 8.65036 84.507 77.2119 186.134 66.0325 41.6073 0.0175959 54.3522
-67.8734 1.8257 8.75058 3.91879 28.036 15.4187 2.80932 38.8836 27.495 37.7592 15.4083 22.7821 13.7796 116.178 32.309 64.2462 18.9455 78.9291 38.5922 22.5261 29.8451 30.2784 21.3956 11.0252 78.1359 93.5717 192.238 92.0362 54.6861 0.00637407 53.983
-68.69 1.09856 10.2595 3.72338 18.5059 16.7643 12.8994 50.29 20.0286 8.33246 9.50979 29.9812 22.2138 159.657 34.2816 30.2608 16.8312 78.9291 17.5961 24.0954 44.1873 28.1738 28.8361 11.0252 78.1359 100.147 197.787 60.1776 70.5583 0.00273736 54.7485
-67.0387 0.424402 2.90098 3.65239 14.6121 30.0093 18.2813 35.5492 21.1362 23.6948 18.3331 29.9812 7.26604 178.723 36.3467 35.335 16.996 86.7976 11.9424 22.8578 39.2212 10.3332 26.8402 14.9529 76.3966 92.7423 197.09 74.1401 31.4954 0.0077224 55.1426
-66.3417 0.646231 2.90098 7.40422 7.0052 25.2685 23.5328 36.2768 36.1167 23.0075 1.17443 28.6153 12.7345 205.06 35.6495 36.856 16.996 44.3737 18.5612 30.7647 37.9884 9.8017 27.8582 20.4395 86.3919 81.8191 192.546 38.6975 26.9762 0.0142182 54.1406
-67.2939 0.289062 4.62357 15.5544 15.3045 15.2162 13.4239 56.3105 20.3356 23.0075 7.4531 30.0301 11.5178 182.739 36.8683 36.856 16.996 55.0195 24.6912 25.6557 12.8148 16.6436 39.9358 19.1181 87.1583 53.214 157.707 32.0802 45.1106 0.0561987 53.2565
-66.8724 0.382196 4.62357 22.239 10.5293 15.2162 13.4239 48.8131 20.3356 23.0075 7.4531 28.3477 6.27163 182.739 36.8683 46.0293 16.996 55.0195 10.3422 29.4091 12.8148 16.6436 39.9358 18.2279 100.787 53.214 157.707 61.4835 33.3022 0.0561987 58.1347
-66.8724 0.511335 4.62357 13.1702 7.33561 23.7622 10.1461 48.8131 13.9778 28.1215 7.4531 51.416 6.27163 151.344 44.3986 46.2056 16.996 55.0195 31.4068 26.6428 3.67266 7.0484 41.5683 11.061 117.003 50.0348 157.707 44.6622 33.3022 0.0778033 56.7745
-66.5607 0.441785 4.66549 17.8609 11.7684 16.0694 10.1461 58.4206 5.66262 18.4639 7.52933 51.416 5.22686 151.344 37.9522 46.2056 16.996 63.9244 43.8542 10.0143 15.2462 7.0484 33.6934 2.91231 117.003 61.3209 201.692 50.105 25.2528 0.0411977 55.8876
-66.5607 0.406865 4.66549 17.8609 12.4467 17.6054 9.73011 50.0831 5.66262 12.063 7.52933 51.416 0.700501 153.304 37.9522 68.568 16.996 63.9244 34.8616 3.74986 7.49827 43.7041 39.7128 30.8802 74.0365 57.0016 201.692 67.3426 35.7797 0.0315147 56.3767
-66.4174 0.406865 6.51281 17.8609 14.3601 16.3012 3.29128 49.2815 5.66262 15.1404 16.433 51.416 0.700501 153.304 37.9522 57.2426 16.996 63.782 27.1412 26.3466 5.26244 4.81824 48.266 50.8667 90.4851 63.3524 147.966 12.1184 28.0096 0.0359837 57.9316
-65.7759 0.382738 6.51281 17.8609 14.5135 25.1029 2.21816 38.5174 19.6187 15.1404 16.9422 51.416 0.700501 153.304 59.7322 60.3124 1.77268 74.0456 7.89813 19.7578 5.26244 6.11244 48.266 48.8737 59.8591 181.659 41.4867 12.1184 15.4265 0.0258359 57.2823
-65.7759 0.382738 11.2832 17.8609 10.0901 25.7079 4.95788 38.5174 19.6187 3.31716 12.9416 72.3035 0.700501 159.776 59.7322 54.5177 1.77268 52.0447 20.3041 18.01 22.6261 12.2536 41.773 49.3893 51.5466 106.972 97.8259 12.1184 12.9559 0.0198133 59.653
-66.5025 0.553201 13.7482 8.67321 6.53172 21.1407 4.95788 35.8482 19.6187 8.21638 21.5887 55.9518 5.13348 158.971 72.2023 57.9618 1.77268 27.5885 16.7304 19.6164 50.828 6.823 39.6982 31.8169 59.8628 173.089 19.9609 12.1184 19.2086 0.032073 56.0094
-66.9945 0.644156 15.1015 8.67321 7.8515 18.3041 5.43281 35.8482 26.0998 4.25674 24.848 55.9518 14.5717 136.237 72.2023 57.9618 1.77268 30.6259 15.9867 26.569 50.828 15.3882 28.343 9.27291 70.4003 173.089 19.9609 32.6494 22.165 0.0411368 56.5076
-68.3514 0.140108 19.9537 12.3829 7.8515 0.847186 26.8253 13.0358 30.0388 30.6102 13.761 55.9518 14.5717 136.237 99.5417 55.6172 1.77268 38.4406 7.18456 34.0836 28.6116 3.47943 25.7663 9.27291 77.9183 173.089 62.4111 81.678 7.90821 0.023527 58.3726
-68.2454 1.35239 19.9537 5.8465 6.5696 0.847186 26.8253 13.0358 36.267 16.1843 13.761 65.4023 12.9253 143.564 99.5417 55.6172 1.77268 33.1164 7.18456 34.0836 28.6116 3.47943 31.9419 9.27291 74.8506 184.186 58.7435 67.366 16.8467 0.015929 53.9451
-67.6945 1.07169 21.4503 6.08815 4.04484 24.8912 5.48471 13.0358 36.267 19.6363 15.1053 59.2333 17.8389 143.564 110.421 34.3901 1.77268 43.8053 7.18456 17.9007 13.2887 12.4185 26.2897 38.8545 73.9904 157.716 30.1519 95.7092 72.7721 0.00525409 52.0616
-68.6448 1.71804 21.0192 3.41663 4.90152 24.7981 5.99633 13.0358 18.2881 25.5664 15.2747 56.2851 13.1551 131.856 106.455 43.9351 15.6801 7.48358 21.987 1.02063 26.6761 61.2599 26.2897 20.5762 75.5715 197.15 49.8539 83.2886 33.7679 0.00157774 54.6777
-67.869 1.2889 21.6885 1.94769 4.71418 25.1518 5.99633 11.9123 13.4799 25.5664 10.3545 56.2851 20.5785 103.378 118.927 54.7459 15.6801 6.70438 43.8566 1.02063 22.4672 61.2599 20.953 41.8153 50.1218 197.15 50.0384 63.5868 58.4246 0.00384336 57.0268
-67.1251 1.2889 17.898 5.36481 6.42255 21.6919 11.6246 11.9123 21.4889 34.5363 19.1718 33.6842 21.3193 59.8445 93.0698 78.0935 13.1306 6.70438 30.763 3.86905 40.9999 61.4595 38.6419 49.1064 54.7087 197.15 24.1274 55.7303 55.8861 0.0000470075 52.8745
-67.3022 1.06607 18.7086 7.55082 3.1719 21.6919 5.65798 3.75872 24.7628 23.8687 75.3381 19.0088 19.4416 59.7639 76.0634 82.5659 56.9283 6.70438 18.0248 3.86905 47.2943 31.339 40.0262 55.9226 54.7087 149.496 30.4455 58.8426 85.4064 0.00417719 52.9366
-67.3022 0.887226 16.55 8.50316 2.27251 14.2871 11.7163 3.75872 24.9234 17.0209 75.3381 13.9663 19.4416 74.5244 20.7377 77.3163 82.4717 6.70438 24.0449 3.86905 31.2595 39.7421 34.7592 80.9762 69.1491 189.301 12.4623 58.5566 74.9211 0.00417719 56.9048
-67.4813 0.834033 22.8466 7.49915 2.27251 20.4367 9.53619 12.6643 22.9173 17.0209 73.8015 12.6553 19.4416 73.5525 20.7377 95.957 48.4102 6.70438 19.6883 41.0633 27.7922 48.9894 16.5983 70.5296 68.5754 151.358 63.1856 60.1141 77.0055 0.00501575 53.6625
-67.4499 0.531126 22.2502 7.54846 10.7097 15.8623 5.3932 5.80292 23.1214 21.6187 73.8015 12.6553 19.4416 84.0495 20.7377 95.957 30.5213 18.081 19.7047 41.4355 7.2311 40.5602 17.3694 70.5296 67.4497 156.744 63.1856 38.369 9.16169 0.00576762 55.6816
-67.2271 0.459906 15.7921 10.9518 12.1443 13.9268 5.03095 9.14217 17.0875 21.736 73.8015 25.4328 17.244 100.67 20.7377 78.0231 24.0638 21.5196 32.1792 70.2586 26.2578 35.0973 18.7132 33.2947 68.0918 163.377 84.3003 36.5598 12.3773 0.0024527 52.5954
-67.158 0.273462 19.5052 12.9103 10.257 13.9268 1.21337 12.0069 28.3044 18.7394 64.0586 20.0653 6.66201 85.9753 15.8236 102.872 45.5472 22.5711 36.3517 41.6464 20.0473 54.2322 18.7819 40.0601 68.3259 125.531 85.7441 60.4496 22.933 0.00107908 50.4815
-66.0888 0.410223 4.49764 8.08776 5.67207 4.24243 4.51411 14.8304 25.4498 24.925 64.9341 29.4165 38.566 65.7402 37.2776 74.3154 51.9899 29.3103 37.6088 12.9424 22.0582 55.5326 18.4434 54.3314 67.7669 126.263 85.3122 18.8559 50.2558 0.00886903 51.7378
-66.0076 0.100354 1.3624 12.1856 9.28354 10.5325 4.32706 18.9592 24.8736 22.2815 33.8851 38.4102 45.6507 47.2841 25.3369 95.2061 24.7171 36.477 45.0803 6.34876 25.9393 90.3876 18.4812 60.0006 71.0354 137.193 92.8995 16.0056 66.5538 0.0356493 58.3608
-66.258 0.411557 4.60821 16.1398 18.2586 4.29339 13.5212 19.0056 26.9918 19.9686 39.4483 12.941 44.917 61.174 25.7324 95.2061 32.7166 41.7766 49.7071 1.73263 25.4341 65.3892 19.9868 44.3263 54.5063 119.127 77.2161 43.2041 44.3782 0.0174381 54.4688
-66.2749 0.686384 4.60821 11.0304 22.2012 4.29339 15.9924 20.5216 32.4656 21.5294 37.3523 10.31 42.454 79.7787 13.7532 137.387 26.8741 45.5708 35.1694 1.58043 47.9258 33.5842 4.26876 44.8667 54.4133 139.681 63.129 24.0029 10.0627 0.0148356 51.4034
-66.4348 0.820742 4.60821 17.7707 22.2012 6.37155 10.1834 19.4056 22.8955 16.9628 38.7347 10.31 41.4536 75.9129 5.06664 137.387 31.6445 38.8696 63.5091 1.58043 60.7249 21.8627 4.26876 47.29 54.0104 182.911 29.7825 19.3232 47.9604 0.0148356 51.7819
-66.3811 0.248297 6.21873 12.1915 25.1022 5.57163 9.54139 14.7036 26.027 17.6289 30.2685 19.2139 58.2944 76.3068 1.50597 134.068 31.6445 45.3484 50.2371 35.3989 29.9611 33.9498 4.26876 19.5659 46.7352 203.396 34.8732 49.8128 30.3921 0.0029951 49.3885
-66.2416 0.202297 3.02912 12.1915 25.1022 5.57163 17.1534 14.7036 26.027 17.6289 30.2685 4.30256 58.2944 45.7066 1.50597 134.068 31.6445 60.9594 81.0536 29.0397 26.0793 33.9498 3.24314 28.3872 36.1333 203.396 79.2763 21.6478 10.8435 0.00197531 52.3404
-66.2081 0.333682 3.02912 11.6564 27.4058 5.57163 17.1534 14.7036 29.5977 4.81897 30.932 17.8927 58.2944 45.7066 23.1759 134.068 26.3188 48.54 81.0536 27.5701 12.5443 12.3656 4.47983 25.7903 53.2591 189.781 120.374 21.6478 10.8435 0.00652757 55.7716
-66.2363 0.485718 4.31571 11.0727 26.2347 5.57163 17.1534 14.7036 14.0495 4.81897 18.3745 28.4751 58.5096 14.4882 45.4493 134.068 29.005 48.54 96.0375 16.3623 13.6046 1.91302 56.7556 25.7903 70.3274 151.898 96.6259 9.02657 11.3243 0.0154148 51.3217
-66.5918 0.458415 7.97457 7.40389 26.2347 5.57163 0.293196 20.4639 14.0495 4.81897 18.3745 46.5219 56.5572 8.47217 45.4493 134.068 29.005 48.54 96.0375 16.3623 31.3287 1.91302 51.3539 8.8738 72.425 117.536 131.588 9.02657 53.6376 0.00937716 53.5607
-68.2709 0.378237 8.74783 4.04468 53.0444 6.69263 19.8673 6.95716 5.79975 4.81897 24.8291 18.9592 53.834 2.80552 27.1277 112.415 45.4057 52.2525 117.641 31.4902 37.6724 2.03936 34.1827 27.4751 72.425 117.536 85.335 15.7347 73.0274 0.00937716 61.8572
-67.6093 0.308232 12.1438 6.9431 53.8826 7.19959 14.6341 20.7275 5.79975 4.81897 21.3324 25.115 52.3113 2.80552 27.1277 76.5727 34.4923 60.267 117.641 37.8942 33.5929 15.1619 34.2569 16.276 72.425 102.085 153.648 82.4419 65.9958 0.0106107 59.5991
-65.6568 0.410076 12.1658 6.9431 53.8826 7.50619 15.9479 18.7412 5.79975 4.81897 21.0054 25.115 30.6361 2.80552 13.2189 86.993 34.4923 26.9934 145.054 31.3082 46.0987 25.0664 33.7892 54.672 72.425 102.085 117.487 83.6504 30.8958 0.0108148 63.4968
-65.6568 0.431413 11.5713 6.9431 21.8216 1.65049 23.1043 15.1848 54.2144 4.81897 21.0054 25.115 23.3392 10.8596 54.2246 45.3773 43.4899 26.9934 130.194 23.7254 8.72721 25.0664 38.4982 39.8365 100.984 102.085 117.82 26.6485 55.1629 0.0181222 55.6551
-66.3965 0.296291 10.6019 5.85814 21.8216 7.54111 22.2494 5.1434 54.0303 4.81897 27.8681 25.2642 27.0705 74.7083 40.1548 48.598 43.669 26.9934 130.194 17.5214 8.72721 16.4825 41.241 10.5879 76.5214 139.43 88.2226 9.55587 57.2909 0.0228129 54.6526
-68.247 0.260976 11.7446 4.0359 5.83426 11.4155 20.3767 11.7091 63.6058 12.47 19.0731 19.2124 30.7209 95.0791 29.6364 12.7631 39.7407 32.1836 114.372 11.8389 66.4448 2.62292 42.136 7.04786 70.0338 147.36 100.49 18.6863 8.60209 0.0436611 57.9815
-67.7305 0.276098 11.9048 6.23492 17.5766 9.02473 13.3936 9.31144 52.8369 22.0425 4.27334 44.8805 31.6848 92.4577 20.8384 31.4093 8.37791 32.7562 115.401 15.3661 46.8603 16.1148 36.226 18.9604 80.5981 144.094 94.7234 9.79303 21.7373 0.00522249 50.9519
-67.6422 0.417971 17.2843 8.80118 20.7785 6.24884 9.42148 9.99164 46.206 30.4288 0.769628 44.8805 28.6446 94.2642 33.4915 39.2282 8.37791 54.1492 137.88 9.18289 30.2577 17.0156 4.80687 18.6919 82.7315 136.564 81.5555 21.3495 43.2624 0.00522249 51.4738
-68.0741 0.521091 14.0079 7.88528 11.5114 22.0818 8.43298 8.54289 58.1742 8.89754 15.1173 24.9449 23.5881 98.3687 29.2285 12.5952 8.37791 72.8414 137.88 20.0962 19.8674 10.6589 22.6762 19.8941 83.1048 190.813 44.3217 55.9843 27.6367 0.0104013 51.9796
-68.0462 0.508917 15.6386 4.59374 12.5658 26.4211 3.15655 12.8238 58.1742 0.298154 14.1124 27.4322 29.8266 111.364 23.3063 45.2473 8.37791 38.8519 135.394 17.378 8.92829 42.2034 25.9439 28.5537 81.9333 156.947 24.4226 49.8365 79.0237 0.0101486 53.8247
-67.5792 0.645381 9.30487 4.87301 12.5658 25.2604 8.08769 5.17088 47.2267 19.5572 35.584 32.3376 14.7525 135.804 1.32634 52.3423 8.37791 49.6113 97.9322 26.4362 13.3574 32.9577 7.63919 8.95723 83.5807 204.271 46.2343 38.7576 65.5373 0.00627792 54.5215
-67.6394 0.424347 12.6879 4.71257 3.36432 21.5072 19.7562 3.46212 49.0944 19.5572 27.2792 26.624 17.7028 135.804 7.82247 51.8988 8.37791 48.5882 107.82 19.728 11.2931 35.164 4.7653 34.1397 85.9387 171.673 44.7366 8.82927 46.3469 0.00533035 49.3605
-67.5094 0.348426 12.0653 0.605995 2.58011 24.522 24.7466 3.80282 49.7697 31.2537 33.7479 27.8398 14.0904 133.554 9.16389 52.6965 8.37791 31.2004 110.942 14.6381 16.0807 28.2837 7.00149 43.1699 85.7353 124.539 68.7648 13.5172 37.2767 0.00596613 51.2644
-67.5033 0.442119 10.3688 0.605995 4.26204 24.522 24.7466 3.80282 52.0096 31.2537 34.0875 26.3843 8.17474 133.554 9.16389 56.0253 12.0729 26.3565 107.586 13.3533 16.0807 22.3601 8.71418 36.9417 102.393 98.474 147.966 26.0893 9.3447 0.0070191 51.1276
-67.7849 0.442119 10.7016 0.605995 0.949545 26.4174 21.4636 26.9925 53.8149 31.2537 34.0875 2.22062 17.1057 133.09 12.8373 56.0253 16.5215 25.2757 99.5781 12.3648 7.19105 29.5555 9.66368 36.9417 74.4448 136.598 147.966 24.0627 54.155 0.00615187 53.9642
-67.8078 1.43571 3.09998 1.75553 1.045 40.3106 21.4636 33.3155 16.6682 17.2329 24.7843 20.4385 17.7738 133.09 21.6172 56.0253 28.2569 31.1369 99.5781 18.1995 7.19105 36.7532 9.70272 36.9417 71.613 113.466 122.951 19.0989 43.3884 0.00646037 51.7039
-67.7901 1.19501 3.89161 0.107254 1.75681 40.3106 18.7194 33.3155 16.2203 19.0701 24.9393 30.3904 16.1227 128.156 16.4622 51.8045 28.2569 51.8685 98.9437 3.13721 2.23062 57.4957 9.23191 2.8914 112.675 97.7638 104.662 21.9061 40.5062 0.00644713 54.9868
-67.8134 1.53095 3.5304 0.107254 9.70084 32.9007 17.8634 33.3806 33.664 37.0427 22.3866 9.69377 15.9132 128.156 22.2786 35.9907 28.2569 37.4032 105.161 10.4914 5.46989 37.5549 9.03991 42.6644 80.6798 116.196 89.0554 43.7204 50.9823 0.0259846 54.1501
-67.8113 0.677634 4.16259 0.107254 7.83252 32.9007 17.8634 40.9522 35.9742 42.3009 12.6134 12.6605 12.4203 128.156 23.576 35.9907 17.8777 37.4032 105.161 2.22972 48.9781 23.2913 9.43972 16.2986 90.9758 59.6424 253.76 33.8917 8.14155 0.000944874 52.7629
-66.5285 0.73223 7.23561 2.97056 8.89004 29.4148 11.7209 24.0803 34.884 71.9777 9.42696 9.11527 12.3462 128.156 23.9151 38.5408 11.6771 40.4089 105.161 2.22972 53.5256 21.0214 4.76086 40.9061 71.816 46.2103 202.321 13.645 33.6543 0.00186079 50.4459
-66.5285 0.240729 8.83094 3.29674 6.59854 5.77617 13.5765 23.9536 1.44463 109.629 24.4547 8.576 12.3462 128.156 22.5869 58.2091 11.6771 36.996 95.4688 13.8575 53.5256 18.6137 2.18695 40.9061 73.0752 46.2103 192.842 40.3136 34.2851 0.00583804 54.3518
-67.4538 0.432705 3.72982 3.30786 8.27209 4.71257 13.9549 28.1258 1.44463 109.629 13.7737 6.95214 12.6494 97.9856 22.7409 62.411 26.2098 31.3825 86.6527 16.5894 78.7201 11.078 2.18695 45.3239 60.7116 61.9846 175.846 7.40594 31.6601 0.00331132 56.9771
-68.9111 2.14637 9.63555 3.31296 5.58915 8.57512 8.13318 61.7241 9.90676 62.813 11.9841 4.98928 14.1618 95.6472 23.4002 79.6442 65.707 14.4663 60.7688 14.2825 78.7201 11.078 10.5991 43.6148 70.2549 57.1592 193.589 7.0633 16.1708 0.00169726 54.3796
-68.1169 2.01215 10.407 4.98005 6.17852 32.1574 11.8188 17.4928 43.111 65.9088 16.0473 3.89526 6.2089 84.5495 31.9983 53.0938 66.9775 36.8827 32.0455 7.95222 97.3379 11.078 11.8456 48.0339 50.9459 87.1993 218.305 22.2925 8.33534 0.00289969 55.7273
-67.418 1.0724 10.364 3.87025 3.3058 31.8477 11.6293 16.2433 63.5601 61.8132 12.2229 3.00466 4.3916 73.3041 35.9378 69.16 66.9775 7.33639 46.5131 22.8414 97.3379 7.81139 13.1146 20.98 57.7206 160.295 104.271 8.36939 31.4884 0.00842703 53.4795
-69.2745 1.18691 8.89803 3.55995 2.9862 27.866 3.08887 14.1405 63.5601 64.8757 15.5272 5.97185 12.8898 63.9815 41.1137 54.3388 88.0919 9.88317 44.9567 25.4248 97.3379 7.81139 7.43458 27.7105 56.01 154.685 104.956 23.5744 43.4643 0.00989542 58.9116
-67.5223 0.300412 9.59722 18.8424 1.42672 28.4786 3.50937 14.1405 39.6567 70.3875 13.8054 3.04278 8.61702 13.1994 34.2268 55.1474 152.406 15.3864 4.80332 23.4822 60.6433 57.4804 6.2805 51.3411 46.1188 168.351 64.6634 82.5463 13.6921 0.0110798 57.7848
-66.246 0.206676 3.62373 34.6039 2.68652 16.3702 3.51414 7.32604 60.3568 68.5592 14.385 5.28851 8.61702 17.5313 34.1454 55.1474 152.406 13.0624 4.80332 20.5311 43.507 58.7059 17.5684 51.9511 45.4417 168.351 33.0206 38.948 18.4002 0.0130952 57.7501
-65.8168 0.455047 11.3685 15.8203 5.40415 28.1968 0.432239 16.7595 16.6411 55.3813 39.522 2.83249 3.62218 2.49585 44.0917 63.4872 160.909 38.1632 13.8103 20.4175 12.4303 73.6374 22.0414 72.1369 32.629 171.522 50.7703 57.2901 46.2385 0.00237418 59.4593
-67.0091 0.383927 11.3685 15.8203 5.39971 27.2643 0.143052 31.7785 17.1407 39.3429 45.3422 13.3977 3.62218 2.49585 51.9635 66.2673 146.395 41.8693 16.8815 18.2816 23.7704 64.5053 6.12778 56.5576 32.629 139.857 88.6352 24.0443 50.6012 0.00477892 54.9485
-67.2262 0.321638 33.12 12.6485 0.707419 12.8914 0.334104 24.06 13.4879 28.3475 48.5035 10.0824 17.0509 2.49585 35.6809 64.082 172.083 39.6456 8.8786 21.6551 14.5441 58.8416 19.3948 34.9085 52.8543 156.432 104.483 55.9045 53.6848 0.00641912 54.3809
-67.4913 0.543376 38.4759 8.38307 7.34508 4.69892 1.22304 22.7022 21.8964 28.6071 64.6522 6.48266 17.0509 29.8732 7.22686 54.4584 172.083 68.978 8.8786 23.3093 14.8851 48.5017 1.42722 63.459 14.0646 162.687 76.8276 47.9105 53.2955 0.00266927 53.1749
-67.4913 0.4174 39.4098 14.4107 7.04873 2.5146 0.805368 27.5884 25.6587 4.84416 64.6522 7.40658 17.0509 29.8732 14.3176 54.4584 134.751 68.978 20.8179 5.51168 26.1736 58.2008 3.02781 75.9102 24.0714 163.016 93.0466 50.6694 48.5047 0.00507289 57.4013
-67.2373 0.154756 38.0627 13.1725 7.01062 4.77523 4.32646 26.2498 34.3934 18.7121 37.7332 3.82406 17.0509 11.0059 81.4353 30.5919 109.999 60.2717 20.8179 15.9013 29.9146 36.4994 1.17356 102.15 43.2901 147.147 84.1568 23.336 49.0949 0.00301788 52.6582
-67.4349 0.98133 36.1013 14.9113 7.17675 4.40317 3.98485 19.9689 40.1967 11.112 44.6551 14.5531 26.8364 20.7015 51.7322 30.5919 87.1627 54.0632 52.8105 5.05845 42.016 9.15027 19.8655 120.436 29.0398 210.112 5.7513 37.8892 68.8844 0.000685983 52.7517
-67.6799 1.05957 32.18 15.192 7.14026 6.24282 1.5686 18.9847 29.7795 14.998 49.8044 9.16776 17.7483 26.0079 31.7324 30.1214 87.1627 68.5261 69.9379 5.05845 46.1259 19.797 5.18922 130.829 36.0521 162.536 36.46 33.3366 8.97267 0.0025737 50.9032
-65.6809 0.0797706 27.8042 12.1269 7.18901 5.35868 5.88681 30.3052 49.5711 14.4812 49.8044 6.65618 13.4524 32.5438 40.9625 51.7827 69.76 57.6109 42.6491 19.6209 37.4333 22.1546 6.1015 102.176 28.7474 175.75 16.3544 26.4861 32.746 0.00508725 52.3629
-68.0897 0.760726 37.0161 7.60139 8.62158 3.96497 6.91366 20.1832 41.6891 11.2888 42.6787 9.58499 30.5958 44.3068 34.5707 52.2984 62.7654 57.0808 31.2158 1.62788 37.632 58.2733 17.6651 107.177 11.9288 227.266 16.3544 22.2154 20.8731 0.0087358 54.3771
-68.0893 1.09099 37.5956 2.93026 9.55393 5.37178 8.65279 20.1832 33.6966 11.3042 38.5544 16.0118 30.5958 40.6938 29.9359 70.1124 50.2279 69.4274 31.2158 47.5841 5.30011 44.5432 45.96 64.2163 21.7049 221.293 15.8401 19.9832 17.6085 0.0202672 58.1937
-68.1815 1.67177 29.7008 0.731573 10.5633 15.6757 5.60319 44.273 16.3963 10.768 25.5504 38.6799 9.89927 31.16 33.4192 70.1124 83.0299 40.4206 36.9382 60.6307 12.2 38.9982 39.3326 58.878 31.9006 212.036 15.8401 34.8759 9.72909 0.0417958 63.4346
-68.4581 0.830505 9.31502 0.731573 21.7094 26.1997 4.88614 27.9063 18.8243 11.6219 21.8419 40.1463 24.0782 42.951 33.4192 77.223 76.8579 39.915 34.0473 62.6054 20.0566 17.5641 43.0832 22.9992 52.9654 185.979 86.5788 72.5861 8.16612 0.0867461 58.3633
-67.8899 0.819508 1.78011 6.85476 22.127 24.2574 4.88614 10.8196 17.3344 9.87332 24.7254 75.7013 19.2074 25.1372 33.4192 76.8465 66.8462 40.2042 34.6402 54.3168 1.51988 10.2009 65.0238 43.5486 71.2127 153.659 86.5788 72.5861 8.16612 0.0466942 57.2234
-67.3329 1.30976 1.78011 5.7372 16.0908 29.188 4.25365 9.59961 5.18634 9.60016 26.7706 76.903 21.6482 30.004 43.9314 92.3808 64.1183 41.0447 37.7336 26.5021 4.28129 13.7516 48.5676 51.8275 83.9694 114.528 100.991 10.201 52.6549 0.00281865 53.2861
-67.9013 0.920332 4.91848 9.09127 11.8008 27.4034 8.37019 13.6359 25.3378 14.8247 23.743 58.9463 20.0792 12.1936 18.3157 92.1891 113.778 45.5561 26.4279 31.8183 4.28129 14.7461 53.7582 44.4269 100.254 136.635 92.4488 63.9759 32.7447 0.00273874 54.0351
-67.5783 1.72369 5.05029 9.33089 13.0294 27.4034 8.01257 14.067 25.5917 20.7957 8.83216 58.9463 17.972 10.2612 18.3157 92.1891 113.778 25.6385 61.9323 31.8183 17.5242 14.6158 43.584 36.1106 86.0937 130.65 117.042 50.8394 1.13033 0.00539571 53.4296
-67.7887 0.625619 5.92879 17.6692 5.48952 27.4034 8.17362 25.4015 29.3215 22.9115 8.83216 53.9201 18.3008 15.7474 25.7101 65.0075 129.171 18.1238 66.7852 27.072 10.5624 19.967 12.173 68.3192 78.9147 122.081 140.305 51.8815 37.68 0.00539571 52.6973
-67.7389 1.22829 5.84603 17.6692 2.67369 30.5635 6.29655 40.7032 31.5236 21.2973 8.83216 53.9201 2.34223 5.19991 28.9864 64.7196 140.772 18.1238 55.1898 18.0398 27.899 24.1579 38.9721 48.5323 44.1236 107.815 140.305 48.1674 105.824 0.00611778 57.2939
-67.6606 1.22829 5.84603 14.4817 2.67369 30.5635 8.53537 38.3227 35.7152 19.1283 8.83216 53.9201 0.95884 11.7134 28.9864 66.4353 140.772 12.9407 53.0024 44.8857 18.7614 24.1579 32.5286 41.6992 53.794 129.47 98.1797 48.1674 148.645 0.00611778 54.4281
-67.8281 1.15293 6.01232 11.1879 25.4008 7.13031 9.02878 43.6122 12.0726 8.96804 18.5636 53.9201 0.95884 11.7134 30.0877 62.2915 140.772 12.9407 50.2042 39.0678 21.266 21.2524 29.0849 35.783 34.4592 251.673 9.14206 65.3637 95.7432 0.0530591 65.2253
-68.8327 1.07917 8.86188 11.1879 25.4008 7.32742 9.38979 33.9178 4.57842 8.32324 28.0007 69.7063 14.1756 39.0688 30.0877 20.4707 122.422 21.5641 63.5428 40.0893 15.2989 18.0165 18.1097 74.2967 88.7775 132.693 43.9746 61.472 72.7453 0.0381923 57.376
-68.8794 1.39724 10.1566 8.08762 30.8467 12.2582 10.0023 68.3739 10.0685 17.4392 43.3202 43.4964 5.90805 44.8428 45.2818 20.4707 110.706 21.5641 9.02768 1.56906 8.15796 38.601 48.4477 103.744 39.1504 153.67 40.1932 91.8396 39.151 0.053722 69.4302
-69.5475 0.657132 7.31054 7.12613 25.0765 13.5655 10.016 37.7654 3.1375 11.7056 43.3202 37.9224 23.7603 33.1684 25.7749 65.9362 110.706 30.0408 9.02768 49.9623 10.1661 25.9944 32.7077 103.744 45.7422 155.79 46.0915 119.637 6.72386 0.053722 61.8418
-68.2941 1.30912 8.62239 5.10682 26.519 12.3966 10.2956 37.7654 1.6522 10.5616 43.3202 42.7907 23.7603 28.8764 20.8195 108.782 99.0008 34.5097 5.60138 49.9623 21.8266 25.9944 18.5065 65.1259 50.9937 175.592 18.7872 73.1531 48.5904 0.0565277 56.4613
-68.3088 1.29324 7.06557 5.98895 24.8117 12.3966 6.8343 37.7654 1.66445 29.2331 32.9581 42.7907 20.4729 29.4381 20.8195 128.54 133.143 8.75376 16.0964 50.571 17.9238 3.33737 3.33333 65.1259 40.4328 158.199 56.2296 67.688 22.368 0.0927041 57.0041
-66.8344 0.709895 1.68192 3.56905 18.5037 27.6124 9.18067 36.6223 5.13134 25.9471 27.5273 49.5315 14.9764 27.8896 5.66755 128.668 133.143 8.75376 33.0407 58.2661 5.38784 5.75384 3.33333 65.1259 41.302 184.23 78.9293 64.6049 58.5482 0.0927041 57.4488
-66.4281 0.561515 1.68192 3.56905 18.1357 27.6124 9.18067 36.6223 12.0379 25.9471 4.67402 53.3955 14.9764 33.3365 5.66755 128.668 133.143 10.365 44.0141 23.265 17.1716 12.5782 3.33333 65.1259 19.9534 220.636 11.0132 36.9939 39.3098 0.0927041 56.8047
-66.5648 0.283166 7.80222 2.87569 18.1357 1.68851 6.47817 54.0976 20.885 25.4602 4.96123 53.3955 21.2286 33.3365 4.96615 128.668 127.109 10.365 44.0141 6.32582 11.6009 17.4824 3.33333 121.303 2.74347 198.664 13.1148 57.7334 40.5682 0.0971379 58.7808
-67.3056 0.16037 4.93297 1.39562 18.1357 3.72365 2.30694 54.0976 11.3556 19.1698 7.98646 56.9825 21.2286 39.9541 4.96615 128.668 127.109 13.9852 44.0141 6.32582 13.4275 24.4624 3.33333 121.303 2.74347 198.664 42.5814 57.7334 41.7921 0.0092432 55.4771
-66.4399 0.32366 4.52969 8.09472 32.1303 3.72365 2.30694 54.0976 11.3556 18.2997 7.0293 56.9825 21.2286 39.9541 10.5149 128.668 127.109 13.9852 19.2636 6.32582 13.4275 25.8222 11.277 126.004 7.12198 194.539 17.2865 67.2913 48.7552 0.00941178 56.1435
-67.4616 0.44628 3.1738 9.29506 29.3796 11.5899 2.30694 54.0976 16.14 18.2997 7.23069 56.2989 5.4912 60.584 10.5149 102.767 124.223 13.9852 12.3609 7.78853 15.926 26.0384 21.1532 126.004 13.6425 188.513 17.5863 107.577 46.6161 0.0141353 57.4614
-67.7811 0.472666 15.3621 5.60161 22.3828 17.4462 2.50936 47.9738 16.14 1.84383 7.23069 56.2989 8.21692 66.373 58.3426 103.673 38.9254 35.7046 16.7059 29.5789 32.8925 22.1989 19.6391 108.96 15.0641 182.9 17.5863 63.8747 30.9807 0.00397637 52.6376
-67.3764 0.648798 14.6635 3.17404 10.9129 22.5041 6.75967 63.0227 16.14 1.84383 12.6824 56.2989 14.65 67.1943 62.0822 94.8983 40.5646 12.6704 8.03148 0.651693 55.5154 23.5839 37.8725 106.664 14.9289 162.077 23.6743 151.341 45.9046 0.0166716 60.3425
-67.6567 0.592786 15.729 2.51635 8.24067 26.8024 6.75967 64.1909 16.14 0.691948 12.6824 55.7756 11.9969 46.7415 75.3703 122.512 40.1367 5.02171 6.93217 2.0313 48.6382 26.3793 37.8725 82.489 15.0244 170.804 51.6621 185.693 36.9979 0.0148496 59.4464
-67.7135 0.867701 19.6938 1.90772 9.68753 25.4414 6.75967 54.3158 7.82939 3.40254 14.3633 54.6659 16.1123 46.7415 75.3703 142.475 32.5671 5.02171 6.93217 5.59059 54.187 12.7047 33.3879 84.5088 15.1926 133.483 68.9871 113.326 64.2088 0.00806177 58.2734
-67.8162 1.34165 21.2319 0.38557 3.42015 30.1438 9.11096 33.7003 23.6776 3.40254 18.3264 25.353 15.0198 41.83 73.9686 165.334 37.7523 3.95776 18.0811 13.4465 39.0402 8.70882 40.9555 99.5332 12.8104 126.761 121.801 210.615 120.264 0.00694274 63.9964
-67.8214 1.27226 16.3462 1.96901 4.17739 33.4529 9.11096 33.7003 45.7995 7.82042 18.3264 28.6237 16.5657 46.3686 75.0069 146.226 52.3502 3.95776 22.3941 14.0614 17.8625 10.7236 40.9555 65.5347 20.49 143.964 70.8757 113.915 35.3485 0.0061841 55.5629
-67.9768 1.33127 15.211 3.14835 0.850705 27.7485 3.04382 42.6584 45.9074 10.2182 18.3264 42.1863 19.6299 35.7787 66.0243 130.707 52.3502 3.95776 36.0646 20.9752 30.9579 4.57577 54.2811 26.4665 43.6742 143.964 71.3037 103.417 87.9987 0.0111833 62.8694
-69.7831 0.745908 15.2565 2.65047 5.44464 32.0375 4.34388 42.6584 42.6741 10.2182 7.96211 42.1863 15.6509 59.5045 36.1489 139.746 75.2688 11.4579 25.457 17.4785 41.5926 2.97216 26.6223 32.3239 53.2914 134.096 68.5563 33.3358 87.9987 0.0173665 56.5178
-69.7831 0.559084 7.15369 5.9685 4.14206 31.5901 13.3307 35.2697 43.9657 10.2182 7.96211 30.7834 14.3389 45.9497 4.38809 139.746 75.2688 23.026 27.3056 27.0007 30.9511 2.97216 20.627 80.4493 65.6206 161.177 63.0781 51.8107 73.012 0.0238571 59.0426
-68.7086 0.786635 16.4052 3.18492 6.38193 33.8464 13.757 51.5363 47.0011 3.18639 13.337 21.9553 9.21946 15.8582 31.4614 147.765 39.1802 23.6073 46.1621 32.5638 22.7312 13.3056 38.0503 60.1213 49.2224 175.404 35.2124 64.0385 26.7886 0.0100673 57.0757
-67.7477 0.777142 16.6368 3.18492 1.13401 34.2371 2.91307 42.2523 56.11 1.63939 23.5836 15.2208 6.13525 32.7501 13.7146 166.19 86.1442 21.7519 40.7009 32.469 26.1475 19.8617 16.5893 44.4303 54.7717 161.065 29.7187 260.977 12.8529 0.0442484 60.7741
-67.7785 0.777333 9.80639 6.86271 5.80697 36.5671 4.07748 40.6303 56.11 1.63939 20.7078 12.5527 8.55731 20.9291 10.2235 166.19 86.1442 21.7519 55.9035 31.8523 50.0966 15.3971 6.68067 15.3013 44.518 185.45 32.3729 56.0665 11.6888 0.0354431 53.445
-67.802 0.775122 9.52513 4.6364 9.18505 36.5671 4.07748 44.1097 64.3412 5.63862 21.0649 12.5527 8.55731 24.0684 1.97645 141.555 78.3163 9.22345 55.9035 25.5562 83.5057 6.84482 4.19834 28.5356 43.656 175.143 69.8147 89.8296 36.5316 0.0261744 58.3382
-67.2633 0.765726 10.8585 3.10498 10.103 23.823 6.20209 46.6204 50.7406 12.9756 13.2144 12.8125 26.3188 20.7717 1.52785 127.565 71.7 16.3718 77.6755 16.5838 95.7893 5.0584 18.8903 13.652 46.5291 171.943 58.7531 115.518 18.219 0.0332769 58.4979
-67.3347 0.760607 8.99063 14.0157 10.4435 22.9552 6.13879 24.4399 49.7045 8.61672 22.4378 36.632 2.62881 17.8082 5.99841 125.224 71.5567 9.33095 82.6052 28.8191 95.7893 3.87415 22.6831 11.9997 45.1773 192.717 23.1502 104.191 33.3207 0.0333844 55.782
-67.9177 0.785965 6.34603 15.3169 10.6672 26.0675 2.13892 23.4 62.1832 4.5153 6.30367 41.7812 12.9224 18.0621 12.7503 113.916 71.5567 9.33095 81.1607 32.456 88.8669 4.26109 15.8906 11.9997 62.2606 179.308 78.4892 65.4958 148.178 0.0402754 61.2708
-68.5378 0.769437 8.30837 16.9932 10.3177 12.4961 9.47523 16.8462 60.5939 2.63344 6.91161 41.7812 12.9224 23.6401 12.7503 132.304 65.1284 9.33095 84.0358 29.2229 62.6726 4.56262 23.9019 21.3172 62.2454 179.308 39.8906 4.60207 48.4962 0.0278302 55.1102
-67.6022 0.770789 7.36911 24.299 10.968 11.4382 9.48031 9.55112 56.0887 2.80177 4.1299 64.8382 19.1253 27.1643 0.569972 108.685 85.3024 26.5911 88.9579 36.6983 34.3313 12.0004 20.6779 34.7411 59.7311 179.948 36.6053 3.6491 110.445 0.0101905 55.748
-66.8165 0.804467 1.32344 13.145 9.44502 28.8152 10.983 27.5844 41.6368 8.42035 8.72265 39.2065 16.4343 58.3434 4.22006 119.183 72.7617 27.7189 78.6304 39.1049 4.69945 12.9459 35.7458 41.4737 58.773 162.384 36.6518 33.3813 25.8319 0.0023497 48.4492
-68.358 0.81745 1.40499 22.1949 1.52148 31.6438 4.91131 15.4365 28.3215 7.44697 42.1106 39.2065 7.48071 85.614 5.75605 119.183 73.6391 28.7712 64.8157 17.2829 25.0312 9.00913 23.3489 12.8689 57.3053 187.476 29.7139 56.0022 14.2831 0.000153412 52.7274
-68.2274 0.949464 1.65514 4.05045 1.62575 31.6438 21.0647 16.6664 32.9741 11.9931 25.9221 39.2065 30.9734 80.3198 3.72806 119.183 51.0262 29.8635 64.7391 14.1244 25.0239 8.4965 59.0594 10.4036 57.76 187.476 10.4547 55.5623 27.1616 0.0143358 52.409
-69.2597 0.874654 6.39551 7.89952 2.428 24.7072 21.8966 14.1077 32.9741 2.21313 37.8731 39.2065 29.7769 80.3694 3.48288 119.183 51.0262 28.141 64.7391 6.09563 26.0215 10.072 59.0594 10.4036 59.2683 187.476 22.6601 22.5462 26.1489 0.00948673 52.1631
-68.7432 1.12732 8.13987 9.07192 3.59802 21.1906 22.2869 6.39219 32.9741 1.10972 33.117 23.2994 34.9463 73.3381 16.5655 103.407 67.3 29.0438 84.5337 13.7013 29.4726 14.3385 30.2713 10.4036 61.4744 190.576 51.245 10.9274 120.663 0.0128849 57.0386
-66.618 1.03952 2.73787 9.07192 2.85131 21.1906 21.597 5.47259 32.9741 19.6604 41.227 28.5433 34.1582 72.022 22.7697 111.419 48.2206 29.0438 61.2816 12.9709 33.8064 13.5133 30.5176 29.3462 48.2277 165.668 78.3567 10.9274 64.3469 0.0301503 52.0553
-67.2056 0.917564 6.05456 12.1703 12.3841 15.6731 20.9127 7.10984 24.7575 29.6088 34.8621 28.5433 30.535 72.5881 10.5975 158.905 9.73324 29.1671 61.2816 0.79096 14.1995 11.955 66.1268 55.1124 28.8014 177.878 54.7674 63.2857 11.5072 0.0276638 55.0445
-66.8987 0.565433 6.59046 3.95896 13.688 17.4243 27.9007 7.10984 21.8969 26.7069 19.3687 44.2913 34.7137 67.067 10.5975 158.905 9.73324 34.0732 57.5278 0.79096 22.0078 15.2193 20.0447 86.4928 34.9228 196.145 40.6044 116.053 22.4234 0.0295403 56.2361
-67.1357 0.819659 6.59046 5.33507 19.4395 7.60662 27.1906 8.73014 20.8054 26.4241 19.3687 44.2913 31.8831 68.7243 10.5975 158.905 9.73324 35.862 64.5707 7.86461 24.9128 24.5371 15.0857 72.4655 34.9228 202.952 18.3462 125.914 22.4234 0.0309266 52.6291
-66.6776 0.845064 5.71304 2.76272 18.0849 10.4193 22.5663 13.2297 19.9071 30.865 6.49953 44.2913 27.5948 71.7209 10.5975 153.698 30.7759 33.224 66.7718 23.3246 14.6029 6.78984 20.6027 72.4655 12.8948 205.294 1.80508 92.409 38.7241 0.0234322 54.8035
-66.6776 0.809998 5.71304 13.8846 3.59522 27.1329 16.5478 16.924 20.1815 30.865 6.49953 45.6403 29.8932 74.6891 10.5975 153.698 14.643 5.44575 68.8089 35.7488 12.5144 9.09814 9.67766 72.4655 32.2174 225.433 52.2876 36.9829 39.2375 0.0189759 56.7176
-67.3125 0.544755 5.71304 13.4418 2.22669 23.7567 17.9257 23.7377 23.9997 15.05 6.49953 48.6578 48.8949 69.7643 15.2233 132.393 42.9323 7.42634 58.863 40.644 9.97403 10.2923 13.6054 57.5207 58.5292 190.754 52.7469 65.1711 74.7527 0.016563 57.5997
-67.1124 0.326112 9.5233 13.4418 1.6512 23.8375 16.293 21.8442 23.9997 15.9768 6.49953 19.9382 48.8949 92.3172 15.2233 24.7124 114.579 20.7658 96.029 26.3878 2.85153 7.1814 38.216 50.3066 40.938 186.714 52.663 31.3296 50.8192 0.0149484 51.2195
-67.2777 0.249435 13.3811 14.3035 1.6512 23.8375 16.293 21.8442 31.3139 15.4236 6.49953 20.0832 48.8949 87.4574 15.2233 24.7124 114.579 25.0658 93.6838 13.5192 2.85153 13.7867 27.6635 48.2692 79.584 132.455 44.2552 31.3296 28.8068 0.011335 52.7869
-67.3879 2.18503 4.91566 7.98309 7.76413 23.8375 9.30484 31.2736 28.6231 17.3854 4.36435 65.1495 43.2858 94.936 16.6523 24.7124 48.7424 48.5089 93.6838 34.7942 7.59176 16.1755 1.68857 45.9293 72.371 149.435 42.5352 64.8124 3.28826 0.0177096 60.5894
-67.1911 0.789046 14.4631 8.76029 25.5494 8.67726 6.43711 4.17583 23.1117 9.72928 4.36435 14.9087 56.2224 81.7482 65.2351 46.503 59.4605 48.5089 93.6838 32.3433 10.5441 17.5343 2.9153 42.0823 73.334 176.091 21.4358 16.6995 3.30113 0.024492 54.0175
-66.6956 0.630547 16.8395 16.1486 20.3817 7.97449 4.45919 5.5749 23.0555 2.83068 4.36435 14.9087 62.6927 68.4591 71.3069 46.503 57.4357 48.5089 93.6838 38.8512 13.8995 6.26964 9.44335 56.2912 73.3309 148.517 81.924 2.5197 48.5616 0.0122206 55.494
-67.1131 0.752356 7.4596 14.1996 20.3817 9.1417 4.45919 5.85455 26.4698 9.93617 51.3283 14.9087 62.6927 53.0285 55.1901 60.7468 59.2259 78.2387 49.1771 26.5597 3.57756 5.46743 0.614306 68.5578 70.4357 144.037 106.303 33.0678 36.1457 0.000351287 53.0211
-67.2118 1.42472 11.7452 15.4065 25.5881 6.14975 3.31752 2.74141 18.6771 4.78323 50.3211 0.97652 55.6399 40.991 43.7681 56.1629 78.8378 78.2387 73.0303 30.1843 5.18116 5.30848 8.5317 80.0266 53.9414 127.093 145.663 22.3409 12.7892 0.00188607 54.8535
-68.1573 2.22856 9.19008 15.7399 25.5881 1.94957 8.52677 8.13883 18.6771 5.85339 50.3211 11.9632 57.8355 40.991 43.7681 29.0296 79.6245 85.8068 73.0303 23.1091 6.49455 9.00855 9.4978 65.0882 49.6515 210.99 19.748 18.1938 6.15529 0.00232835 52.0117
-67.9703 2.22856 10.3501 18.1673 21.5142 7.5531 11.2486 4.1554 18.6771 7.08567 40.8302 11.9632 57.8355 40.991 56.4596 9.07841 77.8257 85.8068 86.5766 24.5451 11.3113 27.6101 9.4978 62.535 49.6515 202.024 24.0249 23.5903 8.19844 0.00442887 54.2598
-67.6826 2.22856 10.3501 20.5262 12.2749 3.45547 16.0596 17.9248 13.5571 4.55966 39.8817 4.70043 69.7563 59.2945 78.0842 13.8383 83.5298 85.8068 49.9811 1.99088 6.62645 22.7688 10.3153 62.535 42.4642 196.458 77.0191 14.2961 7.09192 0.0028268 55.7128
-69.3748 1.58195 12.482 12.9479 13.8105 1.5219 10.6033 21.9214 15.5218 9.12764 54.4582 9.65004 65.8844 55.1214 57.0368 23.1899 73.287 71.9555 50.0988 1.99088 8.65227 32.6677 12.1246 76.5718 53.2462 168.14 39.5807 23.5428 6.3566 0.00438375 56.1519
-68.6899 2.39567 14.8982 14.6175 7.53841 9.30389 13.0993 16.8766 22.3757 7.3516 32.9588 9.65004 65.2681 58.9139 22.0906 20.1361 102.162 70.4085 42.9103 25.3814 8.61912 69.9181 20.1294 45.0334 25.0477 214.859 39.5807 11.7908 85.6539 0.0139991 59.0242
-66.9712 0.969314 28.7732 5.479 13.6306 4.36554 13.0993 43.6466 19.956 7.3516 37.3901 13.4302 33.1606 62.1074 4.36381 16.2311 36.5467 110.218 75.9294 27.6464 30.3261 76.4138 6.90592 13.737 78.8414 76.6636 133.314 21.6041 16.0498 0.00156913 52.5315
-66.9712 0.157012 28.0138 6.42706 13.5454 3.17911 0.532482 15.8891 36.7581 5.8231 42.3364 22.7411 29.3622 116.353 4.36381 16.2311 30.4209 110.218 77.725 14.078 1.76189 76.4138 11.6835 10.885 90.4452 76.6636 154.825 35.4506 25.0943 0.0035994 57.0638
-67.3512 0.195027 28.8197 18.6006 10.8628 0.557393 6.4554 16.3051 41.6326 36.9514 25.7114 14.4985 31.4263 68.2306 4.36381 25.1852 42.3527 83.35 106.687 10.8419 2.69646 60.3688 17.1977 2.44317 91.3981 153.784 118.36 124.37 12.2573 0.0292997 61.1868
-67.5161 0.154399 29.647 19.3092 6.76912 5.85362 3.09353 16.3051 26.2262 45.1532 23.5792 15.8736 20.7468 54.5354 23.1907 50.4552 66.0103 30.5501 106.687 13.2146 7.31616 52.4919 18.0281 4.53455 140.976 152.468 14.5506 100.562 30.442 0.00104623 55.2385
-67.133 0.279876 29.564 21.5423 2.65637 4.81945 1.38659 11.3645 33.4781 46.8448 17.7989 22.7017 26.8947 54.2761 58.7796 56.5524 56.8445 18.387 106.687 2.62569 9.90935 50.8243 40.1922 2.21215 95.2939 90.7146 122.637 92.975 49.8565 0.00104623 51.9971
-66.6603 0.459055 29.4316 18.5605 2.81519 3.05357 1.38659 6.15811 33.8823 53.1085 25.7855 21.6222 26.8947 65.6305 67.7547 48.4292 56.8445 22.93 88.2102 2.62569 2.28715 50.8243 22.5941 2.05603 99.1847 90.7146 167.148 148.656 68.5352 0.00104623 56.6554
-67.3236 0.687006 41.7653 21.4424 2.09049 5.61923 2.21992 2.4998 37.998 44.1594 31.4244 17.9765 14.9834 65.6305 65.8801 47.0399 56.8445 22.0205 88.2102 14.0452 4.18172 43.7894 37.5775 6.0621 125.876 57.5356 196.81 65.4167 64.4407 0.00104623 59.2963
-67.2034 0.977478 34.8613 22.3602 2.55841 2.1877 2.21992 2.4998 25.8277 44.567 48.2707 17.9765 16.3247 17.5687 37.8346 47.0399 56.8445 29.2118 89.1142 31.0723 5.73555 49.532 39.0014 19.7156 100.15 70.8542 155.476 12.7993 50.6984 0.00104623 58.4268
-67.6562 1.03423 17.7813 22.0108 5.59307 2.1877 4.66829 15.694 29.1823 44.567 41.8271 17.9765 16.3247 19.6686 86.2163 64.4405 56.8445 33.8367 89.1142 23.7686 3.96585 47.0338 24.548 19.7156 70.96 70.8542 155.476 5.02532 26.0487 0.00232624 51.4282
-67.6562 0.852713 16.2958 31.2998 5.59307 2.1877 11.1138 15.694 27.505 28.6048 45.5258 17.9765 18.4204 5.38846 87.2062 62.1617 73.94 27.2656 88.9153 52.2805 1.97647 26.5142 25.1225 6.22468 70.96 70.8542 228.78 25.5827 3.61269 0.00780863 52.3824
-67.3871 1.55438 16.2958 31.2998 7.55544 2.1877 4.10955 15.694 27.505 43.1063 42.4919 13.4469 16.8512 11.2146 78.1948 62.1617 73.94 34.3699 88.9153 50.8934 1.97647 36.8342 24.6737 8.81643 70.96 70.8542 170.407 11.9425 3.61269 0.00574905 54.6786
-66.9788 0.814293 13.0423 31.2998 7.42721 6.12675 4.10955 17.1468 34.5691 45.223 25.5947 16.2059 14.1484 13.99 80.4584 62.1617 37.2862 23.9538 83.5456 50.8934 12.0626 52.4685 24.7607 3.73318 82.9253 78.0522 193.49 8.63387 11.1984 0.0219074 54.3778
-66.7904 0.494237 28.236 20.3073 11.6836 6.29409 0.678714 23.1015 12.308 37.1583 28.6191 31.7439 12.4518 8.27303 83.47 79.402 38.3342 20.0786 48.8455 67.9792 26.7299 34.1082 14.568 18.0249 114.23 48.425 212.12 33.1308 25.3134 0.0209918 58.5006
-67.0835 0.487212 16.4799 18.1096 12.3659 15.7366 0.678613 10.734 15.1596 46.679 38.1617 21.9834 12.2164 22.1662 49.7617 90.3646 69.1846 50.5523 48.8455 23.9305 26.7299 10.811 44.4344 21.6625 114.23 48.425 212.12 32.115 3.30259 0.00799379 52.9311
-67.2399 1.20601 9.69612 17.9077 10.767 22.3551 3.65884 19.5929 10.0309 29.5492 38.1617 35.0665 21.3189 7.03906 61.826 90.3646 45.6498 63.786 43.8305 5.03271 13.5825 11.4636 84.156 21.6625 134.632 48.425 201.656 24.1844 26.8433 0.00351108 56.1316
-68.0453 0.974349 9.98257 17.3771 12.9218 2.26654 19.5999 17.8778 7.20761 24.384 34.1727 44.6414 32.3871 14.5678 46.0694 38.9714 73.5091 63.786 59.745 18.7588 13.5825 26.1092 58.5151 21.6625 128.83 27.505 237.353 12.6628 0.391561 0.00593084 55.0769
-68.2739 1.53482 10.7063 24.8937 12.9218 2.26654 11.5154 25.9468 3.98672 18.7549 31.8601 43.4254 37.164 4.7844 35.0083 39.7566 111.706 62.3396 43.6383 6.55614 4.44942 30.0338 79.8522 24.5714 115.619 36.889 237.353 4.77841 0.391561 0.00967508 57.1962
-68.0022 1.0074 5.22593 24.8937 13.8481 2.79745 16.7602 20.0477 3.98672 24.4554 32.5515 48.7421 8.51673 4.7844 29.2927 78.9634 111.726 60.7249 43.1942 4.29412 22.3285 15.0858 79.8522 1.06357 138.568 15.6425 186.038 40.4895 244.055 0.0129533 63.3844
-67.0146 1.0074 3.78838 24.8937 13.4118 4.81366 16.0615 3.14495 14.6257 18.1915 41.895 40.9931 7.64173 4.71085 37.002 86.353 98.4121 44.6305 45.106 26.0643 36.8248 11.3519 67.5004 15.8334 159.924 15.6425 150.614 18.1044 106.32 0.00712007 63.3349
-67.055 1.12356 2.39199 22.9182 15.8539 1.44089 16.9035 5.32428 13.0453 18.1915 60.524 37.176 4.78666 4.71085 96.6573 35.8558 117.557 46.7236 37.5683 26.0643 36.8248 11.7235 31.5721 16.9327 159.924 15.6425 150.614 26.4739 107.357 0.00419821 59.4982
-68.3622 0.767353 1.46526 9.14443 9.15222 1.44089 18.2326 20.3491 12.0869 33.6989 80.5757 36.8318 12.4856 10.1749 81.6105 27.7939 117.557 42.8667 43.6854 16.5749 41.3716 10.0668 9.51276 27.7794 135.428 25.533 185.363 15.8302 53.4691 0.00218943 59.6707
-68.3425 1.32912 3.84409 4.00297 4.35466 11.4312 13.6418 22.9203 24.0759 33.6989 63.857 21.569 19.7463 11.0613 81.6105 24.5135 117.557 52.2913 42.7105 20.3632 21.6456 15.9577 30.7147 8.6251 121.606 28.0138 195.901 44.5153 60.7349 0.00184986 55.4765
-67.7492 1.47601 4.9304 14.2612 3.52295 8.42729 4.79188 19.1678 33.8844 33.6989 64.233 14.1771 19.4848 20.7827 110.573 27.4982 117.557 52.5259 28.6825 18.1723 10.1691 10.5414 13.8783 23.8452 98.917 26.1592 272.648 50.5818 45.618 0.00285415 53.5276
-67.1216 0.513707 4.9304 14.8399 3.83669 12.4706 4.09564 15.5866 33.8844 29.4034 60.1901 14.8239 4.80827 50.0484 88.6901 36.0597 117.557 47.0463 28.6825 17.3842 27.1506 10.5414 19.5146 23.4958 110.754 5.69502 280.019 22.2867 37.2771 0.00370866 51.9531
-67.1921 0.339481 1.3559 23.2118 0.634927 29.7301 7.8929 11.0779 28.163 36.3231 54.3848 14.8239 15.3596 37.0631 85.9834 36.0597 127.826 43.422 28.6825 20.4466 22.079 10.6568 9.42543 23.4958 110.754 5.69502 214.584 19.3753 49.0374 0.0057749 55.8
-67.126 0.640769 2.56739 27.6739 0.65603 29.7301 0.769387 13.0054 26.6718 38.4967 40.1356 14.8239 10.6582 37.0631 85.9834 34.7939 98.1508 43.422 66.1093 16.9873 18.7384 26.0687 6.89104 43.5839 118.181 32.815 214.584 12.7026 26.1898 0.0113823 55.3095
-66.9365 0.852646 2.56739 16.5035 9.0102 29.7301 0.769387 26.8524 28.483 27.9204 44.4615 14.8239 5.97721 21.5918 69.4811 29.353 98.1508 34.7507 65.2058 36.9467 42.428 16.3211 28.8294 55.6845 106.936 57.0631 131.916 67.9053 21.4564 0.0131592 57.3907
-66.9164 0.386413 2.56739 16.5035 15.4018 29.7301 0.769387 19.4357 19.0271 25.1201 53.3652 16.788 3.44234 17.9278 65.8785 12.5877 111.009 34.7507 77.6661 30.7057 24.3382 12.5231 34.7615 47.5511 106.936 45.1964 131.916 24.7283 44.3069 0.00986695 54.7469
-67.1863 1.11154 1.43762 13.554 17.8181 27.0659 2.99247 8.93506 19.3415 25.1201 65.2044 20.1648 3.44234 7.62174 50.8156 48.0748 111.009 26.4773 77.6661 14.3582 39.3038 16.1474 23.2069 47.5511 99.899 34.7474 134.87 24.7283 63.3528 0.0138123 57.1057
-67.2178 1.16687 1.43762 13.554 19.0335 27.0659 5.86031 7.71217 15.2842 26.2605 65.2044 29.7792 8.28957 35.0119 53.639 57.2692 111.009 46.5104 42.9247 14.9219 23.448 15.205 42.8436 9.34917 99.899 16.9407 219.806 5.41078 86.6976 0.00871348 54.2733
-67.7163 1.30939 1.43762 19.0754 7.03205 25.2782 5.86031 7.2322 15.3832 26.2605 65.2044 29.7792 8.28957 42.3007 53.639 57.2692 111.009 46.5104 44.9107 11.7682 19.5165 8.95339 49.287 9.34917 99.899 16.9407 319.396 5.41078 103.594 0.00862887 55.7756
-67.6155 1.04855 3.32022 18.7707 10.115 31.0224 0.730978 4.20798 24.5726 20.6184 68.5998 34.6942 5.13869 40.1781 63.4895 55.892 111.009 42.8152 44.9107 11.7682 19.5165 13.9018 40.3971 18.9427 97.7908 16.9407 244.174 11.27 115.442 0.00931522 56.385
-68.0831 0.394423 1.53553 20.0834 21.6955 31.0224 0.730978 2.49343 24.5726 1.85222 63.1775 30.6607 9.53017 60.8732 65.0048 59.6121 80.1511 47.0988 44.9107 22.5259 28.5239 13.5134 32.1347 22.6961 69.0331 56.9316 227.95 100.795 243.129 0.00856826 63.9844
-67.1839 0.435462 1.53553 26.5655 35.3562 11.3601 0.730978 14.841 20.6605 1.85222 62.801 16.0265 9.53017 47.323 47.6807 69.9476 74.1592 73.7712 64.0009 7.03792 33.3581 13.3819 30.0264 22.6961 61.4886 69.5253 227.95 59.3975 135.55 0.0063416 61.1239
-66.4814 0.451693 1.97035 31.8243 35.3562 15.4695 5.61614 1.52836 25.6599 1.85222 37.1538 24.9713 29.0332 31.018 18.1571 72.076 92.9715 93.1548 53.1178 0.711907 16.2288 11.9053 56.1406 25.721 53.8398 78.2379 248.833 60.812 198.83 0.00450645 66.2251
-65.6833 0.363524 3.76609 31.8243 50.1933 13.778 1.72788 1.10539 21.5733 1.85222 37.1538 9.75978 28.1656 34.8054 18.1571 67.2556 113.959 93.1548 37.7822 4.94782 19.8746 15.0538 59.3104 21.9252 55.3889 41.8245 205.147 55.2646 137.839 0.00544133 65.8893
-67.0449 0.445478 3.59798 20.4681 50.1933 15.8975 7.18189 22.8514 24.3942 1.85222 20.9386 28.9033 28.1656 20.7881 13.3318 67.2556 113.959 67.6681 45.5807 0.786686 42.4836 11.0975 55.8098 33.4705 77.7645 69.5346 216.878 59.981 101.459 0.00204677 63.6573
-67.0449 0.367027 10.526 15.976 59.161 9.98924 7.8971 9.25013 25.991 1.85222 13.2558 15.2629 40.118 14.4959 13.3318 61.5316 79.1363 48.1842 63.484 4.6543 38.6874 20.1578 61.9732 37.7059 103.025 69.5346 183.87 59.981 11.7918 0.00246402 61.9686
-67.5108 0.581359 5.89428 19.7548 18.7783 7.35494 7.8971 44.3239 28.5804 10.2638 19.2672 15.2629 45.1887 20.8498 41.0981 98.1639 79.1363 58.9211 34.6063 1.79745 16.3049 20.4781 57.212 7.40237 119.755 69.5346 159.734 11.9404 4.12416 0.0025625 51.6182
-68.8914 0.305488 10.6069 19.7548 24.3013 5.22781 4.16564 44.3239 18.5924 10.2638 8.68745 16.6407 46.8576 19.2424 62.0859 86.5604 71.394 58.9211 56.2724 9.28431 6.2323 7.06692 44.3186 29.0789 111.97 69.5346 184.062 18.391 6.60085 0.00271362 53.0851
-66.2211 0.357746 9.15398 21.1595 13.3888 5.22781 4.99579 41.5564 18.5924 8.23879 28.3241 11.8474 61.5029 19.2424 33.7583 82.1491 73.0017 58.9211 92.8789 12.7424 10.4335 15.9945 40.1824 5.42148 85.2361 69.5252 174.493 18.391 80.6175 0.00297706 54.7258
-66.2211 0.305696 19.7747 12.0083 13.3888 8.13437 3.48299 34.6673 27.5788 8.23879 9.73683 6.65426 66.0978 19.2424 38.8541 81.3717 73.0017 58.9211 92.8789 14.8781 13.1917 16.4075 27.6476 4.69471 87.8994 91.4695 154.248 18.391 86.3602 0.0183037 55.8395
-68.0286 0.284103 7.14654 9.74421 26.7751 8.07696 11.0776 27.9519 24.9764 8.23879 14.5208 6.65426 69.4537 2.37844 20.3324 99.56 82.6494 59.5523 86.1125 3.4328 12.7566 22.4541 7.90088 94.3235 57.6572 96.5489 73.721 56.8966 53.2895 0.0167949 54.4312
-67.1622 0.208056 6.56703 4.33005 27.8634 12.5051 11.0776 24.4935 24.6372 8.23879 15.4649 6.65426 69.4537 33.7456 20.3324 65.1038 81.0985 69.0959 86.1125 16.8132 14.2302 26.9582 5.43723 87.277 44.522 108.122 79.2966 119.521 108.906 0.0231305 53.099
-66.2981 0.356482 7.94785 8.64085 24.4703 10.0275 8.37169 19.7438 35.4138 8.23879 15.4168 21.1821 48.3004 33.7456 20.3324 65.1038 106.728 69.0959 61.6295 20.8097 15.551 18.8409 8.84423 64.5059 31.9935 196.257 90.638 30.9477 49.842 0.0286286 52.2785
-67.6269 0.127272 8.18861 4.17534 23.8048 10.8231 10.1735 20.3686 36.3809 15.9312 15.3483 26.1313 48.3004 33.7456 13.1856 85.5013 106.728 69.0959 55.7321 16.4893 19.1483 18.8409 3.53483 47.9487 46.7557 180.441 40.6437 31.5137 46.2414 0.00940853 53.003
-66.6097 0.189715 10.2927 9.28087 1.6311 9.74039 9.84333 29.6469 28.7872 15.9312 15.3392 26.0931 48.3004 48.4873 1.5941 80.5713 67.9697 93.152 70.9719 16.1983 23.398 17.3832 5.03972 70.7705 46.7557 195.029 5.10548 33.5801 134.736 0.0112541 53.3085
-66.2038 0.193215 10.2398 11.1488 4.62607 6.77125 12.6067 35.399 42.2916 15.9312 15.3341 23.804 44.3525 49.1495 35.3711 68.7521 66.2708 93.152 42.2509 0.288697 27.5035 17.3832 4.87837 69.145 46.7557 208.931 1.83902 45.6702 147.768 0.0112541 59.4502
-66.2038 0.28566 12.9199 0.46364 9.79563 6.77204 12.8199 35.399 33.2224 15.9312 15.3861 24.3242 41.2151 44.9401 23.1155 66.8784 91.654 93.152 42.2509 15.6017 26.468 13.8996 25.0748 55.1362 25.0631 207.334 1.83902 50.2588 32.1533 0.00209127 51.876
-67.8585 0.306 7.90663 0.46364 3.23774 6.23667 17.3943 35.399 29.0951 41.9549 15.3233 21.9693 29.7295 26.7006 28.7301 88.1443 91.654 57.1487 64.9066 10.7118 34.6931 10.415 29.1166 49.3404 25.0631 226.219 1.83902 57.6548 4.61973 0.00209127 52.0357
-66.1363 0.427093 12.9432 0.46364 3.23774 2.17877 16.4886 35.399 35.9522 9.92459 15.3361 24.3444 45.3258 26.7006 9.99112 85.0996 90.1182 36.3035 79.4869 3.59638 34.6931 10.415 36.2684 70.5943 37.1178 232.419 36.979 84.1468 70.8781 0.00209127 56.1685
-68.9517 0.562538 21.2136 0.46364 3.23774 10.9505 25.566 49.8685 38.5508 10.1042 15.3172 28.6676 26.6703 26.7006 9.99112 50.2942 90.1182 35.8271 79.4869 20.4312 28.4374 22.8061 25.3738 70.5943 76.4307 151.602 36.979 124.06 5.25992 0.00524167 59.5399
-66.2862 0.372452 21.2136 2.35592 0.588774 7.87915 28.8801 49.8685 21.5151 37.1458 15.32 30.675 6.62667 26.7006 63.5138 22.6312 90.1182 35.8582 107.565 47.3248 24.0169 3.95587 26.5952 20.87 52.27 176.845 82.4942 189.036 82.7477 0.00108117 55.5187
-67.8025 0.556264 21.2136 0.305705 7.47318 7.87915 24.335 49.8685 17.7148 37.1458 15.3198 30.2751 6.62667 26.7006 64.9333 22.6312 90.1182 37.3849 107.565 41.9722 27.3879 6.72186 30.1843 3.92708 54.4011 197.865 56.2645 64.6907 75.2722 0.0118825 52.3213
-67.5498 0.798647 21.2136 0.305705 7.47318 9.93332 24.335 49.8685 16.12 37.1458 15.3209 31.2542 8.36574 26.7006 58.1502 22.6312 90.1182 39.4916 107.565 10.3187 43.1935 7.94958 31.5701 13.3079 62.8502 192.662 8.23505 55.0968 21.2894 0.010339 51.1102
-67.3593 0.89403 21.2136 4.68523 3.2669 13.3409 18.3238 46.4474 21.7611 32.1384 15.3181 26.7316 6.66282 19.5068 52.0119 40.4736 107.639 40.1647 45.0438 15.4724 43.1935 10.7557 49.0524 27.7076 65.8433 220.541 25.5255 52.3559 43.3009 0.0168778 52.4295
-67.2979 0.904718 18.4011 15.7976 6.143 15.9314 4.23946 48.8023 22.0408 32.1384 15.3212 35.4449 5.60861 19.5068 55.0674 50.0065 108.002 43.3334 45.0438 12.9137 40.8695 9.04764 49.0524 43.1262 44.673 172.182 67.0071 28.5623 80.7984 0.000489536 49.1027
-67.2847 0.708276 19.1711 17.0279 5.33765 15.804 3.65994 48.8023 22.2414 32.1384 15.3225 29.6468 10.7835 46.3793 17.9177 50.0065 108.002 33.2487 51.2375 14.9475 2.91886 21.3095 30.6678 105.952 51.7094 193.939 30.0068 148.433 47.9163 0.00657095 53.4297
-66.7941 1.50621 19.1711 18.7787 5.33765 22.5631 0.181905 40.8021 22.8885 32.1384 15.3227 29.243 9.43157 43.4171 53.8508 61.5902 71.6299 35.9057 85.1185 5.93637 4.15697 35.3969 12.2421 8.32142 115.884 166.884 49.5108 189.364 36.0819 0.00601803 58.2462
-68.221 0.771922 16.0014 14.298 4.99178 19.4743 3.86641 40.8021 22.8885 38.3657 15.3225 30.3817 8.99893 43.4171 45.7747 71.5664 71.6299 34.5593 85.1185 11.3348 4.15697 35.3969 14.9576 8.32142 115.884 166.884 39.838 102.026 36.0819 0.00668285 52.1657
-66.786 0.538774 18.1835 15.0363 2.31553 20.7235 3.86641 40.8021 22.4239 38.3657 15.3211 32.6374 9.712 39.7487 45.7953 79.1487 71.6299 34.3831 82.8413 14.249 3.44551 34.2883 11.4492 19.5328 115.884 71.6329 98.1067 102.026 78.2793 0.0019955 52.8701
-66.8031 0.919548 19.6758 3.70278 5.70528 27.8408 7.38487 36.4615 22.9776 57.3326 15.3219 32.4819 9.58046 50.7782 33.4294 63.0088 51.3886 36.4333 85.1208 19.776 13.9358 23.4185 3.11245 47.8625 92.8759 90.541 121.722 61.2512 21.029 0.00420425 56.2395
-66.8031 0.361169 19.6758 3.70278 5.8405 25.9558 8.40799 44.5702 15.208 57.3326 15.3194 19.6065 9.55815 36.2585 33.4294 63.8433 51.3886 36.4333 85.1208 26.1853 19.248 40.8258 6.69005 47.8625 67.0665 170.471 95.4018 50.7959 37.6847 0.00242277 52.1833
-67.0017 0.485418 13.5654 10.2407 4.46439 24.8995 15.6121 41.5347 19.7018 61.8264 15.4626 4.42257 9.53066 40.1015 50.2231 63.8433 51.3886 37.1913 70.5465 28.588 23.7002 50.457 8.45438 49.1027 63.5394 164.816 32.1812 77.4078 109.997 0.00205315 52.9463
-66.0389 0.464731 11.9755 5.86081 4.46439 22.7437 17.4035 32.5009 18.0045 69.5769 17.4484 10.9969 9.53841 48.0717 31.4738 66.5038 51.3886 37.1326 70.9168 39.1296 35.4703 59.7426 8.27406 13.993 63.9649 176.07 29.1135 25.3349 176.034 0.00107496 52.0908
-66.5298 0.464731 13.9962 5.86081 3.53872 22.1811 8.58943 29.9841 21.5173 74.8962 16.4186 7.28525 10.2922 47.7402 31.4738 66.5038 51.3886 36.4333 70.9168 35.2248 48.5874 52.5762 4.75601 33.6821 65.1892 159.158 34.9562 10.4786 112.199 0.000523027 54.7391
-67.0125 0.64569 14.5349 7.06859 9.60686 24.0805 10.2953 20.992 20.7543 64.8449 59.9093 5.54824 9.48557 47.1548 44.8653 30.7977 57.823 31.3696 67.0467 17.1532 35.4935 44.5681 3.64265 71.1474 54.0347 99.3137 155.379 26.4882 38.3632 0.00245631 53.1756
-66.7388 0.0395941 11.2422 8.64078 5.64425 28.5538 4.18103 15.4297 35.397 82.2461 15.3248 11.4072 5.84475 47.5198 59.0735 30.7977 57.823 33.3175 35.3476 23.9755 58.8285 32.6854 9.0862 84.8221 62.4386 117.654 119.148 72.397 14.6104 0.00128491 54.139
-67.3223 0.138043 10.3799 12.8307 6.84235 21.644 8.63967 20.1869 25.9481 82.2461 12.3447 14.8468 3.02203 46.5977 98.2918 37.1481 58.2497 25.1885 39.0369 31.9723 46.6045 22.6081 15.8851 76.05 45.8911 48.6582 182.122 128.2 11.9705 0.000421766 53.5991
-67.307 0.178798 12.5487 10.3689 8.46756 16.3917 9.2364 9.80885 42.536 79.7886 24.2252 13.5436 3.02203 75.1421 82.614 36.4453 58.2497 31.145 49.4769 23.7909 34.8347 19.4858 12.1923 64.3667 47.9524 59.3345 180.085 133.284 25.6779 0.000421766 57.9574
-67.4218 0.641766 6.67333 12.4263 8.51324 24.6629 9.11771 4.55083 17.3495 60.0509 52.2525 5.86017 3.02203 65.1941 114.173 55.081 58.2497 33.2048 24.1657 23.7909 39.6268 18.9392 10.7388 61.6652 46.6782 70.076 180.085 133.078 15.8626 0.00252606 53.9143
-67.035 0.809183 18.4903 13.2492 7.96977 13.8766 10.844 11.4216 6.29061 52.3982 54.8805 5.87722 3.61286 57.5826 131.088 55.081 47.0026 32.8535 16.0635 15.2833 9.99955 37.3828 48.11 59.0564 47.4159 77.7593 129.089 133.362 40.5117 0.00195372 56.219
-67.0944 1.95759 23.0968 10.7462 4.582 12.2019 7.15937 17.0267 11.1219 52.3982 54.8805 3.66393 9.66303 72.1138 131.088 74.0995 47.0026 21.1328 7.85464 14.856 8.32026 18.6662 48.6393 62.1771 29.9136 77.7593 189.242 133.899 16.8872 0.000876206 56.7022
-67.6109 0.869651 23.0968 12.4634 4.60202 12.2019 9.46204 10.0772 16.5846 52.3982 47.0032 4.63707 11.2011 69.6941 131.088 74.0995 49.8949 21.2418 11.1675 22.0732 7.23757 16.3063 48.6393 56.279 29.9136 49.7498 234.91 52.2953 45.5423 0.00332184 54.6826
-66.9294 0.711792 23.0968 6.71929 5.73673 9.21545 14.8791 9.85721 16.5846 52.3982 42.6961 5.95026 11.6271 73.3275 131.088 79.4484 49.8949 21.2418 7.88839 22.0732 3.09796 13.8031 48.6393 56.279 63.8356 35.4346 202.288 52.2953 14.6995 0.000426949 51.5772
-66.7385 0.762851 20.9607 1.89055 3.92105 7.35117 26.605 18.8809 16.5846 42.6416 37.3746 16.2096 15.2064 73.3275 131.088 79.4484 49.8949 19.9996 7.88839 28.6696 10.3699 2.92279 10.2453 56.4124 70.0627 59.3503 232.729 5.94384 3.51785 0.000426949 51.666
-67.3822 0.171846 14.5492 16.0156 4.43042 7.86522 15.6179 54.4729 16.5846 52.3476 0.785146 25.0019 16.6234 73.3275 131.088 65.9335 49.8949 19.9996 1.0263 32.1376 10.0773 16.5312 20.0695 54.5084 70.4311 63.0121 223.97 29.831 37.4667 0.0170465 55.4794
-67.1908 0.0528055 21.0147 9.32937 1.43665 5.72223 11.0931 54.4729 16.5846 72.5562 11.9749 29.723 8.78131 116.593 71.1826 72.1024 44.7343 16.1413 1.0263 34.0356 7.12536 6.78777 25.807 52.62 79.5486 95.7227 163.826 14.838 38.2826 0.00050905 56.4914
-67.0996 0.435714 30.2442 1.80532 9.34743 4.90229 3.86594 54.4729 10.9157 36.757 15.9189 27.7314 10.7121 116.593 96.3521 72.1024 48.5003 18.3682 1.0263 10.976 7.12536 25.1726 25.0339 50.6958 81.7713 118.558 144.104 50.645 41.8951 0.00050905 53.3389
-68.3128 1.05597 31.4287 13.0124 7.4521 6.57466 8.2594 44.6771 12.0044 35.4541 21.7611 20.2384 12.3956 133.459 76.4936 67.5869 33.1164 30.9299 7.15562 11.3536 5.63491 18.9806 29.2769 50.0599 67.9461 112.855 120.482 37.392 25.358 0.00050905 50.4231
-67.2882 0.905614 32.7505 6.72272 6.53293 3.27488 8.2594 48.0621 21.4602 15.0675 18.8293 24.0606 16.9212 150.681 76.4936 67.5869 33.1164 30.9299 7.15562 45.1411 5.63491 16.5786 15.2584 54.1578 41.271 138.135 122.486 53.0463 29.4098 0.00050905 50.2353
-66.953 0.527891 22.3521 9.87058 6.20148 13.4383 14.4347 78.4866 3.75758 23.9518 18.3549 1.79356 8.71744 171.902 50.6863 67.5869 36.498 17.7792 13.0392 30.1972 2.73303 3.91853 15.2584 99.5305 43.8042 107.921 145.174 15.6026 34.3097 0.00303539 52.0725
-67.3021 0.0973011 22.4898 9.87058 6.27572 10.6038 14.7091 65.2682 10.2095 38.0803 18.3549 3.47265 19.0442 176.797 42.211 63.9472 36.498 17.7792 13.0392 28.9771 5.91164 5.52374 12.4796 67.7063 74.5548 79.5217 163.426 54.1795 25.6117 0.000438764 51.0541
-67.1325 0.731532 18.0754 10.259 3.66116 10.6038 13.8415 65.2682 10.2095 27.9229 18.9535 3.47265 19.0442 176.797 42.211 65.5965 36.498 22.2139 13.0392 30.8351 5.55916 13.3867 6.73487 67.7063 77.8822 77.7558 163.426 54.1795 24.1416 0.000438764 51.9265
-67.4539 0.996515 32.2594 10.259 3.17527 11.1214 8.43459 65.2682 10.2095 1.67685 29.3301 33.8679 14.0506 176.163 42.211 66.8796 36.498 7.09324 13.0392 40.3937 6.11348 13.3867 6.73487 67.7063 51.5433 124.552 138.169 52.3096 27.2791 0.000438764 51.1962
-67.4539 0.996515 32.2594 11.1241 3.17527 8.36552 8.43459 65.2682 10.2095 1.67685 29.3301 37.2565 12.0129 179.72 48.0047 66.8796 36.498 11.2595 3.5623 34.6902 5.75959 16.9322 29.4924 46.4028 44.5537 124.552 116.731 52.3096 56.489 0.000438764 50.8509
-67.029 0.259352 32.2594 7.68781 3.17527 9.20676 8.43459 50.8944 9.70091 4.3815 31.0643 42.2306 12.0129 167.477 41.0564 85.9464 36.498 11.2595 8.15549 34.6902 5.78603 18.1147 35.5874 49.1149 46.0031 105.488 145.741 52.3096 22.9728 0.00092823 50.7887
-67.9145 0.177819 21.1497 4.69041 3.35187 28.6714 8.43459 44.5022 10.4763 20.4744 35.4553 35.9948 6.84399 44.6483 111.353 85.9464 24.1265 8.25487 23.7048 31.6574 5.15861 8.1812 25.7585 47.411 91.577 132.623 126.73 29.0198 14.525 0.0096087 56.6855
-67.9145 1.21391 21.1497 7.68223 1.25811 24.9079 8.59305 32.3027 10.4763 19.1748 36.9917 35.9948 20.915 42.8276 134.004 71.1548 21.9349 8.25487 22.5767 55.3685 5.36683 7.18157 34.5251 47.5277 94.6997 127.888 84.1114 9.76246 31.0799 0.0112171 52.2033
-67.3652 0.327591 20.3405 6.77436 4.57118 21.6912 8.59305 13.9986 11.6912 15.9675 41.9805 39.9177 20.915 37.4189 134.004 94.5577 21.9349 11.8468 32.2178 74.8932 5.72644 5.71442 27.7518 46.8586 56.6979 115.202 78.9542 9.76246 33.2819 0.0206344 52.3523
-67.3744 0.41744 1.30508 12.366 4.89743 11.8916 32.8263 5.56348 4.11043 20.6238 37.9742 45.2921 23.9384 41.2461 202.549 65.5188 11.317 11.1699 19.7795 34.5698 6.018 34.1473 22.668 45.0506 60.7654 129.163 103.577 82.6732 25.5469 0.0131038 54.4082
-68.0152 1.43547 1.72013 13.8565 4.12387 10.3929 26.8144 12.4986 2.34223 35.5411 50.8214 47.3598 11.8353 35.3287 151.512 113.845 11.317 12.0505 21.5226 34.9519 7.32272 25.5205 21.3502 44.7844 59.4638 143.755 57.1087 115.046 124.533 0.0432102 57.3869
-67.1603 1.35032 7.52224 13.8565 7.22395 10.7696 24.049 18.1505 3.61244 12.5894 51.8874 45.1191 11.8353 38.8359 155.487 113.845 11.317 10.9854 22.4755 32.7809 22.0671 25.0369 14.4543 43.1475 37.2089 150.182 70.7713 105.113 54.3652 0.0583086 56.9482
-67.0769 0.3714 7.15923 20.8495 2.61421 9.58149 24.3983 24.5872 9.07087 18.0765 51.8874 21.7982 11.8353 38.8359 155.487 113.845 11.317 11.1073 26.9156 31.3554 31.3858 23.0417 17.8297 24.9954 67.7986 159.701 72.2902 123.603 16.8361 0.00396266 50.4098
-67.1703 0.736612 1.94577 21.2773 24.5917 7.87016 3.51791 23.7392 9.87624 23.4685 51.8874 21.7982 12.7288 38.8359 155.487 113.845 11.317 10.7432 26.6787 34.9889 19.6186 31.8477 15.2745 24.9954 55.7908 158.484 88.5323 117.258 47.6993 0.00344881 51.0945
-66.8247 1.10561 13.4966 11.0436 24.5917 7.09391 4.69482 30.7818 9.7396 20.7584 51.8874 11.8781 34.6846 28.9031 118.422 113.845 11.317 9.53321 28.8636 35.8014 6.39376 53.2511 9.6108 24.9954 65.3887 164.763 96.0778 117.258 73.228 0.00179246 54.9507
-67.7899 1.53599 13.1741 5.67925 26.4815 9.59649 5.57758 51.6062 16.7978 12.1119 44.6762 8.58833 28.1323 57.8433 111.502 102.353 6.16959 3.94567 30.1909 31.7326 12.7628 53.2511 8.72249 22.0442 58.4471 197.142 75.9278 109.958 16.6478 0.00380996 56.1557
-67.6394 1.13714 7.583 7.07417 27.1789 15.1194 5.90254 51.6062 21.9058 4.93458 41.9762 47.9897 12.4819 57.8433 89.9237 87.8689 17.9109 3.5486 24.1181 7.60234 25.2665 51.305 17.7614 51.9462 52.9436 197.142 32.5823 78.083 30.0692 0.00222332 54.2844
-67.2375 0.535356 5.72129 7.3479 24.88 14.7869 8.65453 52.1635 15.6474 9.7095 55.1273 28.6884 1.81585 82.5829 82.2011 119.551 26.3692 7.71356 20.0276 2.1892 51.1532 20.4235 12.168 53.0826 50.9812 215.223 13.7311 89.755 83.0442 0.0000145356 53.4507
-66.612 0.795513 2.78882 9.33588 15.1991 14.7264 8.65453 51.8216 15.6474 9.7095 42.5253 18.82 32.3043 82.5829 85.5898 119.551 26.3692 3.59075 20.0276 2.1892 38.4755 17.7385 15.4143 45.0695 50.9812 215.996 20.0902 107.32 26.9238 0.00250515 52.7403
-66.7861 0.800041 1.34293 10.0624 14.2654 5.51038 4.57296 51.8216 26.4597 15.9606 30.2274 7.62395 37.8326 53.0976 98.8891 112.403 26.3692 7.59423 58.9331 3.65522 43.923 35.0657 20.5655 34.3897 44.2386 147.035 108.099 76.2042 90.5857 0.013058 54.0358
-66.7577 1.12285 2.4183 6.5553 13.9699 5.51038 8.14284 49.2799 30.5083 15.9606 34.0687 3.14663 37.5926 42.9077 75.38 112.403 26.3692 4.995 62.7927 7.46946 47.5332 30.8854 19.1085 52.7632 50.1157 148.82 103.296 49.8263 26.1287 0.00749256 53.7073
-67.267 1.1829 3.57035 11.579 12.0015 7.09981 7.07449 61.0674 32.6164 17.6095 37.4778 6.57202 25.3418 36.3634 82.8077 79.0234 26.3692 5.46124 74.0582 17.2244 31.1731 14.8809 22.8722 52.597 87.1471 127.106 128.113 6.41334 165.551 0.00749256 55.3872
-67.267 0.227427 3.04949 18.8228 8.41653 7.09981 1.77257 61.5157 21.9735 27.4593 22.5789 5.59376 33.3975 45.6332 79.9692 102.157 26.3692 5.42359 91.3211 5.18669 37.6263 6.47713 22.8722 29.9462 96.0125 106.977 149.578 6.41334 90.126 0.0124333 53.9564
-67.1878 0.845622 16.2881 7.03001 9.06939 7.09981 1.46781 41.8833 27.2379 27.4593 9.46365 5.66933 49.9164 45.2803 93.8336 100.409 30.3472 5.45822 91.3211 13.2361 17.3884 2.79389 29.4152 33.9833 89.5017 112.787 95.0334 6.41334 90.126 0.0103945 52.3215
-68.1341 0.845622 16.2881 7.11528 7.49265 7.09981 2.52243 41.8833 27.2379 27.4593 9.46365 5.10195 49.9164 45.2803 92.1325 100.409 30.3472 5.44669 90.9113 0.428306 21.7639 2.79389 37.1492 42.6129 89.5017 112.787 79.9911 24.1704 90.126 0.0102941 53.662
-65.9772 0.494461 6.51324 7.11528 7.29078 7.65212 3.22576 44.2576 27.1211 35.5124 9.46365 3.26279 49.8194 45.2803 95.741 100.409 30.3472 5.46752 85.4682 21.0932 28.4946 6.89731 37.1492 42.6129 75.7461 143.207 95.3786 14.3857 68.8034 0.0102941 55.4373
-66.8433 0.503419 6.8779 0.700469 6.46896 7.81873 5.48663 44.2576 15.4828 49.1855 9.46365 15.242 41.674 45.2803 111.274 90.3155 30.3472 5.477 58.0403 25.0909 20.0887 7.99934 52.608 30.1315 77.4407 132.551 97.0387 43.2173 38.4795 0.0102941 53.4033
-68.0819 0.632719 0.866027 2.0613 8.28438 6.85132 5.48663 44.2173 15.4828 48.6303 9.71523 18.8787 61.9469 89.1131 104.798 53.7369 29.5862 3.99624 48.8046 20.9456 18.6612 12.5836 56.3639 31.7969 61.6636 114.36 99.7494 43.2173 38.4736 0.00689842 54.8719
-67.0622 1.23782 3.86751 7.11078 8.5379 5.02588 3.27521 29.7119 19.5088 48.6303 8.21665 25.9196 61.9469 73.3442 105.123 37.5906 36.1331 22.5594 58.3057 22.4027 17.0826 5.7087 64.7077 15.3968 79.6034 114.36 99.7506 42.0352 50.4889 0.00471064 53.1989
-67.0622 1.03932 5.72974 6.07486 2.46292 5.02588 3.27521 25.5917 19.7611 47.5095 19.6657 23.9509 66.535 116.62 102.974 9.81312 25.1797 42.4853 6.6129 12.5797 12.0905 45.7343 64.7077 10.8483 103.648 107.422 99.8508 17.1828 6.94329 0.00645175 55.1489
-66.1403 0.419342 8.29641 6.07064 15.5512 8.32302 2.33833 27.7406 11.1594 35.019 19.6657 23.9509 49.1812 116.62 68.3592 11.9581 49.0729 63.8858 6.6129 50.7896 27.0994 5.54231 63.6658 20.6772 107.974 93.0494 99.731 118.317 50.4845 0.0127627 60.0703
-66.3954 0.488712 9.1821 7.48586 15.4621 8.32302 4.15939 27.2565 20.3306 24.3483 19.759 32.7017 57.7414 15.8079 64.5769 5.06659 138.468 58.499 12.4199 43.4939 22.437 5.54231 35.2178 32.7913 107.974 40.1555 88.9736 56.6157 46.6766 0.00787041 60.5319
-66.9677 0.462914 7.5161 4.13168 13.1501 1.58603 11.3222 31.7552 16.4611 18.3672 8.90593 33.7193 57.7414 27.8895 53.4809 31.0304 138.468 32.4604 17.0128 76.0447 29.6769 5.54231 30.8391 11.5527 88.8034 142.283 92.9082 60.8051 79.462 0.0102274 54.6177
-67.2557 0.337842 7.48974 5.83157 13.9267 3.40116 1.78496 34.2 19.7668 23.3321 20.6019 34.4013 59.9282 32.9724 34.5927 26.2968 134.587 48.2165 39.5426 64.098 7.45826 12.2071 30.7977 10.9068 70.8694 161.354 93.2222 75.5128 10.1238 0.000538227 50.7232
-67.4326 0.509606 8.539 6.27572 21.086 3.40116 1.78496 31.9242 5.58189 23.3321 20.6019 36.8509 59.9282 32.9724 34.5927 57.5635 134.587 36.4526 47.7194 69.5935 7.7243 15.5266 22.9542 7.10032 58.4431 145.128 91.7957 61.4649 19.6301 0.00388786 51.7692
-67.4326 0.0206338 8.539 3.7928 18.1464 2.63097 2.0225 32.8379 10.0799 23.0461 20.6019 36.8509 59.9282 32.6541 8.28761 57.5635 160.216 36.4526 47.7194 69.5935 6.39663 16.6372 20.7213 10.2542 62.1277 139.966 92.1872 61.0722 1.8378 0.00357959 54.2946
-67.7869 1.21612 8.539 3.49279 19.2207 2.63097 1.46438 31.6728 18.5366 28.665 20.6019 20.4266 65.4697 25.6179 14.0268 57.5635 165.45 36.4526 45.0276 49.8095 3.01871 22.6771 21.8066 11.424 70.5885 122.46 92.064 76.8356 1.8378 0.00353799 53.0515
-68.3808 0.863618 13.3414 16.5209 8.99258 2.63097 8.32022 1.51719 13.1163 39.0011 30.813 21.4573 53.3532 9.6954 14.0268 82.9599 145.579 61.1765 14.2116 49.0278 37.6003 24.8499 13.4945 28.3999 49.9175 175.949 49.554 41.4699 35.4792 0.00225096 54.4913
-67.9544 0.865204 13.8374 21.6288 7.38986 8.48798 13.2153 7.81601 5.86184 36.4417 31.1924 14.6945 66.6996 9.6954 2.86699 81.2788 145.579 73.8076 7.38347 34.1392 29.3771 20.9638 10.3576 23.3567 78.7783 209.32 54.8904 34.6938 20.4994 0.00624211 59.3753
-68.5824 0.901066 22.7861 20.1188 7.83338 7.21034 1.45742 9.29232 12.0615 40.6448 45.8302 12.9126 79.3415 16.4663 2.86699 65.7218 137.336 71.0445 7.38347 7.92511 5.41218 20.6408 10.9956 24.566 77.5159 202.079 86.5449 32.9402 93.9419 0.0095383 65.6424
-67.288 1.04414 1.95016 18.8626 13.7193 8.83153 9.38489 17.3959 22.6236 2.88982 29.6822 19.3213 79.3415 47.3817 9.12783 33.713 122.448 71.4257 7.25988 26.3095 34.4133 33.7638 9.33797 48.391 95.8348 145.84 31.0749 17.6156 91.3314 0.0257299 56.7281
-67.3941 0.936097 2.71554 11.5354 6.32194 5.85246 0.506849 33.3491 35.3889 8.17694 10.9705 8.43617 125.533 71.0202 6.21723 36.6181 94.5028 59.208 8.88796 13.5216 35.7725 44.5756 9.67306 48.391 95.8348 139.83 87.6496 2.47323 21.4311 0.0085857 58.7654
-67.48 1.73096 5.00902 12.976 6.32194 2.10091 8.02827 29.1711 45.3458 4.70815 14.2865 11.5712 89.7478 57.4799 25.3999 42.0646 77.3031 125.072 6.15117 10.0616 37.3582 26.6701 10.0296 32.6866 78.0782 116.245 116.391 11.4736 17.5976 0.000763916 53.0844
-67.496 1.17908 3.03901 8.1911 6.32645 0.662527 8.85506 29.1711 45.3458 9.30551 11.2688 10.9316 89.7478 61.9375 11.8678 41.9314 86.468 127.916 18.5779 10.0288 59.9339 6.67909 7.85886 43.3903 54.5608 124.394 71.2677 14.6655 36.8179 0.00699702 53.889
-67.4811 0.735109 3.39573 8.1911 6.10763 6.43524 5.34016 32.8295 45.3458 9.30551 11.2688 10.9316 67.0169 62.9434 11.8678 27.4281 92.6187 126.65 39.4819 9.86242 49.606 32.465 10.8468 30.272 48.2758 123.425 152.504 32.8602 36.7268 0.00148081 52.1481
-67.5636 0.0888089 3.39573 21.5706 5.03863 0.754158 31.6786 29.5185 23.773 6.64489 11.2688 14.1101 67.0169 51.55 25.1023 3.2898 92.6187 126.65 49.867 10.0773 46.5695 36.7718 2.34233 33.9384 47.2066 122.001 126.602 2.19187 49.0761 0.00186255 52.738
-67.6738 1.1653 15.4745 13.4225 6.14313 1.3345 25.7572 26.7759 26.7066 6.64489 11.2688 13.0997 67.0169 51.55 25.1023 3.2898 92.6187 126.65 49.867 9.57677 46.5695 36.7718 2.93335 25.5677 56.0071 107.544 126.602 1.44494 31.7882 0.00318176 52.6458
-67.5636 0.984978 11.0767 8.24019 6.20044 3.67423 23.8467 34.2053 30.6998 2.48327 11.2688 11.8546 66.0182 66.7467 25.1023 3.2898 80.7298 126.65 47.7417 19.2999 40.0349 36.4857 4.29788 25.7272 57.742 135.732 94.8521 49.6893 68.6532 0.00623461 53.3917
-67.5403 0.31871 12.9048 9.61831 3.07792 15.2961 21.9402 15.1679 46.056 15.2393 11.2688 12.8826 46.5537 55.1837 25.1023 21.3206 80.7298 46.4898 80.1137 34.1515 47.3174 32.6898 5.36316 44.6724 72.645 145.85 95.3073 123.297 52.4714 0.00745662 52.8714
-67.4789 1.03554 10.8232 9.61831 9.3282 15.2961 20.5737 31.7208 46.056 5.97414 10.823 8.88734 53.5495 55.1837 25.1023 21.3206 80.1386 40.6817 71.738 45.7472 49.3827 32.6898 8.54034 44.6724 63.7671 106.062 124.357 48.3036 25.2878 0.0134527 51.1485
-67.5368 0.062158 10.4813 3.11632 11.2087 25.7145 20.3315 31.7208 37.9008 2.85743 10.823 12.8351 55.6456 55.1837 25.1023 21.3206 78.1377 55.9547 71.738 35.2239 52.0374 32.6898 8.54034 33.6564 70.0994 106.062 124.357 48.0782 100.535 0.00881004 55.2904
-67.5383 0.969526 6.06609 7.04253 15.3675 21.3058 15.0251 31.8693 37.9008 5.90553 10.823 19.7219 56.4228 37.3716 60.6395 18.1844 86.5813 55.9547 92.3142 21.5048 33.7491 7.02117 15.2584 38.1922 66.2554 97.2267 137.404 16.6066 105.435 0.00366253 52.7942
-67.5383 1.89555 4.84398 0.370674 12.6462 24.8404 10.9475 26.4439 37.9008 8.90268 10.823 31.3096 56.4228 16.3428 60.6395 18.1844 98.954 55.9547 92.3142 15.5129 28.2267 15.1698 5.7035 41.9225 77.5832 82.0124 156.934 16.6066 90.1755 0.00186334 54.9804
-67.5389 1.5617 8.49494 0.370674 4.1968 17.1227 5.51496 19.9505 71.1229 9.32335 10.823 40.3873 30.8355 3.39827 65.0126 18.1844 98.954 75.6935 84.5473 11.7732 12.8443 37.8292 5.7035 39.1853 77.4121 85.5416 156.934 62.5436 37.1026 0.00586258 53.8747
-67.54 1.06954 8.56288 1.74584 4.1968 16.7316 7.04506 40.5822 53.4581 9.63102 10.823 40.3873 30.8355 3.39827 43.4432 18.1844 98.954 75.6935 105.845 14.7756 43.6849 32.86 1.51519 28.6291 76.1575 96.1234 156.934 54.8275 70.9723 0.00586258 52.3112
-67.54 1.06954 11.545 0.492675 4.1968 11.4812 7.04506 40.5822 53.4581 9.63102 10.823 40.3873 33.0865 12.6025 37.8748 19.3014 98.954 75.6935 105.845 18.5867 43.6849 23.6468 1.51519 28.6291 74.4815 93.1399 149.152 52.0898 40.9535 0.00586258 51.9728
-67.4995 0.28443 12.2968 2.55122 4.1968 18.51 5.89657 21.5963 48.3123 12.8237 10.823 23.6913 45.4169 9.67155 37.8748 19.4205 136.859 76.2082 80.2422 7.95281 27.0784 42.2993 4.41244 24.0953 76.7943 105.991 149.152 48.6383 37.6517 0.00400423 51.6568
-67.4961 1.09712 6.10066 3.2168 3.35634 10.6536 4.32849 35.8787 44.5568 18.2298 10.823 33.8187 51.0623 10.6223 24.0549 0.597455 168.62 116.545 21.6481 9.8149 29.0465 61.8449 9.7678 4.32604 64.9613 218.489 15.3863 43.2013 183.292 0.00616513 56.3151
-67.4947 0.922228 0.0313307 2.05356 2.7871 10.6536 4.32849 35.8787 48.3202 19.4034 10.823 33.8187 51.0623 5.51429 24.0549 2.66556 168.62 116.545 24.0783 13.628 26.9479 53.9326 15.3577 20.4385 63.5521 153.178 55.703 55.0714 183.292 0.00387097 59.4568
-67.4128 0.763187 0.641064 0.399129 6.56477 29.0806 1.75694 25.9876 21.5496 19.9813 10.823 34.6188 58.6831 6.17511 33.7322 2.66556 168.62 116.545 25.6251 3.93869 28.2359 47.6252 17.4314 26.0175 63.6366 130.836 65.2701 20.433 136.152 0.00819607 54.9841
-67.3587 0.736753 0.778485 0.399129 6.56477 20.8562 1.75694 27.1361 23.3605 16.573 10.823 43.8732 58.6831 8.72404 33.7322 2.66556 168.62 99.0038 43.4639 8.83889 28.3935 47.4774 12.6853 27.7246 63.8408 155.096 21.5258 72.8731 51.7618 0.00198969 53.612
-67.2853 0.762016 0.911354 5.69957 6.48839 16.7519 3.34218 17.4895 22.8248 16.4315 26.7193 22.2472 58.6831 9.63089 43.7252 2.66556 168.62 97.4263 43.4639 8.83889 31.446 33.8313 12.6853 49.1195 62.2479 169.025 19.9309 25.7722 17.8468 0.00198969 51.8814
-67.5407 0.646142 0.883054 17.0963 10.3504 3.87132 6.98544 8.88829 34.4852 5.9457 26.7193 29.4361 64.5762 22.753 31.0985 9.71464 130.769 80.9658 28.1498 22.5087 31.1296 45.8423 16.9698 62.8349 60.4284 187.716 25.4517 28.0093 21.1376 0.0114146 52.9803
-67.0496 0.646258 1.41488 0.936439 5.17672 5.45851 11.0241 10.1657 38.2277 5.10388 15.5345 36.0366 74.5865 22.2157 8.01664 9.58623 117.6 117.143 44.5644 24.0765 36.9226 49.9934 16.0303 27.4105 58.8743 179.54 33.6312 31.496 36.7067 0.00722193 53.9607
-66.9291 1.05488 3.40883 16.2094 6.55938 3.9175 9.78233 8.96095 38.2277 15.9743 17.8763 29.3979 74.5865 9.90862 12.5777 13.082 95.1595 125.824 48.1903 23.4481 45.6864 49.9934 11.5951 27.4105 63.0323 127.332 68.3063 48.2814 26.3753 0.00328919 51.1976
-67.512 1.01031 4.30249 14.7301 4.51447 3.9175 10.1628 9.32979 38.2277 17.5228 26.7265 21.1161 74.5865 5.97269 30.2617 13.082 94.2104 125.824 29.306 27.6986 45.6864 49.9934 17.2273 26.8027 65.7944 122.878 75.6183 51.2855 29.0288 0.00745242 52.1745
-67.2066 1.06923 1.60044 14.3391 7.17693 1.18828 6.81671 9.03658 42.4646 12.5594 26.7265 43.8849 49.4436 5.97269 15.4937 24.2708 94.2104 140.437 22.8624 5.69144 45.8681 69.7217 18.6021 33.656 71.4792 123.08 124.217 39.4512 38.3855 0.0128776 55.2834
-67.0015 0.896537 2.39523 15.4144 3.9795 5.25953 9.81273 2.40433 4.45768 14.7514 76.4944 27.3211 49.8585 9.07235 14.3323 18.8859 121.674 139.031 15.3352 5.69144 45.8478 69.7217 19.1532 15.9432 63.2292 131.039 88.8675 40.3771 1.34789 0.000862085 54.9138
-67.0015 0.810073 2.39523 6.85381 4.25429 11.9117 9.81273 2.40433 4.45768 17.4217 57.731 17.6446 69.9765 12.1252 14.3323 18.8859 114.951 101.364 23.3984 5.69144 45.5746 108.029 31.7501 3.42803 63.2292 151.63 70.9219 39.4817 26.5314 0.0265469 58.0338
-68.0021 0.441116 2.39523 8.69425 3.10402 11.9117 9.6346 6.14027 5.44556 17.4217 57.731 17.6446 69.3212 14.3851 18.8769 18.3493 160.43 113.09 23.3984 5.69144 45.3902 37.7091 31.7501 19.9277 49.7921 135.261 100.9 14.5867 23.5075 0.0375785 57.5772
-68.0581 0.466595 2.39523 5.34051 7.948 11.9117 12.3213 5.93496 5.26152 27.8318 57.731 4.21156 69.3212 14.3851 15.1105 18.3493 160.43 113.09 23.3984 12.9417 29.7261 47.3105 21.1197 29.1115 40.7296 122.875 130.749 43.1509 22.5106 0.0738061 57.8011
-68.1455 0.466595 6.38346 3.08561 7.50038 7.50039 12.3213 5.93496 5.26152 23.7645 57.2528 4.21156 69.3212 14.3851 15.1105 18.3493 194.753 91.5556 23.3984 12.9417 29.7261 47.3105 21.1197 31.316 40.7296 130.959 130.749 19.4888 32.4442 0.0738061 58.8131
-67.8524 0.360638 22.7582 5.41112 7.44659 4.39918 19.656 4.40288 11.6239 23.3549 58.3349 11.0635 58.5256 13.8662 3.49327 29.4519 167.714 98.703 23.3984 9.79655 18.6829 44.5269 16.6887 3.65258 79.9591 118.1 170.767 25.3351 104.859 0.0738061 60.3828
-67.9737 0.703425 22.7582 10.2767 10.883 4.39918 13.4611 1.76097 5.98193 12.7421 58.3349 4.68546 58.5256 15.8855 0.925293 15.7702 173.753 114.395 45.3325 11.214 22.8882 48.4709 25.2736 7.4572 60.9275 86.2187 187.674 6.41641 104.859 0.038316 59.1122
-67.9905 0.758336 22.7582 11.5099 17.0918 4.39918 10.8595 1.76097 5.23039 16.4249 58.3349 4.68546 58.5256 11.0984 0.925293 15.7702 173.753 114.395 42.7631 6.96907 29.2958 45.4335 26.1089 10.3548 65.6825 96.9938 148.805 0.986367 96.2349 0.00222735 57.3074
-67.8462 1.18689 24.3714 9.24457 12.2542 4.39918 12.7428 7.11964 0.378956 15.489 58.3349 4.68546 54.3479 5.41588 11.5672 15.7702 169.738 114.395 47.9851 6.24649 2.98735 45.4335 47.6132 9.32388 62.0977 110.451 156.14 62.1575 89.6752 0.00291075 54.8305
-67.186 1.35368 16.731 11.3472 16.5047 4.39918 0.841552 1.44165 31.1578 16.7848 59.9626 10.1076 55.8129 3.89749 5.44173 11.1428 169.738 114.395 36.8587 17.7448 6.86674 27.7521 31.3939 17.776 50.1288 117.22 145.321 62.3789 105.844 0.00692063 61.7695
-66.3315 0.35492 20.2033 13.3945 22.4306 7.19966 1.36701 1.44165 15.6256 16.7848 59.9626 10.1076 55.8129 6.94002 18.2482 11.1428 169.738 114.395 36.8587 42.5763 11.1774 11.1325 24.9108 17.6128 50.1288 100.671 155.577 59.3076 48.2627 0.0130184 56.7709
-66.0047 0.590519 25.8126 11.6971 19.0951 7.19966 1.36701 1.44165 14.9536 23.086 59.9626 10.1076 29.1475 21.6158 93.1174 12.5609 169.738 28.5084 36.8587 62.6597 5.93007 4.63886 29.0295 19.3559 61.2288 98.1459 156.438 40.7851 86.0083 0.00596533 55.3983
-66.9019 1.2682 16.2808 13.4841 15.4306 15.1655 6.51803 10.4304 18.3937 12.0723 59.9626 10.1076 38.6324 16.2382 73.4738 11.9711 169.738 50.2012 32.2513 44.5527 5.77798 4.63886 51.4997 10.4381 63.3093 63.8286 149.099 46.1922 88.3778 0.00596533 58.9242
-67.7317 0.977991 9.31434 13.4841 12.5647 15.1655 6.51803 10.4304 23.6665 10.9514 59.9626 10.1076 38.6324 15.0779 72.9061 11.9711 169.738 50.2012 32.2513 44.5527 6.22226 3.56547 55.4184 14.762 80.3749 63.8286 147.449 25.9606 46.2722 0.00399617 51.8597
-67.2379 0.427229 15.6144 16.5281 12.8855 15.6623 6.00224 48.8152 10.2406 4.51601 39.9373 20.146 12.6103 9.68922 67.0214 11.9711 169.738 37.9869 42.1828 44.5527 2.00577 17.1281 48.6859 48.9693 65.0927 52.9839 199.054 36.9987 29.8469 0.0100939 54.773
-66.1416 0.45547 33.8471 11.3665 9.15184 6.52078 6.83569 34.8557 8.05459 11.2361 53.3392 6.63451 17.47 12.1358 72.6603 24.2425 171.275 34.8634 23.8995 26.0536 4.49484 29.5574 48.4044 45.2564 67.0661 40.4494 238.696 15.4523 9.05171 0.020896 58.4343
-67.1931 0.435435 22.2333 12.2591 8.84411 6.3112 10.6594 3.80936 8.35694 23.6382 81.5482 23.1033 19.0698 10.047 63.2362 27.0766 159.974 54.9848 11.4034 8.90012 18.3461 30.1348 39.2258 45.2899 89.9182 38.1047 169.565 20.9615 9.02177 0.0152957 57.0438
-67.4921 1.40709 17.6527 7.70283 0.688553 13.8092 8.63671 2.23788 7.61113 18.5224 84.37 28.3354 27.8055 9.92391 82.5381 35.538 165.824 41.7275 11.4034 11.2509 11.5545 25.7512 34.804 45.3295 80.7826 20.4232 223.948 2.69647 46.7907 0.0095653 57.3018
-67.7135 0.946456 11.61 8.4216 0.688553 15.7632 5.56437 2.37433 4.33793 18.5224 84.37 29.4091 27.8055 13.7617 93.8814 24.0136 165.824 27.8073 33.7508 10.2787 11.5545 24.1719 36.0852 42.7028 73.0526 34.5825 223.948 61.0534 13.7696 0.00340714 54.3695
-66.3424 0.974114 12.8371 1.45147 6.28833 1.93888 8.06507 8.57708 4.8925 23.8999 79.8996 29.8493 27.8055 6.59867 75.9823 26.8021 164.876 32.7321 45.9437 10.527 13.9769 14.9376 19.6229 43.3933 108.161 8.32308 268.52 40.0607 48.6136 0.00433107 57.1763
-67.0904 1.01666 19.3013 0.431862 6.63564 3.84047 38.4471 23.3221 9.43505 11.7823 25.5819 41.0877 39.3597 1.91834 89.1164 39.6064 153.589 40.7032 3.03209 13.257 8.5793 42.2663 6.11558 43.8482 127.698 8.32308 229.051 16.4218 7.6659 0.0103464 61.9839
-67.0277 1.10758 19.3013 4.23589 13.7545 2.70761 27.5807 30.1281 25.9359 10.9628 9.89118 37.7666 31.3927 8.40322 124.737 34.6409 153.589 28.3553 3.03209 12.987 10.4053 31.4777 5.67965 46.3498 111.547 29.2084 229.051 55.8302 19.4525 0.00692533 57.0044
-66.9764 0.342622 10.6118 5.9398 17.9683 2.67716 21.3698 22.7577 26.5552 8.83812 21.462 37.705 30.9421 17.2152 124.737 23.7163 164.046 28.0469 3.03209 14.14 17.5649 24.3425 8.82862 43.7842 98.0096 40.1503 229.051 48.5214 30.1345 0.00380273 52.0279
-66.681 0.554349 10.4309 4.59569 15.0243 8.68141 22.1303 28.2047 20.2023 16.3551 24.3957 37.1771 21.7283 18.2185 124.737 23.7163 153.508 30.5712 3.76704 12.1776 30.6334 9.7551 15.7959 49.3325 94.3555 20.973 229.051 31.6226 20.5543 0.00757836 50.1623
-67.6825 0.749357 17.9471 0.898098 12.8742 7.52936 22.7059 19.5049 19.0656 6.69731 16.9737 60.6183 17.9433 30.8427 140.037 17.8791 135.621 34.4597 3.76704 8.57313 33.8564 9.54132 17.5468 45.0752 85.5309 34.8345 265.655 27.9439 20.5543 0.000636321 51.9723
-67.6155 0.501501 14.1636 1.95358 14.5994 14.4173 18.6615 20.9586 20.1314 5.91768 25.2124 60.6183 10.2323 32.781 139.179 15.3695 132.753 34.2914 3.76704 7.38906 28.3482 22.4964 16.9085 40.6796 102.669 34.8345 206.119 34.4917 29.2142 0.00214858 51.5343
-67.5295 0.532889 18.262 1.64168 5.32063 17.3209 17.1587 29.5044 24.235 8.62061 25.4647 60.6183 14.3445 32.781 139.179 15.3695 107.002 57.0307 3.76704 13.4144 26.6269 20.4275 16.9085 28.1828 94.4492 34.8345 200.481 46.0169 128.599 0.00347395 55.9852
-67.5476 0.884284 19.9504 4.6077 8.40282 19.8357 9.0073 22.4677 42.2824 17.6421 11.5415 37.0572 17.1936 34.5588 84.6052 15.3695 72.4547 22.1561 49.5553 23.1663 47.8947 39.2854 28.3327 44.1896 89.9183 56.4153 183.981 33.4046 117.62 0.00347395 54.0208
-67.5507 0.465607 22.0359 1.05281 13.9357 18.7875 9.22577 22.0069 23.7909 29.6992 11.5408 32.7717 40.6659 32.3687 97.2818 18.6768 67.4124 23.9288 49.5553 28.8867 23.3379 36.439 37.5151 40.3929 72.1712 100.078 180.86 59.4127 44.2778 0.00162278 52.2843
-67.5639 0.336533 20.8647 1.05281 13.9725 15.1533 8.014 31.6648 14.4417 28.1838 2.1559 38.9998 50.0855 40.2361 97.2818 22.4505 67.4124 15.7323 52.239 45.2144 22.1064 26.7876 45.4567 34.1284 78.6743 72.648 180.86 59.5065 27.2409 0.0307461 55.5909
-67.5775 0.335288 22.4292 3.20867 12.6297 9.81534 8.86546 23.1883 12.8584 19.0259 9.27272 39.4489 47.0426 42.4599 105.86 22.4505 76.3066 22.7707 41.6819 36.6829 24.7953 34.7181 44.92 25.4536 87.2111 46.7563 171.28 56.8742 51.1116 0.0272574 55.1367
-67.5988 0.115082 14.8944 12.6092 11.9097 5.58546 9.60705 2.19613 20.7313 19.0259 9.27272 53.3432 51.0422 31.5076 86.3865 22.7656 106.233 23.3885 41.6819 31.8282 21.7349 31.6864 29.819 11.1882 112.06 86.2245 159.178 28.2991 27.6125 0.0326191 55.8514
-67.5504 2.74305 13.3926 24.1284 6.09154 6.46807 4.30669 10.6595 15.7689 21.7781 21.7626 45.8375 48.4807 22.0574 92.8937 28.194 121.553 23.3589 49.943 27.0728 6.34566 30.6595 3.62736 17.016 113.944 68.1102 200.546 67.1494 19.826 0.0241534 60.2792
-67.5267 1.48186 7.29736 3.33341 6.09154 4.623 17.9655 30.9855 15.7689 16.5723 18.9177 40.23 41.7513 28.5142 81.1567 7.47067 121.553 43.9121 49.943 31.6239 24.4856 6.81019 15.912 17.2084 111.951 107.761 178.458 14.6721 32.5043 0.000646836 55.9533
-67.4795 1.16859 8.3213 1.31758 3.36915 3.43666 21.2332 13.0442 21.0252 33.8844 27.3195 26.316 47.4084 25.7742 70.1701 25.1914 111.06 69.9097 49.943 15.2176 16.0803 6.81019 18.1775 70.3801 91.671 60.4958 152.675 95.294 14.2069 0.010671 53.2116
-67.2273 0.564051 7.94916 2.73938 3.36915 3.30349 23.6087 13.9887 22.7702 34.8856 16.7914 33.9114 47.4084 36.5968 89.1572 21.9819 86.788 69.9097 49.943 24.7839 9.94432 6.81019 12.0187 63.0586 91.671 74.7948 141.263 212.832 14.6517 0.0131011 54.7737
-68.2357 0.182881 7.94916 6.01255 3.36915 3.45148 25.4614 10.9674 22.7702 34.8856 16.7914 24.6587 47.4084 36.5968 89.1572 17.0275 84.2216 57.8821 49.943 19.0823 13.1005 47.5249 12.3937 51.3555 97.1734 17.0785 160.205 111.526 11.8309 0.030246 63.8305
-67.2701 0.650711 13.7978 2.88797 3.36915 5.74342 37.5557 13.101 22.7702 34.8856 13.1103 24.6587 31.7641 34.9501 89.1572 17.0275 84.2216 86.2059 49.943 19.3146 19.0909 14.6535 9.91552 36.8757 101.509 59.4319 177.654 117.295 10.729 0.00294692 49.9634
-67.3042 0.51298 13.7978 3.62192 2.75998 4.06146 37.5557 16.4408 22.7702 33.3833 10.4273 31.234 32.9116 18.3319 106.709 33.0352 84.2216 67.06 49.943 18.0073 13.9002 22.9562 8.97841 30.9181 90.9342 70.5464 177.258 117.295 11.0992 0.0169508 52.1655
-67.5047 1.48233 10.0957 7.80573 2.75998 1.80699 37.5557 11.2749 34.8631 32.7445 16.0281 30.2772 38.7826 15.1276 83.4037 44.3096 78.0222 65.6925 49.943 11.0843 5.3578 59.6516 19.6394 35.7843 90.9342 85.3025 82.484 144.693 21.4681 0.0353261 58.8162
-67.0203 1.05939 9.21831 9.58494 5.22474 1.17941 34.5122 21.9728 19.1498 35.5696 20.5805 30.5046 19.388 4.51384 101.118 52.3411 78.0222 51.3632 84.5742 10.1439 14.8662 40.5455 14.5098 30.3203 74.0649 102.665 149.845 40.9003 60.6696 0.00718416 52.6699
-67.9527 0.733494 1.05251 4.89741 2.78417 3.04141 48.6389 21.6924 19.1498 3.60914 20.1158 73.122 20.3352 4.51384 101.118 55.7785 63.364 40.4557 84.5742 9.42603 20.919 17.1426 18.0675 43.2237 104.464 83.2183 120.394 35.7103 66.2091 0.000877386 53.7385
-67.2485 0.92144 12.0271 4.24633 5.35557 1.27753 45.9754 21.8459 9.1529 37.5582 22.6339 7.91164 19.1712 4.51384 102.92 56.8331 61.243 58.7582 94.1163 8.95307 7.60218 32.9939 18.9686 26.2228 105.647 67.5228 150.206 47.4628 5.70536 0.00299839 55.2145
-66.9213 0.635061 21.7978 5.7831 3.06073 4.21781 32.2687 49.5113 9.1529 32.5703 23.1777 4.39422 19.9451 4.51384 50.8276 74.3851 100.422 40.3145 94.1163 6.43351 0.183258 50.5598 17.0245 28.9254 128.395 60.3216 147.937 38.3879 20.8648 0.000911921 55.0475
-66.5321 0.54705 23.31 4.97223 3.38811 5.39878 32.2687 49.5113 9.1529 39.8917 14.2218 4.39422 20.6411 6.89296 51.5008 84.7395 100.422 55.3657 61.643 5.98705 0.183258 64.6354 11.0666 7.99983 105.26 65.135 153.517 32.6051 18.4678 0.000911921 53.0317
-66.9254 0.677349 20.1228 4.97223 4.08918 5.39878 25.6807 49.5113 35.474 39.8917 14.2218 4.39422 15.2386 6.89296 51.5008 71.7685 100.422 55.3657 61.643 5.98705 27.7913 64.6354 14.8577 7.99983 89.7371 66.4792 154.282 37.5821 24.6342 0.000911921 51.4512
-67.1144 0.758085 22.5241 10.4749 6.11923 4.78 25.6807 49.0423 29.9877 39.8917 11.3184 4.39422 13.3768 6.89296 51.5008 74.0076 100.422 51.9924 61.643 5.72843 25.9132 33.2031 32.3396 7.11067 74.1357 89.0077 151.137 30.2935 41.6039 0.000911921 52.1227
-67.3594 0.512009 14.1859 8.78248 2.31668 2.74984 35.0912 49.0423 27.1895 48.0118 9.77814 4.39422 18.4505 6.89296 51.5008 74.0076 100.422 51.9924 61.643 8.4603 28.6019 30.2169 32.865 7.11067 89.0742 110.749 122.217 46.9417 35.4307 0.00293248 49.7367
-66.9538 0.366187 3.93428 8.9907 2.31668 2.8815 43.7363 24.8389 55.134 32.8382 13.8382 4.39422 26.4877 8.02889 43.206 61.5175 93.5945 52.8117 60.9764 25.2274 53.288 23.1325 27.0028 9.97445 62.1756 104.768 214.82 34.323 39.177 0.00141565 54.383
-67.8299 0.913487 3.68749 10.9402 3.54935 2.8815 43.7363 18.8655 41.8828 37.001 13.403 4.39422 19.3724 12.4395 37.1534 66.6702 81.9199 56.5612 60.9764 13.7348 48.0878 27.4111 31.0685 32.6196 68.6533 62.1605 200.326 27.638 42.2663 0.00339244 53.7869
-67.3984 0.688962 7.45193 12.3481 3.56186 3.03614 39.1963 33.5309 48.5246 33.2031 4.26266 16.1659 22.88 0.915715 30.9451 84.2471 65.8971 58.8249 62.3716 10.7916 51.6535 14.6303 52.1334 10.3825 79.4985 106.977 200.326 40.8671 40.6921 0.00339244 53.7181
-67.3984 0.113253 8.49079 11.5292 5.8964 3.07511 39.1963 5.26669 54.7384 33.2031 2.5842 16.1659 43.5101 7.21893 30.9451 84.2471 65.8971 55.335 58.0627 9.51113 51.6535 15.2809 44.1576 10.3825 88.935 112.672 164.103 48.754 52.5239 0.00339244 52.9986
-67.5618 1.19696 7.57415 9.59117 6.88239 2.47509 39.1963 9.8464 49.0438 33.2031 6.59124 8.55683 46.9444 5.41924 32.2493 69.0017 76.2609 60.3941 71.9498 13.3921 33.9404 8.82464 78.6852 7.36456 58.1427 114.286 141.429 37.269 19.4604 0.0121448 55.2535
-67.7746 1.22588 7.15542 9.2394 2.88888 2.38828 32.0092 6.10734 45.0063 59.1298 2.17211 0.467235 55.4751 41.2594 43.1189 40.237 87.9583 4.38901 51.546 42.6925 75.7302 26.4608 25.5815 17.4468 78.7369 109.264 125.515 1.94652 66.2787 0.03798 61.1435
-67.5149 1.08503 8.01801 9.2394 9.60301 2.5259 32.0092 6.10734 3.95363 88.2723 1.82132 0.467235 48.0544 88.9761 72.767 24.4848 99.0027 26.0894 16.7861 33.998 48.5213 36.8936 14.0695 11.956 66.7038 114.015 106.668 219.155 67.1652 0.00649092 58.6517
-67.2698 1.23807 8.04623 11.4696 12.7794 2.68765 32.0092 6.10734 3.95363 88.2723 2.02349 12.1012 48.0544 59.6491 72.767 22.8902 69.277 16.5257 54.748 44.5113 48.5213 15.2751 14.0695 12.7079 81.617 114.832 156.017 101.357 70.0401 0.00272281 57.6488
-67.9029 1.19221 6.48832 12.0486 11.998 2.85366 32.0092 15.4614 17.2774 82.7716 1.07797 13.0879 23.7889 103.593 104.964 26.9266 74.544 4.61011 54.652 9.92362 31.6767 27.2463 16.4738 17.1994 53.297 110.262 138.194 74.7817 38.4186 0.00272281 55.8042
-67.0781 0.7956 7.8419 13.1723 14.126 8.3018 24.4546 13.382 13.931 74.2863 8.90955 19.0597 22.6357 87.6302 104.964 16.1579 80.3142 2.428 47.0771 7.37089 45.4327 36.0171 14.2506 25.0315 59.9891 123.055 138.194 177.957 48.2473 0.00653935 55.3806
-67.9213 0.319171 8.43569 26.3498 9.14586 8.11517 12.6953 26.2639 7.13906 49.6503 22.7501 23.5923 11.875 84.7197 104.964 15.2765 107.965 24.3246 11.0547 9.39502 54.3255 33.232 11.7428 25.0456 56.8898 129.343 136.987 57.5915 6.53815 0.00549359 51.9499
-66.9454 0.943358 6.99275 16.3867 6.81965 10.9027 10.2296 15.6586 20.0074 49.6503 27.6667 23.5923 10.1527 109.675 104.74 21.9836 107.965 24.56 11.0547 2.39729 45.3615 33.232 1.10239 25.3572 61.373 91.3768 132.678 59.0502 20.8824 0.00452535 54.7115
-66.8706 0.860661 9.66383 19.3512 7.4445 13.2794 10.2296 17.2211 7.25091 69.0295 28.2385 11.584 11.0722 108.269 104.74 21.9836 107.965 25.0417 11.0547 2.39729 45.3615 31.8446 1.10239 25.3796 61.373 60.7403 172.907 46.6858 23.1614 0.00602032 55.2103
-67.3626 0.882988 10.8127 4.19855 7.97416 11.5261 6.20443 24.8452 38.0958 38.3756 49.2555 2.86268 9.09461 108.269 104.74 30.1006 78.7361 23.7702 11.762 2.93824 49.6213 26.9041 12.1388 31.8865 77.4743 85.6535 172.907 154.234 24.5443 0.00391551 54.7691
-66.8094 0.624442 13.826 4.19855 8.83638 12.2164 25.5914 21.0656 34.1067 29.7419 46.8534 0.726387 7.41548 100.49 93.1192 30.1006 79.8871 41.0766 11.762 7.13115 53.63 25.365 22.9448 31.8865 38.2688 76.909 204.128 19.5776 50.5956 0.0253825 55.7501
-67.8566 0.703234 22.396 2.34914 3.17489 8.29869 25.1358 30.0978 34.2598 29.7419 44.8046 4.7812 15.4657 94.6366 93.1192 30.1384 79.8871 45.0013 11.762 8.13988 50.1896 23.763 17.1692 22.11 66.1645 66.8113 204.128 61.555 48.3064 0.00192883 54.6239
-68.0101 0.762403 16.6574 8.2657 0.968463 8.04662 25.7262 23.6239 4.64793 44.2933 39.9888 29.2283 15.7226 66.7899 140.605 1.26368 39.7725 64.9257 33.4551 3.76336 19.464 23.763 31.3379 22.11 64.6339 99.8867 208.095 10.0343 23.8536 0.000830136 54.1397
-68.4911 0.851411 16.6574 8.2657 5.16147 15.9257 18.7643 22.4497 7.05731 40.0481 34.0746 29.2283 10.3723 28.3635 129.59 17.4811 48.3632 103.181 33.4551 23.5138 14.629 36.6374 28.4786 11.3396 68.5466 80.5824 219.392 74.5041 37.2159 0.000830136 51.6109
-68.2398 1.21119 14.1417 8.69531 8.78617 16.9372 17.6447 22.4497 7.05731 41.3393 46.469 30.032 7.74656 19.7168 4.31987 134.906 40.3984 103.181 33.4551 23.5138 14.629 21.6227 28.4786 19.5698 86.7775 79.2764 187.788 67.0769 3.24439 0.000719049 52.3567
-67.3208 0.498177 12.4514 8.19714 2.74336 17.1308 23.1668 19.1445 7.05731 45.127 45.3612 24.1147 7.33946 20.3647 8.39795 142.647 54.4427 92.9821 33.4551 34.4239 5.86857 36.5631 21.8646 19.5698 84.9765 90.9396 147.918 67.0769 16.9742 0.010455 50.8308
-66.8311 0.856278 13.4139 4.97944 2.74336 16.9711 20.0723 1.56217 6.59365 43.397 43.2724 29.5447 22.6684 20.3647 13.1291 142.647 54.4427 74.8648 26.4031 26.2395 23.345 23.5944 39.7549 7.80999 98.4921 90.3799 169.113 105.047 35.271 0.0110686 54.969
-67.9694 1.41593 16.0489 6.08595 2.74336 16.0205 20.0723 3.10015 13.974 37.5894 50.3779 21.9966 28.9828 19.7686 13.1291 154.695 69.4201 61.2854 29.6831 29.9525 14.4981 11.2371 25.6962 15.6583 103.202 55.314 170.358 181.485 24.1724 0.00810452 55.176
-69.1621 1.11272 9.43785 6.08595 6.27219 18.8167 20.0723 1.43419 9.74894 17.6757 73.5728 21.9966 17.6708 106.159 13.1291 153.414 61.4822 7.99553 29.6831 26.2295 13.7256 8.6648 32.1148 3.63945 125.065 32.4979 179.73 181.485 49.6339 0.00295045 61.6939
-68.2026 1.13999 0.352428 6.08595 13.2015 26.0947 20.0723 0.327537 23.1651 1.09779 81.3235 36.119 8.38484 165.731 11.6214 93.2099 33.7427 7.99063 29.6831 40.9385 19.064 6.34833 10.9771 16.6398 117.144 62.826 183.887 92.5936 94.7136 0.0152832 60.0173
-67.9152 1.05268 6.63063 6.08595 8.10842 6.7477 6.88587 5.9252 25.9414 11.0591 81.3235 36.119 10.2249 165.731 31.2128 95.8435 25.9058 4.04618 29.6831 40.9214 9.64342 3.85179 30.1803 14.4976 106.891 76.8948 198.796 128.059 43.9135 0.00780938 56.722
-68.5547 1.3195 7.17587 6.00839 7.92262 6.7477 4.05293 1.97676 36.2868 15.382 84.7481 31.5025 18.6627 139.242 23.2217 96.2942 28.3415 5.51505 53.3065 67.0422 30.2518 7.40391 6.88762 8.10235 71.4802 72.5521 162.572 255.102 68.4771 0.00262391 60.0062
-68.5672 1.34134 4.62942 6.47127 8.46444 6.7477 3.72995 1.97676 39.3603 15.382 77.8383 31.5025 18.6627 153.499 20.4523 92.0142 29.6046 5.51505 47.6155 53.3288 9.57175 10.459 6.88762 20.6644 80.8701 68.9833 165.098 256.574 98.7396 0.0221125 62.1716
-68.5672 0.715929 2.81345 1.55654 18.2904 13.1748 4.19315 1.97676 25.2961 11.4291 54.5714 64.7078 15.3346 153.499 1.54537 93.8714 33.0079 5.51505 25.5622 47.2668 13.0831 10.4085 24.1616 50.2594 89.9139 45.9758 144.816 164.07 24.8882 0.0221236 63.8656
-67.0532 0.757759 1.28507 1.61166 16.6951 9.53517 4.61816 1.79076 13.2871 11.4291 81.3413 51.808 21.6666 144.255 23.5671 103.108 45.2564 5.51505 27.8303 15.0569 12.6016 10.5056 22.6296 70.9668 98.94 37.4025 191.631 81.9333 8.26677 0.0152565 59.0354
-67.4053 0.757759 1.34903 1.61166 15.1686 16.1694 3.86142 1.79076 13.2871 8.75493 81.3413 35.0193 22.9825 93.3824 27.4831 131.521 64.2602 19.0865 27.8303 18.7082 12.6016 7.90757 23.6464 41.5573 100.107 49.1725 135.141 55.1576 0.538835 0.00121925 54.0745
-66.7219 0.980349 1.34903 3.56979 20.1523 13.3371 1.18803 1.79076 13.2871 8.75493 81.3413 35.4465 20.2219 93.3824 32.1126 123.058 64.2602 19.0865 27.8303 18.7082 12.6016 12.9846 28.4616 41.5573 100.107 61.6128 135.141 118.04 0.538835 0.00320927 55.7538
-66.8172 1.0024 1.13986 1.17439 23.8089 2.23949 4.36362 7.53309 16.1468 8.75493 93.2901 43.9597 17.501 106.293 13.6803 146.62 6.73347 38.9412 27.8303 21.833 2.92728 45.7655 28.4616 41.5573 79.4182 62.4291 167.087 16.2398 25.5212 0.00148216 54.4699
-67.1435 0.293924 1.21676 1.17439 23.8089 7.99025 7.71265 6.59978 7.4454 8.90874 60.9311 62.5154 16.3134 121.954 19.8213 139.892 13.6696 41.4391 24.0219 10.7764 5.9341 24.1939 28.4616 74.2394 39.827 90.8591 184.616 65.1347 11.1447 0.00953731 52.4981
-67.2778 0.339989 1.21676 1.05001 23.8089 3.47683 9.56235 12.088 7.4454 3.31312 60.9311 71.9795 18.8021 125.28 19.8213 139.892 8.56638 41.4391 10.384 24.3011 3.46257 24.6322 27.9926 61.2634 33.181 91.8677 209.041 66.489 107.851 0.00953731 58.6852
-67.2138 0.943421 3.53512 1.37412 12.7972 2.83975 5.51192 4.90908 7.4454 3.91565 80.4599 63.6183 26.4032 152.183 19.8213 132.404 21.9827 17.2834 4.90023 2.67312 3.46257 12.5161 36.249 61.2634 65.3456 91.8677 196.909 28.7583 83.935 0.0293645 57.8942
-68.2871 0.682502 4.91004 1.37412 16.5097 0.780942 7.90017 11.9968 7.4454 1.83671 80.4599 63.1276 17.7806 152.183 19.1695 132.404 19.5437 17.2834 7.35138 17.8864 3.46257 20.3267 28.1925 54.3509 53.6213 91.8677 141.572 123.596 95.5148 0.0518139 60.6954
-67.085 0.972888 4.91004 1.37412 16.9705 0.739399 4.86435 11.9968 7.4454 1.83671 80.4599 63.1276 14.9987 152.183 21.3032 132.404 18.6812 17.8031 13.0737 8.63024 15.0093 20.3267 27.518 46.7482 54.7172 139.24 99.7375 32.2687 283.769 0.0728934 63.589
-65.7747 0.476955 3.3533 1.37412 17.0058 3.23963 3.64528 20.208 11.4611 1.83671 80.4599 52.7196 14.9987 161.393 21.3158 111.388 18.6812 25.6611 11.2157 8.63024 12.7424 27.13 24.6843 43.2868 65.7578 137.315 73.4126 48.7183 264.649 0.0419854 63.5187
-67.827 1.09622 6.15341 0.995452 26.5666 3.43287 12.0246 20.208 11.4611 3.14032 68.0182 52.7196 14.4451 161.393 21.2849 99.4415 16.0877 25.6611 18.4846 12.6425 37.9515 35.8705 6.1615 32.4729 65.7578 174.591 79.3048 13.2854 109.457 0.0205493 56.453
-67.3031 1.09803 5.19109 3.76214 26.5666 3.43287 1.23724 20.208 11.4611 11.6876 69.3455 52.7196 12.4751 155.293 21.162 94.5045 31.1185 25.6611 15.0968 9.93023 25.1459 13.1124 13.5911 38.4535 91.4011 173.766 5.53033 13.2854 109.457 0.0230389 53.6596
-66.6729 1.06654 0.828033 2.53283 26.3568 8.70379 1.23724 29.0347 8.69797 10.5262 69.3455 53.1971 12.4751 148.695 21.6464 104.103 32.5373 25.6611 10.52 11.5843 24.4438 10.0095 10.2689 35.239 91.4011 138.509 101.585 13.2854 87.6507 0.011471 56.3056
-66.7544 0.757615 0.828033 2.53283 26.3568 4.91361 1.6711 25.2076 8.69797 10.5262 75.1835 50.3032 13.581 148.695 21.8254 104.103 32.5373 27.0049 10.3809 10.2824 27.7368 2.76316 29.5413 33.0711 79.9185 122.359 101.585 48.5568 100.4 0.0190617 54.1585
-67.4134 0.837686 16.223 28.8027 9.74971 4.55165 7.62187 19.8472 17.6429 12.9346 49.9424 26.6159 20.81 160.855 15.5629 112.74 28.9005 9.88226 28.6974 29.9728 21.4339 17.0675 10.4997 18.4929 109.984 47.9014 125.034 59.5692 78.1554 0.0187726 57.3596
-67.5044 0.494687 8.21023 18.9107 17.7191 2.04286 15.6025 21.4467 3.84416 10.0405 46.3945 43.1851 18.5554 160.855 15.5169 93.7536 32.9755 28.7496 16.8265 1.63682 20.8038 23.7278 19.3791 58.1299 76.5456 80.0499 153.346 66.4229 62.3845 0.00962716 53.9952
-67.7064 0.898486 8.21023 22.1258 15.8734 1.84099 15.3135 13.4604 31.7806 11.0893 42.8733 30.6249 11.1325 160.855 7.81007 76.2318 19.9626 33.9752 16.8265 17.5359 62.1778 26.8893 19.3791 58.1299 72.7012 30.5877 228.417 27.9901 62.1883 0.000180951 53.422
-68.4998 0.928529 4.64539 22.1258 14.9521 5.34435 18.6204 19.539 24.6791 12.6458 36.6205 16.1814 31.1969 145.545 7.81007 65.3039 29.8781 71.9901 20.6737 11.7114 32.9674 3.86391 32.0904 19.4011 103.141 96.2996 180.647 13.7643 52.6705 0.00213391 55.114
-68.4713 0.94974 3.4313 15.6175 20.3479 7.65901 17.9793 21.6919 38.5567 12.4976 36.6991 11.7043 38.6447 119.841 4.90837 50.341 29.8781 71.9901 50.2636 22.3051 24.9846 1.90093 33.9798 29.4745 107.922 70.7928 202.84 42.358 38.6371 0.00204461 55.51
-68.4862 0.616293 13.3696 15.8168 21.2307 5.80609 14.6494 21.6919 46.8371 12.4248 35.5783 7.43571 23.9953 112.703 10.4983 46.9723 54.8605 71.2957 45.4144 7.50218 25.8556 12.9695 23.2684 14.5083 104.563 76.3356 169.333 42.358 34.0292 0.00475866 55.3145
-66.3026 0.633422 3.53367 16.1677 24.9634 5.62122 10.9663 21.6919 46.8371 19.1936 11.2475 4.87292 41.2518 86.8006 38.3069 41.2215 43.0887 72.545 45.4144 7.50218 70.6095 18.3513 23.2684 46.0174 47.8398 91.6173 169.333 35.8665 17.973 0.00335291 50.8035
-68.1057 0.457504 8.88928 16.1772 27.7273 2.94159 12.0289 21.6919 58.3285 24.4264 6.97099 3.2235 41.2518 21.2082 31.832 28.5713 109.118 65.8913 45.2844 23.5807 67.7455 12.6841 19.9095 39.0841 72.5207 126.231 93.8274 8.55211 77.5643 0.00232293 52.708
-68.324 1.38302 7.43013 9.68328 32.5019 2.94159 8.9493 46.3838 58.3285 12.7323 7.19713 4.7814 22.7818 26.2748 31.428 45.2824 132.423 49.6093 67.156 24.2357 48.5148 9.7895 10.2548 14.3398 70.7377 137.395 92.2611 9.67408 96.9264 0.00732215 52.9855
-67.7547 1.74151 8.18969 4.12784 27.0184 1.74205 21.3384 46.3838 63.6416 5.39732 5.5635 33.6617 3.88194 23.7104 28.617 44.6213 111.522 74.0187 67.156 15.9287 6.57988 16.0008 24.9689 27.4198 80.3491 146.593 92.8819 34.4297 32.54 0.00147052 50.8854
-65.7901 0.711691 7.56577 6.89238 15.7572 13.7911 20.5954 46.3838 63.6416 4.81778 2.58116 33.6617 1.92176 27.861 28.617 38.3833 112.555 74.366 66.2189 17.7407 6.57988 23.608 24.9689 28.7911 80.3491 162.503 71.905 71.2197 32.54 0.00147052 51.2708
-66.8463 0.443567 7.3029 7.40045 14.0313 18.1888 18.007 18.1932 52.1475 3.96545 3.32507 49.6196 13.0467 22.1653 54.7335 38.3833 111.56 81.5257 58.7433 17.9191 9.51142 25.0638 21.0596 30.9245 65.2581 120.055 77.1101 71.2197 4.11113 0.00351094 51.9084
-66.301 0.597876 6.45529 6.58477 14.0313 24.7154 14.7998 26.2328 62.3897 7.49961 2.46776 37.3272 5.52262 55.295 30.9794 37.4278 93.1952 93.1118 47.1896 25.0051 35.5273 39.081 18.4949 30.6784 43.9178 150.099 44.3223 48.796 12.7793 0.0061037 53.2487
-66.9448 0.00407699 3.93409 7.17496 6.92213 27.7565 17.1934 13.815 60.6206 2.38589 2.29028 32.0538 54.0231 44.0472 21.0346 40.1719 80.9853 91.2084 50.6515 25.2385 23.7845 39.081 18.4949 31.8239 70.7594 124.832 50.5357 42.2021 27.4837 0.0114579 55.6395
-66.523 0.127153 6.95657 7.8983 4.89171 30.9878 12.7899 47.9017 58.4393 3.29998 1.97002 34.9554 54.0536 42.7555 13.1318 43.7154 77.7101 88.7628 47.5376 17.1874 18.5904 41.872 4.19774 31.674 57.3713 129.427 68.0324 42.4832 8.72253 0.00478627 57.0109
-67.5563 0.122318 9.01271 7.5983 1.51182 29.3386 12.7899 8.14973 58.4393 5.44511 2.38073 34.9554 54.0536 42.7555 13.1318 43.7154 80.6006 85.6212 74.502 20.2652 28.1886 55.1123 6.07454 10.6619 54.5008 177.474 70.7695 38.6336 22.0688 0.00717623 50.9324
-64.7937 0.121462 15.1505 11.0729 2.86613 27.6689 12.7899 8.14973 58.4393 7.28039 0.985797 14.4877 49.0921 55.4304 11.8989 43.7154 77.3079 88.98 81.4551 12.2285 28.1886 59.2382 2.53331 19.0064 54.7367 179.068 72.1604 40.6832 29.4042 0.00717623 57.6058
-69.5003 0.46369 14.87 11.0729 3.67295 23.8529 10.4294 12.6028 79.1027 7.28039 1.37679 7.96537 49.0921 55.4304 11.8989 43.7154 51.8818 86.8293 68.282 14.8594 36.0509 44.0747 2.53331 36.006 77.3106 186.234 43.6684 39.3009 9.4853 0.0486031 58.388
-69.0276 0.491231 15.977 10.8502 8.89208 19.6323 10.2032 12.6028 79.1027 7.24176 1.5958 13.6319 50.8422 55.4304 9.87002 43.7154 34.7983 75.8395 72.9146 40.2287 39.1527 45.7186 2.53331 38.9648 67.8537 148.862 61.0352 27.6538 22.8039 0.0346544 59.4567
-68.7466 0.96274 31.3048 4.10747 5.94381 25.8037 2.15866 12.6028 38.1928 23.6943 0.420213 20.241 58.8317 55.4304 6.76373 58.8851 45.2205 64.0244 73.9479 40.4622 38.6066 18.6943 22.7796 46.9512 51.7509 116.832 112.3 51.5209 25.8513 0.0218501 57.9119
-68.5672 0.755626 22.4203 13.4518 3.35874 16.3694 3.11542 12.6028 23.4114 23.3374 11.9181 39.9465 58.8317 55.4304 6.76373 58.8851 44.5733 45.4965 73.9479 32.539 36.3566 33.1485 27.274 44.3343 35.8871 170.427 88.4218 55.6581 74.494 0.0220018 60.1335
-67.5187 1.3673 18.6903 18.5997 4.73303 18.2042 2.00447 15.3686 34.8548 36.7227 3.63272 25.2456 32.3962 49.808 14.4628 51.2722 59.0394 43.3396 66.8617 7.59468 23.8768 54.7122 26.7019 60.7581 86.5391 126.663 99.361 26.3777 76.9624 0.0234712 57.4039
-68.9322 0.91721 26.1945 12.0978 6.88268 14.8322 2.70631 11.6393 28.6091 51.7256 5.15305 32.5229 39.7675 46.1975 12.4153 64.0252 59.0394 45.5329 68.6783 8.42145 26.4473 21.4303 37.4021 59.9885 78.4837 124.363 151.466 38.4658 31.809 0.0101971 56.9947
-67.8387 1.08693 23.7969 14.4578 7.44734 8.86927 8.07119 11.6393 33.847 33.5354 10.6486 29.5316 40.3029 39.7681 22.6105 71.9926 75.5359 38.2058 55.9698 16.1961 24.6463 5.46503 39.0845 64.9883 95.3477 110.264 102.541 126.226 57.5926 0.015911 53.5737
-68.443 0.860366 22.4472 20.5301 3.55078 11.5958 5.58369 63.8788 24.9963 11.304 5.2836 27.2917 51.319 21.7865 56.54 64.4933 19.9305 44.7414 75.0977 29.1874 5.72129 10.9575 62.7073 68.3791 67.471 108.322 74.6932 98.0367 17.8815 0.00820716 57.813
-67.9472 1.39866 4.54617 26.932 3.55078 11.5958 11.3545 81.6313 25.6381 11.0161 12.8757 11.8048 3.39528 43.8674 77.019 64.4933 26.2618 37.4613 60.1742 42.4625 3.50209 21.4237 67.1172 24.678 96.4937 107.453 176.335 17.6603 66.4847 0.00801656 59.2586
-68.7436 1.77924 5.14863 29.5173 3.55078 12.9037 9.59232 46.0159 30.3817 19.3779 21.4599 10.0052 29.1006 4.7845 89.3079 87.0797 18.9117 33.9575 63.6221 33.7355 5.22319 18.4198 54.4326 47.158 78.8602 88.578 194.196 17.6603 111.491 0.00747821 56.7951
-68.7436 1.27239 6.40488 35.9267 7.65824 10.874 3.89296 36.2346 25.4076 19.5506 59.9542 12.8247 24.1245 10.8104 84.7916 87.0797 16.6469 29.4941 63.6221 34.5845 5.22319 26.7615 43.595 47.158 80.4375 75.4169 164.983 11.5383 49.2609 0.000343504 57.714
-67.4493 1.29996 6.96041 35.9267 12.5212 8.14088 2.64743 8.19979 20.3356 19.5506 56.4833 11.6456 19.8562 11.0192 73.8592 124.646 8.97872 34.1925 78.1531 36.9485 5.71932 21.7008 32.1209 47.158 72.4119 104.525 160.878 19.0761 69.1349 0.000343504 52.7803
-66.8298 1.15417 8.16814 30.094 11.5623 10.6046 1.92041 8.19979 21.0163 27.4952 62.3569 8.95268 31.61 33.8801 76.3885 64.1489 30.7506 42.266 63.9856 51.0283 12.1007 14.6627 29.8097 47.158 83.3502 93.4906 160.878 25.4278 66.1644 0.000343504 53.3521
-67.9863 0.792852 11.0546 30.094 9.72317 4.33896 1.92041 8.19979 23.179 21.925 69.3639 15.3541 20.7858 23.0833 91.4819 64.061 30.7506 26.1781 63.9856 34.5778 14.3941 37.9204 20.6959 23.8317 105.166 93.4906 160.878 6.66408 63.9983 0.00546988 54.7767
-68.0295 1.11218 20.7018 25.1721 11.2593 2.79493 0.96267 8.19979 19.8933 21.925 69.3639 10.1109 21.5729 31.6567 91.4819 64.5158 17.1228 21.7398 63.9856 66.4128 18.2835 27.3897 20.7194 21.1861 106.32 93.6025 196.807 28.0899 33.7001 0.00546988 55.8141
-66.5658 0.779519 20.8135 16.7322 14.9991 8.34585 5.8836 7.77684 19.8933 7.84439 66.3276 22.8271 30.0893 24.2223 108.649 50.734 25.4401 21.3287 117.818 41.087 9.31358 42.1327 2.58462 4.78653 101.336 72.5932 143.057 60.5385 39.97 0.00555667 52.5958
-66.5658 0.65686 20.8135 23.4204 10.9566 5.83693 4.53736 9.27046 18.6083 1.06744 66.8444 26.1032 7.40877 23.4881 108.649 50.734 25.4401 28.949 133.324 10.267 46.9446 10.4883 6.16603 23.23 113.376 72.5932 162.289 82.8387 8.79545 0.00555667 56.6704
-66.908 0.759641 20.4877 2.59882 10.8816 13.2151 3.2907 39.0578 20.0889 11.3705 66.8444 16.4762 7.40877 32.8851 108.649 62.6768 25.4401 23.1936 131.804 2.98678 45.5447 14.5891 10.1232 7.73225 109.185 88.2314 134.759 82.8387 18.656 0.00644404 60.3311
-66.0951 0.613518 19.8304 1.61735 11.4828 24.1929 5.103 29.7069 14.4624 12.7046 63.6023 8.88389 29.5636 11.0637 114.784 62.6768 42.2743 10.3703 58.0347 12.4021 31.8763 31.4498 17.3242 44.9523 115.796 76.0909 134.759 53.1717 23.0773 0.0186146 56.7475
-66.3906 0.111698 25.7641 1.14439 16.0606 16.6442 7.95376 10.0039 14.4624 15.4871 83.7292 8.88389 21.893 18.3671 114.636 7.93889 128.644 16.8539 30.4236 16.7337 25.7114 40.7019 6.35328 44.9523 90.9068 97.0464 134.759 51.175 41.6707 0.000961723 53.0405
-66.3425 0.328523 26.745 2.44507 14.298 17.2184 5.75953 5.73587 14.4624 16.3572 83.7292 11.8906 10.2635 18.3671 115.639 7.93889 128.644 13.7814 74.6209 16.7337 1.65676 44.151 7.23118 44.8534 63.9954 86.5065 164.285 47.5274 51.0345 0.000961723 52.342
-66.6682 0.19434 25.8378 2.62431 14.298 14.116 0.609572 11.7321 13.6708 14.2015 97.6073 11.8906 14.5298 3.25261 115.639 8.05471 128.644 17.8964 74.6209 28.0653 16.5185 35.6438 8.537 35.753 66.5273 90.6072 133.279 53.96 43.6586 0.000080601 52.0127
-67.9363 1.70221 25.3048 4.41302 13.522 14.3115 3.1516 6.0712 14.656 17.3784 97.6073 10.2865 14.5298 3.25261 120.386 8.05471 134.198 9.26413 74.6209 33.4628 16.5185 36.1539 4.22873 37.5231 56.4075 76.4637 204.504 50.1745 50.5783 0.000080601 55.2467
-68.1357 1.09186 14.2179 5.28621 18.968 23.575 1.59677 6.0712 17.937 15.8974 83.4975 10.2865 22.4202 3.25261 103.051 38.5888 134.198 23.1965 76.4582 22.3377 15.8922 25.1947 9.1167 23.2693 48.714 76.4637 226.642 51.9553 170.915 0.000080601 61.4735
-68.1357 1.09186 12.2524 5.28621 24.1034 17.4947 2.55365 6.0712 16.8989 16.607 83.4975 14.5478 22.4202 3.25261 103.051 55.5923 87.7163 23.1965 72.3089 21.5897 15.8922 51.3174 9.03361 23.2693 48.714 62.6704 234.869 52.5548 232.829 0.0000442542 56.8536
-69.2777 1.25593 12.2738 7.99965 16.8624 17.4309 4.38632 14.2261 16.1474 17.1111 83.4975 13.0193 16.475 3.25261 103.051 59.2952 87.7163 23.1965 71.7339 32.8433 20.2886 51.3174 5.94327 10.3869 47.4235 73.3241 234.869 53.9359 155.704 0.000295196 58.0377
-69.3684 1.11401 21.5314 10.276 11.4749 14.7883 4.38632 14.2261 16.1474 18.8744 83.4975 13.0193 13.9126 3.25261 103.051 60.6784 87.7163 22.4859 73.7017 18.7681 15.6531 37.8821 6.21199 16.1894 68.8055 98.7579 207.639 53.9359 187.246 0.0113001 61.1506
-68.0832 0.654318 21.5314 7.20156 19.5288 7.03306 6.44475 14.2261 14.976 18.1259 83.4975 14.1294 9.19413 3.25261 100.462 42.3684 87.7163 36.7493 87.2251 41.8303 12.8745 37.6462 8.0032 18.0871 61.6016 74.7509 207.639 21.0811 182.179 0.00784572 58.1257
-67.3453 0.717851 21.6493 5.26644 19.5288 7.35479 5.94171 14.2261 6.80227 10.2331 78.357 6.08689 9.19413 3.25261 100.462 43.8402 70.211 43.1937 83.0799 64.8902 10.73 25.2456 7.58013 24.0699 61.4697 78.6968 271.208 43.5703 54.728 0.0157489 61.8437
-66.9806 0.42054 2.79924 1.09454 17.227 16.3178 9.45128 25.1205 13.9631 6.94592 77.1865 20.3856 18.0752 3.25261 108.283 37.2441 70.211 60.0143 83.0799 59.6211 7.82703 19.3289 5.83156 17.807 64.7864 64.2641 215.452 43.5703 48.4964 0.0099565 55.464
-67.1288 0.36389 2.79924 2.32446 15.9986 10.736 8.68891 24.376 15.7499 4.58532 69.433 30.0457 18.0752 36.7595 76.592 23.8762 70.211 58.824 88.6954 59.6211 18.0132 19.3289 8.50797 23.1457 82.3864 64.2641 214.528 16.7273 44.2543 0.0126511 53.061
-67.1695 1.74475 7.24402 0.285602 8.6523 12.8786 17.9461 16.885 9.99043 4.93895 69.433 29.8274 27.2895 45.0698 81.246 5.02623 72.6048 57.1205 122.4 16.8532 22.6958 16.2588 0.420598 21.3191 83.0255 71.7174 186.45 33.505 29.9507 0.0153686 60.3592
-66.9102 0.313457 11.3448 5.45959 4.07664 18.6272 18.4294 10.5024 3.52528 4.77649 77.8878 29.1852 12.6458 47.5665 56.4813 16.9299 54.9266 80.3544 109.815 27.7205 28.2633 8.09727 4.33416 99.285 13.6622 100.927 154.724 4.63666 36.1325 0.0660397 58.3395
-67.4667 0.568745 15.5585 6.93584 2.80693 28.6533 8.57907 6.53378 10.9167 3.73536 77.8878 67.2201 34.1028 43.5707 62.3918 20.8783 48.2687 69.843 67.6318 22.824 9.02694 1.38178 4.45267 112.897 53.2117 93.7065 130.036 41.5846 81.0599 0.0595566 65.5686
-66.5297 0.568089 1.46434 16.2831 4.94686 9.20721 2.41026 12.1738 10.9167 5.2921 63.6651 40.8791 34.1028 34.9579 62.3918 21.0468 48.2687 96.3935 60.6093 18.5122 34.0999 31.968 4.59327 112.897 17.2688 90.2875 154.842 41.5846 34.9699 0.0356806 54.1394
-67.0282 0.586105 2.87203 16.2831 3.92454 15.5248 2.99071 7.36028 11.6742 8.67719 75.0364 40.8791 26.4585 8.4136 47.3623 20.9503 33.4066 89.4027 107.263 13.0465 41.4923 29.0197 2.66523 112.897 34.9623 151.808 111.092 25.4807 34.9699 0.0356806 57.6074
-66.7398 0.742609 1.35698 15.6907 4.49986 13.9888 32.2473 7.36028 16.4125 11.1727 75.0364 42.9725 28.143 8.4136 128.166 24.1191 60.7397 88.3494 5.13102 13.0465 33.3537 13.267 7.37681 76.8197 34.9623 138.805 83.1895 15.1632 25.6772 0.0189129 54.1592
-67.099 0.700498 0.921811 16.1397 4.7139 9.69257 32.2473 7.36028 16.4125 9.74875 64.3031 42.9725 28.143 8.4136 128.166 36.9924 60.7397 88.3494 5.13102 12.0493 32.2117 18.9481 6.53438 77.4377 35.2694 120.977 121.869 7.35789 10.867 0.0210547 55.088
-67.2727 1.12346 0.0167842 21.5447 3.52226 10.1 27.3933 21.9637 18.4567 9.74875 64.3031 2.87667 21.9736 7.6131 128.166 33.4395 73.9359 88.3494 5.13102 43.6636 27.1331 17.7175 3.64954 80.6531 43.9662 152.424 93.8819 40.9911 10.867 0.0232781 56.9661
-67.2715 0.161967 5.31031 21.5447 3.13795 10.1 24.4921 25.5783 29.988 7.33981 65.4538 2.16237 21.9736 13.5049 120.134 47.4215 68.2764 88.3494 13.6331 34.5082 25.015 17.8474 14.1643 30.0654 63.619 172.472 29.2942 38.4323 30.9699 0.0106696 50.5449
-67.2107 0.190076 0.321214 37.3 1.3089 5.12761 32.6991 19.729 26.9197 7.33981 65.4538 7.71174 14.0035 13.5049 120.134 47.4215 54.2771 88.1422 13.6331 27.0115 17.7623 19.5019 12.615 71.0389 34.7901 198.404 33.6449 21.5051 88.8838 0.00155628 59.5306
-67.1635 0.397768 2.03281 37.5655 7.48361 11.6473 41.0072 19.729 34.7143 7.33981 38.3123 7.71174 13.956 13.5049 136.134 32.4007 53.9844 72.0793 34.6951 23.8277 13.4334 17.0346 20.4314 71.0389 33.5089 176.45 32.6656 49.4152 48.1128 0.00635065 53.4292
-67.12 0.234511 2.03281 37.5655 5.18259 11.6473 46.2039 19.729 33.9265 4.50073 38.3123 10.1771 13.956 13.5049 136.134 45.294 35.7895 72.0793 34.6951 28.3999 33.6567 0.275737 15.4598 84.1908 33.5089 161.747 4.01104 39.1006 7.45458 0.00447293 57.9004
-67.1401 0.0790483 6.32733 41.2677 5.18259 0.770963 46.2039 8.37587 33.9265 15.0277 6.85135 5.16001 32.1819 9.17082 137.85 48.7555 53.9774 72.0793 34.6951 22.0867 54.3581 4.30103 4.04254 70.5812 33.5089 199.408 4.01104 51.5262 35.8289 0.010837 60.6253
-66.9929 0.83377 6.32733 41.2677 1.92149 1.94626 46.2039 8.12383 22.642 15.0277 22.2514 5.16001 32.1819 4.36857 137.85 61.1056 60.1666 65.1199 34.6951 28.5139 68.6785 4.30103 10.3443 12.3525 54.7923 199.408 23.9143 51.5262 5.59064 0.0234097 60.5985
-66.9414 0.646841 6.32733 37.9775 1.92149 0.591132 46.2039 7.18188 15.6754 20.6493 27.1029 5.16001 37.8582 4.36857 137.85 61.1056 50.6408 63.3755 34.6951 28.5139 68.6785 5.17869 13.723 5.59603 59.8586 188.121 23.9143 31.7421 37.874 0.0234097 59.0742
-66.9321 0.560827 11.8458 37.9775 3.68855 0.591132 48.3337 7.18188 15.6754 12.1988 19.4458 14.1483 37.8582 4.36857 137.85 92.2312 27.963 63.3755 34.6951 25.5401 38.9015 20.2287 13.723 14.7316 48.6465 188.121 26.7859 32.725 14.0588 0.0125944 56.6636
-67.2806 0.763062 3.7558 38.4427 3.68855 1.63827 43.8332 7.18188 15.716 12.6355 27.6778 14.1483 43.428 4.36857 137.85 92.2312 27.963 54.2757 34.6951 25.5401 38.9015 21.3261 21.6118 17.2994 50.9469 188.121 71.5275 37.2931 40.5018 0.0202749 58.6369
-67.5998 0.5438 1.04095 22.4374 8.79801 1.13649 40.1432 14.1384 23.2025 12.1034 28.2803 16.599 43.428 4.36857 137.85 108.26 31.8142 37.2071 38.9529 19.6003 36.2415 22.2886 21.6118 1.96906 51.3759 170.488 82.2158 25.8456 40.5018 0.0223384 57.2313
-67.4709 0.851554 1.04095 16.8195 15.6032 0.40205 32.808 17.1603 26.7498 13.1836 28.2803 16.7881 40.3363 18.6828 137.85 90.8558 51.5735 36.1933 36.0965 19.6003 35.0917 41.0796 12.0016 6.64447 63.3356 98.8128 104.892 34.096 12.1043 0.00276286 55.229
-67.8398 1.25158 2.33526 2.3378 7.76469 3.59385 42.7274 15.6995 34.623 13.178 28.2803 20.2206 37.8964 15.4454 137.85 91.0148 27.618 34.4317 52.3046 19.6003 32.2601 36.428 15.7538 5.87952 60.387 134.516 91.7403 40.8742 12.1043 0.00276286 51.091
-67.8591 1.4579 3.1699 7.29119 7.76469 4.47104 42.7274 15.1624 34.623 13.1763 28.2803 20.2206 29.5881 17.0181 129.944 91.7219 20.2079 41.4141 62.6237 21.3359 32.2601 35.9163 17.4718 8.001 59.4082 133.641 125.019 60.6352 55.3735 0.00103967 51.0091
-68.241 1.97023 1.70563 4.93555 20.5997 4.47104 26.7711 15.5866 38.8406 13.1814 35.9958 36.1465 22.2034 18.4352 129.944 97.6877 32.3943 11.186 59.3877 4.52743 32.8786 17.7118 46.7686 8.001 73.5445 133.641 64.6045 26.2403 73.0939 0.0113487 53.9366
-68.2082 2.2111 0.2424 5.78002 20.5074 5.09062 33.5916 14.9023 36.3349 13.1903 35.9958 33.4302 22.2034 28.297 118.723 97.6877 27.2157 9.41874 59.3877 9.79442 12.0243 17.0171 38.4326 19.2991 95.4633 148.133 119.231 7.82671 3.05548 0.0295588 55.6719
-67.81 0.823962 16.743 8.3252 16.555 2.21205 20.526 9.94616 57.5828 12.9268 32.0499 44.0988 21.8207 4.96008 74.3952 106.559 26.88 17.7625 69.8614 15.1205 25.2301 29.7909 52.6706 18.93 75.8655 148.133 103.582 58.1448 7.06482 0.00302768 54.619
-70.239 1.08003 17.7043 7.64439 13.111 3.46159 24.5103 18.2831 33.2648 11.4403 32.0499 34.3866 8.85779 4.96008 82.9054 86.8561 27.2943 28.5667 107.466 8.58495 25.8499 21.9726 52.6706 24.3851 101.971 91.0539 115.316 58.1448 17.8165 0.00361377 58.166
-67.3738 1.064 13.9594 11.2883 26.7455 3.39025 9.03352 19.1633 28.1862 11.4232 38.1107 28.0674 8.91061 4.96008 74.6779 97.3781 25.5417 21.4306 94.0537 16.5089 64.5116 25.1206 42.1738 24.3851 58.5133 103.811 115.316 52.0949 7.34373 0.00603495 53.6436
-68.1052 1.07499 9.59491 15.9656 26.7455 5.22679 6.8552 16.7099 30.5904 11.4406 38.1107 33.4651 8.91061 5.74458 57.1546 109.143 18.4078 27.9993 102.25 1.46009 61.5757 32.1801 23.0213 24.3851 90.6136 93.9699 115.316 54.7239 80.1513 0.0200326 56.3455
-68.1052 0.273674 11.7899 6.54407 21.9223 9.11617 11.5469 10.118 53.3228 11.4562 42.5543 31.4425 16.2709 0.531019 81.0116 112.952 14.1369 29.5878 109.43 3.12946 24.7973 47.2172 16.0239 26.538 71.5867 90.3929 149.144 25.7056 85.1243 0.020535 56.2961
-67.0909 0.252319 4.94497 11.6147 24.8412 8.35154 8.64294 7.95299 51.8604 4.75514 47.67 14.755 28.9354 0.531019 81.0116 112.952 16.2897 32.1128 109.291 6.24012 17.4724 27.3421 31.1324 26.538 71.5867 77.4506 223.269 11.9924 71.1175 0.0039672 54.2218
-66.2388 0.309873 7.06907 13.3095 25.912 7.43575 8.64294 11.0053 61.4668 3.80352 64.1936 10.0161 10.8574 22.458 81.0116 103.918 2.10688 32.6374 110.675 9.78246 23.4852 21.3897 27.13 30.673 69.4519 75.7149 202.5 42.1181 42.2693 0.00195415 53.0802
-65.0278 0.0543725 4.45363 9.72764 18.359 26.1873 8.64294 9.1936 59.7802 4.99891 35.1172 10.363 34.5979 22.458 84.8038 72.6067 7.27373 33.6976 102.658 12.7563 4.07137 62.3412 37.6821 30.673 62.4335 75.7149 184.647 50.7416 77.7795 0.00425267 57.1572
-68.1396 1.26052 1.32342 10.3021 15.6213 22.1618 5.51621 10.1661 59.7802 3.64948 42.6028 8.82677 34.2191 17.9386 78.9035 60.5437 10.5373 4.94744 112.81 23.8775 8.84375 62.3412 51.6421 35.0817 63.8117 116.965 150.814 6.42147 57.1466 0.00658833 59.9397
-67.2657 1.18222 4.34466 10.5138 11.9767 28.8075 7.16645 42.9365 22.4367 3.64948 67.8272 5.91176 7.28262 26.0336 92.6867 41.322 32.3449 8.30249 111.27 27.2682 20.1836 21.1314 64.4685 35.683 62.7846 150.067 15.9528 126.075 85.2702 0.000392164 56.7303
-66.3822 0.884406 2.76873 2.77792 12.7641 36.2394 13.4534 42.9365 23.994 3.64948 67.8272 5.92346 7.28262 17.8609 92.6867 41.322 37.1366 10.3853 125.879 29.4394 22.022 15.3473 50.5953 34.309 46.172 140.133 62.2363 13.6835 61.8669 0.000392164 53.9276
-66.0361 0.899421 7.24776 6.30281 1.47233 36.709 8.1151 42.9365 20.5295 7.41607 65.5692 5.83294 6.1689 16.8708 72.552 53.3338 20.8575 10.3853 148.983 28.4599 29.9181 18.761 50.5953 34.309 52.8735 145.917 31.6718 84.628 62.1988 0.0013547 57.0862
-67.931 0.608209 6.08448 5.30448 1.47233 27.9476 8.11682 18.5547 26.1194 7.38717 65.5692 6.11916 28.9512 27.3707 80.9791 38.7419 27.1572 18.3286 120.654 8.02682 38.1494 29.7878 69.1749 22.6241 55.0494 163.578 4.57444 43.359 54.4068 0.00850844 57.5586
-67.8607 0.448324 14.9138 8.00564 15.7783 20.2956 10.6173 15.4281 26.1194 8.61375 56.383 8.485 42.002 35.4609 80.9791 31.2314 20.2049 18.3286 117.64 6.62511 23.8179 36.835 69.1749 31.029 55.0494 166.69 42.4509 46.1553 59.3919 0.00477193 54.5201
-68.0625 0.127027 8.50507 1.12518 16.0708 18.5512 27.4763 3.00136 24.0371 25.8996 47.4824 9.74209 43.4034 37.5859 98.1162 5.01778 12.9494 26.0308 135.384 6.40936 23.8179 13.9606 50.4331 47.74 72.7704 164.711 48.822 24.6935 87.5587 0.0062176 57.4805
-68.0074 0.157133 14.1806 1.12518 16.0708 3.46522 18.1208 9.54132 32.1287 22.8567 44.4507 10.7298 33.5452 7.9642 64.9637 32.5277 14.7826 30.8919 142.311 6.31274 41.6717 17.3112 53.7313 60.9685 75.726 139.911 100.513 40.8236 87.5587 0.0346132 59.7959
-69.2492 0.327248 15.6875 14.6248 12.3835 8.09372 9.3645 3.29455 33.3539 30.686 50.8115 9.27687 23.8465 40.0916 63.237 53.5238 26.0655 19.1394 119.474 4.03393 14.1831 16.176 83.1113 38.8801 49.8369 186.388 49.9298 39.887 125.862 0.021538 58.8577
-67.8318 0.301983 8.53513 8.7003 19.3124 15.3986 9.3645 3.29455 28.9937 33.4086 66.1453 6.61164 23.8465 20.2773 77.1644 99.3507 41.8145 19.1394 39.7219 3.60012 14.1831 27.5284 100.604 38.8801 43.2178 178.823 49.9298 53.4782 79.193 0.00746478 55.4399
-67.1273 0.571633 6.72274 6.04037 19.3124 19.016 8.46536 3.29455 28.9937 32.1368 66.1453 7.46751 23.5583 20.2773 41.4258 109.111 54.0016 32.5926 39.7219 1.25148 17.2612 31.3685 100.604 23.9012 70.317 170.481 49.9298 40.675 127.636 0.00399836 55.3843
-67.9719 1.32298 5.69676 6.83919 18.5757 17.7908 12.3583 3.29455 27.2504 37.6771 58.7075 8.38333 28.1453 20.5364 77.4821 104.946 52.4261 31.2572 26.5223 1.25148 10.5867 33.7439 81.1016 26.8636 79.1932 131.715 41.3856 49.4665 127.636 0.00295147 55.9404
-67.8328 0.209798 6.24904 1.35204 10.5828 2.31907 12.0188 3.29455 27.2504 38.1229 65.8502 15.3938 27.3458 25.7996 77.4821 96.7951 64.5703 27.3685 25.5925 14.9293 9.19594 36.1252 73.5439 22.5669 52.3068 160.809 41.3856 21.4654 49.1537 0.00343831 52.7317
-68.3817 0.464583 6.32259 3.44488 15.3239 2.31907 10.9272 15.0089 27.5316 27.7339 52.1301 18.1988 33.6378 27.8696 86.0632 100.682 59.2548 27.2139 11.7128 1.4531 19.536 23.8748 59.2581 39.162 46.2322 186.41 78.4517 58.9753 66.6236 0.00365302 57.4298
-66.068 0.374531 11.2491 26.2982 9.55391 5.29368 8.64419 15.6344 25.3435 22.6838 55.0245 14.3849 5.43613 26.5369 105.888 88.2543 48.6547 10.4419 46.094 23.7121 17.2543 21.3421 30.4971 60.7955 56.6381 176.113 73.4521 41.9012 72.1493 0.00534965 50.8574
-65.6155 0.332035 16.4513 15.6259 14.7381 5.29368 6.61443 40.9229 30.3263 20.3962 45.4644 6.43876 3.29533 24.4386 92.5487 82.0924 46.0033 35.5522 26.312 67.2717 6.79748 27.3903 38.7788 47.6391 29.3418 173.313 56.3108 67.2495 78.5591 0.0066927 56.4227
-66.2011 0.072336 22.3932 11.7888 10.9058 11.8324 9.57326 32.6467 6.98621 43.4507 39.9723 2.8923 6.67899 30.6975 71.0564 87.7757 46.021 63.8423 28.424 2.8888 53.6781 54.4865 24.288 30.6681 57.0801 174.45 23.3863 3.60587 74.3626 0.00566146 53.7365
-66.0808 0.0936279 10.5574 17.1358 11.434 11.8324 11.6384 57.4662 12.5785 34.8529 31.8002 18.9781 2.14456 35.3594 88.2993 80.8133 68.3337 57.7441 15.0123 5.26296 20.817 42.5354 36.0412 0.389618 60.983 194.499 30.4224 38.075 51.3789 0.0208217 52.769
-65.1628 0.0936279 11.6852 17.1358 11.7406 11.8324 12.4527 57.4662 10.5518 38.2053 29.9512 14.8332 2.2473 37.1817 88.2993 79.7765 71.1967 57.7441 15.0123 5.26296 10.6504 46.1326 36.0412 16.2734 70.9001 150.12 29.0253 36.1431 105.891 0.00333331 53.294
-68.1215 0.0504405 15.2457 4.3291 9.25554 19.603 13.1124 42.1974 16.0714 38.0827 37.68 8.12704 0.537977 29.8665 88.2993 92.6302 69.0871 63.668 15.0123 31.1097 3.26297 22.9561 25.657 18.3854 74.8096 168.125 84.99 15.4798 124.33 0.00769884 54.0666
-68.0163 0.521722 18.0682 6.13278 11.1216 12.8458 8.65003 47.7239 26.7757 25.6697 43.5729 3.64635 0.580022 19.4598 87.1169 105.34 67.2585 74.9401 8.11297 22.1197 15.0941 25.5317 33.6843 14.3423 69.8126 169.613 31.3809 15.6326 107.605 0.00742915 53.2081
-71.6358 9.3973 19.2515 15.9626 1.62585 13.3026 7.33022 3.51147 43.4715 10.9087 57.1022 31.0452 3.64568 68.468 60.878 28.9355 86.9683 34.3629 18.0904 32.5232 22.7866 11.2793 32.6587 18.8316 105.739 175.698 15.9678 32.4783 50.1858 0.00219535 69.0789
-68.5176 1.81045 11.0854 29.6856 1.47205 5.75627 11.9377 21.9529 33.4861 15.9168 62.9957 9.91644 3.64568 88.2545 60.878 35.1795 105.779 56.0725 4.92683 23.4886 18.9598 9.38404 37.1518 13.5563 80.6605 188.225 37.119 58.8206 52.1424 0.00815214 52.3232
-69.562 1.74429 9.17388 16.0927 16.8702 7.42703 12.1302 26.7051 30.9541 3.64772 62.9957 9.91644 3.4402 73.4548 59.0493 7.30724 105.779 71.9699 47.6036 27.9315 30.4687 25.5283 23.4383 24.6211 49.7023 179.411 18.3512 53.8526 89.315 0.00374518 54.0656
-67.6776 1.05215 5.10676 7.9294 23.9718 3.7151 27.7627 20.4339 54.5756 2.86703 61.0679 3.9578 5.61304 60.7119 64.7327 7.30724 56.597 71.8439 50.4234 18.3945 37.5458 24.1348 48.2233 24.8373 87.7877 178.063 46.7623 74.9079 75.8437 0.0116877 57.6518
-68.405 1.17077 3.545 5.90313 20.8524 6.87008 29.014 13.9246 54.5756 24.3973 40.389 6.42706 13.6971 34.3502 74.4822 26.5666 64.9697 59.8028 46.3188 20.3554 31.7478 14.0307 46.6331 25.5484 73.5128 191.6 44.4502 48.9443 37.4424 0.010339 51.4448
-68.277 1.34676 3.07183 11.2817 17.2262 3.31104 29.014 16.5292 54.5756 24.3973 47.4643 6.42706 6.86638 35.0961 40.9549 26.5666 64.9697 74.5747 52.2482 43.9583 34.3746 6.94391 35.6675 26.0506 100.184 140.136 84.9809 44.8411 13.5875 0.0113021 51.7445
-68.6196 1.72765 3.0034 11.2817 16.8033 2.07769 28.0356 34.9178 48.5997 9.25379 43.9103 14.1794 8.09551 32.3044 47.3008 23.2763 64.5969 59.2666 76.2322 63.2556 26.1872 6.05987 26.8861 22.9862 79.7892 146.732 96.1786 51.0001 40.1632 0.0153442 53.2202
-67.6796 1.24432 1.86936 11.2817 14.7163 4.71879 28.5715 23.0907 45.1462 4.04042 48.5756 29.7344 8.48851 24.7236 59.6921 33.7497 59.8748 55.9324 73.66 51.8126 32.3464 9.10535 14.0002 24.7149 99.8916 175.2 15.1144 24.2234 33.1311 0.00039955 48.7229
-68.4005 1.08605 1.06982 11.2817 17.0178 8.15656 28.203 10.8735 45.1462 14.7904 48.5756 32.5072 6.13535 40.8731 59.6921 18.3637 67.5783 65.4363 56.1245 53.2384 31.3557 16.4058 4.53911 25.2519 69.5969 166.532 68.4256 11.2812 68.3482 0.00030597 53.6934
-68.0758 1.1268 0.44428 4.50239 12.5181 7.95181 23.6132 13.7631 49.0773 15.594 37.1061 16.6781 37.5431 58.4827 62.0242 18.3637 60.3652 55.6606 100.042 27.9006 22.9887 14.3022 1.73433 35.5438 82.6751 166.926 40.4502 21.9892 94.7015 0.00030597 53.5498
-67.3818 0.422343 5.09324 2.28824 2.96832 24.6804 27.1732 9.54454 50.3824 33.939 34.2407 31.3603 19.9201 53.0809 24.6349 37.3251 63.8604 49.7217 100.042 7.44421 21.9412 30.9977 2.49862 70.6803 71.2439 135.211 57.4873 55.8395 33.024 0.0140088 54.4399
-68.1348 1.37642 3.27805 1.17542 3.40005 31.0187 22.8001 10.6326 53.926 23.9272 8.90145 29.8883 11.6537 49.4591 44.5659 43.0757 59.8416 49.7217 125.147 11.5013 16.9532 31.796 5.93682 51.9327 61.6907 140.091 86.5011 18.9902 52.9478 0.0117372 51.4419
-68.0357 1.42642 3.27805 3.05583 9.42083 25.5478 22.8001 10.6326 53.3139 23.9272 17.1907 20.4122 10.8196 50.3361 19.4377 43.0757 59.8416 71.5685 125.147 11.224 16.9532 32.043 6.65606 51.5967 66.7604 140.091 96.1204 9.65779 52.9478 0.0148874 49.8735
-68.0549 1.75238 3.27805 2.75575 9.42083 17.9617 28.7079 17.1732 53.3139 20.3675 38.5157 20.4122 5.2757 65.1324 7.28055 44.9719 53.3714 68.0004 107.086 21.4936 16.9532 35.3795 6.05259 59.8101 51.0413 134.645 68.7754 42.7105 11.1383 0.008077 50.8032
-67.1518 1.22736 2.06971 4.07683 14.6564 15.863 2.89095 20.835 53.3139 20.3675 38.5157 20.4122 25.2943 71.0956 3.18043 42.0151 57.6431 68.0004 107.086 13.1496 22.7578 23.7205 8.20635 64.1859 59.5432 166.62 19.646 34.7441 7.19732 0.00346493 49.9541
-65.9852 1.01756 13.0714 3.9861 22.8226 19.4788 2.89095 20.835 53.3139 20.3675 28.1902 4.18439 30.5305 66.2946 7.183 45.6526 55.9552 66.5856 107.086 17.5755 17.1051 4.12083 17.6983 92.6904 26.3644 165.162 61.2032 14.7678 6.57036 0.00698185 51.2375
-67.9255 1.74259 11.0519 4.2375 24.6856 14.5951 2.89095 16.9949 53.4494 20.3675 19.8398 11.6948 18.9068 44.9294 7.183 58.8708 115.769 54.2159 40.1068 26.7468 22.3392 14.0591 28.093 92.6904 47.8735 140.405 81.6854 34.5448 72.7151 0.0124772 53.5624
-68.2942 3.51841 5.7445 18.2733 22.0102 4.40085 5.93132 30.0227 56.4199 11.0333 20.0197 12.4081 17.2767 65.466 16.0568 60.0578 115.835 84.6258 26.5832 10.7925 12.6649 16.902 13.102 49.2057 66.4852 118.695 118.406 53.9531 59.5946 0.0131671 56.9569
-69.6738 1.42708 12.0604 18.3726 15.0342 4.40085 8.43151 30.0227 71.9111 6.7847 15.9598 9.41428 12.8855 65.6051 5.22349 58.0151 115.835 84.7304 30.4728 12.4353 10.4212 25.0249 20.7958 61.2889 74.227 118.695 64.1238 89.8903 16.5235 0.0145522 55.8755
-67.7023 0.849587 19.3239 19.1639 16.9775 4.40085 3.2531 15.2945 63.3095 22.5735 15.8263 34.6877 4.13544 68.4845 5.22349 84.0848 49.9202 79.0354 33.8299 21.1704 3.08464 45.4622 17.5669 62.1762 62.2538 178.9 63.3339 147.93 15.7238 0.00293016 54.0899
-67.6395 0.895733 13.3144 19.8101 1.32299 13.6255 6.81678 8.81871 78.5286 12.5927 24.5286 56.1331 4.13544 27.33 24.439 74.6894 45.5138 85.9108 65.9084 18.9093 8.66259 3.32095 12.2119 85.9652 57.8114 163.24 30.0252 48.4854 8.33324 0.00212259 54.7952
-67.7132 0.907855 8.61206 25.5808 4.88463 6.63517 15.3457 6.14754 78.5286 32.9393 26.941 42.8213 14.1878 25.9393 24.439 61.1874 46.3847 67.8951 65.9084 14.287 35.0267 12.0612 12.2119 85.9652 32.2464 205.457 48.4127 0.280542 8.88413 0.00464102 59.983
-67.9516 0.794623 1.18517 21.3882 4.64264 10.0033 15.3457 6.14754 66.7896 31.8295 17.5798 38.2275 6.04183 25.9393 20.0013 61.1874 44.6538 82.4941 63.4564 13.3316 40.6093 12.6843 31.8602 96.1156 54.7153 147.923 61.874 15.7846 10.8178 0.00458916 54.4438
-67.5236 0.895728 4.02106 29.5547 6.92078 10.0033 17.5923 6.14754 39.9949 23.3388 24.7088 40.3545 18.4716 25.9393 20.0013 77.029 34.3454 77.7523 62.3447 14.9276 32.3768 16.8359 45.3392 90.8148 10.5942 124.255 160.781 108.611 20.0046 0.00382144 54.3507
-69.3018 0.610175 3.4745 20.4088 7.25851 7.90202 27.9871 6.14754 39.9949 39.519 25.9571 31.9914 12.6218 37.6919 20.0013 61.3726 28.0437 77.7523 62.3447 15.6036 36.7059 16.8359 53.0274 81.8607 29.6922 120.889 66.1772 37.0777 31.7204 0.00233782 55.9484
-68.9475 0.973456 4.74673 18.115 5.34029 5.24356 27.9871 15.0813 40.2442 32.9113 9.80088 28.9474 12.6218 4.83455 75.1349 65.7108 28.0437 82.4028 62.3447 4.3426 2.57135 25.8932 53.0274 81.8607 40.8551 120.889 140.723 21.3476 30.0332 0.00141488 55.56
-68.9553 1.17973 4.6081 20.979 5.28135 4.20363 27.9871 15.6711 60.3769 16.4004 5.30102 7.3755 54.5378 4.83455 75.1349 65.7108 41.8821 47.5236 62.3447 25.6247 17.1124 27.6612 53.0274 81.8607 30.8204 106.966 150.562 30.2262 51.5714 0.00149987 55.7382
-66.9238 1.49678 5.38488 23.6689 1.91407 4.20363 27.9871 14.7114 46.8989 10.8625 8.30383 7.3755 55.1808 6.18747 75.1349 65.7108 29.9447 47.5236 62.3447 40.4532 38.4091 18.2398 53.0274 62.0419 42.4749 140.787 114.133 74.6943 56.1797 0.00344545 56.3558
-69.7677 1.79366 3.3407 24.5763 5.66389 2.76646 21.7608 10.1787 26.0165 23.9368 12.2758 23.8303 55.1808 6.18747 19.718 108.888 29.9447 48.804 62.3447 40.4532 41.6879 12.615 59.4252 59.5308 48.8543 142.151 92.0819 2.65087 34.0176 0.00226823 58.8788
-69.7677 2.59853 5.63006 22.9507 5.66389 13.4653 12.8384 10.3596 23.1021 37.4754 13.869 24.7274 55.1808 39.9606 19.718 108.888 22.8999 46.8212 56.3408 31.0692 37.6648 12.615 57.7184 55.3204 35.5512 144.236 53.9994 32.1354 69.7463 0.00117564 57.9104
-66.4714 1.23371 3.97846 22.9507 7.9929 13.4653 9.08152 15.9719 28.2435 30.7757 5.84984 21.3235 63.7489 45.7138 19.718 97.9293 31.8559 50.3318 46.6807 22.9245 55.6254 29.9785 32.2168 35.2691 72.2144 202.669 13.2394 87.1514 67.9254 0.00640379 55.3033
-67.7839 0.338476 4.09115 17.6052 13.4096 13.4653 15.6638 5.57425 40.0597 15.0773 0.910056 15.397 63.7489 35.2323 19.718 97.9293 32.9484 64.7905 77.5665 38.1715 45.9293 26.0129 35.4382 5.07965 73.8846 205.831 9.76969 30.4099 64.4992 0.00748606 54.1282
-66.9367 0.462597 8.65544 19.0094 13.5221 13.4653 14.5784 15.8724 12.3262 19.2693 8.52142 14.589 86.4893 35.2323 19.718 78.1073 32.6585 64.6114 77.5665 30.5079 35.9237 13.3169 49.0048 22.8443 71.743 192.184 16.142 44.6242 19.8588 0.00753667 51.2935
-67.4851 0.338864 15.5391 17.335 18.801 0.89043 11.8505 13.7645 20.6861 8.71998 14.63 14.589 95.7616 37.8319 21.7374 92.2735 38.8797 39.5876 100.87 21.8151 3.23126 34.4748 32.0524 36.1599 62.4209 172.815 69.1464 50.5881 13.3545 0.00879093 54.0074
-67.9656 1.55394 9.86412 21.4235 17.606 0.89043 12.4352 8.74319 11.8877 15.0982 14.63 7.90085 84.7428 18.756 31.1605 110.756 6.19383 49.5401 125.72 36.0863 7.53007 37.8226 1.98165 44.2445 73.1943 142.277 59.9059 45.6123 23.3187 0.00647711 54.0095
-67.7557 1.32256 9.14739 19.9913 17.606 0.89043 22.2648 5.76873 19.1348 18.5264 14.63 3.37699 95.2885 36.8192 31.1605 74.9773 6.19383 49.5401 141.525 35.0472 7.53007 37.8226 1.98165 50.3267 73.9739 120.037 59.9059 45.6123 23.3187 0.00661326 54.1563
-67.868 0.417752 11.2003 10.435 17.606 0.89043 29.3033 13.394 9.29203 22.3012 10.8866 3.37699 98.1737 36.8192 31.1605 65.5749 13.7737 52.8666 141.525 37.3546 2.74625 18.7258 1.90341 49.8327 81.2191 154.03 99.9476 68.2351 27.2345 0.00125929 52.9652
-67.5209 0.442665 15.0401 13.6626 17.6244 0.89043 13.4576 11.237 16.325 24.0718 9.62756 3.37699 93.3027 43.7031 28.4048 73.4426 13.264 13.324 141.525 37.3546 2.2963 58.3473 3.04568 37.3957 78.1146 154.03 116.584 84.5847 27.2345 0.00173313 55.0815
-68.0583 0.764127 8.39804 13.6626 13.6279 20.3904 4.89887 17.4982 8.96013 17.3549 1.05413 25.0863 93.3027 103.399 16.2728 12.1026 28.4668 35.9445 141.525 39.2644 1.29188 32.9933 17.5057 43.1278 59.1957 152.212 56.1954 7.52681 49.3234 0.00210587 52.373
-68.2196 1.21398 10.5034 13.6626 10.1673 18.3593 8.81744 12.3653 10.3558 17.3549 14.5897 4.63725 103.204 144.768 23.9318 55.3021 28.9628 21.2554 72.7306 31.653 1.29188 12.3979 17.6028 43.2869 71.4432 129.316 67.334 11.7067 132.919 0.00108334 52.9818
-68.3366 1.48621 6.37598 18.3747 9.20361 17.5205 8.78843 13.2298 6.28167 21.0312 12.7672 7.79637 83.9434 162.73 21.97 61.8084 11.1535 16.8765 79.9785 38.9018 10.8553 12.3979 8.10659 46.9607 82.739 126.695 124.993 20.7072 69.8994 0.000999738 52.1284
-69.0804 0.909609 0.566871 21.0347 11.7436 27.5644 12.2403 10.6527 8.38532 7.17925 23.3114 5.67693 83.9434 163.756 22.7475 61.8084 13.6495 11.3488 78.7966 53.8393 10.4272 2.58168 1.7482 30.6829 84.9282 114.621 125.33 16.6858 66.4833 0.00992483 59.4363
-69.0804 1.35927 0.566871 21.7407 10.503 24.192 3.48621 14.9766 14.453 9.40144 23.4467 3.2134 98.7431 154.057 15.5229 61.8084 27.851 11.3488 73.12 63.4976 11.4653 2.58168 1.7482 35.7805 84.9282 90.7834 126.584 42.1649 15.977 0.00961731 56.4521
-68.8133 1.27344 0.566871 17.6862 8.12069 24.192 5.47875 9.66923 17.983 5.57021 22.5293 2.65013 98.7431 83.9814 15.5229 61.8084 41.661 70.7113 71.6998 53.4361 35.8628 11.662 1.7482 31.7521 69.895 98.6048 126.659 30.4357 15.977 0.0098356 56.4822
-68.8133 1.73112 5.49001 22.6284 2.58685 24.192 2.64226 14.9771 11.3358 5.57021 56.9744 1.60942 64.5496 38.0068 15.5229 68.9959 52.065 106.077 71.6998 53.8763 25.0927 11.662 1.39636 46.2915 60.5739 91.7176 111.556 159.979 29.9513 0.00987647 58.4854
-67.7177 1.37192 10.3142 21.3442 2.04433 24.192 4.83278 14.9771 11.3358 4.29491 56.9744 1.19495 64.5496 36.3602 15.5229 63.1296 52.065 106.077 74.3685 53.8763 25.0927 11.662 3.63466 45.1423 60.5739 95.3225 102.233 159.979 13.8165 0.00959223 57.1287
-67.7496 1.03742 15.0021 23.1103 2.12476 21.7496 3.12751 5.09815 5.90966 2.21854 56.9744 1.19495 64.5496 30.6611 41.2686 63.1296 50.1398 106.077 69.0237 53.8763 34.9757 7.72501 7.19289 21.495 67.0653 68.3639 130.898 237.159 3.28377 0.0136243 60.9053
-67.7496 1.30419 15.0021 23.1308 1.1799 24.3214 5.21222 4.79696 5.90966 2.21854 56.9744 0.630686 64.5496 30.6611 41.2686 63.1296 50.1398 106.571 69.0237 55.6212 35.0385 7.72501 7.19289 10.9193 77.69 68.3639 165.331 205.316 1.47698 0.0120641 60.1408
-69.1346 0.864297 12.6004 19.7202 2.28798 24.6981 5.40767 12.0641 5.08839 2.21854 56.9744 2.33577 75.786 30.6611 28.9632 78.1302 36.9073 147.304 23.9164 64.123 28.395 7.72501 7.19289 7.88532 102.699 25.43 165.331 181.602 27.3976 0.000661307 61.7085
-68.1503 1.42115 6.21711 8.88974 1.87235 38.5876 5.40767 7.51823 5.08839 2.21854 60.0099 1.54513 75.786 8.32441 28.9632 78.1302 29.5147 147.304 5.73692 64.123 14.3581 29.9326 0.816269 14.8088 135.459 25.43 244.118 37.2179 27.3976 0.011828 60.4385
-68.0036 1.37164 9.33473 8.93813 2.33327 36.3279 6.65652 7.90151 5.08839 2.21854 52.4262 1.10107 75.786 8.32441 28.9632 90.3119 54.8186 147.304 27.2517 64.123 26.6744 11.2145 0.66864 14.8088 90.2172 25.43 289.435 77.216 53.5456 0.0127355 58.4595
-67.7688 0.980679 13.8391 3.65066 3.92976 36.3279 6.65652 7.90151 5.08839 2.21854 52.4262 1.10107 75.786 18.462 26.2038 90.3119 44.348 147.304 18.9227 72.482 27.9562 11.2145 1.1103 14.8088 90.2172 25.43 214.891 71.7981 53.5456 0.00393195 57.6607
-67.4123 1.59471 13.7344 3.65066 3.92976 29.5561 8.38766 7.90151 4.60375 15.6652 52.4262 1.10107 56.825 18.462 45.4362 38.5313 24.8942 147.304 48.1892 68.1267 33.7608 11.2145 1.98425 30.4184 81.2293 56.4634 228.965 35.4753 81.5442 0.0196493 61.6729
-67.3733 0.0708201 15.9555 2.278 3.92976 29.5561 18.3163 7.90151 2.21402 16.0905 52.4262 7.399 56.825 18.462 47.3211 37.9823 21.1597 144.721 48.1892 75.3787 41.7851 15.2841 2.45726 24.0651 92.6712 56.4634 213.87 13.4057 112.139 0.0238662 62.467
-67.4768 1.65899 0.473699 10.6711 3.92976 22.8312 30.7272 7.90151 13.184 11.4515 52.4262 11.9529 56.825 18.462 25.8202 34.7485 8.77705 144.721 64.5156 23.6299 47.062 10.5782 2.45726 83.7488 90.8887 63.0478 180.651 12.8563 112.139 0.0132212 59.7511
-69.0063 1.6033 5.07215 10.6711 5.04218 15.1143 25.1465 19.8956 11.0356 3.75402 60.9766 7.63668 57.3053 15.7253 25.8202 22.7359 21.6584 144.721 64.5156 15.4992 47.062 12.4652 5.9946 74.4266 110.886 63.0478 182.836 47.8653 179.75 0.0167033 62.9171
-70.3313 2.78976 4.64265 10.6711 12.4204 13.5368 13.562 31.2475 9.70307 6.25195 51.7469 11.5743 48.6667 28.0157 20.6757 71.5897 15.4284 146.531 52.528 21.3042 60.3638 20.8218 4.1839 38.4869 63.5372 88.8212 177.636 8.47353 93.7168 0.0170008 63.7977
-71.0509 2.71349 6.20125 18.0617 13.8104 7.62716 12.12 31.2475 6.08628 2.45693 39.5674 17.1139 51.2992 35.7991 54.6129 59.0614 13.9966 146.531 53.2679 21.1574 52.6878 17.4259 4.17379 21.0339 82.6462 73.509 182.084 29.1006 85.4356 0.0312712 60.2937
-69.5616 2.07632 8.91613 13.9731 13.8104 6.85045 19.1329 25.6314 4.94936 22.7894 26.7631 29.416 27.3453 23.9083 84.7684 65.8051 9.24182 138.617 46.1107 13.16 47.0394 16.1553 4.56179 21.0339 95.761 86.9321 88.9239 20.7482 194.535 0.02144 59.2009
-69.8808 0.92391 9.30772 25.9474 4.90178 7.1037 13.357 21.0447 4.94936 23.7584 14.9161 34.5798 47.1432 32.9232 84.7684 65.8051 9.24182 107.026 58.9941 13.16 34.0602 21.1436 3.9273 21.0339 95.761 155.129 50.3971 22.1547 117.344 0.0256502 54.8676
-67.4878 1.6388 9.40815 22.6416 7.73417 8.29178 13.9114 25.1032 7.01177 35.0431 12.5446 22.0687 58.7978 18.2824 89.1404 63.674 8.50724 104.645 55.1648 17.6215 14.8276 30.8269 4.89226 21.0339 109.859 136.676 44.4105 31.158 85.1826 0.016327 53.1699
-67.4625 1.2704 6.20262 15.5774 3.71542 26.0159 7.65448 5.11528 4.21741 46.7013 27.4393 29.6981 50.8507 31.3296 89.6747 54.6902 0.237773 111.983 55.1648 6.19726 2.41236 55.1237 2.41613 21.0339 109.859 178.15 48.2304 39.1014 8.53652 0.016327 55.0323
-67.2437 1.0556 8.14818 11.7972 3.71542 29.5783 7.65448 5.65863 17.1424 24.899 27.4393 17.4999 56.95 31.3296 97.4687 51.7996 3.94537 111.983 55.1648 6.19726 5.84194 71.6934 3.0727 21.0339 109.859 158.284 4.6136 10.4957 18.4536 0.00835451 52.8577
-66.3201 1.0556 11.0534 12.8673 3.71542 29.8482 6.91688 11.6461 11.0433 28.9395 27.4393 13.1349 52.8965 31.3296 98.1188 66.4041 1.4467 111.983 54.464 6.19726 5.84194 71.6934 3.0727 21.0339 80.4705 125.304 86.8863 43.0516 10.269 0.00835451 55.0616
-65.6261 1.53751 9.37492 11.5067 3.71542 31.946 11.0764 2.29919 47.6548 23.8489 31.4238 14.5896 32.4044 31.3296 83.1988 79.5492 2.19103 51.5274 73.591 30.4581 17.0496 71.6934 3.2591 21.0339 76.7419 125.641 73.2411 57.7205 54.6295 0.00560457 59.0461
-67.0387 1.38289 10.6306 8.61453 3.71542 25.6241 16.4543 5.2122 47.6548 24.9293 11.2403 18.186 31.0467 33.4248 103.43 82.0358 6.17143 54.5215 36.8009 59.2255 14.8269 60.184 0.0843262 27.5105 95.039 114.339 72.6702 11.4711 55.2286 0.0187077 59.3658
-69.7974 0.946391 7.98694 13.2531 3.71542 33.7089 3.02277 12.2762 52.4818 27.8109 14.9658 18.3554 25.526 20.3483 100.683 49.8352 5.8353 66.0264 34.3005 75.3362 4.62363 63.4598 2.2739 29.6133 82.2199 141.507 72.5772 19.6978 16.1522 0.0187077 59.5755
-68.1189 1.54178 8.05052 12.292 8.05866 32.3368 3.02277 18.5026 52.4818 25.9445 14.5292 18.3547 25.526 20.3483 93.9721 45.7674 8.50983 97.1687 32.2148 75.3362 3.85422 48.8943 17.4942 23.1124 88.174 86.67 72.2781 46.5189 8.77457 0.00152736 53.7927
-67.6261 0.637181 4.1503 8.98448 9.40937 35.2225 6.09208 4.35303 51.217 21.1375 19.3306 17.2747 30.971 46.9175 61.7903 10.11 9.06819 133.102 49.8659 62.6709 11.3347 11.1642 24.502 39.7092 98.2585 131.775 71.673 45.8881 31.0842 0.013963 52.5259
-67.4382 0.648807 7.69831 4.79886 10.9382 33.1688 8.4021 7.01453 42.0831 25.8932 20.934 21.5293 29.0414 28.2454 56.0114 10.11 11.6551 133.102 72.889 74.8383 22.038 0.618429 9.46559 54.9836 74.4231 136.516 72.6674 32.1125 43.9868 0.0124673 53.6509
-66.7993 0.301244 12.6979 7.94284 14.0417 21.8702 6.96992 9.58331 40.6 30.6359 24.0363 9.45934 27.4384 48.9369 56.0114 17.7573 15.9455 120.095 61.7481 70.8139 7.45163 2.12445 26.3979 4.56604 74.4231 182.634 67.75 7.97681 130.234 0.0211 58.1527
-68.033 0.168442 12.3217 1.7389 10.7213 23.2305 8.60081 17.9901 40.6 31.9934 21.4346 7.44254 25.0955 142.942 45.8452 17.7573 26.3965 79.4593 46.8754 29.8441 14.2615 9.34893 12.491 59.2535 69.5531 142.21 64.6247 12.4143 108.569 0.00885225 53.4464
-67.4188 1.22032 7.99854 4.13785 19.4348 26.1268 8.60081 0.891272 34.2649 32.3496 16.0305 12.22 21.5013 198.038 45.8452 17.7573 23.6179 38.9621 54.4108 22.7597 11.822 9.34893 18.3783 66.2326 70.5494 132.94 60.2215 18.6877 149.287 0.00435916 55.5035
-67.6608 0.787251 11.6215 4.19826 12.1272 26.1881 8.71381 24.4554 34.2649 23.5064 25.8815 12.22 24.8278 198.038 36.5446 17.7573 23.0431 29.6912 58.4362 22.7597 9.10997 6.26542 18.2244 69.0686 53.8222 132.94 67.6455 17.2103 158.654 0.0113807 53.8949
-68.3357 1.55405 5.57583 3.76248 17.7667 30.4547 9.09691 5.465 34.8449 32.5824 33.9295 12.22 38.5429 119.394 63.4121 17.7573 37.2208 25.7187 73.9595 30.1925 14.5125 28.2701 18.2244 55.1485 30.6763 127.514 22.8432 21.5756 10.8892 0.0113807 57.4461
-68.8692 1.2831 6.58372 4.94643 4.82331 34.7754 9.67433 5.465 34.8449 32.5824 26.3873 10.4738 38.5429 76.9261 61.3458 17.7573 72.5286 21.5222 73.9595 33.359 9.66951 39.7263 18.2244 54.2759 30.6763 221.371 22.3868 16.3489 14.1376 0.0155727 54.044
-70.081 2.35535 6.58372 1.34746 7.9666 34.7754 9.54595 8.83871 34.8449 56.667 36.2384 10.4738 11.6558 84.3963 61.3458 37.2041 72.5286 18.349 71.9099 17.4518 6.44344 39.7263 9.34601 64.6254 43.6624 171.596 23.1737 12.3246 33.4596 0.00462329 52.5938
-69.4205 2.29779 11.0321 1.34746 10.3229 35.9982 9.06157 13.9687 10.3343 58.7186 36.2384 7.48032 11.6558 77.1894 61.7392 37.2041 72.5286 27.8443 83.238 12.1336 5.93409 55.125 9.34601 51.2534 43.6624 176.489 24.6355 40.0288 33.3796 0.00462329 53.5867
-67.8904 0.612091 18.7285 4.65906 11.4047 19.1771 8.86162 13.3307 6.46764 57.7837 34.2653 5.57042 27.8362 38.2427 62.6563 37.2041 72.5286 21.4995 83.238 9.8731 5.67334 55.125 61.2657 37.1243 39.8168 183.613 24.5909 23.3917 6.21253 0.00900392 50.876
-67.6284 0.721194 15.0777 7.26149 10.49 19.1771 14.9531 5.23695 11.9013 96.6388 12.6703 5.81411 11.5282 38.2427 66.3522 37.2041 72.5286 21.4995 79.0558 1.10298 5.8741 52.2887 61.2657 54.4009 31.6554 175.358 25.4886 3.05369 105.897 0.0366607 58.3499
-67.5328 0.244017 18.4256 3.97754 10.49 17.5321 10.7313 4.12872 10.9312 96.6388 29.5556 5.81411 11.5282 38.2427 65.825 51.4408 67.1109 21.4995 79.0558 7.38666 2.52121 54.5661 48.2024 39.5363 31.6554 192.117 29.3437 3.05369 3.03656 0.0399968 54.3638
-67.9737 0.345119 2.84961 7.70299 6.99739 21.955 27.3989 8.81872 3.58236 75.5713 31.3101 17.5672 11.7074 85.9093 65.2884 40.1687 77.4695 15.1767 77.1281 4.78407 6.9815 61.7221 3.27682 22.2577 89.1552 153.664 35.5679 19.5077 22.2542 0.0255688 56.3759
-66.9828 0.512648 3.68859 9.06313 3.8525 24.4236 27.3989 5.50776 9.35408 75.5713 31.3101 18.1842 14.8994 83.8682 63.5498 19.3508 85.3991 28.1207 56.7956 10.5784 10.4671 48.9964 3.72315 22.2132 97.7447 213.261 11.8124 22.4315 9.32688 0.0233622 54.3896
-67.4634 0.340196 6.55326 10.1705 2.85276 15.2708 27.5749 7.20117 6.16554 49.2729 10.4092 32.1595 14.7635 106.889 59.4707 76.7437 74.1 31.7252 33.276 8.94586 5.83335 29.8111 47.1578 38.5169 47.3938 169.719 43.2025 20.7716 5.34954 0.027324 52.0729
-67.3931 0.860312 1.95238 7.37769 6.76124 14.6412 28.7039 16.8548 6.43841 56.5027 41.0404 22.2312 14.4652 77.3505 53.1426 47.5635 40.7985 38.7454 6.78987 52.0764 7.76382 32.6982 58.0943 48.5896 46.6781 220.032 12.2346 43.7745 16.4905 0.0278974 56.3039
-68.4735 0.760866 1.08186 8.1583 17.8973 13.403 1.29443 21.8565 41.8199 54.8587 37.1467 7.16694 14.9227 68.8345 113.002 47.5635 22.1702 42.9769 3.56007 33.5403 9.23661 31.0046 60.1911 50.9452 45.8667 161.241 48.641 38.0847 2.62488 0.00640593 54.2694
-68.223 1.38793 2.77743 4.63771 20.9577 31.8676 0.0513912 4.16504 41.8199 63.2043 4.87166 29.1562 16.0906 59.4626 97.6221 51.1067 36.8608 70.6794 3.56007 31.9128 8.10374 10.2408 60.1911 46.6843 45.8667 148.329 87.8292 28.6624 15.4402 0.000868124 53.82
-67.7229 1.109 10.2039 0.740889 15.7389 31.0283 5.94697 4.16504 58.2395 67.7832 6.79388 30.8551 16.1413 63.6948 97.6221 44.5824 19.599 87.3307 3.56007 44.908 8.35747 10.2408 27.4446 43.2585 45.8667 138.537 83.1992 54.475 19.1242 0.000868124 52.5859
-68.492 1.59581 9.06023 2.24173 15.497 13.8036 5.94697 2.75362 58.2395 53.7741 14.9649 30.8551 16.1463 54.525 97.6221 44.5824 19.599 87.3307 3.56007 44.908 9.05149 36.657 31.2603 42.9637 51.5587 203.329 41.4492 11.0843 31.1121 0.022588 58.0684
-67.8292 1.16943 2.88906 2.97584 8.33076 4.78938 14.0376 10.2473 58.2395 46.0911 10.6815 37.6912 9.39297 52.2971 89.8921 61.3472 15.7677 105.669 13.119 40.2615 7.74349 30.752 29.4661 31.1369 43.2462 232.828 29.0637 0.419431 32.4112 0.031911 57.6741
-69.3668 0.966027 3.72633 7.76857 7.68859 17.8965 10.9616 4.67533 63.5528 59.2809 12.9091 20.6651 9.39297 63.2433 74.8977 37.9086 18.5853 152.287 13.119 34.796 3.56117 3.8235 42.7624 20.5769 40.0165 230.758 15.9835 57.5414 40.9575 0.0415521 59.4763
-68.4355 0.612588 3.26002 7.69591 10.7643 6.27911 1.2976 21.56 63.5528 45.7321 28.0586 12.2721 5.08483 63.2433 63.3128 37.9086 3.28641 152.287 41.5555 40.7189 8.26397 0.382486 35.8728 24.1111 50.8597 204.245 37.117 91.6257 31.5118 0.0539091 58.5583
-67.3131 0.710632 4.41823 8.95026 17.3218 6.69583 0.0409159 13.455 63.5528 11.8914 50.5295 9.39438 16.3729 65.7527 70.82 11.7726 16.0872 152.287 41.5555 17.3125 8.26397 6.00728 35.8728 40.7158 64.3025 178.263 49.1106 72.9486 34.9766 0.0421011 54.0245
-67.3003 0.5443 8.2089 12.0885 17.3218 6.69583 16.2514 29.051 63.5528 12.7657 39.3356 1.03493 16.0369 46.6381 54.294 11.7726 2.23011 152.287 36.6925 12.6706 62.4615 12.12 26.7594 60.4867 58.1325 144.547 111.713 8.83616 15.5095 0.0421011 55.4827
-69.1507 0.658456 9.58632 17.3234 17.3218 5.27585 10.2074 9.87844 59.1706 19.4551 45.4527 11.5638 16.9344 83.7298 42.057 20.6185 2.23011 152.287 14.6876 24.5822 59.6047 34.5091 1.71173 31.576 60.1318 107.173 111.713 3.77934 204.507 0.00591729 59.7873
-68.6763 0.624506 10.269 11.5926 16.335 15.7393 8.99442 20.7357 38.2914 25.2417 36.6482 43.7009 20.0209 80.9964 34.9361 20.6185 2.23011 152.287 28.0215 30.2322 59.8627 7.52057 0.7443 12.8609 73.0547 115.485 103.666 28.9742 38.3175 0.00882585 55.1963
-67.6836 0.365773 3.95462 1.51337 19.7734 8.49926 1.16058 5.50218 48.254 25.2417 36.8717 37.8557 21.1706 76.2739 33.5422 32.9672 28.2225 152.287 26.3026 20.9085 52.3762 7.52057 1.89098 30.6756 81.9262 116.002 144.066 43.4156 12.8803 0.0167624 53.5774
-67.7223 0.53571 2.39472 13.2748 5.75486 6.0336 27.9684 9.61962 44.6955 23.6376 34.6888 32.8754 19.014 59.051 16.1567 42.0268 45.2928 152.287 27.9792 14.356 27.9221 27.0179 5.27813 30.6756 71.0884 112.5 185.295 52.7139 10.2709 0.0163259 53.0309
-67.2553 1.21594 4.61103 7.11367 12.6022 6.09584 3.52885 9.61962 44.6955 19.5988 48.2113 26.2584 17.9199 56.4299 48.4374 42.0268 45.2928 152.287 16.3953 11.1151 73.2732 6.7771 6.27075 49.8819 54.155 52.1829 240.657 62.3524 30.9923 0.0127435 54.9006
-67.368 1.17841 3.19161 7.11367 13.6883 0.395903 13.6581 21.1473 35.9293 4.28555 60.576 26.544 16.0596 96.4393 49.0009 11.9379 23.2465 148.723 22.8333 11.1151 61.0675 8.71255 12.2339 49.8819 54.155 52.1829 199.008 119.126 125.18 0.021409 59.3979
-68.2312 0.630815 4.4031 5.06825 0.595347 3.93512 11.1044 9.64249 39.4738 4.28555 60.576 26.478 30.6897 96.4393 49.0009 28.8821 22.2795 148.723 22.8883 11.1151 61.0675 6.87121 16.101 34.3679 60.1985 18.0091 243.681 83.8215 107.97 0.0184748 60.3723
-67.8609 2.10173 5.39373 8.42315 0.595347 0.103654 12.8762 9.64249 51.3341 4.28555 60.576 27.7694 30.3018 94.7898 51.8246 39.9228 26.7729 125.855 9.06016 6.77759 44.3907 5.56509 19.3525 64.1807 66.5344 42.5481 186.209 59.8659 14.4741 0.0241882 60.7427
-70.653 2.11162 3.32222 4.99681 4.17361 2.31508 12.8762 12.9553 33.6217 10.0196 72.0316 34.0622 30.665 94.7898 14.6521 39.9228 27.1049 125.855 44.3415 2.2874 46.3693 14.1569 25.2999 31.4235 72.1251 42.5481 244.198 35.0456 14.4741 0.0197885 58.8441
-66.6457 2.82275 2.51261 9.05558 1.42431 2.31508 2.30075 13.7834 24.6994 10.0196 72.0316 43.8903 21.6902 94.7898 14.6521 22.1192 27.1049 125.855 29.301 2.39603 24.9047 1.34378 62.1191 57.4877 72.1251 42.5481 312.945 53.9023 14.4741 0.0293919 66.2408
-69.2893 2.0871 4.69914 9.65527 3.61486 2.42467 41.0552 3.81762 19.8784 10.0196 88.175 43.8903 17.6469 90.4605 10.0162 26.1096 26.906 125.855 11.2955 4.28145 34.5281 33.8788 19.1147 42.767 76.5151 28.5665 271.729 8.06855 14.4741 0.0210006 61.9238
-67.302 1.71736 4.69914 7.44963 3.61486 5.86233 41.0552 10.3484 18.3831 10.333 49.3285 43.8903 17.6469 90.4605 44.0475 20.5459 53.2435 125.855 11.2955 3.43405 36.1738 41.736 20.5653 33.6825 61.5326 28.5665 241.453 10.4613 7.76694 0.0308117 57.1421
-68.4113 0.501647 4.69914 9.62809 3.61486 5.86233 41.0552 14.0697 18.3831 13.7739 49.3285 43.8903 17.6469 90.4605 46.6973 20.5459 45.8418 125.855 11.2955 3.43405 31.0842 41.736 20.5653 33.6825 60.483 51.4924 241.453 10.4613 45.0292 0.0124623 52.4816
-69.3204 1.03435 1.57548 6.29679 16.3733 10.492 27.786 21.0699 5.97324 13.7739 61.5318 43.8903 12.1574 105.908 42.0271 20.5459 40.3596 120.26 11.2955 1.88105 23.4092 38.3942 20.5653 49.7771 92.3137 36.4991 224.189 10.4613 40.6138 0.0210011 57.8511
-67.8939 0.728416 4.20555 13.2989 11.7374 11.6507 22.967 29.8712 6.03405 12.6609 63.0017 27.9121 10.6428 90.6451 32.614 3.51085 32.5567 139.637 28.4374 3.90904 30.9952 37.6456 24.8768 30.9415 87.1917 79.8631 182.359 43.1077 34.5725 0.00412593 53.586
-68.0508 1.24697 4.44397 14.0674 9.39639 13.9354 22.967 16.0473 6.03405 22.7555 58.4515 21.2071 8.70563 90.6451 49.2067 10.512 35.5017 140.371 34.821 4.51011 27.5312 28.1131 13.5397 30.4019 99.3679 79.8403 169.807 31.3237 33.5353 0.0111081 51.2053
-67.8869 1.9804 1.90753 17.9314 9.39639 13.051 22.967 13.4924 6.03405 27.9151 50.2507 26.7995 8.70563 90.6451 47.2071 10.512 45.9509 134.345 32.9166 1.51783 31.8411 27.3939 20.5949 30.4019 84.6825 77.8798 169.807 31.3297 46.3636 0.016889 53.5031
-68.1163 1.56109 2.87899 16.195 11.4378 16.9089 22.967 7.79589 6.03405 27.9151 50.2507 26.0377 8.70563 90.6451 53.9539 14.0655 46.353 134.345 27.3254 8.56201 44.8476 25.761 8.85044 30.4019 66.9728 80.7774 181.71 23.4246 29.604 0.0294086 54.872
-68.7048 1.56109 4.02248 13.8431 8.48182 18.7125 18.2447 6.14096 16.4149 29.811 50.4458 26.0377 21.799 91.782 52.7941 8.88619 44.7689 112.033 43.6541 6.39277 48.2434 29.888 13.1122 30.1499 43.229 85.2147 206.093 2.80235 24.7676 0.0690851 56.8955
-69.0929 1.62137 6.35902 13.8431 9.86344 16.9653 16.619 7.81442 12.1404 27.5454 67.8592 2.91422 23.8144 22.5682 50.4153 9.21053 44.7689 112.033 86.2688 13.3627 50.4492 53.4907 13.2753 30.1499 19.9627 90.6193 238.791 20.3176 55.461 0.0588141 62.2401
-69.4451 2.47127 5.78203 10.3665 9.9031 17.4646 20.2879 8.7558 14.36 27.5454 36.5489 19.5739 50.1862 19.2288 50.8353 9.17451 19.9124 93.9031 105.607 16.6466 44.3288 47.8721 39.8214 18.1967 46.8362 90.6193 225.801 22.5525 87.7745 0.0573442 63.4445
-66.5868 2.41821 12.5628 4.28937 7.93998 17.6281 16.9354 18.1557 17.91 25.1 43.6746 6.95453 50.1862 26.5662 53.6093 16.1369 21.065 86.6148 106.428 9.26536 44.3288 50.0926 35.4622 0.761025 57.4908 73.4005 228.687 61.4813 72.1224 0.0603574 62.7897
-67.4766 2.08107 8.50454 3.83956 4.58747 11.6097 16.9354 19.0477 14.662 22.9034 43.6746 15.3804 41.881 29.2291 55.79 10.2978 20.5491 88.5596 79.8499 9.26536 70.2153 58.3105 43.534 4.16544 64.0458 76.9211 234.229 27.7548 29.338 0.0608497 65.1338
-69.4165 1.87664 6.00222 9.26329 22.0143 12.1176 6.53913 23.5221 11.4422 36.4357 27.3731 9.11383 58.6478 32.2625 21.0939 3.49601 29.2073 83.8481 106.969 2.52203 102.676 35.4556 3.76486 9.39543 65.9347 108.564 219.844 31.6192 50.5347 0.0630668 66.068
-69.4655 2.12032 6.00222 9.26329 21.7371 12.1176 6.49908 24.3929 11.3605 36.4357 24.8534 9.11383 58.6478 33.382 29.2915 8.88776 29.2073 63.977 106.969 18.846 102.676 24.8425 3.76486 11.5296 69.844 108.564 229.954 9.25956 64.997 0.0727826 64.5196
-69.43 1.64595 15.0492 4.88386 16.1565 12.1176 14.8891 18.1858 14.0687 25.9641 35.7408 14.1703 50.6229 59.9544 35.2662 25.7515 68.6493 71.4808 66.6499 22.5813 55.1101 19.0428 19.345 20.0276 32.4504 132.458 186.746 78.46 100.708 0.0687217 64.2291
-72.9562 2.25885 11.7627 7.17916 13.1374 22.1042 9.14074 17.4548 31.3839 11.0255 26.6406 5.9124 50.6229 82.2154 29.4916 45.9706 58.3757 57.0087 75.7743 27.6537 52.9433 21.4026 11.727 20.0276 43.1919 62.2787 216.607 55.1106 136.591 0.0707029 69.7483
-66.5951 1.13889 21.0288 5.50106 3.28735 18.6569 13.4553 28.4902 9.67107 17.6537 25.5126 30.1775 25.917 65.6178 20.9407 75.1815 34.9466 21.6036 86.4379 31.1359 38.6582 28.5353 19.7209 88.2077 70.8032 35.494 211.633 57.7555 43.5221 0.0324189 59.6843
-67.4028 0.959305 14.9707 16.1631 3.42585 24.877 4.03345 54.849 0.929002 30.5445 16.0056 9.40194 26.871 89.6407 23.5238 95.0819 20.317 13.3781 81.7588 1.25001 45.7077 29.0777 11.4914 100.296 73.2604 30.801 228.483 25.7468 28.4377 0.00206625 55.77
-66.9266 0.959305 14.9707 16.0298 5.45601 24.877 4.49786 54.849 4.93337 30.5756 11.4175 9.03354 23.0875 76.657 23.328 106.901 20.317 12.0569 72.3448 11.5 31.7256 18.7113 3.5339 116.711 66.4619 64.6914 188.044 70.9325 54.0917 0.00571269 56.8075
-67.2234 1.15414 16.2917 17.6098 8.36053 17.8592 2.4803 54.849 4.93337 37.3929 16.9256 4.33755 41.8365 77.8585 24.5717 70.0815 31.8091 8.9771 83.9814 30.9291 7.40901 16.7784 4.09314 116.711 66.4619 55.2693 161.367 8.02975 31.139 0.00903878 56.844
-67.7488 0.676306 2.86567 5.54616 6.33244 36.4311 5.72101 42.4942 11.1103 5.97208 34.4185 12.5647 41.861 90.1583 4.30362 86.2322 2.88395 14.7784 123.424 32.2576 8.36131 42.1842 5.8793 69.868 65.1405 68.2233 195.762 58.0644 41.1973 0.0153432 56.3
-68.5503 1.48446 2.09183 22.5687 0.671559 6.04158 3.64051 49.9073 11.3164 20.3038 46.3384 16.142 23.9233 111.065 10.9873 84.0105 34.8404 42.4106 74.055 43.4692 8.36131 28.7136 5.612 64.5783 30.0319 110.57 135.075 37.5314 8.66308 0.023859 55.392
-69.0471 0.825445 6.71877 22.5687 9.05764 4.63763 3.64051 49.9073 11.3164 15.0468 45.8085 19.0321 20.3141 106.666 10.1469 84.0105 78.1923 45.8849 25.7813 44.0113 8.36131 28.7136 2.63561 64.6782 38.7791 133.136 100.324 93.1918 9.57813 0.0130211 55.9714
-68.2406 1.08809 21.7251 12.3289 11.8262 9.27561 9.45308 64.6382 6.90886 10.3049 28.7874 7.33793 24.6741 65.0163 8.43723 90.4411 77.4011 40.614 30.2695 64.2899 14.19 27.6645 22.8921 58.8316 60.3708 108.033 144.899 48.3601 16.4639 0.00567173 53.2286
-67.3537 0.815639 17.75 19.1686 7.21603 6.79415 12.4726 72.5048 11.4587 10.3049 25.2443 16.4198 24.7299 59.7586 8.43723 72.0906 74.6317 62.6041 61.4533 28.8215 12.8603 19.727 5.01971 53.7502 74.2367 103.864 118.99 35.5697 21.2211 0.00591567 48.905
-65.8541 0.284069 18.0089 19.1686 10.8438 3.59642 12.1555 52.5008 23.8645 11.598 32.8704 15.8437 8.61734 59.7586 17.7126 80.8619 70.7983 64.9956 52.4549 39.5008 14.125 3.27037 19.5842 59.9628 71.7154 188.383 27.5348 44.2087 21.4222 0.00408678 53.5779
-66.5793 0.820862 20.7379 19.1686 6.0795 3.59642 12.1781 42.9921 26.044 22.0308 39.8943 19.7697 1.20728 78.3718 17.7126 59.0712 66.3286 69.792 65.477 30.4102 5.01298 6.21914 10.8005 55.5415 75.4117 200.082 27.5348 47.935 15.5511 0.00205626 51.329
-67.472 0.703521 18.8219 5.09623 13.7333 5.19008 17.274 34.8352 39.0893 33.5449 31.9049 10.4229 9.70564 78.3718 17.461 51.8202 43.8579 87.3768 68.0338 33.2762 18.4644 3.63199 15.8711 29.7585 70.586 162.051 62.8172 17.7833 22.2995 0.00308069 46.3659
-67.1541 0.584635 13.4713 8.79247 11.8306 1.66873 29.062 51.5575 37.3001 35.1787 5.58787 8.44185 11.9542 44.6225 17.0912 73.9443 47.8144 64.8986 78.743 42.4317 5.30213 7.96648 17.241 79.5449 64.2041 126.693 58.1071 26.0971 29.0592 0.0223049 52.9657
-66.9007 0.459634 15.0086 5.2458 11.8306 2.00382 29.062 61.0762 38.7128 10.6427 5.58787 9.20239 10.3525 58.9882 21.9748 73.9443 73.9165 60.4254 84.7665 25.9837 5.30213 4.39843 10.3371 60.2778 67.0604 142.135 80.8638 33.5258 126.443 0.0191522 53.114
-66.9146 0.472087 12.4721 8.70185 9.92893 3.64712 27.3335 44.9759 43.355 10.6427 36.2203 12.5579 10.3525 45.3601 31.7269 57.0168 18.4824 68.886 99.3247 25.9707 8.09656 21.1038 23.251 51.3013 90.3453 156.085 94.8108 38.6593 17.8143 0.0127685 51.6671
-68.0816 0.503235 6.02364 6.45121 10.1637 15.2314 0.662873 42.7809 38.177 13.0231 45.1468 41.7909 6.83006 45.3321 38.8656 62.3819 7.72823 19.0793 99.3247 23.6004 15.8892 22.7689 12.5377 104.563 72.3346 131.178 39.3391 24.7365 10.8872 0.00548582 58.483
-68.7477 0.399623 15.0615 4.02834 0.533651 10.869 0.5737 22.137 35.6862 27.141 46.9605 38.2339 7.41751 45.3321 56.0077 73.2489 28.2704 19.0793 78.4305 26.5709 16.1327 27.9422 5.05273 96.3447 80.8368 114.159 102.425 19.5259 79.8565 0.016952 58.7662
-67.6005 0.495402 26.3672 8.41753 2.17433 1.83395 28.062 7.70073 36.3671 40.4078 43.5859 9.37247 4.92219 49.9421 17.8273 134.331 5.11393 40.8087 66.1243 50.2159 0.889605 16.4218 21.0395 71.4893 65.1978 133.767 60.7721 44.8704 44.0638 0.000214032 53.5427
-67.3358 0.351787 21.8962 15.2951 2.17433 4.48061 23.246 9.36248 33.0684 49.8471 40.1366 11.1602 7.85836 33.4341 57.1139 134.331 5.11393 24.8139 54.8856 81.1217 4.48 9.80401 26.3648 53.7155 58.4729 141.614 112.769 41.8708 22.8529 0.000214032 52.5827
-67.4593 0.351787 20.8325 15.2951 3.78485 4.33098 14.5407 8.86739 38.02 51.3249 34.3841 11.1602 9.2603 16.6341 57.1139 164.778 5.11393 23.2873 47.1166 81.1217 4.48 9.80401 26.3648 20.8049 89.609 141.614 77.0506 44.1977 26.9175 0.000214032 51.6206
-68.3975 1.29179 15.7578 3.96901 1.73971 9.3968 21.0048 17.4166 36.9357 42.4354 27.3949 11.1602 15.1752 18.5108 36.8252 199.875 7.07631 26.3785 72.8211 58.1858 18.3151 9.80401 23.3721 11.1255 90.7582 142.696 73.2894 53.1033 15.8152 0.000214032 54.5844
-69.3243 1.75678 13.123 5.38939 6.56866 13.6267 27.7156 17.6413 33.1641 44.6174 30.8926 4.42789 12.407 18.5108 36.8252 199.875 7.07631 26.3785 72.8211 43.0668 24.0521 9.80401 26.4741 11.1255 80.2856 125.963 118.2 24.57 65.4001 0.000214032 55.3394
-68.0861 1.32123 13.123 6.64196 9.89748 8.2351 27.7156 9.01021 33.9861 43.4562 30.8926 4.42789 12.407 18.5108 36.8252 199.875 7.07631 34.5963 69.9743 32.6809 22.8595 9.80401 21.4857 11.1255 77.8422 138.395 110.456 108.945 66.4151 0.000214032 51.2434
-67.277 1.31975 14.9659 5.41652 9.6549 8.2351 22.8354 5.15037 33.9861 43.4562 32.7089 4.42789 25.1134 22.6529 24.1505 199.875 10.2176 34.5963 61.3709 50.4797 6.11379 27.8369 15.3884 11.1255 72.9826 190.406 63.8675 94.8512 66.4151 0.000214032 53.8332
-67.049 0.469142 8.97414 12.2144 10.8259 8.2351 22.8354 5.15037 33.9861 45.7174 29.798 4.42789 33.0809 22.6529 24.4354 199.875 10.2176 34.5963 61.3709 32.3402 4.91361 27.8369 1.9237 11.1255 86.8171 190.406 85.6292 91.6209 57.8909 0.00241603 54.1888
-66.8189 0.631573 16.1659 12.2144 8.74714 14.8786 19.1038 8.1184 0.11692 58.3804 29.798 5.07536 32.9772 22.6529 50.7922 159.35 10.2176 56.3067 75.9852 48.5952 6.27862 27.8369 3.84458 11.1255 80.9922 139.863 62.1158 32.9664 55.3599 0.00880277 56.8912
-68.6434 0.56684 11.446 13.0689 5.73358 16.1023 12.6132 15.3744 0.11692 58.3804 45.8861 9.74653 26.7347 22.6529 55.2515 159.35 10.2176 52.1604 49.723 63.5751 6.27862 27.8369 16.8828 11.1255 64.0534 166.353 43.5746 28.0356 59.3381 0.0124578 55.7451
-67.3377 0.463992 20.4593 16.8886 5.92544 13.4661 7.86903 22.7949 7.58181 58.3804 35.6415 9.74653 23.6971 4.45051 27.3503 159.35 10.2176 32.1922 72.521 63.5751 13.8983 27.8369 12.9775 31.5382 42.7302 166.353 43.5746 26.7803 75.1098 0.0422884 58.9179
-67.0489 0.719084 24.2106 16.8886 8.20357 10.3659 3.03511 22.7949 4.14791 56.7848 35.6415 8.60891 26.9051 8.75316 30.9226 124.817 99.06 21.2984 58.1683 64.7862 5.15199 5.69501 13.9372 57.0721 46.0456 129.291 132.826 39.7751 69.5993 0.0193309 55.0049
-67.0965 0.764381 29.0465 14.568 5.34318 7.10732 2.4544 22.7949 3.06701 33.4261 52.2039 3.64751 48.519 11.636 20.4066 124.817 99.06 18.4332 71.006 46.7371 4.68816 5.69501 11.4709 57.9256 46.1428 129.291 80.5613 48.1801 88.0594 0.0208455 55.6599
-66.9852 0.541694 20.249 9.59593 2.20362 28.9985 1.56975 37.0421 1.67954 4.67716 55.6069 6.56392 54.3349 9.74375 37.7081 106.578 95.2726 20.9273 74.7818 46.7371 2.36986 5.69501 30.9534 39.6879 64.2683 104.634 58.9933 26.1232 18.2276 0.00160407 52.4443
-68.5557 0.541694 19.7887 8.65004 0.709954 28.9985 4.06165 37.0421 3.09711 4.67716 55.6069 8.18511 54.3349 9.74375 37.7081 106.578 98.8674 22.3509 74.7818 42.252 3.1782 6.0487 9.42703 39.2794 86.1259 131.272 58.9933 6.77999 18.2276 0.000521416 53.7011
-66.955 0.485241 13.8273 7.49415 15.3431 21.7617 4.23711 37.0421 3.09711 3.9258 55.6069 8.18511 54.3349 11.1128 35.1943 104.564 88.9885 22.3509 74.7818 42.252 3.34504 6.0487 7.37428 83.9258 60.1478 136.107 90.1843 29.4348 18.2276 0.000521416 50.7397
-67.2577 0.561396 12.2928 1.79822 14.9542 21.7617 9.64564 33.7382 3.09711 15.6892 55.6069 8.1653 54.3349 11.1128 62.1987 116.784 80.4519 9.41992 74.7818 20.3945 3.32804 18.4135 7.37428 83.9258 45.1794 112.556 90.1843 27.0701 16.119 0.00957588 55.576
-67.5619 0.35789 18.8536 1.79822 10.1153 1.13488 9.97367 14.9809 3.09711 15.6892 55.2813 8.1653 54.3349 11.1128 62.1987 141.07 80.4519 9.41992 74.7818 17.3643 0.637915 18.4135 21.4008 83.9258 45.1794 112.556 90.1843 86.0512 21.4988 0.00301433 57.9282
-67.4467 0.267364 18.8536 1.79822 5.48326 8.29449 15.1634 14.2741 3.09711 10.5604 61.1501 14.2555 54.3349 11.1824 62.1987 138.129 57.148 9.41992 74.7818 17.3524 0.637915 18.4135 35.7827 83.9258 31.4422 134.243 37.1311 81.7389 21.4988 0.000320107 56.08
-66.8888 0.262839 6.91479 14.9008 6.05276 10.1967 20.912 11.8014 8.25303 8.83447 53.9397 16.1148 47.6029 29.7718 56.2656 178.52 26.153 6.57679 62.933 9.84954 7.93008 24.2056 17.9609 83.9258 49.9433 154.566 39.0948 58.7714 74.0349 0.00197178 50.9773
-66.5331 0.52945 6.91479 14.9595 5.90036 11.0789 22.4153 11.4004 11.7925 20.3603 70.6784 2.46797 47.6029 24.0244 34.2171 178.52 26.153 18.9365 59.1289 16.3569 9.34741 22.872 15.5128 83.9258 42.9078 146.918 67.3681 26.6115 65.1868 0.00197178 48.6638
-66.2208 0.533949 25.8851 12.3346 5.6773 8.30553 7.87296 10.5341 11.7925 20.3603 70.6784 3.92823 46.6447 29.6425 28.3476 178.52 26.131 18.9365 59.1289 17.1811 18.5328 12.4325 20.0152 90.983 27.5896 186.169 40.1998 28.4203 71.0257 0.00197178 50.3444
-66.7415 0.119443 20.3334 14.521 8.41935 7.64291 8.1668 12.1449 4.50304 22.9679 46.5042 15.0728 44.3911 37.518 22.8229 178.52 26.131 44.8501 70.0182 11.6492 11.0245 17.9632 3.11113 96.0543 28.5881 200.877 28.0079 8.27154 48.7018 0.0169233 53.4574
-66.4139 0.385138 17.7139 20.2826 9.49053 16.2231 2.2479 13.1092 0.868266 35.8463 51.2759 22.8807 10.6027 32.0647 26.1391 149.15 57.5095 40.6168 62.5576 13.8216 10.5083 27.6929 3.99769 82.3294 37.9166 184.865 11.75 14.0929 10.5432 0.0186623 52.7683
-67.5149 1.13172 17.7139 18.0492 3.47969 16.2231 4.67278 13.862 0.868266 31.0356 60.0518 33.2937 10.6027 56.1911 18.3935 101.322 61.1113 39.1881 51.4977 8.75381 24.5959 31.5258 5.0404 104.375 25.882 203.472 0.781574 11.3662 89.2451 0.0021692 55.2872
-67.3859 0.554555 7.86217 13.2992 14.1941 17.2739 8.19068 13.862 0.868266 49.3101 60.0518 26.1231 9.59698 68.8802 19.3727 98.4333 63.3624 43.4569 51.8236 8.38075 17.0451 33.1538 4.40798 85.7571 26.0902 211.901 11.3389 25.7983 100.867 0.0212976 51.5992
-67.582 0.37409 11.2509 7.6599 14.6605 18.3891 8.58668 9.9937 0.868266 55.5717 52.8774 19.4564 19.2995 71.3652 15.2937 100.607 57.836 43.27 60.4231 7.06869 23.8139 29.1543 5.02301 83.2272 42.8265 163.43 58.367 53.4727 63.4305 0.00489777 49.898
-67.2976 0.327896 19.8712 8.34125 8.79884 21.0692 11.3389 7.86198 1.91972 55.5717 44.0856 28.3939 14.0168 68.6908 5.38579 113.942 66.3209 45.7965 43.5528 5.02651 57.3317 47.1528 13.9522 25.059 43.4445 155.889 60.5329 3.65588 50.5394 0.0093836 56.0933
-67.442 0.456183 7.83673 16.9109 13.25 15.0848 10.7547 22.9607 11.0741 16.8278 42.7731 31.3421 31.6949 70.266 9.16096 115.417 70.4911 47.3152 32.368 3.67821 4.05035 54.0801 23.4095 41.0543 49.7542 174.283 36.8242 64.0434 42.1531 0.0055673 48.2508
-66.9622 0.712385 3.93229 17.1482 2.80557 16.4585 10.1718 22.5656 38.5099 24.7994 38.7599 14.1642 24.36 70.7958 10.5915 113.601 67.0118 36.1632 47.9941 19.0201 12.8466 54.4967 13.2091 38.3392 54.3856 185.732 36.8242 4.58923 46.7535 0.00787962 53.1823
-66.9622 0.125886 6.12695 12.5864 11.5775 14.7315 10.8143 24.143 7.71155 34.6986 52.0125 12.7135 33.6037 51.2674 17.8696 89.2376 75.2605 36.3552 54.479 18.939 17.5414 52.4288 34.6353 22.7359 56.1919 83.7958 199.941 19.7218 27.2798 0.00561913 54.3254
-68.1316 0.845668 7.51161 12.2326 18.1866 12.265 13.2977 7.48767 7.71155 32.8649 52.2538 29.1616 30.6091 45.9512 20.4826 130.773 85.9372 12.4134 18.3205 3.21986 38.8763 50.292 11.126 40.9696 57.8235 97.6315 162.951 22.3554 17.6615 0.000670008 52.5449
-67.6617 0.115394 8.70192 8.51008 19.5565 10.8481 22.4328 10.1514 4.75238 10.2699 52.2538 22.4028 36.8629 48.4404 19.6411 137.866 84.8011 3.11833 24.5936 8.88888 34.3038 60.3981 23.5755 26.4356 81.762 125.695 109.222 91.4685 176.377 0.0252855 59.8805
-68.5433 1.80903 7.58972 5.23565 25.3264 13.6607 12.7541 10.1514 7.94663 13.1286 40.8242 19.312 27.5429 126.234 18.1506 57.4274 69.3681 33.5226 31.6169 10.1972 34.3038 44.3966 59.03 28.047 31.2188 148.997 108.375 70.8033 74.4658 0.00573005 58.4793
-68.176 2.007 6.57037 3.36102 17.583 26.0499 6.95893 31.5582 4.8817 5.61453 44.3053 19.906 33.8787 104.738 19.7684 68.4334 56.7588 57.0819 28.1756 10.1961 20.7672 58.5735 12.0423 45.2519 46.846 152.369 124.451 72.2573 64.756 0.00527649 57.0018
-68.1135 1.7328 8.6198 3.36102 17.1287 21.5859 10.7689 28.3838 13.9359 19.7672 49.8518 7.19019 36.2514 120.134 18.1882 44.5391 78.0569 54.3504 33.8919 10.0641 14.5113 42.2943 11.4086 55.4339 45.4195 121.29 93.8563 82.2023 46.6469 0.00618577 52.1564
-67.2215 1.81415 0.749107 3.56815 21.6307 25.304 8.75755 31.178 6.42037 21.0308 55.7232 13.1307 36.0456 6.05317 18.2379 194.736 67.6438 42.881 10.19 10.3128 9.35272 22.321 7.73859 58.7741 89.2763 135.615 73.1428 37.6696 34.1956 0.00704166 53.1325
-66.7148 1.14861 0.749107 1.00864 16.1705 33.3868 5.15251 46.9433 6.42037 10.8002 41.7261 10.5492 33.7873 2.19883 17.681 194.736 67.6438 35.5657 2.59294 11.6631 24.6175 36.3575 25.5169 58.4899 86.9186 136.611 46.5824 30.6059 53.1116 0.00148331 56.5015
-67.5813 0.74578 6.47901 2.40396 14.6767 32.7022 6.17592 33.73 8.73057 15.009 58.8162 12.3856 32.007 99.3636 10.5395 90.9192 60.2402 22.0332 12.2055 4.29549 37.9064 45.6599 16.0192 51.8416 98.9228 127.485 68.8163 39.3476 70.4252 0.00948104 53.0577
-68.1097 1.41133 5.09042 6.78289 13.1484 32.7022 3.02611 33.73 9.73358 26.0931 58.8162 12.7862 24.6608 102.942 12.9343 74.8323 71.809 20.9971 12.1625 1.60852 80.3025 43.713 15.9086 16.1334 86.9989 124.806 80.252 33.0519 136.844 0.00424039 57.3844
-68.1264 1.20063 8.45834 3.48018 12.9055 27.98 6.38536 23.6055 19.4055 26.0931 60.4324 11.9938 18.867 102.942 12.8055 74.8323 81.9751 19.157 12.8246 2.04105 80.3025 35.101 15.072 30.5487 91.2434 140.669 28.6813 36.7514 133.059 0.00532825 55.8247
-66.9548 1.06365 12.6805 15.5142 5.60338 14.3394 1.6128 37.2845 3.11247 33.6054 49.5517 14.3219 20.1793 116.778 30.69 58.0149 66.0872 11.9216 13.2989 28.1489 66.3535 4.45429 16.3958 50.5537 74.0603 140.729 59.5591 37.9617 51.3656 0.0119919 56.7625
-67.0158 0.318303 24.8268 3.31391 10.2746 14.9994 4.75045 31.405 17.7048 17.3522 35.1556 1.11849 42.1572 129.306 30.8819 58.0149 62.8151 14.0084 15.4915 27.5509 55.8027 19.8778 38.8156 11.7896 39.6554 197.096 78.1619 36.7997 95.6479 0.0165535 57.666
-67.6357 0.318303 10.4931 1.95092 8.89098 16.2787 3.83666 31.405 34.1681 15.0979 37.8761 3.22088 42.1572 129.306 19.7594 73.3097 62.8151 14.0084 9.78356 27.5509 55.8027 27.1307 34.126 19.1491 60.3998 212.724 5.5245 36.85 161.431 0.0355576 58.9614
-67.489 0.29411 13.431 1.95092 9.99422 5.10508 10.8618 5.78072 43.6898 9.19621 45.7776 3.53554 68.0772 133.089 31.7422 53.9803 74.9839 45.1261 11.4222 29.8235 23.1227 11.8258 30.6697 36.6477 50.5724 201.024 1.8124 29.4474 136.466 0.0120856 56.2362
-67.3545 1.04212 0.984708 4.31411 6.29529 16.6594 8.21723 7.44437 37.6426 5.22306 48.0197 15.2789 68.0772 133.089 29.0454 9.93724 75.5376 46.334 10.7349 29.8235 23.7973 23.4953 45.7004 24.0465 65.4867 182.022 2.54386 33.1302 8.40742 0.0341057 54.4361
-67.4152 0.319755 0.506566 19.1108 3.67157 16.6594 10.9506 11.7849 33.4189 19.7711 53.1061 13.0269 37.4433 164.473 25.9054 9.93724 85.4929 24.6616 10.7349 45.2607 39.3042 2.07106 26.4739 8.18759 70.9459 181.766 44.9429 36.5165 13.0617 0.0404678 57.704
-66.8082 0.79431 2.04855 29.5803 6.17092 8.22683 13.1751 15.4043 31.929 10.9033 58.0225 7.89783 20.9096 164.473 12.0584 8.95281 91.5527 24.6616 10.7349 42.0298 31.5104 12.2353 44.6273 6.9913 77.1538 195.178 19.4253 129.229 12.6298 0.0271332 55.1326
-67.1099 0.198799 1.26956 32.4876 8.61705 9.52645 13.1186 19.0046 19.6596 10.9033 54.3042 25.501 14.9589 129.481 16.766 72.8356 84.4224 29.9005 10.3831 55.1066 18.7915 3.11246 46.6984 4.41979 59.9016 205.194 42.0343 135.759 16.5848 0.0255506 57.5466
-67.1944 0.763918 0.32514 32.4876 6.30604 10.0275 13.2741 18.0776 30.0783 11.4469 50.3507 25.501 18.6097 129.481 16.766 27.9175 72.1698 48.1918 7.77068 55.1066 22.8547 25.7703 46.1849 5.36841 51.0246 197.47 42.0343 135.759 84.9069 0.0515406 57.4851
-67.1944 0.178499 0.32514 37.9521 6.17553 7.06661 13.3387 7.90558 30.0783 10.3638 52.4646 28.5654 2.70247 142.264 32.4328 29.7491 59.7575 48.1918 7.77068 50.7146 15.3998 16.4581 52.9487 7.37446 60.4019 219.289 19.9904 124.396 52.3502 0.0483079 58.784
-67.3584 0.178499 0.32514 37.9521 7.66167 7.06661 13.3198 5.62373 27.7335 13.6004 51.721 32.0615 3.79669 142.264 19.3914 49.8483 68.5161 27.1225 7.77068 37.3349 28.7464 17.1805 2.83026 72.9575 68.689 194.325 43.3898 23.6626 63.0542 0.036106 57.0671
-66.759 0.34762 1.33614 38.3223 7.98856 7.06661 12.7751 5.62373 23.9766 25.5634 49.3808 16.3783 6.93662 142.264 24.9089 50.7954 68.5161 4.92173 36.3374 39.4981 8.10266 16.1676 9.32539 72.9575 73.2908 176.157 27.729 13.1808 4.38516 0.0688857 56.8621
-66.759 0.532873 1.10255 38.3223 7.98856 7.06661 12.7751 5.62373 23.9766 24.3315 49.9071 16.3783 6.93662 142.264 55.6707 67.2572 68.5161 8.84961 30.0801 39.4981 8.10266 15.8735 5.47797 56.7795 71.5297 175.991 27.729 19.764 4.38516 0.0779366 58.0842
-67.0022 0.326962 0.697182 31.2201 7.97618 11.5629 11.4882 5.62373 26.9609 46.6096 50.7481 0.422571 4.53561 142.264 55.6707 35.0311 54.2008 11.879 30.0801 34.5729 32.5614 11.8515 3.48628 70.8196 77.3355 175.991 16.0043 19.764 43.1103 0.0664756 57.4679
-65.801 1.01563 3.78966 19.5634 8.63544 18.0376 13.6812 11.8492 26.9609 36.5212 56.219 0.422571 3.37449 142.264 41.2645 39.8031 59.8942 11.879 21.0148 34.5729 32.5614 12.597 13.3869 70.8196 75.4399 147.082 16.0043 12.8611 30.3783 0.0118203 58.2912
-66.8291 0.422086 3.83573 18.7043 8.63544 18.0376 14.9074 5.04758 34.4983 36.5212 52.5939 16.4886 4.94099 166.82 65.8439 27.0862 49.0928 11.879 19.1011 50.4655 38.8417 1.43281 7.76546 38.5677 52.8489 181.688 90.0999 17.5088 30.9272 0.000700524 54.5855
-65.922 0.598405 10.1324 16.9126 12.4603 6.14392 14.2377 6.16461 52.1922 20.6377 53.5179 10.6581 4.65985 138.219 65.7952 11.0121 42.0912 25.0113 31.8513 52.3465 44.3207 12.9484 13.6897 58.1329 21.0655 178.725 53.8201 17.0741 89.3596 0.000700524 53.2885
-67.2617 1.16917 8.91417 17.4491 12.4741 8.46766 15.6889 6.16461 40.0833 45.3525 38.1646 10.6581 13.4992 138.219 67.0145 39.6696 39.6838 7.54627 18.8766 54.8246 45.2826 12.9484 14.1029 50.8169 33.487 184.82 84.9021 50.6612 4.65875 0.0135914 53.7682
-68.9449 1.10132 6.98492 15.372 12.3241 10.5904 19.8512 5.64347 40.0833 45.9148 38.7406 9.25762 13.4992 125.821 67.804 39.6696 43.6696 7.54627 18.5633 30.3868 39.655 12.9484 15.5767 50.8169 51.7706 135.35 132.883 16.727 9.66287 0.0135914 55.6641
-67.8928 0.494269 2.33856 12.8948 9.7674 14.195 22.1079 7.19736 37.4564 46.1583 42.3651 9.25762 4.34272 125.821 83.6171 52.5645 1.23865 68.4001 18.3607 42.6145 31.3806 7.04152 17.1803 41.0421 63.9374 126.224 136.083 7.45419 32.413 0.00475682 52.6712
-68.4393 0.494909 3.33964 7.48902 9.30645 21.8728 22.1079 59.6717 38.6494 31.7921 51.4103 7.82121 4.04043 125.821 65.2601 7.04062 27.0073 42.2203 18.4682 26.846 31.6249 8.64541 17.1023 55.4568 127.1 91.3961 53.2478 17.336 92.7903 0.0135076 65.0392
-68.6647 2.31142 5.7254 7.48902 9.06884 11.5531 19.7269 68.1343 36.4089 17.6967 40.9043 7.82121 19.2178 90.9124 87.1932 15.3141 12.1085 19.1352 19.8542 26.1913 42.8813 8.64541 22.2101 83.6796 90.7261 118.057 122.266 17.336 61.9436 0.00461515 62.9947
-68.4723 2.23302 11.8677 1.60005 10.6352 17.9997 21.3632 43.9901 35.6102 21.4248 34.3229 7.82121 13.1086 59.5296 110.399 21.8599 23.3613 19.1352 43.5992 26.1913 58.6752 24.1621 18.1387 72.4775 82.3805 139.323 84.6588 16.4782 30.5551 0.00827897 58.7807
-67.6667 2.08392 3.41339 1.60005 8.31161 21.4422 23.881 37.0333 17.697 6.12188 50.0852 7.82121 32.3657 87.2577 103.03 93.6179 32.6661 15.9245 22.7027 13.4435 10.5068 32.1504 19.4267 32.0606 67.3592 137.988 63.4365 27.4178 30.2407 0.00962802 53.6424
-68.9803 1.25143 6.48543 23.1816 8.04935 0.560189 28.8089 49.3974 21.2611 0.364643 50.0852 12.6513 20.7702 100.434 102.065 93.6179 8.15444 15.9245 22.7027 13.4435 2.87511 37.7782 50.7871 14.8126 96.29 52.6318 156.606 27.6183 16.776 0.00962802 56.4129
-67.4879 1.26591 5.1167 25.1579 3.08833 0.560189 24.1672 49.3974 22.1039 3.04439 49.8607 13.1316 19.0038 100.434 75.9415 113.82 10.6961 25.2984 20.76 15.9709 4.22563 31.134 42.0683 9.37728 131.619 13.1809 234.711 27.6183 80.7843 0.0226527 59.6642
-67.4879 0.777056 6.17301 21.665 6.75652 5.77557 24.1672 32.8699 7.12002 3.04439 70.5601 8.82492 19.7532 100.434 71.5882 92.2065 14.3497 54.3843 26.4168 14.4099 11.8334 21.8891 29.7376 14.8223 116.16 36.7367 182.703 31.6169 41.3917 0.0224491 52.5911
-67.4879 0.605073 7.0607 20.923 6.75652 5.77557 24.1672 33.1599 1.19 8.34198 73.7497 5.15266 20.7464 33.3077 132.695 102.72 14.3497 52.7393 26.9612 14.4099 17.8297 21.8891 21.1462 27.0633 110.553 60.7326 182.703 31.6169 57.5673 0.0312073 55.8936
-66.7726 0.921798 4.05433 14.106 13.0134 4.89574 24.1672 45.8403 1.19 10.9414 73.7497 5.15266 23.3392 35.626 132.695 94.8553 20.8191 52.7393 5.66137 23.1328 24.1406 17.0024 24.7476 27.0633 82.4662 60.7326 187.468 27.8679 33.7122 0.023758 53.1174
-68.1317 1.15434 6.19752 14.3899 10.1755 4.43684 24.1672 46.3845 1.19 10.9414 73.7497 8.88055 18.7385 35.626 132.695 90.2263 21.7434 52.7393 8.52164 24.0883 27.6379 12.1005 31.8231 7.27785 88.5109 93.6251 153.222 121.085 61.4865 0.0170394 54.4457
-67.9345 0.976583 4.69844 12.3155 12.2267 4.43684 25.061 46.3845 1.19 4.76654 73.7497 13.9106 18.7138 35.626 132.695 90.3528 9.95966 52.7393 26.3971 26.451 27.4851 9.19449 43.1954 7.27785 65.5404 93.6251 177.54 12.9224 50.8393 0.0168823 53.1502
-66.6135 0.207393 3.70588 10.0685 12.3852 6.07781 25.061 46.3845 1.19 8.05993 73.7497 15.9217 20.2022 37.3747 132.695 90.3528 9.95966 52.7393 17.2502 23.948 45.9895 9.19449 36.7885 7.27785 72.4535 93.6251 152.058 11.477 50.424 0.0127253 54.0462
-66.7517 0.207393 6.15555 11.6238 12.2187 5.58911 25.061 46.3845 1.19 16.3362 73.7497 6.83379 17.4274 40.5615 132.695 90.9902 9.95966 49.9854 14.0551 11.5314 54.4334 6.97275 38.7715 8.83006 72.4535 112.196 156.397 31.5134 61.4132 0.00847229 52.2197
-67.5697 0.540258 10.3339 6.48414 12.9423 7.39651 25.061 46.3845 1.19 14.2832 73.7497 6.00364 17.4274 40.5615 132.695 95.4908 9.95966 49.9854 19.0958 9.44297 54.4334 2.53925 40.9358 13.6659 50.1022 115.77 144.306 11.8739 54.7716 0.00684071 53.2511
-67.4097 0.381041 14.2467 9.52383 3.95385 6.08405 14.1598 38.8887 9.50187 28.0093 78.9763 5.46564 12.4165 40.5556 132.695 98.7999 9.95966 49.9854 10.21 6.74009 47.2868 2.53925 32.9295 16.958 75.7587 147.754 81.7274 32.4861 69.163 0.00169084 51.6738
-67.0783 1.33756 15.3143 6.86809 7.536 6.93796 11.9067 38.8887 9.50187 28.0093 78.8991 6.56686 14.4284 35.4798 132.695 86.8164 11.0197 49.9854 23.133 7.52059 47.4051 12.2198 31.1018 20.1721 74.6278 135.693 52.4633 18.5232 32.9161 0.0040646 53.6807
-67.3041 1.48422 13.0003 6.89169 2.2365 6.72948 13.2956 38.8887 9.50187 25.4694 78.8991 6.46588 14.4344 34.3865 132.695 95.1354 11.0197 49.9854 20.019 5.44815 41.6565 19.3963 34.2919 22.5602 64.4728 177.708 35.9528 24.3573 8.81182 0.00492948 52.3574
-67.4339 0.810338 23.7956 8.76349 10.7227 12.0721 7.14962 41.7491 9.50187 27.762 49.7523 5.19811 9.90614 29.6 132.695 95.1354 23.4858 49.9854 23.9237 5.32462 24.6055 28.0225 26.4843 17.9546 82.6504 181.547 73.9828 113.392 29.117 0.00718497 50.7054
-67.507 0.724239 5.38417 2.45574 22.2522 9.29072 23.0339 37.1115 6.81047 43.3682 30.0485 1.93451 23.9272 22.0782 152.886 87.9964 54.1842 66.0429 26.6072 8.22375 8.80302 16.1423 22.9245 8.40085 90.4283 103.402 140.802 128.596 39.1076 0.011668 60.1526
-67.66 0.731131 7.81797 0.0905762 22.2522 9.29072 19.983 41.1992 6.81047 43.3682 28.9739 9.47846 14.4117 29.32 111.799 90.027 34.0586 65.1361 27.9652 13.3717 9.15636 41.2156 35.2432 12.3201 93.0737 90.3882 144.011 8.45023 27.4284 0.0166152 52.9369
-66.8193 0.523361 5.62513 7.17565 23.1212 10.9495 17.0721 26.398 6.81047 23.0825 43.8106 5.19478 13.163 21.4384 97.9932 90.027 40.927 37.3397 57.5894 72.2373 19.6319 21.4135 34.5087 5.84691 88.6169 116.398 140.311 64.5187 28.1444 0.0312003 58.5314
-67.2469 0.607109 5.32838 7.68578 23.2514 10.9495 13.255 28.3121 38.4774 23.0825 43.8106 7.36384 6.28298 18.3502 97.9932 90.027 40.927 27.3302 72.7564 45.3497 19.6319 23.3914 34.5087 2.08651 73.9566 116.398 117.879 64.5187 34.5793 0.0535601 55.0508
-67.0888 1.00706 4.83278 9.716 23.2514 12.2697 11.9711 53.848 38.7224 26.1405 24.051 8.37189 6.28298 15.1544 102.914 90.027 30.499 31.0607 72.7564 26.7726 21.8503 17.8489 5.7672 50.3401 81.002 155.046 43.9322 25.0826 115.17 0.0394434 53.7375
-67.0888 0.338799 2.57925 9.55574 16.137 0.101854 10.0844 53.848 27.27 39.4517 34.3986 4.84613 11.2813 17.7048 97.3822 90.027 7.02089 45.5307 117.569 12.2209 23.8319 9.92312 7.14409 50.3401 71.2817 159.149 59.9495 85.1612 16.951 0.0433882 58.1303
-66.3523 0.175204 3.95457 0.224656 3.34122 21.7855 18.7167 32.6729 39.2455 39.4517 20.2577 5.28323 14.6312 14.6331 62.6288 173.353 6.89061 43.5385 63.9544 6.5814 24.1178 9.34788 7.81439 61.0847 66.8179 125.373 86.5686 37.8692 34.1315 0.0612098 57.0638
-66.85 0.311544 3.95457 14.7667 10.1871 5.60694 23.7347 32.6729 51.0138 16.9894 22.8642 4.76876 33.4422 15.8436 91.6495 153.662 15.1839 8.29681 61.6724 28.1863 18.0121 17.9971 12.491 61.0847 50.2251 108.389 109.014 37.8692 97.5839 0.0296853 52.3902
-65.7532 0.240382 13.5393 17.9838 11.5348 5.5379 11.8756 20.8075 67.889 3.60796 28.3077 13.4557 28.9915 24.7294 78.2063 143.965 14.7896 1.25419 59.8222 41.0653 25.9076 20.251 21.8484 35.423 67.6118 108.389 123.485 17.8126 53.5652 0.0162965 55.1613
-68.0274 0.906337 11.4545 17.8293 11.5504 4.22026 16.4825 1.87779 83.161 6.54181 18.8084 8.3715 30 23.395 29.341 140.614 38.0641 6.06886 68.1424 52.6733 1.83834 33.5431 12.1768 66.0002 93.8192 118.293 111.71 28.0238 36.557 0.0012574 54.8541
-67.4727 1.36392 11.4545 15.39 11.5543 4.22026 16.2763 8.32758 69.6975 14.1733 11.5674 24.538 33.2968 22.8103 17.2293 134.439 67.5381 13.2952 62.9878 39.2926 19.8171 23.3146 6.0858 52.9565 97.3063 81.7442 122.82 7.23127 44.0016 0.00859519 53.328
-67.4376 0.920464 12.3952 16.6996 11.9926 4.22026 14.6641 16.3206 47.4601 13.536 7.98966 18.5164 44.323 23.0793 13.515 93.8093 53.4811 33.5752 72.8531 37.6067 64.0636 42.2606 4.24309 27.3408 43.8523 99.5879 244.481 34.0531 50.1688 0.012676 58.7835
-70.0241 1.05482 19.8515 15.8043 10.1166 1.40028 16.9516 19.2703 41.9358 15.4137 43.9636 12.0648 11.1302 14.2511 33.1707 89.2821 65.5856 37.4925 77.5049 27.4468 83.2051 24.7473 6.03636 24.6906 30.8587 85.4895 210.229 32.3241 20.2629 0.0191524 60.7662
-66.2637 0.586927 13.514 15.1731 10.784 4.6953 23.2796 15.6953 51.6063 14.0529 44.6665 6.59337 7.78459 7.67844 33.1707 82.8776 73.1271 64.1762 96.5153 27.4468 77.7003 17.5373 6.03636 13.3131 43.287 99.1105 114.523 74.1587 26.2563 0.0221006 58.6091
-66.7554 0.376002 17.1713 13.3194 10.8052 4.6953 22.9063 14.7191 47.9231 8.69477 56.0272 9.27827 14.0251 7.67844 67.4747 82.8776 68.6567 46.518 68.6966 20.2888 62.7604 18.5012 5.94803 7.12299 77.8815 101.234 147.981 28.4856 20.5372 0.0392728 53.6958
-67.3264 0.489522 17.1713 11.6765 10.1918 2.59143 27.582 14.4314 51.6416 4.78623 56.0272 9.27827 16.7297 7.67844 63.3133 82.8776 68.6567 45.7695 68.6966 15.3228 68.1238 27.6003 5.94803 3.683 82.3521 101.234 87.7653 28.4856 26.0901 0.018698 55.1924
-67.4049 0.973203 16.7607 10.5352 5.65407 5.93011 23.7911 14.8368 51.0134 4.78623 56.0272 11.7594 18.3653 34.5261 69.9692 82.8776 47.5527 38.8205 68.6966 26.539 74.8941 3.96289 6.14391 3.683 73.4488 114.793 99.1311 32.1413 30.9391 0.00322524 49.9891
-67.6721 1.01302 1.82613 10.5683 1.70021 26.9615 23.2671 25.0263 51.0134 4.78623 56.0272 3.11528 4.94688 24.9711 86.6313 66.0393 42.0855 42.5156 68.6966 24.7829 79.9282 7.2549 4.25492 3.10615 83.5236 130.551 102.753 38.1956 34.5306 0.00322524 53.6758
-67.1437 0.691904 1.82613 11.0676 6.75828 19.6113 26.7009 27.9023 45.6299 4.78623 53.8721 7.74246 0.182236 24.9711 86.6313 66.0393 61.2428 46.7232 74.182 20.813 58.1613 9.58254 2.36938 14.69 81.095 129.802 76.9681 93.4823 107.67 0.0113497 54.7812
-67.1153 1.73847 2.1045 11.0185 9.99109 21.8447 7.14493 8.90786 62.0647 4.78623 46.6343 15.2035 16.4543 29.3555 81.5963 60.7588 55.5478 42.0913 92.7893 35.1926 29.8494 9.55991 22.5216 18.7195 87.1399 116.743 26.7341 87.3697 122.379 0.00968505 58.6575
-67.0398 0.70473 3.17072 8.69404 3.61891 36.9037 7.34957 10.5903 62.5527 17.5661 34.0405 7.33921 16.4543 29.3555 61.7893 56.1581 49.5681 36.5653 57.8518 34.6264 48.972 12.9535 26.9991 21.9622 90.0674 149.899 78.4962 85.06 45.5054 0.0148603 54.7627
-67.039 0.772876 15.4408 10.8272 2.81752 33.0278 7.34957 13.5317 55.6705 22.7603 31.194 13.0271 17.9852 50.3987 53.1284 55.9347 41.683 29.3197 69.2007 23.16 65.3735 39.1921 4.79773 21.8076 88.2356 132.955 61.5157 89.8184 36.4659 0.00524191 55.3625
-67.0697 0.735369 15.5072 0.479541 5.76221 33.0278 13.0829 19.9496 59.523 27.6945 25.5687 6.63046 14.5271 52.7108 50.3268 57.3583 41.683 30.3484 89.9336 6.13444 60.1189 27.2871 7.78788 13.066 66.6078 178.815 86.207 93.2067 32.6205 0.00129583 53.392
-66.8749 0.314756 12.2794 2.32376 5.29925 35.1413 5.22787 29.4582 57.2463 21.3042 21.5713 10.0919 23.5601 52.1062 77.263 34.9116 37.2727 16.8957 86.8711 15.9217 61.5847 19.6014 27.0289 8.52202 51.2379 169.642 94.9735 24.6571 141.335 0.000506507 54.5492
-66.5606 0.553219 12.2794 2.32376 5.20324 35.2065 5.22787 29.4582 57.2463 21.3042 20.6925 10.0919 23.0622 50.8661 77.263 27.2844 37.2727 17.3632 78.7574 20.3039 93.143 22.339 26.7415 8.52202 80.399 163.857 55.4294 50.5937 14.0743 0.00176727 52.2046
-67.7329 0.489263 18.9697 0.540513 0.465769 40.5243 5.54852 30.2 54.7621 28.1842 20.7438 10.0919 15.5232 51.2851 77.263 30.8726 40.8754 37.8359 82.2818 8.77877 67.5204 17.0912 22.4621 34.8662 55.7108 181.45 73.8594 59.0869 23.4074 0.00184867 56.4024
-67.7329 0.849684 11.3432 6.83614 0.0627001 39.0183 5.52534 28.6596 54.7621 15.5134 26.0739 27.4093 1.82504 54.1814 78.4064 30.8726 39.6492 74.9295 66.2389 14.9106 34.8471 10.6148 18.1612 67.3623 35.4077 162.585 83.3082 82.1669 60.539 0.00254165 53.0637
-67.6373 0.759353 11.3953 11.0139 3.93546 32.7329 1.74585 28.6596 44.8254 11.5702 32.3414 8.47225 33.582 85.6771 42.0469 5.96134 43.3347 82.1412 64.2446 26.2843 53.4533 9.28351 7.9115 68.2835 55.2825 156.73 81.4373 104.386 42.6618 0.00216245 54.1711
-67.4172 1.159 13.5667 10.2109 0.234771 32.7329 1.22573 43.8168 44.8254 11.592 41.8275 11.869 30.0907 85.6771 70.1058 5.96134 43.3347 56.3542 64.2446 31.7715 13.3047 8.56234 9.36296 54.9628 61.2223 150.22 81.4373 89.7707 38.3545 0.00228409 53.7037
-66.8342 0.52128 6.79281 12.2186 2.4712 40.6747 1.22573 64.6955 28.5244 10.6547 35.685 5.1454 13.0937 76.2272 27.3736 40.3937 99.7002 42.215 64.2446 34.3024 24.7899 8.56234 12.8469 36.8653 59.6816 146.368 93.6008 49.3469 33.3656 0.00367869 50.3909
-66.4026 0.325058 4.32044 18.6792 2.4712 35.99 1.22573 54.6197 21.1043 10.6178 51.7811 3.59093 13.0937 76.2272 4.37512 9.68158 99.7002 40.8733 74.497 28.9847 66.1847 8.56234 4.01945 38.7525 76.0031 143.255 53.1009 18.5647 34.0814 0.00110086 53.4732
-66.5373 0.774963 4.41178 17.7084 2.4712 36.7518 2.53883 54.6197 21.1043 11.4842 51.7811 4.76865 13.0937 50.0292 6.48472 9.68158 121.965 40.8733 76.3281 15.0925 66.1847 11.2849 1.65256 33.2057 95.1945 143.274 103.589 19.9861 40.4979 0.0023968 53.5322
-68.6013 0.665228 6.02408 4.4271 0.594337 21.2855 4.67323 42.3718 25.2816 7.85151 62.4493 10.1458 38.9031 56.5822 9.193 13.3023 113.61 67.7284 78.4299 28.7238 39.0663 7.07722 6.39071 32.3972 96.2535 143.274 73.1288 56.0226 35.3788 0.00609027 54.3996
-68.6558 0.579472 18.8491 3.49734 21.359 7.12204 11.9524 23.7312 4.24303 6.7261 52.6237 20.9196 36.278 37.9639 14.0367 31.3625 85.9241 67.7284 80.5519 32.5648 50.8383 16.698 8.0561 6.08792 90.2217 143.274 116.758 49.9504 36.4996 0.00803124 54.5788
-68.184 0.77377 23.3101 5.1561 15.4097 1.16372 14.1565 20.0705 9.10917 6.74408 52.6237 16.4883 38.1229 32.6103 12.6318 25.5949 71.1035 77.5532 94.9698 69.5136 46.8844 16.2284 9.90577 8.13113 90.3645 143.274 8.42535 60.1579 38.9791 0.00458219 55.3749
-67.9709 1.68221 27.0082 5.75715 15.4097 5.26264 12.4496 21.7109 7.91751 4.94687 55.8982 21.4598 41.2747 33.139 8.4596 27.2218 85.5652 96.7317 103.815 12.481 47.639 24.9674 7.41514 12.3428 90.3645 145.62 48.4644 70.0755 17.7524 0.00989658 54.8333
-66.9974 0.447847 25.7804 5.67337 9.89461 5.26264 12.0079 27.8555 20.2077 3.2427 52.0567 51.2718 9.00944 45.6647 3.54236 28.3661 63.615 112.686 93.0747 6.59325 44.7196 16.3689 7.35445 19.6053 55.186 169.074 144.786 100.463 17.7524 0.0105352 55.0187
-66.3539 0.341891 25.7804 5.63843 12.3189 5.26264 15.0181 13.1922 20.2077 3.2427 59.4033 47.648 14.471 45.6647 4.53775 32.5239 43.8969 123.096 93.0747 12.5862 49.1683 37.2159 2.19657 19.0537 27.8425 169.074 77.8369 92.4449 67.3854 0.0104613 55.6232
-66.4268 0.670157 20.889 5.63843 10.1556 0.216497 22.1858 15.7149 7.34596 3.2427 58.002 47.648 11.5206 45.6647 10.9623 4.52724 44.8927 123.096 98.5297 25.513 45.2925 42.1911 5.78121 25.778 63.496 185.301 22.6274 126.854 3.18524 0.00829065 56.8
-68.1263 0.612453 13.355 23.9609 8.65151 1.79932 21.6566 15.7149 2.47878 19.2613 50.4771 30.3472 14.1448 62.7817 10.9623 4.52724 64.4238 123.096 110.129 26.0438 42.6286 12.1261 11.1327 18.6408 60.4005 185.301 21.3936 122.239 10.8309 0.000147936 54.5763
-67.3845 0.608949 18.8004 21.1078 7.39255 22.0027 21.6566 14.721 2.34608 21.8618 46.2414 27.962 19.0976 46.2631 0.837774 4.52724 36.5131 123.096 110.129 41.679 43.3219 12.1261 19.9849 32.7832 53.2605 187.842 24.1077 25.6655 22.3363 0.0161925 59.361
-66.7808 0.799141 6.2704 11.2143 2.32559 24.0161 11.6139 14.6384 20.6123 22.378 51.2383 20.5996 38.4307 75.7881 0.837774 4.80677 33.5657 91.6976 68.21 32.8182 39.3994 27.2504 40.6983 83.2515 45.5138 174.782 27.2167 52.0117 87.9952 0.0163377 60.2649
-68.7795 0.826887 6.2704 15.6756 2.98209 24.0161 12.1935 14.6384 22.8896 18.8278 51.1514 23.7281 30.0036 65.006 0.837774 33.4807 33.5657 82.7366 91.695 38.8047 30.6714 7.97132 8.14757 99.0684 36.6298 159.562 34.012 39.7675 30.4534 0.000798122 52.4539
-67.5242 0.961165 6.2704 17.6308 2.01549 12.7704 2.38295 23.5335 5.96761 16.264 66.3262 12.5186 39.9712 75.2925 24.1572 41.1248 5.10822 75.7117 110.291 29.147 34.3558 5.00168 9.07633 80.1077 36.6298 190.282 38.3825 98.2755 0.527698 0.00711815 55.5746
-67.497 1.2596 3.49892 20.4929 6.08669 16.5363 7.02698 20.5697 19.6569 8.26598 71.8242 12.8259 26.9666 75.2925 46.2205 43.931 30.4067 58.0712 97.3013 32.0733 25.6961 10.8162 2.43845 75.1423 36.6298 172.522 30.8897 89.1866 84.7454 0.0264216 55.7344
-67.8977 0.69393 2.01291 1.07292 12.4306 16.5363 7.18047 27.14 16.2084 3.65473 89.6412 9.03549 27.6935 83.8647 43.328 52.179 30.4067 12.3095 95.6301 11.8884 53.1448 10.2791 15.3403 94.9074 17.9566 158.575 107.863 171.843 64.7669 0.0218595 60.4125
-67.1567 0.370698 7.51365 6.6847 7.43033 6.93912 20.2278 59.4838 8.98035 2.43513 75.0181 13.377 10.542 83.8647 49.2829 61.3281 29.5199 47.3597 77.2117 11.8884 21.714 17.8966 9.60416 90.6144 45.3962 106.349 76.1112 153.868 33.8417 0.0225384 54.9009
-67.4862 0.163705 8.71216 14.9306 1.15462 0.358907 13.4037 59.4838 5.30374 6.23521 64.5122 35.1428 9.59667 27.572 30.1236 51.8744 22.9113 84.8442 66.9786 101.97 13.0426 11.054 8.48682 78.3566 40.4436 100.932 135.88 82.9002 21.4557 0.0127501 57.8185
-67.1117 0.14984 8.3579 15.7758 3.94411 0.358907 9.29076 62.6375 8.8415 11.1636 49.9342 30.6971 9.08191 32.581 33.5008 60.6429 40.3668 63.3092 64.6554 98.221 3.463 18.5274 10.0754 75.83 53.0532 101.321 119.108 92.9704 23.4163 0.00894834 56.063
-67.7794 0.765698 8.54999 10.5906 1.92607 0.358907 16.1394 42.718 2.15409 19.8607 51.0344 42.9492 12.507 34.7043 46.4861 24.6455 117.051 59.6791 33.9761 58.6053 23.8801 3.44442 30.1771 66.3582 38.6737 86.9462 115.246 84.004 44.7377 0.00467878 55.2304
-67.7122 0.959591 9.02926 14.2918 1.92607 6.04806 17.7113 40.3308 1.58766 21.6294 51.0344 38.0546 14.7191 26.7921 49.6922 24.6455 119.817 53.0594 35.2627 48.0326 29.5764 7.44292 35.141 55.2332 41.0145 95.4568 107.171 42.7515 35.0846 0.00467878 55.4148
-67.6034 0.790387 11.5171 15.6726 1.33576 6.04806 25.448 37.2963 10.3013 22.417 48.0786 29.2238 12.6187 15.6065 54.3432 25.6051 110.525 50.9719 50.0861 60.6592 33.4141 5.87301 28.5573 32.7745 55.4605 126.219 82.3276 204.041 38.9533 0.00467878 54.7188
-67.4996 0.143812 10.0927 18.4212 3.99155 4.39213 25.448 35.3565 1.78181 2.55784 48.0786 37.9774 21.5385 45.7464 29.473 29.7035 105.633 57.1183 71.2412 35.4486 35.6503 12.8663 19.5858 37.56 47.0741 120.431 147.498 41.087 10.4806 0.00467878 54.6781
-67.3798 0.174562 8.61884 21.7176 3.19976 6.33277 26.5562 35.3565 0.447336 2.55784 55.4519 36.0203 10.3195 43.8637 34.424 21.1712 108.5 70.5437 86.0188 3.71637 40.9072 5.85509 23.3524 38.7674 47.0741 137.597 129.194 75.2598 10.4806 0.0150828 55.4245
-67.3811 0.479458 7.89831 19.7615 4.91363 6.33277 25.1219 39.8587 2.2383 8.08286 41.8195 42.6721 7.72446 41.9355 25.1364 32.5854 52.9404 59.4266 172.235 3.71637 29.5293 9.95737 21.9858 37.0574 61.8873 95.2958 92.9825 113.693 89.7208 0.0127762 55.7976
-68.0812 0.810925 7.93601 19.5812 5.52322 6.33277 25.1219 59.8577 8.30229 11.9641 41.8195 32.158 3.28284 1.11833 14.6135 25.2991 54.8612 83.2689 178.323 3.62312 23.3857 10.3458 25.8103 46.9581 62.8517 117.139 113.135 132.043 59.6722 0.032505 59.0428
-67.3945 1.37417 1.93152 20.7903 3.56946 6.33277 24.2515 41.6593 8.30229 4.21241 46.4113 29.5675 21.8091 1.11833 24.176 18.1254 54.8612 77.8993 164.984 11.7464 44.9087 5.99717 22.7284 79.9118 31.3668 112.66 66.5167 130.145 51.8667 0.0260532 61.2196
-67.3182 1.37417 0.0823058 12.2851 7.26666 6.33277 40.7598 41.6593 15.7084 4.21241 40.5672 12.476 22.9577 22.2761 21.7472 23.458 49.8851 78.0879 164.984 3.95399 48.046 2.64651 10.031 79.9118 47.415 139.041 101.987 150.884 5.09768 0.00943751 58.7506
-67.1662 0.340835 1.28932 13.5059 3.5252 4.2851 40.7598 32.8528 4.89157 29.0882 29.0783 16.392 36.0885 22.2761 18.2562 24.9948 35.6829 72.7838 147.546 7.30765 59.6544 0.451415 23.7987 79.9118 41.9579 152.249 90.2141 116.668 37.6357 0.00641076 55.8523
-67.1906 0.292018 0.793496 15.7029 5.23959 14.3667 1.06505 31.1348 62.9407 23.2843 10.2139 8.86976 71.2773 40.5276 26.9946 6.19671 40.7446 102.274 67.2931 19.9377 62.8021 4.53897 13.9325 61.4679 50.7797 168.164 78.1635 97.2209 36.8097 0.00832437 57.6396
-67.2416 0.355855 3.54039 23.04 1.42862 12.7129 9.34938 27.7941 49.2268 20.7709 10.1791 3.72941 59.4642 62.2676 35.141 6.19671 40.7446 102.274 55.2224 22.4 59.9713 15.7272 17.7983 33.4035 50.5212 208.613 60.303 122.348 33.2539 0.0431037 58.025
-67.8347 0.329095 20.5336 16.0512 6.44854 8.65797 3.46172 28.7698 17.7848 20.7709 10.1791 18.5939 65.5378 94.2668 29.4109 12.0899 40.7446 97.7841 75.653 14.4988 49.8056 2.4663 32.5333 8.91193 54.0785 156.967 56.9701 47.6299 53.1606 0.0378791 56.3627
-68.0178 0.308419 20.5336 17.0534 9.66655 8.83685 3.80151 31.1679 17.7848 14.7443 10.1791 18.5939 70.4207 94.2668 29.4109 12.0899 36.9099 97.7841 75.653 13.3249 49.8056 9.80723 29.0544 5.75884 71.5524 156.967 60.8564 95.461 26.0905 0.0514944 53.5132
-67.99 0.255053 21.1664 23.1071 9.66655 6.44594 3.80151 29.9368 11.8065 11.4347 16.4378 14.7091 70.4207 94.2668 29.8533 6.38268 36.9099 97.7841 80.3034 13.3249 36.6866 9.80723 38.6826 7.91975 69.3165 162.174 24.5909 88.4336 31.615 0.0514944 55.5998
-67.3841 0.287893 17.1111 24.0054 17.5772 4.51486 4.30875 25.6134 11.8065 11.4347 24.0768 15.847 67.796 86.1831 17.1334 6.38268 33.6454 109.046 90.3339 13.3249 43.3652 6.20051 33.8901 29.0149 60.2788 135.378 47.3995 15.1661 29.179 0.0239824 53.0833
-66.7182 0.03174 16.8862 19.2868 18.4956 3.82969 3.20632 9.74617 13.2363 11.4347 24.0768 14.6038 67.796 81.574 4.32398 9.43701 33.6454 125.481 67.2649 19.2887 58.3126 20.8273 39.924 24.9308 65.3046 156.958 55.7692 46.1155 36.1468 0.0250588 53.4188
-67.648 0.646425 27.5524 17.382 18.893 4.20665 0.905015 23.1794 28.7274 14.4527 19.6964 27.1657 39.1771 66.7483 4.73003 9.43701 38.4577 125.481 92.632 33.7493 33.8948 17.0274 24.8943 4.33992 71.6138 151.8 77.5977 62.7027 75.9519 0.0240922 57.1501
-68.4082 1.07118 25.0632 19.9128 19.8138 4.20665 3.41425 15.8498 33.8098 2.55584 28.5559 31.7392 20.6499 83.7927 7.68179 9.43701 52.5571 125.481 92.632 23.8657 16.2415 16.2563 4.88131 4.09744 113.809 151.634 75.9282 36.3789 92.0312 0.0223533 60.842
-68.2278 0.420685 18.3087 22.4308 16.6855 4.25854 3.41425 4.35947 29.6763 34.9755 28.4986 2.65146 46.5094 78.998 24.9934 8.27065 40.19 73.9675 125.431 37.3459 14.7357 16.7064 7.11656 10.4651 113.809 146.832 66.7717 30.7534 18.073 0.022108 54.9514
-67.978 0.307418 18.8708 20.4788 11.8901 5.38123 3.41814 4.35947 23.7403 32.1472 26.9904 16.8704 59.9025 95.1649 55.2487 8.27065 14.6823 105.163 64.7898 24.3002 28.3461 16.6663 7.93638 3.19816 113.809 140.971 66.7717 21.0522 20.9967 0.0209702 50.1632
-68.1919 0.56691 16.1336 12.4213 16.3159 5.29241 14.0006 4.35947 28.5022 33.7315 19.9801 13.5386 59.9025 88.476 55.2487 8.27065 17.2323 105.163 63.2802 24.3002 27.6674 16.9979 24.3794 3.19816 107.05 123.014 63.5739 21.0522 12.1584 0.0210177 51.4682
-67.6768 1.17458 18.1338 6.79278 13.3792 11.1181 14.0006 4.35947 26.7829 23.0596 4.40494 25.641 59.9025 90.4982 55.2487 2.57549 30.9792 105.163 68.1937 24.3002 40.776 16.3176 24.3321 3.19816 122.561 155.744 8.51734 6.21862 31.1037 0.0226577 58.2533
-67.6254 0.813584 21.4116 5.09303 14.1696 6.37248 9.97318 9.02119 26.7829 33.5863 4.40494 15.5765 81.1101 54.0809 57.0849 3.97347 37.4113 63.1985 76.1777 43.3603 73.9609 15.119 4.87656 28.8433 76.985 206.418 6.59698 195.343 57.745 0.0103752 60.1738
-66.7611 0.256627 21.3405 7.51299 17.8527 2.30353 8.99046 1.86927 26.7829 37.3918 10.2328 13.9447 63.362 75.0128 52.7801 21.4925 48.4743 27.8304 71.8424 56.5207 65.7597 14.3981 21.1777 20.2904 66.9897 185.098 2.28094 128.277 46.0212 0.00678409 56.3258
-67.009 0.774729 26.1096 9.86437 3.66769 14.7505 10.1385 1.86927 20.9086 46.7476 13.4874 11.4577 52.9815 82.3432 53.3177 22.2405 48.0241 42.2354 55.5256 53.2339 47.4088 7.59088 33.7775 33.3786 66.3306 186.824 14.2037 50.3569 99.2915 0.00156237 51.8113
-66.4925 1.04451 13.5002 17.7933 11.3205 17.2574 4.57052 0.957963 7.50335 39.7794 36.3542 22.4222 52.9815 85.2449 53.3177 20.6315 89.6825 33.2113 55.3827 29.3043 47.925 19.4095 19.1013 12.7684 55.0927 170.15 67.7921 15.5507 157.356 0.00108747 54.0672
-66.8221 0.412944 13.3686 11.4642 11.3205 17.2574 4.57052 5.36447 25.0785 39.7794 17.6896 20.0205 55.9502 85.2449 61.2006 20.6315 89.8985 33.2113 55.3827 29.3043 43.3749 11.8099 19.173 13.29 49.3366 185.362 67.7921 15.5507 157.356 0.00108747 50.5117
-66.8221 0.561823 12.7863 7.53873 14.9365 19.7835 3.65226 10.8953 25.0785 43.9009 15.1601 10.1342 46.8329 89.4624 65.4931 20.6315 89.8985 30.9918 55.2822 31.5839 40.314 17.5859 19.173 3.22329 47.3659 176.216 88.062 34.4131 47.4874 0.00156969 50.7369
-69.1662 1.35612 11.4991 7.53873 20.1398 15.2034 5.94407 8.70528 25.0785 51.2042 16.2216 1.31496 48.7083 64.1909 66.2835 20.6315 93.6611 29.8193 84.765 32.3667 34.5831 5.9911 12.225 44.5392 48.3629 166.494 4.55809 42.9012 42.8374 0.00151057 53.0226
-69.1662 0.943139 12.2095 5.32838 22.4738 15.3021 3.96062 8.65694 21.8249 39.2857 14.3967 9.96861 48.7083 66.0915 72.2598 20.6315 117.92 20.2899 84.765 27.8382 34.5831 6.91246 9.06188 30.1199 28.9653 190.529 60.1461 7.22033 30.8918 0.00194115 53.5436
-67.3738 0.901387 9.54543 9.12137 25.3601 12.8457 3.96062 8.65694 29.7352 33.9548 12.5978 9.96861 53.8251 58.3725 66.3488 20.6315 117.92 11.3809 84.765 23.1359 36.3731 11.5313 23.0995 24.9114 47.7426 166.787 50.2664 53.5021 43.5482 0.000476184 47.5165
-67.3739 0.795845 7.86913 9.4027 24.4141 19.0081 3.96062 8.65694 32.1867 27.0683 9.1029 7.57906 53.8251 58.3725 55.7348 20.6315 136.153 11.3809 84.765 14.3582 38.2923 2.46325 36.2871 21.3258 61.6832 154.01 54.1041 35.4818 47.4041 0.000476184 48.7035
-67.6229 0.514917 13.8224 18.113 18.217 9.30278 2.22431 8.65694 30.6986 39.4257 11.0547 7.57906 54.0777 48.3128 32.0357 20.6315 154.605 11.3809 88.3509 24.4833 26.6176 11.3667 44.2158 9.09328 70.6156 174.25 44.692 42.1317 60.016 0.000476184 49.2835
-67.6233 0.612269 14.6124 15.4997 17.871 9.32952 2.22431 10.2023 34.6151 23.1773 11.0547 10.0736 56.9952 60.5819 2.1187 13.9909 139.558 3.86554 98.5154 44.5229 35.7153 11.3667 53.5866 12.7339 89.876 93.9467 51.0825 6.51897 61.28 0.00356664 56.6648
-66.4371 2.7975 4.57978 14.6018 30.6203 6.46954 8.24609 3.55229 38.6264 25.9759 9.08213 10.0736 56.9952 21.7626 20.7031 11.5351 150.981 3.86554 96.3847 68.0053 45.6767 9.70613 6.77793 16.1004 89.876 151.63 45.987 25.4621 80.7493 0.00314769 59.5726
-65.7108 2.45955 5.8474 13.1882 28.109 6.46629 7.39634 3.55229 51.3991 39.3761 9.08213 15.4797 40.8644 24.8907 21.5674 22.4523 111.751 47.4839 97.1661 45.8643 35.3907 11.7766 5.37639 22.9409 93.9117 153.309 38.6657 36.7315 42.5894 0.00524184 58.0991
-68.6109 2.40234 2.15048 13.4845 34.3657 3.43683 5.96737 3.55229 50.0771 54.3989 18.1084 14.4476 42.54 25.1138 28.9444 22.4523 122.582 35.5322 89.5365 26.4954 14.1257 24.1266 15.5532 22.9409 103.448 170.098 18.8567 36.7315 68.6847 0.0010959 56.9982
-69.7619 2.41659 1.18893 13.4845 34.3657 8.19216 6.88757 3.55229 50.0771 22.9122 13.4012 35.3799 40.081 33.0227 28.9444 32.6933 122.582 43.4978 77.7574 26.4954 12.2845 7.07225 18.4962 22.9409 103.448 170.098 30.2844 8.32812 71.4324 0.00272859 57.2377
-69.793 2.41659 0.79002 9.17765 26.786 9.24962 8.13872 11.286 36.4276 18.0451 13.7606 50.3597 20.7383 42.687 28.9444 18.7227 149.036 56.0185 62.8127 9.71031 27.7079 12.7096 18.6704 22.9409 78.6158 177.907 11.9424 8.32812 48.0995 0.00117314 54.6063
-69.8538 1.70658 15.2957 9.17765 26.3454 8.86005 8.05128 5.69853 51.2028 18.0402 3.24379 37.21 20.0769 37.0359 66.5964 8.73328 149.036 55.6448 51.1919 7.78451 48.4399 19.465 20.3802 5.00011 74.332 156.634 25.2345 58.5458 61.6858 0.000360495 56.9489
-68.7876 0.89773 18.6291 2.82481 26.3454 9.37358 7.91467 5.69853 56.0763 20.0894 3.24379 34.4766 16.8541 42.0643 64.3434 21.0828 149.036 54.3467 42.7697 7.78451 39.4887 18.8176 20.3802 5.00011 100.374 150.281 67.2848 7.40805 63.697 0.00135606 54.6438
-67.5616 1.8759 15.1565 4.23933 22.0732 5.65774 7.99599 6.05802 56.5175 28.5911 12.754 34.4766 13.6663 57.91 80.6733 19.3316 139.025 51.881 8.33739 1.55179 32.7077 21.8015 39.4212 5.00011 125.844 72.4246 94.5432 25.3804 107.656 0.0000552438 58.9816
-67.6364 1.10766 17.46 17.5552 21.6509 2.06195 8.14626 10.0393 43.4712 22.8853 9.08653 31.0086 17.0553 81.9907 79.4892 5.70166 125.429 55.3969 7.88579 10.6559 18.0789 12.0635 62.9076 30.2388 123.465 63.1799 124.768 94.5607 64.1146 0.000455532 57.7071
-67.5066 0.919994 15.3622 11.44 21.6509 2.06195 9.58155 19.4628 44.6563 21.5483 9.08653 31.9024 17.0553 81.9907 56.8333 7.68234 147.479 51.4562 8.8341 1.01464 27.2307 32.5271 45.3096 2.87841 80.3174 137.67 124.768 95.5782 32.0049 0.000829903 53.5404
-66.7944 0.199391 20.9262 13.0621 19.1173 1.36987 8.88871 18.9441 53.0209 12.8487 15.2668 31.3113 20.9692 63.9953 56.8333 7.68234 147.479 59.6479 11.6495 4.65697 30.4365 20.2101 25.2389 19.2569 80.3174 160.38 88.4616 91.711 5.75752 0.00120405 50.527
-66.8949 0.985935 20.6792 13.8474 8.59107 4.59602 17.8751 28.7775 50.8102 4.00581 15.2668 37.7468 14.6298 99.054 53.8635 6.09109 147.479 42.7878 1.46133 27.0604 25.7557 16.6082 30.7464 18.4869 65.5775 116.097 151.195 128.119 36.904 0.00164511 54.2624
-67.4704 1.08888 14.6111 13.8474 2.67145 4.59602 22.2724 31.1806 51.5171 3.62452 19.9232 28.3618 12.4284 99.054 18.6636 6.09109 147.479 42.7878 5.06932 55.3675 25.7557 22.1212 23.0824 32.2797 67.4895 149.519 29.8665 163.449 10.0336 0.00144782 55.7711
-67.3771 1.08888 14.6111 12.326 2.67145 11.0917 0.82225 41.5318 51.5171 3.62452 27.4255 39.8455 12.4284 99.054 18.6636 6.09109 147.479 42.6772 5.06932 55.3675 15.7818 25.4895 21.072 17.9228 67.4895 156.376 56.4437 203.87 7.13522 0.00339973 57.7288
-66.8629 1.16817 38.4234 6.13092 1.05589 11.0917 0.82225 20.8378 51.5171 8.68551 18.6535 41.8001 13.5657 64.8718 18.6636 32.8521 135.401 42.6772 2.13657 55.3675 23.5595 15.6022 49.0945 17.9228 70.4938 155.169 93.0555 107.319 3.71662 0.00243632 58.6437
-68.8897 1.13716 11.0771 8.541 2.94077 11.2316 1.47446 22.0336 51.5171 19.3104 31.5765 36.5827 14.4511 83.4303 36.2654 13.6383 135.401 36.8301 2.13657 61.1315 13.1655 33.6931 42.036 17.9228 86.2177 102.824 93.0555 91.2999 19.3181 0.00243632 56.5892
-68.357 1.58035 4.2711 1.48038 8.51983 20.0472 0.351063 17.8681 61.6775 15.7576 39.8536 30.1481 15.7385 72.3677 33.5617 20.4887 113.813 51.8874 11.844 48.487 41.6175 44.6655 13.0418 5.35746 103.397 112.763 107.31 90.0201 68.4737 0.00403273 58.639
-67.7862 2.63606 4.2711 1.48038 8.51983 20.0472 2.7108 16.0545 61.2527 28.0256 29.2469 30.1481 17.1287 72.3677 43.317 20.4887 90.4118 61.989 8.5279 60.035 51.0897 9.76437 19.2505 16.0494 89.4404 112.763 107.31 114.399 78.0414 0.00305639 58.9393
-67.0022 0.965532 3.35724 7.12565 5.32723 10.569 14.1891 13.0315 44.2592 31.9735 20.8635 46.5916 20.0367 48.6227 35.4693 78.9245 101.622 67.8093 8.68088 45.4826 22.1814 9.26893 39.5073 3.38749 87.6759 103.111 119.768 53.7998 41.1588 0.00362997 49.9452
-67.0596 0.642415 3.82324 6.00617 5.62018 9.80651 10.1827 6.64689 21.0175 31.5763 28.894 52.2947 25.4042 36.8025 21.6264 80.4838 111.406 50.0827 18.1542 60.3501 22.0028 15.9971 50.9782 1.58642 79.5182 103.111 86.5126 133.457 29.506 0.000558866 55.0738
-66.1153 0.77165 3.39919 8.09575 3.6538 16.5689 5.915 2.11263 19.334 30.8904 28.8053 59.4915 23.508 57.3033 19.0204 45.7076 158.119 57.2138 18.1542 66.1904 22.2309 11.7048 22.2882 1.32302 81.6674 141.728 64.5075 92.32 65.0523 0.00433831 55.0043
-66.6919 0.54151 1.78897 6.40073 2.50598 11.4138 11.3849 3.23151 18.3845 29.0242 28.8322 65.9004 19.836 59.1116 24.6111 45.7076 158.119 56.8569 18.1542 34.8408 21.4665 13.9405 16.0479 16.0468 75.6837 174.929 29.0586 94.3359 73.1316 0.0711323 54.2852
-67.2675 0.24409 3.15687 20.4248 4.01139 8.84757 5.67709 2.08382 1.63107 47.6458 29.2801 65.9004 16.0445 59.8803 19.4497 57.5675 139.139 54.8242 24.3789 46.9254 33.5438 20.3172 0.8174 19.1874 74.1197 174.929 41.8501 85.9084 73.1316 0.0204741 54.59
-67.2302 0.327345 1.75115 21.6622 1.60554 7.0234 6.24165 2.39033 2.07678 49.3741 31.8449 45.8129 12.2382 57.7237 18.9557 40.3696 166.672 52.3076 48.8012 20.7296 53.7999 24.7096 7.6088 12.5826 74.1197 152.201 62.6746 67.4746 32.0603 0.00700432 55.1763
-67.2407 1.11853 3.70756 18.1825 5.98401 5.09995 5.05473 3.37152 49.4298 44.2337 29.6146 34.3515 12.2382 56.1841 19.6185 54.5596 147.29 55.3684 16.4006 20.7296 35.6215 54.1664 1.4349 9.008 79.585 152.201 47.4094 67.4746 27.7793 0.00700432 51.6596
-67.2217 0.762651 5.77548 13.3243 11.5895 3.08243 0.473989 3.17168 56.5714 23.8113 29.2557 21.6919 37.538 59.2215 19.63 40.8574 147.29 35.594 17.1168 22.9408 32.8193 51.1353 10.9507 61.9286 46.8798 152.201 45.8857 18.8222 11.6622 0.00700432 51.3817
-67.3183 1.36775 13.7402 6.54972 13.3949 13.612 11.2702 5.93017 69.5897 1.53093 29.2745 11.1862 45.2981 21.9497 8.46672 76.5877 147.29 38.2834 16.0034 7.86426 26.6015 41.7983 25.3267 91.9327 31.5172 155.621 33.0987 15.4312 153.807 0.00309187 55.3331
-66.9401 1.74065 18.7094 6.99948 18.3046 10.2416 5.69865 5.93017 64.1023 1.53093 29.581 12.2686 29.6884 19.6662 11.9164 83.1409 147.29 41.4332 16.0034 7.86426 32.6284 36.7374 13.904 118.755 19.5247 162.189 33.0987 17.0617 85.4662 0.00426052 55.6688
-68.8259 1.57816 19.6094 7.72526 12.4406 10.2416 7.76087 9.57691 67.6221 9.08194 29.2668 43.2946 27.5153 37.0087 16.3603 109.069 71.0889 35.7817 8.32244 2.67442 35.2685 16.9347 0.831536 128.772 37.1783 177.988 48.3923 17.4687 6.763 0.00498818 57.3208
-68.8259 1.06652 19.6094 18.0608 4.26571 9.53733 7.08658 11.4028 3.02277 14.3824 18.1603 41.3952 54.6902 25.6264 2.52691 109.069 102.594 78.2133 3.90589 36.2168 6.4718 21.9833 11.7225 109.784 40.0167 160.878 25.2515 15.9233 6.763 0.016782 56.1081
-68.6776 0.661974 11.3834 17.0767 4.17206 24.2205 7.30264 13.0236 3.02277 15.5049 22.3504 43.8499 44.9433 17.7816 2.52691 101.959 134.702 49.1501 3.90589 34.0505 6.4718 17.6755 49.5343 62.5386 39.6847 212.706 49.3989 15.4732 30.4851 0.0435017 56.9151
-66.6202 0.421123 5.81172 30.222 3.19141 10.4374 10.573 1.91699 3.02277 20.1938 28.9928 47.5111 48.8807 17.9116 7.23785 103.567 140.823 42.6064 42.4321 21.325 6.4718 13.2184 20.1635 49.463 48.9976 176.909 37.6894 3.04436 14.7526 0.0197666 52.6916
-69.14 0.434716 8.2756 30.222 3.70257 10.4374 13.7938 0.801809 3.02277 14.7113 27.2053 47.5111 39.2168 19.4967 13.2563 94.3033 113.072 52.2164 42.4321 41.6792 6.4718 8.4207 19.2829 75.0203 48.523 186.117 38.298 15.3755 50.2299 0.0204438 59.8494
-65.3642 0.9997 8.81684 21.1243 8.02333 10.314 9.09121 23.9892 14.7549 24.4099 27.6736 36.6527 39.2168 15.9423 17.7539 94.3033 113.072 41.9253 31.7183 44.3594 6.4718 1.88145 19.5995 79.142 27.4441 204.309 55.6519 13.9009 17.2617 0.0160939 57.2426
-69.0036 1.10706 10.9284 21.1243 1.6897 13.4815 12.4677 1.43999 12.3301 38.7174 26.8415 31.181 39.2168 11.1964 18.2337 80.7714 113.072 58.1778 40.6204 36.2229 3.47114 4.17841 14.1731 82.9282 58.0629 227.755 13.7019 14.5854 10.0724 0.0224503 57.3228
-67.9416 1.02334 9.99623 21.9228 3.85128 11.9931 14.9126 10.0533 12.3301 22.0538 60.9227 10.6704 43.3194 7.45301 17.8105 80.7714 95.0193 58.1778 84.6022 33.1084 12.506 4.35007 12.8687 62.9193 40.9247 206.042 20.6896 17.7595 15.6436 0.0211624 49.8206
-67.6484 0.278948 9.15889 17.2181 3.40111 6.3637 25.8231 9.14484 12.3301 17.6678 60.9227 10.5273 43.3194 14.1179 19.0644 89.579 89.4833 53.0335 84.6022 25.859 10.5265 6.17905 8.00186 53.2116 56.4768 190.193 25.2963 17.7919 15.7757 0.063359 53.0357
-67.9055 0.390088 11.9148 20.1093 3.43971 9.00508 21.7219 8.85166 20.0885 16.362 60.9227 8.67194 23.0589 11.5578 23.2142 83.4698 82.4218 75.2393 92.0241 17.9241 10.5671 9.6208 19.6293 49.5666 80.7777 190.193 23.5762 21.4441 17.3129 0.0414994 53.7977
-67.9055 0.224108 4.7069 42.8271 2.88102 6.05978 18.8583 13.0438 25.5071 16.4121 54.2634 23.1682 14.4245 27.3925 43.9482 104.07 83.2953 71.9825 8.93277 16.0683 12.7963 16.282 18.5833 51.6879 54.922 190.193 23.7253 29.0448 43.1009 0.0542174 56.1009
-67.3213 0.317725 1.63348 23.3029 6.738 17.6425 11.4938 22.6569 13.2482 16.5193 34.6531 4.55477 16.9825 39.3323 84.4649 104.07 60.0873 97.918 8.93277 10.3555 29.1668 13.4988 21.6517 50.3679 58.8589 174.809 23.8481 55.4948 14.4166 0.11589 58.7274
-65.9872 0.223416 0.609173 27.3225 11.1351 17.6425 14.9928 16.8316 13.2482 17.1063 45.5435 23.4757 27.4407 52.2268 103.029 74.9781 14.8963 97.918 8.93277 13.8145 37.6423 29.6821 13.0664 34.7687 44.2591 159.671 26.6288 28.268 14.4166 0.0987596 60.2531
-67.7933 0.279502 7.1571 24.3488 9.06264 16.8929 7.10957 15.9317 8.71476 17.3734 50.2545 35.4757 21.8268 43.448 103.029 81.4811 16.9765 67.3897 8.93277 26.1663 35.408 53.5124 16.1199 12.5566 46.3159 160.121 31.1585 22.1652 287.185 0.0666235 63.7359
-67.441 0.767927 7.95504 9.98707 4.33333 24.8235 6.82609 18.255 15.1264 21.7686 66.468 22.6825 28.4246 43.448 103.029 81.4811 15.0023 84.7271 8.93277 8.15812 35.408 39.2577 5.05149 29.7738 48.3059 179.797 42.0984 20.0206 177.615 0.0614966 60.8983
-66.0662 0.30237 7.24313 17.1898 4.49372 24.8235 6.86113 18.255 15.1264 21.5802 66.468 13.4511 28.4246 43.448 103.029 81.4811 17.5422 83.987 8.93277 14.4943 35.408 39.8623 4.07179 29.7738 47.3104 158.059 44.2074 71.1694 174.193 0.0404263 56.7437
-67.0713 0.236982 5.05687 19.3553 3.00982 25.8118 8.08303 18.255 25.8953 21.7321 66.468 9.91894 17.7059 43.448 103.029 83.1543 20.5472 83.987 8.93277 25.1864 29.7235 39.8623 4.07179 19.8775 56.3059 120.077 28.593 22.5954 121.871 0.0237905 55.4946
-68.086 0.256554 6.38078 19.3553 4.08348 25.8118 7.16911 14.0462 26.8206 22.2485 44.8157 12.6907 17.7059 41.9397 103.029 83.1543 46.4409 83.987 8.93277 6.15579 27.6514 37.6292 0.899975 15.2056 103.093 162.46 28.593 21.4872 128.776 0.0186549 53.2632
-67.7383 0.595307 6.46579 13.9146 6.53734 31.6778 7.01408 14.2024 35.27 20.8518 61.2641 12.4323 17.7059 17.3889 50.4777 83.1543 41.1219 83.987 13.5583 8.97177 23.1609 41.2104 18.1419 52.1968 87.5588 168.71 23.1109 19.022 66.3926 0.0139905 54.9588
-68.2081 0.92656 6.6102 14.5967 0.333137 5.16593 0.945473 24.9702 29.2064 34.9705 88.3138 13.6984 22.8108 37.6356 90.6413 77.3721 21.6757 55.821 13.5583 2.6664 29.4957 33.6748 40.5715 18.7116 83.6471 190.793 23.1109 14.4419 97.3148 0.0125272 58.1956
-68.2081 1.25379 4.24846 14.9458 5.89439 5.16593 1.03468 26.2362 15.8298 28.8525 79.0796 14.6675 27.4684 37.6356 90.6413 69.569 46.6596 42.1088 8.00038 13.027 29.4957 31.5071 40.452 17.4701 83.248 190.793 23.1109 70.4196 71.4515 0.00399484 53.6531
-68.2081 0.519145 3.03169 22.6026 5.89439 5.1555 1.43704 25.4568 7.77862 21.8775 83.2169 13.9006 27.4684 37.6356 90.6413 69.569 31.6609 50.1265 35.3711 13.4273 15.7337 29.7707 48.9901 19.0435 79.5232 190.793 23.1109 8.12416 91.1925 0.00399484 53.6866
-67.5891 0.652718 5.25344 13.6847 9.15964 5.23592 4.79408 29.5633 16.7715 11.9073 81.9294 12.9514 27.4684 53.6632 100.344 69.569 20.4316 46.8085 16.3884 17.8104 12.2354 42.6336 68.1492 22.2335 37.5452 188.6 23.1109 30.5212 208.277 0.00399484 56.7402
-67.6233 0.699437 5.53218 9.51462 9.65804 7.43398 5.06192 18.2581 19.3615 11.9073 80.0219 12.6151 29.0733 53.6632 100.344 85.7174 11.2311 47.5725 16.3884 14.4353 39.9431 14.6755 68.1492 29.1456 63.8023 179.23 35.3858 29.3922 98.6436 0.0014102 50.6146
-67.4113 0.281711 4.09837 10.5964 12.5259 6.03782 5.96871 10.6935 17.9612 11.9073 98.5386 12.0883 27.2083 53.6632 79.9733 83.3446 23.1894 92.5181 13.5045 16.3954 9.73113 6.12056 50.3183 16.8813 62.5307 191.771 36.7774 27.033 78.734 0.0883093 53.8773
-66.7395 0.16025 4.56207 10.4998 8.33289 5.89709 5.59134 10.6935 22.1312 16.1755 96.2885 16.4335 27.2083 40.0869 51.5288 90.295 5.88279 92.5181 63.0208 11.8141 25.6171 10.4627 50.3183 11.345 72.162 191.771 39.5711 90.4701 74.22 0.0575111 56.5503
-66.8536 0.032749 1.79326 1.89708 12.2479 6.21573 3.53065 16.0848 27.1924 18.5587 60.4131 10.5571 49.9483 20.4685 63.0793 128.309 5.30932 86.5761 49.3478 23.7639 20.0199 14.3568 55.7155 11.345 82.2298 73.8873 171.468 5.06547 36.0665 0.0123884 53.5555
-67.0818 0.0875888 2.71712 13.8634 8.78635 5.80611 2.36687 13.7489 34.515 21.607 60.4131 5.05326 50.4737 22.2689 65.3037 128.309 23.0474 56.043 50.5206 20.1995 10.7084 7.60265 48.9095 19.6271 93.4385 98.6647 124.864 23.3199 13.4038 0.00491123 50.2546
-67.7575 0.664918 0.736953 8.54637 9.4517 0.492631 8.80553 18.2375 34.5539 25.9932 47.575 10.3722 48.891 22.9031 65.3037 128.047 27.9555 43.8277 76.3888 12.9246 10.7084 11.7169 23.705 39.6386 88.077 83.1895 116.565 18.3904 22.4577 0.00491123 53.688
-66.8501 0.737654 17.448 5.07221 30.5401 2.76171 10.3676 12.5455 20.9957 14.3733 39.9183 5.29739 39.4732 37.6892 65.3037 98.9798 27.9555 45.9698 92.2461 22.4186 17.1744 19.6622 26.9917 41.1423 68.4779 111.868 119.963 37.9934 41.3649 0.0259448 52.6219
-67.7056 1.06773 21.6876 12.0763 15.7108 7.35956 11.6365 11.942 9.5421 22.4299 40.1327 5.29739 43.5429 41.8195 89.3121 71.3371 36.6134 21.9012 105.716 42.659 12.1762 31.7152 11.456 20.8739 49.2706 155.648 86.6149 103.11 36.3262 0.0206342 52.246
-68.4722 1.36352 21.6876 5.34168 15.7108 7.22414 14.6892 17.1588 9.5421 27.743 40.4411 2.76535 43.5429 47.2462 88.4469 71.3371 26.1949 24.9195 105.716 33.3098 12.1762 32.2339 20.4328 21.3533 83.2922 126.918 85.9806 95.023 30.9959 0.0183012 53.4646
-66.9368 0.735888 12.7109 5.34168 20.535 11.1676 12.6587 11.7047 12.0677 28.4605 44.0072 4.85372 46.7889 45.4404 41.7966 71.3371 21.8211 63.1616 106.942 22.0234 7.02152 32.2209 43.6719 11.9472 83.8401 150.57 78.6068 92.2581 49.9872 0.0125773 52.1469
-65.8347 0.619249 7.29942 5.33956 25.2351 7.67809 12.4603 31.5086 23.0139 18.1993 13.292 10.9715 45.5811 41.7975 52.7675 71.3371 8.06102 63.1616 128.943 26.843 7.02152 24.1562 36.8384 24.0822 77.3132 77.7685 111.72 193.062 53.4864 0.0167962 58.5467
-67.5729 0.278868 8.32697 14.1156 13.3809 17.2036 11.1635 31.5086 27.9091 11.7502 17.7527 5.5823 47.9434 73.0403 3.19924 40.735 62.6781 57.9765 128.943 38.032 10.4136 20.8756 8.67863 8.72808 93.9795 74.505 111.503 233.797 160.008 0.0181718 60.4457
-67.0203 0.494284 11.2335 13.7055 1.15116 23.4419 13.4754 34.5971 17.4292 11.7502 11.3791 17.0278 51.4038 73.0403 3.19924 40.735 21.5677 58.831 124.88 34.568 15.2846 25.4717 20.5942 6.4056 101.264 110.908 150.804 31.7342 18.9932 0.0181735 54.0262
-67.0231 0.0500045 20.2044 15.2033 0.580748 14.5878 17.9296 34.5971 9.85819 16.7457 20.6935 10.6307 48.5544 71.2042 7.33942 65.9858 37.3872 52.1262 130.256 24.4587 15.4527 22.0397 14.694 27.1209 86.1631 81.3419 153.539 25.6867 31.9709 0.0158438 52.6053
-66.9841 0.890212 19.4921 13.7487 1.41644 11.3014 15.3502 41.7824 11.6995 17.1498 20.6935 10.6307 39.7359 32.4977 17.1777 65.9858 47.5601 66.0614 143.384 5.82646 36.0504 18.8268 31.7708 16.4758 66.4427 158.542 100.761 12.1605 14.2284 0.0242399 52.396
-67.1153 1.10584 21.9171 15.1655 1.74186 11.6687 3.14606 48.516 8.16817 41.4472 20.6935 20.1759 31.0429 5.71128 32.0485 65.9858 35.6962 52.0241 144.079 18.8569 22.5642 19.39 32.7172 10.7871 75.0272 161.848 67.7222 11.9455 14.9821 0.0179363 55.7637
-67.2799 0.903332 13.942 1.88997 11.0516 9.81473 25.849 42.2677 19.6343 43.0854 15.0035 10.1244 22.1251 9.28592 30.3747 26.3648 45.9773 49.5386 148.476 49.3922 35.8974 33.1013 25.6463 30.4792 56.1484 178.789 62.5906 14.6896 28.3912 0.00504214 53.3626
-66.8413 0.262547 11.2754 3.96974 12.6144 16.4176 16.3547 39.9021 14.9647 59.6085 24.1339 0.111819 22.8305 3.01673 52.2701 45.7805 28.0837 49.288 169.288 39.888 27.6123 3.87108 23.7211 16.6625 64.4465 170.448 45.3896 12.5215 49.5831 0.00101672 49.9787
-66.9281 0.262547 6.4528 4.82342 18.1643 16.4176 13.1752 39.9021 13.0368 64.3907 23.7898 0.111819 22.8305 3.01673 52.2701 45.7805 28.1978 49.7494 174.615 34.7231 20.3945 19.416 11.6928 6.07097 71.5218 189.127 41.9415 12.4233 48.8104 0.0020606 51.8454
-67.5986 0.262547 3.65214 4.82342 21.3452 13.7787 16.4788 42.652 12.6012 64.3907 24.4103 0.111819 25.1173 3.40576 46.4234 45.7805 28.3134 49.7494 173.998 34.7231 22.9951 21.9573 11.138 6.07097 89.315 133.386 120.404 16.6668 9.92733 0.00194154 56.4457
-66.7421 0.163049 3.78497 11.2259 21.2246 2.91301 13.4483 51.5877 8.75762 68.734 22.3999 23.7289 21.4905 9.52275 46.4234 42.3618 33.9297 47.7337 139.546 1.08799 35.245 15.9563 13.9225 16.125 88.5667 127.858 130.954 13.6312 29.7103 0.00149682 54.3314
-66.5101 0.133325 5.21196 10.6746 14.964 5.49311 5.30371 61.8287 10.6687 68.734 12.2394 25.0023 14.2024 14.0228 53.6742 42.3618 32.5072 47.7337 137.231 2.06099 42.3274 20.6524 18.2057 14.8366 87.3729 191.102 32.2806 26.6246 27.3172 0.00136735 54.8037
-66.6973 0.872404 7.01467 7.10377 5.12671 7.94761 8.83388 33.0796 9.11043 62.6661 17.1226 8.91141 42.502 10.4432 44.9426 44.1597 55.7948 67.5907 137.231 16.4663 52.9094 23.8309 13.9418 9.20972 83.6211 169.621 32.2806 7.86728 63.8751 0.000416396 50.609
-66.6879 0.847736 8.64834 3.46368 3.48422 8.83427 8.83388 33.0796 10.2164 62.6661 16.806 8.91141 42.502 6.97644 44.9426 44.1597 55.0614 70.0688 137.231 13.839 52.9094 24.6495 9.38928 9.94113 74.2978 183.324 32.2806 65.4984 63.9649 0.00414219 51.1356
-66.6848 0.965328 8.71729 5.09384 4.05629 14.2281 4.64615 33.0796 10.2164 75.6988 18.2697 8.91141 42.1479 6.97644 52.1386 44.1597 56.7448 46.8613 137.231 7.16483 52.9094 5.13701 10.2901 13.7813 75.5399 183.324 32.2806 39.5729 77.0525 0.00752726 51.5983
-66.6859 0.386854 14.186 16.0832 3.49675 20.5772 9.74312 33.9055 10.2164 56.5281 17.3578 8.91141 42.1479 5.59491 49.5644 44.1597 56.7448 46.1571 133.473 5.04684 62.8789 10.195 18.8459 19.6161 64.3548 183.324 57.1167 20.215 77.0525 0.00707983 54.3484
-66.6942 0.14752 11.9293 16.0832 9.06232 20.3092 1.39076 33.9055 10.2164 46.7676 13.6705 18.4955 41.7302 26.4531 49.5644 41.8565 56.7448 57.4099 110.1 1.53672 69.5274 7.33465 24.6207 11.1441 64.3548 181.952 57.1167 20.215 77.0525 0.00712106 50.4847
-66.71 0.933984 15.0121 17.0657 10.7796 20.3092 0.989525 31.6129 10.2164 46.7676 10.5942 17.2689 46.7441 26.4531 74.0079 31.1843 22.1852 57.4099 130.261 3.9405 69.5274 2.06023 24.6207 4.97235 64.3548 181.952 57.1167 14.0157 48.3617 0.00226071 52.2678
-66.7259 1.31167 15.0121 10.4311 14.3718 20.3092 0.989525 18.6029 10.2164 46.7676 10.5942 17.2689 46.7441 26.4531 74.0079 85.3256 30.2306 23.9596 120.497 3.9405 69.5274 2.06023 17.7058 8.03573 64.3548 181.952 57.1167 40.1617 12.0311 0.00520473 53.3023
-66.7208 1.14637 7.1055 10.4311 25.0018 22.9608 0.989525 16.3558 41.8679 81.0707 5.64099 2.08898 5.95487 26.4531 74.0079 116.934 16.6183 23.9596 87.957 3.9405 74.5456 4.70978 26.1588 6.05505 59.3467 179.111 57.1167 43.7015 44.1493 0.00621921 54.4824
-66.6904 0.775417 9.88156 12.8333 26.9908 22.9608 0.989525 16.3558 35.4582 81.0707 5.64099 2.08898 5.95487 5.21355 74.0079 116.934 16.6183 49.5759 81.9744 3.9405 56.1657 1.27204 26.1333 6.05505 96.3512 158.642 66.8573 34.2759 9.76015 0.00801328 57.0866
-66.8043 0.339499 1.84063 22.2874 22.7348 16.7421 4.94269 14.6678 38.4912 67.6732 6.82263 7.61623 13.9028 3.9402 46.5784 90.4228 16.6183 49.5759 101.576 28.9238 61.4419 1.54419 25.4199 15.2425 77.8652 175.525 38.895 42.1164 37.0123 0.00226468 54.3476
-66.7774 0.585956 2.46298 19.5533 25.6551 10.3331 3.00542 17.2453 64.1226 81.1234 2.47816 11.7925 8.07039 3.9402 79.8669 85.5765 16.6183 49.5759 103.424 16.0586 17.5224 8.23709 18.4526 15.2425 98.7929 175.525 10.9388 90.5014 40.7405 0.000892079 55.6896
-66.807 0.585956 9.95259 13.6552 27.1654 6.74801 3.86266 6.47862 64.1226 17.8875 2.47816 3.63882 54.6832 3.9402 97.8452 87.9047 16.6183 46.0371 109.127 26.7369 9.63678 14.8627 20.4916 9.73708 92.3214 175.525 38.1549 64.2162 35.1394 0.00304881 50.4522
-66.7436 0.670638 9.699 13.6552 27.1654 5.71276 6.38101 19.5443 64.1226 17.8875 11.4673 3.63882 32.0288 5.97301 97.8452 94.1753 16.6183 46.0371 93.2461 35.3675 13.5466 14.8627 26.9445 7.76161 82.6284 146.583 80.449 36.6681 19.7431 0.00497086 49.304
-67.513 0.846649 9.60149 24.4777 9.70016 13.6909 5.55169 17.4142 64.1226 28.0408 11.4673 8.45294 12.7737 13.2229 80.5713 115.444 10.5807 28.9383 80.5684 38.1226 13.4213 23.6245 33.6598 6.97377 94.4254 146.583 96.5628 36.5441 12.5316 0.00497086 50.6654
-67.2704 0.897606 6.59918 24.4777 9.05647 11.2848 10.0584 30.9537 64.1226 28.0408 11.4673 11.9413 11.7839 13.2229 102.448 115.444 7.29536 30.6906 75.8121 20.858 10.8847 23.3918 33.6733 6.97377 94.4254 137.375 96.0795 33.448 21.1807 0.00214848 48.3436
-67.3272 0.901615 7.89419 22.6467 2.6436 8.81262 23.3142 7.26913 72.9712 36.1678 9.15953 9.54991 20.4805 13.2229 102.392 111.496 7.29536 27.2546 40.3632 37.8916 28.3021 27.6851 31.4338 11.1996 78.5488 141.628 89.6175 38.5811 61.9305 0.00456643 51.5904
-67.3931 0.406689 6.14117 16.0879 2.6436 7.65408 25.996 6.251 72.9712 15.2914 14.7755 9.43031 23.3861 23.5523 168.86 111.496 5.61971 18.419 0.192626 49.1924 43.622 21.942 27.3543 2.22122 72.0841 142.306 91.4613 62.1921 110.424 0.00882907 58.3809
-67.3367 0.947247 6.26769 20.1145 12.5367 6.16902 25.996 23.5754 47.7493 15.2914 12.7901 7.21743 20.9468 26.493 165.535 111.496 5.61971 12.5171 0.192626 44.6916 62.802 25.8679 35.1362 11.6118 61.0072 151.973 93.598 39.6354 47.276 0.0120296 63.7636
-67.3832 0.222791 5.61814 29.8775 9.14399 5.64321 15.4136 25.682 43.9331 21.2571 15.2833 5.88849 23.0645 13.3957 108.027 117.201 5.61971 9.27449 39.3153 34.7192 59.136 8.81034 28.0124 57.6558 54.3115 188.992 84.2874 72.8646 3.87109 0.0129102 55.5805
-67.4543 0.322297 19.1787 25.6479 10.6184 6.267 20.1777 25.682 42.1541 31.2451 9.89697 10.4912 15.0448 13.8977 86.8375 117.201 24.4878 1.77043 71.5285 25.282 17.4098 0.712258 31.2475 90.9041 50.0024 161.644 68.9334 24.5811 13.9895 0.0156468 60.6722
-68.6292 1.01937 33.9029 7.64072 10.6184 5.38769 1.04722 32.2647 42.1541 15.724 9.89697 27.1338 14.5318 8.13708 86.3854 137.527 24.4878 1.77043 60.2109 8.19434 19.9405 41.9728 42.3621 89.7887 45.2526 113.775 67.413 37.1607 16.742 0.00754968 54.9534
-66.1479 0.908465 33.9029 11.3179 7.18816 5.38769 1.04722 45.5459 39.6013 32.2143 13.8839 25.5614 7.52631 8.13708 86.3854 137.527 31.249 40.6239 36.2902 8.19434 12.3851 31.4699 35.4759 56.4653 45.1252 105.204 98.3581 51.0321 8.24021 0.00294257 53.5925
-67.3352 0.799375 33.4933 10.9176 7.29872 4.57284 7.02343 18.2529 39.6013 32.2143 14.4811 28.8934 5.45144 59.2599 74.6081 137.527 31.818 40.6239 15.1006 8.19434 24.6111 29.5286 33.226 50.2094 43.9851 144.296 122.497 50.9092 17.3406 0.00583518 50.9418
-67.4396 0.368153 22.925 7.84523 10.8208 2.47244 7.6494 18.2529 47.4078 30.818 14.4811 32.7198 10.2338 53.7382 74.6081 137.527 31.818 40.6239 15.1006 5.04024 27.358 17.241 24.188 49.4723 68.6959 127.873 122.497 105.201 17.879 0.00896175 52.316
-67.1788 0.244383 2.24563 4.89373 16.7196 2.47244 37.8148 8.08499 47.4078 25.0516 12.3855 36.326 10.2338 30.3798 74.6081 137.527 45.4498 57.659 16.4935 9.42389 31.3225 19.2959 0.752539 50.57 77.0147 123.613 69.334 150.853 18.3338 0.00303578 52.6828
-67.1788 0.48198 2.24563 4.89373 28.9052 2.47244 25.2531 31.3163 44.2975 29.1494 7.24148 36.326 9.98476 19.6122 78.2071 101.131 29.541 96.4679 15.8887 26.617 38.6356 20.9329 12.6029 19.0496 68.0681 139.149 124.048 150.853 18.3338 0.00207963 51.1557
-67.4631 0.442725 18.5511 5.00105 13.02 2.47244 22.1124 35.9367 44.2975 22.0102 5.08925 20.6708 13.2408 19.6122 77.5768 100.762 47.1604 90.6755 14.3951 15.8923 34.2554 19.6544 12.6029 32.3455 89.2288 106.321 124.048 230.725 14.6227 0.000976581 54.8531
-67.6134 1.22024 1.50513 5.91464 22.9236 13.9072 20.5566 19.4432 39.4807 45.078 3.68609 22.7721 12.6359 35.0373 92.4248 90.2146 40.029 90.1651 23.0648 36.9548 28.0068 4.67947 12.6029 28.0734 123.863 89.3414 124.752 79.535 16.8614 0.000175373 55.7364
-66.7251 0.507075 3.84241 12.8692 27.3875 5.15036 13.681 12.8202 17.1188 33.4373 14.168 30.6324 51.2925 37.2759 95.9933 90.2146 49.3473 55.7094 12.6284 15.5069 62.3846 5.17406 15.7207 31.1911 74.3727 94.9082 179.387 69.527 11.3705 0.000857937 49.5311
-66.925 0.241284 3.74238 13.1379 27.2244 7.05582 7.31848 12.8202 3.61672 33.4373 14.0948 32.8998 56.2769 36.8274 95.9933 89.7397 47.5409 58.2414 11.6406 15.5069 77.1492 10.0235 15.7207 14.3144 70.9129 76.7003 160.546 75.5903 11.3705 0.00162862 52.9197
-67.1541 0.25391 0.677158 14.2454 26.2942 15.133 9.20787 7.69923 2.91499 30.29 22.1071 32.8998 60.5513 36.702 95.9933 89.7397 47.5911 58.2414 10.7792 15.5069 57.5845 29.4801 10.5152 11.1461 69.4627 68.1925 228.951 12.4539 22.548 0.000965451 51.6386
-67.1541 0.439303 0.677158 4.56728 26.2942 15.5535 10.2961 7.69923 2.91499 30.2935 23.1135 41.0475 60.5513 36.2598 95.9933 85.3393 47.5911 58.2414 10.7792 15.5069 56.3795 36.8403 13.3897 1.08528 68.5217 58.2959 208.882 18.9574 24.0001 0.000495714 54.0765
-66.1688 0.799147 7.33123 2.22512 29.9592 18.2707 8.86138 7.69923 3.9146 30.2935 18.6101 33.8426 63.3107 36.4544 129.089 88.0758 28.1136 43.3579 5.21395 3.59998 4.5836 36.7357 19.4778 46.6179 68.5217 131.488 153.735 32.6698 36.3504 0.00137985 56.3655
-66.6449 0.8064 1.74687 1.94073 7.70009 21.5049 8.51523 15.4012 3.75989 27.0865 17.7608 15.7413 102.126 43.8156 144.232 88.0758 28.1136 37.8588 1.46821 3.59998 5.04495 44.6931 16.3582 52.7163 78.4388 85.007 120.358 25.3454 12.4625 0.0017606 54.0719
-66.5022 0.811276 1.62824 0.936176 7.76335 23.6631 8.07584 15.4012 6.28968 24.1724 22.368 9.26901 102.126 43.5814 144.232 88.0758 28.1136 38.3364 1.46821 22.6097 3.55431 39.8177 12.4084 51.864 66.6103 106.736 82.8967 117.427 12.0771 0.00151549 56.2361
-67.6005 0.660094 21.2612 0.762287 7.35361 22.3523 8.07584 13.865 9.28403 24.6876 21.0652 6.60302 72.5586 16.7192 163.243 88.0758 22.787 37.024 1.46821 12.9702 3.55119 57.1826 11.2795 69.587 88.9994 88.261 97.6791 18.4504 31.9582 0.00499408 55.3989
-67.3179 0.569256 23.4044 8.30118 3.371 21.1258 8.07584 19.3747 8.47284 28.0165 15.3579 3.10391 64.4628 13.5403 107.403 96.8901 40.7068 55.1984 37.8902 38.0468 1.71327 40.9125 2.25022 64.6745 82.0458 88.261 87.7493 7.65989 39.773 0.00711384 56.2786
-66.9475 0.717208 20.5236 4.67873 9.84694 21.5981 5.1006 21.5826 7.73601 29.2213 15.1873 3.10391 66.3141 11.8522 124.636 90.1765 14.2429 50.8993 17.3729 42.0856 2.48845 42.5667 19.7311 60.0304 82.78 101.808 133.602 9.39396 36.4808 0.0069811 51.924
-68.3119 1.66615 20.1086 4.93743 10.0191 23.5355 5.1006 24.4022 6.67289 28.7409 13.0168 4.53203 66.2534 14.7346 124.636 77.1259 10.9506 109.494 19.9987 31.6426 8.32296 23.3353 22.4494 21.304 78.897 112.264 198.465 9.63413 42.1495 0.00776057 55.5051
-68.3336 1.38319 18.3952 4.73467 14.3953 24.306 2.19185 42.1233 4.67933 28.8636 14.3144 2.08135 66.2534 14.6622 124.636 80.166 10.9506 98.2673 26.8962 23.3633 3.54315 28.0788 33.4206 21.304 77.8153 99.8204 91.03 9.41602 32.2633 0.00779411 53.8159
-67.6477 0.85257 16.5576 5.18123 14.3953 25.0375 2.6504 42.1233 2.94899 28.6117 14.3144 1.56849 53.4366 10.8756 124.636 80.166 10.9506 98.2673 28.4204 23.3633 9.10184 28.0788 24.007 35.6719 67.9868 105.564 127.883 11.0475 22.9707 0.00771439 51.6064
-66.9453 0.691058 11.2492 5.02441 11.8177 27.7715 4.92066 16.132 15.1229 41.6086 14.3144 2.89242 56.6668 1.54088 85.7199 61.7066 23.8254 92.0301 33.2812 24.0805 35.1593 53.1685 15.7247 35.6719 58.4692 137.951 160.89 16.7598 13.3461 0.00757901 54.2899
-67.602 0.151522 14.5694 7.66287 10.8191 29.3226 8.28407 9.70165 14.2827 39.8933 19.6554 2.92796 68.0444 8.77945 58.3827 60.3535 28.434 103.17 34.6115 33.6683 36.8712 46.9349 16.121 37.7047 65.5853 153.373 104.728 15.8191 9.58076 0.00864358 54.6253
-67.0553 0.413689 4.76729 5.31314 7.93587 29.3226 3.4536 7.37623 11.0531 55.5246 5.8011 0.182537 77.9847 10.551 58.3827 58.8385 19.2445 91.576 46.2945 29.959 18.8086 53.0773 60.3594 53.4814 39.3229 150.281 93.8946 9.59049 14.9597 0.00921656 58.6619
-68.4411 1.50616 4.76729 12.7093 10.0869 26.7304 2.71228 16.1863 12.5912 30.6584 5.8011 24.4212 77.9847 15.1701 60.5974 115.82 24.5064 76.0156 42.1169 4.59267 9.62977 53.3906 35.3594 20.0136 44.4355 129.367 110.308 6.73933 17.8291 0.0307811 54.3691
-68.4411 2.26818 2.57452 12.7093 13.9172 19.8423 7.35722 0.893191 14.6672 38.1141 18.1749 26.3053 70.6861 11.4415 54.2416 115.82 36.6595 76.0156 44.2381 16.444 14.0429 67.2131 10.0291 9.52857 64.069 135.058 122.561 27.8128 33.9301 0.0307811 55.496
-68.3583 1.72666 5.75161 12.7093 15.2685 19.8423 7.35722 34.6615 12.7085 2.45872 13.9648 26.3053 73.2443 7.94195 53.0846 115.82 36.6595 76.0156 52.3865 9.89046 14.0429 67.2131 9.93183 9.52857 64.069 140.177 120.993 35.6526 2.92216 0.0252149 52.5829
-68.8046 1.74889 11.0988 11.8018 13.4665 16.2403 7.89867 27.7892 23.9715 2.45872 18.1158 25.0738 49.4628 7.94195 99.6299 83.4739 36.6857 76.0156 49.7279 4.30522 1.90264 58.5098 34.0931 9.52857 90.592 138.487 87.0546 36.92 8.88257 0.0176225 53.3131
-68.8046 1.74889 9.76847 11.8018 16.239 19.7269 5.97907 27.7267 63.2684 2.85883 22.8436 25.0738 4.00856 7.94195 85.4138 83.4739 13.1757 80.3189 59.4935 5.07714 1.39771 37.8893 40.5404 44.239 80.4575 139.961 60.3492 47.3156 12.941 0.0147157 55.9995
-68.467 1.22917 12.9821 9.85625 19.8776 2.52479 5.28207 17.6276 71.5458 15.0938 21.7979 19.2017 23.171 22.833 85.4138 60.7084 41.6262 80.3189 75.8337 19.6837 6.59489 34.2739 23.1793 9.44018 73.8459 142.505 91.2131 31.9341 12.3056 0.0203024 54.261
-68.1322 0.351719 14.0365 12.678 4.19052 8.52815 10.3018 0.721081 30.5255 22.2726 25.0983 25.6052 61.0717 14.2931 29.4033 61.1 45.6778 54.1961 109.154 21.9547 34.2968 22.6037 35.6855 9.44018 62.8722 153.362 107.019 9.58468 67.3269 0.0106317 58.6227
-67.8966 0.733541 7.33084 16.6652 20.8708 11.4324 1.63842 9.2438 18.8577 10.5028 17.7512 21.0987 78.6014 26.8424 23.4797 53.4442 47.0653 72.0243 125.1 33.0656 33.3402 22.6819 25.0436 15.3434 46.0501 168.155 88.3265 62.3316 46.9646 0.00929217 53.9216
-66.2023 0.70217 5.86174 21.7689 22.4103 8.89924 7.15871 13.1511 18.8577 4.6014 7.84968 22.4832 75.8182 31.4537 11.0681 6.67982 33.4378 62.0475 179.5 38.1922 33.3402 16.4256 27.4247 8.0894 71.2999 180.893 82.0979 85.8617 68.1896 0.000696275 55.1347
-67.9918 0.921109 10.6701 21.7689 12.497 13.9644 7.93557 7.7047 32.6126 45.1096 27.6379 60.539 11.4865 18.1417 11.0681 5.8885 40.0048 61.5963 179.5 17.5429 33.3402 23.2157 21.7301 20.9488 60.1885 124.307 120.108 133.091 40.8296 0.000696275 59.0082
-68.4421 0.48629 4.58524 27.9443 17.4772 13.0664 2.21103 9.85997 27.9795 57.4674 17.2515 53.713 11.4865 24.1964 11.0681 8.40855 34.8875 56.3298 214.49 15.8643 32.72 3.41512 21.7301 10.7896 64.9128 121.201 141.2 33.0737 44.1092 0.000476323 56.7509
-66.4809 0.706314 1.88302 27.9443 14.8419 11.1249 2.69209 2.47394 30.7366 30.7946 23.2254 45.0479 26.9004 49.1001 17.7223 8.40855 37.9234 40.5412 217.058 17.2811 31.5816 12.1217 21.7301 4.67771 64.0689 127.439 129.78 6.29318 47.7121 0.0119045 54.0867
-66.2712 0.749464 0.991013 27.9443 14.4281 10.7694 2.69209 5.09438 27.0907 30.7946 24.2655 44.1027 16.6697 49.1001 17.7223 8.40855 37.9234 40.6381 217.058 17.6074 56.1458 3.54015 21.7301 5.26155 64.5854 158.875 120.406 17.5089 54.328 0.0110897 53.4086
-66.4174 1.14698 0.968733 20.6907 7.32069 21.04 12.407 5.09438 31.8648 27.4705 24.2655 47.1821 22.3264 35.9325 17.7223 8.40855 37.9234 39.5983 216.937 17.0583 46.5916 9.01549 21.5244 6.89522 64.4341 153.81 97.7051 4.54647 14.7555 0.0107327 52.4378
-67.1204 0.772723 4.05212 12.5361 12.5031 21.3596 11.7728 1.85499 30.6107 36.2881 19.4928 47.1821 18.9523 34.602 17.7223 9.35694 44.0562 39.5983 216.937 2.5672 35.0065 12.2521 19.8631 27.687 64.2379 158.235 131.305 11.3688 4.50246 0.00602806 52.904
-67.8827 0.758892 5.76569 7.50821 11.951 21.3596 11.7728 1.85499 31.6337 31.3557 28.5402 51.2494 18.9523 35.2953 2.65347 9.35694 48.829 39.5983 216.937 2.33666 50.0475 8.6341 31.2613 33.9745 64.6674 77.3257 143.659 11.5949 4.50246 0.0159665 54.1324
-67.4168 0.501134 9.72804 8.54362 8.39688 18.1728 3.15213 1.85499 23.8018 30.265 26.3203 51.2494 20.6717 35.5832 2.65347 9.35694 43.2339 15.3624 216.937 36.8752 49.0481 8.6341 38.8954 38.2938 64.556 82.7994 165.449 13.1553 3.37323 0.00750172 55.5399
-68.0991 0.865563 3.51731 1.54805 6.97785 14.9584 13.1924 1.85499 39.3022 34.2727 33.0308 48.7002 26.2093 21.5412 2.65347 49.8805 46.2727 6.79086 187.453 25.2838 60.1476 15.5596 12.4359 13.9619 64.4908 142.575 133.57 81.6757 7.92214 0.00780748 56.7425
-68.2332 1.05868 12.0247 1.54805 6.45326 22.0051 13.904 3.34562 28.3544 35.0879 63.8461 2.76498 19.3718 52.4927 2.65347 55.021 40.2084 40.2205 136.472 47.4471 55.925 2.06074 2.68547 13.9619 64.5358 172.227 133.57 159.98 13.14 0.00112359 61.6618
-68.1545 0.813941 12.6388 1.14408 0.657331 19.9115 13.478 3.34562 37.7896 40.7779 63.8461 7.79107 21.8999 35.8861 6.43925 44.2858 37.5683 56.1486 139.481 37.1351 54.6414 18.2709 14.2991 21.7978 64.0181 67.3994 149.906 146.509 11.6453 0.00112359 62.352
-67.235 0.666064 13.5511 1.14408 1.38187 0.663926 12.9729 6.27056 47.0272 37.1246 57.5846 6.85585 17.9363 36.7026 13.6153 68.4928 34.9917 42.3975 139.481 45.1502 65.7063 1.02195 1.69041 49.3653 66.4346 57.4915 174.024 114.331 7.33946 0.00494079 57.8289
-67.5589 0.312282 10.934 1.14408 10.4979 5.06436 5.92318 12.1931 50.4353 37.1246 49.9215 6.85585 20.4967 43.8531 13.6153 85.9181 21.3986 43.4162 94.9564 47.0218 53.3965 1.02195 1.69041 65.3795 70.4371 51.076 214.748 20.3025 23.2848 0.00986796 56.6933
-66.4382 0.0415888 13.4286 1.94822 15.7451 4.57329 1.03403 6.9008 33.2785 36.1798 49.9215 23.6751 22.696 43.8531 13.2285 102.235 29.6236 43.4162 74.9993 48.4265 35.5046 22.0735 22.5612 52.6403 68.7433 78.1998 196.56 4.59079 27.5705 0.00221799 53.7791
-65.8074 0.136392 13.6214 1.94822 35.4295 8.73533 3.39155 6.9008 33.2785 6.31521 45.6608 31.6182 34.2301 36.3514 15.3609 117.366 33.3691 34.7297 64.5179 21.8884 36.3637 28.4848 15.0722 51.401 73.7133 76.8007 130.795 18.3546 27.3391 0.0137547 54.2596
-67.2528 0.81014 15.8354 1.94822 30.2704 3.68968 6.07469 6.9008 33.454 2.96938 48.355 37.6013 34.7924 69.3075 15.3609 123.077 17.7375 3.48767 90.8159 16.9673 29.1831 10.9118 12.8021 78.8963 74.4015 79.3966 182.606 22.5337 32.4847 0.0219394 54.3403
-67.9785 1.16251 17.9455 4.66129 30.2704 6.8099 1.42993 27.5832 23.778 2.96938 59.8524 11.8614 34.6545 93.342 19.7875 120.816 10.9402 13.0365 85.9753 20.8149 38.6338 10.9118 9.33949 48.7287 75.9515 66.2209 188.278 18.7873 49.1902 0.00737688 51.7258
-67.5488 0.973424 17.9455 4.09932 28.5767 10.0523 1.49653 26.1281 20.7243 8.39486 50.5816 28.4187 26.4842 93.342 19.7875 109.563 11.8436 19.8426 85.9753 12.834 41.1748 10.9118 15.9424 49.5419 63.1043 84.3571 180.092 39.4413 23.1493 0.00260882 50.3121
-66.922 1.07928 19.3671 4.09932 25.1005 13.1136 1.04878 34.1013 22.7009 9.6426 45.5858 28.009 18.4816 95.6226 19.7875 109.563 14.8135 19.8426 85.9753 8.83443 40.4983 10.4365 7.57614 38.7538 86.4199 59.9582 167.943 19.6658 27.1191 0.000345067 48.9399
-66.6351 1.07928 19.3671 4.09932 25.1005 13.2065 2.53576 31.2444 22.7009 9.61485 45.5858 28.009 18.4816 95.6226 19.7875 109.563 12.7647 24.7567 85.9753 6.37433 43.9464 13.9572 6.37815 38.0592 86.4199 56.9161 179.873 57.1279 27.1191 0.00244218 51.1441
-66.804 0.385786 16.1561 4.09932 5.62086 8.76679 1.15655 42.5408 35.2451 8.25171 45.5858 28.009 30.6138 95.6226 19.7875 86.7295 11.4387 24.7567 102.28 33.7344 30.807 2.94006 25.8698 33.4874 77.7908 49.4475 138.694 91.6496 23.7133 0.00244218 53.2537
-68.776 0.881529 15.7836 4.88944 2.89007 6.94149 0.289706 40.6704 14.988 6.41009 46.2408 13.1585 30.0685 95.6226 19.7875 86.5578 15.3266 22.8193 150.533 29.8989 19.9162 1.46448 38.9907 39.7745 59.1332 75.7526 152.407 18.2475 33.6837 0.00578153 58.1054
-68.8135 1.10501 9.36873 2.27308 2.06711 11.8836 3.63449 49.734 11.101 47.0313 31.5039 4.9679 32.1088 95.6226 2.60705 86.5578 17.853 21.128 147.673 18.79 2.43203 16.5515 18.4472 41.7546 82.1099 78.4619 171.236 151.473 170.613 0.00467793 60.4105
-68.8159 1.44987 6.17928 6.66821 2.49523 43.4058 4.26738 49.734 21.6951 41.5654 14.07 3.81575 18.9827 91.963 2.60705 82.8658 8.36575 21.8171 147.673 24.3712 4.55701 33.6191 18.4472 47.2063 65.8757 71.9477 156.924 25.8963 234.561 0.00485429 59.9123
-68.9323 1.21967 7.84012 7.20391 6.32992 36.9957 5.24305 49.6328 19.2599 47.6764 21.1957 4.06208 12.0327 149.868 2.60705 82.8658 8.36575 18.4136 91.2791 18.057 3.69408 12.2296 33.4379 62.2929 68.0837 103.845 148.016 19.3961 37.7545 0.00485489 55.2116
-68.9254 1.16805 7.84012 0.23658 7.09366 47.7566 5.97291 43.7978 7.32241 47.6764 21.1957 2.00694 22.0148 149.868 2.60705 85.7317 8.36575 13.2823 91.2791 7.16842 7.77303 13.2759 53.4286 59.6516 61.0255 95.4832 173.657 51.6658 19.9032 0.00395563 60.2214
-68.922 0.824632 14.9427 2.51632 0.709108 22.5032 11.1394 61.7901 12.2154 49.6184 21.1957 4.32096 24.3581 121.25 20.7873 91.2167 13.2017 18.6488 73.0414 6.70536 38.6059 7.02797 15.6454 52.5939 65.4431 68.1111 185.746 5.12727 57.644 0.00335813 56.5992
-68.9364 0.620996 18.526 2.76862 2.77198 24.7627 16.0328 61.7901 8.89109 49.6184 20.1431 8.8235 6.53373 121.25 20.7873 77.3399 13.1445 5.24064 59.1555 8.68039 57.5878 7.3457 15.6454 79.5957 96.7498 36.1111 212.752 56.4371 148.024 0.00507695 60.3995
-68.8952 1.19931 18.8632 1.59974 2.77198 14.9263 17.4572 54.4484 12.3684 47.1206 22.9218 9.30702 5.47778 121.25 5.07882 75.9102 13.3546 40.3496 65.9999 7.68653 61.6415 23.0553 14.9751 81.1185 65.4638 8.87204 241.314 50.1748 98.4612 0.00187157 61.0609
-68.8552 1.10265 19.2886 1.30485 2.77198 17.4836 24.4004 59.6166 12.0755 35.7534 23.5363 14.1373 10.5971 96.4772 20.4079 83.9558 12.9506 16.4555 75.3784 18.6781 86.2825 14.9952 9.18759 32.3995 91.784 27.5546 275.248 18.0451 134.853 0.00191126 58.7147
-69.0639 0.468158 18.9826 1.60695 2.77198 18.0516 21.6738 61.6579 8.64216 22.1185 4.15038 15.8592 48.1977 96.4772 17.2941 83.9558 13.0733 16.7915 75.7953 4.0302 27.176 24.5384 48.121 32.3995 101.141 45.459 220.599 37.2318 139.645 0.00152278 58.0458
-68.4042 0.585703 16.5413 6.83412 6.96581 15.6938 11.2687 62.3826 8.64216 22.1185 4.15038 16.8987 54.1883 82.2502 12.467 19.8575 64.6334 39.6571 77.2662 14.1501 26.743 23.3318 71.8465 28.6329 71.0205 37.6233 266.887 39.9995 206.584 0.000833814 59.0247
-68.0627 1.08455 6.90571 6.59827 9.14415 7.20726 12.1543 46.3722 18.89 22.0291 6.49379 16.905 51.2433 87.6221 64.4988 21.8248 64.4647 39.6571 76.2028 21.9477 0.127654 12.1447 67.9488 37.1556 99.1677 36.8077 152.514 99.9411 67.2726 0.000833814 60.0974
-69.346 2.53243 6.34519 8.04632 13.9781 20.4698 14.472 29.5195 9.04411 29.7622 9.65173 16.951 52.1314 45.1466 90.6454 17.8351 75.2087 30.6395 75.1652 32.4915 10.0378 8.66617 75.2797 11.4714 72.4804 121.71 81.9674 32.3246 64.037 0.00765215 57.5987
-67.7469 1.20906 9.85404 8.09909 13.4423 20.4698 13.2361 29.5195 16.8023 23.6606 22.6205 16.9386 33.92 36.786 60.1527 0.486485 98.8935 17.7376 120.315 39.476 0.749733 6.86137 68.2952 5.99534 91.6812 153.993 82.6828 26.2216 38.0488 0.00910045 54.2463
-67.7006 1.15982 10.3212 5.08236 12.8435 30.5279 1.71853 37.3725 26.2717 28.1613 23.7326 16.493 28.4054 64.9979 33.8978 7.11455 98.8935 29.6936 67.855 39.476 1.82869 12.4185 44.7058 15.9982 88.8911 199.414 63.814 23.0018 18.9202 0.0250928 54.4844
-67.9148 1.21155 10.3212 4.06743 12.8435 30.2195 2.53511 37.3725 25.7957 19.8536 27.4529 16.6838 30.5639 101.557 39.273 8.76116 89.5931 29.6936 75.9533 32.9718 1.82869 12.8722 47.8444 17.4559 107.244 114.108 39.5147 7.70217 17.6119 0.0336108 55.1627
-67.7745 0.754066 8.32109 6.76677 12.5974 28.2071 2.53511 11.7173 25.072 23.0168 43.1608 18.9314 25.5561 96.0726 54.7905 19.5656 89.5931 12.7289 82.862 34.8708 2.89652 14.4839 28.9783 18.2407 102.143 114.108 104.976 22.0532 35.4236 0.0380455 51.2709
-67.6598 0.652924 9.56171 8.91803 20.7789 18.2651 2.53511 15.2877 18.5656 14.9212 43.1608 16.499 55.8575 96.0726 54.7905 18.6373 77.1114 12.7289 85.3044 22.7366 9.59747 13.8635 24.0412 22.0688 99.1424 108.094 123.072 27.3105 30.8667 0.0310367 51.0589
-67.6598 0.626226 15.6986 1.85013 20.0104 19.6689 2.53511 15.2877 4.31055 14.9212 45.6452 12.3394 51.8737 103.395 68.7044 18.6373 70.4845 12.7289 85.3044 14.6335 2.81346 12.1759 52.7584 2.19148 99.1424 113.582 123.072 28.6242 6.85037 0.0507019 54.0344
-67.4102 0.626226 15.6986 1.85013 14.0201 22.0744 4.89034 15.2877 29.0116 19.7311 45.6452 2.91425 51.8737 103.395 52.8228 23.8147 63.88 12.7289 85.3044 14.6335 22.3072 11.4311 41.9306 2.19148 99.1424 103.918 124.374 28.3943 26.4307 0.0373952 52.5911
-67.4102 1.20367 10.3438 1.85013 19.8362 23.6751 4.13732 7.5055 29.0116 19.7311 45.002 6.92879 51.8737 103.395 52.4262 28.2341 56.0812 12.7289 94.8436 14.6335 32.0899 10.6152 33.8442 2.19148 99.1424 103.45 143.93 27.9914 4.42831 0.0244739 51.9963
-67.6235 1.20367 10.3438 1.85013 17.6818 22.8822 9.43033 7.5055 29.9956 19.7311 45.002 6.37971 51.8737 110.812 45.6462 28.2341 54.0545 12.7289 97.2286 28.4282 32.0899 11.8208 27.6025 2.19148 89.668 103.45 110.694 27.1701 4.42831 0.0244739 52.251
-67.5674 0.917628 9.68763 1.85013 19.2395 23.901 8.51268 7.5055 26.8825 19.7311 44.9656 9.27487 51.8737 110.812 40.3151 28.2341 54.9014 12.7289 97.2286 26.9529 32.0899 11.879 34.4485 2.19148 89.668 103.45 110.694 3.28464 45.0302 0.0250161 51.2034
-67.5674 0.132208 9.68763 1.85013 19.2395 20.3062 8.51268 20.5041 26.8825 11.0094 44.9656 7.63146 29.7148 114.631 41.0127 28.2341 54.9014 44.6575 89.8146 26.9529 32.296 5.10333 29.5737 11.1848 89.668 103.45 110.694 7.72214 47.7637 0.0250161 51.5596
-68.1975 0.334548 10.2805 0.588744 19.2395 19.3079 8.51268 20.5041 23.0602 9.67761 44.9656 13.0243 31.8181 114.631 41.0127 9.67068 71.4125 44.6575 89.8146 14.7328 29.3527 13.2763 25.5796 15.3467 89.668 103.45 182.27 7.0307 55.5212 0.020854 54.0739
-68.3881 0.741956 13.5739 0.588744 19.2395 18.589 10.7091 12.0252 31.1419 9.67761 50.2351 7.97901 36.658 137.59 56.3025 5.06865 35.4584 44.6575 87.115 18.9561 28.9801 12.1495 32.2365 15.3467 91.8234 106.597 137.832 6.249 65.785 0.00433297 55.0993
-68.2421 0.916219 18.9734 0.588744 19.2567 9.30163 12.6878 15.0418 31.3817 21.3417 35.8397 10.921 32.5181 137.59 56.3025 5.06865 34.7478 47.468 87.115 42.4866 26.5488 8.36787 14.8721 15.3467 91.8234 106.597 107.149 4.55259 103.882 0.00870834 55.0158
-67.879 0.707982 6.82505 19.3406 18.4536 8.25913 9.99464 15.0418 39.5375 22.7665 44.4826 7.50802 31.2862 126.35 46.0917 7.34363 13.3327 32.5051 69.2283 48.6602 27.4209 6.83937 17.4864 29.17 91.0962 128.395 107.149 10.8354 20.5695 0.00302935 51.4215
-67.9135 1.41103 5.57022 19.3406 18.4536 9.02758 6.59232 13.2216 29.3806 31.0026 39.7237 7.50802 31.2862 130.557 46.0917 17.5313 54.8339 29.9706 69.2283 31.9797 36.8862 1.90746 17.4864 27.486 91.1908 124.203 84.4539 19.9016 20.1057 0.0129917 52.2751
-67.6757 1.36729 5.57143 21.1569 6.98468 6.80172 10.2261 18.8733 47.3825 35.8913 32.5373 11.6309 1.26933 122.784 66.1398 35.6738 62.8561 29.9706 48.9184 28.4203 39.5028 1.40281 17.873 10.4894 96.9721 154.242 80.9082 47.8657 35.6554 0.0186435 52.4993
-67.7618 1.15896 5.56587 16.5106 13.1703 6.80139 16.8484 7.54843 71.1657 36.7688 29.5101 11.6309 1.26933 122.784 66.1398 32.4711 60.3597 29.9706 30.8482 21.2496 39.5028 3.74171 22.0437 10.4894 97.4994 141.07 58.6192 41.7617 71.0395 0.0157853 51.2939
-67.7618 0.685138 5.12559 17.0756 13.1703 6.80139 18.0516 7.54843 71.1657 36.7688 31.8469 9.63584 1.26933 122.784 66.1398 32.4711 62.0915 29.9706 38.4426 21.2496 40.5782 4.23634 4.46513 4.99552 95.3196 120.297 121.53 13.7334 63.7013 0.00700325 52.781
-66.2623 0.539084 5.08127 28.3587 7.92926 11.4835 10.164 6.49064 70.5439 51.6813 22.5234 2.80431 6.82477 103.201 63.746 35.5941 58.5409 29.9706 38.3757 21.4516 38.0551 22.3553 25.4721 3.51922 93.2705 90.9026 227.772 9.09089 63.6882 0.00502278 60.5137
-68.4689 1.26297 6.38915 45.085 3.8654 3.41824 2.63603 7.49624 63.1874 42.9 24.3202 2.80431 5.44162 96.1815 35.7714 55.09 58.5409 35.0514 38.0807 21.4516 45.4725 48.7744 8.62519 0.592427 108.593 76.1407 145.54 0.432698 62.866 0.00073395 56.637
-68.9549 1.55172 6.74445 43.666 0.808752 4.79272 2.63603 10.1537 65.1266 42.9 30.0485 2.31233 6.98559 69.5063 31.5583 41.3452 86.7075 35.0514 38.7993 21.1262 41.8498 68.9954 21.3984 14.3387 97.8458 76.1407 99.6878 11.0055 54.8408 0.00202566 58.7247
-66.0609 1.09652 7.40704 26.6116 0.882101 17.3633 5.99721 18.1468 70.4228 11.2757 46.6811 11.9614 4.18828 69.8398 41.0445 21.7222 85.4608 46.9481 37.6527 16.1776 40.8054 70.8666 3.2114 8.91961 92.7971 134.099 50.5322 47.9472 137.902 0.021595 59.1845
-67.4972 0.424301 5.92862 32.1202 0.860474 17.3633 3.39808 22.5666 61.5231 12.1564 48.9623 11.3692 1.18917 90.7603 49.0247 7.73905 106.612 46.9481 23.7889 10.7396 42.7323 49.1924 12.9072 13.0693 93.6142 112.142 94.0186 61.3161 16.4295 0.0290777 56.5991
-67.3373 0.295394 1.58925 32.7544 1.54546 17.3633 3.39808 22.5666 39.7128 24.8676 44.5117 12.5174 3.8454 71.2059 98.1307 3.36703 62.835 57.9288 32.1867 38.1611 35.3005 28.2534 22.2432 12.2864 85.9645 112.142 104.093 104.643 83.6152 0.00816954 55.7768
-67.2659 0.672212 5.87153 33.5395 0.638117 19.1903 1.80728 22.5666 47.8825 40.2716 12.3975 12.5174 24.3147 95.7355 90.1593 3.16312 50.1187 49.7155 56.0664 30.6683 33.7848 28.2534 16.4141 8.4711 88.0807 94.7133 104.093 219.873 89.1118 0.00319372 56.2508
-67.2445 0.77759 0.593642 24.727 2.65331 13.0662 14.9331 32.9234 47.9899 25.422 4.78363 0.597266 40.2136 34.8878 123.308 7.66104 30.9647 61.2127 65.2431 40.573 11.4199 46.5407 16.4141 16.7679 130.1 101.251 50.1324 22.7858 46.6523 0.000449065 56.8518
-67.2818 0.536542 3.21147 24.7654 4.35997 11.4887 24.1988 1.74375 49.3573 32.9433 9.6821 26.8851 57.2799 20.265 89.4447 7.2607 3.53476 70.3113 87.6394 18.297 34.5815 51.5276 13.666 6.31862 82.2089 196.141 59.9539 19.5239 34.987 0.00715423 56.9207
-67.2746 0.689793 2.68992 16.9404 15.748 4.02493 23.4641 3.41428 57.8439 22.1487 7.49059 11.2972 46.9411 36.5406 80.4974 7.46308 8.45848 88.3862 76.9732 28.586 34.7815 51.5276 7.0801 28.0863 100.269 166.271 28.171 232.013 104.223 0.00723199 59.6425
-67.1407 0.829818 2.68992 13.0793 15.748 4.02493 23.989 9.18423 38.809 33.4642 14.2466 6.4249 48.3946 49.2079 84.5959 7.36792 4.91072 90.3672 76.9732 20.5443 4.30297 62.297 4.29519 37.3435 95.9499 128.746 38.4975 250.888 175.036 0.01379 63.6307
-66.9809 0.587593 3.09743 15.0326 17.146 4.02493 20.6216 5.72175 49.5383 35.0724 14.35 6.81581 31.6669 37.8083 119.255 9.21966 25.1056 90.8653 61.8475 12.7095 7.24858 82.1768 12.6856 26.8308 62.0485 171.313 35.7587 155.303 110.435 0.00543779 56.4584
-67.0494 0.150276 3.09743 15.0326 19.8462 2.22892 19.2579 5.72175 49.5383 45.3782 13.3708 5.55938 23.1635 44.4833 119.255 6.84181 41.2152 91.2511 61.8475 17.7805 4.97708 59.7738 16.7318 13.2602 60.8524 179.54 34.1311 155.303 80.0054 0.0141387 53.524
-66.4722 0.851476 18.4609 6.31778 18.8725 6.30155 17.3002 8.26615 44.3436 45.3782 13.5655 8.32209 19.2811 44.4833 88.7293 13.5205 54.2106 108.633 58.1516 22.1593 9.35551 36.0677 19.883 16.4984 54.3562 173.456 89.8572 146.799 68.9363 0.00385176 56.577
-66.6396 0.676297 18.4609 1.84612 23.1246 5.62827 10.2946 8.26615 32.0447 26.2854 6.85378 7.81049 63.148 57.4759 86.5389 15.1707 17.8516 125.933 62.4149 27.8939 16.7235 26.1709 23.8929 19.776 65.8151 144.556 89.8572 152.393 70.1842 0.00639956 52.4421
-66.6654 0.760571 17.4182 2.48923 12.4078 12.9257 11.7175 8.26615 21.0964 24.0919 7.00133 8.29032 63.148 57.4759 123.889 7.95087 22.1177 120.272 41.629 22.7329 26.1997 32.8553 29.0626 19.776 62.4349 102.999 84.3624 228.132 61.2199 0.0062825 62.5148
-66.5594 0.686232 17.4182 2.48923 12.7152 15.4459 13.4673 4.42854 12.9717 24.5033 8.09989 8.29032 85.3035 57.4759 107.572 8.35578 10.6613 120.272 41.7727 18.9101 27.668 43.13 34.2448 19.776 44.8433 138.42 81.5661 115.86 19.6417 0.00712736 56.6846
-66.7686 0.190461 17.4141 11.766 5.05278 13.71 18.4297 4.42854 5.85994 24.3578 8.11182 15.7075 85.3035 55.5414 107.367 7.16941 29.191 100.559 57.1609 13.3119 18.7135 47.2721 35.7312 14.8444 54.84 140.079 70.2684 69.9705 29.5764 0.0064597 52.9953
-66.7702 1.20764 15.959 8.29244 4.4932 13.71 12.0935 9.17529 7.88164 25.8592 10.5442 15.7075 85.3035 55.5414 114.029 11.0253 6.24306 100.559 26.8932 19.389 16.1659 54.9469 35.7312 14.8444 92.2686 136.291 94.333 1.8714 24.3733 0.0039474 54.1491
-66.7849 0.743439 22.0625 8.34133 9.21244 12.5319 1.5261 15.669 1.74516 25.7798 15.2088 13.7487 85.3035 85.0051 95.8336 14.1681 6.24306 82.1487 30.7826 56.849 7.11108 44.8926 20.0304 2.20293 101.243 148.109 112.876 11.7042 21.4312 0.00781072 55.6661
-66.9653 0.732494 11.8014 8.35224 12.8719 12.1829 13.9757 18.9937 34.7048 20.7335 14.9253 11.3453 41.6463 88.5569 95.8336 32.3276 23.571 54.3958 27.2918 31.0412 39.4017 39.2987 20.0304 2.93269 80.7299 177.276 45.2317 20.5247 22.8179 0.0168724 48.868
-68.0559 0.462768 16.9397 8.06462 17.9083 3.35873 14.577 18.9937 33.4766 32.1034 16.9732 11.3453 33.8935 89.9693 41.6322 50.0592 32.9996 46.7538 13.5038 22.5594 50.7374 51.7389 3.77447 61.6085 70.7004 204.296 22.1045 148.474 38.54 0.0299013 59.4454
-68.2458 0.277442 17.3295 8.09509 20.9558 3.84395 14.577 18.8733 25.4275 39.9995 7.85136 13.1073 33.1983 124.519 34.6475 67.7958 13.426 54.8415 13.5038 35.7198 54.772 47.8117 1.05868 25.3234 86.7813 170.334 29.4615 20.5012 163.541 0.0322527 59.1642
-67.6177 0.367257 14.0881 8.06855 20.5 2.59127 15.5583 28.4465 33.565 21.2502 9.20174 13.1073 31.8659 88.4935 64.6821 67.9158 32.0122 50.2262 8.5878 30.3093 54.8655 45.1176 4.33664 54.4949 12.7061 218.259 48.75 20.6651 70.7188 0.0376128 56.9369
-65.9727 0.795429 9.45681 6.02071 20.5 2.59127 19.8804 28.7705 50.9522 22.2335 13.3328 9.30737 38.0577 77.9919 107.327 83.663 21.5568 42.4098 8.5878 18.064 39.0875 42.3073 4.33664 37.5208 12.7061 207.274 25.8481 5.85749 94.0897 0.0304567 57.4006
-67.3918 0.669138 7.09731 5.84266 9.62159 5.34572 17.9713 14.7504 48.4929 27.0854 21.5594 5.4195 40.8844 96.7051 54.5489 135.503 21.5568 35.5751 10.5693 21.1137 39.0875 38.5863 9.35836 31.212 19.1819 195.475 70.1828 33.398 62.6197 0.0300566 56.3989
-67.655 1.81841 7.51999 5.49126 1.74376 3.49254 17.9713 29.3869 41.1398 32.5978 13.7298 6.51235 48.7349 71.7288 41.2367 135.503 21.5568 42.4486 9.09906 27.4159 18.5658 38.1403 32.5065 16.0158 55.6117 208.793 7.07228 29.1869 5.77273 0.0206836 55.8315
-68.1354 1.96241 7.72378 5.57393 2.1176 4.66392 32.4508 38.825 35.5696 10.5291 15.0966 4.10503 48.5569 94.7953 6.85194 133.84 21.5568 86.7918 14.5423 28.1004 17.6572 40.2341 12.3768 16.0158 58.3708 230.722 15.7785 27.597 86.6438 0.0305702 58.8919
-67.5988 1.09087 6.94841 5.64775 2.1176 4.6123 47.2219 43.0208 38.4661 3.34995 9.80186 4.10503 57.4229 94.7953 6.85194 133.84 21.5568 80.2786 3.42331 26.9404 4.14193 39.5612 12.3768 16.0158 66.4047 197.799 11.3225 3.99834 105.25 0.00515008 54.3699
-66.9887 0.626474 6.53552 5.66146 4.51561 2.97769 47.2219 43.355 26.1312 3.34995 9.80186 4.10503 57.4229 90.6559 6.85194 133.84 35.5605 82.0397 3.42331 26.9404 27.6536 32.6158 15.0269 16.0158 66.4047 187.949 11.3225 3.99834 105.25 0.00515008 51.8003
-66.5784 0.889391 6.53552 5.52502 4.08852 7.01393 47.2219 44.5783 25.6881 3.34995 9.35923 4.10503 48.626 90.6559 6.85194 133.84 35.5605 82.0397 3.42331 3.95108 5.22051 38.7282 49.1572 16.0158 66.4047 187.949 33.7585 187.14 154.55 0.00515008 60.3722
-66.5016 0.291318 7.39294 5.70283 2.71525 3.15178 53.2956 44.5783 25.6881 3.34995 4.45919 22.5894 35.6892 11.1526 22.266 133.326 59.1905 87.2158 3.42331 7.35094 34.2237 20.3898 65.3893 5.90375 85.5412 188.352 37.0346 176.55 309.017 0.000945734 64.7408
-66.4937 0.523329 5.5453 5.65783 2.71525 3.15178 39.7918 43.0713 37.7718 3.34995 4.45919 22.6794 34.079 11.1526 22.266 89.6636 65.3697 93.3128 3.42331 9.53149 59.6641 35.1236 62.175 5.90375 85.5412 188.352 37.0346 143.144 116.809 0.00283449 60.8553
-68.6251 0.61576 16.5322 6.899 5.39083 37.7895 0.245843 42.7149 34.5812 2.37038 18.7983 22.5168 34.079 9.65478 34.6601 89.6636 65.3697 93.3128 3.42331 6.85619 59.6641 16.3324 75.4763 5.90375 56.882 193.168 50.4865 189.387 107.206 0.00283449 62.0016
-66.173 0.797591 6.67656 9.73048 6.7362 33.1234 1.33334 39.7704 34.5581 2.43991 18.7983 20.0166 32.4642 9.65478 37.9353 87.1122 65.3697 88.5109 3.42331 11.6627 59.6641 96.619 3.07846 5.90375 57.4866 209.929 9.58443 143.337 106.608 0.0161504 62.2816
-66.4308 0.460616 4.94237 9.73048 6.33472 34.146 1.41131 41.2909 30.6931 3.98475 19.9401 29.7492 23.8587 5.71084 51.1535 87.8201 67.038 93.8586 3.42331 14.5387 48.1035 89.5246 3.76318 13.5231 58.4836 180.591 42.2581 127.814 103.26 0.0142443 58.4116
-66.8789 0.328642 9.41031 10.3276 3.57384 37.231 1.41131 45.8068 49.5532 3.98475 18.1145 27.5695 16.6634 5.71084 34.2962 87.8201 75.4447 93.8586 3.09279 19.5452 49.2841 82.5325 3.76318 1.58554 64.9753 162.906 34.3332 105.932 103.26 0.00985742 57.5474
-66.922 0.805419 9.41031 10.3276 3.38484 38.0398 1.41131 43.5714 49.5532 3.98475 17.5383 21.4409 22.2203 8.94387 57.2421 76.8834 56.7326 91.5113 3.09279 18.4182 54.4366 82.5325 10.883 14.0353 94.08 166.108 31.4029 26.6088 83.6338 0.0170563 62.066
-68.1198 0.800847 7.4509 6.39584 5.4982 36.0567 5.67771 55.7701 63.4323 3.98475 23.9034 20.0532 13.6863 8.94387 52.7857 56.0806 59.7009 96.3201 3.09279 24.4651 25.3963 82.5325 10.883 2.20535 93.1778 174.608 13.8403 17.5721 39.2152 0.0192897 57.7985
-67.1763 0.800847 9.32518 12.1903 5.52665 28.9381 10.5781 28.8006 23.283 27.4776 18.7845 26.2064 13.6863 41.2968 46.1818 81.104 38.2204 81.6098 34.7626 1.87262 47.5155 49.2511 29.5702 3.52857 77.1286 190.582 27.9126 40.2098 72.9126 0.0030386 51.0214
-67.1091 0.704767 6.55656 5.85587 3.78021 26.6608 10.5269 34.1567 9.17996 37.2838 17.994 24.1668 13.6863 51.9302 50.1648 102.583 53.2681 78.4151 34.7626 4.46503 62.4773 14.664 19.9185 5.84867 49.0002 231.622 8.6285 39.003 85.2324 0.00268218 57.8634
-67.313 0.818667 6.55656 2.29784 3.44742 32.9883 13.3245 44.0896 6.2269 37.2838 29.7859 29.2421 16.9942 62.5026 49.7752 85.0477 6.92009 78.7753 34.7626 2.08026 62.6715 21.5942 39.6586 17.6341 23.5275 231.622 14.2589 15.7228 124.207 0.0144845 57.2351
-66.8836 1.17262 6.55656 4.58131 2.67885 32.9625 13.3245 34.339 7.00192 21.2018 59.6994 23.2863 16.5959 30.3994 67.9199 81.1148 6.579 73.6308 38.5243 1.20713 58.0927 19.4156 43.0459 22.157 65.6776 211.056 14.2589 7.36224 116.671 0.0114202 55.2143
-67.4593 0.980869 10.5361 7.62102 5.28433 32.9625 2.71053 33.2249 48.1155 17.9 61.9094 8.92437 17.571 30.3994 67.9199 78.1233 4.15674 73.6308 27.115 14.2141 58.0927 18.3333 5.64275 52.4792 41.5726 211.056 14.2589 6.08002 46.4137 0.00923285 55.8353
-67.0834 0.057964 9.19219 5.7933 7.10035 32.9625 2.59313 20.0212 27.9808 17.9 9.11963 48.526 19.9985 7.24035 74.393 84.693 4.55345 82.1567 65.0936 23.4186 64.4975 18.3333 5.64275 53.1076 77.3342 162.008 14.2589 13.1136 50.4189 0.01578 53.6438
-67.1565 1.15288 9.19219 5.7933 8.18856 33.2369 7.6295 12.1185 25.5874 23.4253 8.84031 43.5049 35.241 7.24035 85.3409 78.9089 1.36247 87.5205 57.9546 20.5905 60.0519 18.3333 13.8839 54.0535 57.5918 164.04 26.5616 20.7177 52.2612 0.0340844 55.3495
-66.9715 0.314325 9.19219 3.32318 17.1046 33.2369 1.52643 25.6559 29.9431 22.0293 14.9916 26.0862 35.241 7.24035 40.4011 95.622 15.0766 102.493 47.3391 24.3108 56.6889 28.8695 13.9533 53.001 15.1732 216.82 26.5616 20.7177 56.9208 0.00737912 53.6021
-66.756 0.475564 6.68106 6.37865 15.721 29.7778 4.47131 17.5048 11.2962 13.5074 17.6363 27.2035 57.3856 31.6701 21.9331 91.166 15.0766 102.493 47.3391 24.3108 15.225 68.915 3.72214 53.1939 29.5839 192.921 26.5616 42.1671 79.0103 0.0101787 55.6643
-66.5312 0.363741 11.0037 5.33524 13.6864 24.0564 4.90554 9.91653 18.1225 10.7253 21.9951 41.5291 50.3261 56.1769 3.04095 84.4004 15.0766 108.307 48.1752 24.2923 9.88573 61.2758 26.5576 64.9664 31.1136 181.411 17.3723 77.3771 253.039 0.00214144 57.6717
-66.6015 0.563659 6.0086 10.2654 16.8765 28.8295 11.8591 0.601541 18.1225 46.3792 24.7564 5.70396 54.6463 56.1769 3.04095 67.6984 15.0766 116.979 34.4526 17.8498 36.204 52.8565 22.3618 54.2613 42.2831 181.411 26.6686 31.7791 197.821 0.0104519 60.2935
-66.8551 0.886878 7.53868 1.48849 6.86715 22.6991 20.6379 12.7601 18.1225 27.3433 33.4783 3.69347 49.4236 49.077 7.66773 67.6984 120.389 47.8982 32.0177 31.972 32.8923 33.5422 12.6099 50.1271 54.7277 180.76 54.1889 31.7791 111.656 0.0164973 54.446
-66.9231 0.54565 3.76836 1.48849 12.5332 0.189605 20.6379 12.7601 29.4893 22.8006 50.4891 0.899216 51.8371 49.077 7.66773 29.9711 109.397 85.412 27.6092 34.4086 32.1838 50.0091 5.50552 47.7638 64.1609 217.293 9.97542 31.7791 48.34 0.0227604 56.5855
-66.8849 0.223217 7.0683 2.57795 9.08397 7.32533 13.7646 16.2116 19.7348 6.02775 51.9343 1.25422 67.7828 39.2167 3.35839 45.6258 93.8677 111.826 21.411 36.1404 32.5693 35.6968 1.38007 63.6832 47.2489 165.212 42.598 38.5045 48.3285 0.00552416 54.9127
-66.8328 0.319505 17.0347 2.57795 12.1811 13.4709 12.5367 42.2554 32.9783 4.43386 51.831 7.01854 67.7828 7.654 3.35839 44.8365 107.473 111.826 21.411 49.8873 32.9099 5.8026 8.99276 34.828 54.8049 183.617 4.05512 0.452981 43.0131 0.00518235 58.1057
-66.8227 0.390918 23.7716 2.32798 9.38472 7.50889 12.5367 37.8384 33.577 4.43386 41.548 7.01854 67.7828 23.6947 2.27759 36.663 104.372 111.826 37.1834 55.1758 30.5201 9.18057 13.5326 8.78694 61.1503 183.617 4.05512 47.9849 39.0108 0.00537611 55.9305
-66.8006 0.29584 21.8863 15.3356 15.1263 12.8115 1.94044 17.6782 35.3965 4.43386 49.8547 5.2244 72.0012 32.8051 11.9442 36.663 104.372 86.3965 37.1834 42.085 53.1093 4.35068 6.0158 8.78694 81.4461 183.617 16.2582 11.9253 114.734 0.00508305 55.5564
-67.3849 1.03403 18.3554 13.4503 7.40691 13.5602 2.47873 17.6782 38.3039 6.32454 9.94103 9.27686 72.0012 27.1597 34.8186 82.8259 98.1167 40.3275 33.6853 24.6797 53.1093 7.33397 4.09679 31.0388 107.984 169.002 16.2582 65.208 78.0686 0.00479992 54.4303
-68.5405 3.43192 25.4019 7.20634 8.56308 13.5602 0.695348 22.7797 29.6004 6.32454 4.48265 11.9252 72.0012 38.4393 45.4326 87.0773 98.1167 67.4328 20.9909 23.4593 26.4319 3.67787 7.47896 29.7231 107.886 118.659 67.3231 73.0237 78.0686 0.00622057 57.8455
-67.4867 2.09421 25.4019 7.20634 5.50421 14.6605 6.75227 11.0452 39.7426 3.6787 5.51909 17.153 69.1375 37.8855 32.581 96.4293 93.4456 80.0915 17.4777 26.0315 13.5524 1.19001 36.2508 8.22412 75.3521 151.463 35.4624 67.4867 61.4519 0.00673595 58.4501
-68.1525 1.30628 18.3367 7.12364 6.00206 28.0303 7.15429 23.5711 43.6267 17.4115 3.261 2.48435 65.9511 37.8855 31.6147 96.4293 84.1558 64.7256 16.2173 22.0693 39.4275 9.95886 39.2629 23.5529 62.3217 148.902 35.4624 83.0719 111.817 0.0102056 55.8201
-67.1801 1.10175 7.62944 11.1379 5.45428 19.8442 28.9169 11.4928 28.2667 18.279 4.10048 3.72436 65.9511 37.8855 31.6147 103.691 118.39 40.9294 22.8989 13.1113 24.812 6.71392 21.3684 21.9117 75.2652 175.971 50.7497 112.647 88.7952 0.0246994 59.8833
-67.2747 1.03457 4.23798 11.1379 1.59805 14.4339 40.1723 6.67135 22.0081 29.2096 0.978221 0.148084 76.0875 70.5339 67.4453 65.9547 78.7476 57.597 29.3133 20.1877 8.83166 5.09894 11.0574 10.5343 86.2754 193.984 17.1946 202.927 111.152 0.0287742 65.7865
-67.488 1.03457 4.23798 11.1379 1.59805 10.2822 38.6029 8.7144 37.961 16.1275 1.80096 5.48767 76.0875 95.0834 69.51 65.9547 59.8713 57.597 25.4679 20.8226 4.99721 19.1912 15.3168 10.5343 79.9273 193.984 9.53537 146.97 143.658 0.0130885 58.9419
-67.6815 1.66034 1.35461 5.62548 3.25955 13.3063 40.3619 11.5914 50.2671 4.83045 2.40673 15.7475 44.4771 88.1139 60.979 104.743 44.4548 47.7846 26.5984 22.6004 32.2109 20.7261 28.9219 12.5442 79.9273 147.269 21.7183 30.1211 15.4679 0.0574506 59.038
-68.7593 1.62179 4.15157 5.62548 3.25955 13.3245 40.3619 5.41944 48.5383 4.83045 5.71194 12.0057 53.3869 98.7171 63.9637 80.9405 19.78 38.1916 26.6341 29.0716 28.8734 24.2456 42.3339 7.73485 68.5037 195.339 48.0407 45.4756 5.24132 0.0415161 57.0202
-68.7593 0.954734 4.15353 5.62548 3.52959 17.1972 31.9104 11.5054 39.5964 7.79711 26.7241 23.5955 45.5773 103.892 59.5111 61.7792 26.2834 62.7849 26.7139 32.9799 17.1398 23.3542 30.7781 2.66716 65.1192 173.907 48.0407 99.589 56.5596 0.131752 61.5591
-67.5501 0.347949 4.15353 5.62548 4.06563 18.7419 31.9104 4.10003 33.6929 7.79711 25.9403 23.0898 25.6279 117.993 93.0463 48.9836 26.6604 62.7849 26.9569 34.7774 3.22556 23.4417 23.4448 19.7681 26.9146 223.15 48.0407 3.85148 20.3725 0.131702 55.4268
-66.8006 0.176378 3.70343 5.62548 4.06563 18.7419 31.9104 4.10003 33.6929 7.79711 25.9403 29.1536 25.6279 119.437 84.9838 51.6567 26.6604 62.7849 26.4392 25.6778 13.6859 22.9619 23.1781 37.6889 43.9346 200.158 46.5636 3.85148 16.8871 0.131702 54.0087
-66.54 0.185156 6.64613 0.105244 4.06563 18.058 31.9104 4.10003 33.6929 9.81007 21.0393 38.4756 34.8012 127.695 71.0762 51.1059 26.6604 59.451 22.5241 28.5872 13.6859 14.4825 22.9907 32.8385 36.4759 204.532 6.3862 3.85148 11.7337 0.0421575 56.492
-67.6096 0.259081 3.74262 0.105244 7.26721 14.8409 39.261 4.51295 33.6929 20.0297 15.7802 33.9301 39.4512 127.695 71.0762 56.2369 14.086 59.451 23.269 28.5406 21.3609 25.0477 22.3485 40.7689 18.3743 216.068 25.5908 14.8301 55.9342 0.0787179 56.2261
-67.9119 0.175136 4.68345 0.105244 4.37032 12.748 39.261 15.4383 19.8101 20.0297 11.6253 32.2466 39.8935 127.695 80.6787 56.8314 14.086 52.5178 31.6427 28.5406 27.8178 17.4146 22.4531 32.0309 31.6207 216.068 25.5908 14.8301 42.0058 0.0787179 54.4031
-67.9119 0.166107 6.68469 0.105244 11.3481 12.748 39.261 15.4383 19.8101 25.5333 12.0309 32.2466 39.8935 127.746 80.6787 56.1147 8.12725 42.7041 32.4624 28.5406 22.7735 11.5359 22.4497 41.9162 37.6611 216.068 25.5908 14.8301 52.8287 0.0640275 55.0378
-67.3157 0.285014 6.68469 0.105244 9.18925 12.748 39.261 13.1673 19.8101 25.5333 12.0309 32.2466 39.8935 127.746 80.6787 56.0174 8.12725 44.6775 37.5572 28.7974 22.7735 14.0162 23.0062 41.9162 26.2279 216.068 49.2907 60.6341 48.8459 0.0760862 56.7248
-67.6061 1.01921 14.7177 1.44036 6.46509 12.3027 26.3131 23.8453 17.0138 21.6124 12.0309 32.2466 39.8935 127.746 77.1368 54.9923 8.12725 42.7682 34.5702 46.7546 16.5611 17.0037 21.9951 54.8511 26.2279 190.315 49.2907 39.9626 17.08 0.0143894 53.2082
-67.2929 0.837856 8.60818 0.657394 3.51194 21.7019 25.1119 23.8782 17.5376 51.8866 11.6254 7.53162 32.1157 129.131 90.325 56.9909 11.1569 40.2282 29.5973 48.2905 5.15248 22.1831 20.9564 38.4628 38.5892 203.456 42.5559 54.6759 46.0499 0.010723 51.653
-67.6823 0.810492 9.05488 2.83753 12.4419 17.6487 25.1119 23.8478 15.696 51.8866 16.6363 17.0404 32.1157 129.131 81.271 54.8891 11.1569 28.0624 34.4979 46.9796 5.15248 19.6444 22.5009 31.9902 64.0669 177.453 52.0822 107.182 45.4619 0.00643131 50.7818
-67.06 0.49887 5.33351 2.83753 14.0213 17.2475 20.0116 23.1816 12.1253 59.1746 5.46264 16.8397 44.235 130.617 81.271 60.4327 11.1569 20.9078 37.1305 32.9899 5.15248 24.8471 22.57 33.4131 65.3028 167.866 38.5232 48.1109 56.3268 0.00133111 49.403
-67.8127 0.775027 4.26807 2.83753 18.3966 20.8704 8.44196 31.5637 12.1253 30.2387 14.7837 15.4811 44.235 130.808 81.271 62.2973 11.1569 38.3778 40.7914 4.07848 5.15248 43.6475 28.4974 20.0442 91.4173 167.866 71.2175 24.9919 100.522 0.00133111 52.6247
-69.8337 0.799572 5.86368 3.26503 18.3966 20.8704 5.71072 31.6138 12.1253 30.2387 14.7837 15.8142 44.235 130.808 78.0245 62.2973 11.1569 30.2776 46.2624 8.98525 13.1191 47.7106 30.5762 26.5708 50.0027 147.43 80.075 100.812 71.599 0.00138842 57.1831
-65.9171 1.07024 15.494 9.07124 12.6862 20.8704 3.54154 31.563 9.25346 23.0934 14.7837 17.6315 42.6435 130.808 80.2183 62.2973 11.1569 30.2776 47.4039 14.7066 5.03043 50.7003 33.0701 14.0805 63.2745 117.386 145.082 100.812 28.1854 0.000124709 52.9858
-66.448 1.01688 15.6244 15.1206 5.24578 16.6204 6.94736 31.563 25.6907 22.0971 14.7837 18.2759 42.6435 130.808 80.2183 61.5273 11.1569 29.1286 42.3606 8.54094 5.03043 39.9018 37.3362 17.0239 71.8634 156.735 73.8185 88.731 27.8699 0.000890239 52.5625
-67.6412 1.01688 15.746 13.5969 4.81401 17.0674 16.2654 22.6338 36.4472 14.799 12.3678 19.5523 47.1421 122.297 74.3572 61.5273 4.09969 32.6215 48.0573 1.86045 13.25 24.7964 18.8883 41.8417 96.1459 149.19 67.0328 61.3317 51.8008 0.0212628 51.7582
-67.6412 0.841136 14.7063 14.6933 2.79785 14.0348 20.2415 24.146 42.8497 14.7344 12.3678 18.9671 44.6988 114.075 74.3572 83.37 4.09969 33.3978 48.0573 1.59019 12.8033 31.1735 23.6403 37.4128 95.0279 107.497 85.1426 65.3478 149.669 0.000589603 56.2714
-67.6412 1.20178 14.7063 4.38698 13.8027 4.86359 22.4748 21.2483 35.4066 24.2213 29.4941 17.2765 38.7695 114.075 56.7204 83.37 4.09969 33.3978 60.3034 3.06296 14.0176 35.1234 26.5782 37.4128 81.503 94.8024 90.1023 31.7569 74.5382 0.000589603 54.0029
-67.6412 1.09449 14.7063 4.38698 10.8332 3.44645 18.6686 21.2483 32.1118 19.2195 33.7359 18.3105 44.7841 114.075 57.6914 50.7129 4.09969 33.3978 85.1432 6.07438 14.0176 36.1451 31.5237 37.4128 81.503 124.647 40.4772 63.6104 101.848 0.0038729 52.5273
-67.6412 1.03162 17.2284 7.44908 10.9987 4.18644 21.7162 16.3582 31.0252 18.4829 33.7359 16.5537 44.7841 114.075 50.7811 56.0609 4.09969 33.3978 85.1432 4.37178 16.2737 16.6615 31.5237 37.4128 109.588 133.611 70.9592 63.6104 101.848 0.00504073 52.2761
-67.6944 1.03162 19.1363 11.0935 13.6984 0.607218 21.4212 16.3582 31.6557 19.9433 30.5065 14.4639 36.6733 114.075 36.963 57.5041 21.6867 33.3978 82.7711 1.23702 2.36588 14.6077 31.1293 51.7067 98.5919 118.113 107.731 85.0194 38.3136 0.0286227 56.2255
-67.9105 0.711709 19.1363 15.1979 13.281 0.89257 16.1343 22.4626 20.5018 9.61225 9.64268 16.1498 55.5169 121.518 33.2693 52.302 21.6867 38.9564 102.123 3.11655 5.78453 10.8209 32.302 51.7067 81.4231 112.402 129.769 91.4172 80.6966 0.0302678 54.2101
-67.8291 0.606317 17.5113 9.63548 13.9365 3.74083 7.05266 22.8221 25.9972 11.2522 27.1371 14.7948 44.4627 143.527 28.1191 60.1804 11.7209 20.8115 102.974 11.8767 4.11177 13.6946 31.444 69.1756 95.7957 103.305 50.2429 139.053 86.5633 0.0196852 59.9123
-68.6713 2.46083 17.9591 10.331 12.9288 16.1553 4.81291 22.2035 43.8856 22.3174 27.6216 13.1979 24.9825 157.381 35.6115 24.5672 6.70989 20.8115 106.75 10.3154 3.40615 17.9404 9.57757 89.477 110.575 103.028 51.905 73.2995 80.3562 0.00957478 59.0156
-67.0354 0.89181 16.2097 4.51613 2.49382 12.2856 6.92338 9.64265 35.7553 38.073 50.9491 1.87426 24.9825 157.381 23.8516 25.0592 6.69123 13.1617 81.09 14.0445 24.6583 51.9533 6.03114 70.1172 108.493 155.943 39.0419 88.3446 101.451 0.00463182 61.5274
-67.2615 0.972227 18.2757 2.05708 24.37 4.59961 11.7869 58.5833 37.4221 26.5599 8.50339 8.64384 22.9992 157.381 6.05224 35.6886 33.4924 10.2545 54.6164 30.6246 32.2406 43.4811 27.7604 56.7537 34.721 186.33 35.0499 139.758 58.7121 0.00243354 55.63
-67.6503 0.702958 16.0754 30.112 4.16579 1.51286 14.243 29.0263 33.733 22.9804 8.50339 32.1264 22.8307 157.381 19.1812 34.6133 31.8102 8.44003 50.7647 45.7416 5.51613 37.9893 33.5733 40.122 62.1049 171.041 53.5037 67.7823 52.0172 0.000687339 53.1093
-67.9386 1.09285 15.3702 25.0085 4.16579 1.17085 16.1207 29.0263 42.2295 7.68866 1.48134 31.2681 37.8742 169.818 5.44024 30.7363 48.2832 12.3812 51.524 36.4374 13.4836 37.9893 33.2799 44.3341 41.0199 148.773 77.0227 85.9512 24.7806 0.000392955 53.4937
-68.1363 0.961198 20.8508 21.822 4.16579 1.82553 15.0165 5.02074 18.5196 24.0309 11.4255 46.7035 29.572 173.651 52.6872 29.6077 6.08347 38.6208 28.3262 37.4985 14.4304 37.9893 8.49682 66.4215 61.2745 136.758 60.7721 111.891 27.5396 0.0065887 54.8106
-68.1791 1.89155 24.8457 17.4983 7.35957 2.00576 11.9083 27.0782 17.0396 28.4521 11.3104 46.7035 16.1378 173.651 52.6872 27.5825 6.08347 18.9544 29.9734 45.3134 22.2224 33.5139 9.80417 56.3313 64.0643 119.626 90.0315 66.7514 26.3396 0.002608 54.772
-69.0025 3.87538 23.4676 10.5816 7.35957 0.530801 15.4162 27.0782 9.69604 33.1719 26.7514 57.6781 8.71696 173.651 56.8773 27.956 6.08347 19.813 7.94117 29.4228 22.2224 45.3242 11.8717 58.8471 83.3351 100.815 61.8907 73.6962 18.4225 0.002608 59.5168
-68.1779 2.57251 23.4676 10.5816 11.0127 4.17736 13.1169 27.0782 9.69604 23.0376 45.153 51.4616 18.6555 155.625 59.6518 33.6997 6.08347 35.6973 7.94117 31.2419 13.8483 36.7484 13.4927 53.2636 117.663 82.4638 61.8907 73.6962 21.7257 0.002608 63.7167
-68.5922 0.54822 10.867 10.5681 11.0585 10.7753 16.5257 27.0782 21.3838 17.3718 61.3556 29.9232 25.0885 155.625 54.6068 32.7855 43.3321 27.1495 7.94117 2.76665 13.8483 25.7212 22.4903 51.1847 117.663 91.3936 78.7109 78.1071 25.5013 0.00249878 55.7219
-68.1027 1.1714 10.5965 14.5406 3.58746 12.3838 14.124 32.8296 12.7536 19.2175 54.0227 20.5881 11.3635 181.05 56.7203 31.9719 30.1713 36.0927 22.7775 2.76665 16.5938 32.2867 33.7573 47.6999 120.186 67.1857 119.568 83.7942 3.55523 0.0114862 57.0797
-67.6627 1.12192 11.7054 14.3516 8.51927 22.2576 7.00432 32.8296 12.7536 14.0971 54.0227 16.1735 11.7334 181.05 42.6559 37.4828 30.1713 46.6973 19.1273 3.28787 19.6883 41.0137 25.7893 26.4121 121.395 32.4128 119.568 11.3764 24.7934 0.015659 54.3479
-66.9466 1.17093 19.2565 12.3803 8.4689 13.4752 13.1863 32.8296 7.01725 14.0971 53.7347 20.4666 11.2778 128.492 45.2447 39.3916 44.4846 45.4008 6.77633 4.16988 47.0846 6.36708 51.6439 47.6109 100.432 24.2134 127.642 11.3764 45.375 0.0109176 58.4072
-67.6232 0.236903 19.2565 18.9071 7.80349 11.0116 12.5886 20.5799 9.01899 0.840845 81.6201 32.0286 8.5634 128.492 27.9691 92.1051 36.9708 42.3405 8.75068 3.8716 30.9044 24.8631 24.6439 67.3761 108.678 94.504 56.8957 24.6175 45.5837 0.000904007 55.7567
-66.7367 1.04702 24.4662 18.9071 6.67364 1.73045 12.9198 20.5799 23.4644 0.840845 81.6201 17.7449 9.16837 109.693 37.6553 77.0484 31.1291 29.413 10.655 1.5075 31.8721 51.3828 24.6439 37.5586 108.678 106.125 72.9371 10.8817 60.3308 0.0109178 57.2499
-66.8649 0.179503 24.4662 3.15737 14.4823 1.73045 13.6629 16.588 14.2413 0.840845 76.8535 34.1797 9.16837 55.3105 108.031 57.1276 31.1291 46.1291 10.2949 1.91609 33.0228 51.3828 7.8483 61.1386 89.219 159.87 34.893 10.8817 71.7228 0.0124187 56.3646
-67.9432 0.179503 23.0629 3.62153 12.6771 6.69698 14.0765 12.0413 23.3822 9.92555 42.9188 62.641 11.3054 50.9262 135.84 49.573 69.3669 27.1633 1.54887 4.3831 31.0292 37.4425 7.8483 42.229 61.7809 155.506 59.752 68.9764 56.7566 0.0189822 54.2016
-67.4311 0.346897 15.4501 3.62153 18.573 6.63706 14.9808 12.0413 27.1145 9.92555 36.1134 60.9491 11.7977 61.0764 135.84 48.6655 69.3669 27.1633 9.58084 4.66044 31.4415 36.7305 7.8483 46.7767 62.4396 181.834 1.5661 79.9374 68.0134 0.00754625 52.6151
-66.9883 0.16965 15.6509 6.10935 11.9676 13.2017 13.6721 12.1796 36.3879 9.92555 19.5728 64.7775 7.69 100.04 107.037 31.8039 78.2413 27.1633 12.6607 5.3346 28.8219 36.7305 6.665 34.3848 66.8531 178.55 73.956 79.6733 117.885 0.00706611 54.1436
-67.0489 0.456329 17.8931 4.33296 16.4811 18.313 10.8999 12.5351 28.3585 9.92555 19.6611 75.3021 9.06935 84.8742 107.037 46.5495 69.2813 21.5919 12.0099 3.50548 30.5327 29.5712 13.4383 25.1259 89.6652 165.913 38.6188 43.8368 17.6836 0.00301621 48.1849
-67.5449 0.23122 6.72148 3.78221 2.41346 22.0384 4.23814 19.4394 27.1136 24.6755 18.7347 75.3021 13.2713 84.8742 107.037 49.4493 72.9636 21.5919 8.02986 10.369 28.7465 22.1106 33.4073 27.9764 76.501 168.763 46.3518 43.4457 18.39 0.00321511 49.8604
-67.7112 0.263715 6.72148 3.84505 2.09977 13.433 4.99935 28.1177 30.0199 64.5461 26.7809 38.6862 1.60844 91.7083 80.0191 44.3338 86.4786 27.8284 8.02986 10.3943 30.3202 31.5563 24.5185 3.15084 80.2712 168.739 106.198 45.2208 1.59035 0.00244384 52.1314
-66.3754 0.218111 8.60319 8.5006 3.01001 11.373 9.32939 22.7194 31.3406 49.2209 10.4251 42.8159 8.00456 88.405 86.7574 57.2744 82.6877 6.12752 31.5185 17.5901 31.1727 33.1142 29.5594 3.15084 87.638 168.87 43.7834 14.9963 37.0593 0.00257598 50.4103
-65.2633 0.210152 8.4176 13.5609 12.2241 31.8831 0.583283 17.5132 13.8313 26.2121 17.6353 49.4446 14.5938 81.6439 41.6961 108.739 85.989 6.12752 25.6116 18.3359 26.8355 18.6656 26.9638 13.9726 87.638 168.775 52.4026 34.3655 2.1103 0.026027 56.6701
-66.289 0.26623 5.20096 11.4329 15.8504 31.8831 0.583283 18.2687 20.6069 26.2121 23.3705 44.7494 30.3462 84.6705 46.9381 95.6352 87.0718 6.12752 37.7589 20.8804 27.1354 21.4533 9.99285 15.812 81.7531 168.385 19.1025 67.8789 40.1704 0.00695361 56.9023
-66.1467 0.112425 2.33609 13.6615 8.88909 22.9263 15.9751 26.8193 17.57 27.0954 22.1422 53.6344 13.3458 46.0199 37.4412 98.3236 39.4843 10.179 66.6792 23.4349 32.1452 25.6102 29.0473 27.8613 86.5108 184.923 65.4824 42.0492 64.7537 0.00461423 52.1585
-66.749 0.200422 1.47178 13.6615 15.4449 23.5032 15.9751 26.5142 18.3169 22.8451 24.2103 47.9687 12.6121 39.3694 28.6888 98.3236 50.8544 21.0594 67.9147 22.3275 41.2356 20.8877 34.6694 30.9778 68.4936 177.996 32.2873 108.954 48.6665 0.00377511 52.6224
-66.9082 0.218871 8.00022 12.3216 15.207 7.04047 18.2937 26.5142 27.6663 13.1048 23.7401 42.2605 12.8455 39.6832 64.7395 89.2525 38.306 28.7357 100.031 24.5252 27.9689 4.7247 33.9492 41.0403 51.1392 194.77 13.5415 108.954 56.6348 0.00431191 49.4059
-67.5333 0.409797 9.76065 8.91718 19.9117 8.2235 17.8303 22.5081 57.423 6.34562 5.81402 39.8018 11.3299 46.3342 83.9413 70.3466 38.306 28.7357 94.667 18.4488 19.6301 4.7247 20.7292 55.5489 49.8399 204.112 27.9391 190.997 53.9595 0.004538 52.3657
-67.0772 0.40225 7.37015 14.9929 16.8016 8.21684 10.9262 20.0876 57.423 6.34562 5.33271 39.8018 12.6118 46.3342 83.9413 76.8919 38.306 28.7357 94.667 27.1394 27.6648 4.7247 17.0526 54.1145 42.7645 198.854 10.5479 146.936 54.0527 0.00246239 50.5053
-67.0819 0.224546 7.37015 14.9929 16.8016 11.0966 13.0776 27.353 57.423 3.77827 5.33271 39.8018 8.24265 46.3342 83.9413 72.7656 38.306 28.7357 94.667 29.8388 27.6648 8.0903 17.0526 54.1145 25.5721 226.732 20.9473 32.5942 53.5454 0.00186174 48.8354
-67.474 0.66909 1.71129 17.5238 16.8016 11.5899 14.3154 28.405 57.423 14.7025 5.33271 44.3189 7.0543 36.764 83.9413 72.7656 38.306 28.7357 88.5738 11.2917 35.3989 8.0903 17.0526 64.8774 25.5721 192.225 14.274 1.99727 55.157 0.00804673 49.4208
-66.8541 1.20135 1.71129 16.33 10.7221 14.7361 14.3154 30.9438 57.423 14.7025 5.33271 44.3189 7.0763 40.3981 83.9413 72.7656 38.306 28.7246 88.5738 10.3786 35.3989 8.0903 14.9049 64.8774 25.5721 192.225 11.1652 1.99727 54.7985 0.0209347 52.314
-68.9155 0.736478 3.41376 14.6021 6.02321 19.4383 14.3154 34.9381 42.9208 17.0984 5.33271 44.3189 7.12679 45.2053 87.6921 72.7656 38.306 28.7246 88.5738 21.7321 39.7222 8.91988 15.6194 49.5515 12.7496 250.412 11.1652 1.99727 55.3564 0.0382647 57.1963
-68.2524 1.64506 7.94253 7.97807 11.3695 27.4323 3.67652 33.2294 44.1043 17.0984 5.33271 44.3189 8.0286 56.084 88.1099 77.7573 12.4879 28.7246 89.2339 30.8419 28.3866 12.0246 17.2027 49.5515 12.7496 235.089 21.2115 4.77297 53.1033 0.0323324 55.525
-67.9557 1.18968 13.1756 4.1783 16.9999 27.4323 3.68543 33.2294 26.9842 17.0984 5.33271 46.1823 4.8249 63.0574 52.7009 77.6157 79.8287 28.7246 89.2339 9.66819 31.427 4.33333 17.4126 49.7811 12.7496 235.089 21.2115 17.184 51.8231 0.0194933 56.1406
-67.7363 0.811404 9.30118 4.64394 13.8759 26.9935 3.63611 28.6092 7.57779 9.4851 27.5941 46.1823 5.46716 57.9338 68.9363 59.0071 81.7569 28.7246 88.0706 12.0786 40.1144 4.33333 13.1617 66.8874 12.7496 235.089 28.9088 40.0174 56.4929 0.0157396 54.8424
-66.9256 0.247118 8.25023 3.15232 17.5836 21.7803 4.93197 23.2144 5.11787 9.4851 28.41 47.4969 14.4444 68.7793 80.2098 43.8766 82.4256 28.7246 81.5685 13.5848 37.8779 8.66138 7.25187 71.8935 12.7496 235.089 28.9088 76.3794 33.8279 0.018285 57.5604
-65.8059 0.604721 5.40436 3.19733 28.3406 21.7803 1.61466 21.5079 4.67757 9.4851 19.5031 47.4969 15.2845 68.7793 82.1148 38.7625 86.5511 28.7246 81.5685 13.5848 41.7582 5.34675 19.3426 71.8935 12.7496 225.535 28.9088 118.635 38.3315 0.0135165 58.9796
-66.414 0.312059 9.00833 3.19733 28.3406 21.7803 0.490291 34.239 21.0781 9.4851 19.5031 38.2529 15.2845 53.9282 78.3815 35.5636 114.313 28.7246 53.1079 18.9313 37.1519 5.34675 11.9139 76.099 12.7496 143.728 28.9088 82.2381 38.3315 0.0124463 56.3965
-67.2259 0.259699 9.12159 3.96968 30.0174 19.0496 0.490291 12.8369 34.9961 24.0913 19.5031 51.5625 15.6968 29.2995 54.5524 37.7101 101.454 28.654 63.1392 45.5798 26.166 11.0076 3.10502 66.5871 47.685 174.473 29.0688 12.312 75.717 0.0205356 53.8974
-67.1317 1.12973 8.62322 4.01861 30.0174 11.5246 3.18039 25.4808 11.8511 37.3334 20.1499 51.2652 21.8937 50.3676 36.8202 42.0323 127.609 28.654 52.648 59.1513 7.20226 11.0076 5.40222 53.971 51.4001 174.736 27.2868 7.6418 111.489 0.00659188 51.6651
-65.9658 0.544683 11.2869 1.77895 30.8846 8.57831 9.1978 35.8636 16.9321 22.8254 2.34517 38.0864 32.3758 46.9798 31.8003 48.781 119.37 77.4131 25.3069 59.1513 7.20226 21.4943 1.99537 58.9122 27.7854 188.528 6.36035 115.418 34.9361 0.0110981 54.6173
-67.3135 0.0224253 3.70949 12.1752 32.9053 7.43374 4.70771 40.7856 12.5403 22.8254 4.0191 38.0864 32.3758 34.1344 19.2674 52.9288 101.62 77.4131 23.3228 59.1513 7.20226 35.6265 9.95451 53.4168 55.3589 165.75 50.2723 20.7701 25.4685 0.0109174 52.0902
-67.7401 0.476296 1.53199 7.66465 37.4049 12.2697 0.527141 51.3103 8.46356 19.8454 13.4669 22.3767 27.7315 47.7063 21.431 64.2224 101.62 68.9707 18.8816 66.2022 8.64123 35.6265 17.9732 32.9161 53.1762 161.665 45.6197 17.682 29.4692 0.0135049 51.9357
-67.4703 0.291435 1.53199 2.34175 37.4049 11.4083 11.116 30.2225 2.57311 19.8454 42.2066 16.1688 27.7315 41.3062 21.431 75.2454 101.62 64.2446 18.8997 19.9244 8.64123 22.0723 68.8059 35.9034 54.906 161.665 66.1052 25.404 14.4388 0.0122087 51.1462
-67.4199 0.192068 1.53199 0.644572 37.4049 7.2511 14.2812 28.0108 2.57311 10.2373 44.8005 16.1688 46.8662 53.1416 30.3427 75.2454 101.62 64.2446 30.2635 21.9659 8.64123 30.3131 32.6717 35.5737 39.2324 214.862 18.0281 61.1517 82.0953 0.0116789 51.528
-66.644 0.33652 5.2813 4.74447 35.9817 7.2511 14.2812 38.2443 2.1087 7.78982 44.8005 15.9683 33.7006 53.1416 30.3427 74.2488 101.62 62.4691 32.2252 17.2869 5.21215 38.7996 28.4511 31.4216 33.63 230.204 18.5609 31.7611 68.8478 0.0131323 52.6992
-66.5952 0.45789 10.0656 4.74447 21.9608 11.9106 13.5311 38.2443 9.22113 7.78982 44.8005 21.9948 26.4823 43.709 38.7616 71.2858 101.62 62.4691 31.0346 17.2869 11.8937 49.1699 19.8907 33.3996 33.63 230.204 33.149 31.7611 68.8478 0.0144072 50.8823
-66.2507 0.289557 8.54482 5.6813 21.9608 15.7623 14.5305 24.4046 11.5182 7.78982 49.4314 16.7361 24.7675 41.1163 38.7616 71.2858 85.3705 76.481 31.0346 17.2869 11.8937 58.1068 19.8907 47.5321 33.63 221.546 33.149 30.9216 32.6274 0.0156007 52.8701
-66.9614 0.928287 5.79665 5.6813 23.1524 9.41942 16.1303 21.477 3.51541 7.76464 52.4108 23.628 31.5531 45.0742 51.8896 71.2858 85.3705 75.2969 27.0862 16.9712 4.67929 58.1068 19.8907 36.8449 38.1401 199.341 33.149 107.868 15.1782 0.0142745 51.7626
-66.9265 0.382323 10.5631 5.68517 23.1524 9.41942 15.5134 18.868 3.51541 0.461918 52.4108 26.2754 37.6178 43.0233 51.8896 94.1028 85.3705 54.5395 32.065 16.9712 9.7886 45.8287 18.9356 36.8449 68.9493 168.722 33.149 77.3714 2.82529 0.0136151 50.7845
-66.2372 0.271471 11.1183 4.47382 23.1524 10.5549 10.1849 15.4534 16.1601 0.0819336 51.1636 24.304 37.6178 43.0233 51.1699 94.1028 84.8819 54.5395 29.9086 17.0701 9.7886 45.8287 18.9356 36.8449 68.9493 134.709 88.7602 106.792 5.96206 0.0142464 53.0044
-66.4108 1.06303 9.55423 6.49618 23.4365 9.13895 14.4952 19.6128 26.8265 3.92378 43.4614 35.4574 32.7543 46.2523 57.0111 94.1028 68.2139 17.8082 57.9463 17.1911 13.6582 8.04729 18.9356 44.8663 69.7879 149.04 87.9079 84.2554 26.1148 0.0100419 51.5579
-68.2085 1.38406 8.72133 8.05224 16.876 11.4702 12.236 8.06916 33.2957 5.02448 28.1819 38.2075 30.0843 22.8635 119.744 91.526 74.3953 17.8082 52.1418 17.2215 27.9286 1.52632 16.6831 30.6286 70.8406 189.781 72.5708 49.2361 12.2838 0.0139062 53.5122
-68.3717 0.843007 0.558852 7.11613 1.01808 19.3086 14.3763 8.63415 33.7934 12.4666 28.1819 46.0825 37.1001 11.1675 112.863 110.205 74.3953 17.753 31.7145 17.1212 23.4836 1.52632 16.6831 47.9846 71.0461 189.781 36.1144 24.4294 25.5611 0.00990153 52.4076
-67.3368 0.733762 23.7887 7.34163 5.22576 7.56972 25.0613 8.38786 19.0646 26.678 44.6196 42.1897 12.3335 16.8766 99.6039 75.9279 79.254 56.9009 8.34858 16.995 39.4189 4.89217 19.3785 46.4955 71.8877 183.471 22.8239 12.0793 41.2022 0.00581794 49.7383
-67.3223 0.858791 24.0032 9.98451 4.95257 6.79221 21.6506 3.78125 17.4173 22.3781 36.9697 33.9397 19.2203 20.0702 94.3303 100.096 79.254 56.9009 8.34858 17.6761 34.6307 6.30814 19.3785 32.2808 118.064 143.012 13.5723 53.2668 48.7381 0.0131254 52.6063
-68.081 1.10243 24.0032 12.1818 7.77351 10.8367 13.37 3.14248 11.3174 10.7568 70.6287 33.1661 19.1438 45.5069 71.8537 95.2051 77.8193 48.319 15.0832 13.6638 24.4347 8.20736 3.30949 32.1819 105.051 134.475 52.7137 54.4893 77.0039 0.0135332 56.2677
-72.4584 1.18102 6.12033 23.6707 6.03915 5.75763 17.5136 5.74707 11.3174 10.7568 70.6287 32.1444 17.3397 57.9043 70.2925 49.9959 81.0874 48.319 8.36136 14.5293 34.9359 16.2304 19.5293 49.4019 105.051 135.033 99.9637 20.7816 25.1227 0.0115864 64.3762
-69.3045 0.203376 7.0729 14.2581 2.36373 2.70105 21.9154 7.36235 13.3871 10.7568 70.77 26.9253 45.3232 128.548 5.0833 38.1429 81.0874 48.319 15.2542 19.0468 34.9359 23.5602 5.4446 29.4705 129.561 111.265 91.7971 17.9805 28.6018 0.0085791 62.2875
-67.1939 1.03319 25.1473 19.0259 2.36373 1.73931 4.47048 7.35129 14.4143 10.7568 50.1614 29.3254 47.0345 102.306 5.0833 31.055 70.5141 69.8961 17.2112 51.9487 34.9359 10.407 5.4446 37.2042 127.739 63.0344 143.345 29.0615 16.4966 0.00605585 59.4276
-67.1336 0.141131 25.1473 27.7663 5.14688 1.73931 4.47048 17.0433 8.85511 7.06133 22.9251 41.6738 40.6694 102.306 30.8374 31.055 70.5141 71.5878 20.4985 42.4679 30.9029 10.407 5.4446 51.6615 132.66 38.7048 190.803 23.836 16.4966 0.0164831 56.5438
-67.4571 0.258103 2.62962 24.3319 8.02074 2.70516 29.293 12.5148 33.2986 9.73922 24.7237 31.7008 39.4152 88.4433 40.1999 35.5679 54.534 108.872 13.5268 32.1859 25.4974 19.2058 7.81136 23.7882 100.56 62.6604 180.216 65.7794 14.0627 0.0441847 52.4878
-67.203 0.0537011 2.99571 24.4926 4.03655 3.58954 29.1231 8.51628 14.9526 2.70312 25.5702 31.7008 55.9236 91.8219 41.7851 14.8423 60.3928 113.406 15.0899 18.8733 46.3469 29.1425 7.81136 24.4505 91.0469 65.5445 197.743 117.443 67.4182 0.00373841 55.0745
-67.2086 0.505783 9.42917 18.8423 5.55548 4.19072 25.628 7.52016 5.28316 26.0972 24.4983 40.3579 55.9236 80.2138 7.76125 8.91462 74.6346 108.269 37.5318 7.7361 64.0748 40.0777 0.887139 18.4238 92.5203 94.4407 192.387 50.1784 24.1263 0.00475659 53.9206
-67.0065 0.130849 14.355 28.2258 5.55548 7.76694 7.61343 9.03287 4.38714 26.8171 25.0309 52.1012 27.4619 68.4638 18.0172 8.73818 61.4133 123.899 81.8804 7.7361 47.1576 29.0191 3.21073 7.28628 96.2889 57.5536 258.086 23.9808 40.7772 0.00409498 52.4209
-66.7954 0.130849 14.4041 29.4649 5.55548 4.19892 11.3011 9.03287 4.41761 20.9367 41.3557 46.8339 32.1643 70.1459 0.566848 8.73818 62.8381 118.944 81.8804 5.35809 47.1576 25.9312 4.51763 14.1071 94.7382 57.1399 200.766 134.757 71.0234 0.0087196 57.2253
-66.5514 0.871097 7.55666 29.4649 6.04475 0.450379 13.3371 9.03287 6.23886 22.1047 46.6165 46.6266 32.1643 53.7879 0.566848 25.21 62.8381 118.944 88.5599 7.88714 41.1171 25.266 15.4476 19.0514 107.325 41.2463 200.766 84.4796 62.591 0.0113348 59.1865
-66.5595 0.909153 4.81371 14.6048 6.66671 0.766611 13.3371 9.03287 10.6293 25.3549 41.4626 47.4495 41.8468 51.8399 1.50785 12.173 61.7328 72.7136 119.287 7.88714 82.6512 14.8176 16.9213 24.3312 89.5339 58.9699 151.388 84.142 51.0413 0.0191852 59.0108
-66.3761 0.525661 14.2151 9.82222 6.49367 0.766611 11.1209 14.6676 8.20093 25.6411 39.712 56.4329 32.8315 53.5454 10.2696 30.5922 73.9841 35.9172 107.326 44.5107 63.5234 21.6055 12.8773 8.24775 49.4533 84.0228 184.868 28.1673 46.2353 0.0245006 57.2853
-67.4623 0.332052 9.69536 10.5361 8.16362 1.77273 7.24255 14.6676 5.19263 26.9336 45.7664 64.6564 27.1613 56.1373 12.9053 31.9892 69.7616 46.2902 104.324 27.1051 87.0188 27.5772 13.2934 3.51053 76.0575 80.0439 122.223 90.3693 43.461 0.0245006 60.0929
-67.2532 0.332052 8.6882 10.9829 8.1928 2.46175 7.24255 4.68896 3.02895 28.656 51.4411 59.2493 27.1613 45.3747 12.9053 27.7319 69.7616 61.2254 99.7769 11.2893 87.0188 31.4811 20.0691 5.99917 62.1385 128.953 112.23 43.248 50.0221 0.0261868 55.6136
-67.3355 1.1737 6.08741 10.8697 10.1349 4.25123 7.24255 7.2055 3.41209 34.8111 47.3927 56.7034 30.8841 42.7194 12.9053 17.8282 69.7616 64.2243 99.7769 11.2893 87.0188 29.3354 19.4042 3.61433 48.637 135.425 114.227 30.413 49.5813 0.0303725 55.1271
-67.1617 0.288446 1.81775 11.062 13.0728 6.0193 7.1276 18.7824 5.27003 34.8111 49.1275 40.7126 28.8907 47.903 12.5103 17.8282 86.3836 66.0071 63.0084 0.89022 98.7699 29.6866 19.4042 2.78664 72.159 135.425 58.5332 0.754468 46.5509 0.0756088 61.0854
-67.4621 0.971375 2.67217 10.7974 10.9754 8.89729 7.20525 18.7824 4.97264 51.9189 31.5082 40.7126 30.6912 28.5283 3.40565 17.8282 137.293 28.4554 89.8416 7.58729 55.0591 70.5016 7.40261 6.75884 72.159 180.626 17.65 15.4535 52.843 0.0741552 56.9189
-67.6788 1.02814 3.05579 10.4918 10.8461 6.69243 7.20525 10.0745 4.97264 58.1232 29.4429 40.6747 26.9219 30.3424 8.20474 26.4898 137.293 48.4242 48.993 13.746 65.9462 43.5424 11.7802 16.4994 77.5577 182.873 28.0161 19.8917 40.1861 0.0773561 56.5373
-67.4811 0.478378 17.6054 8.76073 14.6516 16.0352 2.43901 12.175 6.33792 71.7809 8.85922 42.4721 8.64683 16.4521 8.20474 32.4954 150.424 59.319 48.993 10.0005 41.2898 63.4778 6.76323 11.4364 111.794 141.544 19.5202 90.5617 29.0342 0.0294597 56.7074
-67.1995 0.290406 13.9081 4.59672 19.9331 16.0352 2.43901 12.8702 1.77153 91.3553 8.69312 42.8028 6.46286 6.08407 13.6679 27.0461 136.185 60.8014 50.2895 15.6927 28.4112 53.3862 11.9699 13.2281 114.062 145.087 88.2208 40.7992 67.7498 0.00854299 56.4242
-67.2692 1.0664 10.8699 5.8404 16.1069 16.0352 7.45762 12.8702 1.77153 79.1062 0.407312 44.2228 11.0973 6.08407 40.8535 26.1341 146.394 60.8014 43.3711 8.25079 44.0648 47.3888 5.08465 12.7364 119.197 100.038 90.9593 54.1951 46.0487 0.0192203 57.9096
-66.1664 0.732551 11.946 3.03297 27.6898 11.5646 6.45519 15.2909 4.33949 79.1062 6.71364 33.345 12.151 24.4031 46.8861 46.2766 139.345 50.5397 43.3711 8.25079 4.57963 36.0938 9.73936 12.2045 139.598 116.632 82.6062 12.8023 5.11251 0.0192842 55.4766
-67.4549 0.955725 16.4539 4.16169 19.8072 16.2921 0.259782 8.75514 11.1475 64.3385 6.85526 41.7499 15.2938 21.7078 28.7114 61.4699 126.662 78.9155 39.6131 8.81344 4.57963 57.988 10.0312 12.2045 119.682 140.057 66.3674 103.642 17.5624 0.0192949 55.3568
-68.5471 0.797232 18.1363 4.16169 19.8072 16.2921 0.259782 8.75514 11.4468 83.3141 4.67619 38.5988 13.5377 21.7078 28.7114 63.125 126.09 81.6036 15.1489 12.1751 13.514 45.38 10.9503 32.9273 92.4541 121.39 66.3674 118.405 56.6381 0.0193668 57.6108
-68.4367 0.897011 15.3653 4.16169 20.9279 19.3435 0.259782 12.1446 7.00519 83.3141 12.5445 20.335 13.5377 9.89704 56.6661 83.8668 108.387 76.3904 13.3653 12.1751 30.1331 39.0185 10.852 39.0754 103.685 119.127 34.0173 2.76896 9.37119 0.0183957 56.8252
-68.7908 0.769309 15.3653 9.02333 16.3305 12.3444 8.79956 22.7565 7.47354 65.851 7.08923 21.2107 36.1889 19.9936 48.2016 99.511 100.089 67.3668 3.01589 32.8325 32.1954 36.5322 10.7315 7.74672 71.9029 117.658 73.6808 21.5247 10.4971 0.0192496 53.6471
-66.6352 0.411551 13.2319 7.68301 17.9389 13.5466 6.54581 14.9476 10.444 63.6969 2.28833 7.02133 67.6272 13.0305 66.1727 76.6653 106.082 70.7607 3.01589 34.8331 34.1906 30.3794 11.218 7.74672 66.0082 121.268 130.088 25.5933 37.0942 0.0266521 51.4767
-66.9516 0.697004 12.5085 6.66708 23.6106 6.65298 7.58156 14.2969 11.6652 65.8916 4.72133 4.19305 67.6272 53.3192 35.6342 76.6653 112.573 48.0035 15.1525 32.9402 31.52 30.3794 9.46733 3.61771 101.09 92.8497 116.092 21.348 34.3939 0.0150826 52.5137
-67.6325 0.950499 12.5485 7.89412 16.731 17.4641 0.867217 22.376 0.568534 67.389 1.22196 7.82666 56.9257 76.4419 45.8203 76.6653 50.4441 49.3762 34.4812 32.884 29.5888 30.5889 15.536 3.61771 105.816 73.6544 181.694 17.482 23.1072 0.00894693 56.9213
-68.2253 0.990173 10.6574 9.75045 2.87552 13.5872 0.867217 13.546 1.80777 65.0369 33.8199 5.13861 72.3048 63.3546 42.3672 46.4816 64.7581 15.5737 47.9158 65.9677 28.1687 8.33793 28.3505 21.2559 95.3854 146.814 49.391 16.6978 8.50176 0.0048056 56.4454
-68.132 0.394092 9.22672 6.22396 2.00608 15.628 0.867217 14.1965 14.0967 65.6927 33.8199 6.68049 82.5373 51.9058 49.4015 49.3639 50.864 15.5737 64.1227 57.1075 16.9524 11.4204 41.3193 4.5384 84.0792 157.525 69.7998 16.8219 27.3065 0.0048056 55.8829
-66.5927 0.335755 21.9951 2.68851 9.4233 5.06376 1.76988 17.9415 16.4517 44.2921 35.9291 12.9689 55.0279 38.6654 60.1371 62.66 45.647 33.8645 75.8862 30.0444 11.7418 29.3936 31.4393 4.5384 97.3319 163.553 100.971 16.6824 27.9158 0.00700747 52.4267
-68.2542 0.310251 6.74474 1.94928 11.2466 19.3792 21.0943 17.1085 16.0575 44.2921 28.0997 18.8962 38.0172 54.3869 120.729 26.0494 26.0387 33.8645 86.2429 21.0677 6.99795 34.8996 44.5824 4.5384 76.2033 166.537 17.8863 17.5376 34.7252 0.00614532 50.2933
-66.9899 0.51126 2.3751 4.65814 6.04938 12.8695 15.6492 30.6927 10.5045 27.2088 15.6495 22.2642 53.443 42.9245 82.9143 31.1674 17.4401 65.8033 71.3098 11.9144 6.40667 38.9253 50.7629 45.2362 62.4067 212.646 22.9893 39.2899 54.1838 0.00444441 54.1347
-67.9341 0.531442 1.63056 5.06897 4.05714 10.0748 13.634 34.9996 12.2231 49.334 18.8824 26.1518 47.4918 52.6391 82.376 11.0773 30.661 60.6468 84.6325 20.869 3.09495 36.6762 43.2552 45.2362 69.3089 135.265 39.8765 75.4852 17.2175 0.00444441 52.6031
-67.7155 1.09406 7.38087 5.15273 4.05714 8.28109 3.89491 38.475 9.47996 34.7639 8.35935 46.0482 46.3664 57.7695 50.0769 11.0773 23.9253 66.8146 142.37 22.6025 3.09495 32.291 30.8275 17.2535 70.0416 140.796 78.9539 72.6721 47.6962 0.00393785 52.8763
-67.9063 0.728597 7.38087 6.2912 1.63785 5.19305 5.44148 38.475 8.11791 24.8408 18.5751 58.6482 48.1975 57.7695 42.4068 17.1018 27.05 65.536 142.37 18.9595 3.73855 33.8982 27.9284 21.8256 70.0416 139.999 137.951 8.92817 37.7597 0.00011496 51.2291
-68.7643 0.749143 22.2535 4.46825 2.02383 2.76516 8.26344 15.6754 5.46318 48.6546 22.4348 43.6632 43.9009 38.6243 40.5397 9.2541 89.2033 77.7046 98.261 11.5678 6.52404 33.5662 44.9564 21.8256 70.7635 146.379 82.9934 31.1017 47.5283 0.000297836 53.2824
-67.6373 0.395348 0.683776 9.02782 3.94848 3.38734 4.78987 28.0158 1.48304 42.6487 22.4534 53.212 56.0064 38.6243 43.302 20.7654 65.353 53.0212 89.9262 8.10138 6.52404 42.7411 51.938 25.9146 47.5239 140.498 76.0269 31.1017 47.8636 0.019622 59.7338
-68.2653 0.267918 5.84568 16.9621 4.39461 2.63434 12.251 15.3772 1.48304 40.4888 21.3787 44.287 57.9487 61.7904 44.5234 29.6449 69.7551 48.9028 51.1674 9.23781 6.52404 26.8571 67.8079 36.631 60.5636 138.048 78.2244 34.901 44.9754 0.0175282 54.3997
-68.7912 0.434314 2.72427 11.6485 12.584 1.087 6.87908 10.5476 21.999 16.5651 21.0362 52.3587 49.9281 61.7904 31.0121 7.76634 87.216 70.5624 58.5147 2.52051 3.6933 24.8781 79.3482 43.6888 71.1032 136.273 84.4267 91.4523 7.37191 0.0175282 56.8726
-68.0914 1.16891 3.01504 12.1438 15.2507 1.087 6.31928 11.4064 8.75943 16.5651 17.6976 68.8262 48.0657 60.6077 45.4898 7.76634 85.2336 82.3173 58.5147 3.67226 3.6933 23.015 70.1846 46.4712 57.1272 152.87 88.3878 95.7701 28.1401 0.030165 58.0195
-68.2038 1.07355 8.72984 7.89321 15.2507 1.087 6.31928 26.0306 8.75943 16.5651 21.8154 61.9305 41.8315 85.1756 45.4898 23.2812 97.9296 82.3173 15.2117 13.5632 2.38852 3.29829 62.0065 55.5029 35.2687 183.079 84.5652 11.0938 21.7762 0.0538543 55.0694
-67.1934 0.228839 7.32509 9.05107 15.2507 1.087 6.31928 26.0306 8.31633 16.5651 11.6377 64.9498 32.6589 41.8306 59.6245 21.1843 97.9296 82.3173 10.4189 7.16699 2.38852 17.4799 101.585 55.5029 35.2687 177.889 51.5632 71.8308 16.6691 0.0643155 56.9452
-67.1169 0.122175 7.32509 12.7951 14.158 1.087 3.78475 30.0289 27.9942 16.5651 9.43245 64.6068 37.1684 41.8306 70.9626 20.1596 97.9296 55.727 19.6274 5.11556 2.38852 30.7268 82.1334 55.5029 46.8875 118.069 101.829 102.394 10.9226 0.00650229 54.8287
-66.8193 0.203478 7.32509 11.5966 12.636 4.91503 6.73414 30.0289 27.9942 11.8493 5.67862 64.6068 37.1684 41.8306 70.9626 6.59991 97.9296 69.1487 19.6274 5.11556 2.38852 30.7268 82.1334 55.5029 65.6652 102.884 98.1793 102.394 10.9226 0.00493576 54.465
-66.6797 0.512719 6.5299 12.1103 12.5813 0.499348 6.75663 20.569 27.9942 18.7321 14.8746 64.6068 23.2215 12.7791 86.4985 6.19218 84.1071 105.865 18.2708 16.5404 23.2861 25.3004 43.3201 41.505 85.0001 169.472 69.8468 52.5791 2.6115 0.00340126 52.6912
-68.0632 0.508689 9.09594 11.5481 27.4408 8.09484 5.80667 24.4925 27.9942 12.3561 8.79284 43.0624 42.4963 55.9661 9.92126 10.9133 73.4861 93.9223 67.6447 16.5404 59.7442 22.4126 9.84995 35.759 86.8551 116.779 39.9846 45.0074 27.2852 0.00107055 51.1177
-67.1903 1.00228 14.9909 12.0251 15.8323 8.54838 10.1244 26.0826 27.9942 12.3561 16.4086 31.7985 33.2631 57.608 9.92126 7.75248 61.8055 80.5317 92.535 10.8827 65.7781 31.6547 14.4814 61.2688 86.8551 116.779 41.5223 22.4958 0.888312 0.00492381 52.5465
-67.3863 1.01139 16.741 12.0353 11.3096 10.1789 10.6582 22.7996 35.7634 1.72141 23.2386 31.7985 33.2631 71.7057 9.92126 7.75248 61.8055 100.128 71.3814 5.53666 63.7967 31.4312 21.2696 1.6012 96.9847 120.64 86.6661 21.9091 15.6983 0.00746864 51.9773
-67.3863 0.874551 14.7869 12.4335 17.0952 10.1789 11.5281 13.1229 28.1561 1.72141 42.3771 34.3716 39.5106 74.3713 19.9081 7.75248 61.8055 62.6086 71.3814 8.00413 60.0262 43.6531 6.9884 11.5238 96.3775 175.856 67.2494 29.1228 9.66549 0.00614607 52.9968
-66.6787 0.74536 7.45469 14.9543 17.0952 10.1789 13.275 22.7509 5.14541 6.77907 30.1913 44.0208 33.7852 59.6471 19.9081 101.205 46.0476 40.7704 97.7499 4.51627 59.2663 6.23981 17.7808 4.6258 79.7869 162.354 47.6768 45.0524 35.4144 0.0117471 49.7132
-66.4708 0.618693 16.892 11.7298 5.76061 15.886 1.07404 18.421 17.0289 11.5905 56.4025 31.7692 23.5661 46.2179 22.6447 122.161 23.9773 21.583 69.6417 16.7511 63.5311 20.5 57.2134 3.43069 71.1691 132.476 123.175 115.127 43.7737 0.00525862 56.0077
-66.5328 0.550225 19.1092 6.8049 15.6841 13.5701 10.8235 15.6832 9.13308 10.0177 58.2728 24.89 41.165 50.2611 27.4845 112.775 17.8579 18.5382 69.6417 20.0679 54.7276 26.5303 48.4719 5.67241 66.7478 146.076 100.457 75.0638 28.7397 0.00230164 51.6164
-68.0893 1.70884 14.4978 10.6315 14.0678 10.0065 17.7741 18.2212 19.7408 11.0938 57.0503 20.5779 34.0344 62.0786 32.3802 112.775 17.8579 35.5665 34.7805 52.3563 54.3874 8.12831 35.1841 7.90416 71.451 158.268 41.0127 79.684 174.459 0.0020801 58.3715
-67.8315 1.0384 11.5792 5.95542 16.9143 1.53589 23.4727 18.7633 29.7302 8.83988 34.7145 15.3642 40.7718 60.0068 33.6469 112.775 10.6618 33.0574 18.4701 68.9242 48.9433 31.9455 38.1467 9.86506 70.1333 164.944 27.3755 69.4585 130.787 0.0046694 60.6088
-67.6704 0.0725512 11.0032 19.3518 16.1412 6.97382 13.4712 24.4285 29.8288 9.44608 66.6919 18.2356 9.45179 19.8302 29.9927 146.019 51.8054 42.0177 24.9484 51.8545 43.9616 31.9455 6.96482 6.5361 51.3983 193.682 27.3755 82.3665 109.789 0.00975321 55.4034
-66.1498 0.0725512 9.31831 18.1121 15.5151 5.54892 7.18805 21.1434 29.8288 13.1771 75.1511 20.4294 5.02458 16.9807 30.7455 146.019 51.8054 61.9396 27.6988 38.5876 37.3263 41.6147 2.08851 5.60353 59.9353 183.755 39.4131 5.55341 16.2477 0.0169438 54.8167
-67.509 0.233836 2.82384 25.8367 16.4055 5.02327 9.9342 12.2755 29.5512 9.00488 54.2608 23.9996 20.5287 13.7088 16.301 146.019 34.8561 84.2129 23.9298 33.3946 41.2782 18.7592 45.8024 13.4157 72.6672 127.018 107.735 5.55341 54.6783 0.0116725 51.475
-66.4746 0.209783 2.82384 25.3863 22.1962 5.02327 11.7698 9.7072 25.3922 9.00488 54.2608 23.3951 16.4688 13.7088 8.84733 122.467 70.4325 84.2129 23.9298 27.7391 28.6161 18.7592 58.8733 13.4157 72.228 133.225 117.957 32.8553 55.22 0.0154032 53.736
-65.6007 0.0479421 0.331115 21.6829 24.7727 8.61842 4.22475 26.0041 19.6574 9.77141 57.6016 22.2632 10.8904 13.4265 23.3436 142.092 73.156 36.9946 23.9298 44.3315 20.8575 10.3925 78.5929 20.7076 69.3903 126.768 93.8077 11.5466 83.6907 0.0130317 56.5173
-66.98 0.13552 13.5476 19.2418 24.6822 5.07734 0.449542 23.9201 27.1893 9.77141 39.7534 22.8179 15.9347 13.4265 18.4023 142.092 78.9692 29.8257 23.9298 55.312 1.59278 10.2046 99.5852 16.8913 50.3865 136.473 51.142 11.5466 52.9266 0.00616687 57.8464
-67.0573 0.143702 13.5476 20.2092 24.6822 4.21868 0.449542 22.89 26.6431 11.7583 39.7534 21.5054 15.9347 13.4265 18.4023 142.092 78.9692 37.3079 32.4136 31.9274 1.59278 13.6004 89.5106 16.8913 53.5308 144.116 105.622 11.5466 24.8399 0.00408988 53.5979
-66.8815 0.598039 12.3672 20.2092 24.6822 2.09692 0.449542 23.5744 28.9638 13.2315 39.7534 20.142 15.9347 13.4265 21.2366 142.092 78.9692 37.3079 32.4136 8.8416 33.8267 11.5397 85.8181 16.8913 45.326 144.116 102.285 69.8521 11.1906 0.00408988 52.8288
-67.1502 0.482946 12.991 17.5275 24.6822 2.08121 2.14426 23.5652 33.268 13.2315 35.4516 28.0897 14.9965 13.4265 20.5059 154.601 67.3985 29.0521 26.8384 17.5182 16.9965 8.69212 88.7805 44.0751 30.9333 144.116 115.611 55.9069 11.1906 0.00694551 52.7004
-68.0352 1.29703 12.6472 17.3174 28.0955 3.29017 2.14426 23.0026 35.5904 19.739 33.8088 25.4037 4.96133 13.4265 22.5857 154.601 87.7737 27.7089 26.8384 21.4825 16.9965 1.63544 73.7333 45.2757 39.7699 131.965 167.67 1.84084 11.1906 0.00694551 54.4767
-67.8448 0.961623 12.0665 17.3174 28.0955 3.89442 2.14426 29.4966 27.3933 16.2758 32.6309 25.2375 4.96133 16.9871 22.7976 154.601 87.1439 25.4331 26.8384 32.8808 13.7369 9.32507 73.7333 32.1255 61.3649 82.3494 196.047 117.887 11.1906 0.0173196 57.2992
-67.7087 0.416507 14.5008 11.5657 27.2472 4.0242 2.14426 25.8859 31.5945 16.7002 50.1564 30.765 7.55357 25.1298 27.6209 145.228 67.9047 17.5517 8.27029 52.3929 13.7369 16.6178 60.1997 33.7225 52.8025 57.6153 227.692 72.8841 21.9098 0.019933 55.5163
-67.7087 2.06026 11.0315 11.2875 23.7425 4.0242 9.04687 17.2726 38.4852 12.9146 50.1564 27.0574 8.19607 33.4935 34.4396 145.228 67.9047 10.0042 8.27029 52.3929 11.0229 19.371 60.1997 32.5855 61.1387 57.6153 229.576 63.0814 18.3877 0.015577 57.8971
-67.8491 1.38454 2.05561 12.343 23.7425 4.0242 21.7585 11.9826 45.9613 37.3012 22.5456 8.85168 8.02223 45.6692 34.0952 145.228 70.914 10.0042 8.27029 74.5218 7.33139 18.5443 44.5487 32.2836 61.1387 23.8774 330.676 44.1257 22.3133 0.0317224 58.4274
-67.5624 1.28021 2.05561 12.343 23.7425 4.0242 18.0313 11.9826 43.8458 37.5141 46.7341 11.0895 9.81985 42.7666 44.02 145.228 53.8418 8.78975 8.27029 49.0094 7.33139 25.9997 38.7251 20.4546 60.4789 23.8774 304.492 22.1649 32.6278 0.0317224 58.8843
-68.0932 1.62264 5.50761 11.877 25.4804 4.0242 18.0313 11.9826 42.5399 39.4458 43.5034 11.0895 6.20736 99.4055 18.3361 110.315 53.8418 12.8007 8.27029 70.3355 11.3416 19.8886 38.7251 18.9761 74.2061 30.2208 238.354 61.8537 53.993 0.021001 56.2647
-68.0057 1.12734 6.86526 12.7782 25.4804 1.9105 17.2437 11.9826 42.5399 28.5705 52.9844 11.0895 6.20736 55.8659 25.6106 141.989 65.7244 12.8007 8.27029 70.3355 11.3416 2.34746 46.7941 31.6311 81.7064 27.5356 208.685 61.8537 53.993 0.0469013 57.7995
-68.5653 1.12734 6.86526 12.9805 24.8737 1.9105 17.2437 11.9826 42.5399 31.449 52.9844 11.0895 4.44765 55.8659 18.1934 141.989 65.7244 25.952 8.27029 57.2773 11.3416 5.3895 46.7941 36.2954 75.9618 27.5356 218.309 61.8537 72.639 0.0440282 58.1141
-67.6963 0.983595 6.82415 10.409 21.4381 9.73343 12.9882 11.9826 30.0042 40.3383 34.0909 28.7116 10.8376 59.5395 18.1689 150.539 56.6377 50.3482 8.27029 13.606 35.6135 10.6342 46.7941 16.434 76.8318 30.779 218.309 42.6652 19.4998 0.034536 52.2748
-67.4471 0.983595 6.82415 8.42805 21.4381 9.73343 12.3058 7.96133 22.5444 35.4063 54.9145 28.7116 12.2737 65.4697 18.1689 150.539 56.6377 43.8639 8.27029 3.70583 35.6135 30.3717 2.62272 45.2587 81.9353 47.1565 153.284 42.6652 14.577 0.0369385 53.2783
-67.5632 0.968456 6.76409 5.50457 20.118 12.2549 12.3058 7.96133 12.155 59.3473 26.2222 28.9481 12.2782 39.258 23.8855 150.539 56.6377 40.5367 5.8121 28.3787 5.4148 53.338 6.08363 83.9848 67.0523 84.5265 121.886 31.8373 14.8873 0.0267456 54.1371
-67.747 1.01343 6.21301 7.82207 29.1705 13.0367 5.02597 7.96133 8.59618 59.3473 37.5712 34.1456 12.3579 39.258 13.4365 150.539 53.9964 40.5367 5.8121 28.3787 4.15207 53.338 6.08363 73.4429 62.8912 109.914 121.886 65.2496 88.0379 0.00825146 53.7013
-67.643 1.03582 6.37729 9.49888 31.4882 9.41385 5.02597 7.96133 8.59618 59.3473 37.5712 31.7979 12.8695 39.258 30.3546 150.539 13.3612 40.5367 46.2217 15.5496 4.15207 53.8105 4.85992 73.4429 73.4994 121.28 95.6319 33.4019 78.7025 0.0187487 53.228
-67.2394 0.701684 6.49371 8.82871 31.4882 9.41385 8.35072 7.96133 2.88153 59.3473 37.5712 33.8828 12.9553 34.5341 47.5512 150.539 2.76865 39.3035 46.2217 40.2158 12.6732 46.4362 4.85992 64.7137 60.3486 121.28 80.6951 111.499 78.7025 0.0296569 57.5347
-67.0989 1.23937 9.68214 6.63957 26.1999 9.41385 6.53023 8.13112 10.677 59.3473 37.5712 33.873 13.1802 30.054 50.9721 150.539 0.952339 4.93074 69.6481 31.3079 1.66184 30.2195 25.9276 64.7137 72.895 127.868 95.3906 42.5005 20.6392 0.0372726 56.4568
-66.7678 0.821254 11.9624 11.541 21.3335 11.3026 11.1862 8.13112 16.556 59.3473 35.1127 23.1525 13.3464 30.054 49.794 107.86 6.35733 35.1127 69.6481 37.1597 6.725 20.2982 14.5868 64.7137 81.032 145.79 90.4492 25.1326 20.4834 0.0147483 52.8436
-66.4183 0.54341 15.9824 7.65874 13.6441 16.5092 11.1862 8.13112 16.6234 59.3473 35.1127 5.31141 12.1322 30.054 49.794 141.857 8.10384 35.1127 56.7206 34.2999 21.4483 17.619 17.5317 61.484 88.9957 98.7579 124.173 31.664 20.5276 0.00702824 50.6649
-66.9608 0.224671 18.707 4.10152 19.2922 15.9393 6.14435 8.13112 16.7724 74.551 35.1127 11.2772 12.1322 47.049 49.794 141.857 10.9428 23.5868 69.679 27.9982 3.20897 23.4047 16.2991 45.0516 88.2176 49.9618 118.888 11.9018 38.6834 0.001768 53.3392
-68.2208 0.941618 14.0969 4.37948 9.13495 26.5958 3.92525 8.13112 14.3126 59.9462 38.2448 6.80712 22.564 48.3888 77.8638 141.857 19.1817 21.054 69.679 25.0041 11.2588 24.4396 9.88718 32.6801 83.7447 72.8255 147.161 38.5022 48.4694 0.00261943 52.8756
-67.5705 1.09671 16.0195 8.38182 10.9401 21.9314 3.92525 3.6322 14.8062 59.9462 43.9158 6.80712 24.9917 36.0597 86.923 141.857 12.9933 9.49135 69.679 36.6437 19.3019 37.6034 5.34497 6.30214 83.4651 59.5053 147.161 3.17744 61.6411 0.00291045 55.2929
-67.8261 1.21812 17.122 8.38182 10.5199 26.0271 0.292568 3.6322 14.8062 63.5927 45.4544 6.80712 24.3739 36.9478 46.9985 155.013 4.79687 9.49135 69.679 36.6695 18.1018 56.3023 12.2541 4.64183 85.7252 86.8586 149.537 11.1964 65.8965 0.00221906 55.6253
-68.8768 2.27937 17.122 7.41372 10.3666 21.4208 7.53544 3.6322 14.7883 50.7823 47.8469 15.9816 25.0793 25.819 46.9985 181.069 5.35618 9.49135 68.3051 48.0444 21.0913 28.4133 14.1084 10.7105 84.6967 39.6262 167.901 13.1442 53.5427 0.000809322 56.7079
-68.4348 1.71834 11.2513 6.94402 10.2597 19.6663 8.107 3.6322 14.6665 50.7823 47.8469 5.35718 25.0793 6.5445 44.8431 198.613 22.7424 4.63206 39.049 64.4557 31.7732 27.9067 6.42861 10.7105 87.6212 94.0076 191.007 106.841 52 0.0173679 60.3066
-67.5983 1.49172 13.9562 9.19456 10.2243 20.2273 7.20726 10.2529 14.4377 30.9582 48.037 5.35718 30.7772 32.7841 31.3738 198.613 22.7424 3.87198 27.6007 64.4557 29.5399 27.9067 6.42861 19.0371 85.8738 68.5369 208.876 55.331 49.558 0.0202542 55.8625
-67.5848 1.33377 16.1141 6.00653 10.3956 17.1919 13.286 15.4799 14.8606 21.4108 55.6645 11.6091 27.1102 22.5516 27.5745 198.613 40.7848 3.87198 27.6007 55.4138 33.9312 20.9392 8.15411 16.5467 87.1118 36.31 257.685 43.7171 48.5581 0.0137254 55.0014
-68.2666 1.23739 13.2516 11.8202 13.1237 5.13588 14.5768 9.10867 25.7216 25.7272 57.9945 4.3881 28.8067 6.46159 37.3722 198.613 35.5363 11.9302 16.2719 55.4349 56.581 7.18622 11.4808 25.5889 82.8925 53.2582 200.381 16.0276 9.09688 0.0182462 55.2051
-65.8609 0.434367 15.546 13.0866 10.4369 5.13588 16.8655 11.6321 41.9602 16.5456 51.5896 7.21262 32.6119 9.60314 26.3095 198.613 76.5869 8.462 16.2719 24.236 56.581 8.62825 12.6357 25.5889 78.149 126.146 118.992 14.6772 29.1535 0.00254444 50.6857
-65.8609 0.433013 15.9261 12.8447 6.49688 5.13588 18.8429 11.6321 34.8259 14.8589 55.1406 7.21262 27.5548 9.00903 23.268 198.613 101.651 2.42552 16.2719 28.2486 51.2635 4.97631 14.2308 25.5889 77.7523 129.507 97.1793 17.0481 35.8917 0.0036445 51.2416
-66.7218 0.568857 16.0677 9.36969 1.50205 5.12438 18.8429 12.7534 40.1378 14.8589 52.7334 7.21262 27.5548 9.00903 30.7783 198.613 101.651 2.42552 16.2719 28.2486 48.9084 8.64947 13.0177 25.5889 81.0135 100.703 114.726 16.5202 29.3993 0.00435496 52.8781
-67.1358 0.151579 14.56 20.018 2.19438 5.12438 19.1435 10.4128 34.638 19.7151 45.4005 6.44601 29.0372 13.845 28.4878 198.613 101.651 15.0098 16.2719 1.42104 14.5527 55.5963 13.6519 12.9739 69.08 89.0922 113.844 77.4703 56.8283 0.00775478 54.7422
-66.9401 0.151579 14.56 20.018 1.14798 5.12438 17.5952 26.7636 38.0669 19.7151 44.1265 6.44601 29.0372 5.09785 28.58 198.613 101.651 9.18841 16.2719 1.42104 29.8381 41.0985 19.2455 12.9739 67.2353 120.999 101.3 89.676 36.4184 0.00688964 55.0831
-66.7363 0.95425 14.56 20.018 1.2238 6.33936 21.0374 26.7636 30.1726 17.4725 34.0068 7.5133 29.0372 5.09785 25.4703 198.613 103.688 8.87923 10.9291 3.09499 29.8381 50.9207 25.3081 23.2413 65.7034 120.999 110.614 76.828 35.5083 0.00599599 53.1281
-67.3058 0.87884 17.4442 20.018 1.93656 6.33936 21.0374 26.7636 25.4384 11.5602 34.0068 7.5133 28.1037 5.09785 23.9348 198.613 107.794 8.9016 26.8936 3.09499 30.0413 34.0132 30.5268 20.0689 80.7476 137.191 57.8308 85.0344 13.0544 0.00749292 55.149
-67.3058 0.87884 18.2115 20.018 2.09052 6.33936 18.3654 26.7636 26.3796 7.01586 33.2524 7.5133 37.3087 5.09785 23.9348 198.613 92.8457 22.7933 18.1199 3.09499 30.0413 36.8521 30.5268 15.8089 74.2755 150.945 57.8308 112.139 13.0544 0.0109067 51.1273
-67.1186 0.875185 18.2115 24.3356 0.296361 5.49797 14.6471 30.1124 29.4764 6.25112 29.2097 7.5133 37.3087 5.09785 24.0132 198.613 88.0482 27.2909 18.1199 2.19683 21.8489 21.1298 29.7404 12.525 97.7804 150.945 31.9917 98.7045 2.05798 0.00531331 52.1979
-68.3067 0.745709 13.8254 24.3356 0.931733 7.8246 14.6471 31.832 35.0349 3.42105 37.6751 7.5133 27.6076 5.09785 24.0132 196.789 92.6763 27.1562 18.1199 4.75722 27.4683 10.8892 27.4896 20.659 82.7707 195.761 17.8086 92.6439 14.1969 0.00442214 53.3649
-67.3653 0.765938 13.8254 24.3356 3.11405 7.73202 14.6471 29.2856 40.3937 3.38499 37.6751 7.5133 22.9495 5.34545 24.0132 196.789 83.2816 27.4896 24.6061 6.04182 31.0123 10.8892 26.0259 26.5347 108.316 154.247 59.926 39.1691 18.4383 0.00315796 52.1403
-67.7947 0.118375 13.1467 21.3135 0.943435 7.73202 19.7938 35.1772 40.3937 3.2163 34.7273 24.298 20.8236 4.79323 3.61639 207.809 67.7807 31.1908 24.6061 19.4358 80.7463 7.03722 0.997573 7.39803 100.78 158.151 41.8942 64.5433 44.8082 0.00989964 57.3577
-67.2946 0.473803 37.4151 20.4095 3.79186 37.505 1.62958 18.9987 34.6836 3.59571 32.0091 10.8863 20.7103 4.79323 36.091 209.21 48.5336 31.1908 30.2324 16.1056 47.2726 7.03722 12.7106 8.02177 83.381 149.268 23.7606 79.3389 25.2081 0.00475115 59.3345
-66.7652 0.562102 28.0581 19.3813 4.80647 39.8944 0.402106 16.6501 34.6836 3.44066 32.0091 1.93769 19.6161 4.79323 22.2691 201.576 47.6819 46.5255 36.6314 10.6371 47.2726 14.8257 12.7106 9.84811 80.0394 183.218 61.8011 99.1174 66.0459 0.00327281 59.5385
-66.7652 0.78394 29.512 18.7356 5.94366 31.444 0.402106 20.2507 33.4604 3.60919 33.0995 6.25605 26.102 4.79323 22.2691 201.576 42.8631 53.5508 31.7453 10.6371 25.8337 13.3162 18.4645 25.7456 80.0394 190.524 76.3353 34.5747 53.8234 0.00111925 56.6828
-65.4284 0.464508 26.6657 19.5476 18.8285 33.2713 1.13701 20.2507 19.6465 4.6139 21.5926 10.829 38.8235 4.79323 13.1182 201.576 48.229 63.5641 31.7453 6.08237 51.2531 16.1469 13.4461 28.3731 63.7335 162.001 45.6634 39.6621 52.1461 0.00417076 62.1519
-66.3966 0.40483 22.6982 12.3678 8.20501 7.31888 11.5787 30.8346 16.5029 4.76498 21.7374 12.1327 56.7467 23.2429 13.1182 147.251 51.3059 80.0086 24.8456 15.1676 55.6004 36.4852 11.4127 29.9552 54.1677 155.335 93.7074 39.1691 51.6499 0.00188024 52.1318
-66.8947 0.885654 19.0802 21.089 5.78273 6.9279 8.42947 29.1531 16.6548 4.72491 24.7553 12.1327 56.7467 125.396 13.1182 27.6699 56.9275 76.422 24.8456 25.5707 55.3221 30.0837 26.1712 16.6188 44.2359 181.727 72.1858 33.2522 92.9735 0.00588886 53.5891
-66.7777 0.820998 20.0036 16.9785 5.86138 6.9279 9.72809 28.9343 16.9921 4.72491 22.9661 12.1327 56.7467 125.396 13.1182 27.6699 56.9275 76.422 21.7675 22.4264 55.3221 30.0837 32.3023 32.9635 44.2359 159.21 62.7384 32.7042 103.752 0.00588886 51.464
-68.0106 0.441605 31.2887 15.748 6.49788 3.4473 4.95882 29.7576 15.4649 25.02 23.0863 18.1728 51.5117 125.396 13.1182 14.3739 56.9275 80.1827 26.2353 25.9635 43.0079 20.2707 24.6987 29.875 76.8011 143.184 64.7327 68.4403 88.8523 0.00559516 52.7444
-67.541 1.1163 27.8178 22.3529 6.42737 5.17402 3.76296 29.344 16.19 16.3841 19.3896 18.1728 44.6753 102.87 36.6795 9.78384 58.139 124.43 21.0535 79.656 16.9258 6.66112 5.4219 28.0909 59.2451 158.351 82.4269 119.835 86.4076 0.00856065 56.4281
-67.541 0.56533 27.6049 24.3672 6.40132 3.46262 2.57014 25.3526 21.8686 13.6747 21.1123 15.757 54.0903 94.8329 25.5713 21.6659 61.3102 124.43 25.8959 45.9958 0.860463 14.9558 9.84998 27.3081 69.3451 169.371 89.7789 43.4164 56.0585 0.0000270868 52.7521
-67.1513 0.159885 23.5762 24.456 8.82065 3.46262 2.47821 8.90425 38.8333 10.6499 21.1123 2.96183 67.6399 90.1678 25.5713 28.541 59.7391 124.43 26.1183 28.6877 15.7448 29.6031 30.6505 13.1295 66.1626 140.222 47.0996 133.606 16.6188 0.0164287 53.9646
-66.6619 0.0703429 23.5762 24.2174 10.1312 6.24717 0.417005 2.33961 38.0554 10.6499 16.4511 19.4191 62.537 98.27 12.9159 38.7416 60.5809 104.719 20.2445 44.9384 26.7447 11.3501 43.1883 13.1295 64.7718 130.729 62.7564 64.9428 40.5398 0.00817299 57.2641
-68.0903 0.557415 23.5762 25.5738 13.5612 1.81054 0.832237 19.9109 43.3248 12.1917 21.5865 9.86506 52.7121 109.05 37.7306 38.3048 46.3376 87.7841 20.867 14.3683 24.6279 16.2179 38.3444 39.1963 72.622 175.491 58.0083 43.8845 15.4406 0.00351661 53.0245
-67.8127 0.96596 21.6095 25.5738 12.7747 1.81054 2.58849 19.8674 49.0287 9.15147 21.4133 9.54184 50.9039 102.859 31.6499 46.5819 39.8866 95.2758 25.0262 12.4202 24.1645 10.8947 30.1516 35.1063 68.9015 165.898 71.2981 7.94458 28.9204 0.0000394013 48.3297
-67.402 0.616054 21.6095 17.7671 17.0036 1.81054 1.4983 19.8674 49.0287 8.07228 2.8835 14.6023 48.5063 107.433 31.6499 62.9853 37.8654 95.2758 25.0262 9.99525 23.5192 15.984 19.3234 35.1063 87.4012 170.826 63.1599 24.5433 56.3929 0.0000394013 48.5363
-66.5184 0.616054 21.6095 20.8054 14.1372 1.81054 0.862845 22.7718 53.9558 5.83534 2.8835 14.6023 47.6139 84.5698 31.6499 62.9853 38.2712 95.2758 46.8525 9.99525 21.5346 15.984 19.3234 35.1063 86.7639 170.826 62.8512 37.4464 18.6628 0.0000394013 48.6705
-66.594 0.395551 31.2311 13.6517 11.6661 1.81054 7.53886 18.1936 69.5674 9.389 2.8835 12.5838 45.0787 71.4433 31.6499 76.6037 39.1535 96.2867 24.1033 17.0921 19.1739 24.9706 28.273 41.5089 67.6669 171.303 51.4772 43.0112 18.6628 0.0000394013 48.5039
-66.7217 0.984529 22.655 8.32443 7.76315 1.81054 7.68515 30.5544 69.5674 7.70897 10.3111 12.5838 45.6078 61.7608 69.0018 52.439 12.824 96.2867 24.1033 10.2069 52.0184 20.984 39.2033 20.7799 61.393 157.836 66.9716 40.7275 18.6628 0.0000394013 52.7694
-68.4601 1.31908 15.6729 4.17953 13.4555 15.037 7.5437 36.8011 45.0413 8.6241 16.4903 13.223 45.4383 64.3605 67.068 52.0461 46.7692 96.2867 15.8465 10.2069 46.472 6.54891 31.205 27.347 57.8244 175.162 64.8558 38.7692 39.8633 0.0123511 50.6191
-68.6143 1.59538 20.0647 9.67837 5.47713 14.5541 8.37009 49.2917 32.0826 8.34216 12.3815 17.3344 44.8322 71.2845 67.068 37.1725 45.9144 89.3209 18.1533 12.5558 32.7498 4.74973 61.4545 40.9904 17.4399 186.567 17.8139 38.5846 7.61509 0.0119534 55.975
-68.047 1.75248 20.0647 9.67837 12.8497 14.5541 7.94729 65.4271 26.0004 16.7316 1.37959 24.7088 45.19 71.5649 79.6283 30.5542 45.9144 75.5383 16.9003 7.9843 26.8599 7.66273 55.9264 18.3276 41.4029 216.665 17.8139 38.3582 57.6569 0.000928545 54.8111
-67.0415 0.195452 16.5759 11.4918 12.8497 14.5541 11.5233 40.2873 10.0231 16.6078 1.37959 24.7088 45.0929 77.812 79.6283 32.1656 44.6328 107.431 16.9003 22.2333 15.0142 51.7759 32.6155 12.2003 44.2865 201.71 5.80483 36.9107 56.6403 0.00411318 52.7649
-67.3351 0.253254 16.8675 11.4918 10.4512 14.5541 14.3143 40.2873 10.0231 16.6078 1.37959 21.1136 45.8513 77.812 87.6117 32.1656 47.709 97.0481 16.9003 19.4302 3.92301 51.7759 32.6155 12.2003 51.0434 201.71 5.80483 36.9107 56.6403 0.00411318 49.4645
-67.2077 1.13723 24.0666 10.8982 10.9615 16.9695 18.4358 40.2873 0.826617 19.7685 1.37959 14.25 44.228 88.62 87.6117 23.4542 46.0965 97.0481 16.9003 7.6663 4.18394 39.3821 33.9478 14.5162 54.4582 236.598 37.5237 37.7824 76.5636 0.0206696 62.1363
-68.0693 0.493777 19.3922 17.4852 8.63349 15.6757 4.98995 39.8432 21.6737 19.7685 1.37959 14.25 43.5481 88.62 87.6117 17.5988 47.526 99.6697 16.9003 3.59961 7.61966 41.2952 24.8398 17.725 50.4585 236.598 37.5237 46.466 152.738 0.0204929 58.1793
-69.0614 0.539847 28.0918 14.3203 9.75973 5.37761 5.37893 7.70521 40.224 14.2297 11.1469 28.7256 40.2931 70.7184 16.9716 12.2468 95.6013 99.747 16.9003 14.6499 9.87911 66.6468 33.2631 58.8124 57.9745 202.942 34.4315 27.8928 130.203 0.0257125 61.2074
-67.5099 0.16887 28.7485 13.4902 8.12728 8.7304 7.54457 20.3039 32.9479 11.9658 23.2321 42.6311 29.3916 41.8828 16.9716 16.7509 96.3827 111.136 16.9003 7.78396 3.00402 67.2869 2.67066 84.551 50.9598 144.823 45.9122 17.3998 29.7795 0.0235565 58.7657
-67.4786 0.707664 28.7485 13.4902 2.64695 11.93 2.71081 35.2327 29.0717 11.1117 11.9859 45.7929 29.3916 27.3483 10.0353 15.4403 83.7748 115.578 58.024 12.5548 22.8397 69.9319 9.52949 63.1132 47.4854 139.909 51.3286 19.9584 22.7977 0.00522655 50.9214
-67.4558 1.18661 25.0071 9.62178 12.2382 6.26809 3.55965 40.6943 11.9527 10.956 9.72116 33.9543 39.4202 23.2401 10.0353 43.0007 50.0063 174.654 64.1116 5.60897 14.7564 80.0779 5.49929 9.98516 57.3563 166.91 70.9909 31.706 7.35415 0.00522655 51.3257
-67.7305 0.743647 21.5817 9.12607 19.842 3.3526 5.7 40.5677 3.31054 11.5277 14.6192 33.268 47.8802 62.5268 10.0353 35.9782 41.211 148.433 61.1598 8.89539 14.5331 63.1003 12.553 11.6694 62.9672 175.83 76.8936 26.7078 75.3841 0.00522655 51.2745
-68.2533 0.77109 22.4839 7.75987 19.842 3.3526 7.5995 33.6552 1.66704 6.61364 16.4891 40.9441 47.5558 73.1069 10.0353 35.9782 29.6671 148.433 60.9217 20.2736 11.593 63.1003 12.3266 3.14577 62.9672 22.548 51.275 40.2048 68.7781 0.00470716 59.2693
-68.2363 2.2183 17.1185 7.75987 5.41191 6.55945 4.59378 34.0631 4.06656 12.2422 16.1696 40.9441 53.2524 74.8335 10.0353 30.7841 29.6671 148.433 65.7264 20.2736 13.4781 63.1003 12.732 15.611 57.106 190.197 42.974 32.9011 68.7781 0.00609431 55.4117
-69.3597 1.8956 14.383 7.75987 30.1702 5.34694 4.58259 31.988 2.89185 16.1406 15.1393 43.8715 53.2524 52.3186 10.0353 35.4763 38.1498 148.433 63.6767 19.0648 10.7963 67.5688 2.46321 7.70606 57.106 208.395 42.974 36.7946 205.996 0.00608449 60.6489
-69.3597 1.04027 13.4476 7.75987 30.1702 1.3978 4.58259 13.5918 2.07804 10.2509 12.2497 61.9227 52.3255 54.768 10.0353 50.5826 37.7974 142.989 57.9834 19.0648 7.94885 64.8538 11.9169 11.6579 69.1391 180.284 31.2217 55.3155 47.0902 0.00608449 54.0503
-68.2257 1.53313 13.4476 7.75987 30.1702 0.299585 7.35348 8.20689 4.01797 10.2509 12.2497 61.9227 51.3679 50.5454 10.0353 46.4604 37.785 152.086 57.9834 2.5415 3.4468 67.0249 1.2645 33.2088 73.8078 148.767 101.345 23.999 41.8095 0.00430862 53.2591
-68.2625 1.53313 10.0545 6.27556 30.1702 0.309113 8.93809 30.1312 3.06057 3.69732 21.7146 61.9227 48.7803 46.1629 41.105 20.119 37.7038 105.587 84.2095 17.3652 3.4468 67.0249 4.94847 31.4307 82.6466 150.149 102.662 11.2321 44.9338 0.000222032 58.464
-67.6046 1.43855 12.7857 9.00205 27.7 2.16377 8.83797 43.6174 1.81058 3.69732 25.3502 36.8188 50.975 22.187 41.105 24.1666 38.3207 132.556 84.2095 4.81258 18.5268 41.7526 8.05224 32.4111 75.7597 150.286 99.2577 65.6141 28.1927 0.00216444 50.121
-67.0698 1.355 12.2901 0.0476829 31.2481 9.29985 7.9923 36.0403 1.89921 4.47771 57.7153 32.2212 26.3246 18.0482 51.2055 39.5056 38.8569 109.66 83.5043 56.1086 12.6048 17.4904 9.00885 43.6294 41.979 131.748 93.0548 31.6238 23.9472 0.00174163 53.6156
-65.2902 0.489881 12.9918 4.85528 36.356 9.16293 0.481029 36.0403 16.6728 7.20059 71.8243 29.5665 16.8444 20.2263 32.5014 60.4935 55.9626 52.4576 75.1736 47.5695 4.59893 8.68897 64.7614 22.0609 41.979 150.314 93.9849 52.9644 17.4028 0.0000793961 59.8678
-66.6019 0.680957 4.85578 15.6694 32.0396 3.21983 5.37173 55.7722 4.03767 11.7041 68.355 18.4738 21.4781 16.8203 22.408 84.2254 60.6158 30.0938 85.2607 47.5695 4.59893 9.96036 71.9933 27.9046 36.0912 170.267 88.1723 26.1517 13.8025 0.00715417 58.8438
-67.4856 0.792588 3.93823 15.125 32.0396 4.571 8.48004 55.7722 4.03767 5.03323 66.1145 14.153 13.6185 15.1655 22.408 115.998 43.4937 33.7011 80.2749 37.4228 16.1698 11.4364 56.8694 34.1984 47.2803 157.426 70.8683 21.8129 14.7088 0.00587269 51.0541
-67.9352 0.740907 1.52335 10.9261 32.0396 3.51664 9.84486 30.0801 2.66112 15.8704 71.3076 15.5783 13.6185 34.7128 26.5891 105.433 41.1276 33.7011 94.9816 16.213 16.1698 7.31872 52.0738 26.167 87.3917 147.141 73.0005 1.36594 25.376 0.00587269 51.9341
-67.4293 0.767705 1.4905 9.4932 35.7151 3.31908 11.2337 31.8473 2.66112 14.8306 71.3076 15.1987 15.0002 48.9269 26.5891 90.696 38.6154 56.0045 90.3891 32.3904 18.5292 10.7039 38.5543 18.5076 40.5081 189.016 27.9603 1.36594 25.3084 0.0303907 54.1301
-67.2968 0.709314 6.07745 5.52442 36.9924 7.88274 1.35927 46.8476 5.32938 16.4373 57.0562 17.5979 46.9143 46.163 26.5891 96.7788 43.9937 35.8966 68.0242 38.076 25.9286 7.37082 45.2072 22.8454 40.5081 229.173 30.247 15.3503 7.37202 0.0087346 62.5433
-67.7658 1.20433 6.37108 1.51098 10.2582 7.88274 6.23671 65.4353 4.56176 14.0024 35.515 17.5749 43.6125 57.4405 0.146826 92.2487 55.4804 38.5978 63.1232 64.3841 22.8363 10.3054 45.2072 22.7611 64.4979 169.167 74.2292 33.3275 5.14778 0.0019741 54.2121
-66.8058 0.797045 9.60779 6.24062 7.39422 19.1753 5.57853 44.7591 3.69785 13.9407 25.0586 16.2903 48.645 55.5563 28.3619 99.9134 55.4804 38.5978 45.3788 33.2971 16.5185 2.77792 59.5522 26.6179 57.672 221.564 49.4551 9.25475 9.31543 0.00805601 54.3852
-66.6527 0.966443 8.84056 1.60095 26.6811 20.78 5.04388 30.1519 21.4883 17.6151 23.5581 14.5425 53.9625 85.4042 9.12458 95.8062 61.1245 41.0583 42.3138 38.0278 61.3612 3.53258 1.47288 19.8755 51.6588 200.286 40.314 105.091 35.1005 0.00514311 52.9711
-67.0298 0.445024 15.3235 0.195664 30.8995 13.4369 4.71734 36.7205 21.4883 17.6151 21.4911 2.733 46.7551 85.4042 15.702 85.3517 61.1245 28.4554 42.3138 58.4137 58.0057 12.9206 6.83771 17.1467 58.9148 200.286 40.314 138.65 63.4817 0.0375566 59.8736
-66.4068 0.267287 15.3235 0.195664 28.7713 10.4404 3.73438 46.0348 21.4883 20.8182 26.7796 2.733 46.7551 85.4042 9.11084 85.9049 43.473 28.4554 51.5758 58.7272 58.0057 7.78104 19.2755 9.19842 48.5096 200.286 40.314 138.65 33.4254 0.0305765 57.518
-67.2162 0.453203 11.7248 0.195664 30.5532 17.7109 3.73438 36.9615 21.4883 23.9994 26.9838 10.6422 36.3633 49.0687 36.3195 83.3952 44.1392 28.4554 63.003 28.9193 78.5677 13.9146 22.256 12.0701 50.3103 114.227 151.588 53.2765 23.9587 0.030163 54.5934
-66.2123 0.191271 1.97766 0.195664 30.9122 19.6533 2.31057 43.6759 7.08946 25.9213 34.7998 10.6422 47.7341 30.3571 29.5597 88.1974 42.9295 28.4554 63.003 39.4515 98.2815 4.23239 22.256 10.7589 47.8713 114.227 151.588 49.5669 7.82687 0.0235745 60.254
-66.5478 0.45635 3.97877 1.55667 28.5795 20.0612 2.24489 28.3841 12.1688 25.9085 29.3221 6.85557 47.7341 30.3571 35.4277 90.1601 53.2083 11.9255 77.3179 54.4762 99.9748 7.16183 12.1106 10.7589 55.6377 86.951 212.431 81.0984 36.8545 0.0101964 59.7513
-67.5376 0.900081 4.11095 1.55667 20.3444 23.1477 13.5879 11.384 25.3976 25.7677 26.7908 2.49116 48.2592 30.3571 28.6464 94.9284 88.2776 41.322 82.4209 7.99139 60.4445 3.41238 10.6698 12.6382 64.0287 125.771 137.499 61.1175 31.776 0.0112815 51.5604
-67.8386 0.878155 1.73203 1.55667 18.3718 19.5842 10.4458 8.9893 24.2838 25.8676 45.3665 2.49116 67.1049 30.3571 28.6464 94.9284 82.0981 41.322 82.4209 13.4674 43.7395 10.718 9.41444 22.7501 63.9344 163.728 30.3391 117.686 41.0004 0.0222383 56.4213
-68.3056 0.739883 21.3677 3.42936 4.70399 31.1154 4.79681 8.9893 20.9901 26.1789 50.3902 2.72449 50.5568 24.9714 3.93749 106.376 82.0981 16.5842 116.995 10.5878 43.201 19.8377 10.3267 26.9932 62.8148 163.728 30.3391 127.086 6.72891 0.0279999 57.2674
-67.3747 0.718047 23.7162 5.19733 4.02817 31.1154 3.912 8.9893 20.9901 27.1138 36.6025 2.72449 50.5568 2.77905 10.5205 77.2343 88.371 16.5842 116.995 13.9746 57.1938 12.0673 16.5202 33.4321 91.9901 193.707 30.8563 31.5793 25.8969 0.00547842 55.4155
-68.1506 0.861095 18.3003 5.19733 3.80688 29.66 2.33628 7.72783 14.2456 25.4978 14.732 33.5981 72.3702 1.77857 7.55963 94.4088 88.371 16.9768 96.1081 25.599 54.0778 8.11007 18.4889 33.4321 82.6245 193.707 30.8563 31.5793 8.89921 0.041315 57.7167
-68.4436 0.856988 22.6378 7.29593 5.54694 29.66 5.92707 7.72783 9.42456 28.5058 24.2113 37.0165 39.8622 3.13361 7.55963 106.2 88.371 16.9768 96.6331 31.5961 54.0778 9.62992 23.7972 10.3216 91.1386 193.707 4.60397 48.8907 24.3361 0.0076433 58.7486
-66.1795 0.763133 20.9086 7.29593 5.62678 17.6919 11.2368 7.72783 5.50792 28.7324 12.5054 37.8069 66.8287 12.5875 7.55963 117.07 73.6049 16.9768 122.812 4.44545 54.0778 12.2775 25.759 19.1901 63.5734 183.027 15.6549 41.4096 23.4931 0.0069663 52.1928
-66.4489 0.80802 21.0195 13.6955 6.52398 6.92966 10.3082 6.30727 4.92549 28.7324 13.117 37.294 59.0947 10.2362 7.55963 117.07 73.6049 48.3548 122.812 13.2438 29.141 0.846042 20.353 38.0145 58.2029 180.475 13.6751 7.17847 8.52492 0.00572484 52.2865
-66.9085 0.823281 20.2258 9.88431 12.0374 12.5258 5.44219 4.80429 16.7948 28.1694 12.8776 33.8412 49.5934 11.4438 28.1512 88.8569 73.6049 48.3548 122.812 1.83926 31.7081 2.85177 12.8664 82.5148 31.3418 157.88 49.5524 8.66252 8.52492 0.00252691 51.4959
-66.2093 0.823034 19.617 15.3816 12.0374 12.2465 2.80615 6.60755 9.65345 32.7324 12.8776 31.3891 49.8319 22.7305 26.8579 108.59 34.2278 46.2296 122.812 2.3826 23.1323 28.1463 18.2783 82.5148 31.3418 137.887 46.7837 106.878 8.52492 0.00252691 53.1686
-67.2897 0.820104 22.0712 28.601 5.07917 1.59533 2.87512 38.6008 4.31807 32.7324 1.944 13.8222 50.8816 9.38009 26.8579 131.769 27.7784 46.2296 122.812 2.3826 19.386 33.4094 6.63041 82.5148 31.3418 130.935 153.72 54.6086 25.4097 0.00271907 53.0272
-67.3273 0.821705 14.794 23.8021 7.42091 2.68882 3.42097 6.27767 8.66769 42.0072 33.7262 37.5364 40.9149 9.39542 21.8838 131.769 39.988 46.2296 58.6685 2.68512 34.3599 26.7804 2.00853 103.114 69.7029 102.015 119.61 7.08444 25.1543 0.00368825 54.1517
-67.5126 0.573345 4.48158 17.758 6.92894 3.53782 4.41534 4.43015 35.4299 60.0083 36.3744 15.127 25.4459 31.2475 25.2595 131.769 51.8722 57.809 34.872 2.68512 35.5953 26.7804 13.0006 103.316 53.9164 104.597 117.145 6.93593 30.6051 0.000108363 56.4428
-67.2837 0.473682 4.17187 24.9665 4.89105 2.06842 2.30334 9.99568 32.6263 61.183 36.3744 9.90345 17.2605 10.7185 13.451 156.337 43.3846 85.6344 41.3405 2.68512 11.7984 7.19796 12.5854 116.162 52.5866 98.361 68.3997 2.09051 53.0752 0.00154095 55.3646
-65.8417 0.566476 3.13657 20.0781 2.73523 2.21537 7.48561 16.2149 37.0781 54.037 29.1935 11.526 22.9794 2.18786 9.75805 147.932 48.8375 89.8026 22.3894 5.95228 27.4778 20.3114 22.1666 69.1506 67.3186 132.031 119.157 5.16012 52.5175 0.00537422 55.9315
-66.178 0.508623 7.45265 15.2386 4.58586 1.48752 7.48561 21.1996 43.919 52.8573 30.4792 8.30978 33.6809 52.6155 64.2699 139.752 16.3867 26.2929 59.5885 10.6328 27.4778 17.4884 12.1541 34.913 57.5484 138.323 119.157 20.4871 60.1918 0.0122814 55.1172
-66.363 0.782744 2.62096 7.38737 1.58518 2.18241 9.59574 0.93405 28.3773 65.6812 16.191 47.2144 36.7672 46.2617 50.8025 165.27 16.8136 31.7556 32.3774 14.4016 36.563 24.2268 12.1541 37.4826 60.1762 118.036 112.153 21.8813 64.3694 0.00896155 54.6704
-66.7721 0.293705 10.7217 16.5264 1.6436 1.96894 10.8573 46.4663 19.5433 27.4168 15.7295 33.7189 18.6118 10.8757 31.2794 115.702 109.834 35.1503 20.0109 14.4104 5.3971 34.091 24.0458 30.4745 101.899 189.34 78.4502 22.3128 83.6925 0.00922664 55.4567
-67.1586 0.137865 15.9311 14.1421 1.87537 5.40042 23.0297 41.7678 34.2443 15.6368 22.214 39.1042 23.6889 10.7058 32.0008 115.608 116.627 39.4251 6.81876 13.1337 8.94908 26.8957 23.1178 33.3828 71.2062 166.958 78.8665 16.9024 3.50553 0.0174031 54.7673
-66.7993 0.556069 14.2577 14.1421 7.01924 5.88212 15.9583 40.0203 33.5486 15.3314 12.3783 34.1486 23.6823 11.6428 31.6861 117.222 116.627 39.4251 27.6119 28.0419 8.94908 30.7991 26.1516 3.9356 45.826 159.177 147.038 17.5775 10.9613 0.0658874 58.516
-67.7033 0.337314 11.917 11.6568 5.5404 5.18054 20.2019 36.1965 37.5781 16.752 14.6005 32.9104 31.4383 16.0602 28.2388 116.421 121.907 39.4251 28.5012 23.0459 20.0788 30.7991 24.9031 3.9356 15.1391 134.655 193.682 21.53 42.2608 0.0233753 62.2193
-66.9155 0.264554 15.1858 18.5779 6.02426 2.1484 22.8066 40.8446 28.2384 17.3534 18.1669 18.4767 33.0851 15.4491 29.0236 115.165 121.211 39.4251 28.5012 27.264 20.8202 28.2432 27.3661 0.798144 58.526 148.793 132.662 51.3566 35.9417 0.00783001 53.1385
-66.971 0.672195 12.644 25.7668 3.54738 2.36991 23.1239 40.8446 29.428 6.04664 18.8732 6.88695 36.8994 20.1284 15.8769 120.893 131.057 39.4251 23.5915 21.6884 6.46224 38.4771 30.6088 18.9464 85.6089 129.532 98.4007 6.27064 33.7663 0.00834647 51.9715
-67.1147 0.328883 24.4205 29.7899 2.05916 3.64536 2.2375 56.1493 27.0567 2.7297 25.9829 6.88695 20.762 31.6349 35.1119 150.478 125.547 30.3351 31.5677 20.1519 6.46224 3.59784 36.5377 13.6067 87.1997 66.7742 134.921 43.7291 33.8553 0.00584292 58.0267
-66.6966 0.085439 24.4205 30.8987 2.52511 1.73435 6.66185 60.4902 23.3904 1.74129 29.3139 6.88695 23.1628 25.9542 18.814 145.447 87.1526 33.9048 40.3494 16.0775 44.872 5.05008 22.7255 13.6067 114.043 77.3753 162.801 56.1617 29.0396 0.00146771 53.5246
-66.8322 1.11996 11.0196 23.1472 4.77146 1.74251 5.74475 63.9899 23.969 3.17181 33.5157 6.88695 25.2042 32.6428 12.3084 145.447 91.1861 49.6754 31.3463 17.328 31.1058 2.47414 19.5714 13.6067 130.615 45.6323 154.251 39.0819 14.7028 0.0000849142 55.5205
-66.9668 0.0879382 8.48816 29.1987 2.48203 4.0234 19.0287 63.9899 26.9359 12.7434 14.6311 6.88695 29.4952 64.6059 11.6493 135.884 86.1537 49.6754 16.4163 16.5897 26.1212 3.02571 10.0352 10.4555 107.967 39.5549 219.737 19.1031 24.0314 0.00430671 54.2991
-67.6142 0.29382 8.19075 31.6648 4.33355 4.0234 13.5481 62.5436 21.5066 3.71774 10.3057 7.76905 29.0125 81.5489 10.7639 127.456 67.7842 49.6754 25.1656 45.7291 10.6475 0.848105 22.1368 22.2188 107.967 39.5549 203.955 35.1458 11.0272 0.00430671 54.7859
-66.3007 0.372061 15.0856 23.1486 9.33757 1.247 14.2829 60.3637 23.446 12.6798 10.3219 7.76905 43.1135 67.2804 23.5406 91.0564 82.5849 38.9678 12.1746 42.8679 19.7787 9.3061 35.9773 28.7686 90.1565 69.6614 183.52 17.1949 8.85942 0.0162286 52.5154
-66.555 0.0720637 14.9987 23.1486 12.155 2.92373 11.8863 60.2453 20.333 11.7514 1.76444 7.76905 43.1135 90.2675 48.0016 75.2869 79.1266 32.7934 12.1746 42.8679 16.6935 9.53346 35.7009 21.9399 82.7789 67.3372 252.328 23.2006 21.5437 0.0312595 59.911
-68.036 0.773584 9.19721 17.4789 18.1674 1.77207 11.9829 60.2453 7.47569 11.8467 6.24185 5.43313 52.6488 72.8495 40.4222 54.4634 83.2735 31.7394 20.3402 31.5027 32.7756 19.5936 54.5325 21.9399 80.3166 68.3096 255.382 37.4621 95.3206 0.0256447 58.3126
-68.2553 0.911015 10.5151 16.0571 17.5466 5.59166 10.8365 53.5135 10.5503 17.6847 6.24185 5.43313 55.4392 105.203 39.7607 28.825 70.5799 31.7394 23.0156 34.3972 17.2121 23.3215 54.5325 25.7322 80.3166 70.6318 193.676 17.3831 27.517 0.0219827 54.6273
-68.8599 0.822979 10.5151 16.0571 12.9815 12.373 10.8365 53.5135 9.48992 24.4076 6.24185 1.26553 49.7129 105.203 53.1707 15.6482 74.549 31.7394 24.0883 39.6834 20.0887 19.5529 67.7224 25.7322 85.9245 64.1106 215.552 19.2614 22.2162 0.00567062 55.3795
-68.0908 1.56649 6.87492 22.5604 10.8627 11.6729 5.55217 14.0761 16.6225 52.1801 9.41129 2.72841 70.2139 105.203 57.3575 46.0481 74.0996 6.49172 56.9913 3.67201 24.6989 16.3076 54.895 10.2164 86.7867 94.0448 157.629 82.2105 47.45 0.0059571 52.7208
-68.2182 0.801676 7.85035 5.53252 14.0845 1.9729 3.29908 13.817 1.49521 62.3947 21.9767 20.9392 72.5077 142.912 58.2705 31.7475 69.4145 5.63742 26.1544 6.87405 41.5268 12.9701 47.2157 10.2164 91.0108 35.1189 117.038 146.292 25.3274 0.00430699 59.0866
-68.7127 1.89549 6.11754 5.53252 15.5814 1.9729 7.01642 20.3504 7.83077 62.3947 16.9344 7.42895 72.5077 136.888 58.2705 39.4801 62.5753 2.7592 29.5322 6.50957 45.119 17.5385 45.8202 10.2164 80.6792 90.093 165.716 141.011 25.3274 0.00526516 58.1881
-67.6127 1.1563 17.5842 5.53252 15.5814 2.63691 7.01642 14.0379 7.02118 44.6443 29.7162 7.05737 72.5077 136.888 58.2705 39.4801 58.4589 2.7592 43.903 6.50957 44.4213 13.8139 39.3259 10.2164 77.4307 90.4426 125.085 141.011 22.0318 0.00526516 54.8164
-69.3036 1.37942 15.1984 7.55759 25.2274 5.09347 10.7886 4.29789 22.1817 29.9601 29.6556 3.18117 79.9778 136.888 20.0559 45.5247 55.3502 50.105 13.7027 32.3219 29.057 8.32332 41.9187 15.6407 76.0098 81.9604 152.621 76.6237 9.03152 0.0131334 59.4661
-68.4386 1.14907 11.8487 8.32338 23.8933 5.09347 10.7886 4.29789 21.0056 27.0902 21.1604 4.10782 86.6907 145.29 22.7481 45.5247 67.4302 50.105 11.8389 6.15993 21.5335 2.83321 51.6689 41.3156 76.1819 94.0796 129.293 119.887 9.03152 0.00296411 53.5855
-67.4878 1.13068 11.0996 6.25453 34.8577 4.45186 8.67864 6.40691 14.3887 11.5046 12.2234 13.4057 98.1291 145.29 40.6453 21.9653 72.9506 49.9221 11.8389 4.36787 14.3815 2.83321 52.0955 50.6562 77.2113 94.0796 129.293 80.3552 79.6005 0.00102509 53.3223
-68.6439 1.44085 6.76682 3.61281 38.2409 12.2538 1.14292 6.26581 13.3551 16.497 5.51772 31.9751 89.3961 115.04 25.5332 84.1502 51.3592 49.9221 11.8389 5.23435 11.9255 13.0734 54.343 45.8097 75.2166 94.0796 129.293 16.4554 60.3092 0.00114459 51.7658
-68.767 0.920222 2.56353 0.943435 38.2409 16.673 0.955597 15.0466 13.3551 2.24293 6.80017 23.75 89.3961 115.04 17.3207 85.3425 45.8378 48.4956 11.8389 15.3941 11.7897 17.0936 61.5882 44.174 77.0949 94.0796 129.293 48.0265 60.3092 0.0182252 59.3697
-68.534 0.549393 6.13794 0.212103 40.5309 9.626 3.80681 12.591 36.6661 2.24293 1.73394 8.62307 89.3961 115.04 17.3207 112.984 39.9087 71.5892 11.5421 18.4354 10.897 4.07145 32.1159 26.5341 77.0949 94.0796 192.203 46.7698 26.3709 0.0117825 57.6054
-67.3179 0.133001 9.39101 5.80771 35.103 5.48243 5.76025 14.6953 18.9261 34.2202 11.1298 9.56733 75.7169 76.4466 3.00583 118.262 29.4558 22.0647 36.9526 25.4579 20.6813 13.7756 67.1303 25.2409 78.9013 107.027 148.996 30.5934 15.456 0.00608645 53.1742
-67.7101 0.131035 11.7909 5.93179 35.4821 8.38852 3.20319 12.5149 18.9261 19.9912 7.16267 24.7697 81.4968 36.7151 3.00583 166.244 29.8542 34.2129 29.9669 18.4158 12.9878 20.6097 43.5523 49.7598 76.5314 108.313 116.069 14.4809 13.1975 0.00320584 53.109
-67.9808 0.605681 2.51776 4.11414 23.1608 9.71046 3.94174 13.3857 26.8395 52.535 7.16267 20.9666 82.5508 24.3362 16.4755 160.068 13.3214 26.1823 21.291 35.1491 15.5383 23.3693 42.8981 61.7658 56.0729 109.334 115.465 48.6125 60.0155 0.00786481 59.6245
-67.5244 0.482705 7.51724 4.47022 15.0402 3.27175 3.39617 12.0634 3.03113 52.535 10.5113 25.9408 84.8662 8.73323 56.4047 178.418 15.1381 25.2047 15.9645 35.7014 6.43712 28.8631 50.0384 61.7658 44.2258 130.706 135.555 27.3522 21.2714 0.00786481 53.7578
-67.1234 0.387829 9.11678 8.86626 15.0345 3.57686 2.02419 4.89812 3.03113 52.535 5.73205 27.9508 84.8662 21.4961 56.4047 178.418 7.65435 25.4993 21.2972 28.066 9.67118 48.242 28.4886 74.0771 41.1795 129.287 27.4555 27.3522 2.68063 0.0406294 59.0998
-68.1446 0.857172 6.96849 5.00064 15.0345 7.95949 1.69996 5.39835 3.03113 52.535 5.73205 35.8088 80.5291 18.4328 59.5589 146.534 19.3161 25.4993 40.486 30.0215 1.70214 46.1091 34.5678 56.5302 41.1795 200.845 17.8888 21.508 94.3957 0.0464734 58.5615
-67.6152 0.437817 0.541128 5.00064 11.8902 9.19596 4.46057 3.99079 6.74135 52.535 9.2525 48.0111 73.5726 22.0073 74.5936 132.821 42.8742 25.4993 58.0053 20.6579 7.36656 46.1091 30.7266 17.7386 41.1795 195.444 10.7303 9.65929 59.2285 0.0370293 59.0642
-67.2159 0.119088 1.73232 7.14942 22.3245 7.39949 11.7927 14.2715 6.74135 28.8146 6.61306 48.0111 67.007 19.0305 77.3234 130.945 38.1621 29.9022 48.5328 14.895 9.03611 43.2518 29.513 17.5444 62.2638 195.444 62.4576 23.2062 60.4023 0.0654944 55.0801
-67.5182 0.311773 2.36546 13.0804 27.6855 7.39949 11.7927 9.87312 6.74135 29.7784 5.08584 48.0111 69.3596 21.7201 77.859 126.898 50.8388 11.2084 44.1766 14.895 6.7704 39.9051 12.2024 15.9511 73.9626 187.053 17.8506 22.4072 109.699 0.0372618 56.9163
-66.7911 0.369586 3.43707 10.4159 26.993 6.97189 11.7927 7.82554 11.9776 28.9737 5.08584 33.9065 73.3539 10.2494 71.4864 130.636 65.7472 15.7991 24.6888 25.754 8.65282 39.7852 12.0276 18.0555 83.4797 209.344 34.9781 28.7909 53.4513 0.0331585 54.7083
-68.3793 1.08664 7.71214 10.6198 23.4467 6.9146 11.4467 27.103 10.4678 14.0046 9.83302 34.075 65.3709 10.2494 75.5875 102.824 70.2812 23.4103 17.982 8.38436 13.1664 39.8003 16.6363 12.3208 102.089 213.775 12.8329 20.977 44.8331 0.0391775 58.2465
-68.3539 1.08132 5.20989 15.891 14.6654 2.7329 21.5223 26.396 11.083 18.6298 2.01621 43.2668 64.6346 2.77362 74.4041 87.8423 66.8611 39.3796 19.9921 8.38436 14.7436 39.5349 63.1896 11.6958 91.2954 205.104 20.0425 140.322 29.9757 0.0164185 57.0721
-68.2425 0.633247 8.75947 18.9729 26.2653 0.241907 2.39507 39.9906 14.3075 5.26596 2.01621 53.467 31.1372 9.5045 72.9716 24.9539 133.22 74.5539 18.9901 14.4422 13.9747 39.4733 49.7929 11.8095 81.3303 195.733 4.45899 118.797 22.1434 0.0639821 60.3081
-68.3022 0.459409 4.45572 18.9729 19.0823 12.3962 0.269609 31.7503 18.6466 5.26596 17.849 46.3168 26.4475 18.2701 72.8445 24.6967 120.229 74.5539 12.5072 13.5656 15.9395 40.5949 30.4974 11.7771 95.6655 207.243 7.41463 153.729 46.8484 0.0679168 60.3666
-68.0412 0.440171 2.62278 18.0137 26.8782 12.3962 6.83304 21.5909 18.6466 57.2577 18.0919 12.5525 27.5664 16.7646 83.0059 24.6967 106.679 74.5539 13.4978 5.80322 21.3754 40.5949 27.6728 10.9871 103.151 172.644 45.0692 184.091 71.1256 0.0262742 58.6707
-68.2379 0.942614 1.28604 15.9342 23.2991 16.1217 1.93478 16.1898 33.1582 52.4582 11.527 12.5525 25.485 9.27078 78.5012 24.6967 121.075 71.3263 52.2974 16.3149 19.7478 31.6556 32.6619 14.8392 82.3464 157.461 26.6821 45.4874 96.6942 0.00130403 50.5753
-68.5665 0.358406 6.87886 15.7416 23.2991 12.4618 2.36879 16.1898 31.708 53.2951 12.6106 12.5525 22.4052 9.27078 78.5012 24.6967 121.075 71.3263 52.2974 29.4435 20.5943 31.6556 7.59749 14.781 82.3464 154.076 110.548 5.79646 131.779 0.00283626 53.1759
-67.55 0.640235 6.55489 15.7416 23.2991 12.7421 1.78905 16.1898 27.5725 30.5607 18.2054 14.8118 19.0374 11.0419 91.4158 24.6967 119.106 77.1751 55.8281 36.9737 20.5943 39.2455 3.81402 15.0109 83.8883 142.96 64.3924 41.0836 143.53 0.0228763 56.0688
-67.5729 0.147978 5.67915 15.5458 23.9894 12.7421 2.45958 24.2134 29.8026 50.1682 18.2054 14.8118 27.5737 22.9681 91.4158 24.6967 89.5108 66.1873 45.2629 36.9737 6.0325 42.4287 2.13026 14.5209 85.8783 136.976 58.6299 23.9977 92.38 0.0177995 52.1527
-67.8853 0.692738 3.00041 16.9711 18.8265 17.4945 9.80576 21.7 31.1907 50.1682 18.2054 12.2977 22.4241 27.2087 79.6865 25.3809 89.9246 66.1873 45.2629 45.4171 6.0325 51.7732 2.13026 10.376 94.1489 127.744 50.4616 14.4136 31.3597 0.00413654 52.2691
-66.3921 0.779255 4.10693 11.247 18.0353 17.6822 8.86481 31.2713 36.4002 1.35594 26.3727 6.58631 39.8272 16.4245 52.9381 39.9415 82.7017 68.6284 73.5289 18.9541 39.9876 5.42564 37.7447 18.823 111.546 158.775 42.5442 14.4136 23.8002 0.00413654 51.9978
-66.706 0.827668 3.48213 6.61847 23.3594 18.439 7.32508 40.0129 32.5092 12.6361 36.9139 11.4838 29.4917 32.3601 55.1715 42.3485 82.7017 29.0483 76.7232 31.1954 40.2477 10.273 28.8214 8.61377 98.4472 139.016 66.42 72.6219 49.898 0.0453363 52.8052
-67.6572 1.25504 2.90418 1.27139 30.2031 20.0679 10.431 58.8154 18.0347 8.377 20.9798 6.98919 22.2536 49.8855 63.1368 50.1126 79.5882 27.1766 71.0496 14.0452 25.3021 38.1336 28.9128 14.5887 95.8411 173.943 47.5366 32.6463 45.1354 0.010058 50.9991
-67.8504 1.43104 3.55856 2.70166 30.2031 21.3857 6.98648 43.8247 9.53723 32.32 20.4461 7.31819 41.1819 36.6844 52.7648 45.8538 78.0537 27.1766 80.5181 24.6321 36.4334 33.941 16.3502 38.1649 47.7015 193.352 13.724 26.112 27.8281 0.0147521 51.4577
-67.8504 1.5209 3.70749 4.3522 30.2031 15.4968 6.98648 35.6436 9.53723 32.32 20.4461 5.04137 41.1819 45.9198 58.1951 56.7589 82.1314 47.796 80.5181 24.6321 15.7044 23.1984 15.9569 38.1649 69.7025 196.888 13.724 23.221 28.166 0.000979819 51.9444
-68.7263 1.15188 3.51658 3.93922 27.0484 13.5091 14.0379 28.41 34.866 31.737 17.8714 2.80882 24.9484 48.5905 89.644 36.9892 82.3244 37.4893 73.4722 13.7712 26.3671 17.8579 30.3358 5.5487 74.6695 175.442 22.3321 33.1892 23.6523 0.0251524 52.4489
-67.6231 1.92423 6.07935 3.93922 28.4825 10.5169 15.9367 14.8023 23.4392 26.8795 30.925 22.7056 14.6899 36.3599 89.6763 34.2001 106.816 16.5755 40.0222 4.58601 44.0752 14.6448 1.12723 109.815 63.9099 131.569 40.2524 60.603 101.259 0.0282341 58.0494
-67.6341 0.712071 10.2792 3.35047 6.72945 2.26384 9.0301 17.7507 34.0021 24.9394 47.5587 36.2588 5.90376 25.3674 83.6095 38.7234 101.48 60.91 60.2145 10.0609 2.08071 41.249 9.15867 101.522 6.41626 157.791 34.1127 49.2231 151.086 0.029294 58.5107
-67.6053 0.94225 9.69882 0.733747 4.669 9.4358 14.8971 31.8872 36.9896 26.5492 40.1557 36.2588 8.09548 4.29139 80.3985 44.8094 92.0066 60.91 60.2145 5.91366 2.08071 41.9951 6.70485 108.705 35.5672 167.923 69.7327 49.0742 28.7597 0.0359492 54.9719
-67.653 0.427386 2.78341 2.23259 4.669 4.38656 15.8782 10.6841 57.7838 32.2996 32.5811 36.2588 8.29437 7.02968 72.4087 50.3924 86.8338 42.9223 42.3017 13.9316 15.9561 30.4556 1.06999 147.081 39.1951 151.868 46.6274 17.5536 40.0174 0.0346029 55.6489
-67.6139 0.999052 3.84151 0.698792 7.99338 4.71146 15.2519 30.5018 47.0898 32.4605 32.5811 24.1389 6.99517 9.83089 130.895 41.1463 42.6323 43.828 49.8079 13.9038 6.05007 27.861 16.0885 152.507 27.5271 179.718 37.8126 39.0515 74.277 0.0343943 57.7962
-68.022 1.64673 4.21529 5.50933 7.99338 4.71146 15.2974 29.8885 42.6331 22.6255 51.0259 10.0903 6.96815 13.3923 153.846 35.4019 38.1517 30.0497 11.9904 21.1924 13.6338 13.5012 27.9683 206.556 21.2801 128.483 37.5843 29.2177 72.4691 0.0309142 61.1759
-66.5209 0.901027 2.81511 12.6367 11.0677 9.91402 9.63872 32.5369 28.6883 18.9282 51.2043 9.72492 21.3104 15.1545 158.471 38.1008 38.1517 21.582 10.0849 7.75313 13.6338 15.0288 22.7797 181.497 34.7787 137.969 88.0217 46.6736 28.08 0.0474428 60.5664
-66.0463 1.20521 2.79965 13.9127 26.6016 8.93218 9.29197 35.2158 28.6883 3.38169 46.1464 7.41156 37.1297 33.3651 134.31 54.6309 29.3287 35.3825 12.9391 6.89558 9.11094 0.761264 13.8799 181.497 18.0658 138.137 16.6437 46.1471 26.4491 0.0517508 62.1235
-68.9132 1.67745 2.94577 11.7771 28.7132 8.93218 7.43825 27.5593 7.6338 3.38169 42.4533 29.4623 45.2452 27.9954 82.756 97.3779 70.2067 51.1076 14.5902 6.19252 9.11094 0.761264 12.9513 163.917 18.0658 129.025 5.28472 63.5018 29.2558 0.0359181 60.1689
-70.6571 2.97971 3.12813 11.2113 30.6119 9.25183 9.96996 27.5593 7.6338 3.38169 42.4533 28.5745 45.2452 27.9954 72.1298 97.3779 18.4528 79.3054 10.7436 21.4215 16.1697 26.8854 6.04294 163.917 9.78781 138.955 41.196 87.4028 9.90444 0.0355907 65.3342
-70.6571 3.06262 2.91872 13.0051 22.584 9.25183 9.96996 2.23348 8.61691 29.7502 43.9277 36.0696 25.3083 32.59 55.6274 100.85 27.7974 79.3054 13.2687 15.3813 2.71413 24.4779 4.93503 163.917 61.0977 137.186 90.7668 16.9675 25.4004 0.0280867 64.7226
-68.9278 4.18584 6.43032 8.01596 26.9912 2.47921 14.5243 4.9054 17.3836 23.618 50.3331 34.8355 28.7081 45.2445 31.9306 98.2685 3.02856 107.312 8.99982 3.40351 25.7625 16.663 5.2941 163.917 11.2314 148.773 99.9627 36.0929 195.398 0.035341 65.7539
-68.8231 4.18584 5.67506 8.01596 37.8001 2.47921 4.22641 12.0417 10.3592 23.618 30.3317 34.6352 28.9106 45.2445 29.8265 98.281 28.6922 157.187 6.95881 18.0619 18.6276 5.39463 9.87086 106.411 6.78501 148.773 93.4522 66.532 259.788 0.0534442 66.7681
-68.2563 2.14609 15.1093 8.37259 30.3272 2.47921 5.19344 15.6261 15.5242 24.574 24.0681 30.8396 28.9106 40.2215 29.8265 98.7933 34.8982 157.187 2.40211 19.3383 18.858 12.5795 7.93022 99.417 6.78501 148.773 98.5406 69.8424 209.911 0.0534442 63.82
-68.2563 0.502822 15.1093 8.37259 30.3272 2.47921 5.19344 14.3567 15.5242 27.6484 24.0681 26.6611 28.9106 74.8319 29.8265 98.7933 34.8982 122.113 2.40211 27.5125 18.858 7.00214 8.4037 99.417 13.6205 148.773 94.9731 47.1208 164.369 0.0678941 57.4296
-68.1754 0.663297 14.9236 8.37259 27.6564 2.47921 4.20255 16.2968 16.7293 26.6762 30.8859 26.6611 22.6762 50.7165 31.5686 116.012 30.5628 122.113 11.7877 27.5125 22.1081 7.00214 0.563767 99.417 13.6205 148.773 28.26 86.3166 164.369 0.062604 61.1232
-68.371 1.12634 15.1637 17.1312 23.3934 3.78391 4.84247 15.1506 28.2469 26.6762 24.88 26.6611 21.4962 46.7509 34.4885 133.805 8.48239 127.208 4.23645 27.5125 18.7358 7.00214 5.17727 99.417 16.8359 160.216 25.6561 37.0432 158.75 0.0462882 59.259
-68.0132 1.13585 13.9149 11.9925 24.9922 3.78391 3.1747 11.5061 25.4096 16.5257 24.88 15.8371 50.041 46.5711 18.4211 114.592 21.6433 127.208 6.0092 27.5125 37.054 4.63136 10.2182 99.417 44.3064 134.994 105.175 21.0665 189.535 0.0462882 59.7294
-68.0132 0.778125 17.5059 11.9925 23.9439 3.78391 3.44511 11.5061 25.4096 16.5257 17.2463 33.9209 47.766 46.5711 45.7509 114.592 21.6433 108.403 8.72173 18.6177 18.7328 2.21679 10.2182 99.417 50.2078 137.555 93.5217 18.8231 189.535 0.0382019 57.3604
-68.5933 0.708472 26.5107 9.90486 13.487 10.9561 3.55007 13.8003 34.5793 16.6279 17.2463 27.7865 38.0929 49.9131 41.8101 120.05 16.6659 120.015 6.95568 18.1707 6.38369 2.24602 12.7878 99.417 50.2078 130.69 85.6451 10.2879 177.742 0.00821811 55.9679
-67.6351 0.700298 31.1815 5.42687 12.2602 3.94005 4.34809 31.7143 30.3006 28.9884 3.34533 20.2614 34.7035 44.1387 40.6886 87.9559 40.5371 136.086 7.03915 11.6255 14.0529 9.10083 14.7984 76.0765 60.1667 135.638 63.2092 33.0855 101.599 0.0117111 51.3645
-67.6351 0.808776 28.4175 5.57469 11.2432 4.42934 5.18536 38.3353 32.8942 20.7829 4.88813 23.9448 23.0548 46.0244 29.9141 67.128 40.5371 167.637 10.7932 14.338 3.30264 19.9831 1.89444 80.3726 56.1769 151.451 80.8405 55.1943 19.0406 0.0143316 54.3671
-68.1147 1.23892 17.6935 5.89261 11.0084 3.63436 16.2176 38.4845 32.8942 26.4339 4.88813 26.8065 40.9342 43.6377 22.038 31.4844 58.7749 164.198 15.6397 23.1382 4.48379 21.8636 9.11095 73.9359 63.5639 94.8708 132.609 59.9833 73.9778 0.0206557 55.6003
-68.8421 1.72308 17.6935 7.61153 9.12108 2.32407 9.69081 38.4845 32.8942 33.4537 4.88813 24.6072 38.0666 39.0867 19.319 31.4844 74.6565 165.209 16.8619 16.7214 2.45174 13.6343 7.35111 94.578 41.4848 120.325 128.336 36.5483 86.9083 0.0206557 57.021
-68.8642 1.67686 11.2683 2.80519 10.95 11.509 3.06613 41.004 33.0839 33.2301 9.30777 25.4108 38.7395 48.7561 24.6929 34.312 90.0401 129.436 16.1699 26.3524 3.44511 21.1682 23.0531 57.7986 33.2186 120.325 126.775 10.2941 56.6002 0.00906895 54.3062
-66.572 1.2278 8.35113 2.06892 3.18558 22.4445 3.06613 36.082 35.1339 13.6411 23.2714 26.3813 28.5349 34.4778 35.4442 34.312 103.432 129.436 27.8485 30.5801 4.43151 22.0672 12.6744 69.8575 33.2186 136.444 127.405 19.2734 81.3541 0.00185051 52.0528
-66.572 1.12949 5.5403 24.0901 5.78146 14.7954 8.86549 42.4647 35.1339 10.716 42.6336 27.558 28.5349 46.2818 32.9684 34.312 94.6046 54.7542 30.3922 27.9968 7.08054 22.0672 4.16045 140.606 33.2186 98.0323 113.228 19.2734 72.5826 0.00690118 56.8227
-65.3933 0.471066 0.51632 20.3947 5.08331 13.0633 23.0498 48.0335 41.6716 11.958 25.7459 16.2266 14.2895 49.3226 36.4076 34.312 91.791 32.5466 55.4451 35.9392 19.9097 16.3622 4.16045 142.492 36.1154 102.109 113.23 32.2345 13.2358 0.00637347 55.1042
-67.413 0.0720236 2.56115 16.7623 5.08331 10.5106 30.1923 48.0335 41.6716 11.958 25.7459 16.2266 11.736 49.196 41.8167 30.1267 94.1703 31.6667 52.9339 27.9376 20.4616 39.172 3.70326 121.4 35.0279 75.1813 141.103 35.5841 12.754 0.00637347 51.6876
-67.7634 0.789509 2.56115 16.1642 5.08331 12.9509 30.1923 48.0335 31.3426 11.958 19.9786 9.99156 12.2451 45.6595 35.9748 30.1267 94.1703 50.7909 60.8845 27.5158 19.6388 52.986 3.70326 121.4 16.675 75.6776 167.349 26.3691 65.5193 0.00637347 54.9434
-68.3878 1.00332 3.84883 16.8407 5.08331 8.48358 30.1923 36.9209 49.5127 12.8292 20.3134 18.6076 5.28647 44.0492 34.7144 30.1267 95.6358 61.032 58.4016 14.1805 17.2794 46.0165 3.70326 121.4 14.8899 97.1191 127.05 40.5753 34.9275 0.00637347 53.0851
-68.9665 1.38833 5.64545 27.2531 2.59562 10.148 22.3484 55.8758 31.7236 12.8292 19.2374 26.5899 0.973222 44.4015 56.316 30.1267 71.2942 51.7243 47.2753 9.71622 16.0793 68.0689 3.70326 115.649 14.5561 125.854 138.961 35.997 36.5565 0.00657182 57.1868
-64.9521 0.278087 3.04135 26.9544 1.94194 5.19269 23.6503 42.6404 46.155 12.8292 19.1713 26.5899 0.881469 45.3787 40.4513 30.1267 83.1184 51.7916 73.6773 35.1693 27.1643 34.0064 3.70326 83.1344 38.2321 131.574 117.377 39.2618 27.9048 0.00851992 56.92
-65.2873 0.611426 3.40768 27.5808 7.99369 8.20122 23.6503 34.6545 35.3106 12.8292 17.812 24.3822 24.2327 46.5757 49.4691 30.1267 83.929 35.7462 71.0768 27.1756 7.13988 55.1463 3.34502 68.0201 57.289 92.7269 149.781 35.7257 13.5366 0.0195553 60.5833
-68.1948 0.903447 2.31843 27.5808 0.598361 8.68441 23.6503 26.8949 51.35 8.88263 29.7973 11.5695 33.0121 55.6775 37.4744 30.1267 90.9343 30.7488 36.2552 24.3632 23.7899 66.9935 13.0788 68.4072 70.5265 114.807 78.789 77.2848 34.3445 0.0097034 56.7573
-67.4427 0.612137 2.81048 17.9999 7.15708 2.10075 32.4944 31.8439 38.5697 7.59499 32.4791 6.79669 36.4567 30.6256 41.4931 30.1267 116.803 30.5317 33.0706 32.1617 21.8441 78.7552 14.1867 64.6906 58.3372 106.887 156.178 13.3252 7.55065 0.00315171 55.8276
-66.2534 0.907658 8.39733 14.985 7.07043 3.12222 32.4944 44.8927 38.5697 7.59499 0.345312 31.4425 15.949 57.0987 31.8633 44.6639 138.298 27.4723 20.8885 68.3442 22.2127 29.6209 0.621972 44.1662 54.6824 137.282 156.178 9.58466 14.4474 0.00215222 55.8556
-67.7681 0.390159 7.63772 10.294 14.8571 5.60379 24.9702 41.8674 51.3316 12.6189 10.9105 3.07232 17.2413 57.498 42.3157 32.155 145.651 26.5921 64.8233 46.4778 6.82124 24.8167 12.7723 37.2173 50.8376 137.282 101.927 82.7514 62.7056 0.00671745 51.0858
-67.4235 0.0387956 1.06282 12.9026 14.7072 8.72347 25.8329 48.6096 51.3316 12.8305 20.6895 3.07232 23.6588 15.0052 37.2598 30.3223 137.04 29.1861 55.9841 46.4778 19.2043 17.8715 21.4978 75.6803 43.2084 92.2559 96.7162 23.7084 18.508 0.00299663 52.9685
-67.6849 0.156988 7.17526 17.0571 11.4511 3.52072 24.7609 21.3061 54.0806 2.66738 17.5672 10.4815 27.6133 32.1528 37.6379 43.3409 94.3231 32.3011 89.9014 47.3365 23.5929 19.0292 21.3732 60.1537 52.0825 108.113 149.895 11.2996 56.6135 0.0113654 55.067
-67.8061 0.321857 4.91171 18.5581 11.6122 0.669349 24.2192 20.8696 54.0806 9.0472 14.282 29.9836 37.0464 27.385 39.5468 43.3409 75.6132 33.3098 87.3887 22.7687 26.9717 10.0011 58.7626 55.1555 32.1366 152.525 83.1382 17.4171 39.7796 0.00808409 51.8725
-65.8959 0.0567141 4.91171 18.1975 9.23291 9.27691 24.1501 20.8696 79.5837 9.04699 10.1589 21.1543 42.2125 15.0397 39.1285 43.3409 74.7295 25.3246 87.3887 22.7687 26.9717 10.0011 33.1304 54.6235 83.9274 80.5701 150.206 14.5822 29.562 0.00942957 55.2927
-66.3862 1.1237 4.91171 10.7503 24.6145 2.03123 5.15393 9.36333 69.2699 0.893032 12.6753 21.1543 61.7403 91.9937 41.1955 44.6452 27.6287 24.0586 73.3751 25.2532 32.3908 14.9981 31.7551 52.4099 79.5062 69.9104 134.837 22.8144 131.66 0.00919948 60.5279
-68.5195 0.963122 0.572388 15.9339 41.4019 2.03123 8.93794 11.3616 65.023 0.893032 8.00622 21.1543 56.854 131.864 48.9022 1.86401 17.7508 60.3776 73.3751 25.4644 12.0253 14.9981 11.8885 52.4099 79.5062 15.1361 270.583 38.55 31.1015 0.0165142 61.7293
-67.1102 0.270967 8.20013 5.43928 41.4019 0.445871 10.2372 14.4311 65.023 22.5845 6.56365 10.3984 56.6716 132.078 7.44402 10.1149 20.6388 59.557 90.3284 35.6441 4.18852 14.9981 24.6566 51.9897 79.5062 15.1361 298.794 63.711 46.2887 0.0294346 62.532
-66.7968 0.270967 10.2595 3.01233 41.4019 3.73562 10.442 6.95712 65.023 21.5015 4.95674 13.6609 56.6716 132.078 17.9196 10.1149 20.0959 36.9464 75.1366 35.6441 6.83305 22.2915 29.2352 59.1583 84.3845 14.3084 298.794 42.8113 30.2768 0.044168 63.7351
-66.8458 0.182008 11.0497 1.59727 41.4019 5.62428 1.72782 6.95712 62.109 27.3693 3.69898 13.6609 47.029 122.095 13.1267 25.2115 71.8164 25.566 47.418 26.5786 9.81587 21.0284 32.8056 49.243 85.7496 19.7002 305.053 17.4855 34.7638 0.040741 59.0176
-66.8424 0.292771 17.4726 1.59727 41.4019 4.15796 3.0171 6.16187 62.109 24.4265 3.85499 10.2345 43.8456 107.644 25.1355 9.90957 116.379 26.7551 9.60733 25.7764 13.9906 22.3343 44.2508 69.8324 53.5502 19.7002 311.865 17.4855 73.5851 0.0238324 61.0223
-67.5982 0.690017 17.4726 1.61865 41.4019 3.18265 3.0171 11.1646 62.109 22.8798 3.41245 10.2345 47.2141 113.945 44.1937 9.90957 108.871 27.4423 4.20358 15.6567 19.0779 18.2441 37.3034 69.8324 64.0477 19.7002 286.152 8.6215 1.32226 0.0206909 60.0579
-66.8948 0.196507 3.76059 1.33371 16.1163 5.50862 5.79143 36.9366 62.109 11.9546 7.11526 4.89562 42.9673 117.488 35.6161 9.90957 161.996 31.4818 5.0842 35.5509 13.8528 17.8047 14.491 69.8324 63.1566 31.9857 286.152 11.5309 13.8097 0.000442426 56.5738
-66.763 0.0259512 7.90651 0.595427 42.8173 5.95171 9.28488 24.8574 49.6147 11.9546 8.09227 4.89562 48.0022 112.752 32.9654 9.90957 161.996 26.2159 5.0842 12.4576 13.434 17.1479 18.8161 68.9665 63.1566 31.9857 286.152 23.987 5.40045 0.000356935 55.0558
-67.1567 0.709412 4.25914 3.60513 42.8173 5.6386 15.0487 26.4123 45.7254 19.1252 6.99453 5.14605 44.511 112.752 32.6473 9.90957 161.996 22.9929 3.8637 15.5765 18.2593 19.2227 10.5364 78.4286 42.4706 31.9857 269.702 39.5133 57.6825 0.000356935 57.7168
-67.3055 0.847129 7.33149 3.60513 37.4325 5.403 9.6138 33.3669 44.6206 11.829 7.74354 17.1284 45.0179 101.512 8.49302 9.90957 178.987 37.4217 3.8637 12.4152 18.743 20.5351 2.88203 94.7253 60.2715 31.9857 256.089 19.7831 78.0169 0.00232454 53.9703
-66.6286 0.95223 3.77235 9.46186 37.4325 6.66314 5.97728 19.9889 45.4626 11.829 6.91281 22.8293 37.7697 80.0701 8.49302 9.90957 215.397 37.6279 3.8637 11.4733 61.53 14.5573 2.88203 44.4568 36.0906 79.7352 192.133 3.17481 66.7872 0.00423272 53.9777
-66.6379 0.0938371 0.622511 9.91236 37.4325 5.19662 9.4414 19.9889 44.3922 5.6051 10.2265 24.3592 42.0828 67.3093 14.744 9.90957 205.364 36.1192 17.5139 9.35636 49.026 18.607 23.3322 42.7129 39.5975 67.5058 227.949 8.26793 30.9895 0.00338844 54.4992
-66.5891 0.468763 6.16469 6.58729 37.4325 3.98055 5.62723 4.56028 30.1056 49.0362 6.5982 26.7398 23.8751 64.1558 34.2131 34.4356 125.522 42.0592 15.2722 10.4848 56.6622 18.9828 21.1158 62.103 55.8049 101.964 178.658 38.3525 29.4095 0.00432254 52.1042
-68.1197 0.416871 6.79133 7.72751 37.5994 5.91683 6.64135 16.2787 24.4971 49.0362 6.47058 28.9375 19.3931 73.1233 34.2131 34.3913 125.522 34.8873 15.2722 17.5423 76.7882 10.1506 24.784 37.4417 62.1082 52.5404 213.812 33.895 29.4095 0.00390215 52.3773
-67.9535 1.54034 6.71661 1.88809 37.5994 11.8001 0.885838 33.1375 27.2943 27.8778 6.47123 28.4529 19.8306 60.7722 19.2385 40.3391 109.329 58.8418 51.6782 7.38675 40.339 10.1506 30.4003 60.6209 73.3963 80.8125 203.8 143.423 6.7947 0.00746089 57.5517
-67.9535 0.774938 12.2295 4.82468 26.1405 13.4336 0.885838 33.1375 24.8814 28.5953 6.00026 24.4573 30.6071 71.7367 21.8604 42.3344 123.277 58.5755 17.2104 12.9301 36.3228 10.1506 16.6414 71.6088 73.6317 80.8125 152.622 171.167 12.6665 0.00611091 56.0198
-69.3225 0.963759 31.1803 4.78336 9.56791 11.3503 5.03166 46.655 18.3556 24.5393 6.70783 30.9446 34.954 57.911 24.8571 13.7334 148.222 56.0267 42.6189 1.07594 51.0328 10.1506 28.5574 20.381 57.2081 85.2132 166.382 121.77 16.5011 0.00510674 57.2937
-68.7044 1.15888 30.4605 5.49556 9.77515 13.8809 2.36374 46.655 17.233 25.5641 6.70783 29.3785 34.954 54.506 26.846 13.7334 153.118 56.0831 42.6189 1.8502 80.8273 10.1506 15.4926 20.381 48.6396 85.2132 179.085 8.0683 32.1807 0.00492485 55.7595
-67.2417 1.18262 30.4605 3.63453 6.53627 17.6623 0.695659 46.6346 6.49536 31.7896 19.3773 30.0594 14.2645 58.016 29.599 16.0336 153.118 29.1841 22.6876 11.0377 66.4441 35.6815 8.9291 40.7011 47.4881 85.2132 279.87 8.17215 40.4567 0.00899497 61.2352
-68.2032 2.11199 30.4605 3.91009 8.18548 18.2491 1.1291 38.6966 6.49536 37.8271 10.1782 28.6758 18.5247 33.6625 33.7503 8.22009 165.655 29.1841 21.3161 12.4145 85.3468 44.8883 14.2626 40.4556 56.313 52.5124 178.704 6.66275 127.517 0.00768349 63.2945
-67.916 1.58702 21.6087 9.53169 9.78934 18.5024 0.189844 5.89846 41.2899 40.5814 11.3451 31.5183 21.0074 43.244 24.6513 19.6721 27.7514 171.57 18.7855 42.0637 94.0253 1.7877 21.0369 9.23711 54.7745 52.5451 222.789 6.06476 175.402 0.00784032 63.6789
-68.019 0.559853 27.5934 7.8006 6.14547 24.8545 0.189844 5.89846 24.7136 37.2959 6.56771 24.7017 9.22344 46.9781 25.6135 31.9006 35.7336 171.57 16.7787 39.6809 94.0253 1.7877 16.3599 18.8981 90.0464 52.5451 208.358 30.0053 145.485 0.00634948 64.7127
-67.6067 0.00979878 17.7028 7.61126 4.21849 29.0665 1.8787 5.89846 39.4767 63.3942 3.91008 19.9686 7.42096 35.5336 22.6685 13.2478 34.2263 137.484 10.7636 28.7351 129.578 7.48842 21.1651 5.64242 116.249 84.0876 124.894 95.7822 125.624 0.0492809 67.2325
-68.0123 0.782612 17.7028 11.5446 7.0997 28.0282 2.37166 5.89846 43.4412 51.4632 6.94131 39.8788 6.5829 40.996 26.7819 18.7102 15.3062 190.115 10.8063 30.1982 74.9811 7.48842 19.5119 10.7286 99.543 115.756 90.5257 76.7511 171.453 0.0170882 58.9723
-65.6883 0.126917 14.2733 11.728 5.31828 32.7245 1.78329 5.89846 44.6482 46.722 31.7615 44.039 6.5829 40.996 26.0511 12.9757 9.6244 174.292 18.7426 24.996 55.3235 26.4829 10.2136 10.0853 94.4479 115.767 129.883 68.8743 98.3832 0.0106666 60.3402
-66.1838 0.0837381 6.46558 14.0772 5.79716 32.475 4.62714 5.89846 44.6482 39.3087 19.957 40.182 5.78432 45.779 26.5043 10.8784 15.8731 189.065 17.1071 24.996 58.0115 5.78037 46.316 6.06322 89.3489 115.767 183.674 81.9466 90.6443 0.0106666 59.8015
-66.3676 0.0921634 8.32705 14.2271 6.53004 2.47547 4.61675 3.52754 35.5841 44.0782 41.3047 27.0415 51.3501 160.551 21.3219 27.3376 49.2732 45.7198 22.3545 43.4631 21.4254 5.78037 42.8932 3.92273 81.1879 78.1053 183.674 88.8682 155.934 0.00137799 59.8299
-65.7471 0.500228 8.32705 8.82066 5.48108 2.47547 7.52121 104.215 11.2636 60.6068 36.6038 12.6819 4.95686 160.551 19.4773 27.3938 22.4367 43.4008 24.4815 30.9388 18.7019 28.657 29.5544 15.0074 77.5965 95.1796 160.792 28.4984 147.011 0.00137799 59.1665
-66.0961 0.29543 7.53051 9.08 4.14591 17.61 22.5298 80.1388 2.7583 36.3424 35.27 2.65898 4.95686 138.6 28.4182 56.0521 16.0317 29.0506 26.8514 12.5059 55.5207 34.2697 47.1105 20.4034 73.2733 67.0302 193.141 51.6395 20.9403 0.00652163 54.8787
-66.2505 0.118149 5.60104 6.33213 4.63551 23.9356 21.4647 80.1388 2.7583 32.3851 35.1167 1.30023 4.98677 145.94 27.2777 67.9166 16.0317 29.5945 25.0493 13.152 55.5207 20.2125 41.2552 29.4567 74.8317 67.0302 179.376 45.7203 19.4567 0.00251107 53.4328
-65.9953 0.118149 1.63784 5.59306 4.25053 10.5001 21.4647 69.178 21.3355 68.4358 27.5362 4.62657 7.13947 123.739 22.8076 67.9166 13.8136 29.5945 23.9712 12.7076 45.5732 20.2125 36.1811 44.901 83.8911 84.4459 156.169 47.583 17.4699 0.00251107 56.3479
-65.1273 0.118149 3.48425 30.3005 6.75207 9.77214 7.55221 32.8188 11.4688 50.1156 37.0032 10.569 8.22744 135.007 14.4975 92.4791 21.1972 52.4894 12.0141 2.66643 74.0141 8.27685 28.1016 44.2874 69.6473 84.4459 119.877 20.1192 11.1815 0.00260081 56.2913
-68.3043 0.356356 3.42544 34.1341 5.22217 11.3436 7.55221 27.1548 13.4026 51.2039 28.5988 10.6541 8.58221 185.074 7.77073 54.6913 21.1972 56.9318 12.0141 6.33951 62.9742 10.8822 31.0921 45.1437 81.7056 95.2731 113.884 17.5672 5.13171 0.0330214 55.9048
-66.3494 0.100435 0.219884 35.7242 5.11712 11.6047 8.1869 16.431 16.1283 76.7089 28.5988 11.4541 6.24526 194.204 15.8139 57.8756 21.1972 43.9629 8.88473 9.2391 34.6732 11.5634 6.30135 54.4117 81.806 96.0696 134.519 4.39608 133.086 0.0339294 57.5662
-66.2563 0.0922885 2.431 31.0488 6.02269 14.6358 8.1869 12.0479 24.3458 68.3476 28.5988 16.1498 35.2597 115.572 29.319 58.6841 21.1972 50.2645 17.2328 13.7216 58.8068 22.988 13.7689 56.0098 54.1233 142.466 35.4789 9.10477 104.588 0.0199501 56.5502
-66.8176 0.505041 2.21979 23.2263 12.2019 15.7204 11.1892 15.4815 11.6166 74.766 11.6035 10.1376 32.6933 115.572 32.1765 30.4523 21.1972 44.5973 41.9925 29.797 58.8068 44.4063 8.55719 66.8964 57.2463 125.554 48.0451 16.3398 25.124 0.00374306 54.2029
-67.1238 0.920831 3.19129 6.72014 17.0221 15.0671 13.0967 15.2821 26.2048 74.7905 11.6035 15.4282 10.1246 140.604 27.3899 79.0417 31.92 11.8419 60.9003 39.4259 45.7524 13.9081 11.9023 3.33023 57.8183 202.304 12.7402 13.6145 29.9556 0.00358355 51.6061
-68.9866 1.43805 4.54241 6.53121 35.093 19.5243 3.02676 7.16232 25.0205 74.7905 11.6035 14.481 16.9166 140.604 16.778 95.5404 31.92 11.8419 49.4533 39.4259 43.9134 11.8106 10.3608 12.1218 50.6424 206.364 8.10734 38.4603 99.4358 0.000169498 55.0295
-67.6078 1.17679 1.37249 1.43966 32.9871 22.6537 6.8873 7.16232 19.402 77.1289 15.1258 16.7022 16.9166 140.604 16.778 91.3953 31.92 15.6695 51.1932 39.0148 43.9134 11.8106 8.90763 15.9042 64.138 179.549 34.0654 15.8092 48.0934 0.000169498 50.3088
-67.4442 1.05507 1.37249 1.43966 34.1456 21.9827 6.8873 7.16232 21.2963 74.907 8.6844 32.4697 16.4363 140.604 16.778 91.3953 31.92 15.6695 39.3978 54.2822 15.6109 11.8106 14.8174 24.5161 64.0634 167.219 54.2182 25.6243 96.6558 0.0378885 57.2527
-67.4442 0.773104 1.31738 5.16811 34.1456 13.7471 8.33674 4.18519 24.5145 50.9876 7.19353 32.2293 24.1939 140.604 23.8813 106.796 31.7185 28.8397 27.8158 63.2644 16.9938 11.8106 13.6299 19.8557 64.1626 167.219 43.4388 49.3619 31.499 0.0439761 54.8536
-66.6224 0.588963 1.31738 3.9063 34.1456 13.7176 8.33674 4.18519 24.5145 53.4213 5.25021 32.2293 31.1283 140.604 16.3809 106.539 31.7185 28.8397 19.0906 68.4874 18.0115 11.8106 3.40762 33.0018 64.1194 136.183 43.4388 58.2497 30.2827 0.0678224 54.265
-66.5427 1.34082 2.2484 4.90206 34.1456 12.4542 8.33674 7.59185 24.5145 33.6532 5.25021 38.342 31.1283 140.604 14.2712 106.539 46.7661 15.3336 14.123 63.7424 11.5161 11.8106 3.40762 53.3527 74.5702 118.601 82.5157 52.3745 30.2827 0.00754371 55.9423
-66.5411 1.78805 2.49154 6.77701 26.0262 14.9013 8.33674 2.7477 33.2889 28.8803 6.45822 49.2538 28.1453 129.519 17.8366 83.5889 46.9189 13.5154 18.767 74.0944 7.8817 25.0045 10.983 72.2938 42.6267 128.834 39.0479 79.5983 21.4352 0.00754371 56.7147
-66.5089 0.638614 3.69798 0.823965 43.7631 4.97868 8.33674 23.7401 34.1448 28.8803 3.26393 45.5068 24.1295 107.577 11.9249 81.7112 51.2139 13.0498 18.777 53.2648 7.8817 25.0045 5.30913 125.226 49.96 156.357 25.6546 91.1823 102.466 0.00600013 58.5211
-66.1465 0.316001 3.91706 2.756 43.7631 1.87658 8.33674 25.3655 26.7239 14.995 19.8452 45.7607 23.2856 110.718 24.2385 76.5831 58.4439 13.0498 23.4969 38.9893 8.74625 12.9599 9.86854 116.237 47.2953 156.17 25.6546 152.554 101.201 0.0257581 57.2199
-66.9796 0.316001 3.8684 3.44021 41.1147 11.1982 8.33674 9.52346 18.4385 34.017 23.3996 37.8885 31.0404 111.35 40.2168 71.971 61.6823 17.6383 20.5124 33.7043 11.6746 1.10448 4.31853 116.237 47.8858 159.631 45.9386 152.554 113.158 0.00242519 57.861
-67.4748 0.507918 3.30938 14.5048 32.3267 8.14394 5.34691 9.28919 7.95846 35.8556 21.9162 37.2421 29.3842 111.35 48.1123 71.971 59.6941 5.47158 19.9549 27.7273 25.5689 10.4969 8.27979 116.237 49.3001 165.691 21.5857 132.482 116.751 0.0160821 55.2679
-66.3268 0.354706 2.39218 11.0809 40.9963 9.05541 5.34691 5.30448 8.67921 36.2469 34.484 40.2891 25.703 94.9964 67.121 45.351 57.8039 14.301 22.3328 29.6472 14.389 13.8493 19.833 91.0321 54.7125 192.294 67.6158 35.7949 43.9964 0.00147743 53.7382
-67.0521 0.521452 0.70675 6.63695 4.0542 7.83221 5.73442 5.30448 6.43278 70.7681 31.2058 44.6776 23.2093 110.875 85.064 36.1113 50.6745 15.4927 13.7255 29.5537 7.30931 15.8351 27.1436 106.318 45.4652 192.294 44.1469 33.2082 23.0258 0.0180027 54.0196
-67.2308 1.00446 8.04074 34.9058 8.5849 4.6524 1.73475 5.30448 2.77709 39.3262 32.739 44.628 23.9123 104.185 77.9319 18.5105 46.106 15.2282 33.0915 39.159 6.0476 13.4409 27.5452 140.569 37.0373 181.971 27.4126 9.6993 63.2483 0.01188 56.1378
-68.1657 0.873989 15.4765 37.1378 10.6311 1.70799 1.73475 2.46942 8.23438 40.1953 24.6868 64.1516 13.4722 70.7835 76.9377 73.3986 46.6502 17.6605 41.5238 41.1215 4.54148 10.288 10.7224 87.3723 49.9296 172.812 21.0051 22.6022 128.207 0.00650009 57.5897
-68.3284 0.837228 4.79943 30.9813 15.2326 1.70799 11.0014 19.6549 8.23438 40.1953 28.4791 64.1516 4.20704 81.0005 74.6207 73.3986 42.9731 15.0944 50.3742 44.4651 2.79712 6.55212 16.543 79.8444 47.1068 149.793 52.9816 11.2161 206.132 0.00265917 57.4306
-68.4424 1.3483 4.47239 33.3767 8.89286 2.74671 11.0014 19.9851 8.23438 45.0579 12.4233 43.4724 18.2089 110.453 73.3815 55.7935 15.3088 14.4397 47.8544 46.0792 14.607 37.4842 18.4793 35.3946 52.1039 201.975 55.9282 11.2161 133.52 0.00363905 54.3484
-68.8975 1.92061 0.92898 43.7025 5.74842 0.53374 15.5688 31.7602 24.5005 47.3257 14.1941 22.2486 3.6204 75.2296 75.6118 61.0073 60.5054 35.9794 36.8107 9.60771 26.1568 13.1534 27.8485 56.4543 50.5057 164.386 52.6458 12.2527 106.904 0.0123719 57.864
-67.92 0.868998 3.54053 43.7025 1.14528 1.49902 11.9944 57.7058 22.4109 35.2414 16.765 20.1156 7.88405 88.1905 57.6184 82.9058 35.3537 44.4962 12.8189 33.282 6.65091 10.3482 18.0468 86.8652 78.1682 164.542 23.1884 56.3852 125.989 0.0105599 58.9127
-68.212 0.457596 3.7835 43.7025 0.910487 2.66129 11.2231 36.1377 13.6626 43.0121 8.19631 25.3883 7.88405 42.6785 78.3239 88.492 51.7938 56.3105 34.4804 22.1545 4.01511 31.404 38.2477 51.5175 44.2384 164.687 23.0057 96.4045 99.6886 0.0264157 60.5196
-68.1504 0.65841 6.53623 42.967 2.54299 2.88695 11.2231 28.6928 17.4096 49.848 4.57135 40.314 13.9361 58.9615 77.9721 85.9428 24.1802 54.9829 0.660324 19.5118 4.14374 46.5467 29.5623 91.2299 33.6842 166.156 32.9115 78.0861 93.9826 0.0262241 57.8345
-68.153 0.65841 4.81253 42.967 2.86235 1.95935 16.9259 28.6928 7.92761 55.1805 4.57135 28.8729 7.4885 53.4777 64.4338 127.16 15.267 57.4972 6.31942 13.6323 5.29312 50.5321 18.9245 87.5816 33.6842 178.632 66.3735 98.1085 76.5792 0.0199609 59.3507
-67.9955 0.75035 2.74554 42.5572 2.86235 0.368757 13.4926 28.6928 4.6611 55.1805 11.2583 34.4894 19.4749 34.9083 64.4338 89.1527 5.66943 68.5206 46.0448 2.1976 13.2296 59.9215 18.9245 92.2285 28.2979 182.387 68.3007 115.725 75.626 0.0127037 59.4366
-66.8381 0.75035 1.92878 42.5572 4.2404 0.742685 13.4926 28.2057 4.6611 42.2729 11.2583 34.4894 21.0365 56.0564 64.4338 89.1527 32.7204 69.9664 49.0039 1.56513 5.00616 59.9215 16.1018 52.4339 42.5475 182.387 82.6058 97.9958 89.3104 0.00938001 53.3971
-66.5415 0.810941 1.92878 42.5572 7.35666 2.08382 13.4926 28.1536 4.6611 42.2729 6.08504 56.2633 20.8911 56.0564 41.4413 90.4557 32.7204 69.9664 49.4187 5.98901 5.00616 59.9215 4.4355 71.557 39.9053 182.387 47.7126 62.3488 12.532 0.00428831 53.7398
-68.1726 0.952159 3.73003 37.4859 3.28747 3.10769 10.2173 31.1935 10.3917 23.7625 29.2974 54.9612 20.3575 59.5826 38.4429 103.626 37.1686 44.1175 38.3778 9.69459 5.00616 59.9215 8.71721 92.7126 38.9723 155.617 41.7047 164.565 94.7373 0.00854964 62.8873
-68.6548 0.56875 4.76791 37.4859 3.40177 3.08882 10.2173 7.66684 3.49457 38.7984 16.3473 47.087 30.7636 29.1248 63.7025 82.7104 53.7235 65.0555 20.9394 4.96036 22.8114 33.2614 14.5067 128.558 36.3155 203.535 7.69903 139.876 13.4455 0.0132189 58.5313
-68.0704 0.415387 3.85875 23.1277 1.11435 8.38727 18.3418 20.1749 3.49457 35.914 16.3473 47.087 39.9634 30.8341 64.6196 93.8524 62.6585 69.4406 27.1849 7.76837 4.09108 21.1178 16.6396 73.704 25.7171 251.31 27.0444 56.0898 5.14021 0.0166433 59.0406
-68.4773 0.309711 5.24865 21.889 4.7044 13.7363 18.3418 7.73794 6.0916 54.6366 16.3473 29.2279 33.1978 44.49 64.6196 59.997 62.6585 112.128 24.1969 23.966 4.09108 22.5363 29.0925 15.5283 71.821 203.92 51.9159 33.7631 15.9203 0.00675419 55.2276
-67.6774 0.526929 7.36463 13.8246 6.46433 6.66174 24.733 9.49744 1.12968 41.9997 16.3473 33.4924 40.0214 44.49 70.5387 59.997 51.4615 112.128 16.5003 31.4888 5.66982 31.6783 41.1351 15.5283 84.4183 179.68 23.1408 35.4879 52.5238 0.015065 53.1912
-66.9828 0.283311 6.90839 12.018 3.46865 2.20347 21.8826 5.12707 10.3487 41.9997 23.3779 47.1106 37.804 34.7267 67.8698 28.6381 60.6233 107.756 10.061 51.2226 14.7325 42.1783 19.3559 13.2303 72.3685 183.156 29.414 27.5431 54.4091 0.0242829 55.657
-66.6502 0.240686 8.02745 22.2558 2.97942 3.37388 15.7181 3.17291 11.1399 35.0252 7.71856 71.2118 24.4788 18.0003 62.7781 11.952 56.5146 148.036 20.4101 76.2222 3.70384 17.2289 21.2812 22.0131 67.1566 185.856 29.2177 31.0634 54.1702 0.00920391 55.9499
-66.5616 1.52201 20.4795 25.5266 1.129 4.28249 15.1706 4.68436 5.39143 29.7939 23.5712 44.5722 24.4788 18.0003 32.6843 15.5705 68.5054 179.803 22.9785 61.0819 28.7668 11.9596 21.464 20.7929 71.1734 163.345 29.7358 5.97326 54.6274 0.011862 57.0831
-66.7452 0.384614 20.4795 35.0434 6.19828 5.70612 3.46081 1.64171 11.3222 32.1034 33.4359 57.0094 24.4788 23.7148 25.8136 18.5407 46.7079 140.977 39.5091 62.423 6.66985 19.4331 18.9175 45.0779 70.3856 167.526 15.0754 5.97326 78.0702 0.00551228 59.7279
-66.7008 0.413167 18.522 29.8748 7.42139 3.31321 3.57174 1.64171 9.66514 20.8264 32.8497 69.5055 29.1528 21.1047 25.7136 28.8167 52.9028 119.422 48.3919 75.11 6.66985 6.37289 13.1983 75.25 63.0642 167.526 15.0754 64.2707 13.1019 0.0121099 55.7175
-67.0202 0.956256 15.1875 29.8748 5.39432 4.60179 3.57174 30.7072 9.66514 20.02 21.7525 48.0636 18.0666 70.1495 24.5461 26.9784 43.4897 130.407 62.2749 43.9573 12.1064 11.6442 5.09959 75.25 26.6832 189.949 21.431 8.92988 35.9445 0.0129311 48.9606
-66.7951 0.661173 11.7308 33.9773 10.6312 4.60179 4.56088 29.4201 11.2915 18.9674 28.5887 51.6364 2.99779 28.26 23.5382 25.2369 38.4117 142.595 99.2643 42.4971 9.83079 11.6442 11.6286 78.8211 26.6832 190.854 21.3716 8.92988 36.1467 0.0108693 51.7725
-66.8157 0.726318 2.18841 33.3821 11.9094 10.6887 8.15904 23.4615 21.8405 18.9674 29.7544 51.6364 7.8735 28.26 25.647 17.8726 30.7331 107.304 86.2699 46.002 46.7561 4.81448 22.1698 75.1709 27.1802 207.026 8.87163 13.6449 34.5761 0.00719916 52.5602
-67.0289 0.913174 1.81933 33.3812 13.1887 8.45434 7.35085 9.92515 9.2144 29.1108 35.635 51.6364 7.22638 29.1228 24.8234 24.8221 33.6619 94.6232 86.293 8.26772 14.0252 17.4068 38.2914 102.927 74.599 184.716 48.8083 63.7989 18.1297 0.004575 55.1183
-67.4911 0.910169 0.838192 24.1831 17.9569 13.1426 7.13876 10.4767 16.2518 29.1108 32.7083 47.6959 9.22305 29.1228 29.6531 19.5123 33.5532 118.323 82.8414 10.152 16.9095 31.4857 46.6809 56.9669 74.599 157.052 62.6614 112.39 22.553 0.0143341 52.6355
-65.9764 0.658714 1.40296 30.3752 7.64506 13.4445 7.20774 24.0492 15.0073 22.7961 28.4945 47.891 7.17364 29.1228 29.3717 20.7394 33.3312 117.582 82.8414 11.7729 33.7837 31.4857 51.5154 59.5971 55.4279 112.034 102.11 57.3966 50.0964 0.0163443 54.1728
-66.5447 0.934995 0.601058 27.7154 11.4265 16.0706 7.90917 23.2284 16.9065 17.0449 14.1158 41.5359 6.29991 29.1228 31.6348 44.6755 32.5005 100.695 82.8414 12.3554 22.3488 58.6195 32.8465 82.9707 55.6297 95.2034 123.932 112.507 27.7403 0.0106299 58.7185
-67.4065 0.641576 4.77962 27.8922 1.72354 34.2257 5.65535 21.6982 22.9659 29.5401 10.7806 38.8823 6.29991 14.5835 35.949 30.927 22.5233 97.0969 82.8414 17.2224 34.3707 51.692 28.5013 82.9707 59.2118 106.448 133.94 65.1097 31.4511 0.0183553 60.9
-66.0153 0.179671 2.1656 13.712 10.5425 31.5045 8.34222 42.2421 0.693144 9.86023 19.368 39.7975 20.7027 14.5835 62.1734 48.1651 20.0097 80.2768 67.6931 16.6141 28.2316 33.5312 40.0012 82.9707 38.3615 128.88 144.861 113.311 4.43738 0.0204117 61.4391
-69.8939 0.669474 3.05817 13.712 10.5425 28.4358 6.89255 62.6907 4.91241 14.2549 19.368 39.8785 19.9265 14.5835 59.0255 76.909 26.8358 96.2771 46.2207 17.0206 28.0083 30.2963 18.653 89.7156 25.8207 135.493 101.409 19.9584 52.6359 0.0207574 60.1323
-67.9535 0.292683 7.75207 8.99953 10.5425 27.312 5.94348 63.9786 18.8377 11.8024 19.2321 34.745 19.9265 25.4341 56.4715 67.7652 30.4829 93.7005 36.8679 22.9202 33.1012 29.1881 16.188 70.5591 25.8207 139.414 114.918 127.911 29.6539 0.0145872 56.2229
-67.7427 0.233732 8.51151 5.83348 20.8588 16.1262 6.17605 63.9786 12.9387 15.6787 11.1051 34.2091 27.6464 22.5856 57.5547 67.7652 36.6381 93.1959 39.6577 23.6887 29.9207 43.4138 11.8282 57.3022 42.9316 140.507 88.7873 32.0703 53.7227 0.0145872 50.9078
-67.6898 1.06353 5.30569 7.91656 15.5613 22.3669 9.10909 53.1388 11.9382 19.0274 12.0606 16.7813 27.6464 24.2145 71.4542 33.6533 35.8766 101.731 73.3175 21.2962 26.8869 22.9312 29.7526 70.4436 40.3089 138.92 78.6885 22.435 54.9268 0.0198297 50.6417
-68.7845 0.909396 11.0442 4.7849 15.545 23.1865 4.79924 48.0983 9.98481 19.2673 41.6316 8.92167 20.511 24.2145 103.647 0.992906 15.1572 90.4137 73.3175 28.9014 32.9256 45.4877 20.082 61.2287 40.3089 124.658 98.6529 42.3105 32.4517 0.0313214 55.3892
-67.5025 0.539042 10.9606 7.89443 4.56383 20.2846 2.25828 49.7721 18.7163 32.9825 43.9566 6.3766 9.07312 1.85296 126.908 0.992906 5.25406 80.7458 73.3175 25.6173 50.7766 20.1674 12.1613 103.498 48.3595 151.516 93.5086 42.3105 52.037 0.0496109 62.5814
-69.8465 0.582231 13.2011 2.31224 4.56383 20.2846 21.7589 51.4042 18.7163 32.9825 33.161 6.3766 13.9766 1.85296 120.982 2.92438 12.9816 92.1761 40.2233 21.0582 43.4759 21.6585 12.1613 123.293 63.1798 162.177 11.5582 55.4519 37.241 0.0981595 66.7619
-69.2292 1.61933 15.4603 2.493 4.56127 25.3459 19.1469 42.4495 19.8638 28.6039 38.0535 8.23127 15.4521 8.28058 83.7721 46.5439 43.4189 71.6956 23.1716 15.9708 35.7357 33.9998 13.7827 91.6274 52.5444 171.542 26.4366 43.3437 43.6898 0.0429733 58.6623
-68.0598 1.13731 10.3559 3.77877 5.77614 19.3537 29.8073 40.356 16.4065 17.7101 37.3302 10.6501 6.01308 28.1506 99.4365 38.6868 66.3588 66.8264 18.1262 19.8493 50.2159 33.9998 21.9718 56.9137 48.3696 121.46 85.2728 38.0341 5.8789 0.026478 55.1989
-69.0434 1.0569 6.76309 12.1389 7.38974 12.579 23.3452 35.1743 55.7755 20.9233 45.7292 8.93468 6.01308 25.2399 63.9417 38.6868 77.3528 73.1905 10.5677 32.8707 21.594 36.8801 6.6677 73.7104 54.6529 147.94 85.2728 22.2322 31.7922 0.0194094 57.0642
-68.3743 1.37148 6.82157 14.8105 6.92326 2.32267 31.9403 20.941 32.0387 25.5493 27.0487 4.12672 31.6434 27.3541 84.5743 38.6868 77.1069 69.5211 36.9936 29.2855 17.1356 31.3744 6.6677 86.2361 47.2989 144.889 53.0746 13.218 26.0103 0.0194094 53.3302
-67.392 0.983931 4.06716 16.2768 10.8034 10.1439 21.5183 22.5272 24.2112 25.5973 12.895 21.1214 29.2963 26.3703 113.442 3.4165 98.0045 64.7884 23.8338 13.2878 20.8029 19.7776 15.6701 98.9553 38.6859 185.553 51.851 18.3595 40.5854 0.0381064 52.9313
-68.2346 0.83211 7.0842 23.3964 8.24142 4.28514 20.8704 15.4005 32.0235 19.3105 12.8951 21.399 7.94035 29.4402 88.8374 41.7476 102.204 61.8843 27.2314 25.8426 28.7254 24.8068 15.6701 103.365 15.3026 188.673 35.7362 28.4041 45.5582 0.0130116 55.061
-67.7044 1.02192 7.43409 24.1295 3.37355 8.99276 21.1473 24.4437 33.1236 31.6302 15.2812 15.8756 38.9619 28.0296 65.8696 40.5624 113.464 61.1459 25.5432 11.7839 35.5524 11.1245 15.6701 103.365 15.3026 188.673 3.51185 10.6313 45.5582 0.00765402 52.0867
-67.433 0.393757 3.47254 30.9476 3.37355 8.85258 16.5204 11.1821 25.7623 18.7575 25.6166 27.9589 45.4883 62.7788 2.33327 25.1691 119.421 68.2032 38.429 15.7724 35.5524 12.8381 13.6856 101.081 48.0553 168.695 23.3214 14.4406 8.52759 0.00611895 52.6792
-67.3034 0.393757 0.443899 24.5006 10.6829 4.68754 27.8442 11.1821 31.4108 19.3742 30.4817 30.339 49.4626 72.6695 2.33327 25.1691 119.421 42.5538 20.7671 15.3255 46.5288 13.2925 32.0055 85.8418 23.6031 169.903 53.3673 25.5556 119.041 0.0012166 57.2532
-67.3929 0.742846 0.787758 29.1257 3.47189 15.704 11.1286 11.1821 18.9971 36.9471 25.7588 5.63104 48.8191 67.2367 20.921 29.5938 132.801 42.2298 13.5044 34.636 40.6616 9.32497 36.0566 75.6012 45.8018 152.104 82.1753 97.819 22.2057 0.00125679 51.7245
-68.5587 0.472125 0.787758 29.1257 3.5443 18.8194 11.1286 11.1821 18.4585 34.2866 24.6308 19.3978 48.8191 67.2367 20.4816 61.4794 105.872 41.5663 13.5044 34.947 36.7663 4.44419 18.8681 106.851 42.359 128.965 88.0005 187.197 79.2553 0.000436239 59.6698
-67.0579 0.17108 8.28614 35.1686 1.12272 13.7794 9.03397 7.11547 13.1017 32.0453 23.6844 25.2637 41.5788 74.6512 60.2715 50.9677 43.6509 38.946 13.5044 57.0696 45.9014 10.3019 20.8518 77.9658 39.4133 133.247 76.6637 20.1197 13.0167 0.000119115 53.4249
-67.4998 0.265765 8.08777 31.3659 7.72603 10.755 15.2458 16.1709 11.853 1.70608 9.99853 27.6735 41.5788 91.0117 88.0048 38.8155 63.3544 38.946 14.9324 52.5907 45.9014 13.065 13.1395 61.6163 39.3365 103.969 146.694 32.6051 23.6808 0.00678621 58.62
-66.9356 0.519047 7.86096 31.3659 0.772752 10.4311 11.8418 30.5736 17.4853 1.70608 17.7004 27.3846 44.2726 68.9084 81.6896 41.1798 50.5167 57.2796 17.0201 47.7013 39.8438 15.2694 13.1395 71.2717 34.5424 109.869 172.635 11.5778 17.1068 0.00303303 52.3973
-67.158 0.56267 8.96363 24.1866 3.54765 15.4642 8.74489 36.0129 14.6717 15.2695 25.6115 19.9676 36.6226 53.0028 71.2045 41.1798 51.2206 70.7938 26.4532 47.7013 40.1172 5.81146 13.1395 93.7798 39.7944 99.1777 159.444 26.2963 15.863 0.0135623 50.9948
-68.1369 0.56267 16.8465 15.689 3.15875 17.3173 8.31104 41.1809 9.6978 24.0665 26.6361 17.4895 36.6226 34.9408 71.2045 47.3437 50.7636 70.7938 39.8207 53.9073 40.1463 5.81146 17.3656 67.3363 36.1471 113.652 120.453 57.4438 5.83435 0.0102461 53.9368
-68.8306 1.50515 24.6198 5.61998 5.91402 13.6736 13.9764 29.4568 21.2712 24.7403 49.7692 16.9382 17.1675 36.6215 87.9439 26.4304 50.3483 35.3279 61.5424 53.9073 53.5761 24.4656 24.0719 43.1351 28.7782 126.888 80.1446 62.5979 38.4992 0.00535435 57.1933
-69.5642 1.50515 24.6198 4.19831 4.11152 13.1053 15.57 9.61741 51.2274 9.453 53.3842 12.2491 22.8166 89.3644 55.868 22.5691 48.9855 68.6 5.86374 55.9772 49.515 20.2293 18.8759 39.7361 31.2162 135.337 106.161 115.922 101.383 0.0141152 59.4813
-67.3775 1.29916 24.6198 2.90241 4.17438 13.5859 15.57 7.4897 51.2274 9.52501 44.3404 26.6028 22.8166 89.3644 55.868 37.8703 48.9417 71.0581 5.86374 39.9146 49.515 20.2293 18.8759 35.622 42.4085 161.812 105.939 283.774 125.212 0.018103 65.4972
-67.3185 0.93834 25.871 9.49458 4.07043 14.1859 3.5281 7.4897 46.4159 16.0646 35.3941 18.3673 23.4943 83.8693 50.994 1.26983 46.7649 125.28 5.86374 58.4446 28.7487 29.7648 26.1366 19.7067 50.4718 139.547 77.0859 92.4179 48.7214 0.0137282 56.9477
-67.2827 1.71226 25.871 11.2425 4.16663 4.57301 10.3465 23.6398 39.907 10.2173 38.3116 10.6109 20.6144 87.1649 25.215 13.0512 46.1769 65.0475 78.0855 39.7111 12.3814 30.0163 70.8867 10.2376 46.8829 181.058 71.9124 45.0451 40.5985 0.0116948 56.9939
-69.1114 2.78773 20.9562 8.91316 5.10194 13.419 13.5752 13.6712 50.0898 8.95301 39.4015 12.2614 32.0058 73.8992 20.9364 46.5867 78.313 39.7386 85.9741 9.69688 10.2585 24.2453 30.6759 22.7804 98.8494 181.058 40.6187 30.6952 7.29328 0.00134435 53.2455
-67.9822 3.23709 12.6234 8.377 5.97885 15.8016 13.5752 5.27266 50.0898 8.32502 51.0353 14.2331 32.0058 114.431 13.0525 16.7455 107.475 47.9502 42.7842 5.89289 13.524 5.56033 53.9194 33.0069 69.4948 199.248 16.4625 76.0482 16.1399 0.0100064 55.2401
-66.5244 1.52009 4.88967 4.04757 12.8982 16.597 20.0783 5.82799 54.9398 1.25396 51.0353 22.625 19.1725 113.423 21.6649 13.6261 110.753 47.9502 42.7842 9.40915 19.6771 5.56033 53.9194 34.7268 69.4948 161.999 16.4625 58.8407 20.1191 0.00546859 54.1018
-69.2218 1.28384 1.49086 20.897 12.7368 15.503 11.5327 11.0983 47.6853 1.25396 57.4584 5.02908 12.6356 102.143 28.3177 41.0649 82.1315 58.877 45.9487 8.53087 10.8392 8.8131 54.5147 40.3191 75.8803 152.132 44.5303 38.6085 36.4769 0.00414532 56.1871
-68.7228 2.07546 1.79988 16.3893 16.2547 15.2582 14.4936 11.0983 54.7347 1.17168 57.4584 5.02908 14.4826 102.754 20.6599 25.0693 39.2716 99.6923 45.9487 9.01025 10.8392 9.74325 56.9025 39.6457 85.9322 194.468 20.0306 33.602 30.2312 0.00143493 54.6605
-68.684 0.735797 2.20349 24.0778 5.92737 15.6566 9.25432 0.357984 39.7025 18.6024 59.0385 22.7298 12.6494 52.7917 31.5934 26.1578 116.892 103.282 20.1555 8.06058 19.2405 6.0896 35.1261 40.2505 83.2564 194.468 4.20128 18.5649 2.52932 0.00143493 53.5572
-68.0976 0.732597 7.29382 29.9109 2.63474 15.378 6.17655 3.53222 49.721 18.6024 49.2829 10.2502 8.0447 50.996 31.5934 33.3651 116.892 103.619 23.2326 5.24613 2.41761 4.0935 57.1152 42.4463 76.6002 194.468 11.5446 27.792 10.5899 0.00399982 50.678
-67.1704 0.499776 10.8883 1.41048 3.86687 12.9872 4.22287 4.87755 61.0878 20.3378 44.0032 17.6896 19.6916 69.5918 9.89759 40.0237 135.434 94.6363 18.6983 3.28208 25.6313 5.90639 51.0861 36.2567 49.6998 194.468 11.5446 30.9625 52.9066 0.0081273 51.2456
-66.6745 0.574155 6.85666 4.16846 4.8008 8.34087 7.5981 3.82645 46.92 29.3027 44.4063 20.9459 23.3687 75.1984 7.56343 40.0237 135.434 93.3577 13.5766 3.28208 16.1992 27.7251 51.0861 38.1355 49.4638 156.814 28.9118 50.7982 42.6053 0.0081273 52.6453
-67.3044 0.628595 2.75488 19.2022 7.39934 3.59623 7.05295 3.82645 63.6603 36.3434 35.059 15.6848 27.7051 74.8802 16.0921 42.4225 135.813 58.3032 13.5766 3.28208 4.5737 30.2574 51.0861 36.542 53.983 168.566 28.9118 74.9952 52.6094 0.0081273 50.8086
-66.5539 0.747743 2.21204 19.2022 7.08005 2.21897 7.05295 3.82645 63.6603 36.3434 35.059 16.3705 27.7051 75.3363 16.0921 42.4225 135.813 58.3032 13.5766 5.12104 18.9766 30.2574 42.6215 34.3572 53.983 168.566 28.9118 74.9952 69.4298 0.0081273 51.1648
-66.9933 0.722877 2.21204 19.2022 6.39072 2.21897 7.3094 3.82645 63.6603 33.3674 35.059 16.3705 27.7051 72.4394 16.0921 48.0811 135.813 58.3032 13.5766 5.12104 18.9766 25.7891 42.6215 43.6568 53.983 168.566 28.9118 64.9535 73.8112 0.00705981 51.5457
-67.0325 1.13951 1.95413 19.2022 6.26708 2.74855 10.3444 3.82645 63.6603 33.3674 32.3248 2.58452 27.7051 72.7872 16.0921 60.0849 135.813 58.448 13.5766 5.12104 18.9766 25.7891 42.6215 43.6568 49.0407 168.566 24.4899 96.6405 86.8991 0.00497876 53.0191
-67.0769 0.741547 1.95413 19.2022 12.3391 2.72331 11.1836 3.82645 63.6603 25.1447 36.0414 4.11969 42.5471 57.1441 9.32398 53.5437 135.813 48.1636 9.3712 2.73284 18.9766 31.5971 59.6987 41.6364 68.2594 164.192 87.0245 22.1211 84.4395 0.00497876 56.5643
-67.1689 0.545598 6.66402 1.48897 14.8127 2.79565 6.07601 3.82645 93.1501 19.2091 35.3613 3.54781 22.2588 53.7522 19.6543 53.5437 114.356 42.6361 25.4441 8.89586 28.484 31.5338 33.7393 57.2605 76.8701 127.643 129.785 30.3567 77.6716 0.0112497 54.3092
-67.4311 0.6458 7.49925 1.48897 24.0212 0.527317 7.25469 9.69247 93.1501 11.843 39.2976 2.98587 22.2588 52.2797 24.494 61.3435 114.356 5.24996 7.95716 4.96639 26.6601 41.438 51.3816 61.7548 85.0872 41.3286 219.044 19.6246 25.056 0.0112497 58.3729
-66.6964 0.6458 7.46273 1.48897 24.4304 0.527317 6.79946 16.1453 93.1501 9.19476 31.8593 6.20128 22.2588 62.3164 24.494 58.2632 104.321 29.74 7.95716 8.11638 36.7297 47.8783 51.3816 76.8291 74.8574 17.3023 219.314 27.3527 4.89879 0.00850907 62.936
-67.222 0.554834 6.86916 1.48897 12.4761 2.09322 7.36403 27.5438 48.2105 7.63489 81.4087 8.64816 20.9741 61.7249 16.4606 40.1016 107.355 35.3353 36.3034 5.273 11.4085 49.3181 56.1434 70.0082 62.5108 7.46647 220.019 95.1996 10.7339 0.01061 59.3231
-68.1915 0.660523 4.34053 15.4587 8.80717 5.77399 7.44321 24.271 20.2747 27.0706 77.803 5.84896 13.5792 55.8475 27.398 66.0971 71.5991 56.2423 42.9991 32.5923 12.983 27.7991 32.3493 24.9539 92.5977 97.8818 167.873 64.5357 10.7823 0.0110934 53.2715
-67.7097 1.1801 19.3268 2.46874 22.2762 11.336 7.83367 28.3729 23.7098 37.507 63.7655 6.41905 21.4505 78.8837 27.398 19.6787 64.3494 32.4219 54.908 11.8024 19.2301 33.3406 41.6525 21.1647 87.5106 42.5358 298.729 84.3306 48.5966 0.010578 60.5434
-67.9698 1.02398 16.0407 2.46874 22.6228 13.6757 11.2257 28.5293 23.7098 20.1564 50.9627 5.64961 27.4931 81.1632 28.22 24.4065 93.5509 24.1619 55.7794 10.5937 23.0479 40.5296 85.4733 8.89734 69.9123 13.6128 298.729 115.561 36.9342 0.0107294 61.8124
-67.9878 1.30677 16.3366 7.79928 16.5068 13.6757 10.6611 27.3426 18.9223 19.5349 54.5798 15.9187 38.2239 83.3209 5.74846 18.5395 89.3113 50.1503 39.7011 16.7301 23.6211 50.9308 58.526 12.536 73.365 67.4805 175.798 149.11 31.4583 0.0128783 60.0933
-67.218 0.770652 17.5466 4.28643 8.06225 22.7405 4.91418 27.5364 18.8137 19.5349 56.4568 20.2998 49.639 66.5409 5.74846 19.422 98.572 66.1013 18.302 11.2399 42.7208 24.6282 60.585 23.3753 92.8844 56.4414 108.311 68.491 76.7924 0.0146916 58.914
-67.4271 1.25491 13.9996 2.24249 8.06225 19.1848 9.56749 26.3286 13.1951 38.9678 38.8243 19.5953 52.7886 59.8025 21.7952 12.6155 71.9397 82.8164 28.6813 13.6397 19.0887 21.9586 18.2114 68.1995 97.3632 67.7907 186.548 49.1079 53.1974 0.0139565 58.9114
-67.677 0.645026 24.6618 2.82511 16.2709 15.6666 1.67216 34.3949 12.0118 24.3702 13.9659 18.1282 38.1448 59.8025 75.0662 4.48064 115.677 31.7385 28.1511 6.33624 16.9045 21.9586 9.61424 150.511 91.9286 90.242 66.9095 28.4892 53.1974 0.0142929 56.6728
-66.6887 0.746522 16.6612 6.96686 16.6994 15.6666 6.78235 14.9373 12.7251 61.4541 17.578 18.2305 38.2197 85.5707 63.5869 5.87684 128.479 32.1842 17.8944 6.33624 11.4562 0.430847 6.07635 131.435 51.5617 156.335 66.9095 20.9386 117.575 0.00167542 54.3809
-66.6887 1.47702 14.9648 9.4536 15.2288 23.9808 2.55403 12.7788 5.72306 61.4541 18.559 17.3452 38.2197 97.8301 64.5092 3.71704 128.479 32.1842 17.8944 6.33624 15.8275 0.430847 2.15244 117.273 51.5617 106.074 66.9095 28.6094 82.786 0.00554473 57.9862
-66.523 0.961419 12.5807 8.22737 15.509 20.3355 2.55403 10.3861 11.1547 64.2251 22.6332 17.3469 38.2197 97.8301 64.5092 4.43715 128.479 25.1292 16.7203 4.68415 15.6963 10.187 2.65016 114.384 54.5526 113.033 66.9095 7.55811 80.5422 0.00875475 54.874
-66.7298 0.943364 12.1803 7.93064 16.655 16.3637 3.25091 10.3861 15.3219 38.7532 22.6332 17.046 46.0853 93.9511 40.6915 3.89146 128.479 62.6786 21.8741 0.378174 19.3708 5.3463 1.22073 135.053 55.5656 111.318 76.0853 17.9723 78.2335 0.00381072 55.1513
-67.5462 0.337402 12.8081 7.46344 10.4839 20.0435 8.36333 5.07312 17.764 39.97 30.2003 7.21578 49.6081 82.8308 35.999 30.1812 128.479 52.104 23.2777 17.8048 17.3387 28.9331 0.973529 82.9299 56.0874 110.721 39.0179 31.1859 77.0802 0.00981293 53.2934
-67.5782 0.405943 19.4187 1.79632 16.1853 10.1834 9.66337 10.5347 15.4271 28.4027 26.212 32.4183 41.3368 59.1038 4.11843 33.8352 128.479 79.3668 48.574 15.7691 16.4497 9.60864 1.67434 96.3524 59.7643 113.144 49.5903 47.7499 5.21358 0.00381768 52.1549
-67.3201 0.399748 20.8911 2.37936 21.0283 1.99527 13.507 11.5204 7.08716 21.0806 27.147 47.5335 29.1217 64.9523 10.538 35.8832 128.479 76.4135 48.574 7.00705 16.4497 8.1637 10.8529 103.281 66.4899 131.589 49.5903 48.847 25.7118 0.00159573 51.3103
-66.8004 0.217024 20.7113 6.35202 14.9491 2.34681 14.7966 11.1956 28.6098 14.0435 29.7753 45.2952 20.4654 75.7535 20.7884 36.1953 115.565 76.8636 28.0087 7.00705 11.8433 12.3661 14.7341 98.6736 36.526 140.937 111.309 5.4767 24.3884 0.00226539 48.6906
-66.7721 0.217024 20.0575 14.311 14.2482 2.34681 13.7263 15.2575 24.7784 14.7062 26.7604 57.7355 20.4654 67.7456 20.7884 35.0295 115.565 67.2148 30.8564 10.9479 10.2547 16.9412 18.2254 96.6271 52.0516 133.417 41.915 5.4767 26.45 0.0044651 50.7459
-66.5455 0.217024 23.6563 13.777 4.74884 8.03778 13.0677 18.7067 16.0903 14.7062 19.1168 59.6603 13.4047 50.1518 38.3421 38.7452 121.765 73.2826 37.5905 2.2688 9.76738 12.5058 24.7853 122.219 22.887 152.053 45.2444 17.4609 34.1312 0.000296345 47.7782
-68.1034 0.534427 18.3238 16.3733 3.12945 7.20074 14.8617 15.5226 25.3945 13.7297 15.8336 55.215 22.5884 65.9039 38.3421 43.6538 59.2893 44.0356 26.6309 15.6112 8.90738 15.0793 23.3939 172.201 70.0999 124.731 96.4052 1.51036 63.1187 0.00667857 58.6774
-68.3062 1.35109 18.2142 12.5446 0.0727322 12.7273 20.9661 15.4655 24.1283 17.2183 15.8336 60.4709 24.0286 72.4647 38.6271 39.3316 59.2893 63.253 26.6309 50.4603 10.0656 12.2723 24.6558 104.283 35.4028 122.242 102.797 1.51036 36.6776 0.000269277 52.2473
-66.6793 0.756772 10.8023 13.8217 5.65136 6.41624 26.4035 17.0565 19.1815 22.0732 11.1871 60.6065 28.4589 68.3629 46.0889 40.4319 60.3923 74.5806 26.6309 38.9742 10.4686 15.9581 13.4132 114.137 17.5233 171.561 20.5897 6.76832 13.5173 0.000269277 48.3714
-66.1932 0.223008 8.7818 14.3421 5.65136 7.15859 31.4215 8.77708 13.8125 15.8902 3.55219 67.0618 34.368 38.8059 41.4445 41.8176 51.1322 85.3902 27.8756 57.455 17.3286 10.5593 26.6489 118.955 17.5233 145.666 88.639 2.01387 6.4569 0.000428785 53.9658
-67.1621 0.0672657 8.72723 17.8693 6.44108 5.75688 23.7115 10.157 12.5625 15.8902 20.3961 67.0618 34.4501 31.365 41.4445 27.0692 57.5508 89.0479 47.0193 57.455 19.5312 8.95977 7.99173 142.14 17.5233 123.545 89.6564 13.6505 6.4569 0.00129958 52.6838
-67.0416 0.177662 8.79096 22.1881 2.9083 8.58728 23.7115 14.0398 10.2085 15.8902 15.4874 67.0618 21.6885 36.9896 41.4445 27.0692 46.8979 88.5473 69.5829 32.2106 19.5312 14.3691 7.99173 122.717 10.6485 159.469 89.6564 6.54444 19.2726 0.00392729 51.5937
-67.931 0.244926 2.3703 20.0097 4.3929 7.4484 25.677 16.7389 8.03739 15.8902 18.9436 67.0618 21.6885 10.3747 55.7397 40.1724 46.8979 87.5131 69.5829 41.2863 26.6269 12.3297 7.99173 122.717 8.44429 156.818 41.9679 25.4731 18.9279 0.000778187 53.0424
-68.7274 0.495315 30.0798 10.6986 6.91886 17.4586 1.15997 18.4546 9.17495 15.8902 16.924 46.0602 33.9133 24.6578 35.6092 46.7987 26.9123 87.9777 94.4321 42.9625 7.43499 28.6861 4.72417 78.9232 33.9088 216.297 54.2964 37.212 18.8542 0.00119433 55.324
-68.3316 0.51532 28.6282 10.1456 6.03635 8.97413 9.30053 20.7376 8.68669 16.4756 16.924 61.7652 21.1844 24.0594 12.4388 68.4128 57.2406 100.045 96.3084 38.4971 11.1423 28.6861 17.6852 28.0929 31.9296 185.345 70.6367 41.1822 18.5686 0.00616215 49.6619
-67.9851 0.574248 28.2514 8.98633 12.4611 5.72755 9.84882 23.5408 4.87286 16.4756 7.46957 62.22 21.1844 34.6339 12.2868 67.5605 57.7689 99.5511 92.6363 33.8645 11.5913 36.6505 8.38879 27.1381 56.4102 185.345 67.4315 38.1613 17.7782 0.00220633 49.8409
-68.3515 0.875738 16.9935 10.4737 10.9485 10.5147 10.0537 19.4099 9.01698 17.1684 7.46957 76.0686 21.9964 25.5894 12.3807 67.5605 34.5228 98.7401 96.2857 35.111 11.8125 48.2907 15.2033 41.1877 51.3009 174.824 67.4315 30.7967 12.3726 0.00110767 50.8162
-66.5751 1.08811 17.2688 2.43118 12.3943 23.1169 6.59947 8.47269 16.2419 17.1684 16.1784 77.7894 8.95411 37.8766 24.2739 67.5605 34.5228 98.3714 64.7819 37.4918 9.62874 34.3107 17.7526 41.1877 79.124 144.686 60.1078 11.2124 12.3726 0.00179075 50.9863
-66.954 0.532551 10.7423 9.72381 9.19149 26.063 2.41468 8.47269 21.9222 17.1684 13.4098 95.3991 8.43318 43.5954 6.87467 64.0908 40.5921 83.2318 64.7819 42.9206 7.41271 34.3499 17.5009 17.4931 102.715 143.297 99.7656 17.8021 19.0131 0.00254737 50.9902
-66.3995 0.534228 6.44855 11.3541 12.8048 26.063 3.91086 11.6315 20.3842 14.4591 17.2539 68.4778 8.43318 54.118 86.2467 100.225 25.3313 65.6753 26.151 34.8359 11.2229 32.5535 23.0479 24.0423 70.3464 151.776 41.4026 2.12216 19.0131 0.00393853 48.1221
-66.9632 0.421832 2.45712 10.2891 15.2736 26.063 3.96864 14.5197 17.6568 14.9396 19.1901 68.4778 8.43318 54.118 86.1413 100.225 25.3313 65.6753 26.7424 34.9809 9.79672 32.8696 8.78796 37.5112 80.7538 112.881 103.909 132.069 95.3417 0.00393853 52.6646
-67.3175 0.407768 8.03083 12.1185 15.9451 27.4459 4.88519 22.84 22.6344 38.2808 17.1024 44.8732 8.43318 80.4622 60.793 90.8283 40.1495 35.4441 31.7341 39.3022 25.5752 33.548 5.56521 34.4897 61.4731 140.305 103.877 84.3628 105.091 0.00444723 53.1179
-66.8986 0.344839 8.09587 11.3592 14.4336 20.6661 4.88519 13.8044 20.4701 38.2808 11.9981 48.0906 8.43318 80.4622 88.0791 89.2135 40.1495 27.0811 35.9785 44.8971 22.965 34.764 0.853671 22.3455 51.5027 140.305 96.8906 61.3461 64.5549 0.00154804 48.9388
-66.8986 0.406405 8.27217 12.8953 14.6429 20.6661 7.44992 10.3198 24.0923 38.2808 17.5486 45.1134 8.43318 80.4622 88.0791 85.8232 40.1495 27.0811 35.9785 48.6636 22.965 35.249 0.853671 4.62088 51.4608 140.305 96.8906 56.4479 69.4921 0.00154804 50.0029
-66.9724 0.41068 8.29186 10.4837 15.074 25.548 7.44992 10.3198 25.0465 46.268 22.495 45.1134 8.43318 80.4622 88.0791 86.3436 39.5298 5.99594 35.9785 48.6636 22.965 39.7748 0.853671 4.62088 61.9571 141.775 96.8906 51.3082 61.2882 0.0078768 53.0153
-66.8533 0.266354 6.23179 8.5008 8.04155 23.6448 16.1178 7.90832 32.886 42.484 21.306 27.5487 4.9177 59.2977 57.056 98.9646 63.6462 10.5131 38.7462 87.1582 19.746 11.9411 21.0507 16.2641 50.6912 136.81 64.7316 1.4912 29.9325 0.0274977 55.0827
-67.4284 0.0853653 6.23179 9.10008 2.502 40.4333 11.9887 7.90832 29.8198 37.4838 29.9575 23.5441 4.9177 57.3619 15.7964 98.0091 81.186 10.5131 59.7818 73.1109 19.746 12.3992 16.3932 19.5011 108.065 131.993 39.4409 71.6922 19.1298 0.0333143 58.0187
-68.0238 0.393107 4.71462 6.36685 3.45997 40.2865 8.83389 10.3236 22.1032 55.273 17.7188 16.3822 15.9136 80.7373 4.99193 65.966 111.469 10.5131 47.3312 75.8923 21.521 15.2825 6.92645 6.61536 94.9964 139.901 76.8337 101.211 14.3448 0.0241347 55.1334
-67.639 0.258052 3.29644 9.65005 3.45997 39.5088 1.88378 9.39224 28.5168 46.8917 24.4867 14.4926 16.0653 80.7373 17.9469 65.966 112.895 13.2651 36.3777 75.8923 15.8203 32.8581 10.3777 7.98457 82.7336 158.31 82.5485 17.0137 4.90283 0.0331153 55.1291
-67.9312 0.666326 11.9614 7.92702 3.17084 42.715 8.26687 4.90777 19.2265 47.0713 28.7175 25.2456 8.65474 68.2978 17.9469 84.7163 112.895 35.3687 35.6344 61.3483 16.721 6.59853 9.6728 3.26891 84.4931 112.25 82.8173 13.7159 169.536 0.00425564 58.901
-68.0585 0.557398 3.49526 3.84267 10.9268 34.4384 4.84085 11.7064 35.3792 28.1252 38.5287 18.7224 17.314 62.1242 17.9469 99.1398 126.018 11.3466 45.4687 45.2923 15.2215 10.5589 8.43796 25.9404 86.668 125.53 73.2138 96.8152 54.3831 0.0134668 53.0175
-68.0495 1.33567 1.99396 11.0659 17.3069 24.6107 10.726 14.5992 14.9908 38.8501 40.8028 17.3156 7.53311 51.6461 41.5363 109.508 109.762 13.5809 47.0895 2.93166 25.7896 12.9663 32.1757 37.6228 70.793 126.603 73.3628 61.8448 69.4095 0.0574115 56.8483
-68.0387 1.30202 6.34371 18.6488 7.54178 28.5228 0.747297 14.2729 6.51235 39.0659 46.959 30.2386 5.83978 74.3318 35.7749 102.4 100.309 2.4205 48.3595 30.8284 27.1135 6.73865 38.5666 7.00854 74.1495 83.6026 160.853 33.2999 83.0741 0.0262449 54.7667
-68.0459 1.27295 13.1899 5.45247 14.4054 24.4285 2.79074 14.1329 6.51235 43.9512 41.4502 36.2296 9.76782 42.2856 86.6239 71.818 73.7203 4.98017 70.8826 14.2839 56.4555 4.34743 13.4069 8.00384 107.378 61.8077 161.688 17.3001 45.2026 0.00257402 52.5512
-68.0785 1.29613 11.0289 8.69844 16.0549 24.0357 1.44241 5.26529 12.0826 36.1436 33.2943 42.7078 10.5769 41.5266 86.6239 71.818 71.1348 16.3301 78.506 23.2788 19.4114 25.2791 28.7449 8.00384 107.378 51.1707 184.733 72.726 28.4732 0.000861897 51.6544
-68.0301 1.29676 15.2425 5.51119 14.7329 24.0357 1.63909 7.26908 12.0826 35.4105 33.2943 27.2678 30.1456 6.26109 74.648 89.8954 71.1348 31.9915 85.9008 23.9846 5.20677 52.7039 4.76907 1.23971 110.256 53.5415 205.401 57.7008 7.17642 0.0148347 52.6766
-68.0845 1.29515 26.3664 4.30016 12.3813 16.0731 2.15554 13.6536 19.9227 34.7619 20.5926 40.7639 24.275 58.48 77.1321 65.0464 41.19 25.378 88.9943 33.0162 12.6731 50.8975 10.169 13.3554 63.2036 54.9326 218.13 37.9952 23.8463 0.0160379 55.0417
-68.0902 1.3339 17.7909 2.3138 17.0024 28.2353 3.4493 16.3822 29.4699 10.6331 31.4379 36.8056 24.275 58.48 59.6571 53.5265 43.5925 29.3385 69.4452 36.6678 6.6213 30.7734 31.1121 31.0219 78.9651 73.1264 243.846 32.6964 67.8267 0.0123872 57.1399
-68.1561 1.24986 29.1944 3.8687 13.6963 5.49044 6.26978 10.8258 8.66908 6.79108 21.5916 44.268 52.3529 88.8796 27.9341 45.0096 46.3242 28.2306 74.0478 42.8208 11.9556 31.9596 35.7586 76.4709 71.0713 60.3988 159.121 39.9474 75.2288 0.0143329 56.7069
-67.0361 0.794227 23.8041 4.93578 0.270939 4.18252 5.88619 23.1817 1.2801 8.86665 49.0067 43.3675 41.2394 114.993 26.4306 63.3493 20.1336 35.248 64.6186 58.5132 12.004 21.7747 38.5106 33.4421 100.462 7.07313 252.567 39.5022 13.5466 0.0123216 59.2553
-66.9486 0.395073 11.9763 16.8608 7.85291 3.66197 17.065 21.4996 8.92749 6.10833 64.5398 34.5015 32.0765 82.5126 39.6561 53.3784 50.4453 39.9328 65.9296 32.9909 26.6318 7.81567 27.561 33.4421 100.462 39.5132 181.615 35.684 92.8883 0.0230416 58.3759
-66.9486 0.545817 8.83141 21.6881 7.85291 3.64294 16.8395 21.9462 12.7224 21.656 32.7928 30.8162 40.4979 53.1451 27.1932 76.4614 50.2346 40.3682 53.2165 28.8837 43.6767 7.74444 30.58 40.2141 100.763 79.104 115.946 44.3591 50.0163 0.0103098 51.6454
-67.2431 0.970887 10.0517 20.1348 12.2939 11.1333 2.51067 18.6496 62.2706 21.656 4.83002 37.7676 20.1008 74.8615 26.5054 65.5627 48.5371 42.5791 46.7403 7.76849 60.9559 12.9623 32.9833 40.2141 101.384 98.4116 137.843 11.6593 48.6272 0.00326642 53.4018
-67.6829 1.24042 10.3654 22.0739 10.7619 18.9059 4.097 13.1088 30.7619 18.7388 23.1596 19.3336 29.0923 136.775 13.8265 100.655 44.7871 39.388 30.5856 13.0135 32.7049 4.91861 20.2635 25.5049 95.7142 55.4461 228.245 5.55329 55.1793 0.00326642 50.722
-67.4876 0.689832 13.7187 23.746 10.6752 10.1668 3.75776 14.0084 35.2179 33.1817 33.8931 9.12794 18.1047 143.641 8.37449 100.655 45.2605 36.5864 21.0705 58.0215 24.5271 16.6592 8.9485 20.1277 86.3068 75.9858 180.035 5.55329 54.2267 0.00104869 51.0676
-67.4836 0.670892 15.4501 22.7024 9.4713 12.2686 3.13738 12.3805 29.3823 33.1616 31.8624 3.06361 27.7967 168.521 8.35357 55.7505 37.6957 34.4607 16.9732 71.1453 14.6906 13.8793 8.04011 30.5865 92.1325 39.4646 251.229 5.55329 21.8733 0.00100505 52.0933
-67.2675 0.399158 24.4401 22.1549 8.64057 9.53508 2.31625 18.8672 1.08118 33.161 19.7047 7.94427 61.7469 168.521 20.885 55.7505 20.1882 38.6912 13.703 15.9768 22.4532 63.1902 17.6063 22.4912 94.758 57.0986 226.956 5.55329 58.4905 0.00594828 55.2312
-65.7061 0.363344 23.9277 18.9681 17.2234 2.32056 3.93856 18.7267 5.05435 32.3019 21.6328 12.4028 61.7469 165.308 23.8867 61.1974 21.3297 31.0227 45.4845 12.961 44.7816 43.991 4.49762 3.64182 88.0639 62.5979 207.5 41.8061 48.4449 0.00440766 54.6437
-65.9232 0.363344 21.305 19.1663 15.1177 2.60748 5.31534 5.31418 27.1972 31.1103 21.6328 12.4028 61.7469 185.927 17.8348 61.4625 22.0578 31.0227 45.4845 19.6465 44.7816 17.7135 6.10073 14.2947 68.1428 69.3985 229.812 7.9925 143.718 0.0038651 58.0761
-65.9232 0.190965 21.3444 19.9205 13.1947 0.746353 4.6445 0.610402 4.34407 26.3367 20.5376 41.6844 59.9128 185.927 17.6849 73.5041 30.4032 32.1298 15.4596 20.8122 27.3898 19.9351 22.8553 14.2947 74.4318 88.0142 229.357 49.3288 228.393 0.00380519 61.0603
-66.4637 0.72749 30.8413 24.0547 2.40493 2.14655 1.00495 14.7993 2.83093 15.158 25.8876 21.6083 59.9128 163.459 18.3166 58.7793 38.1619 32.1298 15.4596 29.7235 48.7745 34.5864 27.2607 14.2947 74.4318 98.2074 191.699 91.9473 58.7611 0.00410292 57.4772
-67.0582 0.580208 29.9496 26.9785 2.40493 2.14655 1.50478 11.482 3.6097 18.8018 35.7963 26.864 59.9128 168.497 32.4729 41.9195 24.9965 27.8801 15.4596 20.9737 52.5019 36.3843 4.7053 14.5648 94.6235 139.672 125.815 188.22 8.39262 0.00150762 58.0522
-67.0064 0.509437 29.9496 22.002 5.80162 5.67346 1.98582 12.6427 6.913 18.8018 22.4919 33.6332 44.9401 162.12 62.8349 44.7156 22.8568 17.1112 15.4596 18.1697 43.6137 36.3843 19.5583 12.4272 96.3001 79.6305 141.675 110.432 8.39262 0.000547928 53.0723
-66.8874 0.485284 24.9792 14.5309 5.80162 10.2486 3.9507 13.0736 7.19989 30.378 25.3942 41.2215 36.3435 154.764 58.2749 28.9492 30.6743 25.1864 15.4596 17.9155 38.6065 17.4463 45.7267 9.9446 94.1399 53.7707 220.776 13.8857 55.0788 0.00118388 52.2621
-66.0414 0.16692 36.9634 8.33141 7.05836 4.53372 3.9507 11.2329 7.19989 32.3629 23.1583 36.4701 38.9931 154.764 70.3669 15.828 37.1054 25.1864 15.4596 16.7226 31.5833 16.9012 44.3905 15.0824 105.581 40.8572 224.25 6.9698 119.723 0.000497197 54.6632
-66.4742 0.318682 7.7011 8.46961 7.05836 13.2001 3.33518 18.03 9.56167 56.4617 30.892 22.8909 32.4756 139.031 70.3669 44.0309 25.1741 25.1864 54.6205 12.0573 13.4189 25.2427 14.0551 8.46941 107.764 53.0285 203.92 8.60211 81.3493 0.00233443 52.6198
-67.0112 0.375045 7.7011 12.1374 7.47642 11.2452 1.3527 32.4455 9.56167 39.0969 30.1481 18.4213 44.4026 139.031 65.5327 36.1229 34.458 25.1864 54.6205 20.2462 29.6227 23.2678 11.0073 47.2863 68.7697 87.9594 206.09 68.9921 138.353 0.000603002 55.3245
-66.5632 0.406731 10.182 5.61106 5.6379 5.59181 6.88404 42.5439 16.4986 45.5039 29.3764 14.4729 46.3542 82.0531 65.2908 47.8286 56.8012 22.3959 66.0133 23.5475 30.3409 14.263 13.2492 14.4491 67.1425 63.5121 218.924 31.3738 42.9448 0.000998643 54.8502
-66.3951 0.827181 12.9482 6.49899 30.9138 7.23029 8.47311 22.0129 2.28304 47.6173 15.2881 15.2098 46.9716 96.4957 50.0912 41.6677 6.99089 51.4254 68.2503 28.9421 56.5735 18.3915 13.3086 13.815 86.2809 46.7708 213.349 20.3125 98.9522 0.00252671 56.4325
-66.7777 1.39933 5.93284 4.75796 34.0983 6.00957 12.831 27.1956 14.6001 32.4537 20.3623 19.356 43.1815 66.8547 76.7212 27.5161 29.5965 67.6733 91.0013 21.2007 21.4824 11.4949 10.7929 27.6811 80.693 28.8637 253.735 103.659 192.166 0.00323268 58.7355
-66.5554 0.0820287 5.32113 3.92015 41.4793 7.00561 14.4121 24.8518 18.8554 32.4537 20.1547 19.8841 33.1742 80.299 73.9344 33.313 21.8735 63.5432 72.206 27.8857 43.2423 12.0283 17.6852 11.5585 91.391 30.4523 235.894 54.8934 64.0396 0.00347627 53.7151
-67.0834 0.897763 4.53149 4.37509 18.0718 7.55781 20.6003 3.54727 17.3255 29.1144 51.8897 37.5861 20.2333 80.207 73.9344 48.9362 6.34346 68.0271 58.9153 39.4626 28.761 2.44017 48.052 0.349649 76.7832 63.6452 225.544 45.3839 51.1933 0.00301302 59.7015
-67.2359 1.13965 14.4344 3.18243 6.55054 8.86648 30.5757 10.9181 16.6596 22.201 80.1559 44.9373 2.45965 104.243 70.628 49.2573 7.07063 16.2296 51.9315 17.9523 41.2424 2.08869 28.4724 59.4279 70.4038 55.8372 225.544 95.3376 50.2921 0.00494395 57.6644
-67.4541 1.20968 15.2889 3.61673 10.6384 5.66747 30.5757 15.6862 17.1774 22.201 57.0759 37.6662 4.35859 104.243 52.8798 61.0396 0.368032 14.1325 51.9315 37.3274 24.1894 4.35991 29.2382 72.7783 69.8525 187.772 36.3347 46.4549 42.2921 0.00146705 54.3978
-66.9502 0.915822 14.9432 2.45631 12.112 2.18637 32.9061 16.2592 16.8732 17.9751 48.3138 19.5713 25.2967 94.8866 67.3877 63.2249 9.61439 10.4921 35.3955 47.6506 23.458 8.09489 41.1682 79.566 62.6655 187.772 36.3347 108.262 19.6158 0.00671619 53.9499
-66.9014 0.507649 14.9696 3.14442 12.4485 2.86212 31.0423 15.8638 14.3305 14.1219 50.2054 16.341 28.3012 67.4729 90.9349 61.661 10.5685 13.0443 52.674 39.1872 7.52379 10.1987 37.2047 86.962 47.958 212.531 45.3539 95.7174 10.3598 0.0527625 58.9263
-67.2568 1.09824 14.8678 2.43457 1.46574 12.7793 27.3823 38.2988 9.17704 29.3561 29.4526 8.27019 34.391 107.494 58.8411 71.9623 9.67345 22.1069 54.3969 34.3006 11.4874 17.1585 31.3081 83.6698 37.0708 128.681 108.036 70.2811 35.7989 0.0185739 53.9726
-67.2936 1.02479 13.0025 4.50508 2.80408 10.6028 30.429 36.0853 10.0932 34.4386 33.1501 6.01598 40.2834 107.494 35.5458 61.9979 54.8745 11.565 46.8549 15.0137 8.64552 32.05 28.2473 98.5906 16.256 167.048 62.9708 128.543 33.9623 0.0127259 52.4743
-67.2936 1.02479 12.2983 4.50508 0.0836847 12.2507 30.429 36.0853 9.36949 34.4386 33.6717 6.57607 40.2834 107.494 34.9406 61.9979 54.8745 12.6311 46.8549 15.0137 9.77561 32.05 26.5396 98.5906 20.7491 171.473 62.9708 68.7993 33.9623 0.0194406 53.8933
-66.4585 0.157155 7.73509 4.71713 5.93885 12.1118 30.429 35.8523 1.91897 32.0964 39.2784 6.64026 21.8495 80.5135 68.4679 66.5875 56.9878 6.87436 42.3978 25.9719 32.9597 29.4748 9.93464 98.4277 35.5132 103.372 127.162 19.5618 17.9623 0.0335201 53.9041
-67.2934 0.627656 12.2848 4.75314 8.19962 11.4239 25.1475 35.9385 9.15099 24.9396 37.6374 24.2181 24.2114 76.5439 68.4679 46.7034 27.2023 10.8126 41.1253 20.6471 23.9296 37.7772 30.7041 100.708 46.2513 154.91 71.5171 16.0985 43.398 0.0118089 51.6667
-66.9072 0.219626 3.11799 7.83342 17.8673 10.8011 14.8222 48.6113 25.3572 25.8257 23.5203 28.0155 2.3177 81.4052 68.4679 44.3293 31.7657 38.6738 63.2474 38.8519 19.9046 36.6077 6.37401 65.8359 37.913 158.366 71.5171 25.0053 33.8255 0.0110939 53.2878
-67.1838 0.440045 6.36774 14.2781 17.2117 12.585 16.4427 46.4296 30.0954 24.0656 2.26879 38.0952 14.0419 58.4357 78.1689 44.3293 28.1869 58.7678 51.784 30.8356 22.347 23.5511 22.242 72.1528 53.0662 117.116 75.9231 74.5606 47.5855 0.00317042 50.0321
-66.3532 0.197547 6.1708 19.8239 17.255 1.1624 14.1447 32.7973 29.1473 41.9447 5.94728 26.5271 13.5884 43.2391 79.1506 19.5483 53.8728 59.2185 27.4898 71.9939 16.0229 34.7091 24.1985 38.9231 62.2558 155.771 76.4503 11.993 24.4073 0.00411185 51.9817
-66.541 0.171822 1.01399 19.9224 7.4494 0.678535 19.0767 21.7289 31.2003 19.0228 11.4378 60.0542 15.3446 97.4191 87.9069 30.8175 11.5728 53.5887 24.8164 77.4853 5.30164 51.755 11.877 3.63339 77.9082 102.504 169.562 30.1877 5.93103 0.0122949 57.4026
-66.6332 0.697418 1.01399 20.6651 7.36726 12.6534 21.5782 27.5786 29.9043 3.99293 18.9878 60.0542 15.3446 74.4792 61.0923 21.626 44.9249 68.1681 35.5081 77.4853 5.30164 38.5662 26.595 3.63339 64.4685 102.504 217.088 37.6688 20.0655 0.00931671 53.2973
-68.3769 0.503724 10.4017 20.7609 5.08274 9.91824 22.0419 21.8795 29.4026 15.2636 26.9467 37.975 15.3446 79.1498 61.0923 10.303 44.9249 70.836 51.0493 44.7713 5.85526 26.9275 29.0315 28.1135 82.3019 115.097 133.384 98.6095 23.5009 0.000122665 53.6182
-66.6794 0.477508 17.9104 21.367 3.92045 6.88721 14.147 18.6849 25.9293 22.9647 10.0411 22.9197 47.2893 21.032 53.8903 13.2928 69.2253 98.6256 55.1924 57.8457 8.17441 21.0213 13.2591 53.6937 91.1693 83.1953 167.567 27.1343 1.47906 0.000122665 50.8597
-65.8754 0.542561 14.9236 8.9954 4.12097 7.2281 26.4469 15.1416 18.7982 22.6465 10.0411 35.8513 38.6716 21.6523 63.6563 11.1601 69.2253 89.4805 64.3048 93.739 8.17441 8.76432 31.2612 33.0671 58.8131 99.7418 104.906 27.1343 94.1662 0.000397932 53.5513
-66.6239 0.0728617 14.2219 8.9954 2.13995 7.2281 32.5014 15.7159 20.8774 25.5704 10.0411 35.8513 50.0709 2.06354 75.739 21.2748 69.2253 64.4449 45.5981 102.042 25.1734 9.18363 44.0871 20.2954 66.203 96.5385 140.232 27.1343 84.2946 0.00284403 58.7871
-67.4978 0.877307 13.3098 12.2056 0.428477 9.54822 32.5014 14.2615 41.2879 7.78347 10.0411 28.252 55.5234 12.9157 75.739 21.2748 67.9382 64.4449 45.3503 107.681 7.75855 4.36891 20.3088 18.1567 78.4763 97.3102 180.266 44.2314 87.1567 0.0198736 57.4469
-68.0591 0.654778 12.9318 16.8311 2.32992 10.4232 23.3648 12.9521 41.2879 12.6544 14.5919 20.8858 54.7205 4.00703 100.024 38.4858 79.5953 64.4449 15.2108 105.023 33.5566 5.34023 0.808561 8.01006 131.278 85.6923 56.1261 10.5016 4.24885 0.00267473 58.1792
-67.8643 0.29727 14.4889 18.4749 1.64787 6.33672 23.3648 13.8927 41.5684 12.2832 29.7818 17.635 44.2136 23.2423 115.812 39.9033 65.939 32.2737 24.748 97.9218 10.4777 5.10056 7.28528 22.1031 108.338 114.991 27.875 8.92469 50.8556 0.00646276 54.4416
-67.0195 0.380439 19.1161 18.616 1.95236 6.43067 17.4495 20.5071 38.6329 12.2832 32.1576 4.00089 33.3118 44.2313 122.099 42.1009 65.939 32.2737 12.8281 101.674 10.4777 2.61345 5.86104 11.0594 112.961 132.469 27.875 42.8247 13.2909 0.0118765 54.4539
-66.0241 0.0509164 19.6282 16.2354 1.55593 10.843 18.209 19.188 26.08 4.56084 42.2914 32.0794 33.1256 50.6911 108.939 36.0242 40.7245 20.8787 47.8316 104.745 18.1239 5.86884 5.86104 24.1856 112.961 83.0646 151.465 37.4808 11.6895 0.0119925 58.9521
-66.7236 0.335707 14.796 12.7371 2.49459 12.7545 23.4317 13.8409 29.1584 24.0169 35.9306 19.122 35.6582 27.5664 134.083 36.7414 44.4895 20.8787 24.0184 96.9801 11.2098 9.66255 6.31434 43.2552 107.878 29.4333 119.821 36.4893 11.6895 0.00289422 58.6523
-67.5027 0.424581 17.1184 13.03 4.00361 5.96524 23.4317 9.28946 26.8024 25.2533 43.7406 19.122 35.6582 50.9032 107.731 49.3217 38.3058 24.4068 37.0667 63.3913 7.73858 6.29026 19.6016 36.8563 136.16 49.8912 181.329 18.5655 7.82687 0.000415186 52.9748
-67.7481 0.332562 14.7591 13.0253 4.00361 11.0816 23.4317 11.0376 23.0593 24.9733 43.7406 19.122 35.6582 50.9032 107.731 49.9758 45.8291 19.6484 35.183 50.8376 8.55546 6.29026 19.6016 54.7072 108.049 22.332 214.753 7.87215 6.16962 0.00271755 52.7414
-67.1881 0.411205 14.7591 8.28727 2.92196 10.2453 23.4317 6.37722 23.7836 33.5382 43.7406 19.122 36.753 50.9032 141.537 49.9758 43.2882 21.3401 35.183 51.0463 9.9923 6.19907 3.17691 54.7072 75.8463 22.332 229.181 37.2361 8.15734 0.0296979 53.3731
-67.6225 1.48185 15.6626 11.6553 1.62366 7.33541 23.4317 6.37722 22.6339 33.5382 43.7406 19.122 36.753 57.6183 141.537 32.2653 50.3699 24.7373 35.183 52.5614 0.385308 6.19907 3.17691 52.3084 75.8463 60.0845 229.181 29.2374 87.9151 0.0296979 56.6968
-68.504 0.746034 4.81963 2.68191 0.671018 7.78526 10.7463 3.12368 32.5767 25.6933 47.1831 20.7997 38.245 73.2693 132.805 32.2653 25.264 24.7373 39.1301 45.6584 16.2875 24.1682 10.2602 35.4846 122.796 25.2569 212.814 24.5054 106.018 0.0386025 63.0045
-68.9459 1.93267 1.3096 4.3121 1.90821 7.13493 17.362 13.0705 57.2221 11.3172 23.5803 18.4829 51.7866 27.0163 132.805 19.9358 23.3368 63.2662 39.1301 35.1889 20.6762 22.2651 32.2314 53.6001 89.5606 26.3792 129.679 9.4771 12.3946 0.028474 59.9567
-69.2967 1.93267 7.37649 29.2189 4.75893 2.48838 17.358 10.6774 44.7254 14.736 12.2956 16.3407 66.8665 31.7464 147.923 23.0625 16.7676 35.4474 39.1301 47.4218 7.79975 20.4166 36.1401 47.4997 87.5417 29.2469 225.526 11.7012 8.50441 0.0143249 57.4935
-66.6447 1.03048 8.6637 27.5331 8.1766 2.15576 16.3923 10.5445 44.7254 11.211 15.1931 23.5836 55.9459 29.0027 135.891 24.6436 14.3725 47.0767 48.8683 24.6858 1.76612 13.4924 35.4053 36.2961 100.493 54.3226 253.141 7.50719 17.336 0.0133294 56.9758
-66.0484 0.60951 3.66259 19.7908 9.58061 19.7478 14.2921 8.21164 40.6243 10.5031 15.1931 6.9408 55.7894 29.1768 173.448 30.1121 26.8206 40.4355 56.5354 24.6858 2.65745 23.2297 11.4126 43.0315 132.259 69.5852 166.044 7.50719 47.5052 0.0319201 58.8371
-66.9381 0.474421 2.91842 17.0502 9.4027 19.7478 14.857 15.527 26.7752 8.25617 34.4581 6.9408 55.7894 3.86074 173.448 33.0824 22.87 45.8213 71.7846 18.1403 2.51189 19.971 23.1272 47.9011 75.2073 75.9329 179.665 121.501 30.9117 0.0181197 53.5287
-68.7036 1.40515 9.12895 8.94966 6.80957 19.7478 20.4815 16.4147 15.0929 13.6014 24.3774 6.9408 55.7894 4.45715 152.162 79.5391 22.87 40.1776 71.7846 10.9443 8.52052 16.0178 15.504 53.3826 75.2073 104.105 154.705 180.722 38.7492 0.0143878 58.5325
-68.4431 1.99237 5.30571 14.7539 7.70347 14.4803 20.4815 17.8595 19.3184 11.68 18.8719 19.2344 51.6949 3.17397 152.162 128.204 16.3298 52.757 13.204 8.75674 5.29361 41.4863 22.7149 51.7994 66.2615 96.9744 154.705 130.546 43.7629 0.0136844 55.9537
-68.5926 1.84867 5.30571 8.39625 11.6405 25.3328 17.9433 20.1838 19.3184 7.64139 18.8719 19.2344 54.358 3.17397 163.963 128.204 12.7701 51.4636 10.8881 16.2362 13.7243 27.3681 24.5303 26.0667 58.4181 69.6654 145.377 141.716 46.6 0.00281656 58.2275
-68.3818 1.51824 10.7526 6.05857 9.32651 14.1847 19.3097 0.788809 21.3068 17.1522 27.4919 29.3527 54.358 10.5122 163.963 104.702 12.7701 62.7271 10.8881 18.5486 13.7457 37.3228 9.91809 51.17 58.4181 141.071 103.464 44.8358 35.6533 0.00281656 55.1912
-67.9653 1.07656 10.3709 5.11144 9.7798 12.9296 24.1283 23.5093 20.374 24.9824 27.4919 12.5955 50.4301 47.2384 154.04 63.5542 12.7701 56.5281 9.33812 9.98313 50.5185 20.1579 8.62785 53.4911 71.4452 58.531 157.683 57.0291 16.2112 0.00281656 51.8905
-67.8854 0.832446 16.3553 1.99038 12.0503 6.16271 26.8259 18.3223 35.4991 18.167 16.2501 16.5465 34.4126 64.033 120.497 30.426 30.4105 65.5946 42.2401 7.74264 38.9102 11.1637 7.16866 56.4612 74.2251 109.025 187.267 57.0291 41.8044 0.000812828 51.5263
-68.0028 0.924403 17.7755 1.99038 13.2131 6.16271 28.7997 9.23578 38.5449 17.8944 16.2501 16.5465 34.4126 72.0138 120.497 32.9028 31.647 66.8122 39.7296 13.0469 32.926 11.1637 1.34307 51.8065 81.7721 50.8145 187.267 21.9604 26.1216 0.0173621 51.6503
-67.885 1.31089 20.4454 1.99038 7.82224 6.16271 28.7663 7.42044 38.5449 24.3006 16.2501 14.6132 34.4126 74.9533 90.2286 0.667569 88.161 73.1442 39.7296 9.8178 39.3831 11.1637 4.07268 89.279 47.2707 62.1334 190.555 26.0456 13.3805 0.00420525 52.081
-67.1938 0.678249 20.4454 1.1635 9.93176 6.16271 26.1581 4.42734 48.0679 19.2743 17.7955 14.2805 44.4252 74.9533 34.1636 55.261 80.9845 65.6226 39.7296 8.73462 39.3831 19.0876 5.39316 84.1815 50.9743 62.1334 67.3207 12.4619 24.7084 0.00338209 53.0944
-67.2533 0.963661 25.8491 3.32433 9.93176 1.7704 25.9351 2.83684 53.5109 13.9586 17.8109 23.6515 31.0488 74.9533 16.6938 62.3288 88.4685 91.0289 39.7296 2.63989 48.0069 19.0876 4.97433 36.9949 51.4361 122.784 101.842 11.7127 53.836 0.00169251 51.1232
-67.251 1.36195 1.77217 17.6138 11.2664 1.7704 25.9351 1.63782 54.7505 6.9685 23.3861 25.2723 31.8758 73.4034 19.4435 42.2565 88.4685 108.522 24.0776 4.57429 48.0069 46.4953 3.23399 33.7157 53.0876 99.4786 159.663 70.6284 14.6849 0.000995097 52.9689
-67.251 1.08346 9.21095 16.8798 10.1754 1.7704 22.3497 7.76308 61.5033 4.32569 26.729 19.5512 31.4443 89.1367 35.3006 26.2976 94.5701 86.3519 24.0776 15.4462 48.0069 7.40057 19.8243 30.4718 59.6724 30.4552 202.081 71.3863 72.4301 0.00138281 54.7672
-67.569 1.08315 17.9391 15.1854 12.5926 1.7704 22.3497 10.4368 52.9334 4.32569 13.7554 21.0811 30.0181 89.1367 35.3006 26.2976 93.568 86.3519 24.0776 15.4462 62.8031 7.40057 15.3036 36.0922 58.7054 30.4552 263.825 71.3863 58.2532 0.00129953 54.5022
-67.3294 1.02944 17.6695 11.9867 11.6838 1.7704 22.3497 8.55945 60.1221 9.82871 13.7554 12.8775 53.0685 89.1367 37.4223 26.2976 78.8015 86.3519 24.0776 14.6414 61.0337 7.40057 5.99532 36.0922 59.4849 49.4508 212.578 116.888 39.411 0.00104196 51.9774
-67.5934 1.46198 17.6695 11.2938 11.2468 1.87796 22.3497 8.26197 60.1221 9.82871 13.7554 12.8775 53.0685 89.1367 37.4223 26.2976 78.8015 86.3519 24.0776 11.0423 64.4942 7.40057 8.62144 39.0771 58.8303 49.4508 212.578 116.888 33.581 0.00187928 51.9885
-68.172 1.27975 17.6695 14.018 10.5345 1.87796 20.9866 11.8669 60.1221 9.82871 13.7554 12.8775 53.0685 89.1367 35.485 26.2976 76.2973 86.3519 24.0776 13.4329 54.4184 16.5203 9.18221 37.4725 58.7739 49.4508 212.578 60.5195 48.7431 0.00189177 51.7196
-67.2704 0.324811 17.5999 2.46063 10.8926 15.82 13.1428 11.4666 62.1699 9.82871 13.7554 8.21592 36.5939 112.354 25.3395 39.6511 76.2973 86.3519 24.0776 13.4329 66.7539 15.0516 9.36973 39.329 58.7027 49.4508 212.578 91.0308 20.2908 0.00226667 53.4561
-65.9589 0.152842 3.44378 14.9641 4.59236 11.7843 2.83175 12.209 62.1699 14.4462 15.3791 21.6034 46.4671 112.354 25.3395 40.1252 76.2973 86.3519 14.0548 0.126229 69.8059 13.1779 4.13233 31.1754 58.6549 31.994 330.89 44.5348 26.6828 0.00976377 58.6567
-68.1095 0.616325 0.306673 11.2282 4.59236 8.44464 2.83175 11.1428 62.1699 18.0658 15.3791 21.4067 46.4671 112.354 25.3395 47.407 76.2973 86.3519 14.0548 0.126229 66.1354 13.3304 2.71762 35.4476 58.1807 31.994 330.89 31.8824 26.9895 0.00855152 58.2408
-68.6483 1.48213 10.8047 17.7327 5.81657 4.11516 1.28994 21.5891 57.7563 10.2464 15.3791 34.5871 46.4671 112.354 34.1749 83.703 53.2707 37.0493 15.9394 14.0085 52.3337 14.7171 10.8098 38.9379 58.5143 7.12337 275.8 71.9061 33.6175 0.00354385 55.4908
-68.4052 1.82453 2.80126 46.4978 2.17642 10.1691 1.28994 22.2907 57.7563 0.122828 6.36073 35.6837 26.767 82.5259 33.0115 98.8627 50.6081 71.3803 15.9394 5.53942 57.8434 14.4146 12.6171 43.0573 55.0164 19.2384 260.873 38.2334 17.6936 0.00143491 56.579
-68.4052 1.34461 3.99529 46.4978 1.04215 8.93237 6.13415 21.4791 57.7563 0.122828 23.7317 30.6877 20.5326 82.5259 38.912 77.4842 50.6081 74.3374 15.9394 6.4389 57.1022 17.5787 12.8171 38.4896 71.1088 19.2384 260.873 12.955 8.13273 0.000787946 54.4916
-68.4052 1.48568 3.99529 46.4978 1.04215 5.62002 7.32237 19.9346 57.7563 0.122828 17.2573 23.6679 20.7914 76.5391 38.912 96.947 41.2086 74.8149 34.0439 6.4389 34.187 21.1028 10.5431 50.5086 72.4988 28.2264 270.305 12.955 8.13273 0.0127165 56.0694
-68.4052 1.81421 3.11956 46.4978 1.04215 5.62002 3.36854 30.6046 85.1262 0.122828 29.0151 9.85958 26.3066 46.8608 27.0506 96.1437 55.1338 64.5632 34.0439 6.4389 33.0423 22.4749 7.68332 50.5086 74.0189 7.44247 270.305 20.3892 28.4658 0.00927196 59.0546
-67.0673 1.02814 0.836276 42.6005 2.30653 14.4313 4.81343 24.3747 60.7546 18.2054 24.8227 1.32794 28.4135 59.4615 27.0506 94.5525 67.0954 60.0077 37.2135 6.4389 33.0715 37.7948 8.42308 33.7476 89.2219 11.0733 270.305 22.8139 45.2416 0.0103577 54.6848
-66.5733 1.02814 0.872969 42.6005 2.9897 9.27239 4.81343 24.3747 59.3049 12.5674 28.2879 7.1114 28.4135 51.9627 27.0506 92.4934 67.0954 60.0077 44.9005 6.4389 31.9929 30.2615 13.0951 19.1812 102.294 11.0733 270.305 7.326 36.8129 0.0207914 53.4982
-66.7471 0.0539621 13.2183 31.4651 1.41333 7.17789 3.80971 23.0305 45.2606 17.8801 28.1538 9.17935 28.4135 42.7787 27.0506 122.584 67.0954 46.2582 44.9005 4.27327 44.5283 25.7586 14.3044 11.7461 89.9752 51.9201 241.242 9.51698 12.3047 0.0233712 54.4952
-67.4168 0.0539621 15.9348 31.4651 2.01279 7.17789 6.16788 18.3702 45.2606 17.8801 29.3695 7.20752 28.4135 39.3865 47.7855 122.584 70.8515 32.1219 44.9005 4.27327 33.5601 40.9636 18.3793 25.0461 92.9602 51.9201 178.905 9.51698 45.0244 0.0341273 53.4878
-67.2786 0.516601 16.1098 37.5497 0.353862 7.17789 0.657415 37.9206 32.4425 17.8801 33.1344 9.78334 14.2305 58.8216 34.4172 121.164 70.8515 32.1219 41.1916 34.9029 0.524198 24.9476 15.9696 20.892 116.104 82.6085 92.9105 171.115 34.7449 0.0163123 56.5302
-68.9199 0.854811 11.4329 41.8241 10.2568 9.2504 0.657415 29.1177 33.7409 17.2763 13.1181 3.75701 43.5798 61.2517 10.8801 121.164 52.4765 38.3556 26.8931 35.2405 9.16533 51.608 9.05627 28.5954 105.155 92.5685 145.068 16.3881 33.216 0.037138 61.799
-65.399 0.841715 16.4782 24.7192 10.1983 12.2821 1.75278 35.961 25.12 6.35673 15.5429 17.1923 35.6284 54.0705 19.5086 121.164 60.16 77.3395 26.8931 9.33196 12.9215 52.7949 2.50438 14.2289 112.06 77.9113 180.335 22.0787 33.5631 0.00133294 54.378
-68.6102 0.245164 16.4782 25.6547 8.49381 11.4273 5.60702 39.1923 25.12 6.35673 12.8194 22.6325 32.7326 51.0515 19.5086 121.164 69.6281 65.8189 32.5293 29.7056 4.0525 32.5707 6.90012 14.2289 112.06 77.9113 170.072 32.5464 27.3779 0.00133294 52.097
-67.3564 0.245164 14.8265 31.8313 7.95723 4.47602 3.49078 40.2288 13.8994 16.981 9.74794 49.2786 45.2229 51.2269 20.1705 84.4527 69.6281 68.5916 35.1069 30.5094 4.04007 32.5095 6.90012 6.81381 127.33 84.1944 162.281 21.5821 26.9762 0.0039107 54.8628
-67.1397 0.245164 15.924 33.4671 4.78257 4.5412 6.4145 34.9809 15.9554 21.8187 25.3095 49.2786 52.8018 38.9115 8.52077 85.7391 67.0246 52.294 54.1257 24.0826 9.559 18.4107 6.90012 42.5375 81.3194 71.0055 177.825 10.2474 37.9042 0.00262238 54.6019
-66.8327 0.707416 1.49987 44.6843 6.20195 2.96907 6.34528 31.5894 14.7319 22.8369 3.35658 47.9633 36.8808 62.9968 21.1821 69.4827 67.0246 72.1524 58.4829 8.91111 40.21 17.8502 16.1953 53.5297 67.2722 39.1301 237.628 69.8519 62.3122 0.00136705 53.9582
-67.6673 0.8451 1.49987 39.2247 6.20195 2.96907 6.8503 31.5894 19.5645 18.1279 15.5956 48.7465 34.8807 31.2542 71.9694 59.9549 53.6817 96.647 46.9459 7.7478 43.0571 5.50877 8.65099 42.0663 76.597 62.1958 170.427 127.177 87.7459 0.00407063 57.4213
-67.0434 0.92209 3.72629 39.2247 7.46368 5.12229 7.81049 48.9756 19.5645 16.105 15.5956 45.9305 34.8807 35.4486 59.3312 56.0688 32.072 112.79 24.3508 8.65829 50.3581 2.19738 6.17146 41.0559 74.476 71.2983 262.465 103.805 144.377 0.00407063 58.2225
-67.1846 1.24319 1.5804 36.4657 7.25683 5.12229 15.3371 24.0459 31.6659 9.30988 22.6651 27.9606 33.0287 27.9284 67.0946 54.2036 59.259 114.758 26.3073 19.7291 38.0056 7.4824 15.9857 52.287 54.8105 81.5294 189.028 103.805 128.268 0.00302123 54.4614
-67.7988 0.365229 1.9387 36.4657 6.26281 7.28406 14.6646 23.7039 12.7177 6.27207 23.5449 25.6896 50.1957 24.6769 67.0413 61.3171 59.259 115.406 26.3073 9.7413 44.4674 2.5069 16.1581 60.7597 70.8058 99.8896 121.203 26.5508 122.888 0.000410917 51.8878
-66.5198 0.431554 1.98499 36.4657 6.26281 3.05769 10.8266 27.4205 12.0209 0.587625 23.5449 23.5323 59.1828 27.4689 70.4148 61.3171 59.259 115.406 26.3073 9.7413 44.4674 2.37752 20.1584 67.7086 59.0093 96.5161 105.858 63.388 125.825 0.000599723 52.4769
-67.2782 0.430353 6.96047 38.878 7.89535 3.05769 10.8266 33.3198 18.8003 7.53648 4.60749 34.8799 31.8511 12.4484 97.4632 56.5122 82.7899 103.381 20.0949 9.7413 15.757 8.73582 39.5302 64.5847 68.4981 78.1089 105.858 11.0575 111.583 0.00455569 57.1489
-67.3477 0.428631 7.93349 40.4207 8.77417 2.30038 9.29354 33.3198 30.1051 23.9491 4.60749 18.8248 29.5981 22.9431 60.2458 76.3737 59.8467 103.381 30.4104 9.7413 7.35756 9.48044 39.5302 59.1473 63.6673 98.4005 113.252 28.9848 117.879 0.00505421 52.8352
-65.8352 0.421843 7.38306 27.3179 9.8382 2.30038 11.4598 33.3198 29.6062 30.7889 2.28636 20.9982 31.7436 22.9431 61.1106 76.3737 59.8467 103.597 31.5066 2.26467 9.11707 15.8947 51.0143 41.8384 62.9338 166.73 31.6284 57.5567 113.267 0.00557134 52.2607
-65.6827 0.381817 8.17319 21.165 9.8382 5.39546 15.5745 31.7414 28.3635 32.2376 2.44885 25.18 31.7436 34.7438 60.5782 97.6457 51.9506 103.597 31.6097 2.26467 8.01477 16.6232 55.8019 27.0745 50.0307 169.894 28.7184 69.0851 107.662 0.00318486 59.6278
-65.6634 0.902824 8.06193 26.4324 4.25039 5.39546 15.9532 32.3828 6.49736 51.5232 2.44885 18.812 34.9564 5.61996 65.5081 97.2005 50.2699 103.597 29.1148 28.6452 3.41598 18.1367 47.7847 34.5222 45.3135 168.661 21.5538 74.1642 87.1478 0.00203136 55.8156
-65.8201 1.50885 12.3088 32.0263 4.25039 5.30286 11.2797 27.4856 13.9518 51.5232 2.44885 22.1112 28.0742 5.61996 73.1056 97.2005 50.9923 103.597 21.1624 34.8619 3.41598 12.7589 38.563 18.9489 51.526 203.788 24.3537 146.501 126.645 0.00279371 60.1887
-65.7111 1.66072 13.8094 31.9509 4.87242 5.30286 3.1015 27.4856 13.7771 59.7767 2.44885 29.7525 20.7752 5.61996 51.5021 97.2005 50.9923 107.608 31.0776 34.8619 2.10077 12.7589 57.4775 18.9489 47.4045 207.049 19.1406 85.0174 126.645 0.00214395 61.1933
-66.6787 1.52061 13.8094 19.081 6.12212 5.30286 3.84813 27.4856 17.5814 59.328 2.44885 28.691 40.929 5.61996 51.5021 97.2005 49.8768 107.608 26.0973 26.2796 2.10077 29.7849 42.2851 19.8671 47.4045 188.472 23.4027 85.0174 73.1557 0.0072853 57.4173
-67.522 1.49354 12.5965 12.5894 8.53639 27.0166 2.16032 25.5314 20.3789 58.7787 2.44885 8.16463 41.9683 5.61996 19.5457 121.116 44.3836 144.415 8.0556 23.5033 19.2641 21.2609 34.4849 26.5376 67.8879 184.097 17.952 26.9484 65.4797 0.0135175 52.3215
-67.4731 1.49354 8.94257 14.9932 8.53639 27.0166 7.2677 25.797 10.6291 54.8769 2.44885 2.07058 41.9683 5.61996 19.5457 136.613 49.1431 140.208 12.4992 28.7565 19.2641 27.638 20.5301 0.53805 59.6109 183.84 53.271 29.408 95.491 0.0112599 58.8255
-68.266 1.62375 8.94257 13.3669 10.2333 21.6908 5.61123 30.7797 12.7315 52.4318 2.44885 2.07058 48.7254 20.0695 0.846673 136.613 47.3713 132.528 12.4992 28.4067 11.8617 18.0394 54.3863 9.59932 73.2171 178.062 53.1281 31.5193 29.4788 0.00415602 52.6521
-67.8055 2.2385 8.94257 15.1043 6.90242 21.852 5.41921 28.9595 15.4691 46.6027 2.44885 8.95219 38.9364 20.0695 0.846673 142.231 46.8718 131.459 18.9658 28.1898 8.87182 18.2284 52.6286 9.59932 73.2171 164.82 20.2647 22.8181 20.6693 0.00579381 53.5408
-66.7219 1.92816 4.84233 17.3092 8.7147 26.9378 2.9633 31.7331 12.0528 45.0072 2.44885 8.95219 38.9364 21.6671 2.75584 142.231 50.6636 131.459 10.2312 27.8428 10.2717 16.2545 49.6822 15.9763 65.0268 187.817 20.6058 18.0148 27.5168 0.00761771 54.0971
-68.2531 0.75168 6.42901 17.3092 8.05241 27.9128 2.9633 34.0003 24.9656 46.3362 2.44885 9.0133 34.1581 21.6671 21.1546 142.231 58.7465 100.909 12.6627 16.1133 19.7281 5.24786 30.0803 34.1112 70.7982 141.945 102.72 23.2329 32.653 0.0159685 54.0135
-68.2848 1.07574 5.13867 18.9563 8.24278 25.7581 2.9633 33.9116 24.9656 29.1241 12.4364 9.0133 29.0357 38.9154 21.1546 142.231 39.6023 100.909 12.6627 21.2845 15.4883 5.24786 30.9515 63.0208 54.7478 137.361 87.0069 11.9741 21.9016 0.0159685 52.3651
-67.124 1.17489 4.82382 22.9028 8.24278 17.0867 2.9633 35.0383 20.0217 46.7973 12.5287 9.0133 29.0357 43.1063 21.1546 142.231 39.6023 97.1211 12.6627 20.6328 17.999 5.24786 33.793 63.2113 34.7283 153.278 61.7737 11.9741 16.4626 0.0162328 49.9088
-68.0435 1.26928 3.01419 21.8275 11.3475 17.0867 3.58792 31.4991 20.0217 57.3732 30.2106 2.60259 10.7569 36.756 21.1546 142.231 42.7702 97.1211 12.6627 10.7304 24.9209 4.0454 32.2913 84.9459 34.7283 149.416 61.7737 68.6327 12.3602 0.0177832 52.3788
-68.0159 1.40031 11.9926 26.4681 12.1223 13.3678 3.58792 26.6511 26.2375 58.5396 32.7951 2.60259 17.691 18.1217 25.3994 142.231 37.5249 93.3259 12.6627 10.7304 27.2206 4.08271 32.2485 69.2099 34.7283 159.853 73.7306 9.49732 12.516 0.0171264 55.6082
-68.0346 1.215 16.3858 27.0184 6.21906 13.3678 3.58792 29.9697 7.39576 55.5403 32.7951 2.60259 16.1899 32.3009 48.4101 121.051 51.4714 82.3398 12.6627 10.7304 35.802 3.68196 31.6112 69.2099 34.7283 179.784 80.2319 13.0108 8.2788 0.0183417 53.6079
-67.667 0.595231 13.6971 30.5107 5.88858 12.5098 3.58792 46.5091 15.8412 47.2816 12.1703 2.60259 34.1172 23.7379 48.0997 121.051 51.212 91.2374 0.0421232 4.68185 22.9477 2.03744 30.6443 61.9455 37.2472 194.166 67.7072 33.772 39.3772 0.00891494 56.2755
-69.1806 0.595231 13.6971 21.588 4.15418 13.8289 3.58792 46.5091 7.13111 51.7857 3.56267 2.60259 34.1172 23.7379 51.5176 117.663 32.71 67.5384 21.0363 36.3019 33.6171 2.99975 31.2739 76.7559 37.2472 177.203 61.1914 30.7379 123.124 0.0168482 58.5772
-68.7834 0.634203 13.6971 22.2976 4.15418 14.1915 3.58792 46.5091 5.83898 52.591 14.9978 2.60259 42.9277 42.5466 54.0931 117.663 32.71 67.5384 21.0363 36.3019 33.6171 0.461873 8.44021 65.2734 36.716 202.68 7.35218 22.0071 15.3932 0.0153121 53.4174
-69.1355 1.94637 11.9181 22.7702 5.40069 14.1915 3.58792 50.3801 5.83898 52.591 14.9978 2.60259 40.3764 46.0914 33.8116 95.6754 32.71 63.9789 20.6431 27.8756 33.6171 35.4313 27.3785 65.2734 36.716 229.939 7.35218 8.37944 40.4921 0.0316361 59.3169
-67.9899 1.49281 7.58322 22.5486 4.91154 19.6903 3.58792 29.8585 18.0706 75.177 1.85487 21.2826 24.1606 43.0165 34.1533 95.6754 41.5178 63.9789 20.6431 42.6821 31.7201 34.3923 12.9468 34.7759 60.3763 225.089 7.35218 56.835 61.145 0.0151653 58.2643
-68.4787 0.799253 12.0151 19.2728 1.16606 19.7379 3.58792 23.7026 24.5157 75.177 3.1656 21.2826 6.1913 102.33 35.918 83.7237 18.0841 63.9789 21.6322 42.5029 47.7608 13.2777 12.9468 10.3043 64.5749 224.322 9.42362 84.0827 113.262 0.0130999 60.7325
-67.8377 0.800884 14.6092 19.1006 6.57539 15.1527 6.94986 26.8123 4.71622 79.6837 18.8127 7.12043 22.9675 131.159 35.918 83.2011 3.44701 63.9789 17.5863 27.4307 23.6053 22.1048 12.9468 10.0879 72.5936 211.745 23.3834 156.419 195.887 0.019415 59.392
-68.4172 0.988378 16.9803 15.7848 6.15732 21.6675 7.0116 19.0728 10.8684 33.8271 21.6662 19.2781 37.7433 131.159 20.8128 87.5676 39.7891 63.9789 24.9176 24.5998 27.8571 10.6752 33.4091 10.0879 48.8178 169.306 41.2427 96.7298 156.835 0.017162 58.1793
-68.3837 0.143898 15.5815 21.2815 5.46174 13.7455 9.54238 17.3183 5.45302 64.5861 16.8833 19.2781 32.4536 126.612 19.6126 51.9621 19.5675 80.939 19.9558 25.0689 28.0588 27.5297 16.9543 16.2251 81.5309 190.339 65.7583 54.8095 92.5941 0.011641 54.9728
-67.0538 0.331632 15.5815 19.4296 7.50956 13.6616 9.54238 10.0859 1.22079 72.3909 16.8833 19.2781 36.2896 122.605 106.204 58.4097 24.6218 12.1963 19.9558 9.10718 23.4069 29.6155 20.4554 0.136702 106.636 125.694 71.6318 46.6762 113.137 0.0179982 55.4606
-65.5209 0.307047 6.5639 22.475 2.14501 27.4358 3.70328 0.718235 5.31017 64.5897 16.8833 20.6811 40.6935 122.605 109.745 65.8695 31.578 18.0266 14.5057 9.56251 23.4069 29.4743 28.9744 3.55177 101.845 121.454 47.6969 29.4293 99.3729 0.00248107 57.8528
-65.8879 0.321643 13.8973 12.1517 2.14501 19.7552 7.323 0.718235 8.56535 64.6293 16.8833 15.3814 40.6935 124.43 109.745 64.8394 31.578 15.5096 14.5057 19.5205 9.98013 48.6936 28.9744 10.6275 96.4332 116.882 47.6969 12.9202 79.2161 0.00221425 54.2068
-68.4651 0.321643 13.8748 13.338 7.47528 14.3383 20.0292 3.93505 9.0055 64.6293 17.9658 17.1916 41.0985 117.918 77.2387 58.3727 45.7616 18.5306 15.8778 26.9478 9.98013 42.3891 28.9744 15.7301 67.4356 124.172 151.94 39.4746 155.923 0.0223609 57.7806
-68.3692 0.374567 15.8149 11.1861 7.17746 12.1057 13.8799 0.963509 9.0055 77.0512 20.9172 12.6702 43.1685 117.918 90.2258 58.4116 45.7616 7.98813 19.3874 24.3112 4.32909 36.4153 35.3547 15.7297 69.205 115.44 127.691 44.6216 90.8588 0.0182299 53.6529
-68.0511 0.203351 16.9203 11.1491 10.7099 15.391 11.2434 0.963509 13.6888 66.8518 5.02146 9.67909 58.6021 128.59 90.2258 66.5428 51.0528 2.81109 4.67131 27.633 11.3319 22.2776 4.58599 24.1053 79.7039 119.928 147.663 5.10612 3.16353 0.025237 56.4033
-67.1385 0.792096 10.5084 11.8005 10.7099 15.391 8.43942 0.963509 4.20875 66.8518 4.42866 9.67909 58.6021 128.59 83.8505 71.4837 45.4473 18.1011 12.8183 27.633 12.0726 72.525 23.2701 4.84894 83.9599 119.928 50.5654 4.64202 17.2889 0.020463 59.8269
-67.5273 0.191577 10.5084 12.4564 9.48797 20.7515 11.1494 11.8413 25.1671 73.7681 9.45509 8.15239 56.9854 108.128 26.1509 87.2311 40.8947 18.1011 1.26817 17.2344 8.00389 106.636 11.6898 3.14529 82.7287 167.622 65.1428 36.8861 18.9926 0.00574538 57.1217
-67.2243 0.597961 9.28807 12.2357 10.9493 20.7515 9.79931 16.6615 18.7546 73.7681 9.60656 3.81468 37.6545 79.9079 12.1823 87.2311 78.6059 26.5536 8.03681 22.3122 3.02785 120.914 9.16032 3.14529 86.7661 163.053 72.8838 71.4655 21.7507 0.00305143 54.132
-67.2491 0.854787 9.28807 9.45128 7.06622 16.5509 16.6412 15.4699 3.63381 30.5085 34.3251 40.8018 31.8177 103.106 27.1909 50.5916 50.2259 23.8552 48.6845 33.0832 17.1896 91.3202 10.6435 12.5373 48.9674 175.443 58.253 59.1976 15.5611 0.000298633 51.6815
-66.9754 0.842461 9.28807 9.44864 4.89227 16.5509 24.8586 16.4294 4.99648 30.5085 4.16772 47.5706 32.0594 108.067 21.7391 43.3147 53.9581 48.0596 45.3329 28.9356 13.5401 91.3202 11.263 20.2454 47.265 177.9 58.253 101.945 7.6346 0.00225344 51.4412
-66.9754 0.988711 4.97462 4.55963 2.20042 20.8602 35.1876 4.99136 19.7419 15.0246 19.0122 47.5706 32.3369 115.515 21.7391 28.9875 53.9581 48.0596 53.3415 23.6059 29.3377 73.1582 16.1826 18.4838 47.265 188.118 38.388 150.791 16.2627 0.0108899 55.2184
-66.9455 0.538331 9.04184 6.65084 2.20042 10.9402 35.1876 16.47 15.4216 21.4167 6.63726 43.7361 35.0717 120.733 21.7391 41.1387 54.8675 28.5367 97.8316 23.7984 38.4562 46.3068 15.7863 18.9367 12.6749 175.439 38.388 157.86 14.3918 0.0209044 59.1783
-67.6265 0.543854 5.2375 6.71084 1.02964 5.90624 43.3582 42.5941 2.62029 19.8637 18.2539 53.7167 50.5471 115.268 21.7391 16.171 68.8401 12.6374 62.411 25.5263 38.4562 42.5736 17.7486 13.4378 35.9168 157.574 105.367 88.5952 17.065 0.00890439 59.9958
-67.7525 0.534049 5.2375 8.27775 1.02964 9.41682 43.3582 32.64 2.62029 14.3955 11.0148 57.8972 41.3951 115.268 58.6423 16.171 74.0977 12.6374 62.411 18.1907 23.1466 36.2705 24.746 5.1981 94.6811 139.638 18.1847 70.3711 16.9115 0.00671269 54.2492
-67.7631 0.362881 5.02479 8.12636 1.29391 9.6113 41.624 32.64 2.34683 29.9203 11.0148 57.8972 47.9035 74.4392 79.7589 5.31328 81.6302 12.6374 62.0561 15.4903 0.253803 36.2705 21.1665 5.1981 105.551 139.772 49.0111 65.8723 7.25918 0.0111011 59.7714
-67.7618 1.05256 5.02479 6.58053 1.29391 12.2083 41.6593 1.15965 2.34683 29.9203 11.0148 57.8972 42.9723 74.4392 79.7589 5.31328 81.6302 12.6374 103.925 7.38062 2.2208 89.896 10.7178 38.9726 32.8418 139.772 64.444 48.0508 6.65504 0.00537808 57.6741
-67.7219 1.31224 11.1088 6.60305 14.7903 11.4874 3.98797 27.6758 3.32691 20.558 11.0148 88.5014 50.1404 114.097 36.6393 5.31328 87.6558 1.54601 92.9661 6.75458 20.39 38.514 9.57152 54.9587 32.8418 137.076 100.481 56.8561 60.2821 0.00449147 62.452
-66.764 0.624895 16.7026 1.50021 9.91198 6.91556 1.74053 6.29606 18.1305 17.5885 11.0148 48.0482 65.7462 116.222 42.6838 5.31328 98.8026 11.8226 93.6269 6.00767 33.7983 16.8564 9.64731 77.0885 45.0723 149.436 50.2083 64.7795 61.4893 0.000976019 51.6391
-66.7788 0.631202 15.4274 1.50021 7.96441 6.91556 1.39977 6.77916 18.5364 23.6375 20.0375 32.0384 89.938 42.0598 42.6838 1.4377 98.8026 18.5997 93.6269 7.70941 64.5188 11.3036 35.6843 76.8624 38.6099 145.119 97.7496 56.9053 33.1545 0.000976019 54.759
-66.957 0.860857 16.8207 1.52556 8.18509 9.97011 1.39977 7.17451 10.4002 22.1864 20.0375 35.7724 89.938 42.0598 42.6838 1.4377 98.8026 18.5997 111.554 7.97787 55.0019 11.3036 22.4132 73.4341 40.5144 127.705 128.331 54.5809 19.8229 0.000976019 54.1415
-66.9079 0.620216 37.7831 1.52556 3.48502 7.0554 2.73251 13.9263 15.9777 11.9802 20.0375 40.1728 70.158 28.8186 56.3931 16.456 98.8026 5.00688 66.7517 8.2955 95.5251 11.3036 25.4236 50.5056 69.0109 126.579 106.119 9.03291 36.4999 0.0075409 57.4965
-66.6562 0.620216 13.9464 17.6562 2.98867 17.6614 7.79143 3.1214 19.2506 7.5379 23.3801 42.1234 70.158 28.4957 64.1964 18.6659 98.8026 5.60006 76.7107 4.91148 66.1693 2.11025 77.087 21.1558 87.6647 119.644 43.2541 5.60292 43.8035 0.00226001 54.9335
-66.9085 0.200504 26.291 19.2758 9.96748 0.945689 9.36538 3.8141 13.5967 5.8942 37.2648 39.5313 43.9323 29.2498 83.1985 27.611 59.363 5.17996 73.9368 9.63802 41.5671 5.69513 119.012 17.5004 81.9546 146.536 40.915 22.5868 49.8302 0.00110613 55.3661
-66.2489 0.643167 42.7967 3.0432 11.7875 0.945689 4.4854 9.06312 28.1752 5.8942 41.6076 39.5313 28.6448 29.2616 64.1149 32.9731 66.6664 9.07247 74.8202 3.26278 16.1131 66.6593 88.2431 16.0219 73.6372 148.202 31.2871 13.103 63.6543 0.00165945 56.3671
-66.7857 0.464057 13.6571 26.1333 6.7495 6.35212 4.49608 6.93156 25.3352 13.0808 41.6076 43.6179 33.1299 34.8188 114.876 22.0068 66.6664 66.7792 33.6339 2.12877 42.3144 40.4082 13.907 23.4227 79.1464 154.492 20.3592 31.9244 50.4648 0.00106324 49.7187
-67.1586 0.965124 16.8504 1.03767 4.92506 4.46934 6.10424 11.428 31.4549 16.4391 53.5148 42.9264 19.697 24.2843 114.876 24.6182 111.494 37.6131 43.284 33.0168 16.4913 35.8396 26.8629 26.5799 67.7431 142.835 33.7895 86.457 22.3245 0.00164985 53.291
-66.5073 0.816344 6.46116 3.95785 11.6736 5.01337 12.4078 34.328 47.8232 6.22124 40.3409 26.5856 19.697 10.0871 114.876 22.2538 112.213 34.3114 41.9124 16.6193 47.1463 25.6995 11.9853 26.6905 47.3445 197.054 37.5194 137.525 64.7209 0.00050304 57.5228
-66.2084 0.271102 12.5978 3.95785 12.8686 1.8257 18.1225 19.4195 47.0506 9.50592 31.0755 33.4159 14.5591 10.0871 94.6509 22.139 116.32 63.026 53.473 15.1301 42.0484 33.0804 11.9853 35.8784 49.4679 190.184 19.8586 94.0484 84.874 0.000302222 54.5316
-66.4595 0.738647 12.4633 13.9189 15.7676 1.00946 18.1225 23.2491 53.455 19.0028 31.0755 25.4436 10.5468 10.0871 91.6377 12.4891 116.32 20.0148 93.8624 12.9979 26.5202 10.595 4.66308 13.1453 118.453 169.471 17.8119 177.957 78.5391 0.0023428 54.7211
-65.9437 0.763554 9.84334 5.9202 25.5712 13.8869 10.0984 20.0369 53.455 19.0028 31.7702 25.4436 10.5468 10.0871 91.6377 12.4891 116.32 19.5948 93.8624 19.3818 26.5202 7.56421 4.66308 29.678 111.068 169.471 8.15708 58.961 28.2278 0.00389585 54.7999
-66.7355 0.89539 14.6123 5.03691 25.5712 11.9924 6.76568 19.4861 42.6475 13.0212 15.5115 47.9488 5.80995 10.0871 91.6377 23.3773 123.488 17.9259 96.4157 11.5612 14.7457 9.8425 22.1893 43.7266 97.0365 162.248 12.94 27.1826 35.2896 0.00413225 50.2481
-66.7849 0.973265 20.1229 2.31329 23.3237 4.98581 7.28288 9.3946 38.0747 10.721 35.2985 47.9488 6.30921 40.4789 81.7961 19.6862 133.1 5.6698 96.4157 17.967 9.99339 11.9043 22.1893 21.7998 80.3097 177.924 36.6227 10.9355 85.0654 0.00185273 51.5816
-66.8805 0.22159 29.4655 2.31329 26.6642 5.46476 2.43575 23.2085 42.1051 6.73197 53.6651 7.26426 1.7417 40.4789 84.6033 14.7992 116.331 12.0264 96.4157 3.01928 9.99339 33.8716 25.979 25.3258 72.6628 177.924 47.3568 6.67897 45.1571 0.00560636 51.6449
-66.8808 0.150887 8.52547 8.29587 38.6174 3.17323 2.58311 48.9584 28.3921 7.40508 41.8005 7.26426 43.1765 40.4789 84.6033 66.5038 38.9306 7.23676 96.4157 3.01928 9.99339 28.1438 39.3947 40.117 52.7714 177.295 34.127 44.6056 45.1571 0.00448279 53.6996
