"Site","depth","SH20_age","XRF_value","OLS_Ti_Pred_ppm","OLS_Ti_L95_ppm","OLS_Ti_U95_ppm","OLS_Ti_XRF_pred","OLS_Ti_XRF_pred_lower","OLS_Ti_XRF_pred_upper","OLS_Ti_L95_log_pc","OLS_Ti_U95_log_pc","OLS_Ti_L95_pc_ppm","OLS_Ti_U95_pc_ppm","WLS_Ti_Pred_ppm","WLS_Ti_L95_ppm","WLS_Ti_U95_ppm","WLS_Ti_XRF_pred","WLS_Ti_XRF_pred_lower","WLS_Ti_XRF_pred_upper","WLS_Ti_L95_log_pc","WLS_Ti_U95_log_pc","WLS_Ti_L95_pc_ppm","WLS_Ti_U95_pc_ppm","OLS_weighted_Ti_Pred_ppm","OLS_weighted_Ti_L95_ppm","OLS_weighted_Ti_U95_ppm","OLS_weighted_Ti_XRF_pred","OLS_weighted_Ti_XRF_pred_lower","OLS_weighted_Ti_XRF_pred_upper","OLS_weighted_Ti_L95_log_pc","OLS_weighted_Ti_U95_log_pc","OLS_weighted_Ti_L95_pc_ppm","OLS_weighted_Ti_U95_pc_ppm","WLS_weighted_Ti_Pred_ppm","WLS_weighted_Ti_L95_ppm","WLS_weighted_Ti_U95_ppm","WLS_weighted_Ti_XRF_pred","WLS_weighted_Ti_XRF_pred_lower","WLS_weighted_Ti_XRF_pred_upper","WLS_weighted_Ti_L95_log_pc","WLS_weighted_Ti_U95_log_pc","WLS_weighted_Ti_L95_pc_ppm","WLS_weighted_Ti_U95_pc_ppm","Bayes_Ti_Pred_ppm","Bayes_Ti_L95_ppm","Bayes_Ti_U95_ppm","Bayes_Ti_XRF_pred","Bayes_Ti_XRF_pred_lower","Bayes_Ti_XRF_pred_upper","Bayes_Ti_L95_log_pc","Bayes_Ti_U95_log_pc","Bayes_Ti_L95_pc_ppm","Bayes_Ti_U95_pc_ppm","RF_Ti_Pred_ppm","RF_Ti_L95_ppm","RF_Ti_U95_ppm","RF_Ti_XRF_pred","RF_Ti_XRF_pred_lower","RF_Ti_XRF_pred_upper","RF_Ti_L95_log_pc","RF_Ti_U95_log_pc","RF_Ti_L95_pc_ppm","RF_Ti_U95_pc_ppm","PLS_LOO_Ti_Pred_ppm","PLS_LOO_Ti_L95_ppm","PLS_LOO_Ti_U95_ppm","PLS_LOO_Ti_XRF_pred","PLS_LOO_Ti_XRF_pred_lower","PLS_LOO_Ti_XRF_pred_upper","PLS_LOO_Ti_L95_log_pc","PLS_LOO_Ti_U95_log_pc","PLS_LOO_Ti_L95_pc_ppm","PLS_LOO_Ti_U95_pc_ppm","PLS_kfold_Ti_Pred_ppm","PLS_kfold_Ti_L95_ppm","PLS_kfold_Ti_U95_ppm","PLS_kfold_Ti_XRF_pred","PLS_kfold_Ti_XRF_pred_lower","PLS_kfold_Ti_XRF_pred_upper","PLS_kfold_Ti_L95_log_pc","PLS_kfold_Ti_U95_log_pc","PLS_kfold_Ti_L95_pc_ppm","PLS_kfold_Ti_U95_pc_ppm"
"BI10",0.6,-61,-7.824881376,302.085065124905,86.2358528242045,1058.20704014543,302.085065124905,86.2358528242045,1058.20704014543,21.9521378141391,21.9521378141391,235.770935312754,368.399194937056,322.480203307426,91.8457791510978,1132.26195570856,322.480203307426,91.8457791510978,1132.26195570856,21.743798727414,21.743798727414,252.360756964504,392.599649650348,247.805613837073,68.9163964056945,891.045171423016,247.805613837073,68.9163964056945,891.045171423016,23.2148195167915,23.2148195167915,190.277987832319,305.333239841827,319.365835082804,91.0138968306459,1120.64794685061,319.365835082804,91.0138968306459,1120.64794685061,21.7698861400023,21.7698861400023,249.84025641521,388.891413750398,330.235480503063,100.760299618374,1082.32580685183,330.235480503063,100.760299618374,1082.32580685183,20.46726316114,20.46726316114,262.645315657046,397.82564534908,180.691650874498,52.5513648770811,621.286864235008,180.691650874498,52.5513648770811,621.286864235008,23.7646787505254,23.7646787505254,137.750860515153,223.632441233843,328.006778509314,99.6843095233255,1079.2916885569,328.006778509314,99.6843095233255,1079.2916885569,20.5596226479138,20.5596226479138,260.569822588221,395.443734430408,328.006778509314,99.6843095233255,1079.2916885569,328.006778509314,99.6843095233255,1079.2916885569,20.5596226479138,20.5596226479138,260.569822588221,395.443734430408
"BI10",4.5,-20,-8.167386997,237.198970617391,67.7128990529753,830.910394457226,237.198970617391,67.7128990529753,830.910394457226,22.9227593713759,22.9227593713759,182.826421351386,291.571519883397,255.41211117425,72.744075806298,896.778820974991,255.41211117425,72.744075806298,896.778820974991,22.6584602826336,22.6584602826336,197.539659406796,313.284562941703,192.239578334363,53.4631107835399,691.24401735246,192.239578334363,53.4631107835399,691.24401735246,24.3356757781213,24.3356757781213,145.456777833685,239.022378835041,252.647248529764,72.0002207069914,886.533840631163,252.647248529764,72.0002207069914,886.533840631163,22.6920890027819,22.6920890027819,195.316310030311,309.978187029218,82.6742938644727,25.225292593733,270.959745683477,82.6742938644727,25.225292593733,270.959745683477,26.8875672884372,26.8875672884372,60.4451874714223,104.903400257523,146.868654257858,42.7144707658427,504.990491905228,146.868654257858,42.7144707658427,504.990491905228,24.7518057630279,24.7518057630279,110.51601022918,183.221298286537,107.049920817187,32.5334661975131,352.242994256849,107.049920817187,32.5334661975131,352.242994256849,25.4857850081345,25.4857850081345,79.7674081463406,134.332433488034,107.049920817187,32.5334661975131,352.242994256849,107.049920817187,32.5334661975131,352.242994256849,25.4857850081345,25.4857850081345,79.7674081463406,134.332433488034
"BI10",12.3,60,-8.121927888,244.935155820827,69.9213383491996,858.010329512804,244.935155820827,69.9213383491996,858.010329512804,22.7890222348209,22.7890222348209,189.116828699926,300.753482941729,263.439833933768,75.0304563161555,924.965001020634,263.439833933768,75.0304563161555,924.965001020634,22.5326573876457,22.5326573876457,204.079838730889,322.799829136647,198.828294050618,55.2954766330253,714.935342314564,198.828294050618,55.2954766330253,714.935342314564,24.180720255403,24.180720255403,150.750180477648,246.906407623588,260.628873155285,74.2748496134293,914.541192284175,260.628873155285,74.2748496134293,914.541192284175,22.5652178008689,22.5652178008689,201.817400275844,319.440346034725,151.473735918892,46.2171387285579,496.445546055599,151.473735918892,46.2171387285579,496.445546055599,23.6447027290581,23.6447027290581,115.658221348272,187.289250489513,282.284454725026,82.0980565930309,970.601701017235,282.284454725026,82.0980565930309,970.601701017235,21.8858668576182,21.8858668576182,220.504054804153,344.064854645898,168.066579856459,51.0769961617187,553.015591896097,168.066579856459,51.0769961617187,553.015591896097,23.2424329665491,23.2424329665491,129.00381769415,207.129342018768,168.066579856459,51.0769961617187,553.015591896097,168.066579856459,51.0769961617187,553.015591896097,23.2424329665491,23.2424329665491,129.00381769415,207.129342018768
"BI10",27.2,214,-7.153374378,485.31263228222,138.541601564818,1700.05506210712,485.31263228222,138.541601564818,1700.05506210712,20.269434646029,20.269434646029,386.942505452852,583.682759111588,509.370373896751,145.074080167438,1788.45302692432,509.370373896751,145.074080167438,1788.45302692432,20.1491344517667,20.1491344517667,406.736652402828,612.004095390674,407.661946369878,113.373510230543,1465.84737634158,407.661946369878,113.373510230543,1465.84737634158,21.2921328344103,21.2921328344103,320.862023233461,494.461869506295,505.619130574076,144.09295651095,1774.20681338478,505.619130574076,144.09295651095,1774.20681338478,20.1633259598521,20.1633259598521,403.669497161055,607.568763987097,650.85125134329,198.585466929364,2133.12362644243,650.85125134329,198.585466929364,2133.12362644243,18.3237116384073,18.3237116384073,531.59114485218,770.111357834401,892.305657137228,259.513264410161,3068.08743502486,892.305657137228,259.513264410161,3068.08743502486,18.1783292664067,18.1783292664067,730.099396720048,1054.51191755441,605.300074030696,183.956320074813,1991.71292115737,605.300074030696,183.956320074813,1991.71292115737,18.5931508476944,18.5931508476944,492.755718184963,717.84442987643,605.300074030696,183.956320074813,1991.71292115737,605.300074030696,183.956320074813,1991.71292115737,18.5931508476944,18.5931508476944,492.755718184963,717.84442987643
"BI10",36.7,340,-6.238249402,925.998362356503,264.343616122207,3243.78163416858,925.998362356503,264.343616122207,3243.78163416858,18.352306228759,18.352306228759,756.056307223544,1095.94041748946,949.707367595704,270.486722123562,3334.52258574653,949.707367595704,270.486722123562,3334.52258574653,18.3183007577272,18.3183007577272,775.737115681229,1123.67761951018,803.380072429755,223.425364255092,2888.74785067081,803.380072429755,223.425364255092,2888.74785067081,19.1326569580308,19.1326569580308,649.672119102591,957.08802575692,945.689221833344,269.505538209738,3318.40343702236,945.689221833344,269.505538209738,3318.40343702236,18.3207941228147,18.3207941228147,772.431446459609,1118.94699720708,957.695138221573,292.208604972629,3138.78497130209,957.695138221573,292.208604972629,3138.78497130209,17.2926862970417,17.2926862970417,792.083922286896,1123.30635415625,1142.27721673975,332.213616496099,3927.58506904259,1142.27721673975,332.213616496099,3927.58506904259,17.5406855324586,17.5406855324586,941.913962242512,1342.64047123699,954.873324051555,290.19488079762,3141.96812321144,954.873324051555,290.19488079762,3141.96812321144,17.3579002887341,17.3579002887341,789.127364578966,1120.61928352414,954.873324051555,290.19488079762,3141.96812321144,954.873324051555,290.19488079762,3141.96812321144,17.3579002887341,17.3579002887341,789.127364578966,1120.61928352414
"BI10",41.4,404,-7.114653298,498.76268849442,142.381172605886,1747.17074512911,498.76268849442,142.381172605886,1747.17074512911,20.1802369018355,20.1802369018355,398.111196378282,599.414180610559,522.975742101779,148.949033205212,1836.22290753704,522.975742101779,148.949033205212,1836.22290753704,20.0642839470232,20.0642839470232,418.044404232426,627.907079971131,419.533140288945,116.674968552118,1508.53313255518,419.533140288945,116.674968552118,1508.53313255518,21.1909305875772,21.1909305875772,330.630163738432,508.436116839459,519.193537853712,147.961434500669,1821.83912084088,519.193537853712,147.961434500669,1821.83912084088,20.0778870366278,20.0778870366278,414.950445821972,623.436629885451,430.054550461932,131.21674657968,1409.476466944,430.054550461932,131.21674657968,1409.476466944,19.5758371828356,19.5758371828356,345.867771866128,514.241329057735,877.439843376578,255.18977298513,3016.97309315596,877.439843376578,255.18977298513,3016.97309315596,18.2233937110211,18.2233937110211,717.540526140697,1037.33916061246,438.693450688668,133.323018271292,1443.5012511157,438.693450688668,133.323018271292,1443.5012511157,19.5770047430912,19.5770047430912,352.810413039717,524.576488337619,438.693450688668,133.323018271292,1443.5012511157,438.693450688668,133.323018271292,1443.5012511157,19.5770047430912,19.5770047430912,352.810413039717,524.576488337619
"BI10",46.4,467,-6.739180111,650.1576468576,185.599705578827,2277.50881634822,650.1576468576,185.599705578827,2277.50881634822,19.3543468728507,19.3543468728507,524.323880664416,775.991413050783,675.289438084428,192.329587854558,2371.01233499875,675.289438084428,192.329587854558,2371.01233499875,19.2771087534137,19.2771087534137,545.113158704577,805.465717464279,554.176858502067,154.12028592904,1992.67726923775,554.176858502067,154.12028592904,1992.67726923775,20.2572816220628,20.2572816220628,441.915691591003,666.438025413132,671.273205416011,191.301584426115,2355.4834512284,671.273205416011,191.301584426115,2355.4834512284,19.2854673964212,19.2854673964212,541.815030244595,800.731380587428,641.387012379879,195.697771300292,2102.1051845212,641.387012379879,195.697771300292,2102.1051845212,18.3652374011455,18.3652374011455,523.5947648962,759.179259863558,327.567326018687,95.2678775588481,1126.30149662725,327.567326018687,95.2678775588481,1126.30149662725,21.3236577334357,21.3236577334357,257.717990571894,397.416661465479,635.267923671291,193.063828196743,2090.32079501904,635.267923671291,193.063828196743,2090.32079501904,18.4539408647281,18.4539408647281,518.035956704405,752.499890638178,635.267923671291,193.063828196743,2090.32079501904,635.267923671291,193.063828196743,2090.32079501904,18.4539408647281,18.4539408647281,518.035956704405,752.499890638178
"BI10",49.8,509,-7.268801195,447.332351339817,127.699417373366,1567.0097536165,447.332351339817,127.699417373366,1567.0097536165,20.5400726893391,20.5400726893391,355.449961211688,539.214741467945,470.877366401162,134.110863731075,1653.30002372893,470.877366401162,134.110863731075,1653.30002372893,20.4063848738093,20.4063848738093,374.788318729684,566.966414072641,374.230314521332,104.075950109575,1345.63583766746,374.230314521332,104.075950109575,1345.63583766746,21.5996332883617,21.5996332883617,293.397938930842,455.062690111822,467.223823894432,133.150939247219,1639.47849597385,467.223823894432,133.150939247219,1639.47849597385,20.4223878545598,20.4223878545598,371.805562429806,562.642085359058,431.198847794841,131.56589059637,1413.2268287532,431.198847794841,131.56589059637,1413.2268287532,19.5672625532873,19.5672625532873,346.825037120075,515.572658469607,998.377578874565,290.362638110906,3432.80318874468,998.377578874565,290.362638110906,3432.80318874468,17.8826730285639,17.8826730285639,819.840980853934,1176.9141768952,420.579983290622,127.818167125064,1383.89969378659,420.579983290622,127.818167125064,1383.89969378659,19.7136379717194,19.7136379717194,337.668368003191,503.491598578053,420.579983290622,127.818167125064,1383.89969378659,420.579983290622,127.818167125064,1383.89969378659,19.7136379717194,19.7136379717194,337.668368003191,503.491598578053
"BI10",58.9,731,-7.858562551,294.986533428033,84.2094436919744,1033.34081177621,294.986533428033,84.2094436919744,1033.34081177621,22.0439270029921,22.0439270029921,229.9599173305,360.013149525565,315.170267757275,89.7638320446954,1106.59600214853,315.170267757275,89.7638320446954,1106.59600214853,21.830457472944,21.830457472944,246.367156487159,383.97337902739,241.694973828201,67.2169866037001,869.072883588608,241.694973828201,67.2169866037001,869.072883588608,23.3204435748396,23.3204435748396,185.330633833372,298.05931382303,312.0902902036,88.9404887879512,1095.11821406318,312.0902902036,88.9404887879512,1095.11821406318,21.857236918144,21.857236918144,243.875976075276,380.304604331924,294.897464684275,89.9780873121865,966.507705098051,294.897464684275,89.9780873121865,966.507705098051,20.874613407951,20.874613407951,233.338758981584,356.456170386967,324.115745368762,94.26403884655,1114.43364491265,324.115745368762,94.26403884655,1114.43364491265,21.3627298386785,21.3627298386785,254.875774321014,393.35571641651,283.303275782037,86.0984994285007,932.196804840763,283.303275782037,86.0984994285007,932.196804840763,21.0931053980623,21.0931053980623,223.545817225168,343.060734338905,283.303275782037,86.0984994285007,932.196804840763,283.303275782037,86.0984994285007,932.196804840763,21.0931053980623,21.0931053980623,223.545817225168,343.060734338905
"BI10",64.6,891,-6.618698154,707.88047119973,202.077769406666,2479.71245415687,707.88047119973,202.077769406666,2479.71245415687,19.1034753140068,19.1034753140068,572.650700131414,843.110242268045,733.010797841227,208.769242773375,2573.67810801082,733.010797841227,208.769242773375,2573.67810801082,19.0374465675459,19.0374465675459,593.464258867861,872.557336814592,605.950401944129,168.518854177484,2178.84159851658,605.950401944129,168.518854177484,2178.84159851658,19.9748840601499,19.9748840601499,484.912511693777,726.988292194481,728.953693055797,207.739554222814,2557.88305990949,728.953693055797,207.739554222814,2557.88305990949,19.0442853428007,19.0442853428007,590.129671733367,867.777714378226,894.226658900659,272.84332361959,2930.77106260269,894.226658900659,272.84332361959,2930.77106260269,17.4671669430126,17.4671669430126,738.030595541557,1050.42272225976,1105.51905014136,321.523073708008,3801.19646198511,1105.51905014136,321.523073708008,3801.19646198511,17.6225534467913,17.6225534467913,910.69836466574,1300.33973561698,831.279759203639,252.63364737012,2735.28900546362,831.279759203639,252.63364737012,2735.28900546362,17.7157807617726,17.7157807617726,684.012059546131,978.547458861147,831.279759203639,252.63364737012,2735.28900546362,831.279759203639,252.63364737012,2735.28900546362,17.7157807617726,17.7157807617726,684.012059546131,978.547458861147
"BI10",69.2,1024,-6.985331533,546.44393240975,155.992678792255,1914.19862508481,546.44393240975,155.992678792255,1914.19862508481,19.8879386827947,19.8879386827947,437.767498196247,655.120366623253,571.104317743603,162.65656155554,2005.20740526054,571.104317743603,162.65656155554,2005.20740526054,19.7860050255142,19.7860050255142,458.105588733925,684.103046753281,461.743622416091,128.413985573187,1660.31115606501,461.743622416091,128.413985573187,1660.31115606501,20.8597955047572,20.8597955047572,365.424847023836,558.062397808346,567.226631219031,161.650059030198,1990.38622747416,567.226631219031,161.650059030198,1990.38622747416,19.7977098871278,19.7977098871278,454.928748367759,679.524514070304,580.817116038852,177.216895490465,1903.59119738581,580.817116038852,177.216895490465,1903.59119738581,18.651480896801,18.651480896801,472.486122595515,689.148109482189,640.836882566955,186.377470566462,2203.44180447329,640.836882566955,186.377470566462,2203.44180447329,19.1094526980763,19.1094526980763,518.376461620996,763.297303512914,553.329748915614,168.162055095461,1820.70688218701,553.329748915614,168.162055095461,1820.70688218701,18.8574198770962,18.8574198770962,448.986034857715,657.673462973514,553.329748915614,168.162055095461,1820.70688218701,553.329748915614,168.162055095461,1820.70688218701,18.8574198770962,18.8574198770962,448.986034857715,657.673462973514
"BI10",80.5,1228,-6.562776797,736.386995301148,210.215491858861,2579.57109656186,736.386995301148,210.215491858861,2579.57109656186,18.989230639194,18.989230639194,596.552770366382,876.221220235914,761.453673735442,216.870075230714,2673.5440407275,761.453673735442,216.870075230714,2673.5440407275,18.9282213013492,18.9282213013492,617.324037263544,905.58331020734,631.597988927994,175.651619428684,2271.063716437,631.597988927994,175.651619428684,2271.063716437,19.8464681903128,19.8464681903128,506.248094964744,756.947882891244,757.385000851372,215.841999225411,2657.64791640745,757.385000851372,215.841999225411,2657.64791640745,18.934379297501,18.934379297501,613.978852047792,900.791149654952,778.423955410167,237.510006065265,2551.23505908169,778.423955410167,237.510006065265,2551.23505908169,17.8310526597567,17.8310526597567,639.622770004819,917.225140815515,1146.1680984824,333.345219119473,3940.96340559161,1146.1680984824,333.345219119473,3940.96340559161,17.5322180549704,17.5322180549704,945.219408179958,1347.11678878484,759.428829399891,230.797481792547,2498.86672265379,759.428829399891,230.797481792547,2498.86672265379,17.9572412404009,17.9572412404009,623.0563624554,895.801296344383,759.428829399891,230.797481792547,2498.86672265379,759.428829399891,230.797481792547,2498.86672265379,17.9572412404009,17.9572412404009,623.0563624554,895.801296344383
"BI10",85.3,1270,-7.448044871,394.159485477431,112.520224609057,1380.74466640665,394.159485477431,112.520224609057,1380.74466640665,20.9749689343306,20.9749689343306,311.484655846823,476.83431510804,416.787355975042,118.705455582216,1463.38430065123,416.787355975042,118.705455582216,1463.38430065123,20.8191469167256,20.8191469167256,330.015784004262,503.558927945822,327.666595783729,91.1262689100451,1178.20469637007,327.666595783729,91.1262689100451,1178.20469637007,22.095152760173,22.095152760173,255.268160901255,400.065030666202,413.298274146658,117.783063657122,1450.25488477585,413.298274146658,117.783063657122,1450.25488477585,20.8381428730185,20.8381428730185,327.174589288257,499.421959005058,468.828673951052,143.047372090458,1536.55619328475,468.828673951052,143.047372090458,1536.55619328475,19.3010688012926,19.3010688012926,378.339729031571,559.317618870532,744.399799640604,216.497139165054,2559.53064249275,744.399799640604,216.497139165054,2559.53064249275,18.6765415022086,18.6765415022086,605.371662118368,883.427937162839,429.889521788293,130.647422426856,1414.532315376,429.889521788293,130.647422426856,1414.532315376,19.6424579493014,19.6424579493014,345.448653242575,514.330390334012,429.889521788293,130.647422426856,1414.532315376,429.889521788293,130.647422426856,1414.532315376,19.6424579493014,19.6424579493014,345.448653242575,514.330390334012
"BI10",93.5,1342,-5.938596762,1144.16173662301,326.622446845266,4008.01014197396,1144.16173662301,326.622446845266,4008.01014197396,17.8010015146016,17.8010015146016,940.489488557255,1347.83398468876,1164.61377410983,331.694344012947,4089.08161181492,1164.61377410983,331.694344012947,4089.08161181492,17.7890245925617,17.7890245925617,957.440343425075,1371.78720479459,1003.21274785021,279.000166055753,3607.29468973883,1003.21274785021,279.000166055753,3607.29468973883,18.51768737239,18.51768737239,817.440947523346,1188.98454817708,1160.88384059175,330.832388732462,4073.51679353521,1160.88384059175,330.832388732462,4073.51679353521,17.7885259581964,17.7885259581964,954.379717263579,1367.38796391992,1505.12579580127,459.238740541305,4932.95417219412,1505.12579580127,459.238740541305,4932.95417219412,16.2241532895571,16.2241532895571,1260.93187948981,1749.31971211273,859.523868802694,249.979189582941,2955.37113418966,859.523868802694,249.979189582941,2955.37113418966,18.2790366896932,18.2790366896932,702.411185467579,1016.63655213781,1421.39941548603,431.97649735632,4677.05143846637,1421.39941548603,431.97649735632,4677.05143846637,16.4066789420289,16.4066789420289,1188.19497690336,1654.6038540687,1421.39941548603,431.97649735632,4677.05143846637,1421.39941548603,431.97649735632,4677.05143846637,16.4066789420289,16.4066789420289,1188.19497690336,1654.6038540687
"BI10",96.8,1371,-6.115450024,1009.86198713501,288.284062170785,3537.55676044317,1009.86198713501,288.284062170785,3537.55676044317,18.1223004989033,18.1223004989033,826.851763202211,1192.87221106782,1032.51261452685,294.070533917862,3625.26052832902,1032.51261452685,294.070533917862,3625.26052832902,18.097637439982,18.097637439982,845.652225027698,1219.37300402599,879.945614213497,244.718752838509,3164.05782144753,879.945614213497,244.718752838509,3164.05782144753,18.875765582763,18.875765582763,713.849142818753,1046.04208560824,1028.57905868598,293.127748950153,3609.26211781894,1028.57905868598,293.127748950153,3609.26211781894,18.0988621566368,18.0988621566368,842.417952682368,1214.74016468958,1576.1577232566,480.911754846028,5165.75680163362,1576.1577232566,480.911754846028,5165.75680163362,16.1225398516823,16.1225398516823,1322.04106619919,1830.27438031401,690.327803145265,200.771137417289,2373.610479702,690.327803145265,200.771137417289,2373.610479702,18.891991057597,18.891991057597,559.911136306955,820.744469983574,1417.20546864459,430.701917919375,4663.25144326875,1417.20546864459,430.701917919375,4663.25144326875,16.4133599997646,16.4133599997646,1184.59443313961,1649.81650414958,1417.20546864459,430.701917919375,4663.25144326875,1417.20546864459,430.701917919375,4663.25144326875,16.4133599997646,16.4133599997646,1184.59443313961,1649.81650414958
"BI10",103.7,1487,-6.537192017,749.80912229591,214.047089980501,2626.58894325253,749.80912229591,214.047089980501,2626.58894325253,18.9374164984396,18.9374164984396,607.814645863439,891.80359872838,774.832110665072,220.680395836517,2720.5171417331,774.832110665072,220.680395836517,2720.5171417331,18.8786660476492,18.8786660476492,628.554144062661,921.110077267483,643.691327137791,179.014857561306,2314.54824631255,643.691327137791,179.014857561306,2314.54824631255,19.788265087762,19.788265087762,516.315980976832,771.066673298751,770.759867268214,219.653611422033,2704.58003920496,770.759867268214,219.653611422033,2704.58003920496,18.8845176318029,18.8845176318029,625.205584235087,916.31415030134,898.501655950533,274.147695829859,2944.78209383485,898.501655950533,274.147695829859,2944.78209383485,17.4549174196304,17.4549174196304,741.668933890356,1055.33437801071,591.585022490349,172.053330755717,2034.09511049688,591.585022490349,172.053330755717,2034.09511049688,19.3488731405043,19.3488731405043,477.119986970467,706.05005801023,853.068561029175,259.255466819065,2806.98408695184,853.068561029175,259.255466819065,2806.98408695184,17.6478624575782,17.6478624575782,702.520194709904,1003.61692734845,853.068561029175,259.255466819065,2806.98408695184,853.068561029175,259.255466819065,2806.98408695184,17.6478624575782,17.6478624575782,702.520194709904,1003.61692734845
"BI10",115.4,1768,-7.231922358,459.13226644368,131.06792465728,1608.34497563704,459.13226644368,131.06792465728,1608.34497563704,20.4528215842466,20.4528215842466,365.226763152246,553.037769735113,482.848649231192,137.520411938021,1695.33245849687,482.848649231192,137.520411938021,1695.33245849687,20.3234822414842,20.3234822414842,384.716989751444,580.98030871094,384.602374241221,106.960489197012,1382.93109336411,384.602374241221,106.960489197012,1382.93109336411,21.5004258687767,21.5004258687767,301.911225877932,467.29352260451,479.163078826992,136.553426292788,1681.37308849853,479.163078826992,136.553426292788,1681.37308849853,20.3388969321597,20.3388969321597,381.706594087407,576.619563566577,425.734421979316,129.898604023844,1395.31752030832,425.734421979316,129.898604023844,1395.31752030832,19.6084850495542,19.6084850495542,342.254351494696,509.214492463937,518.001725526437,150.652769806197,1781.08764939102,518.001725526437,150.652769806197,1781.08764939102,19.7600824990734,19.7600824990734,415.64415721579,620.359293837085,422.702591849031,128.463247600214,1390.88404266366,422.702591849031,128.463247600214,1390.88404266366,19.6972253375258,19.6972253375258,339.441909824966,505.963273873096,422.702591849031,128.463247600214,1390.88404266366,422.702591849031,128.463247600214,1390.88404266366,19.6972253375258,19.6972253375258,339.441909824966,505.963273873096
"BI10",121.2,1912,-7.323377736,430.423987017025,122.872607359983,1507.77958228604,430.423987017025,122.872607359983,1507.77958228604,20.6705692100631,20.6705692100631,341.452898883958,519.395075150093,453.703673516272,129.219614011753,1593.00137936828,453.703673516272,129.219614011753,1593.00137936828,20.5303200843434,20.5303200843434,360.556857108957,546.850489923587,359.39188136959,99.9492827379586,1292.28065330898,359.39188136959,99.9492827379586,1292.28065330898,21.7481406610685,21.7481406610685,281.230829484871,437.552933254309,450.098769252652,128.270586419303,1579.38704217436,450.098769252652,128.270586419303,1579.38704217436,20.547210540906,20.547210540906,357.616027492283,542.581511013021,368.579225026249,112.459609398054,1207.99499347454,368.579225026249,112.459609398054,1207.99499347454,20.0868141244997,20.0868141244997,294.543401193705,442.615048858794,461.637020680623,134.259969385115,1587.28428018328,461.637020680623,134.259969385115,1587.28428018328,20.1311398477118,20.1311398477118,368.704226458596,554.569814902649,369.938902275265,112.427871785825,1217.26747329467,369.938902275265,112.427871785825,1217.26747329467,20.1413484949179,20.1413484949179,295.42821874973,444.449585800799,369.938902275265,112.427871785825,1217.26747329467,369.938902275265,112.427871785825,1217.26747329467,20.1413484949179,20.1413484949179,295.42821874973,444.449585800799
"BI10",122.3,1943,-7.885190979,289.492678973301,82.6411198028079,1014.09578402508,289.492678973301,82.6411198028079,1014.09578402508,22.1170409160129,22.1170409160129,225.465464715915,353.519893230688,309.5084872655,88.1512969640417,1086.71689457337,309.5084872655,88.1512969640417,1086.71689457337,21.8994605871024,21.8994605871024,241.727798083055,377.289176447945,236.970727384059,65.9031421123614,852.08570998312,236.970727384059,65.9031421123614,852.08570998312,23.404633024037,23.404633024037,181.508598265429,292.432856502689,306.455732083805,87.3347343988871,1075.34666903639,306.455732083805,87.3347343988871,1075.34666903639,21.9267944335285,21.9267944335285,239.259813680025,373.651650487586,251.141079314938,76.6272914094711,823.098931977597,251.141079314938,76.6272914094711,823.098931977597,21.4813312012157,21.4813312012157,197.192632284988,305.089526344887,289.670359566019,84.246132491214,995.99726100017,289.670359566019,84.246132491214,995.99726100017,21.7861489709441,21.7861489709441,226.562343506296,352.778375625741,247.642748920119,75.2609337732309,814.857430250568,247.642748920119,75.2609337732309,814.857430250568,21.6079237483949,21.6079237483949,194.132292565031,301.153205275207,247.642748920119,75.2609337732309,814.857430250568,247.642748920119,75.2609337732309,814.857430250568,21.6079237483949,21.6079237483949,194.132292565031,301.153205275207
"BI10",132.5,2196,-6.946666456,561.565990578053,160.30955417986,1967.1713478792,561.565990578053,160.30955417986,1967.1713478792,19.8021835258069,19.8021835258069,450.363662505271,672.768318650835,586.336255761589,166.994778912434,2058.68834378822,586.336255761589,166.994778912434,2058.68834378822,19.7042969753647,19.7042969753647,470.802818652092,701.869692871087,475.169957774876,132.147939116589,1708.58880040933,475.169957774876,132.147939116589,1708.58880040933,20.7627918332167,20.7627918332167,376.511408588095,573.828506961657,582.432703506316,165.983534130925,2043.74401286154,582.432703506316,165.983534130925,2043.74401286154,19.715453669195,19.715453669195,467.603453692288,697.261953320344,433.116661745181,132.151047309254,1419.51234213301,433.116661745181,132.151047309254,1419.51234213301,19.552959320532,19.552959320532,348.4295370637,517.803786426662,490.350593484965,142.610866806567,1686.01250322101,490.350593484965,142.610866806567,1686.01250322101,19.9350585017345,19.9350585017345,392.598915810135,588.102271159795,452.765951326596,137.59978204957,1489.80618738791,452.765951326596,137.59978204957,1489.80618738791,19.4759262146108,19.4759262146108,364.585588721348,540.946313931845,452.765951326596,137.59978204957,1489.80618738791,452.765951326596,137.59978204957,1489.80618738791,19.4759262146108,19.4759262146108,364.585588721348,540.946313931845
"BI10",144.2,2368,-6.910696442,576.00950362204,164.432726123533,2017.76712023643,576.00950362204,164.432726123533,2017.76712023643,19.7230671009954,19.7230671009954,462.402762714554,689.616244529525,600.871024073183,171.1344349492,2109.72144605456,600.871024073183,171.1344349492,2109.72144605456,19.6288878068911,19.6288878068911,482.92672489374,718.815323252626,488.010739234515,135.719046209478,1754.7609437266,488.010739234515,135.719046209478,1754.7609437266,20.6733561477893,20.6733561477893,387.122541073104,588.898937395925,596.944654450904,170.119196312009,2094.66614116819,596.944654450904,170.119196312009,2094.66614116819,19.6395422919367,19.6395422919367,479.707456580564,714.181852321245,514.71390976074,157.04771542486,1686.94213847348,514.71390976074,157.04771542486,1686.94213847348,19.0124193872877,19.0124193872877,416.854342592322,612.573476929157,793.451833283275,230.76316255597,2728.19025691717,793.451833283275,230.76316255597,2728.19025691717,18.4980265918236,18.4980265918236,646.678902169223,940.224764397327,512.826511604872,155.852744711298,1687.43278465828,512.826511604872,155.852744711298,1687.43278465828,19.0871457739406,19.0871457739406,414.942567767436,610.710455442308,512.826511604872,155.852744711298,1687.43278465828,512.826511604872,155.852744711298,1687.43278465828,19.0871457739406,19.0871457739406,414.942567767436,610.710455442308
"BI10",156.6,2501,-6.669055902,683.155585770663,195.019586705464,2393.10093029021,683.155585770663,195.019586705464,2393.10093029021,19.2075365219184,19.2075365219184,551.938227132237,814.372944409088,708.307981411834,201.733618884174,2486.94391795827,708.307981411834,201.733618884174,2486.94391795827,19.1368893462654,19.1368893462654,572.759866778285,843.856096045382,583.746916171037,162.343916477595,2099.0035816108,583.746916171037,162.343916477595,2099.0035816108,20.0919542288619,20.0919542288619,466.460752961559,701.033079380514,704.265445307671,200.703818440699,2471.25252178977,704.265445307671,200.703818440699,2471.25252178977,19.1443544056207,19.1443544056207,569.438372501648,839.092518113695,613.510198516213,187.192094947679,2010.74069815078,613.510198516213,187.192094947679,2010.74069815078,18.4923686405744,18.4923686405744,500.057630959075,726.962766073351,372.933902563181,108.462042898948,1282.28910283925,372.933902563181,108.462042898948,1282.28910283925,20.8565655453404,20.8565655453404,295.152698734295,450.715106392066,619.764727202984,188.352262654192,2039.3082178694,619.764727202984,188.352262654192,2039.3082178694,18.5248563451551,18.5248563451551,504.954201810689,734.575252595278,619.764727202984,188.352262654192,2039.3082178694,619.764727202984,188.352262654192,2039.3082178694,18.5248563451551,18.5248563451551,504.954201810689,734.575252595278
"BI10",160.5,2532,-6.811931242,617.607099115471,176.307540660721,2163.48391820548,617.607099115471,176.307540660721,2163.48391820548,19.5090477782107,19.5090477782107,497.117835067413,738.096363163529,642.659794608865,183.03631962383,2256.44622037591,642.659794608865,183.03631962383,2256.44622037591,19.4247692837658,19.4247692837658,517.82461222657,767.49497699116,525.081172512404,146.028581313028,1888.05667526132,525.081172512404,146.028581313028,1888.05667526132,20.4317027025263,20.4317027025263,417.79814839773,632.364196627078,638.677574025722,182.012377170378,2241.10607149285,638.677574025722,182.012377170378,2241.10607149285,19.434082202917,19.434082202917,514.556449277967,762.798698773477,521.185598768342,159.022334634309,1708.15268803701,521.185598768342,159.022334634309,1708.15268803701,18.9744469100396,18.9744469100396,422.293514027271,620.077683509413,774.688853027152,225.306240684655,2663.67596912018,774.688853027152,225.306240684655,2663.67596912018,18.564570844529,18.564570844529,630.871192082257,918.506513972046,535.512884235924,162.747344272907,1762.0812828859,535.512884235924,162.747344272907,1762.0812828859,18.955647715762,18.955647715762,434.002948427646,637.022820044202,535.512884235924,162.747344272907,1762.0812828859,535.512884235924,162.747344272907,1762.0812828859,18.955647715762,18.955647715762,434.002948427646,637.022820044202
"BI10",167.6,2579,-6.811083197,617.976983955694,176.413131232139,2164.7796285439,617.976983955694,176.413131232139,2164.7796285439,19.5072302168018,19.5072302168018,497.426791008608,738.52717690278,643.030917760635,183.142019430161,2257.74927284649,643.030917760635,183.142019430161,2257.74927284649,19.4230350055541,19.4230350055541,518.134797507451,767.927038013819,525.411375249122,146.120412899671,1889.24399926737,525.411375249122,146.120412899671,1889.24399926737,20.4296522112374,20.4296522112374,418.071658607447,632.751091890798,639.048264043986,182.118017597037,2242.40681491075,639.048264043986,182.118017597037,2242.40681491075,19.4323366376749,19.4323366376749,514.866254097741,763.230273990231,615.991201397072,187.949089905485,2018.8720274699,615.991201397072,187.949089905485,2018.8720274699,18.4807496683363,18.4807496683363,502.151409487902,729.830993306242,359.435450974891,104.536227559619,1235.8762740299,359.435450974891,104.536227559619,1235.8762740299,20.9872318607094,20.9872318607094,283.999899489205,434.871002460578,606.451322791677,184.306195276629,1995.50105390522,606.451322791677,184.306195276629,1995.50105390522,18.5876371656914,18.5876371656914,493.726351324624,719.17629425873,606.451322791677,184.306195276629,1995.50105390522,606.451322791677,184.306195276629,1995.50105390522,18.5876371656914,18.5876371656914,493.726351324624,719.17629425873
"BI10",179.6,2658,-6.75049127,644.986365072017,184.123466113663,2259.39376392145,644.986365072017,184.123466113663,2259.39376392145,19.3782380984193,19.3782380984193,519.999371546021,769.973358598013,670.109569760952,190.854306466149,2352.8252717989,670.109569760952,190.854306466149,2352.8252717989,19.2999190746094,19.2999190746094,540.778965085875,799.44017443603,549.549482617015,152.833381787223,1976.03841721624,549.549482617015,152.833381787223,1976.03841721624,20.2842043924798,20.2842043924798,438.077742325165,661.021222908866,666.09819414723,189.82679316802,2337.32444636245,666.09819414723,189.82679316802,2337.32444636245,19.308424243191,19.308424243191,537.485128945049,794.711259349411,777.72164801226,237.295720478115,2548.933291204,777.72164801226,237.295720478115,2548.933291204,17.8334706060617,17.8334706060617,639.026886517015,916.416409507504,705.565022295045,205.202646340788,2426.00185506114,705.565022295045,205.202646340788,2426.00185506114,18.829106927759,18.829106927759,572.713429802244,838.416614787846,730.41050679052,221.978543763319,2403.38322517702,730.41050679052,221.978543763319,2403.38322517702,18.06334587889,18.06334587889,598.473930613195,862.347082967844,730.41050679052,221.978543763319,2403.38322517702,730.41050679052,221.978543763319,2403.38322517702,18.06334587889,18.06334587889,598.473930613195,862.347082967844
"BI10",183.3,2693,-7.023897161,531.766421249598,151.802707693521,1862.78315495866,531.766421249598,151.802707693521,1862.78315495866,19.9742163597864,19.9742163597864,425.55024574051,637.982596758686,556.305738478737,158.441769363738,1953.24803495411,556.305738478737,158.441769363738,1953.24803495411,19.8681807483746,19.8681807483746,445.777908844201,666.833568113272,448.729739892667,124.794737918245,1613.51658590008,448.729739892667,124.794737918245,1613.51658590008,20.9574568114711,20.9574568114711,354.687398454435,542.7720813309,552.455146497648,157.440434083563,1938.55340064514,552.455146497648,157.440434083563,1938.55340064514,19.8804411220694,19.8804411220694,442.624626372341,662.285666622955,655.855309846076,200.112287830862,2149.52411026782,655.855309846076,200.112287830862,2149.52411026782,18.30207364751,18.30207364751,535.820188016942,775.89043167521,1142.38262302992,332.244272281179,3927.9474961009,1142.38262302992,332.244272281179,3927.9474961009,17.5404556556663,17.5404556556663,942.00350561932,1342.76174044052,614.485876593578,186.747970875629,2021.93839516708,614.485876593578,186.747970875629,2021.93839516708,18.5495357864811,18.5495357864811,500.50159901198,728.470154175176,614.485876593578,186.747970875629,2021.93839516708,614.485876593578,186.747970875629,2021.93839516708,18.5495357864811,18.5495357864811,500.50159901198,728.470154175176
"BI10",187,2729,-6.786299747,628.884965555193,179.527019353137,2202.99039847255,628.884965555193,179.527019353137,2202.99039847255,19.4542625724866,19.4542625724866,506.540033077194,751.229898033191,653.971867550123,186.258117868956,2296.1640997999,653.971867550123,186.258117868956,2296.1640997999,19.3724884955447,19.3724884955447,527.281242744876,780.662492355369,535.153543218695,148.829774884034,1924.27432644223,535.153543218695,148.829774884034,1924.27432644223,20.3699094445469,20.3699094445469,426.143251075763,644.163835361627,649.976928463559,185.232503326927,2280.75526674323,649.976928463559,185.232503326927,2280.75526674323,19.3814619860198,19.3814619860198,524.001897155495,775.951959771622,661.007279433623,201.684238847377,2166.40936327644,661.007279433623,201.684238847377,2166.40936327644,18.280020591394,18.280020591394,540.175012642543,781.839546224702,613.606256794142,178.45786529476,2109.81251935873,613.606256794142,178.45786529476,2109.81251935873,19.238712005788,19.238712005788,495.556316200021,731.656197388263,643.426681682973,195.543350609842,2117.16682469859,643.426681682973,195.543350609842,2117.16682469859,18.417524863032,18.417524863032,524.92341260863,761.929950757317,643.426681682973,195.543350609842,2117.16682469859,643.426681682973,195.543350609842,2117.16682469859,18.417524863032,18.417524863032,524.92341260863,761.929950757317
"BI10",192.8,2816,-6.509717874,764.494968504288,218.239440475223,2678.03361113696,764.494968504288,218.239440475223,2678.03361113696,18.8820899648169,18.8820899648169,620.14234077481,908.847596233766,789.460351519655,224.846673844033,2771.87843594191,789.460351519655,224.846673844033,2771.87843594191,18.8257393973065,18.8257393973065,640.838603097505,938.082099941806,656.935679264341,182.698200352281,2362.17152581883,656.935679264341,182.698200352281,2362.17152581883,19.7261427854026,19.7261427854026,527.347609164403,786.523749364279,785.385540645539,223.821682585618,2755.90121711793,785.385540645539,223.821682585618,2755.90121711793,18.8312654161705,18.8312654161705,637.487504946352,933.283576344727,702.376463969556,214.306660346298,2301.99423732888,702.376463969556,214.306660346298,2301.99423732888,18.1107188932932,18.1107188932932,575.171037007376,829.581890931735,382.43467797211,111.225196108925,1314.95639506358,382.43467797211,111.225196108925,1314.95639506358,20.7683327213306,20.7683327213306,303.009371609113,461.859984335107,711.84503908362,216.336325520908,2342.29438097297,711.84503908362,216.336325520908,2342.29438097297,18.1341554488732,18.1341554488732,582.757953141104,840.932125026136,711.84503908362,216.336325520908,2342.29438097297,711.84503908362,216.336325520908,2342.29438097297,18.1341554488732,18.1341554488732,582.757953141104,840.932125026136
"BI10",206,3085,-6.148408027,986.635400896748,281.653597100876,3456.19379380423,986.635400896748,281.653597100876,3456.19379380423,18.1834635780094,18.1834635780094,807.23091212694,1166.03988966656,1009.60467600935,287.546110277881,3544.82834365211,1009.60467600935,287.546110277881,3544.82834365211,18.1563374162177,18.1563374162177,826.297444463181,1192.91190755552,858.707254284535,238.812223082353,3087.690148534,858.707254284535,238.812223082353,3087.690148534,18.9440326734225,18.9440326734225,696.033471463824,1021.38103710525,1005.64423330824,286.591709081589,3528.78430163588,1005.64423330824,286.591709081589,3528.78430163588,18.1578966483157,18.1578966483157,823.040392774379,1188.24807384209,636.684741432442,194.263030766571,2086.69379023532,636.684741432442,194.263030766571,2086.69379023532,18.3861688321231,18.3861688321231,519.622809944307,753.746672920577,1082.19155894419,314.738634606164,3720.98764333621,1082.19155894419,314.738634606164,3720.98764333621,17.67634556612,17.67634556612,890.899639297832,1273.48347859054,693.706546808879,210.823869081992,2282.61048040221,693.706546808879,210.823869081992,2282.61048040221,18.2057025497449,18.2057025497449,567.412396328747,820.00069728901,693.706546808879,210.823869081992,2282.61048040221,693.706546808879,210.823869081992,2282.61048040221,18.2057025497449,18.2057025497449,567.412396328747,820.00069728901
"BI10",217.5,3305,-6.663967305,685.614273455096,195.721465261452,2401.71373812998,685.614273455096,195.721465261452,2401.71373812998,19.1969697843907,19.1969697843907,553.997108542452,817.231438367741,710.765887478224,202.433656577752,2495.57388501093,710.765887478224,202.433656577752,2495.57388501093,19.1267935987093,19.1267935987093,574.81916321023,846.712611746219,585.953095676084,162.957469733946,2106.9364349664,585.953095676084,162.957469733946,2106.9364349664,20.0800621224569,20.0800621224569,468.293350055867,703.612841296301,706.721709107387,201.403812352064,2479.87149940634,706.721709107387,201.403812352064,2479.87149940634,19.1341947941242,19.1341947941242,571.496200634416,841.947217580358,729.385727726399,222.547632831948,2390.51538334132,729.385727726399,222.547632831948,2390.51538334132,18.0070547620555,18.0070547620555,598.044840308089,860.726615144709,480.337516517832,139.698718632064,1651.58372269825,480.337516517832,139.698718632064,1651.58372269825,20.0016700820514,20.0016700820514,384.261991183616,576.413041852048,711.790204421865,216.319660757393,2342.11394996192,711.790204421865,216.319660757393,2342.11394996192,18.1343681476336,18.1343681476336,582.71154831321,840.868860530519,711.790204421865,216.319660757393,2342.11394996192,711.790204421865,216.319660757393,2342.11394996192,18.1343681476336,18.1343681476336,582.71154831321,840.868860530519
"BI10",230.9,3561,-6.827553844,610.832585094775,174.373628456876,2139.75272703487,610.832585094775,174.373628456876,2139.75272703487,19.5425914118932,19.5425914118932,491.460068778999,730.205101410551,635.861189892758,181.100004957419,2232.57560322485,635.861189892758,181.100004957419,2232.57560322485,19.456773483259,19.456773483259,512.143118507369,759.579261278147,519.035199152644,144.347155738087,1866.31691204389,519.035199152644,144.347155738087,1866.31691204389,20.469550423251,20.469550423251,412.791027347672,625.279370957616,631.88709616333,180.077205077101,2217.27842858718,631.88709616333,180.077205077101,2217.27842858718,19.4662950293343,19.4662950293343,508.882089771883,754.892102554777,513.613551561882,156.711977963714,1683.3357843846,513.613551561882,156.711977963714,1683.3357843846,19.0189384210546,19.0189384210546,415.929706468136,611.297396655628,584.574055576329,170.014299739859,2009.98873021763,584.574055576329,170.014299739859,2009.98873021763,19.3850810130452,19.3850810130452,471.253901321614,697.894209831045,516.08091117576,156.841786997592,1698.1412414288,516.08091117576,156.841786997592,1698.1412414288,19.0678151130244,19.0678151130244,417.675557199154,614.486265152365,516.08091117576,156.841786997592,1698.1412414288,516.08091117576,156.841786997592,1698.1412414288,19.0678151130244,19.0678151130244,417.675557199154,614.486265152365
"BI10",241.1,3684,-7.049378421,522.285586677763,149.096225483123,1829.57169551024,522.285586677763,149.096225483123,1829.57169551024,20.0316340264371,20.0316340264371,417.663249381644,626.907923973882,546.738958724744,155.717049112818,1919.65806371559,546.738958724744,155.717049112818,1919.65806371559,19.9228517982324,19.9228517982324,437.812966254814,655.664951194674,440.333028646432,122.459556435511,1583.32417461471,440.333028646432,122.459556435511,1583.32417461471,21.0224873087057,21.0224873087057,347.764073583196,532.901983709668,542.90693717504,154.71935486111,1905.04893649134,542.90693717504,154.71935486111,1905.04893649134,19.9354840881747,19.9354840881747,434.675811100913,651.138063249167,449.725575526927,137.218701234371,1473.94700185636,449.725575526927,137.218701234371,1473.94700185636,19.4325091258659,19.4325091258659,362.332612021304,537.11853903255,384.270776708809,111.7591969562,1321.26960334426,384.270776708809,111.7591969562,1321.26960334426,20.7516185583954,20.7516185583954,304.528370894814,464.013182522804,455.747975240628,138.506046841424,1499.61840419672,455.747975240628,138.506046841424,1499.61840419672,19.4550419040874,19.4550419040874,367.082015680534,544.413934800722,455.747975240628,138.506046841424,1499.61840419672,455.747975240628,138.506046841424,1499.61840419672,19.4550419040874,19.4550419040874,367.082015680534,544.413934800722
"BI10",253.2,3756,-7.044590237,524.054141288143,149.601092597389,1835.76696020766,524.054141288143,149.601092597389,1835.76696020766,20.0208194983775,20.0208194983775,419.134207587072,628.974074989214,548.524013336496,156.225451582062,1925.92557844989,548.524013336496,156.225451582062,1925.92557844989,19.9125556154164,19.9125556154164,439.298864116952,657.74916255604,441.898776750565,122.895001441559,1588.95420157919,441.898776750565,122.895001441559,1588.95420157919,21.0102366519749,21.0102366519749,349.054797993089,534.742755508041,544.688463046791,155.227059800339,1911.30027301868,544.688463046791,155.227059800339,1911.30027301868,19.9251177197469,19.9251177197469,436.158645578837,653.218280514744,538.288420775124,164.240688116793,1764.20610058897,538.288420775124,164.240688116793,1764.20610058897,18.8770209859664,18.8770209859664,436.675602620377,639.901238929872,382.24400964199,111.169743181586,1314.30080456808,382.24400964199,111.169743181586,1314.30080456808,20.7700745361753,20.7700745361753,302.851643929284,461.636375354697,524.994442846801,159.550692143029,1727.47082020142,524.994442846801,159.550692143029,1727.47082020142,19.0156836523819,19.0156836523819,425.163160402469,624.825725291133,524.994442846801,159.550692143029,1727.47082020142,524.994442846801,159.550692143029,1727.47082020142,19.0156836523819,19.0156836523819,425.163160402469,624.825725291133
"BI10",267.5,3839,-7.261908485,449.514492170669,128.322350438439,1574.6538150296,449.514492170669,128.322350438439,1574.6538150296,20.5237088072914,20.5237088072914,357.257446750986,541.771537590352,473.092040285482,134.741626321724,1661.07597697443,473.092040285482,134.741626321724,1661.07597697443,20.3908388946452,20.3908388946452,376.62460452748,569.559476043485,376.147383716276,104.609099857598,1352.52912480083,376.147383716276,104.609099857598,1352.52912480083,21.5810217666215,21.5810217666215,294.97093496189,457.323832470663,469.432458033031,133.780362865982,1647.22854635768,469.432458033031,133.780362865982,1647.22854635768,20.4067312314228,20.4067312314228,373.636638009169,565.228278056894,358.290571797251,109.320371359657,1174.27458617448,358.290571797251,109.320371359657,1174.27458617448,20.1835071980624,20.1835071980624,285.974968448574,430.606175145927,311.150512540425,90.4933019155365,1069.85422572526,311.150512540425,90.4933019155365,1069.85422572526,21.5146581651926,21.5146581651926,244.207543388108,378.093481692742,366.396925832591,111.351432214544,1205.61275764209,366.396925832591,111.351432214544,1205.61275764209,20.174170573145,20.174170573145,292.479385040364,440.314466624817,366.396925832591,111.351432214544,1205.61275764209,366.396925832591,111.351432214544,1205.61275764209,20.174170573145,20.174170573145,292.479385040364,440.314466624817
"BI10",278.4,3910,-7.012770066,535.960291718956,152.999926749716,1877.47432565357,535.960291718956,152.999926749716,1877.47432565357,19.9492464740353,19.9492464740353,429.040252120983,642.88033131693,560.535675335118,159.646500204111,1968.09978873127,560.535675335118,159.646500204111,1968.09978873127,19.8444011342245,19.8444011342245,449.300727421183,671.770623249054,452.446442801798,125.828377822691,1626.88089242048,452.446442801798,125.828377822691,1626.88089242048,20.9291854841136,20.9291854841136,357.753087571536,547.13979803206,556.677138186866,158.643630774664,1953.36828000415,556.677138186866,158.643630774664,1953.36828000415,19.8565003227288,19.8565003227288,446.140540446234,667.213735927498,538.396382518035,164.273629027765,1764.55993834235,538.396382518035,164.273629027765,1764.55993834235,18.8764189933988,18.8764189933988,436.766425508629,640.026339527442,356.267004810725,103.614734122259,1224.98194674745,356.267004810725,103.614734122259,1224.98194674745,21.0188578157172,21.0188578157172,281.383749625244,431.150259996206,525.114778306784,159.587263208097,1727.8667786703,525.114778306784,159.587263208097,1727.8667786703,19.0149878660279,19.0149878660279,425.26426692903,624.965289684538,525.114778306784,159.587263208097,1727.8667786703,525.114778306784,159.587263208097,1727.8667786703,19.0149878660279,19.0149878660279,425.26426692903,624.965289684538
"BI10",294.3,4041,-6.87447205,590.93062111112,168.692239222034,2070.03594579805,590.93062111112,168.692239222034,2070.03594579805,19.6440275245113,19.6440275245113,474.848047249286,707.013194972954,615.872738047394,175.407082058796,2162.39404371856,615.872738047394,175.407082058796,2162.39404371856,19.5535264345568,19.5535264345568,495.447899410068,736.29757668472,501.293045426623,139.412944279596,1802.52069627854,501.293045426623,139.412944279596,1802.52069627854,20.584063295344,20.584063295344,398.10656766085,604.479523192397,611.924680335648,174.388251986173,2147.23073451975,611.924680335648,174.388251986173,2147.23073451975,19.5636825778248,19.5636825778248,492.209678259413,731.639682411884,515.830728289436,157.388475204516,1690.60244024764,515.830728289436,157.388475204516,1690.60244024764,19.0058216234838,19.0058216234838,417.792860191628,613.868596387244,326.818053428048,95.0499632439781,1123.72521146941,326.818053428048,95.0499632439781,1123.72521146941,21.3320923300954,21.3320923300954,257.100924519357,396.53518233674,521.325560731174,158.435684757874,1715.39852708697,521.325560731174,158.435684757874,1715.39852708697,19.0369988908678,19.0369988908678,422.08081951697,620.570301945378,521.325560731174,158.435684757874,1715.39852708697,521.325560731174,158.435684757874,1715.39852708697,19.0369988908678,19.0369988908678,422.08081951697,620.570301945378
"BI10",297.9,4071,-6.6112902,711.592400758526,203.137409382558,2492.71538096498,711.592400758526,203.137409382558,2492.71538096498,19.0882622894689,19.0882622894689,575.76177686981,847.423024647243,736.716724657522,209.824730001517,2586.6900073513,736.716724657522,209.824730001517,2586.6900073513,19.0229050168501,19.0229050168501,596.571801882672,876.861647432372,609.287178963891,169.446834154412,2190.83978937892,609.287178963891,169.446834154412,2190.83978937892,19.957777282418,19.957777282418,487.68700077595,730.887357151832,732.657800925962,208.795162727266,2570.88069592318,732.657800925962,208.795162727266,2570.88069592318,19.0296527277782,19.0296527277782,593.235565726775,872.08003612515,588.317597928909,179.505416400977,1928.17355026039,588.317597928909,179.505416400977,1928.17355026039,18.6139542906731,18.6139542906731,478.808429166436,697.826766691382,338.944708674706,98.5768128882283,1165.42128085276,338.944708674706,98.5768128882283,1165.42128085276,21.1986865371762,21.1986865371762,267.09288234841,410.796535001002,609.152586751615,185.127134508161,2004.38944259587,609.152586751615,185.127134508161,2004.38944259587,18.5747537310033,18.5747537310033,496.003993916466,722.301179586763,609.152586751615,185.127134508161,2004.38944259587,609.152586751615,185.127134508161,2004.38944259587,18.5747537310033,18.5747537310033,496.003993916466,722.301179586763
"BI10",307.6,4149,-6.450010341,797.410038592208,227.635665140043,2793.33543474587,797.410038592208,227.635665140043,2793.33543474587,18.7629605335813,18.7629605335813,647.792307760336,947.02776942408,822.210120825041,234.17415518404,2886.86632500426,822.210120825041,234.17415518404,2886.86632500426,18.711734860918,18.711734860918,668.360343016625,976.059898633456,686.665858991828,190.966361914832,2469.073595879,686.665858991828,190.966361914832,2469.073595879,19.5924727546697,19.5924727546697,552.131037653236,821.20068033042,818.134496220062,233.15458465762,2870.81660816649,818.134496220062,233.15458465762,2870.81660816649,18.7165655481089,18.7165655481089,665.007816963344,971.26117547678,690.882454325567,210.799648156752,2264.32335095731,690.882454325567,210.799648156752,2264.32335095731,18.1564248032876,18.1564248032876,565.442901026838,816.322007624296,683.281180257096,198.721736414226,2349.38150057403,683.281180257096,198.721736414226,2349.38150057403,18.921688705634,18.921688705634,553.992842344666,812.569518169525,704.893488828998,214.223684768793,2319.4206146243,704.893488828998,214.223684768793,2319.4206146243,18.1612916014017,18.1612916014017,576.87572684347,832.911250814526,704.893488828998,214.223684768793,2319.4206146243,704.893488828998,214.223684768793,2319.4206146243,18.1612916014017,18.1612916014017,576.87572684347,832.911250814526
"BI10",316.2,4222,-7.115454098,498.480784910209,142.300697935651,1746.18323402084,498.480784910209,142.300697935651,1746.18323402084,20.182073671192,20.182073671192,397.877025662895,599.084544157523,522.690719114436,148.867855638094,1835.22216181138,522.690719114436,148.867855638094,1835.22216181138,20.0660315232489,20.0660315232489,417.807434647837,627.574003581035,419.284162709136,116.605726224147,1507.63787329593,419.284162709136,116.605726224147,1507.63787329593,21.1930138324021,21.1930138324021,330.425212109117,508.143113309154,518.909144989044,147.880387312771,1820.84119230602,518.909144989044,147.880387312771,1820.84119230602,20.0796466865096,20.0796466865096,414.714022051256,623.104267926832,351.438177299272,107.229592616961,1151.81629855319,351.438177299272,107.229592616961,1151.81629855319,20.2499949678634,20.2499949678634,280.271964081019,422.604390517526,344.173146584368,100.097422982818,1183.39864603825,344.173146584368,100.097422982818,1183.39864603825,21.1431312022631,21.1431312022631,271.404166639078,416.942126529658,375.725041562279,114.186333309862,1236.30650678564,375.725041562279,114.186333309862,1236.30650678564,20.0886252687427,20.0886252687427,300.247045922005,451.203037202552,375.725041562279,114.186333309862,1236.30650678564,375.725041562279,114.186333309862,1236.30650678564,20.0886252687427,20.0886252687427,300.247045922005,451.203037202552
"BI10",326.5,4329,-6.709455288,663.945868568909,189.53581230993,2325.80909653572,663.945868568909,189.53581230993,2325.80909653572,19.2918425549975,19.2918425549975,535.858476954184,792.033260183633,689.093387450089,196.2610989112,2419.47945497996,689.093387450089,196.2610989112,2419.47945497996,19.2174212802832,19.2174212802832,556.667408169231,821.519366730947,566.523821578203,157.554058831057,2037.07376881811,566.523821578203,157.554058831057,2037.07376881811,20.1868702299474,20.1868702299474,452.160392894473,680.887250261934,685.065187747559,195.232067649808,2403.8792249305,685.065187747559,195.232067649808,2403.8792249305,19.2253980490939,19.2253980490939,553.358678507318,816.7716969878,648.458808069024,197.855492970273,2125.28254560756,648.458808069024,197.855492970273,2125.28254560756,18.3341338513537,18.3341338513537,529.569502226757,767.348113911292,388.085064331897,112.868523367559,1334.38458007489,388.085064331897,112.868523367559,1334.38458007489,20.7172353797232,20.7172353797232,307.684568080708,468.485560583087,645.862899292496,196.283739791302,2125.18309018378,645.862899292496,196.283739791302,2125.18309018378,18.4067680484007,18.4067680484007,526.980413509051,764.745385075941,645.862899292496,196.283739791302,2125.18309018378,645.862899292496,196.283739791302,2125.18309018378,18.4067680484007,18.4067680484007,526.980413509051,764.745385075941
"BI10",332.6,4397,-6.105796603,1016.76803174061,290.255522249288,3561.74870458373,1016.76803174061,290.255522249288,3561.74870458373,18.1044636246623,18.1044636246623,832.687633286937,1200.84843019428,1039.32026202,296.009424062999,3649.16289562264,1039.32026202,296.009424062999,3649.16289562264,18.0805159775053,18.0805159775053,851.405795988025,1227.23472805198,886.265231080445,246.476280500578,3186.78153624698,886.265231080445,246.476280500578,3186.78153624698,18.8558631696454,18.8558631696454,719.152271787775,1053.37819037312,1035.39519508204,295.070233294398,3633.17979597547,1035.39519508204,295.070233294398,3633.17979597547,18.0816435284079,18.0816435284079,848.178726797042,1222.61166336704,888.09265489049,270.971737680419,2910.66725416447,888.09265489049,270.971737680419,2910.66725416447,17.4848762696483,17.4848762696483,732.810753023052,1043.37455675793,377.240155291917,109.714449732941,1297.09564338216,377.240155291917,109.714449732941,1297.09564338216,20.8162057158555,20.8162057158555,298.713068523539,455.767242060295,920.822792808613,279.846607779358,3029.92636746336,920.822792808613,279.846607779358,3029.92636746336,17.4502459780897,17.4502459780897,760.136950441195,1081.50863517603,920.822792808613,279.846607779358,3029.92636746336,920.822792808613,279.846607779358,3029.92636746336,17.4502459780897,17.4502459780897,760.136950441195,1081.50863517603
"BI10",340,4480,-6.751605476,644.479198570122,183.978685914759,2257.61715453294,644.479198570122,183.978685914759,2257.61715453294,19.3805946958141,19.3805946958141,519.575297196416,769.383099943828,669.601481375808,190.709597509963,2351.0413199695,669.601481375808,190.709597509963,2351.0413199695,19.3021689268716,19.3021689268716,540.353872303815,798.849090447801,549.095758613063,152.707198111111,1974.40694254292,549.095758613063,152.707198111111,1974.40694254292,20.2868602930117,20.2868602930117,437.701469188379,660.490048037748,665.590593060012,189.682135387168,2335.5432849052,665.590593060012,189.682135387168,2335.5432849052,19.3106885653258,19.3106885653258,537.060466514088,794.120719605936,787.876103594613,240.394012597971,2582.21387424301,787.876103594613,240.394012597971,2582.21387424301,17.7987837052889,17.7987837052889,647.64374005015,928.108467139076,379.430498940829,110.351477220061,1304.62688088342,379.430498940829,110.351477220061,1304.62688088342,20.7959125947103,20.7959125947103,300.524464023421,458.336533858237,745.452107195735,226.54982597076,2452.87694104997,745.452107195735,226.54982597076,2452.87694104997,18.0076750414423,18.0076750414423,611.213514142342,879.690700249127,745.452107195735,226.54982597076,2452.87694104997,745.452107195735,226.54982597076,2452.87694104997,18.0076750414423,18.0076750414423,611.213514142342,879.690700249127
"BI10",346.2,4547,-5.705984772,1348.37015005655,384.917572024783,4723.35428076133,1348.37015005655,384.917572024783,4723.35428076133,17.3953544572773,17.3953544572773,1113.81638305809,1582.92391705501,1364.43707362286,388.606137196174,4790.68226073001,1364.43707362286,388.606137196174,4790.68226073001,17.39878611428,17.39878611428,1127.04158551928,1601.83256172645,1192.01454861965,331.507207936129,4286.17734427863,1192.01454861965,331.507207936129,4286.17734427863,18.0668957061352,18.0668957061352,976.654523318576,1407.37457392072,1361.15721304137,387.906934772521,4776.27181298283,1361.15721304137,387.906934772521,4776.27181298283,17.3961933446825,17.3961933446825,1124.36767253561,1597.94675354714,1271.21023531616,387.867239441621,4166.31078381086,1271.21023531616,387.867239441621,4166.31078381086,16.6075444637958,16.6075444637958,1060.09343025771,1482.32704037462,396.419206132586,115.292379282238,1363.04054065957,396.419206132586,115.292379282238,1363.04054065957,20.643654832215,20.643654832215,314.583793529968,478.254618735204,1325.13131996126,402.719728105619,4360.28555989128,1325.13131996126,402.719728105619,4360.28555989128,16.5667238773608,16.5667238773608,1105.60047317085,1544.66216675167,1325.13131996126,402.719728105619,4360.28555989128,1325.13131996126,402.719728105619,4360.28555989128,16.5667238773608,16.5667238773608,1105.60047317085,1544.66216675167
"BI10",356.2,4652,-5.858299593,1210.89789397499,345.673535786319,4241.78757652842,1210.89789397499,345.673535786319,4241.78757652842,17.6588519123181,17.6588519123181,997.067228068566,1424.72855988141,1230.04706751128,350.330439355361,4318.8247960331,1230.04706751128,350.330439355361,4318.8247960331,17.6523518677228,17.6523518677228,1012.91483101558,1447.17930400698,1064.74203363398,296.111871412119,3828.538156139,1064.74203363398,296.111871412119,3828.538156139,18.3595543349216,18.3595543349216,869.260141442199,1260.22392582576,1226.44670184888,349.516702565942,4303.5754841851,1226.44670184888,349.516702565942,4303.5754841851,17.6511090036214,17.6511090036214,1009.96525763422,1442.92814606355,1382.89308344915,421.943521078502,4532.34422313999,1382.89308344915,421.943521078502,4532.34422313999,16.4141668452949,16.4141668452949,1155.90270543976,1609.88346145854,885.606130566179,257.564810988905,3045.05190551898,885.606130566179,257.564810988905,3045.05190551898,18.1985170499434,18.1985170499434,724.438947899748,1046.77331323261,1346.5822575352,409.238867467323,4430.86891411499,1346.5822575352,409.238867467323,4430.86891411499,16.5298024256623,16.5298024256623,1123.99487086561,1569.16964420479,1346.5822575352,409.238867467323,4430.86891411499,1346.5822575352,409.238867467323,4430.86891411499,16.5298024256623,16.5298024256623,1123.99487086561,1569.16964420479
"BI10",361.2,4703,-5.722096554,1333.11942996931,380.563967677073,4669.93085396289,1333.11942996931,380.563967677073,4669.93085396289,17.4228545833546,17.4228545833546,1100.85197026331,1565.38688967531,1349.55339797652,384.367108653179,4738.4241080663,1349.55339797652,384.367108653179,4738.4241080663,17.4252631144838,17.4252631144838,1114.39016750865,1584.71662844438,1177.8620553617,327.571305030658,4235.28862313216,1177.8620553617,327.571305030658,4235.28862313216,18.0974109651008,18.0974109651008,964.699518600912,1391.02459212249,1346.23460882488,383.654243308976,4723.9087110482,1346.23460882488,383.654243308976,4723.9087110482,17.4228094260806,17.4228094260806,1111.68271850138,1580.78649914838,1045.81438307563,319.095242047826,3427.59019792569,1045.81438307563,319.095242047826,3427.59019792569,17.0737549764277,17.0737549764277,867.254597801055,1224.3741683502,738.146927120434,214.678588148739,2538.03088009799,738.146927120434,214.678588148739,2538.03088009799,18.7003967400526,18.7003967400526,600.110523224407,876.183331016462,1109.01470372531,337.039879158879,3649.16346441946,1109.01470372531,337.039879158879,3649.16346441946,16.9874109755121,16.9874109755121,920.621818224632,1297.40758922598,1109.01470372531,337.039879158879,3649.16346441946,1109.01470372531,337.039879158879,3649.16346441946,16.9874109755121,16.9874109755121,920.621818224632,1297.40758922598
"BI10",367.3,4768,-5.925808616,1154.53850971828,329.584691526459,4044.36008313662,1154.53850971828,329.584691526459,4044.36008313662,17.7782097179536,17.7782097179536,949.282232186028,1359.79478725053,1174.79673168091,334.594558235668,4124.83504826179,1174.79673168091,334.594558235668,4124.83504826179,17.7671165497666,17.7671165497666,966.069227140317,1383.52423622151,1012.76838401474,281.65765229921,3641.65429657922,1012.76838401474,281.65765229921,3641.65429657922,18.4923209480828,18.4923209480828,825.484003982024,1200.05276404746,1171.08576331089,333.739765288859,4109.31512414303,1171.08576331089,333.739765288859,4109.31512414303,17.7664978347332,17.7664978347332,963.024836529393,1379.14669009239,1223.21666071524,373.223607118469,4009.01489218067,1223.21666071524,373.223607118469,4009.01489218067,16.6974482960107,16.6974482960107,1018.97069124412,1427.46263018635,630.893566549681,183.485611282522,2169.25288872333,630.893566549681,183.485611282522,2169.25288872333,19.1558034043899,19.1558034043899,510.040835250481,751.746297848882,1216.50201168724,369.706271376144,4002.84566158594,1216.50201168724,369.706271376144,4002.84566158594,16.7661943687428,16.7661943687428,1012.54091990809,1420.46310346639,1216.50201168724,369.706271376144,4002.84566158594,1216.50201168724,369.706271376144,4002.84566158594,16.7661943687428,16.7661943687428,1012.54091990809,1420.46310346639
"BI10",370.4,4801,-6.265898352,908.097978679237,259.233615561103,3181.07640900045,908.097978679237,259.233615561103,3181.07640900045,18.4049008444268,18.4049008444268,740.96344613308,1075.23251122539,931.998927172326,265.443170638681,3272.34638646149,931.998927172326,265.443170638681,3272.34638646149,18.3687285357185,18.3687285357185,760.802574284232,1103.19528006042,787.081282233648,218.8925618351,2830.14159845803,787.081282233648,218.8925618351,2830.14159845803,19.1914648415241,19.1914648415241,636.02885467956,938.133709787735,927.967333029319,264.455097673932,3256.2177047965,927.967333029319,264.455097673932,3256.2177047965,18.3715160868586,18.3715160868586,757.485665161045,1098.44900089759,904.60532278778,276.01002539649,2964.7864741162,904.60532278778,276.01002539649,2964.7864741162,17.437558159584,17.437558159584,746.864243511968,1062.34640206359,728.546800733438,211.886540247315,2505.02198128961,728.546800733438,211.886540247315,2505.02198128961,18.7375391265579,18.7375391265579,592.035058890724,865.058542576152,903.892648240593,274.701379442727,2974.21848117707,903.892648240593,274.701379442727,2974.21848117707,17.4978202603213,17.4978202603213,745.731137305195,1062.05415917599,903.892648240593,274.701379442727,2974.21848117707,903.892648240593,274.701379442727,2974.21848117707,17.4978202603213,17.4978202603213,745.731137305195,1062.05415917599
"BI10",375.1,4852,-6.106865938,1016.00071075272,290.036476068527,3559.0607713981,1016.00071075272,290.036476068527,3559.0607713981,18.1064377329569,18.1064377329569,832.039174693883,1199.96224681157,1038.56395564291,295.794019992398,3646.50742428251,1038.56395564291,295.794019992398,3646.50742428251,18.082410971532,18.082410971532,850.766552981358,1226.36135830446,885.562960984768,246.280974496214,3184.25635383445,885.562960984768,246.280974496214,3184.25635383445,18.8580657453373,18.8580657453373,718.562915585905,1052.56300638363,1034.63793443645,294.854426734334,3630.52258441906,1034.63793443645,294.854426734334,3630.52258441906,18.0835492676877,18.0835492676877,847.538673820452,1221.73719505246,1008.94612220901,307.846126702409,3306.75681524708,1008.94612220901,307.846126702409,3306.75681524708,17.162348212562,17.162348212562,835.787275438361,1182.10496897967,662.890137964361,192.791317944068,2279.26931407718,662.890137964361,192.791317944068,2279.26931407718,19.0099307279112,19.0099307279112,536.875181935181,788.905093993541,1008.97231428537,306.636066897113,3319.97843990073,1008.97231428537,306.636066897113,3319.97843990073,17.2196007509077,17.2196007509077,835.231310078234,1182.7133184925,1008.97231428537,306.636066897113,3319.97843990073,1008.97231428537,306.636066897113,3319.97843990073,17.2196007509077,17.2196007509077,835.231310078234,1182.7133184925
"BI10",380,4905,-6.483380721,778.843012525473,222.335358994116,2728.2949545412,778.843012525473,222.335358994116,2728.2949545412,18.8293557040582,18.8293557040582,632.191891320849,925.494133730097,803.742413043977,228.914356309907,2822.0242580644,803.742413043977,228.914356309907,2822.0242580644,18.7752809106993,18.7752809106993,652.837517196538,954.647308891417,669.887682674287,186.300239012449,2408.74359462706,669.887682674287,186.300239012449,2408.74359462706,19.6669564226992,19.6669564226992,538.141164041705,801.634201306868,799.666418582506,227.891492842151,2806.01251513807,799.666418582506,227.891492842151,2806.01251513807,18.7804981746406,18.7804981746406,649.485081437405,949.847755727608,969.69241910773,295.869173530718,3178.10529719608,969.69241910773,295.869173530718,3178.10529719608,17.261381265171,17.261381265171,802.310113546086,1137.07472466938,911.240408212703,265.02014316083,3133.1923364623,911.240408212703,265.02014316083,3133.1923364623,18.1223175690558,18.1223175690558,746.102527618836,1076.37828880657,913.079988327989,277.493497511537,3004.44901434268,913.079988327989,277.493497511537,3004.44901434268,17.4718619150076,17.4718619150076,753.547913593755,1072.61206306222,913.079988327989,277.493497511537,3004.44901434268,913.079988327989,277.493497511537,3004.44901434268,17.4718619150076,17.4718619150076,753.547913593755,1072.61206306222
"BI10",382.4,4931,-6.033580758,1069.95165118715,305.437784826068,3748.0514617077,1069.95165118715,305.437784826068,3748.0514617077,17.9721342296721,17.9721342296721,877.658504243201,1262.2447981311,1091.69158687856,310.925332349698,3833.04413266982,1091.69158687856,310.925332349698,3833.04413266982,17.9534532363672,17.9534532363672,895.695248342961,1287.68792541416,935.003676913541,260.030767831279,3362.03243613497,935.003676913541,260.030767831279,3362.03243613497,18.7082970460777,18.7082970460777,760.080411644807,1109.92694218228,1087.83927107428,310.015913756738,3817.20494716279,1087.83927107428,310.015913756738,3817.20494716279,17.953865408888,17.953865408888,892.530072480573,1283.14846966798,1030.18555176092,314.326627471477,3376.36769622153,1030.18555176092,314.326627471477,3376.36769622153,17.1108114236894,17.1108114236894,853.912444685016,1206.45865883683,703.969933960953,204.738739632037,2420.51733253633,703.969933960953,204.738739632037,2420.51733253633,18.8356064452451,18.8356064452451,571.372927707217,836.56694021469,1041.57110479573,316.543142409664,3427.24330745845,1041.57110479573,316.543142409664,3427.24330745845,17.1407996972502,17.1407996972502,863.037488018255,1220.1047215732,1041.57110479573,316.543142409664,3427.24330745845,1041.57110479573,316.543142409664,3427.24330745845,17.1407996972502,17.1407996972502,863.037488018255,1220.1047215732
"BI10",387.2,4984,-6.455510417,794.31965204746,226.753456285617,2782.50977940581,794.31965204746,226.753456285617,2782.50977940581,18.7738714796609,18.7738714796609,645.19510143438,943.44420266054,819.137341538858,233.298995081795,2876.07747332173,819.137341538858,233.298995081795,2876.07747332173,18.7221788411963,18.7221788411963,665.776983500932,972.497699576784,683.871849437331,190.189329195365,2459.02705704602,683.871849437331,190.189329195365,2459.02705704602,19.6047102310435,19.6047102310435,549.800755003464,817.942943871197,815.061508563549,232.278834809615,2860.03355960691,815.061508563549,232.278834809615,2860.03355960691,18.7270728903443,18.7270728903443,662.424345753713,967.698671373385,760.905485255655,232.164831467626,2493.81938613247,760.905485255655,232.164831467626,2493.81938613247,17.8922287240198,17.8922287240198,624.762535460101,897.04843505121,1062.19809132702,308.923844565658,3652.24247032498,1062.19809132702,308.923844565658,3652.24247032498,17.7236503843008,17.7236503843007,873.937815231506,1250.45836742254,759.065509617555,230.68706553285,2497.6712350997,759.065509617555,230.68706553285,2497.6712350997,17.9585369127885,17.9585369127885,622.74844988064,895.38256935447,759.065509617555,230.68706553285,2497.6712350997,759.065509617555,230.68706553285,2497.6712350997,17.9585369127885,17.9585369127885,622.74844988064,895.38256935447
"BI10",395.8,5077,-6.841197678,604.976950658107,172.70202768024,2119.24038034591,604.976950658107,172.70202768024,2119.24038034591,19.5719808900912,19.5719808900912,486.570977485846,723.382923830368,629.982560770073,179.425709088787,2211.93511726922,629.982560770073,179.425709088787,2211.93511726922,19.4848104058102,19.4848104058102,507.231653214356,752.73346832579,513.811987741041,142.894545756501,1847.53558891095,513.811987741041,142.894545756501,1847.53558891095,20.5027192180783,20.5027192180783,408.466558585668,619.157416896413,626.015790163321,178.40398152015,2196.67614026622,626.015790163321,178.40398152015,2196.67614026622,19.4945152428482,19.4945152428482,503.977046527296,748.054533799347,613.277581997894,187.1211198058,2009.97831229056,613.277581997894,187.1211198058,2009.97831229056,18.4934611837639,18.4934611837639,499.861330422387,726.6938335734,664.024980893286,193.121369413228,2283.17133722711,664.024980893286,193.121369413228,2283.17133722711,19.0049269022387,19.0049269022387,537.827518661913,790.22244312466,602.696445149167,183.16505305134,1983.14579634156,602.696445149167,183.16505305134,1983.14579634156,18.6056713330932,18.6056713330932,490.560725428476,714.832164869857,602.696445149167,183.16505305134,1983.14579634156,602.696445149167,183.16505305134,1983.14579634156,18.6056713330932,18.6056713330932,490.560725428476,714.832164869857
"BI10",404.1,5184,-6.463890956,789.633801404831,225.415792253114,2766.09519718524,789.633801404831,225.415792253114,2766.09519718524,18.7905210537533,18.7905210537533,641.257495704304,938.010107105358,814.477372135901,231.9717864152,2859.71582998482,814.477372135901,231.9717864152,2859.71582998482,18.7381149081871,18.7381149081871,661.859666243894,967.095078027909,679.636423023721,189.011428819551,2443.79755438735,679.636423023721,189.011428819551,2443.79755438735,19.6233860572424,19.6233860572424,546.268743948143,813.004102099298,810.401334518952,230.950763509823,2843.68110764945,810.401334518952,230.950763509823,2843.68110764945,18.7431057700916,18.7431057700916,658.506955227831,962.295713810074,734.819354904496,224.205522231493,2408.32375120872,734.819354904496,224.205522231493,2408.32375120872,17.9868039071414,17.9868039071414,602.648838466103,866.98987134289,504.073939013484,146.602089061237,1733.19860323705,504.073939013484,146.602089061237,1733.19860323705,19.8466319306857,19.8466319306857,404.032239678969,604.115638348,742.439435989504,225.634247181874,2442.96388069184,742.439435989504,225.634247181874,2442.96388069184,18.0187074692122,18.0187074692122,608.661445882486,876.217426096522,742.439435989504,225.634247181874,2442.96388069184,742.439435989504,225.634247181874,2442.96388069184,18.0187074692122,18.0187074692122,608.661445882486,876.217426096522
"BI10",413.4,5402,-5.757601839,1300.11778485868,371.143028546765,4554.32575717332,1300.11778485868,371.143028546765,4554.32575717332,17.4837641863224,17.4837641863224,1072.80825720955,1527.42731250781,1317.32507249452,375.188140039695,4625.26706318356,1317.32507249452,375.188140039695,4625.26706318356,17.4838954855516,17.4838954855516,1087.00533361461,1547.64481137443,1147.26473586363,319.061986105917,4125.2685417664,1147.26473586363,319.061986105917,4125.2685417664,18.165022202048,18.165022202048,938.863841877735,1355.66562984953,1313.92485521807,374.44650641805,4610.53447039616,1313.92485521807,374.44650641805,4610.53447039616,17.4817513428489,17.4817513428489,1084.22777919696,1543.62193123919,1201.78213443755,366.683579115945,3938.76459408236,1201.78213443755,366.683579115945,3938.76459408236,16.7390730751814,16.7390730751814,1000.61494474958,1402.94932412553,1839.25830625305,534.919759088592,6324.072086783,1839.25830625305,534.919759088592,6324.072086783,16.4291817114613,16.4291817114613,1537.08321697559,2141.43339553051,1218.89980552231,370.434983215315,4010.73549535347,1218.89980552231,370.434983215315,4010.73549535347,16.7615481597832,16.7615481597832,1014.59332760019,1423.20628344444,1218.89980552231,370.434983215315,4010.73549535347,1218.89980552231,370.434983215315,4010.73549535347,16.7615481597832,16.7615481597832,1014.59332760019,1423.20628344444
"BI10",415.7,5491,-6.364875472,846.808290544121,241.737323503513,2966.37801122935,846.808290544121,241.737323503513,2966.37801122935,18.5956746518538,18.5956746518538,689.338575909611,1004.27800517863,871.270257838528,248.147002084561,3059.12163281075,871.270257838528,248.147002084561,3059.12163281075,18.5515473788507,18.5515473788507,709.636143157778,1032.90437251928,731.398879302159,203.406913653735,2629.92201708101,731.398879302159,203.406913653735,2629.92201708101,19.4049804575589,19.4049804575589,589.47106970677,873.326688897548,867.205687861018,247.139049752983,3043.00637964812,867.205687861018,247.139049752983,3043.00637964812,18.5554147632619,18.5554147632619,706.292075627808,1028.11930009423,857.630580255777,261.677255565671,2810.82973986355,857.630580255777,261.677255565671,2810.82973986355,17.5752305061052,17.5752305061052,706.900028884976,1008.36113162658,899.441656151727,261.588659073714,3092.6237233893,899.441656151727,261.588659073714,3092.6237233893,18.157040913199,18.157040913199,736.129666653903,1062.75364564955,837.767260727026,254.605259398473,2756.63584014037,837.767260727026,254.605259398473,2756.63584014037,17.6953192110206,17.6953192110206,689.521669695956,986.012851758096,837.767260727026,254.605259398473,2756.63584014037,837.767260727026,254.605259398473,2756.63584014037,17.6953192110206,17.6953192110206,689.521669695956,986.012851758096
"BI10",419.3,5629,-6.129277732,1000.05130027126,285.483417431406,3503.18982507814,1000.05130027126,285.483417431406,3503.18982507814,18.1479116263075,18.1479116263075,818.562874080292,1181.53972646223,1022.83884482801,291.315341796902,3591.29490412655,1022.83884482801,291.315341796902,3591.29490412655,18.1222190524135,18.1222190524135,837.477748815103,1208.19994084092,870.971721999591,242.223053473433,3131.79001604047,870.971721999591,242.223053473433,3131.79001604047,18.9043474081467,18.9043474081467,706.32020184607,1035.62324215311,1018.89361759178,290.367560978643,3575.27611028704,1018.89361759178,290.367560978643,3575.27611028704,18.1235835915201,18.1235835915201,834.233581098868,1203.55365408469,1212.00742298254,369.803483542651,3972.27732765625,1212.00742298254,369.803483542651,3972.27732765625,16.7190983974239,16.7190983974239,1009.37070935001,1414.64413661507,789.731378622961,229.681126006873,2715.39791372783,789.731378622961,229.681126006873,2715.39791372783,18.5110578092211,18.5110578092211,643.543746588506,935.919010657415,1146.66559264254,348.482334347492,3773.05203666126,1146.66559264254,348.482334347492,3773.05203666126,16.9069031599399,16.9069031599399,952.799951326118,1340.53123395897,1146.66559264254,348.482334347492,3773.05203666126,1146.66559264254,348.482334347492,3773.05203666126,16.9069031599399,16.9069031599399,952.799951326118,1340.53123395897
"BI10",433.8,6189,-5.377054822,1700.83864834004,485.536321682518,5958.05499712695,1700.83864834004,485.536321682518,5958.05499712695,16.8523108853781,16.8523108853781,1414.20803166311,1987.46926501696,1706.87392803322,486.135782057465,5993.01412018908,1706.87392803322,486.135782057465,5993.01412018908,16.8753051297838,16.8753051297838,1418.83374449689,1994.91411156955,1521.17527480947,423.049004492031,5469.75454881432,1521.17527480947,423.049004492031,5469.75454881432,17.4656590761709,17.4656590761709,1255.49198736024,1786.8585622587,1704.70103931449,485.811152839929,5981.75981850587,1704.70103931449,485.811152839929,5981.75981850587,16.8700522788986,16.8700522788986,1417.11708278321,1992.28499584577,1434.17484092794,437.590432308779,4700.41692524776,1434.17484092794,437.590432308779,4700.41692524776,16.3319374927225,16.3319374927225,1199.94630237123,1668.40337948464,1692.97216300962,492.37470261896,5821.08449008507,1692.97216300962,492.37470261896,5821.08449008507,16.6123338254757,16.6123338254758,1411.72997571808,1974.21435030116,1511.34716099502,459.312453475863,4973.02048695213,1511.34716099502,459.312453475863,4973.02048695213,16.2691650171541,16.2691650171541,1265.46359739067,1757.23072459937,1511.34716099502,459.312453475863,4973.02048695213,1511.34716099502,459.312453475863,4973.02048695213,16.2691650171541,16.2691650171541,1265.46359739067,1757.23072459937
"BI10",438.7,6306,-5.800973418,1260.9110111596,359.950718973209,4416.98403214432,1260.9110111596,359.950718973209,4416.98403214432,17.5587488164033,17.5587488164033,1039.51081391172,1482.31120840749,1278.99891966893,364.272445581469,4490.69990430676,1278.99891966893,364.272445581469,4490.69990430676,17.5560556129151,17.5560556129151,1054.45715804327,1503.54068129459,1110.96489392073,308.96675759973,3994.74365822641,1110.96489392073,308.96675759973,3994.74365822641,18.2483015107028,18.2483015107028,908.232670400015,1313.69711744144,1275.50708151434,363.498086429957,4475.72731667387,1275.50708151434,363.498086429957,4475.72731667387,17.5542953766386,17.5542953766386,1051.60080087537,1499.41336215331,940.641331552455,287.005206879255,3082.89220340529,940.641331552455,287.005206879255,3082.89220340529,17.3380678911031,17.3380678911031,777.552298876114,1103.7303642288,659.58543948195,191.830197632656,2267.90649931821,659.58543948195,191.830197632656,2267.90649931821,19.0245660772203,19.0245660772203,534.102171711982,785.068707251917,1016.8982886285,309.044844189113,3346.05850529187,1016.8982886285,309.044844189113,3346.05850529187,17.2001423542162,17.2001423542162,841.990335386813,1191.80624187019,1016.8982886285,309.044844189113,3346.05850529187,1016.8982886285,309.044844189113,3346.05850529187,17.2001423542162,17.2001423542162,841.990335386813,1191.80624187019
"BI10",446.3,6403,-5.826334163,1238.53567212628,353.563258398249,4338.60299307866,1238.53567212628,353.563258398249,4338.60299307866,17.6028934734915,17.6028934734915,1020.5175571307,1456.55378712186,1257.10712907162,358.037431637044,4413.8355219929,1257.10712907162,358.037431637044,4413.8355219929,17.5985265820941,17.5985265820941,1035.87479679655,1478.33946134669,1090.27371923578,303.212403714815,3920.34352253694,1090.27371923578,303.212403714815,3920.34352253694,18.2973523228661,18.2973523228661,890.782495543596,1289.76494292797,1253.56555984196,357.245121427361,4398.73498214141,1253.56555984196,357.245121427361,4398.73498214141,17.5969938175333,17.5969938175333,1032.97570577785,1474.15541390608,983.763502634243,300.162493527488,3224.22237949115,983.763502634243,300.162493527488,3224.22237949115,17.2252959559792,17.2252959559792,814.307327798587,1153.2196774699,682.241239245677,198.419285696236,2345.80578643977,682.241239245677,198.419285696236,2345.80578643977,18.9261053640796,18.9261053640796,553.119543468837,811.362935022516,1037.39266829396,315.27327670915,3413.49434834239,1037.39266829396,315.27327670915,3413.49434834239,17.1507214797486,17.1507214797486,859.472341103535,1215.31299548439,1037.39266829396,315.27327670915,3413.49434834239,1037.39266829396,315.27327670915,3413.49434834239,17.1507214797486,17.1507214797486,859.472341103535,1215.31299548439
"BI10",453,6471,-4.13768754,4080.07771413845,1164.7347780079,14292.5535218252,4080.07771413845,1164.7347780079,14292.5535218252,15.0786869992654,15.0786869992654,3464.85556629673,4695.29986198016,3968.43804499415,1130.25320784693,13933.6039107175,3968.43804499415,1130.25320784693,13933.6039107175,15.1570300879715,15.1570300879715,3366.94069649188,4569.93539349642,3812.31407338165,1060.23000785171,13708.0996448617,3812.31407338165,1060.23000785171,13708.0996448617,15.5196676637169,15.5196676637169,3220.65559889571,4403.97254786759,3980.34021169496,1134.33008037365,13966.9294458074,3980.34021169496,1134.33008037365,13966.9294458074,15.1442453106396,15.1442453106396,3377.54772583784,4583.13269755207,4676.42048978703,1426.85313211847,15326.6710532645,4676.42048978703,1426.85313211847,15326.6710532645,14.0475865198376,14.0475865198376,4019.49627545279,5333.34470412127,4541.32130809023,1320.77288535746,15614.796042495,4541.32130809023,1320.77288535746,15614.796042495,14.6657741376553,14.6657741376553,3875.3013821805,5207.34123399996,4601.78126048318,1398.5241085974,15141.9561801993,4601.78126048318,1398.5241085974,15141.9561801993,14.1213886898023,14.1213886898023,3951.94584203587,5251.6166789305,4601.78126048318,1398.5241085974,15141.9561801993,4601.78126048318,1398.5241085974,15141.9561801993,14.1213886898023,14.1213886898023,3951.94584203587,5251.6166789305
"BI10",458.1,6522,-5.408058723,1664.01385015745,475.023991736509,5829.05735643712,1664.01385015745,475.023991736509,5829.05735643712,16.9020449057936,16.9020449057936,1382.76148196521,1945.26621834969,1671.22591268138,475.982849531376,5867.85018402981,1671.22591268138,475.982849531376,5867.85018402981,16.9232983504055,16.9232983504055,1388.39936536902,1954.05245999374,1486.61213638876,413.436764835537,5345.47440389698,1486.61213638876,413.436764835537,5345.47440389698,17.5206162250136,17.5206162250136,1226.14852921761,1747.0757435599,1668.92018502649,475.614210578287,5856.20555912802,1668.92018502649,475.614210578287,5856.20555912802,16.9182822679477,16.9182822679477,1386.56755729695,1951.27281275602,2431.31732924683,741.835075350068,7968.48808032761,2431.31732924683,741.835075350068,7968.48808032761,15.2261781788018,15.2261781788018,2061.12062060363,2801.51403789004,2221.30387455433,646.031788683236,7637.69057427828,2221.30387455433,646.031788683236,7637.69057427828,16.0267975763879,16.0267975763879,1865.29999902305,2577.30775008562,2263.58265489975,687.923813733776,7448.21785969731,2263.58265489975,687.923813733776,7448.21785969731,15.4184027495844,15.4184027495844,1914.57436459757,2612.59094520193,2263.58265489975,687.923813733776,7448.21785969731,2263.58265489975,687.923813733776,7448.21785969731,15.4184027495844,15.4184027495844,1914.57436459757,2612.59094520193
"BI10",463.4,6579,-4.884169873,2408.72782842206,687.616577203125,8437.79795858662,2408.72782842206,687.616577203125,8437.79795858662,16.0992183833349,16.0992183833349,2020.94147506423,2796.51418177989,2387.38560462557,679.95271877795,8382.36228456748,2387.38560462557,679.95271877795,8382.36228456748,16.1473167240736,16.1473167240736,2001.88688962174,2772.8843196294,2192.10637780093,609.639425664128,7882.25001419599,2192.10637780093,609.639425664128,7882.25001419599,16.6360850174972,16.6360850174973,1827.42569711599,2556.78705848587,2388.39742654325,680.653135341251,8380.83595142548,2388.39742654325,680.653135341251,8380.83595142548,16.138648379598,16.138648379598,2002.94236396607,2773.85248912044,2292.96051371454,699.620125684329,7515.03240749582,2292.96051371454,699.620125684329,7515.03240749582,15.3414714646944,15.3414714646944,1941.18663080631,2644.73439662276,2806.45659628292,816.214384500763,9649.66897959953,2806.45659628292,816.214384500763,9649.66897959953,15.5547986596287,15.5547986596287,2369.91792326125,3242.9952693046,2368.86043019991,719.91870843273,7794.62968809798,2368.86043019991,719.91870843273,7794.62968809798,15.3281956806331,15.3281956806331,2005.75686805778,2731.96399234204,2368.86043019991,719.91870843273,7794.62968809798,2368.86043019991,719.91870843273,7794.62968809798,15.3281956806331,15.3281956806331,2005.75686805778,2731.96399234204
"BI10",473.6,6809,-5.367413755,1712.45507160702,488.852447776938,5998.74744538602,1712.45507160702,488.852447776938,5998.74744538602,16.8369050469334,16.8369050469334,1424.13063722915,2000.77950598489,1718.11338072956,489.336897287299,6032.4770222852,1718.11338072956,489.336897287299,6032.4770222852,16.8604364483823,16.8604364483823,1428.4319660605,2007.79479539862,1532.08606085018,426.083366967669,5508.98692562561,1532.08606085018,426.083366967669,5508.98692562561,17.4486396407347,17.4486396407347,1264.75788510651,1799.41423659386,1715.9831624897,489.026368376159,6021.34854962088,1715.9831624897,489.026368376159,6021.34854962088,16.8551105359312,16.8551105359312,1426.75230367409,2005.2140213053,2088.10627604141,637.115714181985,6843.63565830697,2088.10627604141,637.115714181985,6843.63565830697,15.5292982375585,15.5292982375585,1763.83802491777,2412.37452716506,1450.95745057643,421.98847615445,4988.94553369914,1450.95745057643,421.98847615445,4988.94553369914,16.9643474857248,16.9643474857248,1204.81198679063,1697.10291436223,2015.28878928422,612.464999543269,6631.21795897456,2015.28878928422,612.464999543269,6631.21795897456,15.6538503359939,15.6538503359939,1699.81849837161,2330.75908019684,2015.28878928422,612.464999543269,6631.21795897456,2015.28878928422,612.464999543269,6631.21795897456,15.6538503359939,15.6538503359939,1699.81849837161,2330.75908019684
"BI10",477.5,6978,-5.932530111,1149.07276175215,328.0243911621,4025.21351269948,1149.07276175215,328.0243911621,4025.21351269948,17.7901818860672,17.7901818860672,944.650627433184,1353.49489607111,1169.43348174244,333.067047820054,4106.0041128989,1169.43348174244,333.067047820054,4106.0041128989,17.77862476307,17.77862476307,961.524291169743,1377.34267231513,1007.73461492451,280.25772749256,3623.55415924793,1007.73461492451,280.25772749256,3623.55415924793,18.5056449603746,18.5056449603746,821.246824943778,1194.22240490523,1165.71246862993,332.208466589965,4090.46034698604,1165.71246862993,332.208466589965,4090.46034698604,17.7780690886489,17.7780690886489,958.471300581908,1372.95363667796,1572.9855448207,479.943870810195,5155.36018834456,1572.9855448207,479.943870810195,5155.36018834456,16.1269525868257,16.1269525868257,1319.31091180984,1826.66017783155,1641.35594944381,477.362927257218,5643.60824635834,1641.35594944381,477.362927257218,5643.60824635834,16.6818121108497,16.6818121108497,1367.54803388734,1915.16386500028,1469.38218649594,446.558907570147,4834.93660834085,1469.38218649594,446.558907570147,4834.93660834085,16.3319862049293,16.3319862049293,1229.40289049974,1709.36148249215,1469.38218649594,446.558907570147,4834.93660834085,1469.38218649594,446.558907570147,4834.93660834085,16.3319862049293,16.3319862049293,1229.40289049974,1709.36148249215
"BI10",491.5,7600,-6.19657189,953.650100054301,272.237323748749,3340.64595115151,953.650100054301,272.237323748749,3340.64595115151,18.2735917066687,18.2735917066687,779.38397446014,1127.91622564846,977.038635242367,278.270956772539,3430.4855448374,977.038635242367,278.270956772539,3430.4855448374,18.24280795233,18.24280795233,798.799353395036,1155.2779170897,828.588622871268,230.436030511355,2979.39130624745,828.588622871268,230.436030511355,2979.39130624745,19.0446890119429,19.0446890119429,670.786496457094,986.390749285442,973.04451658265,277.301337573937,3414.39258654536,973.04451658265,277.301337573937,3414.39258654536,18.2448638720961,18.2448638720961,795.513869117249,1150.57516404805,1088.50690152945,332.121434582673,3567.51221482006,1088.50690152945,332.121434582673,3567.51221482006,16.9760599144613,16.9760599144613,903.721317752765,1273.29248530614,535.06753182963,155.616094949447,1839.76640534039,535.06753182963,155.616094949447,1839.76640534039,19.6581291369657,19.6581291369657,429.883265452586,640.251798206674,1045.6502451081,317.782831075051,3440.66553688802,1045.6502451081,317.782831075051,3440.66553688802,17.1311630186504,17.1311630186504,866.518197013716,1224.78229320249,1045.6502451081,317.782831075051,3440.66553688802,1045.6502451081,317.782831075051,3440.66553688802,17.1311630186504,17.1311630186504,866.518197013716,1224.78229320249
"BI10",495.3,7780,-5.747009575,1309.87670367008,373.928895123767,4588.51134852705,1309.87670367008,373.928895123767,4588.51134852705,17.4655485444044,17.4655485444044,1081.09955211874,1538.65385522142,1326.85832605303,377.903311674871,4658.73932041893,1326.85832605303,377.903311674871,4658.73932041893,17.4663624798102,17.4663624798102,1095.10444123107,1558.612210875,1156.3086708198,321.577164825462,4157.78820283695,1156.3086708198,321.577164825462,4157.78820283695,18.1447989782798,18.1447989782798,946.49878693113,1366.11855470847,1323.48178333669,377.170070350868,4644.06952862039,1323.48178333669,377.170070350868,4644.06952862039,17.4641255481666,17.4641255481666,1092.34726308766,1554.61630358573,1336.07323165477,407.658010970068,4378.89513343938,1336.07323165477,407.658010970068,4378.89513343938,16.4927151647072,16.4927151647072,1115.71847916605,1556.42798414349,1292.8652046965,376.009797796789,4445.36404984391,1292.8652046965,376.009797796789,4445.36404984391,17.2375030430428,17.2375030430428,1070.0075256945,1515.7228836985,1332.4110900147,404.93211790611,4384.23931886233,1332.4110900147,404.93211790611,4384.23931886233,16.5541088051361,16.5541088051361,1111.84230844197,1552.97987158743,1332.4110900147,404.93211790611,4384.23931886233,1332.4110900147,404.93211790611,4384.23931886233,16.5541088051361,16.5541088051361,1111.84230844197,1552.97987158743
"BI10",499.2,7965,-5.212146301,1910.84783928333,545.487387699064,6693.71931823314,1910.84783928333,545.487387699064,6693.71931823314,16.5926203930066,16.5926203930066,1593.78811102307,2227.90756754358,1909.66217290757,543.892023098447,6705.02500452004,1909.66217290757,543.892023098447,6705.02500452004,16.6245376503353,16.6245376503353,1592.18966597834,2227.1346798368,1718.98032751874,478.059910873371,6181.01057877478,1718.98032751874,478.059910873371,6181.01057877478,17.1790430048139,17.1790430048139,1423.67595781,2014.28469722748,1908.3146834927,543.837620197474,6696.2357806573,1908.3146834927,543.837620197474,6696.2357806573,16.618071007808,16.618071007808,1591.18959433746,2225.43977264794,1888.99936893225,576.364908163668,6191.07541990247,1888.99936893225,576.364908163668,6191.07541990247,15.7355862238306,15.7355862238306,1591.7542444663,2186.2444933982,2431.53725397663,707.174907238485,8360.55317709732,2431.53725397663,707.174907238485,8360.55317709732,15.8409021793344,15.8409021793344,2046.35981612012,2816.71469183314,1886.83434634814,573.426500072371,6208.5443384805,1886.83434634814,573.426500072371,6208.5443384805,15.7905388420301,15.7905388420301,1588.89303600327,2184.775656693,1886.83434634814,573.426500072371,6208.5443384805,1886.83434634814,573.426500072371,6208.5443384805,15.7905388420301,15.7905388420301,1588.89303600327,2184.775656693
"BI10",504.5,8096,-5.889801899,1184.26400039394,338.070390870694,4148.48877778678,1184.26400039394,338.070390870694,4148.48877778678,17.7143487855571,17.7143487855571,974.479344822368,1394.04865596552,1203.94900720279,342.89743522431,4227.19175778137,1203.94900720279,342.89743522431,4227.19175778137,17.705720421205,17.705720421205,990.781161973588,1417.11685243198,1040.16528675783,289.276913947464,3740.16650347871,1040.16528675783,289.276913947464,3740.16650347871,18.4212703039488,18.4212703039488,848.553627676325,1231.77694583933,1200.29479395653,342.063848235978,4211.80899363924,1200.29479395653,342.063848235978,4211.80899363924,17.7047667810709,17.7047667810709,987.785400001188,1412.80418791187,988.319076285649,301.552474293182,3239.15298270926,988.319076285649,301.552474293182,3239.15298270926,17.2137556365209,17.2137556365209,818.192245584717,1158.44590698658,772.103000232924,224.55418549533,2654.78482021472,772.103000232924,224.55418549533,2654.78482021472,18.5739060353235,18.5739060353235,628.693314473747,915.512685992101,1008.2878622183,306.428055550463,3317.72628087351,1008.2878622183,306.428055550463,3317.72628087351,17.2212903305406,17.2212903305406,834.647682098081,1181.92804233851,1008.2878622183,306.428055550463,3317.72628087351,1008.2878622183,306.428055550463,3317.72628087351,17.2212903305406,17.2212903305406,834.647682098081,1181.92804233851
"HER42PB",3.1,-58,-5.374327028,1704.11732265247,486.47228081492,5969.54022642264,1704.11732265247,486.47228081492,5969.54022642264,16.8479491773645,16.8479491773645,1417.00850220932,1991.22614309563,1710.04648159632,487.039358931062,6004.15328986556,1710.04648159632,487.039358931062,6004.15328986556,16.8710956018249,16.8710956018249,1421.54290485056,1998.55005834208,1524.25441035588,423.905332654326,5480.82632728739,1524.25441035588,423.905332654326,5480.82632728739,17.4608403174018,17.4608403174018,1258.10678173268,1790.40203897907,1707.88559948186,486.718698978822,5992.93437264145,1707.88559948186,486.718698978822,5992.93437264145,16.8658220522288,16.8658220522288,1419.83665341761,1995.93454554611,1408.54282034025,429.769679462036,4616.40960622331,1408.54282034025,429.769679462036,4616.40960622331,16.3725604891925,16.3725604891925,1177.92829506386,1639.15734561663,1589.27460523652,462.215875860654,5464.53270594964,1589.27460523652,462.215875860654,5464.53270594964,16.754787661899,16.754787661899,1322.99501976466,1855.55419070838,1468.91818478717,446.417893136948,4833.40983139425,1468.91818478717,446.417893136948,4833.40983139425,16.3326935461534,16.3326935461534,1229.00427922216,1708.83209035218,1468.91818478717,446.417893136948,4833.40983139425,1468.91818478717,446.417893136948,4833.40983139425,16.3326935461534,16.3326935461534,1229.00427922216,1708.83209035218
"HER42PB",5.9,-51,-5.216126843,1905.48538558638,543.956574622969,6674.93458866627,1905.48538558638,543.956574622969,6674.93458866627,16.5987944729574,16.5987944729574,1589.19778272066,2221.7729884521,1904.49440360694,542.420187639955,6686.8804222636,1904.49440360694,542.420187639955,6686.8804222636,16.6305028375059,16.6305028375059,1587.76740777495,2221.22139943894,1713.91542233814,476.651326912021,6162.79848408086,1713.91542233814,476.651326912021,6162.79848408086,17.1858504742962,17.1858504742962,1419.36448059921,2008.46636407708,1903.12446952604,542.358496425929,6678.0234298467,1903.12446952604,542.358496425929,6678.0234298467,16.624064613472,16.624064613472,1586.74782803724,2219.50111101485,1801.94002382569,549.801664007853,5905.74394736383,1801.94002382569,549.801664007853,5905.74394736383,15.8346252855924,15.8346252855924,1516.60957318178,2087.2704744696,1889.4330426323,549.512303161968,6496.59198174223,1889.4330426323,549.512303161968,6496.59198174223,16.370568261918,16.370568261918,1580.12211662494,2198.74396863965,1809.59657263762,549.953222549134,5954.39688583561,1809.59657263762,549.953222549134,5954.39688583561,15.8785274207874,15.8785274207874,1522.25928464573,2096.93386062952,1809.59657263762,549.953222549134,5954.39688583561,1809.59657263762,549.953222549134,5954.39688583561,15.8785274207874,15.8785274207874,1522.25928464573,2096.93386062952
"HER42PB",8.7,-44,-4.858052631,2453.55387807944,700.413014588554,8594.82406416299,2453.55387807944,700.413014588554,8594.82406416299,16.0611864640862,16.0611864640862,2059.48401472428,2847.6237414346,2430.21175408403,692.150059962655,8532.72940553793,2430.21175408403,692.150059962655,8532.72940553793,16.110489979114,16.110489979114,2038.69273297107,2821.73077519699,2234.9611013645,621.557610531825,8036.34456400345,2234.9611013645,621.557610531825,8036.34456400345,16.5943201214467,16.5943201214467,1864.08450161426,2605.83770111473,2431.46042996341,692.925367746711,8531.94311777441,2431.46042996341,692.925367746711,8531.94311777441,16.1016576252884,16.1016576252884,2039.95499623634,2822.96586369048,1970.78241900345,601.318267555355,6459.11417067595,1970.78241900345,601.318267555355,6459.11417067595,15.6476728398581,15.6476728398581,1662.40083369235,2279.16400431456,2089.30808265298,607.642859317235,7183.83866000489,2089.30808265298,607.642859317235,7183.83866000489,16.1552314558399,16.1552314558399,1751.77552607482,2426.84063923114,2074.10255236621,630.339048945361,6824.7420256284,2074.10255236621,630.339048945361,6824.7420256284,15.5948896561243,15.5948896561243,1750.64854796985,2397.55655676258,2074.10255236621,630.339048945361,6824.7420256284,2074.10255236621,630.339048945361,6824.7420256284,15.5948896561243,15.5948896561243,1750.64854796985,2397.55655676258
"HER42PB",11.5,-24,-4.644423925,2852.96733704717,814.433084562241,9993.97345287483,2852.96733704717,814.433084562241,9993.97345287483,15.7567185547339,15.7567185547339,2403.43330329016,3302.50137080418,2810.62762185961,800.4965302853,9868.40958066956,2810.62762185961,800.4965302853,9868.40958066956,15.8154526997974,15.8154526997974,2366.11413975696,3255.14110396225,2618.46569929471,728.212800804239,9415.32833645713,2618.46569929471,728.212800804239,9415.32833645713,16.2604141595822,16.2604141595822,2192.69233196279,3044.23906662663,2814.14155065193,801.98305711524,9874.7630599479,2814.14155065193,801.98305711524,9874.7630599479,15.8053368637444,15.8053368637444,2369.35699874879,3258.92610255507,2383.01142721302,727.096146768414,7810.16855537889,2383.01142721302,727.096146768414,7810.16855537889,15.2654731488299,15.2654731488299,2019.23345765827,2746.78939676777,2092.1360330635,608.465324844327,7193.56223292186,2092.1360330635,608.465324844327,7193.56223292186,16.1523734849212,16.1523734849212,1754.20640719047,2430.06565893653,2469.35316406057,750.45938455088,8125.29655086553,2469.35316406057,750.45938455088,8125.29655086553,15.2466714094934,15.2466714094934,2092.85900119632,2845.84732692481,2469.35316406057,750.45938455088,8125.29655086553,2469.35316406057,750.45938455088,8125.29655086553,15.2466714094934,15.2466714094934,2092.85900119632,2845.84732692481
"HER42PB",16.9,40,-5.837315201,1228.97089447947,350.832813061255,4305.09748018914,1228.97089447947,350.832813061255,4305.09748018914,17.6220767619494,17.6220767619494,1012.40070007228,1445.54108888666,1247.74475310102,355.370927749655,4380.96323396459,1247.74475310102,355.370927749655,4380.96323396459,17.6169800533835,17.6169800533835,1027.92980883007,1467.55969737196,1081.43455322087,300.754172605572,3888.5601578462,1081.43455322087,300.754172605572,3888.5601578462,18.3186729094909,18.3186729094909,883.330094686125,1279.53901175562,1244.18250377732,354.571108108428,4365.81003726964,1244.18250377732,354.571108108428,4365.81003726964,17.615546474869,17.615546474869,1025.01295659223,1463.3520509624,1393.45985594373,425.16761789854,4566.97614866355,1393.45985594373,425.16761789854,4566.97614866355,16.3969081745,16.3969081745,1164.97552291612,1621.94418897135,1563.25694895591,454.649043957621,5375.07407292985,1563.25694895591,454.649043957621,5375.07407292985,16.7923915528323,16.7923915528323,1300.74872111038,1825.76517680145,1332.36569682012,404.918322492248,4384.08995457829,1332.36569682012,404.918322492248,4384.08995457829,16.554187193633,16.554187193633,1111.80338526476,1552.92800837547,1332.36569682012,404.918322492248,4384.08995457829,1332.36569682012,404.918322492248,4384.08995457829,16.554187193633,16.554187193633,1111.80338526476,1552.92800837547
"HER42PB",21.1,88,-5.002521499,2215.64235930354,632.496705287204,7761.41760629572,2215.64235930354,632.496705287204,7761.41760629572,16.2738438901324,16.2738438901324,1855.07218058683,2576.21253802024,2202.58149831544,627.318550973872,7733.49560472914,2202.58149831544,627.318550973872,7733.49560472914,16.3163312432667,16.3163312432667,1843.20100514739,2561.96199148349,2007.97723978959,558.431882507454,7220.16905161072,2007.97723978959,558.431882507454,7220.16905161072,16.8280100484951,16.8280100484951,1670.0746281063,2345.87985147288,2202.61698434288,627.7088309037,7728.93631706769,2202.61698434288,627.7088309037,7728.93631706769,16.3084264426291,16.3084264426291,1843.40481363846,2561.82915504729,2673.37877548956,815.692020740427,8761.82909175763,2673.37877548956,815.692020740427,8761.82909175763,15.043045853341,15.043045853341,2271.22118045918,3075.53637051993,2334.80462599682,679.041722313318,8027.94948004807,2334.80462599682,679.041722313318,8027.94948004807,15.923817973323,15.923817973323,1963.01458732036,2706.59466467328,2555.58869619167,776.66716451181,8409.05072664926,2555.58869619167,776.66716451181,8409.05072664926,15.1799673165395,15.1799673165395,2167.6511673646,2943.52622501875,2555.58869619167,776.66716451181,8409.05072664926,2555.58869619167,776.66716451181,8409.05072664926,15.1799673165395,15.1799673165395,2167.6511673646,2943.52622501875
"HER42PB",26.7,152,-4.602335072,2939.01472406039,838.996926536064,10295.3983203567,2939.01472406039,838.996926536064,10295.3983203567,15.6980887884664,15.6980887884664,2477.64558317129,3400.3838649495,2892.32341220883,823.764357088411,10155.2521043509,2892.32341220883,823.764357088411,10155.2521043509,15.7585944998321,15.7585944998321,2436.53389405513,3348.11293036253,2701.45184043075,751.291800953406,9713.72512904519,2701.45184043075,751.291800953406,9713.72512904519,16.196206697947,16.196206697947,2263.9191165091,3138.98456435241,2896.35930471933,825.413735554583,10163.2634164948,2896.35930471933,825.413735554583,10163.2634164948,15.7482375444337,15.7482375444337,2440.23376127182,3352.48484816684,2621.24965951184,799.78656643626,8590.97922600392,2621.24965951184,799.78656643626,8590.97922600392,15.0806791568087,15.0806791568087,2225.94740846192,3016.55191056175,2426.98825300584,705.85190084231,8344.91197544318,2426.98825300584,705.85190084231,8344.91197544318,15.8447079142342,15.8447079142342,2042.43905320429,2811.53745280739,2692.36992736005,818.236252342058,8859.12327277629,2692.36992736005,818.236252342058,8859.12327277629,15.0797579213615,15.0797579213615,2286.36705996662,3098.37279475349,2692.36992736005,818.236252342058,8859.12327277629,2692.36992736005,818.236252342058,8859.12327277629,15.0797579213615,15.0797579213615,2286.36705996662,3098.37279475349
"HER42PB",33.6,231,-4.655928057,2829.88958341529,807.845106553832,9913.13184836222,2829.88958341529,807.845106553832,9913.13184836222,15.7728200977726,15.7728200977726,2383.53619045759,3276.24297637299,2788.70208014227,794.251903664241,9791.4266946188,2788.70208014227,794.251903664241,9791.4266946188,15.831065202602,15.831065202602,2347.22083552863,3230.18332475592,2596.23009119337,722.028929670305,9335.37481593123,2596.23009119337,722.028929670305,9335.37481593123,16.2780526496459,16.2780526496459,2173.61439004297,3018.84579234378,2792.07796759344,795.695306668547,9797.34241459847,2792.07796759344,795.695306668547,9797.34241459847,15.8210159268242,15.8210159268242,2350.34286765113,3233.81306753574,2893.82076597095,882.95251308831,9484.31371045559,2893.82076597095,882.95251308831,9484.31371045559,14.8935001376796,14.8935001376796,2462.82956620686,3324.81196573503,2839.35838790909,825.783360424599,9762.79789755563,2839.35838790909,825.783360424599,9762.79789755563,15.5319977460437,15.5319977460437,2398.34930709694,3280.36746872123,2860.06564211504,869.200539151442,9410.9185495819,2860.06564211504,869.200539151442,9410.9185495819,14.9652703782215,14.9652703782215,2432.0490857779,3288.08219845217,2860.06564211504,869.200539151442,9410.9185495819,2860.06564211504,869.200539151442,9410.9185495819,14.9652703782215,14.9652703782215,2432.0490857779,3288.08219845217
"HER42PB",37.7,279,-4.333193768,3554.05226823358,1014.57093950075,12449.8810615962,3554.05226823358,1014.57093950075,12449.8810615962,15.3332509366167,15.3332509366167,3009.10051552681,4099.00402094035,3473.90798415331,989.405806097222,12197.2567858352,3473.90798415331,989.405806097222,12197.2567858352,15.4044576233847,15.4044576233847,2938.77130085903,4009.04466744758,3297.96629082653,917.186453978616,11858.6374757795,3297.96629082653,917.186453978616,11858.6374757795,15.7973190849701,15.7973190849701,2776.97603254991,3818.95654910315,3481.98156975633,992.306241128912,12218.1995331698,3481.98156975633,992.306241128912,12218.1995331698,15.3926441654464,15.3926441654464,2946.01253681732,4017.95060269535,2922.24966134889,891.62663862969,9577.48760891425,2922.24966134889,891.62663862969,9577.48760891425,14.8752548073076,14.8752548073076,2487.55757811756,3356.94174458023,3359.13518643232,976.952382687878,11549.9889254405,3359.13518643232,976.952382687878,11549.9889254405,15.2104221412019,15.2104221412019,2848.19654428232,3870.07382858233,3022.79586220553,918.655765967247,9946.37508745863,3022.79586220553,918.655765967247,9946.37508745863,14.8619326265059,14.8619326265059,2573.54997772774,3472.04174668332,3022.79586220553,918.655765967247,9946.37508745863,3022.79586220553,918.655765967247,9946.37508745863,14.8619326265059,14.8619326265059,2573.54997772774,3472.04174668332
"HER42PB",41.7,328,-4.507160466,3143.28291365646,897.309115943339,11010.9518556463,3143.28291365646,897.309115943339,11010.9518556463,15.5671059901406,15.5671059901406,2653.96473091758,3632.60109639533,3085.92357045029,878.903733692286,10835.0026488734,3085.92357045029,878.903733692286,10835.0026488734,15.631517597487,15.631517597487,2603.54688449035,3568.30025641022,2898.93394171047,806.212892385057,10423.8199088328,2898.93394171047,806.212892385057,10423.8199088328,16.0528689570515,16.0528689570515,2433.5718748962,3364.29600852474,3091.24273505665,880.952238657536,10847.1052433017,3091.24273505665,880.952238657536,10847.1052433017,15.6206290191371,15.6206290191371,2608.37117533242,3574.11429478088,2928.42444691602,893.510667695479,9597.72507631448,2928.42444691602,893.510667695479,9597.72507631448,14.871321237523,14.871321237523,2492.92904021698,3363.91985361506,2662.71915415174,774.410578229821,9155.44479014393,2662.71915415174,774.410578229821,9155.44479014393,15.6584858063961,15.6584858063961,2245.7776533347,3079.66065496878,3017.17155158508,916.946485679527,9927.86854398382,3017.17155158508,916.946485679527,9927.86854398382,14.8653872052809,14.8653872052809,2568.65731779437,3465.68578537578,3017.17155158508,916.946485679527,9927.86854398382,3017.17155158508,916.946485679527,9927.86854398382,14.8653872052809,14.8653872052809,2568.65731779437,3465.68578537578
"HER42PB",54.5,477,-5.196121674,1932.5887815671,551.693747812456,6769.87805906519,1932.5887815671,551.693747812456,6769.87805906519,16.5678115468369,16.5678115468369,1612.40111426175,2252.77644887244,1930.60851127158,549.857762228084,6778.56980447277,1930.60851127158,549.857762228084,6778.56980447277,16.6005665856325,16.6005665856325,1610.11655985005,2251.1004626931,1739.52218571058,483.772738844205,6254.87381080764,1739.52218571058,483.772738844205,6254.87381080764,17.1516923724708,17.1516923724708,1441.16469166662,2037.87967975454,1929.35272178232,549.833107616829,6770.05781114755,1929.35272178232,549.833107616829,6770.05781114755,16.5939859670771,16.5939859670771,1609.19620187434,2249.5092416903,1802.61675377153,550.008145491912,5907.96188676737,1802.61675377153,550.008145491912,5907.96188676737,15.833832210857,15.833832210857,1517.19344157455,2088.04006596851,1757.14521106781,511.038438588269,6041.73592363782,1757.14521106781,511.038438588269,6041.73592363782,16.5296110898127,16.5296110898127,1466.69594139503,2047.59448074058,1837.86295014649,558.54363747136,6047.40614146619,1837.86295014649,558.54363747136,6047.40614146619,15.8457842233044,15.8457842233044,1546.63915274622,2129.08674754676,1837.86295014649,558.54363747136,6047.40614146619,1837.86295014649,558.54363747136,6047.40614146619,15.8457842233044,15.8457842233044,1546.63915274622,2129.08674754676
"HER42PB",57.2,503,-5.344600285,1740.2597586839,496.789817675029,6096.14754559167,1740.2597586839,496.789817675029,6096.14754559167,16.8005624510243,16.8005624510243,1447.88633111617,2032.63318625164,1745.00472901484,496.99583824043,6126.89537816829,1745.00472901484,496.99583824043,6126.89537816829,16.8253571127956,16.8253571127956,1451.40145172292,2038.60800630676,1558.2167487371,433.350485806843,5602.94614998326,1558.2167487371,433.350485806843,5602.94614998326,17.4084986823828,17.4084986823828,1286.95460656453,1829.47889090967,1742.97811446929,496.719476105676,6116.07326400187,1742.97811446929,496.719476105676,6116.07326400187,16.8198593737074,16.8198593737074,1449.81164670106,2036.14458223753,2283.92406699842,696.862956535773,7485.41602748665,2283.92406699842,696.862956535773,7485.41602748665,15.3493046928534,15.3493046928534,1933.35760300142,2634.49053099542,1659.57750854845,482.662385181825,5706.26092158049,1659.57750854845,482.662385181825,5706.26092158049,16.6569719062818,16.6569719062818,1383.14214918656,1936.01286791034,2126.88315520198,646.379564857319,6998.41424733234,2126.88315520198,646.379564857319,6998.41424733234,15.5437458850868,15.5437458850868,1796.28584228467,2457.48046811929,2126.88315520198,646.379564857319,6998.41424733234,2126.88315520198,646.379564857319,6998.41424733234,15.5437458850868,15.5437458850868,1796.28584228467,2457.48046811929
"HER42PB",65.2,587,-5.161179534,1980.85709782643,565.472844820418,6938.96245938295,1980.85709782643,565.472844820418,6938.96245938295,16.5139715913764,16.5139715913764,1653.73891942561,2307.97527622725,1977.08271063693,563.094106683823,6941.74561285947,1977.08271063693,563.094106683823,6941.74561285947,16.5485359781111,16.5485359781111,1649.90446695016,2304.26095432369,1785.16949255515,496.467559775183,6419.00977093589,1785.16949255515,496.467559775183,6419.00977093589,17.092354514218,17.092354514218,1480.04199420795,2090.29699090234,1976.03448403112,563.136625483989,6933.86312553229,1976.03448403112,563.136625483989,6933.86312553229,16.5417091994421,16.5417091994421,1649.16460600199,2302.90436206024,1795.96306264344,547.977994429363,5886.15483681687,1795.96306264344,547.977994429363,5886.15483681687,15.8416462412816,15.8416462412816,1511.45294763538,2080.4731776515,1894.71680232456,551.049002739213,6514.75956433217,1894.71680232456,551.049002739213,6514.75956433217,16.3645106073398,16.3645106073398,1584.65567022911,2204.77793442001,1860.13020352578,565.310862795735,6120.67554647202,1860.13020352578,565.310862795735,6120.67554647202,15.8204360456292,15.8204360456292,1565.84949431155,2154.41091274001,1860.13020352578,565.310862795735,6120.67554647202,1860.13020352578,565.310862795735,6120.67554647202,15.8204360456292,15.8204360456292,1565.84949431155,2154.41091274001
"HER42PB",70.4,644,-5.731819198,1323.9999706298,377.96064681077,4637.98529561031,1323.9999706298,377.96064681077,4637.98529561031,17.4394916221779,17.4394916221779,1093.10110667418,1554.89883458542,1340.65051522242,381.831473302996,4707.16514911252,1340.65051522242,381.831473302996,4707.16514911252,17.4412796648013,17.4412796648013,1106.82390953488,1574.47712090997,1169.40316343146,325.218830684371,4204.87262612012,1169.40316343146,325.218830684371,4204.87262612012,18.1158752992938,18.1158752992938,957.555544598221,1381.2507822647,1337.30883778466,381.110548538439,4692.5883696357,1337.30883778466,381.110548538439,4692.5883696357,17.4389103219628,17.4389103219628,1104.09674883571,1570.52092673361,1818.10381607949,554.733504002699,5958.71974955877,1818.10381607949,554.733504002699,5958.71974955877,15.8157849941789,15.8157849941789,1530.5564255574,2105.65120660159,1887.20743066256,548.865018430601,6488.93947829236,1887.20743066256,548.865018430601,6488.93947829236,16.373126270137,16.373126270137,1578.21257506077,2196.20228626435,1681.57971563051,511.047709510362,5533.16312234184,1681.57971563051,511.047709510362,5533.16312234184,16.0353788028896,16.0353788028896,1411.93203835661,1951.22739290442,1681.57971563051,511.047709510362,5533.16312234184,1681.57971563051,511.047709510362,5533.16312234184,16.0353788028896,16.0353788028896,1411.93203835661,1951.22739290442
"HER42PB",74.3,683,-5.563638453,1490.91975592447,425.611033075866,5222.70699267714,1490.91975592447,425.611033075866,5222.70699267714,17.1561127305582,17.1561127305582,1235.1358818759,1746.70362997303,1503.2738791095,428.148330620722,5278.15290634596,1503.2738791095,428.148330620722,5278.15290634596,17.1683132878046,17.1683132878046,1245.18710997025,1761.36064824876,1324.6751603884,368.401010164871,4763.19074088508,1324.6751603884,368.401010164871,4763.19074088508,17.8017010438412,17.8017010438412,1088.86044853403,1560.48987224276,1500.39568408668,427.587559455774,5264.85665694111,1500.39568408668,427.587559455774,5264.85665694111,17.1645283223266,17.1645283223266,1242.85984194466,1757.9315262287,1783.84707335065,544.281205975698,5846.44545166192,1783.84707335065,544.281205975698,5846.44545166192,15.855969783187,15.855969783187,1501.00082042191,2066.6933262794,1811.55089520565,526.86148821274,6228.80343190935,1811.55089520565,526.86148821274,6228.80343190935,16.4624237441908,16.4624237441908,1513.32571049521,2109.77607991608,1697.59756750863,515.915683616791,5585.86915018416,1697.59756750863,515.915683616791,5585.86915018416,16.0149374433164,16.0149374433164,1425.72837903286,1969.46675598439,1697.59756750863,515.915683616791,5585.86915018416,1697.59756750863,515.915683616791,5585.86915018416,16.0149374433164,16.0149374433164,1425.72837903286,1969.46675598439
"HER42PB",82,761,-3.944481922,4676.3570659082,1334.95391280713,16381.3261252481,4676.3570659082,1334.95391280713,16381.3261252481,14.8352885603548,14.8352885603548,3982.60600106818,5370.10813074822,4526.27278796828,1289.13045389346,15892.2204414816,4526.27278796828,1289.13045389346,15892.2204414816,14.9202007838858,14.9202007838858,3850.94379997703,5201.60177595954,4399.3697066046,1223.49410064175,15819.0005209166,4399.3697066046,1223.49410064175,15819.0005209166,15.2547081202915,15.2547081202915,3728.25869872954,5070.48071447966,4542.86995813784,1294.6416061624,15940.8344041451,4542.86995813784,1294.6416061624,15940.8344041451,14.9065219628754,14.9065219628754,3865.68605008315,5220.05386619252,3542.57748911435,1080.89890486846,11610.5726537923,3542.57748911435,1080.89890486846,11610.5726537923,14.5248772992943,14.5248772992943,3028.02245558807,4057.13252264063,4299.32489979067,1250.39198236639,14782.7200227071,4299.32489979067,1250.39198236639,14782.7200227071,14.7617671169577,14.7617671169577,3664.6685704822,4933.98122909915,3782.82168667023,1149.63468011035,12447.2061957708,3782.82168667023,1149.63468011035,12447.2061957708,14.4573122985491,14.4573122985491,3235.92734173107,4329.71603160939,3782.82168667023,1149.63468011035,12447.2061957708,3782.82168667023,1149.63468011035,12447.2061957708,14.4573122985491,14.4573122985491,3235.92734173107,4329.71603160939
"HER42PB",87.2,813,-4.499815098,3159.62580694998,901.974501635941,11068.2011762388,3159.62580694998,901.974501635941,11068.2011762388,15.557087823352,15.557087823352,2668.08004527348,3651.17156862649,3101.39311951986,883.309625194583,10889.3178648271,3101.39311951986,883.309625194583,10889.3178648271,15.6217952183954,15.6217952183954,2616.89983747106,3585.88640156865,2914.76221809422,810.614841771074,10480.734314545,2914.76221809422,810.614841771074,10480.734314545,16.0419118515984,16.0419118515984,2447.17863238385,3382.34580380459,3106.81754548018,885.390797931342,10901.7569229943,3106.81754548018,885.390797931342,10901.7569229943,15.6108663805897,15.6108663805897,2621.81640976655,3591.8186811938,2418.68898070769,737.981957627674,7927.0994702939,2418.68898070769,737.981957627674,7927.0994702939,15.2363555121517,15.2363555121517,2050.16892887383,2787.20903254155,2748.49560406393,799.357328649005,9450.37696511293,2748.49560406393,799.357328649005,9450.37696511293,15.5957912883343,15.5957912883343,2319.84596608508,3177.14524204279,2569.12071316087,780.779670278194,8453.5772254937,2569.12071316087,780.779670278194,8453.5772254937,15.1697566872533,15.1697566872533,2179.39135197254,2958.8500743492,2569.12071316087,780.779670278194,8453.5772254937,2569.12071316087,780.779670278194,8453.5772254937,15.1697566872533,15.1697566872533,2179.39135197254,2958.8500743492
"HER42PB",95.4,895,-5.283345833,1817.16954451372,518.745159852632,6365.56330365813,1817.16954451372,518.745159852632,6365.56330365813,16.7037538209846,16.7037538209846,1513.63401728824,2120.70507173919,1819.30891883941,518.158458887014,6387.78521396358,1819.30891883941,518.158458887014,6387.78521396358,16.7318867830421,16.7318867830421,1514.90421030541,2123.71362737341,1630.60397864207,453.481857948077,5863.2319872602,1630.60397864207,453.481857948077,5863.2319872602,17.3016277891419,17.3016277891419,1348.48294754248,1912.72500974166,1817.57942089993,517.979594944462,6377.84766720998,1817.57942089993,517.979594944462,6377.84766720998,16.7259349477191,16.7259349477191,1513.57226933707,2121.58657246278,1714.41497842497,523.09632700029,5618.88617169789,1714.41497842497,523.09632700029,5618.88617169789,15.9405008785348,15.9405008785348,1441.12864372741,1987.70131312253,1856.69176632876,539.990010630788,6384.01497673271,1856.69176632876,539.990010630788,6384.01497673271,16.4085891389415,16.4085891389415,1552.03484281532,2161.3486898422,1743.64660363477,529.910413821181,5737.39145159168,1743.64660363477,529.910413821181,5737.39145159168,15.9575085996566,15.9575085996566,1465.40404691213,2021.8891603574,1743.64660363477,529.910413821181,5737.39145159168,1743.64660363477,529.910413821181,5737.39145159168,15.9575085996566,15.9575085996566,1465.40404691213,2021.8891603574
"HER42PB",100.8,948,-5.152814795,1992.5896873154,568.822132743669,6980.06183909321,1992.5896873154,568.822132743669,6980.06183909321,16.5011348067921,16.5011348067921,1663.78977686525,2321.38959776555,1988.37304972163,566.309714896293,6981.38718242419,1988.37304972163,566.309714896293,6981.38718242419,16.536128808265,16.536128808265,1659.57312103083,2317.17297841242,1796.27345153155,499.555644934518,6458.9367478772,1796.27345153155,499.555644934518,6458.9367478772,17.0782105826177,17.0782105826178,1489.50208883933,2103.04481422376,1987.37609122266,566.36879296539,6973.66058479996,1987.37609122266,566.36879296539,6973.66058479996,16.5292435794738,16.5292435794738,1658.87785626424,2315.87432618108,2201.59800375577,671.743914856502,7215.59758554244,2201.59800375577,671.743914856502,7215.59758554244,15.4225152641191,15.4225152641191,1862.056215572,2541.13979193955,2096.05215645122,609.604268608776,7207.02735988117,2096.05215645122,609.604268608776,7207.02735988117,16.1484238267848,16.1484238267848,1757.57277059701,2434.53154230542,2214.81129609485,673.101744357419,7287.73787682325,2214.81129609485,673.101744357419,7287.73787682325,15.4620014541043,15.4620014541043,1872.357141287,2557.26545090271,2214.81129609485,673.101744357419,7287.73787682325,2214.81129609485,673.101744357419,7287.73787682325,15.4620014541043,15.4620014541043,1872.357141287,2557.26545090271
"HER42PB",102.3,964,-5.544826822,1510.85277991946,431.301288974027,5292.532577448,1510.85277991946,431.301288974027,5292.532577448,17.124987389692,17.124987389692,1252.11943188144,1769.58612795748,1522.64884758256,433.66652695397,5346.18046112328,1522.64884758256,433.66652695397,5346.18046112328,17.1383113699409,17.1383113699409,1261.69254701305,1783.60514815208,1343.27744705991,373.574430340693,4830.07977321742,1343.27744705991,373.574430340693,4830.07977321742,17.7672358030124,17.7672358030125,1104.61417555209,1581.94071856774,1519.8320233947,433.126589578037,5333.0583596504,1519.8320233947,433.126589578037,5333.0583596504,17.134373645046,17.134373645046,1259.41832572919,1780.24572106021,1469.72528370171,448.4374595876,4816.93124285062,1469.72528370171,448.4374595876,4816.93124285062,16.2771026496504,16.2771026496504,1230.49659060572,1708.9539767977,1789.74207643622,520.518731438181,6153.8163887319,1789.74207643622,520.518731438181,6153.8163887319,16.4890451506515,16.4890451506515,1494.63069737244,2084.85345549999,1478.05807768779,449.195591564571,4863.48424170604,1478.05807768779,449.195591564571,4863.48424170604,16.3188125387185,16.3188125387185,1236.85655077653,1719.25960459904,1478.05807768779,449.195591564571,4863.48424170604,1478.05807768779,449.195591564571,4863.48424170604,16.3188125387185,16.3188125387185,1236.85655077653,1719.25960459904
"HER42PB",110.4,1047,-4.228858041,3825.73102914934,1092.12674197681,13401.574510394,3825.73102914934,1092.12674197681,13401.574510394,15.196337918112,15.196337918112,3244.36001412174,4407.10204417694,3729.6244483557,1062.2365648711,13095.1042223448,3729.6244483557,1062.2365648711,13095.1042223448,15.2714165653518,15.2714165653518,3160.0579625241,4299.1909341873,3563.1711935206,990.941708832586,12812.2460091948,3563.1711935206,990.941708832586,12812.2460091948,15.6479204725689,15.6479204725689,3005.60899885701,4120.73338818418,3739.63591954911,1065.73340156368,13122.3031860153,3739.63591954911,1065.73340156368,13122.3031860153,15.2590760980747,15.2590760980747,3169.00202879418,4310.26981030405,3000.34793051754,915.455710506286,9833.44972438084,3000.34793051754,915.455710506286,9833.44972438084,14.8262535806606,14.8262535806606,2555.50873803691,3445.18712299818,3128.42791808381,909.854751003732,10756.7292777768,3128.42791808381,909.854751003732,10756.7292777768,15.3448937876174,15.3448937876174,2648.37397683168,3608.48185933594,3137.34777491538,953.469157248226,10323.3030517462,3137.34777491538,953.469157248226,10323.3030517462,14.7932716694533,14.7932716694533,2673.2313953566,3601.46415447416,3137.34777491538,953.469157248226,10323.3030517462,3137.34777491538,953.469157248226,10323.3030517462,14.7932716694533,14.7932716694533,2673.2313953566,3601.46415447416
"HER42PB",119.8,1156,-5.616511633,1436.29186066954,410.016474856472,5031.34492278074,1436.29186066954,410.016474856472,5031.34492278074,17.2442046360065,17.2442046360065,1188.61475304538,1683.9689682937,1450.12750064618,413.011678854319,5091.55037446791,1450.12750064618,413.011678854319,5091.55037446791,17.2532039114621,17.2532039114621,1199.9340459835,1700.32095530885,1273.75845762704,354.240735032931,4580.10739003689,1273.75845762704,354.240735032931,4580.10739003689,17.8992912569349,17.8992912569349,1045.76472138654,1501.75219386755,1447.08751835952,412.395627937911,5077.79943318695,1447.08751835952,412.395627937911,5077.79943318695,17.2498542190196,17.2498542190196,1197.46703102087,1696.70800569816,1412.08550172105,430.850610065974,4628.02051937552,1412.08550172105,430.850610065974,4628.02051937552,16.3668899287628,16.3668899287628,1180.97102195435,1643.19998148775,1730.32499700951,503.238195199945,5949.51779064857,1730.32499700951,503.238195199945,5949.51779064857,16.5637102174635,16.5637102174635,1443.71897868452,2016.9310153345,1426.74520585196,433.60113274924,4694.64152345466,1426.74520585196,433.60113274924,4694.64152345466,16.3981993297467,16.3981993297467,1192.78468306875,1660.70572863517,1426.74520585196,433.60113274924,4694.64152345466,1426.74520585196,433.60113274924,4694.64152345466,16.3981993297467,16.3981993297467,1192.78468306875,1660.70572863517
"HER42PB",127.8,1230,-6.190873708,957.494287643376,273.334719262238,3354.11217917809,957.494287643376,273.334719262238,3354.11217917809,18.2628822345231,18.2628822345231,782.628233488781,1132.36034179797,980.836008688172,279.352488969805,3443.81852292475,980.836008688172,279.352488969805,3443.81852292475,18.2325348417523,18.2325348417523,802.004741663649,1159.6672757127,832.096074281901,231.411476176391,2992.00319826658,832.096074281901,231.411476176391,2992.00319826658,19.0327247843441,19.0327247843441,673.725518522495,990.466630041306,976.845537146804,278.384564567793,3427.73028714834,976.845537146804,278.384564567793,3427.73028714834,18.2345315085044,18.2345315085044,798.72232988635,1154.96874440726,940.385884752543,286.927265841373,3082.0549927476,940.385884752543,286.927265841373,3082.0549927476,17.3387557205647,17.3387557205647,777.334673364629,1103.43709614046,1649.48074884828,479.725899181992,5671.54440788054,1649.48074884828,479.725899181992,5671.54440788054,16.6706930836369,16.6706930836369,1374.50087573411,1924.46062196246,931.273674275947,283.022727820888,3064.3145272357,931.273674275947,283.022727820888,3064.3145272357,17.421439624991,17.421439624991,769.032393368528,1093.51495518337,931.273674275947,283.022727820888,3064.3145272357,931.273674275947,283.022727820888,3064.3145272357,17.421439624991,17.421439624991,769.032393368528,1093.51495518337
"HER42PB",131.6,1266,-6.480566984,780.391722879355,222.777467438271,2733.72010258335,780.391722879355,222.777467438271,2733.72010258335,18.8237392349753,18.8237392349753,633.492819953214,927.290625805496,805.283435775523,229.353255913718,2827.43495116715,805.283435775523,229.353255913718,2827.43495116715,18.7699061522123,18.7699061522123,654.132490621147,956.434380929899,671.286423699522,186.689238234344,2413.77310714419,671.286423699522,186.689238234344,2413.77310714419,19.6606542236062,19.6606542236062,539.307121085947,803.265726313098,801.207390753589,228.330644018611,2811.41975382792,801.207390753589,228.330644018611,2811.41975382792,18.7750906217175,18.7750906217175,650.779977071704,951.634804435474,882.802066876163,269.357491892326,2893.32768806877,882.802066876163,269.357491892326,2893.32768806877,17.5002782571492,17.5002782571492,728.30924871297,1037.29488503936,1192.28481122612,346.757549941608,4099.5302663774,1192.28481122612,346.757549941608,4099.5302663774,17.4345849244535,17.4345849244535,984.414903271538,1400.15471918069,835.58584717673,253.942307539568,2749.45799605787,835.58584717673,253.942307539568,2749.45799605787,17.7021763741468,17.7021763741468,687.668966752096,983.502727601364,835.58584717673,253.942307539568,2749.45799605787,835.58584717673,253.942307539568,2749.45799605787,17.7021763741468,17.7021763741468,687.668966752096,983.502727601364
"HER42PB",143.8,1392,-7.255694259,451.490957073515,128.886569448749,1581.57739158552,451.490957073515,128.886569448749,1581.57739158552,20.5089780382193,20.5089780382193,358.894775842761,544.087138304268,475.097640076263,135.312842395021,1668.11784905894,475.097640076263,135.312842395021,1668.11784905894,20.3768434740553,20.3768434740553,378.287737608992,571.907542543534,377.884162881155,105.092109744027,1358.77413541512,377.884162881155,105.092109744027,1358.77413541512,21.5642697421481,21.5642697421481,296.396202684604,459.372123077705,471.432633396358,134.350379236436,1654.24711931703,471.432633396358,134.350379236436,1654.24711931703,20.3926363317283,20.3926363317283,375.295090918749,567.570175873967,462.585978961979,141.142622738369,1516.09615706851,462.585978961979,141.142622738369,1516.09615706851,19.3432289993731,19.3432289993731,373.106913732371,552.065044191586,1182.23617193048,343.835059015284,4064.97920899538,1182.23617193048,343.835059015284,4064.97920899538,17.4554413076306,17.4554413076306,975.871630821574,1388.60071303938,438.317157519101,133.2086592786,1442.26307520903,438.317157519101,133.2086592786,1442.26307520903,19.5797664909607,19.5797664909607,352.495681587045,524.138633451158,438.317157519101,133.2086592786,1442.26307520903,438.317157519101,133.2086592786,1442.26307520903,19.5797664909607,19.5797664909607,352.495681587045,524.138633451158
"HER42PB",151.3,1480,-6.912057797,575.456156456033,164.274762787118,2015.8287395142,575.456156456033,164.274762787118,2015.8287395142,19.7260499033957,19.7260499033957,461.941387861354,688.970925050713,600.314422951997,170.975909051711,2107.76716089981,600.314422951997,170.975909051711,2107.76716089981,19.6317313027016,19.6317313027016,482.462308466697,718.166537437297,487.518495211417,135.582149858751,1752.99096098427,487.518495211417,135.582149858751,1752.99096098427,20.676726984129,20.676726984129,386.715626959418,588.321363463416,596.388894127641,169.960813958082,2092.71598997232,596.388894127641,169.960813958082,2092.71598997232,19.6424046603693,19.6424046603693,479.243774193588,713.534014061693,718.760329978256,219.305648478734,2355.6913172738,718.760329978256,219.305648478734,2355.6913172738,18.047229273253,18.047229273253,589.044005301891,848.476654654622,963.257234694829,280.148430577433,3312.046040306,963.257234694829,280.148430577433,3312.046040306,17.9758851616835,17.9758851616835,790.103220374478,1136.41124901518,662.651581029378,201.385976258346,2180.42549932786,662.651581029378,201.385976258346,2180.42549932786,18.3340559386694,18.3340559386694,541.160669484975,784.142492573782,662.651581029378,201.385976258346,2180.42549932786,662.651581029378,201.385976258346,2180.42549932786,18.3340559386694,18.3340559386694,541.160669484975,784.142492573782
"HER42PB",159.8,1615,-5.331006923,1757.04130249619,501.580424392912,6154.93346339045,1757.04130249619,501.580424392912,6154.93346339045,16.7789822824548,16.7789822824548,1462.22765365494,2051.85495133744,1761.22757801389,501.61627754519,6183.85550950794,1761.22757801389,501.61627754519,6183.85550950794,16.8045244728086,16.8045244728086,1465.26165864469,2057.19349738309,1573.99807714074,437.739378646006,5659.69174284925,1573.99807714074,437.739378646006,5659.69174284925,17.3846684591358,17.3846684591358,1300.36372987665,1847.63242440483,1759.26448484714,501.360818010424,6173.22179249381,1759.26448484714,501.360818010424,6173.22179249381,16.7989250535138,16.7989250535138,1463.72696254458,2054.8020071497,1675.18893755408,511.127814031992,5490.32531484959,1675.18893755408,511.127814031992,5490.32531484959,15.9902010120852,15.9902010120852,1407.32285910697,1943.0550160012,1893.32250906417,550.643494164148,6509.96545191259,1893.32250906417,550.643494164148,6509.96545191259,16.3661070406957,16.3661070406957,1583.45932060514,2203.18569752319,1707.12986404282,518.8126371569,5617.23474716653,1707.12986404282,518.8126371569,5617.23474716653,16.0028885068767,16.0028885068767,1433.93977523245,1980.31995285318,1707.12986404282,518.8126371569,5617.23474716653,1707.12986404282,518.8126371569,5617.23474716653,16.0028885068767,16.0028885068767,1433.93977523245,1980.31995285318
"HER42PB",163.5,1669,-5.210122412,1913.58013967847,546.267374139803,6703.29059416741,1913.58013967847,546.267374139803,6703.29059416741,16.5894829703256,16.5894829703256,1596.12708828298,2231.03319107396,1912.29507737608,544.641902191367,6714.26940939244,1912.29507737608,544.641902191367,6714.26940939244,16.6215063179956,16.6215063179956,1594.4428302713,2230.14732448087,1721.56129322091,478.777694674496,6190.29106677873,1721.56129322091,478.777694674496,6190.29106677873,17.1755838447183,17.1755838447183,1425.87308986553,2017.24949657628,1910.95905053384,544.591220372028,6705.51480856148,1910.95905053384,544.591220372028,6705.51480856148,16.6150252425212,16.6150252425212,1593.4527219134,2228.46537915428,1645.20821289589,501.980199745564,5392.06539451563,1645.20821289589,501.980199745564,5392.06539451563,16.0291939771643,16.0291939771643,1381.49459712257,1908.92182866922,1785.48971223564,519.281997247016,6139.19513751762,1785.48971223564,519.281997247016,6139.19513751762,16.4942837856282,16.4942837856282,1490.9859721363,2079.99345233499,1703.44423965322,517.69254163903,5605.10736434563,1703.44423965322,517.69254163903,5605.10736434563,16.0075370343836,16.0075370343836,1430.76477213066,1976.12370717578,1703.44423965322,517.69254163903,5605.10736434563,1703.44423965322,517.69254163903,5605.10736434563,16.0075370343836,16.0075370343836,1430.76477213066,1976.12370717578
"HER42PB",169.9,1760,-6.589871944,722.434376543,206.232454904544,2530.69493185563,722.434376543,206.232454904544,2530.69493185563,19.0444136000654,19.0444136000654,584.850985885098,860.017767200903,747.537223408295,212.906522708094,2624.68191802251,747.537223408295,212.906522708094,2624.68191802251,18.9809864302103,18.9809864302103,605.647284472396,889.427162344194,619.038361193402,172.158703064674,2225.90252951112,619.038361193402,172.158703064674,2225.90252951112,19.908481709986,19.908481709986,495.797222277417,742.279500109388,743.473526493034,211.877462781857,2608.8328477158,743.473526493034,211.877462781857,2608.8328477158,18.9874723709027,18.9874723709027,602.306696065193,884.640356920876,941.242033205703,287.188490875482,3084.86096491007,941.242033205703,287.188490875482,3084.86096491007,17.3364513609861,17.3364513609861,778.06406592984,1104.42000048157,597.700562747317,173.831940812734,2055.12267215214,597.700562747317,173.831940812734,2055.12267215214,19.317746850192,19.317746850192,482.238281113617,713.162844381016,869.101434848872,264.128006233204,2859.73954382356,869.101434848872,264.128006233204,2859.73954382356,17.5993062989139,17.5993062989139,716.145611281563,1022.05725841618,869.101434848872,264.128006233204,2859.73954382356,869.101434848872,264.128006233204,2859.73954382356,17.5993062989139,17.5993062989139,716.145611281563,1022.05725841618
"HER42PB",176.2,1842,-6.246923894,920.344692653415,262.729669970216,3223.97677198518,920.344692653415,262.729669970216,3223.97677198518,18.3687747042966,18.3687747042966,751.288649556958,1089.40073574987,944.11565506993,268.89414314212,3314.88949417918,944.11565506993,268.89414314212,3314.88949417918,18.3340919728376,18.3340919728376,771.020622539452,1117.21068760041,798.230534048969,221.993243235469,2870.2314367841,798.230534048969,221.993243235469,2870.2314367841,19.1510683166711,19.1510683166711,645.360859148723,951.100208949215,940.093080677201,267.910732009812,3298.76669630683,940.093080677201,267.910732009812,3298.76669630683,18.3366772902452,18.3366772902452,767.711246245497,1112.4749151089,1021.72767052291,311.745988206487,3348.64752780944,1021.72767052291,311.745988206487,3348.64752780944,17.1311686875443,17.1311686875443,846.693779758309,1196.7615612875,1158.18032843872,336.838789942291,3982.26603715157,1158.18032843872,336.838789942291,3982.26603715157,17.5063076882898,17.5063076882898,955.425716556991,1360.93494032045,985.170818526874,299.402571049586,3241.66067871264,985.170818526874,299.402571049586,3241.66067871264,17.2792390152723,17.2792390152723,814.940798084902,1155.40083896885,985.170818526874,299.402571049586,3241.66067871264,985.170818526874,299.402571049586,3241.66067871264,17.2792390152723,17.2792390152723,814.940798084902,1155.40083896885
"HER42PB",182.5,1929,-6.358376595,850.702555131285,242.849014436193,2980.019659487,850.702555131285,242.849014436193,2980.019659487,18.5830271360398,18.5830271360398,692.616268464254,1008.78884179832,875.133437500211,249.247276589442,3072.68566345241,875.133437500211,249.247276589442,3072.68566345241,18.5394318664505,18.5394318664505,712.888670114333,1037.37820488609,734.93101985122,204.389225533077,2642.62268488387,734.93101985122,204.389225533077,2642.62268488387,19.3908153103014,19.3908153103014,592.421903133756,877.440136568685,871.070342344925,248.240411344755,3056.5673703269,871.070342344925,248.240411344755,3056.5673703269,18.5432270444285,18.5432270444285,709.545791047224,1032.59489364262,1024.96200977407,312.732838533769,3359.24786922132,1024.96200977407,312.732838533769,3359.24786922132,17.1233584071016,17.1233584071016,849.454091303825,1200.46992824432,976.523971608318,284.006855296533,3357.66214561978,976.523971608318,284.006855296533,3357.66214561978,17.9401663004554,17.9401663004554,801.333947137975,1151.71399607866,967.04748734678,293.894722208289,3182.02666504825,967.04748734678,293.894722208289,3182.02666504825,17.3259104938088,17.3259104938088,799.49770525645,1134.59726943711,967.04748734678,293.894722208289,3182.02666504825,967.04748734678,293.894722208289,3182.02666504825,17.3259104938088,17.3259104938088,799.49770525645,1134.59726943711
"HER42PB",195.5,2118,-6.485692529,777.572869400815,221.972772795032,2723.84563032204,777.572869400815,221.972772795032,2723.84563032204,18.833972786975,18.833972786975,631.125006778965,924.020732022665,802.47849299723,228.554378487121,2817.58650167094,802.47849299723,228.554378487121,2817.58650167094,18.779699195892,18.779699195892,651.775445900623,953.181540093837,668.740637628025,185.981238123488,2404.61911603253,668.740637628025,185.981238123488,2404.61911603253,19.6721374271348,19.6721374271348,537.185060362743,800.296214893307,798.402551160836,227.5313118632,2801.5776311411,798.402551160836,227.5313118632,2801.5776311411,18.7849434317887,18.7849434317887,648.423083567315,948.382018754357,858.496632721087,261.941502477471,2813.66817179662,858.496632721087,261.941502477471,2813.66817179662,17.572604542617,17.572604542617,707.636414441327,1009.35685100085,869.010379138197,252.738194017504,2987.9893776467,869.010379138197,252.738194017504,2987.9893776467,18.2493885674616,18.2493885674616,710.421298357697,1027.5994599187,825.46651679941,250.866948956779,2716.16079037317,825.46651679941,250.866948956779,2716.16079037317,17.7342924972011,17.7342924972011,679.075870243744,971.857163355075,825.46651679941,250.866948956779,2716.16079037317,825.46651679941,250.866948956779,2716.16079037317,17.7342924972011,17.7342924972011,679.075870243744,971.857163355075
"HER42PB",203,2225,-6.221164986,937.235028388349,267.551333384748,3283.14378898993,937.235028388349,267.551333384748,3283.14378898993,18.3199577571235,18.3199577571235,765.533967102639,1108.93608967406,960.817277628035,273.650942229952,3373.53064990655,960.817277628035,273.650942229952,3373.53064990655,18.2872793622558,18.2872793622558,785.109937907376,1136.52461734869,813.619437562262,226.273000091455,2925.5659708033,813.619437562262,226.273000091455,2925.5659708033,19.0964991015954,19.0964991015954,658.246608977779,968.992266146745,956.808424595878,272.674324165838,3357.42048386213,956.808424595878,272.674324165838,3357.42048386213,18.2895925426083,18.2895925426083,781.812062323942,1131.80478686781,1026.87600084499,313.316828822997,3365.52085335671,1026.87600084499,313.316828822997,3365.52085335671,17.1187514438032,17.1187514438032,851.087650624267,1202.66435106571,1424.61923541894,414.328414672619,4898.38469690591,1424.61923541894,414.328414672619,4898.38469690591,17.0071436440546,17.0071436440546,1182.33219567041,1666.90627516747,988.37023371192,300.374903069824,3252.18821181167,988.37023371192,300.374903069824,3252.18821181167,17.2711148535486,17.2711148535486,817.667675469248,1159.07279195459,988.37023371192,300.374903069824,3252.18821181167,988.37023371192,300.374903069824,3252.18821181167,17.2711148535486,17.2711148535486,817.667675469248,1159.07279195459
"HER42PB",208.7,2306,-6.004685821,1092.00266421271,311.732660453604,3825.29638348608,1092.00266421271,311.732660453604,3825.29638348608,17.9197269873524,17.9197269873524,896.318768091181,1287.68656033425,1113.37825098336,317.101924095376,3909.18829426565,1113.37825098336,317.101924095376,3909.18829426565,17.9031118490687,17.9031118490687,914.048897406602,1312.70760456011,955.247544285157,265.660722564604,3434.82416991815,955.247544285157,265.660722564604,3434.82416991815,18.6498979714166,18.6498979714166,777.094851901513,1133.4002366688,1109.55982402025,316.205906385149,3893.42190711735,1109.55982402025,316.205906385149,3893.42190711735,17.9032433785792,17.9032433785792,910.912628294966,1308.20701974552,1183.56637454825,361.125649903051,3879.06359832754,1183.56637454825,361.125649903051,3879.06359832754,16.7752023983803,16.7752023983803,985.020719698613,1382.1120293979,805.420605905955,234.244094487142,2769.34346557677,805.420605905955,234.244094487142,2769.34346557677,18.4566376225586,18.4566376225586,656.767043336477,954.074168475433,1157.75676488845,351.853044709521,3809.54704470883,1157.75676488845,351.853044709521,3809.54704470883,16.8838323639816,16.8838323639816,962.283053522025,1353.23047625487,1157.75676488845,351.853044709521,3809.54704470883,1157.75676488845,351.853044709521,3809.54704470883,16.8838323639816,16.8838323639816,962.283053522025,1353.23047625487
"HER42PB",211.5,2349,-6.450375479,797.204502501427,227.57699100444,2792.6154397399,797.204502501427,227.57699100444,2792.6154397399,18.7636844943503,18.7636844943503,647.619564877304,946.78944012555,822.005768997311,234.115953618033,2886.14882421585,822.005768997311,234.115953618033,2886.14882421585,18.7124278527796,18.7124278527796,668.188532528003,975.823005466618,686.480017571592,190.914678174551,2468.40535799049,686.480017571592,190.914678174551,2468.40535799049,19.593284700451,19.593284700451,551.976033317084,820.9840018261,817.93012872894,233.09634335655,2870.09948697139,817.93012872894,233.09634335655,2870.09948697139,18.7172627421325,18.7172627421325,664.835997487682,971.024259970198,764.883282916004,233.378523235293,2506.85636524711,764.883282916004,233.378523235293,2506.85636524711,17.8781781613202,17.8781781613202,628.136086870126,901.630478961882,1039.66025391597,302.369064023246,3574.74878279719,1039.66025391597,302.369064023246,3574.74878279719,17.7783687657266,17.7783687657266,854.825620064101,1224.49488776784,763.654649188323,232.081747714411,2512.77159436321,763.654649188323,232.081747714411,2512.77159436321,17.9422301176113,17.9422301176113,626.637974727116,900.671323649529,763.654649188323,232.081747714411,2512.77159436321,763.654649188323,232.081747714411,2512.77159436321,17.9422301176113,17.9422301176113,626.637974727116,900.671323649529
"HER42PB",219.9,2479,-5.705493911,1348.83750651579,385.050987699667,4724.99143516758,1348.83750651579,385.050987699667,4724.99143516758,17.3945180020052,17.3945180020052,1114.21372362711,1583.46128940448,1364.89308665407,388.736014539726,4792.28337050743,1364.89308665407,388.736014539726,4792.28337050743,17.3979807298479,17.3979807298479,1127.42925045497,1602.35692285317,1192.44837694678,331.627858491625,4287.73727922172,1192.44837694678,331.627858491625,4287.73727922172,18.0659676445637,18.0659676445637,977.021038989448,1407.87571490411,1361.61443183324,388.03723444575,4777.87618403345,1361.61443183324,388.03723444575,4777.87618403345,17.3953837364901,17.3953837364901,1124.75637640442,1598.47248726206,1329.47626156467,405.645166433076,4357.27398308732,1329.47626156467,405.645166433076,4357.27398308732,16.5040652336086,16.5040652336086,1110.0586320907,1548.89389103864,983.510792317242,286.038863763047,3381.68550202951,983.510792317242,286.038863763047,3381.68550202951,17.9216060527123,17.9216060527124,807.249862632236,1159.77172200225,1326.48904154875,403.132352319022,4364.75308227422,1326.48904154875,403.132352319022,4364.75308227422,16.564364379524,16.564364379524,1106.76456325216,1546.21351984534,1326.48904154875,403.132352319022,4364.75308227422,1326.48904154875,403.132352319022,4364.75308227422,16.564364379524,16.564364379524,1106.76456325216,1546.21351984534
"HER42PB",224,2554,-6.141693885,991.323343436908,282.9918583048,3472.61570396303,991.323343436908,282.9918583048,3472.61570396303,18.1709700884005,18.1709700884005,811.190275221655,1171.45641165216,1014.22984303055,288.863406857358,3561.06779216148,1014.22984303055,288.863406857358,3561.06779216148,18.1443483033381,18.1443483033381,830.204447714687,1198.25523834641,862.991907747195,240.003813829316,3103.0966589839,862.991907747195,240.003813829316,3103.0966589839,18.9300854092699,18.93008540927,699.626802535563,1026.35701295883,1010.27461863668,287.911291097805,3545.03222561968,1010.27461863668,287.911291097805,3545.03222561968,18.1458390380287,18.1458390380287,826.951812496808,1193.59742477655,1193.72586749927,364.225479007288,3912.36069102232,1193.72586749927,364.225479007288,3912.36069102232,16.7549647452409,16.7549647452409,993.717519244947,1393.7342157536,806.766004657019,234.635382852322,2773.96946001065,806.766004657019,234.635382852322,2773.96946001065,18.4520351057592,18.4520351057592,657.901258256374,955.630751057663,1136.33669264177,345.343285607732,3739.0652514691,1136.33669264177,345.343285607732,3739.0652514691,16.9286474771274,16.9286474771274,943.970259791197,1328.70312549235,1136.33669264177,345.343285607732,3739.0652514691,1136.33669264177,345.343285607732,3739.0652514691,16.9286474771274,16.9286474771274,943.970259791197,1328.70312549235
"HER42PB",230.9,2679,-5.801755288,1260.21517905135,359.752080635187,4414.54652522749,1260.21517905135,359.752080635187,4414.54652522749,17.5601064850053,17.5601064850053,1038.92005166973,1481.51030643297,1278.31833556107,364.078608015555,4488.31030182857,1278.31833556107,364.078608015555,4488.31030182857,17.557361927174,17.557361927174,1053.87935880519,1502.75731231695,1110.32115786302,308.787730302297,3992.42894914047,1110.32115786302,308.787730302297,3992.42894914047,18.2498098145451,18.2498098145451,907.68965822236,1312.95265750367,1274.82492255234,363.303682587812,4473.33363533347,1274.82492255234,363.303682587812,4473.33363533347,17.5556086706681,17.5556086706681,1051.0216479129,1498.62819719177,1396.93980091013,426.229406586222,4578.38144720331,1396.93980091013,426.229406586222,4578.38144720331,16.3912609210927,16.3912609210927,1167.96375323236,1625.9158485879,777.520036452131,226.129646483872,2673.41065837487,777.520036452131,226.129646483872,2673.41065837487,18.5543963514699,18.5543963514699,633.255887176709,921.784185727553,1363.3070698366,414.321693419122,4485.90116372769,1363.3070698366,414.321693419122,4485.90116372769,16.5015330688636,16.5015330688636,1138.34050287736,1588.27363679585,1363.3070698366,414.321693419122,4485.90116372769,1363.3070698366,414.321693419122,4485.90116372769,16.5015330688636,16.5015330688636,1138.34050287736,1588.27363679585
"HER42PB",236.4,2776,-5.855095142,1213.64046479789,346.456454113467,4251.39482987509,1213.64046479789,346.456454113467,4251.39482987509,17.6532261847296,17.6532261847296,999.393768477719,1427.88716111807,1232.73328887672,351.095503665514,4328.25640214569,1232.73328887672,351.095503665514,4328.25640214569,17.6469411789105,17.6469411789105,1015.1935704958,1450.27300725765,1067.27431973518,296.816117091065,3837.64360483405,1067.27431973518,296.816117091065,3837.64360483405,18.3532996790138,18.3532996790138,871.39426543703,1263.15437403334,1229.13862600562,350.283855719357,4313.02138899999,1229.13862600562,350.283855719357,4313.02138899999,17.6456690914304,17.6456690914304,1012.24889138571,1446.02836062552,1308.40403177683,399.215681073672,4288.21108871706,1308.40403177683,399.215681073672,4288.21108871706,16.5408077630603,16.5408077630603,1091.98343611649,1524.82462743716,1381.01548651141,401.646940416567,4748.45836496672,1381.01548651141,401.646940416567,4748.45836496672,17.0802602882505,17.0802602882505,1145.13444679421,1616.8965262286,1287.52147469093,391.289746462891,4236.53203994071,1287.52147469093,391.289746462891,4236.53203994071,16.6333392847233,16.6333392847233,1073.36365944192,1501.67928993995,1287.52147469093,391.289746462891,4236.53203994071,1287.52147469093,391.289746462891,4236.53203994071,16.6333392847233,16.6333392847233,1073.36365944192,1501.67928993995
"HER42PB",239,2822,-5.823672626,1240.86512784522,354.228245263642,4346.76310003553,1240.86512784522,354.228245263642,4346.76310003553,17.5982501967349,17.5982501967349,1022.49457804298,1459.23567764746,1259.38689862079,358.686734162845,4421.84003297321,1259.38689862079,358.686734162845,4421.84003297321,17.594059727799,17.594059727799,1037.80961547337,1480.9641817682,1092.42697372998,303.811238172141,3928.08607118299,1092.42697372998,303.811238172141,3928.08607118299,18.2921922003719,18.2921922003719,892.598132046587,1292.25581541338,1255.85041869031,357.896267807631,4406.75250341627,1255.85041869031,357.896267807631,4406.75250341627,17.5925029861418,17.5925029861418,1034.91489628074,1476.78594109987,1428.95153801511,435.996716316505,4683.29788179748,1428.95153801511,435.996716316505,4683.29788179748,16.3401401661142,16.3401401661142,1195.4588537976,1662.44422223262,1931.87410360723,561.855627661302,6642.52054878067,1931.87410360723,561.855627661302,6642.52054878067,16.3225058627657,16.3225058627657,1616.54383978469,2247.20436742978,1365.2773937888,414.920493186629,4492.3844268939,1365.2773937888,414.920493186629,4492.3844268939,16.4982318770007,16.4982318770007,1140.03076359725,1590.52402398035,1365.2773937888,414.920493186629,4492.3844268939,1365.2773937888,414.920493186629,4492.3844268939,16.4982318770007,16.4982318770007,1140.03076359725,1590.52402398035
"HER42PB",241.7,2863,-5.737762463,1318.45617020135,376.37806490578,4618.56530660781,1318.45617020135,376.37806490578,4618.56530660781,17.4496771801773,17.4496771801773,1088.38982473909,1548.52251566362,1335.2373029166,380.289733075722,4688.1587906161,1335.2373029166,380.289733075722,4688.1587906161,17.4510847817368,17.4510847817368,1102.22390914725,1568.25069668595,1164.26235039043,323.789136240016,4186.38758630821,1164.26235039043,323.789136240016,4186.38758630821,18.127180757784,18.127180757784,953.214409640336,1375.31029114053,1331.88185520632,379.563949690885,4673.54520278463,1331.88185520632,379.563949690885,4673.54520278463,17.4487671530341,17.4487671530341,1099.48489153786,1564.27881887478,1196.51392448631,365.076161244519,3921.49837066671,1196.51392448631,365.076161244519,3921.49837066671,16.7494495462659,16.7494495462659,996.104428390432,1396.92342058219,1648.45349631368,479.427138710739,5668.01232157266,1648.45349631368,479.427138710739,5668.01232157266,16.6720950635486,16.6720950635486,1373.62176232987,1923.28523029749,1207.21871704743,366.884991826749,3972.29939424137,1207.21871704743,366.884991826749,3972.29939424137,16.7842939285413,16.7842939285413,1004.59557921782,1409.84185487704,1207.21871704743,366.884991826749,3972.29939424137,1207.21871704743,366.884991826749,3972.29939424137,16.7842939285413,16.7842939285413,1004.59557921782,1409.84185487704
"HER42PB",242,2868,-5.9140434,1164.16833915121,332.333707117008,4078.09347309125,1164.16833915121,332.333707117008,4078.09347309125,17.7572925351155,17.7572925351155,957.443561566937,1370.89311673549,1184.24376910109,337.285174601034,4158.00459155566,1184.24376910109,337.285174601034,4158.00459155566,17.7470085476362,17.7470085476362,974.075926173869,1394.41161202831,1021.64002796481,284.124915739155,3673.55444356092,1021.64002796481,284.124915739155,3673.55444356092,18.4690448991799,18.4690448991799,832.952872491999,1210.32718343763,1180.55079542292,336.437140403887,4142.5277212277,1180.55079542292,336.437140403887,4142.5277212277,17.7462798815901,17.7462798815901,971.046947122827,1390.054643723,1137.32268607428,347.015936740194,3727.50284730481,1137.32268607428,347.015936740194,3727.50284730481,16.8702192905014,16.8702192905014,945.45385489293,1329.19151725563,1447.81977912476,421.075933065034,4978.15702162473,1447.81977912476,421.075933065034,4978.15702162473,16.9693936221966,16.9693936221966,1202.13354186507,1693.50601638446,1130.23636602051,343.489339631765,3718.9923985551,1130.23636602051,343.489339631765,3718.9923985551,16.9416094198958,16.9416094198958,938.756135367689,1321.71659667333,1130.23636602051,343.489339631765,3718.9923985551,1130.23636602051,343.489339631765,3718.9923985551,16.9416094198958,16.9416094198958,938.756135367689,1321.71659667333
"HER42PB",255.6,3036,-7.429701763,399.297145827449,113.98686620427,1398.74194260439,399.297145827449,113.98686620427,1398.74194260439,20.9296192685322,20.9296192685322,315.725773455649,482.86851819925,422.024499731961,120.197049621004,1481.77246392983,422.024499731961,120.197049621004,1481.77246392983,20.7761410557981,20.7761410557981,334.344094377623,509.704905086299,332.152603212363,92.3738575398729,1194.3352238281,332.152603212363,92.3738575398729,1194.3352238281,22.0434013680785,22.0434013680785,258.93487173174,405.370334692985,418.518015365669,119.270602199454,1468.57084608918,418.518015365669,119.270602199454,1468.57084608918,20.7948202013793,20.7948202013793,331.487946559997,505.548084171342,432.983648262895,132.110462698817,1419.07639889543,432.983648262895,132.110462698817,1419.07639889543,19.5539486277921,19.5539486277921,348.318248114828,517.649048410961,990.575310767602,288.093469412887,3405.97601293088,990.575310767602,288.093469412887,3405.97601293088,17.9030115717951,17.9030115717951,813.232498253533,1167.91812328167,405.390537636658,123.201953371986,1333.91949971068,405.390537636658,123.201953371986,1333.91949971068,19.8343973548606,19.8343973548606,324.983767562797,485.797307710518,405.390537636658,123.201953371986,1333.91949971068,405.390537636658,123.201953371986,1333.91949971068,19.8343973548606,19.8343973548606,324.983767562797,485.797307710518
"HER42PB",262.4,3102,-6.988914262,545.063498032364,155.598607884604,1909.36294949124,545.063498032364,155.598607884604,1909.36294949124,19.8959224216633,19.8959224216633,436.618087315041,653.508908749688,569.713108208879,162.26033033772,2000.32272206936,569.713108208879,162.26033033772,2000.32272206936,19.7936104595011,19.7936104595011,456.946314833298,682.47990158446,460.518901671059,128.07338255357,1655.90737566107,460.518901671059,128.07338255357,1655.90737566107,20.8688298274735,20.8688298274735,364.413995757976,556.623807584142,565.837885574803,161.254289856094,1985.51314844084,565.837885574803,161.254289856094,1985.51314844084,19.8053665570753,19.8053665570753,453.771618217909,677.904152931697,587.883325106302,179.372912589892,1926.75024867449,587.883325106302,179.372912589892,1926.75024867449,18.616109877341,18.616109877341,478.442319353947,697.324330858656,628.009319348394,182.646772706766,2159.33574595168,628.009319348394,182.646772706766,2159.33574595168,19.1694276744097,19.1694276744097,507.623527087351,748.395111609437,560.859989171383,170.450565119103,1845.48480219776,560.859989171383,170.450565119103,1845.48480219776,18.8171480695341,18.8171480695341,455.322134546231,666.397843796535,560.859989171383,170.450565119103,1845.48480219776,560.859989171383,170.450565119103,1845.48480219776,18.8171480695341,18.8171480695341,455.322134546231,666.397843796535
"HER42PB",267.8,3159,-6.758145797,641.510192944351,183.131127522316,2247.21669778039,641.510192944351,183.131127522316,2247.21669778039,19.3944393434306,19.3944393434306,517.092887691834,765.927498196868,666.626791751578,189.862374382875,2340.59687142037,666.626791751578,189.862374382875,2340.59687142037,19.3153860055667,19.3153860055667,537.865253708236,795.38832979492,546.439969612728,151.96860545099,1964.85740922758,546.439969612728,151.96860545099,1964.85740922758,20.3024643006659,20.3024643006659,435.499189857534,657.380749367922,662.618795553329,188.835223031609,2325.11531043681,662.618795553329,188.835223031609,2325.11531043681,19.3239907131839,19.3239907131839,534.574401036793,790.663190069865,700.464939718346,213.723422724507,2295.72933803836,700.464939718346,213.723422724507,2295.72933803836,18.1182521063532,18.1182521063532,573.552936023561,827.376943413132,951.611752648487,276.76152269749,3272.00442804522,951.611752648487,276.76152269749,3272.00442804522,18.007766504741,18.007766504741,780.247730199874,1122.9757750971,664.473338021892,201.939625145554,2186.41990953343,664.473338021892,201.939625145554,2186.41990953343,18.3263109412851,18.3263109412851,542.699887974063,786.24678806972,664.473338021892,201.939625145554,2186.41990953343,664.473338021892,201.939625145554,2186.41990953343,18.3263109412851,18.3263109412851,542.699887974063,786.24678806972
"HER42PB",284.3,3318,-6.386795362,833.804418466562,238.025124099807,2920.82531574626,833.804418466562,238.025124099807,2920.82531574626,18.638460373131,18.638460373131,678.396112341257,989.212724591868,858.365565980559,244.471609095336,3013.81190064406,858.365565980559,244.471609095336,3013.81190064406,18.5925285036442,18.5925285036442,698.773703460157,1017.95742850096,719.61012999341,200.128383728972,2587.53271045464,719.61012999341,200.128383728972,2587.53271045464,19.452910704886,19.452910704886,579.625013982478,859.595246004342,854.296700119752,243.460205150939,2997.70901524965,854.296700119752,243.460205150939,2997.70901524965,18.5966408076501,18.5966408076501,695.426211366874,1013.16718887263,881.993729693167,269.110854866445,2890.67841430673,881.993729693167,269.110854866445,2890.67841430673,17.5026420175205,17.5026420175205,727.621524567995,1036.36593481834,1205.11065129669,350.487746650432,4143.63040005852,1205.11065129669,350.487746650432,4143.63040005852,17.4082894682192,17.4082894682192,995.321500706624,1414.89980188676,849.493415137544,258.168946743865,2795.22022870552,849.493415137544,258.168946743865,2795.22022870552,17.65885137215,17.65885137215,699.482635542203,999.504194732884,849.493415137544,258.168946743865,2795.22022870552,849.493415137544,258.168946743865,2795.22022870552,17.65885137215,17.65885137215,699.482635542203,999.504194732884
"HER42PB",285.6,3332,-6.308224054,881.363631530653,251.601794288829,3087.42572039515,881.363631530653,251.601794288829,3087.42572039515,18.4860005217576,18.4860005217576,718.434746007315,1044.29251705399,905.52791956225,257.903947164103,3179.40389095708,905.52791956225,257.903947164103,3179.40389095708,18.4464647379924,18.4464647379924,738.490031187524,1072.56580793698,762.768924521299,212.131132762864,2742.72062114417,762.768924521299,212.131132762864,2742.72062114417,19.2821930253497,19.2821930253497,615.690348157718,909.84750088488,901.479409141683,256.906484431247,3163.27214124454,901.479409141683,256.906484431247,3163.27214124454,18.4497088953747,18.4497088953747,735.159082403298,1067.79973588007,990.216441444839,302.131391742132,3245.37147647523,990.216441444839,302.131391742132,3245.37147647523,17.2089693966936,17.2089693966936,819.810397075568,1160.62248581411,1154.72790761146,335.834706877443,3970.3952965866,1154.72790761146,335.834706877443,3970.3952965866,17.5137191061351,17.5137191061351,952.492105432237,1356.96370979068,948.53322752107,288.268066517059,3121.1063180954,948.53322752107,288.268066517059,3121.1063180954,17.3747693498714,17.3747693498714,783.727767032394,1113.33868800975,948.53322752107,288.268066517059,3121.1063180954,948.53322752107,288.268066517059,3121.1063180954,17.3747693498714,17.3747693498714,783.727767032394,1113.33868800975
"HER42PB",290.9,3386,-6.80591347,620.236617639559,177.058186086863,2172.69514820532,620.236617639559,177.058186086863,2172.69514820532,19.4961575875363,19.4961575875363,499.314309248946,741.158926030173,645.297944031802,183.78769253535,2265.70904083568,645.297944031802,183.78769253535,2265.70904083568,19.4124694485916,19.4124694485916,520.029677794239,770.566210269366,527.428804613189,146.681473481075,1896.49815572373,527.428804613189,146.681473481075,1896.49815572373,20.4171612046453,20.4171612046453,419.74281533558,635.114793890797,641.312667972678,182.763334668901,2250.35256030606,641.312667972678,182.763334668901,2250.35256030606,19.421702358529,19.421702358529,516.758830411483,765.866505533873,600.589129455736,183.249663359346,1968.3927152055,600.589129455736,183.249663359346,1968.3927152055,18.5538926976187,18.5538926976187,489.156466822957,712.021792088515,712.98602155344,207.360928906104,2451.51808304635,712.98602155344,207.360928906104,2451.51808304635,18.7991186650233,18.7991186650233,578.95093329658,847.021109810299,588.52992816586,178.859716831615,1936.53150347429,588.52992816586,178.859716831615,1936.53150347429,18.6750626985742,18.6750626985742,478.621595081012,698.438261250708,588.52992816586,178.859716831615,1936.53150347429,588.52992816586,178.859716831615,1936.53150347429,18.6750626985742,18.6750626985742,478.621595081012,698.438261250708
"HER42PB",297.6,3451,-6.25756856,913.454093000565,260.76261894342,3199.83893167038,913.454093000565,260.76261894342,3199.83893167038,18.3890239765235,18.3890239765235,745.478800824155,1081.42938517697,937.298906200002,266.952660828431,3290.9551709932,937.298906200002,266.952660828431,3290.9551709932,18.3535069736832,18.3535069736832,765.271686086328,1109.32612631368,791.956500990769,220.248392735086,2847.67162962198,791.956500990769,220.248392735086,2847.67162962198,19.1737097903647,19.1737097903647,640.109059824872,943.803942156666,933.271159860274,265.966599202814,3274.82872074008,933.271159860274,265.966599202814,3274.82872074008,18.3562055579572,18.3562055579572,761.957987343191,1104.58433237736,916.674216459003,279.692444198136,3004.34150636354,916.674216459003,279.692444198136,3004.34150636354,17.4036752570553,17.4036752570553,757.139212661322,1076.20922025668,1098.60767504425,319.513007427841,3777.43251638579,1098.60767504425,319.513007427841,3777.43251638579,17.6383374995986,17.6383374995986,904.831545523455,1292.38380456505,901.207523173265,273.885344970706,2965.38319679339,901.207523173265,273.885344970706,2965.38319679339,17.5054714691095,17.5054714691095,743.446897326701,1058.96814901983,901.207523173265,273.885344970706,2965.38319679339,901.207523173265,273.885344970706,2965.38319679339,17.5054714691095,17.5054714691095,743.446897326701,1058.96814901983
"HER42PB",302.9,3505,-7.06540443,516.409554148976,147.418801688163,1808.98789409816,516.409554148976,147.418801688163,1808.98789409816,20.0679153007282,20.0679153007282,412.776922217491,620.04218608046,540.806548583934,154.027435840319,1898.82874694139,540.806548583934,154.027435840319,1898.82874694139,19.9573906227114,19.9573906227114,432.875673169835,648.737423998034,435.13273044681,121.013318771224,1564.62524149135,435.13273044681,121.013318771224,1564.62524149135,21.0635942780215,21.0635942780215,343.478137534617,526.787323359003,536.986466311749,153.032120144219,1884.27412970709,536.986466311749,153.032120144219,1884.27412970709,19.9702588359747,19.9702588359747,429.748879075139,644.224053548359,477.648364395568,145.738405320373,1565.4621683847,477.648364395568,145.738405320373,1565.4621683847,19.2427563594819,19.2427563594819,385.735653379878,569.561075411257,765.983365166188,222.774384526386,2633.74317904052,765.983365166188,222.774384526386,2633.74317904052,18.59616148433,18.59616148433,623.539861636779,908.426868695598,467.234063583044,141.996775876785,1537.41286606223,467.234063583044,141.996775876785,1537.41286606223,19.3762625776486,19.3762625776486,376.701564570976,557.766562595113,467.234063583044,141.996775876785,1537.41286606223,467.234063583044,141.996775876785,1537.41286606223,19.3762625776486,19.3762625776486,376.701564570976,557.766562595113
"HER42PB",309.9,3576,-6.143525744,990.04209924935,282.626103098914,3468.12749260819,990.04209924935,282.626103098914,3468.12749260819,18.1743770575687,18.1743770575687,810.108115103104,1169.9760833956,1012.96583360377,288.50340357819,3556.62972194531,1012.96583360377,288.50340357819,3556.62972194531,18.1476177928505,18.1476177928505,829.136665749193,1196.79500145834,861.820784171054,239.678116540366,3098.88560019672,861.820784171054,239.678116540366,3098.88560019672,18.9338886860519,18.9338886860519,698.644596222847,1024.99697211926,1009.00917247248,287.55066020376,3540.59180184864,1009.00917247248,287.55066020376,3540.59180184864,18.1491271982263,18.1491271982263,825.882814318679,1192.13553062628,1045.77533022741,319.083326378797,3427.46220469675,1045.77533022741,319.083326378797,3427.46220469675,17.0738466815079,17.0738466815079,867.221253711346,1224.32940674347,1312.75190338951,381.79353575125,4513.74211054108,1312.75190338951,381.79353575125,4513.74211054108,17.2008552656549,17.2008552656549,1086.94734849035,1538.55645828867,1012.6047265368,307.739990751473,3331.93073055216,1012.6047265368,307.739990751473,3331.93073055216,17.2106587515923,17.2106587515923,838.328782550058,1186.88067052354,1012.6047265368,307.739990751473,3331.93073055216,1012.6047265368,307.739990751473,3331.93073055216,17.2106587515923,17.2106587515923,838.328782550058,1186.88067052354
"HER42PB",314.2,3613,-5.420052375,1649.98324786324,471.018692917853,5779.90801461488,1649.98324786324,471.018692917853,5779.90801461488,16.9213630120504,16.9213630120504,1370.78359285428,1929.1829028722,1657.63628671126,472.112380048918,5820.13557606173,1657.63628671126,472.112380048918,5820.13557606173,16.9419375147674,16.9419375147674,1376.80058279453,1938.47199062799,1473.45326331291,409.777194339512,5298.1584850441,1473.45326331291,409.777194339512,5298.1584850441,17.5419689179228,17.5419689179228,1214.98054984244,1731.92597678337,1655.28093074513,471.727252282675,5808.34570491722,1655.28093074513,471.727252282675,5808.34570491722,16.9370137731648,16.9370137731648,1374.92577152026,1935.63608997001,1623.4613429368,495.344870526842,5320.79140984528,1623.4613429368,495.344870526842,5320.79140984528,16.058047132718,16.058047132718,1362.76515530655,1884.15753056704,1596.98580038365,464.458557400471,5491.04673816574,1596.98580038365,464.458557400471,5491.04673816574,16.7437926234201,16.7437926234202,1329.58980974195,1864.38179102536,1633.9299722105,496.566509477317,5376.37376491204,1633.9299722105,496.566509477317,5376.37376491204,16.0976792870103,16.0976792870103,1370.90516550972,1896.95477891128,1633.9299722105,496.566509477317,5376.37376491204,1633.9299722105,496.566509477317,5376.37376491204,16.0976792870103,16.0976792870103,1370.90516550972,1896.95477891128
"HER42PB",321.6,3680,-6.607614351,713.441490351016,203.665266719335,2499.19276051972,713.441490351016,203.665266719335,2499.19276051972,19.0807225318254,19.0807225318254,577.311699150219,849.571281551813,738.562565865764,210.350445137582,2593.17095022759,738.562565865764,210.350445137582,2593.17095022759,19.0156976990102,19.0156976990102,598.119741022678,879.00539070885,610.949712267172,169.909195770812,2196.81783099501,610.949712267172,169.909195770812,2196.81783099501,19.949299720187,19.949299720187,489.069523027374,732.829901506971,734.502771356662,209.320948299764,2577.35465806326,734.502771356662,209.320948299764,2577.35465806326,19.0224003240976,19.0224003240976,594.782713797606,874.222828915717,813.578675287075,248.236291752077,2666.45242003111,813.578675287075,248.236291752077,2666.45242003111,17.7135225506063,17.7135225506063,669.465233173175,957.692117400975,989.402007977853,287.75223248956,3401.94175009963,989.402007977853,287.75223248956,3401.94175009963,17.9060879481039,17.906087948104,812.238814269033,1166.56520168667,769.584630135514,233.883924056295,2532.28393242736,769.584630135514,233.883924056295,2532.28393242736,17.9213467107663,17.9213467107663,631.66470033616,907.504559934868,769.584630135514,233.883924056295,2532.28393242736,769.584630135514,233.883924056295,2532.28393242736,17.9213467107663,17.9213467107663,631.66470033616,907.504559934868
"HER42PB",332.7,3789,-6.934071367,566.581784818962,161.74140680646,1984.74172586349,566.581784818962,161.74140680646,1984.74172586349,19.774408380846,19.774408380846,454.543588877374,678.61998076055,591.385237924161,168.432782535247,2076.4158518929,591.385237924161,168.432782535247,2076.4158518929,19.6778262273366,19.6778262273366,475.013478471323,707.756997376998,479.627321427646,133.387561721025,1724.61633222581,479.627321427646,133.387561721025,1724.61633222581,20.7313875520135,20.7313875520135,380.193922617139,579.060720238152,587.473555502201,167.420092250466,2061.43225568219,587.473555502201,167.420092250466,2061.43225568219,19.6888062270891,19.6888062270891,471.807025523982,703.14008548042,529.891653684513,161.678695787602,1736.6862299123,529.891653684513,161.678695787602,1736.6862299123,18.92433474099,18.92433474099,429.613183376688,630.170123992337,1045.07828610251,303.944814673442,3593.37804547318,1045.07828610251,303.944814673442,3593.37804547318,17.7650760823854,17.7650760823853,859.419333455911,1230.73723874911,519.694042400691,157.939851168739,1710.0300887217,519.694042400691,157.939851168739,1710.0300887217,19.0465412722591,19.0465412722591,420.710302125371,618.67778267601,519.694042400691,157.939851168739,1710.0300887217,519.694042400691,157.939851168739,1710.0300887217,19.0465412722591,19.0465412722591,420.710302125371,618.67778267601
"HER42PB",335.6,3819,-6.861526537,596.356214416899,170.241076684779,2089.04185405361,596.356214416899,170.241076684779,2089.04185405361,19.615934576408,19.615934576408,479.375369554537,713.337059279261,621.324262546271,176.959734004637,2181.53492035963,621.324262546271,176.959734004637,2181.53492035963,19.5267346963044,19.5267346963044,499.999922195091,742.648602897451,506.12691907485,140.757276828637,1819.90206107826,506.12691907485,140.757276828637,1819.90206107826,20.5523395002684,20.5523395002684,402.105996364338,610.147841785362,617.36878325877,175.939729844322,2166.33397629781,617.36878325877,175.939729844322,2166.33397629781,19.5367145287121,19.5367145287121,496.75520648412,737.982360033419,594.777020687343,181.476292975202,1949.34389797158,594.777020687343,181.476292975202,1949.34389797158,18.5821365313518,18.5821365313518,484.254742646115,705.299298728571,510.771309924456,148.549915542186,1756.22672076079,510.771309924456,148.549915542186,1756.22672076079,19.8046244173939,19.8046244173939,409.614970362115,611.927649486798,579.361021630831,176.073200890749,1906.36162509133,579.361021630831,176.073200890749,1906.36162509133,18.7211549200016,18.7211549200016,470.89794722522,687.824096036443,579.361021630831,176.073200890749,1906.36162509133,579.361021630831,176.073200890749,1906.36162509133,18.7211549200016,18.7211549200016,470.89794722522,687.824096036443
"HER42PB",348.2,4013,-6.75643039,642.28758318819,183.353048161216,2249.93990367152,642.28758318819,183.353048161216,2249.93990367152,19.3908062314215,19.3908062314215,517.742842483688,766.832323892693,667.405717745351,190.084220760003,2343.33176261684,667.405717745351,190.084220760003,2343.33176261684,19.3119176558721,19.3119176558721,538.516875103786,796.294560386915,547.135289425493,152.161978535252,1967.35760021262,547.135289425493,152.161978535252,1967.35760021262,20.2983693320238,20.2983693320238,436.075747632069,658.194831218917,663.396957770985,189.056986188513,2327.84586516664,663.396957770985,189.056986188513,2327.84586516664,19.3205000295722,19.3205000295722,535.225348348661,791.568567193309,659.081852025332,201.096759142721,2160.09889727188,659.081852025332,201.096759142721,2160.09889727188,18.288236005459,18.288236005459,538.54740745779,779.616296592875,689.415598175757,200.505836746432,2370.47397083564,689.415598175757,200.505836746432,2370.47397083564,18.8958131413731,18.8958131413731,559.144914976986,819.686281374528,635.563398900639,193.153625866025,2091.2930430947,635.563398900639,193.153625866025,2091.2930430947,18.4526113630382,18.4526113630382,518.285354935788,752.841442865491,635.563398900639,193.153625866025,2091.2930430947,635.563398900639,193.153625866025,2091.2930430947,18.4526113630382,18.4526113630382,518.285354935788,752.841442865491
"HER42PB",354.9,4150,-5.202484687,1923.92649636821,549.220935887035,6739.53398635368,1923.92649636821,549.220935887035,6739.53398635368,16.577653686708,16.577653686708,1604.98462461347,2242.86836812295,1922.26383665203,547.481110469825,6749.27077306688,1922.26383665203,547.481110469825,6749.27077306688,16.610076667739,16.610076667739,1602.97433962791,2241.55333367616,1731.33626155882,481.496178660381,6225.43933563124,1731.33626155882,481.496178660381,6225.43933563124,17.1625422517316,17.1625422517317,1434.19494414923,2028.4775789684,1920.97137633744,547.44456499321,6740.64784761086,1920.97137633744,547.44456499321,6740.64784761086,16.6035412242593,16.6035412242593,1602.02210196103,2239.92065071384,1646.78614335114,502.461652390221,5397.23696133374,1646.78614335114,502.461652390221,5397.23696133374,16.0271192895202,16.0271192895202,1382.85376371296,1910.71852298932,2038.67123388299,592.915917020462,7009.72984626174,2038.67123388299,592.915917020462,7009.72984626174,16.207247353958,16.207247353958,1708.25874427358,2369.08372349239,1691.74673431651,514.137561013524,5566.61724428124,1691.74673431651,514.137561013524,5566.61724428124,16.0223755665938,16.0223755665938,1420.68871890873,1962.80474972429,1691.74673431651,514.137561013524,5566.61724428124,1691.74673431651,514.137561013524,5566.61724428124,16.0223755665938,16.0223755665938,1420.68871890873,1962.80474972429
"HER42PB",358.9,4236,-5.384716222,1691.66372212416,482.917166755086,5925.91513774513,1691.66372212416,482.917166755086,5925.91513774513,16.8645734546655,16.8645734546655,1406.3718511006,1976.95559314771,1697.99480280443,483.606913102242,5961.83857640867,1697.99480280443,483.606913102242,5961.83857640867,16.8871394350807,16.8871394350807,1411.25205285442,1984.73755275444,1512.56031006299,420.653125253074,5438.77735414763,1512.56031006299,420.653125253074,5438.77735414763,17.4792074867821,17.4792074867821,1248.17675510436,1776.94386502161,1695.7884701914,483.271220393946,5950.48580234078,1695.7884701914,483.271220393946,5950.48580234078,16.8819448339217,16.8819448339217,1409.50639615368,1982.07054422911,1414.01779980265,431.440186126541,4634.35350357533,1414.01779980265,431.440186126541,4634.35350357533,16.3638046574364,16.3638046574364,1182.63068922156,1645.40491038374,1677.04111431116,487.741404129651,5766.30746390847,1677.04111431116,487.741404129651,5766.30746390847,16.6334878340827,16.6334878340826,1398.09068458965,1955.99154403267,1447.98744394719,440.056846399049,4764.53816134342,1447.98744394719,440.056846399049,4764.53816134342,16.3649004974648,16.3649004974648,1211.02573952945,1684.94914836493,1447.98744394719,440.056846399049,4764.53816134342,1447.98744394719,440.056846399049,4764.53816134342,16.3649004974648,16.3649004974648,1211.02573952945,1684.94914836493
"HER42PB",361.9,4297,-4.538675836,3074.11754800952,877.564563891435,10768.6648798517,3074.11754800952,877.564563891435,10768.6648798517,15.610235872278,15.610235872278,2594.24054777414,3553.99454824489,3020.42228752614,860.248274213339,10605.0207462807,3020.42228752614,860.248274213339,10605.0207462807,15.6733692709238,15.6733692709238,2547.02034886089,3493.8242261914,2831.99231124169,787.595977820469,10183.1150447549,2831.99231124169,787.595977820469,10183.1150447549,16.100050899487,16.100050899487,2376.04010766221,3287.94451482116,3025.30015465223,862.159711247337,10615.7141262115,3025.30015465223,862.159711247337,10615.7141262115,15.6626546680515,15.6626546680515,2551.45783875702,3499.14247054744,2624.37343134085,800.739680816797,8601.21718971427,2624.37343134085,800.739680816797,8601.21718971427,15.0783976849114,15.0783976849114,2228.65996862612,3020.08689405558,2684.25196991686,780.67306381024,9229.48282964444,2684.25196991686,780.67306381024,9229.48282964444,15.6425117835534,15.6425117835534,2264.36753922235,3104.13640061137,2721.50377197319,827.090298582258,8954.98689025875,2721.50377197319,827.090298582258,8954.98689025875,15.0592368531471,15.0592368531471,2311.66607298442,3131.34147096197,2721.50377197319,827.090298582258,8954.98689025875,2721.50377197319,827.090298582258,8954.98689025875,15.0592368531471,15.0592368531471,2311.66607298442,3131.34147096197
"HER42PB",370.2,4460,-5.149184168,1997.70369722829,570.282022877618,6997.97626757033,1997.70369722829,570.282022877618,6997.97626757033,16.4955693441932,16.4955693441932,1668.17109856048,2327.23629589609,1993.29354658096,567.711124543215,6998.66356509781,1993.29354658096,567.711124543215,6998.66356509781,16.5307493947514,16.5307493947514,1663.78718569391,2322.79990746801,1801.11447795252,500.901966717437,6476.34383220573,1801.11447795252,500.901966717437,6476.34383220573,17.072078840214,17.072078840214,1493.62679427396,2108.60216163109,1992.31903353124,567.777448469184,6991.0052646029,1992.31903353124,567.777448469184,6991.0052646029,16.5238388533645,16.5238388533645,1663.11144698563,2321.52662007686,1903.90148270066,580.911789213412,6239.91615101842,1903.90148270066,580.911789213412,6239.91615101842,15.7192124387225,15.7192124387225,1604.62316401096,2203.17980139037,2382.1965972364,692.824942294994,8190.9011662984,2382.1965972364,692.824942294994,8190.9011662984,15.8826663729323,15.8826663729323,2003.84025935,2760.55293512281,1894.48345803249,575.751136228326,6233.71339963003,1894.48345803249,575.751136228326,6233.71339963003,15.7820736232155,15.7820736232155,1595.49468390616,2193.47223215881,1894.48345803249,575.751136228326,6233.71339963003,1894.48345803249,575.751136228326,6233.71339963003,15.7820736232155,15.7820736232155,1595.49468390616,2193.47223215881
"HER42PB",377.3,4596,-6.436301843,805.165010016269,229.849467315615,2820.50117812241,805.165010016269,229.849467315615,2820.50117812241,18.7358209937353,18.7358209937353,654.31073503543,956.019284997108,829.919037876298,236.369736449874,2913.93314463328,829.919037876298,236.369736449874,2913.93314463328,18.6857547213524,18.6857547213524,674.842402072925,984.995673679671,693.679486543811,192.916898583998,2494.29279437732,693.679486543811,192.916898583998,2494.29279437732,19.5620382159202,19.5620382159202,557.981640290112,829.377332797511,825.84419128488,235.351718208374,2897.86976475411,825.84419128488,235.351718208374,2897.86976475411,18.6904280864922,18.6904280864922,671.490376606307,980.198005963454,663.432448679301,202.424198040882,2174.35770140347,663.432448679301,202.424198040882,2174.35770140347,18.2697173090039,18.2697173090039,542.22521576939,784.639681589212,1748.55141758735,508.539067008651,6012.18718147116,1748.55141758735,508.539067008651,6012.18718147116,16.5404649572894,16.5404649572894,1459.33288310112,2037.76995207357,679.051352161845,206.370019176942,2234.38821545815,679.051352161845,206.370019176942,2234.38821545815,18.2653178278462,18.2653178278462,555.020464475197,803.082239848494,679.051352161845,206.370019176942,2234.38821545815,679.051352161845,206.370019176942,2234.38821545815,18.2653178278462,18.2653178278462,555.020464475197,803.082239848494
"HER42PB",380.3,4654,-6.436387122,805.116534855666,229.835629171005,2820.33136914426,805.116534855666,229.835629171005,2820.33136914426,18.7359895830235,18.7359895830235,654.269984753909,955.963084957424,829.870858866387,236.356014557309,2913.76398305552,829.870858866387,236.356014557309,2913.76398305552,18.6859161178276,18.6859161178276,674.801886292319,984.939831440456,693.635634884855,192.904703144738,2494.13511510457,693.635634884855,192.904703144738,2494.13511510457,19.5622272534348,19.5622272534348,557.945055677875,829.326214091835,825.796006283919,235.337986292732,2897.70068460694,825.796006283919,235.337986292732,2897.70068460694,18.6905904589992,18.6905904589992,671.449856722621,980.142155845218,739.996077194365,225.785025706328,2425.29012962662,739.996077194365,225.785025706328,2425.29012962662,17.9676912086017,17.9676912086017,607.035867088316,872.956287300415,1698.21443439493,493.89933596544,5839.10942003995,1698.21443439493,493.89933596544,5839.10942003995,16.6054280636181,16.6054280636181,1416.2186581255,1980.21021066435,743.505014119966,225.958086282581,2446.47011804749,743.505014119966,225.958086282581,2446.47011804749,18.014798658819,18.014798658819,609.56408280803,877.445945431902,743.505014119966,225.958086282581,2446.47011804749,743.505014119966,225.958086282581,2446.47011804749,18.014798658819,18.014798658819,609.56408280803,877.445945431902
"HER42PB",385.9,4755,-5.87760669,1194.50433282375,340.993686002555,4184.36076591757,1194.50433282375,340.993686002555,4184.36076591757,17.6928234417858,17.6928234417858,983.162790212762,1405.84587543474,1213.9857776542,345.75601380624,4262.43191585546,1213.9857776542,345.75601380624,4262.43191585546,17.6850220884571,17.6850220884571,999.292124725329,1428.67943058308,1049.61144000354,291.903952259914,3774.13243793751,1049.61144000354,291.903952259914,3774.13243793751,18.3973295894092,18.3973295894093,856.510963977944,1242.71191602914,1210.35193701818,344.929965022663,4247.09929549732,1210.35193701818,344.929965022663,4247.09929549732,17.683956065572,17.683956065572,996.313832237089,1424.39004179928,1275.9244656759,389.30562898957,4181.76137431077,1275.9244656759,389.30562898957,4181.76137431077,16.5989483503566,16.5989483503566,1064.1344226288,1487.71450872301,1213.09447476669,352.809717910617,4171.08183250863,1213.09447476669,352.809717910617,4171.08183250863,17.392101578285,17.3921015782851,1002.1118514747,1424.07709805867,1240.63532755602,377.040610440173,4082.25526206085,1240.63532755602,377.040610440173,4082.25526206085,16.719958398187,16.719958398187,1033.20161691544,1448.0690381966,1240.63532755602,377.040610440173,4082.25526206085,1240.63532755602,377.040610440173,4082.25526206085,16.719958398187,16.719958398187,1033.20161691544,1448.0690381966
"HER42PB",390.3,4833,-5.451714576,1613.50944846472,460.606562163989,5652.13992621765,1613.50944846472,460.606562163989,5652.13992621765,16.9725739425255,16.9725739425255,1339.65536425441,1887.36353267503,1622.28941776441,462.045217210151,5696.02899664551,1622.28941776441,462.045217210151,5696.02899664551,16.9913411315603,16.9913411315603,1346.64068865086,1897.93814687797,1439.27189219224,400.271126719143,5175.25107702341,1439.27189219224,400.271126719143,5175.25107702341,17.5985890378844,17.5985890378844,1185.98034674754,1692.56343763693,1619.80763859958,461.617960063793,5683.87067457892,1619.80763859958,461.617960063793,5683.87067457892,16.9866631892088,16.9866631892088,1344.65637071759,1894.95890648156,1569.63152277683,478.920503286053,5144.36759418329,1569.63152277683,478.920503286053,5144.36759418329,16.1316306054584,16.1316306054584,1316.42436365564,1822.83868189803,1511.91081501185,439.715817066047,5198.52646602987,1511.91081501185,439.715817066047,5198.52646602987,16.8689941959121,16.8689941959121,1256.86666738013,1766.95496264356,1558.9864366983,473.79047227247,5129.77540082644,1558.9864366983,473.79047227247,5129.77540082644,16.2004871913571,16.2004871913571,1306.423038706,1811.5498346906,1558.9864366983,473.79047227247,5129.77540082644,1558.9864366983,473.79047227247,5129.77540082644,16.2004871913571,16.2004871913571,1306.423038706,1811.5498346906
"HER42PB",394.6,4910,-5.627772971,1424.91787329235,406.769556637994,4991.50172989699,1424.91787329235,406.769556637994,4991.50172989699,17.2630841174601,17.2630841174601,1178.93310222116,1670.90264436353,1439.0529734739,409.857536161416,5052.66654325585,1439.0529734739,409.857536161416,5052.66654325585,17.2713931293937,17.2713931293937,1190.50847708499,1687.5974698628,1263.16922794512,351.295799528484,4542.03124708329,1263.16922794512,351.295799528484,4542.03124708329,17.9202151525527,17.9202151525527,1036.80658455652,1489.53187133373,1435.98051088525,409.230317434057,5038.82517935526,1435.98051088525,409.230317434057,5038.82517935526,17.2681372856683,17.2681372856683,1188.01342487015,1683.94759690036,1392.08471088528,424.748038427863,4562.46919810011,1392.08471088528,424.748038427863,4562.46919810011,16.399144723186,16.399144723186,1163.79472447786,1620.37469729271,1338.67664732008,389.33334553796,4602.88127543756,1338.67664732008,389.33334553796,4602.88127543756,17.1541323539848,17.1541323539848,1109.03828344691,1568.31501119326,1390.66998464626,422.637537627411,4575.93761560522,1390.66998464626,422.637537627411,4575.93761560522,16.4562245786657,16.4562245786657,1161.81820882478,1619.52176046775,1390.66998464626,422.637537627411,4575.93761560522,1390.66998464626,422.637537627411,4575.93761560522,16.4562245786657,16.4562245786657,1161.81820882478,1619.52176046775
"HER42PB",396,4935,-5.250078641,1860.35395345788,531.072960078272,6516.8387252032,1860.35395345788,531.072960078272,6516.8387252032,16.6516432494161,16.6516432494161,1550.57444995167,2170.1334569641,1860.98071665597,530.027028491706,6534.09928474915,1860.98071665597,530.027028491706,6534.09928474915,16.6815570583023,16.6815570583023,1550.540156563,2171.42127674894,1671.31664750706,464.804323096416,6009.62426000241,1671.31664750706,464.804323096416,6009.62426000241,17.2441343874832,17.2441343874832,1383.11255877056,1959.52073624355,1859.4246387682,529.904778929567,6524.6816498664,1859.4246387682,529.904778929567,6524.6816498664,16.6753629661769,16.6753629661769,1549.35883117108,2169.49044636532,1638.97220263765,500.077490015263,5371.62726708,1638.97220263765,500.077490015263,5371.62726708,16.037417979511,16.037417979511,1376.12337993265,1901.82102534265,2021.2416644816,587.846797020564,6949.8003339354,2021.2416644816,587.846797020564,6949.8003339354,16.2255301864657,16.2255301864657,1693.28448806972,2349.19884089349,1675.31252993989,509.143053511899,5512.54122709542,1675.31252993989,509.143053511899,5512.54122709542,16.0434441164096,16.0434441164096,1406.53470042378,1944.090359456,1675.31252993989,509.143053511899,5512.54122709542,1675.31252993989,509.143053511899,5512.54122709542,16.0434441164096,16.0434441164096,1406.53470042378,1944.090359456
"KER1",0.7,-55,-7.181854613,475.651864967599,135.78375417515,1666.21329643985,475.651864967599,135.78375417515,1666.21329643985,20.3355465350314,20.3355465350314,378.925458622369,572.37827131283,499.589748588744,142.288454436662,1754.11222142459,499.589748588744,142.288454436662,1754.11222142459,20.2120034056669,20.2120034056669,398.612651589625,600.566845587864,399.145350041461,111.004987905693,1435.223889174,399.145350041461,111.004987905693,1435.223889174,21.367188523034,21.367188523034,313.859210617178,484.431489465745,495.861892991996,141.31230774676,1739.96887349852,495.861892991996,141.31230774676,1739.96887349852,20.2266337972147,20.2266337972147,395.565723756568,596.158062227424,623.917445955628,190.367518038501,2044.84979044096,623.917445955628,190.367518038501,2044.84979044096,18.4440369940765,18.4440369940765,508.841881411075,738.993010500182,2318.76339372151,674.376378639175,7972.79360067813,2318.76339372151,674.376378639175,7972.79360067813,15.9379855877611,15.9379855877611,1949.1992182159,2688.32756922713,581.984423167771,176.870477008031,1914.99381094869,581.984423167771,176.870477008031,1914.99381094869,18.7078696673615,18.7078696673615,473.107535797199,690.861310538343,581.984423167771,176.870477008031,1914.99381094869,581.984423167771,176.870477008031,1914.99381094869,18.7078696673615,18.7078696673615,473.107535797199,690.861310538343
"KER1",3.9,-7,-4.075401236,4263.49919721894,1217.09588368914,14935.0808332282,4263.49919721894,1217.09588368914,14935.0808332282,14.9993515864448,14.9993515864448,3624.00196274282,4902.99643169506,4140.32574636367,1179.20864665172,14537.1197325225,4140.32574636367,1179.20864665172,14537.1197325225,15.0798632004638,15.0798632004638,3515.97028775844,4764.68120496889,3992.46853902562,1110.33216807452,14355.8887091882,3992.46853902562,1110.33216807452,14355.8887091882,15.4332493380913,15.4332493380913,3376.30091465295,4608.6361633983,4153.63439275963,1183.71601018885,14575.0150544666,4153.63439275963,1183.71601018885,14575.0150544666,15.0667832822049,15.0667832822049,3527.81530046741,4779.45348505185,4398.55686517386,1342.07235076082,14415.9906768068,4398.55686517386,1342.07235076082,14415.9906768068,14.1501615824454,14.1501615824454,3776.15396145601,5020.9597688917,7164.38089306789,2083.6490928488,24633.8760960846,7164.38089306789,2083.6490928488,24633.8760960846,13.9125610515377,13.9125610515377,6167.63202735512,8161.12975878067,4429.03056038182,1346.0235647442,14573.5276993638,4429.03056038182,1346.0235647442,14573.5276993638,14.1857439850666,14.1857439850666,3800.73962406569,5057.32149669794,4429.03056038182,1346.0235647442,14573.5276993638,4429.03056038182,1346.0235647442,14573.5276993638,14.1857439850666,14.1857439850666,3800.73962406569,5057.32149669794
"KER1",7.1,45,-3.744401573,5385.85641753099,1537.49382202148,18866.7095339095,5385.85641753099,1537.49382202148,18866.7095339095,14.5913754301563,14.5913754301563,4599.98588751988,6171.7269475421,5186.7385160964,1477.23809206899,18211.1851696696,5186.7385160964,1477.23809206899,18211.1851696696,14.6826209368069,14.6826209368069,4425.18936079461,5948.2876713982,5102.76467347894,1419.11293919943,18348.2276805915,5102.76467347894,1419.11293919943,18348.2276805915,14.9896906491889,14.9896906491889,4337.87603436835,5867.65331258952,5209.34606207868,1484.57609727174,18279.4849279642,5209.34606207868,1484.57609727174,18279.4849279642,14.6680802868325,14.6680802868325,4445.23499927404,5973.45712488333,4324.59390330371,1319.50502944408,14173.581768287,4324.59390330371,1319.50502944408,14173.581768287,14.1788237931739,14.1788237931739,3711.41735398393,4937.77045262349,7203.62996622739,2095.06407718653,24768.8293906578,7203.62996622739,2095.06407718653,24768.8293906578,13.9040036185416,13.9040036185416,6202.03699505679,8205.22293739799,4640.98106704512,1410.43729425879,15270.9413969306,4640.98106704512,1410.43729425879,15270.9413969306,14.1072009974728,14.1072009974728,3986.26853966241,5295.69359442783,4640.98106704512,1410.43729425879,15270.9413969306,4640.98106704512,1410.43729425879,15270.9413969306,14.1072009974728,14.1072009974728,3986.26853966241,5295.69359442783
"KER1",9.9,92,-5.179432666,1955.49410111504,558.232501274535,6850.1156252368,1955.49410111504,558.232501274535,6850.1156252368,16.5420528678582,16.5420528678582,1632.01523308074,2278.97296914934,1952.66755965974,556.140412963737,6856.021446505,1952.66755965974,556.140412963737,6856.021446505,16.5756750571167,16.5756750571167,1628.99973002481,2276.33538929467,1761.1767051059,489.795005327658,6332.73788599107,1761.1767051059,489.795005327658,6332.73788599107,17.1233002101584,17.1233002101584,1459.60513065924,2062.74827955255,1951.50958964282,556.147442664668,6847.8057908902,1951.50958964282,556.147442664668,6847.8057908902,16.568976464771,16.568976464771,1628.16442502715,2274.85475425849,1784.60249894179,544.51169880096,5848.92131104324,1784.60249894179,544.51169880096,5848.92131104324,15.8550731187379,15.8550731187379,1501.65246785575,2067.55253002784,2276.33381514178,662.036393616443,7826.90451449715,2276.33381514178,662.036393616443,7826.90451449715,15.9760616677008,15.9760616677008,1912.665321072,2640.00230921156,1877.48348793483,570.584687264056,6177.77575554991,1877.48348793483,570.584687264056,6177.77575554991,15.8009465452977,15.8009465452977,1580.82332560945,2174.1436502602,1877.48348793483,570.584687264056,6177.77575554991,1877.48348793483,570.584687264056,6177.77575554991,15.8009465452977,15.8009465452977,1580.82332560945,2174.1436502602
"KER1",11.4,120,-4.160219488,4015.68706466789,1146.35325832337,14066.9924251153,4015.68706466789,1146.35325832337,14066.9924251153,15.107593536626,15.107593536626,3409.013385235,4622.36074410078,3908.03143344369,1113.04876476227,13721.5099358615,3908.03143344369,1113.04876476227,13721.5099358615,15.1851399400021,15.1851399400021,3314.591391376,4501.47147551138,3749.165400236,1042.66794005344,13481.0332785397,3749.165400236,1042.66794005344,13481.0332785397,15.5511681800271,15.5511681800271,3166.12638349791,4332.20441697409,3919.44825495698,1116.97689584492,13753.2608601228,3919.44825495698,1116.97689584492,13753.2608601228,15.1724635950981,15.1724635950981,3324.77139534493,4514.12511456904,3158.84624232218,963.816163362875,10352.9178716171,3158.84624232218,963.816163362875,10352.9178716171,14.7315355115198,14.7315355115198,2693.49968638018,3624.19279826418,5332.79328701081,1550.96023797139,18336.178804419,5332.79328701081,1550.96023797139,18336.178804419,14.3912153949327,14.3912153949327,4565.33951851058,6100.24705551105,3422.58109105373,1040.15421388492,11261.850568376,3422.58109105373,1040.15421388492,11261.850568376,14.6350945857038,14.6350945857038,2921.6831111056,3923.47907100186,3422.58109105373,1040.15421388492,11261.850568376,3422.58109105373,1040.15421388492,11261.850568376,14.6350945857038,14.6350945857038,2921.6831111056,3923.47907100186
"KER1",12.8,147,-4.756595819,2635.74572691022,752.42309808952,9233.04395434565,2635.74572691022,752.42309808952,9233.04395434565,15.9151344131096,15.9151344131096,2216.26325168466,3055.22820213577,2603.99268508326,741.644710628115,9142.89255595763,2603.99268508326,741.644710628115,9142.89255595763,15.9690100405041,15.9690100405041,2188.16083174832,3019.8245384182,2409.53694578241,670.108318929714,8664.07434303078,2409.53694578241,670.108318929714,8664.07434303078,16.4340477303632,16.4340477303632,2013.55249403179,2805.52139753303,2606.24119494909,742.73494900096,9145.24511790662,2606.24119494909,742.73494900096,9145.24511790662,15.959555453139,15.959555453139,2190.29668619863,3022.18570369954,2320.58565057331,708.049011225787,7605.57203847225,2320.58565057331,708.049011225787,7605.57203847225,15.3177635207305,15.3177635207305,1965.12382832249,2676.04747282414,2820.70976933533,820.359698875323,9698.67682887352,2820.70976933533,820.359698875323,9698.67682887352,15.5448803600164,15.5448803600164,2382.23381038886,3259.1857282818,2465.60874555561,749.321420954734,8112.97570862794,2465.60874555561,749.321420954734,8112.97570862794,15.249633810696,15.249633810696,2089.61244065389,2841.60505045734,2465.60874555561,749.321420954734,8112.97570862794,2465.60874555561,749.321420954734,8112.97570862794,15.249633810696,15.249633810696,2089.61244065389,2841.60505045734
"KER1",15.8,212,-5.573545175,1480.52841228923,422.644628960512,5186.30601076555,1480.52841228923,422.644628960512,5186.30601076555,17.1725497157206,17.1725497157206,1226.2839346335,1734.77288994497,1493.16979149955,425.270579398696,5242.67639063875,1493.16979149955,425.270579398696,5242.67639063875,17.1841553861447,17.1841553861447,1236.58117434929,1749.75840864981,1314.98246790438,365.705407643509,4728.33831481516,1314.98246790438,365.705407643509,4728.33831481516,17.8199051921582,17.8199051921582,1080.65383883032,1549.31109697845,1490.26009323028,424.69908636571,5229.29108343385,1490.26009323028,424.69908636571,5229.29108343385,17.1804513094764,17.1804513094764,1234.22668352829,1746.29350293226,1943.62619701789,593.032455686804,6370.11137840541,1943.62619701789,593.032455686804,6370.11137840541,15.6763450709179,15.6763450709179,1638.9366474846,2248.31574655117,2273.59105171675,661.238703403182,7817.47384695145,2273.59105171675,661.238703403182,7817.47384695145,15.978553702402,15.978553702402,1910.30408454518,2636.87801888831,1888.57325769841,573.954971398671,6214.26614879191,1888.57325769841,573.954971398671,6214.26614879191,15.7886105924349,15.7886105924349,1590.39378028755,2186.75273510928,1888.57325769841,573.954971398671,6214.26614879191,1888.57325769841,573.954971398671,6214.26614879191,15.7886105924349,15.7886105924349,1590.39378028755,2186.75273510928
"KER1",18.7,293,-6.209727601,944.833656524156,269.720504433685,3309.76186024557,944.833656524156,269.720504433685,3309.76186024557,18.2983653025229,18.2983653025229,771.944542552182,1117.72277049613,968.327486578895,275.789929323128,3399.89978446819,968.327486578895,275.789929323128,3399.89978446819,18.266570332074,18.266570332074,791.447265198157,1145.20770795963,820.547140739611,228.19964061811,2950.47620737803,820.547140739611,228.19964061811,2950.47620737803,19.0723690286355,19.0723690286355,664.049362003835,977.044919475387,964.325284312557,274.816502882502,3383.79698529998,964.325284312557,274.816502882502,3383.79698529998,18.2687635602254,18.2687635602254,788.154978170025,1140.49559045509,822.790411668125,251.046944672671,2696.64330078062,822.790411668125,251.046944672671,2696.64330078062,17.6838125667005,17.6838125667005,677.28969745195,968.2911258843,425.134058588077,123.643648870384,1461.77316362638,425.134058588077,123.643648870384,1461.77316362638,20.4051284384017,20.4051284384017,338.38490789779,511.883209278364,864.452057203962,262.715017140867,2844.44097386132,864.452057203962,262.715017140867,2844.44097386132,17.613266858948,17.613266858948,712.193809500962,1016.71030490696,864.452057203962,262.715017140867,2844.44097386132,864.452057203962,262.715017140867,2844.44097386132,17.613266858948,17.613266858948,712.193809500962,1016.71030490696
"KER1",24.7,479,-4.837055901,2490.19556885281,710.873073087164,8723.18027774537,2490.19556885281,710.873073087164,8723.18027774537,16.0307410839537,16.0307410839537,2090.99876472593,2889.3923729797,2465.19788877244,702.114481862001,8655.56940898217,2465.19788877244,702.114481862001,8655.56940898217,16.0810050214718,16.0810050214718,2068.76929248973,2861.62648505515,2270.02052145537,631.307869435665,8162.40921000217,2270.02052145537,631.307869435665,8162.40921000217,16.5608953507208,16.5608953507208,1894.08479845726,2645.95624445348,2466.64291138996,702.951783797042,8655.39769946298,2466.64291138996,702.951783797042,8655.39769946298,16.0720419638916,16.0720419638916,2070.20302757201,2863.08279520791,3220.21549902925,982.540937223459,10554.0517115673,3220.21549902925,982.540937223459,10554.0517115673,14.69644219277,14.69644219277,2746.95838973179,3693.4726083267,3902.26284907172,1134.91264170407,13417.469136991,3902.26284907172,1134.91264170407,13417.469136991,14.9347483800724,14.9347483800724,3319.46971143381,4485.05598670962,3159.20517554146,960.111824510432,10395.2238545308,3159.20517554146,960.111824510432,10395.2238545308,14.7805260695892,14.7805260695892,2692.25803097874,3626.15232010418,3159.20517554146,960.111824510432,10395.2238545308,3159.20517554146,960.111824510432,10395.2238545308,14.7805260695892,14.7805260695892,2692.25803097874,3626.15232010418
"KER1",29.3,573,-5.96543915,1122.68316966192,320.490986693255,3932.77050455244,1122.68316966192,320.490986693255,3932.77050455244,17.849032198799,17.849032198799,922.29508921847,1323.07125010538,1143.52585157415,325.688280210879,4015.03969492452,1143.52585157415,325.688280210879,4015.03969492452,17.8351858715075,17.8351858715075,939.575890457159,1347.47581269113,983.447636710225,273.503356628258,3536.22444007329,983.447636710225,273.503356628258,3536.22444007329,18.5711586294103,18.5711586294103,800.810016059582,1166.08525736087,1139.7580825679,324.811902662768,3999.38695635662,1139.7580825679,324.811902662768,3999.38695635662,17.8349412324691,17.8349412324691,936.482898349597,1343.0332667862,1474.60965258164,449.927761208245,4832.9394515412,1474.60965258164,449.927761208245,4832.9394515412,16.2697008884489,16.2697008884489,1234.69507283441,1714.52423232887,1546.30877349803,449.719929921763,5316.7997767254,1546.30877349803,449.719929921763,5316.7997767254,16.8173179501174,16.8173179501174,1286.26111056831,1806.35643642776,1432.46124367873,435.338289787762,4713.44989121445,1432.46124367873,435.338289787762,4713.44989121445,16.3891771343905,16.3891771343905,1197.69263307073,1667.22985428673,1432.46124367873,435.338289787762,4713.44989121445,1432.46124367873,435.338289787762,4713.44989121445,16.3891771343905,16.3891771343905,1197.69263307073,1667.22985428673
"KER1",33.7,655,-3.452499626,6618.43814447869,1889.35741499625,23184.4557967754,6618.43814447869,1889.35741499625,23184.4557967754,14.2495741979476,14.2495741979476,5675.33889033593,7561.53739862144,6326.95843904875,1801.98480877621,22214.6174010402,6326.95843904875,1801.98480877621,22214.6174010402,14.3492732901601,14.3492732901601,5419.08588167479,7234.8309964227,6335.51935855458,1761.95025120443,22780.896063996,6335.51935855458,1761.95025120443,22780.896063996,14.6191588013592,14.6191588013592,5409.31972263663,7261.71899447253,6360.92763382914,1812.75749568649,22320.3602572822,6360.92763382914,1812.75749568649,22320.3602572822,14.3335825761043,14.3335825761043,5449.178818828,7272.67644883028,6200.2786525545,1891.80742722466,20321.0193680869,6200.2786525545,1891.80742722466,20321.0193680869,13.593839210191,13.593839210191,5357.42274194245,7043.13456316656,10575.2975521888,3075.66131395179,36361.909489194,10575.2975521888,3075.66131395179,36361.909489194,13.3279097612058,13.3279097612058,9165.83143745407,11984.7636669235,6388.51341399237,1941.52862159905,21021.1187137415,6388.51341399237,1941.52862159905,21021.1187137415,13.5926851185814,13.5926851185814,5520.14290187005,7256.88392611469,6388.51341399237,1941.52862159905,21021.1187137415,6388.51341399237,1941.52862159905,21021.1187137415,13.5926851185814,13.5926851185814,5520.14290187005,7256.88392611469
"KER1",36.6,710,-3.375412289,6988.62028039624,1995.03285505131,24481.20756503,6988.62028039624,1995.03285505131,24481.20756503,14.1619655501603,14.1619655501603,5998.89428385501,7978.34627693746,6667.84974080813,1899.07426386464,23411.5226623724,6667.84974080813,1899.07426386464,23411.5226623724,14.2637521187294,14.2637521187294,5716.76418212992,7618.93529948634,6708.11017278187,1865.57024533132,24120.6366808171,6708.11017278187,1865.57024533132,24120.6366808171,14.524344149599,14.524344149599,5733.80116535278,7682.41918021097,6705.42921893842,1910.93465892939,23529.2090182631,6705.42921893842,1910.93465892939,23529.2090182631,14.2477774869821,14.2477774869821,5750.05458427699,7660.80385359985,6142.12726987089,1874.06447987843,20130.4319058109,6142.12726987089,1874.06447987843,20130.4319058109,13.6085241898301,13.6085241898301,5306.27439458036,6977.98014516142,7425.56320610281,2159.60991873815,25531.920579456,7425.56320610281,2159.60991873815,25531.920579456,13.8566670614891,13.8566670614891,6396.62763519271,8454.49877701291,6461.20139905914,1963.61917605329,21260.2952895948,6461.20139905914,1963.61917605329,21260.2952895948,13.5751571069497,13.5751571069497,5584.08315814043,7338.31963997785,6461.20139905914,1963.61917605329,21260.2952895948,6461.20139905914,1963.61917605329,21260.2952895948,13.5751571069497,13.5751571069497,5584.08315814043,7338.31963997785
"KER1",38,737,-3.843104636,5023.32402493826,1434.00214480564,17596.754893935,5023.32402493826,1434.00214480564,17596.754893935,14.7106913680358,14.7106913680358,4284.3583312132,5762.28971866332,4849.6774561039,1381.23953042397,17027.7282905616,4849.6774561039,1381.23953042397,17027.7282905616,14.7988700588536,14.7988700588536,4131.97999110156,5567.37492110623,4742.73083646836,1318.98512430983,17053.6387201166,4742.73083646836,1318.98512430983,17053.6387201166,15.1192675382354,15.1192675382355,4025.66467268432,5459.79700025241,4869.16030943359,1387.62887376404,17085.7803316328,4869.16030943359,1387.62887376404,17085.7803316328,14.7847467210737,14.7847467210737,4149.26729024079,5589.05332862639,5291.297933512,1614.46239616221,17341.8928107232,5291.297933512,1614.46239616221,17341.8928107232,13.845190490476,13.845190490476,4558.70765519864,6023.88821182536,8303.52092562758,2414.95030797087,28550.6743284785,8303.52092562758,2414.95030797087,28550.6743284785,13.6850776181979,13.6850776181979,7167.17764191214,9439.86420934302,5351.31155492423,1626.31333358761,17608.2522146541,5351.31155492423,1626.31333358761,17608.2522146541,13.8731803750156,13.8731803750156,4608.91445048054,6093.70865936792,5351.31155492423,1626.31333358761,17608.2522146541,5351.31155492423,1626.31333358761,17608.2522146541,13.8731803750156,13.8731803750156,4608.91445048054,6093.70865936792
"KER1",39.4,764,-3.625344606,5858.13139111023,1672.3135791561,20521.0935456428,5858.13139111023,1672.3135791561,20521.0935456428,14.4500053295382,14.4500053295382,5011.63109288346,6704.63168933701,5624.62368982945,1601.95242971745,19748.6461303789,5624.62368982945,1601.95242971745,19748.6461303789,14.5448069581664,14.5448069581664,4806.53303202046,6442.71434763844,5573.59569133966,1550.0541901443,20041.2147704514,5573.59569133966,1550.0541901443,20041.2147704514,14.8363182811515,14.8363182811515,4746.67929486796,6400.51208781136,5651.45675192787,1610.57021528135,19830.8419688065,5651.45675192787,1610.57021528135,19830.8419688065,14.5297824674978,14.5297824674978,4830.31237962803,6472.60112422771,6921.1190348275,2111.74773401486,22683.527924607,6921.1190348275,2111.74773401486,22683.527924607,13.4247555066311,13.4247555066311,5991.97572607901,7850.262343576,9592.23870517458,2789.75389147233,32981.7779476201,9592.23870517458,2789.75389147233,32981.7779476201,13.4697354212773,13.4697354212773,8300.1895306102,10884.287879739,6755.54842724116,2053.07397451178,22228.8310695931,6755.54842724116,2053.07397451178,22228.8310695931,13.5065758112277,13.5065758112277,5843.10515745163,7667.99169703068,6755.54842724116,2053.07397451178,22228.8310695931,6755.54842724116,2053.07397451178,22228.8310695931,13.5065758112277,13.5065758112277,5843.10515745163,7667.99169703068
"KER1",40.9,791,-3.919604884,4759.21441934691,1358.60709981122,16671.5762728362,4759.21441934691,1358.60709981122,16671.5762728362,14.8045185622169,14.8045185622169,4054.63563721899,5463.79320147482,4603.57905009824,1311.1480965449,16163.6508693034,4603.57905009824,1311.1480965449,16163.6508693034,14.8902435268541,14.8902435268541,3918.09491858738,5289.06318160911,4481.2536256849,1246.26656547501,16113.4340068411,4481.2536256849,1246.26656547501,16113.4340068411,15.2212480897427,15.2212480897427,3799.15089378881,5163.35635758099,4620.85558854276,1316.86620046851,16214.4843284536,4620.85558854276,1316.86620046851,16214.4843284536,14.8764541009407,14.8764541009407,3933.43612784244,5308.27504924308,5518.00713805735,1683.63511903691,18084.9178253476,5518.00713805735,1683.63511903691,18084.9178253476,13.7777734315431,13.7777734315431,4757.74861663944,6278.26565947527,7857.52781056871,2285.2401259636,27017.1797669739,7857.52781056871,2285.2401259636,27017.1797669739,13.7693123371911,13.7693123371911,6775.60026434986,8939.45535678757,5432.07695910588,1650.858690808,17874.0071781715,5432.07695910588,1650.858690808,17874.0071781715,13.8490156456095,13.8490156456095,4679.78777115775,6184.366147054,5432.07695910588,1650.858690808,17874.0071781715,5432.07695910588,1650.858690808,17874.0071781715,13.8490156456095,13.8490156456095,4679.78777115775,6184.366147054
"KER1",45.6,897,-3.512965021,6341.85162879224,1810.40060178857,22215.5704333508,6341.85162879224,1810.40060178857,22215.5704333508,14.3190544902002,14.3190544902002,5433.75843837783,7249.94481920665,6071.81352929143,1729.31683476493,21318.7767523803,6071.81352929143,1729.31683476493,21318.7767523803,14.41707503465,14.41707503465,5196.43561680946,6947.19144177341,6057.80970327486,1684.7173411319,21782.3236605587,6057.80970327486,1684.7173411319,21782.3236605587,14.6943998131185,14.6943998131185,5167.65092555776,6947.96848099196,6103.14174231196,1739.29284807052,21415.7950273136,6103.14174231196,1739.29284807052,21415.7950273136,14.4016126432461,14.4016126432461,5224.19090951593,6982.09257510799,7046.05785887528,2149.868632853,23093.0069828191,7046.05785887528,2149.868632853,23093.0069828191,13.3976478444698,13.3976478444698,6102.05184002558,7990.06387772498,11836.2840905389,3442.39969594794,40697.6625163123,11836.2840905389,3442.39969594794,40697.6625163123,13.1678302176195,13.1678302176195,10277.7022974217,13394.8658836562,6935.71729555972,2107.82896865415,22821.6687023904,6935.71729555972,2107.82896865415,22821.6687023904,13.4663813557035,13.4663813557035,6001.72715478616,7869.70743633327,6935.71729555972,2107.82896865415,22821.6687023904,6935.71729555972,2107.82896865415,22821.6687023904,13.4663813557035,13.4663813557035,6001.72715478616,7869.70743633327
"KER1",51.4,1117,-3.848868903,5002.92275409082,1428.17821905314,17525.2890357015,5002.92275409082,1428.17821905314,17525.2890357015,14.7177197639219,14.7177197639219,4266.60660313825,5739.23890504339,4830.6842722143,1375.83007038578,16961.0412216644,4830.6842722143,1375.83007038578,16961.0412216644,14.8057159338776,14.8057159338776,4115.46688120775,5545.90166322085,4722.5079189562,1313.36099587235,16980.9223166329,4722.5079189562,1313.36099587235,16980.9223166329,15.1269041091953,15.1269041091953,4008.13867450654,5436.87716340585,4849.99453571558,1382.16695028873,17018.5280378446,4849.99453571558,1382.16695028873,17018.5280378446,14.7916174334878,14.7916174334878,4132.60189844747,5567.3871729837,5931.06042671383,1809.66449982901,19438.6737368472,5931.06042671383,1809.66449982901,19438.6737368472,13.6632970739871,13.6632970739871,5120.68202097423,6741.43883245343,8605.90180916835,2502.89309927251,29590.3752224071,8605.90180916835,2502.89309927251,29590.3752224071,13.6310505803058,13.6310505803058,7432.82698066916,9778.97663766754,5817.12116019892,1767.87720334105,19140.9779641272,5817.12116019892,1767.87720334105,19140.9779641272,13.7396047389255,13.7396047389255,5017.87170560319,6616.37061479465,5817.12116019892,1767.87720334105,19140.9779641272,5817.12116019892,1767.87720334105,19140.9779641272,13.7396047389255,13.7396047389255,5017.87170560319,6616.37061479465
"KER1",53,1278,-3.193832468,7944.49069064133,2267.90400802547,27829.6312852488,7944.49069064133,2267.90400802547,27829.6312852488,13.9597992314602,13.9597992314602,6835.45574026576,9053.52564101691,7545.18277665115,2148.94800937075,26491.9313472563,7545.18277665115,2148.94800937075,26491.9313472563,14.066279216758,14.066279216758,6483.85629987266,8606.50925342963,7674.65912123012,2134.3739638805,27596.097789721,7674.65912123012,2134.3739638805,27596.097789721,14.3057947583346,14.3057947583346,6576.73813894513,8772.5801035151,7592.45356401496,2163.72169298435,26641.7586460554,7592.45356401496,2163.72169298435,26641.7586460554,14.0496663703215,14.0496663703215,6525.73916894927,8659.16795908065,8870.04503208003,2706.39724629033,29071.0090615749,8870.04503208003,2706.39724629033,29071.0090615749,13.058357848987,13.058357848987,7711.76281042473,10028.3272537353,11806.4887498965,3433.73418312451,40595.2147625452,11806.4887498965,3433.73418312451,40595.2147625452,13.1713698491259,13.1713698491259,10251.4124504522,13361.5650493408,8709.49183329609,2646.89554175329,28658.1947786293,8709.49183329609,2646.89554175329,28658.1947786293,13.1283491604241,13.1283491604241,7566.07933532236,9852.90433126983,8709.49183329609,2646.89554175329,28658.1947786293,8709.49183329609,2646.89554175329,28658.1947786293,13.1283491604241,13.1283491604241,7566.07933532236,9852.90433126983
"KER1",60.5,1957,-4.688271325,2766.00298868363,789.607478757036,9689.33646050349,2766.00298868363,789.607478757036,9689.33646050349,15.8182655704847,15.8182655704847,2328.46929024611,3203.53668712115,2727.97165659217,776.955235490728,9578.1957817299,2727.97165659217,776.955235490728,9578.1957817299,15.8751245526527,15.8751245526527,2294.9027583471,3161.04055483724,2534.72233392987,704.923211539224,9114.20876054584,2534.72233392987,704.923211539224,9114.20876054584,16.327848000148,16.327848000148,2120.85672402,2948.58794383975,2730.96979388178,778.28050393531,9582.91512813558,2730.96979388178,778.28050393531,9582.91512813558,15.865263931908,15.865263931908,2297.69422818175,3164.2453595818,2952.96626666966,900.99878226085,9678.15933136789,2952.96626666966,900.99878226085,9678.15933136789,14.8557890978102,14.8557890978102,2514.27982596374,3391.65270737558,3105.33690096881,903.139086721953,10677.3335472827,3105.33690096881,903.139086721953,10677.3335472827,15.359031693067,15.359031693067,2628.3872221725,3582.28657976511,3017.56598188307,917.066356714173,9929.16639930337,3017.56598188307,917.066356714173,9929.16639930337,14.8651446749794,14.8651446749794,2569.00043301319,3466.13153075295,3017.56598188307,917.066356714173,9929.16639930337,3017.56598188307,917.066356714173,9929.16639930337,14.8651446749794,14.8651446749794,2569.00043301319,3466.13153075295
"KER1",65.1,2268,-4.751261502,2645.69074803515,755.262091065583,9267.88146398702,2645.69074803515,755.262091065583,9267.88146398702,15.9075288676765,15.9075288676765,2224.82672854201,3066.55476752829,2613.46595723262,744.342798922355,9176.15421214856,2613.46595723262,744.342798922355,9176.15421214856,15.9616401465622,15.9616401465622,2196.31392578624,3030.617988679,2419.08401737301,672.763423307955,8698.40315386889,2419.08401737301,672.763423307955,8698.40315386889,16.4257066765232,16.4257066765232,2021.73237242066,2816.43566232535,2615.77070394939,745.450698945769,9178.68396302577,2615.77070394939,745.450698945769,9178.68396302577,15.952153487625,15.952153487625,2198.49894637105,3033.04246152772,3178.58208977028,969.837896397328,10417.6008577718,3178.58208977028,969.837896397328,10417.6008577718,14.7201576313134,14.7201576313134,2710.6897957154,3646.47438382517,2211.44248079311,643.163755217195,7603.7833385137,2211.44248079311,643.163755217195,7603.7833385137,16.036056770437,16.036056770437,1856.81430912757,2566.07065245866,3033.69712198033,921.96876016366,9982.24519698263,3033.69712198033,921.96876016366,9982.24519698263,14.8552596402129,14.8552596402129,2583.03353781248,3484.36070614817,3033.69712198033,921.96876016366,9982.24519698263,3033.69712198033,921.96876016366,9982.24519698263,14.8552596402129,14.8552596402129,2583.03353781248,3484.36070614817
"KER1",68.3,2504,-5.322158143,1768.05233348361,504.723729896218,6193.5052163678,1768.05233348361,504.723729896218,6193.5052163678,16.7649641501156,16.7649641501156,1471.6389936198,2064.46567334742,1771.8690143372,504.647071374939,6221.21871313842,1771.8690143372,504.647071374939,6221.21871313842,16.790990887679,16.790990887679,1474.35464959823,2069.38337907616,1584.35692830855,440.620244346885,5696.93950399415,1584.35692830855,440.620244346885,5696.93950399415,17.3691908849206,17.3691908849206,1309.16694913218,1859.54690748493,1769.94800090214,504.405440575534,6210.71002391053,1769.94800090214,504.405440575534,6210.71002391053,16.7853255583744,16.7853255583744,1472.85646673678,2067.0395350675,1642.19686645458,501.061388207751,5382.19589787088,1642.19686645458,501.061388207751,5382.19589787088,16.0331603651999,16.0331603651999,1378.90080934363,1905.49292356553,1392.48324165462,404.982159182543,4787.88888429762,1392.48324165462,404.982159182543,4787.88888429762,17.0607480009509,17.0607480009509,1154.91518484045,1630.05129846878,1726.7068396038,524.762262040329,5681.65191289122,1726.7068396038,524.762262040329,5681.65191289122,15.9784085119269,15.9784085119269,1450.80656696853,2002.60711223908,1726.7068396038,524.762262040329,5681.65191289122,1726.7068396038,524.762262040329,5681.65191289122,15.9784085119269,15.9784085119269,1450.80656696853,2002.60711223908
"KER1",77.2,3132,-6.193234513,955.899731665656,272.879523324108,3348.5264334517,955.899731665656,272.879523324108,3348.5264334517,18.2673177360302,18.2673177360302,781.282490444431,1130.51697288688,979.260937344734,278.903891960522,3438.28828155982,979.260937344734,278.903891960522,3438.28828155982,18.2367896742317,18.2367896742317,800.675179839265,1157.8466948502,830.641109693433,231.006840806019,2986.771520295,830.641109693433,231.006840806019,2986.771520295,19.0376798407153,19.0376798407153,672.506314604632,988.775904782235,975.268944002051,277.935262012361,3422.19805521681,975.268944002051,277.935262012361,3422.19805521681,18.2388108739229,18.2388108739229,797.391485793412,1153.14640221069,609.168225103845,185.867287142961,1996.51015614569,609.168225103845,185.867287142961,1996.51015614569,18.5128519140545,18.5128519140545,496.393813682896,721.942636524794,442.596972398046,128.722466574485,1521.81732675674,442.596972398046,128.722466574485,1521.81732675674,20.2703089614614,20.2703089614614,352.881198638888,532.312746157204,692.567098931573,210.47758027844,2278.86117793625,692.567098931573,210.47758027844,2278.86117793625,18.2102784693181,18.2102784693181,566.448701629256,818.685496233891,692.567098931573,210.47758027844,2278.86117793625,692.567098931573,210.47758027844,2278.86117793625,18.2102784693181,18.2102784693181,566.448701629256,818.685496233891
"KER1",86.7,3445,-6.44596766,799.689207046044,228.286296561577,2801.31938490418,799.689207046044,228.286296561577,2801.31938490418,18.7549488233138,18.7549488233138,649.707905518994,949.670508573093,824.476030990297,234.819510410439,2894.82217422806,824.476030990297,234.819510410439,2894.82217422806,18.7040657246201,18.7040657246201,670.265492270133,978.686569710462,688.726795715045,191.539522183419,2476.48419359467,688.726795715045,191.539522183419,2476.48419359467,19.5834876682122,19.5834876682122,553.850068608516,823.603522821575,820.400597273501,233.80038538152,2878.76830873657,820.400597273501,233.80038538152,2878.76830873657,18.7088499277366,18.7088499277366,666.913080723347,973.888113823655,710.241081772525,216.706285138292,2327.77002252378,710.241081772525,216.706285138292,2327.77002252378,18.0800040373547,18.0800040373547,581.829465513101,838.652698031949,380.661097694127,110.709377785964,1308.85814910676,380.661097694127,110.709377785964,1308.85814910676,20.7845799084062,20.7845799084062,301.542287663675,459.779907724579,739.966104558191,224.882578764919,2434.82549382985,739.966104558191,224.882578764919,2434.82549382985,18.0278085091336,18.0278085091336,606.566432195945,873.365776920437,739.966104558191,224.882578764919,2434.82549382985,739.966104558191,224.882578764919,2434.82549382985,18.0278085091336,18.0278085091336,606.566432195945,873.365776920437
"KER1",93.1,3646,-6.365809917,846.249819146734,241.577897359054,2964.42168027273,846.249819146734,241.577897359054,2964.42168027273,18.5974945984248,18.5974945984248,688.868554741741,1003.63108355173,870.716192276058,247.989198341063,3057.17625026969,870.716192276058,247.989198341063,3057.17625026969,18.5532907174343,18.5532907174343,709.169685799307,1032.26269875281,730.892406150827,203.266060087403,2628.1008700579,730.892406150827,203.266060087403,2628.1008700579,19.4070189038813,19.4070189038813,589.047978722104,872.736833579551,866.651417875939,246.981092120397,3041.06145801736,866.651417875939,246.981092120397,3041.06145801736,18.5571684993909,18.5571684993909,705.825453958341,1027.47738179354,673.579249621878,205.52015460371,2207.61319684694,673.579249621878,205.52015460371,2207.61319684694,18.2271369506222,18.2271369506222,550.805037322325,796.353461921432,615.829497659333,179.104460427135,2117.45687004616,615.829497659333,179.104460427135,2117.45687004616,19.227878943574,19.227878943574,497.418547350577,734.24044796809,722.807119109094,219.667803556956,2378.36461682163,722.807119109094,219.667803556956,2378.36461682163,18.0920586682371,18.0920586682371,592.036431061683,853.577807156506,722.807119109094,219.667803556956,2378.36461682163,722.807119109094,219.667803556956,2378.36461682163,18.0920586682371,18.0920586682371,592.036431061683,853.577807156506
"KER1",103.8,3939,-6.152705981,983.646131482231,280.800254029528,3445.72235279464,983.646131482231,280.800254029528,3445.72235279464,18.1914701144514,18.1914701144514,804.706439441684,1162.58582352278,1006.65502538407,286.706018523026,3534.47180966527,1006.65502538407,286.706018523026,3534.47180966527,18.1640203819575,18.1640203819575,823.806001397308,1189.50404937083,855.975673629522,238.052552256821,3077.86808794661,855.975673629522,238.052552256821,3077.86808794661,18.9529715924947,18.9529715924947,693.742847367854,1018.20849989119,1002.69131077745,285.750175777012,3518.42255905788,1002.69131077745,285.750175777012,3518.42255905788,18.1656235562891,18.1656235562891,820.546181829995,1184.8364397249,681.85176608261,208.044236013471,2234.72584397806,681.85176608261,208.044236013471,2234.72584397806,18.1930376050603,18.1930376050603,557.802217868433,805.901314296787,358.372436462728,104.227066271712,1232.22122439312,358.372436462728,104.227066271712,1232.22122439312,20.9978005946792,20.9978005946792,283.122106867991,433.622766057465,758.012029044638,230.366902992354,2494.20480421808,758.012029044638,230.366902992354,2494.20480421808,17.9622984073628,17.9622984073628,621.855646423934,894.168411665342,758.012029044638,230.366902992354,2494.20480421808,758.012029044638,230.366902992354,2494.20480421808,17.9622984073628,17.9622984073628,621.855646423934,894.168411665342
"KER1",112.9,4199,-7.059575983,518.538900468128,148.02666356877,1816.44701580251,518.538900468128,148.02666356877,1816.44701580251,20.0547050851718,20.0547050851718,414.547453227353,622.530347708903,542.956602336254,154.639793932608,1906.37781209799,542.956602336254,154.639793932608,1906.37781209799,19.9448154621252,19.9448154621252,434.664909960863,651.248294711645,437.016865236544,121.537309241175,1571.40010498499,437.016865236544,121.537309241175,1571.40010498499,21.0486256301136,21.0486256301136,345.030821332446,529.002909140642,539.132155197163,153.643605423467,1891.80330653151,539.132155197163,153.643605423467,1891.80330653151,19.9575976923256,19.9575976923256,431.534328632949,646.729981761377,386.209970564904,117.839041069853,1265.77864186221,386.209970564904,117.839041069853,1265.77864186221,19.9292408424225,19.9292408424225,309.241255373576,463.178685756233,487.409393035557,141.755464261704,1675.89953344374,487.409393035557,141.755464261704,1675.89953344374,19.9544366990566,19.9544366990566,390.149594237021,584.669191834093,410.991350822222,124.904092570784,1352.34872592305,410.991350822222,124.904092570784,1352.34872592305,19.7891784466713,19.7891784466713,329.659539007628,492.323162636816,410.991350822222,124.904092570784,1352.34872592305,410.991350822222,124.904092570784,1352.34872592305,19.7891784466713,19.7891784466713,329.659539007628,492.323162636816
"KER1",123.5,4468,-7.170753958,479.394229231304,136.852082308903,1679.32283632725,479.394229231304,136.852082308903,1679.32283632725,20.3097270809703,20.3097270809703,382.030569632505,576.757888830103,503.379378143098,143.367781091582,1767.41800989351,503.379378143098,143.367781091582,1767.41800989351,20.1874525634511,20.1874525634511,401.759904966265,604.998851319931,402.44347127472,111.922217450197,1447.08308378286,402.44347127472,111.922217450197,1447.08308378286,21.3378714520719,21.3378714520719,316.570600706865,488.316341842576,499.642347014296,142.389673621759,1753.234406542,499.642347014296,142.389673621759,1753.234406542,20.2019112734401,20.2019112734401,398.705043385934,600.579650642657,266.447743541287,81.2976074859126,873.265551517559,266.447743541287,81.2976074859126,873.265551517559,21.2537813911214,21.2537813911214,209.817522607446,323.077964475128,358.821649840582,104.357713017221,1233.76579144726,358.821649840582,104.357713017221,1233.76579144726,20.9933292939843,20.9933292939843,283.493039311442,434.150260369723,300.580642132039,91.3492516928557,989.047208928314,300.580642132039,91.3492516928557,989.047208928314,20.8742596096478,20.8742596096478,237.836658557051,363.324625707027,300.580642132039,91.3492516928557,989.047208928314,300.580642132039,91.3492516928557,989.047208928314,20.8742596096478,20.8742596096478,237.836658557051,363.324625707027
"KER1",130.8,4622,-6.984768091,546.661345928369,156.054743562607,1914.9602268407,546.661345928369,156.054743562607,1914.9602268407,19.8866836939404,19.8866836939404,437.948533186557,655.374158670182,571.323416849248,162.718963302571,2005.97668529482,571.323416849248,162.718963302571,2005.97668529482,19.784809480005,19.784809480005,458.28816731097,684.358666387526,461.93652570372,128.467633265959,1661.00478661007,461.93652570372,128.467633265959,1661.00478661007,20.858375423354,20.858375423354,365.58407095484,558.2889804526,567.445343852026,161.712388455666,1991.15368546807,567.445343852026,161.712388455666,1991.15368546807,19.7965062908057,19.7965062908057,455.110990659476,679.779697044576,666.882303872641,203.476805841811,2185.66438262369,666.882303872641,203.476805841811,2185.66438262369,18.2551452369762,18.2551452369762,545.141970740998,788.622637004285,544.828189909659,158.454831004608,1873.32727338306,544.828189909659,158.454831004608,1873.32727338306,19.6017253448913,19.6017253448913,438.032464522024,651.623915297293,632.003436916099,192.071720321356,2079.57914681806,632.003436916099,192.071720321356,2079.57914681806,18.4686836682248,18.4686836682248,515.280721379756,748.726152452442,632.003436916099,192.071720321356,2079.57914681806,632.003436916099,192.071720321356,2079.57914681806,18.4686836682248,18.4686836682248,515.280721379756,748.726152452442
"KER1",135.2,4718,-6.614216124,710.123977700218,202.718220454143,2487.57148013171,710.123977700218,202.718220454143,2487.57148013171,19.0942680908372,19.0942680908372,574.531001620822,845.716953779614,735.250759091363,209.407207473772,2581.54284786083,735.250759091363,209.407207473772,2581.54284786083,19.028645846657,19.028645846657,595.34249605901,875.159022123716,607.967060286534,169.079700332613,2186.09298257761,607.967060286534,169.079700332613,2186.09298257761,19.9645304544043,19.9645304544043,486.589291382883,729.344829190186,731.192543590207,208.37758900667,2565.73913898583,731.192543590207,208.37758900667,2565.73913898583,19.0354294929182,19.0354294929182,592.006902497618,870.378184682796,497.930607633612,151.926852735185,1631.93593202737,497.930607633612,151.926852735185,1631.93593202737,19.1139048248605,19.1139048248605,402.756625196674,593.10459007055,364.545632893073,106.022444732747,1253.44702997934,364.545632893073,106.022444732747,1253.44702997934,20.9370035288621,20.9370035288621,288.220700869938,440.870564916209,542.040028904101,164.731004221531,1783.55856156407,542.040028904101,164.731004221531,1783.55856156407,18.919169012717,18.919169012717,439.490559719154,644.589498089048,542.040028904101,164.731004221531,1783.55856156407,542.040028904101,164.731004221531,1783.55856156407,18.919169012717,18.919169012717,439.490559719154,644.589498089048
"KER1",138.2,4787,-6.683892216,676.037250086862,192.987524153388,2368.16532835437,676.037250086862,192.987524153388,2368.16532835437,19.238411410935,19.238411410935,545.97842262398,806.096077549744,701.190120861888,199.706376773205,2461.95235995227,701.190120861888,199.706376773205,2461.95235995227,19.1663854388328,19.1663854388328,566.797319638481,835.582922085295,577.361879989575,160.568195267196,2076.04463580341,577.361879989575,160.568195267196,2076.04463580341,20.1267073989574,20.1267073989574,461.157943770954,693.565816208197,697.152584395268,198.676772595033,2446.29364359401,697.152584395268,198.676772595033,2446.29364359401,19.1740374498988,19.1740374498988,563.480286780382,830.824882010155,547.294650438531,166.98863754347,1793.72344612765,547.294650438531,166.98863754347,1793.72344612765,18.8273424079932,18.8273424079932,444.25361261984,650.335688257223,410.945046023311,119.51699457879,1412.98592259842,410.945046023311,119.51699457879,1412.98592259842,20.5202165565998,20.5202165565998,326.618232650709,495.271859395913,577.959703613241,175.647327316913,1901.75065059781,577.959703613241,175.647327316913,1901.75065059781,18.7282838207042,18.7282838207042,469.717769951252,686.20163727523,577.959703613241,175.647327316913,1901.75065059781,577.959703613241,175.647327316913,1901.75065059781,18.7282838207042,18.7282838207042,469.717769951252,686.20163727523
"KER1",144,4932,-6.646838797,693.9555645064,198.102643381485,2430.93336509413,693.9555645064,198.102643381485,2430.93336509413,19.1614868168244,19.1614868168244,560.983360498887,826.927768513913,719.102185621625,204.807922626842,2524.8435057269,719.102185621625,204.807922626842,2524.8435057269,19.0928888711545,19.0928888711545,581.804804450845,856.399566792405,593.440673300278,165.039815083905,2133.85983587078,593.440673300278,165.039815083905,2133.85983587078,20.0401358519492,20.0401358519492,474.51435617018,712.366990430375,715.052756467564,203.778020866678,2509.1049680298,715.052756467564,203.778020866678,2509.1049680298,19.100076056878,19.100076056878,578.477136135457,851.628376799671,630.163500374887,192.273292408228,2065.3208369762,630.163500374887,192.273292408228,2065.3208369762,18.415534631631,18.415534631631,514.115522727452,746.211478022323,471.566167038145,137.147707643229,1621.42447523457,471.566167038145,137.147707643229,1621.42447523457,20.0615497180262,20.0615497180262,376.962685984397,566.169648091893,648.376821442974,197.047744105191,2133.45503899844,648.376821442974,197.047744105191,2133.45503899844,18.3957236815983,18.3957236815983,529.103212954795,767.650429931153,648.376821442974,197.047744105191,2133.45503899844,648.376821442974,197.047744105191,2133.45503899844,18.3957236815983,18.3957236815983,529.103212954795,767.650429931153
"KER1",148.4,5096,-5.291320487,1806.96741937381,515.832771708929,6329.8251560505,1806.96741937381,515.832771708929,6329.8251560505,16.7162940204547,16.7162940204547,1504.90943269746,2109.02540605015,1809.45900047066,515.353097758257,6353.20111322999,1809.45900047066,515.353097758257,6353.20111322999,16.7439967457377,16.7439967457377,1506.48324431639,2112.43475662493,1620.99281261255,450.808928478259,5828.67270932559,1620.99281261255,450.808928478259,5828.67270932559,17.3154668467065,17.3154668467065,1340.31033955713,1901.67528566797,1807.68921587975,515.161052694609,6343.14314740145,1807.68921587975,515.161052694609,6343.14314740145,16.7381034359602,16.7381034359602,1505.1163251251,2110.2621066344,2144.17447135208,654.223046652615,7027.3956063171,2144.17447135208,654.223046652615,7027.3956063171,15.4756537490163,15.4756537490163,1812.34945439083,2475.99948831333,2204.19840281326,641.056927462428,7578.87543341352,2204.19840281326,641.056927462428,7578.87543341352,16.0428916790247,16.0428916790247,1850.58124065914,2557.81556496739,2138.49785156066,649.909379064513,7036.63188814455,2138.49785156066,649.909379064513,7036.63188814455,15.5327060477965,15.5327060477965,1806.3312664393,2470.66443668203,2138.49785156066,649.909379064513,7036.63188814455,2138.49785156066,649.909379064513,7036.63188814455,15.5327060477965,15.5327060477965,1806.3312664393,2470.66443668203
"KER1",151.3,5215,-6.210073749,944.602785486973,269.654597962025,3308.95311666596,944.602785486973,269.654597962025,3308.95311666596,18.299018042811,18.299018042811,771.749751337816,1117.45581963613,968.099333901765,275.724949022999,3399.09871639097,968.099333901765,275.724949022999,3399.09871639097,18.2671963945089,18.2671963945089,791.254727283997,1144.94394051953,820.336613426183,228.141091566046,2949.71920537482,820.336613426183,228.141091566046,2949.71920537482,19.0730984210029,19.0730984210029,663.873003763886,976.800223088481,964.096925236036,274.751424382715,3382.99567814017,964.096925236036,274.751424382715,3382.99567814017,18.2693932450582,18.2693932450582,787.962266701151,1140.23158377092,697.069869342926,212.68753067641,2284.60221057829,697.069869342926,212.68753067641,2284.60221057829,18.1316982745715,18.1316982745715,570.679263870716,823.460474815135,448.751460835611,130.512404105904,1542.97880712309,448.751460835611,130.512404105904,1542.97880712309,20.2244682288443,20.2244682288443,357.993864212438,539.509057458784,765.058381657439,232.508355062513,2517.39051350189,765.058381657439,232.508355062513,2517.39051350189,17.9372676239092,17.9372676239092,627.827812260395,902.288951054482,765.058381657439,232.508355062513,2517.39051350189,765.058381657439,232.508355062513,2517.39051350189,17.9372676239092,17.9372676239092,627.827812260395,902.288951054482
"KER1",157.1,5456,-6.898362715,581.047078640301,165.870796481914,2035.4137965042,581.047078640301,165.870796481914,2035.4137965042,19.6960842900093,19.6960842900093,466.603556266671,695.490601013931,605.937345606234,172.577377008466,2127.50983451508,605.937345606234,172.577377008466,2127.50983451508,19.6031635347782,19.6031635347782,487.15445682875,724.720234383718,492.493127012509,136.965628190286,1770.87845585307,492.493127012509,136.965628190286,1770.87845585307,20.6428667516011,20.6428667516011,390.828427042523,594.157826982495,602.003442285911,171.560865844331,2112.41732046821,602.003442285911,171.560865844331,2112.41732046821,19.6136475142702,19.6136475142702,483.92860909218,720.078275479642,587.414355890207,179.229822336072,1925.21323186325,587.414355890207,179.229822336072,1925.21323186325,18.6184400358263,18.6184400358263,478.046966276953,696.78174550346,462.975309147949,134.649189834521,1591.88582674773,462.975309147949,134.649189834521,1591.88582674773,20.1216450673721,20.1216450673721,369.81706069163,556.133557604268,587.81119928959,178.641288443973,1934.1665581338,587.81119928959,178.641288443973,1934.1665581338,18.6786415855423,18.6786415855423,478.016052174609,697.60634640457,587.81119928959,178.641288443973,1934.1665581338,587.81119928959,178.641288443973,1934.1665581338,18.6786415855423,18.6786415855423,478.016052174609,697.60634640457
"KER1",158.6,5519,-7.080290167,511.010845742191,145.877639024541,1790.07616391583,511.010845742191,145.877639024541,1790.07616391583,20.1017330434298,20.1017330434298,408.288809708122,613.732881776259,535.353915011898,152.474468018689,1879.68397622766,535.353915011898,152.474468018689,1879.68397622766,19.9895794136271,19.9895794136271,428.338919026633,642.368910997163,430.357471802711,119.685287446345,1547.45464115169,430.357471802711,119.685287446345,1547.45464115169,21.1019207025575,21.1019207025575,339.543779365372,521.17116424005,531.545096143595,151.481421075318,1865.18047710829,531.545096143595,151.481421075318,1865.18047710829,20.0026681689435,20.0026681689435,425.2218943937,637.86829789349,491.734203281295,150.036227420954,1611.62761043217,491.734203281295,150.036227420954,1611.62761043217,19.1525227966398,19.1525227966398,397.55469789897,585.91370866362,667.004747895935,193.987988442093,2293.41691353496,667.004747895935,193.987988442093,2293.41691353496,18.9918413737293,18.9918413737293,540.328264220296,793.681231571575,495.114516832941,150.469904828705,1629.15225511561,495.114516832941,150.469904828705,1629.15225511561,19.1952695047306,19.1952695047306,400.075950969813,590.153082696068,495.114516832941,150.469904828705,1629.15225511561,495.114516832941,150.469904828705,1629.15225511561,19.1952695047306,19.1952695047306,400.075950969813,590.153082696068
"KER1",161.7,5646,-7.085577842,509.106745411872,145.334077839945,1783.40608118979,509.106745411872,145.334077839945,1783.40608118979,20.1137731495892,20.1137731495892,406.706169550472,611.507321273273,533.430305245127,151.926603573058,1872.9299797522,533.430305245127,151.926603573058,1872.9299797522,20.0010384438016,20.0010384438016,426.738704822161,640.121905668093,428.673859808644,119.217063705245,1541.40080599181,428.673859808644,119.217063705245,1541.40080599181,21.1155685140778,21.1155685140778,338.156937238808,519.19078237848,529.625526701603,150.934376038057,1858.44474861858,529.625526701603,150.934376038057,1858.44474861858,20.014205867123,20.014205867123,423.62518346271,635.625869940497,412.514906134826,125.865111392248,1351.99139698934,412.514906134826,125.865111392248,1351.99139698934,19.7111901446334,19.7111901446334,331.203308611635,493.826503658018,1832.53870520618,532.965467317314,6300.96753356697,1832.53870520618,532.965467317314,6300.96753356697,16.437185053934,16.437185053934,1531.32092704647,2133.75648336589,430.360989502571,130.79070584854,1416.08365888102,430.360989502571,130.79070584854,1416.08365888102,19.6389077806627,19.6389077806627,345.842791650214,514.879187354928,430.360989502571,130.79070584854,1416.08365888102,430.360989502571,130.79070584854,1416.08365888102,19.6389077806627,19.6389077806627,345.842791650214,514.879187354928
"KER1",169.4,5954,-5.960783008,1126.37977237046,321.546251332013,3945.71974124899,1126.37977237046,321.546251332013,3945.71974124899,17.8406821145362,17.8406821145362,925.42593777941,1327.33360696151,1147.15624196692,326.722253865159,4027.78637792691,1147.15624196692,326.722253865159,4027.78637792691,17.827161464244,17.827161464244,942.650846464323,1351.66163746951,986.848005263364,274.449021835373,3548.45128971329,986.848005263364,274.449021835373,3548.45128971329,18.5618612568297,18.5618612568297,803.670647710587,1170.02536281614,1143.39484707989,325.848319441683,4012.14828595373,1143.39484707989,325.848319441683,4012.14828595373,17.8268725767229,17.8268725767229,939.563304642144,1347.22638951764,1055.1286986435,321.937193572628,3458.11727544296,1055.1286986435,321.937193572628,3458.11727544296,17.0520079023909,17.0520079023909,875.208069570417,1235.04932771659,468.699813489522,136.314073158894,1611.56885767065,468.699813489522,136.314073158894,1611.56885767065,20.0814382343042,20.0814382343042,374.578149939324,562.821477039719,1097.05781127331,333.406068377473,3609.81984261062,1097.05781127331,333.406068377473,3609.81984261062,17.0137159522308,17.0137159522308,910.407511431511,1283.70811111512,1097.05781127331,333.406068377473,3609.81984261062,1097.05781127331,333.406068377473,3609.81984261062,17.0137159522308,17.0137159522308,910.407511431511,1283.70811111512
"KER1",179.6,6389,-6.162613409,976.789873250822,278.843006406167,3421.70481082668,976.789873250822,278.843006406167,3421.70481082668,18.2099532678044,18.2099532678044,798.916893807202,1154.66285269444,999.888425414211,284.778819147494,3510.71356454885,999.888425414211,284.778819147494,3510.71356454885,18.1817555630818,18.1817555630818,818.091156001852,1181.68569482657,849.712026268538,236.310590088204,3055.34562507711,849.712026268538,236.310590088204,3055.34562507711,18.9736093111165,18.9736093111165,688.490986134774,1010.9330664023,995.917370548627,283.819716631428,3494.65294635792,995.917370548627,283.819716631428,3494.65294635792,18.1834603132552,18.1834603132552,814.825130722103,1177.00961037515,894.9100651614,273.051842157599,2933.01088320415,894.9100651614,273.051842157599,2933.01088320415,17.4652036355129,17.4652036355129,738.612199926261,1051.20793039654,714.754095334081,207.875145749695,2457.59739556353,714.754095334081,207.875145749695,2457.59739556353,18.792033900281,18.792033900281,580.437263435253,849.070927232908,924.80492336003,281.056814276473,3043.02939059729,924.80492336003,281.056814276473,3043.02939059729,17.4392201951814,17.4392201951814,763.526156399396,1086.08369032067,924.80492336003,281.056814276473,3043.02939059729,924.80492336003,281.056814276473,3043.02939059729,17.4392201951814,17.4392201951814,763.526156399396,1086.08369032067
"KER1",181,6444,-5.082252314,2094.36902733868,597.876956037113,7336.59589717203,2094.36902733868,597.876956037113,7336.59589717203,16.3936365380099,16.3936365380099,1751.02578123213,2437.71227344524,2086.21767897162,594.176902143906,7324.92998019577,2086.21767897162,594.176902143906,7324.92998019577,16.4322013407859,16.4322013407859,1743.40618955594,2429.02916838731,1892.73478610744,526.382186385775,6805.78686588695,1892.73478610744,526.382186385775,6805.78686588695,16.9598216827096,16.9598216827096,1571.730341457,2213.73923075787,2085.67847614551,594.383320935343,7318.60157013031,2085.67847614551,594.383320935343,7318.60157013031,16.4248302752927,16.4248302752927,1743.1093263503,2428.24762594072,2635.28155587395,804.067929781916,8636.96787485732,2635.28155587395,804.067929781916,8636.96787485732,15.0704574776437,15.0704574776437,2238.13256957978,3032.43054216812,2705.1976962863,786.764803543255,9301.5022317154,2705.1976962863,786.764803543255,9301.5022317154,15.6271266408721,15.6271266408721,2282.45302640169,3127.94236617092,2553.65767795485,776.080310116637,8402.69679718801,2553.65767795485,776.080310116637,8402.69679718801,15.1814299039274,15.1814299039274,2165.97592758987,2941.33942831982,2553.65767795485,776.080310116637,8402.69679718801,2553.65767795485,776.080310116637,8402.69679718801,15.1814299039274,15.1814299039274,2165.97592758987,2941.33942831982
"KER1",182.4,6497,-3.656953097,5728.85136137779,1635.40816772007,20068.2242932138,5728.85136137779,1635.40816772007,20068.2242932138,14.4872699615252,14.4872699615252,4898.89719896048,6558.8055237951,5504.8874132632,1567.85026933338,19328.2394533684,5504.8874132632,1567.85026933338,19328.2394533684,14.5811423780486,14.5811423780486,4702.21194178402,6307.56288474239,5444.51542586575,1514.15610613478,19577.0753770955,5444.51542586575,1514.15610613478,19577.0753770955,14.8767303321089,14.8767303321089,4634.54954806963,6254.48130366187,5530.54714629887,1576.11300926963,19406.5727251426,5530.54714629887,1576.11300926963,19406.5727251426,14.566244308417,14.566244308417,4724.95413737679,6336.14015522094,6463.89323817574,1972.24059143375,21184.9994245175,6463.89323817574,1972.24059143375,21184.9994245175,13.5293286949217,13.5293286949217,5589.37187549412,7338.41460085735,4637.47594311194,1348.73796999304,15945.4123791391,4637.47594311194,1348.73796999304,15945.4123791391,14.6293747727642,14.6293747727642,3959.04220739732,5315.90967882657,6313.63744560069,1918.77311867031,20774.7426762552,6313.63744560069,1918.77311867031,20774.7426762552,13.6109987396856,13.6109987396856,5454.28833245166,7172.98655874972,6313.63744560069,1918.77311867031,20774.7426762552,6313.63744560069,1918.77311867031,20774.7426762552,13.6109987396856,13.6109987396856,5454.28833245166,7172.98655874972
"KER1",183.8,6551,-5.117456075,2042.95734302344,583.200525607754,7156.50024674448,2042.95734302344,583.200525607754,7156.50024674448,16.4470919893631,16.4470919893631,1706.95026951293,2378.96441653396,2036.81531351145,580.106584955253,7151.47307227127,2036.81531351145,580.106584955253,7151.47307227127,16.4838871538128,16.4838871538128,1701.06897570064,2372.56165132225,1843.97934385697,512.822972237878,6630.4748512591,1843.97934385697,512.822972237878,6630.4748512591,17.0186802546984,17.0186802546984,1530.15839536327,2157.80029235068,2036.04200105866,580.237759556117,7144.42823101732,2036.04200105866,580.237759556117,7144.42823101732,16.476756866601,16.476756866601,1700.56831084235,2371.51569127498,1846.25772196354,563.323725707474,6050.9923874218,1846.25772196354,563.323725707474,6050.9923874218,15.7834703860853,15.7834703860853,1554.85418116661,2137.66126276047,1446.94567839981,420.821714422865,4975.15152969521,1446.94567839981,420.821714422865,4975.15152969521,16.9708018713948,16.9708018713948,1201.38739413187,1692.50396266775,1952.13588036413,593.272243379208,6423.41612629472,1952.13588036413,593.272243379208,6423.41612629472,15.7196302979431,15.7196302979431,1645.2673370574,2259.00442367087,1952.13588036413,593.272243379208,6423.41612629472,1952.13588036413,593.272243379208,6423.41612629472,15.7196302979431,15.7196302979431,1645.2673370574,2259.00442367087
"KER1",189.7,6805,-6.442655072,801.561621288066,228.820812357431,2807.87847094227,801.561621288066,228.820812357431,2807.87847094227,18.7483890961064,18.7483890961064,651.28172968392,951.841512892211,826.337380305984,235.34964241984,2901.35756770282,826.337380305984,235.34964241984,2901.35756770282,18.6977862899899,18.6977862899899,671.830582902071,980.844177709898,690.420145025808,192.010453937332,2482.5730416378,690.420145025808,192.010453937332,2482.5730416378,19.5761313953293,19.5761313953293,555.262590255733,825.577699795883,822.2621269723,234.330890067188,2885.30037699747,822.2621269723,234.330890067188,2885.30037699747,18.7025324596071,18.7025324596071,668.47828577225,976.045968172351,685.559185995963,209.175431064686,2246.87667720454,685.559185995963,209.175431064686,2246.87667720454,18.1779305364356,18.1779305364356,560.938713379463,810.179658612463,663.748007709326,193.040816057381,2282.21899770225,663.748007709326,193.040816057381,2282.21899770225,19.0061471187697,19.0061471187697,537.595084866189,789.900930552463,722.720838079136,219.641581949783,2378.08071293727,722.720838079136,219.641581949783,2378.08071293727,18.0923867495046,18.0923867495046,591.963388934598,853.478287223675,722.720838079136,219.641581949783,2378.08071293727,722.720838079136,219.641581949783,2378.08071293727,18.0923867495046,18.0923867495046,591.963388934598,853.478287223675
"KER1",199,6984,-6.398704979,826.823014206383,236.032151193192,2896.36938597307,826.823014206383,236.032151193192,2896.36938597307,18.6617895615742,18.6617895615742,672.523043248523,981.122985164243,851.434446466091,242.497552810123,2989.4760100802,851.434446466091,242.497552810123,2989.4760100802,18.6148705619007,18.6148705619007,692.941026336992,1009.92786659519,713.28487334939,198.369287607229,2564.78871646921,713.28487334939,198.369287607229,2564.78871646921,19.4790517952029,19.4790517952029,574.343743422316,852.226003276465,847.363677650166,241.484410239727,2973.38118633834,847.363677650166,241.484410239727,2973.38118633834,18.6191168324201,18.6191168324201,689.59204451299,1005.13531078734,672.042901453914,205.05138940172,2202.5779133336,672.042901453914,205.05138940172,2202.5779133336,18.2335300680119,18.2335300680119,549.505756947375,794.580045960453,507.439071730663,147.580785732746,1744.7692139624,507.439071730663,147.580785732746,1744.7692139624,19.8254334592355,19.8254334592355,406.837076218539,608.041067242788,701.536496341438,213.203463541298,2308.37458043307,701.536496341438,213.203463541298,2308.37458043307,18.1745213487052,18.1745213487052,574.035596044905,829.037396637972,701.536496341438,213.203463541298,2308.37458043307,701.536496341438,213.203463541298,2308.37458043307,18.1745213487052,18.1745213487052,574.035596044905,829.037396637972
"KER1",205,7089,-6.063325117,1047.71742133197,299.090606515026,3670.16472952108,1047.71742133197,299.090606515026,3670.16472952108,18.0264032351396,18.0264032351396,858.851654197863,1236.58318846608,1069.8085447041,304.692810048806,3756.21046698993,1069.8085447041,304.692810048806,3756.21046698993,18.0055710774457,18.0055710774457,877.183406794814,1262.43368261338,914.612725221627,254.359907966041,3288.71182501376,914.612725221627,254.359907966041,3288.71182501376,18.7687961280586,18.7687961280586,742.950927463499,1086.27452297975,1065.92424608384,303.770499863284,3740.30558892572,1065.92424608384,303.770499863284,3740.30558892572,18.0062754615368,18.0062754615368,873.990990122674,1257.857502045,1130.55119520658,344.949843031386,3705.30971619179,1130.55119520658,344.949843031386,3705.30971619179,16.8845488762178,16.8845488762178,939.66272608126,1321.4396643319,704.071409980448,204.768252358834,2420.86624582392,704.071409980448,204.768252358834,2420.86624582392,18.8351923879898,18.8351923879898,571.458205361798,836.684614599098,1126.03470435319,342.21241558751,3705.16701806671,1126.03470435319,342.21241558751,3705.16701806671,16.9505894653437,16.9505894653437,935.165184380986,1316.9042243254,1126.03470435319,342.21241558751,3705.16701806671,1126.03470435319,342.21241558751,3705.16701806671,16.9505894653437,16.9505894653437,935.165184380986,1316.9042243254
"KER1",211,7193,-6.553490201,741.230865210821,211.598265457607,2596.539221874,741.230865210821,211.598265457607,2596.539221874,18.9703907340641,18.9703907340641,600.616473838844,881.845256582798,766.282773762748,218.245454091362,2690.49951949845,766.282773762748,218.245454091362,2690.49951949845,18.9102040109004,18.9102040109004,621.377137943826,911.18840958167,635.961055552469,176.865017399702,2286.7521804235,635.961055552469,176.865017399702,2286.7521804235,19.825302467534,19.825302467534,509.87985271347,762.042258391467,762.21267602543,217.21780553265,2674.58812627827,762.21267602543,217.21780553265,2674.58812627827,18.9162504244804,18.9162504244804,618.030617461326,906.394734589535,523.523543279733,159.735680120687,1715.81515263897,523.523543279733,159.735680120687,1715.81515263897,18.9608817806063,18.9608817806063,424.258863144821,622.788223414644,294.846194371424,85.7514437885871,1013.79375663506,294.846194371424,85.7514437885871,1013.79375663506,21.7182967779163,21.7182967779163,230.810622839447,358.881765903402,560.477189750223,170.334228816062,1844.22521776014,560.477189750223,170.334228816062,1844.22521776014,18.8191780800141,18.8191780800141,454.99998931327,665.954390187176,560.477189750223,170.334228816062,1844.22521776014,560.477189750223,170.334228816062,1844.22521776014,18.8191780800141,18.8191780800141,454.99998931327,665.954390187176
"KER1",221.6,7382,-7.054449658,520.418991815624,148.563370938503,1823.03299481877,520.418991815624,148.563370938503,1823.03299481877,20.0431006011265,20.0431006011265,416.110889738651,624.727093892598,544.854714723502,155.180396454361,1913.04228458869,544.854714723502,155.180396454361,1913.04228458869,19.9337682556408,19.9337682556408,436.244638560587,653.464790886418,438.680770515693,122.000052413228,1577.38307987298,438.680770515693,122.000052413228,1577.38307987298,21.0354777493545,21.0354777493545,346.402174643168,530.959366388218,541.02644992112,154.183447590768,1898.45034657129,541.02644992112,154.183447590768,1898.45034657129,19.9464750317414,19.9464750317414,433.110744172487,648.942155669753,539.199118440767,164.518557016622,1767.19085432974,539.199118440767,164.518557016622,1767.19085432974,18.8719479374511,18.8719479374511,437.44174152943,640.956495352104,459.418837304842,133.614845145114,1579.65731907485,459.418837304842,133.614845145114,1579.65731907485,20.1469578952029,20.1469578952029,366.859917590405,551.977757019279,526.842240815978,160.112255125151,1733.5509170803,526.842240815978,160.112255125151,1733.5509170803,19.005022707106,19.005022707106,426.715753318275,626.968728313681,526.842240815978,160.112255125151,1733.5509170803,526.842240815978,160.112255125151,1733.5509170803,19.005022707106,19.005022707106,426.715753318275,626.968728313681
"KER1",224.7,7438,-6.66114354,686.982464399238,196.11204105124,2406.50652485301,686.982464399238,196.11204105124,2406.50652485301,19.1911111032066,19.1911111032066,555.142896396834,818.822032401643,712.133506923137,202.823169088014,2500.37574091241,712.133506923137,202.823169088014,2500.37574091241,19.121195859258,19.121195859258,575.965064284962,848.301949561313,587.180944328249,163.29894264543,2111.35146251888,587.180944328249,163.29894264543,2111.35146251888,20.0734690244466,20.0734690244466,469.313359351065,705.048529305433,708.088433385613,201.793305806873,2484.66730593307,708.088433385613,201.793305806873,2484.66730593307,19.1285616717723,19.1285616717723,572.641300714759,843.535566056466,714.792858888855,218.095107518428,2342.68818283937,714.792858888855,218.095107518428,2342.68818283937,18.0624293059203,18.0624293059203,585.683904068289,843.901813709421,492.77059962226,143.314688067318,1694.33340801762,492.77059962226,143.314688067318,1694.33340801762,19.9192291531738,19.9192291531738,394.614494684033,590.926704560486,701.640041710884,213.234931941751,2308.7152918572,701.640041710884,213.234931941751,2308.7152918572,18.1741120472301,18.1741120472301,574.123194362116,829.156889059652,701.640041710884,213.234931941751,2308.7152918572,701.640041710884,213.234931941751,2308.7152918572,18.1741120472301,18.1741120472301,574.123194362116,829.156889059652
"KER1",226.2,7465,-5.776554413,1282.83737928892,366.210012375177,4493.79232158977,1282.83737928892,366.210012375177,4493.79232158977,17.5164521451001,17.5164521451001,1058.12978364632,1507.54497493152,1300.43796905151,370.378514030342,4565.9746645354,1300.43796905151,370.378514030342,4565.9746645354,17.5153550173657,17.5153550173657,1072.66164199152,1528.2142961115,1131.25871536014,314.610604892975,4067.71501397302,1131.25871536014,314.610604892975,4067.71501397302,18.2013200198436,18.2013200198437,925.354696325072,1337.16273439522,1296.99667539128,369.622259604401,4551.13384615001,1296.99667539128,369.622259604401,4551.13384615001,17.513377846595,17.513377846595,1069.84874697223,1524.14460381033,1387.8077399298,423.443063946389,4548.45169751772,1387.8077399298,423.443063946389,4548.45169751772,16.4061188920623,16.4061188920623,1160.12235212367,1615.49312773592,1341.75235658962,390.227867887481,4613.45673787935,1341.75235658962,390.227867887481,4613.45673787935,17.1486659342707,17.1486659342707,1111.65972729286,1571.84498588637,1353.84952940493,411.447458953588,4454.78154836949,1353.84952940493,411.447458953588,4454.78154836949,16.5174640202826,16.5174640202826,1130.22792049671,1577.47113831316,1353.84952940493,411.447458953588,4454.78154836949,1353.84952940493,411.447458953588,4454.78154836949,16.5174640202826,16.5174640202826,1130.22792049671,1577.47113831316
"KER1",233.8,7601,-4.343403283,3528.52701741721,1007.28427747464,12360.4658496783,3528.52701741721,1007.28427747464,12360.4658496783,15.3467808544684,15.3467808544684,2987.01170866348,4070.04232617094,3449.84731346713,982.553072120362,12112.7772371144,3449.84731346713,982.553072120362,12112.7772371144,15.4176006450395,15.4176006450395,2917.96363181314,3981.73099512112,3273.1001889639,910.271024959496,11769.2253771037,3273.1001889639,910.271024959496,11769.2253771037,15.8120914937631,15.8120914937631,2755.55459240239,3790.6457855254,3457.74339383931,985.398768256295,12133.1482875669,3457.74339383931,985.398768256295,12133.1482875669,15.4058398476301,15.4058398476301,2925.04898424241,3990.4378034362,5639.95038704569,1720.84201844634,18484.5790766171,5639.95038704569,1720.84201844634,18484.5790766171,13.7429072200942,13.7429072200942,4864.85723809466,6415.04353599672,2331.79200229115,678.165547421851,8017.5909298541,2331.79200229115,678.165547421851,8017.5909298541,15.9264693663841,15.9264693663841,1960.41986335845,2703.16414122385,5031.53505735685,1529.13028296085,16556.0418987917,5031.53505735685,1529.13028296085,16556.0418987917,13.9734701226267,13.9734701226267,4328.4550094076,5734.61510530609,5031.53505735685,1529.13028296085,16556.0418987917,5031.53505735685,1529.13028296085,16556.0418987917,13.9734701226267,13.9734701226267,4328.4550094076,5734.61510530609
"KER1",235.3,7628,-5.031139152,2171.32650413344,619.845912495952,7606.17871717133,2171.32650413344,619.845912495952,7606.17871717133,16.3166389240987,16.3166389240987,1817.03899859073,2525.61400967615,2160.08676349245,615.215600189274,7584.29211544665,2160.08676349245,615.215600189274,7584.29211544665,16.3577318321832,16.3577318321832,1806.74556337787,2513.42796360703,1965.82767667954,546.709807471941,7068.61007719822,1965.82767667954,546.709807471941,7068.61007719822,16.8750846043963,16.8750846043963,1634.09259306323,2297.56276029585,2159.9086670147,615.537678074814,7579.07373669851,2159.9086670147,615.537678074814,7579.07373669851,16.3500167760482,16.3500167760482,1806.76323761048,2513.05409641892,3110.07425892437,948.935025658774,10193.0707946089,3110.07425892437,948.935025658774,10193.0707946089,14.760037729613,14.760037729613,2651.02612488815,3569.12239296058,2364.87913898112,687.78842808356,8131.35713488427,2364.87913898112,687.78842808356,8131.35713488427,15.8975832238598,15.8975832238598,1988.9205097179,2740.83776824435,2928.7766086934,890.082440712054,9637.00892331676,2928.7766086934,890.082440712054,9637.00892331676,14.9207622760173,14.9207622760173,2491.78081331466,3365.77240407215,2928.7766086934,890.082440712054,9637.00892331676,2928.7766086934,890.082440712054,9637.00892331676,14.9207622760173,14.9207622760173,2491.78081331466,3365.77240407215
"KER1",238.4,7681,-5.715681101,1339.17124469008,382.29157179866,4691.13042217235,1339.17124469008,382.29157179866,4691.13042217235,17.4118940630966,17.4118940630966,1105.99616624119,1572.34632313897,1355.4602862864,386.049453037782,4759.16381500429,1355.4602862864,386.049453037782,4759.16381500429,17.4147107484949,17.4147107484949,1119.4107981189,1591.5097744539,1183.47710613536,329.132888156091,4255.47889970294,1183.47710613536,329.132888156091,4255.47889970294,18.0852479361627,18.0852479361627,969.442337223059,1397.51187504767,1352.15684758449,385.341981846611,4744.68972134315,1352.15684758449,385.341981846611,4744.68972134315,17.4122015771293,17.4122015771293,1116.71657164412,1587.59712352485,1355.24395364379,413.507314892748,4441.72595680546,1355.24395364379,413.507314892748,4441.72595680546,16.4601342540728,16.4601342540728,1132.16897940382,1578.31892788376,780.686937776605,227.05069062856,2684.2996739088,780.686937776605,227.05069062856,2684.2996739088,18.5430723159966,18.5430723159966,635.92359434315,925.45028121006,1379.42634765289,419.220491811137,4538.9409291,1379.42634765289,419.220491811137,4538.9409291,16.4747032564712,16.4747032564712,1152.1699502355,1606.68274507029,1379.42634765289,419.220491811137,4538.9409291,1379.42634765289,419.220491811137,4538.9409291,16.4747032564712,16.4747032564712,1152.1699502355,1606.68274507029
"KER1",242.6,7750,-6.337045257,863.611046901636,246.53398574065,3025.23823678872,863.611046901636,246.53398574065,3025.23823678872,18.5416346899319,18.5416346899319,703.483441443238,1023.73865236003,887.934385703792,252.893122286549,3117.63114072282,887.934385703792,252.893122286549,3117.63114072282,18.499775958725,18.499775958725,723.668513688109,1052.20025771947,746.644926945231,207.646941338018,2684.74287817973,746.644926945231,207.646941338018,2684.74287817973,19.3444658793287,19.3444658793287,602.210453812572,891.079400077889,883.876792264233,251.89003439044,3101.50493168126,883.876792264233,251.89003439044,3101.50493168126,18.5033354346638,18.5033354346638,720.330104562436,1047.42347996603,741.055526834611,226.108281290553,2428.76240851364,741.055526834611,226.108281290553,2428.76240851364,17.9638011381042,17.9638011381042,607.933785671111,874.177267998111,389.775055326986,113.360031043713,1340.19541417178,389.775055326986,113.360031043713,1340.19541417178,20.7021452340295,20.7021452340295,309.083257287174,470.466853366797,762.949056802311,231.86731162829,2510.44987405855,762.949056802311,231.86731162829,2510.44987405855,17.9447290222867,17.9447290222867,626.039915981044,899.858197623578,762.949056802311,231.86731162829,2510.44987405855,762.949056802311,231.86731162829,2510.44987405855,17.9447290222867,17.9447290222867,626.039915981044,899.858197623578
"KER3",8.5,65,-6.777803997,632.668357860613,180.607059711609,2216.24366000526,632.668357860613,180.607059711609,2216.24366000526,19.4361714409222,19.4361714409222,509.701851174357,755.63486454687,657.765104115044,187.338471838708,2309.48255286279,657.765104115044,187.338471838708,2309.48255286279,19.3552216822281,19.3552216822281,530.453210065239,785.076998164849,538.534559314645,149.770058043542,1936.4315896299,538.534559314645,149.770058043542,1936.4315896299,20.3495100031381,20.3495100031381,428.945415296555,648.123703332734,653.766122427001,186.312359938298,2294.05146805496,653.766122427001,186.312359938298,2294.05146805496,19.3640834443235,19.3640834443235,527.170304949518,780.361939904483,698.13090666155,213.011270687531,2288.07969298034,698.13090666155,213.011270687531,2288.07969298034,18.1274868708825,18.1274868708825,571.577318214905,824.684495108195,1214.09962262786,353.102049580354,4174.53791451206,1214.09962262786,353.102049580354,4174.53791451206,17.3900732340675,17.3900732340675,1002.96680911834,1425.23243613738,691.188378969398,210.058574463742,2274.32456133708,691.188378969398,210.058574463742,2274.32456133708,18.2158284455994,18.2158284455994,565.282689620413,817.094068318383,691.188378969398,210.058574463742,2274.32456133708,691.188378969398,210.058574463742,2274.32456133708,18.2158284455994,18.2158284455994,565.282689620413,817.094068318383
"KER3",12.9,144,-7.060297292,518.274904402353,147.951300935848,1815.52223491254,518.274904402353,147.951300935848,1815.52223491254,20.056338993949,20.056338993949,414.327932654852,622.221876149854,542.690056134925,154.56387874994,1905.44194031389,542.690056134925,154.56387874994,1905.44194031389,19.9463708623988,19.9463708623988,434.443084904893,650.937027364957,436.783249417642,121.472339121521,1570.56008266193,436.783249417642,121.472339121521,1570.56008266193,21.0504769460165,21.0504769460165,344.838292194919,528.728206640364,538.86614777884,153.567797778854,1890.86989213823,538.86614777884,153.567797778854,1890.86989213823,19.9591637223434,19.9591637223434,431.312971099377,646.419324458304,569.886390184099,173.881750488803,1867.76643784695,569.886390184099,173.881750488803,1867.76643784695,18.7073253967093,18.7073253967093,463.275888780799,676.496891587399,906.197673602025,263.55354199126,3115.85349010015,906.197673602025,263.55354199126,3115.85349010015,18.1370865857011,18.1370865857011,741.839816903217,1070.55553030083,563.888400661802,171.370927526694,1855.44965525962,563.888400661802,171.370927526694,1855.44965525962,18.8011522100376,18.8011522100376,457.87088415863,669.905917164974,563.888400661802,171.370927526694,1855.44965525962,563.888400661802,171.370927526694,1855.44965525962,18.8011522100376,18.8011522100376,457.87088415863,669.905917164974
"KER3",18.7,258,-6.907784476,577.194911435188,164.771123037228,2021.91961580187,577.194911435188,164.771123037228,2021.91961580187,19.7166898535208,19.7166898535208,463.391180897208,690.998641973168,602.063338348827,171.474018689586,2113.90778704453,602.063338348827,171.474018689586,2113.90778704453,19.6228082761174,19.6228082761174,483.921603763845,720.205072933809,489.065328426169,136.012334507721,1758.55297487758,489.065328426169,136.012334507721,1758.55297487758,20.6661495488939,20.6661495488939,387.994356261827,590.13630059051,598.135176387103,170.458475059993,2098.84365741108,598.135176387103,170.458475059993,2098.84365741108,19.6334224275323,19.6334224275323,480.700770519358,715.569582254848,642.07898240185,195.9089027833,2104.37307230602,642.07898240185,195.9089027833,2104.37307230602,18.3621741658219,18.3621741658219,524.179321371086,759.978643432615,946.468951210722,275.265818642885,3254.32151373685,946.468951210722,275.265818642885,3254.32151373685,18.0220065658638,18.0220065658638,775.896254679664,1117.04164774178,643.040345938434,195.425939585248,2115.89560414647,643.040345938434,195.425939585248,2115.89560414647,18.419235578849,18.419235578849,524.597229752989,761.48346212388,643.040345938434,195.425939585248,2115.89560414647,643.040345938434,195.425939585248,2115.89560414647,18.419235578849,18.419235578849,524.597229752989,761.48346212388
"KER3",21.6,312,-7.065106811,516.51807317496,147.449780481337,1809.36803734436,516.51807317496,147.449780481337,1809.36803734436,20.0672403235677,20.0672403235677,412.86715011628,620.168996233641,540.916130588851,154.058645956534,1899.21350090124,540.916130588851,154.058645956534,1899.21350090124,19.9567481109313,19.9567481109313,432.966860915838,648.865400261864,435.228743243273,121.04002057123,1564.97047878181,435.228743243273,121.04002057123,1564.97047878181,21.0628294155699,21.0628294155699,343.557255486413,526.900231000132,537.095824809744,153.063285478644,1884.65786635887,537.095824809744,153.063285478644,1884.65786635887,19.9696119286044,19.9696119286044,429.839872910501,644.351776708988,687.4222860997,209.743893679259,2252.98286942819,687.4222860997,209.743893679259,2252.98286942819,18.1703789714935,18.1703789714935,562.51505158088,812.32952061852,1151.77100324732,334.974737092483,3960.22833075642,1151.77100324732,334.974737092483,3960.22833075642,17.5200894323837,17.5200894323837,949.979693422125,1353.56231307251,655.022384103673,199.067392382694,2155.32196680424,655.022384103673,199.067392382694,2155.32196680424,18.3667957686833,18.3667957686833,534.715760576191,775.329007631155,655.022384103673,199.067392382694,2155.32196680424,655.022384103673,199.067392382694,2155.32196680424,18.3667957686833,18.3667957686833,534.715760576191,775.329007631155
"KER3",28.8,440,-6.845376313,603.194825706635,172.193286657357,2112.99757860631,603.194825706635,172.193286657357,2112.99757860631,19.5809995620776,19.5809995620776,485.083249526544,721.306401886726,628.193034587382,178.916033068756,2205.65190237843,628.193034587382,178.916033068756,2205.65190237843,19.4934133166319,19.4934133166319,505.736769928971,750.649299245793,512.222837343819,142.452592416432,1841.82141332718,512.222837343819,142.452592416432,1841.82141332718,20.5128991868089,20.5128991868089,407.151083107669,617.294591579968,624.228548141287,177.894647574135,2190.40474588867,624.228548141287,177.894647574135,2190.40474588867,19.5031744935042,19.5031744935042,502.484165159024,745.97293112355,679.431408759667,207.305745017071,2226.79327662208,679.431408759667,207.305745017071,2226.79327662208,18.202958147334,18.202958147334,555.754793783303,803.10802373603,1022.87541561024,297.487454065406,3517.03610206627,1022.87541561024,297.487454065406,3517.03610206627,17.8201220439569,17.8201220439569,840.597768190861,1205.15306302961,668.185485554907,203.067781293298,2198.63456557587,668.185485554907,203.067781293298,2198.63456557587,18.3106147563488,18.3106147563488,545.836615437109,790.534355672704,668.185485554907,203.067781293298,2198.63456557587,668.185485554907,203.067781293298,2198.63456557587,18.3106147563488,18.3106147563488,545.836615437109,790.534355672704
"KER3",30.2,465,-6.757513616,641.796575960673,183.212880930538,2248.21990038468,641.796575960673,183.212880930538,2248.21990038468,19.3931002699016,19.3931002699016,517.332322455825,766.260829465522,666.913744447529,189.944101551454,2341.60439255619,666.913744447529,189.944101551454,2341.60439255619,19.3141076655423,19.3141076655423,538.105305808633,795.722183086424,546.696113779625,152.039840854698,1965.77843768842,546.696113779625,152.039840854698,1965.77843768842,20.3009549847231,20.3009549847231,435.711581817993,657.680645741257,662.905466342832,188.916919389811,2326.12123216164,662.905466342832,188.916919389811,2326.12123216164,19.3227041406067,19.3227041406067,534.814204349497,790.996728336167,729.853660525635,222.690406857866,2392.04900336214,729.853660525635,222.690406857866,2392.04900336214,18.0053030737243,18.0053030737243,598.441296953324,861.266024097946,1159.20675454622,337.137310060036,3985.79528188763,1159.20675454622,337.137310060036,3985.79528188763,17.504109694638,17.504109694638,956.297932642795,1362.11557644964,724.519793655909,220.188301274757,2384.00009610038,724.519793655909,220.188301274757,2384.00009610038,18.0855568168531,18.0855568168531,593.486354724923,855.553232586895,724.519793655909,220.188301274757,2384.00009610038,724.519793655909,220.188301274757,2384.00009610038,18.0855568168531,18.0855568168531,593.486354724923,855.553232586895
"KER3",31.6,491,-5.820433479,1243.70603637716,355.039235935909,4356.71483137209,1243.70603637716,355.039235935909,4356.71483137209,17.5926025340511,17.5926025340511,1024.90577670533,1462.50629604899,1262.16700486762,359.478537882094,4431.60127879181,1262.16700486762,359.478537882094,4431.60127879181,17.5886265295131,17.5886265295131,1040.16916420271,1484.16484553253,1095.05326806541,304.541628168944,3937.52954927892,1095.05326806541,304.541628168944,3937.52954927892,18.285916146912,18.285916146912,894.812745702948,1295.29379042787,1258.63675948994,358.69032811783,4416.52971423009,1258.63675948994,358.69032811783,4416.52971423009,17.5870406404043,17.5870406404043,1037.27980108338,1479.9937178965,1961.82190437171,598.584266539917,6429.7466532492,1961.82190437171,598.584266539917,6429.7466532492,15.6570780972346,15.6570780972346,1654.65791667558,2268.98589206785,1958.91992508606,569.721485469647,6735.51440619419,1958.91992508606,569.721485469647,6735.51440619419,16.2925688788346,16.2925688788346,1639.7615470102,2278.07830316192,1833.18898501106,557.123176012059,6032.02666746202,1833.18898501106,557.123176012059,6032.02666746202,15.8511542761996,15.8511542761996,1542.60737082266,2123.77059919946,1833.18898501106,557.123176012059,6032.02666746202,1833.18898501106,557.123176012059,6032.02666746202,15.8511542761996,15.8511542761996,1542.60737082266,2123.77059919946
"KER3",38.7,621,-4.865050529,2441.46193301013,696.961141868781,8552.46585821823,2441.46193301013,696.961141868781,8552.46585821823,16.071359166789,16.071359166789,2049.08581683564,2833.83804918461,2418.6620641662,688.860585884627,8492.17722788465,2418.6620641662,688.860585884627,8492.17722788465,16.120340914878,16.120340914878,2028.76549384378,2808.55863448862,2223.39703978941,618.341567766578,7994.76317660481,2223.39703978941,618.341567766578,7994.76317660481,16.605490098128,16.605490098128,1854.19106450511,2592.60301507372,2419.84648248173,689.61558785864,8491.19002220048,2419.84648248173,689.61558785864,8491.19002220048,16.1115523498546,16.1115523498546,2029.97164967057,2809.72131529289,2652.027390405,809.177360489175,8691.85128363767,2652.027390405,809.177360489175,8691.85128363767,15.0583477583755,15.0583477583755,2252.67588331045,3051.37889749956,2111.55566782925,614.113224497773,7260.33434956262,2111.55566782925,614.113224497773,7260.33434956262,16.1328784412174,16.1328784412174,1770.90095871972,2452.21037693878,2693.78514343548,818.666349664885,8863.77997820983,2693.78514343548,818.666349664885,8863.77997820983,15.0787546636342,15.0787546636342,2287.59589049142,3099.97439637955,2693.78514343548,818.666349664885,8863.77997820983,2693.78514343548,818.666349664885,8863.77997820983,15.0787546636342,15.0787546636342,2287.59589049142,3099.97439637955
"KER3",40.1,646,-4.709654978,2724.55859797244,777.776399401022,9544.15634043701,2724.55859797244,777.776399401022,9544.15634043701,15.8484557869492,15.8484557869492,2292.75813318325,3156.35906276162,2688.5479725245,765.726952504469,9439.775075076,2688.5479725245,765.726952504469,9439.775075076,15.9043891762051,15.9043891762051,2260.95083978523,3116.14510526376,2494.85901538258,693.836956387401,8970.8705328178,2494.85901538258,693.836956387401,8970.8705328178,16.3609376776232,16.3609376776232,2086.67668673127,2903.04134403388,2691.30456463235,766.976580077158,9443.73067934127,2691.30456463235,766.976580077158,9443.73067934127,15.8946545297021,15.8946545297021,2263.53100174193,3119.07812752276,3316.15149483264,1011.81259412299,10868.4758428141,3316.15149483264,1011.81259412299,10868.4758428141,14.6432213261416,14.6432213261416,2830.56009193414,3801.74289773114,2633.80970219915,766.002712395377,9056.04305982904,2633.80970219915,766.002712395377,9056.04305982904,15.6801886474054,15.6801886474054,2220.82337228066,3046.79603211764,3283.55531725641,997.902988681848,10804.3924547462,3283.55531725641,997.902988681848,10804.3924547462,14.7100501037973,14.7100501037973,2800.5426849021,3766.56794961073,3283.55531725641,997.902988681848,10804.3924547462,3283.55531725641,997.902988681848,10804.3924547462,14.7100501037973,14.7100501037973,2800.5426849021,3766.56794961073
"KER3",45.6,756,-5.259131795,1848.50135252983,527.689412636783,6475.31894420735,1848.50135252983,527.689412636783,6475.31894420735,16.6657921103953,16.6657921103953,1540.43395995936,2156.5687451003,1849.54675215065,526.770514237477,6493.95343120678,1849.54675215065,526.770514237477,6493.95343120678,16.6952235058481,16.6952235058481,1540.76078803395,2158.33271626736,1660.1376990669,461.695382866325,5969.42764026104,1660.1376990669,461.695382866325,5969.42764026104,17.2597424542604,17.2597424542604,1373.60220782187,1946.67319031193,1847.94261456787,526.632594960029,6484.39147029081,1847.94261456787,526.632594960029,6484.39147029081,16.6890950396554,16.6890950396554,1539.53771534434,2156.34751379139,2560.56030936009,781.269243295759,8392.07373659305,2560.56030936009,781.269243295759,8392.07373659305,15.1256927617996,15.1256927617996,2173.2578239857,2947.86279473449,2568.09044169829,746.889284512473,8830.07515772169,2568.09044169829,746.889284512473,8830.07515772169,15.7306564747335,15.7306564747335,2164.11295635427,2972.06792704231,2487.83267727422,756.07548042366,8186.10256563972,2487.83267727422,756.07548042366,8186.10256563972,15.2321335028902,15.2321335028902,2108.88268254328,2866.78267200516,2487.83267727422,756.07548042366,8186.10256563972,2487.83267727422,756.07548042366,8186.10256563972,15.2321335028902,15.2321335028902,2108.88268254328,2866.78267200516
"KER3",47,784,-5.030151592,2172.84092076394,620.278231152977,7611.48373395342,2172.84092076394,620.278231152977,7611.48373395342,16.3151583709534,16.3151583709534,1818.33848339242,2527.34335813546,2161.53945477886,615.62934206148,7589.39266754293,2161.53945477886,615.62934206148,7589.39266754293,16.3562996490942,16.3562996490942,1807.99158452183,2515.08732503588,1967.26735916401,547.110192787116,7073.78680465935,1967.26735916401,547.110192787116,7073.78680465935,16.8734557323023,16.8734557323023,1635.32137217944,2299.21334614858,2161.36858996309,615.953731584643,7584.19657538365,2161.36858996309,615.953731584643,7584.19657538365,16.3485780112468,16.3485780112468,1808.01555992239,2514.72162000379,2887.33183219951,880.972632216582,9463.04664227417,2887.33183219951,880.972632216582,9463.04664227417,14.8976961014759,14.8976961014759,2457.18591039725,3317.47775400177,2345.64687754779,682.195023058465,8065.22927927926,2345.64687754779,682.195023058465,8065.22927927926,15.9143112627432,15.9143112627432,1972.35333233002,2718.94042276557,2824.73651440688,858.463688780073,9294.66962913984,2824.73651440688,858.463688780073,9294.66962913984,14.9886792154583,14.9886792154583,2401.34581958051,3248.12720923324,2824.73651440688,858.463688780073,9294.66962913984,2824.73651440688,858.463688780073,9294.66962913984,14.9886792154583,14.9886792154583,2401.34581958051,3248.12720923324
"KER3",52.2,917,-4.948853924,2301.20230843515,656.921398967144,8061.13497394555,2301.20230843515,656.921398967144,8061.13497394555,16.1941913011963,16.1941913011963,1928.54120437962,2673.86341249069,2284.54002739415,650.661208551324,8021.26063175994,2284.54002739415,650.661208551324,8021.26063175994,16.2392537713088,16.2392537713088,1913.54777483849,2655.53227994982,2089.47341662236,581.096513631784,7513.20831626602,2089.47341662236,581.096513631784,7513.20831626602,16.7404340805107,16.7404340805107,1739.6864966829,2439.26033656182,2284.99915069235,651.186364080886,8018.01359282798,2284.99915069235,651.186364080886,8018.01359282798,16.2309985575043,16.2309985575043,1914.12097150449,2655.87732988022,3173.12655330177,968.1733221114,10399.720683597,3173.12655330177,968.1733221114,10399.720683597,14.7232939573406,14.7232939573406,2705.93780322072,3640.31530338282,2553.79561865916,742.731856885092,8780.92409989587,2553.79561865916,742.731856885092,8780.92409989587,15.7418486703442,15.7418486703442,2151.78097701995,2955.81026029836,3066.83936959528,932.040997342909,10091.2982859263,3066.83936959528,932.040997342909,10091.2982859263,14.8351548618196,14.8351548618196,2611.86899975257,3521.80973943799,3066.83936959528,932.040997342909,10091.2982859263,3066.83936959528,932.040997342909,10091.2982859263,14.8351548618196,14.8351548618196,2611.86899975257,3521.80973943799
"KER3",55.9,1041,-3.391673919,6908.84465195865,1972.25940430141,24201.752731307,6908.84465195865,1972.25940430141,24201.752731307,14.1803568863601,14.1803568863601,5929.14582358671,7888.54348033059,6594.44216571638,1878.16700859518,23153.7809353307,6594.44216571638,1878.16700859518,23153.7809353307,14.2817079250919,14.2817079250919,5652.64319631966,7536.24113511309,6627.73017081647,1843.21602989301,23831.6108935428,6627.73017081647,1843.21602989301,23831.6108935428,14.5442428732668,14.5442428732668,5663.77699778814,7591.6833438448,6631.23651650262,1889.79098536354,23268.8683978132,6631.23651650262,1889.79098536354,23268.8683978132,14.2657925269437,14.2657925269437,5685.23807308743,7577.23495991782,9042.24458612097,2758.93817445736,29635.3821597743,9042.24458612097,2758.93817445736,29635.3821597743,13.0307958594736,13.0307958594736,7863.96815298924,10220.5210192527,9469.90035294464,2754.17367868783,32561.131997103,9469.90035294464,2754.17367868783,32561.131997103,13.4886190835888,13.4886190835888,8192.54156674051,10747.2591391488,8654.09696843887,2630.06052730778,28475.9204442364,8654.09696843887,2630.06052730778,28475.9204442364,13.1375890341775,13.1375890341775,7517.15727410616,9791.03666277158,8654.09696843887,2630.06052730778,28475.9204442364,8654.09696843887,2630.06052730778,28475.9204442364,13.1375890341775,13.1375890341775,7517.15727410616,9791.03666277158
"KER3",58.7,1135,-6.319030302,874.665097276799,249.689571935783,3063.96068711669,874.665097276799,249.689571935783,3063.96068711669,18.5068208813606,18.5068208813606,712.792394412004,1036.53780014159,898.890901868855,256.013654194061,3156.10062286024,898.890901868855,256.013654194061,3156.10062286024,18.4664172521888,18.4664172521888,732.89795728779,1064.88384644992,756.682974620274,210.438589444777,2720.83711257929,756.682974620274,210.438589444777,2720.83711257929,19.3054946276769,19.3054946276769,610.601583606411,902.764365634136,894.838759872121,255.01401096942,3139.97024369572,894.838759872121,255.01401096942,3139.97024369572,18.4697792145575,18.4697792145575,729.564016597455,1060.11350314679,601.78182327584,183.613573943647,1972.30169342676,601.78182327584,183.613573943647,1972.30169342676,18.5481411750831,18.5481411750831,490.162481128648,713.401165423032,1074.99973079126,312.64700290338,3696.25939308435,1074.99973079126,312.64700290338,3696.25939308435,17.6932310923351,17.6932310923351,884.797544180384,1265.20191740214,664.898628775135,202.068874959464,2187.81930980583,664.898628775135,202.068874959464,2187.81930980583,18.3245068623149,18.3245068623149,543.059233917798,786.738023632473,664.898628775135,202.068874959464,2187.81930980583,664.898628775135,202.068874959464,2187.81930980583,18.3245068623149,18.3245068623149,543.059233917798,786.738023632473
"KER3",65.1,1299,-6.730402128,654.199356980087,186.753487607531,2291.66696780822,654.199356980087,186.753487607531,2291.66696780822,19.335846735016,19.335846735016,527.704371972957,780.694341987217,679.336833097827,193.482328843696,2385.22316514086,679.336833097827,193.482328843696,2385.22316514086,19.2594440119151,19.2594440119151,548.500336075034,810.17333012062,557.794751442075,155.12644612108,2005.68628055514,557.794751442075,155.12644612108,2005.68628055514,20.2364375071817,20.2364375071817,444.91696514816,670.67253773599,675.316945121349,192.453982296902,2369.67284815375,675.316945121349,192.453982296902,2369.67284815375,19.267689405996,19.267689405996,545.198973629307,805.434916613391,638.849662894829,194.923584062868,2093.78918278665,638.849662894829,194.923584062868,2093.78918278665,18.3765069585633,18.3765069585633,521.451410138203,756.247915651456,979.255518689808,284.801283410192,3367.05424709517,979.255518689808,284.801283410192,3367.05424709517,17.9328896998048,17.9328896998048,803.646706643913,1154.8643307357,647.604850531777,196.813134968134,2130.91490311451,647.604850531777,196.813134968134,2130.91490311451,18.3991091951789,18.3991091951789,528.45132692916,766.758374134393,647.604850531777,196.813134968134,2130.91490311451,647.604850531777,196.813134968134,2130.91490311451,18.3991091951789,18.3991091951789,528.45132692916,766.758374134393
"KER3",68.9,1389,-6.257649009,913.402212951198,260.747808809394,3199.65719533244,913.402212951198,260.747808809394,3199.65719533244,18.3891771840637,18.3891771840637,745.435061608443,1081.36936429395,937.247575224358,266.938041222625,3290.77494253181,937.247575224358,266.938041222625,3290.77494253181,18.3536538626432,18.3536538626432,765.228399431663,1109.26675101705,791.909272090535,220.235258062469,2847.50180665932,791.909272090535,220.235258062469,2847.50180665932,19.1738811112566,19.1738811112566,640.069529750879,943.749014430192,933.219790889121,265.951959909166,3274.64846810899,933.219790889121,265.951959909166,3274.64846810899,18.3563533047619,18.3563533047619,761.914668963554,1104.52491281469,1107.61027290229,337.95018871992,3630.12230082051,1107.61027290229,337.95018871992,3630.12230082051,16.9339274546056,16.9339274546056,920.048352809255,1295.17219299532,1543.02601681289,448.765191041862,5305.51240624045,1543.02601681289,448.765191041862,5305.51240624045,16.8221862325754,16.8221862325754,1283.45530664754,1802.59672697825,1055.76536376095,320.856909675615,3473.94888408101,1055.76536376095,320.856909675615,3473.94888408101,17.1074741739339,17.1074741739339,875.150576818204,1236.38015070369,1055.76536376095,320.856909675615,3473.94888408101,1055.76536376095,320.856909675615,3473.94888408101,17.1074741739339,17.1074741739339,875.150576818204,1236.38015070369
"KER3",70.1,1420,-7.220147767,462.964882820271,132.162016950941,1621.7706695892,462.964882820271,132.162016950941,1621.7706695892,20.4251201539246,20.4251201539246,368.403749233754,557.526016406787,486.734545829841,138.627156467276,1708.97625069664,486.734545829841,138.627156467276,1708.97625069664,20.2971549593134,20.2971549593134,387.941280822248,585.527810837434,387.974108714207,107.898191075178,1395.05498222584,387.974108714207,107.898191075178,1395.05498222584,21.4689428007088,21.4689428007088,304.680169232794,471.26804819562,483.03890291484,137.657971034005,1694.97327308081,483.03890291484,137.657971034005,1694.97327308081,20.3123837262187,20.3123837262187,384.922187407861,581.155618421819,568.169740762989,173.357972396433,1862.14022843131,568.169740762989,173.357972396433,1862.14022843131,18.7162236536407,18.7162236536407,461.829821349478,674.5096601765,978.464541679157,284.571240011425,3364.33456622309,978.464541679157,284.571240011425,3364.33456622309,17.9349940960723,17.9349940960724,802.976983896838,1153.95209946147,536.814869222759,163.14302961518,1766.36540646805,536.814869222759,163.14302961518,1766.36540646805,18.9483245840337,18.9483245840337,435.097445387074,638.532293058444,536.814869222759,163.14302961518,1766.36540646805,536.814869222759,163.14302961518,1766.36540646805,18.9483245840337,18.9483245840337,435.097445387074,638.532293058444
"KER3",77.7,1744,-6.778643484,632.293499902654,180.500049470374,2214.93052878508,632.293499902654,180.500049470374,2214.93052878508,19.4379575741083,19.4379575741083,509.388557647732,755.198442157576,657.389307066737,187.231440857115,2308.16308984925,657.389307066737,187.231440857115,2308.16308984925,19.3569264900673,19.3569264900673,530.138942144266,784.639671989208,538.199523503288,149.676882346559,1935.22688713208,538.199523503288,149.676882346559,1935.22688713208,20.3515239052741,20.3515239052741,428.667718819445,647.731328187131,653.390720936162,186.20537682112,2292.73419217965,653.390720936162,186.20537682112,2292.73419217965,19.3657992751799,19.3657992751799,526.856385437014,779.925056435311,649.619372975253,198.209600492275,2129.08622335479,649.619372975253,198.209600492275,2129.08622335479,18.3290718025644,18.3290718025644,530.55017165925,768.688574291256,783.604500864183,227.899218613253,2694.33136941391,783.604500864183,227.899218613253,2694.33136941391,18.5326925869081,18.5326925869081,638.381487621848,928.827514106517,646.931303393845,196.608437730835,2128.69862627071,646.931303393845,196.608437730835,2128.69862627071,18.4020673848896,18.4020673848896,527.882569009365,765.980037778325,646.931303393845,196.608437730835,2128.69862627071,646.931303393845,196.608437730835,2128.69862627071,18.4020673848896,18.4020673848896,527.882569009365,765.980037778325
"KER3",81.4,1911,-7.310365938,434.396226577795,124.006557712688,1521.69437766532,434.396226577795,124.006557712688,1521.69437766532,20.6393067343472,20.6393067343472,344.739856931974,524.052596223616,457.740379736531,130.369310719338,1607.174680032,457.740379736531,130.369310719338,1607.174680032,20.5006357530289,20.5006357530289,363.900691792214,551.580067680849,362.875259424326,100.918033441923,1304.80598373977,362.875259424326,100.918033441923,1304.80598373977,21.7125493684363,21.7125493684363,284.085789575978,441.664729272674,454.123752646794,129.417639056553,1593.51062360123,454.123752646794,129.417639056553,1593.51062360123,20.5173127713984,20.5173127713984,360.949761947039,547.297743346548,305.50148499217,93.213549055289,1001.26170796331,305.50148499217,93.213549055289,1001.26170796331,20.7457351027738,20.7457351027738,242.122956180654,368.880013803685,676.718723719622,196.813147686846,2326.81727016209,676.718723719622,196.813147686846,2326.81727016209,18.9497079268944,18.9497079268944,548.482502088146,804.954945351098,324.686474801802,98.6752383571889,1068.36637716154,324.686474801802,98.6752383571889,1068.36637716154,20.595794844958,20.595794844958,257.814714562297,391.558235041308,324.686474801802,98.6752383571889,1068.36637716154,324.686474801802,98.6752383571889,1068.36637716154,20.595794844958,20.595794844958,257.814714562297,391.558235041308
"KER3",85.1,2094,-6.272203062,904.064897448899,258.082296811651,3166.94848463697,904.064897448899,258.082296811651,3166.94848463697,18.41693607711,18.41693607711,737.563843190145,1070.56595170765,928.007377667825,264.306335042259,3258.33163578247,928.007377667825,264.306335042259,3258.33163578247,18.3802663333929,18.3802663333929,757.437150058943,1098.57760527671,783.411257332216,217.871903396376,2816.9451340326,783.411257332216,217.871903396376,2816.9451340326,19.2049252846783,19.2049252846783,632.957710689805,933.864803974627,923.972986334407,263.316775981187,3242.20162689793,923.972986334407,263.316775981187,3242.20162689793,18.3831214168766,18.3831214168766,754.117910397412,1093.8280622714,1006.81308490933,307.195301790786,3299.76592101335,1006.81308490933,307.195301790786,3299.76592101335,17.1676011598293,17.1676011598293,833.967430067124,1179.65873975154,870.259149530994,253.101379522988,2992.2831269026,870.259149530994,253.101379522988,2992.2831269026,18.2455170342735,18.2455170342735,711.475868160993,1029.042430901,985.123600062902,299.388220919387,3241.50530846102,985.123600062902,299.388220919387,3241.50530846102,17.2793591702399,17.2793591702399,814.900554937236,1155.34664518857,985.123600062902,299.388220919387,3241.50530846102,985.123600062902,299.388220919387,3241.50530846102,17.2793591702399,17.2793591702399,814.900554937236,1155.34664518857
"KER3",89.7,2321,-5.844408781,1222.8315023852,349.080208334328,4283.59112755405,1222.8315023852,349.080208334328,4283.59112755405,17.6344911124994,17.6344911124994,1007.19138977624,1438.47161499416,1241.73390587456,353.658974763983,4359.85851632211,1241.73390587456,353.658974763983,4359.85851632211,17.6289212976011,17.6289212976011,1022.82961288231,1460.63819886682,1075.76272404121,299.176799026183,3868.16572074925,1075.76272404121,299.176799026183,3868.16572074925,18.3324721126566,18.3324721126566,878.548822658002,1272.97662542442,1238.15856706992,352.854387364459,4344.6721710312,1238.15856706992,352.854387364459,4344.6721710312,17.6275520155386,17.6275520155386,1019.90152162482,1456.41561251501,1234.73609380117,376.738376420074,4046.76910226804,1234.73609380117,376.738376420074,4046.76910226804,16.6754623324887,16.6754623324887,1028.83814157372,1440.63404602863,851.921815747146,247.768250328119,2929.23237414308,851.921815747146,247.768250328119,2929.23237414308,18.3031031033056,18.3031031033056,695.993687451392,1007.8499440429,1258.45820824549,382.457149584031,4140.90065677405,1258.45820824549,382.457149584031,4140.90065677405,16.6865455773723,16.6865455773723,1048.46500575442,1468.45141073656,1258.45820824549,382.457149584031,4140.90065677405,1258.45820824549,382.457149584031,4140.90065677405,16.6865455773723,16.6865455773723,1048.46500575442,1468.45141073656
"KER3",96.2,2870,-6.332803747,866.201015114378,247.273340787948,3034.31092164768,866.201015114378,247.273340787948,3034.31092164768,18.5334262099731,18.5334262099731,705.664289148117,1026.73774108064,890.501949075624,253.62439154273,3126.64612612341,890.501949075624,253.62439154273,3126.64612612341,18.4919110141403,18.4919110141403,725.831121073375,1055.17277707787,748.996272002714,208.300866104124,2693.19770947825,748.996272002714,208.300866104124,2693.19770947825,19.3352761839682,19.3352761839682,604.175774203364,893.816769802064,886.445572050432,252.622093467395,3110.51872550979,886.445572050432,252.622093467395,3110.51872550979,18.4954238599713,18.4954238599713,722.493706211757,1050.39743788911,980.759785153523,299.246009711559,3214.37788628006,980.759785153523,299.246009711559,3214.37788628006,17.232942851142,17.232942851142,811.746011871034,1149.77355843601,665.271082836852,193.483778841629,2287.45591133603,665.271082836852,193.483778841629,2287.45591133603,18.9994453718961,18.9994453718961,538.873266878242,791.668898795461,969.514807391645,294.644563709014,3190.14527171099,969.514807391645,294.644563709014,3190.14527171099,17.3194905062404,17.3194905062404,801.599782368854,1137.42983241444,969.514807391645,294.644563709014,3190.14527171099,969.514807391645,294.644563709014,3190.14527171099,17.3194905062404,17.3194905062404,801.599782368854,1137.42983241444
"KER3",98.8,3094,-6.316214315,876.405739682955,250.186470987362,3070.05817508025,876.405739682955,250.186470987362,3070.05817508025,18.501390812243,18.501390812243,714.258488683283,1038.55299068263,900.615733151096,256.504904420887,3162.15668714223,900.615733151096,256.504904420887,3162.15668714223,18.4612136936192,18.4612136936192,734.351138095717,1066.88032820648,758.264210969828,210.878341835329,2726.5228312857,758.264210969828,210.878341835329,2726.5228312857,19.2994170675112,19.2994170675112,611.923638421088,904.604783518567,896.564511147171,255.505821085747,3146.0258683453,896.564511147171,255.505821085747,3146.0258683453,18.4645449088411,18.4645449088411,731.01795434967,1062.11106794467,883.517283878016,269.575716412868,2895.67176635323,883.517283878016,269.575716412868,2895.67176635323,17.4981891368734,17.4981891368734,728.917758488073,1038.11680926796,783.561714442004,227.886774845802,2694.18425336323,783.561714442004,227.886774845802,2694.18425336323,18.5328444437024,18.5328444437024,638.34544078406,928.777988099948,893.001901843619,271.39158035958,2938.38296545433,893.001901843619,271.39158035958,2938.38296545433,17.5290372589358,17.5290372589358,736.467265746446,1049.53653794079,893.001901843619,271.39158035958,2938.38296545433,893.001901843619,271.39158035958,2938.38296545433,17.5290372589358,17.5290372589358,736.467265746446,1049.53653794079
"KER3",104.1,3515,-6.364640282,846.948909978812,241.777465960967,2966.8706025321,846.948909978812,241.777465960967,2966.8706025321,18.5952166465078,18.5952166465078,689.456925283016,1004.44089467461,871.409765853527,248.186735445567,3059.61146014365,871.409765853527,248.186735445567,3059.61146014365,18.5511086504299,18.5511086504299,709.753593399582,1033.06593830747,731.526408552571,203.442380390096,2630.38057942363,731.526408552571,203.442380390096,2630.38057942363,19.4044674694632,19.4044674694632,589.577604574455,873.475212530687,867.345247628607,247.178821941782,3043.49609191485,867.345247628607,247.178821941782,3043.49609191485,18.5549734184944,18.5549734184944,706.409567484544,1028.28092777267,845.280485906503,257.909037792546,2770.35309025911,845.280485906503,257.909037792546,2770.35309025911,17.613055460332,17.613055460332,696.400765128427,994.16020668458,716.401734992428,208.354336196253,2463.26260959954,716.401734992428,208.354336196253,2463.26260959954,18.7854522672966,18.7854522672966,581.822429023341,850.981040961516,857.600146176107,260.63265767613,2821.89506594836,857.600146176107,260.63265767613,2821.89506594836,17.6340192277835,17.6340192277835,706.370771501912,1008.8295208503,857.600146176107,260.63265767613,2821.89506594836,857.600146176107,260.63265767613,2821.89506594836,17.6340192277835,17.6340192277835,706.370771501912,1008.8295208503
"KER3",106.7,3716,-5.267674783,1837.38593266123,524.516307367671,6436.38151592285,1837.38593266123,524.516307367671,6436.38151592285,16.6791657185277,16.6791657185277,1530.92528806375,2143.84657725872,1838.82154945914,523.71586285841,6456.29611503572,1838.82154945914,523.71586285841,6456.29611503572,16.7081403689566,16.7081403689566,1531.58866384089,2146.0544350774,1649.65728967162,458.780711010447,5931.74278703434,1649.65728967162,458.780711010447,5931.74278703434,17.2744969038181,17.2744969038181,1364.68729224368,1934.62728709955,1837.17265764986,523.56333820139,6446.59991971775,1837.17265764986,523.56333820139,6446.59991971775,16.702074036162,16.702074036162,1530.32672019705,2144.01859510266,1694.69490940488,517.079408224837,5554.25489833856,1694.69490940488,517.079408224837,5554.25489833856,15.9653041056552,15.9653041056552,1424.13171345533,1965.25810535442,1385.94420475212,403.080381692856,4765.40517952983,1385.94420475212,403.080381692856,4765.40517952983,17.0718488671742,17.0718488671742,1149.33790473348,1622.55050477077,1784.33884923842,542.277165582803,5871.28747248594,1784.33884923842,542.277165582803,5871.28747248594,15.9083383067905,15.9083383067905,1500.48018856208,2068.19750991476,1784.33884923842,542.277165582803,5871.28747248594,1784.33884923842,542.277165582803,5871.28747248594,15.9083383067905,15.9083383067905,1500.48018856208,2068.19750991476
"KER3",113.3,4273,-5.254473836,1854.59019953274,529.427588318507,6496.6482368759,1854.59019953274,529.427588318507,6496.6482368759,16.6585093458072,16.6585093458072,1545.64311781715,2163.53728124833,1855.42086613348,528.443524146433,6514.57806403087,1855.42086613348,528.443524146433,6514.57806403087,16.6881891550798,16.6881891550798,1545.78472237031,2165.05700989666,1665.88003504997,463.292364858687,5990.07560166585,1665.88003504997,463.292364858687,5990.07560166585,17.2517083848858,17.2517083848858,1378.48726936112,1953.27280073883,1853.84137414405,528.3136423249,6505.09009262874,1853.84137414405,528.3136423249,6505.09009262874,16.6820268955833,16.6820268955833,1544.58305750789,2163.09969078021,1671.56373840844,510.021705895051,5478.44395496564,1671.56373840844,510.021705895051,5478.44395496564,15.9948686781533,15.9948686781533,1404.19931357838,1938.9281632385,1279.67053206269,372.172331856015,4399.99572903001,1279.67053206269,372.172331856015,4399.99572903001,17.2622188445786,17.2622188445786,1058.77100432844,1500.57005979693,1762.75021012767,535.716177443827,5800.25101749139,1762.75021012767,535.716177443827,5800.25101749139,15.9342456943608,15.9342456943608,1481.86926066807,2043.63115958728,1762.75021012767,535.716177443827,5800.25101749139,1762.75021012767,535.716177443827,5800.25101749139,15.9342456943608,15.9342456943608,1481.86926066807,2043.63115958728
"KER3",119.4,4831,-5.457809158,1606.58178514188,458.628930616806,5627.87225149181,1606.58178514188,458.628930616806,5627.87225149181,16.9824670089951,16.9824670089951,1333.74456350764,1879.41900677613,1615.57258875325,460.132193131067,5672.4455026067,1615.57258875325,460.132193131067,5672.4455026067,17.0008838034364,17.0008838034364,1340.91097017914,1890.23420732736,1432.78398125728,398.466795352653,5151.92222009517,1432.78398125728,398.466795352653,5151.92222009517,17.6095296854475,17.6095296854475,1180.47746074944,1685.09050176511,1613.06722542522,459.697055565392,5660.21870760253,1613.06722542522,459.697055565392,5660.21870760253,16.996253514268,16.996253514268,1338.90623043639,1887.22822041406,1422.38114512693,433.991980922793,4661.76383653619,1422.38114512693,433.991980922793,4661.76383653619,16.350512777999,16.350512777999,1189.8145342411,1654.94775601275,987.68975372888,287.254249891224,3396.05436643818,987.68975372888,287.254249891224,3396.05436643818,17.9105858994628,17.9105858994628,810.788731967076,1164.59077549068,1509.94444535962,458.88615515298,4968.40491365947,1509.94444535962,458.88615515298,4968.40491365947,16.2712288351755,16.2712288351755,1264.25792937114,1755.63096134811,1509.94444535962,458.88615515298,4968.40491365947,1509.94444535962,458.88615515298,4968.40491365947,16.2712288351755,16.2712288351755,1264.25792937114,1755.63096134811
"KER3",123,5221,-6.618591747,707.933651621946,202.092950756534,2479.89874571406,707.933651621946,202.092950756534,2479.89874571406,19.1032566242187,19.1032566242187,572.695269423403,843.172033820489,733.063897160294,208.784366022126,2573.86454531221,733.063897160294,208.784366022126,2573.86454531221,19.0372375370104,19.0372375370104,593.508781759823,872.619012560765,605.998201428333,168.532147533314,2179.01347315226,605.998201428333,168.532147533314,2179.01347315226,19.9746381327698,19.9746381327698,484.95225360193,727.044149254736,729.006765644714,207.7546790189,2558.06929049921,729.006765644714,207.7546790189,2558.06929049921,19.0440750023069,19.0440750023069,590.174170423443,867.839360865985,842.677172072642,257.114723742763,2761.82089456218,842.677172072642,257.114723742763,2761.82089456218,17.6211201989339,17.6211201989339,694.188014692745,991.166329452539,660.356657133735,192.054494328284,2270.55823997253,660.356657133735,192.054494328284,2270.55823997253,19.0211420580032,19.0211420580032,534.749279290846,785.964034976624,810.398622539539,246.28767580245,2666.58055574313,810.398622539539,246.28767580245,2666.58055574313,17.7830730577945,17.7830730577945,666.284843433972,954.512401645105,810.398622539539,246.28767580245,2666.58055574313,810.398622539539,246.28767580245,2666.58055574313,17.7830730577945,17.7830730577945,666.284843433972,954.512401645105
"KER3",129.5,5948,-6.314543636,877.440071097338,250.4817403069,3073.68144849196,877.440071097338,250.4817403069,3073.68144849196,18.4981707468757,18.4981707468757,715.129708544245,1039.75043365043,901.640611185226,256.796800545406,3165.75514185475,901.640611185226,256.796800545406,3165.75514185475,18.4581278932843,18.4581278932843,735.214634034866,1068.06658833558,759.203893901891,211.139673935272,2729.90168911833,759.203893901891,211.139673935272,2729.90168911833,19.2958131587545,19.2958131587545,612.709329040593,905.698458763188,897.589943753898,255.798052148757,3149.62408962988,897.589943753898,255.798052148757,3149.62408962988,18.4614408828961,18.4614408828961,731.881906916952,1063.29798059084,1025.4921296188,312.894586854413,3360.98530333288,1025.4921296188,312.894586854413,3360.98530333288,17.1220813030866,17.1220813030866,849.906533428712,1201.07772580888,619.862085232195,180.277275993956,2131.32244532742,619.862085232195,180.277275993956,2131.32244532742,19.2083598504112,19.2083598504112,500.796745324532,738.927425139858,999.170578484291,303.657228258775,3287.72626501699,999.170578484291,303.657228258775,3287.72626501699,17.2439384843188,17.2439384843188,826.874218577047,1171.46693839153,999.170578484291,303.657228258775,3287.72626501699,999.170578484291,303.657228258775,3287.72626501699,17.2439384843188,17.2439384843188,826.874218577047,1171.46693839153
"KER3",131.9,6135,-6.042943811,1062.90224801491,303.425400353476,3723.35733105745,1062.90224801491,303.425400353476,3723.35733105745,17.9891819795113,17.9891819795113,871.694828355193,1254.10966767463,1084.75530488665,308.949805736205,3808.690116104,1084.75530488665,308.949805736205,3808.690116104,17.9698265382578,17.9698265382578,889.826658233971,1279.68395153933,928.536372882782,258.232167382489,3338.77767632747,928.536372882782,258.232167382489,3338.77767632747,18.7272990928156,18.7272990928156,754.646589147442,1102.42615661812,1080.89260874332,308.036231714221,3792.82925626702,1080.89260874332,308.036231714221,3792.82925626702,17.9703303292386,17.9703303292386,886.652636447822,1275.13258103882,1043.36033618382,318.346471807515,3419.54721514814,1043.36033618382,318.346471807515,3419.54721514814,17.0795262268029,17.0795262268029,865.159333925249,1221.5613384424,643.738892547995,187.221475171282,2213.42002246163,643.738892547995,187.221475171282,2213.42002246163,19.0961022572205,19.0961022572205,520.809855357531,766.667929738459,1061.31295790055,322.542875111559,3492.20299539412,1061.31295790055,322.542875111559,3492.20299539412,17.094605834963,17.094605834963,879.885691072066,1242.74022472904,1061.31295790055,322.542875111559,3492.20299539412,1061.31295790055,322.542875111559,3492.20299539412,17.094605834963,17.094605834963,879.885691072066,1242.74022472904
"KER3",137.1,6492,-6.057351532,1052.14535045114,300.354642006747,3685.67581003488,1052.14535045114,300.354642006747,3685.67581003488,18.0154780593442,18.0154780593442,862.596335688206,1241.69436521408,1074.16784817857,305.934385872879,3771.5164405874,1074.16784817857,305.934385872879,3771.5164405874,17.9950799385635,17.9950799385635,880.870485224487,1267.46521113265,918.671855897326,255.488779319589,3303.30741359932,918.671855897326,255.488779319589,3303.30741359932,18.7566146659748,18.7566146659748,746.360115841905,1090.98359595275,1070.28974139885,305.014592676504,3755.6240194663,1070.28974139885,305.014592676504,3755.6240194663,17.9957253653025,17.9957253653025,877.683338923703,1262.89614387399,657.159716454376,200.510283832008,2153.79922005505,657.159716454376,200.510283832008,2153.79922005505,18.2964687487734,18.2964687487734,536.922694303773,777.396738604978,881.353167041172,256.327902493521,3030.42859359854,881.353167041172,256.327902493521,3030.42859359854,18.2114354533945,18.2114354533945,720.846103909021,1041.86023017332,734.681981491931,223.276684637699,2417.4383223432,734.681981491931,223.276684637699,2417.4383223432,18.0473857907374,18.0473857907374,602.091089957048,867.272873026815,734.681981491931,223.276684637699,2417.4383223432,734.681981491931,223.276684637699,2417.4383223432,18.0473857907374,18.0473857907374,602.091089957048,867.272873026815
"KER3",141,6775,-6.487512222,776.574558942282,221.687786333555,2720.34853868319,776.574558942282,221.687786333555,2720.34853868319,18.8376086234818,18.8376086234818,630.286482859205,922.862635025359,801.485021962682,228.271427408896,2814.09832024157,801.485021962682,228.271427408896,2814.09832024157,18.783178422756,18.783178422756,650.940660255766,952.029383669598,667.839145880632,185.730527247097,2401.37758386482,667.839145880632,185.730527247097,2401.37758386482,19.676217470553,19.676217470553,536.433663183676,799.244628577589,797.409128559196,227.248203113789,2798.09173228597,797.409128559196,227.248203113789,2798.09173228597,18.7884439065882,18.7884439065882,647.588361733837,947.229895384554,698.848847406068,213.230326266949,2290.43269815833,698.848847406068,213.230326266949,2290.43269815833,18.1246420015708,18.1246420015708,572.184995681614,825.512699130521,564.234313913856,164.098801262551,1940.05293486865,564.234313913856,164.098801262551,1940.05293486865,19.4934392751052,19.4934392751052,454.245640561752,674.22298726596,705.999142327178,214.559703146337,2323.05871819165,705.999142327178,214.559703146337,2323.05871819165,18.1569522621016,18.1569522621016,577.811215083986,834.187069570371,705.999142327178,214.559703146337,2323.05871819165,705.999142327178,214.559703146337,2323.05871819165,18.1569522621016,18.1569522621016,577.811215083986,834.187069570371
"KER3",148.9,7444,-5.697995772,1355.99677215049,387.094734474595,4750.0704151356,1355.99677215049,387.094734474595,4750.0704151356,17.3817507357017,17.3817507357017,1120.30079323113,1591.69275106985,1371.87788148097,390.725358122707,4816.80772074606,1371.87788148097,390.725358122707,4816.80772074606,17.3856873555171,17.3856873555171,1133.3674821072,1610.38828085475,1199.09497530089,333.476321889322,4311.63673524338,1199.09497530089,333.476321889322,4311.63673524338,18.0518028984473,18.0518028984473,982.636713794389,1415.55323680739,1368.6177918361,390.033074372094,4802.45082585833,1368.6177918361,390.033074372094,4802.45082585833,17.3830259409415,17.3830259409415,1130.71060604889,1606.52497762331,1267.84257298281,386.83971003986,4155.27348446739,1267.84257298281,386.83971003986,4155.27348446739,16.6137102132359,16.6137102132359,1057.20688194742,1478.47826401821,1089.90280358802,316.981330541329,3747.50184574086,1089.90280358802,316.981330541329,3747.50184574086,17.6584001237688,17.6584001237688,897.443405570272,1282.36220160576,1301.59704730468,395.567443843183,4282.84708441247,1301.59704730468,395.567443843183,4282.84708441247,16.6081203286093,16.6081203286093,1085.4262434947,1517.76785111467,1301.59704730468,395.567443843183,4282.84708441247,1301.59704730468,395.567443843183,4282.84708441247,16.6081203286093,16.6081203286093,1085.4262434947,1517.76785111467
"KER3",152.8,7693,-5.439231627,1627.79211068673,464.683816220906,5702.1722365177,1627.79211068673,464.683816220906,5702.1722365177,16.9523468598868,16.9523468598868,1351.84314592524,1903.74107544821,1636.13415690115,465.988345625835,5744.63933380874,1636.13415690115,465.988345625835,5744.63933380874,16.9718291931862,16.9718291931862,1358.45226242051,1913.81605138179,1452.65231424681,403.99231146597,5223.36362894956,1452.65231424681,403.99231146597,5223.36362894956,17.5762227407433,17.5762227407433,1197.33090784623,1707.97372064739,1633.70143425596,465.57745837434,5732.6237090801,1633.70143425596,465.57745837434,5732.6237090801,16.9670539908102,16.9670539908102,1356.51042985711,1910.89243865482,1799.01178737095,548.908210699674,5896.14683841992,1799.01178737095,548.908210699674,5896.14683841992,15.8380613041144,15.8380613041144,1514.08319761889,2083.940377123,1848.85077785381,537.709580714132,6357.0546655145,1848.85077785381,537.709580714132,6357.0546655145,16.4178205718833,16.4178205718833,1545.3097745039,2152.39178120371,1768.14044286459,537.35431928648,5817.98733812105,1768.14044286459,537.35431928648,5817.98733812105,15.9277396352908,15.9277396352908,1486.51563673884,2049.76524899034,1768.14044286459,537.35431928648,5817.98733812105,1768.14044286459,537.35431928648,5817.98733812105,15.9277396352908,15.9277396352908,1486.51563673884,2049.76524899034
"KER3",154.2,7771,-5.360364835,1720.99842156565,491.291307405279,6028.6748867473,1720.99842156565,491.291307405279,6028.6748867473,16.8256591151792,16.8256591151792,1431.4290937754,2010.5677493559,1726.37774542605,491.690675928445,6061.4940770934,1726.37774542605,491.690675928445,6061.4940770934,16.8495820080942,16.8495820080942,1435.490311441,2017.2651794111,1540.11281068293,428.315659710185,5537.84905094209,1540.11281068293,428.315659710185,5537.84905094209,17.4362171145751,17.4362171145751,1271.57539720287,1808.65022416299,1724.27914113434,491.39058289609,6050.45896286476,1724.27914113434,491.39058289609,6050.45896286476,16.8442028461912,16.8442028461912,1433.83806496711,2014.72021730157,1814.96529110686,553.775888194366,5948.43343335751,1814.96529110686,553.775888194366,5948.43343335751,15.8194265777749,15.8194265777749,1527.84818946811,2102.08239274561,2152.69219965434,626.077146921723,7401.77744745575,2152.69219965434,626.077146921723,7401.77744745575,16.0923190045831,16.0923190045831,1806.27410369919,2499.1102956095,1808.70404427026,549.681974880305,5951.46006101426,1808.70404427026,549.681974880305,5951.46006101426,15.8795718407423,15.8795718407423,1521.48958617395,2095.91850236656,1808.70404427026,549.681974880305,5951.46006101426,1808.70404427026,549.681974880305,5951.46006101426,15.8795718407423,15.8795718407423,1521.48958617395,2095.91850236656
"KER3",157,7926,-5.346834921,1737.5163932136,496.006672500864,6086.53750858715,1737.5163932136,496.006672500864,6086.53750858715,16.8041153657183,16.8041153657183,1445.54213399972,2029.49065242748,1742.35216570818,496.240360102083,6117.58194904475,1742.35216570818,496.240360102083,6117.58194904475,16.8287867706562,16.8287867706562,1449.13543494724,2035.56889646911,1555.63761538738,432.633211595173,5593.67225064684,1555.63761538738,432.633211595173,5593.67225064684,17.4124224276174,17.4124224276174,1284.76342235322,1826.51180842155,1740.31523759452,495.96060093955,6106.72928548378,1740.31523759452,495.96060093955,6106.72928548378,16.8233057970055,16.8233057970055,1447.53668334211,2033.09379184693,1829.29497866591,558.14811255284,5995.39807393962,1829.29497866591,558.14811255284,5995.39807393962,15.802864573761,15.802864573761,1540.21397053273,2118.3759867991,2103.638897789,611.810754687908,7233.11347239773,2103.638897789,611.810754687908,7233.11347239773,16.1407985383384,16.1407985383384,1764.09478132276,2443.18301425525,1829.84909079448,556.108151108081,6021.03689436954,1829.84909079448,556.108151108081,6021.03689436954,15.8550022079206,15.8550022079206,1539.7264770474,2119.97170454156,1829.84909079448,556.108151108081,6021.03689436954,1829.84909079448,556.108151108081,6021.03689436954,15.8550022079206,15.8550022079206,1539.7264770474,2119.97170454156
"KER3",160.9,8255,-5.87192068,1199.30910365498,342.365298035359,4201.19192676225,1199.30910365498,342.365298035359,4201.19192676225,17.6828051324529,17.6828051324529,987.237611919899,1411.38059539005,1218.69397515745,347.09695834686,4278.96289313163,1218.69397515745,347.09695834686,4278.96289313163,17.6753880341418,17.6753880341418,1003.28508609966,1434.10286421524,1054.04497963543,293.136949245014,3790.07430471018,1054.04497963543,293.136949245014,3790.07430471018,18.3861885011943,18.3861885011943,860.246282792288,1247.84367647858,1215.06983637535,346.274487066604,4263.65430435318,1215.06983637535,346.274487066604,4263.65430435318,17.6742697937254,17.6742697937254,1000.31511531219,1429.8245574385,999.144501242268,304.855490251563,3274.63262524445,999.144501242268,304.855490251563,3274.63262524445,17.1866054655951,17.1866054655951,827.425477782571,1170.86352470197,868.202063608079,252.503107979198,2985.21008032671,868.202063608079,252.503107979198,2985.21008032671,18.2518984135958,18.2518984135958,709.73870493359,1026.66542228257,1044.13732554928,317.323040755257,3435.68734249608,1044.13732554928,317.323040755257,3435.68734249608,17.1347315267082,17.1347315267082,865.22719804626,1223.0474530523,1044.13732554928,317.323040755257,3435.68734249608,1044.13732554928,317.323040755257,3435.68734249608,17.1347315267082,17.1347315267082,865.22719804626,1223.0474530523
"KER3",163.5,8724,-6.020862156,1079.60238123385,308.19276688918,3781.85806672385,1079.60238123385,308.19276688918,3781.85806672385,17.9490285635797,17.9490285635797,885.824241453097,1273.3805210146,1101.18480526138,313.629101542596,3866.37582218709,1101.18480526138,313.629101542596,3866.37582218709,17.9312597729165,17.9312597729165,903.728497250082,1298.64111327269,943.860958689676,262.494037054721,3393.88094043781,943.860958689676,262.494037054721,3393.88094043781,18.6825466918793,18.6825466918793,767.523694376057,1120.19822300329,1097.34705799809,312.725473274734,3850.5675699759,1097.34705799809,312.725473274734,3850.5675699759,17.9315480265862,17.9315480265862,900.575743274828,1294.11837272134,1020.36729918563,311.330916442159,3344.18899717855,1020.36729918563,311.330916442159,3344.18899717855,17.1344632356548,17.1344632356548,845.532839438027,1195.20175893324,674.138760922691,196.062805511905,2317.9463733155,674.138760922691,196.062805511905,2317.9463733155,18.9608208115421,18.9608208115421,546.316518442989,801.961003402393,1032.82500584971,313.885121626012,3398.46465860662,1032.82500584971,313.885121626012,3398.46465860662,17.1616265456361,17.1616265456361,855.575435475834,1210.07457622358,1032.82500584971,313.885121626012,3398.46465860662,1032.82500584971,313.885121626012,3398.46465860662,17.1616265456361,17.1616265456361,855.575435475834,1210.07457622358
"KER3",164.9,8976,-6.335572261,864.509614870242,246.790498835931,3028.38592947599,864.509614870242,246.790498835931,3028.38592947599,18.5387832165148,18.5387832165148,704.240051483521,1024.77917825696,888.825211647063,253.146838955072,3120.75892442669,888.825211647063,253.146838955072,3120.75892442669,18.4970438544517,18.4970438544517,724.418822459283,1053.23160083484,747.460666694177,207.873804010868,2687.67606824424,747.460666694177,207.873804010868,2687.67606824424,19.341273482484,19.341273482484,602.892254974858,892.029078413495,884.768035995286,252.144023878602,3104.63228704501,884.768035995286,252.144023878602,3104.63228704501,18.5005871277681,18.5005871277681,721.080754617336,1048.45531737324,700.301734253935,213.673626041642,2295.19444249751,700.301734253935,213.673626041642,2295.19444249751,18.1188965333071,18.1188965333071,573.414787603509,827.188680904361,561.483955159274,163.298902065464,1930.5961516809,561.483955159274,163.298902065464,1930.5961516809,19.5084857664905,19.5084857664905,451.946937685899,671.020972632649,728.903708935086,221.520613886099,2398.42517397729,728.903708935086,221.520613886099,2398.42517397729,18.0690049809778,18.0690049809778,597.198061461073,860.609356409098,728.903708935086,221.520613886099,2398.42517397729,728.903708935086,221.520613886099,2398.42517397729,18.0690049809778,18.0690049809778,597.198061461073,860.609356409098
"KER3",167,9355,-6.57676386,729.151047248745,208.149854648254,2554.2234973086,729.151047248745,208.149854648254,2554.2234973086,19.0176772077211,19.0176772077211,590.483454726261,867.818639771228,754.237671223581,214.814881249004,2648.20789595744,754.237671223581,214.814881249004,2648.20789595744,18.9554230438567,18.9554230438567,611.268729887018,897.206612560145,625.082958031565,173.839745819764,2247.63734311137,625.082958031565,173.839745819764,2247.63734311137,19.8784325048524,19.8784325048524,500.826264119926,749.339651943205,750.171416425154,213.786248870722,2632.33560153639,750.171416425154,213.786248870722,2632.33560153639,18.9617498865713,18.9617498865713,607.925788722067,892.41704412824,759.955081809669,231.874847678392,2490.70449921922,759.955081809669,231.874847678392,2490.70449921922,17.8955999364511,17.8955999364511,623.956560672281,895.953602947057,736.644771545952,214.241709492118,2532.8658958724,736.644771545952,214.241709492118,2532.8658958724,18.7061668317784,18.7061668317784,598.846771622994,874.442771468911,744.75659190698,226.338452408185,2450.5883789848,744.75659190698,226.338452408185,2450.5883789848,18.0102168624448,18.0102168624448,610.62431460718,878.88886920678,744.75659190698,226.338452408185,2450.5883789848,744.75659190698,226.338452408185,2450.5883789848,18.0102168624448,18.0102168624448,610.62431460718,878.88886920678
"KER3",169.6,9823,-6.526133467,755.686054631587,215.72477064223,2647.17589669725,755.686054631587,215.72477064223,2647.17589669725,18.9151082095288,18.9151082095288,612.747219673703,898.624889589471,780.687209083788,222.347989911309,2741.07500890897,780.687209083788,222.347989911309,2741.07500890897,18.8573269265328,18.8573269265328,633.470469793233,927.903948374342,648.989864395305,180.488416163773,2333.60042178916,648.989864395305,180.488416163773,2333.60042178916,19.7632134016031,19.7632134016031,520.728612540086,777.251116250524,776.613771818296,221.321875858145,2725.12126620693,776.613771818296,221.321875858145,2725.12126620693,18.863047037955,18.863047037955,630.120750736974,923.106792899618,749.505222778347,228.686423087061,2456.45575014376,749.505222778347,228.686423087061,2456.45575014376,17.9330327468305,17.9330327468305,615.096205738301,883.914239818393,781.721945332364,227.351706527469,2687.85842493943,781.721945332364,227.351706527469,2687.85842493943,18.5393843356514,18.5393843356514,636.795509451066,926.648381213661,742.745329497659,225.727211062946,2443.97040964967,742.745329497659,225.727211062946,2443.97040964967,18.0175846269664,18.0175846269664,608.920561192578,876.57009780274,742.745329497659,225.727211062946,2443.97040964967,742.745329497659,225.727211062946,2443.97040964967,18.0175846269664,18.0175846269664,608.920561192578,876.57009780274
"KER3",175.1,10317,-6.656713389,689.134497094181,196.726379183704,2414.04511716133,689.134497094181,196.726379183704,2414.04511716133,19.1819267328082,19.1819267328082,556.945222771069,821.323771417292,714.284443728013,203.435778683029,2507.92790655953,714.284443728013,203.435778683029,2507.92790655953,19.1124202723018,19.1124202723018,577.767398903043,850.801488552984,589.112479482815,163.836115473448,2118.29676551771,589.112479482815,163.836115473448,2118.29676551771,20.0631339590039,20.0631339590039,470.918053554969,707.306905410662,710.237989164799,202.405893085872,2492.21005160579,710.237989164799,202.405893085872,2492.21005160579,19.1197306543505,19.1197306543505,574.442398631614,846.033579697983,758.54305891646,231.444016171217,2486.07668389526,758.54305891646,231.444016171217,2486.07668389526,17.9006187222473,17.9006187222473,622.759158095753,894.326959737167,563.150527693955,163.783598845533,1936.32646417227,563.150527693955,163.783598845533,1936.32646417227,19.4993568401132,19.4993568401132,453.33979675193,672.96125863598,731.076563012495,222.180964441615,2405.57485349567,731.076563012495,222.180964441615,2405.57485349567,18.0608492093358,18.0608492093358,599.037927362014,863.115198662977,731.076563012495,222.180964441615,2405.57485349567,731.076563012495,222.180964441615,2405.57485349567,18.0608492093358,18.0608492093358,599.037927362014,863.115198662977
"KER3",177.8,10540,-6.9042187,578.649796411303,165.186447265933,2027.01609259622,578.649796411303,165.186447265933,2027.01609259622,19.7088863674141,19.7088863674141,464.604365571326,692.69522725128,603.526580176476,171.89076546774,2119.04538320223,603.526580176476,171.89076546774,2119.04538320223,19.6153688642099,19.6153688642099,485.142615281308,721.910545071643,490.359803993027,136.372336809209,1763.20757565725,490.359803993027,136.372336809209,1763.20757565725,20.6573317265286,20.6573317265286,389.064552628632,591.655055357422,599.596234904452,170.874852187894,2103.97048078363,599.596234904452,170.874852187894,2103.97048078363,19.6259336915012,19.6259336915012,481.919875425367,717.272594383538,623.720932237204,190.307558457182,2044.20572921372,623.720932237204,190.307558457182,2044.20572921372,18.4449397994496,18.4449397994496,508.675981769486,738.765882704922,621.399331853918,180.724360337551,2136.6080859674,621.399331853918,180.724360337551,2136.6080859674,19.2009628351083,19.2009628351083,502.084677087036,740.713986620801,595.438214373734,180.95920923769,1959.26291140499,595.438214373734,180.95920923769,1959.26291140499,18.640953290809,18.640953290809,484.442854956699,706.43357379077,595.438214373734,180.95920923769,1959.26291140499,595.438214373734,180.95920923769,1959.26291140499,18.640953290809,18.640953290809,484.442854956699,706.43357379077
"KER3",179.1,10648,-6.937925826,565.04206890697,161.301865994593,1979.3480854423,565.04206890697,161.301865994593,1979.3480854423,19.7829000956637,19.7829000956637,453.260360916633,676.823776897307,589.835504851766,167.991402134061,2070.9745758661,589.835504851766,167.991402134061,2070.9745758661,19.6859194812113,19.6859194812113,473.720962295052,705.950047408481,478.25881817806,133.006971826508,1719.69554696296,478.25881817806,133.006971826508,1719.69554696296,20.7409880716273,20.7409880716273,379.063213748243,577.454422607877,585.926294655166,166.979148907025,2056.0029501617,585.926294655166,166.979148907025,2056.0029501617,19.6969534575388,19.6969534575388,470.516665101456,701.335924208875,686.009496046255,209.312828098825,2248.3525397853,686.009496046255,209.312828098825,2248.3525397853,18.1761028736711,18.1761028736711,561.319704321735,810.699287770775,559.196779678658,162.633712541554,1922.73196938233,559.196779678658,162.633712541554,1922.73196938233,19.5210723577612,19.5210723577612,450.035571695317,668.357987661999,638.077982344434,193.9178311531,2099.56716786554,638.077982344434,193.9178311531,2099.56716786554,18.4413295661259,18.4413295661259,520.40791873141,755.748045957457,638.077982344434,193.9178311531,2099.56716786554,638.077982344434,193.9178311531,2099.56716786554,18.4413295661259,18.4413295661259,520.40791873141,755.748045957457
"KER3",184.3,10776,-5.611853516,1441.0230763182,411.367089181575,5047.91841907653,1441.0230763182,411.367089181575,5047.91841907653,17.2364074332901,17.2364074332901,1192.64246767626,1689.40368496014,1454.73322559929,414.323438126783,5107.72155982871,1454.73322559929,414.323438126783,5107.72155982871,17.2456913564514,17.2456913564514,1203.85442345269,1705.6120277459,1278.1644762143,355.466078231693,4595.95029822039,1278.1644762143,355.466078231693,4595.95029822039,17.8906506179771,17.8906506179772,1049.4925354517,1506.8364169769,1451.70687790911,413.712067792417,5094.00866794646,1451.70687790911,413.712067792417,5094.00866794646,17.2423029625557,17.2423029625557,1201.39917989177,1702.01457592646,1956.74613670321,597.035565987535,6413.11114718901,1956.74613670321,597.035565987535,6413.11114718901,15.6624299135733,15.6624299135733,1650.27214445552,2263.22012895091,2084.28345177635,606.181523337999,7166.56206119044,2084.28345177635,606.181523337999,7166.56206119044,16.1603214856315,16.1603214856315,1747.45654529747,2421.11035825522,1809.24317763779,549.845822523114,5953.23405533611,1809.24317763779,549.845822523114,5953.23405533611,15.8789408789432,15.8789408789432,1521.95452310437,2096.53183217121,1809.24317763779,549.845822523114,5953.23405533611,1809.24317763779,549.845822523114,5953.23405533611,15.8789408789432,15.8789408789432,1521.95452310437,2096.53183217121
"KER3",187,10810,-6.175250443,968.113949127599,276.366300993753,3391.31296082521,968.113949127599,276.366300993753,3391.31296082521,18.2335833114803,18.2335833114803,791.592085663357,1144.63581259184,991.323519046411,282.339443053586,3480.64127628121,991.323519046411,282.339443053586,3480.64127628121,18.204427305443,18.204427305443,810.858749659848,1171.78828843297,841.789146053895,234.107184180273,3026.8569881584,841.789146053895,234.107184180273,3026.8569881584,18.9999982644801,18.9999982644801,681.849222913073,1001.72906919472,987.343505925851,281.376309276928,3464.56743710614,987.343505925851,281.376309276928,3464.56743710614,18.2062621906751,18.2062621906751,807.585158514387,1167.10185333731,1484.70522474142,453.008087023293,4866.02704790371,1484.70522474142,453.008087023293,4866.02704790371,16.2545006149798,16.2545006149798,1243.37380485519,1726.03664462765,1066.23992157181,310.099348220292,3666.13982544017,1066.23992157181,310.099348220292,3666.13982544017,17.7139954349125,17.7139954349125,877.366230539361,1255.11361260425,1353.15873598566,411.237520411048,4452.50852340543,1353.15873598566,411.237520411048,4452.50852340543,16.5186332096494,16.5186332096494,1129.63540764386,1576.68206432746,1353.15873598566,411.237520411048,4452.50852340543,1353.15873598566,411.237520411048,4452.50852340543,16.5186332096494,16.5186332096494,1129.63540764386,1576.68206432746
"KER3",190.9,10859,-4.942428734,2311.66471294394,659.908088742866,8097.7848828163,2311.66471294394,659.908088742866,8097.7848828163,16.1847073654104,16.1847073654104,1937.52854388451,2685.80088200337,2294.55448760404,653.513432940049,8056.42245622642,2294.55448760404,653.513432940049,8056.42245622642,16.2300746846588,16.2300746846588,1922.14658058571,2666.96239462236,2099.44941390897,583.870905111059,7549.07943344825,2099.44941390897,583.870905111059,7549.07943344825,16.7300103686782,16.7300103686782,1748.21130927685,2450.68751854109,2295.06641101688,654.055364117493,8053.33939594704,2295.06641101688,654.055364117493,8053.33939594704,16.2217779869762,16.2217779869762,1922.76583316806,2667.3669888657,3876.61913782319,1182.82052927309,12705.3729351253,3876.61913782319,1182.82052927309,12705.3729351253,14.3664766501209,14.3664766501209,3319.6855545737,4433.55272107268,2628.58140447503,764.48214307158,9038.06617665496,2628.58140447503,764.48214307158,9038.06617665496,15.6841455211341,15.6841455211342,2216.3108718557,3040.85193709437,3469.82354495444,1054.51163484641,11417.2997577915,3469.82354495444,1054.51163484641,11417.2997577915,14.6104831271352,14.6104831271352,2962.8655613775,3976.78152853137,3469.82354495444,1054.51163484641,11417.2997577915,3469.82354495444,1054.51163484641,11417.2997577915,14.6104831271352,14.6104831271352,2962.8655613775,3976.78152853137
"KER3",194.5,10907,-5.003478896,2214.14526108719,632.069330496615,7756.17325609366,2214.14526108719,632.069330496615,7756.17325609366,16.2752719584217,16.2752719584217,1853.78709829075,2574.50342388364,2201.14642139218,626.909825858945,7728.45689851692,2201.14642139218,626.909825858945,7728.45689851692,16.3177129019522,16.3177129019522,1841.96966779781,2560.32317498655,2006.55263123899,558.035689353974,7215.0465261339,2006.55263123899,558.035689353974,7215.0465261339,16.8295806702794,16.8295806702794,1668.85823747301,2344.24702500497,2201.17462611809,627.297783044966,7723.87511262543,2201.17462611809,627.297783044966,7723.87511262543,16.3098144164273,16.3098144164273,1842.16712961674,2560.18212261944,3073.72996981371,937.845782750569,10073.9546960716,3073.72996981371,937.845782750569,10073.9546960716,14.7816426350723,14.7816426350723,2619.38219010874,3528.07774951869,2430.09606775588,706.755760573015,8355.59782878135,2430.09606775588,706.755760573015,8355.59782878135,15.8421069197496,15.8421069197496,2045.11765044936,2815.0744850624,2810.09916417422,854.015261958457,9246.50608044613,2810.09916417422,854.015261958457,9246.50608044613,14.9984854373169,14.9984854373169,2388.62685026139,3231.57147808706,2810.09916417422,854.015261958457,9246.50608044613,2810.09916417422,854.015261958457,9246.50608044613,14.9984854373169,14.9984854373169,2388.62685026139,3231.57147808706
"KER3",198.1,10955,-3.872813414,4919.05993890672,1404.23800411849,17231.5167454443,4919.05993890672,1404.23800411849,17231.5167454443,14.7469874457763,14.7469874457763,4193.64678726594,5644.47309054751,4752.58041275818,1353.5852635639,16686.8103456318,4752.58041275818,1353.5852635639,16686.8103456318,14.8342213278156,14.8342213278156,4047.57211554722,5457.58870996915,4639.42174653907,1290.25417635576,16682.1658373186,4639.42174653907,1290.25417635576,16682.1658373186,15.158708840737,15.158708840737,3936.14531208738,5342.69818099076,4771.18497526769,1359.70754976453,16741.9869604772,4771.18497526769,1359.70754976453,16741.9869604772,14.82022656063,14.82022656063,4064.08455230628,5478.2853982291,4800.93613350414,1464.84491164803,15734.7631648283,4800.93613350414,1464.84491164803,15734.7631648283,14.0040379960161,14.0040379960161,4128.61121320375,5473.26105380452,4076.42346826909,1185.56455728713,14016.2998214786,4076.42346826909,1185.56455728713,14016.2998214786,14.8563045164228,14.8563045164228,3470.81758444411,4682.02935209407,4689.5426461273,1425.19560962706,15430.7311089749,4689.5426461273,1425.19560962706,15430.7311089749,14.0898291486947,14.0898291486947,4028.79409943279,5350.29119282181,4689.5426461273,1425.19560962706,15430.7311089749,4689.5426461273,1425.19560962706,15430.7311089749,14.0898291486947,14.0898291486947,4028.79409943279,5350.29119282181
"KER3",202.1,11010,-5.874442846,1197.1754519422,341.75620709932,4193.71772322047,1197.1754519422,341.75620709932,4193.71772322047,17.6872475931734,17.6872475931734,985.428065632495,1408.92283825191,1216.60329211397,346.501509661587,4271.62228478639,1216.60329211397,346.501509661587,4271.62228478639,17.6796601541523,17.6796601541523,1001.51196464399,1431.69461958395,1052.07607048168,292.589382458185,3782.99461443497,1052.07607048168,292.589382458185,3782.99461443497,18.3911287321905,18.3911287321905,858.58740599882,1245.56473496453,1212.97483380364,345.677446535103,4256.30298472933,1212.97483380364,345.677446535103,4256.30298472933,17.6785650619093,17.6785650619093,998.538288625078,1427.4113789822,2023.50083226828,617.403526195273,6631.89542084897,2023.50083226828,617.403526195273,6631.89542084897,15.5934107739409,15.5934107739409,1707.96803547858,2339.03362905799,1743.86332273153,507.175607312789,5996.06772194934,1743.86332273153,507.175607312789,5996.06772194934,16.5464145216368,16.5464145216369,1455.31646866159,2032.41017680148,1770.79505209038,538.161079710546,5826.72221148794,1770.79505209038,538.161079710546,5826.72221148794,15.9245447301706,15.9245447301706,1488.8040019406,2052.78610224016,1770.79505209038,538.161079710546,5826.72221148794,1770.79505209038,538.161079710546,5826.72221148794,15.9245447301706,15.9245447301706,1488.8040019406,2052.78610224016
"KER3",207.5,11085,-6.391958642,830.770500144194,237.159035159527,2910.19746916063,830.770500144194,237.159035159527,2910.19746916063,18.6485673133671,18.6485673133671,675.843704205208,985.69729608318,855.35375592754,243.613813676772,3003.23711836013,855.35375592754,243.613813676772,3003.23711836013,18.6022080619134,18.6022080619134,696.239070584508,1014.46844127057,716.861027914655,199.363840078465,2577.64764733966,716.861027914655,199.363840078465,2577.64764733966,19.46423525902,19.46423525902,577.329510961117,856.392544868192,851.284028235203,242.601644284483,2987.13761345559,851.284028235203,242.601644284483,2987.13761345559,18.606378367837,18.606378367837,692.890900956797,1009.67715551361,1002.10233068102,305.757972867951,3284.32672331335,1002.10233068102,305.757972867951,3284.32672331335,17.1792531535721,17.1792531535721,829.94863443548,1174.25602692656,996.862499191511,289.922000677706,3427.59376650079,996.862499191511,289.922000677706,3427.59376650079,17.8866063867591,17.8866063867591,818.557627743915,1175.16737063911,943.326190228203,286.685599473053,3103.97279391112,943.326190228203,286.685599473053,3103.97279391112,17.3887329906763,17.3887329906763,779.293717778302,1107.3586626781,943.326190228203,286.685599473053,3103.97279391112,943.326190228203,286.685599473053,3103.97279391112,17.3887329906763,17.3887329906763,779.293717778302,1107.3586626781
"PB1",5.7,-55.5,-7.17336619,478.510926699773,136.59992701921,1676.22861862053,478.510926699773,136.59992701921,1676.22861862053,20.3157970742791,20.3157970742791,381.297617853195,575.724235546352,502.485015355367,143.113057092278,1764.27780795626,502.485015355367,143.113057092278,1764.27780795626,20.1932245571356,20.1932245571356,401.017087838701,603.952942872034,401.664906043788,111.705693259111,1444.28356371179,401.664906043788,111.705693259111,1444.28356371179,21.3447631729049,21.3447631729049,315.93048310007,487.399328987505,498.750136655277,142.135408660869,1750.1036593012,498.750136655277,142.135408660869,1750.1036593012,20.2077235962223,20.2077235962223,397.964087604198,599.536185706356,390.833786949143,119.249843820504,1280.93290630158,390.833786949143,119.249843820504,1280.93290630158,19.8895004987429,19.8895004987429,313.098898944637,468.568674953649,604.021800477711,175.670374790381,2076.85750023409,604.021800477711,175.670374790381,2076.85750023409,19.2860100192513,19.2860100192513,487.530095519117,720.513505436304,407.219393932489,123.757759803475,1339.93726985746,407.219393932489,123.757759803475,1339.93726985746,19.8195407509835,19.8195407509835,326.510380206131,487.928407658847,407.219393932489,123.757759803475,1339.93726985746,407.219393932489,123.757759803475,1339.93726985746,19.8195407509835,19.8195407509835,326.510380206131,487.928407658847
"PB1",10.4,-2.1,-6.372766997,842.103480236804,240.394247078799,2949.89701311151,842.103480236804,240.394247078799,2949.89701311151,18.6110555747564,18.6110555747564,685.379133532975,998.827826940633,866.602154767581,246.817476863132,3042.73143130892,866.602154767581,246.817476863132,3042.73143130892,18.5662804365766,18.5662804365766,705.706368444016,1027.49794109115,727.132648682789,202.220446422545,2614.58175043126,727.132648682789,202.220446422545,2614.58175043126,19.422208909836,19.422208909836,585.907426603994,868.357870761584,862.5359183831,245.808243915921,3026.62025751851,862.5359183831,245.808243915921,3026.62025751851,18.5702357509735,18.5702357509735,702.360964902534,1022.71087186367,996.08973214032,303.923429742776,3264.62081358819,996.08973214032,303.923429742776,3264.62081358819,17.1942282632754,17.1942282632754,824.819789889065,1167.35967439157,1068.80203881936,310.844500293906,3674.94936247649,1068.80203881936,310.844500293906,3674.94936247649,17.7078995173549,17.7078995173549,879.539647745784,1258.06442989293,973.231257608985,295.774027482528,3202.37408554448,973.231257608985,295.774027482528,3202.37408554448,17.3098599751717,17.3098599751717,804.766289682267,1141.6962255357,973.231257608985,295.774027482528,3202.37408554448,973.231257608985,295.774027482528,3202.37408554448,17.3098599751717,17.3098599751717,804.766289682267,1141.6962255357
"PB1",13.2,29.6,-6.586683143,724.062622892964,206.697268391894,2536.39869529693,724.062622892964,206.697268391894,2536.39869529693,19.0379025260149,19.0379025260149,586.216286519295,861.908959266633,749.161740782092,213.369202470791,2630.38576960743,749.161740782092,213.369202470791,2630.38576960743,18.9747612858789,18.9747612858789,607.010088823555,891.313392740629,620.503427217362,172.566147711728,2231.17052964337,620.503427217362,172.566147711728,2231.17052964337,19.9011632868184,19.9011632868184,497.016026966531,743.990827468194,745.097395920335,212.340238283452,2614.53097112084,745.097395920335,212.340238283452,2614.53097112084,18.981208445777,18.981208445777,603.66890607664,886.525885764031,795.317481685668,242.664499963187,2606.60251817134,795.317481685668,242.664499963187,2606.60251817134,17.7737313684578,17.7737313684578,653.959888964473,936.675074406862,1033.03634614122,300.442603156359,3551.97325957606,1033.03634614122,300.442603156359,3551.97325957606,17.7947416930021,17.7947416930021,849.210196750565,1216.86249553188,792.223886179025,240.7642044489,2606.7773956232,792.223886179025,240.7642044489,2606.7773956232,17.8435028619506,17.8435028619506,650.863394375614,933.584377982435,792.223886179025,240.7642044489,2606.7773956232,792.223886179025,240.7642044489,2606.7773956232,17.8435028619506,17.8435028619506,650.863394375614,933.584377982435
"PB1",20.1,112.8,-5.608238469,1444.70559151938,412.418332276895,5060.81830709225,1444.70559151938,412.418332276895,5060.81830709225,17.2303610789996,17.2303610789996,1195.77760157209,1693.63358146667,1458.31769155413,415.344332014487,5120.30699729297,1458.31769155413,415.344332014487,5120.30699729297,17.2398655595519,17.2398655595519,1206.90568209903,1709.72970100922,1281.59437694492,356.419956534623,4608.28333796535,1281.59437694492,356.419956534623,4608.28333796535,17.8839505834551,17.8839505834551,1052.39467189175,1510.79408199809,1455.30200638099,414.736618999492,5106.6238975612,1455.30200638099,414.736618999492,5106.6238975612,17.2364471778713,17.2364471778713,1204.45964477263,1706.14436798935,1418.6324349405,432.848187527271,4649.47767706296,1418.6324349405,432.848187527271,4649.47767706296,16.3564582482763,16.3564582482763,1186.59441302295,1650.67045685805,1864.96418054956,542.395914035996,6412.45869433681,1864.96418054956,542.395914035996,6412.45869433681,16.3989031153942,16.3989031153942,1559.13051144443,2170.79784965469,1490.05660029891,452.842054138379,4902.96484569843,1490.05660029891,452.842054138379,4902.96484569843,16.3007551686024,16.3007551686024,1247.16612201058,1732.94707858723,1490.05660029891,452.842054138379,4902.96484569843,1490.05660029891,452.842054138379,4902.96484569843,16.3007551686024,16.3007551686024,1247.16612201058,1732.94707858723
"PB1",22.9,145.3,-5.629025967,1423.6579248369,406.40988069862,4987.08811770726,1423.6579248369,406.40988069862,4987.08811770726,17.2651873044128,17.2651873044128,1177.8607175397,1669.45513213411,1437.82600358131,409.508082134086,5048.35852274505,1437.82600358131,409.508082134086,5048.35852274505,17.2734193292408,17.2734193292408,1189.46428875784,1686.18771840477,1261.99647010907,350.969647740936,4537.81431191834,1261.99647010907,350.969647740936,4537.81431191834,17.9225462805014,17.9225462805015,1035.81456869548,1488.17837152267,1434.7499689818,408.879633667843,5034.50723389543,1434.7499689818,408.879633667843,5034.50723389543,17.2701739526195,17.2701739526195,1186.96615355349,1682.53378441011,1701.1257596964,519.041566867475,5575.3316016047,1701.1257596964,519.041566867475,5575.3316016047,15.9571755357329,15.9571755357329,1429.67413613808,1972.57738325472,1985.13929779669,577.346983468565,6825.66661729394,1985.13929779669,577.346983468565,6825.66661729394,16.2640412278011,16.2640412278011,1662.27542397376,2308.00317161963,1728.7780588845,525.391724836207,5688.46716763991,1728.7780588845,525.391724836207,5688.46716763991,15.9758391629752,15.9758391629752,1452.59125671231,2004.96486105669,1728.7780588845,525.391724836207,5688.46716763991,1728.7780588845,525.391724836207,5688.46716763991,15.9758391629752,15.9758391629752,1452.59125671231,2004.96486105669
"PB1",24.3,161.6,-5.941602631,1141.73623220335,325.930041075151,3999.51357544651,1141.73623220335,325.930041075151,3999.51357544651,17.8063672385547,17.8063672385547,938.434485801585,1345.03797860512,1162.23309776408,331.016302162191,4080.72280644482,1162.23309776408,331.016302162191,4080.72280644482,17.7941819486708,17.7941819486708,955.423225680263,1369.04296984789,1000.97980235588,278.379168999002,3599.26559277867,1000.97980235588,278.379168999002,3599.26559277867,18.5236598852316,18.5236598852316,815.561708247617,1186.39789646415,1158.49879532144,330.152690905322,4065.14772022897,1158.49879532144,330.152690905322,4065.14772022897,17.7937116259276,17.7937116259276,952.358860492099,1364.63873015078,1539.03844150406,469.586048882187,5044.10071394922,1539.03844150406,469.586048882187,5044.10071394922,16.1748958480011,16.1748958480011,1290.10057653008,1787.97630647804,1696.54443058259,493.41364125147,5833.3673095063,1696.54443058259,493.41364125147,5833.3673095063,16.6076250577009,16.6076250577009,1414.78869261412,1978.30016855105,1491.3772984048,453.243426571513,4907.31054396496,1491.3772984048,453.243426571513,4907.31054396496,16.2987788818971,16.2987788818971,1248.30101024299,1734.45358656661,1491.3772984048,453.243426571513,4907.31054396496,1491.3772984048,453.243426571513,4907.31054396496,16.2987788818971,16.2987788818971,1248.30101024299,1734.45358656661
"PB1",31,256.4,-5.752302347,1304.9912175923,372.534241408583,4571.3974413569,1304.9912175923,372.534241408583,4571.3974413569,17.4746458401231,17.4746458401231,1076.94862407333,1533.03381111126,1322.08613059003,376.544139837141,4641.98363956613,1322.08613059003,376.544139837141,4641.98363956613,17.4751190232245,17.4751190232245,1091.05000567988,1553.12225550018,1151.78069542821,320.317904624813,4141.50676939188,1151.78069542821,320.317904624813,4141.50676939188,18.1548985433132,18.1548985433132,942.676078731749,1360.88531212467,1318.6976931836,375.806685042263,4627.28225766442,1318.6976931836,375.806685042263,4627.28225766442,17.4729284093891,17.4729284093891,1088.28258931736,1549.11279704984,1453.82466616353,443.585918545361,4764.81797906613,1453.82466616353,443.585918545361,4764.81797906613,16.3014172411831,16.3014172411831,1216.83064137698,1690.81869095008,1761.29619219706,512.245687085173,6056.00858115581,1761.29619219706,512.245687085173,6056.00858115581,16.5243925200941,16.5243925200941,1470.25269595695,2052.33968843717,1470.32141230075,446.844347024368,4838.02708899925,1470.32141230075,446.844347024368,4838.02708899925,16.3305552854303,16.3305552854303,1230.20976119146,1710.43306341004,1470.32141230075,446.844347024368,4838.02708899925,1470.32141230075,446.844347024368,4838.02708899925,16.3305552854303,16.3305552854303,1230.20976119146,1710.43306341004
"PB1",39.2,472.8,-3.913848434,4778.59550694454,1364.13979510336,16739.4684188216,4778.59550694454,1364.13979510336,16739.4684188216,14.7974166803772,14.7974166803772,4071.48681831217,5485.70419557691,4621.65471227467,1316.29623667642,16227.1164228372,4621.65471227467,1316.29623667642,16227.1164228372,14.8833286648495,14.8833286648495,3933.79865169233,5309.51077285702,4500.41735502455,1251.59612660695,16182.341842423,4500.41735502455,1251.59612660695,16182.341842423,15.2135264703236,15.2135264703236,3815.74516944286,5185.08954060625,4639.09105969351,1322.06300334362,16278.4722102495,4639.09105969351,1322.06300334362,16278.4722102495,14.869513787922,14.869513787922,3949.28077493812,5328.90134444889,4859.343776297,1482.66604818626,15926.1905033317,4859.343776297,1482.66604818626,15926.1905033317,13.984088613135,13.984088613135,4179.80883660277,5538.87871599123,5996.82571010683,1744.08377183388,20619.3757307797,5996.82571010683,1744.08377183388,20619.3757307797,14.1970683106847,14.1970683106847,5145.45226757026,6848.19915264341,5129.64535132941,1558.94691344706,16878.8694492701,5129.64535132941,1558.94691344706,16878.8694492701,13.9418823971218,13.9418823971218,4414.47622905764,5844.81447360118,5129.64535132941,1558.94691344706,16878.8694492701,5129.64535132941,1558.94691344706,16878.8694492701,13.9418823971218,13.9418823971218,4414.47622905764,5844.81447360118
"PB1",44.7,613.7,-2.874285768,9955.04038715238,2841.85316255381,34872.6072183044,9955.04038715238,2841.85316255381,34872.6072183044,13.6176971672657,13.6176971672657,8599.39313435097,11310.6876399538,9378.71948013434,2671.1586920929,32929.6718114987,9378.71948013434,2671.1586920929,32929.6718114987,13.7317257008626,13.7317257008626,8090.85944686892,10666.5795133998,9726.03652675287,2704.87572236625,34972.3226607165,9726.03652675287,2704.87572236625,34972.3226607165,13.9367481026193,13.9367481026193,8370.54331565058,11081.5297378552,9447.869682337,2692.48411094023,33152.3744826304,9447.869682337,2692.48411094023,33152.3744826304,13.7140869090237,13.7140869090237,8152.18062305,10743.558741624,11779.0189464968,3593.97323525482,38604.986253353,11779.0189464968,3593.97323525482,38604.986253353,12.6632390968111,12.6632390968111,10287.4136140432,13270.6242789504,13100.2734999213,3810.01141642169,45043.7405602107,13100.2734999213,3810.01141642169,45043.7405602107,13.0269021888535,13.0269021888535,11393.7136846142,14806.8333152283,11764.2394787216,3575.26175170222,38709.7057849877,11764.2394787216,3575.26175170222,38709.7057849877,12.7072325120603,12.7072325120603,10269.3302148849,13259.1487425584,11764.2394787216,3575.26175170222,38709.7057849877,11764.2394787216,3575.26175170222,38709.7057849877,12.7072325120603,12.7072325120603,10269.3302148849,13259.1487425584
"PB1",47,672.7,-3.260884052,7577.17323413042,2163.04634448511,26542.9145179453,7577.17323413042,2163.04634448511,26542.9145179453,14.0337770122789,14.0337770122789,6513.80963861847,8640.53682964237,7208.51831039043,2053.06240182316,25309.8669505078,7208.51831039043,2053.06240182316,25309.8669505078,14.1385595839593,14.1385595839593,6189.33765395526,8227.6989668256,7302.50901086438,2030.87653244115,26257.9418304942,7302.50901086438,2030.87653244115,26257.9418304942,14.3857278051429,14.3857278051429,6251.9899416154,8353.02808011336,7252.0049508241,2066.69955863784,25447.1316776398,7252.0049508241,2066.69955863784,25447.1316776398,14.1221775293322,14.1221775293322,6227.86393723276,8276.14596441544,8711.7700938579,2658.10494840324,28552.273007064,8711.7700938579,2658.10494840324,28552.273007064,13.0842730807972,13.0842730807972,7571.89830460631,9851.64188310949,10734.772083325,3122.04200854271,36910.2437973672,10734.772083325,3122.04200854271,36910.2437973672,13.3064165925786,13.3064165925786,9306.35858965394,12163.185576996,8763.23755316897,2663.22936570568,28835.0426749378,8763.23755316897,2663.22936570568,28835.0426749378,13.1194526621866,13.1194526621866,7613.54875070601,9912.92635563193,8763.23755316897,2663.22936570568,28835.0426749378,8763.23755316897,2663.22936570568,28835.0426749378,13.1194526621866,13.1194526621866,7613.54875070601,9912.92635563193
"PB1",49.9,747.3,-1.980874967,18705.6935357484,5339.89137813383,65526.2337518979,18705.6935357484,5339.89137813383,65526.2337518979,12.7444927224908,12.7444927224908,16321.7477843936,21089.6392871033,17229.7862344763,4907.22569969274,60495.5940184978,17229.7862344763,4907.22569969274,60495.5940184978,12.8755386910498,12.8755386910498,15011.3584414712,19448.2140274815,18861.0551292346,5245.38541233615,67819.4970671546,18861.0551292346,5245.38541233615,67819.4970671546,12.9991814504324,12.9991814504324,16409.2723495193,21312.8379089499,17410.3128232665,4961.64661656811,61092.4187127335,17410.3128232665,4961.64661656811,61092.4187127335,12.8555909262214,12.8555909262214,15172.1142277319,19648.5114188011,15357.6815205975,4685.88229557188,50333.8254806331,15357.6815205975,4685.88229557188,50333.8254806331,12.3147199720859,12.3147199720859,13466.4260471312,17248.9369940639,19578.5592788628,5694.12038382286,67318.5597770232,19578.5592788628,5694.12038382286,67318.5597770232,12.4972387777449,12.4972387777449,17131.779976541,22025.3385811846,16034.3699225467,4872.99409370365,52760.3797314816,16034.3699225467,4872.99409370365,52760.3797314816,12.3008235394505,12.3008235394505,14062.0103727115,18006.7294723819,16034.3699225467,4872.99409370365,52760.3797314816,16034.3699225467,4872.99409370365,52760.3797314816,12.3008235394505,12.3008235394505,14062.0103727115,18006.7294723819
"PB1",51.2,778.9,-1.869579292,20234.777984541,5776.39723924726,70882.6320499076,20234.777984541,5776.39723924726,70882.6320499076,12.6434961730647,12.6434961730647,17676.3946044374,22793.1613646446,18585.9337955337,5293.47089586817,65257.1709276028,18585.9337955337,5293.47089586817,65257.1709276028,12.7763012068271,12.7763012068271,16211.3389117148,20960.5286793525,20483.1709058606,5696.50664460729,73652.2076658821,20483.1709058606,5696.50664460729,73652.2076658821,12.891147719319,12.891147719319,17842.6550867855,23123.6867249356,18787.8698804323,5354.22723135651,65926.2372311801,18787.8698804323,5354.22723135651,65926.2372311801,12.7561152515038,12.7561152515038,16391.2675451818,21184.4722156828,14435.3900875675,4404.47594581807,47311.0739038307,14435.3900875675,4404.47594581807,47311.0739038307,12.3943536663131,12.3943536663131,12646.2167870025,16224.5633881326,18912.3023017088,5500.34987290623,65027.713984717,18912.3023017088,5500.34987290623,65027.713984717,12.5411770116608,12.5411770116608,16540.4769930711,21284.1276103465,15582.3276235012,4735.6142363102,51272.9546896781,15582.3276235012,4735.6142363102,51272.9546896781,12.337261484977,12.337261484977,13659.895119144,17504.7601278583,15582.3276235012,4735.6142363102,51272.9546896781,15582.3276235012,4735.6142363102,51272.9546896781,12.337261484977,12.337261484977,13659.895119144,17504.7601278583
"PB1",53.9,844.3,-1.690983125,22953.9924689272,6552.64806110109,80408.0679063711,22953.9924689272,6552.64806110109,80408.0679063711,12.4847303585613,12.4847303585613,20088.2484026572,25819.7365351973,20988.7333740139,5977.81367773828,73693.6532976915,20988.7333740139,5977.81367773828,73693.6532976915,12.6202127240652,12.6202127240652,18339.9105741265,23637.5561739013,23382.746487224,6502.8979812656,84078.334745669,23382.746487224,6502.8979812656,84078.334745669,12.7214893940214,12.7214893940214,20408.1128728208,26357.3801016271,21229.8305265063,6050.14498426408,74495.0253847511,21229.8305265063,6050.14498426408,74495.0253847511,12.5996644919453,12.5996644919453,18554.9431079579,23904.7179450546,12899.5940117155,3935.87919625063,42277.5998373122,12899.5940117155,3935.87919625063,42277.5998373122,12.5416553917386,12.5416553917386,11281.7713838328,14517.4166395982,18350.6598533142,5337.00487554085,63096.5728727976,18350.6598533142,5337.00487554085,63096.5728727976,12.5796881472953,12.5796881472953,16042.2040707964,20659.1156358321,14657.134751654,4454.43952088167,48228.6487718711,14657.134751654,4454.43952088167,48228.6487718711,12.4159846369686,12.4159846369686,12837.3071526689,16476.9623506392,14657.134751654,4454.43952088167,48228.6487718711,14657.134751654,4454.43952088167,48228.6487718711,12.4159846369686,12.4159846369686,12837.3071526689,16476.9623506392
"PB1",55.2,876.3,-1.490975376,26435.2292791599,7546.43246116503,92602.8756817189,26435.2292791599,7546.43246116503,92602.8756817189,12.3115977313017,12.3115977313017,23180.6301909624,29689.8283673574,24050.1836026582,6849.74714434581,84442.7274660823,24050.1836026582,6849.74714434581,84442.7274660823,12.4498771063212,12.4498771063212,21055.9653002826,27044.4019050337,27119.8465629303,7542.21047397797,97515.9842243125,27119.8465629303,7542.21047397797,97515.9842243125,12.5367148971374,12.5367148971374,23719.9087187946,30519.784407066,24343.2107209122,6937.40602686987,85419.8105037409,24343.2107209122,6937.40602686987,85419.8105037409,12.428950783002,12.428950783002,21317.6050414076,27368.8164004168,17314.4757949677,5282.93254915669,56747.0943959672,17314.4757949677,5282.93254915669,56747.0943959672,12.1633905440204,12.1633905440204,15208.4484833759,19420.5031065595,19088.1906728174,5551.50427834239,65632.4853397441,19088.1906728174,5551.50427834239,65632.4853397441,12.5293987217694,12.5293987217694,16696.5551546485,21479.8261909863,18858.251036405,5731.19781830419,62052.2347032332,18858.251036405,5731.19781830419,62052.2347032332,12.0981368941514,12.0981368941514,16576.754010178,21139.748062632,18858.251036405,5731.19781830419,62052.2347032332,18858.251036405,5731.19781830419,62052.2347032332,12.0981368941514,12.0981368941514,16576.754010178,21139.748062632
"PB1",56.8,918.8,-1.359584645,29004.7484153778,8279.94993568248,101603.927218675,29004.7484153778,8279.94993568248,101603.927218675,12.20045179911,12.20045179911,25466.0380655065,32543.458765249,26300.4986957057,7490.66072892138,92343.8207489634,26300.4986957057,7490.66072892138,92343.8207489634,12.3404592945527,12.3404592945527,23054.8963598977,29546.1010315136,29894.2702542949,8313.79623408568,107492.097337301,29894.2702542949,8313.79623408568,107492.097337301,12.4182249521859,12.4182249521859,26181.9325263022,33606.6079822876,26632.9930656909,7589.9555208954,93454.6082232456,26632.9930656909,7589.9555208954,93454.6082232456,12.3192995950741,12.3192995950741,23351.9948587931,29913.9912725887,15951.2281172866,4866.98316586223,52279.1367421215,15951.2281172866,4866.98316586223,52279.1367421215,12.2664652695068,12.2664652695068,13994.5762602198,17907.8799743534,19338.8808138164,5624.41361868525,66494.4537308794,19338.8808138164,5624.41361868525,66494.4537308794,12.5128351195112,12.5128351195112,16919.0385436247,21758.723084008,17762.5599277853,5398.20710356962,58446.9119348034,17762.5599277853,5398.20710356962,58446.9119348034,12.1721458409169,12.1721458409169,15600.475228295,19924.6446272756,17762.5599277853,5398.20710356962,58446.9119348034,17762.5599277853,5398.20710356962,58446.9119348034,12.1721458409169,12.1721458409169,15600.475228295,19924.6446272756
"PB1",64.9,1274.3,-1.392325179,28341.9971870774,8090.75515586395,99282.3029590898,28341.9971870774,8090.75515586395,99282.3029590898,12.2279594926166,12.2279594926166,24876.349251643,31807.6451225117,25720.7877199238,7325.55289995376,90308.3944609233,25720.7877199238,7325.55289995376,90308.3944609233,12.3675442086008,12.3675442086008,22539.7579278619,28901.8175119858,29177.4457615883,8114.44255469261,104914.58106116,29177.4457615883,8114.44255469261,104914.58106116,12.4475407917328,12.4475407917328,25545.5712984289,32809.3202247477,26043.0164555175,7421.82210012141,91384.3928017705,26043.0164555175,7421.82210012141,91384.3928017705,12.3464415864666,12.3464415864666,22827.6306414832,29258.4022695519,20613.2329247873,6289.43783521054,67558.5613125485,20613.2329247873,6289.43783521054,67558.5613125485,11.9498567867383,11.9498567867383,18149.9811111584,23076.4847384161,19466.8488903316,5661.63114948439,66934.4568223091,19466.8488903316,5661.63114948439,66934.4568223091,12.5044792546391,12.5044792546391,17032.6208093081,21901.076971355,21739.7808453463,6606.92151731012,71533.7801373041,21739.7808453463,6606.92151731012,71533.7801373041,11.9258838718788,11.9258838718788,19147.1198277293,24332.4418629632,21739.7808453463,6606.92151731012,71533.7801373041,21739.7808453463,6606.92151731012,71533.7801373041,11.9258838718788,11.9258838718788,19147.1198277293,24332.4418629632
"PB1",67.5,1411.9,-1.891772669,19920.1993429317,5686.59486047609,69780.6598849058,19920.1993429317,5686.59486047609,69780.6598849058,12.6635078327507,12.6635078327507,17397.60333884,22442.7953470234,18307.2422276366,5214.09658410014,64278.6554824059,18307.2422276366,5214.09658410014,64278.6554824059,12.7959677748308,12.7959677748308,15964.653411728,20649.8310435452,20148.936043786,5603.55369696955,72450.3851754174,20148.936043786,5603.55369696955,72450.3851754174,12.9125470598397,12.9125470598397,17547.1951950751,22750.6768924969,18504.7358285184,5273.53878394181,64932.725843594,18504.7358285184,5273.53878394181,64932.725843594,12.7758285376766,12.7758285376766,16140.6025077169,20868.86914932,17331.1857227434,5288.03102411982,56801.8601226382,17331.1857227434,5288.03102411982,56801.8601226382,12.1621884210829,12.1621884210829,15223.3342595355,19439.0371859513,19630.1004782123,5709.11034246295,67495.7780932419,19630.1004782123,5709.11034246295,67495.7780932419,12.4939148766145,12.4939148766145,17177.5324342706,22082.6685221541,18043.6726516532,5483.63987390549,59371.9008261828,18043.6726516532,5483.63987390549,59371.9008261828,12.1526439161564,12.1526439161564,15850.8893649009,20236.4559384055,18043.6726516532,5483.63987390549,59371.9008261828,18043.6726516532,5483.63987390549,59371.9008261828,12.1526439161564,12.1526439161564,15850.8893649009,20236.4559384055
"PB1",71.4,1620.1,-1.611693313,24275.5719336128,6929.91772905041,85037.5741451642,24275.5719336128,6929.91772905041,85037.5741451642,12.4155154224645,12.4155154224645,21261.6345563037,27289.509310922,22152.7789433567,6309.34619101244,77780.7398827291,22152.7789433567,6309.34619101244,77780.7398827291,12.5521313290694,12.5521313290694,19372.1330373481,24933.4248493652,24798.3373521,6896.58325611261,89168.4349469004,24798.3373521,6896.58325611261,89168.4349469004,12.6475907195965,12.6475907195965,21661.9451385416,27934.7295656585,22413.3673830635,6387.43310191775,78648.0311312144,22413.3673830635,6387.43310191775,78648.0311312144,12.5314298177986,12.5314298177986,19604.6519796496,25222.0827864775,19797.3556929209,6040.50021588074,64884.5755193605,19797.3556929209,6040.50021588074,64884.5755193605,11.9986365866246,11.9986365866246,17421.9429295659,22172.7684562759,21010.9763631382,6110.716681923,72243.7564546727,21010.9763631382,6110.716681923,72243.7564546727,12.4085773802633,12.4085773802633,18403.8131027693,23618.139623507,20550.0542583761,6245.35254644112,67619.0378176247,20550.0542583761,6245.35254644112,67619.0378176247,11.9934719420346,11.9934719420346,18085.3892668249,23014.7192499273,20550.0542583761,6245.35254644112,67619.0378176247,20550.0542583761,6245.35254644112,67619.0378176247,11.9934719420346,11.9934719420346,18085.3892668249,23014.7192499273
"PB1",78.3,2008.3,-2.135774506,16767.9396634348,4786.72315820453,58738.2623276784,16767.9396634348,4786.72315820453,58738.2623276784,12.8877738861986,12.8877738861986,14606.9255142371,18928.9538126325,15505.434392663,4416.11202258122,54441.2131023458,15505.434392663,4416.11202258122,54441.2131023458,13.0162497772093,13.0162497772093,13487.2083230726,17523.6604622533,16814.992891277,4676.36183745249,60462.3841699391,16814.992891277,4676.36183745249,60462.3841699391,13.1525904811657,13.1525904811657,14603.3857368502,19026.6000457037,15659.5374153645,4462.70504284873,54948.9849113279,15659.5374153645,4462.70504284873,54948.9849113279,12.9966502273075,12.9966502273075,13624.3221102753,17694.7527204538,15371.3211504374,4690.04397192251,50378.5285008813,15371.3211504374,4690.04397192251,50378.5285008813,12.3135859539723,12.3135859539723,13478.5603083172,17264.0819925577,18802.620666812,5468.45067010476,64650.5866593568,18802.620666812,5468.45067010476,64650.5866593568,12.5485887113042,12.5485887113042,16443.1571323871,21162.0842012369,16089.7774987341,4889.83297124058,52942.6958919399,16089.7774987341,4889.83297124058,52942.6958919399,12.2964426690189,12.2964426690189,14111.3072330296,18068.2477644387,16089.7774987341,4889.83297124058,52942.6958919399,16089.7774987341,4889.83297124058,52942.6958919399,12.2964426690189,12.2964426690189,14111.3072330296,18068.2477644387
"PB1",81,2167.2,-2.416779315,13750.5527570874,3925.35342096887,48168.3254596667,13750.5527570874,3925.35342096887,48168.3254596667,13.1560964672428,13.1560964672428,11941.5167715859,15559.588742589,12805.7506806111,3647.21349345647,44962.3392730326,12805.7506806111,3647.21349345647,44962.3392730326,13.2795244347991,13.2795244347991,11105.2078899199,14506.2934713023,13653.0064901234,3796.99229905864,49092.6953593155,13653.0064901234,3796.99229905864,49092.6953593155,13.4403360704957,13.4403360704957,11817.9965341243,15488.0164461226,12920.5117295005,3682.12874505821,45337.8018289586,12920.5117295005,3682.12874505821,45337.8018289586,13.2606094214715,13.2606094214715,11207.173133796,14633.850325205,14610.6701352749,4457.95678348339,47885.5431243121,14610.6701352749,4457.95678348339,47885.5431243121,12.3787542587928,12.3787542587928,12802.0511836664,16419.2890868834,14487.8813943556,4213.57565646168,49814.8661398848,14487.8813943556,4213.57565646168,49814.8661398848,12.8900133719196,12.8900133719196,12620.3915453153,16355.3712433959,14980.2225589191,4552.62890931137,49291.7548047404,14980.2225589191,4552.62890931137,49291.7548047404,12.3878278313182,12.3878278313182,13124.4983795719,16835.9467382663,14980.2225589191,4552.62890931137,49291.7548047404,14980.2225589191,4552.62890931137,49291.7548047404,12.3878278313182,12.3878278313182,13124.4983795719,16835.9467382663
"PB1",82.3,2244.6,-2.154919751,16542.8196062794,4722.45841175438,57949.6644893137,16542.8196062794,4722.45841175438,57949.6644893137,12.9057071424989,12.9057071424989,14407.8517547811,18677.7874577778,15304.6590152316,4358.9290675179,53736.2696075918,15304.6590152316,4358.9290675179,53736.2696075918,13.0338552058091,13.0338552058091,13309.8719194435,17299.4461110197,16578.0311689541,4610.46119970781,59610.3308398371,16578.0311689541,4610.46119970781,59610.3308398371,13.1718032943338,13.1718032943338,14394.4055133061,18761.6568246021,15455.7474345682,4404.62832251792,54233.8901877205,15455.7474345682,4404.62832251792,54233.8901877205,13.0143000888572,13.0143000888572,13444.2900824576,17467.2047866787,16840.5350029418,5138.32538540446,55193.7835604748,16840.5350029418,5138.32538540446,55193.7835604748,12.1980802351846,12.1980802351846,14786.3130312486,18894.756974635,18518.3908289567,5385.78682899314,63673.2959886009,18518.3908289567,5385.78682899314,63673.2959886009,12.568040064226,12.568040064226,16190.9920503235,20845.78960759,17103.072307536,5197.78268440822,56276.8973074349,17103.072307536,5197.78268440822,56276.8973074349,12.2193941733104,12.2193941733104,15013.1804865319,19192.9641285401,17103.072307536,5197.78268440822,56276.8973074349,17103.072307536,5197.78268440822,56276.8973074349,12.2193941733104,12.2193941733104,15013.1804865319,19192.9641285401
"PB1",83.6,2322.1,-2.542099901,12586.2199459414,3592.97276223334,44089.6558395131,12586.2199459414,3592.97276223334,44089.6558395131,13.2793973958397,13.2793973958397,10914.8457822054,14257.5941096774,11758.558643833,3348.96210452695,41285.5377472208,11758.558643833,3348.96210452695,41285.5377472208,13.4004031152493,13.4004031152493,10182.8643850164,13334.2529026496,12441.7602306062,3460.13662386523,44737.3657352794,12441.7602306062,3460.13662386523,44737.3657352794,13.572762383573,13.572762383573,10753.0696781721,14130.4507830402,11858.8154692288,3379.56315011032,41612.3321526419,11858.8154692288,3379.56315011032,41612.3321526419,13.3818168137905,13.3818168137905,10271.8905068511,13445.7404316064,11832.8719180328,3610.40466636283,38781.485946179,11832.8719180328,3610.40466636283,38781.485946179,12.657080032372,12.657080032372,10335.1758492393,13330.5679868263,14683.046991795,4270.33654426613,50485.919956997,14683.046991795,4270.33654426613,50485.919956997,12.8720361397841,12.8720361397841,12793.0398765896,16573.0541070003,12347.2433671646,3752.44205368553,40628.0541009967,12347.2433671646,3752.44205368553,40628.0541009967,12.6419934833936,12.6419934833936,10786.3056653089,13908.1810690203,12347.2433671646,3752.44205368553,40628.0541009967,12347.2433671646,3752.44205368553,40628.0541009967,12.6419934833936,12.6419934833936,10786.3056653089,13908.1810690203
"PB1",84.9,2399.5,-2.176940735,16287.6199918178,4649.60689099347,57055.6976573088,16287.6199918178,4649.60689099347,57055.6976573088,12.9263959040308,12.9263959040308,14182.2177483314,18393.0222353042,15076.938660382,4294.07189735608,52936.7194594207,15076.938660382,4294.07189735608,52936.7194594207,13.0541640677877,13.0541640677877,13108.770351256,17045.106969508,16309.602736396,4535.80945966734,58645.1313231676,16309.602736396,4535.80945966734,58645.1313231676,13.1939715232179,13.1939715232179,14157.718395806,18461.4870769861,15224.6242825328,4338.76210765161,53422.8839455188,15224.6242825328,4338.76210765161,53422.8839455188,13.0346604457847,13.0346604457847,13240.1462031581,17209.1023619074,15868.4513040074,4841.72659290173,52007.8409955694,15868.4513040074,4841.72659290173,52007.8409955694,12.273063736716,12.273063736716,13920.9061614368,17815.9964465779,18890.5399394112,5494.02062727615,64952.8866766217,18890.5399394112,5494.02062727615,64952.8866766217,12.5426434767187,12.5426434767187,16521.1668639837,21259.9130148387,16206.4066646867,4925.27765909461,53326.4589654595,16206.4066646867,4925.27765909461,53326.4589654595,12.2872804248253,12.2872804248253,14215.0800310091,18197.7332983644,16206.4066646867,4925.27765909461,53326.4589654595,16206.4066646867,4925.27765909461,53326.4589654595,12.2872804248253,12.2872804248253,14215.0800310091,18197.7332983644
"PB1",86.1,2462.5,-1.921705859,19503.6454872384,5567.68174248376,68321.4675130086,19503.6454872384,5567.68174248376,68321.4675130086,12.6905989964394,12.6905989964394,17028.5160487658,21978.774925711,17937.9661020727,5108.92283040466,62982.0881153575,17937.9661020727,5108.92283040466,62982.0881153575,12.8225890449208,12.8225890449208,15637.8544257867,20238.0777783586,19706.7608254924,5480.58181528841,70860.4369612399,19706.7608254924,5480.58181528841,70860.4369612399,12.9415220818165,12.9415220818165,17156.4060216506,22257.1156293343,18129.606900959,5166.6333427188,63616.4063870537,18129.606900959,5166.6333427188,63616.4063870537,12.8025134293345,12.8025134293345,15808.5615427782,20450.6522591398,19131.2468352888,5837.25940126197,62701.4460576517,19131.2468352888,5837.25940126197,62701.4460576517,12.0402894026654,12.0402894026654,16827.7893499818,21434.7043205958,18927.8744004907,5504.87877637813,65081.2568040721,18927.8744004907,5504.87877637813,65081.2568040721,12.5401289253907,12.5401289253907,16554.2945478331,21301.4542531483,19688.8956070641,5983.63842597017,64785.4336490952,19688.8956070641,5983.63842597017,64785.4336490952,12.0453970789429,12.0453970789429,17317.2899507347,22060.5012633935,19688.8956070641,5983.63842597017,64785.4336490952,19688.8956070641,5983.63842597017,64785.4336490952,12.0453970789429,12.0453970789429,17317.2899507347,22060.5012633935
"PB1",89.7,2649.3,-1.72066286,22478.0204199117,6416.77290437872,78740.7330019714,22478.0204199117,6416.77290437872,78740.7330019714,12.5108377867752,12.5108377867752,19665.8317474984,25290.2090923251,20568.9174670333,5858.24565873684,72219.6354355091,20568.9174670333,5858.24565873684,72219.6354355091,12.6458872780944,12.6458872780944,17967.795349828,23170.0395842386,22873.9015387493,6361.38480230601,82248.6593508272,22873.9015387493,6361.38480230601,82248.6593508272,12.7493737313474,12.7493737313474,19957.6223446337,25790.1807328649,20803.0655819297,5928.52414580916,72997.5162388416,20803.0655819297,5928.52414580916,72997.5162388416,12.6253975968407,12.6253975968407,18176.5958398796,23429.5353239798,24245.2193750346,7397.61689089322,79462.1661561305,24245.2193750346,7397.61689089322,79462.1661561305,11.7577706267767,11.7577706267767,21394.5220929592,27095.91665711,20828.771119485,6057.7251120558,71617.2652807386,20828.771119485,6057.7251120558,71617.2652807386,12.4194456768451,12.4194456768451,18241.9532051462,23415.5890338238,24106.7997760788,7326.28057693398,79322.3504534626,24106.7997760788,7326.28057693398,79322.3504534626,11.8037320957269,11.8037320957269,21261.2977136572,26952.3018385004,24106.7997760788,7326.28057693398,79322.3504534626,24106.7997760788,7326.28057693398,79322.3504534626,11.8037320957269,11.8037320957269,21261.2977136572,26952.3018385004
"PB1",92.4,2722.3,-1.602108218,24440.4039278385,6976.97211616117,85614.9822889885,24440.4039278385,6976.97211616117,85614.9822889885,12.4072002075398,12.4072002075398,21408.0340809802,27472.7737746969,22297.8013040981,6350.65009612047,78289.9286642742,22297.8013040981,6350.65009612047,78289.9286642742,12.5439509175788,12.5439509175788,19500.7760528128,25094.8265553834,24975.1696723217,6945.76150550347,89804.2784318209,24975.1696723217,6945.76150550347,89804.2784318209,12.6387154683064,12.6387154683064,21818.6290397102,28131.7103049332,22560.8404514445,6429.46044847923,79165.5110027041,22560.8404514445,6429.46044847923,79165.5110027041,12.5232311824148,12.5232311824148,19735.4942450143,25386.1866578746,28004.5148846804,8544.64004336881,91783.0183537008,28004.5148846804,8544.64004336881,91783.0183537008,11.5922609669152,11.5922609669152,24758.1584367296,31250.8713326312,22637.4602700161,6583.75430620377,77836.2289421523,22637.4602700161,6583.75430620377,77836.2289421523,12.3163101390371,12.3163101390371,19849.3604555596,25425.5600844726,27292.3503011613,8294.3989981071,89804.2625066979,27292.3503011613,8294.3989981071,89804.2625066979,11.660307494357,11.660307494357,24109.9783336089,30474.7222687138,27292.3503011613,8294.3989981071,89804.2625066979,27292.3503011613,8294.3989981071,89804.2625066979,11.660307494357,11.660307494357,24109.9783336089,30474.7222687138
"PB1",95.1,2787.1,-1.4557245,27101.3818648537,7736.59822230452,94936.4149306744,27101.3818648537,7736.59822230452,94936.4149306744,12.2815800537871,12.2815800537871,23772.9039554392,30429.8597742682,24634.3039454081,7016.11080775098,86493.6355059182,24634.3039454081,7016.11080775098,86493.6355059182,12.4203313529339,12.4203313529339,21574.6417688995,27693.9661219166,27837.8768172591,7741.89948373196,100097.836108733,27837.8768172591,7741.89948373196,100097.836108733,12.5047037992803,12.5047037992803,24356.8327772523,31318.9208572659,24937.4754251448,7106.76148239974,87505.0727563905,24937.4754251448,7106.76148239974,87505.0727563905,12.3993412796628,12.3993412796628,21845.3927406491,28029.5581096406,29255.833550218,8926.43803632087,95884.135781312,29255.833550218,8926.43803632087,95884.135781312,11.542986020504,11.542986020504,25878.8367733344,32632.8303271015,23835.3323099267,6932.13681497346,81954.9702333465,23835.3323099267,6932.13681497346,81954.9702333465,12.2533008913878,12.2533008913878,20914.7173235292,26755.9472963242,28672.2076041294,8713.75046124516,94344.6214750587,28672.2076041294,8713.75046124516,94344.6214750587,11.6042742366981,11.6042742366981,25345.0060040308,31999.4092042279,28672.2076041294,8713.75046124516,94344.6214750587,28672.2076041294,8713.75046124516,94344.6214750587,11.6042742366981,11.6042742366981,25345.0060040308,31999.4092042279
"PB1",99.1,2884.4,-1.469010717,26848.3572061707,7664.36758350064,94050.0669907719,26848.3572061707,7664.36758350064,94050.0669907719,12.2928766504274,12.2928766504274,23547.92177215,30148.7926401914,24412.4987383461,6952.93833436055,85714.8540645813,24412.4987383461,6952.93833436055,85714.8540645813,12.4314508014172,12.4314508014172,21377.670968292,27447.3265084001,27565.0423164205,7666.02238667271,99116.7935051963,27565.0423164205,7666.02238667271,99116.7935051963,12.5167497148591,12.5167497148591,24114.7949608791,31015.2896719618,24711.8096600645,7042.45053111748,86713.2163693536,24711.8096600645,7042.45053111748,86713.2163693536,12.4104846566685,12.4104846566685,21644.9543138171,27778.665006312,32919.4908315501,10044.2803856763,107891.539761666,32919.4908315501,10044.2803856763,107891.539761666,11.412056070646,11.412056070646,29162.7000796825,36676.2815834178,23516.638490181,6839.44965912274,80859.1792382307,23516.638490181,6839.44965912274,80859.1792382307,12.2696875896441,12.2696875896441,20631.2204158498,26402.0565645122,31210.5953211338,9485.19008826156,102697.073146176,31210.5953211338,9485.19008826156,102697.073146176,11.5091510930737,11.5091510930737,27618.5207485767,34802.6698936909,31210.5953211338,9485.19008826156,102697.073146176,31210.5953211338,9485.19008826156,102697.073146176,11.5091510930737,11.5091510930737,27618.5207485767,34802.6698936909
"PB1",101.8,2950.8,-1.29381359,30383.3265120039,8673.49093314346,106433.100241966,30383.3265120039,8673.49093314346,106433.100241966,12.145565119103,12.145565119103,26693.0998051387,34073.553218869,27504.8420050063,7833.67046556147,96572.3969429359,27504.8420050063,7833.67046556147,96572.3969429359,12.2864065287604,12.2864065287604,24125.4853011779,30884.1987088346,31387.9309440081,8729.193248681,112862.91652378,31387.9309440081,8729.193248681,112862.91652378,12.3597489763477,12.3597489763477,27508.4614704594,35267.4004175569,27858.8718460847,7939.31037538919,97756.1908830811,27858.8718460847,7939.31037538919,97756.1908830811,12.2651342817803,12.2651342817803,24441.9438047733,31275.7998873961,37077.7935861861,11313.0472390222,121520.112854991,37077.7935861861,11313.0472390222,121520.112854991,11.2830254415244,11.2830254415244,32894.2967027009,41261.2904696714,23352.0394953951,6791.57859373852,80293.2250680636,23352.0394953951,6791.57859373852,80293.2250680636,12.278255583541,12.278255583541,20484.816402181,26219.2625886091,34751.0205553006,10561.1582328554,114346.684616278,34751.0205553006,10561.1582328554,114346.684616278,11.3908766491489,11.3908766491489,30792.574669526,38709.4664410753,34751.0205553006,10561.1582328554,114346.684616278,34751.0205553006,10561.1582328554,114346.684616278,11.3908766491489,11.3908766491489,30792.574669526,38709.4664410753
"PB1",103.1,2982.9,-1.212477642,32179.1025076388,9186.12890285171,112723.721727405,32179.1025076388,9186.12890285171,112723.721727405,12.0783685575799,12.0783685575799,28292.3919082448,36065.8131070329,29070.7393088806,8279.65461116137,102070.427288797,29070.7393088806,8279.65461116137,102070.427288797,12.220213369314,12.220213369314,25518.2329372984,32623.2456804628,33338.6858342296,9271.7112135615,119877.328742482,33338.6858342296,9271.7112135615,119877.328742482,12.2881917235882,12.2881917235882,29241.9642007948,37435.4074676645,29453.1742964007,8393.65978534495,103350.564392515,29453.1742964007,8393.65978534495,103350.564392515,12.1988057653638,12.1988057653638,25860.2387722487,33046.1098205526,33937.2420183346,10354.8130830144,111227.154616656,33937.2420183346,10354.8130830144,111227.154616656,11.3787483307926,11.3787483307926,30075.6086586563,37798.8753780129,23555.1242626656,6850.64264929484,80991.5080137382,23555.1242626656,6850.64264929484,80991.5080137382,12.2676946276435,12.2676946276435,20665.4535489599,26444.7949763714,32794.0048373576,9966.40296146734,107907.211601878,32794.0048373576,9966.40296146734,107907.211601878,11.4543746135914,11.4543746135914,29037.6566724874,36550.3530022278,32794.0048373576,9966.40296146734,107907.211601878,32794.0048373576,9966.40296146734,107907.211601878,11.4543746135914,11.4543746135914,29037.6566724874,36550.3530022278
"PB1",104.4,3015,-1.409009513,28010.1108584491,7996.01197291936,98119.7017913118,28010.1108584491,7996.01197291936,98119.7017913118,12.242024975328,12.242024975328,24581.1060915407,31439.1156253575,25430.3040188779,7242.82006370637,89288.4755943558,25430.3040188779,7242.82006370637,89288.4755943558,12.3813922622587,12.3813922622587,22281.6783248157,28578.9297129401,28818.7948073989,8014.69932875243,103624.964591185,28818.7948073989,8014.69932875243,103624.964591185,12.4625332296612,12.4625332296612,25227.242928139,32410.3466866589,25747.4140193974,7337.58037270887,90347.1301182523,25747.4140193974,7337.58037270887,90347.1301182523,12.3603189986408,12.3603189986408,22564.9515126991,28929.8765260957,36260.6307365048,11063.7173564624,118841.913531093,36260.6307365048,11063.7173564624,118841.913531093,11.3069764511402,11.3069764511402,32160.6497580933,40360.6117149162,23725.8828148918,6900.3051264513,81578.6410934374,23725.8828148918,6900.3051264513,81578.6410934374,12.2588988393921,12.2588988393921,20817.3508418615,26634.4147879221,33565.3207413939,10200.813035758,110445.192213929,33565.3207413939,10200.813035758,110445.192213929,11.4288222251974,11.4288222251974,29729.1999045427,37401.4415782451,33565.3207413939,10200.813035758,110445.192213929,33565.3207413939,10200.813035758,110445.192213929,11.4288222251974,11.4288222251974,29729.1999045427,37401.4415782451
