"depth","SH20_mean_age","surface","kcps","cps","MSE","K","Ca","Ti","Mn","Fe","Zn","Rb","Sr","Zr","Mo_inc","Mo_coh","inc_coh","coh_inc","Total_scatter"
1.1,-46.3,7.36,21997,50055,1.43,26,87,9,279,1181,63,0,352,696,38544,5920,6.510810811,0.153590702,44464
1.2,-44.5,7.35,22239,50875,1.3,50,161,39,488,2038,81,85,389,662,38259,5772,6.628378378,0.150866463,44031
1.3,-42.7,7.36,20739,48826,1.42,50,204,22,927,2332,35,205,619,803,35434,5405,6.555781684,0.152537111,40839
1.4,-40.9,7.38,19540,45427,1.4,38,160,40,1184,2667,9,172,525,333,32451,5069,6.401854409,0.156204739,37520
1.5,-39.1,7.38,17350,42629,1.43,34,124,46,993,3567,41,0,422,572,29265,4908,5.962713936,0.167708867,34173
1.6,-37.3,7.38,15841,39564,1.6,0,83,45,567,4393,0,9,427,569,27024,4473,6.04158283,0.165519538,31497
1.7,-35.5,7.34,15612,41823,1.38,98,299,204,143,7922,100,0,677,678,25559,4291,5.956420415,0.167886068,29850
1.8,-33.8,7.32,16156,44055,1.35,46,275,226,168,8665,41,0,587,771,26904,4455,6.039057239,0.16558876,31359
1.9,-32,7.29,18582,46177,1.49,29,202,119,146,6189,84,16,752,699,30245,5017,6.028503089,0.165878658,35262
2,-30.2,7.26,19637,48660,1.35,58,267,153,188,7480,0,137,952,719,30748,5198,5.915352058,0.169051646,35946
2.1,-28.3,7.25,18748,46867,1.38,28,298,117,192,6702,23,108,837,701,29807,4986,5.978138789,0.167276143,34793
2.2,-26.5,7.27,17882,46628,1.43,86,318,187,180,9132,8,27,558,539,27687,4859,5.698086026,0.175497526,32546
2.3,-24.7,7.26,17134,47175,1.46,75,520,347,174,11115,54,21,805,733,25918,4643,5.582166703,0.179141909,30561
2.4,-23,7.24,17184,55940,1.4,91,778,681,181,20859,26,57,884,648,24825,4723,5.256193098,0.190251762,29548
2.5,-21.2,7.25,17375,53340,1.41,50,595,407,208,17154,85,0,723,714,26332,4862,5.415878239,0.18464226,31194
2.6,-19.4,7.24,18780,55015,1.34,53,471,368,134,16416,41,103,831,647,28850,4788,6.025480368,0.165961872,33638
2.7,-17.6,7.22,18159,48471,1.2,44,379,235,212,10435,32,0,623,630,28776,4751,6.056830141,0.165102863,33527
2.8,-15.8,7.22,16693,46852,1.22,52,628,362,125,10070,6,39,706,735,27070,4622,5.85677196,0.170742519,31692
2.9,-14,7.23,17488,52595,1.37,103,745,756,306,14808,56,82,743,678,27091,4754,5.698569626,0.175482633,31845
3,-12.2,7.22,17062,45941,1.2,25,322,276,142,9272,44,111,582,724,27176,4711,5.768626619,0.173351487,31887
3.1,-10.4,7.23,15637,45572,1.22,23,277,243,131,12756,0,160,620,681,24077,4394,5.479517524,0.182497819,28471
3.2,-8.6,7.24,16392,53193,1.37,14,233,187,142,21177,0,102,670,529,23239,4335,5.360784314,0.186539868,27574
3.3,-6.8,7.24,16392,51053,1.37,23,247,169,120,18240,54,82,527,618,23889,4586,5.209114697,0.1919712,28475
3.4,-5,7.24,15338,47209,1.31,43,300,271,103,16083,18,93,783,653,22164,4375,5.066057143,0.197392167,26539
3.5,-3.2,7.24,15334,46614,1.27,6,226,180,114,16192,7,104,907,727,21504,4365,4.926460481,0.202985491,25869
3.6,-1.4,7.25,14570,43688,1.33,25,295,219,124,14910,0,128,802,509,20315,4013,5.062297533,0.197538764,24328
3.7,0.4,7.26,14318,45597,1.41,41,319,370,142,17134,0,62,799,557,19831,4064,4.879675197,0.204931673,23895
3.8,2.2,7.27,14471,46621,1.27,36,388,422,152,16703,67,158,897,767,20325,4299,4.727843685,0.211512915,24624
3.9,4,7.24,15068,51808,1.32,49,416,427,481,24542,0,39,459,331,19263,3720,5.178225806,0.193116337,22983
4,5.8,7.23,12009,41870,1.31,36,616,491,122,19064,42,66,586,499,15455,3272,4.723410758,0.21171142,18727
4.1,7.5,7.22,11767,41510,1.22,34,367,369,74,19130,4,34,888,525,14811,3311,4.473270915,0.223550064,18122
4.2,9.3,7.23,12800,40576,1.31,41,336,344,122,16089,29,0,668,324,17300,3601,4.80422105,0.208150289,20901
4.3,11.2,7.23,14595,50854,1.42,22,301,384,143,24517,0,37,565,551,18347,3897,4.707980498,0.212405298,22244
4.4,12.9,7.26,15989,61333,1.3,98,912,833,205,32598,40,130,864,524,18601,4219,4.40886466,0.226815763,22820
4.5,14.8,7.28,15878,55176,1.48,144,271,258,206,25464,0,102,785,654,20356,4360,4.668807339,0.214187463,24716
4.6,16.5,7.28,16784,56115,1.46,50,434,309,216,25251,0,53,752,525,21752,4236,5.13503305,0.194740713,25988
4.7,18.3,7.28,17104,59889,1.45,146,370,346,204,28736,19,117,750,650,21536,4433,4.858109632,0.205841382,25969
4.8,20.1,7.27,17362,60507,1.36,123,593,607,174,28201,0,70,805,474,22695,4334,5.236502077,0.190967173,27029
4.9,21.9,7.27,18459,62071,1.3,33,226,209,97,27831,0,78,590,523,24936,4785,5.211285266,0.191891242,29721
5,23.7,7.26,18187,63738,1.48,36,445,421,135,29791,57,106,1148,706,23502,4634,5.071644368,0.197174709,28136
5.1,25.3,7.26,18297,63688,1.44,86,328,422,149,31128,0,124,722,430,23158,4713,4.913643115,0.203514984,27871
5.2,27,7.26,17899,62833,1.42,87,477,324,137,30819,0,91,791,477,22607,4677,4.833654052,0.206882824,27284
5.3,28.7,7.25,18426,66345,1.36,61,475,512,166,34148,8,102,893,586,22370,4522,4.946926139,0.202145731,26892
5.4,30.4,7.25,19209,72022,1.5,35,361,386,224,39247,9,16,621,678,23018,4666,4.933133305,0.202710922,27684
5.5,32.1,7.24,18851,75315,1.5,101,781,791,228,45154,0,55,853,436,20421,4176,4.890086207,0.204495372,24597
5.6,33.9,7.23,17386,70391,1.45,353,1325,1055,186,39708,0,186,1303,717,18752,4143,4.526188752,0.220936433,22895
5.7,35.6,7.22,17281,67902,1.54,100,528,586,174,39766,0,65,1355,545,18108,4196,4.315538608,0.231720786,22304
5.8,37.3,7.2,16552,59538,1.39,128,490,437,190,30604,0,190,1185,642,18688,4164,4.487992315,0.222816781,22852
5.9,39,7.18,14576,57040,1.45,240,950,618,172,32270,0,206,1225,492,15143,3724,4.066326531,0.245922208,18867
6,40.8,7.15,15334,65563,1.51,224,951,1012,229,41212,33,180,1234,655,13796,4043,3.412317586,0.293055958,17839
6.1,42.5,7.13,14281,57349,1.4,181,1233,857,272,33071,18,109,1613,526,13726,3871,3.545853785,0.282019525,17597
6.2,44.2,7.13,15312,61954,1.39,141,1469,1216,243,36009,155,91,1456,528,14698,3858,3.809745982,0.262484692,18556
6.3,46,7.14,15419,56084,1.51,186,632,608,169,28894,26,142,1431,733,17035,3962,4.299596164,0.232579982,20997
6.4,47.6,7.15,16066,59446,1.38,82,869,710,252,32203,0,106,1027,401,17659,4033,4.378626333,0.228382128,21692
6.5,49.4,7.16,16765,68035,1.37,161,1167,1042,266,39946,25,125,1175,679,17023,3888,4.378343621,0.228396875,20911
6.6,51.1,7.16,16519,63014,1.56,133,913,884,213,34880,39,140,1150,632,17730,4385,4.043329532,0.247320925,22115
6.7,52.9,7.16,17471,62753,1.28,197,541,617,255,32040,42,0,1154,664,20585,4482,4.592815707,0.217731358,25067
6.8,54.6,7.16,17913,55197,1.31,116,437,304,126,22059,0,92,696,668,24118,4556,5.293678665,0.188904553,28674
6.9,56.3,7.18,17268,53301,1.36,150,367,352,140,20294,58,67,653,533,23993,4460,5.379596413,0.185887551,28453
7,58.1,7.19,15661,53116,1.23,68,617,485,145,23718,0,171,682,447,20415,4295,4.753201397,0.210384521,24710
7.1,59.8,7.2,16561,60961,1.35,190,622,956,168,29691,72,90,1016,680,20874,4340,4.809677419,0.207914152,25214
7.2,61.5,7.2,17845,62962,1.32,83,494,509,128,29643,35,86,761,706,23200,4616,5.025996534,0.198965517,27816
7.3,63.2,7.21,18574,65431,1.38,51,406,422,93,31064,31,241,570,673,24433,4712,5.185271647,0.192853927,29145
7.4,64.9,7.21,20231,82583,1.45,68,424,401,135,49586,0,126,792,519,23229,4619,5.029010608,0.19884627,27848
7.5,66.7,7.2,19593,73076,1.47,85,403,406,147,38820,0,0,613,621,24648,4558,5.407634928,0.184923726,29206
7.6,68.4,7.18,18495,63052,1.4,86,350,348,142,29012,0,0,522,510,24881,4588,5.423060157,0.184397733,29469
7.7,70.1,7.17,19442,63866,1.43,102,243,275,63,27335,44,114,537,479,27022,5087,5.311971693,0.188254015,32109
7.8,71.8,7.16,19444,63176,1.4,95,296,287,109,26031,0,0,281,788,28375,4558,6.225318122,0.160634361,32933
7.9,73.6,7.16,18059,56520,1.35,32,499,577,96,19644,0,67,474,744,26866,4897,5.486216051,0.182274994,31763
8,75.3,7.13,18016,54068,1.31,54,401,353,96,16487,37,29,707,733,27561,5004,5.507793765,0.181560901,32565
8.1,76.9,7.12,19819,57760,1.4,63,280,300,80,16854,0,9,594,602,30401,5489,5.538531609,0.180553271,35890
8.2,78.7,7.13,20085,53211,1.45,30,231,202,84,11246,0,232,524,684,31789,5409,5.877056757,0.170153198,37198
8.3,80.5,7.15,19833,55964,1.38,67,374,382,128,14715,0,109,508,840,30830,5279,5.840121235,0.171229322,36109
8.4,82.2,7.17,19766,55483,1.3,67,264,341,84,14966,0,30,528,667,30547,5519,5.534879507,0.180672406,36066
8.5,83.9,7.17,19671,54948,1.38,43,221,219,65,14090,0,0,510,804,31127,5233,5.948213262,0.168117711,36360
8.6,85.7,7.17,18993,54247,1.4,48,229,234,91,15320,0,107,299,620,29997,5113,5.866810092,0.170450378,35110
8.7,87.3,7.17,19307,52859,1.27,32,126,112,47,12685,25,91,332,513,31233,5338,5.851067816,0.170908974,36571
8.8,89,7.18,19491,49416,1.34,8,136,117,49,7241,0,31,380,802,32602,5621,5.800035581,0.172412735,38223
8.9,90.8,7.2,20323,55117,1.44,14,128,138,64,12297,0,0,292,862,33191,5533,5.998734864,0.166701817,38724
9,92.5,7.24,21293,63883,1.39,28,186,150,75,21396,0,39,346,782,32772,5611,5.840670112,0.171213231,38383
9.1,94.2,7.28,21562,72330,1.28,24,248,233,61,30928,24,0,325,726,31882,5266,6.054310672,0.16517157,37148
9.2,96,7.29,21488,69699,1.65,47,228,224,107,27880,0,0,317,566,32168,5496,5.852983988,0.170853022,37664
9.3,97.7,7.29,21145,66191,1.31,26,168,189,79,23862,0,141,258,680,32645,5670,5.757495591,0.173686629,38315
9.4,99.4,7.3,21737,69299,1.45,18,160,162,97,26174,0,51,373,658,33505,5534,6.054391037,0.165169378,39039
9.5,101.1,7.3,22888,79118,1.39,25,325,229,118,35104,12,115,470,664,33900,5631,6.020245072,0.166106195,39531
9.6,102.9,7.3,22562,72268,1.36,35,207,144,21,28159,21,0,292,730,34519,5353,6.448533533,0.155074017,39872
9.7,104.6,7.29,21832,70219,1.3,15,496,94,58,27523,0,63,212,758,33459,5125,6.528585366,0.15317254,38584
9.8,106.2,7.28,21329,59403,1.44,23,166,111,68,15349,0,90,298,666,34580,5525,6.258823529,0.159774436,40105
9.9,107.9,7.26,21560,59743,1.41,38,147,142,66,16431,0,0,243,686,34167,5170,6.608704062,0.151315597,39337
10,109.6,7.26,20556,54957,1.44,32,159,111,38,10928,20,0,247,782,34652,5505,6.294641235,0.158865289,40157
10.1,111.1,7.27,20746,56130,1.31,129,206,137,108,12756,0,64,254,879,33865,5207,6.503744959,0.153757567,39072
10.2,112.6,7.27,21237,59297,1.35,30,199,162,50,15235,0,19,344,922,33918,5530,6.133453888,0.163040274,39448
10.3,114.1,7.26,21333,60159,1.41,30,344,360,115,14743,0,9,323,771,34949,5427,6.439837848,0.155283413,40376
10.4,115.6,7.23,21755,59242,1.42,70,271,296,74,14154,0,84,385,651,35125,5412,6.490206948,0.154078292,40537
10.5,117.3,7.22,21474,59927,1.34,99,340,304,61,14513,0,133,431,849,34533,5619,6.145755473,0.162713926,40152
10.6,118.7,7.21,21495,59039,1.41,160,234,253,84,14153,0,0,245,928,34589,5638,6.134976942,0.162999798,40227
10.7,120.3,7.21,20965,57292,1.33,33,267,216,83,12101,0,188,509,901,34268,5903,5.805183805,0.172259834,40171
10.8,121.7,7.22,20642,56052,1.44,39,357,348,73,11817,35,0,310,634,33798,5737,5.891232351,0.169743772,39535
10.9,123.3,7.21,20667,53438,1.29,43,276,164,70,9213,30,0,430,821,33803,5613,6.022269731,0.166050351,39416
11,124.8,7.22,20630,55278,1.42,29,369,345,103,12113,0,93,450,739,32823,5363,6.120268506,0.163391524,38186
11.1,126.4,7.22,20186,58641,1.42,107,477,422,81,18317,0,0,336,507,30752,5180,5.936679537,0.168444329,35932
11.2,127.9,7.23,19474,54078,1.4,32,330,374,65,13782,0,141,684,693,29856,5243,5.694449743,0.175609593,35099
11.3,129.5,7.24,18404,51246,1.43,47,466,340,117,13144,0,0,707,637,28111,5116,5.494722439,0.181992814,33227
11.4,131,7.26,17691,47391,1.46,70,378,359,106,9438,10,0,690,753,27790,5050,5.502970297,0.181720043,32840
11.5,132.4,7.28,17408,44647,1.34,97,303,266,79,8244,0,0,598,653,26962,4828,5.584507042,0.179066835,31790
11.6,134.1,7.3,16060,41433,1.22,70,322,314,76,8223,0,79,488,484,24372,4476,5.445040214,0.183653373,28848
11.7,135.6,7.3,15684,46835,1.37,45,643,590,136,15253,34,68,852,604,21914,4424,4.953435805,0.201880077,26338
11.8,137.1,7.31,14320,42803,1.42,263,634,503,132,12810,0,63,1018,547,20389,4408,4.625453721,0.216195007,24797
11.9,138.6,7.31,14963,45561,1.41,308,826,736,134,14067,0,81,927,643,21373,4713,4.534903459,0.220511861,26086
12,140.2,7.31,15930,55773,1.56,280,1142,1087,214,21958,12,192,1053,776,22404,4898,4.574111882,0.218621675,27302
12.1,141.7,7.33,17222,59196,1.39,242,1442,1074,157,21574,128,189,1118,787,25207,5092,4.950314218,0.202007379,30299
12.2,143.2,7.32,18781,60991,1.3,115,699,862,145,20937,19,31,729,844,29382,5235,5.61260745,0.178170308,34617
12.3,144.7,7.34,19317,55076,1.2,77,600,584,111,12770,0,70,535,791,31724,5311,5.973263039,0.167412684,37035
12.4,146.3,7.36,19496,54937,1.32,71,419,334,85,12692,10,80,614,688,32548,5280,6.164393939,0.162221949,37828
12.5,147.8,7.38,19194,48992,1.26,28,216,202,47,6478,0,25,175,759,33567,5253,6.390062821,0.156492984,38820
12.6,149.4,7.39,20333,51200,1.34,37,193,250,82,6676,11,0,286,773,35266,5187,6.798920378,0.147082175,40453
12.7,150.9,7.4,20880,50326,1.24,30,151,151,49,4575,0,0,178,867,36652,5573,6.576709133,0.15205173,42225
12.8,152.4,7.42,21668,55129,1.6,26,128,187,75,8439,0,0,303,835,37180,5772,6.441441441,0.155244755,42952
12.9,153.9,7.44,22102,53578,1.33,18,129,165,66,4338,0,91,269,705,39084,6026,6.485894457,0.154180739,45110
13,155.4,7.45,22359,55759,1.26,17,202,172,80,5473,0,39,253,1065,39740,6258,6.350271652,0.157473578,45998
13.1,157,7.46,22638,56677,1.27,17,189,182,15,5874,0,80,356,863,40373,6318,6.390155112,0.156490724,46691
13.2,158.5,7.46,22509,59256,1.32,7,108,114,18,10013,20,16,320,1017,39477,5992,6.588284379,0.151784583,45469
13.3,160.1,7.45,22563,55794,1.44,4,133,98,45,6090,0,97,172,1046,39654,6021,6.585949178,0.151838402,45675
13.4,161.7,7.44,21956,52117,1.26,36,110,69,81,2969,0,0,92,842,39470,6020,6.556478405,0.152520902,45490
13.5,163.1,7.45,22207,56704,1.39,18,131,94,35,8512,0,111,367,904,38163,5955,6.408564232,0.156041192,44118
13.6,164.7,7.46,20546,53185,1.34,47,281,385,104,7998,12,185,395,853,35300,5636,6.26330731,0.159660057,40936
13.7,166.2,7.47,19253,51649,1.33,61,365,613,85,9609,0,73,421,852,32064,5541,5.786681104,0.172810629,37605
13.8,167.8,7.48,18966,47753,1.32,33,174,206,83,6328,19,67,629,719,32040,5256,6.095890411,0.164044944,37296
13.9,169.3,7.47,19692,50110,1.43,58,166,129,56,8150,0,40,604,781,32364,5513,5.870487938,0.170343592,37877
14,170.7,7.46,19137,45763,1.38,34,120,122,28,4526,0,139,421,645,32250,5351,6.026910858,0.165922481,37601
14.1,172.4,7.47,18954,49708,1.41,60,196,198,64,8942,0,81,517,485,31437,5529,5.685838307,0.175875561,36966
14.2,174,7.46,18122,48599,1.29,35,311,381,81,9046,65,12,708,805,29864,5246,5.692718262,0.175663006,35110
14.3,175.5,7.45,19398,51888,1.5,57,308,346,87,10089,0,15,768,905,31504,5865,5.371526002,0.186166836,37369
14.4,177.1,7.46,20594,52784,1.29,29,158,182,105,7146,62,4,709,1020,35058,6111,5.736867943,0.174311142,41169
14.5,178.5,7.49,21204,53103,1.24,41,167,142,51,5231,0,30,391,909,37431,6158,6.078434557,0.164516043,43589
14.6,180,7.51,21594,53799,1.4,22,150,122,33,4794,0,98,448,826,38921,6126,6.353411688,0.15739575,45047
14.7,181.5,7.54,22323,55972,1.29,28,118,122,55,5418,0,0,438,877,40070,6411,6.250194977,0.159995009,46481
14.8,183,7.56,22810,56825,1.26,14,179,108,60,5536,0,37,202,710,41005,6359,6.448340934,0.155078649,47364
14.9,184.6,7.58,23255,60668,1.37,40,278,229,58,9058,0,0,306,850,40797,6329,6.446042029,0.155133956,47126
15,186,7.6,23020,56254,1.38,24,151,180,80,5533,0,41,258,833,40466,6005,6.738717735,0.148396184,46471
15.1,189.4,7.61,22473,55068,1.28,17,191,154,52,4947,15,97,279,795,39703,6166,6.439020435,0.155303126,45869
15.2,192.6,7.61,22059,55342,1.34,36,236,350,40,5304,0,0,136,809,39663,6105,6.496805897,0.153921791,45768
15.3,195.9,7.62,20626,51597,1.14,0,189,153,43,4270,0,55,453,963,37182,5741,6.476572026,0.154402668,42923
15.4,199.2,7.6,20232,50167,1.45,19,120,101,46,3735,0,0,288,825,36682,5766,6.361775928,0.157188812,42448
15.5,202.5,7.58,19774,49172,1.21,33,157,151,62,3788,0,141,310,948,35603,5662,6.288060756,0.159031542,41265
15.6,205.9,7.59,19758,49514,1.24,17,103,73,28,3673,0,126,567,841,35733,5642,6.333392414,0.157893264,41375
15.7,209.2,7.6,20922,52742,1.41,21,132,134,54,5207,0,17,251,868,37498,5925,6.328776371,0.158008427,43423
15.8,212.6,7.59,21331,54011,1.34,25,220,187,93,5278,42,19,292,948,37909,5971,6.348852788,0.157508771,43880
15.9,215.9,7.59,21097,52330,1.25,24,154,124,61,4836,0,104,405,650,37265,5994,6.217050384,0.160847981,43259
16,219.2,7.6,20860,52225,1.35,7,119,138,41,4573,0,63,322,946,37114,6315,5.877117973,0.170151425,43429
16.1,222.5,7.6,20692,51863,1.28,25,135,144,20,4979,63,89,274,1024,36903,5829,6.330931549,0.157954638,42732
16.2,225.8,7.6,21122,53369,1.25,18,156,119,17,5205,0,252,207,965,37907,6118,6.195979078,0.161394993,44025
16.3,229.1,7.6,21365,53736,1.33,24,114,114,48,5009,20,5,151,891,38770,5947,6.519253405,0.153391798,44717
16.4,232.4,7.59,22146,58327,1.23,21,152,128,33,7910,0,142,263,793,39599,6249,6.336853897,0.157807015,45848
16.5,235.7,7.6,21955,56206,1.37,16,120,85,40,5511,0,148,307,930,40023,6093,6.568685377,0.152237463,46116
16.6,239.1,7.61,21582,54444,1.31,9,124,78,57,5182,9,25,117,816,39355,6082,6.470733311,0.15454199,45437
16.7,242.3,7.61,21670,55825,1.24,14,180,60,25,6481,0,44,143,798,39655,6096,6.505085302,0.153725886,45751
16.8,245.7,7.61,21196,53808,1.33,16,135,102,27,4702,31,60,115,806,39553,6121,6.461852638,0.15475438,45674
16.9,249,7.6,22587,56534,1.38,0,153,68,57,4956,0,59,25,744,41348,6348,6.513547574,0.153526168,47696
17,252.3,7.58,23800,60160,1.42,4,185,41,38,7046,7,0,116,1177,42364,6384,6.635964912,0.150693985,48748
17.1,255.6,7.59,22727,57815,1.24,15,203,75,49,6283,0,0,65,757,41367,6202,6.669945179,0.14992627,47569
17.2,258.9,7.62,22662,56471,1.35,10,119,63,59,5836,0,0,330,769,40752,6021,6.768310912,0.14774735,46773
17.3,262.3,7.61,22947,58071,1.33,0,152,95,61,7329,0,34,162,679,40656,6012,6.76247505,0.147874852,46668
17.4,265.5,7.58,23628,61757,1.48,9,198,163,75,9504,0,139,257,998,41223,6346,6.495902931,0.153943187,47569
17.5,268.8,7.55,23148,59527,1.27,19,159,39,44,6843,41,0,128,807,41898,6535,6.411323642,0.155974032,48433
17.6,272.1,7.56,23572,59786,1.3,0,130,83,57,6470,0,27,246,940,42313,6639,6.373399608,0.156902134,48952
17.7,275.4,7.56,23961,59502,1.31,0,122,28,41,6698,0,0,43,873,42313,6398,6.61347296,0.151206485,48711
17.8,278.8,7.56,24303,61377,1.33,19,133,131,0,8244,0,6,64,822,42796,6300,6.793015873,0.14721002,49096
17.9,282,7.58,23563,59648,1.54,4,205,142,72,8135,0,99,73,951,40960,6112,6.701570681,0.14921875,47072
18,285.4,7.59,22714,58581,1.36,13,150,81,44,7797,0,0,83,932,40346,6294,6.410231967,0.156000595,46640
18.1,288.7,7.6,22568,59417,1.21,12,169,103,34,9601,0,0,251,869,39820,5868,6.785957737,0.147363134,45688
18.2,291.9,7.6,22358,58432,1.32,11,156,128,46,8216,0,52,67,777,40020,6197,6.457963531,0.154847576,46217
18.3,295.3,7.58,23111,61256,1.35,28,161,131,56,10193,0,74,247,1046,40488,5996,6.752501668,0.148093262,46484
18.4,298.6,7.58,24205,72474,1.36,19,437,139,78,21276,0,154,142,692,40397,6293,6.419354839,0.155778894,46690
18.5,301.9,7.58,23830,61971,1.28,0,169,157,58,8328,0,48,173,1102,42449,6484,6.546730413,0.152748003,48933
18.6,305.2,7.59,23964,60912,1.34,0,164,51,75,7195,0,25,115,835,43033,6133,7.016631339,0.142518532,49166
18.7,308.4,7.6,23779,61275,1.38,10,101,75,52,7336,38,151,216,939,42959,6378,6.735497021,0.148467143,49337
18.8,311.6,7.59,23614,61588,1.28,19,137,85,52,8134,0,45,239,991,42368,6578,6.440863484,0.155258686,48946
18.9,315.1,7.58,24308,61031,1.33,0,136,78,44,7001,0,0,0,939,43377,6385,6.7935787,0.147197824,49762
19,318.4,7.56,24734,62541,1.34,0,153,65,59,7028,0,0,181,1136,44165,6575,6.717110266,0.148873542,50740
19.1,321.8,7.55,24288,60794,1.48,14,125,71,13,6881,0,0,16,940,43590,6362,6.851618988,0.145950906,49952
19.2,324.9,7.55,23470,58721,1.29,0,117,11,16,5564,22,0,28,856,42671,6587,6.478062851,0.154367135,49258
19.3,328.3,7.55,24177,60224,1.36,14,147,49,35,5687,0,0,56,913,43671,6518,6.700061369,0.149252364,50189
19.4,331.7,7.55,23638,59163,1.35,15,113,47,35,5397,5,64,65,1078,43052,6282,6.853231455,0.145916566,49334
19.5,335,7.56,23589,59164,1.33,14,127,48,52,4751,43,0,101,1113,43356,6559,6.610153987,0.151282406,49915
19.6,338.2,7.58,24312,61151,1.4,12,116,69,56,6276,0,126,131,921,43590,6879,6.336676843,0.157811425,50469
19.7,341.6,7.6,23724,59353,1.28,16,111,77,34,5719,20,46,94,807,42874,6592,6.503944175,0.153752857,49466
19.8,344.8,7.62,23691,59979,1.47,8,121,168,71,6666,0,0,98,1022,42413,6691,6.338813331,0.157758235,49104
19.9,348.2,7.63,24000,60617,1.41,8,132,96,23,7173,0,0,148,799,42735,6626,6.449592514,0.155048555,49361
20,351.6,7.63,22936,57066,1.31,0,121,92,27,5611,14,0,0,909,41558,6225,6.675983936,0.149790654,47783
20.1,354,7.64,22854,57199,1.18,16,81,62,43,4967,0,138,123,1077,41815,6281,6.657379398,0.150209255,48096
20.2,356.4,7.64,23565,58111,1.29,13,112,49,40,5589,12,0,0,979,42372,6349,6.673806899,0.149839517,48721
20.3,358.7,7.63,23656,59543,1.39,0,115,69,15,6248,28,0,262,988,42925,6138,6.9933203,0.142993593,49063
20.4,361,7.64,23365,58237,1.34,0,125,54,31,6223,0,112,214,912,41621,6282,6.625437759,0.150933423,47903
20.5,363.4,7.64,23131,57998,1.32,0,115,80,44,6488,0,41,94,1179,41092,6222,6.604307297,0.151416334,47314
20.6,365.9,7.65,22162,56021,1.34,0,171,122,35,6560,0,0,177,916,39514,6151,6.423996098,0.155666346,45665
20.7,368.3,7.64,22410,56580,1.38,5,177,95,38,7243,0,0,433,863,38930,6102,6.379875451,0.156742872,45032
20.8,370.6,7.62,22745,57785,1.45,25,229,165,43,7619,0,27,240,896,39668,6195,6.40322841,0.156171221,45863
20.9,373,7.63,22577,57357,1.3,0,215,204,39,8230,0,0,320,944,38891,5915,6.574978867,0.152091744,44806
21,375.5,7.65,21603,53782,1.34,20,225,143,26,7016,0,40,117,726,37608,5754,6.535974974,0.152999362,43362
21.1,377.9,7.66,21291,53885,1.32,15,191,165,49,6507,18,80,241,880,37737,5831,6.471788715,0.154516787,43568
21.2,380.3,7.63,21999,55462,1.19,15,138,207,48,6943,0,0,289,849,38340,6027,6.361373818,0.157198748,44367
21.3,382.6,7.61,21911,56283,1.25,4,167,227,19,7841,0,0,615,830,38146,6171,6.181494085,0.161773187,44317
21.4,385,7.62,22095,57306,1.45,0,265,270,41,8633,0,0,474,971,37841,6233,6.071073319,0.16471552,44074
21.5,387.4,7.64,22281,56227,1.41,16,193,281,25,7786,0,7,412,933,37677,6074,6.202996378,0.161212411,43751
21.6,389.8,7.66,22386,55378,1.34,19,173,119,45,6742,0,0,380,1009,38376,5898,6.506612411,0.153689806,44274
21.7,392.2,7.65,22361,55422,1.33,0,101,149,51,5960,0,30,403,935,39014,6320,6.173101266,0.161993131,45334
21.8,394.7,7.63,22126,55620,1.4,11,110,178,39,6995,0,93,458,883,38091,6260,6.084824281,0.164343283,44351
21.9,397.1,7.63,22516,56167,1.32,5,121,182,56,7102,0,0,305,946,38836,6094,6.37282573,0.156916263,44930
22,399.5,7.63,22041,57780,1.44,36,281,211,158,9335,0,101,503,1015,37464,6156,6.085769981,0.164317745,43620
22.1,401.9,7.65,21871,59082,1.38,19,317,310,114,10749,54,0,642,924,36997,6118,6.047237659,0.165364759,43115
22.2,404.4,7.68,21771,56482,1.26,0,118,227,44,7438,0,75,637,1085,38259,6095,6.277112387,0.159308921,44354
22.3,406.8,7.68,22011,55640,1.22,28,192,286,53,7290,0,0,460,806,37825,6197,6.103759884,0.163833443,44022
22.4,409.2,7.67,22210,56902,1.26,19,126,158,41,6202,0,13,487,898,39912,6563,6.081365229,0.164436761,46475
22.5,411.6,7.66,22895,57212,1.31,19,148,173,26,6424,0,28,341,811,40562,6197,6.545425206,0.152778463,46759
22.6,414.1,7.66,23152,57959,1.3,18,145,145,21,6435,0,0,205,938,41009,6451,6.356998915,0.157306933,47460
22.7,416.4,7.67,22900,57865,1.41,8,154,184,29,6661,0,0,318,993,40796,6292,6.483788938,0.154230807,47088
22.8,418.9,7.69,22524,57721,1.25,0,191,194,43,7241,0,6,317,760,40152,6159,6.519240136,0.15339211,46311
22.9,421.3,7.7,22323,56404,1.38,5,163,150,41,6770,0,50,199,1060,39549,6251,6.326827708,0.158057094,45800
23,423.8,7.7,22706,58443,1.25,6,160,214,58,7639,0,39,248,965,40272,6404,6.288569644,0.159018673,46676
23.1,426.2,7.7,22827,57175,1.34,14,125,154,20,6041,0,16,314,1023,40705,6210,6.554750403,0.15256111,46915
23.2,428.6,7.71,22685,57373,1.16,8,152,173,55,6311,42,0,116,870,40681,6265,6.493375898,0.154003097,46946
23.3,431,7.72,22508,55632,1.48,0,147,187,45,5955,0,0,213,856,40062,6057,6.614165428,0.151190654,46119
23.4,433.4,7.71,22519,56935,1.37,7,149,154,15,6838,0,0,259,1082,39672,6047,6.560608566,0.152424884,45719
23.5,435.9,7.7,22192,56654,1.32,22,160,222,47,7987,29,73,249,886,38201,6017,6.348844939,0.157508966,44218
23.6,438.2,7.72,21178,53162,1.43,14,189,180,96,6945,0,63,446,717,35968,5700,6.310175439,0.158474199,41668
23.7,440.7,7.72,20478,51845,1.44,20,140,193,51,6801,0,111,620,944,35028,5480,6.391970803,0.156446272,40508
23.8,443,7.72,20247,51197,1.35,15,115,152,75,7506,0,90,693,883,33773,5478,6.16520628,0.162200574,39251
23.9,445.4,7.71,20569,53444,1.33,52,197,171,81,8386,0,213,652,920,34352,5743,5.981542748,0.16718095,40095
24,447.8,7.71,20303,50771,1.2,19,162,176,53,7315,0,33,613,859,33606,5574,6.029063509,0.165863239,39180
24.1,450.3,7.7,19588,49451,1.28,6,151,212,68,7065,0,0,456,907,32949,5395,6.107321594,0.163737898,38344
24.2,452.6,7.68,19909,52795,1.26,30,222,253,47,8995,0,0,488,842,34061,5530,6.159312839,0.162355773,39591
24.3,455.1,7.65,20191,55300,1.29,29,295,522,75,10517,0,0,719,896,34289,5677,6.039985908,0.1655633,39966
24.4,457.5,7.62,21146,56580,1.2,51,397,422,74,9231,7,131,693,887,36605,5775,6.338528139,0.157765333,42380
24.5,459.9,7.61,21931,59119,1.27,18,276,382,111,10520,0,95,567,944,37638,6103,6.167130919,0.162149955,43741
24.6,462.4,7.6,22080,59392,1.31,5,191,294,62,10186,0,113,522,935,38649,6128,6.306951697,0.158555202,44777
24.7,464.8,7.63,22236,58628,1.26,41,227,267,56,8453,0,160,333,957,39364,6127,6.424677656,0.155649832,45491
24.8,467.2,7.65,22695,59013,1.34,25,205,247,120,8775,0,54,358,904,39623,6175,6.416680162,0.155843828,45798
24.9,469.6,7.66,22683,59668,1.31,55,288,349,63,8947,8,0,420,1021,39680,6386,6.213592233,0.1609375,46066
25,472.1,7.66,22770,58295,1.31,20,182,189,61,8790,0,128,306,828,39308,5941,6.616394546,0.151139717,45249
25.1,474.7,7.64,22660,57554,1.42,0,190,262,59,8441,0,0,361,801,38808,6144,6.31640625,0.158317873,44952
25.2,477.3,7.63,21836,55879,1.51,10,312,441,80,9028,0,0,306,894,36702,5695,6.444600527,0.155168656,42397
25.3,480,7.63,21112,52828,1.33,0,141,247,61,8037,0,72,431,963,34573,5686,6.080372846,0.164463599,40259
25.4,482.7,7.63,20320,50413,1.35,8,137,230,52,7946,0,98,616,896,32585,5422,6.009774991,0.166395581,38007
25.5,485.4,7.64,19552,47508,1.41,30,148,99,62,7309,0,48,592,777,30600,5217,5.865439908,0.170490196,35817
25.6,488,7.66,18359,47688,1.32,19,258,444,77,10460,0,93,802,705,27472,4942,5.558883043,0.179892254,32414
25.7,490.8,7.67,18508,50993,1.3,25,276,657,108,13481,0,274,1041,803,26996,5049,5.346801347,0.187027708,32045
25.8,493.3,7.67,19061,49489,1.48,22,201,247,65,9486,0,108,925,632,29570,5564,5.314521927,0.188163679,35134
25.9,496.1,7.68,20600,55372,1.32,21,270,301,104,11170,45,55,825,742,33320,5942,5.607539549,0.178331333,39262
26,498.7,7.67,21364,56577,1.35,48,418,565,84,9745,0,28,673,993,35706,5881,6.071416426,0.164706212,41587
26.1,501.4,7.65,21888,57627,1.26,31,388,373,60,9058,0,0,428,1128,37925,5958,6.365391071,0.157099539,43883
26.2,504,7.64,21484,54723,1.26,0,166,189,47,7207,0,47,144,821,37916,5998,6.32144048,0.158191792,43914
26.3,506.8,7.64,22175,57243,1.32,11,231,221,66,8168,0,88,330,973,38347,6082,6.304998356,0.158604324,44429
26.4,509.4,7.65,22268,57493,1.26,11,196,217,50,8122,0,107,414,1014,38471,6312,6.094898606,0.164071638,44783
26.5,512.1,7.67,21230,53053,1.24,61,147,103,44,6247,0,42,278,1032,37100,5603,6.621452793,0.151024259,42703
26.6,514.8,7.69,21117,53905,1.42,112,193,172,47,7323,0,0,318,745,36930,5618,6.573513706,0.152125643,42548
26.7,517.4,7.69,21272,54332,1.28,14,150,110,16,7543,0,88,278,855,36932,5736,6.438633194,0.155312466,42668
26.8,520.1,7.67,21564,54421,1.55,0,106,147,35,8449,0,19,184,981,36338,5680,6.397535211,0.156310199,42018
26.9,522.8,7.66,20956,54131,1.4,0,169,206,27,10453,0,59,342,704,33977,5454,6.229739641,0.160520352,39431
27,525.5,7.67,19894,52944,1.45,55,421,415,71,12114,0,62,707,710,30436,5226,5.823957137,0.17170456,35662
27.1,528.1,7.68,17519,46454,1.35,20,211,227,76,10517,0,107,910,748,26547,4666,5.689455637,0.17576374,31213
27.2,530.8,7.66,17752,46605,1.28,13,218,312,47,10778,0,0,877,816,26045,4779,5.449884913,0.183490113,30824
27.3,533.5,7.65,17058,45470,1.39,54,295,315,51,11545,0,83,1370,721,24242,4749,5.104653611,0.195899678,28991
27.4,536.2,7.66,16812,49879,1.56,32,286,538,99,16338,0,158,1355,673,23252,4871,4.773557791,0.209487356,28123
27.5,538.8,7.69,16519,50535,1.39,22,366,631,144,16167,10,93,1306,859,23797,5042,4.719754066,0.211875446,28839
27.6,541.5,7.7,17407,56481,1.47,86,487,841,135,19674,91,69,1425,703,25677,5205,4.93314121,0.202710597,30882
27.7,544.1,7.71,19000,57795,1.46,70,399,749,97,15896,0,231,1281,1015,30287,5587,5.420977269,0.184468584,35874
27.8,546.8,7.71,21088,59009,1.51,9,271,378,176,12277,0,20,699,744,35810,6099,5.871454337,0.170315554,41909
27.9,549.5,7.71,21994,56823,1.43,20,128,245,44,8284,0,63,664,773,37897,5978,6.339411174,0.157743357,43875
28,552.2,7.71,22133,56896,1.29,9,152,168,45,7717,0,19,508,988,38722,5959,6.498070146,0.153891844,44681
28.1,554.9,7.72,22460,57648,1.32,17,180,204,43,7856,0,0,265,880,39154,6273,6.241670652,0.160213516,45427
28.2,557.6,7.74,22032,55958,1.37,0,111,130,42,7049,0,48,368,945,38437,6010,6.395507488,0.156359758,44447
28.3,560.3,7.74,22446,57587,1.37,0,151,199,81,7558,0,92,424,981,39633,6058,6.542258171,0.152852421,45691
28.4,563,7.76,22432,56826,1.25,0,100,141,29,7377,0,25,195,897,39407,6189,6.367264502,0.157053315,45596
28.5,565.7,7.77,22789,57863,1.38,0,112,109,24,7558,0,0,264,806,40124,6063,6.617845951,0.15110657,46187
28.6,568.4,7.76,23398,60190,1.35,0,116,169,34,7895,0,151,172,1056,41649,6225,6.69060241,0.149463372,47874
28.7,571.1,7.75,23424,58855,1.28,0,111,98,58,6782,0,0,246,1003,41722,6259,6.665921074,0.150016778,47981
28.8,573.8,7.76,23092,58236,1.31,19,126,90,47,6675,0,22,114,1030,40950,6302,6.497937163,0.153894994,47252
28.9,576.5,7.77,22041,55401,1.29,16,88,104,33,5359,0,114,170,921,40144,6144,6.533854167,0.153049024,46288
29,579.2,7.75,22105,55424,1.22,8,97,108,28,6024,0,0,0,849,39818,5953,6.688728372,0.149505249,45771
29.1,581.9,7.72,21687,54317,1.2,9,152,89,27,6118,0,21,127,948,38824,5773,6.725099602,0.148696682,44597
29.2,584.6,7.72,21834,53812,1.38,0,104,73,41,5413,0,0,65,802,39019,5899,6.614510934,0.151182757,44918
29.3,587.3,7.7,22631,56743,1.34,20,87,89,51,6876,0,0,116,878,39574,6268,6.313656669,0.15838682,45842
29.4,590,7.7,22028,54808,1.37,0,99,83,25,6701,0,0,165,619,38274,6144,6.229492188,0.160526728,44418
29.5,592.7,7.69,22534,55733,1.26,9,108,54,66,5663,0,0,236,956,39778,6245,6.369575661,0.15699633,46023
29.6,595.4,7.68,22747,56786,1.26,0,136,123,55,6893,0,0,383,986,39539,6236,6.340442591,0.157717696,45775
29.7,598,7.68,22117,54734,1.23,0,98,75,52,5016,40,0,150,867,39988,6019,6.64362851,0.150520156,46007
29.8,600.7,7.7,22735,57565,1.22,0,123,79,23,7367,0,0,315,730,39943,6190,6.452827141,0.154970833,46133
29.9,603.4,7.69,23235,58564,1.42,8,131,171,35,8362,0,111,318,1063,39472,6355,6.211172305,0.161000203,45827
30,606.2,7.7,23389,59528,1.37,23,197,132,40,8680,0,6,395,966,40312,6373,6.325435431,0.158091883,46685
30.1,607.8,7.71,22881,57734,1.36,19,129,74,53,7915,0,0,141,1048,39609,6133,6.458340127,0.154838547,45742
30.2,609.4,7.72,22682,57677,1.36,12,127,159,29,8402,0,118,196,856,39143,6039,6.481702269,0.154280459,45182
30.3,611,7.73,22067,56733,1.41,6,142,120,31,8737,0,124,485,956,37888,5633,6.726078466,0.148675042,43521
30.4,612.6,7.71,21032,53608,1.41,0,127,104,66,7188,0,26,443,971,36023,5863,6.144124169,0.162757127,41886
30.5,614.2,7.69,20785,54721,1.4,5,172,165,70,9070,0,123,793,1018,35487,5721,6.20293655,0.161213966,41208
30.6,615.9,7.67,21860,54719,1.31,35,117,92,39,6624,0,15,406,847,37850,6136,6.16851369,0.162113606,43986
30.7,617.5,7.66,21173,53073,1.28,0,108,62,12,6055,0,26,240,826,37504,5949,6.304252816,0.15862308,43453
30.8,619.1,7.67,20483,50283,1.16,0,65,49,22,4303,0,0,203,785,37283,5558,6.707988485,0.149075986,42841
30.9,620.7,7.69,20819,52500,1.39,22,130,222,48,5521,24,72,386,977,37155,5865,6.335038363,0.157852241,43020
31,622.3,7.7,21237,52944,1.43,21,106,83,12,5047,0,0,224,804,38351,6080,6.307730263,0.158535631,44431
31.1,623.9,7.69,22499,56814,1.26,0,73,99,6,6629,36,206,122,1016,40047,6281,6.375895558,0.156840712,46328
31.2,625.5,7.68,22879,59221,1.28,7,129,74,56,8918,0,0,210,757,40617,6224,6.525867609,0.15323633,46841
31.3,627.1,7.7,22740,57979,1.22,11,144,130,38,7809,0,0,119,879,40267,6099,6.602229874,0.151463978,46366
31.4,628.8,7.72,22771,57267,1.37,0,117,83,36,7902,0,5,110,846,39932,5853,6.822484196,0.146574176,45785
31.5,630.4,7.73,22453,57323,1.21,0,105,89,24,7265,0,0,147,804,40233,6037,6.664402849,0.150050953,46270
31.6,632,7.73,22392,57909,1.25,0,107,92,53,8402,0,67,154,851,39540,6139,6.440788402,0.155260496,45679
31.7,633.7,7.72,22364,57099,1.22,22,179,119,20,8701,0,0,151,944,38004,5962,6.374371016,0.156878223,43966
31.8,635.3,7.72,21898,56021,1.26,0,122,87,42,8079,0,90,203,857,37951,5793,6.551182462,0.152644199,43744
31.9,636.9,7.73,21135,53250,1.26,0,122,73,25,7603,0,0,159,657,36263,5850,6.198803419,0.161321457,42113
32,638.6,7.73,20748,54200,1.24,0,118,148,47,9724,0,0,444,698,35069,5656,6.200318246,0.161282044,40725
32.1,640.1,7.73,20852,55307,1.48,13,159,173,46,10405,0,151,400,833,35037,5510,6.358802178,0.157262323,40547
32.2,641.8,7.73,20356,53070,1.35,0,156,88,62,10007,0,0,377,783,33018,5484,6.020787746,0.166091223,38502
32.3,643.4,7.74,19851,52075,1.35,20,211,202,43,10169,0,0,632,768,32374,5369,6.029800708,0.16584296,37743
32.4,645.1,7.75,19844,52900,1.33,0,227,198,50,10632,0,101,553,998,32487,5406,6.009433962,0.166405024,37893
32.5,646.7,7.75,19539,52908,1.34,0,170,237,69,11623,0,87,540,698,31684,5513,5.747143116,0.173999495,37197
32.6,648.3,7.75,20189,55154,1.38,46,199,213,65,12149,0,60,433,790,33357,5168,6.454527864,0.15493,38525
32.7,649.9,7.74,19996,54911,1.23,35,261,316,83,12941,62,41,390,754,32279,5422,5.953338252,0.167972986,37701
32.8,651.5,7.72,19346,54746,1.41,0,187,306,53,15804,0,91,483,726,29461,5241,5.621255486,0.177896202,34702
32.9,653.1,7.71,18434,54221,1.43,9,238,435,87,16798,0,13,1017,875,27628,5052,5.468725257,0.18285797,32680
33,654.7,7.7,18549,51720,1.3,14,207,329,61,12955,75,63,1079,823,28760,5179,5.553195598,0.180076495,33939
33.1,656.3,7.68,18731,50580,1.53,0,251,325,74,10718,0,92,661,666,29986,5593,5.361344538,0.186520376,35579
33.2,657.8,7.65,18199,47084,1.31,16,276,352,69,9992,0,16,607,629,28056,4773,5.878064111,0.170124038,32829
33.3,659.5,7.64,16912,45828,1.22,0,336,393,103,13173,0,126,723,801,23647,4453,5.310352571,0.188311414,28100
33.4,661,7.63,16257,47529,1.45,25,776,493,128,15447,0,62,994,680,22282,4598,4.846020009,0.206354905,26880
33.5,662.6,7.63,16923,50370,1.34,30,886,622,171,17444,55,0,1039,748,22712,4425,5.132655367,0.194830926,27137
33.6,664.2,7.62,15835,49511,1.34,75,503,661,98,18987,0,147,1118,626,20586,4385,4.694640821,0.213008841,24971
33.7,665.8,7.6,15835,56373,1.33,241,1098,1353,260,26410,50,217,1571,721,18333,4398,4.168485675,0.239895271,22731
33.8,667.3,7.59,14796,47521,1.37,129,650,835,160,18162,105,202,1861,731,18555,4473,4.148222669,0.241067098,23028
33.9,669,7.58,16347,53722,1.34,175,955,1348,198,20676,0,117,1341,709,21729,4737,4.587080431,0.21800359,26466
34,670.4,7.58,17045,56220,1.35,134,865,1072,168,21267,41,201,1470,753,23417,4913,4.766334215,0.209804843,28330
34.1,672,7.58,17539,49293,1.26,95,385,440,89,13637,21,54,724,687,26272,4939,5.319295404,0.187994823,31211
34.2,673.6,7.58,17142,49606,1.26,25,433,490,92,16286,21,138,774,812,24100,4483,5.375864377,0.186016598,28583
34.3,675.2,7.61,16122,53405,1.45,106,856,977,197,22219,41,29,1462,648,20369,4407,4.621965056,0.216358191,24776
34.4,676.8,7.64,14530,52612,1.28,269,1084,1297,173,23850,140,167,1103,572,18157,4220,4.302606635,0.23241725,22377
34.5,678.3,7.64,14794,51741,1.49,88,584,1105,190,24834,70,68,1022,545,17943,3784,4.741807611,0.210890041,21727
34.6,679.8,7.64,15064,54963,1.24,117,932,1296,155,26063,83,121,1411,793,18217,4219,4.317847831,0.23159686,22436
34.7,681.5,7.64,15274,47943,1.22,79,441,642,126,17990,109,166,1421,664,20176,4507,4.476591968,0.223384219,24683
34.8,683,7.65,15822,49066,1.37,58,349,570,129,18317,64,101,999,758,21098,4661,4.52649646,0.220921414,25759
34.9,684.6,7.66,16390,50176,1.33,53,411,568,123,18932,5,112,946,727,21835,4422,4.937810945,0.202518892,26257
35,686.1,7.66,16582,50419,1.38,58,420,692,127,19202,0,181,1048,695,21755,4371,4.97712194,0.200919329,26126
35.1,688.1,7.65,15980,52212,1.29,70,768,904,143,21577,54,147,939,604,20769,4464,4.652553763,0.214935722,25233
35.2,689.9,7.64,15674,49236,1.25,146,617,595,136,19138,23,91,1129,736,20118,4525,4.445966851,0.224922955,24643
35.3,691.9,7.65,15941,53205,1.44,100,608,1005,187,22749,8,76,1223,765,19927,4406,4.522696323,0.221107041,24333
35.4,693.8,7.66,16898,61466,1.41,141,966,1312,229,29768,43,158,1399,718,20265,4735,4.279831045,0.233654083,25000
35.5,695.7,7.65,16784,54948,1.47,79,697,1088,192,22478,166,79,1075,680,21567,4724,4.565410669,0.219038346,26291
35.6,697.6,7.64,16843,59037,1.33,133,885,1130,142,25849,7,196,1475,678,21373,4694,4.55325948,0.219622889,26067
35.7,699.7,7.63,16414,52236,1.31,98,422,599,127,19629,35,135,1086,820,22813,4806,4.746774865,0.210669355,27619
35.8,701.6,7.64,17169,55893,1.32,36,505,752,128,21515,19,99,1905,691,23462,4829,4.858562849,0.205822181,28291
35.9,703.6,7.63,16867,52170,1.39,54,434,671,89,17515,0,127,1031,856,24435,4951,4.935366593,0.202619194,29386
36,705.5,7.64,16616,52860,1.36,217,836,1127,154,19227,52,217,1072,576,23107,4512,5.12123227,0.195265504,27619
36.1,707.4,7.64,16618,51195,1.28,123,780,762,142,18819,21,153,986,602,22459,4452,5.044699012,0.198227882,26911
36.2,709.3,7.64,16232,53147,1.29,151,830,920,164,21085,0,20,1110,704,22009,4371,5.035232212,0.198600572,26380
36.3,711.3,7.65,15928,47594,1.29,39,426,558,107,16206,0,53,1104,570,22179,4511,4.916648193,0.203390595,26690
36.4,713.2,7.64,16535,55598,1.46,112,795,1086,208,24234,36,44,1104,781,20898,4242,4.926449788,0.202985932,25140
36.5,715.3,7.63,16489,53039,1.35,82,750,972,158,21078,0,87,1323,772,21404,4469,4.789438353,0.208792749,25873
36.6,717.2,7.63,16865,53159,1.36,80,626,825,92,20245,24,52,1062,654,22888,4810,4.758419958,0.210153792,27698
36.7,719.1,7.63,17123,58929,1.25,121,922,1205,189,23577,60,223,1104,825,23903,4795,4.984984359,0.200602435,28698
36.8,721.1,7.63,17459,55137,1.37,209,895,1198,125,19249,200,74,873,754,25443,4634,5.490504963,0.18213261,30077
36.9,723,7.62,16066,46792,1.29,42,411,451,127,12325,18,38,661,649,25627,4551,5.631070094,0.17758614,30178
37,724.9,7.62,16421,50170,1.37,53,538,682,97,15466,0,68,761,695,25647,4618,5.553702902,0.180060046,30265
37.1,726.9,7.62,16805,46672,1.2,19,276,212,66,10187,24,42,670,781,27373,5060,5.409683794,0.184853688,32433
37.2,728.9,7.61,18775,57423,1.32,20,523,802,134,18357,11,235,1250,755,27998,5289,5.293628285,0.18890635,33287
37.3,730.8,7.63,19889,55261,1.32,31,441,558,122,15449,24,0,840,819,29343,5438,5.395917617,0.185325291,34781
37.4,732.7,7.64,19041,53371,1.42,38,402,506,113,15865,0,81,807,772,27438,5163,5.314352121,0.188169692,32601
37.5,734.7,7.65,18110,54041,1.26,72,502,593,77,16863,69,191,1101,832,26502,4912,5.395358306,0.185344502,31414
37.6,736.7,7.66,17852,49548,1.38,0,204,272,41,12815,0,55,725,915,27239,5015,5.431505484,0.184111017,32254
37.7,738.6,7.64,18472,52693,1.23,22,404,429,111,15409,28,0,795,762,27661,5082,5.442935852,0.183724377,32743
37.8,740.6,7.63,18908,52975,1.28,90,397,368,93,14758,0,74,779,837,28203,5108,5.521339076,0.181115484,33311
37.9,742.5,7.63,18123,53579,1.4,60,503,709,88,17718,0,30,905,733,25977,4812,5.398379052,0.18524079,30789
38,744.5,7.64,17155,50786,1.43,42,533,473,111,16741,17,212,1080,781,24197,4540,5.329735683,0.187626565,28737
38.1,746.3,7.64,16459,48641,1.4,65,671,648,138,15270,20,0,840,651,24121,4459,5.409508858,0.184859666,28580
38.2,748.2,7.65,17310,52207,1.43,63,500,705,138,17601,81,233,937,677,24803,4420,5.611538462,0.178204249,29223
38.3,750.3,7.64,17089,48505,1.36,37,386,510,95,14232,0,79,661,632,25272,4493,5.624749611,0.177785692,29765
38.4,752.2,7.62,17206,49029,1.27,40,462,528,76,15251,29,0,781,642,24514,4560,5.375877193,0.186016154,29074
38.5,754.2,7.6,16779,49372,1.35,23,320,461,128,17022,0,61,1028,534,22766,4624,4.923442907,0.203109901,27390
38.6,756,7.59,17010,54109,1.34,55,497,698,159,23122,7,0,973,524,21174,4840,4.374793388,0.228582223,26014
38.7,757.9,7.59,16620,52506,1.32,55,523,691,154,21285,65,61,1190,717,21105,4622,4.566205106,0.219000237,25727
38.8,760,7.59,15804,47049,1.36,39,418,676,144,17647,14,7,1078,589,20290,4320,4.696759259,0.212912765,24610
38.9,761.8,7.59,14663,42761,1.24,102,365,333,117,14059,0,93,1087,721,19959,4237,4.710644324,0.212285185,24196
39,763.9,7.59,16371,54313,1.31,53,351,520,143,23679,43,171,1318,799,20614,4599,4.482278756,0.223100805,25213
39.1,765.9,7.6,16942,58958,1.35,57,694,887,145,27826,69,144,1196,653,21035,4397,4.783943598,0.209032565,25432
39.2,767.8,7.61,16492,55840,1.43,107,725,1005,163,22884,0,159,1269,847,22036,4736,4.652871622,0.214921038,26772
39.3,769.7,7.63,16851,49515,1.36,57,373,490,117,15462,0,134,838,724,24363,4769,5.108618159,0.19574765,29132
39.4,771.5,7.62,17642,49358,1.3,25,275,376,98,14813,0,11,618,800,25937,4626,5.606787722,0.178355245,30563
39.5,773.6,7.64,16882,50570,1.32,33,447,684,104,16365,0,121,783,692,24559,4591,5.34937922,0.186937579,29150
39.6,775.5,7.64,15580,47253,1.22,129,589,697,77,15368,62,123,949,787,22379,4457,5.02109042,0.199159927,26836
39.7,777.4,7.63,14493,42152,1.15,119,374,289,102,11491,0,0,917,697,21847,4470,4.887472036,0.204604751,26317
39.8,779.3,7.6,15202,45101,1.27,77,622,536,101,14447,0,119,1014,661,21665,4293,5.046587468,0.198153704,25958
39.9,781.2,7.57,15073,42941,1.42,87,309,393,54,13014,0,182,1042,734,21449,4160,5.156009615,0.193948436,25609
40,783.1,7.55,15846,49849,1.33,80,549,734,101,19124,0,47,973,680,21214,4513,4.700642588,0.212736872,25727
40.1,785,7.55,15540,47887,1.4,34,336,599,82,17544,0,173,1146,730,21175,4294,4.931299488,0.202786305,25469
40.2,786.8,7.55,16487,50486,1.37,14,318,421,123,17786,0,156,1147,737,22847,4805,4.75483871,0.210312076,27652
40.3,788.7,7.55,17277,53963,1.31,22,479,599,124,18831,28,120,900,686,25220,4930,5.115618661,0.195479778,30150
40.4,790.5,7.55,17874,53681,1.51,49,687,508,92,16527,0,131,1131,683,26782,5145,5.205442177,0.192106639,31927
40.5,792.3,7.56,18474,52509,1.35,26,281,450,60,13264,12,0,741,706,29605,5176,5.719667697,0.174835332,34781
40.6,794.2,7.55,18586,52107,1.51,26,202,366,92,12699,12,109,556,690,29870,5327,5.607283649,0.178339471,35197
40.7,796.1,7.56,18632,53701,1.27,13,311,324,74,14631,0,52,741,983,28854,5226,5.521239954,0.181118736,34080
40.8,797.9,7.55,18220,50114,1.34,43,258,304,76,13300,0,80,715,778,27761,4892,5.674775143,0.176218436,32653
40.9,799.7,7.55,17751,49494,1.22,20,288,372,59,13145,0,26,625,941,26797,4882,5.488938959,0.182184573,31679
41,801.6,7.53,16815,48797,1.23,10,294,338,74,15814,22,42,1095,561,23625,4727,4.997884493,0.200084656,28352
41.1,803.5,7.53,15938,49858,1.45,48,591,451,176,18594,0,179,1206,592,21234,4542,4.675033025,0.213902232,25776
41.2,805.3,7.52,16323,52551,1.32,38,504,647,168,20277,31,139,1155,665,22047,4641,4.750484809,0.210504831,26688
41.3,807.1,7.5,15988,51231,1.49,65,562,568,157,19052,0,231,952,856,21986,4514,4.870624723,0.205312472,26500
41.4,808.9,7.49,15059,46529,1.25,71,400,571,76,16476,65,149,1021,564,20669,4090,5.053545232,0.197880884,24759
41.5,810.8,7.48,13720,43857,1.39,82,400,524,107,17143,64,68,903,699,18037,4092,4.407869013,0.226866996,22129
41.6,812.6,7.46,13179,46233,1.32,136,650,739,189,20267,90,198,1172,586,16499,3959,4.167466532,0.239953937,20458
41.7,814.4,7.45,12765,45230,1.32,112,631,964,143,20842,62,61,1106,610,15109,3878,3.896080454,0.256668211,18987
41.8,816.3,7.44,12007,45389,1.37,134,1151,1084,189,21376,114,176,1617,744,13628,3772,3.612937434,0.276783094,17400
41.9,818.1,7.43,13720,57385,1.45,195,1342,1654,265,31213,108,83,1709,670,14410,3986,3.615153036,0.276613463,18396
42,820,7.43,12804,46575,1.3,109,931,1028,148,21846,34,173,1500,623,15049,3667,4.103899645,0.243670676,18716
42.1,822,7.43,13139,44187,1.21,61,522,650,138,18956,123,199,1278,735,16063,3705,4.335492578,0.230654299,19768
42.2,823.7,7.43,12995,45524,1.19,38,685,752,146,21240,33,151,1245,578,15173,3802,3.990794319,0.250576682,18975
42.3,825.5,7.45,13435,46444,1.34,73,999,799,180,21121,79,135,1156,568,16226,3727,4.353635632,0.229693085,19953
42.4,827.3,7.46,13421,42449,1.11,53,461,491,105,16670,18,106,1129,693,17107,3929,4.354034105,0.229672064,21036
42.5,829.1,7.47,13859,46145,1.35,43,537,561,157,20120,0,80,977,642,17329,3925,4.415031847,0.226498932,21254
42.6,831,7.46,15206,49808,1.35,45,407,541,120,20949,50,115,1103,575,19761,4182,4.725251076,0.211628966,23943
42.7,832.9,7.46,14999,49270,1.36,107,614,759,131,20453,8,144,973,683,19468,4240,4.591509434,0.217793302,23708
42.8,834.8,7.47,14593,45915,1.39,35,499,457,107,17914,48,85,846,635,19317,4167,4.635709143,0.215716726,23484
42.9,836.5,7.48,14464,49318,1.3,74,728,742,218,22311,50,18,953,597,17977,3927,4.577794754,0.218445792,21904
43,838.4,7.48,14451,47341,1.33,93,429,528,117,19333,54,168,1226,856,18447,4087,4.513579643,0.22155364,22534
43.1,840.2,7.49,14006,45231,1.47,76,560,589,150,18824,15,133,1117,573,17668,3847,4.592669613,0.217738284,21515
43.2,842,7.49,15328,59919,1.11,91,842,1470,211,32368,37,15,1169,621,17532,4031,4.349292979,0.229922428,21563
43.3,843.9,7.49,15427,51169,1.31,70,673,935,120,22180,115,0,916,640,19456,4300,4.524651163,0.221011513,23756
43.4,845.7,7.48,15293,45159,1.29,27,368,400,125,16055,34,130,780,671,20444,4114,4.969372873,0.201232635,24558
43.5,847.6,7.48,15460,47054,1.3,71,465,548,139,17146,100,137,1265,561,20711,4233,4.89274746,0.204384144,24944
43.6,849.5,7.48,14167,41459,1.35,36,320,515,73,14133,53,0,805,685,19018,4019,4.732022891,0.211326112,23037
43.7,851.2,7.49,14086,41448,1.23,34,368,580,125,14061,46,241,1071,687,18450,3922,4.704232534,0.212574526,22372
43.8,853.1,7.5,13977,41883,1.46,41,405,471,121,14358,0,95,986,693,18753,4209,4.455452602,0.224444089,22962
43.9,854.9,7.49,14920,42367,1.27,28,311,336,49,12509,0,164,995,779,21106,4268,4.945173383,0.202217379,25374
44,856.7,7.49,16427,47541,1.35,59,361,463,126,14656,25,70,1099,604,23290,4783,4.869328873,0.20536711,28073
44.2,860.4,6.93,18028,53472,1.53,37,437,481,124,18217,0,87,621,788,26101,4743,5.503057137,0.181717176,30844
44.3,862.2,6.91,17789,53317,1.41,54,454,624,128,18036,0,0,792,559,25302,4868,5.197617091,0.192395858,30170
44.4,863.9,6.9,17110,49848,1.33,57,409,555,130,16476,97,96,684,727,24221,4673,5.18317997,0.192931753,28894
44.5,865.8,6.9,17331,51388,1.44,41,338,747,133,18008,0,104,893,554,23915,4651,5.141904967,0.194480452,28566
44.6,867.6,6.9,16260,50837,1.4,33,496,670,164,18891,0,192,907,790,22096,4609,4.794098503,0.20858979,26705
44.7,869.5,6.91,16658,52011,1.41,59,376,575,137,19692,62,162,1120,716,22210,4654,4.772238934,0.20954525,26864
44.8,871.4,6.91,16879,50735,1.3,35,439,543,112,17771,0,249,879,623,23391,4897,4.776597917,0.209354025,28288
44.9,873.2,6.91,18413,59091,1.34,54,465,673,156,23692,85,61,1204,871,24547,4978,4.931096826,0.202794639,29525
45,875.1,6.94,17951,56158,1.47,45,520,541,179,21090,48,104,1137,727,24231,4917,4.928004881,0.202921877,29148
45.1,877.1,6.96,16959,49163,1.4,32,315,333,115,15579,0,196,961,585,23991,4809,4.988771054,0.200450169,28800
45.2,879.1,6.96,16452,47061,1.36,14,203,253,108,15095,0,129,1098,667,22757,4678,4.864685763,0.205563123,27435
45.3,881,6.97,16518,52355,1.27,133,499,637,173,19580,0,127,1041,750,22208,4835,4.593174767,0.217714337,27043
45.4,883.1,6.99,15486,46018,1.36,43,515,403,107,14830,68,126,941,647,21427,4674,4.584296106,0.218135997,26101
45.5,885.1,7.01,14957,43340,1.41,83,337,372,105,13976,0,63,1025,676,20516,4371,4.693662777,0.213053227,24887
45.6,887.2,7.01,15616,53712,1.46,98,924,919,180,23725,62,129,1171,698,19331,4389,4.404420141,0.227044643,23720
45.7,889.3,7.02,14985,48952,1.32,83,735,862,172,20187,52,80,949,760,19076,4107,4.644752861,0.215296708,23183
45.8,891.3,7.04,14316,47384,1.42,34,487,640,180,19479,5,142,1182,893,18491,4079,4.533218926,0.220593802,22570
45.9,893.3,7.05,15142,48055,1.5,17,364,460,120,18610,14,151,1128,660,19957,4365,4.572050401,0.218720249,24322
46,895.3,7.03,16127,52884,1.67,121,492,603,128,21996,14,181,1210,743,20056,4732,4.238377008,0.23593937,24788
46.1,897.4,7.03,16112,55671,1.48,198,910,1093,196,25069,0,228,1183,622,19596,4391,4.462764746,0.224076342,23987
46.2,899.5,7.05,14723,48131,1.41,68,515,748,150,20322,0,102,1179,526,18263,4030,4.531761787,0.220664732,22293
46.3,901.5,7.06,15686,54242,1.54,85,762,1068,187,24637,26,123,1162,686,19137,4301,4.449430365,0.224747871,23438
46.4,903.5,7.05,14843,46796,1.22,28,445,499,125,17608,26,73,1166,725,19722,4438,4.443893646,0.225027888,24160
46.5,905.6,7.05,16595,56612,1.31,74,767,810,198,25001,0,86,1321,828,20966,4638,4.520482967,0.221215301,25604
46.6,907.6,7.05,16619,53044,1.49,181,805,1059,148,20174,40,60,1169,739,22073,4454,4.955770094,0.201784986,26527
46.7,909.6,7.04,17319,52556,1.37,89,340,464,112,18358,0,111,1118,843,24601,4752,5.176978114,0.19316288,29353
46.8,911.6,7.03,18080,51313,1.31,57,335,431,107,14065,28,165,656,724,27904,5042,5.534311781,0.18069094,32946
46.9,913.7,7.03,18946,53545,1.32,99,342,437,133,15306,0,75,666,763,28765,5081,5.661287148,0.176638276,33846
47,915.7,7.03,19689,55714,1.32,19,231,325,88,14930,0,63,860,775,30534,5261,5.803839574,0.172299731,35795
47.1,917.7,7.03,19991,56560,1.45,12,331,481,68,15653,0,0,552,758,31225,5528,5.648516643,0.17703763,36753
47.2,919.8,7.01,20592,55544,1.39,31,384,521,73,14512,0,78,361,702,31917,5140,6.209533074,0.161042705,37057
47.3,921.8,7.01,20074,56099,1.3,39,389,443,132,15706,0,98,491,784,30452,5268,5.780561883,0.172993564,35720
47.4,923.9,7.01,18700,52989,1.47,16,331,473,92,16997,31,40,602,693,26907,4543,5.922738279,0.168840822,31450
47.5,925.9,7.02,17286,48515,1.36,30,261,383,114,15446,0,99,774,652,24219,4489,5.395188238,0.185350345,28708
47.6,927.9,7.03,16396,51709,1.44,69,526,618,176,21947,0,7,1180,641,20523,4235,4.846044864,0.206353847,24758
47.7,930,7.03,15595,50948,1.55,52,440,646,140,22013,0,248,1162,708,19362,4381,4.419538918,0.226267948,23743
47.8,932,7.03,15566,49111,1.28,69,499,589,155,19069,89,58,1143,670,20519,4425,4.637062147,0.215653784,24944
47.9,934,7.02,15710,51619,1.16,35,525,533,208,20674,0,94,1032,611,21509,4366,4.926477325,0.202984797,25875
48,936,7.03,15730,53156,1.42,61,453,859,147,22772,52,5,1262,701,20507,4599,4.459012829,0.224264885,25106
48.1,938.1,7.05,16842,50412,1.55,25,370,461,93,18003,0,121,960,740,22631,4693,4.822288515,0.207370421,27324
48.2,940.1,7.06,17346,52365,1.31,26,367,484,113,18728,29,0,923,695,24109,4693,5.137225655,0.194657597,28802
48.3,942.2,7.07,16511,51156,1.26,65,453,575,150,18925,42,93,868,764,22418,4458,5.028712427,0.19885806,26876
48.4,944.3,7.08,15928,49693,1.24,30,426,515,112,18847,107,33,995,728,21597,4211,5.12871052,0.194980784,25808
48.5,946.4,7.08,16391,50309,1.32,16,466,463,116,18059,12,31,914,756,22976,4586,5.010030528,0.199599582,27562
48.6,948.5,7.08,17603,54891,1.5,42,484,602,132,19807,54,154,1033,789,24826,4965,5.00020141,0.199991944,29791
48.7,950.5,7.09,19446,58698,1.31,35,417,509,135,19739,0,0,1018,859,28639,5172,5.537316319,0.180592898,33811
48.8,952.6,7.09,18801,54142,1.2,84,364,425,56,16730,0,0,596,766,27906,4947,5.640994542,0.177273705,32853
48.9,954.8,7.1,18705,54988,1.44,22,357,451,63,17213,0,61,828,742,27798,4916,5.654597234,0.176847255,32714
49,956.8,7.11,18059,54198,1.37,25,445,578,88,18212,37,71,827,838,26080,4743,5.498629559,0.181863497,30823
49.1,958.9,7.11,17691,54296,1.26,35,473,523,109,18187,57,164,935,640,26562,4758,5.58259773,0.179128078,31320
49.2,961.1,7.1,17778,56929,1.41,55,450,845,151,22979,0,163,839,635,24510,4413,5.554044867,0.18004896,28923
49.3,963.2,7.09,16739,48970,1.35,28,409,515,82,15955,19,75,959,560,23991,4497,5.334889927,0.187445292,28488
49.4,965.3,7.09,16358,47917,1.36,59,359,402,114,15101,63,86,1003,756,23090,4535,5.091510474,0.19640537,27625
49.5,967.3,7.09,15618,48381,1.2,42,483,498,139,17658,0,84,990,819,21013,4466,4.70510524,0.212535097,25479
49.6,969.4,7.1,15431,46248,1.54,52,309,421,112,15550,0,84,789,665,21930,4334,5.059990771,0.197628819,26264
49.7,971.5,7.1,15691,47258,1.41,28,298,535,111,16455,23,73,1114,727,21513,4330,4.968360277,0.201273648,25843
49.8,973.6,7.11,14929,43663,1.3,40,343,429,113,15548,0,132,867,731,19773,3990,4.955639098,0.20179032,23763
49.9,975.6,7.12,13434,44673,1.3,33,619,688,179,19501,0,50,1201,670,16303,3963,4.113802675,0.243084095,20266
50,977.7,7.11,13390,43992,1.53,9,231,376,117,17521,40,179,1360,758,17095,4224,4.047111742,0.247089792,21319
50.1,985.8,7.11,14206,48373,1.34,64,831,718,186,21560,57,142,1097,483,17080,4015,4.254047323,0.235070258,21095
50.2,993.9,7.12,14297,51011,1.44,88,811,1211,190,24149,64,173,1365,610,16609,4003,4.149138146,0.241013908,20612
50.3,1001.9,7.11,14665,51540,1.33,112,622,902,214,24118,39,264,1516,729,17091,4046,4.224172022,0.236732783,21137
50.4,1009.8,7.12,14783,51902,1.38,89,639,855,186,23965,0,278,1368,837,17286,4429,3.902912621,0.256218905,21715
50.5,1017.8,7.12,15490,50314,1.4,63,612,640,183,19951,0,183,1308,724,20096,4713,4.263950774,0.234524283,24809
50.6,1025.7,7.12,16494,52688,1.39,94,1031,789,148,19811,0,31,1480,680,22148,4671,4.741597088,0.210899404,26819
50.7,1033.5,7.12,17209,53236,1.35,41,611,580,135,19001,9,127,1021,616,24249,4821,5.029869322,0.198812322,29070
50.8,1041.5,7.13,17678,54839,1.3,100,528,667,150,18656,0,52,986,789,25489,5142,4.957020615,0.201734081,30631
50.9,1049.6,7.13,18361,54383,1.48,107,479,658,153,17271,81,155,1022,586,26517,5138,5.160957571,0.193762492,31655
51,1057.4,7.13,18281,52982,1.34,40,435,618,121,15754,46,97,726,703,27241,5040,5.404960317,0.185015234,32281
51.1,1065.3,7.13,18002,53888,1.28,53,290,629,147,14445,0,0,687,695,26068,4751,5.486844875,0.182254105,30819
51.2,1073.3,7.13,17624,51158,1.52,67,337,391,111,14851,0,64,604,761,25174,4822,5.22065533,0.191546834,29996
51.3,1081.4,7.13,17705,52151,1.41,65,373,484,86,17393,0,101,1031,668,25035,4988,5.01904571,0.199241063,30023
51.4,1089.4,7.13,18614,54357,1.44,74,370,489,47,16631,89,69,880,827,27450,5192,5.286979969,0.189143898,32642
51.5,1097.7,7.13,18729,54136,1.41,31,354,383,113,15908,56,9,752,850,28352,5041,5.624280897,0.177800508,33393
51.6,1105.6,7.13,18407,51074,1.44,22,298,323,146,14043,78,5,871,993,27142,4787,5.669939419,0.176368727,31929
51.7,1113.5,7.13,17121,48554,1.4,25,288,330,94,14698,50,153,820,856,24113,4644,5.192291128,0.192593207,28757
51.8,1121.5,7.13,16731,52711,1.45,91,624,679,193,20859,23,47,938,779,21653,4420,4.898868778,0.204128758,26073
51.9,1129.4,7.14,16172,53960,1.51,46,562,784,155,23080,86,5,1192,709,20611,4377,4.708933059,0.212362331,24988
52,1137.4,7.13,16337,51859,1.43,29,404,576,148,19988,114,205,1421,791,21533,4504,4.780861456,0.209167325,26037
52.1,1145.3,7.13,16160,48648,1.35,23,289,351,113,17191,0,131,910,792,22170,4666,4.751393056,0.210464592,26836
52.2,1153.2,7.13,15913,46268,1.36,32,278,386,48,16016,0,0,777,646,21714,4280,5.073364486,0.197107857,25994
52.3,1161.1,7.13,15719,50491,1.44,29,560,712,150,19229,31,62,1167,832,21043,4457,4.721337222,0.211804401,25500
52.4,1169.2,7.14,15742,50823,1.43,64,509,711,150,20676,59,0,1094,719,20198,4323,4.672218367,0.214031092,24521
52.5,1177.3,7.14,14902,46017,1.34,63,483,582,158,16914,0,46,983,562,19769,4110,4.809975669,0.20790126,23879
52.6,1185.3,7.12,14981,45747,1.34,41,554,507,116,17363,0,157,1267,628,18796,4145,4.534620024,0.220525644,22941
52.7,1193.3,7.11,14430,47160,1.46,39,559,550,126,20906,0,189,1126,673,16848,4111,4.098272926,0.244005223,20959
52.8,1201.4,7.11,14127,47250,1.45,175,402,603,141,21591,26,128,1357,558,15931,4157,3.832331008,0.260937794,20088
52.9,1209.2,7.12,14431,51598,1.39,57,477,688,185,25708,75,174,1522,656,15873,4063,3.906719173,0.255969256,19936
53,1217.4,7.13,14180,46988,1.47,53,381,508,177,20621,0,108,1272,756,17064,4098,4.16398243,0.240154712,21162
53.1,1225.4,7.13,14177,47657,1.34,81,668,839,147,21158,0,94,1241,608,17103,4322,3.957195743,0.252704204,21425
53.2,1233.4,7.14,15862,61468,1.42,94,934,1579,220,31974,24,149,1571,792,17667,4503,3.92338441,0.254881983,22170
53.3,1241.4,7.13,15797,54836,1.35,69,669,912,207,23740,68,115,1352,719,20211,4676,4.322284003,0.231359161,24887
53.4,1249.4,7.14,16557,58688,1.29,182,913,1109,169,26359,61,270,1360,665,20792,4749,4.378184881,0.228405156,25541
53.5,1257.3,7.14,16854,56067,1.29,107,596,873,166,24137,6,0,928,650,22045,4586,4.807021369,0.208029032,26631
53.6,1265.4,7.14,15860,52162,1.45,123,566,663,183,20869,34,319,1139,661,20860,4397,4.744143734,0.210786194,25257
53.7,1273.4,7.14,16038,53396,1.35,79,562,821,199,22964,49,231,1158,654,20064,4392,4.568306011,0.218899522,24456
53.8,1281.3,7.14,15000,48525,1.37,161,575,681,147,20284,13,124,1221,704,18287,4196,4.358198284,0.229452617,22483
53.9,1289.4,7.14,14316,50466,1.44,87,655,930,231,24186,28,228,1586,567,16170,3963,4.080242241,0.245083488,20133
54,1297.3,7.14,14265,51014,1.34,61,580,840,170,24984,32,112,1607,763,15810,4112,3.844844358,0.260088552,19922
54.1,1305.5,7.15,14521,52889,1.26,60,664,905,222,26663,121,122,1411,691,15860,4227,3.752070026,0.266519546,20087
54.2,1313.5,7.14,14237,47959,1.34,86,649,742,171,20661,46,189,1257,662,17299,4227,4.092500591,0.244349384,21526
54.3,1321.4,7.15,14328,51526,1.43,94,900,951,193,24461,161,203,1410,700,16558,4255,3.891421857,0.25697548,20813
54.4,1329.3,7.15,14358,48034,1.58,41,497,725,142,21545,53,131,1317,646,17036,4001,4.257935516,0.2348556,21037
54.5,1337.2,7.16,14425,51013,1.45,25,807,732,179,24483,29,154,1276,777,16565,4132,4.008954501,0.249441594,20697
54.6,1345.2,7.17,14340,50279,1.3,50,530,759,227,23147,41,192,1552,673,16607,4164,3.988232469,0.250737641,20771
54.7,1353.2,7.16,14564,51244,1.46,102,773,804,213,24248,41,238,1520,716,16644,4216,3.947817837,0.253304494,20860
54.8,1361.3,7.15,15292,52861,1.29,49,552,793,202,25445,37,125,1139,726,17668,4214,4.19269103,0.238510301,21882
54.9,1369.2,7.14,15280,52338,1.3,33,588,786,186,23899,109,66,1236,706,18609,4198,4.432825155,0.225589768,22807
55,1377.4,7.15,15974,54701,1.48,45,452,701,174,24369,110,113,1459,786,19915,4501,4.424572317,0.226010545,24416
55.1,1384.7,7.16,17022,53310,1.44,128,533,675,134,18629,9,172,1343,852,23774,5117,4.646081688,0.215235131,28891
55.2,1392.3,7.16,17594,51972,1.29,157,285,433,146,16141,0,0,941,827,25650,5228,4.90627391,0.203820663,30878
55.3,1400.1,7.16,18426,57943,1.41,128,730,565,149,19966,0,113,1041,946,26653,5507,4.839840203,0.206618392,32160
55.4,1408.2,7.18,18955,60848,1.36,38,477,689,166,22697,39,237,943,781,27624,5030,5.491848907,0.182088039,32654
55.5,1416.1,7.18,19859,61860,1.32,79,472,817,101,21341,55,77,715,1025,29755,5223,5.69691748,0.175533524,34978
55.6,1424.2,7.17,20037,59293,1.29,57,384,541,128,16577,67,104,716,1000,31604,5320,5.940601504,0.168333122,36924
55.7,1432,7.17,19583,55417,1.4,42,296,474,92,14046,88,72,572,958,31210,5086,6.136453008,0.16296059,36296
55.8,1440.4,7.18,19797,57976,1.43,76,439,669,90,16101,136,79,516,829,31681,5234,6.052923194,0.165209432,36915
55.9,1448,7.17,19760,56615,1.3,19,331,730,97,15367,93,88,495,839,31372,5144,6.098755832,0.163967869,36516
56,1455.8,7.17,19782,56864,1.5,25,335,679,87,16883,0,86,488,821,29903,4989,5.99378633,0.166839448,34892
56.1,1464,7.17,19122,50360,1.3,24,267,295,55,11737,17,112,424,702,29250,4851,6.029684601,0.165846154,34101
56.2,1471.8,7.17,17785,46727,1.46,36,196,233,98,11470,0,48,522,812,26431,4524,5.84239611,0.17116265,30955
56.3,1479.7,7.17,16487,45918,1.52,15,201,385,116,13816,0,4,712,755,22782,4539,5.019167217,0.199236239,27321
56.4,1487.7,7.16,16225,47052,1.51,6,240,356,92,15345,0,129,1103,926,22221,4514,4.92268498,0.203141173,26735
56.5,1495.7,7.17,16785,51773,1.3,32,382,553,138,18420,84,197,889,769,23398,4695,4.983599574,0.200658176,28093
56.6,1503.5,7.17,17399,51816,1.38,17,303,441,137,16410,31,0,978,764,25446,4979,5.110664792,0.19566926,30425
56.7,1511.6,7.17,17485,50177,1.42,72,231,397,102,14716,0,0,789,696,26332,4923,5.348771075,0.186958833,31255
56.8,1519.5,7.18,18316,52115,1.35,0,187,405,109,14702,25,81,711,931,27672,4970,5.567806841,0.179603932,32642
56.9,1527.6,7.19,17990,52213,1.45,93,381,456,148,14741,0,150,751,743,27382,4846,5.650433347,0.176977577,32228
57,1535.5,7.19,17854,52172,1.36,69,266,424,127,15455,23,128,795,832,26578,4928,5.393262987,0.18541651,31506
57.1,1543.2,7.2,18005,53909,1.26,61,434,635,133,17501,0,82,819,849,26292,4922,5.341731004,0.187205234,31214
57.2,1551.1,7.2,17491,48348,1.31,132,270,411,78,12892,32,108,951,824,25893,4694,5.516190882,0.181284517,30587
57.3,1559.2,7.2,16757,48296,1.33,33,319,509,94,14942,0,112,707,597,24011,4469,5.372790333,0.186123027,28480
57.4,1567.3,7.21,15920,49254,1.46,27,314,425,117,17638,0,71,1170,701,21846,4631,4.717339667,0.211983887,26477
57.5,1575.2,7.21,17846,53140,1.42,76,253,388,117,16363,0,84,612,946,27191,5009,5.428428828,0.184215365,32200
57.6,1583,7.21,18868,54780,1.33,54,325,440,78,15366,0,59,786,716,29140,5128,5.682527301,0.175978037,34268
57.7,1590.9,7.19,18964,54344,1.39,18,251,411,105,14153,43,36,655,955,30001,5323,5.636107458,0.177427419,35324
57.8,1598.6,7.2,18426,53803,1.33,105,275,431,122,15745,13,99,736,685,28580,4874,5.863766927,0.170538838,33454
57.9,1606.5,7.19,19064,55500,1.38,85,354,442,105,15682,73,86,513,746,29828,5087,5.863573816,0.170544455,34915
58,1614.8,7.2,18509,55420,1.37,52,352,535,142,17666,0,30,746,765,28177,4870,5.785831622,0.172836001,33047
58.1,1622.6,7.2,19279,59294,1.31,44,383,659,130,21053,50,48,695,882,28184,5056,5.574367089,0.179392563,33240
58.2,1630.5,7.2,18589,52635,1.35,28,335,364,135,15108,19,0,596,808,28235,4549,6.20685865,0.161112095,32784
58.3,1638.6,7.21,17249,49435,1.49,67,316,475,103,15373,16,64,748,650,24721,4760,5.193487395,0.192548845,29481
58.4,1646.6,7.22,16896,47766,1.34,41,276,439,115,14924,0,0,756,664,23853,4561,5.229774172,0.191212845,28414
58.5,1654.6,7.22,16641,47744,1.48,25,255,420,79,15159,0,180,799,613,23530,4464,5.271057348,0.189715257,27994
58.6,1662.2,7.22,16501,49758,1.42,32,315,478,141,16779,20,142,1094,731,23041,4815,4.785254413,0.208975305,27856
58.7,1670.1,7.22,17012,49237,1.36,72,317,504,102,14757,0,0,1041,873,24319,4827,5.038118914,0.19848678,29146
58.8,1678.1,7.22,17713,50928,1.2,24,290,465,92,14529,45,38,858,687,26890,5135,5.23661149,0.190963183,32025
58.9,1686.1,7.21,18320,54021,1.28,32,301,470,115,14668,86,0,709,931,29192,5226,5.585916571,0.17902165,34418
59,1693.8,7.22,19330,58036,1.38,65,400,671,160,16228,39,100,761,989,30839,5520,5.586775362,0.178994131,36359
59.1,1701.6,7.21,19864,56496,1.24,37,344,458,101,13430,0,151,523,832,32795,5439,6.02960103,0.165848453,38234
59.2,1709.6,7.21,19664,60876,1.32,54,441,826,120,18320,6,0,697,847,31642,5482,5.771981029,0.173250743,37124
59.3,1717.8,7.22,19644,57315,1.4,49,453,664,109,14428,11,75,845,1049,32381,5264,6.151405775,0.162564467,37645
59.4,1725.7,7.21,19828,54764,1.39,35,249,362,81,11200,0,104,672,931,33017,5554,5.944724523,0.168216373,38571
59.5,1733.4,7.2,19854,54202,1.22,16,187,316,50,11013,34,117,468,966,33085,5484,6.033005106,0.165754874,38569
59.6,1740.9,7.21,19920,56680,1.37,33,220,470,68,13999,0,73,357,945,32619,5323,6.127935375,0.1631871,37942
59.7,1748.9,7.19,19378,53321,1.51,50,245,326,98,11250,0,239,542,954,31635,5268,6.005125285,0.166524419,36903
59.8,1757.2,7.19,19739,53194,1.3,32,202,267,53,10406,0,149,631,756,32524,5602,5.805783649,0.172242037,38126
59.9,1765.2,7.18,19806,53686,1.22,22,240,348,75,11205,23,135,471,943,32637,5388,6.057349666,0.165088703,38025
60,1773.1,7.17,20729,60148,1.43,25,282,365,105,16139,0,112,528,923,33206,5650,5.877168142,0.170149973,38856
60.1,1779.5,7.17,21066,56574,1.26,10,193,224,82,10785,0,66,268,1004,35874,5733,6.257456829,0.159809333,41607
60.2,1785.9,7.17,20918,57135,1.18,38,229,370,87,11576,0,0,198,1016,35846,5567,6.439015628,0.155303242,41413
60.3,1792.5,7.17,20784,57127,1.41,34,212,311,87,11053,0,30,222,1007,35618,5791,6.150578484,0.162586333,41409
60.4,1798.9,7.17,20682,57099,1.4,26,220,341,79,12192,4,0,247,1038,34769,5761,6.035236938,0.165693578,40530
60.5,1805.5,7.17,21107,57051,1.29,23,241,291,63,10779,0,0,237,723,35688,5740,6.217421603,0.160838377,41428
60.6,1812,7.16,21058,57190,1.3,40,207,326,52,10407,0,0,11,1010,35963,5748,6.256610995,0.159830937,41711
60.7,1818.8,7.16,20524,56751,1.28,17,255,264,130,12010,0,0,340,811,34376,5500,6.250181818,0.159995346,39876
60.8,1825.1,7.16,20933,59547,1.37,34,274,337,93,13465,0,57,468,1041,35383,5695,6.212993854,0.160953,41078
60.9,1831.9,7.14,20611,56609,1.32,64,238,353,54,11956,0,0,215,930,34557,5784,5.974585062,0.16737564,40341
61,1838.4,7.14,20591,58782,1.38,22,238,304,82,15554,51,0,171,838,33554,5561,6.033806869,0.165732849,39115
61.1,1845.2,7.14,20537,57768,1.32,10,182,353,88,14678,69,88,321,929,32952,5486,6.006562158,0.166484584,38438
61.2,1851.8,7.14,20419,57650,1.42,17,175,269,29,12646,0,58,311,941,33789,5537,6.102402023,0.163869898,39326
61.3,1858.1,7.14,20708,59198,1.43,32,240,371,84,15594,0,28,258,1008,33191,5439,6.102408531,0.163869724,38630
61.4,1864.7,7.13,20004,55296,1.29,17,137,199,94,12658,0,4,311,892,32703,5456,5.993951613,0.166834847,38159
61.5,1871.2,7.13,19698,52907,1.37,36,173,277,106,11640,0,0,728,817,31063,5315,5.844402634,0.171103886,36378
61.6,1877.3,7.13,20206,54484,1.3,0,200,224,90,11430,0,0,343,832,32585,5498,5.926700618,0.168727942,38083
61.7,1884,7.13,19772,54632,1.35,19,211,286,91,10871,0,58,550,900,32702,5748,5.689283229,0.175769066,38450
61.8,1890.7,7.14,20299,58810,1.45,48,344,672,91,15639,39,171,728,862,32310,5529,5.843733044,0.171123491,37839
61.9,1897.2,7.14,20570,59604,1.29,33,230,410,89,16338,10,137,528,898,32760,5374,6.096017864,0.164041514,38134
62,1903.7,7.14,20765,56898,1.36,50,202,387,82,13157,18,32,192,1048,33722,5330,6.326829268,0.158057055,39052
62.1,1910,7.14,20815,57400,1.31,48,239,334,77,13409,0,101,180,1022,33886,5568,6.085847701,0.164315647,39454
62.2,1916.5,7.13,19926,56550,1.35,56,298,364,111,14771,0,54,314,941,31804,5398,5.891811782,0.169727078,37202
62.3,1923.4,7.13,19231,54228,1.23,24,266,354,120,13321,0,88,513,1077,30557,5414,5.644070927,0.177177079,35971
62.4,1929.6,7.13,19754,57320,1.31,67,292,380,125,15088,0,110,677,1097,31518,5288,5.960287443,0.167777143,36806
62.5,1936.5,7.12,20455,60691,1.47,67,291,587,160,16766,75,107,296,1148,32895,5774,5.697090405,0.175528196,38669
62.6,1942.8,7.12,20528,59873,1.33,47,345,593,132,14763,19,78,342,1218,33972,5473,6.207198977,0.161103262,39445
62.7,1949.1,7.13,20290,58039,1.35,74,253,448,121,14180,0,154,247,1240,33607,5419,6.20169773,0.161246169,39026
62.8,1955.5,7.13,20378,57780,1.34,44,190,372,122,12767,54,172,356,1150,34193,5560,6.149820144,0.162606381,39753
62.9,1962.6,7.12,20256,55511,1.4,47,178,326,117,11589,0,92,254,980,33864,5714,5.926496325,0.168733759,39578
63,1969,7.12,19914,54667,1.23,54,215,296,119,11734,27,160,363,887,32957,5331,6.182142187,0.161756228,38288
63.1,1975.8,7.11,19538,52612,1.48,77,188,312,87,10268,0,169,336,997,32525,5234,6.214176538,0.160922367,37759
63.2,1982.3,7.12,19492,54860,1.31,56,196,439,137,11805,0,163,652,1135,32011,5716,5.600244927,0.178563619,37727
63.3,1989,7.11,19836,56382,1.21,78,250,402,107,12567,55,205,845,1182,32503,5460,5.952930403,0.167984494,37963
63.4,1995.1,7.11,19872,54740,1.24,83,204,286,104,10570,7,108,485,1171,33318,5800,5.744482759,0.174080077,39118
63.5,2001.6,7.12,20086,53809,1.4,43,166,254,114,9020,0,133,386,1093,34613,5832,5.935013717,0.168491607,40445
63.6,2008,7.12,20680,56468,1.23,49,196,334,132,10036,53,151,426,1222,35866,5779,6.20626406,0.16112753,41645
63.7,2015.2,7.13,21273,59104,1.3,63,298,544,134,11527,62,142,437,1084,36441,5915,6.160777684,0.16231717,42356
63.8,2021.6,7.14,21945,58212,1.27,33,143,250,89,9463,0,50,199,1086,38440,5941,6.470291197,0.154552549,44381
63.9,2028.6,7.14,22300,59436,1.3,44,158,238,88,8935,44,105,232,1120,39611,6220,6.368327974,0.157027088,45831
64,2034.4,7.15,22347,59622,1.29,44,170,232,91,8806,0,120,137,1073,39946,6099,6.549598295,0.15268112,46045
64.1,2041,7.15,22986,60692,1.2,53,225,351,80,10085,0,0,134,1055,39800,6223,6.395629118,0.156356784,46023
64.2,2047.9,7.14,22753,58575,1.37,53,197,214,56,7695,0,0,115,1025,40175,5888,6.823199728,0.146558805,46063
64.3,2054.3,7.15,21937,58209,1.35,93,227,231,89,8772,0,0,116,1247,38796,6152,6.306241873,0.158573049,44948
64.4,2060.9,7.16,21263,56429,1.23,43,246,281,64,9450,14,30,0,1165,37031,5888,6.289232337,0.159001917,42919
64.5,2067.8,7.15,20910,56129,1.27,33,161,318,44,9628,0,81,121,1251,36312,5667,6.407623081,0.156064111,41979
64.6,2074,7.14,20911,55377,1.31,79,207,274,104,8787,0,152,105,1036,36118,5675,6.364405286,0.157123872,41793
64.7,2080.6,7.14,20311,54262,1.15,37,209,243,84,9669,35,58,123,1247,34186,5867,5.826828021,0.171619961,40053
64.8,2087.3,7.14,19821,54820,1.28,56,243,214,85,11011,88,259,139,1449,33104,5620,5.890391459,0.169768004,38724
64.9,2093.9,7.15,19284,52231,1.28,66,226,262,150,10329,0,244,96,1317,31803,5229,6.082042456,0.164418451,37032
65,2100.5,7.15,17876,49436,1.37,97,209,282,149,10231,0,279,229,1371,28976,5196,5.576597383,0.179320817,34172
65.1,2108.7,7.16,17859,51963,1.33,94,346,411,148,12386,39,283,342,1593,28616,5351,5.347785461,0.18699329,33967
65.2,2116.8,7.17,17408,49928,1.2,107,242,314,120,11510,54,322,298,1451,28020,5275,5.311848341,0.188258387,33295
65.3,2124.6,7.18,17763,49836,1.32,83,229,323,139,10038,0,252,254,1449,29660,5204,5.699461952,0.175455158,34864
65.4,2132.7,7.18,18401,51958,1.31,90,171,189,138,10621,14,249,106,1593,31084,5363,5.796009696,0.172532493,36447
65.5,2140.7,7.18,18196,49360,1.26,98,172,221,140,9718,37,251,35,1262,29916,5403,5.536923931,0.180605696,35319
65.6,2148.7,7.18,17847,50281,1.36,107,173,224,159,11028,16,235,150,1506,28927,5242,5.518313621,0.181214782,34169
65.7,2157.2,7.19,17317,49716,1.34,108,181,220,201,12825,88,406,164,1527,26602,5216,5.100076687,0.196075483,31818
65.8,2165,7.2,16930,51097,1.42,147,253,249,241,14855,89,498,26,1818,25459,5194,4.901617251,0.204014297,30653
65.9,2173.3,7.21,16897,51633,1.42,179,202,312,262,16231,194,601,217,1837,24377,5070,4.808086785,0.207982935,29447
66,2181.6,7.2,17204,53079,1.45,194,268,255,261,16948,178,469,24,1999,25055,5092,4.920463472,0.203232888,30147
66.1,2190,7.21,17324,54269,1.57,204,278,335,257,18019,149,438,116,1852,25126,5088,4.938286164,0.202499403,30214
66.2,2197.8,7.21,18140,57436,1.31,267,201,318,305,19343,156,636,38,2063,26964,5247,5.138936535,0.19459279,32211
66.3,2205.9,7.21,19222,60925,1.35,352,243,363,363,19632,230,510,0,2025,29460,5570,5.289048474,0.189069925,35030
66.4,2214.3,7.21,19981,62531,1.28,363,222,315,343,18621,101,469,30,2029,32015,5865,5.458653026,0.183195377,37880
66.5,2222.4,7.21,20975,65341,1.43,316,216,289,354,18370,220,422,59,1763,34756,6030,5.76384743,0.173495224,40786
66.6,2230.3,7.22,21881,64437,1.37,275,242,308,260,16434,65,342,70,1460,36695,5879,6.241707773,0.160212563,42574
66.7,2238.2,7.21,22357,63405,1.11,187,210,228,234,13655,41,420,118,1459,38333,6101,6.283068349,0.159157906,44434
66.8,2246.5,7.22,22574,62333,1.34,163,223,239,186,12090,59,163,61,1341,39026,6034,6.467683129,0.154614872,45060
66.9,2254.9,7.21,22452,61022,1.23,148,161,253,141,10178,62,118,193,1216,39548,6255,6.322621902,0.158162233,45803
67,2262.6,7.22,22756,62810,1.2,210,216,279,200,12292,54,47,72,1248,39467,5877,6.715501106,0.148909215,45344
67.1,2270.7,7.21,22762,62285,1.33,186,209,257,191,10791,5,135,113,1159,39803,6114,6.510140661,0.153606512,45917
67.2,2278.9,7.2,22710,61550,1.35,191,255,191,107,10850,44,84,0,1186,39592,6004,6.594270486,0.151646797,45596
67.3,2287.2,7.19,22672,60637,1.31,152,202,235,126,9653,0,26,83,1134,39822,6012,6.623752495,0.150971825,45834
67.4,2295.3,7.18,22836,62038,1.31,154,196,230,115,10371,75,0,116,1113,40638,5973,6.803616273,0.146980658,46611
67.5,2303,7.18,22779,61681,1.34,117,204,219,155,10222,0,63,78,1080,40278,6495,6.201385681,0.161254283,46773
67.6,2311.3,7.17,22942,61480,1.29,166,179,177,126,10635,15,65,53,1102,39915,5955,6.702770781,0.149192033,45870
67.7,2319.3,7.16,23139,62211,1.36,133,233,225,151,10414,8,45,78,1271,40582,6055,6.702229562,0.149204081,46637
67.8,2327.3,7.14,22875,60711,1.3,80,163,208,83,9342,0,65,155,920,40429,5971,6.770892648,0.147691014,46400
67.9,2335.7,7.15,22875,60621,1.4,98,176,157,71,9013,9,115,137,951,40711,6122,6.649950996,0.150377048,46833
68,2344,7.13,23633,62835,1.37,73,151,162,115,9516,6,0,254,1064,41655,6362,6.547469349,0.152730765,48017
68.1,2352.5,7.11,23613,62486,1.45,139,187,232,95,10244,0,0,110,1103,41526,6066,6.845697329,0.146077156,47592
68.2,2360.7,7.1,23260,60725,1.48,91,209,199,142,9547,23,0,48,1092,40486,5995,6.753294412,0.148075878,46481
68.3,2368.5,7.1,23583,63103,1.27,139,177,200,125,11201,0,0,160,1184,40692,6157,6.609062855,0.151307382,46849
68.4,2376.6,7.09,23670,63308,1.52,125,209,197,175,10849,0,0,173,1016,40997,6185,6.628455942,0.150864697,47182
68.5,2384.7,7.09,23419,61562,1.35,69,141,203,95,9593,0,0,53,1070,41108,6289,6.536492288,0.152987253,47397
68.6,2393,7.08,23554,61718,1.26,79,186,186,93,9725,0,0,38,893,41162,6284,6.550286442,0.152665079,47446
68.7,2400.7,7.06,23420,61272,1.39,72,153,159,91,9283,0,0,201,994,40937,6065,6.749711459,0.148154481,47002
68.8,2408.9,7.07,23320,61977,1.24,74,173,246,113,10411,0,0,244,1056,40640,6201,6.553781648,0.152583661,46841
68.9,2417.3,7.07,23213,61698,1.31,139,197,239,75,9709,78,122,234,1195,40623,6312,6.435836502,0.155379957,46935
69,2425,7.06,23529,63449,1.3,113,183,293,113,9925,21,102,221,1147,41568,6411,6.483855873,0.154229215,47979
69.1,2433.5,7.08,23320,62154,1.3,121,257,291,104,10079,55,71,179,910,40453,6363,6.357535754,0.157293649,46816
69.2,2441.9,7.07,23264,61783,1.4,133,177,261,82,9067,0,29,248,1074,40962,6474,6.327154773,0.158048923,47436
69.3,2450.2,7.05,23675,62927,1.29,98,224,251,89,10198,0,150,202,994,41236,6253,6.594594595,0.151639344,47489
69.4,2458.1,7.04,23760,60962,1.23,88,135,193,62,8469,0,0,0,817,41959,6293,6.667567138,0.149979742,48252
69.5,2466.5,7.04,23279,60775,1.3,92,167,206,109,8738,0,5,152,911,40950,6108,6.7043222,0.149157509,47058
69.6,2474.7,7.06,23055,61718,1.33,133,237,289,75,9516,31,0,69,987,40674,6286,6.47056952,0.154545902,46960
69.7,2483,7.06,22735,62177,1.26,113,219,258,72,10035,0,143,307,1019,40273,6235,6.459182037,0.154818365,46508
69.8,2491.2,7.06,22554,60757,1.26,100,209,279,83,9060,19,68,225,976,40694,5960,6.827852349,0.146458937,46654
69.9,2499.4,7.07,22823,61316,1.23,77,201,242,63,9230,0,123,333,1103,40242,6218,6.471855902,0.154515183,46460
70,2507.6,7.08,22610,60065,1.37,90,211,223,83,8839,0,10,105,1091,39797,6311,6.305973697,0.158579792,46108
70.1,2515.3,7.08,22293,57854,1.29,42,138,224,50,7182,0,18,152,963,40070,5875,6.820425532,0.146618418,45945
70.2,2522.8,7.08,22831,58657,1.22,13,121,145,81,7580,0,51,224,927,40453,5922,6.830969267,0.146392109,46375
70.3,2530.7,7.08,22613,58136,1.16,13,130,187,101,7804,8,0,125,1060,39627,5947,6.663359677,0.150074444,45574
70.4,2538.8,7.08,22270,57770,1.23,61,172,216,52,7871,0,235,275,1045,38710,6132,6.312785388,0.15840868,44842
70.5,2546.6,7.1,22022,59056,1.36,57,171,277,92,8579,6,94,301,937,38562,6073,6.349744772,0.157486645,44635
70.6,2554.2,7.09,21219,56374,1.29,47,159,266,59,8110,0,176,283,1061,37240,6067,6.138124279,0.162916219,43307
70.7,2562.1,7.09,21743,57823,1.33,38,172,233,92,7659,25,220,678,1168,38158,5909,6.45760704,0.154856125,44067
70.8,2569.8,7.1,22797,62590,1.14,42,216,312,73,9844,0,70,748,906,40099,6316,6.348796707,0.157510162,46415
70.9,2577.8,7.1,23106,63128,1.37,55,212,298,66,9482,0,186,528,983,40906,6371,6.420656098,0.155747323,47277
71,2585.6,7.13,23527,63881,1.32,45,218,265,97,9461,0,0,377,957,42104,6193,6.79864363,0.147088163,48297
71.1,2593.4,7.16,23578,64030,1.4,25,190,287,74,9012,0,165,156,1131,42476,6338,6.701798675,0.149213674,48814
71.2,2601.2,7.16,23627,64204,1.46,33,185,216,56,8537,0,43,301,1139,42598,6525,6.528429119,0.153176205,49123
71.3,2608.9,7.17,23341,63177,1.32,28,334,257,81,8796,0,78,301,855,41849,6261,6.684076026,0.14960931,48110
71.4,2616.8,7.19,23535,62199,1.29,31,192,193,84,8315,0,0,197,1029,41669,6195,6.726230831,0.148671674,47864
71.5,2624.6,7.19,23578,64921,1.31,87,276,269,68,10265,0,8,306,979,41930,6220,6.741157556,0.148342476,48150
71.6,2632.3,7.18,23347,62458,1.38,56,206,255,74,8723,0,135,127,1125,41549,6270,6.626634769,0.150906159,47819
71.7,2640.1,7.18,22735,61117,1.36,43,184,155,78,7674,0,25,83,970,41647,6225,6.690281124,0.14947055,47872
71.8,2648,7.17,22914,60174,1.31,21,129,141,63,7226,0,0,134,931,41425,6092,6.79990151,0.147060954,47517
71.9,2656.1,7.16,23088,61215,1.33,42,170,215,59,7870,0,0,115,1138,41255,6249,6.601856297,0.151472549,47504
72,2664.1,7.16,22760,60701,1.23,47,168,154,54,7623,0,18,84,881,41373,6325,6.541185771,0.15287748,47698
72.1,2672.1,7.15,23052,61625,1.48,36,223,252,66,9009,0,149,171,887,41179,6155,6.690333063,0.14946939,47334
72.2,2679.6,7.14,23051,61234,1.31,49,153,177,83,8077,30,63,247,984,41477,6162,6.731093801,0.148564265,47639
72.3,2687.6,7.16,22976,60069,1.36,7,128,193,82,7610,0,0,113,910,41295,6074,6.798649984,0.147088025,47369
72.4,2695.6,7.16,23030,60734,1.27,29,168,134,96,7784,0,41,163,931,41735,6009,6.945415211,0.143979873,47744
72.5,2703.8,7.15,22617,60892,1.28,39,186,164,78,8364,0,6,225,927,40925,6196,6.605067786,0.1513989,47121
72.6,2711.7,7.16,22811,60964,1.22,54,203,184,93,8656,0,0,248,786,41199,6110,6.742880524,0.14830457,47309
72.7,2719.2,7.16,22865,59917,1.21,40,167,134,82,7853,0,0,160,868,41103,6290,6.534658188,0.153030192,47393
72.8,2727.2,7.16,23123,59898,1.22,21,118,118,49,6617,0,0,182,870,42071,6630,6.345550528,0.157590739,48701
72.9,2735.1,7.15,23383,60118,1.34,8,118,48,36,6320,0,0,142,946,42643,6529,6.531321795,0.153108365,49172
73,2742.7,7.17,23638,61167,1.29,16,168,90,74,7393,0,0,18,842,43027,6272,6.860172194,0.145768936,49299
73.1,2750.7,7.17,24074,62017,1.32,36,186,134,74,7713,0,0,64,875,43252,6669,6.485530064,0.154189402,49921
73.2,2758.6,7.17,24440,64062,1.3,33,245,151,51,8824,10,27,311,1007,43519,6370,6.831868132,0.146372849,49889
73.3,2766.3,7.18,24239,63300,1.26,26,212,143,67,8686,0,63,119,1152,43008,6498,6.618651893,0.15108817,49506
73.4,2774.5,7.2,23696,62171,1.22,20,200,143,26,8242,0,20,314,1046,42276,6423,6.581971042,0.151930173,48699
73.5,2782.2,7.22,23596,61209,1.27,26,167,106,59,7397,0,0,152,964,42943,6274,6.844596748,0.146100645,49217
73.6,2790.2,7.22,23529,59863,1.22,22,152,96,46,6731,0,0,159,934,42372,6314,6.710801394,0.149013499,48686
73.7,2798.1,7.21,23744,60937,1.27,13,168,111,58,7378,0,0,109,915,42663,6378,6.689087488,0.149497222,49041
73.8,2806.1,7.21,23630,61542,1.47,35,149,211,48,7325,0,0,113,829,42999,6483,6.63257751,0.150770948,49482
73.9,2814,7.19,23712,61657,1.31,5,200,115,56,7677,0,98,212,1020,42644,6400,6.663125,0.15007973,49044
74,2822.1,7.18,24066,63843,1.3,27,352,217,156,10489,0,15,180,984,42490,6117,6.946215465,0.143963285,48607
74.1,2829.8,7.17,24083,61896,1.46,33,323,97,161,8812,0,118,88,869,42424,6071,6.987975622,0.143102961,48495
74.2,2837.8,7.16,23910,60427,1.41,18,148,74,85,6286,0,132,167,994,43004,6340,6.7829653,0.147428146,49344
74.3,2845.8,7.15,23700,59981,1.42,17,163,145,54,7035,0,0,34,1205,42037,6244,6.732383088,0.148535814,48281
74.4,2853.7,7.15,23413,58750,1.33,20,149,84,43,6108,0,0,164,687,42178,6326,6.667404363,0.149983404,48504
74.5,2861.6,7.15,23418,59985,1.29,11,163,90,31,6605,0,71,246,858,42554,6239,6.820644334,0.146613714,48793
74.6,2869.5,7.16,23751,59782,1.49,17,183,102,59,6728,0,0,196,898,42548,6359,6.690989149,0.149454733,48907
74.7,2877.4,7.16,24054,60297,1.4,39,165,109,82,6950,0,0,93,786,42818,6455,6.633307514,0.150754356,49273
74.8,2885.2,7.17,23360,60587,1.39,32,148,114,68,7268,0,124,226,1035,42304,6263,6.754590452,0.148047466,48567
74.9,2893,7.18,23549,59905,1.38,5,193,104,21,7460,0,22,209,934,41951,6245,6.717534027,0.148864151,48196
75,2900.8,7.19,23500,61097,1.37,39,196,102,66,7588,0,17,157,976,42520,6387,6.657272585,0.150211665,48907
75.1,2908,7.2,23688,60382,1.23,9,144,95,64,6995,6,103,128,1151,42647,6344,6.72241488,0.148756067,48991
75.2,2915,7.21,23392,59998,1.43,0,162,107,64,6847,0,0,334,948,42428,6466,6.561707393,0.152399359,48894
75.3,2922.1,7.21,23523,60016,1.47,14,142,72,95,6707,0,80,236,1049,42965,6183,6.948892124,0.143907832,49148
75.4,2929.2,7.21,23024,59718,1.32,9,166,86,59,7488,0,54,88,666,41768,6492,6.433764633,0.155429994,48260
75.5,2936.3,7.21,23332,60125,1.27,11,190,91,64,6478,0,0,188,1000,42763,6568,6.510809988,0.153590721,49331
75.6,2943.5,7.2,23002,58718,1.24,8,191,101,23,6422,0,42,5,951,42089,6264,6.719189017,0.148827485,48353
75.7,2950.7,7.19,22954,58696,1.31,20,144,105,50,6037,0,49,123,882,42077,6406,6.5683734,0.152244694,48483
75.8,2957.7,7.19,23295,57716,1.57,7,123,64,31,5607,0,0,0,914,42382,6462,6.558650573,0.152470388,48844
75.9,2964.9,7.17,23681,60722,1.33,17,175,114,69,6261,0,0,201,883,43361,6486,6.685322233,0.149581421,49847
76,2971.8,7.18,23538,60461,1.32,29,205,157,68,6798,0,0,0,917,43027,6610,6.509379728,0.153624468,49637
76.1,2979,7.2,22336,57320,1.3,18,202,131,51,5630,0,0,150,841,41281,6187,6.672215937,0.149875245,47468
76.2,2986.1,7.21,22225,57716,1.3,28,137,96,62,5517,0,166,149,1017,41531,6422,6.466988477,0.15463148,47953
76.3,2993,7.21,22747,57952,1.23,23,98,66,32,5391,0,0,13,982,42375,6324,6.700664137,0.149238938,48699
76.4,3000.1,7.21,23145,59057,1.29,11,133,83,40,5340,0,58,152,917,43202,6617,6.528940608,0.153164205,49819
76.5,3007.4,7.23,22915,58081,1.25,13,170,79,44,5608,0,0,166,915,42636,6475,6.584710425,0.151866967,49111
76.6,3014.4,7.23,22852,57880,1.31,22,137,55,17,4984,0,0,16,1043,42840,6118,7.00228833,0.142810458,48958
76.7,3021.5,7.22,23281,58032,1.28,0,106,24,14,4785,0,101,158,827,43105,6544,6.586949878,0.151815335,49649
76.8,3028.5,7.24,23463,58211,1.28,32,171,109,62,5514,0,39,0,757,43005,6203,6.932935676,0.144239042,49208
76.9,3035.5,7.24,23633,58265,1.42,15,174,148,67,5451,0,63,0,858,43208,6333,6.822674878,0.14657008,49541
77,3042.6,7.24,23294,58303,1.28,22,176,111,61,5306,0,5,117,976,42789,6299,6.792983013,0.147210732,49088
77.1,3049.6,7.24,23042,58030,1.34,0,145,111,43,5409,0,0,9,938,42746,6193,6.902309059,0.144879053,48939
77.2,3056.8,7.23,23014,56272,1.4,5,108,95,47,4581,0,0,0,887,42320,6208,6.817010309,0.146691871,48528
77.3,3063.8,7.22,23316,57863,1.36,23,195,75,72,5002,0,57,111,933,42391,6244,6.789077514,0.147295416,48635
77.4,3070.8,7.22,22508,56387,1.39,12,207,103,48,4957,0,94,7,893,41716,6237,6.688472022,0.149510979,47953
77.5,3077.9,7.23,22277,55806,1.22,11,154,75,45,4499,0,0,24,1043,41445,6239,6.642891489,0.150536856,47684
77.6,3085,7.22,22995,57555,1.34,5,133,83,30,4730,0,0,161,957,42792,6383,6.704057653,0.149163395,49175
77.7,3092.2,7.21,23348,57850,1.26,25,128,58,31,4488,0,20,52,847,43085,6744,6.388641756,0.156527794,49829
77.8,3099.2,7.23,23368,58004,1.35,0,167,79,60,4663,0,20,0,812,43099,6438,6.694470332,0.149377016,49537
77.9,3106.2,7.22,23313,58837,1.42,26,194,103,60,5622,0,0,125,915,42993,6466,6.649087535,0.150396576,49459
78,3113.4,7.21,23560,60386,1.5,68,241,143,87,6613,0,0,76,1061,43366,6512,6.659398034,0.150163723,49878
78.1,3120.7,7.19,23156,58587,1.33,31,178,144,80,6100,0,26,14,988,41957,6499,6.455916295,0.15489668,48456
78.2,3127.7,7.2,22942,58204,1.51,15,178,85,21,5784,0,0,42,938,42325,6401,6.612248086,0.151234495,48726
78.3,3134.8,7.18,23290,58055,1.35,4,152,67,67,5378,0,0,0,836,42981,6340,6.779337539,0.147507038,49321
78.4,3142,7.18,23284,58091,1.33,0,179,84,63,5671,0,93,33,916,42575,6357,6.697341513,0.149312977,48932
78.5,3149.2,7.17,23753,58555,1.23,8,147,102,38,5636,9,85,0,939,42865,6447,6.648828913,0.150402426,49312
78.6,3156.3,7.16,24272,61340,1.18,45,222,133,61,6473,0,0,94,1052,44003,6519,6.749961651,0.14814899,50522
78.7,3163.5,7.17,24246,60723,1.39,27,213,129,46,6503,0,0,89,988,43836,6190,7.08174475,0.141208139,50026
78.8,3170.6,7.17,24099,58994,1.41,27,224,80,40,5399,0,0,0,1027,43329,6601,6.564005454,0.152346004,49930
78.9,3177.7,7.17,23354,56621,1.36,5,187,74,61,4867,0,0,0,889,42562,6157,6.912782199,0.144659555,48719
79,3185,7.18,23315,56569,1.27,17,116,48,25,3974,0,0,76,954,42791,6267,6.827987873,0.14645603,49058
79.1,3192.3,7.16,23519,57937,1.37,29,202,107,34,5740,0,0,60,806,42320,6335,6.680347277,0.149692817,48655
79.2,3199.6,7.16,23361,59167,1.35,19,227,140,66,6611,0,0,0,906,42197,6445,6.547245927,0.152735976,48642
79.3,3206.8,7.15,23239,58076,1.38,13,174,91,5,5561,0,0,34,820,42812,6502,6.584435558,0.151873307,49314
79.4,3214,7.15,23420,58584,1.25,34,243,89,62,5564,0,66,118,1024,42568,6436,6.614045991,0.151193385,49004
79.5,3221.3,7.15,23350,58969,1.33,0,219,96,52,5152,21,21,113,1087,43085,6576,6.551855231,0.152628525,49661
79.6,3228.4,7.16,23304,58600,1.3,16,203,85,76,5317,0,44,66,1029,42754,6444,6.634698945,0.150722739,49198
79.7,3235.6,7.17,22990,57310,1.38,28,138,77,43,5152,0,0,90,1019,42333,6181,6.848891765,0.146009024,48514
79.8,3242.6,7.16,22895,56732,1.34,9,178,78,45,5327,0,0,61,982,41741,6306,6.619251507,0.151074483,48047
79.9,3249.7,7.15,22775,56947,1.28,14,185,76,0,5024,0,27,0,997,41989,6340,6.622870662,0.150991926,48329
80,3256.7,7.16,22941,57111,1.31,26,148,146,19,4712,0,0,0,1034,42566,6298,6.758653541,0.147958465,48864
80.1,3259.7,7.16,23170,58570,1.43,27,199,84,33,5475,0,42,143,779,42799,6640,6.44563253,0.155143812,49439
80.2,3262.5,7.15,23245,59006,1.29,11,191,156,27,6287,0,0,29,900,42844,6354,6.742839156,0.14830548,49198
80.3,3265.5,7.16,23301,59001,1.33,26,206,95,19,6295,0,0,53,1093,42736,6447,6.628819606,0.150856421,49183
80.4,3268.4,7.16,23550,58961,1.39,7,234,110,51,6623,0,0,50,865,42759,6254,6.837064279,0.146261606,49013
80.5,3271.4,7.16,23413,59298,1.19,30,185,114,39,6120,0,0,0,761,42978,6499,6.613017387,0.151216902,49477
80.6,3274.4,7.16,23675,60028,1.42,27,223,124,75,7255,0,0,0,865,43049,6239,6.899983972,0.144927873,49288
80.7,3277.3,7.16,23212,58832,1.4,21,204,145,24,6410,0,28,9,917,42382,6395,6.627365129,0.150889529,48777
80.8,3280.2,7.15,23374,58989,1.34,22,180,143,48,6149,0,0,41,976,42773,6169,6.933538661,0.144226498,48942
80.9,3283.1,7.17,23295,58467,1.42,19,171,155,33,6285,0,0,90,905,42387,6062,6.992246783,0.143015547,48449
81,3286,7.17,23207,57972,1.25,28,208,79,86,5651,0,66,0,877,42177,6412,6.577822832,0.152025986,48589
81.1,3289,7.18,23141,57524,1.26,44,128,89,59,5188,0,15,0,830,42845,6426,6.667444756,0.149982495,49271
81.2,3292,7.17,23481,57511,1.4,10,145,64,47,4852,29,0,0,1071,43094,6215,6.93386967,0.144219613,49309
81.3,3294.9,7.17,23759,57284,1.3,14,122,60,37,4814,0,84,0,983,43084,6294,6.845249444,0.146086714,49378
81.4,3297.8,7.16,23900,59588,1.4,10,163,68,31,5072,0,73,149,968,44159,6576,6.715176399,0.148916416,50735
81.5,3300.8,7.17,23890,59008,1.38,23,192,103,35,5413,0,130,0,911,43411,6583,6.594409844,0.151643593,49994
81.6,3303.7,7.17,23625,58136,1.19,15,137,69,16,5359,0,0,0,1045,43513,6152,7.072984395,0.141383035,49665
81.7,3306.8,7.17,23636,57626,1.31,18,172,147,42,6142,0,0,0,785,42408,6082,6.972706347,0.143416337,48490
81.8,3309.6,7.17,23108,57244,1.37,37,220,155,44,6133,10,0,0,919,41943,6030,6.955721393,0.14376654,47973
81.9,3312.5,7.17,23257,57268,1.37,31,210,85,37,5462,0,4,63,820,42358,6061,6.98861574,0.143089853,48419
82,3315.4,7.18,23607,57904,1.38,80,176,59,38,5093,0,114,38,848,43106,6265,6.880446927,0.145339396,49371
82.1,3318.3,7.17,23285,57686,1.51,42,125,95,54,5284,0,0,71,1090,42551,6328,6.724241466,0.148715659,48879
82.2,3321.2,7.17,23190,57225,1.3,21,165,134,68,5382,0,0,112,896,42400,6181,6.859731435,0.145778302,48581
82.3,3324.2,7.17,23057,57085,1.42,12,123,88,52,5044,0,123,0,935,42480,6299,6.743927608,0.148281544,48779
82.4,3327.2,7.15,23594,58236,1.34,6,165,87,35,5191,0,32,0,966,43444,6387,6.801941444,0.147016849,49831
82.5,3330.1,7.12,23690,58266,1.4,14,121,116,42,5335,0,0,0,649,43212,6334,6.822229239,0.146579654,49546
82.6,3332.9,7.12,23789,59736,1.36,9,168,95,57,5524,0,72,61,1076,43666,6444,6.776225947,0.147574772,50110
82.7,3335.8,7.13,23947,60119,1.35,25,162,142,60,5061,9,0,132,1065,44450,6657,6.677181914,0.14976378,51107
82.8,3338.7,7.13,23629,58042,1.37,0,150,38,24,4559,0,0,0,976,43703,6463,6.762030017,0.147884585,50166
82.9,3341.5,7.14,23550,58852,1.24,12,145,74,37,4873,0,38,146,817,43594,6448,6.760856079,0.147910263,50042
83,3344.3,7.15,24006,60319,1.32,13,137,90,64,4924,0,0,88,1002,44748,6486,6.899167438,0.144945025,51234
83.1,3347.3,7.12,23892,58200,1.3,22,168,11,55,4750,0,7,171,904,43557,6395,6.811102424,0.146819111,49952
83.2,3350.2,7.11,23721,57970,1.34,0,145,56,68,3850,0,87,0,921,44276,6234,7.102341996,0.140798627,50510
83.3,3353,7.11,23421,57283,1.33,8,117,52,33,4141,0,80,0,1103,43500,6487,6.705719131,0.149126437,49987
83.4,3355.9,7.08,23189,56566,1.39,11,144,139,52,4403,0,0,165,758,42559,6066,7.015990768,0.142531544,48625
83.5,3358.8,7.06,23713,57640,1.42,6,126,106,27,4457,0,100,0,987,43262,6257,6.914176123,0.144630392,49519
83.6,3361.6,7.05,24159,58502,1.33,27,123,25,23,4479,0,42,54,1014,43629,6681,6.530309834,0.153132091,50310
83.7,3364.4,7.04,23541,57042,1.22,12,150,53,90,4675,0,0,67,774,42988,6161,6.977438727,0.143319066,49149
83.8,3367.3,7.05,22802,56104,1.39,0,184,70,22,4806,0,27,51,902,41920,6097,6.875512547,0.145443702,48017
83.9,3370.2,7.04,22655,55968,1.26,18,162,31,28,4428,0,193,0,889,41791,6144,6.801920573,0.1470173,47935
84,3373,7.03,23351,57561,1.34,20,176,130,41,4690,0,81,0,923,43040,6409,6.715556249,0.148907993,49449
84.1,3375.8,7.04,24004,58738,1.29,9,154,113,42,5047,0,0,65,977,43659,6451,6.76778794,0.147758767,50110
84.2,3378.6,7.03,24250,58832,1.37,15,124,54,38,4918,0,0,0,810,44160,6448,6.848635236,0.146014493,50608
84.3,3381.6,7.02,24245,59161,1.33,0,128,78,18,4648,0,0,87,1028,44483,6336,7.020675505,0.142436436,50819
84.4,3384.4,7.04,24292,60269,1.32,0,148,97,38,5055,0,0,92,700,44667,6633,6.734056988,0.148498892,51300
84.5,3387.2,7.05,24266,60681,1.42,12,176,89,79,5539,0,0,74,908,44510,6602,6.741896395,0.148326219,51112
84.6,3390,7.04,23575,57527,1.6,0,141,120,25,4309,0,145,0,706,43410,6213,6.98696282,0.143123704,49623
84.7,3392.8,7.05,22675,56950,1.19,22,189,104,51,4916,0,36,79,973,42037,6130,6.857585644,0.145823917,48167
84.8,3395.9,7.04,22879,57024,1.38,18,193,115,0,4949,0,0,0,751,42511,6185,6.873241714,0.145491755,48696
84.9,3398.7,7.04,22488,55824,1.33,15,192,77,61,5207,0,24,99,900,41004,5960,6.879865772,0.145351673,46964
85,3401.5,7.04,21859,55194,1.34,26,179,73,22,4623,0,124,94,918,40825,6103,6.689333115,0.149491733,46928
85.1,3404.2,7.05,22710,55825,1.48,21,128,100,41,4338,0,0,116,862,42081,6170,6.820259319,0.146621991,48251
85.2,3407.1,7.05,23099,57260,1.38,26,168,72,70,4871,0,44,54,817,42590,6345,6.712371946,0.148978633,48935
85.3,3410,7.05,22924,57455,1.37,21,119,66,47,4128,0,41,134,903,43302,6546,6.615032081,0.151170847,49848
85.4,3412.7,7.05,23350,58529,1.52,17,119,73,52,5158,0,0,123,806,43615,6403,6.811650789,0.146807291,50018
85.5,3415.7,7.04,23522,58945,1.25,30,132,41,58,4572,0,28,148,857,44147,6522,6.768935909,0.147733708,50669
85.6,3418.6,7.05,23821,59801,1.55,18,140,80,72,5233,0,33,299,901,44435,6471,6.866790295,0.145628446,50906
85.7,3421.5,7.05,23628,58846,1.41,0,143,97,51,4742,0,0,188,1031,43765,6446,6.789481849,0.147286645,50211
85.8,3424.3,7.05,24220,59076,1.48,21,106,37,64,4193,0,41,18,1083,44551,6737,6.612884073,0.15121995,51288
85.9,3427.1,7.05,24133,60644,1.46,0,125,73,45,5354,0,0,182,845,44670,6750,6.617777778,0.151108126,51420
86,3429.9,7.05,24023,60572,1.51,16,164,82,55,5426,0,134,182,1070,44422,6575,6.756197719,0.148012246,50997
86.1,3432.8,7.05,24560,61008,1.38,11,173,60,67,5813,0,0,173,947,44749,6468,6.918521954,0.144539543,51217
86.2,3435.7,7.05,23381,58737,1.42,24,168,44,0,5914,0,60,0,839,42927,6418,6.688532253,0.149509633,49345
86.3,3438.5,7.06,22907,57477,1.45,15,159,89,62,5200,0,0,198,1042,42640,6136,6.949152542,0.143902439,48776
86.4,3441.4,7.06,23383,57870,1.32,16,134,56,50,5068,0,0,86,709,43110,6175,6.981376518,0.143238228,49285
86.5,3444.3,7.05,23480,57044,1.57,8,120,40,22,4359,0,116,173,990,43225,6181,6.993204983,0.142995951,49406
86.6,3447,7.05,23233,57222,1.41,12,145,53,35,4638,0,27,90,965,43295,6219,6.961730182,0.143642453,49514
86.7,3449.8,7.05,23528,58523,1.4,8,163,54,26,4872,0,37,12,1075,43587,6472,6.734703337,0.14848464,50059
86.8,3452.7,7.03,23614,58287,1.29,25,191,84,56,4816,0,58,198,997,43049,6414,6.711724353,0.148993008,49463
86.9,3455.6,7.02,23597,57827,1.37,9,198,51,45,4945,0,0,139,915,42920,6102,7.033759423,0.142171482,49022
87,3458.5,7.03,23134,57108,1.36,19,169,119,72,5069,0,80,0,613,42903,6272,6.840401786,0.146190243,49175
87.1,3461.2,7.02,23445,58291,1.45,12,170,117,47,5114,0,61,181,917,43013,6250,6.88208,0.145304908,49263
87.2,3464.2,7.03,23483,58816,1.65,23,140,79,30,5339,0,178,267,879,43114,6228,6.922607579,0.144454238,49342
87.3,3467,7.01,23066,59164,1.4,11,142,58,38,5198,0,0,113,994,43510,6478,6.716579191,0.148885314,49988
87.4,3469.9,7.01,22851,57358,1.39,11,137,45,39,3946,0,54,162,902,43227,6360,6.796698113,0.147130266,49587
87.5,3472.6,7.01,23595,60203,1.32,26,228,188,81,6857,0,0,89,981,43239,6440,6.714130435,0.148939615,49679
87.6,3475.4,7.01,23380,58162,1.31,20,147,112,37,5137,0,97,215,853,43043,6318,6.812757202,0.146783449,49361
87.7,3478.2,7.01,22977,56732,1.34,27,171,79,53,4034,0,129,50,928,43025,6055,7.10569777,0.140732132,49080
87.8,3481.2,7.01,22796,55545,1.23,14,113,29,39,3306,0,0,162,799,42798,6009,7.122316525,0.140403757,48807
87.9,3484,7.02,21941,53394,1.26,12,132,20,21,3376,0,95,0,988,41159,5915,6.95841082,0.143710975,47074
88,3486.9,7.02,21478,52014,1.32,25,162,13,28,3307,0,0,35,718,40357,5634,7.163116791,0.139604034,45991
88.2,3492.6,7.24,20390,50793,1.34,8,75,28,0,2371,0,0,28,906,39989,5700,7.015614035,0.142539198,45689
88.3,3495.5,7.24,20087,49631,1.44,16,59,33,0,1697,0,0,117,978,39048,5700,6.850526316,0.145974186,44748
88.4,3498.3,7.24,20882,51658,1.38,15,61,24,33,2846,0,0,27,859,40099,5705,7.028746713,0.142272875,45804
88.5,3501.2,7.2,22014,55506,1.29,15,142,117,43,4721,0,0,134,883,41379,6256,6.614290281,0.151187801,47635
88.6,3504,7.18,22314,54503,1.44,11,105,33,20,3398,0,0,0,998,41897,5935,7.059309183,0.141656921,47832
88.7,3506.7,7.18,21435,53270,1.3,0,65,10,31,2744,0,49,51,881,41376,5940,6.965656566,0.143561485,47316
88.8,3509.6,7.19,21146,51814,1.36,0,75,51,14,2029,0,0,0,1028,40634,5974,6.801807834,0.147019737,46608
88.9,3512.6,7.16,22235,53834,1.36,0,79,0,23,2559,0,62,122,835,41801,6150,6.796910569,0.147125667,47951
89,3515.4,7.13,22533,54701,1.44,11,84,8,40,3328,0,8,77,722,42253,6041,6.994371793,0.142972097,48294
89.1,3518.1,7.12,22858,55507,1.23,0,98,32,32,2960,0,97,106,973,42972,6147,6.990727184,0.143046635,49119
89.2,3520.8,7.13,22744,56806,1.33,0,176,105,55,5409,0,34,94,1005,41917,5942,7.054358802,0.141756328,47859
89.3,3523.7,7.15,22073,53761,1.37,17,104,74,30,3277,0,0,67,831,41040,6138,6.686217009,0.149561404,47178
89.4,3526.6,7.16,21705,52940,1.36,10,118,108,51,3658,0,13,215,760,39957,5811,6.876097057,0.145431339,45768
89.5,3529.4,7.15,21911,53057,1.53,0,84,112,30,3253,0,53,252,917,40349,5943,6.789331987,0.147289896,46292
89.6,3532.1,7.15,21482,52001,1.38,0,82,17,48,3111,0,0,15,647,40175,5748,6.989387613,0.143074051,45923
89.7,3534.9,7.14,21834,53822,1.28,0,88,35,22,3397,0,0,205,864,41153,5824,7.066105769,0.141520667,46977
89.8,3537.7,7.12,22264,54245,1.51,8,97,39,25,3419,0,62,0,738,41590,5908,7.039607312,0.142053378,47498
89.9,3540.4,7.11,22881,55995,1.55,0,88,67,45,3870,0,36,12,786,42339,6217,6.810197845,0.146838612,48556
90,3543.3,7.11,23088,56510,1.41,0,88,36,28,3528,0,197,170,1014,42567,6239,6.822728001,0.146568938,48806
90.1,3546.2,7.12,22565,54443,1.42,0,96,32,27,3456,0,0,165,690,41482,5804,7.147139904,0.139916108,47286
90.2,3549,7.15,22335,55190,1.15,0,108,32,75,4083,0,0,145,862,41471,6140,6.754234528,0.148055268,47611
90.3,3551.9,7.16,22142,55826,1.25,0,142,67,58,4657,0,29,80,972,41619,6111,6.810505646,0.146831976,47730
90.4,3554.8,7.16,22568,55759,1.58,14,132,11,54,3445,0,31,49,796,42110,6205,6.78646253,0.147352173,48315
90.5,3557.8,7.14,23366,56635,1.51,21,106,22,57,4133,0,0,0,928,42567,6365,6.687666929,0.149528978,48932
90.6,3560.5,7.14,23104,57970,1.25,0,154,79,46,4196,0,0,140,936,43499,6355,6.844846577,0.146095313,49854
90.7,3563.3,7.15,23145,57670,1.24,7,107,44,58,3613,0,0,231,758,43120,6699,6.436781609,0.155357143,49819
90.8,3566.2,7.16,23081,56560,1.39,10,127,24,23,4062,0,0,253,685,42542,6244,6.81326073,0.146772601,48786
90.9,3569.1,7.16,22365,54988,1.31,10,160,48,61,4655,0,0,113,763,40671,5976,6.805722892,0.146935163,46647
91,3572,7.17,21199,53470,1.26,0,157,68,44,4168,5,0,51,823,39957,5797,6.892703122,0.145080962,45754
91.1,3574.9,7.15,20875,55147,1.17,17,275,95,73,4933,0,0,250,899,40036,5978,6.697223152,0.149315616,46014
91.2,3577.9,7.14,22612,55023,1.58,12,103,51,26,3709,0,0,0,843,41991,6142,6.836698144,0.146269439,48133
91.3,3580.8,7.15,23470,57572,1.37,0,112,87,36,4769,0,7,67,969,42315,6380,6.632445141,0.150773957,48695
91.4,3583.7,7.16,22422,54403,1.3,5,92,48,45,4234,0,60,17,1070,40817,6029,6.77011113,0.147708063,46846
91.5,3586.6,7.18,22376,54824,1.25,0,139,54,42,5115,0,0,168,602,40105,6112,6.561681937,0.15239995,46217
91.6,3589.4,7.16,22506,56421,1.13,22,157,99,43,5047,0,0,51,811,41538,6367,6.523951626,0.153281333,47905
91.7,3592.4,7.15,22910,57668,1.32,10,111,53,0,4856,0,0,101,999,42757,6380,6.701724138,0.149215333,49137
91.8,3595.3,7.15,23553,58966,1.34,9,147,105,55,5365,0,0,138,989,43235,6544,6.606815403,0.151358853,49779
91.9,3598.2,7.17,23328,57474,1.28,8,158,101,5,4933,0,0,11,908,42566,6423,6.627121283,0.150895081,48989
92,3601.1,7.19,23344,58035,1.19,0,101,67,62,4159,0,12,85,940,43606,6489,6.719987671,0.148809797,50095
92.1,3603.9,7.21,23646,58958,1.17,25,128,41,46,4775,0,0,156,958,43578,6570,6.632876712,0.150764147,50148
92.2,3606.8,7.21,23338,58439,1.38,26,152,98,56,4717,0,0,310,1070,43008,6430,6.688646967,0.149507068,49438
92.3,3609.7,7.22,22878,57302,1.26,12,168,87,38,4916,0,6,92,861,42221,6206,6.803254915,0.146988465,48427
92.4,3612.5,7.24,22478,56531,1.33,17,157,59,52,5087,0,54,22,918,41615,6097,6.825487945,0.146509672,47712
92.5,3615.5,7.25,21823,54441,1.35,0,143,32,0,4355,0,0,16,853,40674,5889,6.906775344,0.144785367,46563
92.6,3618.4,7.25,21818,55006,1.27,9,139,67,99,4486,0,117,215,759,40720,6036,6.746189529,0.148231827,46756
92.7,3621.2,7.25,22070,56310,1.26,14,152,75,40,4748,0,25,229,914,41151,6257,6.576793991,0.152049768,47408
92.8,3624.2,7.24,21855,55016,1.28,33,184,47,64,4556,0,0,292,866,40541,6373,6.361368272,0.157198885,46914
92.9,3627,7.22,22330,54956,1.25,21,168,61,59,4857,0,0,0,869,40519,5925,6.838649789,0.146227696,46444
93,3629.6,7.2,22604,56707,1.24,18,152,66,40,5146,0,0,54,955,41636,6119,6.804379801,0.146964166,47755
93.1,3632.5,7.21,22276,56165,1.43,24,186,92,20,5026,0,45,26,867,41298,6214,6.645960734,0.150467335,47512
93.2,3635.2,7.22,21292,54015,1.4,9,138,89,30,4629,0,0,154,922,39863,5876,6.78403676,0.147404862,45739
93.3,3638,7.24,20908,52656,1.28,8,136,58,30,3763,7,0,0,884,39632,5984,6.622994652,0.1509891,45616
93.4,3640.9,7.24,21689,53943,1.42,27,102,87,47,4120,10,31,79,933,40288,6105,6.599180999,0.151533956,46393
93.5,3644,7.25,22088,55572,1.22,4,74,80,12,4451,0,0,0,967,41230,6168,6.684500649,0.149599806,47398
93.6,3647.1,7.27,21970,54634,1.17,24,148,93,57,4723,0,36,11,742,40895,5967,6.853527736,0.145910258,46862
93.7,3649.8,7.27,21674,54447,1.24,19,121,75,39,4209,0,95,143,889,40503,6130,6.607340946,0.151346814,46633
93.8,3652.5,7.25,22034,55423,1.62,7,100,86,45,4340,0,17,113,934,41221,6223,6.623975574,0.15096674,47444
93.9,3655.5,7.24,22455,55309,1.36,12,120,64,36,4498,0,49,136,848,41670,5773,7.218084185,0.138540917,47443
94,3658.4,7.25,22590,56571,1.28,19,159,85,48,4838,0,86,0,809,42013,6338,6.628747239,0.150858068,48351
94.1,3661.3,7.26,22523,55336,1.3,11,108,46,4,4186,0,0,231,1084,41416,6183,6.698366489,0.149290129,47599
94.2,3664.2,7.27,22368,55062,1.3,5,149,66,30,4256,0,85,0,970,41092,6263,6.561072968,0.152414095,47355
94.3,3666.9,7.27,22044,54980,1.24,16,142,81,54,4169,0,0,130,809,40945,6270,6.53030303,0.153132251,47215
94.4,3669.7,7.28,21925,54230,1.34,14,134,61,43,4041,0,0,83,873,40768,5801,7.027753836,0.142292975,46569
94.5,3672.4,7.28,22344,55412,1.36,0,151,70,14,4520,0,0,13,980,41220,6028,6.838088918,0.146239689,47248
94.6,3675.3,7.27,22735,56449,1.68,17,140,56,45,4424,0,70,0,808,42155,6485,6.500385505,0.15383703,48640
94.7,3678.3,7.27,22581,55274,1.28,0,148,22,33,4272,0,19,0,794,41414,6408,6.462858926,0.154730284,47822
94.8,3681,7.26,22814,55801,1.31,0,128,45,64,4166,0,0,34,711,41959,6201,6.766489276,0.147787126,48160
94.9,3683.9,7.26,22549,55096,1.27,10,185,223,11,4133,0,88,0,906,41235,6323,6.521429701,0.153340609,47558
95,3686.9,7.25,22496,56380,1.32,8,317,135,35,5428,0,20,76,965,40884,6011,6.801530527,0.147025731,46895
95.1,3689.8,7.25,22497,55674,1.5,28,207,35,49,4732,0,54,165,921,41242,5940,6.943097643,0.144027933,47182
95.2,3692.6,7.22,22598,56547,1.25,18,180,71,0,4453,0,0,85,976,42105,6403,6.575823833,0.1520722,48508
95.3,3695.4,7.22,23679,58199,1.31,6,123,37,8,4055,0,0,165,960,44009,6419,6.856052345,0.145856529,50428
95.4,3698.3,7.22,23790,58694,1.45,16,98,23,60,4262,0,101,107,1004,44161,6318,6.989711934,0.143067412,50479
95.5,3701,7.23,23241,55748,1.25,0,79,41,38,3709,0,123,234,896,42299,6187,6.836754485,0.146268233,48486
95.6,3703.7,7.25,23249,55528,1.38,5,88,46,45,3680,0,0,0,849,42588,6246,6.818443804,0.146661031,48834
95.7,3706.9,7.25,23327,56053,1.28,14,138,39,15,3467,0,0,59,983,42872,6266,6.842004469,0.146155999,49138
95.8,3709.7,7.25,22917,55516,1.41,5,88,68,56,3484,0,0,42,850,42510,6130,6.934747145,0.144201364,48640
95.9,3712.4,7.26,22888,55779,1.33,0,92,6,57,3203,0,0,7,930,42846,6440,6.65310559,0.150305746,49286
96,3715.3,7.26,23256,55863,1.35,11,91,35,11,3227,0,34,88,939,43163,6279,6.874183787,0.145471816,49442
96.1,3718.1,7.25,23609,56918,1.36,0,133,27,19,4118,0,20,8,1021,42971,6311,6.808905086,0.146866491,49282
96.2,3721.2,7.24,23553,56264,1.41,0,170,25,67,4145,0,14,70,831,42661,6193,6.888583885,0.145167718,48854
96.3,3723.8,7.23,22936,55495,1.29,0,150,43,59,4020,0,0,189,944,41818,6106,6.848673436,0.146013678,47924
96.4,3726.6,7.23,22882,55158,1.41,0,118,50,21,3694,0,101,31,992,41471,6254,6.631116086,0.150804176,47725
96.5,3729.6,7.21,22886,55765,1.43,0,145,107,28,4250,0,0,100,1085,41439,6265,6.614365523,0.151186081,47704
96.6,3732.4,7.2,23388,54957,1.33,0,101,34,38,3642,0,0,0,817,41896,6065,6.907831822,0.144763223,47961
96.7,3735.3,7.2,22836,54594,1.26,0,88,52,43,3685,0,0,146,822,41247,6249,6.600576092,0.151501927,47496
96.8,3738.1,7.2,22511,54702,1.32,6,106,27,36,3049,0,0,142,1103,41665,5941,7.013129103,0.142589704,47606
96.9,3741.2,7.19,23436,57067,1.41,11,97,37,34,3238,0,0,59,1016,43374,6487,6.686295668,0.149559644,49861
97,3744.1,7.17,24089,57326,1.5,0,158,40,62,4322,0,42,0,813,43153,6239,6.91665331,0.144578592,49392
97.1,3747,7.19,23579,56446,1.32,6,141,23,31,4172,0,44,203,818,42598,6032,7.062002653,0.141602892,48630
97.2,3749.7,7.21,23362,56576,1.29,14,139,74,43,4781,0,0,0,903,42017,6315,6.653523357,0.150296309,48332
97.3,3752.6,7.19,23776,57555,1.27,16,171,42,30,4283,0,0,108,881,43071,6360,6.772169811,0.147663161,49431
97.4,3755.4,7.17,23429,56750,1.27,21,172,25,47,4090,0,0,74,1019,42749,6173,6.925157946,0.144401039,48922
97.5,3758.4,7.17,22224,54912,1.31,83,164,65,34,4054,0,0,59,1059,40850,6204,6.584461638,0.151872705,47054
97.6,3761.2,7.17,22896,55395,1.3,0,58,21,8,3394,0,0,103,1179,42169,6455,6.532765298,0.153074533,48624
97.7,3764.1,7.15,23912,57906,1.25,4,104,21,31,3740,0,0,52,955,44029,6485,6.789360062,0.147289287,50514
97.8,3766.9,7.15,24114,57979,1.44,0,115,61,32,3937,0,0,66,872,44025,6612,6.658348457,0.150187394,50637
97.9,3769.7,7.18,23866,57634,1.32,6,91,57,48,3686,0,0,29,987,43864,6627,6.618982949,0.151080613,50491
98,3772.6,7.21,23703,57205,1.23,0,141,30,72,3696,0,0,39,1133,43168,6491,6.650439069,0.150366012,49659
98.1,3775.5,7.21,23058,56018,1.38,0,116,33,38,3007,0,0,126,1078,43202,6156,7.017868746,0.142493403,49358
98.2,3778.3,7.21,23135,56791,1.37,0,98,7,25,3483,0,23,60,1049,43404,6422,6.758642168,0.147958713,49826
98.3,3781.3,7.19,23310,57162,1.34,0,145,16,52,4001,0,0,0,868,43056,6488,6.636251541,0.150687477,49544
98.4,3784,7.18,23395,56320,1.23,10,63,52,14,3311,0,0,0,1015,43088,6482,6.647331071,0.150436316,49570
98.5,3786.9,7.16,23520,58611,1.63,11,127,34,11,6309,0,107,115,875,42333,6338,6.679236352,0.149717714,48671
98.6,3789.7,7.16,23525,58557,1.41,0,153,62,13,5910,0,0,0,880,42686,6297,6.778783548,0.147519093,48983
98.7,3792.7,7.17,23110,56008,1.36,0,104,36,26,3890,0,0,91,1061,42169,6267,6.728737833,0.148616282,48436
98.8,3795.4,7.15,23347,56797,1.46,6,128,54,41,4469,0,34,136,960,42216,6258,6.745925216,0.148237635,48474
98.9,3798.2,7.14,22273,54963,1.36,16,200,72,83,4785,0,9,52,805,40510,5940,6.81986532,0.146630462,46450
99,3801.1,7.13,22472,55565,1.36,14,113,63,47,3917,0,0,0,1075,41661,6288,6.625477099,0.150932527,47949
99.1,3804.1,7.14,23123,56775,1.46,0,132,70,46,4151,0,24,62,1211,42187,6465,6.525444702,0.153246261,48652
99.2,3807,7.14,22805,55813,1.36,5,98,58,11,3549,0,0,69,1111,42035,6459,6.50797337,0.153657666,48494
99.3,3809.9,7.16,22525,54301,1.36,13,76,35,48,3103,0,17,66,864,41513,6234,6.659127366,0.150169826,47747
99.4,3812.7,7.2,22436,54656,1.36,0,74,55,51,3292,0,0,145,1030,41665,6163,6.760506247,0.147917917,47828
99.5,3815.6,7.21,22689,55535,1.3,0,96,45,45,2881,0,108,0,859,42370,6462,6.556793562,0.152513571,48832
99.6,3818.6,7.22,22411,54861,1.48,9,106,59,26,2622,0,64,0,1129,42393,6061,6.994390365,0.142971717,48454
99.7,3821.3,7.22,21653,53004,1.38,4,105,43,33,3426,0,13,135,933,40159,5765,6.966001735,0.143554371,45924
99.8,3824.2,7.22,21099,52173,1.21,0,121,37,9,3133,0,0,122,895,39728,5845,6.796920445,0.147125453,45573
99.9,3826.9,7.21,21605,53413,1.36,0,80,30,12,3387,0,46,0,818,40437,6051,6.682697075,0.149640181,46488
100,3829.8,7.22,21733,52769,1.27,0,74,40,35,3176,0,0,0,845,40104,6251,6.415613502,0.155869739,46355
100.1,3832.7,7.22,21456,53536,1.25,9,108,59,86,3602,0,0,103,958,40225,6114,6.579162578,0.151995028,46339
100.2,3835.6,7.2,21690,53187,1.35,22,100,41,23,3027,0,11,71,925,40579,5845,6.94251497,0.144040021,46424
100.3,3838.6,7.18,22056,56543,1.33,37,149,309,39,5147,0,0,216,1000,40876,6333,6.454444971,0.154931989,47209
100.4,3841.5,7.18,22265,55349,1.38,16,133,103,47,4627,0,128,0,821,40864,6242,6.546619673,0.152750587,47106
100.5,3844.4,7.2,22134,55646,1.37,26,126,109,32,4896,0,104,0,881,40933,6111,6.698249059,0.149292747,47044
100.6,3847.3,7.2,22438,54714,1.27,0,107,47,41,3544,43,0,0,955,41588,6076,6.844634628,0.146099836,47664
100.7,3850.1,7.21,21895,54871,1.38,0,278,132,63,4825,0,0,158,1023,40373,5911,6.830147183,0.146409729,46284
100.8,3853,7.2,22133,54336,1.35,16,179,57,29,3816,0,75,67,1101,40494,6028,6.717650962,0.14886156,46522
100.9,3856,7.19,22782,57548,1.29,5,279,109,40,6257,0,0,119,885,41141,6181,6.656042712,0.150239421,47322
101,3858.9,7.18,22842,56736,1.43,9,189,94,42,5309,0,0,134,898,41474,6142,6.752523608,0.148092781,47616
101.1,3861.7,7.17,22620,56154,1.55,0,181,36,38,4453,0,13,0,979,41681,6232,6.68822208,0.149516566,47913
101.2,3864.6,7.17,22991,56289,1.33,6,87,38,50,3706,0,0,122,937,42568,6425,6.62536965,0.150934975,48993
101.3,3867.8,7.16,23593,57675,1.41,0,142,53,32,4954,0,0,146,925,42599,6143,6.934559661,0.144205263,48742
101.4,3870.6,7.17,23182,58033,1.47,10,158,78,68,5086,0,0,22,1236,42380,6388,6.634314339,0.150731477,48768
101.5,3873.6,7.17,23307,58304,1.37,0,178,118,12,4959,0,0,66,1131,42767,6518,6.561368518,0.15240723,49285
101.6,3876.4,7.17,23556,56913,1.39,11,185,64,16,4602,0,57,50,971,42607,6202,6.869880684,0.145562936,48809
101.7,3879.4,7.17,23197,56804,1.55,0,149,75,68,3998,0,0,18,1065,42694,6513,6.555197298,0.15255071,49207
101.8,3882.2,7.19,23324,56957,1.31,0,117,49,35,3822,0,0,254,865,43117,6297,6.847228839,0.146044484,49414
101.9,3885.1,7.19,23624,58784,1.34,38,175,140,39,5652,0,0,121,757,43012,6480,6.637654321,0.150655631,49492
102,3888,7.21,23782,58499,1.31,8,128,93,35,4836,0,37,0,976,43512,6598,6.594725674,0.15163633,50110
102.1,3891.1,7.24,23362,59034,1.5,0,196,95,37,5824,0,0,284,1056,42744,6464,6.612623762,0.151225903,49208
102.2,3894,7.25,22406,55332,1.29,12,156,49,51,4306,0,42,109,959,41364,6041,6.847210727,0.14604487,47405
102.3,3897,7.26,22647,55949,1.33,0,134,70,27,4720,0,0,0,712,41517,6304,6.585818528,0.151841414,47821
102.4,3899.7,7.25,22241,55790,1.33,0,129,86,39,4502,0,0,144,912,41417,6273,6.602423083,0.151459546,47690
102.5,3902.7,7.25,22432,57701,1.33,0,171,151,23,6833,0,16,128,978,41150,6237,6.597723264,0.151567436,47387
102.6,3905.8,7.26,22657,56670,1.26,8,134,66,30,4192,0,130,86,805,42348,6421,6.595234387,0.151624634,48769
102.7,3908.8,7.25,22436,56575,1.31,24,146,95,85,5429,0,11,345,894,40919,6261,6.535537454,0.153009604,47180
102.8,3911.7,7.26,22331,55941,1.21,22,217,116,61,5188,0,69,296,865,41044,6154,6.669483263,0.149936653,47198
102.9,3914.5,7.25,22910,57237,1.23,0,129,46,16,4221,0,0,154,1064,42872,6348,6.753623188,0.14806867,49220
103,3917.4,7.24,23099,56817,1.25,18,175,70,15,4302,0,0,78,903,42590,6284,6.777530236,0.147546372,48874
103.1,3920.2,7.24,22911,56946,1.39,0,124,42,27,4183,63,67,171,1127,42249,6303,6.702998572,0.149186963,48552
103.2,3923.2,7.24,23000,61379,1.37,127,265,342,43,8970,18,0,162,986,41746,6212,6.720218931,0.148804676,47958
103.3,3926.3,7.26,22309,55718,1.48,30,134,97,19,3805,0,35,0,1034,42269,6091,6.939582991,0.144100878,48360
103.4,3929.1,7.27,22979,58027,1.32,0,164,209,45,5365,0,57,96,1052,42674,6469,6.596691915,0.151591133,49143
103.5,3932.1,7.27,23264,56817,1.36,39,141,61,63,3990,0,0,0,918,43069,6291,6.846129391,0.146067937,49360
103.6,3934.8,7.27,23074,57081,1.29,0,147,63,48,3914,0,207,160,787,43165,6315,6.835312747,0.146299085,49480
103.7,3938,7.27,23182,56437,1.33,8,148,35,35,4329,0,0,0,963,42485,6340,6.701104101,0.14922914,48825
103.8,3940.9,7.27,22854,56588,1.42,12,153,43,19,4252,0,45,168,857,42760,6328,6.757269279,0.147988775,49088
103.9,3943.7,7.25,22596,54987,1.38,0,154,61,43,3915,0,0,31,891,41659,6239,6.677191858,0.149763556,47898
104,3946.6,7.25,22669,55247,1.29,0,172,41,12,4246,0,0,35,968,41884,6286,6.66306077,0.150081177,48170
104.1,3949.7,7.24,22535,56707,1.34,0,154,87,10,4558,84,0,12,1010,42363,6271,6.755381917,0.148030121,48634
104.2,3952.6,7.25,23076,56831,1.25,23,124,69,31,3802,0,0,48,891,43196,6664,6.481992797,0.154273544,49860
104.3,3955.5,7.24,23210,57466,1.33,0,175,86,56,4306,32,0,107,933,42983,6450,6.664031008,0.150059326,49433
104.4,3958.4,7.22,22642,56234,1.34,22,162,70,53,3735,0,0,0,1008,42442,6538,6.491587641,0.154045521,48980
104.5,3961.3,7.21,22340,54827,1.28,9,132,48,40,4005,0,0,34,931,41419,6215,6.664360418,0.150051909,47634
104.6,3964.2,7.22,22723,56389,1.4,14,165,43,27,4303,0,0,190,800,42173,6262,6.734749281,0.148483627,48435
104.7,3967.1,7.21,22185,54892,1.34,0,129,55,49,3877,0,4,146,919,41134,6296,6.533354511,0.153060728,47430
104.8,3969.9,7.19,22346,55511,1.38,5,186,87,40,5017,0,0,21,1161,40969,5888,6.958050272,0.143718421,46857
104.9,3972.7,7.18,23152,57971,1.23,0,193,125,46,5694,0,13,116,976,42269,6510,6.492933948,0.15401358,48779
105,3975.4,7.18,23161,56812,1.38,10,243,113,33,4810,0,81,0,964,42257,6283,6.725608786,0.148685425,48540
105.1,3978.6,7.2,22725,56545,1.39,0,228,82,41,5512,0,0,102,979,41464,6046,6.858087992,0.145813236,47510
105.2,3981.4,7.22,21901,54830,1.22,0,207,64,72,4595,0,13,182,893,40722,6039,6.743169399,0.148298217,46761
105.3,3984.4,7.22,21615,54233,1.4,12,174,97,53,4326,0,38,102,1100,40143,6066,6.617705242,0.151109783,46209
105.4,3987.4,7.21,23002,57363,1.42,25,206,114,28,4935,0,32,0,806,42283,6110,6.920294599,0.144502519,48393
105.5,3990.3,7.21,22705,56435,1.35,13,147,44,29,4367,0,0,0,831,42664,6230,6.848154093,0.146024752,48894
105.6,3993.1,7.24,22251,56343,1.17,0,144,25,37,4029,0,79,108,1124,42089,6402,6.574351765,0.152106251,48491
105.7,3996,7.26,22345,54925,1.21,29,105,25,44,3578,0,0,0,946,42036,6389,6.579433401,0.151988772,48425
105.8,3998.9,7.28,22710,55731,1.27,0,87,46,36,3832,0,0,0,939,42717,6336,6.741950758,0.148325023,49053
105.9,4001.8,7.27,22843,56930,1.44,9,136,29,41,4353,0,61,202,1072,42714,6208,6.880476804,0.145338765,48922
106,4004.8,7.26,22625,55589,1.35,0,180,64,44,4489,0,13,215,976,41547,6127,6.780969479,0.147471538,47674
106.1,4007.7,7.27,22603,55263,1.3,35,172,43,78,3996,0,0,109,933,41476,6128,6.768276762,0.147748095,47604
106.2,4010.6,7.28,22692,55100,1.2,15,90,84,48,4032,0,0,0,918,42107,6058,6.950643777,0.143871565,48165
106.3,4013.6,7.27,22975,55415,1.39,0,155,81,46,3810,0,0,46,979,42083,6314,6.665030092,0.150036832,48397
106.4,4016.5,7.27,23035,55340,1.35,8,132,73,53,3298,0,97,44,939,42306,6442,6.567215151,0.152271545,48748
106.5,4019.5,7.28,22553,53876,1.39,0,87,27,38,2826,0,0,157,1017,41540,6093,6.817659609,0.146677901,47633
106.6,4022.5,7.28,22685,54437,1.29,0,132,36,27,3552,0,0,104,979,41586,6180,6.729126214,0.148607705,47766
106.7,4025.3,7.27,23095,56574,1.25,29,180,97,38,4246,0,57,33,999,42312,6458,6.551873645,0.152628096,48770
106.8,4028.4,7.26,22626,54796,1.35,0,136,82,28,3985,0,0,99,855,41462,6180,6.709061489,0.149052144,47642
106.9,4031.3,7.28,22706,55225,1.37,0,125,44,21,3608,0,0,39,1069,42288,6232,6.785622593,0.147370412,48520
107,4034.4,7.29,22944,54886,1.34,0,144,16,56,3397,0,0,138,882,42165,6011,7.014639827,0.142558994,48176
107.1,4037.4,7.29,22601,55305,1.26,29,178,128,42,4218,0,0,130,874,41722,6141,6.794007491,0.147188534,47863
107.2,4040.2,7.3,22898,57425,1.27,27,229,209,0,5587,0,38,268,995,41810,6089,6.866480539,0.145635016,47899
107.3,4043,7.31,22778,55003,1.3,5,66,0,9,3307,0,107,6,855,42295,6226,6.793286219,0.147204161,48521
107.4,4046.1,7.31,22794,54612,1.32,19,106,54,0,3131,0,11,177,902,42078,5993,7.02119139,0.142425971,48071
107.5,4048.9,7.29,23060,56113,1.38,15,128,26,35,3360,0,0,15,1026,43093,6351,6.785230672,0.147378925,49444
107.6,4051.8,7.29,23242,56300,1.32,0,138,44,30,3652,0,0,144,891,42921,6239,6.879467863,0.14536008,49160
107.7,4054.7,7.29,23114,55535,1.52,9,107,41,41,3423,0,29,0,827,42597,6406,6.649547299,0.150386177,49003
107.8,4057.8,7.29,23195,56588,1.29,0,128,51,59,3602,0,0,0,1003,42981,6299,6.823464042,0.146553128,49280
107.9,4060.6,7.29,23290,56353,1.29,0,98,41,0,3476,0,0,171,1116,42900,6389,6.714665832,0.148927739,49289
108,4063.5,7.3,23079,55085,1.2,19,138,39,33,3622,0,0,31,965,41862,6280,6.665923567,0.150016722,48142
108.1,4066.5,7.3,23155,56503,1.25,24,153,8,39,3677,0,32,0,1077,42832,6311,6.786880051,0.147343108,49143
108.2,4069.5,7.3,23024,56657,1.35,14,117,29,8,3699,0,193,0,996,43212,6241,6.923890402,0.144427474,49453
108.3,4072.4,7.31,22522,55693,1.32,10,164,89,23,3925,0,0,192,898,42207,6156,6.856237817,0.145852584,48363
108.4,4075.4,7.3,23062,56397,1.19,15,139,70,18,3886,0,0,108,934,42591,6212,6.856245976,0.14585241,48803
108.5,4078.4,7.29,23460,56836,1.33,22,101,8,24,3507,0,0,30,944,43404,6614,6.562443302,0.152382269,50018
108.6,4081.5,7.29,23476,57117,1.28,15,140,14,38,3953,0,0,100,974,43236,6451,6.702216711,0.149204367,49687
108.7,4084.5,7.31,22786,56510,1.16,0,168,24,33,3604,36,0,92,1053,42655,6386,6.679455058,0.149712812,49041
108.8,4087.6,7.3,23164,56801,1.32,11,143,53,19,3773,0,0,109,1039,42898,6284,6.826543603,0.146487016,49182
108.9,4090.4,7.3,22827,56740,1.31,23,142,35,28,3518,0,0,306,1126,42944,6275,6.843665339,0.146120529,49219
109,4093.4,7.3,22463,55878,1.23,15,144,28,0,3746,0,0,33,808,42800,6194,6.909912819,0.144719626,48994
109.1,4096.4,7.29,22789,56363,1.42,31,164,45,31,4175,0,93,28,1072,42320,6224,6.799485861,0.147069943,48544
109.2,4099.2,7.27,23008,57664,1.24,0,196,85,48,4753,0,29,74,865,42774,6226,6.870221651,0.145555711,49000
109.3,4102.2,7.25,21753,54794,1.22,16,175,23,14,4075,0,0,0,851,41203,6260,6.581948882,0.151930685,47463
109.4,4105.3,7.27,21240,54607,1.36,9,121,74,16,3654,0,0,113,1060,41146,6200,6.636451613,0.150682934,47346
109.5,4108.1,7.27,22089,55598,1.35,21,174,47,41,3917,0,11,186,1055,41857,6323,6.619800728,0.151061949,48180
109.6,4111.2,7.26,22724,57923,1.34,10,180,98,35,3733,0,0,314,1106,43565,6351,6.859549677,0.145782165,49916
109.7,4114.2,7.27,22404,56242,1.33,0,121,43,19,3831,12,22,89,985,42160,6335,6.655090766,0.150260911,48495
109.8,4117,7.29,22312,55123,1.38,26,145,67,31,3629,0,48,90,942,41694,6102,6.832841691,0.146351993,47796
109.9,4120.1,7.28,22438,54595,1.25,0,129,36,27,3308,0,59,0,1124,41430,6391,6.482553591,0.154260198,47821
110,4123.1,7.28,21759,53212,1.25,15,136,47,27,3409,0,0,113,838,40738,5993,6.797597197,0.147110806,46731
110.1,4126,7.28,21377,54591,1.39,13,161,61,69,4078,0,60,183,1168,40326,6287,6.414188007,0.155904379,46613
110.2,4128.9,7.3,21431,53351,1.22,6,96,38,18,3529,0,0,197,817,40521,6073,6.672320105,0.149872905,46594
110.3,4131.7,7.26,21175,53140,1.3,0,108,68,19,3593,0,0,148,987,40056,5914,6.773080825,0.147643299,45970
110.4,4134.7,7.26,21801,56137,1.28,17,188,110,51,4442,0,0,204,1000,41570,6341,6.555748305,0.152537888,47911
110.5,4137.7,7.24,21871,53936,1.53,11,162,55,49,3907,0,0,0,877,40617,6011,6.757111961,0.14799222,46628
110.6,4140.6,7.21,22725,58126,1.57,29,174,144,51,6115,0,0,0,945,41519,6485,6.40231303,0.15619355,48004
110.7,4143.7,7.22,22960,57645,1.32,0,122,56,34,3948,0,0,285,1053,42902,6579,6.521051832,0.153349494,49481
110.8,4146.6,7.23,22573,56437,1.51,10,171,30,50,4169,0,120,53,1069,42025,6349,6.619152622,0.15107674,48374
110.9,4149.4,7.24,21813,54645,1.33,15,136,20,17,3650,0,0,0,961,41033,5865,6.996248934,0.142933736,46898
111,4152.3,7.24,22170,55350,1.33,5,143,39,42,4285,0,106,85,938,41181,6271,6.566895232,0.152278964,47452
111.1,4155.5,7.22,22569,55403,1.31,0,106,81,26,3955,0,0,241,1043,41680,5912,7.050067659,0.14184261,47592
111.2,4158.4,7.21,22469,55248,1.4,0,117,48,0,3830,0,0,11,946,41488,6347,6.536631479,0.152983995,47835
111.3,4161.5,7.21,22696,55777,1.39,12,133,23,16,3660,0,0,70,904,42507,6310,6.736450079,0.148446138,48817
111.4,4164.3,7.23,22810,55466,1.31,16,105,20,30,3138,0,0,106,1045,42334,6267,6.75506622,0.148037039,48601
111.5,4167.4,7.25,22208,54683,1.34,5,117,60,8,3234,0,0,201,1147,41761,6035,6.91980116,0.144512823,47796
111.6,4170.2,7.26,22213,54209,1.37,0,98,33,40,3693,0,0,0,1035,41073,5976,6.872991968,0.145497042,47049
111.7,4173,7.25,22473,54473,1.6,0,141,38,16,3683,0,0,0,837,41610,6057,6.869737494,0.14556597,47667
111.8,4176,7.24,22792,55591,1.33,0,156,64,69,3963,0,0,181,866,42059,6120,6.872385621,0.145509879,48179
111.9,4179,7.25,23014,56949,1.34,0,163,56,20,4629,0,114,0,981,42314,6463,6.547114343,0.152739046,48777
112,4182,7.25,23306,56945,1.29,24,135,11,23,4097,0,0,40,972,43070,6259,6.881290941,0.14532157,49329
112.1,4185,7.26,23240,56078,1.26,17,128,40,10,3566,0,0,47,1040,43013,6097,7.05478104,0.141747844,49110
112.2,4188.2,7.26,22924,54849,1.48,12,142,18,21,3476,0,0,0,1017,41941,6172,6.79536617,0.147159104,48113
112.3,4191.1,7.27,22737,55663,1.36,10,167,52,22,3677,0,0,95,952,42194,5947,7.095005885,0.14094421,48141
112.4,4193.9,7.26,22946,54982,1.36,9,153,37,37,3795,0,0,0,927,42027,5987,7.01970937,0.14245604,48014
112.5,4196.7,7.26,22314,54553,1.19,0,109,23,12,2976,0,0,0,1006,41985,6219,6.751085384,0.14812433,48204
112.6,4199.7,7.25,23386,55675,1.29,8,109,23,32,2971,0,0,0,867,43169,6392,6.753598248,0.148069216,49561
112.7,4202.8,7.24,23859,57963,1.29,19,165,41,56,3556,0,0,165,1126,44085,6460,6.824303406,0.146535103,50545
112.8,4205.7,7.25,23570,56038,1.29,0,129,30,12,3263,0,162,0,983,43226,6355,6.801888277,0.147017998,49581
112.9,4208.7,7.25,23616,55423,1.31,0,117,18,60,3284,0,0,8,934,42871,6247,6.862654074,0.145716218,49118
113,4211.7,7.26,23429,56907,1.23,0,137,29,12,3637,0,20,15,948,43841,6198,7.073410778,0.141374512,50039
113.1,4214.5,7.27,23440,56985,1.29,0,150,28,22,3347,0,153,0,1115,43589,6419,6.790621592,0.147261924,50008
113.2,4217.4,7.25,23460,56751,1.33,0,101,27,0,2918,0,141,215,985,43772,6479,6.755980861,0.148016997,50251
113.3,4220.2,7.25,23682,56449,1.33,19,99,27,39,2914,0,0,31,999,43874,6456,6.795848823,0.147148653,50330
113.4,4223.3,7.25,23897,57510,1.49,10,110,12,11,3355,0,80,77,803,44110,6699,6.58456486,0.151870324,50809
113.5,4226.4,7.24,23170,56843,1.34,0,120,95,19,3279,0,28,148,1054,43589,6374,6.838562912,0.146229553,49963
113.6,4229.3,7.23,23477,57301,1.49,15,154,97,24,3090,0,0,69,1186,44048,6517,6.758938162,0.147952234,50565
113.7,4232.2,7.24,23497,56923,1.36,17,125,26,31,3247,0,0,0,788,43944,6449,6.814079702,0.146754961,50393
113.8,4235,7.22,23353,57452,1.21,0,116,90,21,3557,6,0,167,887,43677,6619,6.598730926,0.151544291,50296
113.9,4237.9,7.21,23359,56771,1.5,10,168,45,29,4007,0,0,123,1123,42926,6297,6.816896935,0.146694311,49223
114,4240.9,7.2,23344,56088,1.59,0,154,50,10,3890,0,0,155,957,42297,6298,6.715941569,0.148899449,48595
114.1,4243.9,7.2,22743,55521,1.36,0,131,59,9,3719,0,0,60,1048,41816,6012,6.955422488,0.143772719,47828
114.2,4247,7.19,22354,55696,1.41,20,203,56,30,4115,0,0,0,862,41814,6380,6.553918495,0.152580475,48194
114.3,4250.1,7.18,22494,56035,1.42,0,115,95,28,3786,0,0,135,976,41876,6379,6.564665308,0.152330691,48255
114.4,4253.1,7.16,23466,57696,1.28,8,162,67,30,4343,0,23,80,1008,42972,6585,6.525740319,0.153239319,49557
114.5,4256.1,7.15,23491,58028,1.41,0,139,51,51,3698,0,0,191,1026,43775,6904,6.340527231,0.157715591,50679
114.6,4259.1,7.15,23665,57363,1.36,4,94,50,13,2964,0,0,232,1029,43939,6618,6.639317014,0.150617902,50557
114.7,4261.9,7.16,23961,57590,1.39,0,132,33,8,3117,0,0,68,980,44442,6618,6.71532185,0.14891319,51060
114.8,4264.9,7.16,23755,57138,1.46,0,105,46,31,3235,0,0,25,1129,43890,6422,6.834319527,0.146320346,50312
114.9,4267.6,7.16,23550,57225,1.26,6,130,31,9,3379,0,0,106,1060,43609,6599,6.608425519,0.151321975,50208
115,4270.7,7.17,23559,57466,1.33,10,128,54,41,3750,0,0,46,1038,43448,6712,6.47318236,0.154483521,50160
115.1,4273.6,7.16,23288,57467,1.33,0,128,55,49,3342,0,0,0,935,43499,6633,6.557967737,0.152486264,50132
115.2,4276.4,7.19,23025,56290,1.33,0,123,49,21,2717,0,0,18,872,43400,6540,6.636085627,0.150691244,49940
115.3,4279.3,7.19,23649,57541,1.32,13,120,41,17,2749,0,47,48,1114,44594,6410,6.956942278,0.14374131,51004
115.4,4282.3,7.17,23335,56241,1.31,9,135,29,0,2869,0,0,62,844,43384,6330,6.85371248,0.145906325,49714
115.5,4285.2,7.16,23629,56224,1.3,12,96,9,33,2870,0,0,183,797,43342,6459,6.710326676,0.149024041,49801
115.6,4288.2,7.16,23010,54625,1.48,9,145,52,30,3025,0,0,0,962,42162,6169,6.834495056,0.146316588,48331
115.7,4291.1,7.15,23096,55873,1.37,14,97,42,39,2658,0,58,100,919,43456,6440,6.747826087,0.148195876,49896
115.8,4293.9,7.15,23516,56152,1.38,0,78,44,22,2818,0,0,31,699,43569,6482,6.721536563,0.148775506,50051
115.9,4296.8,7.16,23579,57160,1.31,9,113,50,30,2951,0,0,140,987,44109,6430,6.859875583,0.145775239,50539
116,4299.8,7.15,23833,57212,1.3,0,89,18,11,3081,0,0,32,1099,43905,6186,7.097478177,0.140895114,50091
116.1,4302.7,7.15,23203,55895,1.47,0,80,6,46,3036,0,0,116,888,42765,6401,6.680987346,0.149678475,49166
116.2,4305.6,7.15,23405,55961,1.31,0,89,0,7,3037,0,0,316,940,42580,6404,6.648969394,0.150399248,48984
116.3,4308.5,7.15,23004,54820,1.38,0,99,45,33,3214,0,0,40,1052,41525,6235,6.659983962,0.150150512,47760
116.4,4311.5,7.15,22889,55878,1.24,0,113,36,40,3252,0,0,151,850,42041,6482,6.48580685,0.154182822,48523
116.5,4314.4,7.15,22193,54805,1.39,0,91,77,23,3143,0,8,36,962,41492,6212,6.679330328,0.149715608,47704
116.6,4317.3,7.15,22633,55892,1.38,9,161,50,13,3687,0,0,126,1082,41922,6189,6.773630635,0.147631315,48111
116.7,4320.3,7.14,22158,55228,1.45,0,197,29,30,4022,54,60,55,1080,41403,6073,6.817553104,0.146680192,47476
116.8,4323.1,7.14,22960,55542,1.4,12,162,35,30,3349,0,0,0,790,42733,6072,7.037714097,0.142091592,48805
116.9,4326,7.12,24009,57180,1.29,11,158,49,8,3168,0,0,0,911,43940,6431,6.832529933,0.146358671,50371
117,4328.9,7.12,24244,58829,1.36,0,77,50,0,3168,0,0,88,940,45151,6659,6.780447515,0.147482891,51810
117.1,4331.7,7.13,24056,57945,1.38,9,140,42,31,3283,0,0,35,1092,44408,6473,6.860497451,0.145762025,50881
117.2,4334.8,7.14,23929,57581,1.52,16,143,7,32,3015,0,54,0,940,44402,6647,6.680006018,0.149700464,51049
117.3,4337.8,7.14,23569,56659,1.25,17,99,27,52,2532,0,6,111,1127,44317,6347,6.982353868,0.143218178,50664
117.4,4340.6,7.15,23522,56106,1.38,29,144,20,10,2804,0,75,0,1079,43745,6147,7.116479584,0.140518916,49892
117.5,4343.5,7.16,22293,52952,1.45,7,130,24,19,2818,0,29,12,1102,40703,5852,6.955399863,0.143773186,46555
117.6,4346.5,7.15,22108,53520,1.49,0,135,8,36,2826,0,0,14,1098,40956,6004,6.821452365,0.146596347,46960
117.7,4349.4,7.16,21963,54047,1.29,20,152,0,41,2682,0,147,21,1138,41557,6048,6.87119709,0.145535048,47605
117.8,4352.3,7.17,21992,53449,1.41,5,134,23,5,2784,0,0,139,1054,41239,6032,6.836704244,0.146269308,47271
117.9,4355.1,7.18,22120,53851,1.3,4,101,28,29,2825,0,0,35,882,41548,6257,6.640242928,0.1505969,47805
118,4358.2,7.16,22711,54825,1.58,8,95,17,11,2889,0,0,0,1019,42359,6027,7.028206405,0.142283812,48386
118.1,4361.1,7.14,23135,55189,1.4,0,110,46,20,3295,0,144,10,787,42460,6323,6.715166851,0.148916627,48783
118.2,4364.1,7.12,23678,56626,1.51,5,113,42,41,2916,0,0,64,925,43955,6358,6.913337528,0.144647935,50313
118.3,4367,7.12,23269,54898,1.33,0,126,0,30,2763,0,76,99,1010,42246,6258,6.75071908,0.148132368,48504
118.4,4369.9,7.13,23053,54622,1.21,0,143,17,19,2957,0,0,96,965,42264,6144,6.87890625,0.145371948,48408
118.5,4372.9,7.14,21657,53177,1.3,0,145,44,52,2814,0,0,193,1030,40822,6177,6.60870973,0.151315467,46999
118.6,4375.9,7.16,22232,53828,1.37,11,71,19,17,2367,0,0,132,937,42042,6244,6.733183857,0.148518149,48286
118.7,4378.8,7.15,22965,55715,1.22,0,87,42,34,2654,0,0,0,1000,43097,6737,6.397061006,0.156321786,49834
118.8,4381.7,7.12,24059,58892,1.41,32,147,39,29,4151,0,85,140,971,44225,6662,6.638396878,0.150638779,50887
118.9,4384.8,7.1,23990,56583,1.44,24,155,58,35,3154,0,0,0,784,44100,6221,7.088892461,0.14106576,50321
119,4387.8,7.11,23053,56578,1.37,11,132,20,29,3119,0,0,0,895,43398,6467,6.710685016,0.149016084,49865
119.1,4390.8,7.11,22516,54866,1.26,7,104,88,14,2856,0,104,0,945,42498,6158,6.901266645,0.144900937,48656
119.2,4393.8,7.09,23212,56371,1.47,18,207,121,49,3515,0,13,4,868,43004,6495,6.621093149,0.151032462,49499
119.3,4396.8,7.09,23598,56293,1.19,0,99,14,43,2662,0,0,123,920,43674,6552,6.665750916,0.150020607,50226
119.4,4399.8,7.11,23435,55484,1.69,14,136,90,53,2684,0,0,41,941,43113,6280,6.865127389,0.145663721,49393
119.5,4402.7,7.12,23186,55147,1.31,5,123,66,12,2415,0,0,22,866,43011,6324,6.801233397,0.147032155,49335
119.6,4405.7,7.15,23010,54559,1.21,13,108,0,28,2131,0,0,36,997,42764,6507,6.571999385,0.152160696,49271
119.7,4408.7,7.16,23121,55348,1.23,16,89,0,11,2280,0,0,35,1006,43319,6386,6.783432509,0.147417992,49705
119.8,4411.7,7.16,22677,54729,1.29,4,95,46,61,2129,10,0,0,958,42711,6288,6.792461832,0.147222027,48999
119.9,4414.7,7.16,23252,54886,1.37,11,137,29,34,2554,0,0,31,854,42906,6282,6.829990449,0.146413089,49188
120,4417.7,7.15,23095,54036,1.43,0,109,44,33,2615,0,0,42,786,42190,6214,6.789507564,0.147286087,48404
120.1,4420,7.15,22695,54353,1.22,0,122,25,0,2848,0,0,0,825,41907,6294,6.658245949,0.150189706,48201
120.2,4422.3,7.16,22701,54116,1.32,14,128,20,40,2672,0,0,39,866,41858,6336,6.606376263,0.151368914,48194
120.3,4424.6,7.15,23110,54215,1.33,0,90,0,55,2547,0,0,200,705,42233,6289,6.715376053,0.148911988,48522
120.4,4426.8,7.14,23595,55869,1.27,0,106,7,9,2597,0,13,147,819,43548,6540,6.658715596,0.150179113,50088
120.5,4429.1,7.14,23533,56196,1.29,8,136,44,69,3039,0,12,0,935,43248,6545,6.607792208,0.151336478,49793
120.6,4431.5,7.14,22996,54790,1.34,10,127,18,50,2629,0,0,101,1011,42326,6140,6.893485342,0.145064499,48466
120.7,4433.7,7.15,22226,53299,1.28,5,121,41,34,2619,0,11,37,820,41288,6205,6.653988719,0.150285797,47493
120.8,4436,7.15,22500,54123,1.19,0,152,38,25,2651,0,0,0,1070,41711,6071,6.870532038,0.145549136,47782
120.9,4438.3,7.14,22682,55259,1.4,20,128,0,37,2756,0,100,205,1100,42351,6397,6.620447085,0.151047201,48748
121,4440.7,7.12,23470,56471,1.33,0,102,28,31,2969,0,131,20,901,43384,6261,6.92924453,0.144315877,49645
121.1,4443,7.13,23680,57103,1.23,0,136,19,50,3030,0,0,174,899,43608,6598,6.609275538,0.151302513,50206
121.2,4445.3,7.13,23417,56281,1.29,0,114,31,54,3274,0,0,0,1103,43007,6462,6.655369855,0.15025461,49469
121.3,4447.6,7.15,22578,54822,1.35,12,137,42,25,3037,0,54,148,815,42013,6412,6.552245789,0.152619427,48425
121.4,4449.9,7.16,22450,53959,1.23,0,144,48,22,2833,0,0,176,1178,41422,5982,6.924439987,0.144416011,47404
121.5,4452.2,7.17,22760,54419,1.36,0,129,41,31,2814,0,98,0,881,42081,6181,6.808121663,0.146883392,48262
121.6,4454.5,7.13,22644,55059,1.31,30,217,100,27,3236,0,0,152,909,41814,6220,6.722508039,0.148754006,48034
121.7,4456.7,7.14,22661,56899,1.13,4,161,131,47,5432,0,0,110,1103,41485,6235,6.653568565,0.150295287,47720
121.8,4459.1,7.13,22804,56888,1.37,10,167,151,36,5595,51,0,227,943,41220,6132,6.722113503,0.148762737,47352
121.9,4461.4,7.12,23016,58298,1.34,39,220,168,53,6611,0,79,133,1051,41637,6287,6.622713536,0.150995509,47924
122,4463.7,7.13,23402,63152,1.46,58,302,338,63,9643,37,89,235,970,42507,6516,6.523480663,0.153292399,49023
122.1,4465.9,7.12,23766,62598,1.32,0,210,153,66,9457,0,0,339,920,42364,6645,6.375319789,0.156854877,49009
122.2,4468.1,7.13,23412,64149,1.3,16,239,218,57,11991,28,0,237,938,41185,6619,6.222239009,0.160713852,47804
122.3,4470.4,7.13,23866,63106,1.39,28,192,162,59,10083,0,0,110,949,42574,6268,6.792278239,0.147226006,48842
122.4,4472.6,7.14,24457,64696,1.4,0,132,55,75,10913,0,0,170,1100,43292,6397,6.767547288,0.147764021,49689
122.5,4474.9,7.14,23865,57632,1.31,15,156,48,19,3991,0,50,57,848,43506,6448,6.747208437,0.148209442,49954
122.6,4477.2,7.13,23978,58197,1.34,0,147,31,16,3513,0,0,106,1014,44117,6734,6.551381051,0.152639572,50851
122.7,4479.4,7.14,23836,57039,1.2,16,182,27,54,3603,0,28,33,925,43617,6206,7.028198518,0.142283972,49823
122.8,4481.7,7.14,23359,57719,1.23,0,172,31,38,3706,0,75,101,1032,43631,6387,6.831219665,0.146386743,50018
122.9,4483.9,7.15,23480,56656,1.26,0,145,19,41,3079,0,25,80,782,43688,6450,6.773333333,0.147637795,50138
123,4486.1,7.15,24163,58285,1.22,9,141,9,41,3520,0,0,0,974,44576,6602,6.751893366,0.148106604,51178
123.1,4488.3,7.14,23412,56827,1.29,0,158,24,23,3451,0,0,7,1019,43346,6166,7.029841064,0.142250727,49512
123.2,4490.5,7.15,22994,55584,1.32,8,117,61,0,3137,0,0,0,917,43160,6166,6.999675641,0.142863763,49326
123.3,4492.7,7.14,23888,57127,1.53,0,206,43,31,3327,0,0,91,1025,43951,6451,6.81305224,0.146777093,50402
123.4,4495,7.12,24258,57644,1.18,20,218,27,7,3666,0,51,25,1015,44026,6221,7.076997267,0.141302866,50247
123.5,4497.2,7.12,24254,58778,1.39,17,195,35,33,3587,0,99,192,980,44482,6395,6.955746677,0.143766018,50877
123.6,4499.3,7.11,23809,56662,1.42,22,155,61,0,3260,0,0,0,827,43839,6280,6.980732484,0.143251443,50119
123.7,4501.5,7.12,24064,58134,1.27,13,160,55,35,3659,0,0,0,1116,44332,6228,7.118175979,0.140485428,50560
123.8,4503.8,7.12,23686,56420,1.37,0,139,12,0,3024,0,13,43,993,43746,6333,6.907626717,0.144767522,50079
123.9,4505.8,7.13,24242,57908,1.37,0,148,9,39,3555,0,0,0,949,44432,6372,6.973006905,0.143410155,50804
124,4508.1,7.11,24368,58989,1.28,0,203,34,73,3779,0,43,64,899,44727,6423,6.963568426,0.143604534,51150
124.1,4510.2,7.11,24153,58024,1.26,0,186,51,45,3547,0,21,61,1078,44058,6505,6.772943889,0.147646284,50563
124.2,4512.4,7.11,23384,56462,1.21,0,173,55,42,3459,0,0,73,852,42923,6505,6.598462721,0.151550451,49428
124.3,4514.7,7.11,22925,55696,1.19,11,121,87,45,3299,0,99,113,1041,42446,5994,7.081414748,0.14121472,48440
124.4,4516.9,7.1,23241,55280,1.27,9,86,16,0,2555,0,96,0,972,43387,6257,6.934153748,0.144213705,49644
124.5,4519,7.1,23907,56603,1.31,0,127,59,24,3297,0,0,120,1045,43215,6491,6.657679864,0.150202476,49706
124.6,4521.2,7.09,23433,56528,1.28,0,189,28,41,3393,0,0,113,994,43204,6117,7.062939349,0.141584113,49321
124.7,4523.3,7.07,23596,56836,1.46,11,123,10,55,3066,0,25,221,866,43857,6378,6.876293509,0.145427184,50235
124.8,4525.5,7.06,23634,56421,1.26,0,126,37,25,3169,0,0,175,967,43274,6457,6.701873935,0.149211998,49731
124.9,4527.7,7.04,24057,58715,1.2,0,125,48,52,3200,0,105,88,1228,44404,6503,6.828233123,0.14645077,50907
125,4530,7.04,23736,57545,1.38,0,89,12,25,3381,0,51,67,902,43960,6620,6.640483384,0.150591447,50580
125.1,4532.1,7.05,23616,57634,1.41,0,118,33,54,3004,0,0,18,1041,44251,6692,6.612522415,0.151228221,50943
125.2,4534.3,7.04,24132,58147,1.37,0,116,35,12,3357,0,170,95,815,44220,6591,6.709148839,0.149050204,50811
125.3,4536.3,7.03,24020,59062,1.2,6,143,44,37,3764,0,0,64,1103,44519,6624,6.720863527,0.148790404,51143
125.4,4538.5,7.03,23943,58696,1.31,0,120,9,31,3762,0,0,146,983,44645,6713,6.650528825,0.150363983,51358
125.5,4540.8,7.03,23980,57876,1.46,13,138,33,33,3482,0,0,162,984,43897,6694,6.557663579,0.152493337,50591
125.6,4542.8,7.02,23906,57570,1.31,0,115,40,42,3715,0,0,0,1119,43761,6446,6.788861309,0.147300107,50207
125.7,4544.9,7,24302,58495,1.32,0,116,32,7,3343,0,5,89,930,44693,6703,6.667611517,0.149978744,51396
125.8,4547.1,7,24162,58280,1.39,14,119,42,42,3483,0,0,0,1053,44465,6550,6.788549618,0.147306871,51015
125.9,4549.3,7,24446,58731,1.38,0,105,45,9,3143,0,0,67,1082,45347,6529,6.945474039,0.143978653,51876
126,4551.4,6.99,24340,57706,1.38,0,118,43,32,2837,0,87,172,921,44568,6283,7.093426707,0.140975588,50851
126.2,4555.5,7.11,21469,52956,1.28,16,196,48,52,3353,0,0,267,772,40062,5753,6.963671128,0.143602416,45815
126.3,4557.6,7.1,20146,50195,1.16,13,191,31,23,3273,0,23,0,701,37966,5665,6.701853486,0.149212453,43631
126.4,4559.9,7.08,22087,54107,1.39,0,223,25,39,3930,0,110,201,785,40525,5870,6.903747871,0.144848859,46395
126.5,4562,7.07,22376,55807,1.25,19,212,36,26,4075,24,0,161,985,41706,5890,7.080814941,0.141226682,47596
126.6,4564.2,7.07,22601,54324,1.12,7,148,47,53,3602,0,0,68,785,41182,5986,6.879719345,0.145354767,47168
126.7,4566.2,7.07,22762,55606,1.31,25,214,27,12,3882,0,0,101,896,41881,6181,6.775764439,0.147584824,48062
126.8,4568.4,7.07,22914,57603,1.31,8,169,47,28,3694,0,0,178,885,43335,6295,6.884034948,0.145263644,49630
126.9,4570.6,7.09,22796,56752,1.34,11,136,28,56,4144,0,87,135,844,42531,6018,7.067298106,0.141496791,48549
127,4572.8,7.08,22789,56272,1.24,33,203,60,31,4155,0,0,99,1040,41798,6114,6.836440955,0.146274941,47912
127.1,4575,7.1,22272,55114,1.22,0,189,39,30,3548,0,0,241,932,40919,6093,6.715739373,0.148903932,47012
127.2,4577.1,7.11,22013,54284,1.57,21,108,24,21,2851,0,35,133,711,41325,6184,6.682567917,0.149643073,47509
127.3,4579.3,7.12,22182,54190,1.39,5,100,35,13,3101,0,42,231,710,41162,6027,6.829600133,0.146421457,47189
127.4,4581.4,7.1,22550,55356,1.34,0,110,31,10,3461,0,0,38,909,41722,6212,6.716355441,0.148890274,47934
127.5,4583.7,7.11,22790,56600,1.34,18,183,73,55,4058,0,0,256,1037,41849,6358,6.58210129,0.151927167,48207
127.6,4585.9,7.11,22489,55233,1.28,10,142,63,37,3881,0,33,153,1019,41221,5859,7.035500939,0.14213629,47080
127.7,4588,7.12,21774,53058,1.25,0,105,38,26,3205,0,0,60,944,40281,5955,6.764231738,0.147836449,46236
127.8,4589.9,7.13,21340,52248,1.19,0,89,44,30,2985,0,0,121,815,40002,5711,7.004377517,0.142767862,45713
127.9,4592.1,7.12,21336,53359,1.27,0,87,21,0,2906,0,0,80,876,40376,6162,6.552418046,0.152615415,46538
128,4594.3,7.11,22293,57844,1.38,20,78,44,43,7101,0,105,86,985,41083,5864,7.005968622,0.142735438,46947
128.1,4596.5,7.1,22328,54839,1.34,20,110,53,40,3423,0,0,107,1039,41366,6020,6.871428571,0.145530146,47386
128.2,4598.7,7.07,22510,55376,1.25,7,95,0,51,3379,0,89,159,794,41976,6088,6.894875164,0.145035258,48064
128.3,4600.7,7.08,22868,56510,1.34,8,104,45,59,3491,0,0,276,998,42544,6351,6.698787593,0.149280745,48895
128.4,4602.9,7.07,23233,57781,1.31,5,115,14,37,3795,0,9,226,904,43442,6439,6.746699798,0.148220616,49881
128.5,4605.1,7.07,22943,57330,1.39,0,111,39,19,3497,5,0,0,1015,43135,6715,6.423678332,0.155674047,49850
128.6,4607.1,7.09,22618,55739,1.38,7,145,12,47,3632,0,85,222,903,41996,5951,7.056965216,0.141703972,47947
128.7,4609.2,7.09,20709,50917,1.19,9,174,26,21,3240,0,0,157,760,38594,5594,6.89917769,0.14494481,44188
128.8,4611.3,7.1,21356,52969,1.38,24,150,28,26,3596,0,0,91,1106,39723,5649,7.031864047,0.142209803,45372
128.9,4613.6,7.09,21059,53193,1.28,0,144,38,26,3703,0,19,253,978,39582,5943,6.66027259,0.150144005,45525
129,4615.8,7.07,22038,55225,1.34,12,126,53,35,3312,0,0,162,910,41654,5935,7.018365628,0.142483315,47589
129.1,4617.9,7.07,22043,54337,1.36,0,141,48,21,3357,0,60,180,850,40945,6090,6.723316913,0.148736109,47035
129.2,4620,7.07,22159,54392,1.23,5,103,13,51,3198,57,0,128,950,40920,6019,6.798471507,0.147091887,46939
129.3,4622.1,7.08,21965,54387,1.26,0,85,35,19,3018,0,0,152,1124,41139,5947,6.917605515,0.144558691,47086
129.4,4624.2,7.1,21425,53130,1.26,0,133,37,21,2881,0,91,361,826,40426,5744,7.037952646,0.142086776,46170
129.5,4626.5,7.09,22249,54474,1.29,0,66,25,38,2977,0,0,48,891,42096,5917,7.114416089,0.140559673,48013
129.6,4628.6,7.07,22685,55599,1.24,6,168,48,0,3322,0,68,20,845,42144,6269,6.722603286,0.148751898,48413
129.7,4630.6,7.07,22607,55442,1.43,11,86,50,14,3038,0,0,164,1019,41995,6145,6.834011391,0.146326944,48140
129.8,4632.8,7.05,22756,55411,1.3,9,121,40,25,3088,0,0,28,923,41901,6017,6.96376932,0.143600391,47918
129.9,4634.8,7.05,21446,53334,1.22,0,149,62,36,3257,0,0,171,973,40387,5978,6.755938441,0.148017927,46365
130,4636.9,7.05,21700,53398,1.2,0,104,47,21,2754,0,0,35,867,40936,6212,6.589826143,0.151749072,47148
130.1,4639,7.04,22174,54391,1.26,0,126,55,29,2820,0,10,101,972,41596,6258,6.646852029,0.150447158,47854
130.2,4641,7.02,22399,55063,1.37,12,155,31,53,3679,0,0,223,768,41649,6002,6.939186938,0.144109102,47651
130.3,4643.1,7.01,22374,55589,1.39,0,120,43,21,3561,0,0,249,835,41674,6145,6.7817738,0.147454048,47819
130.4,4645.2,6.99,23039,57366,1.39,9,120,24,10,3561,0,0,192,1125,42679,6307,6.766925638,0.147777596,48986
130.5,4647.2,6.99,22674,55572,1.39,19,144,30,35,3845,0,0,0,991,41555,6022,6.900531385,0.144916376,47577
130.6,4649.4,7,22751,56680,1.23,12,169,38,45,4086,0,0,173,1200,41803,6201,6.741332043,0.148338636,48004
130.7,4651.6,7,22712,55287,1.18,8,135,76,12,3416,0,0,54,1045,41826,5781,7.235080436,0.138215464,47607
130.8,4653.7,7.02,22624,55068,1.27,0,133,23,48,3552,0,0,342,915,41390,6001,6.897183803,0.144986712,47391
130.9,4655.8,7.02,22625,54964,1.27,14,117,0,25,3475,0,0,0,962,41500,6221,6.670953223,0.149903614,47721
131,4657.9,7.02,22277,54349,1.35,17,113,23,39,3397,0,0,247,836,41548,5686,7.307069996,0.13685376,47234
131.1,4660,7.03,22414,56275,1.26,28,123,29,44,3787,0,70,312,929,41879,6054,6.917575157,0.144559326,47933
131.2,4662.1,7.04,22602,55683,1.28,6,125,41,16,3483,0,81,216,915,41899,6091,6.878837629,0.145373398,47990
131.3,4664,7.03,22889,56256,1.23,23,114,85,44,3850,0,0,38,1149,42305,6015,7.033250208,0.142181775,48320
131.4,4666.1,7.02,22565,55252,1.44,8,132,53,22,3036,0,8,120,965,42168,6095,6.918457752,0.144540884,48263
131.5,4668.2,7.01,22890,55696,1.26,12,149,67,49,3228,0,0,64,984,42334,6235,6.789735365,0.147281145,48569
131.6,4670.4,7.01,22757,55173,1.41,0,112,34,35,3603,0,0,0,865,41540,6086,6.82550115,0.146509389,47626
131.7,4672.5,7,22600,54771,1.24,0,114,50,23,3661,0,0,70,785,41393,5966,6.938149514,0.14413065,47359
131.8,4674.7,7.01,22600,55977,1.22,0,141,50,54,4014,0,0,85,829,42070,6119,6.875306423,0.145448063,48189
131.9,4676.7,7.02,22239,54882,1.4,17,136,60,68,3446,0,62,124,881,41596,6180,6.730744337,0.148571978,47776
132,4678.8,7.01,22862,56099,1.17,13,107,24,24,3769,0,0,69,993,42482,6197,6.855252542,0.145873546,48679
132.1,4680.8,6.99,23114,55773,1.14,0,125,31,30,3038,0,23,41,799,43022,6123,7.0262943,0.142322533,49145
132.2,4682.9,6.98,23208,56829,1.35,13,159,35,50,3196,5,0,243,1043,43061,6579,6.545219638,0.152783261,49640
132.3,4685.2,6.98,22814,56649,1.25,0,164,75,29,3176,13,0,199,1035,43090,6383,6.750744164,0.148131817,49473
132.4,4687.3,7,22664,55392,1.19,18,151,22,7,3070,0,0,93,1000,42068,6406,6.566968467,0.152277265,48474
132.5,4689.4,7.02,22738,55767,1.32,19,166,41,23,3226,0,36,64,1003,42317,6419,6.592459885,0.151688447,48736
132.6,4691.5,7.05,22510,55411,1.36,12,169,12,40,3381,0,0,145,973,42235,6213,6.797843232,0.147105481,48448
132.7,4693.5,7.07,22382,55076,1.33,0,54,8,0,2568,0,10,0,945,42452,6280,6.759872611,0.147931782,48732
132.8,4695.6,7.08,22246,54546,1.19,7,103,44,26,3119,0,0,85,913,41446,6056,6.843791281,0.14611784,47502
132.9,4697.7,7.08,22720,56386,1.3,0,93,30,34,3227,0,19,189,1055,43035,6120,7.031862745,0.142209829,49155
133,4699.7,7.08,22274,56046,1.31,11,142,36,49,3281,0,38,36,914,42351,6468,6.547773655,0.152723667,48819
133.1,4701.8,7.09,21262,53069,1.36,0,123,44,27,3092,0,0,30,882,40374,6034,6.691083858,0.149452618,46408
133.2,4703.9,7.11,20536,51975,1.22,7,130,32,24,2612,41,0,189,765,39640,5744,6.901114206,0.144904137,45384
133.3,4706,7.11,20294,50697,1.44,0,134,4,61,2334,0,0,80,937,39068,5672,6.88787024,0.145182758,44740
133.4,4708.1,7.11,21030,51239,1.42,0,133,19,0,2318,0,0,6,876,39691,5808,6.833849862,0.146330402,45499
133.5,4710.2,7.1,21383,52977,1.34,0,86,0,6,2301,0,19,219,989,40831,5868,6.958248125,0.143714335,46699
133.6,4712.3,7.09,21730,52802,1.61,0,79,29,16,2408,0,85,161,827,40454,6165,6.56188159,0.152395313,46619
133.7,4714.3,7.09,21384,52266,1.32,4,106,61,13,2932,0,0,71,903,39920,5778,6.90896504,0.144739479,45698
133.8,4716.3,7.09,21681,53423,1.42,11,106,70,25,3378,0,0,176,860,40379,5980,6.752341137,0.148096783,46359
133.9,4718.4,7.09,21056,51462,1.21,14,123,34,28,2738,0,0,176,814,39564,5814,6.80495356,0.146951774,45378
134,4720.6,7.11,20978,51788,1.52,4,129,78,15,3049,8,13,0,904,39532,5757,6.866770888,0.145628858,45289
134.1,4722.7,7.11,21264,52702,1.42,25,152,45,44,3303,0,116,121,911,39498,5862,6.737973388,0.148412578,45360
134.2,4724.7,7.09,22061,55105,1.42,31,160,94,33,3707,0,42,99,1078,41190,6009,6.854717923,0.145884924,47199
134.3,4726.8,7.09,22223,55204,1.41,29,137,45,22,3607,0,0,45,836,41928,6111,6.861070201,0.145749857,48039
134.4,4728.9,7.09,22585,56297,1.51,21,153,55,61,4018,0,0,220,886,41856,6315,6.628028504,0.150874427,48171
134.5,4731.1,7.09,22232,54365,1.38,27,166,42,23,3647,0,0,0,1181,41115,6023,6.826332392,0.146491548,47138
134.6,4733.2,7.09,21746,53392,1.5,26,127,52,43,3097,0,0,210,822,40868,5819,7.023199863,0.14238524,46687
134.7,4735.2,7.1,21981,53855,1.49,14,140,43,20,2603,0,0,0,1032,41686,6091,6.843868002,0.146116202,47777
134.8,4737.2,7.11,22524,56028,1.41,14,149,46,0,3139,0,25,168,1098,42762,6294,6.794089609,0.147186755,49056
134.9,4739.3,7.1,22115,54813,1.29,31,217,105,56,3783,5,0,0,1000,41240,5932,6.952124073,0.143840931,47172
135,4741.3,7.1,21579,53084,1.41,0,179,67,18,3472,0,0,158,1092,39681,5922,6.700607903,0.149240191,45603
135.1,4743.4,7.1,21896,54597,1.39,8,193,96,17,3349,0,0,0,829,41357,6250,6.61712,0.151123147,47607
135.2,4745.7,7.1,22363,55482,1.35,0,153,35,0,2923,0,0,0,857,42513,6323,6.723548948,0.148730976,48836
135.3,4747.9,7.09,23061,56985,1.51,18,112,23,17,2755,0,0,116,970,43866,6435,6.816783217,0.146696758,50301
135.4,4750.1,7.08,23069,55545,1.38,18,152,22,18,2975,0,0,0,1040,42573,6320,6.736234177,0.148450896,48893
135.5,4752.3,7.1,22236,53555,1.46,14,124,44,19,2589,0,0,199,695,41758,6037,6.917011761,0.1445711,47795
135.6,4754.4,7.1,22063,54494,1.48,11,185,58,49,3099,0,14,97,950,41305,6219,6.641743046,0.150562886,47524
135.7,4756.6,7.07,22766,55880,1.58,12,200,74,16,4025,0,0,0,888,41782,6405,6.52334114,0.153295678,48187
135.8,4758.8,7.06,22806,56310,1.48,5,181,64,16,4409,0,0,18,799,42166,6252,6.744401791,0.148271119,48418
135.9,4760.9,7.04,22764,57000,1.56,44,234,29,46,4398,0,73,36,946,42258,6319,6.687450546,0.149533816,48577
136,4763.1,7.02,23086,57150,1.47,18,227,56,42,4261,0,0,0,953,42742,6295,6.789833201,0.147279023,49037
136.1,4765.2,7,23400,57613,1.35,28,175,69,30,4569,0,101,77,1009,42586,6362,6.693806979,0.149391819,48948
136.2,4767.3,7.01,22905,57471,1.35,13,181,72,34,4301,0,25,126,1059,42598,6525,6.528429119,0.153176205,49123
136.3,4769.6,7.02,23157,57847,1.27,9,156,39,9,3365,0,73,133,1129,43926,6627,6.628338615,0.150867368,50553
136.4,4771.8,7.01,23585,58333,1.36,8,108,61,36,3718,0,66,98,1030,44268,6605,6.702195307,0.149204843,50873
136.5,4773.8,7.04,23776,58089,1.4,9,104,24,25,3404,0,0,0,1061,44605,6518,6.843356858,0.146127116,51123
136.6,4775.9,7.07,23326,59117,1.18,55,189,83,51,4783,0,0,144,1096,43640,6459,6.756463849,0.148006416,50099
136.7,4778.1,7.1,22823,57719,1.34,45,223,46,85,4472,0,0,117,843,42841,6506,6.584844759,0.151863869,49347
136.8,4780.2,7.12,22524,56550,1.35,48,169,70,68,3773,0,94,250,922,42692,6356,6.716803021,0.148880352,49048
136.9,4782.4,7.13,22554,55436,1.29,8,95,39,42,3202,0,0,206,1001,42263,6114,6.912495911,0.144665547,48377
137,4784.6,7.14,22284,54354,1.3,11,88,20,27,3245,0,0,80,1070,41627,6030,6.90331675,0.144857905,47657
137.1,4786.7,7.14,22190,54417,1.42,17,138,70,25,3195,0,0,74,822,41485,6169,6.724752796,0.148704351,47654
137.2,4788.9,7.14,22784,57277,1.35,21,116,38,56,3611,0,0,110,1174,43121,6570,6.563318113,0.152361958,49691
137.3,4791.2,7.14,22684,57308,1.14,24,153,84,71,4005,0,0,127,1054,42665,6245,6.831865492,0.146372905,48910
137.4,4793.4,7.15,21946,55841,1.35,59,191,123,78,4196,0,0,96,1088,41759,5996,6.964476318,0.143585814,47755
137.5,4795.5,7.15,21823,55510,1.17,69,173,114,34,3919,0,235,17,891,41672,6106,6.824762529,0.146525245,47778
137.6,4797.7,7.13,22240,56166,1.38,22,155,98,58,3520,0,0,172,927,42340,6560,6.454268293,0.154936231,48900
137.7,4799.9,7.13,22027,55065,1.41,16,143,70,24,3363,20,138,102,951,41816,6272,6.667091837,0.149990434,48088
137.8,4802.1,7.15,22098,55530,1.29,12,128,54,20,3244,13,45,39,1009,42428,6231,6.809179907,0.146860564,48659
137.9,4804.2,7.19,22127,55391,1.21,26,140,56,18,3115,0,0,65,918,42473,6344,6.69498739,0.149365479,48817
138,4806.4,7.2,22238,53743,1.2,24,140,49,29,2990,0,0,0,887,41633,6049,6.882625227,0.145293397,47682
138.1,4808.5,7.19,22653,55186,1.1,16,124,66,69,3004,0,7,53,952,42471,6277,6.766130317,0.147794966,48748
138.2,4810.7,7.19,22616,54610,1.39,8,139,49,45,2901,0,0,160,942,42109,6159,6.836986524,0.146263269,48268
138.3,4812.7,7.19,22064,54325,1.31,0,130,47,16,2860,0,0,26,1010,41809,6148,6.800422902,0.147049678,47957
138.4,4814.9,7.19,21944,54189,1.41,6,176,38,39,2866,0,9,103,890,41694,5922,7.040526849,0.142034825,47616
138.5,4817,7.18,22446,54673,1.23,0,143,45,24,2932,14,73,129,1030,41663,6210,6.709017713,0.149053117,47873
138.6,4819.3,7.18,21855,54554,1.23,12,137,36,0,2900,0,0,48,937,41847,6086,6.875944791,0.145434559,47933
138.7,4821.3,7.19,22300,55361,1.13,0,134,38,44,3067,0,102,165,899,41972,6145,6.830268511,0.146407129,48117
138.8,4823.5,7.2,22224,54116,1.45,0,137,37,21,2901,25,19,0,822,41752,5883,7.097059323,0.14090343,47635
138.9,4825.5,7.21,22078,54089,1.23,10,145,62,31,2595,0,0,247,927,41667,6344,6.567938209,0.152254782,48011
139,4827.7,7.21,22194,53229,1.32,0,127,34,12,2389,0,17,0,729,41972,6028,6.96284008,0.143619556,48000
139.1,4829.9,7.21,22259,55038,1.4,9,99,52,6,2488,0,0,203,1019,42300,6327,6.685633001,0.149574468,48627
139.2,4832.3,7.21,22088,54877,1.25,0,134,55,45,2982,0,110,206,1055,41528,6060,6.852805281,0.145925641,47588
139.3,4834.4,7.19,22119,55503,1.25,0,141,47,41,3025,0,14,77,939,41926,6405,6.545823575,0.152769165,48331
139.4,4836.6,7.19,22334,54569,1.26,17,165,58,56,3012,0,0,23,843,41956,6276,6.685149777,0.14958528,48232
139.5,4838.8,7.18,22200,54563,1.35,0,151,59,24,2971,0,66,0,896,41539,6238,6.659025329,0.150172127,47777
139.6,4840.8,7.18,22424,54590,1.19,20,124,38,20,3087,0,0,25,687,41570,6118,6.794704152,0.147173442,47688
139.7,4842.9,7.16,22396,54501,1.59,0,130,50,0,2441,0,53,26,1008,42033,6077,6.916735231,0.14457688,48110
139.8,4845,7.16,22169,53274,1.26,19,129,47,44,2604,0,0,0,764,41357,6099,6.780947696,0.147472012,47456
139.9,4847.3,7.14,22600,54812,1.25,5,114,48,15,2970,0,0,19,898,42146,6258,6.734739533,0.148483842,48404
140,4849.4,7.13,22156,55735,1.27,17,94,70,81,3387,0,11,145,956,41599,6542,6.358758789,0.157263396,48141
140.1,4851.5,7.13,22049,55257,1.21,20,175,55,24,3268,0,0,106,956,41593,6423,6.475634439,0.154425023,48016
140.2,4853.5,7.13,22838,56815,1.34,18,116,44,25,3235,0,41,198,952,43196,6273,6.886019448,0.14522178,49469
140.3,4855.9,7.12,22989,56280,1.35,0,116,20,46,2776,0,109,162,812,42890,6463,6.636237042,0.150687806,49353
140.4,4858.2,7.13,22883,56320,1.41,26,111,58,28,2897,33,108,64,1100,42470,6499,6.534851516,0.153025665,48969
140.5,4860,7.13,23096,56981,1.33,8,146,45,60,3180,0,11,204,1100,42746,6431,6.646866739,0.150446825,49177
140.6,4862.2,7.13,22752,56123,1.26,0,150,49,40,3124,0,53,179,1024,42195,6271,6.728591931,0.148619505,48466
140.7,4864.5,7.13,23010,56128,1.29,0,148,56,7,3000,0,0,234,903,42370,6593,6.426512968,0.155605381,48963
140.8,4866.6,7.12,23283,56885,1.29,13,131,39,66,3434,0,0,133,861,43144,6401,6.740196844,0.14836362,49545
140.9,4868.7,7.11,22976,56785,1.24,6,180,79,41,3455,0,0,171,909,42305,6293,6.722548864,0.148753102,48598
141,4870.9,7.11,22986,55916,1.24,0,133,38,22,3384,0,0,117,856,42093,6233,6.753248837,0.148076877,48326
141.1,4873.1,7.11,23223,56889,1.23,13,153,20,21,3442,0,0,174,931,42792,6289,6.804261409,0.146966723,49081
141.2,4875.2,7.1,23194,56647,1.34,0,186,61,26,3325,0,0,259,960,42712,6051,7.058667989,0.141669788,48763
141.3,4877.3,7.09,23350,57225,1.29,7,175,84,44,3616,0,0,149,905,42745,6316,6.767732742,0.147759972,49061
141.4,4879.6,7.09,23117,56490,1.3,5,189,67,58,3861,0,0,51,1173,42043,6204,6.776756931,0.147563209,48247
141.5,4881.7,7.09,23269,56094,1.4,0,118,59,0,3142,0,0,113,1055,42586,6352,6.704345088,0.149157,48938
141.6,4884,7.1,23604,57123,1.38,13,165,45,23,3518,0,0,0,1202,43189,6216,6.948037323,0.143925537,49405
141.7,4886,7.11,23447,57330,1.35,17,240,69,62,3901,0,0,149,931,42609,6335,6.725966851,0.148677509,48944
141.8,4888.3,7.1,23085,56490,1.55,4,161,115,27,3721,0,69,38,1101,42473,6257,6.788077353,0.147317119,48730
141.9,4890.5,7.11,23128,57045,1.3,21,209,83,43,3947,0,36,174,1127,42497,6464,6.574412129,0.152104854,48961
142,4892.6,7.11,23136,56860,1.36,15,202,67,46,3712,0,0,112,1069,42494,6581,6.457073393,0.154868923,49075
142.1,4894.9,7.09,22665,55126,1.28,22,151,74,52,2893,0,0,113,1032,42175,6191,6.812308189,0.146793124,48366
142.2,4897.1,7.12,22680,55203,1.24,0,89,33,26,2391,50,0,167,993,42759,6299,6.788220352,0.147314016,49058
142.3,4899.4,7.13,22883,54543,1.25,0,106,18,28,2564,0,0,161,1037,42038,6253,6.722853031,0.148746372,48291
142.4,4901.5,7.13,22771,53999,1.44,15,156,44,0,2724,0,0,181,952,41618,5942,7.004039044,0.142774761,47560
142.5,4903.7,7.13,22479,55528,1.26,0,201,33,20,3384,6,0,198,1009,41953,6204,6.762250161,0.14787977,48157
142.6,4906,7.15,22417,54923,1.23,19,154,45,0,2954,0,0,101,1045,42051,6093,6.901526342,0.144895484,48144
142.7,4908.2,7.15,22860,55582,1.31,0,176,82,49,2959,0,10,156,934,42412,6166,6.878365229,0.145383382,48578
142.8,4910.3,7.15,22546,54724,1.27,6,158,63,9,2758,0,0,205,1173,42278,6043,6.996193943,0.14293486,48321
142.9,4912.6,7.15,22606,54610,1.33,10,121,49,31,2736,0,35,50,930,42337,6178,6.852865005,0.145924369,48515
143,4914.8,7.15,22949,55504,1.32,0,136,49,51,2785,0,26,76,941,42564,6088,6.991458607,0.14303167,48652
143.1,4916.9,7.14,22827,55608,1.27,13,120,30,28,2658,12,0,37,999,42715,6535,6.53634277,0.152990753,49250
143.2,4919.1,7.14,23414,56319,1.51,7,139,43,0,2614,0,29,33,859,43737,6492,6.737060998,0.148432677,50229
143.3,4921.5,7.14,23321,56477,1.25,0,200,25,56,2912,0,0,107,882,43328,6554,6.610924626,0.151264771,49882
143.4,4923.6,7.15,22931,55413,1.27,7,175,52,18,2676,0,67,278,965,42990,6214,6.918249115,0.144545243,49204
143.5,4925.8,7.17,23191,55428,1.24,10,146,54,23,2463,0,0,203,752,43180,6519,6.623715294,0.150972673,49699
143.6,4928,7.17,22992,55058,1.18,14,171,49,15,2445,0,0,126,929,42779,6256,6.838075448,0.146239978,49035
143.7,4930.3,7.18,22693,54409,1.32,13,136,65,12,2321,0,0,8,969,42363,6065,6.984830998,0.143167387,48428
143.8,4932.4,7.19,22746,54909,1.27,0,135,42,0,2703,0,0,70,979,42611,6256,6.811221228,0.14681655,48867
143.9,4934.7,7.19,22781,55190,1.45,6,185,34,38,2691,0,0,33,909,42687,6295,6.781096108,0.147468784,48982
144,4936.8,7.19,22743,54624,1.32,11,159,60,20,2578,0,65,91,962,42574,6114,6.963362774,0.143608775,48688
144.1,4939.1,7.19,23005,56240,1.16,0,143,33,19,2579,0,38,0,965,43555,6618,6.581293442,0.151945816,50173
144.2,4941.4,7.18,22830,55020,1.2,4,137,68,21,2612,29,0,19,1010,42790,6085,7.032046015,0.142206123,48875
144.3,4943.7,7.18,23044,56187,1.26,0,152,36,5,2608,0,74,175,945,43816,6259,7.00047931,0.142847362,50075
144.4,4946,7.18,22755,55117,1.39,0,128,82,40,2608,0,19,74,936,42648,6385,6.679404855,0.149713937,49033
144.5,4948,7.17,23122,56599,1.4,15,123,53,74,2458,0,0,190,984,43682,6679,6.540200629,0.152900508,50361
144.6,4950.3,7.16,23699,57404,1.48,0,116,99,42,2533,0,0,207,1120,44366,6376,6.958281054,0.143713655,50742
144.7,4952.5,7.15,23354,56440,1.26,17,143,83,42,2692,0,0,140,1029,43630,6731,6.48194919,0.154274582,50361
144.8,4954.8,7.16,23010,56315,1.37,0,205,79,21,3102,0,0,123,982,42950,6348,6.765910523,0.147799767,49298
144.9,4957,7.14,23427,56340,1.33,0,168,21,21,3014,0,0,214,743,43378,6551,6.621584491,0.151021255,49929
145,4959.3,7.12,23632,57224,1.26,16,196,74,39,3313,11,0,93,959,43562,6615,6.585336357,0.151852532,50177
145.1,4962.5,7.11,23368,57289,1.31,6,155,62,11,2917,0,9,110,976,43979,6513,6.75249501,0.148093408,50492
145.2,4966,7.11,23392,56390,1.34,8,97,70,26,2743,0,0,124,843,43536,6568,6.628501827,0.150863653,50104
145.3,4969.2,7.11,23664,56861,1.39,18,129,78,37,2728,0,0,221,946,43956,6542,6.719046163,0.148830649,50498
145.4,4972.5,7.11,23461,55899,1.23,0,115,35,20,2802,0,43,17,1012,43475,6301,6.899698461,0.14493387,49776
145.5,4975.9,7.12,23426,55987,1.22,0,110,47,41,2488,0,0,154,873,43459,6449,6.738874244,0.148392738,49908
145.6,4979.4,7.12,23536,57378,1.27,0,112,39,34,2608,0,0,42,1043,44150,6633,6.656113373,0.150237826,50783
145.7,4982.6,7.12,23616,56393,1.33,0,126,40,76,2637,0,27,36,872,43390,6513,6.662060494,0.150103711,49903
145.8,4986,7.11,23805,58371,1.35,0,165,100,37,3264,0,77,137,1149,44084,6741,6.53968254,0.152912621,50825
145.9,4989.5,7.1,23733,58149,1.22,13,174,54,31,3323,0,0,283,1017,44423,6554,6.777998169,0.147536186,50977
146,4992.7,7.1,23974,57676,1.36,0,164,96,45,3187,0,0,114,1060,44089,6382,6.908335945,0.144752659,50471
146.1,4996.1,7.1,23831,57421,1.22,14,188,42,21,2999,0,53,200,1066,43665,6413,6.808825823,0.146868201,50078
146.2,4999.5,7.1,23807,56441,1.29,0,132,56,51,2922,0,0,119,857,43397,6446,6.732392181,0.148535613,49843
146.3,5002.8,7.12,23279,55795,1.38,0,158,95,20,2903,0,0,127,875,42919,6375,6.732392157,0.148535614,49294
146.4,5006.1,7.12,23721,56950,1.31,22,204,67,65,3092,0,0,161,931,43606,6474,6.735557615,0.148465807,50080
146.5,5009.6,7.12,23232,56228,1.23,6,162,75,37,2795,0,72,163,962,43176,6226,6.934789592,0.144200482,49402
146.6,5013,7.13,23683,57190,1.32,19,125,79,16,3132,0,0,88,913,43622,6473,6.739069983,0.148388428,50095
146.7,5016.6,7.13,23661,57823,1.29,8,187,62,36,3195,0,0,230,917,43940,6706,6.552341187,0.152617205,50646
146.8,5019.9,7.13,23412,57118,1.37,0,189,83,50,3273,0,114,152,952,43464,6600,6.585454545,0.151849807,50064
146.9,5023.4,7.12,23531,57199,1.4,8,151,103,28,3298,0,0,97,1243,43480,6437,6.754699394,0.148045078,49917
147,5026.7,7.12,23731,57036,1.18,5,136,96,53,3463,0,0,75,1035,43338,6558,6.6084172,0.151322165,49896
147.1,5030.2,7.13,23231,56394,1.39,0,201,94,46,3186,0,78,165,1032,43040,6108,7.046496398,0.141914498,49148
147.2,5033.5,7.14,22808,55172,1.33,0,179,107,48,3608,0,0,68,964,41605,6196,6.71481601,0.148924408,47801
147.3,5036.9,7.14,22276,55279,1.33,0,229,181,68,3683,0,74,340,859,40906,6002,6.815394868,0.146726642,46908
147.4,5040.4,7.13,22082,53668,1.25,0,192,116,48,3037,0,31,159,1012,40604,6171,6.579808783,0.1519801,46775
147.5,5043.7,7.1,22590,53727,1.32,11,156,97,62,3004,0,42,257,910,40087,6193,6.472953334,0.154488986,46280
147.6,5047.2,7.09,22289,54383,1.41,14,177,113,53,3780,18,40,346,1232,39786,6220,6.396463023,0.1563364,46006
147.7,5050.6,7.08,21777,53503,1.28,15,297,157,38,4929,0,101,430,1168,38172,5975,6.388619247,0.156528345,44147
147.8,5054,7.11,21121,52578,1.53,8,243,197,51,4549,0,69,539,1027,37398,5991,6.242363545,0.160195732,43389
147.9,5057.5,7.12,20350,51209,1.28,35,242,205,64,4599,0,158,845,951,36228,6082,5.956593226,0.167881197,42310
148,5060.8,7.13,21508,53814,1.35,31,235,187,80,5274,0,78,432,763,38421,6081,6.318204243,0.15827282,44502
148.1,5064.3,7.13,21470,53786,1.22,34,217,166,52,3785,21,163,383,826,40034,5899,6.786573996,0.147349753,45933
148.2,5067.7,7.14,21770,53411,1.34,22,177,154,33,3673,0,153,188,873,39967,6240,6.404967949,0.156128806,46207
148.3,5071,7.14,22445,55860,1.38,23,186,120,78,4340,0,50,261,957,41014,6358,6.450770683,0.155020237,47372
148.4,5074.3,7.13,22638,56655,1.33,16,199,147,73,4039,0,59,283,1107,41784,6598,6.33282813,0.157907333,48382
148.5,5077.7,7.12,22958,56975,1.36,4,159,204,46,3272,0,0,418,1045,43027,6393,6.730330048,0.148581123,49420
148.6,5081.2,7.11,23460,57331,1.48,31,171,182,49,3319,22,0,165,1161,43419,6512,6.667536855,0.149980423,49931
148.7,5084.7,7.11,23084,55954,1.31,21,229,203,70,2966,17,0,103,964,42917,6394,6.712073819,0.148985251,49311
148.8,5088.1,7.11,22874,56065,1.27,26,166,553,57,2589,0,35,250,954,42818,6311,6.784661702,0.147391284,49129
148.9,5091.4,7.1,23537,57412,1.31,20,170,151,104,3635,0,201,281,829,43330,6321,6.854928018,0.145880452,49651
149,5094.9,7.09,23300,56213,1.25,18,227,182,61,3051,0,40,220,822,42847,6248,6.857714469,0.145821178,49095
149.1,5098.3,7.09,22886,55331,1.19,28,176,168,24,2839,0,0,269,992,42125,6257,6.732459645,0.148534125,48382
149.2,5101.6,7.09,22763,55910,1.36,28,251,538,60,3187,0,0,95,957,42359,6422,6.595920274,0.151608867,48781
149.3,5105.2,7.08,22879,56592,1.33,51,234,231,52,3966,0,125,377,1135,41805,6431,6.500544239,0.153833274,48236
149.4,5108.6,7.08,23219,56724,1.3,43,282,129,47,3774,0,0,244,922,42485,6328,6.713811631,0.148946687,48813
149.5,5112,7.09,22989,56122,1.3,24,184,204,59,3209,0,55,355,1021,42220,6482,6.513421783,0.153529133,48702
149.6,5115.4,7.1,22904,56139,1.23,11,187,191,48,2952,0,0,314,1048,42784,6277,6.815994902,0.146713725,49061
149.7,5118.8,7.12,22673,54469,1.46,10,147,175,11,2682,0,93,216,721,42210,6185,6.824575586,0.146529258,48395
149.8,5122.2,7.11,22227,54740,1.36,0,148,175,10,2791,93,131,104,1008,41981,6108,6.873117223,0.14549439,48089
149.9,5125.5,7.12,22755,56944,1.21,30,154,314,57,3174,9,163,218,928,42866,6685,6.412266268,0.155951103,49551
150,5129,7.12,23671,57048,1.22,32,199,123,36,2650,0,58,43,1041,44256,6682,6.623166717,0.150985177,50938
150.1,5133.6,7.12,23392,56449,1.41,14,158,73,20,2488,0,0,89,1072,43923,6580,6.675227964,0.149807618,50503
150.2,5138,7.12,23334,57545,1.39,16,238,179,44,3278,12,53,143,1218,43781,6530,6.704594181,0.149151458,50311
150.3,5142.6,7.12,23294,55808,1.2,5,179,86,22,2101,0,68,252,941,43760,6174,7.087787496,0.141087751,49934
150.4,5147,7.12,23370,56666,1.36,0,176,80,73,2621,0,34,186,994,43873,6498,6.751769775,0.148109316,50371
150.5,5151.4,7.12,23058,55690,1.4,37,177,145,49,2433,0,0,115,990,43231,6393,6.76223995,0.147879994,49624
150.6,5155.8,7.13,23060,55483,1.37,17,226,123,61,2441,39,0,133,993,42871,6456,6.640489467,0.150591309,49327
150.7,5160,7.13,22743,55100,1.38,63,183,66,0,2388,0,7,201,869,42979,6193,6.939932181,0.144093627,49172
150.8,5164.5,7.13,22588,54856,1.28,23,224,117,75,2729,0,0,46,1043,42530,6275,6.777689243,0.147542911,48805
150.9,5168.8,7.13,22736,54995,1.34,22,206,124,37,2616,0,22,65,941,42698,6081,7.021542509,0.142418849,48779
151,5173.2,7.13,23181,55090,1.34,12,194,72,23,2627,0,0,88,941,42687,6284,6.792966264,0.147211095,48971
151.1,5177.6,7.14,22658,54699,1.32,0,227,127,36,2524,0,0,315,605,42564,6050,7.035371901,0.142138897,48614
151.2,5182.2,7.14,22679,54608,1.37,0,138,137,38,2278,18,0,0,1000,42759,6176,6.923413212,0.144437428,48935
151.3,5186.6,7.15,22928,55122,1.32,20,155,65,8,2321,0,83,35,846,43221,6117,7.065718489,0.141528424,49338
151.4,5191.1,7.16,23468,56368,1.37,0,95,51,15,2266,0,50,0,938,44460,6495,6.845265589,0.14608637,50955
151.5,5195.7,7.16,23584,55603,1.36,9,78,82,35,1910,0,0,93,828,43883,6361,6.898758057,0.144953627,50244
151.6,5200,7.16,23450,54626,1.53,5,127,84,0,2079,0,0,32,889,42841,6295,6.805559968,0.14693868,49136
151.7,5204.6,7.16,23392,56257,1.39,6,164,37,61,2361,22,130,240,1031,43344,6320,6.858227848,0.145810262,49664
151.8,5209,7.15,23459,54254,1.47,0,151,76,27,2321,0,0,0,948,42686,6078,7.023033893,0.142388605,48764
151.9,5213.5,7.15,23520,55081,1.25,0,148,96,52,2350,0,156,120,899,43190,5885,7.338997451,0.136258393,49075
152,5217.7,7.14,23645,56500,1.16,0,141,56,45,2398,0,27,0,964,44048,6516,6.759975445,0.147929531,50564
152.1,5222.3,7.14,23835,56738,1.33,5,166,116,36,2452,0,127,194,796,43948,6301,6.97476591,0.143373987,50249
152.2,5226.8,7.14,23953,55638,1.19,0,122,59,27,2376,0,87,123,804,43563,6249,6.971195391,0.143447421,49812
152.3,5231.1,7.13,23762,56053,1.34,0,166,82,18,2701,0,0,65,922,43577,6247,6.975668321,0.14335544,49824
152.4,5235.8,7.14,23801,56139,1.28,7,145,54,58,2483,0,0,0,999,43924,6463,6.796224663,0.147140515,50387
152.5,5240.3,7.14,23694,55830,1.34,14,175,58,23,2574,0,0,114,846,43383,6271,6.918035401,0.144549708,49654
152.6,5244.7,7.14,23735,56498,1.42,0,161,81,0,2510,18,221,183,789,43809,6184,7.084249677,0.14115821,49993
152.7,5249.1,7.13,23876,56858,1.5,0,163,53,57,2478,0,0,138,877,44162,6583,6.708491569,0.149064807,50745
152.8,5253.6,7.12,23536,56400,1.36,0,154,56,31,2720,22,0,192,1160,43455,6091,7.134296503,0.14016799,49546
152.9,5257.9,7.12,23760,56637,1.58,14,156,74,45,2827,0,45,77,901,43823,6069,7.2207942,0.138488921,49892
153,5262.1,7.11,24052,57000,1.37,0,152,54,68,2770,0,0,114,999,43698,6482,6.741437828,0.148336308,50180
153.1,5266.4,7.11,24140,56170,1.48,0,156,90,39,2713,0,0,40,987,43782,6381,6.861307005,0.145744827,50163
153.2,5270.9,7.11,23769,57269,1.39,0,127,67,43,2545,0,29,301,978,43987,6350,6.927086614,0.144360834,50337
153.3,5275.1,7.11,23737,56921,1.52,8,113,77,39,2527,0,0,237,1088,43738,6338,6.900915115,0.144908318,50076
153.4,5279.4,7.11,23021,55154,1.45,0,161,87,60,2842,0,17,174,1036,41441,6353,6.523059972,0.153302285,47794
153.5,5283.9,7.11,22696,54700,1.45,0,204,87,59,3371,0,95,186,833,41012,5863,6.995053727,0.142958159,46875
153.6,5288,7.1,22205,53370,1.46,9,187,61,0,3371,0,0,302,823,39913,5708,6.992466713,0.143011049,45621
153.7,5292.3,7.09,21850,52328,1.62,18,170,81,46,3311,0,0,359,849,38599,5586,6.909953455,0.144718775,44185
153.8,5296.7,7.07,21754,52379,1.41,0,192,118,32,4081,0,38,731,757,36860,5636,6.540099361,0.152902876,42496
153.9,5301,7.06,22436,56114,1.22,18,206,180,57,4252,0,5,841,588,39591,6376,6.209378921,0.161046703,45967
154,5305.3,7.07,23148,57150,1.32,0,182,175,8,4120,0,47,603,785,41657,6283,6.630113003,0.150826992,47940
154.1,5309.7,7.07,23634,58118,1.31,0,203,135,24,3796,0,0,319,803,43419,6430,6.752566096,0.148091849,49849
154.2,5313.9,7.07,23798,58333,1.3,0,132,111,72,3365,32,40,306,790,43404,6414,6.76707203,0.147774399,49818
154.3,5318.3,7.08,24048,60172,1.26,5,178,114,18,3371,0,62,215,946,44159,6249,7.066570651,0.141511357,50408
154.4,5322.7,7.08,24072,57537,1.45,21,168,56,32,3215,0,82,106,1030,43767,6306,6.940532826,0.144081157,50073
154.5,5326.8,7.08,24224,58676,1.36,23,182,104,30,3732,0,72,55,878,44376,6566,6.758452635,0.147962863,50942
154.6,5330.9,7.11,23636,57339,1.53,10,225,123,46,3570,0,11,148,1040,43563,6252,6.967850288,0.143516287,49815
154.7,5335.4,7.12,23852,57377,1.35,0,181,118,14,3253,0,0,143,890,43812,6354,6.895184136,0.145028759,50166
154.8,5339.7,7.13,24130,58458,1.46,0,235,148,62,3664,0,17,112,861,44602,6389,6.981061199,0.143244698,50991
154.9,5344.1,7.12,24102,58404,1.39,4,193,71,61,3271,0,0,20,954,44770,6638,6.744501356,0.14826893,51408
155,5348.2,7.13,24029,57964,1.64,18,197,99,22,3028,0,0,92,854,44776,6213,7.2068244,0.13875737,50989
155.1,5352.8,7.13,23874,57566,1.4,0,209,54,60,3025,0,0,194,929,44206,6626,6.67159674,0.149889155,50832
155.2,5357,7.13,23935,59007,1.46,0,171,54,37,2925,0,45,190,958,45254,6553,6.905844651,0.144804879,51807
155.3,5361,7.12,23954,57002,1.38,9,169,65,25,2805,0,0,12,930,44423,6326,7.022288966,0.14240371,50749
155.4,5365.2,7.12,23841,57473,1.45,19,135,76,47,2846,0,84,52,1017,44202,6577,6.720693325,0.148794172,50779
155.5,5369.2,7.12,23814,57507,1.38,0,131,61,26,2392,0,0,87,904,44701,6413,6.97037268,0.143464352,51114
155.6,5373.6,7.1,24302,59016,1.5,6,224,109,49,3168,0,0,44,1010,45141,6490,6.955469954,0.143771737,51631
155.7,5377.6,7.1,23998,58013,1.52,16,244,134,23,3292,0,0,0,864,44303,6375,6.949490196,0.143895447,50678
155.8,5381.8,7.1,23614,58088,1.3,14,197,111,44,2965,0,141,180,1063,44464,6421,6.924778072,0.14440896,50885
155.9,5386.1,7.09,23528,56348,1.3,10,221,95,44,2595,0,17,129,828,43382,6234,6.958934873,0.143700152,49616
156,5390.4,7.07,24076,57152,1.24,0,184,68,0,2690,0,0,8,899,44314,6257,7.082307815,0.141196913,50571
156.1,5394.6,7.07,23685,57215,1.39,0,219,80,78,2979,0,0,180,820,44111,6259,7.04761144,0.141892045,50370
156.2,5398.7,7.08,23438,56097,1.4,0,208,69,53,2469,0,0,68,902,43542,6115,7.120523303,0.140439116,49657
156.3,5403,7.08,23625,56834,1.24,6,162,84,75,2264,0,27,121,900,44273,6439,6.875757105,0.145438529,50712
156.4,5406.9,7.08,23251,56145,1.3,16,195,62,35,2230,0,34,41,876,43546,6456,6.745043371,0.148257016,50002
156.5,5411.3,7.08,23365,55993,1.24,0,147,76,24,2089,0,0,195,773,43952,6433,6.832271102,0.146364216,50385
156.6,5415.4,7.09,23165,55436,1.23,0,113,52,37,2083,0,17,63,892,43484,6554,6.634726884,0.150722105,50038
156.7,5419.5,7.09,23136,55510,1.32,0,148,60,54,1979,0,83,153,782,43532,6167,7.058861683,0.141665901,49699
156.8,5424,7.09,23096,55230,1.33,18,136,17,53,1911,0,0,179,926,43246,6232,6.939345315,0.144105813,49478
156.9,5428.2,7.09,22957,54504,1.42,0,103,40,35,1735,0,0,0,910,42803,6436,6.650559354,0.150363292,49239
157,5432.5,7.1,22657,54500,1.26,9,182,61,52,2011,0,0,311,1031,42456,6092,6.969139856,0.143489731,48548
157.1,5436.7,7.1,22856,54257,1.38,0,158,53,39,1942,0,24,69,881,42749,6012,7.110612109,0.140634869,48761
157.2,5440.9,7.1,22868,54240,1.37,0,179,23,27,1920,0,0,194,974,42644,6131,6.955472191,0.143771691,48775
157.3,5445.1,7.11,23217,54308,1.43,0,107,27,10,1832,0,0,205,759,43130,6167,6.993676018,0.14298632,49297
157.4,5449.4,7.11,22958,54649,1.49,19,136,36,59,2268,0,0,105,794,42811,6084,7.036653517,0.142113008,48895
157.5,5453.6,7.13,22883,54713,1.29,0,114,44,64,2411,39,0,172,940,42609,6222,6.848119576,0.146025488,48831
157.6,5457.8,7.14,23683,56213,1.45,0,124,41,0,2182,47,0,267,947,44076,6457,6.826080223,0.14649696,50533
157.7,5461.7,7.14,24248,57884,1.31,11,184,38,42,2441,0,0,66,1022,45198,6498,6.95567867,0.143767423,51696
157.8,5466,7.15,24383,56824,1.39,15,199,43,29,2325,0,10,104,953,44490,6466,6.880606248,0.145336031,50956
157.9,5470.3,7.15,24105,56906,1.38,25,152,24,37,2055,0,45,75,1020,44944,6626,6.782976155,0.14742791,51570
158,5474.4,7.16,24174,56921,1.42,0,160,52,18,2031,0,0,91,996,44864,6472,6.932014833,0.144258203,51336
158.1,5478.6,7.17,24098,56764,1.41,32,156,52,48,1874,0,0,0,897,45023,6679,6.740979189,0.148346401,51702
158.2,5482.9,7.18,23890,56540,1.49,0,142,28,8,1862,0,148,0,1098,44566,6348,7.020478891,0.142440425,50914
158.3,5487,7.19,23725,55809,1.38,7,138,45,38,1821,0,0,90,914,44177,6443,6.856588546,0.145845123,50620
158.4,5491.1,7.19,23655,56055,1.25,0,104,8,30,1889,0,0,47,744,44757,6121,7.312040516,0.13676073,50878
158.5,5495.3,7.2,23522,56243,1.38,0,126,44,31,1882,0,0,169,758,44527,6160,7.228409091,0.138343028,50687
158.6,5499.7,7.19,23346,55645,1.51,0,61,13,25,1427,0,99,177,1041,44288,6261,7.07363041,0.141370123,50549
158.7,5503.8,7.17,23932,56989,1.5,5,94,0,28,1663,0,0,219,990,44868,6489,6.914470643,0.144624231,51357
158.8,5508,7.16,23447,56334,1.47,0,126,57,28,2058,0,144,90,1070,43760,6476,6.757257566,0.147989031,50236
158.9,5512.4,7.16,22968,55069,1.34,11,142,58,57,1816,0,32,87,1033,43086,6259,6.88384726,0.145267604,49345
159,5516.8,7.15,22899,55670,1.41,19,156,57,48,2048,0,0,219,906,43195,6411,6.737638434,0.148419956,49606
159.1,5520.9,7.15,22966,54686,1.31,4,160,28,77,1886,0,47,146,817,42690,6245,6.835868695,0.146287187,48935
159.2,5524.8,7.15,23031,55554,1.27,0,146,40,17,2018,0,103,134,963,42966,6287,6.834102115,0.146325001,49253
159.3,5529.3,7.14,22520,54003,1.23,5,110,44,21,1934,0,29,257,814,42676,6055,7.048059455,0.141883026,48731
159.4,5533.8,7.15,22632,54675,1.45,17,124,37,10,1948,0,0,197,864,42563,6396,6.654627892,0.150271362,48959
159.5,5537.8,7.14,22974,55697,1.52,0,154,98,40,2380,0,0,249,907,43209,6129,7.049926579,0.141845449,49338
159.6,5542,7.13,22689,55984,1.19,0,175,48,42,2247,24,0,189,1018,43251,6678,6.476639712,0.154401054,49929
159.7,5546,7.11,22648,55212,1.22,8,201,40,46,2358,0,0,61,1000,42513,6539,6.501452822,0.153811775,49052
159.8,5550.1,7.1,23127,56051,1.22,11,194,50,38,2296,0,134,88,934,43239,6725,6.429591078,0.155530886,49964
159.9,5554.4,7.09,23007,56289,1.36,0,169,119,88,2867,0,49,243,922,42600,6557,6.49687357,0.153920188,49157
160,5558.4,7.09,23003,56066,1.41,0,133,53,46,2210,0,0,224,968,43271,6625,6.531471698,0.153104851,49896
160.1,5562.4,7.09,23213,56544,1.29,0,158,141,19,2789,5,17,349,754,43314,6576,6.586678832,0.151821582,49890
160.2,5566.7,7.09,23364,57321,1.56,0,154,167,40,2792,0,0,162,922,43998,6684,6.582585278,0.151915996,50682
160.3,5571,7.1,23359,56728,1.2,18,151,60,80,2211,0,83,16,661,44070,6599,6.678284589,0.149739052,50669
160.4,5575.3,7.09,23432,56540,1.45,12,199,83,43,2465,0,0,172,780,43625,6738,6.474473137,0.154452722,50363
160.5,5579.2,7.09,22925,57984,1.34,33,178,119,39,2738,0,104,219,1017,44230,6802,6.502499265,0.153787022,51032
160.6,5583.5,7.09,22785,55613,1.37,181,173,31,13,2039,0,45,111,888,43694,6679,6.541997305,0.152858516,50373
160.7,5587.5,7.09,23643,57241,1.2,5,103,30,25,1766,0,16,207,1044,44980,6769,6.644999261,0.150489106,51749
160.8,5591.8,7.09,23663,56388,1.39,12,121,65,38,1965,0,39,0,941,44662,6528,6.841605392,0.146164525,51190
160.9,5596,7.09,23630,55851,1.68,34,163,55,24,1706,0,54,83,856,44502,6150,7.236097561,0.138196036,50652
161,5599.9,7.08,23459,55214,1.26,10,158,7,24,1600,0,24,0,906,43830,6461,6.783779601,0.147410449,50291
161.1,5604.4,7.07,23520,55896,1.31,0,157,71,42,1477,0,0,70,1043,44245,6397,6.91652337,0.144581309,50642
161.2,5608.5,7.05,23392,55789,1.42,5,168,44,46,1615,0,0,218,1016,44158,6255,7.059632294,0.141650437,50413
161.3,5612.9,7.06,22762,55364,1.35,18,143,47,48,1606,0,0,0,1200,43971,6639,6.623136014,0.150985877,50610
161.4,5617,7.05,23790,57381,1.4,12,168,42,37,1685,0,0,0,1022,45405,6756,6.720692718,0.148794186,52161
161.5,5621.1,7.04,24174,57116,1.29,19,138,11,23,1532,0,0,106,1031,45777,6467,7.078552652,0.141271818,52244
161.6,5625.5,7.06,24084,56776,1.3,0,104,39,12,1471,0,96,0,999,45441,6652,6.831178593,0.146387624,52093
161.7,5629.7,7.07,23959,56653,1.37,22,173,12,35,1473,0,0,37,850,45241,6779,6.673698186,0.149841958,52020
161.8,5633.8,7.08,23855,56907,1.32,49,136,28,23,1726,0,35,158,753,44989,6746,6.668989031,0.149947765,51735
161.9,5637.9,7.09,23997,57377,1.26,22,161,43,21,1614,0,106,133,989,45451,6464,7.031404703,0.142219093,51915
162,5641.9,7.09,23267,55792,1.42,0,168,50,30,1606,0,0,236,750,44360,6529,6.794302343,0.147182146,50889
162.1,5646.3,7.1,23096,55541,1.43,18,133,51,43,1525,0,104,19,1044,44020,6428,6.848164281,0.146024534,50448
162.2,5650.4,7.09,23716,56258,1.44,0,118,32,19,1382,0,0,123,906,44655,6684,6.680879713,0.149680887,51339
162.3,5654.7,7.08,24057,57352,1.46,11,150,48,27,1466,0,157,150,965,45629,6710,6.800149031,0.147055601,52339
162.4,5658.8,7.08,23762,55598,1.34,0,133,12,8,1520,0,0,143,881,44617,6483,6.882153324,0.14530336,51100
162.5,5663.1,7.1,23858,56845,1.43,5,140,58,39,1744,0,6,131,1156,45140,6584,6.856014581,0.145857333,51724
162.6,5667.1,7.09,23773,56438,1.41,24,137,26,32,1483,0,0,83,993,45178,6452,7.00216987,0.142812874,51630
162.7,5671.2,7.09,23950,56752,1.3,0,143,47,19,1510,0,4,0,1075,45489,6488,7.011251541,0.142627888,51977
162.8,5675.6,7.09,24384,57436,1.46,19,148,36,50,1530,0,76,20,987,46176,6594,7.002729754,0.142801455,52770
162.9,5679.8,7.08,24671,57648,1.59,30,148,32,48,1866,0,0,99,951,45980,6391,7.194492255,0.138995215,52371
163,5684.1,7.08,24607,58183,1.46,0,175,23,15,1828,0,0,13,1016,46212,6592,7.010315534,0.142646932,52804
163.1,5688.1,7.09,24315,56914,1.54,9,146,28,35,1860,0,0,220,941,45338,6429,7.052107637,0.141801579,51767
163.2,5692.2,7.09,23538,56670,1.36,18,145,8,48,1738,0,78,191,1008,44808,6281,7.133895876,0.140175861,51089
163.3,5696.4,7.09,23971,57176,1.36,0,138,7,32,1810,0,0,77,799,45298,6604,6.859176257,0.145790101,51902
163.4,5700.3,7.07,23922,57298,1.64,30,108,24,4,1599,0,166,224,1032,45268,6339,7.141189462,0.140032694,51607
163.5,5704.5,7.07,24104,57892,1.36,0,110,32,53,1641,0,0,131,1010,45981,6695,6.867961165,0.145603619,52676
163.6,5708.8,7.08,24313,57999,1.58,0,101,36,40,1698,0,152,78,1004,46059,6834,6.739683933,0.14837491,52893
163.7,5713,7.08,23909,57595,1.38,4,114,0,8,1551,0,8,61,1240,45597,7021,6.494374021,0.153979428,52618
163.8,5717.2,7.08,24151,57356,1.53,0,125,56,16,1774,0,0,120,849,45360,6631,6.840597195,0.146186067,51991
163.9,5721.4,7.08,23564,57161,1.4,0,129,57,87,1812,0,45,76,1125,44980,6587,6.828601791,0.146442863,51567
164,5725.4,7.08,24008,58774,1.5,0,146,36,0,1824,0,67,97,1225,46112,6920,6.663583815,0.150069396,53032
164.1,5729.5,7.06,24129,57741,1.45,7,161,41,45,1985,8,0,67,951,45719,6643,6.882282101,0.145300641,52362
164.2,5733.5,7.07,24175,59244,1.49,0,167,69,6,2127,0,131,219,951,46033,6686,6.884983548,0.14524363,52719
164.3,5737.7,7.06,24219,58649,1.47,5,145,58,37,1677,0,106,306,951,45627,6805,6.704922851,0.149144147,52432
164.4,5742,7.05,24275,58403,1.56,33,143,23,74,1691,0,0,132,966,46217,6760,6.83683432,0.146266525,52977
164.5,5746,7.05,24583,58462,1.4,0,114,48,34,1531,12,27,29,962,46343,6952,6.666139241,0.150011868,53295
164.6,5750.2,7.05,24614,58948,1.27,7,170,0,14,1726,0,8,282,984,46429,6809,6.818769276,0.146654031,53238
164.7,5754.3,7.04,24494,58370,1.4,0,130,38,65,1829,0,70,98,777,46081,6733,6.844051686,0.146112281,52814
164.8,5758.3,7.04,23878,57843,1.42,18,134,39,22,1934,0,176,307,925,44862,6670,6.725937031,0.148678169,51532
164.9,5762.5,7.04,22960,55308,1.28,0,123,32,40,1960,0,16,181,1123,42778,6702,6.382870785,0.156669316,49480
165,5766.7,7.04,22680,53879,1.52,0,189,56,17,2109,0,62,289,1009,42202,5855,7.207856533,0.138737501,48057
165.1,5771.1,7.05,22243,54102,1.42,0,128,86,21,1883,0,73,405,1088,42053,6003,7.005330668,0.142748436,48056
165.2,5775.1,7.04,22555,54210,1.37,0,199,71,69,2221,0,15,394,1053,41677,6338,6.57573367,0.152074286,48015
165.3,5779.1,7.02,22152,53509,1.53,0,169,92,52,2185,0,15,495,874,40784,6485,6.288974557,0.159008435,47269
165.4,5783.2,7.01,23039,56704,1.37,0,171,85,37,3040,0,206,514,946,42624,6592,6.466019417,0.154654655,49216
165.5,5787.3,7,23117,56751,1.33,26,219,311,51,3331,0,27,395,820,42781,6430,6.653343701,0.150300367,49211
165.6,5791.5,7,23432,57530,1.41,13,200,170,50,2760,0,6,205,1138,44047,6700,6.574179104,0.152110246,50747
165.7,5795.5,7,23227,56152,1.4,13,167,65,33,2319,0,0,268,933,43774,6357,6.885952493,0.145223192,50131
165.8,5799.6,7.01,23545,55817,1.37,0,124,60,20,2119,0,0,0,987,44191,6413,6.890846718,0.145120047,50604
165.9,5803.8,7.02,23311,56627,1.39,4,168,215,50,2727,0,0,124,870,43652,6666,6.548454845,0.15270778,50318
166,5807.6,7.02,23562,56159,1.4,13,158,93,50,2390,0,0,26,982,43892,6248,7.02496799,0.142349403,50140
166.1,5811.5,7.02,24158,57748,1.47,9,142,148,18,2382,0,63,173,1094,44802,6606,6.782016349,0.147448775,51408
166.2,5815.9,7.01,23722,57025,1.41,0,136,161,18,2319,0,133,218,1005,44385,6297,7.048594569,0.141872254,50682
166.3,5820,7.02,23396,56503,1.48,22,127,92,38,2130,0,122,79,1089,44350,6182,7.174053704,0.139391206,50532
166.4,5824.2,7.03,23373,55377,1.36,21,140,51,41,1886,0,58,111,1136,43950,6171,7.122022363,0.140409556,50121
166.5,5828.3,7.04,23114,55819,1.54,18,118,109,34,1941,0,81,243,875,43930,6412,6.851216469,0.145959481,50342
166.6,5832.7,7.01,23928,57186,1.37,9,129,89,55,1918,6,0,253,893,45015,6504,6.921125461,0.144485172,51519
166.7,5836.6,7.01,24083,57232,1.44,30,184,94,63,2114,0,69,124,1002,45256,6536,6.924112607,0.144422839,51792
166.8,5840.8,7.01,23986,57018,1.33,18,166,124,34,1915,0,7,51,959,45014,6466,6.96164553,0.1436442,51480
166.9,5844.7,7,24032,56271,1.43,8,150,89,50,1926,0,0,8,905,44821,6113,7.332079176,0.136386961,50934
167,5849.1,7,23739,56573,1.64,31,189,136,50,2331,0,0,34,1075,44296,6224,7.116966581,0.140509301,50520
167.1,5853.4,7,23444,56752,1.37,37,224,122,32,1998,0,49,9,877,44964,6464,6.956064356,0.143759452,51428
167.2,5857.5,6.99,23985,57600,1.38,13,169,72,23,1710,0,0,84,1031,45860,6799,6.745109575,0.14825556,52659
167.3,5861.4,6.97,25351,60099,1.43,22,132,151,6,1772,0,20,152,937,47856,7000,6.836571429,0.14627215,54856
167.4,5865.5,6.94,25209,59478,1.41,20,141,91,48,1791,0,0,125,836,47403,6857,6.913081523,0.144653292,54260
167.5,5869.7,6.93,24767,59352,1.51,8,161,129,47,2071,12,0,118,912,46450,6548,7.09376909,0.140968784,52998
167.6,5874.1,6.92,24804,59489,1.44,16,223,123,45,2190,0,0,128,942,46804,6740,6.94421365,0.144004786,53544
167.7,5878.2,6.91,23992,57026,1.31,11,209,68,42,1839,0,16,110,892,45467,6426,7.075474634,0.141333275,51893
167.8,5882.3,6.9,23428,56830,1.43,26,220,123,66,1725,0,50,12,963,44643,6397,6.978740034,0.143292341,51040
167.9,5886.2,6.89,23212,54177,1.44,11,145,62,18,1491,0,39,126,896,43187,6306,6.84855693,0.146016162,49493
168.1,5894.4,6.79,22872,58145,1.38,35,173,146,80,4961,49,64,212,1049,42273,6531,6.47266881,0.154495777,48804
168.2,5898.9,6.8,22074,54198,1.38,61,175,112,53,4098,0,77,46,929,40598,5975,6.794644351,0.147174738,46573
168.3,5903,6.8,21894,55335,1.4,32,148,165,50,4581,0,38,110,945,40934,6073,6.740326033,0.148360776,47007
168.4,5907,6.79,21316,55872,1.39,46,217,138,47,5900,0,38,115,1119,40054,6082,6.585662611,0.151845009,46136
168.5,5911,6.78,21851,54350,1.3,32,149,77,81,3760,0,0,6,826,41120,6080,6.763157895,0.147859922,47200
168.6,5915.3,6.75,23061,58658,1.27,31,255,243,48,5575,10,63,221,1001,42653,6353,6.713835983,0.148946147,49006
168.7,5919.3,6.74,23596,58493,1.42,25,178,131,59,4410,0,0,117,1088,43652,6430,6.788802488,0.147301384,50082
168.8,5923.5,6.76,23674,57642,1.35,21,162,109,71,4513,0,0,198,1041,43128,6342,6.80037843,0.14705064,49470
168.9,5927.5,6.77,23043,56539,1.56,49,175,140,61,4926,0,0,130,927,41714,6145,6.788283157,0.147312653,47859
169,5931.5,6.79,22433,55088,1.33,31,183,119,47,4567,0,24,116,847,41134,5925,6.942447257,0.144041426,47059
169.1,5935.6,6.8,22542,56490,1.31,11,184,98,64,4811,0,182,125,1068,41472,6124,6.772044415,0.147665895,47596
169.2,5939.5,6.79,23084,56687,1.4,51,160,92,60,4468,0,0,159,989,42457,5942,7.145237294,0.139953365,48399
169.3,5943.8,6.78,22975,56083,1.31,15,124,139,99,4243,0,0,204,1040,41955,6042,6.943892751,0.144011441,47997
169.4,5947.9,6.79,23437,57929,1.31,36,133,96,61,4788,0,106,216,866,42850,6527,6.565037536,0.152322054,49377
169.5,5952.1,6.8,23841,58267,1.31,41,156,123,50,4600,0,0,186,1136,43434,6409,6.777032298,0.147557213,49843
169.6,5956.4,6.81,23250,56354,1.37,26,135,84,62,4721,0,162,183,1176,41855,5859,7.143710531,0.139983276,47714
169.7,5960.3,6.82,23134,55972,1.45,33,153,138,10,4325,0,0,0,986,41727,6161,6.772764162,0.147650203,47888
169.8,5964.3,6.83,23182,56564,1.27,46,145,107,39,4336,0,79,0,922,42440,6380,6.652037618,0.150329877,48820
169.9,5968.4,6.84,23642,58275,1.45,46,156,54,43,4054,0,0,78,986,44252,6217,7.117902525,0.140490825,50469
170,5972.5,6.84,23924,59431,1.44,53,191,127,71,4345,0,0,94,1031,44747,6432,6.95693408,0.14374148,51179
170.1,5976.5,6.86,23515,57584,1.46,14,134,114,34,3997,0,73,165,946,43706,6034,7.243288034,0.138058848,49740
170.2,5980.5,6.87,23254,57486,1.28,33,162,86,59,3828,0,94,86,1052,43509,6271,6.93812789,0.144131099,49780
170.3,5984.7,6.87,23248,57768,1.42,52,153,65,95,4207,0,30,190,975,43314,6385,6.783711825,0.147411922,49699
170.4,5988.7,6.87,22823,56233,1.37,49,183,116,64,4171,0,15,135,793,42439,6253,6.786982249,0.147340889,48692
170.5,5992.9,6.87,22989,57351,1.32,47,181,171,68,4341,0,0,127,1074,42255,6373,6.630315393,0.150822388,48628
170.6,5996.8,6.86,22588,55986,1.4,8,220,150,50,4525,0,0,20,835,41956,6098,6.880288619,0.14534274,48054
170.7,6001.1,6.85,22982,56132,1.4,23,220,115,79,4491,0,84,0,973,42080,6157,6.83449732,0.14631654,48237
170.8,6005.1,6.84,22816,56394,1.42,47,228,156,67,4481,0,0,274,838,41822,6212,6.732453316,0.148534264,48034
170.9,6009.1,6.82,22885,56205,1.34,38,196,73,58,3935,0,0,278,868,42117,6005,7.013655287,0.142579006,48122
171,6013.2,6.82,23667,57107,1.46,21,169,96,37,3501,0,0,117,943,43533,6049,7.196726732,0.138952059,49582
171.1,6017.2,6.83,23151,56326,1.45,0,185,88,28,3469,0,0,254,994,42658,6188,6.893665158,0.145060715,48846
171.2,6021.2,6.84,22593,54652,1.32,13,122,112,57,3217,0,0,158,938,41684,5892,7.074677529,0.141349199,47576
171.3,6025.1,6.86,23279,56499,1.52,25,189,89,28,3504,0,165,171,875,42925,6175,6.951417004,0.143855562,49100
171.4,6029.3,6.86,22935,56875,1.37,9,228,64,29,3729,0,0,101,967,42877,6306,6.799397399,0.147071857,49183
171.5,6033.3,6.86,22081,54999,1.25,38,214,42,53,3526,0,34,100,1022,41352,6023,6.865681554,0.145651964,47375
171.6,6037.6,6.86,21318,52623,1.31,46,203,61,50,2971,0,76,115,839,39824,6105,6.523177723,0.153299518,45929
171.7,6041.6,6.85,22054,53586,1.41,11,164,73,31,3347,0,11,55,951,40526,6057,6.690771009,0.149459606,46583
171.8,6045.6,6.85,22155,54769,1.4,43,196,57,23,3114,0,0,220,837,41566,6099,6.815215609,0.146730501,47665
171.9,6049.7,6.85,22614,55505,1.16,31,176,83,55,3088,0,49,191,1030,42338,6042,7.007282357,0.142708678,48380
172,6053.6,6.86,21452,53876,1.28,39,184,100,61,3573,0,0,236,1040,40486,5911,6.849264084,0.146001087,46397
172.1,6057.5,6.85,22188,53892,1.22,34,176,122,24,3011,0,0,200,809,41187,5940,6.933838384,0.144220264,47127
172.2,6061.8,6.85,22178,54282,1.4,10,180,107,22,3016,0,0,250,834,41024,6055,6.775227085,0.147596529,47079
172.3,6065.7,6.85,22324,54788,1.33,0,170,98,38,3352,0,0,342,1080,41485,5849,7.092665413,0.14099072,47334
172.4,6069.4,6.86,21125,52227,1.29,20,167,67,18,3129,0,11,131,906,39869,5871,6.790836314,0.147257268,45740
172.5,6073.8,6.86,21286,52076,1.28,40,203,86,48,3171,0,44,0,908,39515,5833,6.774387108,0.14761483,45348
172.6,6077.8,6.84,22133,54828,1.32,15,173,83,75,3409,0,36,133,909,41675,5960,6.992449664,0.143011398,47635
172.7,6081.7,6.83,23076,57500,1.25,9,153,67,23,3263,0,172,353,993,43266,6479,6.677882389,0.14974807,49745
172.8,6085.9,6.84,23354,57704,1.33,20,110,91,26,3436,0,70,197,1248,43481,6405,6.788602654,0.14730572,49886
172.9,6089.9,6.86,20934,51026,1.22,24,176,102,67,3506,0,0,141,866,38428,5644,6.80864635,0.146872072,44072
173,6093.9,6.88,21649,54218,1.42,12,216,121,68,3918,0,0,258,878,40268,6108,6.592665357,0.151683719,46376
173.1,6098.2,6.89,21056,53628,1.23,27,246,166,55,4628,0,38,208,1015,38869,5850,6.644273504,0.150505544,44719
173.2,6102.2,6.89,21935,54018,1.25,11,190,85,40,4103,0,10,205,926,40021,5859,6.830687831,0.146398141,45880
173.3,6106.3,6.9,21317,53254,1.28,54,258,140,96,4503,0,0,181,896,38900,5947,6.541113166,0.152879177,44847
173.4,6110.1,6.91,21771,54319,1.18,20,204,87,64,3424,0,0,172,869,41151,6281,6.551663748,0.152632986,47432
173.5,6114.5,6.9,22201,54867,1.23,23,181,91,77,3467,14,0,138,741,41651,6154,6.768118297,0.147751555,47805
173.6,6118.5,6.89,22628,56469,1.26,41,197,107,52,4336,26,0,102,982,41910,6116,6.852517986,0.145931759,48026
173.7,6122.6,6.87,22438,55802,1.4,66,283,112,60,4468,0,70,117,757,41082,6283,6.538596212,0.152938026,47365
173.8,6126.3,6.88,22418,56075,1.34,37,223,95,47,4066,0,84,243,925,41665,6117,6.811345431,0.146813873,47782
173.9,6130.4,6.87,22506,55007,1.19,31,262,106,71,3848,0,86,0,788,41203,5914,6.967027393,0.143533238,47117
174,6134.3,6.85,22442,54415,1.3,30,246,129,33,3916,0,67,0,911,40809,5950,6.858655462,0.145801171,46759
174.1,6138.5,6.83,22507,55835,1.33,33,225,88,55,3569,0,71,209,955,41682,6012,6.933133733,0.144234922,47694
174.2,6142.6,6.84,23358,57139,1.27,38,168,96,42,3141,0,0,137,769,43872,6470,6.780834621,0.147474471,50342
174.3,6146.7,6.84,23281,57142,1.43,55,195,112,44,3159,0,103,154,903,43325,6325,6.849802372,0.145989613,49650
174.4,6150.8,6.85,23076,55708,1.32,29,171,59,34,2649,0,46,171,930,42756,6261,6.828941064,0.146435588,49017
174.5,6154.6,6.86,23193,56312,1.46,27,171,40,77,2561,0,0,111,1017,43229,6439,6.713620127,0.148950936,49668
174.6,6158.9,6.86,22442,53655,1.36,11,158,76,20,2757,0,0,69,898,41342,6155,6.716815597,0.148880074,47497
174.7,6162.8,6.89,22664,55628,1.4,4,183,82,37,3272,0,0,116,1018,41935,6141,6.828692395,0.14644092,48076
174.8,6167,6.9,21550,52899,1.36,16,127,49,50,2743,0,29,193,890,40836,5667,7.205929063,0.138774611,46503
174.9,6171,6.89,21968,53337,1.38,6,147,64,58,2810,0,107,49,768,40948,5970,6.858961474,0.145794666,46918
175,6175,6.85,21925,53374,1.33,29,187,95,63,3445,0,58,116,891,40425,5831,6.932773109,0.144242424,46256
175.1,6179.2,6.83,22370,55196,1.52,24,288,125,82,4802,0,9,167,867,40416,6111,6.613647521,0.151202494,46527
175.2,6183.4,6.84,23196,57998,1.32,43,256,95,79,4604,0,0,150,830,43017,6191,6.948312066,0.143919846,49208
175.3,6187.8,6.85,23072,58261,1.24,22,227,121,72,4356,0,66,38,1231,43419,6283,6.910552284,0.144706235,49702
175.4,6191.9,6.84,23780,58556,1.45,33,159,95,54,3796,0,123,213,852,43920,6683,6.571898848,0.152163024,50603
175.5,6196.1,6.84,24335,59540,1.31,0,158,122,42,3891,0,73,75,1124,44499,6598,6.74431646,0.148272995,51097
175.6,6200.5,6.84,23598,58567,1.29,24,181,103,52,3848,0,71,186,1175,43738,6351,6.886789482,0.145205542,50089
175.7,6204.6,6.87,23569,58427,1.31,33,211,110,52,3852,0,0,247,947,43790,6208,7.053801546,0.141767527,49998
175.8,6208.6,6.88,23178,57772,1.37,47,191,101,55,3650,0,38,88,1023,43458,6476,6.710623842,0.149017442,49934
175.9,6213,6.87,23708,58231,1.32,28,189,68,42,3356,0,0,72,991,44171,6565,6.728255903,0.148626927,50736
176,6217.1,6.87,23502,57380,1.23,23,194,95,80,3332,0,0,79,1001,43331,6532,6.633649724,0.150746579,49863
176.1,6221.3,6.87,23100,56174,1.4,0,177,114,33,2940,0,83,79,956,43105,6268,6.876994257,0.145412365,49373
176.2,6225.4,6.87,23249,56208,1.32,15,210,60,62,2857,0,8,54,1065,43015,6393,6.728452995,0.148622574,49408
176.3,6229.8,6.87,22804,55269,1.19,12,173,71,37,2400,0,0,30,1073,42863,6196,6.917850226,0.144553578,49059
176.4,6234.1,6.87,22946,55423,1.37,12,189,69,30,2720,0,46,133,835,42754,6262,6.82753114,0.146465828,49016
176.5,6238.3,6.87,23470,56154,1.3,26,209,90,45,2598,0,92,52,784,43479,6295,6.906910246,0.144782539,49774
176.6,6242.5,6.87,21749,52652,1.28,15,173,65,35,2637,0,85,61,862,40266,6005,6.705412157,0.149133264,46271
176.7,6247,6.86,23156,55945,1.36,21,186,75,61,2949,0,0,82,884,42828,6370,6.723390895,0.148734473,49198
176.8,6251,6.86,23046,56103,1.38,23,230,71,38,2617,0,0,92,928,43461,6544,6.641350856,0.150571777,50005
176.9,6255.2,6.87,22636,54196,1.41,32,243,48,21,2420,0,0,0,779,41985,6443,6.51637436,0.153459569,48428
177,6259.5,6.89,22563,54479,1.28,13,237,59,23,2393,0,36,109,935,42454,5879,7.221296139,0.138479295,48333
177.1,6263.9,6.91,21835,53204,1.24,0,173,55,38,2280,0,0,36,955,41553,5956,6.976662189,0.143335018,47509
177.2,6268.1,6.93,22569,54159,1.33,13,148,35,68,2220,0,0,78,1006,42279,6024,7.018426295,0.142482083,48303
177.3,6272.2,6.94,22538,54230,1.36,15,122,51,38,2054,0,0,84,723,42612,6455,6.601394268,0.15148315,49067
177.4,6276.3,6.94,22718,55312,1.39,23,160,6,63,2086,0,0,127,1010,43394,6122,7.088206468,0.141079412,49516
177.5,6280.6,6.95,23308,55880,1.22,20,144,48,46,2293,0,48,156,948,43600,6646,6.560337045,0.152431193,50246
177.6,6285.1,6.96,23233,55728,1.43,18,175,116,38,2898,0,61,0,831,43222,6273,6.890164196,0.145134422,49495
177.7,6289.6,6.97,22654,55082,1.25,18,164,82,24,2519,0,0,47,1049,42846,6335,6.763378058,0.147855109,49181
177.8,6293.8,6.98,22454,55173,1.35,24,226,105,32,2590,0,82,202,1202,42461,6155,6.898619009,0.144956548,48616
177.9,6297.9,6.98,22402,54642,1.43,22,209,75,44,2646,0,9,62,970,42509,6204,6.851869761,0.145945564,48713
178,6302.1,6.97,22138,54907,1.25,17,202,86,26,2612,56,125,167,1208,42352,6095,6.948646432,0.14391292,48447
178.1,6306.3,6.95,22523,55664,1.37,21,239,78,0,2875,0,0,98,944,42889,6268,6.842533504,0.146144699,49157
178.2,6310.6,6.92,22773,56063,1.28,0,227,88,30,2981,0,6,61,1119,43112,6493,6.639765902,0.150607719,49605
178.3,6314.9,6.89,23348,56938,1.32,6,153,109,30,2706,0,140,104,1010,43440,6518,6.664621049,0.150046041,49958
178.4,6319.2,6.89,23042,56574,1.3,12,191,70,67,2771,0,131,169,1168,43191,6215,6.949477072,0.143895719,49406
178.5,6323.6,6.89,22162,54775,1.27,6,192,76,23,2544,0,104,175,1041,42197,5998,7.035178393,0.142142806,48195
178.6,6328,6.91,22086,53602,1.38,11,152,94,42,2211,0,0,92,1023,41676,5926,7.032737091,0.142192149,47602
178.7,6332.2,6.91,22963,55324,1.26,23,179,60,59,2631,0,0,150,864,42797,6413,6.673475752,0.149846952,49210
178.8,6336.3,6.91,22716,54690,1.35,25,144,33,25,1810,9,50,197,1070,42817,6464,6.623917079,0.150968073,49281
178.9,6340.5,6.91,22856,53762,1.34,7,123,37,7,1915,0,71,27,1046,42235,6223,6.786919492,0.147342252,48458
179,6344.8,6.92,22864,54618,1.37,16,252,81,13,2580,0,0,237,910,42348,6313,6.708062728,0.149074336,48661
179.1,6349.2,6.93,22576,55426,1.4,5,232,62,75,2357,0,0,196,1021,42596,6357,6.700644958,0.149239365,48953
179.2,6353.5,6.93,23161,55496,1.26,0,128,60,25,2219,0,85,85,950,43492,6332,6.868603917,0.145589994,49824
179.3,6357.8,6.93,23365,56500,1.42,20,176,90,88,2307,0,106,13,1126,43853,6060,7.236468647,0.138188949,49913
179.4,6362.1,6.93,23230,55230,1.29,4,153,97,61,2471,0,10,193,893,43036,6256,6.87915601,0.14536667,49292
179.5,6366.5,6.93,23297,56159,1.22,13,149,72,45,2305,0,0,198,1003,43489,6515,6.675211051,0.149807997,50004
179.6,6370.9,6.93,22261,54317,1.38,8,187,105,48,2718,0,90,106,1124,41453,6159,6.730475727,0.148577908,47612
179.7,6375.1,6.94,21924,53568,1.23,19,182,105,49,2821,0,32,162,994,40949,5927,6.908891513,0.144741019,46876
179.8,6379.3,6.94,21737,53494,1.44,19,168,120,67,2595,0,0,212,850,41166,6287,6.547797042,0.152723121,47453
179.9,6383.5,6.92,22852,55748,1.4,20,175,78,58,2924,0,0,34,902,42595,6226,6.84147125,0.146167391,48821
180,6387.8,6.9,22628,54827,1.43,12,188,109,73,2893,0,71,178,999,41629,6308,6.59939759,0.151528982,47937
180.1,6392.3,6.9,22531,55140,1.45,19,152,87,31,2659,0,50,141,947,42330,6238,6.785828791,0.147365934,48568
180.2,6397,6.91,22879,54749,1.22,27,164,93,54,2850,0,0,195,994,41203,6225,6.618955823,0.151081232,47428
180.3,6401.1,6.91,22818,53734,1.32,17,144,97,40,2821,0,84,136,1206,40934,6033,6.785015747,0.147383593,46967
180.4,6406,6.92,21822,52360,1.55,38,182,145,58,2865,0,0,0,1037,39659,6202,6.394550145,0.156383166,45861
180.5,6410.4,6.93,21490,52169,1.35,21,143,103,57,3803,0,129,237,930,38255,6056,6.316875826,0.158306104,44311
180.6,6415.2,6.93,21094,51589,1.43,19,188,110,47,3714,0,115,251,1085,37442,6093,6.145084523,0.162731692,43535
180.7,6419.8,6.94,20819,49513,1.44,0,162,93,74,3039,0,0,228,920,37045,5849,6.333561293,0.157889054,42894
180.8,6424.4,6.95,20467,49357,1.33,25,171,69,37,3327,10,76,261,1085,36030,5778,6.235721703,0.160366361,41808
180.9,6429,6.96,19940,48378,1.34,96,232,122,39,4246,0,176,238,837,34724,5734,6.055807464,0.165130745,40458
181,6433.6,6.96,19326,45813,1.43,29,195,76,61,3049,0,157,371,864,33663,5334,6.311023622,0.158452901,38997
181.1,6438.2,6.96,18207,42958,1.25,41,131,165,96,3271,0,186,201,891,31032,4978,6.233828847,0.160415055,36010
181.2,6442.6,6.96,17201,39107,1.46,66,198,118,87,3249,0,134,289,631,27469,4725,5.813544974,0.172012086,32194
181.3,6447.3,6.97,15981,37564,1.45,97,186,170,122,2970,0,235,719,781,25341,4939,5.130795708,0.194901543,30280
181.4,6451.9,6.97,15347,35293,1.37,14,136,103,73,2871,0,321,263,673,24290,4903,4.954109729,0.201852614,29193
181.5,6456.4,6.97,14804,37885,1.35,83,281,471,135,5792,108,283,463,727,23003,4649,4.947945795,0.202104073,27652
181.6,6461.2,6.97,14726,37483,1.37,258,438,803,142,4465,0,392,1061,797,22623,4885,4.63111566,0.21593069,27508
181.7,6465.9,6.97,14122,36202,1.41,200,385,430,168,5733,0,357,495,710,21104,4881,4.323704159,0.231283169,25985
181.8,6470.5,6.98,13272,33568,1.34,194,216,331,133,5828,0,414,526,644,19442,4506,4.314691522,0.231766279,23948
181.9,6475.1,6.98,13264,34693,1.52,346,312,426,127,6599,0,415,395,605,19041,4776,3.986809045,0.250827162,23817
182,6479.5,6.98,13364,34502,1.39,383,380,284,137,6201,66,516,230,709,19445,4751,4.092822564,0.244330162,24196
182.1,6484.1,6.99,13452,36222,1.53,534,355,539,131,7178,75,377,640,650,19180,4624,4.147923875,0.241084463,23804
182.2,6488.8,7,13057,35329,1.64,463,309,332,151,7446,43,292,492,653,18785,4631,4.056359318,0.246526484,23416
182.3,6493.3,7.01,13530,38462,1.33,503,442,819,194,10353,16,500,668,650,18168,4689,3.874600128,0.258091149,22857
182.4,6497.9,7.02,13043,38340,1.28,577,514,1052,179,9383,131,444,560,745,18301,4761,3.843940349,0.260149719,23062
182.5,6502.3,7.02,13276,35879,1.33,524,328,705,158,7663,79,224,415,736,18678,4774,3.912442396,0.255594817,23452
182.6,6506.7,7.03,13460,36377,1.44,436,331,460,171,8062,0,357,511,707,18970,4905,3.867482161,0.258566157,23875
182.7,6511.6,7.04,13564,37629,1.4,439,324,439,192,8025,0,355,563,1033,19611,4882,4.017001229,0.24894192,24493
182.8,6516.3,7.02,14630,41076,1.36,416,442,489,240,9532,0,407,430,916,21321,5216,4.087615031,0.244641433,26537
182.9,6520.7,7.02,15742,45168,1.42,406,366,396,218,10720,32,359,284,1208,24315,5365,4.532152842,0.220645692,29680
183,6525.4,7.02,17006,46835,1.3,543,269,342,174,8678,0,452,206,1312,27608,5723,4.824043334,0.207294987,33331
183.1,6529.8,7.02,17762,49539,1.33,554,305,349,211,8108,26,396,170,1283,30369,6032,5.034648541,0.198623596,36401
183.2,6534.2,7.02,19070,52666,1.27,450,296,341,180,8129,24,306,333,1327,32891,6366,5.166666667,0.193548387,39257
183.3,6539.1,7.01,20191,55972,1.25,405,270,364,202,9192,78,372,300,1415,35472,6077,5.83709067,0.171318223,41549
183.4,6543.8,7,21571,57051,1.32,214,227,298,182,7944,0,181,166,1088,38490,6393,6.020647583,0.16609509,44883
183.5,6548.4,7,22185,58246,1.43,236,247,281,139,6422,0,141,305,1205,40580,6640,6.111445783,0.163627403,47220
183.6,6552.8,7.01,22917,59920,1.25,267,215,283,163,6673,21,88,187,1035,41877,6889,6.078821309,0.164505576,48766
183.7,6557.4,7.01,23096,60474,1.26,164,281,273,153,7340,157,158,42,1224,42048,6550,6.419541985,0.155774353,48598
183.8,6562.2,7.02,23059,58029,1.28,71,182,220,115,4854,71,0,54,1136,42765,6525,6.554022989,0.152578043,49290
183.9,6566.7,7.01,23070,57840,1.21,52,164,171,90,4414,0,0,30,1205,42679,6669,6.399610136,0.156259519,49348
184,6571.4,7.01,22860,57524,1.28,70,137,260,116,4506,81,45,66,1173,42749,6340,6.742744479,0.148307563,49089
184.1,6576,7,22880,57263,1.25,54,142,188,78,3826,0,0,193,1323,42976,6264,6.860791826,0.145755771,49240
184.2,6580.2,7,22161,55534,1.31,16,139,180,85,3589,9,26,79,1052,41915,6304,6.648953046,0.150399618,48219
184.3,6584.9,7,22287,55159,1.16,73,155,149,68,3056,0,0,83,983,42035,6448,6.519075682,0.15339598,48483
184.4,6589.6,6.99,22848,56982,1.21,96,184,307,61,3742,0,0,7,1251,42805,6296,6.798761118,0.147085621,49101
184.5,6594.3,6.98,23048,57570,1.16,61,194,243,102,3249,7,76,6,956,43586,6707,6.498583569,0.153879686,50293
184.6,6598.9,6.95,23960,58466,1.33,47,160,157,39,3247,0,112,189,1238,44109,6533,6.751722027,0.148110363,50642
184.7,6603.4,6.93,23750,57603,1.2,40,198,139,55,2723,0,0,140,1100,43849,6810,6.438913363,0.155305708,50659
184.8,6608,6.93,23283,55828,1.24,15,117,149,61,2487,44,0,162,1227,43036,6282,6.850684495,0.145970815,49318
184.9,6612.6,6.95,23145,56785,1.2,36,151,167,31,3122,0,129,280,1012,42825,6540,6.548165138,0.152714536,49365
185,6617.1,6.95,23118,55987,1.21,41,152,106,74,2607,0,0,131,1158,42885,6395,6.706020328,0.149119739,49280
185.1,6621.3,6.95,22987,56395,1.3,55,189,193,5,2807,0,25,148,989,43163,6453,6.688826902,0.149503047,49616
185.2,6625.6,6.95,22910,56183,1.28,73,242,170,83,3098,0,0,39,879,42910,6438,6.665113389,0.150034957,49348
185.3,6629.8,6.95,23038,56479,1.34,126,149,224,63,2807,0,0,186,1102,42861,6300,6.803333333,0.146986771,49161
185.4,6634,6.94,23307,57085,1.28,69,171,153,8,2428,0,0,129,1060,43760,6614,6.616268521,0.151142596,50374
185.5,6638.2,6.94,23031,57341,1.28,107,200,154,82,3095,0,11,77,1110,43716,6348,6.88657845,0.145209992,50064
185.6,6642.5,6.95,23126,56816,1.24,25,128,76,58,1966,0,21,13,1308,44178,6640,6.653313253,0.150301055,50818
185.7,6646.6,6.94,23418,56304,1.12,18,129,83,42,1879,13,0,99,1164,43956,6673,6.587142215,0.151810902,50629
185.8,6650.9,6.93,23354,55696,1.22,44,188,131,44,2292,0,15,64,1068,43327,6335,6.839305446,0.146213677,49662
185.9,6655,6.93,22869,55539,1.27,94,220,231,56,2729,0,0,138,1154,42066,6273,6.705882353,0.149122807,48339
186,6659.4,6.93,22551,55757,1.29,58,224,152,67,2834,0,0,192,1166,42767,6359,6.725428526,0.14868941,49126
186.1,6663.5,6.91,22879,56480,1.44,58,289,355,52,3489,0,0,320,1060,42311,6293,6.723502304,0.148732008,48604
186.2,6667.7,6.91,22070,54289,1.17,47,198,115,24,2390,0,97,162,1181,41452,6240,6.642948718,0.150535559,47692
186.3,6671.9,6.9,21987,53769,1.16,53,189,144,25,2489,0,158,104,985,41326,5984,6.906082888,0.144799884,47310
186.4,6676.2,6.9,22490,54694,1.26,71,189,139,34,2356,0,0,49,922,42371,6181,6.855039638,0.145878077,48552
186.5,6680.5,6.9,22493,55264,1.37,67,175,196,56,2365,0,0,115,969,42361,6491,6.52611308,0.153230566,48852
186.6,6684.6,6.91,21981,53769,1.32,140,129,87,20,1968,0,0,0,1183,41692,6431,6.482973099,0.154250216,48123
186.7,6688.5,6.92,22830,55799,1.34,53,144,141,50,2624,0,0,80,1004,42601,6638,6.417746309,0.155817939,49239
186.8,6692.7,6.91,23173,55921,1.31,52,164,106,25,2243,0,63,129,866,43347,6389,6.784629833,0.147391976,49736
186.9,6697.2,6.91,23247,56116,1.35,105,203,199,39,2417,0,0,115,787,43382,6267,6.922291367,0.144460836,49649
187,6701.3,6.9,22459,55341,1.39,54,161,105,41,2401,0,0,153,1023,42528,6496,6.54679803,0.152746426,49024
187.1,6705.5,6.91,22236,54326,1.42,21,121,78,28,2215,0,0,139,1176,42088,6277,6.705113908,0.149139897,48365
187.2,6709.7,6.91,22550,55850,1.21,23,130,134,45,2381,0,0,319,1100,42669,6580,6.484650456,0.154210317,49249
187.3,6714,6.9,23456,56461,1.39,0,142,81,35,2074,0,31,25,1087,43857,6480,6.768055556,0.147752924,50337
187.4,6718.3,6.92,23144,56316,1.19,11,184,131,61,2382,0,0,106,1100,43610,6364,6.852608422,0.145929833,49974
187.5,6722.3,6.92,23021,54728,1.24,19,133,108,0,2109,0,90,117,917,42488,6496,6.540640394,0.152890228,48984
187.6,6726.4,6.93,22872,55910,1.28,14,167,113,53,2019,0,0,46,1017,43457,6462,6.725007738,0.148698714,49919
187.7,6730.5,6.93,23359,56295,1.2,6,174,111,21,1966,0,0,86,1012,44195,6245,7.076861489,0.141305578,50440
187.8,6734.9,6.92,23620,55935,1.33,19,155,68,15,1731,0,52,84,962,43821,6423,6.822512844,0.146573561,50244
187.9,6739.1,6.92,23917,55624,1.34,8,136,58,34,1636,0,28,29,896,44568,6267,7.11153662,0.140616586,50835
188,6743.4,6.93,23806,56357,1.25,23,118,90,46,1634,0,0,62,957,44323,6597,6.718659997,0.148839203,50920
188.1,6747.7,6.95,22654,53706,1.23,24,147,67,0,1681,0,0,85,933,42484,6163,6.893396073,0.145066378,48647
188.2,6751.8,6.95,20970,51852,1.15,0,147,67,28,1613,0,23,242,1065,40229,5825,6.906266094,0.144796043,46054
188.3,6756,6.96,21021,51891,1.33,5,149,68,14,1506,0,0,0,917,40761,6065,6.720692498,0.148794191,46826
188.4,6760.1,6.94,22431,54945,1.31,25,160,65,0,1579,0,0,40,1022,43090,6573,6.555606268,0.152541193,49663
188.5,6764.5,6.91,23627,57583,1.24,21,204,79,76,1916,0,16,89,1114,44840,6602,6.791881248,0.147234612,51442
188.6,6768.6,6.92,22899,54972,1.36,15,197,75,23,1968,0,0,0,1053,42843,6087,7.038442583,0.142076885,48930
188.7,6772.8,6.93,22265,54346,1.25,15,146,91,65,2005,27,0,146,1064,41925,6298,6.656875198,0.150220632,48223
188.8,6777,6.93,22086,53449,1.32,21,128,87,40,1676,0,52,165,1177,41784,6253,6.682232528,0.149650584,48037
188.9,6781.2,6.94,22874,54359,1.28,11,109,67,13,1606,0,0,23,1085,42880,6246,6.865193724,0.145662313,49126
189,6785.5,6.96,23010,54961,1.2,16,130,72,28,1923,0,75,15,938,43033,6397,6.727059559,0.148653359,49430
189.1,6789.7,6.96,23009,55553,1.36,5,127,86,28,1898,0,0,172,1154,43120,6421,6.715464881,0.148910019,49541
189.2,6793.9,6.95,23487,56569,1.26,5,105,58,49,1713,0,0,295,1016,43795,6683,6.553194673,0.152597328,50478
189.3,6798.2,6.95,23329,55339,1.24,10,144,99,26,1932,0,0,254,822,43329,6176,7.015705959,0.142537331,49505
189.4,6802.3,6.95,22728,54191,1.38,11,157,54,43,1876,0,0,39,811,42679,6377,6.692645445,0.149417746,49056
189.5,6806.5,6.94,23140,55909,1.23,34,110,61,41,1723,0,0,154,928,44067,6471,6.809921187,0.146844578,50538
189.6,6810.6,6.94,23680,57007,1.26,0,91,57,31,1678,0,27,0,1083,45147,6555,6.887414188,0.145192372,51702
189.7,6814.9,6.94,23668,56165,1.43,0,122,79,32,1600,0,100,0,1024,44109,6550,6.734198473,0.148495772,50659
189.8,6819.1,6.96,22402,54418,1.45,0,182,63,33,1908,0,0,46,941,42272,6281,6.730138513,0.148585352,48553
189.9,6823.2,6.96,22397,53526,1.34,7,164,54,29,1909,0,0,109,875,41698,6259,6.662086595,0.150103122,47957
190,6827.4,6.95,22708,54941,1.37,0,205,75,21,2213,0,0,0,845,42535,6496,6.547875616,0.152721288,49031
190.1,6830.6,6.91,23343,56025,1.36,0,166,86,28,2190,0,0,271,916,43690,6434,6.790488032,0.14726482,50124
190.2,6833.7,6.9,23909,56666,1.35,7,171,70,31,1920,0,0,0,945,44559,6808,6.545094007,0.152786194,51367
190.3,6836.7,6.88,24650,57489,1.24,15,139,56,17,1888,0,69,49,963,45197,6632,6.814987937,0.146735403,51829
190.4,6839.9,6.89,24475,57854,1.27,29,208,88,63,2203,0,0,210,1362,44554,6599,6.751629035,0.148112403,51153
190.5,6843.1,6.93,23556,55620,1.27,6,228,88,40,2304,0,0,132,1096,43265,6226,6.949084484,0.143903848,49491
190.6,6846.1,6.93,23055,54613,1.32,15,185,55,55,1964,0,34,13,941,42816,6288,6.809160305,0.146860987,49104
190.7,6849.4,6.92,23742,56598,1.31,9,141,74,26,1824,0,73,114,937,44317,6768,6.548020095,0.152717919,51085
190.8,6852.4,6.9,24214,56966,1.3,0,120,48,49,1498,0,0,12,955,45179,6744,6.699139976,0.149272892,51923
190.9,6855.5,6.9,23866,56364,1.2,0,149,57,11,1627,0,17,83,1132,44533,6561,6.787532388,0.147328947,51094
191,6858.7,6.91,23650,55686,1.24,14,146,18,0,1297,0,26,0,955,44520,6381,6.976962858,0.143328841,50901
191.1,6861.8,6.93,23850,56573,1.47,19,139,44,56,1420,0,0,63,1038,44872,6737,6.660531394,0.150138171,51609
191.2,6864.9,6.94,23499,55117,1.36,0,144,70,42,1580,0,97,0,841,44002,6379,6.897946387,0.144970683,50381
191.3,6868,6.94,23165,55298,1.39,0,118,48,54,1539,0,38,181,999,43461,6571,6.614061787,0.151193024,50032
191.4,6871.3,6.95,23256,55684,1.37,0,126,86,22,1561,12,0,53,1042,43906,6451,6.806076577,0.146927527,50357
191.5,6874.4,6.94,23260,55464,1.26,0,103,44,22,1444,0,0,134,1082,43829,6254,7.008154781,0.142690912,50083
191.6,6877.5,6.94,23351,55191,1.27,0,126,82,6,1723,0,0,10,1033,43620,6508,6.702519975,0.149197616,50128
191.7,6880.6,6.92,22984,55089,1.22,7,139,67,71,1592,0,0,123,1127,43213,6358,6.796634162,0.14713165,49571
191.8,6883.7,6.92,23242,55180,1.29,0,123,42,0,1387,0,0,50,935,43676,6598,6.619581691,0.151066948,50274
191.9,6886.8,6.9,23828,57580,1.27,0,108,22,21,1575,0,0,57,991,45180,6889,6.558281318,0.152478973,52069
192,6890,6.91,24044,56577,1.3,10,133,38,6,1511,0,0,0,865,45031,6619,6.803293549,0.146987631,51650
192.1,6893,6.91,24210,57869,1.27,22,125,63,28,1590,0,0,161,1111,44946,6854,6.557630581,0.152494104,51800
192.2,6896.2,6.91,23184,55715,1.44,0,181,58,35,1912,0,0,0,932,43461,6533,6.652533293,0.150318677,49994
192.3,6899.3,6.92,22247,55085,1.48,29,317,47,42,1866,0,18,98,964,42103,6573,6.405446524,0.156117141,48676
192.4,6902.5,6.9,22832,56874,1.72,43,424,80,8,1831,0,71,228,970,43689,6569,6.650783985,0.150358214,50258
192.5,6905.6,6.89,23660,56573,1.18,11,159,30,27,1656,0,0,131,1069,44327,6629,6.686830593,0.14954768,50956
192.6,6908.7,6.88,23483,56450,1.51,5,171,70,41,1708,0,0,197,1129,44113,6433,6.857298306,0.145830027,50546
192.7,6911.8,6.89,23481,56134,1.54,17,140,46,45,1729,0,7,104,931,44267,6297,7.029855487,0.142250435,50564
192.8,6915.1,6.89,23434,55779,1.36,0,138,64,45,1630,0,0,0,963,43948,6549,6.710642846,0.14901702,50497
192.9,6918.3,6.89,23026,55547,1.48,24,169,67,38,1794,0,0,0,1211,43266,6330,6.83507109,0.146304257,49596
193,6921.4,6.89,22649,54439,1.5,21,111,50,41,1520,0,18,161,1053,43029,6178,6.964875364,0.143577587,49207
193.1,6924.7,6.89,22901,54627,1.46,26,145,104,26,1810,0,0,38,965,43031,6163,6.98215155,0.143222328,49194
193.2,6928,6.88,23068,54620,1.28,0,170,57,32,2032,0,0,18,1025,42868,6148,6.97267404,0.143417001,49016
193.3,6931.3,6.87,22411,52854,1.45,14,121,54,67,1845,0,6,256,1100,41062,6337,6.479722266,0.154327602,47399
193.4,6934.6,6.88,22477,54573,1.4,0,138,98,16,1784,8,0,410,1247,42039,6246,6.73054755,0.148576322,48285
193.5,6937.7,6.89,22703,55131,1.23,5,142,86,23,2051,0,0,376,944,42658,6352,6.715680101,0.148905246,49010
193.6,6941,6.89,22689,55004,1.37,26,181,57,25,2195,0,0,259,957,42683,6275,6.802071713,0.147014034,48958
193.7,6944.5,6.9,22764,54842,1.44,0,141,109,47,2155,0,30,189,926,42557,6331,6.722002843,0.148765186,48888
193.8,6947.7,6.9,22777,53698,1.5,6,117,122,19,1949,0,0,99,1011,42193,6235,6.767121091,0.147773327,48428
193.9,6951,6.91,23166,55006,1.32,10,143,88,33,1999,0,47,160,1069,42883,6396,6.704659162,0.149150013,49279
194,6954.3,6.91,23228,55047,1.27,10,196,104,31,2360,0,0,30,1109,42685,6143,6.948559336,0.143914724,48828
194.1,6957.5,6.91,23082,55292,1.38,36,250,67,31,2324,0,0,54,1013,43002,6356,6.765575834,0.147807079,49358
194.2,6960.7,6.9,23301,55896,1.32,0,198,83,43,2119,0,0,150,998,43399,6310,6.877812995,0.145395055,49709
194.3,6963.9,6.89,23544,55711,1.4,9,167,116,39,1857,0,0,82,1115,43585,6407,6.80271578,0.147000115,49992
194.4,6967.1,6.89,23599,55682,1.36,0,140,60,24,1462,26,0,13,1024,44207,6569,6.729639214,0.148596376,50776
194.5,6970.3,6.89,23851,55430,1.32,0,106,21,18,1479,0,5,67,1101,44050,6591,6.683356092,0.149625426,50641
194.6,6973.6,6.9,23709,55698,1.45,0,152,85,28,1586,0,0,132,1020,43695,6279,6.958910655,0.143700652,49974
194.7,6976.7,6.91,23507,54817,1.48,12,173,69,41,1467,0,24,0,952,43858,6172,7.105962411,0.140726891,50030
194.8,6979.7,6.92,23623,55516,1.35,0,126,52,29,1372,0,0,9,1006,43827,6518,6.723995091,0.148721108,50345
194.9,6983,6.93,23253,54841,1.3,0,127,68,14,1330,0,99,0,1036,43738,6452,6.778983261,0.147514747,50190
195,6986.2,6.93,23372,55251,1.29,11,148,46,33,1409,0,73,135,1201,43462,6463,6.724740832,0.148704616,49925
195.1,6987.9,6.93,23337,55826,1.23,0,136,31,26,1471,25,0,72,1082,43902,6769,6.485743832,0.15418432,50671
195.2,6989.7,6.92,23639,55976,1.36,0,134,59,5,1498,0,50,0,977,44190,6764,6.533116499,0.153066305,50954
195.3,6991.4,6.92,23278,54490,1.38,0,173,79,35,1508,0,198,155,933,43111,6251,6.896656535,0.144997796,49362
195.4,6992.9,6.92,23259,54870,1.29,4,139,46,7,1562,0,48,23,1036,43686,6168,7.082684825,0.141189397,49854
195.5,6994.6,6.89,23406,55330,1.24,8,162,51,41,1541,0,0,48,931,43781,6499,6.736574858,0.148443389,50280
195.6,6996.4,6.89,23282,54622,1.33,23,190,26,56,1633,0,76,87,985,43035,6271,6.862541859,0.145718601,49306
195.7,6998.2,6.88,23041,54726,1.48,0,143,92,35,1729,0,0,100,903,42879,6496,6.600831281,0.15149607,49375
195.8,6999.8,6.89,23218,55053,1.24,0,159,65,35,1772,0,0,195,844,43187,6237,6.924322591,0.144418459,49424
195.9,7001.6,6.88,23882,55859,1.29,0,202,45,35,1735,0,10,144,1003,43708,6511,6.71294732,0.148965864,50219
196,7003.3,6.88,24102,56565,1.34,0,173,80,9,1590,0,7,0,1039,44607,6476,6.888048178,0.145179008,51083
196.1,7005,6.88,24459,57113,1.56,0,162,23,78,1700,0,0,81,1001,44711,6532,6.84491733,0.146093802,51243
196.2,7006.8,6.88,23687,56142,1.27,0,172,45,39,1560,0,55,91,917,44350,6433,6.894139593,0.145050733,50783
196.3,7008.5,6.88,23709,56193,1.28,23,173,50,39,1787,0,0,21,1001,43943,6389,6.877915167,0.145392895,50332
196.4,7010.2,6.89,23146,54827,1.35,0,190,77,13,1898,0,0,99,957,43017,6232,6.902599487,0.144872957,49249
196.5,7011.9,6.88,22889,54601,1.32,6,189,49,39,1871,0,0,56,1092,42644,6130,6.956606852,0.143748241,48774
196.6,7013.6,6.86,22586,54074,1.3,0,170,81,16,1843,0,0,71,901,41969,6143,6.832003907,0.14636994,48112
196.7,7015.4,6.85,22754,55250,1.35,0,191,80,19,1983,0,16,86,1027,42761,6211,6.884720657,0.145249176,48972
196.8,7017,6.84,21734,52547,1.18,8,165,62,10,1908,0,0,59,1034,40625,6102,6.657653228,0.150203077,46727
196.9,7018.7,6.87,22398,54638,1.29,9,160,97,11,1942,0,0,92,1057,42476,6422,6.614138898,0.151191261,48898
197,7020.4,6.88,22771,55267,1.27,0,162,84,0,1704,67,0,93,887,43201,6310,6.846434231,0.146061434,49511
197.1,7022.2,6.88,23926,56535,1.27,11,187,48,38,1996,0,0,0,946,43664,6536,6.680538556,0.149688531,50200
197.2,7024,6.86,23819,56607,1.37,0,181,53,53,2206,0,0,0,975,43670,6513,6.705051436,0.149141287,50183
197.3,7025.5,6.85,23251,56896,1.27,24,219,134,50,2324,0,78,216,751,43334,6437,6.732018021,0.148543869,49771
197.4,7027.2,6.83,23654,57218,1.16,0,202,93,29,2177,0,0,209,953,44005,6737,6.531839098,0.153096239,50742
197.5,7028.9,6.83,24119,56736,1.17,11,160,40,21,1817,0,17,90,1015,44488,6549,6.793098183,0.147208236,51037
197.6,7030.7,6.84,24395,57359,1.2,0,105,47,28,2025,0,0,113,998,44755,6441,6.948455209,0.143916881,51196
197.7,7032.4,6.86,23479,55641,1.24,0,166,75,76,2194,0,18,122,1108,43454,6128,7.091057441,0.141022691,49582
197.8,7034,6.89,23363,56242,1.34,0,142,60,53,2080,0,0,236,858,43657,6578,6.636819702,0.150674577,50235
197.9,7035.8,6.89,23552,56790,1.31,8,194,70,60,2161,0,0,86,1179,43887,6392,6.865926158,0.145646775,50279
198,7037.5,6.89,22597,54092,1.26,4,181,77,42,2536,0,0,279,728,41232,6086,6.774893198,0.147603803,47318
198.1,7039.2,6.88,21461,51844,1.23,7,172,65,0,2394,0,0,166,889,39855,5896,6.759667571,0.147936269,45751
198.2,7040.9,6.88,23948,57727,1.57,23,206,62,80,2678,0,0,50,1022,43718,6582,6.642054087,0.150555835,50300
198.3,7042.6,6.85,24387,58565,1.27,0,217,41,59,2937,0,0,84,910,44227,6569,6.732683818,0.148529179,50796
198.4,7044.3,6.84,23990,58390,1.33,36,249,78,80,3292,25,0,101,1060,43707,6696,6.527329749,0.153202004,50403
198.5,7045.9,6.84,21364,52231,1.28,19,235,44,21,2454,0,81,153,847,39859,5946,6.70349815,0.149175845,45805
198.6,7047.7,6.85,22764,55764,1.36,0,213,73,9,2588,0,0,156,904,42792,6439,6.645752446,0.150472051,49231
198.7,7049.4,6.85,22600,55375,1.22,5,198,64,36,2368,0,59,291,876,42691,6341,6.732534301,0.148532478,49032
198.8,7051,6.86,23824,57869,1.32,23,187,53,67,2639,0,43,124,887,44349,6622,6.697221383,0.149315655,50971
198.9,7052.7,6.87,23864,57731,1.31,7,239,102,16,2768,0,0,100,949,44021,6561,6.709495504,0.149042502,50582
199,7054.3,6.88,23371,57067,1.32,13,248,90,82,2401,0,22,76,1082,43468,6643,6.543429174,0.152825067,50111
199.1,7056,6.89,23290,56059,1.4,18,189,83,62,2295,0,0,208,1223,43216,6489,6.659885961,0.150152721,49705
199.2,7057.6,6.87,23427,56801,1.3,0,233,70,8,2350,0,132,144,1025,43964,6309,6.968457759,0.143503776,50273
199.3,7059.3,6.87,23051,56382,1.3,6,245,91,57,2462,0,0,103,1150,43303,6585,6.576006074,0.152067986,49888
199.4,7061,6.86,23257,57539,1.26,6,282,117,53,2393,0,62,114,1112,44018,6563,6.706993753,0.149098096,50581
199.5,7062.5,6.82,23820,57553,1.24,8,212,52,38,2203,0,0,356,974,44432,6547,6.786619826,0.147348758,50979
199.6,7064.1,6.8,24289,58329,1.17,10,227,30,50,2121,0,69,186,1134,44882,6658,6.741063382,0.148344548,51540
199.7,7065.6,6.81,23722,56834,1.18,0,210,66,18,2251,0,0,115,879,44178,6188,7.139301875,0.140069718,50366
199.8,7067.4,6.81,22735,54926,1.25,0,249,96,8,2051,0,59,97,952,42809,6351,6.740513305,0.148356654,49160
199.9,7069,6.82,23057,54788,1.27,16,206,46,25,1701,0,0,75,1068,42947,6290,6.82782194,0.14645959,49237
200,7070.4,6.82,23874,55947,1.28,16,181,48,46,1948,0,109,127,984,43705,6543,6.679657649,0.149708271,50248
200.1,7072.2,6.81,22977,54784,1.21,0,175,0,19,1885,0,0,118,1039,42918,6291,6.822126848,0.146581854,49209
200.2,7073.9,6.84,23184,54696,1.28,0,151,27,36,1718,0,79,0,842,43270,6112,7.079515707,0.1412526,49382
200.3,7075.6,6.85,23346,56308,1.26,14,188,32,33,1871,0,93,20,958,44061,6432,6.850279851,0.145979438,50493
200.4,7077.4,6.86,22893,55660,1.33,0,197,52,26,1663,0,163,141,861,43688,6385,6.842286609,0.146149973,50073
200.5,7079.2,6.87,23497,56897,1.34,28,155,44,54,1710,0,0,164,1082,44448,6627,6.707107288,0.149095572,51075
200.6,7081,6.86,23676,56140,1.26,0,175,58,48,1673,0,0,117,1007,44078,6540,6.739755352,0.148373338,50618
200.7,7082.8,6.86,23866,57214,1.35,4,186,65,57,1911,0,0,153,1042,44813,6358,7.048285624,0.141878473,51171
200.8,7084.4,6.86,23172,55089,1.31,13,175,59,42,1910,0,71,73,943,43029,6290,6.840858506,0.146180483,49319
200.9,7086.2,6.87,23145,54719,1.37,0,229,51,41,2186,0,43,70,743,42677,6231,6.84914139,0.146003702,48908
201,7088,6.85,23066,55782,1.32,0,197,102,31,2151,0,56,0,1122,43205,6337,6.817894903,0.146672839,49542
201.1,7089.7,6.85,22504,54218,1.29,34,103,45,41,1753,26,0,108,993,42441,6284,6.753819223,0.148064372,48725
201.2,7091.4,6.86,22120,53050,1.31,0,140,53,27,1934,0,0,7,908,41481,6264,6.622126437,0.151008896,47745
201.3,7093.2,6.87,22658,55202,1.39,0,163,43,54,1866,0,0,143,770,42519,6566,6.475632044,0.154425081,49085
201.4,7094.8,6.88,22882,56206,1.22,6,122,37,63,1828,29,0,99,1098,43725,6583,6.642108461,0.150554603,50308
201.5,7096.6,6.88,23715,57126,1.34,0,198,54,38,2102,0,0,177,1090,43982,6670,6.594002999,0.151652949,50652
201.6,7098.4,6.88,22888,55387,1.33,9,247,56,58,2429,0,60,90,845,42580,6244,6.819346573,0.146641616,48824
201.7,7100.3,6.88,23225,56924,1.27,18,167,94,33,2309,0,114,253,1150,43594,6626,6.579233323,0.151993394,50220
201.8,7102,6.87,22984,55501,1.26,25,167,78,25,2027,0,24,80,949,43149,6544,6.593673594,0.151660525,49693
201.9,7103.9,6.87,23306,56573,1.15,0,155,36,62,1952,0,0,88,944,44122,6509,6.778614226,0.147522778,50631
202,7105.6,6.88,22949,55637,1.32,4,155,72,49,1952,0,165,71,979,43168,6474,6.667902379,0.149972202,49642
202.1,7107.3,6.9,23659,56000,1.35,0,135,29,17,1961,0,0,50,867,44043,6497,6.778974911,0.147514929,50540
202.2,7109.1,6.91,23716,56234,1.3,7,120,52,61,1953,0,0,71,875,43786,6395,6.84691165,0.146051249,50181
202.3,7110.7,6.93,23266,55368,1.35,5,156,60,28,1996,0,0,172,954,43398,6128,7.08191906,0.141204664,49526
202.4,7112.5,6.93,23396,56265,1.22,9,179,10,48,1866,0,0,0,825,44066,6604,6.672622653,0.14986611,50670
202.5,7114.3,6.93,23951,57929,1.4,0,144,51,25,1987,0,76,200,1279,44952,6645,6.764785553,0.147824346,51597
202.6,7116,6.93,24379,59337,1.34,10,142,80,44,1954,0,97,271,1138,46278,6711,6.895842646,0.14501491,52989
202.7,7117.7,6.93,24319,58365,1.31,12,181,66,32,2208,0,0,137,896,45468,6629,6.858953085,0.145794845,52097
202.8,7119.4,6.92,24147,58183,1.43,11,167,36,36,1885,0,63,166,969,45455,6679,6.80565953,0.146936531,52134
202.9,7121.2,6.91,23914,57269,1.3,9,143,82,37,2093,0,102,45,999,44213,6538,6.762465586,0.147875059,50751
203,7123,6.92,23648,56584,1.43,0,148,33,18,2241,0,52,122,1016,43941,6505,6.754957725,0.148039416,50446
203.1,7124.9,6.93,23452,56386,1.36,6,169,51,47,2215,0,0,242,973,43409,6432,6.748911692,0.148172038,49841
203.2,7126.6,6.92,22535,55350,1.32,0,159,42,21,2194,0,136,243,1039,42197,6353,6.64205887,0.150555727,48550
203.3,7128.3,6.92,22766,55483,1.28,0,162,37,19,2053,0,0,5,1003,42952,6220,6.905466238,0.144812814,49172
203.4,7130.1,6.93,23438,56529,1.27,0,187,51,13,2270,0,10,201,995,43571,6454,6.751007127,0.148126047,50025
203.5,7131.8,6.92,22363,54338,1.5,0,166,81,59,2212,0,91,188,828,41971,5826,7.204085136,0.138810131,47797
203.6,7133.7,6.93,22622,56836,1.15,13,214,26,60,2414,0,0,110,981,43699,6253,6.988485527,0.143092519,49952
203.7,7135.4,6.93,22638,55983,1.4,0,168,65,50,2129,0,0,198,936,42723,6453,6.620641562,0.151042764,49176
203.8,7137.2,6.9,23881,59414,1.37,42,224,98,58,2885,0,9,328,1147,44245,6566,6.738501371,0.148400949,50811
203.9,7138.9,6.89,23129,57259,1.26,38,239,23,82,2974,0,11,112,943,42981,6446,6.667856035,0.149973244,49427
204,7140.5,6.87,23255,57713,1.32,9,223,69,46,2639,0,66,211,1069,43193,6523,6.621646482,0.151019841,49716
204.1,7142.3,6.86,22834,56820,1.45,28,236,86,83,2940,0,17,147,1068,42405,6216,6.821911197,0.146586487,48621
204.2,7144,6.87,23248,56663,1.34,0,229,39,86,2946,0,65,86,848,42540,6219,6.840328027,0.146191819,48759
204.3,7145.7,6.88,22150,55945,1.18,9,243,65,26,2793,0,0,205,1027,41616,6161,6.754747606,0.148044022,47777
204.4,7147.5,6.89,21157,54025,1.3,0,286,75,83,2921,26,0,281,922,39610,5946,6.661621258,0.150113608,45556
204.5,7149.3,6.88,22276,56150,1.29,21,273,62,29,2870,0,0,344,997,41831,5981,6.99398094,0.142980087,47812
204.6,7150.9,6.85,23086,57367,1.23,0,166,56,43,3032,0,46,0,894,42587,6484,6.568013572,0.152253035,49071
204.7,7152.5,6.84,23948,59944,1.34,0,192,56,29,2926,0,0,296,958,44816,6491,6.904329071,0.144836665,51307
204.8,7154.3,6.85,23092,57267,1.46,23,164,62,40,2508,0,0,108,968,42746,6224,6.867930591,0.145604267,48970
204.9,7156,6.87,23107,58023,1.4,0,138,56,44,2266,0,6,170,997,43513,6581,6.611913083,0.151242158,50094
205,7157.9,6.88,23290,57062,1.28,0,159,56,73,2404,0,49,339,743,43203,6279,6.880554228,0.145337129,49482
205.1,7159.5,6.91,21568,54157,1.38,4,183,115,48,3190,0,55,225,1224,40277,6017,6.693867376,0.149390471,46294
205.2,7161.3,6.94,22297,57688,1.25,66,205,204,54,5878,12,8,362,1061,40464,6354,6.368271955,0.15702847,46818
205.3,7163,6.96,22455,56268,1.27,22,185,135,23,5633,13,70,177,890,40394,6147,6.571335611,0.152176066,46541
205.4,7164.8,6.98,22342,56113,1.37,28,188,180,63,5313,0,0,301,932,40514,5924,6.838960162,0.146221059,46438
205.5,7166.5,7.01,22224,54919,1.29,16,156,113,40,3735,0,0,201,1020,40772,6090,6.694909688,0.149367213,46862
205.6,7168.3,7.04,22339,54853,1.22,20,135,83,34,3362,0,37,209,890,41145,6157,6.682637648,0.149641512,47302
205.7,7170.2,7.03,22436,56385,1.21,8,145,107,41,2824,0,165,268,1007,42659,6489,6.57404839,0.15211327,49148
205.8,7172,7.05,22436,54626,1.27,0,81,35,0,2412,0,0,78,983,42181,6075,6.943374486,0.14402219,48256
205.9,7173.7,7.05,22111,54709,1.29,81,135,114,25,2821,0,0,303,977,41525,5893,7.046495843,0.141914509,47418
206,7175.5,7.06,21679,54116,1.36,40,259,127,26,3336,0,68,252,920,40597,5776,7.028566482,0.142276523,46373
206.1,7177.2,7.08,21704,53854,1.32,45,192,94,33,2700,0,0,143,1052,40826,6142,6.647020514,0.150443345,46968
206.2,7179.1,7.07,22040,53313,1.34,0,107,52,22,2188,0,35,147,915,40842,6120,6.673529412,0.149845747,46962
206.3,7181,7.07,22234,53720,1.49,21,156,104,91,2389,0,0,200,840,40960,6073,6.744607278,0.148266602,47033
206.4,7182.7,7.06,22416,54519,1.38,28,132,48,23,2303,0,0,363,743,42148,5907,7.135263247,0.140148999,48055
206.5,7184.4,7.06,23046,56054,1.26,24,108,74,54,2360,0,0,142,1027,42689,6488,6.579685573,0.151982946,49177
206.6,7186.2,7.06,23375,57844,1.41,11,169,106,49,2986,0,0,201,1085,43696,6298,6.93807558,0.144132186,49994
206.7,7188,7.05,23604,57395,1.27,9,218,57,45,3426,0,0,192,1001,43391,6326,6.859152703,0.145790602,49717
206.8,7189.7,7.06,23245,56870,1.27,0,184,35,32,2818,20,0,280,1104,42806,6243,6.856639436,0.145844041,49049
206.9,7191.3,7.06,23004,55896,1.28,21,165,71,31,2333,0,34,115,1013,42915,6399,6.706516643,0.149108703,49314
207,7193.2,7.07,21400,51322,1.22,0,187,57,61,2488,0,74,239,986,38792,5603,6.923433875,0.144436997,44395
207.1,7195,7.06,21786,52352,1.25,0,178,54,31,2210,0,0,143,966,40026,6018,6.651046859,0.150352271,46044
207.2,7196.7,7.06,21111,52096,1.29,0,160,57,33,2172,0,0,83,1076,40323,5827,6.920027458,0.144508097,46150
207.3,7198.6,7.07,22131,53450,1.33,21,140,54,46,2052,30,0,105,1100,41334,6075,6.803950617,0.146973436,47409
207.4,7200.5,7.07,22365,54024,1.3,0,133,70,16,2143,0,105,156,1080,42219,5827,7.245409302,0.138018428,48046
207.5,7202.3,7.08,23009,55973,1.36,0,100,42,32,2170,0,0,225,1008,42944,6324,6.790638836,0.14726155,49268
207.6,7203.9,7.09,23048,55673,1.59,0,109,73,50,2303,0,0,116,746,43091,6233,6.913364351,0.144647374,49324
207.7,7205.8,7.09,22908,55839,1.31,8,162,278,28,2912,0,0,375,1168,41835,6163,6.788090216,0.14731684,47998
207.8,7207.6,7.08,22563,54868,1.49,24,190,151,42,2872,0,0,223,957,41140,6161,6.677487421,0.149756928,47301
207.9,7209.3,7.08,22578,55489,1.4,0,178,74,43,2797,0,0,146,1098,42062,6052,6.950099141,0.14388284,48114
208,7210.9,7.08,21898,54516,1.26,5,255,74,63,3008,0,0,379,888,41076,5821,7.056519498,0.141712922,46897
208.1,7212.5,7.05,22543,56622,1.42,17,229,67,33,3392,0,29,476,1168,41511,6173,6.72460716,0.148707571,47684
208.2,7214.4,7.02,22829,56622,1.27,6,257,112,60,3770,0,0,246,983,41793,6160,6.784577922,0.147393104,47953
208.3,7216.2,7.02,23007,56959,1.31,8,182,61,36,3185,0,0,302,933,42893,6242,6.871675745,0.145524911,49135
208.4,7217.9,7.02,22726,56476,1.5,6,235,88,44,2901,0,0,224,1072,42662,6349,6.719483383,0.148820965,49011
208.5,7219.7,7.03,22290,55028,1.28,0,163,36,46,2764,0,0,258,1057,41521,6260,6.632747604,0.150767082,47781
208.6,7221.4,7.03,23633,58097,1.38,0,198,75,23,3211,0,48,149,1074,43946,6463,6.799628655,0.147066855,50409
208.7,7223,7.03,23334,57618,1.33,12,212,80,27,3270,0,0,48,1036,43270,6317,6.849770461,0.145990294,49587
208.8,7224.8,7.04,23157,56689,1.38,0,193,43,70,3069,0,0,140,1014,43105,6347,6.791397511,0.147245099,49452
208.9,7226.6,7.04,23081,56734,1.29,0,199,47,28,2976,0,0,263,1220,43053,6487,6.636812086,0.15067475,49540
209,7228.3,7.05,22066,54107,1.27,0,191,54,28,2879,0,0,223,996,41242,6033,6.836068291,0.146282915,47275
209.1,7230.1,7.06,22615,56939,1.46,0,246,56,51,3410,0,0,315,984,42573,6164,6.906716418,0.144786602,48737
209.2,7231.8,7.05,22708,56331,1.44,8,240,44,61,3167,0,0,254,1077,42375,6266,6.76268752,0.147870206,48641
209.3,7233.5,7.03,21474,53415,1.24,7,212,32,41,2638,0,0,290,1131,40391,6074,6.6498189,0.150380035,46465
209.4,7235.2,7.02,21995,53758,1.34,17,243,37,21,3378,0,24,250,1099,39836,6055,6.579025599,0.151998193,45891
209.5,7236.9,7.03,22616,55509,1.35,23,291,21,66,3355,0,0,219,865,41551,6115,6.794930499,0.14716854,47666
209.6,7238.7,7.05,21884,53988,1.42,0,206,76,28,2814,0,0,115,1046,41363,5860,7.058532423,0.141672509,47223
209.7,7240.4,7.06,21686,53066,1.21,10,172,35,23,2314,0,0,148,855,41069,5926,6.930307121,0.14429375,46995
209.8,7242.2,7.08,22462,55143,1.31,10,244,69,53,2815,0,0,204,935,41859,6267,6.679272379,0.149716907,48126
209.9,7243.9,7.08,22611,55528,1.4,13,154,49,32,2459,0,35,274,989,42592,6244,6.821268418,0.146600301,48836
210,7245.6,7.09,22684,54664,1.34,0,178,41,7,2338,0,0,154,1165,42289,5917,7.14703397,0.139918182,48206
210.1,7247.4,7.11,22205,53384,1.33,0,182,60,25,2492,0,57,237,882,40988,6042,6.783846408,0.147408998,47030
210.2,7249.3,7.12,22392,54619,1.25,8,207,56,45,2600,0,0,108,952,42156,5815,7.249527085,0.137940032,47971
210.3,7251.2,7.12,23004,55211,1.39,7,155,23,44,2161,0,0,57,958,43171,6388,6.758140263,0.147969702,49559
210.4,7253,7.13,22609,54250,1.28,11,165,27,0,1926,0,127,90,967,42323,5995,7.05971643,0.141648749,48318
210.5,7254.8,7.13,22424,53499,1.26,0,179,13,9,2051,0,0,39,1025,41716,5979,6.977086469,0.143326302,47695
210.6,7256.6,7.14,21220,51262,1.42,0,192,30,53,2177,0,0,129,760,39433,5913,6.668865212,0.149950549,45346
210.7,7258.4,7.14,20828,50859,1.22,24,221,61,43,2305,0,127,142,995,39019,5558,7.020331054,0.142443425,44577
210.8,7260.1,7.13,21219,52530,1.42,15,203,56,16,2404,0,25,0,1067,39912,6039,6.609041232,0.151307877,45951
210.9,7262,7.12,20725,50870,1.15,0,153,31,19,2003,0,36,80,886,39815,5527,7.203727158,0.138817029,45342
211,7263.9,7.12,22190,54899,1.38,20,211,91,23,2407,0,0,85,893,42259,5995,7.049040867,0.141863272,48254
211.1,7265.8,7.11,22083,53730,1.36,0,291,75,61,3209,0,58,117,738,40227,5849,6.877585912,0.145399856,46076
211.2,7267.6,7.09,21597,53652,1.39,0,259,38,59,3163,0,0,227,941,39788,5911,6.731179158,0.148562381,45699
211.3,7269.4,7.08,21875,54415,1.37,0,266,127,68,3412,0,0,165,1072,40348,5871,6.872423778,0.145509071,46219
211.4,7271.3,7.06,21048,53240,1.39,13,311,49,30,3577,0,73,131,860,39405,5780,6.817474048,0.146681893,45185
211.5,7273.1,7.06,21250,54027,1.38,0,255,85,22,3675,0,69,160,1077,39994,5602,7.139235987,0.140071011,45596
211.6,7274.9,7.06,22857,57168,1.52,4,280,96,73,3702,0,57,220,933,41959,6546,6.409868622,0.156009438,48505
211.7,7276.9,7.07,21878,53488,1.47,13,243,66,41,3580,0,0,157,779,39697,5495,7.224203822,0.138423558,45192
211.8,7278.7,7.11,21859,53460,1.39,8,242,97,61,2826,0,0,222,826,40268,5729,7.028800838,0.142271779,45997
211.9,7280.6,7.13,21577,53240,1.28,6,259,58,32,3379,0,31,114,897,39422,5932,6.645650708,0.150474354,45354
212,7282.5,7.15,19352,48331,1.38,13,210,85,43,2475,0,0,329,926,36448,5095,7.153680079,0.139788191,41543
212.1,7284.4,7.16,19747,48343,1.27,9,189,32,66,2730,0,186,111,756,36445,5326,6.842846414,0.146138016,41771
212.2,7286.2,7.17,19924,48555,1.22,0,226,66,44,2733,0,0,213,920,36157,5280,6.847916667,0.146029814,41437
212.3,7288,7.17,21011,51733,1.35,23,242,77,67,3369,0,0,150,1014,38478,5637,6.825971261,0.146499298,44115
212.4,7289.8,7.18,22060,54471,1.37,14,227,17,28,3015,0,4,204,860,41178,6272,6.565369898,0.152314343,47450
212.5,7291.7,7.18,22096,54507,1.14,20,265,76,54,2906,0,0,342,929,41452,6020,6.885714286,0.145228216,47472
212.6,7293.5,7.19,23008,55421,1.5,7,161,43,44,2471,0,40,127,854,42717,6219,6.868789194,0.145586066,48936
212.7,7295.4,7.2,23487,56156,1.41,11,182,55,74,2865,0,19,247,729,42988,6350,6.76976378,0.147715642,49338
212.8,7297.2,7.22,22964,54601,1.3,5,174,55,33,2576,0,69,188,1042,42244,6044,6.989410986,0.143073573,48288
212.9,7299,7.23,22794,54214,1.1,21,133,44,22,2085,0,0,160,799,42570,6115,6.96156991,0.14364576,48685
213,7301,7.25,23196,54621,1.31,7,154,53,46,2056,0,0,18,1014,42809,6265,6.833040702,0.146347731,49074
213.1,7302.8,7.27,23301,55119,1.36,0,164,41,31,2042,0,0,147,800,43045,6420,6.70482866,0.149146242,49465
213.2,7304.7,7.27,23072,54817,1.4,6,224,49,59,2109,0,171,13,866,42784,6152,6.954486346,0.143792072,48936
213.3,7306.5,7.29,23056,55273,1.3,0,164,16,38,1972,0,47,317,927,43166,6189,6.974632412,0.143376732,49355
213.4,7308.3,7.31,22782,53856,1.3,15,172,48,59,1951,0,45,32,1056,42236,6188,6.825468649,0.146510086,48424
213.5,7310.3,7.32,22932,55811,1.34,0,166,56,29,2395,0,52,151,982,43636,6148,7.097592713,0.140892841,49784
213.6,7312.1,7.3,23413,56480,1.35,24,168,44,25,2478,0,0,194,962,44068,6203,7.104304369,0.140759735,50271
213.7,7314,7.3,23447,56288,1.31,0,182,59,45,2351,0,70,0,926,43804,6324,6.926628716,0.144370377,50128
213.8,7315.7,7.31,23244,55634,1.23,10,232,19,60,2105,0,0,128,971,43385,6315,6.870150435,0.14555722,49700
213.9,7317.7,7.32,23409,56279,1.22,6,126,36,51,2137,0,0,84,920,43908,6402,6.858481724,0.145804865,50310
214,7319.5,7.3,22722,54662,1.2,0,182,0,47,2024,0,147,25,1040,42433,6117,6.936897172,0.144156671,48550
214.1,7321.4,7.3,22783,55048,1.46,0,138,38,20,2018,0,0,113,839,42670,6357,6.712285669,0.148980548,49027
214.2,7323.2,7.3,22037,52972,1.25,0,144,39,38,2159,0,37,179,878,41076,5778,7.109034268,0.140666082,46854
214.3,7325,7.29,22121,54238,1.31,11,186,18,44,2045,0,63,122,952,42113,6192,6.80119509,0.147032983,48305
214.4,7326.8,7.28,22380,53896,1.25,11,139,32,19,1975,0,0,255,985,41630,6220,6.692926045,0.149411482,47850
214.5,7328.7,7.27,22308,54333,1.36,8,155,55,52,2411,0,74,145,1041,41634,6167,6.751094535,0.148124129,47801
214.6,7330.5,7.26,21679,52850,1.32,6,209,16,25,1852,0,0,97,968,41249,6032,6.838362069,0.146233848,47281
214.7,7332.2,7.25,21978,52594,1.32,11,163,0,22,1547,0,0,37,866,41984,6102,6.880367093,0.145341082,48086
214.8,7334.1,7.24,22581,53916,1.26,11,117,37,19,1254,0,121,138,739,42786,6270,6.823923445,0.146543262,49056
214.9,7336,7.24,22566,53137,1.31,4,136,26,24,1459,0,73,255,819,41882,6289,6.659564319,0.150159973,48171
215,7337.7,7.24,21797,51644,1.33,0,104,32,29,1587,0,0,188,707,40661,5811,6.997246601,0.142913357,46472
215.1,7339.5,7.25,20530,49574,1.29,0,113,21,41,1479,0,0,93,767,38861,5941,6.541154688,0.152878207,44802
215.2,7341.3,7.26,20919,50930,1.3,0,154,23,49,1858,0,0,124,856,39800,5967,6.670018435,0.149924623,45767
215.3,7343.1,7.26,21347,51308,1.3,12,126,17,0,1776,0,0,291,951,39881,6056,6.585369881,0.151851759,45937
215.4,7344.8,7.25,22591,54241,1.3,0,203,30,55,2386,0,0,41,1007,41819,6299,6.638990316,0.150625314,48118
215.5,7346.5,7.26,22774,54112,1.38,8,176,45,50,2363,0,0,136,910,41725,6128,6.808909922,0.146866387,47853
215.6,7348.2,7.26,22360,54040,1.38,12,205,12,27,2257,0,0,14,880,42027,5977,7.031453907,0.142218098,48004
215.7,7349.9,7.26,22517,54821,1.24,0,168,31,46,2242,0,0,243,859,42701,6084,7.018573307,0.142479099,48785
215.8,7351.8,7.27,22725,54909,1.21,0,122,36,29,1922,0,0,99,901,42872,6508,6.587584511,0.151800709,49380
215.9,7353.6,7.27,22834,55318,1.39,12,199,5,54,2157,0,0,63,923,43151,6664,6.475240096,0.154434428,49815
216,7355.4,7.27,23308,56302,1.36,11,184,33,52,2201,0,29,32,1022,43890,6407,6.850319963,0.145978583,50297
216.1,7357.2,7.28,23291,56151,1.3,0,183,106,0,2603,0,0,144,968,43414,6363,6.822882288,0.146565624,49777
216.2,7358.9,7.28,22952,54766,1.24,0,215,52,20,2406,0,0,202,857,42211,6122,6.894968964,0.145033285,48333
216.3,7360.6,7.29,22746,54776,1.42,0,222,39,44,2445,0,0,218,806,42444,6155,6.895857027,0.145014607,48599
216.4,7362.4,7.3,22236,54622,1.26,9,195,49,33,2307,0,0,275,957,42221,6270,6.733811802,0.148504299,48491
216.5,7364.1,7.3,22719,54626,1.28,14,116,32,44,2104,0,0,308,961,42576,6160,6.911688312,0.14468245,48736
216.6,7365.8,7.3,23145,55668,1.38,0,171,63,34,2372,0,0,116,789,43147,6384,6.758615288,0.147959302,49531
216.7,7367.5,7.31,22584,54731,1.23,0,197,54,17,2455,0,0,274,886,41763,6303,6.625892432,0.150923066,48066
216.8,7369.2,7.31,22029,53346,1.14,8,195,41,33,2499,15,142,230,901,41230,5764,7.153018737,0.139801116,46994
216.9,7370.9,7.3,22652,55104,1.15,12,159,52,29,2483,0,0,383,974,41998,6303,6.663176265,0.150078575,48301
217,7372.6,7.3,23098,56580,1.24,4,185,41,48,2844,0,119,300,984,42819,6335,6.759116022,0.147948341,49154
217.1,7374.4,7.28,21581,52550,1.26,12,234,63,31,2839,0,0,116,785,39962,5831,6.853369919,0.145913618,45793
217.2,7376.3,7.27,22404,55149,1.16,0,192,27,43,2413,0,63,184,843,42414,6219,6.820067535,0.146626114,48633
217.3,7378,7.26,22734,56637,1.31,0,168,53,24,2693,0,0,7,870,43266,6313,6.853476952,0.145911339,49579
217.4,7379.8,7.25,22018,54458,1.43,22,189,68,38,2614,0,106,413,895,40953,6015,6.808478803,0.146875687,46968
217.5,7381.5,7.24,21680,53457,1.35,17,199,32,45,2453,0,0,218,913,40666,5872,6.925408719,0.14439581,46538
217.6,7383.4,7.24,21710,53496,1.35,0,202,40,35,2382,0,0,125,769,40786,5977,6.823824661,0.146545383,46763
217.7,7385.1,7.24,22979,56147,1.21,0,225,66,19,2595,0,0,180,920,43095,6108,7.055500982,0.14173338,49203
217.8,7386.9,7.25,21056,52341,1.22,12,218,51,32,3290,0,52,354,996,38723,5681,6.816229537,0.146708674,44404
217.9,7388.8,7.26,21158,52931,1.18,29,211,40,55,2916,0,0,354,729,39765,5751,6.914449661,0.14462467,45516
218,7390.5,7.28,21829,53451,1.23,0,198,63,41,2438,0,0,217,1045,40676,5884,6.912984364,0.144655325,46560
218.1,7392.2,7.27,20386,49637,1.13,0,194,63,43,2449,0,0,209,987,37631,5560,6.768165468,0.147750525,43191
218.2,7394,7.29,19341,47701,1.27,0,175,31,45,2047,0,9,25,909,36764,5500,6.684363636,0.149602872,42264
218.3,7395.7,7.3,19298,48082,1.34,14,145,71,47,2315,0,141,248,970,36163,5512,6.560776488,0.152420983,41675
218.4,7397.5,7.3,19866,48435,1.21,0,193,58,19,2316,0,0,198,739,37149,5311,6.994727923,0.142964817,42460
218.5,7399.3,7.32,20654,51644,1.27,0,183,38,43,2259,0,116,343,855,39539,5989,6.601936884,0.1514707,45528
218.6,7401,7.31,22420,54243,1.26,7,210,89,16,2591,0,0,258,871,41621,6191,6.722823453,0.148747027,47812
218.7,7402.7,7.3,22465,55736,1.31,6,245,69,29,2850,0,0,143,1081,42389,6270,6.760606061,0.147915733,48659
218.8,7404.3,7.3,23173,56140,1.32,12,137,36,38,2189,0,24,289,958,43530,6394,6.807944948,0.146887204,49924
218.9,7406.1,7.31,23715,56631,1.25,17,211,60,54,2228,0,0,76,783,44096,6535,6.747666412,0.148199383,50631
219,7408,7.32,23547,56348,1.27,18,215,37,53,2178,0,0,200,1181,43652,6394,6.827025336,0.146476679,50046
219.1,7409.7,7.32,22976,55872,1.22,6,265,109,58,2650,0,65,211,847,42819,6239,6.86311909,0.145706345,49058
219.2,7411.6,7.34,21863,53240,1.19,10,200,35,54,2179,0,0,115,995,41121,6069,6.775580821,0.147588823,47190
219.3,7413.2,7.34,22349,54188,1.31,19,208,52,23,2140,0,0,134,951,41899,6277,6.675003983,0.149812645,48176
219.4,7415,7.34,22462,54126,1.18,7,170,25,44,1928,0,61,118,717,42491,6353,6.688336219,0.149514015,48844
219.5,7416.9,7.35,23148,56084,1.28,16,162,13,58,1930,0,4,154,936,43725,6630,6.595022624,0.151629503,50355
219.6,7418.7,7.34,23570,56829,1.34,7,207,48,26,1985,0,0,305,884,44448,6343,7.007409743,0.142706084,50791
219.7,7420.5,7.33,23492,56047,1.24,0,179,38,16,1925,0,34,83,1114,43470,6629,6.557550158,0.152495974,50099
219.8,7422.2,7.34,22494,54151,1.34,12,170,13,48,2122,0,7,111,936,41975,6130,6.847471452,0.146039309,48105
219.9,7424,7.34,21581,51812,1.3,0,221,58,41,2775,0,0,125,649,39535,5871,6.733946517,0.148501328,45406
220,7425.8,7.34,20770,50072,1.38,0,206,28,22,2139,0,0,104,937,38760,5644,6.86746988,0.145614035,44404
220.1,7427.3,7.33,21644,52873,1.24,7,180,52,54,2750,0,0,145,1064,40284,5993,6.721842149,0.148768742,46277
220.2,7429.1,7.3,21933,53673,1.42,9,218,48,44,2479,0,0,64,919,41567,6069,6.849069039,0.146005245,47636
220.3,7430.7,7.29,22869,55862,1.28,15,174,39,58,2301,0,95,210,1012,43136,6455,6.68257165,0.14964299,49591
220.4,7432.3,7.3,23430,55374,1.34,11,177,36,67,2114,0,0,190,1074,43098,6443,6.689119975,0.149496496,49541
220.5,7433.9,7.33,23289,54743,1.34,0,189,52,12,2258,0,0,0,795,42897,6365,6.739512962,0.148378674,49262
220.6,7435.6,7.35,22820,54298,1.2,18,207,46,51,2116,0,41,85,879,42216,6509,6.485788908,0.154183248,48725
220.7,7437.3,7.34,23309,55733,1.36,0,183,47,23,1899,0,0,0,832,44094,6704,6.577267303,0.152038826,50798
220.8,7439,7.34,23668,57001,1.35,0,180,45,60,2321,0,0,284,950,44073,6612,6.665607985,0.150023824,50685
220.9,7440.6,7.34,23450,56818,1.28,7,185,43,50,2239,0,107,183,960,43859,6602,6.643289912,0.150527828,50461
221,7442.3,7.35,23663,56961,1.4,14,141,39,35,2292,0,0,161,885,44350,6693,6.626326012,0.150913191,51043
221.1,7444,7.36,23331,57424,1.24,0,196,35,60,2478,0,167,216,950,44230,6708,6.593619559,0.151661768,50938
221.2,7445.8,7.36,23531,56792,1.17,19,182,24,54,2524,0,0,210,815,43913,6671,6.582671264,0.151914012,50584
221.3,7447.5,7.36,23578,57134,1.42,14,184,33,18,2253,0,30,179,815,44468,6666,6.670867087,0.14990555,51134
221.4,7449.1,7.35,23273,56769,1.48,14,155,36,24,2043,0,108,74,1102,44397,6531,6.797887,0.147104534,50928
221.5,7450.8,7.35,23548,56923,1.34,0,136,45,37,1914,0,0,148,1139,44411,6633,6.695462084,0.14935489,51044
221.6,7452.4,7.35,23755,57078,1.26,6,170,67,50,1743,0,0,88,1079,44868,6469,6.93584789,0.144178479,51337
221.7,7454.2,7.34,23670,57516,1.42,0,131,32,17,1580,0,0,230,1049,45294,6560,6.904573171,0.144831545,51854
221.8,7455.8,7.33,23745,57453,1.49,14,136,17,48,1612,0,150,16,1199,44881,6432,6.977767413,0.143312315,51313
221.9,7457.7,7.31,23438,57696,1.17,17,152,20,44,1507,0,24,162,1007,44801,6572,6.8169507,0.146693154,51373
222,7459.4,7.31,23263,56377,1.33,11,143,38,45,1931,0,86,261,1112,43197,6397,6.752696577,0.148088988,49594
222.1,7461.1,7.28,23526,58038,1.29,14,148,44,36,2324,0,15,120,985,44936,6440,6.977639752,0.143314937,51376
222.2,7462.7,7.27,23532,59181,1.35,16,232,64,69,2791,0,31,250,1117,44241,6468,6.839981447,0.146199227,50709
222.3,7464.4,7.26,21528,53738,1.28,25,297,59,42,2980,0,41,345,933,39973,5871,6.808550502,0.14687414,45844
222.4,7465.9,7.24,21599,52693,1.15,9,235,64,51,2702,0,0,237,944,39541,5934,6.663464779,0.150072077,45475
222.5,7467.8,7.22,22850,55866,1.23,19,245,123,62,3173,0,90,310,802,41971,6115,6.863614064,0.145695838,48086
222.6,7469.6,7.21,22109,54425,1.23,24,245,67,40,3068,0,6,361,1017,40578,6111,6.640157094,0.150598847,46689
222.7,7471.4,7.2,23403,56987,1.2,0,209,50,35,2793,0,0,304,989,43250,6170,7.009724473,0.14265896,49420
222.8,7473,7.2,24276,58820,1.41,16,179,53,49,2594,0,0,132,1189,44962,6690,6.72077728,0.148792314,51652
222.9,7474.7,7.19,24333,58967,1.28,0,190,48,42,2756,18,0,199,910,44519,6730,6.615007429,0.15117141,51249
223,7476.4,7.2,20301,50806,1.18,18,231,51,71,3389,0,39,220,817,37398,5496,6.804585153,0.14695973,42894
223.1,7478,7.21,22362,56151,1.3,7,250,69,58,3396,0,0,336,1096,41369,6098,6.78402755,0.147405062,47467
223.2,7479.7,7.21,22930,57187,1.3,34,300,90,19,3268,0,0,281,986,42470,6203,6.846687087,0.14605604,48673
223.3,7481.4,7.2,23151,57245,1.22,10,336,111,84,3845,0,76,201,729,42312,6056,6.98678996,0.143127245,48368
223.4,7483.2,7.22,20692,51475,1.14,0,225,66,40,3285,0,16,159,854,38085,5843,6.518055793,0.153419982,43928
223.5,7485,7.22,20652,49946,1.3,10,123,41,27,2804,0,0,207,860,37413,5369,6.968336748,0.143506268,42782
223.6,7486.7,7.22,22157,54953,1.27,11,164,30,36,2702,0,6,322,949,41193,6290,6.548966614,0.152695846,47483
223.7,7488.3,7.2,22946,56236,1.2,19,188,31,55,2806,0,0,209,1013,42912,6368,6.738693467,0.148396719,49280
223.8,7490.1,7.21,23609,56798,1.28,0,137,40,29,2411,0,24,124,811,43820,6541,6.699281455,0.14926974,50361
223.9,7491.7,7.22,24218,58495,1.34,0,162,57,32,2624,0,0,193,1184,44803,6750,6.637481481,0.150659554,51553
224,7493.4,7.23,23902,57449,1.37,11,200,47,64,2752,0,0,0,1133,43898,6530,6.722511485,0.14875393,50428
224.1,7495.1,7.23,23150,56443,1.16,0,200,52,65,2632,0,0,276,998,43173,6271,6.884547919,0.14525282,49444
224.2,7496.8,7.25,22993,55816,1.28,0,85,40,35,2055,0,0,114,949,43385,6590,6.583459788,0.151895817,49975
224.3,7498.6,7.28,23341,56679,1.2,0,177,44,46,2195,0,0,160,1042,43975,6530,6.734303216,0.148493462,50505
224.4,7500.4,7.26,23710,57568,1.32,0,186,53,26,2550,0,0,246,994,43977,6446,6.822370462,0.14657662,50423
224.5,7502,7.24,23756,58275,1.28,0,222,44,76,2580,0,31,278,1008,44260,6801,6.50786649,0.15366019,51061
224.6,7503.6,7.25,24275,59322,1.15,0,155,45,19,2542,0,58,261,912,45597,6938,6.572066878,0.152159133,52535
224.7,7505.3,7.25,24163,59377,1.34,4,174,40,36,2625,0,15,166,1055,45342,7062,6.420560748,0.155749636,52404
224.8,7507.1,7.25,22576,54761,1.35,17,172,35,57,2524,0,33,222,958,42196,6230,6.773033708,0.147644326,48426
224.9,7508.8,7.24,24328,59846,1.35,8,182,50,52,2642,0,18,225,1156,45349,6840,6.62997076,0.150830228,52189
225,7510.6,7.23,23425,57122,1.32,0,194,56,43,2721,0,0,324,897,43251,6518,6.635624425,0.150701718,49769
225.1,7512.3,7.23,22452,55116,1.39,28,253,86,78,3238,0,114,206,1079,41224,5975,6.899414226,0.144939841,47199
225.2,7514.1,7.21,22164,54276,1.22,11,214,71,57,2851,0,83,347,847,40563,6025,6.732448133,0.148534379,46588
225.3,7515.8,7.22,21480,51279,1.26,7,202,63,74,3143,0,0,185,863,38140,5549,6.873310506,0.145490299,43689
225.4,7517.6,7.19,21662,52862,1.47,33,275,96,59,3855,0,27,278,927,38017,5759,6.601319674,0.151484862,43776
225.5,7519.2,7.18,20202,49078,1.42,29,271,89,58,3968,0,0,300,934,34743,5281,6.578867639,0.152001842,40024
225.6,7521.1,7.18,20388,49878,1.34,7,243,66,38,3691,0,28,300,921,35743,5702,6.26850228,0.15952774,41445
225.7,7522.7,7.18,19562,48679,1.19,31,205,73,99,3898,0,102,236,953,34750,5481,6.340083926,0.157726619,40231
225.8,7524.4,7.2,19621,50152,1.28,52,174,104,130,5960,0,0,59,1236,33895,5743,5.901967613,0.16943502,39638
225.9,7526.2,7.21,20061,53731,1.25,99,197,117,193,8487,18,322,168,1311,34453,5870,5.869335605,0.170377035,40323
226,7528.1,7.22,20069,54194,1.32,148,239,130,220,9545,9,344,184,1285,33891,5747,5.897163738,0.169573043,39638
226.1,7529.9,7.24,20535,56035,1.37,164,204,131,209,9206,28,416,230,1278,35428,5841,6.06539976,0.164869595,41269
226.2,7531.8,7.26,20662,55553,1.36,168,228,165,184,9270,0,183,134,1137,35587,6176,5.762143782,0.17354652,41763
226.3,7533.5,7.28,20872,57056,1.32,170,217,161,206,8743,0,147,252,1320,36930,6232,5.925866496,0.168751692,43162
226.4,7535.2,7.29,21170,55843,1.43,108,201,134,197,6590,86,287,0,1097,38515,6246,6.166346462,0.162170583,44761
226.5,7537.1,7.29,22025,57056,1.34,133,205,93,160,6543,0,177,0,1189,40094,6156,6.512995452,0.153539183,46250
226.6,7538.9,7.29,22575,57940,1.34,117,215,114,158,6134,0,0,248,1224,40729,6215,6.553338697,0.152593975,46944
226.7,7540.7,7.3,23062,59136,1.4,68,162,111,115,6061,7,10,250,1167,41867,6592,6.351183252,0.157450976,48459
226.8,7542.4,7.29,23183,58622,1.25,68,173,102,114,5645,0,0,161,1114,42409,6255,6.780015987,0.147492278,48664
226.9,7544.2,7.3,23209,58848,1.22,105,200,101,85,5507,0,0,149,1112,42288,6339,6.671083767,0.149900681,48627
227,7546,7.3,23126,59071,1.27,143,198,121,115,5375,0,18,260,1001,42448,6314,6.722838137,0.148746702,48762
227.1,7547.9,7.31,23082,59468,1.45,70,218,53,80,5203,0,97,200,995,43108,6623,6.508832855,0.153637376,49731
227.2,7549.6,7.32,23455,59053,1.25,69,200,130,131,4449,0,0,240,908,43355,6781,6.393599764,0.156406412,50136
227.3,7551.4,7.33,23613,58888,1.28,53,223,106,69,4178,0,44,191,1004,43827,6410,6.837285491,0.146256874,50237
227.4,7553.2,7.33,23675,58750,1.31,82,190,80,111,3980,0,0,265,986,43884,6439,6.815343998,0.146727737,50323
227.5,7555,7.33,23691,58866,1.24,104,224,115,125,4406,0,37,174,1175,43407,6249,6.946231397,0.143962955,49656
227.6,7556.7,7.34,23636,57015,1.34,67,237,103,82,3686,0,0,0,940,43295,6269,6.906205136,0.144797321,49564
227.7,7558.5,7.34,23687,57978,1.37,77,223,89,51,3696,0,0,155,858,43718,6329,6.907568336,0.144768745,50047
227.8,7560.3,7.34,23704,58557,1.2,87,217,59,93,3845,0,70,194,996,43699,6582,6.639167426,0.150621296,50281
227.9,7562,7.34,23910,59726,1.33,82,212,84,81,4090,0,0,143,1124,44595,6712,6.644070322,0.150510147,51307
228,7564,7.34,23945,58839,1.27,37,183,98,84,3606,0,0,75,1044,44600,6628,6.729028365,0.148609865,51228
228.1,7565.7,7.33,23218,58171,1.24,56,189,76,68,3364,0,105,320,1167,43715,6316,6.921310956,0.144481299,50031
228.2,7567.5,7.32,23150,58125,1.19,71,217,63,41,3614,0,187,220,1093,43438,6377,6.811666928,0.146806943,49815
228.3,7569.1,7.32,23594,58431,1.24,44,182,50,62,3001,0,0,204,1115,44402,6639,6.68805543,0.149520292,51041
228.4,7570.9,7.32,24043,59992,1.31,76,238,76,85,3728,0,0,179,940,45096,6673,6.757979919,0.147973213,51769
228.5,7572.7,7.32,24208,59907,1.29,78,238,80,83,3876,8,63,309,1104,44960,6415,7.008573655,0.142682384,51375
228.6,7574.4,7.31,23873,59963,1.3,64,226,59,72,3637,0,66,376,1213,44073,6821,6.461369301,0.154765956,50894
228.7,7576.3,7.31,22230,55775,1.36,46,253,83,53,3123,0,0,210,1004,41464,6159,6.732261731,0.148538491,47623
228.8,7578,7.3,22444,55936,1.33,23,175,61,26,2756,0,0,219,1016,42035,6207,6.772192686,0.147662662,48242
228.9,7579.8,7.28,22010,55262,1.31,28,196,66,52,2860,0,11,355,1029,41173,6049,6.8065796,0.146916669,47222
229.1,7583.3,7.21,23370,58361,1.39,21,231,108,67,3980,0,0,324,1023,42418,6238,6.799935877,0.14706021,48656
229.2,7585.2,7.23,22323,55795,1.37,28,197,103,40,3683,0,0,199,1137,40619,6156,6.598278103,0.151554691,46775
229.3,7586.9,7.22,21689,53936,1.37,0,134,56,42,2512,0,0,259,816,41001,5926,6.918832265,0.14453306,46927
229.4,7588.7,7.21,23469,58807,1.37,5,163,110,45,3564,0,0,394,1287,42781,6340,6.747791798,0.148196629,49121
229.5,7590.3,7.21,22025,56916,1.46,20,227,93,87,3734,0,63,411,1095,41078,6044,6.796492389,0.147134719,47122
229.6,7592.1,7.2,20837,52418,1.2,11,224,98,87,3700,0,0,457,868,37423,5479,6.830260997,0.14640729,42902
229.7,7593.9,7.18,21919,55339,1.23,14,278,76,77,4199,0,0,207,1001,39430,5717,6.896973937,0.144991124,45147
229.8,7595.6,7.17,22912,58460,1.27,39,307,139,66,4392,0,0,325,1042,41610,6294,6.611058151,0.151261716,47904
229.9,7597.4,7.16,23158,58572,1.3,11,181,107,67,3438,0,88,192,1081,42331,6440,6.573136646,0.15213437,48771
230,7599.3,7.15,23302,58886,1.25,0,194,87,64,4098,0,28,407,915,42237,5951,7.097462611,0.140895423,48188
230.1,7601,7.14,23220,59014,1.36,8,272,124,75,3786,0,0,251,1215,42239,6568,6.431029233,0.155496105,48807
230.2,7602.9,7.12,23277,59141,1.39,7,197,90,47,3609,0,0,399,1179,42691,6229,6.853588056,0.145908974,48920
230.3,7604.8,7.12,23545,59079,1.37,15,167,64,39,3500,15,91,270,1080,43128,6411,6.727187646,0.148650529,49539
230.4,7606.6,7.12,23091,56810,1.48,7,252,132,8,3470,0,0,93,1110,41738,6190,6.742810985,0.1483061,47928
230.5,7608.5,7.12,22862,57617,1.38,6,209,51,70,3241,0,41,397,1146,42138,6479,6.503781448,0.153756704,48617
230.6,7610.3,7.11,23419,57954,1.23,10,208,98,11,3100,0,0,136,1061,43028,6467,6.653471471,0.150297481,49495
230.7,7612.2,7.1,23925,58958,1.38,0,205,84,42,3442,11,0,201,1165,43713,6289,6.950707585,0.143870245,50002
230.8,7613.9,7.1,23865,60182,1.26,5,217,74,22,3223,0,0,365,1128,44246,6644,6.659542444,0.150160466,50890
230.9,7615.9,7.11,24088,59068,1.32,27,206,94,30,3339,0,35,169,1156,43724,6439,6.790495419,0.14726466,50163
231,7617.6,7.11,24297,59495,1.23,6,184,86,57,3291,0,0,261,1158,44170,6451,6.847000465,0.146049355,50621
231.1,7619.4,7.1,24432,61334,1.34,18,182,100,45,3498,0,107,349,1204,45025,6643,6.77781123,0.147540255,51668
231.2,7621.4,7.09,23476,59518,1.42,13,146,119,30,2616,0,156,339,1171,44179,6502,6.79467856,0.147173997,50681
231.3,7623.3,7.1,23362,58851,1.35,15,185,79,54,2446,46,0,306,1128,43701,6491,6.732552765,0.14853207,50192
231.4,7625,7.11,22169,56080,1.38,16,143,82,13,2378,76,0,246,1109,41225,6394,6.447450735,0.155100061,47619
231.5,7626.8,7.09,21002,53168,1.37,23,133,66,24,1677,0,0,315,1054,40128,5967,6.724987431,0.148699163,46095
231.6,7628.7,7.09,21506,54989,1.36,19,103,90,61,1895,110,0,279,1207,40982,6039,6.786222885,0.147357376,47021
231.7,7630.5,7.09,21575,56170,1.41,32,217,120,33,3080,48,0,486,1122,39988,6120,6.533986928,0.153045914,46108
231.8,7632.4,7.05,20994,55034,1.38,45,232,114,90,2844,45,0,283,1248,39508,5732,6.892533147,0.14508454,45240
231.9,7634.2,7.02,20978,55117,1.29,22,201,119,27,2766,0,147,221,1124,39858,5973,6.673028629,0.149856992,45831
232,7636,7.01,21824,55901,1.29,29,219,103,44,3108,0,0,303,1189,40341,6082,6.632851036,0.150764731,46423
232.1,7637.9,7.02,22067,56413,1.43,7,147,79,78,3064,0,0,248,1195,40733,6056,6.726056803,0.148675521,46789
232.2,7639.7,7,23114,59298,1.43,14,224,168,68,3377,0,0,294,1211,42326,6232,6.791720154,0.147238104,48558
232.3,7641.5,7,22192,56024,1.21,12,226,153,59,2911,0,0,176,1045,40559,6199,6.542829489,0.152839074,46758
232.4,7643.3,7.01,21231,53953,1.33,28,187,106,36,2525,0,81,414,1114,39040,5807,6.722920613,0.148744877,44847
232.5,7645.2,7.02,21062,53184,1.34,7,189,122,36,2602,0,23,295,1162,38799,5751,6.746478873,0.14822547,44550
232.6,7647,7,21290,53872,1.2,18,147,136,24,2218,8,35,341,1149,39065,6213,6.287622727,0.159042621,45278
232.7,7648.9,6.98,22348,56295,1.26,0,172,123,38,3382,0,0,319,1242,40704,6001,6.782869522,0.147430228,46705
232.8,7650.6,6.96,22834,56502,1.3,5,132,139,58,2868,0,138,302,1173,40935,6093,6.718365337,0.148845731,47028
232.9,7652.5,6.97,23034,57264,1.53,31,179,143,47,3395,0,242,305,1176,40506,6267,6.463379607,0.15471782,46773
233,7654.6,6.98,20706,51157,1.26,27,259,290,101,4192,0,0,96,1071,35607,5572,6.39034458,0.156486084,41179
233.1,7656.4,7.01,17898,46074,1.19,29,162,160,59,3160,0,194,260,1084,32535,5151,6.316249272,0.158321807,37686
233.2,7658,7.01,18466,47084,1.5,28,117,159,121,3340,0,138,237,1200,32844,5506,5.96512895,0.167640969,38350
233.3,7659.9,6.99,18862,48910,1.45,138,159,200,131,6360,0,119,355,1336,31450,5655,5.561450044,0.179809221,37105
233.4,7661.6,6.99,18727,51316,1.22,286,226,307,226,9686,0,330,256,1199,29820,5168,5.770123839,0.173306506,34988
233.5,7663.4,7.02,17329,48595,1.39,302,202,588,270,10244,71,324,216,1184,27390,4834,5.666115019,0.176487769,32224
233.6,7665.3,7.04,15873,45783,1.27,332,216,409,185,11587,0,417,186,1139,24063,5058,4.757413998,0.21019823,29121
233.7,7667.1,7.05,15848,46488,1.42,410,234,459,318,12590,29,407,179,1360,23148,5187,4.4626952,0.224079834,28335
233.8,7668.9,7.06,15742,46649,1.27,372,228,473,288,13371,77,379,308,1326,22888,4795,4.773305527,0.209498427,27683
233.9,7670.7,7.07,15128,44453,1.38,358,208,299,291,12924,90,575,152,1259,21633,4883,4.430268278,0.225719965,26516
234,7672.6,7.08,14943,45512,1.43,449,235,456,299,13696,68,441,262,1380,21484,4734,4.538234052,0.220350028,26218
234.1,7674.4,7.09,14893,46326,1.32,388,187,322,317,14361,52,566,153,1730,21277,4927,4.318449361,0.2315646,26204
234.2,7676.2,7.1,15310,46690,1.47,394,171,330,313,13661,135,582,64,1651,22073,5132,4.301052221,0.232501246,27205
234.3,7678,7.12,16302,48460,1.48,388,204,303,281,12521,80,529,158,1679,24606,5398,4.558354946,0.219377388,30004
234.4,7680,7.13,18041,51845,1.38,309,207,193,302,12081,83,540,112,1579,28345,5529,5.126605173,0.195060857,33874
234.5,7681.8,7.15,19570,53508,1.24,243,175,218,210,9563,39,444,166,1455,31965,5981,5.344424009,0.187110903,37946
234.6,7683.6,7.16,20871,59017,1.3,300,290,308,270,11047,13,326,286,1446,35120,6147,5.713356109,0.175028474,41267
234.7,7685.3,7.17,21042,58833,1.31,297,193,460,194,9096,6,321,383,1374,36632,6395,5.728225176,0.174574143,43027
234.8,7687.2,7.18,21799,59300,1.2,236,192,374,201,8476,0,247,321,1503,37877,5968,6.346682306,0.157562637,43845
234.9,7688.9,7.18,21601,57301,1.29,178,175,216,126,6925,0,65,297,1262,38134,6227,6.123976233,0.1632926,44361
235,7690.6,7.18,21722,59449,1.25,253,217,208,203,7527,34,6,337,1435,38871,6087,6.385904386,0.156594891,44958
235.1,7692.4,7.19,22284,60855,1.5,211,212,237,197,8232,0,95,384,1210,39927,5837,6.840328936,0.1461918,45764
235.2,7694.2,7.18,22763,61076,1.35,209,233,240,150,8131,0,174,189,1267,40604,6196,6.553260168,0.152595803,46800
235.3,7696,7.17,22659,58929,1.3,222,200,259,116,6474,0,217,291,1065,40384,6078,6.644290885,0.150505151,46462
235.4,7697.8,7.18,21899,59098,1.41,223,238,271,152,6883,0,85,326,1359,39315,6085,6.460969597,0.154775531,45400
235.5,7699.6,7.19,21579,57579,1.28,137,182,191,124,6518,47,105,272,1456,38791,5939,6.531570972,0.153102524,44730
235.6,7701.2,7.18,22089,57081,1.46,109,186,225,109,6222,0,0,282,942,39332,5973,6.584965679,0.15186108,45305
235.7,7703,7.18,22382,57273,1.44,89,176,156,125,5564,0,113,181,1068,39813,6168,6.454766537,0.154924271,45981
235.8,7704.6,7.19,21904,55418,1.33,78,212,246,79,4864,0,122,365,1081,39417,5859,6.727598566,0.148641449,45276
235.9,7706.4,7.21,21985,55979,1.39,125,161,234,123,5411,0,51,471,1063,38760,5928,6.538461538,0.152941176,44688
236,7708.3,7.2,22389,56063,1.39,109,255,265,95,5459,18,0,298,1193,39379,5817,6.769640708,0.147718327,45196
236.1,7710,7.21,21273,54202,1.32,115,211,203,114,4724,0,0,456,891,38544,5859,6.57859703,0.152008095,44403
236.2,7711.8,7.22,21544,54278,1.24,69,169,204,79,4461,0,156,524,1238,38228,6268,6.098915124,0.163963587,44496
236.3,7713.6,7.23,22230,56977,1.3,56,187,305,111,5039,0,36,470,1174,39983,6357,6.289602014,0.158992572,46340
236.4,7715.3,7.24,22884,57936,1.32,89,207,281,79,4934,23,33,471,1266,41479,6272,6.613360969,0.151209046,47751
236.5,7717.1,7.25,23086,58673,1.42,120,283,259,82,5004,0,192,454,1145,41968,6611,6.348207533,0.157524781,48579
236.6,7718.9,7.27,23031,57551,1.34,91,179,183,116,4677,0,0,260,1131,41873,6360,6.583805031,0.151887851,48233
236.7,7720.7,7.27,23113,59227,1.37,135,264,235,119,5259,0,76,322,1338,42054,6494,6.475823837,0.154420507,48548
236.8,7722.5,7.28,22950,58117,1.32,97,213,212,140,5130,0,0,224,1190,42056,6062,6.937644342,0.144141145,48118
236.9,7724.3,7.28,22677,57403,1.31,106,238,176,79,4282,9,0,184,1198,42049,6278,6.697833705,0.149302005,48327
237,7726.1,7.26,23136,57256,1.43,73,255,173,67,3981,48,0,44,1192,42594,6164,6.910123297,0.144715218,48758
237.1,7727.8,7.24,23652,58564,1.22,113,261,215,113,4699,0,31,241,915,42752,6281,6.806559465,0.146917103,49033
237.2,7729.6,7.23,23552,60149,1.48,126,235,264,84,5331,0,0,391,1192,43158,6237,6.91967292,0.144515501,49395
237.3,7731.5,7.24,23719,59969,1.5,169,263,302,154,6271,0,16,302,1085,42569,5980,7.118561873,0.140477812,48549
237.4,7733.3,7.26,23488,58918,1.41,102,235,228,74,4853,0,33,60,1133,43265,6452,6.70567266,0.14912747,49717
237.5,7735,7.27,23300,58058,1.18,73,189,241,97,5067,10,60,119,1049,42228,6013,7.022783968,0.142393672,48241
237.6,7736.8,7.27,22821,57511,1.29,148,277,217,116,5094,9,71,217,1159,41741,6089,6.855148629,0.145875758,47830
237.7,7738.5,7.28,22420,56409,1.28,120,266,190,116,4866,0,62,318,1101,41104,6025,6.822240664,0.146579408,47129
237.8,7740.3,7.28,22246,56067,1.29,75,237,227,85,3997,0,0,175,979,41771,6028,6.929495687,0.144310646,47799
237.9,7741.9,7.28,22478,55837,1.25,46,191,130,43,3395,0,115,271,1214,41809,6208,6.734697165,0.148484776,48017
238,7743.7,7.27,22711,57416,1.29,70,203,105,76,3928,0,63,168,979,42730,6129,6.971773536,0.143435525,48859
238.1,7745.6,7.27,22958,58162,1.37,100,224,181,128,4425,0,31,160,1002,42679,6436,6.631292728,0.150800159,49115
238.2,7747.4,7.26,23091,56042,1.32,64,168,108,76,3660,0,10,114,1033,42367,6021,7.036538781,0.142115326,48388
238.3,7749.2,7.24,23542,57673,1.29,79,146,187,80,3973,0,0,259,832,43380,6415,6.762275916,0.147879207,49795
238.4,7751.1,7.24,23617,58532,1.21,121,183,146,114,4089,0,0,297,1032,43630,6456,6.758054523,0.147971579,50086
238.5,7753,7.24,23578,58254,1.37,68,180,159,61,4044,0,21,282,1175,43285,6315,6.854315123,0.145893497,49600
238.6,7754.6,7.25,22824,56372,1.2,61,214,136,32,3752,0,25,69,1091,42277,6310,6.7,0.149253731,48587
238.7,7756.5,7.26,22766,56464,1.28,51,174,96,94,3793,0,0,246,1053,41960,6209,6.757932034,0.147974261,48169
238.8,7758.2,7.26,22675,56068,1.19,50,159,108,75,3546,24,14,198,1168,41884,6104,6.861730013,0.145735842,47988
238.9,7759.9,7.27,22617,56498,1.31,65,196,133,96,3595,0,71,406,985,41705,6381,6.535809434,0.153003237,48086
239,7761.8,7.26,22744,56021,1.27,51,228,110,67,3843,0,0,127,1067,41757,6376,6.549090339,0.152692962,48133
239.1,7763.5,7.24,23440,57029,1.32,56,222,132,46,3619,0,0,0,1081,43197,6163,7.009086484,0.142671945,49360
239.2,7765.2,7.23,24158,58928,1.33,63,256,130,110,3927,0,17,120,1152,44104,6657,6.625206549,0.15093869,50761
239.3,7767,7.22,24168,58421,1.43,67,221,165,87,3848,0,159,198,1134,43885,6165,7.118410381,0.140480802,50050
239.4,7768.7,7.23,23619,58444,1.26,94,273,267,54,4163,34,72,155,1125,43173,6479,6.663528322,0.150070646,49652
239.5,7770.5,7.24,23291,58074,1.32,101,282,176,99,4063,5,50,297,1024,43007,6308,6.817850349,0.146673797,49315
239.6,7772.3,7.23,23032,57014,1.38,73,296,147,79,3974,0,0,249,1022,42109,6506,6.472333231,0.154503788,48615
239.7,7774.2,7.22,22275,55512,1.44,88,305,165,80,4351,0,0,124,944,40907,5992,6.826935915,0.146478598,46899
239.8,7776,7.21,22464,55200,1.42,66,280,130,54,3631,0,0,172,1051,41836,5839,7.164925501,0.139568792,47675
239.9,7777.7,7.19,23574,57199,1.32,44,225,72,64,3096,0,0,296,1059,43977,6096,7.214074803,0.138617914,50073
240,7779.4,7.17,24601,58861,1.42,31,175,95,46,3081,0,79,161,1017,44978,6605,6.809689629,0.146849571,51583
240.1,7781.1,7.16,24788,59733,1.44,75,233,99,66,3469,0,0,111,1142,45010,6615,6.804232804,0.146967341,51625
240.2,7782.9,7.16,24677,59841,1.26,52,250,120,65,3740,0,0,141,1059,44852,6433,6.972174724,0.143427272,51285
240.3,7784.8,7.15,24476,59453,1.34,56,250,121,109,3814,0,0,198,1040,44695,6686,6.684863895,0.149591677,51381
240.4,7786.5,7.16,24288,59441,1.3,69,230,102,87,3884,0,65,390,1219,44107,6553,6.730810316,0.148570522,50660
240.5,7788.2,7.14,23920,58057,1.42,63,244,101,53,3383,0,0,332,941,44124,6452,6.838809671,0.146224277,50576
240.6,7790,7.15,24109,56728,1.51,27,207,131,81,3267,0,0,144,816,43362,6174,7.023323615,0.142382731,49536
240.7,7791.8,7.16,23983,58084,1.37,20,173,89,77,3195,0,0,327,1088,43725,6490,6.737288136,0.148427673,50215
240.8,7793.6,7.15,24065,57174,1.42,26,193,87,86,3239,0,0,285,830,43443,6184,7.025064683,0.142347444,49627
240.9,7795.3,7.16,23557,56874,1.39,44,206,96,91,3444,0,0,413,786,42361,6098,6.946703837,0.143953164,48459
241,7797.1,7.16,20684,49753,1.27,41,202,61,69,2971,0,36,157,883,37191,5474,6.794117647,0.147186147,42665
241.1,7798.8,7.15,22530,54557,1.3,29,148,60,115,2552,0,0,198,986,41407,5969,6.937007874,0.14415437,47376
241.2,7800.5,7.14,23552,56766,1.3,20,220,127,55,2995,0,40,234,939,42578,6366,6.688344329,0.149513833,48944
241.3,7802.3,7.13,23243,56002,1.34,4,229,87,60,3092,0,0,105,1013,42425,6027,7.039157126,0.142062463,48452
241.4,7804.2,7.13,23335,57536,1.25,15,252,126,90,3389,0,9,92,996,43182,6466,6.678317352,0.149738317,49648
241.5,7806,7.11,24029,59544,1.35,11,221,72,41,3245,0,25,238,1012,45342,6782,6.685638455,0.149574346,52124
241.6,7807.7,7.09,25023,60582,1.4,29,252,95,105,3200,0,0,101,1243,45847,6852,6.691039113,0.149453617,52699
241.7,7809.4,7.1,24836,60681,1.49,0,199,96,53,2708,30,77,86,1283,46510,7088,6.561794582,0.152397334,53598
241.8,7811.3,7.1,24793,59573,1.38,0,298,89,25,3563,0,107,89,1000,45072,6438,7.000931966,0.142838126,51510
241.9,7813,7.11,23348,56584,1.43,24,316,54,88,3327,0,37,292,955,42297,6133,6.896624817,0.144998463,48430
242,7814.6,7.13,23668,58056,1.34,8,253,99,75,3213,0,161,260,877,43282,6330,6.837598736,0.146250173,49612
242.1,7816.5,7.12,22867,56647,1.27,26,271,113,42,3728,0,0,264,859,42176,6116,6.896010464,0.145011381,48292
242.2,7818.3,7.11,22353,55341,1.16,0,278,66,59,3242,77,0,236,901,41393,6144,6.737141927,0.148430894,47537
242.3,7820.2,7.12,22145,54262,1.28,25,242,70,84,2868,0,0,291,1203,40672,5971,6.811589349,0.146808615,46643
242.4,7821.9,7.12,21318,52150,1.21,19,179,81,29,2493,0,0,226,937,39698,5948,6.674176194,0.149831226,45646
242.5,7823.7,7.12,22620,54162,1.41,21,199,42,53,2695,0,0,171,829,41343,5920,6.983614865,0.143192318,47263
242.6,7825.4,7.13,23689,56944,1.51,10,209,22,56,2964,0,0,126,1072,43205,6221,6.945024916,0.143987964,49426
242.7,7827.2,7.13,23523,55942,1.19,18,250,61,80,3173,0,0,172,1054,42433,6275,6.762231076,0.147880188,48708
242.8,7828.9,7.15,23102,54880,1.31,21,251,85,42,3180,0,0,162,856,41682,6045,6.89528536,0.14502663,47727
242.9,7830.7,7.17,23158,55263,1.24,20,242,75,62,2967,0,11,0,1155,42077,6141,6.851815665,0.145946717,48218
243,7832.5,7.17,23566,56048,1.25,0,223,14,46,2661,0,0,66,1037,43310,6202,6.983231216,0.143200185,49512
243.2,7836,7.26,24086,58793,1.33,17,201,96,29,3675,0,12,205,905,44435,6681,6.650950457,0.15035445,51116
243.3,7837.8,7.25,23871,59330,1.3,22,224,170,32,3790,0,74,314,1076,44247,6503,6.80409042,0.146970416,50750
243.4,7839.6,7.26,23930,61429,1.29,26,279,244,89,5956,20,0,511,1011,44020,6619,6.650551443,0.150363471,50639
243.5,7841.3,7.27,24288,58897,1.31,26,199,128,94,4137,0,0,148,1066,44099,6550,6.732671756,0.148529445,50649
243.6,7843,7.28,23996,58143,1.4,21,192,106,27,3247,0,0,104,1249,44488,6608,6.732445521,0.148534436,51096
243.7,7844.8,7.27,23906,60865,1.46,8,300,276,76,5596,0,99,191,834,43920,6695,6.560119492,0.152436248,50615
243.8,7846.5,7.27,24040,61465,1.52,4,461,295,68,7125,0,10,188,848,43366,6475,6.697451737,0.14931052,49841
243.9,7848.4,7.25,23664,57343,1.39,21,166,47,60,2611,0,0,150,1079,44216,6395,6.914151681,0.144630903,50611
244,7850.1,7.25,23413,58496,1.31,32,287,116,31,3928,0,0,312,872,43712,6360,6.872955975,0.145497804,50072
244.1,7851.9,7.26,23094,56669,1.31,4,184,116,53,3233,0,0,111,712,42846,6419,6.674871475,0.149815619,49265
244.2,7853.6,7.26,23187,58335,1.29,7,146,75,53,3037,0,0,409,1192,43610,6594,6.61358811,0.151203852,50204
244.3,7855.3,7.25,23421,57771,1.2,8,164,79,33,3170,0,128,306,1101,43121,6335,6.806787687,0.146912177,49456
244.4,7857.1,7.25,23977,59701,1.35,6,285,135,77,3832,0,0,156,984,44078,6655,6.623290759,0.150982349,50733
244.5,7858.9,7.25,23172,57636,1.31,27,204,99,61,3266,0,86,373,1011,42615,6344,6.717370744,0.14886777,48959
244.6,7860.7,7.23,23460,57833,1.22,19,194,127,84,3178,0,0,401,1060,42911,6515,6.586492709,0.151825872,49426
244.7,7862.4,7.21,23924,59136,1.17,18,259,126,63,3294,0,84,339,1195,43735,6366,6.870091109,0.145558477,50101
244.8,7864.1,7.19,24265,58688,1.35,0,168,72,21,3001,0,0,156,1000,44137,6475,6.816525097,0.146702313,50612
244.9,7865.8,7.18,24236,60309,1.38,19,245,149,69,3360,0,35,290,883,44445,6602,6.732050894,0.148543143,51047
245,7867.5,7.2,24334,59572,1.35,23,240,106,44,3222,0,73,263,1047,44179,6612,6.681639443,0.149663867,50791
245.1,7869.3,7.19,23815,59118,1.36,20,210,130,43,3191,0,5,522,1111,43712,6388,6.842830307,0.14613836,50100
245.2,7870.9,7.19,23608,58717,1.29,11,240,118,26,3432,0,96,200,1093,43020,6522,6.596136155,0.151603905,49542
245.3,7872.4,7.19,23040,57612,1.33,11,204,150,44,2823,0,72,369,1035,42628,6403,6.657504295,0.150206437,49031
245.4,7874.3,7.2,23348,57736,1.23,15,205,128,34,3051,0,0,329,1092,43068,6128,7.028067885,0.142286617,49196
245.5,7875.9,7.2,23247,58057,1.34,32,233,168,68,2832,0,0,377,1123,42629,6481,6.577534331,0.152032654,49110
245.6,7877.7,7.18,22875,56679,1.36,24,317,149,91,3611,0,0,341,998,40971,6049,6.773185651,0.147641014,47020
245.7,7879.4,7.17,21538,54121,1.42,16,263,158,58,2744,0,0,109,1104,40212,5937,6.773117736,0.147642495,46149
245.8,7881.1,7.15,22423,55383,1.39,27,227,142,75,3017,0,215,212,957,40531,5852,6.926008202,0.144383312,46383
245.9,7882.9,7.12,22882,57229,1.46,37,328,145,111,3570,0,0,257,1023,41082,6157,6.672405392,0.14987099,47239
246,7884.5,7.1,22805,57240,1.33,32,279,141,86,3691,0,0,234,1011,41108,6200,6.630322581,0.150822224,47308
246.1,7886.2,7.09,22553,56831,1.44,14,250,106,52,2950,0,84,292,1187,41204,6261,6.581057339,0.151951267,47465
246.2,7887.9,7.07,23876,58980,1.48,35,316,139,62,3652,0,0,443,1027,42321,6074,6.967566678,0.143522128,48395
246.3,7889.7,7.07,23715,59333,1.42,12,229,126,66,3353,0,16,334,1124,42869,6253,6.85574924,0.145862978,49122
246.4,7891.5,7.1,23440,58771,1.55,23,335,173,89,3861,13,50,234,1257,41606,6317,6.586354282,0.151829063,47923
246.5,7893.2,7.11,21602,54545,1.33,25,202,165,64,2825,0,0,235,1173,39842,5793,6.87761091,0.145399327,45635
246.6,7894.9,7.12,20518,52591,1.34,25,209,150,54,2560,0,0,226,1154,38576,5690,6.779613357,0.147501037,44266
246.7,7896.7,7.12,21945,55023,1.25,42,231,188,67,3479,0,0,182,930,40241,5713,7.043759846,0.141969633,45954
246.8,7898.5,7.12,21596,54619,1.28,38,279,193,47,3164,0,98,266,1221,39439,5869,6.719884137,0.14881209,45308
246.9,7900.3,7.1,21780,55292,1.25,49,204,133,57,3117,0,63,442,1043,40087,6145,6.523515053,0.153291591,46232
247,7902,7.08,22787,57464,1.32,32,259,251,60,3580,0,19,273,1146,41517,6304,6.585818528,0.151841414,47821
247.1,7903.8,7.07,22840,57135,1.28,30,244,207,44,3395,0,65,295,996,41560,6370,6.52433281,0.153272377,47930
247.2,7905.5,7.07,23005,57726,1.43,32,191,229,81,3918,0,0,389,1215,41246,6293,6.554266645,0.152572371,47539
247.3,7907.3,7.06,22127,55798,1.24,16,144,125,53,2612,23,0,253,1063,41296,6166,6.697372689,0.149312282,47462
247.4,7909.2,7.07,23657,59260,1.41,42,169,188,109,3525,0,0,401,1172,42607,6506,6.548877959,0.152697913,49113
247.5,7910.9,7.08,23622,58610,1.4,32,183,192,60,3453,0,0,312,999,42763,6409,6.672335778,0.149872553,49172
247.6,7912.6,7.08,23770,59618,1.35,9,190,203,53,3741,0,48,373,1226,43014,6424,6.695828144,0.149346724,49438
247.7,7914.3,7.08,23632,58909,1.36,32,154,164,55,3341,0,35,270,1268,42785,6217,6.881936625,0.145307935,49002
247.8,7916,7.07,23818,59370,1.43,27,146,199,65,3653,0,0,424,1283,42495,6771,6.276030128,0.159336393,49266
247.9,7917.8,7.07,24141,61185,1.39,33,196,234,101,4050,0,188,396,1349,43245,6882,6.283783784,0.159139785,50127
248,7919.5,7.05,23873,60545,1.3,21,199,214,86,3391,0,20,382,1452,43606,6876,6.34176847,0.157684722,50482
248.1,7921.2,7.03,24036,59557,1.31,19,180,173,65,3434,0,0,222,1123,43091,6525,6.603984674,0.151423731,49616
248.2,7923,7.01,24399,61029,1.53,47,170,165,86,3654,0,54,374,1203,43854,6776,6.471959858,0.154512701,50630
248.3,7924.7,7,23991,59961,1.37,15,171,189,48,3227,0,60,364,1234,43488,6620,6.56918429,0.152225901,50108
248.4,7926.5,6.96,24759,61484,1.2,5,169,206,91,3523,14,0,335,1179,44362,6854,6.472424861,0.1545016,51216
248.5,7928.3,6.94,24876,61508,1.22,32,247,165,64,3820,0,21,294,1138,44103,6702,6.580572963,0.151962452,50805
248.6,7930.1,6.94,24541,61775,1.26,40,180,185,59,3833,0,117,303,1142,43781,6786,6.451665193,0.154998744,50567
248.7,7931.8,6.94,24040,60478,1.22,35,224,218,47,3795,0,98,246,1220,43184,6652,6.491882141,0.154038533,49836
248.8,7933.4,6.92,23892,59964,1.22,23,166,178,75,3397,0,0,393,1088,43536,6605,6.591370174,0.151713524,50141
248.9,7935.1,6.9,24151,60129,1.2,27,207,231,79,3794,0,0,305,1104,43286,6828,6.339484476,0.157741533,50114
249,7936.9,6.87,24464,61364,1.34,42,197,203,99,3767,0,9,248,1266,43897,6842,6.415814089,0.155864865,50739
249.1,7938.7,6.86,24646,62422,1.37,43,208,221,84,4524,0,0,330,1361,44033,6925,6.358555957,0.157268412,50958
249.2,7940.4,6.86,24490,61938,1.18,42,262,269,88,4686,0,121,523,1366,43597,6598,6.607608366,0.151340689,50195
249.3,7942.2,6.86,24344,61812,1.34,47,266,248,114,4635,0,53,417,1162,43059,6760,6.369674556,0.156993892,49819
249.4,7944,6.85,24253,61587,1.45,107,293,246,81,4349,0,76,364,1214,42882,6911,6.204890754,0.161163192,49793
249.5,7945.8,6.84,24128,60929,1.3,41,303,239,104,4683,0,0,336,1133,42746,6565,6.511195735,0.153581622,49311
249.6,7947.6,6.83,23226,59907,1.33,43,263,268,96,4043,0,115,452,1127,42087,6469,6.505951461,0.15370542,48556
249.7,7949.3,6.83,23597,60147,1.31,47,290,258,125,4352,0,0,257,1176,42309,6328,6.685998736,0.149566286,48637
249.8,7951,6.83,23248,59483,1.21,47,253,225,76,3756,0,37,305,1154,42338,6746,6.276015417,0.159336766,49084
249.9,7952.8,6.83,23826,60098,1.37,33,220,182,66,3280,0,0,212,1076,43364,6742,6.431919312,0.155474587,50106
250,7954.4,6.83,24166,61008,1.21,25,233,189,73,3510,38,0,262,1368,43335,6757,6.413349119,0.155924772,50092
250.1,7956.2,6.84,24350,60309,1.33,56,243,149,106,3496,0,0,299,1193,43300,6482,6.680037026,0.149699769,49782
250.2,7957.9,6.85,24521,61540,1.32,57,244,157,127,3650,0,89,291,1158,44222,6920,6.390462428,0.156483198,51142
250.3,7959.7,6.86,24242,61512,1.35,18,234,180,142,3466,4,154,337,1294,44069,6843,6.440011691,0.155279221,50912
250.4,7961.3,6.87,24647,61371,1.24,27,246,213,135,3960,0,119,365,1332,44058,6665,6.610352588,0.151277861,50723
250.5,7963.2,6.89,23573,58783,1.27,44,272,253,122,3470,0,145,377,1165,42626,6274,6.794070768,0.147187163,48900
250.6,7965,6.9,22056,55144,1.49,62,258,188,77,2976,0,133,307,1206,40195,6059,6.633932992,0.150740142,46254
250.7,7966.6,6.91,21486,53611,1.37,43,186,156,104,2614,12,0,240,1086,40018,5763,6.943952802,0.144010195,45781
250.8,7968.3,6.92,22548,55553,1.31,24,184,154,54,3332,0,51,350,897,40804,6090,6.700164204,0.149250074,46894
250.9,7970.1,6.93,22186,54864,1.25,28,233,144,64,3211,0,0,340,929,40335,6159,6.548952752,0.15269617,46494
251,7971.8,6.95,22070,55267,1.24,24,253,175,85,3376,0,147,251,1310,40630,5910,6.874788494,0.14545902,46540
251.1,7973.6,6.94,22412,55887,1.28,23,285,191,109,3766,0,0,183,1183,40902,6103,6.701949861,0.149210308,47005
251.2,7975.4,6.9,22976,56862,1.28,22,220,173,96,3605,0,46,362,1247,41910,6191,6.769504119,0.147721308,48101
251.3,7977.1,6.9,23255,57240,1.31,55,210,187,102,4134,0,121,215,1304,41768,6433,6.492771646,0.15401743,48201
251.4,7978.8,6.9,23434,58254,1.38,20,176,143,109,3315,0,73,415,1332,42881,6461,6.636898313,0.150672792,49342
251.5,7980.6,6.89,24072,59062,1.3,32,158,141,74,3592,0,108,343,1216,43784,6510,6.725652842,0.148684451,50294
251.6,7982.3,6.89,24351,60375,1.29,55,203,178,89,3885,0,65,219,1253,44326,6764,6.553222945,0.15259667,51090
251.7,7984,6.91,24500,61313,1.32,58,213,138,102,4014,0,0,491,1317,44700,6881,6.496148816,0.15393736,51581
251.8,7985.8,6.93,24052,59570,1.29,30,197,124,73,4232,0,0,480,1157,43485,6785,6.40899042,0.156030815,50270
251.9,7987.5,6.93,23932,59220,1.32,49,240,152,55,4177,0,67,206,1191,43378,6331,6.851682199,0.14594956,49709
252,7989.1,6.94,23571,58973,1.28,49,245,178,127,4281,0,42,391,1461,42491,6431,6.607215052,0.151349698,48922
252.1,7990.9,6.93,22802,57326,1.28,52,196,213,92,4015,0,180,419,1427,41596,6272,6.632015306,0.150783729,47868
252.2,7992.8,6.92,23613,57848,1.34,54,226,188,109,4461,0,0,200,1187,41959,6241,6.723121295,0.148740437,48200
252.3,7994.5,6.91,24062,59278,1.44,54,246,249,92,4932,0,0,239,1264,42490,6370,6.67032967,0.149917628,48860
252.4,7996.1,6.9,23782,60198,1.34,45,315,230,77,4786,0,298,461,1333,42418,6491,6.534894469,0.153024659,48909
252.5,7997.9,6.9,23019,57060,1.21,63,244,236,95,3997,0,122,208,1261,41166,6240,6.597115385,0.151581402,47406
252.6,7999.6,6.89,22339,55523,1.37,36,222,211,104,3650,0,99,328,1299,40345,6363,6.340562628,0.157714711,46708
252.7,8001.3,6.86,22646,56298,1.23,62,206,176,58,4196,11,106,267,1374,40651,6122,6.640150278,0.150599001,46773
252.8,8003,6.86,23022,58017,1.31,105,218,223,124,5105,0,254,301,1494,40136,6435,6.237140637,0.160329878,46571
252.9,8004.8,6.85,23144,58460,1.26,66,226,262,145,5762,0,70,362,1538,40822,6346,6.43271352,0.155455392,47168
253,8006.6,6.85,23294,58273,1.3,85,273,260,130,5170,18,245,398,1403,40824,6327,6.452347084,0.154982363,47151
253.1,8008.4,6.86,23045,57713,1.32,84,196,242,110,4479,45,114,303,1413,41449,6539,6.33873681,0.157760139,47988
253.2,8010.2,6.86,23017,56971,1.31,77,214,202,64,4181,0,46,211,1386,41220,6608,6.237893462,0.160310529,47828
253.3,8012,6.84,23128,58161,1.23,64,258,237,103,4317,4,175,435,1338,41700,6307,6.611701284,0.151247002,48007
253.4,8013.7,6.8,22598,56576,1.3,113,249,257,105,4621,0,131,426,1466,40130,6128,6.548629243,0.152703713,46258
253.5,8015.6,6.78,22387,56736,1.34,117,217,235,121,5021,16,156,341,1440,40003,6378,6.272028849,0.159438042,46381
253.6,8017.3,6.78,22221,56868,1.35,140,208,275,158,5946,47,210,225,1646,38946,5934,6.563195147,0.152364813,44880
253.7,8019,6.79,21448,54847,1.22,151,230,311,152,6142,6,206,481,1514,36602,5918,6.18485975,0.161685154,42520
253.8,8020.7,6.8,20377,51456,1.38,83,209,307,129,5067,10,90,269,1295,35809,5682,6.30218233,0.158675193,41491
253.9,8022.4,6.8,19505,50956,1.31,115,180,322,163,6070,30,187,480,1452,33821,5555,6.088388839,0.164247065,39376
