ACE PB1 XRF-CS (cps) composite dataset,,,,,,,,,,,,,,,,,,,,,,,,,,,,,,,,,,,,,,,,,,,,,,,,,,,,,,,,,,
ACE Core collection dates: November 2015 and March 2018,,,,,,,,,,,,,,,,,,,,,,,,,,,,,,,,,,,,,,,,,,,,,,,,,,,,,,,,,,
Spatial coverage: Sub-Antarctic Islands of Marion Island,,,,,,,,,,,,,,,,,,,,,,,,,,,,,,,,,,,,,,,,,,,,,,,,,,,,,,,,,,
"Core location; Site; Latitude; Longitude; Basal age, cal years BP (mximum core depth, cm); Year CE collected",,,,,,,,,,,,,,,,,,,,,,,,,,,,,,,,,,,,,,,,,,,,,,,,,,,,,,,,,,
"Marion Island; 	PB1; 	-46.97518; 	37.80475; 	3910 (105); 2018",,,,,,,,,,,,,,,,,,,,,,,,,,,,,,,,,,,,,,,,,,,,,,,,,,,,,,,,,,
,,,,,,,,,,,,,,,,,,,,,,,,,,,,,,,,,,,,,,,,,,,,,,,,,,,,,,,,,,
Column; Parameter ; Parameter description; Unit; Unit description,,,,,,,,,,,,,,,,,,,,,,,,,,,,,,,,,,,,,,,,,,,,,,,,,,,,,,,,,,
[a] Location ; Location ; NA;,,,,,,,,,,,,,,,,,,,,,,,,,,,,,,,,,,,,,,,,,,,,,,,,,,,,,,,,,,
[b] Site; Site name; NA;,,,,,,,,,,,,,,,,,,,,,,,,,,,,,,,,,,,,,,,,,,,,,,,,,,,,,,,,,,
[c] Section; Core ID and Section number; NA;,,,,,,,,,,,,,,,,,,,,,,,,,,,,,,,,,,,,,,,,,,,,,,,,,,,,,,,,,,
[d] ID; XRFCS spectra ID number; NA;,,,,,,,,,,,,,,,,,,,,,,,,,,,,,,,,,,,,,,,,,,,,,,,,,,,,,,,,,,
[e] section_depth; Section Depth (minimum depth - top measurement); cm;,,,,,,,,,,,,,,,,,,,,,,,,,,,,,,,,,,,,,,,,,,,,,,,,,,,,,,,,,,
[f] field_depth_top; Field depth (minimum depth - top measurement); cm;,,,,,,,,,,,,,,,,,,,,,,,,,,,,,,,,,,,,,,,,,,,,,,,,,,,,,,,,,,
[g] depth; Stratigraphic depth for import into R and for age-depth modelling; cm;,,,,,,,,,,,,,,,,,,,,,,,,,,,,,,,,,,,,,,,,,,,,,,,,,,,,,,,,,,
[h] depth_err; Stratigraphic depth error of min-max scan interval depth for import into R and for age-depth modelling; cm;,,,,,,,,,,,,,,,,,,,,,,,,,,,,,,,,,,,,,,,,,,,,,,,,,,,,,,,,,,
[i] SH20_min_age_95CI; Southern Hemisphere (ShCal20) radiocarbon calibration minimum age (95% confidence interval); cal a BP;calendar years Before Present ,,,,,,,,,,,,,,,,,,,,,,,,,,,,,,,,,,,,,,,,,,,,,,,,,,,,,,,,,,
[j] SH20_max_age_95CI; Southern Hemisphere (ShCal20) radiocarbon calibration maximum age (95% confidence interval); cal a BP;calendar years Before Present ,,,,,,,,,,,,,,,,,,,,,,,,,,,,,,,,,,,,,,,,,,,,,,,,,,,,,,,,,,
[k] SH20_median_age; Southern Hemisphere (ShCal20) radiocarbon calibration median age; cal a BP;calendar years Before Present ,,,,,,,,,,,,,,,,,,,,,,,,,,,,,,,,,,,,,,,,,,,,,,,,,,,,,,,,,,
[l] SH20_mean_age; Southern Hemisphere (ShCal20) radiocarbon calibration mean age; cal a BP;calendar years Before Present ,,,,,,,,,,,,,,,,,,,,,,,,,,,,,,,,,,,,,,,,,,,,,,,,,,,,,,,,,,
[m] accrate; Peat accumulation rate; cm a^-1;cm per year,,,,,,,,,,,,,,,,,,,,,,,,,,,,,,,,,,,,,,,,,,,,,,,,,,,,,,,,,,
[n] surface; Height of core samples surface above the detector; cm;,,,,,,,,,,,,,,,,,,,,,,,,,,,,,,,,,,,,,,,,,,,,,,,,,,,,,,,,,,
[o] validity; Spectra validity from Qspec (1 = Valid spectra); NA;,,,,,,,,,,,,,,,,,,,,,,,,,,,,,,,,,,,,,,,,,,,,,,,,,,,,,,,,,,
[p] qc; itrax.R quality control process (TRUE = valid spectra) ; NA;,,,,,,,,,,,,,,,,,,,,,,,,,,,,,,,,,,,,,,,,,,,,,,,,,,,,,,,,,,
[q] kcps; Internal total counts per second; NA;thousands of counts per second,,,,,,,,,,,,,,,,,,,,,,,,,,,,,,,,,,,,,,,,,,,,,,,,,,,,,,,,,,
[r] cps; Total counts per second for all Qspec spectra matched elements and scatter parameters (extra lines are excluded here); NA;counts per second,,,,,,,,,,,,,,,,,,,,,,,,,,,,,,,,,,,,,,,,,,,,,,,,,,,,,,,,,,
[s] MSE; Mean Square Error - goodness of fit measure for measured vs modelled spectra in Qspec (0 = perfect fit); NA;,,,,,,,,,,,,,,,,,,,,,,,,,,,,,,,,,,,,,,,,,,,,,,,,,,,,,,,,,,
[t-ax] XRF-CS elements; XRFCS  cps for each element turned on in Qspec spectra matching ; cps;counts per second,,,,,,,,,,,,,,,,,,,,,,,,,,,,,,,,,,,,,,,,,,,,,,,,,,,,,,,,,,
[ay] Mo_inc; Molydenum (Mo) X-ray Tube incoherent scatter counts; cps;counts per second,,,,,,,,,,,,,,,,,,,,,,,,,,,,,,,,,,,,,,,,,,,,,,,,,,,,,,,,,,
[az] Mo_coh; Molydenum (Mo) X-ray Tube coherent scatter counts; cps;counts per second,,,,,,,,,,,,,,,,,,,,,,,,,,,,,,,,,,,,,,,,,,,,,,,,,,,,,,,,,,
[ba] Fe a*2; Secondary iron peak counts ; cps;counts per second,,,,,,,,,,,,,,,,,,,,,,,,,,,,,,,,,,,,,,,,,,,,,,,,,,,,,,,,,,
[bb] Total_scatter_cps; Total scatter (incoherent+coherent scatter) counts; cps;counts per second,,,,,,,,,,,,,,,,,,,,,,,,,,,,,,,,,,,,,,,,,,,,,,,,,,,,,,,,,,
[bc] inc_coh; Incoherent/coherent ratio; NA;,,,,,,,,,,,,,,,,,,,,,,,,,,,,,,,,,,,,,,,,,,,,,,,,,,,,,,,,,,
[bd] coh_inc; Coherent/incoherent ratio; NA;,,,,,,,,,,,,,,,,,,,,,,,,,,,,,,,,,,,,,,,,,,,,,,,,,,,,,,,,,,
[be] spect_period; period of time elapsed between successive spectra measurements in the dataset; years;,,,,,,,,,,,,,,,,,,,,,,,,,,,,,,,,,,,,,,,,,,,,,,,,,,,,,,,,,,
[bf] spect_period_err; 95% confidence interval for the period of time elapsed between successive spectra measurements in the dataset; years;,,,,,,,,,,,,,,,,,,,,,,,,,,,,,,,,,,,,,,,,,,,,,,,,,,,,,,,,,,
[bg] spect_period_err_pc; spect_period_err expressed as a percentage of spect_period; %;,,,,,,,,,,,,,,,,,,,,,,,,,,,,,,,,,,,,,,,,,,,,,,,,,,,,,,,,,,
,,,,,,,,,,,,,,,,,,,,,,,,,,,,,,,,,,,,,,,,,,,,,,,,,,,,,,,,,,
[a] Location,[b] Site,[c] Section,[d] ID,[e] section_depth,[f] field_depth_top,[g] depth,[h] depth_err,[i] SH20_min_age_95CI,[j] SH20_max_age_95CI,[k] SH20_median_age,[l] SH20_mean_age,[m] accrate,[n] surface,[o] validity,[p] qc,[q] kcps,[r] cps,[s] MSE,[t-ax] Mg,[t-ax] Al,[t-ax] Si,[t-ax] P,[t-ax] S,[t-ax] Cl,[t-ax] K,[t-ax] Ca,[t-ax] Ti,[t-ax] V,[t-ax] Cr,[t-ax] Mn,[t-ax] Fe,[t-ax] Co,[t-ax] Ni,[t-ax] Cu,[t-ax] Zn,[t-ax] As,[t-ax] Se,[t-ax] Br,[t-ax] Rb,[t-ax] Sr,[t-ax] Y,[t-ax] Zr,[t-ax] Sn,[t-ax] I,[t-ax] Cs,[t-ax] Ba,[t-ax] Pb,[t-ax] Th,[t-ax] U,[ay] Mo_inc,[az] Mo_coh,[ba] Fe a*2,[bb] Total_scatter,[bc] inc_coh,[bd] coh_inc,[be] spect_period,[bf] spect_period_err,[bg] spect_period_err_pc
Marion Island,PB1,PB1_1A,ACE_ITRAX_16113,5.1,5.1,5.1,0.05,-50.09,494.59,84.17,120.02,0.0208,6.07,1,TRUE,21028,48722,1.52,0,6,13,14,0,4,141,179,4,0,21,74,757,114,164,70,0,0,5,1179,153,71,0,847,0,0,0,0,274,139,0,38247,5362,0,43609,7.132972771,0.140194002,3.59,2.88,80.08
Marion Island,PB1,PB1_1A,ACE_ITRAX_16114,5.2,5.2,5.2,0.05,-47.37,497.62,88.06,123.61,0.0279,6.09,1,TRUE,20234,46486,1.3,0,17,6,9,9,0,74,102,13,0,11,61,561,30,137,154,0,0,5,1060,26,39,0,847,0,0,0,0,37,115,0,37076,5322,28,42398,6.966553927,0.143542993,3.59,2.88,80.08
Marion Island,PB1,PB1_1A,ACE_ITRAX_16115,5.3,5.3,5.3,0.05,-45.24,501.84,90.82,127.2,0.0279,6.11,1,TRUE,20329,46710,1.21,0,0,6,0,18,29,84,118,13,0,8,51,583,0,192,170,0,0,0,1023,108,0,0,829,0,0,0,0,76,116,0,37133,5339,0,42472,6.955047762,0.143780465,3.59,3.17,88.44
Marion Island,PB1,PB1_1A,ACE_ITRAX_16116,5.4,5.4,5.4,0.05,-42.83,503.36,94.32,130.8,0.0278,6.11,1,TRUE,20653,47454,1.36,0,20,0,9,26,8,62,99,0,0,19,31,674,55,176,71,0,0,0,1119,0,188,0,868,0,0,0,0,14,136,0,37564,5480,0,43044,6.854744526,0.145884357,3.6,1.97,54.58
Marion Island,PB1,PB1_1A,ACE_ITRAX_16117,5.5,5.5,5.5,0.05,-40.02,506.54,98.47,134.39,0.0279,6.08,1,TRUE,21066,48811,1.37,13,12,8,0,10,0,46,133,41,0,0,51,1119,17,224,85,0,0,31,1191,0,0,0,944,0,0,0,0,57,0,22,38449,5595,66,44044,6.872028597,0.145517439,3.59,3,83.43
Marion Island,PB1,PB1_1A,ACE_ITRAX_16118,5.6,5.6,5.6,0.05,-37.42,508.9,103.39,137.98,0.0279,6.1,1,TRUE,21602,49890,1.35,0,23,0,19,0,7,50,113,16,0,0,75,809,91,243,44,0,0,143,1215,68,62,0,779,0,0,0,0,0,128,0,39448,5782,99,45230,6.82255275,0.146572703,3.59,2.48,69.08
Marion Island,PB1,PB1_1A,ACE_ITRAX_16119,5.7,5.7,5.7,0.05,-35.63,511.22,106.59,141.57,0.0279,6.1,1,TRUE,21959,51151,1.46,0,7,0,8,23,11,69,45,39,0,0,67,1206,146,174,121,0,0,28,1435,34,52,0,852,7,8,0,0,90,56,0,39997,5857,0,45854,6.828922657,0.146435983,3.59,2.06,57.24
Marion Island,PB1,PB1_1A,ACE_ITRAX_16120,5.8,5.8,5.8,0.05,-33.76,514.29,110.55,145.17,0.0278,6.1,1,TRUE,22064,50855,1.51,0,0,0,27,11,39,87,133,26,11,24,48,915,69,164,66,0,0,163,1334,0,117,0,932,0,4,0,0,55,120,20,40128,5569,107,45697,7.205602442,0.138780901,3.6,2.47,68.61
Marion Island,PB1,PB1_1A,ACE_ITRAX_16121,5.9,5.9,5.9,0.05,-31.56,516,113.71,148.76,0.0279,6.11,1,TRUE,22803,52843,1.49,0,0,0,7,24,27,32,129,49,18,12,73,914,79,229,131,0,0,0,1370,53,74,0,914,0,10,0,0,46,6,0,41760,6109,0,47869,6.835816009,0.146288314,3.59,1.96,54.46
Marion Island,PB1,PB1_1A,ACE_ITRAX_16122,6,6,6,0.05,-29.73,519.41,117.88,152.35,0.0279,6.11,1,TRUE,23091,54502,1.21,16,17,6,22,12,24,66,107,44,0,20,34,1400,87,216,129,0,0,105,1523,0,49,0,833,0,4,0,0,79,68,0,42495,6304,171,48799,6.740958122,0.148346864,3.59,2.62,72.98
Marion Island,PB1,PB1_1A,ACE_ITRAX_16123,6.1,6.1,6.1,0.05,-28.4,522.67,121.4,155.94,0.0279,6.12,1,TRUE,22926,54426,1.28,0,15,0,13,17,15,59,157,67,0,42,79,1533,12,199,113,0,0,69,1627,0,0,0,969,0,0,0,0,102,46,88,42267,6142,200,48409,6.881634647,0.145314311,3.59,2.3,63.93
Marion Island,PB1,PB1_1A,ACE_ITRAX_16124,6.2,6.2,6.2,0.05,-26.86,531.38,125.47,159.53,0.0279,6.13,1,TRUE,23348,56050,1.26,0,40,0,7,22,19,53,108,34,16,0,49,1325,99,280,116,0,0,12,1635,0,74,0,963,0,8,0,0,72,207,23,43624,6523,0,50147,6.687720374,0.149527783,3.59,5.13,142.76
Marion Island,PB1,PB1_1A,ACE_ITRAX_16125,6.3,6.3,6.3,0.05,-24.66,535.96,129.68,163.13,0.0278,6.15,1,TRUE,23418,56369,1.34,17,28,0,9,15,14,18,80,54,0,15,23,1701,35,257,89,0,0,109,1730,7,84,0,950,0,0,0,0,242,138,27,43503,6368,0,49871,6.831501256,0.146380709,3.6,3.39,94.17
Marion Island,PB1,PB1_1A,ACE_ITRAX_16126,6.4,6.4,6.4,0.05,-23.66,538.74,133.33,166.72,0.0279,6.17,1,TRUE,22941,53944,1.35,0,0,0,0,0,24,28,105,28,19,0,51,1365,90,259,181,0,0,129,1603,0,33,0,828,0,0,0,0,165,107,0,42120,6081,0,48201,6.926492353,0.144373219,3.59,1.89,52.65
Marion Island,PB1,PB1_1A,ACE_ITRAX_16127,6.5,6.5,6.5,0.05,-22.13,540.17,137.53,170.31,0.0279,6.18,1,TRUE,22790,53450,1.42,0,19,5,11,28,28,31,129,43,0,21,70,1985,0,165,140,0,0,29,1344,101,0,0,845,8,0,0,6,0,33,0,41782,5932,11,47714,7.04349292,0.141975013,3.59,1.48,41.23
Marion Island,PB1,PB1_1A,ACE_ITRAX_16128,6.6,6.6,6.6,0.05,-20.86,544.87,141.36,173.9,0.0279,6.19,1,TRUE,22853,53798,1.39,0,18,0,22,17,0,41,114,38,7,40,24,1917,22,187,78,0,0,15,1322,120,159,0,899,0,0,0,0,170,109,0,41601,6079,31,47680,6.843395295,0.146126295,3.59,2.99,83.15
Marion Island,PB1,PB1_1A,ACE_ITRAX_16129,6.7,6.7,6.7,0.05,-19.91,551.32,145.42,177.5,0.0278,6.19,1,TRUE,22900,53579,1.23,36,50,11,8,13,24,37,92,26,0,22,50,1505,61,196,58,0,0,25,1419,23,48,0,888,0,0,0,0,62,72,34,42198,5952,0,48150,7.089717742,0.141049339,3.6,3.7,102.78
Marion Island,PB1,PB1_1A,ACE_ITRAX_16130,6.8,6.8,6.8,0.05,-18.87,556.83,148.99,181.09,0.0279,6.2,1,TRUE,23162,54448,1.47,29,12,20,17,0,7,26,101,56,9,0,27,1356,83,218,134,0,0,165,1628,0,0,0,758,0,0,0,0,47,89,48,42643,6038,49,48681,7.062437893,0.141594166,3.59,3.28,91.23
Marion Island,PB1,PB1_1A,ACE_ITRAX_16131,6.9,6.9,6.9,0.05,-17.78,560.37,152.48,184.68,0.0279,6.19,1,TRUE,23228,55556,1.24,0,23,25,17,16,25,61,113,36,11,0,32,1633,42,238,52,0,4,16,1463,0,118,0,813,0,0,0,0,0,164,0,43464,6324,0,49788,6.872865275,0.145499724,3.59,2.31,64.48
Marion Island,PB1,PB1_1A,ACE_ITRAX_16132,7,7,7,0.05,-16.6,563.48,155.62,188.27,0.0279,6.2,1,TRUE,22963,54547,1.35,0,15,0,9,0,22,36,134,49,15,0,39,1980,62,131,103,5,0,62,1552,34,9,0,770,0,5,0,0,73,10,0,42389,6314,0,48703,6.713493823,0.148953738,3.59,2.15,59.75
Marion Island,PB1,PB1_1A,ACE_ITRAX_16133,7.1,7.1,7.1,0.05,-15.35,570.57,159.52,191.86,0.0279,6.21,1,TRUE,23245,54778,1.36,0,11,0,20,0,41,37,117,75,0,11,24,1886,43,200,61,0,0,94,1431,25,64,0,840,8,0,0,0,49,117,0,42689,6173,158,48862,6.915438199,0.144603996,3.59,4.17,116.16
Marion Island,PB1,PB1_1A,ACE_ITRAX_16134,7.2,7.2,7.2,0.05,-14.01,573.5,163.7,195.46,0.0278,6.23,1,TRUE,22473,53545,1.42,33,42,27,0,20,12,57,98,74,0,7,34,1889,58,262,116,0,49,94,1538,0,99,0,917,0,0,0,0,0,0,69,41290,5969,24,47259,6.917406601,0.144562848,3.6,2.13,59.31
Marion Island,PB1,PB1_1A,ACE_ITRAX_16135,7.3,7.3,7.3,0.05,-13.2,579.36,167.94,199.05,0.0279,6.23,1,TRUE,21869,52449,1.16,12,41,0,7,13,25,74,107,15,0,0,37,1446,35,275,161,57,0,99,1350,0,126,0,1085,0,0,0,0,78,0,42,40599,5970,92,46569,6.800502513,0.147047957,3.59,3.34,92.9
Marion Island,PB1,PB1_1A,ACE_ITRAX_16136,7.4,7.4,7.4,0.05,-12.01,585.45,171.86,202.64,0.0279,6.24,1,TRUE,21482,51310,1.37,0,8,0,8,7,13,38,108,34,0,25,48,1530,45,161,36,0,0,69,1581,0,6,0,843,0,0,0,0,203,188,0,39955,5777,0,45732,6.916219491,0.144587661,3.59,3.64,101.39
Marion Island,PB1,PB1_1A,ACE_ITRAX_16137,7.5,7.5,7.5,0.05,-11.27,591.51,175.83,206.23,0.0279,6.24,1,TRUE,22381,53811,1.39,34,30,30,32,14,28,33,107,41,0,27,53,1345,0,176,53,0,0,35,1389,0,101,0,973,0,0,0,0,184,51,0,41967,6381,0,48348,6.576868829,0.152048038,3.59,3.4,94.71
Marion Island,PB1,PB1_1A,ACE_ITRAX_16138,7.6,7.6,7.6,0.05,-10.16,597.6,179.24,209.82,0.0279,6.25,1,TRUE,23591,56039,1.32,0,13,13,15,15,4,28,102,62,0,12,67,1730,40,215,161,0,37,79,1573,0,130,0,1025,0,0,0,0,0,0,0,43422,6443,132,49865,6.739407108,0.148381005,3.59,3.6,100.28
Marion Island,PB1,PB1_1A,ACE_ITRAX_16139,7.7,7.7,7.7,0.05,-9,602.1,183.03,213.42,0.0278,6.25,1,TRUE,24332,56873,1.32,0,33,5,20,19,25,41,110,20,7,26,49,1684,107,236,162,0,0,109,1480,0,123,0,1029,0,0,0,12,118,70,0,44202,6330,0,50532,6.982938389,0.14320619,3.6,2.83,78.61
Marion Island,PB1,PB1_1A,ACE_ITRAX_16140,7.8,7.8,7.8,0.05,-8.15,607.36,186.43,217.01,0.0279,6.25,1,TRUE,24067,57134,1.38,0,8,0,0,16,0,12,114,74,6,0,47,1636,13,151,100,0,0,33,1523,0,70,0,871,0,0,0,0,55,80,13,44726,6809,86,51535,6.568659128,0.152238072,3.59,3.06,85.1
Marion Island,PB1,PB1_1A,ACE_ITRAX_16141,7.9,7.9,7.9,0.05,-6.98,611.55,189.83,220.6,0.0279,6.26,1,TRUE,23982,56793,1.28,33,38,6,20,23,50,21,72,10,6,27,30,1290,52,221,137,0,0,73,1665,0,84,0,968,9,6,0,0,0,0,0,44694,6360,28,51054,7.027358491,0.14230098,3.59,2.68,74.65
Marion Island,PB1,PB1_1A,ACE_ITRAX_16142,8,8,8,0.05,-5.44,617.84,193.42,224.19,0.0279,6.26,1,TRUE,24213,58289,1.82,0,16,0,16,18,34,38,139,89,6,12,89,1811,70,212,48,0,0,89,1776,5,128,0,884,0,0,0,0,128,161,0,45176,6513,0,51689,6.936281284,0.144169471,3.59,3.92,109.05
Marion Island,PB1,PB1_1A,ACE_ITRAX_16143,8.1,8.1,8.1,0.05,-4.08,624.31,196.57,227.79,0.0278,6.26,1,TRUE,24364,57686,1.53,0,19,0,6,24,36,49,112,30,11,48,57,1986,82,221,51,0,0,0,1893,15,165,0,864,0,0,0,0,107,105,0,44438,6484,0,50922,6.853485503,0.145911157,3.6,3.91,108.75
Marion Island,PB1,PB1_1A,ACE_ITRAX_16144,8.2,8.2,8.2,0.05,-3.46,633.16,201.22,231.38,0.0279,6.26,1,TRUE,24008,58405,1.16,58,35,16,32,7,17,42,94,25,0,24,47,2413,140,235,161,0,0,31,2135,29,122,52,1133,0,0,0,0,36,128,0,44009,6533,25,50542,6.736415123,0.148446909,3.59,4.74,131.89
Marion Island,PB1,PB1_1A,ACE_ITRAX_16145,8.3,8.3,8.3,0.05,-2.62,640.09,204.84,234.97,0.0279,6.26,1,TRUE,24049,58731,1.2,8,17,0,19,9,12,45,129,46,0,18,49,2443,9,234,231,0,0,29,2254,0,70,0,1022,0,0,0,0,33,0,0,44547,6713,25,51260,6.635930285,0.150694772,3.59,3.89,108.22
Marion Island,PB1,PB1_1A,ACE_ITRAX_16146,8.4,8.4,8.4,0.05,-1.82,646.26,207.54,238.56,0.0279,6.27,1,TRUE,24083,57535,1.18,0,12,0,10,0,18,37,186,54,0,23,16,2579,64,254,119,0,10,44,2000,0,61,0,939,0,0,0,0,0,5,0,43878,6380,95,50258,6.877429467,0.145403163,3.59,3.48,97.08
Marion Island,PB1,PB1_1A,ACE_ITRAX_16147,8.5,8.5,8.5,0.05,-1.6,656.95,210.25,242.15,0.0279,6.26,1,TRUE,22697,55355,1.35,8,27,22,17,16,10,26,140,86,0,7,37,1937,123,178,153,0,0,50,1772,0,0,59,1116,0,0,0,0,83,0,58,42180,6570,0,48750,6.420091324,0.155761024,3.59,5.46,151.95
Marion Island,PB1,PB1_1A,ACE_ITRAX_16148,8.6,8.6,8.6,0.05,-0.29,664.07,213.32,245.75,0.0278,6.25,1,TRUE,20326,49517,1.3,28,38,19,0,28,26,36,63,10,0,0,11,1258,95,161,168,0,0,0,1457,60,0,0,1008,0,0,0,0,27,0,0,38465,5862,74,44327,6.561753668,0.152398284,3.6,4.22,117.08
Marion Island,PB1,PB1_1A,ACE_ITRAX_16149,8.7,8.7,8.7,0.05,0.71,671.62,217.03,249.34,0.0279,6.24,1,TRUE,21525,53210,1.2,0,7,0,33,21,12,38,127,37,0,5,24,1860,82,199,111,0,0,40,1826,15,87,0,965,9,0,0,6,194,0,0,40702,6059,119,46761,6.717610167,0.148862464,3.59,4.27,119.08
Marion Island,PB1,PB1_1A,ACE_ITRAX_16150,8.8,8.8,8.8,0.05,1.37,678.37,220.06,252.93,0.0279,6.23,1,TRUE,22234,53768,1.21,0,45,0,8,25,4,48,112,45,0,8,35,1920,145,209,59,0,0,118,1831,0,0,0,958,0,0,0,0,75,0,0,41274,6070,85,47344,6.799670511,0.14706595,3.59,3.71,103.2
Marion Island,PB1,PB1_1A,ACE_ITRAX_16151,8.9,8.9,8.9,0.05,2.07,687.19,223.14,256.52,0.0279,6.23,1,TRUE,22648,54506,1.29,0,0,0,0,4,0,19,122,31,4,26,10,1669,0,188,75,0,0,38,1679,107,80,0,859,0,0,0,0,90,257,0,42408,6176,0,48584,6.866580311,0.145632899,3.59,4.76,132.59
Marion Island,PB1,PB1_1A,ACE_ITRAX_16152,9,9,9,0.05,2.57,691.79,226.35,260.11,0.0279,6.24,1,TRUE,23290,55962,1.24,0,25,0,21,27,19,38,113,44,12,30,33,1785,113,153,160,0,0,78,1934,0,70,24,961,7,0,0,0,150,127,0,42749,6508,0,49257,6.568684696,0.152237479,3.59,2.55,71.03
Marion Island,PB1,PB1_1A,ACE_ITRAX_16153,9.1,9.1,9.1,0.05,3.12,699.04,229.18,263.71,0.0278,6.26,1,TRUE,23055,54752,1.24,0,18,7,0,0,20,35,111,40,0,0,38,2172,0,173,89,0,10,80,1945,0,74,0,850,0,0,0,0,0,0,0,42145,6165,0,48310,6.836171938,0.146280698,3.6,3.9,108.33
Marion Island,PB1,PB1_1A,ACE_ITRAX_16154,9.2,9.2,9.2,0.05,3.9,705.42,232.73,267.3,0.0279,6.28,1,TRUE,23122,55909,1.31,23,18,8,7,8,23,39,104,49,12,0,13,2641,110,178,48,0,0,0,1916,0,188,0,873,0,0,0,0,25,62,0,42404,6261,90,48665,6.772720013,0.147651165,3.59,3.58,99.72
Marion Island,PB1,PB1_1A,ACE_ITRAX_16155,9.3,9.3,9.3,0.05,4.78,711.17,235.99,270.89,0.0279,6.3,1,TRUE,23650,57386,1.22,0,9,0,0,0,21,16,116,51,0,8,34,2788,63,215,65,0,0,99,1892,100,39,0,934,0,0,0,0,36,50,0,43403,6553,0,49956,6.623378605,0.150980347,3.59,3.32,92.34
Marion Island,PB1,PB1_1A,ACE_ITRAX_16156,9.4,9.4,9.4,0.05,6.02,719.76,239.62,274.48,0.0279,6.31,1,TRUE,23456,57311,1.28,0,30,5,31,25,13,37,130,71,0,0,28,3181,0,175,231,4,0,0,2012,25,217,0,956,0,0,0,0,54,0,0,42977,6463,115,49440,6.649698283,0.150382763,3.59,4.92,136.91
Marion Island,PB1,PB1_1A,ACE_ITRAX_16157,9.5,9.5,9.5,0.05,6.63,729.02,242.68,278.08,0.0278,6.33,1,TRUE,23271,56132,1.31,6,0,9,8,20,11,22,112,48,0,0,32,3125,43,217,144,0,0,28,2044,0,194,0,788,0,0,0,0,62,88,0,42133,6254,18,48387,6.73696834,0.148434719,3.6,4.94,137.08
Marion Island,PB1,PB1_1A,ACE_ITRAX_16158,9.6,9.6,9.6,0.05,7.74,737.05,246,281.67,0.0279,6.34,1,TRUE,23427,57046,1.21,0,0,10,22,15,22,32,184,104,8,0,72,3471,125,228,121,0,33,0,1830,0,242,0,864,0,0,0,9,9,55,0,42500,6360,0,48860,6.682389937,0.149647059,3.59,4.57,127.3
Marion Island,PB1,PB1_1A,ACE_ITRAX_16159,9.7,9.7,9.7,0.05,8.19,745.13,249.1,285.26,0.0279,6.33,1,TRUE,23105,56362,1.29,25,27,8,24,32,8,27,86,54,0,32,0,2922,0,273,141,0,0,0,1964,6,0,0,1052,6,0,0,0,0,25,0,42333,6475,71,48808,6.537915058,0.15295396,3.59,4.27,118.8
Marion Island,PB1,PB1_1A,ACE_ITRAX_16160,9.8,9.8,9.8,0.05,9.19,751.45,252.56,288.85,0.0279,6.31,1,TRUE,23252,56728,1.25,0,54,0,6,15,15,29,124,64,0,24,12,3133,72,238,155,0,0,0,1915,0,345,0,1020,0,0,0,0,67,74,16,42243,6245,41,48488,6.764291433,0.147835144,3.59,3.66,101.95
Marion Island,PB1,PB1_1A,ACE_ITRAX_16161,9.9,9.9,9.9,0.05,10.29,761.25,255.36,292.44,0.0279,6.3,1,TRUE,23335,56919,1.29,0,6,0,30,29,0,32,140,88,0,51,27,3251,13,276,215,0,0,0,1882,0,152,0,871,0,12,0,0,70,140,47,42349,6424,0,48773,6.592310087,0.151691894,3.59,5.45,151.81
Marion Island,PB1,PB1_1A,ACE_ITRAX_16162,10,10,10,0.05,11.02,769.47,259.08,296.04,0.0278,6.3,1,TRUE,23486,57516,1.25,0,25,0,12,6,24,40,145,89,17,0,8,3205,57,212,245,0,0,4,1726,0,108,0,946,0,0,0,0,113,98,62,43060,6464,145,49524,6.661509901,0.150116117,3.6,4.48,124.31
Marion Island,PB1,PB1_1A,ACE_ITRAX_16163,10.1,10.1,10.1,0.05,14.04,772.24,262.03,299.74,0.027,6.32,1,TRUE,23280,56815,1.38,17,0,28,0,0,25,42,144,95,0,14,29,2917,140,220,107,0,0,0,1626,0,87,0,1162,0,0,0,0,54,0,0,42924,6291,20,49215,6.823080591,0.146561364,3.7,2.89,78.24
Marion Island,PB1,PB1_1A,ACE_ITRAX_16164,10.2,10.2,10.2,0.05,17,775.11,265.87,303.45,0.027,6.32,1,TRUE,23268,56267,1.29,32,5,11,5,30,10,36,162,93,5,0,28,3817,115,273,150,8,0,0,1726,0,104,0,911,0,0,0,0,57,0,0,41571,6377,0,47948,6.518896033,0.153400207,3.71,2.92,78.57
Marion Island,PB1,PB1_1A,ACE_ITRAX_16165,10.3,10.3,10.3,0.05,20.82,778.24,269.82,307.16,0.027,6.32,1,TRUE,22632,56145,1.36,7,55,15,16,35,35,38,190,90,0,20,47,4162,106,225,33,0,0,124,1711,0,87,0,752,0,0,0,0,92,212,0,41217,6160,0,47377,6.691071429,0.149452896,3.71,3.48,93.67
Marion Island,PB1,PB1_1A,ACE_ITRAX_16166,10.4,10.4,10.4,0.05,24.65,785.07,273.25,310.87,0.027,6.34,1,TRUE,22729,56719,1.15,0,45,29,14,18,14,36,186,85,0,13,26,3806,86,230,127,0,0,0,1904,144,206,0,959,0,0,0,12,110,164,0,41534,6103,22,47637,6.805505489,0.146939857,3.71,5.33,143.67
Marion Island,PB1,PB1_1A,ACE_ITRAX_16167,10.5,10.5,10.5,0.05,28.24,790.51,276.47,314.58,0.027,6.33,1,TRUE,23285,57193,1.15,0,0,8,13,10,4,24,146,43,4,27,0,3273,40,201,201,0,0,9,2021,126,351,0,952,0,0,0,0,144,0,0,42319,6513,84,48832,6.497620144,0.153902502,3.71,4.51,121.7
Marion Island,PB1,PB1_1A,ACE_ITRAX_16168,10.6,10.6,10.6,0.05,31.65,795.09,280.8,318.28,0.027,6.32,1,TRUE,23831,58253,1.22,0,11,0,0,17,8,26,131,79,0,15,47,3280,64,241,117,0,0,24,1834,0,186,0,1078,0,0,0,0,33,0,0,43893,6347,0,50240,6.915550654,0.144601645,3.7,4,107.97
Marion Island,PB1,PB1_1A,ACE_ITRAX_16169,10.7,10.7,10.7,0.05,34.2,798.97,284.9,321.99,0.027,6.31,1,TRUE,23775,58038,1.25,0,21,17,0,21,11,48,107,71,0,30,45,3099,38,264,226,0,0,121,1910,0,202,0,1093,0,0,0,0,117,44,0,43357,6300,64,49657,6.882063492,0.145305256,3.71,3.22,86.66
Marion Island,PB1,PB1_1A,ACE_ITRAX_16170,10.8,10.8,10.8,0.05,36.59,801.18,288.52,325.7,0.027,6.32,1,TRUE,23268,56480,1.27,0,18,9,0,5,25,21,131,74,7,44,46,3105,190,234,150,0,0,0,1704,0,198,0,1098,0,0,0,0,62,0,0,42433,6190,48,48623,6.855088853,0.14587703,3.71,2.3,61.99
Marion Island,PB1,PB1_1A,ACE_ITRAX_16171,10.9,10.9,10.9,0.05,39,803.43,291.47,329.41,0.027,6.33,1,TRUE,23367,58288,1.26,0,0,19,7,28,0,33,109,60,0,0,14,2754,19,197,76,0,0,7,1796,24,374,0,1122,0,0,0,0,241,148,0,44072,6290,0,50362,7.006677266,0.142721002,3.71,2.33,62.8
Marion Island,PB1,PB1_1A,ACE_ITRAX_16172,11,11,11,0.05,41.77,807.95,295,333.12,0.027,6.34,1,TRUE,23443,56628,1.27,33,47,29,0,16,12,19,92,56,0,34,16,2848,141,234,68,24,0,38,1765,18,226,0,716,0,0,0,0,46,121,0,42811,6234,47,49045,6.867340391,0.145616781,3.71,3.65,98.25
Marion Island,PB1,PB1_1A,ACE_ITRAX_16173,11.1,11.1,11.1,0.05,43.22,811.2,298.96,336.83,0.027,6.36,1,TRUE,23301,56313,1.31,0,0,0,13,5,17,58,133,32,4,0,16,2846,135,230,108,0,0,29,1688,0,0,0,884,0,0,0,10,14,0,0,43021,6294,39,49315,6.835239911,0.146300644,3.71,2.35,63.34
Marion Island,PB1,PB1_1A,ACE_ITRAX_16174,11.2,11.2,11.2,0.05,45.39,814.44,303.27,340.53,0.027,6.38,1,TRUE,23398,58446,1.23,4,19,7,29,49,24,31,121,60,19,27,53,3368,129,222,211,0,0,123,1695,0,352,0,988,11,0,0,4,148,131,142,43221,6438,0,49659,6.713420317,0.148955369,3.7,2.71,73.11
Marion Island,PB1,PB1_1A,ACE_ITRAX_16175,11.3,11.3,11.3,0.05,48.12,818.07,306.91,344.24,0.027,6.4,1,TRUE,23694,57695,1.28,0,32,12,9,28,19,21,145,72,0,28,76,3386,135,155,107,0,0,28,1676,0,257,0,853,10,0,0,0,124,189,62,43255,6194,0,49449,6.983371004,0.143197318,3.71,3.18,85.71
Marion Island,PB1,PB1_1A,ACE_ITRAX_16176,11.4,11.4,11.4,0.05,50.25,824.74,311.38,347.95,0.027,6.41,1,TRUE,22575,54399,1.47,37,49,16,33,10,45,25,106,60,0,5,40,2073,99,160,172,0,0,175,1459,119,135,0,970,0,0,0,0,113,97,0,41575,6046,58,47621,6.876447238,0.145423933,3.71,4.4,118.6
Marion Island,PB1,PB1_1A,ACE_ITRAX_16177,11.5,11.5,11.5,0.05,52.38,831.65,315.88,351.66,0.027,6.41,1,TRUE,22217,54102,1.38,0,0,0,41,38,25,38,114,53,0,17,60,2463,55,208,107,0,33,34,1516,0,85,0,1018,8,0,0,13,0,0,33,41047,6349,150,47396,6.465112616,0.154676347,3.71,4.52,121.83
Marion Island,PB1,PB1_1A,ACE_ITRAX_16178,11.6,11.6,11.6,0.05,55.6,837.5,319.53,355.37,0.027,6.38,1,TRUE,22430,54388,1.15,31,12,0,20,8,14,0,79,60,7,0,32,2627,87,190,115,0,0,0,1678,46,13,0,1032,0,0,0,0,92,0,0,41445,5989,66,47434,6.92018701,0.144504765,3.71,4.54,122.24
Marion Island,PB1,PB1_1A,ACE_ITRAX_16179,11.7,11.7,11.7,0.05,58.3,842.67,323.13,359.07,0.027,6.42,1,TRUE,21988,53521,1.42,27,0,11,7,26,24,29,103,78,14,0,14,2811,175,246,127,0,0,71,1789,0,143,0,694,0,0,0,0,123,145,0,40154,6003,0,46157,6.688988839,0.149499427,3.7,3.93,106.35
Marion Island,PB1,PB1_1A,ACE_ITRAX_16180,11.8,11.8,11.8,0.05,60.6,851.7,327.76,362.78,0.027,6.41,1,TRUE,22104,53975,1.36,0,8,0,24,34,35,25,104,41,0,37,24,3366,130,213,115,0,103,99,1806,46,160,0,983,0,0,0,13,27,133,0,39849,5900,36,45749,6.754067797,0.148058922,3.71,5.67,152.7
Marion Island,PB1,PB1_1A,ACE_ITRAX_16181,11.9,11.9,11.9,0.05,62.07,857.23,332.24,366.49,0.027,6.4,1,TRUE,22026,54890,1.35,0,19,0,12,0,26,36,152,84,17,15,26,3727,125,222,162,0,150,49,1955,0,0,0,755,0,0,0,0,0,137,76,40240,6126,136,46366,6.568723474,0.152236581,3.71,3.5,94.34
Marion Island,PB1,PB1_1A,ACE_ITRAX_16182,12,12,12,0.05,63.05,863.64,336.61,370.2,0.027,6.39,1,TRUE,22044,54661,1.38,5,0,11,11,21,29,37,172,82,0,26,35,3905,16,202,77,0,0,0,1892,0,132,0,1075,0,0,0,0,0,19,0,39990,6173,58,46163,6.478211566,0.154363591,3.71,3.69,99.6
Marion Island,PB1,PB1_1A,ACE_ITRAX_16183,12.1,12.1,12.1,0.05,64.8,869.25,340.56,373.91,0.027,6.39,1,TRUE,22762,56934,1.32,0,18,8,7,19,32,35,132,99,0,27,59,4325,103,239,73,0,0,108,2153,0,205,0,806,0,0,0,0,8,0,0,41436,6273,189,47709,6.605451937,0.151390096,3.71,3.68,99.19
Marion Island,PB1,PB1_1A,ACE_ITRAX_16184,12.2,12.2,12.2,0.05,66.3,875.72,344.19,377.61,0.027,6.38,1,TRUE,23298,58800,1.35,0,0,15,30,22,17,27,169,142,15,5,21,5346,86,147,205,0,0,0,2061,0,302,0,698,0,0,0,0,182,90,0,42065,6500,53,48565,6.471538462,0.154522762,3.7,3.99,107.7
Marion Island,PB1,PB1_1A,ACE_ITRAX_16185,12.3,12.3,12.3,0.05,69.14,882.88,348.23,381.32,0.027,6.38,1,TRUE,23507,57776,1.28,22,29,0,17,18,16,19,107,96,0,19,19,3873,4,250,132,0,0,54,1988,0,218,0,839,0,0,0,0,114,0,0,42861,6376,0,49237,6.722239649,0.148759945,3.71,5,134.77
Marion Island,PB1,PB1_1A,ACE_ITRAX_16186,12.4,12.4,12.4,0.05,70.35,887.15,352.47,385.03,0.027,6.38,1,TRUE,23607,57795,1.41,0,0,0,9,21,0,0,139,71,0,16,14,3907,42,200,91,0,0,15,2086,0,112,0,911,0,0,0,0,89,99,0,42698,6451,21,49149,6.618818788,0.15108436,3.71,2.74,73.85
Marion Island,PB1,PB1_1A,ACE_ITRAX_16187,12.5,12.5,12.5,0.05,71.18,892.65,357.54,388.74,0.027,6.38,1,TRUE,23237,55718,1.32,5,19,9,26,10,25,22,123,63,0,22,13,3207,91,202,105,0,0,89,1784,0,51,0,945,0,0,0,9,0,101,0,41967,6045,7,48012,6.942431762,0.144041747,3.71,3.17,85.31
Marion Island,PB1,PB1_1A,ACE_ITRAX_16188,12.6,12.6,12.6,0.05,72.56,899.93,360.2,392.45,0.027,6.38,1,TRUE,23062,55307,1.28,0,0,0,11,12,25,6,111,79,0,0,18,3183,141,297,174,0,0,19,1472,0,0,0,882,0,0,0,0,61,0,0,41680,6265,132,47945,6.6528332,0.1503119,3.71,4.33,116.71
Marion Island,PB1,PB1_1A,ACE_ITRAX_16189,12.7,12.7,12.7,0.05,74.43,904.5,363.72,396.15,0.027,6.38,1,TRUE,23101,54956,1.38,0,23,0,15,7,43,25,141,31,0,0,9,2777,81,203,47,0,0,67,1583,0,181,0,618,0,0,0,0,144,111,0,41742,6176,45,47918,6.758743523,0.147956495,3.7,3.22,87.03
Marion Island,PB1,PB1_1A,ACE_ITRAX_16190,12.8,12.8,12.8,0.05,74.96,909.86,367.82,399.86,0.027,6.38,1,TRUE,23069,55296,1.23,19,18,0,15,9,53,28,135,57,0,0,37,2863,16,187,56,0,0,83,1619,0,252,0,848,0,0,0,0,67,0,0,41886,6301,80,48187,6.647516267,0.150432125,3.71,2.95,79.38
Marion Island,PB1,PB1_1A,ACE_ITRAX_16191,12.9,12.9,12.9,0.05,76.68,916,371.95,403.57,0.027,6.38,1,TRUE,23144,56553,1.37,0,0,0,0,0,19,42,126,83,0,21,24,3166,65,150,75,0,0,85,1868,0,171,0,925,0,0,0,0,137,0,0,42562,6230,100,48792,6.831781701,0.1463747,3.71,3.93,105.93
Marion Island,PB1,PB1_1A,ACE_ITRAX_16192,13,13,13,0.05,78.77,921.47,375.97,407.28,0.027,6.38,1,TRUE,23536,58105,1.3,8,33,35,14,32,23,39,121,59,9,24,18,3484,48,213,82,0,0,15,2041,0,246,0,1006,0,5,0,4,67,65,0,43342,6379,144,49721,6.794481894,0.147178257,3.71,3.78,101.89
Marion Island,PB1,PB1_1A,ACE_ITRAX_16193,13.1,13.1,13.1,0.05,80.2,928.72,379.8,410.99,0.027,6.38,1,TRUE,23189,56284,1.25,0,0,0,16,0,10,15,117,62,6,21,35,3088,33,227,135,0,0,0,1689,0,173,0,924,0,0,0,0,91,210,0,42536,6175,0,48711,6.888421053,0.145171149,3.71,4.34,116.98
Marion Island,PB1,PB1_1A,ACE_ITRAX_16194,13.2,13.2,13.2,0.05,81.95,937.38,382.8,414.69,0.027,6.39,1,TRUE,22954,55677,1.46,36,45,30,21,36,27,10,88,75,0,12,19,2843,0,216,106,0,0,16,1598,13,141,0,988,11,10,0,0,137,0,0,42253,6155,74,48408,6.864825345,0.14567013,3.7,5.2,140.68
Marion Island,PB1,PB1_1A,ACE_ITRAX_16195,13.3,13.3,13.3,0.05,83.17,944.12,386.79,418.4,0.027,6.4,1,TRUE,22472,54981,1.28,12,35,0,4,19,16,11,121,93,31,10,16,2753,125,184,76,0,0,87,1463,0,215,19,836,0,0,0,0,28,92,15,41855,6103,0,47958,6.858102573,0.145812926,3.71,3.98,107.28
Marion Island,PB1,PB1_1A,ACE_ITRAX_16196,13.4,13.4,13.4,0.05,84.73,949.21,390.01,422.11,0.027,6.4,1,TRUE,21036,50990,1.64,0,0,0,0,7,25,23,114,51,0,0,56,2425,23,212,89,0,0,0,1549,0,58,0,981,14,17,0,19,209,74,0,38535,5814,0,44349,6.627966976,0.150875827,3.71,3.33,89.62
Marion Island,PB1,PB1_1A,ACE_ITRAX_16197,13.5,13.5,13.5,0.05,85.92,952.34,393.15,425.82,0.027,6.39,1,TRUE,20815,50646,1.2,34,35,25,20,19,22,26,140,56,0,14,0,2778,99,206,91,0,0,78,1386,47,70,0,768,0,0,0,0,203,101,0,38032,5567,0,43599,6.831686725,0.146376735,3.71,2.16,58.22
Marion Island,PB1,PB1_1A,ACE_ITRAX_16198,13.6,13.6,13.6,0.05,86.27,956.5,397.44,429.53,0.027,6.39,1,TRUE,21169,51569,1.3,0,26,0,29,19,16,18,119,14,0,16,38,2957,50,217,116,0,0,64,1473,0,57,0,923,10,0,0,19,46,0,0,38929,5668,133,44597,6.868207481,0.145598397,3.71,2.25,60.78
Marion Island,PB1,PB1_1A,ACE_ITRAX_16199,13.7,13.7,13.7,0.05,87.01,961.01,401.87,433.23,0.027,6.4,1,TRUE,21197,51575,1.32,0,14,7,0,14,19,7,101,60,0,37,36,2133,47,203,196,14,0,0,1399,8,66,0,871,0,0,0,0,113,0,0,39788,5797,0,45585,6.863550112,0.145697195,3.7,2.63,70.95
Marion Island,PB1,PB1_1A,ACE_ITRAX_16200,13.8,13.8,13.8,0.05,88.04,969.43,404.77,436.94,0.027,6.41,1,TRUE,21734,52931,1.18,30,18,10,19,12,8,7,70,16,0,0,21,1754,102,238,64,0,0,130,1613,0,106,0,913,0,0,0,11,19,16,16,40733,6183,131,46916,6.587902313,0.151793386,3.71,4.72,127.36
Marion Island,PB1,PB1_1A,ACE_ITRAX_16201,13.9,13.9,13.9,0.05,89.02,972.73,408.25,440.65,0.027,6.42,1,TRUE,22314,53547,1.54,15,51,0,23,7,15,25,97,79,0,0,39,1834,92,249,21,0,39,0,1518,0,48,0,860,0,0,0,0,0,78,0,41480,6130,152,47610,6.766721044,0.147782064,3.71,2.14,57.68
Marion Island,PB1,PB1_1A,ACE_ITRAX_16202,14,14,14,0.05,90.66,978.91,411.02,444.36,0.027,6.44,1,TRUE,22447,54639,1.38,0,21,5,0,7,23,10,98,44,0,0,50,2129,102,229,103,0,0,39,1518,0,47,0,719,0,0,0,0,147,209,0,42129,6275,0,48404,6.713784861,0.148947281,3.71,3.91,105.39
Marion Island,PB1,PB1_1A,ACE_ITRAX_16203,14.1,14.1,14.1,0.05,92.08,988.39,414.42,448.07,0.027,6.48,1,TRUE,22560,54961,1.23,0,21,25,20,25,26,9,79,20,0,22,23,2018,131,187,92,0,0,122,1544,0,180,81,854,8,0,0,8,31,0,25,42038,6525,89,48563,6.442605364,0.155216709,3.71,5.45,146.9
Marion Island,PB1,PB1_1A,ACE_ITRAX_16204,14.2,14.2,14.2,0.05,93.28,995.79,417.38,451.78,0.027,6.5,1,TRUE,22582,54710,1.37,0,0,0,0,12,9,0,61,78,0,0,25,2331,63,229,270,20,0,0,1408,0,41,0,1066,11,0,0,0,0,0,0,42040,6284,190,48324,6.690006365,0.149476689,3.71,4.3,115.9
Marion Island,PB1,PB1_1A,ACE_ITRAX_16205,14.3,14.3,14.3,0.05,95.47,1002.19,421.09,455.48,0.027,6.52,1,TRUE,22651,54301,1.46,14,14,5,8,15,23,19,98,92,0,43,33,2223,54,179,95,0,0,0,1422,0,50,0,1106,13,0,0,0,204,59,0,41823,6117,23,47940,6.837175086,0.146259235,3.7,4.3,116.08
Marion Island,PB1,PB1_1A,ACE_ITRAX_16206,14.4,14.4,14.4,0.05,96.92,1006.41,424.88,459.19,0.027,6.54,1,TRUE,22431,54059,1.34,27,38,31,25,18,24,8,94,80,0,31,22,2257,55,208,134,0,0,0,1678,0,128,0,932,0,0,0,0,103,0,0,41367,6138,17,47505,6.739491691,0.148379143,3.71,2.83,76.42
Marion Island,PB1,PB1_1A,ACE_ITRAX_16207,14.5,14.5,14.5,0.05,98.69,1014.74,427.91,462.9,0.027,6.55,1,TRUE,22334,54238,1.29,0,0,0,4,18,15,6,90,69,0,0,20,2621,161,193,102,0,0,65,1573,0,132,0,896,0,0,0,0,29,20,0,41377,6161,115,47538,6.715955202,0.148899147,3.71,5.05,136.12
Marion Island,PB1,PB1_1A,ACE_ITRAX_16208,14.6,14.6,14.6,0.05,100.67,1027.47,432.04,466.61,0.027,6.56,1,TRUE,21774,52905,1.33,33,10,0,22,11,7,6,79,86,0,7,0,2568,0,174,74,0,50,18,1336,0,139,0,1050,8,0,0,0,0,0,0,40789,5863,32,46652,6.957018591,0.143739734,3.71,7.36,198.25
Marion Island,PB1,PB1_1A,ACE_ITRAX_16209,14.7,14.7,14.7,0.05,101.63,1034.75,435.49,470.32,0.027,6.57,1,TRUE,21978,55008,1.31,28,9,8,26,0,22,0,69,73,0,7,31,3849,118,183,100,18,0,133,1465,78,85,0,806,10,0,0,0,171,29,0,40892,6130,140,47022,6.670799347,0.149907072,3.71,4.12,111.05
Marion Island,PB1,PB1_1A,ACE_ITRAX_16210,14.8,14.8,14.8,0.05,102.6,1044.31,439.08,474.02,0.027,6.57,1,TRUE,22516,58646,1.45,23,6,5,18,0,0,0,67,87,0,0,9,7804,31,173,82,0,0,40,1667,0,182,0,914,0,0,0,0,0,106,10,40774,5894,87,46668,6.917882592,0.144552901,3.7,5.26,142.3
Marion Island,PB1,PB1_1A,ACE_ITRAX_16211,14.9,14.9,14.9,0.05,103.29,1054.06,443.05,477.73,0.027,6.58,1,TRUE,21735,53388,1.21,0,21,0,0,7,7,0,111,66,0,28,23,2227,14,322,100,0,0,0,1573,0,0,0,1011,0,0,0,0,219,0,47,40691,6082,78,46773,6.690397895,0.149467941,3.71,5.22,140.7
Marion Island,PB1,PB1_1A,ACE_ITRAX_16212,15,15,15,0.05,104.34,1063.11,447.14,481.44,0.027,6.58,1,TRUE,21734,53635,1.19,0,32,0,21,18,28,13,123,131,0,25,0,2368,67,208,121,5,0,88,1573,0,83,0,928,0,0,0,0,101,45,0,40836,5977,62,46813,6.832190062,0.146365952,3.71,5.05,136.12
Marion Island,PB1,PB1_1A,ACE_ITRAX_16213,15.1,15.1,15.1,0.05,108.29,1065.74,450.34,485.06,0.0276,6.6,1,TRUE,21818,54187,1.34,0,0,0,0,21,14,27,114,105,0,56,36,2661,61,257,164,21,0,22,1462,0,184,0,1013,0,0,9,0,49,175,0,41157,5866,24,47023,7.016195022,0.142527395,3.62,3.29,90.88
Marion Island,PB1,PB1_1A,ACE_ITRAX_16214,15.2,15.2,15.2,0.05,111.97,1067.93,454.15,488.69,0.0275,6.59,1,TRUE,22240,54518,1.24,0,54,8,27,24,0,16,89,62,0,17,15,3076,111,222,6,0,0,28,1611,0,157,0,854,0,0,0,10,85,48,0,41040,6227,0,47267,6.590653605,0.151730019,3.63,2.94,80.85
Marion Island,PB1,PB1_1A,ACE_ITRAX_16215,15.3,15.3,15.3,0.05,116.44,1072.23,458.57,492.31,0.0276,6.6,1,TRUE,22050,54094,1.24,0,5,0,26,14,9,13,128,87,0,0,41,2701,53,186,49,0,0,105,1426,0,167,14,987,0,0,0,0,177,56,0,41173,5999,0,47172,6.863310552,0.145702281,3.62,4.38,121.13
Marion Island,PB1,PB1_1A,ACE_ITRAX_16216,15.4,15.4,15.4,0.05,123.19,1074.29,462.28,495.93,0.0276,6.59,1,TRUE,22106,55019,1.23,22,30,20,22,15,21,8,122,80,0,0,41,2643,85,211,113,0,0,145,1413,164,205,0,959,0,0,0,0,240,149,0,41484,6089,24,47573,6.81294137,0.146779481,3.62,4.4,121.69
Marion Island,PB1,PB1_1A,ACE_ITRAX_16217,15.5,15.5,15.5,0.05,127.05,1076.68,465.59,499.56,0.0275,6.58,1,TRUE,22885,56084,1.29,0,23,0,7,28,6,0,98,58,0,0,0,2862,98,218,95,0,0,0,1345,40,203,0,870,0,0,0,0,54,145,0,42924,6193,134,49117,6.931051187,0.144278259,3.63,3.13,86.09
Marion Island,PB1,PB1_1A,ACE_ITRAX_16218,15.6,15.6,15.6,0.05,129.98,1079.97,470.01,503.18,0.0276,6.57,1,TRUE,23247,56229,1.26,0,0,0,11,11,5,26,125,113,0,0,48,2564,36,203,158,0,0,0,1433,0,176,0,992,0,0,0,0,5,112,37,43113,6381,70,49494,6.756464504,0.148006402,3.62,3.11,85.91
Marion Island,PB1,PB1_1A,ACE_ITRAX_16219,15.7,15.7,15.7,0.05,133.98,1083.04,473.22,506.8,0.0276,6.57,1,TRUE,22384,53351,1.27,0,0,6,32,16,29,20,109,50,8,39,46,1922,40,228,33,0,0,170,1350,146,79,0,884,0,8,0,12,84,42,0,41193,5972,48,47165,6.897689216,0.144976088,3.62,3.53,97.65
Marion Island,PB1,PB1_1A,ACE_ITRAX_16220,15.8,15.8,15.8,0.05,136.53,1087.63,476.66,510.43,0.0275,6.55,1,TRUE,22440,53777,1.39,24,36,5,12,22,35,19,116,99,7,0,29,1816,39,191,54,0,0,10,1357,0,149,0,887,0,0,0,0,0,31,0,41924,6164,0,48088,6.801427644,0.147027955,3.63,3.57,98.35
Marion Island,PB1,PB1_1A,ACE_ITRAX_16221,15.9,15.9,15.9,0.05,140.54,1091.49,481.22,514.05,0.0276,6.52,1,TRUE,22779,54522,1.29,0,7,0,22,11,20,17,117,95,0,0,57,1936,37,204,54,0,0,86,1262,0,60,0,1036,0,0,0,0,46,32,0,42651,6090,55,48741,7.003448276,0.142786805,3.62,3.93,108.7
Marion Island,PB1,PB1_1A,ACE_ITRAX_16222,16,16,16,0.05,144.58,1096.92,484.58,517.67,0.0276,6.5,1,TRUE,22840,55595,1.38,0,34,9,17,30,25,30,102,52,0,34,8,1927,56,222,56,0,0,0,1409,103,88,0,1064,0,0,0,0,32,145,0,42811,6563,0,49374,6.523083956,0.153301722,3.62,4.74,130.8
Marion Island,PB1,PB1_1A,ACE_ITRAX_16223,16.1,16.1,16.1,0.05,147.5,1098.95,488.28,521.3,0.0275,6.49,1,TRUE,22530,54836,1.25,11,22,0,24,19,27,12,126,84,0,17,28,2263,110,239,83,0,0,76,1617,0,151,0,775,6,0,9,0,156,125,9,41798,6197,0,47995,6.744876553,0.148260682,3.63,2.47,68.18
Marion Island,PB1,PB1_1A,ACE_ITRAX_16224,16.2,16.2,16.2,0.05,148.91,1100.87,491.36,524.92,0.0276,6.48,1,TRUE,22225,55486,1.25,17,19,15,24,27,27,18,134,130,0,9,20,2901,105,212,49,0,0,70,1584,37,170,124,1036,0,0,0,0,154,46,0,41478,6151,148,47629,6.743293773,0.148295482,3.62,1.66,45.99
Marion Island,PB1,PB1_1A,ACE_ITRAX_16225,16.3,16.3,16.3,0.05,152.17,1107.04,494.85,528.55,0.0275,6.47,1,TRUE,22443,57362,1.4,0,4,6,28,11,12,36,133,107,7,0,14,5713,0,204,87,0,0,0,1702,115,123,0,927,0,0,0,5,285,177,0,41031,5930,0,46961,6.919224283,0.144524871,3.63,4.72,129.89
Marion Island,PB1,PB1_1A,ACE_ITRAX_16226,16.4,16.4,16.4,0.05,154.25,1110.96,499.01,532.17,0.0276,6.46,1,TRUE,22461,60555,1.42,0,7,0,0,9,10,13,125,157,20,0,25,8203,140,220,108,0,0,155,1728,0,53,0,1056,0,0,0,0,118,28,46,41146,6428,78,47574,6.401057872,0.156224177,3.62,3,82.87
Marion Island,PB1,PB1_1A,ACE_ITRAX_16227,16.5,16.5,16.5,0.05,155.43,1118.21,503.22,535.79,0.0276,6.47,1,TRUE,22425,62410,1.28,16,15,0,30,34,6,11,145,161,15,14,33,10754,141,225,93,0,0,25,1641,11,160,0,952,0,0,0,0,156,110,17,40743,6217,0,46960,6.553482387,0.152590629,3.62,4.22,116.44
Marion Island,PB1,PB1_1A,ACE_ITRAX_16228,16.6,16.6,16.6,0.05,156.95,1123.04,506.34,539.42,0.0275,6.47,1,TRUE,22613,60595,1.49,0,0,0,22,31,36,21,139,121,0,33,14,9220,108,207,93,0,0,0,1508,68,223,0,768,11,0,14,0,128,30,0,40888,6033,11,46921,6.777391016,0.147549403,3.63,3.17,87.47
Marion Island,PB1,PB1_1A,ACE_ITRAX_16229,16.7,16.7,16.7,0.05,159.62,1127.75,510.56,543.04,0.0276,6.46,1,TRUE,22000,55539,1.21,0,0,0,0,52,24,13,118,84,12,12,22,4193,9,183,93,0,0,0,1568,0,81,0,933,0,0,0,13,102,0,0,41290,6027,127,47317,6.850837896,0.145967547,3.62,3.69,101.93
Marion Island,PB1,PB1_1A,ACE_ITRAX_16230,16.8,16.8,16.8,0.05,160.3,1133.91,514.09,546.66,0.0276,6.46,1,TRUE,22394,57137,1.45,0,0,0,0,15,7,29,166,171,0,46,5,4578,95,260,87,0,0,0,1435,57,29,0,955,6,0,0,15,150,110,68,41907,6117,0,48024,6.850907308,0.145966068,3.62,3.42,94.48
Marion Island,PB1,PB1_1A,ACE_ITRAX_16231,16.9,16.9,16.9,0.05,163.57,1138.25,518.42,550.29,0.0275,6.45,1,TRUE,22653,56679,1.37,0,7,22,6,18,42,47,170,124,7,33,48,4361,14,236,80,0,0,121,1596,20,95,0,703,0,0,0,0,122,0,0,42023,6086,32,48109,6.904863621,0.144825453,3.63,3.8,104.82
Marion Island,PB1,PB1_1A,ACE_ITRAX_16232,17,17,17,0.05,166.14,1142.4,522.22,553.91,0.0276,6.43,1,TRUE,22467,56634,1.39,19,32,19,11,35,9,34,143,132,0,10,0,4417,71,246,99,7,0,160,1476,62,127,0,1009,7,0,0,0,99,0,0,41855,5898,136,47753,7.096473381,0.140915064,3.62,3.36,92.82
Marion Island,PB1,PB1_1A,ACE_ITRAX_16233,17.1,17.1,17.1,0.05,168,1145.06,526.2,557.53,0.0276,6.43,1,TRUE,22157,55166,1.31,0,18,0,8,30,7,20,96,113,21,0,31,4084,47,157,54,0,0,0,1572,0,29,0,1019,0,0,0,0,113,113,0,40846,6030,0,46876,6.773797678,0.147627675,3.62,2.26,62.43
Marion Island,PB1,PB1_1A,ACE_ITRAX_16234,17.2,17.2,17.2,0.05,169.94,1148.74,529.15,561.16,0.0275,6.41,1,TRUE,21821,55241,1.35,0,17,19,24,32,0,9,130,96,9,12,6,4398,0,175,150,8,0,166,1333,30,175,0,955,0,0,0,0,95,86,0,40578,6042,0,46620,6.715988083,0.148898418,3.63,2.81,77.41
Marion Island,PB1,PB1_1A,ACE_ITRAX_16235,17.3,17.3,17.3,0.05,172.67,1152.15,532.19,564.78,0.0276,6.39,1,TRUE,21668,54792,1.25,0,8,0,22,18,17,15,123,120,11,0,14,3969,13,250,60,0,0,0,1458,0,41,0,974,0,0,0,0,97,18,0,40918,6000,0,46918,6.819666667,0.146634733,3.62,3.07,84.81
Marion Island,PB1,PB1_1A,ACE_ITRAX_16236,17.4,17.4,17.4,0.05,174.77,1156.22,536.05,568.4,0.0276,6.39,1,TRUE,22200,54559,1.47,0,0,4,0,0,12,12,79,91,18,0,21,2491,32,216,139,0,0,24,1402,18,52,0,861,8,0,0,0,101,37,0,42150,6128,0,48278,6.878263708,0.145385528,3.62,3.08,85.22
Marion Island,PB1,PB1_1A,ACE_ITRAX_16237,17.5,17.5,17.5,0.05,176.21,1159.97,539.19,572.03,0.0275,6.41,1,TRUE,23467,58184,1.39,0,6,0,16,0,0,14,112,171,0,6,29,4171,43,222,156,0,70,196,1711,92,30,0,939,0,0,0,0,0,28,0,43183,6192,118,49375,6.973998708,0.14338976,3.63,2.6,71.49
Marion Island,PB1,PB1_1A,ACE_ITRAX_16238,17.6,17.6,17.6,0.05,178.6,1162.55,542.05,575.65,0.0276,6.43,1,TRUE,23452,59469,1.27,0,22,0,6,34,20,21,119,118,0,24,26,5203,121,269,94,0,0,43,1770,0,73,0,830,0,0,0,5,233,65,0,43070,6397,0,49467,6.73284352,0.148525656,3.62,2.48,68.65
Marion Island,PB1,PB1_1A,ACE_ITRAX_16239,17.7,17.7,17.7,0.05,182.84,1169.18,545.83,579.27,0.0276,6.45,1,TRUE,22677,58650,1.31,0,35,20,33,17,29,27,148,171,0,36,45,5081,38,194,158,0,0,77,1671,112,139,0,976,0,0,0,0,17,0,11,42469,6335,0,48804,6.703867403,0.149167628,3.62,5.44,150.14
Marion Island,PB1,PB1_1A,ACE_ITRAX_16240,17.8,17.8,17.8,0.05,184.35,1173.54,549.85,582.9,0.0275,6.47,1,TRUE,22473,56980,1.24,0,48,17,0,0,22,35,106,110,0,0,26,4852,6,258,134,0,0,0,1554,0,0,0,1043,0,4,0,5,91,98,56,41725,6076,0,47801,6.867182357,0.145620132,3.63,2.93,80.85
Marion Island,PB1,PB1_1A,ACE_ITRAX_16241,17.9,17.9,17.9,0.05,185.4,1177.8,554.23,586.52,0.0276,6.47,1,TRUE,21834,56059,1.3,10,13,15,4,16,11,23,128,70,26,8,45,4361,99,164,92,0,0,34,1363,0,136,0,1010,0,0,0,0,247,68,0,41415,6040,0,47455,6.856788079,0.145840879,3.62,2.66,73.34
Marion Island,PB1,PB1_1A,ACE_ITRAX_16242,18,18,18,0.05,185.6,1182.81,557.74,590.14,0.0276,6.47,1,TRUE,21757,55045,1.35,0,4,0,12,28,26,30,98,94,0,15,0,3153,21,179,71,0,0,121,1544,0,0,0,1035,6,0,5,0,139,14,0,41648,6207,19,47855,6.709843725,0.149034768,3.62,2.6,71.96
Marion Island,PB1,PB1_1A,ACE_ITRAX_16243,18.1,18.1,18.1,0.05,188.49,1189.76,561.17,593.77,0.0275,6.47,1,TRUE,22234,55228,1.3,0,0,0,0,0,11,0,88,83,0,0,20,2878,105,193,147,45,0,40,1456,226,194,0,1074,0,0,0,0,35,180,0,41764,5977,0,47741,6.987451899,0.143113686,3.63,4.92,135.54
Marion Island,PB1,PB1_1A,ACE_ITRAX_16244,18.2,18.2,18.2,0.05,191.2,1194.69,566.07,597.39,0.0276,6.46,1,TRUE,22018,54686,1.48,0,0,7,9,9,0,19,87,115,0,11,57,3089,106,252,31,6,0,101,1331,0,5,0,1032,0,0,0,0,60,0,0,41618,5945,0,47563,7.000504626,0.142846845,3.62,3.82,105.52
Marion Island,PB1,PB1_1A,ACE_ITRAX_16245,18.3,18.3,18.3,0.05,192.07,1200.39,569.61,601.02,0.0275,6.46,1,TRUE,21466,54156,1.37,0,18,0,0,20,20,20,152,133,0,0,21,3302,61,181,164,0,0,98,1480,58,142,0,905,7,0,0,0,196,0,23,40634,5898,0,46532,6.889454052,0.145149382,3.63,3.29,90.5
Marion Island,PB1,PB1_1A,ACE_ITRAX_16246,18.4,18.4,18.4,0.05,194.38,1206.87,573.73,604.64,0.0276,6.45,1,TRUE,21100,53222,1.41,40,8,7,36,24,16,19,123,166,22,26,0,3456,65,189,163,0,0,7,1310,0,0,0,935,0,0,0,0,44,0,53,40077,5782,37,45859,6.931338637,0.144272276,3.62,4.39,121.41
Marion Island,PB1,PB1_1A,ACE_ITRAX_16247,18.5,18.5,18.5,0.05,195.01,1213.13,577.47,608.26,0.0276,6.43,1,TRUE,21189,53895,1.26,46,20,18,18,25,25,0,123,129,4,0,35,4330,96,206,66,0,0,0,1290,69,13,0,878,0,0,0,0,46,69,0,39866,5836,0,45702,6.831048663,0.146390408,3.62,3.45,95.17
Marion Island,PB1,PB1_1A,ACE_ITRAX_16248,18.6,18.6,18.6,0.05,196.93,1221.27,581.7,611.89,0.0275,6.41,1,TRUE,21752,55335,1.51,21,42,19,22,6,9,16,71,73,6,0,21,4075,10,232,139,0,0,0,1508,94,5,28,1083,6,13,0,6,92,90,36,41199,5819,0,47018,7.080082488,0.141241292,3.63,5.03,138.57
Marion Island,PB1,PB1_1A,ACE_ITRAX_16249,18.7,18.7,18.7,0.05,197.99,1228.69,584.99,615.51,0.0276,6.4,1,TRUE,21902,53767,1.37,24,26,0,9,20,0,0,113,85,0,12,18,3973,37,179,153,0,0,36,1477,31,18,0,881,0,0,0,0,212,17,0,40124,5666,0,45790,7.081539005,0.141212242,3.62,4.24,117.13
Marion Island,PB1,PB1_1A,ACE_ITRAX_16250,18.8,18.8,18.8,0.05,198.8,1238.04,588.57,619.13,0.0276,6.41,1,TRUE,22235,56100,1.27,17,11,0,15,12,26,18,130,116,4,0,22,4642,47,135,120,0,0,38,1663,60,175,0,1040,0,0,0,0,114,37,0,40741,6213,0,46954,6.557379688,0.152499939,3.62,5.08,140.33
Marion Island,PB1,PB1_1A,ACE_ITRAX_16251,18.9,18.9,18.9,0.05,199.55,1248.24,592.55,622.76,0.0275,6.41,1,TRUE,21875,54640,1.18,16,30,26,33,17,18,22,150,138,0,14,42,3765,51,173,82,0,0,12,1671,20,84,0,947,0,0,0,0,0,0,50,40658,5942,128,46600,6.84247728,0.1461459,3.63,5.48,150.83
Marion Island,PB1,PB1_1A,ACE_ITRAX_16252,19,19,19,0.05,201.25,1251.96,595.24,626.38,0.0276,6.41,1,TRUE,21682,54367,1.21,9,26,0,17,22,18,27,145,151,0,15,35,3526,0,243,57,10,0,0,1504,41,90,0,1125,0,0,0,0,0,79,0,40531,5970,5,46501,6.789112228,0.147294663,3.62,2.71,74.86
Marion Island,PB1,PB1_1A,ACE_ITRAX_16253,19.1,19.1,19.1,0.05,202.88,1261.01,598.47,630,0.0276,6.42,1,TRUE,21666,53977,1.24,9,0,0,24,17,17,32,153,197,23,0,11,3952,62,147,26,0,24,170,1676,16,0,0,889,0,0,0,0,0,0,0,40013,5947,73,45960,6.728266353,0.148626696,3.62,5.34,147.51
Marion Island,PB1,PB1_1A,ACE_ITRAX_16254,19.2,19.2,19.2,0.05,203.29,1268.11,601.69,633.63,0.0275,6.42,1,TRUE,21785,54169,1.48,0,0,0,5,17,27,21,176,205,0,0,38,3749,0,172,91,0,0,0,1631,28,87,0,999,0,0,0,0,105,72,40,40556,5427,0,45983,7.473005344,0.133814972,3.63,3.75,103.44
Marion Island,PB1,PB1_1A,ACE_ITRAX_16255,19.3,19.3,19.3,0.05,204.19,1275.14,605.88,637.25,0.0276,6.42,1,TRUE,21687,54834,1.4,0,0,29,0,0,0,8,149,139,5,0,31,3553,0,222,105,0,0,50,1772,27,262,73,932,0,0,0,0,107,70,0,40614,6052,0,46666,6.710839392,0.149012656,3.62,3.97,109.53
Marion Island,PB1,PB1_1A,ACE_ITRAX_16256,19.4,19.4,19.4,0.05,206.66,1280.77,609.31,640.87,0.0276,6.41,1,TRUE,21492,54567,1.16,0,34,22,22,9,26,22,178,149,5,18,28,4119,166,272,133,0,0,61,1701,0,305,0,900,17,0,0,0,103,0,0,39846,5656,70,45502,7.044908062,0.141946494,3.62,4.05,111.88
Marion Island,PB1,PB1_1A,ACE_ITRAX_16257,19.5,19.5,19.5,0.05,207.5,1288.8,612.35,644.5,0.0275,6.42,1,TRUE,21150,52554,1.25,16,36,8,13,26,25,10,117,180,0,0,0,3830,43,185,29,0,0,0,1531,0,0,0,1028,0,7,0,0,68,6,0,38967,5755,69,44722,6.770981755,0.14768907,3.63,4.43,122.18
Marion Island,PB1,PB1_1A,ACE_ITRAX_16258,19.6,19.6,19.6,0.05,207.89,1298.36,615.83,648.12,0.0276,6.42,1,TRUE,21012,53166,1.27,0,0,0,8,0,15,16,131,153,19,0,10,4320,0,159,37,16,0,11,1481,0,134,0,879,0,0,0,0,0,24,0,39322,5718,61,45040,6.876880028,0.145414781,3.62,4.97,137.43
Marion Island,PB1,PB1_1A,ACE_ITRAX_16259,19.7,19.7,19.7,0.05,208.9,1300.62,618.29,651.74,0.0276,6.41,1,TRUE,20768,51456,1.36,0,11,0,8,24,19,18,85,109,0,6,0,2723,99,179,63,0,0,70,1431,142,57,0,1030,14,5,0,0,99,0,0,38898,5674,0,44572,6.855481142,0.145868682,3.62,1.64,45.17
Marion Island,PB1,PB1_1A,ACE_ITRAX_16260,19.8,19.8,19.8,0.05,210.48,1310.17,621.4,655.37,0.0275,6.41,1,TRUE,21850,58693,1.2,0,0,9,0,11,9,0,96,110,30,19,23,9111,116,189,219,0,0,97,1565,103,21,0,812,12,0,0,0,21,0,0,39442,5882,93,45324,6.705542333,0.149130369,3.63,5.57,153.31
Marion Island,PB1,PB1_1A,ACE_ITRAX_16261,19.9,19.9,19.9,0.05,212.09,1319.68,626.35,658.99,0.0276,6.43,1,TRUE,21419,55043,1.15,30,35,14,14,8,16,22,93,105,0,0,24,6221,94,201,133,42,0,0,1486,7,127,0,960,6,0,0,0,0,99,0,38809,5818,0,44627,6.670505328,0.14991368,3.62,5.56,153.59
Marion Island,PB1,PB1_1A,ACE_ITRAX_16262,20,20,20,0.05,213.69,1326.68,629.88,662.61,0.0276,6.45,1,TRUE,21184,58265,1.31,29,17,26,16,0,17,4,108,172,9,6,21,9770,105,164,130,19,0,0,1434,77,78,0,934,5,0,0,0,43,0,0,38567,5843,26,44410,6.600547664,0.15150258,3.62,4.3,118.78
Marion Island,PB1,PB1_1A,ACE_ITRAX_16263,20.1,20.1,20.1,0.05,216.94,1328.61,633.67,666.38,0.0265,6.47,1,TRUE,21255,57010,1.18,5,10,24,25,21,30,14,100,122,6,7,0,8114,103,215,127,0,0,0,1527,18,118,0,775,5,0,0,0,188,80,0,38730,5869,29,44599,6.599079911,0.151536277,3.77,2.59,68.7
Marion Island,PB1,PB1_1A,ACE_ITRAX_16264,20.2,20.2,20.2,0.05,220.78,1329.8,637.72,670.15,0.0265,6.47,1,TRUE,21701,53334,1.25,0,0,0,35,0,14,6,160,163,0,0,28,4216,0,183,107,17,0,67,1348,88,92,0,828,0,0,0,0,91,0,0,39229,5979,42,45208,6.561130624,0.152412756,3.77,2.52,66.71
Marion Island,PB1,PB1_1A,ACE_ITRAX_16265,20.3,20.3,20.3,0.05,224.67,1330.99,641.86,673.93,0.0265,6.47,1,TRUE,20897,52503,1.31,0,23,22,43,5,10,29,160,166,0,16,20,3772,0,213,136,11,0,0,1269,0,37,0,1012,0,0,0,0,131,34,0,38842,5873,0,44715,6.613655713,0.151202307,3.78,2.54,67.2
Marion Island,PB1,PB1_1A,ACE_ITRAX_16266,20.4,20.4,20.4,0.05,228.72,1335.16,645.13,677.7,0.0265,6.47,1,TRUE,21302,57540,1.28,0,6,0,6,21,0,0,141,185,0,58,8,8998,16,184,92,0,0,6,1620,0,50,0,882,0,0,0,0,83,139,0,38538,5860,0,44398,6.576450512,0.152057709,3.77,4.11,109.02
Marion Island,PB1,PB1_1A,ACE_ITRAX_16267,20.5,20.5,20.5,0.05,231.04,1337.38,648.82,681.47,0.0265,6.48,1,TRUE,21212,52844,1.21,49,41,15,9,23,15,33,159,146,4,24,14,4048,25,181,76,0,0,22,1447,0,219,0,846,0,0,0,0,0,0,0,39041,5775,40,44816,6.76034632,0.147921416,3.77,2.27,60.21
Marion Island,PB1,PB1_1A,ACE_ITRAX_16268,20.6,20.6,20.6,0.05,233.19,1340.94,652.94,685.24,0.0265,6.49,1,TRUE,21626,56805,1.29,0,11,10,9,5,9,19,96,106,20,31,52,7668,69,192,126,0,0,0,1503,0,221,0,768,0,0,0,8,0,38,0,39359,5883,56,45242,6.690294068,0.149470261,3.77,2.85,75.73
Marion Island,PB1,PB1_1A,ACE_ITRAX_16269,20.7,20.7,20.7,0.05,235.08,1344.12,656.31,689.01,0.0265,6.5,1,TRUE,21948,57067,1.31,6,18,11,20,17,17,27,140,140,22,22,26,7704,39,204,122,0,61,19,1500,0,165,0,839,0,8,0,0,0,0,0,39373,5874,32,45247,6.702928158,0.14918853,3.77,2.53,67.24
Marion Island,PB1,PB1_1A,ACE_ITRAX_16270,20.8,20.8,20.8,0.05,238.4,1345.08,660.67,692.78,0.0265,6.52,1,TRUE,21830,57585,1.23,5,23,0,0,21,48,0,100,172,10,22,40,7590,64,179,136,0,61,66,1589,0,364,0,920,5,0,0,0,0,0,0,39420,6055,186,45475,6.510322048,0.153602232,3.77,2.14,56.76
Marion Island,PB1,PB1_1A,ACE_ITRAX_16271,20.9,20.9,20.9,0.05,242.35,1346.2,664.83,696.55,0.0265,6.54,1,TRUE,21131,53263,1.22,11,22,0,13,9,0,0,69,107,0,0,8,4826,108,194,92,30,0,0,1402,28,48,0,754,5,0,0,0,58,82,0,38977,5774,0,44751,6.750432975,0.148138646,3.77,2.54,67.24
Marion Island,PB1,PB1_1A,ACE_ITRAX_16272,21,21,21,0.05,244.82,1347.99,669.82,700.32,0.0265,6.56,1,TRUE,20990,53310,1.23,0,4,8,0,10,12,20,55,131,0,13,41,5730,132,147,88,0,0,0,1580,0,116,0,736,0,5,0,0,18,28,0,37778,5919,84,43697,6.382497043,0.15667849,3.77,2.13,56.5
Marion Island,PB1,PB1_1A,ACE_ITRAX_16273,21.1,21.1,21.1,0.05,248.79,1350.07,673.66,704.09,0.0265,6.58,1,TRUE,20927,52647,1.25,0,17,0,24,20,0,13,81,116,13,10,26,3817,188,190,87,11,0,11,1538,57,128,0,873,6,0,0,0,52,0,0,38914,5828,169,44742,6.677076184,0.149766151,3.77,3.02,80.24
Marion Island,PB1,PB1_1A,ACE_ITRAX_16274,21.2,21.2,21.2,0.05,251.84,1352.15,677.45,707.86,0.0265,6.59,1,TRUE,21071,50688,1.24,0,13,0,8,12,6,9,59,98,0,10,43,2355,49,171,57,0,0,0,1316,53,56,0,878,0,0,0,0,78,66,0,38924,5710,55,44634,6.816812609,0.146696126,3.77,2.57,68.04
Marion Island,PB1,PB1_1A,ACE_ITRAX_16275,21.3,21.3,21.3,0.05,253.41,1354.03,682.4,711.63,0.0265,6.6,1,TRUE,21166,51526,1.26,5,31,11,11,17,19,0,49,113,0,0,30,2442,42,221,142,0,0,60,1349,11,212,0,773,0,0,0,0,58,50,37,39307,5816,74,45123,6.758425034,0.147963467,3.77,1.72,45.76
Marion Island,PB1,PB1_1A,ACE_ITRAX_16276,21.4,21.4,21.4,0.05,256.79,1355.95,685.59,715.4,0.0265,6.61,1,TRUE,20952,52073,1.19,0,23,0,5,0,29,6,137,149,0,24,9,3099,73,193,106,0,13,75,1402,26,40,0,1010,0,0,0,0,0,0,0,39057,5905,123,44962,6.614225233,0.151189287,3.77,2.65,70.29
Marion Island,PB1,PB1_1A,ACE_ITRAX_16277,21.5,21.5,21.5,0.05,259.68,1358.53,689.5,719.17,0.0265,6.62,1,TRUE,20795,50787,1.33,0,6,12,15,19,27,16,89,79,0,17,19,2005,106,190,110,0,0,55,1189,4,78,0,715,7,0,0,9,175,120,0,39395,5655,69,45050,6.966401415,0.143546135,3.77,2.73,72.55
Marion Island,PB1,PB1_1A,ACE_ITRAX_16278,21.6,21.6,21.6,0.05,260.96,1362.55,693.83,722.94,0.0265,6.63,1,TRUE,21023,52143,1.14,0,51,17,15,20,19,15,121,131,0,0,41,2845,31,208,64,0,0,40,1267,0,149,0,999,0,0,0,0,6,71,112,39362,5807,116,45169,6.778370932,0.147528073,3.77,2.65,70.29
Marion Island,PB1,PB1_1A,ACE_ITRAX_16279,21.7,21.7,21.7,0.05,263.02,1368.89,697.67,726.71,0.0265,6.64,1,TRUE,20797,50745,1.39,0,11,0,25,5,16,20,160,171,0,0,64,1606,49,229,44,0,0,96,1260,0,205,0,983,0,0,0,0,0,0,0,39149,5914,181,45063,6.619715928,0.151063884,3.77,4.2,111.41
Marion Island,PB1,PB1_1A,ACE_ITRAX_16280,21.8,21.8,21.8,0.05,263.23,1376.38,701.53,730.48,0.0265,6.65,1,TRUE,20687,51144,1.36,0,41,13,24,14,10,14,125,171,23,14,16,1714,44,189,82,0,0,108,1337,103,229,0,962,0,0,0,0,181,144,0,38901,6034,0,44935,6.446967186,0.155111694,3.77,3.85,102.12
Marion Island,PB1,PB1_1A,ACE_ITRAX_16281,21.9,21.9,21.9,0.05,265.76,1383.4,705.25,734.25,0.0265,6.66,1,TRUE,21001,50929,1.34,10,12,0,0,7,8,0,137,208,0,0,9,1957,103,197,153,0,0,59,1321,44,109,0,956,0,0,0,0,96,73,0,39199,5625,0,44824,6.968711111,0.143498559,3.77,4.77,126.66
Marion Island,PB1,PB1_1A,ACE_ITRAX_16282,22,22,22,0.05,269.13,1391.25,709.29,738.02,0.0265,6.68,1,TRUE,20667,50122,1.21,0,10,0,16,15,0,4,112,195,0,11,32,1988,51,232,171,70,0,64,1462,0,148,0,931,0,0,0,0,0,0,0,38387,5572,42,43959,6.889267767,0.145153307,3.77,5.61,148.81
Marion Island,PB1,PB1_1A,ACE_ITRAX_16283,22.1,22.1,22.1,0.05,273.73,1394.2,713.03,741.79,0.0265,6.69,1,TRUE,20564,51390,1.26,15,29,18,10,12,14,11,120,186,0,11,52,3103,65,190,117,0,0,67,1497,114,187,0,751,0,0,0,6,117,0,0,38322,5624,93,43946,6.81401138,0.146756432,3.77,3.78,100.13
Marion Island,PB1,PB1_1A,ACE_ITRAX_16284,22.2,22.2,22.2,0.05,276.99,1401.27,717.32,745.56,0.0265,6.7,1,TRUE,20489,48866,1.23,0,29,0,12,15,18,15,82,185,0,0,13,1721,93,208,161,0,0,0,1180,0,9,0,1002,0,0,0,0,105,28,10,37975,5332,71,43307,7.122093023,0.140408163,3.77,5.16,137
Marion Island,PB1,PB1_1A,ACE_ITRAX_16285,22.3,22.3,22.3,0.05,279.09,1405.82,721.58,749.33,0.0265,6.71,1,TRUE,20417,49362,1.3,0,0,0,17,18,0,12,99,142,12,0,15,1590,69,167,66,0,0,124,1208,0,168,0,817,0,0,0,0,151,126,99,38356,5364,10,43720,7.150633855,0.139847742,3.77,3.32,88.2
Marion Island,PB1,PB1_1A,ACE_ITRAX_16286,22.4,22.4,22.4,0.05,281.06,1408.27,725.46,753.1,0.0265,6.72,1,TRUE,20095,48416,1.31,0,0,0,12,0,0,17,78,138,13,0,8,1185,48,168,89,0,0,0,1231,21,124,0,760,0,0,0,0,87,101,35,38093,5435,97,43528,7.008831647,0.142677132,3.77,2.21,58.62
Marion Island,PB1,PB1_1A,ACE_ITRAX_16287,22.5,22.5,22.5,0.05,282.07,1411.9,729.38,756.87,0.0265,6.73,1,TRUE,20240,48491,1.36,0,0,23,0,16,0,13,83,105,0,34,17,1139,55,190,24,0,0,59,1190,0,211,0,937,0,0,0,9,0,0,0,37935,5715,57,43650,6.637795276,0.150652432,3.77,2.32,61.54
Marion Island,PB1,PB1_1A,ACE_ITRAX_16288,22.6,22.6,22.6,0.05,283.34,1414.38,734.09,760.64,0.0265,6.74,1,TRUE,20318,49235,1.32,0,43,0,0,0,9,4,67,97,4,10,34,1016,155,184,100,0,0,0,1328,0,173,0,842,5,0,0,10,27,0,0,38449,5970,18,44419,6.440368509,0.155270618,3.77,1.88,49.73
Marion Island,PB1,PB1_1A,ACE_ITRAX_16289,22.7,22.7,22.7,0.05,284.61,1416.8,739.08,764.41,0.0265,6.75,1,TRUE,20631,50299,1.62,0,0,0,13,0,13,24,127,166,0,36,27,1996,86,192,0,0,0,17,1358,0,317,0,783,6,0,0,0,218,47,0,38601,5629,51,44230,6.857523539,0.145825238,3.77,1.84,48.94
Marion Island,PB1,PB1_1A,ACE_ITRAX_16290,22.8,22.8,22.8,0.05,287.02,1419.19,741.96,768.18,0.0265,6.76,1,TRUE,20247,49717,1.33,9,36,0,8,0,22,11,102,170,15,14,31,1283,82,199,136,34,141,4,1291,115,140,0,848,5,0,5,0,0,0,0,38818,5583,98,44401,6.95289271,0.14382503,3.77,2.4,63.66
Marion Island,PB1,PB1_1A,ACE_ITRAX_16291,22.9,22.9,22.9,0.05,288.1,1422.76,744.97,771.95,0.0265,6.78,1,TRUE,20226,49475,1.25,0,21,0,39,17,31,0,86,145,5,30,0,1193,34,196,133,0,0,0,1189,0,219,0,869,0,0,0,0,39,98,0,38705,5779,46,44484,6.697525523,0.149308875,3.77,2.32,61.67
Marion Island,PB1,PB1_1A,ACE_ITRAX_16292,23,23,23,0.05,290.55,1429.44,749.61,775.72,0.0265,6.79,1,TRUE,20502,50197,1.19,30,32,28,18,21,31,29,111,137,4,24,21,1119,44,200,128,6,0,110,1126,0,59,0,831,6,0,0,0,54,238,0,39378,5775,150,45153,6.818701299,0.146655493,3.77,4.57,121.09
Marion Island,PB1,PB1_1A,ACE_ITRAX_16293,23.1,23.1,23.1,0.05,293.8,1433.65,753.77,779.49,0.0265,6.79,1,TRUE,20663,50274,1.24,0,10,7,17,20,20,20,120,173,0,8,14,1452,22,258,86,0,0,61,1411,0,48,0,757,0,0,0,0,13,107,63,39032,5852,31,44884,6.669856459,0.149928264,3.77,3.73,98.94
Marion Island,PB1,PB1_1A,ACE_ITRAX_16294,23.2,23.2,23.2,0.05,295.09,1438.74,756.73,783.26,0.0265,6.8,1,TRUE,20735,50451,1.32,16,21,0,28,18,24,17,150,154,9,20,38,1399,0,164,77,0,0,0,1417,47,85,0,729,0,0,6,0,23,65,0,39381,5877,57,45258,6.70086779,0.149234402,3.77,3.19,84.62
Marion Island,PB1,PB1_1A,ACE_ITRAX_16295,23.3,23.3,23.3,0.05,296.35,1447.83,759.83,787.03,0.0265,6.82,1,TRUE,20541,51332,1.31,0,10,0,0,15,9,12,111,150,7,6,36,1713,61,178,120,28,0,0,1416,0,371,0,805,0,0,0,0,99,173,155,39318,5784,23,45102,6.797717842,0.147108195,3.77,5.17,137.27
Marion Island,PB1,PB1_1A,ACE_ITRAX_16296,23.4,23.4,23.4,0.05,298.62,1450.75,762.97,790.8,0.0265,6.83,1,TRUE,20774,51844,1.23,24,7,20,14,17,28,16,126,115,7,21,0,3756,44,167,37,0,0,42,1394,11,96,0,681,0,0,0,4,94,128,23,38537,5695,69,44232,6.766812994,0.147780056,3.77,2.6,68.83
Marion Island,PB1,PB1_1A,ACE_ITRAX_16297,23.5,23.5,23.5,0.05,300.44,1458.1,767.12,794.57,0.0265,6.84,1,TRUE,21105,55509,1.29,21,69,7,21,29,25,11,88,117,0,8,41,6432,169,198,164,0,0,0,1303,0,62,0,881,6,0,0,0,166,21,61,39006,5878,30,44884,6.635930589,0.150694765,3.77,4.58,121.62
Marion Island,PB1,PB1_1A,ACE_ITRAX_16298,23.6,23.6,23.6,0.05,302.44,1460.25,770.28,798.34,0.0265,6.84,1,TRUE,21057,55557,1.23,9,20,0,8,8,6,15,105,97,0,29,25,7030,39,172,73,45,0,65,1089,15,114,0,1015,0,0,0,0,35,8,0,39047,5767,101,44814,6.770764696,0.147693805,3.77,2.08,55.04
Marion Island,PB1,PB1_1A,ACE_ITRAX_16299,23.7,23.7,23.7,0.05,304.34,1462.49,773.74,802.11,0.0265,6.85,1,TRUE,21730,57975,1.29,0,17,0,6,14,17,14,95,106,0,8,10,8619,125,255,62,61,0,134,1389,21,196,0,896,0,5,0,0,0,0,0,39353,5871,169,45224,6.702946687,0.149188118,3.77,2.07,54.91
Marion Island,PB1,PB1_1A,ACE_ITRAX_16300,23.8,23.8,23.8,0.05,306.15,1468.55,777.42,805.88,0.0265,6.86,1,TRUE,21940,58532,1.37,0,9,5,0,4,7,0,115,100,22,14,0,9049,0,207,152,19,0,17,1256,108,211,0,978,0,0,0,0,60,43,0,39771,5662,0,45433,7.024196397,0.14236504,3.77,3.93,104.38
Marion Island,PB1,PB1_1A,ACE_ITRAX_16301,23.9,23.9,23.9,0.05,306.98,1471.41,780.3,809.65,0.0265,6.86,1,TRUE,21750,53767,1.17,0,28,18,27,21,9,0,112,95,18,0,36,3867,102,232,140,0,0,8,1200,19,138,0,793,0,0,0,0,77,0,0,40174,6023,97,46197,6.670097958,0.149922836,3.77,1.85,48.94
Marion Island,PB1,PB1_1A,ACE_ITRAX_16302,24,24,24,0.05,308.64,1478.26,783.31,813.42,0.0265,6.87,1,TRUE,21382,51303,1.26,0,30,0,7,21,12,0,107,86,0,8,34,1363,63,176,100,0,0,86,1078,59,100,0,1048,0,0,0,0,28,5,0,40297,5884,55,46181,6.8485724,0.146015832,3.77,4.25,112.86
Marion Island,PB1,PB1_1A,ACE_ITRAX_16303,24.1,24.1,24.1,0.05,309.06,1482.13,786.93,817.19,0.0265,6.87,1,TRUE,21594,51855,1.19,0,12,0,6,0,28,0,99,58,6,43,10,1533,34,189,124,0,0,40,1283,26,278,6,1002,0,0,0,0,93,70,119,40505,5588,0,46093,7.248568361,0.137958277,3.77,2.15,56.9
Marion Island,PB1,PB1_1A,ACE_ITRAX_16304,24.2,24.2,24.2,0.05,310.2,1486.06,790.49,820.96,0.0265,6.88,1,TRUE,22059,53832,1.25,33,38,0,8,18,21,13,101,101,8,8,31,2787,30,195,130,0,0,11,1478,0,140,0,992,0,0,0,0,10,28,0,40935,5940,68,46875,6.891414141,0.145108098,3.77,2.53,67.24
Marion Island,PB1,PB1_1A,ACE_ITRAX_16305,24.3,24.3,24.3,0.05,310.56,1494.45,795.75,824.73,0.0265,6.88,1,TRUE,21744,52102,1.39,0,0,0,17,19,18,11,79,109,0,11,0,1965,39,196,176,0,0,0,1235,63,0,0,880,0,0,0,0,190,12,0,40376,6031,44,46407,6.694743824,0.149370913,3.77,4.38,116.05
Marion Island,PB1,PB1_1A,ACE_ITRAX_16306,24.4,24.4,24.4,0.05,311.04,1503.91,799.75,828.5,0.0265,6.9,1,TRUE,21130,51177,1.56,0,20,0,15,15,16,6,90,119,0,0,21,1406,0,132,112,0,0,50,1408,0,149,0,1014,0,0,0,0,211,175,155,39428,5908,0,45336,6.67366283,0.149842751,3.77,4.97,131.83
Marion Island,PB1,PB1_1A,ACE_ITRAX_16307,24.5,24.5,24.5,0.05,311.84,1506.33,804.17,832.27,0.0265,6.9,1,TRUE,21440,52464,1.36,20,0,0,15,20,24,7,122,115,27,8,12,3781,17,203,28,0,0,13,1336,0,50,0,1119,5,0,0,0,31,0,0,39157,5727,41,44884,6.837262092,0.146257374,3.77,1.61,42.71
Marion Island,PB1,PB1_1A,ACE_ITRAX_16308,24.6,24.6,24.6,0.05,313.83,1517.68,807.56,836.05,0.0265,6.9,1,TRUE,22175,60965,1.51,0,0,0,0,0,7,15,107,141,12,19,0,13321,34,179,66,0,0,0,1257,0,112,0,889,0,0,0,0,19,63,47,38321,5606,0,43927,6.835711737,0.146290546,3.78,6.67,176.46
Marion Island,PB1,PB1_1A,ACE_ITRAX_16309,24.7,24.7,24.7,0.05,315.99,1521.84,810.98,839.82,0.0265,6.91,1,TRUE,21134,50533,1.38,52,52,27,12,16,11,19,85,98,0,38,14,1871,119,233,97,0,17,0,1338,0,91,0,834,0,0,0,0,0,0,0,39128,5712,0,44840,6.850140056,0.145982417,3.77,3.16,83.82
Marion Island,PB1,PB1_1A,ACE_ITRAX_16310,24.8,24.8,24.8,0.05,316.57,1528.5,815.03,843.59,0.0265,6.91,1,TRUE,20916,50240,1.33,0,0,0,0,5,10,0,110,94,0,6,25,1562,48,213,65,0,0,94,1369,22,218,25,987,0,0,0,0,0,0,0,38907,5791,101,44698,6.718528752,0.148842111,3.77,3.62,96.02
Marion Island,PB1,PB1_1A,ACE_ITRAX_16311,24.9,24.9,24.9,0.05,317.15,1536.84,818.45,847.36,0.0265,6.91,1,TRUE,21065,51066,1.46,33,13,25,27,0,12,8,86,132,14,10,44,1952,44,199,106,0,0,0,1186,145,269,0,975,0,0,0,0,5,51,0,38905,6064,93,44969,6.41573219,0.155866855,3.77,4.46,118.3
Marion Island,PB1,PB1_1A,ACE_ITRAX_16312,25,25,25,0.05,317.73,1546.37,822.18,851.13,0.0265,6.91,1,TRUE,21630,52456,1.23,0,0,0,7,15,0,11,131,141,0,18,59,1747,76,184,45,0,0,50,1293,0,296,0,906,0,0,0,0,54,15,101,40657,5963,125,46620,6.818212309,0.146666011,3.77,5.06,134.08
Marion Island,PB1,PB1_1A,ACE_ITRAX_16313,25.1,25.1,25.1,0.05,321.62,1550.12,825.72,854.79,0.0273,6.92,1,TRUE,21643,52750,1.24,0,27,0,23,26,21,0,105,126,0,0,53,1948,87,225,89,0,0,45,1337,0,65,0,945,10,0,0,0,31,44,0,40642,6001,61,46643,6.77253791,0.147655135,3.66,3.82,104.37
Marion Island,PB1,PB1_1A,ACE_ITRAX_16314,25.2,25.2,25.2,0.05,325.52,1552.35,828.84,858.45,0.0273,6.92,1,TRUE,22102,53406,1.38,0,11,0,0,0,9,10,138,135,0,0,24,2241,0,184,113,0,0,68,1425,0,74,0,871,0,0,0,0,179,0,0,41334,5871,0,47205,7.04036791,0.142038032,3.66,3.07,83.74
Marion Island,PB1,PB1_1A,ACE_ITRAX_16315,25.3,25.3,25.3,0.05,330.08,1556.29,831.81,862.12,0.0272,6.92,1,TRUE,22371,55219,1.53,11,42,0,23,6,40,18,154,189,5,30,27,2212,81,209,179,0,0,80,1579,0,253,0,984,0,0,0,8,154,0,0,41721,6395,84,48116,6.524003127,0.153280123,3.67,4.25,115.8
Marion Island,PB1,PB1_1A,ACE_ITRAX_16316,25.4,25.4,25.4,0.05,334.19,1561.11,835.66,865.78,0.0273,6.91,1,TRUE,22362,54260,1.27,13,23,0,0,0,8,17,143,193,6,0,26,1713,49,197,111,0,0,0,1482,0,211,0,1069,0,0,0,0,49,91,27,42027,6027,0,48054,6.973120956,0.143407809,3.66,4.46,121.99
Marion Island,PB1,PB1_1A,ACE_ITRAX_16317,25.5,25.5,25.5,0.05,339.42,1563.01,839.07,869.45,0.0272,6.92,1,TRUE,22325,53277,1.38,0,45,22,20,11,15,10,131,145,0,33,14,1240,0,259,110,38,0,0,1443,0,279,0,799,9,0,0,0,0,55,90,41826,5937,23,47763,7.044972208,0.141945202,3.67,3.57,97.14
Marion Island,PB1,PB1_1A,ACE_ITRAX_16318,25.6,25.6,25.6,0.05,348.84,1564.4,843.45,873.11,0.0273,6.92,1,TRUE,22562,52948,1.31,0,16,0,12,16,7,21,159,118,0,12,46,811,28,268,70,0,0,57,1472,0,0,0,780,0,0,0,0,0,154,0,42048,6044,0,48092,6.956982131,0.143740487,3.66,5.41,147.68
Marion Island,PB1,PB1_1A,ACE_ITRAX_16319,25.7,25.7,25.7,0.05,351.46,1566.38,846.12,876.78,0.0272,6.91,1,TRUE,22610,54352,1.24,0,14,5,24,19,24,14,140,168,0,21,23,1319,0,189,94,0,0,79,1387,0,81,0,1012,0,0,0,0,171,0,0,42564,6262,0,48826,6.797189396,0.147119632,3.67,2.3,62.67
Marion Island,PB1,PB1_1A,ACE_ITRAX_16320,25.8,25.8,25.8,0.05,360.97,1568,849.21,880.44,0.0273,6.91,1,TRUE,22547,54110,1.49,5,0,0,0,16,0,0,136,167,15,0,24,850,104,252,184,0,0,46,1435,58,227,0,953,0,0,0,0,186,156,24,42515,5974,0,48489,7.116672246,0.140515112,3.66,5.56,152.05
Marion Island,PB1,PB1_1A,ACE_ITRAX_16321,25.9,25.9,25.9,0.05,366.12,1574.26,854.01,884.1,0.0273,6.92,1,TRUE,22565,53891,1.34,0,0,0,11,33,29,0,133,123,27,28,49,1110,47,165,68,0,0,39,1370,0,105,0,1071,15,0,0,0,154,0,121,42121,6140,145,48261,6.86009772,0.145770518,3.66,5.7,155.87
Marion Island,PB1,PB1_1A,ACE_ITRAX_16322,26,26,26,0.05,368.22,1574.87,856.98,887.77,0.0272,6.92,1,TRUE,22606,54114,1.41,0,18,0,10,15,18,20,97,105,0,25,0,894,27,237,167,0,0,14,1550,0,210,0,1062,0,0,0,0,90,196,0,42458,6202,0,48660,6.845856175,0.146073767,3.67,1.35,36.92
Marion Island,PB1,PB1_1A,ACE_ITRAX_16323,26.1,26.1,26.1,0.05,369.68,1577.89,859.52,891.43,0.0273,6.92,1,TRUE,22511,53238,1.24,25,34,32,18,25,25,0,93,103,0,16,4,1020,64,238,136,17,0,149,1282,0,130,0,884,5,0,0,7,59,0,14,41928,6170,0,48098,6.795461912,0.147157031,3.66,2.24,61.2
Marion Island,PB1,PB1_1A,ACE_ITRAX_16324,26.2,26.2,26.2,0.05,370.72,1580.7,862.97,895.1,0.0272,6.92,1,TRUE,22420,54358,1.31,8,7,0,0,34,29,7,136,155,0,29,17,1731,62,225,130,0,0,0,1295,0,210,0,997,0,0,0,0,63,99,0,42395,5910,21,48305,7.173434856,0.139403232,3.67,1.92,52.45
Marion Island,PB1,PB1_1A,ACE_ITRAX_16325,26.3,26.3,26.3,0.05,373.33,1583.28,866.42,898.76,0.0273,6.92,1,TRUE,22276,54236,1.39,0,0,7,0,16,0,19,137,83,21,27,10,2398,0,303,80,0,0,103,1296,110,69,0,960,0,6,0,0,162,60,5,41768,5862,0,47630,7.125213238,0.140346677,3.66,2.59,70.9
Marion Island,PB1,PB1_1A,ACE_ITRAX_16326,26.4,26.4,26.4,0.05,376.17,1587.16,870.19,902.43,0.0272,6.92,1,TRUE,22198,53452,1.22,0,0,0,11,11,0,0,128,107,0,17,50,2279,19,194,175,0,0,47,1153,42,157,0,898,6,0,0,0,51,40,0,41536,5876,160,47412,7.068754255,0.141467643,3.67,3.36,91.55
Marion Island,PB1,PB1_1A,ACE_ITRAX_16327,26.5,26.5,26.5,0.05,380.45,1589.98,873.28,906.09,0.0273,6.92,1,TRUE,22317,53222,1.25,0,0,0,6,0,19,11,84,95,0,5,38,2107,77,194,33,0,0,54,1289,23,58,0,1081,0,0,0,0,87,0,0,41348,5828,137,47176,7.094715168,0.140949985,3.66,3.55,96.99
Marion Island,PB1,PB1_1A,ACE_ITRAX_16328,26.6,26.6,26.6,0.05,387.16,1592.55,876.9,909.75,0.0273,6.92,1,TRUE,22425,53710,1.26,62,46,8,10,4,20,10,124,111,8,24,27,1657,41,238,35,0,0,22,1411,0,165,0,917,0,0,0,0,65,0,114,41791,6047,25,47838,6.911030263,0.144696226,3.66,4.64,126.78
Marion Island,PB1,PB1_1A,ACE_ITRAX_16329,26.7,26.7,26.7,0.05,388.35,1595.16,881.56,913.42,0.0272,6.92,1,TRUE,22495,53815,1.37,0,18,0,0,30,11,13,143,153,0,7,35,1935,121,223,102,0,0,104,1486,0,217,0,946,0,0,0,0,72,45,0,41336,6005,0,47341,6.883597002,0.145272886,3.67,1.9,51.77
Marion Island,PB1,PB1_1A,ACE_ITRAX_16330,26.8,26.8,26.8,0.05,392.27,1598.08,884.99,917.08,0.0273,6.92,1,TRUE,22395,53458,1.38,0,0,0,7,4,6,0,125,115,20,26,14,1247,62,260,76,0,0,14,1432,0,211,0,845,0,0,0,0,168,48,0,42034,5936,0,47970,7.081199461,0.141219013,3.66,3.42,93.44
Marion Island,PB1,PB1_1A,ACE_ITRAX_16331,26.9,26.9,26.9,0.05,393.37,1604.6,888.22,920.75,0.0272,6.92,1,TRUE,22535,53648,1.48,0,11,6,17,20,16,22,136,116,12,5,17,1917,26,155,145,0,122,162,1505,0,90,0,962,0,0,0,0,0,82,0,41292,6058,56,47350,6.816110928,0.146711227,3.67,3.81,103.81
Marion Island,PB1,PB1_1A,ACE_ITRAX_16332,27,27,27,0.05,395.59,1609.54,892.73,924.41,0.0273,6.93,1,TRUE,22325,52903,1.32,0,18,15,16,21,0,11,122,136,7,0,51,984,36,193,129,0,82,17,1414,56,133,0,869,0,0,0,0,0,13,0,41715,6147,114,47862,6.786237189,0.147357066,3.66,3.58,97.81
Marion Island,PB1,PB1_1A,ACE_ITRAX_16333,27.1,27.1,27.1,0.05,402.5,1614.93,896.57,928.07,0.0273,6.94,1,TRUE,22307,53261,1.55,0,0,12,18,29,28,14,152,109,0,36,0,955,49,209,38,0,0,47,1503,0,164,0,998,11,12,0,0,57,249,0,41944,5876,11,47820,7.138189244,0.140091551,3.66,6.15,168.03
Marion Island,PB1,PB1_1A,ACE_ITRAX_16334,27.2,27.2,27.2,0.05,405.73,1616.47,901.11,931.74,0.0272,6.94,1,TRUE,22568,53544,1.35,0,0,20,6,22,21,14,104,114,0,45,20,1683,58,229,80,0,0,62,1311,0,64,0,988,8,10,0,0,77,40,0,41606,6155,0,47761,6.759707555,0.147935394,3.67,2.38,64.99
Marion Island,PB1,PB1_1A,ACE_ITRAX_16335,27.3,27.3,27.3,0.05,408.6,1620.58,904.21,935.4,0.0273,6.93,1,TRUE,22048,53187,1.31,46,38,6,6,9,0,17,101,103,0,18,9,1055,50,194,41,0,0,21,1320,23,152,0,1029,0,0,0,0,96,151,19,41794,6092,0,47886,6.860472751,0.14576255,3.66,3.49,95.36
Marion Island,PB1,PB1_1A,ACE_ITRAX_16336,27.4,27.4,27.4,0.05,411.73,1623.85,907.56,939.07,0.0272,6.94,1,TRUE,22408,53211,1.49,10,16,32,12,5,8,13,99,137,0,15,0,1058,31,202,97,0,0,142,1627,0,101,0,1062,0,0,0,0,90,85,0,41608,6020,0,47628,6.911627907,0.144683715,3.67,3.2,87.19
Marion Island,PB1,PB1_1A,ACE_ITRAX_16337,27.5,27.5,27.5,0.05,413.81,1629.4,911.68,942.73,0.0273,6.93,1,TRUE,22787,55458,1.21,0,30,10,27,10,21,7,132,124,20,21,31,1692,50,200,66,0,0,28,1508,150,238,0,968,0,0,0,0,119,201,0,42791,6273,0,49064,6.821457038,0.146596247,3.66,3.82,104.23
Marion Island,PB1,PB1_1A,ACE_ITRAX_16338,27.6,27.6,27.6,0.05,417.04,1631.83,914.91,946.4,0.0272,6.92,1,TRUE,22732,56015,1.33,0,6,0,14,17,0,14,131,167,0,23,28,2502,24,231,147,0,0,34,1460,7,257,0,1073,0,0,0,0,110,82,0,42585,6286,0,48871,6.774578428,0.147610661,3.67,2.83,77.11
Marion Island,PB1,PB1_1A,ACE_ITRAX_16339,27.7,27.7,27.7,0.05,418.99,1635.09,918.31,950.06,0.0273,6.93,1,TRUE,22571,54348,1.31,18,24,0,0,24,31,0,120,131,0,0,43,1941,0,270,137,13,0,0,1436,0,13,0,906,0,0,0,0,90,74,25,42143,6106,0,48249,6.901899771,0.144887644,3.66,2.6,71.17
Marion Island,PB1,PB1_1A,ACE_ITRAX_16340,27.8,27.8,27.8,0.05,419.96,1639.19,922.56,953.72,0.0273,6.93,1,TRUE,22310,53903,1.33,0,10,7,0,24,17,8,112,136,0,11,28,1908,45,212,102,0,0,98,1460,42,358,0,920,0,11,0,0,85,68,0,41406,6114,11,47520,6.77232581,0.147659759,3.66,2.54,69.26
Marion Island,PB1,PB1_1A,ACE_ITRAX_16341,27.9,27.9,27.9,0.05,422.37,1642.43,925.99,957.39,0.0272,6.92,1,TRUE,22069,52776,1.3,0,34,0,35,0,9,31,152,134,0,39,46,1225,50,249,163,0,0,55,1296,0,90,0,1054,0,0,0,0,37,0,0,41297,5900,98,47197,6.999491525,0.142867521,3.67,2.83,76.98
Marion Island,PB1,PB1_1A,ACE_ITRAX_16342,28,28,28,0.05,426.81,1645.65,928.71,961.05,0.0273,6.93,1,TRUE,21518,53880,1.51,0,0,0,0,9,0,18,184,252,13,9,91,4020,74,214,128,0,0,38,1253,53,220,0,968,0,0,0,0,15,0,0,39887,5764,53,45651,6.920020819,0.144508236,3.66,3.83,104.64
Marion Island,PB1,PB1_1A,ACE_ITRAX_16343,28.1,28.1,28.1,0.05,429.36,1653.33,932.02,964.72,0.0272,6.93,1,TRUE,22339,57359,1.33,6,27,0,19,0,8,6,254,264,0,29,52,5836,72,162,135,0,0,103,1267,140,339,0,1032,0,0,0,0,137,121,40,40594,6082,0,46676,6.674449194,0.149825097,3.67,5.11,139.37
Marion Island,PB1,PB1_1A,ACE_ITRAX_16344,28.2,28.2,28.2,0.05,432,1659.16,937.03,968.38,0.0273,6.92,1,TRUE,22586,54803,1.29,5,19,24,0,16,13,0,124,166,6,0,43,2433,0,244,94,0,0,0,1298,0,175,0,846,0,0,0,0,22,30,0,42254,6249,140,48503,6.761721876,0.147891324,3.66,4.24,115.71
Marion Island,PB1,PB1_1A,ACE_ITRAX_16345,28.3,28.3,28.3,0.05,437.87,1662.3,940.93,972.05,0.0272,6.92,1,TRUE,22465,55098,1.19,0,21,22,11,29,17,22,148,218,0,13,23,2668,61,282,45,0,0,0,1373,0,61,0,942,0,12,0,0,194,83,0,41884,6160,0,48044,6.799350649,0.147072868,3.67,4.5,122.75
Marion Island,PB1,PB1_1A,ACE_ITRAX_16346,28.4,28.4,28.4,0.05,440.48,1671.1,945.59,975.71,0.0273,6.93,1,TRUE,22552,55594,1.27,0,0,0,5,17,12,11,125,124,20,4,36,2982,81,157,114,0,0,0,1461,0,103,0,972,0,0,0,5,108,193,57,42068,6256,0,48324,6.724424552,0.14871161,3.66,5.7,155.87
Marion Island,PB1,PB1_1A,ACE_ITRAX_16347,28.5,28.5,28.5,0.05,441.31,1677.37,949.02,979.37,0.0273,6.93,1,TRUE,22448,55659,1.28,11,13,0,0,4,18,0,108,119,0,22,21,3354,60,229,120,4,0,72,1487,0,184,0,887,0,0,0,0,0,111,0,41777,6349,31,48126,6.580091353,0.151973574,3.66,3.55,96.99
Marion Island,PB1,PB1_1A,ACE_ITRAX_16348,28.6,28.6,28.6,0.05,444.01,1684.39,953.05,983.04,0.0272,6.92,1,TRUE,22474,54300,1.35,24,28,32,11,25,18,26,143,150,33,37,12,2191,57,260,99,0,0,61,1322,0,67,0,1127,0,0,0,0,30,31,0,41731,5936,11,47667,7.030154987,0.142244375,3.67,4.86,132.43
Marion Island,PB1,PB1_1A,ACE_ITRAX_16349,28.7,28.7,28.7,0.05,445.69,1688.67,956.69,986.7,0.0273,6.92,1,TRUE,22497,54401,1.36,0,0,9,9,19,0,7,130,185,0,20,27,1483,0,271,109,0,0,118,1370,64,106,0,979,16,0,0,0,91,39,0,42082,6493,109,48575,6.481133528,0.154293997,3.66,2.98,81.42
Marion Island,PB1,PB1_1A,ACE_ITRAX_16350,28.8,28.8,28.8,0.05,447.37,1691.03,960.87,990.37,0.0272,6.92,1,TRUE,22755,55005,1.25,20,58,0,7,7,0,18,139,133,0,0,26,2198,88,250,120,0,0,99,1315,69,280,0,892,0,0,0,0,0,0,0,42303,6105,110,48408,6.929238329,0.144316006,3.67,2.02,55.04
Marion Island,PB1,PB1_1A,ACE_ITRAX_16351,28.9,28.9,28.9,0.05,448.51,1692.13,965.17,994.03,0.0273,6.91,1,TRUE,23081,56226,1.25,0,0,5,13,22,9,0,152,152,7,27,24,3156,0,208,75,0,0,14,1252,0,59,0,964,0,0,0,0,114,70,0,42779,6283,35,49062,6.808690116,0.146871128,3.66,1.12,30.6
Marion Island,PB1,PB1_1A,ACE_ITRAX_16352,29,29,29,0.05,450,1698.04,968.47,997.7,0.0272,6.91,1,TRUE,22840,56360,1.32,0,0,0,10,0,0,15,112,94,12,25,32,2929,0,257,102,0,0,121,1034,83,264,53,1048,0,0,0,0,129,0,67,42885,6310,117,49195,6.796354992,0.147137694,3.67,3.7,100.82
Marion Island,PB1,PB1_1A,ACE_ITRAX_16353,29.1,29.1,29.1,0.05,451.49,1703.69,971.15,1001.36,0.0273,6.9,1,TRUE,22597,53715,1.29,0,17,0,31,16,22,16,89,134,18,0,24,1859,43,232,102,0,51,0,973,0,153,0,760,0,0,0,0,0,55,0,42108,6274,130,48382,6.71150781,0.148997815,3.66,3.57,97.54
Marion Island,PB1,PB1_1A,ACE_ITRAX_16354,29.2,29.2,29.2,0.05,453.01,1712.84,975.26,1005.02,0.0273,6.9,1,TRUE,22571,54830,1.3,0,17,0,0,0,0,0,115,92,0,9,30,2701,139,200,92,0,0,63,1076,10,313,6,798,0,0,0,0,132,65,42,41833,6282,110,48115,6.659184973,0.150168527,3.66,5.33,145.77
Marion Island,PB1,PB1_1A,ACE_ITRAX_16355,29.3,29.3,29.3,0.05,454.51,1715.97,977.99,1008.69,0.0272,6.89,1,TRUE,22684,54496,1.26,0,33,0,7,20,30,12,154,180,9,7,51,2524,0,201,72,0,0,43,1146,45,209,0,939,0,0,0,0,0,28,19,41943,6057,116,48000,6.924715206,0.144410271,3.67,2.32,63.08
Marion Island,PB1,PB1_1A,ACE_ITRAX_16356,29.4,29.4,29.4,0.05,458.6,1726.55,980.2,1012.35,0.0273,6.89,1,TRUE,22593,54121,1.43,6,33,0,40,21,7,0,128,132,0,14,28,1927,127,178,178,0,0,0,1118,120,289,0,853,0,0,0,0,84,66,0,41723,6068,89,47791,6.875906394,0.145435371,3.66,7.33,200.41
Marion Island,PB1,PB1_1A,ACE_ITRAX_16357,29.5,29.5,29.5,0.05,462.7,1731.01,984.73,1016.02,0.0272,6.89,1,TRUE,22538,54885,1.2,10,9,0,21,10,22,17,101,82,0,0,17,1848,14,227,147,0,0,138,1214,153,122,0,981,5,0,0,5,149,21,0,42412,6375,53,48787,6.652862745,0.150311233,3.67,4.28,116.62
Marion Island,PB1,PB1_1A,ACE_ITRAX_16358,29.6,29.6,29.6,0.05,464.96,1739.73,988.01,1019.68,0.0273,6.9,1,TRUE,22530,55017,1.28,25,26,0,5,13,8,11,153,95,5,9,16,2609,107,174,84,0,120,105,1264,0,101,0,987,0,0,0,0,0,0,0,41814,6444,118,48258,6.488826816,0.154111063,3.66,5.49,150
Marion Island,PB1,PB1_1A,ACE_ITRAX_16359,29.7,29.7,29.7,0.05,466.12,1749.11,992.31,1023.34,0.0273,6.9,1,TRUE,22765,55542,1.46,11,32,8,21,28,27,8,173,181,10,18,31,3552,42,230,97,0,0,11,1169,0,19,0,804,0,0,0,0,66,0,0,41961,6245,56,48206,6.719135308,0.148828674,3.66,5.27,143.99
Marion Island,PB1,PB1_1A,ACE_ITRAX_16360,29.8,29.8,29.8,0.05,467.27,1751.54,994.98,1027.01,0.0272,6.9,1,TRUE,22863,56117,1.36,0,0,26,0,14,6,8,127,131,4,18,25,3048,99,210,68,0,0,108,1113,0,116,0,996,0,0,0,0,104,151,0,42452,6443,0,48895,6.588856123,0.151771412,3.67,1.79,48.77
Marion Island,PB1,PB1_1A,ACE_ITRAX_16361,29.9,29.9,29.9,0.05,468.45,1754.03,998.18,1030.67,0.0273,6.91,1,TRUE,22633,54968,1.25,0,31,0,0,17,15,0,131,82,0,13,53,1312,26,230,168,0,0,64,979,0,324,0,971,0,0,0,18,118,155,0,42992,6494,0,49486,6.62026486,0.151051358,3.66,1.84,50.14
Marion Island,PB1,PB1_1A,ACE_ITRAX_16362,30,30,30,0.05,471.99,1758.68,1001.97,1034.34,0.0272,6.91,1,TRUE,21991,54244,1.15,0,0,13,9,7,20,6,88,99,14,0,19,2192,0,253,131,0,0,36,1231,0,240,0,1171,0,0,0,0,102,64,0,41754,6048,0,47802,6.903769841,0.144848398,3.67,4.1,111.58
Marion Island,PB1,PB1_1A,ACE_ITRAX_16363,30.1,30.1,30.1,0.05,474.94,1762.85,1005.05,1038.24,0.0256,6.92,1,TRUE,21891,52872,1.23,31,36,31,11,0,7,0,126,81,5,18,4,1188,0,211,67,0,0,81,1207,0,0,5,1012,0,0,0,0,120,26,0,41650,6135,106,47785,6.788916055,0.14729892,3.9,3.56,91.28
Marion Island,PB1,PB1_1A,ACE_ITRAX_16364,30.2,30.2,30.2,0.05,481.55,1764,1008.63,1042.14,0.0256,6.92,1,TRUE,22278,53810,1.27,23,25,11,16,0,22,0,98,95,0,8,34,1045,25,173,113,0,0,0,940,57,117,17,1080,0,0,0,0,225,269,42,42329,6101,0,48430,6.938042944,0.144132864,3.9,3.88,99.49
Marion Island,PB1,PB1_1A,ACE_ITRAX_16365,30.3,30.3,30.3,0.05,486.1,1765.7,1012.46,1046.04,0.0256,6.91,1,TRUE,22483,53809,1.33,0,0,0,10,18,18,14,180,126,8,17,26,1170,17,186,152,0,0,0,1186,0,156,0,890,9,16,0,0,52,0,0,42664,6155,22,48819,6.931600325,0.144266829,3.9,3.13,80.13
Marion Island,PB1,PB1_1A,ACE_ITRAX_16366,30.4,30.4,30.4,0.05,489.01,1770.85,1015.61,1049.95,0.0256,6.92,1,TRUE,22954,56507,1.33,37,36,28,0,33,15,12,152,107,0,12,15,1271,35,235,150,0,0,57,1112,165,251,0,1017,0,0,0,8,50,37,0,44174,6757,182,50931,6.537516649,0.152963282,3.91,4.03,103.07
Marion Island,PB1,PB1_1A,ACE_ITRAX_16367,30.5,30.5,30.5,0.05,492.48,1773.34,1019.67,1053.85,0.0256,6.92,1,TRUE,23614,56007,1.3,0,24,21,9,33,6,17,173,144,25,13,38,1653,0,218,134,0,0,78,1147,0,161,0,944,0,0,0,0,0,0,0,43861,6546,62,50407,6.700427742,0.149244203,3.9,2.98,76.41
Marion Island,PB1,PB1_1A,ACE_ITRAX_16368,30.6,30.6,30.6,0.05,497.63,1777.37,1024.39,1057.75,0.0256,6.92,1,TRUE,23702,56221,1.24,0,0,0,0,6,11,4,97,144,5,8,19,1261,54,159,124,0,0,165,1028,60,225,0,929,0,0,0,0,108,61,0,44153,6713,0,50866,6.577238195,0.152039499,3.9,4.59,117.69
Marion Island,PB1,PB1_1A,ACE_ITRAX_16369,30.7,30.7,30.7,0.05,502.68,1779.59,1028.34,1061.65,0.0256,6.92,1,TRUE,23366,54937,1.32,0,0,0,0,22,9,6,147,89,0,0,49,815,35,265,63,0,0,107,830,63,107,0,865,0,0,0,0,171,89,0,43713,6624,0,50337,6.599184783,0.151533869,3.9,3.64,93.21
Marion Island,PB1,PB1_1A,ACE_ITRAX_16370,30.8,30.8,30.8,0.05,505.3,1784.62,1032.37,1065.56,0.0256,6.93,1,TRUE,23124,54327,1.19,17,18,0,29,12,15,9,201,115,7,0,64,1161,0,248,108,0,134,135,1099,173,65,0,931,0,0,0,0,0,163,0,42490,6250,0,48740,6.7984,0.147093434,3.91,3.82,97.83
Marion Island,PB1,PB1_1A,ACE_ITRAX_16371,30.9,30.9,30.9,0.05,509.4,1787.61,1036.63,1069.46,0.0256,6.94,1,TRUE,22608,54103,1.2,19,37,0,23,18,0,0,170,159,12,26,13,1354,89,327,137,0,0,11,1157,0,265,0,982,0,0,0,0,227,7,0,41855,6331,0,48186,6.611119886,0.151260303,3.9,3.54,90.9
Marion Island,PB1,PB1_1A,ACE_ITRAX_16372,31,31,31,0.05,510.87,1789.55,1040.83,1073.36,0.0256,6.95,1,TRUE,22705,54459,1.24,0,20,23,14,9,11,11,172,130,22,8,29,1513,49,164,138,0,0,12,1321,0,149,0,976,0,0,0,0,52,35,0,42618,6180,202,48798,6.896116505,0.145009151,3.9,1.71,43.72
Marion Island,PB1,PB1_1A,ACE_ITRAX_16373,31.1,31.1,31.1,0.05,514.47,1791.33,1044.77,1077.26,0.0256,6.93,1,TRUE,22675,54794,1.25,0,0,0,13,43,18,0,139,149,0,0,29,1590,115,188,162,0,0,37,1396,0,212,0,1073,0,0,0,15,6,0,0,42533,6318,4,48851,6.732035454,0.148543484,3.9,2.69,68.97
Marion Island,PB1,PB1_1A,ACE_ITRAX_16374,31.2,31.2,31.2,0.05,517.19,1797.42,1049.17,1081.17,0.0256,6.92,1,TRUE,22489,53778,1.28,4,0,0,26,26,19,32,151,143,36,29,50,1658,50,232,32,0,0,0,1193,9,283,0,737,9,0,0,0,94,108,0,41692,6334,24,48026,6.5822545,0.15192363,3.91,4.41,112.66
Marion Island,PB1,PB1_1A,ACE_ITRAX_16375,31.3,31.3,31.3,0.05,520.82,1803.77,1053.43,1085.07,0.0256,6.92,1,TRUE,22330,53416,1.22,0,32,21,18,22,20,11,160,86,0,16,28,1165,42,291,197,0,0,0,1171,0,213,0,838,5,0,0,24,68,66,0,41673,6393,78,48066,6.518535899,0.153408682,3.9,4.99,127.95
Marion Island,PB1,PB1_1A,ACE_ITRAX_16376,31.4,31.4,31.4,0.05,524.79,1805.9,1057.61,1088.97,0.0256,6.92,1,TRUE,22375,54183,1.09,15,0,4,12,19,23,22,146,148,0,14,9,1815,86,234,164,0,0,60,1163,0,237,0,1194,0,0,0,0,0,32,0,41963,6145,207,48108,6.828803906,0.146438529,3.9,3.05,78.21
Marion Island,PB1,PB1_1A,ACE_ITRAX_16377,31.5,31.5,31.5,0.05,526.36,1812.09,1061.91,1092.87,0.0256,6.92,1,TRUE,22631,53768,1.26,0,19,0,14,23,12,0,132,178,0,23,57,1444,111,231,159,0,0,116,1131,46,209,0,944,0,0,0,0,13,178,0,41866,5986,0,47852,6.993985967,0.142979984,3.9,3.88,99.49
Marion Island,PB1,PB1_1A,ACE_ITRAX_16378,31.6,31.6,31.6,0.05,528.79,1818.42,1066.23,1096.78,0.0256,6.93,1,TRUE,22826,54465,1.34,0,12,6,18,9,13,11,154,170,14,18,37,1522,0,257,47,0,0,103,1194,44,316,0,921,0,0,0,0,159,152,0,42289,6179,0,48468,6.8439877,0.146113647,3.91,4.38,112.02
Marion Island,PB1,PB1_1A,ACE_ITRAX_16379,31.7,31.7,31.7,0.05,532.59,1819.54,1071.13,1100.68,0.0256,6.93,1,TRUE,23085,54461,1.4,0,0,0,9,17,6,8,174,135,0,11,38,1215,19,210,160,0,0,54,853,0,0,0,1094,0,0,0,0,63,0,0,43254,6379,74,49633,6.780686628,0.14747769,3.9,2.46,63.08
Marion Island,PB1,PB1_1A,ACE_ITRAX_16380,31.8,31.8,31.8,0.05,532.88,1821.05,1075.94,1104.58,0.0256,6.92,1,TRUE,23545,55677,1.24,18,37,15,37,25,27,0,168,153,5,0,16,1262,48,259,150,0,0,60,1006,183,182,0,874,0,0,0,0,54,106,28,43644,6383,117,50027,6.837537208,0.146251489,3.9,0.9,23.08
Marion Island,PB1,PB1_1A,ACE_ITRAX_16381,31.9,31.9,31.9,0.05,532.95,1826.72,1079.4,1108.48,0.0256,6.92,1,TRUE,23034,55710,1.22,0,0,0,21,33,13,5,161,196,27,0,28,1437,96,237,87,0,0,108,1116,0,248,0,1155,9,0,0,0,92,0,0,43533,6433,47,49966,6.767138194,0.147772954,3.9,2.87,73.59
Marion Island,PB1,PB1_1A,ACE_ITRAX_16382,32,32,32,0.05,537.37,1834.08,1083.51,1112.39,0.0256,6.92,1,TRUE,23417,55793,1.31,0,7,18,25,29,11,24,156,104,15,29,19,1309,154,184,169,0,0,88,1163,0,97,0,1217,0,0,0,0,105,0,0,43712,6352,0,50064,6.881612091,0.145314788,3.91,5.89,150.64
Marion Island,PB1,PB1_1A,ACE_ITRAX_16383,32.1,32.1,32.1,0.05,538.99,1836.58,1087.27,1116.29,0.0256,6.91,1,TRUE,23472,55100,1.11,41,41,25,33,15,13,11,130,119,0,15,0,1485,51,235,215,0,45,34,920,0,331,0,717,0,0,0,0,12,44,0,43472,6280,58,49752,6.922292994,0.144460802,3.9,2.06,52.82
Marion Island,PB1,PB1_1A,ACE_ITRAX_16384,32.2,32.2,32.2,0.05,540.6,1839.08,1090.61,1120.19,0.0256,6.9,1,TRUE,23564,55911,1.37,28,0,0,0,4,27,23,185,106,0,0,62,1782,10,251,175,0,0,63,1181,0,205,100,1108,0,0,0,0,135,30,0,43499,6236,0,49735,6.975465042,0.143359617,3.9,2.06,52.69
Marion Island,PB1,PB1_1A,ACE_ITRAX_16385,32.3,32.3,32.3,0.05,542.27,1845.33,1094.67,1124.09,0.0256,6.89,1,TRUE,23715,55959,1.36,0,34,0,27,17,0,0,239,162,0,22,5,1941,163,229,71,16,0,146,1163,0,251,0,1056,0,0,0,0,76,93,0,42883,6524,6,49407,6.573114654,0.152134879,3.9,3.96,101.54
Marion Island,PB1,PB1_1A,ACE_ITRAX_16386,32.4,32.4,32.4,0.05,545.32,1849.2,1098.36,1127.99,0.0256,6.87,1,TRUE,23447,55856,1.32,51,0,28,28,29,18,16,211,171,0,28,23,2798,14,269,87,0,46,94,1299,17,266,0,864,0,0,0,0,56,128,85,41803,6497,0,48300,6.4342004,0.155419468,3.9,3.46,88.72
Marion Island,PB1,PB1_1A,ACE_ITRAX_16387,32.5,32.5,32.5,0.05,546.88,1850.65,1102.53,1131.9,0.0256,6.87,1,TRUE,23435,57871,1.27,50,50,29,27,24,35,0,184,280,0,0,32,5117,28,168,16,0,0,45,1351,0,149,0,1042,0,0,0,0,35,90,10,42102,6237,82,48339,6.75036075,0.148140231,3.91,1.51,38.49
Marion Island,PB1,PB1_1A,ACE_ITRAX_16388,32.6,32.6,32.6,0.05,549.64,1851.75,1106.71,1135.8,0.0256,6.88,1,TRUE,23173,58727,1.25,8,11,23,7,37,28,28,224,250,20,26,30,5751,121,183,78,18,26,9,1250,90,295,0,957,0,0,0,0,0,0,0,42153,6383,114,48536,6.603947987,0.151424572,3.9,1.93,49.49
Marion Island,PB1,PB1_1A,ACE_ITRAX_16389,32.7,32.7,32.7,0.05,551.84,1856.06,1111.06,1139.7,0.0256,6.88,1,TRUE,22962,57893,1.22,12,31,37,29,0,12,0,226,272,0,15,21,4612,89,253,87,0,0,146,1316,79,103,0,1029,14,0,0,0,41,68,0,41957,6651,83,48608,6.30837468,0.158519437,3.9,3.26,83.46
Marion Island,PB1,PB1_1A,ACE_ITRAX_16390,32.8,32.8,32.8,0.05,554.95,1858.79,1115.17,1143.6,0.0256,6.88,1,TRUE,22797,58371,1.28,8,12,0,25,29,0,9,242,285,21,0,45,6342,63,205,108,0,0,38,1366,9,182,0,1046,4,0,0,14,163,141,0,40954,6253,36,47207,6.549496242,0.152683499,3.9,2.92,74.87
Marion Island,PB1,PB1_1A,ACE_ITRAX_16391,32.9,32.9,32.9,0.05,556.08,1865.44,1118.91,1147.51,0.0256,6.87,1,TRUE,22796,58519,1.35,0,19,5,0,11,6,20,251,295,7,29,61,6914,14,257,167,0,0,71,1183,107,113,0,908,9,0,0,22,12,120,0,41012,6104,0,47116,6.71887287,0.148834487,3.91,3.89,99.49
Marion Island,PB1,PB1_1A,ACE_ITRAX_16392,33,33,33,0.05,561.18,1870.91,1122.18,1151.41,0.0256,6.87,1,TRUE,22700,61776,1.37,13,40,10,18,19,30,0,192,245,7,18,37,11432,43,229,153,0,0,96,1333,0,147,0,778,0,0,0,12,188,156,0,39639,6179,0,45818,6.415115715,0.155881834,3.9,5.28,135.51
Marion Island,PB1,PB1_1A,ACE_ITRAX_16393,33.1,33.1,33.1,0.05,562.66,1876.31,1126.31,1155.31,0.0256,6.88,1,TRUE,22276,57014,1.24,0,25,8,0,17,6,15,161,221,0,0,25,7448,0,251,64,0,0,37,1208,0,49,0,1141,0,0,0,0,79,0,17,39530,6010,127,45540,6.577371048,0.152036428,3.9,3.44,88.21
Marion Island,PB1,PB1_1A,ACE_ITRAX_16394,33.2,33.2,33.2,0.05,566.24,1881.94,1129.09,1159.21,0.0256,6.88,1,TRUE,22090,55580,1.26,6,20,16,12,20,11,10,196,183,0,20,21,5464,248,245,197,18,0,40,1313,40,277,0,795,0,0,0,36,12,118,11,39455,5894,9,45349,6.694095691,0.149385376,3.9,4.61,118.08
Marion Island,PB1,PB1_1A,ACE_ITRAX_16395,33.3,33.3,33.3,0.05,571.83,1890.49,1133.86,1163.12,0.0256,6.88,1,TRUE,21877,56490,1.25,0,50,0,9,9,6,8,202,257,16,14,57,6129,113,246,90,25,0,74,1239,41,248,0,911,0,0,0,0,85,37,0,39853,6058,0,45911,6.578573787,0.152008632,3.91,7.07,180.82
Marion Island,PB1,PB1_1A,ACE_ITRAX_16396,33.4,33.4,33.4,0.05,574.12,1896.74,1137.9,1167.02,0.0256,6.89,1,TRUE,22007,58941,1.31,0,31,0,0,19,26,0,224,304,6,23,16,9190,247,203,15,0,0,31,1370,0,317,0,893,18,0,0,10,92,0,0,39239,5953,0,45192,6.591466487,0.151711308,3.9,4.27,109.49
Marion Island,PB1,PB1_1A,ACE_ITRAX_16397,33.5,33.5,33.5,0.05,576.01,1901.55,1142.22,1170.92,0.0256,6.88,1,TRUE,22309,59030,1.24,8,28,0,0,14,8,0,168,198,33,29,43,9297,219,224,111,61,0,93,1401,0,339,0,840,13,0,0,0,85,0,26,39267,5752,23,45019,6.826668985,0.146484325,3.9,3.35,85.9
Marion Island,PB1,PB1_1A,ACE_ITRAX_16398,33.6,33.6,33.6,0.05,578.52,1905.81,1145.6,1174.82,0.0256,6.88,1,TRUE,22750,62627,1.4,57,37,14,27,23,16,13,188,287,0,17,15,12100,171,235,132,49,0,0,1441,0,327,0,924,7,0,0,0,81,0,0,39808,5876,41,45684,6.774676651,0.147608521,3.9,3.38,86.79
Marion Island,PB1,PB1_1A,ACE_ITRAX_16399,33.7,33.7,33.7,0.05,580.67,1908.25,1149.27,1178.73,0.0256,6.88,1,TRUE,22286,58188,1.21,28,41,0,30,18,19,0,201,304,0,23,24,6803,174,237,206,0,0,130,1456,90,373,0,923,0,0,0,0,151,105,60,40087,5956,0,46043,6.730523842,0.148576845,3.91,2.3,58.7
Marion Island,PB1,PB1_1A,ACE_ITRAX_16400,33.8,33.8,33.8,0.05,582.87,1914.82,1154.34,1182.63,0.0256,6.88,1,TRUE,22008,56689,1.26,11,22,22,5,24,12,9,248,283,0,15,42,7442,78,203,38,0,0,99,1309,49,238,0,872,0,0,0,18,0,0,0,38850,5964,70,44814,6.514084507,0.153513514,3.9,4.38,112.44
Marion Island,PB1,PB1_1A,ACE_ITRAX_16401,33.9,33.9,33.9,0.05,584.24,1922.94,1159.15,1186.53,0.0256,6.88,1,TRUE,22037,58175,1.51,0,28,0,37,32,37,32,167,304,18,33,47,8667,202,231,107,0,0,83,1239,61,272,0,855,7,14,0,18,93,0,0,38742,6048,88,44790,6.405753968,0.156109648,3.9,4.75,121.67
Marion Island,PB1,PB1_1A,ACE_ITRAX_16402,34,34,34,0.05,586.89,1929.02,1163.71,1190.43,0.0256,6.88,1,TRUE,21942,60184,1.43,0,19,0,21,21,0,24,251,366,0,18,43,9728,252,165,122,0,0,59,1463,16,366,0,973,0,0,0,17,114,0,0,39205,6152,82,45357,6.372724317,0.15691876,3.9,4.36,111.92
Marion Island,PB1,PB1_1A,ACE_ITRAX_16403,34.1,34.1,34.1,0.05,588.29,1936.72,1167.95,1194.33,0.0256,6.88,1,TRUE,22459,60058,1.38,0,29,7,16,20,31,31,225,352,31,12,54,9520,167,212,220,0,0,55,1458,0,471,0,945,0,0,0,0,0,59,0,39433,5961,108,45394,6.615165241,0.151167804,3.9,4.55,116.67
Marion Island,PB1,PB1_1A,ACE_ITRAX_16404,34.2,34.2,34.2,0.05,589.7,1943.12,1171.93,1198.24,0.0256,6.88,1,TRUE,22444,59395,1.36,0,58,21,0,5,0,0,212,367,0,9,34,9420,135,236,119,0,0,103,1477,0,135,0,1063,0,0,0,0,24,48,0,39141,5877,177,45018,6.660030628,0.15014946,3.91,3.9,99.87
Marion Island,PB1,PB1_1A,ACE_ITRAX_16405,34.3,34.3,34.3,0.05,591.49,1949.96,1175.53,1202.14,0.0256,6.88,1,TRUE,22812,61072,1.35,0,24,0,5,27,16,14,284,374,24,13,17,10423,196,212,136,0,0,151,1425,0,378,0,975,0,0,0,0,58,106,17,39387,6147,37,45534,6.407515861,0.156066723,3.9,4.32,110.64
Marion Island,PB1,PB1_1A,ACE_ITRAX_16406,34.4,34.4,34.4,0.05,594.6,1952.98,1179.52,1206.04,0.0256,6.89,1,TRUE,23211,62205,1.29,8,0,0,5,31,4,0,202,350,18,32,57,11599,140,182,93,0,0,108,1282,0,209,0,902,7,0,0,0,0,14,0,39967,6230,214,46197,6.415248796,0.1558786,3.9,3.07,78.59
Marion Island,PB1,PB1_1A,ACE_ITRAX_16407,34.5,34.5,34.5,0.05,596.37,1961.99,1184.34,1209.94,0.0256,6.88,1,TRUE,23082,59518,1.21,0,13,0,12,0,21,0,195,377,0,34,37,8686,71,152,121,0,0,6,1276,0,243,0,947,0,0,0,0,37,29,0,40431,6085,0,46516,6.644371405,0.150503327,3.9,5.39,138.21
Marion Island,PB1,PB1_1A,ACE_ITRAX_16408,34.6,34.6,34.6,0.05,597.87,1969.5,1190.21,1213.85,0.0256,6.88,1,TRUE,23087,60628,1.39,0,0,10,13,18,4,22,204,360,0,6,34,9286,29,214,140,0,0,118,1264,33,118,0,871,0,0,0,0,69,50,0,40785,6226,0,47011,6.550754899,0.152654162,3.91,4.51,115.22
Marion Island,PB1,PB1_1A,ACE_ITRAX_16409,34.7,34.7,34.7,0.05,601.16,1977.88,1193.95,1217.75,0.0256,6.89,1,TRUE,22934,59374,1.26,0,37,0,0,33,6,20,212,345,8,34,5,7520,108,225,134,0,0,219,1408,0,362,0,1005,0,0,0,0,145,16,0,40368,6183,122,46551,6.528869481,0.153165874,3.9,5.84,149.62
Marion Island,PB1,PB1_1A,ACE_ITRAX_16410,34.8,34.8,34.8,0.05,604.54,1984.51,1198.38,1221.65,0.0256,6.88,1,TRUE,23227,58751,1.36,0,0,0,0,11,0,24,245,315,10,20,59,7278,162,201,168,0,0,74,1321,59,321,0,878,0,0,0,6,30,0,0,40754,6061,64,46815,6.723972942,0.148721598,3.9,5,128.33
Marion Island,PB1,PB1_1A,ACE_ITRAX_16411,34.9,34.9,34.9,0.05,606.92,1991.87,1201.68,1225.55,0.0256,6.89,1,TRUE,23050,55970,1.35,18,28,10,12,16,14,20,281,339,5,27,23,4003,92,139,143,0,0,0,1201,0,392,0,816,0,0,0,0,89,18,0,41303,6195,10,47498,6.667150928,0.149989105,3.9,4.87,124.87
Marion Island,PB1,PB1_1A,ACE_ITRAX_16412,35,35,35,0.05,611.22,1998.82,1205.01,1229.46,0.0256,6.89,1,TRUE,23075,55749,1.22,0,5,0,10,8,17,7,224,309,8,26,68,3743,83,237,206,0,0,45,1164,0,247,0,891,14,0,0,0,50,101,0,41253,6252,0,47505,6.598368522,0.151552614,3.91,5.63,143.86
Marion Island,PB1,PB1_1A,ACE_ITRAX_16413,35.1,35.1,35.1,0.05,614.18,2004.65,1208.52,1233.14,0.0272,6.89,1,TRUE,22608,55275,1.26,18,29,14,0,30,0,10,234,344,0,21,31,3271,125,269,151,129,0,7,1231,0,373,0,1131,0,0,0,25,108,88,0,40428,6356,99,46784,6.360604154,0.15721777,3.68,4.4,119.43
Marion Island,PB1,PB1_1A,ACE_ITRAX_16414,35.2,35.2,35.2,0.05,617.43,2007.33,1212.01,1236.82,0.0272,6.89,1,TRUE,22518,56693,1.22,0,24,20,8,31,34,21,259,399,0,25,85,4719,123,171,105,193,0,163,1139,60,275,0,1068,4,0,0,33,101,190,0,40480,6082,0,46562,6.65570536,0.150247036,3.68,2.96,80.57
Marion Island,PB1,PB1_1A,ACE_ITRAX_16415,35.3,35.3,35.3,0.05,620.21,2009.92,1214.38,1240.51,0.0271,6.9,1,TRUE,22449,55825,1.32,0,16,0,7,11,14,6,252,376,32,0,39,4938,185,233,181,20,0,170,1231,0,443,0,1101,0,0,0,22,23,0,0,39793,6024,140,45817,6.605743692,0.151383409,3.69,2.69,72.76
Marion Island,PB1,PB1_1A,ACE_ITRAX_16416,35.4,35.4,35.4,0.05,622.99,2011.25,1217.24,1244.19,0.0272,6.91,1,TRUE,22464,54868,1.31,28,22,0,37,23,28,35,294,361,0,19,50,4042,169,206,146,0,0,10,1245,0,417,0,934,0,0,0,33,68,0,0,39730,6228,66,45958,6.379254978,0.156758117,3.68,2.05,55.84
Marion Island,PB1,PB1_1A,ACE_ITRAX_16417,35.5,35.5,35.5,0.05,625.72,2012.35,1220.26,1247.87,0.0272,6.91,1,TRUE,22543,54609,1.3,11,7,0,6,8,7,18,281,458,0,54,38,4377,94,162,162,0,0,58,1217,0,239,0,956,0,0,0,0,94,104,0,39451,6047,0,45498,6.524061518,0.153278751,3.68,1.91,52.04
Marion Island,PB1,PB1_1A,ACE_ITRAX_16418,35.6,35.6,35.6,0.05,628.8,2013.44,1224.12,1251.56,0.0271,6.9,1,TRUE,22473,55696,1.42,0,12,24,22,0,0,0,255,372,5,16,53,4221,177,272,139,0,0,115,1142,45,488,0,1199,10,0,0,35,72,49,0,40024,6204,0,46228,6.451321728,0.155006996,3.69,2.09,56.5
Marion Island,PB1,PB1_1A,ACE_ITRAX_16419,35.7,35.7,35.7,0.05,633.36,2014.53,1227.77,1255.24,0.0272,6.91,1,TRUE,22363,55176,1.42,0,0,17,6,24,14,7,243,317,12,22,48,4527,151,136,111,0,0,0,1195,0,333,0,948,0,0,0,22,161,109,45,39793,6193,110,45986,6.425480381,0.155630387,3.68,2.82,76.77
Marion Island,PB1,PB1_1A,ACE_ITRAX_16420,35.8,35.8,35.8,0.05,640.32,2016.66,1230.82,1258.92,0.0272,6.92,1,TRUE,22477,55332,1.38,0,29,30,35,16,0,0,282,392,27,0,33,4421,181,238,47,0,0,221,1222,0,412,0,874,0,0,0,0,0,0,0,39848,6135,36,45983,6.495191524,0.153960048,3.68,4.55,123.51
Marion Island,PB1,PB1_1A,ACE_ITRAX_16421,35.9,35.9,35.9,0.05,644.92,2019.45,1235.5,1262.61,0.0271,6.92,1,TRUE,22366,55884,1.3,18,10,0,4,17,22,21,435,478,0,69,28,4728,135,248,126,0,0,49,1176,0,440,0,878,0,0,0,14,0,0,0,39801,6240,108,46041,6.378365385,0.15677998,3.69,3.69,100.14
Marion Island,PB1,PB1_1A,ACE_ITRAX_16422,36,36,36,0.05,648.62,2020.17,1239.12,1266.29,0.0272,6.93,1,TRUE,22240,55330,1.21,0,19,9,15,23,10,14,336,463,0,0,64,4482,119,248,199,0,131,6,1221,0,379,0,1027,0,0,0,24,0,11,0,39781,5954,31,45735,6.681390662,0.14966944,3.68,2.21,60.05
Marion Island,PB1,PB1_1A,ACE_ITRAX_16423,36.1,36.1,36.1,0.05,652.95,2022.52,1242.58,1269.97,0.0272,6.92,1,TRUE,21777,53571,1.23,16,31,30,0,21,6,0,267,497,0,20,0,4295,108,215,167,0,0,0,1144,0,351,0,1119,0,0,0,0,0,20,0,38646,5965,96,44611,6.478792959,0.154349739,3.68,3.34,90.76
Marion Island,PB1,PB1_1A,ACE_ITRAX_16424,36.2,36.2,36.2,0.05,657.3,2026.56,1246.65,1273.65,0.0272,6.93,1,TRUE,21805,56658,1.33,35,46,18,20,13,0,0,285,442,0,36,66,5555,99,208,96,0,0,13,1140,121,531,0,1147,7,0,0,0,362,120,0,39271,6157,0,45428,6.378268637,0.156782358,3.68,4.19,113.99
Marion Island,PB1,PB1_1A,ACE_ITRAX_16425,36.3,36.3,36.3,0.05,661.62,2028.25,1250.17,1277.34,0.0271,6.93,1,TRUE,22131,55836,1.34,9,29,0,0,0,17,8,262,481,9,0,66,5204,107,207,111,0,0,31,1110,0,629,0,1002,0,0,0,0,89,5,21,39498,6191,112,45689,6.379906316,0.156742114,3.69,3.01,81.44
Marion Island,PB1,PB1_1A,ACE_ITRAX_16426,36.4,36.4,36.4,0.05,665.97,2031.89,1254.33,1281.02,0.0272,6.93,1,TRUE,22432,57155,1.36,0,11,0,5,26,0,23,292,596,11,27,82,5424,0,220,103,0,0,0,1250,75,656,0,960,8,0,0,8,200,113,0,39810,6360,46,46170,6.259433962,0.159758855,3.68,4,108.56
Marion Island,PB1,PB1_1A,ACE_ITRAX_16427,36.5,36.5,36.5,0.05,670.33,2035.74,1258.35,1284.7,0.0272,6.93,1,TRUE,22156,55712,1.36,0,48,24,12,13,0,13,338,503,0,0,27,4782,62,215,105,0,0,152,1011,30,559,75,977,0,0,0,12,41,160,0,39869,5989,9,45858,6.657037903,0.150216961,3.68,4.1,111.55
Marion Island,PB1,PB1_1A,ACE_ITRAX_16428,36.6,36.6,36.6,0.05,673.87,2037.79,1261.96,1288.39,0.0271,6.93,1,TRUE,21721,54684,1.33,25,27,31,17,21,0,0,256,495,0,37,38,4713,127,202,90,17,0,130,1116,0,591,0,1054,0,0,0,37,23,50,0,38859,5946,28,44805,6.535317861,0.153014746,3.69,2.79,75.75
Marion Island,PB1,PB1_1A,ACE_ITRAX_16429,36.7,36.7,36.7,0.05,678.98,2043.53,1265.3,1292.07,0.0272,6.93,1,TRUE,22098,57905,1.36,15,39,5,0,27,13,18,354,661,24,17,55,7113,122,240,130,0,0,179,1172,0,612,0,982,0,0,0,24,0,75,30,39185,6090,76,45275,6.434318555,0.155416614,3.68,5.43,147.42
Marion Island,PB1,PB1_1A,ACE_ITRAX_16430,36.8,36.8,36.8,0.05,683.32,2049.42,1268.64,1295.75,0.0272,6.92,1,TRUE,22466,59219,1.26,0,0,0,0,12,12,5,310,562,0,33,54,7424,131,177,117,0,0,55,1133,81,432,0,950,0,0,0,0,105,7,0,40404,6513,0,46917,6.203592814,0.161196911,3.68,5.12,138.99
Marion Island,PB1,PB1_1A,ACE_ITRAX_16431,36.9,36.9,36.9,0.05,687.68,2053.58,1272.1,1299.44,0.0271,6.92,1,TRUE,22479,58873,1.18,0,10,17,22,34,5,12,361,638,19,25,78,8537,62,239,226,0,31,59,1014,0,416,0,1006,0,0,0,6,0,0,0,39255,6089,169,45344,6.446871407,0.155113998,3.69,4.26,115.45
Marion Island,PB1,PB1_1A,ACE_ITRAX_16432,37,37,37,0.05,691.65,2056.7,1276.66,1303.12,0.0272,6.92,1,TRUE,22285,58234,1.4,40,36,19,0,25,25,17,319,613,24,31,57,6978,192,220,83,0,0,38,1209,0,402,0,980,0,0,0,24,160,0,0,39889,6142,112,46031,6.494464344,0.153977287,3.68,3.54,96.33
Marion Island,PB1,PB1_1A,ACE_ITRAX_16433,37.1,37.1,37.1,0.05,692.63,2057.82,1281.29,1306.8,0.0272,6.93,1,TRUE,22242,56484,1.36,0,18,15,11,14,18,23,348,882,0,57,71,5567,85,201,142,0,0,40,1108,72,421,0,947,0,0,0,0,121,42,0,39395,6127,0,45522,6.429737229,0.155527351,3.68,1.05,28.53
Marion Island,PB1,PB1_1A,ACE_ITRAX_16434,37.2,37.2,37.2,0.05,697.15,2059.32,1285.02,1310.49,0.0271,6.94,1,TRUE,22346,56790,1.21,0,39,19,13,43,14,12,336,751,14,8,61,5859,86,170,79,0,0,100,986,30,450,0,1061,0,11,0,6,68,41,10,39841,6031,96,45872,6.606035483,0.151376722,3.69,3.01,81.57
Marion Island,PB1,PB1_1A,ACE_ITRAX_16435,37.3,37.3,37.3,0.05,701.12,2061.84,1289.32,1314.17,0.0272,6.94,1,TRUE,22303,54214,1.28,33,37,0,14,49,34,21,242,380,0,29,42,3671,79,191,146,0,0,9,891,0,334,0,835,0,5,0,6,15,74,0,40315,5961,0,46276,6.763126992,0.147860598,3.68,3.25,88.18
Marion Island,PB1,PB1_1A,ACE_ITRAX_16436,37.4,37.4,37.4,0.05,703.8,2065.28,1293.2,1317.85,0.0272,6.94,1,TRUE,22220,53446,1.44,0,15,9,26,27,14,0,277,457,0,37,39,3055,32,240,103,0,0,37,939,0,297,0,897,0,0,0,0,79,0,0,40071,6075,127,46146,6.596049383,0.1516059,3.68,3.06,83.15
Marion Island,PB1,PB1_1A,ACE_ITRAX_16437,37.5,37.5,37.5,0.05,706.31,2067.12,1297.11,1321.54,0.0271,6.94,1,TRUE,22304,54320,1.26,0,9,8,12,15,8,28,268,376,14,26,36,3760,39,205,103,12,0,74,1205,0,350,0,1076,0,0,0,0,94,77,0,39691,6100,0,45791,6.506721311,0.153687234,3.69,2.17,58.94
Marion Island,PB1,PB1_1A,ACE_ITRAX_16438,37.6,37.6,37.6,0.05,708.38,2068,1300.87,1325.22,0.0272,6.94,1,TRUE,22201,54520,1.21,37,24,0,16,30,14,26,293,466,13,40,65,3664,58,230,54,0,0,136,984,167,365,0,949,0,0,0,16,44,150,0,39854,6092,0,45946,6.542022324,0.152857931,3.68,1.48,40.08
Marion Island,PB1,PB1_1A,ACE_ITRAX_16439,37.7,37.7,37.7,0.05,711.05,2071.28,1305.38,1328.9,0.0272,6.94,1,TRUE,22216,55603,1.32,14,15,7,22,23,17,5,288,596,26,63,93,4762,145,219,108,17,0,75,1000,0,521,0,848,0,0,0,0,57,74,0,39785,6027,42,45812,6.601128256,0.151489255,3.68,2.98,80.84
Marion Island,PB1,PB1_1A,ACE_ITRAX_16440,37.8,37.8,37.8,0.05,714.56,2073.13,1309.4,1332.59,0.0271,6.93,1,TRUE,21933,54224,1.31,0,10,0,12,50,23,17,211,492,6,25,67,4400,98,160,21,0,0,62,1108,34,634,0,845,16,0,0,0,115,134,0,38909,6006,0,44915,6.478354978,0.154360174,3.69,2.68,72.63
Marion Island,PB1,PB1_1A,ACE_ITRAX_16441,37.9,37.9,37.9,0.05,716.99,2078.46,1312.85,1336.27,0.0272,6.93,1,TRUE,21737,54312,1.34,0,0,0,0,19,0,9,412,533,0,40,55,5274,71,228,103,0,0,38,1122,35,488,0,934,0,0,0,0,165,232,0,38089,5708,0,43797,6.672915207,0.149859539,3.68,3.88,105.43
Marion Island,PB1,PB1_1A,ACE_ITRAX_16442,38,38,38,0.05,719.22,2081.83,1317.01,1339.95,0.0272,6.93,1,TRUE,22064,55053,1.36,0,0,0,9,46,0,26,376,599,32,5,82,5718,44,170,5,0,0,113,1039,0,411,0,837,0,0,0,5,153,0,71,38577,5933,0,44510,6.50210686,0.153796303,3.68,2.8,76.09
Marion Island,PB1,PB1_1A,ACE_ITRAX_16443,38.1,38.1,38.1,0.05,722.58,2086.22,1320.62,1343.64,0.0271,6.93,1,TRUE,21591,55127,1.39,8,26,30,31,11,9,30,309,553,11,34,41,5638,89,196,153,0,0,31,923,0,425,0,938,0,4,0,26,18,110,106,38491,6201,82,44692,6.207224641,0.161102595,3.69,3.87,105.01
Marion Island,PB1,PB1_1A,ACE_ITRAX_16444,38.2,38.2,38.2,0.05,725.29,2092,1324.19,1347.32,0.0272,6.93,1,TRUE,21567,54988,1.37,0,26,0,0,18,25,6,316,625,0,80,73,5877,26,219,38,0,0,38,1047,135,573,0,795,6,7,0,0,188,38,54,38013,5955,0,43968,6.383375315,0.156656933,3.68,4.25,115.35
Marion Island,PB1,PB1_1A,ACE_ITRAX_16445,38.3,38.3,38.3,0.05,727.35,2094.66,1327.86,1351,0.0272,6.92,1,TRUE,21619,54292,1.31,0,18,11,0,0,0,11,249,574,18,13,73,5292,55,217,166,0,0,0,982,0,457,0,868,0,0,0,0,145,41,0,38185,6078,48,44263,6.282494242,0.15917245,3.68,2.36,64.13
Marion Island,PB1,PB1_1A,ACE_ITRAX_16446,38.4,38.4,38.4,0.05,729.33,2097,1331.21,1354.68,0.0272,6.92,1,TRUE,21191,53277,1.2,0,41,10,5,10,22,0,271,519,17,5,70,4855,132,180,161,0,0,0,965,0,508,0,819,0,0,0,0,213,42,32,37456,6044,0,43500,6.197220384,0.161362666,3.68,2.16,58.7
Marion Island,PB1,PB1_1A,ACE_ITRAX_16447,38.5,38.5,38.5,0.05,731.31,2099.63,1334.63,1358.37,0.0271,6.92,1,TRUE,21465,59125,1.36,0,22,20,15,16,12,31,432,770,34,31,136,10153,61,170,84,14,0,0,976,49,817,0,963,0,0,0,0,99,21,121,37233,6085,116,43318,6.118816763,0.16343029,3.69,2.31,62.47
Marion Island,PB1,PB1_1A,ACE_ITRAX_16448,38.6,38.6,38.6,0.05,733.3,2104.24,1337.99,1362.05,0.0272,6.92,1,TRUE,21444,56913,1.17,29,48,23,14,30,18,29,402,694,0,59,96,8899,82,189,90,0,0,0,1031,0,752,0,856,0,12,0,0,50,125,0,36761,5867,15,42628,6.265723538,0.159598488,3.68,3.3,89.67
Marion Island,PB1,PB1_1A,ACE_ITRAX_16449,38.7,38.7,38.7,0.05,735.29,2112.21,1341.8,1365.73,0.0272,6.93,1,TRUE,21562,55265,1.3,0,0,7,6,4,23,33,325,636,58,23,66,6125,79,176,189,0,0,24,1225,25,537,0,954,0,20,0,25,250,34,0,37559,6094,8,43653,6.163275353,0.162251391,3.68,4.98,135.33
Marion Island,PB1,PB1_1A,ACE_ITRAX_16450,38.8,38.8,38.8,0.05,739.82,2116.71,1345.6,1369.42,0.0271,6.93,1,TRUE,21320,54786,1.2,0,16,0,0,28,0,0,351,705,0,34,85,6091,155,247,145,33,135,29,1024,32,685,0,889,5,0,0,17,0,20,0,37370,5929,68,43299,6.302917861,0.158656676,3.69,4.52,122.36
Marion Island,PB1,PB1_1A,ACE_ITRAX_16451,38.9,38.9,38.9,0.05,744.6,2117.17,1349.74,1373.1,0.0272,6.92,1,TRUE,21338,54352,1.27,19,34,0,29,17,27,40,318,693,5,36,76,5881,153,198,113,0,0,107,1046,0,497,0,775,0,8,0,20,78,0,13,37447,6009,0,43456,6.231818938,0.160466793,3.68,2.62,71.2
Marion Island,PB1,PB1_1A,ACE_ITRAX_16452,39,39,39,0.05,748.3,2123.42,1353.5,1376.78,0.0272,6.92,1,TRUE,21653,55548,1.37,0,36,12,13,28,23,0,293,715,9,30,60,6543,95,232,45,37,29,84,1088,0,528,0,783,0,0,0,0,0,109,96,37974,5881,79,43855,6.457065125,0.154869121,3.68,4.97,135.19
Marion Island,PB1,PB1_1A,ACE_ITRAX_16453,39.1,39.1,39.1,0.05,749.95,2125.95,1358.72,1380.47,0.0271,6.92,1,TRUE,21734,56719,1.36,0,25,0,15,33,24,16,379,770,18,32,71,7315,44,185,91,0,0,94,1194,48,690,0,1025,5,0,0,0,0,56,0,38227,5691,36,43918,6.717097171,0.148873833,3.69,2.09,56.64
Marion Island,PB1,PB1_1A,ACE_ITRAX_16454,39.2,39.2,39.2,0.05,751.57,2133.72,1363.24,1384.15,0.0272,6.92,1,TRUE,22011,56507,1.32,0,0,0,0,0,11,15,391,739,0,34,100,6836,67,195,103,0,0,61,1153,0,561,0,947,0,0,0,47,0,53,0,38355,6077,17,44432,6.311502386,0.158440881,3.68,4.69,127.58
Marion Island,PB1,PB1_1A,ACE_ITRAX_16455,39.3,39.3,39.3,0.05,753.15,2138.2,1367.31,1387.83,0.0272,6.93,1,TRUE,21998,58269,1.29,22,0,24,15,18,14,15,470,952,14,0,71,7571,138,188,78,0,0,117,1036,0,746,0,1028,0,0,0,0,128,0,0,38753,6170,54,44923,6.280875203,0.15921348,3.68,3.03,82.34
Marion Island,PB1,PB1_1A,ACE_ITRAX_16456,39.4,39.4,39.4,0.05,754.78,2142.31,1370.63,1391.52,0.0271,6.93,1,TRUE,22121,58418,1.23,0,14,12,13,13,0,13,406,888,11,46,82,8272,113,288,256,21,0,33,952,0,813,0,908,0,0,0,0,71,38,26,38194,6178,0,44372,6.182259631,0.161753155,3.69,2.87,77.78
Marion Island,PB1,PB1_1A,ACE_ITRAX_16457,39.5,39.5,39.5,0.05,756.71,2144.38,1374.03,1395.2,0.0272,6.93,1,TRUE,22203,57684,1.27,0,18,0,6,17,14,23,358,752,0,19,47,7216,121,205,136,0,0,38,1215,38,930,5,831,0,0,0,0,57,0,0,38873,6018,24,44891,6.459454968,0.154811823,3.68,2,54.35
Marion Island,PB1,PB1_1A,ACE_ITRAX_16458,39.6,39.6,39.6,0.05,758.06,2145.96,1377.16,1398.88,0.0272,6.93,1,TRUE,22084,57112,1.24,5,11,0,0,13,0,19,309,882,36,26,90,6548,72,230,93,0,0,40,1137,0,697,0,981,0,0,0,0,187,52,42,38777,6069,0,44846,6.389355742,0.156510302,3.68,1.46,39.81
Marion Island,PB1,PB1_1A,ACE_ITRAX_16459,39.7,39.7,39.7,0.05,760.32,2148.78,1380.36,1402.57,0.0271,6.94,1,TRUE,21663,55908,1.34,0,0,0,0,26,6,12,397,686,37,22,69,6469,113,181,88,0,0,125,983,0,752,0,871,0,0,0,5,164,134,0,37922,6052,192,43974,6.266027759,0.159590739,3.69,2.54,68.83
Marion Island,PB1,PB1_1A,ACE_ITRAX_16460,39.8,39.8,39.8,0.05,762.12,2151.45,1383.83,1406.25,0.0272,6.94,1,TRUE,21896,55965,1.27,0,0,0,15,24,10,10,352,725,0,46,83,6940,53,240,167,0,0,0,1085,0,515,0,925,6,0,0,32,106,0,0,37874,5953,76,43827,6.362170334,0.157179067,3.68,2.23,60.73
Marion Island,PB1,PB1_1A,ACE_ITRAX_16461,39.9,39.9,39.9,0.05,765.1,2162.3,1387.35,1409.93,0.0272,6.93,1,TRUE,21794,55920,1.34,0,0,0,5,0,0,8,302,608,5,22,47,7089,141,214,73,0,0,57,1122,25,777,0,759,0,0,0,0,149,33,0,37748,5862,86,43610,6.439440464,0.155292996,3.68,6.92,187.91
Marion Island,PB1,PB1_1A,ACE_ITRAX_16462,40,40,40,0.05,767.84,2167.61,1390.98,1413.62,0.0271,6.93,1,TRUE,21297,54925,1.33,31,36,0,4,22,24,0,379,743,34,26,65,6685,155,137,51,0,0,10,1088,0,783,0,894,0,0,0,0,51,18,42,36881,5977,129,42858,6.170486866,0.162061766,3.69,4.02,109.08
Marion Island,PB1,PB1_1A,ACE_ITRAX_16463,40.1,40.1,40.1,0.05,773.05,2169.5,1395.15,1417.43,0.0262,6.93,1,TRUE,21446,55991,1.24,0,23,20,5,11,5,0,434,865,37,37,92,7712,84,264,148,0,0,106,803,34,637,0,893,6,0,0,0,61,103,0,37055,5883,0,42938,6.298657148,0.158763999,3.81,3.55,93.18
Marion Island,PB1,PB1_1A,ACE_ITRAX_16464,40.2,40.2,40.2,0.05,775.14,2171.21,1399.35,1421.25,0.0262,6.91,1,TRUE,21835,56609,1.46,0,11,17,34,5,0,7,615,997,27,45,47,8094,105,199,136,0,0,0,1045,0,818,0,967,8,0,0,0,0,76,0,36901,5674,104,42575,6.50352485,0.153762771,3.82,1.9,49.74
Marion Island,PB1,PB1_1A,ACE_ITRAX_16465,40.3,40.3,40.3,0.05,780.48,2172.77,1404.23,1425.07,0.0262,6.9,1,TRUE,21512,55264,1.3,0,27,22,35,29,6,14,475,854,30,22,84,6716,94,221,80,0,0,108,1089,0,614,0,1027,0,0,0,23,0,0,0,36991,5826,153,42817,6.349296258,0.15749777,3.82,3.45,90.31
Marion Island,PB1,PB1_1A,ACE_ITRAX_16466,40.4,40.4,40.4,0.05,785.66,2174.34,1407.25,1428.89,0.0262,6.91,1,TRUE,20718,54916,1.28,7,16,8,11,39,0,8,396,887,18,31,65,7656,158,189,172,0,0,98,865,302,729,0,906,7,0,0,9,184,0,0,35552,5857,111,41409,6.070001707,0.164744599,3.82,3.38,88.35
Marion Island,PB1,PB1_1A,ACE_ITRAX_16467,40.5,40.5,40.5,0.05,787.77,2176.74,1412.22,1432.71,0.0262,6.9,1,TRUE,20817,58828,1.34,0,28,9,21,18,10,17,481,1018,0,10,139,11564,128,255,128,23,0,127,983,18,882,0,995,0,0,0,0,160,37,38,35047,5932,62,40979,5.908125421,0.169258424,3.82,2.25,59.03
Marion Island,PB1,PB1_1A,ACE_ITRAX_16468,40.6,40.6,40.6,0.05,793.71,2180.19,1415.77,1436.53,0.0262,6.9,1,TRUE,21154,58731,1.4,0,0,0,23,29,18,44,437,979,24,60,75,11310,119,223,163,51,0,39,965,139,1035,0,858,0,7,0,16,189,86,0,35115,6003,4,41118,5.849575212,0.170952584,3.82,4.7,122.91
Marion Island,PB1,PB1_1A,ACE_ITRAX_16469,40.7,40.7,40.7,0.05,795.65,2182.38,1419.94,1440.35,0.0262,6.9,1,TRUE,21218,54826,1.44,37,32,0,23,7,14,8,379,862,48,35,88,6914,129,188,139,13,0,113,1004,97,638,0,927,0,0,0,0,131,0,62,36189,6039,79,42228,5.992548435,0.166873912,3.82,2.07,54.06
Marion Island,PB1,PB1_1A,ACE_ITRAX_16470,40.8,40.8,40.8,0.05,800.35,2184.53,1422.65,1444.17,0.0262,6.89,1,TRUE,21190,56628,1.38,0,7,13,8,24,0,35,520,1124,0,46,82,9499,52,179,144,0,0,65,911,13,1043,0,864,0,6,0,0,7,0,0,35480,5769,71,41249,6.150112671,0.162598647,3.82,3.43,89.66
Marion Island,PB1,PB1_1A,ACE_ITRAX_16471,40.9,40.9,40.9,0.05,805.81,2191.21,1425.67,1447.99,0.0262,6.89,1,TRUE,20740,54089,1.2,0,0,0,14,0,4,19,438,990,11,31,66,8204,98,230,116,0,0,0,1048,65,1247,0,908,0,19,0,27,48,76,0,34132,5539,35,39671,6.162123127,0.16228173,3.82,6.07,158.9
Marion Island,PB1,PB1_1A,ACE_ITRAX_16472,41,41,41,0.05,811.2,2195.27,1429.97,1451.8,0.0262,6.9,1,TRUE,20910,56054,1.33,0,43,11,22,24,5,17,512,1020,40,14,108,9849,201,255,232,0,0,56,1012,0,963,0,997,0,0,0,21,62,0,9,34103,5695,6,39798,5.988235294,0.166994106,3.81,4.73,124.02
Marion Island,PB1,PB1_1A,ACE_ITRAX_16473,41.1,41.1,41.1,0.05,815.23,2202.53,1433.84,1455.62,0.0262,6.89,1,TRUE,21009,57484,1.47,21,11,12,17,36,0,19,557,1060,57,21,67,10592,98,250,175,49,0,119,817,100,831,20,776,0,9,0,0,0,0,0,35389,5656,216,41045,6.256895332,0.159823674,3.82,5.65,147.77
Marion Island,PB1,PB1_1A,ACE_ITRAX_16474,41.2,41.2,41.2,0.05,817.81,2204.11,1436.83,1459.44,0.0262,6.89,1,TRUE,20638,55149,1.41,0,15,17,25,23,23,42,441,1041,33,59,97,8921,8,142,166,8,0,44,960,0,853,0,848,0,0,0,0,147,57,0,34794,5659,0,40453,6.148436119,0.162642984,3.82,2.08,54.45
Marion Island,PB1,PB1_1A,ACE_ITRAX_16475,41.3,41.3,41.3,0.05,823.89,2205.7,1440.45,1463.26,0.0262,6.9,1,TRUE,20601,56546,1.23,0,0,0,0,16,7,29,564,1192,0,71,88,10534,170,232,145,20,13,118,921,0,771,0,754,0,0,0,0,5,99,0,34402,5562,61,39964,6.185185185,0.161676647,3.82,3.83,100.39
Marion Island,PB1,PB1_1A,ACE_ITRAX_16476,41.4,41.4,41.4,0.05,825.62,2208.85,1443.43,1467.08,0.0262,6.9,1,TRUE,20758,56121,1.38,21,47,11,14,29,29,24,493,1209,0,12,94,9593,146,183,73,74,0,67,925,0,893,0,920,0,0,0,0,58,0,0,34778,5690,68,40468,6.112126538,0.163609178,3.82,2.44,63.87
Marion Island,PB1,PB1_1A,ACE_ITRAX_16477,41.5,41.5,41.5,0.05,832.75,2215.92,1448.47,1470.9,0.0262,6.88,1,TRUE,21388,57583,1.32,0,42,17,24,32,5,31,501,1234,49,30,129,9551,157,168,223,22,0,13,870,0,780,0,939,0,6,0,5,54,56,0,36182,5711,99,41893,6.335492908,0.157840915,3.82,7.1,185.86
Marion Island,PB1,PB1_1A,ACE_ITRAX_16478,41.6,41.6,41.6,0.05,840.63,2222.61,1452.85,1474.72,0.0262,6.88,1,TRUE,21540,58975,1.35,19,26,25,19,8,8,0,550,1084,39,41,117,10277,0,229,161,37,0,17,975,0,839,0,1009,0,0,0,16,139,50,48,37014,5557,68,42571,6.660788195,0.150132382,3.82,7.29,190.71
Marion Island,PB1,PB1_1A,ACE_ITRAX_16479,41.7,41.7,41.7,0.05,844.76,2229.61,1457.42,1478.54,0.0262,6.88,1,TRUE,21790,58430,1.21,0,9,13,16,29,8,36,627,944,24,28,120,10779,102,201,145,0,0,49,981,0,678,0,748,0,0,0,0,76,66,0,35946,6032,15,41978,5.959217507,0.167807266,3.82,5.57,145.68
Marion Island,PB1,PB1_1A,ACE_ITRAX_16480,41.8,41.8,41.8,0.05,846.36,2234.98,1461.48,1482.36,0.0262,6.88,1,TRUE,21470,58686,1.24,0,18,19,27,18,22,5,593,865,7,35,107,12494,227,129,142,0,0,133,809,8,471,0,877,5,0,0,0,35,151,0,35099,5622,0,40721,6.243151903,0.160175504,3.82,3.48,91.23
Marion Island,PB1,PB1_1A,ACE_ITRAX_16481,41.9,41.9,41.9,0.05,851.5,2239.41,1465.06,1486.17,0.0262,6.88,1,TRUE,20855,56009,1.35,0,21,0,17,17,14,0,296,694,25,38,37,10048,172,189,101,0,0,7,857,29,701,0,810,6,0,0,15,48,80,37,35300,5721,28,41021,6.170249956,0.162067989,3.81,4.78,125.59
Marion Island,PB1,PB1_1A,ACE_ITRAX_16482,42,42,42,0.05,853.9,2242.18,1468.56,1489.99,0.0262,6.87,1,TRUE,20723,54736,1.3,0,0,18,0,8,8,36,361,819,33,42,105,8341,76,261,198,0,0,52,881,79,788,0,843,0,7,0,23,62,45,0,35010,5847,39,40857,5.987685993,0.167009426,3.82,2.58,67.67
Marion Island,PB1,PB1_1A,ACE_ITRAX_16483,42.1,42.1,42.1,0.05,855.12,2246.84,1472.2,1493.81,0.0262,6.86,1,TRUE,20779,54576,1.32,0,0,0,0,14,0,14,407,831,36,32,73,9019,156,183,121,0,0,45,825,6,927,0,944,0,13,0,14,94,0,5,34219,5826,144,40045,5.873498112,0.17025629,3.82,2.94,76.96
Marion Island,PB1,PB1_1A,ACE_ITRAX_16484,42.2,42.2,42.2,0.05,857.1,2251.3,1475.65,1497.63,0.0262,6.85,1,TRUE,21069,56672,1.23,40,39,25,31,19,17,25,388,882,19,22,80,9321,160,176,82,36,0,110,953,0,911,0,1039,0,0,0,18,134,219,0,35429,5735,0,41164,6.177680907,0.161873042,3.82,3.22,84.29
Marion Island,PB1,PB1_1A,ACE_ITRAX_16485,42.3,42.3,42.3,0.05,857.6,2255.28,1478.72,1501.45,0.0262,6.86,1,TRUE,20836,56702,1.41,17,35,14,18,31,36,0,335,907,0,40,94,9873,117,251,203,13,0,153,876,64,713,0,933,12,10,0,46,96,109,46,35034,5929,22,40963,5.908922247,0.1692356,3.82,2.24,58.64
Marion Island,PB1,PB1_1A,ACE_ITRAX_16486,42.4,42.4,42.4,0.05,859.83,2258.44,1482.15,1505.27,0.0262,6.85,1,TRUE,21077,57727,1.19,0,0,11,0,19,8,0,393,902,42,19,75,10945,280,215,107,0,59,28,982,0,765,0,797,0,0,0,0,0,103,19,35216,5884,320,41100,5.985044188,0.167083144,3.82,2.69,70.55
Marion Island,PB1,PB1_1A,ACE_ITRAX_16487,42.5,42.5,42.5,0.05,861.05,2261.54,1486.03,1509.09,0.0262,6.86,1,TRUE,21106,56613,1.31,37,15,0,15,26,0,22,434,992,9,9,97,10323,172,229,207,60,0,0,891,0,660,0,952,0,0,0,8,63,7,0,34739,5868,101,40607,5.920074983,0.168916779,3.82,2.16,56.54
Marion Island,PB1,PB1_1A,ACE_ITRAX_16488,42.6,42.6,42.6,0.05,864.47,2264.87,1489.89,1512.91,0.0262,6.86,1,TRUE,20473,57070,1.32,0,0,22,6,26,0,28,569,1148,19,36,143,10999,97,201,215,0,0,61,902,101,900,0,1041,0,5,0,35,124,0,0,33835,5794,49,39629,5.839661719,0.171242796,3.82,3.38,88.35
Marion Island,PB1,PB1_1A,ACE_ITRAX_16489,42.7,42.7,42.7,0.05,865.58,2272.01,1495.18,1516.72,0.0262,6.88,1,TRUE,20093,55037,1.37,9,30,15,17,14,8,22,407,1118,44,12,81,10802,265,201,111,35,0,94,898,0,967,0,681,0,0,0,20,34,52,36,32988,5398,0,38386,6.111152279,0.163635261,3.81,4.13,108.27
Marion Island,PB1,PB1_1A,ACE_ITRAX_16490,42.8,42.8,42.8,0.05,868.63,2279.5,1498.74,1520.54,0.0262,6.88,1,TRUE,20020,54661,1.36,0,22,0,23,19,0,24,424,943,24,44,115,10660,134,230,102,67,0,36,949,41,979,0,868,0,0,0,18,147,26,0,32545,5485,41,38030,5.933454877,0.168535873,3.82,5.27,137.96
Marion Island,PB1,PB1_1A,ACE_ITRAX_16491,42.9,42.9,42.9,0.05,870.09,2283.57,1501.76,1524.36,0.0262,6.89,1,TRUE,19797,53914,1.33,32,23,13,9,28,21,19,525,1107,39,47,78,10535,120,137,166,0,0,9,937,50,1007,0,988,0,0,0,0,133,82,0,31614,5548,0,37162,5.698269647,0.175491871,3.82,2.77,72.38
Marion Island,PB1,PB1_1A,ACE_ITRAX_16492,43,43,43,0.05,871.25,2290.43,1505.42,1528.18,0.0262,6.89,1,TRUE,19680,54086,1.29,47,59,23,5,24,12,11,421,1154,50,27,101,11180,223,213,150,7,0,18,955,0,960,25,937,5,0,0,29,66,0,0,31300,5339,0,36639,5.862521071,0.17057508,3.82,4.01,104.97
Marion Island,PB1,PB1_1A,ACE_ITRAX_16493,43.1,43.1,43.1,0.05,875.61,2295.83,1508.85,1532,0.0262,6.88,1,TRUE,19913,56609,1.34,0,0,0,0,6,11,19,512,1293,24,32,101,13164,319,178,120,0,0,0,998,0,1136,0,1043,0,12,0,26,174,98,0,31178,5491,0,36669,5.678018576,0.176117775,3.82,4.88,127.75
Marion Island,PB1,PB1_1A,ACE_ITRAX_16494,43.2,43.2,43.2,0.05,879.03,2300,1512.94,1535.82,0.0262,6.87,1,TRUE,20219,59097,1.35,32,12,10,11,33,0,30,674,1479,0,63,128,14588,241,169,58,0,0,120,886,52,1172,0,950,0,0,0,42,0,0,0,32119,5569,0,37688,5.76746274,0.173386469,3.82,3.8,99.35
Marion Island,PB1,PB1_1A,ACE_ITRAX_16495,43.3,43.3,43.3,0.05,882.44,2305.83,1516.99,1539.64,0.0262,6.86,1,TRUE,20241,57468,1.32,0,0,5,18,23,7,44,650,1232,44,24,90,12993,233,143,92,17,0,62,1003,0,866,0,1003,0,0,0,36,38,147,0,32481,5426,0,37907,5.986177663,0.167051507,3.82,4.62,120.94
Marion Island,PB1,PB1_1A,ACE_ITRAX_16496,43.4,43.4,43.4,0.05,887.19,2309.3,1521.46,1543.46,0.0262,6.87,1,TRUE,20532,56419,1.43,0,17,0,16,9,12,34,665,1262,7,23,143,12156,176,230,176,27,0,0,1073,0,867,0,879,0,17,0,58,22,0,0,32445,5378,100,37823,6.032911863,0.165757436,3.82,4.11,107.59
Marion Island,PB1,PB1_1A,ACE_ITRAX_16497,43.5,43.5,43.5,0.05,891.28,2312.04,1525.85,1547.28,0.0262,6.87,1,TRUE,20323,56000,1.32,53,34,13,0,12,5,13,493,1435,0,13,79,12319,296,252,137,0,0,63,986,38,1085,0,986,0,0,0,0,0,0,0,31675,5210,113,36885,6.079654511,0.164483031,3.82,3.41,89.4
Marion Island,PB1,PB1_1A,ACE_ITRAX_16498,43.6,43.6,43.6,0.05,894.88,2317.38,1530.36,1551.09,0.0262,6.87,1,TRUE,19836,56225,1.4,6,20,14,0,8,0,7,517,1243,0,39,117,13920,194,142,107,0,0,76,937,21,1176,0,890,0,0,0,42,83,51,35,30364,5431,23,35795,5.590867244,0.178863127,3.81,4.47,117.32
Marion Island,PB1,PB1_1A,ACE_ITRAX_16499,43.7,43.7,43.7,0.05,896.94,2319.9,1534.86,1554.91,0.0262,6.86,1,TRUE,19051,53049,1.45,16,38,33,29,21,8,32,438,1122,55,37,130,11947,214,153,144,24,0,106,821,146,1525,0,997,0,0,0,18,0,0,0,29166,5138,173,34304,5.676527832,0.176164027,3.82,2.29,59.95
Marion Island,PB1,PB1_1A,ACE_ITRAX_16500,43.8,43.8,43.8,0.05,899.66,2324.36,1538.7,1558.73,0.0262,6.86,1,TRUE,18215,50363,1.31,0,0,0,0,9,0,0,397,1197,0,58,82,11173,209,194,104,19,0,64,755,99,1148,46,902,0,0,0,24,111,15,0,28171,4926,51,33097,5.718838814,0.174860672,3.82,3.59,93.98
Marion Island,PB1,PB1_1A,ACE_ITRAX_16501,43.9,43.9,43.9,0.05,902.12,2328.92,1543.29,1562.55,0.0262,6.87,1,TRUE,17471,51742,1.23,21,18,11,23,20,0,33,669,1515,40,38,121,14258,238,157,142,0,0,0,625,65,1346,0,821,0,6,0,21,169,152,0,25879,4764,0,30643,5.432199832,0.184087484,3.82,3.51,91.88
Marion Island,PB1,PB1_1A,ACE_ITRAX_16502,44,44,44,0.05,903.7,2332.77,1547.33,1566.37,0.0262,6.85,1,TRUE,17431,49954,1.29,15,34,16,11,35,13,17,609,1451,0,30,118,12909,92,119,96,25,0,0,805,46,1269,0,698,10,0,0,41,105,171,10,25926,4644,0,30570,5.582687339,0.179125202,3.82,2.71,71.07
Marion Island,PB1,PB1_1A,ACE_ITRAX_16503,44.1,44.1,44.1,0.05,905.06,2337.82,1552.53,1570.19,0.0262,6.84,1,TRUE,17794,53011,1.36,0,28,0,13,26,0,18,590,1423,58,50,163,15620,129,188,147,55,0,78,650,97,1207,0,894,0,0,0,25,0,4,23,25843,4903,0,30746,5.270854579,0.189722555,3.82,3.21,83.9
Marion Island,PB1,PB1_1A,ACE_ITRAX_16504,44.2,44.2,44.2,0.05,907.96,2342.57,1555.27,1574.01,0.0262,6.83,1,TRUE,17974,50533,1.33,0,33,6,0,0,14,18,516,1179,25,44,111,12420,213,127,106,0,0,0,771,92,1167,0,859,0,0,0,22,20,0,0,27090,5003,95,32093,5.414751149,0.184680694,3.82,3.83,100.13
Marion Island,PB1,PB1_1A,ACE_ITRAX_16505,44.3,44.3,44.3,0.05,910.5,2345.43,1559.18,1577.83,0.0262,6.83,1,TRUE,17628,50369,1.3,0,37,15,24,4,0,23,509,1209,27,26,82,12777,134,218,143,0,0,9,787,0,1189,0,831,0,0,0,0,70,0,195,26727,4701,0,31428,5.685386088,0.17588955,3.82,2.7,70.68
Marion Island,PB1,PB1_1A,ACE_ITRAX_16506,44.4,44.4,44.4,0.05,914.89,2351.19,1563.63,1581.65,0.0262,6.83,1,TRUE,17728,52662,1.38,0,35,16,21,19,0,15,547,1492,8,28,135,14605,252,194,112,0,0,89,752,85,1291,0,884,0,0,0,0,123,0,0,26364,5070,0,31434,5.2,0.192307692,3.82,5.08,132.85
Marion Island,PB1,PB1_1A,ACE_ITRAX_16507,44.5,44.5,44.5,0.05,916.75,2356.26,1567.74,1585.46,0.0262,6.84,1,TRUE,18641,52985,1.23,0,6,22,27,17,17,6,495,1226,0,60,92,12243,191,165,151,59,0,147,807,75,1384,0,741,0,0,0,41,72,127,42,28700,5355,0,34055,5.359477124,0.186585366,3.81,3.47,90.94
Marion Island,PB1,PB1_1B,ACE_ITRAX_16509,4.7,44.7,44.7,0.05,925.13,2359.81,1575.42,1593.1,0.0262,6.74,1,TRUE,17717,54450,1.22,0,21,0,10,18,9,18,718,1474,73,33,165,15888,300,244,159,0,0,104,744,16,1129,0,904,0,0,0,0,94,0,119,26432,5103,198,31535,5.179698217,0.193061441,7.64,5.96,78.08
Marion Island,PB1,PB1_1B,ACE_ITRAX_16510,4.8,44.8,44.8,0.05,929.59,2368.23,1579.08,1596.92,0.0262,6.74,1,TRUE,16890,49370,1.38,25,18,21,7,14,8,10,518,1087,0,42,109,13432,155,143,116,0,0,38,815,81,1058,0,856,0,0,0,12,116,47,0,25458,4605,90,30063,5.528338762,0.180886165,3.82,6.44,168.59
Marion Island,PB1,PB1_1B,ACE_ITRAX_16513,5.1,45.1,45.1,0.05,938.95,2376.97,1589.67,1608.3,0.0264,6.66,1,TRUE,18453,60813,1.55,0,31,0,13,28,10,12,796,2135,49,56,164,22032,190,216,162,42,0,0,822,117,2420,0,853,7,19,0,29,114,163,0,24673,5011,98,29684,4.923767711,0.203096502,11.38,9.05,79.53
Marion Island,PB1,PB1_1B,ACE_ITRAX_16514,5.2,45.2,45.2,0.05,944.01,2379.28,1593.35,1612.05,0.0267,6.69,1,TRUE,18096,57633,1.48,4,22,14,0,22,0,16,569,1712,41,46,152,19731,210,255,213,100,0,106,979,120,1982,0,888,0,0,0,8,18,113,20,24668,4902,28,29570,5.032231742,0.198718988,3.75,3.69,98.27
Marion Island,PB1,PB1_1B,ACE_ITRAX_16515,5.3,45.3,45.3,0.05,945.84,2381.63,1596.88,1615.79,0.0267,6.72,1,TRUE,17930,58633,1.45,13,53,38,12,27,0,44,730,1808,52,56,157,20313,326,201,103,125,0,12,916,8,1956,0,1074,0,5,0,24,72,11,27,24995,4813,82,29808,5.193226678,0.192558512,3.74,2.09,55.88
Marion Island,PB1,PB1_1B,ACE_ITRAX_16516,5.4,45.4,45.4,0.05,948.24,2383.76,1600.23,1619.53,0.0267,6.74,1,TRUE,18078,58162,1.36,0,30,0,27,17,5,23,934,2089,28,48,194,20004,330,225,134,59,0,105,812,113,1781,0,838,0,11,0,13,18,18,0,24681,4951,0,29632,4.985053525,0.200599652,3.74,2.27,60.56
Marion Island,PB1,PB1_1B,ACE_ITRAX_16517,5.5,45.5,45.5,0.05,950.99,2385.8,1603.62,1623.28,0.0267,6.74,1,TRUE,18191,56000,1.49,0,15,11,16,30,19,45,881,1724,60,17,152,18015,208,219,97,19,0,38,909,72,1969,0,983,0,0,0,29,145,67,68,24827,4706,0,29533,5.27560561,0.189551698,3.75,2.39,63.87
Marion Island,PB1,PB1_1B,ACE_ITRAX_16518,5.6,45.6,45.6,0.05,954.21,2388.76,1606.37,1627.02,0.0267,6.74,1,TRUE,17688,52035,1.36,12,22,0,14,19,10,7,681,1123,23,34,122,14665,175,210,96,0,0,111,998,74,1203,0,704,0,0,0,17,33,165,27,26050,4773,75,30823,5.457783365,0.183224568,3.74,3.09,82.62
Marion Island,PB1,PB1_1B,ACE_ITRAX_16519,5.7,45.7,45.7,0.05,960.68,2389.75,1610.83,1630.76,0.0267,6.73,1,TRUE,17863,51502,1.33,0,4,9,8,17,4,14,522,972,22,40,121,14032,193,244,107,42,16,0,778,0,1107,0,888,0,0,0,17,0,75,0,26836,4753,0,31589,5.646118241,0.177112834,3.74,3.73,99.73
Marion Island,PB1,PB1_1B,ACE_ITRAX_16520,5.8,45.8,45.8,0.05,965.35,2392.02,1615.65,1634.51,0.0267,6.72,1,TRUE,18132,55129,1.28,32,47,15,25,14,11,25,435,1124,22,36,141,17953,182,196,164,10,0,159,987,0,1337,0,857,0,0,0,15,132,31,16,25485,5079,0,30564,5.017720024,0.199293702,3.75,3.47,92.53
Marion Island,PB1,PB1_1B,ACE_ITRAX_16521,5.9,45.9,45.9,0.05,969.55,2397.17,1619.91,1638.25,0.0267,6.73,1,TRUE,18179,55672,1.43,0,0,12,8,0,21,11,527,1123,29,41,133,18361,278,192,49,0,86,81,984,0,1214,0,803,0,0,0,29,0,0,72,26049,4919,235,30968,5.295588534,0.188836424,3.74,4.68,125
Marion Island,PB1,PB1_1B,ACE_ITRAX_16522,6,46,46,0.05,974.03,2402.6,1623.74,1641.99,0.0267,6.73,1,TRUE,18108,60015,1.34,41,32,28,8,29,0,46,813,1441,51,30,154,22962,199,143,117,56,0,0,844,125,1469,0,784,0,0,0,38,72,46,0,24979,4863,62,29842,5.13654123,0.194683534,3.74,4.95,132.49
Marion Island,PB1,PB1_1B,ACE_ITRAX_16523,6.1,46.1,46.1,0.05,977.87,2405.34,1628.22,1645.74,0.0267,6.73,1,TRUE,17785,57803,1.24,24,27,41,14,0,0,26,742,1385,68,59,162,20483,337,104,178,85,0,44,703,97,1418,0,876,0,0,0,8,72,35,54,25143,4911,20,30054,5.119731216,0.195322754,3.75,3.29,87.73
Marion Island,PB1,PB1_1B,ACE_ITRAX_16524,6.2,46.2,46.2,0.05,982.03,2409.82,1633.4,1649.48,0.0267,6.72,1,TRUE,18017,54314,1.23,23,39,15,6,28,15,12,424,977,51,17,140,16552,244,182,188,39,0,26,809,0,1267,44,884,0,0,0,14,0,31,18,26731,4924,124,31655,5.428716491,0.184205604,3.74,4.32,115.51
Marion Island,PB1,PB1_1B,ACE_ITRAX_16525,6.3,46.3,46.3,0.05,984.62,2414.63,1637.95,1653.23,0.0267,6.73,1,TRUE,18156,56707,1.27,51,60,13,45,14,0,9,563,1417,42,47,174,18855,227,216,190,12,0,72,777,18,1255,0,773,0,0,0,0,36,0,0,26345,4851,107,31196,5.430839002,0.184133612,3.75,3.7,98.67
Marion Island,PB1,PB1_1B,ACE_ITRAX_16526,6.4,46.4,46.4,0.05,988.52,2416.01,1641.7,1656.97,0.0267,6.73,1,TRUE,18230,57107,1.28,5,0,9,5,0,22,33,595,1377,23,39,130,19327,232,182,90,24,69,19,888,0,1248,0,829,0,0,0,30,0,0,5,26432,4900,39,31332,5.394285714,0.185381356,3.74,2.64,70.59
Marion Island,PB1,PB1_1B,ACE_ITRAX_16527,6.5,46.5,46.5,0.05,993.23,2416.42,1646.02,1660.71,0.0267,6.74,1,TRUE,17465,54478,1.25,12,5,0,14,10,0,20,596,1253,45,29,167,18237,175,161,109,126,0,28,718,70,1280,0,807,0,0,0,0,56,25,0,25066,4862,0,29928,5.155491567,0.193967925,3.74,2.56,68.45
Marion Island,PB1,PB1_1B,ACE_ITRAX_16528,6.6,46.6,46.6,0.05,999.74,2421,1650.79,1664.46,0.0267,6.74,1,TRUE,17418,50167,1.3,0,12,0,0,6,0,15,455,917,49,0,62,13917,219,107,68,0,0,0,813,16,1135,0,749,0,0,0,0,52,49,95,25971,4844,110,30815,5.361478117,0.186515729,3.75,5.54,147.87
Marion Island,PB1,PB1_1B,ACE_ITRAX_16529,6.7,46.7,46.7,0.05,1005.51,2422.21,1654.39,1668.2,0.0267,6.74,1,TRUE,18107,55514,1.32,0,13,0,10,11,12,13,511,1211,33,39,137,17881,201,206,163,103,0,102,970,0,1239,17,746,0,0,0,0,54,0,0,26142,4865,73,31007,5.37348407,0.186098998,3.74,3.49,93.32
Marion Island,PB1,PB1_1B,ACE_ITRAX_16530,6.8,46.8,46.8,0.05,1008.44,2427.21,1658.59,1671.94,0.0267,6.75,1,TRUE,17431,55005,1.36,0,45,4,24,25,22,37,569,1288,49,22,104,17714,147,176,142,78,0,197,900,0,1123,0,804,0,0,0,0,111,177,0,25663,4945,0,30608,5.189686552,0.192689865,3.74,3.97,106.02
Marion Island,PB1,PB1_1B,ACE_ITRAX_16531,6.9,46.9,46.9,0.05,1015.23,2432.32,1661.84,1675.69,0.0267,6.74,1,TRUE,17923,56712,1.39,27,36,11,7,6,0,0,672,1059,30,49,148,19208,163,166,117,78,0,84,825,0,1363,0,898,0,0,0,23,84,50,111,25644,5097,0,30741,5.03119482,0.198759944,3.75,5.95,158.67
Marion Island,PB1,PB1_1B,ACE_ITRAX_16532,7,47,47,0.05,1019.51,2434.59,1665,1679.43,0.0267,6.72,1,TRUE,18913,60128,1.33,0,17,0,9,9,9,26,708,1156,114,42,143,21284,137,202,154,23,0,112,927,28,1382,0,891,0,0,0,0,62,146,28,26907,4941,13,31848,5.445658774,0.183632512,3.74,3.27,87.57
Marion Island,PB1,PB1_1B,ACE_ITRAX_16533,7.1,47.1,47.1,0.05,1022.17,2437,1669.13,1683.17,0.0267,6.71,1,TRUE,19503,58814,1.39,0,21,0,9,0,4,4,514,1186,25,31,178,18159,271,220,126,59,29,8,944,0,1248,0,774,0,0,0,0,14,36,0,28981,5252,0,34233,5.518088347,0.18122218,3.74,2.53,67.78
Marion Island,PB1,PB1_1B,ACE_ITRAX_16534,7.2,47.2,47.2,0.05,1025.66,2442.44,1673.4,1686.92,0.0267,6.71,1,TRUE,19571,56104,1.36,0,14,4,20,22,6,21,374,903,48,40,74,15535,163,200,89,0,0,40,963,32,1166,0,878,0,0,0,8,18,0,0,29679,5208,0,34887,5.698732719,0.17547761,3.75,4.47,119.07
Marion Island,PB1,PB1_1B,ACE_ITRAX_16535,7.3,47.3,47.3,0.05,1027.56,2447.19,1677.91,1690.66,0.0267,6.71,1,TRUE,20047,58055,1.55,0,4,0,26,16,7,22,484,1087,73,35,156,15780,116,220,142,42,0,50,871,118,1347,0,947,0,0,0,0,67,99,0,30397,5212,41,35609,5.832118189,0.171464289,3.74,3.32,88.9
Marion Island,PB1,PB1_1B,ACE_ITRAX_16536,7.4,47.4,47.4,0.05,1028.74,2447.99,1680.7,1694.4,0.0267,6.7,1,TRUE,18523,52074,1.21,0,30,11,11,12,18,7,382,715,36,26,101,13265,103,232,148,0,0,6,895,58,1113,0,748,0,0,0,37,0,0,0,28643,4877,132,33520,5.873077712,0.170268477,3.74,0.99,26.47
Marion Island,PB1,PB1_1B,ACE_ITRAX_16537,7.5,47.5,47.5,0.05,1032.93,2450.64,1685.08,1698.15,0.0267,6.7,1,TRUE,17617,53761,1.26,57,55,45,24,36,28,30,512,811,61,25,109,16504,164,175,81,5,0,42,684,126,956,0,721,0,8,0,0,79,0,0,27100,4761,21,31861,5.692081495,0.175682657,3.75,3.42,91.2
Marion Island,PB1,PB1_1B,ACE_ITRAX_16538,7.6,47.6,47.6,0.05,1035.39,2455.14,1688.31,1701.89,0.0267,6.69,1,TRUE,16158,46184,1.35,0,0,18,18,27,0,25,250,540,78,21,82,10990,187,170,129,0,0,57,720,45,1010,0,831,0,0,0,0,143,76,57,25433,4766,20,30199,5.336340747,0.18739433,3.74,3.48,93.05
Marion Island,PB1,PB1_1B,ACE_ITRAX_16539,7.7,47.7,47.7,0.05,1037.81,2459.66,1691.35,1705.64,0.0267,6.68,1,TRUE,17142,56754,1.3,0,27,10,0,6,4,47,571,1013,38,25,140,22146,193,139,123,24,0,7,615,22,958,0,793,0,15,0,0,44,0,0,24603,4674,0,29277,5.263799743,0.189976832,3.75,3.47,92.53
Marion Island,PB1,PB1_1B,ACE_ITRAX_16540,7.8,47.8,47.8,0.05,1040.38,2465.47,1695.13,1709.38,0.0267,6.68,1,TRUE,17607,58358,1.36,0,9,12,0,11,0,37,512,869,42,58,99,22455,209,181,125,0,0,24,635,111,1081,0,765,0,0,0,28,53,56,0,25759,4693,85,30452,5.488813126,0.18218875,3.74,4.19,112.03
Marion Island,PB1,PB1_1B,ACE_ITRAX_16541,7.9,47.9,47.9,0.05,1044.42,2468.76,1698.63,1713.12,0.0267,6.69,1,TRUE,17964,56860,1.36,0,24,19,16,0,0,21,453,906,48,39,123,19465,229,137,130,10,0,0,688,104,1217,25,774,0,0,0,0,125,137,0,26531,5044,33,31575,5.259912768,0.190117221,3.74,3.67,97.99
Marion Island,PB1,PB1_1B,ACE_ITRAX_16542,8,48,48,0.05,1045.45,2477.07,1702.46,1716.87,0.0267,6.7,1,TRUE,17979,54744,1.31,0,0,16,11,0,0,0,404,997,23,33,99,18168,98,186,77,0,0,81,721,0,987,0,654,0,0,0,0,12,51,0,26448,4897,165,31345,5.400857668,0.185155777,3.75,4.67,124.53
Marion Island,PB1,PB1_1B,ACE_ITRAX_16543,8.1,48.1,48.1,0.05,1047.57,2482.9,1706.58,1720.61,0.0267,6.7,1,TRUE,18171,56811,1.26,0,13,0,10,0,6,0,483,1222,79,13,127,19898,207,199,157,9,0,51,811,0,1083,6,798,0,0,0,0,32,41,130,26040,4710,0,30750,5.52866242,0.180875576,3.74,3.97,106.28
Marion Island,PB1,PB1_1B,ACE_ITRAX_16544,8.2,48.2,48.2,0.05,1049.99,2487.69,1710.91,1724.35,0.0267,6.71,1,TRUE,17941,56555,1.36,13,8,0,0,0,0,9,509,1307,86,36,73,20332,165,212,65,86,0,145,757,131,1252,0,930,0,0,0,0,60,53,26,25133,4526,134,29659,5.553026955,0.180081964,3.74,3.61,96.39
Marion Island,PB1,PB1_1B,ACE_ITRAX_16545,8.3,48.3,48.3,0.05,1051.22,2489.32,1713.53,1728.1,0.0267,6.71,1,TRUE,18201,60888,1.45,5,35,9,6,23,18,24,725,1548,109,64,166,24898,234,175,128,0,0,124,760,0,1416,0,834,0,10,0,14,21,61,0,24236,4692,7,28928,5.165387894,0.193596303,3.75,1.43,38.13
Marion Island,PB1,PB1_1B,ACE_ITRAX_16546,8.4,48.4,48.4,0.05,1054.03,2491.51,1717.07,1731.84,0.0267,6.7,1,TRUE,17336,59872,1.43,16,24,26,17,7,13,48,1016,1926,21,37,129,25850,112,178,125,7,0,0,640,0,1398,0,783,0,0,0,39,26,132,0,22148,4514,52,26662,4.90651307,0.203810728,3.74,2.5,66.84
Marion Island,PB1,PB1_1B,ACE_ITRAX_16547,8.5,48.5,48.5,0.05,1056.92,2498.61,1720.7,1735.58,0.0267,6.7,1,TRUE,17302,67078,1.47,0,6,18,0,13,9,66,1670,2293,36,31,263,33680,186,258,140,50,0,129,493,103,1555,0,662,0,0,0,8,89,0,65,20317,4301,15,24618,4.723785166,0.21169464,3.74,5,133.56
Marion Island,PB1,PB1_1B,ACE_ITRAX_16548,8.6,48.6,48.6,0.05,1059.79,2509.81,1723.81,1739.33,0.0267,6.67,1,TRUE,17252,63985,1.45,0,16,13,0,16,24,33,1150,1845,66,76,217,31162,134,213,78,26,0,69,558,99,1557,0,704,0,0,0,26,109,127,123,20606,4362,0,24968,4.723979826,0.211685917,3.75,7.03,187.6
Marion Island,PB1,PB1_1B,ACE_ITRAX_16549,8.7,48.7,48.7,0.05,1062.32,2511.92,1726.95,1743.07,0.0267,6.65,1,TRUE,16502,61617,1.3,0,9,26,12,18,11,57,1054,2060,42,53,154,30379,171,171,76,25,0,87,443,115,1328,0,668,0,0,0,18,67,0,67,19859,4148,19,24007,4.787608486,0.208872551,3.74,2.32,62.03
Marion Island,PB1,PB1_1B,ACE_ITRAX_16550,8.8,48.8,48.8,0.05,1063.6,2515.9,1731.34,1746.82,0.0267,6.64,1,TRUE,16823,72676,1.51,26,38,29,5,21,0,134,2031,2709,95,51,321,42430,176,157,163,89,0,52,441,112,1693,0,573,0,0,0,14,0,121,0,16740,3909,17,20649,4.282425173,0.233512545,3.75,2.63,70.13
Marion Island,PB1,PB1_1B,ACE_ITRAX_16551,8.9,48.9,48.9,0.05,1065.41,2519.87,1736.91,1750.56,0.0267,6.63,1,TRUE,15127,63358,1.37,10,31,14,30,34,11,104,1478,2249,15,45,271,35149,175,117,85,22,0,42,463,39,1700,0,725,0,13,0,42,130,102,10,15796,3920,29,19716,4.029591837,0.248164092,3.74,2.89,77.27
Marion Island,PB1,PB1_1B,ACE_ITRAX_16552,9,49,49,0.05,1067.01,2527.48,1740.25,1754.3,0.0267,6.63,1,TRUE,15947,63693,1.35,6,10,0,10,0,0,88,1279,2127,70,0,229,34896,287,198,157,150,0,0,417,0,1775,0,761,0,0,0,40,42,0,0,16506,3932,117,20438,4.197863683,0.238216406,3.74,4.61,123.13
Marion Island,PB1,PB1_1B,ACE_ITRAX_16553,9.1,49.1,49.1,0.05,1071.9,2531.31,1743.6,1758.05,0.0267,6.62,1,TRUE,14934,59967,1.35,27,24,17,7,20,23,111,1370,2076,14,46,245,32479,329,147,97,47,0,53,545,0,1713,14,584,0,0,0,33,0,45,35,15647,3690,10,19337,4.240379404,0.235827954,3.75,4.36,116.27
Marion Island,PB1,PB1_1B,ACE_ITRAX_16554,9.2,49.2,49.2,0.05,1076.84,2535.18,1747.77,1761.79,0.0267,6.62,1,TRUE,15806,72641,1.32,33,40,44,25,20,12,188,2727,3018,79,119,388,44019,175,131,103,53,0,0,353,157,1759,0,709,0,6,0,21,78,28,0,14432,3431,66,17863,4.206353833,0.237735588,3.74,4.4,117.78
Marion Island,PB1,PB1_1B,ACE_ITRAX_16555,9.3,49.3,49.3,0.05,1078.98,2539.07,1752.23,1765.53,0.0267,6.61,1,TRUE,16644,79473,1.43,12,30,31,7,23,0,174,2604,3353,84,46,398,50499,334,175,63,69,0,8,412,64,2061,14,735,0,0,0,31,0,36,55,13915,3635,202,17550,3.828060523,0.26122889,3.74,3.02,80.61
Marion Island,PB1,PB1_1B,ACE_ITRAX_16556,9.4,49.4,49.4,0.05,1080.02,2542.92,1755.71,1769.28,0.0267,6.59,1,TRUE,13154,55166,1.39,0,0,11,7,0,5,58,1242,1842,65,76,177,31844,226,113,40,0,0,57,409,82,1431,0,487,0,10,0,24,15,11,60,13037,3453,113,16490,3.775557486,0.264861548,3.75,2.44,65.2
Marion Island,PB1,PB1_1B,ACE_ITRAX_16557,9.5,49.5,49.5,0.05,1082.82,2544.31,1759.62,1773.02,0.0267,6.55,1,TRUE,13617,57256,1.38,18,13,14,0,13,6,51,834,1632,60,43,184,33770,277,140,66,31,0,49,232,81,1781,0,672,0,0,0,0,9,48,0,13187,3594,51,16781,3.66917084,0.272541139,3.74,2.09,56.02
Marion Island,PB1,PB1_1B,ACE_ITRAX_16559,9.7,49.7,49.7,0.05,1085.77,2550.67,1767.95,1780.51,0.0267,6.5,1,TRUE,16176,69240,1.35,0,27,31,13,14,0,58,1618,2129,93,73,283,40656,256,183,74,18,0,110,365,125,1767,0,730,0,0,0,17,88,86,171,15594,4209,13,19803,3.704918033,0.269911504,7.49,4.66,62.15
Marion Island,PB1,PB1_1B,ACE_ITRAX_16560,9.8,49.8,49.8,0.05,1089.11,2554.57,1770.41,1784.25,0.0267,6.54,1,TRUE,16761,71617,1.28,35,49,36,8,13,0,82,1723,2303,37,53,328,41508,375,179,67,90,0,21,420,102,2070,0,818,0,0,0,0,0,0,9,16383,4380,60,20763,3.740410959,0.267350302,3.74,3.62,96.79
Marion Island,PB1,PB1_1B,ACE_ITRAX_16562,10,50,50,0.05,1096.46,2562.21,1777.21,1791.74,0.0267,6.59,1,TRUE,18345,77310,1.36,16,30,35,9,4,8,53,1431,2408,92,37,278,45822,86,136,129,43,0,0,576,88,1872,0,774,0,0,0,0,6,77,30,18416,4333,67,22749,4.25017309,0.235284535,7.49,7.5,100.07
Marion Island,PB1,PB1_1B,ACE_ITRAX_16563,10.1,50.1,50.1,0.05,1099.44,2563.46,1780.94,1795.44,0.027,6.6,1,TRUE,18878,81990,1.41,11,25,17,0,17,11,107,1687,2990,112,55,328,49164,339,199,187,124,0,81,570,27,1965,0,704,0,0,0,23,0,85,0,18264,4290,72,22554,4.257342657,0.234888305,3.7,2.12,57.16
Marion Island,PB1,PB1_1B,ACE_ITRAX_16564,10.2,50.2,50.2,0.05,1102.38,2566.2,1785.55,1799.14,0.027,6.6,1,TRUE,17086,65091,1.37,0,34,5,0,12,11,64,1124,2091,63,71,236,33839,152,218,109,20,0,0,660,0,1528,0,790,0,5,0,23,52,0,0,19099,4300,0,23399,4.441627907,0.225142678,3.7,2.84,76.76
Marion Island,PB1,PB1_1B,ACE_ITRAX_16565,10.3,50.3,50.3,0.05,1105.35,2569.92,1789.05,1802.84,0.027,6.6,1,TRUE,16279,63954,1.33,15,20,8,0,0,0,51,1021,2311,63,42,224,33541,167,163,75,101,5,74,494,34,1528,0,737,0,0,0,44,0,0,36,18429,4250,146,22679,4.336235294,0.230614792,3.7,3.35,90.41
Marion Island,PB1,PB1_1B,ACE_ITRAX_16566,10.4,50.4,50.4,0.05,1110.07,2575.28,1793.59,1806.54,0.027,6.6,1,TRUE,15674,59967,1.3,16,12,11,11,0,9,28,900,2031,37,58,216,30591,220,213,182,98,0,91,662,59,1621,0,728,0,0,0,41,31,33,32,17353,4019,0,21372,4.317740732,0.231602605,3.7,5.04,136.22
Marion Island,PB1,PB1_1B,ACE_ITRAX_16567,10.5,50.5,50.5,0.05,1115.6,2577.43,1797.3,1810.24,0.027,6.6,1,TRUE,14177,53594,1.32,0,38,13,5,17,12,37,822,1717,5,46,198,26699,187,170,158,69,29,80,452,132,1497,0,813,0,0,0,38,0,62,0,16151,3723,50,19874,4.338168144,0.230512043,3.7,3.84,103.78
Marion Island,PB1,PB1_1B,ACE_ITRAX_16568,10.6,50.6,50.6,0.05,1121.15,2578.53,1801.06,1813.94,0.027,6.57,1,TRUE,17035,74778,1.35,0,18,23,10,8,7,97,1837,2477,58,40,252,44408,220,216,153,90,0,47,467,33,1472,0,583,0,17,0,107,101,26,0,17225,4196,63,21421,4.105100095,0.243599419,3.7,3.33,89.86
Marion Island,PB1,PB1_1B,ACE_ITRAX_16569,10.7,50.7,50.7,0.05,1126.62,2582.54,1804.71,1817.64,0.027,6.57,1,TRUE,16076,72142,1.35,0,40,32,6,12,33,109,1909,2641,84,60,324,43101,212,200,155,63,0,40,527,125,1561,0,605,0,18,0,14,41,10,20,15890,3764,92,19654,4.221572795,0.23687854,3.7,4.74,128.11
Marion Island,PB1,PB1_1B,ACE_ITRAX_16570,10.8,50.8,50.8,0.05,1129.39,2583.76,1808.42,1821.35,0.027,6.57,1,TRUE,15990,70837,1.38,0,18,15,0,11,0,101,1871,2679,74,31,365,42437,187,136,144,131,0,26,322,34,1735,0,755,0,7,0,31,0,87,27,15178,3927,17,19105,3.865036924,0.25872974,3.71,2,53.77
Marion Island,PB1,PB1_1B,ACE_ITRAX_16571,10.9,50.9,50.9,0.05,1132.55,2586.2,1812.51,1825.05,0.027,6.56,1,TRUE,14809,67647,1.3,41,32,49,22,15,10,107,2294,2682,74,90,360,41477,153,167,133,31,0,74,401,104,1451,0,537,0,0,0,6,22,53,5,13386,3430,52,16816,3.902623907,0.25623786,3.7,2.8,75.68
Marion Island,PB1,PB1_1B,ACE_ITRAX_16572,11,51,51,0.05,1136.32,2591.93,1816.64,1828.75,0.027,6.58,1,TRUE,13829,57133,1.37,0,10,0,0,14,9,68,1330,2224,65,73,236,31112,220,155,136,89,0,0,414,57,1513,56,722,0,11,0,79,62,0,20,14512,3401,72,17913,4.2669803,0.234357773,3.7,4.75,128.38
Marion Island,PB1,PB1_1B,ACE_ITRAX_16573,11.1,51.1,51.1,0.05,1141.57,2596.35,1820.05,1832.45,0.027,6.59,1,TRUE,16718,73637,1.37,19,33,33,0,32,24,127,1946,2964,58,84,347,44046,274,146,93,45,0,25,526,0,1710,0,671,0,30,0,34,18,27,9,15726,4051,74,19777,3.882004443,0.257598881,3.7,4.84,130.68
Marion Island,PB1,PB1_1B,ACE_ITRAX_16574,11.2,51.2,51.2,0.05,1148.57,2596.74,1823.12,1836.15,0.027,6.61,1,TRUE,16299,62654,1.33,40,28,29,10,14,0,67,1229,2449,74,54,222,31256,234,214,136,121,24,0,469,110,1677,0,921,0,5,0,14,29,79,0,18260,4323,0,22583,4.223918575,0.236746988,3.7,3.69,99.86
Marion Island,PB1,PB1_1B,ACE_ITRAX_16575,11.3,51.3,51.3,0.05,1154.25,2598.76,1827.74,1839.85,0.027,6.64,1,TRUE,17725,67304,1.42,38,24,23,23,12,10,54,1167,2583,54,82,175,33625,141,177,117,72,0,45,613,164,1701,0,774,0,9,0,36,103,102,0,20417,4395,23,24812,4.645506257,0.215261792,3.7,3.85,104.05
Marion Island,PB1,PB1_1B,ACE_ITRAX_16576,11.4,51.4,51.4,0.05,1156.21,2603.44,1830.96,1843.55,0.027,6.64,1,TRUE,17022,67696,1.37,0,7,27,0,18,0,62,1534,2655,86,49,195,35256,266,204,59,53,0,98,569,13,1439,57,830,0,0,0,24,36,37,50,19584,4024,39,23608,4.866799205,0.205473856,3.7,3.32,89.73
Marion Island,PB1,PB1_1B,ACE_ITRAX_16577,11.5,51.5,51.5,0.05,1157.42,2608.53,1834.65,1847.25,0.027,6.65,1,TRUE,16692,67727,1.38,12,56,37,8,14,13,68,1320,2539,46,33,222,36780,127,194,100,90,0,32,503,85,1650,0,636,0,0,0,44,13,13,0,18577,3983,17,22560,4.664072307,0.214404909,3.7,3.15,85.14
Marion Island,PB1,PB1_1B,ACE_ITRAX_16578,11.6,51.6,51.6,0.05,1159.61,2611.8,1838.02,1850.95,0.027,6.63,1,TRUE,16015,69950,1.42,17,47,34,25,15,10,34,1264,2585,98,16,246,41269,188,180,186,120,0,46,495,57,1627,0,734,0,0,0,0,84,5,42,15905,4003,13,19908,3.973270047,0.251681861,3.7,2.73,73.78
Marion Island,PB1,PB1_1B,ACE_ITRAX_16579,11.7,51.7,51.7,0.05,1160.88,2613.51,1841.23,1854.65,0.027,6.61,1,TRUE,13360,57131,1.4,0,0,25,6,16,0,102,1290,2325,88,40,217,32212,209,97,120,52,0,0,307,21,1896,0,732,0,4,0,0,56,74,14,13143,3611,12,16754,3.639711991,0.274747014,3.7,1.49,40.27
Marion Island,PB1,PB1_1B,ACE_ITRAX_16580,11.8,51.8,51.8,0.05,1164.73,2614.76,1844.7,1858.36,0.027,6.6,1,TRUE,11278,46442,1.17,17,0,17,27,27,9,50,1067,1658,61,33,190,23701,100,137,89,72,49,61,298,0,1470,23,625,0,20,0,22,0,27,52,12725,3392,36,16117,3.751474057,0.266561886,3.71,2.55,68.73
Marion Island,PB1,PB1_1B,ACE_ITRAX_16581,11.9,51.9,51.9,0.05,1166.46,2616.14,1848.9,1862.06,0.027,6.59,1,TRUE,11959,45436,1.2,0,10,0,0,7,0,57,1025,1386,20,52,162,21809,196,120,76,66,11,95,389,27,1386,0,706,0,0,6,27,0,0,0,14049,3326,68,17375,4.223992784,0.236742829,3.7,1.55,42.03
Marion Island,PB1,PB1_1B,ACE_ITRAX_16582,12,52,52,0.05,1170.88,2621.99,1853.35,1865.76,0.027,6.57,1,TRUE,14943,61295,1.36,0,20,20,16,0,0,105,1816,2435,55,79,206,34239,202,141,105,0,0,50,367,87,1376,0,552,0,0,0,55,102,50,0,15198,3485,55,18683,4.36097561,0.229306488,3.7,5.13,138.78
Marion Island,PB1,PB1_1B,ACE_ITRAX_16583,12.1,52.1,52.1,0.05,1175.79,2624.05,1858.42,1869.46,0.027,6.53,1,TRUE,14848,67315,1.41,0,29,43,0,21,0,117,2021,2683,25,53,332,41552,298,99,53,32,0,16,400,21,1630,0,684,0,0,0,34,77,0,0,13315,3363,57,16678,3.959262563,0.252572287,3.7,3.49,94.19
Marion Island,PB1,PB1_1B,ACE_ITRAX_16585,12.3,52.3,52.3,0.05,1183.3,2627.64,1865.58,1876.86,0.027,6.46,1,TRUE,16723,75199,1.45,0,36,13,9,6,9,95,1850,3234,93,18,324,45261,287,170,188,121,0,44,418,113,1605,0,761,0,15,0,50,168,103,72,15704,3835,0,19539,4.094915254,0.244205298,7.4,5.55,75
Marion Island,PB1,PB1_1B,ACE_ITRAX_16586,12.4,52.4,52.4,0.05,1184.68,2631.22,1869.89,1880.56,0.027,6.46,1,TRUE,14941,66603,1.38,30,25,50,0,21,15,101,1811,2578,43,7,267,39057,246,144,84,108,0,61,431,0,1522,62,580,0,0,0,37,15,0,25,15050,3862,18,18912,3.896944588,0.256611296,3.7,2.48,67.03
Marion Island,PB1,PB1_1B,ACE_ITRAX_16587,12.5,52.5,52.5,0.05,1186.07,2636.93,1874.02,1884.26,0.027,6.48,1,TRUE,15796,67398,1.31,20,34,31,17,19,7,71,1777,2970,74,35,247,38110,215,183,97,66,0,18,481,0,1977,15,618,0,0,0,49,0,0,0,15707,4055,11,19762,3.873489519,0.258165149,3.7,3.55,95.95
Marion Island,PB1,PB1_1B,ACE_ITRAX_16588,12.6,52.6,52.6,0.05,1187.46,2647.91,1879.04,1887.96,0.027,6.51,1,TRUE,16655,69463,1.27,22,34,28,11,20,13,85,1611,2913,63,71,275,38963,278,197,137,56,25,0,452,149,1643,0,667,0,0,0,25,0,99,0,17068,4150,0,21218,4.112771084,0.243145067,3.7,6.19,167.16
Marion Island,PB1,PB1_1B,ACE_ITRAX_16589,12.7,52.7,52.7,0.05,1190.02,2649.45,1882.76,1891.66,0.027,6.55,1,TRUE,17485,71686,1.32,5,32,32,30,15,23,65,1553,2970,64,80,280,38816,319,192,179,14,0,41,536,57,1579,0,816,5,0,0,30,118,80,0,18810,4390,30,23200,4.284738041,0.233386497,3.7,2.05,55.41
Marion Island,PB1,PB1_1B,ACE_ITRAX_16590,12.8,52.8,52.8,0.05,1191.52,2655.34,1886,1895.36,0.027,6.56,1,TRUE,17908,73472,1.38,0,19,14,0,25,0,60,1777,2883,51,62,274,39543,288,193,106,52,0,124,760,0,1609,0,728,0,17,0,64,50,54,80,19536,4527,35,24063,4.315440689,0.231726044,3.7,3.7,99.86
Marion Island,PB1,PB1_1B,ACE_ITRAX_16591,12.9,52.9,52.9,0.05,1194.53,2661.7,1890.92,1899.07,0.027,6.56,1,TRUE,19086,78758,1.38,0,17,14,6,11,30,77,1636,3267,73,62,291,43358,294,278,180,108,0,62,605,28,1707,0,749,0,0,0,46,59,0,0,20823,4464,106,25287,4.664650538,0.214378332,3.71,4.68,126.28
Marion Island,PB1,PB1_1B,ACE_ITRAX_16592,13,53,53,0.05,1199.93,2670.72,1895.37,1902.77,0.027,6.57,1,TRUE,19341,78329,1.47,24,31,33,10,29,0,80,1622,3122,12,84,305,41049,199,241,181,162,0,124,812,42,1842,0,927,0,9,0,34,56,0,73,21737,4924,42,26661,4.414500406,0.2265262,3.7,7.21,194.86
Marion Island,PB1,PB1_1B,ACE_ITRAX_16593,13.1,53.1,53.1,0.05,1202.82,2672.03,1899.58,1906.47,0.027,6.58,1,TRUE,19433,75710,1.52,0,26,26,16,30,9,32,1261,2855,139,58,239,38390,246,220,98,125,22,147,773,0,1843,0,819,0,0,0,22,36,24,0,22770,4875,34,27645,4.670769231,0.214097497,3.7,2.1,56.76
Marion Island,PB1,PB1_1B,ACE_ITRAX_16594,13.2,53.2,53.2,0.05,1205.1,2673.33,1902.09,1910.17,0.027,6.58,1,TRUE,20007,82798,1.4,0,34,39,18,37,0,93,1796,3305,100,88,306,45800,362,241,150,136,0,79,751,84,1771,0,677,0,10,0,19,199,84,0,21550,4492,0,26042,4.797417631,0.208445476,3.7,1.79,48.38
Marion Island,PB1,PB1_1B,ACE_ITRAX_16595,13.3,53.3,53.3,0.05,1208.48,2674.23,1906.48,1913.87,0.027,6.58,1,TRUE,18989,80231,1.35,0,0,26,0,35,6,111,1953,3384,41,94,281,45133,81,217,142,132,0,99,764,0,1736,0,773,0,0,0,21,114,33,91,20043,4368,94,24411,4.588598901,0.217931447,3.7,2.14,57.84
Marion Island,PB1,PB1_1B,ACE_ITRAX_16596,13.4,53.4,53.4,0.05,1210.56,2675.02,1910.3,1917.57,0.027,6.57,1,TRUE,18129,75699,1.27,8,9,13,18,28,0,106,1798,2912,53,73,302,42480,235,263,144,112,0,68,758,0,1504,0,622,0,0,0,12,0,0,0,19291,4301,100,23592,4.485235992,0.222953709,3.7,1.43,38.78
Marion Island,PB1,PB1_1B,ACE_ITRAX_16597,13.5,53.5,53.5,0.05,1212.42,2675.81,1913.63,1921.27,0.027,6.58,1,TRUE,18301,80002,1.54,36,54,29,0,36,0,95,2262,3106,135,87,307,46223,330,260,145,137,0,43,577,241,1624,0,660,0,7,0,48,56,68,52,18576,4110,79,22686,4.519708029,0.22125323,3.7,1.33,35.81
Marion Island,PB1,PB1_1B,ACE_ITRAX_16598,13.6,53.6,53.6,0.05,1218.67,2678.59,1917.8,1924.97,0.027,6.59,1,TRUE,17878,78462,1.41,30,47,21,0,42,7,142,2192,3067,95,73,369,46727,211,229,108,134,0,0,518,102,1599,0,635,0,0,0,19,69,0,0,17225,4160,120,21385,4.140625,0.241509434,3.7,4.52,122.03
Marion Island,PB1,PB1_1B,ACE_ITRAX_16599,13.7,53.7,53.7,0.05,1221.52,2679.91,1921.13,1928.67,0.027,6.59,1,TRUE,17292,76213,1.51,11,27,22,13,24,6,94,1863,2695,79,90,301,44452,226,224,126,133,0,45,532,82,1662,0,631,0,0,0,46,94,101,0,17768,4251,90,22019,4.179722418,0.239250338,3.7,2.08,56.35
Marion Island,PB1,PB1_1B,ACE_ITRAX_16600,13.8,53.8,53.8,0.05,1223.94,2682.97,1925.34,1932.37,0.027,6.6,1,TRUE,17286,74498,1.28,27,28,31,0,24,0,44,1504,2700,101,78,230,43512,224,228,118,95,0,101,581,100,1806,0,703,0,0,0,14,58,39,113,17374,4173,32,21547,4.163431584,0.240186486,3.7,2.74,74.05
Marion Island,PB1,PB1_1B,ACE_ITRAX_16601,13.9,53.9,53.9,0.05,1225.23,2688.49,1928.79,1936.08,0.027,6.59,1,TRUE,16206,70211,1.3,30,38,27,0,8,4,92,1566,2789,52,54,284,40735,178,204,146,150,0,13,521,0,1712,32,709,0,0,0,36,0,77,0,16274,3937,36,20211,4.133604267,0.241919626,3.71,3.4,91.78
Marion Island,PB1,PB1_1B,ACE_ITRAX_16602,14,54,54,0.05,1225.31,2693.71,1932.13,1939.78,0.027,6.59,1,TRUE,15494,66898,1.3,9,41,0,0,32,22,86,1730,2594,71,44,256,39638,150,214,88,93,0,9,383,0,1523,0,688,0,0,0,55,0,0,113,14957,3642,9,18599,4.106809445,0.243498028,3.7,2.65,71.62
Marion Island,PB1,PB1_1B,ACE_ITRAX_16603,14.1,54.1,54.1,0.05,1225.39,2697.78,1935.26,1943.48,0.027,6.58,1,TRUE,15210,70135,1.37,9,32,26,10,22,4,176,2294,2657,89,85,399,42700,198,192,111,79,0,70,482,41,1778,96,656,0,5,0,49,57,22,10,13565,3834,142,17399,3.538080334,0.282639145,3.7,2.08,56.08
Marion Island,PB1,PB1_1B,ACE_ITRAX_16604,14.2,54.2,54.2,0.05,1225.62,2701.86,1939.23,1947.18,0.027,6.58,1,TRUE,15610,71942,1.31,0,18,19,0,22,0,106,2029,2763,54,65,346,44142,137,222,141,61,0,0,446,41,1798,0,644,0,5,0,57,0,22,0,14336,3927,37,18263,3.650623886,0.273925781,3.7,2.15,58.24
Marion Island,PB1,PB1_1B,ACE_ITRAX_16605,14.3,54.3,54.3,0.05,1227.49,2710.76,1942.46,1950.88,0.027,6.58,1,TRUE,16559,77623,1.46,8,21,25,6,18,0,122,2642,3114,55,97,361,47776,217,236,189,140,0,23,429,41,2020,38,644,0,14,0,61,18,40,50,14857,3815,0,18672,3.894364351,0.256781315,3.7,5.39,145.54
Marion Island,PB1,PB1_1B,ACE_ITRAX_16606,14.4,54.4,54.4,0.05,1232.53,2717.1,1946.07,1954.58,0.027,6.59,1,TRUE,16865,82429,1.31,22,56,28,0,22,0,177,2846,3494,18,83,448,53127,276,223,219,208,0,0,471,121,1941,0,681,0,0,0,89,24,0,0,13535,3764,62,17299,3.595908608,0.278093831,3.7,5.69,153.78
Marion Island,PB1,PB1_1B,ACE_ITRAX_16607,14.5,54.5,54.5,0.05,1233.01,2721.8,1949.93,1958.28,0.027,6.61,1,TRUE,16472,84222,1.49,20,43,68,0,24,19,186,3751,3554,69,131,497,54697,341,194,145,149,0,21,392,17,1880,0,679,0,0,0,69,0,46,0,12839,3823,50,16662,3.358357311,0.297764623,3.7,2.59,70
Marion Island,PB1,PB1_1B,ACE_ITRAX_16608,14.6,54.6,54.6,0.05,1233.5,2727.42,1953.75,1961.98,0.027,6.62,1,TRUE,14598,69656,1.41,16,32,28,7,17,9,111,2399,2945,78,112,388,43517,183,190,97,98,79,110,392,50,1742,0,624,0,0,0,14,0,42,0,12221,3626,33,15847,3.370380585,0.296702398,3.7,3.05,82.57
Marion Island,PB1,PB1_1B,ACE_ITRAX_16609,14.7,54.7,54.7,0.05,1235.03,2735.07,1957.77,1965.68,0.027,6.62,1,TRUE,14618,66511,1.35,19,49,23,14,11,0,61,1660,2504,80,69,249,40035,131,174,90,154,0,12,425,140,1864,58,715,0,0,0,41,24,105,0,13547,3794,48,17341,3.570637849,0.280062006,3.7,4.59,124.05
Marion Island,PB1,PB1_1B,ACE_ITRAX_16610,14.8,54.8,54.8,0.05,1238.26,2742.88,1960.54,1969.38,0.027,6.62,1,TRUE,17299,82179,1.38,38,45,15,0,30,8,99,2277,3721,49,138,335,51696,306,255,179,99,0,81,557,86,2037,0,592,0,0,0,41,107,0,0,14909,3999,62,18908,3.728182046,0.268227245,3.7,5.52,149.19
Marion Island,PB1,PB1_1B,ACE_ITRAX_16611,14.9,54.9,54.9,0.05,1242.05,2748.52,1965.37,1973.08,0.027,6.62,1,TRUE,17945,81701,1.37,0,23,16,0,20,0,59,1589,3157,97,57,276,50791,290,208,126,95,50,48,680,0,2142,0,807,0,0,0,39,0,12,8,16285,4271,155,20556,3.812924374,0.262265889,3.7,4.71,127.43
Marion Island,PB1,PB1_1B,ACE_ITRAX_16612,15,55,55,0.05,1243.88,2750.71,1968.31,1976.79,0.027,6.64,1,TRUE,18344,84042,1.39,17,32,35,0,0,0,98,2345,3389,112,71,319,50689,511,178,106,115,0,108,676,63,2345,0,748,0,0,0,36,31,38,0,16828,4647,71,21475,3.621261029,0.276146898,3.71,2.01,54.18
Marion Island,PB1,PB1_1B,ACE_ITRAX_16613,15.1,55.1,55.1,0.05,1249.78,2752.73,1972.54,1980.57,0.0265,6.66,1,TRUE,17192,77069,1.38,38,13,35,20,33,0,116,2093,3381,77,61,285,44741,351,167,91,96,0,75,656,0,2039,14,863,0,0,0,59,85,66,46,16773,4176,80,20949,4.016522989,0.248971561,3.78,3.96,104.76
Marion Island,PB1,PB1_1B,ACE_ITRAX_16614,15.2,55.2,55.2,0.05,1253.23,2754.61,1977.53,1984.35,0.0265,6.68,1,TRUE,16486,74216,1.35,0,7,25,0,22,8,92,2076,3381,107,37,303,43497,306,132,100,148,0,63,533,82,2149,0,738,0,11,0,0,0,0,109,15602,4144,146,19746,3.76496139,0.265606973,3.78,2.67,70.5
Marion Island,PB1,PB1_1B,ACE_ITRAX_16615,15.3,55.3,55.3,0.05,1257.18,2757.57,1981.85,1988.13,0.0265,6.69,1,TRUE,16069,71377,1.39,0,5,11,10,25,0,92,1861,2983,78,37,250,42325,230,164,124,85,0,82,653,37,1893,0,711,0,0,0,45,47,79,0,15240,3862,44,19102,3.946141895,0.253412073,3.78,3.46,91.4
Marion Island,PB1,PB1_1B,ACE_ITRAX_16616,15.4,55.4,55.4,0.05,1264.37,2760.54,1985.94,1991.92,0.0264,6.68,1,TRUE,16506,76455,1.4,0,17,33,0,19,7,158,2280,3427,67,72,326,46949,247,176,125,91,0,40,517,19,1903,0,609,0,0,0,39,8,26,28,14826,3867,66,18693,3.833979829,0.260825577,3.79,5.08,134.04
Marion Island,PB1,PB1_1B,ACE_ITRAX_16617,15.5,55.5,55.5,0.05,1274.41,2763.83,1990.25,1995.7,0.0265,6.66,1,TRUE,16267,78575,1.3,0,22,15,0,20,10,154,2452,3403,123,63,375,49891,185,207,104,79,0,67,534,0,2144,0,671,0,0,0,44,0,0,0,13788,3747,19,17535,3.679743795,0.27175805,3.78,6.67,176.32
Marion Island,PB1,PB1_1B,ACE_ITRAX_16618,15.6,55.6,55.6,0.05,1281.15,2768.29,1994.2,1999.48,0.0265,6.65,1,TRUE,16898,83048,1.51,11,34,27,0,21,0,136,2575,3635,80,102,411,53593,225,170,95,107,0,42,491,129,2065,0,714,0,0,0,71,80,5,0,13920,3878,20,17798,3.589479113,0.278591954,3.78,5.6,148.15
Marion Island,PB1,PB1_1B,ACE_ITRAX_16619,15.7,55.7,55.7,0.05,1285.31,2773.73,1998.24,2003.26,0.0265,6.65,1,TRUE,16772,82505,1.45,0,39,41,15,29,24,162,2651,3608,123,93,447,53538,112,154,105,78,0,136,449,13,2272,75,578,0,0,0,19,90,6,0,13356,3790,105,17146,3.524010554,0.283767595,3.78,4.8,126.98
Marion Island,PB1,PB1_1B,ACE_ITRAX_16620,15.8,55.8,55.8,0.05,1288.89,2776.01,2001.15,2007.04,0.0265,6.66,1,TRUE,15692,76692,1.27,44,41,49,28,24,17,191,2660,3454,73,86,418,48537,214,151,28,88,0,66,466,177,2050,0,703,0,9,0,36,72,66,0,12774,3633,0,16407,3.516102395,0.284405824,3.78,2.93,77.51
Marion Island,PB1,PB1_1B,ACE_ITRAX_16621,15.9,55.9,55.9,0.05,1294.88,2777.87,2005.15,2010.83,0.0264,6.66,1,TRUE,15960,77637,1.52,0,14,8,6,31,8,139,2514,3256,78,43,339,49844,294,130,63,0,0,5,542,88,1928,7,688,0,0,0,50,72,40,20,13144,3843,63,16987,3.420244601,0.29237675,3.79,3.92,103.56
Marion Island,PB1,PB1_1B,ACE_ITRAX_16622,16,56,56,0.05,1301.39,2781.05,2009.08,2014.61,0.0265,6.67,1,TRUE,16004,74937,1.34,21,48,12,17,30,0,88,2060,3022,67,43,323,47790,113,161,139,88,0,46,463,78,1841,0,519,0,0,0,0,106,42,0,13625,3682,35,17307,3.700434546,0.270238532,3.78,4.85,128.17
Marion Island,PB1,PB1_1B,ACE_ITRAX_16623,16.1,56.1,56.1,0.05,1304.35,2787.29,2013.83,2018.39,0.0265,6.66,1,TRUE,16509,76129,1.52,30,39,28,7,9,0,100,2056,3210,77,32,313,46782,284,152,138,88,0,79,449,19,2038,0,812,0,0,0,6,0,0,36,14922,3913,60,18835,3.813442372,0.262230264,3.78,4.6,121.69
Marion Island,PB1,PB1_1B,ACE_ITRAX_16624,16.2,56.2,56.2,0.05,1308.76,2788.57,2016.68,2022.17,0.0265,6.66,1,TRUE,17194,80358,1.38,0,26,15,0,0,0,106,2481,3371,93,70,383,49693,254,169,108,122,12,6,479,68,1972,0,795,0,0,0,57,0,0,0,15231,4238,131,19469,3.593912223,0.278248309,3.78,2.85,75.26
Marion Island,PB1,PB1_1B,ACE_ITRAX_16625,16.3,56.3,56.3,0.05,1310.47,2790.59,2019.13,2025.96,0.0264,6.67,1,TRUE,17672,82286,1.38,0,16,11,4,18,5,125,2220,3417,52,50,395,50373,345,171,139,62,0,51,597,84,2341,0,743,0,0,0,61,26,71,45,16059,4219,133,20278,3.806352216,0.262718725,3.79,1.87,49.21
Marion Island,PB1,PB1_1B,ACE_ITRAX_16626,16.4,56.4,56.4,0.05,1316.27,2793.71,2022.52,2029.74,0.0265,6.68,1,TRUE,17354,81232,1.48,29,39,34,0,15,0,152,2556,3622,66,61,411,49119,229,189,194,162,0,55,551,118,2139,0,863,0,0,0,62,60,72,0,15647,4215,18,19862,3.712218268,0.269380712,3.78,4.46,117.99
Marion Island,PB1,PB1_1B,ACE_ITRAX_16627,16.5,56.5,56.5,0.05,1323.54,2796.3,2026.08,2033.52,0.0265,6.69,1,TRUE,15906,76292,1.27,28,30,17,5,8,0,137,2532,3319,107,77,383,47733,192,154,135,20,0,89,353,141,2038,0,630,0,0,0,24,0,19,36,13898,3764,115,17662,3.692348565,0.270830335,3.78,4.93,130.42
Marion Island,PB1,PB1_1B,ACE_ITRAX_16628,16.6,56.6,56.6,0.05,1331.3,2800.07,2029.81,2037.3,0.0265,6.69,1,TRUE,15177,76173,1.38,69,79,73,29,29,6,195,2883,3457,73,64,474,49303,172,127,76,107,0,9,381,58,1824,0,627,0,13,0,52,13,10,8,12124,3398,44,15522,3.567981165,0.280270538,3.78,5.76,152.51
Marion Island,PB1,PB1_1B,ACE_ITRAX_16629,16.7,56.7,56.7,0.05,1332.9,2804.43,2032.25,2041.09,0.0264,6.68,1,TRUE,16279,80899,1.38,54,52,59,0,26,12,184,3106,3623,111,80,448,52487,54,125,64,49,0,27,487,77,1731,0,652,0,17,0,32,62,66,12,13371,3345,35,16716,3.997309417,0.250168275,3.79,2.98,78.63
Marion Island,PB1,PB1_1B,ACE_ITRAX_16630,16.8,56.8,56.8,0.05,1337.67,2807.97,2034.88,2044.87,0.0265,6.68,1,TRUE,15624,78387,1.55,19,46,49,0,36,17,174,2805,3198,83,67,492,51397,125,202,89,39,0,0,341,174,1701,0,615,0,18,0,46,92,0,0,12691,3388,14,16079,3.745867769,0.266960838,3.78,4.15,109.92
Marion Island,PB1,PB1_1B,ACE_ITRAX_16631,16.9,56.9,56.9,0.05,1344.25,2810.54,2040.1,2048.65,0.0265,6.68,1,TRUE,13430,64957,1.35,0,11,18,0,24,0,122,2280,2567,10,107,364,41291,132,130,107,51,0,5,258,0,1627,0,562,0,0,0,49,62,0,0,11350,3440,0,14790,3.299418605,0.3030837,3.78,4.58,121.03
Marion Island,PB1,PB1_1B,ACE_ITRAX_16632,17,57,57,0.05,1346.86,2814.17,2042.86,2052.43,0.0265,6.67,1,TRUE,16766,88479,1.45,0,12,47,0,18,6,221,3817,3674,61,115,555,59886,296,170,99,117,18,0,237,86,1994,0,597,0,0,0,33,0,0,0,12202,3760,66,15962,3.245212766,0.308146206,3.78,3.12,82.54
Marion Island,PB1,PB1_1B,ACE_ITRAX_16633,17.1,57.1,57.1,0.05,1349.11,2818.47,2047.19,2056.22,0.0264,6.67,1,TRUE,15726,82902,1.52,0,27,23,0,6,0,221,3383,3501,120,56,535,55964,268,179,235,209,0,0,289,92,1965,0,651,0,0,0,68,74,5,0,10955,3570,74,14525,3.068627451,0.325878594,3.79,3.27,86.41
Marion Island,PB1,PB1_1B,ACE_ITRAX_16634,17.2,57.2,57.2,0.05,1351.67,2821.84,2051.01,2060,0.0265,6.66,1,TRUE,14341,72447,1.37,11,13,16,0,14,0,189,2879,2751,84,72,451,46941,140,111,166,147,12,38,203,66,1901,0,619,0,0,0,33,9,12,24,11600,3467,59,15067,3.345832132,0.29887931,3.78,2.97,78.44
Marion Island,PB1,PB1_1B,ACE_ITRAX_16635,17.3,57.3,57.3,0.05,1355.99,2823.46,2055.13,2063.78,0.0265,6.65,1,TRUE,16263,83777,1.44,25,31,41,0,12,21,219,3607,3472,141,75,474,54788,200,199,162,89,0,86,296,134,2334,37,769,0,0,0,4,14,41,0,12151,3887,29,16038,3.12606123,0.319891367,3.78,2.97,78.57
Marion Island,PB1,PB1_1B,ACE_ITRAX_16636,17.4,57.4,57.4,0.05,1360.81,2825.57,2059.21,2067.56,0.0265,6.65,1,TRUE,14932,77458,1.38,10,27,19,9,51,0,203,3519,3112,106,64,478,51409,130,85,108,110,0,54,240,94,2022,0,472,0,0,0,59,0,12,100,11127,3416,97,14543,3.257318501,0.307000989,3.78,3.47,91.67
Marion Island,PB1,PB1_1B,ACE_ITRAX_16637,17.5,57.5,57.5,0.05,1367.57,2829.18,2062.45,2071.35,0.0264,6.67,1,TRUE,15766,84257,1.43,20,28,59,21,8,0,282,3995,3632,54,73,525,57341,142,121,146,183,0,81,119,74,2235,18,635,0,6,0,23,20,0,0,10263,3579,176,13842,2.867560771,0.348728442,3.79,5.18,136.81
Marion Island,PB1,PB1_1B,ACE_ITRAX_16638,17.6,57.6,57.6,0.05,1372.88,2838.32,2068.09,2075.13,0.0265,6.68,1,TRUE,13889,72826,1.36,10,39,19,11,19,9,190,3486,2984,17,112,438,48082,258,140,127,131,0,0,194,57,2019,0,555,0,0,0,47,22,0,0,10008,3436,65,13444,2.912689173,0.34332534,3.78,7.23,191.14
Marion Island,PB1,PB1_1B,ACE_ITRAX_16639,17.7,57.7,57.7,0.05,1378.65,2842.22,2070.58,2078.91,0.0265,6.68,1,TRUE,13826,68908,1.29,7,16,52,0,18,13,192,2715,2726,62,58,387,43332,285,93,123,116,37,77,325,114,2026,0,666,0,0,0,52,7,57,0,11224,3744,21,14968,2.997863248,0.333570919,3.78,4.83,127.91
Marion Island,PB1,PB1_1B,ACE_ITRAX_16640,17.8,57.8,57.8,0.05,1383.93,2846.88,2076.64,2082.69,0.0265,6.68,1,TRUE,15732,72201,1.42,20,37,37,0,0,6,103,2519,3201,36,79,373,42657,267,181,93,85,0,55,490,82,2186,0,676,0,0,0,0,120,80,0,14292,4022,7,18314,3.553455992,0.281416177,3.78,4.97,131.48
Marion Island,PB1,PB1_1B,ACE_ITRAX_16641,17.9,57.9,57.9,0.05,1389.98,2850.44,2080.67,2086.47,0.0265,6.69,1,TRUE,17680,79229,1.43,33,37,43,20,23,19,144,2540,3341,109,66,376,45551,480,250,96,83,0,0,614,86,2027,0,969,0,8,0,63,51,7,0,17147,4424,13,21571,3.875904159,0.258004316,3.78,4.8,127.12
Marion Island,PB1,PB1_1B,ACE_ITRAX_16642,18,58,58,0.05,1393.87,2857.27,2084.93,2090.26,0.0264,6.7,1,TRUE,19200,88682,1.46,0,38,49,13,6,18,163,2826,3987,78,120,410,52506,357,191,113,32,0,83,811,102,1789,0,766,0,14,0,53,76,0,54,18920,4581,173,23501,4.130102598,0.242124736,3.79,5.36,141.42
Marion Island,PB1,PB1_1B,ACE_ITRAX_16643,18.1,58.1,58.1,0.05,1397.75,2860.57,2088.83,2094.04,0.0265,6.71,1,TRUE,18327,80150,1.41,0,30,12,0,0,7,116,2025,3191,46,115,337,45157,188,237,143,125,0,98,789,134,1801,0,799,0,32,0,39,102,31,0,19540,4480,0,24020,4.361607143,0.229273286,3.78,3.59,94.97
Marion Island,PB1,PB1_1B,ACE_ITRAX_16644,18.2,58.2,58.2,0.05,1399.57,2865.04,2091.79,2097.82,0.0265,6.73,1,TRUE,19264,84909,1.43,14,45,16,14,19,0,160,2868,3680,86,81,372,48235,195,265,143,159,82,69,843,36,1713,0,813,0,0,0,40,0,25,0,20030,4409,160,24439,4.542980268,0.22011982,3.78,3.14,83.2
Marion Island,PB1,PB1_1B,ACE_ITRAX_16645,18.3,58.3,58.3,0.05,1402.98,2869.58,2096.07,2101.6,0.0265,6.74,1,TRUE,18045,78434,1.33,10,21,32,31,20,17,138,2415,3187,148,33,352,44694,248,179,68,46,0,60,672,58,1762,0,661,0,23,0,34,118,43,52,18518,4274,0,22792,4.332709406,0.230802462,3.78,3.98,105.16
Marion Island,PB1,PB1_1B,ACE_ITRAX_16646,18.4,58.4,58.4,0.05,1403.68,2875.66,2100.65,2105.39,0.0264,6.74,1,TRUE,18266,79958,1.39,33,37,23,14,0,0,104,2293,3425,128,71,302,45063,208,225,99,154,0,43,832,65,2037,0,903,0,0,0,40,58,40,18,18378,4777,114,23155,3.847184425,0.259930352,3.79,3.39,89.45
Marion Island,PB1,PB1_1B,ACE_ITRAX_16647,18.5,58.5,58.5,0.05,1405.7,2881.83,2104.01,2109.17,0.0265,6.75,1,TRUE,18170,73446,1.46,0,32,27,7,12,5,57,1435,3220,155,76,280,38512,254,194,76,117,0,48,904,70,2031,0,786,0,13,0,16,111,0,0,19851,4587,30,24438,4.327665141,0.231071483,3.78,4.1,108.33
Marion Island,PB1,PB1_1B,ACE_ITRAX_16648,18.6,58.6,58.6,0.05,1406.68,2887.33,2107.48,2112.95,0.0265,6.75,1,TRUE,19053,77195,1.44,0,48,17,0,13,0,69,1645,3443,125,81,263,39432,188,218,156,137,92,114,844,166,2063,0,960,0,18,0,32,0,0,0,21649,4862,297,26511,4.452694364,0.224583122,3.78,3.24,85.71
Marion Island,PB1,PB1_1B,ACE_ITRAX_16649,18.7,58.7,58.7,0.05,1407.65,2892.36,2110.75,2116.73,0.0265,6.76,1,TRUE,19814,78937,1.46,0,20,28,0,30,0,76,1594,3479,77,95,220,40618,318,237,153,84,12,0,1047,0,1905,0,765,0,13,0,47,0,13,0,22497,4880,138,27377,4.610040984,0.216917811,3.78,3,79.37
Marion Island,PB1,PB1_1B,ACE_ITRAX_16650,18.8,58.8,58.8,0.05,1408.65,2898.49,2113.49,2120.52,0.0264,6.77,1,TRUE,19232,74996,1.53,18,31,16,19,37,6,68,1533,3440,87,90,205,37115,196,261,170,90,0,98,940,30,1680,0,983,0,0,0,29,12,0,0,22457,4858,31,27315,4.622684232,0.216324531,3.79,3.56,94.06
Marion Island,PB1,PB1_1B,ACE_ITRAX_16651,18.9,58.9,58.9,0.05,1410.63,2901.66,2117.85,2124.3,0.0265,6.78,1,TRUE,18879,72302,1.34,0,8,30,19,10,0,64,1501,3337,47,78,198,34150,248,158,194,100,89,70,1048,63,1810,0,1029,0,0,0,72,0,0,0,22553,4698,8,27251,4.800553427,0.208309316,3.78,2.58,68.12
Marion Island,PB1,PB1_1B,ACE_ITRAX_16652,19,59,59,0.05,1413.8,2904.29,2121.07,2128.08,0.0265,6.78,1,TRUE,18784,72862,1.41,0,8,25,0,16,0,46,1420,3291,111,30,178,35939,318,211,228,141,0,0,987,0,1508,0,908,0,0,0,33,37,45,5,22127,4645,68,26772,4.763616792,0.209924527,3.78,2.9,76.72
Marion Island,PB1,PB1_1B,ACE_ITRAX_16653,19.1,59.1,59.1,0.05,1416.58,2906.92,2124.32,2131.86,0.0265,6.79,1,TRUE,17925,71254,1.32,0,0,7,0,27,0,64,1454,3166,70,73,284,36802,280,146,135,57,0,7,928,42,1750,0,898,0,0,0,38,31,47,0,20195,4224,32,24419,4.781013258,0.209160683,3.78,2.71,71.56
Marion Island,PB1,PB1_1B,ACE_ITRAX_16654,19.2,59.2,59.2,0.05,1418.44,2910.83,2128.73,2135.65,0.0264,6.8,1,TRUE,18691,76377,1.51,0,24,17,0,15,0,68,1742,3185,23,53,247,40542,154,214,100,161,0,98,1000,0,2137,0,853,0,0,0,72,0,0,0,20567,4505,30,25072,4.565371809,0.21904021,3.79,2.88,76.12
Marion Island,PB1,PB1_1B,ACE_ITRAX_16655,19.3,59.3,59.3,0.05,1421.62,2913.03,2132.12,2139.43,0.0265,6.8,1,TRUE,19080,76605,1.4,7,32,25,0,20,28,23,1332,3230,62,69,213,39821,343,186,133,80,0,159,1126,0,2066,0,926,0,0,0,21,34,59,0,21469,4572,11,26041,4.69575678,0.212958219,3.78,2.69,71.16
Marion Island,PB1,PB1_1B,ACE_ITRAX_16656,19.4,59.4,59.4,0.05,1426.32,2915.23,2135.76,2143.21,0.0265,6.81,1,TRUE,19783,77100,1.4,0,48,0,0,39,9,58,1246,2975,85,53,170,38246,353,165,147,52,0,39,1163,93,1953,0,816,0,10,0,22,0,37,0,23696,5067,0,28763,4.676534439,0.213833558,3.78,3.45,91.27
Marion Island,PB1,PB1_1B,ACE_ITRAX_16657,19.5,59.5,59.5,0.05,1427.07,2917.56,2140.07,2146.99,0.0265,6.8,1,TRUE,20047,71194,1.3,37,23,0,0,0,5,39,997,2640,73,58,145,30455,181,188,179,45,0,50,1230,73,1790,0,1003,0,0,0,27,0,161,117,25848,5196,0,31044,4.974595843,0.201021356,3.78,1.54,40.74
Marion Island,PB1,PB1_1B,ACE_ITRAX_16658,19.6,59.6,59.6,0.05,1431.78,2920.46,2144.08,2150.78,0.0264,6.79,1,TRUE,20500,72573,1.41,0,16,0,0,43,0,34,1051,2611,47,65,191,31631,238,198,152,125,0,70,1293,21,1667,0,1031,0,0,0,39,16,0,0,26183,5096,49,31279,5.137951334,0.194630104,3.79,3.81,100.4
Marion Island,PB1,PB1_1B,ACE_ITRAX_16659,19.7,59.7,59.7,0.05,1434.07,2924.76,2148.46,2154.56,0.0265,6.78,1,TRUE,19555,69977,1.4,0,11,5,0,16,16,42,1150,3162,93,13,160,30686,106,151,146,76,0,115,1348,109,1643,0,857,0,0,0,14,0,47,0,24588,4859,177,29447,5.060300473,0.197616724,3.78,3.3,87.17
Marion Island,PB1,PB1_1B,ACE_ITRAX_16660,19.8,59.8,59.8,0.05,1439.05,2928.01,2152.76,2158.34,0.0265,6.79,1,TRUE,18410,67543,1.27,9,10,20,21,26,0,65,1282,3079,114,62,200,30469,130,139,208,109,0,180,1306,26,1584,0,994,0,32,0,31,24,47,0,22213,4546,22,26759,4.886273647,0.204654932,3.78,4.12,108.86
Marion Island,PB1,PB1_1B,ACE_ITRAX_16661,19.9,59.9,59.9,0.05,1442.21,2931.33,2155.5,2162.12,0.0265,6.79,1,TRUE,17474,64763,1.16,29,44,10,5,31,9,55,1190,3146,61,71,214,29470,174,176,141,90,0,0,1041,100,1732,0,823,0,13,0,68,71,142,0,20843,4351,0,25194,4.790393013,0.208751139,3.78,3.24,85.71
Marion Island,PB1,PB1_1B,ACE_ITRAX_16662,20,60,60,0.05,1443.95,2934.6,2157.79,2165.9,0.0265,6.78,1,TRUE,17631,69112,1.38,0,25,14,15,27,16,42,1346,3443,46,61,170,33639,349,265,182,162,0,33,933,8,2262,85,966,5,0,0,68,30,5,32,19679,4519,12,24198,4.354724497,0.229635652,3.78,2.51,66.27
Marion Island,PB1,PB1_1B,ACE_ITRAX_16663,20.1,60.1,60.1,0.05,1452.62,2937.83,2163.23,2169.57,0.0272,6.79,1,TRUE,17231,69302,1.42,6,17,28,0,19,5,74,1559,3557,82,61,200,34443,240,249,159,91,0,39,1022,16,2312,0,971,0,29,0,25,65,67,19,19083,4307,0,23390,4.430694219,0.225698265,3.67,5.95,162.13
Marion Island,PB1,PB1_1B,ACE_ITRAX_16664,20.2,60.2,60.2,0.05,1456.53,2941.25,2168.27,2173.24,0.0272,6.8,1,TRUE,16114,65644,1.37,0,23,23,13,26,19,65,1587,3408,6,74,191,33991,196,185,120,124,0,0,833,0,2059,0,773,0,0,0,53,55,0,85,17049,4125,84,21174,4.133090909,0.241949674,3.67,3.67,99.86
Marion Island,PB1,PB1_1B,ACE_ITRAX_16665,20.3,60.3,60.3,0.05,1460.23,2943.02,2172.01,2176.91,0.0272,6.78,1,TRUE,15213,66553,1.31,43,27,20,7,20,13,70,1878,3427,100,89,254,38643,166,200,148,60,34,38,604,121,2158,0,652,0,0,0,33,0,65,0,13608,3608,76,17216,3.771618625,0.265138154,3.67,2.74,74.52
Marion Island,PB1,PB1_1B,ACE_ITRAX_16666,20.4,60.4,60.4,0.05,1466.24,2944.51,2175.29,2180.57,0.0273,6.78,1,TRUE,15182,69953,1.3,24,27,19,0,0,14,88,2164,3561,83,82,329,41756,132,154,80,102,0,99,480,200,2292,0,677,0,0,0,35,88,134,0,13077,3751,22,16828,3.486270328,0.286839489,3.66,3.75,102.46
Marion Island,PB1,PB1_1B,ACE_ITRAX_16667,20.5,60.5,60.5,0.05,1472.14,2948.29,2179.79,2184.24,0.0272,6.78,1,TRUE,16128,77842,1.38,0,0,31,15,19,19,146,3339,4025,62,177,363,46925,302,171,125,71,0,4,559,49,2431,0,783,0,0,0,58,40,4,14,13626,3951,118,17577,3.448747153,0.28996037,3.67,4.84,131.88
Marion Island,PB1,PB1_1B,ACE_ITRAX_16668,20.6,60.6,60.6,0.05,1474.53,2952.94,2182.67,2187.91,0.0272,6.77,1,TRUE,15786,77639,1.33,15,21,31,0,32,0,153,2808,3783,106,50,364,48200,239,123,56,140,0,57,479,157,2427,10,642,0,0,0,67,78,106,56,13218,3737,0,16955,3.537061814,0.282720533,3.67,3.52,95.91
Marion Island,PB1,PB1_1B,ACE_ITRAX_16669,20.7,60.7,60.7,0.05,1480.82,2954.66,2186.37,2191.58,0.0272,6.76,1,TRUE,16190,80932,1.33,5,34,42,0,29,20,178,3088,3811,59,73,440,50577,188,151,76,173,0,0,380,97,2485,33,823,0,0,0,22,51,101,36,13502,3962,94,17464,3.407874811,0.293438009,3.67,4,109.13
Marion Island,PB1,PB1_1B,ACE_ITRAX_16670,20.8,60.8,60.8,0.05,1482.72,2956.81,2189.27,2195.24,0.0273,6.74,1,TRUE,16073,75406,1.4,7,45,23,0,14,0,124,2766,3856,31,67,303,44816,259,116,84,135,0,19,526,0,2213,0,874,0,0,0,8,41,0,0,14659,3957,79,18616,3.704574172,0.269936558,3.66,2.03,55.33
Marion Island,PB1,PB1_1B,ACE_ITRAX_16671,20.9,60.9,60.9,0.05,1485.68,2960.2,2193.94,2198.91,0.0272,6.72,1,TRUE,14433,64801,1.2,0,29,39,0,17,6,126,2195,3080,37,91,287,36957,299,138,91,158,0,0,532,0,2289,0,613,0,6,0,34,14,0,0,13591,3655,38,17246,3.718467852,0.268927967,3.67,3.17,86.51
Marion Island,PB1,PB1_1B,ACE_ITRAX_16672,21,61,61,0.05,1491.8,2962.76,2197.27,2202.58,0.0272,6.69,1,TRUE,14508,66462,1.53,0,7,26,7,20,7,152,2414,3312,30,81,306,37139,180,172,9,202,0,64,402,54,3057,0,743,0,25,0,98,0,109,0,13278,4047,0,17325,3.280948851,0.304789878,3.67,4.34,118.26
Marion Island,PB1,PB1_1B,ACE_ITRAX_16674,21.2,61.2,61.2,0.05,1500.87,2968.55,2204.9,2209.91,0.0273,6.6,1,TRUE,12616,64693,1.42,0,0,43,0,14,0,163,3167,3226,37,147,358,41403,177,131,60,166,44,27,265,0,1626,0,431,0,9,0,24,0,34,43,9567,3123,0,12690,3.063400576,0.326434619,7.33,7.43,101.36
Marion Island,PB1,PB1_1B,ACE_ITRAX_16675,21.3,61.3,61.3,0.05,1504.18,2975.18,2208.48,2213.58,0.0272,6.56,1,TRUE,14224,71571,1.41,0,18,55,12,22,0,182,3951,3460,89,181,401,44813,265,177,141,139,0,0,266,76,2094,0,557,0,0,0,41,0,0,0,10675,3504,41,14179,3.046518265,0.32824356,3.67,4.97,135.42
Marion Island,PB1,PB1_1B,ACE_ITRAX_16676,21.4,61.4,61.4,0.05,1510.14,2979.98,2212.18,2217.25,0.0272,6.55,1,TRUE,17784,97981,1.47,17,39,77,7,27,0,320,5527,4959,71,204,565,65969,209,182,115,163,0,46,217,78,2735,0,665,0,0,0,45,58,72,0,11437,3759,101,15196,3.042564512,0.328670106,3.67,5.38,146.59
Marion Island,PB1,PB1_1B,ACE_ITRAX_16677,21.5,61.5,61.5,0.05,1511.57,2984.99,2216.42,2220.92,0.0272,6.58,1,TRUE,16933,91691,1.52,0,25,58,10,11,0,301,5210,4596,85,161,624,60861,171,141,32,130,0,63,216,141,2771,0,521,0,0,0,40,54,0,0,11186,3864,98,15050,2.894927536,0.34543179,3.67,3.22,87.74
Marion Island,PB1,PB1_1B,ACE_ITRAX_16678,21.6,61.6,61.6,0.05,1514,2989.99,2218.75,2224.58,0.0273,6.62,1,TRUE,17338,93162,1.43,0,19,69,6,31,0,272,4705,4666,90,154,572,62083,197,178,68,149,35,39,248,148,2736,0,593,0,0,10,35,0,0,0,11806,3816,101,15622,3.093815514,0.323225479,3.66,3.72,101.5
Marion Island,PB1,PB1_1B,ACE_ITRAX_16679,21.7,61.7,61.7,0.05,1517.23,2993.22,2222.89,2228.25,0.0272,6.61,1,TRUE,14180,69823,1.44,0,37,48,0,21,10,185,2649,3781,48,85,305,42864,151,138,54,57,0,49,370,30,2371,0,613,0,0,5,34,8,0,0,12001,3551,76,15552,3.379611377,0.295892009,3.67,3.23,88.01
Marion Island,PB1,PB1_1B,ACE_ITRAX_16680,21.8,61.8,61.8,0.05,1520.46,2997.32,2226.79,2231.92,0.0272,6.6,1,TRUE,15745,74991,1.47,22,27,39,11,17,15,147,3000,3726,51,121,304,44836,162,133,7,81,0,37,598,80,2484,0,743,0,0,7,39,24,23,17,13982,3829,18,17811,3.651606163,0.273852096,3.67,3.67,99.86
Marion Island,PB1,PB1_1B,ACE_ITRAX_16681,21.9,61.9,61.9,0.05,1523.84,2999.43,2229.92,2235.59,0.0272,6.61,1,TRUE,17272,80759,1.4,9,12,42,20,0,0,192,3034,4010,53,67,303,47379,310,126,60,132,0,23,650,125,2414,0,867,0,14,0,46,40,18,0,16191,4187,29,20378,3.86696919,0.258600457,3.67,2.74,74.8
Marion Island,PB1,PB1_1B,ACE_ITRAX_16682,22,62,62,0.05,1526.2,3001.52,2233.29,2239.25,0.0273,6.61,1,TRUE,18473,82908,1.47,45,69,53,11,47,0,130,2874,3963,95,112,328,47079,265,119,108,176,0,32,846,0,2332,0,753,0,0,0,39,104,0,0,18414,4443,0,22857,4.144496962,0.241283806,3.66,2.23,60.79
Marion Island,PB1,PB1_1B,ACE_ITRAX_16683,22.1,62.1,62.1,0.05,1529.63,3003.7,2238.3,2242.92,0.0272,6.62,1,TRUE,18878,81779,1.33,24,24,25,7,12,14,84,2168,4095,137,75,242,44810,179,111,128,110,0,0,957,63,2286,0,862,0,0,0,20,121,77,16,20041,4521,0,24562,4.432868834,0.225587546,3.67,2.8,76.43
Marion Island,PB1,PB1_1B,ACE_ITRAX_16684,22.2,62.2,62.2,0.05,1531.93,3005.81,2243.36,2246.59,0.0272,6.63,1,TRUE,18812,81534,1.38,15,49,29,10,42,17,87,2158,4052,80,69,255,45681,182,180,142,145,0,103,1065,53,1958,0,821,0,0,0,38,29,79,23,19142,4393,127,23535,4.357386752,0.229495351,3.67,2.21,60.08
Marion Island,PB1,PB1_1B,ACE_ITRAX_16685,22.3,62.3,62.3,0.05,1536.72,3007.78,2246.47,2250.26,0.0272,6.64,1,TRUE,17381,80617,1.32,16,30,68,0,35,7,129,2718,4840,88,85,339,48481,204,174,100,170,0,52,774,0,2184,0,598,0,8,0,61,67,28,49,14893,3853,41,18746,3.865299766,0.258712147,3.67,3.38,92.1
Marion Island,PB1,PB1_1B,ACE_ITRAX_16686,22.4,62.4,62.4,0.05,1540.31,3012.44,2249.67,2253.92,0.0273,6.65,1,TRUE,17538,87110,1.39,0,37,34,0,24,13,200,3495,4779,80,80,390,54500,216,135,63,112,0,12,393,95,2896,0,812,0,14,0,55,57,15,53,14007,3996,107,18003,3.505255255,0.285285928,3.66,4.12,112.7
Marion Island,PB1,PB1_1B,ACE_ITRAX_16687,22.5,62.5,62.5,0.05,1543.64,3017.55,2253.76,2257.59,0.0272,6.67,1,TRUE,17570,87688,1.5,23,42,57,17,13,0,201,3754,5001,190,67,341,54783,82,82,156,151,24,9,472,28,2965,0,787,0,6,0,57,15,0,53,13783,4058,80,17841,3.396500739,0.294420663,3.67,4.22,114.99
Marion Island,PB1,PB1_1B,ACE_ITRAX_16688,22.6,62.6,62.6,0.05,1546.88,3019.52,2256.49,2261.26,0.0272,6.67,1,TRUE,17132,83909,1.41,5,15,40,14,27,11,150,3426,4928,7,128,386,50639,88,96,71,110,0,33,580,0,2871,0,762,0,0,0,8,134,90,0,14625,4198,0,18823,3.48380181,0.287042735,3.67,2.6,70.98
Marion Island,PB1,PB1_1B,ACE_ITRAX_16689,22.7,62.7,62.7,0.05,1551.22,3021.58,2260.41,2264.93,0.0272,6.68,1,TRUE,17536,86123,1.75,23,21,77,17,21,6,201,3519,5008,126,84,347,52611,0,157,109,190,0,91,480,99,2855,0,834,0,30,0,37,84,107,75,14550,3857,0,18407,3.772361939,0.265085911,3.67,3.2,87.19
Marion Island,PB1,PB1_1B,ACE_ITRAX_16690,22.8,62.8,62.8,0.05,1553.52,3025.82,2262.7,2268.59,0.0273,6.68,1,TRUE,17384,83955,1.4,13,37,56,0,27,14,154,2940,4926,100,77,287,50519,185,120,62,138,0,76,572,81,2622,0,893,0,27,0,53,87,24,75,15316,4017,73,19333,3.812795619,0.262274745,3.66,3.27,89.34
Marion Island,PB1,PB1_1B,ACE_ITRAX_16691,22.9,62.9,62.9,0.05,1556.85,3032.01,2267.06,2272.26,0.0272,6.68,1,TRUE,17532,83830,1.33,26,38,39,23,35,0,134,2807,5104,71,76,305,50531,247,86,90,136,0,40,516,51,2420,0,890,0,11,0,122,46,19,0,15394,4095,61,19489,3.759218559,0.266012732,3.67,4.76,129.7
Marion Island,PB1,PB1_1B,ACE_ITRAX_16692,23,63,63,0.05,1561.54,3036.25,2270.53,2275.93,0.0272,6.7,1,TRUE,17183,81036,1.45,19,54,54,13,20,16,112,2811,4522,83,75,294,46995,286,150,111,155,70,124,657,77,2621,0,821,0,7,0,19,0,53,15,16024,4263,67,20287,3.758855266,0.266038442,3.67,4.46,121.66
Marion Island,PB1,PB1_1B,ACE_ITRAX_16693,23.1,63.1,63.1,0.05,1564.58,3039.23,2275.21,2279.6,0.0272,6.71,1,TRUE,18847,90857,1.57,0,16,47,5,34,0,177,3244,5340,106,109,350,54098,293,188,193,181,0,47,603,54,3024,0,900,0,7,0,112,40,54,0,16640,4339,0,20979,3.83498502,0.260757212,3.67,3.01,82.02
Marion Island,PB1,PB1_1B,ACE_ITRAX_16694,23.2,63.2,63.2,0.05,1569.3,3042.17,2278.52,2283.26,0.0273,6.72,1,TRUE,17414,82049,1.36,16,50,68,0,0,0,138,3348,5095,92,115,338,47887,201,126,116,149,0,0,615,33,2533,0,776,0,0,0,34,8,26,0,15697,4092,59,19789,3.836021505,0.260686755,3.66,3.83,104.64
Marion Island,PB1,PB1_1B,ACE_ITRAX_16695,23.3,63.3,63.3,0.05,1573.91,3047.7,2283.32,2286.93,0.0272,6.73,1,TRUE,15970,74127,1.37,12,32,45,19,10,0,111,3555,4207,81,124,274,42078,155,116,116,104,0,155,616,25,2349,0,737,0,0,0,50,0,32,0,14618,4089,0,18707,3.574957202,0.279723628,3.67,5.07,138.15
Marion Island,PB1,PB1_1B,ACE_ITRAX_16696,23.4,63.4,63.4,0.05,1577.53,3052.72,2287.23,2290.6,0.0272,6.74,1,TRUE,16610,76655,1.34,41,21,60,16,22,16,126,2909,4368,53,75,259,44651,185,78,67,125,0,27,598,109,2405,0,753,0,24,0,74,51,0,0,15036,4080,61,19116,3.685294118,0.271348763,3.67,4.32,117.71
Marion Island,PB1,PB1_1B,ACE_ITRAX_16697,23.5,63.5,63.5,0.05,1580.57,3057.58,2291.54,2294.27,0.0272,6.75,1,TRUE,17072,81921,1.3,21,28,64,13,27,10,153,3389,4996,131,70,295,49017,243,139,135,102,0,80,546,125,2750,0,742,0,0,0,60,81,19,0,14314,3862,0,18176,3.706369757,0.269805785,3.67,3.95,107.63
Marion Island,PB1,PB1_1B,ACE_ITRAX_16698,23.6,63.6,63.6,0.05,1584.77,3064.73,2293.47,2297.93,0.0273,6.77,1,TRUE,16381,76942,1.35,0,18,50,16,14,15,122,3245,4714,140,100,316,44951,324,138,188,182,15,29,488,10,2537,0,731,0,0,0,43,0,49,0,13988,3965,10,17953,3.527868852,0.283457249,3.66,5.68,155.05
Marion Island,PB1,PB1_1B,ACE_ITRAX_16699,23.7,63.7,63.7,0.05,1587.35,3071.46,2296.51,2301.6,0.0272,6.79,1,TRUE,14701,68240,1.28,6,16,55,7,12,5,132,2929,3943,101,58,320,39017,236,67,95,142,76,57,459,33,2351,0,756,0,17,0,35,0,0,19,13079,3666,28,16745,3.567648663,0.280296659,3.67,4.65,126.84
Marion Island,PB1,PB1_1B,ACE_ITRAX_16700,23.8,63.8,63.8,0.05,1588.53,3073.51,2299.75,2305.27,0.0272,6.8,1,TRUE,15215,69471,1.45,0,0,19,0,8,13,72,2548,3932,11,52,216,39619,411,127,119,92,0,7,453,62,2491,0,874,0,0,0,89,92,17,0,13828,3687,34,17515,3.750474641,0.266632919,3.67,1.62,44.01
Marion Island,PB1,PB1_1B,ACE_ITRAX_16701,23.9,63.9,63.9,0.05,1594.91,3078.06,2303.32,2308.93,0.0273,6.79,1,TRUE,16484,77280,1.38,20,23,45,0,18,0,105,2922,4610,117,104,279,45429,238,135,112,142,0,35,614,22,2760,72,670,0,0,0,24,23,62,0,14394,3790,64,18184,3.797889182,0.263304155,3.66,5.46,149.32
Marion Island,PB1,PB1_1B,ACE_ITRAX_16702,24,64,64,0.05,1595.06,3081.83,2307.48,2312.6,0.0272,6.8,1,TRUE,16718,78917,1.37,9,56,57,0,10,8,108,3006,4611,103,78,315,46490,270,146,119,169,0,25,622,74,2717,0,834,0,0,0,46,7,54,13,14566,3863,0,18429,3.770644577,0.265206646,3.67,1.96,53.41
Marion Island,PB1,PB1_1B,ACE_ITRAX_16703,24.1,64.1,64.1,0.05,1596.25,3085.64,2311.44,2316.27,0.0272,6.82,1,TRUE,17228,82862,1.55,23,15,17,0,0,0,98,2979,4429,24,108,329,50662,312,145,137,148,11,77,473,190,2736,0,790,0,15,0,96,0,0,0,14591,4044,158,18635,3.608061325,0.277157152,3.67,2.5,68.12
Marion Island,PB1,PB1_1B,ACE_ITRAX_16704,24.2,64.2,64.2,0.05,1600.2,3091.41,2314.39,2319.94,0.0272,6.85,1,TRUE,16286,76410,1.5,13,16,36,23,0,11,107,3047,4478,93,97,361,44938,331,105,122,126,0,17,594,24,2637,0,777,0,0,0,69,52,62,63,13827,3867,19,17694,3.575640031,0.27967021,3.67,4.86,132.43
Marion Island,PB1,PB1_1B,ACE_ITRAX_16705,24.3,64.3,64.3,0.05,1603.93,3098.32,2318.78,2323.6,0.0273,6.87,1,TRUE,16535,80130,1.41,29,40,38,7,0,0,113,2851,4365,81,76,318,49634,257,115,96,165,0,61,567,91,2788,0,751,0,0,0,17,0,0,0,13388,3819,139,17207,3.505629746,0.285255453,3.66,5.32,145.36
Marion Island,PB1,PB1_1B,ACE_ITRAX_16706,24.4,64.4,64.4,0.05,1606.1,3103.55,2323.51,2327.27,0.0272,6.89,1,TRUE,15963,73752,1.29,61,47,36,4,15,6,105,2583,3789,82,69,332,44089,183,173,186,157,0,82,607,63,2375,0,773,0,0,0,69,37,20,24,13603,3657,81,17260,3.719715614,0.268837756,3.67,3.7,100.82
Marion Island,PB1,PB1_1B,ACE_ITRAX_16707,24.5,64.5,64.5,0.05,1608.18,3107.72,2326.75,2330.94,0.0272,6.91,1,TRUE,15212,69867,1.37,0,12,11,9,0,11,100,2426,3854,99,99,253,41373,384,151,155,117,0,53,485,71,2264,0,610,0,0,0,18,0,31,0,13064,3588,17,16652,3.641025641,0.274647887,3.67,3.12,85.15
Marion Island,PB1,PB1_1B,ACE_ITRAX_16708,24.6,64.6,64.6,0.05,1609.64,3108.8,2329.89,2334.61,0.0272,6.91,1,TRUE,15063,68193,1.36,0,17,31,14,14,10,97,2407,3501,66,95,291,39605,181,155,128,114,60,68,612,23,2253,0,656,0,8,0,42,0,16,0,13376,3835,9,17211,3.487874837,0.286707536,3.67,1.27,34.6
Marion Island,PB1,PB1_1B,ACE_ITRAX_16709,24.7,64.7,64.7,0.05,1610.92,3110.22,2333.72,2338.27,0.0273,6.91,1,TRUE,15558,71355,1.38,0,24,0,0,0,9,105,2525,3342,47,71,336,41618,276,154,137,145,6,22,442,101,2552,0,649,0,5,0,92,0,49,67,14278,3721,128,17999,3.837140554,0.26061073,3.66,1.35,36.89
Marion Island,PB1,PB1_1B,ACE_ITRAX_16710,24.8,64.8,64.8,0.05,1611.99,3117.15,2336.86,2341.94,0.0272,6.9,1,TRUE,15951,72156,1.42,0,10,0,0,13,0,76,2210,3535,31,112,261,41760,274,130,109,130,0,0,722,35,2485,0,835,0,19,0,86,56,82,0,14723,3924,69,18647,3.752038736,0.266521769,3.67,4,108.99
Marion Island,PB1,PB1_1B,ACE_ITRAX_16711,24.9,64.9,64.9,0.05,1615.22,3121.94,2340.61,2345.61,0.0272,6.91,1,TRUE,15586,70414,1.49,0,7,27,9,9,0,87,2390,3350,102,89,272,40599,275,138,130,43,0,0,423,90,2557,0,750,0,0,0,40,0,0,0,14601,3963,77,18564,3.684330053,0.271419766,3.67,4.01,109.26
Marion Island,PB1,PB1_1B,ACE_ITRAX_16712,25,65,65,0.05,1617.48,3126.22,2342,2349.28,0.0272,6.92,1,TRUE,15430,69317,1.45,10,33,12,0,16,8,95,2297,3633,29,114,270,39228,126,119,177,143,34,0,474,69,2484,0,732,0,0,0,0,0,86,0,14604,4016,25,18620,3.636454183,0.274993153,3.67,3.27,89.1
Marion Island,PB1,PB1_1B,ACE_ITRAX_16713,25.1,65.1,65.1,0.05,1621.61,3128.62,2346.12,2352.97,0.0271,6.91,1,TRUE,15290,66755,1.52,7,35,0,0,0,5,74,2070,3085,38,66,228,36934,100,115,151,105,0,0,614,0,2383,0,853,0,0,0,26,36,0,0,15221,4063,0,19284,3.746246616,0.266933841,3.69,3.26,88.48
Marion Island,PB1,PB1_1B,ACE_ITRAX_16714,25.2,65.2,65.2,0.05,1623.95,3130.94,2352.03,2356.67,0.027,6.92,1,TRUE,16028,71894,1.47,0,25,26,21,13,12,101,2169,3441,97,78,324,40354,168,119,119,142,0,72,627,52,2647,0,909,0,13,0,44,0,0,37,15755,4010,120,19765,3.928927681,0.254522374,3.7,2.33,62.97
Marion Island,PB1,PB1_1B,ACE_ITRAX_16715,25.3,65.3,65.3,0.05,1631.09,3133.22,2354.92,2360.37,0.027,6.92,1,TRUE,16608,75026,1.6,5,21,40,0,0,0,57,2286,3656,95,65,270,43734,118,122,72,132,0,80,650,30,2483,0,939,0,0,0,0,10,10,0,15653,3952,90,19605,3.960779352,0.252475564,3.7,4.71,127.3
Marion Island,PB1,PB1_1B,ACE_ITRAX_16716,25.4,65.4,65.4,0.05,1633.37,3135.56,2359.84,2364.06,0.0271,6.92,1,TRUE,16514,74052,1.41,0,14,17,0,19,6,75,2221,3679,90,162,260,42839,202,85,110,105,7,39,621,87,2308,0,728,0,0,0,30,33,0,41,15700,4018,203,19718,3.907416625,0.255923567,3.69,2.31,62.6
Marion Island,PB1,PB1_1B,ACE_ITRAX_16717,25.5,65.5,65.5,0.05,1637.15,3137.91,2363.89,2367.76,0.027,6.92,1,TRUE,16050,69438,1.3,0,0,15,11,7,0,57,1738,3125,116,71,220,39540,332,87,89,4,0,60,617,6,2219,0,731,0,16,0,54,0,0,0,15676,4133,47,19809,3.792886523,0.263651442,3.7,3.07,82.84
Marion Island,PB1,PB1_1B,ACE_ITRAX_16718,25.6,65.6,65.6,0.05,1638.3,3140.76,2367.17,2371.46,0.027,6.91,1,TRUE,16282,70753,1.49,28,30,21,23,14,5,70,1754,2962,79,53,264,40463,191,111,93,28,0,97,718,49,2224,0,782,0,0,0,40,53,81,87,15683,4266,14,19949,3.676277543,0.272014283,3.7,2,54.05
Marion Island,PB1,PB1_1B,ACE_ITRAX_16719,25.7,65.7,65.7,0.05,1641.15,3143.28,2370.58,2375.15,0.0271,6.9,1,TRUE,16697,72028,1.19,11,49,23,32,28,0,61,1616,2971,115,47,287,41941,257,93,88,100,0,32,664,0,2070,0,719,0,0,0,51,78,0,20,16263,3848,101,20111,4.226351351,0.236610711,3.69,2.69,72.76
Marion Island,PB1,PB1_1B,ACE_ITRAX_16720,25.8,65.8,65.8,0.05,1645.12,3146.75,2374.58,2378.85,0.027,6.9,1,TRUE,16306,68535,1.36,0,15,10,8,24,12,46,1205,2388,70,53,228,39246,166,138,132,124,0,86,631,159,2343,0,702,0,6,0,77,0,66,0,16090,3987,44,20077,4.035615751,0.247793661,3.7,3.72,100.54
Marion Island,PB1,PB1_1B,ACE_ITRAX_16721,25.9,65.9,65.9,0.05,1650.9,3150.19,2378.55,2382.55,0.027,6.89,1,TRUE,16385,72749,1.49,0,5,0,0,18,7,33,1417,2904,133,94,262,44768,125,113,164,68,0,42,546,77,2160,0,636,0,0,0,0,63,102,0,14570,3922,14,18492,3.714941356,0.269183253,3.7,4.61,124.59
Marion Island,PB1,PB1_1B,ACE_ITRAX_16722,26,66,66,0.05,1654.21,3152.58,2382.01,2386.24,0.0271,6.89,1,TRUE,15279,63717,1.31,6,15,0,0,13,5,62,1447,2528,109,44,279,35377,323,187,158,98,0,34,474,47,2337,0,774,0,0,0,47,44,18,0,14777,3928,0,18705,3.761965377,0.265818502,3.69,2.85,77.24
Marion Island,PB1,PB1_1B,ACE_ITRAX_16723,26.1,66.1,66.1,0.05,1656.89,3155.36,2385.67,2389.94,0.027,6.88,1,TRUE,15817,68012,1.39,28,63,24,12,9,0,83,1720,3042,81,6,277,37845,262,105,103,106,0,0,609,59,2706,0,993,0,0,0,37,115,7,13,15135,4063,25,19198,3.72507999,0.268450611,3.7,2.73,73.78
Marion Island,PB1,PB1_1B,ACE_ITRAX_16724,26.2,66.2,66.2,0.05,1659.02,3157.82,2390.35,2393.64,0.027,6.88,1,TRUE,15967,65716,1.36,34,36,26,0,0,0,65,1523,2989,24,89,198,35748,126,90,104,61,0,84,656,0,2530,0,863,0,16,0,60,0,0,0,15878,3959,120,19837,4.01060874,0.249338708,3.7,2.29,62.03
Marion Island,PB1,PB1_1B,ACE_ITRAX_16725,26.3,66.3,66.3,0.05,1661.15,3159.19,2394.82,2397.33,0.0271,6.88,1,TRUE,16483,64586,1.48,0,15,40,19,17,0,52,1326,2627,51,58,235,32282,144,116,126,72,0,0,774,0,2332,0,1098,0,0,0,70,30,0,68,18256,4319,46,22575,4.226904376,0.236579755,3.69,1.75,47.43
Marion Island,PB1,PB1_1B,ACE_ITRAX_16726,26.4,66.4,66.4,0.05,1663.27,3164.91,2398.61,2401.03,0.027,6.88,1,TRUE,16407,65048,1.33,0,27,8,6,0,0,88,1517,2762,83,14,243,32739,281,167,112,83,0,39,717,58,1983,0,840,0,0,0,63,0,0,0,18431,4229,63,22660,4.358240719,0.229450383,3.7,3.92,105.95
Marion Island,PB1,PB1_1B,ACE_ITRAX_16727,26.5,66.5,66.5,0.05,1670.38,3170.56,2402.23,2404.73,0.027,6.87,1,TRUE,15995,59083,1.31,21,32,26,30,24,0,26,947,2244,104,22,140,27379,219,141,115,37,0,143,787,0,2005,0,905,0,8,0,15,77,21,26,19040,4059,77,23099,4.690810544,0.213182773,3.7,6.38,172.43
Marion Island,PB1,PB1_1B,ACE_ITRAX_16728,26.6,66.6,66.6,0.05,1672.89,3174.33,2405.84,2408.42,0.0271,6.88,1,TRUE,16102,59010,1.24,18,13,16,4,8,0,50,1027,2407,62,39,221,27028,317,156,110,57,0,46,794,52,1765,0,795,0,10,0,18,0,140,0,19031,4285,0,23316,4.441306884,0.225158951,3.69,3.14,85.09
Marion Island,PB1,PB1_1B,ACE_ITRAX_16729,26.7,66.7,66.7,0.05,1678.95,3177.85,2410.14,2412.12,0.027,6.87,1,TRUE,15270,56031,1.25,23,25,26,24,18,18,54,1009,2357,43,51,206,26183,98,119,78,152,27,147,629,34,1853,0,671,0,0,0,8,0,0,22,17485,3994,139,21479,4.377816725,0.228424364,3.7,4.79,129.46
Marion Island,PB1,PB1_1B,ACE_ITRAX_16730,26.8,66.8,66.8,0.05,1683.09,3180.85,2414.45,2415.82,0.027,6.87,1,TRUE,14222,54977,1.35,0,48,0,20,16,9,46,1336,2240,95,52,190,27032,251,119,152,46,88,67,389,43,1851,0,660,0,4,0,59,0,0,0,15775,3912,0,19687,4.032464213,0.247987322,3.7,3.57,96.49
Marion Island,PB1,PB1_1B,ACE_ITRAX_16731,26.9,66.9,66.9,0.05,1684.85,3183.29,2418.79,2419.51,0.0271,6.84,1,TRUE,15580,62710,1.3,16,15,12,15,11,14,59,1455,2695,118,38,218,32247,272,159,122,103,0,19,610,7,2222,0,736,0,0,0,63,57,41,51,16543,4199,141,20742,3.939747559,0.253823369,3.69,2.1,56.91
Marion Island,PB1,PB1_1B,ACE_ITRAX_16732,27,67,67,0.05,1687.82,3188.23,2422.66,2423.21,0.027,6.81,1,TRUE,17026,71880,1.46,0,17,5,0,30,0,61,1706,3568,60,35,306,39113,268,148,85,113,11,114,571,86,2215,0,925,0,13,0,75,0,0,0,17628,4219,113,21847,4.178241289,0.239335149,3.7,3.96,106.89
Marion Island,PB1,PB1_1B,ACE_ITRAX_16733,27.1,67.1,67.1,0.05,1688.63,3191.29,2425.16,2426.91,0.027,6.77,1,TRUE,17732,73052,1.55,20,62,23,38,20,18,67,1815,3121,76,83,280,38349,270,164,59,104,0,16,585,110,2527,0,847,0,14,0,33,32,92,14,19096,4646,24,23742,4.110202325,0.243297026,3.7,1.94,52.3
Marion Island,PB1,PB1_1B,ACE_ITRAX_16734,27.2,67.2,67.2,0.05,1690.26,3193.49,2430.13,2430.6,0.0271,6.76,1,TRUE,18615,72145,1.46,14,27,32,7,40,22,57,1318,3123,57,81,271,34818,441,139,112,96,53,87,862,0,2121,94,969,0,16,0,79,0,0,0,21864,4838,84,26702,4.519222819,0.221276985,3.69,1.91,51.9
Marion Island,PB1,PB1_1B,ACE_ITRAX_16735,27.3,67.3,67.3,0.05,1692.7,3196,2434.37,2434.3,0.027,6.75,1,TRUE,19623,75214,1.41,0,6,5,0,27,0,72,1355,3524,114,78,192,36105,222,181,211,0,0,39,1049,113,2093,0,1015,0,0,0,48,122,0,22,23027,4971,143,27998,4.632267149,0.215877014,3.7,2.48,66.89
Marion Island,PB1,PB1_1B,ACE_ITRAX_16736,27.4,67.4,67.4,0.05,1695.37,3197.69,2437.97,2438,0.027,6.76,1,TRUE,18977,68488,1.31,0,18,0,8,10,0,42,1059,3075,43,69,186,31175,219,155,128,0,85,45,870,75,1836,0,948,0,0,0,18,0,0,61,22901,4824,154,27725,4.747305141,0.210645823,3.7,2.18,58.92
Marion Island,PB1,PB1_1B,ACE_ITRAX_16737,27.5,67.5,67.5,0.05,1697.71,3199.58,2442.57,2441.69,0.0271,6.76,1,TRUE,18225,66588,1.3,17,33,36,18,21,0,28,1004,2857,56,72,151,29722,184,237,200,54,0,40,839,0,1865,0,1027,0,0,0,14,49,0,46,22681,4738,60,27419,4.787040946,0.208897315,3.69,2.12,57.32
Marion Island,PB1,PB1_1B,ACE_ITRAX_16738,27.6,67.6,67.6,0.05,1699.14,3202.07,2446.45,2445.39,0.027,6.76,1,TRUE,18439,70494,1.36,0,15,14,9,18,5,66,1407,3121,120,47,223,33651,331,177,79,34,11,62,756,121,2441,0,928,0,0,0,18,18,170,99,21381,4554,64,25935,4.694993412,0.212992844,3.7,1.96,52.97
Marion Island,PB1,PB1_1B,ACE_ITRAX_16739,27.7,67.7,67.7,0.05,1700.91,3205.95,2449.85,2449.09,0.027,6.76,1,TRUE,17947,69930,1.43,22,25,19,0,27,13,91,1725,3227,78,79,244,34836,194,148,161,25,0,115,740,82,1945,0,826,0,12,0,42,0,69,0,20042,4536,86,24578,4.418430335,0.226324718,3.7,2.82,76.35
Marion Island,PB1,PB1_1B,ACE_ITRAX_16740,27.8,67.8,67.8,0.05,1706.83,3210.99,2453.77,2452.78,0.0271,6.77,1,TRUE,16418,62972,1.41,18,22,8,7,20,0,42,1362,2494,112,30,231,30706,129,140,132,43,0,71,700,23,1800,60,777,0,0,0,0,8,39,0,19224,4242,62,23466,4.531824611,0.220661673,3.69,5.48,148.51
Marion Island,PB1,PB1_1B,ACE_ITRAX_16741,27.9,67.9,67.9,0.05,1709.31,3211.75,2457.75,2456.48,0.027,6.76,1,TRUE,15802,60348,1.4,0,21,14,7,11,0,88,1492,2942,129,49,218,29261,110,126,110,49,0,46,652,6,1631,0,714,0,22,0,7,73,0,0,18167,3853,139,22020,4.715027251,0.212087852,3.7,1.62,43.78
Marion Island,PB1,PB1_1B,ACE_ITRAX_16742,28,68,68,0.05,1711.62,3214.99,2460.33,2460.18,0.027,6.75,1,TRUE,15978,62715,1.34,0,17,9,0,8,12,64,1751,2738,90,65,223,31044,200,100,167,73,0,0,679,15,1878,0,722,0,30,0,0,0,19,0,18073,4125,123,22198,4.381333333,0.228241023,3.7,2.77,75
Marion Island,PB1,PB1_1B,ACE_ITRAX_16743,28.1,68.1,68.1,0.05,1714.27,3217.9,2464.68,2463.87,0.0271,6.74,1,TRUE,16974,66832,1.26,19,31,32,4,23,6,22,1311,2714,0,72,251,33436,230,179,218,82,0,17,658,53,1849,0,889,0,0,0,38,84,110,0,19306,4509,52,23815,4.281658904,0.233554335,3.69,2.78,75.34
Marion Island,PB1,PB1_1B,ACE_ITRAX_16744,28.2,68.2,68.2,0.05,1719.65,3223.11,2468.17,2467.57,0.027,6.72,1,TRUE,16076,57555,1.27,0,16,14,13,0,9,32,896,2008,35,49,211,26109,275,170,234,60,0,22,696,33,1827,0,752,0,0,0,12,63,0,41,19014,4289,0,23303,4.433201212,0.225570632,3.7,5.3,143.11
Marion Island,PB1,PB1_1B,ACE_ITRAX_16745,28.3,68.3,68.3,0.05,1723.32,3227.78,2472.36,2471.27,0.027,6.71,1,TRUE,14886,54784,1.27,13,25,34,34,0,0,58,1051,2161,113,49,219,25811,188,85,157,20,0,21,479,19,1604,0,766,0,0,0,11,0,0,0,17428,3907,141,21335,4.460711543,0.224179481,3.7,4.17,112.7
Marion Island,PB1,PB1_1B,ACE_ITRAX_16746,28.4,68.4,68.4,0.05,1730.19,3229.77,2476.08,2474.96,0.0271,6.7,1,TRUE,16026,62481,1.35,0,5,0,0,0,0,53,1099,2291,93,47,228,31714,320,195,130,51,0,21,555,46,2172,0,679,0,0,0,14,66,29,0,17735,4340,0,22075,4.08640553,0.244713843,3.69,4.43,120.05
Marion Island,PB1,PB1_1B,ACE_ITRAX_16747,28.5,68.5,68.5,0.05,1731.29,3234.27,2479.82,2478.66,0.027,6.72,1,TRUE,16547,62050,1.33,31,27,0,0,0,0,22,1074,2629,107,57,206,29623,245,156,162,51,0,139,565,85,2130,0,917,0,0,0,27,58,71,10,18582,4515,0,23097,4.115614618,0.242977075,3.7,2.8,75.68
Marion Island,PB1,PB1_1B,ACE_ITRAX_16748,28.6,68.6,68.6,0.05,1736.33,3238.79,2484.12,2482.36,0.027,6.75,1,TRUE,16698,61986,1.26,0,18,0,11,0,7,42,1177,2699,56,108,235,29082,116,161,138,34,10,118,562,24,2067,68,803,0,0,0,17,21,148,48,19276,4323,44,23599,4.458940551,0.22426852,3.7,4.78,129.19
Marion Island,PB1,PB1_1B,ACE_ITRAX_16749,28.7,68.7,68.7,0.05,1741.75,3244.42,2486.25,2486.05,0.0271,6.77,1,TRUE,16827,64491,1.3,33,32,26,19,14,0,53,1348,2632,99,64,280,30739,155,150,144,65,0,80,658,133,2056,16,822,0,0,0,0,59,130,61,19563,4389,0,23952,4.457279563,0.224352093,3.69,5.53,149.73
Marion Island,PB1,PB1_1B,ACE_ITRAX_16750,28.8,68.8,68.8,0.05,1742.41,3247.57,2490.24,2489.75,0.027,6.78,1,TRUE,16492,62798,1.41,41,44,27,0,21,0,48,1296,2699,73,61,239,30408,212,179,59,55,64,48,710,28,1950,0,889,0,0,0,20,0,0,0,18704,4349,134,23053,4.300758795,0.232517109,3.7,1.91,51.49
Marion Island,PB1,PB1_1B,ACE_ITRAX_16751,28.9,68.9,68.9,0.05,1747.46,3250.34,2494.11,2493.45,0.027,6.78,1,TRUE,16923,66616,1.34,12,0,27,12,21,8,57,1556,3019,96,41,294,33722,172,117,168,86,0,98,603,107,2226,0,752,0,0,0,56,22,75,0,18487,4230,45,22717,4.370449173,0.228809434,3.7,3.91,105.68
Marion Island,PB1,PB1_1B,ACE_ITRAX_16752,29,69,69,0.05,1749.68,3256.49,2497.83,2497.14,0.0271,6.78,1,TRUE,17052,67199,1.49,23,41,18,6,11,5,51,1321,2950,112,28,286,33819,141,197,155,110,0,52,692,38,2167,0,869,0,0,0,48,0,80,0,18963,4294,79,23257,4.416162087,0.226440964,3.69,4.18,113.41
Marion Island,PB1,PB1_1B,ACE_ITRAX_16753,29.1,69.1,69.1,0.05,1752.82,3260.85,2500.91,2500.84,0.027,6.78,1,TRUE,16848,69209,1.43,19,12,12,0,15,0,70,1810,3104,68,73,304,35814,267,136,168,86,0,48,558,14,2188,0,812,0,18,0,59,80,0,5,18460,4386,158,22846,4.208846329,0.2375948,3.7,3.75,101.35
Marion Island,PB1,PB1_1B,ACE_ITRAX_16754,29.2,69.2,69.2,0.05,1757.73,3264.31,2503.88,2504.54,0.027,6.78,1,TRUE,16481,65873,1.34,4,7,23,0,7,0,65,1539,3027,115,49,227,32826,157,103,113,111,0,89,595,106,2175,0,713,0,0,0,35,71,114,0,18674,4337,31,23011,4.305741296,0.232248045,3.7,4.19,113.11
Marion Island,PB1,PB1_1B,ACE_ITRAX_16755,29.3,69.3,69.3,0.05,1760.34,3265.79,2509.01,2508.23,0.0271,6.78,1,TRUE,16589,63009,1.44,11,35,17,15,6,13,47,1193,2531,105,71,218,30203,181,173,115,77,0,6,716,90,1898,0,877,0,0,0,0,75,45,0,19291,4522,50,23813,4.266032729,0.234409828,3.69,2.04,55.42
Marion Island,PB1,PB1_1B,ACE_ITRAX_16756,29.4,69.4,69.4,0.05,1762.47,3269.77,2511.96,2511.93,0.027,6.79,1,TRUE,17867,69894,1.48,9,38,18,0,17,8,48,1452,2767,124,20,264,34229,154,142,152,160,36,107,928,87,2196,0,932,0,0,0,0,15,75,0,20747,4586,170,25333,4.523986044,0.221044006,3.7,3.06,82.57
Marion Island,PB1,PB1_1B,ACE_ITRAX_16757,29.5,69.5,69.5,0.05,1766.61,3275.15,2514.82,2515.63,0.027,6.79,1,TRUE,18243,70442,1.37,11,31,24,17,30,14,69,1412,2884,125,109,283,35099,202,146,249,72,0,44,841,115,1993,0,754,10,6,0,20,40,0,0,20833,4429,0,25262,4.703770603,0.212595402,3.7,4.76,128.65
Marion Island,PB1,PB1_1B,ACE_ITRAX_16758,29.6,69.6,69.6,0.05,1771.78,3279.86,2517.6,2519.32,0.0271,6.81,1,TRUE,17587,65535,1.48,17,62,19,19,45,18,65,1248,2771,117,54,232,31187,208,117,147,53,0,28,798,79,1822,0,764,0,0,0,27,62,53,0,20551,4342,118,24893,4.733072317,0.211279256,3.69,4.94,133.88
Marion Island,PB1,PB1_1B,ACE_ITRAX_16759,29.7,69.7,69.7,0.05,1773.74,3284.53,2520.7,2523.02,0.027,6.8,1,TRUE,17269,66368,1.63,30,54,50,15,24,22,76,1481,2604,62,54,268,32797,100,210,132,36,0,76,925,0,1914,0,687,0,0,6,10,119,157,86,19556,4189,138,23745,4.668417283,0.214205359,3.7,3.32,89.59
Marion Island,PB1,PB1_1B,ACE_ITRAX_16760,29.8,69.8,69.8,0.05,1775.81,3289.28,2523.61,2526.72,0.027,6.79,1,TRUE,17121,66297,1.42,17,24,13,4,16,0,51,1206,2228,66,30,201,33534,247,181,259,61,0,17,717,122,1958,0,886,0,0,0,25,136,34,0,19269,4506,96,23775,4.276298269,0.233847112,3.7,3.41,92.16
Marion Island,PB1,PB1_1B,ACE_ITRAX_16761,29.9,69.9,69.9,0.05,1781.55,3294.01,2527.53,2530.41,0.0271,6.79,1,TRUE,16745,64445,1.35,13,28,10,0,0,0,49,1038,2422,95,93,196,32548,362,192,133,119,0,119,667,10,1651,0,793,0,0,0,52,0,71,25,18927,4154,66,23081,4.556331247,0.219474824,3.69,5.24,141.87
Marion Island,PB1,PB1_1B,ACE_ITRAX_16762,30,70,70,0.05,1782.02,3298.6,2530.95,2534.11,0.027,6.79,1,TRUE,17036,68121,1.42,10,32,0,6,0,0,58,1114,2703,67,84,247,35303,307,214,189,118,0,0,707,38,2066,0,926,0,0,0,70,109,108,0,18690,4346,0,23036,4.300506213,0.232530765,3.7,2.53,68.38
Marion Island,PB1,PB1_1B,ACE_ITRAX_16763,30.1,70.1,70.1,0.05,1789.81,3299.93,2534.51,2537.94,0.0261,6.8,1,TRUE,17850,73988,1.58,0,8,0,8,14,10,88,1529,3112,155,65,266,41187,271,181,158,87,0,110,623,0,2057,22,911,0,29,0,15,26,22,0,18255,4226,133,22481,4.319687648,0.23149822,3.83,4.56,119.06
Marion Island,PB1,PB1_1B,ACE_ITRAX_16764,30.2,70.2,70.2,0.05,1800.72,3302.19,2539.67,2541.78,0.026,6.79,1,TRUE,18027,70508,1.44,0,48,17,14,13,0,26,925,2398,122,64,177,36644,281,162,119,34,0,74,693,29,2021,0,875,11,0,0,79,59,43,0,20379,4585,0,24964,4.444711014,0.224986506,3.84,6.59,171.48
Marion Island,PB1,PB1_1B,ACE_ITRAX_16765,30.3,70.3,70.3,0.05,1803.35,3303.31,2543.6,2545.61,0.0261,6.8,1,TRUE,18438,71957,1.3,0,0,0,0,0,0,55,1218,2384,69,69,193,37315,386,156,101,57,15,6,617,113,1658,0,943,0,0,0,44,0,87,0,21266,4644,44,25910,4.579242033,0.218376752,3.83,1.87,48.96
Marion Island,PB1,PB1_1B,ACE_ITRAX_16766,30.4,70.4,70.4,0.05,1809.81,3306.27,2548.34,2549.44,0.0261,6.8,1,TRUE,18942,78155,1.61,10,30,22,8,17,14,53,1232,2508,76,81,231,43265,376,190,143,116,0,70,670,30,1823,0,896,0,14,0,81,52,31,0,21065,4473,0,25538,4.709367315,0.212342749,3.83,4.71,122.98
Marion Island,PB1,PB1_1B,ACE_ITRAX_16767,30.5,70.5,70.5,0.05,1814.83,3309.06,2552.48,2553.27,0.0261,6.8,1,TRUE,17825,67661,1.61,18,33,23,23,19,0,44,1032,2403,64,64,195,32137,404,194,142,83,0,48,622,0,1993,0,895,0,10,0,16,63,158,0,21547,4745,0,26292,4.540990516,0.220216271,3.83,3.9,101.96
Marion Island,PB1,PB1_1B,ACE_ITRAX_16768,30.6,70.6,70.6,0.05,1821.38,3313.1,2555.64,2557.1,0.0261,6.79,1,TRUE,18582,73470,1.48,28,39,36,6,19,6,69,869,2493,100,79,207,38856,266,182,243,90,0,40,633,120,1617,0,846,0,0,0,28,40,9,0,21342,4524,76,25866,4.717506631,0.211976385,3.83,5.3,138.25
Marion Island,PB1,PB1_1B,ACE_ITRAX_16769,30.7,70.7,70.7,0.05,1824.98,3315.85,2559.14,2560.94,0.026,6.79,1,TRUE,16990,64271,1.36,0,21,8,5,13,0,42,1053,2556,112,73,237,31785,260,190,159,109,0,23,502,0,1843,0,721,0,0,0,0,28,0,0,19672,4165,0,23837,4.723169268,0.211722245,3.84,3.17,82.68
Marion Island,PB1,PB1_1B,ACE_ITRAX_16770,30.8,70.8,70.8,0.05,1832.94,3318.13,2563.07,2564.77,0.0261,6.79,1,TRUE,16692,66271,1.44,0,7,5,8,4,0,34,952,2730,159,34,280,34890,283,143,133,89,46,31,513,27,2111,0,834,0,0,0,0,0,0,50,17896,4334,86,22230,4.129210891,0.242177023,3.83,5.12,133.68
Marion Island,PB1,PB1_1B,ACE_ITRAX_16771,30.9,70.9,70.9,0.05,1835.93,3322.27,2567.08,2568.6,0.0261,6.79,1,TRUE,16213,67960,1.27,0,16,11,0,7,0,88,1691,2998,71,114,275,37621,304,106,158,34,0,25,473,151,2022,0,665,0,0,0,55,52,10,0,16368,4100,0,20468,3.992195122,0.250488759,3.83,3.56,93.08
Marion Island,PB1,PB1_1B,ACE_ITRAX_16772,31,71,71,0.05,1843.36,3325.64,2569.93,2572.43,0.0261,6.8,1,TRUE,15702,69387,1.41,47,33,34,0,16,11,92,2079,3410,82,65,328,40282,267,154,138,166,67,0,351,79,1979,0,750,0,0,0,16,0,0,0,14465,4006,147,18471,3.610833749,0.276944348,3.83,5.4,140.99
Marion Island,PB1,PB1_1B,ACE_ITRAX_16773,31.1,71.1,71.1,0.05,1852.83,3328.36,2574.42,2576.27,0.026,6.79,1,TRUE,14708,64513,1.51,16,30,16,0,17,0,110,2160,3009,62,136,330,35962,317,152,63,159,0,79,318,126,1971,0,866,0,0,0,54,29,0,0,13988,3972,84,17960,3.521651561,0.283957678,3.84,6.1,158.72
Marion Island,PB1,PB1_1B,ACE_ITRAX_16774,31.2,71.2,71.2,0.05,1859.57,3330.21,2577.68,2580.1,0.0261,6.8,1,TRUE,14741,68088,1.29,6,22,12,0,0,0,146,2262,3178,24,48,347,39720,152,95,77,107,0,0,239,181,2422,0,676,0,12,0,21,0,87,0,13834,3901,6,17735,3.546270187,0.28198641,3.83,4.29,112.14
Marion Island,PB1,PB1_1B,ACE_ITRAX_16775,31.3,71.3,71.3,0.05,1865.62,3331.52,2581.35,2583.93,0.0261,6.8,1,TRUE,14894,65989,1.32,0,41,19,0,16,0,110,2188,3291,43,94,302,37416,92,126,103,27,0,56,294,37,2377,0,835,0,19,0,10,43,22,0,14148,3836,71,17984,3.688216893,0.271133729,3.83,3.68,96.08
Marion Island,PB1,PB1_1B,ACE_ITRAX_16776,31.4,71.4,71.4,0.05,1870.02,3334.09,2584.62,2587.76,0.0261,6.79,1,TRUE,15822,72593,1.28,0,40,21,0,23,5,158,2613,3669,70,97,366,41763,241,118,87,83,0,134,372,73,2507,0,614,0,0,0,72,47,51,11,14623,4201,9,18824,3.480837896,0.28728715,3.83,3.49,90.99
Marion Island,PB1,PB1_1B,ACE_ITRAX_16777,31.5,71.5,71.5,0.05,1871.55,3336.98,2588.94,2591.59,0.0261,6.79,1,TRUE,15876,68858,1.44,15,27,0,0,15,10,98,1928,3037,106,35,383,37890,288,114,157,39,0,0,399,76,2496,0,873,0,0,0,47,26,48,0,15971,4243,0,20214,3.764082017,0.265669025,3.83,2.21,57.7
Marion Island,PB1,PB1_1B,ACE_ITRAX_16778,31.6,71.6,71.6,0.05,1874.5,3340.57,2592.71,2595.43,0.026,6.8,1,TRUE,15682,66636,1.45,25,38,19,9,18,15,30,1796,2824,102,126,317,36470,333,133,89,12,0,55,392,81,2430,12,774,0,0,0,15,90,89,0,15885,3994,30,19879,3.977215824,0.251432169,3.84,3.27,85.16
Marion Island,PB1,PB1_1B,ACE_ITRAX_16779,31.7,71.7,71.7,0.05,1876.77,3342.83,2596.99,2599.26,0.0261,6.79,1,TRUE,16086,68109,1.54,26,31,18,9,20,0,64,1430,3113,108,57,320,38131,256,165,105,101,0,67,373,40,2226,0,739,0,0,0,16,80,98,0,15783,4167,0,19950,3.787616991,0.264018247,3.83,2.26,59.14
Marion Island,PB1,PB1_1B,ACE_ITRAX_16780,31.8,71.8,71.8,0.05,1884.26,3347.17,2601.52,2603.09,0.0261,6.77,1,TRUE,16626,71302,1.47,0,18,0,0,0,9,70,1613,3291,92,83,273,40258,230,185,149,103,21,26,375,0,2338,0,750,0,0,0,49,9,48,120,16375,4242,75,20617,3.860207449,0.259053435,3.83,5.92,154.44
Marion Island,PB1,PB1_1B,ACE_ITRAX_16781,31.9,71.9,71.9,0.05,1886.61,3354.32,2606.2,2606.92,0.0261,6.76,1,TRUE,16850,69244,1.47,0,0,9,0,12,11,61,1554,3111,92,55,295,37106,269,132,155,72,0,30,545,117,2380,0,953,0,0,0,18,39,0,0,17136,4432,55,21568,3.866425993,0.258636788,3.83,4.75,124.02
Marion Island,PB1,PB1_1B,ACE_ITRAX_16782,32,72,72,0.05,1887.48,3357.77,2610.08,2610.76,0.026,6.76,1,TRUE,16720,67377,1.45,0,24,0,0,0,0,52,1298,3084,80,78,225,35648,295,143,99,68,0,34,414,72,2264,0,770,0,0,0,24,56,6,0,17713,4257,53,21970,4.16091144,0.24033196,3.84,2.16,56.25
Marion Island,PB1,PB1_1B,ACE_ITRAX_16783,32.1,72.1,72.1,0.05,1890.64,3358.91,2613.56,2614.59,0.0261,6.75,1,TRUE,16415,63537,1.34,0,23,0,0,10,0,45,966,2833,110,57,225,30981,298,217,142,173,0,0,376,54,2310,41,881,0,0,0,55,27,44,32,18653,4302,0,22955,4.335890284,0.230633142,3.83,2.15,56.14
Marion Island,PB1,PB1_1B,ACE_ITRAX_16784,32.2,72.2,72.2,0.05,1896.54,3362.69,2616.21,2618.42,0.0261,6.76,1,TRUE,17728,71573,1.41,0,0,6,8,0,0,90,1375,3322,87,69,305,36638,267,166,81,85,0,89,540,0,2314,8,928,0,6,0,0,14,129,0,20037,4460,87,24497,4.492600897,0.222588212,3.83,4.84,126.37
Marion Island,PB1,PB1_1B,ACE_ITRAX_16785,32.3,72.3,72.3,0.05,1901.53,3367.26,2619.89,2622.25,0.0261,6.77,1,TRUE,18233,74096,1.4,0,11,9,10,31,0,52,1373,3373,98,59,253,38857,217,178,107,98,0,38,556,113,2163,0,909,0,0,0,19,97,0,0,20363,4468,140,24831,4.557520143,0.219417571,3.83,4.78,124.8
Marion Island,PB1,PB1_1B,ACE_ITRAX_16786,32.4,72.4,72.4,0.05,1905.64,3368.6,2623.4,2626.08,0.0261,6.78,1,TRUE,18108,69343,1.29,0,34,21,0,29,0,59,1202,3174,31,57,186,33198,307,187,144,87,26,150,625,31,2140,0,834,0,0,0,81,61,0,0,21423,4597,174,26020,4.660213183,0.214582458,3.83,2.72,71.15
Marion Island,PB1,PB1_1B,ACE_ITRAX_16787,32.5,72.5,72.5,0.05,1908.61,3372.76,2627.92,2629.92,0.026,6.78,1,TRUE,18143,67603,1.29,0,35,18,7,0,0,27,1290,3136,75,42,218,31801,192,143,41,55,0,68,580,100,2017,0,938,0,0,0,44,64,6,0,21475,4642,0,26117,4.62623869,0.216158324,3.84,3.57,92.84
Marion Island,PB1,PB1_1B,ACE_ITRAX_16788,32.6,72.6,72.6,0.05,1911.65,3373.53,2631.81,2633.75,0.0261,6.79,1,TRUE,18224,70687,1.49,13,52,22,17,14,16,38,1373,3174,94,45,242,35502,177,175,106,121,33,201,508,41,2100,0,826,9,18,0,29,0,0,0,20563,4604,90,25167,4.466333623,0.223897291,3.83,1.91,49.74
Marion Island,PB1,PB1_1B,ACE_ITRAX_16789,32.7,72.7,72.7,0.05,1914.53,3376.65,2636.01,2637.58,0.0261,6.8,1,TRUE,18095,67869,1.48,0,16,0,0,12,0,44,1073,3472,62,57,187,32986,264,169,57,68,0,0,644,42,1846,0,859,0,0,6,0,48,0,0,20845,4539,81,25384,4.592421238,0.21775006,3.83,3,78.33
Marion Island,PB1,PB1_1B,ACE_ITRAX_16790,32.8,72.8,72.8,0.05,1917.49,3378.85,2640.17,2641.41,0.0261,6.8,1,TRUE,18227,68699,1.45,19,25,21,0,24,0,27,1180,3198,27,86,250,33497,216,175,129,104,62,12,684,0,2095,0,863,0,0,0,20,0,9,0,20970,4379,157,25349,4.788764558,0.208822127,3.83,2.58,67.36
Marion Island,PB1,PB1_1B,ACE_ITRAX_16791,32.9,72.9,72.9,0.05,1920.36,3382.26,2645.9,2645.25,0.026,6.8,1,TRUE,17920,66999,1.35,34,61,29,8,20,6,34,1165,3123,105,115,209,30806,186,156,117,88,23,95,698,35,2004,6,951,0,0,0,47,15,0,21,21630,4593,0,26223,4.7093403,0.212343967,3.84,3.14,81.77
Marion Island,PB1,PB1_1B,ACE_ITRAX_16792,33,73,73,0.05,1922.58,3389.98,2649.55,2649.08,0.0261,6.8,1,TRUE,19041,75829,1.44,10,23,36,11,28,24,52,1177,3536,58,70,238,38153,380,191,227,98,0,87,635,70,2175,0,885,0,0,0,34,0,44,0,22038,4975,36,27013,4.429748744,0.225746438,3.83,4.97,129.77
Marion Island,PB1,PB1_1B,ACE_ITRAX_16793,33.1,73.1,73.1,0.05,1926.4,3393.31,2653.25,2652.91,0.0261,6.8,1,TRUE,18676,71278,1.38,17,7,17,5,25,11,54,1310,3267,46,57,275,33793,132,177,177,77,0,17,714,148,2256,0,826,0,0,0,49,134,141,51,22170,4824,81,26994,4.595771144,0.21759134,3.83,3.58,93.34
Marion Island,PB1,PB1_1B,ACE_ITRAX_16794,33.2,73.2,73.2,0.05,1929.38,3395.59,2656.62,2656.74,0.0261,6.79,1,TRUE,19153,72789,1.36,8,17,19,21,19,0,45,1206,3300,109,43,264,34346,237,138,160,116,0,0,749,23,2313,0,970,0,0,0,0,110,53,0,23021,4833,6,27854,4.76329402,0.209938752,3.83,2.63,68.67
Marion Island,PB1,PB1_1B,ACE_ITRAX_16795,33.3,73.3,73.3,0.05,1932.36,3397.89,2659.45,2660.58,0.026,6.8,1,TRUE,19293,71705,1.49,0,10,16,0,0,7,77,1163,3349,115,43,268,33037,170,154,108,121,11,69,861,0,2013,0,1070,0,0,0,56,0,30,0,23414,4922,184,28336,4.757009346,0.21021611,3.84,2.64,68.75
Marion Island,PB1,PB1_1B,ACE_ITRAX_16796,33.4,73.4,73.4,0.05,1937.77,3402.41,2662.67,2664.41,0.0261,6.8,1,TRUE,18727,68989,1.42,0,9,0,7,0,7,52,1047,2677,47,58,240,32311,215,199,216,71,0,16,620,81,1805,0,1078,0,5,0,81,101,62,0,22873,4605,0,27478,4.9669924,0.201329078,3.83,4.97,129.63
Marion Island,PB1,PB1_1B,ACE_ITRAX_16797,33.5,73.5,73.5,0.05,1943.53,3408.54,2667.01,2668.24,0.0261,6.8,1,TRUE,18536,70171,1.43,32,44,5,32,28,10,52,1089,2817,85,63,213,34302,127,187,192,88,50,116,682,0,1758,0,929,0,16,0,42,0,34,0,21881,4660,113,26541,4.695493562,0.212970157,3.83,5.95,155.22
Marion Island,PB1,PB1_1B,ACE_ITRAX_16798,33.6,73.6,73.6,0.05,1946.78,3413.19,2670.66,2672.07,0.0261,6.8,1,TRUE,18042,65882,1.5,0,0,0,4,9,0,70,1181,2664,19,103,197,30038,318,145,108,44,0,0,712,0,2082,0,958,0,9,0,57,0,0,59,21925,4673,84,26598,4.691846779,0.21313569,3.83,3.95,103.13
Marion Island,PB1,PB1_1B,ACE_ITRAX_16799,33.7,73.7,73.7,0.05,1950.09,3417.91,2675.48,2675.9,0.0261,6.8,1,TRUE,17858,63844,1.42,0,22,10,0,0,0,16,906,2352,60,26,186,28267,202,214,168,157,0,160,727,46,1861,0,881,0,0,0,11,74,62,38,22024,4738,14,26762,4.648374842,0.21512895,3.83,4.01,104.83
Marion Island,PB1,PB1_1B,ACE_ITRAX_16800,33.8,73.8,73.8,0.05,1953.06,3422.04,2680.15,2679.74,0.026,6.79,1,TRUE,18262,65829,1.35,0,34,15,26,16,6,49,1050,2601,77,33,214,29675,285,147,123,15,0,0,751,55,2140,0,762,0,0,0,0,16,0,13,22369,4686,140,27055,4.773580879,0.209486343,3.84,3.55,92.45
Marion Island,PB1,PB1_1B,ACE_ITRAX_16801,33.9,73.9,73.9,0.05,1956.21,3424.94,2685.33,2683.57,0.0261,6.79,1,TRUE,18541,65396,1.44,37,9,11,13,24,8,39,1011,2477,103,22,185,28218,190,148,172,110,0,41,691,0,2006,0,862,4,0,0,24,46,54,40,23272,4793,65,28065,4.855414146,0.205955655,3.83,3.03,78.98
Marion Island,PB1,PB1_1B,ACE_ITRAX_16802,34,74,74,0.05,1959.37,3428.51,2689.63,2687.4,0.0261,6.79,1,TRUE,18343,61385,1.52,0,19,13,0,12,7,22,876,2170,76,39,161,24225,212,126,160,0,0,33,789,79,1745,0,869,0,0,0,11,90,23,99,23998,4949,0,28947,4.849060416,0.206225519,3.83,3.37,87.86
Marion Island,PB1,PB1_1B,ACE_ITRAX_16803,34.1,74.1,74.1,0.05,1961.81,3430.96,2692.82,2691.23,0.0261,6.79,1,TRUE,19004,67297,1.44,0,34,18,15,14,16,55,1204,2311,86,101,268,28021,273,210,204,145,0,21,847,34,1862,0,1007,0,0,0,44,0,45,0,24823,5054,14,29877,4.911555204,0.203601499,3.83,2.44,63.84
Marion Island,PB1,PB1_1B,ACE_ITRAX_16804,34.2,74.2,74.2,0.05,1963.41,3433.32,2695.82,2695.07,0.026,6.78,1,TRUE,18882,63252,1.44,31,53,19,21,35,0,8,654,2037,48,43,181,24502,275,242,261,75,0,40,730,0,1665,0,911,0,0,0,45,69,0,0,25499,5155,0,30654,4.946459748,0.202164791,3.84,1.98,51.56
Marion Island,PB1,PB1_1B,ACE_ITRAX_16805,34.3,74.3,74.3,0.05,1965,3436.73,2700.06,2698.9,0.0261,6.78,1,TRUE,18210,60796,1.27,0,22,6,0,27,8,26,794,1927,90,62,206,23604,324,203,158,9,0,38,763,0,1453,0,980,0,0,0,9,52,30,75,24599,4683,0,29282,5.252829383,0.190373592,3.83,2.5,65.27
Marion Island,PB1,PB1_1B,ACE_ITRAX_16806,34.4,74.4,74.4,0.05,1966.59,3440.16,2704.31,2702.73,0.0261,6.77,1,TRUE,18576,64662,1.52,12,15,7,10,0,9,41,664,2190,67,37,279,27663,434,181,202,142,0,26,863,0,1615,0,862,0,12,0,14,69,47,0,23804,4668,0,28472,5.099400171,0.196101496,3.83,2.51,65.54
Marion Island,PB1,PB1_1B,ACE_ITRAX_16807,34.5,74.5,74.5,0.05,1968.19,3443.87,2707.81,2706.56,0.0261,6.77,1,TRUE,18596,61525,1.41,0,18,0,0,0,11,23,542,1837,31,52,178,24440,351,169,183,29,0,98,870,0,1572,0,811,0,0,0,6,12,0,0,24835,4886,125,29721,5.082889889,0.196738474,3.83,2.66,69.32
Marion Island,PB1,PB1_1B,ACE_ITRAX_16808,34.6,74.6,74.6,0.05,1970.82,3448.54,2711.79,2710.39,0.0261,6.76,1,TRUE,18769,62910,1.28,39,35,15,31,22,21,9,615,2052,44,67,138,25109,236,180,191,81,0,6,837,68,1542,0,826,0,0,0,77,43,0,0,24858,5051,20,29909,4.921401703,0.203194143,3.83,3.65,95.3
Marion Island,PB1,PB1_1B,ACE_ITRAX_16809,34.7,74.7,74.7,0.05,1972.25,3453.26,2716.5,2714.23,0.026,6.75,1,TRUE,19228,66935,1.36,0,25,11,16,28,0,14,800,2042,45,55,213,28068,258,216,173,83,0,93,894,122,1789,0,833,0,0,0,33,77,36,27,25430,4960,23,30390,5.127016129,0.195045222,3.84,3.08,80.08
Marion Island,PB1,PB1_1B,ACE_ITRAX_16810,34.8,74.8,74.8,0.05,1975.74,3460.08,2721.43,2718.06,0.0261,6.74,1,TRUE,19433,66770,1.35,0,7,0,0,10,0,8,607,1904,61,70,183,28136,353,202,172,75,0,207,902,57,1724,0,843,0,10,0,41,0,112,0,25466,4846,89,30312,5.255055716,0.19029294,3.83,5.15,134.6
Marion Island,PB1,PB1_1B,ACE_ITRAX_16811,34.9,74.9,74.9,0.05,1977.8,3462.97,2727.12,2721.89,0.0261,6.75,1,TRUE,18955,67619,1.39,15,24,12,19,18,0,39,696,1847,45,34,175,30559,228,124,88,45,0,153,816,0,1599,0,944,0,0,0,11,0,0,0,24518,5008,32,29526,4.895766773,0.204258096,3.83,2.47,64.62
Marion Island,PB1,PB1_1B,ACE_ITRAX_16812,35,75,75,0.05,1980.42,3467,2731.4,2725.72,0.0261,6.76,1,TRUE,19194,70573,1.35,0,21,6,18,34,11,48,800,1943,110,23,229,33315,335,126,148,0,0,173,750,0,1877,7,901,0,0,0,23,57,0,0,24184,4860,43,29044,4.976131687,0.200959312,3.83,3.33,86.81
Marion Island,PB1,PB1_1B,ACE_ITRAX_16813,35.1,75.1,75.1,0.05,1985.04,3468.62,2735.32,2729.48,0.0266,6.74,1,TRUE,18671,66370,1.37,0,18,0,8,6,16,40,806,2376,104,36,198,29687,322,181,168,136,0,87,798,57,1753,0,928,0,0,0,45,120,48,0,23075,4694,0,27769,4.915850021,0.203423619,3.76,3.12,82.98
Marion Island,PB1,PB1_1B,ACE_ITRAX_16814,35.2,75.2,75.2,0.05,1991.68,3476.22,2738.73,2733.24,0.0266,6.74,1,TRUE,17473,66356,1.52,25,7,15,9,9,0,52,1052,3087,56,46,229,32062,208,171,204,144,0,36,567,5,2026,0,842,0,0,0,41,147,55,0,20081,4522,0,24603,4.440734188,0.225187989,3.76,7.12,189.36
Marion Island,PB1,PB1_1B,ACE_ITRAX_16815,35.3,75.3,75.3,0.05,1995.58,3478.63,2742.01,2736.99,0.0267,6.74,1,TRUE,15325,59940,1.37,0,11,0,0,7,0,51,1090,2659,92,48,188,30683,214,129,125,117,0,68,488,0,2005,0,824,0,0,0,28,16,8,0,16588,3997,0,20585,4.150112584,0.240957319,3.75,3.16,84.13
Marion Island,PB1,PB1_1B,ACE_ITRAX_16816,35.4,75.4,75.4,0.05,2002.92,3479.03,2744.25,2740.75,0.0266,6.74,1,TRUE,15489,60366,1.34,0,0,0,0,5,9,31,998,2339,56,49,206,31229,215,120,74,97,0,96,450,147,2176,0,776,0,0,0,15,0,9,0,16799,3994,69,20793,4.206059089,0.237752247,3.76,3.87,102.93
Marion Island,PB1,PB1_1B,ACE_ITRAX_16817,35.5,75.5,75.5,0.05,2009.08,3479.43,2746.8,2744.51,0.0266,6.74,1,TRUE,15496,59876,1.41,0,0,0,6,22,0,51,785,2201,63,25,197,29927,265,131,151,83,0,88,450,44,2130,0,935,0,0,0,20,0,54,0,17696,3994,47,21690,4.430645969,0.225700723,3.76,3.28,87.23
Marion Island,PB1,PB1_1B,ACE_ITRAX_16818,35.6,75.6,75.6,0.05,2015.15,3483.6,2750.84,2748.27,0.0266,6.74,1,TRUE,16783,63521,1.38,18,29,0,22,21,0,21,927,2831,42,44,193,31356,265,224,150,120,0,93,561,39,2120,0,768,0,0,0,17,92,109,0,18656,4168,0,22824,4.476007678,0.223413379,3.76,5.12,136.17
Marion Island,PB1,PB1_1B,ACE_ITRAX_16819,35.7,75.7,75.7,0.05,2018.4,3486.28,2754.61,2752.02,0.0267,6.74,1,TRUE,17082,65787,1.37,13,39,27,11,28,11,47,941,2818,106,61,200,33397,329,154,74,18,0,106,636,91,2106,0,894,0,0,0,50,18,0,0,18921,4063,114,22984,4.656903766,0.214734951,3.75,2.97,79.07
Marion Island,PB1,PB1_1B,ACE_ITRAX_16820,35.8,75.8,75.8,0.05,2024.06,3488.55,2757.2,2755.78,0.0266,6.74,1,TRUE,17069,65850,1.35,0,0,0,10,16,0,21,853,2832,65,61,220,34742,311,177,142,100,0,0,515,0,1930,0,859,0,0,0,44,35,0,0,18139,4225,98,22364,4.293254438,0.232923535,3.76,3.96,105.45
Marion Island,PB1,PB1_1B,ACE_ITRAX_16821,35.9,75.9,75.9,0.05,2029.58,3492.45,2759.86,2759.54,0.0266,6.74,1,TRUE,17400,66380,1.36,0,12,33,0,10,0,34,960,2682,88,27,224,32903,369,189,99,49,0,179,558,156,2207,0,850,0,0,0,0,14,0,0,19716,4493,73,24209,4.388159359,0.227885981,3.76,4.71,125.27
Marion Island,PB1,PB1_1B,ACE_ITRAX_16822,36,76,76,0.05,2032.02,3497.13,2763.92,2763.29,0.0267,6.74,1,TRUE,18333,71120,1.5,0,8,28,0,37,9,39,1333,3211,141,53,232,35313,224,205,182,110,79,107,574,176,2148,0,916,0,0,0,26,0,0,0,20787,4603,131,25390,4.515967847,0.221436475,3.75,3.56,94.93
Marion Island,PB1,PB1_1B,ACE_ITRAX_16823,36.1,76.1,76.1,0.05,2035.85,3500.79,2768.48,2767.05,0.0266,6.73,1,TRUE,18172,68513,1.42,16,27,30,20,22,20,55,1145,2803,99,49,227,33951,275,88,86,75,0,57,579,55,1947,0,806,0,16,0,30,0,39,0,20784,4598,99,25382,4.520226185,0.221227868,3.76,3.74,99.6
Marion Island,PB1,PB1_1B,ACE_ITRAX_16824,36.2,76.2,76.2,0.05,2038.86,3502.5,2771.95,2770.81,0.0266,6.73,1,TRUE,18595,71447,1.32,5,18,9,9,23,5,95,1512,2541,117,40,229,35718,199,164,162,9,0,157,645,103,1973,0,788,0,0,0,27,0,0,0,21918,4450,122,26368,4.925393258,0.203029473,3.76,2.36,62.77
Marion Island,PB1,PB1_1B,ACE_ITRAX_16825,36.3,76.3,76.3,0.05,2042.98,3503.95,2775.18,2774.57,0.0266,6.74,1,TRUE,17351,65311,1.27,28,25,11,0,24,0,63,971,2389,61,50,190,31170,149,204,223,162,0,110,640,0,1946,0,764,0,0,0,26,91,98,0,20881,4454,44,25335,4.688145487,0.213303961,3.76,2.78,74.07
Marion Island,PB1,PB1_1B,ACE_ITRAX_16826,36.4,76.4,76.4,0.05,2046.88,3504.18,2779.82,2778.32,0.0267,6.75,1,TRUE,16821,61798,1.48,34,39,28,0,16,21,41,876,2336,40,55,218,28451,86,159,107,119,0,63,653,72,1819,0,909,0,0,0,22,158,20,0,20897,4094,0,24991,5.104298974,0.195913289,3.75,2.07,55.07
Marion Island,PB1,PB1_1B,ACE_ITRAX_16827,36.5,76.5,76.5,0.05,2051.34,3507.26,2783.52,2782.08,0.0266,6.75,1,TRUE,17337,64754,1.47,0,0,0,0,18,0,22,784,2422,137,29,208,30737,266,177,235,15,0,76,627,176,1802,0,698,0,0,0,0,205,119,0,20838,4510,17,25348,4.620399113,0.216431519,3.76,3.77,100.27
Marion Island,PB1,PB1_1B,ACE_ITRAX_16828,36.6,76.6,76.6,0.05,2056.08,3509.38,2786.39,2785.84,0.0266,6.74,1,TRUE,18909,74489,1.43,0,29,20,0,25,5,53,1078,2760,102,94,250,38543,348,209,150,64,0,75,612,37,1929,0,925,0,9,0,20,15,37,0,21833,4669,157,26502,4.676161919,0.213850593,3.76,3.43,91.22
Marion Island,PB1,PB1_1B,ACE_ITRAX_16829,36.7,76.7,76.7,0.05,2061.05,3511.15,2790.69,2789.59,0.0267,6.74,1,TRUE,19070,67911,1.48,27,23,0,0,8,0,15,871,2383,97,45,158,30010,429,140,159,125,11,87,784,0,1611,0,966,0,0,0,8,0,32,0,24617,4745,86,29362,5.187987355,0.192752976,3.75,3.37,89.87
Marion Island,PB1,PB1_1B,ACE_ITRAX_16830,36.8,76.8,76.8,0.05,2065.39,3513.71,2794.06,2793.35,0.0266,6.74,1,TRUE,19427,67372,1.38,41,55,27,21,34,0,14,701,1948,120,38,137,27801,357,221,168,47,0,85,869,74,1548,0,844,0,0,0,24,102,124,0,26112,5230,0,31342,4.992734226,0.200291054,3.76,3.45,91.76
Marion Island,PB1,PB1_1B,ACE_ITRAX_16831,36.9,76.9,76.9,0.05,2068.43,3515.24,2797.66,2797.11,0.0266,6.75,1,TRUE,19583,64681,1.48,0,33,7,5,0,0,0,692,1888,62,22,212,25143,314,170,131,68,0,154,804,59,1557,0,995,0,0,0,46,0,0,0,26606,5098,70,31704,5.218909376,0.191610915,3.76,2.28,60.77
Marion Island,PB1,PB1_1B,ACE_ITRAX_16832,37,77,77,0.05,2073.24,3516.32,2802.33,2800.87,0.0266,6.75,1,TRUE,20055,68313,1.34,8,26,0,0,13,0,13,708,2214,80,72,203,28605,319,150,192,68,0,54,898,0,1560,0,805,0,0,0,0,56,104,34,26488,4987,105,31475,5.311409665,0.188273935,3.76,2.95,78.32
Marion Island,PB1,PB1_1B,ACE_ITRAX_16833,37.1,77.1,77.1,0.05,2075.88,3520.61,2805.89,2804.62,0.0267,6.75,1,TRUE,19113,65203,1.27,0,26,0,0,20,15,37,825,2070,46,66,159,27747,219,191,227,55,0,225,830,60,1554,0,824,0,0,0,5,32,0,0,24781,4632,168,29413,5.349956822,0.186917396,3.75,3.47,92.4
Marion Island,PB1,PB1_1B,ACE_ITRAX_16834,37.2,77.2,77.2,0.05,2079.84,3522.05,2809.88,2808.38,0.0266,6.75,1,TRUE,18029,63250,1.27,35,48,29,26,20,10,50,952,2593,51,52,189,27239,211,194,169,43,0,52,657,0,1758,0,1007,0,0,0,17,16,21,41,22740,4421,147,27161,5.143632662,0.194415128,3.76,2.7,71.81
Marion Island,PB1,PB1_1B,ACE_ITRAX_16835,37.3,77.3,77.3,0.05,2081.76,3524.45,2814.24,2812.14,0.0266,6.73,1,TRUE,17727,63191,1.29,0,16,0,9,19,9,65,932,2352,27,69,168,27872,190,186,167,98,0,18,540,116,1785,0,769,0,0,0,22,15,73,65,22628,4368,88,26996,5.18040293,0.193035178,3.76,2.16,57.45
Marion Island,PB1,PB1_1B,ACE_ITRAX_16836,37.4,77.4,77.4,0.05,2086.2,3525.81,2819.41,2815.89,0.0267,6.72,1,TRUE,17831,64162,1.43,0,22,0,0,53,0,64,1250,2362,83,61,233,28133,246,174,121,90,26,75,536,0,1753,0,893,0,5,0,57,0,117,0,22494,4696,0,27190,4.790034072,0.208766782,3.75,2.9,77.33
Marion Island,PB1,PB1_1B,ACE_ITRAX_16837,37.5,77.5,77.5,0.05,2086.61,3527.56,2823.28,2819.65,0.0266,6.72,1,TRUE,17670,63981,1.4,0,20,17,23,31,0,56,1081,2528,105,51,236,28380,215,176,186,101,0,14,590,68,1686,0,944,0,9,0,31,144,0,137,22002,4597,0,26599,4.78616489,0.208935551,3.76,1.08,28.72
Marion Island,PB1,PB1_1B,ACE_ITRAX_16838,37.6,77.6,77.6,0.05,2089.82,3529.99,2826.71,2823.41,0.0266,6.72,1,TRUE,17911,64506,1.43,0,31,15,13,27,5,15,820,2158,86,62,208,28003,225,143,60,10,0,103,731,187,1855,0,862,6,11,0,85,111,53,62,23048,4952,19,28000,4.654281099,0.214855953,3.76,2.82,75
Marion Island,PB1,PB1_1B,ACE_ITRAX_16839,37.7,77.7,77.7,0.05,2093.64,3534.7,2831.16,2827.16,0.0267,6.73,1,TRUE,18686,62544,1.53,32,9,17,0,27,0,0,631,2026,89,58,167,24911,348,217,182,53,0,106,822,106,1548,0,746,0,0,0,25,17,45,0,24704,5056,0,29760,4.886075949,0.204663212,3.75,4.26,113.73
Marion Island,PB1,PB1_1B,ACE_ITRAX_16840,37.8,77.8,77.8,0.05,2097.7,3542.72,2835.64,2830.92,0.0266,6.74,1,TRUE,18938,63060,1.41,0,19,20,14,19,15,19,729,1985,44,51,153,24948,401,177,109,62,0,95,754,67,1495,0,967,0,0,0,40,28,74,20,25285,4855,83,30140,5.208032956,0.192011074,3.76,6.04,160.64
Marion Island,PB1,PB1_1B,ACE_ITRAX_16841,37.9,77.9,77.9,0.05,2100.37,3551.82,2839.95,2834.68,0.0266,6.75,1,TRUE,18259,60115,1.46,0,0,0,6,8,0,13,521,1682,73,16,193,24374,318,188,73,86,0,33,741,0,1391,0,747,0,0,0,58,22,93,75,24033,4781,50,28814,5.026772642,0.198934798,3.76,5.89,156.52
Marion Island,PB1,PB1_1B,ACE_ITRAX_16842,38,78,78,0.05,2103.1,3555.76,2843.69,2838.44,0.0266,6.76,1,TRUE,18394,65839,1.38,0,0,0,12,14,0,18,762,1974,72,50,155,29698,370,195,182,0,21,87,795,0,1695,0,887,0,0,0,35,11,46,57,23246,4793,25,28039,4.849989568,0.20618601,3.76,3.34,88.7
Marion Island,PB1,PB1_1B,ACE_ITRAX_16843,38.1,78.1,78.1,0.05,2104.6,3557.49,2847.3,2842.19,0.0267,6.77,1,TRUE,18493,64261,1.38,0,12,0,7,17,17,15,769,2400,81,98,182,28158,331,186,173,78,62,41,728,47,1692,0,810,13,0,0,70,0,0,44,22902,4627,114,27529,4.949643397,0.202034757,3.75,1.61,43.07
Marion Island,PB1,PB1_1B,ACE_ITRAX_16844,38.2,78.2,78.2,0.05,2107.49,3558.72,2850.82,2845.95,0.0266,6.77,1,TRUE,17927,69558,1.53,0,9,11,0,9,0,74,1460,2960,59,45,264,36012,298,157,238,116,0,148,521,35,1739,0,728,0,10,0,54,17,0,0,19398,4506,83,23904,4.304926764,0.232291989,3.76,2.06,54.79
Marion Island,PB1,PB1_1B,ACE_ITRAX_16845,38.3,78.3,78.3,0.05,2110.95,3562.98,2854.96,2849.71,0.0266,6.76,1,TRUE,16725,63979,1.33,47,42,28,27,70,13,50,1033,2817,43,42,132,32101,272,116,169,115,0,0,499,150,1665,0,799,0,0,0,13,135,21,9,18927,4120,36,23047,4.593932039,0.217678449,3.76,3.86,102.66
Marion Island,PB1,PB1_1B,ACE_ITRAX_16846,38.4,78.4,78.4,0.05,2112.78,3567.71,2859.37,2853.46,0.0267,6.74,1,TRUE,15587,59675,1.28,8,34,41,0,0,0,56,1240,2481,126,21,203,28313,225,102,128,39,0,154,576,34,1872,0,805,0,0,0,11,91,32,33,18446,4194,48,22640,4.398187887,0.227366367,3.75,3.28,87.47
Marion Island,PB1,PB1_1B,ACE_ITRAX_16847,38.5,78.5,78.5,0.05,2115.74,3570.52,2863.26,2857.22,0.0266,6.71,1,TRUE,17303,66040,1.36,0,16,23,31,34,9,79,1126,2734,72,56,242,30812,123,147,68,41,0,16,683,82,1934,0,875,4,9,0,22,44,90,28,21520,4630,87,26150,4.647948164,0.215148699,3.76,2.88,76.73
Marion Island,PB1,PB1_1B,ACE_ITRAX_16848,38.6,78.6,78.6,0.05,2118.55,3576.43,2865.63,2860.98,0.0266,6.7,1,TRUE,19653,77810,1.5,0,32,0,9,23,0,82,1706,3681,102,43,264,39103,290,195,110,50,0,151,646,117,2053,0,916,0,6,0,45,0,34,0,22723,4881,129,27604,4.655398484,0.214804383,3.76,4.36,115.96
Marion Island,PB1,PB1_1B,ACE_ITRAX_16849,38.7,78.7,78.7,0.05,2119.62,3580.63,2869.46,2864.74,0.0266,6.7,1,TRUE,19166,73998,1.51,0,7,0,5,42,0,80,1472,3421,67,40,234,35968,280,133,94,85,0,122,609,15,2093,0,982,0,0,0,0,109,0,0,22679,4832,111,27511,4.693501656,0.213060541,3.76,2.63,70.08
Marion Island,PB1,PB1_1B,ACE_ITRAX_16850,38.8,78.8,78.8,0.05,2122.55,3586.15,2875.01,2868.49,0.0267,6.69,1,TRUE,19150,73001,1.41,19,14,25,0,49,0,52,1259,3058,25,34,159,35243,315,137,138,124,0,0,636,0,1870,0,924,0,0,0,86,0,0,8,23265,4958,0,28223,4.692416297,0.213109822,3.75,4.23,112.67
Marion Island,PB1,PB1_1B,ACE_ITRAX_16851,38.9,78.9,78.9,0.05,2125.5,3591.27,2877.52,2872.25,0.0266,6.68,1,TRUE,18954,69069,1.35,10,16,28,5,14,4,52,1326,3162,64,41,234,30653,225,185,92,68,0,97,750,19,1926,0,828,0,0,0,0,69,0,0,23859,4778,37,28637,4.99351193,0.20025986,3.76,4.03,107.31
Marion Island,PB1,PB1_1B,ACE_ITRAX_16852,39,79,79,0.05,2126.96,3595.57,2881.6,2876.01,0.0266,6.67,1,TRUE,19821,78169,1.26,0,19,19,12,16,0,106,2474,3215,42,196,306,37802,284,201,84,124,0,47,543,23,1848,0,976,0,10,0,14,0,132,0,24078,5022,37,29100,4.794504182,0.208572141,3.76,2.88,76.6
Marion Island,PB1,PB1_1B,ACE_ITRAX_16853,39.1,79.1,79.1,0.05,2127.57,3597.81,2885.25,2879.76,0.0267,6.68,1,TRUE,18531,64412,1.4,0,27,0,24,23,0,72,1089,2407,41,40,203,25148,213,166,225,58,0,110,721,0,1796,0,792,0,17,0,43,72,18,13,25503,5026,0,30529,5.074214087,0.197074854,3.75,1.42,38
Marion Island,PB1,PB1_1B,ACE_ITRAX_16854,39.2,79.2,79.2,0.05,2128.17,3600.04,2889.58,2883.52,0.0266,6.69,1,TRUE,19542,69605,1.4,0,20,19,8,17,14,34,1294,2343,66,89,149,29785,260,201,190,58,0,173,682,136,1767,0,924,0,0,0,10,87,24,0,25390,5215,61,30605,4.86864813,0.205395825,3.76,1.41,37.63
Marion Island,PB1,PB1_1B,ACE_ITRAX_16855,39.3,79.3,79.3,0.05,2129.97,3604.11,2892.91,2887.28,0.0266,6.7,1,TRUE,19482,71924,1.39,4,42,34,27,42,14,65,1368,3556,97,63,200,32612,293,193,182,121,0,0,580,0,1837,0,916,0,23,0,52,101,0,54,24136,4776,159,28912,5.05360134,0.197878687,3.76,2.93,78.06
Marion Island,PB1,PB1_1B,ACE_ITRAX_16856,39.4,79.4,79.4,0.05,2132.08,3610.31,2896.3,2891.04,0.0266,6.7,1,TRUE,18050,64730,1.32,35,30,31,0,13,13,57,1187,3229,78,26,182,27550,206,136,177,52,92,74,631,0,1590,0,907,0,0,0,6,0,71,36,23303,4466,88,27769,5.217868339,0.191649144,3.76,4.15,110.51
Marion Island,PB1,PB1_1B,ACE_ITRAX_16857,39.5,79.5,79.5,0.05,2134.75,3613.14,2901.01,2894.79,0.0267,6.72,1,TRUE,18013,68146,1.43,7,9,8,0,28,14,49,1310,3075,48,45,170,30686,229,180,199,121,0,142,645,0,1881,39,1030,0,4,0,15,116,142,61,22755,4421,0,27176,5.14702556,0.19428697,3.75,2.75,73.33
Marion Island,PB1,PB1_1B,ACE_ITRAX_16858,39.6,79.6,79.6,0.05,2141.89,3617.49,2904.04,2898.55,0.0266,6.72,1,TRUE,18008,65784,1.35,0,0,0,0,34,0,61,1074,2910,36,54,153,28178,286,156,133,41,0,31,681,32,1736,0,948,0,5,0,31,33,80,0,23573,4764,66,28337,4.948152813,0.202095618,3.76,5.74,152.79
Marion Island,PB1,PB1_1B,ACE_ITRAX_16859,39.7,79.7,79.7,0.05,2149.22,3622.93,2907.41,2902.31,0.0266,6.72,1,TRUE,18342,67833,1.37,22,25,0,0,36,0,24,819,2492,41,20,118,30182,287,171,179,81,0,0,641,106,1678,7,975,0,0,0,13,19,139,0,24243,4825,50,29068,5.024455959,0.199026523,3.76,6.38,169.81
Marion Island,PB1,PB1_1B,ACE_ITRAX_16860,39.8,79.8,79.8,0.05,2152.38,3631.38,2910.98,2906.06,0.0267,6.71,1,TRUE,18664,63389,1.48,0,8,14,0,23,12,27,945,2669,54,48,145,24700,166,154,138,70,0,0,618,61,1468,0,888,0,0,0,17,101,0,0,25583,4855,0,30438,5.269412976,0.18977446,3.75,5.81,154.8
Marion Island,PB1,PB1_1B,ACE_ITRAX_16861,39.9,79.9,79.9,0.05,2155.41,3635.59,2913.2,2909.82,0.0266,6.71,1,TRUE,18941,63373,1.25,22,51,6,27,20,15,49,926,2332,63,80,144,24333,264,184,224,86,0,44,709,0,1458,0,1030,7,0,0,41,103,34,85,25832,4546,58,30378,5.682358117,0.175983277,3.76,3.62,96.28
Marion Island,PB1,PB1_1B,ACE_ITRAX_16862,40,80,80,0.05,2159.26,3639.15,2917.33,2913.58,0.0266,6.71,1,TRUE,18149,61758,1.32,0,32,14,0,17,0,30,814,2412,45,0,144,22261,169,151,155,125,0,158,763,60,1564,0,997,0,6,0,30,104,0,0,25957,5055,0,31012,5.134915925,0.194745155,3.76,3.71,98.54
Marion Island,PB1,PB1_1B,ACE_ITRAX_16863,40.1,80.1,80.1,0.05,2165.26,3640.48,2921,2917.38,0.0263,6.7,1,TRUE,19457,67475,1.4,10,40,9,25,50,0,30,725,2293,103,30,124,27686,124,191,150,80,0,111,646,81,1641,0,853,0,0,0,0,123,0,18,26687,5120,42,31807,5.212304688,0.191853712,3.8,3.66,96.45
Marion Island,PB1,PB1_1B,ACE_ITRAX_16864,40.2,80.2,80.2,0.05,2172.13,3641.78,2924.23,2921.18,0.0263,6.69,1,TRUE,20294,70076,1.25,0,0,20,12,25,10,36,861,2535,96,32,157,29340,138,140,74,0,0,80,790,0,1482,28,920,0,0,0,31,24,36,125,27470,4982,66,32452,5.513849859,0.181361485,3.8,4.09,107.5
Marion Island,PB1,PB1_1B,ACE_ITRAX_16865,40.3,80.3,80.3,0.05,2175.52,3643.05,2928.06,2924.99,0.0262,6.69,1,TRUE,18867,60280,1.4,0,14,19,0,18,0,20,717,2306,72,16,151,20886,42,156,116,37,0,19,755,4,1240,0,862,12,0,0,0,79,109,0,26789,5187,9,31976,5.164642375,0.193624249,3.81,2.33,61.15
Marion Island,PB1,PB1_1B,ACE_ITRAX_16866,40.4,80.4,80.4,0.05,2177.54,3644.46,2933.38,2928.79,0.0263,6.7,1,TRUE,18843,62701,1.3,0,24,0,0,25,12,28,789,2362,72,77,138,22333,175,155,61,5,0,43,655,5,1456,0,1043,0,0,0,23,0,54,37,27304,5149,0,32453,5.302777238,0.188580428,3.8,1.71,45.13
Marion Island,PB1,PB1_1B,ACE_ITRAX_16867,40.5,80.5,80.5,0.05,2180.93,3645.8,2935.86,2932.59,0.0263,6.71,1,TRUE,19314,66215,1.45,20,50,8,0,16,0,16,889,2796,73,35,150,25311,146,205,32,16,0,0,643,20,1432,0,855,0,0,0,0,0,0,54,27701,5140,80,32841,5.389299611,0.185552868,3.8,2.37,62.24
Marion Island,PB1,PB1_1B,ACE_ITRAX_16868,40.6,80.6,80.6,0.05,2186.2,3647.38,2939,2936.4,0.0262,6.7,1,TRUE,18714,59797,1.28,22,29,30,15,23,31,41,700,2095,104,9,131,19519,51,191,141,40,0,45,631,0,1293,0,1037,0,0,0,19,59,48,0,27610,5131,0,32741,5.381017346,0.185838464,3.81,3.42,89.9
Marion Island,PB1,PB1_1B,ACE_ITRAX_16869,40.7,80.7,80.7,0.05,2192.56,3650.32,2943.45,2940.2,0.0263,6.7,1,TRUE,19021,60787,1.29,0,0,0,9,17,4,13,572,2165,56,10,122,20219,101,138,85,45,0,26,672,0,1397,0,1026,0,0,0,7,69,64,0,28332,5024,20,33356,5.63933121,0.177325992,3.8,4.65,122.37
Marion Island,PB1,PB1_1B,ACE_ITRAX_16870,40.8,80.8,80.8,0.05,2199.54,3652.43,2946.88,2944,0.0263,6.71,1,TRUE,20394,64246,1.36,22,25,6,11,17,19,0,523,1984,101,15,181,20898,168,215,162,72,0,36,862,0,1514,25,911,0,0,0,0,188,94,0,29932,5504,0,35436,5.438226744,0.183883469,3.8,4.54,119.61
Marion Island,PB1,PB1_1B,ACE_ITRAX_16871,40.9,80.9,80.9,0.05,2203.97,3653.61,2950.44,2947.81,0.0262,6.72,1,TRUE,21092,68437,1.26,13,30,19,29,28,23,14,719,2372,106,45,142,25616,237,177,143,0,0,0,864,0,1380,0,1149,0,0,0,23,28,49,73,29278,5255,0,34533,5.571455756,0.179486304,3.81,2.81,73.62
Marion Island,PB1,PB1_1B,ACE_ITRAX_16872,41,81,81,0.05,2209.39,3654.97,2953.52,2951.61,0.0263,6.73,1,TRUE,19903,64820,1.32,0,21,16,8,24,12,23,820,2476,102,53,128,23498,145,178,170,0,0,112,688,24,1146,0,965,0,0,0,30,117,81,59,28261,4990,0,33251,5.663527054,0.176568416,3.8,3.39,89.21
Marion Island,PB1,PB1_1B,ACE_ITRAX_16873,41.1,81.1,81.1,0.05,2215.89,3656.07,2957.66,2955.41,0.0263,6.73,1,TRUE,18637,62465,1.42,5,38,18,11,29,18,34,1009,2427,38,82,191,21995,178,179,110,78,13,0,639,75,1539,0,966,0,0,0,0,0,55,0,26795,5182,119,31977,5.170783481,0.19339429,3.8,3.8,100
Marion Island,PB1,PB1_1B,ACE_ITRAX_16874,41.2,81.2,81.2,0.05,2220.93,3658.17,2961.13,2959.22,0.0262,6.71,1,TRUE,19301,61672,1.35,0,15,4,8,13,0,5,685,2197,87,0,152,20654,281,191,112,63,0,240,654,101,1243,0,1084,0,0,0,45,61,172,0,27643,5241,0,32884,5.274375119,0.189595919,3.81,3.57,93.7
Marion Island,PB1,PB1_1B,ACE_ITRAX_16875,41.3,81.3,81.3,0.05,2225.92,3664,2965.18,2963.02,0.0263,6.69,1,TRUE,19676,65442,1.4,17,48,10,0,10,16,38,821,2897,58,57,151,25326,156,210,168,47,0,92,607,59,1432,0,954,0,0,0,6,144,0,0,26528,5015,84,31543,5.289730808,0.189045537,3.8,5.41,142.37
Marion Island,PB1,PB1_1B,ACE_ITRAX_16876,41.4,81.4,81.4,0.05,2229.82,3669.07,2968.89,2966.83,0.0262,6.67,1,TRUE,19367,64353,1.42,9,20,13,23,34,16,47,861,2812,82,75,211,24270,175,143,123,38,8,19,790,123,1619,0,995,0,19,0,13,0,0,0,26335,4804,0,31139,5.481890092,0.182418834,3.81,4.49,117.72
Marion Island,PB1,PB1_1B,ACE_ITRAX_16877,41.5,81.5,81.5,0.05,2234.09,3670.99,2973.81,2970.63,0.0263,6.67,1,TRUE,19145,67370,1.44,4,19,13,9,34,12,61,1063,2907,118,59,107,27795,252,169,139,130,0,0,694,0,1858,0,1091,0,15,0,16,50,195,96,24855,4901,97,29756,5.071413997,0.197183665,3.8,3.09,81.45
Marion Island,PB1,PB1_1B,ACE_ITRAX_16878,41.6,81.6,81.6,0.05,2238.24,3672.88,2976.86,2974.43,0.0263,6.68,1,TRUE,18274,65662,1.36,8,38,12,5,25,0,52,1033,2649,60,81,165,29162,218,187,245,88,0,0,597,16,1796,0,923,0,0,0,18,56,113,0,22538,4823,9,27361,4.673025088,0.213994143,3.8,3.02,79.47
Marion Island,PB1,PB1_1B,ACE_ITRAX_16879,41.7,81.7,81.7,0.05,2241.03,3673.6,2980.67,2978.24,0.0262,6.68,1,TRUE,17904,65842,1.54,38,23,9,29,25,9,17,1099,2772,75,29,175,30153,244,113,99,0,0,159,534,0,1507,0,806,0,0,0,0,81,113,103,22558,4489,0,27047,5.025172644,0.198998138,3.81,1.76,46.06
Marion Island,PB1,PB1_1B,ACE_ITRAX_16880,41.8,81.8,81.8,0.05,2243.78,3676.45,2985.07,2982.04,0.0263,6.67,1,TRUE,17797,67793,1.46,17,34,28,0,36,0,56,1374,2935,29,119,215,31927,366,151,108,76,0,0,612,0,1803,33,946,0,10,0,32,10,0,9,21619,4649,85,26268,4.650247365,0.215042324,3.8,2.8,73.68
Marion Island,PB1,PB1_1B,ACE_ITRAX_16881,41.9,81.9,81.9,0.05,2247.56,3678.6,2988.16,2985.84,0.0263,6.66,1,TRUE,17270,64413,1.27,15,30,10,15,18,9,56,835,2296,117,45,171,30280,261,127,89,81,0,79,582,0,1880,0,993,0,7,0,0,0,117,0,21435,4385,0,25820,4.888255416,0.204571962,3.8,2.96,78.03
Marion Island,PB1,PB1_1B,ACE_ITRAX_16882,42,82,82,0.05,2250.65,3680.53,2992.75,2989.65,0.0262,6.66,1,TRUE,18773,71891,1.43,30,44,19,0,34,0,19,874,2427,74,19,199,35683,261,128,122,13,0,74,666,71,1876,0,1024,0,0,0,24,83,90,0,22520,4925,43,27445,4.572588832,0.218694494,3.81,2.51,65.88
Marion Island,PB1,PB1_1B,ACE_ITRAX_16883,42.1,82.1,82.1,0.05,2253.57,3682.43,2996.39,2993.45,0.0263,6.66,1,TRUE,19713,80947,1.55,5,7,25,0,42,0,76,1377,3156,95,65,237,44152,83,127,44,49,0,116,545,0,1935,0,839,0,0,6,18,0,70,71,22501,4763,152,27264,4.724123452,0.211679481,3.8,2.41,63.42
Marion Island,PB1,PB1_1B,ACE_ITRAX_16884,42.2,82.2,82.2,0.05,2254.32,3685.79,3001.72,2997.25,0.0263,6.67,1,TRUE,18440,69885,1.46,0,19,26,11,4,14,79,1297,2953,44,77,189,34078,351,99,25,7,0,8,582,16,1947,0,1061,0,26,0,44,35,0,0,21660,4738,138,26398,4.571549177,0.218744229,3.8,2.06,54.08
Marion Island,PB1,PB1_1B,ACE_ITRAX_16885,42.3,82.3,82.3,0.05,2257.1,3691.67,3005.52,3001.06,0.0262,6.68,1,TRUE,17013,61160,1.3,0,22,12,19,13,13,61,1006,2473,38,35,218,26689,200,196,40,18,0,136,576,116,2134,0,957,0,0,0,57,0,0,0,20818,4579,80,25397,4.546407513,0.219953886,3.81,4.33,113.65
Marion Island,PB1,PB1_1B,ACE_ITRAX_16886,42.4,82.4,82.4,0.05,2261.75,3693.36,3009.4,3004.86,0.0263,6.68,1,TRUE,16926,59278,1.38,13,26,0,0,5,0,26,1087,2223,52,80,133,24426,337,87,145,94,0,19,472,39,1994,0,1004,0,0,0,0,48,73,0,21668,4663,33,26331,4.64679391,0.215202141,3.8,3.17,83.42
Marion Island,PB1,PB1_1B,ACE_ITRAX_16887,42.5,82.5,82.5,0.05,2266.19,3696.07,3014.12,3008.66,0.0263,6.68,1,TRUE,18562,65504,1.39,0,5,41,6,0,13,52,937,2463,41,54,243,28538,262,134,70,67,0,30,542,0,1954,0,934,0,0,0,59,29,0,0,23455,4992,0,28447,4.698517628,0.212833085,3.8,3.58,94.08
Marion Island,PB1,PB1_1B,ACE_ITRAX_16888,42.6,82.6,82.6,0.05,2269.41,3699.96,3018.28,3012.47,0.0262,6.68,1,TRUE,19368,67994,1.34,17,16,21,0,29,0,18,873,2609,75,53,181,28607,260,182,128,104,0,119,733,55,2004,0,905,0,0,0,7,0,36,0,24992,5368,0,30360,4.655737705,0.214788732,3.81,3.55,93.31
Marion Island,PB1,PB1_1B,ACE_ITRAX_16889,42.7,82.7,82.7,0.05,2272.5,3704.16,3022.45,3016.27,0.0263,6.68,1,TRUE,20259,72122,1.41,0,0,0,39,26,0,27,1246,3277,52,22,190,31294,250,147,188,181,0,0,774,0,1965,0,867,0,0,0,60,51,0,0,25867,4899,25,30766,5.280057155,0.189391889,3.8,3.64,95.92
Marion Island,PB1,PB1_1B,ACE_ITRAX_16890,42.8,82.8,82.8,0.05,2275.98,3708.58,3026.11,3020.07,0.0263,6.68,1,TRUE,18088,64787,1.41,0,16,0,0,35,0,32,880,2095,53,42,148,27714,209,166,118,65,0,51,667,89,1748,0,905,0,0,0,40,58,0,0,24208,4857,36,29065,4.984146593,0.200636153,3.8,3.95,103.95
Marion Island,PB1,PB1_1B,ACE_ITRAX_16891,42.9,82.9,82.9,0.05,2278.76,3712.61,3029.84,3023.88,0.0262,6.69,1,TRUE,17869,62276,1.26,0,0,31,12,35,0,28,922,1928,70,29,114,24693,180,165,106,34,0,139,640,0,1759,0,950,0,0,0,24,86,39,0,24991,4755,42,29746,5.25573081,0.190268497,3.81,3.41,89.37
Marion Island,PB1,PB1_1B,ACE_ITRAX_16892,43,83,83,0.05,2282.58,3716.82,3032.41,3027.68,0.0263,6.65,1,TRUE,17484,60620,1.25,0,21,0,23,33,14,37,941,2342,45,16,160,23763,175,145,133,57,0,103,720,0,1545,0,871,0,14,0,0,17,0,0,23916,4853,102,28769,4.92808572,0.202918548,3.8,4.01,105.66
Marion Island,PB1,PB1_1B,ACE_ITRAX_16893,43.1,83.1,83.1,0.05,2286.52,3720.01,3035.67,3031.48,0.0263,6.62,1,TRUE,16346,56741,1.32,12,31,21,11,39,0,32,821,1864,15,39,177,21966,178,128,75,73,0,12,492,19,1583,0,832,4,0,0,30,144,72,0,22886,4605,0,27491,4.969815418,0.201214716,3.8,3.57,93.82
Marion Island,PB1,PB1_1B,ACE_ITRAX_16894,43.2,83.2,83.2,0.05,2289.64,3723.63,3038.9,3035.29,0.0262,6.61,1,TRUE,17106,56766,1.13,0,23,9,18,43,0,31,663,1731,0,47,107,20157,163,118,98,40,43,75,527,71,1648,0,977,0,0,0,38,8,51,33,24659,4786,63,29445,5.152319265,0.194087351,3.81,3.37,88.45
Marion Island,PB1,PB1_1B,ACE_ITRAX_16895,43.3,83.3,83.3,0.05,2292.72,3727.65,3041.72,3039.09,0.0263,6.61,1,TRUE,18749,65448,1.32,22,24,16,0,20,0,52,1048,2158,93,40,182,26843,160,171,237,42,0,23,611,0,1560,0,1004,0,0,0,0,53,0,8,25611,4969,47,30580,5.154155766,0.194018195,3.8,3.55,93.42
Marion Island,PB1,PB1_1B,ACE_ITRAX_16896,43.4,83.4,83.4,0.05,2297.46,3731.47,3045.1,3042.89,0.0263,6.62,1,TRUE,17823,57914,1.42,0,0,14,15,34,17,55,677,1499,22,62,111,19589,175,146,107,55,69,144,628,23,1319,0,943,0,6,0,39,0,0,33,26477,5010,154,31487,5.284830339,0.189220833,3.8,4.28,112.63
Marion Island,PB1,PB1_1B,ACE_ITRAX_16897,43.5,83.5,83.5,0.05,2300.81,3735.12,3047.63,3046.7,0.0262,6.62,1,TRUE,18872,59537,1.28,40,37,45,13,39,0,38,707,1857,57,46,128,19110,40,175,142,75,0,99,597,80,1513,0,1054,0,0,0,0,0,6,0,27970,5067,133,33037,5.520031577,0.181158384,3.81,3.5,91.86
Marion Island,PB1,PB1_1B,ACE_ITRAX_16898,43.6,83.6,83.6,0.05,2303.66,3740,3052.63,3050.5,0.0263,6.63,1,TRUE,19227,61602,1.31,9,10,17,15,36,6,7,749,2044,57,52,140,21377,103,222,137,93,0,163,588,0,1369,7,919,5,0,0,4,0,17,0,27779,5035,57,32814,5.517179742,0.181252025,3.8,3.87,101.71
Marion Island,PB1,PB1_1B,ACE_ITRAX_16899,43.7,83.7,83.7,0.05,2309.45,3742.93,3057.07,3054.3,0.0263,6.62,1,TRUE,19273,60707,1.46,0,42,0,11,28,19,33,829,1756,28,27,118,20313,140,152,87,0,0,0,626,135,1593,0,816,0,0,0,27,0,161,0,28169,5031,0,33200,5.599085669,0.178600589,3.8,4.36,114.74
Marion Island,PB1,PB1_1B,ACE_ITRAX_16900,43.8,83.8,83.8,0.05,2310.91,3746.74,3061.41,3058.11,0.0262,6.58,1,TRUE,20010,68255,1.37,6,46,13,6,63,0,32,1394,2088,66,99,150,26369,110,208,143,71,8,95,592,0,1422,0,906,0,0,0,19,0,0,92,28230,5444,154,33674,5.185525349,0.192844492,3.81,2.63,69.16
Marion Island,PB1,PB1_1B,ACE_ITRAX_16901,43.9,83.9,83.9,0.05,2316.52,3750.49,3065.69,3061.91,0.0263,6.56,1,TRUE,21408,70384,1.3,10,31,19,9,21,24,62,1092,2554,64,72,172,25223,221,251,109,42,0,141,772,4,1729,0,1017,0,0,0,15,117,49,35,30327,5509,0,35836,5.504991832,0.181653312,3.8,4.68,123.16
Marion Island,PB1,PB1_1B,ACE_ITRAX_16902,44,84,84,0.05,2318.46,3753.27,3068.7,3065.71,0.0263,6.57,1,TRUE,21393,75393,1.44,0,0,0,22,13,0,90,1509,3225,41,26,216,31674,175,182,103,122,0,5,623,10,1803,0,979,0,0,0,32,105,33,101,28471,5179,60,33650,5.497393319,0.181904394,3.8,2.36,62.11
Marion Island,PB1,PB1_1B,ACE_ITRAX_16903,44.1,84.1,84.1,0.05,2320.87,3758.08,3073.21,3069.52,0.0262,6.59,1,TRUE,19161,64007,1.23,0,41,26,7,36,10,51,966,2131,28,50,123,24175,185,193,154,55,0,86,647,82,1629,0,971,0,0,0,22,208,0,28,26327,5050,60,31377,5.213267327,0.191818285,3.81,3.61,94.75
Marion Island,PB1,PB1_1B,ACE_ITRAX_16904,44.2,84.2,84.2,0.05,2322.25,3762.8,3076.98,3073.32,0.0263,6.6,1,TRUE,17835,60579,1.36,0,10,8,0,35,17,57,957,1995,34,0,154,23217,126,198,74,28,0,4,786,43,1290,25,1040,0,0,0,0,34,5,49,25237,4578,42,29815,5.512669288,0.181400325,3.8,3.05,80.26
Marion Island,PB1,PB1_1B,ACE_ITRAX_16905,44.3,84.3,84.3,0.05,2323.58,3765.7,3082.52,3077.12,0.0263,6.57,1,TRUE,16618,56502,1.3,10,21,7,13,31,19,17,731,1641,53,8,126,21458,94,171,116,0,41,93,510,97,1123,0,831,0,11,0,33,0,0,0,23895,4802,7,28697,4.976051645,0.200962544,3.8,2.11,55.66
Marion Island,PB1,PB1_1B,ACE_ITRAX_16906,44.4,84.4,84.4,0.05,2326.64,3766.44,3085.59,3080.93,0.0262,6.54,1,TRUE,18412,61665,1.34,17,30,23,11,18,0,25,806,2143,26,34,165,23187,187,189,59,38,0,39,589,7,1974,0,949,0,0,0,43,0,24,0,25471,5090,37,30561,5.004125737,0.199835107,3.81,1.9,49.87
Marion Island,PB1,PB1_1B,ACE_ITRAX_16907,44.5,84.5,84.5,0.05,2328.65,3771.84,3089.63,3084.73,0.0263,6.55,1,TRUE,19293,66011,1.31,27,20,14,8,21,0,27,916,2405,56,59,196,26664,161,221,110,46,0,118,684,0,1919,0,958,0,0,0,29,87,0,0,25370,5206,41,30576,4.873223204,0.205202996,3.8,3.71,97.5
Marion Island,PB1,PB1_1B,ACE_ITRAX_16909,44.7,84.7,84.7,0.05,2335.9,3780.69,3096.87,3092.34,0.0263,6.63,1,TRUE,18136,64619,1.39,53,31,27,13,0,0,36,1109,2461,74,76,208,26555,31,204,223,156,0,14,598,84,2034,0,1081,0,0,0,36,171,72,0,23835,4890,0,28725,4.874233129,0.205160478,7.61,8.05,105.78
Marion Island,PB1,PB1_1B,ACE_ITRAX_16910,44.8,84.8,84.8,0.05,2341.2,3785.31,3101.88,3096.14,0.0263,6.63,1,TRUE,18717,68503,1.45,11,51,24,4,7,13,54,948,2885,79,49,241,29685,232,206,141,150,0,24,667,51,2226,0,1038,0,0,0,31,35,0,45,23954,5074,132,29028,4.720930233,0.21182266,3.8,4.96,130.53
Marion Island,PB1,PB1_1B,ACE_ITRAX_16911,44.9,84.9,84.9,0.05,2344.59,3789.71,3104.55,3099.94,0.0263,6.64,1,TRUE,19410,73987,1.32,18,26,30,30,21,8,89,1508,3190,54,71,234,34678,203,157,123,16,0,162,685,59,2095,0,1007,0,0,0,8,123,87,52,23521,5019,100,28540,4.686391711,0.213383785,3.8,3.9,102.5
Marion Island,PB1,PB1_1B,ACE_ITRAX_16912,45,85,85,0.05,2347.17,3793.74,3107.49,3103.75,0.0262,6.64,1,TRUE,18763,72348,1.29,29,34,27,18,34,28,75,1430,3126,81,66,219,34828,120,164,145,56,0,120,586,95,1745,0,1103,0,0,0,43,16,55,27,22817,4692,15,27509,4.862958227,0.205636148,3.81,3.3,86.75
Marion Island,PB1,PB1_1B,ACE_ITRAX_16913,45.1,85.1,85.1,0.05,2350.95,3796.76,3111.67,3107.5,0.0267,6.63,1,TRUE,17497,66053,1.34,26,16,12,15,36,0,30,1175,2830,58,29,190,30359,193,184,137,0,0,26,681,45,1691,10,833,0,0,0,23,39,104,42,21932,4677,80,26609,4.689330768,0.213250046,3.75,3.4,90.67
Marion Island,PB1,PB1_1B,ACE_ITRAX_16914,45.2,85.2,85.2,0.05,2354.72,3799.61,3116.23,3111.25,0.0267,6.6,1,TRUE,16699,62416,1.34,67,67,52,6,35,5,68,1341,2738,9,31,194,28079,125,103,91,31,0,90,533,48,1881,0,880,0,0,0,36,0,95,20,21160,4102,57,25262,5.158459288,0.193856333,3.75,3.31,88.27
Marion Island,PB1,PB1_1B,ACE_ITRAX_16915,45.3,85.3,85.3,0.05,2358.47,3801.65,3119.36,3115,0.0267,6.6,1,TRUE,15464,57703,1.28,0,0,19,8,25,0,64,975,2485,21,71,148,27440,141,109,58,49,0,0,600,70,1456,0,831,0,14,0,39,53,75,13,18374,3996,0,22370,4.598098098,0.217481223,3.75,2.89,77.2
Marion Island,PB1,PB1_1B,ACE_ITRAX_16916,45.4,85.4,85.4,0.05,2362.28,3803.77,3124.61,3118.75,0.0267,6.62,1,TRUE,14988,61655,1.37,0,31,33,14,34,0,52,1489,2129,39,76,198,32476,267,97,61,35,0,85,431,140,1694,0,834,0,10,0,44,109,48,0,16902,3837,0,20739,4.405003909,0.227014554,3.75,2.97,79.07
Marion Island,PB1,PB1_1B,ACE_ITRAX_16917,45.5,85.5,85.5,0.05,2366.52,3806.26,3126.83,3122.51,0.0266,6.64,1,TRUE,15926,67325,1.31,5,29,19,22,42,14,83,1849,2318,29,91,260,36774,104,147,93,58,0,0,467,10,1881,39,783,0,21,0,55,33,0,0,17340,4254,19,21594,4.076163611,0.24532872,3.76,3.37,89.49
Marion Island,PB1,PB1_1C,ACE_ITRAX_16919,6.1,86.1,86.1,0.05,2402.46,3818.65,3150.18,3145.02,0.0267,6.58,1,TRUE,19021,68395,1.47,8,15,36,0,0,0,35,1353,3641,84,36,180,29496,223,156,176,139,33,52,815,18,1721,0,902,0,0,0,53,25,119,0,23658,4782,31,28440,4.947302384,0.202130358,22.51,24.17,107.35
Marion Island,PB1,PB1_1C,ACE_ITRAX_16920,6.2,86.2,86.2,0.05,2409.5,3823.81,3154.9,3148.77,0.0267,6.58,1,TRUE,18070,63386,1.3,17,35,14,11,23,13,55,1089,3156,95,80,175,26621,154,165,191,91,0,88,807,0,1592,0,773,0,0,0,24,53,0,0,22858,4676,41,27534,4.888366125,0.204567329,3.75,6.1,162.67
Marion Island,PB1,PB1_1C,ACE_ITRAX_16921,6.3,86.3,86.3,0.05,2416.9,3826.66,3158.53,3152.52,0.0267,6.59,1,TRUE,17189,60098,1.35,0,28,19,0,0,5,26,962,2821,77,54,157,24282,246,150,161,28,6,100,784,105,1861,0,912,0,0,0,51,0,124,0,22043,4512,144,26555,4.885416667,0.204690832,3.75,5.13,136.67
Marion Island,PB1,PB1_1C,ACE_ITRAX_16922,6.4,86.4,86.4,0.05,2422.46,3830.22,3162.68,3156.27,0.0267,6.61,1,TRUE,17783,63077,1.41,22,29,10,0,29,0,25,1027,2892,44,67,179,26522,249,172,36,99,0,93,504,149,2147,0,998,0,0,0,82,125,150,0,21961,4696,7,26657,4.67653322,0.213833614,3.75,4.56,121.6
Marion Island,PB1,PB1_1C,ACE_ITRAX_16923,6.5,86.5,86.5,0.05,2427.47,3831.62,3166.08,3160.02,0.0267,6.62,1,TRUE,18524,67639,1.43,6,12,10,0,21,5,37,1276,3569,44,95,204,28855,280,227,160,174,0,175,873,0,2337,0,985,0,0,0,28,120,36,64,22553,4822,44,27375,4.677104936,0.213807476,3.75,3.2,85.47
Marion Island,PB1,PB1_1C,ACE_ITRAX_16924,6.6,86.6,86.6,0.05,2432.25,3835.44,3170.98,3163.78,0.0266,6.63,1,TRUE,18563,67003,1.33,7,15,8,0,16,0,36,1245,3802,56,75,212,28085,318,192,142,205,0,14,981,0,2080,0,1075,0,0,0,37,106,141,117,22766,4735,0,27501,4.808025343,0.207985593,3.76,4.3,114.36
Marion Island,PB1,PB1_1C,ACE_ITRAX_16925,6.7,86.7,86.7,0.05,2437.21,3838.68,3174.83,3167.53,0.0267,6.64,1,TRUE,18995,66571,1.38,24,36,0,4,31,0,57,1067,3749,65,63,184,26496,176,128,142,166,0,57,856,43,2241,0,1236,0,20,0,0,76,34,88,24086,4818,0,28904,4.99916978,0.200033214,3.75,4.1,109.33
Marion Island,PB1,PB1_1C,ACE_ITRAX_16926,6.8,86.8,86.8,0.05,2440.57,3841.11,3178.89,3171.28,0.0267,6.64,1,TRUE,18748,65742,1.44,41,69,29,31,29,29,48,1078,3469,67,83,153,26101,398,165,152,70,0,43,905,97,1886,0,1103,0,23,0,61,70,0,0,24099,4747,126,28846,5.076680008,0.196979128,3.75,2.9,77.2
Marion Island,PB1,PB1_1C,ACE_ITRAX_16927,6.9,86.9,86.9,0.05,2442.32,3843.23,3182.49,3175.03,0.0267,6.65,1,TRUE,17867,61732,1.37,16,19,38,28,30,21,27,1431,3103,66,52,172,23349,266,200,195,86,0,65,735,50,2043,0,990,0,12,0,75,37,8,34,23033,4946,128,27979,4.65689446,0.21473538,3.75,1.93,51.6
Marion Island,PB1,PB1_1C,ACE_ITRAX_16928,7,87,87,0.05,2447.27,3847.84,3187.52,3178.78,0.0267,6.64,1,TRUE,18970,65202,1.36,25,44,22,30,0,0,22,1033,3202,56,35,125,25545,310,148,107,178,0,0,861,0,2000,0,1171,0,0,0,47,101,134,0,24212,5167,0,29379,4.685891233,0.213406575,3.75,4.78,127.47
Marion Island,PB1,PB1_1C,ACE_ITRAX_16929,7.1,87.1,87.1,0.05,2453.48,3851.18,3191.14,3182.54,0.0266,6.65,1,TRUE,19732,71102,1.37,39,51,48,0,11,16,85,1505,4150,81,68,176,29839,408,177,166,157,77,49,924,0,1994,0,1120,0,9,0,63,0,9,0,24327,5002,89,29329,4.863454618,0.20561516,3.76,4.77,126.99
Marion Island,PB1,PB1_1C,ACE_ITRAX_16930,7.2,87.2,87.2,0.05,2457.48,3854.5,3194.94,3186.29,0.0267,6.65,1,TRUE,18878,69823,1.4,0,16,23,0,13,0,32,1606,4233,69,75,181,29921,311,179,161,220,127,0,766,0,2075,43,1159,0,0,0,75,0,58,0,23073,4708,0,27781,4.900807137,0.204048021,3.75,3.66,97.6
Marion Island,PB1,PB1_1C,ACE_ITRAX_16931,7.3,87.3,87.3,0.05,2461.73,3856.77,3198.78,3190.04,0.0267,6.66,1,TRUE,18377,67041,1.45,14,22,47,30,36,13,61,1551,4128,101,73,169,27880,227,161,123,136,0,84,891,116,1894,0,1053,0,17,0,61,160,124,54,22660,4556,88,27216,4.973661106,0.201059135,3.75,3.26,86.93
Marion Island,PB1,PB1_1C,ACE_ITRAX_16932,7.4,87.4,87.4,0.05,2467.7,3860.11,3202.05,3193.79,0.0267,6.65,1,TRUE,17665,62313,1.34,0,27,38,12,13,8,59,1385,3896,47,63,147,24378,119,152,112,119,0,21,709,0,1761,0,1086,0,8,0,22,99,85,18,22603,4739,0,27342,4.76957164,0.209662434,3.75,4.65,124.13
Marion Island,PB1,PB1_1C,ACE_ITRAX_16933,7.5,87.5,87.5,0.05,2469.5,3864.49,3205.81,3197.54,0.0267,6.64,1,TRUE,16879,57484,1.27,0,35,21,8,25,0,33,919,2737,143,42,153,20800,66,121,133,183,0,57,756,95,1895,0,1073,0,13,0,45,95,75,0,22889,4561,8,27450,5.018417014,0.199266023,3.75,3.09,82.4
Marion Island,PB1,PB1_1C,ACE_ITRAX_16934,7.6,87.6,87.6,0.05,2474.48,3866.64,3210.62,3201.3,0.0266,6.64,1,TRUE,18519,66885,1.39,10,25,27,7,5,9,7,1202,3940,56,66,168,26970,271,185,197,168,0,75,845,19,2330,0,1198,0,0,0,48,17,0,0,23529,4903,101,28432,4.798898633,0.208381147,3.76,3.57,94.81
Marion Island,PB1,PB1_1C,ACE_ITRAX_16935,7.7,87.7,87.7,0.05,2479.69,3868.04,3215.37,3205.05,0.0267,6.65,1,TRUE,19503,72471,1.39,0,0,9,0,24,0,61,1571,4483,52,79,187,31524,213,169,123,185,0,0,773,4,2413,0,1036,0,0,0,21,20,0,32,23817,5038,116,28855,4.727471219,0.21152958,3.75,3.31,88.13
Marion Island,PB1,PB1_1C,ACE_ITRAX_16936,7.8,87.8,87.8,0.05,2486.1,3871.32,3218.62,3208.8,0.0267,6.65,1,TRUE,18389,67739,1.36,0,35,25,21,15,19,52,1411,4319,76,78,191,28404,96,197,193,148,7,0,985,0,1946,0,1189,0,0,0,92,0,0,0,22872,4835,46,27707,4.730506722,0.211393844,3.75,4.85,129.2
Marion Island,PB1,PB1_1C,ACE_ITRAX_16937,7.9,87.9,87.9,0.05,2492.88,3874.07,3223,3212.55,0.0267,6.66,1,TRUE,17402,61528,1.3,21,47,16,14,28,20,45,1241,3432,59,44,98,24928,208,117,92,57,0,135,660,10,1965,14,985,0,0,0,47,0,0,0,22060,4695,80,26755,4.698615548,0.212828649,3.75,4.77,127.07
Marion Island,PB1,PB1_1C,ACE_ITRAX_16938,8,88,88,0.05,2498.58,3877.14,3226.98,3216.3,0.0267,6.65,1,TRUE,17180,62265,1.19,0,35,7,0,13,6,40,1071,3510,8,99,156,25923,149,150,96,121,11,0,841,113,1829,0,1172,0,0,0,39,0,68,44,21884,4296,127,26180,5.094040968,0.196307805,3.75,4.38,116.93
Marion Island,PB1,PB1_1C,ACE_ITRAX_16939,8.1,88.1,88.1,0.05,2502.11,3879.66,3230.66,3220.06,0.0266,6.65,1,TRUE,17288,60998,1.39,6,22,12,12,29,12,35,1055,3046,96,55,157,23253,199,142,197,160,0,17,817,0,2127,0,1136,0,0,0,57,75,61,147,22715,4730,9,27445,4.802325581,0.208232446,3.76,3.03,80.45
Marion Island,PB1,PB1_1C,ACE_ITRAX_16940,8.2,88.2,88.2,0.05,2505.5,3881.52,3234.18,3223.81,0.0267,6.66,1,TRUE,17637,62559,1.28,0,14,23,9,5,19,37,1072,3260,0,48,118,24861,222,147,168,113,0,40,809,53,2058,0,1252,0,12,0,66,135,131,43,22563,4693,9,27256,4.807798849,0.207995391,3.75,2.63,70
Marion Island,PB1,PB1_1C,ACE_ITRAX_16941,8.3,88.3,88.3,0.05,2510.64,3883.94,3237.85,3227.56,0.0267,6.67,1,TRUE,18295,67941,1.42,6,20,32,9,39,14,26,1052,3677,98,48,131,28878,292,176,167,92,75,142,855,0,2118,0,1047,6,0,0,34,0,0,88,23270,4960,145,28230,4.691532258,0.213149979,3.75,3.78,100.8
Marion Island,PB1,PB1_1C,ACE_ITRAX_16942,8.4,88.4,88.4,0.05,2515.84,3887.28,3241.75,3231.31,0.0267,6.69,1,TRUE,18256,66659,1.42,0,12,25,0,37,0,46,1400,3941,48,98,184,27371,184,210,160,136,0,34,775,0,2152,0,1117,12,0,0,86,30,0,0,23135,4911,145,28046,4.710853187,0.212275773,3.75,4.27,113.87
Marion Island,PB1,PB1_1C,ACE_ITRAX_16943,8.5,88.5,88.5,0.05,2521.3,3889.79,3246.56,3235.06,0.0267,6.7,1,TRUE,18598,70301,1.36,0,43,26,14,36,5,77,1665,4541,34,83,170,31252,285,146,194,152,0,45,812,0,2162,0,1001,0,0,0,41,0,0,0,22169,4729,150,26898,4.687883273,0.213315892,3.75,3.98,106.27
Marion Island,PB1,PB1_1C,ACE_ITRAX_16944,8.6,88.6,88.6,0.05,2526.18,3892.86,3251.9,3238.82,0.0266,6.71,1,TRUE,16886,66688,1.34,6,37,35,0,31,26,45,1523,3735,16,55,140,32083,144,137,57,79,0,62,665,0,2010,0,873,0,16,0,56,47,0,0,19987,4309,8,24296,4.638431191,0.215590134,3.76,3.97,105.72
Marion Island,PB1,PB1_1C,ACE_ITRAX_16945,8.7,88.7,88.7,0.05,2529.05,3896.52,3257.02,3242.57,0.0267,6.7,1,TRUE,15950,61946,1.33,0,8,14,14,23,0,52,1516,3743,28,25,147,28307,175,122,77,183,22,0,621,35,1798,27,989,0,12,0,50,51,31,33,19309,4012,0,23321,4.812811565,0.207778756,3.75,3.27,87.07
Marion Island,PB1,PB1_1C,ACE_ITRAX_16946,8.8,88.8,88.8,0.05,2529.55,3904.2,3260.39,3246.32,0.0267,6.67,1,TRUE,16198,62923,1.36,0,6,20,9,29,20,56,1735,4188,32,67,181,28496,144,143,89,140,11,0,607,0,2017,0,947,16,0,0,76,0,0,0,19140,4155,169,23295,4.606498195,0.217084639,3.75,4.09,109.07
Marion Island,PB1,PB1_1C,ACE_ITRAX_16947,8.9,88.9,88.9,0.05,2533.73,3907.68,3263.94,3250.07,0.0267,6.65,1,TRUE,15797,57656,1.33,0,0,17,26,29,16,39,1350,3464,79,57,169,23397,166,153,81,148,36,53,618,0,1943,0,919,4,12,0,58,40,95,0,19766,4369,15,24135,4.524147402,0.221036123,3.75,3.83,102.13
Marion Island,PB1,PB1_1C,ACE_ITRAX_16948,9,89,89,0.05,2534.29,3911.81,3268.05,3253.82,0.0267,6.63,1,TRUE,17470,67687,1.42,0,42,32,0,33,12,61,1594,4224,54,79,216,32316,271,104,138,155,0,129,492,77,2072,0,1005,0,0,0,47,35,149,81,19552,4069,61,23621,4.805111821,0.208111702,3.75,2.35,62.53
Marion Island,PB1,PB1_1C,ACE_ITRAX_16949,9.1,89.1,89.1,0.05,2542.06,3917.32,3271.4,3257.57,0.0267,6.64,1,TRUE,16555,63325,1.36,53,55,53,25,24,0,53,1523,3760,80,99,204,27676,146,206,175,166,0,0,589,36,2146,0,1070,0,18,0,52,0,0,0,19900,4595,6,24495,4.330794342,0.230904523,3.75,6.64,177.07
Marion Island,PB1,PB1_1C,ACE_ITRAX_16950,9.2,89.2,89.2,0.05,2545.7,3921.07,3275.71,3261.33,0.0266,6.62,1,TRUE,16886,62785,1.4,7,44,23,16,8,11,63,1243,3358,64,55,149,26818,118,152,124,136,0,29,602,0,2147,0,1115,0,12,0,0,93,0,16,21287,4569,53,25856,4.659006347,0.214638042,3.76,3.69,98.27
Marion Island,PB1,PB1_1C,ACE_ITRAX_16951,9.3,89.3,89.3,0.05,2547.61,3924.42,3279.63,3265.08,0.0267,6.63,1,TRUE,17467,63490,1.44,16,26,23,8,10,0,38,1308,3426,83,68,150,26284,98,182,143,166,0,77,679,74,2327,0,970,0,7,0,22,74,6,0,21934,4748,50,26682,4.619629318,0.216467585,3.75,2.63,70.13
Marion Island,PB1,PB1_1C,ACE_ITRAX_16952,9.4,89.4,89.4,0.05,2548.39,3928.29,3283.56,3268.83,0.0267,6.64,1,TRUE,18117,66517,1.35,0,23,14,8,13,8,39,1192,3825,73,67,189,27845,224,186,183,145,0,69,746,43,2322,0,1062,11,7,0,35,20,34,0,22621,4954,63,27575,4.566209124,0.219000044,3.75,2.32,62
Marion Island,PB1,PB1_1C,ACE_ITRAX_16953,9.5,89.5,89.5,0.05,2549.78,3933.11,3288.24,3272.58,0.0267,6.67,1,TRUE,18179,66981,1.34,0,15,0,25,23,11,48,1268,4091,79,47,162,29176,285,138,205,177,0,0,696,111,2204,0,1141,0,0,0,38,41,39,0,21866,4574,86,26440,4.78049847,0.209183207,3.75,3.11,82.8
Marion Island,PB1,PB1_1C,ACE_ITRAX_16954,9.6,89.6,89.6,0.05,2552.09,3936.74,3293.32,3276.33,0.0267,6.68,1,TRUE,18082,67935,1.33,16,22,0,11,0,5,47,1410,4507,38,89,219,29598,305,152,144,158,0,52,716,33,2354,0,1021,0,0,0,75,9,28,74,21532,4576,50,26108,4.70541958,0.212520899,3.75,2.97,79.2
Marion Island,PB1,PB1_1C,ACE_ITRAX_16955,9.7,89.7,89.7,0.05,2556.01,3939.41,3298.18,3280.09,0.0266,6.69,1,TRUE,17392,63980,1.32,20,10,50,22,13,33,54,1657,4114,50,95,179,27008,284,189,48,115,0,30,579,118,2227,0,950,0,19,0,60,95,26,0,20862,4549,80,25411,4.586062871,0.218051961,3.76,3.3,87.63
Marion Island,PB1,PB1_1C,ACE_ITRAX_16956,9.8,89.8,89.8,0.05,2560,3943.33,3301.36,3283.84,0.0267,6.7,1,TRUE,17031,62255,1.3,27,44,35,17,23,0,47,1285,3865,62,51,169,25522,258,132,91,195,0,57,583,82,2055,0,1140,0,0,0,21,48,54,0,21281,4484,77,25765,4.745985727,0.210704384,3.75,3.95,105.47
Marion Island,PB1,PB1_1C,ACE_ITRAX_16957,9.9,89.9,89.9,0.05,2562.61,3948.42,3305.93,3287.59,0.0267,6.68,1,TRUE,17148,63495,1.28,26,31,12,6,15,0,65,1357,3669,42,76,158,27558,182,169,155,140,0,32,636,0,2176,0,1063,0,0,0,66,51,0,102,20508,4611,90,25119,4.447625244,0.224839087,3.75,3.85,102.67
Marion Island,PB1,PB1_1C,ACE_ITRAX_16958,10,90,90,0.05,2565.21,3951.87,3309.21,3291.34,0.0267,6.67,1,TRUE,16814,62643,1.29,0,10,4,0,5,0,23,1013,3146,97,48,132,27196,308,196,117,136,0,33,741,103,1798,0,1035,0,0,0,0,7,23,0,21164,4805,85,25969,4.404578564,0.227036477,3.75,3.02,80.67
Marion Island,PB1,PB1_1C,ACE_ITRAX_16959,10.1,90.1,90.1,0.05,2570.17,3954.09,3312.95,3295.11,0.0265,6.66,1,TRUE,17145,62725,1.42,34,63,22,31,36,11,49,1048,3435,47,84,142,26455,179,156,117,108,0,104,691,103,2095,0,1025,0,0,0,48,132,137,0,21225,4689,0,25914,4.526551504,0.220918728,3.77,3.59,95.23
Marion Island,PB1,PB1_1C,ACE_ITRAX_16960,10.2,90.2,90.2,0.05,2576.49,3957.02,3316.61,3298.89,0.0265,6.66,1,TRUE,17269,64714,1.59,0,15,17,11,33,0,64,1244,4056,57,66,167,27674,159,191,167,131,35,35,702,15,2236,0,1100,0,17,0,98,0,0,0,21149,4695,18,25844,4.50457934,0.221996312,3.78,4.62,122.35
Marion Island,PB1,PB1_1C,ACE_ITRAX_16961,10.3,90.3,90.3,0.05,2581.35,3958.55,3320.37,3302.66,0.0265,6.67,1,TRUE,17683,67649,1.34,18,27,12,21,18,0,34,1575,4410,89,61,187,29793,81,151,177,132,0,116,659,53,2356,40,1102,0,0,0,94,0,0,0,21082,4663,52,25745,4.52112374,0.221183948,3.77,3.2,84.75
Marion Island,PB1,PB1_1C,ACE_ITRAX_16962,10.4,90.4,90.4,0.05,2585.51,3961.39,3323.79,3306.43,0.0265,6.68,1,TRUE,17570,66672,1.35,21,33,45,15,9,5,54,1434,4526,22,81,209,29041,214,135,170,200,0,78,761,41,2167,0,1216,0,15,0,60,51,0,0,20750,4652,0,25402,4.46044712,0.224192771,3.77,3.5,92.84
Marion Island,PB1,PB1_1C,ACE_ITRAX_16963,10.5,90.5,90.5,0.05,2589.51,3964.18,3327.01,3310.2,0.0265,6.69,1,TRUE,18150,70156,1.31,0,24,18,0,27,20,58,1563,4667,38,107,151,31624,119,159,172,156,0,37,737,0,2348,33,1144,0,0,0,80,8,0,191,21378,4751,31,26129,4.499684277,0.222237815,3.77,3.39,90.05
Marion Island,PB1,PB1_1C,ACE_ITRAX_16964,10.6,90.6,90.6,0.05,2595.72,3966.66,3329.91,3313.98,0.0265,6.7,1,TRUE,18617,72665,1.42,5,23,22,16,21,0,60,1677,4976,119,69,161,32949,134,121,184,178,0,143,727,91,2421,0,1265,0,0,0,57,56,146,0,21692,4809,33,26501,4.510709087,0.221694634,3.78,4.34,114.95
Marion Island,PB1,PB1_1C,ACE_ITRAX_16965,10.7,90.7,90.7,0.05,2601.54,3968.44,3333.74,3317.75,0.0265,6.7,1,TRUE,17710,68904,1.3,0,26,36,5,15,5,55,1616,4617,59,62,208,31823,164,89,158,151,0,49,602,0,2296,0,1110,0,18,0,47,0,49,0,20746,4434,139,25180,4.678845286,0.213727948,3.77,3.8,100.8
Marion Island,PB1,PB1_1C,ACE_ITRAX_16966,10.8,90.8,90.8,0.05,2604.8,3969.87,3337.44,3321.52,0.0265,6.7,1,TRUE,16499,61508,1.35,0,0,20,0,0,5,37,1393,3617,101,31,176,26534,174,107,122,103,0,111,632,0,2136,0,1123,0,0,0,5,71,0,9,20223,4299,72,24522,4.704117237,0.212579736,3.77,2.35,62.2
Marion Island,PB1,PB1_1C,ACE_ITRAX_16967,10.9,90.9,90.9,0.05,2605.72,3971.91,3341.71,3325.29,0.0265,6.7,1,TRUE,16661,64261,1.35,0,16,20,0,26,0,24,1355,3907,9,80,162,29749,136,116,142,151,0,0,619,0,2268,0,1028,0,0,0,40,79,11,101,19439,4314,0,23753,4.506026889,0.221924996,3.77,1.48,39.26
Marion Island,PB1,PB1_1C,ACE_ITRAX_16968,11,91,91,0.05,2610.19,3973.86,3345.26,3329.07,0.0265,6.69,1,TRUE,17029,67671,1.37,0,0,14,7,23,16,55,1427,4003,130,96,224,32575,68,157,140,213,0,21,613,0,2224,83,1262,4,0,0,29,42,58,0,19426,4205,6,23631,4.619738407,0.216462473,3.78,3.21,84.92
Marion Island,PB1,PB1_1C,ACE_ITRAX_16969,11.1,91.1,91.1,0.05,2614.95,3974.69,3349.83,3332.84,0.0265,6.69,1,TRUE,17016,67389,1.41,0,19,15,0,18,12,30,1416,4132,85,81,177,32326,0,182,190,131,0,28,566,0,2115,36,1071,0,15,0,32,0,26,0,19687,4450,0,24137,4.424044944,0.226037487,3.77,2.79,74.14
Marion Island,PB1,PB1_1C,ACE_ITRAX_16970,11.2,91.2,91.2,0.05,2620.45,3976.61,3354.06,3336.61,0.0265,6.69,1,TRUE,17034,68252,1.3,0,18,20,0,30,0,48,1509,4323,103,50,178,32041,209,171,164,166,0,58,667,90,2430,35,1060,0,0,0,50,153,24,67,19610,4360,0,23970,4.497706422,0.222335543,3.77,3.71,98.41
Marion Island,PB1,PB1_1C,ACE_ITRAX_16971,11.3,91.3,91.3,0.05,2623.31,3978.14,3358.76,3340.38,0.0265,6.68,1,TRUE,17145,69052,1.45,7,0,44,0,29,0,50,1536,4207,63,51,181,33448,207,197,130,138,0,65,589,0,2110,0,1124,0,0,0,12,0,0,0,19838,4445,77,24283,4.462992126,0.224064926,3.77,2.19,58.22
Marion Island,PB1,PB1_1C,ACE_ITRAX_16972,11.4,91.4,91.4,0.05,2629.86,3980.6,3362.32,3344.16,0.0265,6.69,1,TRUE,16634,66540,1.35,22,28,17,15,21,8,63,1391,3868,74,62,163,32158,255,158,118,70,0,8,547,26,2322,0,1046,0,0,0,47,148,56,70,19092,4227,76,23319,4.516678495,0.221401634,3.78,4.51,119.18
Marion Island,PB1,PB1_1C,ACE_ITRAX_16973,11.5,91.5,91.5,0.05,2630.57,3983.03,3365.57,3347.93,0.0265,6.68,1,TRUE,17236,69554,1.3,0,0,0,0,13,0,34,1824,4422,84,63,175,33993,228,154,187,122,33,115,656,43,2183,39,1006,0,12,0,50,16,53,38,19082,4401,23,23483,4.335832765,0.230636202,3.77,1.57,41.64
Marion Island,PB1,PB1_1C,ACE_ITRAX_16974,11.6,91.6,91.6,0.05,2638.59,3986.37,3370.15,3351.7,0.0265,6.68,1,TRUE,16684,65844,1.46,6,35,24,0,11,0,72,1660,4521,101,48,167,31048,130,134,155,142,0,79,646,0,2126,0,969,0,9,0,13,0,46,0,18863,4216,84,23079,4.47414611,0.223506335,3.77,5.68,150.66
Marion Island,PB1,PB1_1C,ACE_ITRAX_16975,11.7,91.7,91.7,0.05,2642.8,3987.89,3375.07,3355.47,0.0265,6.67,1,TRUE,16798,65837,1.54,8,18,0,12,26,11,59,1430,4216,78,86,144,31914,191,139,180,68,28,0,592,119,2143,0,974,0,0,7,18,0,0,0,18799,4055,130,22854,4.636004932,0.215702963,3.77,2.87,75.99
Marion Island,PB1,PB1_1C,ACE_ITRAX_16976,11.8,91.8,91.8,0.05,2645.75,3990.32,3379.19,3359.25,0.0265,6.66,1,TRUE,16262,63525,1.25,17,15,21,13,27,0,25,1198,3821,57,81,140,29942,232,126,111,152,0,6,611,0,2130,33,1072,4,0,0,28,6,45,74,18925,4084,23,23009,4.633937316,0.215799207,3.78,2.69,71.16
Marion Island,PB1,PB1_1C,ACE_ITRAX_16977,11.9,91.9,91.9,0.05,2650.2,3992.75,3383.62,3363.02,0.0265,6.66,1,TRUE,16085,63540,1.36,5,19,23,13,0,0,44,1304,3670,91,71,184,30165,260,138,126,164,0,46,475,62,2268,0,1001,0,0,0,57,0,0,0,18522,4297,73,22819,4.310449151,0.231994385,3.77,3.44,91.25
Marion Island,PB1,PB1_1C,ACE_ITRAX_16978,12,92,92,0.05,2652.49,3995.62,3387.09,3366.79,0.0265,6.66,1,TRUE,16277,60825,1.41,32,34,23,36,10,24,44,943,3316,131,61,180,26388,271,164,106,59,0,0,579,80,2121,0,1157,0,0,0,61,13,49,0,19850,4524,0,24374,4.387709991,0.22790932,3.77,2.58,68.44
Marion Island,PB1,PB1_1C,ACE_ITRAX_16979,12.1,92.1,92.1,0.05,2657.13,3998.99,3390.61,3370.56,0.0265,6.67,1,TRUE,17198,65469,1.36,0,12,17,11,0,0,29,1213,3978,73,76,192,30506,183,144,138,179,0,0,659,100,2132,0,1119,0,9,0,96,73,15,0,19653,4192,88,23845,4.688215649,0.213300768,3.77,4.01,106.23
Marion Island,PB1,PB1_1C,ACE_ITRAX_16980,12.2,92.2,92.2,0.05,2663.86,4001.25,3394.61,3374.34,0.0265,6.67,1,TRUE,17033,66079,1.33,0,29,11,9,15,4,22,1373,4161,46,128,230,30868,325,149,193,57,0,32,691,0,2179,0,1062,0,0,0,67,10,0,0,19237,4473,53,23710,4.300693047,0.232520663,3.78,4.5,118.92
Marion Island,PB1,PB1_1C,ACE_ITRAX_16981,12.3,92.3,92.3,0.05,2669.24,4005.21,3398.27,3378.11,0.0265,6.68,1,TRUE,17616,70090,1.38,12,43,28,0,15,0,36,1440,4483,62,75,219,33851,233,185,113,140,57,61,598,58,2243,54,926,0,0,0,32,0,0,0,19930,4675,122,24605,4.263101604,0.234570998,3.77,4.67,123.87
Marion Island,PB1,PB1_1C,ACE_ITRAX_16982,12.4,92.4,92.4,0.05,2672.94,4007.59,3402.41,3381.88,0.0265,6.69,1,TRUE,17226,68058,1.41,0,21,12,0,0,0,27,1365,4098,97,67,183,32136,253,145,145,136,0,187,645,0,2408,0,1122,0,12,0,24,42,0,0,19625,4588,63,24213,4.277462947,0.233783439,3.77,3.04,80.64
Marion Island,PB1,PB1_1C,ACE_ITRAX_16983,12.5,92.5,92.5,0.05,2676.7,4010.03,3407.81,3385.65,0.0265,6.67,1,TRUE,17211,66485,1.44,0,13,7,0,27,0,56,1328,4015,105,62,207,30410,305,168,92,109,0,16,592,28,2326,24,1120,0,0,0,95,65,34,0,20125,4616,0,24741,4.359835355,0.22936646,3.77,3.1,82.23
Marion Island,PB1,PB1_1C,ACE_ITRAX_16984,12.6,92.6,92.6,0.05,2680.39,4013.22,3411.19,3389.43,0.0265,6.66,1,TRUE,17805,70481,1.36,9,22,0,0,8,8,43,1370,4090,77,88,168,33480,228,189,151,246,0,108,687,74,2399,121,1105,0,0,0,50,61,0,0,20418,4725,148,25143,4.321269841,0.231413459,3.78,3.44,91.01
Marion Island,PB1,PB1_1C,ACE_ITRAX_16985,12.7,92.7,92.7,0.05,2683.16,4017.28,3415.03,3393.2,0.0265,6.65,1,TRUE,17365,68276,1.35,18,31,32,0,15,12,49,1516,4112,72,67,205,31947,240,166,147,226,0,208,603,0,2184,0,977,0,23,0,98,154,69,47,19967,4469,24,24436,4.467889908,0.223819302,3.77,3.42,90.58
Marion Island,PB1,PB1_1C,ACE_ITRAX_16986,12.8,92.8,92.8,0.05,2687.8,4019.04,3418.53,3396.97,0.0265,6.65,1,TRUE,16824,65227,1.6,0,11,8,0,0,0,9,1241,3694,60,79,154,30531,158,155,119,134,0,54,509,89,2383,0,986,0,0,0,95,162,97,0,19381,4487,0,23868,4.31936706,0.231515402,3.77,3.2,84.88
Marion Island,PB1,PB1_1C,ACE_ITRAX_16987,12.9,92.9,92.9,0.05,2691.5,4020.78,3422.47,3400.74,0.0265,6.65,1,TRUE,18002,71236,1.38,14,18,33,13,0,15,56,1391,4050,108,70,196,35203,220,144,130,106,0,56,609,0,2328,0,1178,0,0,0,120,44,0,0,20073,4492,76,24565,4.468610864,0.223783191,3.77,2.72,72.15
Marion Island,PB1,PB1_1C,ACE_ITRAX_16988,13,93,93,0.05,2696.09,4022.13,3426.6,3404.51,0.0265,6.64,1,TRUE,18030,73330,1.5,0,0,6,5,6,5,64,1602,4433,118,97,243,36605,153,172,99,184,0,133,692,0,2308,63,1168,0,9,0,41,109,90,0,19876,4439,130,24315,4.477585042,0.223334675,3.77,2.97,78.78
Marion Island,PB1,PB1_1C,ACE_ITRAX_16989,13.1,93.1,93.1,0.05,2698.96,4024.34,3431.19,3408.29,0.0265,6.64,1,TRUE,17956,70378,1.37,0,6,25,0,0,0,22,1328,4387,59,74,175,32681,247,160,176,76,0,59,767,111,2549,0,1240,0,0,0,69,0,33,0,20881,4716,22,25597,4.42769296,0.225851252,3.78,2.54,67.2
Marion Island,PB1,PB1_1C,ACE_ITRAX_16990,13.2,93.2,93.2,0.05,2702.63,4025.12,3435.64,3412.06,0.0265,6.64,1,TRUE,18922,75474,1.53,21,27,23,20,25,0,51,1860,4351,38,96,187,36012,263,176,259,138,0,176,664,39,2394,81,1301,0,0,0,87,0,93,18,21391,4984,144,26375,4.291934189,0.232995185,3.77,2.22,59.02
Marion Island,PB1,PB1_1C,ACE_ITRAX_16991,13.3,93.3,93.3,0.05,2706.37,4027.05,3439.49,3415.83,0.0265,6.63,1,TRUE,18359,73942,1.34,0,19,19,0,32,16,52,1842,4197,91,82,229,36520,139,121,164,121,41,160,707,189,2296,0,1061,0,0,0,115,0,72,11,20661,4455,62,25116,4.637710438,0.215623639,3.77,2.84,75.2
Marion Island,PB1,PB1_1C,ACE_ITRAX_16992,13.4,93.4,93.4,0.05,2710.05,4030.54,3444.2,3419.6,0.0265,6.63,1,TRUE,18506,79581,1.35,0,25,16,9,25,5,101,2198,5012,94,103,258,40665,175,169,203,182,0,151,693,175,2483,43,1159,0,9,0,72,20,19,28,20476,4535,150,25011,4.515104741,0.221478804,3.77,3.59,95.09
Marion Island,PB1,PB1_1C,ACE_ITRAX_16993,13.5,93.5,93.5,0.05,2713.79,4034.08,3447.76,3423.38,0.0265,6.6,1,TRUE,17688,72323,1.22,7,21,27,0,0,0,61,2021,4866,153,98,194,35689,80,195,94,163,25,130,695,26,2248,0,954,0,0,0,6,0,70,0,19510,4376,90,23886,4.458409506,0.224295233,3.78,3.64,96.3
Marion Island,PB1,PB1_1C,ACE_ITRAX_16994,13.6,93.6,93.6,0.05,2719.35,4036.14,3452.78,3427.15,0.0265,6.58,1,TRUE,17306,68346,1.35,15,16,42,23,34,0,69,1664,4545,72,74,168,32201,291,147,138,220,10,28,550,46,2315,0,1127,7,9,0,76,0,0,0,19677,4323,0,24000,4.551700208,0.219698125,3.77,3.81,101.06
Marion Island,PB1,PB1_1C,ACE_ITRAX_16995,13.7,93.7,93.7,0.05,2723.3,4038.83,3455.7,3430.92,0.0265,6.58,1,TRUE,16667,63954,1.32,12,21,12,8,21,0,67,1478,4169,52,72,145,27606,380,170,199,250,0,74,643,0,2521,0,1131,0,0,0,36,0,16,0,19981,4403,0,24384,4.538042244,0.220359341,3.77,3.32,88.06
Marion Island,PB1,PB1_1C,ACE_ITRAX_16996,13.8,93.8,93.8,0.05,2724.93,4042.7,3460.26,3434.69,0.0265,6.58,1,TRUE,17697,68263,1.47,43,29,21,13,19,9,47,1324,4389,92,62,209,31525,181,162,147,200,0,28,633,36,2416,0,1097,0,17,0,21,18,0,22,20412,4485,19,24897,4.551170569,0.219723692,3.77,2.75,72.94
Marion Island,PB1,PB1_1C,ACE_ITRAX_16997,13.9,93.9,93.9,0.05,2725.43,4046.9,3463.99,3438.47,0.0265,6.59,1,TRUE,18131,69731,1.44,0,27,0,26,0,0,66,1475,4550,64,76,213,32050,187,204,188,233,0,31,593,0,2592,0,1051,0,12,0,66,0,0,0,20634,4790,60,25424,4.307724426,0.232141126,3.78,2.35,62.17
Marion Island,PB1,PB1_1C,ACE_ITRAX_16998,14,94,94,0.05,2729.19,4051.42,3465.96,3442.24,0.0265,6.58,1,TRUE,17992,68864,1.38,10,33,7,10,0,6,26,1310,4498,102,59,220,30679,164,117,130,132,0,49,833,57,2561,0,1286,0,0,0,29,140,0,41,20985,4655,8,25640,4.508055854,0.221825113,3.77,4.14,109.81
Marion Island,PB1,PB1_1C,ACE_ITRAX_16999,14.1,94.1,94.1,0.05,2731.76,4056.03,3469.03,3446.01,0.0265,6.58,1,TRUE,17928,70940,1.46,35,38,50,5,0,0,64,1808,5230,53,102,221,33035,224,186,126,243,0,64,500,116,2659,0,1089,0,0,0,13,45,6,44,19777,4509,45,24286,4.386116656,0.227992112,3.77,3.59,95.23
Marion Island,PB1,PB1_1C,ACE_ITRAX_17000,14.2,94.2,94.2,0.05,2736.49,4059.87,3472.4,3449.78,0.0265,6.58,1,TRUE,17396,69108,1.32,0,35,52,19,22,0,36,1810,4538,9,116,265,31413,196,187,130,161,0,101,651,57,2795,0,1192,0,0,0,70,177,24,43,19865,4457,69,24322,4.457033879,0.22436446,3.77,4.28,113.66
Marion Island,PB1,PB1_1C,ACE_ITRAX_17001,14.3,94.3,94.3,0.05,2737.72,4062.54,3476.03,3453.56,0.0265,6.58,1,TRUE,17349,66417,1.31,0,14,0,0,7,17,34,1426,4265,84,91,184,29446,235,196,166,214,0,0,653,138,2475,0,1238,0,0,0,34,41,143,8,20116,4541,82,24657,4.429861264,0.225740704,3.78,1.95,51.59
Marion Island,PB1,PB1_1C,ACE_ITRAX_17002,14.4,94.4,94.4,0.05,2738.95,4063.87,3479.87,3457.33,0.0265,6.57,1,TRUE,17282,67153,1.45,32,45,44,0,0,0,41,1580,4345,147,84,194,30382,197,150,137,100,0,0,627,27,2623,0,1208,0,0,0,8,104,0,80,19698,4730,67,24428,4.16448203,0.240125901,3.77,1.28,33.95
Marion Island,PB1,PB1_1C,ACE_ITRAX_17003,14.5,94.5,94.5,0.05,2741.99,4067.82,3483.65,3461.1,0.0265,6.57,1,TRUE,17041,62595,1.47,14,11,18,7,0,8,22,1178,3526,25,66,172,27378,139,203,134,150,0,88,610,0,2479,0,1073,0,0,0,62,0,103,0,19831,4666,0,24497,4.250107158,0.235288185,3.77,3.5,92.71
Marion Island,PB1,PB1_1C,ACE_ITRAX_17004,14.6,94.6,94.6,0.05,2747.23,4069.8,3488.14,3464.87,0.0265,6.56,1,TRUE,17907,68759,1.45,0,0,7,0,0,0,31,1497,4255,67,103,249,32024,60,156,148,260,0,0,629,0,2562,0,1061,0,0,0,69,121,11,0,20208,4626,0,24834,4.368352789,0.22891924,3.77,3.61,95.76
Marion Island,PB1,PB1_1C,ACE_ITRAX_17005,14.7,94.7,94.7,0.05,2748.53,4073.11,3491.88,3468.65,0.0265,6.56,1,TRUE,17748,69303,1.39,15,28,21,17,10,17,70,1608,4588,84,90,215,31526,181,141,82,242,0,90,585,71,2561,51,1246,0,7,0,47,22,89,0,20281,4749,105,25030,4.270583281,0.234160051,3.78,2.31,60.98
Marion Island,PB1,PB1_1C,ACE_ITRAX_17006,14.8,94.8,94.8,0.05,2752.28,4078.27,3495.45,3472.42,0.0265,6.55,1,TRUE,17006,64512,1.35,0,30,14,0,7,13,29,1050,3519,100,70,195,28297,282,195,169,86,0,79,763,55,2448,114,1008,0,0,0,52,126,152,35,20447,4594,35,25041,4.450805398,0.224678437,3.77,4.45,118.17
Marion Island,PB1,PB1_1C,ACE_ITRAX_17007,14.9,94.9,94.9,0.05,2757.9,4081.44,3498.61,3476.19,0.0265,6.56,1,TRUE,17252,66593,1.41,49,34,15,25,27,6,56,1475,3962,63,139,185,30777,214,179,116,138,0,77,585,63,2501,0,1065,0,0,0,49,115,0,11,19536,4476,0,24012,4.36461126,0.229115479,3.77,4.39,116.58
Marion Island,PB1,PB1_1C,ACE_ITRAX_17008,15,95,95,0.05,2763.54,4089.24,3502.2,3479.96,0.0265,6.56,1,TRUE,17916,72751,1.59,7,6,27,0,12,0,45,1710,4419,67,158,253,36231,155,157,154,217,0,0,576,0,2535,0,1170,0,0,0,34,23,81,0,19519,4605,0,24124,4.238653637,0.235923972,3.77,6.72,178.25
Marion Island,PB1,PB1_1C,ACE_ITRAX_17009,15.1,95.1,95.1,0.05,2770.27,4090.75,3505.8,3483.58,0.0276,6.55,1,TRUE,19170,80389,1.49,5,27,16,0,19,6,89,2216,5973,160,73,262,40247,169,130,151,223,0,71,619,93,2874,87,1275,0,22,0,85,66,0,13,20380,4555,81,24935,4.474204171,0.223503435,3.62,4.12,113.81
Marion Island,PB1,PB1_1C,ACE_ITRAX_17010,15.2,95.2,95.2,0.05,2772.7,4092.12,3509.96,3487.2,0.0276,6.55,1,TRUE,16874,71895,1.28,0,23,8,0,15,18,68,1973,5380,100,50,251,37438,262,155,136,161,0,0,425,130,2495,0,1211,0,33,0,0,21,0,0,16907,4115,161,21022,4.108626974,0.243390312,3.62,1.9,52.49
Marion Island,PB1,PB1_1C,ACE_ITRAX_17011,15.3,95.3,95.3,0.05,2776.04,4094.61,3514.24,3490.82,0.0276,6.54,1,TRUE,16429,72473,1.33,0,29,25,13,29,0,85,1889,4514,102,45,207,38886,225,102,208,191,7,80,381,138,2692,56,873,0,0,0,79,39,32,0,16981,4115,40,21096,4.126609964,0.242329663,3.62,2.92,80.52
Marion Island,PB1,PB1_1C,ACE_ITRAX_17014,15.6,95.6,95.6,0.05,2795.85,4104.08,3524.33,3501.68,0.0276,6.47,1,TRUE,17127,70259,1.42,13,36,12,0,29,5,59,1758,4678,118,81,168,34724,209,177,212,214,53,68,471,46,2672,0,1011,0,0,0,93,0,46,0,18054,4617,73,22671,3.910331384,0.255732802,10.86,14.64,134.81
Marion Island,PB1,PB1_1C,ACE_ITRAX_17015,15.7,95.7,95.7,0.05,2803.87,4106.53,3529.08,3505.29,0.0277,6.5,1,TRUE,15761,63304,1.28,0,12,18,10,15,11,35,1259,4255,39,72,159,29948,171,168,230,171,0,0,500,6,2695,23,1142,0,16,0,83,151,75,36,17257,4206,86,21463,4.102948169,0.243727183,3.61,5.23,145.01
Marion Island,PB1,PB1_1C,ACE_ITRAX_17016,15.8,95.8,95.8,0.05,2810.6,4107.51,3532.65,3508.91,0.0276,6.51,1,TRUE,15098,63600,1.35,0,23,5,9,13,5,35,1601,4730,38,102,231,32145,126,149,105,167,0,146,459,82,2589,0,952,0,6,0,102,0,0,0,15410,3902,147,19312,3.949256791,0.2532122,3.62,3.86,106.49
Marion Island,PB1,PB1_1C,ACE_ITRAX_17017,15.9,95.9,95.9,0.05,2811.98,4109.48,3536.66,3512.53,0.0276,6.52,1,TRUE,14267,60453,1.35,0,7,14,5,0,0,45,1882,5120,49,52,198,29873,289,117,137,218,41,142,548,32,2071,0,834,0,0,0,30,13,53,0,14587,3497,51,18084,4.171289677,0.23973401,3.62,1.67,46.27
Marion Island,PB1,PB1_1C,ACE_ITRAX_17018,16,96,96,0.05,2818.43,4111.55,3539.92,3516.15,0.0276,6.53,1,TRUE,14341,59387,1.21,0,34,26,7,0,5,68,1594,4632,96,65,182,28709,196,143,99,110,0,93,417,23,2255,12,1119,0,18,0,113,15,0,6,15147,3734,38,18881,4.056507766,0.246517462,3.62,4.26,117.68
Marion Island,PB1,PB1_1C,ACE_ITRAX_17019,16.1,96.1,96.1,0.05,2824.36,4114.05,3542.89,3519.77,0.0276,6.52,1,TRUE,16248,68031,1.42,28,42,49,23,10,0,105,1822,5391,12,48,165,32914,233,143,139,255,0,16,556,51,2607,0,1236,0,5,0,79,68,19,0,17312,4166,0,21478,4.155544887,0.240642329,3.62,4.22,116.44
Marion Island,PB1,PB1_1C,ACE_ITRAX_17020,16.2,96.2,96.2,0.05,2829.43,4114.7,3547.05,3523.39,0.0276,6.51,1,TRUE,16649,68735,1.34,0,29,39,0,29,0,82,1830,5025,123,72,156,33193,189,118,241,184,0,0,485,56,2683,50,1163,0,0,0,70,0,46,0,17908,4483,77,22391,3.994646442,0.250335046,3.62,2.86,79.01
Marion Island,PB1,PB1_1C,ACE_ITRAX_17021,16.3,96.3,96.3,0.05,2831.84,4115.34,3551.13,3527.01,0.0276,6.5,1,TRUE,16292,65597,1.42,21,42,61,21,17,8,72,1619,5041,94,51,132,31060,200,150,135,194,0,102,562,57,2568,0,1004,0,0,0,87,21,0,0,17535,4278,59,21813,4.09887798,0.243969204,3.62,1.53,42.13
Marion Island,PB1,PB1_1C,ACE_ITRAX_17022,16.4,96.4,96.4,0.05,2835.47,4117.01,3554.31,3530.62,0.0277,6.5,1,TRUE,16590,67615,1.35,20,41,25,46,24,7,72,1741,5304,0,78,153,32281,206,128,176,281,0,48,677,0,2523,13,1148,6,0,0,124,41,88,8,17476,4283,36,21759,4.080317534,0.245078965,3.61,2.65,73.41
Marion Island,PB1,PB1_1C,ACE_ITRAX_17023,16.5,96.5,96.5,0.05,2839.23,4120.08,3558.76,3534.24,0.0276,6.5,1,TRUE,15160,61249,1.33,33,26,42,5,9,0,64,1558,4459,50,43,147,28593,105,40,94,125,0,59,344,92,2460,58,1218,0,0,0,94,50,0,0,16732,4303,159,21035,3.888449919,0.257171886,3.62,3.41,94.34
Marion Island,PB1,PB1_1C,ACE_ITRAX_17024,16.6,96.6,96.6,0.05,2842.96,4120.93,3562.29,3537.86,0.0276,6.5,1,TRUE,15916,63493,1.3,12,0,35,0,0,0,64,1797,4475,60,85,184,29521,145,103,80,138,0,30,464,34,2586,34,1142,0,0,0,32,13,52,38,17619,4250,0,21869,4.145647059,0.241216868,3.62,2.29,63.26
Marion Island,PB1,PB1_1C,ACE_ITRAX_17025,16.7,96.7,96.7,0.05,2847.77,4123.96,3566.47,3541.48,0.0276,6.51,1,TRUE,16997,71098,1.35,39,35,33,18,22,10,82,1927,5456,39,72,224,35311,259,183,95,193,0,113,470,25,2577,18,1188,0,0,0,79,88,0,43,17762,4251,109,22013,4.178310986,0.239331156,3.62,3.92,108.29
Marion Island,PB1,PB1_1C,ACE_ITRAX_17026,16.8,96.8,96.8,0.05,2850.11,4126.55,3569.58,3545.1,0.0276,6.52,1,TRUE,15358,61592,1.44,0,14,36,12,8,5,65,1537,4168,93,86,167,29148,80,126,133,95,0,32,642,10,2108,0,1015,0,0,0,117,47,43,77,16491,4750,73,21241,3.471789474,0.288035898,3.62,2.47,68.09
Marion Island,PB1,PB1_1C,ACE_ITRAX_17027,16.9,96.9,96.9,0.05,2852.97,4128.16,3573.88,3548.72,0.0276,6.53,1,TRUE,14731,57077,1.38,0,0,13,33,5,11,26,1025,3712,99,21,157,25979,260,163,157,134,0,81,387,60,2099,0,963,0,12,0,11,39,22,19,17082,3955,55,21037,4.31908976,0.231530266,3.62,2.23,61.74
Marion Island,PB1,PB1_1C,ACE_ITRAX_17028,17,97,97,0.05,2857.82,4130.24,3577.91,3552.34,0.0276,6.56,1,TRUE,15569,62530,1.42,10,14,0,0,0,0,39,1242,4341,106,46,165,29321,206,139,136,173,0,0,455,29,2613,82,1236,0,0,0,12,97,64,0,17389,4044,92,21433,4.299950544,0.232560814,3.62,3.47,95.72
Marion Island,PB1,PB1_1C,ACE_ITRAX_17029,17.1,97.1,97.1,0.05,2860.9,4134.56,3581.53,3555.95,0.0277,6.57,1,TRUE,17381,69860,1.44,20,37,28,17,0,6,32,1647,5710,104,60,152,32376,239,149,104,282,0,23,361,0,3712,0,1141,0,14,0,75,85,44,0,18562,4244,31,22806,4.373704053,0.228639155,3.61,3.7,102.49
Marion Island,PB1,PB1_1C,ACE_ITRAX_17030,17.2,97.2,97.2,0.05,2865.19,4137.78,3586.42,3559.57,0.0276,6.58,1,TRUE,17170,71642,1.58,22,48,52,0,6,9,67,1815,5850,110,93,218,35169,175,155,159,158,0,0,498,32,3017,0,1276,0,5,0,47,135,50,27,17573,4338,43,21911,4.050945136,0.246855972,3.62,3.75,103.73
Marion Island,PB1,PB1_1C,ACE_ITRAX_17031,17.3,97.3,97.3,0.05,2868.47,4139.82,3590.85,3563.19,0.0276,6.57,1,TRUE,16981,73228,1.33,0,33,39,21,14,0,71,2011,5443,68,68,210,36830,228,162,149,268,0,37,311,123,3500,0,1274,0,12,0,106,61,0,17,17391,4175,68,21566,4.165508982,0.240066701,3.62,2.66,73.48
Marion Island,PB1,PB1_1C,ACE_ITRAX_17035,17.7,97.7,97.7,0.05,2880.58,4152.76,3604.79,3577.67,0.0276,6.45,1,TRUE,13590,56332,1.28,0,50,20,18,26,0,58,1817,4842,64,54,163,26749,162,103,95,78,0,0,395,0,2019,0,1006,0,0,0,28,22,43,0,14437,3556,46,17993,4.059898763,0.246311561,14.48,12.53,86.5
Marion Island,PB1,PB1_1C,ACE_ITRAX_17036,17.8,97.8,97.8,0.05,2884.98,4156.77,3608.82,3581.28,0.0277,6.46,1,TRUE,13124,54607,1.22,0,28,17,14,32,0,39,1567,5336,57,22,160,25777,112,117,89,137,0,64,406,7,2261,23,960,0,0,0,56,94,61,14,13339,3364,0,16703,3.965219976,0.252192818,3.61,4.21,116.48
Marion Island,PB1,PB1_1C,ACE_ITRAX_17037,17.9,97.9,97.9,0.05,2887.86,4157.05,3612.4,3584.9,0.0276,6.47,1,TRUE,14843,63004,1.32,23,33,33,0,8,0,44,1967,5716,82,26,212,32659,104,130,138,69,0,61,303,71,2202,0,906,0,0,0,45,17,25,0,14302,3386,62,17688,4.223862965,0.236750105,3.62,1.58,43.65
Marion Island,PB1,PB1_1C,ACE_ITRAX_17038,18,98,98,0.05,2889.95,4160.16,3617.82,3588.52,0.0276,6.47,1,TRUE,16253,69786,1.47,0,6,11,11,8,10,88,2004,5639,126,66,238,37076,186,153,100,221,0,65,565,34,2333,37,846,0,0,0,104,26,98,0,15196,3907,34,19103,3.88942923,0.257107133,3.62,2.6,71.82
Marion Island,PB1,PB1_1C,ACE_ITRAX_17039,18.1,98.1,98.1,0.05,2894.33,4164.81,3621.93,3592.14,0.0276,6.47,1,TRUE,15913,66765,1.4,0,0,39,0,24,0,62,2310,5272,104,96,205,33573,133,117,88,203,0,65,464,0,2173,0,1009,0,4,0,51,109,12,0,16203,3846,143,20049,4.212948518,0.237363451,3.62,4.52,124.72
Marion Island,PB1,PB1_1C,ACE_ITRAX_17040,18.2,98.2,98.2,0.05,2896.43,4168.62,3625.94,3595.76,0.0276,6.46,1,TRUE,17483,70308,1.29,8,31,28,5,31,7,92,1640,5164,79,59,198,33715,223,111,124,263,0,23,706,74,2388,42,1127,0,0,0,102,102,4,36,19005,4370,0,23375,4.348970252,0.22993949,3.62,2.95,81.63
Marion Island,PB1,PB1_1C,ACE_ITRAX_17041,18.3,98.3,98.3,0.05,2900.95,4170.7,3629.2,3599.38,0.0276,6.43,1,TRUE,18393,73027,1.47,20,10,47,21,26,7,58,1679,5448,41,62,172,33566,173,148,93,282,0,0,679,92,2544,0,1421,0,24,0,102,217,89,0,20627,4703,0,25330,4.385923878,0.228002133,3.62,3.3,91.16
Marion Island,PB1,PB1_1C,ACE_ITRAX_17042,18.4,98.4,98.4,0.05,2905.46,4176.07,3632.24,3603,0.0276,6.42,1,TRUE,19982,80086,1.45,13,49,54,20,28,20,73,1865,6424,106,78,257,38191,175,178,163,236,0,0,773,102,2516,0,1262,0,0,0,94,63,69,0,21784,4783,0,26567,4.554463726,0.219564818,3.62,4.94,136.46
Marion Island,PB1,PB1_1C,ACE_ITRAX_17043,18.5,98.5,98.5,0.05,2907.86,4179.2,3635.42,3606.61,0.0277,6.4,1,TRUE,19685,77938,1.44,9,35,54,0,32,14,66,1784,5741,37,61,216,36659,61,176,146,204,0,0,649,0,2656,57,1337,0,0,0,80,6,29,32,22209,4928,84,27137,4.506696429,0.221892026,3.61,2.77,76.59
Marion Island,PB1,PB1_1C,ACE_ITRAX_17044,18.6,98.6,98.6,0.05,2909.7,4182.65,3638.7,3610.23,0.0276,6.4,1,TRUE,19468,77210,1.34,0,30,32,15,17,21,77,1671,5385,58,41,184,35834,216,124,151,316,6,168,677,0,2643,8,1413,0,4,0,97,0,6,69,22266,5063,166,27329,4.397787873,0.227387048,3.62,2.64,73.07
Marion Island,PB1,PB1_1C,ACE_ITRAX_17045,18.7,98.7,98.7,0.05,2912.18,4185.27,3643.16,3613.85,0.0276,6.39,1,TRUE,17915,67536,1.49,16,37,9,13,30,15,50,1390,4670,47,77,141,29024,151,152,155,194,0,23,678,0,2381,151,1440,0,0,0,85,98,156,0,21079,4726,50,25805,4.460220059,0.224204184,3.62,2.55,70.44
Marion Island,PB1,PB1_1C,ACE_ITRAX_17049,19.1,99.1,99.1,0.05,2923.01,4200.14,3655.85,3628.33,0.0276,6.28,1,TRUE,14731,56399,1.25,10,23,30,17,18,13,43,1105,3476,58,52,134,23957,297,166,128,164,0,52,487,0,2350,0,1038,0,0,0,50,57,94,0,17968,4158,0,22126,4.321308321,0.231411398,14.48,12.85,88.74
Marion Island,PB1,PB1_1C,ACE_ITRAX_17050,19.2,99.2,99.2,0.05,2927.82,4203.92,3659.8,3631.94,0.0277,6.27,1,TRUE,15600,60363,1.23,0,28,31,22,24,16,54,1334,3472,72,50,135,26218,221,153,173,256,44,49,522,33,2608,48,1291,0,33,0,101,0,20,0,18298,4488,140,22786,4.077094474,0.245272707,3.61,4.29,118.98
Marion Island,PB1,PB1_1C,ACE_ITRAX_17051,19.3,99.3,99.3,0.05,2932.41,4208.35,3662.94,3635.56,0.0276,6.3,1,TRUE,16657,65514,1.33,0,19,38,5,0,5,60,1792,4504,91,63,165,29528,199,138,80,217,0,66,551,0,2519,68,1106,0,9,0,27,0,0,79,19014,4595,64,23609,4.137976061,0.241664037,3.62,4.51,124.59
Marion Island,PB1,PB1_1C,ACE_ITRAX_17054,19.6,99.6,99.6,0.05,2948.01,4217.23,3674.83,3646.42,0.0276,6.43,1,TRUE,17096,67896,1.4,15,4,19,0,6,6,60,1585,4961,144,56,200,32058,129,138,89,216,0,28,490,24,2373,0,1274,0,7,0,76,0,19,0,19112,4237,0,23349,4.51073873,0.221693177,10.86,12.24,112.71
Marion Island,PB1,PB1_1C,ACE_ITRAX_17055,19.7,99.7,99.7,0.05,2949.84,4219.82,3678.52,3650.04,0.0276,6.44,1,TRUE,15859,61852,1.37,0,8,26,9,0,13,45,1329,4154,85,0,142,27841,203,98,84,184,0,37,481,0,2358,0,1226,0,0,0,46,12,0,0,18583,4338,79,22921,4.283771323,0.233439165,3.62,2.21,61.05
Marion Island,PB1,PB1_1C,ACE_ITRAX_17056,19.8,99.8,99.8,0.05,2951.71,4224.8,3681.16,3653.66,0.0276,6.42,1,TRUE,17851,73614,1.52,10,39,50,14,32,19,98,2009,4552,13,83,227,36274,40,148,44,131,0,139,669,52,2883,0,1187,0,7,0,60,104,67,9,19457,4653,72,24110,4.181603267,0.239142725,3.62,3.43,94.61
Marion Island,PB1,PB1_1C,ACE_ITRAX_17057,19.9,99.9,99.9,0.05,2953.63,4231.29,3684.16,3657.28,0.0276,6.39,1,TRUE,17350,68224,1.41,13,49,36,11,21,0,55,1576,4711,123,41,185,32225,181,150,127,172,0,54,538,62,2560,0,1042,0,0,0,100,0,0,0,19210,4393,131,23603,4.372865923,0.228682978,3.62,4.2,116.16
Marion Island,PB1,PB1_1C,ACE_ITRAX_17058,20,100,100,0.05,2958.43,4231.67,3687.8,3660.89,0.0277,6.38,1,TRUE,16676,67955,1.46,0,10,13,0,0,0,84,1705,4450,51,73,261,33830,116,112,160,247,0,0,443,71,2361,119,1251,0,0,0,47,29,0,0,17895,4066,201,21961,4.401131333,0.227214306,3.61,2.59,71.75
Marion Island,PB1,PB1_1C,ACE_ITRAX_17059,20.1,100.1,100.1,0.05,2966.3,4232.31,3691.65,3664.66,0.0265,6.39,1,TRUE,16322,67942,1.36,17,32,37,13,4,0,100,1778,4542,67,45,244,35170,161,200,102,215,0,125,475,10,2283,0,1017,0,0,0,47,36,69,0,16819,3842,35,20661,4.377667881,0.22843213,3.77,4.26,112.86
Marion Island,PB1,PB1_1C,ACE_ITRAX_17060,20.2,100.2,100.2,0.05,2971.55,4236.24,3695.54,3668.42,0.0266,6.39,1,TRUE,16388,64539,1.39,0,25,24,0,0,0,57,1459,4443,108,44,159,30800,40,115,101,204,0,176,453,113,2337,0,1066,0,11,0,46,95,7,0,18114,3968,74,22082,4.565020161,0.219057083,3.76,4.59,122.07
Marion Island,PB1,PB1_1C,ACE_ITRAX_17061,20.3,100.3,100.3,0.05,2976.87,4240.01,3699.41,3672.18,0.0266,6.39,1,TRUE,16397,66182,1.34,14,13,21,12,0,6,51,1672,4414,94,37,211,31940,227,157,141,216,0,0,544,10,2255,29,1142,0,0,0,55,21,0,15,18151,4064,41,22215,4.46628937,0.22389951,3.76,4.55,120.88
Marion Island,PB1,PB1_1C,ACE_ITRAX_17062,20.4,100.4,100.4,0.05,2980.95,4243.17,3702.8,3675.95,0.0265,6.4,1,TRUE,16924,65836,1.38,7,19,0,0,0,0,62,1422,4476,81,44,156,30402,187,171,126,197,0,8,520,65,2640,0,1163,0,0,0,70,59,27,0,19009,4277,20,23286,4.444470423,0.224998685,3.77,3.62,96.02
Marion Island,PB1,PB1_1C,ACE_ITRAX_17063,20.5,100.5,100.5,0.05,2990,4246.42,3706.28,3679.71,0.0266,6.42,1,TRUE,17643,68082,1.43,17,39,44,7,13,6,17,1432,4380,108,34,173,31465,181,157,134,242,0,62,660,0,2656,0,1237,5,0,0,83,0,60,0,19828,4395,26,24223,4.51149033,0.221656244,3.76,6.15,163.56
Marion Island,PB1,PB1_1C,ACE_ITRAX_17064,20.6,100.6,100.6,0.05,2998.5,4248.21,3709.57,3683.47,0.0266,6.43,1,TRUE,17715,69807,1.48,18,30,27,13,13,0,39,1390,4700,128,31,188,33483,241,105,190,304,0,14,494,51,2613,0,1390,0,0,0,20,0,16,28,19431,4296,86,23727,4.523044693,0.221090011,3.76,5.14,136.84
Marion Island,PB1,PB1_1C,ACE_ITRAX_17065,20.7,100.7,100.7,0.05,3004.66,4248.51,3713.79,3687.24,0.0265,6.43,1,TRUE,18242,75927,1.42,16,33,50,10,17,18,105,1979,5218,159,61,238,39299,118,74,73,218,0,55,477,72,2993,0,1207,0,0,0,66,85,0,0,18362,4388,59,22750,4.184594348,0.23897179,3.77,3.23,85.68
Marion Island,PB1,PB1_1C,ACE_ITRAX_17066,20.8,100.8,100.8,0.05,3010.57,4250.1,3716.33,3691,0.0266,6.44,1,TRUE,18595,79493,1.31,13,29,26,0,14,0,90,2320,5856,138,54,250,40955,187,165,153,399,0,58,499,21,3318,0,1276,0,9,0,103,12,38,53,18459,4374,132,22833,4.220164609,0.236957582,3.76,3.75,99.73
Marion Island,PB1,PB1_1C,ACE_ITRAX_17067,20.9,100.9,100.9,0.05,3021.3,4253.31,3720.62,3694.76,0.0266,6.44,1,TRUE,17341,73125,1.41,61,50,55,22,13,13,101,2503,5381,17,126,213,37607,62,94,51,213,21,48,573,0,3470,0,1155,0,0,0,125,38,26,0,16384,4146,0,20530,3.951760733,0.253051758,3.76,6.97,185.37
Marion Island,PB1,PB1_1C,ACE_ITRAX_17068,21,101,101,0.05,3024.02,4254.5,3724.52,3698.53,0.0265,6.42,1,TRUE,15390,63756,1.31,23,18,33,9,5,0,76,1844,4907,56,59,207,30624,135,113,62,315,22,17,473,89,3066,0,1160,0,0,0,50,0,0,0,15959,3923,146,19882,4.068060158,0.245817407,3.77,1.95,51.86
Marion Island,PB1,PB1_1C,ACE_ITRAX_17072,21.4,101.4,101.4,0.05,3041.03,4263,3741.47,3713.58,0.0266,6.24,1,TRUE,16820,72699,1.37,4,28,18,25,11,7,101,2052,5725,65,42,277,38255,247,129,57,273,0,67,480,62,2714,0,1130,0,0,0,84,19,82,0,16220,4037,29,20257,4.017835026,0.248890259,15.05,12.76,84.75
Marion Island,PB1,PB1_1C,ACE_ITRAX_17073,21.5,101.5,101.5,0.05,3044.16,4266.73,3745.3,3717.34,0.0266,6.24,1,TRUE,14129,58676,1.31,7,16,41,0,6,0,81,1543,3936,0,38,182,29288,208,117,107,217,0,36,344,29,2340,0,1081,0,0,0,42,0,0,6,14812,3602,91,18414,4.112159911,0.243181204,3.76,3.43,91.22
Marion Island,PB1,PB1_1C,ACE_ITRAX_17074,21.6,101.6,101.6,0.05,3048.63,4269.45,3749.77,3721.11,0.0265,6.24,1,TRUE,12800,50846,1.37,32,41,34,12,22,10,56,1233,3255,6,33,95,22612,151,161,93,218,36,65,339,80,2248,15,1080,0,5,0,45,0,0,0,14715,3586,0,18301,4.103457892,0.243696908,3.77,3.6,95.36
Marion Island,PB1,PB1_1C,ACE_ITRAX_17075,21.7,101.7,101.7,0.05,3054.98,4272.08,3753.15,3724.87,0.0266,6.23,1,TRUE,13797,53878,1.33,0,31,20,8,17,0,63,1278,3404,16,33,120,24449,205,129,93,230,0,12,331,0,2222,7,1113,0,11,0,81,0,0,0,15804,3742,15,19546,4.223409941,0.2367755,3.76,4.49,119.41
Marion Island,PB1,PB1_1C,ACE_ITRAX_17076,21.8,101.8,101.8,0.05,3060.03,4275.01,3756.7,3728.64,0.0265,6.23,1,TRUE,15869,68609,1.36,13,56,45,17,16,0,55,2107,4920,9,104,197,35146,246,176,152,229,0,10,465,149,2652,0,1019,0,20,0,67,96,157,18,15913,4067,0,19980,3.912712073,0.255577201,3.77,3.99,105.84
Marion Island,PB1,PB1_1C,ACE_ITRAX_17077,21.9,101.9,101.9,0.05,3064.22,4279.95,3759.49,3732.4,0.0266,6.25,1,TRUE,16518,73153,1.39,35,48,26,10,24,20,108,2140,5094,44,88,246,39806,199,118,59,275,0,114,374,0,2778,0,1127,0,20,0,123,0,6,42,15848,3850,28,19698,4.116363636,0.242932862,3.76,4.56,121.41
Marion Island,PB1,PB1_1C,ACE_ITRAX_17078,22,102,102,0.05,3068.78,4280.58,3763.04,3736.16,0.0266,6.27,1,TRUE,14456,58983,1.36,0,33,12,19,5,6,61,1423,4030,25,63,140,28192,215,102,92,236,0,8,398,0,2499,0,1075,0,12,0,88,55,12,0,15647,4003,42,19650,3.908818386,0.255831789,3.76,2.6,69.02
Marion Island,PB1,PB1_1C,ACE_ITRAX_17079,22.1,102.1,102.1,0.05,3072.39,4283.13,3765.89,3739.93,0.0265,6.3,1,TRUE,16009,65757,1.42,0,0,22,0,10,0,83,1554,4554,46,41,176,31926,340,143,68,256,0,8,403,37,2721,0,1202,0,0,0,89,0,0,0,17337,4241,113,21578,4.087950955,0.24462133,3.77,3.08,81.7
Marion Island,PB1,PB1_1C,ACE_ITRAX_17080,22.2,102.2,102.2,0.05,3074.31,4287,3770.58,3743.69,0.0266,6.34,1,TRUE,16640,68255,1.47,0,42,48,14,8,17,78,1602,4489,77,45,178,33137,252,118,73,216,0,74,527,65,2868,0,1287,0,0,0,64,36,0,0,18060,4434,128,22494,4.073071719,0.24551495,3.76,2.89,76.99
Marion Island,PB1,PB1_1C,ACE_ITRAX_17081,22.3,102.3,102.3,0.05,3077.23,4289.68,3773.84,3747.45,0.0266,6.38,1,TRUE,17543,71134,1.55,0,46,0,24,21,0,57,1594,5327,25,45,155,33879,126,138,88,322,0,102,563,96,3133,0,1377,0,5,0,103,0,20,34,18774,4612,22,23386,4.070685169,0.24565889,3.76,2.8,74.47
Marion Island,PB1,PB1_1C,ACE_ITRAX_17083,22.5,102.5,102.5,0.05,3082.63,4296.02,3781.77,3754.98,0.0266,6.46,1,TRUE,14957,61926,1.33,0,29,26,15,9,6,36,1372,4428,37,47,171,31047,257,121,93,216,0,0,416,14,2554,0,1169,0,0,0,62,123,28,0,15342,3784,0,19126,4.054439746,0.246643202,7.53,5.87,77.95
Marion Island,PB1,PB1_1C,ACE_ITRAX_17084,22.6,102.6,102.6,0.05,3084.93,4297.34,3786.21,3758.74,0.0266,6.47,1,TRUE,15153,63483,1.45,0,18,7,10,10,4,73,1852,4954,92,41,200,30646,145,120,116,257,0,91,512,30,2859,12,1173,0,0,0,65,0,66,0,15718,3852,32,19570,4.080477674,0.245069347,3.76,1.81,48.14
Marion Island,PB1,PB1_1C,ACE_ITRAX_17085,22.7,102.7,102.7,0.05,3088.92,4300.31,3789.42,3762.51,0.0265,6.46,1,TRUE,17198,73517,1.38,19,60,53,20,17,0,106,1999,5136,98,40,227,37292,330,163,116,283,0,58,581,0,2769,0,1326,0,0,0,117,115,44,0,17708,4176,9,21884,4.240421456,0.235825616,3.77,3.48,92.31
Marion Island,PB1,PB1_1C,ACE_ITRAX_17086,22.8,102.8,102.8,0.05,3096.71,4302.31,3792.97,3766.27,0.0266,6.46,1,TRUE,17178,71435,1.34,22,32,59,24,16,0,75,1981,5340,10,73,177,35647,142,131,149,274,107,0,418,10,2435,0,1262,0,4,0,68,0,0,0,18106,4267,92,22373,4.243262245,0.235667734,3.76,4.89,130.19
Marion Island,PB1,PB1_1C,ACE_ITRAX_17087,22.9,102.9,102.9,0.05,3099.26,4304.44,3797.66,3770.03,0.0266,6.46,1,TRUE,16831,68325,1.34,0,35,38,9,13,0,71,1652,4958,128,50,210,32721,259,148,139,307,0,29,506,46,2487,0,1209,6,15,0,73,55,78,9,18154,4377,16,22531,4.147589673,0.241103889,3.76,2.34,62.23
Marion Island,PB1,PB1_1C,ACE_ITRAX_17088,23,103,103,0.05,3103.87,4305.83,3800.63,3773.8,0.0265,6.46,1,TRUE,17673,74911,1.35,11,36,48,0,6,9,87,2062,5726,14,94,207,37141,246,108,98,220,0,106,491,81,2823,77,1282,0,0,0,105,67,73,0,18863,4312,43,23175,4.374536178,0.228595663,3.77,3,79.58
Marion Island,PB1,PB1_1C,ACE_ITRAX_17089,23.1,103.1,103.1,0.05,3107.47,4308.2,3804.15,3777.56,0.0266,6.46,1,TRUE,18775,79697,1.47,17,60,62,0,48,5,71,2234,6602,69,60,183,41300,165,149,83,260,0,98,551,0,2911,67,1218,0,21,0,134,0,0,25,18547,4275,91,22822,4.338479532,0.230495498,3.76,2.98,79.39
Marion Island,PB1,PB1_1C,ACE_ITRAX_17090,23.2,103.2,103.2,0.05,3108.92,4311.57,3807.64,3781.32,0.0266,6.46,1,TRUE,17138,73514,1.38,19,25,66,8,21,18,79,1989,5867,37,64,225,38568,76,170,78,286,28,44,447,84,2731,0,1124,0,26,0,129,41,36,6,16580,4095,40,20675,4.048840049,0.246984318,3.76,2.41,64.1
Marion Island,PB1,PB1_1C,ACE_ITRAX_17091,23.3,103.3,103.3,0.05,3111.74,4313.19,3810.67,3785.09,0.0265,6.47,1,TRUE,14908,63432,1.38,0,51,41,17,13,8,51,1842,4709,102,20,184,32730,171,84,47,200,0,31,376,29,2755,0,1134,0,4,0,33,8,0,0,14579,3789,104,18368,3.847717076,0.259894369,3.77,2.22,58.89
Marion Island,PB1,PB1_1C,ACE_ITRAX_17092,23.4,103.4,103.4,0.05,3114.88,4315.73,3814.22,3788.85,0.0266,6.48,1,TRUE,15173,64273,1.3,8,27,22,0,8,0,93,1668,3928,98,48,211,32585,259,148,75,262,0,89,529,39,2462,5,1149,0,0,0,58,120,26,0,15754,4059,69,19813,3.88125154,0.257648851,3.76,2.84,75.53
Marion Island,PB1,PB1_1C,ACE_ITRAX_17093,23.5,103.5,103.5,0.05,3118.75,4320.88,3817.34,3792.61,0.0266,6.5,1,TRUE,16174,67391,1.45,0,36,32,18,9,0,83,1850,4001,0,85,228,33964,209,140,87,284,19,46,412,0,2439,0,1061,0,0,0,112,34,0,33,17179,4495,80,21674,3.821802002,0.261656674,3.76,4.51,119.95
Marion Island,PB1,PB1_1C,ACE_ITRAX_17094,23.6,103.6,103.6,0.05,3120.48,4323.71,3821.67,3796.38,0.0265,6.52,1,TRUE,17323,77952,1.32,8,43,48,5,15,12,157,3518,4917,92,118,340,42105,285,188,85,329,0,69,382,61,2510,0,1132,0,18,0,97,0,0,62,16276,4528,0,20804,3.594522968,0.278201032,3.77,2.28,60.48
Marion Island,PB1,PB1_1C,ACE_ITRAX_17095,23.7,103.7,103.7,0.05,3121.5,4327.02,3825.14,3800.14,0.0266,6.53,1,TRUE,16914,71025,1.37,5,39,35,5,0,0,115,2138,4826,86,68,218,36045,189,150,117,242,0,36,629,32,2298,0,1235,0,0,0,113,102,0,19,17485,4295,34,21780,4.071012806,0.245639119,3.76,2.17,57.58
Marion Island,PB1,PB1_1C,ACE_ITRAX_17096,23.8,103.8,103.8,0.05,3128.62,4332.72,3827.86,3803.9,0.0266,6.54,1,TRUE,15589,61702,1.36,0,33,9,5,0,0,54,1455,3996,71,30,171,28641,222,176,88,230,0,27,389,0,2238,46,1107,0,0,0,36,86,44,0,17739,4109,0,21848,4.317108786,0.231636507,3.76,6.41,170.48
Marion Island,PB1,PB1_1C,ACE_ITRAX_17097,23.9,103.9,103.9,0.05,3134.09,4337.05,3832.91,3807.67,0.0265,6.54,1,TRUE,17831,72109,1.31,0,20,39,12,12,24,75,1534,4682,107,50,212,34887,409,123,131,244,50,22,558,41,2719,38,1404,0,11,0,99,14,0,0,19471,4566,115,24037,4.26434516,0.234502594,3.77,4.9,129.97
Marion Island,PB1,PB1_1C,ACE_ITRAX_17098,24,104,104,0.05,3140.93,4337.99,3835.06,3811.43,0.0266,6.55,1,TRUE,18100,74751,1.41,45,34,40,0,17,0,80,1804,5113,71,50,178,36710,270,194,202,356,0,135,509,95,2850,0,1386,0,18,0,121,0,141,0,19369,4341,17,23710,4.461875144,0.224121018,3.76,3.89,103.46
Marion Island,PB1,PB1_1C,ACE_ITRAX_17099,24.1,104.1,104.1,0.05,3147.17,4338.89,3838.97,3815.19,0.0266,6.56,1,TRUE,18063,75907,1.61,13,34,35,22,8,6,88,1981,5355,0,57,186,37696,376,142,134,305,29,12,546,52,2691,80,1527,0,0,0,124,0,14,6,19099,4615,116,23714,4.138461538,0.241635688,3.76,3.57,94.95
Marion Island,PB1,PB1_1C,ACE_ITRAX_17100,24.2,104.2,104.2,0.05,3149.05,4339.92,3842.97,3818.96,0.0265,6.56,1,TRUE,17989,73774,1.47,0,0,16,18,8,8,66,1643,4722,46,78,194,36584,203,161,80,323,0,76,465,0,2856,96,1216,0,0,0,110,12,0,0,19699,4539,89,24238,4.339942719,0.230417788,3.77,1.45,38.59
Marion Island,PB1,PB1_1C,ACE_ITRAX_17101,24.3,104.3,104.3,0.05,3154.65,4346.7,3846.63,3822.72,0.0266,6.55,1,TRUE,19280,79322,1.55,0,44,33,14,17,24,98,2012,5663,39,59,192,39556,192,149,35,350,0,189,521,0,2837,0,1365,0,0,0,137,8,0,0,20472,4651,32,25123,4.401634057,0.227188355,3.76,6.19,164.63
Marion Island,PB1,PB1_1C,ACE_ITRAX_17102,24.4,104.4,104.4,0.05,3160.18,4352.32,3851.3,3826.48,0.0266,6.53,1,TRUE,18385,74017,1.49,7,41,27,30,23,12,76,1843,5195,110,14,185,35048,247,146,182,352,0,59,553,0,2850,0,1443,0,0,0,92,103,0,75,20153,4574,123,24727,4.40599038,0.226963727,3.76,5.57,148.27
Marion Island,PB1,PB1_1C,ACE_ITRAX_17103,24.5,104.5,104.5,0.05,3161.44,4355.37,3854.79,3830.25,0.0265,6.52,1,TRUE,17974,72824,1.4,5,22,45,12,22,11,58,1921,5421,152,11,159,33736,241,164,120,428,70,87,496,40,2965,0,1423,0,5,0,51,0,0,0,19827,4643,71,24470,4.270299375,0.234175619,3.77,2.16,57.16
Marion Island,PB1,PB1_1C,ACE_ITRAX_17104,24.6,104.6,104.6,0.05,3165.03,4359.95,3860.14,3834.01,0.0266,6.53,1,TRUE,16538,66042,1.38,0,29,25,6,16,0,73,1689,4483,18,22,153,29975,189,125,78,344,0,144,360,0,2837,33,1274,0,11,0,46,29,0,0,19207,4346,8,23553,4.419466176,0.226271672,3.76,4.09,108.64
Marion Island,PB1,PB1_1C,ACE_ITRAX_17105,24.7,104.7,104.7,0.05,3172.47,4362.07,3862.9,3837.77,0.0266,6.52,1,TRUE,12324,43893,1.23,0,34,17,12,19,6,35,751,1825,22,0,80,15821,99,78,33,112,0,70,400,34,2360,31,1285,8,0,0,0,51,0,0,16441,3835,70,20276,4.287092568,0.233258318,3.76,4.78,127.13