"Location","Site","Section","site_depth","uid","sample","min_depth","max_depth","midpoint","depth","depth_err","SH20_min_age_95CI","SH20_max_age_95CI","SH20_median_age","SH20_mean_age","SH20_mean_95CI","accrate","accrate_err","kcps","cps","MSE","K","K_ICP","Ca","Ca_ICP","Ti","Ti_ICP","Mn","Mn_ICP","Fe","Fe_ICP","Co","Co_ICP","Ni","Ni_ICP","Cu","Cu_ICP","Zn","Zn_ICP","Rb","Rb_ICP","Sr","Sr_ICP","Zr","Zr_ICP","Mo_inc","Mo_coh","inc_coh","coh_inc","C_org_pc","Dry_mass"
"Bird Island","BI10","BI10.1",1.0006,"BI10_1.0006",1,0,1.1,0.6,0.6,0.55,-67,-52,-61,-61,7,0.09517,0.07549,20689.8181818182,52220.3636363636,1.32909090909091,8.63636363636364,1782.206118,42,1557.061769,15.2727272727273,134.9563972,16.3636363636364,34.34524027,5450.54545454545,13959.03161,68.9090909090909,0.738789575,172.727272727273,2.467420581,88,4.369649931,8,22.90793616,26.1818181818182,2.288761162,28.7272727272727,26.58846642,792.363636363636,2.896325963,38213.7272727273,5590.27272727273,6.83609068627273,0.146376584727273,52.34,12.51
"Bird Island","BI10","BI10.1",1.0045,"BI10_1.0045",4,3.9,5,4.5,4.5,0.55,-62,41,-24,-20,52,0.09524,-0.2374,24515.9166666667,60507.1666666667,1.32166666666667,10.4166666666667,1331.46149,43.0833333333333,1397.543318,12.8333333333333,79.78694045,35.6666666666667,28.06949723,5083.58333333333,9355.988249,81.5833333333333,0.761205508,238.75,2.98969441,98.9166666666667,3.255429522,0.545454545454546,12.50967591,56.5,1.525038372,2.08333333333333,25.05462045,898.5,2.113253146,45226.25,6602.41666666667,6.85367335291667,0.145989151583333,45.15,10.49
"Bird Island","BI10","BI10.1",1.0123,"BI10_1.0123",10,11.7,12.8,12.3,12.3,0.55,-33,189,50,60,111,0.10578,0.20089,21782.6666666667,52798.3333333333,1.29166666666667,9.83333333333333,1545.22611,56.5,2547.021617,12.5,340.544392,12.9166666666667,37.1899001,1170,3942.206507,33.0833333333333,1.745989306,191.916666666667,3.556521683,71.25,5.828405269,4.33333333333333,13.94648753,28.5833333333333,4.398970104,10.25,46.4043754,921.5,6.431024383,42093.8333333333,6060.5,6.94940689116667,0.143955505083333,45.34,13.62
"Bird Island","BI10","BI10.1",1.0272,"BI10_1.0272",22,26.7,27.8,27.2,27.2,0.525,82,372,212,214,145,0.08802,0.06119,21759.5833333333,52292.1666666667,1.33,11.3333333333333,4972.490853,125.083333333333,6361.863436,31.9166666666667,1070.668936,28.5,59.55046887,1496.25,4568.280308,50.1666666666667,1.171208352,203.333333333333,7.052448962,87.4166666666667,18.80830619,90.9166666666667,83.1136075,74.3333333333333,19.01381163,248.083333333333,121.9608593,840.25,35.64216716,40802.6666666667,6037.25,6.75858272008333,0.148022999166667,36.35,19.66
"Bird Island","BI10","BI10.1",1.0367,"BI10_1.0367",30,36.3,37.2,36.7,36.7,0.475,182,468,347,340,143,0.07126,0.0308,22119.4,57449,1.346,26.3,16457.36219,217.7,8442.247188,75.3,1962.99309,44.1,148.1529747,7994.7,18556.10587,144.2,14.98993637,213,9.844407416,137.5,25.3957986,74.1,90.06087679,47,43.16823811,349.4,150.558177,793.2,40.9140318,38550.7,6177,6.2410442383,0.1602627916,30.99,21.79
"Bird Island","BI10","BI10.1",1.0414,"BI10_1.0414",34,40.9,41.9,41.4,41.4,0.5,244,520,411,404,138,0.07979,0.02824,23491.9090909091,61638.1818181818,1.34909090909091,11.0909090909091,10808.43657,171.727272727273,8467.75867,33.0909090909091,1538.231355,36.4545454545455,149.1109339,10621.2727272727,34440.81517,258.181818181818,4.788646274,227.454545454545,10.02079263,143,25.1006547,17.4545454545455,83.32372544,5.63636363636364,21.08188416,148.181818181818,145.2111951,831.454545454545,27.74345656,40697.0909090909,6303.27272727273,6.45711631990909,0.154934023454545,23.49,19.47
"Bird Island","BI10","BI10.2",1.0464,"BI10_1.0464",51,45.9,46.9,46.4,46.4,0.5,374,544,470,467,85,0.07984,0.01535,24155,62053.0909090909,1.37454545454545,10.7272727272727,2479.827204,228.909090909091,6975.196896,50.1818181818182,301.0170716,39.3636363636364,55.70453095,8172.09090909091,26327.35852,189.636363636364,17.04437568,225.454545454545,9.672030755,133.090909090909,30.70187991,197.363636363636,154.2471074,63.5454545454545,5.28425398,302.909090909091,110.8952002,884.090909090909,6.355756988,42397,6672.27272727273,6.35744417863636,0.157412857545455,43.41,15.14
"Bird Island","BI10","BI10.2",1.0498,"BI10_1.0498",54,49.3,50.3,49.8,49.8,0.5,431,612,509,509,91,0.04431,0.00833,23782.5454545455,58865.8181818182,1.30272727272727,12.5454545454545,23399.21394,216,7326.374157,30.3636363636364,1904.013462,32,235.7531016,4413.27272727273,20544.92897,77.0909090909091,5.701846016,238.636363636364,6.289145655,130.636363636364,12.23274868,14.6363636363636,56.72463202,48.0909090909091,58.41930414,221,153.965778,970.545454545454,31.40903404,43566.6363636364,6609.09090909091,6.59292733472727,0.151714599818182,24.64,22.37
"Bird Island","BI10","BI10.2",1.0589,"BI10_1.0589",62,58.4,59.4,58.9,58.9,0.5,517,1000,723,731,242,0.04011,0.0136,23787.4545454545,55955.6363636364,1.37,5,867.9986358,181.727272727273,5816.665099,17.0909090909091,225.6496719,39.8181818181818,36.54824658,1072.81818181818,2355.109726,23.4545454545455,1.54911114,231.272727272727,7.635178907,132.727272727273,44.61646774,143.545454545455,109.0593506,15.6363636363636,3.560602291,213.909090909091,97.81476508,884.818181818182,6.255310392,44227.8181818182,6491.09090909091,6.81663246718182,0.146753534090909,44.52,12.21
"Bird Island","BI10","BI10.2",1.0646,"BI10_1.0646",67,64.1,65.2,64.6,64.6,0.525,707,1112,883,891,203,0.03456,0.00815,22661.4166666667,55280.3333333333,1.31916666666667,17.8333333333333,7766.606331,251.666666666667,9084.977882,54.5,1442.000824,49.1666666666667,88.46094721,2572.33333333333,6242.966621,69.6666666666667,4.068857773,210.583333333333,5.960197779,154.416666666667,36.59073739,464.916666666667,261.6355831,122.333333333333,30.36236272,570.166666666667,168.0404108,903.166666666667,30.42377281,40818.8333333333,6431.91666666667,6.34778948108333,0.157657004,40.28,22.98
"Bird Island","BI10","BI10.2",1.0692,"BI10_1.0692",71,68.7,69.8,69.2,69.2,0.55,826,1194,1027,1024,184,0.0397,0.00745,24090.25,59035.0833333333,1.28416666666667,18.1666666666667,1973.319538,302.75,6626.492173,41,461.9149499,41.4166666666667,46.49996193,2420,3694.801697,86.3333333333333,2.041238975,231.916666666667,6.674238754,149.25,34.06414422,143.416666666667,140.4650062,62.5833333333333,7.795499709,498,114.9998151,953.833333333333,21.97235957,44307.25,6735.5,6.58059786816667,0.152050972,32.63,23.16
"Bird Island","BI10","BI10.3",1.0805,"BI10_1.0805",84,80,81,80.5,80.5,0.5,1078,1383,1228,1228,153,0.11538,0.01505,23305.5,56089.8,1.359,24.8,14359.67839,264.6,9905.624178,59,2197.326275,39.6,125.5077224,2747.5,6284.597012,76.6,2.439569014,237.5,6.367819135,152.8,39.61078518,74,67.51751759,129.2,50.21714125,467,209.897137,855.6,39.24997232,41785.9,6389,6.5425612867,0.1529111376,36.18,16.25
"Bird Island","BI10","BI10.3",1.0853,"BI10_1.0853",88,84.8,85.8,85.3,85.3,0.525,1140,1414,1267,1270,137,0.11538,0.01316,21329.4545454545,51592.6363636364,1.24090909090909,3.63636363636364,3095.570446,223.545454545455,7180.738417,23.4545454545455,574.7925663,21.4545454545455,57.22472424,1101.81818181818,3753.765384,54.3636363636364,2.601276107,215.909090909091,5.912256586,128.909090909091,37.01157435,36.4545454545455,65.03458094,48.4545454545455,13.30255749,379.727272727273,130.9618352,907.818181818182,13.33706426,40259.8181818182,6034.90909090909,6.67536463336364,0.149911105272727,36.54,16.62
"Bird Island","BI10","BI10.3",1.0935,"BI10_1.0935",95,93,94,93.5,93.5,0.5,1233,1487,1332,1342,127,0.11287,0.01132,21085,51886,1.31909090909091,26.6363636363636,3134.001598,242,6732.62029,100.818181818182,606.0238476,52.3636363636364,60.2997145,3160.36363636364,11390.75321,60.0909090909091,5.745017677,200.454545454545,7.120078834,99.0909090909091,25.20300712,5.09090909090909,71.97280393,107.181818181818,10.28410137,657.636363636364,119.867266,834.545454545455,13.96054981,38250.6363636364,5976.09090909091,6.40163363627273,0.156443694363636,35.87,15.49
"Bird Island","BI10","BI10.3",1.0968,"BI10_1.0968",98,96.3,97.3,96.8,96.8,0.5,1278,1505,1359,1371,114,0.11294,0.00996,20358.0909090909,49648.1818181818,1.28818181818182,39.8181818181818,3044.618396,210.363636363636,6605.365982,79.9090909090909,562.7226914,54.6363636363636,54.01867077,3007.09090909091,7073.372392,90.0909090909091,3.633220643,208.636363636364,5.857915852,94.0909090909091,18.81424853,11.3636363636364,41.79884834,179,9.694363956,687.090909090909,112.4064678,857.909090909091,13.08141258,36182.8181818182,5897.90909090909,6.12992269536364,0.163261797363636,39.31,27.34
"Bird Island","BI10","BI10.3",1.1037,"BI10_1.1037",104,103.2,104.2,103.7,103.7,0.475,1358,1649,1477,1487,145,0.04191,0.00429,23485.9090909091,56468.3636363636,1.45545454545455,19.6363636363636,1424.582603,254.272727272727,7089.603048,62.9090909090909,441.0920959,50.5454545454545,47.40786167,1610.09090909091,1987.252608,64.3636363636364,1.389287804,216.090909090909,4.568507031,103.363636363636,19.39416739,24.7272727272727,45.72842227,59.5454545454545,6.266500548,547.272727272727,127.1397723,914.363636363636,11.39582517,43429,6444.27272727273,6.74164520618182,0.148378059454545,42.06,16.83
"Bird Island","BI10","BI10.3",1.1154,"BI10_1.1154",114,114.9,115.9,115.4,115.4,0.5,1478,2098,1763,1768,310,0.04149,0.00745,23787.4545454545,60059.3636363636,1.37818181818182,8.54545454545454,1716.680373,203.545454545455,5586.311354,30.6363636363636,354.6954517,33.0909090909091,38.81328375,7030.18181818182,15892.74003,135.090909090909,1.543818014,225,5.784125479,134.181818181818,42.10225675,1.54545454545455,35.80217711,32,6.037782671,219.727272727273,94.40874214,866.545454545455,8.138802933,42366.3636363636,6354.72727272727,6.66920390481818,0.149992786727273,42.5,13.84
"Bird Island","BI10","BI10.3",1.1212,"BI10_1.1212",119,120.7,121.7,121.2,121.2,0.475,1584,2220,1920,1912,318,0.03575,0.00609,23932.5454545455,57683.3636363636,1.34090909090909,9.18181818181818,1641.390095,230.545454545455,5647.265231,29.2727272727273,401.5251511,30.6363636363636,37.52718028,2490.72727272727,3019.385269,80.6363636363636,1.001920559,228.090909090909,9.469595678,169.818181818182,77.32937965,37.2727272727273,126.1466188,49.9090909090909,6.954876946,208,100.7977844,922.545454545454,10.71344504,44357.3636363636,6559.54545454545,6.76478887481818,0.147893012454545,44.26,12.71
"Bird Island","BI10","BI10.3",1.1223,"BI10_1.1223",120,121.8,122.7,122.3,122.3,0.45,1650,2226,1946,1943,288,0.03576,0.00543,23463.2,55879.5,1.243,7.7,683.2265993,187.9,5350.125775,16.6,192.9637106,26.1,32.12024806,1472,4238.013215,49.9,0.741821487,229.7,6.534750001,169,62.86286744,41.3,87.02811474,48.3,2.592646444,143.2,91.74775016,945.1,5.71655892,44116.7,6464.9,6.8275268756,0.1465574293,44.55,12.21
"Bird Island","BI10","BI10.4",1.1325,"BI10_1.1325",145,132,133,132.5,132.5,0.5,2052,2331,2181,2196,139,0.06663,0.00448,22939.7272727273,63471.5454545455,1.46727272727273,10,5412.77206,207.272727272727,5488.24581,37,523.0275133,33.5454545454545,51.81193098,15022,36760.73258,159.181818181818,3.769043144,209.909090909091,7.155451754,115.636363636364,40.6484082,5.09090909090909,36.99629166,44.8181818181818,9.787053209,168.909090909091,91.25190224,760.636363636364,9.674570314,38468.0909090909,6064.36363636364,6.34628605745455,0.157698025181818,41.96,14.81
"Bird Island","BI10","BI10.4",1.1442,"BI10_1.1442",155,143.7,144.8,144.2,144.2,0.55,2200,2522,2364,2368,161,0.07115,0.0051,23702.1818181818,57136.3636363636,1.3,15,5594.694254,295.181818181818,6436.237221,43.3636363636364,1149.476822,36.7272727272727,82.80022216,2365.54545454545,6074.810846,64.1818181818182,1.250579343,215.909090909091,6.317256008,232.727272727273,67.58862806,174,145.146567,35.2727272727273,20.81297886,334.363636363636,121.0153008,924.090909090909,58.14267286,43491.3636363636,6470.09090909091,6.72411553136364,0.14877554,43.07,16.33
"Bird Island","BI10","BI10.5",1.1566,"BI10_1.1566",172,156.1,157.2,156.6,156.6,0.525,2362,2681,2501,2501,159,0.12621,0.00845,22998.4166666667,56715.8333333333,1.34333333333333,10.1666666666667,2804.420041,260.25,5642.915643,53.5833333333333,253.7523195,38.5833333333333,42.83579617,4047.08333333333,49049.46764,89.6666666666667,16.76515491,217.5,16.20702482,101.5,58.21751812,186.333333333333,148.0981288,49.9166666666667,4.260143181,303.666666666667,85.39705279,872.416666666667,5.057282645,42205,6261.41666666667,6.74203834041667,0.148359080916667,43.8,15.65
"Bird Island","BI10","BI10.5",1.1605,"BI10_1.1605",175,159.9,161,160.5,160.5,0.55,2377,2740,2532,2532,181,0.15064,0.01131,23440.3333333333,57598.5,1.34083333333333,15.8333333333333,21023.43508,234.083333333333,6500.001765,46.75,1574.554031,31.25,219.4284939,4480.25,51904.82693,88.8333333333333,14.16367715,217.083333333333,12.29132094,133.916666666667,34.00992075,118.333333333333,148.2023206,49.75,43.16608535,238.666666666667,121.2110164,841.916666666667,16.90685979,42478.1666666667,6370.91666666667,6.67144465891667,0.150016337416667,42.14,14.27
"Bird Island","BI10","BI10.5",1.1676,"BI10_1.1676",181,167.1,168.1,167.6,167.6,0.5,2411,2817,2574,2579,203,0.15064,0.01229,22774.8181818182,56605,1.32181818181818,8.81818181818182,1243.638909,213.181818181818,6176.904031,44.7272727272727,227.5458294,42,41.17278862,5498.18181818182,34127.39087,105.272727272727,6.771422937,212.272727272727,8.534630865,129.454545454545,31.39605337,60.3636363636364,72.11422012,47.9090909090909,2.564526013,268.181818181818,95.32051892,872.363636363636,5.156965844,40605.8181818182,6218.54545454545,6.53140688127273,0.153206188818182,43.63,14.38
"Bird Island","BI10","BI10.5",1.1796,"BI10_1.1796",191,179.1,180.1,179.6,179.6,0.5,2468,2973,2645,2658,253,0.11483,0.01123,22504.9090909091,58725.6363636364,1.37545454545455,18.8181818181818,11337.75217,221.090909090909,6093.055388,44.2727272727273,915.5577505,44.2727272727273,122.3868181,10223.7272727273,29114.97389,182.181818181818,5.562421054,200.909090909091,5.623618255,139.090909090909,28.97367916,130.090909090909,93.7163573,84,24.03856275,456.272727272727,119.1548845,814,15.8979202,37830.0909090909,6131.18181818182,6.169881969,0.162323613363636,35.57,20.19
"Bird Island","BI10","BI10.5",1.1833,"BI10_1.1833",194,182.8,183.8,183.3,183.3,0.5,2514,3004,2673,2693,245,0.10213,0.00957,22651.5454545455,56036,1.31636363636364,3.63636363636364,21256.47654,177.454545454545,9697.311696,35.7272727272727,2196.956371,26.5454545454545,243.6402038,5216.72727272727,24845.10488,138.545454545455,3.933228837,223.818181818182,4.972003175,168,26.9304948,138.090909090909,75.23867924,81,58.90663431,339.181818181818,121.5336821,846.545454545455,34.80855314,40127.2727272727,6327.81818181818,6.343787676,0.157710388636364,38.89,35.5
"Bird Island","BI10","BI10.5",1.187,"BI10_1.187",197,186.5,187.5,187,187,0.5,2550,3047,2708,2729,248,0.10214,0.00957,21576.8181818182,58939.5454545455,1.30909090909091,10.5454545454545,4642.258304,219.545454545455,7288.66125,41.8181818181818,660.9863166,31.8181818181818,67.78989286,11936.7272727273,27055.53366,226.545454545455,5.752426608,184.090909090909,6.761396788,157.636363636364,46.72905914,22.1818181818182,130.7729603,19.9090909090909,12.67353344,382.909090909091,118.8967341,737.181818181818,12.27077458,37035.4545454545,5849.72727272727,6.33712958645455,0.157959376636364,40.11,15.38
"Bird Island","BI10","BI10.5",1.1928,"BI10_1.1928",202,192.4,193.3,192.8,192.8,0.475,2624,3136,2799,2816,256,0.04843,0.00452,20937.6,62954,1.343,41.1,2367.746797,216.7,5866.599826,50.4,234.8825033,27.1,42.2400533,19501.7,70333.76898,174.6,6.816523388,210.1,10.88241106,139.2,68.09335946,48,90.27805952,63.8,2.553601126,307.2,85.79649547,658.5,5.275218799,33850.5,5552.6,6.0993466709,0.1640530744,38.73,16.86
"Bird Island","BI10","BI10.6",1.206,"BI10_1.206",221,205.5,206.6,206,206,0.525,2807,3404,3080,3085,299,0.05,0.00497,22371.8333333333,81956.6666666667,1.5275,24.6666666666667,21467.56946,355.5,6764.508083,65,1293.229498,44.4166666666667,160.5283798,41775.5833333333,107255.388,321,11.84941346,177.166666666667,9.702568502,127.5,34.46389212,243.666666666667,255.5835815,64.8333333333333,25.70637949,323.666666666667,111.2286921,582,16.62081972,30418.1666666667,5392.91666666667,5.64056009716667,0.17741193525,39.7,14.36
"Bird Island","BI10","BI10.6",1.2175,"BI10_1.2175",231,217,218,217.5,217.5,0.5,2987,3570,3316,3305,291,0.05329,0.00482,22900.2727272727,68445.9090909091,1.42727272727273,15.0909090909091,3810.216932,217.727272727273,8457.047616,47,430.4165299,59.1818181818182,73.63658302,21076.3636363636,46161.88967,243.090909090909,10.70451145,212.272727272727,8.361148745,160,60.20244341,436.181818181818,399.0691035,42.5454545454545,6.149324503,400.545454545455,136.1592518,725.909090909091,8.204676276,36831.7272727273,5925,6.21843648890909,0.160917065636364,41.87,16.4
"Bird Island","BI10","BI10.6",1.2309,"BI10_1.2309",242,230.4,231.5,230.9,230.9,0.525,3307,3734,3577,3561,213,0.07807,0.00486,23546.9166666667,68270.5,1.4125,17.8333333333333,2179.747422,336.833333333333,7198.222186,41.9166666666667,389.6638198,41.4166666666667,51.31483509,18747,28337.51625,187.333333333333,6.228678054,212.666666666667,7.693387104,191.416666666667,73.19734621,29.5833333333333,48.4428199,30.1666666666667,4.534790413,395.666666666667,116.7915838,803.916666666667,9.348601732,38686.1666666667,6079.08333333333,6.36472744433333,0.157220291333333,40.55,18.76
"Bird Island","BI10","BI10.6",1.2411,"BI10_1.2411",250,240.2,242,241.1,241.1,0.925,3501,3826,3691,3684,163,0.16685,0.008,22340.9473684211,66589.2631578947,1.40947368421053,4.57894736842105,2601.638721,205.157894736842,6524.805309,31.0526315789474,301.303437,35.4210526315789,64.81180749,21261.3684210526,68261.38783,217.157894736842,16.02760991,189.894736842105,12.99158529,154.526315789474,116.9107903,87.2105263157895,232.0043335,20.7368421052632,3.037488827,228.526315789474,95.07661499,694.263157894737,4.985074292,35777.0526315789,5731.21052631579,6.244756707,0.160195734736842,39.93,15.42
"Bird Island","BI10","BI10.7",1.2532,"BI10_1.2532",259,252.7,253.7,253.2,253.2,0.5,3586,3905,3760,3756,160,0.17647,0.00785,23187,58870.4545454545,1.39545454545455,10,2160.208858,196.181818181818,6240.983611,36,344.5794406,29.0909090909091,41.07148346,6707.54545454545,23779.92504,81.7272727272727,0.986560337,228.909090909091,4.505779401,158.636363636364,32.9760233,1.09090909090909,29.80921049,85.0909090909091,5.026836978,261.454545454545,101.292967,859.454545454545,7.527120756,41279,6347.63636363636,6.50631130854545,0.153779594090909,43.05,15.55
"Bird Island","BI10","BI10.7",1.2675,"BI10_1.2675",271,267,268,267.5,267.5,0.5,3684,3998,3837,3839,157,0.16949,0.00726,20938.7272727273,61362,1.38545454545455,6.18181818181818,2135.960113,217.181818181818,7771.356271,24,232.314161,30,56.87091915,17880.7272727273,58747.48129,188.818181818182,23.84445704,180.545454545455,14.66999494,200.363636363636,145.5334854,138.545454545455,316.1883316,19.8181818181818,2.699363842,228.363636363636,119.6977813,634.454545454545,5.881017729,34199.3636363636,5456.72727272727,6.26873508081818,0.159566969636364,41.51,14.32
"Bird Island","BI10","BI10.7",1.2784,"BI10_1.2784",280,277.9,278.9,278.4,278.4,0.5,3766,4076,3903,3910,155,0.14981,0.00622,22731,61159.0909090909,1.42727272727273,11.1818181818182,1942.49545,211.363636363636,6196.60628,34.6363636363636,227.4128172,38.1818181818182,39.2756349,12464.5454545455,49872.72804,147.727272727273,36.34308788,216.454545454545,15.10269284,135.545454545455,49.70613596,328.545454545455,205.2689039,31.7272727272727,2.511699688,287.090909090909,99.83622626,804.272727272727,5.366567931,38471.5454545455,5968.27272727273,6.45070821481818,0.155181694181818,42.03,15.14
"Bird Island","BI10","BI10.8",1.2943,"BI10_1.2943",300,293.7,294.8,294.3,294.3,0.525,3864,4267,4033,4041,202,0.1194,0.00617,23009.75,76577.8333333333,1.45666666666667,4.75,643.1526044,235.5,6725.623999,34.3333333333333,263.8954581,41.5833333333333,55.60667563,33287.9166666667,73040.17367,361,35.13097178,200.583333333333,14.43173082,204,80.36054861,353.5,206.0678435,19.4166666666667,3.349219592,330.666666666667,110.4667193,617.916666666667,6.491956622,33209.4166666667,5644.5,5.88324556366667,0.170039656666667,38.86,18.81
"Bird Island","BI10","BI10.8",1.2979,"BI10_1.2979",303,297.4,298.4,297.9,297.9,0.5,3881,4306,4064,4071,212,0.1194,0.00643,21616.6363636364,78639.6363636364,1.58545454545455,5.54545454545454,661.9708417,209.454545454545,5960.306307,38.9090909090909,277.5603378,35.5454545454545,54.76131918,40362.3636363636,74836.34761,411.818181818182,16.81953054,186.363636363636,12.65956686,170.181818181818,78.52750915,195.636363636364,100.7202187,44.8181818181818,3.120629768,285.454545454545,95.05242503,519.454545454545,6.318871737,28926.6363636364,5198.63636363636,5.56203857918182,0.179937245363636,38.07,19.36
"Bird Island","BI10","BI10.8",1.3076,"BI10_1.3076",311,307.1,308,307.6,307.6,0.475,3938,4410,4143,4149,236,0.12543,0.00734,22302.1,75887.4,1.534,13.3,1745.183529,255.9,6654.679504,49.8,691.4862269,51.6,80.6250656,34432.4,65108.07757,388.3,25.16163647,183,12.05911704,140.2,51.06064778,52.4,130.9239492,50,9.077687309,366.9,109.9097917,606.9,13.10956878,31508.9,5565.6,5.6645467106,0.1767509009,30.3,20.69
"Bird Island","BI10","BI10.8",1.3162,"BI10_1.3162",318,315.7,316.8,316.2,316.2,0.55,3995,4491,4215,4222,248,0.11586,0.00701,23562.25,78443.75,1.44666666666667,3.83333333333333,543.4726901,174.25,6154.781584,29.0833333333333,244.2716404,36.9166666666667,70.96066682,33224.0833333333,88890.89611,228.083333333333,11.55396277,189,9.165262456,83.6666666666667,50.54112884,7.5,83.34916521,18.4166666666667,2.400125578,118.166666666667,92.99111859,674.666666666667,4.823094008,35797,5963.75,6.00062252158333,0.166787316,38.15,14.84
"Bird Island","BI10","BI10.9",1.3265,"BI10_1.3265",337,326,327.1,326.5,326.5,0.525,4086,4617,4320,4329,265,0.08832,0.00555,19750.2727272727,58742.3636363636,1.36363636363636,10.4545454545455,2704.115972,196.454545454545,4314.171561,37.4545454545455,390.264881,30.6363636363636,272.5348429,18705,76198.44633,217.454545454545,13.36853596,191,9.036215502,167.181818181818,35.29243706,146.181818181818,141.7452321,15.0909090909091,13.28023284,354.454545454545,54.97448254,561,14.95585253,30717.3636363636,5208.18181818182,5.89876975909091,0.169666507636364,39.53,18.17
"Bird Island","BI10","BI10.9",1.3326,"BI10_1.3326",342,332.1,333.1,332.6,332.6,0.5,4137,4707,4387,4397,285,0.08975,0.00596,18258.6363636364,68171.2727272727,1.48909090909091,10.4545454545455,473.7956247,195.363636363636,3366.405358,51.5454545454545,159.3219544,29.1818181818182,48.26462876,37166,244762.4318,261.090909090909,24.67115714,135.818181818182,18.49534977,125.818181818182,54.25753022,79.3636363636364,108.9295808,25,2.02301219,357.545454545455,53.58134359,403.636363636364,3.512118591,23115.5454545455,4356.54545454545,5.28332424236364,0.190100895727273,34.49,45.84
"Bird Island","BI10","BI10.9",1.34,"BI10_1.34",348,339.5,340.5,340,340,0.5,4191,4812,4471,4480,310,0.0916,0.00648,22654.7272727273,67323.5454545455,1.41818181818182,11.3636363636364,519.5682507,188,6376.14109,42.1818181818182,247.3342292,31.2727272727273,71.25145017,20682.9090909091,33059.50476,330,30.22335953,214.909090909091,15.52691154,222.636363636364,93.06939632,207.363636363636,242.3611357,72.5454545454545,3.033425815,439.818181818182,126.2966844,714,6.610934788,36083.6363636364,5854.72727272727,6.16540938090909,0.162232980090909,39.32,20.07
"Bird Island","BI10","BI10.9",1.3462,"BI10_1.3462",353,345.7,346.7,346.2,346.2,0.525,4263,4871,4541,4547,304,0.0916,0.00626,21165,112065,1.725,23.5,590.2581944,134.5,1649.910749,63.5,196.7910903,9,40.04154754,85965,259743.8529,359.5,31.69988747,143.5,16.50037866,96,46.16790206,0.545454545454546,46.41044203,2.2,2.023599773,280,26.73253921,330,3.215918511,19092,3859.5,4.9385227415,0.2030882915,31.95,40.85
"Bird Island","BI10","BI10.9",1.3562,"BI10_1.3562",361,355.7,356.7,356.2,356.2,0.5,4359,4962,4647,4652,302,0.09848,0.00652,21037,62387.3636363636,1.34363636363636,32.0909090909091,2355.45594,257.818181818182,6975.754499,97.0909090909091,799.193679,36.7272727272727,63.1732016,17928.1818181818,19940.78074,127.545454545455,5.120949268,163,8.855748872,160.181818181818,61.1989585,10.0909090909091,50.4248919,39.6363636363636,12.19802273,589.727272727273,152.5618881,720.636363636364,25.31019839,33994.2727272727,5425,6.26813179609091,0.159601122545455,37.86,24.48
"Bird Island","BI10","BI10.9",1.3612,"BI10_1.3612",365,360.7,361.7,361.2,361.2,0.5,4405,5006,4699,4703,301,0.09404,0.00614,20858.5,76598.3,1.446,33.2,1070.885179,355.9,6849.57438,89.2,482.4222414,52.2,70.44102514,39122.5,91742.56196,345.5,76.74575589,173.6,30.78295408,129.8,84.15061701,159.2,199.4152519,26.1,4.992973415,677.5,138.0986394,467.6,9.681378018,27254.6,4945.2,5.5163355346,0.1813896864,37.08,24.57
"Bird Island","BI10","BI10.9",1.3673,"BI10_1.3673",370,366.8,367.8,367.3,367.3,0.5,4473,5056,4770,4768,292,0.09412,0.00588,22283.8181818182,69942.9090909091,1.45090909090909,23.0909090909091,1447.271106,277.272727272727,6910.359074,89,541.6620458,54.6363636363636,69.28334701,25910.6363636364,69886.15056,177.909090909091,17.29854042,195,16.74430526,123.090909090909,96.04739856,11.3636363636364,106.4331106,103.090909090909,7.537000498,721.909090909091,142.7753473,613.545454545455,10.27576935,33337.7272727273,5523.63636363636,6.03297060290909,0.165833677727273,38.46,23.49
"Bird Island","BI10","BI10.10",1.3704,"BI10_1.3704",382,370,370.9,370.4,370.4,0.475,4497,5091,4804,4801,297,0.0921,0.00581,20960.8,67834.1,1.406,10.8,1739.758107,250.6,7954.492393,59.2,927.4315698,38.5,100.6908119,26984.8,63330.72521,203,33.30735274,192.8,18.94940307,190,69.48540749,50.8,155.6838291,20.6,9.175578982,564.7,172.6424549,561.2,18.17108513,31157.8,5167.4,6.0322542561,0.1658958068,39.16,20.96
"Bird Island","BI10","BI10.10",1.3751,"BI10_1.3751",386,374.7,375.6,375.1,375.1,0.475,4557,5123,4855,4852,283,0.09213,0.00549,20490.2,66526.3,1.433,20.1,1334.018291,251,6023.226846,66.7,617.6592849,45.1,70.46152124,26799.9,54047.68966,282.2,24.79954461,180.9,17.31182215,151.9,74.97636554,103.4,153.3540492,41.2,7.097707001,521,129.6985539,572.1,12.79708303,29943.6,5052.8,5.9311820645,0.1688767338,36.89,27.87
"Bird Island","BI10","BI10.10",1.38,"BI10_1.38",390,379.5,380.5,380,380,0.5,4589,5171,4915,4905,291,0.09132,0.00554,21185.4545454545,57832.0909090909,1.29727272727273,13.9090909090909,3262.422113,226.363636363636,8005.462824,54.9090909090909,862.5856098,26.2727272727273,97.8957421,11408.2727272727,40132.04847,136.363636363636,9.040037779,171.636363636364,10.00803438,149.909090909091,55.15725169,11.3636363636364,63.73190593,84.7272727272727,14.36128756,582.181818181818,153.3496638,736.727272727273,18.27558905,35920.3636363636,5742.72727272727,6.25576371863636,0.159905569454545,37.36,21.31
"Bird Island","BI10","BI10.10",1.3824,"BI10_1.3824",392,381.9,383,382.4,382.4,0.525,4637,5185,4940,4931,274,0.09125,0.00519,20608.5,70543.75,1.47083333333333,20.8333333333333,2439.861236,241.416666666667,8103.945816,69.0833333333333,859.4671757,43.4166666666667,81.91402797,32182.9166666667,54152.91453,302.916666666667,19.75221569,171.083333333333,13.25060411,155.916666666667,94.26813549,142,136.8739771,30.4166666666667,9.248141245,480.583333333333,135.6264282,543.416666666667,16.48531144,28822,4982.41666666667,5.78759173225,0.172901564416667,35.56,27.92
"Bird Island","BI10","BI10.10",1.3872,"BI10_1.3872",396,386.7,387.8,387.2,387.2,0.55,4691,5220,4994,4984,264,0.09129,0.00497,23446.75,69295.5,1.3675,18.25,4192.532888,267.666666666667,7585.017065,61.3333333333333,1453.514493,45.9166666666667,274.0987451,19068,20119.39045,142.416666666667,2.860665218,214.583333333333,5.370449412,124.25,19.4548787,17.25,47.14281535,53.75,20.02750394,380.25,151.7312933,816.583333333333,23.6965254,39020.1666666667,5956.16666666667,6.55290585233333,0.1528367805,41.5,19.7
"Bird Island","BI10","BI10.10",1.3958,"BI10_1.3958",403,395.3,396.4,395.8,395.8,0.525,4812,5285,5088,5077,237,0.09266,0.00444,19495.6666666667,56634.4166666667,1.33166666666667,7.75,2645.007056,178.916666666667,7317.516566,33.25,1096.289357,36.1666666666667,78.69369569,16247.25,51021.42539,250.666666666667,7.991640436,162,10.48748493,142.416666666667,71.22393581,0.545454545454546,61.90931635,37.5833333333333,10.62373635,295.25,121.4529542,603.333333333333,19.25420696,31109,5164.08333333333,6.02611938541667,0.166020444833333,39.36,22.29
"Bird Island","BI10","BI10.10",1.4041,"BI10_1.4041",410,403.6,404.6,404.1,404.1,0.5,4964,5400,5194,5184,218,0.06708,0.00291,22152.5454545455,63256,1.37181818181818,15.5454545454545,1279.071246,263.818181818182,7179.414733,55.4545454545455,439.7704209,49.6363636363636,60.23512043,17395.0909090909,34088.22199,142.454545454545,18.03152781,206.727272727273,13.21962289,171.727272727273,87.44578681,90,97.22108231,14.7272727272727,4.89161886,468.545454545455,127.9383347,649.545454545455,10.69155001,35577,5707.90909090909,6.23196237109091,0.160688967272727,40.39,18.54
"Bird Island","BI10","BI10.11",1.4134,"BI10_1.4134",422,412.9,413.9,413.4,413.4,0.5,5159,5627,5402,5402,234,0.02602,0.00116,22791.6363636364,68452.7272727273,1.42727272727273,36.1818181818182,2999.419337,376.818181818182,9461.06745,113.909090909091,2545.357841,60.9090909090909,321.8666456,20904.1818181818,28823.89617,281,10.38688508,215.090909090909,11.44865692,199.909090909091,55.06983208,67.6363636363636,72.67126101,49.6363636363636,11.2517643,643.272727272727,230.1968823,756.272727272727,30.86414748,36062.2727272727,5889,6.12584447263636,0.163325619363636,36.15,28.24
"Bird Island","BI10","BI10.11",1.4157,"BI10_1.4157",424,415.2,416.2,415.7,415.7,0.5,5209,5782,5484,5491,287,0.02602,0.00139,22334.6363636364,64506,1.38636363636364,19.6363636363636,1873.201141,308.545454545455,8311.822141,62.7272727272727,713.4399266,45.5454545454545,107.9334325,16910,30935.30845,279.181818181818,11.60935571,205.363636363636,13.02193372,174,79.709217,114.636363636364,70.91847569,41.9090909090909,7.62089899,524.818181818182,147.1050077,789.818181818182,14.88976145,36449.0909090909,5809.72727272727,6.27409731745455,0.159420483,38.22,17.98
"Bird Island","BI10","BI10.11",1.4193,"BI10_1.4193",427,418.8,419.8,419.3,419.3,0.5,5262,6053,5615,5629,395,0.02434,0.00174,21627.6363636364,57432.4545454545,1.31454545454545,30.1818181818182,2896.949952,309.818181818182,4039.228505,81.8181818181818,623.497368,63.2727272727273,98.07001331,8806,34349.06054,117.909090909091,11.06017577,205.363636363636,10.69111482,167.545454545455,49.32777324,29.7272727272727,61.6011836,34.1818181818182,14.21907028,806.727272727273,90.62519465,809.818181818182,13.96627653,37563.0909090909,5796.90909090909,6.47761426818182,0.154534673727273,35.05,22.45
"Bird Island","BI10","BI10.11",1.4338,"BI10_1.4338",439,433.3,434.3,433.8,433.8,0.5,5915,6357,6209,6189,221,0.04186,0.00154,23473.1818181818,71284.8181818182,1.41818181818182,61.4545454545455,3339.764406,367.818181818182,5046.388886,172.090909090909,1578.677596,58.8181818181818,53.48002201,21753.9090909091,29282.54803,230.363636363636,14.40052097,215.636363636364,10.27959403,183.454545454545,49.65090616,68.8181818181818,63.26427197,59,15.34553868,508.454545454545,90.09213851,780.181818181818,36.05342738,37237.7272727273,6080.90909090909,6.12438736672727,0.163429551545455,38.47,24.94
"Bird Island","BI10","BI10.11",1.4387,"BI10_1.4387",443,438.2,439.3,438.7,438.7,0.55,6060,6458,6321,6306,199,0.04185,0.00137,21705.5833333333,62291.0833333333,1.38666666666667,27.8333333333333,1374.155784,320.083333333333,5399.551536,105.166666666667,564.5866399,46.8333333333333,46.9486511,16872.6666666667,32219.65007,132.166666666667,8.58191768,189.833333333333,10.7534478,151,67.64965696,13.6666666666667,53.82896824,31.5833333333333,5.803580829,401.333333333333,91.69283278,635,11.59992701,34770.3333333333,5511.41666666667,6.31023463075,0.158541358,40.76,19.97
"Bird Island","BI10","BI10.11",1.4463,"BI10_1.4463",449,445.8,446.8,446.3,446.3,0.525,6176,6580,6410,6403,202,0.09592,0.00314,24876.8181818182,74235.3636363636,1.41545454545455,48.1818181818182,959.6082071,365.363636363636,7612.230803,122,383.0841407,68.6363636363636,68.97052291,20380.3636363636,16700.79088,134.818181818182,1.309662683,218.545454545455,2.705794836,172,30.41424683,6.27272727272727,18.55755468,50.8181818181818,4.177557871,388.090909090909,107.4610267,883.545454545455,9.694411847,41371.8181818182,6320.18181818182,6.54998030436364,0.15280435,43.13,19.95
"Bird Island","BI10","BI10.12",1.453,"BI10_1.453",461,452.4,453.6,453,453,0.6,6271,6663,6472,6471,196,0.09957,0.00314,16602.5384615385,58318.2307692308,1.34923076923077,54.0769230769231,6631.161901,378.230769230769,11154.85179,331.076923076923,3810.984322,147.153846153846,355.0818916,28176.4615384615,37075.7818,233.692307692308,5.309682165,122.692307692308,5.648759577,115.692307692308,28.74922169,18.6923076923077,50.41642497,138.615384615385,25.0506238,1027.38461538462,263.6699608,552.384615384615,61.68487759,20744.5384615385,4311.46153846154,4.79991788846154,0.211779540384615,6.68,56.84
"Bird Island","BI10","BI10.12",1.4581,"BI10_1.4581",465,457.6,458.7,458.1,458.1,0.55,6333,6707,6522,6522,187,0.09957,0.00297,20723.5833333333,52309.4166666667,1.34166666666667,30.8333333333333,5147.889503,259,11483.54156,157.083333333333,2897.539841,67.1666666666667,201.9552017,5935.08333333333,29511.5462,59.5,4.280007535,183.916666666667,7.193324268,122.583333333333,39.15988603,8.25,62.26601894,136.916666666667,21.73821403,937.25,227.4544094,796.583333333333,60.0329846,35060.6666666667,5630.16666666667,6.23235880241667,0.160807435083333,18.03,31.85
"Bird Island","BI10","BI10.12",1.4634,"BI10_1.4634",469,462.9,463.9,463.4,463.4,0.5,6429,6767,6573,6579,169,0.08959,0.0024,21096.2727272727,57828.2727272727,1.35545454545455,53,5505.035933,402.090909090909,10269.18303,257.090909090909,3795.356029,96.1818181818182,311.4480017,12265.9090909091,35173.56997,100.454545454545,7.368448017,204.090909090909,6.263265577,150.363636363636,34.66157048,22.1818181818182,58.60550147,153,21.04953065,791.363636363636,198.7277638,733.818181818182,50.93045401,33982.4545454545,5654.09090909091,6.00792348690909,0.166712956363636,20.05,38.51
"Bird Island","BI10","BI10.12",1.4736,"BI10_1.4736",477,473.1,474.2,473.6,473.6,0.55,6590,7104,6791,6809,257,0.02308,0.0009,21065.1666666667,59893.8333333333,1.43166666666667,40.3333333333333,2516.983872,310.166666666667,6960.861032,156.166666666667,1199.537678,59.25,60.6622639,15211.0833333333,33521.67785,130.416666666667,21.80830378,183.833333333333,10.48832859,149.666666666667,46.69505839,37,136.0251037,127.666666666667,10.73581104,868.75,111.667296,744.416666666667,21.85695903,33467.75,5488.91666666667,6.09745183775,0.164073704916667,34.89,25.3
"Bird Island","BI10","BI10.12",1.4775,"BI10_1.4775",480,476.9,478,477.5,477.5,0.55,6625,7506,6943,6978,441,0.02308,0.00148,22437.0833333333,59727.8333333333,1.30833333333333,21.1666666666667,6175.999603,262.25,9855.628818,103.166666666667,3509.410749,46,115.4337622,9028.25,13189.89932,67.0833333333333,5.35222129,210.75,9.999536344,301.583333333333,89.58971424,18.6666666666667,35.42302354,83,30.35980649,827.166666666667,245.5928888,837.75,55.86097273,38904.9166666667,5975.08333333333,6.51251556358333,0.15357819325,34.43,24.08
"Bird Island","BI10","BI10.13",1.4915,"BI10_1.4915",519,491,492,491.5,491.5,0.5,6901,8101,7636,7600,600,0.02106,0.00168,21587.2727272727,62373.4545454545,1.33818181818182,17.2727272727273,790.4601626,305.909090909091,7012.381581,72.4545454545455,307.9839209,40.0909090909091,64.82600414,14940.0909090909,19102.04921,196,14.81752131,190.181818181818,14.68864067,224.545454545455,78.63602567,56.3636363636364,94.75874646,68.7272727272727,3.470088908,813.363636363636,131.8281488,709.818181818182,7.181000574,35579.7272727273,5895.09090909091,6.03513247845455,0.165775222090909,38.18,20.23
"Bird Island","BI10","BI10.13",1.4953,"BI10_1.4953",522,494.8,495.8,495.3,495.3,0.5,6973,8151,7817,7780,589,0.02106,0.00162,21632,65648.6363636364,1.41363636363636,26.7272727272727,3163.380594,346.727272727273,9040.006112,109.090909090909,1347.461524,51,87.95481953,20218.4545454545,17067.4608,143.363636363636,4.1377886,174.545454545455,13.66412704,193.909090909091,99.33071721,34.2727272727273,57.03901807,46.3636363636364,14.31278916,826.363636363636,224.4453244,670.545454545455,28.83560184,34173,5605.90909090909,6.09310645390909,0.164327659181818,34.66,23.11
"Bird Island","BI10","BI10.13",1.4992,"BI10_1.4992",525,498.7,499.7,499.2,499.2,0.5,7038,8243,8028,7965,603,0.02597,0.00199,21969.2,75244.2,1.42,54.8,6266.517708,495.9,11396.20863,167.4,2883.518514,120.7,169.8695081,32461.8,32079.57549,273.2,10.38268079,210.2,13.11407391,375.8,78.85879013,169.1,47.08824283,88.2,25.23019472,1238.5,262.4737246,658.3,49.62591564,30715.8,5547,5.5384849477,0.1812110093,29.37,27.05
"Bird Island","BI10","BI10.13",1.5045,"BI10_1.5045",529,503.9,505.1,504.5,504.5,0.6,7103,8320,8171,8096,608,0.04867,0.00372,22666.2,76962.9,1.376,37.9,1326.826528,555.3,7680.69076,91.7,440.1427786,67.6,77.40139067,31490.9,40180.34818,288.9,32.08267707,236,54.67369247,549.8,273.7512725,296.1,160.9095737,4.4,4.409343496,1130.4,198.8915063,631.5,8.837063052,33134.3,5557.3,5.9620553253,0.1679936634,36.58,18.25
"Isla Hermite","HER42PB","HER42PB1A",2.0028,"HER42PB_2.0028",3,2.5,3.1,2.8,2.8,0.6,-65,-42,-60,-58,12,0.4116,0.01546,19219.7142857143,52847.5714285714,1.32857142857143,69.2857142857143,5443.67845,441.857142857143,15948.18938,148.142857142857,1607.114721,119.714285714286,407.4375349,7603.42857142857,14682.28264,82.1428571428571,4.851245271,183.142857142857,4.965819612,113.714285714286,23.13004442,22.8571428571429,42.19689147,123.428571428571,17.13305574,675.571428571429,204.6688961,680.142857142857,8.791484806,31968.4285714286,5356.71428571429,5.96938572485714,0.167590926857143,24.32,20.52
"Isla Hermite","HER42PB","HER42PB1A",2.0056,"HER42PB_2.0056",5,5.3,5.9,5.6,5.6,0.6,-64,-19,-55,-51,23,0.4081,-0.1335,18524.2857142857,52431.2857142857,1.43285714285714,76,5975.780316,482.285714285714,16588.68048,157,1837.980819,154.142857142857,366.7929674,10177.8571428571,16189.75967,103,5.402833637,165.714285714286,5.507249153,100.428571428571,28.86151963,0.375,35.42095591,156.857142857143,22.17089462,1007.57142857143,214.4801797,652.142857142857,9.110923126,28922.4285714286,5319.57142857143,5.43927447285714,0.183999063857143,13.29,28.42
"Isla Hermite","HER42PB","HER42PB1A",2.0084,"HER42PB_2.0084",7,8.1,8.7,8.4,8.4,0.6,-64,3,-50,-44,33,0.3223,-0.21976,19518.2857142857,66067.8571428571,1.41857142857143,114.714285714286,5333.453521,559.714285714286,15380.19155,211,1832.527324,145.428571428571,315.5650704,25766,16934.94085,157,4.923853521,188.285714285714,4.900777465,113,28.38931831,14.5714285714286,31.93149296,125.285714285714,20.66172394,1022.14285714286,191.8197183,578.571428571429,8.621791549,27171.1428571429,5221.57142857143,5.20683413042857,0.192187451285714,13.37,70.39
"Isla Hermite","HER42PB","HER42PB1A",2.0112,"HER42PB_2.0112",9,10.9,11.5,11.2,11.2,0.6,-56,33,-29,-24,45,0.0853,-0.15703,20444,62930.4285714286,1.41428571428571,107.142857142857,5207.184,637,15558.14641,291.142857142857,1580.648497,157.857142857143,291.4015196,19232.2857142857,17138.00234,188.428571428571,4.715790685,172.571428571429,5.241528694,106.428571428571,33.07658228,0.375,27.71352621,155.428571428571,18.82353425,919.285714285714,198.4859127,781.285714285714,8.287638868,30279.8571428571,5440.42857142857,5.56645999028571,0.179760078571429,18.83,24.25
"Isla Hermite","HER42PB","HER42PB1A",2.0166,"HER42PB_2.0166",13,16.3,16.9,16.6,16.6,0.6,-46,192,27,40,119,0.0853,0.25802,18108,46364,1.38285714285714,72.4285714285714,5837.940234,338.428571428571,17669.83951,89.2857142857143,1819.746676,80.2857142857143,318.8457154,4260.57142857143,13667.24784,100.142857142857,5.347190156,178.571428571429,6.351383957,128.714285714286,33.89863255,1.14285714285714,28.93439766,115.428571428571,20.45548446,817.428571428571,217.6036906,695.285714285714,10.6404829,30612.2857142857,5399,5.67165761885714,0.176368679571429,17.19,28.09
"Isla Hermite","HER42PB","HER42PB1A",2.0208,"HER42PB_2.0208",16,20.5,21.1,20.8,20.8,0.6,-29,300,70,88,164,0.0885,0.16786,16870.4285714286,45596,1.31857142857143,71.8571428571429,6956.874444,379.428571428571,21182.64262,181.142857142857,2092.551562,136.285714285714,343.7990278,7323.71428571429,11986.74089,127.142857142857,4.922970952,188.142857142857,6.39350629,152.714285714286,28.97734663,3.42857142857143,27.00122448,133.714285714286,22.53472619,1071.85714285714,287.7800097,672.714285714286,20.13391113,26951.8571428571,5034.42857142857,5.35649387285714,0.186768369857143,14.42,32.86
"Isla Hermite","HER42PB","HER42PB1A",2.0264,"HER42PB_2.0264",20,26.1,26.7,26.4,26.4,0.6,2,355,144,152,177,0.0875,0.10392,16640.8571428571,45076.8571428571,1.39,89.4285714285714,5864.826617,545.571428571429,16828.03623,266.428571428571,2256.103454,149,382.915235,7554.14285714286,14179.20706,62.4285714285714,6.646599115,154.142857142857,7.84225117,109,41.9704529,18,36.91192497,127.428571428571,22.63461313,1007.71428571429,192.0094569,647.142857142857,11.10116946,26567.4285714286,4950.28571428571,5.36897401628571,0.186331493857143,16.08,31.48
"Isla Hermite","HER42PB","HER42PB1A",2.0334,"HER42PB_2.0334",25,33.1,33.6,33.4,33.4,0.5,56,419,226,231,182,0.0859,0.06884,15229.3333333333,49329.5,1.285,119.166666666667,8871.994311,444.833333333333,23025.53265,205.5,3140.602681,141.333333333333,585.3572459,17545.5,35487.97724,178.333333333333,9.632847657,135.666666666667,11.08791026,115.166666666667,61.64578206,13.3333333333333,47.90043877,214.333333333333,34.84930473,1003.66666666667,237.2807242,559.666666666667,16.78597985,21620,4560.16666666667,4.739217077,0.211144706666667,11.29,40.47
"Isla Hermite","HER42PB","HER42PB1A",2.0374,"HER42PB_2.0374",28,37.1,37.7,37.4,37.4,0.6,89,447,280,279,179,0.0859,0.05639,16567.1428571429,50035.5714285714,1.29857142857143,153.714285714286,7746.307975,703.285714285714,19806.58483,322,2780.927179,185.285714285714,509.8802514,13981.4285714286,25321.34917,103.714285714286,8.041928644,147,8.769207812,145.142857142857,43.74139458,9.71428571428571,42.59030524,202.714285714286,30.00680597,1057.71428571429,201.9638553,670.714285714286,18.09041528,24532.2857142857,4836.85714285714,5.07489128771429,0.197354673571429,11.66,36.82
"Isla Hermite","HER42PB","HER42PB1A",2.0415,"HER42PB_2.0415",31,41.2,41.7,41.5,41.5,0.6,154,482,329,328,164,0.0777,0.0399,18103,57895.3333333333,1.36,88.5,8706.157013,441.166666666667,23961.57686,292.666666666667,2482.596033,140.166666666667,510.7720501,20058.5,30348.25974,139.666666666667,8.722415009,161.5,8.979833284,116.5,34.73791874,2.5,44.27594323,172.833333333333,30.61922635,832,256.1176349,638.166666666667,12.6893661,26534.3333333333,5003.83333333333,5.30682681333333,0.188708828166667,10.53,41.37
"Isla Hermite","HER42PB","HER42PB1B",2.0543,"HER42PB_2.0543",48,54,54.5,54.3,54.3,0.6,345,599,494,477,127,0.1058,0.02929,18082.3333333333,48215.1666666667,1.32166666666667,73.3333333333333,4618.995032,413,16479.65741,166.5,1575.735639,108,285.4554922,6598.16666666667,13872.977,64.5,5.871694204,177.333333333333,11.09571628,89.1666666666667,27.8525667,4.5,30.62449678,122.166666666667,17.215285,818.333333333333,199.578966,649.666666666667,9.92564195,30065,5239.16666666667,5.7391223465,0.174285190666667,23.69,24.3
"Isla Hermite","HER42PB","HER42PB1B",2.057,"HER42PB_2.057",50,56.7,57.2,57,57,0.6,353,658,511,503,153,0.1062,0.0333,17197.5,45649.1666666667,1.32166666666667,59.1666666666667,3415.579205,334,10723.74092,135.333333333333,1161.29693,105.666666666667,213.0614752,5611.66666666667,10017.06936,154.5,4.139917554,185.666666666667,5.323592416,131,16.00316636,22.1666666666667,21.4504263,124.666666666667,12.67297664,988,119.2508257,719.166666666667,6.298210275,28348.8333333333,5327,5.32991025133333,0.187910044666667,16.5,31.01
"Isla Hermite","HER42PB","HER42PB1B",2.065,"HER42PB_2.065",56,64.7,65.2,65,65,0.6,401,788,586,587,194,0.0894,0.03031,18076.3333333333,47793.8333333333,1.28666666666667,64.5,4921.529077,374.666666666667,16718.31854,171.166666666667,1911.570392,90.6666666666667,318.8247,6873.33333333333,18126.438,148.666666666667,5.075843538,184,8.253068077,124.833333333333,36.18123,11.3333333333333,34.30741154,81.8333333333333,16.21679654,738.333333333333,197.3571738,609.333333333333,10.43275985,29846.3333333333,5216.5,5.72284521583333,0.174953757833333,24.94,19.89
"Isla Hermite","HER42PB","HER42PB1B",2.0702,"HER42PB_2.0702",60,69.9,70.4,70.2,70.2,0.5,426,913,634,644,243,0.0984,0.03793,17781,46809.5,1.38666666666667,35.6666666666667,7273.786524,260,20223.29166,94.3333333333333,2382.409952,99.8333333333333,443.5927218,6844.83333333333,18736.05749,91.5,6.595896427,184.166666666667,10.60653138,105,35.46679751,0.375,37.68347236,166.333333333333,25.92994062,855,220.559147,671.5,10.79469099,29104.6666666667,5165,5.63983548816667,0.1774536225,14.94,30.85
"Isla Hermite","HER42PB","HER42PB1B",2.074,"HER42PB_2.074",63,73.7,74.3,74,74,0.6,463,939,675,683,238,0.0985,0.03504,17712,46878.5714285714,1.27428571428571,46.2857142857143,5415.67046,338,17750.4328,113,1894.366875,98.1428571428571,330.5850441,6058.57142857143,13972.31801,95.7142857142857,6.245626149,180,8.570619866,138.714285714286,35.40585383,0.375,37.52964617,130.857142857143,20.04468741,942.142857142857,211.7085625,676.428571428571,11.40700042,29467,5378.57142857143,5.47949890142857,0.182522432571429,19.32,27.05
"Isla Hermite","HER42PB","HER42PB1B",2.0818,"HER42PB_2.0818",69,81.5,82,81.8,81.8,0.5,522,1022,756,761,250,0.1008,0.03369,15978.1666666667,51812.5,1.315,151,8945.422022,770,26370.11281,429,3316.178876,257.333333333333,654.0897303,18107.3333333333,29131.62831,139.5,11.02836,141.5,12.14358742,131.5,49.15261573,12.1666666666667,53.75514157,199.333333333333,36.0531191,1280.33333333333,255.3811775,555,18.6667827,22157.6666666667,4734.83333333333,4.68274331516667,0.213942830333333,10.75,43.91
"Isla Hermite","HER42PB","HER42PB1C",2.0869,"HER42PB_2.0869",80,86.5,87.2,86.9,86.9,0.6,570,1069,810,813,250,0.101,0.03175,18055.7142857143,56346.4285714286,1.37571428571429,128.857142857143,8976.759109,690.571428571429,26667.54291,292.428571428571,2867.600154,193.571428571429,567.7982591,17745,22528.01628,97.2857142857143,9.134399757,173,7.820727692,144.857142857143,39.76047449,3,44.16857409,187.142857142857,32.92937976,1144.71428571429,253.6262866,604.285714285714,14.95542664,26318.7142857143,5187.14285714286,5.07284320671429,0.197185605285714,5.43,51.54
"Isla Hermite","HER42PB","HER42PB1C",2.0951,"HER42PB_2.0951",86,94.8,95.4,95.1,95.1,0.6,642,1168,894,895,263,0.1013,0.03045,19653,52322,1.35571428571429,71.7142857142857,5721.295663,420.714285714286,19173.11646,163.285714285714,1937.934236,128.428571428571,360.8953237,7931.57142857143,16524.5867,93.4285714285714,5.668266146,186.571428571429,7.733471223,134.285714285714,34.52810771,0.375,29.23988643,143.428571428571,20.28673632,860.142857142857,218.7762183,681.285714285714,9.993117862,32171.8571428571,5696,5.65117711442857,0.177103843571429,23.93,22.75
"Isla Hermite","HER42PB","HER42PB1C",2.1005,"HER42PB_2.1005",90,100.2,100.8,100.5,100.5,0.6,679,1214,948,948,267,0.098,0.02824,19321,48265.2857142857,1.33571428571429,44.8571428571429,6594.697268,264,20274.4736,192.285714285714,2422.968415,75,431.4287933,3677,17616.22911,46.7142857142857,7.144032067,195.714285714286,7.374484715,118.285714285714,40.65077512,0.375,32.82610384,66.4285714285714,24.33687143,609.714285714286,219.7339196,700.857142857143,20.92027695,33249.5714285714,5509.71428571429,6.03166620114286,0.165839163142857,18.71,29.04
"Isla Hermite","HER42PB","HER42PB1C",2.102,"HER42PB_2.102",91,101.6,102.3,102,102,0.8,703,1223,965,964,260,0.0977,0.0271,19412.5,50895.25,1.35,56.5,5009.073815,374.375,15679.13954,126.75,1886.233337,106.875,299.9841868,6511.875,15409.2047,114.625,5.39869674,178,7.652397974,151.375,44.99762802,0.75,66.23589727,114.125,17.07719827,764,188.3177471,682.5,7.331532035,32436.625,5452.625,5.9509821335,0.16814798775,21.15,23.18
"Isla Hermite","HER42PB","HER42PB1C",2.1101,"HER42PB_2.1101",97,109.8,110.4,110.1,110.1,0.6,789,1301,1046,1047,256,0.0862,0.02155,15614.4285714286,46797.7142857143,1.33857142857143,154,7175.3422,770.428571428571,23770.8588,329.857142857143,2339.38198,215.571428571429,436.78518,12676,17175.5766,68.7142857142857,7.2536503,138.428571428571,6.6532882,105.857142857143,28.9478943,14.1428571428571,36.659792,182.571428571429,24.826568,1239.57142857143,254.965373,592.714285714286,15.9139461,22641,4695.71428571429,4.82405679771429,0.208906455857143,13.96,36.18
"Isla Hermite","HER42PB","HER42PB1C",2.1195,"HER42PB_2.1195",104,119.2,119.8,119.5,119.5,0.6,902,1374,1164,1156,236,0.1045,0.02184,19923.1428571429,53143.8571428571,1.33285714285714,48.2857142857143,6260.84885,308.428571428571,19931.45628,120.142857142857,1783.788743,82,323.6804956,8038,29105.71327,132,7.23671292,196.857142857143,8.016836814,103.142857142857,31.06311504,0.375,39.88560708,50,19.90308814,588.571428571429,231.5407717,686,9.931686372,33030.7142857143,5503.28571428571,6.00735003142857,0.166627611428571,23.09,23.17
"Isla Hermite","HER42PB","HER42PB1D",2.1276,"HER42PB_2.1276",118,127.3,127.8,127.6,127.6,0.6,995,1422,1241,1230,213,0.1098,0.01951,21380.6666666667,54446,1.33166666666667,40.1666666666667,5656.960644,284.666666666667,21097.44306,75.8333333333333,2617.070294,47.5,421.6584628,5676.83333333333,12943.05626,107.5,5.413025996,211.833333333333,7.99757167,126.5,27.88986141,0.375,25.82803284,44.3333333333333,18.26896274,390.333333333333,237.9234012,850.833333333333,19.67739493,37027.3333333333,6032.5,6.13830707316667,0.162994885166667,18.48,24.02
"Isla Hermite","HER42PB","HER42PB1D",2.1313,"HER42PB_2.1313",121,130.9,131.6,131.3,131.3,0.7,1038,1449,1273,1266,206,0.1008,0.0169,20689.75,51304.5,1.2575,32.5,3648.143898,305.625,15108.07419,56.5,1282.645911,34.375,195.5844371,2484.875,7988.703067,61.625,3.181449904,182.5,6.481861022,99.625,25.96709783,3.125,17.02060447,78.125,10.8681745,623,200.4648971,822.625,7.802635527,36857.25,6022.75,6.1228569995,0.163474090125,31.75,15.45
"Isla Hermite","HER42PB","HER42PB1D",2.1435,"HER42PB_2.1435",131,143.2,143.8,143.5,143.5,0.6,1244,1514,1395,1392,135,0.0907,0.00917,21521.1428571429,52980.2857142857,1.38714285714286,20.2857142857143,5049.87496,236.428571428571,16222.83208,27.4285714285714,1694.217096,14.4285714285714,259.3390696,2204.14285714286,12805.9724,112.571428571429,4.0172756,175,6.76410592,138.142857142857,22.2037868,0.375,20.90723648,37.2857142857143,15.70363184,261.714285714286,201.5309088,949,6.75540424,38842.8571428571,5957.14285714286,6.52279394757143,0.153384975857143,27.6,19.87
"Isla Hermite","HER42PB","HER42PB1D",2.151,"HER42PB_2.151",137,150.7,151.3,151,151,0.6,1378,1586,1481,1480,104,0.0631,0.0047,20867.7142857143,51355.5714285714,1.29571428571429,22.8571428571429,3309.7982,229.428571428571,14715.29986,37.5714285714286,1150.276453,28.7142857142857,172.5557713,1634.71428571429,6997.205183,95,2.856953727,217.428571428571,5.489630722,106.571428571429,20.00182283,1.28571428571429,15.64215778,38.8571428571429,9.202783759,484.714285714286,193.3528611,841.857142857143,5.180678081,37733.4285714286,6034.14285714286,6.25715998471429,0.159917825571429,38.92,15.95
"Isla Hermite","HER42PB","HER42PB1D",2.1595,"HER42PB_2.1595",144,159.2,159.8,159.5,159.5,0.6,1424,1936,1589,1615,256,0.0689,0.01115,19183.4285714286,49310.7142857143,1.33,59.1428571428571,5997.873908,388.428571428571,19331.44723,158.571428571429,2133.687133,100.714285714286,334.5877951,5211.14285714286,14513.69839,91.4285714285714,5.301363572,197.142857142857,7.080750354,75.2857142857143,29.54255159,0.375,29.06945023,79.1428571428571,21.18442756,813.857142857143,222.8833073,673.428571428571,11.73028539,32768.1428571429,5741.28571428571,5.708824831,0.175215551142857,13.94,30.56
"Isla Hermite","HER42PB","HER42PB1D",2.1632,"HER42PB_2.1632",147,162.9,163.5,163.2,163.2,0.6,1458,1990,1644,1669,266,0.0705,0.0115,18606.1428571429,49611.1428571429,1.32285714285714,89.4285714285714,4295.763522,467.142857142857,16304.49768,171.714285714286,1670.874143,117.285714285714,264.1328625,6882.71428571429,10760.96847,85,4.125981149,181.142857142857,7.101215107,130.714285714286,30.53387748,40,22.37893368,173.857142857143,15.49870515,800.142857142857,201.1247375,678.714285714286,9.839292734,31443.7142857143,5520.42857142857,5.69554318614286,0.175717168142857,19.42,20.29
"Isla Hermite","HER42PB","HER42PB1E",2.1696,"HER42PB_2.1696",158,169.3,169.9,169.6,169.6,0.6,1498,2157,1732,1760,330,0.077,0.01467,20354,50269.4285714286,1.24285714285714,36,1024.567593,206.714285714286,5436.594439,49.8571428571429,410.3823586,36.1428571428571,66.61077661,2647.85714285714,3223.639501,105.714285714286,1.260301438,179.571428571429,2.834914669,124.571428571429,7.835581975,4.57142857142857,7.99662512,69.1428571428571,4.023302013,436.714285714286,74.85729626,848.714285714286,2.834914669,36280.4285714286,5934,6.11475144085714,0.163658532142857,34.97,14.63
"Isla Hermite","HER42PB","HER42PB1E",2.1759,"HER42PB_2.1759",162,175.6,176.2,175.9,175.9,0.6,1556,2241,1819,1842,342,0.0767,0.01452,20130.2857142857,50336.7142857143,1.33142857142857,43,3756.973168,275.428571428571,14110.24974,69.4285714285714,1400.001342,55.4285714285714,211.0280805,2936,11941.27554,56.2857142857143,5.526713106,198.428571428571,27.22539319,99.1428571428571,42.45588235,3.14285714285714,30.50864809,81.2857142857143,12.28390196,556.285714285714,180.6386068,775.857142857143,7.531822497,35854.4285714286,5720,6.27257300114286,0.159525364428571,28.68,16.89
"Isla Hermite","HER42PB","HER42PB1E",2.1822,"HER42PB_2.1822",166,181.9,182.5,182.2,182.2,0.6,1629,2326,1912,1929,349,0.0665,0.01225,20612.1428571429,53111.4285714286,1.30142857142857,33.4285714285714,3191.150345,250,13479.76097,63,914.3215586,48.4285714285714,153.4316483,4452.42857142857,10687.50441,140.142857142857,2.678001972,219.285714285714,5.932120552,133.571428571429,20.43760841,0.375,16.5256,17.1428571428571,7.299756414,527.428571428571,178.3340179,821.571428571429,6.704264966,36370.4285714286,5935.85714285714,6.12891463385714,0.163235184857143,36.6,15.19
"Isla Hermite","HER42PB","HER42PB1E",2.1952,"HER42PB_2.1952",174,194.9,195.5,195.2,195.2,0.6,1770,2504,2112,2118,367,0.0712,0.01256,20043,50000.2857142857,1.27857142857143,24.5714285714286,3125.582355,246.857142857143,14253.70812,56.2857142857143,982.7018051,42.4285714285714,143.7066162,2014.42857142857,6996.743289,76.5714285714286,4.257107492,206.571428571429,4.605044162,130.285714285714,16.48459618,24.2857142857143,37.24969056,85.5714285714286,8.233526579,438.428571428571,188.1781856,810.285714285714,5.05239131,36906.1428571429,5769,6.39842373785714,0.156312151142857,36.7,15.72
"Isla Hermite","HER42PB","HER42PB1E",2.2028,"HER42PB_2.2028",179,202.5,203,202.8,202.8,0.6,1850,2609,2223,2225,379,0.0698,0.01209,19380.6666666667,48564.8333333333,1.32166666666667,30,5457.248831,293.333333333333,19005.72883,68,2108.785455,52.6666666666667,365.7716364,3135.16666666667,13791.08364,73,5.441252987,180.666666666667,7.643347532,118,26.97965714,0.375,33.08473766,54.6666666666667,19.53359169,590.333333333333,225.088187,753.666666666667,10.66656208,34223.6666666667,5583.83333333333,6.13714979666667,0.163567939666667,33.7,13.82
"Isla Hermite","HER42PB","HER42PB1F",2.2084,"HER42PB_2.2084",189,208.1,208.7,208.4,208.4,0.6,1905,2702,2305,2306,398,0.0691,0.01213,20352.5714285714,51142.8571428571,1.40857142857143,43.4285714285714,2756.113305,303.857142857143,10921.53411,88.2857142857143,775.5257867,73.1428571428571,131.1007878,3089.42857142857,11345.31869,53,2.424955924,225.857142857143,6.281092925,121.285714285714,32.78276452,0.375,17.72327666,117.428571428571,7.558500739,690.285714285714,150.0197423,732,6.063146568,35784.2857142857,5777.57142857143,6.20256614142857,0.16146801,37.11,14.66
"Isla Hermite","HER42PB","HER42PB1F",2.2112,"HER42PB_2.2112",191,210.9,211.5,211.2,211.2,0.7,1953,2736,2350,2349,392,0.064,0.01087,21062.1428571429,52534.4285714286,1.31,41.4285714285714,2828.534907,267,13096.11662,59.4285714285714,993.0986057,34.8571428571429,174.0963235,2390.42857142857,8584.603441,77.4285714285714,2.969961652,203.428571428571,7.062851662,138.857142857143,17.54257349,0.375,19.13786718,56.8571428571429,7.439046804,413.285714285714,166.9684155,760.142857142857,6.36986061,37614.7142857143,6008.71428571429,6.26126819771429,0.159749237857143,36.01,18.91
"Isla Hermite","HER42PB","HER42PB1F",2.2196,"HER42PB_2.2196",197,219.3,219.9,219.6,219.6,0.6,2073,2832,2491,2479,379,0.0547,0.00852,18981.5714285714,48712.1428571429,1.35428571428571,44.7142857142857,3423.57602,355.714285714286,13147.58443,108.142857142857,599.0527127,69.4285714285714,107.6482229,4555.14285714286,7683.311513,67.5714285714286,3.689626761,182.428571428571,5.405800223,123,15.70576463,0.375,34.46965096,105,7.303239025,699.857142857143,192.3751513,694.142857142857,4.803531513,32498.4285714286,5487.42857142857,5.92125833228571,0.168963469428571,38.56,14.14
"Isla Hermite","HER42PB","HER42PB1F",2.2237,"HER42PB_2.2237",200,223.4,224,223.7,223.7,0.6,2190,2867,2565,2554,338,0.0545,0.00736,20205.8571428571,51089,1.25571428571429,27.5714285714286,2194.360902,261.571428571429,11323.61093,78.7142857142857,690.7048329,51.1428571428571,104.6054626,2363.14285714286,9567.109814,39,2.746114854,187.428571428571,5.360618674,123.857142857143,16.67157469,5.71428571428571,22.71049639,65.7142857142857,4.662067798,607.428571428571,171.3980626,799.428571428571,2.662592467,36589.5714285714,5885.28571428571,6.22053582985714,0.160866099428571,40.66,11.64
"Isla Hermite","HER42PB","HER42PB1F",2.2306,"HER42PB_2.2306",205,230.3,230.9,230.6,230.6,0.6,2304,2968,2694,2679,332,0.0571,0.00723,19974,51093.8571428571,1.28428571428571,42.4285714285714,2525.307497,305.285714285714,11871.90515,107,549.7826232,62.4285714285714,83.17074012,3231,5459.728289,58,2.27561944,190.285714285714,3.651541303,94.7142857142857,16.66345413,5.14285714285714,20.69597487,102.285714285714,4.800340815,673.285714285714,190.1380415,766.571428571429,3.129892546,35404.1428571429,5789.71428571429,6.11719991457143,0.1635425,43.84,11.57
"Isla Hermite","HER42PB","HER42PB1F",2.2361,"HER42PB_2.2361",209,235.8,236.4,236.1,236.1,0.6,2465,3006,2789,2776,271,0.0569,0.00568,17822.7142857143,45813,1.35571428571429,36.1428571428571,5697.238235,276.428571428571,21435.85886,88.1428571428571,1725.260893,61.1428571428571,306.2265551,4167,11114.88978,69,5.029922831,153.571428571429,6.72326864,74.2857142857143,24.69330757,0.375,25.50832915,85.8571428571429,18.92485386,671.857142857143,248.0408721,615.857142857143,10.2233775,30762.5714285714,5317.57142857143,5.78228638385714,0.173037638,17.61,26.83
"Isla Hermite","HER42PB","HER42PB1F",2.2387,"HER42PB_2.2387",211,238.4,239,238.7,238.7,0.6,2499,3039,2838,2822,270,0.0598,0.00585,18944.2857142857,49520.5714285714,1.26571428571429,47.2857142857143,5573.411793,318.428571428571,18063.59942,98.4285714285714,2165.153606,73.8571428571429,346.4020468,4686.71428571429,13675.84016,82.8571428571429,5.877569688,201.714285714286,7.291340643,129.571428571429,32.30269493,1.85714285714286,29.23295322,67.8571428571429,21.81206384,671.285714285714,211.4460624,797.428571428571,23.116,33289.7142857143,5649.71428571429,5.89320515157143,0.16973721,26.49,22.09
"Isla Hermite","HER42PB","HER42PB1F",2.2414,"HER42PB_2.2414",213,241.1,241.7,241.4,241.4,0.6,2584,3066,2875,2863,241,0.0723,0.00626,19740.1428571429,50887.5714285714,1.26,70.8571428571429,4695.135297,454.857142857143,16570.75403,110.285714285714,1731.529863,65.1428571428571,288.8091125,4459.14285714286,12238.61735,121.428571428571,4.779923294,179.714285714286,6.769791583,114.285714285714,30.25871619,0.375,26.6817226,89.2857142857143,16.08852231,840.857142857143,202.828785,719.571428571429,9.612839085,34229.2857142857,5840.85714285714,5.85572014871429,0.171492660857143,18.77,24.53
"Isla Hermite","HER42PB","HER42PB1G",2.2417,"HER42PB_2.2417",220,241.3,242,241.7,241.7,0.7,2599,3070,2879,2868,235,0.0702,0.00596,20765.7142857143,52891.8571428571,1.27142857142857,53.8571428571429,4695.135297,373.714285714286,16570.75403,98.5714285714286,1731.529863,69.8571428571429,288.8091125,3969.28571428571,12238.61735,111.285714285714,4.779923294,205.285714285714,6.769791583,131,30.25871619,0.375,26.6817226,75.7142857142857,16.08852231,665.857142857143,202.828785,791.857142857143,9.612839085,36491.1428571429,6042.57142857143,6.039889401,0.165761661857143,25.89,23.96
"Isla Hermite","HER42PB","HER42PB1G",2.2553,"HER42PB_2.2553",230,255,255.6,255.3,255.3,0.6,2877,3206,3035,3036,164,0.1044,0.00589,21342.8571428571,52047.2857142857,1.24428571428571,12.4285714285714,4369.778556,214.571428571429,16688.31951,23.4285714285714,1581.334342,26.2857142857143,300.501993,1027.57142857143,12270.07289,80.5714285714286,5.122309014,208.428571428571,7.561017887,124.285714285714,20.55300982,1.57142857142857,29.3359331,11.4285714285714,13.37718549,273.285714285714,196.4487137,922.714285714286,9.298215317,39484.2857142857,6027.85714285714,6.55231732942857,0.152664847857143,29.5,18.25
"Isla Hermite","HER42PB","HER42PB1G",2.2621,"HER42PB_2.2621",235,261.8,262.4,262.1,262.1,0.6,2923,3318,3096,3102,197,0.0962,0.00634,21267.2857142857,52214.7142857143,1.29571428571429,21.2857142857143,1649.869327,231.142857142857,10268.05232,36.2857142857143,511.753571,24,77.97233518,1125,5669.96572,58.1428571428571,1.696042582,201.142857142857,5.647978456,93.7142857142857,15.90778555,0.375,21.94878635,48.2857142857143,3.053481296,350.428571428571,171.610596,864.142857142857,2.248747432,39353.4285714286,6129.14285714286,6.422978064,0.155743788571429,38.71,16.62
"Isla Hermite","HER42PB","HER42PB1G",2.2675,"HER42PB_2.2675",239,267.2,267.8,267.5,267.5,0.6,2957,3395,3154,3159,219,0.0969,0.00694,21636.1428571429,53230.2857142857,1.35285714285714,26.2857142857143,2991.060367,292.428571428571,13752.84253,45.2857142857143,979.9509916,43.8571428571429,165.9363359,1212,6876.421266,79.2857142857143,2.30494227,210.857142857143,6.480173586,110.714285714286,12.73174274,0.375,17.94697181,20.4285714285714,7.318389831,511.428571428571,185.0171857,870,5.029297468,38993,6154,6.336945569,0.157871512142857,34.49,16.42
"Isla Hermite","HER42PB","HER42PB1H",2.284,"HER42PB_2.284",259,283.7,284.3,284,284,0.6,3080,3581,3314,3318,250,0.0974,0.00753,21285.5,52562.3333333333,1.38,32.6666666666667,3156.428577,328.833333333333,13600.89319,63.5,1299.51414,53.3333333333333,181.7526989,2705.33333333333,7738.954402,63.3333333333333,2.990729658,214.666666666667,5.937997306,98.3333333333333,15.51050531,0.375,20.09031476,96.8333333333333,9.789818065,597.5,188.000363,838.833333333333,8.928726964,37715.8333333333,5874.83333333333,6.42395658466667,0.155791765333333,36.3,16
"Isla Hermite","HER42PB","HER42PB1H",2.2853,"HER42PB_2.2853",260,285,285.6,285.3,285.3,0.6,3088,3597,3327,3332,254,0.0982,0.0077,20720.1428571429,52205.5714285714,1.35857142857143,32.4285714285714,3752.970488,286.142857142857,15125.15668,66.2857142857143,1317.861996,62,232.242995,3536.14285714286,11631.52569,53.5714285714286,4.563779045,201.714285714286,7.744414081,120.428571428571,17.5903724,0.375,32.04482347,134.571428571429,10.85946901,590.857142857143,193.4016881,793.142857142857,6.233090779,36395.4285714286,6051.85714285714,6.01450770028571,0.166309890142857,29.26,22.13
"Isla Hermite","HER42PB","HER42PB1H",2.2906,"HER42PB_2.2906",264,290.3,290.9,290.6,290.6,0.6,3129,3669,3382,3386,270,0.1015,0.0083,22639.5714285714,55004.4285714286,1.28285714285714,16.8571428571429,2146.234669,271.285714285714,11805.42446,45.5714285714286,661.2738356,36.4285714285714,99.43200238,1202.57142857143,5101.984158,58.7142857142857,1.567442911,211.285714285714,5.249374812,95.1428571428571,11.06280232,0.375,13.25098663,29.4285714285714,4.53509703,340.285714285714,176.9254729,911.142857142857,4.356527584,41158.8571428571,6418,6.41397940742857,0.155939676285714,42.87,14.12
"Isla Hermite","HER42PB","HER42PB1H",2.2973,"HER42PB_2.2973",269,297,297.6,297.3,297.3,0.6,3202,3735,3448,3451,266,0.101,0.00799,21210.4285714286,53617.7142857143,1.35428571428571,32.1428571428571,3230.055285,311.714285714286,14687.33659,71.8571428571429,1159.633301,70,200.6979642,3615.42857142857,9470.00065,93.8571428571429,3.348828618,196,5.562068293,100.714285714286,21.54142699,0.375,22.23958244,37.7142857142857,9.064433171,511.142857142857,188.3571252,818.857142857143,6.112481301,37505.7142857143,6051,6.20071406385714,0.161336665428571,33.63,17.41
"Isla Hermite","HER42PB","HER42PB1H",2.3026,"HER42PB_2.3026",273,302.3,302.9,302.6,302.6,0.6,3267,3773,3502,3505,253,0.0974,0.00722,21475,53632.5714285714,1.3,17.2857142857143,2161.527815,295.142857142857,11153.06418,33.2857142857143,705.6349353,35.8571428571429,105.939325,2546,8155.795786,115.571428571429,3.220383438,190.571428571429,4.967669945,88.2857142857143,20.15831002,0.375,25.45930847,94.4285714285714,4.725737967,380.285714285714,157.6321242,826.285714285714,8.263321109,38969.4285714286,6163.71428571429,6.32679683714286,0.158162066428571,39.5,14.62
"Isla Hermite","HER42PB","HER42PB1H",2.3096,"HER42PB_2.3096",278,309.3,309.9,309.6,309.6,0.6,3339,3837,3573,3576,249,0.1135,0.00813,20365.4285714286,51957,1.28714285714286,37,3158.319141,344.142857142857,13037.74795,77.1428571428571,1244.681812,67.7142857142857,206.3664659,4287.71428571429,12716.46571,128.285714285714,4.839313706,200.285714285714,5.338448611,118,42.22566553,0.375,22.96594282,37,9.013114206,663.857142857143,168.1855143,800.571428571429,6.305163916,35924.8571428571,5911.14285714286,6.08103534685714,0.164658041142857,33.1,19.49
"Isla Hermite","HER42PB","HER42PB1H",2.3139,"HER42PB_2.3139",281,313.5,314.2,313.9,313.9,0.6,3387,3864,3612,3613,238,0.1145,0.00779,20227,52898.375,1.30125,53,4932.545491,381.375,17576.4553,154.75,1777.250694,87.5,298.9077106,5864.875,13604.27869,128.75,4.807527056,188.75,9.578116848,122.125,20.93774638,0.375,26.98125114,61.375,15.03062537,712.75,209.1785709,774.25,13.76339306,34956.625,5984.25,5.843452779875,0.171201938375,24.24,21.2
"Isla Hermite","HER42PB","HER42PB1I",2.3213,"HER42PB_2.3213",293,321,321.6,321.3,321.3,0.6,3451,3936,3678,3680,243,0.1032,0.007,21201.3333333333,54004.5,1.27833333333333,29.8333333333333,3296.461851,270,14146.65191,51.8333333333333,1032.997546,53.6666666666667,170.6622359,3091.16666666667,9836.302432,82.5,3.707856044,207.333333333333,5.191529292,121.833333333333,23.03276646,5.16666666666667,31.26595862,64.6666666666667,8.511878548,497.5,192.532482,868.5,4.206837387,38393.6666666667,6108.83333333333,6.285463615,0.159113677333333,38.44,18.87
"Isla Hermite","HER42PB","HER42PB1I",2.3324,"HER42PB_2.3324",301,332.1,332.7,332.4,332.4,0.6,3603,4031,3782,3789,214,0.0974,0.00567,21696,54046.1428571429,1.34285714285714,25.5714285714286,3630.013724,297.571428571429,15132.67009,38,1399.073387,29.5714285714286,224.410619,2765.42857142857,11924.50104,101,4.871365568,220.285714285714,5.051388454,127.142857142857,32.86089404,0.375,47.12837952,26.2857142857143,9.181167207,405,187.3581473,820,6.169142495,39013.2857142857,5974.42857142857,6.53313816128571,0.153142987428571,39.21,16.04
"Isla Hermite","HER42PB","HER42PB1I",2.3353,"HER42PB_2.3353",303,334.9,335.6,335.3,335.3,0.7,3659,4052,3811,3819,197,0.0974,0.0052,21537,54131.75,1.33,26.375,1910.49941,285.25,11158.13864,40.375,439.3035398,33,71.0193117,3311.5,11671.94395,60.875,4.458688299,202.875,5.180870206,110.375,45.18632252,0.375,53.63556539,68.625,3.476749263,498.75,170.2979154,761.75,4.344509341,38551,6039.25,6.3841926965,0.156657212,45.27,12.89
"Isla Hermite","HER42PB","HER42PB1I",2.3479,"HER42PB_2.3479",312,347.6,348.2,347.9,347.9,0.6,3787,4310,3997,4013,262,0.055,0.00368,22467.8571428571,54889.8571428571,1.30285714285714,17,1824.238565,309.142857142857,11213.62735,47,512.3554916,32.8571428571429,81.69856209,1735.57142857143,3792.695713,76.5714285714286,1.647634055,208.428571428571,4.609934349,128.571428571429,15.18090345,0.375,12.9771423,25.2857142857143,3.653537431,507,172.0502391,868.571428571429,2.975457077,40399.7142857143,6398.71428571429,6.31672981114286,0.158383426857143,37.87,12.84
"Isla Hermite","HER42PB","HER42PB1I",2.3546,"HER42PB_2.3546",317,354.3,354.9,354.6,354.6,0.6,3880,4476,4140,4150,298,0.0466,0.00342,18684.7142857143,49720.8571428571,1.23857142857143,66.4285714285714,6392.588844,561.571428571429,21625.13237,169.285714285714,2190.796475,128.428571428571,370.2795254,6776.14285714286,14268.60462,121.714285714286,5.815379919,195.142857142857,9.34212645,165.857142857143,26.73054531,0.375,30.15916633,171.571428571429,19.34515712,1046.71428571429,233.1635452,668.714285714286,13.66253525,30763.1428571429,5509.42857142857,5.58631970442857,0.179152927142857,19.91,27.24
"Isla Hermite","HER42PB","HER42PB1I",2.3586,"HER42PB_2.3586",320,358.3,358.9,358.6,358.6,0.7,3920,4598,4230,4236,339,0.0474,0.00387,17821,46478.1428571429,1.33142857142857,81.1428571428571,4495.825694,548.428571428571,17533.72021,136.285714285714,1567.919211,104.857142857143,262.5621361,5390.28571428571,10730.82606,79.8571428571429,4.010749764,191.857142857143,8.272910832,129.142857142857,24.02900522,1.42857142857143,26.45734265,123.571428571429,13.39282812,923.142857142857,213.4629871,660.142857142857,10.06828333,29716.8571428571,5279,5.63318610528571,0.177768921285714,29.82,20.23
"Isla Hermite","HER42PB","HER42PB1J",2.3616,"HER42PB_2.3616",329,361.3,361.9,361.6,361.6,0.6,3981,4660,4290,4297,340,0.0511,0.00412,16970.8571428571,46997.1428571429,1.31714285714286,112.571428571429,7640.061698,626,25617.84304,279,2459.596002,163.428571428571,478.1053801,9278.42857142857,19294.05726,96.1428571428571,8.019375617,174.571428571429,8.373213228,80.4285714285714,34.81762093,3,40.93193485,185,22.50407206,1246.28571428571,261.5567621,605.285714285714,15.26880059,26105.1428571429,5153.42857142857,5.067445321,0.197464332,15.51,33.38
"Isla Hermite","HER42PB","HER42PB1J",2.37,"HER42PB_2.37",335,369.7,370.2,370,370,0.6,4092,4837,4458,4460,372,0.0516,0.00438,17845,48686.6666666667,1.32333333333333,76.6666666666667,7405.052803,508.833333333333,23158.71471,166.166666666667,2487.088223,133,488.9858648,8776.5,21529.71781,52.6666666666667,9.69654668,183.5,9.940322624,94.8333333333333,43.85099046,3.5,64.61496501,129.666666666667,26.16719666,931,242.5140453,715.5,20.70374755,28629,5251.33333333333,5.45211887966667,0.183521372333333,11.9,35.29
"Isla Hermite","HER42PB","HER42PB1J",2.377,"HER42PB_2.377",340,376.7,377.3,377,377,0.6,4223,4930,4602,4596,353,0.0518,0.00407,20578.4285714286,54970.1428571429,1.37571428571429,27,6938.306145,324,20268.84804,57.4285714285714,2279.040838,39.8571428571429,412.4972905,7463.85714285714,23564.0081,163,6.815172626,215.857142857143,14.36379274,119.142857142857,35.30719832,0.375,38.30523184,33.4285714285714,23.87451872,388,229.7243184,737.571428571429,10.85448743,35840.8571428571,5797.28571428571,6.18401458471429,0.161743845142857,17.67,26.51
"Isla Hermite","HER42PB","HER42PB1J",2.38,"HER42PB_2.38",342,379.6,380.3,380,380,0.6,4267,4992,4665,4654,362,0.0557,0.00443,20230.5,52165.25,1.32875,23.125,8950.558177,276.875,24808.64122,58.375,2482.192492,37.875,468.1176464,4447,19367.63702,82.75,6.870330497,177.625,8.283716354,109.5,39.39945912,3,38.04452155,51.125,26.1051305,388,258.8993453,751.375,16.12641381,36434.625,5663.75,6.43615001425,0.1554366815,9.72,38.84
"Isla Hermite","HER42PB","HER42PB1J",2.3856,"HER42PB_2.3856",346,385.3,385.9,385.6,385.6,0.6,4432,5044,4758,4755,306,0.0555,0.00366,19025.1428571429,49001.7142857143,1.32857142857143,37.8571428571429,2336.807871,327.571428571429,10578.61869,93,931.8953279,82.1428571428571,132.2391605,4640.14285714286,28458.15526,89.2857142857143,4.4576731,174.428571428571,6.187784978,103,33.54823181,0.375,28.66381491,94.8571428571429,6.326605247,639.142857142857,150.1829657,759.857142857143,3.63246372,33196.7142857143,5464.28571428571,6.07763009142857,0.164707643857143,42.29,15.22
"Isla Hermite","HER42PB","HER42PB1J",2.3899,"HER42PB_2.3899",349,389.6,390.2,389.9,389.9,0.6,4505,5110,4840,4833,302,0.0566,0.00363,16655.8571428571,44073.7142857143,1.35,78.2857142857143,4675.210641,434.714285714286,15306.70025,123.285714285714,1260.681432,101.571428571429,253.2933803,4720.71428571429,22717.61164,64.2857142857143,4.917649378,131,6.573395751,81,29.94669397,14.7142857142857,23.73971131,159.428571428571,14.32868034,912.571428571429,171.0846086,645.428571428571,7.44121623,28745,5057.14285714286,5.68321508828571,0.176098100714286,34.13,22.65
"Isla Hermite","HER42PB","HER42PB1J",2.3943,"HER42PB_2.3943",352,394,394.6,394.3,394.3,0.6,4674,5148,4912,4910,237,0.0562,0.0028,19082.5714285714,50454.4285714286,1.33285714285714,41,3450.956197,368.285714285714,14483.51439,118.428571428571,1130.676773,78.2857142857143,183.982931,6350,10907.12191,90.7142857142857,2.854988022,166.714285714286,7.039017163,116.285714285714,21.79382396,0.375,16.6275996,84.1428571428571,11.48762934,670.142857142857,184.4496706,732.571428571429,5.635881127,32928.1428571429,5305.71428571429,6.20618695971429,0.161260645571429,33.91,18.65
"Isla Hermite","HER42PB","HER42PB1J",2.3957,"HER42PB_2.3957",353,395.4,396,395.7,395.7,0.6,4721,5164,4936,4935,221,0.0562,0.00261,18728.7142857143,50460.8571428571,1.29571428571429,65.1428571428571,6847.805483,469,20434.06435,166.142857142857,2039.268789,99.5714285714286,341.6514086,7525,13769.49752,97.7142857142857,4.926755175,183,7.826063409,103.857142857143,21.85564158,0.375,27.36166731,86.8571428571429,19.78681817,727.428571428571,233.8952637,742.142857142857,9.132377618,31663.7142857143,5302.71428571429,5.97320846342857,0.167477634285714,28.33,32.61
"Kerguelen","KER1","CAT1.1A",3.0007,"KER1_3.0007",1,0,1.4,0.7,0.7,0.7,-66,-37,-57,-55,15,0.06522,0.04802,21128.75,48795.75,1.3875,41,6749.372655,153,20764.4876,27.5,8034.582758,719.5,614.0518172,2054.5,32678.58936,76.25,16.33205694,187,26.27212126,62,24.69368632,47,74.45665889,115.5,4.612179656,471.25,138.036883,623.5,93.81158408,36172,5541.5,6.5242063205,0.15329975375,29.74,25.95
"Kerguelen","KER1","CAT1.1A",3.0039,"KER1_3.0039",3,3.1,4.7,3.9,3.9,0.8,-62,96,-15,-7,79,0.064,-0.70916,14967.4117647059,49334,1.34235294117647,48.8823529411765,8470.459825,371.058823529412,24349.44729,342.470588235294,10205.77283,164.764705882353,553.5802331,20505.0588235294,48738.7654,265.823529411765,18.68861595,148.411764705882,39.93389191,92,26.74331214,16.4705882352941,81.89432683,86.2941176470588,6.928285046,724.823529411765,172.0332159,566.117647058824,130.2830932,20162.6470588235,4087.05882352941,4.921745546,0.203875801529412,17.74,32.36
"Kerguelen","KER1","CAT1.1A",3.0071,"KER1_3.0071",5,6.4,7.8,7.1,7.1,0.7,-44,156,39,45,100,0.06087,0.14127,17856.5333333333,63331.2666666667,1.37933333333333,111.133333333333,7270.581826,543.266666666667,18719.29689,533.2,11837.89698,158.8,433.6021987,31088.1333333333,40886.55616,248.533333333333,15.75984242,185.533333333333,28.84382633,90.4,26.49605516,23.0666666666667,74.54857758,90.5333333333333,8.457485532,775.266666666667,154.8814977,600,132.8980564,22545.6666666667,4478.46666666667,5.0158355184,0.201586507466667,9.44,58.6
"Kerguelen","KER1","CAT1.1A",3.0099,"KER1_3.0099",7,9.3,10.6,9.9,9.9,0.675,-33,222,88,92,128,0.05357,0.0779,21546.3571428571,63213.7142857143,1.38142857142857,52.1428571428571,2638.458059,244.428571428571,7892.84278,192.428571428571,3166.073488,74.0714285714286,145.6542648,19220.2857142857,18707.63044,201.5,5.990333136,225.357142857143,14.90398608,101.714285714286,12.73383553,3.78571428571429,27.27598299,54.9285714285714,2.597921886,312.5,65.34606485,758.857142857143,43.42615035,34171.8571428571,5453.28571428571,6.27281396307143,0.159645525071429,29.36,17.49
"Kerguelen","KER1","CAT1.1A",3.0114,"KER1_3.0114",8,10.7,12,11.4,11.4,0.65,-2,231,125,120,117,0.05185,0.0533,18073.1428571429,50747.7142857143,1.39357142857143,104.5,7029.037339,485,23057.20465,433.142857142857,9442.994519,104.928571428571,372.8583737,12891.4285714286,35630.07615,143.428571428571,14.56260068,200.928571428571,31.14535059,120.857142857143,25.82156005,8.64285714285714,65.36111894,64.6428571428571,4.555799076,646.571428571429,143.4502871,670.857142857143,114.5251759,27758.2142857143,5068,5.441802038,0.185652934857143,16.72,28.2
"Kerguelen","KER1","CAT1.1A",3.0128,"KER1_3.0128",9,12.1,13.6,12.8,12.8,0.725,17,240,179,147,112,0.05172,0.04216,20860.6875,54932.3125,1.32875,49.375,3048.627916,320.6875,8068.846686,307.6875,3112.020149,74.6875,137.6502423,9088,13008.32214,77.25,5.221829427,227.6875,13.60485991,125.1875,19.18499137,12.5,28.74841778,63.375,4.22647584,385.125,73.24363877,852.4375,41.3224873,35799.1875,5683.0625,6.2835385715,0.1600421338125,29.69,19.14
"Kerguelen","KER1","CAT1.1A",3.0158,"KER1_3.0158",11,15.1,16.5,15.8,15.8,0.7,75,310,242,212,118,0.0359,0.02149,21094.1333333333,53044.6,1.298,20.2,2675.023484,153.2,7023.833905,143.666666666667,3257.609478,45.2,116.7959682,4948.33333333333,9929.222192,86.8,4.215243411,212.8,10.86332373,104.266666666667,10.81206248,9.33333333333333,28.98839799,83.8666666666667,2.954910964,300.333333333333,66.66000584,879.733333333333,46.13258291,37836.9333333333,5968.2,6.34127521853333,0.157802914266667,34.9,19.77
"Kerguelen","KER1","CAT1.1A",3.0187,"KER1_3.0187",13,18,19.4,18.7,18.7,0.7,137,410,302,293,137,0.03488,0.01756,23650.5333333333,61225.3333333333,1.33533333333333,10.3333333333333,458.1692768,162.333333333333,1842.298409,84.7333333333333,338.8842864,46.4666666666667,22.55582026,8375.6,4020.387316,92.7333333333333,1.572869736,242.2,7.487431173,116.533333333333,3.298222114,4.33333333333333,11.6740324,40.8666666666667,0.811121884,125.266666666667,28.31046928,936.333333333333,11.60409855,42160.4,6328.66666666667,6.66395970853333,0.1501756108,50.19,15.96
"Kerguelen","KER1","CAT1.1A",3.0247,"KER1_3.0247",17,24,25.5,24.7,24.7,0.725,419,522,483,479,52,0.04571,0.00626,21313.25,55199.625,1.315625,21.6875,5071.624524,220.25,15295.91562,287,6877.170886,69,213.3189091,8722.1875,18207.37633,178.4375,6.986589224,217.1875,16.48989021,108.375,22.07333655,0.9375,44.32511103,58.25,3.976518253,486.3125,114.3906738,894.4375,97.8771987,36190,5810.9375,6.22101460775,0.160899842625,18.65,31.65
"Kerguelen","KER1","CAT1.1A",3.0293,"KER1_3.0293",20,28.6,30,29.3,29.3,0.7,525,645,568,573,60,0.05172,0.00665,22599.8,56713.0666666667,1.3,7.46666666666667,2197.636489,118.2,5707.668952,102.466666666667,2119.195067,41,70.00844714,6654.93333333333,11359.78762,96.6,5.66932153,235.8,15.34618164,125.866666666667,18.88934963,2.66666666666667,29.368275,28.3333333333333,3.67902566,198.133333333333,64.93648567,911.6,51.11187666,39933.7333333333,6159,6.48685894786667,0.154267967,47.39,18.17
"Kerguelen","KER1","CAT1.1A",3.0337,"KER1_3.0337",23,33,34.4,33.7,33.7,0.675,557,763,653,655,103,0.05357,0.0095,16717.4666666667,50758.2666666667,1.342,88.9333333333333,12528.03678,637.4,27130.75859,732.466666666667,12890.21714,136.066666666667,417.5692893,17414.8666666667,33851.35179,175.533333333333,18.88507004,189.866666666667,39.37891077,117.733333333333,37.94363653,36.6,93.54908632,108.733333333333,7.20558062,1101.8,171.3250337,707.066666666667,160.3937624,23130.7333333333,4665.06666666667,4.9377418318,0.204718977266667,8.39,42.21
"Kerguelen","KER1","CAT1.1A",3.0366,"KER1_3.0366",25,35.9,37.2,36.6,36.6,0.625,599,838,708,710,120,0.05185,0.00961,16771.3571428571,52420.3571428571,1.32714285714286,94.4285714285714,3483.960682,645.857142857143,10116.20827,819.357142857143,4855.040059,132.285714285714,141.6979167,18397.8571428571,14577.34124,159.571428571429,7.044092268,182.285714285714,18.00861913,100.714285714286,18.73001453,31.8571428571429,40.14643479,102.357142857143,2.109290233,1007.92857142857,69.55534929,712.428571428571,63.51816441,23955,4661.78571428571,5.13507576971429,0.195298392071429,16.38,30.87
"Kerguelen","KER1","CAT1.1A",3.038,"KER1_3.038",26,37.3,38.7,38,38,0.7,614,859,738,737,123,0.05185,0.00957,17734.8666666667,51774.8666666667,1.346,46.2,11659.94441,449.666666666667,21714.33708,543.266666666667,10403.61788,109.6,371.3797605,16626.7333333333,29657.04588,186.933333333333,14.92378146,196.266666666667,32.14134367,118.6,34.08990898,22.6666666666667,81.59730828,71.8,3.963633199,896.133333333333,130.2536735,721.866666666667,121.174026,25354.3333333333,4805.86666666667,5.2743759144,0.190547722666667,11.1,45.92
"Kerguelen","KER1","CAT1.1A",3.0394,"KER1_3.0394",27,38.8,40.1,39.4,39.4,0.675,624,899,763,764,138,0.05556,0.01095,15955.7857142857,48824.7857142857,1.31857142857143,71.3571428571429,7647.184074,459.071428571429,20341.20911,587.071428571429,9675.703494,110.571428571429,341.5130418,17408.7857142857,27516.05179,193.357142857143,16.64731905,173.642857142857,38.36122731,123.357142857143,29.17767688,13.4285714285714,79.93730908,106,4.206801091,1016.28571428571,131.8879867,722.428571428571,116.499276,22037.2857142857,4461.57142857143,4.93817030535714,0.2031916305,11.91,37.28
"Kerguelen","KER1","CAT1.1A",3.0409,"KER1_3.0409",28,40.2,41.6,40.9,40.9,0.675,654,927,791,791,137,0.05769,0.01091,16688.2,50340.7333333333,1.35533333333333,44.2,5002.720293,415,12514.93162,478.8,8232.043472,109.8,241.2793604,16520.4,18335.53114,233.2,10.18252838,186.666666666667,22.13806966,140.8,20.22360626,21.6,53.3476494,112,1.945757248,937.333333333333,87.98899619,715.133333333333,91.14020217,24122.2,4729.86666666667,5.0673808518,0.1990067366,5.33,54.65
"Kerguelen","KER1","CAT1.1B",3.0456,"KER1_3.0456",36,45.1,46.2,45.6,45.6,0.55,779,1017,901,897,119,0.05417,0.00784,15616.0833333333,49393.8333333333,1.42166666666667,77,9110.578774,524.666666666667,26333.16952,610.25,13294.3136,144.5,477.955413,19037.3333333333,37854.28444,316,19.97407233,185.666666666667,43.41924078,122.25,37.92341421,17.9166666666667,105.4949459,137.833333333333,5.765444277,1089,183.5186364,685.583333333333,153.3915035,20472.4166666667,4455,4.59266136141667,0.218104391583333,5.99,54.99
"Kerguelen","KER1","CAT1.1B",3.0514,"KER1_3.0514",40,50.7,52.1,51.4,51.4,0.7,975,1321,1107,1117,173,0.00994,0.00167,17542.0666666667,52529.0666666667,1.40733333333333,54.2666666666667,9163.233327,416.133333333333,20694.032,529.466666666667,10841.15992,127.466666666667,375.4268958,17317.9333333333,31170.92403,233.333333333333,19.40135717,185.4,37.71061641,146.333333333333,31.57899132,42.1333333333333,88.37360202,81.3333333333333,2.362468842,924.066666666667,127.4096231,761,135.8916128,24853.1333333333,4822.2,5.14619343346667,0.194959698466667,12.54,40.2
"Kerguelen","KER1","CAT1.1B",3.053,"KER1_3.053",41,52.3,53.6,53,53,0.65,995,1716,1252,1278,361,0.00993,0.00292,15258.5,51210.8571428571,1.39,84.0714285714286,12647.00276,590.785714285714,27857.81305,774,11278.11655,163.928571428571,457.3151082,22231.7857142857,33869.91213,275.571428571429,16.69197316,184.642857142857,33.88638281,131.285714285714,33.08146631,27.4285714285714,81.69604829,129.357142857143,14.53891486,1241.35714285714,171.3204442,677.071428571429,150.100816,18871.4285714286,4335.5,4.34797649707143,0.231535365142857,6.71,52.07
"Kerguelen","KER1","CAT1.1B",3.0605,"KER1_3.0605",46,59.9,61.2,60.5,60.5,0.65,1310,2620,1964,1957,655,0.01485,0.00513,20697.5,57365.5,1.32714285714286,27.2857142857143,3713.686646,227.571428571429,7587.711479,318.285714285714,3746.441884,79,143.4324445,12460.3571428571,12808.45152,165.5,6.554846441,209.214285714286,13.83972022,144.857142857143,14.52619027,10.5,30.18599746,39,7.56864323,286.285714285714,76.14964032,939.571428571429,105.1968675,34586.5714285714,5638.64285714286,6.13366929064286,0.163122270928571,35.04,21.38
"Kerguelen","KER1","CAT1.1B",3.0651,"KER1_3.0651",49,64.4,65.8,65.1,65.1,0.7,1560,2881,2280,2268,661,0.01356,0.00409,18806.4666666667,52188.2,1.29533333333333,83,15479.98661,217.866666666667,4034.917626,268.333333333333,2161.427163,131.066666666667,346.3897576,10805.7333333333,14380.32761,153.4,1.249641147,183.866666666667,9.064108327,91.3333333333333,4.195291116,31.6,64.2076509,239.933333333333,36.56109383,145.866666666667,34.6500895,1402.33333333333,338.8652331,31054.2666666667,5426,5.70994379753333,0.176164447933333,25.4,27.75
"Kerguelen","KER1","CAT1.1B",3.0683,"KER1_3.0683",51,67.6,68.9,68.3,68.3,0.65,1810,2966,2543,2504,578,0.01359,0.00327,23322.5714285714,61836.2142857143,1.35642857142857,105.5,1332.507255,181,3370.327372,199.285714285714,1321.532644,110.714285714286,59.66146775,9963,4883.677754,148.357142857143,1.332416753,241,11.80880582,122.142857142857,2.938278701,9.92857142857143,10.51247544,29.4285714285714,2.802966071,138.428571428571,47.97809994,1065.07142857143,48.56850259,40818.7857142857,6144.21428571429,6.6454237295,0.150520748928571,51.15,17.98
"Kerguelen","KER1","CAT1.1B",3.0772,"KER1_3.0772",57,76.5,77.9,77.2,77.2,0.7,2999,3259,3139,3132,130,0.02353,0.00119,23107.9333333333,57691.7333333333,1.32666666666667,14.0666666666667,442.9078563,157.666666666667,5249.86072,87.2,498.7916112,46.7333333333333,76.30468085,5039.93333333333,8920.913751,94.9333333333333,3.179077437,232.866666666667,9.288903341,114.8,5.504167322,0.192307692307692,11.403039,26.6,1.221309035,63.0666666666667,70.88337203,906.733333333333,20.51940777,42678,6341.6,6.7332373246,0.148592771333333,54.88,13.13
"Kerguelen","KER1","CAT1.1B",3.0867,"KER1_3.0867",63,86,87.4,86.7,86.7,0.7,3234,3725,3434,3445,246,0.02394,0.0019,23445.6666666667,58353.6,1.42466666666667,14.6666666666667,323.9790116,158.2,3883.986282,68.7333333333333,291.56336,42.9333333333333,55.46225053,5047.8,6816.274673,37.6666666666667,2.133265234,235.066666666667,4.959823644,103.466666666667,4.052348853,0.192307692307692,8.987606637,53.6666666666667,0.934094849,131.6,56.90823166,923.6,13.72149586,43312.7333333333,6316.53333333333,6.85915132886667,0.145830306133333,53.2,12.04
"Kerguelen","KER1","CAT1.1C",3.0931,"KER1_3.0931",73,92.4,93.7,93.1,93.1,0.65,3350,3971,3639,3646,311,0.03659,0.00337,21919.6428571429,55028.5,1.29571428571429,16.2142857142857,487.3846201,142.857142857143,3407.375544,70.0714285714286,755.0023464,42.0714285714286,56.20523213,4582.57142857143,5710.94941,56.5,1.579837083,207.428571428571,3.437486028,95.3571428571429,4.450254187,1.21428571428571,9.510397791,28.7857142857143,1.203244441,88.6428571428571,52.38105472,881.285714285714,16.75001654,40754.6428571429,6081.42857142857,6.70408479621429,0.149229965142857,54.1,13.47
"Kerguelen","KER1","CAT1.1C",3.1038,"KER1_3.1038",80,103.1,104.5,103.8,103.8,0.7,3646,4196,3946,3939,275,0.03636,0.00278,22842.7333333333,56752.8,1.34466666666667,18,196.5150343,156.6,2189.505993,90.2666666666667,223.979161,36.2666666666667,29.73641755,4491.66666666667,3225.774563,88.8666666666667,0.923007687,231.733333333333,2.13136205,118,2.622442469,13.1333333333333,5.963937738,27.4,0.700899472,68.2666666666667,36.49555291,957.066666666667,8.929101824,42424.2,6334.13333333333,6.69979428906667,0.149304916066667,54.59,12.26
"Kerguelen","KER1","CAT1.1C",3.1129,"KER1_3.1129",86,112.2,113.6,112.9,112.9,0.7,4013,4339,4207,4199,163,0.03556,0.0016,23327.1333333333,56259.4666666667,1.338,6.8,299.9494325,130.8,3711.15207,37.1333333333333,334.2205693,25.2666666666667,46.8799998,3302.53333333333,4542.425909,102.6,1.049747683,217.733333333333,2.791826174,117.333333333333,5.41452311,0.192307692307692,10.45252365,38.9333333333333,1.072921849,54.8666666666667,65.73504848,993.466666666667,14.23345251,43221.4,6328.06666666667,6.83343592013333,0.146391761066667,54.64,13.93
"Kerguelen","KER1","CAT1.1C",3.1235,"KER1_3.1235",93,122.9,124.1,123.5,123.5,0.6,4330,4622,4465,4468,146,0.04667,0.00175,23905.4615384615,57464.4615384615,1.32,6.84615384615385,167.7999201,167,4217.700826,33.8461538461538,237.3718165,28.3076923076923,46.78120576,3430.07692307692,4414.084703,98,1.050225297,228.384615384615,2.843511196,120.538461538462,4.038560617,0.192307692307692,9.118797628,19.3846153846154,0.714706415,43.3076923076923,78.06690295,967.230769230769,10.592352,44027.9230769231,6353.23076923077,6.93204569138462,0.144297710153846,53.86,12.12
"Kerguelen","KER1","CAT1.1D",3.1308,"KER1_3.1308",105,130.3,131.4,130.8,130.8,0.55,4437,4813,4621,4622,188,0.04516,0.00203,22628.8333333333,55695.0833333333,1.30666666666667,12,335.8691783,128.75,4013.123051,38.75,393.3367813,30.0833333333333,45.78783303,3587.41666666667,3780.979575,70.9166666666667,0.930570105,215.416666666667,3.315937291,122.583333333333,3.510172288,0.192307692307692,11.7594545,13.25,1.060803729,161.916666666667,78.12846424,988.916666666667,16.12570153,41852.1666666667,6051.58333333333,6.92074758916667,0.144591799083333,54.57,13.01
"Kerguelen","KER1","CAT1.1D",3.1352,"KER1_3.1352",108,134.6,135.8,135.2,135.2,0.6,4518,4906,4719,4718,194,0.04286,0.00195,22323.4615384615,54924.6153846154,1.44076923076923,13.1538461538462,238.5346084,162.461538461538,3486.528107,56.0769230769231,386.7326744,22.2307692307692,38.5256522,3247.53846153846,3167.607313,85.9230769230769,0.814471895,208.307692307692,3.032224277,120.076923076923,3.038249121,0.384615384615385,5.798802064,3,0.994535425,74.3076923076923,70.05573441,928.615384615385,13.26053158,41812.0769230769,6176.84615384615,6.77185181,0.147728606076923,53.74,11.61
"Kerguelen","KER1","CAT1.1D",3.1382,"KER1_3.1382",110,137.6,138.8,138.2,138.2,0.6,4615,4948,4790,4787,167,0.04286,0.00168,22217.8461538462,54839.1538461538,1.28769230769231,10.9230769230769,35.89186233,140.461538461538,2595.371312,52.5384615384615,218.0937453,31.3076923076923,28.24261491,3051,2284.889729,85.8461538461538,0.611487721,227.846153846154,2.520712809,97.4615384615385,2.972262265,5.53846153846154,4.641441298,30.2307692307692,0.562762357,81.6923076923077,53.9478412,936.461538461538,10.56346884,42000.5384615385,6175.84615384615,6.80496227569231,0.147029775230769,54.26,12.07
"Kerguelen","KER1","CAT1.1D",3.144,"KER1_3.144",114,143.4,144.6,144,144,0.6,4852,5039,4930,4932,94,0.03333,0.00077,22964,55507.5384615385,1.30307692307692,6.15384615384615,157.0594404,146.615384615385,3949.674648,55.9230769230769,441.6354183,25.1538461538462,41.11180496,2559.61538461538,3412.493629,73.5384615384615,0.910381859,219.153846153846,5.705617692,106.615384615385,5.962629521,2.23076923076923,6.264222559,20.2307692307692,0.765652204,113.384615384615,79.92720242,955.769230769231,23.41796688,43080.0769230769,6317,6.82401971307692,0.146626676230769,54.74,10.35
"Kerguelen","KER1","CAT1.1D",3.1484,"KER1_3.1484",117,147.8,148.9,148.4,148.4,0.55,4920,5373,5079,5096,227,0.025,0.0012,22267.9166666667,55087.5,1.34666666666667,22.5833333333333,7255.583194,199.5,5683.67778,205.75,2787.737038,63.0833333333333,103.2608758,3836.66666666667,4977.113764,47.1666666666667,1.191415297,228.416666666667,6.225778674,85.1666666666667,7.391036368,5,28.72260097,80.5,10.74847022,345.666666666667,109.6646554,954.75,97.07584026,40863.0833333333,6265,6.5201526845,0.153631200916667,32.84,15.67
"Kerguelen","KER1","CAT1.1D",3.1513,"KER1_3.1513",119,150.7,151.8,151.3,151.3,0.55,4977,5594,5189,5215,309,0.02414,0.00152,23072.1666666667,55131.5,1.3725,13.3333333333333,293.8266765,161.833333333333,3599.827864,86.5,435.4794317,29.5833333333333,33.50696137,2368.33333333333,2637.046993,52.4166666666667,0.767742407,209.583333333333,6.625024494,93,5.924549608,3.33333333333333,21.92880594,24.3333333333333,0.706861739,92.9166666666667,74.39152898,906.583333333333,23.61796449,43054.3333333333,6227.08333333333,6.91562326283333,0.144629064583333,54.55,10.16
"Kerguelen","KER1","CAT1.1D",3.1571,"KER1_3.1571",123,156.5,157.7,157.1,157.1,0.6,5113,5889,5437,5456,388,0.02381,0.00178,23160.6923076923,55187.4615384615,1.34769230769231,4.38461538461539,199.7601332,140.846153846154,4640.523522,43.6923076923077,337.7373781,38.1538461538462,41.49307617,2061.84615384615,3560.842802,31.6153846153846,1.008260928,241.461538461538,7.365820821,87.1538461538462,6.211413657,6.61538461538462,9.708856297,9.53846153846154,0.749489114,152.230769230769,89.12411225,894.692307692308,16.00076454,43283.8461538462,6268.07692307692,6.90855357676923,0.144808216692308,54.8,11.98
"Kerguelen","KER1","CAT1.1D",3.1586,"KER1_3.1586",124,158,159.2,158.6,158.6,0.6,5141,5958,5502,5519,409,0.02419,0.00188,23511.7692307692,56021.4615384615,1.39538461538462,6,973.6824666,131.615384615385,3761.690452,37.0769230769231,439.2617094,34.8461538461538,42.17796203,1867.30769230769,2748.553456,33.2307692307692,0.858721787,229.538461538462,5.849088818,79,4.744298227,0.192307692307692,10.21776865,44.0769230769231,1.919467031,113,71.42068742,940.538461538462,20.00078753,44059,6357.76923076923,6.93287124530769,0.144329003307692,55.03,13.99
"Kerguelen","KER1","CAT1.1D",3.1617,"KER1_3.1617",126,161,162.3,161.7,161.7,0.65,5253,6130,5628,5646,439,0.02459,0.00201,23652,56386.8571428571,1.35928571428571,13.2857142857143,4674.018055,148.214285714286,15500.47502,37.5,4823.395579,30.7142857142857,275.8213156,1555.57142857143,24110.30848,52.5,9.64091711,232.214285714286,25.33147037,99,19.09702535,0.192307692307692,53.70010907,37.2857142857143,6.739390951,89.2857142857143,139.1876948,962.428571428571,82.65655708,44798,6569.07142857143,6.82222018071429,0.146645263142857,56.67,10.3
"Kerguelen","KER1","CAT1.1E",3.1694,"KER1_3.1694",137,168.8,170,169.4,169.4,0.6,5485,6395,5956,5954,455,0.02273,0.00182,23243.1538461538,57024.6923076923,1.37384615384615,35.3076923076923,214.2359607,158.230769230769,3865.367321,109.692307692308,314.2119789,56.7692307692308,40.30371929,4515.15384615385,2886.473191,46.0769230769231,0.797101318,210.076923076923,3.074840014,89.9230769230769,4.308979567,0.192307692307692,10.03284659,42.5384615384615,0.841708562,129.923076923077,71.47093889,1001.15384615385,15.55587576,42551.1538461538,6192.69230769231,6.87520785030769,0.145546949846154,54.66,11.8
"Kerguelen","KER1","CAT1.1E",3.1796,"KER1_3.1796",144,179,180.2,179.6,179.6,0.6,5995,6716,6406,6389,361,0.02545,0.00152,22715.7692307692,55020.9230769231,1.34692307692308,14,4531.40776,177.384615384615,3481.392137,89.1538461538462,904.1879244,52.8461538461538,84.65981172,2592.23076923077,3168.819664,54.4615384615385,0.546046302,221.461538461538,3.299582559,97.5384615384615,5.064349607,0.192307692307692,18.29158675,34.1538461538462,7.805442382,150,46.22785062,977.923076923077,83.4623728,42318.3846153846,6246.38461538462,6.77699731130769,0.147650222923077,49.34,14.9
"Kerguelen","KER1","CAT1.1E",3.181,"KER1_3.181",145,180.4,181.6,181,181,0.6,6060,6742,6462,6444,341,0.02642,0.00149,18555.6923076923,44574.5384615385,1.39384615384615,60.5384615384615,23278.04767,203.307692307692,3903.380519,196,2923.188804,79.0769230769231,121.9300211,3589.30769230769,4456.928381,59.3076923076923,0.855150174,189.692307692308,2.425675008,104.076923076923,3.767313027,9.07692307692308,30.48216342,169.538461538462,16.42557783,352.461538461538,35.5730101,866,90.16911624,31582.7692307692,5394.23076923077,5.80799732992308,0.174344314153846,4.47,41.87
"Kerguelen","KER1","CAT1.1E",3.1824,"KER1_3.1824",146,181.9,183,182.4,182.4,0.55,6128,6764,6520,6497,318,0.02593,0.00135,13949,38376,1.41166666666667,464.166666666667,34328.60153,364.333333333333,4312.186563,523.583333333333,3433.05248,172.666666666667,397.1365916,8320,13289.58227,109.916666666667,0.757047602,155.666666666667,2.230484241,66.6666666666667,6.015402464,36.8333333333333,87.59499317,391.5,53.67294845,449.5,37.52281834,827,334.5208848,20285.25,4924.75,4.103599356,0.244724512083333,8.51,35.96
"Kerguelen","KER1","CAT1.1E",3.1838,"KER1_3.1838",147,183.3,184.4,183.8,183.8,0.55,6175,6792,6577,6551,309,0.02545,0.00127,22427.0833333333,57499.5,1.2675,143.166666666667,1154.260764,195.25,4541.333436,247.833333333333,1119.777227,121,77.89836317,5463.16666666667,3562.901422,80.75,0.996950957,224.416666666667,7.771363798,92,8.155143454,34.75,34.97989363,84.25,2.833581675,126,86.72448526,1174.16666666667,123.6786369,41365.9166666667,6449.58333333333,6.41595888383333,0.156258563333333,53.43,11.79
"Kerguelen","KER1","CAT1.1E",3.1897,"KER1_3.1897",151,189,190.3,189.7,189.7,0.65,6698,6912,6805,6805,107,0.04324,0.00083,23247.1428571429,55625.6428571429,1.31928571428571,7.85714285714286,519.0692231,143.785714285714,4164.183528,69.2857142857143,617.9743965,31.2142857142857,48.62589017,1883.64285714286,2793.818462,61.4285714285714,0.972163333,220.642857142857,5.453440209,113.714285714286,7.040465601,0.192307692307692,8.670290595,19.3571428571429,1.131785621,100.285714285714,76.44263413,947.214285714286,32.53643781,43516.4285714286,6467.14285714286,6.73044821892857,0.148631763142857,55.7,11.99
"Kerguelen","KER1","CAT1.1E",3.199,"KER1_3.199",157,198.4,199.7,199,199,0.625,6818,7203,6977,6984,193,0.05357,0.00164,23330.9285714286,56708.8571428571,1.285,10.7857142857143,510.1301471,226.214285714286,4449.195182,72.3571428571429,449.3132406,42.6428571428571,54.95773967,2470.35714285714,3045.373357,54.8571428571429,0.973653446,222.071428571429,4.062914553,124.5,4.561717881,1.78571428571429,8.265161932,33.4285714285714,1.396313321,159.071428571429,83.80568894,1007.28571428571,18.45759727,43491.4285714286,6470.5,6.72411352407143,0.148796514642857,54.62,12.08
"Kerguelen","KER1","CAT1.1F",3.205,"KER1_3.205",166,204.4,205.7,205,205,0.65,6884,7326,7081,7089,221,0.05769,0.00198,22544.0714285714,56444.3571428571,1.30642857142857,14.8571428571429,714.0118801,183.928571428571,4530.875865,97.1428571428571,602.974911,46,66.72545229,3490.14285714286,3136.839356,94.0714285714286,0.850620155,208.071428571429,2.965078694,93.8571428571429,4.921011171,3.64285714285714,6.808603707,31.1428571428571,2.016254156,234.357142857143,85.69090324,964.5,24.14841652,41752.2142857143,6226,6.70802668378571,0.149164643571429,53.77,16.4
"Kerguelen","KER1","CAT1.1F",3.211,"KER1_3.211",170,210.3,211.7,211,211,0.7,6974,7445,7190,7193,236,0.05556,0.002,21787.1333333333,53540,1.36,7.13333333333333,104.6756783,225.6,3609.129673,57.8666666666667,168.1798853,37.4,45.5523502,2783.46666666667,2342.824007,84.2,0.669698406,220.266666666667,2.182200699,116.333333333333,4.093699078,0.192307692307692,3.679275906,38.1333333333333,0.501927094,119.933333333333,65.96855978,930.066666666667,7.956881626,40604.4,5896.53333333333,6.8945280008,0.145198940866667,55.23,14.89
"Kerguelen","KER1","CAT1.1F",3.2216,"KER1_3.2216",177,220.9,222.2,221.6,221.6,0.65,7133,7630,7384,7382,249,0.05556,0.00203,23521.6428571429,57297.1428571429,1.33142857142857,10.4285714285714,265.0120521,163.642857142857,4843.721178,38.3571428571429,347.1872575,41.9285714285714,63.73055929,2087.92857142857,3080.073609,60.5,1.071221581,232,3.17180271,119.428571428571,6.998565891,0.192307692307692,6.792163379,51.2857142857143,0.931349705,164.142857142857,88.8200419,1015.28571428571,16.13112281,44417.5714285714,6560.14285714286,6.77254141914286,0.147714315571429,54.82,6.9
"Kerguelen","KER1","CAT1.1F",3.2247,"KER1_3.2247",179,224,225.4,224.7,224.7,0.7,7184,7679,7443,7438,248,0.05556,0.00202,23158.4666666667,56412.7333333333,1.29733333333333,7.93333333333333,407.8905822,192.733333333333,4217.330448,54.8,426.0420821,52.4666666666667,57.48518576,2727,2688.500619,73.6666666666667,0.845840342,221.6,5.35028394,106.666666666667,5.640790304,0.192307692307692,6.692282931,25.2666666666667,1.320375223,219.2,81.43967116,987.866666666667,30.53520566,42823.1333333333,6404.26666666667,6.69285389453333,0.1494778174,53.58,15.13
"Kerguelen","KER1","CAT1.1F",3.2262,"KER1_3.2262",180,225.6,226.8,226.2,226.2,0.6,7218,7697,7470,7465,240,0.05769,0.002,21060.3846153846,54913.4615384615,1.32230769230769,102.538461538462,11517.71875,204.846153846154,5766.308811,115.461538461538,1197.40653,155.615384615385,302.9854865,6905.61538461538,9844.625786,159,0.946267633,200,3.627263811,98.6923076923077,6.197858783,11.3846153846154,34.35259618,155.076923076923,27.76757005,170.923076923077,77.12979485,1171.69230769231,206.5821768,37253.1538461538,6019.69230769231,6.18418023461538,0.162081096846154,42.68,19.85
"Kerguelen","KER1","CAT1.1F",3.2338,"KER1_3.2338",185,233.2,234.5,233.8,233.8,0.65,7343,7816,7606,7601,237,0.05556,0.00188,16788.1428571429,47972.7857142857,1.37285714285714,314.071428571429,14262.12932,197.785714285714,4269.933331,336.857142857143,1951.217642,253.714285714286,266.7521665,11141.7857142857,8604.12931,200.642857142857,0.775500382,152.214285714286,4.268992381,72.7142857142857,3.773884291,51.7142857142857,38.16917132,413.642857142857,28.3155083,200.285714285714,50.91367477,1391.21428571429,239.7215992,25927.5714285714,5199.07142857143,4.96954432978571,0.203764710214286,19.83,30.51
"Kerguelen","KER1","CAT1.1F",3.2353,"KER1_3.2353",186,234.7,235.9,235.3,235.3,0.6,7374,7842,7636,7628,234,0.05769,0.00192,21977.5384615385,58320.8461538462,1.34692307692308,182.076923076923,12958.49641,198.230769230769,4367.99759,255.153846153846,2239.96755,146.076923076923,230.5568311,6947.92307692308,7609.566894,106.923076923077,0.799271713,197.538461538462,4.531502978,88.1538461538462,3.210467452,6.69230769230769,34.52282262,123.153846153846,27.8515667,315.307692307692,78.81628528,1237.30769230769,218.7388146,39065.9230769231,6056.92307692308,6.45546161376923,0.155197158153846,26.77,32.25
"Kerguelen","KER1","CAT1.1F",3.2384,"KER1_3.2384",188,237.8,239.1,238.4,238.4,0.65,7437,7877,7690,7681,220,0.05769,0.00181,22949.0714285714,56888.2142857143,1.28285714285714,68.3571428571429,88.32467556,194.642857142857,3298.121333,139.857142857143,436.639577,76.6428571428571,45.81121632,3832.78571428571,2064.749015,97.9285714285714,0.598889202,223.785714285714,8.680238524,109.857142857143,4.370193647,1.71428571428571,3.835435411,25,0.79837406,198,59.19980605,1049.35714285714,27.53210666,42459.3571428571,6253.64285714286,6.79229226878571,0.147301620928571,53.9,17.33
"Kerguelen","KER1","CAT1.1G",3.2426,"KER1_3.2426",218,241.9,243.3,242.6,242.6,0.7,7527,7935,7755,7750,204,0.05833,0.0017,23093.8571428571,56028.7142857143,1.30214285714286,16.5,-28.65886723,238.428571428571,3835.783216,74.8571428571429,238.2842793,55.5,55.07802735,3141.14285714286,2497.527268,117.785714285714,0.803358665,228.285714285714,14.23964041,118.714285714286,3.643171487,5.5,5.547621978,21.0714285714286,0.651451824,198.928571428571,67.02513333,979.714285714286,17.73546585,42303.5714285714,6187.85714285714,6.83781324728571,0.14627783,55.73,16.02
"Kerguelen","KER3","CAT2.3A",4.0085,"KER3_4.0085",6,7.9,9.1,8.5,8.5,0.6,-55,274,46,65,165,0.06315,0.16546,22243.6153846154,53274.6923076923,1.31384615384615,19.4615384615385,2433.469353,94.4615384615385,8525.391032,47.3076923076923,1493.72135,31.8461538461538,73.97054275,1533.30769230769,7043.906744,43.6153846153846,2.360731307,220.538461538462,7.989049521,130.769230769231,8.840919501,1.46153846153846,33.9867472,59.2307692307692,6.303556106,81.0769230769231,77.55523489,986.615384615385,51.12144032,41542.6923076923,6149.15384615385,6.75740778453846,0.148017348461538,57.8,13.41
"Kerguelen","KER3","CAT2.3A",4.0129,"KER3_4.0129",9,12.3,13.5,12.9,12.9,0.6,-8,384,128,144,196,0.05291,0.07412,22313.8461538462,53827.8461538462,1.33230769230769,13.2307692307692,1807.885973,83.7692307692308,7727.272205,35.7692307692308,1028.300333,26,53.9884387,1979.76923076923,5806.724977,48.1538461538462,2.063027935,224.769230769231,6.820390916,115.076923076923,7.875132613,0.181818181818182,22.83873715,43.6923076923077,3.688021304,72.6923076923077,68.05571381,935.076923076923,28.2096257,41663.6923076923,6181.92307692308,6.74280432253846,0.148379162307692,52.08,12.35
"Kerguelen","KER3","CAT2.3A",4.0187,"KER3_4.0187",13,18.1,19.3,18.7,18.7,0.625,32,522,246,258,245,0.05085,0.04989,22491.4615384615,54693.8461538462,1.41,13.1538461538462,2390.397694,65.1538461538462,8370.564722,42.1538461538462,1383.034771,27.1538461538462,65.55518428,2056.69230769231,5950.241077,44.0769230769231,2.117141394,203.230769230769,6.393762065,82.9230769230769,6.48426444,0.181818181818182,21.31018792,47.6153846153846,6.207609895,48.6153846153846,78.5344764,973.384615384615,45.24542121,42155.0769230769,6218.76923076923,6.78123892061538,0.147539399,49.27,13.8
"Kerguelen","KER3","CAT2.3A",4.0216,"KER3_4.0216",15,21,22.1,21.6,21.6,0.55,80,587,298,312,253,0.05623,0.04707,22178.8333333333,54848.75,1.3525,13,2551.414712,70.0833333333333,8528.540345,35.8333333333333,1475.406854,25.1666666666667,59.93308415,2116.75,6187.963748,36.25,2.279411544,198.166666666667,7.850724687,75.1666666666667,6.918225269,0.833333333333333,19.50535782,32.25,5.547019557,84.75,79.19188077,946.75,39.22303086,41939.5833333333,6185.75,6.783090733,0.147500188333333,51.2,13.11
"Kerguelen","KER3","CAT2.3A",4.0288,"KER3_4.0288",20,28.2,29.4,28.8,28.8,0.6,175,706,440,440,266,0.05601,0.03495,22745.5384615385,55251.1538461538,1.30538461538462,9.38461538461538,1463.774697,94.0769230769231,7489.032735,44.5384615384615,937.5899962,24.4615384615385,37.80142795,2376.46153846154,5072.990401,56.8461538461538,1.778968575,199.153846153846,8.567301171,122.076923076923,6.433648096,0.181818181818182,14.3729798,20.0769230769231,2.92778834,84.1538461538462,72.04904865,991.153846153846,42.85323212,41845.0769230769,6153.76923076923,6.80256002869231,0.147061792538462,52.28,14.61
"Kerguelen","KER3","CAT2.3A",4.0302,"KER3_4.0302",21,29.6,30.7,30.2,30.2,0.55,194,731,466,465,268,0.05376,0.03199,22410.9166666667,54173.4166666667,1.30833333333333,8.08333333333333,1742.201387,74.8333333333333,7060.636584,47.6666666666667,1221.194979,25.25,47.42694669,2253.91666666667,5217.251998,62.5,1.649765973,206.666666666667,8.139809229,103,5.73865376,0.833333333333333,13.07843571,45.0833333333333,4.597352978,61,63.78046606,978.333333333333,54.84725556,41017.1666666667,6018.5,6.81863178658333,0.146726371916667,48.97,15.61
"Kerguelen","KER3","CAT2.3A",4.0316,"KER3_4.0316",22,31,32.1,31.6,31.6,0.575,230,737,492,491,254,0.05569,0.02981,21431.1666666667,52867.9166666667,1.34666666666667,26.4166666666667,4461.087959,92.6666666666667,7896.234296,115.666666666667,2205.724776,43.5,119.7043062,3442.5,6488.988438,40.3333333333333,1.71561783,189.583333333333,8.098447371,105,6.068782697,0.181818181818182,25.41388525,70,17.22708873,162.333333333333,67.625654,1033.41666666667,113.2387274,38993.3333333333,5853,6.66749272458333,0.150084062666667,43.71,18.94
"Kerguelen","KER3","CAT2.3A",4.0387,"KER3_4.0387",27,38.2,39.3,38.7,38.7,0.55,322,819,643,621,249,0.0544,0.02258,22003.5833333333,55134,1.405,110.916666666667,3566.70755,209.083333333333,7653.796312,300.25,2003.194081,98.5833333333333,86.51921621,5658.58333333333,5349.432635,39.75,1.391814484,198.333333333333,7.449716815,93.6666666666667,7.047681054,7.41666666666667,20.72720657,109.583333333333,12.64697374,219.416666666667,68.96032566,1118.66666666667,116.3395336,38935.6666666667,5856.16666666667,6.64862693025,0.150540635166667,46.14,19.02
"Kerguelen","KER3","CAT2.3A",4.0401,"KER3_4.0401",28,39.5,40.7,40.1,40.1,0.6,338,844,671,646,253,0.05037,0.02046,21501.8461538462,54318.6923076923,1.36461538461538,116.538461538462,8937.293284,208,9775.180899,338.769230769231,3299.904326,103.307692307692,206.5622145,6021.15384615385,8197.149421,53.6923076923077,1.707642336,197.076923076923,6.49364719,84.5384615384615,6.508755339,10.4615384615385,39.26943077,109.384615384615,30.0068369,267.076923076923,79.88473282,1132.76923076923,158.7616528,37608.0769230769,5983.76923076923,6.27596497415385,0.159710844076923,35.49,25.06
"Kerguelen","KER3","CAT2.3B",4.0456,"KER3_4.0456",37,45,46.3,45.6,45.6,0.65,637,877,749,756,120,0.04894,0.00846,22373.2142857143,54849.2142857143,1.31642857142857,36.6428571428571,4770.599596,127.357142857143,10152.65951,210.571428571429,3690.444085,55.0714285714286,115.6050883,3844.21428571429,6337.843662,97.6428571428571,2.217760046,222.214285714286,10.51108713,113.5,9.587253172,0.181818181818182,27.51857011,45.0714285714286,14.07224116,195.714285714286,95.06307262,1084.28571428571,117.9588143,40495.9285714286,6241.57142857143,6.49015260642857,0.154140085428571,43.78,18.9
"Kerguelen","KER3","CAT2.3B",4.047,"KER3_4.047",38,46.4,47.6,47,47,0.575,698,889,769,784,95,0.05077,0.0068,22132.0769230769,54216.6923076923,1.35769230769231,45.8461538461538,3732.955372,150.076923076923,8677.270529,258.153846153846,2737.714004,61.1538461538462,87.44930657,4195.23076923077,4793.106432,80.2307692307692,1.678496422,220.076923076923,9.854731646,92.4615384615385,10.40875416,0.923076923076923,22.31535337,67.3076923076923,12.29867694,214.846153846154,80.95231282,1110.76923076923,111.6058313,39486.2307692308,6091.69230769231,6.48408720446154,0.154355480923077,44.36,18.01
"Kerguelen","KER3","CAT2.3B",4.0522,"KER3_4.0522",42,51.6,52.7,52.2,52.2,0.55,794,1082,910,917,144,0.03077,0.00516,21397.1666666667,52463.3333333333,1.35666666666667,47.9166666666667,3515.939224,174.916666666667,9459.400389,270.25,2833.675864,69.75,86.14961589,3994.16666666667,5197.712813,74.75,1.967605598,202.666666666667,11.56429275,98.9166666666667,9.373035718,0.916666666666667,20.69108587,108.75,10.32724622,314.416666666667,86.09850052,1049.66666666667,96.16087645,38108.8333333333,5952.66666666667,6.40357905366667,0.156329377833333,43.35,19.2
"Kerguelen","KER3","CAT2.3B",4.0559,"KER3_4.0559",45,55.3,56.5,55.9,55.9,0.575,826,1345,1023,1041,259,0.02904,0.00753,16595.2307692308,45664.3846153846,1.43307692307692,139.846153846154,13911.44149,502,17303.92837,820.230769230769,7876.665965,158.538461538462,212.8364779,10666.5384615385,12610.90951,85.8461538461538,5.218331686,185.692307692308,13.36916814,105.846153846154,13.06431875,19,41.60383738,165.846153846154,15.69566935,1254,150.3131973,855.769230769231,102.9146045,24373.6923076923,4755.30769230769,5.12456501353846,0.196528091461538,25.69,29.97
"Kerguelen","KER3","CAT2.3B",4.0587,"KER3_4.0587",47,58.1,59.3,58.7,58.7,0.6,843,1584,1108,1135,370,0.03069,0.01033,24017.2307692308,56447.4615384615,1.30846153846154,9.15384615384615,1680.089191,156.230769230769,9172.659013,80.2307692307692,1708.112446,31.1538461538462,45.25246798,1483.38461538462,3682.282642,38.1538461538462,1.796711679,228.076923076923,13.47816025,142.846153846154,10.09827176,0.181818181818182,31.83349681,27.4615384615385,3.465695798,58.2307692307692,90.88637985,1061.46153846154,53.04194313,44530.8461538462,6783.23076923077,6.56567663023077,0.152334579,45.73,14.72
"Kerguelen","KER3","CAT2.3B",4.0651,"KER3_4.0651",52,64.6,65.7,65.1,65.1,0.55,926,1779,1288,1299,426,0.04012,0.01351,23295.8333333333,55432.3333333333,1.34416666666667,10.6666666666667,1510.227592,119.333333333333,9132.722834,52,895.5841879,31.5833333333333,44.65236078,1255.58333333333,2906.84201,44.8333333333333,1.674316698,253.333333333333,16.45315411,91.5833333333333,4.106794771,1.41666666666667,44.45209818,15,3.393843761,87.6666666666667,100.2782265,1020.25,54.90010413,43549.1666666667,6502.25,6.70264901591667,0.1492863875,53.23,13.88
"Kerguelen","KER3","CAT2.3B",4.0689,"KER3_4.0689",55,68.3,69.4,68.9,68.9,0.55,957,1871,1385,1389,457,0.04239,0.01427,22198.6666666667,55549.1666666667,1.315,70.4166666666667,33527.2042,118.583333333333,8158.141307,77.3333333333333,1828.049201,86,522.6884223,4226.83333333333,17287.12417,80.8333333333333,2.172456549,216.5,6.591575629,112.083333333333,4.231129546,15.4166666666667,108.0616059,139.833333333333,83.78057199,79.0833333333333,25.74171216,1359.75,365.03667,40367.25,6222,6.4806669945,0.154840936583333,17.93,26.92
"Kerguelen","KER3","CAT2.3B",4.0701,"KER3_4.0701",56,69.5,70.7,70.1,70.1,0.6,978,1901,1419,1420,462,0.02196,0.00733,23282.2307692308,56379.3076923077,1.28461538461538,7.92307692307692,1775.555422,99,9008.025253,31.6153846153846,927.5947566,38.6923076923077,41.27915274,2242.69230769231,5699.532307,72.9230769230769,9.289874448,236.076923076923,29.04148441,104.923076923077,5.702281494,3.76923076923077,74.84515086,45.2307692307692,3.510079214,92.6923076923077,89.95098118,1101.15384615385,128.8325087,43208.4615384615,6354.84615384615,6.80139114907692,0.147072530230769,50.58,13.15
"Kerguelen","KER3","CAT2.3B",4.0777,"KER3_4.0777",62,77.2,78.2,77.7,77.7,0.5,1319,2088,1757,1744,384,0.02318,0.00526,22610.5454545455,53901.3636363636,1.28636363636364,8.72727272727273,1616.540504,136.545454545455,9066.503042,48.2727272727273,1011.744965,31.2727272727273,33.03452813,1101.54545454545,8290.436014,49.4545454545455,6.308413318,211.181818181818,8.399597711,125.363636363636,3.550825248,0.181818181818182,18.47659493,29.4545454545455,2.572375363,131.363636363636,90.16944152,955.181818181818,25.49660435,42425.7272727273,6407.90909090909,6.62237031172727,0.151061059363636,52.51,14.69
"Kerguelen","KER3","CAT2.3B",4.0814,"KER3_4.0814",65,80.8,81.9,81.4,81.4,0.55,1546,2228,1923,1911,341,0.02087,0.00387,23337,55047.25,1.4025,11.0833333333333,1287.60712,137.416666666667,10908.71895,29.3333333333333,577.1550241,12.8333333333333,32.69465354,1135.58333333333,4160.753842,69.1666666666667,4.559558768,227.583333333333,7.195932222,116.166666666667,4.361117146,0.181818181818182,13.02478337,8.58333333333333,1.737402116,45.5,123.0745887,1067.5,23.82046817,43874.5833333333,6320.33333333333,6.94543645858333,0.144091433583333,53.77,5.7
"Kerguelen","KER3","CAT2.3B",4.0851,"KER3_4.0851",68,84.5,85.6,85.1,85.1,0.55,1952,2275,2070,2094,161,0.02087,0.00174,23430.8333333333,55713.6666666667,1.3025,13.4166666666667,1236.883197,183,9373.127177,81.9166666666667,952.6036137,28.0833333333333,32.37937778,1494.08333333333,2308.505037,79.75,1.84420973,225.416666666667,5.8254102,127.083333333333,3.650559565,0.181818181818182,8.90748345,36.3333333333333,2.185976834,215.166666666667,105.1299282,1067.25,27.19994924,43386.5833333333,6448.83333333333,6.7296203735,0.148645353,52.75,15.19
"Kerguelen","KER3","CAT2.3C",4.0897,"KER3_4.0897",78,89.2,90.2,89.7,89.7,0.5,2078,2728,2304,2321,325,0.01332,0.00194,23606.9090909091,56772.2727272727,1.36909090909091,22.1818181818182,1349.077299,210.090909090909,9886.937315,125.545454545455,1037.181165,47.2727272727273,34.06839062,2664.81818181818,2944.227671,60.9090909090909,3.39219619,235.545454545455,6.099251399,100.272727272727,5.365034951,1.18181818181818,9.240124767,43.9090909090909,2.353416213,267.272727272727,111.2389984,955.727272727273,28.03668733,43350.6363636364,6477,6.69391898018182,0.149408722545455,53.52,14.55
"Kerguelen","KER3","CAT2.3C",4.0962,"KER3_4.0962",83,95.7,96.8,96.2,96.2,0.55,2279,3689,2842,2870,705,0.01165,0.00293,24161.1666666667,57379.9166666667,1.33166666666667,10.6666666666667,1255.647618,152.25,10946.62033,79.3333333333333,583.3137913,20.0833333333333,32.56708798,1765.66666666667,5323.150885,75.5,4.562528403,231.166666666667,8.079913573,92.4166666666667,5.664348023,1.41666666666667,15.43833055,36.25,1.352744031,201.583333333333,133.8523408,987,21.02405945,44643.4166666667,6662.5,6.70421902108333,0.14924339475,55.01,11.93
"Kerguelen","KER3","CAT2.3C",4.0988,"KER3_4.0988",85,98.3,99.3,98.8,98.8,0.5,2326,4243,3060,3094,959,0.01152,0.00363,23974.9090909091,56141,1.31181818181818,5.72727272727273,1448.382036,165.636363636364,11092.71634,79.6363636363636,1077.5868,26.7272727272727,38.34074029,1471.09090909091,8013.424384,54.1818181818182,3.856589078,230.363636363636,7.426131353,99.5454545454546,5.281383866,0.363636363636364,12.52057742,21,2.218682082,169.363636363636,134.8474469,997.636363636364,27.13714506,44076.6363636364,6605,6.67725949663636,0.149864645090909,55.02,12.41
"Kerguelen","KER3","CAT2.3C",4.1041,"KER3_4.1041",89,103.5,104.7,104.1,104.1,0.575,2574,4726,3433,3515,1076,0.01298,0.00404,23488.7692307692,57193.5384615385,1.29538461538462,12.3076923076923,1497.257302,153.384615384615,10339.94536,74.3076923076923,788.19654,37.1538461538462,34.08187302,3526.23076923077,6526.147644,123.615384615385,3.291192016,220.461538461538,6.698435927,94.6923076923077,6.171535738,2.23076923076923,319.6209724,37.3846153846154,2.192335728,151.769230769231,116.7067894,964.923076923077,25.82706213,43168,6521.30769230769,6.62120711276923,0.151085723230769,55.74,11.61
"Kerguelen","KER3","CAT2.3C",4.1067,"KER3_4.1067",91,106.1,107.2,106.7,106.7,0.55,2682,5015,3656,3716,1167,0.01372,0.00438,24314.4166666667,59259.9166666667,1.32583333333333,45.6666666666667,1476.40484,240.916666666667,9977.828112,229.583333333333,1181.094722,43.5833333333333,43.07396664,3079,2614.362638,83.1666666666667,1.312310319,228.583333333333,6.116139247,113.333333333333,5.342532785,4.25,10.57375526,21.25,3.100416737,236.75,116.4661719,1065.08333333333,29.63852974,44531,6737.41666666667,6.61110833716667,0.151307792,54.81,14.63
"Kerguelen","KER3","CAT2.3C",4.1133,"KER3_4.1133",96,112.8,113.9,113.3,113.3,0.55,2998,5513,4274,4273,1258,0.01122,0.00336,23448.0833333333,57685,1.2825,45.6666666666667,1832.481065,262.083333333333,10347.70994,225,1033.481684,60.9166666666667,44.78488634,3184.58333333333,1688.980811,83.3333333333333,0.758966661,221.916666666667,3.994200434,113.833333333333,4.933715765,0.181818181818182,12.60844943,32.25,3.23903741,264.083333333333,111.5989159,1021.16666666667,39.55317102,43069.6666666667,6516.66666666667,6.61108837466667,0.151296956333333,53.86,16.49
"Kerguelen","KER3","CAT2.3C",4.1194,"KER3_4.1194",101,118.9,119.9,119.4,119.4,0.5,3180,5840,4935,4831,1330,0.00962,0.00269,23797.9090909091,57739.7272727273,1.30818181818182,31.0909090909091,1088.069624,234.090909090909,9801.974577,186.363636363636,594.3690449,45.6363636363636,33.56124216,2381.90909090909,894.52222,46.0909090909091,0.504960312,244.909090909091,5.249820697,121.909090909091,3.65700923,0.181818181818182,7.807563922,50.9090909090909,1.576869911,235.636363636364,113.2452164,970.090909090909,28.80809979,43717.7272727273,6573.09090909091,6.65370727909091,0.150367749272727,57.29,16.76
"Kerguelen","KER3","CAT2.3D",4.123,"KER3_4.123",110,122.4,123.5,123,123,0.55,4017,5959,5300,5221,971,0.00873,0.00166,21934.1666666667,53001.0833333333,1.31916666666667,10.8333333333333,1139.245415,152.416666666667,8923.834015,55.1666666666667,701.3821602,25.75,32.52542874,925.25,982.6222745,63.6666666666667,0.554631219,195.833333333333,5.484723099,85.8333333333333,3.437053635,0.181818181818182,7.549441951,32.25,1.773412408,220.5,94.94394762,936.833333333333,36.29405638,41313.75,6037.66666666667,6.84722049291667,0.146149678083333,53.95,14.71
"Kerguelen","KER3","CAT2.3D",4.1295,"KER3_4.1295",115,128.9,130,129.5,129.5,0.525,5736,6128,5953,5948,196,0.01197,0.00044,22855.5,55153.1666666667,1.27416666666667,18.75,1052.078106,178.583333333333,11078.42102,77.75,551.7054476,40.9166666666667,33.53908928,1364.66666666667,1026.542813,37.5,0.666713024,217.083333333333,5.862772125,85.0833333333333,3.952744681,2.91666666666667,16.14366288,48.5833333333333,1.262753928,287.166666666667,153.9080871,940.916666666667,22.10224896,42960.75,6283.25,6.84046751025,0.146265786916667,55.7,14.23
"Kerguelen","KER3","CAT2.3D",4.1319,"KER3_4.1319",117,131.4,132.4,131.9,131.9,0.5,5973,6309,6130,6135,168,0.01395,0.00043,22854.4545454545,54721.8181818182,1.39545454545455,20.0909090909091,1369.881307,221.818181818182,13215.71252,101.363636363636,666.0439538,36.4545454545455,45.7392364,1324.09090909091,940.0408553,67.3636363636364,0.937152005,225.272727272727,8.142351223,91.6363636363636,7.175522048,0.181818181818182,10.41672528,68.1818181818182,1.508044061,282.909090909091,203.7536927,917.909090909091,26.33105145,42687.3636363636,6205.09090909091,6.88300165790909,0.145364724454545,55.79,12.86
"Kerguelen","KER3","CAT2.3D",4.1371,"KER3_4.1371",121,136.5,137.6,137.1,137.1,0.55,6053,7165,6395,6492,556,0.01479,0.00133,23250.5833333333,55415.25,1.30833333333333,17.0833333333333,1905.039024,298.75,10983.42711,101.416666666667,1277.650304,40.9166666666667,48.95495609,1611.25,1412.625853,49.5833333333333,0.742090782,208.25,5.483297024,90.75,3.491107712,1,9.172328677,44.1666666666667,3.948114024,158.166666666667,143.0455433,924.416666666667,31.70817962,43329.5,6352.58333333333,6.82584831341667,0.146602392416667,50.45,13.35
"Kerguelen","KER3","CAT2.3D",4.141,"KER3_4.141",124,140.5,141.6,141,141,0.55,6202,7698,6646,6775,748,0.01199,0.00137,22309.8333333333,53542.5,1.28833333333333,9.91666666666667,1172.723456,253.416666666667,10474.5502,63.5,551.7275601,32.5833333333333,34.43938134,1618.41666666667,1493.608743,76.1666666666667,0.586260213,216.75,5.475324783,99.5,2.881552952,0.181818181818182,8.062815032,14.25,1.526329795,249.333333333333,123.0309909,951.666666666667,21.99268344,41712.3333333333,6153.25,6.78154000525,0.14751623075,54.59,12.88
"Kerguelen","KER3","CAT2.3D",4.1489,"KER3_4.1489",130,148.3,149.4,148.9,148.9,0.55,6577,7997,7507,7444,710,0.0129,0.00128,22427.9166666667,53799.0833333333,1.34083333333333,26.0833333333333,1668.833707,270.75,10175.81245,140.333333333333,1250.404357,59.1666666666667,58.05521047,1086.58333333333,1219.508653,38.6666666666667,0.698079854,219.916666666667,6.019128737,79.5833333333333,4.230290494,0.181818181818182,9.555585218,34.4166666666667,4.097635166,304,124.2977188,979.25,62.50131563,41857.0833333333,6174.25,6.78200174141667,0.147510019833333,52.65,16.53
"Kerguelen","KER3","CAT2.3D",4.1528,"KER3_4.1528",133,152.3,153.4,152.8,152.8,0.55,7007,8108,7744,7693,551,0.01762,0.00132,23022.9166666667,55877.75,1.29666666666667,39.1666666666667,2102.277758,317,10563.03941,183.833333333333,1550.668939,61.5,68.57980204,1700.66666666667,1754.957543,51.6666666666667,0.730675186,223.583333333333,7.25278997,90.8333333333333,5.949248492,0.181818181818182,12.17608051,74.0833333333333,5.543690999,469.333333333333,132.9506239,1106.33333333333,86.08478295,42330.4166666667,6283,6.7407513395,0.148416220333333,51.57,20.86
"Kerguelen","KER3","CAT2.3D",4.1542,"KER3_4.1542",134,153.6,154.8,154.2,154.2,0.6,7213,8118,7809,7771,453,0.01827,0.00114,23100,55776.5384615385,1.30307692307692,45.6153846153846,3216.421278,324.692307692308,14186.97308,197.538461538462,2482.480732,69.4615384615385,99.68880033,2018.53846153846,2776.371193,51.2307692307692,1.156587985,225.307692307692,12.74073522,109.846153846154,10.45175639,2.07692307692308,20.20440283,58.3846153846154,9.271372537,455.153846153846,206.9438485,1080.07692307692,142.986496,42036.6923076923,6231.61538461538,6.75218963223077,0.148242751153846,51.6,21.27
"Kerguelen","KER3","CAT2.3D",4.157,"KER3_4.157",136,156.4,157.6,157,157,0.575,7616,8141,7944,7926,262,0.01794,0.00066,23238.0769230769,56094.0769230769,1.31230769230769,37.3076923076923,2409.761443,313.461538461538,12437.46462,202.923076923077,2058.571835,58.6153846153846,78.14911625,1843.84615384615,2063.954537,43.4615384615385,1.014040906,210.769230769231,11.91900007,112.769230769231,10.26088375,0.181818181818182,15.78135257,55.6153846153846,6.530373442,436.384615384615,171.8039896,1082,108.6647317,42602.2307692308,6322.38461538462,6.74017480015385,0.148421200230769,52.3,20.88
"Kerguelen","KER3","CAT2.3D",4.1609,"KER3_4.1609",139,160.4,161.5,160.9,160.9,0.55,8097,8386,8257,8255,145,0.00563,0.00012,23838.6666666667,57027.3333333333,1.34416666666667,18,1087.584239,320.5,10755.33611,126.25,823.5410759,44.1666666666667,40.47458511,1139,922.1577841,30,0.762922668,248,11.06659272,110.5,7.674057487,0.181818181818182,7.801664241,29.3333333333333,1.196850042,297.583333333333,133.8686841,1028.08333333333,51.6087618,44809.9166666667,6644.41666666667,6.7464788355,0.148284218083333,53.57,17.19
"Kerguelen","KER3","CAT2.3D",4.1635,"KER3_4.1635",141,163,164.1,163.5,163.5,0.55,8269,9006,8765,8724,369,0.00533,0.00024,23441.1666666667,55894.1666666667,1.30416666666667,17.5,962.7736169,295.75,10528.61814,106.666666666667,464.8436599,47.75,35.49509925,971.5,892.1897853,57.1666666666667,0.735314311,247.5,10.95410735,135.166666666667,7.281443283,0.181818181818182,7.362706322,26.4166666666667,0.766206838,359,132.8334633,997,32.68616841,43939.5833333333,6614.83333333333,6.6445684295,0.150538667083333,54.28,14.92
"Kerguelen","KER3","CAT2.3D",4.1649,"KER3_4.1649",142,164.3,165.5,164.9,164.9,0.575,8355,9352,9035,8976,499,0.00561,0.00033,23958.3846153846,56345.5384615385,1.32,10.3076923076923,1130.73032,295.230769230769,11573.18648,79.2307692307692,465.2383663,41.8461538461538,39.76382213,942.923076923077,1079.067648,52,0.851045118,235.923076923077,12.37150296,125.461538461538,7.973932809,0.181818181818182,8.349818929,24.5384615384615,1.004100827,260.153846153846,158.8010154,977.923076923077,35.9483757,44709.3076923077,6701.15384615385,6.67342058376923,0.149889080230769,54.02,14.6
"Kerguelen","KER3","CAT2.3E",4.167,"KER3_4.167",150,166.5,167.5,167,167,0.5,8486,9878,9440,9355,696,0.00551,0.00043,22916.6363636364,53492.8181818182,1.28454545454545,8.72727272727273,1320.408365,209.909090909091,12213.0194,59.3636363636364,824.966145,33.4545454545455,49.16188154,611.272727272727,962.6720227,48.3636363636364,0.779826419,222.181818181818,13.51243096,98.1818181818182,9.490423637,0.181818181818182,8.318544287,25.5454545454545,1.1035724,248.727272727273,162.2061418,992,52.72711269,42635.6363636364,6326,6.745320396,0.148365123181818,55.51,16.91
"Kerguelen","KER3","CAT2.3E",4.1696,"KER3_4.1696",152,169.1,170.2,169.6,169.6,0.55,8640,10529,9944,9823,945,0.00867,0.00086,23838.75,55856.5833333333,1.305,11.75,1998.212264,231,16966.12573,64.8333333333333,1131.044645,34,76.21539977,851.25,2348.961834,58.5833333333333,1.362159166,250.916666666667,20.45200621,120.75,13.75191128,0.181818181818182,14.86451,9.08333333333333,2.065153229,252.916666666667,252.3308725,1029.33333333333,73.90718256,44265.1666666667,6654.75,6.65389322958333,0.150340892583333,53.08,16.28
"Kerguelen","KER3","CAT2.3E",4.1751,"KER3_4.1751",156,174.6,175.7,175.1,175.1,0.55,9715,10684,10370,10317,485,0.01159,0.00058,24150.4166666667,56959.25,1.31416666666667,8.33333333333333,1283.586316,215.083333333333,11679.15184,57.0833333333333,493.835685,44.5,42.00968918,1387.91666666667,1655.247904,98.5,0.727182174,237.666666666667,10.59774057,125.75,5.900840785,0.181818181818182,7.409196191,40.5833333333333,1.239803204,273.5,146.3233767,1056.41666666667,37.80938757,44410.25,6639.16666666667,6.69103438991667,0.1494940935,56.99,15.06
"Kerguelen","KER3","CAT2.3E",4.1778,"KER3_4.1778",158,177.2,178.3,177.8,177.8,0.55,10207,10729,10559,10540,261,0.01202,0.00033,24389.75,65545.75,1.44333333333333,6.41666666666667,1186.056597,219.166666666667,10593.10427,42.5833333333333,541.1782668,38.3333333333333,45.03243353,12235.6666666667,4196.122168,207.75,1.156498194,239.25,11.29587326,121.166666666667,8.749783869,3.25,13.53520131,22.6666666666667,1.357751212,252.583333333333,125.1519053,1046.16666666667,49.06428939,42433,6370.91666666667,6.66056891391667,0.150237827166667,53.92,18.8
"Kerguelen","KER3","CAT2.3E",4.1791,"KER3_4.1791",159,178.6,179.6,179.1,179.1,0.5,10375,10784,10665,10648,205,0.01627,0.00036,22739.4545454545,53365.9090909091,1.29363636363636,6.81818181818182,956.4968488,193.636363636364,9607.16883,40.8181818181818,363.0065924,34.7272727272727,32.82676736,991.545454545454,2097.411436,47.8181818181818,0.853831839,237,7.457837511,106.454545454545,4.407188324,0.636363636363636,9.220712284,16.9090909090909,0.717833958,264.090909090909,109.4298921,1061.72727272727,40.56232656,42068.4545454545,6251.18181818182,6.73392039881818,0.148558147909091,53.75,17.11
"Kerguelen","KER3","CAT2.3E",4.1843,"KER3_4.1843",163,183.8,184.9,184.3,184.3,0.55,10536,10945,10786,10776,205,0.08283,0.00182,23110.5,55527.4166666667,1.43166666666667,61,28404.1912,210.666666666667,9637.612103,152.333333333333,2640.113003,75.9166666666667,390.1614629,2632.16666666667,11542.31551,59.75,0.442215771,198.666666666667,2.341268423,86.1666666666667,4.336218703,2.16666666666667,118.9866526,97,75.21650139,221.75,43.73690339,1509.75,375.2701178,41686.1666666667,6203.5,6.71749109416667,0.14935951475,15.9,29.2
"Kerguelen","KER3","CAT2.3E",4.187,"KER3_4.187",165,186.4,187.5,187,187,0.55,10579,10988,10817,10810,204,0.08283,0.00181,23307.4166666667,55448.8333333333,1.35083333333333,5,997.6136229,149.5,9116.045845,90.75,867.4628485,39.8333333333333,24.26747918,600.833333333333,2793.517809,56.5833333333333,1.391187562,229.25,7.95662022,85,5.898747032,0.181818181818182,20.40517355,37.75,0.590156647,268.166666666667,91.72627388,1205.08333333333,149.0322419,43623.8333333333,6510.5,6.70184739375,0.149262991333333,56.18,13
"Kerguelen","KER3","CAT2.3E",4.1909,"KER3_4.1909",168,190.4,191.5,190.9,190.9,0.55,10624,11061,10865,10859,218,0.07455,0.00171,22089.8333333333,54170.1666666667,1.27416666666667,93.0833333333333,18363.9166,241.833333333333,11081.24965,282.25,2657.03495,92.25,156.345027,3035.83333333333,4685.263824,63.5,0.770566552,209.166666666667,4.147415448,73.75,3.077501979,4.66666666666667,27.9689,135.5,35.06414579,482.166666666667,94.3121603,1427.91666666667,181.1907224,39546.0833333333,6306.75,6.27038499075,0.159933655166667,23.41,27.22
"Kerguelen","KER3","CAT2.3E",4.1945,"KER3_4.1945",171,194,195,194.5,194.5,0.5,10687,11080,10914,10907,197,0.07606,0.00157,19908.4545454545,50475.8181818182,1.32090909090909,109.818181818182,2582.837915,274.272727272727,15402.38837,227.181818181818,2445.179433,108.363636363636,80.49366959,5596,3019.351972,94.6363636363636,2.495460469,213.545454545455,14.78209106,121.090909090909,6.647074218,14.9090909090909,42.63542732,146.818181818182,5.22738231,321.363636363636,208.7810778,1392,308.4077906,33834.2727272727,5793.18181818182,5.82292411527273,0.173548203636364,56.15,19.68
"Kerguelen","KER3","CAT2.3E",4.1981,"KER3_4.1981",174,197.7,198.6,198.1,198.1,0.45,10734,11115,10966,10955,190,0.0717,0.00141,13682.1,38366.3,1.392,612.2,38386.72772,414.5,11835.48443,402.8,2701.145029,211.6,296.0413566,8525.9,10949.68509,137.9,2.559258484,151.4,4.315492745,100.7,6.066381953,41.9,54.94178027,446.8,56.48226198,242.3,50.30182718,1031,236.657087,19365.6,4995,3.8778837121,0.2580959261,5.26,61.01
"Kerguelen","KER3","CAT2.3E",4.2021,"KER3_4.2021",177,201.6,202.7,202.1,202.1,0.55,10796,11153,11023,11010,179,0.07106,0.00135,23686,56209.8333333333,1.29083333333333,20.9166666666667,5185.884967,169.666666666667,8912.586825,121.416666666667,2013.3191,40.4166666666667,126.2715705,1391.83333333333,5241.125535,73.25,1.716659161,244.666666666667,10.9175411,127.583333333333,13.11197215,97.8333333333333,76.3419094,10.0833333333333,15.78377328,226.833333333333,81.49647786,1665.25,605.8587744,43203.25,6446.08333333333,6.70658045866667,0.1492118735,37.34,25.28
"Kerguelen","KER3","CAT2.3E",4.2075,"KER3_4.2075",181,207,208.1,207.5,207.5,0.55,10875,11185,11106,11085,155,0.06905,0.00115,24427,62999.2,1.34,2,2111.546111,193.6,9632.985674,72.6,925.9678774,34.2,54.61148695,8821.4,9051.448288,74.8,10.43196843,273.2,27.65214913,131.6,5.623204587,59.8,89.9339509,3.6,2.277013402,198.6,91.41696835,1284.4,195.2366924,43344,6470.4,6.702129632,0.1493862622,50.75,16.56
"Marion Island","PB1","PB1.1A",5.00057,"PB1_5.00057",4,5,6.3,5.7,5.7,0.7,-64.3,-40.8,-56.6,-55.5,12,0.08948,-0.0087,21886.2307692308,51097.6153846154,1.35846153846154,64.6923076923077,2134.314662,115.615384615385,3780.755735,30.7692307692308,483.9049853,55.0769230769231,90.58997647,1038.23076923077,3050.532794,64.1538461538462,1.690889426,204.230769230769,3.447393088,104.538461538462,9.794512059,0.538461538461539,32.22505588,34.5384615384615,0.868594897,62.3076923076923,81.06532941,886.692307692308,6.897431912,40130.0769230769,5827.07692307692,6.89354275692308,0.145120524923077,0,6.36
"Marion Island","PB1","PB1.1A",5.00104,"PB1_5.00104",7,9.8,11.1,10.4,10.4,0.7,-55.1,96.7,-11.7,-2.1,76,0.08802,-3.17392,23303.7142857143,57021.5714285714,1.26428571428571,34.4285714285714,2089.942677,138.571428571429,6525.57179,72.7857142857143,1408.35037,25.7857142857143,86.46016016,3249.71428571429,7851.216036,86.8571428571429,2.851308267,233.928571428571,5.334838241,141.285714285714,13.40015169,2.28571428571429,31.8213276,22.2857142857143,1.338842032,187.571428571429,104.8784032,968.857142857143,17.18644975,42628.8571428571,6302.28571428571,6.76544611957143,0.147880167071429,0,11.52
"Marion Island","PB1","PB1.1A",5.00132,"PB1_5.00132",9,12.6,13.8,13.2,13.2,0.6,-40.6,127,24.1,29.6,84,0.09307,0.26736,22344.4615384615,54220.7692307692,1.32230769230769,19.7692307692308,1779.04261,115.692307692308,4940.432966,56.6153846153846,1241.462931,25.1538461538462,55.81310149,2784.92307692308,8344.923993,63.8461538461538,2.134905215,211.769230769231,5.589422519,100.538461538462,11.97926549,1.07692307692308,24.29654636,5.23076923076923,1.014046175,133.538461538462,94.53614478,883.307692307692,15.76503787,41067.1538461538,6062.53846153846,6.77507839715385,0.147634555538462,0,10.63
"Marion Island","PB1","PB1.1A",5.00201,"PB1_5.00201",14,19.4,20.7,20.1,20.1,0.7,2.8,221.1,112.8,112.8,109,0.08745,0.08746,21344,55060.5,1.25214285714286,15.7142857142857,1462.794157,126,6131.18343,143.285714285714,2277.256134,18.1428571428571,62.90213663,6043.85714285714,10691.94331,62.5,2.998855814,194.357142857143,8.261052616,109.285714285714,11.24002965,7.5,21.32425029,31.0714285714286,1.446039186,116,92.32272965,892.357142857143,27.06353779,39068.7857142857,5818.5,6.71633797271429,0.148946779428571,0,10.33
"Marion Island","PB1","PB1.1A",5.00229,"PB1_5.00229",16,22.3,23.5,22.9,22.9,0.6,33.1,237.9,150,145.3,102,0.08437,0.06175,20499.5384615385,50354,1.31307692307692,14.3076923076923,1354.604703,103.692307692308,6943.504909,139.153846153846,2862.642661,21.6923076923077,71.5155,1944.07692307692,7986.619879,66.8461538461538,3.571440727,189.307692307692,7.700557879,89.2307692307692,11.60429285,5.23076923076923,22.50065448,14.9230769230769,1.729952721,159.461538461538,111.3330188,810.769230769231,33.63395636,38739.1538461538,5718.15384615385,6.77965061784615,0.147600634,0,11.73
"Marion Island","PB1","PB1.1A",5.00243,"PB1_5.00243",17,23.7,24.9,24.3,24.3,0.6,41.3,250.5,170.5,161.6,105,0.08595,0.05786,21543,53523.9230769231,1.34769230769231,7.15384615384615,1102.266789,100.615384615385,6534.507184,104.153846153846,2202.675675,18.2307692307692,65.84935956,4082.76923076923,8570.237082,50.3846153846154,3.434464783,200.692307692308,8.044716196,104.461538461538,11.43140635,6.15384615384615,21.58351439,35.6153846153846,1.406166493,150.153846153846,101.3618316,954.384615384615,27.17845392,39635.1538461538,5831.30769230769,6.80089057115385,0.147154705230769,0,11.45
"Marion Island","PB1","PB1.1A",5.0031,"PB1_5.0031",22,30.4,31.6,31,31,0.6,121,335.6,266.6,256.4,107,0.03732,0.01637,22876.8461538462,54689.6153846154,1.25076923076923,10.3846153846154,1144.77978,153.384615384615,8345.148352,135.538461538462,2912.205495,33.6153846153846,83.23987912,1401.69230769231,8371.598901,51.2307692307692,4.068094505,234.538461538462,8.92706044,124.230769230769,13.55326154,0.538461538461539,18.08953077,43.0769230769231,1.945437912,207.153846153846,129.978,950.076923076923,34.46506593,42683.0769230769,6365.84615384615,6.70920055276923,0.149119361307692,0,10.72
"Marion Island","PB1","PB1.1A",5.00392,"PB1_5.00392",28,38.5,39.8,39.2,39.2,0.6,263,720.9,465.2,472.8,229,0.04041,0.02021,21749.4285714286,56612.2142857143,1.285,18.2857142857143,3227.770248,370.214285714286,23434.69076,757.642857142857,10129.00989,80.8571428571429,323.9125641,7204.21428571429,26108.88564,96.1428571428571,12.9706968,208.857142857143,23.03441319,119.857142857143,33.18613386,7.5,52.60385462,13.7142857142857,6.18584993,680,270.9112707,909.714285714286,116.7050439,37951.3571428571,6005.21428571429,6.32202576942857,0.158260431357143,0,14.38
"Marion Island","PB1","PB1.1A",5.00447,"PB1_5.00447",32,44,45.3,44.7,44.7,0.6,370.7,857.4,610.8,613.7,243,0.03973,0.01631,17843.8181818182,53673.9090909091,1.36090909090909,17.9090909090909,4573.268115,599.727272727273,37810.7568,1472.36363636364,15989.14162,131.636363636364,523.7464391,15633.6363636364,41892.79642,199.272727272727,18.97802487,188.181818181818,31.2414405,137.090909090909,45.7672747,36.9090909090909,87.38332267,67,8.593039332,1459.27272727273,385.7181504,862,197.5983924,26079.6363636364,4919.09090909091,5.30640176263636,0.188784787909091,0,27.82
"Marion Island","PB1","PB1.1B",5.0047,"PB1_5.0047",39,46.4,47.6,47,47,0.6,446.3,898.8,672.9,672.7,226,0.03938,0.01373,18223.5384615385,54931,1.33461538461538,19.4615384615385,4438.860201,509.384615384615,35780.25835,1038.69230769231,14153.99091,122.384615384615,517.3790221,16753.9230769231,41782.67485,175.230769230769,22.23236511,185.923076923077,41.34347364,119.846153846154,44.24220161,41.3846153846154,77.76789376,37.9230769230769,8.614199678,1200.76923076923,341.4057384,817.153846153846,176.5003252,27081.3846153846,4963.84615384615,5.453978371,0.183735067076923,0,25.76
"Marion Island","PB1","PB1.1B",5.00499,"PB1_5.00499",41,49.3,50.5,49.9,49.9,0.6,495.5,961,754.6,747.3,233,0.04402,0.01424,16071.9090909091,66787.0909090909,1.35636363636364,69.3636363636364,8579.334172,1364.18181818182,60397.75166,2255.18181818182,19379.59354,259.090909090909,1055.296149,37993.9090909091,74332.03609,238.090909090909,35.14007772,171.727272727273,47.34327699,104.545454545455,50.31560728,60.2727272727273,103.8651099,72.1818181818182,16.4500648,1738.27272727273,511.7163841,726.181818181818,243.6359699,16348,4016.90909090909,4.05994596954545,0.247630758272727,0,45.87
"Marion Island","PB1","PB1.1B",5.00512,"PB1_5.00512",42,50.6,51.8,51.2,51.2,0.6,545.2,975.3,786,778.9,215,0.03961,0.0114,15603.6923076923,65775.2307692308,1.35461538461538,80.4615384615385,6114.128317,1542.92307692308,51827.23723,2497,18233.81632,257.769230769231,880.5487604,36975.3846153846,65826.87683,194.692307692308,32.34773869,171,72.51241901,124.692307692308,51.72438273,79.1538461538462,95.36897347,61.7692307692308,11.75398313,1607.84615384615,440.388663,701.923076923077,228.9655343,16194.4615384615,3884.61538461538,4.15446699253846,0.242483116846154,0,43.39
"Marion Island","PB1","PB1.1B",5.00539,"PB1_5.00539",44,53.3,54.5,53.9,53.9,0.6,621.1,1018.5,855.2,844.3,199,0.04125,0.01015,16945.4615384615,76043.4615384615,1.37692307692308,118.230769230769,6085.950991,2186.92307692308,50668.12079,2986.84615384615,17231.49344,337,807.1621441,45487.8461538462,61529.99604,215.692307692308,44.30881777,223.538461538462,85.66749658,140.153846153846,55.39246919,124.846153846154,97.01418486,60.4615384615385,12.38336299,1737.15384615385,437.9821679,671.153846153846,218.5784771,16203.0769230769,4008.07692307692,4.02731308661538,0.250592845615385,0,44.65
"Marion Island","PB1","PB1.1B",5.00552,"PB1_5.00552",45,54.7,55.8,55.2,55.2,0.6,654.6,1045.9,887.3,876.3,196,0.03743,0.00873,16674,77864.1666666667,1.37833333333333,118.166666666667,5971.77161,2209.91666666667,52137.26958,3336.91666666667,17539.18581,332.833333333333,795.0788946,48023.5,62090.22227,259,46.36802899,178,110.4083356,106.083333333333,54.30724473,102.916666666667,99.41379483,62.1666666666667,11.91461022,2075.25,460.3240616,704.083333333333,220.0644131,14820.6666666667,3984,3.71699560483333,0.269503470416667,0,52.38
"Marion Island","PB1","PB1.1B",5.00568,"PB1_5.00568",46,56,57.7,56.8,56.8,0.9,757.5,1072.6,921.1,918.8,158,0.03744,0.00698,15703.2222222222,77928,1.40388888888889,172.222222222222,7275.637169,2910,59688.22795,3258.77777777778,18368.00203,434.944444444444,966.1091978,50206.1666666667,69022.61633,201.055555555556,36.58043093,148.777777777778,62.43668675,130.833333333333,62.48854446,105,98.6333706,85.2222222222222,14.90909256,1986,498.3007666,654.555555555556,235.4340181,12691.5555555556,3692.27777777778,3.43058057877778,0.294419521944444,0,55.96
"Marion Island","PB1","PB1.1B",5.00649,"PB1_5.00649",52,64.3,65.4,64.9,64.9,0.5,997.4,1772.2,1233.1,1274.3,387,0.01876,0.00586,15811.5,71909.25,1.43083333333333,90.4166666666667,5582.114343,2369.58333333333,53503.31048,3602.5,19759.52586,284.583333333333,675.5517271,41813.9166666667,55145.10882,212,23.6322384,131.333333333333,37.44748852,130.833333333333,48.02260133,124.833333333333,97.63871281,59.3333333333333,10.19846496,2464.91666666667,551.4510882,765.416666666667,232.6041937,14497.1666666667,3880.5,3.73396496983333,0.268237449666667,0,52.76
"Marion Island","PB1","PB1.1B",5.00675,"PB1_5.00675",54,66.9,68.1,67.5,67.5,0.6,1078.8,1913.7,1381.3,1411.9,417,0.01919,0.00584,17487.3846153846,67951.3846153846,1.38384615384615,58.3846153846154,5139.243725,1443.07692307692,48214.4705,3015.30769230769,20035.274,230.307692307692,622.734525,33420.2307692308,49708.5435,236.153846153846,21.47423775,157.923076923077,44.00779775,137.230769230769,44.9569015,59.6923076923077,85.7867325,53.1538461538462,10.06049975,2032.53846153846,496.7792725,871,260.6667525,19994.8461538462,4481.07692307692,4.45671500569231,0.225155009692308,0,28.79
"Marion Island","PB1","PB1.1B",5.00714,"PB1_5.00714",57,70.8,72,71.4,71.4,0.6,1194.5,2147.1,1585,1620.1,476,0.01864,0.00564,15893.2307692308,68179,1.41076923076923,85.6153846153846,5962.569172,1812.61538461538,47830.07389,3134.23076923077,21583.66777,310.846153846154,706.3493503,37935.1538461538,57544.1121,255.923076923077,22.93900739,135.846153846154,31.66776459,116.384615384615,44.4717921,81.5384615384615,102.3212025,81.5384615384615,10.71782217,2271,524.5580637,776.846153846154,268.1074548,15706.5384615385,4129.61538461538,3.79889815484615,0.264085901615385,0,48.3
"Marion Island","PB1","PB1.1B",5.00783,"PB1_5.00783",62,77.7,78.9,78.3,78.3,0.6,1482.1,2488.3,2025.3,2008.3,503,0.01643,0.00424,18248.8461538462,66842.2307692308,1.41769230769231,45.3846153846154,5264.353752,1079.53846153846,38970.60587,2644.69230769231,20092.56561,198.615384615385,575.5242044,30791.8461538462,52812.80934,292,24.17201658,164.230769230769,37.3921461,135.076923076923,39.51227571,70.5384615384615,94.45367825,51.6923076923077,9.441136029,1767.15384615385,465.9206978,847.230769230769,253.3576038,22383.6153846154,4693.15384615385,4.761564441,0.210580766230769,0,35.13
"Marion Island","PB1","PB1.1B",5.0081,"PB1_5.0081",64,80.4,81.5,81,81,0.5,1658,2607.4,2185.6,2167.2,475,0.01669,0.00377,19450.5833333333,64025.4166666667,1.3575,26.6666666666667,3567.259715,787.583333333333,32020.30072,2457.5,17955.59469,150.333333333333,456.6288204,23119.5,43148.48701,172.083333333333,17.92500594,179.25,31.24334654,120.5,43.98661868,44.5,83.81316773,33.9166666666667,6.637758174,1442.41666666667,386.5194115,1006.33333333333,239.2040042,27547.8333333333,5111.33333333333,5.38948570466667,0.1857395155,0,26.99
"Marion Island","PB1","PB1.1B",5.00823,"PB1_5.00823",65,81.7,82.8,82.3,82.3,0.5,1773.3,2634.7,2263.2,2244.6,431,0.01669,0.00332,18342.75,67634.6666666667,1.41166666666667,43.25,4342.971443,1073.75,36077.95721,2639.91666666667,18292.79638,191.583333333333,514.981336,31128.4166666667,43519.29717,257,18.86015376,138.083333333333,30.47007742,98,40.27640183,62.9166666666667,88.38830769,32.1666666666667,7.745921289,1895.58333333333,428.9221796,936.75,235.6026175,22775.0833333333,4775.58333333333,4.7702997825,0.2100447095,0,36.1
"Marion Island","PB1","PB1.1B",5.00836,"PB1_5.00836",66,83,84.1,83.6,83.6,0.5,1846.4,2668,2345,2322.1,411,0.01669,0.00306,18904.3333333333,63114.5,1.31916666666667,43.3333333333333,4009.199321,949.666666666667,33623.07526,2104.08333333333,16696.80175,148.666666666667,479.1042361,23379.9166666667,43807.25015,152.083333333333,18.06270504,174.25,29.45980204,127.083333333333,41.21203391,60.4166666666667,79.16775438,35.3333333333333,7.807503175,1559.41666666667,400.1003901,940.75,227.6687595,26735.1666666667,5044.83333333333,5.29389011025,0.189224260333333,0,26.73
"Marion Island","PB1","PB1.1B",5.00849,"PB1_5.00849",67,84.3,85.4,84.9,84.9,0.5,1913.3,2723.1,2425.5,2399.5,405,0.01972,0.00346,17636.0909090909,64678.3636363636,1.33909090909091,48.8181818181818,4866.164345,1129.81818181818,61232.19139,2548.45454545455,18645.98996,192.636363636364,767.6621211,28673.5454545455,56835.40498,159.454545454545,26.84557695,164.090909090909,61.39360058,114.909090909091,36.60114857,52.4545454545455,82.38325202,63.2727272727273,9.523142377,1803.45454545455,414.5633709,940.454545454546,232.1064193,22475.5454545455,4671.36363636364,4.80443690445455,0.208509624909091,0,55.31
"Marion Island","PB1","PB1.1B",5.00861,"PB1_5.00861",68,85.6,86.6,86.1,86.1,0.5,2063.4,2740.2,2478.5,2462.5,338,0.02005,0.00287,18191.6666666667,64933,1.38166666666667,35.6666666666667,3482.606716,1158.66666666667,34472.38333,3313.5,18764.10578,184.5,454.0828716,27310.1666666667,40065.30353,245,15.24613069,177,29.45950461,144.333333333333,39.07498882,122.666666666667,74.93381275,45.3333333333333,6.271993137,1956.33333333333,399.5212471,940.833333333333,254.9353,22639.8333333333,4703.83333333333,4.81379144583333,0.207835867,0,31.97
"Marion Island","PB1","PB1.1C",5.00897,"PB1_5.00897",77,89.2,90.3,89.7,89.7,0.5,2379,2830.8,2712.6,2649.3,226,0.03193,0.00292,17434.4166666667,64597.4166666667,1.36666666666667,47.5833333333333,3031.680891,1300,32998.88575,3825.16666666667,22143.81355,166.916666666667,373.9562367,27577.25,37869.32381,206.75,12.54971777,166.166666666667,28.70889717,139.25,46.39592631,144.916666666667,102.1457624,61.25,5.218707731,2191.41666666667,450.2820056,1060.33333333333,313.6428668,21375.9166666667,4659.75,4.58893915241667,0.218045056166667,0,39.13
"Marion Island","PB1","PB1.1C",5.00924,"PB1_5.00924",79,91.8,92.9,92.4,92.4,0.5,2461.8,2899.8,2762.4,2722.3,219,0.04297,0.00371,17075.3333333333,66607.5833333333,1.38583333333333,36.6666666666667,2909.478926,1306.83333333333,32868.11347,3957.33333333333,24511.61008,188.166666666667,353.6966545,31285.5833333333,37601.26579,242.333333333333,12.3637857,156.083333333333,25.05151339,130.916666666667,47.36751669,142.333333333333,119.2586413,40.9166666666667,4.718754893,2258.41666666667,473.1352636,1068.75,351.2970843,19642.1666666667,4468.5,4.39987856108333,0.227481382833333,0,40.63
"Marion Island","PB1","PB1.1C",5.00951,"PB1_5.00951",81,94.5,95.6,95.1,95.1,0.5,2508.3,3011.9,2805.9,2787.1,252,0.04233,0.00407,17447,69952.9,1.418,55.4,3170.339497,1635.4,35958.92568,4481.4,25718.47587,215.7,369.9655871,33752.8,37546.25716,189.6,13.46452387,159.5,30.9684049,151,46.29202129,188.2,129.1482542,59.6,4.905904271,2581.9,531.0457626,1099.3,370.5832258,19214.4,4511.8,4.2562886016,0.2353041576,0,45.7
"Marion Island","PB1","PB1.1C",5.00991,"PB1_5.00991",84,98.5,99.6,99.1,99.1,0.5,2608.4,3115.6,2897.4,2884.4,254,0.04212,0.00394,17307.4285714286,67550.8571428571,1.35428571428571,58.5714285714286,3088.798418,1523,32164.29416,4601.28571428571,22742.68935,167.857142857143,351.2738566,30468.2857142857,36608.93142,182,12.41035079,149.571428571429,27.5785573,131.714285714286,44.25396404,223.857142857143,134.7501137,8.14285714285714,4.98017436,2504.28571428571,493.0148139,1271.28571428571,379.5579119,19992.2857142857,4599.28571428571,4.34454599242857,0.230503511,0,46.28
"Marion Island","PB1","PB1.1C",5.01018,"PB1_5.01018",86,101.2,102.3,101.8,101.8,0.5,2686.5,3170.1,2963.5,2950.8,242,0.04165,0.00364,15458.1,64199,1.393,74.3,4067.195364,1652.6,40201.01523,4473.4,24341.33179,176.6,491.8690066,31669,45780.92185,218.9,18.13350728,133.1,30.79651788,88.2,45.27192781,247.2,148.6548013,51.8,6.283935762,2617.5,580.8240397,1149.1,387.168457,16313,4017.4,4.0626464708,0.2462680893,0,49.34
"Marion Island","PB1","PB1.1C",5.01031,"PB1_5.01031",87,102.6,103.7,103.1,103.1,0.5,2714,3197.8,2994.8,2982.9,242,0.04165,0.0036,16703.1666666667,70746.25,1.3775,88.4166666666667,3202.886124,2065.41666666667,33421.16392,5080.33333333333,24341.69856,217.5,357.7509938,35895.3333333333,38376.81753,206.333333333333,13.00859072,141.583333333333,28.65429711,99.1666666666667,39.09656722,267,145.9557979,34.3333333333333,5.159189381,2623.25,528.0720887,1192.08333333333,405.9506247,17079.0833333333,4210,4.05749276658333,0.2472318425,0,44.91
"Marion Island","PB1","PB1.1C",5.01044,"PB1_5.01044",88,103.9,105,104.4,104.4,0.5,2739.2,3227.7,3025.5,3015,244,0.04041,0.00349,17387.1111111111,70293.2222222222,1.42777777777778,72.1111111111111,2975.878148,1686.44444444444,32805.93815,4717.66666666667,24549.50975,171,333.761663,33334.7777777778,37284.60506,247.333333333333,12.74697506,142.444444444444,29.91321827,110.555555555556,41.1989837,312.666666666667,150.0412815,29.1111111111111,4.813081963,2773.88888888889,528.8866074,1369.22222222222,415.553763,19304.2222222222,4456.66666666667,4.332123013,0.230948308777778,0,55.53
