"Site","depth","SH20_age","XRF_value","OLS_Mn_Pred_ppm","OLS_Mn_L95_ppm","OLS_Mn_U95_ppm","OLS_Mn_XRF_pred","OLS_Mn_XRF_pred_lower","OLS_Mn_XRF_pred_upper","OLS_Mn_L95_log_pc","OLS_Mn_U95_log_pc","OLS_Mn_L95_pc_ppm","OLS_Mn_U95_pc_ppm","WLS_Mn_Pred_ppm","WLS_Mn_L95_ppm","WLS_Mn_U95_ppm","WLS_Mn_XRF_pred","WLS_Mn_XRF_pred_lower","WLS_Mn_XRF_pred_upper","WLS_Mn_L95_log_pc","WLS_Mn_U95_log_pc","WLS_Mn_L95_pc_ppm","WLS_Mn_U95_pc_ppm","OLS_weighted_Mn_Pred_ppm","OLS_weighted_Mn_L95_ppm","OLS_weighted_Mn_U95_ppm","OLS_weighted_Mn_XRF_pred","OLS_weighted_Mn_XRF_pred_lower","OLS_weighted_Mn_XRF_pred_upper","OLS_weighted_Mn_L95_log_pc","OLS_weighted_Mn_U95_log_pc","OLS_weighted_Mn_L95_pc_ppm","OLS_weighted_Mn_U95_pc_ppm","WLS_weighted_Mn_Pred_ppm","WLS_weighted_Mn_L95_ppm","WLS_weighted_Mn_U95_ppm","WLS_weighted_Mn_XRF_pred","WLS_weighted_Mn_XRF_pred_lower","WLS_weighted_Mn_XRF_pred_upper","WLS_weighted_Mn_L95_log_pc","WLS_weighted_Mn_U95_log_pc","WLS_weighted_Mn_L95_pc_ppm","WLS_weighted_Mn_U95_pc_ppm","Bayes_Mn_Pred_ppm","Bayes_Mn_L95_ppm","Bayes_Mn_U95_ppm","Bayes_Mn_XRF_pred","Bayes_Mn_XRF_pred_lower","Bayes_Mn_XRF_pred_upper","Bayes_Mn_L95_log_pc","Bayes_Mn_U95_log_pc","Bayes_Mn_L95_pc_ppm","Bayes_Mn_U95_pc_ppm","RF_Mn_Pred_ppm","RF_Mn_L95_ppm","RF_Mn_U95_ppm","RF_Mn_XRF_pred","RF_Mn_XRF_pred_lower","RF_Mn_XRF_pred_upper","RF_Mn_L95_log_pc","RF_Mn_U95_log_pc","RF_Mn_L95_pc_ppm","RF_Mn_U95_pc_ppm","PLS_LOO_Mn_Pred_ppm","PLS_LOO_Mn_L95_ppm","PLS_LOO_Mn_U95_ppm","PLS_LOO_Mn_XRF_pred","PLS_LOO_Mn_XRF_pred_lower","PLS_LOO_Mn_XRF_pred_upper","PLS_LOO_Mn_L95_log_pc","PLS_LOO_Mn_U95_log_pc","PLS_LOO_Mn_L95_pc_ppm","PLS_LOO_Mn_U95_pc_ppm","PLS_kfold_Mn_Pred_ppm","PLS_kfold_Mn_L95_ppm","PLS_kfold_Mn_U95_ppm","PLS_kfold_Mn_XRF_pred","PLS_kfold_Mn_XRF_pred_lower","PLS_kfold_Mn_XRF_pred_upper","PLS_kfold_Mn_L95_log_pc","PLS_kfold_Mn_U95_log_pc","PLS_kfold_Mn_L95_pc_ppm","PLS_kfold_Mn_U95_pc_ppm"
"BI10",0.6,-61,-7.755888505,39.1708271693155,12.6636764288296,121.161789765517,39.1708271693155,12.6636764288296,121.161789765517,30.7855873977548,30.7855873977548,27.1118579366824,51.2297964019486,40.7041381081165,13.1466996460006,126.026067662438,40.7041381081165,13.1466996460006,126.026067662438,30.492672914569,30.4926729145691,28.2923584121141,53.1159178041189,32.4137717736207,10.1461613085801,103.551734359268,32.4137717736207,10.1461613085801,103.551734359268,33.3896825282082,33.3896825282082,21.5909162829908,43.2366272642506,40.2209979023894,12.997077020746,124.468653196545,40.2209979023894,12.997077020746,124.468653196545,30.577847861852,30.577847861852,27.9222823552781,52.5197134495007,28.3202982561955,9.65963607591467,83.0299699716094,28.3202982561955,9.65963607591467,83.0299699716094,32.1698063783555,32.1698063783556,19.2097131414046,37.4308833709864,41.3207805589387,14.6439743673683,116.59450250095,41.3207805589387,14.6439743673683,116.59450250095,27.8751598069195,27.8751598069195,29.802546944668,52.8390141732094,24.248891764755,7.9670056824139,73.8054891961173,24.248891764755,7.9670056824139,73.8054891961173,34.9100597649521,34.9100597649521,15.7835891573405,32.7141943721696,24.248891764755,7.9670056824139,73.8054891961173,24.248891764755,7.9670056824139,73.8054891961173,34.9100597649521,34.9100597649521,15.7835891573405,32.7141943721696
"BI10",4.5,-20,-7.145216404,64.7940055549883,20.9474851610721,200.418480957405,64.7940055549883,20.9474851610721,200.418480957405,27.0711293844382,27.0711293844382,47.2535364778374,82.3344746321393,66.2994030880117,21.4135068231162,205.272816177943,66.2994030880117,21.4135068231162,205.272816177943,26.9458814400263,26.9458814400263,48.434444536471,84.1643616395525,54.9177356374606,17.1903537907027,175.44477119355,54.9177356374606,17.1903537907027,175.44477119355,28.9948926525228,28.9948926525228,38.9943971421827,70.8410741327385,65.8165437726662,21.2680622874805,203.677108691243,65.8165437726662,21.2680622874805,203.677108691243,26.9811189539543,26.9811189539543,48.0585038059817,83.5745837393506,21.6090312032987,7.3705218599273,63.3537541057836,21.6090312032987,7.3705218599273,63.3537541057836,35.0011017401654,35.0011017401654,14.045632206768,29.1724301998294,39.8757002201515,14.1318417514366,112.516931339523,39.8757002201515,14.1318417514366,112.516931339523,28.144387739038,28.1443877390381,28.6529285365356,51.0984719037673,15.4466117153084,5.07500484986171,47.0143025557908,15.4466117153084,5.07500484986171,47.0143025557908,40.661444854509,40.661444854509,9.16579621079818,21.7274272198187,15.4466117153084,5.07500484986171,47.0143025557908,15.4466117153084,5.07500484986171,47.0143025557908,40.661444854509,40.661444854509,9.16579621079818,21.7274272198187
"BI10",12.3,60,-8.089138065,29.7636289160781,9.62238975224466,92.0637834325248,29.7636289160781,9.62238975224466,92.0637834325248,33.2773044504547,33.2773044504547,19.8590955061712,39.6681623259849,31.190225741185,10.0738782042544,96.5695794669459,31.190225741185,10.0738782042544,96.5695794669459,32.8524590736193,32.8524590736193,20.9434695945928,41.4369818877773,24.3092379968572,7.6092795286942,77.6603159023725,24.3092379968572,7.6092795286942,77.6603159023725,36.4005078377969,36.4005078377969,15.4605519145025,33.157924079212,30.74222370683,9.93409090138302,95.135461092792,30.74222370683,9.93409090138302,95.135461092792,32.9767772499948,32.9767772499948,20.6044290733336,40.8800183403265,18.0448278501516,6.15482465997202,52.9041573286815,18.0448278501516,6.15482465997202,52.9041573286815,37.1819984920109,37.1819984920109,11.3354002310223,24.754255469281,41.5466223239872,14.7240120862524,117.231758329218,41.5466223239872,14.7240120862524,117.231758329218,27.8343907194849,27.8343907194849,29.9823731355798,53.1108715123945,16.5775543161934,5.44657754749859,50.4565123161711,16.5775543161934,5.44657754749859,50.4565123161711,39.6382663640833,39.6382663640833,10.0064991796901,23.1486094526968,16.5775543161934,5.44657754749859,50.4565123161711,16.5775543161934,5.44657754749859,50.4565123161711,39.6382663640833,39.6382663640833,10.0064991796901,23.1486094526968
"BI10",27.2,214,-7.26659863,58.6259154471044,18.9533813099466,181.339567109713,58.6259154471044,18.9533813099466,181.339567109713,27.7363164738689,27.7363164738689,42.3652460029928,74.8865848912161,60.172267716266,19.434553032011,186.302293454049,60.172267716266,19.434553032011,186.302293454049,27.5836136314454,27.5836136314454,43.5745818761322,76.7699535563998,49.4536170087487,15.4799749615025,157.988642832444,49.4536170087487,15.4799749615025,157.988642832444,29.7738392472573,29.7738392472573,34.7293765786096,64.1778574388879,59.6790739180764,19.2847905495142,184.683979562793,59.6790739180764,19.2847905495142,184.683979562793,27.6270441564605,27.6270441564605,43.1915098145627,76.1666380215901,68.1528833754214,23.2459434210516,199.811873764497,68.1528833754214,23.2459434210516,199.811873764497,25.4781060698366,25.4781060698366,50.7888194593795,85.5169472914633,61.6338883987691,21.8428855811525,173.911829782679,61.6338883987691,21.8428855811525,173.911829782679,25.1706688743103,25.1706688743103,46.1202264355529,77.1475503619852,64.8830343650596,21.3174073476635,197.482183445677,64.8830343650596,21.3174073476635,197.482183445677,26.6755950602393,26.6755950602393,47.5750988550404,82.1909698750787,64.8830343650596,21.3174073476635,197.482183445677,64.8830343650596,21.3174073476635,197.482183445677,26.6755950602393,26.6755950602393,47.5750988550404,82.1909698750787
"BI10",36.7,340,-6.773269755,88.0363793315693,28.4615950794632,272.3109532046,88.0363793315693,28.4615950794632,272.3109532046,25.2178987253016,25.2178987253016,65.8354543503118,110.237304312827,89.2391685470869,28.8226357337717,276.29774308407,89.2391685470869,28.8226357337717,276.29774308407,25.163181377856,25.1631813778559,66.7837547054928,111.694582388681,75.714847471658,23.700267320546,241.884956406659,75.714847471658,23.700267320546,241.884956406659,26.8429594249162,26.8429594249162,55.3907416862037,96.0389532571124,88.8394643440924,28.7077253370033,274.924269766931,88.8394643440924,28.7077253370033,274.924269766931,25.177340425268,25.177340425268,66.4720499741957,111.206878713989,90.7273763445833,30.9457700509739,265.996186387114,90.7273763445833,30.9457700509739,265.996186387114,23.8610566892792,23.8610566892792,69.0788656423066,112.37588704686,129.614860894123,45.9351608292147,365.733173920184,129.614860894123,45.9351608292147,365.733173920184,21.3243335932686,21.3243335932686,101.975355570609,157.254366217637,96.8462782573334,31.8189736950483,294.76757176981,96.8462782573334,31.8189736950483,294.76757176981,24.3392035362321,24.3392035362321,73.2746654750153,120.417891039651,96.8462782573334,31.8189736950483,294.76757176981,96.8462782573334,31.8189736950483,294.76757176981,24.3392035362321,24.3392035362321,73.2746654750153,120.417891039651
"BI10",41.4,404,-7.017845738,71.9653440387808,23.2659327579996,222.600606495751,71.9653440387808,23.2659327579996,222.600606495751,26.4065885864221,26.4065885864221,52.9617517136567,90.9689363639048,73.4007556407444,23.7071151251311,227.25966024103,73.4007556407444,23.7071151251311,227.25966024103,26.3076423067046,26.3076423067046,54.0907473963591,92.7107638851297,61.3017202650422,19.1886691449082,195.839580070651,61.3017202650422,19.1886691449082,195.839580070651,28.2201690680141,28.2201690680141,44.0022711646462,78.6011693654382,72.936591708071,23.56884586407,225.710942346127,72.936591708071,23.56884586407,225.710942346127,26.3350247267157,26.3350247267157,53.7287222469268,92.1444611692151,65.7605333004393,22.4299480921373,192.797937926307,65.7605333004393,22.4299480921373,192.797937926307,25.6955977764774,25.6955977764774,48.862971167892,82.6580954329867,90.6812844348099,32.1372052246027,255.874625353287,90.6812844348099,32.1372052246027,255.874625353287,23.0143290833791,23.0143290833791,69.8115952179477,111.550973651672,64.5427361722194,21.2056019232188,196.446429942433,64.5427361722194,21.2056019232188,196.446429942433,26.7092560092351,26.7092560092351,47.3038515326161,81.7816208118227,64.5427361722194,21.2056019232188,196.446429942433,64.5427361722194,21.2056019232188,196.446429942433,26.7092560092351,26.7092560092351,47.3038515326161,81.7816208118227
"BI10",46.4,467,-6.981990429,74.1236432839742,23.9636970191314,229.276579874277,74.1236432839742,23.9636970191314,229.276579874277,26.2253624535812,26.2253624535812,54.6844491689524,93.562837398996,75.5336435778279,24.3959993121131,233.863398631493,75.5336435778279,24.3959993121131,233.863398631493,26.1333930696409,26.1333930696409,55.7941396018126,95.2731475538432,63.229141928294,19.7919908206941,201.99708180989,63.229141928294,19.7919908206941,201.99708180989,28.0094933055565,28.0094933055565,45.5189796527276,80.9393042038603,75.0764025027155,24.2603077162924,232.332840896511,75.0764025027155,24.2603077162924,232.332840896511,26.1586907678732,26.1586907678732,55.4373985323864,94.7154064730447,78.2286041846613,26.6826231953716,229.35205687505,78.2286041846613,26.6826231953716,229.35205687505,24.6723117100563,24.6723117100563,58.9277991137955,97.5294092555271,56.4038444831743,19.9893719736122,159.154258407009,56.4038444831743,19.9893719736122,159.154258407009,25.724165885355,25.724165885355,41.8944259626049,70.9132630037437,81.8204074744523,26.8822038388511,249.033863421948,81.8204074744523,26.8822038388511,249.033863421948,25.2708694929581,25.2708694929581,61.1436790829769,102.497135865928,81.8204074744523,26.8822038388511,249.033863421948,81.8204074744523,26.8822038388511,249.033863421948,25.2708694929581,25.2708694929581,61.1436790829769,102.497135865928
"BI10",49.8,509,-7.216311013,61.1066686821938,19.7553928715904,189.01294353934,61.1066686821938,19.7553928715904,189.01294353934,27.4568089791624,27.4568089791624,44.3287273885942,77.8846099757934,62.6388150578258,20.2312031656165,193.939091003585,62.6388150578258,20.2312031656165,193.939091003585,27.315779755637,27.315779755637,45.5285342950893,79.7490958205623,51.6481005360056,16.1668923622935,164.999322640316,51.6481005360056,16.1668923622935,164.999322640316,29.4461063684817,29.4461063684817,36.439745914873,66.8564551571381,62.1491003057811,20.0829587919378,192.327769470335,62.1491003057811,20.0829587919378,192.327769470335,27.3557274726443,27.3557274726443,45.1477617994313,79.1504388121309,66.4628864408191,22.6695103902272,194.857109748145,66.4628864408191,22.6695103902272,194.857109748145,25.6305491918678,25.6305491918678,49.4280836372697,83.4976892443684,117.221777028695,41.5430849777163,330.76371235154,117.221777028695,41.5430849777163,330.76371235154,21.7741783174822,21.7741783174822,91.6976982715451,142.745855785844,65.6739094644626,21.5772504148086,199.889341849893,65.6739094644626,21.5772504148086,199.889341849893,26.5983638496565,26.5983638496565,48.2057240708109,83.1420948581144,65.6739094644626,21.5772504148086,199.889341849893,65.6739094644626,21.5772504148086,199.889341849893,26.5983638496565,26.5983638496565,48.2057240708109,83.1420948581144
"BI10",58.9,731,-7.012785603,72.2660857690663,23.3631606246597,223.530849968555,72.2660857690663,23.3631606246597,223.530849968555,26.3808611255877,26.3808611255876,53.2016700414308,91.3305014967017,73.6980727962234,23.8031431833178,228.180198390102,73.6980727962234,23.8031431833178,228.180198390102,26.2829104242633,26.2829104242633,54.3280743387837,93.0680712536631,61.5701278330014,19.2726861022675,196.697057237192,61.5701278330014,19.2726861022675,196.697057237192,28.1902452634076,28.1902452634076,44.2133577878847,78.9268978781181,73.2348388684928,23.6652219242719,226.633903593072,73.2348388684928,23.6652219242719,226.633903593072,26.3099953888994,26.3099953888994,53.9667561391244,92.5029215978611,84.9143101686344,28.9630189077161,248.953332330081,84.9143101686344,28.9630189077161,248.953332330081,24.2167800347204,24.2167800347204,64.3507984570961,105.477821880173,42.6637637686555,15.1199240331991,120.383987043255,42.6637637686555,15.1199240331991,120.383987043255,27.6376199235409,27.6376199235409,30.8725148931971,54.4550126441138,73.4643800089694,24.1368198870505,223.60091989574,73.4643800089694,24.1368198870505,223.60091989574,25.9044409915023,25.9044409915023,54.4338430397729,92.4949169781659,73.4643800089694,24.1368198870505,223.60091989574,73.4643800089694,24.1368198870505,223.60091989574,25.9044409915023,25.9044409915023,54.4338430397729,92.4949169781659
"BI10",64.6,891,-6.721682968,91.859937063083,29.6977266962285,284.137844069566,91.859937063083,29.6977266962285,284.137844069566,24.9807145079457,24.9807145079457,68.9126684381756,114.80720568799,92.993675520086,30.0352735093641,287.92225527891,92.993675520086,30.0352735093641,287.92225527891,24.9343885339913,24.9343885339913,69.8062711538686,116.181079886303,79.1634099507325,24.7797366103212,252.902021259478,79.1634099507325,24.7797366103212,252.902021259478,26.5694653446605,26.5694653446605,58.1301151782211,100.196704723244,92.6133778385198,29.927233726023,286.60309312859,92.6133778385198,29.927233726023,286.60309312859,24.946036692122,24.946036692122,69.5100106211091,115.716745055931,117.332120257069,40.0202558407306,343.996462661493,117.332120257069,40.0202558407306,343.996462661493,22.5733661404886,22.5733661404886,90.8463111510424,143.817929363095,100.311401208021,35.5500929114776,283.04784567997,100.311401208021,35.5500929114776,283.04784567997,22.5102800599534,22.5102800599534,77.7310238640318,122.89177855201,112.451018495687,36.9459318817418,342.26316448568,112.451018495687,36.9459318817418,342.26316448568,23.5692538296732,23.5692538296732,85.9471525123858,138.954884478988,112.451018495687,36.9459318817418,342.26316448568,112.451018495687,36.9459318817418,342.26316448568,23.5692538296732,23.5692538296732,85.9471525123858,138.954884478988
"BI10",69.2,1024,-6.975220223,74.5383805960617,24.097778924028,230.559430369056,74.5383805960617,24.097778924028,230.559430369056,26.1914221269207,26.1914221269207,55.0157186875765,94.061042504547,75.9432780892771,24.5283038427324,235.13168802555,75.9432780892771,24.5283038427324,235.13168802555,26.1007500475916,26.1007500475916,56.1215128972475,95.7650432813067,63.5998226905954,19.9080213411335,203.181289439227,63.5998226905954,19.9080213411335,203.181289439227,27.9700660209081,27.9700660209081,45.8109102948553,81.3887350863354,75.4874327596407,24.3931286850828,233.604822825618,75.4874327596407,24.3931286850828,233.604822825618,26.1256600575873,26.1256600575873,55.7658426906572,95.2090228286242,96.1967689775967,32.8112992171309,282.031452046179,96.1967689775967,32.8112992171309,282.031452046179,23.555181815985,23.555181815985,73.5374451438208,118.856092811373,73.2156468822378,25.9474298822712,206.591981275463,73.2156468822378,25.9474298822712,206.591981275463,24.1611398479625,24.1611398479626,55.5259120484299,90.9053817160458,97.973131763014,32.1892029150102,298.197335696589,97.973131763014,32.1892029150102,298.197335696589,24.2777897105571,24.2777897105571,74.1874208607424,121.758842665286,97.973131763014,32.1892029150102,298.197335696589,97.973131763014,32.1892029150102,298.197335696589,24.2777897105571,24.2777897105571,74.1874208607424,121.758842665286
"BI10",80.5,1228,-6.961485123,75.3869247415853,24.3721077873946,233.18411651424,75.3869247415853,24.3721077873946,233.18411651424,26.1228346601641,26.1228346601641,55.6937230359587,95.080126447212,76.7811647198657,24.7989260541766,237.725909697056,76.7811647198657,24.7989260541766,237.725909697056,26.0347752096269,26.0347752096269,56.7913610817153,96.7709683580161,64.3585336239274,20.1455130952538,205.605130563691,64.3585336239274,20.1455130952538,205.605130563691,27.8904177087843,27.8904177087843,46.4086697649657,82.3083974828892,76.3282397469862,24.6648283878259,236.206799871715,76.3282397469862,24.6648283878259,236.206799871715,26.0589044114267,26.0589044114267,56.4379367123944,96.218542781578,90.6243638898465,30.91063402186,265.694172582524,90.6243638898465,30.91063402186,265.694172582524,23.8670715676434,23.8670715676434,68.9949821025353,112.253745677158,109.666320812766,38.8654514562001,309.444544447455,109.666320812766,38.8654514562001,309.444544447455,22.0830086178662,22.0830086178662,85.4486977367861,133.883943888746,98.693579153713,32.4259068646695,300.390135789329,98.693579153713,32.4259068646695,300.390135789329,24.2390542484562,24.2390542484562,74.7711889629014,122.615969344525,98.693579153713,32.4259068646695,300.390135789329,98.693579153713,32.4259068646695,300.390135789329,24.2390542484562,24.2390542484562,74.7711889629014,122.615969344525
"BI10",85.3,1270,-7.537172651,46.9078619645572,15.1650100039931,145.093706730598,46.9078619645572,15.1650100039931,145.093706730598,29.3435582449806,29.3435582449806,33.1434261675123,60.6722977616022,48.475404849044,15.6566781017674,150.087065723952,48.475404849044,15.6566781017674,150.087065723952,29.1198800040459,29.1198800040459,34.359425125527,62.5913845725611,39.1508517962109,12.255002610216,125.074571187044,39.1508517962109,12.255002610216,125.074571187044,31.6704184204418,31.6704184204418,26.7516132171839,51.5500903752379,47.9795353404534,15.5041831073622,148.478368421274,47.9795353404534,15.5041831073622,148.478368421274,29.1844613069358,29.1844613069358,33.9769664137712,61.9821042671356,66.7213257216516,22.7576602175341,195.614806772834,66.7213257216516,22.7576602175341,195.614806772834,25.6068687012877,25.6068687012877,49.6360834483497,83.8065679949534,85.0431197577514,30.1390547082523,239.965463022667,85.0431197577514,30.1390547082523,239.965463022667,23.3468288080669,23.3468288080669,65.1882481748698,104.897991340633,69.9892364839249,22.995056853926,213.023749178791,69.9892364839249,22.995056853926,213.023749178791,26.1999229877957,26.1999229877957,51.6521104253904,88.3263625424594,69.9892364839249,22.995056853926,213.023749178791,69.9892364839249,22.995056853926,213.023749178791,26.1999229877957,26.1999229877957,51.6521104253904,88.3263625424594
"BI10",93.5,1342,-6.593703088,102.078145369992,33.0012077057498,315.744437448626,102.078145369992,33.0012077057498,315.744437448626,24.4111174080457,24.4111174080457,77.1597294557677,126.996561284216,103.004379672594,33.2685497032594,318.916884756671,103.004379672594,33.2685497032594,318.916884756671,24.3843522601315,24.3843522601315,77.8874288898656,128.121330455323,88.4123571188262,27.6748427570975,282.449478030084,88.4123571188262,27.6748427570975,282.449478030084,25.9144334112302,25.9144334112302,65.500795705969,111.323918531683,102.682749351045,33.1810663986086,317.76395874762,102.682749351045,33.1810663986086,317.76395874762,24.3901447396526,24.3901447396526,77.6382781616702,127.727220540419,123.492916751832,42.1216126675135,362.05879884644,123.492916751832,42.1216126675135,362.05879884644,22.3335086621819,22.3335086621819,95.9126154918805,151.073218011783,75.9185818518814,26.9053428228475,214.218830376933,75.9185818518814,26.9053428228475,214.218830376933,23.9588382571214,23.9588382571214,57.7293716188888,94.107792084874,126.578751443995,41.5876173563082,385.263242658222,126.578751443995,41.5876173563082,385.263242658222,22.9930450751955,22.9930450751955,97.4744420688575,155.683060819132,126.578751443995,41.5876173563082,385.263242658222,126.578751443995,41.5876173563082,385.263242658222,22.9930450751955,22.9930450751955,97.4744420688575,155.683060819132
"BI10",96.8,1371,-6.495639988,110.670422583206,35.7790356526709,342.32175941363,110.670422583206,35.7790356526709,342.32175941363,23.9919453770557,23.9919453770557,84.1184352484862,137.222409917925,111.398263685919,35.9796222653029,344.905598528329,111.398263685919,35.9796222653029,344.905598528329,23.9790413033709,23.9790413033709,84.6860280254343,138.110499346403,96.2240391194065,30.1200560517047,307.405327817411,96.2240391194065,30.1200560517047,307.405327817411,25.433972810684,25.433972810684,71.7504431724347,120.697635066378,111.133035880779,35.911705383272,343.914373663567,111.133035880779,35.911705383272,343.914373663567,23.9806821002705,23.9806821002705,84.4825758378299,137.783495923728,141.512222648234,48.2677321654515,414.888130442909,141.512222648234,48.2677321654515,414.888130442909,21.7192845249281,21.7192845249281,110.776780373714,172.247664922753,71.4828011603801,25.3333139824688,201.702424928318,71.4828011603801,25.3333139824688,201.702424928318,24.2966873664685,24.2966873664685,54.1148484416483,88.850753879112,129.277877486672,42.4744188121509,393.478476571357,129.277877486672,42.4744188121509,393.478476571357,22.8932618963563,22.8932618963563,99.6819544195973,158.873800553746,129.277877486672,42.4744188121509,393.478476571357,129.277877486672,42.4744188121509,393.478476571357,22.8932618963563,22.8932618963563,99.6819544195973,158.873800553746
"BI10",103.7,1487,-6.756009678,89.2976251464122,28.8693477375153,276.212193267774,89.2976251464122,28.8693477375153,276.212193267774,25.1380410595442,25.1380410595442,66.8499514719093,111.745298820915,90.4781793475939,29.2228137896035,280.133904866059,90.4781793475939,29.2228137896035,280.133904866059,25.0861651505503,25.0861651505503,67.7806738512454,113.175684843942,76.8516230755961,24.0561009066454,245.516594408778,76.8516230755961,24.0561009066454,245.516594408778,26.7508282524948,26.7508282524948,56.2931773773887,97.4100687738035,90.0847158393696,29.1101178791674,278.77784835999,90.0847158393696,29.1101178791674,278.77784835999,25.0994740504547,25.0994740504547,67.4739259638411,112.695505714898,111.258598011645,37.9486669733029,326.18999872183,111.258598011645,37.9486669733029,326.18999872183,22.8280013534615,22.8280013534615,85.8604837517044,136.656712271586,70.6369325869792,25.0335404172194,199.315644616746,70.6369325869792,25.0335404172194,199.315644616746,24.3646187746922,24.3646187746922,53.4265132480254,87.847351925933,110.26946772547,36.229180470939,335.623256016294,110.26946772547,36.229180470939,335.623256016294,23.6674346446515,23.6674346446515,84.1715135185394,136.367421932401,110.26946772547,36.229180470939,335.623256016294,110.26946772547,36.229180470939,335.623256016294,23.6674346446515,23.6674346446515,84.1715135185394,136.367421932401
"BI10",115.4,1768,-7.154851421,64.2815378799881,20.7818076585679,198.833334429056,64.2815378799881,20.7818076585679,198.833334429056,27.122762262338,27.1227622623379,46.8466091822242,81.716466577752,65.7910435307633,21.2493158901558,203.698859353493,65.7910435307633,21.2493158901558,203.698859353493,26.9954235743748,26.9954235743748,48.0304726556324,83.5516144058941,54.4627780701065,17.0479429383288,173.991325865175,54.4627780701065,17.0479429383288,173.991325865175,29.0552311604324,29.0552311604324,38.6384920054438,70.2870641347692,65.3071147570795,21.1034445878339,202.100620121188,65.3071147570795,21.1034445878339,202.100620121188,27.0312852331718,27.0312852331718,47.6537622895385,82.9604672246205,67.4926277876702,23.0207399773212,197.876124319747,67.4926277876702,23.0207399773212,197.876124319747,25.5369927361407,25.5369927361407,50.2570403321024,84.728215243238,53.4388310586818,18.9385791279825,150.787904711337,53.4388310586818,18.9385791279825,150.787904711337,26.0733133556976,26.0733133556976,39.5055571831299,67.3721049342338,68.7931692566944,22.6020873735746,209.383321910049,68.7931692566944,22.6020873735746,209.383321910049,26.3066583172974,26.3066583172974,50.6959852746957,86.8903532386931,68.7931692566944,22.6020873735746,209.383321910049,68.7931692566944,22.6020873735746,209.383321910049,26.3066583172974,26.3066583172974,50.6959852746957,86.8903532386931
"BI10",121.2,1912,-7.277846351,58.0849803767476,18.7785004816609,179.666366260824,58.0849803767476,18.7785004816609,179.666366260824,27.7996138398043,27.7996138398043,41.9375801330857,74.2323806204096,59.634009793998,19.2607054684698,184.635766843133,59.634009793998,19.2607054684698,184.635766843133,27.6442397876488,27.6442397876489,43.1486411315552,76.1193784564408,48.9756846020445,15.3303725231659,156.461800169197,48.9756846020445,15.3303725231659,156.461800169197,29.8481433745123,29.8481433745123,34.3573520433773,63.5940171607117,59.1401831926652,19.110652546252,183.016318233882,59.1401831926652,19.110652546252,183.016318233882,27.6884670998027,27.6884670998027,42.7651730266011,75.5151933587294,63.1510026920054,21.5398756861761,185.147268215904,63.1510026920054,21.5398756861761,185.147268215904,25.9465775570793,25.9465775570793,46.765478800451,79.5365265835598,49.9345220293147,17.6966613590721,140.899825097114,49.9345220293147,17.6966613590721,140.899825097114,26.525513355891,26.525513355891,36.6891337192285,63.1799103394009,65.7076509788034,21.58833623428,199.992039696718,65.7076509788034,21.58833623428,199.992039696718,26.5950994954981,26.5950994954981,48.232635824836,83.1826661327707,65.7076509788034,21.58833623428,199.992039696718,65.7076509788034,21.58833623428,199.992039696718,26.5950994954981,26.5950994954981,48.232635824836,83.1826661327707
"BI10",122.3,1943,-7.43265836,51.1273695872023,16.5291496733237,158.145335517477,51.1273695872023,16.5291496733237,158.145335517477,28.7011352393101,28.7011352393101,36.4532340976774,65.8015050767271,52.696576190093,17.0200400191153,163.156440233953,52.696576190093,17.0200400191153,163.156440233953,28.5066116624456,28.5066116624456,37.6745678561784,67.7185845240076,42.8480266201263,13.4122925551028,136.885873738308,42.8480266201263,13.4122925551028,136.885873738308,30.9098767840922,30.9098767840922,29.6037543874303,56.0922988528224,52.1988815165992,16.8676293192549,161.535636099948,52.1988815165992,16.8676293192549,161.535636099948,28.5625098615485,28.5625098615485,37.2895708358025,67.1081921973958,56.194129307979,19.166988772769,164.750979202753,56.194129307979,19.166988772769,164.750979202753,26.6982611395423,26.6982611395423,41.1912739202427,71.1969846957153,42.3601911838195,15.0123387192036,119.527398807914,42.3601911838195,15.0123387192036,119.527398807914,27.6903018587971,27.6903018587971,30.6305263770563,54.0898559905826,53.6671229525118,17.6324047164465,163.344712891803,53.6671229525118,17.6324047164465,163.344712891803,27.9467216682444,27.9467216682444,38.6689214736188,68.6653244314047,53.6671229525118,17.6324047164465,163.344712891803,53.6671229525118,17.6324047164465,163.344712891803,27.9467216682444,27.9467216682444,38.6689214736188,68.6653244314047
"BI10",132.5,2196,-7.044682998,70.3911076924168,22.7569922746475,217.731235409587,70.3911076924168,22.7569922746475,217.731235409587,26.5438816068989,26.5438816068989,51.706575404757,89.0756399800767,71.843819846655,23.2042530525174,222.439155377107,71.843819846655,23.2042530525174,222.439155377107,26.4395938787182,26.4395938787182,52.8486056522415,90.8390340410684,59.897614147659,18.7491557411355,191.353905750028,59.897614147659,18.7491557411355,191.353905750028,28.3799428600153,28.3799428600153,42.8987054780409,76.896522817277,71.3749741639228,23.0642222953684,220.878331454673,71.3749741639228,23.0642222953684,220.878331454673,26.46857204458,26.46857204458,52.4830377055445,90.266910622301,64.9777887602938,22.1629654731756,190.503073123833,64.9777887602938,22.1629654731756,190.503073123833,25.769312437316,25.769312437316,48.2334593597945,81.7221181607932,60.8618193891948,21.5692663843923,171.733289085963,60.8618193891948,21.5692663843923,171.733289085963,25.247896245543,25.2478962455431,45.4954903766611,76.2281484017285,70.2909677602228,23.0941910665799,213.942117930195,70.2909677602228,23.0941910665799,213.942117930195,26.1734199495872,26.1734199495872,51.8934175817107,88.6885179387349,70.2909677602228,23.0941910665799,213.942117930195,70.2909677602228,23.0941910665799,213.942117930195,26.1734199495872,26.1734199495872,51.8934175817107,88.6885179387349
"BI10",144.2,2368,-7.076798055,68.5524784612773,22.1625752725481,212.044053788502,68.5524784612773,22.1625752725481,212.044053788502,26.7100626923648,26.7100626923648,50.2420684871003,86.8628884354544,70.0240429568101,22.6164980648064,216.804855374464,70.0240429568101,22.6164980648064,216.804855374464,26.5992451850526,26.5992451850526,51.3981760822416,88.6499098313786,58.2595835534655,18.2364192798206,186.120916817209,58.2595835534655,18.2364192798206,186.120916817209,28.573531726964,28.573531726964,41.6127629628189,74.906404144112,69.5501328108719,22.4745401677941,215.231143235653,69.5501328108719,22.4745401677941,215.231143235653,26.6301737588223,26.6301737588223,51.028811593845,88.0714540278987,79.571070141878,27.1405185350925,233.287923196346,79.571070141878,27.1405185350925,233.287923196346,24.5763924941438,24.5763924941438,60.0153716320196,99.1267686517364,75.9853393345203,26.9290014965553,214.407199409929,75.9853393345203,26.9290014965553,214.407199409929,23.9539754768092,23.9539754768092,57.7838297843591,94.1868488846816,85.3590244133581,28.0448211466295,259.804225910563,85.3590244133581,28.0448211466295,259.804225910563,25.0302605871216,25.0302605871216,63.9934381680698,106.724610658646,85.3590244133581,28.0448211466295,259.804225910563,85.3590244133581,28.0448211466295,259.804225910563,25.0302605871216,25.0302605871216,63.9934381680698,106.724610658646
"BI10",156.6,2501,-6.997473572,73.183811197623,23.6598553517717,226.369525163148,73.183811197623,23.6598553517717,226.369525163148,26.3033139844285,26.3033139844285,53.9340435525409,92.4335788427051,74.6051141994047,24.0961011342376,230.988533526601,74.6051141994047,24.0961011342376,230.988533526601,26.2083538944744,26.2083538944744,55.052341846648,94.1578865521615,62.3895123150521,19.5291698952273,199.314731132597,62.3895123150521,19.5291698952273,199.314731132597,28.1000807873096,28.1000807873096,44.858008951714,79.9210156783902,74.1447878694598,23.959264286901,229.44984880912,74.1447878694598,23.959264286901,229.44984880912,26.2345452807539,26.2345452807539,54.6932399225275,93.5963358163921,78.4470760786495,26.7571407364529,229.992576781775,78.4470760786495,26.7571407364529,229.992576781775,24.6565390039739,24.6565390039739,59.1047421678402,97.7894099894588,60.0175544481478,21.2700611421698,169.351033730453,60.0175544481478,21.2700611421698,169.351033730453,25.3340300026882,25.3340300026882,44.8126891973743,75.2224196989213,85.2120638432071,27.9965370555938,259.356927251401,85.2120638432071,27.9965370555938,259.356927251401,25.0399635672848,25.0399635672848,63.8749941019366,106.549133584478,85.2120638432071,27.9965370555938,259.356927251401,85.2120638432071,27.9965370555938,259.356927251401,25.0399635672848,25.0399635672848,63.8749941019366,106.549133584478
"BI10",160.5,2532,-7.214726121,61.1865369474643,19.7812137679413,189.259989176743,61.1865369474643,19.7812137679413,189.259989176743,27.4480914091872,27.4480914091872,44.3920003560082,77.9810735389203,62.718174281664,20.2568347580892,194.184798967883,62.718174281664,20.2568347580892,194.184798967883,27.3074230773867,27.3074230773866,45.5914570841573,79.8448914791707,51.7188237767575,16.1890301564986,165.225260994252,51.7188237767575,16.1890301564986,165.225260994252,29.4358945983558,29.4358945983558,36.4949253223218,66.9427222311932,62.2285869954356,20.1086442468355,192.573750468428,62.2285869954356,20.1086442468355,192.573750468428,27.3472631041001,27.3472631041001,45.21077158383,79.2464024070412,63.124225405872,21.5307423487794,185.068762077181,63.124225405872,21.5307423487794,185.068762077181,25.9492323031389,25.9492323031389,46.7439735157452,79.5044772959987,116.837592012589,41.4069308331896,329.679660689998,116.837592012589,41.4069308331896,329.679660689998,21.7891927179977,21.7891927179977,91.3796239218979,142.29556010328,71.9900238594116,23.6524182106612,219.113474534398,71.9900238594116,23.6524182106612,219.113474534398,26.0272424008657,26.0272424008657,53.2530058450814,90.7270418737417,71.9900238594116,23.6524182106612,219.113474534398,71.9900238594116,23.6524182106612,219.113474534398,26.0272424008657,26.0272424008657,53.2530058450814,90.7270418737417
"BI10",167.6,2579,-6.873997022,81.0232790994611,26.1943048913219,250.61828451894,81.0232790994611,26.1943048913219,250.61828451894,25.6942478942298,25.6942478942299,60.2049569156118,101.84160128331,82.3395442553654,26.5941820077014,254.935479730789,82.3395442553654,26.5941820077014,254.935479730789,25.6222413252186,25.6222413252186,61.2423075201705,103.43678099056,69.4083081168808,21.7261938915305,221.737560646822,69.4083081168808,21.7261938915305,221.737560646822,27.3935412421066,27.3935412421066,50.3949146074346,88.4217016263269,81.9081546642983,26.4679309395209,253.474509051748,81.9081546642983,26.4679309395209,253.474509051748,25.6415715946558,25.6415715946558,60.9056165441908,102.910692784406,85.0998035137494,29.0262879521345,249.497165122218,85.0998035137494,29.0262879521345,249.497165122218,24.2048886343576,24.2048886343576,64.5014908451892,105.69811618231,47.391581035096,16.7954498564493,133.724429664123,47.391581035096,16.7954498564493,133.724429664123,26.884838269335,26.8848382693351,34.6504311205296,60.1327309496624,83.4438468806282,27.4155870177416,253.975068187735,83.4438468806282,27.4155870177416,253.975068187735,25.1586446219433,25.1586446219433,62.4505059850524,104.437187776204,83.4438468806282,27.4155870177416,253.975068187735,83.4438468806282,27.4155870177416,253.975068187735,25.1586446219433,25.1586446219433,62.4505059850524,104.437187776204
"BI10",179.6,2658,-6.75049127,89.7046715973574,29.0009432364817,277.471254668266,89.7046715973574,29.0009432364817,277.471254668266,25.1126154870735,25.1126154870735,67.177482345171,112.231860849544,90.87793494036,29.3519276083496,281.37160765806,90.87793494036,29.3519276083496,281.37160765806,25.0616408137579,25.0616408137578,68.1024333066464,113.653436574074,77.2186625941059,24.1709916446759,246.689169417497,77.2186625941059,24.1709916446759,246.689169417497,26.7215052660436,26.7215052660436,56.5846736026535,97.8526515855583,90.4865195826306,29.2399573777064,280.021277747158,90.4865195826306,29.2399573777064,280.021277747158,25.0746800513131,25.0746800513131,67.7973143077172,113.175724857544,106.313432327084,36.261943888121,311.691671247332,106.313432327084,36.261943888121,311.691671247332,23.0504190224158,23.0504190224158,81.8077406985785,130.819123955589,107.551993539126,38.1161395124133,303.478564781544,107.551993539126,38.1161395124133,303.478564781544,22.1749095436843,22.1749095436843,83.7024362593959,131.401550818857,103.128611667618,33.8830427034021,313.88888647307,103.128611667618,33.8830427034021,313.88888647307,24.0092266286414,24.0092266286414,78.3682295733682,127.888993761868,103.128611667618,33.8830427034021,313.88888647307,103.128611667618,33.8830427034021,313.88888647307,24.0092266286414,24.0092266286414,78.3682295733682,127.888993761868
"BI10",183.3,2693,-7.320952971,56.0576777148136,18.1230865731656,173.395586788781,56.0576777148136,18.1230865731656,173.395586788781,28.0448983708165,28.0448983708165,40.3363589706543,71.7789964589729,57.6153607609496,18.6087183791551,178.385729096358,57.6153607609496,18.6087183791551,178.385729096358,27.8790768822444,27.8790768822444,41.552730038422,73.6779914834772,47.1864030665219,14.7702914806798,150.745612384745,47.1864030665219,14.7702914806798,150.745612384745,30.1363796334173,30.1363796334173,32.9661295030404,61.4066766300034,57.1195756335905,18.4577102165333,176.763308248223,57.1195756335905,18.4577102165333,176.763308248223,27.9264199451269,27.9264199451269,41.1681230712796,73.0710281959013,67.4833880959407,23.0175884547365,197.84903522203,67.4833880959407,23.0175884547365,197.84903522203,25.5378228248101,25.5378228248101,50.2496000078204,84.7171761840611,139.269442446404,49.3567187685088,392.975426310296,139.269442446404,49.3567187685088,392.975426310296,21.0139855982123,21.0139855982123,110.003381868006,168.535503024801,71.0210438757247,23.3340585465961,216.16422463007,71.0210438757247,23.3340585465961,216.16422463007,26.1099788817439,26.1099788817439,52.4774643181789,89.5646234332705,71.0210438757247,23.3340585465961,216.16422463007,71.0210438757247,23.3340585465961,216.16422463007,26.1099788817439,26.1099788817439,52.4774643181789,89.5646234332705
"BI10",187,2729,-7.059593082,69.5314320614904,22.4790646736615,215.072117755252,69.5314320614904,22.4790646736615,215.072117755252,26.6207767306161,26.6207767306161,51.021624774801,88.0412393481797,70.9931426237889,22.9294997113458,219.805332128889,70.9931426237889,22.9294997113458,219.805332128889,26.5134763189005,26.5134763189005,52.1703925661874,89.8158926813905,59.1314741196848,18.5093385312447,188.90633102121,59.1314741196848,18.5093385312447,188.90633102121,28.4694932713599,28.4694932713599,42.2970430739252,75.9659051654443,70.5218741948583,22.7885502190257,218.238312317178,70.5218741948583,22.7885502190257,218.238312317178,26.5433544037828,26.5433544037828,51.8030031951272,89.2407451945894,80.1183286567528,27.3271803437117,234.892385749873,80.1183286567528,27.3271803437117,234.892385749873,24.5379647579864,24.5379647579864,60.4589214062711,99.7777359072345,75.0772230532104,26.6071675097282,211.844775259172,75.0772230532104,26.6071675097282,211.844775259172,24.0206657945742,24.0206657945742,57.0431742157517,93.1112718906691,88.7867505610932,29.1710051372915,270.237074043096,88.7867505610932,29.1710051372915,270.237074043096,24.810594819839,24.810594819839,66.7582296256793,110.815271496507,88.7867505610932,29.1710051372915,270.237074043096,88.7867505610932,29.1710051372915,270.237074043096,24.810594819839,24.810594819839,66.7582296256793,110.815271496507
"BI10",192.8,2816,-7.130175321,65.6021905447687,21.2087661690268,202.91832961774,65.6021905447687,21.2087661690268,202.91832961774,26.9909178745805,26.9909178745805,47.8955571709044,83.3088239186331,67.1008593184718,21.6723626749042,207.75424391043,67.1008593184718,21.6723626749042,207.75424391043,26.8689044106304,26.8689044106304,49.07159356948,85.1301250674636,55.6355724069772,17.4150511109532,177.738032310752,55.6355724069772,17.4150511109532,177.738032310752,28.9011984527917,28.9011984527917,39.5562252152901,71.7149195986642,66.6197612640885,21.5276152609239,206.16276057944,66.6197612640885,21.5276152609239,206.16276057944,26.9031762666232,26.9031762666232,48.6969294628072,84.5425930653698,69.1311069340771,23.5796010503611,202.679847539559,69.1311069340771,23.5796010503611,202.679847539559,25.3923892070872,25.3923892070872,51.5770671982086,86.6851466699456,58.8905915330816,20.8706684923222,166.17109185516,58.8905915330816,20.8706684923222,166.17109185516,25.451857072161,25.451857072161,43.9018423471315,73.8793407190317,84.1408100557282,27.6445751970912,256.096390208921,84.1408100557282,27.6445751970912,256.096390208921,25.1114331668336,25.1114331668336,63.0118467725516,105.269773338905,84.1408100557282,27.6445751970912,256.096390208921,84.1408100557282,27.6445751970912,256.096390208921,25.1114331668336,25.1114331668336,63.0118467725516,105.269773338905
"BI10",206,3085,-6.529180522,107.653145103222,34.8035692542375,332.988825541343,107.653145103222,34.8035692542375,332.988825541343,24.1336854460665,24.1336854460665,81.6724736912126,133.633816515231,108.453013272057,35.0283597064334,335.786665044114,108.453013272057,35.0283597064334,335.786665044114,24.1161450625654,24.1161450625654,82.2983272666442,134.607699277469,93.4774648231192,29.2603231563553,298.630892866937,93.4774648231192,29.2603231563553,298.630892866937,25.5962873387044,25.5962873387044,69.5507043300573,117.404225316181,108.167282218906,34.9533470436437,334.736496851511,108.167282218906,34.9533470436437,334.736496851511,24.1191747429804,24.1191747429804,82.078226405795,134.256338032016,102.881390455891,35.0913250205824,301.629547927565,102.881390455891,35.0913250205824,301.629547927565,23.2136614599468,23.2136614599468,78.9988527701744,126.763928141608,128.061162043711,45.3845341026071,361.349114808772,128.061162043711,45.3845341026071,361.349114808772,21.3773288870875,21.3773288870875,100.685106257001,155.437217830421,126.492437934256,41.5592589377368,385.000533299283,126.492437934256,41.5592589377368,385.000533299283,22.9962854916889,22.9962854916889,97.4038757814972,155.581000087015,126.492437934256,41.5592589377368,385.000533299283,126.492437934256,41.5592589377368,385.000533299283,22.9962854916889,22.9962854916889,97.4038757814972,155.581000087015
"BI10",217.5,3305,-6.433500537,116.48568392593,37.6590722338497,360.309316050951,116.48568392593,37.6590722338497,360.309316050951,23.7337003977357,23.7337003977357,88.8393206966966,144.132047155164,117.067821951351,37.8107869356654,362.459394451429,117.067821951351,37.8107869356654,362.459394451429,23.7291101651849,23.7291101651849,89.2886695125326,144.84697439017,101.527559122153,31.7801642867773,324.348394435176,101.527559122153,31.7801642867773,324.348394435176,25.1386346661078,25.1386346661078,76.0049169490186,127.050201295288,116.844142007759,37.7572012704241,361.588069617428,116.844142007759,37.7572012704241,361.588069617428,23.7282598767784,23.7282598767784,89.119060341366,144.569223674152,123.747068824936,42.2083001914905,362.803926556859,123.747068824936,42.2083001914905,362.803926556859,22.3239790846012,22.3239790846012,96.12179906265,151.372338587221,82.8293780754828,29.3545105633304,233.718966547569,82.8293780754828,29.3545105633304,233.718966547569,23.4862485957884,23.4862485957884,63.3758644303294,102.282891720636,117.509749711256,38.6079847595076,357.660244719236,117.509749711256,38.6079847595076,357.660244719236,23.3516671954982,23.3516671954982,90.0692640364205,144.950235386091,117.509749711256,38.6079847595076,357.660244719236,117.509749711256,38.6079847595076,357.660244719236,23.3516671954982,23.3516671954982,90.0692640364205,144.950235386091
"BI10",230.9,3561,-6.839553988,83.3561571552415,26.9485093588105,257.834258777571,83.3561571552415,26.9485093588105,257.834258777571,25.5293516926737,25.5293516926737,62.0758706375821,104.636443672901,84.6366329147364,27.3361000550697,262.047607987714,84.6366329147364,27.3361000550697,262.047607987714,25.4633959671751,25.4633959671752,63.0852719423726,106.1879938871,71.5033723572517,22.3819910595707,228.430627322298,71.5033723572517,22.3819910595707,228.430627322298,27.202749915097,27.202749915097,52.0524887940479,90.9542559204555,84.2152019443293,27.2134338547353,260.613940761102,84.2152019443293,27.2134338547353,260.613940761102,25.480916743878,25.480916743878,62.756396451206,105.674007437453,93.2939273267128,31.8211827402534,273.520847640645,93.2939273267128,31.8211827402534,273.520847640645,23.7143060394864,23.7143060394864,71.1699198842001,115.417934769226,78.7382652138035,27.9046310821094,222.175107444947,78.7382652138035,27.9046310821094,222.175107444947,23.7587237933243,23.7587237933243,60.0310582620008,97.4454721656062,102.233794510596,33.5890493348029,311.165363325877,102.233794510596,33.5890493348029,311.165363325877,24.0544434631693,24.0544434631693,77.642024209792,126.8255648114,102.233794510596,33.5890493348029,311.165363325877,102.233794510596,33.5890493348029,311.165363325877,24.0544434631693,24.0544434631693,77.642024209792,126.8255648114
"BI10",241.1,3684,-6.917755628,78.1533703846437,25.2664818666094,241.741186395688,78.1533703846437,25.2664818666094,241.741186395688,25.9068401246922,25.9068401246922,57.9063016670355,98.4004391022519,79.5108740004761,25.6805727294548,246.177495763888,79.5108740004761,25.6805727294548,246.177495763888,25.8269296453884,25.8269296453884,58.9756565119398,100.046091489013,66.8349059807584,20.9206673589413,213.516355899025,66.8349059807584,20.9206673589413,213.516355899025,27.6398292429127,27.6398292429127,48.3618520930155,85.3079598685012,79.0680624099326,25.5501790263138,244.685506384217,79.0680624099326,25.5501790263138,244.685506384217,25.8486230490801,25.8486230490801,58.6300570053777,99.5060678144874,78.5963617563637,26.8080598795008,230.430255270387,78.5963617563637,26.8080598795008,230.430255270387,24.6457980348706,24.6457980348706,59.2256611751341,97.9670623375934,66.4402430640295,23.5462448489708,187.473880727961,66.4402430640295,23.5462448489708,187.473880727961,24.720250273679,24.720250273679,50.0160486961608,82.8644374318982,82.4482792460953,27.0884919455834,250.944894396399,82.4482792460953,27.0884919455834,250.944894396399,25.2270854243971,25.2270854243971,61.6489814097374,103.247577082453,82.4482792460953,27.0884919455834,250.944894396399,82.4482792460953,27.0884919455834,250.944894396399,25.2270854243971,25.2270854243971,61.6489814097374,103.247577082453
"BI10",253.2,3756,-7.257683452,59.0582484627636,19.0931517926107,182.676844000129,59.0582484627636,19.0931517926107,182.676844000129,27.6863500734626,27.6863500734626,42.7071750461075,75.4093218794197,60.6023515348896,19.5734623186056,187.633896945625,60.6023515348896,19.5734623186056,187.633896945625,27.5357486653912,27.5357486653912,43.9150403309256,77.2896627388536,49.8357473820645,15.5995894400534,159.209428342522,49.8357473820645,15.5995894400534,159.209428342522,29.7152065528323,29.7152065528323,35.0269521103363,64.6445426537927,60.1096962747013,19.4239425404591,186.016591570469,60.1096962747013,19.4239425404591,186.016591570469,27.5785523169198,27.5785523169198,43.5323122400413,76.6870803093614,64.794350598863,22.1003974216026,189.965265756924,64.794350598863,22.1003974216026,189.965265756924,25.7867778321992,25.7867778321992,48.085975362118,81.5027258356081,50.0910641093365,17.7521394545061,141.341538581073,50.0910641093365,17.7521394545061,141.341538581073,26.5042999313446,26.5042999313446,36.8147782389958,63.3673499796772,68.7199832778662,22.5780420227662,209.160568349922,68.7199832778662,22.5780420227662,209.160568349922,26.313277965202,26.313277965202,50.6375030603209,86.8024634954114,68.7199832778662,22.5780420227662,209.160568349922,68.7199832778662,22.5780420227662,209.160568349922,26.313277965202,26.313277965202,50.6375030603209,86.8024634954114
"BI10",267.5,3839,-7.038764934,70.7352668201991,22.868256706604,218.795776010326,70.7352668201991,22.868256706604,218.795776010326,26.5134836469543,26.5134836469543,51.9808834191961,89.4896502212021,72.184287097637,23.3142178103037,223.493292641852,72.184287097637,23.3142178103037,223.493292641852,26.4103827176929,26.4103827176929,53.1201406131128,91.2484335821611,60.2044528575456,18.8452024174671,192.334158242679,60.2044528575456,18.8452024174671,192.334158242679,28.3445547755783,28.3445547755783,43.1397687400014,77.2691369750898,71.7164380055293,23.1745634624357,221.935031852391,71.7164380055293,23.1745634624357,221.935031852391,26.4390063522834,26.4390063522834,52.755324405616,90.6775516054426,74.5181054104175,25.4170267848013,218.473548498545,74.5181054104175,25.4170267848013,218.473548498545,24.9504132849073,24.9504132849073,55.9255301384355,93.1106806823995,69.3156842335925,24.5652935264733,195.587489137602,69.3156842335925,24.5652935264733,195.587489137602,24.4731553778366,24.4731553778366,52.3519491298948,86.2794193372902,82.0219824454477,26.9484315640161,249.647389990021,82.0219824454477,26.9484315640161,249.647389990021,25.2567597554808,25.2567597554808,61.3058873925183,102.738077498377,82.0219824454477,26.9484315640161,249.647389990021,82.0219824454477,26.9484315640161,249.647389990021,25.2567597554808,25.2567597554808,61.3058873925183,102.738077498377
"BI10",278.4,3910,-6.915314729,78.310745740513,25.3173603067298,242.227974170164,78.310745740513,25.3173603067298,242.227974170164,25.8948889151224,25.8948889151224,58.0322651224032,98.5892263586228,79.6660694832004,25.7306980605053,246.658004068837,79.6660694832004,25.7306980605053,246.658004068837,25.815425838864,25.815425838864,59.099934397027,100.232204569374,66.9759068568905,20.964803463924,213.96680903887,66.9759068568905,20.964803463924,213.96680903887,27.6259744827412,27.6259744827412,48.4731599190214,85.4786537947596,79.223860002277,25.6005237072753,245.167640530601,79.223860002277,25.6005237072753,245.167640530601,25.8369854921647,25.8369854921647,58.7548027871559,99.6929172173981,84.5850371227507,28.8507087277854,247.987963573549,84.5850371227507,28.8507087277854,247.987963573549,24.2379817761909,24.2379817761909,64.083331239554,105.086743005947,52.2747316832395,18.5260254156746,147.503175194968,52.2747316832395,18.5260254156746,147.503175194968,26.2184544897832,26.2184544897832,38.5691049472131,65.980358419266,84.1670904426719,27.65320965322,256.176378887722,84.1670904426719,27.65320965322,256.176378887722,25.1096640756302,25.1096640756302,63.0330167702851,105.301164115059,84.1670904426719,27.65320965322,256.176378887722,84.1670904426719,27.65320965322,256.176378887722,25.1096640756302,25.1096640756302,63.0330167702851,105.301164115059
"BI10",294.3,4041,-6.682889303,94.8442906891808,30.6625490245073,293.368939064529,94.8442906891808,30.6625490245073,293.368939064529,24.8052686348009,24.8052686348008,71.3179095989581,118.370671779404,95.9207954888845,30.9806802627363,296.985054207708,95.9207954888845,30.9806802627363,296.985054207708,24.7650567252493,24.7650567252493,72.1659560747519,119.675634903017,81.8598437574177,25.6237745257977,261.516273226738,81.8598437574177,25.6237745257977,261.516273226738,26.3674390871197,26.3674390871197,60.2754993178692,103.444188196966,95.5566344089944,30.8783223198742,295.711350020373,95.5566344089944,30.8783223198742,295.711350020373,24.7748749911925,24.7748749911925,71.8825976883752,119.230671129614,100.262680117616,34.1981215441522,293.951964916808,100.262680117616,34.1981215441522,293.951964916808,23.3435551338876,23.3435551338876,76.8578061056468,123.667554129585,66.9946061459984,23.7427096459267,189.03812242119,66.9946061459984,23.7427096459267,189.03812242119,24.6713980370358,24.6713980370358,50.4661002003747,83.5231120916221,107.070868383196,35.1782763973472,325.887792990224,107.070868383196,35.1782763973472,325.887792990224,23.8165047794795,23.8165047794795,81.5703298972815,132.57140686911,107.070868383196,35.1782763973472,325.887792990224,107.070868383196,35.1782763973472,325.887792990224,23.8165047794795,23.8165047794795,81.5703298972815,132.57140686911
"BI10",297.9,4071,-6.701705836,93.3848379163865,30.1907173320609,288.854612388055,93.3848379163865,30.1907173320609,288.854612388055,24.8900583175987,24.8900583175987,70.1412972992029,116.62837853357,94.4896903769732,30.5184592222568,292.554139857262,94.4896903769732,30.5184592222568,292.554139857262,24.8469014812317,24.8469014812317,71.0119300990859,117.967450654861,80.5406808359222,25.2108500476695,257.301965512803,80.5406808359222,25.2108500476695,257.301965512803,26.4650450694775,26.4650450694775,59.2255533534314,101.855808318413,94.1175317508014,30.4132884056315,291.257875988934,94.1175317508014,30.4132884056315,291.257875988934,24.8576011859534,24.8576011859534,70.7221710621241,117.512892439479,93.7132244944339,31.9641988204941,274.750150769098,93.7132244944339,31.9641988204941,274.750150769098,23.6908839243462,23.6908839243462,71.5117332576956,115.914715731172,64.5919069231317,22.8911994528419,182.258446026888,64.5919069231317,22.8911994528419,182.258446026888,24.8875817945717,24.8875817945718,48.5165432549636,80.6672705912997,107.094959645081,35.1861916135228,325.961118706964,107.094959645081,35.1861916135228,325.961118706964,23.8153583295681,23.8153583295681,81.5899112526984,132.600008037463,107.094959645081,35.1861916135228,325.961118706964,107.094959645081,35.1861916135228,325.961118706964,23.8153583295681,23.8153583295681,81.5899112526984,132.600008037463
"BI10",307.6,4149,-6.414503652,118.323751093038,38.2533075242636,365.994759115846,118.323751093038,38.2533075242636,365.994759115846,23.6558573024676,23.6558573024676,90.333253379542,146.314248806534,118.858010595045,38.3889854555755,368.002084841763,118.858010595045,38.3889854555755,368.002084841763,23.6537393279781,23.6537393279781,90.7436465984728,146.972374591618,103.206532372422,32.3057166214144,329.712182186334,103.206532372422,32.3057166214144,329.712182186334,25.049709840769,25.049709840769,77.3535954764112,129.059469268433,118.648001228985,38.3401031986594,367.170326138438,118.648001228985,38.3401031986594,367.170326138438,23.6521481406837,23.6521481406837,90.585200212345,146.710802245624,120.757307737196,41.1885367765632,354.038490151787,120.757307737196,41.1885367765632,354.038490151787,22.4378714842549,22.4378714842549,93.6619382192776,147.852677255114,87.9049989307157,31.1532970503498,248.040803659411,87.9049989307157,31.1532970503498,248.040803659411,23.1741981167664,23.1741981167664,67.5337203239703,108.276277537461,127.280982411246,41.8183362757841,387.400598070972,127.280982411246,41.8183362757841,387.400598070972,22.9667971636032,22.9667971636032,98.0486173530133,156.513347469478,127.280982411246,41.8183362757841,387.400598070972,127.280982411246,41.8183362757841,387.400598070972,22.9667971636032,22.9667971636032,98.0486173530133,156.513347469478
"BI10",316.2,4222,-6.87695625,80.8259182193076,26.1304993884366,250.007814962968,80.8259182193076,26.1304993884366,250.007814962968,25.708514638537,25.7085146385369,60.046775202165,101.60506123645,82.1451189103719,26.5313861414086,254.333509935523,82.1451189103719,26.5313861414086,254.333509935523,25.635981276008,25.635981276008,61.0864116073544,103.203826213389,69.2311968685723,21.6707545150996,221.17174630516,69.2311968685723,21.6707545150996,221.17174630516,27.4100583043845,27.4100583043845,50.2548854420734,88.2075082950712,81.7129142295216,26.4048406359308,252.870314346655,81.7129142295216,26.4048406359308,252.870314346655,25.6554690657957,25.6554690657957,60.7490827966065,102.676745662437,66.9278327820767,22.8280967303408,196.22024796102,66.9278327820767,22.8280967303408,196.22024796102,25.5880438060705,25.5880438060705,49.8023096113454,84.0533559528081,73.7810347340299,26.1478018282332,208.187331469918,73.7810347340299,26.1478018282332,208.187331469918,24.1179274084114,24.1179274084114,55.9865783357018,91.5754911323581,68.7248299214873,22.5796343939823,209.17531990669,68.7248299214873,22.5796343939823,209.17531990669,26.312839266891,26.312839266891,50.6413758878021,86.8082839551724,68.7248299214873,22.5796343939823,209.17531990669,68.7248299214873,22.5796343939823,209.17531990669,26.312839266891,26.312839266891,50.6413758878021,86.8082839551724
"BI10",326.5,4329,-6.910395707,78.6288599277906,25.4202045769743,243.211953500336,78.6288599277906,25.4202045769743,243.211953500336,25.8708377087932,25.8708377087932,58.2869151835975,98.9708046719836,79.9797481580872,25.8320105932295,247.629199916309,79.9797481580872,25.8320105932295,247.629199916309,25.7922738994626,25.7922738994626,59.3511524490529,100.608343867121,67.2609633142483,21.0540318579105,214.877474133814,67.2609633142483,21.0540318579105,214.877474133814,27.5980958333166,27.5980958333166,48.6982182003701,85.8237084281264,79.5387644422609,25.7022824272001,246.142149706766,79.5387644422609,25.7022824272001,246.142149706766,25.8135647128148,25.8135647128148,59.0069740111845,100.070554873337,87.8580343891991,29.9670798261879,257.583797003408,87.8580343891991,29.9670798261879,257.583797003408,24.0323854390997,24.0323854390997,66.74365292557,108.972415852828,139.357294536268,49.3878533147271,393.223317820883,139.357294536268,49.3878533147271,393.223317820883,21.0113014839116,21.0113014839116,110.07651324143,168.638075831106,100.600643540413,33.0524754086247,306.194599818216,100.600643540413,33.0524754086247,306.194599818216,24.1384492626012,24.1384492626012,76.3172082415602,124.884078839266,100.600643540413,33.0524754086247,306.194599818216,100.600643540413,33.0524754086247,306.194599818216,24.1384492626012,24.1384492626012,76.3172082415602,124.884078839266
"BI10",332.6,4397,-6.674714783,95.4854109414357,30.8698190775861,295.352029104532,95.4854109414357,30.8698190775861,295.352029104532,24.7686129415815,24.7686129415815,71.834999089673,119.135822793198,96.5492489276682,31.18365934509,298.930839557307,96.5492489276682,31.18365934509,298.930839557307,24.7296684360254,24.7296684360254,72.672939790383,120.425558064953,82.4396429660681,25.8052633182357,263.368548057794,82.4396429660681,25.8052633182357,263.368548057794,26.3252598112856,26.3252598112856,60.7371927677544,104.142093164382,96.188664465618,31.0825575142694,297.667242067572,96.188664465618,31.0825575142694,297.667242067572,24.7391073326183,24.7391073326183,72.3924475216567,119.984881409579,100.163564018792,34.1643145045778,293.661374519961,100.163564018792,34.1643145045778,293.661374519961,23.3485668545829,23.3485668545829,76.7768073099311,123.550320727652,58.1772387844957,20.6178581817744,164.158230343253,58.1772387844957,20.6178581817744,164.158230343253,25.5281917668463,25.5281917668463,43.3256417029336,73.0288358660578,126.493629617638,41.5596504668989,385.004160383598,126.493629617638,41.5596504668989,385.004160383598,22.9962407317607,22.9962407317607,97.4048500404243,155.582409194852,126.493629617638,41.5596504668989,385.004160383598,126.493629617638,41.5596504668989,385.004160383598,22.9962407317607,22.9962407317607,97.4048500404243,155.582409194852
"BI10",340,4480,-7.050848371,70.0343473494813,22.6416539508984,216.627717184644,70.0343473494813,22.6416539508984,216.627717184644,26.5756240840039,26.5756240840039,51.4222824681976,88.6464122307649,71.4908326775721,23.0902445878621,221.346254583172,71.4908326775721,23.0902445878621,221.346254583172,26.4700945442094,26.4700945442094,52.5671416773762,90.414523677768,59.5796161169484,18.6496159733499,190.33800276185,59.5796161169484,18.6496159733499,190.33800276185,28.4169038735729,28.4169038735729,42.6489338767514,76.5102983571453,71.0209699757615,22.9498288208364,219.782823465704,71.0209699757615,22.9498288208364,219.782823465704,26.4994436616435,26.4994436616435,52.2008080490818,89.8411319024411,82.3535166525192,28.0895700051847,241.445550921033,82.3535166525192,28.0895700051847,241.445550921033,24.3848938221013,24.3848938221013,62.2716990580359,102.435334247003,79.4534604558683,28.1580943674295,224.193167905365,79.4534604558683,28.1580943674295,224.193167905365,23.7096214927832,23.7096214927832,60.6153457188638,98.2915751928729,89.686735133264,29.4666962670194,272.976325067943,89.686735133264,29.4666962670194,272.976325067943,24.7549435956605,24.7549435956605,67.4848344382351,111.888635828293,89.686735133264,29.4666962670194,272.976325067943,89.686735133264,29.4666962670194,272.976325067943,24.7549435956605,24.7549435956605,67.4848344382351,111.888635828293
"BI10",346.2,4547,-7.659800101,42.3989162442583,13.7072968597134,131.146798459665,42.3989162442583,13.7072968597134,131.146798459665,30.1349742954985,30.1349742954985,29.6220137324811,55.1758187560355,43.9517506718263,14.1956197048965,136.081159348899,43.9517506718263,14.1956197048965,136.081159348899,29.8739463555449,29.8739463555449,30.8216282538021,57.0818730898506,35.2175981835091,11.0238152648882,112.509071679159,35.2175981835091,11.0238152648882,112.509071679159,32.611904496204,32.611904496204,23.7324686980462,46.702727668972,43.4617202856884,14.0442891888978,134.49745336237,43.4617202856884,14.0442891888978,134.49745336237,29.9496415745363,29.9496415745363,30.4450908379972,56.4783497333796,44.035317900364,15.0197975161392,129.103552860981,44.035317900364,15.0197975161392,129.103552860981,28.4181004508795,28.4181004508795,31.5213170255745,56.5493187751536,55.1492046348736,19.5447309593267,155.61405159214,55.1492046348736,19.5447309593267,155.61405159214,25.8684698573674,25.8684698573674,40.8829492573234,69.4154600124237,76.5394171479333,25.1471274341924,232.96030103939,76.5394171479333,25.1471274341924,232.96030103939,25.6595667700042,25.6595667700042,56.8997342994873,96.1790999963793,76.5394171479333,25.1471274341924,232.96030103939,76.5394171479333,25.1471274341924,232.96030103939,25.6595667700042,25.6595667700042,56.8997342994873,96.1790999963793
"BI10",356.2,4652,-6.830427735,83.9854702317845,27.1519622279399,259.780827287529,83.9854702317845,27.1519622279399,259.780827287529,25.4860138030017,25.4860138030017,62.580921695996,105.390018767573,85.2559516910173,27.5361288068214,263.965111063123,85.2559516910173,27.5361288068214,263.965111063123,25.421636781246,25.421636781246,63.5824933177323,106.929410064302,72.0690149871333,22.5590485586445,230.23767636802,72.0690149871333,22.5590485586445,230.23767636802,27.1526411575784,27.1526411575784,52.5003739618756,91.637656012391,84.8373080823532,27.4144622183428,262.539122063989,84.8373080823532,27.4144622183428,262.539122063989,25.4386853932323,25.4386853932323,63.2558121831962,106.41880398151,96.0083169768076,32.7470210188954,281.478945013059,96.0083169768076,32.7470210188954,281.478945013059,23.565301465303,23.565301465303,73.3836676494592,118.632966304156,76.1324926058625,26.9811522232468,214.8224205706,76.1324926058625,26.9811522232468,214.8224205706,23.9432784903511,23.9432784903511,57.9038778795949,94.3611073321301,114.255868909999,37.5389178889469,347.75652348313,114.255868909999,37.5389178889469,347.75652348313,23.4900536655291,23.4900536655291,87.4171039870236,141.094633832974,114.255868909999,37.5389178889469,347.75652348313,114.255868909999,37.5389178889469,347.75652348313,23.4900536655291,23.4900536655291,87.4171039870236,141.094633832974
"BI10",361.2,4703,-6.257895098,134.624885487094,43.523359404886,416.416840065395,134.624885487094,43.523359404886,416.416840065395,23.0330702728131,23.0330702728131,103.616641008157,165.63312996603,134.69869142017,43.5052385609213,417.04718949878,134.69869142017,43.5052385609213,417.04718949878,23.0501673676508,23.0501673676508,103.650417605785,165.746965234555,118.149129260572,36.98304943708,377.449046455199,118.149129260572,36.98304943708,377.449046455199,24.3399139848391,24.3399139848391,89.3917328247124,146.906525696431,134.620474728604,43.5014736049874,416.599041694921,134.620474728604,43.5014736049874,416.599041694921,23.0428156045292,23.0428156045292,103.60012697095,165.640822486258,146.720766478421,50.0442896518844,430.158634796501,146.720766478421,50.0442896518844,430.158634796501,21.5619142399194,21.5619142399194,115.084960638191,178.35657231865,94.2797068456459,33.4124765247681,266.028263912492,94.2797068456459,33.4124765247681,266.028263912492,22.8173317825191,22.8173317825191,72.7675933310885,115.791820360203,188.653959660351,61.9825096835342,574.199345545121,188.653959660351,61.9825096835342,574.199345545121,21.2419917528336,21.2419917528336,148.580101107906,228.727818212797,188.653959660351,61.9825096835342,574.199345545121,188.653959660351,61.9825096835342,574.199345545121,21.2419917528336,21.2419917528336,148.580101107906,228.727818212797
"BI10",367.3,4768,-6.413745324,118.397723039291,38.2772221786085,366.223566471936,118.397723039291,38.2772221786085,366.223566471936,23.6527605166208,23.6527605166208,90.3933931516758,146.402052926907,118.93003776385,38.4122489270218,368.225091672793,118.93003776385,38.4122489270218,368.225091672793,23.6507405706019,23.6507405706019,90.8022030718028,147.057872455897,103.274127814103,32.3268753517158,329.928128212907,103.274127814103,32.3268753517158,329.928128212907,25.0461731473758,25.0461731473758,77.4079109453402,129.140344682865,118.720583848611,38.3635576614237,367.394941672151,118.720583848611,38.3635576614237,367.394941672151,23.6491200043703,23.6491200043703,90.6442105043636,146.796957192857,134.378862647251,45.8346482697725,393.974414728469,134.378862647251,45.8346482697725,393.974414728469,21.9485158365355,21.9485158365355,104.884696698163,163.87302859634,74.2187815823748,26.3029381431781,209.42251810758,74.2187815823748,26.3029381431781,209.42251810758,24.0848023626214,24.0848023626214,56.3433347223142,92.0942284424355,154.253489340159,50.6801893475164,469.495857848062,154.253489340159,50.6801893475164,469.495857848062,22.0907155219647,22.0907155219647,120.17778982732,188.329188852997,154.253489340159,50.6801893475164,469.495857848062,154.253489340159,50.6801893475164,469.495857848062,22.0907155219647,22.0907155219647,120.17778982732,188.329188852997
"BI10",370.4,4801,-6.696161653,93.8125079287334,30.3289802957523,290.177465844813,93.8125079287334,30.3289802957523,290.177465844813,24.8650153519411,24.8650153519411,70.4860134302129,117.139002427254,94.9091241008417,30.6539287210693,293.852769070925,94.9091241008417,30.6539287210693,293.852769070925,24.8227302357501,24.8227302357501,71.3500882561765,118.468159945507,80.9271400492079,25.3318195400373,258.536580295505,80.9271400492079,25.3318195400373,258.536580295505,26.4362110195839,26.4362110195839,59.5330705336851,102.321209564731,94.5392881317316,30.549575431136,292.563051182221,94.5392881317316,30.549575431136,292.563051182221,24.8331690367759,24.8331690367759,71.0621869038141,118.016389359649,107.992697930098,36.8347166200032,316.614972948865,107.992697930098,36.8347166200032,316.614972948865,22.9732638231665,22.9732638231665,83.1832505248614,132.802145335335,87.9675045550454,31.1754488768186,248.217175259213,87.9675045550454,31.1754488768186,248.217175259213,23.1705187596571,23.1705187596572,67.5849774097163,108.350031700374,129.588529223239,42.5764838539059,394.423996210332,129.588529223239,42.5764838539059,394.423996210332,22.8819662813641,22.8819662813641,99.9361256618619,159.240932784616,129.588529223239,42.5764838539059,394.423996210332,129.588529223239,42.5764838539059,394.423996210332,22.8819662813641,22.8819662813641,99.9361256618619,159.240932784616
"BI10",375.1,4852,-6.498188645,110.438208134726,35.7039622153668,341.60348205723,110.438208134726,35.7039622153668,341.60348205723,24.0026573566448,24.0026573566448,83.9301034453296,136.946312824123,111.171680852983,35.9064401126274,344.204064365907,111.171680852983,35.9064401126274,344.204064365907,23.9894047058573,23.9894047058573,84.5022564148565,137.841105291109,96.0125304475716,30.0538495911426,306.729624602324,96.0125304475716,30.0538495911426,306.729624602324,25.4462343602526,25.4462343602526,71.5809569346736,120.44410396047,110.904849016859,35.8379687183418,343.208222321968,110.904849016859,35.8379687183418,343.208222321968,23.9911499322334,23.9911499322334,84.2975004071076,137.512197626611,121.944595626123,41.5935031657103,357.519402565686,121.944595626123,41.5935031657103,357.519402565686,22.3921695967848,22.3921695967848,94.6385549594084,149.250636292838,75.6404147732395,26.8067611524537,213.433928646915,75.6404147732395,26.8067611524537,213.433928646915,23.9791681299923,23.9791681299923,57.5024725405409,93.7783570059381,138.145678910526,45.3879467795219,420.469088288008,138.145678910526,45.3879467795219,420.469088288008,22.5850741831581,22.5850741831581,106.945374847756,169.345982973296,138.145678910526,45.3879467795219,420.469088288008,138.145678910526,45.3879467795219,420.469088288008,22.5850741831581,22.5850741831581,106.945374847756,169.345982973296
"BI10",380,4905,-7.220528231,60.8946556923685,19.6868504359086,188.357152606212,60.8946556923685,19.6868504359086,188.357152606212,27.4800324383865,27.4800324383864,44.1607845548619,77.6285268298751,62.4281378989456,20.1631582576832,193.286803174533,62.4281378989456,20.1631582576832,193.286803174533,27.3380408611879,27.3380408611879,45.3615080512531,79.4947677466381,51.460384691325,16.1081335342988,164.399629972053,51.460384691325,16.1081335342988,164.399629972053,29.4733132728024,29.4733132728024,36.2933042998615,66.6274650827885,61.9380894003801,20.0147723934707,191.674771171566,61.9380894003801,20.0147723934707,191.674771171566,27.3782757395558,27.3782757395558,44.9805084965314,78.8956703042287,77.8427080274017,26.5509997072113,228.22067944182,77.8427080274017,26.5509997072113,228.22067944182,24.7003293035193,24.7003293035193,58.6153028058565,97.070113248947,102.055954358895,36.1683578928825,287.970436782102,102.055954358895,36.1683578928825,287.970436782102,22.4263717985272,22.4263717985272,79.1685065918337,124.943402125955,93.0421372964441,30.5691181162395,283.189043261654,93.0421372964441,30.5691181162395,283.189043261654,24.554363693064,24.554363693064,70.1962325168753,115.888042076013,93.0421372964441,30.5691181162395,283.189043261654,93.0421372964441,30.5691181162395,283.189043261654,24.554363693064,24.554363693064,70.1962325168753,115.888042076013
"BI10",382.4,4931,-6.498050871,110.450748598042,35.7080164664811,341.642271766042,110.450748598042,35.7080164664811,341.642271766042,24.0020780493572,24.0020780493572,83.9402737134404,136.961223482643,111.183917560472,35.9103923475967,344.241951032909,111.183917560472,35.9103923475967,344.241951032909,23.9888442573069,23.9888442573069,84.5121807377181,137.855654383227,96.0239521795122,30.0574248225443,306.766113418254,96.0239521795122,30.0574248225443,306.766113418254,25.4455712293973,25.4455712293973,71.590109030392,120.457795328632,110.917172238071,35.8419508635791,343.246357993068,110.917172238071,35.8419508635791,343.246357993068,23.9905838338648,23.9905838338648,84.3074950461447,137.526849429998,118.247617238533,40.3325183596329,346.680533506808,118.247617238533,40.3325183596329,346.680533506808,22.5366060988129,22.5366060988129,91.598617520253,144.896616956813,75.0157928451159,26.5853968079033,211.671438152408,75.0157928451159,26.5853968079033,211.671438152408,24.0252197023786,24.0252197023785,56.9930838025956,93.0385018876361,136.643223672882,44.8943131103212,415.896118731898,136.643223672882,44.8943131103212,415.896118731898,22.6352997696206,22.6352997696206,105.713620379652,167.572826966111,136.643223672882,44.8943131103212,415.896118731898,136.643223672882,44.8943131103212,415.896118731898,22.6352997696206,22.6352997696206,105.713620379652,167.572826966111
"BI10",387.2,4984,-6.745005726,90.1111328343507,29.1323495395423,278.72850590607,90.1111328343507,29.1323495395423,278.72850590607,25.0873922555994,25.0873922555994,67.5045994742329,112.717666194469,91.2770603124756,29.4808378772358,282.60735919316,91.2770603124756,29.4808378772358,282.60735919316,25.0373100043037,25.0373100043037,68.4237397592258,114.130380865725,77.5852535850504,24.2857419845738,247.860311522708,77.5852535850504,24.2857419845738,247.860311522708,26.6924205504319,26.6924205504319,56.8758714130097,98.2946357570911,90.8877066146363,29.3695975911928,281.262798648127,90.8877066146363,29.3695975911928,281.262798648127,25.0500822090339,25.0500822090339,68.1202613897643,113.655151839508,94.3872103746246,32.1940854644853,276.726154937108,94.3872103746246,32.1940854644853,276.726154937108,23.6535494167839,23.6535494167839,72.061284925539,116.71313582371,159.741828283333,56.6120776794384,450.742186990422,159.741828283333,56.6120776794384,450.742186990422,20.4459355316377,20.4459355316377,127.081117055463,192.402539511202,100.690360546502,33.0819520504546,306.467668277916,100.690360546502,33.0819520504546,306.467668277916,24.1337837884972,24.1337837884972,76.3899666363512,124.990754456654,100.690360546502,33.0819520504546,306.467668277916,100.690360546502,33.0819520504546,306.467668277916,24.1337837884972,24.1337837884972,76.3899666363512,124.990754456654
"BI10",395.8,5077,-6.757114561,89.2163494326613,28.8430718221251,275.960794161496,89.2163494326613,28.8430718221251,275.960794161496,25.1431378966662,25.1431378966662,66.7845596684357,111.648139196887,90.3983527297504,29.1970312373294,279.88674978038,90.3983527297504,29.1970312373294,279.88674978038,25.0910811251444,25.0910811251444,67.7164287105346,113.080276748966,76.7783451522935,24.0331634455138,245.282494653241,76.7783451522935,24.0331634455138,245.282494653241,26.7567069677903,26.7567069677903,56.2349883251757,97.3217019794112,90.004482245442,29.0841910684388,278.529555977949,90.004482245442,29.0841910684388,278.529555977949,25.1044441407185,25.1044441407185,67.4093572759921,112.599607214892,96.3290095120028,32.8564045131731,282.419157270942,96.3290095120028,32.8564045131731,282.419157270942,23.5480976610564,23.5480976610564,73.6453602761881,119.012658747818,78.3957869400401,27.7832576957761,221.208739351056,78.3957869400401,27.7832576957761,221.208739351056,23.7824677848079,23.7824677848079,59.7513341663785,97.0402397137018,98.4922192045729,32.3597497852214,299.777263675628,98.4922192045729,32.3597497852214,299.777263675628,24.2498395605164,24.2498395605164,74.6080140678718,122.376424341274,98.4922192045729,32.3597497852214,299.777263675628,98.4922192045729,32.3597497852214,299.777263675628,24.2498395605164,24.2498395605164,74.6080140678718,122.376424341274
"BI10",404.1,5184,-6.574730938,103.686757400035,33.5212616264887,320.720138159666,103.686757400035,33.5212616264887,320.720138159666,24.3288817990749,24.3288817990749,78.4609287508871,128.912586049183,104.577445166564,33.7766213769004,323.787329571247,104.577445166564,33.7766213769004,323.787329571247,24.304871723041,24.3048717230411,79.1600312675969,129.994859065531,89.8725233716175,28.1319041087241,287.114246727335,89.8725233716175,28.1319041087241,287.114246727335,25.8200682049186,25.8200682049186,66.6673765395845,113.07767020365,104.265902753993,33.6926490988617,322.663214910949,104.265902753993,33.6926490988617,322.663214910949,24.3098391516365,24.3098391516365,78.9190295044959,129.612776003491,113.50416597999,38.7145970903416,332.773596087018,113.50416597999,38.7145970903416,332.773596087018,22.7315997700302,22.7315997700302,87.7028532471075,139.305478712872,72.0434923401469,25.532021440398,203.284522562421,72.0434923401469,25.532021440398,203.284522562421,24.2523055718041,24.2523055718041,54.5712844332152,89.5157002470785,125.053841004697,41.0866060006997,380.621927003695,125.053841004697,41.0866060006997,380.621927003695,23.0507582590218,23.0507582590218,96.2279824210824,153.879699588311,125.053841004697,41.0866060006997,380.621927003695,125.053841004697,41.0866060006997,380.621927003695,23.0507582590218,23.0507582590218,96.2279824210824,153.879699588311
"BI10",413.4,5402,-6.383620081,121.374035972651,39.2394450026528,375.429790286138,121.374035972651,39.2394450026528,375.429790286138,23.5303904820179,23.5303904820179,92.8142513645014,149.933820580801,121.826966230316,39.3479043717684,377.194413218389,121.826966230316,39.3479043717684,377.194413218389,23.532224302166,23.532224302166,93.1583712764738,150.495561184158,105.995533581109,33.1787299921133,338.62215768399,105.995533581109,33.1787299921133,338.62215768399,24.9064782632837,24.9064782632837,79.5957790496782,132.395288112539,121.64019572239,39.3070056705031,376.430027242824,121.64019572239,39.3070056705031,376.430027242824,23.5294486932257,23.5294486932257,93.0189282795508,150.261463165229,131.298840782983,44.7840982351101,384.94435012291,131.298840782983,44.7840982351101,384.94435012291,22.0528575983914,22.0528575983914,102.343694396773,160.253987169192,186.220028831485,65.9958812977682,525.455505041826,186.220028831485,65.9958812977682,525.455505041826,19.8460052664426,19.8460052664426,149.262792102418,223.177265560553,149.321460347889,49.0597646539495,454.484416664059,149.321460347889,49.0597646539495,454.484416664059,22.2341118523518,22.2341118523518,116.121159834574,182.521760861204,149.321460347889,49.0597646539495,454.484416664059,149.321460347889,49.0597646539495,454.484416664059,22.2341118523518,22.2341118523518,116.121159834574,182.521760861204
"BI10",415.7,5491,-6.684960968,94.6824967177084,30.6102420743884,292.868483787643,94.6824967177084,30.6102420743884,292.868483787643,24.8145755095471,24.8145755095471,71.1874370753682,118.177556360049,95.7621775838127,30.9294495512317,296.493949573974,95.7621775838127,30.9294495512317,296.493949573974,24.7740412559926,24.7740412559926,72.038016201562,119.486338966063,81.7135542955017,25.5779829872902,261.048924730374,81.7135542955017,25.5779829872902,261.048924730374,26.3781500386851,26.3781500386851,60.1590303414919,103.268078249512,95.3971199891796,30.826776577392,295.217713710107,95.3971199891796,30.826776577392,295.217713710107,24.7839560060049,24.7839560060049,71.7539397400656,119.040300238294,109.04980983713,37.195281901522,319.714233030926,109.04980983713,37.195281901522,319.714233030926,22.9255666802634,22.9255666802634,84.0495229682182,134.050096706042,115.856041378898,41.0590719078351,326.910027438481,115.856041378898,41.0590719078351,326.910027438481,21.8278733576135,21.8278733576135,90.5671313895677,141.144951368228,117.584396716572,38.6325101325143,357.887445153707,117.584396716572,38.6325101325143,357.887445153707,23.3485564886814,23.3485564886814,90.1301374273281,145.038656005816,117.584396716572,38.6325101325143,357.887445153707,117.584396716572,38.6325101325143,357.887445153707,23.3485564886814,23.3485564886814,90.1301374273281,145.038656005816
"BI10",419.3,5629,-6.386322835,121.103981718444,39.1521381995892,374.594468207487,121.103981718444,39.1521381995892,374.594468207487,23.5413174575888,23.5413174575888,92.5945089283246,149.613454508563,121.564205527581,39.2630374221612,376.380866988424,121.564205527581,39.2630374221612,376.380866988424,23.5428087317753,23.5428087317753,92.9445771339204,150.183833921241,105.748475873323,33.101395969611,337.832886558533,105.748475873323,33.101395969611,337.832886558533,24.9189476410022,24.9189476410022,79.3970685392915,132.099883207354,121.375350146544,39.2214230512893,375.610431164909,121.375350146544,39.2214230512893,375.610431164909,23.5401357960537,23.5401357960537,92.8034278991116,149.947272393976,150.263621844183,51.2527053681764,440.545643152553,150.263621844183,51.2527053681764,440.545643152553,21.4592751590625,21.4592751590625,118.018137768666,182.509105919699,117.893367665455,41.7810949072737,332.658734060187,117.893367665455,41.7810949072737,332.658734060187,21.7480988582714,21.7480988582714,92.2538015182267,143.532933812684,150.94876846684,49.5944189035744,459.437396493288,150.94876846684,49.5944189035744,459.437396493288,22.1860752148476,22.1860752148476,117.459161158901,184.43837577478,150.94876846684,49.5944189035744,459.437396493288,150.94876846684,49.5944189035744,459.437396493288,22.1860752148476,22.1860752148476,117.459161158901,184.43837577478
"BI10",433.8,6189,-6.450626679,114.853109055839,37.1312712810816,355.259494347377,114.853109055839,37.1312712810816,355.259494347377,23.8043182164819,23.8043182164819,87.5131094946638,142.193108617013,115.477046902785,37.2969953965276,357.534118220943,115.477046902785,37.2969953965276,357.534118220943,23.7974716517274,23.7974716517274,87.996429401843,142.957664403728,100.03734900936,31.3136986038052,319.58764512105,100.03734900936,31.3136986038052,319.58764512105,25.2193453965581,25.2193453965581,74.8085844371289,125.26611358159,115.241438766852,37.2393012045425,356.628314159506,115.241438766852,37.2393012045425,356.628314159506,23.7972974989269,23.7972974989269,87.8170907414604,142.665786792243,110.683726255073,37.7525866951727,324.504579159723,110.683726255073,37.7525866951727,324.504579159723,22.8531268885787,22.8531268885787,85.3890338489941,135.978418661152,82.8365963066569,29.357068685197,233.73933417038,82.8365963066569,29.357068685197,233.73933417038,23.4857852272903,23.4857852272903,63.3817712084779,102.291421404836,134.376866604447,44.1496984772994,408.998088349659,134.376866604447,44.1496984772994,408.998088349659,22.7125499822673,22.7125499822673,103.856453612307,164.897279596586,134.376866604447,44.1496984772994,408.998088349659,134.376866604447,44.1496984772994,408.998088349659,22.7125499822673,22.7125499822673,103.856453612307,164.897279596586
"BI10",438.7,6306,-6.609924612,100.722559738519,32.5629555918912,311.551388867351,100.722559738519,32.5629555918912,311.551388867351,24.4818724673674,24.4818724673673,76.0637911174672,125.381328359572,101.678159544693,32.8402046136353,314.810709921813,101.678159544693,32.8402046136353,314.810709921813,24.4527229230023,24.4527229230023,76.8150809180212,126.541238171365,87.1827175273011,27.289940878533,278.52116900056,87.1827175273011,27.289940878533,278.52116900056,25.995666050086,25.995666050086,64.5189894255141,109.846445629088,101.348202470294,32.7498188040311,313.63404498273,101.348202470294,32.7498188040311,313.63404498273,24.4592293885834,24.4592293885834,76.5592131468791,126.137191793709,97.7954963555651,33.3566015482036,286.718630302025,97.7954963555651,33.3566015482036,286.718630302025,23.4704633778593,23.4704633778593,74.8424401982365,120.748552512894,63.828416200232,22.6206203779883,180.104110610266,63.828416200232,22.6206203779883,180.104110610266,24.9587836874171,24.9587836874171,47.8976198697118,79.7592125307522,124.620530895002,40.9442413871053,379.303076438075,124.620530895002,40.9442413871053,379.303076438075,23.0673395591817,23.0673395591817,95.8738898729971,153.367171917007,124.620530895002,40.9442413871053,379.303076438075,124.620530895002,40.9442413871053,379.303076438075,23.0673395591817,23.0673395591817,95.8738898729971,153.367171917007
"BI10",446.3,6403,-6.401532731,119.595403441095,38.6644245475562,369.928188292211,119.595403441095,38.6644245475562,369.928188292211,23.602999359764,23.602999359764,91.3673011325864,147.823505749604,120.096038877504,38.7888461758667,371.835204601695,120.096038877504,38.7888461758667,371.835204601695,23.6025511989815,23.6025511989815,91.7503098134927,148.441767941516,104.368845293178,32.6695439003683,333.425403827216,104.368845293178,32.6695439003683,333.425403827216,24.9893532402347,24.9893532402347,78.2877458701114,130.449944716244,119.895634672759,38.7432654474367,371.031275953916,119.895634672759,38.7432654474367,371.031275953916,23.6004595586437,23.6004595586437,91.5997138992354,148.191555446283,110.814642340046,37.7972402410457,324.88840133934,110.814642340046,37.7972402410457,324.88840133934,22.8473887013426,22.8473887013426,85.496390266613,136.132894413479,83.0677818720086,29.4390002326489,234.391668555475,83.0677818720086,29.4390002326489,234.391668555475,23.4709754110266,23.4709754110266,63.5709632143442,102.564600529673,121.408546035023,39.8889394838457,369.526872387964,121.408546035023,39.8889394838457,369.526872387964,23.1928482755902,23.1928482755902,93.2504461595199,149.566645910526,121.408546035023,39.8889394838457,369.526872387964,121.408546035023,39.8889394838457,369.526872387964,23.1928482755902,23.1928482755902,93.2504461595199,149.566645910526
"BI10",453,6471,-4.948559672,396.062190720865,128.044358300184,1225.08528295218,396.062190720865,128.044358300184,1225.08528295218,18.8778908854569,18.8778908854569,321.29400251803,470.8303789237,383.383843728073,123.826040223099,1187.01342114219,383.383843728073,123.826040223099,1187.01342114219,18.9973447787969,18.9973447787969,310.551093108847,456.2165943473,365.923754375368,114.541481456201,1169.01049570732,365.923754375368,114.541481456201,1169.01049570732,19.6781484115364,19.6781484115364,293.916734916317,437.930773834418,386.984605249774,125.050818790736,1197.56980520801,386.984605249774,125.050818790736,1197.56980520801,18.9592435550628,18.9592435550628,313.615251419871,460.353959079678,404.680352696456,138.030500200166,1186.44928201405,404.680352696456,138.030500200166,1186.44928201405,17.9177970320337,17.9177970320337,332.170548471786,477.190156921125,399.725944400125,141.661808043973,1127.90336953044,399.725944400125,141.661808043973,1127.90336953044,17.3155537832162,17.3155537832162,330.511183512052,468.940705288198,369.392866991099,121.364518383423,1124.30792789716,369.392866991099,121.364518383423,1124.30792789716,18.82761177679,18.82761177679,299.84501206286,438.940721919337,369.392866991099,121.364518383423,1124.30792789716,369.392866991099,121.364518383423,1124.30792789716,18.82761177679,18.82761177679,299.84501206286,438.940721919337
"BI10",458.1,6522,-6.257658081,134.651185112803,43.5318619046862,416.49818911905,134.651185112803,43.5318619046862,416.49818911905,23.0321525755986,23.0321525755986,103.638118712771,165.664251512836,134.724198646109,43.513476933082,417.126163665325,134.724198646109,43.513476933082,417.126163665325,23.0492772435124,23.0492772435124,103.671244586067,165.77715270615,118.173309767939,36.9906184213372,377.526295517513,118.173309767939,36.9906184213372,377.526295517513,24.3388702379544,24.3388702379544,89.4112612476246,146.935358288254,134.646209151681,43.5097894672551,416.678679922422,134.646209151681,43.5097894672551,416.678679922422,23.0419172114305,23.0419172114305,103.621141110621,165.671277192741,163.20110353863,55.6654895760486,478.475989326192,163.20110353863,55.6654895760486,478.475989326192,21.1114106377313,21.1114106377313,128.747048405281,197.655158671979,190.901974004145,67.6551501733903,538.666510757567,190.901974004145,67.6551501733903,538.666510757567,19.7521702386112,19.7521702386112,153.194691109977,228.609256898313,164.587627818833,54.0754843070213,500.949507492685,164.587627818833,54.0754843070213,500.949507492685,21.8100244490057,21.8100244490057,128.691025951507,200.484229686159,164.587627818833,54.0754843070213,500.949507492685,164.587627818833,54.0754843070213,500.949507492685,21.8100244490057,21.8100244490057,128.691025951507,200.484229686159
"BI10",463.4,6579,-5.867359288,185.740296131846,60.0486428290501,574.525184613426,185.740296131846,60.0486428290501,574.525184613426,21.6140690035059,21.6140690035059,145.594260358592,225.886331905099,184.017333517929,59.434267026913,569.745043204038,184.017333517929,59.434267026913,569.745043204038,21.6711892427781,21.6711892427781,144.138588931745,223.896078104114,165.527178522892,51.8133300245605,528.806907735162,165.527178522892,51.8133300245605,528.806907735162,22.7335519238048,22.7335519238048,127.896971445381,203.157385600402,184.455945220213,59.6053865391335,570.820821785022,184.455945220213,59.6053865391335,570.820821785022,21.6518265872876,21.6518265872876,144.51786383119,224.394026609235,187.88613281981,64.0851890164429,550.848011026784,187.88613281981,64.0851890164429,550.848011026784,20.5434777764954,20.5434777764954,149.287786878855,226.484478760764,296.567623500877,105.102774390807,836.822394258806,296.567623500877,105.102774390807,836.822394258806,18.2235844456241,18.2235844456241,242.522372193814,350.61287480794,207.218677611701,68.0819724897392,630.704117123128,207.218677611701,68.0819724897392,630.704117123128,20.8681893306881,20.8681893306881,163.975891639143,250.461463584259,207.218677611701,68.0819724897392,630.704117123128,207.218677611701,68.0819724897392,630.704117123128,20.8681893306881,20.8681893306881,163.975891639143,250.461463584259
"BI10",473.6,6809,-6.336571788,126.172684616053,40.7908172382459,390.272797189652,126.172684616053,40.7908172382459,390.272797189652,23.3417908961765,23.3417908961765,96.721720404882,155.623648827225,126.493063009295,40.8549691500343,391.64134308152,126.493063009295,40.8549691500343,391.64134308152,23.3494883896912,23.3494883896912,96.9575799481749,156.028546070415,110.389867633944,34.5542447719186,352.660663159474,110.389867633944,34.5542447719186,352.660663159474,24.6913991999967,24.6913991999967,83.1330647400987,137.646670527789,126.344208152656,40.8270677040481,390.987152186267,126.344208152656,40.8270677040481,390.987152186267,23.3449550451468,23.3449550451468,96.8492095572719,155.83920674804,146.046405537466,49.8142750801979,428.181531018462,146.046405537466,49.8142750801979,428.181531018462,21.5818446695596,21.5818446695596,114.526897148895,177.565913926037,99.731969427084,35.3447438345023,281.412867847564,99.731969427084,35.3447438345023,281.412867847564,22.5386133987084,22.5386133987084,77.2537664029955,122.210172451173,162.01008371696,53.2286287597444,493.104328207426,162.01008371696,53.2286287597444,493.104328207426,21.8776903974448,21.8776903974448,126.566019188722,197.454148245197,162.01008371696,53.2286287597444,493.104328207426,162.01008371696,53.2286287597444,493.104328207426,21.8776903974448,21.8776903974448,126.566019188722,197.454148245197
"BI10",477.5,6978,-6.740234518,90.4661613548355,29.2471279762343,279.826667320273,90.4661613548355,29.2471279762343,279.826667320273,25.0654947973192,25.0654947973192,67.7903703871049,113.141952322566,91.6256360663054,29.5934215346347,283.686601589129,91.6256360663054,29.5934215346347,283.686601589129,25.0161859731103,25.0161859731103,68.7043965489133,114.546875583698,77.9055214153794,24.3859922452087,248.88346580175,77.9055214153794,24.3859922452087,248.88346580175,26.667174726087,26.667174726087,57.1303198982711,98.6807229324878,91.2380965422006,29.4828231478262,282.34712187858,91.2380965422006,29.4828231478262,282.34712187858,25.0287267448271,25.0287267448271,68.4023626714716,114.073830412929,113.046567911843,38.558517137816,331.432001676056,113.046567911843,38.558517137816,331.432001676056,22.7510229446488,22.7510229446488,87.3273173080813,138.765818515604,104.579303998067,37.0626262715557,295.09055145166,104.579303998067,37.0626262715557,295.09055145166,22.3085743924071,22.3085743924071,81.2491521665969,127.909455829538,124.197158943888,40.8051419687475,378.014474292171,124.197158943888,40.8051419687475,378.014474292171,23.0836195152307,23.0836195152307,95.527959324555,152.866358563222,124.197158943888,40.8051419687475,378.014474292171,124.197158943888,40.8051419687475,378.014474292171,23.0836195152307,23.0836195152307,95.527959324555,152.866358563222
"BI10",491.5,7600,-6.788381693,86.946739392518,28.1093214970742,268.940518246849,86.946739392518,28.1093214970742,268.940518246849,25.2882352875858,25.2882352875858,64.959443360054,108.934035424982,88.168300324617,28.4767646863646,272.982175740423,88.168300324617,28.4767646863646,272.982175740423,25.2310017066313,25.2310017066313,65.922554965005,110.414045684229,74.7333662577536,23.3930439962392,238.749434794097,74.7333662577536,23.3930439962392,238.749434794097,26.9241468466254,26.9241468466254,54.6120449830896,94.8546875324176,87.7633344671965,28.3599830226956,271.594058100705,87.7633344671965,28.3599830226956,271.594058100705,25.2459135373397,25.2459135373397,65.6066789301218,109.919990004271,111.106743547557,37.8968716551065,325.744789018201,111.106743547557,37.8968716551065,325.744789018201,22.8346203507591,22.8346203507591,85.7359404743805,136.477546620733,83.4044648106081,29.5583197676647,235.341684000381,83.4044648106081,29.5583197676647,235.341684000381,23.4495141544493,23.4495141544493,63.8465230294019,102.962406591814,131.134325720176,43.0843573515663,399.12888201546,131.134325720176,43.0843573515663,399.12888201546,22.8263223052571,22.8263223052571,101.201181878463,161.067469561889,131.134325720176,43.0843573515663,399.12888201546,131.134325720176,43.0843573515663,399.12888201546,22.8263223052571,22.8263223052571,101.201181878463,161.067469561889
"BI10",495.3,7780,-6.507365505,109.606110080826,35.4349502676207,339.029666369471,109.606110080826,35.4349502676207,339.029666369471,24.0413069617189,24.0413069617189,83.2553687074954,135.956851454157,110.359642491778,35.6441664242022,341.689872782197,110.359642491778,35.6441664242022,341.689872782197,24.0267941571521,24.0267941571521,83.8437583577098,136.875526625847,95.2548020061656,29.8166653767198,304.308922228378,95.2548020061656,29.8166653767198,304.308922228378,25.4904821845315,25.4904821845315,70.9738936708732,119.535710341458,110.087098377871,35.5737194805557,340.677595883197,110.087098377871,35.5737194805557,340.677595883197,24.0289169002532,24.0289169002532,83.6343609907521,136.539835764989,128.683234652224,43.8919535580837,377.275868084697,128.683234652224,43.8919535580837,377.275868084697,22.1442139444996,22.1442139444996,100.187343860133,157.179125444315,90.9846317583253,32.2447107065873,256.730577970634,90.9846317583253,32.2447107065873,256.730577970634,22.9972897581503,22.9972897581503,70.0606323574772,111.908631159173,155.60638346839,51.1246845150435,473.613613576172,155.60638346839,51.1246845150435,473.613613576172,22.0524965199032,22.0524965199032,121.291291169276,189.921475767503,155.60638346839,51.1246845150435,473.613613576172,155.60638346839,51.1246845150435,473.613613576172,22.0524965199032,22.0524965199032,121.291291169276,189.921475767503
"BI10",499.2,7965,-5.539224331,243.417822746973,78.6954161308235,752.931229595069,243.417822746973,78.6954161308235,752.931229595069,20.5503153172446,20.5503153172446,193.394692634098,293.440952859847,239.168665698538,77.247148786733,740.501773210342,239.168665698538,77.247148786733,740.501773210342,20.6339991974913,20.6339991974913,189.818605137651,288.518726259425,219.740303306255,68.7831264720642,702.000670422213,219.740303306255,68.7831264720642,702.000670422213,21.5391653668377,21.5391653668377,172.41007599953,267.07053061298,240.336027407164,77.6625648784674,743.748370405313,240.336027407164,77.6625648784674,743.748370405313,20.6066556908408,20.6066556908408,190.810809738325,289.861245076003,277.682066828095,94.7132578231382,814.11337768476,277.682066828095,94.7132578231382,814.11337768476,19.1171644640211,19.1171644640211,224.597129425475,330.767004230715,211.858145511535,75.0819614349702,597.798365436439,211.858145511535,75.0819614349702,597.798365436439,19.3680485370422,19.3680485370422,170.825357059184,252.890933963887,284.827935046795,93.5805973750223,866.920652984365,284.827935046795,93.5805973750223,866.920652984365,19.6936445242891,19.6936445242891,228.734934012806,340.920936080784,284.827935046795,93.5805973750223,866.920652984365,284.827935046795,93.5805973750223,866.920652984365,19.6936445242891,19.6936445242891,228.734934012806,340.920936080784
"BI10",504.5,8096,-6.194716296,141.820279717377,45.8495840698977,438.67337397113,141.820279717377,45.8495840698977,438.67337397113,22.7910117495812,22.7910117495812,109.498003103701,174.142556331053,141.671696096977,45.7573928227961,438.636649442031,141.671696096977,45.7573928227961,438.636649442031,22.8153060702707,22.8153060702707,109.348865017508,173.994527176446,124.772998448194,39.0564534745341,398.61021052267,124.772998448194,39.0564534745341,398.61021052267,24.0648273961442,24.0648273961442,94.746591734642,154.799405161745,141.657282524634,45.7753588309867,438.375278855929,141.657282524634,45.7753588309867,438.375278855929,22.8057956483851,22.8057956483851,109.351212151011,173.963352898258,176.252463979226,60.1171161447823,516.740207296927,176.252463979226,60.1171161447823,516.740207296927,20.7973704627468,20.7973704627468,139.596586095747,212.908341862705,107.280681303658,38.0199871801485,302.713005305442,107.280681303658,38.0199871801485,302.713005305442,22.1868890202275,22.1868890202275,83.4784356026718,131.082927004645,214.01954231723,70.316405645692,651.403667082674,214.01954231723,70.316405645692,651.403667082674,20.7426057819483,20.7426057819483,169.626312358037,258.412772276423,214.01954231723,70.316405645692,651.403667082674,214.01954231723,70.316405645692,651.403667082674,20.7426057819483,20.7426057819483,169.626312358037,258.412772276423
"HER42PB",3.1,-58,-5.587396136,233.943344972847,75.6323784179604,723.625116674739,233.943344972847,75.6323784179604,723.625116674739,20.699874359124,20.699874359124,185.517366491936,282.369323453759,230.139519229763,74.3308979532321,712.546192360417,230.139519229763,74.3308979532321,712.546192360417,20.7800021383177,20.7800021383177,182.316522212704,277.962516246821,210.788440325249,65.9810136401501,673.402303533478,210.788440325249,65.9810136401501,673.402303533478,21.7065862231559,21.7065862231559,165.033465777603,256.543414872894,231.178345399997,74.7033369978589,715.408836199809,231.178345399997,74.7033369978589,715.408836199809,20.7537274534545,20.7537274534545,183.200221664276,279.156469135718,241.590979624271,82.4031202384546,708.300866119114,241.590979624271,82.4031202384546,708.300866119114,19.6022339957364,19.6022339957364,194.233750485729,288.948208762812,340.022950020485,120.503226150692,959.439927326534,340.022950020485,120.503226150692,959.439927326534,17.7960929105833,17.7960929105833,279.512149917533,400.533750123436,238.408058830865,78.3292852252934,725.634127159725,238.408058830865,78.3292852252934,725.634127159725,20.3336773629504,20.3336773629504,189.930933340924,286.885184320805,238.408058830865,78.3292852252934,725.634127159725,238.408058830865,78.3292852252934,725.634127159725,20.3336773629504,20.3336773629504,189.930933340924,286.885184320805
"HER42PB",5.9,-51,-5.234492832,312.911868018585,101.162393895835,967.887703880355,312.911868018585,101.162393895835,967.887703880355,19.6521041499641,19.6521041499641,251.418101817974,374.405634219195,305.091466662658,98.539019942348,944.608573180761,305.091466662658,98.539019942348,944.608573180761,19.7559122288657,19.7559122288657,244.817864291025,365.365069034292,285.873933712939,89.4842804974132,913.276672978024,285.873933712939,89.4842804974132,913.276672978024,20.5371318445489,20.5371318445489,227.163627037114,344.584240388763,307.289878162148,99.2981383470801,950.945010578687,307.289878162148,99.2981383470801,950.945010578687,19.722517858291,19.722517858291,246.684577064898,367.895179259399,349.317336969679,119.146992012931,1024.13497685569,349.317336969679,119.146992012931,1024.13497685569,18.3679364032681,18.3679364032681,285.154950669499,413.479723269859,356.740651265035,126.427934861297,1006.61212575071,356.740651265035,126.427934861297,1006.61212575071,17.6507570573929,17.6507570573929,293.773225585283,419.708076944788,318.547748115282,104.659286864537,969.552448419179,318.547748115282,104.659286864537,969.552448419179,19.3113488703972,19.3113488703972,257.031881157946,380.063615072618,318.547748115282,104.659286864537,969.552448419179,318.547748115282,104.659286864537,969.552448419179,19.3113488703972,19.3113488703972,257.031881157946,380.063615072618
"HER42PB",8.7,-44,-5.230225717,314.014225762169,101.518779062613,971.297477092375,314.014225762169,101.518779062613,971.297477092375,19.6400837119227,19.6400837119227,252.341568955133,375.686882569205,306.133266029665,98.8755022757426,947.834139022946,306.133266029665,98.8755022757426,947.834139022946,19.7441467531326,19.7441467531326,245.68986472461,366.57666733472,286.929098082766,89.8145681287973,916.647588935995,286.929098082766,89.8145681287973,916.647588935995,20.5237619694923,20.5237619694923,228.040452971048,345.817743194484,308.349162108328,99.640437040632,954.223090512301,308.349162108328,99.640437040632,954.223090512301,19.7106756970044,19.7106756970044,247.571458750725,369.126865465931,326.400013876458,111.330231083648,956.945548586037,326.400013876458,111.330231083648,956.945548586037,18.583273066423,18.583273066423,265.744208008953,387.055819743963,329.423440441048,116.746788240074,929.531379388877,329.423440441048,116.746788240074,929.531379388877,17.8933075911603,17.8933075911603,270.478690965549,388.368189916548,338.505309870446,111.216370357384,1030.29656913164,338.505309870446,111.216370357384,1030.29656913164,19.1098736477896,19.1098736477896,273.817372863145,403.193246877747,338.505309870446,111.216370357384,1030.29656913164,338.505309870446,111.216370357384,1030.29656913164,19.1098736477896,19.1098736477896,273.817372863145,403.193246877747
"HER42PB",11.5,-24,-5.256547525,307.275693614879,99.3402549699334,950.454092503403,307.275693614879,99.3402549699334,950.454092503403,19.7144673910305,19.7144673910305,246.69792719661,367.853460033147,299.763150023284,96.818070138901,928.111312102856,299.763150023284,96.818070138901,928.111312102856,19.8169466079492,19.8169466079492,240.359246632863,359.167053413704,280.481830791901,87.7964440305123,896.050611993304,280.481830791901,87.7964440305123,896.050611993304,20.6065130045276,20.6065130045276,222.684305854431,338.279355729371,301.872675468841,97.5476148813824,934.180833693643,301.872675468841,97.5476148813824,934.180833693643,19.7839519124757,19.7839519124757,242.150330517182,361.5950204205,307.47514491057,104.875237377681,901.46127056963,307.47514491057,104.875237377681,901.46127056963,18.7770390519354,18.7770390519354,249.740416875718,365.209872945423,331.196091528109,117.375011055085,934.533254203628,331.196091528109,117.375011055085,934.533254203628,17.8767589398971,17.8767589398971,271.988964627268,390.40321842895,299.887277832231,98.5283645022348,912.756238875619,299.887277832231,98.5283645022348,912.756238875619,19.5157430978982,19.5157430978982,241.362047107213,358.41250855725,299.887277832231,98.5283645022348,912.756238875619,299.887277832231,98.5283645022348,912.756238875619,19.5157430978982,19.5157430978982,241.362047107213,358.41250855725
"HER42PB",16.9,40,-5.943565,174.433760791729,56.393312691153,539.552217309619,174.433760791729,56.393312691153,539.552217309619,21.8770634883207,21.8770634883207,136.272776198257,212.594745385201,173.148751736129,55.9239118909366,536.094296948469,173.148751736129,55.9239118909366,536.094296948469,21.9271611860316,21.9271611860316,135.182145851347,211.115357620912,154.986738651075,48.5139607333298,495.133540832378,154.986738651075,48.5139607333298,495.133540832378,23.0301358165373,23.0301358165373,119.29308224211,190.680395060039,173.461187342598,56.0525230496048,536.796238193885,173.461187342598,56.0525230496048,536.796238193885,21.9099071856308,21.9099071856308,135.456002192742,211.466372492454,217.436258780466,74.1643011852186,637.483612423878,217.436258780466,74.1643011852186,637.483612423878,19.985909773704,19.985909773704,173.979644285284,260.892873275647,279.889192994288,99.1919831249436,789.761005749006,279.889192994288,99.1919831249436,789.761005749006,18.4107932329464,18.4107932329464,228.359372390747,331.419013597829,204.312939671069,67.1272884196709,621.860025926524,204.312939671069,67.1272884196709,621.860025926524,20.9235870553652,20.9235870553652,161.563343873617,247.062535468521,204.312939671069,67.1272884196709,621.860025926524,204.312939671069,67.1272884196709,621.860025926524,20.9235870553652,20.9235870553652,161.563343873617,247.062535468521
"HER42PB",21.1,88,-5.287053962,299.646581456989,96.8738120891347,926.855997947569,299.646581456989,96.8738120891347,926.855997947569,19.8013845754809,19.8013845754809,240.312409495409,358.98075341857,292.545968078506,94.4870510403881,905.765843008565,292.545968078506,94.4870510403881,905.765843008565,19.9019946890169,19.9019946890169,234.323485048589,350.768451108424,273.190610144023,85.5141455881563,872.757471381438,273.190610144023,85.5141455881563,872.757471381438,20.7032585419097,20.7032585419097,216.631251813685,329.749968474361,294.536558276892,95.1770103427191,911.478348071832,294.536558276892,95.1770103427191,911.478348071832,19.8695621270011,19.8695621270011,236.013433843334,353.05968271045,348.629671933079,118.912439610425,1022.11886788597,348.629671933079,118.912439610425,1022.11886788597,18.374119293244,18.374119293244,284.57204012045,412.687303745708,337.955217787188,119.770427364866,953.605424498048,337.955217787188,119.770427364866,953.605424498048,17.8147349861794,17.8147349861794,277.749391366435,398.161044207941,302.885486725235,99.5134300268517,921.88178062025,302.885486725235,99.5134300268517,921.88178062025,19.4817621302398,19.4817621302398,243.878056674406,361.892916776065,302.885486725235,99.5134300268517,921.88178062025,302.885486725235,99.5134300268517,921.88178062025,19.4817621302398,19.4817621302398,243.878056674406,361.892916776065
"HER42PB",26.7,152,-5.183494949,326.34369379938,105.504816760718,1009.43454291915,326.34369379938,105.504816760718,1009.43454291915,19.5093993245225,19.5093993245225,262.675999405662,390.011388193098,317.777862925068,102.636496243383,983.887543528006,317.777862925068,102.636496243383,983.887543528006,19.6162097796082,19.6162097796082,255.44189070053,380.113835149605,298.742615095147,93.5124361235001,954.388034079448,298.742615095147,93.5124361235001,954.388034079448,20.3784746197955,20.3784746197955,237.863427099469,359.621803090825,320.191493635167,103.46718682275,990.870591388082,320.191493635167,103.46718682275,990.870591388082,19.5819123410928,19.5819123410928,257.491876027893,382.891111242441,349.231745560751,119.117798045622,1023.88403839279,349.231745560751,119.117798045622,1023.88403839279,18.3687050771857,18.3687050771857,285.082396182789,413.381094938713,379.126057913481,134.361263243014,1069.77684132848,379.126057913481,134.361263243014,1069.77684132848,17.4698470501724,17.4698470501724,312.893315468648,445.358800358314,340.004037365016,111.708779271634,1034.85819268877,340.004037365016,111.708779271634,1034.85819268877,19.0953904497547,19.0953904497547,275.078938885236,404.929135844796,340.004037365016,111.708779271634,1034.85819268877,340.004037365016,111.708779271634,1034.85819268877,19.0953904497547,19.0953904497547,275.078938885236,404.929135844796
"HER42PB",33.6,231,-5.030252925,370.274404690355,119.707332975325,1145.31943333043,370.274404690355,119.707332975325,1145.31943333043,19.0927939968792,19.0927939968792,299.578675379655,440.970134001055,359.162140516436,116.002868628306,1112.01942422372,359.162140516436,116.002868628306,1112.01942422372,19.2080631281544,19.2080631281544,290.174049833608,428.150231199264,341.002979069614,106.740778472514,1089.39651179605,341.002979069614,106.740778472514,1089.39651179605,19.9161456712751,19.9161456712751,273.088329014722,408.917629124506,362.310888068802,117.077714707952,1121.21405803532,362.310888068802,117.077714707952,1121.21405803532,19.1712210345372,19.1712210345372,292.851466884937,431.770309252667,405.01376917549,138.144223644038,1187.42679856391,405.01376917549,138.144223644038,1187.42679856391,17.9153392365967,17.9153392365967,332.454178472774,477.573359878206,480.11028772529,170.14980481626,1354.72320187835,480.11028772529,170.14980481626,1354.72320187835,16.801650919959,16.801650919959,399.443833150876,560.776742299704,365.298608122085,120.01934417954,1111.84637783316,365.298608122085,120.01934417954,1111.84637783316,18.8631745299892,18.8631745299892,296.391694116395,434.205522127775,365.298608122085,120.01934417954,1111.84637783316,365.298608122085,120.01934417954,1111.84637783316,18.8631745299892,18.8631745299892,296.391694116395,434.205522127775
"HER42PB",37.7,279,-4.885846278,417.070811459022,134.836310231504,1290.06839086913,417.070811459022,134.836310231504,1290.06839086913,18.7161706635801,18.7161706635801,339.011126598373,495.130496319671,403.080744315542,130.18778249345,1247.99795592299,403.080744315542,130.18778249345,1247.99795592299,18.838693463866,18.838693463866,327.145598482068,479.015890149017,386.283516353641,120.914495700843,1234.05348665316,386.283516353641,120.914495700843,1234.05348665316,19.4992695098319,19.4992695098319,310.961052427789,461.605980279493,407.060041258463,131.538027006286,1259.69562536789,407.060041258463,131.538027006286,1259.69562536789,18.7996687721687,18.7996687721687,330.534101798019,483.585980718907,430.790111295506,146.936153799405,1262.99835126585,430.790111295506,146.936153799405,1262.99835126585,17.7331031372377,17.7331031372377,354.397656554453,507.18256603656,480.873381739406,170.42024329858,1356.8764179051,480.873381739406,170.42024329858,1356.8764179051,16.7973301151853,16.7973301151853,400.099492372582,561.647271106229,403.14079734236,132.452445843638,1227.02530290527,403.14079734236,132.452445843638,1227.02530290527,18.5532447636965,18.5532447636965,328.345098469114,477.936496215605,403.14079734236,132.452445843638,1227.02530290527,403.14079734236,132.452445843638,1227.02530290527,18.5532447636965,18.5532447636965,328.345098469114,477.936496215605
"HER42PB",41.7,328,-5.24336258,310.63284213509,100.425599489203,960.83830321867,310.63284213509,100.425599489203,960.83830321867,19.6771373177288,19.6771373177288,249.509191234205,371.756493035976,302.937282535427,97.8432574715234,937.938898617093,302.937282535427,97.8432574715234,937.938898617093,19.780413206592,19.780413206592,243.015036293099,362.859528777756,283.693037945589,88.8016163382628,906.309401759385,283.693037945589,88.8016163382628,906.309401759385,20.5649786625645,20.5649786625645,225.351625224898,342.03445066628,305.099649269364,98.5903843107017,944.167087237784,305.099649269364,98.5903843107017,944.167087237784,19.7471789020492,19.7471789020492,244.851075698618,365.34822284011,303.10447928211,103.384467789081,888.64727289898,303.10447928211,103.384467789081,888.64727289898,18.8240851562711,18.8240851562711,246.047833989573,360.161124574646,414.529735366095,146.908232059035,1169.67510325516,414.529735366095,146.908232059035,1169.67510325516,17.2110782088625,17.2110782088625,343.184698413246,485.874772318945,297.589994016051,97.7735888450551,905.764077851505,297.589994016051,97.7735888450551,905.764077851505,19.5420919751286,19.5420919751286,239.434683676655,355.745304355448,297.589994016051,97.7735888450551,905.764077851505,297.589994016051,97.7735888450551,905.764077851505,19.5420919751286,19.5420919751286,239.434683676655,355.745304355448
"HER42PB",54.5,477,-5.628985756,226.060620919028,73.0839444427515,699.242558949827,226.060620919028,73.0839444427515,699.242558949827,20.8307597963082,20.8307597963082,178.970475981342,273.150765856714,222.618777682878,71.9018345992933,689.260857573526,222.618777682878,71.9018345992933,689.260857573526,20.9077274753787,20.9077274753787,176.074250335923,269.163305029833,203.353651847554,63.6537755847734,649.650509177778,203.353651847554,63.6537755847734,649.650509177778,21.8532384036265,21.8532384036265,158.914293506827,247.79301018828,223.553139317193,72.239315816739,691.81173068353,223.553139317193,72.239315816739,691.81173068353,20.8824024831938,20.8824024831938,176.869873001162,270.236405633224,246.807169029085,84.1822855176382,723.593785908657,246.807169029085,84.1822855176382,723.593785908657,19.5262206924945,19.5262206924945,198.615056519568,294.999281538602,288.781429209938,102.343367911221,814.852154649396,288.781429209938,102.343367911221,814.852154649396,18.3091597493671,18.3091597493671,235.907976009385,341.654882410491,248.816493693168,81.7489903605826,757.313910064062,248.816493693168,81.7489903605826,757.313910064062,20.1761747851303,20.1761747851303,198.614843031401,299.018144354934,248.816493693168,81.7489903605826,757.313910064062,248.816493693168,81.7489903605826,757.313910064062,20.1761747851303,20.1761747851303,198.614843031401,299.018144354934
"HER42PB",57.2,503,-5.592051671,233.047465246719,75.3427462659049,720.854013818954,233.047465246719,75.3427462659049,720.854013818954,20.7144438420278,20.7144438420278,184.772978932918,281.321951560519,229.285175426272,74.0549603729037,709.901016833064,229.285175426272,74.0549603729037,709.901016833064,20.7942220712561,20.7942220712561,181.607106871664,276.963243980881,209.942860159096,65.7163300721581,670.700942724361,209.942860159096,65.7163300721581,670.700942724361,21.7229045361294,21.7229045361294,164.337173066316,255.548547251876,230.312014035058,74.4233893072789,712.7278709369,230.312014035058,74.4233893072789,712.7278709369,20.7680524402638,20.7680524402638,182.48069418403,278.143333886087,285.501974660268,97.3805130590345,837.039926925604,285.501974660268,97.3805130590345,837.039926925604,19.0232661588771,19.0232661588771,231.190174131795,339.81377518874,260.883970695855,92.4565830569945,736.13412821108,260.883970695855,92.4565830569945,736.13412821108,18.643466337742,18.643466337742,212.246155438609,309.521785953102,247.20815477636,81.2205684675838,752.418666120557,247.20815477636,81.2205684675838,752.418666120557,20.1999199330124,20.1999199330124,197.272305443658,297.144004109062,247.20815477636,81.2205684675838,752.418666120557,247.20815477636,81.2205684675838,752.418666120557,20.1999199330124,20.1999199330124,197.272305443658,297.144004109062
"HER42PB",65.2,587,-5.796627497,196.889471952078,63.6530996464991,609.011413126057,196.889471952078,63.6530996464991,609.011413126057,21.3755613756341,21.3755613756341,154.8032420328,238.975701871356,194.714789456776,62.8893516139099,602.865958389224,194.714789456776,62.8893516139099,602.865958389224,21.4388944511606,21.4388944511606,152.970091264338,236.459487649214,175.950917163071,55.0761694873784,562.107451165802,175.950917163071,55.0761694873784,562.107451165802,22.4650266732978,22.4650266732978,136.423496690475,215.478337635667,195.283616990332,63.1042575590202,604.328337579425,195.283616990332,63.1042575590202,604.328337579425,21.417665844277,21.417665844277,153.458424454725,237.108809525938,209.597071160658,71.4904698980927,614.500538347954,209.597071160658,71.4904698980927,614.500538347954,20.1232029946112,20.1232029946112,167.419427060239,251.774715261078,310.25640568313,109.954042268272,875.447916981134,310.25640568313,109.954042268272,875.447916981134,18.0802586154439,18.0802586154439,254.161245164639,366.35156620162,226.086844004833,74.2811336856049,688.132483928036,226.086844004833,74.2811336856049,688.132483928036,20.5327206155208,20.5327206155208,179.665063976873,272.508624032794,226.086844004833,74.2811336856049,688.132483928036,226.086844004833,74.2811336856049,688.132483928036,20.5327206155208,20.5327206155208,179.665063976873,272.508624032794
"HER42PB",70.4,644,-5.675151678,217.621191889838,70.3555313304173,673.138021474633,217.621191889838,70.3555313304173,673.138021474633,20.97799926634,20.97799926634,171.968619851787,263.273763927888,214.557969480892,69.2983394938559,664.303396069756,214.557969480892,69.2983394938559,664.303396069756,21.051358466485,21.051358466485,169.390602207058,259.725336754726,195.407482881124,61.1664651698762,624.2650161308,195.407482881124,61.1664651698762,624.2650161308,22.0183656112807,22.0183656112807,152.381948868557,238.433016893691,215.38308222512,69.599230616783,666.528519032315,215.38308222512,69.599230616783,666.528519032315,21.0271177924332,21.0271177924332,170.094227820671,260.67193662957,264.451377618361,90.2004648559384,775.323400338827,264.451377618361,90.2004648559384,775.323400338827,19.2844907411576,19.2844907411576,213.453276186684,315.449479050038,336.070786986882,119.10259011776,948.288141797015,336.070786986882,119.10259011776,948.288141797015,17.8318584233772,17.8318584233772,276.143120049051,395.998453924712,222.558015954303,73.1217325301385,677.391915530724,222.558015954303,73.1217325301385,677.391915530724,20.5924794971787,20.5924794971787,176.727802149585,268.38822975902,222.558015954303,73.1217325301385,677.391915530724,222.558015954303,73.1217325301385,677.391915530724,20.5924794971787,20.5924794971787,176.727802149585,268.38822975902
"HER42PB",74.3,683,-5.704602129,212.402812615835,68.6684628821755,656.996718923616,212.402812615835,68.6684628821755,656.996718923616,21.0730195540677,21.0730195540677,167.64312637991,257.162498851759,209.568929572958,67.6869699319381,648.856586230966,209.568929572958,67.6869699319381,648.856586230966,21.1440199658595,21.1440199658595,165.257633261814,253.880225884102,190.501406699403,59.6307648299226,608.591656638296,190.501406699403,59.6307648299226,608.591656638296,22.1250146231958,22.1250146231958,148.352942609766,232.649870789039,210.32787822047,67.9656839811805,650.88459006716,210.32787822047,67.9656839811805,650.88459006716,21.1204880163501,21.1204880163501,165.905603905872,254.750152535068,259.50475460792,88.513244698391,760.82080024958,259.50475460792,88.513244698391,760.82080024958,19.3499974623208,19.3499974623208,209.290591176686,309.718918039154,312.973883167044,110.917109037101,883.115800574055,312.973883167044,110.917109037101,883.115800574055,18.0528188675747,18.0528188675747,256.473274936083,369.474491398006,236.789613967803,77.7975430101945,720.708124107132,236.789613967803,77.7975430101945,720.708124107132,20.3590116371086,20.3590116371086,188.581588904634,284.997639030972,236.789613967803,77.7975430101945,720.708124107132,236.789613967803,77.7975430101945,720.708124107132,20.3590116371086,20.3590116371086,188.581588904634,284.997639030972
"HER42PB",82,761,-4.455566579,594.587449327494,192.226297248705,1839.15645235765,594.587449327494,192.226297248705,1839.15645235765,17.6771737924273,17.6771737924273,489.481192561912,699.693706093075,568.429285520691,183.59236760847,1759.9416405296,568.429285520691,183.59236760847,1759.9416405296,17.8177666970684,17.8177666970684,467.147881588802,669.71068945258,560.076932418338,175.315324030135,1789.26840515787,560.076932418338,175.315324030135,1789.26840515787,18.3545249515124,18.3545249515124,457.277472109949,662.876392726727,575.917055431004,186.102750239155,1782.24370306234,575.917055431004,186.102750239155,1782.24370306234,17.7733034648601,17.7733034648601,473.557569463365,678.276541398642,590.811950724894,201.517243274626,1732.15331575204,590.811950724894,201.517243274626,1732.15331575204,16.8553349626922,16.8553349626922,491.228617430597,690.395284019191,572.941535353387,203.04895125948,1616.66436047534,572.941535353387,203.04895125948,1616.66436047534,16.3339934443186,16.3339934443186,479.357302528987,666.525768177788,559.472789644557,183.815530107348,1702.84742627495,559.472789644557,183.815530107348,1702.84742627495,17.5922726516902,17.5922726516902,461.04881107827,657.896768210845,559.472789644557,183.815530107348,1702.84742627495,559.472789644557,183.815530107348,1702.84742627495,17.5922726516902,17.5922726516902,461.04881107827,657.896768210845
"HER42PB",87.2,813,-4.912388951,408.046473826347,131.918799930516,1262.15463519844,408.046473826347,131.918799930516,1262.15463519844,18.7842773420337,18.7842773420337,331.397892498417,484.695055154277,394.623680091352,127.456303867197,1221.81362681835,394.623680091352,127.456303867197,1221.81362681835,18.9055161086524,18.9055161086524,320.018036683124,469.229323499579,377.531765470796,118.175021973132,1206.09441453627,377.531765470796,118.175021973132,1206.09441453627,19.5745793415999,19.5745793415999,303.631510498973,451.43202044262,398.439280896814,128.752300837341,1233.01765893979,398.439280896814,128.752300837341,1233.01765893979,18.8668778048577,18.8668778048577,323.266228643458,473.612333150169,418.242562557793,142.656369972461,1226.2112176882,418.242562557793,142.656369972461,1226.2112176882,17.8199446107221,17.8199446107221,343.71196957153,492.773155544057,509.926301675227,180.716520597372,1438.85480021773,509.926301675227,180.716520597372,1438.85480021773,16.6392732528521,16.6392732528521,425.078270951323,594.774332399131,416.309662337511,136.779093975236,1267.10690880107,416.309662337511,136.779093975236,1267.10690880107,18.4543683612486,18.4543683612486,339.482343726277,493.136980948746,416.309662337511,136.779093975236,1267.10690880107,416.309662337511,136.779093975236,1267.10690880107,18.4543683612486,18.4543683612486,339.482343726277,493.136980948746
"HER42PB",95.4,895,-5.523474462,246.598014271062,79.7235515916527,762.768083312512,246.598014271062,79.7235515916527,762.768083312512,20.5018843914189,20.5018843914189,196.040774473675,297.15525406845,242.196942137132,78.2252272483754,749.87776761998,242.196942137132,78.2252272483754,749.87776761998,20.5867072791285,20.5867072791285,192.336566620361,292.057317653904,222.748829635674,69.7248556127698,711.611959150125,222.748829635674,69.7248556127698,711.611959150125,21.4849856009118,21.4849856009118,174.89127566225,270.606383609099,243.408154519228,78.6552969034141,753.255432488039,243.408154519228,78.6552969034141,753.255432488039,20.5590214055739,20.5590214055739,193.365819928707,293.450489109748,266.466946054068,90.8879455243585,781.23268085482,266.466946054068,90.8879455243585,781.23268085482,19.2582746790298,19.2582746790298,215.150009654153,317.783882453982,344.900373981368,122.231772187234,973.202513911611,344.900373981368,122.231772187234,973.202513911611,17.7527162944741,17.7527162944741,283.671189089875,406.12955887286,258.138166618874,84.8116384143236,785.685954324159,258.138166618874,84.8116384143236,785.685954324159,20.0425533482195,20.0425533482195,206.40068686217,309.875646375577,258.138166618874,84.8116384143236,785.685954324159,258.138166618874,84.8116384143236,785.685954324159,20.0425533482195,20.0425533482195,206.40068686217,309.875646375577
"HER42PB",100.8,948,-6.094309043,154.055126701589,49.805031390287,476.517761369607,154.055126701589,49.805031390287,476.517761369607,22.4166148226702,22.4166148226702,119.521182334317,188.58907106886,153.503796731094,49.578947103219,475.270593419504,153.503796731094,49.578947103219,475.270593419504,22.4517418702262,22.4517418702261,119.039520528032,187.968072934156,136.072451785429,42.5934092185018,434.708385044112,136.072451785429,42.5934092185018,434.708385044112,23.6402122811367,23.6402122811367,103.904635327206,168.240268243652,153.605092427076,49.6361930626019,475.349195087802,153.605092427076,49.6361930626019,475.349195087802,22.4389813919765,22.4389813919765,119.137674320236,188.072510533916,160.779108068669,54.8393826401085,471.375138575151,160.779108068669,54.8393826401085,471.375138575151,21.173546707914,21.173546707914,126.736468525182,194.821747612157,299.408758276127,106.10966497371,844.83920060122,299.408758276127,106.10966497371,844.83920060122,18.1931113092272,18.1931113092272,244.936989613376,353.880526938877,169.477941721638,55.6822034523911,515.833981942923,169.477941721638,55.6822034523911,515.833981942923,21.6856089791481,21.6856089791481,132.725617973975,206.230265469301,169.477941721638,55.6822034523911,515.833981942923,169.477941721638,55.6822034523911,515.833981942923,21.6856089791481,21.6856089791481,132.725617973975,206.230265469301
"HER42PB",102.3,964,-5.715383537,210.52388505718,68.061017690039,651.184887969364,210.52388505718,68.061017690039,651.184887969364,21.1080207851494,21.1080207851494,166.086459641607,254.961310472754,207.771662295418,67.106485141457,643.291979337065,207.771662295418,67.106485141457,643.291979337065,21.1781463813464,21.1781463813464,163.769475515538,251.773849075298,188.736324890155,59.0782587875976,602.95277931448,188.736324890155,59.0782587875976,602.95277931448,22.1643161683692,22.1643161683692,146.90420911694,230.568440663369,208.507054255058,67.3773000386162,645.249834131149,208.507054255058,67.3773000386162,645.249834131149,21.1548772655451,21.1548772655451,164.397642837397,252.616465672719,233.020285938374,79.4797830202179,683.173149138938,233.020285938374,79.4797830202179,683.173149138938,19.7321236405357,19.7321236405357,187.040435009485,279.000136867264,301.595874493571,106.884773124947,851.010568223884,301.595874493571,106.884773124947,851.010568223884,18.1699178142445,18.1699178142445,246.796151966937,356.395597020205,225.421685102342,74.0625948423759,686.107963439934,225.421685102342,74.0625948423759,686.107963439934,20.54388666213,20.54388666213,179.111309603053,271.732060601631,225.421685102342,74.0625948423759,686.107963439934,225.421685102342,74.0625948423759,686.107963439934,20.54388666213,20.54388666213,179.111309603053,271.732060601631
"HER42PB",110.4,1047,-4.654225391,504.791076681004,163.195707652973,1561.40155131173,504.791076681004,163.195707652973,1561.40155131173,18.1421634532895,18.1421634532895,413.211054451916,596.371098910092,485.011794895005,156.650028439758,1501.66867845631,485.011794895005,156.650028439758,1501.66867845631,18.2750219420631,18.2750219420631,396.375782956349,573.647806833661,471.798773709079,147.682488069418,1507.24764854151,471.798773709079,147.682488069418,1507.24764854151,18.8658821099116,18.8658821099116,382.789773265116,560.807774153043,490.66099644773,158.552972190883,1518.40870661977,490.66099644773,158.552972190883,1518.40870661977,18.2328866993688,18.2328866993688,401.199332887422,580.122660008039,533.014824800882,181.803495996642,1562.70264166297,533.014824800882,181.803495996642,1562.70264166297,17.1317096591171,17.1317096591171,441.700272575943,624.32937702582,473.50993307223,167.810656739977,1336.09903610283,473.50993307223,167.810656739977,1336.09903610283,16.8394070790563,16.8394070790563,393.77366788243,553.246198262029,498.788639975252,163.877671918277,1518.14523880001,498.788639975252,163.877671918277,1518.14523880001,17.9174099156548,17.9174099156548,409.418634738167,588.158645212338,498.788639975252,163.877671918277,1518.14523880001,498.788639975252,163.877671918277,1518.14523880001,17.9174099156548,17.9174099156548,409.418634738167,588.158645212338
"HER42PB",119.8,1156,-5.998473896,166.716092511443,53.8982401856854,515.680204150078,166.716092511443,53.8982401856854,515.680204150078,22.0705624752826,22.0705624752826,129.920913157355,203.511271865531,165.717689703867,53.5238133965412,513.086623281625,165.717689703867,53.5238133965412,513.086623281625,22.1153783307935,22.1153783307935,129.068595664806,202.366783742927,147.810542415051,46.2676672411303,472.20786678455,147.810542415051,46.2676672411303,472.20786678455,23.2486772058358,23.2486772058358,113.446546532781,182.174538297321,165.947603123152,53.6245715343542,513.544559785934,165.947603123152,53.6245715343542,513.544559785934,22.0997099693814,22.0997099693814,129.273664131795,202.621542114509,175.982516305424,60.0250409743558,515.948769754606,175.982516305424,60.0250409743558,515.948769754606,20.8035358840837,20.8035358840837,139.371930376111,212.593102234736,272.779926252975,96.6724779625935,769.700846970842,272.779926252975,96.6724779625935,769.700846970842,18.4952484603658,18.4952484603658,222.328601142484,323.231251363465,177.860571800967,58.4363277283987,541.347894898493,177.860571800967,58.4363277283987,541.347894898493,21.4835399615893,21.4835399615893,139.649824782195,216.071318819739,177.860571800967,58.4363277283987,541.347894898493,177.860571800967,58.4363277283987,541.347894898493,21.4835399615893,21.4835399615893,139.649824782195,216.071318819739
"HER42PB",127.8,1230,-6.658681947,96.7554646249564,31.2804192629187,299.280513349414,96.7554646249564,31.2804192629187,299.280513349414,24.6970331586993,24.6970331586993,72.8597354436774,120.651193806235,97.7938286822084,31.5856360722467,302.784243649549,97.7938286822084,31.5856360722467,302.784243649549,24.6605536206004,24.6605536206004,73.6773291223943,121.910328242022,83.588766652721,26.1649621021266,267.039634273162,83.588766652721,26.1649621021266,267.039634273162,26.2429234876731,26.2429234876731,61.6526305757578,105.524902729684,97.4404423112322,31.4870589916269,301.541017226582,97.4404423112322,31.4870589916269,301.541017226582,24.6692546391642,24.6692546391642,73.4026114759464,121.478273146518,104.838878991979,35.7589954917874,307.368548728362,104.838878991979,35.7589954917874,307.368548728362,23.119618238542,23.119618238542,80.6005304034662,129.077227580491,267.82010050459,94.914728952447,755.705747947981,267.82010050459,94.914728952447,755.705747947981,18.5559579231189,18.5559579231189,218.123515345304,317.516685663877,108.624501771401,35.6887247160703,330.616531662502,108.624501771401,35.6887247160703,330.616531662502,23.7433158837142,23.7433158837142,82.8334431887062,134.415560354095,108.624501771401,35.6887247160703,330.616531662502,108.624501771401,35.6887247160703,330.616531662502,23.7433158837142,23.7433158837142,82.8334431887062,134.415560354095
"HER42PB",131.6,1266,-6.977478066,74.3998097086764,24.052979847595,230.130807898246,74.3998097086764,24.052979847595,230.130807898246,26.2027313543904,26.2027313543904,54.9050274425343,93.8945919748186,75.8064199280543,24.4841011345232,234.707954796251,75.8064199280543,24.4841011345232,234.707954796251,26.1116273287119,26.1116273287119,56.0121300652023,95.6007097909063,63.4759609004978,19.8692501141663,202.785590250777,63.4759609004978,19.8692501141663,202.785590250777,27.9832025577583,27.9832025577583,45.713354186228,81.2385676147676,75.3501059356334,24.3487526774818,233.179848664772,75.3501059356334,24.3487526774818,233.179848664772,26.1366664238376,26.1366664238376,55.6561000972286,95.0441117740381,100.305374273607,34.21268389112,294.077136426578,100.305374273607,34.21268389112,294.077136426578,23.3413985292487,23.3413985292487,76.8926971181496,123.718051429064,165.647196850155,58.7049245412991,467.405316312274,165.647196850155,58.7049245412991,467.405316312274,20.3006843214635,20.3006843214635,132.019682330252,199.274711370058,111.040937760002,36.4826479781783,337.971351914909,111.040937760002,36.4826479781783,337.971351914909,23.6324007370281,23.6324007370281,84.7992983664043,137.2825771536,111.040937760002,36.4826479781783,337.971351914909,111.040937760002,36.4826479781783,337.971351914909,23.6324007370281,23.6324007370281,84.7992983664043,137.2825771536
"HER42PB",143.8,1392,-7.898069114,34.8396178568443,11.263424321781,107.764649340585,34.8396178568443,11.263424321781,107.764649340585,31.8015305130092,31.8015305130092,23.7600861534842,45.9191495602045,36.3336794592245,11.7351206311193,112.494477435956,36.3336794592245,11.7351206311193,112.494477435956,31.4566988011487,31.4566988011487,24.9043033483615,47.7630555700876,28.6692453879778,8.97404937423598,91.5891585660083,28.6692453879778,8.97404937423598,91.5891585660083,34.611100509956,34.611100509956,18.7465040512989,38.5919867246567,35.8637256684301,11.5890611638902,110.984556956869,35.8637256684301,11.5890611638902,110.984556956869,31.5572922246732,31.5572922246732,24.5461049565885,47.1813463802717,45.0152656965232,15.3540432574326,131.976581787188,45.0152656965232,15.3540432574326,131.976581787188,28.2538049482272,28.2538049482272,32.2967403297013,57.7337910633451,135.882817763497,48.1565080179486,383.419415636739,135.882817763497,48.1565080179486,383.419415636739,21.1193064341506,21.1193064341506,107.185309088666,164.580326438329,53.214820001264,17.4837999794662,161.968054490027,53.214820001264,17.4837999794662,161.968054490027,28.0062363145752,28.0062363145752,38.3113517573342,68.1182882451938,53.214820001264,17.4837999794662,161.968054490027,53.214820001264,17.4837999794662,161.968054490027,28.0062363145752,28.0062363145752,38.3113517573342,68.1182882451938
"HER42PB",151.3,1480,-7.180906921,62.9159067081658,20.3403078861396,194.6092133447,62.9159067081658,20.3403078861396,194.6092133447,27.2633821072233,27.2633821072233,45.7629026560944,80.0689107602371,64.4357501337123,20.8115806609781,199.502669351741,64.4357501337123,20.8115806609781,199.502669351741,27.1303149176148,27.1303149176148,46.9541282029088,81.9173720645158,53.2512476929244,16.6687096074167,170.120870039721,53.2512476929244,16.6687096074167,170.120870039721,29.2196665315627,29.2196665315627,37.6914106931554,68.8110846926934,63.9491535455992,20.6646308493078,197.898247930018,63.9491535455992,20.6646308493078,197.898247930018,27.1678864961938,27.1678864961938,46.5755200950541,81.3227869961442,86.3368599945735,29.4482296740053,253.123990006858,86.3368599945735,29.4482296740053,253.123990006858,24.1265345965253,24.1265345965253,65.5067675984291,107.166952390718,128.317363390716,45.4753311763234,362.072036016699,128.317363390716,45.4753311763234,362.072036016699,21.3685277609182,21.3685277609182,100.897831972493,155.73689480894,89.9215231749129,29.5438361907787,273.690941077591,89.9215231749129,29.5438361907787,273.690941077591,24.7405578653908,24.7405578653908,67.6744367003828,112.168609649443,89.9215231749129,29.5438361907787,273.690941077591,89.9215231749129,29.5438361907787,273.690941077591,24.7405578653908,24.7405578653908,67.6744367003828,112.168609649443
"HER42PB",159.8,1615,-5.784924414,198.79765993417,64.2700045452938,614.913751366706,198.79765993417,64.2700045452938,614.913751366706,21.3366051663583,21.3366051663583,156.380988154057,241.214331714283,196.543774785216,63.4800807605649,608.528769087815,196.543774785216,63.4800807605649,608.528769087815,21.400938910231,21.400938910231,154.48156161157,238.605987958862,177.737811050096,55.6355031479499,567.816011169547,177.737811050096,55.6355031479499,567.816011169547,22.4212076729202,22.4212076729202,137.886847321252,217.588774778941,197.135439975268,63.7026585738936,610.059023661677,197.135439975268,63.7026585738936,610.059023661677,21.3794097271943,21.3794097271943,154.989046545449,239.281833405088,219.453525905955,74.8523612516719,643.397873189738,219.453525905955,74.8523612516719,643.397873189738,19.9516749672833,19.9516749672833,175.668871712956,263.238180098954,308.361967948903,109.282658590488,870.102397797969,308.361967948903,109.282658590488,870.102397797969,18.0995801811788,18.0995801811788,252.549746311731,364.174189586076,226.247796897163,74.3340149727263,688.622370520427,226.247796897163,74.3340149727263,688.622370520427,20.5300254496071,20.5300254496071,179.799066615,272.696527179326,226.247796897163,74.3340149727263,688.622370520427,226.247796897163,74.3340149727263,688.622370520427,20.5300254496071,20.5300254496071,179.799066615,272.696527179326
"HER42PB",163.5,1669,-5.591341418,233.183919438186,75.3868610281649,721.276089002298,233.183919438186,75.3868610281649,721.276089002298,20.7122197817408,20.7122197817408,184.886353548472,281.481485327901,229.415309644569,74.096991369287,710.303931734654,229.415309644569,74.096991369287,710.303931734654,20.7920514063676,20.7920514063676,181.715160529192,277.115458759945,210.071643089728,65.7566417149103,671.112363398141,210.071643089728,65.7566417149103,671.112363398141,21.7204134124008,21.7204134124008,164.443213748416,255.700072431041,230.443972231306,74.4660304879952,713.136231241759,230.443972231306,74.4660304879952,713.136231241759,20.7658657279831,20.7658657279831,182.590286379522,278.297658083089,249.283298872971,85.0268568901665,730.853348810282,249.283298872971,85.0268568901665,730.853348810282,19.4908994315962,19.4908994315962,200.695741789875,297.870855956067,282.733811867157,100.200108462745,797.787643140666,282.733811867157,100.200108462745,797.787643140666,18.377810482427,18.377810482427,230.773527752469,334.694095981844,252.466008134957,82.9480431906195,768.421807336962,252.466008134957,82.9480431906195,768.421807336962,20.1230614388573,20.1230614388573,201.662118205729,303.269898064185,252.466008134957,82.9480431906195,768.421807336962,252.466008134957,82.9480431906195,768.421807336962,20.1230614388573,20.1230614388573,201.662118205729,303.269898064185
"HER42PB",169.9,1760,-6.911554377,78.5538123450199,25.3959421762631,242.979819024167,78.5538123450199,25.3959421762631,242.979819024167,25.8764989195784,25.8764989195784,58.2268359422732,98.8807887477666,79.9057504872018,25.8081106852877,247.40009211766,79.9057504872018,25.8081106852877,247.40009211766,25.7977235727425,25.7977235727425,59.2918858577881,100.519615116615,67.1937095526151,21.0329800803234,214.66261966677,67.1937095526151,21.0329800803234,214.66261966677,27.6046575501643,27.6046575501643,48.6451161353636,85.7423029698666,79.4644765516616,25.6782769204702,245.91225700957,79.4644765516616,25.6782769204702,245.91225700957,25.8190776268703,25.8190776268703,58.947481665002,99.9814714383213,98.176593119843,33.4865880341979,287.835936786866,98.176593119843,33.4865880341979,287.835936786866,23.4505618468472,23.4505618468472,75.1536304311467,121.199555808539,79.9457002881499,28.3325428504694,225.582116942137,79.9457002881499,28.3325428504694,225.582116942137,23.6761989871564,23.6761989871564,61.0175972062519,98.8738033700479,95.7678076194421,31.4646407307317,291.485069056474,95.7678076194421,31.4646407307317,291.485069056474,24.3989500935743,24.3989500935743,72.4014680326642,119.13414720622,95.7678076194421,31.4646407307317,291.485069056474,95.7678076194421,31.4646407307317,291.485069056474,24.3989500935743,24.3989500935743,72.4014680326642,119.13414720622
"HER42PB",176.2,1842,-6.472127178,112.83589702934,36.479119610107,349.019926864907,112.83589702934,36.479119610107,349.019926864907,23.8935704089035,23.8935704089035,85.8753725261165,139.796421532563,113.510523968732,36.6618440934266,351.445470632128,113.510523968732,36.6618440934266,351.445470632128,23.883853689779,23.883853689779,86.3998365015383,140.621211435925,98.1974376968423,30.7377694246692,313.709711235137,98.1974376968423,30.7377694246692,313.709711235137,25.3214079525486,25.3214079525486,73.3324638986751,123.06241149501,113.260460132904,36.5991646285093,350.497940587547,113.260460132904,36.5991646285093,350.497940587547,23.8845395377498,23.8845395377498,86.2087207518232,140.312199513985,136.109261719385,46.4248618738701,399.047630472823,136.109261719385,46.4248618738701,399.047630472823,21.8913611423114,21.8913611423114,106.31309168826,165.905431750509,183.73112214709,65.1138194103587,518.43257777102,183.73112214709,65.1138194103587,518.43257777102,19.8972261092053,19.8972261092053,147.173725340503,220.288518953677,135.073631350962,44.3786214626729,411.118806420819,135.073631350962,44.3786214626729,411.118806420819,22.688606218193,22.688606218193,104.427307029128,165.719955672795,135.073631350962,44.3786214626729,411.118806420819,135.073631350962,44.3786214626729,411.118806420819,22.688606218193,22.688606218193,104.427307029128,165.719955672795
"HER42PB",182.5,1929,-6.621421363,99.7727243434426,32.2558799191742,308.613392282478,99.7727243434426,32.2558799191742,308.613392282478,24.5322678805427,24.5322678805427,75.2962123357939,124.249236351091,100.748574381165,32.5399654362863,311.932575949154,100.748574381165,32.5399654362863,311.932575949154,24.5014121809021,24.5014121809021,76.0637509056533,125.433397856677,86.3215992690755,27.0203935757772,275.770168908671,86.3215992690755,27.0203935757772,275.770168908671,26.053547470625,26.053547470625,63.8317604261042,108.811438112047,100.412879218172,32.4475769656601,310.739576133955,100.412879218172,32.4475769656601,310.739576133955,24.5084295051814,24.5084295051814,75.803259500863,125.02249893548,120.850103564987,41.2201880648977,354.310550662072,120.850103564987,41.2201880648977,354.310550662072,22.4342766246659,22.4342766246659,93.7382570300226,147.961950099951,157.018961067395,55.6471008039637,443.059095235523,157.018961067395,55.6471008039637,443.059095235523,20.51545463707,20.51545463707,124.805807338015,189.232114796775,118.539371284113,38.946268298453,360.79406727116,118.539371284113,38.946268298453,360.79406727116,23.3090062755893,23.3090062755893,90.9090217924547,146.169720775771,118.539371284113,38.946268298453,360.79406727116,118.539371284113,38.946268298453,360.79406727116,23.3090062755893,23.3090062755893,90.9090217924547,146.169720775771
"HER42PB",195.5,2118,-6.7683113,88.3968737331346,28.5781406003452,273.426021485014,88.3968737331346,28.5781406003452,273.426021485014,25.1949054118425,25.1949054118425,66.1253650090455,110.668382457224,89.5933628533311,28.9370340818745,277.394381354258,89.5933628533311,28.9370340818745,277.394381354258,25.1410078755702,25.1410078755702,67.068688442387,112.118037264275,76.0396866042915,23.8019484905764,242.922714548688,76.0396866042915,23.8019484905764,242.922714548688,26.8164271842869,26.8164271842869,55.6485594148917,96.4308137936913,89.1954260161349,28.8227513559797,276.02583542217,89.1954260161349,28.8227513559797,276.02583542217,25.1549216465121,25.1549216465121,66.7583864895035,111.632465542766,106.943652530597,36.4769027052406,313.539362401565,106.943652530597,36.4769027052406,313.539362401565,23.021260331394,23.021260331394,82.3238758736269,131.563429187567,115.497447708782,40.9319872680376,325.898186664864,115.497447708782,40.9319872680376,325.898186664864,21.8421210144529,21.8421210144529,90.2703554116251,140.724540005938,108.109580272488,35.5195465718637,329.049283414892,108.109580272488,35.5195465718637,329.049283414892,23.7674065249852,23.7674065249852,82.414736836671,133.804423708306,108.109580272488,35.5195465718637,329.049283414892,108.109580272488,35.5195465718637,329.049283414892,23.7674065249852,23.7674065249852,82.414736836671,133.804423708306
"HER42PB",203,2225,-6.476689947,112.412388875455,36.3422021484823,347.709946718633,112.412388875455,36.3422021484823,347.709946718633,23.9125973879683,23.9125973879683,85.5316669094703,139.29311084144,113.097521574254,36.5284517975659,350.166753771133,113.097521574254,36.5284517975659,350.166753771133,23.9022661426727,23.9022661426727,86.0646509668094,140.130392181699,97.8113513714257,30.6169166536905,312.476287711072,97.8113513714257,30.6169166536905,312.476287711072,25.3431736993937,25.3431736993937,73.022850695641,122.59985204721,112.844463007101,36.4647386578361,349.210588093011,112.844463007101,36.4647386578361,349.210588093011,23.9031361139397,23.9031361139397,85.871097417469,139.817828596732,138.887032259932,47.372318439523,407.191549102606,138.887032259932,47.372318439523,407.191549102606,21.80171785703,21.80171785703,108.607273346619,169.166791173244,240.296469081781,85.160427421826,678.042546300941,240.296469081781,85.160427421826,678.042546300941,18.9230305928416,18.9230305928416,194.825094723917,285.767843439645,140.124757362295,46.038175640459,426.492738964802,140.124757362295,46.038175640459,426.492738964802,22.5200754054138,22.5200754054138,108.568556342653,171.680958381937,140.124757362295,46.038175640459,426.492738964802,140.124757362295,46.038175640459,426.492738964802,22.5200754054138,22.5200754054138,108.568556342653,171.680958381937
"HER42PB",208.7,2306,-6.192849654,142.038620958812,45.920172388614,439.348739223889,142.038620958812,45.920172388614,439.348739223889,22.7839373925824,22.7839373925824,109.676630486269,174.400611431356,141.883116657026,45.8256778358473,439.291238951706,141.883116657026,45.8256778358473,439.291238951706,22.8084397730721,22.8084397730722,109.52179144615,174.244441867901,124.974251561694,39.1194497394456,399.253150477136,124.974251561694,39.1194497394456,399.253150477136,24.0567943958682,24.0567943958682,94.9094528157223,155.039050307666,141.870689781039,45.8443195901157,439.035692947382,141.870689781039,45.8443195901157,439.035692947382,22.7988669400553,22.7988669400553,109.525779990921,174.215599571156,169.689641052041,57.8786340308659,497.499202642116,169.689641052041,57.8786340308659,497.499202642116,20.9510883379325,20.9510883379325,134.137814454908,205.241467649175,156.509239910329,55.4664569860685,441.620819290141,156.509239910329,55.4664569860685,441.620819290141,20.5286556843778,20.5286556843778,124.379996934901,188.638482885757,168.184537872233,55.2572538951977,511.897294660076,168.184537872233,55.2572538951977,511.897294660076,21.7180247219687,21.7180247219687,131.658178358613,204.710897385854,168.184537872233,55.2572538951977,511.897294660076,168.184537872233,55.2572538951977,511.897294660076,21.7180247219687,21.7180247219687,131.658178358613,204.710897385854
"HER42PB",211.5,2349,-6.983892514,74.0075388965014,23.9261612175879,228.917449970662,74.0075388965014,23.9261612175879,228.917449970662,26.2349138004368,26.2349138004368,54.5917248611795,93.4233529318233,75.4189551302345,24.3589570200156,233.508306134064,75.4189551302345,24.3589570200156,233.508306134064,26.1425788029824,26.1425788029824,55.702495352927,95.135414907542,63.1253887055295,19.7595139790046,201.665623125055,63.1253887055295,19.7595139790046,201.665623125055,28.0205903850132,28.0205903850132,45.4372821074057,80.8134953036534,74.9613270642548,24.2231220566899,231.976726290007,74.9613270642548,24.2231220566899,231.976726290007,26.1679857588669,26.1679857588669,55.345457673423,94.5771964550866,87.2689600891129,29.7661552699198,255.856738163676,87.2689600891129,29.7661552699198,255.856738163676,24.0685626966886,24.0685626966886,66.2645757153166,108.273344462909,142.833988043941,50.6199842164399,403.033474947446,142.833988043941,50.6199842164399,403.033474947446,20.9069499777728,20.9069499777728,112.971757612336,172.696218475546,100.05207895676,32.8722437841228,304.524953310453,100.05207895676,32.8722437841228,304.524953310453,24.1671061072967,24.1671061072967,75.8723868727238,124.231771040797,100.05207895676,32.8722437841228,304.524953310453,100.05207895676,32.8722437841228,304.524953310453,24.1671061072967,24.1671061072967,75.8723868727238,124.231771040797
"HER42PB",219.9,2479,-6.148648541,147.308203537719,47.6237945359283,455.648421990803,147.308203537719,47.6237945359283,455.648421990803,22.6176942014021,22.6176942014021,113.990484527978,180.625922547459,146.982685460175,47.4727462297548,455.080262694893,146.982685460175,47.4727462297548,455.080262694893,22.6470484879317,22.6470484879317,113.695445415145,180.269925505205,129.835838709388,40.6412241185804,414.784381596992,129.835838709388,40.6412241185804,414.784381596992,23.8681318757457,23.8681318757457,98.8464495042506,160.825227914525,147.019082982504,47.5079795305011,454.968006945851,147.019082982504,47.5079795305011,454.968006945851,22.6360201155767,22.6360201155767,113.739813784848,180.29835218016,171.699399496951,58.5641329971094,503.391449320506,171.699399496951,58.5641329971094,503.391449320506,20.9031494887187,20.9031494887187,135.808817348871,207.589981645032,167.620214691556,59.4041567993785,472.97256432966,167.620214691556,59.4041567993785,472.97256432966,20.2537522516591,20.2537522516591,133.670831684229,201.569597698883,180.411940452256,59.2745832965271,549.113404896013,180.411940452256,59.2745832965271,549.113404896013,21.4246424347667,21.4246424347667,141.759327300736,219.064553603776,180.411940452256,59.2745832965271,549.113404896013,180.411940452256,59.2745832965271,549.113404896013,21.4246424347667,21.4246424347667,141.759327300736,219.064553603776
"HER42PB",224,2554,-6.572895708,103.843701348383,33.5720005953328,321.205591519957,103.843701348383,33.5720005953328,321.205591519957,24.32095629578,24.32095629578,78.5879201275227,129.099482569244,104.730880778398,33.8261783015165,324.262389054081,104.730880778398,33.8261783015165,324.262389054081,24.2972108204232,24.2972108204232,79.2841978815848,130.177563675212,90.0150422866202,28.1765153903497,287.569549520561,90.0150422866202,28.1765153903497,287.569549520561,25.810976432412,25.810976432412,66.781280936395,113.248803636845,104.420334488154,33.7425524142446,323.141122247024,104.420334488154,33.7425524142446,323.141122247024,24.3020990061315,24.3020990061315,79.0440014183094,129.796667557999,128.420294381708,43.8022685095751,376.504974975883,128.420294381708,43.8022685095751,376.504974975883,22.1535426774207,22.1535426774207,99.9706496593868,156.869939104029,107.055197107452,37.9400761827078,302.076758426199,107.055197107452,37.9400761827078,302.076758426199,22.1968779738707,22.1968779738707,83.2922856408241,130.81810857408,130.062631602951,42.7322508221391,395.867004756996,130.062631602951,42.7322508221391,395.867004756996,22.8648008912118,22.8648008912118,100.324069853066,159.801193352836,130.062631602951,42.7322508221391,395.867004756996,130.062631602951,42.7322508221391,395.867004756996,22.8648008912118,22.8648008912118,100.324069853066,159.801193352836
"HER42PB",230.9,2679,-6.340561076,125.758542581565,40.6569277827676,388.991787986073,125.758542581565,40.6569277827676,388.991787986073,23.3576651217623,23.3576651217622,96.3842833433546,155.132801819776,126.090578207314,40.7249738461252,390.395190251731,126.090578207314,40.7249738461252,390.395190251731,23.3648726232355,23.3648726232355,96.6296752192741,155.551481195354,110.01030116674,34.4354328474541,351.448068517354,110.01030116674,34.4354328474541,351.448068517354,24.7094918068455,24.7094918068455,82.8273148132582,137.193287520222,125.938387051383,40.6959300300727,389.731290607776,125.938387051383,40.6959300300727,389.731290607776,23.3604861754543,23.3604861754543,96.5185675546546,155.358206548112,148.910344082234,50.7911222813107,436.578078583798,148.910344082234,50.7911222813107,436.578078583798,21.4980768591116,21.4980768591116,116.897483860268,180.9232043042,113.727653139013,40.3047767951319,320.904372061174,113.727653139013,40.3047767951319,320.904372061174,21.9133708080932,21.9133708080932,88.8060907953187,138.649215482707,154.218222325726,50.6686023229582,469.388516890878,154.218222325726,50.6686023229582,469.388516890878,22.0917180653911,22.0917180653911,120.148767444069,188.287677207383,154.218222325726,50.6686023229582,469.388516890878,154.218222325726,50.6686023229582,469.388516890878,22.0917180653911,22.0917180653911,120.148767444069,188.287677207383
"HER42PB",236.4,2776,-6.22084097,138.799461207119,44.872972879157,429.32948711172,138.799461207119,44.872972879157,429.32948711172,22.8904842466553,22.8904842466553,107.027592405061,170.571330009177,138.745596186675,44.8123155298499,429.577008766106,138.745596186675,44.8123155298499,429.577008766106,22.9118392963258,22.9118392963258,106.956428157655,170.534764215695,121.990123590234,38.185357774606,389.719806775178,121.990123590234,38.185357774606,389.719806775178,24.1778192144995,24.1778192144995,92.4955720490424,151.484675131425,138.703998807515,44.8210300490738,429.235991768394,138.703998807515,44.8210300490738,429.235991768394,22.9032105120451,22.9032105120451,106.936329972006,170.471667643025,165.423048742514,56.4233623165112,484.990329037169,165.423048742514,56.4233623165112,484.990329037169,21.0555258231402,21.0555258231402,130.592355997108,200.25374148792,230.909481983782,81.8337042430653,651.55536295471,230.909481983782,81.8337042430653,651.55536295471,19.0615890398184,19.0615890398184,186.89446547406,274.924498493504,172.96321671667,56.8272951934726,526.441989454642,172.96321671667,56.8272951934726,526.441989454642,21.5999444738872,21.5999444738872,135.60325794562,210.32317548772,172.96321671667,56.8272951934726,526.441989454642,172.96321671667,56.8272951934726,526.441989454642,21.5999444738872,21.5999444738872,135.60325794562,210.32317548772
"HER42PB",239,2822,-6.110871022,151.966647633006,49.1298395430841,470.057753243062,151.966647633006,49.1298395430841,470.057753243062,22.4775214055389,22.477521405539,117.808311882017,186.124983383995,151.486170615285,48.9272903976523,469.023722776695,151.486170615285,48.9272903976523,469.023722776695,22.5109109789241,22.5109109789241,117.385253602697,185.587087627873,134.140519164934,41.9886755225361,428.536472225243,134.140519164934,41.9886755225361,428.536472225243,23.7092167232735,23.7092167232735,102.336852762396,165.944185567473,151.567097742283,48.9776322295165,469.042378577344,151.567097742283,48.9776322295165,469.042378577344,22.49867186268,22.49867186268,117.466513769459,185.667681715107,179.64425878501,61.2740073318618,526.684333531987,179.64425878501,61.2740073318618,526.684333531987,20.7210030777221,20.7210030777221,142.420166393217,216.868351176803,268.812798535178,95.2665384855156,758.506835716518,268.812798535178,95.2665384855156,758.506835716518,18.5436855064333,18.5436855064333,218.964998573773,318.660598496584,168.513650317091,55.3653842272464,512.899002500125,168.513650317091,55.3653842272464,512.899002500125,21.7097435987726,21.7097435987726,131.929768904318,205.097531729864,168.513650317091,55.3653842272464,512.899002500125,168.513650317091,55.3653842272464,512.899002500125,21.7097435987726,21.7097435987726,131.929768904318,205.097531729864
"HER42PB",241.7,2863,-6.264254204,133.921187696269,43.2958584361632,414.240187440167,133.921187696269,43.2958584361632,414.240187440167,23.057719187285,23.057719187285,103.042016304986,164.800359087551,134.016139002518,43.2847864878743,414.933905661601,134.016139002518,43.2847864878743,414.933905661601,23.0740748658379,23.0740748658379,103.093154756771,164.939123248264,117.502216301796,36.7805526934677,375.382364449521,117.502216301796,36.7805526934677,375.382364449521,24.3679509082651,24.3679509082651,88.869333917251,146.135098686341,133.931859910576,43.2789535210936,414.468041385603,133.931859910576,43.2789535210936,414.468041385603,23.0669454450285,23.0669454450285,103.037870851492,164.825848969661,163.874592384011,55.8952066887961,480.450536278427,163.874592384011,55.8952066887961,480.450536278427,21.0943601682094,21.0943601682094,129.306295642342,198.442889125679,243.010990038368,86.1224464052585,685.702087485315,243.010990038368,86.1224464052585,685.702087485315,18.8843336262654,18.8843336262654,197.119983931032,288.901996145704,185.205958235883,60.8496642237003,563.704786274101,185.205958235883,60.8496642237003,563.704786274101,21.317033582417,21.317033582417,145.725541922103,224.686374549664,185.205958235883,60.8496642237003,563.704786274101,185.205958235883,60.8496642237003,563.704786274101,21.317033582417,21.317033582417,145.725541922103,224.686374549664
"HER42PB",242,2868,-6.258372508,134.571927224266,43.5062383392067,416.253031476945,134.571927224266,43.5062383392067,416.253031476945,23.0349189606684,23.0349189606684,103.573392844347,165.570461604186,134.647328310222,43.4886492063556,416.88816166843,134.647328310222,43.4886492063556,416.88816166843,23.0519605033142,23.0519605033142,103.608479369382,165.686177251063,118.100438844873,36.9678083594505,377.29349599882,118.100438844873,36.9678083594505,377.29349599882,24.3420166172103,24.3420166172103,89.3524103962554,146.84846729349,134.568654259192,43.4847282563556,416.438677100006,134.568654259192,43.4847282563556,416.438677100006,23.044625399858,23.044625399858,103.557811979531,165.579496538853,157.43763165557,53.6996543146935,461.578536726872,157.43763165557,53.6996543146935,461.578536726872,21.2614464792896,21.2614464792896,123.96411386286,190.911149448281,248.946723706215,88.2260545778943,702.450897759931,248.946723706215,88.2260545778943,702.450897759931,18.8017340961114,18.8017340961114,202.140422673991,295.753024738438,162.488913210851,53.3859488276364,494.561724503348,162.488913210851,53.3859488276364,494.561724503348,21.8650071778836,21.8650071778836,126.960700674033,198.017125747668,162.488913210851,53.3859488276364,494.561724503348,162.488913210851,53.3859488276364,494.561724503348,21.8650071778836,21.8650071778836,126.960700674033,198.017125747668
"HER42PB",255.6,3036,-7.314632433,56.3504453549033,18.2177364677645,174.301165093404,56.3504453549033,18.2177364677645,174.301165093404,28.0086629049559,28.0086629049559,40.5674390700071,72.1334516397996,57.9070151250875,18.7029174582655,179.288734400911,57.9070151250875,18.7029174582655,179.288734400911,27.8443944217785,27.8443944217785,41.7831574357793,74.0308728143958,47.4446097091124,14.8511153436035,151.570500825686,47.4446097091124,14.8511153436035,151.570500825686,30.0937690040477,30.0937690040477,33.1667384583802,61.7224809598447,57.4114719798092,18.5520340645663,177.666616146625,57.4114719798092,18.5520340645663,177.666616146625,27.8912743887167,27.8912743887167,41.3986807993194,73.424263160299,72.5473297417655,24.7448242686332,212.695592238739,72.5473297417655,24.7448242686332,212.695592238739,25.1065074286289,25.1065074286289,54.3332290108773,90.7614304726537,148.393067215782,52.5901070407777,418.719482366394,148.393067215782,52.5901070407777,418.719482366394,20.7472935794395,20.7472935794395,117.605521908989,179.180612522576,70.255326759863,23.0824811684473,213.833638685349,70.255326759863,23.0824811684473,213.833638685349,26.1765418123222,26.1765418123222,51.8649117751839,88.6457417445422,70.255326759863,23.0824811684473,213.833638685349,70.255326759863,23.0824811684473,213.833638685349,26.1765418123222,26.1765418123222,51.8649117751839,88.6457417445422
"HER42PB",262.4,3102,-7.40228455,52.4233608463852,16.9481353100054,162.154048935867,52.4233608463852,16.9481353100054,162.154048935867,28.5196770779547,28.5196770779547,37.4723876195852,67.3743340731851,53.990893085612,17.4380809422995,167.163837914701,53.990893085612,17.4380809422995,167.163837914701,28.3331992524468,28.3331992524468,38.69354576949,69.288240401734,43.9865661360406,13.7686782810633,140.523146880505,43.9865661360406,13.7686782810633,140.523146880505,30.6956520315697,30.6956520315697,30.4846028542853,57.4885294177959,53.4932940639583,17.285907841719,165.541349405259,53.4932940639583,17.285907841719,165.541349405259,28.3866999721179,28.3866999721179,38.3083131728197,68.6782749550968,67.897422873007,23.158809611133,199.062909977021,67.897422873007,23.158809611133,199.062909977021,25.5007898540893,25.5007898540893,50.5830437498192,85.2118019961949,85.0483224202435,30.1408985179564,239.980143332108,85.0483224202435,30.1408985179564,239.980143332108,23.3465073655598,23.3465073655598,65.1925095621163,104.904135278371,74.8952464008715,24.6069329456451,227.955997028877,74.8952464008715,24.6069329456451,227.955997028877,25.7886671339268,25.7886671339268,55.5807606074164,94.2097321943265,74.8952464008715,24.6069329456451,227.955997028877,74.8952464008715,24.6069329456451,227.955997028877,25.7886671339268,25.7886671339268,55.5807606074164,94.2097321943265
"HER42PB",267.8,3159,-6.790199823,86.8165561131687,28.0672340803598,268.537840022687,86.8165561131687,28.0672340803598,268.537840022687,25.2967239897088,25.2967239897088,64.8548115358498,108.778300690488,88.0403323545322,28.4354333489329,272.585967865595,88.0403323545322,28.4354333489329,272.585967865595,25.2391858731012,25.2391858731012,65.8196692282757,110.260995480789,74.6161441298903,23.3563511168501,238.374947223496,74.6161441298903,23.3563511168501,238.374947223496,26.9339476829553,26.9339476829553,54.5190709069071,94.7132173528736,87.6347460026524,28.3184307424237,271.196125830669,87.6347460026524,28.3184307424237,271.196125830669,25.2541888078704,25.2541888078704,65.5033017858449,109.76619021946,114.344798138589,39.0013243222487,335.238176871241,114.344798138589,39.0013243222487,335.238176871241,22.6962070302471,22.6962070302471,88.3928660247366,140.296730252441,134.707420296205,47.7399502920377,380.102806388656,134.707420296205,47.7399502920377,380.102806388656,21.1567272968943,21.1567272968943,106.207738735456,163.207101856954,112.840504097674,37.0738978949664,343.448627956274,112.840504097674,37.0738978949664,343.448627956274,23.5520100935939,23.5520100935939,86.2642971829276,139.416711012421,112.840504097674,37.0738978949664,343.448627956274,112.840504097674,37.0738978949664,343.448627956274,23.5520100935939,23.5520100935939,86.2642971829276,139.416711012421
"HER42PB",284.3,3318,-6.561273741,104.843111219424,33.8951033772051,324.296930085804,104.843111219424,33.8951033772051,324.296930085804,24.2708860789306,24.2708860789306,79.3967591337513,130.289463305097,105.707783451018,34.1417001776018,327.287025074924,105.707783451018,34.1417001776018,327.287025074924,24.2488085035619,24.2488085035619,80.0749054686207,131.340661433415,90.922834466628,28.4606725676555,290.46965800945,90.922834466628,28.4606725676555,290.46965800945,25.7535492638932,25.7535492638932,67.5069775001369,114.338691433119,105.403629566607,34.060295944621,326.184045607772,105.403629566607,34.060295944621,326.184045607772,24.2531971689749,24.2531971689749,79.8398794645616,130.967379668652,131.5872809758,44.8824809310505,385.790004371731,131.5872809758,44.8824809310505,385.790004371731,22.0429403160977,22.0429403160977,102.581575166729,160.592986784871,183.359221630798,64.9820188597853,517.383189180332,183.359221630798,64.9820188597853,517.383189180332,19.9049621394505,19.9049621394505,146.861637985997,219.8568052756,132.635925957547,43.5777101092885,403.699249237655,132.635925957547,43.5777101092885,403.699249237655,22.7731478827284,22.7731478827284,102.430550393609,162.841301521485,132.635925957547,43.5777101092885,403.699249237655,132.635925957547,43.5777101092885,403.699249237655,22.7731478827284,22.7731478827284,102.430550393609,162.841301521485
"HER42PB",285.6,3332,-6.375064072,122.232913853692,39.5171146962328,378.0864403693,122.232913853692,39.5171146962328,378.0864403693,23.495866142289,23.4958661422889,93.513232032809,150.952595674575,122.662528822598,39.6177759609173,379.781439321522,122.662528822598,39.6177759609173,379.781439321522,23.4987802248951,23.4987802248951,93.8383307562773,151.486726888919,106.781447270678,33.4247367550622,341.132902998666,106.781447270678,33.4247367550622,341.132902998666,24.8670865651448,24.8670865651448,80.2280123423641,133.334882198992,122.482424062169,39.5791646713248,379.036402832776,122.482424062169,39.5791646713248,379.036402832776,23.4956808150823,23.4956808150823,93.7043446499464,151.260503474392,148.377116847928,50.6092463355643,435.01475319605,148.377116847928,50.6092463355643,435.01475319605,21.513501565147,21.513501565147,116.456003492529,180.298230203327,211.753095306862,75.0447319227558,597.501946148472,211.753095306862,75.0447319227558,597.501946148472,19.369842244786,19.369842244786,170.736854797472,252.769335816252,142.24410815593,46.7344911661221,432.943331578268,142.24410815593,46.7344911661221,432.943331578268,22.4518843527561,22.4518843527561,110.307625494152,174.180590817709,142.24410815593,46.7344911661221,432.943331578268,142.24410815593,46.7344911661221,432.943331578268,22.4518843527561,22.4518843527561,110.307625494152,174.180590817709
"HER42PB",290.9,3386,-7.029841027,71.2574120828015,23.0370629109219,220.410856903589,71.2574120828015,23.0370629109219,220.410856903589,26.4677776840187,26.4677776840187,52.3971586693405,90.1176654962625,72.7007342994145,23.4810209060173,225.092290017068,72.7007342994145,23.4810209060173,225.092290017068,26.3664567651116,26.3664567651116,53.5321266224407,91.8693419763883,60.6701126785887,18.9909632901056,193.821793881851,60.6701126785887,18.9909632901056,193.821793881851,28.291359295761,28.291359295761,43.5057131155462,77.8345122416312,72.2344260743927,23.341946948126,223.538007428974,72.2344260743927,23.341946948126,223.538007428974,26.3945486351356,26.3945486351356,53.168475352876,91.3003767959093,85.2871161772082,29.0901775392093,250.046331825252,85.2871161772082,29.0901775392093,250.046331825252,24.1929186825265,24.1929186825265,64.6536735137843,105.920558840632,84.0852234552636,29.7995788147555,237.262575000579,84.0852234552636,29.7995788147555,237.262575000579,23.4065023016579,23.4065023016579,64.4038136918531,103.766633218674,88.3827104519113,29.0382572213453,269.007311536738,88.3827104519113,29.0382572213453,269.007311536738,24.835844916725,24.835844916725,66.4321175508765,110.333303352946,88.3827104519113,29.0382572213453,269.007311536738,88.3827104519113,29.0382572213453,269.007311536738,24.835844916725,24.835844916725,66.4321175508765,110.333303352946
"HER42PB",297.6,3451,-6.283753339,131.786265523354,42.605651832109,407.636523178437,131.786265523354,42.605651832109,407.636523178437,23.1336309454323,23.1336309454323,101.299317220414,162.273213826294,131.944693599036,42.6157471268068,408.520402496768,131.944693599036,42.6157471268068,408.520402496768,23.1476933805498,23.1476933805498,101.402540492825,162.486846705247,115.540565510198,36.1665166133204,369.115511486652,115.540565510198,36.1665166133204,369.115511486652,24.4543255557093,24.4543255557093,87.2858994714262,143.795231548969,131.84222054978,42.6037041455371,408.001404293804,131.84222054978,42.6037041455371,408.001404293804,23.141251641822,23.141251641822,101.33228052219,162.352160577371,150.230681955797,51.2414700580357,440.449069383492,150.230681955797,51.2414700580357,440.449069383492,21.4602138118191,21.4602138118191,117.990856397129,182.470507514465,210.50804057309,74.603487847482,593.988785571472,210.50804057309,74.603487847482,593.988785571472,19.3911947846852,19.3911947846852,169.688016388138,251.328064758043,143.112754452305,47.0198860636028,435.587199407951,143.112754452305,47.0198860636028,435.587199407951,22.4243459252458,22.4243459252458,111.020655330772,175.204853573837,143.112754452305,47.0198860636028,435.587199407951,143.112754452305,47.0198860636028,435.587199407951,22.4243459252458,22.4243459252458,111.020655330772,175.204853573837
"HER42PB",302.9,3505,-6.990989945,73.5759105993773,23.7866185658925,227.582352890201,73.5759105993773,23.7866185658925,227.582352890201,26.2706151487491,26.2706151487491,54.2470662836272,92.9047549151274,74.9925422705924,24.221233386708,232.18806847767,74.9925422705924,24.221233386708,232.18806847767,26.1769114822163,26.1769114822163,55.3618108621558,94.623273679029,62.739745028327,19.6387997658035,200.433613721833,62.739745028327,19.6387997658035,200.433613721833,28.0620757097096,28.0620757097096,45.1336702783991,80.3458197782549,74.5334899576543,24.0848700958531,230.652733569207,74.5334899576543,24.0848700958531,230.652733569207,26.2027274317645,26.2027274317645,55.0036827386685,94.06329717664,91.5295555731616,31.2193815555431,268.348030165671,91.5295555731616,31.2193815555431,268.348030165671,23.8145524821269,23.8145524821269,69.7322015245335,113.32690962179,114.738200433074,40.6629120595456,323.755824947858,114.738200433074,40.6629120595456,323.755824947858,21.8724959735471,21.8724959735471,89.6420921632299,139.834308702919,95.7293436518525,31.4520033429563,291.367997646699,95.7293436518525,31.4520033429563,291.367997646699,24.4010988285607,24.4010988285607,72.3703318994315,119.088355404273,95.7293436518525,31.4520033429563,291.367997646699,95.7293436518525,31.4520033429563,291.367997646699,24.4010988285607,24.4010988285607,72.3703318994315,119.088355404273
"HER42PB",309.9,3576,-6.273887562,132.862162113804,42.9534822783096,410.964447705998,132.862162113804,42.9534822783096,410.964447705998,23.0951602857452,23.0951602857452,102.177432814515,163.546891413094,132.988728553135,42.9529515143558,411.752890049205,132.988728553135,42.9529515143558,411.752890049205,23.110386759483,23.110386759483,102.254519037986,163.722938068283,116.52895410575,36.4759020867567,372.273099995796,116.52895410575,36.4759020867567,372.273099995796,24.4105470697413,24.4105470697413,88.0835989138888,144.974309297612,132.895386870799,42.9440259799966,411.260552510048,132.895386870799,42.9440259799966,411.260552510048,23.1035959635636,23.1035959635636,102.191773633955,163.599000107643,161.183424974122,54.9772891738139,472.560522295869,161.183424974122,54.9772891738139,472.560522295869,21.1630836329106,21.1630836329106,127.072041944459,195.294808003786,218.34642128014,77.3813890536797,616.106279156762,218.34642128014,77.3813890536797,616.106279156762,19.2595734409882,19.2595734409882,176.293831917922,260.399010642358,157.700589622726,51.8127387359788,479.987674345538,157.700589622726,51.8127387359788,479.987674345538,21.9942415267847,21.9942415267847,123.01554105194,192.385638193512,157.700589622726,51.8127387359788,479.987674345538,157.700589622726,51.8127387359788,479.987674345538,21.9942415267847,21.9942415267847,123.01554105194,192.385638193512
"HER42PB",314.2,3613,-5.990224493,167.853404197332,54.2659257371436,519.198095635696,167.853404197332,54.2659257371436,519.198095635696,22.0412733664442,22.0412733664442,130.856376523316,204.850431871349,166.813416971189,53.8777134653536,516.479157926734,166.813416971189,53.8777134653536,516.479157926734,22.0868949690051,22.0868949690051,129.969512770554,203.657321171824,148.867083605399,46.5983858449787,475.583181248003,148.867083605399,46.5983858449787,475.583181248003,23.2155796030407,23.2155796030407,114.306727308263,183.427439902536,167.055300834596,53.9825147287593,516.972461864021,167.055300834596,53.9825147287593,516.972461864021,22.0709847364684,22.0709847364684,130.184550885931,203.926050783261,183.081044728592,62.4462443325281,536.760365610216,183.081044728592,62.4462443325281,536.760365610216,20.6456334101491,20.6456334101491,145.282803390456,220.879286066728,270.881556976543,95.9997009567425,764.344234187766,270.881556976543,95.9997009567425,764.344234187766,18.5183066728309,18.5183066728309,220.718879535487,321.044234417598,187.806752226894,61.7041585530158,571.620730419798,187.806752226894,61.7041585530158,571.620730419798,21.2602536155221,21.2602536155221,147.878560396381,227.734944057407,187.806752226894,61.7041585530158,571.620730419798,187.806752226894,61.7041585530158,571.620730419798,21.2602536155221,21.2602536155221,147.878560396381,227.734944057407
"HER42PB",321.6,3680,-6.572855718,103.847123829235,33.5731070613746,321.216177814283,103.847123829235,33.5731070613746,321.216177814283,24.3207836550868,24.3207836550868,78.5906895106966,129.103558147773,104.734226673615,33.827258965093,324.272748443485,104.734226673615,33.827258965093,324.272748443485,24.2970439417063,24.2970439417063,79.2869055967206,130.18154775051,90.0181503147501,28.1774882655516,287.579478686026,90.0181503147501,28.1774882655516,287.579478686026,25.8107783922917,25.8107783922917,66.7837650241699,113.25253560533,104.423702129262,33.7436406391304,323.15154381225,104.423702129262,33.7436406391304,323.15154381225,24.3019304018042,24.3019304018042,79.0467267148211,129.800677543702,127.196539029367,43.3848636064691,372.917146583744,127.196539029367,43.3848636064691,372.917146583744,22.1973172720729,22.1973172720729,98.9623197019228,155.430758356812,145.631197762325,51.6113078764017,410.926338322584,145.631197762325,51.6113078764017,410.926338322584,20.8255465633451,20.8255465633451,115.302704861575,175.959690663075,119.110700116527,39.1339791472014,362.533000513027,119.110700116527,39.1339791472014,362.533000513027,23.2855602063569,23.2855602063569,91.3751063286797,146.846293904374,119.110700116527,39.1339791472014,362.533000513027,119.110700116527,39.1339791472014,362.533000513027,23.2855602063569,23.2855602063569,91.3751063286797,146.846293904374
"HER42PB",332.7,3789,-7.184848882,62.7118410960008,20.274334786528,193.9780049535,62.7118410960008,20.274334786528,193.9780049535,27.2847837013804,27.2847837013804,45.6010508978036,79.822631294198,64.233152296973,20.7461452278173,198.875396306102,64.233152296973,20.7461452278173,198.875396306102,27.1508402462393,27.1508402462393,46.7933117316983,81.6729928622477,53.0703161804429,16.6120744116035,169.542851164023,53.0703161804429,16.6120744116035,169.542851164023,29.2447063447439,29.2447063447439,37.5500580572453,68.5905743036405,63.7461800628331,20.599041676332,197.270122389826,63.7461800628331,20.599041676332,197.270122389826,27.1886733589415,27.1886733589415,46.4144393867467,81.0779207389194,79.0867403063629,26.9753207709496,231.867956099412,79.0867403063629,26.9753207709496,231.867956099412,24.6107240611609,24.6107240611609,59.622920880597,98.5505597321288,173.668283549196,61.5475762635155,490.038349874107,173.668283549196,61.5475762635155,490.038349874107,20.1145435073231,20.1145435073231,138.735701096272,208.60086600212,89.5688822184157,29.4279755348971,272.617620343705,89.5688822184157,29.4279755348971,272.617620343705,24.7621851048847,24.7621851048847,67.3896698071155,111.748094629716,89.5688822184157,29.4279755348971,272.617620343705,89.5688822184157,29.4279755348971,272.617620343705,24.7621851048847,24.7621851048847,67.3896698071155,111.748094629716
"HER42PB",335.6,3819,-7.063229758,69.3233486624805,22.4117926494104,214.428481690699,69.3233486624805,22.4117926494104,214.428481690699,26.6395996326633,26.6395996326632,50.8558861268405,87.7908111981206,70.7871889535468,22.8629804047222,219.167668923435,70.7871889535468,22.8629804047222,219.167668923435,26.5315594549018,26.5315594549017,52.0062438298829,89.5681340772107,58.9460984965709,18.451312239583,188.314114619631,58.9460984965709,18.451312239583,188.314114619631,28.4914210530888,28.4914210530888,42.1515173795445,75.7406796135974,70.3153485101991,22.7218131818992,217.599194066496,70.3153485101991,22.7218131818992,217.599194066496,26.5616585029027,26.5616585029027,51.6384257637942,88.9922712566041,89.4638010838226,30.5147831643578,262.291613256961,89.4638010838226,30.5147831643578,262.291613256961,23.9355260017291,23.9355260017291,68.050169713269,110.877432454376,86.8853188153652,30.7919251384419,245.163580766929,86.8853188153652,30.7919251384419,245.163580766929,23.2347607464194,23.2347607464194,66.6977228648514,107.072914765879,101.27239221491,33.2731793302222,308.239177360939,101.27239221491,33.2731793302222,308.239177360939,24.1036609753106,24.1036609753106,76.8620381338417,125.682746295979,101.27239221491,33.2731793302222,308.239177360939,101.27239221491,33.2731793302222,308.239177360939,24.1036609753106,24.1036609753106,76.8620381338417,125.682746295979
"HER42PB",348.2,4013,-7.114408832,66.4601766812986,21.4861475673432,205.572221388945,66.4601766812986,21.4861475673432,205.572221388945,26.907346590727,26.907346590727,48.577506596852,84.3428467657451,67.9513709439755,21.947062531126,210.387554444575,67.9513709439755,21.947062531126,210.387554444575,26.7886856324601,26.7886856324601,49.7480917988471,86.1546500891039,56.3981039736172,17.6537388000025,180.17407914852,56.3981039736172,17.6537388000025,180.17407914852,28.8036333829489,28.8036333829489,40.1534008701222,72.6428070771123,67.472241536749,21.8030870875883,208.80086199284,67.472241536749,21.8030870875883,208.80086199284,26.8219564963235,26.8219564963235,49.3748662646679,85.5696168088301,87.5472029799277,29.8610598165339,256.672495775413,87.5472029799277,29.8610598165339,256.672495775413,24.0514308602306,24.0514308602306,66.4908479851446,108.603557974711,102.170802410721,36.2090597359828,288.294502573812,102.170802410721,36.2090597359828,288.294502573812,22.4209200754821,22.4209200754821,79.2631684617346,125.078436359708,97.5689791641496,32.056418040429,296.967230809387,97.5689791641496,32.056418040429,296.967230809387,24.2996988993178,24.2996988993178,73.8600110081232,121.277947320176,97.5689791641496,32.056418040429,296.967230809387,97.5689791641496,32.056418040429,296.967230809387,24.2996988993178,24.2996988993178,73.8600110081232,121.277947320176
"HER42PB",354.9,4150,-5.478699706,255.867649659317,82.7203650789625,791.440585153233,255.867649659317,82.7203650789625,791.440585153233,20.3654404143628,20.3654404143628,203.759075928319,307.976223390316,251.01700165083,81.0739467809803,777.185984148423,251.01700165083,81.0739467809803,777.185984148423,20.453439196962,20.453439196962,199.675391844141,302.35861145752,231.528560877122,72.4730877544611,739.660419650487,231.528560877122,72.4730877544611,739.660419650487,21.3324381234892,21.3324381234892,182.137873889805,280.919247864439,252.357993695953,81.5473621223199,780.951772378861,252.357993695953,81.5473621223199,780.951772378861,20.4247986334857,20.4247986334857,200.81438164805,303.901605743856,292.424774950545,99.7417781426635,857.33631981742,292.424774950545,99.7417781426635,857.33631981742,18.942999792217,18.942999792217,237.030750439272,347.818799461817,352.944805067485,125.082697097936,995.901418136114,352.944805067485,125.082697097936,995.901418136114,17.6829436529181,17.6829436529181,290.5337740615,415.35583607347,296.319956795768,97.3563164249777,901.898510746434,296.319956795768,97.3563164249777,901.898510746434,19.556777024487,19.556777024487,238.369323566164,354.270590025373,296.319956795768,97.3563164249777,901.898510746434,296.319956795768,97.3563164249777,901.898510746434,19.556777024487,19.556777024487,238.369323566164,354.270590025373
"HER42PB",358.9,4236,-5.646870865,222.752952080868,72.0145963863747,689.011397002423,222.752952080868,72.0145963863747,689.011397002423,20.8875558133588,20.8875558133588,176.225304889073,269.280599272664,219.460620635012,70.8818070523911,679.482733473569,219.460620635012,70.8818070523911,679.482733473569,20.9631382737343,20.9631382737343,173.454787274899,265.466453995126,200.237592994756,62.6783866054124,639.695688096593,200.237592994756,62.6783866054124,639.695688096593,21.9169154731546,21.9169154731546,156.351688992616,244.123496996896,220.351839151912,71.2048426066097,681.904927251714,220.351839151912,71.2048426066097,681.904927251714,20.9382295440247,20.9382295440247,174.214065265804,266.489613038019,260.830027955793,88.9652758926161,764.706260963397,260.830027955793,88.9652758926161,764.706260963397,19.3322817932004,19.3322817932004,210.405631950095,311.25442396149,271.080976124385,96.0703745705963,764.906933537035,271.080976124385,96.0703745705963,764.906933537035,18.5158741697268,18.5158741697268,220.887963687126,321.273988561643,268.047246270466,88.067279730125,815.845867538506,268.047246270466,88.067279730125,815.845867538506,19.9075244471879,19.9075244471879,214.685675189159,321.408817351774,268.047246270466,88.067279730125,815.845867538506,268.047246270466,88.067279730125,815.845867538506,19.9075244471879,19.9075244471879,214.685675189159,321.408817351774
"HER42PB",361.9,4297,-5.073511595,357.306178457158,115.514788861737,1105.20658369092,357.306178457158,115.514788861737,1105.20658369092,19.2085841315041,19.2085841315041,288.672720561153,425.939636353163,346.962126667515,112.062485040701,1074.24636619402,346.962126667515,112.062485040701,1074.24636619402,19.3215480973799,19.3215480973799,279.923672483759,414.00058085127,328.501620851821,102.82760237132,1049.45863186218,328.501620851821,102.82760237132,1049.45863186218,20.0445176715249,20.0445176715249,262.655055408932,394.34818629471,349.889120099136,113.063724915173,1082.77342229434,349.889120099136,113.063724915173,1082.77342229434,19.2853995341225,19.2853995341225,282.411605361592,417.36663483668,392.822349681349,133.985910249989,1151.68377123585,392.822349681349,133.985910249989,1151.68377123585,18.0070057923171,18.0070057923171,322.086806420712,463.557892941985,448.218245178207,158.847350040113,1264.73369092968,448.218245178207,158.847350040113,1264.73369092968,16.9908103185172,16.9908103185172,372.062333326992,524.374157029423,394.900418318426,129.745058341321,1201.94435442635,394.900418318426,129.745058341321,1201.94435442635,18.6173340198933,18.6173340198933,321.380488394129,468.420348242724,394.900418318426,129.745058341321,1201.94435442635,394.900418318426,129.745058341321,1201.94435442635,18.6173340198933,18.6173340198933,321.380488394129,468.420348242724
"HER42PB",370.2,4460,-5.371826341,279.426474921148,90.3367817267292,864.31189372066,279.426474921148,90.3367817267292,864.31189372066,20.0469869678914,20.0469869678914,223.409885908867,335.44306393343,273.389963103472,88.3000082597461,846.456001519886,273.389963103472,88.3000082597461,846.456001519886,20.1422083755187,20.1422083755187,218.323187057417,328.456739149527,253.909389652495,79.4787364818162,811.160078877859,253.909389652495,79.4787364818162,811.160078877859,20.9769311113552,20.9769311113552,200.646991899829,307.171787405161,275.073320109708,88.8876287081329,851.247046814906,275.073320109708,88.8876287081329,851.247046814906,20.1113962862045,20.1113962862045,219.752234624825,330.394405594591,313.970580916643,107.090734806609,920.504709012894,313.970580916643,107.090734806609,920.504709012894,18.7087638321476,18.7087638321476,255.230566430526,372.71059540276,407.137268208923,144.288361425013,1148.81584022125,407.137268208923,144.288361425013,1148.81584022125,17.2626165309368,17.2626165309368,336.854722843485,477.419813574361,288.208209067141,94.6911909060368,877.209072764899,288.208209067141,94.6911909060368,877.209072764899,19.6526210848731,19.6526210848731,231.567741803676,344.848676330605,288.208209067141,94.6911909060368,877.209072764899,288.208209067141,94.6911909060368,877.209072764899,19.6526210848731,19.6526210848731,231.567741803676,344.848676330605
"HER42PB",377.3,4596,-6.80154215,86.0088027407523,27.8060926115222,266.039326425615,86.0088027407523,27.8060926115222,266.039326425615,25.349809341366,25.349809341366,64.20573522918,107.811870252325,87.246192546244,28.1789405690399,270.127192864711,87.246192546244,28.1789405690399,270.127192864711,25.2903625695656,25.2903625695657,65.1813141231575,109.31107096933,73.8889989305357,23.1287400711829,236.051948621233,73.8889989305357,23.1287400711829,236.051948621233,26.9952512564506,26.9952512564506,53.9424780183615,93.83551984271,86.8367953161956,28.0605796926858,268.726772695732,86.8367953161956,28.0605796926858,268.726772695732,25.3059364724305,25.3059364724305,64.8619310587846,108.811659573607,95.2012915381459,32.4717565435373,279.112893026875,95.2012915381459,32.4717565435373,279.112893026875,23.6089630998369,23.6089630998369,72.7252537483368,117.677329327955,263.031144015806,93.2175355519458,742.192789292419,263.031144015806,93.2175355519458,742.192789292419,18.6160422037417,18.6160422037417,214.065155236839,311.997132794774,109.153507484795,35.8625302477015,332.226647532678,109.153507484795,35.8625302477015,332.226647532678,23.7187353868058,23.7187353868058,83.263675879059,135.04333909053,109.153507484795,35.8625302477015,332.226647532678,109.153507484795,35.8625302477015,332.226647532678,23.7187353868058,23.7187353868058,83.263675879059,135.04333909053
"HER42PB",380.3,4654,-6.868983574,81.3587432793297,26.3027583025546,251.655930220406,81.3587432793297,26.3027583025546,251.655930220406,25.6701136462296,25.6701136462296,60.4738614183816,102.243625140278,82.669985465443,26.7009085358006,255.958574881191,82.669985465443,26.7009085358006,255.958574881191,25.5989970360935,25.5989970360935,61.5072983364053,103.832672594481,69.709400108884,21.8204417297926,222.699454196002,69.709400108884,21.8204417297926,222.699454196002,27.3656038431481,27.3656038431481,50.6330018336518,88.7857983841162,82.2399912176333,26.5751611293948,254.501416662922,82.2399912176333,26.5751611293948,254.501416662922,25.6180611865874,25.6180611865874,61.1716999476559,103.308282487611,92.096379260617,31.4127167559882,270.009854251098,92.096379260617,31.4127167559882,270.009854251098,23.7820454765061,23.7820454765061,70.1939764626416,113.998782058593,273.004661845214,96.7521236567859,770.334981520503,273.004661845214,96.7521236567859,770.334981520503,18.4925331624252,18.4925331624252,222.519184218521,323.490139471907,103.365234313735,33.9607853889025,314.609086403069,103.365234313735,33.9607853889025,314.609086403069,23.9973634342186,23.9973634342186,78.5603033708363,128.170165256634,103.365234313735,33.9607853889025,314.609086403069,103.365234313735,33.9607853889025,314.609086403069,23.9973634342186,23.9973634342186,78.5603033708363,128.170165256634
"HER42PB",385.9,4755,-6.001746291,166.267078335112,53.7530767910898,514.291329695137,166.267078335112,53.7530767910898,514.291329695137,22.0822025311796,22.0822025311796,129.551645354478,202.982511315747,165.285030169435,53.3840722003747,511.747044990684,165.285030169435,53.3840722003747,511.747044990684,22.1266975476376,22.1266975476376,128.712911452323,201.857148886547,147.393511067198,46.1371280568723,470.875583715058,147.393511067198,46.1371280568723,470.875583715058,23.2618326081856,23.2618326081856,113.107079247419,181.679942886977,165.510236052087,53.4832400456934,512.191075458666,165.510236052087,53.4832400456934,512.191075458666,22.1111254946042,22.1111254946042,128.914060052195,202.10641205198,191.984845853283,65.483199585569,562.864693090403,191.984845853283,65.483199585569,562.864693090403,20.4591520998746,20.4591520998746,152.70637423145,231.263317475116,191.730312113279,67.9487109888828,541.003825504061,191.730312113279,67.9487109888828,541.003825504061,19.7358994444615,19.7358994444615,153.89061051005,229.570013716508,178.701800048514,58.7127143894234,543.908311388372,178.701800048514,58.7127143894234,543.908311388372,21.4639917943747,21.4639917943747,140.345260349701,217.058339747327,178.701800048514,58.7127143894234,543.908311388372,178.701800048514,58.7127143894234,543.908311388372,21.4639917943747,21.4639917943747,140.345260349701,217.058339747327
"HER42PB",390.3,4833,-5.645456837,223.012690901185,72.098568276023,689.814811753023,223.012690901185,72.098568276023,689.814811753023,20.8830541480538,20.8830541480538,176.440829903258,269.584551899111,219.708670600423,70.9619227001859,680.250733072074,219.708670600423,70.9619227001859,680.250733072074,20.9587467088469,20.9587467088469,173.660486831906,265.756854368941,200.482206093856,62.7549554163176,640.477149471583,200.482206093856,62.7549554163176,640.477149471583,21.9118675460247,21.9118675460247,156.552810641222,244.41160154649,220.603261948286,71.2860877675872,682.682984944952,220.603261948286,71.2860877675872,682.682984944952,20.9338048943377,20.9338048943377,174.422605501487,266.783918395085,266.884864406857,91.0304913111603,782.457941548362,266.884864406857,91.0304913111603,782.457941548362,19.2528726034227,19.2528726034227,215.501861464788,318.267867348927,264.52663443745,93.7475333667248,746.412602164971,264.52663443745,93.7475333667248,746.412602164971,18.5971205918998,18.5971205918998,215.332297233424,313.720971641477,259.279873465638,85.1867477192794,789.16092683678,259.279873465638,85.1867477192794,789.16092683678,20.026639125617,20.026639125617,207.354828881319,311.204918049958,259.279873465638,85.1867477192794,789.16092683678,259.279873465638,85.1867477192794,789.16092683678,20.026639125617,20.026639125617,207.354828881319,311.204918049958
"HER42PB",394.6,4910,-6.041717839,160.879099787338,52.0111779887091,497.625428787689,160.879099787338,52.0111779887091,497.625428787689,22.2253804733072,22.2253804733072,125.12310775757,196.635091817105,160.090477328811,51.7063256820828,495.663936535476,160.090477328811,51.7063256820828,495.663936535476,22.2659002005274,22.2659002005274,124.44489141623,195.736063241392,142.393536563594,44.5720356570535,454.90224882468,142.393536563594,44.5720356570535,454.90224882468,23.4237327538217,23.4237327538217,109.039655100222,175.747418026965,160.2600207632,51.7866771545695,495.94366092197,160.2600207632,51.7866771545695,495.94366092197,22.2515213477876,22.2515213477876,124.599728031108,195.920313495293,180.202518004318,61.464421318528,528.321048152582,180.202518004318,61.464421318528,528.321048152582,20.7086250725,20.7086250725,142.8850541796,217.519981829037,206.751885759162,73.2723166045628,583.39007480361,206.751885759162,73.2723166045628,583.39007480361,19.4566783179688,19.4566783179688,166.524836430668,246.978935087657,183.131538915264,60.1681109933334,557.390949986591,183.131538915264,60.1681109933334,557.390949986591,21.3631183272785,21.3631183272785,144.00893156223,222.254146268298,183.131538915264,60.1681109933334,557.390949986591,183.131538915264,60.1681109933334,557.390949986591,21.3631183272785,21.3631183272785,144.00893156223,222.254146268298
"HER42PB",396,4935,-5.762051383,202.580666431766,65.4930262090089,626.615210617541,202.580666431766,65.4930262090089,626.615210617541,21.2608759004426,21.2608759004426,159.510242343418,245.651090520113,200.168175109776,64.6506964443387,619.750451741444,200.168175109776,64.6506964443387,619.750451741444,21.3271435724232,21.3271435724232,157.478021017815,242.858329201737,181.282759223561,56.7451430951221,579.140997787573,181.282759223561,56.7451430951221,579.140997787573,22.336057510633,22.336057510633,140.791337866524,221.774180580598,200.805578280043,64.8886328836237,621.416702378374,200.805578280043,64.8886328836237,621.416702378374,21.3050334556698,21.3050334556698,158.023882646628,243.587273913457,217.408741832722,74.154915560155,637.402937731676,217.408741832722,74.154915560155,637.402937731676,19.986379769336,19.986379769336,173.956605038299,260.860878627145,329.872409304285,116.905901607151,930.798231092535,329.872409304285,116.905901607151,930.798231092535,17.8891049192646,17.8891049192646,270.861187904136,388.883630704435,220.663137600068,72.4991677233782,671.624541695325,220.663137600068,72.4991677233782,671.624541695325,20.6251066299479,20.6251066299479,175.151130177065,266.17514502307,220.663137600068,72.4991677233782,671.624541695325,220.663137600068,72.4991677233782,671.624541695325,20.6251066299479,20.6251066299479,175.151130177065,266.17514502307
"KER1",0.7,-55,-3.917484092,926.416988201802,299.504652430434,2865.55961339613,926.416988201802,299.504652430434,2865.55961339613,16.5296569100764,16.5296569100764,773.283438495381,1079.55053790822,873.700787365967,282.189535655202,2705.1076294219,873.700787365967,282.189535655202,2705.1076294219,16.6868852201752,16.6868852201752,727.90733981044,1019.49423492149,891.275338418118,278.987074293804,2847.34241141139,891.275338418118,278.987074293804,2847.34241141139,17.0991787865079,17.0991787865079,738.87457482195,1043.67610201428,888.829239563781,287.217689450098,2750.58760696837,888.829239563781,287.217689450098,2750.58760696837,16.6374151767313,16.6374151767313,740.951028765371,1036.70745036219,930.575448742531,317.40556171817,2728.27817230019,930.575448742531,317.40556171817,2728.27817230019,15.7351345776908,15.7351345776908,784.148149535944,1077.00274794912,323.437350231169,114.625333843316,912.640478478832,323.437350231169,114.625333843316,912.640478478832,17.9500885029535,17.9500885029535,265.380059613066,381.494640849271,389.622106750431,128.010862046343,1185.87894528581,389.622106750431,128.010862046343,1185.87894528581,18.6593312150834,18.6593312150834,316.921227364682,462.322986136179,389.622106750431,128.010862046343,1185.87894528581,389.622106750431,128.010862046343,1185.87894528581,18.6593312150834,18.6593312150834,316.921227364682,462.322986136179
"KER1",3.9,-7,-4.807068585,445.047075088421,143.8808562851,1376.60356046456,445.047075088421,143.8808562851,1376.60356046456,18.5169096578735,18.5169096578735,362.638110259289,527.456039917552,429.263302172001,138.644274636549,1329.06305056347,429.263302172001,138.644274636549,1329.06305056347,18.6431189341058,18.6431189341058,349.235234207605,509.291370136398,413.47129266676,129.424815512467,1320.90982075268,413.47129266676,129.424815512467,1320.90982075268,19.2791263524802,19.2791263524802,333.757639722302,493.184945611218,433.760127113905,140.16593507475,1342.32221098181,433.760127113905,140.16593507475,1342.32221098181,18.6029848580402,18.6029848580402,353.067796346689,514.45245788112,415.584748117293,141.749828663457,1218.41898855317,415.584748117293,141.749828663457,1218.41898855317,17.8387850758563,17.8387850758563,341.449478092611,489.720018141976,462.191913919796,163.799580954001,1304.16307568476,462.191913919796,163.799580954001,1304.16307568476,16.9058007926953,16.9058007926953,384.05466967257,540.329158167023,358.744887685973,117.866110602435,1091.89905209414,358.744887685973,117.866110602435,1091.89905209414,18.9212255327459,18.9212255327459,290.865958399714,426.623816972231,358.744887685973,117.866110602435,1091.89905209414,358.744887685973,117.866110602435,1091.89905209414,18.9212255327459,18.9212255327459,290.865958399714,426.623816972231
"KER1",7.1,45,-4.955652612,393.753725998713,127.298046506401,1217.94482313657,393.753725998713,127.298046506401,1217.94482313657,18.8963576755908,18.8963576755908,319.348613573031,468.158838424396,381.217589243337,123.126379245338,1180.30637495582,381.217589243337,123.126379245338,1180.30637495582,19.0154567466637,19.0154567466637,308.727323450096,453.707855036578,363.689674475343,113.842169595792,1161.87331802987,363.689674475343,113.842169595792,1161.87331802987,19.6985865729274,19.6985865729274,292.04794909202,435.331399858667,384.777308298528,124.33754935489,1190.73906273381,384.777308298528,124.33754935489,1190.73906273381,18.977462288548,18.977462288548,311.756339721285,457.798276875771,345.154577086062,117.727136007765,1011.93052106186,345.154577086062,117.727136007765,1011.93052106186,18.4056165511144,18.4056165511144,281.626749118981,408.682405053143,415.413160735167,147.221315652452,1172.16785726441,415.413160735167,147.221315652452,1172.16785726441,17.2050011295982,17.2050011295982,343.941321738182,486.884999732152,354.530800271059,116.481566570216,1079.07278414795,354.530800271059,116.481566570216,1079.07278414795,18.959308738365,18.959308738365,287.314211275073,421.747389267046,354.530800271059,116.481566570216,1079.07278414795,354.530800271059,116.481566570216,1079.07278414795,18.959308738365,18.959308738365,287.314211275073,421.747389267046
"KER1",9.9,92,-6.134127815,149.081652910377,48.1971393090978,461.133991624577,149.081652910377,48.1971393090978,461.133991624577,22.5636089592755,22.5636089592755,115.443451717655,182.719854103099,148.69765000501,48.0266487276925,460.390048083101,148.69765000501,48.0266487276925,460.390048083101,22.5945262929448,22.5945262929448,115.100120377637,182.295179632384,131.473858415703,41.1539571717709,420.017335746489,131.473858415703,41.1539571717709,420.017335746489,23.8067974959558,23.8067974959558,100.174143182557,162.773573648849,148.750850985459,48.0675857881851,460.327168632983,148.750850985459,48.0675857881851,460.327168632983,22.5830289652534,22.5830289652534,115.158403221352,182.343298749566,123.680256553302,42.1855115109635,362.608045113192,123.680256553302,42.1855115109635,362.608045113192,22.3264815637565,22.3264815637565,96.0668068759221,151.293706230681,140.790981900469,49.8959482908671,397.268741520768,140.790981900469,49.8959482908671,397.268741520768,20.9678317411614,20.9678317411614,111.270165708849,170.311798092088,128.891164892183,42.347363874233,392.301453205036,128.891164892183,42.347363874233,392.301453205036,22.9073768052115,22.9073768052115,99.3655800817045,158.416749702662,128.891164892183,42.347363874233,392.301453205036,128.891164892183,42.347363874233,392.301453205036,22.9073768052115,22.9073768052115,99.3655800817045,158.416749702662
"KER1",11.4,120,-5.578007239,235.760570796182,76.2198758360096,729.246094046793,235.760570796182,76.2198758360096,729.246094046793,20.6705540896305,20.6705540896305,187.027554487735,284.493587104628,231.872184854915,74.8905175796281,717.910782926907,231.872184854915,74.8905175796281,717.910782926907,20.7513836355778,20.7513836355778,183.755498231476,279.988871478355,212.50411039821,66.5180528170204,678.883326010103,212.50411039821,66.5180528170204,678.883326010103,21.673751267931,21.673751267931,166.446498076372,258.561722720047,232.935416214424,75.271119646152,720.846300441085,232.935416214424,75.271119646152,720.846300441085,20.7248980377627,20.7248980377627,184.659788710147,281.211043718701,212.83022158936,72.5932498277888,623.979548087903,212.83022158936,72.5932498277888,623.979548087903,20.0657378307219,20.0657378307219,170.124267300694,255.536175878025,357.04165272376,126.534608975059,1007.4614590609,357.04165272376,126.534608975059,1007.4614590609,17.6482243938287,17.6482243938287,294.030140671636,420.053164775884,243.13648449496,79.882815774243,740.02586813707,243.13648449496,79.882815774243,740.02586813707,20.2609862808904,20.2609862808904,193.874634727597,292.398334262323,243.13648449496,79.882815774243,740.02586813707,243.13648449496,79.882815774243,740.02586813707,20.2609862808904,20.2609862808904,193.874634727597,292.398334262323
"KER1",12.8,147,-6.172367734,144.456586043099,46.7018849450341,446.827901610131,144.456586043099,46.7018849450341,446.827901610131,22.7066007838932,22.7066007838933,111.655405744251,177.257766341947,144.22377778398,46.5816690013501,446.538274051107,144.22377778398,46.5816690013501,446.538274051107,22.7333691992797,22.7333691992797,111.436853907199,177.010701660761,127.203958883299,39.8173928950256,406.376359151471,127.203958883299,39.8173928950256,406.376359151471,23.9690024605355,23.9690024605355,96.7144388486628,157.693478917936,144.233546563275,46.6078568763423,446.347833787224,144.233546563275,46.6078568763423,446.347833787224,22.7231166011231,22.7231166011231,111.459189599767,177.007903526783,123.533547377827,42.1354711748321,362.177920461113,123.533547377827,42.1354711748321,362.177920461113,22.3319833305609,22.3319833305609,95.9460561697602,151.121038585894,163.339384532475,57.8870420142108,460.893381508387,163.339384532475,57.8870420142108,460.893381508387,20.356577030025,20.356577030025,130.089076899753,196.589692165197,137.409609355543,45.1461101469823,418.228739569602,137.409609355543,45.1461101469823,418.228739569602,22.6095837587334,22.6095837587334,106.341868635753,168.477350075332,137.409609355543,45.1461101469823,418.228739569602,137.409609355543,45.1461101469823,418.228739569602,22.6095837587334,22.6095837587334,106.341868635753,168.477350075332
"KER1",15.8,212,-6.72994389,91.2366624558017,29.4962260253644,282.20995353493,91.2366624558017,29.4962260253644,282.20995353493,25.0183958526482,25.0183958526482,68.4107130798648,114.062611831739,92.381989000862,29.8377098384572,286.028382806899,92.381989000862,29.8377098384572,286.028382806899,24.9707464058634,24.9707464058634,69.3135168027642,115.45046119896,78.6007887541216,24.6036248805198,251.104624736073,78.6007887541216,24.6036248805198,251.104624736073,26.6128863182053,26.6128863182053,57.6828501977745,99.5187273104686,91.9984293927285,29.72851831043,284.700062154104,91.9984293927285,29.72851831043,284.700062154104,24.9827906218346,24.9827906218346,69.0146544021667,114.98220438329,86.2987528621939,29.4352318931432,253.012266817061,86.2987528621939,29.4352318931432,253.012266817061,24.1289239410256,24.1289239410256,65.4757924220214,107.121713302366,102.130699357198,36.1948473208274,288.181344121551,102.130699357198,36.1948473208274,288.181344121551,22.4228227298445,22.4228227298445,79.230113687583,125.031285026813,87.1490556982185,28.6329383091181,265.252480450901,87.1490556982185,28.6329383091181,265.252480450901,24.9139857034376,24.9139857034376,65.4367524208834,108.861358975554,87.1490556982185,28.6329383091181,265.252480450901,87.1490556982185,28.6329383091181,265.252480450901,24.9139857034376,24.9139857034376,65.4367524208834,108.861358975554
"KER1",18.7,293,-6.810501461,85.3760741674789,27.6015355342725,264.082193224362,85.3760741674789,27.6015355342725,264.082193224362,25.3918992566049,25.3918992566049,63.6974674256284,107.054680909329,86.6239681186574,27.9779733445244,268.200693460548,86.6239681186574,27.9779733445244,268.200693460548,25.3309340222586,25.3309340222586,64.681307907058,108.566628330257,73.3196392678615,22.9505190662212,234.233024833039,73.3196392678615,22.9505190662212,234.233024833039,27.0438726171776,27.0438726171776,53.491169420887,93.1481091148361,86.2116331293774,27.8585637926265,266.792134087026,86.2116331293774,27.8585637926265,266.792134087026,25.346962143707,25.346962143707,64.3596031166025,108.063663142152,66.0383721025665,22.5247148100595,193.612510823417,66.0383721025665,22.5247148100595,193.612510823417,25.6697435244243,25.6697435244243,49.0864913561327,82.9902528490002,35.1990604783946,12.4744531063693,99.3208959139924,35.1990604783946,12.4744531063693,99.3208959139924,29.1303269036293,29.1303269036292,24.9454590940321,45.4526618627572,64.9188648286593,21.3291794941959,197.591239353046,64.9188648286593,21.3291794941959,197.591239353046,26.67206605153,26.67206605153,47.6036623216558,82.2340673356627,64.9188648286593,21.3291794941959,197.591239353046,64.9188648286593,21.3291794941959,197.591239353046,26.67206605153,26.67206605153,47.6036623216558,82.2340673356627
"KER1",24.7,479,-6.262431612,134.122498587269,43.360940952144,414.86287502722,134.122498587269,43.360940952144,414.86287502722,23.0506491367043,23.0506491367043,103.206392024536,165.038605150002,134.211411917936,43.3478561040685,415.538499661005,134.211411917936,43.3478561040685,415.538499661005,23.0672176367788,23.0672176367789,103.252573437432,165.170250398439,117.687265931219,36.8384769425595,375.973539404509,117.687265931219,36.8384769425595,375.973539404509,24.3599086064715,24.3599086064715,89.018755508919,146.355776353519,134.128863839016,43.3426136828215,415.077693431204,134.128863839016,43.3426136828215,415.077693431204,23.0600243937903,23.0600243937903,103.198715118625,165.059012559407,125.709690090575,42.8777213610498,368.557975588318,125.709690090575,42.8777213610498,368.557975588318,22.251310388063,22.251310388063,97.7376367606494,153.681743420501,183.478562943444,65.0243131025299,517.719933568689,183.478562943444,65.0243131025299,517.719933568689,19.9024773158921,19.9024773158921,146.9617835741,219.995342312788,128.290358811132,42.1499682361889,390.472801110161,128.290358811132,42.1499682361889,390.472801110161,22.9294250709325,22.9294250709325,98.8741171143031,157.706600507961,128.290358811132,42.1499682361889,390.472801110161,128.290358811132,42.1499682361889,390.472801110161,22.9294250709325,22.9294250709325,98.8741171143031,157.706600507961
"KER1",29.3,573,-6.881404626,80.530145166826,26.0348778633458,249.092940425135,80.530145166826,26.0348778633458,249.092940425135,25.7299905525319,25.7299905525319,59.8097464234614,101.25054391019,81.8537179070159,26.4372688932436,253.431289073646,81.8537179070159,26.4372688932436,253.431289073646,25.6566632170038,25.6566632170038,60.8527851730165,102.854650641015,68.9658093195096,21.5876828842853,220.32391714246,68.9658093195096,21.5876828842853,220.32391714246,27.4349246210855,27.4349246210855,50.0450915183806,87.8865271206386,81.4202998022663,26.3102847460534,251.964784261232,81.4202998022663,26.3102847460534,251.964784261232,25.6763884135258,25.6763884135258,60.5145073775792,102.326092226953,70.8633967542544,24.1704595607323,207.758606613714,70.8633967542544,24.1704595607323,207.758606613714,25.2448936857697,25.2448936857697,52.9740075815177,88.7527859269911,64.3416824345697,22.8025205618088,181.552389670672,64.3416824345697,22.8025205618088,181.552389670672,24.9107794769963,24.9107794769963,48.3136678115048,80.3696970576347,67.9926766740577,22.3390844695051,206.946891114261,67.9926766740577,22.3390844695051,206.946891114261,26.3796319708061,26.3796319708061,50.0564588003411,85.9288945477742,67.9926766740577,22.3390844695051,206.946891114261,67.9926766740577,22.3390844695051,206.946891114261,26.3796319708061,26.3796319708061,50.0564588003411,85.9288945477742
"KER1",33.7,655,-5.135772498,339.434569099111,109.737012528486,1049.92676622749,339.434569099111,109.737012528486,1049.92676622749,19.3777244328865,19.3777244328865,273.659873669129,405.209264529092,330.126826482687,106.624987890109,1022.121772017,330.126826482687,106.624987890109,1022.121772017,19.4872577287362,19.4872577287362,265.794160974308,394.459491991066,311.308955125137,97.4459528364951,994.533510321517,311.308955125137,97.4459528364951,994.533510321517,20.2322117747918,20.2322117747918,248.324268050328,374.293642199946,332.754651610607,107.526865606127,1029.74877528828,332.754651610607,107.526865606127,1029.74877528828,19.4521412336463,19.4521412336463,268.026746817784,397.48255640343,332.420381940465,113.383689843696,974.596174121492,332.420381940465,113.383689843696,974.596174121492,18.5247787969199,18.5247787969199,270.840241510117,394.000522370812,387.110350687084,137.190875296239,1092.30605377722,387.110350687084,137.190875296239,1092.30605377722,17.4087449338988,17.4087449338988,319.719297123249,454.501404250919,352.799121471558,115.912621194502,1073.80213499138,352.799121471558,115.912621194502,1073.80213499138,18.9751344811662,18.9751344811662,285.855013723957,419.743229219159,352.799121471558,115.912621194502,1073.80213499138,352.799121471558,115.912621194502,1073.80213499138,18.9751344811662,18.9751344811662,285.855013723957,419.743229219159
"KER1",36.6,710,-5.198968264,322.208510811041,104.167938703179,996.643744049633,322.208510811041,104.167938703179,996.643744049633,19.5524780282627,19.5524780282627,259.20876252952,385.208259092562,313.873907969876,101.375589475351,971.800318144995,313.873907969876,101.375589475351,971.800318144995,19.6583877860293,19.6583877860293,252.171357981994,375.576457957759,294.778066750049,92.2714528986548,941.722557813581,294.778066750049,92.2714528986548,941.722557813581,20.426353294431,20.426353294431,234.565657401191,354.990476098908,316.220779727075,102.18408403609,978.582745781457,316.220779727075,102.18408403609,978.582745781457,19.6243612716433,19.6243612716433,254.164471497427,378.277087956724,302.266936025932,103.098794136235,886.191748215545,302.266936025932,103.098794136235,886.191748215545,18.8332051326626,18.8332051326626,245.340383915954,359.19348813591,236.053708493448,83.6568043909443,666.070784070512,236.053708493448,83.6568043909443,666.070784070512,18.9847240287076,18.9847240287076,191.239563376437,280.867853610459,334.364840156553,109.856013518875,1017.69436876305,334.364840156553,109.856013518875,1017.69436876305,19.1503376323858,19.1503376323858,270.332844342586,398.39683597052,334.364840156553,109.856013518875,1017.69436876305,334.364840156553,109.856013518875,1017.69436876305,19.1503376323858,19.1503376323858,270.332844342586,398.39683597052
"KER1",38,737,-5.44386756,263.319195899186,85.129402040788,814.48943921599,263.319195899186,85.129402040788,814.48943921599,20.260544467926,20.260544467926,209.969293121446,316.669098676926,258.100031634296,83.3616372248584,799.116098810972,258.100031634296,83.3616372248584,799.116098810972,20.3509516765696,20.3509516765696,205.574218919189,310.625844349402,238.597310611796,74.685748334627,762.242836158177,238.597310611796,74.685748334627,762.242836158177,21.2152549586717,21.2152549586717,187.97828284097,289.216338382622,259.547411281274,83.8705619175487,803.200278651237,259.547411281274,83.8705619175487,803.200278651237,20.3215870617434,20.3215870617434,206.803258131249,312.2915644313,256.522545367558,87.496057107232,752.077504489193,256.522545367558,87.496057107232,752.077504489193,19.3903161191706,19.3903161191706,206.782012903846,306.26307783127,356.024135268641,126.174003504166,1004.59033852879,356.024135268641,126.174003504166,1004.59033852879,17.6567974528524,17.6567974528524,293.161674820988,418.886595716294,269.522512199911,88.5519803159077,820.336081964524,269.522512199911,88.5519803159077,820.336081964524,19.8880010436851,19.8880010436851,215.919872160627,323.125152239196,269.522512199911,88.5519803159077,820.336081964524,269.522512199911,88.5519803159077,820.336081964524,19.8880010436851,19.8880010436851,215.919872160627,323.125152239196
"KER1",39.4,764,-5.294829378,297.732570055181,96.2550245162091,920.935646915096,297.732570055181,96.2550245162091,920.935646915096,19.8236605442358,19.8236605442358,238.711076037813,356.754064072549,290.73442419937,93.9019551660744,900.157033632008,290.73442419937,93.9019551660744,900.157033632008,19.923788433159,19.923788433159,232.809112619525,348.659735779216,271.362748173523,84.9419880949762,866.918031326868,271.362748173523,84.9419880949762,866.918031326868,20.7280622884946,20.7280622884946,215.114508704345,327.610987642702,292.695429210616,94.5820649776737,905.780755590498,292.695429210616,94.5820649776737,905.780755590498,19.8915008951244,19.8915008951244,234.473915289198,350.916943132034,303.806273487966,103.623839442847,890.704806026327,303.806273487966,103.623839442847,890.704806026327,18.8164695033127,18.8164695033127,246.640658687952,360.971888287979,361.447364604616,128.095981509183,1019.89301959685,361.447364604616,128.095981509183,1019.89301959685,17.6114785237707,17.6114785237707,297.791139612539,425.103589596693,300.846172687983,98.8434106840861,915.674793034835,300.846172687983,98.8434106840861,915.674793034835,19.5048254956403,19.5048254956403,242.166651694879,359.525693681087,300.846172687983,98.8434106840861,915.674793034835,300.846172687983,98.8434106840861,915.674793034835,19.5048254956403,19.5048254956403,242.166651694879,359.525693681087
"KER1",40.9,791,-5.392227328,274.767662903402,88.8306177726092,849.901424423922,274.767662903402,88.8306177726092,849.901424423922,20.1070049274758,20.1070049274758,219.520115384305,330.015210422499,268.970405926759,86.8725713093252,832.77239494625,268.970405926759,86.8725713093252,832.77239494625,20.2008854369337,20.2008854369337,214.636002366239,323.304809487279,249.476145638589,78.091042103034,796.997268400759,249.476145638589,78.091042103034,796.997268400759,21.0438756416509,21.0438756416509,196.976695794821,301.975595482358,270.5846857101,87.4371642728334,837.356434757823,270.5846857101,87.4371642728334,837.356434757823,20.1704765349816,20.1704765349816,216.006465171691,325.16290624851,277.635300879624,94.697306647805,813.976268419099,277.635300879624,94.697306647805,813.976268419099,19.117736757017,19.117736757017,224.557714912905,330.712886846343,291.165863853201,103.188405186033,821.580294031485,291.165863853201,103.188405186033,821.580294031485,18.2826249012423,18.2826249012423,237.933101124458,344.398626581944,276.338110469988,90.7912542041139,841.08047595033,276.338110469988,90.7912542041139,841.08047595033,19.7996515563061,19.7996515563061,221.62412747965,331.052093460326,276.338110469988,90.7912542041139,841.08047595033,276.338110469988,90.7912542041139,841.08047595033,19.7996515563061,19.7996515563061,221.62412747965,331.052093460326
"KER1",45.6,897,-4.953554223,394.435261630694,127.518382591744,1220.05292457142,394.435261630694,127.518382591744,1220.05292457142,18.8908906627822,18.8908906627822,319.922927620581,468.947595640808,381.857180085031,123.332955507186,1182.28664336189,381.857180085031,123.332955507186,1182.28664336189,19.0100948710685,19.0100948710685,309.26576787888,454.448592291182,364.349184492232,114.048609471494,1163.98024364633,364.349184492232,114.048609471494,1163.98024364633,19.6925356872366,19.6925356872366,292.599591309944,436.098777674521,385.429004651296,124.548139547397,1192.75581446928,385.429004651296,124.548139547397,1192.75581446928,18.97206877738,18.97206877738,312.305148800881,458.552860501711,397.965736467148,135.740243629498,1166.76324697138,397.965736467148,135.740243629498,1166.76324697138,17.9678763703922,17.9678763703922,326.45974494221,469.471727992086,458.321694021413,162.427985349528,1293.2425084177,458.321694021413,162.427985349528,1293.2425084177,16.9290006522134,16.9290006522134,380.732411451293,535.910976591534,373.270708022201,122.638588218449,1136.1107746871,373.270708022201,122.638588218449,1136.1107746871,18.7944119082054,18.7944119082054,303.116673623834,443.424742420568,373.270708022201,122.638588218449,1136.1107746871,373.270708022201,122.638588218449,1136.1107746871,18.7944119082054,18.7944119082054,303.116673623834,443.424742420568
"KER1",51.4,1117,-5.272884221,303.166331594854,98.0117246653379,937.743162121758,303.166331594854,98.0117246653379,937.743162121758,19.760917842988,19.760917842988,243.257881880794,363.074781308914,295.876362447103,95.5627081234683,916.077239479472,295.876362447103,95.5627081234683,916.077239479472,19.8624006376268,19.8624006376268,237.108213945823,354.644510948383,276.553386182149,86.5667619996541,883.500475726683,276.553386182149,86.5667619996541,883.500475726683,20.6582090883466,20.6582090883466,219.422409423738,333.68436294056,297.921624799052,96.2708661047174,921.953838312437,297.921624799052,96.2708661047174,921.953838312437,19.8297056204797,19.8297056204797,238.84464362165,356.998605976453,298.136646503813,101.690013292513,874.082489623234,298.136646503813,101.690013292513,874.082489623234,18.8786840389625,18.8786840389625,241.852371005999,354.420922001626,342.566142144373,121.404526653,966.616031370022,342.566142144373,121.404526653,966.616031370022,17.7733719531298,17.7733719531298,281.680587515566,403.45169677318,283.285627736865,93.0738702543997,862.2263870936,283.285627736865,93.0738702543997,862.2263870936,19.7125817778166,19.7125817778166,227.442716704434,339.128538769295,283.285627736865,93.0738702543997,862.2263870936,283.285627736865,93.0738702543997,862.2263870936,19.7125817778166,19.7125817778166,227.442716704434,339.128538769295
"KER1",53,1278,-4.745973549,468.029383183597,151.310888641756,1447.69160692622,468.029383183597,151.310888641756,1447.69160692622,18.3652725939179,18.3652725939179,382.074511142297,553.984255224897,450.734210193592,145.578989189084,1395.54017630228,450.734210193592,145.578989189084,1395.54017630228,18.4942170707268,18.4942170707268,367.374446948363,534.093973438821,435.867112002249,136.435156586091,1392.45737007164,435.867112002249,136.435156586091,1392.45737007164,19.1117897776086,19.1117897776086,352.565105846645,519.169118157852,455.667019747121,147.244963087186,1410.11569110369,455.667019747121,147.244963087186,1410.11569110369,18.4532598281951,18.4532598281951,371.581600641792,539.752438852451,471.778822653758,160.91679875447,1383.16980717579,471.778822653758,160.91679875447,1383.16980717579,17.4713072395935,17.4713072395935,389.352895056583,554.204750250933,485.209453654068,171.956935614515,1369.1114759282,485.209453654068,171.956935614515,1369.1114759282,16.772949479678,16.772949479678,403.825517122049,566.593390186086,436.013448972501,143.252799314389,1327.07862320845,436.013448972501,143.252799314389,1327.07862320845,18.3139529874301,18.3139529874301,356.162150908805,515.864747036198,436.013448972501,143.252799314389,1327.07862320845,436.013448972501,143.252799314389,1327.07862320845,18.3139529874301,18.3139529874301,356.162150908805,515.864747036198
"KER1",60.5,1957,-6.081772924,155.655005072157,50.3222617751033,481.46644744017,155.655005072157,50.3222617751033,481.46644744017,22.3707323417718,22.3707323417718,120.833840510893,190.476169633421,155.048830471447,50.0779650279665,480.054247754236,155.048830471447,50.0779650279665,480.054247754236,22.4071619090996,22.4071619090997,120.306787989544,189.790872953349,137.553252832435,43.0569296749847,439.439075373193,137.553252832435,43.0569296749847,439.439075373193,23.5882478232384,23.5882478232384,105.106850665395,169.999654999476,155.165895868703,50.1405535609243,480.179286642351,155.165895868703,50.1405535609243,480.179286642351,22.3940105646716,22.3940105646716,120.418028755098,189.913762982308,123.412723519266,42.0942599385509,361.823686856034,123.412723519266,42.0942599385509,361.823686856034,22.3365213158235,22.3365213158235,95.8466142239467,150.978832814585,153.437614833664,54.3778812553972,432.953640383091,153.437614833664,54.3778812553972,432.953640383091,20.6094970033854,20.6094970033854,121.814894202454,185.060335464873,119.353063677322,39.2136080178647,363.270673860796,119.353063677322,39.2136080178647,363.270673860796,23.2756622762691,23.2756622762691,91.572847659408,147.133279695236,119.353063677322,39.2136080178647,363.270673860796,119.353063677322,39.2136080178647,363.270673860796,23.2756622762691,23.2756622762691,91.572847659408,147.133279695236
"KER1",65.1,2268,-5.467785391,258.179548691961,83.4677871632338,798.591667854179,258.179548691961,83.4677871632338,798.591667854179,20.3324556277627,20.3324556277627,205.68530651421,310.673790869712,253.215233937472,81.783936009787,783.99203836724,253.215233937472,81.783936009787,783.99203836724,20.4212148526564,20.4212148526564,201.505606975445,304.9248608995,233.720658427791,73.159258296679,746.663477018875,233.720658427791,73.159258296679,746.663477018875,21.29558089198,21.29558089198,183.948486551033,283.49283030455,254.589040007633,82.2683059641442,787.856010068534,254.589040007633,82.2683059641442,787.856010068534,20.3923456816057,20.3923456816057,202.672362901795,306.505717113471,181.814414188329,62.0142153351321,533.046834955568,181.814414188329,62.0142153351321,533.046834955568,20.6731813262816,20.6731813262816,144.227590665859,219.401237710799,277.674769705268,98.4071974204076,783.512585989811,277.674769705268,98.4071974204076,783.512585989811,18.4367850247001,18.4367850247001,226.480469346876,328.869070063659,114.020985813429,37.4617467347667,347.041618158202,114.020985813429,37.4617467347667,347.041618158202,23.5002597056721,23.5002597056721,87.2257580283056,140.816213598552,114.020985813429,37.4617467347667,347.041618158202,114.020985813429,37.4617467347667,347.041618158202,23.5002597056721,23.5002597056721,87.2257580283056,140.816213598552
"KER1",68.3,2504,-5.909944808,179.334522782948,57.9776975151763,554.711077537519,179.334522782948,57.9776975151763,554.711077537519,21.7602516964088,21.7602516964088,140.310879246825,218.358166319072,177.862257739613,57.4462889903565,550.688012824347,177.862257739613,57.4462889903565,550.688012824347,21.8134907684415,21.8134907684415,139.064290567041,216.660224912185,159.551564240555,49.9428427869172,509.716712767432,159.551564240555,49.9428427869172,509.716712767432,22.8983414169545,22.8983414169545,123.016902324662,196.086226156449,178.228632452596,57.5930828198323,551.549663095725,178.228632452596,57.5930828198323,551.549663095725,21.7952935723632,21.7952935723632,139.383178779545,217.074086125648,120.243451310157,41.0132679275009,352.53195645215,120.243451310157,41.0132679275009,352.53195645215,22.4578491085762,22.4578491085762,93.2393584519778,147.247544168337,85.0229790546296,30.1319168968105,239.908632168343,85.0229790546296,30.1319168968105,239.908632168343,23.348073454873,23.348073454873,65.1717514514334,104.874206657826,97.0627987926839,31.8901118052857,295.426587620414,97.0627987926839,31.8901118052857,295.426587620414,24.3273236469429,24.3273236469429,73.4500175896067,120.675579995761,97.0627987926839,31.8901118052857,295.426587620414,97.0627987926839,31.8901118052857,295.426587620414,24.3273236469429,24.3273236469429,73.4500175896067,120.675579995761
"KER1",77.2,3132,-6.816981158,84.9213645987736,27.4545308559621,262.675701987154,84.9213645987736,27.4545308559621,262.675701987154,25.4224274043964,25.4224274043964,63.3322923328276,106.51043686472,86.1767200856276,27.8335203274407,266.815947007428,86.1767200856276,27.8335203274407,266.815947007428,25.3603579718586,25.3603579718586,64.3219953835059,108.031444787749,72.9105937003717,22.8224795915406,232.926253802461,72.9105937003717,22.8224795915406,232.926253802461,27.0791466239991,27.0791466239991,53.1670271278198,92.6541602729235,85.7622997806474,27.7133655020319,265.401618692842,85.7622997806474,27.7133655020319,265.401618692842,25.3767163790702,25.3767163790702,63.9986442051445,107.52595535615,54.7802894671134,18.6847488539361,160.605857620001,54.7802894671134,18.6847488539361,160.605857620001,26.8681998694308,26.8681998694308,40.0618118040366,69.4987671301902,58.7303694282221,20.8138862059058,165.718994475753,58.7303694282221,20.8138862059058,165.718994475753,25.4688817000729,25.4688817000729,43.7724011165324,73.6883377399118,55.3124975104337,18.172994718655,168.352680898604,55.3124975104337,18.172994718655,168.352680898604,27.7364192261235,27.7364192261235,39.9707913165007,70.6542037043668,55.3124975104337,18.172994718655,168.352680898604,55.3124975104337,18.172994718655,168.352680898604,27.7364192261235,27.7364192261235,39.9707913165007,70.6542037043668
"KER1",86.7,3445,-6.916553418,78.2308425188764,25.2915281092106,241.98082040699,78.2308425188764,25.2915281092106,241.98082040699,25.9009524464118,25.9009524464118,57.968309199635,98.4933758381179,79.5872742313034,25.7052486207586,246.414042245577,79.5872742313034,25.7052486207586,246.414042245577,25.8212624227583,25.8212624227583,59.0368352969183,100.137713165688,66.9043156607411,20.9423939822543,213.738097842348,66.9043156607411,20.9423939822543,213.738097842348,27.6330036555882,27.6330036555882,48.4166436684622,85.3919876530199,79.1447586892125,25.5749627835797,244.922852126119,79.1447586892125,25.5749627835797,244.922852126119,25.8428899218341,25.8428899218341,58.6914658222581,99.598051556167,64.1543542730141,21.8821041133296,188.088912787882,64.1543542730141,21.8821041133296,188.088912787882,25.8482902713754,25.8482902713754,47.5715505587989,80.7371579872293,55.0572607982056,19.5121463089597,155.354614433661,55.0572607982056,19.5121463089597,155.354614433661,25.8792381829017,25.8792381829017,40.8088611392566,69.3056604571546,63.3035139900997,20.7984538249675,192.674653472757,63.3035139900997,20.7984538249675,192.674653472757,26.834090334771,26.834090334771,46.3165918609119,80.2904361192874,63.3035139900997,20.7984538249675,192.674653472757,63.3035139900997,20.7984538249675,192.674653472757,26.834090334771,26.834090334771,46.3165918609119,80.2904361192874
"KER1",93.1,3646,-6.875956193,80.8925615494779,26.1520447483486,250.213953708123,80.8925615494779,26.1520447483486,250.213953708123,25.7036914882522,25.7036914882522,60.1001870918555,101.6849360071,82.2107726170595,26.552591099985,254.536783579576,82.2107726170595,26.552591099985,254.536783579576,25.6313362768998,25.6313362768998,61.1390530317435,103.282492202375,69.2910001551296,21.6894741444112,221.362798864135,69.2910001551296,21.6894741444112,221.362798864135,27.4044742141379,27.4044742141379,50.3021658848988,88.2798344253604,81.7788426863725,26.4261448619878,253.074337783653,81.7788426863725,26.4261448619878,253.074337783653,25.6507707967019,25.6507707967019,60.8019391886956,102.755746184049,59.9357677101933,20.4432064512022,175.720783311808,59.9357677101933,20.4432064512022,175.720783311808,26.2778150342621,26.2778150342621,44.1859575319437,75.6855778884429,53.1001637179885,18.8185563261599,149.832289895563,53.1001637179885,18.8185563261599,149.832289895563,26.1150448065446,26.1150448065446,39.2330321706872,66.9672952652897,58.5090772997472,19.2232352654319,178.081997083173,58.5090772997472,19.2232352654319,178.081997083173,27.3534635946546,27.3534635946546,42.5048181409926,74.5133364585019,58.5090772997472,19.2232352654319,178.081997083173,58.5090772997472,19.2232352654319,178.081997083173,27.3534635946546,27.3534635946546,42.5048181409926,74.5133364585019
"KER1",103.8,3939,-7.064575187,69.246523786437,22.3869556612177,214.190849755083,69.246523786437,22.3869556612177,214.190849755083,26.6465701233118,26.6465701233118,50.7947002677283,87.6983473051457,70.7111455907686,22.838419775337,218.932227358322,70.7111455907686,22.838419775337,218.932227358322,26.5382557660289,26.5382557660289,51.9456409188013,89.4766502627357,58.8776640788157,18.4298908929267,188.095488330228,58.8776640788157,18.4298908929267,188.095488330228,28.4995420438747,28.4995420438747,42.0977994502223,75.6575287074091,70.2390953859726,22.6971726264597,217.363219720521,70.2390953859726,22.6971726264597,217.363219720521,26.5684367083523,26.5684367083523,51.5776657838313,88.900524988114,47.1845964657504,16.0939699901758,138.336665533411,47.1845964657504,16.0939699901758,138.336665533411,27.908769840725,27.908769840725,34.0159560378493,60.3532368936516,37.7835689113529,13.3903959983605,106.613581842818,37.7835689113529,13.3903959983605,106.613581842818,28.5620177754535,28.5620177754535,26.9918192426916,48.5753185800142,49.7013716820805,16.3294518552156,151.274296833873,49.7013716820805,16.3294518552156,151.274296833873,28.4959785451841,28.4959785451841,35.5384794708927,63.8642638932684,49.7013716820805,16.3294518552156,151.274296833873,49.7013716820805,16.3294518552156,151.274296833873,28.4959785451841,28.4959785451841,35.5384794708927,63.8642638932684
"KER1",112.9,4199,-7.444605018,50.6264523638197,16.3672063575207,156.595916429464,50.6264523638197,16.3672063575207,156.595916429464,28.7731408491912,28.7731408491912,36.0596319182292,65.1932728094102,52.1960379217693,16.8583752208704,161.606699283687,52.1960379217693,16.8583752208704,161.606699283687,28.5754014642241,28.5754014642241,37.2808105372051,67.1112653063335,42.4083328439531,13.2746595758066,135.481191388234,42.4083328439531,13.2746595758066,135.481191388234,30.9949574716415,30.9949574716415,29.2638881145376,55.5527775733685,51.6983867737268,16.7058986546558,159.986795697517,51.6983867737268,16.7058986546558,159.986795697517,28.6322577633824,28.6322577633824,36.8959714131629,66.5008021342906,38.2489510439403,13.0461531170179,112.138976358738,38.2489510439403,13.0461531170179,112.138976358738,29.5166999622697,29.5166999622697,26.959122925585,49.5387791622956,48.573587687721,17.2143498600059,137.059687995438,48.573587687721,17.2143498600059,137.059687995438,26.7142734933896,26.7142734933896,35.5975066272718,61.5496687481702,37.8618713657471,12.4395682592045,115.23883091808,37.8618713657471,12.4395682592045,115.23883091808,30.6295863867727,30.6295863867727,26.2649367681268,49.4588059633674,37.8618713657471,12.4395682592045,115.23883091808,37.8618713657471,12.4395682592045,115.23883091808,30.6295863867727,30.6295863867727,26.2649367681268,49.4588059633674
"KER1",123.5,4468,-7.349445746,54.7566604461029,17.702476059937,169.371327099,54.7566604461029,17.702476059937,169.371327099,28.2094174583648,28.2094174583648,39.3101255146024,70.2031953776033,56.3187222912605,18.1899276295469,174.371143476569,56.3187222912605,18.1899276295469,174.371143476569,28.0365029570675,28.0365029570676,40.5289220506886,72.1085225318324,46.0397512329416,14.4113664364258,147.082422957031,46.0397512329416,14.4113664364258,147.082422957031,30.3299746236577,30.3299746236577,32.0759063671953,60.0035960986879,55.8220321373136,18.0384199542727,172.747905849768,55.8220321373136,18.0384199542727,172.747905849768,28.0859608508001,28.0859608508001,40.1438780451066,71.5001862295206,38.3817289608187,13.0914417062961,112.528257091292,38.3817289608187,13.0914417062961,112.528257091292,29.4886574839038,29.4886574839038,27.0634723711626,49.6999855504749,48.7114291251478,17.263200497606,137.448634031873,48.7114291251478,17.263200497606,137.448634031873,26.6947923546507,26.6947923546507,35.7080142672068,61.7148439830889,39.1956146018941,12.8777713756334,119.298297757258,39.1956146018941,12.8777713756334,119.298297757258,30.3405345763983,30.3405345763983,27.3034556011746,51.0877736026136,39.1956146018941,12.8777713756334,119.298297757258,39.1956146018941,12.8777713756334,119.298297757258,30.3405345763983,30.3405345763983,27.3034556011746,51.0877736026136
"KER1",130.8,4622,-7.237927538,60.0276870828348,19.4065650618564,185.675476573496,60.0276870828348,19.4065650618564,185.675476573496,27.5762641427509,27.5762641427509,43.4742935340883,76.5810806315812,61.5663969205043,19.884831523774,190.618724892957,61.5663969205043,19.884831523774,190.618724892957,27.4302702034929,27.4302702034929,44.678567890655,78.4542259503535,50.6930975626022,15.8679572588444,161.948390619667,50.6930975626022,15.8679572588444,161.948390619667,29.5860965793342,29.5860965793342,35.6949887586746,65.6912063665299,61.0750538999853,19.7358897337841,189.004005352785,61.0750538999853,19.7358897337841,189.004005352785,27.4716992800722,27.4716992800722,44.2966987574393,77.8534090425313,59.79946923896,20.3967170527535,175.321180953411,59.79946923896,20.3967170527535,175.321180953411,26.292438802752,26.292438802752,44.076730384936,75.5222080929841,51.5581904335471,18.272085108843,145.481316716033,51.5581904335471,18.272085108843,145.481316716033,26.3102359883713,26.3102359883713,37.993108859147,65.1232720079472,54.6504534398648,17.9554792576022,166.337640913612,54.6504534398648,17.9554792576022,166.337640913612,27.8198953377086,27.8198953377086,39.4467544913112,69.8541523884184,54.6504534398648,17.9554792576022,166.337640913612,54.6504534398648,17.9554792576022,166.337640913612,27.8198953377086,27.8198953377086,39.4467544913112,69.8541523884184
"KER1",135.2,4718,-7.539463168,46.8193969369107,15.136409829671,144.820069897886,46.8193969369107,15.136409829671,144.820069897886,29.3579596783767,29.3579596783767,33.0741772625133,60.5646166113081,48.3867837933482,15.6280551052934,149.81268175022,48.3867837933482,15.6280551052934,149.81268175022,29.1336159058461,29.1336159058461,34.2899640538019,62.4836035328944,39.0735025085413,12.2307907303003,124.827464711883,39.0735025085413,12.2307907303003,124.827464711883,31.6875056484929,31.6875056484929,26.6920841940832,51.4549208229993,47.8909889590821,15.4755700893216,148.204351131563,47.8909889590821,15.4755700893216,148.204351131563,29.198395343291,29.198395343291,33.9075886689975,61.8743892491668,36.6198844260233,12.4905025186328,107.362848962629,36.6198844260233,12.4905025186328,107.362848962629,29.8735044253566,29.8735044253566,25.6802416314548,47.5595272205919,40.4460401671535,14.3339687067266,114.126254819806,40.4460401671535,14.3339687067266,114.126254819806,28.0363608857547,28.0363608857547,29.106442381893,51.785637952414,42.1152001073973,13.8370050815814,128.184536294425,42.1152001073973,13.8370050815814,128.184536294425,29.7577691274408,29.7577691274408,29.5826560918783,54.6477441229163,42.1152001073973,13.8370050815814,128.184536294425,42.1152001073973,13.8370050815814,128.184536294425,29.7577691274408,29.7577691274408,29.5826560918783,54.6477441229163
"KER1",138.2,4787,-7.20157389,61.8533643849938,19.9967947886391,191.322595755016,61.8533643849938,19.9967947886391,191.322595755016,27.3759616440093,27.3759616440093,44.9204110754286,78.786317694559,63.3806281459775,20.4707953622992,196.235854693605,63.3806281459775,20.4707953622992,196.235854693605,27.2382719308874,27.2382719308874,46.1168403000716,80.6444159918833,52.3094696703719,16.3739141790899,167.112187548283,52.3094696703719,16.3739141790899,167.112187548283,29.3514246761296,29.3514246761296,36.9558950815898,67.663044259154,62.8921420194798,20.3230664691766,194.627200270072,62.8921420194798,20.3230664691766,194.627200270072,27.2772230929486,27.2772230929486,45.7369121328923,80.0473719060674,48.7156714582254,16.6161970902738,142.825499284365,48.7156714582254,16.6161970902738,142.825499284365,27.6794290250316,27.6794290250316,35.2314517528783,62.1998911635725,38.2404164497378,13.5523015468861,107.902664738549,38.2404164497378,13.5523015468861,107.902664738549,28.4678116479499,28.4678116479499,27.3542067214348,49.1266261780408,48.6468057545282,15.9829728153157,148.064552036971,48.6468057545282,15.9829728153157,148.064552036971,28.6533017839197,28.6533017839197,34.7078896934461,62.5857218156104,48.6468057545282,15.9829728153157,148.064552036971,48.6468057545282,15.9829728153157,148.064552036971,28.6533017839197,28.6533017839197,34.7078896934461,62.5857218156104
"KER1",144,4932,-7.445805103,50.5764054778646,16.3510265212547,156.441113206945,50.5764054778646,16.3510265212547,156.441113206945,28.7803940478098,28.7803940478098,36.0203166861171,65.1324942696121,52.1460205787533,16.8422205246581,161.451838147985,52.1460205787533,16.8422205246581,161.451838147985,28.5823300031926,28.5823300031926,37.2414728934013,67.0505682641053,42.3644141740573,13.2609121504118,135.340885148337,42.3644141740573,13.2609121504118,135.340885148337,31.003530029762,31.003530029762,29.2299503036707,55.498878044444,51.6483762766419,16.6897381833508,159.832032276855,51.6483762766419,16.6897381833508,159.832032276855,28.6392830249368,28.6392830249368,36.8566516169901,66.4401009362937,44.3103922185594,15.113621309362,129.910020793385,44.3103922185594,15.113621309362,129.910020793385,28.3714224633044,28.3714224633044,31.7389036470847,56.881880790034,41.0340932722969,14.5423731579951,115.785559370951,41.0340932722969,14.5423731579951,115.785559370951,27.9274089523376,27.9274089523376,29.5743342342589,52.4938523103349,47.6531117704443,15.6564933335076,145.04008100885,47.6531117704443,15.6564933335076,145.04008100885,28.8063455217767,28.8063455217767,33.9259917419717,61.380231798917,47.6531117704443,15.6564933335076,145.04008100885,47.6531117704443,15.6564933335076,145.04008100885,28.8063455217767,28.8063455217767,33.9259917419717,61.380231798917
"KER1",148.4,5096,-6.473525723,112.705917255335,36.4370979853614,348.617878116137,112.705917255335,36.4370979853614,348.617878116137,23.8993991938812,23.8993991938812,85.7698801753572,139.641954335313,113.383773602176,36.6209060198897,351.053032638985,113.383773602176,36.6209060198897,351.053032638985,23.88949431819,23.88949431819,86.2969634497349,140.470583754617,98.0789357812242,30.7006759460197,313.331135148008,98.0789357812242,30.7006759460197,313.331135148008,25.3280754479884,25.3280754479884,73.2374289279716,122.920442634477,113.132789153283,36.5579088257699,350.102847583534,113.132789153283,36.5579088257699,350.102847583534,23.8902365417147,23.8902365417147,86.1050982183247,140.160480088242,103.214276322761,35.2048674804706,302.605508818941,103.214276322761,35.2048674804706,302.605508818941,23.1974887990732,23.1974887990732,79.2711561337438,127.157396511778,95.2801220201678,33.7670209930539,268.851127081821,95.2801220201678,33.7670209930539,268.851127081821,22.7644786345577,22.7644786345577,73.5900989999061,116.970145040429,103.654363738633,34.0557792464967,315.489099347687,103.654363738633,34.0557792464967,315.489099347687,23.9829204387913,23.9829204387913,78.7950201518616,128.513707325405,103.654363738633,34.0557792464967,315.489099347687,103.654363738633,34.0557792464967,315.489099347687,23.9829204387913,23.9829204387913,78.7950201518616,128.513707325405
"KER1",151.3,5215,-7.283007023,57.8384620660485,18.6988026977213,178.903844713726,57.8384620660485,18.6988026977213,178.903844713726,27.828752683704,27.828752683704,41.7427395016299,73.9341846304671,59.3886606341245,19.1814621319646,183.876129340405,59.3886606341245,19.1814621319646,183.876129340405,27.6721455202324,27.6721455202324,42.9545440409326,75.8227772273164,48.7579484540491,15.2622167375419,155.766202140214,48.7579484540491,15.2622167375419,155.766202140214,29.8823598057699,29.8823598057699,34.1879228630983,63.3279740449999,58.8945608822155,19.0312817634913,182.256210832994,58.8945608822155,19.0312817634913,182.256210832994,27.7167406328928,27.7167406328928,42.5709081956107,75.2182135688203,44.3821950589163,15.138112199281,130.120533677987,44.3821950589163,15.138112199281,130.120533677987,28.3593108731899,28.3593108731899,31.7957103898127,56.9686797280199,40.797712948444,14.4586006019923,115.11856697904,40.797712948444,14.4586006019923,115.11856697904,27.970913834111,27.970913834111,29.3862198133468,52.2092060835411,50.8203447133257,16.697091934807,154.680075240965,50.8203447133257,16.697091934807,154.680075240965,28.3344731832733,28.3344731832733,36.4206677688814,65.2200216577701,50.8203447133257,16.697091934807,154.680075240965,50.8203447133257,16.697091934807,154.680075240965,28.3344731832733,28.3344731832733,36.4206677688814,65.2200216577701
"KER1",157.1,5456,-7.033908207,71.0189616663099,22.959973425277,219.673290675856,71.0189616663099,22.959973425277,219.673290675856,26.488589177838,26.488589177838,52.2070406721548,89.830882660465,72.4649004869228,23.4048508544376,224.362113445555,72.4649004869228,23.4048508544376,224.362113445555,26.3864584211526,26.3864584211526,53.3439796500113,91.5858213238343,60.4574374862514,18.924391685207,193.142364003233,60.4574374862514,18.924391685207,193.142364003233,28.3155790033277,28.3155790033277,43.3385640114444,77.5763109610585,71.9978842820202,23.2655104583713,222.806000769349,71.9978842820202,23.2655104583713,222.806000769349,26.4147922276065,26.4147922276065,52.979792740652,91.0159758233883,66.7172906324091,22.7562839081017,195.602976624168,66.7172906324091,22.7562839081017,195.602976624168,25.6072373908157,25.6072373908157,49.6328356394477,83.8017456253706,45.3753551607133,16.0809047867798,128.035261899785,45.3753551607133,16.0809047867798,128.035261899785,27.1912185187764,27.1912185187764,33.0372431852929,57.7134671361337,62.8815455071738,20.6598155179519,191.390323013047,62.8815455071738,20.6598155179519,191.390323013047,26.8774273338504,26.8774273338504,45.9806038070811,79.7824872072665,62.8815455071738,20.6598155179519,191.390323013047,62.8815455071738,20.6598155179519,191.390323013047,26.8774273338504,26.8774273338504,45.9806038070811,79.7824872072665
"KER1",158.6,5519,-7.142342156,64.9476708701722,20.9971641689065,200.893792967848,64.9476708701722,20.9971641689065,200.893792967848,27.0557646881269,27.0557646881269,47.3755818691193,82.5197598712251,66.4518125032215,21.4627323048022,205.744698403347,66.4518125032215,21.4627323048022,205.744698403347,26.9311375861603,26.9311375861603,48.5555834494816,84.3480415569613,55.0541898028861,17.2330666839539,175.880699032774,55.0541898028861,17.2330666839539,175.880699032774,28.9769414094882,28.9769414094882,39.1011694802354,71.0072101255369,65.9692810559708,21.3174180553276,204.149772347971,65.9692810559708,21.3174180553276,204.149772347971,26.9661897540066,26.9661897540066,48.1798795470637,83.7586825648778,58.465804927616,19.9418238246357,171.411119458954,58.465804927616,19.9418238246357,171.411119458954,26.438199497637,26.438199497637,43.0084987829536,73.9231110722784,49.5991306076288,17.5777995342042,139.953453914731,49.5991306076288,17.5777995342042,139.953453914731,26.5713033519594,26.5713033519594,36.4199951539412,62.7782660613164,53.848652391208,17.6920464552793,163.897227586348,53.848652391208,17.6920464552793,163.897227586348,27.9230472382442,27.9230472382442,38.8124677468531,68.884837035563,53.848652391208,17.6920464552793,163.897227586348,53.848652391208,17.6920464552793,163.897227586348,27.9230472382442,27.9230472382442,38.8124677468531,68.884837035563
"KER1",161.7,5646,-7.285190895,57.7344567697413,18.6651784545154,178.582139282508,57.7344567697413,18.6651784545154,178.582139282508,27.8411019426453,27.8411019426454,41.6605478044451,73.8083657350375,59.2851389900396,19.1480265152215,183.555610928068,59.2851389900396,19.1480265152215,183.555610928068,27.6839715261919,27.6839715261919,42.8726579927738,75.6976199873054,48.6660995083352,15.233466173561,155.472773850098,48.6660995083352,15.233466173561,155.472773850098,29.8968630090191,29.8968630090191,34.1164624064953,63.215736610175,58.7909268732474,18.9977933055521,181.935503088424,58.7909268732474,18.9977933055521,181.935503088424,27.7287227057659,27.7287227057659,42.488953784415,75.0928999620798,49.5244090070851,16.8920455411708,145.196570866637,49.5244090070851,16.8920455411708,145.196570866637,27.562646801028,27.562646801028,35.8741710721657,63.1746469420045,117.135595513671,41.5125424787635,330.520534688073,117.135595513671,41.5125424787635,330.520534688073,21.7775403075329,21.7775403075329,91.6263439862124,142.644847041129,48.4322376387709,15.9124761751357,147.411478696424,48.4322376387709,15.9124761751357,147.411478696424,28.6859451404469,28.6859451404469,34.5389925194222,62.3254827581196,48.4322376387709,15.9124761751357,147.411478696424,48.4322376387709,15.9124761751357,147.411478696424,28.6859451404469,28.6859451404469,34.5389925194222,62.3254827581196
"KER1",169.4,5954,-6.619467784,99.9334905542824,32.3078546008924,309.110668527244,99.9334905542824,32.3078546008924,309.110668527244,24.5236898409475,24.5236898409475,75.4261112835177,124.440869825047,100.905932105034,32.5907891320783,312.419778874391,100.905932105034,32.5907891320783,312.419778874391,24.493125016006,24.493125016006,76.1909160059821,125.620948204086,86.4673221412534,27.0660077603217,276.235707330279,86.4673221412534,27.0660077603217,276.235707330279,26.0436938312046,26.0436938312046,63.948037498744,108.986606783763,100.571202531305,32.4987378120412,311.229526423183,100.571202531305,32.4987378120412,311.229526423183,24.5000552483069,24.5000552483069,75.9312023472487,125.211202715361,76.4871718519558,26.0886463088081,224.246493614943,76.4871718519558,26.0886463088081,224.246493614943,24.8003761165632,24.8003761165632,57.5180655517488,95.456278152163,52.9261555715968,18.7568883034119,149.341292557536,52.9261555715968,18.7568883034119,149.341292557536,26.1366424892688,26.1366424892688,39.0930355065343,66.7592756366593,70.4058961699784,23.1319509486593,214.291921442324,70.4058961699784,23.1319509486593,214.291921442324,26.1633689841209,26.1633689841209,51.9853417684499,88.8264505715069,70.4058961699784,23.1319509486593,214.291921442324,70.4058961699784,23.1319509486593,214.291921442324,26.1633689841209,26.1633689841209,51.9853417684499,88.8264505715069
"KER1",179.6,6389,-6.68559196,94.6332720329323,30.5943280504741,292.716223768157,94.6332720329323,30.5943280504741,292.716223768157,24.8174116043389,24.8174116043389,71.1477433978658,118.118800667999,95.7139175469686,30.9138624330963,296.344529319636,95.7139175469686,30.9138624330963,296.344529319636,24.7767790782178,24.7767790782178,71.9990916492487,119.428743444689,81.6690491107724,25.5640519709776,260.906744761351,81.6690491107724,25.5640519709776,260.906744761351,26.3814141315021,26.3814141315021,60.1235990475997,103.214499173945,95.3485876821111,30.8110937707522,295.067524723946,95.3485876821111,30.8110937707522,295.067524723946,24.786723242994,24.786723242994,71.7147971372427,118.98237822698,79.0537055174044,26.964053091623,231.77110409911,79.0537055174044,26.964053091623,231.77110409911,24.6130768820603,24.6130768820603,59.5961562002881,98.5112548345206,69.2029726013511,24.5253488247731,195.269451663249,69.2029726013511,24.5253488247731,195.269451663249,24.4825551552802,24.4825551552802,52.2603166651318,86.1456285375703,73.9936712521823,24.3107192298839,225.211904822866,73.9936712521823,24.3107192298839,225.211904822866,25.8612331965144,25.8612331965144,54.8579953789932,93.1293471253714,73.9936712521823,24.3107192298839,225.211904822866,73.9936712521823,24.3107192298839,225.211904822866,25.8612331965144,25.8612331965144,54.8579953789932,93.1293471253714
"KER1",181,6444,-5.989945885,167.891949894371,54.2783873130228,519.317323795489,167.891949894371,54.2783873130228,519.317323795489,22.0402855391188,22.0402855391188,130.888084740457,204.895815048285,166.850549295249,53.889706533731,516.594125126679,166.850549295249,53.889706533731,516.594125126679,22.0859342780303,22.0859342780303,130.000046635368,203.70105195513,148.902897821359,46.6095964135853,475.697596324509,148.902897821359,46.6095964135853,475.697596324509,23.214463439057,23.214463439057,114.335889046923,183.469906595794,167.092840029068,53.9946452035684,517.088631358109,167.092840029068,53.9946452035684,517.088631358109,22.0700158995201,22.0700158995201,130.215423667693,203.970256390444,157.058909795939,53.5704778736497,460.468193031042,157.058909795939,53.5704778736497,460.468193031042,21.2715731598855,21.2715731598855,123.650008894577,190.467810697301,131.944123687914,46.7606453477972,372.305635353935,131.944123687914,46.7606453477972,372.305635353935,21.2465416994414,21.2465416994414,103.910560428599,159.97768694723,136.53807446775,44.8597661989444,415.576079836983,136.53807446775,44.8597661989444,415.576079836983,22.6388438707867,22.6388438707867,105.627432964818,167.448715970683,136.53807446775,44.8597661989444,415.576079836983,136.53807446775,44.8597661989444,415.576079836983,22.6388438707867,22.6388438707867,105.627432964818,167.448715970683
"KER1",182.4,6497,-4.766286346,460.259490115653,148.798932198413,1423.65805393717,460.259490115653,148.798932198413,1423.65805393717,18.415412337662,18.415412337662,375.500807187635,545.018173043671,443.478991320838,143.235684851506,1373.07693921973,443.478991320838,143.235684851506,1373.07693921973,18.5434591198343,18.5434591198343,361.242645860205,525.715336781471,428.289506167761,134.063213830817,1368.24931949572,428.289506167761,134.063213830817,1368.24931949572,19.167102341637,19.167102341637,346.198818202095,510.380194133427,448.263345342957,144.852528003875,1387.20414166803,448.263345342957,144.852528003875,1387.20414166803,18.5027720456838,18.5027720456838,365.322200389793,531.204490296121,390.400451707854,133.159836568655,1144.58320632674,390.400451707854,133.159836568655,1144.58320632674,18.0256685052465,18.0256685052465,320.028160440011,460.772742975696,371.840686058674,131.779346898371,1049.21976821767,371.840686058674,131.779346898371,1049.21976821767,17.5271206686121,17.5271206686121,306.667720318175,437.013651799173,287.656393724522,94.5098912403476,875.529532037719,287.656393724522,94.5098912403476,875.529532037719,19.6592733879533,19.6592733879533,231.105236864291,344.207550584753,287.656393724522,94.5098912403476,875.529532037719,287.656393724522,94.5098912403476,875.529532037719,19.6592733879533,19.6592733879533,231.105236864291,344.207550584753
"KER1",183.8,6551,-5.834422006,190.851273960445,61.7009890809313,590.334276887333,190.851273960445,61.7009890809313,590.334276887333,21.5023457209499,21.5023457209499,149.813773220633,231.888774700257,188.923609905974,61.0189054703697,584.935604871455,188.923609905974,61.0189054703697,584.935604871455,21.5623946826547,21.5623946826547,148.187155489329,229.66006432262,170.302008176658,53.3079475663403,544.060976140738,170.302008176658,53.3079475663403,544.060976140738,22.6077150369928,22.6077150369928,131.800615465803,208.803400887512,189.421222277913,61.2098740385459,586.186461136376,189.421222277913,61.2098740385459,586.186461136376,21.5421524700354,21.5421524700354,148.6158137642,230.226630791626,124.419362831695,42.4376097624055,364.774970459305,124.419362831695,42.4376097624055,364.774970459305,22.2989040017575,22.2989040017575,96.675208554257,152.163517109133,93.1280408808966,33.0043291800318,262.778617647565,93.1280408808966,33.0043291800318,262.778617647565,22.8791846955936,22.8791846955936,71.8211044043684,114.434977357425,97.4081250566759,32.0035692092034,296.477644884946,97.4081250566759,32.0035692092034,296.477644884946,24.3084551352256,24.3084551352256,73.7297146792094,121.086535434142,97.4081250566759,32.0035692092034,296.477644884946,97.4081250566759,32.0035692092034,296.477644884946,24.3084551352256,24.3084551352256,73.7297146792094,121.086535434142
"KER1",189.7,6805,-7.240017949,59.9243606225177,19.3731602819589,185.355870893278,59.9243606225177,19.3731602819589,185.355870893278,27.5878711125914,27.5878711125914,43.392505248933,76.4562159961024,61.463668152935,19.8516519917901,190.300661344279,61.463668152935,19.8516519917901,190.300661344279,27.4413928364357,27.4413928364357,44.5971815234049,78.3301547824652,50.6016863226486,15.839343705554,161.656360660819,50.6016863226486,15.839343705554,161.656360660819,29.5997048511123,29.5997048511123,35.6237365214589,65.5796361238382,60.9721784296664,19.7026463912265,188.685644996122,60.9721784296664,19.7026463912265,188.685644996122,27.4829664168618,27.4829664168618,44.2152151082122,77.7291417511207,48.778576548486,16.6376530888562,143.009925582003,48.778576548486,16.6376530888562,143.009925582003,27.6702404767288,27.6702404767288,35.2814271163947,62.2757259805774,49.5094480678857,17.5460162814332,139.700397438959,49.5094480678857,17.5460162814332,139.700397438959,26.5836268544673,26.5836268544673,36.3480411358127,62.6708549999587,50.9996940756234,16.7560174066358,155.225954514533,50.9996940756234,16.7560174066358,155.225954514533,28.3090857626389,28.3090857626389,36.5621469410717,65.4372412101751,50.9996940756234,16.7560174066358,155.225954514533,50.9996940756234,16.7560174066358,155.225954514533,28.3090857626389,28.3090857626389,36.5621469410717,65.4372412101751
"KER1",199,6984,-6.92745937,77.5308496336166,25.0652249126226,239.815627662027,77.5308496336166,25.0652249126226,239.815627662027,25.9544612067235,25.9544612067235,57.4081353422164,97.6535639250168,78.8968819460876,25.4822644124322,244.276485011983,78.8968819460876,25.4822644124322,244.276485011983,25.8727643609331,25.8727643609331,58.4840775920528,99.3096863001224,66.2772896282013,20.7461222458067,211.734948267181,66.2772896282013,20.7461222458067,211.734948267181,27.6950462588595,27.6950462588595,47.9217636065526,84.6328156498499,78.4517166143164,25.3510120688833,242.7781511448,78.4517166143164,25.3510120688833,242.7781511448,25.894991777441,25.894991777441,58.1366510477778,98.7667821808549,68.9040246844277,23.5021466439466,202.014083634147,68.9040246844277,23.5021466439466,202.014083634147,25.412127451519,25.412127451519,51.3940461123948,86.4140032564605,53.3351132847192,18.9018218256565,150.495245132014,53.3351132847192,18.9018218256565,150.495245132014,26.0860514044299,26.0860514044299,39.4220882166564,67.248138352782,69.7310664001331,22.910234729082,212.237966079303,69.7310664001331,22.910234729082,212.237966079303,26.2227335207484,26.2227335207484,51.4456746768501,88.0164581234161,69.7310664001331,22.910234729082,212.237966079303,69.7310664001331,22.910234729082,212.237966079303,26.2227335207484,26.2227335207484,51.4456746768501,88.0164581234161
"KER1",205,7089,-6.810866369,85.350402352751,27.5932360017237,264.002786092991,85.350402352751,27.5932360017237,264.002786092991,25.3936165190919,25.3936165190919,63.6768484817914,107.023956223711,86.5987195131226,27.9698185020716,268.122520021252,86.5987195131226,27.9698185020716,268.122520021252,25.332589235135,25.332589235135,64.6610216159765,108.536417410269,73.2965427642427,22.9432893968999,234.159238819364,73.2965427642427,22.9432893968999,234.159238819364,27.0458566518119,27.0458566518119,53.4728648774916,93.1202206509938,86.1862662134022,27.8503666871865,266.713633153885,86.1862662134022,27.8503666871865,266.713633153885,25.348635917056,25.348635917056,64.3392233804623,108.033309046342,79.8502047470274,27.2357272323154,234.106295152528,79.8502047470274,27.2357272323154,234.106295152528,24.5567441140297,24.5567441140297,60.241594292771,99.4588152012837,57.928693978377,20.529774565717,163.456913533003,57.928693978377,20.529774565717,163.456913533003,25.5551169811883,25.5551169811883,43.1249484665281,72.7324394902258,78.9328741705781,25.9335009264334,240.245181030604,78.9328741705781,25.9335009264334,240.245181030604,25.4787060731676,25.4787060731676,58.8217991655533,99.043949175603,78.9328741705781,25.9335009264334,240.245181030604,78.9328741705781,25.9335009264334,240.245181030604,25.4787060731676,25.4787060731676,58.8217991655533,99.043949175603
"KER1",211,7193,-6.98996101,73.6383286274675,23.8067979128244,227.775422083363,73.6383286274675,23.8067979128244,227.775422083363,26.2654334005011,26.2654334005011,54.2969024645779,92.9797547903571,75.0542108239951,24.2411512129259,232.379003494232,75.0542108239951,24.2411512129259,232.379003494232,26.1719285869611,26.1719285869611,55.4110763656319,94.6973452823584,62.7955065430625,19.6562542393918,200.611754099993,62.7955065430625,19.6562542393918,200.611754099993,28.0560538510235,28.0560538510235,45.1775654113179,80.4134476748072,74.5953630628374,24.1048638691436,230.844207239003,74.5953630628374,24.1048638691436,230.844207239003,26.1976851151609,26.1976851151609,55.0531047371243,94.1376213885506,62.7620026518154,21.4071935093233,184.006790761756,62.7620026518154,21.4071935093233,184.006790761756,25.9853085278342,25.9853085278342,46.4531026244937,79.0709026791371,49.5127886129701,17.547200161697,139.709823427213,49.5127886129701,17.547200161697,139.709823427213,26.5831672165376,26.5831672165376,36.3507212224135,62.6748560035268,64.9127780123569,21.3271796625937,197.572713126808,64.9127780123569,21.3271796625937,197.572713126808,26.6726653501553,26.6726653501553,47.5988099636318,82.2267460610821,64.9127780123569,21.3271796625937,197.572713126808,64.9127780123569,21.3271796625937,197.572713126808,26.6726653501553,26.6726653501553,47.5988099636318,82.2267460610821
"KER1",221.6,7382,-6.965422933,75.1426668686654,24.2931407884471,232.42858687175,75.1426668686654,24.2931407884471,232.42858687175,26.1424617131558,26.1424617131558,55.4985239522804,94.7868097850505,76.5400044479652,24.7210356526454,236.979241614727,76.5400044479652,24.7210356526454,236.979241614727,26.0536558599365,26.0536558599365,56.5985350939122,96.4814738020181,64.1400928139552,20.0771367362841,204.907281362881,64.1400928139552,20.0771367362841,204.907281362881,27.9132062088587,27.9132062088587,46.2365364442426,82.0436491836679,76.086229970183,24.5866249649144,235.45787188509,76.086229970183,24.5866249649144,235.45787188509,26.0780081374373,26.0780081374373,56.2444567270894,95.9280032132766,73.7006507835509,25.138205067153,216.076920027055,73.7006507835509,25.138205067153,216.076920027055,25.0144166789107,25.0144166789107,55.2648629014846,92.1364386656171,56.8103211093618,20.1334262052677,160.301210119139,56.8103211093618,20.1334262052677,160.301210119139,25.6784405479345,25.6784405479345,42.2223165782036,71.3983256405199,64.7160870949847,21.2625565997509,196.974051978995,64.7160870949847,21.2625565997509,196.974051978995,26.6920760974344,26.6920760974344,47.4420198803095,81.99015430966,64.7160870949847,21.2625565997509,196.974051978995,64.7160870949847,21.2625565997509,196.974051978995,26.6920760974344,26.6920760974344,47.4420198803095,81.99015430966
"KER1",224.7,7438,-6.704655687,93.1580860049189,30.117409897831,288.153231554114,93.1580860049189,30.117409897831,288.153231554114,24.9034033075544,24.9034033075545,69.9585521335155,116.357619876322,94.2672814967254,30.4466251807287,291.865528873376,94.2672814967254,30.4466251807287,291.865528873376,24.8597812868283,24.8597812868283,70.8326414916007,117.70192150185,80.3358131830318,25.146722359363,256.647478249825,80.3358131830318,25.146722359363,256.647478249825,26.4804122325695,26.4804122325695,59.0625586817781,101.609067684285,93.8938984637055,30.3410231907345,290.565816231434,93.8938984637055,30.3410231907345,290.565816231434,24.8706202170833,24.8706202170833,70.5419035697835,117.245893357628,91.6799482898873,31.2706782932715,268.788954291566,91.6799482898873,31.2706782932715,268.788954291566,23.8058992987741,23.8058992987741,69.8547121228286,113.505184456946,58.9274325428071,20.8837248478603,166.275045825595,58.9274325428071,20.8837248478603,166.275045825595,25.4479522395704,25.4479522395704,43.9316076533085,73.9232574323057,81.3414274480102,26.724834313289,247.576008955456,81.3414274480102,26.724834313289,247.576008955456,25.3046005775979,25.3046005775979,60.7583041281747,101.924550767846,81.3414274480102,26.724834313289,247.576008955456,81.3414274480102,26.724834313289,247.576008955456,25.3046005775979,25.3046005775979,60.7583041281747,101.924550767846
"KER1",226.2,7465,-5.478104408,255.993211782008,82.7609585054582,791.828969382297,255.993211782008,82.7609585054582,791.828969382297,20.3636385704566,20.3636385704566,203.863679369816,308.1227441942,251.136405979878,81.1125122174047,777.555677716474,251.136405979878,81.1125122174047,777.555677716474,20.4516789669514,20.4516789669514,199.774794459733,302.498017500022,231.647592281885,72.5103469738431,740.040687287728,231.647592281885,72.5103469738431,740.040687287728,21.3304245352855,21.3304245352855,182.236177422392,281.059007141379,252.479175679608,81.5865210606166,781.32678441446,252.479175679608,81.5865210606166,781.32678441446,20.4230258934665,20.4230258934665,200.915288254951,304.043063104265,197.303659777823,67.2973685749552,578.458489329554,197.303659777823,67.2973685749552,578.458489329554,20.3533573982548,20.3533573982548,157.145740743406,237.46157881224,265.526581354174,94.1019118856965,749.234144055172,265.526581354174,94.1019118856965,749.234144055172,18.5845497016209,18.5845497016209,216.179661871393,314.873500836956,123.886689978788,40.7031369768012,377.069510948205,123.886689978788,40.7031369768012,377.069510948205,23.095607986332,23.095607986332,95.2743057140444,152.499074243531,123.886689978788,40.7031369768012,377.069510948205,123.886689978788,40.7031369768012,377.069510948205,23.095607986332,23.095607986332,95.2743057140444,152.499074243531
"KER1",233.8,7601,-4.626853441,516.307759706427,166.918977185601,1597.02453985601,516.307759706427,166.918977185601,1597.02453985601,18.0766476212561,18.0766476212561,422.976625343094,609.638894069759,495.734250135643,160.113187348612,1534.86699519931,495.734250135643,160.113187348612,1534.86699519931,18.2106304759377,18.2106304759377,405.45791770078,586.010582570506,483.081535439002,151.214219005194,1543.29249866435,483.081535439002,151.214219005194,1543.29249866435,18.7937394258175,18.7937394258175,392.292450454358,573.870620423646,501.612450678916,162.091842471459,1552.29928193587,501.612450678916,162.091842471459,1552.29928193587,18.1681568203917,18.1681568203917,410.478714008961,592.746187348872,373.330455164152,127.337512490794,1094.53707730587,373.330455164152,127.337512490794,1094.53707730587,18.1617453873641,18.1617453873641,305.527128443751,441.133781884553,264.047160192833,93.5776089738887,745.059673680635,264.047160192833,93.5776089738887,745.059673680635,18.603171252108,18.603171252108,214.926014795832,313.168305589834,178.889827610736,58.7744910953945,544.480604190319,178.889827610736,58.7744910953945,544.480604190319,21.4596399064558,21.4596399064558,140.500714776193,217.27894044528,178.889827610736,58.7744910953945,544.480604190319,178.889827610736,58.7744910953945,544.480604190319,21.4596399064558,21.4596399064558,140.500714776193,217.27894044528
"KER1",235.3,7628,-5.58887248,233.658875030189,75.5404111155601,722.745204508527,233.658875030189,75.5404111155601,722.745204508527,20.7044923536599,20.7044923536599,185.280991115916,282.036758944463,229.868249133171,74.2432826234746,711.706299781016,229.868249133171,74.2432826234746,711.706299781016,20.7845093983674,20.7845093983674,182.091261288224,277.645236978117,210.519925331841,65.8969630564688,672.544483176655,210.519925331841,65.8969630564688,672.544483176655,21.7117583638363,21.7117583638363,164.812347836063,256.227502827619,230.90326571583,74.6144473126592,714.557569458663,230.90326571583,74.6144473126592,714.557569458663,20.7582679938195,20.7582679938195,182.971747012057,278.834784419603,193.636154893844,66.0464367462934,567.706031229264,193.636154893844,66.0464367462934,567.706031229264,20.4258778186883,20.4258778186883,154.084270482422,233.188039305267,217.617691610489,77.123129203339,614.0500287147,217.617691610489,77.123129203339,614.0500287147,19.2715350440693,19.2715350440693,175.679421909679,259.555961311299,134.783670442982,44.2833544202051,410.236262720728,134.783670442982,44.2833544202051,410.236262720728,22.6985493209713,22.6985493209713,104.189732530866,165.377608355098,134.783670442982,44.2833544202051,410.236262720728,134.783670442982,44.2833544202051,410.236262720728,22.6985493209713,22.6985493209713,104.189732530866,165.377608355098
"KER1",238.4,7681,-6.317146182,128.208897945139,41.4491119081071,396.571138815935,128.208897945139,41.4491119081071,396.571138815935,23.2647996017584,23.2647996017584,98.3813547665798,158.036441123699,128.471374678705,41.4939280012162,397.766490348961,128.471374678705,41.4939280012162,397.766490348961,23.2748643440284,23.2748643440284,98.569836501328,158.372912856082,112.256942906745,35.1386768159711,358.625377294817,112.256942906745,35.1386768159711,358.625377294817,24.6036755870782,24.6036755870782,84.6376088499981,139.876276963493,128.33909601853,41.4716989313349,397.160569527778,128.33909601853,41.4716989313349,397.160569527778,23.2696212777472,23.2696212777472,98.4750744237338,158.203117613326,105.023029829934,35.8218066268125,307.908445533379,105.023029829934,35.8218066268125,307.908445533379,23.1109004224569,23.1109004224569,80.7512619852905,129.294797674577,67.8553078995374,24.0477400506354,191.466757393669,67.8553078995374,24.0477400506354,191.466757393669,24.5967206387919,24.5967206387919,51.1651273768961,84.5454884221786,92.1644975780318,30.2807684179714,280.51780247326,92.1644975780318,30.2807684179714,280.51780247326,24.6058083012879,24.6058083012879,69.4866779821362,114.842317173927,92.1644975780318,30.2807684179714,280.51780247326,92.1644975780318,30.2807684179714,280.51780247326,24.6058083012879,24.6058083012879,69.4866779821362,114.842317173927
"KER1",242.6,7750,-6.636243772,98.5613370651605,31.8642462052407,304.866372846268,98.5613370651605,31.8642462052407,304.866372846268,24.5975481390411,24.5975481390411,74.3176647340751,122.805009396246,99.5626194624408,32.1569234696746,308.260683070971,99.5626194624408,32.1569234696746,308.260683070971,24.5644726272677,24.5644726272677,75.1055870575989,124.019651867283,85.2239256863643,26.6767997073395,272.263449479537,85.2239256863643,26.6767997073395,272.263449479537,26.1285536889804,26.1285536889804,62.9561465075458,107.491704865183,99.2197227282318,32.0620184861022,307.047211719826,99.2197227282318,32.0620184861022,307.047211719826,24.5721545673472,24.5721545673472,74.8392990981573,123.600146358306,89.6991239809587,30.5950483340994,262.981537243852,89.6991239809587,30.5950483340994,262.981537243852,23.9215424197657,23.9215424197657,68.2417099876954,111.156537974222,59.4225736140407,21.0592015222429,167.672181264165,59.4225736140407,21.0592015222429,167.672181264165,25.3958221324458,25.3958221324458,44.3317225124973,74.5134247155842,85.3616139167056,28.0456719314028,259.812107489779,85.3616139167056,28.0456719314028,259.812107489779,25.0300898339438,25.0300898339438,63.9955252696499,106.727702563761,85.3616139167056,28.0456719314028,259.812107489779,85.3616139167056,28.0456719314028,259.812107489779,25.0300898339438,25.0300898339438,63.9955252696499,106.727702563761
"KER3",8.5,65,-7.173560291,63.2979973074176,20.4638353188003,195.791082204855,63.2979973074176,20.4638353188003,195.791082204855,27.223585433345,27.223585433345,46.0660129328364,80.5299816819988,64.8150383634005,20.9340838920189,200.677002142459,64.8150383634005,20.9340838920189,200.677002142459,27.0921445736106,27.0921445736106,47.2552544645469,82.3748222622542,53.5900973200812,16.7747763435095,171.203387274189,53.5900973200812,16.7747763435095,171.203387274189,29.1731140909612,29.1731140909612,37.9561970874368,69.2239975527256,64.3291613034269,20.7874271585628,199.074227052561,64.3291613034269,20.7874271585628,199.074227052561,27.1292307327253,27.1292307327253,46.8771547049932,81.7811679018605,52.3281466706405,17.8483591095265,153.41662038403,52.3281466706405,17.8483591095265,153.41662038403,27.1791149871652,27.1791149871652,38.1058195163747,66.5504738249063,59.1675586117623,20.9688248859319,166.952607555277,59.1675586117623,20.9688248859319,166.952607555277,25.4225897803818,25.4225897803817,44.125632902827,74.2094843206976,45.5157316616653,14.9542542523439,138.534613210285,45.5157316616653,14.9542542523439,138.534613210285,29.1525740917915,29.1525740917915,32.2467242655774,58.7847390577533,45.5157316616653,14.9542542523439,138.534613210285,45.5157316616653,14.9542542523439,138.534613210285,29.1525740917915,29.1525740917915,32.2467242655774,58.7847390577533
"KER3",12.9,144,-7.379288802,53.4263506825092,17.2723954715582,165.256460920585,53.4263506825092,17.2723954715582,165.256460920585,28.3838155558618,28.3838155558618,38.2619138465579,68.5907875184606,54.9919126245574,17.7613921295635,170.263143341866,54.9919126245574,17.7613921295635,170.263143341866,28.203307110118,28.203307110118,39.4823746213258,70.5014506277891,44.8686239024264,14.0447800702577,143.341042068767,44.8686239024264,14.0447800702577,143.341042068767,30.535429100583,30.535429100583,31.1677970622938,58.569450742559,54.4945899798586,17.6094681912434,168.639978494616,54.4945899798586,17.6094681912434,168.639978494616,28.2550287230591,28.2550287230591,39.0971279285363,69.892052031181,44.5150721065025,15.1834346005818,130.510105043768,44.5150721065025,15.1834346005818,130.510105043768,28.3369761257255,28.3369761257255,31.9008467513334,57.1292974616716,53.9214424668701,19.1096153232167,152.149685304004,53.9214424668701,19.1096153232167,152.149685304004,26.0145266193561,26.0145266193561,39.8940344627854,67.9488504709548,39.9448224020138,13.1239245961092,121.578634884984,39.9448224020138,13.1239245961092,121.578634884984,30.1847450969412,30.1847450969412,27.8875795805401,52.0020652234875,39.9448224020138,13.1239245961092,121.578634884984,39.9448224020138,13.1239245961092,121.578634884984,30.1847450969412,30.1847450969412,27.8875795805401,52.0020652234875
"KER3",18.7,258,-7.347591706,54.8403922024762,17.7295459981067,169.630323147732,54.8403922024762,17.7295459981067,169.630323147732,28.1986534223428,28.1986534223428,39.3761400698464,70.304644335106,56.4022004379292,18.2168895595193,174.629604238775,56.4022004379292,18.2168895595193,174.629604238775,28.0262050984613,28.0262050984613,40.5948040631499,72.2095968127084,46.1135094936879,14.4344542528206,147.318057238563,46.1135094936879,14.4344542528206,147.318057238563,30.3173016674923,30.3173016674923,32.1331377110189,60.093881276357,55.905560078598,18.0654113056283,173.006392980823,55.905560078598,18.0654113056283,173.006392980823,28.0755240111647,28.0755240111647,40.2097811351551,71.6013390220409,40.1594489713957,13.6977957846219,117.740209231091,40.1594489713957,13.6977957846219,117.740209231091,29.1271123265718,29.1271123265718,28.462161159765,51.8567367830264,58.3219426586411,20.6691408486355,164.566540060245,58.3219426586411,20.6691408486355,164.566540060245,25.5125947159114,25.5125947159114,43.4425017976957,73.2013835195865,34.3460605983179,11.2844439494365,104.537882762246,34.3460605983179,11.2844439494365,104.537882762246,31.473665506758,31.473665506758,23.536096370855,45.1560248257809,34.3460605983179,11.2844439494365,104.537882762246,34.3460605983179,11.2844439494365,104.537882762246,31.473665506758,31.473665506758,23.536096370855,45.1560248257809
"KER3",21.6,312,-7.418465002,51.7289358009318,16.7236321602076,160.006078432169,51.7289358009318,16.7236321602076,160.006078432169,28.6160552253047,28.6160552253047,36.9261549646748,66.5317166371889,53.2974887691908,17.2141239024276,165.016954984356,53.2974887691908,17.2141239024276,165.016954984356,28.4253144376018,28.4253144376018,38.1475099992028,68.4474675391789,43.3763388728762,13.5776648966846,138.573664052795,43.3763388728762,13.5776648966846,138.573664052795,30.8094008794515,30.8094008794515,30.0123487427024,56.74032900305,52.7998014162843,17.061811528221,163.395254072986,52.7998014162843,17.061811528221,163.395254072986,28.4800855046654,28.4800855046654,37.762372826633,67.8372300059356,45.0984940154047,15.3824312095768,132.220592099332,45.0984940154047,15.3824312095768,132.220592099332,28.2401026525208,28.2401026525208,32.3626330107134,57.8343550200959,56.441208381637,20.0026136395235,159.259687808241,56.441208381637,20.0026136395235,159.259687808241,25.7199422028643,25.7199422028643,41.9245622072818,70.9578545559923,39.2234096280496,12.8869034684924,119.382896489544,39.2234096280496,12.8869034684924,119.382896489544,30.3346729412733,30.3346729412733,27.3251166009648,51.1217026551343,39.2234096280496,12.8869034684924,119.382896489544,39.2234096280496,12.8869034684924,119.382896489544,30.3346729412733,30.3346729412733,27.3251166009648,51.1217026551343
"KER3",28.8,440,-7.444627407,50.6255182269973,16.3669043570956,156.593026991138,50.6255182269973,16.3669043570956,156.593026991138,28.7732761326931,28.7732761326931,36.0588980739365,65.1921383800581,52.1951043502605,16.8580736941757,161.603808807397,52.1951043502605,16.8580736941757,161.603808807397,28.5755306935349,28.5755306935349,37.2800762861292,67.1101324143918,42.4075130727697,13.2744029709684,135.478572478951,42.4075130727697,13.2744029709684,135.478572478951,30.9951173594195,30.9951173594195,29.2632546266536,55.5517715188859,51.6974533258295,16.7055970188226,159.983907032177,51.6974533258295,16.7055970188226,159.983907032177,28.6323887963655,28.6323887963655,36.8952374917584,66.4996691599005,42.9878411615474,14.662518648402,126.032541341854,42.9878411615474,14.662518648402,126.032541341854,28.6000126289049,28.6000126289049,30.6933131604513,55.2823691626435,44.5284432728682,15.7807614736753,125.645537676532,44.5284432728682,15.7807614736753,125.645537676532,27.3261740952051,27.3261740952051,32.3605233422396,56.6963632034967,40.1855901562001,13.203029162386,122.31145113295,40.1855901562001,13.203029162386,122.31145113295,30.1356338842483,30.1356338842483,28.0754078325031,52.2957724798971,40.1855901562001,13.203029162386,122.31145113295,40.1855901562001,13.203029162386,122.31145113295,30.1356338842483,30.1356338842483,28.0754078325031,52.2957724798971
"KER3",30.2,465,-7.392919802,52.8295237523663,17.079445164569,163.410377386944,52.8295237523663,17.079445164569,163.410377386944,28.4641923935052,28.4641923935052,37.7920264709202,67.8670210338123,54.3963282331515,17.569029154407,168.4191254533,54.3963282331515,17.569029154407,168.4191254533,28.2801580659697,28.2801580659696,39.0129606267326,69.7796958395704,44.34366135191,13.8804562527242,141.66395299196,44.34366135191,13.8804562527242,141.66395299196,30.630200616492,30.630200616492,30.7611089191221,57.9262137846979,53.8988200998512,17.4169501677998,166.7962978689,53.8988200998512,17.4169501677998,166.7962978689,28.3329305642279,28.3329305642279,38.6277048260223,69.1699353736802,40.8322465035308,13.9272771006167,119.712729378471,40.8322465035308,13.9272771006167,119.712729378471,28.9966547809513,28.9966547809513,28.9922609455949,52.6722320614667,49.8159775962781,17.6546495283347,140.565329257316,49.8159775962781,17.6546495283347,140.565329257316,26.5416446130589,26.5416446130589,36.5939978621529,63.0379573304033,36.5612048167476,12.0122325323872,111.280038414851,36.5612048167476,12.0122325323872,111.280038414851,30.9270907512419,30.9270907512419,25.2538878233247,47.8685218101705,36.5612048167476,12.0122325323872,111.280038414851,36.5612048167476,12.0122325323872,111.280038414851,30.9270907512419,30.9270907512419,25.2538878233247,47.8685218101705
"KER3",31.6,491,-6.798385032,86.2328817339378,27.878535908467,266.732439485134,86.2328817339378,27.878535908467,266.732439485134,25.3350107574375,25.3350107574375,64.3857718701963,108.079991597679,87.4665178250356,28.2501016450219,270.809352708484,87.4665178250356,28.2501016450219,270.809352708484,25.2760967881207,25.2760967881207,65.3583961223808,109.57463952769,74.0906839267482,23.1918715240537,236.696268304172,74.0906839267482,23.1918715240537,236.696268304172,26.9781594979711,26.9781594979711,54.1023810438525,94.0789868096439,87.0581709969354,28.1321153810861,269.411846022332,87.0581709969354,28.1321153810861,269.411846022332,25.291511308299,25.291511308299,65.0398438344473,109.076498159424,73.998214179175,25.2396995530246,216.949321849233,73.998214179175,25.2396995530246,216.949321849233,24.9909988345373,24.9909988345373,55.5053213360789,92.4911070222711,92.7078920239525,32.8554295462799,261.593087115733,92.7078920239525,32.8554295462799,261.593087115733,22.9020248459503,22.9020248459503,71.4759075584701,113.939876489435,62.3150785644609,20.4737020495396,189.666187731899,62.3150785644609,20.4737020495396,189.666187731899,26.9362874228731,26.9362874228731,45.5297098945485,79.1004472343733,62.3150785644609,20.4737020495396,189.666187731899,62.3150785644609,20.4737020495396,189.666187731899,26.9362874228731,26.9362874228731,45.5297098945485,79.1004472343733
"KER3",38.7,621,-5.978763776,169.446334874703,54.7809099774452,524.125291352251,169.446334874703,54.7809099774452,524.125291352251,22.0007114235461,22.0007114235461,132.166935721144,206.725734028262,168.34772181219,54.3732661498614,521.229593992799,168.34772181219,54.3732661498614,521.229593992799,22.0474452046734,22.0474452046734,131.231350092332,205.464093532049,150.347459130685,47.0617731046202,480.312512169963,150.347459130685,47.0617731046202,480.312512169963,23.1697539163403,23.1697539163403,115.512322830635,185.182595430735,168.6064834003,54.4837663219847,521.772780475799,168.6064834003,54.4837663219847,521.772780475799,22.0312011045837,22.0312011045837,131.460449967013,205.752516833587,127.903292286486,43.625926719487,374.989218748558,127.903292286486,43.625926719487,374.989218748558,22.1719640360703,22.1719640360703,99.5446203197765,156.261964253196,107.975249501515,38.2661402960435,304.672862606941,107.975249501515,38.2661402960435,304.672862606941,22.1563070570867,22.1563070570867,84.0519216763038,131.898577326726,109.025673795476,35.8205303188352,331.837564680255,109.025673795476,35.8205303188352,331.837564680255,23.7246596473502,23.7246596473502,83.159703759269,134.891643831683,109.025673795476,35.8205303188352,331.837564680255,109.025673795476,35.8205303188352,331.837564680255,23.7246596473502,23.7246596473502,83.159703759269,134.891643831683
"KER3",40.1,646,-5.897262279,181.218795317962,58.5868707037844,560.539441379863,181.218795317962,58.5868707037844,560.539441379863,21.716510226767,21.716510226767,141.864397099913,220.573193536012,179.673476241956,58.0312797738571,556.295814785943,179.673476241956,58.0312797738571,556.295814785943,21.7709164766109,21.7709164766109,140.556913798697,218.790038685216,161.308265151529,50.4927254398263,515.328815775754,161.308265151529,50.4927254398263,515.328815775754,22.8490156749415,22.8490156749415,124.45091436208,198.165615940978,180.060898422405,58.1851641498354,557.219827672781,180.060898422405,58.1851641498354,557.219827672781,21.7523688100357,21.7523688100357,140.8933877149,219.228409129911,142.36820839754,48.5596962807184,417.397725166032,142.36820839754,48.5596962807184,417.397725166032,21.6928686571686,21.6928686571686,111.484459940297,173.251956854782,175.919380221069,62.3453589170729,496.390250612386,175.919380221069,62.3453589170729,496.390250612386,20.0644373019735,20.0644373019735,140.622146474592,211.216613967545,118.382547370761,38.8947435928734,360.316747905193,118.382547370761,38.8947435928734,360.316747905193,23.3154700413231,23.3154700413231,90.781100004376,145.983994737146,118.382547370761,38.8947435928734,360.316747905193,118.382547370761,38.8947435928734,360.316747905193,23.3154700413231,23.3154700413231,90.781100004376,145.983994737146
"KER3",45.6,756,-6.600325675,101.522525064433,32.8215792353969,314.025812759886,101.522525064433,32.8215792353969,314.025812759886,24.4399543549287,24.4399543549287,76.7104662787148,126.334583850152,102.460861256256,33.0930030953768,317.234070873442,102.460861256256,33.0930030953768,317.234070873442,24.4122189792053,24.4122189792053,77.4478914383993,127.473831074113,87.9082642539114,27.51705157014,280.839060988691,87.9082642539114,27.51705157014,280.839060988691,25.9475359843938,25.9475359843938,65.0982357533718,110.718292754451,102.135798576142,33.0043238581768,316.071354638636,102.135798576142,33.0043238581768,316.071354638636,24.418301991433,24.418301991433,77.1959708384577,127.075626313826,82.5878466029541,28.1694964954502,242.132563768569,82.5878466029541,28.1694964954502,242.132563768569,24.3691963191141,24.3691963191141,62.4618521285514,102.713841077357,95.9488465070027,34.0040151667258,270.738061399083,95.9488465070027,34.0040151667258,270.738061399083,22.7295923300359,22.7295923300358,74.1400648505891,117.757628163416,74.4042219631774,24.4456062127262,226.461483416344,74.4042219631774,24.4456062127262,226.461483416344,25.8280291324044,25.8280291324044,55.1870778387891,93.6213660875657,74.4042219631774,24.4456062127262,226.461483416344,74.4042219631774,24.4456062127262,226.461483416344,25.8280291324044,25.8280291324044,55.1870778387891,93.6213660875657
"KER3",47,784,-6.470314545,113.004584918777,36.533655319554,349.54170616019,113.004584918777,36.533655319554,349.54170616019,23.886020038095,23.886020038095,86.0122871211122,139.996882716443,113.675014056192,36.7149714135247,351.954756416219,113.675014056192,36.7149714135247,351.954756416219,23.8765469188978,23.8765469188978,86.5333459900018,140.816682122383,98.351239303471,30.7859124152867,314.201058654527,98.351239303471,30.7859124152867,314.201058654527,25.312771534172,25.312771534172,73.4558147975566,123.246663809385,113.426146961955,36.6527049330967,351.010678151008,113.426146961955,36.6527049330967,351.010678151008,23.8771597788256,23.8771597788256,86.3432046208837,140.509089303027,91.3128035761604,31.1454506459595,267.712552684485,91.3128035761604,31.1454506459595,267.712552684485,23.8270599490388,23.8270599490388,69.5556471269206,113.0699600254,86.321240850294,30.5920174128384,243.571926668929,86.321240850294,30.5920174128384,243.571926668929,23.2687074100375,23.2687074100375,66.2354038841254,106.407077816463,82.5980371409165,27.1376951013647,251.400707173143,82.5980371409165,27.1376951013647,251.400707173143,25.2167137197715,25.2167137197715,61.769526576941,103.426547704892,82.5980371409165,27.1376951013647,251.400707173143,82.5980371409165,27.1376951013647,251.400707173143,25.2167137197715,25.2167137197715,61.769526576941,103.426547704892
"KER3",52.2,917,-6.30328396,129.6820123364,41.9253603139153,401.127723117895,129.6820123364,41.9253603139153,401.127723117895,23.2101679910951,23.2101679910951,99.5825994188888,159.781425253911,129.901998358828,41.9559935479444,402.19591411496,129.901998358828,41.9559935479444,402.19591411496,23.2219031820811,23.221903182081,99.7362820683521,160.067714649303,113.608575180661,35.5617648532661,362.943414305673,113.608575180661,35.5617648532661,362.943414305673,24.54145567373,24.54145567373,85.7273770611428,141.489773300179,129.781888794757,41.9379252761686,401.625463067577,129.781888794757,41.9379252761686,401.625463067577,23.216159266486,23.216159266486,99.6515187931125,159.912258796402,113.845732805862,38.8311004973217,333.775007973255,113.845732805862,38.8311004973217,333.775007973255,22.7171741151216,22.7171741151216,87.9831994617186,139.708266150006,104.957409578153,37.1966258801798,296.157448819199,104.957409578153,37.1966258801798,296.157448819199,22.2912734234967,22.2912734234967,81.561066430868,128.353752725439,103.380935081439,33.965943897041,314.656874271167,103.380935081439,33.965943897041,314.656874271167,23.9965776436384,23.9965776436384,78.5730487259023,128.188821436976,103.380935081439,33.965943897041,314.656874271167,103.380935081439,33.965943897041,314.656874271167,23.9965776436384,23.9965776436384,78.5730487259023,128.188821436976
"KER3",55.9,1041,-5.035262422,368.748863538068,119.21413533495,1140.60068446222,368.748863538068,119.21413533495,1140.60068446222,19.1061313583641,19.1061313583641,298.29522128801,439.202505788126,357.727658246312,115.539556826868,1107.57805368898,357.727658246312,115.539556826868,1107.57805368898,19.2211367660133,19.2211367660133,288.968335804932,426.486980687692,339.531261824019,106.28010142824,1084.69484133536,339.531261824019,106.28010142824,1084.69484133536,19.9309273296762,19.9309273296762,271.859532768341,407.202990879697,360.850121396876,116.60568024997,1116.69354214135,360.850121396876,116.60568024997,1116.69354214135,19.1843740182404,19.1843740182404,291.623284462824,430.076958330927,379.232396710566,129.35057771221,1111.84049780448,379.232396710566,129.35057771221,1111.84049780448,18.1137723182006,18.1137723182006,310.539103813559,447.925689607574,289.965712632688,102.763074796035,818.193837324018,289.965712632688,102.763074796035,818.193837324018,18.2959437221154,18.2959437221154,236.913749035981,343.017676229396,343.265694737504,112.780401145028,1044.78558319807,343.265694737504,112.780401145028,1044.78558319807,19.0641651688854,19.0641651688854,277.824955724624,408.706433750383,343.265694737504,112.780401145028,1044.78558319807,343.265694737504,112.780401145028,1044.78558319807,19.0641651688854,19.0641651688854,277.824955724624,408.706433750383
"KER3",58.7,1135,-7.26499969,58.7032209285806,18.9783736747837,181.578685636719,58.7032209285806,18.9783736747837,181.578685636719,27.7273417159856,27.7273417159856,42.4263782634231,74.9800635937381,60.2491781372558,19.4593937055001,186.540419560389,60.2491781372558,19.4593937055001,186.540419560389,27.5750167923075,27.5750167923074,43.6354571486803,76.8628991258314,49.5219359281569,15.5013601548575,158.20690014121,49.5219359281569,15.5013601548575,158.20690014121,29.7633064330594,29.7633064330594,34.7825703862762,64.2613014700376,59.7560785047926,19.3096739337338,184.92227939866,59.7560785047926,19.3096739337338,184.92227939866,27.6183345841433,27.6183345841433,43.2524448089757,76.2597122006096,41.3329996772947,14.0980766232298,121.180846719774,41.3329996772947,14.0980766232298,121.180846719774,28.9016857546688,28.9016857546688,29.3870659975847,53.2789333570046,46.5731737317562,16.5054084920303,131.415136589663,46.5731737317562,16.5054084920303,131.415136589663,27.0067669339178,27.0067669339178,33.9952652482922,59.1510822152202,43.0111488692944,14.1313702404692,130.911503667119,43.0111488692944,14.1313702404692,130.911503667119,29.5912327185678,29.5912327185678,30.2836197124519,55.738678026137,43.0111488692944,14.1313702404692,130.911503667119,43.0111488692944,14.1313702404692,130.911503667119,29.5912327185678,29.5912327185678,30.2836197124519,55.738678026137
"KER3",65.1,1299,-7.229016292,60.4701614170287,19.5496141675613,187.04412222462,60.4701614170287,19.5496141675613,187.04412222462,27.5268939720957,27.5268939720957,43.8246041990081,77.1157186350493,62.0062505632853,20.0268962866854,191.980577213707,62.0062505632853,20.0268962866854,191.980577213707,27.3829563262392,27.3829563262392,45.0271060520024,78.9853950745681,51.0846320326671,15.9905154084757,163.199219240286,51.0846320326671,15.9905154084757,163.199219240286,29.5282257512402,29.5282257512402,36.0002465618708,66.1690175034634,61.515554071329,19.8782336574356,190.367185430839,61.515554071329,19.8782336574356,190.367185430839,27.4237718769382,27.4237718769382,44.6456688539732,78.3854392886848,50.5812589744388,17.2525214789284,148.295062989144,50.5812589744388,17.2525214789284,148.295062989144,27.4143133555799,27.4143133555799,36.7147541399888,64.4477638088889,48.3817593645608,17.1463664141635,136.518407612979,48.3817593645608,17.1463664141635,136.518407612979,26.7415244253544,26.7415244253544,35.4437393666706,61.319779362451,46.8908274200675,15.4060437950304,142.719943250312,46.8908274200675,15.4060437950304,142.719943250312,28.927070156664,28.927070156664,33.3266848752243,60.4549699649107,46.8908274200675,15.4060437950304,142.719943250312,46.8908274200675,15.4060437950304,142.719943250312,28.927070156664,28.927070156664,33.3266848752243,60.4549699649107
"KER3",68.9,1389,-6.151426795,146.971301152281,47.5148761620874,454.606327683745,146.971301152281,47.5148761620874,454.606327683745,22.6280719078486,22.6280719078486,113.714529443642,180.22807286092,146.656822123429,47.3674982718575,454.071341321433,146.656822123429,47.3674982718575,454.071341321433,22.6571254135642,22.6571254135642,113.428602007376,179.885042239482,129.524769725887,40.54385328168,413.790614720003,129.524769725887,40.54385328168,413.790614720003,23.8799030334171,23.8799030334171,98.5943803110882,160.455159140685,146.690048408547,47.4016547766851,453.949770392524,146.690048408547,47.4016547766851,453.949770392524,22.6461872804899,22.6461872804899,113.470345324106,179.909751492988,105.535323249245,35.9965423569898,309.410396778288,105.535323249245,35.9965423569898,309.410396778288,23.0867626577601,23.0867626577601,81.1706336505921,129.900012847898,273.793450607829,97.0316682894078,772.56070020518,273.793450607829,97.0316682894078,772.56070020518,18.4830268122519,18.4830268122519,223.188133721794,324.398767493863,64.7858199173032,21.2854674113892,197.1862952895,64.7858199173032,21.2854674113892,197.1862952895,26.685184431004,26.685184431004,47.4976043872327,82.0740354473736,64.7858199173032,21.2854674113892,197.1862952895,64.7858199173032,21.2854674113892,197.1862952895,26.685184431004,26.685184431004,47.4976043872327,82.0740354473736
"KER3",70.1,1420,-7.018150811,71.947252525695,23.2600838882059,222.544646480009,71.947252525695,23.2600838882059,222.544646480009,26.408141286097,26.408141286097,52.9473204272444,90.9471846241455,73.382868924334,23.7013380395759,227.204280305786,73.382868924334,23.7013380395759,227.204280305786,26.3091348672425,26.3091348672425,54.0764709695792,92.6892668790887,61.2855755572535,19.1836155272469,195.788002842802,61.2855755572535,19.1836155272469,195.788002842802,28.2219751897984,28.2219751897984,43.9895756285603,78.5815754859467,72.9186494074347,23.5630479606001,225.65541776663,72.9186494074347,23.5630479606001,225.65541776663,26.3365352551235,26.3365352551235,53.7144035986858,92.1228952161836,63.6745705572978,21.7184569636053,186.682274088373,63.6745705572978,21.7184569636053,186.682274088373,25.8950031017053,25.8950031017053,47.186038536488,80.1631025781076,49.2355061419003,17.4489319938662,138.927417787017,49.2355061419003,17.4489319938662,138.927417787017,26.6214799527601,26.6214799527601,36.1282857446944,62.3427265391063,48.1868204483136,15.8318440303802,146.664511124687,48.1868204483136,15.8318440303802,146.664511124687,28.7235514727322,28.7235514727322,34.3458542737692,62.027786622858,48.1868204483136,15.8318440303802,146.664511124687,48.1868204483136,15.8318440303802,146.664511124687,28.7235514727322,28.7235514727322,34.3458542737692,62.027786622858
"KER3",77.7,1744,-7.212763848,61.2855674139284,19.8132296806632,189.566306643725,61.2855674139284,19.8132296806632,189.566306643725,27.4373057523672,27.4373057523672,44.4704589004958,78.100675927361,62.8165691664967,20.2886145244157,194.489444170802,62.8165691664967,20.2886145244157,194.489444170802,27.2970836595932,27.2970836595933,45.6694777290319,79.9636606039616,51.8065212265531,16.2164812189109,165.505426569818,51.8065212265531,16.2164812189109,165.505426569818,29.4232610975028,29.4232610975028,36.5633532205312,67.049689232575,62.3271412465032,20.1404912237543,192.878738299087,62.3271412465032,20.1404912237543,192.878738299087,27.3367905267684,27.3367905267684,45.2889012026235,79.3653812903828,57.6672752231442,19.6694571189173,169.069975422124,57.6672752231442,19.6694571189173,169.069975422124,26.5278692986384,26.5278692986384,42.3693758238625,72.965174622426,40.4422516346464,14.3326260609156,114.115564749171,40.4422516346464,14.3326260609156,114.115564749171,28.0370707085325,28.0370707085325,29.103428947718,51.7810743215749,55.2535001793189,18.1536110669484,168.173112820753,55.2535001793189,18.1536110669484,168.173112820753,27.7437972095718,27.7437972095718,39.9240811383783,70.5829192202595,55.2535001793189,18.1536110669484,168.173112820753,55.2535001793189,18.1536110669484,168.173112820753,27.7437972095718,27.7437972095718,39.9240811383783,70.5829192202595
"KER3",81.4,1911,-8.137044511,28.6114047009774,9.24988307602805,88.4997650494225,28.6114047009774,9.24988307602805,88.4997650494225,33.6690522267642,33.6690522267642,18.9782159093945,38.2445934925603,30.0190887261087,9.69562215223765,92.9435650231082,30.0190887261087,9.69562215223765,92.9435650231082,33.2220557228954,33.2220557228954,20.0461303420155,39.992047110202,23.3242623506217,7.30096237691299,74.5136306853087,23.3242623506217,7.30096237691299,74.5136306853087,36.8785558793437,36.8785558793437,14.722611226203,31.9259134750404,29.5771613709629,9.5576108113071,91.5300373738845,29.5771613709629,9.5576108113071,91.5300373738845,33.3529340898455,33.3529340898455,19.7123102332584,39.4420125086675,23.5913662159929,8.04666709787447,69.165600262512,23.5913662159929,8.04666709787447,69.165600262512,34.0292118541908,34.0292118541908,15.5634102270547,31.6193222049312,41.1664417639414,14.5892771102676,116.159006008002,41.1664417639414,14.5892771102676,116.159006008002,27.9032187236689,27.9032187236689,29.6796794777971,52.6532040500857,26.7278958871758,8.78148578821238,81.3507458515322,26.7278958871758,8.78148578821238,81.3507458515322,33.8758726190894,33.8758726190894,17.6735879226733,35.7822038516782,26.7278958871758,8.78148578821238,81.3507458515322,26.7278958871758,8.78148578821238,81.3507458515322,33.8758726190894,33.8758726190894,17.6735879226733,35.7822038516782
"KER3",85.1,2094,-7.342729252,55.0605980469023,17.8007371309745,170.311455923207,55.0605980469023,17.8007371309745,170.311455923207,28.1704623623355,28.1704623623355,39.5497729976229,70.5714230961818,56.621720680014,18.2877906232205,175.309271569128,56.621720680014,18.2877906232205,175.309271569128,27.9992335654429,27.9992335654429,40.7680728580442,72.4753685019838,46.3075116621596,14.4951808263671,147.937832720262,46.3075116621596,14.4951808263671,147.937832720262,30.2841154935073,30.2841154935073,32.2836913482218,60.3313319760974,56.1252168603303,18.1363915462785,173.68614697037,56.1252168603303,18.1363915462785,173.68614697037,28.0481888930941,28.0481888930941,40.3831100186862,71.8673237019745,56.0099213293596,19.104158147906,164.210914871688,56.0099213293596,19.104158147906,164.210914871688,26.7200377519468,26.7200377519468,41.044049205319,70.9757934534002,40.1166376443991,14.2172293316588,113.196782463679,40.1166376443991,14.2172293316588,113.196782463679,28.0984635111685,28.0984635111685,28.8444788539799,51.3887964348183,59.7557737391675,19.632839040873,181.876522683894,59.7557737391675,19.632839040873,181.876522683894,27.2124659341622,27.2124659341622,43.4947541667015,76.0167933116335,59.7557737391675,19.632839040873,181.876522683894,59.7557737391675,19.632839040873,181.876522683894,27.2124659341622,27.2124659341622,43.4947541667015,76.0167933116335
"KER3",89.7,2321,-6.821143123,84.6305788748088,27.3605217020963,261.776254074003,84.6305788748088,27.3605217020963,261.776254074003,25.4420746428998,25.4420746428998,63.0988038267618,106.162353922856,85.8906675301839,27.7411305311158,265.930285736046,85.8906675301839,27.7411305311158,265.930285736046,25.379293307808,25.379293307808,64.0922230936644,107.689111966704,72.6490646495612,22.740615748143,232.090751319569,72.6490646495612,22.740615748143,232.090751319569,27.1018519952706,27.1018519952706,52.9598226722886,92.3383066268337,85.474925090482,27.6205027891038,264.512303595925,85.474925090482,27.6205027891038,264.512303595925,25.3958646519208,25.3958646519208,63.7678288031725,107.182021377791,79.2015867763853,27.0144932081529,232.204665087115,79.2015867763853,27.0144932081529,232.204665087115,24.6025555400504,24.6025555400504,59.7159724011239,98.6872011516467,39.8400467210331,14.1192062464889,112.416328157881,39.8400467210331,14.1192062464889,112.416328157881,28.1512198890142,28.1512198890142,28.6245875647091,51.0555058773571,84.1115006953098,27.6349455676934,256.007182351313,84.1115006953098,27.6349455676934,256.007182351313,25.1134071025686,25.1134071025686,62.9882371056168,105.234764285003,84.1115006953098,27.6349455676934,256.007182351313,84.1115006953098,27.6349455676934,256.007182351313,25.1134071025686,25.1134071025686,62.9882371056168,105.234764285003
"KER3",96.2,2870,-7.706571849,40.795680947029,13.1889812021034,126.187728864635,40.795680947029,13.1889812021034,126.187728864635,30.4481943237142,30.4481943237141,28.3741327365952,53.2172291574628,42.3398042027922,13.6749901802635,131.090333250699,42.3398042027922,13.6749901802635,131.090333250699,30.1719483981171,30.1719483981171,29.565060326862,55.1145480787225,33.8237521039265,10.587513458929,108.056174929632,33.8237521039265,10.587513458929,108.056174929632,32.9859156448056,32.9859156448056,22.6666777670171,44.9808264408358,41.8528986851441,13.5244120265842,129.518763914156,41.8528986851441,13.5244120265842,129.518763914156,30.252168824546,30.252168824546,29.1914891169481,54.5143082533401,41.3148621937646,14.0918901950839,121.127670912823,41.3148621937646,14.0918901950839,121.127670912823,28.9050946445436,28.9050946445436,29.3727621743942,53.256962213135,38.3624754318704,13.5955589244448,108.247077552272,38.3624754318704,13.5955589244448,108.247077552272,28.4429366094198,28.4429366094198,27.4510608629793,49.2738900007616,49.4174077653529,16.23615513221,150.410005962709,49.4174077653529,16.23615513221,150.410005962709,28.5378408998206,28.5378408998206,35.3147465604609,63.5200689702449,49.4174077653529,16.23615513221,150.410005962709,49.4174077653529,16.23615513221,150.410005962709,28.5378408998206,28.5378408998206,35.3147465604609,63.5200689702449
"KER3",98.8,3094,-7.408000639,52.1769818977429,16.8684825809223,161.391958458456,52.1769818977429,16.8684825809223,161.391958458456,28.5536504597653,28.5536504597653,37.2785488662064,67.0754149292795,53.7449087121444,17.3586324433041,166.402233696177,53.7449087121444,17.3586324433041,166.402233696177,28.3656726231941,28.3656726231941,38.499803855223,68.9900135690657,43.7700158538549,13.7008936952453,139.831337317183,43.7700158538549,13.7008936952453,139.831337317183,30.7357401582543,30.7357401582543,30.3169775137873,57.2230541939224,53.2472686222805,17.2064067904943,164.779994466924,53.2472686222805,17.2064067904943,164.779994466924,28.4196203578918,28.4196203578918,38.1145970288815,68.3799402156794,49.5062127825422,16.8858390773316,145.143222841707,49.5062127825422,16.8858390773316,145.143222841707,27.5652425608765,27.5652425608765,35.8597051463308,63.1527204187536,39.6861593034709,14.0646689563467,111.982105312884,39.6861593034709,14.0646689563467,111.982105312884,28.1808173524502,28.1808173524502,28.5022752359573,50.8700433709845,54.8853775987941,18.0326639028752,167.052671218583,54.8853775987941,18.0326639028752,167.052671218583,27.7901013711301,27.7901013711301,39.6326755261617,70.1380796714265,54.8853775987941,18.0326639028752,167.052671218583,54.8853775987941,18.0326639028752,167.052671218583,27.7901013711301,27.7901013711301,39.6326755261617,70.1380796714265
"KER3",104.1,3515,-7.057787463,69.6349779290164,22.5125403864981,215.392402097935,69.6349779290164,22.5125403864981,215.392402097935,26.6114409897978,26.6114409897978,51.1041068691775,88.1658489888553,71.0956216573649,22.9625985837715,220.122622463968,71.0956216573649,22.9625985837715,220.122622463968,26.5045071498488,26.5045071498488,52.2520775319592,89.9391657827706,59.2237300602098,18.5382164927723,189.201059530839,59.2237300602098,18.5382164927723,189.201059530839,28.4586186057963,28.4586186057963,42.3694745982484,76.0779855221713,70.6246399731082,22.8217581155143,218.55633321871,70.6246399731082,22.8217581155143,218.55633321871,26.5342757404008,26.5342757404008,51.8849032619783,89.3643766842381,60.8163079678239,20.743545747136,178.302367392896,60.8163079678239,20.743545747136,178.302367392896,26.1845183656132,26.1845183656132,44.8918506387011,76.7407652969466,40.285677379375,14.2771365626591,113.673760476577,40.285677379375,14.2771365626591,113.673760476577,28.066496505044,28.066496505044,28.9788991456595,51.5924556130906,60.920281507965,20.0154396191275,185.420893551749,60.920281507965,20.0154396191275,185.420893551749,27.0846642182955,27.0846642182955,44.4202278206923,77.4203351952377,60.920281507965,20.0154396191275,185.420893551749,60.920281507965,20.0154396191275,185.420893551749,27.0846642182955,27.0846642182955,44.4202278206923,77.4203351952377
"KER3",106.7,3716,-6.929266041,77.4154956382341,25.0279317080144,239.45881884416,77.4154956382341,25.0279317080144,239.45881884416,25.9633467772933,25.9633467772933,57.315842046319,97.5151492301493,78.7830917672229,25.4455122448706,243.924173688185,78.7830917672229,25.4455122448706,243.924173688185,25.881315972148,25.881315972148,58.3929908543206,99.1731926801252,66.1739858789185,20.7137860983405,211.404925507757,66.1739858789185,20.7137860983405,211.404925507757,27.7053510944569,27.7053510944569,47.8402507579678,84.5077209998691,78.3374952106886,25.3141023834506,242.424679450481,78.3374952106886,25.3141023834506,242.424679450481,25.9036432185245,25.9036432185245,58.0452299449831,98.6297604763941,65.8028589952668,22.4443847624363,192.92202917488,65.8028589952668,22.4443847624363,192.92202917488,25.6916487528217,25.6916487528217,48.8970195928883,82.7086983976452,47.8044593787034,16.9417728396758,134.889445049001,47.8044593787034,16.9417728396758,134.889445049001,26.8245329199762,26.8245329199762,34.9811364354465,60.6277823219604,76.6271130774674,25.1759400486286,233.227218020279,76.6271130774674,25.1759400486286,233.227218020279,25.6527948755349,25.6527948755349,56.9701169406605,96.2841092142743,76.6271130774674,25.1759400486286,233.227218020279,76.6271130774674,25.1759400486286,233.227218020279,25.6527948755349,25.6527948755349,56.9701169406605,96.2841092142743
"KER3",113.3,4273,-6.561067429,104.860939260179,33.9008670680891,324.352075138435,104.860939260179,33.9008670680891,324.352075138435,24.2699990997289,24.2699990997289,79.4111902457662,130.310688274592,105.725207395735,34.1473277962788,327.340972200154,105.725207395735,34.1473277962788,327.340972200154,24.247951012453,24.247951012453,80.089010898603,131.361403892868,90.9390319329447,28.4657426997952,290.521403784087,90.9390319329447,28.4657426997952,290.521403784087,25.7525321308617,25.7525321308617,67.5199285149186,114.358135350971,105.421168311047,34.0659634423018,326.238321334707,105.421168311047,34.0659634423018,326.238321334707,24.2523308462142,24.2523308462142,79.8540777903073,130.988258831786,88.9706590632266,30.3465796938433,260.845810434144,88.9706590632266,30.3465796938433,260.845810434144,23.9650031072432,23.9650031072432,67.6488378541895,110.292480272264,54.7039607834965,19.3869377265127,154.357710723436,54.7039607834965,19.3869377265127,154.357710723436,25.9208682926016,25.9208682926016,40.5242191579699,68.8837024090231,95.796654552146,31.4741184288881,291.572869439298,95.796654552146,31.4741184288881,291.572869439298,24.3973394150382,24.3973394150382,72.4248195928074,119.168489511485,95.796654552146,31.4741184288881,291.572869439298,95.796654552146,31.4741184288881,291.572869439298,24.3973394150382,24.3973394150382,72.4248195928074,119.168489511485
"KER3",119.4,4831,-6.86480411,81.6394645362488,26.3935136789716,252.524247087101,81.6394645362488,26.3935136789716,252.524247087101,25.6500287407879,25.6500287407879,60.6989184188756,102.580010653622,82.9464713202936,26.7902084610425,256.814616224176,82.9464713202936,26.7902084610425,256.814616224176,25.5796516299884,25.5796516299884,61.7290529171943,104.163889723393,69.9614036849166,21.89932390835,223.504525803995,69.9614036849166,21.89932390835,223.504525803995,27.3423573300107,27.3423573300107,50.8323066962955,89.0905006735378,82.5176542572789,26.664885604179,255.360677904302,82.5176542572789,26.664885604179,255.360677904302,25.5984946469029,25.5984946469029,61.3943769494795,103.640931565078,70.655991126565,24.0997165598835,207.150530989538,70.655991126565,24.0997165598835,207.150530989538,25.2622725285163,25.2622725285163,52.8066820904478,88.5053001626821,42.1125181310832,14.9245640502187,118.828541816926,42.1125181310832,14.9245640502187,118.828541816926,27.7337138390654,27.7337138390654,30.433152862184,53.7918833999823,81.5119068370292,26.7808455435846,248.094891006911,81.5119068370292,26.7808455435846,248.094891006911,25.2925619146108,25.2925619146108,60.8954573324937,102.128356341565,81.5119068370292,26.7808455435846,248.094891006911,81.5119068370292,26.7808455435846,248.094891006911,25.2925619146108,25.2925619146108,60.8954573324937,102.128356341565
"KER3",123,5221,-7.380516026,53.3723421905129,17.254934873545,165.08940380115,53.3723421905129,17.254934873545,165.08940380115,28.3910334311213,28.3910334311213,38.2193826762319,68.5253017047939,54.9380250012315,17.7439874028838,170.096299242492,54.9380250012315,17.7439874028838,170.096299242492,28.2102090292622,28.2102090292622,39.4398933118358,70.4361566906272,44.8211070708406,14.0299063480168,143.18924084192,44.8211070708406,14.0299063480168,143.18924084192,30.54393752472,30.54393752472,31.1309761292352,58.511238012446,54.4406830436065,17.5920486184093,168.47315708035,54.4406830436065,17.5920486184093,168.47315708035,28.2620248168058,28.2620248168058,39.0546436913839,69.8267223958292,58.275235712211,19.8768234757188,170.852405137182,58.275235712211,19.8768234757188,170.852405137182,26.4594325268906,26.4594325268906,42.855939039052,73.6945323853699,37.1097944101439,13.1516121130702,104.712397942039,37.1097944101439,13.1516121130702,104.712397942039,28.7042270741673,28.7042270741674,26.4577147558995,47.7618740643882,60.6183987365857,19.9162556325629,184.502063700155,60.6183987365857,19.9162556325629,184.502063700155,27.117444107342,27.117444107342,44.1802383404264,77.0565591327451,60.6183987365857,19.9162556325629,184.502063700155,60.6183987365857,19.9162556325629,184.502063700155,27.117444107342,27.117444107342,44.1802383404264,77.0565591327451
"KER3",129.5,5948,-6.956504709,75.6969916225208,24.472350415269,234.14320420669,75.6969916225208,24.472350415269,234.14320420669,26.0980531702376,26.0980531702376,55.9415505006051,95.4524327444366,77.0872649365053,24.8977908820978,238.67364151025,77.0872649365053,24.8977908820978,238.67364151025,26.0109347335609,26.0109347335609,57.0361467659838,97.1383831070269,64.635876247642,20.2323269044459,206.491152403357,64.635876247642,20.2323269044459,206.491152403357,27.8616487914478,27.8616487914478,46.6272554142492,82.6444970810349,76.6354286130732,24.7640938849709,237.157432288435,76.6354286130732,24.7640938849709,237.157432288435,26.0347826893703,26.0347826893703,56.6835613105921,96.5872959155543,79.7401280468084,27.1981816932489,233.783570263438,79.7401280468084,27.1981816932489,233.783570263438,24.5644804842559,24.5644804842559,60.1523798546295,99.3278762389873,38.5228263710019,13.6523868693834,108.699538462272,38.5228263710019,13.6523868693834,108.699538462272,28.4104434785965,28.4104434785965,27.5783205585105,49.4673321834932,79.7452149765768,26.2003965800671,242.717673842331,79.7452149765768,26.2003965800671,242.717673842331,25.4191297477761,25.4191297477761,59.4746753140378,100.015754639116,79.7452149765768,26.2003965800671,242.717673842331,79.7452149765768,26.2003965800671,242.717673842331,25.4191297477761,25.4191297477761,59.4746753140378,100.015754639116
"KER3",131.9,6135,-7.065592067,69.1885157692912,22.3682020424535,214.011421448712,69.1885157692912,22.3682020424535,214.011421448712,26.6518408656746,26.6518408656746,50.7485026491376,87.6285288894449,70.6537259557215,22.8198742728197,218.754447625156,70.6537259557215,22.8198742728197,218.754447625156,26.5433191049208,26.5433191049208,51.8998820157781,89.407569895665,58.825993825441,18.4137170662811,187.930418236285,58.825993825441,18.4137170662811,187.930418236285,28.5056829898853,28.5056829898853,42.0572425099113,75.5947451409707,70.1815178777584,22.6785669391832,217.185039285534,70.1815178777584,22.6785669391832,217.185039285534,26.5735619958675,26.5735619958675,51.5317887148714,88.8312470406453,70.6053702064409,24.0824505105713,207.002119647263,70.6053702064409,24.0824505105713,207.002119647263,25.266525520781,25.266525520781,52.7658463241886,88.4448940886932,43.9870843688353,15.588905322679,124.117989763923,43.9870843688353,15.588905322679,124.117989763923,27.4145107330752,27.4145107330752,31.9282404033741,56.0459283342965,79.8101806312142,26.2217411324153,242.91540749416,79.8101806312142,26.2217411324153,242.91540749416,25.4144034235614,25.4144034235614,59.5268993525243,100.093461909904,79.8101806312142,26.2217411324153,242.91540749416,79.8101806312142,26.2217411324153,242.91540749416,25.4144034235614,25.4144034235614,59.5268993525243,100.093461909904
"KER3",137.1,6492,-6.965051497,75.1656727766742,24.300578450504,232.499747916613,75.1656727766742,24.300578450504,232.499747916613,26.1406091213755,26.1406091213755,55.5169080626717,94.8144374906768,76.5627196263448,24.7283722439956,237.04957118662,76.5627196263448,24.7283722439956,237.04957118662,26.051873763024,26.051873763024,56.6166965597515,96.5087426929381,64.1606656501168,20.0835764470258,204.973005058355,64.1606656501168,20.0835764470258,204.973005058355,27.9110550810606,27.9110550810606,46.2527469201375,82.068584380096,76.1090248560375,24.593990940464,235.528413365661,76.1090248560375,24.593990940464,235.528413365661,26.0762049720996,26.0762049720996,56.2626795323109,95.955370179764,63.9906866502464,21.8262795009246,187.609069048921,63.9906866502464,21.8262795009246,187.609069048921,25.8641670178661,25.8641670178661,47.4400285791473,80.5413447213454,50.4838908726304,17.8913562111762,142.449974588713,50.4838908726304,17.8913562111762,142.449974588713,26.4515052154765,26.4515052154765,37.1301418454812,63.8376398997797,75.440034533483,24.7859238121282,229.614149286956,75.440034533483,24.7859238121282,229.614149286956,25.7454348361641,25.7454348361641,56.0176696022855,94.8623994646806,75.440034533483,24.7859238121282,229.614149286956,75.440034533483,24.7859238121282,229.614149286956,25.7454348361641,25.7454348361641,56.0176696022855,94.8623994646806
"KER3",141,6775,-7.154751217,64.2868466212114,20.783523940453,198.849755235929,64.2868466212114,20.783523940453,198.849755235929,27.1222242678408,27.1222242678408,46.8508239058836,81.7228693365392,65.7963103505062,21.2510169775751,203.71516621103,65.7963103505062,21.2510169775751,203.71516621103,26.994907399652,26.994907399652,48.0346572989994,83.557963402013,54.4674901710429,17.0494179205227,174.006379535196,54.4674901710429,17.0494179205227,174.006379535196,29.0546023487956,29.0546023487956,38.6421774924771,70.2928028496087,65.3123924658076,21.1051500349985,202.116952617436,65.3123924658076,21.1051500349985,202.116952617436,27.0307625448405,27.0307625448405,47.6579547460208,82.9668301855943,68.1126870246142,23.232233038595,199.694025365787,68.1126870246142,23.232233038595,199.694025365787,25.4816670164704,25.4816670164704,50.7564389210314,85.4689351281971,43.0897643663142,15.2708975082452,121.586029383144,43.0897643663142,15.2708975082452,121.586029383144,27.5646531312803,27.5646531312803,31.2122202836537,54.9673084489747,74.643359301463,24.5241751036875,227.189337225436,74.643359301463,24.5241751036875,227.189337225436,25.8088118189466,25.8088118189466,55.3787951640082,93.9079234389178,74.643359301463,24.5241751036875,227.189337225436,74.643359301463,24.5241751036875,227.189337225436,25.8088118189466,25.8088118189466,55.3787951640082,93.9079234389178
"KER3",148.9,7444,-6.561657997,104.809914581648,33.8843711177738,324.19424744319,104.809914581648,33.8843711177738,324.19424744319,24.2725382500974,24.2725382500974,79.3698879749233,130.249941188373,105.675339016726,34.1312212127437,327.186572279181,105.675339016726,34.1312212127437,327.186572279181,24.2504057420158,24.2504057420157,80.0486405359196,131.302037497533,90.8926743835855,28.4512318561651,290.373306096773,90.8926743835855,28.4512318561651,290.373306096773,25.7554438878663,25.7554438878663,67.4828626345402,114.302486132631,105.370971441446,34.0497427462867,326.082981162167,105.370971441446,34.0497427462867,326.082981162167,24.2548108596939,24.2548108596939,79.8134416173012,130.928501265591,101.937055462234,34.7692262810155,298.860929269062,101.937055462234,34.7692262810155,298.860929269062,23.2599509633047,23.2599509633047,78.2265463482816,125.647564576186,61.6286740741664,21.8410376384276,173.897116566357,61.6286740741664,21.8410376384276,173.897116566357,25.1711856184966,25.1711856184966,46.1160061287397,77.1413420195932,103.919812924813,34.1429929301239,316.297037592154,103.919812924813,34.1429929301239,316.297037592154,23.9697110190549,23.9697110190549,79.0105340751926,128.829091774433,103.919812924813,34.1429929301239,316.297037592154,103.919812924813,34.1429929301239,316.297037592154,23.9697110190549,23.9697110190549,79.0105340751926,128.829091774433
"KER3",152.8,7693,-6.534224002,107.206608502354,34.6592068438504,331.607614633462,107.206608502354,34.6592068438504,331.607614633462,24.1551438360578,24.1551438360578,81.3106980168509,133.102518987857,108.016922850724,34.8875103959153,334.43646421687,108.016922850724,34.8875103959153,334.43646421687,24.1368970318011,24.1368970318011,81.9449894053245,134.088856296123,93.0712994021728,29.133185225365,297.333322992333,93.0712994021728,29.133185225365,297.333322992333,25.6208738811692,25.6208738811692,69.2256191627768,116.916979641569,107.728220453771,34.8114679288546,333.377768092242,107.728220453771,34.8114679288546,333.377768092242,24.1401383135593,24.1401383135593,81.7224790334944,133.733961874047,113.151507604671,38.5943105194207,331.73966579264,113.151507604671,38.5943105194207,331.73966579264,22.7465588074621,22.7465588074621,87.4134333858449,138.889581823498,77.7298737095186,27.54725982384,219.329737532329,77.7298737095186,27.54725982384,219.329737532329,23.82907147687,23.82907147687,59.2075665443966,96.2521808746405,114.702516452537,37.685664533864,349.11596871861,114.702516452537,37.685664533864,349.11596871861,23.4707281946983,23.4707281946983,87.7810005834828,141.624032321591,114.702516452537,37.685664533864,349.11596871861,114.702516452537,37.685664533864,349.11596871861,23.4707281946983,23.4707281946983,87.7810005834828,141.624032321591
"KER3",154.2,7771,-6.405524946,119.202562751236,38.5374216797599,368.71306763953,119.202562751236,38.5374216797599,368.71306763953,23.6192428983477,23.6192428983477,91.0478199139664,147.357305588506,119.713628663039,38.6653346002674,370.651205681608,119.713628663039,38.6653346002674,370.651205681608,23.6182823633028,23.6182823633028,91.4393258180463,147.987931508031,104.009718765252,32.5571300872529,332.27810831712,104.009718765252,32.5571300872529,332.27810831712,25.0078989041071,25.0078989041071,77.9990734459916,130.020364084512,119.510244463446,38.6187298442765,369.838640196228,119.510244463446,38.6187298442765,369.838640196228,23.6163442875461,23.6163442875461,91.2862936720708,147.734195254822,121.139338212016,41.3188417374533,355.158534106325,121.139338212016,41.3188417374533,355.158534106325,22.4230968833659,22.4230968833659,93.9761470408672,148.302529383164,96.9246138849115,34.3498245216635,273.491376085907,96.9246138849115,34.3498245216635,273.491376085907,22.6793107028726,22.6793107028726,74.9427795543928,118.90644821543,121.704102357251,39.9860449071165,370.426446651344,121.704102357251,39.9860449071165,370.426446651344,23.1811038527949,23.1811038527949,93.4917479967049,149.916456717797,121.704102357251,39.9860449071165,370.426446651344,121.704102357251,39.9860449071165,370.426446651344,23.1811038527949,23.1811038527949,93.4917479967049,149.916456717797
"KER3",157,7926,-6.588664698,102.502890924904,33.1385252111663,317.058245079128,102.502890924904,33.1385252111663,317.058245079128,24.3892241205233,24.3892241205233,77.5032311272137,127.502550722595,103.419812711247,33.402727053181,320.203127253671,103.419812711247,33.402727053181,320.203127253671,24.3631941478436,24.3631941478435,78.2234429530696,128.616182469424,88.7978005618986,27.7954942929959,283.680847748681,88.7978005618986,27.7954942929959,283.680847748681,25.8893058611843,25.8893058611843,65.8086663764242,111.786934747373,103.100824360292,33.3161638198318,319.057741499167,103.100824360292,33.3161638198318,319.057741499167,24.3687664745168,24.3687664745168,77.9764252386308,128.225223481953,104.399857541899,35.6092517497221,306.081417587043,104.399857541899,35.6092517497221,306.081417587043,23.1404904031408,23.1404904031408,80.2412185265233,128.558496557275,80.7541313853926,28.6190486740687,227.863260238907,80.7541313853926,28.6190486740687,227.863260238907,23.6219527860267,23.6219527860267,61.6784285967692,99.829834174016,110.391162609501,36.2691634871528,335.993654405455,110.391162609501,36.2691634871528,335.993654405455,23.6618850839946,23.6618850839946,84.2705325699555,136.511792649047,110.391162609501,36.2691634871528,335.993654405455,110.391162609501,36.2691634871528,335.993654405455,23.6618850839946,23.6618850839946,84.2705325699555,136.511792649047
"KER3",160.9,8255,-6.922214391,77.8667106397485,25.1738066152333,240.854500812178,77.8667106397485,25.1738066152333,240.854500812178,25.9286997708561,25.9286997708561,57.6768850165269,98.0565362629702,79.2281602666909,25.5892613120751,245.30217198112,79.2281602666909,25.5892613120751,245.30217198112,25.8479700116651,25.8479700116652,58.7492891601626,99.7070313732192,66.5781071755569,20.8402841773843,212.695965052636,66.5781071755569,20.8402841773843,212.695965052636,27.6651734893759,27.6651734893759,48.1591583194964,84.9970560316173,78.7842592585397,25.4584704260863,243.807243838058,78.7842592585397,25.4584704260863,243.807243838058,25.8699083329061,25.8699083329061,58.4028436075964,99.165674909483,77.852304765739,26.5542730131283,228.248815335332,77.852304765739,26.5542730131283,228.248815335332,24.6996300862746,24.6996300862746,58.6230734749623,97.0815360565156,44.8640271071156,15.8996914890417,126.592451787838,44.8640271071156,15.8996914890417,126.592451787838,27.2722339667517,27.2722339667518,32.6286046675561,57.0994495466751,88.7875217536145,29.1712585136214,270.239421294337,88.7875217536145,29.1712585136214,270.239421294337,24.8105467838383,24.8105467838383,66.7588521307233,110.816191376506,88.7875217536145,29.1712585136214,270.239421294337,88.7875217536145,29.1712585136214,270.239421294337,24.8105467838383,24.8105467838383,66.7588521307233,110.816191376506
"KER3",163.5,8724,-6.824591796,84.3903835191118,27.2828680888318,261.033290463258,84.3903835191118,27.2828680888318,261.033290463258,25.4583776913727,25.4583776913727,62.9059609476184,105.874806090605,85.654359153328,27.6648072038387,265.198639842655,85.654359153328,27.6648072038387,265.198639842655,25.3950048757945,25.3950048757945,63.9024304700099,107.406287836646,72.433068215538,22.673004527919,231.400711125705,72.433068215538,22.673004527919,231.400711125705,27.1206949081578,27.1206949081578,52.7887167721841,92.0774196588919,85.2375313476497,27.543790998727,263.777660474455,85.2375313476497,27.543790998727,263.777660474455,25.4117531337748,25.4117531337748,63.5771803042611,106.897882391038,90.5284143131952,30.8779070362999,265.412865853475,90.5284143131952,30.8779070362999,265.412865853475,23.8726829318249,23.8726829318249,68.9168530009973,112.139975625393,49.7285704911287,17.6236726835118,140.318693356394,49.7285704911287,17.6236726835118,140.318693356394,26.5535759885583,26.5535759885583,36.5238567377431,62.9332842445144,97.2511978975651,31.9520105820922,296.000011273535,97.2511978975651,31.9520105820922,296.000011273535,24.3170176479894,24.3170176479894,73.6026069419331,120.899788853197,97.2511978975651,31.9520105820922,296.000011273535,97.2511978975651,31.9520105820922,296.000011273535,24.3170176479894,24.3170176479894,73.6026069419331,120.899788853197
"KER3",164.9,8976,-6.973937095,74.6172451572392,24.1232753293027,230.803371385161,74.6172451572392,24.1232753293027,230.803371385161,26.1849994631542,26.1849994631542,55.0787199133956,94.1557704010827,76.0211644063568,24.5534597129897,235.372835651381,76.0211644063568,24.5534597129897,235.372835651381,26.094572546319,26.094572546319,56.1837665097835,95.85856230293,63.6703207926464,19.9300886624053,203.406508546322,63.6703207926464,19.9300886624053,203.406508546322,27.962606046137,27.962606046137,45.8664398210871,81.4742017642058,75.5655868430278,24.4183835194789,233.846679915405,75.5655868430278,24.4183835194789,233.846679915405,26.1194092899003,26.1194092899003,55.8283019331823,95.3028717528733,76.6834372848172,26.1555895534933,224.821908211552,76.6834372848172,26.1555895534933,224.821908211552,24.7857308056426,24.7857308056426,57.6768869468887,95.6899876227458,43.5418283733891,15.4311077860393,122.861614628401,43.5418283733891,15.4311077860393,122.861614628401,27.4884206261916,27.4884206261916,31.5728674417775,55.5107893050008,84.1803891204302,27.6575789515079,256.216855600107,84.1803891204302,27.6575789515079,256.216855600107,25.1087691669179,25.1087691669179,63.0437295323681,105.317048708492,84.1803891204302,27.6575789515079,256.216855600107,84.1803891204302,27.6575789515079,256.216855600107,25.1087691669179,25.1087691669179,63.0437295323681,105.317048708492
"KER3",167,9355,-7.150258052,64.5253426453525,20.8606281707577,199.587462535599,64.5253426453525,20.8606281707577,199.587462535599,27.0981224152709,27.0981224152709,47.0401863064419,82.0104989842631,66.032909307296,21.3274341569098,204.44771178313,66.032909307296,21.3274341569098,204.44771178313,26.9717823037932,26.9717823037932,48.2226567600709,83.843161854521,54.679201135787,17.1156877028267,174.682729012056,54.679201135787,17.1156877028267,174.682729012056,29.026434269627,29.026434269627,38.8077787589506,70.5506235126234,65.5494847152328,21.1817644003178,202.850662731763,65.5494847152328,21.1817644003178,202.850662731763,27.0073458646456,27.0073458646456,47.8463086656969,83.2526607647687,71.4605856067341,24.3741518711509,209.509455847017,71.4605856067341,24.3741518711509,209.509455847017,25.1952688956096,25.1952688956096,53.4558989087402,89.4652723047281,49.0168441659208,17.3714387730691,138.310421109792,49.0168441659208,17.3714387730691,138.310421109792,26.651923979676,26.6519239796761,35.9529121215833,62.0807762102583,72.6269503279439,23.8616812501149,221.052064967645,72.6269503279439,23.8616812501149,221.052064967645,25.9737433471025,25.9737433471025,53.7630126489362,91.4908880069517,72.6269503279439,23.8616812501149,221.052064967645,72.6269503279439,23.8616812501149,221.052064967645,25.9737433471025,25.9737433471025,53.7630126489362,91.4908880069517
"KER3",169.6,9823,-7.171592817,63.4007169324593,20.4970439127571,196.108810844087,63.4007169324593,20.4970439127571,196.108810844087,27.2129473482213,27.2129473482213,46.1475132152343,80.6539206496842,64.9169926224448,20.967013271772,200.99266769751,64.9169926224448,20.967013271772,200.99266769751,27.0819405406377,27.0819405406377,47.3362112796642,82.4977739652255,53.6812088669325,16.8032960868422,171.494459808497,53.6812088669325,16.8032960868422,171.494459808497,29.1606722236715,29.1606722236715,38.0274075035418,69.3350102303231,64.4313125795296,20.8204364838535,199.390346304243,64.4313125795296,20.8204364838535,199.390346304243,27.118897141949,27.118897141949,46.9582511938793,81.90437396518,68.7510025415585,23.4499530477387,201.565450508447,68.7510025415585,23.4499530477387,201.565450508447,25.4254824115902,25.4254824115902,51.2707284825626,86.2312766005544,58.6027525903981,20.768659139121,165.358899106896,58.6027525903981,20.768659139121,165.358899106896,25.4824914324591,25.4824914324591,43.6693111823647,73.5361939984316,71.878315371126,23.6157162380688,218.773471382697,71.878315371126,23.6157162380688,218.773471382697,26.036697054927,26.036697054927,53.1635761497609,90.5930545924911,71.878315371126,23.6157162380688,218.773471382697,71.878315371126,23.6157162380688,218.773471382697,26.036697054927,26.036697054927,53.1635761497609,90.5930545924911
"KER3",175.1,10317,-6.905736388,78.9313706905454,25.5180043604511,244.147668880567,78.9313706905454,25.5180043604511,244.147668880567,25.8480974671726,25.8480974671726,58.5291130622779,99.3336283188129,80.2780048772821,25.9283421134853,248.552647094436,80.2780048772821,25.9283421134853,248.552647094436,25.7703825451751,25.7703825451751,59.5900559207722,100.965953833792,67.5320887858646,21.1388995736795,215.743634141693,67.5320887858646,21.1388995736795,215.743634141693,27.5717408956507,27.5717408956507,48.9123162444052,86.1518613273239,79.8381975361684,25.7990417118285,247.068780965682,79.8381975361684,25.7990417118285,247.068780965682,25.7914195729125,25.7914195729125,59.2467930301645,100.429602042172,85.6348612928025,29.2087882696977,251.065857334636,85.6348612928025,29.2087882696977,251.065857334636,24.1707972648287,24.1707972648287,64.9362325817019,106.333490003903,43.5379052074481,15.4297174264985,122.850544663726,43.5379052074481,15.4297174264985,122.850544663726,27.4890769827526,27.4890769827526,31.5697369282948,55.5060734866013,79.5797642132378,26.1460375114355,242.214097239962,79.5797642132378,26.1460375114355,242.214097239962,25.4311918503536,25.4311918503536,59.3416817021103,99.8178467243654,79.5797642132378,26.1460375114355,242.214097239962,79.5797642132378,26.1460375114355,242.214097239962,25.4311918503536,25.4311918503536,59.3416817021103,99.8178467243654
"KER3",177.8,10540,-7.009361801,72.4702869967414,23.4291775678932,224.162477840759,72.4702869967414,23.4291775678932,224.162477840759,26.3634817595555,26.3634817595555,53.364596103258,91.5759778902248,73.8999271337515,23.8683384796947,228.805169451562,73.8999271337515,23.8683384796947,228.805169451562,26.2662026317549,26.2662026317549,54.4892225280811,93.3106317394219,61.7524047664871,19.3297424418658,197.279374306861,61.7524047664871,19.3297424418658,197.279374306861,28.1700341094869,28.1700341094869,44.3567312803393,79.148078252635,73.4373311165261,23.7306555902933,227.26053989525,73.4373311165261,23.7306555902933,227.26053989525,26.2930869409613,26.2930869409613,54.1283897989362,92.746272434116,75.591826794281,25.7832573139158,221.621504549487,75.591826794281,25.7832573139158,221.621504549487,24.8678900491314,24.8678900491314,56.7937344209493,94.3899191676126,49.9555111741846,17.7040998560054,140.959049992455,49.9555111741846,17.7040998560054,140.959049992455,26.5226632314571,26.5226632314571,36.7059791799027,63.2050431684665,71.1864692798391,23.3884092834207,216.66772404747,71.1864692798391,23.3884092834207,216.66772404747,26.095737028356,26.095737028356,52.6098354568009,89.7631031028774,71.1864692798391,23.3884092834207,216.66772404747,71.1864692798391,23.3884092834207,216.66772404747,26.095737028356,26.095737028356,52.6098354568009,89.7631031028774
"KER3",179.1,10648,-7.099528105,67.2802519746317,21.7512726339434,208.108848707363,67.2802519746317,21.7512726339434,208.108848707363,26.8289436863244,26.8289436863244,49.2296710603406,85.3308328889228,68.7639873437645,22.2095229155484,212.903535721746,68.7639873437645,22.2095229155484,212.903535721746,26.7134117010233,26.7134117010233,50.3947803025851,87.1331943849438,57.1273809358259,17.8820171302405,182.503888057905,57.1273809358259,17.8820171302405,182.503888057905,28.7121518555619,28.7121518555619,40.7248805704262,73.5298813012256,68.2868335106547,22.0663156293322,211.321713567504,68.2868335106547,22.0663156293322,211.321713567504,26.745748225256,26.745748225256,50.0230089488953,86.5506580724142,79.028202409818,26.9553543577375,231.696333620427,79.028202409818,26.9553543577375,231.696333620427,24.6148942581347,24.6148942581347,59.5754939525367,98.4809108670994,39.2140153184687,13.8973423879578,110.649860561079,39.2140153184687,13.8973423879578,110.649860561079,28.2727423230773,28.2727423230773,28.127137812946,50.3008928239914,71.4770706004929,23.4838867343255,217.552216948834,71.4770706004929,23.4838867343255,217.552216948834,26.0708358284395,26.0708358284395,52.8424008692606,90.1117403317252,71.4770706004929,23.4838867343255,217.552216948834,71.4770706004929,23.4838867343255,217.552216948834,26.0708358284395,26.0708358284395,52.8424008692606,90.1117403317252
"KER3",184.3,10776,-6.308288371,129.14826006663,41.7528016388507,399.476739848708,129.14826006663,41.7528016388507,399.476739848708,23.2298609701792,23.2298609701792,99.1472988077462,159.149221325513,129.383699566803,41.7885924221047,400.591183940855,129.383699566803,41.7885924221047,400.591183940855,23.2409949076154,23.2409949076154,99.3136405391979,159.453758594408,113.118754495921,35.4084411452335,361.378592359491,113.118754495921,35.4084411452335,361.378592359491,24.5638814002755,24.5638814002755,85.3323978000739,140.905111191768,129.259163765267,41.7690110815123,400.007828403945,129.259163765267,41.7690110815123,400.007828403945,23.2354312686659,23.2354312686659,99.2252396101358,159.293087920398,116.545825677746,39.7520623557603,341.69118978903,116.545825677746,39.7520623557603,341.69118978903,22.6052648827062,22.6052648827062,90.2003330735541,142.891318281937,208.829821912861,74.0087316325508,589.253369949346,208.829821912861,74.0087316325508,589.253369949346,19.4202521691522,19.4202521691522,168.274543892992,249.38509993273,85.5909767887507,28.1210294084639,260.510211103707,85.5909767887507,28.1210294084639,260.510211103707,25.0149952519934,25.0149952519934,64.18039800891,107.001555568591,85.5909767887507,28.1210294084639,260.510211103707,85.5909767887507,28.1210294084639,260.510211103707,25.0149952519934,25.0149952519934,64.18039800891,107.001555568591
"KER3",187,10810,-6.998654833,73.1125994222381,23.6368330429116,226.149255468033,73.1125994222381,23.6368330429116,226.149255468033,26.3092801988348,26.3092801988348,53.8772007795898,92.3479980648864,74.5347439966352,24.0733728328206,230.770656908944,74.5347439966352,24.0733728328206,230.770656908944,26.2140905674387,26.2140905674388,54.9961387011486,94.0733492921217,62.3259138027633,19.5092622840683,199.111554029476,62.3259138027633,19.5092622840683,199.111554029476,28.1070160739782,28.1070160739782,44.8079591919668,79.8438684135598,74.0741883148682,23.9364506349154,229.231370105593,74.0741883148682,23.9364506349154,229.231370105593,26.2403505423294,26.2403505423294,54.6368616396616,93.5115149900748,79.5777193700326,27.1427864887552,233.307417525432,79.5777193700326,27.1427864887552,233.307417525432,24.5759232856575,24.5759232856575,60.0207601051776,99.1346786348877,34.1905079725288,12.1170247895692,96.4750717045542,34.1905079725288,12.1170247895692,96.4750717045542,29.3700975185343,29.3700975185343,24.1487224389148,44.2322935061427,69.3522901317498,22.785787281675,211.085098226408,69.3522901317498,22.785787281675,211.085098226408,26.2564259874393,26.2564259874393,51.1428574027127,87.5617228607868,69.3522901317498,22.785787281675,211.085098226408,69.3522901317498,22.785787281675,211.085098226408,26.2564259874393,26.2564259874393,51.1428574027127,87.5617228607868
"KER3",190.9,10859,-6.060719655,158.379324845733,51.2030168317198,489.893215101553,158.379324845733,51.2030168317198,489.893215101553,22.2940980403123,22.2940980403123,123.070082889041,193.688566802425,157.678641725582,50.9273464493827,488.196534667984,157.678641725582,50.9273464493827,488.196534667984,22.332690917976,22.332690917976,122.464758025345,192.892525425819,140.076469202099,43.8467470551359,447.499952492561,140.076469202099,43.8467470551359,447.499952492561,23.501490355676,23.501490355676,107.156411301996,172.996527102202,157.822887582407,50.9991380751698,488.401662948421,157.822887582407,50.9991380751698,488.401662948421,22.31889035855,22.31889035855,122.598570342192,193.047204822622,159.340700968747,54.3487631915219,467.157990251602,159.340700968747,54.3487631915219,467.157990251602,21.211069777727,21.211069777727,125.542833701947,193.138568235547,159.974034735933,56.6943710266069,451.397402004567,159.974034735933,56.6943710266069,451.397402004567,20.4400834533707,20.4400834533707,127.275208532184,192.672860939681,122.541582769427,40.2612002118389,372.975455988035,122.541582769427,40.2612002118389,372.975455988035,23.1480434283038,23.1480434283038,94.1756039722289,150.907561566624,122.541582769427,40.2612002118389,372.975455988035,122.541582769427,40.2612002118389,372.975455988035,23.1480434283038,23.1480434283038,94.1756039722289,150.907561566624
"KER3",194.5,10907,-5.743736979,205.66154630832,66.4890548530847,636.144877128856,205.66154630832,66.4890548530847,636.144877128856,21.200626020894,21.200626020894,162.060011006706,249.263081609935,203.118351608867,65.6035500395488,628.884637118446,203.118351608867,65.6035500395488,628.884637118446,21.2684216276045,21.2684216276045,159.918284185653,246.318419032081,184.17209777899,57.6495640697383,588.37151932809,184.17209777899,57.6495640697383,588.37151932809,22.2683427344651,22.2683427344651,143.160023824311,225.18417173367,203.793450707259,65.8541387161478,630.663028335808,203.793450707259,65.8541387161478,630.663028335808,21.2458525064403,21.2458525064403,160.49579475221,247.091106662309,187.668882355563,64.0110880870332,550.211072130183,187.668882355563,64.0110880870332,550.211072130183,20.5480182494247,20.5480182494247,149.10664616065,226.231118550475,132.656071148819,47.0129576281406,374.314531577291,132.656071148819,47.0129576281406,374.314531577291,21.2231497067186,21.2231497067186,104.502274573854,160.809867723784,130.492251793378,42.8734031078443,397.174624446615,130.492251793378,42.8734031078443,397.174624446615,22.849322095529,22.849322095529,100.6756568714,160.308846715356,130.492251793378,42.8734031078443,397.174624446615,130.492251793378,42.8734031078443,397.174624446615,22.849322095529,22.849322095529,100.6756568714,160.308846715356
"KER3",198.1,10955,-4.516555875,565.439854704199,182.803067420226,1748.9981639801,565.439854704199,182.803067420226,1748.9981639801,17.8173723883452,17.8173723883452,464.693330159434,666.186379248965,541.397656179856,174.861640748659,1676.24769424616,541.397656179856,174.861640748659,1676.24769424616,17.9556935284497,17.9556935284497,444.185952265991,638.60936009372,531.347444422791,166.322417510291,1697.4867905414,531.347444422791,166.322417510291,1697.4867905414,18.5085407205568,18.5085407205568,433.002786304161,629.692102541422,548.275709635338,177.170681941516,1696.70427681349,548.275709635338,177.170681941516,1696.70427681349,17.9119140918602,17.9119140918602,450.069035538919,646.482383731756,428.954324092308,146.309993858034,1257.61615666547,428.954324092308,146.309993858034,1257.61615666547,17.7455970643037,17.7455970643037,352.83381814898,505.074830035637,302.050263371408,107.045807330735,852.292713537617,302.050263371408,107.045807330735,852.292713537617,18.1651276868383,18.1651276868383,247.182447351561,356.918079391256,259.468015006234,85.2485618729969,789.733566550648,259.468015006234,85.2485618729969,789.733566550648,20.0240257706384,20.0240257706384,207.512072814822,311.423957197647,259.468015006234,85.2485618729969,789.733566550648,259.468015006234,85.2485618729969,789.733566550648,20.0240257706384,20.0240257706384,207.512072814822,311.423957197647
"KER3",202.1,11010,-6.974428762,74.5870161007713,24.1135024698171,230.709867958012,74.5870161007713,24.1135024698171,230.709867958012,26.1874601172276,26.1874601172276,55.0545710067517,94.1194611947908,75.9913106126353,24.5438174781312,235.280403864286,75.9913106126353,24.5438174781312,235.280403864286,26.096939286091,26.0969392860911,56.159904419351,95.8227168059196,63.6432982089477,19.9216300511984,203.320179950304,63.6432982089477,19.9216300511984,203.320179950304,27.9654640774051,27.9654640774051,45.8451545106486,81.4414419072468,75.5356303247132,24.4087033226634,233.75397591293,75.5356303247132,24.4087033226634,233.75397591293,26.1218040958742,26.1218040958742,55.8043609487078,95.2668997007185,76.5086574440001,26.0959747273913,224.309485467858,76.5086574440001,26.0959747273913,224.309485467858,24.7987701883307,24.7987701883307,57.5354513102854,95.4818635777149,99.5770075408341,35.2898257555245,280.975613183216,99.5770075408341,35.2898257555245,280.975613183216,22.5462308478619,22.5462308478619,77.1261455492847,122.027869532383,60.0644429045989,19.7342527062411,182.816008041634,60.0644429045989,19.7342527062411,182.816008041634,27.1782314519554,27.1782314519554,43.7399895916594,76.3888962175383,60.0644429045989,19.7342527062411,182.816008041634,60.0644429045989,19.7342527062411,182.816008041634,27.1782314519554,27.1782314519554,43.7399895916594,76.3888962175383
"KER3",207.5,11085,-7.14469792,64.8216982540243,20.9564380325169,200.504139015227,64.8216982540243,20.9564380325169,200.504139015227,27.0683564654874,27.0683564654874,47.2755299036423,82.3678666044062,66.3268702736368,21.4223782267699,205.357858671286,66.3268702736368,21.4223782267699,205.357858671286,26.943220611136,26.9432206111359,48.4562752913489,84.1974652559247,54.9423255023075,17.1980509120694,175.523328023355,54.9423255023075,17.1980509120694,175.523328023355,28.9916527937459,28.9916527937459,39.0136372558688,70.8710137487462,65.8440698006137,21.2769570917859,203.76229125272,65.8440698006137,21.2769570917859,203.76229125272,26.9784246619887,26.9784246619887,48.0803770350679,83.6077625661596,62.3789723107888,21.2765475088158,182.883815381132,62.3789723107888,21.2765475088158,182.883815381132,26.023794590692,26.023794590692,46.1455966888445,78.6123479327331,61.4248898421188,21.7688170503793,173.322100295325,61.4248898421188,21.7688170503793,173.322100295325,25.1914318221577,25.1914318221577,45.9510805957059,76.8986990885316,57.7731281766103,18.9814382009359,175.842014918895,57.7731281766103,18.9814382009359,175.842014918895,27.4388185282338,27.4388185282338,41.9208643781463,73.6253919750743,57.7731281766103,18.9814382009359,175.842014918895,57.7731281766103,18.9814382009359,175.842014918895,27.4388185282338,27.4388185282338,41.9208643781463,73.6253919750743
"PB1",5.7,-55.5,-6.591150571,102.293106828448,33.0707033623716,316.409348478575,102.293106828448,33.0707033623716,316.409348478575,24.4000210602845,24.4000210602844,77.3335672190873,127.252646437808,103.214634725998,33.3364582787662,319.567865684366,103.214634725998,33.3364582787662,319.567865684366,24.3736286814152,24.3736286814152,78.0574829130044,128.371786538992,88.6074184604342,27.7359008730998,283.072637234481,88.6074184604342,27.7359008730998,283.072637234481,25.9016973591348,25.9016973591348,65.6565930930704,111.558243827798,102.894339537313,33.2494399868134,318.418749699807,102.894339537313,33.2494399868134,318.418749699807,24.379309533564,24.379309533564,77.8094100089954,127.979269065631,79.004168085036,26.9471566040054,231.625869346114,79.004168085036,26.9471566040054,231.625869346114,24.6166077499724,24.6166077499724,59.5560219214138,98.4523142486583,72.5075456941043,25.6964807107341,204.593938047963,72.5075456941043,25.6964807107341,204.593938047963,24.215954843087,24.215954843087,54.9491511709894,90.0659402172193,59.9797867834038,19.7064388248829,182.558343217243,59.9797867834038,19.7064388248829,182.558343217243,27.1875945525803,27.1875945525803,43.6727255392298,76.2868480275778,59.9797867834038,19.7064388248829,182.558343217243,59.9797867834038,19.7064388248829,182.558343217243,27.1875945525803,27.1875945525803,43.6727255392298,76.2868480275778
"PB1",10.4,-2.1,-7.410466072,52.0710727859168,16.8342428464067,161.064364213743,52.0710727859168,16.8342428464067,161.064364213743,28.5683286743498,28.5683286743498,37.1952375681762,66.9469080036575,53.6391582788287,17.3244769679925,166.074814620775,53.6391582788287,17.3244769679925,166.074814620775,28.3797018522575,28.3797018522575,38.4165250832366,68.8617914744207,43.6769439260414,13.6717603133146,139.534001986615,43.6769439260414,13.6717603133146,139.534001986615,30.7530630942586,30.7530630942586,30.2449458028219,57.1089420492608,53.1415038159017,17.172229783302,164.452692716791,53.1415038159017,17.172229783302,164.452692716791,28.4338429839476,28.4338429839476,38.0313320615797,68.2516755702238,50.3189247316927,17.1630431375545,147.525946643663,50.3189247316927,17.1630431375545,147.525946643663,27.4506935222312,27.4506935222312,36.5060309199135,64.1318185434718,63.3795978500992,22.4615603523536,178.837683608182,63.3795978500992,22.4615603523536,178.837683608182,25.0012312784074,25.0012312784074,47.5339180082714,79.225277691927,54.0276989371663,17.7508724363965,164.442185188598,54.0276989371663,17.7508724363965,164.442185188598,27.8998137308848,27.8998137308848,38.9540715706137,69.1013263037189,54.0276989371663,17.7508724363965,164.442185188598,54.0276989371663,17.7508724363965,164.442185188598,27.8998137308848,27.8998137308848,38.9540715706137,69.1013263037189
"PB1",13.2,29.6,-7.397953091,52.6108329981942,17.0087438506335,162.733931033995,52.6108329981942,17.0087438506335,162.733931033995,28.4939869901528,28.4939869901528,37.6199090882777,67.6017569081107,54.1780412487135,17.4985264105971,167.74327647211,54.1780412487135,17.4985264105971,167.74327647211,28.3086415044225,28.3086415044225,38.8409737774971,69.51510871993,44.1513738559778,13.8202664061066,141.049655345934,44.1513738559778,13.8202664061066,141.049655345934,30.6653441797419,30.6653441797419,30.6122031029576,57.690544608998,53.6804806020359,17.3463955963627,166.120620370827,53.6804806020359,17.3463955963627,166.120620370827,28.3618047656452,28.3618047656452,38.4557274964264,68.9052337076454,47.8785751730971,16.3306758926617,140.371285038851,47.8785751730971,16.3306758926617,140.371285038851,27.8034401580338,27.8034401580338,34.5666841763258,61.1904661698684,54.3482379771843,19.2608705131866,153.353970642315,54.3482379771843,19.2608705131866,153.353970642315,25.9631932738238,25.9631932738238,40.2376999102502,68.4587760441183,50.0076832255926,16.4300909207623,152.206606381651,50.0076832255926,16.4300909207623,152.206606381651,28.4512252267654,28.4512252267654,35.7798846403918,64.2354818107933,50.0076832255926,16.4300909207623,152.206606381651,50.0076832255926,16.4300909207623,152.206606381651,28.4512252267654,28.4512252267654,35.7798846403918,64.2354818107933
"PB1",20.1,112.8,-7.67480217,41.8779300524016,13.538865375511,129.535302762226,41.8779300524016,13.538865375511,129.535302762226,30.2347355066253,30.2347355066253,29.2162486654084,54.5396114393947,43.4281421440532,14.0265036305447,134.459989442918,43.4281421440532,14.0265036305447,134.459989442918,29.9688874124855,29.9688874124855,30.4132111195677,56.4430731685387,34.7643748891781,10.881947274788,111.061166803794,34.7643748891781,10.881947274788,111.061166803794,32.7309415198991,32.7309415198991,23.3856676744428,46.1430821039135,42.9390643740815,13.8753973291039,132.880032592234,42.9390643740815,13.8753973291039,132.880032592234,30.0460161411364,30.0460161411364,30.037586161392,55.840542586771,32.9749135496802,11.2472567076505,96.676456479317,32.9749135496802,11.2472567076505,96.676456479317,30.7694693734257,30.7694693734257,22.8287076240977,43.1211194752627,62.5561852002728,22.1697451064962,176.514266989211,62.5561852002728,22.1697451064962,176.514266989211,25.0802770425943,25.0802770425943,46.866920644766,78.2454497557796,42.8324843434321,14.0726697725633,130.367708805845,42.8324843434321,14.0726697725633,130.367708805845,29.6240156978412,29.6240156978412,30.1437824577584,55.5211862291058,42.8324843434321,14.0726697725633,130.367708805845,42.8324843434321,14.0726697725633,130.367708805845,29.6240156978412,29.6240156978412,30.1437824577584,55.5211862291058
"PB1",22.9,145.3,-7.487648381,48.8620171481178,15.796775803305,151.13822906086,48.8620171481178,15.796775803305,151.13822906086,29.0355976265107,29.0355976265107,34.6746384567937,63.0493958394419,50.4317174278591,16.2885316449885,156.144100533822,50.4317174278591,16.2885316449885,156.144100533822,28.8260256573547,28.8260256573547,35.8942576226598,64.9691772330584,40.8612150704645,12.7903806525508,130.538640122628,40.8612150704645,12.7903806525508,130.538640122628,31.3054227626146,31.3054227626146,28.0694389467144,53.6529911942146,49.9345859656202,16.1359412655366,154.52850469179,49.9345859656202,16.1359412655366,154.52850469179,28.8864065637926,28.8864065637926,35.5102784476446,64.3588934835957,42.5633779556004,14.5177405087097,124.788092327758,42.5633779556004,14.5177405087097,124.788092327758,28.6756727858048,28.6756727858048,30.3580429664671,54.7687129447337,65.4545390008984,23.1969139593059,184.69252777917,65.4545390008984,23.1969139593059,184.69252777917,24.8086178102678,24.8086178102678,49.2161725806928,81.692905421104,51.8156859478737,17.0241126229488,157.709559946722,51.8156859478737,17.0241126229488,157.709559946722,28.1952577001978,28.1952577001978,37.2061197657455,66.4252521300019,51.8156859478737,17.0241126229488,157.709559946722,51.8156859478737,17.0241126229488,157.709559946722,28.1952577001978,28.1952577001978,37.2061197657455,66.4252521300019
"PB1",24.3,161.6,-7.684360943,41.549320529777,13.4326280308677,128.51885963931,41.549320529777,13.4326280308677,128.51885963931,30.2986449570868,30.2986449570868,28.9604394203779,54.138201639176,43.0977760281264,13.9198013564966,133.43712679518,43.0977760281264,13.9198013564966,133.43712679518,30.0296957860639,30.0296957860639,30.1556449963209,56.039907059932,34.4786443680511,10.7925078853092,110.148348288604,34.4786443680511,10.7925078853092,110.148348288604,32.8072418835751,32.8072418835751,23.1671521120469,45.7901366240552,42.6093300334311,13.7688464515692,131.859630527795,42.6093300334311,13.7688464515692,131.859630527795,30.1077466776585,30.1077466776585,29.7806208859182,55.438039180944,37.473121963542,12.7815292593888,109.864386428017,37.473121963542,12.7815292593888,109.864386428017,29.6836219063943,29.6836219063943,26.3497421233622,48.5965018037218,65.8232497519572,23.3275840655925,185.732915835856,65.8232497519572,23.3275840655925,185.732915835856,24.7753343797738,24.7753343797738,49.5153195262762,82.1311799776383,42.8792177683483,14.0880241015561,130.509949668694,42.8792177683483,14.0880241015561,130.509949668694,29.6154204198116,29.6154204198116,30.1803571535254,55.5780783831712,42.8792177683483,14.0880241015561,130.509949668694,42.8792177683483,14.0880241015561,130.509949668694,29.6154204198116,29.6154204198116,30.1803571535254,55.5780783831712
"PB1",31,256.4,-7.146573958,64.7215533973023,20.9240618445938,200.194374556494,64.7215533973023,20.9240618445938,200.194374556494,27.0783924492853,27.0783924492852,47.1959971691071,82.2471096254976,66.2275392360115,21.3902961000408,205.050315000038,66.2275392360115,21.3902961000408,205.050315000038,26.9528508161383,26.9528508161383,48.3773293865299,84.0777490854931,54.8534037653703,17.1702166232027,175.239251238142,54.8534037653703,17.1702166232027,175.239251238142,29.0033790517487,29.0033790517487,38.9440631485138,70.7627443822269,65.7445264806048,21.2447905055615,203.454242630796,65.7445264806048,21.2447905055615,203.454242630796,26.9881760066129,26.9881760066129,48.001277959305,83.4877750019047,59.3293073580745,20.23635176899,173.942751725775,59.3293073580745,20.23635176899,173.942751725775,26.3432668560836,26.3432668560836,43.7000295968709,74.9585851192781,64.3507547766552,22.8057357756347,181.577989022806,64.3507547766552,22.8057357756347,181.577989022806,24.9099360711224,24.9099360711224,48.3210229005056,80.3804866528047,65.5691356749147,21.5428268467217,199.570445594034,65.5691356749147,21.5428268467217,199.570445594034,26.6085161063169,26.6085161063169,48.1221616480823,83.0161097017472,65.5691356749147,21.5428268467217,199.570445594034,65.5691356749147,21.5428268467217,199.570445594034,26.6085161063169,26.6085161063169,48.1221616480823,83.0161097017472
"PB1",39.2,472.8,-6.151376614,146.977379466369,47.5168412419287,454.625128905645,146.977379466369,47.5168412419287,454.625128905645,22.6278843806059,22.6278843806059,113.719507975074,180.235250957663,146.662701476285,47.3693971963822,454.089544672623,146.662701476285,47.3693971963822,454.089544672623,22.6569433239712,22.6569433239712,113.433416325398,179.891986627171,129.530381659152,40.5456099294581,413.808543069312,129.530381659152,40.5456099294581,413.808543069312,23.8796903190607,23.8796903190607,98.5989276498495,160.461835668455,146.695984916666,47.4035731093293,453.968141621703,146.695984916666,47.4035731093293,453.968141621703,22.6460035595192,22.6460035595192,113.475206950766,179.916762882566,130.770659162851,44.6039432739474,383.395817559362,130.770659162851,44.6039432739474,383.395817559362,22.0710976550706,22.0710976550706,101.908139274838,159.633179050863,282.696574115394,100.186911502888,797.682569686529,282.696574115394,100.186911502888,797.682569686529,18.3782393392064,18.3782393392064,230.74192112073,334.651227110059,162.34265308379,53.337894868111,494.116557757902,162.34265308379,53.337894868111,494.116557757902,21.8688757829476,21.8688757829476,126.840139938155,197.845166229426,162.34265308379,53.337894868111,494.116557757902,162.34265308379,53.337894868111,494.116557757902,21.8688757829476,21.8688757829476,126.840139938155,197.845166229426
"PB1",44.7,613.7,-5.288866773,299.199239347749,96.7291892630727,925.472295470244,299.199239347749,96.7291892630727,925.472295470244,19.8065736629941,19.8065736629941,239.938121607219,358.460357088279,292.122606495376,94.3503129141492,904.45505255823,292.122606495376,94.3503129141492,904.45505255823,19.9070715608315,19.9070715608315,233.969550174975,350.275662815777,272.763352918826,85.3804054989937,871.39251987269,272.763352918826,85.3804054989937,871.39251987269,20.7090361404377,20.7090361404377,216.276691584997,329.250014252655,294.106272858478,95.0379672305215,910.14677875945,294.106272858478,95.0379672305215,910.14677875945,19.8746727466995,19.8746727466995,235.65361360034,352.558932116615,295.02255283603,100.627841868152,864.952532679075,295.02255283603,100.627841868152,864.952532679075,18.9135401492179,18.9135401492179,239.22334385614,350.82176181592,462.626684069847,163.953662335013,1305.38986299763,462.626684069847,163.953662335013,1305.38986299763,16.9032106812747,16.9032106812747,384.427920993726,540.825447145968,325.931948340582,107.085375682359,992.027475947756,325.931948340582,107.085375682359,992.027475947756,19.2348727722621,19.2348727722621,263.239352753116,388.624543928048,325.931948340582,107.085375682359,992.027475947756,325.931948340582,107.085375682359,992.027475947756,19.2348727722621,19.2348727722621,263.239352753116,388.624543928048
"PB1",47,672.7,-5.399433185,273.140748732949,88.3046468876176,844.869112192297,273.140748732949,88.3046468876176,844.869112192297,20.1282899178478,20.1282899178478,218.1621869442,328.119310521697,267.42650314491,86.3739186636976,827.992242227312,267.42650314491,86.3739186636976,827.992242227312,20.2216926175082,20.2216926175082,213.348337701195,321.504668588624,247.928842777623,77.6067052436818,792.054125839283,247.928842777623,77.6067052436818,792.054125839283,21.0676234291442,21.0676234291442,195.696127808998,300.161557746248,269.016816302586,86.9305204670933,832.504476732938,269.016816302586,86.9305204670933,832.504476732938,20.1914273814022,20.1914273814022,214.698481195089,323.335151410083,264.5566566406,90.2363739778004,775.6320593076,264.5566566406,90.2363739778004,775.6320593076,19.283114688906,19.283114688906,213.541893123458,315.571420157741,406.947946336588,144.221266258655,1148.28163227022,406.947946336588,144.221266258655,1148.28163227022,17.2639527820901,17.2639527820901,336.692645033354,477.203247639822,290.035246356074,95.2914664404458,882.769961163324,290.035246356074,95.2914664404458,882.769961163324,19.6307179962791,19.6307179962791,233.0992450541,346.971247658048,290.035246356074,95.2914664404458,882.769961163324,290.035246356074,95.2914664404458,882.769961163324,19.6307179962791,19.6307179962791,233.0992450541,346.971247658048
"PB1",49.9,747.3,-4.144681844,768.223819957524,248.361818830376,2376.2422111798,768.223819957524,248.361818830376,2376.2422111798,16.9954952716771,16.9954952716771,637.660376960746,898.787262954303,728.680375699601,235.350568333182,2256.10285834543,728.680375699601,235.350568333182,2256.10285834543,17.1463918043221,17.1463918043221,603.737983480942,853.622767918261,732.520522117048,229.29362960757,2340.17105595558,732.520522117048,229.29362960757,2340.17105595558,17.607662719594,17.607662719594,603.540779230869,861.500265003227,740.021658840085,239.131771924371,2290.08488142525,740.021658840085,239.131771924371,2290.08488142525,17.0988272595611,17.0988272595611,613.486633711681,866.55668396849,715.929338123554,244.192938922566,2098.97476744224,715.929338123554,244.192938922566,2098.97476744224,16.362812733527,16.362812733527,598.783161222017,833.07551502509,879.025426472892,311.524265500579,2480.33872784916,879.025426472892,311.524265500579,2480.33872784916,15.3026269306077,15.3026269306077,744.511444834562,1013.53940811122,710.428985742,233.412389368848,2162.30742998326,710.428985742,233.412389368848,2162.30742998326,16.9522449120966,16.9522449120966,589.995324152493,830.862647331508,710.428985742,233.412389368848,2162.30742998326,710.428985742,233.412389368848,2162.30742998326,16.9522449120966,16.9522449120966,589.995324152493,830.862647331508
"PB1",51.2,778.9,-4.140359852,770.965064176675,249.248045451369,2384.7213289258,770.965064176675,249.248045451369,2384.7213289258,16.9863887526759,16.9863887526759,640.005941228308,901.924187125042,731.200664088086,236.164575851943,2263.90604617199,731.200664088086,236.164575851943,2263.90604617199,17.1374145879673,17.1374145879673,605.89177481334,856.509553362832,735.259101047654,230.150859792945,2348.91994824508,735.259101047654,230.150859792945,2348.91994824508,17.5977077941381,17.5977077941381,605.870352915481,864.647849179827,742.605511784532,239.966722260778,2298.08092112654,742.605511784532,239.966722260778,2298.08092112654,17.0898111267488,17.0898111267488,615.69563240373,869.515391165335,691.45008859185,235.84342791994,2027.20605458625,691.45008859185,235.84342791994,2027.20605458625,16.449873243089,16.449873243089,577.707425479264,805.192751704436,848.413431151042,300.675456045304,2393.96111549932,848.413431151042,300.675456045304,2393.96111549932,15.3830635006374,15.3830635006374,717.90145428914,978.925408012943,724.456431039528,238.021125202194,2205.00226620092,724.456431039528,238.021125202194,2205.00226620092,16.9019123745458,16.9019123745458,602.009439873464,846.903422205591,724.456431039528,238.021125202194,2205.00226620092,724.456431039528,238.021125202194,2205.00226620092,16.9019123745458,16.9019123745458,602.009439873464,846.903422205591
"PB1",53.9,844.3,-3.872873506,961.111016405029,310.721008553813,2972.87393007135,961.111016405029,310.721008553813,2972.87393007135,16.4411722266318,16.4411722266318,803.093098908747,1119.12893390131,905.399501013812,292.427646246954,2803.25156310217,905.399501013812,292.427646246954,2803.25156310217,16.5995380387685,16.5995380387685,755.107366440204,1055.69163558742,926.273997369487,289.942357183578,2959.15204158878,926.273997369487,289.942357183578,2959.15204158878,17.0027672438305,17.0027672438305,768.781785556628,1083.76620918235,921.388476554307,297.738932904315,2851.34603139019,921.388476554307,297.738932904315,2851.34603139019,16.5497257285484,16.5497257285484,768.901210790119,1073.87574231849,823.949742348816,281.037105751245,2415.67097021555,823.949742348816,281.037105751245,2415.67097021555,16.0203347960504,16.0203347960504,691.950235073341,955.94924962429,808.703573519404,286.602388464693,2281.91214081115,808.703573519404,286.602388464693,2281.91214081115,15.4931977769328,15.4931977769328,683.40952944492,933.997617593888,899.534909184629,295.543392354946,2737.88240161363,899.534909184629,295.543392354946,2737.88240161363,16.3640426192236,16.3640426192236,752.334633270862,1046.7351850984,899.534909184629,295.543392354946,2737.88240161363,899.534909184629,295.543392354946,2737.88240161363,16.3640426192236,16.3640426192236,752.334633270862,1046.7351850984
"PB1",55.2,876.3,-3.796136018,1023.85741083268,331.006514210174,3166.95881414403,1023.85741083268,331.006514210174,3166.95881414403,16.2911602518616,16.2911602518616,857.059159283367,1190.65566238199,962.640473714849,310.915444061186,2980.4781310625,962.640473714849,310.915444061186,2980.4781310625,16.4514069170364,16.4514069170364,804.272572235932,1121.00837519377,989.722958882853,309.803155947528,3161.85137734923,989.722958882853,309.803155947528,3161.85137734923,16.8394428155612,16.8394428155612,823.059127189295,1156.38679057641,980.210541566524,316.746788237454,3033.37789514649,980.210541566524,316.746788237454,3033.37789514649,16.4010287231521,16.4010287231521,819.445929096834,1140.97515403621,929.290984374062,316.967449864981,2724.51235610084,929.290984374062,316.967449864981,2724.51235610084,15.738314665013,15.738314665013,783.036245099676,1075.54572364845,800.126366482329,283.56264917866,2257.70990712127,800.126366482329,283.56264917866,2257.70990712127,15.5179107206805,15.5179107206805,675.963471278976,924.289261685682,963.780941859493,316.651511948978,2933.42576567656,963.780941859493,316.651511948978,2933.42576567656,16.1997412175002,16.1997412175002,807.65092337467,1119.91096034432,963.780941859493,316.651511948978,2933.42576567656,963.780941859493,316.651511948978,2933.42576567656,16.1997412175002,16.1997412175002,807.65092337467,1119.91096034432
"PB1",56.8,918.8,-3.373473825,1450.50408791677,468.9386401945,4486.64692717712,1450.50408791677,468.9386401945,4486.64692717712,15.5116241275252,15.5116241275252,1225.50734584474,1675.50082998881,1349.29104150544,435.796577011276,4177.60581593492,1349.29104150544,435.796577011276,4177.60581593492,15.6806791563434,15.6806791563434,1137.71304240169,1560.86904060919,1425.60374230934,446.242591963876,4554.35242329114,1425.60374230934,446.242591963876,4554.35242329114,15.9932782148255,15.9932782148254,1197.60296956085,1653.60451505784,1378.32894308667,445.395399604358,4265.40255475917,1378.32894308667,445.395399604358,4265.40255475917,15.6276522033122,15.6276522033122,1162.9284896435,1593.72939652984,1286.01976898768,438.64237736745,3770.37635112419,1286.01976898768,438.64237736745,3770.37635112419,15.0241187389106,15.0241187389106,1092.80663188911,1479.23290608625,823.117636856272,291.710694047973,2322.58418332937,823.117636856272,291.710694047973,2322.58418332937,15.4524247317758,15.4524247317758,695.926003567084,950.309270145459,1253.3070431695,411.775698106494,3814.64606017631,1253.3070431695,411.775698106494,3814.64606017631,15.6032214120982,15.6032214120982,1057.75077025035,1448.86331608866,1253.3070431695,411.775698106494,3814.64606017631,1253.3070431695,411.775698106494,3814.64606017631,15.6032214120982,15.6032214120982,1057.75077025035,1448.86331608866
"PB1",64.9,1274.3,-3.930682385,916.394703087856,296.264512128779,2834.55904257088,916.394703087856,296.264512128779,2834.55904257088,16.5560184673613,16.5560184673613,764.67622681071,1068.113179365,864.537059432268,279.229817445177,2676.73536433315,864.537059432268,279.229817445177,2676.73536433315,16.712903863387,16.712903863387,720.047811826,1009.02630703854,881.17656845824,275.825956552038,2815.08003998655,881.17656845824,275.825956552038,2815.08003998655,17.1279126284548,17.1279126284548,730.249415710296,1032.10372120618,879.418815954432,284.176790247513,2721.46593386848,879.418815954432,284.176790247513,2721.46593386848,16.6635370046334,16.6635370046334,732.876536132157,1025.96109577671,895.199455154844,305.339332019964,2624.56218531693,895.199455154844,305.339332019964,2624.56218531693,15.8248559657081,15.8248559657081,753.535430770786,1036.8634795389,736.986271989299,261.185968176947,2079.54802814183,736.986271989299,261.185968176947,2079.54802814183,15.711104997609,15.711104997609,621.197584979096,852.774958999501,937.491101702398,308.013949954258,2853.40831446659,937.491101702398,308.013949954258,2853.40831446659,16.2652123333918,16.2652123333918,785.006183403848,1089.97602000095,937.491101702398,308.013949954258,2853.40831446659,937.491101702398,308.013949954258,2853.40831446659,16.2652123333918,16.2652123333918,785.006183403848,1089.97602000095
"PB1",67.5,1411.9,-4.46381362,590.559897465689,190.924215641958,1826.69857420664,590.559897465689,190.924215641958,1826.69857420664,17.6960024653253,17.6960024653253,486.054403450938,695.06539148044,564.6965778588,182.386770615681,1748.38462224531,564.6965778588,182.386770615681,1748.38462224531,17.8362932965825,17.8362932965825,463.975639996141,665.41751572146,556.103082010493,174.0714290729,1776.57321174778,556.103082010493,174.0714290729,1776.57321174778,18.3752011000771,18.3752011000771,453.918022367338,658.288141653647,572.099397745816,184.86910628299,1770.4295081089,572.099397745816,184.86910628299,1770.4295081089,17.7919209881153,17.7919209881153,470.311924925396,673.886870566235,558.950667543362,190.649829462063,1638.74182121594,558.950667543362,190.649829462063,1638.74182121594,17.0030416895334,17.0030416895334,463.912052517038,653.989282569685,580.463880141394,205.714850179297,1637.89009813892,580.463880141394,205.714850179297,1637.89009813892,16.3005137583868,16.3005137583868,485.84528549648,675.082474786308,602.786954605304,198.046456688201,1834.68120923965,602.786954605304,198.046456688201,1834.68120923965,17.3873481960081,17.3873481960081,497.978287927966,707.595621282641,602.786954605304,198.046456688201,1834.68120923965,602.786954605304,198.046456688201,1834.68120923965,17.3873481960081,17.3873481960081,497.978287927966,707.595621282641
"PB1",71.4,1620.1,-3.92253426,922.569199839209,298.260687206522,2853.65777321707,922.569199839209,298.260687206522,2853.65777321707,16.5397339212248,16.5397339212248,769.97870894663,1075.15969073179,870.182980315784,281.053347669143,2694.215975405,870.182980315784,281.053347669143,2694.215975405,16.696831366679,16.696831366679,724.889995510916,1015.47596512065,887.397567218258,277.773254057568,2834.95416063952,887.397567218258,277.773254057568,2834.95416063952,17.110162051015,17.110162051015,735.562405430449,1039.23272900607,885.216618693795,286.050301415422,2739.40792278231,885.216618693795,286.050301415422,2739.40792278231,16.6474007008958,16.6474007008958,737.851061108918,1032.58217627867,885.231684561165,301.939472472155,2595.33849262874,885.231684561165,301.939472472155,2595.33849262874,15.8509681339134,15.8509681339134,744.91389233007,1025.54947679226,762.64918799678,270.280837129614,2151.96086459219,762.64918799678,270.280837129614,2151.96086459219,15.6300759343167,15.6300759343167,643.446540800433,881.851835193126,868.209331322112,285.25133203084,2642.53785469893,868.209331322112,285.25133203084,2642.53785469893,16.4497633662225,16.4497633662225,725.390950796162,1011.02771184806,868.209331322112,285.25133203084,2642.53785469893,868.209331322112,285.25133203084,2642.53785469893,16.4497633662225,16.4497633662225,725.390950796162,1011.02771184806
"PB1",78.3,2008.3,-4.7247143,476.301820030095,153.985314255725,1473.27961020508,476.301820030095,153.985314255725,1473.27961020508,18.3130882244375,18.3130882244375,389.076247513382,563.527392546808,458.454628263028,148.072544444592,1419.44373931144,458.454628263028,148.072544444592,1419.44373931144,18.4429599532538,18.4429599532538,373.902024768639,543.007231757416,443.941411308473,138.962574369707,1418.25219897137,443.941411308473,138.962574369707,1418.25219897137,19.0542408586352,19.0542408586352,359.351745526532,528.531077090414,463.546654303427,149.791200688554,1434.50015573792,463.546654303427,149.791200688554,1434.50015573792,18.4017236423572,18.4017236423572,378.246080025117,548.847228581736,439.239121942875,149.817986727745,1287.76931568136,439.239121942875,149.817986727745,1287.76931568136,17.676500498159,17.676500498159,361.597016364534,516.881227521217,555.971408376555,197.034783542942,1568.77989446388,555.971408376555,197.034783542942,1568.77989446388,16.4116920795665,16.4116920795665,464.727092783366,647.215723969745,492.635767734528,161.856137549591,1499.41796045288,492.635767734528,161.856137549591,1499.41796045288,17.9532817435418,17.9532817435418,404.191480383688,581.080055085369,492.635767734528,161.856137549591,1499.41796045288,492.635767734528,161.856137549591,1499.41796045288,17.9532817435418,17.9532817435418,404.191480383688,581.080055085369
"PB1",81,2167.2,-5.210824116,319.075570759441,103.155079339426,986.953046882604,319.075570759441,103.155079339426,986.953046882604,19.5856144288315,19.5856144288315,256.582659733904,381.568481784979,310.915131420298,100.419958219541,962.639505732145,310.915131420298,100.419958219541,962.639505732145,19.6908280465561,19.6908280465561,249.693367521603,372.136895318993,291.776016254243,91.3317508238798,932.131957322962,291.776016254243,91.3317508238798,932.131957322962,20.4631910539544,20.4631910539544,232.06933259852,351.482699909966,313.211719069121,101.211731405097,969.270850328458,313.211719069121,101.211731405097,969.270850328458,19.6570109218246,19.6570109218246,251.643657243269,374.779780894972,290.021730174491,98.9221350089361,850.291029058433,290.021730174491,98.9221350089361,850.291029058433,18.9705679252883,18.9705679252883,235.002960853643,345.04049949534,442.836482054281,156.940067549996,1249.54801472695,442.836482054281,156.940067549996,1249.54801472695,17.0244943521945,17.0244943521945,367.445810177493,518.227153931069,331.645711203244,108.962640080106,1009.41825270244,331.645711203244,108.962640080106,1009.41825270244,19.1772793389519,19.1772793389519,268.045086750145,395.246335656344,331.645711203244,108.962640080106,1009.41825270244,331.645711203244,108.962640080106,1009.41825270244,19.1772793389519,19.1772793389519,268.045086750145,395.246335656344
"PB1",82.3,2244.6,-4.778099506,455.800271403387,147.357295475924,1409.8649594539,455.800271403387,147.357295475924,1409.8649594539,18.4446978370316,18.4446978370316,371.729288602662,539.871254204111,439.313457015179,141.890292689261,1360.17982524913,439.313457015179,141.890292689261,1360.17982524913,18.572217225737,18.572217225737,357.723207476425,520.903706553933,423.943387626039,132.702791473972,1354.36484730688,423.943387626039,132.702791473972,1354.36484730688,19.1994175412181,19.1994175412181,342.548726497331,505.338048754747,444.013094653313,143.4790952585,1374.05123630324,444.013094653313,143.4790952585,1374.05123630324,18.5316888728124,18.5316888728124,361.729969397615,526.296219909011,435.810643808249,148.648583398192,1277.71764058984,435.810643808249,148.648583398192,1277.71764058984,17.6992930551355,17.6992930551355,358.675240795154,512.946046821343,531.166278880957,188.24391184112,1498.78746707288,531.166278880957,188.24391184112,1498.78746707288,16.531062509276,16.531062509276,443.358849290951,618.973708470963,471.090935904604,154.777554359857,1433.84272228192,471.090935904604,154.777554359857,1433.84272228192,18.0837196314007,18.0837196314007,385.900171846674,556.281699962535,471.090935904604,154.777554359857,1433.84272228192,471.090935904604,154.777554359857,1433.84272228192,18.0837196314007,18.0837196314007,385.900171846674,556.281699962535
"PB1",83.6,2322.1,-5.192028418,324.056637319351,104.765426113889,1002.36030230591,324.056637319351,104.765426113889,1002.36030230591,19.5331335458396,19.5331335458396,260.758221587606,387.355053051097,315.61888101808,101.939184176562,977.203014324384,315.61888101808,101.939184176562,977.203014324384,19.6394483648176,19.6394483648176,253.633073850919,377.604688185241,296.549634280152,92.8259891018155,947.382154961296,296.549634280152,92.8259891018155,947.382154961296,20.4048517153137,20.4048517153137,236.039121142982,357.060147417322,317.995534808945,102.757581206597,984.074936087876,317.995534808945,102.757581206597,984.074936087876,19.6053000114345,19.6053000114345,255.651556186685,380.339513431204,304.695095202182,103.92700342149,893.310669833759,304.695095202182,103.92700342149,893.310669833759,18.8068582995536,18.8068582995536,247.391520401818,361.998670002546,462.331401277692,163.849014901423,1304.55666600128,462.331401277692,163.849014901423,1304.55666600128,16.9049694551021,16.9049694551021,384.174419110353,540.488383445031,362.298700661561,119.033720588302,1102.715666219,362.298700661561,119.033720588302,1102.715666219,18.889572267519,18.889572267519,293.862025775813,430.735375547309,362.298700661561,119.033720588302,1102.715666219,362.298700661561,119.033720588302,1102.715666219,18.889572267519,18.889572267519,293.862025775813,430.735375547309
"PB1",84.9,2399.5,-4.759378843,462.88711215548,149.648425499787,1431.78571965627,462.88711215548,149.648425499787,1431.78571965627,18.3983312894032,18.3983312894032,377.723607765163,548.050616545796,445.932977954847,144.028278103989,1380.67484694987,445.932977954847,144.028278103989,1380.67484694987,18.5266846335461,18.5266846335461,363.316381452172,528.549574457522,430.851423773147,134.865145474721,1376.43383480533,430.851423773147,134.865145474721,1376.43383480533,19.1482570425796,19.1482570425796,348.350885677451,513.351961868843,450.767417451375,145.661697834459,1394.95329010035,450.767417451375,145.661697834459,1394.95329010035,18.4859052976079,18.4859052976079,367.43897954884,534.095855353909,440.658231999216,150.302024239353,1291.92988857853,440.658231999216,150.302024239353,1291.92988857853,17.6671353025444,17.6671353025444,362.806545930114,518.509918068317,608.618015207138,215.692600518502,1717.33238666619,608.618015207138,215.692600518502,1717.33238666619,16.1800922166072,16.1800922166072,510.143059099739,707.092971314537,474.040491505825,155.746634780666,1442.82017973322,474.040491505825,155.746634780666,1442.82017973322,18.0654002118268,18.0654002118268,388.403179549187,559.677803462464,474.040491505825,155.746634780666,1442.82017973322,474.040491505825,155.746634780666,1442.82017973322,18.0654002118268,18.0654002118268,388.403179549187,559.677803462464
"PB1",86.1,2462.5,-4.809816707,444.040253417215,143.555357315916,1373.48929598577,444.040253417215,143.555357315916,1373.48929598577,18.523789332598,18.523789332598,361.787172322276,526.293334512154,428.321927801509,138.340227758798,1326.14841545202,428.321927801509,138.340227758798,1326.14841545202,18.6498730754701,18.6498730754701,348.440431912121,508.203423690897,412.491402968802,129.118090364603,1317.77938352948,412.491402968802,129.118090364603,1317.77938352948,19.286722231259,19.286722231259,332.935331850386,492.047474087218,432.799871647825,139.855636601238,1339.3505864369,432.799871647825,139.855636601238,1339.3505864369,18.6097767779988,18.6097767779988,352.2567816387,513.342961656951,419.667406445055,143.142363209235,1230.38860113605,419.667406445055,143.142363209235,1230.38860113605,17.809909818129,17.809909818129,344.92501982111,494.409793069,511.904864766304,181.417718077139,1444.43769521996,511.904864766304,181.417718077139,1444.43769521996,16.628943721519,16.628943721519,426.780492896597,597.02923663601,476.790195030051,156.650053535427,1451.18935452763,476.790195030051,156.650053535427,1451.18935452763,18.0484575307844,18.0484575307844,390.736919169108,562.843470890994,476.790195030051,156.650053535427,1451.18935452763,476.790195030051,156.650053535427,1451.18935452763,18.0484575307844,18.0484575307844,390.736919169108,562.843470890994
"PB1",89.7,2649.3,-4.852525492,428.682732762974,138.590369686891,1325.98596702145,428.682732762974,138.590369686891,1325.98596702145,18.6313677978607,18.6313677978607,348.813276135984,508.552189389965,413.954501454672,133.699809176142,1281.66472585485,413.954501454672,133.699809176142,1281.66472585485,18.7554723146227,18.7554723146227,336.315379539206,491.593623370137,397.55794309924,124.443617619191,1270.07170914103,397.55794309924,124.443617619191,1270.07170914103,19.4055444659004,19.4055444659004,320.409659673398,474.706226525083,418.14679086365,135.120616848488,1294.0048882816,418.14679086365,135.120616848488,1294.0048882816,18.71597164194,18.71597164194,339.886556063927,496.407025663373,426.012341171843,145.306526871346,1248.99079716772,426.012341171843,145.306526871346,1248.99079716772,17.7657685218308,17.7657685218308,350.327974764821,501.696707578865,406.82355322721,144.177181672629,1147.93063326908,406.82355322721,144.177181672629,1147.93063326908,17.2648312112148,17.2648312112148,336.586153435066,477.060953019355,473.243688209347,155.484843996476,1440.39497788647,473.243688209347,155.484843996476,1440.39497788647,18.0703341678667,18.0703341678667,387.726972321581,558.760404097113,473.243688209347,155.484843996476,1440.39497788647,473.243688209347,155.484843996476,1440.39497788647,18.0703341678667,18.0703341678667,387.726972321581,558.760404097113
"PB1",92.4,2722.3,-4.6481058,507.343378306499,164.020850348947,1569.29623864191,507.343378306499,164.020850348947,1569.29623864191,18.1274747878984,18.1274747878984,415.374835315916,599.311921297081,487.388722511984,157.417733024921,1509.02800000466,487.388722511984,157.417733024921,1509.02800000466,18.2605863463843,18.2605863463843,398.388683995143,576.388761028824,474.298186497919,148.464854450888,1515.23248075949,474.298186497919,148.464854450888,1515.23248075949,18.8497050232185,18.8497050232185,384.894377412587,563.701995583251,493.088491504774,159.337396791696,1525.92087827511,493.088491504774,159.337396791696,1525.92087827511,18.2183749349333,18.2183749349333,403.255781361428,582.92120164812,506.40624267842,172.727701050067,1484.69111245417,506.40624267842,172.727701050067,1484.69111245417,17.2725909404758,17.2725909404758,418.936763883544,593.875721473297,380.42888548473,134.822981857726,1073.45301904002,380.42888548473,134.822981857726,1073.45301904002,17.4597599614155,17.4597599614155,314.006915255208,446.850855714251,522.379370361281,171.628437803214,1589.94750562216,522.379370361281,171.628437803214,1589.94750562216,17.7851087162415,17.7851087162415,429.473631431309,615.285109291252,522.379370361281,171.628437803214,1589.94750562216,522.379370361281,171.628437803214,1589.94750562216,17.7851087162415,17.7851087162415,429.473631431309,615.285109291252
"PB1",95.1,2787.1,-4.489526724,578.176857696021,186.920858547389,1788.39580222929,578.176857696021,186.920858547389,1788.39580222929,17.7549659409528,17.7549659409528,475.521753533622,680.831961858421,553.215147652278,178.678476534358,1712.83640608544,553.215147652278,178.678476534358,1712.83640608544,17.8943047340759,17.8943047340759,454.221143296311,652.209152008244,543.893273042057,170.24951373994,1737.56673932282,543.893273042057,170.24951373994,1737.56673932282,18.4399664886632,18.4399664886632,443.599535759008,644.187010325106,560.358178303271,181.075030020074,1734.09491058237,560.358178303271,181.075030020074,1734.09491058237,17.8502189873203,17.8502189873203,460.333016362778,660.383340243764,583.777354964948,199.117846405019,1711.52915885134,583.777354964948,199.117846405019,1711.52915885134,16.8870320237386,16.8870320237386,485.194686084683,682.360023845214,387.451059787317,137.311621692194,1093.26742980889,387.451059787317,137.311621692194,1093.26742980889,17.4061750765661,17.4061750765661,320.010649984726,454.891469589908,598.954532655969,196.787309352976,1823.01660289308,598.954532655969,196.787309352976,1823.01660289308,17.4046891874758,17.4046891874758,494.7083578729,703.200707439039,598.954532655969,196.787309352976,1823.01660289308,598.954532655969,196.787309352976,1823.01660289308,17.4046891874758,17.4046891874758,494.7083578729,703.200707439039
"PB1",99.1,2884.4,-4.779988486,455.091238748348,147.128069779922,1407.67180521911,455.091238748348,147.128069779922,1407.67180521911,18.4493893665858,18.4493893665858,371.129684138447,539.052793358249,438.651006475545,141.676333158862,1358.12877981711,438.651006475545,141.676333158862,1358.12877981711,18.5768240566132,18.5768240566132,357.16358078002,520.13843217107,423.252524412064,132.48653741813,1352.15775815626,423.252524412064,132.48653741813,1352.15775815626,19.2045950018732,19.2045950018732,341.968591263523,504.536457560606,443.337206715237,143.260687758769,1371.95962083491,443.337206715237,143.260687758769,1371.95962083491,18.5363211939578,18.5363211939578,361.15879810618,525.515615324294,474.959454817934,162.001665478661,1392.49484290434,474.959454817934,162.001665478661,1392.49484290434,17.4522599929776,17.4522599929776,392.068295901879,557.850613733989,365.734219001485,129.615231268147,1031.98920095974,365.734219001485,129.615231268147,1031.98920095974,17.5762954035884,17.5762954035884,301.451692277777,430.016745725193,489.101614368866,160.694986754745,1488.66118358335,489.101614368866,160.694986754745,1488.66118358335,17.9741552225057,17.9741552225057,401.189731006425,577.013497731306,489.101614368866,160.694986754745,1488.66118358335,489.101614368866,160.694986754745,1488.66118358335,17.9741552225057,17.9741552225057,401.189731006425,577.013497731306
"PB1",101.8,2950.8,-4.525830327,561.134407385483,181.411144000025,1735.68070962506,561.134407385483,181.411144000025,1735.68070962506,17.8388869857751,17.8388869857751,461.034274613688,661.234540157278,537.401191416933,173.570854987653,1663.87404473454,537.401191416933,173.570854987653,1663.87404473454,17.9768549014214,17.9768549014214,440.793358997401,634.009023836466,527.109647434049,164.995901974207,1683.9483714055,527.109647434049,164.995901974207,1683.9483714055,18.532188119473,18.532188119473,429.42469597568,624.794598892418,544.190198059533,175.850483254533,1684.06117619492,544.190198059533,175.850483254533,1684.06117619492,17.9331817837637,17.9331817837637,446.599580592093,641.780815526973,601.855418452579,205.284007250786,1764.53075703169,601.855418452579,205.284007250786,1764.53075703169,16.8065613662905,16.8065613662905,500.704218214002,703.006618691157,427.250078445879,151.416287702824,1205.56798942446,427.250078445879,151.416287702824,1205.56798942446,17.1251991285315,17.1251991285315,354.082651735215,500.417505156543,589.996684780703,193.844196504075,1795.75191999572,589.996684780703,193.844196504075,1795.75191999572,17.4457961602181,17.4457961602181,487.067065801817,692.926303759589,589.996684780703,193.844196504075,1795.75191999572,589.996684780703,193.844196504075,1795.75191999572,17.4457961602181,17.4457961602181,487.067065801817,692.926303759589
"PB1",103.1,2982.9,-4.363410946,641.505126628396,207.394480487794,1984.28051953261,641.505126628396,207.394480487794,1984.28051953261,17.4694683096397,17.4694683096397,529.437591827335,753.572661429457,611.856524626116,197.618579573888,1894.39883403056,611.856524626116,197.618579573888,1894.39883403056,17.6133311830885,17.6133311830885,504.088208578383,719.62484067385,606.461426701586,189.834601962417,1937.4521729697,606.461426701586,189.834601962417,1937.4521729697,18.1266073823345,18.1266073823345,496.530544958086,716.392308445087,620.349725698426,200.460793744306,1919.745876418,620.349725698426,200.460793744306,1919.745876418,17.5678836922298,17.5678836922298,511.36740740266,729.332043994192,658.696350972708,224.671611060359,1931.17804575762,658.696350972708,224.671611060359,1931.17804575762,16.5728705174228,16.5728705174228,549.531457623012,767.861244322403,451.378770506707,159.967431782808,1273.65171893722,451.378770506707,159.967431782808,1273.65171893722,16.9712780810445,16.9712780810445,374.774024165214,527.9835168482,649.510645187982,213.397587452725,1976.89244404399,649.510645187982,213.397587452725,1976.89244404399,17.1869134361807,17.1869134361807,537.879812840745,761.141477535219,649.510645187982,213.397587452725,1976.89244404399,649.510645187982,213.397587452725,1976.89244404399,17.1869134361807,17.1869134361807,537.879812840745,761.141477535219
"PB1",104.4,3015,-4.726415562,475.634473623082,153.769565455532,1471.21539836911,475.634473623082,153.769565455532,1471.21539836911,18.3172533365555,18.3172533365555,388.511302133549,562.757645112614,457.831967196705,147.87143619367,1417.51588800879,457.831967196705,147.87143619367,1417.51588800879,18.4470513205318,18.4470513205318,373.375469246129,542.288465147282,443.289799586845,138.758606818989,1416.17050590662,443.289799586845,138.758606818989,1416.17050590662,19.0588334246487,19.0588334246487,358.803935095129,527.775664078561,462.911105250764,149.585828360201,1432.53337373969,462.911105250764,149.585828360201,1432.53337373969,18.4058372042499,18.4058372042499,377.708440817915,548.113769683614,515.261064494664,175.747950183329,1510.65184149931,515.261064494664,175.747950183329,1510.65184149931,17.2246442165374,17.2246442165374,426.509179349115,604.012949640213,366.589584076046,129.918370368067,1034.40277746957,366.589584076046,129.918370368067,1034.40277746957,17.569341291576,17.569341291576,302.182208910356,430.996959241735,510.146380649043,167.609272742154,1552.71439003067,510.146380649043,167.609272742154,1552.71439003067,17.8527050526914,17.8527050526914,419.071451974789,601.221309323297,510.146380649043,167.609272742154,1552.71439003067,510.146380649043,167.609272742154,1552.71439003067,17.8527050526914,17.8527050526914,419.071451974789,601.221309323297
