-66.5538 24.038 16.9023 24.8876 5.05104 30.4659 41.9042 91.708 98.6925 40.5203 4.98067 23.1962 59.238 13.6358 27.7216 18.1852 18.5116 67.8751 18.3024 73.8146 25.4337 10.513 14.5907 3.89441 14.8719 8.97 42.0155 29.8082 0.000676813 135.242
-65.7786 24.3655 18.6468 24.7643 13.7314 20.867 41.9351 91.708 98.6925 41.6723 5.38625 26.2974 44.4275 24.3631 23.8026 22.856 19.3767 67.8751 11.5071 80.8301 12.145 10.9132 14.2398 23.6545 24.6331 8.53269 21.7394 32.3982 6.23531e-05 133.258
-64.7401 24.4219 18.6468 23.1154 15.1071 19.2217 41.5313 91.708 98.1188 48.096 5.16414 33.877 35.5104 15.9996 29.3423 13.7799 19.3767 67.8751 19.1108 82.4954 13.0726 25.3714 7.2393 20.9543 8.28086 31.5257 19.6236 20.0317 6.23531e-05 132.938
-67.7261 23.9961 14.5492 28.5049 18.3333 15.8779 40.2337 91.708 98.1188 61.7146 3.59658 21.0177 40.5492 21.4987 28.4863 13.4094 19.3767 67.8751 17.7365 82.4954 14.7154 24.3899 9.66965 22.7042 38.1458 15.0204 2.50679 4.52304 7.88148e-05 134.777
-66.7896 22.4677 19.6455 23.9207 22.1305 12.6852 41.2103 91.708 98.1188 59.7712 4.72047 17.2326 41.8104 24.981 21.1648 17.5087 19.3767 69.6919 18.9514 82.4954 8.50378 25.1227 2.8005 18.6992 38.8161 16.337 2.09563 40.7135 9.11129e-05 135.918
-64.3065 24.0482 19.1565 22.9535 22.4196 13.0957 39.1356 94.2974 89.7941 55.0841 10.5121 20.1091 47.5866 15.7563 29.7174 14.1162 41.5142 50.4612 9.65643 92.6299 11.1007 6.97989 7.67472 21.74 30.3356 27.0584 0.315374 21.5346 0.000126278 136.734
-66.0038 24.3687 19.1565 21.2499 26.8307 11.5134 37.1788 107.144 89.7941 46.9408 17.9905 15.1529 31.3227 22.7194 11.194 29.1803 51.2117 45.2215 6.58891 92.6299 6.94354 14.1671 11.2687 2.05223 30.734 36.1927 5.22716 22.2795 0.000645075 138.52
-65.0923 25.0853 19.1565 21.8369 29.3375 9.88004 27.2002 107.144 89.7941 53.4305 12.2015 21.1838 37.209 33.3865 8.20289 27.8541 55.3948 34.7543 2.51036 95.9491 14.397 25.6097 11.2349 6.99604 18.0353 25.6273 4.09873 43.6798 0.00176703 141.766
-66.3724 26.2423 17.7729 22.2969 27.4573 9.16289 26.7387 114.921 102.571 45.2922 17.1962 15.3563 35.0991 22.399 15.3744 20.4808 54.2396 53.9207 6.8606 71.2826 14.397 20.8273 21.2352 9.79772 21.9186 22.8757 11.6633 9.0754 0.000322618 138.535
-67.1602 27.8214 15.5819 21.3013 26.7083 10.8851 26.6052 102.606 102.571 41.0631 16.7459 18.7742 43.3675 32.6899 6.89459 20.5275 57.0233 55.2178 13.7439 58.7245 17.8179 33.8139 1.43907 2.2808 27.098 27.3125 10.993 4.02352 0.000106595 139.282
-68.3725 27.1533 8.1621 31.9305 24.5859 9.29825 26.6052 102.606 102.571 48.9948 10.5796 6.83561 30.5889 66.7273 7.43174 26.7602 62.369 52.119 11.5576 47.5607 19.4559 38.2811 26.8779 10.5127 11.3927 5.00645 5.24856 14.3741 0.000215232 143.626
-64.618 28.2008 8.97898 30.1011 25.3462 11.7798 23.5244 111.507 102.571 44.7602 11.6867 15.1852 38.3499 48.6638 2.42114 12.1736 54.0639 38.2954 15.6475 69.5215 20.7906 5.94658 15.6083 15.6627 67.1478 5.79555 8.72708 14.2502 0.00284305 144.733
-65.6493 29.307 8.55358 30.7796 24.2013 9.06097 26.8385 105.595 100.798 47.4264 11.2716 15.1852 43.0007 48.6638 2.42114 14.0442 51.5633 43.1867 40.7545 53.5115 13.4412 8.15904 3.32956 23.5425 60.9871 8.88332 4.35709 2.21185 0.00240412 139.127
-68.1181 29.7855 7.98082 30.7796 24.4667 9.06097 26.3597 105.595 101.149 47.4264 16.4852 15.0346 28.1339 56.0676 2.42114 20.0097 58.2884 51.5574 36.4487 38.9091 12.4212 18.8934 3.32956 24.7571 40.1853 5.3253 17.4057 12.5847 0.00490894 139.098
-67.8876 29.606 5.90454 32.1782 24.4667 9.06097 28.0758 105.595 101.149 42.877 15.4678 14.0388 31.544 45.8035 21.7559 13.4354 63.8208 36.5624 25.8517 38.9091 30.3612 9.634 3.32956 16.1069 41.8374 12.0168 28.7461 10.7063 0.00395103 140.602
-63.5029 30.0464 3.62339 34.346 23.0837 10.2425 29.5598 105.595 101.149 42.877 37.3581 19.6954 13.622 45.8035 16.6973 12.9793 57.3139 22.3487 37.8626 50.9646 26.8963 12.8625 7.77814 19.3296 17.5362 15.0165 34.8737 10.4515 0.00165697 140.143
-64.2346 28.7691 4.21346 35.6918 23.6135 8.42076 30.9561 94.6416 99.6946 48.8504 38.8727 21.5031 12.8211 42.6262 13.7349 11.3818 41.2958 28.1113 52.2927 86.055 2.19752 9.54607 5.8592 31.0585 3.75667 14.6807 20.2955 42.2434 0.00426432 144.147
-65.6244 28.7252 3.12418 37.1562 23.6026 9.67388 36.4294 94.6416 102.228 48.8504 31.3462 18.4774 15.0092 42.6262 12.2261 20.0623 34.225 25.6163 55.6602 77.4736 5.35321 12.638 10.0332 16.5288 31.1692 25.3676 21.6676 7.87672 0.000218438 138.647
-66.0594 28.6695 4.21465 36.6902 23.8306 9.65652 35.9224 94.6416 100.608 44.7713 26.1474 22.728 14.2965 42.6262 13.308 22.9351 38.9592 32.1475 45.8811 73.6177 6.07625 28.9769 15.4751 16.4866 10.3534 31.2582 11.4041 4.6514 0.000346262 132.853
-64.3361 28.5952 2.98516 35.3491 24.9726 9.34608 33.531 112.579 96.4984 47.37 25.2805 16.9736 9.02939 47.4408 6.4999 14.1034 59.229 40.2321 27.4601 73.6177 12.2563 18.8361 8.15468 6.21448 34.5507 19.8348 23.9777 6.91928 3.72694e-05 140.181
-63.1915 27.7402 5.0574 37.2735 21.6946 10.6724 19.1527 121.634 86.7537 33.7112 38.4052 37.4957 1.30973 58.8706 3.45213 17.2528 72.9605 19.8283 27.4601 69.2068 16.8999 8.48036 4.45377 12.2327 32.9151 31.5838 10.0604 17.1774 0.000198928 139.012
-64.3389 27.385 5.50138 37.051 22.3534 12.4725 17.2864 107.898 98.2078 32.5727 44.2027 45.5789 0.906194 46.1482 13.3845 9.33037 69.9164 10.1072 35.3357 51.3944 41.1313 0.629483 12.1755 7.37182 30.6708 41.1616 10.112 5.54406 3.14163e-05 137.287
-64.6661 27.2291 6.00878 37.2288 23.1795 9.85128 24.458 106.747 87.8859 29.2657 34.9759 41.9529 7.29934 48.8445 17.8198 15.0304 83.0566 10.2383 35.2225 49.7372 36.5888 10.2886 12.2097 8.08272 14.0291 19.143 30.1304 20.6053 0.000545064 141.698
-64.7714 27.1005 5.1479 37.9257 22.0977 9.53737 31.213 114.422 88.8529 29.2657 34.7383 43.8798 3.40646 44.8343 10.3441 19.2449 69.4122 10.0964 25.4733 48.9846 44.6422 5.9577 3.29398 26.7464 10.8247 4.27918 44.9337 18.9884 0.000426177 139.598
-64.7023 27.0927 8.51182 32.89 20.0581 13.3533 35.9403 86.438 112.962 14.8343 23.3248 38.8421 40.9101 38.6523 9.68788 19.9411 83.3416 11.9765 18.9026 57.8713 28.2418 24.0625 16.7641 33.6081 0.477215 10.5258 15.0924 11.9755 0.000184256 136.486
-64.638 27.0847 7.24045 33.578 19.7972 14.2485 27.9437 86.0581 114.543 14.4251 21.6766 33.1763 41.7149 45.7156 15.1762 10.6286 78.1525 32.989 24.944 38.5907 35.1164 25.8113 24.343 44.742 7.80701 10.4867 1.98087 3.35018 1.71587e-05 135.315
-65.693 27.3959 7.90535 32.6812 19.5937 13.2715 33.3313 90.6683 114.543 8.38536 11.8863 35.3002 54.365 40.2627 17.0344 4.26491 74.2847 50.5573 38.5978 27.9084 19.8093 24.0875 21.2522 32.8059 10.6523 10.4985 9.23266 6.9437 1.31626e-06 130.787
-65.5859 28.2258 7.95016 32.373 18.4504 16.145 21.9727 129.588 81.1547 10.1183 11.8863 30.4248 53.5476 46.9446 16.4341 5.16964 74.2947 57.4168 30.033 22.0027 33.9287 22.6991 16.1774 16.4307 14.7937 6.8745 9.65923 15.7349 0.000207802 135.76
-65.9088 28.8385 7.20156 32.4835 19.199 14.2059 21.3648 133.958 82.9581 12.5904 11.9108 29.0863 47.5904 57.5907 7.02808 13.2623 68.4574 51.7081 39.0944 13.3767 35.0081 3.93156 57.9456 15.4756 5.82633 9.35634 15.3919 12.9191 0.000585648 137.868
-69.6175 29.1502 7.99039 30.4679 19.0167 17.729 23.2753 93.1629 116.907 13.8149 4.47829 39.5139 52.2188 35.6156 23.696 13.6563 68.4574 53.2293 25.0623 17.7847 41.0235 8.43498 12.1106 12.2953 8.68849 21.1455 32.835 10.3061 0.000897667 137.85
-62.5511 27.4643 9.65421 29.1936 19.5719 17.9039 22.788 95.2521 113.905 1.07341 17.3238 36.1815 52.2188 53.7637 10.5594 4.06798 37.8102 39.7783 60.2503 43.2659 22.0763 1.45603 17.9591 21.4857 8.50435 38.8711 29.7661 8.51446 0.000893669 140.344
-66.3285 27.7563 9.45685 30.7147 12.3231 21.9576 31.0997 93.5477 113.905 0.253846 17.4277 37.8009 43.4911 56.7767 12.2602 7.86954 25.3202 64.2045 52.5555 47.6646 12.5643 1.45603 9.61633 5.34385 3.50421 45.5338 45.1928 12.536 0.00168563 139.117
-61.4331 25.8432 11.4054 30.7929 12.3231 21.9576 28.3733 93.5477 108.781 2.65635 24.5416 31.9563 41.0807 59.6735 15.9258 5.56339 25.3202 63.152 57.7905 45.4456 9.62579 14.1111 23.4904 2.96428 11.8534 5.57914 55.7406 8.73781 7.75131e-05 139.83
-66.5122 26.5481 8.49105 31.6382 16.8154 20.037 27.92 93.5477 108.781 6.63309 13.4466 33.5639 53.7165 64.4093 7.92889 5.82523 19.6603 75.6615 64.8612 25.966 12.4399 15.0742 3.7005 0.580684 21.8858 10.0284 59.2902 6.79569 6.73722e-07 135.435
-66.4767 27.3131 8.37922 30.8931 17.4686 20.037 27.92 49.9843 153.657 15.3985 13.4466 22.5908 56.7762 59.2826 9.06065 5.82523 5.36961 84.0764 67.9891 28.4142 10.0177 6.82642 18.8721 14.3088 10.2159 5.40202 69.7319 1.41589 6.73722e-07 136.851
-65.544 28.0699 7.45693 32.9354 15.9072 18.849 29.3578 49.9843 155.903 21.0514 7.54644 14.8941 56.6487 57.4823 11.4076 8.90253 3.43353 55.6437 75.1022 63.0612 3.33409 25.6942 13.6768 26.6573 24.7255 0.705942 11.593 10.666 0.000193719 136.975
-65.134 27.1353 8.2704 32.9354 15.4283 18.849 29.3578 49.9843 155.903 22.6411 16.9206 9.7787 52.7266 56.2753 12.89 7.92727 3.43353 38.8455 75.1022 73.2968 5.20543 46.2639 13.6468 6.16377 27.3091 10.2027 10.6801 13.2458 0.00196826 137.659
-65.1851 25.8731 9.58365 32.9752 15.4283 18.849 29.3578 49.9843 155.903 10.6277 9.9692 13.5499 60.8983 64.762 13.5653 6.61516 3.43353 38.1353 71.4381 70.1171 15.4226 36.3296 0.174364 12.4656 46.9797 3.34643 3.93763 40.6442 0.00174712 141.973
-65.8021 25.987 9.58365 33.5139 13.8 18.849 35.4192 49.1811 155.903 10.6277 2.39249 12.2993 64.1084 65.1332 7.72757 14.9181 1.41823 23.2389 85.296 17.3329 101.91 44.0363 4.43882 9.48234 7.82789 10.6043 5.4961 8.26533 0.000432442 140.712
-64.5642 26.6192 7.96386 34.3062 16.0304 18.849 29.2259 49.1811 155.903 16.5276 15.164 10.4768 64.1084 58.0775 5.74706 3.04343 2.32699 22.0401 41.7344 43.0699 124.042 15.576 12.0029 5.53966 15.581 20.4657 11.6942 1.65206 0.000607366 138.184
-64.9382 26.4205 11.0922 31.4409 15.3234 18.849 24.8431 54.7992 155.903 8.25187 13.2801 25.1251 63.125 43.9875 3.99492 21.1068 3.91772 23.042 39.8394 22.0022 131.642 15.8677 3.65669 11.3402 19.0106 12.7085 13.9628 18.085 0.000361565 141.689
-65.3754 25.1801 11.6352 31.0534 15.3234 18.849 28.1692 54.7992 151.613 8.25187 13.7678 19.4562 67.3996 43.6294 4.58215 23.2633 32.2649 22.9617 30.724 34.6162 96.0205 25.5601 20.5148 10.6395 6.46527 15.8748 16.9883 13.9645 0.000378937 135.685
-66.7417 25.1801 11.7491 31.6479 13.832 18.849 32.3178 54.7992 149.915 6.30909 28.5148 3.02135 67.3996 41.2804 9.41495 26.9881 55.1448 12.8756 23.9488 37.0608 79.3249 12.5717 27.2849 13.9569 22.0414 8.62348 16.3922 1.82462 0.000129683 134.594
-64.2062 25.4052 11.48 32.2716 14.483 18.849 29.8134 51.6144 149.915 9.48229 29.3568 9.22004 59.799 47.0641 9.44188 13.7277 52.0649 7.56586 21.5275 64.0097 84.1636 7.9319 34.5022 23.2177 2.32879 3.90568 16.2965 11.6911 0.000184782 135.823
-65.2999 26.2385 10.6507 31.0057 14.483 19.4869 29.8134 51.6144 149.915 22.4137 18.2631 10.2043 59.799 41.0056 16.3963 13.7277 37.3684 23.169 7.55272 81.0916 72.7015 1.40771 14.756 32.341 4.52627 8.61493 26.8481 4.13163 0.000876917 136.907
-66.6597 25.5876 9.90282 33.8299 14.483 18.9612 33.7501 49.3851 149.915 18.4516 23.3387 12.9722 55.6571 41.3818 15.5471 20.7283 43.4478 27.086 3.02933 80.159 40.8452 3.77978 23.3981 32.4319 28.3783 3.38598 11.546 12.3938 0.000106223 137.206
-65.0763 25.8992 8.6992 34.1923 17.4315 18.9612 30.1523 49.3851 149.915 14.3365 32.0041 8.22499 55.6571 37.6704 13.3989 25.5917 45.493 7.26086 11.7502 80.159 47.3154 13.1878 20.3898 38.2492 22.1191 3.38598 13.5284 0.323854 0.000189406 142.358
-64.6286 25.4947 11.329 29.1794 17.4315 18.9612 28.5259 49.3851 149.915 17.3569 42.1389 8.22499 55.6571 18.26 37.8945 11.234 59.6632 2.75493 38.7237 88.1495 19.8265 7.19507 17.6123 23.892 15.378 3.1042 16.9767 5.43686 0.00014275 140.804
-66.3027 25.7751 11.8004 28.7913 3.80613 32.8928 27.4319 49.3851 155.915 14.8501 36.9396 17.6617 43.0396 28.477 34.3979 5.98583 60.587 10.1918 31.3484 88.6807 9.23154 0.852816 47.4219 8.92312 13.9322 22.413 18.6098 14.5642 1.21085e-05 134.121
-66.3873 24.2603 13.721 31.5565 3.80613 30.7978 32.0667 46.7547 155.915 16.3725 36.6657 17.6617 47.9903 24.265 33.6388 5.67919 66.3393 7.10752 67.4843 47.0008 6.32071 0.583215 26.4705 12.0898 21.0034 36.3255 13.3428 25.2914 6.60261e-05 137.338
-66.1061 24.3031 13.2423 31.742 5.48561 28.501 24.9922 46.7547 161.35 9.16502 43.485 17.6617 43.82 25.3362 33.1855 4.55656 67.3658 18.5862 48.3187 61.688 10.1303 6.82305 21.092 21.9525 31.2171 41.7169 3.98449 7.70812 2.08098e-05 137.767
-65.367 24.3265 14.7605 29.284 7.06212 28.501 24.9922 46.7547 161.35 5.55691 40.7287 22.5989 43.82 25.138 32.1077 7.12344 55.0362 56.4323 57.408 21.7145 5.17036 6.57972 9.40572 25.8115 0.327638 40.8469 24.2841 18.8997 1.92856e-06 134.936
-64.0737 24.5794 12.5028 30.1883 7.06212 28.025 22.759 46.7547 161.35 4.48671 49.529 22.5989 43.82 19.9466 31.3985 15.7904 74.6886 52.9405 35.8869 11.0791 11.8726 11.5961 11.2496 23.4278 22.6915 45.8312 0.0793613 8.78739 7.09944e-05 140.419
-66.2294 24.4973 12.8353 31.5328 9.50464 32.4564 21.94 46.7547 161.35 7.99648 46.5883 22.5989 36.712 35.3955 18.3444 4.40275 95.1152 33.3654 71.6234 5.04656 4.4044 6.71527 10.6441 6.01728 8.81997 62.6137 3.74637 10.6207 5.7734e-06 139.589
-70.0151 24.9239 12.6289 32.5535 8.10439 23.3762 31.0215 48.6653 161.35 4.05732 48.9044 22.5989 36.3649 23.7775 30.9168 2.85376 71.2798 46.2165 88.9581 13.164 2.93999 3.01711 35.6022 17.0277 11.8526 8.37752 16.587 8.32253 1.0241e-05 145.844
-65.4924 25.4123 13.3852 29.4361 8.10439 24.9852 30.2788 48.6653 157.565 17.5656 47.5144 22.5989 27.466 12.2528 46.6753 8.28274 48.5601 42.7529 88.9581 13.164 5.97868 2.7495 47.8037 5.58787 18.4754 3.40074 23.2499 30.6539 8.3309e-05 134.179
-66.6677 25.542 13.6795 30.0664 9.63738 23.0954 27.1017 48.6653 157.565 16.6146 47.0235 22.5989 30.7298 7.20417 46.6753 11.9241 31.8803 52.9005 88.9581 14.5108 8.34226 9.77111 37.7458 13.6106 15.346 10.7378 13.8993 18.7663 9.36218e-05 135.207
-64.2073 27.0747 11.8348 30.8353 10.2804 21.1568 27.1017 48.6653 157.565 10.8817 37.2206 8.84091 70.1931 10.8985 35.9956 12.326 34.5642 52.9005 86.8618 14.2876 2.40988 12.683 29.578 17.9049 22.8656 30.6834 8.35512 7.11186 0.000198261 138.309
-65.7768 25.6733 13.4442 28.6493 13.9157 21.1568 27.1017 48.6653 157.565 11.9718 19.6174 20.9784 70.1931 20.9609 53.8949 14.1186 34.5356 39.5136 61.7964 16.9315 20.0836 19.149 18.1728 50.4851 4.19526 17.2046 2.14263 11.9706 0.00021173 138.163
-66.2296 23.7554 14.5834 30.1524 11.4509 21.1568 28.8089 48.6653 157.565 8.65882 21.0564 20.9784 67.4931 9.25961 53.8949 9.57163 39.8226 47.932 59.4202 24.3578 22.449 8.96222 32.5336 50.4851 3.01961 7.81575 11.1709 21.6235 0.00126205 142.879
-67.8839 23.1828 15.3836 28.2184 12.7314 24.496 28.9027 40.2052 157.565 8.37235 21.0564 20.9784 67.4931 0.810087 63.4778 6.93685 28.1113 59.3793 52.415 47.2716 8.10044 22.7858 47.6987 14.988 10.5519 6.94368 7.54601 13.7175 0.00177429 142.23
-67.1557 23.6036 14.9068 28.6239 12.7314 25.3059 26.5242 42.069 159.337 10.475 26.2762 20.9784 67.4931 1.71523 50.1732 12.0462 28.2144 52.1318 54.3093 53.9023 15.381 16.4207 38.0978 12.323 20.7242 11.2315 3.95886 15.2772 0.000395575 138.506
-64.3718 24.5533 15.8026 26.7069 22.1929 12.4503 33.8881 55.1526 132.542 35.7703 21.7509 14.3307 61.6816 11.642 41.9339 11.2999 24.0673 35.9702 48.3504 60.2075 23.2168 17.155 15.9194 9.76193 25.4443 24.5288 3.90801 44.4145 0.000135326 136.901
-66.287 23.8348 17.8806 26.2581 25.5083 9.40118 45.228 55.1526 132.542 23.5582 18.1549 12.3912 65.8148 18.8192 29.1312 16.1694 23.6211 24.9322 55.0067 74.3597 26.306 13.471 21.3561 5.12511 23.7223 27.5154 2.47393 40.4828 0.000167045 134.811
-67.1146 22.0877 19.6313 25.8785 23.9959 7.30628 43.9888 55.1526 133.93 18.2985 14.95 12.3912 60.9864 37.4761 23.4457 15.0702 14.6583 47.2027 52.2213 84.1124 11.98 7.11895 29.1103 3.24917 10.5948 19.5701 27.1228 26.2789 0.000549163 140.744
-64.7413 21.5508 19.3733 25.4343 22.6747 10.7464 66.6013 33.4546 137.59 17.6609 16.0178 19.9064 56.0788 30.5162 28.6112 14.0563 36.0706 24.5472 52.8025 84.1124 10.1506 38.9677 29.1063 11.1668 5.87459 7.92167 23.4266 24.4322 0.00413748 143.248
-66.7955 21.5508 21.3595 24.6486 21.5135 9.76492 66.8317 33.4546 137.59 22.6152 15.2963 12.1478 61.5747 33.6703 25.7696 14.5484 53.6337 20.7963 15.8112 88.2533 24.2435 20.6542 19.2552 11.0556 5.65834 8.26596 41.5355 9.59566 0.0018388 136.36
-67.5812 22.7288 19.6644 23.0809 18.8946 12.5627 65.6533 33.6572 140.983 19.4423 15.7592 12.1478 61.5747 11.8377 42.2253 18.1121 60.771 19.0347 20.4577 90.0074 10.9192 18.0769 17.7377 0.749129 6.24636 10.3546 47.267 37.1358 0.000473945 142.173
-66.5316 21.8943 20.9397 22.9423 20.1543 14.5813 68.7657 24.6849 140.983 30.1315 23.9096 12.1478 54.8027 20.5969 37.5414 8.96545 54.8039 6.64064 28.7617 90.0074 17.1075 9.5125 19.2652 3.58862 7.1243 10.199 43.4224 10.1111 5.01968e-05 136.316
-66.0836 22.0125 20.9397 26.05 19.6688 12.2074 43.5613 37.8828 142.581 26.5256 27.5702 8.35773 54.9458 20.5969 42.1378 9.33674 49.9946 14.3716 24.15 90.0074 39.6155 11.4927 6.01688 5.95983 6.11477 8.20032 60.1343 4.72568 5.56854e-05 138.506
-67.2182 22.0125 21.3444 22.8356 18.2694 16.7154 53.2691 37.8828 142.581 44.8111 29.084 11.0838 33.8049 25.8465 47.6843 2.16393 56.1086 7.72073 29.5833 90.0074 1.61625 0.823913 17.2995 17.2196 6.55822 15.4267 62.1123 14.9261 0.000984855 140.925
-63.0724 23.4588 20.3066 19.4397 3.4858 31.7474 71.1008 31.8704 142.581 52.5856 33.0542 15.777 13.372 15.5552 45.4904 9.96052 59.1463 3.34121 1.48945 90.0074 33.8225 8.61431 17.1721 24.9443 5.305 11.4481 55.9693 6.84936 8.20819e-05 148.951
-65.4639 24.4514 21.5986 18.5882 3.73413 31.7474 71.403 31.8704 142.581 52.5856 35.6605 15.777 2.42598 33.7233 23.5901 8.79758 65.5525 15.0095 12.9048 90.963 16.4103 10.0756 13.6712 32.7243 10.7657 11.8156 23.2559 6.98905 0.000117368 138.246
-66.1797 23.8654 21.5383 18.5882 3.73413 31.7474 75.6323 31.8704 142.581 38.9324 36.9098 15.777 0.979884 46.3097 19.3437 7.25432 54.0601 7.55923 34.953 96.91 17.9157 26.5158 5.53066 51.9409 6.25963 15.4106 3.08499 11.9961 0.000309467 144.253
-65.611 23.8311 21.1431 21.4626 2.88579 30.6979 64.01 31.8704 123.866 66.0288 36.5558 21.9425 6.90809 48.119 14.9128 6.08373 52.6026 9.86257 33.4083 96.91 9.18589 13.5437 8.56786 13.3494 8.26839 53.9806 9.33938 6.56664 0.000925887 138.045
-66.5722 23.8311 21.8523 20.4181 30.0252 4.62022 64.8916 35.1275 123.866 66.0288 37.9753 18.8845 3.08586 50.3481 9.50768 7.11095 46.4003 7.79007 31.6195 96.91 10.0823 22.771 8.82151 11.8307 0.886584 66.1722 6.22912 14.9669 0.00492655 143.245
-66.4329 19.465 27.1521 20.0533 6.49288 27.7049 59.0696 82.6566 80.3923 66.0288 37.9533 18.8845 1.66574 50.3803 4.03851 16.4621 45.4396 20.8009 31.6195 96.91 7.91599 10.0952 1.38521 15.0128 9.66594 66.1722 3.91854 7.39871 0.00724818 143.191
-66.9453 19.465 25.6132 21.4354 5.23939 27.4965 54.0975 70.2587 107.367 46.8114 37.5364 14.224 5.90809 60.2403 3.8783 18.6915 36.0724 15.5694 32.5858 96.91 20.0069 4.21761 3.32154 16.6198 26.5963 54.3346 0.597512 22.8589 0.00468244 141.625
-65.9492 21.4509 22.5926 21.9719 5.23939 27.0594 58.7607 71.9244 102.161 45.7762 40.4298 23.5306 7.40007 58.8048 5.20629 4.85237 25.3796 32.6201 32.5858 103.136 16.0329 3.90805 8.11802 19.7725 22.4331 50.3824 4.88964 2.95735 0.00276568 139.707
-64.4621 22.0757 23.0429 23.3836 5.72824 25.3587 60.1136 75.2953 91.2307 61.0282 27.6801 27.1864 8.1991 54.7768 11.4764 1.73522 23.5954 34.8739 22.1981 103.136 13.6841 20.4757 8.9384 1.84574 32.8878 71.7405 0.130851 3.30572 0.00296219 150.013
-64.9808 22.4778 23.2077 19.318 9.67833 25.985 56.7547 75.2953 99.4322 45.3437 25.9823 34.8028 8.93425 53.2669 15.1654 2.7634 35.6705 34.8739 22.1981 93.1504 18.3204 18.3509 16.1784 6.47952 21.6897 32.7934 7.96351 27.4223 0.0107927 140.422
-63.2254 25.0486 23.6056 18.9555 11.2577 19.5401 59.3673 75.2953 99.4322 42.3653 27.1023 34.8028 8.3335 53.2669 14.1233 2.07526 16.3756 52.5453 27.3746 93.1504 15.0358 18.8435 18.4135 11.6822 25.1063 41.052 3.41456 3.46806 0.00228561 151.534
-66.9488 24.05 19.7952 22.0266 13.0683 23.049 56.8258 86.1307 87.0772 49.716 27.6728 32.1555 12.38 39.0775 16.0774 2.05415 12.3198 52.5453 76.4197 68.7072 2.32193 4.07262 44.3396 8.10326 5.85419 33.1043 6.19284 2.53539 0.00227961 140.126
-65.3575 24.3976 19.5318 21.6 11.6126 23.098 45.0687 94.4644 96.088 41.605 24.4562 24.1718 21.3834 40.0996 15.9806 7.58867 12.8423 44.5064 72.9349 63.5515 10.1245 13.154 38.2328 15.4342 5.6994 42.9808 6.55055 8.02424 0.00229002 139.023
-65.9335 22.4472 22.8748 19.757 11.6801 26.1347 42.1666 88.4059 96.088 41.7313 25.2753 26.9634 25.8131 26.6384 36.4427 2.90939 13.4851 38.1938 71.6211 61.5122 31.1242 8.68984 25.1322 10.1969 6.47862 22.6824 8.52015 37.6136 0.00207739 139.495
-68.3475 22.6307 23.0438 20.904 11.0199 27.3264 41.2757 88.7891 96.088 45.3989 24.3427 32.0619 18.9238 21.0311 29.8473 27.8083 15.3598 24.6802 75.7273 38.0032 33.035 3.63503 28.0923 1.8661 19.9763 26.4451 9.37296 67.1194 0.000854271 143.344
-67.1592 22.4079 22.0561 20.6005 11.3018 25.0189 40.9249 88.7891 92.0105 46.7635 21.6728 38.5402 26.0212 0.53527 21.0769 47.1305 11.2805 50.0277 75.7273 32.8323 38.8215 10.4137 24.1638 5.34044 8.64952 21.5878 7.67597 45.7016 0.000237399 139.915
-66.0245 22.4585 22.3662 20.2725 10.1684 27.4711 40.4431 86.2009 93.4913 37.738 19.6918 38.2124 35.1917 3.30607 16.0822 42.2514 9.13564 54.233 59.7646 50.2804 34.9601 11.7295 23.4488 17.0575 5.74385 23.2003 18.8214 19.589 0.000582823 134.629
-65.6686 22.6713 22.4578 20.3701 13.7915 25.9979 35.094 86.2009 92.837 36.1126 28.2744 43.4436 24.4834 3.30607 11.1629 48.4167 19.5373 34.2903 66.3702 49.1622 41.7558 15.2435 16.7563 13.7903 0.880655 25.9159 7.09652 53.9152 0.00155723 144.337
-64.435 20.2511 25.0411 20.7892 12.7625 21.8118 43.3275 86.2009 102.122 41.6469 22.9658 37.8769 19.0377 5.75248 20.7295 48.1357 6.71942 46.9669 36.2726 62.4316 42.6028 11.9094 12.631 8.29714 4.94663 55.9665 1.44138 38.7846 0.0032805 141.106
-64.5781 19.9796 23.6522 21.0146 4.58463 31.7517 47.8455 82.8784 93.048 29.6385 30.1506 45.5424 24.2961 5.75248 20.5582 41.0874 17.313 52.6306 19.1443 62.4316 46.2027 4.52421 13.927 9.7115 4.94663 60.3619 6.63805 8.74515 0.00316339 141.468
-65.4604 19.9385 24.1514 21.1675 4.06874 33.0053 50.315 82.8784 90.0383 16.0983 37.2409 44.4822 22.9517 4.98357 25.8299 40.4125 19.6132 36.5271 19.1443 82.2365 54.7587 6.84354 14.4473 11.7771 7.79012 55.8061 0.556857 21.3219 0.00145707 140.869
-67.5762 21.1048 24.2521 18.2996 4.06874 32.0791 60.3838 82.8784 90.0383 27.0262 42.05 37.7693 18.2365 4.59377 25.2556 31.2909 7.55928 42.2798 19.1443 79.2303 80.7795 15.7296 1.5174 5.17503 6.36938 35.0453 15.7504 5.55285 0.00762124 144.728
-65.7095 21.1791 24.9009 20.1952 4.06874 30.4429 60.3838 83.949 90.0383 24.4079 28.6798 13.0617 50.021 8.49608 18.696 33.7997 35.646 42.2891 19.6209 45.1663 74.7378 15.9452 11.5695 15.1311 7.30341 30.3956 16.4594 19.1585 0.0299486 142.006
-66.1619 21.1791 25.0829 20.016 3.19846 31.5178 56.7798 89.4367 88.9184 11.0856 58.5765 7.79904 39.454 2.29469 17.9639 39.4138 28.6887 27.1488 28.6049 41.3811 105.228 21.9274 10.7134 20.4881 5.68731 25.685 4.09691 7.99457 0.0689049 147.224
-63.2928 22.4002 25.0829 18.6323 3.19846 31.5178 57.3047 85.4537 93.7428 16.3607 58.5765 7.79904 33.9033 0.828096 14.7616 42.6796 28.928 37.7767 18.5345 32.9338 119.999 4.09579 10.6708 16.1723 13.4871 37.439 3.54114 6.4493 0.0337385 149.854
-63.1529 18.9971 26.9789 19.0282 3.19846 31.5178 65.6634 85.4537 91.7859 7.44088 58.0026 12.1482 37.6141 4.82305 14.4434 37.6148 12.2577 61.9154 36.2697 32.9338 76.1175 7.54695 11.088 20.132 5.85247 41.3319 3.69637 6.53932 0.0125499 145.196
-64.9699 18.5298 27.0477 19.5864 11.3126 31.5178 67.0412 76.7056 91.7859 11.1672 57.1943 13.12 34.0659 3.50967 12.999 37.6148 9.85807 56.1626 32.1515 38.8655 75.9029 26.0026 14.2849 24.8494 3.98975 25.8227 5.48496 4.07578 0.0179507 151.476
-67.6751 18.3955 27.3923 20.0525 11.8569 20.9998 65.961 83.1836 91.7859 8.30841 52.021 20.3892 43.8209 2.44906 12.999 36.7268 8.9653 47.5743 46.9081 35.8845 78.5807 3.32506 15.4748 33.9523 19.9944 3.78217 18.1987 14.7108 0.00458259 138.644
-65.9742 19.5689 27.0545 17.9364 11.8569 21.8222 64.6474 83.1836 91.7859 14.044 47.0645 18.5197 39.3186 14.9878 9.01616 36.7268 16.4555 42.4252 40.097 26.541 94.0325 9.716 23.1967 30.527 16.5085 3.78217 6.41729 15.5345 0.00702472 137.944
-66.4072 20.1558 28.3322 17.9364 18.1345 16.0368 71.8354 81.4254 77.8041 26.0348 30.1042 33.6177 32.1108 9.46884 0.832806 64.8158 14.3033 45.181 42.029 28.6692 84.9104 24.9625 6.52103 10.2961 33.5114 2.0979 9.91838 9.3361 0.0041571 143.257
-64.8694 16.9615 29.1549 17.9364 18.0838 15.5506 71.8354 96.9801 69.4877 20.8089 30.013 23.3407 34.2305 8.03706 0.832806 60.9014 35.3594 36.8427 35.3365 17.6238 101.904 18.6641 4.86793 11.5886 10.3465 19.9076 10.8349 44.4564 0.000586827 140.629
-65.6149 16.9615 31.785 16.5628 18.0838 13.525 73.9124 98.8204 69.0588 13.1453 31.3026 38.158 34.2305 8.03706 5.01554 52.6195 18.9206 49.8509 35.3365 23.6964 89.7361 7.49042 9.68898 0.669742 12.6732 32.433 15.3662 43.0386 0.000581723 137.314
-66.3722 15.9886 32.498 16.5628 19.0557 14.8158 73.9124 97.16 69.0588 10.5197 31.4743 28.876 36.5029 8.03706 4.23692 55.9498 14.1518 46.5462 54.2247 14.7186 101.691 8.92596 4.75074 12.8685 10.5 26.6758 18.1549 14.7525 0.00109684 135.911
-66.3116 15.9886 31.611 17.5795 21.1786 13.2403 68.7439 88.438 69.0508 32.2058 33.5368 25.0262 29.586 8.67011 13.4163 53.6541 27.7406 26.0318 54.2247 14.7368 101.691 12.568 18.7238 15.1003 7.54068 29.8065 3.90382 2.73206 6.67539e-05 135.988
-66.0952 15.9886 31.611 20.1793 20.2731 9.23228 74.6683 92.0339 69.0508 33.2506 42.8061 27.5121 18.5467 17.3328 3.62195 46.407 15.4615 17.4184 66.0358 19.3117 101.691 15.9177 19.8478 26.0233 3.57819 12.8614 8.51923 13.9563 0.000153192 135.311
-63.6888 17.64 31.0612 14.7176 19.9141 18.0524 71.8336 88.8752 69.0508 30.8145 32.7782 36.2231 18.7146 17.0499 8.88792 37.6311 27.9427 7.46612 70.0772 31.0276 86.7665 16.9423 14.7528 27.1476 9.9366 10.5522 18.8193 0.731573 6.52902e-06 136.265
-63.8393 17.64 31.0612 14.7176 16.6555 18.7537 78.7725 91.8688 66.7304 31.5256 26.6247 36.4507 16.4097 20.1997 1.42689 45.4475 31.5106 9.24092 62.7097 29.322 85.9877 23.5132 15.7536 26.5293 20.048 2.88273 13.0206 5.41445 0.00013009 136.977
-63.6128 17.9617 31.0612 14.7176 17.4408 18.7537 69.7434 94.8482 63.0959 30.5812 26.2586 49.8796 9.38999 28.4569 4.85597 45.4475 51.457 12.3699 33.3621 25.2325 96.7175 22.9349 10.2161 26.4453 2.96992 14.7707 10.1134 8.77155 0.000137647 136.949
-66.4817 17.7575 30.1247 14.7176 22.0315 16.3656 68.738 94.8347 72.5236 30.9375 26.2168 45.7062 6.57709 31.7874 4.85597 39.2104 52.1057 12.3699 32.8726 21.5401 109.808 9.82101 30.6894 12.3516 1.0167 10.1948 12.6984 18.2427 8.35329e-05 138.203
-66.4445 17.7575 29.8517 19.1986 22.5503 11.7585 66.4058 83.6317 79.3103 33.3821 36.6185 39.2414 3.90957 29.287 5.29733 40.4357 53.856 8.12567 28.873 20.717 109.808 14.0793 33.7162 0.576816 1.98269 2.12096 12.5282 74.4816 0.000136014 143.666
-66.6036 18.0538 29.8517 17.0821 22.3826 11.3304 68.2411 84.2629 87.6467 28.5139 44.029 33.3584 2.95465 25.3214 13.2592 32.4697 50.6844 8.46917 13.0371 18.897 148.874 3.70136 42.8993 1.39699 22.1772 12.4724 11.7437 45.347 3.40214e-05 145.582
-65.5913 18.0538 29.8517 17.4239 22.4124 9.52319 63.262 85.4059 81.6905 27.1569 52.4789 29.3769 4.47704 53.6927 12.6739 3.61724 50.8793 9.61453 15.0266 23.3359 142.535 8.71393 43.2823 23.2752 10.493 8.88682 18.69 17.175 4.60258e-07 145.57
-65.7947 19.1501 29.8517 17.4239 23.8015 7.43422 66.07 82.0644 86.9584 33.8086 34.8822 25.7565 13.7416 50.1283 4.23652 17.6428 50.8793 6.49608 15.0266 17.8547 143.775 11.0709 3.40318 9.43415 8.84744 22.3838 24.2792 15.6034 5.12115e-06 133.733
-67.9565 18.9771 29.8517 17.2832 23.9172 10.0694 63.7538 83.282 86.9584 31.9192 30.9525 23.8318 25.1967 48.1062 6.35428 19.7438 52.5054 6.49608 15.0266 19.3763 136.995 4.05778 8.84668 7.36459 9.74347 21.2381 25.4592 13.8999 0.000360021 136.011
-65.1747 18.099 29.8517 17.2832 25.5719 8.67057 66.0198 73.2584 86.9584 36.929 27.238 19.8264 27.0888 55.1824 6.46794 24.6482 53.2813 14.8705 14.0756 15.2667 136.995 36.7085 12.5081 10.9322 10.0708 1.60537 2.38975 21.2809 0.000301402 141.088
-67.19 20.3685 30.3135 14.5844 25.9112 10.3612 73.1778 90.976 71.3323 34.4095 20.7974 30.8142 22.3107 55.1824 12.0938 18.001 50.2029 22.8563 28.4082 6.26769 100.44 38.7653 15.0084 12.2667 7.2181 2.7531 28.2948 22.3181 0.000203248 144.964
-65.096 20.4631 30.3135 13.7232 21.62 11.2381 75.1716 92.2833 66.6523 33.8735 31.6754 27.8302 18.3427 51.1304 9.48201 10.7135 73.0515 23.5648 27.5476 8.76266 97.6627 44.9898 4.3422 14.2208 11.5304 8.3168 6.40756 5.02118 0.00101658 138.107
-66.2765 18.5994 30.3135 14.7848 23.1052 14.5045 68.2928 88.2468 81.1336 40.7644 11.4557 21.4769 14.1426 83.9919 2.40058 9.57816 77.4378 13.6856 14.883 13.9484 97.6627 12.1077 38.4444 8.98387 6.20244 21.3461 1.19585 9.73306 0.00118473 142.979
-67.7878 20.9822 30.3135 13.1139 34.3324 10.9115 61.0524 81.9304 80.5494 34.0997 50.7862 7.36852 17.5211 40.0134 3.11065 27.5672 91.1438 31.7234 0.880991 14.0192 89.6257 13.2258 35.5332 9.20862 3.41232 18.6094 9.90291 17.3584 0.00124924 143.295
-67.8194 20.9822 30.3135 11.2376 34.0214 4.03732 62.4672 83.6698 83.8647 36.214 50.7862 7.36852 25.7036 42.6904 20.1534 4.04595 87.1091 37.6271 0.880991 6.83819 89.6257 4.0659 20.7653 20.3382 12.9769 2.45597 9.53631 44.6036 0.00218392 145.803
-66.2823 20.9822 30.5012 11.1702 32.8473 4.03732 86.3453 58.9294 88.3839 33.5128 50.7862 7.06244 29.0919 40.8218 17.5983 10.6055 53.7075 65.8651 0.880991 11.6951 80.2067 1.22016 12.6628 23.8102 16.5119 12.7697 9.17004 33.1824 0.00131653 143.961
-65.293 20.5068 29.7224 11.1702 32.8473 4.03732 86.3453 58.8135 88.3839 28.0236 50.7862 4.36462 24.8001 50.0868 18.9506 10.8948 47.2385 67.5037 0.148512 4.95808 95.8116 5.79486 23.6983 9.436 14.7084 6.40876 13.7522 65.4787 0.00141706 147.944
-66.9104 21.4132 29.7224 11.8768 24.6404 11.1224 86.3453 59.4593 87.781 22.1564 64.1053 4.36462 15.6938 44.6197 17.7347 10.8308 53.7776 55.1634 4.56278 3.71219 110.46 25.4866 4.41728 0.550411 12.9465 7.97452 6.31509 72.1669 0.000614903 146.106
-64.4356 21.4132 29.0272 11.8768 21.8047 11.1224 86.3453 59.4593 87.781 18.7252 78.0556 9.76365 15.0985 44.632 12.0642 8.51903 58.0145 33.6917 12.1248 12.7367 110.46 0.988093 4.9577 34.0274 14.9696 3.20074 3.61873 69.7134 3.34106e-05 145.052
-68.1313 21.4604 29.8136 11.5858 17.425 17.6397 84.9324 59.4593 88.7455 9.12323 78.0556 9.76365 15.0985 44.8166 17.2898 18.5572 56.2401 26.0091 11.3968 27.0368 87.999 1.54717 2.60755 32.3077 12.6669 19.269 17.2894 45.2465 0.00176582 145.375
-66.7995 19.9474 29.8136 13.715 21.4059 6.22386 84.9324 33.0769 128.899 2.45341 78.0556 20.9914 0.945102 81.6946 17.1803 14.4756 22.5344 28.5208 7.23026 40.0848 87.9775 4.86599 7.74063 26.4177 7.8487 25.9398 6.23787 13.8553 0.00133584 155.577
-70.1764 20.2371 29.8136 18.4503 20.6529 6.72902 85.1256 33.0769 125.243 4.22647 76.9634 17.1365 6.96048 79.5446 16.4892 7.73142 31.8237 22.6357 7.2465 38.0391 87.9775 9.19573 10.7449 24.8332 7.71112 33.8979 0.637475 19.6818 0.000576867 153.722
-68.4847 20.2732 27.3778 18.4503 25.2669 5.30184 85.1256 19.4119 125.243 16.4126 90.1007 4.16548 3.42621 77.5676 23.5333 8.12277 11.5733 40.1944 18.1129 23.7283 93.9624 4.85404 14.4577 15.5485 9.20795 24.5492 24.0876 9.3734 0.00343736 147.315
-65.3521 20.042 27.3778 18.0811 25.2669 5.65843 86.7368 18.9872 127.29 3.6825 74.0614 5.51779 5.78981 77.5676 16.7959 38.0915 11.5733 42.2082 24.3137 15.8988 88.3304 7.29718 4.18631 15.3604 9.79352 24.6606 23.7463 15.5554 0.0110232 155.854
-69.0516 20.4183 27.3778 18.0811 28.782 4.97394 86.7368 22.7682 127.29 10.1541 74.0614 9.13274 6.98543 61.3278 4.02501 27.4048 53.8353 25.2693 19.4879 29.6361 88.3304 1.58461 21.5877 8.54582 16.3795 16.3554 24.692 24.3731 0.00234873 148.998
-65.4254 20.4183 27.3778 17.0114 28.003 4.97394 88.3448 22.7682 127.29 17.256 60.4338 23.6534 7.36037 27.1038 14.3359 27.7859 72.8914 22.3386 27.0128 16.5633 98.4561 9.76956 17.3245 5.13944 4.67652 8.00095 13.6537 59.705 0.00120823 140.143
-67.6686 20.4183 28.1084 17.9779 27.8689 4.19677 88.3448 17.4125 128.077 16.442 49.8099 28.5339 16.0667 27.1038 19.4561 27.463 72.8914 21.6298 20.3383 18.4589 83.9815 3.66023 24.8491 18.2702 4.74794 22.0381 8.37349 30.8266 0.00266464 142.293
-68.3301 17.7402 28.1084 21.7763 27.8689 4.19677 88.3448 19.4357 125.142 15.5437 49.8099 28.5339 18.1153 25.0942 30.3984 16.1273 94.2064 9.90251 14.6674 23.8705 68.1112 20.454 17.4269 43.7196 6.39269 8.61348 4.50523 14.7411 0.0012355 143.463
-65.0109 17.8117 28.1084 21.7763 23.7997 4.19677 99.6405 19.4357 118.331 12.1673 46.9057 37.07 16.0571 18.6123 35.0354 19.914 93.678 18.0886 25.1669 13.1876 64.3492 12.7392 16.5488 33.7479 12.0788 8.66793 2.92756 8.06854 0.000468517 139.243
-68.17 17.8117 28.1084 22.3664 23.7997 4.19677 99.6405 21.0896 118.331 16.0954 47.7819 39.3298 15.7993 16.6292 17.0472 35.0282 101.118 12.7079 31.4057 10.3872 57.152 5.68342 16.4212 34.9685 9.29145 8.73404 19.9286 12.9423 0.000268162 137.993
-66.543 17.8117 28.1084 21.4952 23.8727 4.19677 99.6405 21.0896 118.331 15.5303 49.426 40.0562 20.0318 7.83748 15.9467 34.0801 101.118 7.07674 24.844 26.175 50.6388 21.8168 20.513 28.7678 4.15759 13.0639 15.8286 1.36093 0.00202187 137.602
-66.8067 17.8117 27.8076 21.4891 23.8727 4.19677 99.6405 21.0896 118.823 21.5625 41.3158 40.0562 25.165 7.69678 20.4764 27.472 32.9903 7.09192 92.4253 33.3873 33.8054 27.7061 24.824 8.07583 4.15759 32.8415 12.9948 7.49936 0.00245392 137.263
-66.5158 17.8117 27.3704 21.4891 23.8727 4.19677 102.057 21.0896 118.823 21.5962 35.7122 42.2859 18.7597 10.3039 20.5188 26.9229 21.3102 16.2836 92.4253 34.405 67.1244 16.6211 7.7659 6.50723 6.49995 40.69 7.61041 6.82001 0.0053071 139.797
-63.2671 17.8117 27.3704 20.7183 25.7973 4.19677 102.057 21.0896 118.823 21.604 35.2629 30.7661 20.3208 11.2859 21.8971 41.5042 13.8022 12.4664 95.4273 47.6994 42.979 8.3642 6.77058 12.3282 18.2223 54.6326 1.25576 8.61393 0.00741601 144.071
-66.6736 17.7728 27.3704 20.6616 25.7973 2.67032 104.124 21.0896 118.823 21.3515 39.4827 21.5885 24.3108 11.2686 21.8971 41.6297 11.7944 12.4664 95.5475 56.6351 22.7707 3.26666 2.20192 13.598 36.8906 44.3857 1.25576 14.1423 0.00716525 144.204
-65.3989 17.8866 27.4301 20.562 25.7973 4.01542 101.758 21.0896 118.823 21.4825 30.5753 41.4788 22.2224 11.2827 29.5128 18.2178 16.3757 30.1871 95.5475 56.8369 19.7327 6.04844 4.95409 16.924 13.3367 43.719 14.7811 24.5443 0.00194107 139.315
-65.4294 17.8866 27.4301 20.8008 25.7973 4.01542 101.758 17.5259 118.823 27.0958 30.5753 44.6101 20.0512 15.5831 25.8216 16.9701 16.3757 30.1871 88.0861 56.8369 13.6712 34.1685 7.88833 19.1217 5.949 2.58065 34.6637 18.1355 0.000247493 133.843
-67.3046 17.8866 28.9164 20.3247 20.6618 9.27296 102.876 16.9657 118.823 30.5504 30.5753 38.6447 22.1874 24.4853 18.9965 11.245 10.629 36.8321 86.8423 56.8369 18.8167 22.5437 15.5372 5.8424 10.3982 38 22.066 12.633 0.00201207 138.724
-67.4335 16.7562 28.9164 19.8373 16.5395 14.4531 92.3869 16.9657 118.823 30.5504 30.5753 38.6447 23.476 35.8405 19.5051 12.9437 19.2771 67.2941 61.7232 41.3046 29.187 18.9106 4.79746 4.37789 12.0123 22.474 30.7016 10.8685 0.000894878 139.095
-64.1847 18.4056 29.5159 18.6561 20.205 12.1438 92.9708 16.9657 118.823 37.2204 20.5802 36.9185 33.9487 37.4459 8.87112 17.1777 22.1975 50.5083 66.4997 43.2324 23.4468 17.0562 15.9718 18.234 26.2606 9.77065 15.2507 15.4643 0.00132957 142.441
-65.7437 16.7498 29.5159 18.6561 22.8971 9.46318 80.2381 16.9657 129.652 37.0637 17.6289 36.9185 36.9435 40.5125 12.3876 6.35249 20.9654 54.1163 54.3908 48.8262 24.8047 13.308 14.0807 16.5956 28.7159 10.1756 23.0917 41.5135 0.00581106 139.705
-65.8214 16.7498 29.3499 18.6561 22.8971 9.48157 80.2381 16.9657 129.652 37.0637 17.1265 36.9367 34.7596 41.2019 11.7495 8.1892 20.1634 56.5362 63.9726 48.8262 10.9698 6.97932 14.1292 8.02074 47.6594 9.13897 40.6291 1.91902 0.0068052 141.642
-66.1307 16.7498 29.3499 18.1379 27.9578 9.32286 79.3033 16.9657 129.652 33.0721 13.3494 36.9367 36.028 47.8655 9.05739 12.0306 15.3402 57.289 70.9653 40.8985 20.7355 14.7894 13.237 8.46903 7.05605 9.57894 47.7042 6.48767 0.0045352 142.839
-66.6446 18.0137 29.3499 18.1379 28.4383 4.68376 90.3991 16.9657 131.701 33.0721 11.1581 40.322 30.6372 47.8655 9.71286 12.4103 26.8874 55.1957 62.3639 32.3969 22.0408 16.7739 3.09576 20.066 6.20183 15.5066 47.7042 4.69046 0.00707639 139.374
-65.5705 18.7493 29.3499 17.6851 27.2768 4.13974 75.0986 28.8164 131.701 48.6159 8.24673 40.322 12.5725 55.7228 8.01486 10.8003 26.8874 46.1983 66.7702 27.485 33.6248 2.14733 4.08788 32.1945 6.31166 17.5732 42.7696 23.709 0.00325682 139.098
-65.316 16.72 31.0227 19.165 22.0998 11.0983 75.0986 28.6188 131.701 49.3224 7.93541 43.2742 10.5095 53.6741 3.49042 8.62102 44.0074 38.7943 67.177 27.599 31.8808 16.4697 4.83888 25.6273 6.59286 17.3624 35.6732 14.0861 0.000462204 135.869
-65.1807 16.72 31.0219 19.165 30.0505 1.24949 75.0986 28.6188 131.701 49.3224 7.93541 43.9607 15.1186 50.7084 7.29861 15.2236 41.9617 36.9411 67.177 22.29 31.8808 18.8172 5.60412 24.3353 11.747 20.9297 24.7922 10.262 0.00344988 138.342
-66.4747 16.72 30.5162 18.4253 30.0505 2.64385 79.5113 28.6188 131.701 49.3224 4.66447 41.4095 19.468 33.614 15.0714 12.4938 56.1712 39.9352 37.2085 25.2908 52.8545 11.5057 1.38943 17.153 27.691 2.35899 26.0716 15.9486 0.00054608 140.479
-66.6585 16.72 31.2488 18.5243 30.0505 3.26935 72.1607 28.6188 131.701 39.9478 9.03242 35.1607 23.2553 37.5205 21.6572 17.2078 80.8665 21.4447 26.3711 11.8674 76.3963 8.5955 27.3146 28.1764 9.36098 3.32545 21.4358 21.2027 0.00044515 137.62
-64.4133 16.72 29.8895 17.6446 30.2794 4.85567 71.8757 28.6188 129.588 40.7667 13.5538 38.6323 23.226 37.5205 19.3547 14.4527 85.4883 12.5475 17.8464 12.367 89.9226 22.4487 24.6234 8.92536 8.94237 21.5734 7.23682 16.3745 0.000334705 136.884
-65.4123 16.72 29.8895 18.5459 30.3772 3.48957 77.9451 24.5299 135.147 13.8958 36.8563 36.2052 21.3953 55.6481 1.81913 15.2937 42.8188 63.1784 13.3309 27.1075 70.8895 1.02965 41.6378 4.28767 7.58941 16.1218 7.16517 61.1372 0.000299436 138.613
-67.0199 18.2109 31.9918 14.7542 31.4698 3.42134 71.8717 24.5299 135.147 19.2454 25.902 34.4237 31.2349 60.7212 2.39637 7.73639 42.8188 59.0711 15.4695 30.3524 75.8436 4.59358 61.8271 8.90775 20.5494 6.77344 9.13575 1.6152 0.00220493 142.925
-66.0831 18.628 30.5889 15.792 26.8639 5.47307 71.2045 24.5299 136.64 12.1341 22.0311 41.3387 43.3987 60.1666 2.02625 11.0929 53.1476 54.0897 32.5638 25.5114 37.6638 10.816 61.8271 18.0621 4.06694 1.33063 8.48706 4.37475 0.00325453 139.435
-66.5522 18.628 30.5889 15.792 26.6184 6.03388 69.5308 24.5299 136.64 16.6039 24.7939 35.1879 41.5505 55.4669 0.669952 11.2363 53.1819 36.0424 34.2556 48.5391 39.5511 17.7004 61.8271 15.0559 2.81272 3.45268 8.51321 0.374476 0.000390989 137.98
-65.8856 18.628 30.5889 15.792 27.1777 6.71628 69.5308 24.5299 135.294 19.7801 23.6715 35.1879 42.378 50.2902 0.786627 13.4924 61.6701 48.3238 43.4923 20.8227 42.7967 22.4429 56.4682 12.5672 5.96513 1.4584 3.49783 5.83149 0.000210743 136.776
-66.0163 18.628 30.5889 15.792 24.4149 8.67729 68.0128 35.1731 135.294 17.9317 20.9871 37.4945 38.6725 50.537 1.28267 18.8186 62.7353 56.3173 33.4489 20.4696 26.0537 28.3617 61.9379 1.80249 12.2849 5.9853 6.72576 4.71525 0.000251459 136.661
-63.8754 18.5251 30.5889 15.7848 25.2297 8.29433 68.0128 35.1731 135.294 10.9207 15.4966 50.9912 35.6535 46.7775 1.08507 30.7274 61.1902 31.354 25.9831 40.7633 36.5706 25.7273 48.1274 4.89714 19.1172 4.17821 5.64657 4.33449 0.000138273 137.533
-67.6041 18.5251 31.7475 15.7848 25.3648 9.15049 68.0128 35.1731 135.294 7.9064 14.6409 39.3115 40.9895 50.0902 2.36244 36.9609 43.248 30.0429 19.6314 58.2316 49.4838 21.5347 16.6252 32.8955 31.96 6.20867 1.23684 28.2443 0.000431488 142.538
-65.6405 18.4313 31.7475 15.7848 25.3648 6.68373 68.0128 46.8075 128.486 9.15124 13.4364 41.3227 32.0731 45.0919 5.31983 36.1291 54.9128 29.3073 11.0489 59.578 52.8088 21.6309 0.359714 14.1307 39.4781 6.04961 6.29618 13.2202 3.45315e-05 137.525
-66.2454 16.3205 31.7475 16.4084 29.3523 4.84856 68.0128 48.263 128.486 20.3734 14.9124 39.7145 31.9534 38.6423 17.7935 3.80366 48.47 29.1248 30.3347 79.9141 32.9567 2.03135 52.7719 12.0918 20.9224 1.23323 3.46319 2.31284 4.04135e-05 139.489
-66.2581 16.3205 31.7475 16.4084 31.9577 5.97528 28.5922 73.6499 128.486 34.6148 16.384 23.0246 37.3696 37.4201 5.17027 34.6835 44.4028 16.0547 28.6873 102.703 4.64838 1.12245 34.2076 32.6423 21.5299 2.83811 13.7534 19.5765 0.000285653 134.5
-66.2488 16.3205 31.7475 16.4084 32.2371 6.07668 28.5922 73.6499 128.486 44.0112 34.3892 16.9029 26.5503 15.9049 0.894576 41.7017 47.2031 37.2491 15.6322 93.3856 15.9416 3.95169 15.4951 29.5397 15.1419 4.80982 9.25162 35.3197 0.000180776 137.997
-66.9936 16.3205 31.7475 18.1478 30.9493 7.68599 28.5922 73.6499 128.486 40.7271 35.7163 18.6766 28.5486 15.9049 4.99783 38.2816 46.4897 37.2491 11.6563 93.3856 11.9879 27.4 11.5047 35.9186 22.1581 3.97491 11.6047 17.2243 0.000362961 137.376
-66.9429 16.3205 31.7475 18.1478 31.4303 6.1052 28.5922 72.3352 128.486 33.1969 37.7392 22.9384 30.2237 14.1462 13.0706 30.7668 30.8699 27.4395 17.6535 105.258 24.4116 34.0496 3.86721 36.7976 25.8861 3.97491 3.30874 19.8546 0.000265131 134.956
-66.5866 16.3205 31.7475 16.7924 28.9697 9.00963 29.1827 71.1752 128.486 29.6314 23.2646 25.8707 36.0406 14.8245 28.1441 28.8876 22.5654 42.5488 22.3838 83.3004 35.9086 31.5566 10.842 32.0868 5.35967 16.5824 12.0318 7.12676 2.77627e-05 133.296
-66.236 16.3205 31.0927 16.7924 25.6339 13.9147 29.1827 71.1752 128.486 32.4618 26.6573 22.529 38.6277 22.37 20.971 25.6905 54.7241 16.7085 30.8756 54.387 41.7322 38.3984 5.05162 19.0694 11.5528 2.33667 24.8868 26.6535 0.000139389 133.339
-63.217 16.3205 31.9668 18.2345 23.1504 11.7611 29.1827 73.1162 120.84 38.7709 28.2957 21.28 46.6394 17.6717 29.0521 14.5778 3.88263 27.5962 29.7294 61.8258 99.2277 29.3762 4.76922 27.2368 8.59003 8.17601 6.79279 15.733 7.40092e-05 137.774
-67.3224 16.3205 31.9668 18.2345 22.3454 13.7485 28.1527 73.1162 120.84 37.1909 30.8201 21.8152 40.1146 7.49792 28.7841 21.6096 3.88263 26.0122 12.658 83.8225 99.2277 22.8633 14.1256 7.61191 14.8896 10.1294 18.4196 35.8829 2.88023e-05 137.736
-67.4203 16.3205 31.9668 19.0265 23.6885 9.9 34.9007 67.1462 124.572 34.2592 30.2648 20.6371 46.1994 7.49792 27.0222 30.2485 8.09065 12.8078 20.8661 68.8963 99.2277 25.1482 7.61496 0.733416 22.3826 9.49649 17.6988 24.9569 0.000143902 140.339
-65.3771 17.3313 31.9668 18.0391 29.0035 4.83442 28.5995 73.3829 124.572 28.39 27.1884 26.6146 41.2125 16.1822 30.7797 19.1732 4.73504 22.7168 21.883 64.0103 96.0756 14.3153 13.545 15.5693 18.6291 38.0035 7.02674 3.39121 0.00141635 143.761
-67.457 16.6333 36.9436 8.57744 31.7472 10.0328 28.7863 73.3829 132.103 19.6993 24.7754 29.049 41.2125 21.0741 29.1542 12.3325 40.6179 22.3426 19.4379 67.1478 69.5312 30.3139 8.52693 0.556032 12.3562 36.8738 10.3898 2.65304 0.000373454 137.417
-67.7651 16.6333 36.9436 9.0048 31.7472 7.27648 28.7863 73.3829 132.103 19.6993 18.7993 34.3652 41.2125 27.9341 27.4596 7.53299 48.5706 27.9745 13.0802 67.1478 57.9334 29.6087 16.4973 5.67304 7.49593 25.8131 10.4092 4.58336 8.88459e-06 134.175
-65.6162 17.304 36.9436 9.0048 30.6147 8.20754 29.4822 73.9185 132.103 33.8989 16.454 24.4443 32.1436 47.7067 26.5124 4.71329 49.8245 5.85003 27.4058 67.1478 56.2413 13.0405 37.1496 10.0164 23.4442 6.65159 10.286 4.58336 7.8316e-05 136.046
-63.2564 17.304 34.4462 10.0895 30.1999 12.8307 15.4552 73.9185 132.103 29.5318 25.6549 34.127 29.5635 34.2628 33.9685 5.76536 54.7868 8.95554 25.4608 67.1478 56.2718 27.9929 34.2687 10.0164 11.0091 3.32401 11.1852 12.0616 7.20879e-05 138.283
-68.7358 17.304 34.4462 11.9558 31.1257 8.92009 31.0172 56.8527 132.103 35.5368 31.7828 34.9733 21.3866 23.9308 38.7622 12.7017 53.5001 9.65563 30.4087 57.9471 52.7557 2.38718 49.7475 21.5943 15.5791 6.67578 20.9327 26.823 8.46682e-06 139.744
-66.4988 17.304 34.4462 11.9558 31.1257 8.92009 34.8459 56.9041 132.103 39.5741 36.3694 34.4755 19.7993 16.4645 38.2099 6.47286 50.7863 15.1613 70.6518 5.32402 71.8102 3.16118 40.4845 33.3625 14.6374 0.614234 23.0269 8.80075 5.21713e-05 140.713
-67.4944 17.304 35.2719 11.8536 31.1257 5.1148 44.9265 56.9041 133.102 30.6796 49.1892 27.4927 14.6704 13.7971 39.2429 1.60197 61.3959 10.3622 75.2858 6.43804 64.8521 7.63121 7.45292 50.5906 2.05847 17.4801 20.3314 5.38355 0.000114526 136.294
-59.7795 15.7425 35.2719 12.7588 32.2639 4.57969 44.6132 56.9041 134.218 30.6796 52.9024 26.8259 10.1786 25.5253 35.7543 3.64574 50.7799 5.53238 90.4577 21.1359 40.3224 0.5728 7.45292 59.8153 4.89218 6.82813 6.54934 4.27322 0.000368782 145.834
-67.1399 15.7425 35.2719 12.7588 32.7971 5.28143 48.0899 53.5946 134.218 23.9547 52.6396 21.1836 12.7429 29.841 33.1357 1.66889 55.4214 7.8923 96.8855 20.4787 25.3597 9.85234 8.99674 59.2085 7.05712 22.2404 7.68959 3.28788 0.000357051 135.849
-64.1105 15.7425 35.2719 11.8075 32.0308 6.35506 49.5906 53.5946 134.08 19.5275 52.6396 31.3461 0.875562 32.9138 36.0746 5.90182 60.4056 7.61072 88.2174 16.4561 42.4492 10.0479 5.63901 18.7757 5.6501 20.2319 33.2939 17.7854 3.74427e-05 137.996
-66.4708 17.4349 35.2719 11.8075 33.5198 2.44677 46.8778 53.5946 138.928 15.5049 52.6396 29.2238 7.7367 32.9138 21.7578 12.7298 55.6747 10.6759 102.633 4.63391 28.806 14.3602 21.3501 33.8383 5.11095 26.0084 13.3366 11.7878 0.000325883 137.049
-69.9829 17.4349 35.2719 11.8075 34.9487 0.435173 44.3976 56.1244 138.928 15.5049 52.6396 27.5703 8.44691 40.5369 21.6031 11.4728 57.8794 3.40149 113.363 8.79858 23.5773 0.743516 31.6197 30.9544 9.85751 18.0559 11.9002 10.1245 0.00038433 142.579
-65.6973 17.4349 34.9776 11.8075 35.5837 4.18247 37.8022 86.6848 107.384 18.0853 52.6396 33.5494 4.05068 48.1587 12.6989 10.3187 56.9447 18.0077 92.5331 13.0222 16.1382 12.5801 25.8282 37.7336 19.4349 4.60775 6.46977 12.6952 0.00060673 140.38
-67.9615 17.4349 34.9776 11.8075 35.5837 3.41816 36.3841 84.7536 101.247 43.4345 44.9788 24.3511 4.05068 41.136 17.4625 11.8721 58.4974 6.41502 108.828 2.07201 34.6591 2.2631 12.1053 36.9415 32.4066 20.6348 2.85526 14.1904 0.00140987 141.052
-66.0412 17.4349 34.9776 11.8075 32.2873 4.05181 42.9784 80.0131 112.893 32.7412 51.3693 16.108 4.39161 35.0199 28.0049 6.56224 57.5477 31.1537 95.6344 2.07201 23.578 7.20314 14.471 39.3738 20.6092 22.5291 7.51083 14.7427 9.94879e-05 136.656
-65.7207 17.4349 34.9776 11.7108 31.6005 2.9795 42.9784 82.9981 112.893 20.2941 59.5592 24.5322 3.64592 29.6682 37.7175 2.04292 45.6346 27.2077 105.864 2.7473 30.4744 6.12894 13.346 30.8202 21.2861 4.82931 18.2252 3.46107 0.000239995 141.627
-66.4431 14.3092 36.9499 12.3771 38.9042 0.476406 42.9784 75.987 112.893 35.0744 48.4958 23.9681 7.42286 32.2392 15.3831 21.8511 17.47 28.3158 105.864 23.5643 30.3827 7.73489 1.29023 2.76283 55.426 14.6193 23.0308 17.02 1.35854e-05 136.186
-67.5442 14.3092 36.9499 14.1159 35.0693 0.0492438 41.8115 78.2686 112.893 35.0744 54.5149 24.5994 8.61608 29.6468 20.3577 12.5539 24.3999 17.2151 105.864 28.7634 23.7377 8.93294 3.73969 16.4441 37.5212 20.303 21.4573 9.52644 0.000185751 136.827
-63.6936 14.6492 36.9499 11.6047 39.6791 0.803663 40.3729 88.0509 100.483 35.0744 49.6278 18.7513 8.25253 25.0825 34.3188 12.2923 32.5178 19.7857 99.01 28.5117 24.1762 17.0606 10.2702 16.4441 7.67026 20.3299 37.5267 10.6375 0.000488258 140.044
-63.9004 14.1922 36.9499 13.8016 39.6791 0.288782 32.2187 91.1928 96.2498 17.9146 67.2614 31.5119 11.737 23.6025 26.9251 11.7477 22.2104 38.9812 83.861 22.3283 28.357 31.7123 18.0602 5.02693 37.0558 1.38765 26.7611 16.1583 0.000866207 146.899
-67.6094 14.1922 36.9499 13.8016 36.3009 2.29286 32.2187 94.7477 94.6975 17.299 68.4966 32.3837 15.3605 9.09758 39.2175 13.863 35.0925 20.892 83.861 31.1542 33.7503 26.3734 8.96678 15.8778 32.6289 7.69091 20.4049 21.2588 8.21841e-05 138.644
-67.7177 14.2416 36.9499 14.9827 42.3627 2.87296 32.2187 88.075 94.6975 13.5174 74.0511 25.5444 20.5123 9.09758 40.7271 11.4585 41.7592 21.0297 81.9577 18.7773 31.8287 25.4933 16.1592 14.747 33.361 9.25301 11.2673 18.2268 8.51565e-05 138.956
-63.9991 13.1297 37.6125 14.9827 31.7029 3.28375 35.6095 95.2947 105.172 13.1094 70.9369 25.5444 15.2696 12.4022 35.3665 7.41558 39.2489 30.6355 92.2107 19.933 19.8552 11.6812 6.54673 25.4745 23.4876 31.6302 1.32606 39.7486 7.50504e-05 136.537
-63.6998 12.3176 37.6125 15.1542 33.3566 2.02534 32.1286 92.7417 103.006 13.1094 84.8613 25.5444 7.62906 14.4247 39.6007 8.49546 46.5684 28.7964 90.1447 4.62222 25.4483 9.51032 18.2636 18.3377 28.0018 23.4429 3.26026 34.4372 0.00033315 142.069
-61.612 12.3176 37.6125 14.7885 33.3566 3.869 35.81 90.4455 103.006 13.1094 84.8613 25.4776 3.80269 18.0632 25.1183 15.0874 52.5741 31.7855 90.1447 9.59394 18.9156 4.08644 3.20153 26.2575 35.5877 23.9035 3.69256 39.5585 0.000707883 143.576
-63.942 13.6968 38.2672 14.7885 30.5316 5.50032 36.6491 91.8853 103.006 11.976 76.0474 21.857 3.80269 20.4037 33.2034 18.9516 43.8362 26.5599 90.1447 9.59394 25.2532 3.4803 3.31707 17.0026 44.6366 17.6645 25.4251 9.21983 0.000853639 141.091
-63.7985 13.1265 38.2672 12.3819 30.5316 6.14203 36.6491 98.9543 103.006 11.976 74.0316 20.1666 3.49849 8.89141 41.2796 21.4684 60.3436 24.9068 90.1447 5.92884 22.9026 4.6955 6.19779 4.66947 44.6366 16.5045 15.6786 8.25093 0.000172417 140.648
-64.336 13.1265 38.2672 11.5625 30.5316 8.54315 36.6491 98.4411 103.234 16.1002 65.0999 10.6283 19.7919 7.74215 41.2796 20.4572 57.5725 15.6084 90.1447 14.8122 27.6091 2.27096 9.58635 62.7015 7.61794 4.60055 9.85743 27.5788 0.00066056 138.679
-67.2037 13.1265 38.2672 11.5625 30.5316 8.54315 36.6491 96.1524 103.234 17.2955 72.0137 5.68805 15.0179 13.6787 41.2796 18.4669 57.5725 21.2334 86.1496 13.7623 24.0161 23.5173 7.41576 52.8594 1.99672 2.93825 9.85743 23.6964 0.000324853 137.797
-67.2047 13.1265 39.1476 11.5625 30.5316 8.80659 38.4729 98.2014 98.2536 27.0479 78.9793 11.0846 0.522201 5.21669 42.3783 19.0591 54.8149 22.8507 97.2137 11.3162 19.1531 23.4215 15.498 39.0337 11.904 3.84942 6.01764 18.3012 0.000152688 137.633
-67.4858 13.1265 38.5402 11.5625 30.5316 8.59534 36.5123 110.414 82.6975 25.5156 78.9793 7.56892 3.35744 23.5575 40.2413 11.5431 64.684 11.5525 97.2137 10.507 17.5743 23.5158 16.2641 23.6908 17.8091 3.94762 8.77844 26.972 0.00033469 139.366
-66.427 13.2451 38.5402 9.54565 30.4005 11.9077 32.5928 105.677 92.8675 14.6633 78.9793 12.6082 3.35744 33.0182 33.1763 34.9916 31.3749 19.2066 97.2137 5.08148 21.7255 36.1083 12.9941 19.1734 6.7003 18.8962 13.5018 16.279 0.000712415 145.221
-67.2638 12.9369 38.3812 12.5264 27.9621 11.4035 32.5928 104.429 93.654 19.6564 78.9793 9.12014 3.35744 34.4846 36.1666 33.4202 43.3043 8.21914 99.002 4.10273 31.9874 17.4613 12.8038 14.7277 9.09026 18.3423 17.8532 16.5507 0.000353519 141.274
-64.7735 14.794 38.3812 11.608 24.8546 11.9938 32.5928 104.191 93.654 26.6805 78.9793 9.12014 3.35744 36.4347 36.1666 25.9992 20.0765 8.21914 117.884 0.571454 31.7337 34.3223 13.9975 16.8302 3.74893 4.73433 33.796 10.8805 0.000379387 143.33
-65.8855 13.7365 38.3812 13.1301 29.2665 11.29 32.9957 104.198 96.1651 21.1152 78.9793 9.12014 1.9146 43.1706 1.22894 19.2168 42.3122 8.21914 117.884 13.9136 25.2898 20.4821 13.5478 2.44583 14.9431 8.00851 39.3441 12.636 0.000524525 141.615
-66.5547 13.7365 38.3812 14.1538 28.4857 8.07497 32.9957 102.979 92.9621 42.6958 63.0714 0.413862 4.93231 44.4211 7.35603 20.0627 52.2141 8.21914 119.912 14.2628 13.3611 15.7239 4.65448 4.80337 18.5338 23.2588 39.6143 4.48075 0.000567038 138.708
-66.173 1.37623 38.3812 26.0228 24.3629 10.5867 44.9658 106.167 83.9844 41.37 58.0523 0.413862 2.93418 47.75 7.10646 21.9822 51.5579 8.21914 119.912 13.2062 9.4802 5.70488 9.31865 12.6207 13.6334 51.6062 19.1844 6.4691 0.00132087 140.9
-66.5334 1.37623 38.3812 26.8908 27.5578 8.80627 41.3611 97.0287 81.8765 39.9003 49.946 8.70675 10.0797 44.5537 8.11556 33.085 43.0885 21.1028 119.912 6.70271 17.0002 7.30303 17.5242 1.94675 10.5168 31.2698 22.287 14.5256 0.000753125 143.71
-66.3668 1.37623 38.3812 28.2716 25.7021 7.24073 27.984 91.2167 101.612 53.5403 49.1239 10.3761 12.1334 27.1919 22.0119 25.8711 47.4291 13.8262 119.912 4.93463 15.8137 20.008 12.6415 20.3308 28.1078 11.7895 24.3857 16.6514 0.00381948 143.277
-67.021 1.37623 38.2878 27.998 26.3244 7.28564 27.984 97.3076 101.612 63.2413 48.3895 7.32052 6.00944 27.1919 8.9744 27.0139 39.1108 7.02338 119.912 4.93463 33.4262 17.3543 43.4985 6.60009 8.79942 21.047 11.0028 5.50169 0.00167186 139.631
-65.7631 1.22792 38.2878 27.998 25.1693 7.92691 27.984 96.6154 101.612 46.5742 74.4508 8.09962 2.59509 22.7961 8.9744 24.6212 10.6369 35.023 119.912 6.91936 42.2757 31.5398 23.5757 7.85155 9.89687 27.8606 2.64395 16.2593 0.000374077 141.067
-62.9015 1.22792 38.2878 28.2701 24.0907 8.53195 27.984 94.3457 101.612 46.5742 74.4508 8.09962 6.2121 18.4152 10.9352 27.0751 7.91802 47.2121 119.58 6.91936 24.2306 11.8528 18.6186 8.61795 3.10961 52.0346 12.3672 5.635 0.000325486 142.371
-62.7723 1.22792 38.2878 27.6015 26.2595 7.99959 27.8054 93.3068 100.25 45.7326 76.8419 7.56621 6.2121 9.196 10.9352 38.4373 9.19939 61.9708 119.58 3.75887 18.8808 8.87091 23.2509 7.4257 2.31329 35.3039 12.3672 13.5367 8.84687e-05 141.751
-66.2832 1.22792 38.2878 27.6301 27.2436 7.88305 48.883 72.5203 106.404 26.0067 76.8419 7.56621 11.5285 12.3991 40.3927 12.6352 23.6851 46.5505 115.641 3.75887 5.60564 6.26114 23.3567 22.7795 2.31329 47.6933 12.3672 6.55713 0.00032338 139.703
-68.4767 1.22792 38.2878 26.4304 27.0413 7.60848 48.883 95.1413 101.499 21.3018 76.8419 7.56621 5.34635 8.01856 45.953 17.1715 28.2661 37.1646 111.892 3.75887 9.20578 10.1312 35.0009 11.1997 18.8515 11.6197 27.3857 5.20933 0.000404297 145.924
-66.2034 1.22792 38.5126 27.4217 24.4768 7.60779 47.4941 85.8035 101.332 18.272 76.8419 7.56621 15.7595 18.0174 32.9404 7.99274 37.7134 48.6578 114.048 3.75887 0.792409 12.9684 38.1769 1.78911 35.1752 8.86128 8.25407 14.4954 0.000514213 139.661
-65.8878 1.22792 38.5126 27.4217 27.2466 7.63421 52.9359 79.6382 101.951 16.7631 76.8419 7.56621 20.7294 21.6248 35.5541 2.32538 29.8377 28.2516 114.048 31.3101 3.26336 9.04381 28.8849 3.84298 40.4157 9.05134 10.0503 15.2872 0.000505685 138.511
-65.7905 1.22792 38.5126 27.4217 24.698 7.63383 53.339 80.348 101.951 18.9663 76.8419 7.56621 21.925 6.88278 41.813 9.42682 28.6207 12.4001 115.595 31.3101 10.6995 3.0712 31.7498 2.09283 66.079 8.44509 5.13303 6.22272 0.000557833 138.117
-64.7495 1.22792 38.8508 27.927 23.7108 7.66053 53.339 78.9846 101.951 20.3639 76.8419 11.0312 21.6032 1.93604 40.39 9.63419 6.59619 2.79602 119.897 61.1771 9.40142 10.8385 46.7593 6.26981 11.7819 9.88227 5.6225 8.66966 0.00559963 145.623
-65.7684 1.22792 38.8508 28.5657 23.1839 9.23869 50.8894 79.7736 102.861 27.1302 22.9226 40.6441 23.4881 2.77477 42.0403 18.9685 6.59619 2.79602 119.333 63.6879 16.4296 14.3852 45.9686 7.90084 25.055 7.10219 5.39361 11.4643 0.000308335 137.087
-67.7451 4.67594 31.8373 31.6624 21.1726 9.41502 63.9311 67.5228 102.861 60.2283 21.5819 40.2393 7.37072 7.27618 33.5919 15.3353 6.59619 91.7394 34.0837 60.1885 2.0665 3.87701 49.9675 9.77544 3.85487 24.9111 5.36558 12.053 2.58713e-05 138.441
-64.6739 4.67594 31.4551 32.265 23.034 8.43926 63.9311 67.827 102.861 60.2283 17.8737 29.3486 11.5262 9.79894 35.1183 12.921 1.23478 90.0184 51.2603 57.6651 1.0358 11.5807 55.1337 10.3243 3.64145 37.9775 3.58474 5.1085 0.000428323 138.973
-65.1711 4.67594 27.9341 34.234 25.5213 6.89519 51.6929 72.463 102.861 66.1477 24.1112 22.3866 12.121 13.9967 40.6746 12.3494 5.72168 90.0184 26.6159 45.1033 25.4051 17.1056 25.5466 28.5789 15.439 30.251 0.765225 9.00633 0.000284705 140.99
-65.4452 5.65175 28.3574 34.7175 26.4046 5.58305 51.6929 75.9648 102.861 66.1477 16.491 8.06457 28.8731 11.0933 41.6544 11.9612 2.69542 83.3267 51.7576 35.6397 36.7255 37.4568 20.5107 6.88083 26.2317 16.2608 9.65569 3.52573 0.000413682 138.757
-65.194 7.88971 28.3574 33.9477 20.1727 8.47499 51.6929 81.7546 102.861 61.4455 20.6762 8.28938 19.0545 50.5113 9.77207 12.0784 15.2704 54.523 45.4651 56.6267 27.342 53.5882 15.7905 13.1526 15.4331 11.9351 6.29129 2.54118 0.000366372 138.659
-63.982 5.57613 28.3574 35.1561 26.0883 15.8599 52.1273 65.9829 94.0228 61.4455 20.6762 10.7185 23.7977 54.3907 16.2146 12.9232 7.34599 59.7832 37.231 74.7081 8.71225 52.6877 25.7193 15.1595 8.27401 6.17844 10.1697 10.0504 0.000504822 142.191
-65.0049 5.57613 28.3574 34.8378 24.2986 17.4043 52.1273 63.0107 104.496 61.4455 15.5757 8.77065 29.4543 52.5529 7.75827 12.6871 16.695 70.8764 31.3231 78.9867 4.93328 11.7397 28.9273 20.6423 17.361 18.6604 6.13708 25.9925 0.000883482 138.889
-65.4065 5.57613 28.3574 34.0445 16.1963 18.9517 52.1273 52.9859 118.593 32.8325 51.0028 8.77065 26.3462 56.1334 4.04311 15.3691 4.85157 69.641 36.669 82.7524 1.74199 5.06567 16.5123 12.1557 6.63814 14.4316 20.4362 42.7027 0.00142232 144.798
-65.1014 5.04202 28.3574 33.2755 11.8019 20.6777 79.4941 41.3534 118.593 24.2147 56.1489 6.17108 29.6022 7.42648 9.51651 44.2992 27.9917 77.0915 7.42967 85.5957 8.99098 0.649105 10.7458 33.4575 25.7698 19.7362 7.48039 31.1006 0.000335766 138.709
-64.9279 5.04202 28.3574 32.7617 9.10375 21.6418 79.4941 41.3534 119.591 34.5006 58.3641 1.8524 27.5969 3.28143 12.1628 47.4959 14.9055 52.9168 10.3615 113.971 8.99098 1.94634 16.3324 10.9933 38.1222 20.177 8.74311 26.79 0.000519461 140.96
-67.4281 7.79504 28.8947 31.6922 7.839 21.2418 73.4657 39.886 120.867 27.1455 50.5929 4.90858 40.9384 8.95044 14.6984 45.1196 19.5711 31.4262 9.40711 113.971 17.5344 14.8239 29.3009 5.5286 40.6067 13.0092 6.52131 30.2731 0.000630761 139.202
-64.9512 12.3201 28.8947 26.4115 11.7681 20.5142 73.4657 39.886 120.867 40.4411 30.5752 5.81812 43.1068 6.39555 2.30707 55.1677 29.2119 29.3624 14.1354 113.971 24.5305 10.1247 9.19098 8.06667 64.4709 12.4009 8.47995 16.2053 0.000288673 146.647
-68.603 12.3201 28.9963 24.9745 13.374 16.816 85.4057 32.2764 120.867 28.2159 30.5752 9.18237 43.2251 14.3572 3.57728 55.1677 35.3446 29.0667 5.09391 109.888 18.1096 11.8599 5.54882 17.6898 42.5226 4.26538 9.73266 10.7732 0.000280274 147.662
-67.0028 12.3201 28.5004 24.4862 13.5193 20.6977 85.1503 27.6716 122.039 28.2159 33.5076 7.55366 57.593 3.21898 3.53421 51.8411 31.1531 72.1541 8.93246 70.382 20.7644 14.7862 12.8987 27.2236 14.9688 12.9745 13.8496 23.5775 0.000194983 144.173
-63.2532 12.3201 28.5004 25.7281 10.0953 20.4218 87.9388 27.6716 122.039 29.2444 15.6842 8.31393 57.593 15.2614 1.42534 52.7074 26.2353 72.1541 27.1806 70.382 23.8472 14.8285 5.28754 17.2338 18.1051 17.666 20.3123 9.32732 1.39987e-05 144.075
-61.7501 16.0106 28.6775 20.7767 15.1747 17.9705 81.659 29.4 124.58 45.8157 13.5376 11.1614 48.2382 13.8243 1.42534 52.7074 32.357 72.4369 26.5442 34.4331 34.1847 15.4949 6.39579 31.9803 27.282 12.2295 11.4707 11.3451 1.39987e-05 139.369
-65.0383 16.0106 29.936 21.4092 12.9627 17.0574 82.2499 29.4 121.654 43.2824 28.9303 5.18247 44.035 15.32 3.60453 50.6937 28.4855 48.3031 35.1578 45.107 41.183 17.1959 5.44142 32.7434 34.0235 14.6275 3.86439 1.70381 0.000653315 140.507
-65.6466 17.9192 29.936 17.1411 15.3738 15.2576 82.195 29.4 128.037 45.867 10.0844 4.70762 58.6967 17.3666 3.59673 50.6937 14.967 58.5684 36.9461 36.9794 57.3347 24.9687 14.3148 13.4884 26.1306 16.9217 3.49527 1.70381 8.60925e-05 138.468
-67.9014 17.1918 29.936 19.2179 13.5359 19.0828 65.8339 29.3267 128.037 54.2412 6.47429 7.84849 57.0799 5.0254 26.672 43.9937 56.7352 26.8465 62.764 38.1055 25.2654 28.3388 22.5086 1.24134 14.7025 22.8655 9.69401 0.952735 0.000233621 138.71
-69.2215 17.612 32.153 18.8538 13.6482 19.4802 61.981 29.3267 128.645 54.2412 6.47429 10.6574 66.0365 6.03111 9.00128 39.6415 54.7107 22.5365 54.0103 75.2443 1.81765 23.3988 7.75719 16.7522 31.4471 7.75419 13.7057 9.41313 0.000618589 145.143
-66.6113 17.612 32.153 18.2345 13.6482 19.4802 61.981 29.7945 128.645 54.2412 6.47429 1.64269 79.5904 6.03111 7.58812 39.6818 56.4813 15.6413 51.4488 69.8493 1.81765 30.9624 9.29301 5.95837 10.2806 15.4307 28.6256 29.8309 0.00112693 144.417
-66.6318 16.3583 32.153 17.4537 17.1764 19.1039 63.9917 15.896 139.174 54.2412 6.47429 1.64269 75.988 6.03111 6.64049 39.6818 68.5941 16.4157 38.2222 70.9271 16.748 20.1297 11.3822 27.5652 33.6385 6.44431 12.2738 11.9997 0.00336003 144.18
-67.4644 16.2859 32.153 17.0478 15.1493 20.3783 64.2615 15.896 139.174 56.4815 6.47429 4.53993 75.988 6.03111 16.9857 30.6674 67.0679 15.3891 27.5843 72.8157 13.6699 11.8353 45.898 6.07759 34.7951 16.112 6.30625 9.15938 0.00851611 145.494
-64.7071 16.2859 32.153 17.0478 15.5684 19.8432 64.7254 17.2723 139.174 53.6188 6.47429 4.19794 75.988 5.39397 17.3983 28.9366 52.7295 18.1988 37.2803 83.6099 13.5589 26.5809 21.6839 7.55158 38.6766 16.2466 2.47646 18.4959 0.0110964 143.931
-66.9368 16.2859 31.3496 17.0478 16.421 17.7527 57.6379 30.6583 139.174 52.3568 6.47429 1.29803 77.063 5.39397 20.251 24.5865 55.7394 24.4929 31.5411 79.5736 13.5589 31.5023 12.8388 13.469 27.7242 24.9005 1.59723 15.6818 0.00273787 139.362
-65.6573 15.4718 31.3496 19.9986 17.8277 17.7527 52.364 30.4977 137.059 52.3568 6.47429 2.36834 77.063 5.17229 28.3197 22.2251 51.8114 25.7558 32.5706 82.981 17.1417 24.253 10.8104 28.4893 2.19147 16.5314 21.9758 7.22263 0.00735244 144.355
-69.5771 16.9839 31.995 18.1595 18.6535 14.9901 51.7205 44.2051 132.194 58.2995 6.47429 1.5721 52.2164 7.4756 26.8693 33.487 38.6804 23.4564 39.1006 68.3964 32.4489 11.7327 19.0565 30.3629 4.53171 14.5468 28.9699 22.6282 0.0154058 147.609
-67.1589 16.1903 31.995 18.1595 15.0419 19.6672 48.8941 39.8529 142.498 40.8625 6.47429 3.22856 69.4196 4.67025 24.0159 43.6241 45.239 26.8205 33.9154 70.2395 18.2601 38.3985 17.5764 2.20447 13.6658 11.799 23.3479 17.3285 0.00611011 139.254
-66.8681 16.1903 31.995 18.1595 14.5549 19.3288 48.8941 38.278 142.498 54.2827 1.56007 11.9827 57.3598 13.3067 11.2532 43.6241 45.239 30.3923 25.8767 70.2203 17.9943 23.2509 23.4109 7.74113 23.3058 11.4386 20.4264 25.0603 0.00242963 137.667
-65.3103 16.4978 30.2355 18.5629 15.6279 17.7251 55.2929 35.2188 140.502 54.2827 1.56007 23.6786 42.0627 7.58149 16.6594 46.4482 23.5086 53.9063 10.3794 94.2673 17.5883 50.2941 1.57318 5.74903 6.64258 24.0104 21.6688 13.9353 0.00136315 138.24
-65.8861 16.4978 30.8832 17.6306 16.2106 17.7357 59.3945 24.946 146.442 59.5122 6.35584 17.4506 39.8855 11.8339 20.5545 33.4034 22.0784 53.9063 8.47228 92.7105 16.5332 47.4797 15.0715 3.21862 4.80259 18.962 21.5846 18.4121 0.00220546 137.961
-66.0952 17.2332 30.8832 16.5031 16.7712 18.2114 59.3257 19.5339 144.835 62.4855 9.6817 22.9142 34.2328 28.9162 16.6522 15.4939 29.6625 60.5339 4.37597 98.6557 18.7487 50.8519 11.3691 4.32237 10.5773 6.18287 9.51106 12.9644 0.00024363 136.629
-68.7434 18.3518 30.8832 16.6682 16.7712 18.5878 59.3257 20.8551 144.835 55.8961 9.02241 27.4205 32.6817 26.5102 15.1559 19.2583 37.586 33.8645 13.7082 97.5966 24.9937 25.7207 22.3808 15.7769 19.3358 24.7854 6.20297 15.0968 0.000440242 138.567
-65.453 17.6502 31.7754 16.6682 14.4873 28.6411 55.0756 15.7541 144.835 56.3363 12.8427 27.4205 34.4183 28.9417 15.2851 17.644 13.6966 51.0745 18.905 96.5593 27.7673 13.3389 8.63973 6.79421 13.8447 21.8812 9.67081 58.2332 0.000462058 141.613
-67.0179 19.9502 27.5456 16.6682 13.1328 32.2131 55.0756 25.8336 144.835 56.1737 14.6728 4.02213 39.309 18.8361 19.0515 32.1451 36.1739 15.8476 15.7847 106.859 33.1166 5.10424 21.4138 12.2074 21.9649 25.9957 16.1297 45.5935 5.84641e-05 142.304
-64.7244 19.889 27.5456 16.6682 13.1328 32.1797 51.9223 29.9358 154.644 34.5843 16.805 10.1251 42.3935 39.0609 12.9362 15.3285 58.4038 21.9591 26.6458 107.102 1.59945 28.8532 13.8966 22.8431 0.975495 22.6434 13.0513 4.69375 5.69085e-05 145.807
-65.656 20.2419 26.8205 17.4138 13.1328 33.5982 53.4401 16.4429 154.644 30.2943 19.7315 20.9727 31.8533 38.5304 31.9917 2.24285 54.1084 31.202 25.4752 91.4055 3.7896 11.0302 7.70242 11.4836 30.7442 41.4733 10.5054 33.3051 2.49258e-05 141.868
-64.1029 20.6549 26.8205 17.4138 12.6325 32.4025 51.4043 20.6626 154.644 23.1595 22.8634 42.7859 27.6278 4.67505 31.9775 31.7361 91.253 24.4367 23.2229 20.0457 62.9354 5.88477 23.6499 13.7887 11.8759 15.5643 10.7067 22.6696 8.93204e-05 138.041
-64.9066 18.5444 26.8205 18.5773 11.9945 33.2323 51.4043 18.0329 145.924 29.8037 25.1789 55.4359 25.5702 8.00137 22.0737 33.3984 78.3734 37.996 6.77639 20.0457 73.0922 9.26718 34.5322 19.5075 14.6072 1.52869 8.02929 5.54384 0.000136866 140.368
-65.5762 20.3688 26.8205 18.5773 12.5396 33.5941 44.0505 17.8337 159.134 39.5376 24.7937 55.4359 1.63685 11.2705 22.8414 34.492 94.9276 25.4198 17.4643 20.0457 47.4996 8.27953 51.3925 24.6689 6.16543 0.810474 11.2581 1.07514 0.000552974 140.552
-67.2835 20.3688 27.066 18.5773 13.4166 30.8569 40.7858 26.7548 155.704 19.1229 25.0973 55.1427 17.416 15.0344 24.3 32.4016 66.4492 32.2653 44.3591 22.6537 34.2739 16.189 24.9907 23.4774 7.29051 19.5919 12.7569 32.6186 0.00330064 140.538
-66.9399 20.3688 26.7591 18.5773 10.1913 26.428 40.7858 26.7548 157.894 24.1493 36.0674 55.4634 7.14421 21.2822 13.1613 31.1201 64.2569 39.1436 5.82046 37.8968 65.7472 3.3587 23.1666 5.11348 44.5061 4.59248 10.2964 41.6319 0.000989847 139.182
-65.8796 20.7188 26.9143 16.575 10.6488 27.8338 38.2781 27.1306 167.288 27.3771 27.2209 56.0499 11.3994 16.3995 13.3794 35.0989 55.9301 18.6223 3.24516 61.7865 65.7472 0.424315 7.21256 9.75277 16.7937 16.0391 58.1599 0.930398 6.06972e-05 137.295
-66.6213 21.0308 26.9143 16.575 11.8316 28.0265 35.1412 29.8204 167.288 27.3771 26.3314 15.1687 49.0468 12.3117 13.8922 36.9803 53.0885 16.0651 3.24516 61.014 79.1641 2.96452 4.93498 12.1444 10.992 17.6704 59.815 6.07066 0.000658655 142.289
-65.1845 21.0308 27.2772 16.6405 10.3343 25.1207 37.2415 29.8204 167.288 29.0594 26.1754 8.04335 47.0828 21.4946 23.3089 34.4828 46.6638 17.8895 3.24516 43.7225 114.603 4.67647 21.9602 8.48509 8.83997 13.2576 32.6376 4.54929 0.000102361 140.611
-67.5418 21.0308 27.2772 18.2582 10.5264 23.6289 37.2415 30.1024 167.288 39.883 15.1375 8.25308 53.916 16.2301 17.0551 34.4828 49.8508 16.8664 3.9181 49.0894 109.46 4.83885 26.9123 12.1657 0.659484 5.27674 30.7014 10.1824 0.000397065 138.14
-65.1829 14.758 33.0328 17.5822 10.8 25.2192 37.2415 31.2721 167.288 32.6961 13.533 9.19462 54.0594 26.6428 17.1273 30.7576 41.8893 15.698 2.64412 60.1113 109.46 7.93582 16.0876 11.4334 10.4204 13.8475 23.8588 7.2043 0.000633156 137.751
-63.1691 14.758 33.0328 17.5822 10.0383 24.5941 38.4175 31.2721 167.288 31.6991 21.5007 5.95099 54.0594 16.1643 17.5018 27.1558 54.4293 21.0195 2.64412 63.4557 89.6958 11.685 13.5761 3.48298 22.5353 1.83551 27.6095 9.0272 0.0014687 142.18
-62.6276 14.758 33.0328 17.5822 11.1452 24.0509 38.4175 31.2721 166.92 20.6831 21.0896 6.59343 70.1501 35.1137 16.7196 22.5288 18.9115 24.6256 3.26291 73.344 88.4219 6.67294 6.05222 5.81136 16.9301 20.2678 33.6089 8.67708 0.00337918 142.393
-64.6258 14.5322 33.0328 16.8125 10.2548 25.113 38.4175 31.2721 155.993 20.6831 24.7948 8.40808 65.4606 23.3722 14.5223 30.3227 24.552 4.88002 24.6205 101.553 80.0491 17.1981 9.02197 1.46759 16.8175 14.9074 18.4609 23.0384 0.00134007 144.6
-65.1306 16.7311 33.0328 16.8125 8.2932 27.3196 37.3262 33.1372 155.993 20.0605 19.8006 9.60864 72.0066 28.8044 16.7192 26.824 37.0792 4.88002 15.7171 73.488 80.0491 24.7886 5.89143 14.5997 14.2646 16.261 10.2017 27.6516 0.000527189 138.527
-69.9769 16.7311 33.0328 14.5965 11.5334 26.3452 42.5424 33.4304 155.993 30.9467 16.7313 12.3389 62.9477 21.8415 17.0316 26.8116 21.2943 4.88002 31.9925 73.7579 81.6659 25.7643 5.89143 3.82969 6.38814 15.4519 18.1001 31.0077 0.000103173 139.352
-67.6365 15.9595 33.0328 16.3704 8.86654 26.3452 42.5424 33.4304 155.993 30.5817 20.1087 8.56869 56.5292 23.0645 19.572 21.983 24.0555 1.25457 24.9289 77.8784 97.0333 6.98021 14.5644 26.0718 3.32106 11.0376 26.5024 22.3163 0.000374491 136.066
-65.5719 15.4863 33.0328 16.3704 13.3759 24.3718 38.3753 36.1662 155.993 35.267 20.1087 8.25441 52.9567 22.8488 23.5434 20.2771 27.1552 1.25457 22.6868 77.8784 97.0333 6.98021 3.10428 25.2278 5.83184 13.0365 36.0031 3.74898 0.000758391 135.947
-66.6451 15.4863 33.037 15.5459 11.4188 24.3501 38.8308 36.1662 155.993 32.6504 27.2326 6.31045 49.6957 6.34901 34.8983 22.4381 13.1881 1.25457 44.0599 80.4863 97.0333 13.69 8.66754 18.5727 4.13221 13.1728 24.7187 1.24136 0.000143774 142.43
-67.2328 15.4863 33.7181 18.2593 9.28833 22.3185 46.039 36.1662 157.347 34.1561 29.528 5.60051 50.7641 10.3237 39.5115 21.9696 9.30446 5.02992 16.178 83.7786 97.0333 21.7295 16.0391 11.4616 7.81851 14.0925 16.331 12.5726 0.000143774 141.522
-66.6283 15.31 33.7181 16.3366 14.1768 22.3185 41.7119 38.6517 148.723 39.4854 29.528 5.54855 44.2815 32.8253 9.55272 20.0369 9.78803 6.31078 10.4335 121.017 74.7886 20.2553 37.3081 5.44862 2.5309 18.7012 13.6584 12.3508 0.000143774 135.417
-66.935 5.81085 33.7181 26.1543 14.1768 21.5873 45.1854 34.5885 148.723 42.6985 29.751 10.4043 44.2815 6.94567 33.4572 21.8805 6.15475 6.31078 10.7196 121.017 74.7886 13.5411 30.1555 5.44862 8.36952 5.40648 27.5324 19.4731 0.000143774 137.503
-65.2926 5.81085 33.7181 27.3718 12.6178 20.4636 50.1941 50.7341 130.685 39.7353 29.751 13.3176 44.2815 11.2535 22.0684 30.7597 6.15475 14.0147 11.8642 115.198 58.8214 9.79049 43.3081 7.72725 7.03629 4.85742 33.0102 4.62445 0.000467923 135.696
-63.7543 5.81085 33.7181 27.603 10.1368 22.4499 47.7558 50.7341 124.544 47.8881 33.9005 13.3176 44.2815 8.285 17.9349 25.1004 16.3451 14.0147 11.8642 116.754 68.3744 6.47127 38.8945 8.37534 21.7493 6.40142 4.5135 18.5536 0.000174578 136.708
-64.6711 5.81085 33.7181 27.603 12.9616 21.7158 51.3699 59.9438 124.544 44.1226 21.943 10.5941 44.0328 14.7617 20.2273 18.7354 12.9099 14.0147 10.3686 116.754 63.7174 4.22446 46.885 12.2441 20.936 6.65765 5.36545 22.7334 3.45932e-05 135.033
-64.9293 5.81085 32.9243 27.7015 10.288 23.4114 55.4316 59.9438 117.056 48.894 10.7496 6.27833 55.4722 25.7144 16.8604 17.76 10.877 19.4675 21.6251 120.414 32.4358 4.22446 46.5057 26.1001 22.3983 5.22682 14.0589 0.788712 2.33468e-05 136.276
-67.2945 3.75935 32.9243 28.9478 10.1249 24.4395 59.1729 59.9438 115.707 41.8575 9.91108 5.92406 59.6133 28.9884 14.7484 20.088 6.65588 19.4675 23.9719 120.414 28.3285 2.42854 49.7647 2.38415 24.6614 5.89898 18.8285 25.1757 1.43356e-06 139.414
-63.0548 3.15867 32.9243 29.5995 6.89463 28.2728 65.2494 56.7783 117.051 42.5901 8.92262 4.73081 59.2075 17.4754 42.4064 5.97899 7.31595 26.0079 24.6431 120.414 20.9089 9.04905 38.3036 10.6863 11.2897 11.4375 18.9918 7.6523 0.000152591 143.083
-67.0275 3.15867 32.9243 31.3222 5.00109 28.0314 68.0597 61.4562 102.217 39.7758 11.2483 7.18422 66.3624 5.03138 37.1524 11.2568 15.8114 26.0079 19.4087 131.864 16.2372 17.8413 25.8074 40.3901 2.34759 14.7179 8.74758 8.59313 0.000529741 137.892
-64.4581 3.15867 32.9243 31.4111 3.93588 28.0314 67.7551 62.0584 102.692 39.7758 41.0023 6.11839 43.452 6.99125 29.1968 11.2568 19.6108 27.1748 20.0293 133.777 14.0847 33.0337 21.9336 14.4084 7.91518 12.5327 12.922 11.7287 0.000268934 136.934
-65.6206 6.07817 32.9243 28.5137 7.14217 27.799 70.83 62.0355 99.7455 32.1251 37.2317 6.91478 46.7347 2.05387 38.8844 11.2568 3.01757 57.3934 9.36792 117.53 15.0791 36.37 18.6155 22.2179 10.6635 7.19371 17.4778 7.77292 0.000534113 142.9
-66.1083 6.07817 33.3001 28.4088 5.25828 26.6854 65.5667 54.372 103.584 51.3519 40.2695 8.25952 38.2012 7.913 44.7537 6.29685 15.5954 46.5335 43.3643 75.6571 17.9613 9.72962 17.1832 49.0647 16.5138 3.77073 8.92891 1.51611 0.000347544 136.447
-68.0226 6.47334 34.8096 26.0676 7.28589 25.754 56.8233 107.085 68.8877 45.4998 32.3907 7.92364 33.2935 11.2072 45.9866 8.80975 36.445 32.4674 57.6739 64.9626 5.43744 23.9874 8.80975 49.6532 6.26538 12.2746 14.5201 6.85618 0.000137141 135.904
-66.2581 6.47334 34.8096 26.0676 8.85128 23.6748 56.523 104.581 75.1868 48.5124 32.5396 5.17144 27.9627 11.4618 48.9731 11.2202 40.4786 24.9318 61.2726 66.9036 6.95923 22.4858 16.9452 21.6538 0.95579 11.8892 38.0697 16.7398 0.000133827 139.625
-66.3666 5.59755 34.8096 26.9593 7.7314 25.1305 56.6412 98.4439 75.3219 43.9536 38.0192 13.5755 28.7867 9.31647 58.2726 0.703849 38.019 21.515 52.0458 81.3508 2.52789 12.315 9.64395 11.2178 18.2409 46.7343 20.773 42.0874 0.000165726 141.961
-68.2436 5.59755 34.8096 26.9593 8.59655 23.6998 56.2282 116.529 63.6372 30.5357 35.7298 15.5421 28.9673 11.9012 60.2625 9.09842 28.3155 43.733 30.8584 79.9759 1.3895 7.40896 4.80855 14.9693 30.272 54.6672 9.90293 7.86073 1.07126e-06 137.398
-64.718 5.33333 34.8096 26.9593 8.03307 25.3543 55.5494 117.511 61.4771 25.2353 38.7646 20.454 34.3037 1.8395 50.535 8.97727 25.9734 43.733 37.3789 74.8102 27.7006 10.2061 4.80855 21.7209 9.69759 54.6672 10.5133 7.68068 4.62431e-05 135.332
-65.0847 5.33333 34.0393 26.9593 5.30551 30.1028 51.7775 118.237 55.4114 44.7531 37.5249 23.4264 25.9231 4.19162 45.7508 8.88612 21.513 36.3965 50.598 74.8102 21.8088 17.6254 10.287 18.1434 14.5904 35.7992 8.92581 14.6965 3.62184e-05 133.742
-65.7769 5.33333 34.0393 26.9593 2.76247 29.9515 56.7325 118.372 55.872 39.2486 27.4893 25.9909 34.7533 7.01159 45.5896 10.1111 24.9567 34.8364 43.3967 72.6517 23.0526 28.9909 7.24018 20.8923 19.58 20.6343 8.00862 18.9364 3.49919e-05 132.592
-65.9708 5.21691 34.0393 27.7256 3.17514 29.8051 56.7325 117.436 59.3038 40.3496 27.4893 18.1274 42.0143 12.9539 33.2964 4.33704 26.3577 33.3284 25.174 97.7957 31.9062 30.1166 5.06486 14.3858 22.1584 15.9649 3.40526 64.2495 0.00014928 138.279
-65.9742 5.21691 34.0393 27.7618 1.11587 31.7057 56.7325 117 59.3038 61.0983 37.5687 9.04939 15.8178 14.0832 47.0756 3.99856 32.8502 17.6946 12.6437 99.2267 50.0993 14.9241 2.75341 22.2649 4.01814 18.0367 13.2456 42.7828 0.000104035 136.147
-65.996 5.21691 34.0393 26.7773 2.3528 32.5976 58.032 117.86 51.8738 50.4718 30.5942 18.6201 17.9736 13.3814 49.4401 1.67919 8.59141 25.5326 21.4068 114.874 45.0507 7.20363 8.43815 21.5822 15.676 21.8206 26.2241 14.768 3.49674e-05 135.563
-65.8089 5.21691 34.0393 29.4303 2.69193 29.6862 58.032 118.357 51.1031 57.6656 25.391 25.84 17.4166 5.33446 48.1972 11.492 9.80069 27.5946 23.4309 122.844 16.53 12.8636 3.97945 28.6908 16.9183 14.1132 27.1089 25.4281 1.94105e-07 133.381
-65.6071 5.21691 34.1949 26.9646 3.3266 31.5203 64.1052 113.789 52.9587 57.6656 13.1262 21.6512 34.8139 4.72488 45.5988 10.4407 0.979252 22.5985 22.577 122.541 36.9261 1.5498 6.93421 32.571 2.93223 32.7535 16.6751 37.2798 3.12075e-05 137.591
-66.7975 5.21691 36.3505 26.7584 1.04016 31.5203 61.8712 118.939 52.9587 62.1701 11.753 24.5402 24.5577 3.97886 37.2064 23.7625 1.59534 22.5985 18.0617 122.541 36.5562 16.9755 9.47806 28.2806 12.6112 16.2162 13.3486 13.3071 4.04768e-05 136.267
-67.1283 5.21691 36.3505 26.7617 2.80495 30.0247 62.7421 115.895 52.9587 62.3155 11.753 31.3251 19.4224 1.76868 36.8488 25.078 25.5391 22.5985 9.62409 129.035 15.0891 19.4509 15.026 18.8307 11.5806 35.756 9.16191 1.8282 4.73184e-05 135.433
-65.64 4.57864 36.3505 26.7617 2.80495 30.0247 62.4382 111.795 54.6095 43.3827 11.0733 42.48 19.4224 7.72453 35.0762 35.3141 14.1086 23.7521 9.62409 129.035 21.4947 5.50686 14.5503 35.3108 4.05904 33.736 14.4644 16.6875 4.66373e-06 136.118
-65.8507 4.64668 34.3526 26.7617 2.67991 29.1167 62.4382 116.627 58.1911 50.2388 11.0733 42.48 15.049 7.72453 35.0762 34.5159 14.2895 18.1214 2.01071 129.219 18.7433 9.45716 7.67897 32.0963 2.16618 35.2615 23.3518 24.1163 0.000131899 141.801
-65.6375 4.64668 34.1454 29.0346 3.93698 29.1167 62.1768 112.337 62.1092 53.8434 11.0733 39.6942 13.7902 12.0714 23.1198 32.519 20.8703 18.1214 2.01071 142.776 13.26 9.53197 5.46611 29.3592 4.68695 22.7303 23.2955 43.9463 6.95594e-05 138.337
-65.6745 4.64668 33.3057 29.4433 6.55436 25.6723 65.0097 116.53 54.8911 53.8434 22.4606 23.9376 21.0741 8.48247 25.2769 20.9996 24.8687 24.7048 2.01071 143.109 14.1284 6.66687 19.247 32.8396 17.9045 14.9815 5.34305 26.0065 2.69023e-05 136.486
-67.1941 4.64668 33.3057 29.7464 3.96833 25.6723 81.6409 111.403 39.0802 68.6677 5.93312 33.0418 18.8862 5.75704 48.803 8.48862 14.5013 24.7048 9.23898 129.988 24.0564 2.67494 13.8331 38.6984 8.12994 19.2306 11.223 28.5028 4.32301e-05 136.422
-67.7328 4.64668 33.3057 29.7464 5.78107 24.9587 69.8608 132.397 34.5066 74.5166 5.93312 22.67 15.3945 7.84063 53.7049 0.545437 10.2162 34.024 20.4271 121.147 26.773 3.74683 16.7647 45.8067 1.83557 19.4948 12.2175 23.1071 6.28328e-05 140.094
-68.7275 5.16322 33.3057 30.0672 5.78107 24.9587 70.9139 125.466 28.5546 74.5166 3.09179 23.2175 31.765 0.54114 53.7049 11.4163 10.2162 5.70402 35.4763 121.147 26.639 5.09268 13.0642 60.0543 6.96464 33.8171 10.0849 6.53233 0.00198147 148.526
-68.0715 5.16322 33.3057 30.0672 3.96453 24.9587 70.9888 127.872 28.59 68.55 3.09179 25.5527 38.0209 0.54114 42.3257 16.2944 10.2162 5.70402 32.1943 124.678 21.0836 23.9641 4.67821 36.2426 1.34834 33.1727 6.75149 15.7482 0.000596643 144.744
-66.6916 4.36478 33.3057 30.2888 5.11307 26.2222 64.1635 127.043 30.7952 67.8749 3.09179 23.9984 40.4366 8.11725 28.4725 29.3487 10.2162 2.95099 21.2563 135.629 27.9967 18.9448 10.4897 3.69519 6.5546 25.7085 38.0048 20.4981 0.000222873 137.173
-65.7125 5.10754 33.3057 29.4953 4.87312 25.2013 73.4911 129.36 30.7952 71.3898 3.09179 16.3077 31.4572 7.24603 36.2539 24.093 28.2921 2.95099 10.7958 124.883 18.6106 22.3018 37.0931 3.12328 14.547 17.8398 16.6858 24.2812 0.000402042 142.51
-64.8258 5.58568 33.3057 29.4953 4.99938 25.9928 75.5303 123.114 31.3815 60.7244 26.343 13.0571 21.274 16.6255 24.6725 26.963 54.745 2.95099 22.9956 102.654 8.1412 29.9375 29.8534 11.2492 8.24374 14.5545 26.2176 11.3161 0.000859871 137.323
-64.9212 5.58568 33.3057 29.4953 4.65599 25.9928 75.5303 128.283 32.6106 60.7244 32.1171 17.3969 16.6044 7.50429 22.9662 20.9083 53.3747 2.95099 28.8346 119.013 4.06608 9.75539 35.4771 16.9067 4.62578 17.0437 9.40821 47.217 0.00146939 139.306
-65.0113 6.14053 33.3057 27.2357 4.55825 27.7391 55.7759 129.481 39.4067 68.2577 28.8233 13.9289 20.1014 4.68322 31.0147 27.8297 56.2409 2.95099 41.2295 97.1065 2.3963 20.3361 47.469 3.70341 7.34625 7.07483 9.40821 22.5904 0.000376239 139.24
-64.7731 6.14053 34.6346 25.9687 4.55825 37.3782 56.801 127.874 39.0014 61.6244 29.1827 16.1621 20.1014 4.69829 17.803 33.0123 68.7399 2.95099 34.888 92.0254 9.67782 1.51541 16.1493 50.1303 2.28461 26.8671 7.15968 18.2493 0.0012998 142.818
-66.5477 6.14053 34.6346 25.9687 4.26804 29.2028 62.8019 127.101 39.0014 58.596 21.9531 12.5269 25.6996 4.69829 30.598 34.6143 62.2839 16.1428 14.1555 89.5055 26.7053 2.56426 15.7757 58.6141 5.19572 22.1006 1.47964 1.47515 7.56011e-05 137.161
-65.1451 6.14053 32.8602 28.3042 0.644732 42.8324 46.8088 133.891 39.0014 47.1984 21.9531 24.2714 29.5335 7.46975 22.3191 30.1614 42.8406 23.6313 23.6564 82.9701 34.2656 14.3648 1.67554 47.1818 7.98823 9.48823 19.9237 26.7446 1.63563e-07 135.427
-66.666 6.14053 32.8602 29.2263 1.2583 42.7043 45.577 130.666 37.4913 34.7078 21.9531 38.3541 33.9439 7.46975 23.6084 28.009 40.6545 23.4246 19.8896 86.6717 41.2312 22.5525 16.3967 11.1295 7.77822 19.2405 6.61309 51.0538 1.63563e-07 140.411
-64.9215 5.38986 32.4679 29.2263 1.2583 42.7043 45.577 132.425 48.2624 34.3726 27.2141 21.547 30.0118 14.7222 31.8508 23.8125 48.2747 16.9686 25.7469 75.946 46.1384 19.1811 15.5031 8.0857 7.81259 20.835 8.42269 30.8389 1.63563e-07 137.082
-61.9487 2.20355 32.4679 34.3893 1.2583 28.7718 45.577 132.512 49.6607 43.354 22.6469 7.75613 49.5946 20.3332 12.0643 38.2821 63.0041 16.9686 19.5794 71.4529 32.9847 6.96946 34.054 17.614 6.76848 20.0444 20.4188 13.2252 1.63563e-07 138.246
-64.8822 2.20355 32.7171 33.4867 3.54335 30.085 45.577 132.501 52.9234 42.4213 25.7559 7.75613 49.5946 14.3556 9.51863 31.6877 58.2546 16.9686 24.0385 66.4473 46.5485 38.1738 17.611 14.29 7.52478 11.8989 3.91719 34.4614 0.000116401 134.239
-66.3448 2.20355 32.7171 36.257 0.728178 30.085 45.577 130.095 52.9234 32.6904 36.6997 10.7542 49.5946 14.0042 10.8893 33.8511 61.6976 16.9686 30.8948 60.1927 39.4747 42.6286 28.073 5.99528 10.0755 13.3566 14.5718 15.6543 8.32048e-06 140.513
-65.0424 2.20355 30.8879 35.4523 3.20529 30.2061 39.1019 129.197 63.5671 22.092 31.0271 19.6387 49.5946 4.73684 16.3234 40.018 104.974 1.05196 28.3373 50.8377 24.0075 39.6288 31.7466 9.26188 4.75495 26.9515 7.70339 0.151591 0.000214864 142.288
-67.1726 2.20355 30.8879 35.2355 3.08225 29.19 53.1621 122.782 63.5671 19.4884 34.1093 19.6387 34.3227 6.67599 28.9849 41.1561 102.523 1.05196 29.3782 47.9397 17.2971 17.8917 39.5007 12.0104 7.15557 20.3832 9.96817 25.1302 6.77543e-05 138.943
-67.6326 2.20355 30.8879 36.4348 2.073 30.297 54.1339 117.275 58.0908 35.2773 35.168 18.3422 34.3227 15.3026 11.4888 41.1737 98.333 1.05196 27.9278 55.6669 15.1797 8.21753 56.2454 9.2775 3.39625 7.74023 24.0946 12.0061 0.000334904 137.494
-66.69 2.20355 31.6992 36.4303 2.46945 30.297 18.5624 128.031 83.4955 27.157 42.0075 18.3422 29.4739 20.1745 5.45359 35.6753 94.5414 1.05196 23.6951 58.8972 33.9452 5.82104 47.819 3.31847 3.10431 2.53549 31.5842 14.7775 0.000108802 139.632
-66.3909 2.20355 31.6992 36.0106 2.43553 32.1526 18.5624 129.628 83.4955 21.4321 41.5461 17.1882 34.7787 31.0194 4.87942 35.1154 109.101 1.05196 3.91386 45.0617 40.7279 19.6045 19.1786 6.80746 28.8171 4.05414 29.6828 14.7775 2.4675e-05 136.391
-67.4155 2.20355 29.5907 37.7247 0.420791 32.1526 18.5624 125.195 80.546 14.9658 49.7941 17.1882 38.5279 32.5549 12.7381 30.2742 73.5045 41.8794 5.09932 50.518 29.4198 18.5074 20.2364 4.62928 44.97 11.2853 16.179 1.42368 9.76908e-07 136.563
-65.8335 2.20355 26.1144 40.5521 2.99951 34.432 9.65484 135.047 82.1413 17.309 39.1306 11.3873 44.026 43.0141 3.2996 31.4835 73.5045 55.5285 7.7728 34.22 29.4198 9.58007 22.2892 10.3189 47.6072 14.9615 3.76225 12.6887 0.00107838 139.712
-67.177 2.25174 24.6643 43.0868 1.34832 32.569 8.96513 129.025 93.9252 14.4334 35.4935 13.7579 37.9885 41.5487 8.94347 33.2173 64.413 73.3868 2.10856 45.2532 20.6387 9.39668 26.357 1.44501 29.3248 7.14388 20.6772 13.2078 0.000702524 139.936
-66.1772 4.34874 24.6643 41.7849 10.0322 31.5253 8.96513 129.025 88.8875 21.667 36.6087 13.7579 41.3863 29.8478 10.4638 26.973 64.413 54.5448 32.8155 22.9772 26.8369 23.5928 21.2142 11.5884 22.9795 7.63452 16.1309 15.9609 0.000798062 139.519
-66.2853 12.5596 16.4632 41.5577 1.89551 30.7972 14.5074 133.345 88.8875 22.0405 24.34 15.9366 55.9137 27.3854 10.4638 32.4272 58.1601 64.1172 19.6422 27.5811 27.1827 20.0384 17.1256 11.2076 28.5964 6.13007 27.9207 7.50744 0.000239241 139.655
-67.5366 12.5596 16.4632 41.3687 1.89551 30.7972 14.5074 124.52 89.0345 18.2194 30.9296 19.4407 61.8268 15.0414 11.2957 32.4272 35.8806 63.3093 41.6141 23.0587 41.4287 13.1497 13.1461 6.49823 56.8872 6.3379 24.5743 3.99202 5.71861e-05 140.334
-67.4314 12.5596 16.4632 42.4382 1.69245 30.7972 14.5074 118.346 89.5319 18.9558 32.2099 13.2983 64.0432 22.4963 4.16082 34.4062 37.3374 63.269 44.9776 26.0122 35.2555 7.14323 5.37128 5.72349 54.5299 12.0669 23.7173 10.9679 0.000132387 138.089
-66.6953 13.8555 16.4376 37.2401 2.34113 33.3346 14.5074 121.927 89.5358 17.2736 24.7263 13.2983 64.0432 24.5211 2.97122 44.3148 33.1506 62.9172 42.9887 27.785 35.2274 16.789 44.7022 4.85835 16.3671 13.8006 14.9407 0.667971 0.000421389 137.633
-65.8014 13.8555 16.4376 36.7263 5.37493 33.3346 14.5074 124.074 89.5358 14.9348 26.8034 6.52689 64.048 22.6212 1.26379 45.6001 68.3278 48.5244 33.4809 28.5059 28.6231 10.2101 44.3282 10.3276 1.90482 19.0337 17.6437 6.88385 0.000195791 140.851
-65.441 14.5238 16.152 38.8919 3.52572 29.9484 14.5074 129.785 90.3879 14.474 36.3942 8.75874 62.0819 12.2939 4.00207 40.5912 69.2572 36.6213 34.3544 31.1847 30.7587 7.29848 27.7373 6.36194 6.98381 25.8743 40.9372 3.24469 0.000707953 137.775
-67.1521 14.5251 16.152 38.9233 5.10489 28.2843 14.5074 128.903 90.3879 14.365 43.0466 4.34973 62.0819 12.8433 6.2862 38.8574 36.1617 48.9104 70.4984 20.3022 29.5448 21.1708 21.8786 4.90603 30.8737 7.74309 16.5559 29.8466 0.00340029 139.857
-66.055 14.144 16.152 38.1237 3.68952 29.8898 14.5074 143.16 80.9799 13.9389 25.1797 17.1871 53.1636 15.8 16.4365 40.8324 36.1617 40.4289 70.4984 13.967 48.8634 11.9781 27.5872 3.16124 19.1711 9.36878 9.37707 12.4608 0.00632242 143.393
-66.8416 14.144 16.152 38.0079 5.45527 29.8898 18.1356 143.16 69.5667 17.5567 30.7477 12.7579 50.9499 15.5966 18.4756 36.3854 43.2209 13.5624 73.1772 10.6366 70.8005 17.1373 0.234943 5.63016 19.903 13.269 36.8749 21.7166 0.0190865 146.911
-66.8878 14.144 16.152 39.4613 13.1685 21.8354 18.1356 160.128 54.011 18.2264 36.4802 20.5695 45.3682 15.5966 18.4756 19.1414 50.2284 16.5832 76.8472 10.6366 67.8446 12.0655 24.7105 38.2285 10.8286 2.81218 8.42898 7.01468 0.00170968 136.715
-67.0318 14.144 16.152 38.5448 13.7569 21.8354 18.1356 160.128 54.011 18.7285 36.4802 21.7841 45.3682 15.2658 20.3051 19.8305 56.7769 16.5832 76.8472 10.6366 67.8446 5.37744 21.6512 18.4361 5.83756 18.7642 16.9975 7.01468 0.000807042 136.123
-66.5044 14.144 15.7107 38.4258 11.6202 23.2191 18.1356 160.128 54.011 17.5619 35.7585 16.1286 45.3682 23.3376 34.4615 6.12119 54.6711 16.9639 107.018 10.6366 17.6737 7.14085 10.6424 36.5851 7.06965 23.5966 14.3565 1.82802 0.000643101 137.274
-64.177 14.144 15.7107 39.2494 31.6025 3.43501 18.1356 161.321 56.2038 23.144 19.4692 24.0586 44.1153 20.3887 38.8071 11.5772 50.8033 11.6318 107.018 7.70615 19.7883 37.1754 4.0754 7.02389 16.1807 25.0367 14.1474 6.4499 0.000180928 136.576
-67.4487 14.144 14.0579 41.8633 28.0187 3.73113 18.1356 163.082 52.2772 24.7614 18.7137 34.2198 40.1074 9.47171 42.4505 8.91179 30.9481 10.9393 102.411 26.7208 42.2843 40.9986 1.48677 30.6993 1.49951 23.4614 13.4847 11.7496 0.000173168 141.747
-57.2648 11.9412 9.67935 47.4603 30.483 3.73113 18.1356 163.082 52.2772 23.7329 19.8869 38.3094 39.2708 9.03653 49.1309 3.92999 9.02175 26.9603 82.8422 24.6689 61.4551 9.75954 1.0218 50.7957 2.23201 29.4362 9.78076 8.78819 7.06557e-05 145.076
-64.7719 11.9412 11.9809 48.3572 29.6553 2.54715 18.1356 151.804 56.6663 23.9268 22.76 36.5109 39.2708 9.48028 39.7025 9.02349 9.02175 30.4766 107.252 6.35005 59.5635 8.50808 6.20307 19.7892 9.09674 32.6299 21.3903 6.24552 0.00027328 137.058
-65.2604 12.744 9.74698 47.3126 30.5587 2.54715 13.518 153.758 56.6663 22.2722 20.4903 34.5606 50.248 17.0548 40.4853 6.63045 7.4177 39.8622 105.049 13.3675 38.4046 12.7161 15.9683 2.86475 20.6769 21.9093 22.0846 40.9006 0.00257658 141.149
-66.2403 12.744 9.95295 47.3126 30.5587 2.54715 13.518 163.628 62.5862 14.4487 21.8496 34.5606 42.7362 14.3091 35.446 5.59582 7.78974 38.825 128.342 1.81215 43.9676 12.036 10.1523 1.04426 15.5815 16.3778 17.5844 31.7482 0.0012137 143.625
-64.8984 12.6234 11.1826 47.0064 30.5587 5.79635 13.518 163.628 56.8531 17.5854 30.2064 28.7592 31.8978 19.979 38.3858 6.22128 12.2259 38.2377 128.342 1.81215 36.4765 16.616 8.28164 29.3896 4.57925 5.85013 24.5448 25.0053 0.000176634 141.706
-68.0288 13.1821 11.1317 47.7457 30.5587 1.89056 13.518 159.048 56.9698 21.6065 38.1085 25.997 33.6251 21.5122 32.6319 5.76254 19.453 20.8183 130.876 9.06339 34.272 15.7821 11.8695 34.0394 8.79222 6.49789 25.4429 18.6561 7.5291e-05 135.855
-66.3922 13.3014 11.2011 47.0705 30.5587 1.89056 13.518 159.831 61.7604 12.9513 38.2143 34.4186 31.2407 17.9809 30.6393 5.76254 19.453 20.8183 130.876 17.7294 31.0975 15.3965 6.37056 18.5794 20.3488 24.6392 17.4844 1.33417 0.000630408 137.426
-69.2792 13.3014 10.9415 47.0705 30.5587 1.89056 13.518 159.831 55.238 12.9513 48.883 21.4105 35.2211 14.8993 44.2017 12.2584 16.494 16.9614 128.991 13.4911 22.4023 4.09958 9.63954 12.1035 56.9187 17.449 14.2172 41.2346 0.000299654 144.058
-67.6489 12.1821 11.0074 47.9023 33.7977 0.451086 13.518 159.831 55.238 19.2401 45.6662 10.67 33.0808 33.2467 30.5276 6.934 31.7752 18.6604 128.991 6.96358 28.7366 38.8238 4.25042 24.1359 8.14335 2.1255 12.0493 30.1942 2.24538e-05 139.347
-67.2498 5.75456 11.2991 57.0983 36.7511 0.451086 16.9822 159.831 36.5744 27.2445 48.4774 17.3929 29.6574 33.9079 13.1454 18.3984 32.998 8.02981 122.835 16.2785 29.0039 12.2501 7.46354 43.3774 7.65092 23.6735 11.484 8.97601 0.000111951 141.155
-63.9657 5.61131 7.47865 59.2538 30.418 1.20265 16.9822 170.633 34.0058 27.5724 48.4774 13.552 25.1454 29.7473 13.3914 30.051 19.534 31.8724 130.023 4.80577 24.9187 1.56116 21.7242 31.8105 5.66442 17.81 21.3624 27.7075 3.6719e-05 140.168
-66.2791 6.46284 8.08348 59.2538 26.958 10.2996 29.4795 170.633 29.1008 12.6318 59.2256 15.586 20.5549 24.9704 19.4948 26.4419 19.3775 33.3007 119.827 8.2882 29.5623 9.21434 14.9998 28.59 12.8453 19.9675 16.4182 16.6063 9.6722e-05 139.327
-62.18 6.46284 8.08348 59.258 16.4649 11.3388 32.9966 173.09 29.7869 13.726 72.5311 4.87666 22.0768 29.5802 12.4548 31.1178 29.8776 30.8763 125.235 5.1936 1.78333 23.3329 8.65711 22.484 9.19542 19.5245 10.4876 78.3467 0.000465534 146.704
-65.7442 6.46284 7.3226 60.1083 19.3621 8.68012 32.9966 173.09 29.8902 20.2858 41.6734 20.637 33.9737 23.06 6.72011 32.0348 41.6588 19.28 125.235 6.90232 4.73055 34.9896 18.8512 8.92358 15.8463 21.1503 3.28513 43.8838 1.6763e-05 134.736
-67.9107 5.60165 8.87453 59.4622 20.1322 9.9764 32.9966 164.932 31.8763 24.8684 41.6734 13.4402 36.6681 21.3641 7.98364 44.2679 36.3199 23.4744 112.878 4.05813 15.8703 44.9903 13.436 15.9988 7.02967 14.4062 7.52079 14.1431 0.000548601 137.535
-64.7904 6.7763 7.76716 59.4622 21.3012 6.9876 22.9684 176.57 33.631 36.4372 61.0639 8.13589 19.2623 20.849 10.8712 38.1706 43.6392 23.4744 77.9684 9.71093 41.7874 58.9449 3.8436 12.9748 6.83711 10.9152 7.90724 22.8501 0.00171086 142.128
-67.9508 6.7763 6.53896 59.4622 25.79 4.06033 22.9684 172.601 33.631 36.4372 66.3417 3.35587 10.1026 22.4073 8.86744 34.7268 41.0429 38.6685 82.3107 12.6197 38.1118 35.9232 18.9597 7.53917 24.6914 5.23652 12.0648 8.36477 0.000706816 137.049
-68.608 7.13543 5.92698 59.4622 28.4957 2.09805 22.9684 166.113 46.5012 38.8105 69.5798 5.21155 6.72722 21.3538 10.3111 26.422 34.4165 39.5176 88.1462 13.6877 33.7722 15.7377 13.5301 5.98365 30.7045 12.8145 14.7717 13.8773 0.00181765 141.591
-65.7682 7.13543 8.00079 58.8597 29.1894 0.8778 22.9684 166.113 44.3241 26.6151 69.6881 11.1702 8.39268 26.5943 15.3318 22.2775 24.8962 31.5175 91.7363 16.2615 49.3926 45.5724 19.1052 10.366 4.64473 11.3218 10.3389 8.21693 0.0022498 139.297
-63.7837 6.29654 6.73621 62.2213 26.1522 0.8778 22.0917 170.86 36.0426 23.9877 69.6881 15.9831 17.5416 19.511 16.1413 20.4795 47.4127 24.3404 79.8501 12.8379 45.5008 38.7637 14.3249 5.68179 7.24121 9.41717 22.4595 38.0837 0.00104319 141.359
-66.7986 7.55449 3.994 62.2213 22.2082 5.90371 22.0917 170.86 33.2096 21.9334 70.7579 8.4127 13.3291 25.5526 22.0095 24.6229 62.1219 17.8572 88.8172 3.43345 41.9115 36.8635 6.60574 8.32307 2.95816 2.66145 19.9525 60.1793 0.00872736 147.376
-65.7901 7.55449 2.92389 63.1705 22.8477 6.04174 27.1003 160.478 50.3455 13.5327 59.9399 13.2262 16.6515 25.862 21.4697 21.6638 66.9072 46.4191 51.3139 8.87681 35.6536 10.5899 4.71349 42.0578 2.68396 1.08886 15.5173 46.2237 0.00327028 144.534
-65.1869 7.55449 2.94296 63.1705 22.67 4.51853 27.5132 160.478 50.3455 10.4906 60.0091 22.0074 25.1763 23.6053 19.8036 23.6269 66.9072 42.0815 43.6511 8.54566 29.7334 6.43481 8.05579 41.8407 22.2152 3.51776 32.1344 11.9418 0.000455086 139.469
-66.0047 7.55449 3.62482 63.1705 24.1522 3.60145 27.5132 175.666 37.617 15.9558 69.1656 22.7467 6.21132 30.074 6.30413 21.7664 67.2597 66 61.9584 8.54566 15.6772 22.0677 1.34317 15.548 10.5484 2.04335 46.2081 11.0758 0.000139003 143.242
-66.6304 7.55449 3.13477 63.1705 23.026 6.13179 27.5132 175.666 33.6829 24.8238 59.6775 22.6495 7.44402 30.074 3.89674 24.4724 63.7907 49.0661 72.9073 8.84827 16.6117 35.7023 6.22023 8.82156 1.78299 7.22922 53.3678 8.7983 0.000139003 139.738
-67.0625 7.55449 4.41435 64.1991 15.9031 11.0756 27.3938 175.666 29.3312 47.7526 42.64 12.654 2.01713 33.0634 10.8257 30.5457 19.4795 77.5356 81.305 10.0248 9.77737 11.7556 22.0892 20.9982 1.08595 8.51715 53.3678 8.7983 0.000139003 140.16
-62.1137 6.94514 2.85849 66.1557 15.19 10.6242 26.9192 175.249 21.7621 55.7333 13.3263 46.9932 2.01713 38.4272 9.7516 23.9146 31.1579 94.0378 55.1748 18.1988 5.37138 22.2298 21.4481 19.0684 19.5003 13.6466 5.81171 8.94154 0.000284495 142.22
-65.9787 6.94514 2.3359 66.4263 17.4312 9.4333 26.9192 175.249 27.0603 55.7333 13.3263 51.5283 2.22894 44.008 6.01606 12.7573 27.3354 93.5125 61.7579 5.08026 9.96505 35.0294 22.2801 13.5724 35.7091 9.8041 2.26186 7.79655 0.00386103 142.98
-66.58 6.94514 4.70363 62.2154 16.6846 11.2112 26.9192 177.368 30.5466 42.9535 8.6382 51.5283 2.22894 45.1322 8.36148 16.5449 41.3062 88.9216 59.2826 5.08026 8.68862 24.1115 19.7279 26.0624 36.3247 0.751374 14.4619 7.20133 0.00269534 141.452
-66.9986 6.94514 4.45876 63.2992 16.39 11.2112 25.2405 177.368 30.5466 40.5692 8.46358 57.3212 4.02818 39.294 20.5886 15.0732 32.7256 81.1598 46.6975 28.2187 8.68862 20.5136 20.8291 26.5039 33.5471 4.76651 1.63616 18.891 0.00531229 139.218
-66.1055 6.94514 4.78078 62.775 16.39 10.5247 25.2405 177.368 27.2005 40.7628 7.04721 60.9755 6.91447 30.1009 23.9627 15.3014 48.962 45.0139 41.5848 27.458 34.1451 24.5503 18.9258 27.5573 30.2467 4.76651 2.26864 26.3618 0.00522689 143.272
-66.9028 5.96194 5.4851 62.775 16.39 11.0586 25.2405 177.368 26.7058 46.8244 13.1458 61.1154 6.91447 12.8893 23.0108 17.5805 52.4925 51.4769 36.8942 31.1984 31.9245 23.3114 56.7701 15.3969 3.63578 14.2017 1.29075 3.29222 0.0010279 137.882
-66.8867 4.96115 7.64541 62.775 16.39 9.96033 25.2405 178.507 26.2669 44.8754 11.2091 63.5574 6.91447 23.4522 23.7557 14.4537 31.8197 62.8357 35.7758 18.6929 64.3801 7.62868 53.4166 14.1124 6.03942 5.84791 4.43153 2.65514 0.00025264 136.445
-66.7042 4.96115 7.26218 62.775 16.39 9.88942 25.2405 178.507 44.6585 21.1672 7.3027 63.4631 11.6362 23.2959 18.3722 16.3378 26.8439 63.6058 28.9035 20.8539 94.7913 0.25528 37.2114 19.4473 7.45696 6.98491 14.9637 6.74249 1.76677e-05 138.873
-66.4104 4.96115 6.07781 62.775 16.39 14.6773 24.1111 178.507 32.6597 9.94162 16.1362 63.4631 29.0998 22.0669 20.0615 15.4355 33.8942 54.7324 24.3896 5.54043 100.586 6.13878 34.2176 33.4612 2.38434 4.789 14.858 5.64695 1.76677e-05 136.815
-69.7595 4.96115 6.71894 62.775 14.5072 16.8575 19.8715 182.451 27.2162 21.6351 14.4081 46.4473 33.1919 24.062 31.1939 9.55065 34.681 54.7324 18.1283 17.6762 98.0474 4.97369 17.466 34.8684 6.17889 5.77377 23.9648 8.51937 1.94918e-05 139.26
-67.2539 4.96115 11.8344 56.9189 13.9228 17.506 14.3405 182.451 27.5344 18.0891 17.4047 58.4122 33.6182 23.8088 30.6801 11.1197 43.9538 35.5441 19.6568 20.6833 98.5353 7.79236 6.14286 5.43832 3.82199 20.4866 38.3391 22.0221 9.34695e-06 135.678
-67.0789 6.13365 11.8344 56.9189 13.4288 19.2764 14.3405 182.488 25.4791 44.6974 11.1828 38.9304 30.4112 15.664 41.235 0.362778 40.5047 6.78064 52.71 27.3088 100.878 5.41754 1.83621 7.31166 11.9337 14.5909 52.2231 28.0375 3.57181e-06 146.073
-61.8376 6.13365 8.60462 56.4495 14.0939 27.8455 14.1116 182.488 20.9032 40.7894 11.6661 36.249 39.5092 12.0753 39.9127 1.09437 55.8612 27.4035 33.6584 16.0358 95.0871 46.0449 1.32486 3.85247 12.8727 5.90294 22.5073 8.57865 0.000481297 145.843
-66.5991 6.13365 8.60462 56.0967 11.4046 22.3196 14.1116 182.488 21.5632 48.8757 10.5117 42.2196 29.8725 17.8041 43.4541 4.18202 40.7314 27.4035 33.6584 27.6215 86.886 59.1995 7.89005 1.09919 21.5335 7.34127 11.1168 4.08887 5.68628e-05 142.581
-65.3097 14.8027 8.28076 49.3323 9.97906 21.5519 14.1116 186.103 28.6657 48.1828 5.47563 41.0123 31.0325 13.4788 43.947 6.00096 45.8995 27.3367 33.6584 24.7398 88.7862 28.2418 2.27679 2.13032 33.9266 7.34127 7.86389 27.9416 0.000617093 138.074
-64.9867 15.2352 7.37154 49.2772 9.65244 22.6725 12.2767 186.103 32.6379 48.0008 6.58353 35.9291 30.3603 22.7173 37.02 4.79409 57.0997 26.5748 27.5139 31.0103 73.3619 21.8813 1.83873 3.23396 35.5642 11.3776 11.928 33.1457 0.00292601 139.291
-66.4804 16.124 6.99071 49.2772 10.6753 22.3062 7.6699 186.103 35.9909 37.0245 10.57 41.0847 36.5937 13.4942 34.6695 10.0606 57.0812 31.8579 39.6695 8.75162 82.822 28.3536 4.7342 5.24929 13.4396 7.75836 20.816 38.7717 0.00376134 139.286
-64.2043 15.9004 6.32032 49.2772 9.3743 26.0146 4.59895 186.103 31.0285 42.1333 7.63559 36.8455 36.035 13.4942 37.6311 17.6098 56.7472 20.873 48.9965 11.4418 78.9945 13.6393 4.7342 6.00198 28.8616 7.7003 25.2758 6.78713 4.30368e-06 137.404
-66.8214 15.9004 5.97615 49.6039 7.75823 24.4827 4.59895 197.192 32.754 44.765 1.34545 41.5921 28.0764 25.7424 13.2756 21.7932 58.5776 10.6794 56.3611 15.1493 78.9945 12.2419 6.77187 14.3961 32.4078 0.906343 29.7558 22.3422 4.30368e-06 138.21
-67.2444 15.1528 6.79591 49.6039 7.75788 25.4706 4.59895 197.192 31.5461 46.4256 1.34545 41.5921 26.1859 23.6876 13.9574 26.9483 53.7749 13.3629 54.9817 16.6324 78.9945 16.0079 6.77187 12.8654 7.88081 8.67509 29.7518 3.84164 4.30368e-06 138.274
-64.7059 15.2404 7.23843 48.5562 5.88874 26.7496 13.8822 185.657 28.4282 46.9308 11.9577 41.5921 23.4713 28.3318 4.48022 25.371 49.8549 2.98419 66.7688 23.7756 78.9945 19.2489 26.2252 9.38911 4.33019 6.87817 16.7081 17.519 4.30368e-06 133.256
-65.0469 5.52309 6.92161 59.8254 2.22219 26.7496 31.01 185.657 15.1993 51.1244 11.6343 41.5921 8.03786 29.6008 4.71657 34.7688 54.8324 3.64466 78.6543 23.4892 65.3086 10.9327 22.1904 15.6042 10.7881 4.78226 19.3827 23.042 0.000593203 138.966
-66.1342 6.95673 6.0704 59.8254 5.86332 22.5067 31.01 185.657 2.8066 54.6033 36.1836 24.5973 9.22843 30.3197 1.64881 36.0977 51.8868 18.0257 79.3061 5.837 65.5892 23.2882 10.6354 24.4907 10.8322 8.07244 16.6874 5.9934 6.41022e-07 136.587
-65.3093 7.76154 6.11378 60.3811 13.8244 24.3811 31.01 185.657 6.52417 49.6114 38.1188 26.4151 5.55709 21.3399 18.7668 34.3685 40.3926 8.06107 76.8181 22.611 53.8173 12.641 16.403 27.2896 3.21792 17.2767 17.6415 22.5566 6.41022e-07 138.776
-66.0622 7.76154 3.55828 60.3811 9.28588 24.3811 31.01 185.657 6.52417 47.9513 46.5955 24.8357 3.01155 21.3399 16.0581 34.3424 48.7133 11.6679 43.7159 46.4816 58.3082 26.8734 27.2722 4.7696 15.7387 22.9843 8.86423 1.26472 6.41022e-07 139.241
-66.0918 7.76154 4.75216 60.3811 6.54985 21.2815 36.706 185.657 7.80533 52.5358 46.5161 16.0832 4.32946 13.7514 14.9614 36.5164 52.1664 30.0957 22.3695 71.7292 31.3623 24.7189 25.2214 16.7082 9.50116 13.207 13.9901 38.0962 0.000215093 138.468
-66.1406 6.6387 5.34537 62.2195 5.05737 21.024 36.706 187.91 7.50859 55.3309 40.5768 17.4032 9.24411 23.8763 7.14105 33.2954 47.2714 38.6565 16.9226 69.1412 28.8848 11.2128 23.3108 5.59376 15.5537 26.4996 20.4989 23.3074 0.000529842 136.459
-66.9192 6.6387 3.56809 64.1801 5.09569 22.976 36.706 187.91 7.50859 55.3309 40.8655 21.0262 3.91891 15.0539 9.68089 43.0114 24.3066 63.6349 13.1037 76.8756 23.9646 15.7416 20.116 5.59376 6.64302 17.7211 36.7185 12.9308 6.74885e-05 134.666
-65.4937 6.6387 5.33587 64.1801 10.6913 14.9769 36.706 187.91 8.16121 55.9078 36.1009 26.9031 10.6818 1.48047 19.0928 28.1614 24.3066 64.6538 13.1037 98.1064 10.8566 29.697 20.5626 17.835 1.81159 21.3851 18.4568 0.867454 0.000106351 137.409
-65.77 6.6387 3.40388 65.0995 9.6783 16.5381 36.706 187.91 6.92093 58.3895 32.5441 29.8658 9.99857 4.97347 18.6101 26.112 17.7067 101.239 13.1037 45.9697 22.3604 25.5715 23.0269 19.9223 12.5416 10.2006 27.5078 9.91685 5.63458e-05 134.932
-66.3279 6.6387 2.80877 65.0995 9.74141 16.5381 36.706 187.91 8.42016 61.0573 27.6015 26.062 11.1429 4.97347 14.8682 36.3619 13.5816 102.883 17.717 45.9697 30.7435 26.4563 16.3473 7.19777 25.3404 10.6683 8.0964 31.3943 8.99224e-05 135.2
-65.9701 6.46664 3.38723 65.0995 9.3521 17.9669 36.706 187.91 5.88431 61.0573 23.9506 28.3481 10.0856 3.86744 13.4425 40.874 9.79527 102.883 14.5678 49.631 22.9761 1.21239 17.6167 33.0795 7.98129 10.6907 36.0736 13.1545 8.99224e-05 136.951
-67.4997 7.83656 1.63623 65.0995 10.0383 18.5289 32.8338 187.91 5.88431 62.7998 32.1804 15.8446 10.069 7.37324 14.9688 58.055 12.7734 100.044 14.5969 47.2525 14.7572 12.1835 9.77927 26.9487 11.2008 10.3571 32.4305 35.903 0.00180364 142.2
-66.8505 9.14124 1.63623 64.3724 9.745 17.0177 32.8338 187.91 9.75725 62.7998 35.1942 14.7007 4.93587 12.5765 20.9934 38.9282 19.3834 100.044 28.5504 38.6979 5.4138 21.3447 10.4258 11.1958 17.6139 9.3692 47.0384 2.37114 0.00641109 140.546
-65.4889 9.14124 0.652417 64.3724 10.8647 17.0177 30.8086 187.91 9.75725 66.3162 37.2152 16.591 1.39576 12.5765 15.3967 33.2772 20.6333 101.118 31.5635 39.9784 13.471 21.3447 1.62924 14.7496 19.875 25.3618 19.4643 7.86332 0.00304005 139.263
-67.0448 8.1268 2.42488 63.9534 2.5317 24.8829 30.8086 187.91 12.5062 66.3162 20.5922 22.4171 16.7255 6.38047 19.5279 27.6251 10.9548 101.118 27.6341 56.3265 9.84021 18.9323 0.368148 7.38765 15.7007 41.1185 19.2024 11.0765 0.000142206 136.601
-66.901 7.56214 2.96952 63.9534 3.16618 23.6174 30.8086 187.91 12.5062 71.2045 20.5922 11.6348 20.8747 9.17701 19.6412 34.6823 10.9548 101.118 27.6341 48.6273 1.06866 15.1075 2.94001 8.71197 13.8048 63.11 10.1775 26.3657 0.00185372 140.997
-66.7039 7.96687 4.14796 63.9534 3.16618 23.6174 30.8086 187.91 12.5062 69.4154 20.0251 18.9561 20.8859 6.86034 22.5564 29.5592 10.9548 96.6776 23.8196 42.7015 15.8448 19.5302 14.957 3.25047 9.39341 63.11 5.42727 6.85933 0.00108448 141.469
-66.2488 7.08577 3.4607 63.9111 3.16618 23.6174 30.8086 187.91 12.5062 63.1427 21.769 8.62545 30.4076 2.33396 31.0906 22.7738 34.1011 83.0286 23.8196 42.7015 21.0886 20.8674 22.5903 9.72636 9.44723 44.699 3.35785 8.98113 0.000904394 137.205
-66.0541 7.62396 3.46058 63.9111 4.87776 22.4947 30.8086 176.487 23.0584 63.1427 22.4282 5.01324 26.5083 18.0652 34.0475 19.642 34.1011 72.0777 30.1747 51.3865 2.74236 21.2506 11.9024 23.9635 9.15698 49.4732 2.6694 5.70956 0.00274907 138.404
-63.5166 7.62396 3.5164 63.9111 4.87776 22.0281 30.8086 176.487 20.6604 64.5282 26.0139 4.1474 28.9468 9.16262 33.5516 16.4247 38.7655 80.4419 25.5192 38.2191 24.0365 14.1304 21.9476 23.628 10.419 43.4651 10.9872 8.59743 0.000730961 141.043
-65.9522 7.62396 3.52435 63.9111 3.72277 26.5771 30.8086 170.467 20.6604 65.4182 20.5487 12.9255 33.9715 9.16262 27.5974 26.3534 56.6524 69.7057 34.9098 11.4934 24.2677 17.84 21.5432 15.522 8.5783 22.4189 13.5996 26.5421 0.0024826 141.794
-66.4157 6.89542 5.5421 62.9926 2.51769 23.1001 29.7678 170.467 29.4213 54.5364 21.1386 9.12371 35.1641 24.0303 21.7919 24.8675 60.0926 76.4268 19.2123 16.4307 41.1426 20.9729 12.8596 22.2116 17.7753 0.11655 18.0299 15.2824 1.8489e-05 136.709
-65.6162 6.89542 4.79374 62.1404 5.76353 23.2936 21.3206 170.467 35.2841 66.2736 18.663 2.86637 28.5919 25.1149 22.2904 26.0367 61.1319 81.9475 13.5178 25.7815 23.5822 24.0966 25.2165 13.031 33.5182 0.11655 11.4166 3.71468 3.82426e-05 135.991
-65.6822 7.4281 6.09145 62.4376 5.01566 23.1064 21.3206 171.19 34.6586 66.2736 19.653 9.56661 16.5116 28.5258 21.0901 29.9673 59.3806 81.9475 13.5178 22.068 28.2593 25.5044 20.2958 23.5117 18.1379 4.21427 11.6122 13.5687 3.82426e-05 137.842
-66.8152 7.08187 5.61847 62.4376 4.10615 25.0233 21.3206 171.19 35.8892 66.2736 18.4334 17.1849 18.7805 24.393 25.2184 13.8011 74.8737 81.9475 23.5094 22.0446 4.49233 23.2637 18.8932 29.0166 21.0599 4.02769 8.11888 16.309 2.96094e-06 133.834
-66.7776 7.08187 5.45513 62.4376 4.67121 23.1055 22.7506 171.19 44.9435 43.1862 38.5333 21.8338 12.3577 19.9577 20.0009 26.2948 78.5004 68.2436 22.5414 27.2003 4.49233 19.7919 34.9112 1.63989 11.7409 22.3135 6.02949 32.4698 3.94163e-06 139.663
-66.4208 6.92774 4.11633 62.4376 5.22051 24.6048 19.0998 171.19 45.1259 36.5431 35.9009 25.7438 12.3577 19.779 27.2745 19.8762 80.5467 68.2436 6.04407 34.6439 18.031 10.6999 2.13567 38.3402 1.54614 30.1589 5.60269 19.3257 1.55937e-05 138.673
-66.7168 6.92774 2.60508 62.4376 5.66716 24.6048 19.0998 171.19 39.8702 10.2657 46.7219 38.207 25.8657 28.7847 22.5996 8.96193 67.0176 64.2246 21.0487 45.2995 17.3146 6.28331 8.60734 43.6049 12.0726 33.4371 9.02157 0.963807 2.10486e-05 141.895
-64.6986 2.88173 8.34463 62.4376 3.32154 24.7685 19.0998 171.19 40.8197 18.7037 56.1945 34.6507 9.60272 34.8772 25.6845 14.5865 57.2695 64.5204 32.3907 30.6174 6.22416 5.13587 5.79249 33.7057 13.2271 43.1874 5.45509 1.28862 0.000434072 140.677
-65.1935 2.88173 11.614 59.5037 2.16808 28.787 19.0998 171.19 36.7755 22.4544 56.1945 28.1801 11.0027 36.7586 24.6273 9.83671 75.486 57.4644 32.3907 17.28 6.22416 8.82887 9.54959 30.0432 11.0983 61.5043 4.54741 1.41698 0.000325905 139.061
-66.2371 2.87682 9.92269 59.5037 3.46634 30.204 19.0998 171.19 37.2845 34.1947 34.4649 30.2028 25.7324 25.3234 30.01 9.11734 67.82 62.0175 57.0039 1.17005 12.2663 9.8889 1.88222 30.0432 4.417 49.2181 2.73781 26.9503 0.00195714 142.839
-67.8922 4.85666 9.42413 59.5037 21.8741 8.63011 19.3703 181.254 30.5577 22.1554 33.6558 38.4383 24.8323 23.7459 27.3816 13.6836 71.9739 55.46 49.0225 12.1848 8.85901 9.34739 25.7135 12.6572 10.6176 12.2072 6.28678 53.952 0.00160161 141.972
-65.6429 4.85666 11.7327 59.5037 21.1626 6.44593 19.3703 181.254 30.3264 22.3059 26.2406 37.8823 24.8323 28.4508 33.5125 11.8081 14.2375 61.9058 111.344 10.7462 8.85901 22.2026 27.4552 13.3856 6.72071 12.4549 13.2468 22.5119 0.000175298 141.609
-64.5518 2.91312 10.5887 60.4367 26.1679 3.70182 19.3703 181.254 31.2267 20.9265 29.8227 45.6993 24.8323 23.3398 23.5587 8.30211 14.2375 58.4053 111.344 8.53998 13.7487 14.8016 21.4498 29.2484 11.9223 10.3606 16.1851 27.7203 0.00332693 138.236
-70.5391 2.91312 10.6245 60.4367 25.3357 6.9084 19.3703 181.254 31.7758 25.2193 27.687 45.5825 24.3441 17.5589 25.1331 8.66855 1.53274 46.8438 111.344 37.4534 13.7487 36.8494 9.00209 25.5209 16.5396 12.4253 4.45833 14.7532 0.00289186 145.913
-68.1848 3.19617 11.9888 60.4367 17.6265 6.39912 20.4324 181.254 31.7097 20.4064 27.2831 45.5825 24.3441 15.8988 30.4592 16.6644 3.25794 39.0198 93.4461 67.939 2.74679 34.824 5.90941 20.5639 15.1301 11.8231 4.78872 13.5109 0.000173685 147.885
-65.9133 3.19617 12.2079 58.4248 21.4522 8.1877 19.0375 181.254 35.2732 7.28613 39.2242 34.5543 21.1363 16.7604 33.2376 20.1455 9.53067 36.6603 76.7642 66.4923 18.6143 43.6267 9.84295 7.72506 15.106 28.5027 1.19452 2.59076 0.000142094 140.556
-66.1291 3.3733 11.5881 58.4248 20.9526 7.60897 19.0375 181.254 38.2415 10.7602 49.3925 28.9034 21.1363 18.2881 27.254 20.2787 11.6092 39.0341 69.5988 62.5575 23.5952 40.8549 25.0924 5.97811 8.19607 27.0352 2.92863 3.68795 3.66385e-05 134.864
-66.5685 3.3733 11.3425 58.3966 20.6419 10.8631 19.0375 193.12 32.5692 14.1485 45.0353 15.8373 21.1363 17.6906 31.731 17.3903 19.3901 32.4972 70.4839 54.4834 38.1585 27.4953 27.2684 15.5058 8.19607 12.033 7.97298 11.7392 8.82729e-05 136.197
-66.6119 3.3733 11.1939 58.3966 25.1331 6.118 19.0375 193.12 32.6456 20.1274 53.5389 3.68744 21.1363 26.2132 27.8206 11.442 28.701 41.6245 51.5376 53.8232 28.1406 3.85179 40.876 13.7031 18.5007 24.9694 2.57469 12.8356 5.42072e-05 136.518
-64.9889 3.3733 9.90427 58.3966 22.7785 8.73383 19.0375 193.12 34.6242 17.254 63.018 1.85085 20.3034 27.5497 28.3351 11.7727 20.2514 45.401 56.7495 71.6333 2.36757 5.97528 35.8902 1.26095 9.54091 39.6958 7.06508 47.8572 5.65137e-06 139.716
-64.2848 3.3733 11.0093 58.3966 23.2187 8.66153 19.0375 193.12 32.1789 18.1716 63.018 10.9432 13.8504 19.9614 30.9641 12.7861 17.5993 38.7558 66.4415 66.1739 2.36757 6.37732 24.6321 6.01987 30.2802 36.1498 5.85966 39.639 5.2675e-06 138.554
-65.2372 3.3733 11.0093 58.5321 20.7122 7.90067 12.0661 193.12 32.5317 17.347 54.4821 10.9432 19.5597 24.2014 40.8409 5.78089 8.43666 38.1246 74.1453 74.1325 9.28929 11.2948 11.9355 13.5313 24.5864 43.8444 15.4583 3.80799 7.6958e-06 140.511
-66.1195 4.275 10.571 58.5321 22.0549 9.21288 12.0661 193.12 30.0416 32.3372 40.9127 15.0751 20.8074 1.46338 58.434 7.83034 23.7926 36.7533 55.3265 68.3021 11.8871 1.63331 6.18102 4.3066 42.0585 32.9929 30.9072 19.9609 6.7395e-06 139.768
-68.5797 4.275 11.4918 57.1205 22.8245 10.2809 5.32 210.641 15.8411 42.9767 20.0456 3.72323 40.7985 19.7492 41.3377 11.9826 17.4794 19.3902 59.2617 89.7412 17.9047 13.5765 6.26273 7.88409 20.8113 4.35235 53.4717 12.7018 7.6975e-06 137.896
-63.0417 4.275 12.8999 57.1205 21.9004 9.82936 1.97378 210.641 7.91346 52.0522 12.2027 22.7533 42.2698 3.92484 44.7193 11.1109 6.47138 27.9041 63.2786 89.7412 17.9047 19.5847 7.38243 22.8511 7.03549 20.8118 33.8811 10.0138 3.08706e-07 141.297
-66.2454 4.275 11.6124 56.2422 25.7242 8.4276 1.97378 210.641 15.3389 46.0766 8.1428 17.2999 55.0371 0.543394 47.5377 3.62579 9.39665 31.6273 63.0256 89.7412 14.2652 12.2155 30.3959 4.77287 12.4839 28.5733 19.4063 19.8229 6.15254e-05 137.325
-67.7614 4.275 11.6124 56.0361 22.6018 12.2998 1.97378 210.641 14.8729 43.53 8.40938 29.2875 41.6168 10.0514 42.1902 8.15521 24.0611 13.8835 43.0039 89.7412 25.5712 36.5591 17.3318 15.5634 2.14643 25.5876 19.7281 11.8127 1.2314e-06 138.406
-58.6906 5.99894 10.8268 56.0361 21.3916 9.34325 1.97378 210.641 19.9863 40.4616 7.33615 24.9321 47.4419 13.4106 37.9994 12.2062 24.0611 65.4074 51.1908 55.993 3.32477 8.64871 5.76731 13.7836 9.83797 36.6633 22.4398 14.1327 4.76489e-06 144.088
-65.3993 5.99894 14.1501 52.1402 24.3544 8.22241 1.97378 194.419 35.1401 36.3136 5.82591 28.448 38.0805 7.07201 50.4936 12.672 22.1614 65.4074 49.1123 61.962 3.42225 7.11951 11.0095 6.23522 9.87799 45.6906 25.9241 26.1069 4.76489e-06 138.621
-64.9176 5.99894 14.9575 52.1402 23.3126 9.95955 1.97378 192.042 46.0906 44.8724 11.1589 17.809 39.8351 4.79722 47.4529 16.9942 31.5842 59.6297 54.7203 44.4675 4.12002 7.11951 9.46487 30.5324 35.2014 13.409 8.37089 20.6806 2.20291e-05 140.701
-65.1913 3.817 16.7923 51.3992 23.425 8.81881 55.9446 144.711 28.6731 59.4764 13.6355 2.6616 47.1959 4.15674 41.6638 14.8616 29.0593 52.4644 41.9872 30.8615 56.8114 22.9557 11.9754 17.1167 25.5564 9.40798 9.8687 30.0644 6.30546e-06 139.543
-65.4801 3.817 17.1349 51.3992 18.2106 8.63028 55.9446 144.961 31.0221 60.4176 14.0665 4.22908 44.6898 3.85709 40.9977 17.4851 31.0327 54.1369 14.6776 55.7553 55.5213 8.29445 24.4006 27.8157 19.166 7.05958 5.54611 27.5996 1.33278e-05 134.761
-65.3271 4.22671 17.1349 51.3992 18.5765 8.87611 55.9446 144.961 33.9517 49.9819 11.0751 3.97194 52.7321 7.50551 43.3336 18.5575 31.0327 41.0343 26.5687 50.287 51.6098 5.66169 22.9914 11.1687 31.9456 12.8273 9.06689 24.709 5.90467e-05 136.006
-66.8511 4.22671 15.6283 52.1059 17.8167 10.2052 52.2924 144.961 33.5873 48.5967 9.1612 4.13652 60.6643 12.1597 35.9112 10.021 40.7174 43.1956 22.4017 41.9591 78.6587 1.15471 27.0757 3.03039 40.3859 3.31781 6.857 30.4385 5.83135e-05 136.252
-66.2805 4.22671 14.3693 54.0656 16.5941 13.2177 52.2924 149.972 29.1652 52.7993 4.61602 4.13652 59.292 14.2993 36.5697 14.4829 40.6408 36.641 24.5906 35.3157 82.4223 11.7387 10.7986 4.29491 43.7752 8.47342 6.79564 21.3317 0.000109767 136.849
-66.3571 3.34865 15.7978 54.0656 16.7585 11.1066 52.2924 149.972 29.0735 56.3646 9.71082 3.06089 46.8616 17.5103 22.8974 30.8529 41.8711 31.2238 38.6211 36.2609 60.4394 35.4422 34.0019 12.3547 4.08702 7.65949 2.48972 17.5562 0.000130091 136.655
-64.0232 3.34865 15.7978 53.0597 16.84 10.7252 49.0175 149.972 34.137 56.3646 15.4692 11.6374 39.56 17.3395 29.1771 11.2614 41.7136 51.2099 41.6862 26.637 53.0124 13.7824 26.3335 24.9513 2.2356 15.7749 3.30247 11.4253 8.32349e-05 137.731
-64.6204 1.7717 15.7978 53.5298 15.9926 12.163 49.0175 110.024 68.8886 52.9804 19.6253 13.0771 44.2052 13.4252 30.2821 11.2614 42.8188 39.6156 47.845 29.2149 60.9866 12.2581 7.65391 17.2978 2.2356 43.4517 12.8888 6.4797 0.000128468 136.061
-65.2351 1.7717 15.7978 53.5298 16.0767 12.2058 49.0175 112.203 70.9081 57.093 5.21281 10.9072 47.4368 19.8836 46.8394 8.42585 43.2961 39.5971 49.3439 34.1978 26.5553 10.4657 19.1307 30.1133 6.3573 39.3836 6.95253 11.7284 0.000967247 139.663
-65.5181 1.53923 16.3464 53.9034 17.3837 13.4046 49.0175 96.888 81.0725 57.093 14.6244 0.155034 41.6794 19.8531 36.4906 20.3588 62.0653 27.441 61.3655 30.1435 23.4929 3.77329 10.8041 19.941 13.7678 44.2214 9.67158 1.38705 3.35247e-05 138.764
-69.1801 5.7801 13.9289 53.1298 18.4846 10.8059 50.4099 96.888 79.0646 59.6885 29.1622 0.155034 34.8766 15.4747 42.4501 5.49219 46.274 22.78 72.7107 20.8329 46.4037 9.41691 11.925 13.2514 15.0474 22.0329 12.7721 8.15669 0.000147716 142.812
-63.5111 5.21996 14.7071 53.1298 15.3569 11.0145 83.339 79.9451 71.3317 52.8994 18.33 4.49107 34.1893 10.788 42.2067 24.602 42.2691 33.8719 64.8884 23.743 42.191 16.5366 13.8319 13.7218 25.7298 15.9965 1.86163 26.4101 0.000395457 143.136
-65.8233 5.73714 11.2623 54.9591 11.265 12.5896 96.1433 63.5602 70.7237 52.8994 25.7815 1.73082 42.3789 12.1372 39.0932 14.4727 56.599 15.5341 72.3901 25.8903 43.7377 8.92544 17.7966 10.8692 25.1121 22.1441 12.6303 10.6165 0.000688362 138.258
-65.8322 5.73714 10.9849 54.9591 11.6517 12.7852 96.1433 60.8673 59.0513 46.5017 36.8573 13.0738 39.1562 6.94936 44.7947 12.2616 78.6932 23.495 63.3859 17.2049 23.8491 3.87231 38.5757 2.7398 14.6223 36.0711 16.5715 5.3907 0.00580144 145.968
-64.0083 13.5211 10.9849 48.2106 8.90069 12.7852 116.269 67.1242 60.2978 23.8225 37.3584 13.5807 40.9273 11.7933 39.6925 7.83412 78.6932 23.495 63.3859 17.2049 20.521 4.36377 20.5516 2.7398 19.5233 65.1843 5.21403 2.4248 0.00767852 143.982
-65.9368 13.5211 10.8312 48.2106 8.10424 13.3938 117.854 66.1434 60.2187 32.7378 44.1864 14.2483 30.1819 12.3257 38.5678 2.07875 67.9321 15.262 95.1679 9.76899 12.3791 1.76189 0.701972 3.98174 37.6941 59.2332 18.5971 6.8342 0.00289921 142.758
-65.599 13.8127 8.97157 48.2106 9.1748 16.5131 118.177 66.1434 66.969 30.7604 16.077 41.0229 27.8637 2.91425 45.5109 9.11387 74.4639 15.262 95.1679 0.823012 15.5523 9.037 5.35132 11.573 35.0759 28.9327 25.0772 11.021 0.00057186 142.582
-65.519 13.8127 8.52119 47.0152 9.8929 16.5131 118.607 66.5237 66.9781 27.3321 28.9387 8.6555 34.4757 2.91425 53.7849 22.7503 73.9343 15.262 90.8579 3.3461 8.14449 27.9387 7.45659 7.18538 16.5832 49.1159 5.98351 10.6927 0.000539371 143.989
-67.6545 13.8127 8.05228 48.0248 12.964 10.9048 118.607 63.2889 69.2706 34.7655 29.3657 14.5918 29.1402 2.60669 46.7302 23.194 72.3244 1.58629 84.1866 14.509 14.0749 43.2754 12.1875 3.8695 15.6167 30.5888 5.98351 26.3363 5.46675e-05 144.533
-64.8674 13.6106 10.6285 48.0248 17.1364 8.57382 117.998 59.9033 60.6207 61.0966 25.7823 12.0333 29.5649 2.71695 46.1659 8.84724 72.6594 1.58629 84.1866 25.4243 12.009 30.9978 14.7251 16.2485 34.7147 15.8494 5.98351 2.09887 3.86154e-05 142.854
-65.4069 13.2652 13.8092 43.1066 14.7799 8.38206 117.998 59.9033 60.4439 61.0966 22.3856 12.625 27.7316 6.52878 39.5182 10.0318 56.7009 10.8271 81.4692 41.8985 24.4278 42.0173 15.8727 2.2134 25.9505 13 6.66908 7.6816 0.000649972 136.493
-61.9541 13.2652 13.8092 43.9741 15.6476 6.95602 117.998 46.821 69.8351 57.9307 22.5099 22.2878 19.5058 0.483514 40.3467 30.8453 53.1634 10.6826 63.8665 45.5055 22.6181 41.4282 17.542 3.24267 36.1009 5.58189 7.80678 3.67512 0.00116558 143.909
-65.2619 14.0174 11.9957 43.9741 21.3422 5.28511 106.075 46.821 75.042 65.5516 17.1354 22.0836 17.9358 11.6091 40.3103 20.3785 53.1634 10.6826 64.896 57.5962 12.6576 40.0284 18.932 10.4996 16.1884 10.2111 11.7888 14.1171 0.00662061 140.114
-66.6837 14.0174 12.464 42.7812 21.1327 5.41343 106.075 59.8655 67.2024 66.2329 24.3172 20.3148 10.7105 9.45871 32.8501 29.9264 69.6672 10.6826 42.0052 57.6912 2.40783 36.2659 31.7425 8.72045 15.1328 13.1237 10.0107 9.37201 0.00189992 142.358
-64.9921 13.5375 12.5105 43.3378 21.4639 7.06207 103.761 59.8655 60.2084 66.3321 28.1597 24.8649 10.0342 7.26841 51.9908 42.3001 52.8623 10.6826 45.4316 54.8518 9.77416 32.8381 24.2487 8.83311 16.0279 19.7412 5.45187 10.5424 0.000760513 147.586
-66.4824 15.8692 12.8284 42.8953 17.1041 7.80285 103.761 56.1046 72.8148 55.4234 29.6381 17.1817 18.3185 5.15326 38.8946 29.1109 58.9328 28.1533 45.6223 54.5233 6.60376 25.963 10.5195 11.9238 16.6655 38.6061 7.77612 13.68 0.00136492 137.78
-66.2936 15.554 12.8284 39.6063 18.2712 9.08216 103.761 54.7907 70.7245 56.7182 12.899 21.4666 22.3688 3.5541 52.128 27.0963 55.9777 17.0603 50.4498 62.6802 15.3211 37.9478 6.44168 25.2328 16.85 10.6248 7.4016 11.5892 0.00103093 141.408
-64.8758 16.5487 9.99325 41.6292 18.3605 19.5325 103.761 50.0788 71.6281 48.6356 20.391 37.4157 11.381 3.12805 46.7166 21.5781 39.2614 6.62344 33.9429 96.3226 29.1506 44.8518 8.95291 10.4491 2.01054 14.7852 9.94069 46.662 0.000788411 142.709
-63.8302 6.41654 21.1496 40.6385 16.5224 19.7319 92.8249 72.4601 64.1915 30.0633 20.7009 66.9174 11.381 3.12805 24.1039 21.5781 42.3127 1.69999 44.9208 97.6406 17.0645 43.1197 25.9409 6.32294 6.77973 13.2928 6.4498 39.6798 0.00306457 145.557
-67.2914 5.76264 21.1496 44.2238 7.36784 20.0397 95.1254 73.3725 59.8861 32.7763 16.2504 57.2345 6.08407 25.8108 28.411 25.5865 103.919 23.7016 48.5602 8.84317 9.59934 14.6058 13.9662 46.6718 13.6461 1.09602 1.57994 76.7694 0.000888359 147.584
-65.2316 5.76264 20.1643 44.4531 5.04417 20.1982 95.1254 73.3725 72.9835 20.3256 21.2608 61.2489 6.16552 9.87754 33.5858 23.2252 90.3186 21.6371 63.2987 6.57668 17.1313 24.7501 9.20566 30.0097 7.0806 0.77648 28.4536 68.9637 0.00124439 142.749
-65.3203 5.78196 20.7 44.6009 5.78115 20.1982 94.6549 73.3725 72.9835 23.9611 16.0371 61.2489 14.3974 9.87754 12.4722 36.4589 96.2319 16.6645 63.2063 11.4831 20.207 44.1826 12.3966 18.0906 7.0806 0.412678 9.03956 4.61104 0.00553705 143.314
-65.1579 4.4963 20.5044 44.7711 8.3298 20.1982 92.8505 73.3725 70.6058 20.1171 16.0371 61.2489 25.5903 5.35883 11.6971 41.1194 95.0847 18.0149 58.4672 13.9161 19.9814 56.429 5.38777 37.2069 4.98407 9.35624 8.17885 9.45647 0.00120884 140.928
-62.2289 3.59657 19.1724 47.1653 4.03916 22.2259 92.8505 73.3725 69.8623 18.5514 18.7083 59.8814 25.5903 18.1095 2.89726 35.875 95.0847 15.1219 71.3499 9.88747 11.5801 48.0388 0.0446719 1.25942 14.0413 20.8306 22.001 35.4464 0.000399026 144.259
-66.4271 3.59657 19.1724 49.19 5.34452 21.0354 92.8505 73.3725 72.864 21.0011 15.9954 55.3879 25.5903 14.7022 7.83351 44.738 83.492 22.1751 71.3499 12.4851 8.79927 30.4582 8.29324 0.307476 11.1937 20.1214 32.2494 0.700058 0.000123874 137.659
-68.9125 3.59657 17.4771 51.3065 4.1677 21.0991 92.8505 73.3725 74.057 16.922 13.9638 62.7108 16.9061 23.6641 4.8409 42.85 97.7125 9.04923 71.3499 6.67735 9.75399 36.2564 8.93274 9.79136 11.6099 19.8811 18.4269 12.7817 6.34015e-05 138.652
-65.225 3.59657 17.9897 51.4397 5.45639 19.1394 84.7714 73.3725 79.978 22.1166 13.9638 62.7108 20.1347 18.8977 8.68196 43.5198 96.2279 20.2844 55.3765 0.628394 22.6214 35.7087 8.93274 15.9485 7.52572 13.8753 20.0337 24.9275 3.24026e-05 138.103
-66.635 3.93103 16.1595 51.5336 5.21008 22.4796 84.7714 35.1593 118.691 19.6297 6.17639 74.7132 10.62 18.8977 3.79054 43.5198 75.0114 13.5222 68.2111 41.6568 10.8659 25.0849 22.4003 3.83163 10.9283 12.4161 24.7455 36.6772 3.24026e-05 136.758
-68.1392 3.93103 17.3251 51.5336 2.6893 23.0356 79.0141 28.7765 123.944 20.9812 16.9782 73.3565 10.904 13.7888 8.72426 43.5198 68.3739 18.5627 76.4469 19.5299 18.837 21.2628 11.615 11.7453 12.1545 26.0382 17.8915 34.6511 2.12797e-05 137.435
-65.7398 3.93103 17.3251 51.5336 3.48326 20.8372 79.0141 21.6931 126.772 26.3308 29.3309 68.3628 13.8216 9.55527 1.93075 40.0779 87.6402 38.9226 48.4795 14.7601 18.5808 7.43553 14.4082 2.50644 9.90707 24.9406 23.2285 52.294 6.18093e-05 137.385
-65.1195 3.93103 17.5511 51.5336 4.41388 20.8372 79.0141 21.7851 126.772 24.3277 28.6922 67.9697 14.7495 9.55527 1.4067 40.0779 79.7002 32.2722 50.5171 0.315309 49.9769 6.54436 7.3983 0.861214 4.55944 31.506 26.9076 58.0606 0.000242974 143.94
-66.843 3.26018 17.3659 51.0256 4.25889 23.7382 79.0141 28.8362 125.817 20.0245 23.4797 67.9697 16.3342 15.9908 3.90756 38.1953 44.2519 72.7412 50.5171 19.0413 18.526 1.57609 16.7152 1.55419 11.5293 23.9145 32.7662 53.807 0.000143942 137.897
-65.0055 3.60238 17.3659 51.0256 3.5351 21.0555 79.0141 26.9608 125.817 23.8826 22.8472 58.943 20.7867 17.7127 17.5915 34.4556 38.5099 75.5448 41.3667 20.7472 27.0413 5.8757 9.1617 6.47569 5.50477 9.35068 54.215 44.1533 7.86502e-05 138.623
-65.3966 3.17672 17.3659 50.706 5.11323 20.3725 79.0141 31.7797 125.817 23.4003 22.8472 41.9545 23.6001 24.9189 18.6004 29.3082 65.8601 22.1361 73.1473 7.05435 38.2567 4.39027 10.59 19.6777 15.0399 7.20691 44.8466 22.1283 0.000492026 137.557
-61.8913 2.90422 17.0002 50.706 9.30048 16.1837 79.0141 40.3498 124.884 16.3746 27.2798 46.1637 19.0689 21.9804 10.4964 30.9658 60.7191 26.8945 81.3493 16.0544 17.9465 11.962 2.91766 6.73854 14.8214 9.97471 68.2719 7.20771 0.000866924 142.305
-69.1586 2.98939 15.043 54.8138 9.02972 17.3899 79.0141 38.841 122.078 17.5637 42.4639 47.6516 7.21175 21.5975 8.69567 31.7242 62.4421 23.4516 97.0062 9.68249 16.0973 5.50673 16.7379 18.2224 12.9827 1.6751 46.146 15.9205 0.0013036 140.182
-65.3067 2.98939 15.043 54.8138 7.37857 18.8372 79.0141 37.9995 118.877 12.2187 43.2052 50.9589 6.1255 20.938 15.0875 41.0752 61.3964 11.8475 93.3272 6.91412 25.7031 10.492 13.2876 19.4119 12.3664 13.8401 37.4655 7.20966 0.000241561 135.389
-67.1615 2.98939 14.1027 54.8138 6.91664 20.4532 79.0141 39.3687 118.877 10.1554 42.529 42.8379 26.0328 10.5681 13.0018 39.081 60.1095 36.5974 74.4441 17.3419 9.86797 6.76045 4.18071 18.6925 1.11611 51.8266 22.9351 7.2025 0.00290635 140.08
-65.0606 2.98939 14.1027 54.1484 5.23919 19.6498 79.1782 33.0267 118.877 14.0115 40.7698 36.9154 30.2182 13.5098 6.32951 47.5949 60.9569 34.3627 79.509 26.2358 1.51191 16.4515 9.28225 14.7453 5.55991 39.3401 43.6092 7.95345 0.000639381 145.397
-66.0213 2.98939 23.9112 44.4118 6.16138 19.3027 76.6412 29.7599 135.445 16.4827 40.0503 29.9895 23.1879 24.6137 6.91226 40.9567 68.6778 39.3433 40.1369 25.9406 17.1335 18.9065 4.64726 12.7891 3.24803 41.6785 25.9409 12.5247 0.00054227 137.893
-65.9024 2.98939 23.9112 41.1486 6.23161 23.1486 76.6412 25.0597 135.445 10.8156 46.6376 24.5644 30.0449 14.144 9.36538 49.701 71.0361 35.3917 33.5988 34.0177 31.3275 34.0197 4.18672 4.43562 8.76072 31.152 21.1297 31.0845 0.000908657 141.322
-65.7425 4.45936 23.9112 42.7191 8.26862 20.1239 76.6412 24.5582 135.445 12.1496 52.8927 26.2141 29.5383 6.74039 8.58461 47.5924 55.3347 39.261 36.2882 42.2747 29.5383 31.5755 4.18672 13.0136 13.9258 30.6082 8.26006 23.314 1.23316e-05 132.419
-68.2177 3.54505 23.9112 43.6684 9.27832 18.2283 76.6412 24.9499 135.445 8.46893 51.6275 33.4443 30.4357 9.78527 13.4265 33.1797 51.7239 41.8523 36.2882 42.2747 36.7107 38.2467 17.4867 3.01003 1.60018 20.4236 0.90546 36.0589 1.23316e-05 138.55
-65.344 3.54505 23.9112 42.8037 8.44148 20.331 76.6412 28.5281 131.193 6.78971 44.1589 34.464 26.9117 6.79059 25.0333 43.1007 50.3287 9.41245 64.8305 25.6377 58.3429 27.0687 27.8466 2.02837 4.86302 4.09155 26.6656 32.5325 9.54651e-05 136.182
-65.783 3.54505 23.9112 42.8037 6.0722 20.8048 76.6412 27.4585 134.686 4.64194 27.3084 46.7935 38.5872 5.03855 27.0222 27.5686 45.9832 24.4513 69.3043 15.3568 58.3429 21.7433 11.4543 29.2088 6.41184 1.13788 24.2825 44.5281 8.68317e-06 135.126
-67.3264 3.54505 24.0342 42.8037 8.18082 20.9881 76.6412 29.4962 134.686 1.90465 27.6784 48.373 42.8857 0.395526 27.0222 34.646 42.983 28.8685 48.898 46.4586 34.8796 4.63991 10.4288 29.7294 20.6229 1.13788 30.7971 40.136 0.00016445 138.783
-66.0829 3.54505 24.8902 43.1595 7.04984 18.7959 76.5338 34.9337 134.686 4.90174 22.567 48.373 42.0688 14.3903 6.97658 31.3079 40.1807 45.6764 43.015 48.4782 34.8345 10.4831 14.8588 21.823 39.6204 7.36302 4.62511 19.5305 1.81994e-05 135.25
-64.8628 1.01423 24.8902 43.1595 10.4121 19.936 76.5338 30.2812 134.686 4.14097 16.2301 47.725 41.5476 18.4736 3.20234 46.0276 42.0458 40.2978 39.1225 60.0206 17.7607 4.42129 6.05145 5.9492 16.5126 36.7862 33.7317 64.1949 0.000312926 144.612
-65.7258 1.01423 14.2493 55.6228 8.64033 18.4848 76.5338 26.1297 135.903 9.67914 27.6853 40.6214 44.8784 7.98106 0.28233 50.6414 39.0166 30.3191 29.6628 70.5841 35.571 21.4285 28.7974 24.8627 24.1834 12.803 4.52289 32.2475 0.000432435 143.779
-66.9451 1.01423 15.3055 55.6228 6.14546 19.9505 76.5338 27.5677 135.903 11.1294 36.7336 36.267 29.1366 15.6919 1.22102 54.091 36.5889 25.3794 53.2905 59.2526 35.094 3.63544 27.0683 39.7534 7.32653 21.6191 4.07424 18.5281 0.00392834 143.677
-65.391 1.01423 15.3055 55.6228 9.68943 16.352 76.5338 25.7095 135.903 18.743 38.7536 27.3356 26.4054 21.7153 4.98123 49.1123 44.3699 11.036 61.9564 49.3393 27.8385 5.24995 8.41034 25.9997 21.062 24.7643 2.07511 52.1813 0.000776754 139.45
-65.7628 1.65075 15.3055 55.6228 9.39881 16.5571 76.5338 27.3236 135.719 15.4146 42.2173 29.7984 28.0238 20.9687 5.69813 44.4776 37.5517 11.036 67.0432 53.0914 23.2154 21.5457 8.75437 44.9441 2.14233 15.8067 6.93981 46.3484 0.000500578 138.16
-65.8214 1.65075 15.4657 55.6228 8.03752 16.3468 76.5338 23.5119 135.719 42.9504 19.2588 28.7207 27.2274 34.2672 9.20812 34.6402 33.2484 11.036 67.0432 57.7024 22.3511 16.6524 4.21635 45.4127 4.23219 16.819 2.38823 31.7608 0.000952998 139.897
-67.3249 1.65075 15.4516 55.6228 8.41017 17.0172 76.5338 23.829 135.719 25.5455 33.0495 27.7064 28.0478 37.6107 20.4584 17.6355 25.962 19.692 65.4911 57.1379 30.6045 18.6196 7.83826 38.9885 14.0579 20.2874 10.779 6.05991 0.000189303 135.74
-66.9696 1.65075 16.623 55.6867 7.7946 15.6499 76.192 27.0568 135.719 23.1579 28.7226 41.4823 21.2665 34.9069 19.1712 10.6619 26.6537 30.9733 58.1883 53.2005 34.7001 19.7984 16.1791 31.1634 9.06289 10.723 25.7956 3.41454 0.000181236 135.063
-66.851 1.65075 16.623 54.3485 8.27959 16.162 76.192 26.7733 135.719 16.5405 44.2061 39.0856 17.9786 36.5204 17.694 15.2252 11.5997 32.5717 67.8896 47.2075 41.9243 30.7957 5.2728 21.4314 10.987 5.54928 31.4954 6.52139 0.000212668 134.327
-66.3567 4.34099 16.3323 52.3812 8.90123 20.5813 70.9398 28.1613 128.537 14.5415 39.2256 34.7414 25.2203 36.5204 30.1156 2.15874 19.6923 51.3787 67.8896 39.4978 29.5369 25.6989 3.25224 19.5097 13.3354 3.67977 31.9958 16.8825 0.000130333 140.069
-66.5338 4.34099 19.5117 48.8435 8.90123 18.4179 70.9398 25.9792 127.975 14.5415 27.1406 60.9734 22.0411 25.5748 33.4746 2.18667 36.1865 47.113 69.1753 42.0504 13.9295 34.1345 1.22174 28.869 8.14536 15.6487 9.67913 38.1481 0.000860764 139.124
-68.9999 4.34099 16.2573 48.8435 9.00607 19.3559 70.9398 31.9614 127.975 14.5415 22.9765 60.9734 29.0046 27.3336 33.4746 3.25183 36.1865 42.3143 74.2676 27.2709 16.1687 44.7755 6.5247 8.33313 29.3823 2.83553 12.1103 33.0451 0.00353646 145.889
-66.48 4.34099 17.2778 48.8435 9.37678 19.8968 70.9398 28.6705 127.975 14.986 24.3915 55.6684 31.8195 20.6503 33.4746 3.25183 21.179 46.0346 74.2676 48.1252 16.1687 46.1367 5.88448 4.03816 16.1815 12.6536 20.9936 29.2769 0.00421399 141.101
-65.6399 4.34099 17.2778 48.8435 7.15825 19.5664 75.8455 34.0098 127.975 14.986 26.7463 50.3935 28.992 24.8152 29.9766 8.23292 15.1584 48.5436 74.2676 52.314 10.0053 25.7152 18.2486 23.5703 18.9482 8.46984 15.4266 13.0595 0.00124082 136.662
-63.8294 4.34099 17.2778 48.8435 8.5686 20.1858 75.8455 31.1867 127.975 14.986 28.7561 35.2617 33.1978 24.0978 35.3603 22.5445 26.5526 54.7311 35.6045 54.7781 20.3193 3.65646 24.7196 26.1067 23.2962 8.62314 11.9715 8.9965 0.000989342 140.486
-63.1954 3.79117 19.0803 48.8435 8.91434 18.6494 73.1819 37.363 127.975 5.12117 25.0984 50.2031 42.1423 15.07 16.4361 26.9881 24.3874 56.7918 40.0717 49.4486 35.5847 21.6442 18.3008 20.6324 13.8307 16.133 7.83641 15.7385 0.000723954 137.916
-64.5747 2.8784 19.0803 47.5901 8.30296 20.7681 73.1819 31.2087 127.975 6.39961 35.4371 61.7555 17.6613 32.2198 20.6504 17.9363 45.2091 56.7918 35.3095 29.1962 29.765 38.337 23.2609 16.8422 14.1072 2.9311 37.3813 3.11024 7.30557e-05 142.574
-65.682 3.81972 19.0803 47.5747 8.4181 19.459 84.4125 26.3684 126.91 8.20278 33.2063 61.7555 4.75912 31.2262 46.7925 0.899603 39.0204 59.4314 42.3263 27.4929 29.765 52.0112 8.32855 7.32274 8.33962 9.60193 3.32289 3.2588 7.30557e-05 141.284
-64.6603 3.98773 19.0803 47.5747 12.5408 15.538 84.4125 26.3684 129.123 8.2448 34.6582 61.7555 4.75912 18.7278 36.1247 8.23709 63.071 52.6133 42.0008 27.4929 17.2491 51.8469 14.1194 12.4414 8.13732 8.45217 33.9879 2.85569 7.30557e-05 139.192
-63.0306 3.98773 19.0803 46.2521 10.91 16.3802 84.4125 30.4448 138.077 13.0925 30.8257 61.7555 4.74686 17.2141 32.9974 3.904 70.6353 53.9278 46.0212 13.5221 17.2491 26.3223 4.27233 9.19383 12.6698 8.65435 37.5335 7.27254 0.000272896 142.77
-66.2622 3.98773 19.7645 45.7723 18.5728 14.436 49.498 30.4448 138.077 15.2171 30.8257 56.5488 33.4179 16.5818 36.6908 1.47082 65.5234 28.1666 59.0386 17.5339 42.6267 21.1348 2.31091 7.32887 20.7263 13.0155 35.3549 3.88191 0.000258803 140.647
-66.3027 3.98773 20.3312 45.7723 12.4613 19.5357 49.498 34.1428 139.525 12.8569 27.8424 56.5488 35.0671 22.0951 31.1018 3.58193 57.947 37.0068 65.8312 4.12483 46.5652 14.4578 6.7524 13.271 32.8621 1.15347 47.7887 7.58705 0.000225389 140.854
-66.376 3.98773 20.3312 45.29 11.4235 20.2596 46.378 40.692 148.318 3.6609 14.6874 56.6591 34.9165 28.1011 32.0573 4.74905 70.1374 57.9345 62.4101 3.7562 21.1213 23.4336 14.7795 23.5685 13.0826 1.15347 25.8493 9.90008 0.000288899 135.288
-66.9233 4.04397 23.5031 45.3981 11.9228 17.3217 46.378 42.2267 148.318 6.32256 25.4277 56.6591 31.4495 25.6539 26.5747 2.76246 91.4923 33.5201 58.9645 5.08093 15.7207 6.43213 25.8164 19.4128 43.4019 10.3463 7.06236 4.53916 9.42857e-06 136.394
-69.3967 4.04397 14.8091 55.4814 11.3 17.0444 46.378 41.3684 148.318 6.06443 22.257 56.6591 30.1436 31.2677 26.6855 9.60623 89.5389 29.1131 68.0813 5.08093 6.78929 27.0718 47.8712 25.6217 9.71176 1.36697 1.22706 0.403678 4.05931e-06 139.569
-66.6772 6.8377 13.9796 52.1677 11.9529 17.4507 46.378 32.0295 148.318 5.23323 14.0454 57.5294 42.7685 22.3844 25.8714 13.397 80.9757 43.2 65.6361 4.3635 6.78929 19.4112 33.1842 10.7002 11.9804 28.3757 4.84311 6.88512 0.000490753 140.762
-63.2642 6.8377 13.9796 52.1677 17.7958 9.76517 61.138 30.1494 148.318 9.84292 20.5858 55.7588 33.6722 8.56783 30.0449 19.9753 78.5023 34.1585 69.1046 10.5798 6.78929 26.5097 21.6832 22.904 17.9272 11.6907 6.1207 18.4088 0.000484522 138.29
-65.5298 6.8377 13.5662 51.597 21.9684 6.59424 61.138 30.1494 146.575 7.36132 21.8983 50.2797 33.6722 9.38867 35.0814 14.1315 32.1348 43.2394 69.1046 59.142 10.6702 9.23639 3.70673 22.4921 0.754837 36.0499 21.6192 14.2737 7.05961e-05 136.574
-64.5625 6.8377 14.0197 51.597 21.618 6.56453 62.0662 21.2567 146.575 14.2155 21.8983 54.3382 42.4111 2.53279 30.7128 15.9121 32.8483 50.7878 69.1046 40.4103 7.64582 29.6819 0.329669 12.583 15.7096 34.4541 17.6332 26.0814 0.00082676 138.862
-66.508 8.87768 13.292 51.597 21.6404 5.49157 62.0662 19.8046 146.575 15.3759 22.6241 54.3382 42.5815 2.53279 27.5449 18.6329 42.0811 50.7878 69.5974 34.6259 7.64582 42.5092 1.43357 13.889 14.27 29.464 17.8666 2.17493 0.00287536 141.052
-66.4436 8.87768 11.8746 51.597 21.6404 5.53672 58.6846 20.2533 146.575 15.1755 18.9172 55.4461 42.9253 2.53279 38.4988 18.6649 15.8896 71.6694 48.0298 32.742 39.3299 33.204 21.4258 2.65274 17.8889 6.81854 17.6984 11.7408 0.00324032 140.859
-64.5768 8.87768 12.5028 51.597 26.534 10.1776 63.2528 19.684 137.988 21.0224 30.7041 42.1815 37.5065 3.67915 38.4988 18.6652 16.3506 72.3015 52.5266 26.4585 36.6319 34.5338 23.4389 7.90502 20.2793 6.15235 10.3336 1.76041 0.00249636 143.353
-66.7184 10.9142 10.366 51.2826 18.5975 9.27861 63.2528 19.684 140.22 33.1324 35.3468 39.0933 30.77 7.06269 23.2679 26.7009 15.4903 76.4774 67.0012 11.0906 40.9734 23.7132 29.463 20.4581 28.366 1.59676 3.08796 3.38427 0.00876898 141.696
-63.7669 10.9142 10.4203 50.5147 16.8365 11.2452 63.2528 27.6969 141.225 33.7646 26.0409 32.8307 29.3788 10.4319 24.9943 31.1779 7.08804 72.2975 73.3323 9.43334 40.9734 17.6936 15.8873 15.87 0.930199 19.9019 14.7889 34.0139 0.00345979 141.231
-65.3617 13.4187 12.7373 43.3842 14.1802 15.1901 46.4195 40.4625 141.225 46.1876 31.6562 35.2144 20.2972 10.4319 23.5992 30.1195 21.1283 54.5079 77.5155 10.9257 42.6324 13.6121 16.2638 25.3616 13.0906 25.3115 5.25185 20.4645 0.00879479 143.97
-65.5987 14.5179 12.139 43.3842 10.8731 18.4722 57.3772 33.0703 144.364 45.8908 29.209 28.6143 12.4286 14.3388 31.1895 15.2848 17.5531 43.9643 52.5784 63.5488 47.0456 12.9776 8.41094 9.52293 7.70224 39.8595 32.9347 17.4948 0.0208414 147.321
-68.1195 13.9218 11.7988 45.5638 9.48502 18.4722 59.8166 25.7703 145.73 47.2938 29.0795 28.6143 25.2918 14.3388 31.1895 7.21254 4.32077 41.3603 52.1306 60.3232 57.0023 6.54991 0.162734 9.76968 7.58662 39.3467 33.374 33.58 0.00372352 141.792
-66.228 13.3656 11.383 46.0977 2.15259 26.6342 55.6824 21.6027 144.552 47.2938 28.2877 22.8733 28.5919 30.5433 33.6303 0.530325 4.84745 45.556 52.1306 70.0122 45.4014 18.9965 11.832 7.96846 6.63673 32.3512 17.7333 19.4397 0.00139463 138.892
-65.656 13.3656 10.1 47.0972 2.15259 26.6342 55.6824 21.6027 144.552 40.4916 36.3746 22.8733 26.7818 27.1173 33.6303 3.54284 4.98275 50.0113 52.7692 65.5497 38.5229 17.8489 0.516081 3.34452 16.045 47.2374 20.8713 11.8277 0.00295023 141.27
-66.2428 13.3656 10.179 46.9375 4.20982 26.6342 55.6824 21.6027 144.552 39.3843 34.4301 20.5371 34.3647 18.4694 44.963 4.47698 4.98275 37.5397 56.8379 65.5497 38.5229 19.299 17.3551 20.9722 8.70886 21.782 13.6415 20.0637 0.000487251 134.858
-65.9667 13.3656 9.00176 47.1571 4.20982 27.81 50.0861 27.0027 144.552 38.8739 32.7555 20.956 38.819 20.1009 35.5027 7.83998 10.6774 46.9142 59.0852 65.5497 25.5257 38.078 6.68133 14.0384 11.7959 22.6343 4.83307 50.1429 0.000487251 140.965
-66.6632 15.6074 7.10598 47.1571 3.65675 27.81 55.3909 38.752 144.552 30.0686 32.5019 15.0325 39.7176 14.3014 37.1571 5.92361 1.73755 53.8122 62.1758 56.3531 28.8874 22.0624 1.43889 7.55637 19.7858 51.3476 3.87833 25.1896 0.000816085 141.044
-65.8467 15.6074 7.10598 45.3325 13.3705 20.7292 51.3272 34.6823 153.782 29.209 32.5825 16.3961 38.4917 14.3014 35.3136 11.8699 8.19427 36.1144 53.4581 72.3697 30.1063 8.73605 7.88995 7.28099 50.8385 29.012 4.34677 10.5208 0.0004113 142.247
-66.0083 19.7577 3.97059 45.3325 9.29517 20.7292 51.3272 33.538 153.782 23.8998 31.8548 12.8485 40.505 14.2636 44.0291 17.5886 14.9171 29.7416 59.6194 63.8988 30.9143 5.63206 9.75108 11.4039 39.8917 17.9358 3.00911 49.7568 5.36006e-05 139.393
-66.9329 19.1998 2.85858 50.0004 9.86216 19.3255 51.3272 31.2728 154.25 17.3565 30.3714 26.7751 45.0022 12.8951 34.1807 15.6821 30.0456 19.3178 62.5706 54.6362 41.4016 15.3599 15.0862 1.20663 29.8828 19.9483 9.65582 41.4473 0.000718481 137.515
-66.7167 20.4216 2.85858 47.9491 1.13746 30.9439 52.9309 31.7653 155.347 35.9075 39.6299 17.3543 25.5975 5.53174 27.4184 21.8986 53.5937 24.341 66.5334 55.9258 13.5975 10.3062 22.5471 4.66921 54.0977 18.5457 3.41349 7.44181 0.00103885 150.606
-66.9522 20.2378 2.09565 47.9491 1.13746 30.9439 50.4322 23.1204 155.347 42.0902 36.2559 18.4512 23.2331 7.75776 32.7281 21.9479 69.3119 24.341 56.4041 37.9767 15.0645 2.45008 8.78195 10.24 36.1761 32.4112 13.518 8.05374 0.000122403 136.496
-67.1987 20.2378 2.91474 44.6399 2.33178 30.9279 50.6627 37.1535 150.869 6.39206 71.9178 15.8648 20.1777 16.844 35.7781 22.2117 69.3119 24.4367 48.5229 35.6206 5.27399 2.33857 11.9815 6.49815 25.7642 60.2083 9.23886 18.259 0.000169629 144.422
-67.6791 20.271 2.91474 45.0168 2.33178 30.9279 36.8291 30.8536 160.683 12.6859 78.2679 3.4254 29.4839 15.899 30.2221 21.9111 67.6822 24.4367 50.332 42.8325 5.27399 8.79102 12.7008 16.8362 27.2739 48.0557 7.6845 13.9404 0.00433268 147.291
-65.5157 19.8411 2.91474 46.9643 2.33178 30.9279 36.8291 29.6887 155.999 20.5186 73.2261 8.60863 24.6614 28.1935 19.2395 21.591 52.1711 24.3671 49.0369 53.6615 15.4322 4.30131 4.86583 43.5946 5.73258 48.2987 5.383 21.0947 0.00202969 139.536
-67.2151 18.7818 4.92327 46.9643 2.33178 29.0755 36.8291 48.1815 159.747 23.6485 26.6958 42.3738 15.0377 21.9149 13.6805 21.9226 51.2249 32.1564 44.1095 44.879 32.3514 4.50644 2.11603 43.5234 12.4958 40.8245 6.52624 16.4669 0.00049282 139.232
-66.1041 18.7818 4.92327 47.453 1.66585 30.6184 36.8291 51.4986 156.746 20.7195 15.2458 42.919 31.8464 13.1745 13.7754 36.2619 27.7908 67.6026 18.9723 57.1101 34.9233 3.38266 1.98397 38.8148 4.63785 40.5082 10.0903 26.7781 0.000290445 139.333
-66.2787 15.5512 5.00913 49.0186 1.66585 30.6184 14.5839 53.7767 156.746 43.4131 33.5477 28.7871 26.1473 10.9676 8.58816 33.9747 35.0434 66.6835 28.0491 47.9783 29.2756 4.45243 1.98397 31.1266 8.36894 49.5251 8.63718 23.8799 0.000955711 142.011
-64.8841 11.0015 11.0792 49.0186 3.68288 30.6184 14.5839 57.2443 156.746 33.3991 33.7405 29.9874 28.4923 11.3277 7.35428 41.4549 35.0434 98.1669 37.1722 6.92084 34.0105 5.64095 3.89135 18.9881 1.27599 44.7665 10.8505 15.117 7.72205e-05 138.036
-66.5125 10.4995 13.524 44.7419 3.68288 31.9804 14.5839 57.8179 156.746 28.301 34.852 35.7076 26.5683 12.537 10.6064 33.7783 30.8336 104.87 41.2978 4.56901 37.362 9.67501 12.843 13.6672 22.3626 26.5689 5.43304 2.06427 0.000106766 137.743
-65.9386 10.4995 14.2217 44.7696 3.68288 31.9804 9.1014 64.9761 156.746 30.1922 28.3629 41.898 25.8113 1.95917 15.3319 33.7783 14.6587 137.81 23.8702 11.268 29.1763 19.7769 9.77714 18.5636 27.3717 13.5748 4.90638 20.0988 4.4363e-06 133.483
-68.6098 10.4995 15.3432 44.7696 3.68288 31.9804 9.1014 58.5928 158.762 41.9394 27.3796 42.293 12.9765 2.1705 13.5528 41.4759 120.729 26.7489 19.1492 8.18228 24.2035 36.7536 20.288 15.8178 12.9825 14.0736 7.86874 12.665 4.04996e-05 138.742
-65.2589 10.4995 16.0684 44.4398 2.0728 31.9804 9.1014 64.0635 167.813 41.9394 20.173 37.1737 8.69253 2.82607 21.0638 38.1478 120.729 26.7489 21.47 6.17314 25.4944 20.2174 20.288 15.182 21.971 14.3692 22.5233 9.77385 4.62305e-05 137.829
-70.8731 11.2167 15.0135 44.4398 2.0728 31.9804 9.1014 64.0635 167.813 40.7482 23.5178 34.9147 13.9948 1.45509 13.7301 40.4724 120.517 38.9389 16.6336 14.3802 17.6458 30.7966 12.8595 12.8894 14.4592 6.6663 25.43 17.4768 0.000979456 143.627
-68.1 13.4048 12.5272 44.4398 2.21076 32.9035 11.1111 45.9273 167.813 7.48713 28.7766 50.1277 31.8002 27.0752 11.9747 44.6227 87.7589 47.5448 13.6343 15.7859 31.2327 13.0297 26.036 20.4864 23.003 3.58711 26.1041 1.78099 0.00124629 144.239
-68.3762 13.6872 14.2407 44.0806 2.21076 30.6062 13.9977 40.7696 177.422 1.61751 28.8355 56.8143 29.2207 27.0752 13.8053 27.4798 81.1148 38.7203 20.534 16.855 46.4772 13.0402 16.6443 34.8718 24.6063 0.630534 28.3931 12.8274 0.00108684 144.248
-66.3635 11.5086 13.6305 44.0806 2.21076 32.5373 13.9977 28.165 179.478 1.61751 35.4569 57.4983 28.0773 23.5844 16.519 32.5128 85.4062 25.7613 25.4375 26.7975 33.4752 20.4178 16.8442 16.7146 5.81703 5.61523 40.2409 25.2397 0.000867936 140.267
-66.1237 11.5086 14.4123 44.0806 2.21076 32.5373 13.9977 28.5078 179.478 5.27663 29.8051 63.4279 19.2154 16.803 19.8667 37.014 68.4807 39.4871 24.3378 29.0294 40.0102 9.53995 27.7787 18.6199 5.33314 22.6904 17.6407 37.7721 0.00085479 139.174
-64.2443 11.7831 14.9588 44.0806 2.21076 32.5373 13.9977 37.5307 179.478 10.8709 29.8051 69.9083 12.7978 16.2684 10.197 29.5593 71.1206 10.2468 42.8179 35.1458 44.3612 10.9508 24.4756 32.8722 9.17711 11.9423 15.3996 14.3531 0.00152372 140.728
-63.6215 17.1128 9.95804 43.3977 1.22684 31.2065 14.9738 43.0664 180.539 6.12268 24.9462 72.7741 6.67456 25.2945 10.7103 29.7284 74.7206 19.2074 44.4726 32.9795 51.4977 4.41979 7.28104 32.8617 12.3055 29.2799 1.37065 14.3531 0.00030456 141.954
-64.628 16.0308 11.5305 43.3977 1.81085 33.992 14.9738 34.1798 180.539 37.2728 6.31037 60.4022 12.181 29.4242 4.36332 31.6599 50.6446 26.0429 43.7642 30.7905 52.2252 11.3198 10.8547 19.1292 18.8413 31.2098 6.72381 34.4357 0.00097606 141.405
-64.8444 13.8123 11.519 43.3977 1.81085 30.4427 18.4521 34.4054 180.539 53.1555 3.81517 57.0666 9.94391 25.1657 17.5498 19.9832 63.833 26.5124 43.7642 41.6024 34.1029 14.6496 15.9711 18.0409 5.71923 28.4467 1.6773 10.5712 0.00104161 144.016
-65.1611 14.6596 12.0627 43.3977 9.09028 27.515 18.4521 39.2998 180.539 44.0242 3.62684 46.6649 14.3272 43.1723 3.37797 30.567 60.7196 39.4667 20.4021 36.7373 16.545 13.4267 16.9233 27.9917 9.4802 17.6025 26.4002 17.1086 0.000307436 148.257
-65.8918 14.6534 13.5152 42.6208 12.171 22.2922 12.9637 35.5572 172.581 47.2417 0.622803 46.6649 24.595 34.9375 17.0847 23.0578 48.0208 38.7239 55.4489 36.7373 23.3047 9.91713 17.2227 39.3918 9.80487 23.7091 11.0162 2.18128 0.000307436 135.838
-66.9343 14.2746 11.7538 42.6208 23.6003 11.7207 15.5958 38.3412 172.581 41.4058 7.55653 50.7317 24.595 38.2666 5.91669 23.6026 41.0843 33.4849 72.9194 26.9795 22.6824 2.09485 17.8062 20.8246 22.3048 46.9929 11.0162 1.98315 2.26918e-06 137.301
-67.0324 13.765 12.3779 42.6208 20.7716 13.6412 15.5958 38.0852 180.93 31.7153 18.1717 50.7473 15.855 28.5179 8.73295 20.9488 55.7229 36.8611 70.6806 22.0952 26.6712 3.60332 9.95756 19.5543 27.7408 17.297 20.9297 28.1394 2.26918e-06 133.593
-66.9186 15.8572 13.4394 41.4221 19.1956 13.6412 15.5958 41.0385 172.56 44.6493 17.9495 45.4283 8.34389 23.6097 11.8973 33.99 53.4258 11.615 45.0317 62.2713 26.5873 4.09691 8.15975 23.3212 25.6516 14.3936 7.2566 66.7572 0.00016841 137.894
-67.9152 15.8572 13.4394 41.4221 21.5533 11.1312 15.7215 41.0385 172.56 51.9611 16.4628 28.0225 8.34389 43.6412 2.81217 29.9639 53.9386 9.95704 34.5612 57.0282 54.3902 29.8296 1.91187 17.0567 30.7472 20.6309 6.18491 13.5534 0.000222406 138.043
-65.8652 15.3574 13.4563 41.4221 20.0161 12.8423 14.3385 41.0385 186.933 67.7747 2.96786 28.1913 8.34389 43.6412 2.81217 23.7685 52.7085 20.5436 42.8486 48.9767 41.5164 36.9467 1.17003 19.6586 13.8023 10.8613 4.73347 25.8585 0.00143697 141.296
-65.9494 15.3574 13.6048 41.4221 8.96912 26.2962 8.66724 30.5175 182.31 75.7462 14.8816 29.7613 8.34389 25.5721 17.8718 20.7022 48.4597 20.5436 32.7226 57.0145 41.5164 32.8961 10.28 22.8358 10.6321 2.22527 14.5743 45.4666 0.00495923 140.639
-65.7434 15.3574 13.6048 40.6684 8.96912 25.2435 12.3363 23.6507 182.31 50.1963 25.614 38.7072 8.70787 48.1735 8.21685 15.5231 52.7735 26.6117 77.2106 29.2276 12.7501 9.60339 2.85253 50.4521 3.60593 16.3152 21.7125 5.26259 0.00364631 140.322
-66.293 15.0298 12.9877 41.6282 10.63 25.2063 12.3363 23.6507 188.387 51.6398 29.0691 38.7072 3.38327 39.1843 10.3619 10.8407 60.6963 30.1701 65.7621 34.4513 6.12222 7.12492 21.3596 51.8504 2.00847 10.7967 20.6604 25.568 0.000446081 136.59
-64.9635 14.2917 13.4815 41.6282 10.63 25.7668 12.3363 23.6507 188.387 51.6398 29.0691 38.7072 3.38327 42.7021 13.0104 7.51922 69.1484 31.5143 58.2478 45.5686 2.51722 2.05951 26.2196 40.2877 5.70352 13.8166 8.24439 27.8875 0.000446081 141.126
-64.7167 14.3 13.4815 39.7357 10.3641 25.7668 15.0849 23.6507 188.387 58.4951 29.7695 24.2123 5.19091 42.7021 13.0104 17.3221 66.3189 16.679 72.1358 36.2307 2.51722 6.51825 15.9099 39.5676 5.76168 46.7098 2.25343 2.25189 0.00211125 140.697
-68.3566 14.9784 13.2645 40.6411 30.8121 5.56804 15.0849 26.6145 188.387 50.4636 28.6034 30.9738 1.352 40.5125 10.5013 14.7536 66.6565 15.8085 65.359 56.3737 7.1359 8.57881 5.188 38.7757 3.23647 46.7098 1.28704 17.7981 0.000704679 140.69
-66.166 14.9784 13.5328 39.391 30.7953 6.25833 15.0849 26.6145 188.387 58.2056 27.8473 29.882 5.87629 31.9137 8.44713 14.4692 78.7695 21.684 43.8401 52.1316 5.98545 7.91342 5.188 42.2656 4.19171 40.0715 13.4962 18.6094 0.00116074 138.259
-65.883 14.9784 14.668 38.2886 30.505 6.6331 15.0849 26.6145 188.387 58.2056 30.1198 29.7843 3.82812 25.567 15.3512 12.815 78.7695 22.1722 48.5477 39.2896 12.3573 10.088 4.02226 36.6284 10.7707 42.0076 6.98281 21.013 0.00128122 140.206
-66.8086 15.2315 14.6816 37.5325 29.7986 6.8951 15.0849 26.6145 188.387 59.1781 29.9146 31.6897 3.82812 25.567 14.1901 14.1287 78.7695 18.6193 38.3787 49.6943 18.7238 5.88289 17.6252 25.2104 15.8497 33.2027 15.8665 6.40021 0.000702478 137.108
-68.8544 15.5077 13.3118 41.3921 28.3686 5.466 15.0849 27.7264 188.441 58.3139 31.8098 29.056 4.15139 25.0097 14.1901 15.341 74.7544 31.233 52.6678 38.1881 14.7203 2.6317 7.34598 37.6727 24.286 7.81296 16.9206 6.40021 0.000315186 137.986
-69.818 15.5077 14.5356 41.3921 32.1905 1.95574 15.0849 22.5473 188.441 58.3139 32.9613 19.7144 6.73842 41.7149 14.1901 6.40689 70.1344 31.233 60.9423 29.0091 14.475 4.60775 4.26948 46.5404 28.4402 22.4119 7.9362 4.44993 0.00428001 142.669
-68.4281 11.2518 17.383 41.3921 33.7368 1.86528 15.0849 22.5473 188.406 72.3486 30.7642 15.3007 4.39652 22.5338 30.4393 5.75801 74.0406 36.2376 67.427 20.756 14.2133 6.57225 30.8713 30.9213 1.80925 26.8799 6.5491 4.0518 0.00607367 142.674
-67.894 11.2518 16.194 41.3921 33.4818 2.41486 16.8444 20.8264 188.998 72.3486 34.605 15.3007 6.87728 19.1275 23.7326 9.46845 74.0406 36.2376 67.1301 14.2403 14.4971 23.5328 7.25633 30.4025 14.6762 30.9643 4.13564 11.9787 0.00350408 139.693
-68.5606 11.1351 16.6689 41.3921 33.4818 2.89448 4.59305 21.0236 188.998 69.6118 34.605 27.0705 10.0042 15.8377 26.4528 9.46845 74.0406 36.2376 64.6823 26.183 14.3035 20.1929 5.74018 20.2845 8.90518 22.2245 27.9894 2.86821 0.00327358 142.81
-66.5723 11.1351 17.2223 41.3921 33.4818 1.45132 4.59305 21.0236 189.076 69.6118 35.8046 21.2699 9.81352 16.9438 23.1559 21.6592 59.7254 33.6959 59.2669 40.4501 2.94957 17.6124 11.6993 23.9307 14.2474 6.43094 44.1749 1.53471 0.00348489 140.646
-66.2706 6.47836 18.8062 45.0349 31.2651 3.24316 15.8869 21.0236 189.076 50.9912 43.3859 20.2675 8.05212 24.554 21.5063 17.4087 80.4574 33.6959 41.0666 40.4182 1.23388 16.9263 7.72613 26.6211 18.1567 18.5513 28.2176 16.6564 0.00921004 140.675
-67.264 6.47836 17.6448 45.9947 29.2511 5.17983 18.2325 21.0236 189.076 51.0561 63.6523 9.66595 2.97775 10.5605 24.1781 20.8999 75.6751 43.4569 39.1076 30.819 10.0982 22.6024 6.75364 11.7166 16.4448 7.23156 40.1253 16.7674 0.0168824 143.113
-67.4075 7.27466 17.5182 45.9947 29.9353 2.37221 28.1593 16.1379 183.801 40.7245 60.7721 19.6072 12.13 2.12162 23.8929 31.2657 72.5913 53.0409 7.09702 53.0523 5.84716 22.6894 21.4595 12.1503 14.0205 9.43371 30.5324 15.9632 0.00492238 141.61
-65.7567 6.58978 16.682 45.9947 19.6754 14.2073 34.7435 14.4481 182.025 41.3007 62.5009 13.8583 4.9245 2.12162 35.733 25.5242 57.7948 11.1561 73.8215 54.621 4.44773 18.0234 6.6307 10.9898 17.0321 9.30399 32.5892 36.2731 0.00315165 141.344
-67.4366 6.58978 17.2546 45.878 16.8496 16.2359 36.5324 14.4481 175.151 48.6937 51.2015 26.3178 5.5039 8.2135 47.1134 5.29186 38.0022 11.2379 80.2886 46.2109 26.0983 27.225 15.9546 27.1552 6.46088 11.9077 6.4908 34.7618 0.00311941 139.994
-61.0274 8.61558 15.4966 45.878 18.3553 12.3024 44.512 6.7248 173.639 64.6736 56.3057 2.13616 8.72899 6.08478 47.1134 12.736 33.9619 30.1063 84.6682 41.1967 16.9934 28.7812 15.1713 20.2578 11.6965 1.92039 5.76914 41.9852 0.00218807 149.202
-65.4796 8.61558 15.2703 45.1261 18.6601 12.047 56.8162 6.7248 167.032 45.3846 70.2451 4.9233 8.81846 7.53965 55.3626 8.78259 30.7832 19.551 83.5879 41.3324 14.2814 29.7836 5.46499 45.1879 4.23122 7.13097 16.084 25.6421 0.00237133 146.034
-67.5672 8.33485 15.1187 47.8667 21.3738 9.32563 49.8193 9.48995 170.613 52.6043 52.1854 9.56789 5.26054 13.308 54.636 3.75171 22.0915 8.99396 93.8737 68.2138 8.78488 17.1488 28.2393 32.6245 14.9697 7.23998 1.95188 18.3244 0.00231764 141.279
-63.5301 6.45166 16.7691 49.4717 19.0029 9.77215 47.6436 9.48995 174.195 47.6508 50.6318 8.98441 12.9067 11.0562 54.2653 2.21636 29.1356 25.7872 86.9116 60.4917 3.85391 16.4829 17.7084 33.4937 1.30907 20.2347 11.537 21.9786 0.00231056 143.89
-66.2582 5.00553 18.0019 48.7932 15.4085 9.24122 47.6436 9.48995 178.667 44.3837 22.1474 32.6474 23.4044 18.0192 37.4075 3.83659 34.9372 22.2724 67.9562 66.8017 8.64897 37.6048 16.217 38.7534 3.07747 9.68268 13.2596 0.580272 0.00285593 145.691
-65.2618 5.00553 18.0997 48.7932 20.2494 12.0913 44.6808 5.17828 176.411 28.8206 22.548 41.0604 30.2392 17.3609 41.2904 2.26926 32.3433 19.4756 78.9092 64.9298 8.64897 22.4209 13.1559 36.3517 4.21885 15.0445 21.2583 4.02748 4.12928e-05 137.368
-66.3754 4.30805 17.8168 48.7932 21.6899 9.08924 48.7307 5.17828 176.411 39.5073 10.7957 47.2179 32.1423 7.00569 49.9363 4.20668 19.8556 31.0136 66.4868 62.1946 8.44835 23.1503 9.63889 34.7341 10.576 1.68652 33.9921 29.4369 4.12928e-05 137.807
-67.3193 1.53163 18.2813 52.1964 20.3578 9.86722 40.2947 5.17828 176.411 42.3281 5.13083 43.3586 32.1423 15.4935 48.3363 0.598291 32.5657 29.8003 83.3243 40.1455 17.2184 18.6866 31.6817 9.51062 4.93208 3.99664 38.7177 40.9991 4.12928e-05 141.981
-65.2416 1.71227 17.2066 51.9675 20.3714 9.86722 45.3106 17.5205 168.276 39.6885 2.2966 43.3586 30.6016 25.4763 35.4736 10.2295 31.9641 26.5876 87.6653 40.8977 23.7704 24.7648 5.81618 4.73581 9.81081 3.60488 36.9717 47.1198 4.12928e-05 137.295
-66.4162 1.71227 16.9688 51.9675 20.2486 9.86722 50.0912 19.4834 161.063 42.4233 2.95604 48.9155 31.9474 19.2046 33.5058 4.67306 33.6523 29.323 90.9553 40.2905 15.1999 14.5462 5.55841 24.3176 1.68742 21.1753 27.923 42.7517 4.12928e-05 137.138
-65.9653 1.71227 16.8378 51.9675 20.5324 9.6908 54.4069 23.7789 156.641 42.4233 2.95604 47.2221 30.6172 22.4033 24.3495 6.66354 40.0281 20.6544 91.433 34.663 13.0069 20.8099 30.392 24.2013 20.829 2.45384 17.9224 7.57863 3.11312e-05 134.205
-62.6039 1.71227 16.3791 51.9675 20.6545 8.24842 56.032 26.4328 150.865 42.4295 2.95604 38.8927 28.2311 26.6434 25.3794 17.0593 28.8823 26.5649 93.1318 25.4759 37.0688 17.5377 26.4127 15.0566 7.82768 1.52892 18.8442 13.2266 3.11312e-05 141.037
-66.0554 1.71227 17.6278 52.4582 19.9645 8.24842 62.5964 14.6796 159.111 34.2289 16.6491 35.7206 25.4592 22.6614 27.9752 13.3289 29.7855 56.9481 75.478 25.4759 26.3598 16.8403 26.6333 3.27385 3.66167 8.02439 23.8489 3.56942 6.74981e-05 136.742
-68.2443 2.21741 18.4756 52.4582 19.4854 7.73972 63.3689 9.89286 159.066 41.9021 36.4013 31.8515 10.8065 27.0144 35.6372 4.73214 29.5961 56.9481 71.0456 33.5889 3.52781 19.1787 22.6627 12.0012 20.2348 8.15639 33.1499 6.37494 7.09297e-05 135.59
-66.1896 2.21741 15.7816 51.9666 20.5809 8.24162 60.0436 25.2902 151.184 29.8558 42.8791 39.4323 8.3261 13.5957 40.8682 2.6106 26.0518 53.9896 73.0831 28.1009 33.4878 10.8007 21.7061 7.32809 20.3816 2.95064 33.5241 3.19153 0.000198253 136.684
-66.1219 2.15192 15.4365 53.6532 22.8798 4.82217 53.6836 15.403 162.95 27.5017 43.2886 37.7609 23.4069 4.34176 52.0928 2.6096 38.7712 88.3917 33.9224 15.3522 33.2847 21.6932 5.49336 4.08697 14.2153 9.92796 31.8694 17.3671 0.00166304 140.398
-67.4321 2.15192 16.084 54.1081 23.8794 4.74253 53.9182 19.8982 162.95 39.9112 25.4778 33.0454 16.9923 6.0525 48.1597 11.8558 27.6162 72.8627 44.0808 25.7825 34.0666 18.507 27.7393 10.8115 32.8853 10.3454 7.53096 0.932081 0.00113913 137.721
-66.9979 0.54971 16.9675 54.1081 22.225 5.24187 57.092 19.8982 162.95 24.8046 25.4778 36.3894 17.6041 25.1555 33.8546 12.6785 31.3148 105.032 16.9322 30.0932 28.5209 15.0169 24.6344 14.4839 18.8059 16.9265 6.99682 6.72824 0.000167483 137.225
-67.9438 1.3553 17.1046 54.1081 23.3383 3.97006 67.5741 22.055 146.601 24.8046 12.755 40.1862 30.5605 35.1778 6.67435 25.8411 45.4397 97.6668 33.5502 23.7238 7.1459 44.458 41.0506 3.33938 25.1335 6.72018 6.87062 16.5844 0.000236476 141.237
-63.8559 0.291893 16.5717 55.3357 23.6363 2.84455 63.3037 26.3893 144.253 24.8046 12.755 40.1862 32.7904 33.9024 12.8277 24.2321 55.6435 97.6668 33.5502 15.7728 2.37719 25.0515 40.6301 3.93664 15.5722 14.5156 10.8146 22.3119 3.67761e-05 138.608
-65.3276 0.296763 16.2523 55.598 21.4319 5.59378 60.7317 17.4257 146.995 23.6287 13.0707 50.3246 26.2419 32.8685 12.2273 40.3868 42.4783 90.723 26.553 17.4113 1.36849 37.1429 20.5485 26.1297 15.5459 0.130646 26.9636 19.4269 0.000131632 147.224
-64.5629 0.179037 17.7769 55.598 26.4222 8.92814 71.8964 7.42718 147.075 25.2309 22.6993 37.6942 29.0459 30.0334 6.01111 31.0688 54.345 92.0555 17.5328 24.7761 1.03302 29.6488 6.88426 2.78198 25.5407 42.3151 16.6859 27.6236 3.05728e-05 146.399
-65.3198 0.179037 18.5204 55.6665 17.0149 7.49803 68.8392 7.42718 161.732 35.8404 41.7978 37.6942 6.80352 2.69828 17.6903 37.8836 48.5625 90.3416 17.5328 25.7511 21.0402 26.9201 6.88426 5.95326 38.4658 20.5266 9.22141 7.84038 0.000173556 138.389
-68.8317 0.179037 16.8898 55.6665 23.1116 4.83716 66.7045 3.56301 165.566 41.102 36.3697 42.0977 2.34748 13.2187 12.9547 33.8562 43.91 81.7387 22.1286 36.6128 12.8281 38.1949 2.21337 19.1202 30.9979 18.4634 3.76756 5.47643 0.00111174 143.153
-67.6432 0.179037 16.7437 55.6665 21.0682 6.594 59.1045 5.78887 155.246 44.3247 36.7245 42.0977 2.34748 12.8854 27.0803 33.8562 37.2126 81.8528 43.3976 33.6138 2.89374 38.9928 8.29559 9.56245 37.9131 8.85253 7.51021 6.28713 0.00189708 145.472
-66.3817 0.506999 17.0258 55.3468 21.0653 6.9647 64.5069 5.78887 159.864 9.30324 34.1015 23.0819 48.2754 9.42736 19.6624 49.4407 32.0823 83.9454 36.8215 35.9123 2.89374 55.9253 9.32031 11.2281 15.3688 18.4834 5.90527 22.4223 0.00156732 144.35
-66.3637 0.506999 15.9876 55.3468 22.456 7.1645 58.7268 5.78887 159.864 17.5312 30.4635 21.1613 58.6773 9.42736 7.33978 49.0595 31.2288 74.997 26.5959 62.9201 9.21183 41.1043 20.4388 8.39938 9.18338 7.21215 14.3559 1.31717 0.000830148 139.464
-65.8692 0.506999 15.2953 55.3468 22.6539 7.1645 52.7703 5.78887 178.877 17.5312 18.7375 26.7559 58.6773 8.57692 0.491379 48.1296 30.7666 74.997 25.6572 59.6015 14.702 22.9637 39.1425 8.52098 13.8946 11.1191 14.3559 8.88972 0.00189241 141.582
-67.38 0.506999 16.5319 54.4398 20.9288 7.1645 50.6199 5.78887 175.082 20.0542 16.8785 15.7064 66.3583 16.127 21.313 26.8599 44.3455 79.744 21.4867 46.8281 7.76882 15.2774 12.0576 40.2581 14.5352 13.0969 12.7659 27.4101 0.00199663 139.948
-66.0081 1.1729 18.8438 53.9505 20.9288 5.42321 52.6231 17.7196 175.082 19.6904 21.8249 3.14764 57.812 16.127 19.7002 32.9966 42.5776 74.996 21.4867 43.5039 11.1436 6.24647 18.8692 23.0591 9.51413 4.69037 40.5142 55.0133 0.0049001 149.594
-64.7205 1.1729 17.8586 55.2708 21.6165 2.29168 52.6231 17.7196 165.496 22.4893 31.1775 3.77503 50.2339 28.088 27.3213 24.5522 48.3786 75.9083 23.9299 36.8721 13.1966 3.32734 16.2368 31.5683 8.27169 23.1584 29.8181 36.6205 0.0142552 152.217
-67.1473 2.5716 15.9253 55.2708 20.9504 6.94294 50.3596 21.9229 161.519 32.362 31.8481 21.5795 23.4992 22.5624 26.7132 23.9284 35.3122 75.9083 35.7131 43.1222 7.77326 10.3368 9.42377 21.8801 5.03236 41.934 28.0044 21.5613 0.00660439 143.141
-66.1336 1.50903 16.1986 55.2708 21.0864 7.2772 42.3197 27.3653 159.81 33.0172 34.4088 29.8909 26.9424 19.1414 30.2208 8.61576 38.8956 75.9083 35.7131 49.8174 5.35772 22.427 21.4858 6.32792 9.02647 19.7903 21.3565 43.5338 0.00109665 136.896
-66.1013 1.50903 15.393 55.2708 18.584 9.22376 43.2504 17.3867 167.263 36.3892 50.8373 21.4901 23.1511 12.2029 35.3851 12.0048 61.8037 49.3014 31.8569 52.7526 4.24869 42.3734 8.15173 10.1431 16.9682 9.47702 15.7659 28.8029 9.09022e-05 135.59
-66.2641 1.9747 14.4985 56.6722 18.2425 11.4597 41.6668 23.9586 165.627 20.3801 51.4304 12.4435 32.8056 20.344 31.9611 12.2918 59.1851 48.1816 31.8569 51.6477 8.77795 34.1582 28.5972 22.3291 6.99435 3.37734 2.11195 65.5798 3.60641e-05 136.651
-67.1044 1.9747 13.8624 56.6722 22.9798 7.75957 39.5742 23.9586 165.69 21.1432 17.7706 29.3398 51.5845 25.8734 26.0937 12.3138 52.3967 47.6389 34.7724 62.8766 4.48246 25.5692 23.6028 22.6375 5.35844 2.3029 23.4348 33.1287 0.000496582 137.502
-66.0818 1.7954 15.4194 56.6722 24.8581 4.13293 40.5264 93.7712 101.653 12.1964 17.7706 26.8849 49.7613 38.0382 29.5425 2.95986 70.8105 59.6977 34.2227 29.3556 9.49942 20.1038 13.7503 5.82391 18.1819 2.3029 49.3091 7.20406 4.17298e-05 134.31
-66.5416 1.90556 15.6779 56.6722 20.0855 7.03479 41.3529 95.7498 101.414 10.6462 29.9843 24.9291 43.0898 33.7745 33.9524 6.03901 73.434 64.8371 21.5127 27.5018 8.10426 21.1217 24.1075 14.1797 14.0083 13.4128 31.3653 17.1269 6.03559e-05 138.271
-64.2335 1.90556 15.8174 53.6267 25.9271 4.66677 41.3529 101.509 92.5648 15.0593 37.2451 36.5419 21.6327 31.2373 27.9947 7.23877 89.1564 64.8371 24.053 4.81103 25.2887 22.7845 20.0318 11.8841 13.0805 16.5495 19.8681 19.0071 0.000334548 135.486
-64.5816 1.90556 16.2888 53.5456 25.9271 3.19783 45.6731 101.509 92.5648 19.2828 32.2306 39.4557 23.4557 26.8284 24.8462 14.5735 89.1564 72.9301 4.61524 8.1703 26.3048 21.0115 4.8925 13.7231 28.6375 12.5712 19.1232 1.6189 0.000157957 138.056
-68.1721 1.90556 15.6514 53.5456 24.9608 3.19783 59.1314 103.517 72.2153 9.7763 12.6424 57.8053 26.8766 23.1646 30.1236 24.034 82.7734 68.9306 18.0981 5.94043 38.9424 21.3005 1.32951 9.94112 12.6142 21.5806 25.3697 23.8274 9.39136e-06 140.596
-65.6233 1.90556 18.6982 53.5456 24.0166 2.42349 57.1615 105.059 72.2153 9.7763 23.4377 70.8393 14.3868 25.691 10.1767 22.9226 80.8602 50.2339 18.0981 27.8561 35.4507 8.30673 6.52508 23.2883 9.12846 18.0892 29.266 33.7999 0.000294996 136.99
-66.3509 1.90556 17.4415 53.5456 24.0166 2.42349 59.0795 106.699 73.9934 11.4149 21.796 62.8655 7.22994 32.0808 12.0618 31.0232 99.8722 50.2339 18.0981 6.63134 47.1485 7.63512 23.2619 15.8323 6.01218 9.87469 30.9054 12.9271 6.06543e-05 138.754
-64.2087 1.90556 18.3763 52.7242 24.3498 2.42349 59.0795 106.743 72.7643 11.4149 21.796 62.8655 6.84696 26.8762 14.533 32.2599 88.6849 50.2623 18.0981 6.24917 48.8131 11.2884 35.001 8.24921 6.23403 5.81885 35.7408 12.4854 0.000232998 138.758
-67.4619 1.90556 18.3177 51.9574 24.1666 2.42349 59.0795 106.743 72.7643 25.8744 26.7924 48.369 13.3085 5.52369 50.5687 11.9563 88.6849 8.46199 22.6813 38.0587 58.4945 6.76509 39.8204 7.28422 6.23403 8.76394 31.9134 9.24129 0.000172585 139.343
-65.3821 1.93165 18.0682 51.5065 26.7101 2.42349 52.6315 106.743 72.7643 29.4038 23.8701 28.4759 41.6849 1.04645 45.6307 7.83383 88.6849 20.3796 19.1656 38.8842 53.8708 7.94756 39.8204 11.1941 3.37769 2.03099 13.7203 31.1345 0.000492817 140.287
-66.7457 1.93165 17.6842 52.2242 27.206 0.44269 52.6315 111.323 72.7643 30.229 27.3446 28.4759 41.9702 1.13853 48.3723 3.29451 84.7011 23.3249 13.57 34.2511 59.0887 5.13834 35.491 14.7188 7.00293 20.727 17.1519 0.498909 0.000183868 137.415
-63.6051 5.9702 12.4123 55.509 26.7262 0.533664 52.6315 141.599 34.3958 25.1427 26.0588 29.6309 39.7933 18.012 49.7648 9.3856 78.6397 21.0442 30.4247 27.5412 37.5051 18.029 43.2103 12.2455 5.00081 13.1336 15.7483 27.0088 0.00047939 145.655
-66.1548 5.44234 13.4857 52.4089 32.8566 6.33542 52.6315 141.599 35.8853 19.8859 24.4323 21.7786 43.165 14.9848 46.1283 7.33199 78.5614 22.6616 50.2581 40.2701 15.5175 28.1204 31.2917 18.4756 5.00081 10.6163 6.11863 30.8906 0.000282245 141.05
-63.8477 8.70048 11.8494 50.1183 34.9661 5.40185 57.8086 123.809 38.9436 16.8336 32.1715 25.8542 43.165 23.5669 39.9574 8.2241 57.8199 50.3146 35.5859 40.2701 8.04406 29.1352 28.8212 20.1904 5.84107 5.97004 36.7985 5.18923 0.000847811 145.59
-67.2642 11.7592 9.90289 48.5144 25.4594 5.40185 57.8086 123.809 43.3641 20.0176 31.029 26.8014 49.2258 19.098 37.518 2.30029 60.2223 42.6795 35.2812 44.5042 23.4321 22.9213 30.913 9.04604 5.89523 15.6661 31.9556 9.4925 0.00373015 139.939
-65.3703 12.0988 12.6889 46.3871 25.4594 3.35443 57.8086 122.727 43.3641 23.2268 26.3283 27.1387 52.4512 13.0045 37.518 7.99337 78.7174 23.2812 40.2678 44.5042 17.8423 2.07992 30.9827 9.48384 14.7767 10.2267 31.4987 30.1288 0.00017081 136.865
-67.1343 10.0918 12.3665 49.8396 25.293 3.35443 57.8086 122.727 43.3641 43.104 19.6104 27.1269 45.2433 5.88244 49.6177 2.77554 84.0166 11.4872 43.5342 51.8898 20.9843 4.78395 2.33263 25.2176 12.2754 13.5453 29.4275 36.2548 0.000160621 139.602
-66.9032 9.42547 10.2745 52.8779 23.0318 3.35443 57.8086 122.727 43.3641 53.2927 18.3959 25.4916 37.2358 9.04166 43.9556 0.822664 68.1813 11.4872 41.9887 59.4115 25.8888 20.308 9.51598 14.2966 15.9213 9.2132 20.4535 31.8615 7.32775e-05 138.688
-66.4376 9.06027 10.6336 52.8779 26.748 3.35443 60.4961 128.943 43.3641 44.447 11.6288 24.0199 32.8785 14.3683 56.2422 9.82521 45.7865 15.3656 53.033 71.9832 5.23311 42.0747 5.17512 0.34949 36.99 20.628 4.04588 4.58268 5.59095e-05 139.777
-66.0352 10.1551 11.1228 50.9427 28.356 1.09957 58.3761 128.943 43.3641 43.3448 36.0725 24.0322 18.7631 13.3302 42.7826 10.3315 48.186 23.5494 49.8698 53.3975 16.078 28.394 12.7737 7.19801 41.7165 15.7221 8.48409 16.0229 2.52794e-06 133.539
-66.3661 9.23886 14.6409 47.6329 28.5061 1.46388 55.8378 133.692 43.3641 43.3448 42.947 14.0532 19.4051 6.20048 44.2115 12.0507 49.2527 2.21422 51.6536 89.2869 16.078 12.8253 24.9757 2.13107 42.7575 9.12753 10.3424 24.3569 2.52794e-06 134.393
-65.7871 9.23886 16.028 46.3094 28.5061 1.20456 58.8987 133.692 43.3641 42.4944 44.0594 13.446 19.4051 12.2805 29.776 26.9294 55.3654 2.21422 32.0352 89.2869 6.85935 31.2771 21.3863 1.48117 32.633 4.38494 25.9138 11.9299 9.15683e-06 138.455
-63.9177 9.33243 15.241 45.9267 18.8333 10.8023 61.105 134.145 43.3641 29.7772 52.8951 11.5568 19.4051 6.93742 48.5686 9.84787 47.3535 7.29491 30.9528 89.2869 22.2376 22.3483 18.7812 11.8056 12.9926 18.652 22.1985 34.4613 3.93743e-05 136.209
-64.261 2.58354 22.1793 46.5186 16.7601 10.8023 66.6042 134.145 38.2155 28.6765 41.0053 20.2999 20.856 16.481 43.0913 10.2819 55.9387 19.0839 19.9362 89.2869 26.329 8.73088 22.8229 13.183 22.4337 15.9534 20.2184 3.83739 5.63958e-05 135.18
-65.3407 3.80914 20.9881 46.1842 15.4753 11.984 69.3709 134.551 34.8154 32.8709 35.8876 24.1877 23.0354 21.7887 43.0913 10.633 55.2748 9.65763 15.7481 88.1359 17.7865 3.09055 10.7472 23.4162 21.785 27.8866 15.9736 14.4406 1.23089e-05 135.682
-64.7212 4.00371 21.4979 42.3985 16.2415 13.1735 69.5852 134.551 34.8154 33.1227 22.9797 43.5032 12.1915 21.7545 49.9528 9.46965 68.0874 11.2508 12.3382 82.3417 22.0906 5.88719 10.3157 20.0789 21.9258 24.6954 20.571 11.9565 1.49183e-05 136.386
-67.686 4.00371 21.4979 46.6266 13.778 15.7658 69.5852 134.551 31.8546 22.1744 27.3252 59.5112 6.32403 1.73026 44.0076 14.3474 46.9158 24.8746 30.0076 84.5995 20.4641 3.16639 9.12162 28.0857 25.1689 12.578 24.5519 8.20482 4.18151e-06 135.69
-64.0599 3.16039 21.4979 46.5922 11.6183 16.5268 69.5852 134.551 31.8546 46.2497 10.0108 61.3374 7.68137 4.39143 37.2216 14.3474 46.9158 18.1691 31.2257 84.5995 18.6985 8.68947 7.15517 42.3308 20.4987 14.2613 18.0997 28.011 3.99842e-05 136.926
-65.1173 3.71372 21.5958 45.9322 10.611 17.6627 68.2579 134.551 31.8546 40.9447 10.1766 49.6332 11.977 6.00922 30.4512 36.7516 26.2975 15.8924 28.9788 88.2863 41.5893 5.38431 28.9623 30.9854 6.0772 5.02145 23.2025 29.7269 0.000101252 136.79
-66.1598 1.92397 21.3775 47.6663 9.08692 19.8805 68.2579 134.551 28.769 50.306 9.73799 51.1782 14.9811 12.428 26.7591 24.3374 20.1262 22.6392 42.6584 85.5026 27.2694 1.31127 27.2929 14.3436 14.1018 3.76488 45.5523 8.11996 0.000101252 136.69
-66.1892 1.92397 21.3775 47.6663 9.21424 19.8805 54.2161 96.1088 70.5303 60.3441 9.73799 51.1782 20.1033 11.5057 15.8984 24.3374 28.6373 21.8541 45.5277 87.8524 17.4584 3.55104 25.7919 14.7949 13.705 11.1537 19.6686 8.13401 6.0462e-06 137.808
-66.1993 3.66965 20.5246 47.6663 7.94788 19.716 54.2161 96.892 70.5303 60.3441 9.73799 51.1782 15.4263 14.0024 16.5059 25.5709 30.3477 28.6714 49.8391 87.2638 14.8424 1.87013 31.109 20.0326 27.847 12.9286 16.4122 5.8382 6.0462e-06 132.937
-65.1928 3.66965 21.0521 46.4018 7.74905 21.8681 56.6964 96.892 73.515 60.3441 9.73799 47.0536 10.5077 13.1153 17.1288 30.661 38.1852 43.8086 37.091 70.7749 14.8424 1.46501 22.9632 29.0648 37.0523 7.61076 8.24464 1.60926 3.78217e-06 135.036
-64.1312 5.75976 20.7398 44.4098 11.0265 17.6811 59.4209 96.892 73.515 44.5444 20.4929 56.946 0.994167 15.6508 17.1246 29.4598 36.8776 49.974 27.4722 69.9778 28.9763 1.44699 2.39605 42.5412 34.6247 6.54376 8.98205 2.05025 3.78217e-06 135.826
-66.9001 6.48054 19.5075 44.3649 12.4713 17.329 55.9049 96.892 69.8298 41.1468 20.4929 65.641 6.80138 0.931762 8.23899 49.0838 38.5621 41.1714 33.4624 68.9399 25.9141 0.801252 23.9644 45.9237 2.33496 18.2068 15.518 0.105237 3.78217e-06 137.689
-66.1004 7.99632 19.3214 41.8269 13.6368 16.2256 55.9049 101.038 75.6053 54.5514 19.2032 41.8591 8.31392 11.393 7.70918 49.0838 83.5763 5.84332 32.4918 54.9215 17.6983 11.541 28.2621 31.418 2.5125 31.751 8.20135 1.92235 0.000786283 135.524
-65.8182 7.78164 19.1906 43.0234 17.7136 13.3419 53.4004 93.3899 74.0692 54.5514 13.9914 52.997 5.44426 24.0963 29.5831 20.2025 87.3775 5.84332 47.6998 47.9564 3.25019 4.85261 18.3521 36.3448 12.0313 40.5668 8.20135 0.495801 0.000245129 136.25
-65.1225 6.0715 21.9742 43.2437 16.317 11.4437 59.9224 93.3899 74.0692 71.9826 12.4653 38.518 4.74781 31.843 14.1426 22.3447 73.6674 8.14883 57.4949 48.5591 3.25019 20.5182 13.2542 18.3783 7.87191 32.9181 22.6592 9.77046 9.66168e-06 133.083
-66.3171 5.1837 22.737 43.8833 19.0666 7.19069 61.7368 93.3899 74.0692 65.8118 20.3434 35.9376 4.50683 28.2698 17.8308 25.1303 27.7982 16.3279 87.3661 58.789 2.74333 20.9597 7.92079 16.1693 14.7374 27.3956 26.4834 17.3045 0.000252668 139.805
-65.7257 7.47893 22.737 40.8563 21.8967 7.56462 61.7368 99.2371 74.0692 63.2107 30.52 16.3313 10.8411 26.771 8.64812 21.3208 27.7982 24.284 87.8021 59.9592 5.54314 21.2196 10.2471 5.71489 14.4554 9.36207 41.1677 36.1982 0.000741084 136.651
-65.8341 7.50393 18.1614 46.1907 23.6426 6.25406 59.066 97.5753 74.0692 64.5018 30.52 14.8151 14.4248 8.72078 19.1359 27.8759 19.3154 8.49813 87.8021 70.3054 26.3942 16.6708 11.8117 7.8522 2.72894 7.70257 30.1342 79.3619 0.000540055 138.741
-67.5864 8.92548 18.1383 46.0906 24.3985 4.45689 54.6264 97.5753 76.0503 64.5018 32.917 7.30585 17.2093 8.33554 26.6034 24.3476 15.2781 9.81376 92.6479 72.6966 13.9744 38.397 16.7832 5.76275 5.35519 5.2742 15.8188 74.68 0.000986256 143.03
-67.9838 8.76255 17.2281 45.8245 24.1073 3.49558 52.5919 101.28 76.0503 57.2317 36.8922 13.7731 15.8684 23.3894 30.2971 9.42385 15.2781 12.6044 57.1796 103.704 18.575 17.6423 13.6103 11.996 2.7315 8.09655 11.0444 95.5327 0.000227733 140.402
-64.5215 8.81636 16.3924 44.3837 23.2685 8.64565 49.2202 101.189 76.0503 53.9256 33.7961 21.6617 15.19 23.0312 25.9696 9.7157 18.0664 41.1674 55.865 73.3544 20.5298 35.2299 16.774 14.5229 2.09892 4.94706 8.25211 84.4336 0.000706387 138.764
-65.1695 10.1235 17.3087 44.233 25.8723 6.77025 47.9234 101.189 81.5977 53.9256 25.2653 27.069 12.2886 25.6209 31.9912 12.8861 17.4334 25.4604 75.4926 56.0555 26.577 32.0805 8.18128 22.5106 7.05908 15.6071 8.25211 9.71869 0.000237976 140.463
-66.1701 11.6079 15.5099 43.3447 23.2807 9.23309 44.01 101.189 82.4309 57.5925 18.2304 31.7265 9.66589 28.9477 18.0324 27.3295 19.161 21.8606 75.4926 63.7082 21.2327 33.5973 12.2487 14.2666 5.00634 20.5292 12.8935 7.32287 0.00107403 134.885
-68.5543 14.1868 15.7848 40.4589 23.2807 8.50693 44.646 101.318 82.4309 63.5686 18.2304 31.7265 4.28929 30.6304 6.69714 27.3295 19.161 22.4329 88.1102 63.7082 15.3902 13.2955 16.4144 14.2857 3.90887 29.4305 20.158 11.4884 2.43086e-06 133.531
-64.8289 13.6709 15.7848 41.3819 23.2807 8.50693 41.6686 101.318 82.4309 63.5686 18.2304 33.156 3.84055 29.4751 6.69714 30.7393 19.161 16.1235 88.901 63.0528 15.8615 13.6964 20.8893 12.6329 3.35849 18.9699 45.0399 5.73518 2.43086e-06 132.395
-63.9272 9.78141 24.0413 34.1403 18.5075 15.0448 52.5969 102.609 71.5593 63.5686 18.2304 41.7433 0.982133 29.0417 11.5885 19.2635 10.2398 35.2397 88.901 60.8713 10.6697 18.6061 2.64991 13.242 4.27374 20.4269 48.213 20.0998 0.000295839 136.212
-66.6859 10.3559 24.0561 33.6303 18.5075 15.0448 49.4849 108.867 69.4939 62.5225 13.4424 41.697 1.41843 29.9497 12.2336 22.1302 10.2398 31.125 75.1197 68.2868 18.7183 35.7313 8.97453 14.8734 2.70937 22.1233 31.3916 6.75028 0.000224615 134.203
-65.0954 6.84519 25.8214 34.9319 17.9456 17.0214 44.5098 103.341 69.4939 61.3572 20.2282 42.3645 8.34269 50.2564 3.34042 17.3796 7.65098 40.1866 55.2136 68.2868 21.8824 2.20549 38.1937 24.6685 11.0781 16.4138 20.4657 7.03579 0.000132422 137.626
-66.1607 6.66207 26.1663 35.9847 15.3827 17.0214 43.3244 174.544 1.29492 69.0701 20.2282 42.9038 0.805648 38.5007 12.4161 8.75019 12.7461 42.8415 76.0379 53.5789 17.824 18.8715 25.1463 51.2414 5.46251 2.84303 15.6276 3.75683 0.000201404 137.635
-63.8126 6.66207 24.8488 35.3688 17.0719 17.0214 43.3244 174.544 5.017 55.8501 20.2282 42.4787 4.33379 33.5373 13.8447 18.2346 12.7461 44.8148 76.0379 53.5789 17.824 6.74149 25.5918 36.6 2.73609 16.1024 22.8783 5.89629 0.00131027 140.717
-64.1762 6.88105 26.0511 35.3688 15.5064 17.1484 41.6405 174.818 9.559 55.8501 22.2517 37.0967 5.56146 30.8205 13.8447 21.2187 12.7461 50.9791 73.1155 39.9479 34.2027 41.3594 11.2461 25.2319 8.07839 12.288 10.0578 4.75258 0.000139374 135.552
-65.5315 9.23158 28.0757 30.5351 16.2343 19.6899 31.2825 175.922 19.8252 44.4024 21.2721 41.0935 11.8525 29.6663 13.4579 25.3211 12.7461 70.9245 62.6746 32.7512 20.9028 40.6338 7.01358 18.9734 6.12021 34.9581 4.6819 6.03025 0.000500542 136.193
-65.9357 9.33523 26.3721 32.9764 14.8859 18.8197 28.3389 166.058 37.8253 44.4024 21.2721 41.0935 11.4106 26.5647 13.9555 28.6544 24.2988 63.3401 61.3553 26.1633 21.6378 50.1053 4.92768 4.33992 7.37492 20.8504 23.9086 9.27114 0.000535609 133.21
-66.2069 10.0314 20.7134 39.5138 14.6128 19.2385 30.1589 163.082 35.4565 54.1496 22.0302 34.5034 7.29959 30.1584 6.80413 31.0696 40.5144 62.5181 56.5817 27.2183 20.0878 37.3806 8.57226 13.2234 6.58154 6.61347 25.8237 1.89494 1.37745e-05 133.942
-66.2447 8.97058 14.0065 46.295 17.4086 14.3516 39.1078 162.626 44.0798 54.1496 22.7206 21.1609 2.12809 37.272 11.7807 25.8112 36.606 58.5219 38.6309 46.3428 14.3528 37.9416 7.08723 8.16614 21.0365 15.552 23.1098 12.2746 0.000114039 137.084
-65.9388 12.8802 10.3937 46.295 17.9513 14.7459 32.5827 106.156 88.7349 48.3351 11.2973 27.345 33.2251 31.5235 9.19896 23.0826 40.867 57.5256 18.3763 60.2015 42.8475 22.1993 10.0811 6.20808 40.3381 2.50635 11.6831 11.1688 0.000217473 135.123
-65.9306 10.6692 12.4422 47.6493 17.4525 16.8366 32.5332 103.682 95.021 44.4333 10.9841 49.501 11.0678 29.4935 11.5463 18.6772 13.6366 77.2519 28.1943 60.4101 25.7279 51.346 10.0659 4.60726 43.7783 2.50635 5.59761 6.85121 0.000688841 139.905
-68.3966 8.90795 12.4422 49.4305 13.8014 17.8836 32.4041 93.7185 94.3886 44.549 25.029 41.7274 14.8775 30.9993 14.1582 17.8308 11.4872 85.7123 33.1062 54.256 27.6437 33.8076 13.557 9.75959 36.5684 3.41517 7.58273 8.68578 0.000472175 136.328
-64.4799 9.19032 13.3849 51.208 11.092 16.794 40.3532 93.7185 88.8052 45.7831 21.1471 41.7274 22.7994 30.19 9.58916 26.2882 11.4872 64.401 32.9781 46.4874 34.7904 57.4379 6.92735 20.3624 19.7845 8.81658 3.23283 20.0619 0.000530157 143.779
-66.5764 8.79482 13.3849 49.0983 10.3441 19.9128 43.7352 101.295 75.29 48.7109 29.4001 25.9125 26.8528 29.3779 7.50786 25.9053 20.641 62.4131 24.2348 62.8814 42.8071 28.9738 3.00468 2.06322 39.7321 13.0323 9.14444 24.188 0.00205155 137.553
-65.1249 8.97827 13.8299 47.7086 10.9384 19.9423 48.3103 102.74 75.9995 49.2947 20.3259 14.0082 34.9787 29.2841 15.6053 21.3233 38.5693 62.4131 27.1493 57.8344 29.096 25.767 4.15731 9.15173 32.0446 20.6758 3.43035 20.8973 0.000656938 134.413
-67.5916 9.25205 13.8299 47.7086 11.2754 18.495 59.2557 101.695 72.8762 52.0104 18.7608 10.3767 40.5887 27.3629 13.3354 22.9039 43.1365 49.1759 23.5756 63.6984 23.4532 15.1987 10.9548 26.7912 23.6298 1.93177 28.2056 21.0641 0.000786222 136.005
-65.6617 8.54839 14.977 47.7086 10.4333 17.2796 59.2557 101.695 71.1841 57.5947 18.7608 5.85121 33.0715 27.7212 12.2192 26.8356 43.1365 53.1629 22.1275 57.9988 43.8841 10.8713 13.6536 17.8072 25.0725 1.93177 18.8821 10.9528 0.00126732 134.569
-64.7419 8.32138 14.977 47.7086 10.9027 17.1096 58.5831 103.626 71.1841 57.5947 18.7608 6.68371 30.0841 28.8097 15.0976 24.605 16.6747 54.6512 51.3104 49.783 42.2038 3.39295 11.2852 17.111 19.9806 5.50392 29.9461 16.8023 0.000197648 135.101
-66.2089 9.18888 20.6794 40.1919 13.5877 17.1096 58.8561 99.1655 71.1841 59.5848 24.9651 3.20316 26.8781 37.2878 13.4796 26.5469 53.8252 56.4256 7.88147 61.8448 25.3081 14.3132 15.7757 15.3398 11.5171 5.50392 31.142 28.6648 0.000197648 132.922
-64.7824 7.21879 21.9355 40.7897 15.1237 15.1874 60.6299 104.963 65.6071 70.729 15.7527 9.04754 23.8699 32.922 12.2117 15.7773 68.9211 40.1901 11.7221 63.1912 22.2702 26.7212 17.0042 19.3603 16.9012 4.37918 25.95 8.28691 0.000197648 132.668
-66.5399 8.31328 17.2826 45.8819 14.7029 15.9847 64.8494 98.3049 54.1204 78.4708 4.57933 10.5575 35.2693 33.285 16.245 22.4091 76.1498 37.7337 8.87489 54.6835 25.9041 50.3573 19.4858 14.4546 3.23519 7.33291 14.1569 5.84377 0.00316669 140.4
-67.2048 5.45155 19.6153 45.8819 14.3663 13.8 76.8521 103.181 48.0331 72.3271 8.23414 6.04719 34.4133 33.285 16.5693 24.6961 67.9986 42.4449 21.3631 49.7429 10.6866 55.035 18.7828 10.0457 6.38703 14.3529 5.81367 22.2371 9.96792e-05 134.665
-66.8651 4.28253 19.612 45.8819 15.113 12.838 76.8521 103.181 51.8408 70.0837 7.52545 6.04719 43.4829 31.419 10.3454 24.6961 91.5306 43.1632 21.1817 30.2016 10.6866 46.8124 16.9537 24.6924 10.6832 6.38742 6.92527 1.98199 0.000298705 134.901
-65.5383 4.00766 19.1035 45.8819 13.9093 16.3027 76.8521 100.38 57.0253 56.775 2.27778 12.903 45.4254 33.088 7.70912 29.9127 40.7052 62.2279 13.4523 73.2611 5.32422 36.0057 14.5397 24.5955 5.88944 7.70367 3.43016 35.8914 7.05746e-05 137.89
-66.329 5.46976 20.7568 45.9885 11.1382 14.3261 81.0711 100.38 57.0253 53.4126 5.18399 5.36415 45.4812 39.3963 16.7501 19.2071 45.4114 56.6679 11.5451 67.9161 14.5722 30.7594 9.21877 45.7604 1.12734 0.628163 23.4986 24.6485 1.62687e-05 137.052
-67.063 4.47844 21.6612 45.9885 10.4655 14.5936 81.0711 95.1799 60.6307 57.6436 7.30729 6.70194 39.5783 42.2575 11.6078 18.3499 30.2054 51.9729 43.0739 60.4971 6.3453 37.1579 14.3806 4.41999 9.05875 20.2631 23.6198 24.2211 5.93279e-05 136.734
-65.8546 4.47844 22.5158 44.0298 13.1965 15.5621 80.4943 100.797 46.1046 59.625 13.9646 9.83088 30.4409 36.6894 19.1017 19.9896 30.2054 44.5454 42.6031 65.9019 11.8453 41.296 10.1397 12.7854 17.433 28.2002 4.83839 17.4925 0.000158192 136.951
-64.9057 5.45281 22.1846 44.0298 13.3042 13.866 78.1935 96.8 55.1344 71.1926 19.4182 1.47895 34.978 28.9081 10.3413 16.6174 30.7046 47.2938 54.6076 55.6936 21.103 17.1939 8.48395 9.09925 22.015 18.3582 7.09866 38.5771 6.81367e-05 136.95
-65.1255 4.37113 23.7812 43.1089 16.6911 11.5114 78.1935 101.383 49.7117 89.7898 2.31308 3.96017 18.2338 41.118 13.7944 28.7365 24.2386 52.8187 22.0587 67.9968 28.1411 12.9046 8.94075 3.27113 28.9237 24.823 2.35414 58.6965 6.81367e-05 139.973
-64.5637 3.73554 24.3181 40.7821 23.172 7.56847 78.1888 89.2361 49.7117 89.995 4.05671 14.4836 25.4033 14.1819 21.306 28.5176 38.9606 53.2214 18.9279 67.9968 28.1411 25.9123 18.1356 11.3086 20.4651 15.665 10.0614 3.59849 0.00121128 139.313
-65.7778 2.31746 24.3181 40.3061 24.3107 6.80078 79.3025 94.5287 56.6928 89.995 2.89487 10.4785 16.341 15.3702 13.7582 34.1746 43.164 61.0571 18.9463 56.6667 26.7579 24.663 26.8502 7.92886 30.3901 10.7839 15.4356 11.8324 0.000522379 143.178
-64.5075 2.31746 28.4384 37.9894 21.8175 6.05962 79.3025 94.5287 57.1317 89.995 9.86279 10.4785 25.167 4.26721 7.08286 45.6837 31.8586 58.9095 18.6865 56.0243 37.4488 16.3594 43.6686 14.1259 11.0132 3.81103 8.59186 12.1824 0.00104946 137.275
-66.0368 3.74275 25.8597 41.1685 22.1506 4.65786 79.3025 96.0368 52.7665 90.6537 8.58533 15.9106 14.4714 10.0521 5.70917 49.3972 39.3619 64.2504 17.4304 56.5072 23.7148 14.9725 46.2427 13.5106 13.5 6.6795 13.7708 3.46505 0.000279695 135.397
-64.775 2.47795 25.8528 41.0991 22.8915 6.05181 86.2398 95.2932 45.9756 83.5046 15.2152 21.2634 3.90699 10.7735 3.35823 59.9623 48.7235 60.3858 8.70787 53.0365 13.8224 11.062 72.0129 15.2449 8.58306 2.75054 2.71909 2.12623 0.00290867 146.504
-65.1448 3.47363 24.5927 41.0991 21.1557 5.58892 92.5758 95.2932 45.9756 83.5046 11.1855 19.7873 9.46809 12.9029 13.3563 51.1151 62.629 63.3688 26.0159 16.8777 17.044 8.12321 67.1002 20.172 4.67658 9.39872 3.46168 4.87838 0.00723137 141.878
-65.5163 4.91349 21.0042 45.3286 20.2969 5.09191 92.5758 97.0782 38.4909 83.5046 21.8954 9.06284 18.6484 18.923 7.51844 32.2231 62.629 63.3688 26.0159 18.1793 29.0783 5.33933 74.3453 12.9069 15.4768 5.68392 0.866978 12.133 0.00436769 141.787
-66.2287 3.22371 22.3824 45.3286 20.2969 7.13229 92.5758 97.0782 38.4909 83.5046 11.4302 9.06284 28.6137 22.4268 11.5763 23.672 61.8631 63.3688 29.0905 23.1801 24.0546 4.67246 83.9084 10.2294 8.60757 4.8412 0.866978 7.73834 0.000287182 136.667
-63.6568 3.20794 21.7108 45.5334 19.809 7.21709 92.2849 92.3105 38.4909 89.4524 8.47646 9.06284 29.0109 24.4958 16.4535 15.5696 61.8631 73.0908 32.7112 21.7101 26.8364 4.94466 64.8598 7.25906 10.7842 3.34734 12.2754 10.6296 0.000129847 138.124
-66.1468 3.19456 21.9541 45.904 19.809 6.88583 93.4603 92.98 37.7868 85.2749 8.47646 9.06284 34.7291 11.5131 36.26 13.0737 61.4024 73.0908 23.9145 12.5825 28.7058 4.92027 71.6258 7.17122 14.8273 4.17437 3.32462 21.2111 0.000149559 136.266
-66.5274 3.19456 22.3177 45.904 20.3866 6.64951 93.4603 92.98 38.1589 85.2749 10.5331 2.72646 25.4506 14.4688 37.5419 13.2965 61.4024 80.2565 25.1466 12.5825 29.8263 3.14301 48.0827 9.30648 29.7549 7.73315 8.02327 13.3276 9.63951e-05 136.98
-65.174 5.28085 19.9143 46.0781 20.1574 5.77756 94.5936 92.3993 42.8601 86.4412 21.3212 2.72646 13.906 15.3154 33.3467 13.0062 62.4052 80.2565 25.3411 12.5825 23.7367 1.48763 48.3357 16.4114 18.7057 11.199 6.41739 11.579 6.08988e-05 135.146
-65.3383 6.46874 19.9143 43.8201 29.4922 6.51123 94.5936 87.2602 40.405 79.0751 18.2152 2.48014 19.1497 31.916 34.157 6.28114 72.8728 79.2505 20.7417 11.0259 23.7367 2.18715 29.403 16.5565 10.1818 22.5785 10.7809 9.7498 6.08988e-05 137.968
-65.2217 2.90514 22.7962 43.7355 28.4602 1.43964 94.5936 87.2602 37.9193 77.9889 24.4535 2.48014 25.8378 37.8136 29.6207 13.4951 64.5263 79.4298 19.3477 11.0259 18.7674 7.52723 10.4105 11.9547 27.9398 29.9456 11.0225 6.35411 4.93591e-05 140.65
-67.7714 4.85417 21.3337 42.8766 25.8854 2.25072 94.5936 84.315 43.4421 77.9889 14.258 2.48014 40.4172 38.7275 18.807 3.33609 59.2506 75.5555 16.0835 4.58008 54.0655 9.36737 15.7449 15.265 27.9398 24.5836 17.738 7.41959 0.00347851 143.368
-66.6021 3.93306 21.0044 44.5769 26.7759 1.48171 94.5936 84.315 43.4421 77.8201 17.5352 8.67346 27.3367 34.4002 22.4112 12.6325 59.774 75.5555 36.9905 5.01797 32.0628 1.26308 13.76 2.48986 45.7861 10.5507 31.3174 1.54085 0.00691835 143.226
-65.6041 7.97542 21.1745 41.3077 28.8865 6.2619 94.5936 85.8464 42.6098 79.3338 8.25328 12.1633 22.3444 36.8572 23.972 9.21995 47.5316 84.5762 35.0656 5.01797 29.7152 13.6404 8.79421 2.19514 47.1072 9.02869 28.13 6.48304 0.00101833 138.501
-66.2861 7.97542 21.2506 40.8193 29.8588 6.25762 94.5936 85.8464 41.111 72.4129 7.21378 12.1633 26.1433 26.2449 33.9378 9.21995 49.9247 80.7727 26.8362 5.01797 41.1928 19.4773 9.59443 3.21484 32.5061 17.2647 30.6964 6.53132 0.00195471 141.561
-66.791 7.97542 19.2184 40.8193 30.364 8.13793 94.5936 79.3958 43.207 71.3349 0.23116 21.416 34.315 29.2882 20.5575 11.201 53.0534 76.5973 33.6559 5.01797 44.261 13.6215 9.51313 6.10788 18.7209 15.572 38.5856 18.3864 0.00223481 143.191
-66.7227 10.7807 18.0407 40.8193 29.5628 8.69006 94.5936 80.6477 37.8838 71.3349 4.59873 12.4928 42.6946 30.2532 22.2362 18.2748 67.3106 70.5219 33.1752 5.01797 35.5761 14.7862 9.53649 9.73567 7.37505 5.60344 29.0808 40.3595 0.00131348 144.56
-66.8684 9.04462 18.0778 40.897 30.0992 6.08837 108.102 99.7023 15.6168 53.3231 3.24561 12.2181 52.7457 20.9635 19.5112 22.9537 65.5241 59.6117 41.8643 12.3829 41.5143 40.1249 7.00452 8.77977 6.00068 6.68772 26.2399 28.7393 0.000583268 143.982
-66.1929 9.04462 19.1869 42.7577 29.7532 3.67979 108.102 102.217 18.0657 60.9243 2.88109 12.2181 49.5635 27.583 22.7877 4.17819 34.6854 41.0213 74.6807 12.3829 54.5634 40.1249 7.38508 13.1739 4.76089 16.2038 16.9799 7.74652 0.000583268 138.727
-65.6964 9.37867 19.1869 40.8455 7.26625 17.5918 108.102 92.9574 18.0657 65.2592 6.0203 12.2181 53.0523 26.7956 32.0818 4.17819 41.0422 41.0213 74.6807 12.3829 43.3743 31.5716 7.11234 8.89042 26.3175 16.4418 16.9799 2.4566 0.0168144 145.349
-65.0501 9.37867 20.1047 40.8455 7.26625 18.4726 114.326 92.9574 18.0657 65.2592 1.33493 12.2181 54.4635 20.3705 37.8262 9.00891 49.4526 41.1216 63.7672 12.3829 33.5814 54.8505 4.83412 2.19541 3.19483 31.4748 13.5855 11.7869 0.00798679 142.491
-64.541 7.12299 19.9996 42.9092 9.4859 16.0978 107.527 100.91 17.1385 72.7916 7.72066 12.2181 48.0504 9.00572 40.1231 11.3203 43.4862 53.2601 63.7672 10.3328 23.583 25.2006 11.053 14.1333 2.78464 39.5437 12.6435 39.5159 0.000880278 140.608
-64.484 7.26395 22.4199 41.8639 9.4859 16.0978 104.75 100.91 16.7145 72.7916 6.16537 12.2181 49.1584 6.07168 40.1231 20.2641 60.4745 69.1705 49.3043 4.77035 15.6125 8.30277 6.51942 26.4499 4.75292 38.9319 10.8122 13.3092 0.000476904 142.799
-65.323 5.36309 34.4489 27.2278 10.8934 16.921 104.847 101.751 16.7145 89.2524 4.2751 0.15938 41.7117 9.81553 38.3063 20.2641 68.041 62.2096 45.4184 8.69438 12.0703 18.0587 18.6733 26.3247 12.2922 27.2385 5.34146 21.4814 0.000692429 137.959
-65.2234 2.61544 35.3537 27.2278 10.1445 20.0206 104.847 100.699 16.7145 89.2524 5.3708 1.43801 37.0699 12.2121 37.6167 10.6008 78.0252 30.0736 91.6216 2.16857 7.55219 16.5142 40.126 25.2626 7.26429 11.3853 8.40388 6.42771 0.0025506 142.273
-65.3386 5.20136 35.3537 24.9458 14.4569 16.1618 104.847 100.699 16.7145 93.7792 6.69709 3.10586 40.8519 6.89073 45.4634 13.5498 79.1877 2.99272 91.6216 10.7602 6.75831 25.9582 17.2605 17.9646 4.26073 3.60123 24.1528 31.49 0.000759673 141.166
-65.9928 5.20136 35.3537 24.9458 24.6204 9.3724 104.847 99.6997 16.7145 93.7792 6.69709 5.88118 26.2502 6.31554 30.7448 33.4325 77.7526 2.99272 78.3421 31.6602 9.14762 18.3178 13.2352 39.8422 8.77256 10.4356 17.9669 16.0256 0.000812548 143.285
-66.271 4.15409 35.3537 24.9458 24.5236 6.65178 104.847 100.685 16.1724 94.4315 5.75343 7.85497 33.0605 5.14154 23.9425 34.3927 80.4933 1.93036 78.3421 24.7376 12.9848 22.4338 4.82302 40.6014 4.70332 20.2243 21.8883 4.6515 0.00129118 143.06
-65.5347 6.33826 35.3537 24.9458 30.4123 7.26487 119.535 87.4987 16.1724 94.4315 2.73203 7.30621 30.9868 6.3396 7.83654 36.3099 80.4933 6.74197 81.1182 24.8608 15.048 31.6083 5.17731 26.2444 15.4751 15.8597 17.1134 9.68379 0.000204244 141.1
-65.0436 5.24531 35.3537 24.9458 30.8526 6.98663 119.535 87.4987 15.1041 94.4315 2.73203 3.43486 30.9868 14.2473 11.7252 36.3057 66.3154 17.8572 70.7326 30.1067 19.7344 26.0475 17.039 27.6868 9.74593 23.9771 0.738009 8.88967 0.000450951 140.617
-63.4961 5.60315 35.3285 24.9458 25.2458 3.1518 119.535 88.9034 14.0625 101.069 0.19455 3.46224 30.8321 12.1283 13.6413 52.7512 68.6063 17.5302 59.0278 34.1293 1.53286 5.17703 34.8312 33.5742 9.74593 26.2318 6.95593 12.1799 0.000794965 143.807
-67.5202 5.16378 35.3285 24.9458 24.328 3.62405 119.535 92.3849 14.0625 101.069 0.19455 5.36201 30.8321 14.2263 9.7832 52.7512 64.2808 17.5302 64.2749 29.9613 1.53286 8.81575 34.9174 26.8985 8.59255 33.7378 9.22108 14.0737 0.000169209 147.677
-64.9559 5.53035 35.3285 24.9458 26.3775 2.01475 120.216 92.3849 14.0625 89.4817 8.97647 3.1565 34.7254 29.8484 14.3139 52.7512 64.2808 17.5302 49.3387 31.617 1.56549 3.30399 23.9979 43.8758 16.5333 11.56 18.3669 4.96745 0.000380758 145.163
-65.8197 5.46649 35.3285 24.9458 24.7732 1.67017 120.216 92.3849 14.0625 85.942 7.25492 5.20989 34.9192 41.5401 7.22235 41.0782 64.2808 12.1198 67.8659 23.1035 1.56549 6.05914 2.64329 43.9023 4.31288 11.8856 56.5474 12.549 0.000344905 152.836
-67.2013 4.17616 35.3285 28.7228 24.7732 1.67017 120.216 92.3849 22.3827 85.7612 13.8546 15.654 17.7578 9.92177 18.5295 23.1321 81.0775 10.486 67.8659 25.1636 5.62659 2.80917 19.7125 22.225 6.66994 8.36611 56.5474 19.1745 0.00265743 145.826
-66.4446 2.53182 36.147 28.7228 24.7732 1.67017 124.662 102.069 22.2138 72.7828 10.9025 14.6309 14.7649 3.7044 29.3064 34.4141 75.3862 10.486 67.8659 31.8434 10.4294 16.8305 12.6786 22.225 0.655859 26.9693 26.9824 15.0445 0.0023801 141.761
-65.1149 2.0294 37.1393 27.6133 18.7949 8.91088 125.831 100.994 22.2138 76.3677 11.8291 10.5212 20.6653 4.18514 19.0035 45.8869 81.7514 11.0098 54.6775 32.3408 13.6708 13.2852 14.4168 15.2413 4.13454 15.7155 32.0793 27.4583 0.000579676 141.412
-65.8988 1.91951 37.1393 27.6133 20.6611 7.21039 125.831 100.994 22.2138 82.259 12.3097 5.56478 19.4245 4.18514 20.1164 24.9483 71.403 11.0098 54.4033 45.9177 16.89 19.0779 6.16166 44.9083 19.0844 25.9758 8.41324 14.2732 0.00119128 142.832
-66.8843 2.31468 37.1393 27.6133 17.4404 10.2681 125.831 113.892 8.46399 82.1491 11.5421 3.69804 10.2237 11.9608 20.6222 34.2822 59.9375 11.4422 45.0173 53.0708 44.3839 9.94206 5.66775 30.1976 6.35939 25.5607 19.2678 3.8309 0.000449353 139.524
-66.6896 3.70074 35.3137 28.2494 14.6735 10.2681 129.807 99.4272 8.46399 78.6313 9.2555 24.8737 16.1017 11.9608 16.6325 27.7524 28.5019 26.3747 52.4857 61.6705 44.3565 12.4948 33.6523 32.0516 2.21565 14.5247 5.01425 4.44302 0.000650554 138.171
-66.8862 4.96526 35.3137 28.2494 10.5255 14.9437 129.807 99.4272 10.6046 78.6313 9.41093 16.2234 19.0364 24.98 16.877 24.5786 8.78118 32.8222 66.5892 61.6705 19.7913 8.68603 20.293 52.3261 9.65981 9.10485 14.8929 10.0613 0.000275831 137.292
-66.0072 4.49892 35.3137 27.1498 21.148 6.17215 129.807 99.4272 10.6046 76.2193 22.7537 11.5469 4.40729 18.1461 9.9177 37.0462 16.1714 25.7381 65.9583 61.6558 34.7673 4.2943 21.3453 35.0873 23.0691 6.98498 18.3152 4.46573 0.000120189 137.34
-65.6733 4.49892 35.3137 26.8063 19.1305 8.22156 129.807 99.4272 10.6046 76.2193 19.5841 14.042 13.3634 18.1461 7.4869 33.246 16.1714 12.8377 51.3757 85.6107 33.4371 1.50948 20.0404 38.9017 8.41927 10.3052 18.3067 30.8598 0.00010921 140.108
-66.7293 6.12226 35.3137 26.8063 18.1358 8.22156 123.73 99.4272 11.1379 73.7776 18.2954 18.7264 1.84 22.0273 8.59903 43.0359 1.26192 9.4493 62.0353 101.699 37.8335 1.49334 17.882 15.719 44.1039 14.8646 18.3859 20.3655 2.78877e-05 144.294
-67.0952 5.58078 35.3137 26.8063 15.5337 12.9271 123.73 99.4272 11.1379 73.7776 28.3773 18.7264 0.771418 13.8432 29.2984 35.2878 11.3458 4.04612 54.4201 101.699 31.2806 1.49581 2.865 2.99317 45.0013 30.5465 11.7976 12.047 0.000102137 141.366
-65.1772 2.4014 35.3137 26.8063 15.7084 14.3035 123.73 99.4272 16.7831 68.5302 27.4794 18.7264 3.16347 15.2142 27.326 35.2878 25.9846 68.9167 28.1129 41.0661 24.5471 1.39966 7.51667 16.1303 41.1825 22.3814 6.57539 27.6266 3.80911e-05 140.361
-65.4156 2.4014 36.3746 27.7848 10.9112 15.5455 123.73 99.4272 11.7725 68.5302 26.9796 18.6843 1.26453 24.1017 26.994 36.7009 18.2507 82.3254 30.715 49.8022 2.90967 6.91354 9.61263 13.6194 31.8549 47.8291 4.36509 11.6665 0.00111696 140.876
-64.5313 2.4014 36.3746 27.7848 11.129 15.5455 123.73 99.4272 11.3315 80.2713 14.2878 23.0164 9.22668 28.055 15.9796 20.199 16.8356 52.6655 52.2167 50.1481 29.6247 5.81099 10.4856 2.67732 10.6686 51.6817 19.6115 35.8141 0.00160158 138.984
-64.0092 3.71923 36.3746 27.7848 9.66878 18.0298 123.73 95.4365 11.3315 80.2713 12.1859 26.172 8.23363 28.055 19.1843 20.199 23.0431 70.2679 37.2227 43.9681 23.0534 3.53419 3.39635 42.6262 18.5672 32.6178 8.92167 12.2191 0.0026068 140.832
-63.4296 1.20708 37.4691 27.7848 16.6657 12.096 117.991 106.873 8.34657 80.2713 14.9369 12.7088 16.0577 12.2701 19.7414 38.5739 31.1785 88.1645 34.5057 39.5871 3.15605 6.50688 13.7947 12.7384 14.1145 35.1011 24.3463 17.3265 0.000562842 137.677
-62.8624 1.58447 37.4691 27.7848 16.6823 12.1937 117.991 106.873 8.34657 57.4868 11.0547 31.359 20.6516 12.2701 19.0674 40.4236 20.4076 99.8676 34.8246 37.2411 13.1456 12.3435 0.737975 18.2215 6.39824 34.132 27.9847 15.2482 0.000572832 140.739
-64.2415 1.58447 39.4309 26.6608 23.457 3.40453 117.991 106.873 8.34657 66.2889 9.2159 31.359 18.0149 12.2701 10.265 39.6328 22.3362 99.8676 35.6148 27.673 23.5478 5.5425 4.56438 20.1866 6.7803 48.3912 17.6483 13.155 0.00118428 139.276
-65.6113 1.58447 39.4309 26.9004 15.1751 9.97027 119.628 106.873 6.43484 63.7793 4.71797 37.6771 15.0483 22.3948 10.1747 42.4407 16.3306 90.4522 29.9055 24.2966 32.5391 7.11048 5.06121 17.9887 8.49189 40.8424 40.676 22.5011 7.09275e-05 143.62
-67.3961 1.58447 39.4309 26.9004 17.3249 9.99732 119.628 106.873 6.14208 74.8351 1.65706 37.6771 13.4979 24.8943 1.89241 37.7438 18.0611 90.4522 40.4722 22.1533 32.7664 7.11048 28.2534 5.76249 7.60685 23.7294 31.1758 26.7576 7.09275e-05 138.311
-66.9722 1.58447 39.4309 26.9004 16.7827 9.81564 119.628 104.335 10.8733 78.8054 7.62935 37.6771 1.29077 22.7575 4.96155 39.7859 23.6122 88.3913 26.904 15.4361 49.9052 17.2078 4.66401 5.73448 7.63621 23.1895 45.5379 24.9681 7.09275e-05 138.376
-67.8787 1.58447 39.4309 26.9004 16.7827 11.6054 115.956 103.212 8.14951 86.5371 5.80154 37.6771 1.29077 10.9167 10.9144 38.183 2.63215 80.4465 65.1441 4.33564 66.3336 24.3872 19.3232 4.44458 3.4995 20.3594 24.1608 7.01368 7.09275e-05 139.79
-68.5357 1.58447 39.4309 26.9004 16.888 9.18475 115.956 103.212 6.45467 86.5371 6.89906 36.2663 4.91052 23.124 17.071 34.7951 16.024 80.4465 63.1705 5.30938 45.1512 2.78884 31.2322 2.204 16.4812 10.8021 23.3178 5.56003 0.00236175 148.067
-66.3454 1.52964 35.0966 29.5624 15.2406 18.2001 73.5947 146.405 5.45804 84.267 7.58004 36.2663 9.11769 11.8649 12.118 31.5787 30.3651 74.5339 74.4695 6.37232 15.6109 2.78884 24.1758 4.33514 16.0701 18.209 38.0533 5.45084 0.000226258 138.268
-64.69 2.17335 34.4019 29.5624 14.0869 17.8119 73.5947 143.159 2.137 84.267 7.93996 31.287 11.4115 12.0403 25.5876 31.9916 35.9262 72.3517 69.464 6.37232 17.2099 10.6752 11.344 19.2771 27.8395 1.28993 30.0766 29.6135 0.000152926 140.529
-65.3363 1.9023 34.4019 30.7835 11.1442 21.4185 71.2231 143.159 5.21951 84.267 0.90927 31.287 20.7125 12.6038 8.69601 35.5856 57.7829 58.7092 71.0682 8.38918 8.9167 16.0353 12.4686 4.99984 6.76892 18.8432 38.5909 22.8734 0.00134407 139.113
-65.4966 1.9023 34.4019 30.7835 6.28149 25.4961 71.2231 143.159 5.75361 80.0331 2.71654 38.0998 20.7125 12.6038 10.6032 33.5429 60.0055 55.9383 66.183 8.38918 11.3465 27.2027 18.7142 3.85944 10.2752 17.7813 26.8423 25.5385 0.000845757 137.97
-65.3921 3.65424 33.6187 28.207 7.52041 26.2564 71.2231 143.203 5.65388 80.0331 2.68738 38.0998 15.0161 14.7991 14.5729 38.9047 50.3278 60.4006 29.4129 8.38918 58.1946 12.3424 14.1485 19.2368 22.1615 8.9992 11.3559 40.4239 0.000473361 138.594
-66.1708 5.58334 33.6187 28.207 7.34594 24.1092 78.4902 143.203 11.7408 80.0331 7.81022 32.0356 6.69826 14.7991 12.2206 37.5334 69.8485 59.202 17.2268 8.38918 52.9737 6.98985 40.7943 11.4963 14.1817 9.6776 16.0832 16.1677 0.000396033 136.155
-65.6514 1.3823 36.8337 29.1789 8.98201 21.7916 77.8295 142.385 11.2419 80.0331 13.4026 32.0356 5.01076 8.21509 12.7857 43.3238 79.042 69.201 14.5084 8.38918 29.9241 16.0082 26.1617 20.1521 24.527 0.276977 12.6168 14.8771 0.000503271 138.24
-66.0637 1.3823 36.8337 29.1789 9.00413 20.2677 77.8295 131.829 25.0919 80.0331 4.86391 29.0003 3.35345 18.3874 15.0356 35.7013 80.3727 59.773 30.4799 1.12657 38.8169 20.2472 14.0477 10.4427 29.3842 2.08403 22.252 13.6913 0.000590414 137.725
-65.6249 1.3823 37.2097 29.1789 7.16906 22.3311 77.8295 120.492 38.7042 91.2393 3.52086 26.4375 1.74968 27.1183 20.8772 22.4069 69.0619 40.3868 15.2977 32.157 37.0189 3.88829 41.1808 7.11344 22.8439 12.7641 19.1295 26.4714 0.00211228 144.455
-67.7943 2.71518 37.2097 29.2795 7.22881 23.4289 72.2326 120.492 38.7042 85.7754 4.99204 26.4375 8.85939 28.4424 15.0062 12.0512 88.62 42.9588 24.4767 28.1728 29.2772 22.054 17.7717 8.73507 30.463 11.9171 11.2777 12.5434 0.00488527 139.115
-66.7446 2.71518 36.2217 29.2795 6.58955 23.4507 72.2326 107.716 53.1817 84.7854 5.693 27.9361 7.7854 27.3548 12.9854 14.7486 80.4346 63.242 34.522 9.39384 28.8781 42.1788 11.9855 10.0761 19.925 4.75661 0.324134 19.3006 0.00848934 141.193
-66.3092 0.977571 36.4599 29.2491 6.52109 24.7 72.2326 107.716 53.1817 86.7231 2.34285 22.9808 9.17845 28.9045 22.2268 13.61 64.3873 90.5327 34.8543 8.32862 25.3102 30.8512 3.55508 4.1127 19.7523 26.7368 6.49628 14.5894 0.00171258 144.312
-65.9252 1.15909 36.4993 29.2491 5.84881 26.5228 59.0222 107.716 56.9299 93.7475 8.79239 22.9808 0.939441 28.4069 19.1255 14.2774 73.2055 66.2694 23.3048 11.2344 34.0644 32.7134 3.55508 7.34912 22.6239 22.4942 18.2211 15.4508 0.00225167 141.337
-65.7021 4.65613 36.4993 27.8451 3.04431 26.6713 54.705 113.326 57.9172 93.7475 2.24697 22.9987 11.2311 15.6996 15.0874 30.2466 41.1701 70.9152 38.5729 15.354 48.416 40.8848 17.657 2.41947 17.3005 12.8715 5.25525 16.4214 0.00363436 141.071
-65.0466 4.65613 36.4993 27.4526 3.25709 26.558 54.705 113.326 60.5212 93.7475 1.55103 22.9987 14.9251 16.8742 8.89848 25.8592 30.5138 79.8744 41.8612 36.971 17.0206 6.19367 17.8106 43.5111 10.6994 7.31959 18.8852 4.82923 0.00154053 139.436
-67.8636 4.49616 36.4993 27.4526 3.34669 29.1995 54.705 108.131 60.5212 93.7475 3.06771 22.8975 12.8735 18.8335 14.4536 29.7851 30.5138 88.8 45.207 24.872 16.0483 4.65015 8.77196 46.5067 8.09598 21.7654 11.2377 10.1215 0.00104737 139.88
-65.9089 4.07576 35.6627 27.4526 3.66718 30.5794 55.3179 98.9082 61.6081 93.7475 3.06771 29.185 9.48819 26.4419 15.0254 20.7192 38.1898 85.7074 45.1323 22.5099 12.1246 3.37078 4.36531 24.7608 47.6179 20.0345 17.4473 5.66189 6.48526e-05 137.097
-67.0115 4.78672 36.3248 27.4526 1.57411 30.552 55.3179 98.9082 61.6081 91.0739 10.7502 26.5249 12.2259 26.4419 12.5575 20.4202 38.1898 84.8995 39.5551 20.8879 13.8287 4.49792 3.39208 26.4762 48.8709 7.3021 16.485 11.1095 0.00116888 142.121
-66.891 2.11937 36.3248 27.4526 1.55324 29.5702 87.577 61.4949 76.1015 82.7224 13.9999 19.1992 12.2259 37.7064 14.7826 16.9777 40.076 87.2176 32.1922 20.7333 22.5249 12.1528 12.6195 20.338 19.5374 7.3021 19.3675 29.5319 0.000657649 137.868
-66.478 2.30517 36.3248 27.4526 2.59546 27.9019 97.4453 61.4949 76.2036 82.7224 15.7183 11.4109 1.37985 39.3641 3.81035 37.7366 32.6782 82.0379 38.2515 10.0998 31.3697 14.05 45.0262 22.6041 5.87886 11.0553 10.1633 7.15573 7.86416e-05 138.661
-66.417 5.32336 36.3248 27.4526 0.57451 26.7112 95.3805 64.2333 76.2036 90.4278 1.18077 11.4109 12.8187 29.6767 4.35634 33.8656 40.3662 83.3877 37.6933 13.9038 27.624 25.5128 27.156 18.9343 11.9247 7.23783 11.9484 33.9866 0.000339986 140.786
-65.8344 4.17964 36.3248 27.4526 11.03 16.0086 122.928 61.2711 45.7848 97.772 1.18077 11.4109 10.5802 37.1371 8.3617 31.8377 25.329 81.8308 55.0815 10.6102 27.624 40.9141 10.1365 27.8749 16.1667 1.0191 16.6104 3.91861 0.000300861 138.073
-65.8608 4.17964 36.3248 27.4526 12.8653 12.3684 122.928 56.8686 45.7848 97.772 1.18077 11.4109 11.0949 37.0068 10.4963 29.9877 13.466 81.8308 65.9347 15.8705 27.624 20.696 12.4293 6.16962 14.9407 36.3865 16.7654 10.7002 0.000618438 139.193
-66.9649 4.17964 36.5946 27.4526 14.6588 14.9379 122.928 56.8686 44.6523 97.772 2.63544 12.5611 12.9317 36.0271 7.55491 32.0245 4.66282 55.3801 94.5355 28.1886 8.36592 29.573 17.0212 10.0495 15.6018 28.5988 8.65225 4.62771 0.00271346 144.501
-67.3312 2.09647 36.5946 30.0282 12.2034 15.0861 122.928 56.8686 46.7736 97.772 7.10954 12.5611 13.8873 32.6119 9.25866 22.509 12.2879 62.88 84.9081 22.2856 25.3643 14.1187 6.74409 42.3005 10.9021 24.1546 7.31293 15.2071 0.00175147 141.021
-69.2164 4.99745 32.6665 30.0328 11.0589 15.6566 130.138 56.8686 43.6103 97.0397 3.95649 12.9775 8.25626 45.2841 2.76885 23.0057 9.56605 72.5702 87.3413 10.6574 9.3208 39.0193 14.6261 26.8052 5.01704 27.6515 11.4056 13.0461 0.000642457 145.099
-66.4921 4.56678 31.5869 30.0328 12.4065 15.3566 130.138 56.8686 45.0503 99.0118 8.28116 12.9775 6.5056 36.1762 11.0335 12.7051 13.612 74.2734 114.285 7.36799 5.24132 29.2148 35.5421 7.83705 15.9088 14.5827 5.9962 1.73825 0.00329608 142.275
-67.6178 5.93171 31.5869 30.741 12.9784 12.2979 130.138 56.8686 37.4514 99.0118 2.85391 16.663 17.0379 36.0509 17.529 8.03994 1.78434 59.697 106.33 21.042 16.0982 6.16098 30.1807 37.2352 30.6049 3.80636 13.5077 18.9964 0.00339693 146.026
-67.7659 5.27178 31.5869 30.9592 11.1881 13.4472 130.138 56.8686 38.4524 99.4893 0.222705 20.019 17.014 40.477 18.0441 3.36864 4.05249 60.8713 103.692 18.5016 9.52787 30.9828 32.1355 11.8577 24.7182 3.20137 18.3462 5.5537 0.00092115 142.381
-66.8894 5.11707 31.5869 30.9592 10.9675 14.0017 130.138 58.1811 38.4524 76.8394 0.847397 28.6827 19.7494 47.3288 20.2895 7.90184 10.688 55.9639 83.3236 23.8577 17.338 30.5232 6.56313 21.7937 28.8468 8.94287 20.6437 5.20696 0.000640755 138.405
-67.0901 4.03505 32.0655 30.9592 11.6971 14.8753 130.138 58.1811 38.1851 81.3495 10.1333 22.7147 19.0389 42.5563 18.0296 0.79337 17.2692 60.5793 76.5143 27.553 23.5971 34.795 6.07275 12.969 32.6822 18.4122 1.43517 3.10369 0.00053824 140.219
-65.1425 3.00513 32.0655 31.274 10.4799 16.5054 130.138 58.1811 38.1851 79.787 9.63197 24.7062 16.3736 45.3309 13.5993 12.051 49.9672 100.279 27.4941 15.0201 14.0952 26.5563 9.29024 8.84787 30.0408 27.4286 3.3605 3.36658 2.23277e-05 137.23
-65.1425 3.75338 32.0655 31.274 13.0148 14.558 137.292 58.1811 36.7193 80.1685 0.165514 26.8616 19.6911 43.3912 4.16629 12.2089 24.4392 114.547 25.9135 19.1929 15.5306 11.8676 27.0124 9.16899 23.1167 36.9035 1.0311 6.58134 0.00231522 142.288
-66.2463 3.42432 34.8547 29.8086 9.60787 13.8448 137.292 64.5732 37.021 74.0383 0.197306 14.9304 24.4843 46.2358 7.27341 22.475 25.7586 113.837 25.7146 19.1929 18.6189 1.83335 27.0124 15.132 14.4859 38.8959 1.0311 28.3551 8.749e-05 137.64
-68.379 3.15677 34.8547 29.8086 12.0149 15.0496 135.471 64.5732 37.021 65.407 4.54911 9.23777 31.6373 48.2627 6.04251 15.3348 27.3583 110.019 32.1823 19.1929 33.5558 3.04763 10.5903 31.866 3.91134 30.4951 6.24339 26.9029 4.86253e-05 138.059
-65.3411 2.11088 34.8547 29.8086 10.0539 16.8409 135.471 64.5732 33.2615 65.407 5.09161 9.23777 30.7895 61.0776 1.60421 11.0176 28.1513 109.385 11.4778 13.2284 57.0148 3.96389 30.7198 31.7909 3.91134 30.6283 6.62001 7.18216 0.000130772 140.02
-65.7003 1.80864 35.0169 30.1666 12.5805 12.941 135.471 64.5732 34.5392 78.349 2.38224 11.761 33.3183 37.1124 9.00646 11.1902 17.8074 109.385 46.4866 10.8178 38.9685 4.88298 34.8096 20.4549 12.1482 28.4921 2.11933 0.97065 5.09372e-05 139.099
-66.2595 2.06505 35.0169 30.1666 14.6597 12.1114 131.389 58.5285 34.5392 78.349 3.6816 11.761 33.3183 41.1579 19.9172 8.70069 11.8317 106.294 43.8228 19.5928 23.4483 22.7376 8.46603 18.5777 12.3535 28.2367 6.35788 59.0872 0.000308885 140.675
-67.1073 2.21195 35.0169 29.2731 14.6597 13.9655 131.083 58.5285 36.9668 78.349 6.17078 11.761 26.5364 41.0638 33.6459 9.18734 12.0355 98.9631 38.4448 9.26652 35.2476 30.7515 1.99882 12.8552 9.93643 26.9082 7.29069 64.5526 9.09938e-05 141.607
-64.9152 4.36206 35.0169 27.7255 18.2995 10.367 131.083 58.5285 46.3883 79.9719 7.20644 11.761 18.5478 39.9067 23.9129 9.40992 12.048 104.049 35.7959 9.67692 35.2476 46.8223 6.00655 3.19395 16.2367 27.1198 13.1213 0.552917 2.13711e-05 139.059
-66.6451 3.04365 35.0169 29.0716 13.4836 13.9635 131.083 58.5285 47.2423 79.9719 10.7093 11.761 12.0592 33.7175 24.3029 9.24108 12.6123 89.0063 51.1344 9.67692 44.7301 4.46898 5.606 25.8609 28.1071 27.3224 11.0601 4.87947 5.02019e-05 134.354
-65.5784 5.22112 34.9008 29.0716 13.4836 11.8292 131.083 58.5285 47.5606 77.0225 10.7093 11.761 18.9043 33.9826 21.5534 8.0149 9.39898 112.263 45.9449 16.4388 26.9849 9.02375 1.64779 36.5892 23.4435 26.7487 6.5282 13.4784 6.38608e-05 135.03
-67.0012 3.05047 34.9008 29.0716 12.4019 15.6816 131.083 58.5285 42.8995 89.0582 17.6028 8.01747 12.5445 25.8108 26.6906 2.75912 4.01685 118.161 30.9524 15.453 41.1322 8.1934 2.43869 48.2187 11.6883 21.1452 9.07478 11.9809 2.03765e-05 137.382
-67.1008 3.53091 34.9008 29.0716 12.2547 15.0984 131.083 58.5285 41.7644 75.9455 17.3885 9.38563 19.9619 24.6289 31.5475 5.32611 16.5777 118.161 25.6669 24.3009 36.3352 25.665 12.6247 22.2147 11.614 24.6062 4.76996 13.6028 8.59914e-05 136.374
-66.7068 2.8788 34.9008 29.0716 12.2536 16.1959 118.592 58.5285 55.5505 81.5323 16.5123 8.21353 20.5292 21.2106 32.3257 4.32645 11.5106 101.172 25.6892 24.3009 49.8228 32.4194 8.84257 16.804 1.99876 25.8661 23.4369 3.23803 8.80263e-05 134.477
-66.3868 3.59143 33.2656 29.0716 12.1435 16.8774 118.592 58.5285 55.3256 81.5323 16.3382 8.21353 16.2025 18.623 38.8879 13.5264 7.8866 111.547 31.3824 9.65628 48.0974 15.2434 3.37148 21.7498 5.16414 19.2012 27.4636 3.23803 9.41478e-05 136.451
-66.9861 5.85721 31.7792 29.0716 17.4853 12.2429 118.592 58.5285 55.4758 81.5323 17.7545 8.21353 17.5533 17.3581 32.1157 19.4127 5.74304 111.547 27.1483 26.357 36.2777 23.1669 6.60399 18.1642 4.38984 27.4461 11.4108 38.8688 0.000512761 139.193
-67.0775 3.9909 30.0675 31.8556 17.3793 12.2429 118.592 58.5285 46.6012 81.5323 27.2298 17.6939 17.9314 4.92853 24.2528 26.4288 28.3191 69.616 12.707 23.7507 84.2816 22.4864 5.01219 23.2994 12.1343 3.27817 11.3988 54.3711 0.000139298 139.502
-65.724 6.33888 30.2076 31.8556 15.0619 12.3818 118.592 58.5285 47.3796 81.5323 22.2456 18.3273 16.8791 4.77794 30.6057 24.9684 25.0633 76.3043 7.19623 22.8442 90.2761 27.4241 5.01219 35.8572 3.57204 2.56205 10.7074 12.3746 1.36762e-05 136.29
-65.8208 5.26267 30.2204 31.8556 12.3455 16.0131 118.592 58.5285 48.5368 81.1531 37.431 9.11623 13.8898 7.24513 33.8382 22.5153 31.5072 76.3043 0.954289 22.5495 69.2527 11.4821 35.3323 28.074 6.29481 15.4144 10.7312 8.54105 4.47578e-06 138.457
-63.2399 4.23839 30.9753 32.6579 13.1002 15.9995 118.592 58.5285 47.2475 81.1085 36.7186 9.11623 13.9709 7.24513 28.1264 22.546 31.4246 76.3043 0.954289 22.5495 94.1569 13.4157 26.5844 15.8008 10.4389 7.44559 6.83346 5.95987 4.47578e-06 140.584
-67.8203 4.90209 29.8162 32.6579 13.8856 16.7168 118.592 55.0142 51.1415 77.9848 32.7372 13.334 15.6337 7.24513 23.7197 19.5619 28.1439 76.3043 23.0143 27.3715 66.8522 34.6164 27.238 6.10874 14.3361 7.31098 6.39418 4.56989 4.47578e-06 136.267
-66.3388 4.35663 30.3984 32.6579 12.4545 16.3325 118.592 55.0142 51.1169 68.2049 38.1097 13.334 10.5528 9.8252 26.6775 27.601 29.0022 81.8608 24.5745 24.4423 55.4016 52.7247 20.2503 11.6268 7.97349 6.64836 11.4059 20.6848 0.00100119 140.729
-68.4327 8.1534 30.3984 31.0543 11.5191 14.7793 118.592 55.0142 59.8724 59.6094 43.5122 13.334 10.5028 4.30498 30.537 31.3389 10.3198 81.8608 46.1193 23.6401 47.8644 54.5623 9.8209 10.9004 0.117298 8.61463 8.88439 32.2395 0.00162104 143.051
-68.0971 7.48319 29.6788 31.0543 11.3299 14.5642 118.592 55.0142 59.8724 55.3119 43.5122 11.4717 18.0174 12.8908 20.6904 34.7382 19.0798 88.7153 23.0265 20.0115 47.9135 45.5199 8.50843 11.2432 15.821 26.8548 9.69313 25.7743 1.04668e-05 140.336
-65.2239 9.72222 26.7744 31.1601 12.9062 17.569 114.949 50.1278 57.9994 56.7742 40.9854 11.4717 14.3443 13.7855 22.0534 32.8 8.79059 86.6971 51.414 14.3707 56.1357 29.7721 9.81448 0.551452 18.0495 26.5733 15.0919 7.05888 0.000178543 139.093
-67.5567 9.72222 26.7744 31.6334 21.7768 8.41223 111.974 50.1278 59.1686 46.7644 35.347 20.3476 16.6557 15.9011 25.835 36.4847 20.4212 86.6971 43 9.74847 56.3819 4.20286 23.1007 9.65313 29.6881 4.31108 19.629 10.9039 0.00086294 148.308
-65.1256 10.0149 22.82 34.9081 25.6708 2.85798 111.974 50.1278 61.2462 80.42 22.819 16.4393 11.9625 5.68585 23.4863 33.6064 37.9185 91.0839 43 1.10709 44.4339 29.0532 17.1766 3.56711 32.1982 2.09608 12.5032 22.9308 0.000308292 139.014
-69.2392 7.86672 24.6832 34.9081 25.6708 2.85798 109.858 50.1278 60.3346 94.7353 24.7911 9.87387 15.1805 17.9924 14.8711 19.9577 31.9006 91.0839 29.8771 20.0195 42.0195 12.7001 19.5276 10.5757 40.9578 3.95108 20.9371 12.7375 0.000178035 143.235
-65.4546 9.97214 24.9603 34.2177 23.8777 2.85798 109.858 50.1278 60.871 90.6389 30.4201 8.92861 5.85108 33.4297 11.1105 22.0345 57.8358 91.0839 36.8111 6.74449 0.366137 16.9554 1.54942 46.5794 58.9936 8.43755 5.6586 5.61528 0.000164613 144.742
-66.3028 9.91786 24.0645 34.595 25.9085 12.6963 109.858 50.1278 61.3792 83.4441 28.1422 8.92861 8.34286 28.9785 4.09913 29.7901 41.1899 94.1264 33.0242 18.1862 2.93436 15.2709 12.576 32.1564 51.1777 5.21625 1.45976 17.3428 0.000460826 142.693
-63.9615 7.53624 23.601 39.1706 17.4351 5.84792 111.929 50.1278 69.947 83.4441 22.8652 0.964868 17.8094 40.096 7.80778 25.1455 32.5333 94.1264 16.1355 27.3089 21.9962 27.3387 11.0223 15.1863 32.4512 11.2532 7.68414 15.6149 0.000379287 140.709
-64.357 5.29433 22.4856 39.9933 21.7141 4.43567 115.345 50.6575 69.5337 83.8914 17.7988 2.49699 17.8094 29.3373 1.90592 35.6081 38.1084 100.041 16.1355 25.8608 28.5102 33.6784 0.755775 13.1706 25.6971 13.7866 10.8687 17.0016 0.000240841 138.683
-66.7572 5.87655 22.6697 38.5209 23.4179 4.43567 115.345 50.6575 67.3154 83.8914 18.0342 3.13874 16.0633 21.919 6.90224 37.4282 33.9291 73.1857 16.1355 44.266 31.7615 22.9364 1.63007 28.3403 21.0131 8.2531 21.0727 15.7482 0.000274848 141.512
-65.752 6.34583 22.7199 38.5209 20.2337 4.43567 110.738 50.6575 65.006 83.8914 17.0489 0.194753 35.6112 27.1043 5.53365 24.2282 30.955 78.2918 16.1355 67.8627 10.4427 21.3252 1.63007 26.3272 17.1379 20.6796 27.0957 16.0046 4.20564e-07 141.636
-66.4498 5.84894 24.6103 38.5209 21.7316 6.11723 110.738 47.5494 63.1576 83.8914 20.693 1.82883 34.9662 14.4015 16.6906 26.7982 37.3852 70.4275 4.0331 83.2096 18.0099 13.5599 3.28883 17.0883 23.5557 32.2966 19.3657 23.7426 2.44647e-05 141.055
-66.7299 6.35712 25.0335 38.1247 20.6489 6.51561 110.738 55.2606 64.4026 83.8914 13.2948 10.7153 13.3029 25.7727 20.7488 24.2599 74.422 68.9219 4.0331 34.8227 29.0258 10.2125 11.2991 22.7319 1.47332 23.8542 18.771 32.1403 2.44647e-05 134.796
-68.1539 7.38578 23.393 38.6216 23.3941 6.51561 110.738 55.2606 67.0082 53.6093 46.7859 10.5282 13.3029 28.7612 17.0852 21.4193 74.422 68.065 4.0331 30.8437 24.756 7.88852 4.92715 33.5138 7.7475 9.70283 33.6759 25.2719 0.000197338 139.898
-67.1593 7.819 24.3269 37.3735 23.9103 4.56029 110.738 55.2606 69.6251 53.6093 47.9506 16.5922 5.3438 28.1095 5.10421 22.599 73.3195 57.5947 10.9465 22.5141 42.6438 21.0986 29.2006 2.28485 11.2278 11.9589 22.5475 38.4115 0.00021359 137.549
-65.9462 7.39421 23.6627 37.6857 24.5213 4.56029 100.197 46.6714 92.9455 24.671 61.1659 3.11811 11.9995 37.5493 3.53548 37.446 90.5186 54.0281 5.25074 31.872 28.0814 18.0142 5.99597 4.84903 12.2979 11.5661 27.7826 78.2305 0.000264425 140.992
-68.6104 8.10887 22.9425 38.1422 24.9369 6.63978 100.197 46.6714 89.8208 33.1377 60.5679 9.38833 11.9995 42.7573 5.4853 30.4654 62.4492 52.9756 2.35678 43.0199 26.2473 50.1608 3.61348 4.84903 11.6025 4.29016 21.4794 53.783 0.000267702 147.127
-65.457 6.99368 24.5923 35.1968 23.1027 5.78069 102.175 42.7933 99.8548 31.6658 63.6835 7.22935 5.46364 20.3318 28.8371 24.9911 69.6728 58.1461 13.9463 32.2226 38.0321 31.9438 8.71018 3.33607 14.7874 16.4443 18.1822 6.6501 0.000357242 140.029
-65.839 5.20869 25.2081 40.0582 22.7594 3.06612 102.175 34.4508 108.687 36.6547 46.6401 18.0738 19.7101 1.23366 28.0038 31.6857 55.7098 62.8996 27.1137 20.5598 26.6388 29.9397 32.7902 11.5914 22.1811 8.54853 0.534765 11.6912 3.05833e-05 139.974
-67.3164 5.81131 24.1255 37.587 26.3355 3.06612 102.175 34.4508 95.9498 47.5596 23.8461 30.4465 19.7101 1.23366 35.6222 31.3804 54.271 62.8996 49.6386 13.8363 34.0237 26.8857 10.5688 5.10813 37.5483 14.0556 1.70221 3.24181 0.000107593 140.831
-66.3185 7.19841 26.8563 35.0453 23.9934 3.64138 102.175 43.0356 80.8122 39.0823 37.0282 38.8189 19.3477 13.2863 26.4843 22.7904 63.8418 52.4288 38.3268 14.8335 40.397 2.64156 10.7863 25.0053 29.9179 25.4166 7.74515 20.5032 7.17078e-05 135.373
-65.5593 6.42021 24.8766 37.9059 24.0804 2.49837 120.342 37.024 77.5423 37.7912 36.1591 38.8189 12.1518 9.69636 45.8484 8.97904 46.2397 52.7815 38.3268 12.1232 54.0253 2.64156 16.8512 7.50721 36.5478 24.3161 14.1095 19.2558 0.000702357 136.583
-64.3679 5.5308 24.7457 38.8538 23.3473 3.25872 120.342 37.024 77.5423 25.6747 19.3936 39.1984 41.0288 12.7299 29.3252 24.2003 43.0711 59.7787 10.5937 14.8131 82.9287 2.56163 2.22459 14.4575 36.033 19.1695 9.31329 7.08949 0.000706002 140.127
-64.1858 6.0818 24.0985 37.8292 23.5548 4.09845 120.342 38.6304 70.9199 39.069 15.7142 33.195 38.3992 18.4607 29.0568 20.8471 56.0665 59.7787 8.39081 15.8371 82.9287 1.96157 2.80156 11.2368 43.4184 12.3926 11.11 17.2851 0.00455841 141.779
-63.9399 5.66105 26.5809 37.2265 23.4583 2.42628 113.383 34.5869 85.9108 45.3348 18.2147 28.2451 37.7196 12.9714 23.9141 19.2767 53.1313 47.3827 19.8533 25.6671 79.7583 1.10603 10.0886 18.5332 20.8185 35.695 1.24999 21.4729 0.00222271 140.946
-66.4351 7.06556 25.3681 36.8707 22.6239 2.53328 134.977 20.7651 83.544 41.0406 8.96037 3.63972 61.2228 9.48447 27.1256 28.4439 65.4209 34.8137 35.6854 28.0931 59.904 13.2742 14.382 1.97883 20.31 32.3369 5.96966 15.3787 0.000991954 137.527
-65.3672 6.26556 25.5217 38.04 21.381 0.207581 134.977 20.4519 83.544 46.4108 8.27235 6.76402 60.893 9.48447 26.8886 25.13 57.0971 38.3174 31.4588 31.8428 57.068 18.0928 15.2386 2.44041 39.1754 11.9857 7.18339 12.7188 0.000633128 139.589
-63.9521 8.32068 28.8284 30.2381 24.4662 0.207581 134.977 20.4519 86.2448 39.9467 12.3484 1.86647 59.7819 9.48447 18.3529 37.9457 30.7344 40.266 70.7721 21.7204 53.3668 32.7201 12.098 4.67631 18.6605 6.5226 27.3514 1.11162 0.000147893 138.03
-67.121 8.36336 27.8282 32.3215 22.1771 0.463521 134.5 20.4519 85.0181 52.2179 15.8909 5.97813 51.6144 19.4562 12.4371 34.205 38.6374 51.0892 32.2467 32.3039 48.2627 37.4232 9.74861 7.20528 6.14558 26.0924 17.1977 24.1904 0.000147893 138.816
-64.9362 5.23242 35.4439 27.3778 20.7926 4.90507 134.5 21.7636 81.2077 56.2033 19.6232 2.92289 42.7241 19.4562 12.2617 34.205 38.6374 51.6551 16.6577 57.984 53.0169 41.96 2.01738 3.30721 33.5365 8.87065 7.39036 11.1592 0.000671151 139.037
-64.9492 3.24436 37.652 27.3778 18.7356 8.66158 133.603 21.7636 82.8211 56.2033 14.8575 8.49476 46.0246 18.9381 12.8462 26.667 3.18426 107.579 11.961 34.4605 50.7607 41.1302 3.44871 4.10427 36.6133 11.7383 20.8966 1.81883 0.000769291 145.271
-65.5742 3.49892 37.652 26.8752 19.3964 4.97535 136.394 21.7636 86.3982 52.8976 14.7211 8.49476 46.0246 17.9727 10.8507 26.667 3.18426 124.409 22.8243 13.0403 42.1739 39.526 1.80576 3.39432 27.3694 17.2588 11.201 23.4257 0.000241279 140.248
-65.0538 3.4694 37.652 25.8375 19.8028 5.12693 136.394 21.7636 85.2812 52.8976 16.7762 8.49476 47.4377 5.37266 15.7754 31.3447 6.11832 124.409 40.4083 20.8943 14.0113 13.4661 51.4562 0.37238 18.2974 7.39425 19.0216 10.2932 0.000287095 137.363
-65.86 1.68397 39.3731 26.6223 21.9261 3.57869 133.302 21.4195 83.6938 48.9663 17.7318 9.8457 45.5739 3.1985 24.3856 30.7687 6.11832 117.71 25.6088 18.3875 52.326 10.1427 26.6572 13.8207 40.2283 4.51832 9.61396 6.91203 5.44285e-06 136.377
-65.859 1.36662 39.3731 26.0989 24.2135 3.05688 142.069 13.3448 87.177 56.8742 19.1954 16.3655 29.6948 7.41407 23.0174 35.241 6.11832 117.71 19.8418 8.88892 46.7021 17.4941 21.3566 11.4746 34.5455 4.51832 15.1815 14.7283 0.0035591 142.383
-65.9989 0.522599 39.3731 25.7416 22.8778 5.59083 142.069 13.3448 88.162 43.9922 19.6368 23.4987 27.2612 6.50516 24.897 46.179 7.06898 117.71 7.06288 35.6945 26.6595 21.3559 8.77346 13.1081 37.0578 8.75444 19.0895 13.7612 0.00608159 145.049
-65.4145 0.507011 39.4922 25.7416 23.0116 4.19239 138.402 13.3448 78.7277 45.6327 34.1233 22.038 28.9319 21.0518 7.92992 47.6876 7.06898 111 3.16806 41.5252 21.4231 31.8004 16.4946 10.9241 15.4885 14.0678 15.0139 8.7387 0.00606211 145.507
-68.3924 0.493312 40.4688 25.7416 24.5855 3.09317 135.308 20.1778 78.7277 45.6327 37.7648 24.2069 25.6081 5.93584 13.31 38.804 7.06898 111 3.79898 36.292 43.6103 27.2496 25.1816 1.77648 4.38388 18.6184 30.417 8.7387 0.0109134 147.784
-66.5487 1.2837 40.2239 23.9311 25.8548 3.29291 139.501 20.1778 78.4177 55.4531 27.0049 20.9408 26.2691 4.16291 11.5688 41.942 26.6461 111 7.45643 20.2498 36.2725 19.6201 6.41599 7.17154 2.75011 31.2197 28.6022 34.0326 0.00333961 143.187
-65.9221 1.28684 40.7434 25.2633 30.5471 4.34677 143.119 20.1778 78.4177 48.8275 17.6558 12.3623 32.2903 3.55563 16.9054 47.4134 26.5937 115.076 11.5024 12.115 36.0023 28.2004 15.8409 12.0395 0.870102 14.4382 28.6022 18.1627 0.00144536 145.019
-66.3992 0.691958 39.2539 26.376 19.2196 6.76861 138.938 17.6038 79.5669 44.1398 7.14934 12.6389 55.644 6.50412 22.1433 40.1562 27.9527 127.986 5.56028 14.7921 23.9399 14.8507 5.97701 11.4381 14.3435 13.2263 49.4218 1.51587 0.00628562 145.525
-63.8181 1.04628 39.2539 26.376 26.2055 9.10838 138.938 17.6038 90.7172 0.754598 40.2494 12.6389 55.8086 6.46525 20.2986 37.6391 27.3703 117.791 14.2556 11.0869 23.5821 17.4002 9.91737 13.3921 11.5085 1.86349 37.8467 41.1348 0.000629096 147.176
-67.5021 1.52603 38.5537 26.376 22.666 14.5165 120.829 23.2995 90.7172 11.5804 37.4767 11.988 55.8086 13.5103 17.6154 38.3133 28.0518 117.153 15.0063 20.8274 11.8559 8.75556 30.3407 2.98083 36.2403 11.8505 24.3341 0.0714555 0.00100182 142.567
-66.2708 2.49404 43.1577 21.8604 24.3358 13.1531 115.557 22.1653 85.9269 16.1482 33.2291 21.4968 50.8299 19.5585 9.93159 35.2796 25.806 117.153 24.6547 26.5283 13.5016 9.84822 6.21011 14.1196 25.6196 11.2385 36.1747 7.08537 4.45907e-05 140.816
-64.4763 1.8119 43.1577 20.8863 24.4327 12.3507 115.557 22.1653 83.5015 56.9173 27.8203 30.3398 15.081 32.0921 2.80182 23.6927 27.7218 117.153 19.5546 16.2334 9.50324 2.97127 19.3731 33.43 19.6528 29.2118 20.4551 22.8714 0.00020347 145.648
-58.7243 1.39482 43.1577 20.8863 24.8689 13.2014 124.745 22.1653 73.3445 57.524 27.7847 29.658 2.22721 44.5174 3.0578 27.8715 34.3906 103.277 40.8318 23.5185 1.04576 7.68462 11.5849 21.5062 13.9757 19.551 33.1246 10.8149 0.000161784 147.638
-70.8649 2.6785 43.1577 19.0531 26.2502 6.06809 124.745 22.1653 73.3445 63.8633 27.7847 37.1283 7.8504 20.331 20.8649 17.6294 34.5153 103.277 18.2873 46.9908 9.35895 9.59801 4.83899 20.2788 34.3122 4.95567 27.7447 13.0907 0.000480944 147.723
-66.9913 2.7073 43.5733 19.0531 32.2059 5.98256 124.745 22.1653 72.8265 66.737 23.39 37.0268 8.50164 16.6993 27.0635 14.5846 33.8763 103.277 6.08991 53.0021 3.46689 13.9309 5.89023 16.8873 40.0609 8.00643 27.5321 13.1192 0.000646254 143.634
-67.7941 1.45731 43.5733 19.0531 23.1442 6.20164 124.745 22.1653 80.5593 66.5149 18.573 42.3725 11.051 14.9755 21.3389 16.6485 23.4118 102.928 9.70001 53.0021 11.9559 49.3071 10.9978 17.6061 9.61699 13.0504 16.8434 9.80212 0.000401953 138.825
-67.7777 1.73293 43.5733 19.8336 22.2633 6.87194 124.745 22.1653 81.301 65.303 17.5479 43.6049 11.051 13.5378 23.5749 15.4372 23.4118 102.928 13.8713 56.1109 6.95512 51.652 9.39956 7.04625 25.6289 13.6764 6.32575 6.1529 0.000426582 138.113
-66.4929 1.38865 42.2889 19.8336 18.2791 11.1428 127.749 20.1109 83.2554 56.2601 21.3676 34.4385 11.051 28.3399 15.9821 26.5399 37.1331 69.706 20.5729 56.1109 11.858 43.0955 22.0426 14.2925 11.1797 5.44779 15.8605 16.8715 8.90657e-06 138.126
-66.0847 2.04723 42.2889 20.6233 16.0923 12.9832 125.894 20.1109 93.9497 51.3745 19.1616 31.2089 12.1835 36.8796 26.2469 3.27087 47.6987 80.5308 20.1191 52.6146 7.66056 23.8767 47.4429 20.4548 0.261729 20.3092 0.430977 7.21084 8.90657e-06 137.33
-65.839 2.01982 42.2889 20.6233 18.023 10.8422 127.191 20.1109 90.5956 51.8539 17.2057 25.5044 13.5351 36.8796 19.7751 25.674 44.5533 71.6907 24.0208 50.8543 3.13207 11.6082 33.5547 23.4811 1.85629 35.5275 4.29496 8.05517 7.75458e-05 136.068
-66.195 1.88297 42.2889 20.6233 18.5656 19.4834 127.342 10.9309 87.0563 33.1711 18.3475 56.1165 13.5351 22.7716 20.7483 23.3289 25.7747 75.7562 39.3502 50.5249 7.09385 12.1661 29.6215 26.7114 6.01466 23.9822 10.9785 17.8887 1.6384e-06 136.56
-64.8534 2.20568 42.2889 20.6233 22.2231 15.8612 124.783 10.9309 87.1874 42.1547 14.6404 56.1165 7.91729 22.8544 17.8409 25.739 35.7542 88.7761 21.5629 40.3399 27.0459 11.8167 39.9501 6.3008 6.74831 16.732 12.4955 12.8638 4.75614e-06 136.937
-65.2951 2.20568 43.2965 20.6233 20.1338 15.8612 124.783 11.2559 95.3465 27.7957 22.0285 57.9864 15.0232 25.8318 16.6855 20.3368 47.2952 88.7761 15.3873 35.7836 17.2216 15.8682 13.2078 6.4818 27.8794 21.8714 8.65369 25.6345 0.000205188 140.269
-65.9976 2.20568 43.2965 19.3991 16.6316 11.1856 124.783 11.2559 105.605 25.5939 14.4936 47.9245 19.8079 47.6298 16.3182 14.6173 39.8178 80.1935 9.35545 63.9748 7.60615 17.424 2.5728 6.44254 64.7892 11.4124 14.4236 17.9752 0.00473419 144.533
-66.5943 1.92578 43.2965 21.3771 16.4046 10.6473 124.783 11.2559 105.605 29.6399 28.4778 45.1374 14.37 36.0631 14.1073 17.6937 50.8742 73.7502 9.50617 48.4722 22.8731 18.88 11.2548 3.94626 29.7347 25.2027 11.2722 15.0952 0.00921268 139.597
-67.67 1.37355 43.2965 21.3771 17.6518 10.6473 118.497 11.2559 113.689 27.6698 22.4363 47.2877 12.4411 42.6776 14.2689 14.9159 50.8742 73.7502 18.0238 43.4092 22.8731 24.1557 19.0423 4.66829 18.1046 21.7404 19.3913 15.0952 0.00375051 142.357
-68.0825 1.09085 43.2965 21.1647 17.6237 12.4599 118.497 12.2459 113.689 20.8524 29.6202 47.2877 12.4411 43.8866 6.03257 18.7543 63.1607 76.6794 12.0794 35.565 9.84875 6.90966 21.0562 2.79003 42.7699 1.32007 14.8595 39.6289 0.00635537 147.383
-65.1238 1.75918 42.3637 21.1647 16.3478 12.2663 118.497 12.2459 111.82 22.6871 23.3506 50.3734 12.4411 39.45 13.6709 19.1372 70.1379 75.8704 12.9934 35.565 12.036 22.8725 15.6726 28.2756 21.1415 17.3885 7.0092 24.1625 0.00156348 141.063
-65.2268 2.11154 42.6949 21.1647 17.975 15.2169 106.035 1.09169 122.586 21.1706 28.3632 55.4393 12.4411 29.8876 26.4714 15.2231 61.0354 92.3134 15.4582 19.0426 28.6657 28.791 5.65427 18.2316 13.8513 19.1224 8.86899 15.7479 0.00109178 143.153
-64.2368 3.21091 35.2395 30.6665 18.2761 9.47219 107.382 40.3478 88.0359 26.6178 17.7148 54.2418 12.4411 38.7434 22.3318 8.04225 61.0354 76.5061 35.338 19.0426 4.90307 33.8349 5.56669 29.1563 30.0302 7.61289 7.28925 3.83014 0.00347333 140.632
-65.8389 1.59178 34.4193 30.6665 19.9614 7.68046 103.581 40.7626 84.471 25.681 18.8643 54.2954 23.1989 38.4752 5.76904 24.9294 61.0354 71.807 45.7761 19.0426 4.90307 27.695 1.96604 8.51387 39.831 5.38601 37.7136 6.9686 0.0014268 143.153
-63.971 2.21788 34.4193 30.8191 19.9118 6.33233 119.074 40.7626 84.471 23.4244 27.7644 47.327 7.67097 36.5417 5.76904 25.0625 81.4097 60.1644 40.503 19.0426 4.90307 33.0265 12.1159 1.93193 36.3158 4.96974 18.5076 4.74221 0.00159206 139.67
-66.3257 2.21788 34.3305 32.1136 19.9359 5.83744 121.513 33.7927 84.471 19.0287 40.4682 49.6944 0.510259 36.5417 16.1414 22.7926 82.4472 57.2708 36.282 19.0426 4.56771 35.7309 6.14138 4.79622 46.05 6.2864 5.90192 9.69587 0.000463822 138.369
-66.2245 3.06203 34.3305 31.4473 19.9196 6.75269 122.567 33.4275 84.1089 10.6655 49.5575 49.2758 0.510259 36.5417 8.53711 30.0551 82.4472 51.4724 24.4112 23.8111 16.0619 3.65716 6.59737 7.41431 55.3484 6.2864 26.52 16.5367 0.000952903 137.543
-67.1453 0.853922 35.7801 30.8981 19.8803 5.69647 122.567 35.2614 84.1089 23.1249 49.7932 49.0184 0.510259 34.2035 1.50818 26.321 82.4472 52.5989 28.6545 14.9812 15.4756 0.740789 29.5729 5.17716 26.881 20.8635 14.202 26.5447 0.00022417 144.651
-67.3453 0.363237 35.1126 32.9669 18.9943 5.89396 123.979 35.2614 79.7367 33.6381 26.0908 32.6254 20.425 20.5752 31.1371 17.3886 82.4472 62.5888 30.5063 8.3829 10.7399 4.90732 38.9652 14.3775 5.54378 10.6107 21.2883 51.7981 0.00122423 143.456
-66.5883 0.363237 35.1126 31.5998 21.922 4.3906 115.583 36.1807 82.2383 33.4792 23.6359 31.7962 20.425 41.7968 18.1959 21.6527 82.604 61.9486 33.2883 19.6721 6.80998 13.6597 36.2481 18.3666 12.8729 10.573 6.74272 17.5063 0.000538134 141.978
-67.1262 0.528075 35.1126 31.3936 21.2618 5.98041 121.892 36.1807 81.9085 35.7036 25.6199 28.6106 27.4181 41.7968 9.14286 21.1009 82.604 58.9087 33.5748 19.6721 13.0335 14.1049 48.6297 17.2864 1.43527 3.23793 9.29061 16.4715 0.000409406 139.95
-65.8642 1.44922 34.6226 32.3678 21.2618 5.59872 117.837 49.4707 77.6148 47.174 13.3128 16.5227 25.8034 36.8337 16.259 24.0114 61.2893 58.8085 40.7904 19.7377 15.2664 8.33546 8.2404 39.3103 33.0241 1.02163 13.4395 38.3296 1.34615e-05 138.185
-65.1037 3.17423 34.6226 30.4077 22.097 2.94758 118.878 49.2497 58.9019 70.035 5.20409 17.4387 25.1157 57.7937 16.7777 4.98896 61.4711 60.3059 46.0506 29.3773 2.79854 13.8375 8.66239 0.611602 37.7068 2.05569 18.8388 88.5145 7.61731e-05 140.641
-65.7241 3.15506 35.7149 29.5615 22.097 5.12067 118.443 49.2497 71.2144 55.52 5.97869 18.4734 25.1157 47.2849 17.9597 11.5652 41.2882 58.3622 62.571 22.8149 9.17031 1.03627 24.8819 6.10134 32.2075 3.80194 41.1493 30.3623 3.13845e-06 136.489
-65.2497 3.79994 34.5394 29.7896 22.097 5.12067 119.448 49.2497 67.1978 65.4582 7.18044 17.9517 25.1157 45.6145 15.9689 11.2485 47.7206 58.7906 62.3043 19.4952 6.14282 4.30575 18.1527 5.77222 16.9049 22.2015 37.8262 36.7432 0.000194545 135.501
-62.5016 2.81381 35.8788 27.7936 21.4203 5.12067 119.448 47.5232 67.1978 74.7419 11.3319 25.2715 6.65977 43.7947 10.5247 12.0209 50.0374 54.0277 77.7239 11.3463 4.94049 14.6098 18.0152 6.35558 14.2956 50.8731 15.3787 11.6047 0.000142928 138.606
-65.4415 4.77578 32.7765 32.054 19.3699 5.12067 117.483 47.5232 67.1978 3.36551 73.526 26.2307 11.0081 39.298 19.0023 22.9551 50.1106 52.4545 77.7239 11.3463 10.3271 9.65416 41.2118 0.198782 6.07392 31.3302 8.41766 11.4822 0.000177714 140.666
-65.0594 4.10838 32.7765 32.0586 19.456 5.12067 117.028 57.2601 67.1978 3.36551 69.9267 24.1748 19.0148 37.3299 2.02712 20.2635 63.1845 37.8381 54.5021 31.1098 18.0465 14.2462 41.0726 16.2464 19.2062 20.7318 7.6794 7.82888 0.000403735 137.968
-64.9747 3.79633 32.7765 32.0586 19.456 5.12067 117.028 57.2601 70.7506 3.44866 69.9267 10.9959 20.6666 46.7863 2.02712 23.8275 63.1845 41.006 54.8683 27.4821 23.3423 13.4842 24.1712 15.229 11.9615 28.2977 6.61398 3.92972 0.000618427 137.916
-67.1665 4.10989 33.2267 32.3334 19.5998 5.12067 112.227 57.2601 70.7506 14.6214 74.3784 3.71827 22.6804 49.8742 2.02712 19.5192 61.1359 38.3842 62.9785 25.8077 9.63259 14.346 8.74818 3.39826 19.2165 50.494 6.19765 36.9922 0.00366332 141.341
-64.7001 1.08382 33.2267 33.1141 1.98706 27.2325 107.017 34.624 88.318 14.6214 79.8479 0.74033 24.4857 49.8742 2.02712 22.2059 56.5958 21.0663 66.3897 21.8534 39.9811 13.2368 1.64558 9.55401 9.96542 62.3877 8.93904 1.24133 0.00381987 143.572
-64.7501 1.08382 33.2267 32.6402 4.6324 32.8136 112.04 34.7083 84.348 14.6214 76.3435 0.74033 24.8632 43.875 3.50842 24.3454 52.5172 21.0663 70.7554 18.2604 41.1598 7.65988 3.33597 2.13547 13.0528 72.3021 2.31057 10.6731 0.00121978 144.192
-66.568 1.91266 33.9345 32.7712 5.07412 32.006 110.333 34.7083 84.348 25.7991 51.694 0.74033 34.9306 44.1799 1.08326 24.3454 61.2799 34.5326 46.8214 18.2604 42.6791 9.902 27.9397 2.02506 16.3397 31.1788 11.1978 1.89445 0.00229089 145.933
-63.538 1.74094 33.9901 33.2233 5.53887 21.4414 111.715 34.7083 86.2303 22.3915 51.694 4.87623 39.174 37.5658 3.52626 32.414 58.6124 31.0817 42.6761 33.1226 54.5045 10.0691 8.99638 14.1512 24.0998 6.89946 9.91667 8.37981 0.000806476 143.049
-67.3341 1.6666 33.9901 33.2233 6.43747 21.1065 110.753 34.7083 82.994 22.3915 51.3088 4.50166 38.3421 31.0092 16.669 32.614 79.0492 32.5448 38.7037 14.3814 43.2768 15.1575 18.7473 18.9013 15.0979 8.67445 14.7671 12.3314 0.00267993 138.555
-65.4481 1.6666 33.9901 33.2059 6.03825 23.1951 107.905 34.7083 82.994 28.671 49.992 2.5877 39.4667 37.0611 6.51555 35.6447 78.9724 27.5792 15.8237 43.8071 41.9734 5.3403 15.3888 28.8159 29.793 12.0461 4.33537 15.4643 0.0010364 139.977
-67.547 1.7471 33.9901 33.2059 12.3882 23.4608 108.038 34.7083 82.994 6.98437 48.4434 9.23279 43.5648 43.027 12.8161 34.8043 78.9724 24.2127 19.1145 17.2429 61.0719 2.0152 35.2824 25.4759 17.1776 19.3657 4.26661 12.725 0.00138893 145.324
-65.3557 3.35361 33.9901 32.572 10.2859 14.6097 109.929 34.7083 89.4875 8.90586 50.7761 12.7184 54.4541 36.0319 0.843247 26.8977 73.0897 24.4509 32.9807 50.0491 29.1178 6.61035 25.8488 29.7024 1.66824 14.7305 22.3433 21.5678 0.00480222 143.592
-64.2597 3.53301 32.4229 32.5051 11.2137 15.4633 109.51 34.7083 89.4875 8.90586 52.4089 10.4895 54.4541 32.1991 5.40999 26.7716 10.028 11.4637 95.517 55.2412 39.9541 6.61035 34.9073 16.4937 7.10848 8.91088 9.23141 23.4866 0.00410605 141.659
-64.6575 3.53301 32.0851 32.5051 11.6612 14.9891 103.534 36.5459 89.4875 13.7092 45.5181 7.38666 59.765 32.0056 8.58088 30.1698 11.4277 15.6377 83.6488 62.6646 21.1442 23.4989 26.0488 32.6651 8.36283 6.63062 4.29813 17.8849 0.00450274 142.712
-65.8411 3.23779 32.0851 32.9373 14.8447 12.7528 100.778 36.5459 103.303 17.652 44.4221 11.7085 38.6269 25.9877 3.31657 32.0195 19.6982 6.84562 80.8352 79.5025 14.9073 5.04068 39.4586 35.2008 18.2909 13.0596 1.58117 50.0024 3.31913e-05 143.133
-65.9742 3.23207 32.7935 32.9373 17.6751 12.3571 96.7254 36.5459 103.303 17.5969 50.0021 10.3194 38.6269 27.9949 0.9308 32.148 27.0957 15.436 72.3534 94.6686 4.19869 2.44269 39.2111 18.9894 17.9746 4.04836 7.43532 39.8655 3.31913e-05 138.946
-65.0288 3.17501 32.7935 32.9373 15.2445 12.6985 96.7254 36.5459 103.303 17.9372 52.1451 10.3194 44.4151 21.3247 6.99131 35.4037 16.1731 19.041 72.3959 67.7524 30.6969 54.903 7.74371 8.88155 5.33764 4.04836 10.589 32.2474 3.31913e-05 134.461
-65.3378 0.383438 33.7461 34.5856 12.5958 13.2346 102.296 36.5459 103.303 26.8617 57.6935 2.48337 37.0712 17.4653 4.18258 41.8297 16.1731 41.199 72.2737 46.1584 11.28 33.6277 9.90886 9.67497 20.4108 5.10479 29.7124 36.225 9.34352e-05 137.277
-64.3267 0.409805 33.7461 34.5856 12.7304 14.5765 98.5263 36.5459 106.478 25.6409 46.3444 1.92682 36.5083 33.0236 4.57577 36.2877 16.7595 35.647 90.9314 36.2676 15.3744 67.7445 17.1464 7.7568 2.78364 10.273 18.2888 24.2274 0.000131649 141.398
-65.8799 0.306552 32.7684 34.5856 12.7407 17.9382 94.1673 36.5459 108.83 25.5144 48.586 6.12189 36.6658 33.0236 5.69178 22.1821 20.1988 36.8501 96.331 37.1182 10.0468 48.1797 12.8981 8.62907 10.9827 4.26869 16.0436 36.3017 0.000124126 137.383
-66.0317 0.0730468 40.7209 27.548 12.8631 16.9551 96.0917 31.0209 103.894 26.5518 48.586 1.6365 45.9995 29.1797 12.8128 22.6115 16.6278 17.1925 109.682 44.742 20.518 51.457 21.2399 16.7011 3.11261 4.12714 9.29331 18.1051 0.000498092 141.42
-66.043 0.131744 38.8058 27.9466 13.2807 18.4707 90.5913 31.3999 98.5216 27.3316 50.0958 6.03646 50.2748 41.4597 23.3646 3.30437 19.1399 23.1929 126.018 28.2092 6.31498 12.1293 35.7412 12.0872 15.8872 20.5148 8.26288 8.82273 0.000911508 142.304
-66.0658 2.35632 37.7985 27.9466 11.3628 18.5697 91.514 31.3999 104.401 27.9753 48.2746 2.77836 50.285 34.1905 13.9565 9.19964 47.0283 41.4332 86.0953 17.9558 13.5499 7.61312 35.7158 26.8356 23.6229 8.5346 10.9959 9.77977 0.00171117 137.955
-66.1853 0.322427 38.9258 27.9466 12.9481 18.9771 92.7418 31.3999 104.401 27.834 48.2746 3.82511 43.3918 35.0645 8.57791 27.1509 56.1361 30.535 80.0665 28.5958 0.629812 4.71173 50.1653 25.888 1.39748 8.24588 10.638 5.4023 0.000411083 142.466
-65.7252 1.49137 38.9258 27.9466 10.3341 18.5696 99.8973 29.9824 104.401 13.4686 51.9214 18.0075 30.8996 30.4544 21.1148 23.8823 37.4679 32.1745 85.861 26.811 17.008 13.4308 33.0664 34.8961 9.90104 6.77429 15.704 2.93817 8.66203e-05 134.704
-66.1268 3.77507 37.7102 28.6762 8.78376 18.7391 104.792 29.9824 104.401 8.97072 64.1632 19.3963 23.8492 28.6884 8.34149 26.1855 11.876 47.3622 84.1287 27.8964 33.2722 7.29819 25.1903 36.7715 10.5312 8.86689 18.4663 14.1999 8.66203e-05 139.516
-65.9396 3.74034 37.7102 25.7907 7.37705 20.9764 107.445 32.7343 104.401 4.69835 64.1632 19.8862 23.4788 20.4199 8.34311 43.6918 29.0466 28.9399 93.6667 17.7762 36.3456 4.37203 37.0086 5.05922 7.24289 9.94754 22.9186 23.9986 0.000938262 138.512
-66.8961 4.72832 37.4822 26.1889 3.33857 22.1258 105.286 34.1868 104.012 13.0216 55.2268 16.0503 32.362 15.6041 6.97032 47.1767 29.0466 33.6872 87.4082 4.25275 48.6699 5.7656 53.9059 8.29973 1.61881 9.35247 23.2041 16.4988 0.000377907 140.088
-67.9399 4.20277 37.4822 25.3538 5.00995 25.0689 98.5757 32.9599 104.012 30.2345 12.3693 20.1331 64.9668 11.9884 2.78675 40.8601 42.2746 24.1789 88.1786 4.25275 53.2812 7.82072 41.5872 14.31 8.32015 6.32217 21.8684 2.53716 0.000230031 138.07
-65.2539 3.42503 37.3583 25.3538 4.96455 26.9275 94.2345 26.7427 114.556 25.0148 7.46156 21.9428 57.0596 17.42 7.1779 48.3574 53.5716 21.6014 73.7931 11.1122 42.7545 50.8399 0.47993 9.14494 2.01901 5.36587 19.941 60.2291 0.00125581 143.115
-67.4581 3.42503 37.3583 25.3538 1.02743 28.8562 96.2456 26.7427 114.556 18.6366 3.89375 26.0576 66.4565 19.8308 3.55001 44.7847 51.7945 28.1233 74.5754 15.4332 32.6767 39.9956 6.92516 10.4979 0.765939 6.33046 40.1597 22.7764 4.8575e-05 139.026
-66.4801 3.01449 37.3583 28.4247 2.2469 25.3857 97.2364 26.7427 111.236 25.4262 11.3744 21.6612 62.5274 12.0419 3.2428 45.17 70.5002 16.8433 70.7749 30.3949 37.1143 40.6845 19.3022 1.67931 4.32573 4.50166 19.038 22.4281 0.000252514 142.57
-66.1938 3.01449 37.0418 28.4247 2.17515 23.9217 102.533 28.4252 111.236 30.7013 4.22166 13.1524 62.5274 7.73443 15.0439 45.17 66.1236 15.6644 69.0681 32.0005 19.2989 44.0113 9.12687 33.9686 2.1149 4.12366 16.558 23.4314 0.000333766 139.526
-65.1591 1.34988 37.0418 28.016 4.92824 24.6474 96.5519 28.4252 110.36 33.5916 13.3849 13.1524 66.6599 12.9933 7.61994 29.9933 62.8166 31.0048 69.4129 41.795 4.0367 53.9146 6.18449 33.7815 5.30013 12.9373 4.76887 1.58593 5.94454e-05 143.348
-61.4231 1.34988 37.0418 27.57 3.84475 26.9114 101.149 28.4252 110.36 25.3965 15.2756 14.4654 60.3681 25.5627 0.891483 41.5777 52.3647 20.1384 69.4129 41.6456 13.3187 32.0082 12.1548 33.4837 10.4047 8.30822 17.113 2.82197 9.7518e-05 138.993
-63.0522 1.9357 37.0418 26.8575 6.23747 26.5534 86.3912 40.0488 108.186 20.7604 21.7482 13.5955 57.2558 35.3956 0.891483 49.068 31.0682 13.3941 69.4907 49.4029 23.2393 18.7978 39.7689 13.9431 7.15822 11.1397 21.8914 1.03912 0.000121653 140.102
-66.6849 2.07747 36.7558 26.8575 4.55004 25.6474 91.248 40.0488 104.778 21.3359 10.3983 24.6599 58.7843 23.7195 0.825968 49.5461 48.7575 19.0704 40.7165 62.7452 30.3283 7.82912 9.4607 17.9427 3.53491 57.2542 6.72934 19.9537 0.000134414 137.114
-66.8819 4.86741 36.3804 26.8575 2.56173 26.9251 81.6659 40.0488 104.299 35.7572 34.0135 20.5107 44.3694 24.3571 0.825968 38.5947 38.737 19.0704 46.2745 71.8429 22.8757 15.8778 3.0956 26.0066 10.3434 48.7766 8.03413 6.38933 0.000509849 136.412
-66.1729 4.63625 36.3804 26.8575 0.196974 31.0484 81.6659 46.6817 104.299 42.4076 28.5892 15.6045 28.5941 28.8488 0.765113 41.113 54.5342 11.5347 43.6572 71.2333 21.32 14.2946 2.9634 11.7144 7.27988 59.3068 8.9341 6.35731 0.000731093 138.624
-65.0561 3.96504 36.3804 26.8575 0.196974 35.2284 65.8739 59.0512 104.147 39.3932 23.6535 20.7557 30.3687 31.678 10.116 35.2442 38.5388 78.4012 44.8076 19.0596 11.0784 7.40862 37.252 8.37094 22.1548 37.286 4.13286 7.90653 0.00096087 140.43
-62.8599 2.75864 36.3804 25.6915 1.0004 34.5833 65.8739 61.7182 99.7897 45.9064 19.3117 26.3376 31.678 27.8344 12.4559 25.1297 47.4971 84.9871 24.9744 30.616 13.6837 13.3906 12.2835 17.7759 12.3441 36.7845 22.1614 12.6774 0.00163068 143.249
-65.364 3.48048 37.7391 25.6915 1.70818 32.5072 60.8379 65.7814 99.7897 45.9064 49.5951 16.562 18.9075 14.8601 14.1443 34.5155 40.8269 82.2829 47.1977 8.90129 17.9004 4.65513 46.3108 6.44245 10.9954 36.6117 6.24372 16.9631 0.00274221 140.249
-65.8121 3.09646 37.7391 25.6915 2.11379 30.054 80.5684 54.5327 99.7897 38.8288 51.8444 9.55496 18.9075 26.7748 9.86162 28.8925 29.1379 76.7191 39.0378 30.3358 34.4904 7.6284 12.912 3.47183 14.067 36.9926 15.956 16.9704 2.70297e-05 134.042
-66.0045 3.62413 31.8965 32.4255 10.7191 21.7367 75.55 66.2974 99.7897 29.4965 52.0106 6.27604 20.6951 24.8495 26.6723 11.0375 12.518 69.6544 35.182 35.6566 53.7204 5.03182 9.73005 6.56221 13.422 55.384 17.5817 15.1518 0.00021997 142.262
-65.8272 3.63656 31.8965 32.4255 11.3295 27.0325 94.6165 50.7193 83.6272 26.1377 41.6431 22.9921 25.3209 18.972 51.1097 10.4813 46.3947 70.0606 13.9416 22.5479 41.6765 15.5946 12.46 22.9185 2.46659 30.938 11.1595 2.92814 6.2952e-05 141.839
-67.4293 4.36785 31.8965 32.4255 9.63496 28.808 86.3733 50.7193 91.1725 23.2322 41.6431 12.8759 38.0346 10.9803 41.156 17.5348 43.2056 59.9578 21.0528 35.7977 45.274 4.16056 13.5451 18.1111 9.5586 45.8846 6.07012 28.7688 0.00067942 138.14
-64.6663 4.7562 31.4851 31.4964 11.8316 18.6014 98.8692 45.4484 90.4284 19.6201 44.706 10.6247 40.1199 13.4002 60.1584 7.97859 17.2527 67.3805 17.5005 50.3557 35.6277 1.72471 15.7796 8.82716 23.2842 48.7328 6.81173 26.7302 0.00181244 143.128
-65.0941 3.79038 31.8807 30.5191 10.75 20.1301 87.5986 37.1861 117.624 20.365 39.052 15.7913 44.8142 13.5349 31.9178 8.05957 18.6774 73.1697 23.8959 61.1558 33.8619 3.72064 14.639 13.4556 28.6465 37.6889 12.6459 6.19484 0.0127138 141.77
-66.3288 3.79588 32.6526 31.471 20.476 17.255 87.5986 30.5931 110.185 18.7075 27.2422 19.8565 54.1395 23.7319 33.1212 2.2828 20.3026 78.1935 52.9818 39.9889 8.07319 12.0964 6.02177 22.6897 22.4744 15.9269 29.2578 22.7733 0.00162976 141.152
-63.9422 4.38845 31.9799 31.48 10.2849 18.8859 98.0122 28.3317 110.185 31.9325 20.4212 7.9819 52.5534 36.4175 25.8673 1.46388 19.0138 78.1935 51.0049 52.679 7.14736 11.5906 1.5282 16.9139 31.8761 20.7209 27.8218 7.26775 8.34918e-06 134.525
-64.1905 4.10389 31.9799 31.48 8.33135 20.6242 97.5171 27.8819 110.185 31.9325 13.7609 12.4057 51.8691 48.3745 24.3893 4.65269 6.33226 85.5141 61.2446 39.3829 6.20061 20.9891 10.8134 18.8048 20.8724 21.4832 17.0933 11.8795 1.08655e-05 133.017
-66.4518 4.38876 31.4564 31.9457 7.22831 21.0222 102.96 28.8181 110.185 36.1175 10.1768 14.4204 51.9709 48.0587 17.038 5.22365 13.1278 85.5141 43.3467 45.5627 10.4718 34.5265 11.9239 6.83513 26.9775 22.823 9.87566 14.0673 2.80854e-07 132.708
-65.3514 5.05401 31.1914 31.9457 6.17144 22.7049 103.765 27.0528 110.185 31.1227 11.6186 8.51898 52.0745 48.0587 15.4718 11.8528 9.82434 85.5141 38.5703 54.3499 13.2559 27.6819 13.7124 1.43052 28.7056 21.7814 10.9239 15.3393 6.96208e-06 135.385
-65.5156 4.75686 30.0518 31.8185 6.1525 21.8458 103.862 26.6656 110.185 29.9463 17.7263 9.81519 49.2776 43.8729 11.2601 16.1391 6.1513 85.5024 32.6598 59.7717 18.0628 16.9994 14.2076 14.8143 24.9032 26.1499 11.0891 26.923 9.81745e-05 134.807
-65.6968 4.90299 30.0518 31.9606 8.52068 22.6522 98.2811 27.0842 117.327 18.1122 21.8733 6.60721 48.7725 48.1748 8.29385 22.9035 1.7425 85.5024 37.9348 67.2923 5.62118 2.00964 16.4079 17.5763 27.7436 31.1326 16.9008 16.7374 0.000300114 139.848
-67.2986 3.13353 30.0518 34.6013 8.59258 21.3833 95.8305 13.7633 130.588 25.4929 32.7692 9.89656 46.1001 32.6585 7.40714 23.3725 1.84775 88.2557 36.5273 57.9434 16.424 2.93371 14.3944 13.8609 18.2061 2.60934 59.1042 15.8202 0.000490638 137.824
-67.1342 4.02729 30.5835 33.1413 6.01646 23.8491 85.9912 18.8757 130.588 19.5752 25.219 19.9095 51.7538 30.3775 13.5735 19.2058 2.33263 88.2557 43.9356 61.9525 16.4515 18.2754 6.30445 2.57703 23.1869 1.46895 49.7825 23.0363 0.000478703 138.141
-67.445 5.01203 28.205 34.8709 6.36101 22.6845 80.296 16.5553 141.612 23.3726 20.1949 25.128 48.0027 21.8251 16.3916 21.7169 18.4383 89.532 52.0255 47.4599 9.19503 5.48009 17.0583 45.1692 14.351 9.06764 6.70481 18.3015 0.00541744 140.546
-66.7796 6.35149 28.205 35.0101 6.29896 23.1557 67.6682 28.9603 141.612 22.7253 19.9065 25.2751 44.7308 17.6899 28.5637 19.6236 21.3139 61.3505 56.8656 53.6577 4.17992 15.6976 19.8718 34.8023 22.5572 4.16554 8.41497 35.0581 0.00141041 136.54
-69.3083 4.77998 28.9835 36.3387 6.48852 22.4531 62.5293 28.9603 141.612 20.0972 24.6045 29.369 43.8887 17.4986 28.5637 26.5067 48.0939 12.8076 72.1465 45.502 11.0811 4.54032 42.1807 5.95812 14.9376 24.4244 15.5596 43.2574 5.3022e-05 138.197
-66.3227 4.36315 28.9835 36.3387 6.15785 25.5261 73.7824 23.0025 137.299 8.16972 53.73 1.88526 55.5745 15.3831 23.0772 23.6242 36.3379 20.3448 84.1867 41.5277 14.7435 3.36033 62.2042 2.04181 11.9699 14.1577 17.2453 25.5989 0.000192689 139.787
-64.2135 3.45361 30.4809 35.6686 9.41054 18.5058 82.6832 23.5895 134.521 9.19232 73.6887 1.88526 37.21 14.2188 20.0211 23.6242 38.4725 55.7346 56.3398 31.2811 17.626 11.1784 43.4244 13.1001 14.2104 5.79747 11.1438 40.7139 0.000863872 137.758
-65.9456 2.8023 29.1684 35.6686 8.32429 20.8197 79.6704 19.5714 137.848 9.19232 73.6887 3.02897 35.8995 15.4829 23.0697 18.9067 16.7301 55.7346 69.7451 52.3375 8.43398 8.79284 26.2091 13.798 24.7357 17.8278 37.858 34.1473 0.00189247 145.682
-66.4876 4.5867 28.4359 35.6686 6.9032 20.8197 79.6773 21.3912 137.848 13.7211 73.6887 3.02897 35.8995 11.1087 15.4079 27.1712 15.5896 55.7346 68.7703 59.8873 9.23887 8.50899 16.8513 13.7103 15.9407 27.6803 26.0149 4.26704 0.00603595 139.772
-65.4068 3.60652 20.2129 48.478 6.26693 18.4333 79.5969 21.3912 137.848 7.15619 73.6887 5.21173 29.6738 10.3603 23.7536 30.1483 6.72849 55.7169 55.8904 64.1371 19.516 17.067 40.3338 25.2653 7.88338 16.6661 9.34994 8.474 0.00573824 140.189
-64.4165 4.87253 20.0464 45.751 7.77693 20.904 86.1991 13.5346 133.855 7.15619 73.7417 3.63937 29.0156 26.9205 14.3368 26.3494 12.4399 43.9226 49.9583 73.882 24.4536 23.9798 1.93573 38.1233 23.3656 17.7126 5.29028 14.6839 0.00277812 141.004
-66.1215 6.40874 22.7045 41.388 7.92298 17.7329 87.3419 21.1637 133.855 25.331 46.5366 8.36958 24.6777 20.0124 9.55363 39.6892 23.8704 37.1655 58.7922 75.4867 10.5521 8.77908 7.18784 24.0123 34.1978 16.532 19.6673 16.7689 0.00617793 140.123
-66.7259 6.55116 23.8387 40.7935 9.3956 17.4415 87.4053 21.1637 133.855 7.26935 45.4074 19.2529 44.8286 11.8496 9.16547 39.191 21.5646 37.1655 64.9315 56.0559 23.3334 11.0922 24.3436 21.0971 16.6472 11.7618 12.2593 15.5295 0.00121962 137.804
-65.3382 5.33605 23.8387 40.3482 8.80594 18.8752 86.9086 17.3941 133.855 7.26935 45.4074 22.2491 44.8286 19.4239 2.14981 37.2231 10.251 25.2847 83.459 60.3064 31.0136 22.229 41.805 14.0166 14.7785 12.8078 0.14449 15.9746 0.00011303 135.386
-65.4676 3.52205 26.3959 39.5322 10.5871 18.7328 77.2384 27.9601 136.885 7.26935 39.602 22.2491 44.3743 26.9025 4.84236 36.8695 18.2466 32.6739 53.866 64.0705 36.203 11.9154 29.877 18.0938 10.8059 12.7272 15.7405 22.9474 0.000264304 135.294
-66.9543 4.01442 25.9834 39.8541 6.25206 22.9244 54.6515 39.5899 136.885 5.49158 49.9954 23.4349 44.3743 23.9644 4.26783 33.4048 31.3999 45.3243 57.5441 43.2724 27.449 2.78758 50.4503 21.8827 10.9163 12.7673 4.22451 20.8605 3.6556e-05 134.729
-68.1946 3.84103 29.4222 36.7065 5.65917 23.8458 47.494 45.2546 136.885 11.0713 44.3846 19.3287 49.3333 20.1785 22.284 23.3667 21.2869 45.0219 59.8389 46.3997 34.033 0.951569 31.0546 33.9411 16.5615 13.4315 7.51738 10.4172 0.000113455 137.157
-62.7029 2.64499 29.4222 37.8975 5.6543 24.9984 47.494 50.7671 131.439 22.2717 31.0679 15.8912 49.3333 20.4169 30.834 19.1882 11.9981 45.0219 48.6306 61.639 51.3485 1.16587 28.2561 22.6819 14.9117 13.0811 11.9025 8.13657 0.000171144 139.419
-64.9665 2.64499 29.4222 36.5041 5.72708 25.1451 47.494 54.1446 137.12 17.7814 41.4805 16.1208 37.9937 21.4667 28.9139 11.8702 11.9981 50.626 59.8893 50.869 21.0399 1.1784 56.7515 22.244 31.9454 5.76897 7.05348 2.41261 7.33257e-06 137.717
-67.3871 2.4509 30.7089 36.8679 5.53892 21.6926 68.8587 45.2428 126.61 31.0279 48.454 3.92827 32.3775 30.922 25.5703 7.94175 22.6293 43.0196 74.227 43.682 22.9697 9.66771 27.9841 0.760138 15.8947 22.8629 29.9201 3.59273 7.33554e-05 137.457
-66.5272 2.4509 30.7089 36.5284 8.3899 22.1057 69.96 40.7528 126.61 13.4071 62.8633 3.92827 32.8794 28.495 34.5314 8.19188 1.56524 41.1007 74.227 65.9449 24.1997 4.06403 40.9894 19.2367 3.32858 16.1119 16.9777 22.3354 4.97603e-05 136.612
-66.2016 6.08408 28.7174 35.2142 8.72047 20.5485 62.2168 40.7528 126.61 17.8351 58.4447 13.4692 34.3135 23.3573 29.1211 7.35155 1.56524 34.3541 67.1688 82.9527 28.3455 22.3181 11.6019 11.5669 17.8074 2.67387 20.8734 46.6927 4.18258e-05 135.737
-67.8046 6.92829 28.0872 35.2142 11.1023 19.4636 62.2168 46.5531 126.61 28.1961 56.8909 6.75244 31.7534 23.0044 36.4827 2.108 0.694598 48.2655 63.9771 84.6142 2.756 36.5945 6.86105 2.57597 28.2635 2.42453 31.3499 30.1587 9.8416e-05 142.55
-66.874 6.92829 27.6238 34.8932 11.1023 17.5355 62.2168 58.8489 118.651 28.4492 56.8909 6.75244 24.4904 23.0044 26.9224 11.1096 0.694598 70.0945 70.2456 60.7389 3.66144 4.61623 6.43808 32.4032 14.2981 24.3472 19.9047 23.8969 7.84865e-05 136.793
-67.3537 5.74596 27.6238 34.4618 9.16534 22.1839 62.9195 58.8489 118.532 28.5841 42.4877 17.1792 18.7839 33.8229 26.4804 10.6471 18.3834 19.6585 70.2456 80.2847 15.0577 12.2984 10.2874 26.5106 17.3929 19.7577 20.9015 18.0713 0.000118614 134.83
-69.4721 6.72244 27.6238 33.3704 8.99054 23.0186 59.1922 53.7481 118.532 32.97 51.2662 18.116 21.085 41.6243 10.5315 3.54521 18.3834 31.5763 75.5293 73.7265 3.42548 16.0348 15.9322 13.0387 24.1879 26.4174 3.97826 15.9724 0.00137883 143.973
-65.5943 6.72244 28.969 34.8181 12.7059 26.1754 63.8126 57.5464 118.532 13.2045 51.5818 9.37864 20.9122 44.5 17.3762 9.44478 28.7967 35.2171 41.084 90.3477 14.8377 30.6852 12.8975 3.94315 14.3373 25.2212 16.2187 6.68801 0.000485266 142.41
-67.2002 7.12653 29.54 32.5923 7.50862 22.1089 65.5785 55.5472 121.07 20.2317 55.6321 11.8772 20.9278 26.0108 36.0392 2.36501 27.04 46.0441 35.4585 88.9432 12.7874 32.2596 0.622155 17.205 20.7037 16.9506 23.4591 4.29631 0.000474896 139.453
-66.3486 6.6108 26.0552 36.9566 10.3495 20.989 62.1536 55.223 115.165 28.2405 55.5653 10.4905 18.712 26.4279 36.0392 9.8245 27.611 32.3434 26.7118 90.0438 18.759 43.5303 10.8416 3.30114 12.3251 20.7845 25.5213 15.8693 0.000618872 135.744
-65.8567 2.65256 24.6382 41.0903 9.60728 21.3063 62.1536 52.9987 113.899 14.028 70.5486 6.55267 27.3922 30.7059 35.6586 8.52171 27.611 44.2161 27.4901 90.0438 5.35507 34.4262 35.4632 6.41045 13.3294 20.8997 2.38381 17.753 0.00103357 138.859
-63.5762 2.65256 24.9092 43.1071 5.71556 31.6904 59.6626 52.9987 114.608 4.3761 67.7692 11.9177 27.8442 34.4499 35.6586 3.78042 19.9045 42.8056 26.5774 90.0438 11.3929 31.1609 46.6489 9.06921 13.6269 21.9798 1.22103 0.338722 0.000194 142.842
-66.8826 2.65256 23.9308 43.1071 6.71357 34.3784 57.3676 52.9987 118.162 5.31471 72.8933 12.1689 12.0229 30.742 34.9124 15.1843 32.1675 44.31 34.6785 76.9527 4.12001 33.4349 19.7206 4.84297 46.8725 9.54818 1.24891 7.99063 0.000125953 139.946
-62.0628 5.22386 21.8489 43.1277 6.22174 24.314 61.6671 58.948 116.591 8.30741 81.1007 16.4328 5.05483 33.8323 26.516 18.394 18.2403 57.0322 29.5254 71.2759 8.46195 36.8457 19.9839 17.4034 33.1628 10.2277 13.4501 23.6773 0.000112597 145.469
-64.4208 5.22386 23.4744 43.1277 5.34894 21.129 56.0567 30.5024 146.841 15.7328 66.6353 10.531 8.92645 26.9795 30.6555 24.7967 25.6643 53.293 31.0164 73.6599 22.5332 37.6697 11.9131 3.31521 6.53207 11.4893 42.1926 8.81294 1.11029e-05 142.659
-65.4744 5.34022 20.0562 46.0275 7.24186 21.129 57.6539 30.5024 146.841 15.2642 74.992 15.6283 17.1557 19.6889 26.0812 9.34509 25.6643 55.8896 44.6063 56.801 26.5839 27.3939 11.6684 11.4989 19.8046 12.6007 19.92 30.1192 1.11029e-05 132.005
-64.3838 5.34022 19.2073 46.982 6.67247 19.2823 62.9465 30.5024 146.841 4.60092 82.0891 15.6283 13.256 22.824 26.6318 9.51477 25.6643 44.2565 54.9865 56.801 39.7313 13.8107 11.3809 20.6883 7.19343 9.59284 12.3917 67.1762 0.000447202 139.886
-66.7185 3.71318 17.0623 51.0937 19.0005 7.41363 60.8881 30.5024 146.841 1.59153 82.237 22.4009 14.0059 28.4917 28.3392 7.86187 25.6643 40.8338 41.5643 56.801 40.2277 12.8328 9.57174 30.3902 8.63371 22.1096 6.16268 25.9003 4.44618e-05 135.177
-66.0729 5.14147 17.1203 51.0937 19.0005 7.28486 56.5583 30.5024 146.841 3.17882 82.237 23.5925 12.2284 30.9546 21.3375 6.51152 43.192 46.7863 52.0046 37.4246 29.9157 5.96307 31.3833 16.8543 5.603 25.1727 16.0455 35.6247 0.000272998 137.438
-66.606 6.10133 16.3675 51.0937 20.0146 7.28486 51.3318 30.5024 146.841 2.6816 84.3292 23.9949 15.1529 30.9546 22.0395 3.9028 45.1623 55.8462 35.3352 44.4673 29.1278 2.64708 5.33211 38.6295 12.4972 26.8276 13.167 31.3325 0.000144331 137.209
-65.8049 6.10133 16.5875 51.0937 18.677 7.62352 57.5314 30.5024 146.841 2.31167 84.3292 21.2062 15.1529 26.6934 23.2091 6.95726 69.4259 66.1497 28.8404 10.6192 35.3973 34.84 3.05794 22.1082 13.2043 6.44027 13.3505 22.38 3.01016e-06 136.024
-66.1431 6.10133 15.1698 50.594 18.677 11.0794 52.1522 30.5024 146.841 0.551415 75.611 21.2062 24.9008 23.0021 23.2091 16.7613 64.3579 74.6988 28.3291 15.2973 30.9492 5.35368 0.565218 34.9027 2.01507 17.015 31.1028 7.77838 7.00988e-06 136.862
-65.3077 3.556 15.4053 50.594 16.9112 14.2331 61.4607 30.5024 146.841 0.119784 75.611 16.147 21.3837 28.4322 19.9818 14.0885 64.0691 73.8738 28.3013 11.2471 22.9249 13.7783 49.7436 0.344607 2.49354 22.4451 43.3687 6.23035 5.21993e-05 145.358
-67.4177 5.01061 17.1991 50.594 14.7231 14.2331 61.0108 30.5024 147.318 2.53008 76.6264 10.6478 21.3837 23.9122 23.1348 14.7356 38.1802 106.964 27.8751 14.9505 22.3337 4.80849 0.281945 20.7842 15.5836 35.8058 19.1843 28.6384 4.56726e-05 139.318
-65.5359 5.01061 14.8245 50.594 14.0665 14.2331 62.7157 30.5024 147.318 6.65741 76.6264 10.6478 17.4739 19.1244 31.022 11.3783 89.8332 34.8815 47.8481 6.136 28.1593 6.75637 3.42028 16.415 24.0787 27.8537 12.0617 3.89422 2.61236e-06 137.742
-65.8167 6.48577 14.6235 50.594 12.4742 14.2331 64.8543 30.5024 141.935 5.80727 76.6264 10.6478 19.6594 19.1244 42.6195 12.5633 117.613 6.80234 49.785 1.86506 27.6578 13.3531 19.3501 4.9354 25.3877 29.4325 11.7188 9.96131 3.71377e-05 134.338
-66.9899 6.8981 14.4104 50.0009 14.264 14.2331 64.7223 30.5024 141.935 10.4569 76.6264 7.98309 17.0853 28.0815 32.2554 5.87765 115.905 4.11601 55.4928 1.19354 45.8904 7.6765 5.11481 15.0985 12.7218 24.766 17.6529 2.352 8.3523e-06 138.316
-67.3235 6.8981 13.8486 50.0009 15.919 14.4975 62.95 30.5024 141.935 14.6936 76.6264 11.3865 21.1937 15.6349 33.6524 10.7781 113.143 6.39788 50.3256 3.04828 22.5097 11.2112 7.2545 11.1836 15.478 24.6788 39.1491 1.34709 6.96655e-05 136.98
-60.9973 6.98506 13.9278 50.0009 14.1181 14.0705 64.289 30.5024 141.935 6.06608 76.6264 4.87321 26.5379 8.13222 34.4924 20.4341 118.099 10.3684 64.6121 3.82448 14.0272 10.4389 5.92129 19.7702 18.9566 23.3158 30.2216 3.19608 5.78792e-05 139.526
-65.7792 5.84689 14.6045 51.0207 14.1181 14.0705 63.991 27.7057 141.935 14.3538 63.1614 16.6777 29.1321 21.9728 13.8719 19.8283 113.056 12.5083 47.2047 10.5691 18.2212 34.1722 23.1066 14.1266 3.2318 13.392 30.8062 0.00843065 4.05431e-05 137.312
-67.0614 1.69938 19.4702 51.0207 12.2199 15.0355 73.3645 27.7057 138.979 12.4567 63.1614 4.49827 31.0571 29.9971 22.9748 16.6116 75.4269 24.6837 53.442 13.998 29.1132 16.8185 78.2652 1.59552 4.61075 0.213281 4.73916 7.32402 0.000286987 140.647
-65.0162 1.8755 19.5675 50.0935 11.4724 15.0355 73.3645 27.7057 139.514 13.6779 61.7481 3.74396 30.311 23.147 40.2997 17.6907 61.8222 23.6585 53.442 31.77 28.719 18.2622 43.0431 4.08731 1.14808 4.92595 17.9145 16.603 0.000588912 139.022
-64.9023 4.45744 19.5345 50.0935 11.2697 15.6847 63.75 27.7057 140.545 17.451 60.9573 17.2908 29.9457 21.8 40.2997 8.88156 61.8222 13.4621 67.6306 37.0167 14.5224 24.2111 32.3907 3.48421 18.7133 2.91464 15.8221 9.84197 2.1593e-05 140.215
-66.7678 4.07879 17.4661 48.4142 13.4485 15.214 59.8104 50.8933 140.545 12.4853 47.4999 16.2172 30.4283 11.7671 35.3771 8.46145 61.8222 13.4621 62.8453 56.2492 6.70822 23.7973 28.6095 1.57244 21.1376 10.6758 31.2279 24.1956 0.000879513 141.98
-70.3184 4.65314 19.3999 48.4142 13.4485 16.8121 49.4577 50.8933 138.299 10.3381 44.8611 16.623 39.2861 20.1894 23.1991 20.3903 38.8342 18.5304 61.9683 50.1444 36.4791 20.919 7.84405 4.53248 27.2241 19.7147 17.6709 30.1362 0.000154753 139.773
-69.9982 4.65314 20.1358 48.4142 15.2577 13.274 47.8001 49.3084 138.299 3.97443 28.1969 5.92594 74.7298 37.5601 5.86614 18.523 38.8899 15.7693 80.7061 62.1919 23.5986 14.024 12.2895 18.9859 25.8395 25.4007 5.89391 11.9182 0.000434568 143.358
-64.0239 5.28341 18.5664 48.4142 22.1869 7.98533 50.0532 49.3084 138.299 2.16529 25.718 5.32378 74.7298 47.8334 12.8344 11.9782 22.9185 15.7693 67.077 75.3845 10.6341 50.5692 8.63426 5.37589 15.3567 33.438 11.0565 2.2424 0.000431046 142.088
-64.3224 5.28341 16.6198 48.4142 21.6731 8.63788 48.7518 51.2821 138.299 0.325379 6.57791 13.4326 75.778 50.1876 20.5285 6.64163 29.7869 15.7693 64.3564 82.3895 11.6859 10.7649 23.3821 5.8727 20.9429 29.4773 23.6906 7.99738 0.00162007 139.887
-65.3997 8.10979 15.1178 48.4142 21.9274 8.63788 43.4246 54.35 138.299 4.47145 5.44019 17.5823 79.4252 47.57 16.0952 4.39067 45.2131 31.0742 65.2644 61.5459 7.58606 8.48045 2.70746 2.7537 32.2394 11.5267 47.4586 29.114 0.000492122 140.28
-68.3554 8.10979 14.5343 51.0653 20.8057 8.63788 38.1665 50.3284 138.299 4.47145 12.9371 14.6003 79.4252 53.2049 12.9143 7.7592 66.9646 13.6295 56.7337 58.8399 6.03895 7.74837 7.75435 12.7939 46.3801 2.63371 11.0774 83.9099 0.000378766 143.826
-64.1428 8.76634 14.2835 49.9732 22.9553 8.63788 15.364 50.3284 143.929 4.47145 6.64882 31.5916 80.2041 50.6372 23.3352 2.59565 66.9646 13.0726 58.7109 47.9204 28.324 20.4984 15.3847 2.77691 37.4788 8.26252 8.71794 34.2407 0.000363999 147.275
-64.0903 8.9715 12.4593 49.9732 22.9553 8.63788 15.364 56.2785 173.667 0.245647 7.26528 42.8201 46.7921 51.6494 21.5845 3.9161 44.5531 31.1601 59.201 47.4112 19.6043 4.96065 9.07794 14.0036 55.6246 5.40665 7.73627 32.7522 0.000414673 143.455
-67.8996 9.78127 12.4593 49.9732 19.9389 21.4565 4.54076 56.2785 152.641 12.4538 6.56937 42.17 54.4231 50.5945 14.0778 6.30435 22.1055 28.6477 64.9745 65.9289 27.8341 5.60042 12.5807 6.94492 65.9325 4.61755 11.5529 28.492 8.25852e-05 143.41
-67.4719 10.7063 12.4593 49.9732 9.86866 21.4565 17.7118 55.7729 162.226 10.8099 6.77054 33.8115 44.7212 56.8359 18.2551 6.30435 36.9602 12.8664 58.1521 70.8632 25.5313 5.98139 10.2147 11.6281 63.4446 2.77495 14.0921 17.0811 0.000138201 139.167
-65.9259 9.0135 12.9597 50.1878 9.91072 20.1059 15.9423 55.7729 162.226 21.6464 11.5816 17.1871 55.8177 66.426 6.446 1.75288 42.0016 3.05073 56.7278 84.8349 16.2483 51.6999 7.8851 14.0568 17.1401 11.0668 6.70141 7.4085 0.00111644 138.231
-65.6097 9.0135 12.9597 50.1878 14.8887 14.695 19.8137 52.9167 159.522 24.2498 13.5077 18.3297 64.177 24.6699 10.1462 34.589 29.2118 8.96131 67.4432 68.8838 19.9361 8.48734 24.428 11.1545 39.5679 4.46325 36.2827 8.95046 0.000312859 139.435
-66.2863 10.1003 12.821 50.1878 15.8011 23.4237 15.1195 52.9167 159.522 24.2498 6.03069 16.5854 63.8173 20.6782 14.5418 44.7446 28.0196 32.4645 48.0805 68.8838 8.6549 28.0847 8.09969 7.0901 26.6747 4.96429 38.3802 14.9144 6.87758e-05 140.289
-64.7812 8.45826 13.8044 50.1878 17.0598 16.5533 4.8651 52.9167 171.066 32.1082 9.23083 19.5346 63.8173 15.6498 5.03115 44.7446 20.0151 30.0537 49.219 75.9591 27.4048 0.656165 20.1557 6.99576 22.7666 7.17062 34.1375 32.3005 6.87758e-05 137.711
-66.2125 5.82403 15.673 50.1878 16.9079 16.5533 2.71158 52.9167 171.066 32.1082 10.0164 18.742 69.9097 2.84102 10.0852 49.9092 23.5393 30.0537 50.433 75.9591 14.3236 14.7539 17.7453 8.86109 21.2052 9.65915 33.0558 18.6884 0.000155138 135.886
-65.2532 5.82403 16.632 50.1878 15.9691 16.1238 5.51826 56.0749 171.066 30.3999 5.8307 24.0167 57.4005 2.75612 18.1699 49.9092 6.07826 43.5038 113.86 15.0556 14.5367 24.7943 7.22749 11.0849 26.3925 13.7981 0.217734 78.2474 0.000678855 143.839
-65.178 5.46358 18.0262 48.217 15.9691 16.1238 5.51826 56.0749 170.676 30.0623 5.0699 21.4168 57.4005 2.75612 11.6661 60.9865 3.80516 42.2882 109.639 26.5167 8.06844 19.9952 11.7216 2.53952 6.37509 26.8394 14.9844 102.399 0.000751675 144.579
-66.2608 5.46358 18.4992 46.9759 20.3363 13.8951 5.03698 56.0749 170.676 38.2154 56.3095 16.1456 1.63345 4.55977 14.2734 47.743 6.32245 43.8432 106.239 36.0545 13.5582 24.7943 12.5652 3.02818 12.8769 34.494 0.963238 52.4299 0.000469356 141.727
-64.1766 7.27003 18.7886 44.7504 20.3363 13.8951 5.03698 56.0749 170.676 34.699 47.5007 26.5813 9.04852 2.89163 11.5585 48.9025 11.5215 29.4354 88.9299 59.5681 7.10039 26.3047 4.9439 12.9449 18.856 12.2898 31.1022 31.3546 0.000243823 137.015
-62.9093 6.54881 18.7886 45.3401 19.0813 13.8951 5.03698 56.0749 168.772 28.5431 52.1638 22.8961 21.1362 14.3913 1.50853 48.9025 15.2168 10.1329 95.5492 73.6355 4.89852 23.4151 3.75156 22.8232 24.3696 11.7548 29.1354 4.28114 9.59828e-05 139.818
-65.1263 6.54881 19.1437 44.8505 17.0719 16.6338 5.03698 56.0749 168.772 33.4035 8.0832 30.9246 57.5628 2.31817 1.50853 57.3905 10.0072 7.88081 100.427 73.6355 4.89852 26.8789 15.949 7.26916 27.4234 8.76908 23.9715 11.6033 0.000121792 137.673
-66.3675 6.54881 20.3292 44.8505 17.0719 16.6338 3.59585 56.0749 168.772 24.6907 11.8151 29.568 59.739 2.31817 1.50853 59.8088 17.4491 6.6448 115.787 55.7918 7.17385 29.9053 7.80788 4.35389 21.5919 9.11097 26.9022 2.99361 7.18412e-07 137.122
-65.8293 6.54881 19.4149 45.2509 18.2461 13.1808 11.4104 52.9763 160.93 26.6447 11.2406 29.568 59.739 8.47555 0.686239 56.9796 21.8677 8.00756 115.109 50.8928 1.95328 41.6809 3.43451 5.16334 11.8857 10.9736 32.7506 25.681 9.15973e-06 137.891
-67.8229 7.12913 18.497 45.2509 17.4991 17.232 13.2128 52.9763 162.593 22.2586 5.96161 29.568 62.6172 8.53316 3.45881 50.3402 25.4167 30.4047 94.6392 41.1704 2.76033 25.0727 9.36945 14.8937 16.4793 43.2324 6.24972 19.024 1.3497e-05 136.182
-69.2549 7.12913 16.5885 48.0412 18.6666 13.2325 3.76127 54.1517 166.848 16.0469 17.0329 39.2617 60.2526 6.05074 3.79805 43.0844 15.8332 71.6002 52.3107 50.5433 13.5611 12.8721 6.55102 22.3675 9.94497 39.3282 1.80666 12.2011 6.2719e-05 142.387
-66.0274 7.12913 15.9324 48.0412 21.4468 12.3285 4.48305 55.0965 166.848 16.5686 16.2368 40.3097 44.9787 16.8775 9.75665 45.9356 13.8822 81.8345 35.9205 70.8519 2.12319 9.45591 8.39084 4.55972 3.25195 81.0222 11.9694 2.9989 3.79551e-05 142.212
-65.1106 4.1834 18.981 49.0467 23.077 8.36394 6.97553 55.0965 164.11 34.867 17.7209 40.3256 32.2923 20.0484 13.6033 24.2952 69.8007 89.2637 22.6145 18.8595 2.8926 7.69727 5.89152 4.55972 22.6839 41.9436 24.1506 3.16724 0.000204912 135.991
-65.6381 4.1834 20.9473 47.9347 23.077 8.8917 7.46887 58.2733 164.11 35.0634 17.7209 39.0842 26.3274 18.5829 14.4903 27.5684 66.9705 71.1248 22.1471 24.3888 22.8865 16.9509 2.18128 19.0387 4.80943 31.0924 21.4333 11.0879 0.000219319 137.834
-66.4781 4.1834 18.4562 47.9347 23.077 12.7972 7.46887 58.2456 164.11 35.2866 17.4015 40.3975 26.3566 9.53027 14.4903 35.0712 52.1002 63.6963 22.1471 48.4589 23.8371 19.4307 0.514757 10.7999 7.21732 25.3523 22.9047 53.7047 0.000428496 139.545
-65.0185 4.1834 19.8379 47.9347 23.077 17.9343 5.18292 58.2456 153.49 31.8534 29.108 41.6364 26.544 3.91626 26.3914 28.241 40.1303 68.829 30.9385 35.5696 29.3714 19.103 3.27164 24.065 14.8744 21.5717 12.9959 15.0194 0.000278185 139.507
-64.6789 4.1834 19.2044 47.9347 35.6464 7.76475 5.18292 57.8575 153.49 35.075 29.4043 39.7303 15.5582 8.25882 34.3592 22.916 40.1303 76.1522 42.9144 33.9203 13.9845 25.2585 0.716372 21.4201 15.8945 6.30692 30.7687 21.3088 0.000652448 140.233
-66.5597 5.20629 19.1169 47.9347 25.5984 7.76475 5.18292 57.8575 153.49 47.5106 19.6348 52.2131 18.9863 10.2535 27.0942 32.7764 39.9151 53.208 56.6693 25.3388 14.567 11.0504 18.7807 6.70601 21.1912 13.8073 28.8292 31.553 0.00157005 138.535
-66.6091 5.20629 19.0732 47.1149 22.3493 11.6906 5.18292 59.2539 157.673 35.2661 8.65958 60.147 23.8732 8.18203 26.1634 30.621 39.9151 53.208 61.2537 26.0299 16.4237 22.9374 5.99048 8.90765 27.1854 14.9996 30.9677 16.9055 3.92135e-06 133.397
-67.2385 5.20629 18.0476 47.1149 22.3493 11.6906 5.18292 60.1071 158.128 34.7537 13.556 62.2661 16.9282 2.72584 31.751 23.2309 39.9151 62.2139 53.0583 39.2695 9.37317 15.9179 21.3353 8.88937 2.69939 29.9652 30.9677 13.299 3.92135e-06 133.696
-66.7972 5.03172 19.2035 47.1149 20.2132 3.3697 5.18292 37.0752 193.507 36.9511 10.9546 56.3665 20.9125 1.29697 32.1653 34.1546 18.7663 114.948 20.4794 40.4083 13.0195 10.894 35.381 6.54219 14.1079 3.00873 30.1095 14.2782 0.000122594 146.571
-66.575 5.03172 20.0087 47.1149 20.2132 11.0898 5.18292 37.0752 193.507 45.4515 2.64583 45.0575 19.4022 18.452 35.6223 17.5323 14.3652 114.948 12.5516 40.9701 3.09262 25.7904 11.8358 6.36601 5.50633 21.5291 18.98 47.2543 0.000124175 143.052
-67.5107 5.31018 20.0087 47.1149 20.2132 11.0898 3.34418 30.9532 193.507 59.3144 2.64583 41.4316 19.6261 12.9267 38.6844 13.4542 14.3652 116.58 12.25 35.4924 9.67522 37.6507 7.81321 20.9275 5.20625 11.3946 20.5311 42.3317 0.000921195 145.191
-67.0127 5.31018 19.6209 47.1149 16.1976 15.878 3.1969 31.2027 193.999 41.7267 10.6595 39.9063 22.2298 24.2816 28.1839 18.1657 22.535 103.61 19.2244 45.4506 12.8354 38.8623 1.16829 7.4027 19.8834 9.25462 43.5162 21.1091 7.8033e-06 138.831
-69.0155 2.72753 19.6209 47.1149 18.4813 17.3781 3.1969 31.2027 193.999 30.8394 29.7986 39.3847 18.3583 38.0529 6.60797 17.6027 15.2723 89.5065 30.4968 48.2459 16.3686 45.2828 12.5686 10.0691 1.34584 10.179 12.7597 38.0184 7.8033e-06 143.157
-67.3585 2.72753 22.6026 47.1149 16.8426 15.9924 3.1969 31.2027 193.999 23.3463 32.0477 31.937 20.5831 47.2161 6.60797 19.1899 20.8219 95.1007 26.2243 53.691 10.7998 25.8118 4.53439 8.0007 26.5855 11.0969 26.0863 36.3543 1.32285e-05 136.15
-66.9411 3.77657 19.3149 48.1284 13.5411 18.949 3.1969 31.2027 197.411 25.2882 8.8232 41.889 32.186 49.446 9.07512 20.3483 25.1507 97.9357 36.422 27.8559 10.0864 13.6573 13.8168 3.84119 7.15644 20.7633 42.4302 31.9517 0.00227035 139.547
-66.874 5.17229 19.3149 48.1284 13.7505 18.949 3.1969 21.9842 205.443 29.1864 4.14637 40.712 30.189 49.446 10.9348 12.894 26.0952 97.9357 34.2615 24.3721 18.8085 9.46139 9.65582 13.2382 4.51197 27.5001 41.5815 12.664 2.89527e-05 136.522
-67.2073 5.17229 17.9464 48.1284 13.8904 19.1037 2.35615 21.9842 205.443 29.3975 4.0952 45.5125 33.5297 40.3561 19.022 8.5999 39.6644 94.7739 32.9185 19.2268 15.7664 12.5506 8.36555 29.4535 12.8799 16.0271 26.0019 33.3946 0.000428173 136.864
-64.6851 4.75487 19.4441 48.3997 9.61821 23.4753 2.35615 21.523 205.443 7.20322 9.7263 60.8743 37.0467 38.8486 23.211 5.24738 48.9261 97.089 31.9392 1.03406 16.1517 1.48049 9.49441 27.2519 13.5255 10.6034 46.0894 35.0101 0.000797856 141.924
-65.6087 4.75487 18.2685 48.1973 9.93536 23.4753 2.72126 17.294 205.443 11.1171 0.797852 80.363 26.6007 38.7831 18.7796 8.81748 40.6905 85.9044 48.7074 7.8198 23.5193 45.1047 9.19668 2.87261 4.19092 0.959154 24.9001 64.3806 0.000814719 142.73
-67.1268 4.75487 18.8144 48.1973 8.50901 23.4753 2.72126 17.294 205.443 5.82217 0.222526 70.3911 37.1117 44.2813 35.9296 5.92764 29.3297 38.4315 47.6382 57.9033 6.2034 47.0193 5.85748 4.53106 9.08074 39.8842 18.6607 6.80713 1.10158e-05 142.205
-66.8341 4.75487 18.8144 48.1973 9.77187 23.4753 2.72126 16.0535 205.443 5.82217 2.6301 78.9894 32.2443 29.3804 32.1357 3.79845 35.2358 33.6749 58.3842 67.3709 7.68441 22.8758 5.84888 8.10226 10.9518 42.7957 17.8249 10.6271 1.10158e-05 138.078
-63.8144 4.75487 17.2466 49.3646 9.77187 23.4753 2.72126 16.0535 205.443 3.60261 5.25582 80.6484 36.6665 29.3804 24.3142 5.30588 25.7631 35.8552 52.5801 69.7529 24.1095 11.2043 3.71195 20.342 17.0352 37.4607 14.6058 13.7037 0.000493124 140.07
-63.8561 5.15636 17.0982 48.616 11.2268 23.4753 2.72126 16.0535 203.745 3.60261 6.97749 78.6675 30.6797 27.6233 25.0533 11.8126 22.1582 39.5753 63.8603 66.3693 10.9833 10.5217 2.06704 10.8107 21.5912 30.6803 20.9385 20.829 0.00283023 144.23
-66.5267 6.8135 10.3333 55.8633 8.11371 25.2943 2.72126 14.5819 202.825 3.99059 6.97749 80.7753 28.8588 51.1854 6.20751 12.5117 7.61758 63.6189 68.2239 45.1365 17.5769 5.51166 5.92862 17.823 29.3753 39.7654 0.1292 24.5394 0.000764264 143.292
-68.4396 8.25931 10.3333 54.6719 10.5943 22.384 2.72126 14.5819 202.825 9.43127 6.97749 82.2125 21.5628 61.498 6.20751 10.8773 13.4795 72.4743 46.2978 48.5553 15.2431 6.39305 19.2248 7.08726 16.5201 47.7145 14.8197 15.2128 0.000344485 143.809
-65.0022 8.25931 10.3333 54.6719 10.5943 20.6751 2.72126 16.6513 202.825 9.26284 6.97749 82.2125 22.5307 61.498 4.1755 8.56232 9.73222 69.0056 49.6767 54.7742 18.9264 3.08388 20.1686 5.11986 13.7914 49.5107 1.57207 17.596 2.8157e-05 138.774
-63.6419 7.73557 10.3333 54.6719 14.239 20.6751 2.72126 16.6513 202.825 7.5783 6.97749 85.6842 12.1336 48.8444 13.0302 12.8621 44.8231 79.729 46.066 10.0264 22.9955 12.3486 63.6966 15.4849 15.2438 1.28377 6.61224 8.53885 1.3958e-06 142.016
-64.6754 6.39429 9.66593 54.6719 13.6972 20.6751 2.72126 16.6513 202.825 3.17809 7.14239 85.6842 18.9912 63.7977 8.55502 14.734 48.8977 111.399 9.47439 10.0264 12.6574 2.51023 59.9225 10.7342 12.6351 18.7869 2.20364 16.2153 1.23979e-05 141.864
-61.8905 8.58341 9.66593 54.6719 16.1598 18.6045 2.72126 16.6513 202.825 3.17809 7.14239 78.2379 11.37 75.8315 1.15191 15.3635 53.1029 112.024 9.47439 6.07728 14.7101 9.44067 59.9225 4.10115 12.6351 18.7869 2.20364 30.4254 1.40564e-05 147.951
-67.0666 7.68376 8.58979 54.6719 15.591 18.7685 4.90677 16.6513 204.04 3.17809 1.32234 78.2379 16.8071 79.3892 5.1532 6.25578 58.017 92.9068 9.47439 21.4311 16.3843 13.7724 59.9225 18.6628 7.08144 1.09967 4.5588 33.6589 2.84572e-06 143.252
-65.7425 8.1172 11.8484 49.1076 17.1055 18.7685 13.5175 14.817 204.04 0.599575 1.82236 78.2379 16.1816 83.7814 0.977029 2.32586 71.5421 88.5796 5.2424 23.2312 20.81 8.55189 34.9384 14.0668 6.69095 5.42955 12.3234 24.9177 2.84572e-06 143.688
-65.5951 7.25788 15.3852 49.1076 22.6506 8.93595 13.5175 14.817 204.04 19.8712 0.135378 78.2379 15.0988 64.1635 4.08554 2.26901 59.5442 54.4648 5.2424 58.6897 16.8134 17.3196 36.5508 15.8496 9.90119 12.1726 12.8531 29.5281 2.84572e-06 138.865
-66.4739 6.17262 16.4542 49.9249 20.8697 9.20609 13.5175 14.817 204.04 2.70831 0.135378 95.4291 13.3478 64.1635 3.16155 5.73861 60.3909 49.8635 12.643 62.413 12.9159 49.5321 21.744 8.24755 11.5885 5.44803 13.3167 2.57576 2.84572e-06 139.385
-66.3936 6.17262 16.4542 50.0679 23.493 7.60688 13.5175 14.817 204.04 2.70831 0.135378 95.4291 11.7654 64.1635 7.43994 3.62662 60.3909 52.3306 18.2848 58.7761 11.093 41.8554 29.4662 2.51569 2.81186 2.87972 23.0745 17.6469 2.84572e-06 138.043
-64.0427 6.17262 16.554 50.0679 22.6509 8.65278 13.5175 14.817 204.04 2.70831 0.135378 95.4291 2.22812 64.1635 2.82016 8.66428 64.6791 43.1617 61.7836 29.5736 7.09223 24.1885 18.2875 37.8756 0.613511 0.878078 25.5327 9.26591 2.84572e-06 141.409
-67.0687 7.02889 15.2651 50.4463 22.6509 8.65278 13.5175 17.4544 204.04 3.97269 1.53118 95.4291 0.478281 64.1635 12.6652 4.52808 56.4018 47.9372 53.3423 25.1336 4.97434 11.6607 22.116 17.6771 1.84803 7.4044 43.4148 26.7022 2.84572e-06 139.861
-65.3813 7.02889 15.8944 48.9614 22.6509 9.46955 13.5175 17.4544 192.87 10.1798 1.53118 95.4291 2.58023 63.2325 16.33 3.16313 48.0538 54.2362 40.5172 43.5892 11.1861 11.9613 16.5818 22.4501 4.50342 50.5988 10.7956 16.0941 2.84572e-06 139.352
-66.5849 8.71305 13.5827 48.9614 25.0934 8.64631 13.5175 17.4544 192.87 7.89771 5.09369 95.4291 2.69285 59.6339 26.6114 2.56333 43.6884 34.3357 37.0724 50.998 23.0794 33.2439 19.3577 29.8168 3.69034 21.2457 4.11797 44.4094 0.000422183 145.602
-65.36 9.18884 12.2793 48.9614 30.6068 1.18923 17.1475 17.4544 189.283 5.05775 5.09369 95.4291 13.9572 43.5026 28.7602 10.5625 47.8836 50.3369 39.4161 43.5723 14.5533 21.9998 12.127 38.1091 9.84574 15.0616 0.650599 25.8553 0.000448718 141.478
-66.5188 10.4353 12.2102 48.9614 16.8967 14.2118 17.1475 17.672 189.283 2.96709 5.09369 95.4291 16.6105 42.5673 28.7602 12.3734 39.0053 50.3369 41.2909 21.6366 47.2869 53.3621 9.97986 10.1331 12.1886 12.9578 5.11688 2.10017 0.00206871 141.514
-67.4427 10.4594 12.2102 48.7785 16.8967 14.3174 17.1475 16.8162 189.283 3.59793 7.90623 95.4291 19.8065 43.8413 5.28773 9.59738 63.447 44.8801 36.9276 45.0308 25.216 44.4736 1.52073 4.73964 4.4306 38.0181 12.4578 8.93901 0.000729058 141.034
-63.8941 10.4626 11.5452 48.7785 16.8967 16.16 17.1475 16.8162 189.283 3.0589 7.90623 95.4291 11.8822 46.8687 4.11966 18.9224 60.2449 39.8348 36.9276 46.8465 36.164 29.6251 5.51025 11.7321 14.1669 10.7012 20.7174 10.0531 0.0022889 141.795
-65.3194 10.5371 12.1546 48.7785 18.7546 14.4486 17.1475 16.8162 197.372 9.38746 7.90623 85.0304 12.1396 47.2876 5.72764 16.3833 45.1324 71.6472 25.2354 34.3669 24.9584 18.4458 25.1268 10.5229 13.1781 10.2354 22.9919 22.1105 0.0123413 141.124
-65.3478 10.5371 13.2524 48.7302 18.3138 13.8627 14.6465 13.894 197.372 9.38746 7.90623 83.9531 10.6067 51.2857 6.87799 12.9606 49.1261 72.7439 25.2354 35.6281 38.2032 10.1765 14.1172 5.89434 22.1879 5.04997 29.3202 14.9116 0.00490712 143.05
-65.3534 10.7586 13.0373 48.7302 17.2987 12.5566 14.6465 44.1497 172.547 7.73454 9.16408 83.9531 10.6067 47.7993 16.1818 21.0388 42.3603 32.4523 25.2354 52.2202 36.0504 16.9636 15.4775 11.5466 25.0265 22.6603 9.70459 10.8982 0.00976718 143.784
-65.336 10.7586 12.9866 49.3397 16.7521 13.7555 14.6465 44.1497 172.547 8.37794 9.82722 84.1741 10.6067 31.8017 14.6981 27.1132 39.9662 33.6391 11.548 68.1729 43.7167 10.2998 3.4295 7.21477 33.9747 56.995 1.43572 13.1588 0.00391562 142.823
-65.3394 9.0624 12.709 49.2959 17.6717 15.8188 14.6465 44.1497 172.547 10.4246 9.53081 84.1741 10.6067 37.8112 7.00079 23.5833 17.6148 53.4901 22.1928 68.1729 54.0865 9.66148 4.96646 5.32557 34.2407 8.84389 16.2797 57.3559 4.12362e-05 136.347
-65.3363 9.38106 12.8417 49.2959 15.0683 16.2993 14.6465 44.1497 172.547 10.1649 15.41 84.1741 8.2814 37.8112 7.00079 21.3868 22.3684 50.1727 18.9544 68.1515 53.3615 10.1958 3.04356 3.28841 34.0717 14.3239 31.1563 21.3064 0.00986551 141.588
-65.3606 10.7023 10.7694 49.2959 20.1887 12.4093 14.6465 44.1497 174.308 5.11151 14.1809 84.1741 11.4795 37.5249 4.89938 19.7958 21.6456 38.4667 18.9544 93.5752 27.0885 4.88093 3.29498 7.77164 42.6494 17.3608 26.5365 45.0123 0.00127634 140.685
-65.432 10.7023 10.7694 49.2959 20.1887 12.4093 14.6465 44.1497 174.308 5.2554 10.3359 72.01 11.4795 45.586 4.89938 27.6472 21.6456 33.6174 30.4522 85.6478 37.6404 15.4819 2.15165 10.6979 6.37931 31.604 20.8528 53.6428 0.00215992 142.082
-66.9718 10.7023 11.5775 50.6613 18.5668 10.9192 20.3731 45.4972 171.663 4.00119 9.01289 76.0283 13.9738 45.586 8.98863 24.786 35.2289 24.7223 22.2989 85.6478 33.9981 22.7752 8.5101 3.87819 21.9996 25.3217 15.3283 30.9365 0.00194972 137.812
-64.9252 10.7023 11.5775 51.1697 18.6531 10.7438 20.3731 45.4972 171.663 9.9119 8.81631 76.0283 13.9738 45.586 10.2266 5.65971 35.2289 33.0006 18.9928 98.8588 20.1181 9.3653 7.19979 13.8599 23.9604 33.7195 20.416 18.63 0.000474425 138.676
-66.436 10.7023 10.3434 51.1697 20.7376 10.7438 15.0769 44.6967 171.663 10.3487 7.21043 71.5031 18.1338 46.9607 34.0899 5.65971 8.5964 34.4108 18.7302 120.131 8.59376 16.4312 7.05254 37.5361 4.76662 31.2414 15.6662 9.19802 0.00337302 139.893
-66.4931 7.78021 12.98 53.0432 16.4531 12.6774 17.5782 50.8698 166.959 10.3487 11.7591 75.1193 8.49176 46.7916 27.862 4.46984 8.5964 20.1306 39.03 133.44 6.86599 9.21864 0.944775 25.6807 18.3448 31.3363 11.3278 14.793 0.00125306 143.683
-66.7192 4.36846 10.2951 57.4973 17.2508 14.6718 17.5782 51.1399 165.786 10.3487 6.47624 72.4741 8.96066 48.1565 26.501 10.1943 4.42045 8.61446 46.1571 133.322 17.4681 14.7009 4.05859 25.3965 20.2338 23.2425 13.389 17.6801 0.000146844 140.586
-65.5301 5.38516 10.2951 57.4973 14.7149 15.2994 17.5782 47.5404 165.673 26.5697 15.9687 69.8128 1.27653 48.1565 16.5185 7.92659 4.42045 12.0778 36.5955 133.322 23.1042 0.910543 3.48908 20.1865 41.1461 22.38 4.9109 32.4657 0.000146844 139.684
-64.2552 4.69779 10.4662 57.4973 24.4363 14.8321 17.5782 34.7974 165.673 54.1305 1.69813 56.7267 1.27653 47.8612 19.5057 0.903272 4.42045 24.5461 18.9063 133.322 26.9796 13.5172 4.96222 17.3572 53.8042 14.2453 2.76432 2.7861 2.14992e-05 142.749
-66.727 9.10515 11.9921 50.5134 24.4363 5.77798 19.765 35.9483 165.673 42.5766 11.2055 64.6262 1.27653 47.2863 23.4127 6.89165 4.42045 11.0596 21.5401 135.455 32.9912 15.8519 13.3574 20.7913 44.0036 9.70797 3.52541 0.736052 2.14992e-05 136.728
-67.0197 8.81289 11.9921 50.5134 24.7594 5.77798 19.765 35.0874 167.219 44.374 10.1482 66.5089 5.34842 49.6418 14.1386 4.4893 4.42045 20.7027 12.8328 135.455 32.6644 3.39025 16.5484 15.2003 61.6089 5.17263 8.68374 9.28602 2.14992e-05 139.448
-65.4924 6.16895 15.9466 50.5134 24.1108 7.74054 19.765 42.145 157.332 45.4888 28.9617 53.7438 3.31353 35.8152 23.9499 2.72035 4.42045 27.3334 3.64088 137.503 30.9066 1.80203 17.9151 14.4765 25.9008 13.4958 32.9108 11.4827 2.14992e-05 136.687
-66.5576 6.16895 14.9914 50.5134 25.7777 7.74054 14.9997 45.4608 157.332 45.4888 28.841 53.7438 3.31353 35.9695 22.0293 9.20317 4.42045 25.3141 2.56528 143.77 26.5445 12.7693 21.3278 9.96421 20.9596 11.712 32.9108 22.796 2.14992e-05 138.492
-68.0453 3.81446 13.2695 52.9989 29.0158 7.13822 14.9997 45.4608 157.332 31.7126 48.5814 29.1466 18.2017 43.3266 19.8577 6.76931 4.42045 23.9719 10.1222 148.246 19.6872 6.99226 26.5924 2.75042 20.9596 18.6764 22.1248 17.2973 0.00212393 145.978
-65.9777 5.20445 13.2695 52.9989 29.0158 12.0648 14.6964 45.5265 154.587 40.0188 45.6365 22.1808 15.5308 23.5879 39.8127 7.29326 7.39165 19.1794 20.2025 141.295 10.946 17.0347 25.4608 15.6556 20.11 12.4994 15.4851 2.81407 0.00166784 143.36
-63.6003 6.52385 13.9637 52.8915 16.1994 13.698 14.6964 44.6168 163.406 45.4013 50.0844 17.2571 15.5308 23.8205 11.01 26.6109 89.644 4.09545 18.6366 84.5102 6.47907 7.53652 15.4036 16.7544 48.3854 14.1244 11.8826 9.56563 0.00428095 142.744
-66.0659 8.5234 9.86938 52.8915 21.0408 20.0461 14.6964 44.6168 163.406 48.4982 55.8334 5.99705 15.5308 21.2438 3.37376 32.5547 95.3592 2.44206 19.1178 84.5102 5.95378 3.06809 14.0555 26.944 38.8643 2.94471 16.8549 6.85472 0.00167428 148.385
-67.1025 8.5234 9.86938 52.8915 22.3151 10.6162 14.6964 49.9013 163.406 52.2414 55.8334 2.20779 15.0688 17.665 13.4468 32.5547 96.4785 18.2061 17.4589 53.2463 1.43549 15.2845 25.9782 49.8248 24.1267 13.1126 11.9684 11.8345 0.00139903 144.102
-65.2556 8.55081 9.86938 52.8915 21.4326 11.6141 14.6964 45.0552 163.406 51.0975 55.8334 1.98162 17.4419 21.8066 8.13235 30.934 108.652 9.13916 18.5544 60.3146 11.0246 29.8971 9.9034 15.9836 24.2998 8.75082 4.31135 30.233 5.95175e-05 137.687
-70.4377 8.55081 9.86938 55.4381 19.2535 11.6141 14.6964 46.4015 163.406 53.2077 50.9504 2.2881 10.5848 31.9199 7.37155 34.5225 113.314 13.1294 9.56028 60.3146 3.82791 37.7085 32.0184 14.5679 7.91513 6.61783 3.54796 29.924 0.000132203 142.32
-64.8106 8.55081 9.33704 55.4381 22.0394 10.0857 11.7133 50.1762 168.143 40.7504 50.9504 9.98946 13.342 16.7924 8.30439 40.4459 113.314 10.1722 18.9358 44.1244 14.2946 39.9579 36.6742 9.45129 4.34076 3.99223 12.874 24.4309 0.000132203 135.91
-65.2432 8.55081 10.7207 55.4381 17.6994 11.2403 11.7133 47.1688 168.143 41.449 51.5019 9.98946 19.4628 17.45 1.15076 40.4459 113.314 10.1722 22.8383 40.4073 17.1927 10.8401 30.8053 14.5497 27.8811 2.42625 28.9557 11.4803 0.00019644 140.313
-67.7564 4.69815 8.57528 59.0745 20.7988 9.44271 19.0756 45.0378 159.938 38.6861 56.4874 16.7888 14.7955 2.67218 17.1364 47.6462 91.9458 1.42586 44.5956 47.7308 19.5783 18.3001 8.33839 8.15393 53.6531 13.486 16.6872 5.14382 0.00019644 142.929
-66.1234 5.30844 8.57528 59.0745 22.8804 7.79832 17.7623 45.9682 159.938 50.1226 51.5176 15.3452 17.6573 2.67218 10.1756 46.1926 90.8546 7.53487 22.8895 46.5347 34.8973 14.0968 4.75025 2.4121 51.6943 20.5626 13.2317 21.88 0.00019644 138.908
-65.2175 5.30844 8.57528 59.9981 21.308 7.79832 17.7623 49.9391 159.938 41.597 39.1648 14.2504 26.09 2.37073 16.0056 45.176 97.6953 6.818 31.1956 49.4579 17.4904 10.1875 38.2102 22.6082 14.4752 21.5485 5.22277 4.3044 0.00019644 135.537
-66.2113 5.30844 7.60639 59.9981 22.9578 7.79832 17.7623 49.9391 159.938 41.597 33.0863 15.3176 34.8973 4.95409 14.4928 38.8812 97.6953 27.6158 10.5036 46.8419 21.9218 5.542 56.9851 7.31741 1.27356 30.0228 13.9386 4.48318 0.000875833 137.593
-66.7888 6.32345 7.60639 60.185 22.5723 15.8814 17.7623 49.9391 153.724 51.5449 22.0843 23.3284 28.6054 10.6954 10.2553 43.4113 97.6953 27.0997 2.77846 42.5484 31.0654 2.13634 45.4436 9.70854 10.9273 20.9417 18.9149 22.2522 0.000584997 142.565
-63.9599 12.4788 0.767755 60.185 15.9046 14.2067 17.7623 70.3605 143.005 34.9227 32.3137 25.2166 32.1061 15.1563 4.4343 43.4113 75.2907 35.3906 7.19786 42.6491 47.3756 4.31116 17.2161 10.325 8.28542 16.3259 30.52 23.5807 0.00167535 138.879
-66.4523 12.4788 0.767755 60.185 14.3925 14.2067 17.7623 69.2035 143.005 43.7912 32.8482 20.3876 21.652 14.8594 6.30004 53.5538 75.6007 27.88 26.5361 37.4187 35.8378 0.9429 24.2179 9.90433 20.9233 14.3259 16.5075 8.5286 0.0032296 142.53
-65.0221 13.2532 0.767755 59.6023 15.0767 14.2067 17.7623 66.3142 143.005 46.8547 33.8003 21.7713 22.0941 4.95065 9.32851 53.5538 65.2904 15.8015 44.372 36.2787 41.9838 23.6803 22.1893 9.90433 9.70768 17.2387 20.5461 6.97924 0.00139816 136.302
-63.3288 12.6502 0.767755 59.2793 15.0578 14.5169 20.7119 69.552 143.005 45.4963 22.455 37.3717 20.8116 1.48539 7.53083 53.5538 49.1039 20.5666 60.0086 34.2711 36.9443 19.6495 10.6289 21.6584 2.43102 14.1344 38.4301 3.92352 0.00374293 141.671
-66.8598 2.61507 13.854 57.1516 15.0578 14.5169 20.7119 63.1553 143.005 34.3206 16.024 42.5018 33.4453 3.43896 6.29952 59.2599 31.2967 34.7493 68.5833 30.6683 36.9443 13.0502 1.05806 31.6681 13.1683 5.22476 27.8125 12.2947 0.00255965 140.283
-66.2203 0.743945 14.7177 57.1516 17.6582 14.5169 20.004 55.5809 151.878 41.2125 8.19303 42.5018 37.0367 3.43896 1.02626 49.0967 36.8854 50.5068 68.2421 38.1882 23.9168 15.0552 10.5022 20.5161 28.8068 4.19534 19.6911 11.7124 0.000677776 138.674
-64.4557 2.35527 12.1879 57.1516 17.9154 14.5169 21.3281 56.3665 151.878 42.2706 8.19303 39.7772 35.5405 8.52802 1.02626 49.3899 32.0351 66.7219 43.6908 28.0645 37.2799 27.3344 12.8028 9.87801 32.6761 5.9046 21.4589 7.40891 0.000519985 139.122
-65.5648 2.35527 12.3392 57.1516 16.6934 14.5169 24.3477 56.3665 149.361 35.2661 8.66436 39.7772 35.9181 14.1386 3.72691 46.6417 33.664 71.7608 48.5835 10.9269 38.6895 7.17559 16.1534 4.8839 22.8645 33.6271 24.9593 5.95121 0.00143238 137.866
-66.1713 2.90732 13.4075 56.6593 15.4495 13.3147 24.3477 54.9591 149.361 41.2295 3.40707 34.1477 39.9219 23.1288 0.115017 42.0229 31.6094 78.9616 66.5374 9.39392 27.278 17.6654 15.0842 11.0012 24.6097 18.189 22.2508 12.3307 0.000140883 138.611
-65.5799 2.90732 12.4541 56.6593 15.4495 15.6653 24.3477 54.9591 149.361 42.4068 3.40707 32.3932 39.784 20.6428 10.3527 35.6297 27.038 66.9135 72.4489 7.38816 34.9598 37.6373 18.8787 11.0012 12.3981 5.79741 23.7279 7.59209 8.91695e-05 134.601
-64.4438 2.90732 11.704 57.4137 15.4495 15.6653 6.98609 65.5793 149.361 21.6947 16.0353 47.952 37.3578 19.2863 2.6093 42.8734 37.5604 58.0408 64.1955 13.9831 42.0481 41.3877 6.14481 9.05705 19.6493 3.04888 18.9048 9.74894 1.61461e-05 135.351
-64.7267 2.90732 12.2124 57.4137 14.831 17.2933 15.8661 66.1075 149.361 24.3665 16.0353 48.0071 20.047 16.9805 9.15521 54.4787 7.955 56.3759 47.117 34.0307 65.7161 65.534 6.84008 1.90663 15.5474 0.441759 3.82033 9.44774 1.61461e-05 137.511
-65.6219 2.90732 11.9276 56.9536 13.6784 18.9456 12.5047 66.1063 150.378 30.8644 8.76742 57.3512 22.6849 14.7714 9.15521 54.4787 8.41043 75.511 33.2233 18.5848 68.907 41.1767 10.3915 4.19249 8.60245 5.25731 19.3499 10.0794 0.00030384 139.301
-64.8538 4.0023 11.9276 56.9536 11.4254 18.6856 15.9127 66.3003 150.378 26.9072 54.5273 14.0585 27.9688 19.4431 5.72607 45.8165 14.1406 51.3939 33.3705 31.2467 73.9659 40.4296 16.2758 7.504 2.4684 16.3417 11.2072 9.33984 0.000293733 136.076
-64.6513 2.70997 10.1194 57.2124 9.65267 23.0871 15.565 66.3003 150.378 28.1393 53.5338 14.0585 27.3263 8.37452 3.37719 44.2708 13.6621 44.8154 33.3705 50.8437 71.1544 29.3312 15.5027 7.04962 5.68979 10.1811 22.6341 35.2624 0.000221731 140.799
-65.4385 5.15701 10.1194 57.2124 8.03327 22.6807 11.1045 73.464 150.378 14.4531 60.938 14.0585 24.1586 9.02755 14.974 47.855 30.3195 31.809 33.3705 48.5645 71.0007 62.6622 13.243 11.6053 3.04127 11.5747 1.75994 18.123 9.34628e-06 138.496
-68.4004 5.15701 10.6067 57.2124 8.86077 22.2668 11.1045 74.7551 150.378 19.8027 58.5101 18.0409 24.7564 11.2551 3.05185 54.8326 25.6462 31.8755 40.3242 42.4315 70.6733 28.4119 12.65 0.565117 0.559343 12.5161 30.5648 22.557 9.34628e-06 140.708
-66.8075 5.15701 12.8421 57.2124 9.9697 19.9948 6.56951 63.913 159.244 30.0712 68.0526 3.07223 16.3721 10.9407 5.44997 46.7642 30.4667 18.4027 49.9492 41.7648 63.8072 16.2976 16.877 11.8631 15.7744 27.1632 11.4556 38.5737 0.00118611 144.278
-66.4987 5.15701 11.9248 57.2124 9.93035 20.158 6.56951 54.9534 159.244 27.5207 72.6159 17.7484 14.1956 10.3049 18.7838 28.008 24.3896 18.7326 49.9492 59.0936 62.0945 10.1781 16.2692 7.92958 19.8639 16.0509 16.6785 23.8521 0.00314496 139.793
-65.993 4.66156 11.9248 57.2124 9.93035 20.8374 6.56951 54.9534 159.244 31.6023 65.0521 18.826 22.1826 10.2637 24.6045 31.9118 26.2065 18.9438 27.7814 72.9879 55.87 15.1693 31.8113 7.4786 23.8761 7.63306 1.6148 23.1736 0.000535099 142.33
-66.8238 3.94341 11.3036 56.738 13.1024 19.5645 6.56951 61.2785 159.244 32.5642 53.5496 15.3673 18.1421 18.3962 15.9524 36.2121 35.9147 11.1579 48.6085 60.9274 58.5047 8.71328 28.7029 22.6515 9.10326 16.5575 10.7695 6.44361 0.00259528 137.995
-68.0788 2.40915 11.9212 56.738 15.8311 16.7853 6.56951 61.2785 159.244 34.4844 48.4707 26.2918 21.6319 10.238 20.3663 31.1126 31.5125 14.4332 45.8379 60.9274 43.7508 11.0185 15.0808 30.2861 8.91376 26.7704 8.58889 14.8493 0.0160203 145.946
-63.8595 2.93123 13.0676 56.738 18.0687 13.3463 4.55692 54.3897 159.244 38.0495 43.9659 36.8357 18.9602 13.9261 4.43895 38.9739 34.3604 14.9908 41.4701 61.286 54.7463 14.0146 0.991394 11.4864 21.2666 24.6667 9.98408 8.71659 0.022647 150.745
-65.6843 2.93123 12.5239 58.2712 26.5905 6.0638 4.55692 55.8198 159.244 41.8881 40.3655 37.8144 8.5165 20.7483 1.73327 48.7514 33.8101 10.4598 26.9729 122.097 9.01978 19.2414 3.49294 14.842 26.2972 12.6122 19.9101 25.2441 0.0166138 148.566
-63.5371 2.74294 11.4524 59.1138 24.633 6.98267 4.55692 55.8198 159.244 34.6404 30.3466 35.4471 22.8849 13.9497 13.5844 38.6517 26.0395 11.0739 30.2859 109.359 41.7417 33.9447 5.3707 14.4404 17.3241 12.7652 6.3505 44.105 0.00149059 144.459
-70.8132 2.94925 11.4524 59.1138 24.633 6.98267 7.99696 54.132 159.244 30.8551 33.9799 39.0056 20.6503 18.1591 16.394 38.8727 21.8884 11.5545 24.534 103.809 45.2554 6.64249 29.4795 12.8321 19.2679 10.7004 11.4934 26.396 0.000203872 141.284
-68.152 2.79991 12.1603 59.1138 14.1577 15.2235 7.99696 54.132 159.244 26.3675 31.4395 41.9945 24.19 24.5773 9.64092 39.4095 16.5609 17.7374 22.5912 97.8214 43.9481 3.98558 34.4985 10.0519 38.3804 13.3591 8.81227 9.67489 0.000166975 136.497
-66.0555 2.64342 11.7161 58.449 11.0517 19.5822 7.99696 56.1152 159.244 35.2117 7.93922 53.1582 26.2006 30.8261 3.22947 39.4095 17.1732 20.2216 17.105 101.539 48.8056 28.2703 18.0979 4.32129 10.2032 31.7296 4.73105 6.61917 6.47581e-06 136.082
-67.0667 2.64342 13.3043 57.2506 13.3034 18.0924 8.26141 60.5619 159.244 34.532 7.93922 47.2939 23.1784 35.1501 6.80225 30.833 6.14706 12.5626 20.5632 112.922 54.3302 23.6744 20.6245 7.18987 9.14494 40.9594 1.75294 11.189 6.47581e-06 135.24
-64.8103 1.91717 14.4301 57.2506 14.717 16.7124 8.26141 69.1083 159.244 31.9247 6.3901 45.7513 28.6344 18.6246 6.80225 38.1273 5.59555 16.1399 24.0669 114.061 62.0286 16.4003 19.8841 5.44274 3.99662 36.8294 4.48866 15.8513 6.47581e-06 139.638
-64.6962 11.2411 3.51755 57.2506 14.7316 16.806 8.26141 62.2452 159.244 34.8896 17.119 41.778 26.4556 17.6027 6.80225 43.3382 12.4911 5.87141 27.6892 118.909 39.3007 15.8627 24.4273 3.60578 6.26893 38.4571 6.12635 31.1192 3.76623e-06 134.817
-65.7163 11.929 3.51755 57.2506 17.8066 12.8523 15.1021 62.2452 159.244 19.8144 26.7084 44.0558 28.44 11.3989 12.681 46.4149 16.5524 12.1152 17.1323 103.836 51.1986 24.0546 34.6398 21.4272 0.0889383 22.8533 1.49237 2.59853 0.000367557 141.351
-64.0124 17.4316 7.02137 46.5614 17.8066 13.5201 15.1021 61.375 159.244 19.8144 22.3502 47.5897 21.1252 12.6758 12.191 41.4775 33.8635 21.741 17.1323 98.3819 38.805 10.0488 14.2945 27.3251 2.51013 6.88905 28.9838 8.48778 0.000367557 139.425
-64.4118 18.0039 7.76495 44.5227 15.7924 18.9155 15.1021 56.7439 160.399 16.009 43.9717 50.552 10.8574 6.97132 7.45429 45.174 42.0003 6.20174 15.454 105.199 32.1518 10.1756 21.4929 44.1271 0.858278 10.3541 19.5822 18.761 0.000367557 137.947
-65.3703 18.0039 7.3672 44.7587 15.7924 16.2546 15.1021 50.2302 160.399 27.9481 43.9717 53.1717 8.5374 9.80795 36.9067 5.01834 38.9489 0.911064 15.454 114.909 43.6155 17.1884 22.0524 33.3181 5.32657 12.7839 10.2348 9.66976 0.000285934 136.63
-67.0405 15.6149 9.95372 44.7587 18.4294 16.3386 11.9306 50.2302 160.399 27.9481 43.9717 53.8618 10.1686 5.63914 36.9067 5.01834 44.3723 0.911064 21.3746 111.306 35.4316 17.2372 27.2452 40.9783 5.47068 13.3285 7.92651 8.32591 0.000110927 139.166
-65.5883 16.6645 9.95372 44.5341 18.4294 15.5412 11.9306 44.7384 160.399 35.2404 45.1353 50.9574 6.36668 5.58063 37.8688 8.63507 48.8891 7.10392 21.3746 103.968 36.3623 12.192 7.27464 31.6511 15.6006 9.81019 12.6483 24.4048 0.000110927 138.386
-65.6862 16.4235 9.95372 44.5341 18.2033 16.2199 14.5955 36.1365 164.333 28.7994 45.1353 54.8035 12.3086 4.17106 44.7754 10.6571 77.8829 5.04397 21.825 72.3436 13.9535 3.44836 24.1414 36.0079 26.7348 13.4092 12.8979 19.5101 0.000110927 140.21
-66.0102 19.0292 7.10568 44.5341 13.1224 16.5383 65.4365 36.5356 128.672 25.9335 32.3114 52.0943 12.7754 2.90341 43.2514 22.3668 80.7892 0.746133 34.778 63.5938 10.0077 12.7725 18.8135 31.1559 22.5607 5.59021 5.68781 65.6762 6.38604e-05 140.049
-65.8137 17.7835 7.29921 44.838 13.1224 15.8615 61.8411 43.065 128.672 29.4755 32.0797 52.0943 11.7004 4.98104 21.6042 30.1834 84.3143 6.44982 34.778 59.6736 9.97841 41.4824 16.9568 21.3344 16.1426 6.18876 7.82284 19.1136 0.000197164 136.233
-65.2594 18.5809 5.73844 44.838 13.119 17.2245 61.8411 41.2536 128.672 31.8964 28.9475 47.4498 11.2451 10.6613 20.8833 42.6797 61.4743 6.14452 34.778 71.5213 30.1065 25.7396 10.2393 28.3171 4.50972 4.18237 13.3409 45.3014 0.000136493 136.98
-65.3159 16.0792 5.73844 46.6349 13.6142 18.0991 61.8411 36.3184 131.723 34.2264 29.1807 47.4498 6.2784 15.0181 16.7665 36.5984 65.148 28.1054 34.778 69.9564 4.28007 7.74116 5.34256 23.3451 3.16651 30.2283 12.5942 64.4816 5.0285e-05 141.276
-65.8052 18.823 5.5253 46.6349 9.11992 18.2863 61.8281 36.3184 131.723 31.6752 24.2221 56.4074 14.8861 18.5884 9.61726 36.4402 43.4618 28.2315 40.3469 73.882 9.71584 10.7072 1.35836 40.8688 27.0505 14.818 11.3739 25.5039 0.000744599 136.16
-66.4252 18.8158 5.5253 46.6349 14.6955 14.8652 55.5263 27.8681 142.004 31.6752 23.4258 65.8743 12.4976 16.0284 11.8577 40.066 40.2709 48.8015 22.8002 64.1123 7.11832 2.25427 4.99156 32.6419 44.0412 22.3836 11.3739 8.80797 0.00302301 142.175
-67.1495 17.3122 5.5253 49.2817 14.6955 14.8652 55.5263 18.1205 142.004 90.789 24.9881 7.61315 6.68577 32.5987 1.05785 39.0352 41.7074 58.7708 20.2698 62.3431 9.90152 9.6417 11.015 30.443 50.4312 11.6101 5.45864 15.5568 0.00154147 142.761
-66.2187 13.6583 8.9218 49.2817 14.6955 14.8652 55.5263 60.9065 99.2974 99.1049 13.4909 15.5184 5.95493 21.8791 9.4271 35.4774 44.246 57.6058 18.7019 67.924 22.2331 13.0704 0.313659 45.6464 15.6385 10.8681 10.7525 22.9923 0.00289755 140.156
-66.9585 13.6583 7.66589 49.2817 18.3896 15.586 55.5263 67.4997 99.2974 93.9658 9.75559 10.784 14.3641 25.3542 10.7924 38.1152 43.7336 57.6058 6.76871 58.5143 26.7152 18.9337 3.59048 50.158 14.5905 10.8732 5.69127 20.3573 0.00443031 145.075
-65.1856 10.3499 10.0544 49.2817 16.6665 15.5743 50.4876 78.8526 93.0453 101.306 3.05932 4.46265 15.1668 21.3626 11.8388 41.8501 60.8316 30.7215 6.76871 72.6284 37.0845 16.7577 7.305 48.0585 9.66223 10.8709 6.6331 7.90303 0.0141262 143.752
-63.0535 11.968 14.3023 44.895 21.5927 7.84603 50.4876 79.9345 92.0432 109.877 12.1247 8.16112 10.368 2.68273 10.8499 39.5962 62.7444 45.6198 6.76871 55.3561 34.3928 12.2481 5.22848 30.5287 41.5178 10.8898 4.37288 13.8062 0.00578517 142.373
-64.1605 12.6914 12.4127 44.895 21.1141 8.10942 50.4876 75.8294 98.9154 109.877 8.58926 8.29492 3.90767 18.8426 23.6733 33.3466 55.9741 46.2963 27.7929 49.5448 12.4643 4.03388 2.54078 31.1072 13.6639 10.6184 30.0671 53.3017 0.00111256 141.495
-65.1235 12.6914 13.2871 44.708 21.5681 9.21581 50.0457 73.6308 98.9154 109.877 8.58926 9.97296 5.74265 21.2055 26.6712 17.1775 54.329 76.2674 13.2245 49.5448 7.56186 21.3433 1.50478 41.2299 15.9957 11.4147 3.8042 34.7452 0.00212127 139.568
-66.5578 15.142 9.67806 46.5126 21.5744 9.21581 50.0457 75.4476 98.9154 109.877 8.58926 5.92836 5.74265 29.1986 20.1671 6.86842 66.1438 52.2965 10.6289 66.5281 9.00313 37.3456 7.08976 36.524 1.37164 15.7005 11.7022 16.5698 0.0154245 141.868
-67.2551 12.3672 11.8506 46.5126 21.5744 9.04251 50.0457 76.8702 91.8393 105.326 6.46547 15.2858 5.31272 7.8598 25.0273 29.1777 66.1438 56.6957 10.6289 66.5281 2.44549 30.8425 4.77888 20.9064 20.8583 15.1034 3.50946 33.7362 0.00550825 141.32
-66.1085 11.6028 13.6418 46.2021 21.5744 4.50146 66.5624 64.9634 91.8393 112.559 1.17648 17.3538 3.36531 16.418 21.4997 30.6437 53.1114 43.5405 19.5349 66.5281 2.69854 14.592 3.02354 49.7117 15.3439 12.2407 15.9965 4.29386 0.0055079 145.169
-64.2931 11.6028 13.34 44.8568 21.5744 7.37743 67.1485 66.615 84.9414 112.559 9.02341 13.0973 3.36531 9.77776 21.4929 25.705 61.5032 43.5165 20.306 66.5281 4.10102 14.7039 5.91502 33.2394 13.0121 31.9496 24.2417 4.3284 0.00574216 142.577
-66.5698 12.4522 11.3263 44.8568 23.1169 7.37743 68.7739 68.3537 84.9414 112.582 9.02341 18.5129 3.36531 1.15449 27.3262 29.5043 63.8334 43.0598 20.306 66.5281 6.22048 13.8744 11.8088 14.9864 8.3579 31.9496 19.9703 21.9043 0.0165109 145.583
-67.0846 12.4522 13.0205 44.8568 23.1169 7.37743 68.7739 67.8162 78.7328 112.89 9.02341 20.9874 4.14992 2.34907 28.8059 19.3587 53.1908 44.7957 20.306 60.2382 21.2569 24.2896 21.8 20.7264 9.3303 15.9507 16.9878 27.885 0.000875714 138.212
-67.8078 12.4522 12.8404 44.8568 23.1169 7.28328 68.7739 67.8162 78.7328 112.89 9.02341 21.3434 3.54783 11.7437 34.1013 13.5234 64.5056 26.6453 22.6716 66.5506 18.2272 15.9848 35.2841 16.1985 7.58306 2.08407 30.6804 13.8504 0.00160215 139.118
-67.1617 12.3933 11.9948 44.8568 18.0454 12.3844 68.7739 72.227 75.8021 112.89 9.02341 20.203 3.54783 11.7175 30.19 18.3104 65.3097 26.374 29.3396 45.6516 31.6172 38.5229 23.8104 25.8952 5.03504 4.01491 23.2823 15.2022 0.000371009 140.805
-62.2828 13.8198 11.1562 45.915 18.0843 11.108 68.7739 71.2325 79.9474 112.89 2.43098 20.4385 3.54783 9.68354 25.5642 18.7122 16.6362 44.0789 106.493 27.1497 10.3097 6.13035 27.7073 21.699 8.07517 3.95274 34.9449 12.9049 0.00130647 142.107
-66.5561 16.9877 6.14352 45.915 12.2385 18.4327 68.7739 67.0945 108.013 70.5198 16.5768 10.2132 10.986 19.1485 33.7186 10.9179 19.0426 29.2896 90.3453 34.6572 32.0864 9.69433 50.1549 12.1179 29.4945 2.51668 7.97286 23.6234 0.00450163 146.098
-65.3706 15.351 7.86902 45.915 11.9497 17.8309 55.5135 61.0538 108.013 70.5198 30.7872 22.0968 10.986 17.0742 33.7186 10.9179 21.1614 40.2389 73.7927 53.9495 23.543 13.7721 19.8556 21.6336 15.8637 19.7501 10.7921 10.2567 0.00588179 141.979
-65.6378 15.33 9.41083 44.7455 23.5699 14.3473 61.8448 52.527 108.013 68.2969 36.4872 9.10226 6.53111 12.4064 45.6079 1.67595 10.0978 52.2069 74.5889 49.427 32.3465 3.23077 2.02521 22.2125 14.6414 41.3864 5.38024 16.3894 0.015135 149.474
-66.5918 14.2043 10.625 44.6997 19.2544 12.3425 59.0456 52.527 108.013 79.8448 25.9669 16.0089 16.1245 5.69925 30.4099 27.4359 9.86669 66.5657 75.9227 13.2643 33.3625 10.513 31.5489 21.9926 14.0302 7.99672 16.945 2.38591 0.0135029 142.1
-66.0898 14.2043 10.3628 44.5984 14.9882 16.0336 59.0456 52.527 108.013 79.2823 30.4865 19.0567 0.710989 22.2859 29.1497 20.8513 14.9223 74.9689 70.459 21.6362 26.1645 9.62295 21.4592 20.4861 19.7586 7.85827 20.3544 14.0179 0.00728043 140.993
-63.2158 13.4414 10.0485 45.5106 14.6484 15.6537 59.0456 61.5959 108.013 82.2616 19.1927 13.5885 6.71987 10.538 34.3862 19.3356 15.1208 82.7183 80.8257 6.74315 13.1736 5.44266 39.8127 21.9109 17.8075 14.9023 8.20321 10.4757 0.00444308 142.891
-66.7057 12.3308 10.3251 48.1172 10.6263 21.5619 59.0456 54.6541 112.58 81.2805 5.47807 13.3263 16.7254 27.5443 32.9862 11.2662 14.7869 28.551 100.135 39.4809 11.6021 4.19842 61.7905 24.58 13.1687 4.33306 2.11063 16.8883 0.00106698 142.456
-70.9815 12.3308 8.97142 50.5448 16.9897 9.07442 67.9869 51.5081 112.58 80.055 1.40747 22.69 18.2938 28.6105 30.6013 12.0943 22.6926 25.5608 91.5259 49.6228 10.0683 2.74148 35.5781 33.3232 42.5222 3.17666 2.07695 6.08884 0.00421755 149.998
-66.918 15.4799 4.75299 50.5765 17.1244 11.6054 68.6204 48.8518 112.58 80.055 1.40747 23.3059 9.43259 26.4682 30.637 23.5913 35.097 14.5882 124.768 10.8566 7.36709 2.85802 39.0895 20.5094 37.5126 9.12153 10.5842 5.57549 0.00290662 143.291
-66.5793 15.4799 3.08123 54.4404 15.7647 10.1227 68.6204 53.8245 112.58 80.983 7.50421 23.3059 2.7613 28.9882 23.5517 21.6533 40.5507 14.5415 110.577 23.8301 7.81159 4.28265 34.4682 23.2438 8.20622 10.7241 2.99008 51.312 0.0043718 142.841
-65.9587 14.6399 3.08123 54.4404 13.9578 13.4259 68.6204 62.947 101.621 65.4252 6.35868 40.799 9.09339 19.0952 27.301 19.3881 46.6931 23.6008 89.6084 24.4405 7.24333 18.3928 59.5521 20.1348 3.54843 16.6228 2.06267 4.52529 0.00415516 139.491
-66.016 14.58 3.08123 54.4404 22.5119 4.16224 65.517 62.947 101.621 55.0227 20.2274 40.799 8.06131 30.3149 30.4763 2.85478 46.6931 36.3296 94.7381 16.156 12.2649 17.4294 33.3174 26.5074 3.54843 9.31461 4.45884 17.1944 0.00056077 137.707
-67.7448 15.0037 2.86787 54.4404 21.5794 5.40836 62.4877 59.8027 101.621 44.9585 22.3035 40.7949 10.6758 1.05836 36.2297 33.0438 46.6931 36.3296 95.102 11.1212 15.6585 3.55158 34.0797 21.1964 8.42211 38.8893 4.99591 19.6206 1.27126e-05 139.662
-66.0312 14.8711 3.2804 54.9585 21.5264 3.35665 72.9992 60.7044 101.621 45.0119 21.1645 40.4368 12.6652 3.29046 31.8064 27.8191 63.0849 31.7875 83.619 7.9175 18.3999 2.37336 35.9033 16.6433 4.69017 35.1614 5.80145 45.6521 9.30921e-05 136.751
-66.278 14.7192 3.71091 52.4889 23.0072 4.83516 72.9992 59.5271 101.621 58.9377 15.8155 24.0573 12.6462 20.036 29.3446 26.5129 55.9456 34.284 73.3996 21.5443 16.7502 1.64504 29.1385 21.7618 1.83702 35.4097 6.43523 25.4559 1.46884e-05 136.707
-65.7137 12.5605 7.82228 52.4889 20.0299 5.22408 72.0258 55.2785 101.621 64.791 36.0729 24.0573 6.28158 20.9824 31.2628 15.2756 53.5419 32.9737 73.3996 16.2406 17.9314 2.07721 28.5834 22.3195 13.0167 35.4097 6.91781 19.6857 0.00012143 137.482
-66.6229 10.0771 7.75957 52.4889 20.9403 6.73768 72.0258 55.2785 101.621 69.8731 18.8471 19.5186 5.43088 49.4965 4.52678 19.7032 51.35 34.9517 74.372 27.6348 13.9127 0.626723 11.9187 9.69466 20.7167 34.1889 37.9467 13.265 2.17768e-05 136.46
-65.6352 9.33712 8.48025 53.7178 19.9931 6.28703 72.0258 57.6655 101.621 69.8731 18.3367 27.4484 2.38611 46.0636 3.70695 17.7511 52.4902 42.6122 62.2865 39.2746 9.64897 1.73519 16.1767 0.746301 18.646 36.6908 26.5715 36.7754 0.00149457 139.314
-65.5278 9.33712 7.76057 54.8983 22.5442 7.08925 60.187 56.1704 101.621 65.5693 12.7768 38.8662 2.31155 39.4852 7.71154 36.9564 62.4181 48.4603 53.6104 16.3731 5.8374 6.47334 3.1047 22.2363 47.2968 28.1235 15.3025 14.8738 0.000132537 141.056
-67.0806 6.74493 12.4237 54.8983 21.0884 7.68353 60.187 56.1704 101.621 69.9549 10.611 40.172 5.28511 27.9288 3.58471 35.0168 77.1645 36.7286 53.6104 14.5631 16.6129 5.00603 12.0095 6.98638 14.3343 44.3296 16.2888 41.3532 0.000132537 141.92
-68.0693 6.74493 11.7148 54.0857 24.5223 5.40445 60.187 56.1704 101.621 64.6465 7.50095 42.8245 11.363 25.6499 6.81152 43.8108 75.4344 52.4475 44.0499 15.4938 11.9685 5.00603 5.05553 17.5512 11.6929 35.1001 17.2257 38.5577 0.000455421 143.517
-67.7183 13.2119 13.4688 44.2438 23.8609 3.0969 92.39 36.4471 102.228 58.8404 7.50095 41.9076 14.5329 20.6935 19.998 21.7146 75.3071 38.2414 46.0574 28.445 14.7108 9.6355 19.16 29.9198 11.235 17.7842 11.6394 2.21288 0.000785494 138.407
-66.4217 13.2119 13.347 42.1174 27.6098 2.04326 90.8797 58.4344 75.8071 47.9978 20.5736 42.8028 15.907 23.7032 20.7564 20.4157 80.6019 38.2761 55.9961 16.3187 12.4901 19.4878 9.84734 38.2746 9.38797 19.3279 18.5709 4.27388 0.00283498 139.624
-65.1922 13.2119 13.309 42.3059 26.2327 1.78266 97.5332 58.4078 75.8071 47.9978 23.0461 42.8028 17.193 24.1842 18.2964 12.6076 66.5188 51.1425 55.9961 15.8852 13.052 53.5968 6.4429 8.66416 12.5715 13.843 18.4932 7.00455 0.00154276 139.421
-65.0338 12.7005 10.928 44.0334 32.5554 6.23404 92.7563 58.4078 75.8071 66.4583 10.2707 42.5445 4.33807 20.1604 2.52823 36.132 65.552 41.2426 55.9961 11.7016 26.981 13.7 43.8052 8.47314 17.1682 18.339 3.2158 11.5344 0.0033482 147.327
-67.5127 12.7005 14.9229 44.0334 24.4035 2.02598 93.9389 58.4078 75.8071 72.5922 10.2707 38.7752 1.14334 25.1765 2.60067 47.535 76.7775 30.4277 49.5897 22.7965 17.116 18.773 23.1501 19.7328 1.80635 16.8803 24.7428 19.6774 0.0145043 144.595
-67.2895 13.4252 14.5193 42.6948 24.9567 2.02598 102.663 43.1373 74.6186 55.7438 28.2351 42.8197 5.67283 27.0202 23.0746 17.516 83.7093 12.3643 42.6636 29.0428 21.1115 40.6777 28.7359 14.9402 8.46464 6.83515 14.866 24.3613 0.00283416 148.231
-66.3401 13.4024 13.1637 42.4026 24.8906 2.02598 104.924 42.9164 83.4195 55.7438 26.4329 34.7767 10.0224 19.1802 14.1624 25.9119 92.7977 25.0259 40.4609 32.9581 25.3 32.0149 28.0385 17.2884 3.13292 2.97726 8.73419 29.6539 0.00141863 139.219
-65.2352 14.5842 12.9531 42.4026 22.4312 2.02598 113.444 63.3901 64.503 54.2259 26.5787 29.2828 7.9871 8.65717 20.154 42.0782 92.7977 20.8319 42.6479 27.0871 5.87389 41.7987 47.0699 8.02443 2.94735 7.86169 14.1544 22.161 0.00132747 143.062
-65.9336 14.8014 13.0766 42.4026 23.9896 1.30438 119.372 55.9282 66.833 46.4683 36.5836 23.911 8.02814 16.4071 13.5275 49.3562 78.4943 20.8319 39.1523 37.1909 16.6785 19.8177 46.4841 6.27912 10.6229 8.82361 5.36387 14.0178 0.00128712 141.094
-67.363 14.7004 13.8445 42.4026 23.1212 1.30438 121.017 45.5397 69.7292 46.4683 36.7236 26.0538 8.84887 15.4987 6.21199 42.8866 83.4104 30.181 32.6528 42.5256 14.9929 16.3733 1.52483 50.1551 9.05046 23.8272 4.95863 33.401 0.00123073 138.154
-60.1694 7.74526 18.7936 42.4026 23.1212 3.63662 116.415 48.0494 74.1721 48.1374 29.2865 22.0836 13.6731 16.3671 16.059 31.3653 74.6307 49.2548 49.8344 23.6677 4.76534 4.6853 11.0098 49.0653 11.9365 25.765 9.88375 29.0241 0.000645011 143.059
-65.4998 7.74526 18.7936 43.4272 22.8268 2.71408 120.902 47.3128 70.5323 48.1374 29.8843 23.4456 16.4312 15.5975 17.4279 31.3653 74.6307 55.5261 42.1844 14.9621 15.0286 5.48694 2.15477 23.4361 21.6274 29.2922 20.1036 29.3688 0.000944444 135.395
-65.3166 7.52852 18.2548 43.4272 22.3042 2.71408 120.223 45.6214 73.9084 49.9628 31.7212 12.8886 25.7037 16.685 7.74925 46.0597 45.2489 43.1953 43.2772 26.4867 45.4192 7.0328 5.03143 30.0248 8.07041 30.8543 27.2463 1.0237 0.000213285 135.759
-65.3831 8.63819 17.5263 45.6923 20.7322 2.71408 115.656 44.4535 71.5321 45.854 29.9224 14.8275 29.2369 6.02901 16.8391 58.5197 49.1078 32.8929 16.2617 72.7343 33.6211 2.57148 4.80032 20.0782 21.9645 17.7 31.2212 2.29937 2.17151e-05 139.979
-66.1263 8.63819 16.7971 45.6923 18.0437 5.49169 121.62 38.1017 80.7129 45.2014 34.7513 4.55002 35.2335 3.43023 13.9384 46.2876 48.3538 26.2095 19.37 94.0683 11.4018 23.4255 14.5045 8.52432 8.24465 9.46477 45.664 26.7522 2.17151e-05 134.102
-63.2944 11.6431 12.225 47.4687 18.0437 5.30791 117.438 38.1017 85.7572 29.3853 35.0186 7.74082 37.7338 11.519 12.1235 60.6377 35.1213 29.0637 19.5691 99.5124 0.829402 4.83183 5.10024 6.11823 12.3058 7.9351 60.7837 56.9271 0.000590709 143.244
-66.3215 13.9212 10.5276 47.4419 16.3154 6.9095 111.256 33.9835 82.8466 40.4774 36.4604 3.66893 45.9319 43.3118 4.44321 27.2405 24.6205 34.0339 19.5229 109.347 7.43105 11.4122 5.13509 6.09328 16.1563 0.651936 67.7641 12.3388 0.0010664 139.746
-64.1103 12.9612 10.5644 47.4419 17.5027 6.56386 114.152 52.9927 73.9554 22.5305 36.2524 7.21582 36.6921 43.3118 5.13846 27.6526 26.5371 52.9554 8.81231 102.818 9.04468 9.6594 1.81011 1.95492 44.5559 8.86322 36.1232 33.3903 0.000221816 138.51
-67.5789 14.4151 8.71066 47.4419 19.3659 4.35494 118.503 52.9927 70.0541 33.2937 37.4026 0.708065 36.5582 43.3118 10.627 25.2088 23.3563 49.2764 5.57552 82.0507 34.8733 10.3501 1.70187 4.66719 51.5813 10.5914 36.9369 6.35916 0.000317408 138.734
-71.3796 16.7969 7.45915 47.4419 18.7591 3.20401 119.762 40.7573 81.6782 38.4036 39.1655 10.8425 18.5331 43.3118 10.7638 22.8578 58.0091 54.2408 40.4396 6.71718 47.4629 1.09524 1.82926 16.6803 42.3421 2.99903 27.5704 32.9518 0.00032354 142.931
-66.8984 16.7969 5.33964 50.9154 18.6697 3.29896 115.039 44.4962 83.2224 49.5577 29.0492 17.2025 9.81797 43.3118 8.998 18.4444 69.2835 56.1412 35.0823 3.3772 51.8544 14.9655 1.74581 17.7785 39.767 1.38085 25.7677 14.6923 8.00887e-05 137.725
-66.665 16.9232 4.84004 50.4621 18.6697 4.15982 107.799 44.1007 75.3196 50.3847 29.6356 9.55235 35.8159 35.5681 22.8965 8.49609 69.7575 39.0527 31.3922 15.988 66.9477 8.88503 1.54674 34.9926 24.5566 15.7679 7.04045 9.18541 7.10398e-05 134.533
-65.0382 17.3686 3.20296 49.976 19.1405 4.0649 116.178 62.8549 59.5723 50.3847 28.4629 7.27382 37.3134 34.0734 21.2641 10.5105 67.3812 27.4295 50.2757 22.3635 41.2993 5.54491 2.47433 20.2157 25.8008 17.1041 30.9014 7.38599 0.00250254 137.742
-65.9667 16.7395 4.75352 49.976 19.1405 5.01977 116.968 74.3635 52.2785 40.6426 35.1559 7.27382 38.515 16.0934 24.6623 9.73563 67.3812 36.9454 36.8524 24.2955 52.335 20.5192 3.49531 17.7854 27.753 8.21397 27.4604 1.02942 0.00263458 138.59
-67.4741 17.9162 2.73687 49.976 18.6029 5.01977 121.108 53.29 63.3178 41.5103 34.9451 13.6867 35.4338 28.5059 23.8505 19.4594 62.1637 29.4435 43.7377 27.0443 26.6933 23.2436 8.41825 34.1609 31.88 4.25701 7.74662 11.2778 0.00178858 138.312
-68.1351 18.1995 2.73687 52.0938 16.9315 4.04173 115.361 60.8817 62.2339 50.8561 33.3419 9.17222 27.8966 24.8902 25.8139 17.8406 55.3752 20.0069 45.4893 56.3462 20.9816 23.5481 30.3798 36.8663 7.18034 4.68237 3.64128 11.9232 0.00127127 137.437
-63.659 16.0947 2.73687 52.0938 18.4223 4.04173 116.246 57.3258 64.7626 36.6454 30.4983 9.17222 35.198 26.2626 31.5228 12.9907 66.668 19.3037 45.9555 53.7687 20.9816 24.1274 17.5515 15.3069 7.56957 16.6237 25.2157 11.6962 0.0188238 143.365
-64.7021 16.0947 3.16081 52.0938 18.4223 4.04173 120.677 45.8812 69.7404 36.6454 28.8124 9.17222 38.7076 24.7795 39.7261 10.1405 28.7254 14.0052 82.6137 38.7726 45.8806 21.9484 3.992 23.6485 10.3715 8.96275 34.1953 4.53517 0.0229138 144.355
-65.0641 16.0947 5.26423 50.8077 18.4223 4.04173 125.165 45.742 69.7404 30.4729 31.2858 9.17222 41.5623 27.2854 50.4833 25.9176 10.2448 14.0052 88.0167 28.7073 29.0737 15.5418 4.12002 30.0566 16.7176 7.79309 43.3785 13.0267 0.000809865 145.283
-66.4843 16.6085 4.56425 50.8077 17.9349 4.04173 129.41 46.0088 64.7154 33.7755 32.0013 9.17222 37.1537 27.0559 30.9043 9.21235 23.8403 14.2708 87.1137 45.9303 24.3405 20.1685 24.5028 28.2314 5.71133 22.4718 19.105 9.40022 0.0020432 139.109
-64.9291 18.0939 7.58083 44.9464 18.3782 3.5119 129.361 43.7339 69.8379 33.1314 30.0433 24.9149 29.6621 26.1522 31.9378 6.03382 51.2194 11.4878 72.5907 46.0018 20.1081 20.9206 13.0609 20.5471 25.378 9.25069 22.4792 18.7569 0.00101084 135.927
-67.4835 17.4807 7.14927 44.9464 20.4079 7.50142 125.441 37.7626 75.2773 36.3209 27.8883 27.6609 26.3778 26.7585 38.0146 7.29068 54.1775 24.0091 80.594 20.7886 12.1588 19.8366 21.6068 25.9074 9.37928 7.29697 15.0194 33.5074 6.73954e-05 141.737
-66.3627 18.0911 7.14927 44.2973 16.3796 7.27218 134.114 34.4294 60.664 34.7649 31.5332 27.6609 33.5876 19.3046 35.4188 6.14171 37.7565 18.1601 93.688 46.0902 9.36363 37.5187 1.38116 22.9105 4.90578 21.6952 20.0622 22.5772 4.74957e-05 136.163
-64.4734 17.7413 7.9736 41.6877 15.6017 10.3574 135.06 61.1101 44.1706 34.6061 27.4455 27.6609 25.3133 22.9511 33.9658 5.71858 30.9007 33.5815 95.3284 41.1701 5.25884 9.17045 35.6758 18.9801 8.97063 25.2553 7.2945 9.96716 0.000185995 137.835
-65.0302 7.18027 9.34321 53.067 22.6321 10.0834 138.661 61.1101 33.3926 38.5951 16.5376 37.085 29.3095 15.628 41.4311 5.71858 53.6678 22.1544 95.3284 22.0342 9.73688 3.2105 53.8576 5.57262 9.27072 25.9337 9.11433 14.5395 3.49111e-05 141.915
-64.4032 4.32213 11.5686 56.4167 10.0626 10.0834 143.923 65.5483 23.9237 60.3373 9.76392 23.7166 29.5074 16.4267 41.5074 12.5198 66.7134 16.6872 99.0207 11.5721 13.3911 18.0443 47.1762 4.01744 1.62626 33.1559 2.70038 12.8119 6.93297e-05 140.559
-65.6878 2.66845 13.0394 56.4167 10.2744 11.4758 134.471 72.7755 23.9237 60.3373 13.8365 23.7166 31.6646 43.378 38.2615 19.4705 54.0028 16.4325 80.5409 1.33247 8.25427 5.41062 39.8302 1.92485 7.05622 25.0645 25.6219 11.2037 2.25292e-05 144.112
-64.6204 2.66845 13.0394 55.3679 10.6594 11.4758 134.471 72.7755 31.6139 74.2935 13.8365 15.3822 17.79 43.378 37.4398 17.6973 56.9846 0.384097 86.6457 6.79781 7.43023 22.0863 37.0964 23.9119 6.67429 7.2199 19.6788 10.6436 0.000535194 145.55
-66.2663 2.66845 14.0986 53.7007 11.9538 11.4758 134.471 72.7755 31.6139 51.519 19.4204 15.3822 21.9433 50.6372 27.6516 10.5315 53.9448 19.8219 105.432 1.72564 8.29444 16.1438 29.0388 24.2176 9.44256 3.21198 22.3886 16.936 0.0016653 141.984
-64.6914 2.66845 14.4017 53.7007 9.51402 11.4441 134.471 72.7755 31.6139 59.2423 14.5035 15.3822 20.1723 50.6372 20.428 9.81063 49.0671 18.7978 109.43 0.807703 20.8158 20.2592 38.259 1.6005 24.5453 6.45463 13.5395 3.22558 0.00586424 142.772
-65.9904 3.26372 14.3704 55.7225 7.94306 11.6525 134.471 72.7755 31.6139 77.3973 3.37706 17.4907 26.0244 30.9744 15.7085 16.1825 54.6948 18.7978 109.43 1.13802 10.4002 49.3663 34.2864 7.79934 11.2916 6.45463 5.97185 20.4282 0.00110373 140.096
-65.0207 3.26372 12.8459 55.7225 9.38693 11.6525 134.471 72.7755 31.6139 76.0458 3.88475 10.2045 30.8465 38.3859 20.1668 10.2359 46.5154 18.7978 115.651 3.16299 2.86765 41.982 33.1351 7.79934 15.5311 3.35968 5.41918 28.8331 0.00575074 143.698
-69.2647 3.26372 14.7786 55.152 12.0563 8.25726 135.064 72.7755 31.6139 68.786 8.29976 10.4561 30.8465 52.7463 15.0528 10.3607 27.8277 33.9145 118.273 7.68727 3.04674 41.982 41.2613 6.56301 11.1338 2.22113 9.2087 16.1016 0.00190778 143.705
-66.8053 3.51463 12.5567 55.152 12.7637 8.25726 135.064 71.6639 31.6139 58.738 2.43695 12.7078 41.6455 48.8157 14.1959 5.66862 23.8475 29.5125 125.095 13.9259 3.04674 45.2253 19.6228 0.724768 13.5032 21.6315 9.97261 45.9124 0.00488439 145.469
-63.7475 2.55538 12.5567 56.1984 19.2481 2.81171 135.064 71.5051 31.6139 58.738 2.1617 16.1024 35.5741 48.8157 14.359 5.11925 19.6243 29.5125 130.848 2.2737 35.8987 19.0046 27.8348 9.04838 5.30799 21.3055 17.3739 47.3375 0.00138516 146.295
-67.9864 3.95621 12.5567 54.974 20.4564 4.03177 121.959 87.4919 31.6139 58.738 1.67688 19.8957 34.4344 44.5648 21.6791 3.00535 24.9886 29.5125 130.848 3.23488 12.1941 29.3876 9.69009 14.542 3.79088 36.175 21.7141 4.77921 0.00155729 143.877
-61.2276 0.768231 15.0679 54.974 20.4564 5.05505 121.959 87.4919 19.9511 71.87 7.61656 19.8957 26.9543 40.0439 8.76083 14.4027 26.8723 29.5125 130.848 6.46525 15.1898 14.8859 27.2193 26.3774 0.839307 19.4703 17.0598 1.38113 0.00134771 147.616
-68.0351 1.3872 17.1945 54.4532 16.6726 5.05505 121.959 87.4919 19.9511 71.87 9.28664 22.7518 26.9543 33.327 17.3807 16.706 15.5997 24.9552 130.848 9.67871 15.1898 6.42358 36.6083 18.2841 19.5292 20.5277 18.2753 0.583189 0.000805486 140.478
-65.9043 1.64468 18.2632 53.6872 15.5052 5.98989 122.303 56.229 45.199 75.9595 11.7786 17.4623 16.9556 37.355 29.5333 22.0336 12.9957 0.975978 139.169 19.7006 15.1898 2.42569 40.2214 16.9637 23.5808 2.14971 17.9735 0.86311 0.0003595 144.946
-66.1244 1.48957 14.2165 55.6381 19.337 2.49006 128.251 52.3237 52.8824 75.9595 13.4522 20.9531 6.48397 34.7924 26.2462 9.63868 12.4687 31.5901 135.375 16.0414 5.62706 7.44656 56.1054 3.64155 19.9503 3.6482 23.5423 5.57736 0.000567548 139.845
-65.8403 1.58119 14.0062 57.1807 19.337 1.29154 115.867 59.7479 52.8824 84.2497 9.54789 21.9862 6.48397 35.6339 23.6933 8.93342 15.595 25.4159 134.293 18.5949 5.62706 12.6882 28.9861 8.91067 16.0095 9.05298 31.8133 5.97413 0.000140694 139.149
-67.0056 1.68545 14.0062 57.1807 12.7764 10.063 113.711 76.5508 41.7522 87.2645 14.5417 21.9862 6.48397 25.4384 18.6867 11.7279 24.7217 10.1234 136.336 18.6834 5.29138 0.308862 48.2114 3.39835 17.4967 26.1149 24.7105 3.01523 0.000459717 139.885
-64.7522 2.53847 14.0062 57.1807 10.0005 9.60789 110.883 76.7451 41.7522 87.2645 17.1017 21.9862 6.48397 24.9796 19.6319 9.95777 27.7626 4.74466 136.336 28.7376 2.36906 16.5104 20.1967 3.39835 17.4967 9.6704 54.8176 1.1756 0.000465541 143.129
-66.5514 2.53847 13.5144 57.1807 4.4951 17.6788 95.9703 77.649 41.7522 87.3664 21.911 10.7706 6.48397 42.8255 17.4268 15.463 27.7779 0.739467 126.545 27.671 17.4053 32.3263 20.5999 11.8174 15.5157 1.36897 40.5737 3.09155 0.000415748 144.072
-65.8281 2.53847 13.3324 57.1807 4.86547 15.7245 112.323 73.3616 42.1377 92.0803 27.1093 11.3407 2.15822 41.0207 3.90487 17.7345 14.4921 0.739467 136.315 26.7358 17.4053 19.3448 1.99811 27.2937 13.57 19.2215 37.3386 3.10065 0.0020538 142.688
-65.9595 2.53847 14.7951 57.1807 11.0895 14.6369 115.763 61.9307 44.0483 83.6002 24.6459 20.3626 2.15822 31.4899 12.5575 19.5249 17.4096 0.739467 139.336 37.2632 18.1964 21.6875 10.6149 24.1681 30.9159 4.2522 5.23335 1.50374 0.00380371 151.533
-64.8112 0.397831 16.2637 57.1807 13.823 8.36547 116.111 65.0487 47.4848 83.6616 15.0776 20.7758 3.20224 23.0547 12.2286 35.0967 24.751 12.4111 139.336 12.5369 18.1964 11.652 7.04416 5.56167 52.2311 11.707 13.4715 12.6934 0.00102902 139.818
-66.1277 0.397831 16.2637 57.1807 14.1122 8.36547 116.525 68.0409 47.4848 83.6616 20.3328 20.366 3.16691 18.5755 8.69038 33.2827 26.7337 18.6316 139.05 12.035 8.41718 11.652 16.8786 29.8853 33.2316 6.48538 7.2098 8.37819 0.00148201 140.081
-68.7175 0.397831 14.9146 57.1807 14.5381 8.36547 116.525 74.4798 41.6248 83.6616 20.1337 20.366 6.73054 7.86918 10.575 36.1822 17.6168 30.2618 136.365 9.70412 4.96074 33.1336 5.4924 32.0246 13.7174 19.1701 3.85485 13.9951 0.00573549 144.28
-66.0426 0.763871 14.9146 57.1807 12.7014 8.36547 116.525 74.4798 44.3122 87.0802 15.0637 23.203 8.16312 6.48478 11.9925 36.7988 18.5246 30.2618 136.365 3.82956 4.96074 60.8602 1.71246 21.7391 14.2309 14.6906 4.80446 1.06288 0.00630207 144.055
-65.3618 0.65058 14.9842 58.205 14.4325 8.36547 113.378 73.6148 44.3122 84.3048 12.4627 21.3296 7.08539 8.07058 19.4408 37.4637 18.9447 30.2618 145.921 2.22629 4.96074 23.7331 6.29493 22.4699 21.4499 9.52886 31.8901 5.10152 0.00581324 142.826
-64.6406 0.417968 14.9842 58.205 14.3829 6.07802 115.528 73.6148 44.3122 77.3411 18.9772 18.9371 7.90619 14.4115 21.1914 37.6561 24.2602 30.3527 120.985 2.1649 19.5941 13.0311 4.61324 30.6913 8.65453 14.2315 31.8901 28.65 0.00525844 142.091
-64.6309 0.441418 22.8186 48.6521 27.1133 4.68183 108.573 66.8991 40.0728 79.6103 27.7647 17.3769 1.13878 13.3525 23.8333 37.3213 40.8665 5.77865 121.566 8.09245 30.2931 16.329 9.78747 11.4284 31.6831 1.17418 25.6894 29.4665 0.00464345 148.615
-67.4621 0.650517 22.4553 47.4948 23.1713 2.09193 107.558 77.3247 40.0728 86.3362 21.3293 5.47622 11.4447 11.154 31.6912 25.2254 25.6992 26.6233 121.566 13.7126 17.1594 2.96813 11.1716 44.7803 5.98115 11.5872 40.5802 5.20989 0.00187584 143.644
-66.7572 1.17448 28.2532 40.7412 25.1816 2.09193 105.136 94.9875 40.0728 17.1834 33.1144 64.279 4.36576 12.195 33.3063 27.9173 18.1821 30.0521 121.566 8.90689 30.4368 1.59551 21.1122 3.12627 21.3624 15.0119 7.00681 37.3134 0.00104918 145.688
-65.9913 1.4433 28.6628 39.3887 25.1816 2.09193 94.7608 94.9875 41.5957 10.5677 42.5745 63.5141 8.26875 12.1429 17.2298 35.6156 8.10529 30.0521 121.566 12.1684 29.8533 17.0409 23.4576 6.13656 2.88018 41.6485 6.25572 38.9815 0.000234046 138.946
-65.962 5.16723 27.1841 37.5859 25.493 2.09193 81.8568 109.698 35.3212 16.7244 56.1965 41.112 18.3469 12.5299 25.3117 35.2831 4.96389 23.2762 121.566 18.2034 29.2625 5.72577 36.2617 11.2953 16.0933 3.15966 8.32796 40.7739 0.000164404 140.339
-64.4313 5.06082 24.0172 41.4505 25.493 1.41276 92.0664 109.698 35.3212 4.3045 56.1965 45.6779 8.39789 13.2078 27.4502 21.733 14.0292 24.1525 96.6821 41.6173 31.2044 21.5199 8.404 38.1462 28.0093 1.81185 5.65235 38.7524 4.81196e-05 138.687
-66.361 4.07437 27.1539 39.6387 23.9303 2.31926 89.7066 109.698 37.9845 5.6047 40.902 55.8991 17.4562 22.9879 22.6443 21.9949 7.87496 30.0627 101.179 31.0842 34.2384 11.1399 13.0115 37.7505 29.3653 5.65071 4.28303 15.9577 3.15256e-05 133.782
-66.8653 4.07437 26.9139 40.3597 22.7507 3.02635 91.7599 109.698 37.9845 5.6047 33.3146 55.8991 17.4562 26.9487 19.0771 18.3293 7.63969 30.0627 104.344 30.6074 30.2355 18.4973 19.3171 30.7937 24.3032 17.2216 5.18896 5.73518 4.80298e-06 133.638
-64.4132 4.6905 25.1822 39.9282 22.7507 3.02635 91.7599 107.165 37.9845 5.6047 45.5076 55.8991 17.4562 26.4011 11.0839 18.9979 7.63969 11.4829 102.168 62.3998 28.6148 10.5346 17.7794 22.1581 14.1681 15.5347 8.55906 24.8497 4.80298e-06 134.821
-66.4973 4.75892 25.1822 39.9282 22.7507 2.58436 91.7599 107.314 31.2198 5.36929 38.086 69.5126 17.4562 25.0907 16.2065 25.2346 7.63969 28.249 100.189 55.7732 16.8423 13.4172 26.8988 12.3076 14.3276 11.2392 5.17442 46.4388 0.000958463 142.238
-62.5821 2.95617 30.0091 35.1724 25.2393 4.89971 91.7599 94.0949 46.9397 5.36929 57.8234 43.4786 9.67547 28.097 21.4319 19.7325 5.90414 16.4547 78.557 70.3857 25.8003 19.4285 40.8973 11.2618 15.8047 8.56631 7.30167 48.9275 0.00104872 144.654
-66.6602 5.19918 28.4608 35.8015 26.6047 3.47971 89.0197 94.0949 46.2481 5.36929 56.6898 49.8041 4.76687 38.6014 11.9611 26.8335 5.90414 19.2392 78.4851 49.9519 53.8165 9.08107 41.2169 7.82794 16.1203 10.7839 6.11561 39.1549 0.00135295 142.218
-65.8842 6.56014 28.7271 33.5743 28.5669 1.11412 89.0197 94.0949 46.2481 30.7779 54.3232 43.1795 0.629509 30.5234 18.8904 18.4641 5.90414 19.8319 74.9592 50.9186 50.4982 9.08107 24.1921 4.2291 24.1032 31.9145 8.98162 6.96958 2.8052e-05 137.51
-65.7736 7.21854 30.3117 31.6806 23.438 4.98584 97.854 88.802 45.3109 36.9792 42.4038 44.5872 0.629509 24.5807 25.651 22.2754 5.90414 25.3285 69.9648 56.4429 46.8586 9.08107 23.7083 6.7938 52.6015 2.5332 5.07142 9.14327 2.8052e-05 138.204
-65.8323 7.24906 30.2022 30.3783 23.3597 5.35246 98.4215 92.8872 44.1219 22.3767 36.6071 55.2766 0.629509 24.4999 16.4887 23.6644 86.7512 23.7845 43.9543 44.2552 11.7274 15.1468 16.0874 31.3139 32.6722 0.613009 14.4464 12.3822 0.000525274 137.628
-69.4305 7.79435 29.4356 30.2252 23.5734 6.99784 95.8178 94.1508 51.8348 14.9065 36.3115 54.695 8.49058 42.6906 13.0445 14.0551 82.5086 19.5799 50.5614 33.5983 5.58548 10.9236 11.251 16.3041 55.9403 7.07062 8.02324 16.766 0.000322257 139
-67.5462 7.68601 30.0713 28.1028 27.6611 11.1108 89.5301 89.1539 48.6009 48.6544 34.3649 39.3319 1.95265 30.3785 21.095 12.6296 49.7115 31.5749 77.7249 20.6737 12.7199 10.463 1.259 19.4325 36.0243 36.7113 0.324872 19.8887 3.83623e-05 143.121
-65.1069 7.73822 29.4543 30.8973 20.4048 7.20382 96.3618 89.1539 53.5809 38.1941 51.8783 21.9826 2.80995 29.4468 26.0709 12.4389 54.0809 19.1967 88.0674 21.6184 11.9276 10.159 2.61955 19.5488 42.0147 36.9255 7.26485 1.93726 0.000943464 137.469
-65.6582 7.71805 25.5989 34.2999 17.7571 9.86592 98.765 89.1539 53.5809 35.2709 64.2583 16.4612 2.80995 29.4561 19.3522 16.0539 57.7545 21.8175 90.1652 13.467 21.7217 5.69205 12.4808 19.1963 11.2824 26.6473 16.4699 22.235 0.00104375 136.518
-65.9468 7.72003 24.7846 35.2815 17.8852 11.084 109.001 61.0447 60.8162 33.4518 58.4521 17.0425 10.779 47.5472 12.2441 14.5958 41.233 21.8175 82.7835 10.8318 47.0161 20.6702 17.7518 17.5905 4.69913 30.7654 11.8058 20.9073 0.000752597 136.036
-64.9986 7.71865 25.574 34.7155 16.8025 12.4847 109.001 57.403 73.0209 25.8603 35.0318 3.43109 40.694 47.5472 15.2904 16.4124 41.233 7.81304 103.513 6.89311 41.5513 11.0194 21.3364 14.083 2.72846 9.86306 43.8448 30.3839 0.000536176 139.148
-65.5743 8.954 23.2943 36.5763 13.6494 11.8785 110.601 56.826 76.46 24.6416 32.2019 9.10246 43.835 44.8023 9.21906 19.4974 60.3605 7.81304 87.7431 6.85241 45.3247 6.25016 22.7917 4.64024 2.98927 4.52387 53.3507 24.3588 6.15771e-05 135.045
-67.8076 7.03632 22.4646 40.1092 16.4794 8.65356 110.601 56.826 74.5708 28.5053 34.9587 12.823 35.6957 44.8023 6.7688 20.3821 63.9382 9.43121 66.1818 19.6097 47.718 5.20345 22.7597 7.03831 4.61724 17.3705 39.6115 26.5084 0.000731047 135.863
-65.6845 6.59835 21.5829 40.8405 15.8708 10.4039 108.177 47.3847 84.2906 22.6261 34.9587 11.9503 35.6957 51.0017 9.8886 18.357 53.6222 33.2358 60.3546 14.5575 43.9453 1.299 7.52906 8.03999 8.34678 7.59138 62.4552 8.51113 0.00116517 137.058
-65.7072 6.12681 21.6711 43.2706 11.7841 12.3063 113.155 47.3847 84.8393 28.7893 28.993 15.784 30.7348 38.1874 9.23097 23.3331 72.1084 29.3515 62.0528 36.1706 10.8598 26.2492 17.0546 8.87737 4.59434 3.16416 29.7757 25.1342 0.00184444 139.709
-67.7119 5.27172 21.6244 43.3204 12.0887 12.1727 110.076 47.3847 77.4186 6.2576 31.4753 31.6835 51.6318 38.5498 21.5184 11.8555 82.0922 12.049 62.0306 25.7761 17.7657 5.39517 8.89365 0.936115 33.7923 22.4165 37.1705 15.4339 5.45704e-05 136.629
-63.4848 7.48398 19.3209 41.4235 13.8877 13.0536 110.076 62.677 70.8422 20.2365 8.09314 22.2948 50.7968 49.6328 12.2774 13.1371 91.8654 18.105 66.6669 18.1414 11.1878 6.61805 18.6821 6.99665 19.5437 20.0189 27.1914 4.80508 0.000374101 139.492
-63.9214 14.3081 13.522 41.4007 14.2832 11.9963 109.562 63.3939 64.4629 13.8668 15.4017 21.2576 62.8345 48.2215 6.81419 12.9665 79.7082 15.1599 66.6669 15.2458 32.9602 20.5432 13.9809 17.5355 4.63989 6.24936 30.1433 14.7238 0.000553602 138.17
-64.8565 16.0125 12.8392 40.916 11.5293 14.1905 110.661 61.5205 63.8077 19.8392 21.4058 21.3273 51.9561 45.5428 12.2777 15.0623 86.5702 10.5854 54.052 13.6605 36.4068 17.5341 14.0462 15.5749 7.20991 10.2238 44.5584 9.0698 0.00124322 138.071
-66.6414 16.0125 12.8392 40.4653 13.6743 11.6424 113.288 61.5729 67.2932 16.9482 23.8456 17.3557 53.0794 35.7099 19.733 8.5536 65.6164 9.18492 67.3022 35.0615 27.0171 24.7635 16.8679 19.5697 11.1583 22.3544 13.8479 8.41044 0.00380741 138.635
-67.4324 16.0125 13.1278 40.4552 14.109 11.4762 119.464 62.8591 56.5879 16.9482 23.8889 29.1416 44.2858 35.3465 9.62662 21.4306 63.4564 7.17427 71.0875 37.8703 31.9236 3.87328 27.5386 17.1921 11.188 8.15468 22.8239 23.1825 0.00271457 137.997
-66.0933 16.0125 13.6508 40.5609 13.2069 11.956 119.359 65.8242 54.202 23.6552 12.975 25.1756 49.2426 34.3401 10.8124 23.6796 62.888 7.17427 67.5474 36.0745 34.7684 12.4131 47.343 16.9045 5.76354 5.31647 13.3215 21.0831 0.00686832 139.528
-67.3978 16.0125 12.2712 40.0935 17.7912 9.02871 129.05 61.8267 54.202 31.8996 23.6362 30.6937 26.1297 35.0855 11.2914 20.4022 51.4376 7.83639 78.6847 28.5438 27.983 15.2101 17.0684 45.8155 8.3482 4.49488 17.5151 23.5064 0.00465766 144.07
-65.6006 16.0125 12.2712 40.1163 12.0426 14.2346 130.172 41.4576 65.9983 31.3682 23.6362 43.2714 26.1297 35.6399 16.8826 8.63581 53.8676 14.9622 74.0846 32.2454 20.7447 1.09563 11.7873 60.4751 3.77311 8.70198 16.6491 17.6174 0.00446357 143.08
-65.6225 15.5215 13.0158 39.7817 15.4108 8.62168 128.041 34.6234 75.0462 37.7535 27.3568 34.5118 21.2928 30.8978 13.0231 20.9976 47.8051 11.686 81.244 32.1166 27.9361 19.535 15.0791 55.601 7.37834 13.5255 7.08001 2.28559 0.00233943 139.12
-66.1139 15.5215 12.7595 40.0877 13.082 11.9051 131.859 34.2084 80.6983 28.7554 18.7492 36.9264 31.3797 27.9937 8.38938 25.2336 52.3844 12.7674 81.244 37.2282 27.578 8.2566 12.9623 68.179 2.72159 7.12763 1.20321 3.20483 0.00299314 141.334
-65.9788 22.6804 6.60112 41.3867 10.3081 11.3361 136.026 48.1547 57.3656 48.157 17.1708 24.9124 30.5535 17.7134 7.11433 35.3725 26.4637 21.1494 84.3031 42.2084 24.9758 3.34196 30.6104 62.8342 2.72159 10.4052 7.35491 5.83362 0.00249057 144.161
-66.2652 13.8555 15.8525 41.7729 9.48178 10.1752 143.875 43.085 57.193 31.9257 11.612 25.689 42.1231 9.09896 25.2739 37.5623 9.24486 7.64694 116.269 50.0217 22.6899 54.5395 6.9771 3.78808 5.31647 23.7084 8.87249 17.1408 0.00107784 138.938
-64.5633 10.3938 14.2677 44.2643 10.4304 12.0316 138.487 46.9017 59.7928 35.3179 7.80522 25.7627 50.2242 4.6411 17.3155 40.8259 24.5647 3.27505 116.269 41.484 22.6478 22.9731 12.7726 30.7581 7.27841 16.1626 15.2567 4.27719 0.000801374 138.27
-66.2008 11.2527 14.2677 45.419 12.3159 10.0134 148.835 37.4019 57.7439 26.3569 22.6126 22.2003 49.6118 15.0893 14.9523 26.1166 9.65624 15.2998 117.676 35.7426 26.5115 20.8575 11.608 20.2728 13.4082 27.4742 6.0573 35.3519 0.000468225 134.523
-64.0044 10.4982 13.0887 47.5624 13.7148 8.25727 144.238 53.5028 48.5988 16.2007 34.7675 14.4377 42.2044 18.6503 21.5678 25.7698 10.9926 17.7024 113.876 45.3378 29.203 22.7255 29.6836 4.29124 12.0096 21.331 2.39051 19.4807 0.00108203 139.81
-61.2549 10.1824 13.0887 47.5624 14.1422 6.27477 147.141 49.2979 48.5988 38.2345 32.7861 15.0132 27.59 12.0792 24.0379 29.4921 8.22109 39.6767 112.398 32.8029 22.719 27.7368 20.0428 10.8633 4.313 32.887 13.5983 7.15741 0.000253777 144.312
-65.8782 10.602 13.8117 47.5624 14.399 5.93148 149.687 47.6508 48.5988 28.1187 31.8034 24.8686 36.682 10.3966 25.9427 21.617 7.81913 50.7396 78.3715 44.6965 32.7929 22.6291 20.8357 8.97183 1.31477 13.7205 31.9619 12.246 0.00042451 137.655
-66.3073 9.40848 14.1915 48.3585 16.5554 5.26951 141.905 48.9186 49.7234 23.4892 24.0569 12.1599 64.5664 10.1722 28.0297 16.9937 14.5614 80.7248 64.1389 21.8179 27.9782 16.8708 44.7154 11.6182 0.745077 9.52905 22.8479 8.97412 0.00846328 139.002
-65.2837 14.1599 15.2842 41.4806 17.3131 3.26551 137.269 49.2834 52.1108 29.3302 12.2986 10.5807 65.9171 12.6846 30.2749 22.8839 20.0185 80.7248 61.9907 21.8179 29.6635 13.1497 28.3733 36.488 13.4889 4.58368 3.69869 4.33055 0.0016003 140.174
-65.6046 14.2763 15.2842 41.3964 13.4914 7.88345 131.205 45.4933 57.3404 37.786 13.0757 9.47869 71.894 18.5821 30.5718 7.73398 16.3542 99.5988 62.5949 2.91775 31.6976 17.6175 14.0637 32.9816 5.74476 29.1922 14.201 1.34287 1.85534e-05 138.779
-65.275 13.673 15.2842 41.9622 10.4378 11.2398 134.899 49.3307 55.5198 36.7777 14.9986 4.26108 69.3362 23.2165 20.1558 12.4812 17.6096 91.4646 62.4301 7.07682 25.9986 41.9057 9.02076 21.3067 2.43093 31.1613 17.5514 2.31351 0.000194028 139.001
-65.4217 10.0274 16.0133 43.6411 14.3983 11.2398 132.717 51.313 55.5636 31.4241 15.9869 3.84226 73.1983 21.2321 18.4073 17.4689 33.7693 82.6664 61.2312 11.2131 14.9104 31.6725 11.0092 27.8013 12.6561 14.3566 19.7489 13.2108 1.46217e-05 137.2
-65.9747 12.1367 13.8088 43.6411 14.3983 9.57735 132.408 51.5282 52.9011 28.2702 8.78765 5.9864 83.2065 27.5995 12.9503 16.3428 31.7901 96.1778 62.205 4.66338 13.8073 12.8039 26.9602 17.2723 16.0451 26.0177 12.0006 5.4301 2.48751e-05 133.815
-63.9397 12.5297 13.691 43.2078 15.4941 9.57318 133.338 55.8386 58.9521 30.609 8.16239 10.5141 69.6471 14.4434 13.0829 22.4491 24.5583 110.915 55.2131 11.5272 7.41311 8.18958 5.09897 9.57894 59.0874 9.79371 10.93 4.87038 5.89287e-05 140.748
-65.6163 14.4696 13.691 43.2983 14.7124 9.02188 133.411 57.5068 49.8818 31.5767 9.19441 9.8234 76.4297 7.75745 20.7601 23.5243 82.2811 74.3413 20.0576 21.5541 4.35474 8.18958 5.99814 10.363 57.9604 9.81442 8.5867 22.2147 0.000960403 139.876
-64.799 14.4696 13.5713 41.0653 22.0539 3.11248 133.271 60.2505 48.3721 33.2147 11.8957 4.10251 79.0864 2.06275 45.3239 9.0785 77.792 68.1282 26.3508 19.9694 7.31748 5.99162 4.02426 9.26557 44.1475 21.8356 11.2111 16.5212 0.00244853 140.417
-66.2562 14.4696 14.6261 41.0653 19.8933 4.25689 133.431 60.2505 48.3721 31.6804 9.62682 3.74589 79.9013 2.06275 40.57 10.4595 51.5735 101.862 26.3508 19.9694 4.94828 40.1156 28.9737 11.6329 5.13838 26.6074 3.65149 7.15837 0.000682116 137.91
-65.6828 14.4696 15.2149 40.9103 19.672 3.3548 133.164 60.2505 44.8664 34.2602 3.37969 2.42588 81.4334 23.3682 30.0265 6.8851 44.8554 101.862 39.9937 8.98286 17.4699 10.681 18.2373 8.99662 8.45605 39.9378 4.64516 19.5747 0.00050103 137.265
-66.2249 13.8361 15.2149 40.9103 20.8834 1.90816 128.231 60.5973 44.5255 34.7773 9.65139 12.4317 74.3552 30.2871 20.96 5.69238 38.1374 101.862 39.2901 2.32653 16.2702 15.146 21.4053 16.0783 3.8947 54.5845 4.7497 11.7888 0.000200148 138.006
-66.2954 14.282 14.6233 39.9592 20.8834 1.90816 143.674 60.5788 43.5844 31.848 12.498 9.88227 61.5632 34.1027 24.7932 12.8193 36.9909 101.862 46.3468 2.32653 6.06376 34.2195 21.3445 4.03033 4.17863 38.6842 4.7497 11.6457 0.000279543 140.353
-65.0893 13.119 15.9784 39.0587 22.2361 1.22264 145.967 41.0593 61.591 33.812 15.6985 2.73896 57.6137 32.1985 16.5682 19.0484 41.7899 80.8243 49.8268 25.4097 6.37208 30.4792 14.1574 14.9956 4.91206 34.536 11.4729 7.93906 0.000884251 140.799
-65.7311 8.59174 15.4226 46.9467 17.6496 5.25826 155.556 38.0077 36.6531 57.0062 24.9966 1.39325 49.9256 29.194 17.4395 18.015 14.9164 92.094 50.2895 36.2456 13.0312 8.55622 10.0905 17.6834 5.91207 44.3225 15.2083 6.22072 0.00250988 141.877
-66.9134 10.322 12.4825 46.9467 17.9017 4.47738 154.381 35.7789 37.5992 77.612 23.9125 7.19905 23.5497 29.194 12.8688 19.3658 6.96955 105.387 49.4989 26.7961 22.7941 2.31784 11.0566 19.0181 12.0245 55.6773 4.27322 23.7561 0.000376417 138.353
-66.7377 10.171 18.1406 42.7303 16.6865 4.47738 149.093 51.7196 37.5992 77.612 13.8963 8.30819 23.5497 21.3074 21.655 15.1951 19.7002 105.387 48.7734 18.7291 8.77465 1.16946 20.8096 12.0112 10.3576 45.7553 15.588 13.8533 0.00158909 138.349
-65.8395 14.2184 18.1406 37.4694 6.04802 15.9879 161.685 36.1262 36.5109 77.612 36.7744 3.59924 13.1038 14.8236 34.9583 16.3583 19.3482 102.611 61.0294 3.91985 8.98344 7.57332 40.264 5.9632 13.58 29.1638 1.43802 3.20052 0.000458582 144.302
-65.7257 8.80871 22.6898 37.9765 6.04802 16.1103 160.804 29.3269 44.4126 77.612 33.7512 3.66639 13.1038 25.2679 24.909 16.3583 17.977 102.611 69.4703 3.91985 10.089 12.2314 22.4566 5.89763 24.5204 23.0523 14.3291 19.7418 0.000398763 136.906
-64.0416 6.58068 22.4791 41.0312 6.13369 14.0547 169.444 29.3269 43.6946 77.612 27.4556 3.96191 13.1746 38.8648 19.0976 7.38359 11.3288 100.731 71.9983 3.91985 10.089 10.7039 28.2197 5.15878 10.3215 20.1179 34.934 13.0601 0.00286521 140.094
-67.8284 3.54718 22.4791 44.0503 6.84408 14.14 160.575 33.1774 44.0276 77.612 28.3713 6.9474 13.1746 34.6551 14.3534 7.18612 15.619 100.731 55.314 15.8868 17.3833 7.95637 48.3033 13.8032 11.5913 12.6942 10.6776 5.28514 0.00441682 141.599
-66.0688 3.36092 24.4296 42.8323 6.24706 16.0357 151.961 35.8053 45.3983 68.3425 29.3893 4.31387 13.1746 44.4699 14.7987 17.8014 15.619 98.4135 48.6062 32.6846 11.3221 9.62821 23.7561 35.399 8.35904 3.98931 7.02464 48.3858 0.0252105 146.506
-66.3557 2.09487 25.7061 40.9182 5.56241 16.0357 165.779 30.3071 44.978 48.4354 12.3086 42.7067 13.1746 54.3115 16.7893 2.69304 8.61154 101.066 33.3674 34.0182 17.7818 19.968 12.4186 47.3689 6.27572 0.71983 2.18149 44.6273 0.00681032 145.129
-62.6227 5.05485 23.9668 41.003 5.29783 16.0357 168.745 30.2424 44.978 27.0769 10.2163 44.4989 14.3896 77.3417 3.74516 1.01144 20.7184 99.6352 63.0205 10.6617 0.885207 25.6634 23.2404 22.4743 6.02089 12.4366 17.3702 26.3281 0.000966753 144.69
-66.9838 3.74402 23.4412 44.9546 5.29783 14.311 162.563 30.3227 48.5186 24.0012 12.22 62.4352 14.3896 37.7656 16.8925 12.9808 7.60436 72.3768 104.847 3.34725 19.8487 16.5889 28.7706 25.0898 2.60963 10.2222 20.1112 59.3805 0.000422957 142.765
-64.7638 1.49555 25.4358 42.9401 5.29783 13.4601 159.406 50.2089 39.1445 16.246 22.6982 62.4352 14.3896 21.9175 23.4891 14.46 10.7369 69.0559 104.847 10.0644 13.2906 28.6178 10.4402 8.95457 13.9321 41.6403 7.77816 10.9824 0.000679608 139.313
-67.1284 2.04703 25.6285 43.6236 5.29783 13.3589 160.14 47.3613 39.384 13.4508 17.6039 62.8278 14.3896 22.2105 21.8384 25.2302 10.6813 62.6461 105.091 6.35914 14.5311 24.2997 3.05556 8.53416 14.5142 43.0723 18.0542 2.34704 0.000424486 139.528
-66.069 2.04703 25.4869 43.2659 5.29783 15.2564 157.922 47.4346 39.384 11.9797 30.7017 66.4069 14.3896 16.912 20.201 18.3535 16.4855 83.5753 77.13 7.33545 15.0109 21.4149 5.02729 4.81603 4.48933 32.03 26.8959 20.2459 0.000250954 138.896
-65.6143 2.60107 27.8349 39.9058 5.29783 15.2564 157.922 45.0722 39.384 16.812 29.0155 66.4069 14.3896 21.3793 15.3028 21.0983 16.2419 87.2029 70.7537 12.1068 13.9933 10.2545 17.3114 6.90612 4.48933 47.6051 20.913 23.6939 2.40749e-05 134.829
-66.8597 2.94647 27.1892 39.7134 6.78289 14.8628 163.335 45.0722 40.5624 16.2368 19.692 66.4069 14.3896 24.006 21.7574 27.3611 16.2419 60.256 79.855 14.4819 17.7555 26.2281 7.6372 4.9677 11.1323 38.6713 29.961 7.12561 4.29778e-05 138.238
-64.4487 7.23576 25.6188 35.4018 15.5618 15.5051 177.012 26.2849 34.6824 21.8679 15.19 65.4163 21.2745 13.313 19.3341 22.2818 32.584 8.33479 79.855 70.2976 7.82926 33.6974 0.960604 18.1908 2.74305 48.3432 13.6704 0.508549 5.94137e-05 138.854
-63.9714 4.82678 26.6303 35.2237 9.10392 15.2937 161.575 34.688 34.6824 41.7849 12.7899 38.869 40.1194 13.1163 24.0406 30.2083 25.4341 37.0157 75.0222 55.3576 2.37621 1.45963 2.19637 7.88491 24.8124 51.7533 13.6117 34.6263 0.000253682 140.706
-65.5034 3.50186 24.7008 39.4669 11.6212 10.9329 161.953 29.3338 49.2144 38.8139 9.77353 43.1284 38.176 1.187 27.8172 22.3639 36.5646 42.5112 35.7605 93.4362 2.37621 15.2645 5.51706 8.6208 1.42641 51.7533 27.6913 29.8052 0.000412253 144.414
-68.9788 7.14482 24.7008 39.4669 7.42221 12.7744 161.953 27.1592 49.2144 35.2852 28.6616 33.1191 31.4832 8.09695 38.8364 17.2551 43.3414 51.4821 50.3842 46.8493 2.37621 16.9456 0.158099 24.0811 3.03996 37.2794 28.9014 14.2533 0.00012658 139.753
-65.316 9.97462 20.2985 38.5869 7.01041 13.8233 162.141 30.6456 52.7579 25.4659 16.0755 40.0577 29.2698 14.4295 41.0849 22.5255 28.4609 63.307 41.5402 46.8493 2.57567 18.0847 0.470665 64.4869 3.03996 24.829 12.1663 12.9671 0.000576701 142.073
-64.5284 9.9616 20.2985 38.7125 5.81105 14.7987 159.785 33.5108 52.0261 44.9378 14.2596 24.7351 27.3536 19.442 27.4196 20.6181 30.1853 59.3174 41.5402 67.2146 7.97461 16.7331 7.30775 65.9247 3.41806 9.27466 2.54313 18.7742 0.000411073 137.133
-64.9904 8.70733 20.4635 39.7195 7.04927 13.2253 166.058 25.2487 54.8076 44.9378 20.8218 30.3542 22.4174 12.4942 30.7483 22.5875 39.7327 39.0952 41.5402 80.2458 7.97461 19.2623 6.62653 40.637 5.0823 6.59772 12.4233 7.09393 2.46712e-06 136.006
-67.4777 10.755 20.4635 39.7195 7.00227 12.7508 173.162 18.2757 48.9749 40.3515 26.9725 33.7393 19.6213 8.31475 37.3615 19.9526 17.8611 23.1912 61.8812 82.3793 14.5521 19.3593 0.930035 59.7941 0.5539 8.26892 7.69266 39.1903 2.46712e-06 139.3
-65.7534 6.85917 20.4635 42.6094 4.92391 13.8708 173.162 17.9549 51.1226 38.7317 19.1417 37.7291 27.1584 7.40031 52.217 0.234755 21.418 23.9123 73.1111 86.0768 9.04955 6.7961 6.27253 41.1815 6.03547 9.1207 19.0316 44.5286 2.46712e-06 137.045
-66.2068 7.99805 20.0618 42.6094 6.00006 14.3058 173.162 1.11373 62.4648 37.3706 24.7705 42.8272 24.3568 21.2474 24.1558 8.1812 6.11997 30.8832 73.7341 89.4334 1.11919 17.7289 22.3359 30.4274 17.1042 8.1445 15.0218 27.229 0.00469557 142.316
-66.1834 6.80528 20.0618 42.5958 8.48386 12.9189 175.643 0.948473 59.0365 41.5077 28.8321 32.8393 29.237 21.1053 22.5093 19.2449 6.11997 35.1714 73.7341 83.4758 1.11919 19.6269 2.38745 33.4672 20.108 24.7425 9.61305 7.38642 0.00114224 138.839
-65.6231 7.48013 19.8202 44.632 6.29146 11.4579 175.643 12.0257 59.0365 33.3045 28.8321 25.4857 33.4422 17.425 32.5025 4.65623 6.11997 36.2836 82.1809 85.6485 4.84591 30.5853 3.4404 20.3489 18.3144 9.86038 15.8317 19.2194 0.00876499 142.317
-65.8136 5.7857 20.614 43.5531 7.94149 10.9037 179.583 5.66415 59.0365 27.1814 35.5419 25.4857 35.8349 19.0452 38.3803 4.52076 36.0818 33.8433 39.1478 80.6363 4.84591 39.7203 6.12294 29.8487 1.01726 11.6338 16.8312 14.8061 0.00118614 138.343
-64.2347 8.47979 18.7798 43.1146 7.57739 10.9037 172.237 5.66415 60.9426 24.2697 33.6059 29.1816 34.3392 14.4995 40.9785 12.9599 49.1956 31.6593 29.441 84.7561 3.4903 45.8572 7.92478 24.7112 1.78204 15.5637 13.0307 20.0974 0.00237302 140.033
-63.0707 11.6034 16.4756 42.3724 7.4396 10.8547 172.237 3.06445 59.2092 28.3085 22.3969 40.929 37.7574 25.1088 34.9998 9.34996 44.2411 41.512 18.4238 84.7561 0.139156 50.5866 16.5615 5.82275 4.38852 8.68505 17.7388 44.6197 0.000604409 143.853
-65.0685 12.5226 4.85235 54.8639 9.72104 10.9192 180.815 24.5143 39.048 39.3327 17.3715 23.5143 39.9754 2.5553 31.4612 28.2162 51.9593 50.0299 16.6236 84.7561 2.59089 37.1384 14.6261 0.442525 3.29383 30.1848 22.6908 21.6932 0.000885348 148.975
-65.9718 11.5045 4.85235 54.8639 7.58743 9.57575 177.997 20.2277 40.2084 39.3327 24.2085 31.9792 41.2301 2.5553 35.4128 27.3977 45.7729 43.4336 25.7726 72.726 3.43525 9.99422 7.48779 9.79902 35.677 26.266 17.796 15.0903 1.34995e-05 136.596
-65.9155 11.0763 4.85235 55.1421 6.78668 10.7081 175.301 32.4938 40.2084 28.5036 20.6123 21.7446 54.838 7.25945 26.31 17.4331 29.2791 42.2823 35.0312 72.726 28.4959 12.0281 2.96963 6.00041 57.1712 17.384 10.4324 13.4165 0.000392902 135.253
-66.3471 13.4515 4.85235 55.1421 7.20428 9.32946 175.301 39.9797 34.3784 23.6145 9.18731 22.8606 54.0902 8.36315 40.6767 14.3358 41.0583 39.3002 44.3154 73.0086 6.39646 11.0367 9.19573 23.4218 39.1442 10.5499 14.0921 26.5703 0.000408153 137.176
-66.5327 12.493 4.85235 55.1421 6.7327 10.7709 175.301 34.3196 33.2741 18.3511 7.00742 31.5736 56.0677 20.5258 35.051 10.7167 66.8952 41.5944 44.1827 44.3552 2.69219 18.3331 41.9537 4.85084 1.33347 6.84316 11.1299 44.9672 0.00174362 144.969
-64.8901 13.5645 5.64367 53.5444 5.7028 11.5471 175.301 37.1577 30.6913 18.5932 5.29571 25.4576 69.9593 18.0907 28.8459 13.3537 70.7376 41.3363 23.1835 52.5992 25.9762 35.7809 42.1019 3.25875 8.57753 3.00323 7.9475 24.6205 0.00281235 139.797
-66.2432 14.5969 2.86817 53.5444 5.40739 11.5471 175.301 26.6634 38.8475 23.5689 12.8768 26.3133 69.9593 12.9166 28.3945 17.2449 77.9949 14.9978 24.5574 52.8796 26.9972 16.4513 62.3114 1.12255 11.7439 5.72772 13.2822 47.9251 0.00658886 149.393
-65.0019 15.8897 2.86817 53.6519 5.36551 11.2615 169.143 23.3949 47.5882 20.0405 5.65645 20.6572 69.8786 30.7614 28.2063 8.73759 73.071 36.8868 32.7032 39.5958 24.0127 16.7212 28.8751 15.9548 9.9816 3.25944 9.18271 55.4784 0.00512778 141.697
-67.3493 15.9749 2.71167 53.6519 7.04503 11.5224 169.143 27.3997 48.1521 34.9504 11.9893 14.8469 48.9934 29.029 36.2297 11.4703 26.2608 50.789 80.42 15.6895 20.9902 26.5909 31.8597 16.3473 15.9906 22.6676 8.07342 15.0461 0.0107289 144.787
-67.1574 15.9749 2.71167 53.6519 7.42643 12.724 169.37 25.6979 48.1521 31.67 9.21505 19.1594 49.8347 41.793 15.6439 18.8381 21.975 54.0635 81.4446 21.1076 14.0548 12.7825 33.6291 31.6694 24.0219 6.06696 12.8268 40.2221 0.0107206 148.077
-64.7827 16.6743 2.71167 53.8926 3.41774 12.9425 169.37 28.1652 53.861 33.0601 9.21505 14.5532 49.2824 23.2036 29.5301 12.9562 21.8847 51.8668 96.7215 6.73638 47.3018 6.9452 7.90881 51.7897 15.7069 12.265 3.98902 8.27517 0.00127922 143.876
-66.8358 16.6743 2.71167 53.5859 3.62337 12.9425 169.37 28.1652 52.5255 30.6169 29.7055 8.0933 46.196 32.9551 8.53346 26.5658 13.5919 54.6572 77.6298 15.577 42.1105 10.8115 2.72551 30.7238 13.8251 23.1186 2.96347 36.5323 0.000207533 138.605
-66.8589 14.78 2.71167 55.0834 5.01641 12.759 169.072 28.1652 47.1718 37.8923 26.6454 8.16775 41.9769 27.4109 8.53346 28.734 3.08364 60.9152 77.6298 15.577 59.7229 18.6637 28.9408 24.3785 6.42819 15.494 6.37982 13.4237 0.000384497 135.984
-66.9026 14.1401 2.71167 55.0834 6.27732 24.9931 127.697 59.0075 49.2575 43.5452 32.5363 13.1622 22.8765 16.64 21.8469 29.0348 12.7533 60.9152 82.0414 18.3519 42.2784 15.7409 10.0278 24.5879 15.6489 23.6312 7.59121 7.28259 0.00927458 146.123
-66.9345 10.3871 13.6924 44.9975 11.1684 24.3268 126.118 51.1673 46.4996 67.7165 27.1074 15.8416 18.1282 18.3525 22.9867 13.6722 15.8416 54.8664 78.0392 19.7701 42.2532 46.0191 4.51307 10.3871 22.0111 15.3179 7.65809 14.157 0.00618597 143.229
-66.8399 13.1567 13.6924 44.0242 8.13719 14.0571 126.118 64.9008 44.4748 67.7165 23.2078 10.1091 17.9314 21.4774 30.1609 14.0584 39.4486 33.5592 80.2751 19.7701 38.6976 33.2165 8.18721 15.0844 26.9553 15.7308 4.3881 19.1565 0.00358302 137.335
-65.9097 13.1567 13.6924 44.0242 6.29406 15.1259 126.118 61.8085 51.5609 76.6621 25.9226 4.45411 19.4196 9.68404 35.3036 17.2835 36.6821 34.9746 80.2751 19.7701 42.878 19.8894 2.77702 18.6582 31.6387 14.3027 8.28809 4.97376 0.00193264 138.338
-64.8737 12.5972 11.7325 44.0242 7.90176 17.0581 117.694 72.9765 51.5609 69.9265 17.3653 1.72311 29.5603 10.7783 37.7042 20.6479 21.758 49.0657 48.6833 32.7777 45.5793 37.9384 21.4093 12.6311 2.87016 17.8504 0.41844 56.3128 0.00439332 147.268
-64.676 13.4158 12.2658 44.0242 6.1437 17.0345 117.694 70.576 51.5609 76.3909 10.0908 1.72665 36.4732 11.0382 36.5273 4.91432 21.7105 41.5193 63.1679 39.0078 44.8744 3.81663 23.525 28.0106 6.03527 18.9192 10.4406 54.7951 0.00813878 145.266
-67.0697 13.4158 12.2658 44.2806 8.20614 16.9902 117.694 59.2738 55.4701 76.8668 9.2109 1.72665 46.983 9.34042 51.1159 4.36879 22.8024 37.274 64.4444 37.422 56.0194 42.749 7.43216 15.2957 23.1831 0.682006 12.7809 10.1156 0.00132985 148.812
-65.074 8.80991 12.2658 49.3705 8.12862 15.2968 117.694 66.6271 49.2971 78.3317 7.87771 6.22136 38.5562 15.1195 47.6517 6.87902 3.29532 24.4658 64.4444 55.3693 48.5237 30.1743 30.9594 6.95805 27.7087 7.29716 2.36194 15.6758 0.000970176 140.334
-65.2871 7.26079 7.33149 57.5988 6.36767 25.8435 112.95 50.2229 52.5033 78.3317 15.9985 0.106246 38.5562 9.37279 30.3792 25.597 7.03659 72.4629 47.3137 51.9432 33.5634 17.3931 40.3802 18.1744 3.01358 4.80882 26.5345 24.2703 0.000664805 148.073
-63.0149 7.02666 7.33149 57.5988 5.0353 28.2449 112.95 33.7246 64.8 105.258 1.0035 6.20593 18.1871 12.0423 36.4437 30.0482 8.48725 74.2926 35.4526 16.1422 63.2252 7.17968 49.8201 11.6356 23.9305 0.86422 12.9849 4.01117 0.000523595 151.75
-63.7363 7.97847 7.33149 57.5988 5.0353 28.2449 112.321 33.7246 76.4629 102.168 1.0035 8.10405 22.2419 5.14154 26.1463 20.5358 17.4228 77.6365 45.4856 16.1422 69.3023 13.1088 30.9902 16.0674 10.6203 6.78969 14.1747 14.3363 0.00416741 147.618
-64.386 7.88436 8.29944 57.5988 5.53662 26.7967 98.7134 28.4868 75.7272 102.168 6.05515 19.4391 24.7247 5.49644 33.5814 18.4208 4.17088 89.7767 49.0973 10.1884 61.6384 15.8379 27.3061 17.6796 4.72388 15.5444 13.0262 17.8328 0.00143638 147.118
-64.959 6.78931 8.29944 57.5988 5.53662 20.6953 105.372 28.4868 72.2624 102.168 8.36014 17.6639 24.4945 12.3323 28.1431 23.8785 7.19493 83.1632 41.4183 10.1884 69.1478 6.41454 5.24778 19.0316 16.1756 32.6938 13.0262 24.6131 0.00029135 146.009
-65.578 8.17046 5.79401 57.5988 5.53662 18.4072 131.192 28.4868 70.3316 102.168 0.601722 15.8155 6.84653 9.90756 36.9726 19.6441 11.3015 83.4956 40.3442 30.1089 39.94 13.6374 6.20673 5.7615 7.22625 38.9049 16.5976 58.5666 3.00208e-05 140.502
-66.0756 12.5583 5.79401 55.7297 4.80684 15.8914 135.058 25.3915 71.9945 102.946 4.66551 17.8923 4.93947 9.06509 21.963 28.1585 11.0237 89.6321 57.2667 15.8935 33.125 17.5647 13.7388 8.97753 8.66712 39.3178 1.79079 64.4187 1.17216e-05 139.077
-64.5895 12.4964 4.23171 55.7297 4.80684 16.5408 135.058 19.3658 73.2758 102.946 4.14816 13.2102 17.8648 0.424371 22.9664 47.1408 20.9438 97.0128 38.7389 12.869 18.5816 12.5858 30.0999 23.9821 3.63211 20.7126 15.2066 17.9984 4.89958e-06 138.124
-66.0594 12.4184 3.9332 55.7297 5.45815 18.3261 109.232 51.5281 72.1799 102.946 1.2746 7.72488 19.8427 0.424371 28.483 35.2398 5.45076 97.8925 35.8268 32.5282 30.7046 12.1081 3.58267 7.55496 3.7572 20.6736 24.248 87.6152 4.75594e-05 140.931
-66.4328 12.4184 3.9332 56.016 3.74098 18.9998 102.443 59.3499 72.7167 102.946 2.46939 7.62781 19.8427 7.66248 28.6545 20.4733 13.2839 94.1225 21.7678 21.3984 47.5783 23.5383 17.5881 7.01634 5.84351 13.5404 22.7095 44.3373 2.62169e-05 139.365
-68.2752 12.6104 4.47666 56.016 5.60886 19.2046 102.443 59.3499 65.8401 102.946 2.47586 7.51864 19.8427 4.96359 33.7187 20.1891 31.2207 117.824 22.015 15.518 35.9255 23.5507 15.6775 5.73938 4.27069 12.353 20.5123 31.7612 1.47706e-05 140.788
-66.6452 12.0932 4.47666 56.016 4.92341 18.4385 102.443 59.3499 67.8239 94.8603 4.57443 8.71159 13.9285 8.44985 34.7101 19.4469 21.791 118.134 15.612 23.925 32.971 33.149 14.6435 11.219 7.04318 11.5591 21.8248 36.0611 4.16739e-05 138.502
-66.2055 15.423 4.47666 54.6714 2.23679 18.4385 104.395 54.0675 75.4019 96.5648 15.9699 3.49004 13.9285 6.98322 36.8097 11.3412 21.7568 114.9 13.0223 24.5508 39.7025 28.0435 12.5214 9.77997 12.6543 9.64768 13.3367 31.1528 2.58715e-05 137.049
-61.7316 15.6983 2.51156 54.6714 3.96319 18.4483 106.576 57.9368 71.4199 96.5648 12.2004 1.59376 13.9285 19.9372 26.3546 18.7336 15.7788 104.617 16.8629 24.5508 37.1499 11.4206 5.6745 35.0955 6.66645 18.6951 21.7024 13.8463 0.000291995 142.619
-64.993 15.6983 2.51156 54.6714 5.76919 17.4087 102.768 16.4685 109.987 96.5648 8.78209 2.02146 13.9285 22.8982 30.7508 19.1484 8.95069 89.7377 29.5335 24.5508 51.753 4.89773 7.3614 35.3632 20.9026 24.639 3.79471 34.3956 0.000169897 139.066
-66.0601 15.1021 2.51156 56.3126 2.49139 20.8189 105.692 16.4685 109.956 105.66 10.4763 13.1302 3.28216 9.41563 30.761 18.0512 1.65288 89.7377 35.2985 20.2566 55.7453 10.5733 0.676838 33.6058 21.0499 23.1144 4.32192 53.725 0.000169965 141.572
-67.626 14.6615 2.51156 56.3126 3.13897 19.5485 108.536 16.4685 98.1944 78.8973 14.1105 19.0985 9.97936 26.143 31.5982 16.8303 2.95427 93.2793 43.7544 34.2775 43.7286 12.0581 3.13199 22.9831 13.0236 44.8886 4.19382 3.50352 4.51068e-06 138.382
-66.652 14.6991 2.51156 56.3126 6.06922 18.1976 113.522 16.4685 103.093 78.8973 16.658 16.0632 7.02087 20.2383 25.8903 15.5785 31.5065 84.0582 20.1893 42.33 50.2584 3.64206 5.62093 43.7731 1.38025 21.5981 2.00399 20.3866 4.51068e-06 139.268
-65.7658 12.7116 2.51156 58.4775 0.850392 19.8797 113.522 14.523 103.293 76.8181 33.6346 8.24534 11.6069 25.6674 19.5577 19.9474 22.0768 84.0582 21.2393 42.33 28.4533 12.5945 1.99371 38.3684 18.1456 26.0389 8.59329 18.6583 0.000134039 135.837
-67.4942 12.8426 2.51156 58.4775 4.76948 17.9917 113.522 11.9605 105.972 76.8181 27.4707 8.24534 12.8844 29.7937 13.4648 19.2264 26.1659 84.0582 17.7152 42.33 48.0282 7.44414 5.2202 33.7655 12.7036 22.1591 18.8104 3.78692 0.000651232 137.62
-67.8287 11.7691 2.16474 58.4775 8.04933 15.2158 97.1174 25.6237 105.972 75.3403 27.62 11.02 9.1855 34.0411 12.172 18.9196 27.806 84.0582 24.4783 39.8229 36.417 6.77345 30.9905 22.3706 31.5347 5.9742 8.14202 11.6249 0.000845933 139.261
-66.357 12.0178 2.16474 56.5641 6.90223 19.3043 97.1174 25.6237 105.972 75.3403 20.8984 11.02 14.4959 27.5746 15.1849 23.041 31.6421 90.9409 5.0829 9.12782 90.5555 6.50936 29.705 7.20089 20.0204 21.2739 6.81929 3.60057 0.00198833 140.63
-67.2073 13.4693 0.595103 56.5641 6.91759 20.4127 83.0693 30.0966 120.069 75.3403 16.8169 9.85622 19.4647 19.2022 19.4315 25.7642 21.2353 68.7425 27.6173 11.1049 92.2826 2.04509 39.7398 7.16886 7.34526 17.3214 17.0456 7.45862 0.00903119 146.087
-66.171 13.4693 0.595103 56.5641 6.73214 21.2819 92.1844 30.0966 120.069 72.7825 8.84147 9.85622 20.3441 27.8301 16.5507 23.1382 15.6902 89.9759 27.6173 8.32042 68.9341 1.63113 27.3996 9.7965 4.92627 35.4286 14.6904 21.0918 0.00557926 148.539
-65.9035 15.5733 2.67411 52.761 5.28006 21.283 84.5793 30.0966 121.767 74.4357 9.85284 14.9405 17.3677 29.662 6.95921 29.0908 34.9713 89.9759 16.6608 7.07079 65.1497 0.655236 25.7976 15.6243 7.60105 12.7903 18.276 57.3452 0.00461176 142.864
-66.9288 14.538 2.67411 54.4097 5.08063 21.2675 78.3094 30.0966 121.767 61.0747 26.594 14.9405 13.1489 38.2445 8.6973 29.7612 17.0089 75.0978 23.9788 24.0796 70.596 0.689937 15.2599 3.13034 2.86374 13.1183 46.4616 42.8633 0.00561109 144.261
-66.9239 14.7958 4.9743 54.4097 10.0348 15.9746 78.3094 30.0966 121.767 51.0273 31.4425 5.11129 32.4222 29.7774 12.8867 29.0012 20.6472 75.0978 31.1085 31.2017 49.6661 0.689937 30.3838 19.041 4.08881 3.06412 40.4888 9.87072 0.00138004 140.413
-64.1439 13.6769 4.9743 54.4097 9.44811 17.7116 72.258 30.0966 125.161 52.5644 36.7709 6.64565 31.9576 14.4322 26.9526 24.0575 21.6754 58.0599 51.6974 28.0294 42.5043 25.6781 17.0357 18.9738 5.8146 0.998227 28.187 30.5419 0.00134634 139.16
-68.7573 14.3603 5.39566 54.4097 7.48013 17.9836 77.2346 30.0966 120.505 54.8239 40.1804 6.64565 28.8263 13.6406 17.7782 24.4325 13.3316 69.5286 53.9414 39.9328 29.1288 29.079 27.0088 14.8669 25.4437 8.77249 23.1573 1.50449 0.000566989 143.037
-66.3153 14.8666 4.09093 54.4097 7.48013 19.018 73.1305 29.2744 127.067 56.2771 33.7102 6.64565 34.4535 18.2852 14.641 26.9494 3.6247 84.1049 37.8222 46.2311 37.4179 22.4166 22.7925 18.6002 4.7992 11.0134 7.81347 32.0315 0.000199946 136.979
-66.2369 14.9615 4.09093 54.4097 8.52025 16.8117 66.0935 29.2744 127.067 55.9892 35.9766 6.64565 16.5568 49.2485 7.68288 17.6446 3.06118 94.8311 46.22 47.7796 19.4329 24.9076 11.7767 18.2623 9.86087 12.7321 18.7322 28.0504 0.000123085 138.925
-66.475 14.5075 4.09093 54.4097 8.52025 16.9915 66.0935 29.2744 127.067 64.1119 30.1758 20.6713 16.4224 49.2485 7.68288 11.7956 22.6667 95.9623 53.0077 9.47744 13.3766 16.1972 9.56204 12.2659 42.3206 22.9504 13.1575 13.0692 9.18916e-06 133.005
-65.5908 13.7035 4.09093 55.0765 9.10344 16.9394 76.1755 29.2744 126.584 48.6886 28.9318 24.3034 15.0989 48.491 7.29013 19.1183 25.0943 97.4286 53.0077 9.47744 6.50915 23.7278 30.6268 8.57954 6.47501 31.6458 10.4303 3.0648 4.00553e-05 134.203
-68.0442 13.7035 4.09093 54.2952 8.09519 17.3226 75.9552 29.2744 124.832 47.9399 32.274 30.428 16.0553 41.5977 5.34685 12.2009 27.5675 97.4286 53.0077 22.2349 8.62636 29.5713 19.6206 19.7374 1.94162 26.4356 0.779373 7.90121 9.07808e-06 137.474
-65.3422 13.7035 4.09093 54.2952 5.99679 19.9192 73.4876 29.2744 122.293 44.5586 28.922 29.083 17.9558 43.2181 5.71335 19.5072 33.3567 97.4286 36.7502 30.8632 8.0347 42.3524 4.4089 16.1991 22.2161 27.7635 2.8146 0.996693 4.4503e-05 134.243
-65.1267 13.0834 2.89617 55.9346 3.64573 21.6332 78.2692 36.8125 110.896 42.9832 23.6022 25.3575 26.0702 45.0991 13.3177 19.8731 25.6098 105.284 29.3559 29.7834 13.256 38.2744 9.71748 17.0248 12.5051 12.8734 4.74254 17.8117 8.05466e-06 134.602
-66.4762 12.1918 9.10071 50.1877 3.64573 24.4099 78.2692 36.8125 116.024 44.1712 24.4138 29.2795 29.2002 28.4008 15.1926 19.4987 22.5253 105.282 29.3559 31.1742 7.66395 34.2909 12.7719 19.2323 9.93081 19.9882 3.98016 19.1786 8.05466e-06 132.249
-67.1483 12.1918 10.557 47.3771 3.28021 28.0045 78.2692 33.22 116.946 38.545 32.5999 28.4244 18.5632 37.4098 17.3246 11.7021 35.3359 105.282 29.3559 21.8224 19.7778 39.6995 11.4967 15.6989 3.36696 33.1367 3.62693 5.61945 5.22062e-06 137.012
-66.7534 17.2099 5.17833 47.3771 3.72684 33.2645 71.1965 30.8721 120.57 58.5414 32.5999 3.29013 17.1163 51.1951 15.3448 10.9098 23.7485 105.282 29.3559 20.9702 20.8331 23.8915 10.5372 19.406 6.83001 43.6344 2.41606 16.733 5.22062e-06 138.963
-64.8186 18.5449 4.01622 47.3771 4.86649 33.4316 75.0606 30.8721 115.656 66.063 24.7837 3.29013 17.7454 51.1951 11.6469 10.9208 36.6015 96.6745 29.3559 19.0051 19.5953 21.1133 4.64766 19.406 11.9673 39.2877 2.41606 16.0143 5.22062e-06 139.892
-65.3746 17.8195 5.05687 47.3771 4.86649 33.4316 75.0606 30.8721 112.041 50.4001 36.0757 3.29013 18.5498 51.9913 15.1007 12.4237 41.4206 96.6745 29.3559 10.8226 43.38 16.5239 3.35626 18.0721 13.2747 27.0959 5.58791 16.904 0.0002846 144.097
-65.4094 17.8195 5.05687 48.7098 4.86649 32.0962 75.0606 34.1581 117.448 50.4001 35.3019 3.29013 15.5108 48.273 23.4966 8.02093 35.8831 85.0842 29.3559 15.3386 46.1265 14.8623 26.5266 16.5972 13.2396 18.9012 4.87938 14.8586 0.000154966 139.35
-65.6417 17.8195 5.05687 48.7098 4.86649 22.2853 75.0606 34.1581 120.158 59.6473 37.0002 3.29013 15.1855 38.6157 32.1968 5.40526 26.0576 62.8516 53.0859 15.4728 46.1265 10.4555 11.4011 18.8741 8.86873 21.2486 33.2307 16.0586 0.000655243 137.649
-64.5005 18.9868 5.05687 47.3328 4.46195 27.7052 75.0606 34.1581 117.981 60.3812 34.6916 3.29013 15.891 38.6157 38.5486 6.48477 24.9613 53.9883 51.6126 14.7865 47.6676 13.1936 8.02529 8.51631 22.2076 33.5507 18.2119 12.7718 0.00106106 144.292
-65.5667 18.9868 5.05687 45.7411 16.2407 11.8844 75.0606 34.7069 113.24 60.3812 38.4644 6.09401 17.8827 38.6157 32.3631 6.48477 25.8365 72.7116 33.072 20.932 55.1934 14.6792 5.08195 19.4668 12.9162 46.5898 9.17483 9.27766 6.23298e-05 136.056
-67.1577 18.9868 5.05687 44.1834 16.2407 14.9148 75.0606 34.7069 118.351 68.2995 35.0517 4.98128 11.369 45.1791 22.7708 1.51156 29.5236 35.7797 33.072 19.2785 97.139 14.2884 4.6185 2.84832 7.3742 49.8763 27.4112 3.03234 1.82416e-05 143.746
-67.5556 20.0205 5.05687 43.8383 16.2407 15.7849 63.8042 45.9126 117.821 68.2995 35.5147 9.41082 7.07327 40.3797 17.7353 3.40972 29.5236 35.7797 33.072 23.9791 109.08 3.68944 1.46515 7.60027 3.59656 32.9794 37.4277 13.9352 3.26889e-05 139.615
-68.3026 19.6255 5.05687 43.3037 16.2407 15.7849 65.1583 45.9126 118.923 68.2995 35.0653 9.22799 6.37115 50.9682 18.0796 3.60307 28.0453 19.4556 37.8642 24.7621 109.08 12.5879 5.43756 10.8262 8.41248 8.03958 42.75 9.2839 9.55973e-05 140.459
-66.8617 19.6255 5.05687 47.7139 4.98284 24.1682 55.0777 56.1077 119.508 61.2446 39.4783 9.22799 5.30367 46.6533 21.1849 4.2115 22.5364 25.83 37.8642 27.7483 109.08 39.1952 6.18336 7.45863 7.7842 12.2573 10.8354 6.24271 0.00155681 140.037
-67.4859 19.6255 4.81272 48.1627 5.17163 24.1682 55.6665 57.0697 112.865 62.6646 45.1095 8.39973 1.87755 42.1838 8.21246 17.8357 19.1354 39.0979 72.4091 17.7529 74.1385 1.03856 25.1543 5.4914 22.546 9.01009 16.2557 48.6842 0.00176921 141.466
-64.8169 19.3259 3.98148 47.6524 5.83894 24.1682 59.3495 60.5407 108.752 56.2167 46.9142 8.39973 1.62012 39.5642 18.5263 13.6919 15.0356 45.9562 72.4091 10.2815 72.8475 19.068 2.84734 13.5456 25.5546 1.54197 19.9598 51.0124 0.00201065 140.452
-66.9825 19.5557 3.57134 48.5103 4.9899 26.3129 64.3087 55.7662 109.507 64.4019 45.6817 9.75199 2.19485 29.4024 17.6604 11.3551 24.796 48.9951 86.7332 4.69642 55.6456 7.54124 4.5101 8.95649 20.1324 30.9621 15.3716 29.2643 0.00213238 140.959
-66.5366 15.5715 3.57134 53.5615 1.8067 25.7857 63.7733 42.1952 116.177 69.0001 45.6817 5.86329 3.09403 28.6374 20.8158 17.0464 22.9672 39.8913 86.7332 10.501 56.0968 5.75654 8.56922 13.8463 10.2105 32.4939 19.7381 48.0729 0.00189276 140.728
-66.8997 11.5814 3.57134 58.5876 0.894825 25.7857 63.7733 47.5753 120.658 66.875 39.7257 5.86329 4.49147 31.7633 18.7759 12.5541 28.739 34.3703 86.7332 6.9651 62.4794 5.29118 6.04665 14.4204 24.7963 24.2428 7.17988 51.4293 0.00261758 139.907
-63.127 8.76251 4.42057 59.2143 0.894825 25.7857 63.7733 48.5939 118.72 65.5879 39.7257 5.40826 13.3045 28.8964 24.7068 10.3455 28.2186 18.477 86.7332 20.19 74.2544 8.75586 0.775797 13.3911 25.2817 10.2703 10.6846 31.5049 0.000192562 143.221
-65.9473 9.5011 4.10372 58.0033 10.6363 25.7857 66.3567 48.5939 107.062 55.6322 37.0102 5.40826 19.8529 22.2328 26.4532 16.9262 13.681 33.1242 97.3063 5.21876 84.5885 3.61979 11.3632 3.6087 32.2849 20.3913 10.7046 5.90651 0.00238263 143.83
-66.963 11.3132 4.7231 58.0033 15.452 20.7043 65.984 39.6123 107.062 56.3788 37.0102 6.90371 19.8529 22.968 23.3776 24.9978 8.40386 36.1581 89.1949 27.4005 47.2989 5.98295 9.477 22.2096 27.227 33.0455 14.5763 4.61247 0.000265484 142.655
-64.9777 15.497 4.7231 48.9747 14.904 26.3064 52.2032 49.0919 109.93 47.0457 17.8929 24.1076 43.1049 26.0384 31.8561 17.0865 16.6142 21.4052 97.184 19.1178 34.1316 6.26079 16.7505 4.4401 30.6772 17.1307 6.79895 50.8178 4.90009e-05 145.952
-65.1898 15.8713 4.7231 49.6344 11.8138 28.445 47.8568 56.8174 110.709 42.2203 21.7011 20.4107 43.1049 20.0538 22.7278 26.2918 24.6772 79.6817 18.8984 39.1933 39.4309 1.20827 30.5815 7.14803 22.1907 24.2018 11.9282 44.0808 0.00152449 142.54
-62.6967 17.915 4.82401 49.6344 3.83179 28.445 49.1248 69.827 110.509 47.8721 15.0709 11.857 42.5483 3.66954 44.4462 20.9347 10.0022 81.3138 30.139 38.5215 47.719 14.5058 33.8238 8.45052 24.9413 7.08248 8.06914 28.6093 6.77645e-05 143.806
-65.495 14.8046 4.84085 51.2621 3.83179 28.6819 36.2874 73.8953 114.8 41.5752 29.0433 9.57142 40.7913 4.52173 33.1173 32.7544 12.0985 68.2949 37.9849 51.8299 26.6524 7.39969 44.6819 6.774 21.2128 3.34114 12.8709 33.4852 1.0338e-05 138.423
-66.1925 14.8046 6.06087 49.8792 3.83179 28.6819 36.2874 79.8123 117.84 32.9366 40.7976 10.6171 36.4306 0.266269 23.871 31.2452 48.1916 70.8055 17.2461 65.8956 4.14551 2.47404 38.4952 17.4328 21.8242 2.4485 21.9838 32.4956 2.46755e-07 135.524
-65.2438 10.8082 8.22599 50.6032 2.18451 27.0226 42.9914 62.0035 122.603 28.0575 47.4701 30.4348 32.0415 5.22194 4.53902 25.7858 35.7701 72.0206 22.0343 55.7918 35.1787 11.9171 18.2529 13.3485 28.1012 2.16499 44.8818 34.1517 1.3651e-05 154.865
-66.2802 11.2363 10.0748 51.0341 3.39945 27.0226 38.3669 62.0035 120.519 40.0538 42.8744 12.6232 44.7466 3.58583 7.08249 47.4912 5.1792 65.2672 37.2687 50.4953 42.706 23.8314 5.21551 57.1533 14.1444 2.21714 13.1969 0.3907 7.06352e-05 137.541
-65.2803 11.2363 10.0748 51.0341 8.22993 21.2727 44.516 61.2679 125.123 16.7888 48.3342 6.07938 50.4661 8.17701 14.1255 47.4912 3.6768 57.6271 53.8076 56.8926 23.1653 9.33742 5.73151 51.2527 12.7489 16.4152 13.8828 7.24257 4.99281e-05 134.263
-64.7453 10.3164 10.0748 51.0389 9.84687 21.2727 44.516 63.759 124.412 16.3091 48.3342 6.07938 52.5334 8.48764 9.56919 54.0219 5.76326 43.4352 61.14 58.3453 22.1927 5.54553 9.62325 56.4922 10.9992 10.5583 17.8316 5.03106 2.34191e-05 135.507
-63.1137 8.85321 10.0748 51.0389 9.84687 21.2727 40.0687 53.2149 141.428 17.7681 43.1878 17.1169 49.3923 5.38397 13.3519 39.0457 9.82386 22.0863 32.997 105.704 24.2731 8.56539 23.357 41.413 11.6938 18.7116 6.8016 16.9109 3.90267e-05 137.207
-64.3262 9.79606 10.0748 51.0389 7.42562 23.8819 60.2408 37.1574 138.239 17.7681 28.7198 23.5331 43.7553 0.792076 28.1121 41.0994 27.0838 22.0863 17.192 105.704 20.2656 1.76197 32.6474 0.726851 46.3296 17.985 9.88362 27.4373 8.39244e-05 141.052
-64.3255 11.6984 10.3989 46.2893 13.15 19.0548 53.7705 41.9944 127.515 32.6131 28.6833 23.661 41.1299 10.9625 10.0314 41.8408 74.1638 23.7851 30.8312 71.2653 12.4255 3.80635 10.7351 17.8939 7.40472 66.1671 11.7027 9.78675 0.000114148 142.457
-66.1646 13.4746 11.7443 45.8331 12.8256 15.654 57.7746 43.866 125.481 39.7628 33.8181 18.6484 31.9237 17.133 7.68721 43.2274 74.1638 7.83383 31.1736 68.2956 12.4255 3.80635 5.43588 11.1559 7.27761 84.5132 6.43639 28.5424 0.000360585 140.818
-65.8783 15.9869 11.7443 44.4907 9.92619 17.111 52.0872 52.1785 121.744 45.2414 25.5052 18.4766 29.9409 20.0242 7.5202 50.4244 80.889 4.34296 37.1109 67.622 13.177 15.2904 5.84732 10.3301 4.99511 65.226 1.07931 7.18736 0.000328112 139.597
-65.3471 17.4344 9.00898 43.6971 11.1751 17.8403 55.1397 53.7009 120.4 23.2265 39.5724 12.3375 56.8924 12.7357 1.42658 40.0136 80.889 4.34296 30.1497 67.622 14.5122 1.38712 8.75589 13.1667 12.0362 64.445 1.07931 32.4612 0.000177027 138.836
-62.7773 16.8958 8.0918 46.0051 16.146 11.8977 55.1397 53.0676 120.4 23.2265 10.0118 29.8341 55.8947 13.1118 2.93025 55.7762 89.134 8.69161 22.6094 56.5517 26.3805 6.88939 9.70765 10.5117 6.35101 64.445 2.03687 11.4746 0.000149976 140.455
-63.8239 16.9072 8.07632 46.0051 13.7933 16.3762 52.4082 52.0241 120.4 12.2512 16.4785 47.4522 60.198 7.67791 5.13331 45.5306 107.62 8.43822 29.5584 30.0996 24.7387 2.88681 13.7476 4.87707 16.4787 64.445 4.90808 10.3695 0.000102207 136.274
-63.502 16.9072 8.07632 45.223 14.1113 16.3762 52.4082 52.6348 119.725 14.1396 10.012 35.231 63.1324 9.01584 2.55392 56.8405 106.408 27.1079 29.081 35.1744 1.33594 15.6595 10.5328 10.6103 12.3936 34.9951 15.5422 56.1044 4.53031e-05 139.987
-65.4245 16.9072 8.81234 42.4376 15.4334 17.5617 52.4082 50.374 130.868 30.8117 10.9963 22.6101 55.362 4.73797 22.2912 37.3287 97.211 27.3198 41.5503 14.3109 1.33594 13.7873 0.444559 15.4529 22.5295 38.633 32.3358 20.7658 4.27255e-06 139.904
-65.4409 17.218 8.81234 42.2726 14.7815 19.2966 52.4082 54.7251 126.026 31.1785 15.893 24.2404 52.6439 11.8297 17.7451 23.848 96.4329 55.3114 47.3641 2.89223 1.33594 24.0388 7.97422 4.29894 6.40795 22.9402 30.5513 15.603 2.17015e-05 138.867
-66.2569 14.8377 8.81234 45.6002 13.0562 19.2966 54.4572 64.9683 126.026 16.4014 26.7468 14.6386 50.5295 12.6846 13.093 31.1287 96.4329 44.8267 42.3569 2.74327 11.6643 24.1404 14.3069 29.7913 8.68354 35.1856 3.628 19.1403 1.38572e-05 138.659
-64.8803 13.4678 7.75296 48.6573 11.7569 19.629 54.4572 68.5086 126.026 21.2128 20.9214 22.8873 46.9364 10.7146 14.5378 27.161 62.5992 65.6643 46.6074 5.36894 22.6006 0.827368 11.8122 22.219 5.40539 39.4595 21.7184 44.9536 1.12181e-05 139.127
-65.5886 14.5956 12.0928 42.7067 12.2172 19.629 54.4572 68.5086 126.026 20.3846 41.5128 2.7414 39.7485 15.7982 14.5378 46.2715 47.3393 70.4165 33.9434 8.34278 21.7984 5.09316 14.8667 21.0821 2.12056 28.9807 28.1616 43.3806 5.48482e-06 141.607
-65.3239 14.7908 13.0637 43.2797 14.3061 16.0507 54.4572 63.4552 101.035 22.9008 74.1922 0.480929 35.8547 8.66644 8.73538 44.939 30.8669 78.1387 46.1897 39.0611 1.43801 4.38909 10.1495 27.3245 7.32858 21.5301 26.2529 41.4307 4.53002e-05 141.131
-65.6667 11.4344 13.7276 44.3859 15.5994 16.4636 56.4419 70.9499 101.035 20.906 70.6204 6.05437 29.5349 14.2722 10.1951 43.505 30.0269 86.5195 57.1689 22.2782 9.49209 4.34565 24.5703 30.7142 6.89659 20.859 12.5905 11.762 0.000399413 140.379
-67.1443 11.8613 15.3072 43.9623 11.7067 17.1959 56.4419 71.4062 110.658 12.4979 72.2963 6.05437 27.1028 11.044 11.3145 34.2764 13.7057 86.5195 45.7256 33.1762 27.5353 7.62285 17.4019 39.8915 4.89638 13.4894 13.102 5.2071 0.00123414 137.809
-65.6732 11.8613 16.3137 42.3528 11.7067 17.028 59.3277 69.3801 110.658 7.39239 75.6289 12.128 25.1342 6.26056 16.0727 33.0541 5.97546 86.5195 45.7441 35.6644 30.7208 4.88119 14.2891 56.3212 31.7945 3.64165 10.0206 7.73184 0.00193373 140.968
-66.8086 13.5193 15.3549 40.8794 13.1753 16.8152 51.0185 70.4748 110.658 9.55736 80.4139 13.6385 20.1984 16.5033 10.35 28.331 5.97546 104.517 45.7441 28.9866 26.176 6.51512 10.4633 47.8407 31.166 4.87444 9.38916 2.78891 0.00412073 141.612
-66.6665 17.8967 16.0465 35.7954 5.45165 24.493 51.0185 64.3178 110.658 8.17779 85.0491 19.0747 10.8558 21.5456 10.35 33.749 9.05217 104.517 45.7441 22.7305 21.4574 12.3907 6.89825 40.6108 31.7892 4.6551 7.2753 25.5855 0.00163566 143.643
-63.8861 18.6424 16.1479 34.9329 5.45165 24.4505 51.0185 88.5206 98.4123 23.7106 51.8158 27.7089 11.2356 26.5514 11.2207 40.4153 16.7027 98.6154 45.164 11.9906 18.2762 27.8347 6.93441 6.1622 37.5279 18.779 2.56523 23.0634 0.000168921 144.382
-65.3168 17.2663 16.1117 34.9723 1.88355 30.8707 51.0185 88.5206 93.9692 14.9944 55.6006 32.8406 15.0747 6.53924 17.9235 38.0258 10.5145 93.8784 39.8216 16.8545 46.0859 35.9643 1.41638 9.83984 33.7091 6.71061 9.56835 39.9632 0.000136239 142.802
-65.5215 17.2663 16.1117 35.2676 1.69963 30.8707 51.0185 89.617 95.2597 14.9944 41.1925 43.9462 17.7849 10.8435 18.135 39.284 8.43038 93.8784 40.379 18.859 46.0859 23.2465 13.6551 15.1986 23.324 0.861171 5.7918 31.271 0.00169671 144.124
-65.0494 17.9282 17.0245 34.0434 1.69963 30.8173 48.0608 89.152 95.2597 20.1182 42.5264 40.9138 15.1799 21.2644 7.31911 39.284 4.45426 99.2648 35.6431 21.4442 37.712 42.1302 6.33996 13.2524 22.8807 14.3336 8.82434 11.9507 0.00123776 142.799
-65.4981 17.9282 15.541 36.0966 0.883651 30.3961 48.0608 89.152 96.7885 18.9462 35.2874 40.3709 24.564 17.1537 5.82733 39.284 14.0533 99.2648 25.852 30.6397 40.8232 42.1302 6.03945 18.3127 21.9383 2.95362 4.00265 6.79509 0.000906044 141.871
-64.5647 17.9282 16.5878 32.9221 8.3068 24.0626 46.4104 89.152 90.5921 12.3976 32.2723 54.2751 22.5047 21.4209 13.6211 39.284 7.1798 90.1061 36.1812 62.7504 12.1251 18.5551 6.03945 30.8855 22.0031 0.332689 20.2319 24.6932 5.49499e-05 143.762
-67.32 18.4814 17.6429 31.7264 7.00946 24.6125 62.7171 78.9522 95.9462 6.26708 39.0441 59.3484 9.37273 18.5429 8.86588 40.1229 8.74285 90.1061 36.1812 53.8154 13.0499 0.573064 9.40244 28.1725 22.8433 21.3656 4.93414 49.2082 5.49499e-05 142.214
-66.6723 18.767 17.6429 32.0704 5.24722 25.6911 62.7171 77.3908 98.0424 5.81472 38.0718 55.9563 9.83508 18.0684 10.6823 41.6439 10.5738 90.1061 29.9598 62.5927 8.56536 0.812811 16.2349 13.6537 22.0902 24.6515 21.9053 31.5233 0.000414372 143.406
-67.1409 27.9366 8.24666 29.4828 7.0608 25.6911 66.3477 82.6984 94.8406 4.58755 44.7349 60.4759 3.32455 14.9972 12.6948 39.7782 16.4789 82.1759 40.0844 46.725 11.5801 19.4683 10.2771 12.3394 14.0868 29.8989 27.0477 19.0138 0.000839061 141.463
-66.2369 28.3421 8.24666 31.6999 2.81187 27.3331 66.3477 74.2947 94.8406 4.25315 46.7884 58.5696 4.65374 18.5931 12.6948 35.8678 33.0046 70.3464 33.2474 53.8117 6.90221 7.69752 27.6511 7.12864 16.0323 32.7888 23.1479 31.3782 0.000849898 139.246
-66.9238 28.3421 6.54501 32.317 2.39563 29.9225 66.3477 93.7941 69.8676 9.80412 43.6324 57.1319 17.8632 25.3737 12.6948 35.8678 33.0046 67.5864 29.2202 29.1551 31.7318 4.10798 47.6251 3.11512 17.4735 20.4546 12.9841 13.9835 0.00019278 138.156
-66.2651 30.5277 6.54501 31.03 3.64679 27.0246 66.3477 97.5461 66.8216 4.53934 43.6324 57.5287 20.6244 25.2262 3.61615 35.8678 31.0628 82.1987 29.2202 27.6006 40.4269 10.0495 21.9031 18.118 10.281 20.7072 5.9858 18.626 0.00019278 136.15
-66.3706 30.7147 6.54501 31.652 4.20857 24.9859 67.938 94.2002 73.108 8.78965 40.1127 56.4498 13.8383 26.5279 2.09327 35.1408 18.8017 90.4139 33.0675 29.1319 36.3027 12.4155 26.857 23.8732 4.73736 22.1661 13.5614 14.8382 0.000190394 135.302
-66.0476 30.7147 6.54501 30.6806 7.71461 23.7547 67.938 94.2002 69.9866 17.9477 49.6881 55.6263 4.80524 21.3937 4.64707 36.8305 33.8242 65.9527 38.883 15.9672 51.1741 20.2736 30.0791 12.3015 2.04832 31.5388 21.9737 18.7015 0.000242922 139.671
-64.3746 30.7147 6.32233 31.9731 6.38156 22.1804 67.938 95.7872 68.7486 23.6003 49.6881 48.3788 4.22399 16.0348 12.8709 36.5107 24.0437 64.4454 43.8349 32.7366 54.108 7.33377 34.2948 19.87 8.57104 22.1051 0.54422 2.7138 0.00117898 141.857
-65.8723 30.7147 6.32233 30.3474 5.81722 26.8411 67.938 100.821 67.3226 20.0734 49.6881 41.7362 4.22399 17.8237 16.523 41.2691 29.7746 56.5196 26.3993 35.653 54.2271 6.2903 15.9734 11.8904 11.135 43.9332 14.1115 0.860717 0.00245432 139.837
-65.0635 26.9816 6.91127 34.2479 4.74458 35.8526 67.938 94.5372 67.3711 37.9868 36.5364 16.715 20.2512 19.9237 7.699 53.8869 45.0615 52.1614 26.3993 38.7465 30.9693 2.89949 29.806 9.06252 3.3178 51.1245 15.867 5.97069 0.0017282 143.989
-66.3358 26.9816 6.91127 33.5245 4.79309 35.4156 67.938 103.889 67.3711 37.9868 29.4964 10.935 27.5516 18.5537 6.04661 35.0231 41.3664 48.8951 26.3993 39.7846 67.5954 10.7863 20.9215 3.10073 2.7014 42.8559 29.8607 2.41816 0.00340403 148.102
-65.8465 26.9816 6.83914 33.3797 5.05955 25.6219 67.938 104.815 65.338 45.2914 18.5176 4.51545 48.9817 13.1009 25.93 32.638 41.6556 52.6718 13.0812 35.8781 70.3076 11.089 6.30961 3.89674 15.996 30.4012 30.3246 21.5139 0.00119902 143.372
-66.348 26.9816 6.83914 35.0211 4.89774 24.1615 71.3243 104.815 57.3852 39.6016 25.4839 4.51545 47.617 18.606 20.0427 25.4406 64.1672 53.5027 12.0145 29.9293 64.4249 24.1396 7.04808 3.98784 3.46793 18.961 38.9297 8.05844 0.000545932 135.614
-65.0594 26.9816 6.83914 35.0211 4.84308 24.1591 71.3243 105.296 58.9185 33.2476 25.4839 4.51545 47.4248 24.2771 32.9984 21.9094 62.4241 51.4052 9.56192 14.4805 73.064 4.54912 22.9732 17.901 3.46793 21.4085 32.5137 1.15577 0.000239808 137.058
-66.7002 27.1626 6.83914 35.0211 8.23051 22.5656 71.3243 105.296 56.398 29.5831 24.2191 19.5602 40.3856 22.0049 25.7839 20.7354 55.7792 52.9149 1.70657 18.2899 89.5848 6.19283 16.818 11.0689 2.51848 13.697 49.3468 1.25835 0.000112596 136.367
-67.171 27.1626 6.83914 36.0237 6.40986 22.7172 71.3243 105.296 57.4118 23.9523 20.3039 19.5602 53.9735 18.2153 38.8573 20.8214 51.0023 63.6092 11.7545 30.9875 61.3559 9.17075 23.5804 11.1735 9.05309 2.57008 29.0439 5.77658 1.71791e-05 138.96
-64.8988 26.8129 6.83914 35.0009 7.30645 23.2285 71.031 105.24 59.6216 23.6747 19.6614 19.5602 51.2276 21.1669 31.7401 12.9141 37.2584 50.7854 11.8822 50.0907 71.6171 7.10202 6.57906 11.2649 14.1005 8.79922 40.0195 10.1257 0.000178164 135.77
-65.0107 26.8443 6.83914 34.8302 8.94714 22.3356 71.031 97.292 59.9372 25.8947 15.5045 19.5602 62.0795 31.0578 25.4793 7.10717 28.1463 51.0577 9.63137 61.6169 65.8682 8.76843 15.9164 11.3848 14.6976 19.4759 23.8496 30.7487 0.00312804 138.824
-66.076 26.8443 7.9552 32.6664 12.0846 23.6503 47.6208 111.983 56.9188 21.1573 8.3637 15.8292 83.366 26.3625 28.922 12.0624 28.6711 59.2051 20.3461 56.7999 53.8808 6.70629 19.3382 11.3905 15.7054 25.2613 10.3656 28.7639 0.00144944 142.227
-66.0075 28.0903 7.9552 31.3924 12.5748 19.8435 47.6208 113.566 63.6232 20.0368 11.3041 0.992698 94.7379 25.6011 28.3741 8.78615 3.7856 59.2051 4.27912 56.5711 92.8728 1.05334 24.9042 13.6759 6.47928 20.9497 33.7871 19.2674 0.000186876 142.652
-67.1718 28.0903 7.7626 31.6187 13.8598 19.8968 47.6208 113.566 73.0816 7.70797 12.7375 1.8956 94.7379 31.1848 25.5393 12.3428 15.7468 59.2051 4.27912 57.675 82.4846 3.50138 43.2465 20.1334 6.38122 9.02888 2.21021 15.7337 0.00018854 136.393
-64.6751 28.0903 7.7626 31.6187 12.5092 20.1281 47.6208 113.566 73.0816 7.67517 7.54885 6.98946 100.041 26.9918 28.2539 5.39557 15.7468 51.5069 13.3239 60.0645 73.7117 16.0964 21.4127 8.74938 30.7953 21.5672 0.411553 9.75909 0.000200597 136.512
-63.5186 29.7076 7.7626 28.1517 17.2482 18.9693 47.6208 114.297 68.4988 14.5214 1.45965 86.9975 7.17748 21.3774 49.8138 6.71821 15.7468 49.6657 0.28365 71.9705 77.7362 28.7377 13.7744 13.3478 7.19097 18.3724 8.9633 16.8048 0.000200597 141.673
-65.2612 29.7076 7.54584 28.5723 20.2591 14.7971 46.4889 114.297 71.865 17.6794 3.27858 86.583 7.17748 25.1597 44.4829 3.65958 14.8064 54.0901 8.04123 68.904 62.221 9.825 52.5872 16.1169 3.43436 28.4108 1.65448 19.6459 0.000490077 142.547
-66.1839 29.7076 7.54584 30.897 28.2532 7.4971 39.0971 114.297 78.3932 9.16373 11.3906 75.3715 9.6384 24.9169 53.3808 3.36183 29.868 69.2007 8.04123 56.5846 42.6766 4.69617 36.9191 8.50067 12.0421 23.1511 6.3175 28.7814 0.000428612 140.447
-65.4354 28.8185 7.54584 30.67 27.059 8.28135 39.0971 114.297 82.3259 7.79896 8.96223 91.7247 9.6384 12.5852 42.5229 4.68491 28.3936 89.7522 8.04123 53.5822 25.8012 9.25475 42.1494 6.42214 25.9938 16.989 6.37693 6.04 0.000474349 135.652
-66.6624 28.8185 7.96105 29.9679 29.2234 6.23413 39.0971 106.104 79.828 4.01588 15.5879 91.7247 9.6384 32.351 32.7962 7.72022 28.3105 97.8152 8.04123 52.596 7.69476 14.1833 43.5031 9.67683 10.6286 24.2281 24.794 2.7916 0.000474349 140.287
-63.8155 28.9971 7.96105 29.9679 30.0249 6.23413 39.0971 106.104 89.8806 5.23431 12.141 73.7892 14.4887 39.2216 33.2737 5.2943 19.2432 97.8152 21.3002 44.8168 7.69476 24.749 58.2971 7.31957 9.52908 15.3525 3.04062 8.32417 2.50724e-05 137.042
-67.0537 28.3923 9.88505 30.4358 29.78 4.46651 39.0971 106.104 89.8806 7.47506 10.6629 73.5768 13.8481 41.2558 22.1655 1.84055 20.3412 97.8152 33.0228 47.1992 2.62657 31.5014 41.5316 5.43265 10.4797 14.6738 7.81916 11.6661 2.50724e-05 138.733
-66.9847 28.3923 9.88505 30.1307 29.78 4.46651 39.0971 84.2552 111.516 7.05208 33.371 62.4396 13.8481 37.9315 28.4864 0.340742 10.2971 121.237 25.6443 30.131 2.62657 7.18607 41.5316 7.91549 5.45124 26.3289 20.3285 27.4932 2.50724e-05 137.936
-65.065 28.2039 11.0819 26.0533 30.4163 5.04402 39.0971 76.3987 110.035 5.18969 26.1417 58.6248 26.756 42.5314 33.0089 8.79018 20.0804 60.6477 56.5883 44.8759 7.51758 3.2447 55.6758 7.91065 16.9995 10.0195 4.4869 23.5132 0.000574479 140.95
-65.1713 28.6023 11.0819 26.7789 28.5099 7.87805 39.0971 76.3987 112.475 3.54067 24.514 49.6343 30.8665 42.5314 27.6558 11.6676 19.7496 51.4209 55.8287 61.744 16.2334 5.37894 26.0963 11.4945 18.7952 36.4677 1.91175 27.6579 0.000159427 138.016
-64.8682 28.6023 11.0819 27.5917 32.7959 3.64942 36.0465 76.3987 112.38 7.58824 30.626 54.437 29.9049 32.1793 25.4804 6.78838 15.0853 47.3253 62.6922 69.9341 6.38347 3.66344 18.0956 21.2093 9.69014 43.1509 12.26 11.1819 5.23249e-05 138.821
-64.5568 28.6023 11.0819 27.0399 34.188 0.961392 41.445 80.6256 112.38 11.2391 23.6573 37.7273 34.7566 31.0088 27.5126 12.0009 11.7595 35.591 70.0155 71.6872 19.6988 10.8554 37.1686 9.149 15.3449 22.957 5.13969 24.4845 0.000234472 136.84
-66.1688 28.6023 11.0819 27.0886 34.188 0.961392 41.3148 80.6256 103.009 8.40709 53.2991 23.8026 30.2074 42.6761 27.4237 10.8111 17.1333 30.6893 63.4331 67.3052 16.3322 2.46262 44.007 10.1569 17.4117 25.993 12.2267 6.25626 0.000176208 136.01
-65.6146 27.598 11.0819 28.951 34.188 0.961392 48.1419 80.6256 103.009 11.2739 56.0344 16.0972 27.6603 42.5116 24.3153 4.52458 23.069 22.0682 60.9727 79.4673 19.0215 6.8222 37.712 3.1009 16.8464 20.2927 12.0199 21.1931 0.000501935 137.729
-67.8354 27.598 11.0819 27.787 33.2386 0.961392 48.1419 53.3862 132.22 16.8926 37.959 26.1976 35.1995 42.4684 41.9923 15.5251 21.9114 11.07 42.4488 67.4963 34.9527 3.82422 36.0906 9.33618 15.6299 27.6868 0.200443 11.0944 0.000281362 143.291
-65.2191 27.598 11.0819 30.7528 31.8163 0.961392 46.1859 45.8591 127.251 27.4499 27.3158 19.4857 46.2416 50.6152 19.5517 7.61501 35.6335 20.9785 53.8206 60.4046 43.0319 12.3924 49.6924 10.7768 14.849 3.59916 0.758463 26.8154 0.000115374 142.017
-65.6171 27.598 11.0819 30.2847 34.1158 6.20181 51.4139 45.4922 128.679 16.6713 30.4567 19.4358 47.4072 21.5285 10.612 40.7374 38.2874 36.7635 32.6368 55.6926 39.5756 16.6397 54.7598 5.47222 24.6018 3.53941 2.46388 6.30033 0.00209835 139.745
-68.716 27.598 11.0819 27.1768 27.4397 7.96254 51.4139 45.2949 126.32 32.3143 30.4567 19.3381 47.4848 28.3074 10.4228 38.3263 29.734 38.3476 40.3512 52.1579 42.7383 15.7999 55.1731 2.25803 13.7892 1.58714 7.77367 6.67689 0.000831866 140.811
-65.6459 27.598 11.0819 27.5792 26.4008 8.81289 51.4139 43.9823 126.32 34.9583 30.4567 17.5781 41.3899 32.3325 10.3305 29.9015 35.4391 51.9766 35.3447 47.341 27.0885 22.788 43.2722 0.227178 14.0995 4.92293 23.224 20.4932 0.000559304 137.296
-66.8906 27.598 11.0819 27.3556 26.4008 8.81289 51.4139 54.1301 126.32 37.9038 20.9283 17.5781 44.7427 37.1355 1.22795 30.8572 76.1565 28.3807 20.5423 47.2132 24.9786 14.3838 67.7836 1.99978 21.5794 3.94823 3.05712 17.1004 0.00200364 140.805
-67.166 27.598 11.0819 26.4475 26.4008 8.81289 50.6626 54.1301 126.32 34.8785 26.761 17.5781 42.5525 37.8784 6.94466 31.9604 106.696 32.0506 10.5996 15.3892 15.7401 14.3374 19.4812 25.3029 17.8088 31.3199 13.5908 11.5496 0.00137652 142.132
-64.8587 27.598 11.0819 29.8896 26.4008 6.59701 51.0913 54.1118 126.32 13.5372 37.8848 21.0051 37.1139 30.9605 15.9725 32.7645 102.229 49.3157 6.96755 16.0951 22.8353 17.622 14.6808 44.9346 15.9143 15.867 1.55422 7.87365 0.00194885 138.407
-63.7598 26.8838 11.0819 28.8849 24.9893 5.69093 51.5228 50.572 131.063 25.8375 54.8528 23.0869 22.505 28.6335 1.97758 25.2188 102.229 65.6826 7.29136 16.0951 9.94189 28.1687 25.2849 22.3827 8.37632 20.2267 11.6025 6.02213 0.000304222 140.495
-65.5749 26.8838 11.8301 28.2008 24.0373 8.52233 51.5228 50.0227 131.063 25.8375 54.8528 20.6798 19.7604 28.4991 14.5062 24.3677 102.229 65.6826 1.27315 18.7319 9.88687 47.0035 25.9781 17.0163 4.2868 5.60293 3.86975 3.49746 0.000304222 136.722
-65.7557 25.72 11.001 30.4179 24.0373 9.81063 51.5228 52.5774 136.569 6.02905 71.6974 16.3757 20.5089 23.9452 14.4878 17.833 73.243 96.2175 10.9878 18.7319 11.4977 38.5278 29.6587 19.3074 12.6523 5.859 1.79396 22.1701 0.00164476 139.652
-66.5418 24.9241 11.001 32.469 21.4217 10.2249 51.5228 50.7708 136.569 6.02905 71.6974 14.2011 24.37 25.0221 5.17343 28.1311 47.8824 99.3865 16.8176 18.7319 27.6886 34.561 14.9585 18.9906 21.1596 14.1866 3.30296 19.021 0.00201928 138.062
-67.1397 24.9241 11.8117 32.8014 23.7188 6.71517 51.5228 50.7708 135.79 9.85255 66.4252 12.2869 23.7341 14.8648 22.741 29.4773 60.12 70.8385 20.8702 25.3135 16.4011 22.0861 13.2602 22.8056 19.0168 28.8437 6.03756 21.9298 0.0013457 138.77
-66.7158 24.9241 11.8117 30.6372 25.316 7.29336 51.5228 51.805 122.827 12.0516 58.9862 9.60525 44.7371 21.504 15.9838 34.1079 83.5562 65.4525 10.9627 25.3135 13.4087 9.9251 15.0352 7.02238 13.6394 34.5232 16.141 38.5774 0.00536342 139.014
-66.971 26.1474 11.8117 30.4894 24.5402 7.29336 51.5228 38.9957 149.921 17.3074 59.4208 6.12252 37.7772 9.28574 24.3092 20.7222 80.1642 54.1975 1.34263 42.9831 15.6573 6.54569 5.19974 2.71018 29.3289 51.6433 19.9125 42.0328 0.000239955 144.405
-67.1053 26.1474 11.8117 28.7814 24.5402 11.7278 38.6582 40.2618 148.356 17.3074 65.9736 1.90254 37.1727 8.87451 43.5666 14.8813 71.8387 68.5012 19.5728 24.3472 15.0049 11.2042 4.46925 16.1696 20.0982 27.229 30.864 13.1207 2.90745e-05 134.659
-64.9659 25.4994 10.5856 32.0333 22.727 12.0701 38.6582 40.3009 153.377 17.3074 66.2264 5.34554 38.008 8.87451 35.2487 16.0592 71.8387 70.5148 16.347 16.5753 19.6086 0.798065 17.0511 1.64632 22.8233 43.5735 12.8251 28.0612 0.000229504 136.503
-65.6753 25.4994 10.5856 32.7205 33.1555 0.305013 38.6582 39.0659 153.377 20.0967 66.2264 3.2962 36.002 8.29659 39.4619 6.22506 73.5024 76.1226 9.1277 16.5753 34.9236 3.35386 25.516 9.57692 21.1556 39.5653 1.99706 3.85879 0.000444596 137.79
-65.8262 25.983 9.75194 33.108 33.1555 0.305013 38.6582 42.6635 153.884 15.12 67.4112 2.59002 36.002 20.0004 31.0362 3.78638 78.8781 69.3077 9.1277 8.63425 55.4332 42.135 3.9878 8.22636 8.76886 24.6055 9.26849 4.01946 0.000384478 137.165
-66.6008 26.3758 8.66886 33.3728 33.1555 0.608232 40.3346 36.9853 155.963 10.1552 70.9177 2.59002 36.002 13.9491 32.3865 11.1471 75.9545 80.1574 27.0412 7.15688 22.5613 35.5169 13.7738 1.09697 17.9551 15.1724 22.1241 14.9731 7.79298e-05 135.836
-66.4695 26.3758 8.66886 32.4172 33.1555 1.53425 41.0095 35.554 155.963 11.3419 60.4127 0.88986 45.4754 26.1903 35.9094 7.55081 43.3182 79.3644 48.4953 2.47184 30.8812 29.913 11.5727 7.47114 27.4057 12.9167 17.7085 8.98875 1.7196e-05 135.384
-66.58 26.3758 8.66886 31.5807 34.6515 1.98951 41.0095 32.534 161.404 6.58695 58.3238 7.50225 41.148 37.2691 17.5707 16.2101 54.386 46.1507 46.0275 35.9864 20.8552 24.9087 12.1838 0.13126 19.1514 12.671 18.7824 5.48729 0.00190145 143.518
-66.6075 27.3718 7.77793 31.6752 34.6515 0.902676 43.0026 37.1257 158.263 10.5637 74.8238 3.59258 23.3804 45.8284 16.4816 6.09368 24.9441 54.1889 59.1794 29.8731 28.9331 14.2153 25.8048 2.94387 17.2785 13.693 27.469 1.00338 0.000551849 140.822
-65.9021 27.3718 9.11331 31.6752 29.112 2.65383 43.0026 34.4102 158.263 9.38434 74.8238 4.70268 23.3804 52.7567 3.03401 7.18714 24.9441 60.6144 60.1084 27.3956 34.5529 17.1609 18.743 18.0932 13.3452 19.0798 27.4878 1.00338 0.000822765 137.465
-65.9514 27.9198 8.12242 33.3256 29.112 1.79446 43.0026 35.6835 158.263 6.44426 74.8238 5.75901 23.8907 58.4301 3.03401 2.46339 40.9408 33.6004 69.5872 36.1606 34.1954 12.2775 33.7026 31.9363 15.6808 2.25375 17.3567 17.7859 5.88845e-05 139.349
-65.9456 27.9198 8.12242 30.6894 29.112 2.77524 79.2814 35.7767 121.661 4.7881 73.6671 3.4581 23.5451 53.3526 2.46507 18.2172 58.8276 40.7702 59.3244 6.09261 37.7469 6.99755 13.611 33.0342 28.0528 9.29514 18.117 10.0256 0.000418772 138.092
-66.4275 27.9198 10.2136 29.796 29.112 1.60076 79.2814 36.5178 110.444 6.54442 73.6671 2.52977 39.3992 50.247 4.42268 17.093 50.0495 53.7183 54.6118 6.09261 46.8792 13.4122 9.94452 24.7831 36.8707 3.67338 14.984 6.29517 0.00144179 140.943
-67.2933 27.9198 10.0311 30.2334 29.112 1.60076 79.2814 36.8202 110.444 21.2709 52.0515 8.76167 39.9849 43.5619 7.84399 19.849 64.4683 31.4588 48.3661 24.307 31.5782 22.6703 9.16195 10.4402 37.2475 6.98636 14.7929 12.502 0.00156133 138.404
-66.3246 27.9198 10.0311 31.7137 26.6588 1.60076 79.2814 38.5748 110.444 39.8554 28.6224 8.74103 41.6273 37.5399 16.7877 20.0448 50.8318 48.3345 72.5615 26.3512 3.9741 10.3293 16.7312 25.3492 8.86382 15.3916 30.2221 8.16611 0.00228998 138.459
-66.3963 27.9198 10.0311 30.9413 27.7179 1.39088 79.2814 52.9689 110.444 21.7972 36.3803 10.1871 39.3781 24.7212 22.9158 20.0656 32.7004 60.6448 81.1002 25.5649 10.1951 7.55926 20.0554 31.6137 22.0031 12.4925 19.2154 0.326851 0.00208776 142.211
-67.93 27.9198 10.0311 31.3454 28.4892 0.995105 82.3598 52.1061 105.925 11.6879 35.0702 6.13435 46.5807 39.2254 24.0165 20.1698 44.8315 50.8608 91.9496 1.16975 4.13908 30.1759 29.9394 4.97875 22.5004 9.25702 22.2285 3.04254 0.00405398 142.829
-67.6821 27.9198 10.6604 28.4199 28.4892 2.8273 82.3598 37.133 105.925 26.9462 28.1853 7.99958 70.4102 12.5452 24.0303 17.9691 43.9793 77.3001 74.1579 1.16975 8.65306 6.96052 1.82614 56.8992 31.1029 8.31729 6.69311 5.51492 0.000831638 140.41
-63.5525 28.101 10.6604 27.4535 31.1207 1.15603 84.7402 41.2763 115.018 20.0222 26.4797 7.81304 61.8538 19.692 24.0303 20.3262 44.1967 53.5632 63.9877 23.2789 28.3191 6.42282 18.2154 33.4133 27.8871 10.1439 6.86322 7.36894 4.57134e-05 139.291
-66.4652 27.2453 11.2458 28.8801 27.7968 2.24399 81.7899 49.9479 106.022 21.7908 31.8645 8.10254 52.1094 18.5621 27.2451 24.4014 40.5941 48.9004 56.2804 43.7025 5.91132 26.6676 5.12922 58.3051 10.8265 4.83993 3.81371 22.9304 0.00124697 135.945
-64.5246 27.2453 11.2458 26.9397 28.7265 2.04563 83.2015 51.0927 106.542 24.7036 26.2055 17.0672 54.1751 15.3059 28.7366 9.37881 49.0176 49.8307 51.2593 47.2601 6.07425 8.23028 3.62518 65.6793 9.43679 0.20307 17.7622 10.9242 0.00177224 139.956
-64.8154 28.6704 11.2458 26.3884 28.7265 1.93203 83.2015 52.8299 106.542 26.7249 27.1498 25.527 43.4945 9.0884 33.2105 9.30672 33.4404 60.8562 49.1154 55.4486 4.27705 7.94216 4.5944 38.2998 8.24728 10.4761 15.1393 10.0671 0.000432171 141.23
-66.8363 28.1297 11.2458 26.1671 28.7265 2.30704 83.2015 51.6546 106.385 28.7178 27.8495 42.5749 21.8846 2.41826 30.2552 29.0124 25.9972 39.8706 45.8902 61.8379 13.8184 17.4913 7.83763 26.412 6.67336 6.74296 33.7545 27.4759 0.000186193 142.623
-64.7875 28.1297 11.2458 27.4019 28.7265 1.69401 83.2015 51.6546 106.385 28.7178 24.1865 46.5305 21.8846 6.12538 26.4822 29.0124 25.4745 48.7747 44.7199 61.8379 14.9425 22.7923 8.03682 28.0756 2.98055 3.6296 39.8879 23.1031 7.74303e-05 135.296
-65.3318 27.7421 12.7205 25.6643 30.0622 3.9647 73.2435 57.6564 101.204 31.2284 35.3461 30.1093 11.187 34.4061 18.1786 21.387 43.7287 52.1203 21.9548 66.2157 9.86574 28.1433 11.9586 12.1534 19.6058 23.7766 39.4417 28.8816 0.000869311 144.974
-66.0404 27.7421 12.7205 25.6643 30.0622 2.65946 73.2435 57.6564 106.662 26.666 26.6517 43.0933 14.4877 29.7934 12.9249 23.1183 46.4754 47.5449 28.5148 70.7611 6.12369 20.5165 1.28349 15.7482 10.9746 40.2205 14.5702 39.5897 0.000112349 135.228
-66.3388 27.7421 12.7205 25.4663 29.5862 2.63634 73.2435 55.9541 106.84 28.8884 42.9583 32.5288 14.4877 28.1084 12.8703 37.8042 34.9783 13.3263 3.46214 105.661 32.7151 23.1614 6.48812 1.35499 33.5791 35.3728 7.97115 7.99721 0.000129106 137.323
-66.1425 21.17 19.3515 26.8463 28.5171 2.54532 76.3636 58.7501 106.84 20.7901 42.9583 43.5767 11.294 7.59252 22.9575 41.0095 28.1485 7.16533 20.0022 122.902 12.4472 60.0325 1.97209 12.0032 15.8388 11.2757 8.62414 2.05923 0.000132384 138.094
-64.3894 21.17 23.4674 22.1552 25.4744 4.2513 94.6489 27.7522 111.678 22.0761 26.7491 27.2698 46.8667 8.77099 14.0555 46.869 45.2282 24.3835 20.0932 87.3058 18.806 60.9108 4.33453 10.5033 23.7664 7.65564 4.55547 2.83093 6.21908e-05 135.048
-64.4513 21.17 23.4674 21.9766 24.5217 4.16585 100.545 38.7598 99.6363 27.2328 16.9118 22.9095 47.7744 16.7946 9.58542 39.0214 66.4139 27.2015 20.0806 75.9394 19.4091 4.04358 32.3168 23.5046 6.43114 28.5893 2.22985 6.65752 5.07613e-05 134.168
-64.3026 21.17 20.5795 25.3006 22.3828 5.54553 121.773 21.4064 98.3383 36.7557 16.2002 16.1372 42.0876 19.7051 22.6753 21.1973 72.1089 17.0458 17.862 77.1838 30.3904 4.11899 33.9184 10.3335 20.6051 9.29015 18.4026 8.17301 1.92068e-05 133.748
-64.831 21.17 20.5795 25.9084 19.1146 6.52136 123.77 21.4064 98.3383 34.0228 24.7907 18.3234 42.8127 18.5241 21.6645 18.1781 65.6196 17.0458 22.8205 70.2839 32.221 1.52621 48.6863 15.9462 10.4332 6.74821 22.8975 13.0104 1.32011e-05 133.301
-64.8369 21.0834 20.5795 24.8743 20.2791 7.00067 123.77 20.1186 84.9643 39.8779 39.5933 14.9991 36.7727 18.5241 24.8024 27.9187 76.2665 2.84155 21.0656 67.3835 28.3103 4.18276 13.7801 21.0542 9.92998 13.342 14.7159 20.3224 0.000171703 141.417
-64.9162 21.0834 19.2944 26.2639 21.2259 6.43669 124.436 30.7578 84.9643 30.6067 36.4868 22.2652 37.0004 18.5241 20.5837 16.5065 66.8954 40.4036 42.4411 27.1612 29.3691 5.25352 30.1703 20.2624 9.08481 12.0356 23.6994 3.35894 2.79905e-05 134.319
-64.9859 21.4954 19.0208 24.7077 24.3233 5.30179 126.972 44.0511 61.8504 27.8861 34.0646 18.8271 39.766 22.0277 30.9977 19.3748 49.9185 40.4036 44.7077 31.7195 30.8274 4.78454 41.6646 15.3351 13.2323 7.96397 20.7512 23.7157 3.43146e-05 134.755
-68.6349 21.4954 20.366 23.938 26.9308 3.01992 126.972 40.1509 66.3866 24.4091 29.7521 20.6212 41.8584 32.1605 28.4589 23.7439 45.7715 20.382 40.3631 52.691 27.0171 8.13136 34.2994 21.8561 9.37444 21.4913 11.3443 26.238 6.75926e-05 137.604
-65.6482 21.4954 23.5895 22.4139 26.9308 2.88745 125.189 35.7889 70.1082 21.3581 37.2069 29.1532 39.9489 12.4165 29.9891 23.947 30.652 51.9191 31.6361 69.5927 22.681 12.3404 10.9496 24.7069 8.71148 22.7787 24.0263 5.34144 8.17787e-05 137.344
-64.9184 22.5681 20.6588 22.4139 19.828 8.52986 129.536 32.091 81.2053 20.1 47.1642 26.035 24.4939 13.7168 27.3233 24.4135 34.3681 59.7635 73.8803 13.5424 20.8128 2.21222 24.4359 25.9211 19.2103 3.93249 27.6158 25.3955 0.000117244 134.066
-66.1393 22.5681 20.6588 23.856 18.4212 7.80644 129.536 26.6764 80.7409 7.34552 46.7977 33.0954 37.4515 20.5096 19.3293 28.6832 35.1818 49.6396 26.5032 54.5934 28.0327 4.60179 31.9572 31.216 18.1997 11.9428 6.88456 29.6257 0.000169543 135.058
-64.4961 20.8567 21.8558 23.3398 22.0027 6.45728 129.179 32.6937 79.1563 12.9365 40.9472 33.1689 33.9699 20.3591 27.3489 18.3968 52.2429 35.8479 17.977 58.1147 27.1374 11.7163 35.6643 23.3441 18.2094 15.0894 3.9243 5.36945 0.000273084 136.403
-66.2728 20.4261 21.9376 22.2149 22.6312 7.20087 129.179 41.6084 69.2777 7.70787 44.0157 30.816 39.0396 21.1077 21.2787 18.2086 48.356 43.0128 23.7135 67.0836 29.7077 23.3445 13.1938 10.4671 18.7434 14.1788 16.3299 30.0817 0.000834125 136.642
-65.8732 21.1189 23.1101 22.2149 22.6312 6.38483 128.043 40.7813 69.5213 13.2344 50.8179 21.4199 34.5055 19.9389 23.3801 25.2265 33.232 48.0623 29.9493 62.572 31.7488 24.3171 8.71451 8.99282 14.5377 30.517 11.3262 13.2141 0.00119453 134.643
-65.2342 21.1189 22.0073 22.2149 19.4368 7.97755 130.577 40.7813 70.2096 15.8234 46.3628 29.6552 20.918 27.4701 8.93053 32.3683 20.1975 55.3856 18.012 75.8873 43.6249 29.2314 16.3904 12.0792 15.2184 16.4071 6.6678 25.1991 0.00703621 137.91
-65.0354 20.6173 21.0053 25.765 19.9239 6.44763 130.577 40.7813 69.0761 37.2855 27.9875 36.9008 9.29834 22.0135 15.346 30.5716 11.9284 58.897 32.1033 58.3597 54.1879 6.7729 4.18379 34.6425 16.0038 18.8754 4.19974 9.49979 0.00298749 140.286
-64.4378 20.6173 20.2379 25.765 22.3047 3.08286 126.575 43.6248 70.3924 25.7746 44.2223 37.2845 5.53279 17.2621 18.0517 37.8657 12.3134 60.1699 31.8692 55.5753 55.4519 26.7866 10.0068 24.4441 9.10117 29.6255 2.41748 10.5271 0.00477772 144.175
-65.2157 21.5972 19.7782 25.6444 23.197 3.08286 132.588 45.4265 62.8878 31.4958 53.1474 43.7525 0.335025 8.55439 14.7962 35.8232 20.2228 65.8457 25.1824 44.2805 47.8074 32.475 13.1554 14.3046 21.7578 31.63 10.3818 30.1949 0.00312667 146.708
-66.0554 21.5972 20.1173 25.2135 21.7943 6.22431 132.588 36.5509 66.3903 30.6304 52.7463 43.7525 0.335025 4.5099 11.0389 55.912 20.5711 57.6531 28.83 34.5845 55.865 28.622 2.35377 7.082 45.4651 5.84032 4.52126 35.5742 0.00013299 139.852
-64.8236 21.5972 25.2097 17.2583 21.7943 5.83129 146.784 31.7682 66.3903 25.1766 48.9008 36.5899 5.45179 4.5099 4.792 50.7488 21.1769 41.5724 56.7744 45.7363 54.3462 31.1462 0.286313 12.9586 33.3682 8.4929 3.31231 33.4405 0.000238256 137.986
-67.1015 21.5972 25.2097 17.2583 30.1261 8.71999 144.565 25.5379 66.3903 19.2036 59.3179 29.5514 11.1448 4.5099 3.75558 45.6133 17.3059 40.1125 93.2654 23.3845 51.1737 16.2151 9.25099 14.2608 18.332 26.0857 6.56625 29.8292 8.98788e-05 143.129
-67.0557 22.9938 25.7836 16.7795 18.6047 5.18566 154.364 20.9922 72.1243 23.3888 59.3179 15.4733 15.1756 24.0854 7.86146 35.1736 20.635 46.8145 87.7351 25.1491 14.1889 16.2151 19.7835 19.6211 12.1816 33.2715 6.19809 29.058 0.000149791 140.705
-66.1593 22.9938 25.3157 16.9299 20.9434 6.71622 147.986 18.8205 75.6414 22.5569 59.3179 18.5361 7.61213 24.0854 10.9304 35.0662 4.44832 68.8155 72.7218 27.9261 34.0082 15.2914 19.3275 10.2526 20.9561 30.7448 6.06442 22.2804 0.00117002 137.611
-65.2897 22.9938 24.2183 18.0802 21.533 6.71622 143.316 19.6157 67.1084 26.8783 57.6393 23.6864 7.60723 38.8469 11.1659 32.752 4.44832 63.0422 70.1737 36.0546 22.2372 1.24242 39.3616 28.1321 10.8037 15.0459 15.6523 25.6345 5.6557e-05 138.5
-66.1739 22.9938 24.2183 18.136 21.533 6.70402 141.413 23.5306 80.1583 16.1271 57.6393 20.2857 14.8588 23.4856 22.1512 20.1147 32.5695 62.585 70.1737 17.8537 32.5117 14.5853 40.9143 12.1351 1.15941 3.21526 10.4234 34.9023 0.000371996 136.382
-67.0509 22.9938 24.4949 18.136 22.1301 4.30755 141.413 23.4044 80.1583 19.8562 61.9159 23.3163 17.3048 17.8525 14.943 20.3169 35.9914 68.2456 64.6472 11.2481 24.8052 16.2362 40.9291 22.3289 8.99453 18.7014 1.63003 17.0646 0.000293115 135.551
-67.3319 22.9938 25.3546 18.136 22.1301 3.69771 141.413 24.4002 80.1583 19.8562 54.1152 19.3517 24.4187 22.6719 10.7315 30.5991 31.0164 21.2389 65.216 63.105 15.8744 12.4752 25.9517 9.5361 1.82828 45.2785 8.84879 12.4013 0.00540899 141.593
-67.1013 25.086 21.8668 18.136 20.2846 7.00431 144.282 30.5941 82.8894 12.3963 54.1152 11.2936 13.2008 34.9172 15.1409 25.1035 22.1322 26.0383 69.4666 45.1843 48.1573 15.7577 29.9462 2.1534 6.04263 2.26629 45.5774 16.9006 0.00141317 142.749
-67.4238 25.086 21.3715 18.136 20.824 7.00431 145.565 12.6855 82.8894 27.3089 56.5544 18.432 16.221 33.3803 10.2691 16.3289 17.2173 33.2965 69.834 41.47 51.6352 9.37204 22.9777 4.15588 3.13598 3.13728 40.2363 32.628 0.00142775 142.155
-63.0094 25.086 21.6766 18.136 20.824 6.64543 150.054 9.41123 85.7067 25.0893 56.5544 19.5073 14.8696 35.4212 10.3323 12.2439 24.3454 33.2965 81.3193 40.1144 25.1843 13.2133 22.661 23.0479 0.588388 9.73741 37.4551 26.9299 0.000159485 141.698
-66.4705 25.1837 21.6195 18.136 20.4903 6.85867 150.054 9.27475 85.7067 18.2862 60.108 23.2339 11.4222 35.1627 15.1047 20.771 27.2071 21.176 81.3193 50.8674 21.5786 10.0931 25.5453 19.8756 2.30414 14.3985 25.7927 12.859 0.000644163 137.464
-66.4878 24.5745 20.3833 18.136 20.4903 6.85867 150.054 9.27475 91.0113 8.75011 60.108 29.3325 7.35091 31.7885 15.1047 19.3663 28.0288 19.5801 80.3674 41.5656 40.5056 13.8903 25.7894 24.9518 1.47225 29.3178 14.4409 5.20062 0.000539498 140.054
-65.7513 24.8676 20.287 20.9797 20.4903 6.75735 121.356 9.77502 110.18 25.8524 53.6321 29.0391 7.25421 32.9544 15.1047 17.6218 51.39 20.4987 82.6924 6.87024 46.5073 8.01525 38.7456 24.194 2.39532 11.6889 23.7146 4.27246 0.000362034 136.55
-67.136 23.9717 19.9784 20.913 20.4903 8.49389 121.356 6.83017 111.263 21.0201 53.6321 32.406 16.7522 23.1017 14.2628 25.8431 63.8809 19.3062 83.9556 5.7069 35.5233 11.9401 22.1898 13.6668 3.24131 23.2839 25.9798 13.547 0.000828741 136.381
-67.0587 23.9717 20.9981 21.4002 20.6261 6.89986 114.289 13.3786 111.263 22.3405 42.1579 36.125 17.1508 11.1575 37.3579 15.2487 84.7031 19.3062 59.8942 2.30108 54.9747 18.9185 5.92567 11.0699 2.91495 40.3357 11.2781 30.125 0.00023486 137.195
-67.0003 22.1988 22.6154 21.0364 20.6261 7.12639 113.093 15.4536 111.263 23.0929 44.1502 31.43 22.4963 5.82126 28.1863 25.2587 84.7031 19.3062 53.2851 7.64831 44.8652 20.4328 11.1793 24.6187 1.04049 32.6103 0.143787 53.3214 3.17065e-05 137.046
-68.0277 22.7851 22.3933 21.0364 20.6261 8.24829 113.093 11.296 111.263 21.9573 44.1502 32.8114 22.4369 14.5152 25.7662 19.4091 40.7136 19.3062 81.133 30.7577 44.8652 14.4679 4.14154 16.3529 7.99034 38.325 14.8706 3.80799 4.43762e-06 134.011
-65.2295 22.7851 21.0385 22.5592 21.3403 6.19925 113.093 20.372 111.263 21.9573 50.0093 30.1859 22.2049 8.58829 25.6546 16.7996 27.2749 14.3176 81.133 32.8915 49.9286 4.05917 21.7876 15.7267 9.68518 40.1431 27.8822 6.01204 4.43762e-06 137.886
-63.8861 22.7851 20.8505 22.2654 24.0073 2.75399 113.093 16.4308 111.263 13.8904 49.9886 28.299 22.2125 8.13727 22.161 34.0513 36.207 7.30116 96.0767 12.0735 66.4156 4.33612 3.22926 16.958 3.63976 24.3106 50.0039 5.94903 4.43762e-06 138.83
-64.9181 22.7851 15.0992 30.4183 23.9137 2.75909 113.093 20.7852 106.889 12.675 42.0511 30.1362 28.3992 13.3281 21.6875 27.4334 35.519 7.30116 96.0767 19.3321 63.155 31.0403 15.6611 1.56736 4.67836 5.47294 41.0539 9.77284 6.53229e-05 137.813
-65.7192 22.7851 16.2532 30.4183 23.3057 4.86428 107.617 17.004 106.889 29.8388 18.4851 26.3846 46.3653 5.75538 21.3073 34.8004 36.8662 2.52965 96.0767 14.4768 53.8171 23.9967 20.771 4.1001 11.7991 7.87536 42.8248 13.1396 0.000265329 145.506
-66.7028 22.7851 16.2532 28.1169 25.025 3.56251 107.617 15.3768 108.95 30.7368 18.8539 34.6232 49.9409 5.73257 21.1172 34.0316 46.5423 7.64836 98.2627 8.98357 46.5693 7.63797 9.15349 25.2319 23.2209 8.40853 17.5346 8.72947 0.000411508 136.318
-66.1362 24.1538 16.2532 29.0557 24.2909 3.18698 107.617 15.7719 108.95 30.7368 18.3341 34.8595 49.9409 5.73257 20.6081 24.7795 55.38 15.4185 71.7037 8.10731 69.7602 5.97747 6.23478 13.4254 22.6559 12.3214 23.1562 40.0536 0.00116686 139.747
-67.6628 24.1538 17.8115 26.9572 24.2909 0.684359 107.617 15.7719 108.717 38.5622 21.6276 34.8595 40.6399 5.73257 17.8782 33.3047 78.2164 4.19511 83.9775 10.6207 33.7909 9.04912 3.71199 28.346 18.5687 8.28785 26.9424 40.0021 0.00116686 145.191
-67.0524 24.1538 16.9243 26.9572 24.4553 2.5076 102.37 19.2883 108.717 44.715 15.3652 32.6461 41.2749 18.008 17.8782 28.1092 78.2164 8.8654 86.4701 4.10615 14.5014 1.96101 12.348 37.9958 27.6727 15.0137 12.3193 29.3564 0.00170696 139.736
-67.51 24.0375 17.6385 26.9572 24.4553 3.37548 102.37 18.8416 108.717 41.8664 1.74691 40.1067 44.9543 16.5736 20.2641 25.6416 97.3913 8.8654 61.894 16.9524 12.7598 17.102 20.7068 34.1402 14.3062 15.2597 14.2304 5.34936 0.00132028 138.787
-63.8671 23.5351 15.7519 27.8 22.1698 5.08754 108.023 21.6811 112.386 44.1556 5.28285 26.8019 43.0809 15.3844 17.3166 25.0972 88.4793 8.8654 63.9212 28.8472 12.881 13.3369 38.6002 15.3177 9.16938 15.4865 17.3464 16.7095 0.00187882 137.158
-67.3265 23.5351 16.9841 27.8 22.1698 5.47921 108.023 21.6811 112.386 43.786 12.8419 22.7477 43.0809 15.3844 12.4568 27.1703 89.4934 25.9076 46.2894 21.1069 13.0504 9.29336 48.2 21.7558 6.59868 15.3479 19.5266 6.55511 0.000490337 137.3
-66.86 23.5351 17.3914 27.8 25.2388 2.96557 108.023 28.8028 98.5661 52.0723 7.63259 22.775 41.0938 19.3476 4.82793 35.0461 79.0485 49.0845 12.8547 24.3077 41.7295 3.28204 30.0315 26.5823 5.32971 11.0924 34.2321 6.12719 0.00130151 138.383
-66.8265 24.9459 15.1101 27.8 25.2223 3.90541 107.664 27.4101 98.5661 49.7255 7.63259 30.1466 41.0938 22.0598 5.00199 26.8234 78.4748 62.5672 9.08603 17.4131 40.0545 13.7445 11.7229 40.4486 4.37865 19.6669 21.6602 4.15404 2.04316e-05 132.883
-67.043 24.9459 15.4492 27.8 23.3072 3.77006 107.664 33.5076 98.5661 50.836 7.63259 26.3029 33.917 1.09859 13.9837 50.5095 78.4748 68.6497 9.77864 18.6399 23.467 3.80753 10.1161 47.0072 1.89905 38.2945 23.639 12.3024 4.60836e-05 139.421
-64.9198 24.9459 14.3334 27.8 25.4257 5.59905 107.664 32.9115 93.2486 29.1753 19.9781 40.0336 34.6728 28.0986 12.8862 50.5095 82.7738 51.6751 12.9261 25.6402 6.68232 11.1807 5.04981 60.2965 1.2272 2.98519 13.3464 5.51626 0.000749119 148.248
-65.6553 24.9459 12.0679 27.2939 25.4257 7.26966 109.685 33.0529 93.2486 24.5751 10.187 42.577 37.3092 14.3942 13.9406 44.906 87.535 42.3956 9.60905 40.7302 19.2163 4.76386 6.2544 29.312 26.6204 28.9262 10.6255 7.08707 5.62256e-07 138.994
-64.0472 25.6528 14.1857 27.2435 23.4137 5.48915 109.685 35.6472 93.2486 25.4253 21.8106 26.0978 49.4835 3.44711 15.5453 46.7943 87.535 47.3721 9.03344 40.8275 11.0723 4.15696 14.9804 21.1428 18.6731 24.4821 23.7964 21.534 5.62256e-07 132.514
-65.6393 25.5853 14.622 25.8996 26.1389 2.66189 109.685 42.4013 93.2486 17.6116 21.9215 15.8911 49.9235 9.05785 23.133 35.0706 74.8755 71.9967 14.1556 36.0065 6.60777 5.82421 12.8337 21.6553 30.6028 36.4206 7.69771 15.4272 0.000313688 137.179
-64.2611 29.9451 8.1808 27.5306 27.4398 1.5346 109.685 35.3278 93.2486 16.7051 24.9272 21.2513 53.5868 14.2203 22.4804 30.5996 68.676 72.7488 9.23261 43.6815 11.2135 14.1828 17.425 3.60581 28.5734 28.2957 8.82757 27.0707 0.000314005 138.28
-63.4184 29.9451 8.1808 29.5742 25.9738 1.04018 109.685 38.0508 91.8958 18.4682 21.5168 21.4843 54.101 11.1801 20.5535 31.1392 68.676 79.4566 11.6516 41.1248 2.42748 7.74612 21.2877 10.3921 19.8415 36.7966 12.9361 24.9866 0.00057388 138.441
-65.9498 29.9451 7.87384 29.5742 25.9738 1.61023 109.685 37.8441 91.8958 26.8915 25.8948 12.6416 63.1179 10.7051 7.74365 30.1971 67.449 95.6526 9.63156 33.0297 3.39131 15.2179 12.6539 3.19559 35.1726 16.2805 15.1483 18.175 0.000315719 138.405
-66.4961 29.9451 6.88749 29.7166 25.9738 3.01697 110.448 38.6023 91.8958 18.9329 21.6829 17.7343 57.128 12.782 3.25644 49.4857 64.9417 71.127 23.0142 40.0803 3.39131 11.6775 16.9587 9.04077 52.9655 14.9108 6.5125 11.8019 9.80993e-05 135.903
-67.0882 29.9451 6.88749 29.7166 25.9208 3.29966 110.448 36.6497 91.8958 12.1297 21.6829 12.3396 67.0721 20.883 10.3587 49.4857 67.3091 58.6217 21.9978 33.2107 13.8021 7.63226 29.0106 7.77996 45.84 9.081 14.491 0.983977 0.00016493 139.164
-66.4849 29.9451 6.88749 29.7166 25.9208 13.0003 110.448 33.9029 84.991 13.0657 25.1155 11.6054 66.7977 20.883 2.44729 49.4857 82.628 69.0743 8.6678 21.4686 20.4402 15.0636 0.669273 9.75394 9.45694 20.1268 53.4707 10.5793 8.53216e-05 140.44
-66.9648 29.9451 7.14125 29.7166 15.3747 14.465 110.161 38.143 80.8623 30.2858 20.0637 8.63529 66.7977 16.0597 1.96639 49.4857 74.4914 65.5817 17.4881 33.7903 22.8562 7.23522 14.0801 14.8953 4.85031 17.5429 37.8799 6.93779 0.0002733 138.723
-65.1806 29.9451 4.69553 31.5445 13.4758 16.5654 110.161 40.0474 87.8822 29.4978 25.6973 4.71125 55.5218 9.06271 8.73755 52.6254 74.4914 79.9286 12.9299 14.2039 20.8774 5.06733 7.30142 12.7735 13.7438 14.6024 52.0281 12.5606 0.000229831 136.997
-63.2156 29.9451 6.37277 32.0665 13.4758 12.9649 110.161 40.9123 87.8822 23.3982 52.908 3.77789 46.4024 15.1931 19.5508 28.9912 93.5924 32.0854 19.2644 31.2576 17.3158 5.34801 8.0385 9.69671 5.13372 21.8955 55.2536 9.87985 4.67102e-06 135.882
-65.8703 29.9451 4.90556 33.1722 13.4758 14.65 110.161 43.5323 87.8822 21.8285 35.5115 7.4283 47.6543 1.2886 23.7251 39.2234 95.2187 47.2211 22.5229 25.697 12.7651 31.8063 10.5195 9.66327 15.6153 30.5851 11.3967 8.35365 2.24068e-05 133.627
-65.108 29.9451 4.90556 32.8061 8.70557 18.6851 110.161 43.5323 89.0498 14.0695 39.2047 7.35445 55.3505 4.48388 17.6053 38.6847 88.5916 55.3264 3.05655 38.6171 23.5968 42.4248 22.0828 0.471216 11.6545 10.7885 18.5783 4.77306 3.51175e-05 134.009
-65.7599 31.2346 2.83231 34.1246 15.0878 12.8811 110.161 44.7488 83.8668 13.8365 48.1917 5.44068 55.3505 4.48388 23.0132 34.8965 86.3916 50.2447 4.85094 34.0433 17.8792 7.65876 16.5456 14.3384 33.7182 9.58426 18.4643 24.3075 0.000255394 136.416
-67.1537 31.2346 4.71414 34.1246 12.3162 10.3354 134.457 42.8841 64.7999 12.3248 42.525 9.069 52.2332 9.24223 19.5693 44.0223 86.3916 36.1469 15.6516 38.0148 8.3736 14.8285 17.4114 31.2376 6.06219 10.8312 23.211 22.7626 0.000807257 142.323
-68.2433 31.2346 4.71414 31.1587 14.5373 12.6752 136.332 36.6221 73.4482 11.8008 36.0488 5.40907 53.8385 10.6141 18.3719 54.6664 85.1769 32.0579 19.1411 40.0211 12.1177 11.08 25.104 30.8834 3.02578 0.557155 28.0158 40.4302 0.00222558 144.024
-63.9338 30.4774 4.71414 30.3717 14.5373 13.1661 133.714 36.6221 73.4482 12.8633 34.4656 26.6044 51.8504 3.57458 17.1994 46.9208 74.5662 32.0579 26.0255 42.9328 12.4064 1.75628 23.1885 34.2164 11.4143 0.861794 22.0262 33.5189 0.000971231 141.96
-66.4007 30.2362 7.20073 30.3717 10.3117 13.331 137.07 32.0873 73.4482 4.25763 21.993 37.1517 51.8504 4.51539 20.9464 37.7424 58.0265 44.719 27.8701 55.8724 25.1293 11.0279 16.4685 9.17124 40.3103 2.07912 21.4957 2.16596 0.000614466 138.61
-65.7379 29.1778 6.80238 34.467 5.9054 17.9049 159.603 22.3414 63.1875 7.12809 21.993 51.9489 27.4685 22.8816 13.6198 39.0563 67.6292 44.0339 7.32707 45.5397 27.0011 10.9498 14.0022 6.39166 18.2216 20.3768 44.8225 9.04547 0.000236486 139.671
-64.647 29.9232 5.59106 33.086 10.7762 13.4569 151.468 19.9079 64.6592 12.1017 21.993 55.4481 33.0244 27.1823 2.64822 37.0927 67.5648 33.6371 42.5513 40.7625 28.1784 10.5454 11.338 5.32276 19.4284 18.3244 27.4458 6.38267 0.00125139 138.928
-66.5996 29.9232 5.54805 33.0829 10.7762 11.2125 152.2 22.9332 66.0691 11.2926 21.993 52.6522 42.3371 18.5988 4.32682 47.6709 41.1701 21.5558 49.1646 48.6371 29.9289 9.6732 17.8964 49.9177 11.3986 4.40987 5.64232 26.1845 5.83726e-06 135.909
-67.851 29.9232 5.54805 34.1399 8.83623 12.4287 152.2 23.9541 67.2271 7.06537 12.9051 52.5561 46.2406 20.2034 4.46902 47.6709 33.1632 22.9939 59.3026 59.3484 21.6336 11.5168 17.1965 44.1753 5.13433 13.3035 15.3641 13.8225 5.83726e-06 134.953
-64.5578 29.9232 3.53819 35.8293 4.45907 18.2905 124.045 31.2169 88.3371 9.84679 15.1063 64.0174 28.088 9.96373 4.84856 47.6709 16.1502 28.2724 54.1898 71.6113 37.5026 23.9482 26.0249 26.7546 2.54466 20.4024 12.0201 7.16303 0.000298969 137.444
-65.1553 29.9232 3.53819 35.0511 8.14059 17.2459 124.045 27.9369 90.5079 11.6744 11.4647 64.0174 22.998 15.6049 21.7992 39.0906 4.97695 25.8416 61.8235 61.2004 55.7693 24.4815 31.4968 15.2248 5.02522 11.8345 5.3665 43.7739 0.000879227 141.685
-65.0332 29.0609 3.53819 36.3198 8.61292 17.1336 124.045 30.1238 78.3291 17.9486 11.4647 69.5656 23.1103 16.5045 29.9598 27.9759 9.68925 8.47059 61.4225 56.9676 75.3347 12.484 18.4778 20.1645 0.580868 3.76883 19.6995 71.6453 0.000500213 141.637
-67.7269 28.1049 5.29138 36.2121 8.84529 17.6262 124.045 31.2976 83.6927 12.9769 36.1907 39.2468 28.0717 27.5279 27.491 10.9438 14.2426 8.29855 59.0173 51.5035 78.8956 4.73288 2.03796 30.5044 13.0543 2.48049 40.1609 28.0601 0.00119123 140.126
-65.0092 28.1049 5.50637 34.5514 8.84316 16.9436 124.045 30.5207 84.7017 2.60185 54.3168 34.7199 20.9861 31.6751 20.2556 22.6388 24.4352 8.29855 61.6575 47.6453 74.3225 0.62248 8.80067 27.1861 13.3972 2.91714 29.6856 28.7496 0.000581722 138.192
-64.4409 28.1049 5.80043 33.6955 9.07252 16.3454 124.045 28.6452 90.8356 5.7713 58.2548 42.6689 11.2998 20.3669 11.9286 27.0305 23.4697 8.29855 62.7493 51.9813 73.5808 8.59363 8.23911 15.5914 27.1966 9.88155 25.4695 11.1119 0.000120203 133.563
-63.9698 28.1049 5.80043 34.2301 9.97079 15.0926 123.322 31.9451 90.8356 4.90291 59.9436 40.8529 10.6551 18.3373 20.9547 18.1807 20.4838 8.29855 62.7161 51.4841 70.381 18.2102 4.62213 15.8654 14.1318 10.6818 40.8259 6.871 0.000528656 136.628
-65.3345 28.1049 5.10293 34.2301 11.9757 17.1659 123.322 32.2804 90.8356 1.9628 57.7638 30.7736 12.195 33.298 14.6494 25.4446 14.2686 27.841 60.6574 38.9205 64.7946 16.328 9.42333 54.1518 2.88151 7.00573 19.6799 4.74684 0.000110125 140.537
-60.9791 28.4782 5.73687 37.2175 9.58099 13.5812 123.322 32.0916 89.293 2.39681 45.7345 36.7614 11.3882 53.9288 1.92851 28.5292 8.62742 37.309 74.2195 44.9549 41.5172 19.6638 5.41913 22.8657 27.8947 7.18676 16.9306 8.84743 0.000632991 147.814
-63.8445 28.4782 6.56772 34.4115 7.75604 15.9299 123.322 34.2278 87.5614 2.69633 53.4889 36.7614 11.3954 53.9288 1.92851 25.1768 6.01049 25.1213 69.4492 58.1648 54.2361 14.1095 16.4241 2.45673 43.2553 7.40459 8.66684 9.09742 0.000242272 138.833
-66.3622 27.0069 7.31511 34.4115 6.14376 19.1822 123.322 35.077 83.5473 1.27545 54.9652 35.9547 11.1447 42.7103 3.86656 26.3954 9.87153 36.0087 82.0903 54.7511 23.7708 18.9731 13.9479 1.44359 58.7211 8.99461 11.9568 16.3578 5.62538e-05 137.098
-66.0719 27.0069 6.97893 36.2601 4.42979 18.4507 123.322 64.4578 59.4393 9.52645 2.78466 62.7037 26.202 39.2245 4.12506 26.5671 6.41978 33.3758 100.088 52.97 19.9084 12.5515 21.0097 10.6105 36.162 7.62157 17.8563 15.7684 0.00019476 139.389
-67.3646 26.9189 6.12743 36.195 5.05756 19.0498 123.322 49.1397 59.4393 18.8054 19.0181 55.6297 28.6844 31.6106 6.47601 27.4192 5.47316 33.1695 100.088 50.4771 19.8628 2.24096 19.2855 30.7346 36.162 15.4783 4.80682 15.7228 0.000973 139.555
-67.3172 26.9189 6.08529 36.195 5.80491 18.2136 123.322 49.1397 59.4393 18.0287 17.1213 55.6297 30.6474 25.4278 6.68502 39.1629 2.23271 33.1695 116.585 37.4886 16.9708 16.7805 13.5252 22.9415 23.2553 9.44292 5.65134 25.2226 0.0011911 141.238
-65.8651 29.7227 6.08529 31.854 6.54161 21.3144 123.322 53.4309 59.4393 33.9333 7.65657 55.6297 28.4619 25.345 4.41086 36.0867 4.32554 48.7254 106.008 13.0435 28.2601 21.5182 10.738 8.18732 21.4132 17.8916 13.6069 43.7624 0.00158054 137.131
-65.4836 29.7227 6.73021 31.854 6.54161 17.9653 147.85 33.9495 59.4393 30.3348 11.5429 51.2197 25.064 14.4064 8.82972 37.3159 19.6823 53.9261 106.008 22.9432 1.60077 42.7298 22.3933 5.07293 20.8679 8.8915 6.48143 21.3753 0.00163257 136.538
-66.4149 29.7227 6.73021 28.4054 6.40188 21.0906 141.824 39.3916 59.4393 17.7472 18.6445 51.7676 28.1398 0.510657 21.8519 49.4991 5.56225 51.0622 97.7685 22.9432 17.0278 62.9776 3.96693 2.69179 15.0918 7.31192 12.6644 10.7573 0.000119942 142.54
-66.7196 29.7227 9.95017 27.283 8.56179 18.2534 139.147 32.3473 68.9299 23.7893 22.3551 46.4403 33.2738 0.41921 1.44172 52.567 13.4775 46.9377 101.878 23.1197 26.9802 53.1428 4.92324 7.65361 21.8733 2.52413 24.6596 9.64449 0.000187968 141.281
-65.9085 29.7227 9.75519 27.283 7.85712 18.2534 139.147 27.8935 68.9299 29.4845 21.7839 43.2151 31.3105 16.3054 1.44172 51.6112 3.516 42.1036 115.523 23.1197 10.6822 29.4943 3.77766 9.54891 25.6315 19.4089 24.7984 7.49221 0.000232222 137.624
-63.7196 29.7227 9.59953 27.1804 11.2754 26.0978 139.147 44.4326 50.2447 22.9215 16.4377 43.2151 29.2818 25.7081 1.44172 38.1014 11.031 54.6393 117.982 15.6669 13.3187 17.3619 9.98749 5.90331 10.9242 22.721 20.3952 46.6965 0.000260692 145.267
-66.1823 29.7227 9.59953 27.8085 7.9847 16.7258 139.147 53.2154 51.319 29.4873 29.6828 44.186 13.1256 7.87648 14.0183 44.4945 4.5865 68.9187 109.356 5.0876 19.8125 21.7781 6.69277 15.6975 21.1333 19.1765 21.9314 12.1056 0.0051594 139.947
-65.7826 29.7227 8.49005 28.8873 8.62345 16.1177 133.538 57.8055 49.8226 29.0748 25.4278 38.1683 29.633 0.897803 16.0188 47.5648 8.80999 69.5654 108.677 5.0876 13.2919 24.8277 11.337 23.7366 20.0061 20.0446 5.00433 3.17385 0.00180491 138.697
-64.9243 29.7227 8.49005 29.741 8.11688 16.8888 128.253 62.4561 49.812 26.3125 36.9042 29.4899 26.8264 10.5891 17.3658 32.1703 4.80418 59.9824 96.1272 7.91787 43.8136 11.4236 25.292 14.3432 32.9669 18.9232 2.77805 21.4129 0.00058932 137.466
-67.1815 29.7227 4.32747 33.3006 9.86706 17.9139 128.253 62.6915 46.0559 19.6759 37.4217 37.9629 26.9274 18.693 21.6324 30.8805 1.64006 59.9824 96.1272 7.91787 35.3517 11.5541 11.3372 36.2286 8.22133 41.3457 3.65479 7.05102 3.35287e-05 140.045
-65.2881 30.9469 4.19793 34.9873 5.68269 16.7805 134.377 62.6915 39.2587 26.8029 32.8572 28.8289 29.0289 39.0269 13.7764 20.0683 1.64006 31.9327 104.827 48.7004 16.0232 34.0082 2.38215 0.210055 4.60551 61.3236 5.90706 7.05102 9.45561e-05 139.411
-67.5718 30.8112 1.2267 34.9873 9.98153 17.5252 132.168 62.6915 47.5496 34.8028 20.3322 24.974 33.1609 34.4839 14.5313 13.541 16.0896 33.6728 102.961 47.8932 10.4188 33.6163 1.95872 8.71031 6.59896 58.8051 12.7015 11.7365 0.000302012 141.904
-66.5378 30.8112 2.3313 34.9873 8.3967 17.5252 132.168 62.6915 39.3205 36.5389 27.2472 27.5449 33.5855 33.2983 12.5271 16.209 16.0896 20.1141 97.3282 42.8163 21.1456 10.0127 6.3972 9.69047 5.66657 27.4487 36.701 40.2618 0.00109022 141.025
-66.4108 30.8112 2.27626 36.7159 7.99272 16.6071 133.296 68.4533 36.4926 36.6536 30.2222 16.7865 41.0732 25.0815 16.6906 14.4744 41.5548 45.2651 97.3282 22.7786 7.25578 2.62832 7.56443 14.5365 7.15302 31.4645 17.0546 46.1953 0.000255552 136.896
-67.4141 30.8112 1.8178 37.284 6.99937 16.6071 133.296 68.078 32.1264 38.207 29.2911 8.63029 44.1814 30.1863 16.0153 26.8124 41.5548 45.2651 80.7613 24.1569 6.15974 8.22275 8.60167 10.6304 26.043 31.4645 6.17351 65.6619 9.81228e-07 135.559
-66.3306 30.8112 1.8178 35.799 8.62422 16.6071 133.296 62.3463 33.4125 39.0284 30.0321 8.22177 53.9132 24.0889 22.2427 18.9407 58.7844 60.4118 48.3103 27.8286 1.12793 2.06296 10.9483 8.65551 21.6939 14.0415 11.8276 104.243 2.30159e-05 139.602
-64.6404 30.8112 2.5577 34.3973 9.85752 16.6071 140.992 62.3463 25.401 37.8551 23.8997 2.34199 65.0245 16.1084 31.7273 20.9631 73.3715 63.2753 14.624 30.8167 8.8245 23.1275 27.4671 7.23993 18.5322 28.9459 18.8773 15.1062 0.000120676 140.35
-68.434 30.8112 2.87151 35.5364 9.47428 23.13 140.992 62.3052 32.6414 38.3866 14.8078 0.792897 58.6564 22.7627 21.802 22.9864 74.2414 61.6586 27.9619 30.9406 6.02371 29.3764 39.547 8.36643 13.6965 10.2158 9.79223 16.3826 0.000120676 140.73
-67.6636 30.2856 2.87151 36.2832 8.48249 23.6852 140.992 58.896 33.2399 31.419 17.9419 8.68359 51.3427 21.6842 35.3154 21.7935 69.9466 63.5037 41.5753 21.3637 6.41767 17.8861 31.3264 6.47085 8.92078 5.53926 21.332 18.434 0.000120676 141.091
-65.4859 30.2856 3.16151 35.913 7.94813 23.1881 145.776 60.318 26.6089 17.3833 4.13384 47.0586 40.5903 21.5321 48.8914 7.26838 64.4592 66.6361 32.6923 29.2461 6.41767 3.95635 38.3068 37.2822 1.65758 3.68563 4.86235 38.324 0.000120676 142.846
-64.7078 29.2094 1.72787 38.0642 3.5183 18.9086 157.366 65.6205 18.9182 27.8345 4.13384 36.5581 49.8875 24.6656 2.25632 35.8992 57.1167 73.531 27.4847 21.9388 33.0219 3.55926 40.0318 26.9307 5.03547 2.40237 5.09888 60.6723 5.99205e-05 138.249
-64.8426 29.9658 1.72787 37.5376 4.81329 16.965 155.121 65.6205 24.084 24.9767 12.4681 38.559 41.2682 22.8651 7.28434 31.116 58.9272 68.2761 25.7634 19.7409 42.2431 2.75039 33.2613 31.6985 7.40176 4.31113 12.9023 25.0442 5.99205e-05 134.273
-67.1106 29.9658 1.72787 38.366 7.98059 14.0563 152.383 62.9573 19.5651 46.5975 9.54073 22.5549 46.0059 24.1493 10.1447 27.3332 48.7586 66.7931 45.1522 27.2649 33.8087 12.2474 38.3662 5.06266 4.31561 7.34652 20.3655 27.2586 5.99205e-05 136.785
-64.4159 29.9658 1.72787 37.7869 6.39255 16.8102 133.925 82.2778 26.7506 35.508 2.73562 25.3142 53.1347 18.6167 12.6638 29.4411 44.9377 52.9786 59.2649 30.3512 21.0763 16.5315 35.8775 17.2486 9.22539 2.33785 22.4587 15.6641 5.99205e-05 134.059
-66.406 29.9658 1.72787 37.9184 6.56674 16.8102 133.176 82.2778 27.2242 32.7641 15.9353 16.692 49.8338 26.4123 28.8465 14.7563 44.6915 68.3816 37.6913 22.8441 32.3178 27.7881 31.0243 7.89289 7.95432 3.44953 28.1006 10.2528 5.99205e-05 133.532
-66.9105 28.8162 3.79253 38.0124 6.56674 15.322 134.691 67.6407 38.6438 32.4123 7.48644 29.2182 52.9577 35.7654 28.6369 9.61604 50.3889 61.8825 21.5019 22.8441 31.0064 27.9321 33.5702 23.2192 15.3675 8.97366 0.619503 13.0796 5.99205e-05 135.848
-67.0074 28.8162 3.34642 37.804 13.5751 9.27315 135.48 68.3814 44.6078 36.1046 26.5072 21.9233 17.4902 31.9987 23.5177 12.7598 47.716 64.3099 28.639 25.1577 42.0278 29.676 7.03475 23.3913 15.4306 5.74827 14.7974 22.8369 0.000289004 140.516
-61.9195 28.8162 1.97349 38.9436 19.176 5.27593 134.858 61.3135 31.4115 43.0608 27.8918 30.8942 33.0966 1.14187 46.1093 19.3525 49.1433 53.5318 38.7274 21.5635 42.8667 25.4118 11.7006 12.1391 14.6279 2.66432 6.79857 66.4034 5.49333e-05 144.818
-64.0517 28.8162 1.97349 39.7123 26.8271 5.01032 138.605 61.3516 29.2128 34.3559 27.4437 23.9531 31.7454 20.6695 34.421 25.5208 92.363 0.474777 29.779 20.5975 51.7325 7.68326 19.139 15.1611 2.85812 5.65667 34.141 44.0116 1.68571e-05 143.258
-64.6901 28.0783 1.97349 39.0644 5.4361 5.88735 156.921 72.7773 28.3343 14.9483 33.2894 34.5741 28.8335 13.1959 20.025 41.1099 49.3157 28.8133 47.2763 20.9039 54.4985 12.7353 16.9035 7.23752 16.7338 22.2078 12.4987 48.6495 0.00214001 150.55
-66.8497 31.3886 1.97349 35.5485 2.5645 20.7831 162.783 57.8458 24.6128 17.0129 44.9588 23.102 25.5144 31.0942 20.9049 20.4669 72.3379 25.9865 36.9529 13.2023 57.0463 5.25475 3.62486 11.0794 18.1467 23.609 14.5097 88.9167 0.00335138 142.598
-67.2054 31.3886 1.63979 33.1141 5.84115 20.1841 158.668 58.9373 26.7101 16.6822 49.0149 25.0976 11.9725 40.508 17.1581 15.7669 77.5913 28.6031 53.8126 20.4288 32.2555 7.31221 20.299 20.2131 21.4544 22.1711 7.91163 24.0766 0.00785297 142.482
-65.6554 31.3886 3.24735 33.7945 2.44426 19.8744 158.079 60.5086 26.7101 16.2731 41.8658 32.708 20.9415 46.6548 11.8183 5.46395 72.893 30.29 60.7852 16.5362 44.8849 15.4092 22.8582 19.8854 14.0522 3.54266 10.6059 21.4306 0.00521802 139.465
-66.2105 31.456 3.24735 33.6862 2.44426 20.7759 160.182 59.2961 23.3861 19.5154 46.6079 32.708 21.1223 34.364 2.97251 20.6621 68.0142 30.29 57.8872 10.3713 49.2494 11.1806 4.37459 36.8205 3.63646 13.9583 19.2494 42.2072 0.000803492 136.387
-65.9616 31.456 1.98768 35.1494 2.44426 18.5438 163.387 52.518 31.0723 15.0382 56.0765 9.22779 33.351 21.7146 35.1632 8.85711 66.4705 23.9839 62.982 10.7656 44.755 5.92366 11.3809 40.4773 15.7549 16.6846 27.1399 9.75398 0.00433038 142.672
-65.847 31.0018 1.493 33.9493 4.73991 18.5438 175.226 52.233 23.4754 22.8872 56.0765 10.1004 23.4536 6.60423 45.3666 7.29349 69.5597 14.6054 84.2519 11.0841 27.8068 1.36233 16.0147 40.4773 14.4468 17.1706 26.3086 7.94911 0.00789184 145.162
-65.8564 31.0257 4.39665 33.0085 5.12914 15.6822 175.226 55.4472 20.1372 29.7882 48.801 10.1004 26.2328 6.60423 49.6048 9.49741 75.4039 14.3963 73.1904 6.52775 28.5076 8.65509 11.8607 40.1963 7.48432 18.0571 24.8676 9.66063 0.00675849 141.672
-64.5356 31.0257 3.68492 32.8061 5.03624 18.7154 158.375 62.951 11.0787 36.7924 48.801 10.1004 31.089 5.46726 49.6048 8.62733 79.8373 19.0158 74.9013 3.51019 29.1976 9.33516 18.3632 24.0564 24.471 31.046 21.4477 8.55243 0.00354188 145.02
-68.9599 31.0257 3.68492 34.0245 22.4028 0.572032 158.375 47.066 37.2609 20.6304 60.6439 10.1004 28.5282 5.87407 42.9958 16.5555 78.5864 10.2298 74.2214 4.52035 45.1156 4.96347 0.835325 29.863 19.0863 44.8595 8.59619 8.49423 0.00328105 148.014
-63.686 31.0257 3.68492 35.1125 19.5498 4.2354 157.726 48.8588 38.7858 7.98405 60.6439 21.3201 22.7644 16.8695 34.3767 19.9264 85.0551 8.05847 75.0358 8.25794 17.086 7.09127 6.2406 43.5947 17.0847 25.3363 8.10186 9.30156 0.000928541 143.372
-65.7294 31.0257 4.6375 30.9645 20.0968 4.64216 160.086 39.7035 32.9529 25.1465 59.7071 21.3201 25.2362 18.3422 27.7295 21.6885 105.336 5.63187 60.3419 5.9178 12.5668 22.2841 13.8747 33.8272 12.66 16.2357 15.045 10.1633 0.00312426 141.087
-66.4704 31.0257 4.93328 29.363 20.6279 4.64216 161.869 49.0533 35.7316 13.0003 67.9728 20.3862 21.7158 11.2794 21.5496 20.4919 105.336 7.04797 66.6214 10.7513 18.6022 8.4372 18.355 21.3026 1.65562 26.7622 24.0514 7.64743 2.60923e-05 136.712
-65.963 31.0257 4.93328 29.6132 24.403 2.38643 161.869 44.3586 35.5121 16.6454 68.9262 18.8398 23.3673 6.27342 23.3702 22.7732 85.4833 6.96466 69.6502 16.0938 25.7648 9.68657 21.741 30.6197 23.8193 14.7704 12.9325 7.6731 0.000256009 137.96
-66.3429 31.0257 4.93328 33.0918 21.4283 0.888095 161.869 44.3586 36.0632 19.6239 42.2906 28.1695 34.1908 10.4386 23.2173 25.2934 88.6307 8.75374 64.2892 10.7596 31.4497 11.1512 18.551 43.101 21.2887 4.76533 13.0162 3.26723 0.000286371 135.784
-66.382 31.0257 4.93328 32.2771 20.4055 0.888095 161.869 37.603 41.1914 19.8343 42.7547 28.1695 34.1908 15.6092 20.9058 21.5316 85.9939 14.7154 61.0585 10.7596 44.4329 8.70872 17.7739 24.2961 4.17172 17.802 13.8271 49.9269 0.000910281 139.286
-66.9756 31.0257 5.08855 31.5212 20.1991 0.926254 190.068 10.1897 44.9438 21.3766 46.6087 25.8267 34.1908 12.7799 17.4585 21.1687 80.774 19.6941 64.9112 32.9084 19.7773 3.06614 7.60705 24.1654 19.1611 20.01 13.7953 32.0506 0.000556409 138.257
-64.5571 31.0257 5.08855 32.5908 16.4795 0.926254 189.799 14.4333 38.9266 21.397 47.4863 25.8267 34.1908 4.96124 17.7349 41.4651 85.4821 22.4411 68.8319 12.7593 4.28296 7.21238 9.3019 42.1537 19.3558 21.4601 10.2253 22.521 0.00105328 142.215
-69.3211 32.5729 4.53178 32.3344 19.6411 0.926254 189.799 19.4953 38.9266 9.36643 47.4159 18.0599 43.9289 5.05748 17.3691 37.7108 84.2985 26.6226 64.6006 15.7384 11.2907 4.17771 24.266 35.1319 15.5082 2.37446 12.5486 24.6796 0.000773806 144.345
-67.6848 32.5729 2.66346 33.9112 19.6014 0.926254 189.799 19.4953 12.584 14.666 47.9046 13.3631 72.5863 6.41177 15.5618 32.4156 75.0656 41.7624 60.0651 15.7 20.6849 28.1879 17.6819 19.8691 13.3797 2.37446 10.6916 38.1296 0.000791359 149.436
-68.165 32.5729 2.66346 32.5588 19.651 1.8162 189.799 22.1699 12.584 15.674 47.9046 13.3631 72.5863 9.23968 19.1429 31.1333 73.8819 32.0586 46.8018 21.789 20.6849 30.3932 17.1168 31.6267 18.7406 2.37446 4.60157 8.45368 0.000162265 145.301
-68.0585 29.5927 2.66346 36.2701 19.83 0.515795 189.799 22.1699 19.6329 15.7043 45.0149 13.4005 62.0388 9.03717 14.2657 43.3691 97.7975 21.7476 26.3356 34.758 11.6334 21.3338 12.6682 39.4379 5.61382 12.4856 15.9564 16.5162 0.000833095 144.743
-66.2445 29.1588 2.66346 38.7169 18.2154 0.515795 189.631 33.0372 25.1689 19.5946 24.505 28.8515 45.0114 8.49662 12.1894 37.7085 95.0666 14.6862 47.6392 31.268 25.2349 16.5197 4.65918 4.30266 6.46651 14.7507 50.5693 6.53742 0.000782053 138.981
-64.7696 29.4824 2.66346 37.4219 19.1222 0.515795 189.631 34.4538 24.9909 8.08561 33.767 27.9138 45.0114 4.20577 16.7661 54.467 87.4768 16.5833 36.2477 17.1854 44.0259 14.8906 11.4544 4.85787 3.6038 14.4283 52.3509 36.753 0.000144655 144.362
-64.463 29.4824 2.66346 38.614 16.476 1.42635 189.631 34.9161 24.8517 9.08724 32.105 29.3044 42.1338 4.20577 6.5758 53.3371 87.9543 13.654 46.3652 45.2901 12.2097 38.2248 21.594 9.56758 12.8438 10.2707 7.29572 38.0943 0.000236532 139.403
-65.5583 29.7824 2.66346 38.4092 14.6469 2.1492 197.992 32.2009 24.8774 15.3006 33.1697 28.7391 42.1338 5.80046 6.5758 49.984 99.9394 3.16416 37.3726 37.2438 6.95279 16.7393 20.2575 14.6327 21.0967 19.411 4.84411 51.4348 0.000221525 143.369
-68.0776 28.7745 2.90356 39.601 13.7855 1.57201 197.992 32.2009 24.3724 4.32549 49.6671 11.382 44.6344 9.96982 9.80868 49.984 89.0583 3.636 37.3726 59.6325 1.74117 7.55513 34.8035 49.616 3.78147 2.63281 4.84411 37.7404 0.000160826 145.415
-65.6777 28.7745 2.90356 40.4365 13.5344 1.19492 197.992 34.3 18.844 6.38594 54.982 10.924 37.9263 6.94719 4.91953 56.7574 89.0583 5.03959 31.1085 59.6325 20.6867 7.55513 5.29754 45.4475 19.5867 10.9523 4.84411 50.728 0.000141864 143.85
-66.8112 28.7745 2.90356 39.3724 17.211 1.9809 197.992 34.3 15.135 11.0899 65.9996 13.2384 22.0701 3.5234 4.91953 57.9899 82.8623 31.1737 18.0408 62.3735 9.2819 18.5213 7.42874 21.0436 28.1381 17.022 6.64383 34.6835 5.86162e-05 141.785
-66.4314 28.7745 6.10743 34.2695 17.6587 1.9809 198.005 41.0916 9.66567 11.7076 60.9376 13.2384 25.6683 3.5234 17.6321 61.9877 81.6224 43.1904 42.3301 13.7675 4.02631 24.1505 7.03532 2.83231 23.0424 21.1074 26.2901 31.7405 0.000207304 139.282
-68.1977 29.513 5.45472 30.9519 16.3354 9.27079 189.07 43.0723 8.28278 9.45266 60.9376 4.51263 42.4298 5.00196 2.9373 61.9877 81.6224 55.1085 33.7431 10.5579 17.8169 33.6318 14.5263 4.16444 9.49567 17.7274 33.8976 14.0035 0.00015351 145.678
-65.0739 29.513 5.45472 32.2466 14.1726 7.7531 189.07 37.8968 14.1773 9.45266 69.4289 19.7203 28.9902 4.11615 2.9373 48.9875 73.5724 48.8029 53.9934 11.9326 11.364 4.41166 6.75001 6.34545 4.37117 52.9441 30.4883 36.1562 0.000208807 138.905
-65.7087 29.513 5.45472 33.2775 14.418 5.0693 180.874 53.6449 12.9074 14.5383 66.4533 9.78552 32.4121 4.11615 6.38883 60.5718 80.1163 46.6174 34.2966 23.2827 1.16432 9.05277 2.00796 9.86188 2.92594 60.507 21.645 8.57988 2.74288e-05 139.194
-66.3674 29.982 5.45472 31.6657 12.2778 11.254 180.874 53.6449 12.6789 17.7023 61.1763 9.63088 29.52 4.11615 6.56488 58.2193 74.9296 46.6174 42.6929 27.0896 3.56968 28.0554 7.07646 7.69996 24.458 16.3989 32.5298 6.90713 0.00023067 137.553
-68.5084 29.982 5.45472 32.3225 9.5311 10.8448 179.789 45.8242 15.7395 22.2489 75.8889 15.7516 13.1172 9.54515 6.8462 58.2193 73.927 39.1661 47.8214 16.328 9.74428 19.4055 7.42431 9.63875 29.3849 17.6181 28.7216 14.6624 0.00010187 139.188
-67.3198 29.982 4.91504 34.9273 9.11167 11.509 184.149 48.2254 12.2034 25.7223 69.6766 15.7516 14.7471 16.2375 8.47623 37.0385 74.6536 39.1049 50.9453 36.1541 5.84207 12.3518 9.85696 2.01579 37.8186 2.73778 39.6377 13.9771 0.000477093 140.991
-65.5167 28.9173 5.43535 33.4937 14.1214 5.31657 178.059 43.7575 27.425 30.1175 28.3403 15.7516 43.0928 7.16972 22.3499 41.1893 71.8176 16.3356 48.2161 43.4747 16.6257 13.1568 11.7835 4.21551 5.75396 26.1822 25.9349 44.2359 0.00453569 141.797
-66.6126 28.4508 5.43535 34.1062 12.1779 20.7728 170.742 39.8317 25.325 33.9791 14.5057 28.6386 43.8075 11.5596 5.34505 41.5845 61.3186 16.2071 57.0141 47.4951 22.0019 8.21728 13.5936 5.33277 9.54124 28.8351 25.8489 48.62 0.00370215 143.928
-66.9734 29.6215 5.43723 31.7418 12.1779 12.376 174.592 48.1303 19.8275 42.3549 14.5057 28.2492 35.0655 10.1507 13.1098 46.9588 60.7671 5.14027 56.2091 48.012 25.1537 10.4086 13.1996 14.9166 4.6442 18.9036 34.189 22.4674 0.000201985 136.835
-65.7409 29.6215 5.43723 31.9212 13.1097 10.8369 170.917 39.3691 23.7452 19.5469 14.5057 30.0268 61.446 18.1746 11.5787 49.1633 51.9768 15.1138 69.5198 40.5336 27.809 16.2118 6.78783 9.44765 17.4734 24.5235 7.81902 43.1358 9.8959e-05 138.817
-67.0884 29.6215 6.33231 32.1192 14.4152 10.0219 170.917 49.2811 22.9982 10.0394 19.1844 25.2524 61.446 12.4394 3.58593 57.4769 47.4797 24.0459 59.811 36.1386 32.0484 16.2118 13.6495 11.3416 14.9549 31.2045 7.50995 36.202 0.00020443 137.005
-66.6264 29.6215 6.33231 31.6469 4.40943 18.3864 175.154 47.6846 24.4072 9.82583 19.1844 22.0851 59.1789 5.80275 14.532 45.7969 55.8742 15.7121 60.8563 34.8632 44.9709 17.7003 14.2125 23.3151 26.4345 13.2685 4.03198 21.2184 0.000123425 134.124
-64.1652 29.6215 6.33231 30.9721 5.62155 17.8028 177.312 50.6923 18.8171 11.0875 23.0586 18.6002 61.6117 14.5101 15.117 41.7814 48.5864 13.817 50.291 30.5058 63.4239 7.67801 9.1174 6.68097 30.7068 31.6031 17.6647 23.1831 4.7432e-06 136.449
-65.0117 29.6215 7.18275 31.9685 4.73767 18.4152 167.89 50.5822 20.2147 26.8228 15.7984 13.3911 62.2218 18.0248 12.9939 36.904 97.7752 43.4989 56.2989 0.850406 9.48767 3.94671 15.6554 2.40747 17.8771 14.1858 53.2034 6.97391 0.000206533 139.364
-66.4042 29.6215 7.18275 31.3099 4.73767 16.4653 162.014 53.3678 21.4091 40.4725 17.3942 14.1626 62.2218 19.0926 10.1727 35.8991 97.7752 29.6522 48.4307 0.338934 8.91872 1.47077 18.4663 25.4245 20.4588 3.32377 35.4912 30.7102 0.000370803 143.261
-67.0777 29.6215 7.18275 32.8011 8.53864 14.9857 122.694 91.2534 23.2645 50.5393 14.4132 7.61683 46.2667 19.329 1.09088 48.8917 100.497 18.873 63.3656 1.96574 11.6206 14.0311 29.2853 4.53816 31.5705 27.6488 28.2259 1.58424 0.000346574 142.641
-69.649 29.6215 7.18275 32.7617 8.63538 14.5362 121.981 91.2534 27.9239 48.1264 9.54405 21.0805 48.1005 17.405 25.0763 10.1661 100.497 21.131 55.894 16.5217 17.3852 6.54115 21.2586 26.1751 25.2685 1.7308 29.4349 3.34661 0.000601835 140.729
-65.3395 27.4927 7.364 34.3699 4.9342 17.0417 128.713 88.6036 19.3306 53.0214 26.761 3.62728 38.5462 17.6803 25.3972 20.0905 106.471 23.9509 45.6558 26.1534 7.79179 7.05431 13.4598 30.5137 12.6782 13.4457 28.3039 10.0949 0.00251757 140.559
-67.2733 27.4927 5.69225 35.4196 10.9356 15.8331 128.35 89.7321 19.8036 50.9629 24.7005 8.00695 38.5462 19.81 16.6527 30.9816 95.1092 19.9301 38.7317 16.7103 34.3441 7.2228 5.83677 22.0173 15.6457 7.83228 27.8655 7.85291 0.000173091 137.327
-66.4371 27.4927 5.69225 35.7991 7.74312 17.3831 120.879 87.343 34.0738 51.9327 16.1485 7.31691 35.6668 19.585 10.9121 37.7325 88.0274 9.93087 42.8554 35.4765 21.5913 6.17151 16.093 33.975 13.1903 11.8564 25.3975 7.85291 0.000173091 137.78
-65.7744 27.4927 5.69225 35.2241 9.16681 17.4614 122.612 84.9365 32.1349 53.0654 9.59301 4.59641 43.0294 12.4237 6.81342 54.6262 88.0274 10.4523 34.3673 54.7567 16.6034 7.10935 32.085 14.0685 7.98721 29.4985 17.5902 18.6711 0.000810773 138.935
-67.2504 27.9323 5.69225 35.2241 11.1502 13.429 122.612 84.9365 20.8747 53.0654 12.0643 17.3372 50.3049 11.9675 16.0471 34.1809 88.0274 12.625 29.9053 55.197 15.2818 8.93055 38.9343 6.26889 7.39563 26.6821 19.8039 12.3391 0.00126286 137.874
-64.4936 27.9323 5.69225 35.2241 12.5178 13.0652 122.612 84.9365 20.9672 42.4907 25.6456 22.4933 44.1867 4.24944 22.1171 38.7435 87.5983 7.18067 37.3822 47.8867 17.5252 25.7303 43.9476 3.89307 8.62041 18.7315 8.55667 2.88691 0.00500863 139.113
-65.6797 27.9323 5.69225 35.2241 13.4735 13.0652 119.98 82.8379 30.8786 47.627 32.6835 21.4006 27.3137 7.87924 8.56724 44.7824 82.084 17.8646 43.8691 28.0973 28.8099 12.7077 32.8569 5.52531 0.772563 25.7537 11.4402 40.3726 0.0128497 142.38
-65.5809 27.9323 5.69225 34.4927 15.4213 9.88941 124.012 82.8379 31.636 45.3953 20.4667 29.2507 26.9369 4.58638 16.0869 52.9574 75.9124 37.2126 40.4338 29.0277 16.5781 9.59158 10.8861 15.4856 2.47 39.1132 17.5855 35.0411 0.000745415 139.076
-65.5237 27.9323 5.69225 34.024 15.3259 12.4212 121.621 88.4583 26.826 41.408 23.3315 31.6896 30.7611 4.69472 13.2905 46.0194 75.8018 45.9045 43.0543 10.6284 18.248 6.56631 9.38771 37.2502 14.4434 21.2684 14.5957 43.0171 0.000307197 135.328
-68.03 27.9323 4.57826 35.6421 18.4387 8.25768 113.422 109.866 12.2478 41.8543 25.402 24.7644 35.7171 16.4767 15.7029 33.9003 84.9953 52.851 38.8488 5.79703 25.8391 8.74289 15.1066 35.136 10.893 3.11162 19.5807 26.274 0.000153471 140.161
-64.5733 27.9323 4.46715 35.4625 19.1714 9.98973 105.815 109.866 23.286 36.3654 28.737 19.0348 33.2148 3.5231 7.60324 47.9899 85.4491 50.922 38.1681 13.0801 21.7243 23.4893 2.29289 42.4766 3.21558 2.54748 16.5532 21.8047 0.00114453 141.07
-63.6354 27.9323 4.46715 36.1926 19.1714 9.03898 105.815 109.474 22.8197 36.6495 28.8041 17.1969 33.2148 21.4898 10.6749 46.7782 91.9155 37.6725 38.1681 11.1107 12.3124 23.754 21.1315 43.1922 9.94949 1.93939 1.18897 7.27776 0.000572652 139.698
-65.5144 27.9323 4.46715 33.6884 19.1714 9.29994 105.815 109.474 26.0562 30.5194 28.1893 19.2319 34.0203 21.6333 0.0930928 54.1151 91.9155 28.2769 40.4823 20.3581 12.7808 5.16471 51.2575 17.5943 11.7462 1.18449 15.8833 12.6071 0.000572652 141.306
-65.7866 27.9323 4.46715 34.6852 18.309 9.17531 105.815 109.474 23.3667 35.5535 30.1987 20.8385 34.0203 21.1802 5.06935 35.4407 77.1531 21.5728 70.4459 18.9331 18.3702 7.26313 51.9419 1.34113 8.96046 15.6035 20.2208 11.9402 0.000572652 136.852
-68.1217 28.9901 5.30246 34.5793 17.3539 10.4224 105.05 109.474 22.8771 39.13 39.5353 17.6872 23.1743 12.0131 14.4785 42.5104 95.151 11.456 69.2415 20.2362 1.00802 7.26313 38.1216 17.3203 15.8558 7.21749 21.9312 17.5631 0.000931694 137.752
-66.5348 28.9901 5.30246 34.5793 19.9366 8.81807 105.05 113.011 23.3917 47.8585 25.032 11.0305 27.4977 12.9912 12.8536 37.0322 105.571 17.8354 57.0638 20.2113 5.19232 18.3479 24.6396 10.4024 15.8558 15.5117 47.6881 3.39323 0.0018955 143.125
-65.9435 28.9901 5.30246 34.9676 21.0335 4.66523 108.86 113.011 19.9883 39.4404 23.4653 11.986 36.7322 13.9137 20.6682 34.6144 101.817 33.9591 37.5523 19.6844 5.711 6.67147 36.3128 16.7941 2.26993 2.43485 44.9921 11.8178 0.00128162 139.568
-65.1817 28.9901 5.30246 32.987 20.7531 7.75549 113.63 113.011 15.0524 41.8163 14.5668 12.2441 49.3032 13.1902 19.5243 35.9505 88.2523 40.6898 29.6134 24.9214 4.46485 15.5056 23.9674 25.5168 18.9792 6.00749 20.1249 26.998 0.00136618 138.396
-68.811 29.4206 5.30246 35.5674 22.6744 5.97646 113.63 113.011 12.9646 35.1107 15.401 8.33591 57.7763 17.3737 16.4975 35.0126 90.6909 62.6404 3.92497 15.7719 18.4923 15.8011 41.1005 11.6889 8.51914 10.9835 21.4848 9.6118 0.00216455 147.324
-65.4234 29.4206 4.93397 35.0792 18.815 9.52196 120.768 104.914 6.93928 34.7164 15.401 18.2183 60.3316 18.4893 20.0764 33.8394 89.8012 62.6404 3.92497 8.4831 21.7319 6.24096 40.7558 5.95864 21.4852 30.3595 3.30561 25.6339 0.00288289 145.533
-65.3391 28.8026 4.93397 35.0792 17.9267 7.50714 126.095 97.4815 16.2122 25.1119 15.661 14.5198 65.3614 11.3003 28.2938 29.3846 23.8914 50.4918 18.0105 79.0598 30.8602 4.5273 43.8886 14.0854 2.71864 16.0989 10.751 20.5217 0.00495123 139.343
-65.1047 28.8026 4.93397 34.1784 19.7195 5.9015 125.077 104.643 7.36765 31.6395 26.3921 8.46564 64.0851 6.22182 24.44 31.1226 4.02541 58.9701 26.9031 70.4212 44.7928 10.1564 59.2785 1.38835 17.1758 2.79631 2.24732 8.28078 0.00379287 141.86
-61.1312 28.8026 4.93397 33.5273 15.9591 9.84054 121.765 109.854 9.66047 29.1634 27.4763 8.46564 52.207 5.65022 24.606 31.0116 20.9465 65.5457 26.2888 67.3065 36.1449 5.9205 45.5128 14.7327 2.92475 2.79631 13.7441 40.3021 0.000280761 141.067
-66.5695 28.4992 4.93397 35.419 16.9492 9.54198 121.765 109.854 8.24899 30.2903 29.893 8.46564 50.331 7.52583 35.3496 18.0379 44.7149 64.6932 38.1336 39.2149 26.2724 11.7939 16.0619 7.24323 15.1943 8.18082 13.9242 43.9051 8.59273e-05 136.478
-68.6641 28.4992 4.93397 34.6916 16.4985 9.54198 121.765 109.351 5.91875 32.7095 24.4495 13.9948 50.331 4.75254 36.1104 28.9381 31.8649 60.5186 18.0072 60.1232 30.5797 26.3676 6.80369 28.4018 7.63726 3.79633 20.9635 39.664 0.000891189 138.955
-66.5637 28.4314 4.93397 34.6916 19.5696 14.1972 138.104 91.6283 3.3253 37.4543 23.1857 13.9948 50.5947 2.43428 26.9771 28.0845 36.2699 78.3774 20.2232 62.8671 4.84151 44.6202 8.03251 15.9217 3.53672 2.98759 16.0116 33.3286 0.000397847 141.45
-65.3884 28.4314 4.93397 34.6916 20.4281 14.1972 137.219 79.9763 7.0195 37.5736 21.7552 10.5736 55.1436 7.61436 24.9396 28.9674 33.0448 78.1799 12.0024 70.601 9.99634 38.5609 19.9348 30.1822 14.5258 3.42327 27.0105 2.01622 0.000537802 143.219
-66.5642 28.4314 5.95292 35.0156 20.9605 14.4197 137.219 76.8955 11.1617 41.1557 28.3638 10.5736 53.0095 3.36677 29.0815 26.4349 25.2465 84.3271 18.2616 59.0315 16.2351 50.6911 19.6085 13.2057 4.93496 1.58895 15.4395 4.31157 0.000551674 142.58
-66.3551 27.5273 5.95292 35.0156 19.9778 13.4087 136.114 76.8955 11.1617 35.2619 24.1791 22.0637 54.5601 4.81168 35.3046 15.6909 21.7102 67.4899 18.2616 62.2479 31.3592 36.855 28.5961 7.47317 12.0183 17.3832 11.0735 4.80413 0.000723448 140.616
-64.8943 27.5273 5.95292 35.0156 19.8645 8.03204 138.679 76.8955 19.3471 56.3546 2.57621 25.7574 42.4779 7.56053 34.1573 11.6844 7.02421 83.4047 18.2616 62.2479 49.2432 34.3579 13.1387 13.2826 20.0097 16.1108 2.12374 3.61981 0.000606332 139.34
-66.5092 27.5273 5.95292 34.8591 19.5712 5.94252 146.163 68.5083 23.6524 47.4922 15.0532 27.3615 40.2052 7.56053 30.5429 16.0043 8.32308 70.3456 20.1667 32.4037 90.3994 12.2153 34.7888 2.75713 10.7285 4.72716 32.6076 12.4541 0.000411488 138.733
-67.6359 29.0602 5.95292 33.8344 18.5616 6.58843 145.554 68.5083 29.5848 47.4922 9.03746 19.2705 41.3329 12.6796 26.1463 19.7749 10.5087 82.9263 29.2156 19.1767 82.0501 12.704 24.7293 3.25309 13.9649 6.65102 32.5732 26.7722 0.000229035 139.807
-64.6547 29.0602 5.95292 33.8344 15.3263 6.9229 149.872 67.0812 21.944 39.9252 9.03746 26.617 51.8113 16.7853 30.3536 17.336 10.597 90.3496 34.9306 17.489 71.1454 8.44634 7.01072 9.78759 11.8066 9.70689 29.6999 18.1542 0.00139685 140.546
-65.6434 29.0602 6.11432 32.5636 15.5462 10.2434 144.319 67.0812 21.944 29.6613 10.8271 28.6979 52.8229 17.7823 41.5918 12.9478 1.81471 74.2381 32.4222 16.5056 91.0078 21.5258 3.47088 6.00434 10.2687 17.5219 32.526 18.131 0.00499362 140.167
-66.0129 27.7871 8.26595 32.5636 16.8191 17.0616 149.284 61.5558 21.944 30.2012 10.8271 28.2838 53.2649 16.237 36.0717 2.89183 4.81929 73.5287 32.4222 20.2818 91.0078 19.4937 3.47088 6.2526 26.0489 14.8785 22.2037 16.8223 0.00372088 142.462
-64.7329 27.7871 8.26595 31.0878 19.2444 17.0616 132.222 75.0713 22.2648 30.2012 10.8271 28.2838 59.9401 9.5739 37.1602 4.57225 10.3178 72.0959 20.7484 25.7358 91.0078 37.1753 1.13259 17.5227 24.411 2.50887 2.44129 11.3984 0.00232905 143.683
-65.2378 27.3396 7.15925 33.1751 16.7749 9.43691 132.372 75.0713 33.6223 34.4134 8.7194 21.0211 55.4148 5.72761 42.5038 9.50787 13.881 74.363 27.7085 20.831 92.3533 43.4101 2.72139 4.13294 36.2474 11.0186 0.0277922 3.99731 0.000639258 140.989
-65.6606 27.3396 7.73694 30.3998 19.4091 10.1766 134.326 67.0715 34.9647 33.5945 17.0793 22.2659 54.6437 1.43475 36.4205 18.3869 4.8027 74.363 27.6068 20.8515 92.3533 36.3973 2.93377 5.03858 46.0713 4.52424 5.53916 6.85357 8.91136e-05 142.084
-64.4088 27.3396 7.4218 34.1243 15.9093 11.5202 112.372 73.2075 50.1669 39.5046 11.9579 20.691 54.7095 1.17359 37.6559 20.8139 8.67115 60.4214 36.115 25.7858 93.8556 28.2372 5.7764 17.0386 24.9919 4.73189 6.483 7.83132 0.000266972 135.53
-66.2863 28.1855 7.4218 33.1448 17.809 13.0758 112.372 68.5965 53.0081 52.9118 12.0752 12.8685 51.6535 4.82881 34.142 21.6955 14.1077 61.7958 35.5795 16.234 93.8556 17.36 18.6956 11.2899 6.26537 26.6625 6.71819 3.15024 9.62039e-05 138.551
-65.7511 28.1855 7.4218 31.5323 19.967 7.82616 110.705 68.0827 48.3212 55.3845 9.01677 12.8471 53.3118 31.9625 13.8041 14.9629 2.72532 55.3151 38.3113 13.4782 116.881 6.9216 31.6131 6.08767 16.6918 14.9254 7.85134 6.75906 0.0031308 139.722
-67.5611 28.1855 7.4218 33.9129 18.3302 8.37452 110.705 68.0827 52.6016 56.708 4.67918 22.4561 41.0605 36.5661 10.1381 11.2765 3.01475 59.3647 39.6562 21.7399 107.854 5.27217 19.7695 29.5494 6.50144 9.20027 17.1624 17.2505 0.00136309 140.84
-66.144 27.8105 7.1195 32.3772 17.7124 8.66947 121.695 74.0322 31.2176 62.0655 12.0237 7.0383 43.8815 36.4174 10.8585 27.2057 3.4823 45.3968 41.4108 31.5599 107.854 1.43478 16.2939 7.89584 10.9829 10.9161 11.7218 45.8568 2.05322e-06 135.784
-67.682 27.8105 7.1195 32.2715 17.0298 11.4965 125.476 74.0322 31.5464 55.7523 8.16192 8.18997 46.938 41.0718 15.9912 15.8414 2.08173 45.0473 45.3148 28.2338 110.033 5.0765 11.968 28.7933 9.16904 9.62884 4.99139 19.8351 2.96001e-05 138.316
-66.8159 28.8277 6.87871 32.0705 17.3108 14.2222 103.773 71.4472 49.5174 55.2755 6.95535 23.9214 36.8627 45.4048 10.7148 18.746 21.6931 10.8365 92.5238 26.7397 64.7526 12.1694 10.7628 28.2957 13.3916 10.6295 12.101 13.3295 0.00118013 139.725
-65.8674 28.8277 6.87871 33.0935 17.3272 11.1656 103.773 81.2113 51.5064 50.6898 11.6082 13.6579 30.6325 43.6895 5.63669 22.9893 21.0547 24.4344 87.2043 21.1245 56.6634 15.4989 9.17075 22.8117 37.0455 8.72911 16.2365 11.5803 0.000510653 136.294
-67.5909 28.8277 6.87871 33.2863 17.1289 9.36821 100.458 81.2113 45.896 50.6898 18.4194 19.5333 30.3181 48.0548 4.32377 25.6324 16.446 21.8273 93.4147 22.2167 46.0315 6.37775 14.0835 15.0223 39.4011 28.7426 3.51756 12.6606 0.000264948 136.97
-66.364 28.8277 6.30748 33.4137 20.9209 9.89577 100.458 86.0007 48.0463 48.6222 9.64738 30.0374 27.1886 53.398 0.832713 8.00395 24.8757 0.847033 102.088 34.3813 62.7852 5.45931 20.2116 5.21301 25.6695 18.5947 9.56177 31.6796 7.14666e-05 137.975
-65.3234 28.8277 6.30748 31.2886 17.9988 10.6958 100.458 87.2331 48.8035 58.6703 10.4892 10.9106 31.3632 53.398 6.68274 15.7516 7.18187 10.8777 105.021 23.3527 69.6343 19.4952 3.1578 4.17637 16.2943 20.5991 8.30484 49.4693 4.73237e-05 136.938
-65.8103 28.8277 6.30748 32.6308 17.6821 10.4513 93.1099 87.2331 58.3159 52.4548 12.78 19.852 26.4278 55.3087 5.02393 16.9956 7.18879 10.8777 91.3332 18.0981 86.1413 14.2867 15.158 15.4286 11.6719 13.3402 8.19653 23.2368 4.73237e-05 134.48
-65.6468 29.0708 6.30748 34.4306 16.4538 11.7945 93.1099 88.2221 61.4984 14.9956 28.6655 3.56931 59.4955 50.2047 5.90003 18.6016 6.98469 10.8777 102.962 23.0119 77.818 16.4537 18.9585 20.896 7.74281 13.5146 15.5172 19.2387 4.73237e-05 140.746
-65.6424 29.2494 6.30748 31.9619 16.6499 11.7945 93.1099 88.0955 61.4598 14.9956 17.3928 7.95988 60.4293 52.7784 13.0805 15.7073 9.91855 3.09962 114.242 15.5178 77.818 20.4458 13.0023 13.305 6.15792 18.7826 2.5142 3.99225 4.73237e-05 137.229
-66.2732 29.2494 6.30748 32.4782 14.9484 15.476 93.1099 83.3624 60.6955 16.6578 17.0775 8.3433 62.4883 63.9368 5.40772 3.06839 18.2012 3.09962 106.416 16.4447 77.818 10.8573 12.9348 33.0363 10.2093 10.5644 12.4542 13.3719 4.73237e-05 135.373
-64.9454 29.2494 6.30748 32.8099 12.2309 15.3891 93.6716 83.3624 60.6955 73.5424 16.303 15.0408 6.77067 63.9353 9.15959 0.606684 11.9601 5.52231 106.502 21.7326 68.4274 17.7118 14.3523 24.5389 15.8614 8.26307 9.47579 15.4576 0.00104901 140.176
-67.2232 29.2494 6.30748 32.896 12.2074 16.4994 87.8841 85.71 60.6955 75.5853 16.2174 18.4192 6.77067 61.6365 4.34183 2.02474 7.382 5.52231 101.111 39.6613 56.0766 6.46539 23.7185 29.9799 18.5627 20.5485 7.31838 9.324 0.000117912 136.748
-65.7342 29.2494 6.30748 34.2086 12.1892 15.8673 87.8841 85.71 60.6955 63.3521 19.7629 20.0823 12.4826 52.9754 14.8201 4.16777 22.3126 5.52231 88.4117 50.084 47.7417 6.46539 9.41592 17.321 8.21036 22.4407 31.4555 8.01654 0.000686043 135.775
-65.8494 29.2494 6.30748 32.556 12.196 17.0855 87.8841 82.0119 62.0344 65.9032 16.1831 15.5543 5.69924 61.7461 4.65635 27.6216 35.6257 11.8779 66.2343 47.3461 36.4937 29.2444 19.2361 3.13088 1.74641 24.039 27.8718 15.1257 0.000561601 139.406
-65.8472 29.2494 6.30748 33.362 12.2041 17.6272 87.8841 81.1455 62.0344 63.0353 23.4663 14.1975 5.69924 51.8903 5.90259 19.0875 21.3069 53.9173 69.3098 34.944 31.2384 1.21263 26.3544 24.8397 0.691264 30.6999 26.0341 10.0067 0.000789893 137.206
-66.3426 29.2494 6.2953 33.362 12.215 16.9451 86.4183 75.2078 65.5603 63.0353 28.7295 16.7436 12.5723 56.288 0.562689 16.1899 39.1793 29.1403 63.8256 35.5533 38.2583 16.9423 23.8689 11.3469 15.8731 17.5932 17.3207 10.8809 8.4652e-05 133.839
-66.3779 27.7043 6.2953 34.0016 12.2599 18.7916 82.8979 80.4242 58.3056 63.0353 35.3429 8.95629 15.9206 49.1525 13.4475 7.31163 38.7389 29.1403 63.8256 38.5288 38.2583 22.7157 20.7237 5.61169 25.2956 10.3728 25.3061 12.5955 8.4652e-05 133.548
-67.1241 30.0936 6.2953 34.2153 14.9477 11.815 93.4355 80.4242 58.3056 64.8753 38.9361 6.55762 15.9206 31.9595 20.4165 15.6845 88.9117 27.8811 19.7791 16.1835 60.1835 21.0998 10.5362 2.13729 16.7339 21.5085 21.1082 3.9077 1.00758e-05 135.468
-65.1844 28.4925 6.2953 35.2225 14.8017 13.784 93.4355 79.9397 56.2729 85.1301 23.9717 6.55762 2.04159 15.7044 42.3716 10.8603 48.2847 34.7831 48.3029 27.4647 56.0991 20.4538 21.7734 19.3788 11.4443 21.4399 5.27755 5.00023 0.000241699 137.204
-68.0197 28.4925 6.2953 32.9532 14.8792 13.784 93.4355 81.0207 57.787 85.1301 27.4791 6.55762 14.312 10.2923 32.4347 24.8957 52.3928 41.8667 50.5156 15.069 40.5285 18.6526 32.0574 9.2701 9.59602 10.0993 22.7423 2.24766 0.000353066 136.046
-68.1293 27.7542 6.2953 34.1908 14.8608 14.9041 93.4355 77.2073 58.6264 85.1301 20.3626 10.065 15.6958 28.3603 30.2141 5.11891 73.5202 41.8667 49.0868 12.6479 27.0982 8.02647 15.0686 16.5806 10.0507 7.33022 22.466 30.6246 3.55672e-05 137.698
-65.4149 27.7542 7.40082 33.9155 14.801 13.2748 102.405 73.4783 57.3833 83.9565 17.6579 4.23074 24.2411 12.2072 23.2215 15.7348 73.5202 59.2109 39.8591 29.7844 2.58841 15.8903 16.6944 26.804 12.1198 9.59858 29.5648 21.3497 0.00010777 133.816
-65.6618 27.7542 7.20053 33.9155 9.49254 16.5666 111.454 73.4783 43.0172 83.9565 16.9335 8.74384 24.2411 9.15732 30.2449 19.405 73.5202 66.3247 33.5962 30.3916 2.58841 24.2296 8.33379 12.4984 32.8127 13.9252 15.4593 8.14463 0.000215414 134.822
-66.2018 27.7542 7.20053 34.4507 8.88352 17.1274 115.842 92.475 15.3625 83.9565 18.0534 7.98569 24.2411 7.59081 40.8537 14.2864 74.2297 69.9139 19.7522 29.8205 4.90497 20.1037 5.39471 14.4085 39.9673 7.50399 12.7703 27.5294 8.2443e-05 135.352
-63.4975 27.7542 4.82975 36.5267 8.59674 15.1528 115.842 108.727 14.8474 69.2438 10.397 20.6853 20.885 16.9399 40.8537 11.7443 76.1895 50.4927 21.8173 35.9305 17.6513 7.91216 7.10561 20.4955 35.881 17.2814 12.7324 17.0195 6.43961e-05 136.769
-66.1993 27.7288 4.82975 36.5437 9.21476 15.1528 115.842 109.818 11.8535 65.7994 21.7566 20.6853 7.95459 33.9076 37.8533 8.30462 74.0993 50.4927 19.1079 46.7817 8.70031 4.14069 19.2285 20.4955 22.0689 9.07862 33.3611 8.38959 1.01297e-05 138.527
-65.3799 27.7288 4.82975 34.6307 9.84187 16.2052 115.842 102.989 8.80154 70.5872 13.8785 16.5847 24.5362 28.5437 31.4094 8.30462 74.0993 52.4111 22.7717 44.4535 11.3056 0.218203 27.0172 11.1292 20.6761 4.08058 43.1347 10.7033 0.00103361 141.694
-65.554 27.7288 4.82975 37.8426 9.56766 14.2703 122.61 109.136 8.80154 65.2233 15.4169 12.2093 21.0856 27.3061 36.0531 7.23246 88.5081 31.4863 21.8555 56.2445 11.3056 3.80749 42.5997 4.30701 12.8527 5.3032 34.4864 12.5544 0.000856505 141.034
-66.9209 27.7288 4.82975 37.8426 9.3028 13.809 122.61 109.136 7.56169 66.5686 17.8526 12.2093 16.9484 39.1767 21.4838 12.6967 104.773 31.4863 13.9773 51.3811 2.60575 3.80749 36.6917 4.44297 3.98852 14.1328 31.8227 12.2409 0.000764032 141.428
-66.9512 26.9663 6.5357 36.6551 8.13724 15.8168 129.039 86.8909 12.0437 66.2521 11.2052 10.9912 36.0342 32.5594 27.3415 12.6967 99.5152 5.84921 2.39522 71.1117 25.4542 22.709 18.7054 5.07919 3.9326 6.21333 36.1331 18.2368 1.11216e-06 138.641
-66.5492 26.9717 6.99241 36.6551 6.52281 15.8168 129.039 94.625 15.9865 52.5806 19.1262 13.8006 36.779 36.4754 22.0239 16.6444 99.5152 5.84921 2.39522 66.9922 16.5969 28.4558 15.4429 26.2016 11.2836 4.95262 18.1239 1.42107 0.000204743 138.896
-67.0422 26.9717 6.98452 35.1329 6.26284 30.7346 111.841 94.625 21.1499 15.9668 22.6052 53.7867 29.6507 20.7985 33.3782 11.1393 104.089 4.23608 10.0992 69.0912 5.47089 24.1517 43.7712 11.3344 8.68201 4.94283 23.0795 12.1703 0.00119071 141.455
-67.524 26.9717 6.98452 34.247 6.75402 21.3001 112.406 97.4571 30.3624 25.4963 46.2569 29.7964 11.8768 17.731 36.9883 19.8726 102.925 9.5237 2.44175 78.8669 4.30778 16.9382 60.6564 7.01296 11.3679 5.06183 3.95449 12.5592 0.000204675 138.669
-65.94 26.9717 6.98452 35.9265 5.28822 21.3001 109.873 97.4571 29.2408 24.7885 50.0373 31.4233 12.5698 7.75133 36.4625 16.8259 102.925 32.0166 19.7506 28.3334 20.8242 19.8294 46.0703 1.79772 9.34794 25.5092 12.0085 1.0755 0.000549766 135.858
-66.8161 26.9717 8.74275 34.5578 4.67843 21.3001 113.656 92.4954 32.0125 22.8557 56.1374 37.4321 10.725 14.0788 37.7 6.30832 102.925 23.7298 17.1888 35.3436 31.9951 17.0801 29.0581 10.1832 9.76599 23.7433 10.2174 7.92638 0.00056181 135.988
-66.3891 26.0239 8.74275 34.8821 4.67843 20.4561 116.401 92.4954 32.0125 26.1461 50.8397 31.2725 14.7795 13.0898 25.6179 23.3579 102.925 27.0894 10.5405 35.6818 28.4793 2.73518 40.6888 12.6278 10.1629 22.0769 20.8412 7.46794 3.86971e-05 134.558
-64.78 26.0239 8.74275 34.7747 4.25625 20.4561 112.997 92.0866 32.0125 29.3332 50.8397 30.1322 3.5509 13.7614 24.3412 33.449 102.925 8.24581 4.43776 46.5185 47.8632 5.36872 43.0907 20.0071 10.1629 12.4237 12.1379 1.94251 2.13165e-05 137.362
-65.5091 26.0239 8.74275 34.2112 4.25625 21.4182 112.997 92.0866 36.9444 34.6051 50.8397 30.1322 3.5509 15.3293 21.5933 36.2052 102.925 6.32305 4.43776 36.0565 47.4327 6.36299 25.5561 24.6563 10.5317 7.26188 25.8943 15.5584 9.26448e-05 136.587
-65.3215 26.0239 8.74275 34.3477 5.18856 19.456 112.886 93.019 36.9444 31.694 44.8783 34.4543 3.5509 5.46512 16.253 50.0375 102.925 12.5913 4.43776 38.554 46.3815 8.35887 32.346 11.5691 41.3089 8.63656 0.0982568 6.68165 3.82747e-05 136.815
-66.6872 26.0239 7.44709 35.0988 8.04367 19.3885 116.647 91.4411 26.1511 37.3936 43.2122 45.4155 1.33218 14.5169 4.1757 47.2266 95.1836 23.9723 4.43776 25.6904 60.2782 12.943 15.8322 12.6925 9.49296 12.6773 35.4284 7.29437 0.000103551 138.528
-64.8107 27.1181 7.44709 33.953 10.3328 16.5357 112.324 95.0844 31.6811 33.1763 41.5463 43.2209 1.33218 13.8853 22.8825 38.9844 56.4256 13.0176 71.2225 23.345 33.5555 6.93821 0.405592 24.1172 4.09626 13.5314 45.7323 31.3615 0.000118253 138.185
-67.7272 27.1181 6.80437 34.8156 8.91297 19.4608 112.324 91.9454 33.0066 34.2577 55.3342 28.4965 1.33218 12.1063 22.8825 23.9434 67.1145 12.7698 65.8643 30.3309 35.5799 24.2221 30.9323 24.6137 11.0359 8.09463 1.38613 20.5931 0.000272933 137.162
-64.6549 27.4607 6.80437 33.2349 10.8269 16.1046 112.324 91.9454 35.1936 28.8382 55.49 23.6167 17.1878 12.5835 16.7983 23.9434 92.3375 4.20313 67.2162 14.0303 36.4072 0.166552 22.9239 37.4278 40.191 2.30182 2.86071 9.427 2.08282e-05 135.831
-66.8827 27.4607 7.53058 35.4867 8.79839 16.9518 112.324 91.9454 34.3667 25.423 54.0758 28.5857 17.6399 9.02664 19.9517 20.7249 90.0162 12.9271 59.0893 17.5645 35.6787 25.0521 5.39609 35.6409 11.041 1.20574 23.4761 15.8488 6.86602e-05 136.759
-67.7719 27.4607 7.53058 31.8539 6.24366 24.0499 109.667 98.2435 31.6004 20.416 49.4026 38.4601 11.385 14.32 20.9495 22.3484 104.244 7.18274 44.1451 34.3419 13.3496 15.0743 10.3387 20.1109 4.75707 33.9949 21.9162 28.9017 0.000216427 135.738
-64.4054 27.4607 7.53058 34.2835 7.38789 18.5554 105.771 98.8721 38.2404 18.856 48.2252 44.9295 11.1323 12.5349 18.3975 22.3484 117.64 4.05113 34.0258 50.299 10.2524 1.16576 9.22387 9.97768 39.2922 12.6569 6.83929 54.919 0.000689664 141.845
-67.9172 27.4607 7.903 33.7647 7.38789 18.5554 105.771 98.8721 38.2404 18.856 48.2252 46.5972 11.1323 4.42701 19.6363 26.4358 120.261 7.70746 34.0258 3.50188 52.7762 14.2318 25.7692 8.2457 18.6236 14.5037 4.23889 53.0156 1.07766e-05 135.742
-62.9061 27.4607 7.903 32.9295 7.00511 19.1632 105.771 98.8721 36.766 24.1451 47.087 41.3455 11.1323 2.22616 21.2715 29.6156 120.261 6.20476 34.8122 6.67147 35.9375 1.60204 43.9748 1.59726 18.3141 23.3407 7.60314 53.2135 7.53206e-05 140.481
-66.7465 27.4607 7.903 32.8068 9.85942 16.5114 105.771 98.8721 40.1327 24.1451 48.5452 39.7518 11.1323 3.48291 30.1997 20.2564 116.998 7.90141 39.2443 17.0782 31.6396 23.721 21.6243 2.41985 8.28429 23.413 6.62431 54.1707 4.07182e-07 135.634
-67.4822 27.4607 10.4393 30.1132 9.79931 16.5114 105.771 99.7983 38.3968 14.9312 48.5452 45.8341 15.8308 1.97818 30.1997 16.7667 127.981 7.83511 29.8255 34.5271 3.45813 32.8682 14.9264 4.05025 16.2507 25.6194 10.9231 30.7248 8.29851e-05 135.192
-68.3436 27.4607 10.4393 31.5919 12.3814 15.6192 104.829 85.04 40.1847 12.205 47.9407 45.1075 16.6585 5.73254 31.3042 36.701 87.2366 9.10666 54.3711 34.1963 1.91971 37.6179 18.9966 15.9335 3.57028 30.6963 3.29551 34.8325 7.60862e-05 141.097
-67.2319 26.7603 10.4393 30.2267 3.13334 26.0857 111.775 85.04 38.8817 17.1538 42.7877 46.7028 16.6585 8.87145 13.6103 35.3017 75.1971 16.8301 70.4762 43.0271 3.09272 13.9484 7.82619 18.1915 2.97494 33.2598 25.403 28.5346 1.04914e-05 134.276
-65.3548 26.7603 10.4393 30.5263 0.982265 24.9784 111.775 83.0167 36.9003 17.1538 44.472 46.7028 22.3096 8.51045 15.077 33.45 63.5815 39.6403 50.2498 35.9174 29.1597 17.5648 12.4575 15.2413 19.6269 22.5641 10.238 29.5501 6.39234e-05 137.438
-65.1791 26.7603 10.4393 30.5263 0.982265 24.9784 111.775 83.0167 38.029 33.8177 18.0748 51.6992 22.3096 9.75157 17.3795 32.8603 62.9601 30.36 66.5027 25.4428 20.3686 23.3388 8.73997 11.883 46.8345 3.5338 11.371 21.6422 4.59186e-05 134.235
-62.6193 26.7603 10.4393 31.4782 9.70505 17.8433 111.775 88.6434 41.5096 41.8213 38.3812 30.8522 12.5307 9.84198 18.8601 30.3113 58.4408 47.7337 62.124 22.5561 6.82811 21.9114 16.6922 9.87689 34.8403 3.18549 13.3591 25.2194 6.60659e-05 138.966
-64.5557 26.3322 10.4393 33.0279 9.15407 15.7943 111.775 88.6434 41.6021 42.2999 43.391 23.0991 12.5307 7.29246 16.8554 35.4394 60.278 29.8116 6.70012 82.8161 17.096 33.1381 16.0291 5.30164 25.5808 13.4557 28.9198 7.46506 7.34892e-05 139.015
-64.5086 24.5539 11.8895 29.8765 19.8919 12.669 111.775 83.1995 37.5858 26.9625 47.522 43.4091 14.7574 3.09069 12.2203 44.9711 59.2323 45.8832 16.4062 55.8384 14.4632 13.4009 8.22034 4.5924 36.6519 20.4608 31.5517 7.84955 0.000303898 140.316
-63.8667 26.2258 13.8543 27.6369 19.3104 9.52677 113.908 83.1995 37.4727 10.0585 53.4826 42.6691 14.6873 7.79736 9.65489 52.8392 59.2323 45.8832 30.2341 39.8848 23.5324 14.6763 9.14413 14.9087 15.1818 14.522 18.7767 29.9526 0.000916798 140.957
-66.6347 26.8268 13.8543 27.4568 16.4543 10.723 122.311 83.1995 37.6314 4.67742 53.4826 30.0205 30.7366 9.3821 15.9671 34.4917 54.714 45.6808 41.2895 32.2796 23.52 12.9321 2.60243 48.2766 15.8986 15.5013 10.7346 42.6694 7.89063e-05 135.548
-66.8013 26.9648 13.8543 27.1063 17.1054 10.6854 122.311 83.1995 35.9722 4.67742 58.3601 26.7009 29.5085 7.64066 12.7308 38.6166 60.2157 63.1845 43.0694 36.6814 3.5477 9.75648 12.4621 40.6047 15.7646 12.4759 4.75532 44.0486 6.63466e-05 135.354
-65.8599 27.9785 13.8543 27.2319 12.178 13.7248 121.691 83.1995 32.9815 4.67742 64.3671 16.8644 27.7194 12.0103 14.2508 41.7636 76.5222 60.7856 41.2946 29.0714 3.5477 14.9402 23.3117 25.0705 17.5364 17.7855 6.72736 5.38711 3.09733e-05 138.52
-65.378 26.5998 12.6465 28.3082 14.5712 14.0699 119.003 83.1995 35.8111 4.67742 59.3339 24.4231 31.1608 5.97818 22.4817 31.8626 74.7443 55.7878 43.552 19.2907 3.5477 24.0087 13.5524 34.5862 13.9617 16.1655 5.78186 45.3242 3.09733e-05 136.196
-64.7034 26.5998 12.6465 28.3082 14.1417 14.2315 116.249 83.1995 41.6015 6.38879 57.3462 18.1342 30.9102 14.4253 25.3609 33.7174 65.451 42.8767 54.1887 22.2643 3.5477 2.44386 8.58874 34.1145 7.01349 30.7486 16.9078 56.0539 3.09733e-05 135.49
-66.6845 26.5998 10.0151 28.0324 15.5589 16.1013 119.555 83.1995 38.9978 6.38879 55.8673 13.8771 34.6303 17.3072 27.6513 22.4792 54.9694 64.2287 52.3731 22.8941 1.08834 3.40966 15.3042 24.1877 16.2585 23.4245 16.9876 33.2861 2.83676e-05 140.434
-65.4612 27.9756 11.6799 26.5777 14.9013 13.7891 119.555 83.1995 41.192 6.38879 61.53 10.3101 34.8373 17.0593 24.2542 28.4743 47.9512 49.5166 58.5844 30.6321 9.37615 5.0408 0.736394 13.547 17.8352 61.7853 8.77366 18.1737 2.83676e-05 133.791
-66.4845 27.3153 11.6799 28.0815 16.5365 12.2567 122.294 85.5669 39.0187 6.38879 61.53 3.3178 34.5332 16.0137 14.0151 37.6363 58.3054 65.5639 48.5659 22.7137 9.37615 2.96748 11.5653 11.204 7.07017 38.1753 35.2415 18.147 0.000326284 137.7
-64.6794 27.3153 11.6799 28.0815 17.8676 10.1951 122.294 85.5669 35.9368 6.38879 61.53 12.2166 31.9954 16.0137 14.0151 38.4954 67.2167 60.8494 36.9219 24.3999 7.12922 5.35273 15.6316 13.0409 7.07017 21.073 32.2024 43.5013 0.000815827 137.306
-63.786 27.3153 11.6799 28.0815 15.477 10.3539 122.294 85.5669 34.5692 6.38879 60.3391 8.83894 47.6833 7.68368 22.1293 36.0492 67.2167 60.8494 37.4981 24.3999 7.12922 9.88217 27.6204 7.87624 8.03501 9.04766 32.2024 33.5485 0.00035552 139.104
-63.7699 28.3425 11.6799 28.0815 12.0535 12.0753 122.294 56.4247 57.0995 41.8753 35.2831 8.74843 31.8449 10.5835 6.25691 61.3304 78.7085 48.2391 38.1916 18.7444 7.12922 21.3655 17.8558 6.09788 17.3739 22.4149 28.865 7.42658 0.0011484 141.779
-65.0353 25.7112 11.0151 31.1063 10.98 16.884 122.294 52.1513 67.061 41.7529 23.684 12.4331 35.7212 14.9165 11.4578 37.932 85.0528 47.8311 19.1929 30.1985 31.4585 14.0406 15.802 8.40554 8.04744 22.9744 33.1939 5.99538 0.000273096 133.741
-67.0031 25.7112 11.0151 31.1063 9.78944 16.9962 122.294 52.1513 66.7327 41.7529 23.5002 19.5602 35.7212 10.9256 8.86241 37.932 75.4358 47.8311 26.953 23.6091 46.6059 12.7813 14.8787 0.829128 9.28802 18.3894 35.7376 13.2293 0.000309091 133.794
-65.7001 25.6992 11.0151 31.1063 9.78944 14.6561 124.026 62.6613 66.7327 32.1944 29.29 6.02512 41.6018 10.259 22.988 32.1259 53.7071 63.1707 3.74653 32.2635 53.3491 57.6929 3.68992 2.47091 6.66461 19.9152 17.9479 4.25242 2.11599e-05 138.754
-66.9431 25.6992 12.5889 31.1063 9.67517 16.7081 116.393 57.6465 66.7327 29.6701 37.1465 15.7111 41.6018 9.26322 19.9739 30.9679 33.8982 63.1707 11.6114 47.1144 48.9256 57.6929 3.37976 2.41127 6.29983 22.1987 14.4773 4.67889 2.16026e-06 132.919
-66.1711 25.2182 12.5889 29.6507 10.234 18.5152 116.393 56.3552 66.7327 29.894 20.4809 21.6732 46.5949 17.4932 20.9754 22.1605 34.7718 99.7563 11.6114 34.0241 27.7724 47.0942 12.2052 8.54887 1.83028 22.9923 5.61453 1.83793 8.73417e-06 133.434
-65.8819 25.3062 12.5889 29.6507 14.3657 14.5968 116.393 56.3552 63.8405 36.7543 25.0261 23.2907 28.6508 11.0776 16.4426 46.351 36.4487 99.7563 9.35367 33.3317 35.7016 47.4741 3.10075 5.26201 13.5974 14.8565 12.52 0.288452 3.03228e-06 135.604
-67.1997 25.1703 11.9581 29.6507 14.8025 14.5968 116.393 56.186 63.8405 33.0211 24.6692 10.2195 50.9019 13.0324 4.52823 46.351 35.9789 99.7563 9.35367 15.1932 56.4625 3.93248 55.9424 5.1288 16.4815 8.2132 5.09756 3.79276 0.000341789 137.255
-67.1359 26.7687 11.9581 29.6507 14.8025 11.4842 116.393 56.186 65.326 33.0211 19.1777 12.4806 50.9019 13.7979 4.52823 52.8682 41.8514 103.231 9.35367 1.65163 54.0702 12.0615 26.4328 1.55993 33.3532 13.2241 1.41709 25.2714 0.000465705 139.823
-64.9822 28.3643 8.46347 29.4139 12.7235 13.6651 116.393 42.3057 80.0309 33.0211 17.0992 5.44104 62.3983 17.886 0.48898 52.8682 41.9409 70.4313 30.0986 1.65163 67.9251 9.73 20.433 5.3297 23.9326 4.3875 22.565 30.6327 0.00159725 142.765
-66.7419 28.1995 12.319 27.0246 12.3278 14.2552 108.184 52.1128 67.9937 45.7492 7.71162 18.1486 56.019 14.7812 2.44706 56.47 54.6232 47.8474 28.6935 18.2506 48.0687 7.02784 59.1517 3.99914 25.7602 6.43302 12.976 6.80658 0.00863975 143.838
-64.875 26.6165 12.2411 27.4348 15.0017 14.0716 108.184 48.8657 67.9937 52.6741 9.63362 14.965 59.7635 13.6589 8.84705 36.0991 67.7638 50.0951 27.4585 21.3903 38.4994 6.71539 22.5151 1.22463 37.5934 14.2403 13.0965 35.4388 0.00587806 143.667
-64.4136 25.962 12.2411 29.8292 12.9958 14.0716 115.409 48.1426 67.9937 50.9261 6.06044 17.6298 59.7635 12.9807 13.6104 24.972 67.7638 47.5076 23.103 29.0276 45.0737 8.64254 20.2985 2.86066 32.3377 12.683 10.6717 57.1435 0.0128041 142.32
-64.9526 25.803 12.2411 30.5542 10.9634 16.2574 115.409 47.7157 69.463 50.9261 6.06044 17.5801 59.7635 6.63705 24.1464 26.8772 48.7513 46.7518 18.0233 39.0361 51.0248 10.9102 24.0099 8.62163 27.3685 1.29347 6.64471 48.4031 0.00961265 144.413
-65.7777 25.4387 12.5 30.1327 19.4937 15.9338 116.288 32.9206 70.491 49.7678 2.1223 20.8882 51.9539 18.9248 28.2051 29.6364 40.6283 23.5033 38.2107 63.7577 37.8419 10.0187 10.229 26.921 23.1803 2.74 24.9471 16.1873 0.0130288 145.731
-61.6566 26.7386 12.5 27.2507 20.0465 15.4249 116.288 42.1026 70.491 47.435 2.1223 20.8986 58.7654 10.7062 28.6103 15.2094 51.3724 79.4377 29.5813 11.1355 45.0504 5.84577 36.8566 14.5658 28.3903 0.670912 9.41362 9.64515 0.00297245 146.829
-64.6946 24.9938 14.3292 28.8172 21.1975 14.6576 116.288 69.704 45.6146 33.3751 5.32079 18.7146 60.6647 22.4764 30.3216 6.02544 53.3245 70.9257 15.8773 4.01894 63.4614 0.899429 64.0995 19.8535 16.456 5.15151 5.03269 4.03899 0.000679941 143.41
-66.2203 23.8308 18.9141 21.6739 18.4793 13.2263 116.288 69.704 43.2398 28.6449 7.20439 33.5724 66.5186 6.16846 27.9503 18.8095 56.8215 22.2345 75.8579 2.2379 63.4614 8.5156 10.0079 25.5934 8.62389 15.0452 31.5029 3.96471 2.91276e-05 135.882
-66.049 23.9761 18.2888 21.6739 28.237 1.77765 113.931 69.704 43.2398 28.7766 12.7794 29.1881 66.5186 9.25363 29.7266 26.7113 41.3642 20.3677 102.892 2.28983 35.2407 11.4605 10.0079 29.1633 18.0154 9.22547 32.6219 12.9551 0.000358663 144.707
-67.7381 25.2929 17.3964 21.6739 28.237 1.05688 113.931 72.1774 53.0719 20.1113 11.6055 16.3532 73.7172 18.8622 28.0424 22.1273 41.2554 40.0731 74.3388 3.80173 43.8653 13.8439 17.9728 17.8927 6.46498 20.7861 27.7563 13.5386 0.000106683 138.323
-66.6183 25.4157 18.916 22.1491 28.237 3.0029 110.787 72.1774 50.9657 27.3714 9.80843 16.3532 69.1866 3.12972 28.933 31.9008 34.0083 56.9762 82.8665 9.73048 23.3772 13.0892 9.84225 9.3393 11.0291 12.6621 36.2658 45.6871 4.79242e-05 138.325
-64.9003 25.4157 18.916 19.797 27.0676 6.50023 110.787 72.1774 50.9657 22.8912 16.7969 15.8431 61.2904 25.6115 28.933 17.5756 51.0249 42.6397 82.8665 15.5236 11.8267 12.2474 23.1231 18.6521 9.8177 7.29133 35.3967 7.27807 2.07195e-05 136.783
-64.3234 25.2148 20.4572 19.1181 29.0432 4.8278 98.3548 85.8674 50.9657 18.9279 11.5427 8.82943 77.7846 18.3765 32.0925 11.5133 57.3542 44.4094 83.483 15.7643 4.08796 27.096 14.6622 5.01599 19.2107 6.67176 23.7857 6.09107 0.00116917 142.763
-66.5538 24.6111 20.6297 18.2812 29.0432 4.8278 98.3548 85.8674 52.4745 22.9188 12.9309 8.82943 77.7846 12.7443 39.2185 10.3701 35.1666 141.683 1.51578 1.05399 12.8129 23.3411 3.19948 5.24916 8.43017 55.181 18.4589 6.88646 0.000486148 143.18
-66.604 24.5168 21.6237 18.1642 29.0628 3.65124 94.5845 85.8674 53.2302 12.4095 12.2172 43.6471 49.9565 24.5092 37.8737 9.19135 35.7479 135.355 6.44064 4.79003 21.02 15.4445 3.19948 7.31269 5.55504 45.3965 28.589 17.8471 5.06687e-06 137.348
-64.3647 21.563 20.6748 24.5144 27.814 4.64541 96.6502 85.8674 52.2912 14.7472 14.4513 37.5674 45.9907 20.5327 40.8963 13.0798 25.3799 135.355 6.96839 14.9897 11.4846 13.5927 12.9024 20.2242 10.8378 33.9481 27.4896 2.81528 0.000329566 138.643
-66.0056 21.5988 19.316 25.3276 27.2611 5.18236 96.6502 85.8674 47.7165 14.7013 6.89886 27.6773 66.9906 20.0222 36.4948 17.3154 29.3815 129.247 9.65598 24.7737 18.1728 28.1167 3.60728 8.73471 17.1109 15.403 29.1947 8.50052 2.77895e-05 138.73
-67.1504 21.3191 21.6064 24.6533 25.6958 4.03005 96.6502 69.7455 68.1942 9.89956 8.06379 30.9029 63.1855 21.7545 36.1404 11.715 24.2207 127.505 9.21082 38.8704 13.1929 8.30439 11.9892 6.41065 40.2897 17.6391 20.7447 8.46482 0.00079133 139.189
-66.0976 21.295 20.5259 23.4126 27.6576 4.60299 105.263 48.8829 72.8503 19.8116 9.95738 32.9805 62.1236 22.8552 44.4593 5.13547 24.2106 123.071 6.12054 23.6929 20.3645 13.348 5.83967 15.1172 36.0227 16.6919 27.199 10.441 0.000800535 138.618
-67.634 21.215 21.5338 22.8777 30.4338 9.32646 105.263 45.9425 68.8582 20.803 13.8968 27.5649 62.1236 17.3396 46.3347 3.96199 23.6381 123.071 27.9471 27.5608 1.28664 9.85499 5.83967 4.46562 40.5514 14.6915 39.4872 4.00311 0.00171504 142.607
-70.6274 21.6352 21.5168 21.6187 23.2661 7.55463 112.991 45.4171 69.5423 22.2385 14.7487 36.7681 57.3278 4.2414 48.0014 5.80438 23.6471 123.071 26.8262 32.6536 1.28664 10.2577 13.2601 4.38851 19.7051 15.5852 44.2809 14.1549 7.55101e-05 142.789
-63.3277 22.3653 19.9465 22.5741 23.2661 7.35911 112.991 58.7207 70.4632 22.6014 11.5336 36.4228 48.2566 2.75614 53.529 2.67102 31.911 116.116 26.3892 23.8467 1.28664 2.80593 33.9177 5.18489 40.2821 11.9031 23.7251 14.2179 0.00075542 141.682
-65.5646 24.5929 19.2042 21.8746 30.3456 2.04441 109.664 63.1477 64.2964 18.7251 11.5336 27.4849 55.8058 5.6692 35.6004 31.4728 25.6873 106.553 30.4405 22.0744 8.7618 18.5387 25.6754 0.73577 37.3259 10.4634 25.0651 12.6126 5.15043e-05 138.195
-67.6561 25.0325 19.4137 22.7768 24.9728 0.994232 112.309 63.1477 66.5564 15.2433 11.5336 34.0912 55.4623 11.5621 36.3943 30.4482 18.2287 102.036 52.6573 22.6894 2.64055 7.51066 8.38431 8.38665 40.4761 7.93655 11.0395 13.2863 0.000880025 146.092
-65.2588 24.7048 19.026 22.42 24.9728 3.00711 110.963 72.6828 62.9204 15.2433 11.5336 32.7083 51.7766 12.5801 35.8891 29.1436 25.5819 81.9079 38.9499 26.1055 6.39965 6.47047 34.4216 10.3924 51.3737 1.57465 4.38384 38.6426 0.000646954 141.622
-66.6024 24.5215 18.783 21.923 16.8313 14.8656 114.142 72.6828 57.6508 15.6404 16.9326 36.3445 51.7766 11.3871 30.6186 12.9827 54.9827 73.1105 39.6249 23.2314 6.39965 6.32765 11.529 17.4702 48.6803 4.33097 1.64464 55.0359 0.00127329 141.205
-63.116 24.4606 18.5385 22.8641 15.1124 12.3828 114.142 62.7482 54.6361 15.0754 39.2094 31.5019 46.0752 9.55999 35.0104 18.2168 67.8447 27.7023 63.3967 21.7302 28.2192 10.3984 11.3675 5.15405 50.9623 3.36414 9.03585 30.0302 0.00233431 141.111
-64.476 23.0792 20.8339 23.5541 14.8262 12.3828 114.142 62.7567 54.6361 15.0754 39.2094 38.6321 38.3535 2.06202 12.6948 42.4266 49.2932 47.7226 67.5217 7.5021 29.2756 9.81739 36.7739 18.0296 38.3291 2.137 10.9109 7.17318 0.000208764 137.085
-64.1761 22.0427 18.3109 23.3719 16.9252 13.8799 130.227 67.9918 32.5018 24.3592 29.4403 33.5733 46.865 8.26605 30.0208 18.3868 49.1515 50.8923 65.5092 6.2377 37.2642 5.6683 16.3857 16.8198 43.6469 2.25602 8.53175 28.3586 0.00135673 143.165
-64.7432 24.3343 19.5465 22.976 12.3812 15.3196 130.227 63.8692 40.3003 25.6195 32.2698 26.0926 34.7759 21.2833 39.6558 7.5572 45.7452 49.1987 51.8327 20.4263 35.2303 13.5826 6.81061 28.8992 23.132 11.9197 12.882 19.9458 0.000594286 137.81
-64.7048 23.4244 19.9733 23.2378 19.8271 17.9798 122.906 63.6444 42.219 19.4675 34.5257 32.8709 30.2017 14.0728 11.1021 42.4039 49.7917 59.1128 56.2121 19.9424 16.1006 24.4109 5.51087 30.5738 7.96472 23.9492 21.7046 3.70264 0.000127625 135.977
-67.1379 23.7672 19.6105 23.2374 19.3486 16.6889 122.906 70.4765 43.0998 7.56211 43.8447 32.8709 31.1941 15.0621 11.1988 42.2061 52.3844 41.6249 63.1385 11.5926 33.1861 17.7824 13.5352 31.8419 3.31557 9.12687 25.5618 0.776393 0.000200294 137.782
-66.6169 24.8443 18.2572 21.6551 21.1309 16.9779 121.895 70.4765 41.7973 8.77043 43.8447 23.4379 31.1941 19.898 10.3212 39.2177 40.5251 43.3691 66.6203 39.3684 33.9382 3.12484 17.3301 33.5938 1.28026 23.5142 15.7074 4.57093 0.000228008 141.304
-66.2982 24.5128 15.8876 25.8548 14.5255 13.4304 121.895 70.4765 49.1088 22.6401 31.8311 35.7742 31.1941 15.5337 19.3348 26.0141 27.0412 24.2065 54.8808 47.7105 60.4223 2.2954 13.4314 26.3369 15.614 16.2557 18.2866 8.61917 0.000101107 133.751
-64.8277 24.7761 17.3385 25.0284 13.3452 14.7312 122.822 70.4765 47.9049 25.0652 47.9072 22.4569 32.2426 0.873521 21.8959 28.577 62.7449 3.85458 63.6655 33.6295 39.4789 18.1632 9.812 26.0883 9.60732 27.2137 15.2923 35.6576 2.99234e-05 135.442
-67.5415 21.2285 20.8082 24.9308 13.0404 16.1571 120.821 70.4765 48.476 27.2043 68.3604 13.8711 8.92733 18.1254 22.0087 28.0259 60.5993 3.85458 71.2099 33.476 32.4601 6.20592 10.4255 22.921 28.2936 25.7174 6.55405 6.04648 3.53893e-05 133.514
-66.9458 19.9098 23.357 24.8948 13.3968 16.8583 87.0686 94.7746 48.476 18.0032 68.9261 35.1371 8.92733 6.53399 18.2562 37.4841 63.6719 16.4422 62.6988 8.99921 36.2455 2.65931 9.82488 2.27852 40.7473 30.4509 14.0604 14.8452 7.53657e-05 143.416
-68.7467 21.0276 23.2653 21.7795 13.8711 16.8583 90.9413 94.7746 54.7064 5.24165 68.359 38.1546 9.0166 11.5004 11.1241 32.5901 38.3371 16.3172 73.02 22.4675 75.1976 3.83438 15.3659 6.77421 13.3518 50.3845 6.05682 1.38551 0.000152371 136.5
-69.2474 23.2112 19.9171 22.8299 13.6555 16.2012 90.9413 103.114 44.0558 13.1971 68.359 35.1325 9.0166 15.1078 10.1875 29.0648 32.3473 16.3172 73.02 22.3796 75.1976 7.66897 23.1249 7.00692 18.8428 46.7897 4.55558 1.48611 0.000142169 139.957
-65.9181 23.4185 19.1076 22.1089 14.4863 18.3257 90.9413 103.114 43.3559 10.6579 68.359 35.025 9.0166 17.3559 12.3099 27.5721 38.7851 16.3172 77.1213 13.1092 75.1976 6.4131 2.25443 33.7676 1.52829 33.1179 27.5109 34.5427 5.34664e-06 138.81
-66.7754 23.8687 21.0506 21.7913 14.3098 16.8342 90.9413 94.0389 43.3559 6.96568 68.359 44.9877 9.0166 20.8004 14.5691 25.0275 46.0443 25.2609 73.7672 2.93835 75.1976 0.70381 37.7653 43.6658 1.59629 2.49851 7.30746 2.67642 0.000103132 137.948
-64.4712 21.6145 21.602 23.4612 16.0047 15.9256 90.9413 94.0389 46.1352 7.75308 68.359 44.1085 9.0166 19.8818 25.3401 19.0407 33.0572 15.7738 83.3576 9.05545 64.7149 1.02705 33.8973 24.7567 1.59629 9.80911 23.526 18.0303 5.1725e-05 137.278
-65.522 21.3499 21.7519 22.3746 16.7245 24.569 88.7395 123.515 12.5174 6.83838 68.359 39.0571 9.51271 19.3051 17.8371 22.7545 34.6084 16.1727 76.1809 34.4372 47.2922 11.8575 20.7042 35.494 3.28179 12.05 15.8692 23.7009 6.86449e-05 138.301
-64.7469 21.3499 19.2918 25.6314 14.4684 24.569 88.7395 123.515 12.5174 1.14381 46.4509 60.3646 9.51271 19.8864 19.6479 27.0379 21.2225 46.2699 39.9923 41.1426 69.7096 9.55105 6.79561 45.8954 4.06222 6.5904 17.1382 15.7091 0.00114503 143.856
-63.4842 20.689 20.4683 25.9846 5.9382 25.3493 88.7395 123.515 12.5174 27.3084 38.3848 57.7988 3.18229 13.8617 11.0228 43.8042 31.9764 52.1014 23.5309 22.7448 88.466 1.50942 11.8112 31.7429 15.1322 1.84677 20.2713 32.8986 0.000489721 140.8
-68.8592 21.9928 22.1948 21.487 5.96899 25.5278 88.7395 123.515 16.9521 20.1162 46.0587 61.0525 3.18229 15.0704 18.5216 32.2708 28.2481 50.5054 41.8928 12.6872 70.0263 20.8931 6.72087 13.0877 5.27695 17.71 30.3104 35.5418 0.00135685 141.628
-68.4235 22.282 20.1621 24.5347 6.34349 25.8286 80.9966 123.515 34.9084 17.892 29.4387 61.0525 5.39629 18.2122 38.4344 12.6577 31.5838 46.2911 38.1956 14.3823 85.0927 19.8288 8.25636 17.7057 2.09346 23.5528 15.1197 25.9507 0.00280518 138.945
-67.1588 21.7035 20.5603 23.515 6.34349 24.5453 83.2386 123.515 31.0829 23.4207 51.9376 30.2607 5.39629 31.3379 30.1703 13.4505 25.1425 52.5208 31.5222 26.0687 80.4113 3.23241 10.1033 20.7778 21.1903 24.5867 15.8812 11.8043 0.000656782 135.144
-66.4351 21.5671 20.3868 23.8241 6.34349 25.3016 83.8346 123.515 31.0829 26.4692 44.8648 39.8754 4.42849 24.9292 27.4617 9.3534 20.581 53.699 31.1474 34.8238 80.4113 1.51852 3.44575 20.3793 26.0649 28.9159 13.7959 4.01428 0.000381909 136.071
-65.1249 23.0941 21.6747 20.6858 8.82498 25.3016 83.8346 120.087 31.0829 20.4534 49.3945 45.0219 4.42849 18.4604 20.8567 29.572 20.581 57.5312 26.0911 27.0817 79.2695 12.5598 9.05669 4.71281 23.5856 19.0597 21.6758 14.0931 0.00114582 138.254
-66.7754 21.5534 21.2635 24.5304 1.88907 30.2609 87.3979 118.496 31.0829 31.9172 45.8112 41.8226 4.42849 18.5284 25.6947 16.1225 26.5103 58.2676 22.8702 29.4261 77.5225 25.1332 8.5077 9.99084 21.4337 9.56851 21.6485 11.4876 0.00137787 137.825
-66.4239 19.6468 21.995 26.1694 5.55326 25.1736 87.3979 118.88 31.0829 30.1281 43.3171 42.1434 4.42849 4.41686 41.3846 19.5195 26.5103 67.3577 13.6526 30.6097 77.5225 11.9127 6.36138 11.3305 10.9254 28.1363 16.717 25.3034 0.00266579 139.187
-65.9123 20.2587 21.5241 25.8657 10.1889 18.6477 92.1581 118.88 31.0829 11.291 72.0037 27.9436 4.42849 4.29018 43.0278 12.0096 20.2231 74.181 8.45131 59.5401 53.8532 10.7855 13.1508 2.9232 25.4738 26.0766 13.4678 27.5807 0.000702815 136.046
-65.6689 22.0086 22.2954 23.5171 11.3694 16.9 89.3698 118.88 29.9669 15.1509 71.6792 31.7733 4.42849 4.29018 55.1311 3.41163 11.9419 70.0071 3.8489 61.9776 63.2875 4.06155 17.5993 13.8544 14.6219 28.006 9.28196 46.6892 5.92002e-05 137.081
-65.755 22.4518 18.6507 26.2191 4.10515 28.0121 75.5802 118.88 29.9669 35.7405 71.7991 12.0528 10.0682 7.38605 50.6931 14.2588 16.4448 73.1285 11.3344 54.1883 50.5733 10.3858 7.29762 14.3843 7.34515 21.37 16.2686 42.6057 0.0028523 141.345
-65.3284 25.8711 15.7227 25.6394 4.4325 26.1354 75.5802 118.88 30.7216 25.21 62.4759 5.88268 21.8281 35.8085 31.7267 13.8648 16.4448 79.117 11.8167 55.634 45.9254 12.8645 29.3187 11.8151 5.22606 19.3569 2.20336 74.4837 0.00400057 146.281
-65.8842 24.6888 17.1915 26.7544 4.4325 26.0129 75.139 118.88 30.7216 42.0741 40.8535 11.9426 31.0518 40.4519 16.0498 12.812 15.9392 79.1056 17.1154 58.0969 41.8536 4.96999 17.7186 28.0798 6.47543 17.4181 25.09 7.09082 0.00745808 140.164
-70.6455 23.8633 17.0999 27.8189 3.02939 26.0129 78.3286 126.605 30.7216 34.4849 33.7097 19.755 32.8785 34.087 30.3859 11.0567 2.4318 93.4277 7.34663 41.4481 47.7276 29.0337 16.7491 14.2179 9.94704 12.091 27.1895 0.559267 0.00305534 144.57
-67.3016 23.8633 16.4 28.4484 1.97437 26.8517 78.9801 118.191 30.9469 50.4564 20.3126 30.374 25.1273 6.92418 33.3084 22.933 2.4318 84.4905 12.616 49.9338 66.5224 34.0731 5.72049 12.3492 15.8396 7.90359 9.2065 20.6149 0.00162985 139.973
-67.3608 31.0033 3.42866 35.3256 3.38554 26.8517 69.6851 118.191 36.7596 48.0012 20.3126 30.374 34.1004 10.3084 27.6369 21.5511 17.3029 76.0244 26.426 33.3261 61.6743 40.5718 5.05355 4.4839 21.8886 21.1514 6.01958 4.42717 0.00824281 141.284
-66.9211 30.8084 3.42866 35.136 3.26348 26.1952 78.9769 118.191 30.8109 48.6674 13.0432 34.4965 30.673 9.60117 23.6153 35.7243 23.0678 92.5695 18.8078 18.2525 50.6338 33.1827 5.05355 20.8031 24.8507 7.0235 2.68279 12.729 0.0011719 138.077
-64.4595 28.5893 3.42866 35.136 13.096 26.6884 80.8504 118.191 19.5964 48.6674 27.504 17.8674 26.2414 13.9412 22.3136 47.5457 31.6603 66.7172 22.0968 14.1549 65.3625 47.6233 16.0202 11.2409 12.5151 7.85679 5.15183 8.09335 0.00359516 145.389
-67.5393 26.4172 9.2674 31.2439 7.05271 26.6884 80.8504 121.193 19.5964 43.98 21.938 15.4985 40.9299 20.2485 5.22913 47.73 15.9739 78.107 57.2728 2.57982 65.3625 41.8912 4.91529 16.9006 21.7785 1.56258 0.899932 18.501 0.000414213 143.278
-66.749 28.0296 8.79387 31.5267 8.42912 22.3718 86.469 121.193 19.2968 35.7029 18.0823 25.5633 42.1528 19.3084 5.80694 43.254 24.7705 72.0467 52.788 4.45071 63.5219 15.6638 9.73886 22.4244 34.7191 7.91127 4.80202 7.2139 0.000585691 137.382
-66.0913 26.8018 8.79387 31.5267 8.73284 22.3718 86.469 121.193 19.2968 36.7743 7.22058 36.6541 52.6072 6.96515 10.6406 48.804 17.6941 69.4184 30.3018 4.45071 88.8344 3.99378 14.576 20.3751 10.8174 7.47843 13.7552 46.3212 0.00192099 141.869
-64.9702 28.6025 8.79387 30.5965 8.73284 19.4238 86.469 121.193 19.2968 40.2783 27.6478 22.7755 50.6728 1.19825 11.2546 41.3544 16.6131 67.7222 29.1365 21.6336 93.009 5.55906 18.5286 10.8281 13.8892 7.47843 3.57431 50.2602 1.64765e-05 135.949
-65.0974 28.6025 7.67022 30.5965 9.73455 20.4508 88.959 125.379 16.6624 50.5636 29.1008 23.8777 28.1221 12.2735 10.2511 36.9769 17.3691 58.4531 25.0375 36.5701 80.3791 16.7026 23.2961 13.5541 40.1282 14.9225 2.24597 4.92081 8.24512e-07 137.004
-65.4465 28.6025 7.67022 30.3968 12.3388 18.4035 95.9304 125.379 20.4644 51.2777 24.9501 23.6546 22.2883 11.4913 12.1551 36.9769 17.5654 44.3366 22.2448 52.3311 73.4153 18.9141 30.0719 31.2152 10.7627 5.16329 9.93129 5.24231 8.24512e-07 135.656
-67.1843 29.2354 7.90617 31.3505 6.44728 22.6565 93.2672 123.73 20.4644 48.4064 24.4506 26.8756 22.2883 21.1847 2.74887 37.4332 24.2687 43.0618 26.2816 51.8184 70.7601 17.3913 32.6109 36.9633 0.892597 0.799597 4.12939 15.3632 1.25732e-05 134.557
-65.424 29.2354 7.90617 30.0886 8.98229 19.1092 93.2672 123.73 20.4644 54.741 21.4434 18.6352 19.5278 18.2225 52.5043 5.28002 14.4913 43.0618 34.1132 52.6054 61.3476 14.9049 44.7045 11.3398 9.93086 4.66196 8.7723 30.5619 1.41817e-05 135.489
-66.9641 29.2181 7.90617 30.6214 8.75983 22.4719 94.3451 123.437 11.7781 66.2967 1.77991 29.6443 14.6334 5.00764 54.9486 13.2794 12.4135 31.0611 47.8067 82.0272 44.9053 16.9963 23.3413 36.8505 10.3956 14.6418 0.49427 0.582691 9.46322e-05 142.59
-64.8995 28.3977 7.90617 30.011 5.84491 22.4719 101.187 123.437 11.6185 70.5518 4.39227 30.7812 24.6254 5.00764 52.0425 3.73916 9.27357 44.3988 44.8687 63.361 49.85 21.3684 15.8817 35.4321 7.67129 9.04095 8.99148 8.2155 1.16032e-05 135.64
-65.473 28.3977 7.90617 30.9671 5.84491 24.0752 85.222 128.027 14.1732 66.3901 20.7203 18.3367 20.2454 13.3294 53.8796 0.442374 9.98515 40.4145 37.4413 76.313 55.215 6.61376 31.2796 14.0688 7.84067 14.7893 10.8058 6.53635 3.0571e-05 136.146
-67.3572 28.3977 7.90617 30.9671 5.84491 24.0752 85.222 128.027 14.1732 60.6241 24.5929 38.2192 11.368 2.37404 48.5007 3.88462 5.25998 54.3078 42.2091 80.788 29.2252 7.50901 18.1329 12.0062 9.44892 20.4887 26.5174 36.8132 3.20948e-05 135.901
-66.4249 29.2775 7.90617 30.2101 0.209724 28.0307 92.3324 126.224 13.0442 74.8879 19.7705 16.2378 11.7486 2.37404 65.2129 2.02381 5.94822 41.5257 46.0344 84.4902 22.1197 11.6797 22.3775 23.6182 15.6482 12.1729 17.4121 27.1348 2.92339e-05 137.797
-66.1233 28.1029 9.20431 30.0831 12.4052 16.9224 92.3324 126.224 13.0442 74.8879 21.4032 14.9446 12.4304 2.37404 65.8625 2.02381 36.3811 39.3252 20.4115 59.8572 44.6361 15.9909 2.3344 37.1608 33.619 3.13626 11.0354 21.526 2.92339e-05 136.13
-64.3236 28.2933 9.65163 29.6125 10.0265 19.5821 92.3324 127.277 13.0442 74.8879 24.1543 10.6951 12.2362 2.37404 65.8625 2.02381 34.0533 40.0501 25.0161 59.6369 44.4735 13.5282 26.8526 21.5055 23.9602 2.94454 17.6034 16.4917 8.11382e-06 136.089
-65.5561 28.3349 10.5812 29.3632 8.39606 20.6424 88.4915 127.277 15.8975 78.9098 21.7075 10.6951 11.8355 3.99862 58.8538 3.03575 31.5419 41.9099 21.7795 61.6464 51.077 8.94012 19.8352 20.5782 15.7133 21.4041 12.7066 13.2806 5.78338e-05 134.689
-70.4645 27.3371 10.6569 29.3632 11.3884 18.0639 88.4915 127.277 15.8975 78.9098 17.5583 10.6951 8.29899 13.4015 58.5072 4.11107 25.9016 48.1318 24.0269 53.6587 63.2545 9.42112 15.0891 6.7549 13.1791 19.9094 18.6429 13.7787 3.71105e-05 141.696
-65.2073 27.9221 10.36 28.2203 15.3879 14.5816 88.4915 122.842 15.8975 76.0267 22.5065 21.0635 7.14842 14.108 43.742 8.24718 24.8154 46.829 31.5829 48.6387 54.8399 9.06915 14.416 20.4562 5.59655 31.1413 21.5288 13.9808 4.92589e-05 134.723
-65.2709 26.9864 10.36 30.9801 13.7525 18.8322 88.4915 122.842 18.6936 57.8094 29.9152 22.6935 9.41738 33.7858 19.1359 14.7188 21.1492 47.7778 39.4697 48.6387 53.6466 16.2566 15.6398 0.40174 9.32081 31.1363 23.5202 26.6548 0.000321079 138.64
-65.7137 26.9864 10.36 28.1187 17.8241 14.2174 93.3713 122.842 18.6936 57.8094 29.9152 31.8538 3.49916 35.6584 16.4803 15.5275 15.8434 47.7778 22.912 55.9552 67.1412 4.42916 27.4203 9.25 10.6926 5.98629 44.878 1.26761 0.000870848 138.06
-67.8865 26.6648 10.36 31.7978 17.8241 10.0714 91.0124 122.842 18.6936 56.6323 30.6516 33.7458 3.49916 34.4013 14.1327 16.9071 30.8011 80.691 20.9292 34.4588 39.7894 3.33963 34.3044 3.16305 3.82871 33.8833 20.8666 23.5007 0.00127021 138.349
-65.5338 27.5962 10.36 29.9589 16.3931 10.8163 91.0124 122.842 18.6936 56.6323 39.3042 19.6199 3.49916 29.8071 13.9635 27.7499 34.3653 92.1741 7.3591 33.6699 40.6631 12.3671 10.237 11.3282 5.97462 29.3983 25.3025 22.6144 0.000556567 138.11
-64.7863 28.344 10.0289 28.4662 8.01455 23.0701 95.0985 122.842 17.7611 49.1159 30.8658 24.0412 16.955 16.4803 16.9547 31.0179 45.4877 82.6685 15.6422 39.2689 18.9075 20.0993 16.1997 5.94934 5.97462 29.2342 18.0609 38.0215 2.84027e-05 133.408
-66.2288 26.2188 10.0289 31.9127 5.588 24.3342 95.0985 122.842 17.7611 49.1159 30.2448 30.9009 8.39317 13.7561 8.51619 39.0584 39.1031 70.6903 37.0894 31.6036 35.1487 17.9648 17.4484 8.51269 20.7757 22.9669 11.3036 20.7417 0.00014514 131.895
-64.0686 27.6216 10.0289 30.2069 5.588 24.3342 94.1837 122.857 18.031 48.6548 29.5999 30.9009 8.39317 13.7561 8.2147 49.9404 39.2619 70.6903 35.0552 31.6036 27.6767 15.1474 17.2305 7.28799 15.7748 36.7729 8.55569 23.6279 0.000164736 134.971
-63.93 27.6216 9.74345 30.2069 4.00625 24.3342 94.1837 122.857 18.031 38.6384 41.1249 31.9064 15.4852 4.4613 7.86287 54.8943 41.1497 73.8719 34.9332 18.3897 27.6767 13.2177 18.3255 13.1809 12.9109 31.7154 5.3082 4.22484 0.000337554 138.993
-63.3476 27.6216 9.74345 30.2069 4.00625 25.9864 96.3682 122.857 18.031 31.8583 40.3205 28.3413 15.216 8.36548 9.75492 54.8943 41.1247 68.025 36.7133 12.8804 41.2363 1.74003 32.3812 6.60675 18.7295 13.688 1.89918 64.0903 0.000480136 140.922
-66.2433 26.5259 9.74345 29.3222 4.01392 25.9912 101.903 120.2 10.2089 32.2674 57.0517 36.5045 8.10216 2.82957 14.7592 45.1899 45.2276 68.025 28.1052 34.3767 21.925 29.2201 4.82506 13.2838 19.8813 23.148 17.7846 3.75464 0.000961025 138.797
-65.8467 26.1503 12.21 29.3222 4.01392 25.9912 106.083 119.649 10.2089 27.0649 57.0517 29.1171 8.10216 2.82957 20.0996 45.1899 48.2382 59.8903 36.6565 34.3767 14.1875 27.3064 5.84896 4.00653 33.3396 14.6066 18.8984 33.3362 0.000698188 136.987
-67.0227 26.4414 12.21 28.1327 4.01392 29.397 104.767 119.649 10.8854 19.534 73.4485 24.707 8.10216 2.82957 21.6787 45.1899 57.2192 66.2846 39.5395 16.4382 15.1262 11.8719 14.6301 6.59625 25.321 6.31856 33.6488 4.739 0.000758285 142.724
-64.0391 26.4414 11.8917 27.6049 2.57541 28.892 110.243 122.976 12.0749 5.23 82.8024 5.57796 6.73676 7.99276 27.1469 45.1899 57.2192 56.3497 59.0304 17.5012 3.20941 11.3582 3.95709 13.2884 39.2755 19.0389 23.877 12.4668 0.00063284 147.376
-68.0201 26.4414 11.7047 27.6049 2.57541 28.892 110.243 122.976 9.16513 0.864493 82.8024 0.722267 12.4061 8.48401 27.1469 52.0741 54.7986 56.3497 60.5826 17.5012 3.20941 5.85038 7.34495 13.8462 31.1449 22.7316 34.8606 3.95246 0.00208683 148.884
-69.0748 28.1981 11.7047 25.1837 15.0881 22.0006 105.195 122.976 6.61386 1.71343 82.2461 18.1678 12.318 8.48401 16.1691 43.4713 42.8935 56.3497 72.0409 11.9514 13.4743 16.907 6.87037 1.30094 32.7022 31.2075 36.9589 16.6711 0.00338123 154.177
-69.7626 29.9337 11.7047 25.1837 16.1248 13.0349 104.094 129.44 2.79327 4.6277 82.2461 19.2375 12.6908 8.48401 10.6678 43.4713 39.8772 57.1052 75.0887 8.29589 28.0809 2.67947 0.80733 32.3599 16.8166 35.5057 36.6017 16.869 0.00194326 150.775
-66.5034 29.9337 8.16708 27.1712 29.9021 4.83904 101.602 120.403 2.79327 22.3424 10.9513 17.3278 73.1779 6.10491 13.9692 43.3907 40.1078 57.3417 72.2726 15.9744 28.6814 6.33792 24.7047 1.77023 19.0923 16.1296 29.9592 30.6278 0.00017277 145.459
-65.0442 29.9337 7.6406 27.8306 28.2088 2.7331 113.903 112.149 1.17487 38.7115 14.2097 22.9561 60.3446 15.3071 3.81753 43.7471 24.4733 50.4725 58.4072 18.4997 55.6534 3.08814 22.9488 11.7996 7.74049 26.1029 18.797 25.4444 2.68884e-05 138.31
-64.4129 29.9337 7.6406 27.8306 27.2025 3.8501 114.158 112.149 1.17487 47.938 8.35204 12.2948 58.8403 15.3071 1.89989 42.4391 65.8113 57.6921 21.3187 20.4803 44.8232 0.686431 31.9719 14.3355 7.57825 15.1834 42.4408 19.3012 0.000145231 148.325
-63.3364 31.1721 7.6406 27.8306 24.6271 3.20412 114.626 110.019 9.1704 38.4589 13.1895 8.04384 60.0874 17.6952 4.45901 53.6066 50.8394 65.2017 38.3413 20.4803 19.2049 5.61605 18.56 20.003 8.88421 6.55562 42.4025 32.949 0.000162544 141.601
-65.0839 30.8973 7.02904 27.5519 28.1716 3.79304 114.626 111.327 9.1704 38.4589 13.1895 7.34283 55.6396 22.4432 0.258048 44.5363 56.8309 72.9629 38.3538 20.4803 14.6445 14.4667 15.1429 7.61382 9.76466 5.26159 44.4494 42.7144 0.000381353 143.152
-66.761 30.2867 7.02904 31.4185 26.2479 2.04222 96.3752 124.98 9.1704 28.0768 13.1895 7.93269 69.6502 27.0933 5.69211 52.6055 31.7434 78.6267 37.6697 32.6197 9.24066 11.6458 22.2234 1.82768 9.46955 14.491 52.2937 5.83347 0.000489466 140.58
-66.1453 29.5985 7.02904 31.4185 26.8838 1.87901 98.5048 123.84 13.1382 34.6851 13.1895 6.61188 71.3756 27.0933 5.79656 33.6639 26.1058 93.4607 36.6238 22.3591 12.5377 12.7133 18.2978 1.71902 8.04365 34.8844 35.9348 29.7099 0.000295696 138.184
-67.4348 28.7023 7.02904 31.0488 26.7643 4.63628 98.5048 122.815 13.1382 23.4729 13.1895 13.9847 70.7669 13.0215 6.62976 50.8241 28.0139 55.5909 35.829 64.8253 11.1848 9.81762 23.3174 4.96642 20.848 34.0874 15.0699 5.3541 0.00163001 140.264
-66.2716 28.163 7.01985 31.0488 27.087 4.28494 97.2945 123.057 13.1382 58.2649 3.81845 16.7298 42.7022 29.6312 0.358029 40.4699 28.4931 38.529 34.2907 92.0885 7.82452 4.41893 12.3031 8.95761 21.0605 31.2503 16.9041 6.64121 0.000415484 139.806
