-66.8482 28.3711 12.461 6.05289 13.1648 31.1723 7.46358 31.5284 28.6372 94.2426 4.15943 10.719 39.2797 284.637 93.3804 14.7663 116.073 180.484 81.8386 14.5135 11.5479 14.676 136.26 196.491 4.04215 0.0000000144904 39.6564
-66.344 27.3568 8.14454 6.05289 15.1835 31.1723 7.46358 38.3684 28.6372 94.2426 4.15943 8.91954 47.5505 284.637 84.3606 14.7663 116.073 174.256 81.8386 14.5135 13.6744 18.5159 9.85979 196.491 4.04215 0.0000000144904 36.3419
-66.4538 31.602 8.14454 5.18842 14.3004 43.41 7.46358 24.971 17.1818 108.605 4.15943 8.91954 40.3034 284.637 82.5481 19.6638 118.447 173.935 93.8878 12.0213 16.9828 10.8897 3.04294 177.002 4.04215 0.0000000234438 37.4748
-67.1854 31.602 8.14454 5.18842 16.8089 38.6396 7.46358 24.971 17.1818 115.4 4.15943 35.5022 27.3786 284.637 66.3451 19.6638 118.447 173.632 80.4374 6.51987 15.7626 17.767 3.04294 20.1898 3.75706 0.0000000234438 36.2677
-67.8799 31.602 18.2657 5.18842 10.5246 38.6396 7.46358 24.971 14.0137 115.4 4.15943 24.2966 27.3786 284.637 64.5192 19.6638 118.447 173.632 84.4188 6.51987 15.7626 14.0539 1.57869 20.1898 8.16356 0.0000000322745 36.875
-66.1718 31.602 15.0991 5.18842 10.5246 35.802 7.46358 15.5191 22.0725 115.4 4.15943 33.3612 29.5522 285.46 64.5192 19.6638 121.759 180.141 93.4676 6.51987 18.8428 3.00827 15.2611 103.071 4.50788 0.0000000267217 36.0297
-66.5264 28.8168 9.61343 5.18842 7.96128 35.105 15.816 13.4795 25.4441 115.4 226.486 34.1482 29.5522 55.664 47.7561 33.5439 121.759 176.337 93.4676 6.51987 18.8428 9.82619 104.456 2.35721 61.5516 0.0000000306824 37.4265
-66.5072 28.8168 5.6496 11.9417 7.96128 35.105 38.5314 19.9351 16.5161 89.4829 226.486 39.6237 21.9377 55.664 45.5043 31.1819 146.667 173.044 98.5848 9.3514 16.1919 7.49784 4.73846 86.6725 16.9484 0.0000000278056 32.9415
-66.2506 31.537 5.6496 11.9417 7.96128 35.105 38.5314 20.4524 16.5161 87.7624 226.486 39.6237 21.9377 59.7375 45.5043 21.69 149.745 173.044 98.5848 17.3822 11.2405 4.14794 9.72049 61.4154 12.8608 0.0000000502614 32.4645
-66.2506 31.537 1.46728 11.9417 7.96128 35.105 37.4954 20.2974 20.7492 87.7624 239.861 39.6237 21.9377 59.7375 32.0607 21.69 145.617 168.572 99.3399 14.665 13.9814 3.02808 11.7295 61.4154 12.8608 0.0000000124961 31.8093
-66.0868 31.537 3.07117 11.2416 10.1817 35.105 49.6013 18.7177 20.7492 63.527 244.365 39.6237 21.9377 59.7375 32.0607 24.9699 145.617 166.913 99.3399 19.8759 17.7621 11.1828 19.9191 90.6955 12.8608 0.00000000498528 31.4529
-66.7826 33.2931 6.42871 6.24869 10.1817 35.105 49.3228 18.7177 20.7492 65.7639 242.909 39.6237 21.9377 59.7375 34.4702 24.9699 145.617 168.517 94.2187 22.4386 17.7621 1.75079 19.9191 33.2585 12.8608 0.0000000037947 29.6761
-67.0977 33.2931 6.42871 6.24869 10.1817 35.9954 45.2972 18.7177 20.7492 65.7639 242.909 39.6237 21.9377 59.7375 34.4702 26.2179 145.617 168.517 92.1661 21.0467 19.3991 1.28505 20.5486 33.2585 59.7941 0.0000000037947 31.5045
-66.8885 36.2073 5.96075 6.29806 6.8033 35.9954 52.627 13.8635 22.8103 64.8224 242.909 39.6237 30.4826 59.7375 34.4702 25.0444 145.617 180.257 76.4473 25.4666 6.38953 11.1992 20.9943 1.46957 81.1936 0.00000000676113 31.2876
-64.9228 36.5795 3.08529 6.29806 6.8033 35.9954 59.6088 15.0615 6.80885 64.8224 242.909 52.6105 30.4826 59.7375 34.4702 20.0601 145.617 180.257 76.4473 4.58201 8.33469 6.80334 19.0998 27.3832 87.7974 0.00000000928282 33.9254
-64.2649 36.5795 0.616006 6.46397 4.13543 40.5307 61.3056 13.593 14.7542 64.8224 242.909 52.6105 20.9947 59.7375 29.3563 23.7142 145.48 190.208 81.9534 5.17579 17.6486 6.80334 18.8089 33.5802 113.691 0.0000000065705 33.7542
-64.2649 36.5795 0.616006 11.1802 11.1332 42.4879 48.7147 14.2984 14.7542 64.8224 242.909 40.4861 20.9947 59.7375 29.3563 31.8024 144.912 169.226 105.262 8.17406 18.4945 0.841932 14.8547 22.6054 113.691 0.0000000105605 34.518
-66.0689 47.7365 0.937195 2.74404 4.6822 36.0926 48.7147 13.3715 15.6383 64.8224 242.909 40.4861 28.8023 63.3618 29.3563 32.3072 144.017 169.226 99.1762 23.2155 3.49247 10.819 14.7443 10.3863 43.6502 0.0000000104844 31.7087
-66.0689 47.7365 0.937195 2.74404 4.6822 36.0926 48.0759 13.9883 15.6383 67.3853 242.909 40.4861 28.8023 63.3618 29.3563 26.8071 144.017 177.404 102.157 18.2057 2.99771 8.2599 18.9333 20.954 35.6065 0.0000000126651 33.0402
-66.0689 47.7365 0.937195 2.74404 4.6822 36.0926 48.0759 13.9883 23.9942 67.3853 243.262 40.4861 28.8023 63.3618 29.3563 10.8201 144.017 177.404 105.333 10.7816 2.99771 7.38733 12.0707 20.954 45.7677 0.0000000136816 33.054
-65.3068 47.7365 0.483205 2.74404 4.6822 38.1133 47.1931 15.7183 34.2122 63.3393 243.262 44.355 15.7046 63.3618 29.3563 8.34517 160.752 177.404 95.1471 2.52193 24.7732 6.86274 23.7954 26.3219 86.519 0.00000000129698 36.8302
-66.8436 50.5965 1.94759 2.74404 4.6822 38.1133 27.2248 12.8065 42.2508 63.3393 243.262 44.355 15.7046 63.3618 29.3563 8.34517 160.752 167.321 105.198 3.02506 25.878 13.6269 23.7954 26.3219 86.519 0.00000000129698 34.5237
-66.7077 50.5965 5.64286 0.52894 6.05369 26.7303 31.3103 22.0079 41.75 58.9241 243.262 44.355 17.8449 67.139 37.1062 8.34517 159.905 158.082 109.997 0.51712 0.266709 11.7124 5.23993 35.6974 89.3777 0.00000000129698 34.5938
-66.7077 50.6156 2.62372 0.52894 6.05369 33.3058 31.3103 19.6827 40.0376 52.2577 243.262 27.0302 29.507 65.7991 41.0901 7.78584 159.905 169.274 108.341 8.75789 4.38264 24.9051 17.6233 57.8775 123.549 0.00000000753505 34.7639
-67.005 50.6156 7.50703 0.52894 0.745209 33.3058 31.3103 25.3188 40.117 49.8559 243.262 34.3821 29.507 65.7991 20.2048 10.6807 173.075 169.26 104.089 11.067 4.45729 20.7623 26.2582 55.4353 97.0769 0.00000000138705 32.5403
-66.6766 50.6156 7.50703 0.52894 0.745209 33.2403 37.9681 25.3188 37.4809 50.0677 243.262 35.2606 44.3077 44.2035 27.2728 10.6807 173.075 161.368 104.089 8.48584 4.45729 20.7623 33.6269 58.2525 66.6579 0.0000000012487 34.4877
-68.1601 50.6156 2.0163 2.82505 0.745209 50.3499 37.9681 25.3188 36.7351 48.4828 243.262 43.9651 32.3025 33.8853 33.1848 11.9498 163.212 157.048 114.127 17.692 4.45729 18.9525 36.8866 65.3244 66.6579 0.0000000137749 37.4242
-66.6089 50.6156 3.94459 0.491237 0.745209 50.3499 35.7596 26.8182 37.381 48.9442 243.262 43.9651 32.3025 33.8853 36.0924 11.9498 163.212 147.715 117.456 17.692 3.76117 13.7454 60.1515 39.9332 65.237 0.0000000752444 36.5595
-62.8989 50.6156 3.94459 0.491237 0.745209 50.3499 33.9629 29.1453 30.7355 49.5456 243.262 46.3715 32.3025 33.8853 36.0924 14.2111 154.425 149.794 120.224 13.1151 10.3234 13.7454 23.3662 42.0328 86.2027 0.0000000230688 40.1043
-67.9727 50.6156 2.07933 0.491237 0.745209 50.3499 35.1598 29.1453 32.2545 50.6052 243.262 60.6634 32.3025 33.8853 20.0044 14.2111 154.425 153.682 121.357 16.155 12.9889 14.2822 31.6604 77.3835 86.2027 0.0000000230688 40.3045
-66.3661 46.506 2.07933 4.38514 0.745209 50.3499 34.4989 35.0359 29.4029 48.0691 243.262 60.6634 32.3025 30.8063 21.1621 14.2111 154.425 153.073 118.365 14.5003 10.1059 13.947 29.8987 58.1778 140.579 0.0000000134497 38.3127
-65.1615 33.6965 3.65081 4.38514 2.39235 64.8254 13.5755 35.0359 29.4029 47.7872 243.262 60.6634 45.56 33.1934 21.1621 19.7944 156.09 152.775 120.291 12.4617 9.04684 13.5679 41.77 73.7452 142.94 0.0000000230126 36.8642
-64.907 33.6666 3.65081 4.38514 2.39235 64.8254 13.5755 26.6695 29.4029 54.2678 229.905 60.6634 53.5608 33.1934 21.1621 22.8043 166.375 152.852 110.019 19.5024 5.13268 13.4385 41.77 41.9485 91.9285 0.00000000506002 33.2517
-65.3766 5.90999 26.7592 4.38514 2.39235 64.8254 13.5755 30.7827 32.5675 45.3158 229.905 52.9891 53.7243 33.1934 48.5473 26.1047 146.639 153.483 100.364 17.3732 7.6406 27.1713 17.6123 88.9801 73.6287 0.00000000559859 38.1145
-65.3766 2.02934 32.5907 4.38514 2.39235 50.7592 13.5755 19.8998 33.9006 90.2214 229.905 67.1891 19.5754 33.1934 45.5065 26.1047 146.639 154.853 95.414 2.90297 7.10589 46.5489 16.3938 32.8279 91.2781 0.0000000118919 37.2153
-65.3766 3.11718 32.5907 4.38514 2.39235 50.7592 15.6443 19.8998 33.9006 90.2214 239.804 67.1891 17.4238 33.1934 49.3831 26.1047 136.18 155.977 95.414 2.90297 7.10589 46.5489 9.56162 36.9881 91.2781 0.00000000959967 34.1111
-65.3766 3.11718 32.5907 4.38514 2.39235 50.0427 15.6443 19.8998 33.9006 90.2214 239.804 65.3195 17.4238 33.1934 44.9206 27.7908 136.18 157.84 101.391 2.03999 7.10589 46.5489 62.308 1.19225 64.2858 0.00000000959967 33.9766
-65.3766 3.11718 42.4186 4.38514 4.16992 38.7095 15.4691 19.8998 33.9006 90.2214 239.804 65.3195 17.4238 33.1934 50.6091 31.5593 123.12 165.249 96.353 9.59423 0.510101 46.5489 20.9708 1.19225 128.537 0.00000000959967 35.5112
-65.2487 0.719525 42.4186 2.16511 7.80699 36.4824 11.6214 23.1091 34.0505 90.2214 239.804 65.5943 17.4238 33.1934 56.7099 31.5593 123.622 165.249 93.0742 11.9063 0.510101 41.5496 20.9708 1.19225 55.8804 0.00000000744548 34.4
-68.0469 13.5565 42.4186 2.97328 6.76709 35.1952 10.9104 31.4173 18.7619 91.4305 239.804 58.7446 30.9304 29.0815 64.741 27.1751 114.671 167.713 105.645 6.10852 4.44994 26.3345 20.9708 5.01173 92.5143 0.00000000686254 33.2894
-67.6978 1.58829 42.4186 2.97328 13.9115 35.1952 13.244 30.7317 18.7619 91.4305 239.804 58.7446 27.814 29.0815 58.2643 28.0338 118.362 167.713 106.202 6.07409 9.4443 26.3345 20.9708 6.4635 92.5143 0.00000000615852 34.4703
-66.983 1.58829 42.4186 7.99063 13.9115 35.1952 14.0437 30.7317 18.7619 91.4305 239.804 58.7446 27.814 29.0815 63.4407 28.0338 118.362 163.913 94.9152 8.56312 10.0237 33.5177 16.4312 11.8028 170.972 0.00000000656875 36.6747
-66.7233 6.9124 43.1397 7.99063 12.2807 22.8814 10.122 26.4314 29.3485 91.4305 237.277 58.7446 27.814 29.0815 66.0792 29.13 110.402 182.443 94.9152 8.75038 10.6177 23.2233 18.8918 11.956 109.43 0.0000000139228 34.3622
-66.9069 16.1578 28.3079 16.7907 11.696 24.9266 0.950577 32.2821 38.2954 91.4305 207.979 62.5372 53.5415 29.0815 61.4097 29.2613 110.402 172.182 94.846 6.34868 11.8115 21.1546 13.4369 59.0621 144.204 0.0000000361555 40.5883
-67.0296 17.054 30.2801 8.57264 13.2439 19.5232 9.73626 25.3417 41.4356 91.4305 216.955 64.4816 47.1376 29.0815 81.8709 18.1413 110.402 179.967 55.4611 10.0255 11.8115 18.0047 80.1495 21.1325 53.8784 0.0000000477485 38.5815
-67.1656 17.9317 29.6558 8.57264 10.5879 22.5713 3.4176 21.1237 41.6978 91.4305 216.955 71.7259 40.4993 29.0815 76.6309 18.494 122.075 206.923 55.4611 10.0255 1.90866 22.5988 67.2286 20.6348 21.5137 0.0000000362087 32.686
-67.1965 12.4101 38.8 8.57264 11.8695 14.57 5.96869 41.9084 41.6978 99.7536 216.955 65.1727 32.7263 28.8383 66.3519 18.8143 112.412 206.923 48.4304 17.4096 2.20042 12.3037 43.8667 38.8375 1.95743 0.0000000415025 34.3299
-67.2189 15.247 36.0416 8.57264 11.2062 14.57 11.3104 32.7033 46.7045 99.7536 216.955 53.5142 31.8664 28.8383 68.1701 19.2344 128.538 206.923 48.4304 4.83175 40.5137 21.4238 44.7643 37.1269 1.95743 0.0000000109248 39.8424
-67.1943 15.247 33.837 8.57264 11.7686 14.57 11.3104 32.7033 47.1177 99.7536 221.085 57.542 31.8664 28.8383 31.2043 19.1594 143.805 206.923 49.1758 6.03474 35.2898 20.7962 38.6027 18.3213 63.031 0.00000000482201 33.0542
-67.1271 15.247 33.837 8.57264 9.53092 16.7022 12.5672 14.4073 48.5326 99.7536 240.108 60.3714 31.8664 28.8383 31.2043 18.8421 146.775 206.923 49.1758 6.7197 29.289 12.8214 10.9496 30.8633 53.3913 0.00000000198107 29.3853
-67.1271 15.247 33.837 8.57264 23.0377 0.495608 8.8536 14.4073 51.8712 99.7536 240.108 61.8314 31.8664 28.8383 31.2043 15.9508 146.775 206.923 49.1758 7.95347 29.2219 12.8214 10.9496 50.4481 67.4151 0.00000000666755 34.3289
-66.9507 12.6688 6.79221 39.947 23.0377 2.55775 8.8536 15.1768 51.4283 99.7536 240.108 56.5337 34.5377 28.8383 31.624 12.9876 155.388 204.518 49.1758 7.95347 26.947 14.1995 60.4028 57.6417 136.559 0.000000019391 35.8466
-66.7948 12.5085 6.79221 39.947 20.3693 5.429 8.8536 15.1768 50.2926 99.7536 240.108 57.9153 34.5377 28.8383 31.624 12.0576 155.388 204.518 49.1758 7.95347 29.8568 15.3031 17.8395 54.8006 122.906 0.0000000137653 33.5466
-66.3795 9.76362 6.79221 39.947 23.247 5.26075 8.8536 15.1768 44.3512 99.7536 240.108 57.9153 29.3643 28.8383 31.624 21.2132 155.388 204.518 49.1758 7.15149 29.8568 14.7142 17.8395 103.682 48.2882 0.0000000137653 32.0967
-67.0045 5.54454 8.04544 39.947 23.247 6.75842 7.11023 15.1768 52.3908 99.7536 240.108 62.298 29.3643 28.8383 31.624 19.1098 147.165 204.518 49.1758 9.26111 29.7475 16.9543 17.8395 64.0351 11.9769 0.0000000131898 32.2902
-67.0045 5.54454 8.04544 45.3107 23.247 4.09785 2.6864 15.1768 53.8622 99.7536 240.108 63.155 29.3643 28.8383 31.624 19.1098 147.165 204.518 49.1758 8.87824 29.4144 16.9543 48.0361 72.5906 5.43896 0.00000000570198 32.1693
-67.0806 0.759251 8.04544 45.3107 23.247 4.09785 2.6864 15.1768 53.8622 99.7536 240.108 63.155 29.3643 28.8383 31.624 24.3587 147.165 204.518 49.1758 8.87824 29.7949 12.5416 43.1455 72.5906 5.43896 0.00000000570198 33.1118
-66.9593 0.759251 9.95071 45.3107 23.247 4.09785 3.16599 15.1768 53.8622 99.7536 240.108 63.5302 29.3643 28.8383 31.624 28.2526 147.165 204.518 49.1758 8.73794 30.1913 12.662 0.516483 72.5906 6.23628 0.00000000570198 38.4348
-66.9593 2.40252 9.95071 45.3107 23.247 4.09785 15.1503 15.1768 44.2801 99.7536 240.108 63.5302 29.3643 28.8383 106.273 36.6952 58.7147 204.518 49.1758 8.62732 28.7832 7.72856 142.925 80.9702 62.2591 0.00000000360025 36.3133
-66.9596 2.40252 9.95071 45.3107 20.7611 4.09785 1.36889 14.6381 55.2474 99.7536 240.108 55.9362 29.3643 28.8383 106.273 36.6952 58.7147 204.518 59.4397 7.22883 28.7832 10.1208 65.994 80.9702 127.681 0.00000000360025 34.5215
-66.9596 2.73684 9.95071 45.3107 20.7611 4.09785 50.5921 14.6381 18.1371 99.7536 240.108 43.1758 29.3643 28.8383 106.273 37.9678 58.7147 204.518 59.4397 7.23661 28.7832 12.7537 93.7298 113.199 53.3496 0.00000000238042 36.3917
-66.9596 8.92825 10.9583 45.3107 17.4503 4.09785 37.4123 14.6381 15.158 99.7536 240.108 42.9541 29.3643 28.8383 107.349 39.9112 75.1785 204.518 59.4397 7.28936 16.1402 12.7537 122.658 117.777 129.02 0.0000000045861 36.0028
-65.0764 8.92825 2.58048 47.3234 18.991 4.09785 42.0383 14.1749 15.158 99.7536 240.108 41.9774 29.3643 28.8383 107.349 36.8211 85.1751 204.518 54.3136 7.34693 16.1402 15.241 103.363 92.3442 155.264 0.00000000911283 37.1596
-65.7404 8.92825 2.58048 43.6134 24.698 4.09785 42.0383 14.1749 15.158 99.7536 240.108 41.9774 29.3643 28.8383 107.349 35.7545 85.1751 203.634 54.3136 7.37212 19.4246 15.635 36.6246 31.4882 94.8697 0.0000000108827 32.2011
-65.2978 9.09935 2.58048 43.6134 26.2746 4.09785 46.1586 4.186 15.158 99.7536 240.108 45.5001 29.3643 40.8333 100.999 27.2226 85.1751 199.676 64.2754 7.05102 16.0121 17.3085 41.7533 55.4995 20.5243 0.0000000110071 31.2412
-67.1323 9.48661 2.54842 56.4079 26.2746 3.16329 22.2553 8.00823 20.8556 99.7536 240.108 45.7947 29.3643 40.8333 100.999 8.95788 85.1751 128.531 134.311 7.11189 15.2977 16.8589 41.7533 54.379 16.636 0.0000000105299 43.0137
-65.3274 9.48661 2.54842 56.4079 27.8949 3.16329 22.2553 8.00823 26.2681 99.7536 240.108 48.1014 29.437 40.8333 100.999 8.95563 85.1751 202.049 76.3946 6.20794 13.0029 2.78067 93.8316 15.0893 27.5591 0.000000010355 36.5882
-65.3274 9.48661 2.54842 56.4079 25.8781 3.16329 22.2553 8.00823 26.3366 99.7536 240.108 48.4349 29.437 40.8333 100.999 8.95259 88.6231 202.049 65.8156 5.41583 17.73 7.87996 71.0051 15.0893 27.5591 0.0000000102712 34.6665
-65.5521 10.7784 2.54842 56.4079 25.8781 3.16329 17.6489 8.00823 21.1196 117.542 240.108 48.9546 29.437 40.8333 100.999 8.94696 87.3235 211.963 54.5079 11.1872 16.768 8.43403 175.47 25.8708 75.273 0.0000000104591 39.1215
-66.0046 10.2644 2.54842 56.4079 18.461 3.16329 18.7134 11.1272 21.1196 117.542 240.108 48.9546 29.437 16.2763 102.446 8.84262 112.007 99.1325 134.684 11.9756 16.8304 10.6441 21.7351 29.3104 43.9025 0.0000000106901 39.8868
-65.859 13.0573 1.50798 48.4884 11.7495 8.26235 16.5699 16.265 31.233 117.542 240.108 41.2868 29.437 22.3386 101.859 9.79413 105.758 96.9271 171.289 15.1976 17.8166 1.66361 13.3888 42.8403 61.5312 0.0000000106845 32.5871
-64.7111 14.4148 1.50798 57.09 12.3449 8.26235 8.79524 16.265 30.2477 117.542 240.108 41.5056 27.8233 22.3386 101.859 10.05 105.758 96.9271 171.289 14.6414 14.3853 1.66361 13.3888 6.39035 79.6426 0.0000000112343 35.9983
-64.9867 2.94054 1.50798 57.09 12.2257 25.2184 3.87652 16.265 30.2477 112.897 240.108 48.1209 27.8233 22.3386 99.082 11.3913 105.758 96.9271 171.289 24.5065 10.565 4.61771 101.327 13.7776 89.9393 0.0000000118109 35.9487
-65.3046 1.74909 3.34358 57.09 12.5174 26.5854 3.30746 16.265 26.0706 112.897 240.108 48.1209 27.8233 22.3386 99.082 13.4866 105.758 234.067 35.8522 14.9137 10.6331 2.35947 101.327 15.1962 89.9393 0.00000000868177 35.6629
-65.6493 6.89356 3.34358 57.09 12.3566 8.66809 6.93394 16.265 38.0166 112.897 229.867 54.632 27.8233 22.3386 91.4475 15.5529 105.758 241.751 35.8522 18.7151 6.71189 12.3532 97.3263 75.0469 93.2895 0.0000000180041 36.5019
-65.6493 10.6876 3.34358 57.09 10.8205 1.51768 7.5638 16.265 42.1998 112.897 229.867 54.632 27.8233 22.3386 91.4475 15.5529 105.758 241.751 35.8522 18.7151 6.71189 12.3532 26.3897 97.3158 95.0372 0.0000000264598 35.5825
-65.3976 12.1523 3.34358 57.09 10.8205 1.51768 7.5638 16.265 42.1998 112.897 229.867 54.632 27.8233 22.3386 91.4475 21.9533 105.758 237.593 29.9851 17.3347 6.54073 12.3532 3.69541 99.4839 20.771 0.0000000142124 33.0871
-64.6224 12.1523 3.34358 57.09 11.5638 1.51768 7.30284 16.265 38.741 112.897 229.867 54.632 27.8233 22.3386 78.972 28.1411 111.108 237.593 29.9851 25.8623 2.66032 6.08023 8.20681 93.3194 8.54206 0.0000000199558 34.8367
-64.4034 12.384 3.34358 57.09 11.1605 1.51768 9.17048 16.265 34.7394 111.282 229.867 54.3633 27.8233 22.3386 81.4259 25.0209 111.108 249.295 30.733 21.2525 2.66032 6.08023 6.07646 90.0705 13.0648 0.0000000136485 37.1621
-64.2083 11.7135 5.76246 57.09 18.226 1.51768 3.50256 16.265 33.0662 111.282 145.523 54.3633 127.086 22.3386 70.727 30.8459 111.108 244.736 19.3904 18.2766 2.95409 14.3964 32.2077 102.083 27.2192 0.00000000682164 34.2562
-67.3717 11.6387 6.1864 57.09 18.226 1.51768 3.34351 16.265 35.6943 111.282 145.523 54.1321 127.086 22.3386 68.4578 21.8227 114.876 244.736 19.3904 3.57688 2.31549 11.2002 29.3102 67.0886 59.9494 0.00000000912984 33.5015
-66.3981 12.0098 5.5759 57.09 18.226 1.51768 0.715255 16.265 36.2178 111.282 145.523 51.2883 127.086 22.3386 68.4578 22.1249 119.241 252.743 12.7192 3.57688 6.59052 11.2002 15.8862 137.764 69.629 0.00000000787275 35.8694
-66.5128 11.786 5.5759 57.09 18.226 1.51768 0.715255 16.265 40.4682 111.282 145.523 45.8115 127.086 21.5062 68.481 24.335 119.241 253.886 12.7192 7.6093 10.0157 11.2002 15.8862 93.3977 69.629 0.0000000103975 34.9431
-65.9516 9.69606 5.31849 57.09 18.8566 5.81499 0.15102 16.265 35.1163 111.282 145.523 48.4679 127.086 21.5062 61.5171 24.6431 119.241 253.831 12.7192 8.54464 7.12737 8.65986 3.42622 80.6773 87.2606 0.0000000125072 36.6718
-66.9677 9.24834 3.89662 57.09 18.9997 5.81499 0.524547 16.265 33.6831 111.282 145.523 48.4679 127.086 21.5062 73.1286 20.7823 114.921 256.085 12.7192 11.3734 25.9358 8.65986 3.42622 44.5692 92.1539 0.0000000304768 36.142
-66.7283 10.4893 3.47468 57.09 18.7863 5.81499 1.36187 16.265 32.2269 111.282 145.523 48.4679 127.086 21.5062 73.1286 21.4089 114.921 256.085 12.7192 9.35735 25.9358 4.81932 3.42622 28.1127 92.1539 0.0000000304768 34.6291
-67.931 10.4893 3.54545 55.0226 21.4614 5.81499 1.6784 16.265 32.2269 119.83 138.365 47.0897 130.793 21.5062 70.4072 20.1935 103.724 265.861 12.7192 14.0654 14.9075 9.28002 59.9438 3.59606 97.9143 0.0000000278507 43.6378
-68.1075 10.9797 3.49203 55.0226 20.9669 5.81499 2.16867 4.78449 42.8854 119.83 138.365 46.647 130.793 36.6665 67.919 28.4755 104.914 250.967 12.7192 15.0275 14.9075 9.28002 51.0923 3.59606 24.9527 0.0000000278507 35.9069
-66.743 9.7563 4.00952 55.0226 20.9669 5.81499 1.43572 4.78449 44.4318 119.83 102.611 46.6338 130.793 54.5093 75.606 30.5837 100.882 250.967 11.092 10.5236 7.19309 10.5135 32.7617 160.888 34.2005 0.0000000100915 36.2595
-66.743 13.0171 2.83656 48.7906 20.9669 5.81499 0.961296 4.78449 44.1564 119.83 102.611 45.2721 134.557 54.5093 80.2385 28.1311 100.882 250.967 18.2522 11.1494 12.9863 17.6324 45.5521 75.4975 67.3157 0.00000000115871 34.5718
-66.0542 12.4491 2.36314 46.1362 20.9669 1.93834 1.57229 4.78449 47.4067 119.83 102.611 57.7529 150.119 43.0335 76.7153 29.7487 92.4997 250.967 18.2522 14.1688 12.7854 13.1188 32.0558 36.8955 88.9187 0.00000000078706 31.1517
-63.0387 12.4491 5.89554 45.0039 19.6988 1.93834 3.77069 4.78449 47.4067 119.83 102.611 43.4596 146.234 58.6447 60.8152 28.6605 107.95 250.967 18.2522 11.2488 20.9792 11.6737 63.3074 25.0221 51.616 0.0000000000754527 29.3586
-64.595 12.4491 6.19817 45.0039 19.6988 1.93834 3.77069 4.78449 47.4067 119.83 102.611 43.4596 146.234 58.6447 60.8152 28.595 107.95 250.967 18.2522 9.65503 20.7952 13.8033 46.1942 28.8934 48.2022 0.0000000000754527 27.2945
-66.4401 11.7362 4.59312 48.0964 18.5873 0.139345 4.4931 4.78449 47.4067 119.83 102.611 43.4596 146.234 65.4626 60.8152 23.0118 105.63 250.967 22.8919 9.48604 17.3421 17.5878 91.5849 123.473 1.41657 0.0000000000754527 33.7929
-65.7399 14.2766 4.59312 39.9016 19.3127 9.32654 4.61318 4.67818 47.4067 119.83 81.8539 43.4596 153.591 65.5292 60.8152 23.0118 108.662 250.967 21.201 8.75713 20.1061 17.5878 103.013 174.3 1.41657 0.0000000000754527 35.4801
-66.3747 5.7101 4.59312 39.9016 20.7049 15.8015 4.30894 4.67818 49.1644 119.83 84.1996 17.3284 152.173 64.8136 63.9737 27.1122 134.584 250.967 8.54405 6.68601 39.7596 8.29369 167.848 12.2113 36.9519 0.0000000137917 40.9686
-66.3747 7.0378 4.59312 40.4517 20.7049 15.5927 5.10503 4.67818 49.1644 119.83 84.1996 17.3284 166.245 70.2995 63.9737 23.1242 123.785 246.491 8.54405 3.43583 38.1439 14.3918 101.961 12.2113 36.9519 0.000000121514 37.3022
-66.3747 9.09128 3.57321 40.4517 19.0571 15.5927 5.10503 4.67818 49.1644 119.83 84.1996 17.3284 164.435 70.978 63.9737 20.5277 123.785 246.491 8.54405 5.74994 38.1439 14.3918 99.118 12.2113 24.9957 0.000000119948 35.7705
-67.2754 9.09128 4.50871 41.473 19.0927 13.8597 4.81276 4.67818 49.8742 109.908 75.6066 13.7351 171.23 82.843 63.9737 26.5398 123.785 255.208 8.54405 11.7306 6.58886 13.841 40.9903 174.759 24.9957 0.000000119948 37.0874
-66.9722 13.394 6.21505 34.6823 21.7772 17.6999 4.80678 8.24434 49.8742 104.904 75.8181 13.7351 180.156 82.0256 44.3645 28.2235 123.785 262.937 8.54405 24.2205 6.58886 5.22788 58.5167 144.183 45.7047 0.000000238246 38.7247
-65.0523 5.29684 6.21505 33.7115 21.7772 17.6999 4.75717 5.01641 50.6793 104.904 75.8181 36.5353 183.662 73.9959 44.3645 22.8364 119.669 262.937 8.54405 19.3043 10.3437 9.55887 68.3082 112.694 13.48 0.000000128323 37.8139
-65.0523 5.29684 4.5561 33.7115 25.1696 17.8758 4.79363 5.01641 51.6704 105.389 71.5194 35.1532 183.662 75.9297 43.228 22.8364 119.669 262.937 8.54405 24.1724 12.339 7.81923 171.188 118.018 13.48 0.0000000595258 39.4825
-65.0523 2.81495 15.0302 28.824 25.1696 20.1082 5.47543 5.01641 51.6704 105.389 69.9077 37.3227 183.179 72.3643 26.8991 33.7753 126.179 262.937 8.54405 10.6473 11.0157 8.52135 137.767 18.5721 31.7304 0.0000000413238 37.1147
-67.1169 2.81495 13.1192 28.616 25.1696 20.1082 5.3581 5.01641 51.6704 105.389 69.9077 41.8364 179.711 70.3643 26.8991 35.1838 130.221 262.937 7.9988 12.2667 18.3622 9.032 135.801 26.8016 64.8737 0.000000014382 34.2153
-68.4538 2.81495 13.1192 28.616 25.1696 20.1082 5.06959 5.01641 51.6704 105.389 80.2518 43.2813 174.304 72.4829 26.8991 30.3476 130.221 262.937 7.9988 13.8189 13.3661 9.79566 135.801 57.8007 64.8737 0.0000000206864 41.4946
-67.3043 1.09612 13.1192 30.368 24.8907 21.2396 4.78368 5.01641 51.6704 105.389 80.2518 30.7543 180.397 73.2842 26.8991 30.8018 128.514 264.052 1.42617 15.0749 12.2373 13.5153 67.5492 125.331 40.4287 0.0000000383794 39.4863
-67.4845 3.72371 5.45684 28.6958 24.8907 21.8919 4.78675 5.01641 51.6704 105.389 83.4321 33.0982 177.808 74.8729 26.8991 31.8175 136.527 259.872 1.42617 9.41964 12.5515 13.5153 77.9245 55.3537 116.699 0.000000000322331 34.5874
-65.0043 3.72371 1.34582 30.0474 33.5821 20.9556 2.61217 5.01641 54.9481 105.389 76.2863 33.0982 169.528 74.1723 28.6836 38.8849 122.647 259.872 16.8724 2.81983 28.2136 11.0527 46.0118 77.5012 17.0696 0.000000000322331 32.7188
-67.041 3.72371 1.19287 30.0474 33.5821 22.0317 5.79148 5.01641 54.9481 105.389 76.2863 31.9597 167.882 73.7703 28.6836 54.7347 122.848 253.42 16.8724 4.18542 1.72221 17.2185 46.0118 31.7704 79.3355 0.000000000322331 32.6888
-66.4579 3.72371 6.91408 23.2695 30.9509 22.0362 4.94393 5.01641 54.9481 105.389 76.2863 32.6868 167.882 73.7703 28.6836 54.7347 116.301 253.42 16.8724 4.76659 13.6726 21.556 42.0456 34.661 114.15 0.000000000322331 31.5866
-66.524 3.72371 7.12346 23.2695 30.9509 22.1182 7.52307 5.01641 54.9481 105.389 69.8795 41.752 171.59 75.925 22.8661 54.7347 117.352 237.656 16.8724 5.00403 9.34403 14.5479 69.9175 29.9963 150.292 0.000000000322331 31.5678
-65.3291 3.72371 7.77663 20.477 30.9509 21.6196 11.8276 5.01641 52.5346 104.092 90.9562 37.7759 147.148 78.0755 22.8661 54.7347 124.791 237.656 16.8724 4.9152 8.49488 44.5294 10.7056 28.6326 77.6588 0.000000000322331 29.1099
-65.3291 5.18322 8.12611 20.477 30.9509 21.5532 9.22178 5.01641 55.6111 104.092 90.9562 37.7759 148.148 78.0755 22.8661 53.4912 129.742 236.501 16.8724 4.76908 8.10966 45.7175 20.4909 45.0289 77.6588 0.000000000322331 29.4403
-69.3793 5.18322 8.12611 20.477 30.9509 22.104 9.22178 5.01641 55.6111 104.092 90.9562 37.7759 148.148 78.0607 22.8661 53.4912 129.742 236.501 16.8724 4.73059 5.98028 43.0603 20.4909 51.7533 45.0144 0.000000000322331 31.0936
-65.3317 5.18322 8.89761 20.477 30.9509 23.9726 5.40204 5.01641 55.6111 104.092 90.9562 38.7409 148.148 80.0636 22.8661 52.2078 129.742 236.501 16.8724 5.04875 4.68943 38.0798 20.4909 47.7982 45.0144 0.000000000322331 28.9142
-65.5463 5.18322 13.597 20.477 29.2281 21.708 5.40204 5.01641 54.0274 96.5016 86.495 44.001 148.148 80.0298 22.8661 52.2078 129.742 236.501 16.8724 4.52765 4.68943 10.6454 52.4461 47.874 82.2334 0.000000000322331 30.3218
-67.2938 5.18322 8.65714 22.8462 35.1693 23.6473 6.93263 5.01641 54.3177 91.6913 100.361 44.001 144.297 80.3835 24.2709 46.6426 129.694 236.959 15.5422 2.36566 5.42962 12.7611 81.1292 7.72131 106.824 0.000000000322331 33.6194
-67.3487 4.62808 8.65714 15.9825 35.1693 25.0374 6.93263 5.01641 52.5706 91.851 100.361 39.9134 156.445 77.9914 24.2709 55.9849 121.501 236.959 15.5422 6.79461 0.370314 39.0974 83.7878 7.72131 86.345 0.00000000626556 34.8823
-67.7545 4.62808 8.68424 15.9825 35.6687 25.0865 5.44461 5.01641 52.5706 91.851 100.523 40.5506 157.233 77.9914 24.2709 55.9849 121.501 228.5 15.5422 5.83627 13.7751 47.5435 29.7483 58.5132 86.345 0.000000000102047 31.8602
-66.0766 4.62808 8.68424 15.9825 35.6687 25.0865 5.52027 5.01641 52.5706 91.851 100.523 40.5506 157.233 77.9914 24.2709 55.9849 121.501 228.5 15.5422 5.83627 13.7751 47.5435 29.7483 58.5132 266.7 0.000000000102047 35.32
-66.0766 4.62808 15.186 18.5472 35.6687 25.5401 4.01961 5.01641 52.5706 91.851 100.523 38.0212 157.595 71.4797 24.2709 53.571 121.501 228.5 15.5422 1.34123 12.8871 29.2487 56.3829 95.2473 190.713 0.000000000102047 36.0997
-64.752 4.62808 15.186 18.5472 35.6687 25.6216 3.52381 5.01641 52.684 92.0279 97.3761 42.3877 144.673 66.5608 24.2709 55.667 121.501 259.138 15.5422 1.34123 12.8871 25.3673 57.9747 95.2473 107.14 0.000000000102047 32.3889
-66.305 4.62808 15.186 18.5472 35.6687 25.6155 3.52381 5.01641 52.684 92.0279 97.3761 42.3877 144.673 66.5608 24.2709 55.667 121.501 259.138 15.5422 1.34123 16.1139 31.3611 16.1281 95.2473 107.14 0.000000000102047 31.498
-67.9356 4.62808 14.7024 21.102 35.1724 26.0728 3.59424 5.98755 52.684 90.0745 101.35 43.5636 138.551 64.2907 24.2709 61.5184 121.501 259.138 15.5422 0.0823568 16.1139 24.6961 16.1281 54.1744 67.9727 0.000000000102047 32.5142
-65.9555 12.2681 15.3238 21.102 25.8285 25.3552 3.48684 5.98755 52.684 90.0745 98.3306 43.2354 138.551 66.5981 24.2709 64.9155 121.501 256.64 15.5422 0.0823568 8.91643 24.1827 16.1281 97.4185 53.3532 0.000000000102047 31.4283
-65.9555 13.451 15.3238 22.013 25.8285 23.5905 3.49444 5.98755 52.684 90.0745 98.3306 44.1392 138.551 66.5981 24.2709 64.9155 121.501 256.64 15.5422 0.0823568 16.7434 24.1827 16.1281 74.8178 53.3532 0.000000000102047 29.8693
-65.3319 13.451 15.3238 22.013 25.8285 23.5905 3.49444 5.98755 52.684 90.0745 98.3306 42.7504 138.551 66.5981 24.2709 64.9155 121.501 256.64 15.5422 0.0823568 16.7434 30.7152 23.2748 76.3456 53.3532 0.000000000102047 30.1525
-65.3319 13.451 14.1556 22.013 25.8285 23.5905 3.38669 5.98755 52.684 90.0745 107.627 43.1413 138.551 74.2636 3.80591 64.9155 121.501 256.64 15.5422 3.50282 16.7434 33.4677 7.85784 64.206 53.3532 0.000000000102047 30.2374
-65.4675 13.451 14.1556 22.013 25.8285 24.5977 3.38669 5.98755 52.684 90.0745 107.627 44.5348 138.239 74.2636 3.80591 87.0436 100.797 256.64 15.5422 3.50282 16.7434 32.5823 82.6834 101.075 34.7236 0.000000000102047 33.2305
-65.4675 10.6045 6.72124 22.013 36.8475 22.4895 1.74303 9.7963 52.684 90.0745 107.627 48.3511 133.882 73.7803 3.80591 87.0436 100.797 256.64 15.5422 3.50282 8.77146 32.5823 89.242 82.1805 30.0035 0.000000000102047 29.9229
-68.3731 10.6045 6.72124 22.013 36.8475 23.5045 1.74303 9.7963 52.684 87.0086 107.627 48.3511 133.882 75.3679 3.80591 87.0436 100.797 256.64 15.5422 3.50282 10.4571 32.5823 89.242 87.1365 23.7051 0.000000000102047 32.8271
-66.9674 10.7442 4.54432 22.013 36.867 22.056 1.74303 9.7963 52.684 87.0086 110.647 52.4866 131.789 78.4161 3.80591 85.0831 96.7363 268.004 10.542 3.50282 10.4571 27.1032 89.242 53.709 18.8432 0.000000000102047 33.9697
-66.9674 10.7442 9.3607 16.3106 36.867 22.056 3.52786 9.7963 52.684 87.0086 110.647 64.5329 120.319 75.6066 3.80591 85.0831 96.4502 268.004 10.542 3.00332 10.4998 36.5036 76.7906 53.7403 18.8432 0.000000000102047 35.0763
-65.7184 10.7442 9.3607 21.0236 36.867 22.056 1.37622 9.7963 52.7616 87.0086 110.647 64.5329 120.319 70.0663 3.80591 89.8167 96.4502 268.004 10.542 3.00332 10.0261 32.0197 143.661 37.1089 18.8432 0.000000000102047 32.9912
-65.7426 9.54996 9.3607 21.0236 36.867 21.6931 1.22262 9.7963 52.7616 87.0086 110.647 64.5329 120.319 68.7342 3.80591 89.8167 96.4502 268.004 10.542 3.00332 10.0261 32.0197 91.3676 55.3206 18.8432 0.000000000102047 31.9018
-66.3953 9.54996 10.6422 21.0236 37.7251 21.7923 1.05253 9.7963 52.7616 79.8953 110.647 64.5329 120.319 77.8511 3.80591 89.8167 92.7923 268.004 10.542 3.00332 3.83687 32.0197 91.3676 37.8222 18.8432 0.000000000102047 31.7237
-66.3953 9.54996 8.27224 5.70381 37.7251 40.2574 2.90769 9.7963 46.0573 79.8953 110.647 73.6621 129.644 77.7839 3.80591 74.9863 92.7923 268.004 10.542 3.00332 6.87439 35.9744 91.3676 53.0038 1.10553 0.000000000102047 35.8286
-63.9548 9.54996 8.27224 5.70381 37.7251 40.2574 2.90769 9.7963 46.0573 79.8953 110.647 73.6621 129.644 77.7839 3.80591 74.4392 92.7923 268.004 10.542 2.74869 6.87439 31.6199 74.0959 70.2339 1.10553 0.000000000102047 36.3141
-65.0341 9.54996 8.27224 5.90486 37.7251 41.0537 3.79857 9.7963 46.0573 79.8953 110.647 73.6621 129.644 76.7154 3.80591 74.4392 92.7923 268.004 10.542 3.88793 6.87439 33.4274 45.9775 59.1229 1.10553 0.000000000102047 35.058
-65.5512 9.54996 12.1086 2.61973 37.7251 41.0537 8.67907 9.7963 46.0573 79.8953 107.547 73.6621 117.386 76.7154 3.80591 84.8773 92.7923 268.004 10.542 3.47858 6.87439 33.4274 45.9775 32.0554 103.597 0.000000000102047 31.4498
-65.4721 9.54996 12.1086 2.61973 37.7251 42.4235 8.67907 9.7963 46.0573 79.8953 107.547 73.6621 117.386 76.7154 3.80591 84.8773 92.7923 268.004 10.542 4.40299 5.65146 33.4274 45.9775 45.307 0.563765 0.000000000102047 31.1825
-65.4721 9.54996 12.1086 2.61973 37.7251 42.4235 8.67907 9.7963 46.0573 77.0489 107.547 73.6621 117.386 76.7154 3.80591 84.8773 92.7923 268.004 10.542 4.40299 5.65146 33.4274 25.4249 31.3816 25.3275 0.000000000102047 30.1003
-65.4721 9.49242 12.1086 2.61973 38.1793 42.4235 8.67907 9.7963 46.0573 77.0489 107.547 73.6621 117.386 77.7319 3.80591 84.8773 92.7923 268.004 10.542 4.6591 5.65146 33.4274 25.4249 18.8522 15.0704 0.000000000102047 29.0263
-65.4721 9.49242 11.4341 2.61973 38.1793 42.4235 10.2508 9.7963 46.0573 77.0489 107.547 73.6621 117.386 77.7319 3.80591 84.8773 92.7923 268.004 8.08537 4.6591 5.65146 33.4274 32.1139 13.7936 9.01265 0.000000000102047 28.6833
-65.4721 9.49242 11.3966 2.61973 38.1793 42.4235 10.2508 9.7963 46.0573 77.0489 107.547 73.6621 117.386 77.7319 3.80591 84.8773 92.7923 268.004 8.08537 4.76217 5.65146 33.4274 32.1139 13.6009 14.704 0.000000000102047 28.6404
-64.912 9.49242 11.3966 2.61973 32.4502 42.4235 10.2508 9.7963 46.0573 79.1721 107.547 73.6621 117.386 66.3713 3.80591 84.8773 112.302 268.004 8.08537 2.45251 15.0895 28.1082 32.1139 19.2824 14.704 0.000000000102047 32.795
-64.912 9.49242 11.3966 6.77411 32.4502 42.4235 9.56344 9.7963 46.0573 79.1721 107.547 73.6621 117.386 61.2469 3.80591 84.8773 112.302 268.004 8.08537 3.23057 9.55419 28.1082 32.1139 19.2824 56.1388 0.000000000102047 28.9273
-64.912 9.49242 12.2494 6.77411 32.4502 42.981 13.1107 9.7963 46.0573 73.8243 107.547 66.7363 117.386 64.0412 3.80591 84.8773 112.302 268.004 8.08537 1.60683 8.03042 32.2977 30.5154 44.5314 76.0306 0.000000000102047 31.8979
-64.912 8.03047 12.1819 6.77411 32.4502 42.981 13.1107 9.7963 46.6165 73.8243 107.547 66.0324 126.97 69.9396 3.80591 70.1283 112.302 268.004 8.08537 2.21155 3.94824 37.4014 37.8498 46.3481 58.7653 0.000000000102047 31.1846
-66.4055 8.03047 3.70893 6.77411 42.7712 42.981 13.0055 9.7963 46.6165 69.4893 66.0503 74.8883 169.607 69.9396 3.80591 70.1283 112.302 265.385 8.08537 3.18892 0.805743 37.4014 37.8498 46.3481 32.5251 0.000000000102047 29.5631
-66.7753 7.63432 3.70893 6.77411 42.7712 42.981 11.6629 9.7963 46.6165 69.4893 66.0503 75.6117 169.607 69.9396 3.80591 70.1283 112.302 265.385 8.08537 3.18892 2.8897 8.11074 63.361 16.7997 31.7762 0.000000000102047 29.5296
-67.6921 3.79365 10.6648 7.00878 42.7712 42.981 10.7289 9.7963 46.6165 69.4893 70.6252 75.6117 165.114 70.1815 2.03098 70.1283 112.302 265.385 8.08537 6.34638 1.23714 10.676 45.8423 16.7997 22.6747 0.000000000102047 32.6523
-67.3141 2.69916 10.6648 7.00878 42.7712 39.4856 11.5542 9.7963 46.6165 69.4893 77.4085 75.3388 162.504 70.1815 2.03098 70.1283 112.302 265.385 8.08537 7.19217 1.23714 12.8231 70.7369 16.7997 10.7106 0.000000000102047 32.0701
-66.9773 2.50639 11.6425 7.00878 42.7712 39.4856 11.5542 9.7963 46.6165 76.2446 71.362 69.11 162.504 70.1815 2.03098 70.1283 112.302 265.385 8.08537 7.15807 1.23714 9.27658 70.7369 57.2288 10.7106 0.000000000102047 31.7809
-67.2032 2.50639 11.6425 7.00878 42.7712 39.4856 11.7244 5.74403 46.6165 76.2446 71.362 76.0145 162.504 70.1815 3.75979 70.1283 112.302 265.385 8.08537 7.15807 1.23714 10.6797 50.7851 8.10483 10.7106 0.000000000102047 29.8798
-64.2048 3.22319 11.4725 7.00878 42.7712 39.4856 11.1881 5.74403 46.6165 76.2446 71.362 76.0145 162.504 70.1815 3.75979 70.1283 112.302 265.385 8.08537 7.59209 1.23714 10.6797 79.4875 26.9857 10.7106 0.000000000102047 31.0197
-65.4791 1.97837 10.4527 3.88234 49.6583 38.3714 7.63519 5.74403 46.6165 76.2446 71.362 77.3364 155.275 62.2433 37.0571 60.332 104.241 265.385 8.08537 7.5827 9.47814 10.6797 169.526 20.4836 171.376 0.000000000102047 37.5204
-66.3494 1.97837 10.4527 3.88234 49.6583 37.9759 7.96383 8.5482 46.6165 76.2446 71.362 73.9327 155.275 63.7686 37.0571 60.332 104.241 265.385 8.08537 7.45686 9.47814 28.5136 169.526 81.6845 154.873 0.000000000102047 34.8513
-66.3494 1.97837 9.46771 3.88234 49.6583 37.9759 7.96383 8.5482 46.6165 87.0397 66.1444 73.9327 155.275 64.5171 37.0571 60.332 98.7563 264.679 8.08537 7.09159 9.47814 21.0334 169.526 127.239 61.5704 0.000000000102047 33.5428
-66.0646 1.97837 9.46771 2.57887 49.6583 37.9759 7.96383 8.5482 47.5928 87.0397 66.1444 73.9327 151.605 64.5171 37.0571 60.332 98.7563 264.679 8.08537 7.31083 15.9245 25.1479 169.526 127.239 61.5704 0.000000000102047 34.2836
-64.4307 1.97837 10.8132 2.57887 49.6583 39.1112 7.96383 8.5482 47.5928 87.0397 66.1444 77.2369 154.677 64.3939 37.0571 60.332 97.1246 264.679 8.08537 7.31083 11.1802 22.0161 169.526 82.7824 48.6936 0.000000000102047 36.3787
-68.227 1.97837 11.0239 2.57887 49.6583 39.1112 2.30317 8.5482 44.202 87.0397 66.1444 77.2369 154.677 70.2234 37.0571 60.332 97.1246 264.679 8.08537 7.61828 8.37401 34.0695 169.526 82.7824 48.6936 0.000000000102047 36.7095
-68.227 1.97837 9.10476 2.57887 49.6583 39.1112 2.30317 8.5482 42.0804 87.0397 66.1444 77.8463 154.677 70.2234 37.0571 62.9969 97.1246 264.679 8.08537 7.86036 7.69765 16.1375 169.526 82.7824 38.6506 0.000000000102047 36.7037
-65.1268 1.97837 8.94326 2.57887 52.8809 37.789 9.51559 8.5482 42.0804 87.0397 66.1444 75.8572 146.81 71.0051 37.2026 62.9969 97.1246 241.961 8.08537 2.59012 15.1604 55.6037 104.262 78.2715 38.6506 0.000000000102047 35.0043
-65.4593 1.97837 8.18652 2.57887 52.8809 37.789 8.79809 8.5482 42.0804 87.0397 66.1444 71.0594 146.81 84.0509 37.2026 68.6693 97.1246 231.201 21.5615 2.59012 28.1287 19.9803 97.8227 78.2715 38.6506 0.000000000102047 30.7621
-66.5071 1.97837 8.18652 2.57887 52.8809 38.1854 8.79809 8.5482 42.0804 87.0397 66.1444 71.0594 146.81 88.5208 37.2026 68.6693 94.488 231.201 21.5615 4.08772 28.1287 19.9803 91.3805 78.2715 8.64929 0.000000000102047 32.1405
-66.5071 2.56641 7.38809 2.27648 52.8809 38.1854 8.20115 8.5482 47.0442 87.0397 63.3793 109.219 97.2888 88.5208 37.2026 63.5375 94.488 239.103 21.5615 4.08772 30.7536 19.9803 41.6144 78.2715 13.1564 0.000000000102047 29.841
-66.5071 2.56641 7.38809 2.27648 52.8809 38.1854 8.20115 8.5482 47.0442 87.0397 63.3793 109.219 97.2888 95.6426 37.2862 63.5375 94.488 239.103 21.5615 24.0955 8.8776 19.9803 41.6144 78.2715 13.934 0.000000000102047 29.5795
-66.9779 2.56641 7.38809 2.27648 52.8809 33.8839 8.20115 8.5482 46.6386 87.0397 63.3793 109.219 97.2888 95.6426 37.2862 63.5375 94.488 239.103 30.2261 12.0583 8.8776 25.2707 41.6144 68.1196 9.69477 0.000000000102047 30.3768
-66.6607 2.56641 7.38809 2.27648 52.8809 36.3705 12.8668 2.75653 46.6386 87.0397 63.3793 101.806 97.0872 95.6426 37.5503 63.5375 94.488 239.103 33.9839 3.37387 20.9157 27.7054 43.9719 35.1336 6.74964 0.000000000102047 29.5171
-66.5415 2.56641 7.44596 2.27648 52.8809 36.3705 12.8668 2.75653 46.6386 87.0397 63.3793 101.806 102.977 95.6426 37.5503 64.9054 94.488 239.103 25.0932 4.93284 20.9157 27.7054 43.9719 35.1336 6.74964 0.000000000102047 28.5263
-66.6645 2.70864 9.82228 2.27648 52.8809 36.3705 2.86533 2.75653 53.6768 87.0397 63.3793 101.806 102.977 95.6426 37.5503 64.9054 94.488 239.103 24.3804 4.93284 20.9157 27.7054 43.9719 35.1336 6.74964 0.000000000102047 30.1475
-68.0885 3.90333 9.28928 2.27648 39.1844 36.3705 12.7498 16.9852 42.6192 87.0397 63.3793 100.307 102.977 95.6426 37.5503 57.9542 98.6819 239.103 10.9234 18.3874 20.4067 36.1864 62.3187 19.5351 49.2645 0.000000000102047 34.6517
-66.6915 13.4864 9.31248 2.27648 39.1844 39.1421 2.10218 18.6442 56.7996 61.2149 84.8775 100.307 96.5475 95.2246 41.6642 55.7714 98.6819 250.974 10.9234 5.84336 11.8122 36.1864 100.093 10.0537 59.5072 0.000000000102047 29.7958
-65.6897 13.4864 8.83802 2.27648 39.1844 39.7097 2.10218 18.6442 56.7996 61.2149 85.7869 102.003 90.3617 95.2246 41.6642 54.9022 98.6819 256.318 10.9234 5.8119 11.8122 23.5956 56.4962 12.4676 59.5072 0.000000000102047 28.7227
-66.48 13.1704 8.85125 2.75621 39.1844 39.7097 2.10218 18.6442 56.7996 60.3473 85.7869 104.442 90.3617 95.2246 43.3807 61.7497 98.6819 242.026 10.1436 7.81078 11.8122 16.6263 56.4962 25.8126 53.7208 0.000000000102047 28.8746
-66.5226 10.9697 8.85876 3.59812 37.6097 39.7097 3.88532 18.6442 56.7996 60.3473 55.49 113.987 90.3617 117.203 43.3807 61.7497 98.6819 242.026 10.1436 13.7855 10.1386 25.5557 35.4544 52.5362 61.1914 0.000000000102047 28.8756
-66.229 21.4288 8.62672 3.59812 26.4091 30.1578 6.51065 18.6442 66.667 60.3473 55.49 113.987 75.3109 128.061 43.3807 60.5963 98.6819 231.488 26.4866 12.2768 20.4761 12.6695 34.3973 42.8797 54.1953 0.000000000102047 26.7389
-66.229 21.4288 7.49034 3.59812 26.4091 27.1323 8.33402 18.6442 66.667 60.3473 55.49 113.987 75.3109 128.061 43.3807 61.1921 98.6819 222.028 33.5927 14.3787 2.95637 12.6695 28.2488 46.2955 84.3179 0.000000000102047 26.6574
-67.048 21.4288 7.59993 4.02804 26.4091 27.1323 8.75812 18.6442 66.667 60.3473 55.49 113.987 75.3109 128.061 43.3807 55.0785 103.874 221.435 30.7712 15.8949 2.95637 40.6002 15.2624 37.3305 13.5477 0.000000000102047 26.3497
-67.3669 22.3142 7.6104 4.02804 26.4091 29.7561 6.16042 18.6442 66.667 62.4622 55.49 113.987 75.3109 128.061 43.3807 44.9119 103.874 228.48 30.0291 16.059 2.95637 20.375 15.2624 28.926 13.5477 0.000000000102047 27.7741
-66.0353 22.3142 7.39208 4.02804 26.4091 29.6245 6.16042 15.6963 66.667 62.4622 60.7507 113.987 75.3109 128.061 43.3807 45.0111 113.969 221.322 27.0102 14.9784 1.91748 34.1312 15.1899 19.9255 13.5477 0.000000000102047 25.1476
-65.5555 22.3142 7.45251 4.02804 26.4091 31.2305 6.16042 15.6963 66.667 62.4622 60.7507 113.987 74.5279 128.061 43.3807 48.804 108.992 221.322 4.88637 14.8604 5.68403 34.1312 14.3664 17.8208 24.0182 0.000000000102047 30.2375
-64.2629 19.7834 5.7279 4.02804 26.4091 31.1705 6.36886 15.6963 66.667 64.3301 81.795 113.987 74.5279 109.565 43.3807 48.804 108.992 242.27 8.15656 14.7961 12.905 38.7859 39.4064 11.6422 21.9113 0.000000000102047 33.4312
-64.2629 18.21 5.61657 6.39696 26.4091 31.1705 7.10609 15.6963 66.667 62.0014 81.795 120.294 69.5173 109.565 43.3807 45.6148 111.568 234.983 8.15656 14.8142 3.18681 40.4358 23.2678 31.7102 30.9458 0.000000000102047 30.1076
-65.4175 18.866 4.80451 6.39696 26.4091 31.1836 6.50836 18.8863 66.667 62.0014 81.795 105.252 74.2348 109.565 54.1802 45.6148 111.568 229.046 33.3248 14.6738 3.18681 24.5043 23.2678 31.7102 30.9458 0.000000000102047 26.7528
-65.4175 18.866 4.80451 6.39696 26.4091 31.1836 7.92841 18.8863 66.667 62.0014 81.795 105.252 74.2348 109.565 37.9834 45.6148 111.568 229.046 33.3248 14.7504 3.18681 41.5459 10.0394 52.0139 30.9458 0.000000000102047 26.0169
-66.3146 18.866 4.80451 6.39696 26.4091 31.1836 7.92841 18.8863 66.667 63.8354 81.795 105.68 71.9068 109.565 37.9834 45.6148 111.568 229.046 33.3248 15.8312 3.18681 41.5459 16.2145 42.6733 30.9458 0.000000000102047 25.8585
-65.5274 18.1199 4.64036 6.39696 26.4091 31.1836 7.65351 18.8863 66.667 63.8354 81.795 104.238 71.9068 109.565 37.9834 47.5118 111.568 229.046 33.3248 16.7292 3.18681 41.5459 14.4976 7.68952 31.0805 0.000000000102047 26.3348
-65.7379 18.1199 4.39413 6.39696 26.4091 31.1836 8.82221 18.8863 66.667 63.8354 81.795 104.238 71.9068 109.565 37.9834 47.5118 111.568 229.046 33.3248 16.7292 3.18681 41.3092 14.4976 7.68952 31.0805 0.000000000478784 28.2828
-65.7379 18.1199 4.39413 6.39696 26.4091 31.1836 8.57655 18.8863 66.667 63.8354 81.795 104.238 71.9068 109.565 37.9834 47.5118 111.568 229.046 33.3248 16.766 3.18681 40.7032 14.4976 25.8593 31.0805 0.000000000478784 27.5267
-65.9891 19.4462 5.40836 6.39696 26.4091 31.1836 10.9048 18.8863 40.5344 92.1925 81.795 95.9393 71.9068 109.565 37.9834 47.5118 116.802 229.046 33.3248 17.0994 3.18681 24.9759 14.4976 21.745 31.0805 0.000000000478784 27.6315
-63.4663 12.4977 7.42624 10.2649 25.6051 31.1836 8.69225 18.8863 47.6413 93.0542 81.795 95.9393 71.9068 103.856 34.3953 59.1031 116.802 153.841 102.974 17.4208 3.18681 33.6079 14.4976 18.5887 41.9347 0.000000000478784 29.0122
-63.4663 10.9163 15.2842 11.1276 29.0935 21.9532 9.05456 18.8863 47.6413 93.0542 81.795 95.9393 71.9068 103.856 34.3953 57.8142 116.802 153.841 101.823 17.0008 3.18681 33.6079 101.31 18.5887 29.0309 0.000000000478784 30.7264
-62.4495 9.63186 15.2842 11.0758 28.9702 21.9532 10.7715 18.4217 47.6413 93.0542 86.627 92.8844 76.7957 104.799 34.3953 49.0746 116.802 153.841 110.789 16.6801 3.18681 22.8393 21.6094 103.776 185.879 0.0000000075628 37.738
-64.6758 10.7077 15.2842 13.2768 25.6389 21.9532 8.29261 23.7742 54.3688 93.0542 86.627 84.3406 73.0648 104.799 34.3953 48.4274 116.696 153.841 110.318 16.2441 5.1624 19.8496 24.3591 47.4309 155.527 0.00000000518152 35.415
-64.6758 10.7077 16.4104 16.6836 25.6389 20.6044 8.62365 23.7742 56.4758 93.0542 78.1472 79.7165 79.2462 104.799 34.3953 49.2171 116.696 153.841 110.318 17.7145 2.26764 19.8496 89.3862 47.4309 103.356 0.0000000069106 32.2192
-64.3855 10.7077 16.4104 16.6836 25.6389 20.6044 8.62365 23.7742 56.4758 93.0542 78.1472 79.7165 79.2462 104.799 34.3953 49.2171 116.696 153.841 110.318 17.7145 10.166 19.8496 89.3862 47.4309 103.356 0.0000000069106 32.3106
-64.0048 11.5952 16.4104 16.6836 24.1351 20.6044 8.62365 23.7742 56.4758 93.0542 78.1472 79.7165 79.2462 104.799 34.3953 52.7688 116.696 153.841 110.318 17.2283 6.52664 18.8993 5.56999 86.3349 103.356 0.000000149788 36.2596
-67.0573 11.3323 19.4535 14.8774 24.1351 20.6044 8.62365 23.7742 56.4758 93.0542 78.1472 79.7165 79.2462 104.799 34.3953 52.7736 116.696 153.841 110.318 17.2298 8.38053 12.5545 15.6428 16.0484 26.5647 0.000000048832 30.9476
-65.3872 11.3323 19.4535 15.2737 22.8205 20.6044 11.1541 23.7742 56.4758 93.0542 78.2034 84.0841 72.0393 101.954 34.3953 52.452 116.696 153.841 110.318 25.7928 8.45225 14.7775 59.6096 24.9787 47.0003 0.0000000253183 32.4583
-64.9766 11.3323 19.4535 11.6686 22.8205 23.6446 12.1056 19.2904 56.4758 93.0542 78.2034 84.0841 72.0393 101.954 34.3953 52.452 116.696 153.841 113.863 20.1693 14.7061 16.5496 59.6096 50.2255 47.0003 0.00000002754 33.6731
-65.7029 14.6585 17.5976 9.79291 21.9067 22.39 11.3156 19.2904 44.1377 128.288 78.2034 82.4704 66.9131 101.954 34.3953 51.8893 121.272 134.269 118.683 19.9227 8.28972 17.0034 36.8414 11.4207 47.0003 0.0000000372413 36.5176
-66.1905 15.4094 17.5976 8.66892 24.3689 22.39 10.1399 19.2904 40.468 128.288 63.2416 82.4704 66.9131 112.432 34.3953 50.0282 112.523 152.821 123.708 23.2527 6.22814 8.04949 76.7576 178.316 59.6343 0.000000399747 37.1348
-65.9238 13.583 17.5976 8.66892 24.3541 24.1072 10.1399 19.2904 37.4508 128.288 63.2416 88.7477 65.4068 112.432 34.3953 60.3584 112.523 159.211 95.983 21.2392 2.61871 25.7896 38.1486 96.3354 71.0978 0.0000000230619 33.5441
-65.9238 15.4956 17.9107 7.99287 24.3541 26.2874 8.96225 19.2904 37.4508 129.467 63.2416 88.7477 68.4964 112.432 19.3633 62.9765 112.523 159.866 92.9799 22.0867 6.13041 28.3118 30.6023 90.3428 146.646 0.0000000357002 37.6456
-65.6456 14.8065 17.9107 7.7644 24.3541 26.2874 9.00843 19.2904 37.4508 129.467 63.2416 88.7477 68.4964 112.432 19.3633 63.8425 112.523 159.866 92.9799 18.046 5.05563 28.6181 30.6023 70.622 146.646 0.0000000357002 36.0382
-66.3721 14.694 17.9107 7.19648 22.2257 26.2874 9.00843 19.2904 35.6358 129.467 63.0331 88.7477 68.4964 117.787 14.3457 81.5163 105.292 163.921 82.4879 7.64676 5.05563 28.6181 36.6462 39.6795 146.646 0.00000000854851 37.2388
-66.3259 14.694 17.5242 7.33238 20.0701 33.0566 4.45843 19.2904 40.6822 99.9839 65.0641 88.7477 68.4964 117.787 14.3457 105.099 105.292 172.468 84.4775 7.61565 5.65216 31.5293 7.19082 30.1618 95.5751 0.00000000854851 34.2959
-66.2736 14.694 17.5242 6.77311 20.1829 33.0566 4.45843 19.2904 40.6822 99.9839 65.0641 88.5097 68.4964 117.787 14.3457 106.29 105.292 175.51 82.6397 7.48016 12.2947 18.5812 34.0694 49.869 132.82 0.0000000192474 34.807
-66.3327 12.0723 11.2797 11.2652 19.7177 32.9842 9.48793 19.2904 37.9823 99.9839 65.0641 116.779 31.3193 133.748 2.4966 86.3978 128.998 175.51 81.7075 8.87313 18.8593 18.5812 46.5579 96.5537 118.473 0.0000000612416 36.0453
-66.1089 12.4706 15.6949 9.90971 19.504 32.9842 13.3286 19.2904 52.2141 96.0421 59.8922 115.802 31.3193 133.748 2.4966 86.986 110.008 174.103 81.3644 7.67575 7.83237 17.7698 20.4947 50.0933 32.8197 0.0000000585085 34.8525
-68.284 12.4706 15.6949 9.90971 19.4005 32.9842 14.5575 19.2904 52.2141 96.0421 59.8922 115.802 26.9895 133.748 2.4966 86.986 110.008 185.566 80.9406 7.67575 0.636135 17.7698 20.4947 11.9699 8.11665 0.0000000585085 34.4727
-67.5543 12.4706 15.6949 9.90971 20.1143 34.1056 14.5575 19.2904 52.2141 96.0421 59.8922 115.802 18.3692 133.748 2.4966 86.986 110.008 205.316 80.8844 5.99193 0.636135 16.3596 20.4947 22.5366 18.5996 0.0000000998319 37.2013
-69.0102 13.5195 15.6949 9.90971 20.3576 34.1056 13.5879 19.2904 52.2141 96.0421 59.8922 116.668 18.3692 133.748 2.4966 87.6353 115.518 200.272 80.8801 9.88044 5.49336 15.8348 43.5441 26.787 23.059 0.000000241131 37.9527
-69.0102 13.5195 16.28 7.80974 21.1832 34.1056 13.5879 19.2904 52.2141 96.0421 59.8922 116.668 18.3692 133.748 2.4966 87.6353 115.518 199.294 81.358 10.7076 9.61605 15.8348 41.914 26.787 26.7309 0.000000342735 36.8355
-63.8286 13.949 16.28 7.80974 20.2668 34.1056 13.5879 19.2904 52.2141 96.0421 59.8922 114.014 25.9102 133.748 2.4966 79.5638 115.518 199.344 80.5036 7.69255 8.16001 17.6667 41.914 20.3266 36.7958 0.000000454669 35.7896
-69.5484 13.949 25.6751 7.67471 20.3287 34.1056 15.6793 8.66289 52.2141 96.0421 59.8922 114.014 25.9102 133.748 2.4966 79.5638 115.518 199.344 81.9159 4.74022 10.0726 23.5908 41.914 22.8795 41.1632 0.0000017264 40.5038
-66.5481 12.5323 25.6751 7.84211 25.2287 34.1056 12.744 8.66289 52.2141 95.3169 59.8922 114.014 25.9102 137.432 2.4966 79.5638 115.518 199.344 81.4858 0.454685 10.5836 20.4535 32.5058 34.4243 60.8008 0.00000332573 41.3231
-66.681 12.5323 25.6751 5.01435 25.2287 34.1056 14.8559 8.66289 52.2141 95.3169 59.8922 103.205 25.9102 137.432 2.4966 90.6277 115.518 199.344 80.4302 19.1061 10.6166 4.96666 35.3726 43.6693 2.02827 0.00000332573 39.3891
-66.7016 12.5323 25.6751 5.78562 25.2287 34.1056 14.8559 8.66289 52.2141 95.3169 59.8922 103.205 25.9102 137.432 2.4966 90.6277 115.518 199.344 80.4302 17.9565 10.6166 4.93613 59.2615 65.0291 13.3703 0.00000332573 39.7525
-66.5217 12.5323 25.6751 5.77405 25.2287 34.1056 14.2307 8.66289 52.2141 95.3169 59.8922 103.095 25.9102 137.432 2.4966 90.6277 115.518 199.344 80.4302 17.9565 13.06 4.93613 69.2359 17.831 13.3703 0.00000332573 39.5212
-65.9346 12.5323 25.6751 5.77405 25.2287 34.1056 14.2307 8.66289 52.2141 95.3169 59.8922 103.095 25.9102 137.432 2.4966 90.6277 115.518 195.104 80.9702 20.7236 11.1659 1.0575 66.2789 63.6756 13.3703 0.00000411494 40.6305
-66.8936 11.9889 25.6751 5.69244 25.2287 34.1056 14.2307 8.66289 52.2141 95.3169 59.8922 104.764 25.9102 137.432 2.4966 90.6277 115.518 195.104 79.7663 20.7236 11.1659 1.0575 60.6659 112.774 10.7947 0.00000327138 39.8673
-65.4363 11.9889 25.6751 5.76506 25.2287 34.1056 14.5706 8.66289 51.8912 95.3169 59.8922 117.443 21.8699 137.432 2.4966 81.1267 115.518 196.373 82.4237 22.2365 6.4859 7.98057 44.0315 112.774 13.6543 0.00000327138 38.7016
-65.7765 11.9889 25.6751 5.76506 25.2287 34.1056 14.5706 8.66289 51.8912 95.3169 59.8922 117.443 21.8699 137.432 2.4966 81.1267 115.518 194.378 80.453 22.2365 1.89926 7.98057 105.599 73.3042 41.4633 0.00000327138 39.6667
-65.7765 11.9889 10.3833 3.48674 25.2287 39.6047 14.5706 18.1618 51.8912 100.635 59.8922 117.443 21.8699 137.432 5.65609 81.7561 115.518 192.871 73.7178 22.2365 2.46775 6.87938 81.8946 85.288 56.6854 0.00000327138 41.3748
-65.2731 11.9889 10.3833 3.56982 25.2287 38.1443 14.5706 18.1618 51.8912 100.635 59.8922 117.443 19.8709 137.432 5.65609 87.0178 115.518 195.684 73.7178 22.2365 2.46775 11.1321 77.6786 45.1554 55.7582 0.00000233246 37.5883
-64.5271 11.9889 11.7359 3.56982 25.2287 37.4467 14.5706 18.925 51.8912 100.635 59.8922 128.594 19.8709 137.432 5.65609 85.9403 103.54 193.882 75.2319 21.5194 2.52045 14.186 84.0599 98.1165 36.0234 0.00000201523 39.4121
-63.9833 11.9889 13.1249 3.56982 25.2287 33.4287 14.5706 21.2516 52.1023 100.635 53.855 128.594 19.8709 137.432 5.65609 85.9403 103.54 193.882 78.9778 9.2375 4.24221 13.1722 24.4941 103.171 58.535 0.00000101808 38.9179
-67.2624 11.9889 13.1249 3.054 25.2287 33.4287 14.5706 21.2516 52.1023 100.635 53.855 137.5 19.8709 137.432 5.65609 84.4061 103.54 198.862 78.9778 4.39027 3.63665 21.9228 24.4941 101.903 68.7507 0.00000101808 40.7656
-64.3847 11.9889 15.1946 8.32823 25.2409 30.8648 14.0153 13.6604 53.3725 100.635 46.9019 137.5 19.8709 137.432 5.65609 84.4061 103.54 200.018 78.9778 3.23379 11.7851 21.9228 30.4383 140.09 105.822 0.000000513631 39.0199
-63.4958 11.7994 15.4299 7.59646 25.2409 26.61 15.3858 21.8143 44.9066 102.32 46.9019 148.462 18.1735 125.777 5.65609 85.7702 103.54 195.315 81.3129 3.23379 7.2756 20.1167 34.7633 102.985 164.366 0.000000263583 43.2187
-68.7718 11.7994 16.9394 6.30008 23.5588 30.1671 10.2798 28.6553 28.7902 102.32 51.6935 148.462 18.1735 124.621 5.65609 83.6963 117.871 182.246 94.1695 8.18442 6.02651 19.1636 35.8478 73.0512 117.234 0.000000255441 38.0193
-66.7269 10.7048 16.1328 6.30008 27.889 26.5809 14.5485 16.0765 33.263 111.967 58.8638 149.473 18.1735 124.621 5.65609 84.44 117.871 167.894 102.239 1.12642 4.97139 26.4487 35.7437 66.5605 147.028 0.000000213424 37.1042
-65.7403 10.7048 16.1328 7.51227 27.889 26.1396 14.5485 16.0765 33.263 111.967 58.8638 135.449 18.1735 124.621 5.65609 86.0512 117.871 169.702 107.664 1.12642 4.97139 26.4487 33.4513 65.0226 155.56 0.000000441403 37.7443
-65.7403 10.7048 16.1328 6.98391 27.889 26.1396 14.5485 16.0765 33.263 111.967 58.8638 135.449 18.1735 130.004 5.65609 84.0953 117.871 169.702 103.201 3.54045 0.900725 37.4313 32.6755 57.5531 195.023 0.000000441403 39.2814
-65.7602 10.7048 16.1328 6.98391 27.128 26.1396 14.5485 11.6126 33.263 111.967 58.8638 135.449 18.1735 130.004 5.65609 92.4093 117.871 155.769 105.629 3.54045 0.900725 23.2698 22.1035 57.5531 131.422 0.000000441403 37.7363
-65.6331 10.7048 13.8054 5.75957 27.128 31.383 16.4556 14.182 29.1056 111.967 64.0273 129.295 18.1735 130.004 5.56137 95.1814 117.871 159.256 105.275 2.1096 0.900725 43.1167 16.0108 57.1599 236.904 0.000000582594 41.418
-65.7932 10.7048 15.4845 5.75957 27.128 29.0306 20.2113 14.182 30.6765 111.967 64.0273 129.295 18.1735 130.004 5.56137 92.4712 117.871 159.256 103.961 5.56255 0.900725 26.6055 15.4357 55.5329 110.688 0.000000493278 37.7954
-66.2406 10.7048 26.0516 7.25167 20.4672 23.9156 14.4575 14.182 30.6765 116.809 44.8654 144.658 18.1735 146.023 1.66977 74.7219 117.871 162.869 103.961 1.21569 4.21355 19.1535 16.3339 37.2071 1.14086 0.000000896319 37.3098
-66.2406 10.7048 17.7167 7.25167 20.4672 24.0276 20.5594 18.3528 30.6765 116.809 50.574 144.658 18.1735 146.023 1.66977 74.7219 117.871 165.652 104.146 9.56165 4.21355 21.8897 16.9214 49.7811 19.8694 0.000000824926 39.1184
-65.1729 10.7048 14.8204 7.51794 22.442 24.0858 6.99019 13.0442 48.4922 110.01 51.2284 144.658 18.1735 145.093 1.66977 74.7219 117.871 216.952 50.4639 8.8579 7.76336 31.4121 11.4855 39.0287 52.4947 0.000000182369 38.211
-65.432 10.7048 15.2675 7.30891 22.442 24.3974 5.29657 12.0064 51.6778 110.01 56.5592 144.658 18.1735 145.093 1.66977 63.7509 117.871 216.952 50.4639 8.8579 6.55619 32.7279 7.53363 65.2053 10.4908 0.0000000623922 38.1587
-65.4483 15.3807 16.5596 8.90548 27.4408 23.5168 2.89707 5.84568 52.0672 108.245 47.4861 138.885 18.1735 145.093 1.66977 63.7509 142.149 204.582 49.6219 7.19807 12.9383 25.7338 87.2685 20.3364 10.7733 0.0000000653392 36.725
-64.5457 15.3807 19.6524 9.77837 21.1872 23.6092 2.89707 9.20235 49.9446 108.245 52.3712 138.885 18.1735 147.848 1.66977 63.7509 142.149 210.722 49.6219 8.38232 0.315307 25.7338 63.8125 17.9365 37.7226 0.0000000113296 35.0443
-65.6597 15.3807 18.5691 13.7023 24.1904 25.0673 0.273405 9.20235 41.9089 108.245 52.5308 152.226 8.34167 142.198 1.66977 63.7509 142.149 210.722 49.6219 9.74282 0.315307 36.4422 5.93048 73.945 3.49689 0.0000000152277 37.7906
-66.945 9.27236 11.2971 13.7023 24.1904 21.4922 0.273405 27.4552 41.1409 108.245 52.5308 152.226 8.34167 144.16 1.66977 63.7509 142.149 210.722 49.6219 6.31771 12.3549 25.8381 9.80898 15.3786 19.5479 0.0000000152277 35.0457
-66.7376 9.27236 11.2971 13.799 24.1904 21.4919 0.273405 27.4552 42.0623 108.245 69.3161 152.226 8.34167 144.16 1.66977 34.4229 142.149 210.722 42.6324 6.96728 18.3091 36.6285 34.6397 17.4887 40.1226 0.0000000141531 39.827
-66.6827 9.27236 13.9387 13.4357 42.4228 22.0533 3.77694 23.5322 41.299 81.0585 83.2844 141.108 8.34167 144.16 1.66977 46.466 142.149 210.722 42.6324 6.65131 21.6217 29.9936 33.0491 17.4887 77.5424 0.000000278976 39.8354
-65.4108 9.27236 13.9509 7.96498 42.4228 21.3606 3.77694 35.0984 29.0285 79.5134 78.5271 145.074 8.34167 144.16 1.66977 60.2561 138.078 221.864 40.0991 6.53602 18.1895 25.0239 29.1929 43.828 117.077 0.0000000999027 40.1828
-65.3838 0.802772 12.9546 7.89025 49.2641 29.9031 6.6321 31.6977 24.1244 76.8957 78.5271 136.905 8.34167 145.469 1.66977 58.9019 138.078 221.864 40.0991 8.48796 18.1895 23.8113 33.1041 9.42824 74.6164 0.0000000579069 37.217
-65.1926 1.60421 16.7056 1.22795 52.4631 27.3716 7.70929 31.6977 32.188 76.8957 81.1177 136.203 8.34167 145.469 1.66977 57.6957 138.078 217.979 47.5691 3.64343 31.923 5.08598 36.6554 11.9536 113.295 0.0000000492616 37.1249
-65.0506 1.60421 18.0093 1.22795 52.4631 3.20529 22.7266 29.8665 32.188 82.1418 81.1177 136.203 8.34167 145.469 1.66977 60.5562 138.078 210.418 47.5691 4.71882 19.2104 5.08598 36.1311 11.9536 45.3493 0.000000043396 38.6427
-65.1774 1.60421 21.0982 1.22795 52.4631 8.47325 20.1572 29.8665 32.188 82.196 82.1185 135.607 8.34167 145.469 1.66977 60.652 138.078 210.418 40.2928 4.71882 13.0893 37.966 39.8926 73.8947 45.3493 0.000000043396 35.0055
-65.0617 1.60421 21.0982 2.18017 52.4631 8.47325 19.6443 28.6796 32.188 82.196 82.1185 135.607 8.34167 140.514 1.66977 60.652 138.078 207.27 55.2694 4.71882 17.9063 27.3527 32.9144 62.7329 30.3675 0.0000000201461 33.3886
-65.1527 1.60421 21.0982 1.66138 52.4631 8.47325 22.1658 29.476 32.188 82.196 82.1185 135.607 8.34167 140.514 1.66977 60.652 129.006 207.438 55.2694 4.71882 34.4428 21.5884 30.9312 62.7329 38.8239 0.000000017732 37.0908
-65.193 1.60421 21.0885 1.66138 52.4631 8.47325 22.1658 28.022 32.188 82.196 82.1185 135.607 8.00043 145.643 1.66977 62.8467 129.006 202.79 55.2694 4.71882 25.5557 21.5884 34.8528 59.9055 15.255 0.0000000289997 33.4948
-64.9091 1.60421 20.6064 1.66138 52.4631 8.47325 22.1658 28.68 31.0574 83.8363 82.1185 137.468 8.00043 145.643 1.66977 59.5825 129.006 202.79 56.9296 3.73261 22.6702 26.2329 22.9644 45.4373 78.704 0.0000000289997 35.0312
-65.3771 5.41455 18.7537 1.66138 52.4631 13.3848 23.4407 28.68 31.0574 87.1045 82.1185 141.397 1.46093 145.643 1.66977 58.9512 126.598 202.79 56.9296 19.0964 1.90766 1.95174 27.8575 53.6039 60.2494 0.00000000493444 41.363
-65.0533 6.67429 26.7887 7.28753 43.1076 13.3848 21.631 31.8502 31.0574 81.3044 47.5312 176.38 1.46093 127.413 4.2255 74.5234 120.66 218.689 56.9296 24.8234 4.53439 1.50223 27.2025 75.0949 138.1 0.00000000934506 39.65
-66.8993 4.88894 27.5826 7.28753 43.1076 13.493 26.4955 38.028 27.5032 81.3044 47.5312 165.354 1.46093 123.191 4.2255 78.6324 120.66 211.097 56.9296 23.9744 4.96432 1.50223 29.5723 64.5624 57.9943 0.0000000205858 37.3507
-67.0485 5.43307 27.5826 7.72311 43.1076 14.5965 26.4955 38.028 11.6487 100.614 64.9021 161.709 1.01168 121.03 4.2255 96.8157 91.6924 211.097 59.9562 23.9744 4.96432 1.50223 30.2579 61.0958 88.9169 0.0000000116715 35.5573
-67.0485 10.8596 27.5826 7.72311 26.4491 14.5965 26.4955 38.028 21.5674 100.614 64.9021 161.709 1.01168 116.072 4.2255 96.8157 99.4861 204.225 59.9562 11.1579 2.08691 1.50223 26.7536 19.3415 123.837 0.0000000133757 34.6865
-66.1548 13.1529 27.5826 7.72311 26.4491 14.5965 26.4955 34.6516 21.5674 100.614 64.9021 161.709 1.01168 116.072 4.2255 96.8157 99.4861 204.225 59.9562 11.1579 2.70228 1.50223 10.7243 11.6787 123.837 0.0000000133757 36.0671
-66.1548 13.1529 30.9823 6.36209 23.9855 14.5965 26.4955 37.0723 21.5674 99.9579 64.9021 161.709 1.01168 119.519 4.2255 92.7503 99.4861 204.225 61.2666 8.0247 30.7897 1.50223 10.7243 21.2889 123.837 0.0000000307651 34.7348
-65.6603 13.0746 19.0604 8.04819 23.9855 14.5965 26.4955 32.2932 21.5674 99.9579 64.9021 161.709 1.01168 126.408 4.2255 92.7503 104.641 208.843 61.2666 5.51182 30.7897 1.50223 23.4833 21.2889 123.837 0.00000001318 36.7986
-65.707 13.0746 19.7187 11.7337 23.9855 14.5965 26.4955 26.877 21.5674 99.9579 64.9021 161.709 1.01168 126.408 4.2255 98.7811 104.641 208.843 61.2666 10.4674 2.59383 15.0896 31.2232 36.4636 15.1639 0.0000000118974 31.9536
-65.804 12.5967 19.7187 11.7337 25.8598 14.5965 27.026 26.877 21.5674 95.6108 64.9021 161.709 1.01168 126.408 4.2255 98.7811 104.641 208.843 61.2666 1.90233 2.59383 20.122 39.1432 0.820631 15.1639 0.0000000187214 33.1926
-65.7766 12.5967 21.9728 11.7337 25.8598 14.5965 26.5567 26.877 21.5674 95.6108 55.8595 161.709 1.01168 126.408 4.2255 98.7811 104.641 208.843 53.2815 0.309097 16.4244 43.0818 9.19986 0.820631 9.23933 0.0000000223028 34.5122
-65.987 12.5967 21.9728 11.7337 24.0644 14.5965 26.5567 28.1869 21.5674 89.6513 55.8595 161.709 1.01168 131.795 4.2255 98.7811 104.641 208.843 53.2815 6.71607 17.6419 34.796 10.8098 0.820631 9.23933 0.0000000223028 33.4815
-65.987 12.5967 23.0019 11.7337 24.0644 14.7863 26.7344 28.1869 21.5674 89.6513 55.8595 161.709 1.01168 131.795 4.2255 98.7811 104.641 208.843 53.2815 7.13676 17.6419 31.8532 9.42832 12.4303 9.23933 0.0000000223028 31.7783
-65.987 15.3304 21.1863 11.7337 18.1835 20.0204 26.7344 28.1869 21.5674 89.6513 55.8595 161.709 1.01168 131.795 4.2255 107.995 104.641 208.843 53.1476 4.85454 24.1976 15.2085 54.8951 12.4303 9.23933 0.0000000272871 32.7668
-65.7741 15.3304 21.2572 9.98608 17.8797 20.0204 26.7344 31.5157 21.5674 89.6513 55.8595 161.709 2.19381 133.211 4.2255 107.995 100.925 208.843 44.7722 4.10578 24.1976 23.2815 54.8951 31.9792 2.94515 0.0000000569847 33.8574
-66.698 13.612 21.8717 11.4069 20.6682 20.0204 23.8798 31.5157 21.5674 89.6605 55.8595 161.709 2.19381 129.103 4.2255 107.995 103.21 208.843 44.7722 1.89478 24.1976 23.2815 76.5261 31.9792 4.60919 0.0000000569847 34.1588
-66.4053 13.612 21.8717 11.4069 20.6682 20.0204 23.8798 31.5157 21.5674 89.6605 55.137 161.709 2.19381 129.103 4.2255 107.995 103.21 208.843 44.7722 8.2992 9.38841 23.2815 72.8877 31.9792 4.60919 0.0000000973726 34.0498
-66.3794 15.8236 20.6426 11.4069 20.6568 22.088 18.8251 31.5157 21.5674 89.6605 68.1983 161.709 2.19381 127.66 4.2255 109.267 93.8664 208.843 44.7722 8.38203 12.5889 30.0138 38.5953 34.2962 4.02549 0.0000000559394 32.3345
-65.7176 15.7243 19.7004 11.4069 20.6568 22.088 18.8251 31.5157 21.5674 89.6605 68.1983 161.709 2.19381 127.66 4.2255 109.267 93.8664 207.55 44.7722 6.12615 19.8445 15.784 32.0747 4.16726 0.171905 0.0000000658173 34.3502
-65.7176 17.2625 22.4197 10.1912 21.2685 22.088 18.8251 29.7299 21.5674 89.6605 68.1983 161.709 2.19381 127.66 4.2255 98.2862 93.8664 207.55 70.2174 4.69658 13.5438 4.18728 12.2228 4.16726 1.70451 0.0000000720652 35.0041
-65.814 13.6806 25.835 15.2265 18.2476 18.6581 21.0092 29.8723 21.5674 89.6605 45.565 161.709 2.19381 146.866 38.4589 62.3332 93.8664 207.55 70.2174 11.2378 17.3699 15.4015 24.8141 29.5303 6.1326 0.0000000235717 33.397
-65.313 11.1242 26.233 14.6722 18.9011 18.3874 21.2252 28.3312 26.3514 89.6605 47.874 161.709 2.19381 155.073 22.6061 71.2026 93.8664 200.235 69.8507 14.2572 14.751 10.4743 29.9388 36.8346 8.86862 0.0000000260125 29.8189
-66.3827 10.2835 26.7292 15.0375 18.8833 18.5036 21.2252 27.9496 26.3514 89.6605 47.874 161.709 2.19381 155.073 22.6061 71.2026 93.8664 200.235 69.8507 12.7284 11.2527 10.4743 39.8261 23.8453 7.49116 0.0000000132102 30.8098
-63.9338 10.2835 26.6152 14.7316 19.6691 18.5036 21.2252 27.9496 22.2936 92.6453 48.5147 161.709 2.19381 155.073 22.6061 71.2026 93.8664 193.708 69.8507 14.9821 11.9039 18.6493 47.3332 9.75631 11.3593 0.00000000759289 30.9851
-66.5935 11.5171 23.7391 14.642 19.1397 16.2319 32.8155 23.2517 17.7011 92.6453 48.5147 139.018 2.19381 155.073 53.3872 71.2026 89.3516 193.708 69.5431 13.1751 11.2772 4.26607 77.6146 26.2818 10.3111 0.00000000841268 31.257
-67.4486 15.0954 23.4806 11.6781 16.8961 17.4592 32.8155 22.8924 17.7011 92.6453 48.5147 140.243 3.31704 155.073 53.3872 71.2026 89.3516 188.455 85.5702 18.616 12.3077 7.84972 77.6146 25.447 10.5039 0.00000000883797 31.1648
-65.6515 20.9456 22.4739 11.6781 20.3053 13.0997 32.8155 23.7996 17.7011 92.6453 53.483 140.243 3.31704 155.073 53.3872 71.2026 89.3516 180.13 85.5702 9.26614 11.3667 9.12013 31.7512 31.7565 23.738 0.00000000719393 27.9575
-65.6515 20.9456 22.0001 13.0893 20.3053 7.54272 31.703 23.7631 17.7011 92.6453 53.483 140.243 3.31704 154.679 53.3872 63.8055 89.3516 196.13 84.9737 18.3477 2.0329 11.9785 29.9557 27.2792 21.4698 0.00000000854939 29.8503
-64.2792 24.7291 23.5046 10.1952 20.33 7.54272 31.703 24.8956 17.4512 92.6453 53.483 140.243 3.31704 156.505 53.3872 63.8055 89.3516 175.888 73.6375 16.8217 2.0329 22.5648 35.628 18.7341 20.4542 0.00000000552948 34.285
-64.2792 24.7291 18.2975 16.2005 17.0583 13.3557 28.8767 27.5451 17.4512 92.6453 53.483 140.243 3.31704 156.505 53.3872 63.8055 89.3516 175.888 73.6375 17.083 17.3715 27.7934 82.7194 18.7341 12.1799 0.00000000601138 34.1279
-65.7315 20.1895 17.7364 16.1673 15.6375 13.3557 28.8767 27.5451 33.8974 92.6453 45.92 140.243 3.31704 156.505 18.9146 102.167 89.3516 175.888 73.2081 5.32326 9.17556 27.7934 42.5339 32.4763 23.3871 0.00000000179788 33.3105
-66.7593 21.8096 21.3482 15.3464 17.463 11.0762 38.0007 21.8196 32.6753 92.6453 45.92 140.243 3.31704 156.505 13.1759 106.12 81.2423 175.888 90.723 14.5457 12.9387 2.43658 114.337 76.9761 22.1845 0.00000000179788 31.9471
-65.922 28.4395 20.693 15.2714 17.7326 11.0762 38.0007 18.7679 32.6753 88.8458 46.6732 143.365 3.31704 156.505 13.1759 106.12 75.5098 183.864 90.723 12.3155 12.9387 4.55284 18.4539 57.7097 21.5802 0.00000000179788 31.4315
-65.9006 28.4395 19.939 15.0919 17.7326 11.0762 36.3185 18.7679 32.6753 88.8458 46.6732 143.365 3.31704 160.417 13.1759 106.12 75.5098 183.864 84.1583 7.91979 4.11295 1.84864 12.6548 32.1586 28.5662 0.00000000179788 30.9984
-65.9006 28.4395 19.9705 15.8325 17.7326 11.0762 36.3185 18.1904 32.6753 88.8458 46.6732 143.365 3.31704 160.417 13.1759 97.6418 75.5098 183.864 84.1583 7.2715 3.16607 4.14933 81.3431 23.0999 40.141 0.00000000123701 32.9909
-65.7859 13.8167 12.7291 17.5049 19.0251 24.1019 40.0044 18.1904 32.6753 87.0723 46.6732 143.365 3.31704 160.417 13.1759 102.862 75.5098 190.337 84.1583 7.2715 5.56295 4.54873 83.5577 23.0999 214.233 0.00000000349744 37.4919
-65.3625 14.5951 12.7291 17.5959 19.0251 24.1019 40.9298 18.8073 32.6753 87.0723 42.8359 143.365 3.31704 160.417 13.1759 102.862 75.5098 174.818 94.1266 7.50514 5.56295 9.0415 78.7796 46.4091 214.233 0.00000000349744 36.7214
-65.3625 15.9915 12.7291 20.185 19.0251 21.6472 40.9298 18.0355 32.6753 87.0723 40.3909 143.365 3.31704 167.541 13.1759 109.144 75.5098 196.308 74.8021 7.50514 4.98389 9.08445 56.3291 46.4091 193.462 0.00000000563023 36.9726
-65.3625 18.9349 12.7291 20.185 22.7303 14.2307 40.9298 18.0355 33.5785 87.0723 40.3909 143.365 3.31704 167.541 13.1759 113.764 74.7861 174.572 74.8021 7.50514 6.196 9.08445 36.8127 46.4091 116.557 0.00000000563023 34.6802
-65.7823 11.8314 14.973 20.185 27.9456 14.2307 40.9298 17.5248 33.5785 87.0723 39.2636 143.365 3.31704 167.541 13.1759 113.764 74.7861 174.572 74.8021 3.09726 6.196 8.49841 36.8127 23.7285 157.438 0.00000000837613 35.0067
-65.4585 10.5673 15.9684 20.185 26.1956 14.2307 35.0418 17.3722 33.5785 87.0723 40.1584 143.365 3.31704 167.541 13.1759 109.124 74.7861 174.572 105.293 8.27773 11.2225 10.0847 38.771 22.1662 156.35 0.000000015451 36.8573
-65.4585 8.58173 16.2611 21.816 26.1956 14.2307 42.5577 17.8244 33.5785 84.4378 32.4809 143.365 3.31704 167.541 13.1759 109.124 74.7861 174.572 104.195 8.69348 14.0603 9.86489 49.4416 34.2269 81.9679 0.000000015451 32.7611
-65.4585 11.3583 9.2082 21.816 26.1956 14.2307 42.5577 17.1106 33.5785 84.4378 16.7437 167.632 3.31704 167.541 13.1759 106.643 69.0391 179.807 112.394 9.22355 11.5176 4.63334 87.4698 24.3549 75.6071 0.00000000940142 38.5931
-65.9285 13.4434 16.1266 22.7496 29.4173 14.2307 42.5577 18.2273 7.10806 94.4372 10.1617 113.626 64.5895 167.541 13.1759 118.017 68.3462 170.253 112.394 9.50898 10.985 4.63334 41.7636 26.7014 94.68 0.0000000108711 35.4941
-65.2993 13.6138 8.12728 22.7338 29.4173 29.9631 30.1635 19.7574 4.29731 90.3508 10.1617 113.626 62.9628 174.461 13.1759 118.017 68.3462 169.332 112.394 1.06144 13.9951 21.2688 24.8433 20.6748 16.3375 0.0000000226485 33.6413
-65.7414 17.1589 3.15083 22.7338 29.4173 29.9631 31.3796 19.7574 4.29731 90.3508 10.1617 135.531 69.4387 149.012 19.8835 118.847 66.7561 157.834 112.394 1.06144 14.7962 21.2688 25.6456 41.6677 5.37099 0.0000000267217 32.623
-64.66 17.1589 3.15083 22.7338 29.4173 29.9631 31.3796 19.3459 4.29731 90.3508 3.12774 135.531 69.4387 149.012 19.8835 118.847 73.431 157.834 112.394 1.06144 15.9982 22.5797 25.6456 35.0224 70.3273 0.0000000346059 35.1427
-67.4687 17.0355 3.15083 22.7338 29.4173 21.4768 62.0115 19.6824 4.29731 63.7653 2.66583 135.531 69.4387 149.012 19.8835 115.467 73.431 157.834 112.394 3.42794 11.455 22.5797 47.4233 30.8785 116.884 0.0000000493842 38.8127
-67.4687 21.0358 3.15083 18.0039 24.6577 23.7119 62.2641 19.4709 4.29731 63.7653 2.66583 135.531 69.4387 149.012 19.8835 129.446 72.1896 157.834 112.394 3.42794 11.653 22.9137 67.301 37.6706 93.5372 0.0000000493842 37.5271
-65.3706 18.405 3.15083 14.0907 26.434 25.4283 62.2641 20.4133 4.29731 63.7653 2.66583 138.137 69.4387 153.023 19.8835 129.446 71.8413 146.854 112.394 3.42794 11.2098 22.9137 59.9426 53.6062 93.5372 0.0000000209764 36.1464
-65.3913 18.405 2.14132 16.1029 28.6141 25.4283 62.2641 17.5521 4.29731 63.7653 2.66583 136.679 69.4387 153.023 19.8835 129.446 71.8413 146.854 112.394 3.42794 11.7069 22.9137 30.0732 4.83527 94.3298 0.0000000477789 34.6037
-66.4855 15.188 2.14132 16.1029 28.6141 25.4283 62.2641 17.0792 4.29731 63.7653 2.66583 140.024 69.4387 153.023 19.8835 129.446 71.8413 146.854 112.394 11.4005 21.4225 9.84947 34.2231 4.83527 62.9291 0.0000000204995 34.0108
-66.7768 14.9351 2.14132 16.5716 28.6141 27.9776 62.2641 12.7901 10.0762 63.7653 2.66583 140.024 69.4387 153.023 19.8835 126.319 70.7124 150.636 112.394 15.0589 17.9241 9.84947 41.1318 114.525 62.9291 0.0000000148947 34.7836
-61.9871 16.3366 2.14132 15.4543 28.6141 27.9776 62.2641 12.7901 10.0762 63.7653 8.50142 140.024 69.4387 153.023 19.8835 126.319 69.2424 150.636 112.394 19.7902 4.58846 7.88915 39.1822 135.562 42.5553 0.0000000138817 40.1112
-61.957 20.7614 3.56898 17.4428 28.6141 29.219 52.4246 12.7901 10.0762 70.81 9.18904 135.125 80.1861 148.449 20.0092 89.5984 84.4294 150.636 112.394 14.8862 10.6589 7.88915 46.8688 135.562 42.5553 0.00000000757967 37.9911
-67.2819 13.2106 5.93698 16.1055 35.8867 28.8077 52.4246 12.1935 10.0762 70.81 9.18904 135.125 80.1861 148.449 20.0092 89.5984 84.4294 150.636 112.394 26.7683 9.15951 7.88915 35.8965 67.3349 31.0809 0.0000000138987 34.2068
-66.2086 17.4956 5.93698 11.0534 35.8867 27.9001 52.4947 12.1935 10.0762 70.81 8.43472 135.125 80.1861 148.449 20.0092 89.5984 88.0126 150.636 112.394 26.7683 9.15951 7.88915 35.8965 9.99655 54.8019 0.0000000138987 33.1951
-66.2619 17.4956 4.18135 9.27511 40.99 28.264 52.4947 12.1935 10.0762 70.81 8.43472 138.918 80.1861 148.449 19.0958 79.9946 88.0126 150.636 112.394 26.7683 9.09054 7.88915 35.8924 26.0984 55.0058 0.0000000170529 33.8767
-66.2619 17.4956 7.92998 9.27511 40.99 23.8378 52.4947 12.1935 10.0762 70.81 8.43472 139.427 80.1861 148.449 19.0958 84.4916 91.5689 150.636 112.394 26.7683 7.08781 7.88915 36.3831 26.0984 32.3459 0.0000000105787 30.3278
-66.4671 17.4956 7.92998 9.27511 40.99 23.2239 52.4947 12.1935 10.0762 70.81 7.62667 139.427 80.1861 148.449 19.0958 84.4916 92.0823 150.636 112.394 26.7683 6.16876 7.88915 36.3831 32.3008 23.6454 0.0000000105787 29.7356
-66.6804 10.7906 5.16211 5.81417 40.99 26.5966 52.4947 11.7887 10.5281 70.81 7.62667 139.427 80.1861 148.449 19.0958 81.7192 92.0823 159.136 112.394 31.7551 6.16876 7.88915 28.5413 95.0568 6.41681 0.0000000156619 39.1719
-64.3577 5.77396 5.16211 6.1505 45.1153 24.4866 56.3483 9.4105 21.8978 70.81 4.69741 139.888 80.1861 148.449 19.0958 89.1407 92.0823 128.45 146.279 18.0823 4.41877 7.33499 23.0698 100.97 6.41681 0.00000000823992 33.4488
-66.0882 5.77396 5.16211 6.1505 45.1153 22.7018 54.3266 9.4105 22.5788 70.81 4.69741 139.888 80.1861 148.449 19.0958 89.1407 92.0823 119.325 146.279 26.1375 8.62836 5.13055 64.0725 84.226 12.1877 0.0000000289548 33.7618
-65.3996 5.77396 5.16211 6.1505 45.1153 22.7018 54.3266 9.4105 22.5788 70.81 4.69741 139.888 80.1861 148.449 19.0958 89.1407 92.0823 119.325 146.279 26.1375 8.62836 5.85735 64.0725 125.512 12.1877 0.0000000306757 34.8517
-64.1695 5.34 5.16211 13.9668 45.1153 16.09 54.3266 8.70757 26.7595 70.4381 4.69741 139.888 80.1861 148.449 36.8699 89.1407 76.3711 119.325 146.279 13.1197 6.4932 5.85735 99.5947 92.0673 13.0885 0.0000000139864 35.6386
-64.1357 5.55452 5.16211 14.1419 45.1153 12.0806 47.9117 27.3491 26.1777 66.4723 4.69741 139.888 85.6553 148.449 36.8699 90.3803 65.5171 119.325 146.279 14.2034 6.42967 3.56456 58.1178 92.0673 13.0885 0.0000000044525 38.8576
-64.1357 2.99076 6.18903 8.95163 65.8987 12.0806 41.2589 21.355 22.5862 62.5171 4.69741 137.594 85.6553 148.449 40.6416 88.8654 65.5171 119.325 146.279 19.3253 7.78765 16.2374 73.2066 53.9192 3.58559 0.0000000044525 33.2699
-63.793 4.34571 6.18903 3.46695 65.8987 19.6773 26.7191 13.9495 36.9933 62.5171 12.72 137.594 85.6553 127.313 25.3647 88.8654 91.21 162.226 108.573 25.6775 8.39082 16.2374 77.7684 126.159 2.1206 0.00000000844774 39.0419
-64.1619 3.11409 4.49155 1.6031 61.8236 18.8698 22.6175 13.9495 46.9582 65.3746 12.72 136.067 85.6553 127.313 25.3647 103.973 93.1222 122.44 113.384 17.0655 6.7991 14.6102 103.933 161.248 1.38519 0.00000000422896 42.3657
-63.6593 3.11409 3.0882 2.85915 61.8236 18.5672 25.3011 13.9495 49.1053 65.3746 12.72 131.105 85.6553 127.313 46.6816 103.973 79.168 122.44 139.795 17.604 2.92434 9.88847 154.715 156.108 2.30996 0.0000000094978 44.5704
-67.2528 3.11409 3.0882 3.8506 61.8236 16.4885 25.3011 13.9495 49.1053 65.3746 12.72 130.012 85.6553 127.313 47.7702 102.83 79.168 122.44 139.795 12.5431 11.0964 12.5604 80.6312 184.263 3.6813 0.0000000779956 41.414
-67.2528 3.11409 4.18164 3.8506 59.1314 14.1591 23.1289 13.9495 54.6552 65.3746 12.72 130.012 85.6553 127.313 47.7702 102.83 73.7529 135.913 122.72 12.5431 11.3532 16.6919 82.7259 197.597 5.33957 0.000000063127 37.4651
-65.71 3.11409 4.18164 7.65802 59.1314 14.1591 23.1289 13.9495 54.6552 65.3746 12.72 130.012 85.6553 127.313 41.3205 102.83 75.6934 135.913 122.72 12.278 17.4025 16.6919 202.703 73.0442 7.81043 0.000000076735 37.968
-65.7461 3.11409 4.18164 4.79084 59.1314 12.3985 24.1598 13.9495 48.6867 74.2312 12.72 130.012 82.4415 139.984 6.41118 130.002 72.0738 135.913 125.463 15.3535 17.1209 8.1823 226.172 32.4507 10.4309 0.0000000546494 37.5122
-65.5943 3.11409 4.18164 5.76995 59.1314 12.3985 24.9709 21.3838 57.7605 74.5147 12.72 124.322 82.4415 142.218 8.83784 108.302 67.7434 135.913 125.463 2.47203 11.329 6.72581 60.2381 24.2676 11.0932 0.0000000501376 37.6498
-66.1316 3.71373 4.18164 5.76995 59.1314 13.1039 24.9709 21.3838 57.7605 74.5147 19.9939 112.536 82.4415 142.218 8.83784 102.931 80.9878 155.622 125.463 12.9715 12.1343 0.474598 60.2381 24.2676 16.166 0.0000000916638 34.214
-65.4957 2.23207 5.65313 5.76995 59.1162 10.803 21.6179 21.3838 56.9947 74.5147 47.7539 129.205 37.8469 142.218 8.83784 102.931 83.4151 155.622 125.463 11.6881 15.9093 1.89051 60.2381 24.2676 48.2334 0.000000368017 37.9335
-65.4957 2.23207 5.65313 5.8034 59.1162 12.4062 21.4544 21.3838 56.9947 74.5147 45.4433 129.205 37.8469 142.218 8.83784 123.559 83.4151 124.948 143.445 5.16557 9.2923 1.89051 60.2381 17.9718 69.576 0.0000000886761 42.1198
-65.603 2.23207 5.65313 5.8034 56.4731 7.07163 19.5371 21.3838 72.2581 74.5147 45.4433 106.662 37.8469 142.218 8.83784 123.559 94.8932 124.948 143.445 5.16557 9.28788 2.46276 60.2381 14.9585 69.576 0.0000000886761 42.11
-65.603 2.23207 5.54562 5.8034 56.4731 7.07163 18.7768 21.3838 72.2581 74.5147 45.4433 106.662 37.8469 142.218 8.83784 123.559 94.8932 124.948 143.445 12.5728 9.38426 7.36901 60.2381 14.9585 69.576 0.0000000899911 40.7779
-64.9547 3.07639 3.94893 5.8034 56.4731 7.07163 20.741 21.3838 72.2581 75.6911 45.4433 111.658 37.8469 142.218 13.5761 106.054 96.2929 124.948 143.445 10.9901 9.44594 8.52503 60.2381 14.9585 56.2205 0.0000000899911 40.2018
-65.4888 3.07639 3.94893 5.8034 56.8551 6.57329 20.1579 21.3838 72.2581 75.6911 45.4433 111.658 37.8469 142.218 13.5761 106.054 96.2929 124.948 143.445 21.9973 9.45123 8.52503 60.2381 14.9585 68.738 0.0000000899911 40.7884
-65.1817 3.07639 3.94893 5.8034 60.623 6.57329 20.1579 21.3838 69.3561 75.6911 50.4385 111.658 37.8469 142.218 13.5761 103.656 96.2929 124.948 141.954 16.0418 9.43661 8.58006 6.90716 14.9585 59.8685 0.0000000899911 37.8343
-65.7435 5.12779 6.04623 16.1433 64.1825 6.57329 20.1579 1.42652 65.7479 48.7011 50.4385 111.658 37.8469 167.304 1.45997 103.946 117.167 124.948 138.619 12.2764 9.36729 8.08273 6.90716 34.0732 60.2678 0.0000000451052 36.9606
-66.1832 5.12779 4.51953 16.1433 64.1825 6.57329 20.1579 1.42652 65.7479 48.7011 52.8607 111.182 37.8469 167.304 15.1503 89.5101 117.167 124.948 138.619 15.6717 9.98411 7.69004 6.90716 85.5149 39.4445 0.000000147245 36.7956
-66.1832 2.47406 3.67088 18.885 64.1825 6.57329 20.6616 1.42652 60.8128 50.8295 52.8607 113.327 37.8469 167.304 15.1503 81.2826 117.167 124.948 156.21 11.7944 10.0574 7.54682 6.90716 62.7623 52.2058 0.000000135425 36.492
-68.352 2.47406 3.67088 18.885 64.1825 6.57329 18.9967 8.34407 60.8128 50.8295 59.1783 122.611 37.8469 167.304 15.1503 81.2826 106.061 111.064 150.323 11.3626 10.8463 6.5827 6.90716 111.864 52.2058 0.000000183643 41.2482
-68.352 2.47406 3.67088 18.885 64.1825 6.57329 18.9967 8.34407 60.8128 50.8295 55.2913 122.611 37.8469 167.304 15.1503 81.2826 106.061 111.064 150.323 20.6654 8.13812 10.0866 6.90716 111.864 26.5693 0.000000449226 39.6743
-68.3855 2.47406 3.67088 19.439 64.1825 6.57329 16.6265 8.34407 60.8128 50.8295 55.2913 122.611 37.8469 167.304 15.1503 81.2826 106.061 111.064 150.323 20.6654 9.24816 10.0866 26.871 111.864 27.0121 0.000000449226 39.8085
-68.9711 3.9769 3.67088 19.439 64.1825 6.57329 15.9018 8.34407 60.8128 50.8295 55.2913 122.611 37.8469 167.304 15.1503 81.2826 106.061 111.064 150.323 20.6654 9.51291 10.0866 26.871 111.864 14.1983 0.00000048185 39.3416
-64.8937 6.08004 0.503544 19.439 64.1825 6.57329 17.5633 8.34407 54.7423 50.8295 61.5635 122.611 37.8469 162.252 15.1503 76.7341 106.061 124.429 150.323 17.3406 5.74841 11.1042 70.645 111.042 14.1983 0.00000080358 41.4577
-65.6847 6.08004 0.503544 19.439 64.1825 6.57329 19.8094 6.47022 54.7423 50.8295 61.5635 135.538 37.8469 162.252 15.1503 81.4301 92.0905 124.429 150.323 22.6405 1.96176 2.20554 55.0512 55.2122 11.8883 0.000000467361 40.849
-64.576 6.08004 3.48219 19.439 64.1825 6.57329 21.3593 6.47022 54.7423 50.8295 63.0861 135.538 37.8469 162.252 15.1503 81.4301 90.7906 124.429 150.323 22.6405 1.96176 2.20554 84.8437 29.8093 11.8883 0.000000278528 41.0191
-64.576 6.08004 3.48219 15.8732 64.1825 6.57329 21.3593 6.47022 54.7423 50.8295 63.0861 138.947 37.8469 162.252 15.1503 83.5944 85.8598 124.429 150.323 22.6405 1.96176 2.20554 84.8437 61.3411 74.1494 0.000000278528 41.3949
-65.4429 6.355 3.48219 15.7014 64.1825 6.57329 23.8324 6.47022 60.5702 36.6502 57.1031 131.948 37.8469 162.252 15.1503 93.0371 85.8598 124.429 150.323 31.3915 1.06435 9.053 49.7288 74.2983 74.1494 0.000000278528 39.6414
-65.7401 6.355 3.48219 15.7014 64.1825 6.57329 23.8324 6.47022 60.5702 36.6502 57.1031 131.948 37.8469 162.252 15.1503 93.0371 96.3201 120.758 150.096 31.3915 5.41745 4.94581 59.2899 52.7956 69.9548 0.000000278528 40.7532
-65.0498 6.355 3.48219 16.9319 64.1825 6.57329 23.4935 6.47022 60.5702 33.271 51.1099 134.517 37.8469 162.252 21.8247 93.0371 96.3201 115.238 150.096 31.3915 5.58477 5.93559 49.32 63.5374 85.869 0.000000511364 40.4945
-65.1646 7.95717 3.48219 20.2307 64.1825 6.57329 23.4935 6.47022 60.5702 33.271 51.1099 125.361 37.8469 162.252 8.38554 93.0371 112.527 115.238 150.096 31.3915 1.73694 5.93559 66.3549 35.0611 85.869 0.000000511364 44.1733
-68.6522 7.95717 4.20429 20.009 64.1825 2.68512 26.1406 6.47022 60.5702 33.271 54.8509 127.663 37.8469 162.252 8.38554 93.0371 112.527 115.238 150.096 31.3915 1.73694 0.359647 49.5119 40.1386 66.183 0.000000987335 43.9587
-69.1736 7.95717 5.63568 17.7553 64.1825 2.68512 22.8123 6.47022 60.5702 33.271 41.1873 145.983 37.8469 162.252 8.38554 93.0371 112.527 108 150.096 31.3915 3.31868 1.72048 56.3508 69.8251 40.8196 0.000000490728 44.1262
-68.7274 7.95717 6.58798 17.7553 64.1825 2.68512 22.8123 6.47022 65.113 33.271 41.1873 139.436 37.8469 162.252 8.38554 85.5191 112.527 128.97 150.096 25.9282 3.25648 5.00588 9.2148 18.9524 71.3686 0.000000820164 42.8289
-67.1444 8.08209 6.58798 17.6889 64.1825 2.68512 30.0412 18.1216 65.113 31.7493 28.335 139.436 37.8469 162.252 8.38554 85.5191 112.527 128.97 136.768 5.11189 5.03513 17.2663 9.2148 21.9181 34.331 0.00000054167 41.5983
-66.4026 9.18261 4.45618 17.8289 64.1825 0.804415 30.0412 29.4135 59.5795 31.7493 117.994 41.0561 37.8469 162.252 12.3109 85.5191 112.527 142.987 136.768 7.37959 2.58063 17.2663 9.2148 35.2155 49.2622 0.00000054167 36.1972
-66.2803 9.18261 4.91914 17.8957 64.1825 0.804415 30.0412 29.4135 59.5795 31.7493 117.994 41.0561 37.8469 162.252 12.3109 85.5191 112.527 142.987 136.768 7.37959 0.622016 9.89477 10.1879 35.2155 51.3983 0.000000837477 39.699
-66.4612 7.29128 4.91914 18.2968 53.6235 0.804415 28.4558 29.4256 47.9547 32.9422 109.625 56.1114 37.8469 178.087 12.3109 85.5191 113.156 149.056 129.065 2.7571 0.622016 5.09396 41.1154 52.2654 51.3983 0.000000111467 36.2611
-66.8433 3.12135 11.342 18.3333 53.6235 1.38891 36.3005 23.7766 54.3016 29.2915 104.744 56.1114 37.8469 178.087 11.2558 87.7472 113.99 147.864 111.148 2.7571 2.64814 6.03622 26.9192 51.4035 55.7334 0.000000111467 37.0619
-66.9205 8.53184 3.42429 18.3251 53.6235 1.38891 49.5285 23.7766 57.3219 27.9623 105.353 56.1114 37.8469 177.906 11.2558 82.5104 100.181 147.864 127.164 4.10219 2.50943 6.13021 25.0576 38.0312 58.7404 0.0000000334588 34.2229
-66.5873 8.53184 4.31713 18.3259 53.6235 1.38891 49.5285 23.7766 57.3219 29.6673 105.353 55.3898 37.8469 177.906 2.86957 79.3307 108.187 147.864 127.164 4.10219 1.11211 6.39888 46.5793 38.0312 58.7404 0.0000000181011 33.6182
-62.7885 8.53184 4.90473 17.403 53.6235 1.38891 47.7595 23.7766 43.7215 26.1529 105.353 55.8332 37.8469 177.906 17.1049 90.9517 108.187 144.454 127.164 4.10219 17.8385 7.88957 39.848 36.1662 35.3999 0.0000000222078 33.5768
-66.0096 4.04894 5.0828 17.6266 53.6235 1.38891 47.7595 22.3244 41.7156 28.5684 105.687 55.9169 37.8469 177.906 23.097 90.9517 108.187 144.454 124.461 2.92981 21.3202 7.77816 8.58615 26.9002 29.5492 0.0000000175859 31.5567
-65.0504 4.04894 3.4008 16.7963 53.6235 1.38891 47.7595 22.3244 41.7156 28.5684 105.687 55.9169 37.8469 177.906 23.097 90.9517 108.187 144.454 124.461 2.92981 19.7844 7.77816 8.58615 22.3368 32.388 0.0000000251536 37.1802
-65.5672 3.93378 6.65181 16.7963 53.6235 5.79167 40.7392 22.3244 51.6058 28.2184 135.166 56.0672 37.8469 140.931 23.097 85.1163 108.187 144.454 124.461 2.92981 15.2038 7.71275 24.7264 20.6686 32.388 0.0000000251536 30.9651
-65.7697 3.83396 7.04755 16.7963 53.6235 5.79167 40.7392 22.3244 51.6058 27.9139 135.166 56.0587 37.8469 140.931 23.097 85.1163 100.784 144.454 124.461 18.7478 15.2038 7.88333 24.8851 20.6686 5.07825 0.0000000251536 30.8588
-65.7697 3.83396 6.45486 14.7482 53.6235 5.57531 41.1763 22.3244 51.6058 30.8254 135.166 57.5014 37.8469 140.931 23.097 85.1163 100.784 144.454 130.564 16.9392 17.7225 3.22612 33.7625 36.034 5.07825 0.0000000540826 32.7138
-65.4238 1.4036 6.45486 11.9248 53.6235 12.9107 41.0931 22.3244 51.6058 30.8254 135.166 57.0669 37.8469 144.955 23.097 85.1163 100.784 144.454 130.564 13.2836 17.7225 3.22612 36.2417 23.8015 5.07825 0.0000000511233 32.794
-65.4719 1.4036 7.36237 10.7773 53.6235 12.9107 41.0931 20.3876 58.5706 23.513 135.166 57.157 37.8469 152.469 23.097 85.1163 100.784 144.454 118.813 13.2836 0.468673 3.22612 49.6533 61.9494 30.2597 0.0000000511233 34.0049
-64.1915 3.99947 4.70685 9.15792 53.6235 12.9107 44.657 20.3876 45.5547 23.513 133.993 56.4461 37.8469 159.911 23.097 85.1163 100.784 144.454 118.813 2.08042 21.0732 18.6883 49.6533 37.2763 14.4856 0.0000000511233 33.6113
-64.3406 5.15642 4.7395 11.7841 53.6235 12.9107 44.657 20.3876 45.3116 18.926 133.993 56.578 37.8469 159.911 23.097 78.8495 100.784 152.354 118.813 1.05703 21.0732 22.6098 49.6533 17.2459 14.4856 0.00000000442523 31.5614
-64.118 5.15642 3.52953 11.7841 53.6235 12.9107 44.657 20.3876 45.3116 22.161 133.993 56.576 37.8469 159.911 23.097 79.2712 96.4398 152.354 118.086 1.05703 24.8043 19.5561 94.0173 83.5911 13.4823 0.00000000442523 35.514
-64.82 5.15642 5.86164 11.7841 53.6235 19.8099 44.657 20.3876 45.3116 20.0318 133.993 56.3716 37.8469 159.911 23.097 79.2712 96.4398 152.354 118.086 1.05703 19.8952 19.1353 71.0963 83.7545 6.5951 0.00000000442523 34.2005
-64.4118 6.26382 2.6113 11.7841 53.6235 19.8099 44.657 20.3876 45.3116 16.0636 133.993 57.981 37.8469 159.911 23.097 79.2712 96.4398 152.354 118.086 3.91915 19.8952 20.0569 36.2859 50.264 10.4947 0.00000000442523 32.0223
-64.3396 6.26382 7.44325 11.7841 53.6235 19.8099 44.657 20.3876 45.3116 16.0636 133.993 57.1781 37.8469 159.911 23.097 79.2712 96.4398 152.354 118.086 2.67621 19.8952 10.151 36.2859 61.0403 9.40463 0.00000000442523 32.2498
-66.3111 4.61733 7.68227 10.9157 51.862 13.2641 49.8571 27.4906 36.8462 16.0636 133.993 57.0935 37.8469 159.911 23.097 79.2712 100.531 152.354 118.086 1.92797 17.4539 10.7001 102.362 61.0403 20.953 0.0000000131369 32.9411
-65.8511 4.61733 8.8073 12.4712 57.0491 13.2641 49.8571 27.4906 36.8462 16.0636 133.993 57.0935 40.1939 159.911 23.097 79.2712 100.531 152.354 118.086 5.12344 17.4539 10.7001 139.57 61.0403 21.7375 0.00000000635839 33.9176
-66.2764 4.61733 10.4917 12.4712 57.0491 0.843264 48.3027 27.4906 24.2482 38.1743 132.741 58.3444 33.1387 159.911 23.097 79.2712 100.531 146.778 118.086 2.75033 12.4174 2.48506 85.5558 49.9577 25.4155 0.00000000989265 35.7113
-68.3036 4.61733 10.4917 12.4712 57.0491 0.843264 48.3027 34.2907 24.8095 45.0028 132.741 46.2969 33.1387 159.911 23.097 90.0593 100.531 139.789 118.086 24.0824 8.9837 2.48506 21.8897 49.9577 25.0253 0.00000000308202 32.2522
-67.9 4.61733 10.8357 8.96711 57.0491 0.843264 46.939 34.2907 24.8095 45.0028 132.741 35.7311 156.578 41.9896 24.106 87.8394 100.531 148.581 118.086 8.52258 1.21038 50.5303 55.7277 78.3394 24.8796 0.00000000308202 37.8424
-67.9 8.99495 10.8357 8.96711 57.0491 0.843264 49.5044 34.2907 24.8095 41.2164 135.967 35.7311 156.578 41.9896 24.106 88.6979 100.531 114.92 118.086 6.68095 7.4738 46.0714 57.9181 87.0617 26.9215 0.0000000128804 40.6429
-64.0066 8.36002 10.8357 4.4238 57.0491 0.843264 49.5044 24.8182 31.3198 41.848 145.109 35.7311 156.578 41.9896 24.106 75.3758 100.531 114.92 158.979 1.11604 13.5195 33.7423 52.9793 41.8151 26.3684 0.0000000128804 34.521
-64.0066 8.36002 10.8357 4.4238 57.0491 0.843264 49.5044 24.8182 31.3198 41.848 145.109 37.6125 156.578 41.9896 24.106 75.1995 100.531 114.92 158.979 1.11604 15.1185 27.0482 56.5534 31.1378 25.833 0.0000000263031 34.1068
-64.7945 8.36002 13.9413 4.4238 57.0491 1.25283 49.5044 24.8182 34.076 39.9759 158.934 37.6125 156.578 41.9896 24.106 84.5001 86.8023 106.772 158.979 4.40071 15.1185 1.80511 56.5534 18.7576 24.0268 0.0000000263031 36.6579
-64.6222 8.36002 14.587 4.4238 57.0491 1.25283 49.5044 24.8182 24.9182 39.9759 158.934 37.6125 156.578 41.9896 32.1374 84.5001 86.8023 106.772 158.979 15.4698 15.1185 1.80511 60.2582 29.8134 24.5829 0.0000000263031 32.836
-65.3017 8.36002 14.7294 4.4238 57.0491 1.25283 49.5044 24.8182 31.0759 38.8482 158.934 37.6125 156.578 36.2289 32.1374 84.5001 86.8023 106.772 158.979 11.4055 12.4296 0.927585 58.5942 29.8134 23.6434 0.0000000263031 32.7736
-68.9166 14.013 14.7294 1.4136 60.8685 8.85805 40.5333 24.8182 27.332 38.8482 158.934 37.6125 156.578 36.2289 25.1616 85.4778 77.2648 106.772 179.872 6.38444 14.9004 3.75879 60.94 22.6694 19.7585 0.0000000263031 35.9165
-68.9166 14.013 14.8338 1.4136 60.8685 8.16599 40.5333 24.8182 27.332 38.0644 158.934 37.6125 156.578 36.2289 25.1616 85.4778 73.8287 106.772 179.872 2.10598 12.9771 3.75879 54.4175 47.1445 18.6897 0.0000000135123 39.1625
-66.7161 15.4122 14.8338 1.4136 60.8685 3.18308 40.5333 24.8182 29.4623 38.4025 158.934 37.6125 156.578 36.2289 41.0976 85.4778 65.4586 106.599 177.559 1.39606 5.93476 7.28825 24.9862 26.3205 16.8163 0.000000111475 33.9128
-66.7161 15.4122 14.8338 1.4136 60.8685 3.18308 40.5333 24.8182 29.4623 38.4025 158.934 37.6125 156.578 36.2289 41.0976 85.4778 65.4586 106.599 177.559 1.39606 5.93476 7.51419 24.9862 26.3205 26.5128 0.000000111475 33.9524
-67.951 15.4122 14.8338 1.4136 60.8685 4.17962 40.5333 24.8182 29.4623 38.4025 158.934 37.6125 156.578 36.2289 41.0976 85.4778 65.4586 106.544 177.559 16.5049 3.56542 7.51419 24.9862 26.3205 2.90865 0.000000106656 34.6042
-68.5149 15.4122 8.30475 1.4136 60.8685 4.17962 40.5333 24.8182 30.2308 42.5774 158.934 37.6125 156.578 36.2289 41.0976 85.4778 62.2649 114.528 177.559 16.5049 3.56542 7.35183 94.1122 26.3205 2.90865 0.000000094211 40.7776
-66.8576 15.4122 8.97108 9.76749 52.5351 15.2081 22.8068 24.8182 30.2308 48.9658 158.934 37.6125 156.578 36.2289 41.0976 85.4778 59.8169 114.528 177.559 8.64295 3.56542 7.35183 105.389 26.3205 59.9858 0.000000111584 38.2923
-66.8868 15.4122 8.97108 9.76749 52.5351 15.8016 22.8068 24.8182 30.2308 48.9658 158.934 37.6125 156.578 36.2289 41.0976 85.4778 59.8169 114.528 177.559 8.64295 7.68736 7.01125 75.8935 26.3205 39.9164 0.000000111584 38.6689
-66.8868 15.4122 7.23307 9.76749 52.5351 15.8016 22.8068 24.8182 30.2308 48.9658 158.934 37.6125 156.578 36.2289 41.0976 85.4778 59.8169 114.528 177.559 8.64295 14.3975 6.78971 20.9858 20.8457 42.8789 0.000000111584 37.8654
-66.9499 14.8072 7.23307 9.76749 52.5351 17.4687 27.1035 24.4829 26.038 62.1714 158.934 37.6125 144.903 36.2289 41.0976 85.4778 59.8169 114.528 179.001 8.64295 10.1125 4.33989 52.157 16.6758 22.3111 0.000000111584 35.0537
-66.2681 14.8072 7.1222 12.8218 41.3368 17.1817 28.0376 22.7574 24.0099 86.623 134.451 78.2319 119.236 20.6688 50.6705 85.4778 68.6883 119.932 159.255 9.59965 11.5549 4.96712 23.5476 21.1125 24.5232 0.000000116124 33.1419
-65.1482 14.8072 5.67861 10.1993 41.3368 14.8526 29.4496 22.7574 27.9256 82.8699 134.451 78.2319 123.929 20.6688 50.6705 85.4778 71.0251 122.524 159.255 8.43482 11.4657 7.27075 30.4567 29.9631 51.1872 0.000000138717 31.3961
-65.1482 11.9335 6.44392 10.3663 41.3368 13.5065 26.9555 29.3356 26.7193 80.0715 134.451 78.2319 123.929 20.6688 53.1157 83.4842 78.7663 122.524 146.199 6.06648 18.9016 3.93476 28.4746 29.9631 43.9802 0.0000001395 32.0682
-65.2158 11.9335 6.44392 10.7085 41.3368 15.364 26.9555 29.3356 26.7193 80.0715 134.451 78.2319 123.929 20.6688 53.1157 83.4842 78.7663 122.524 146.199 4.50517 23.5524 2.73363 34.2191 29.3369 35.1757 0.000000141643 31.5963
-65.2838 12.0492 6.44392 10.808 41.3368 15.6931 26.9555 31.9558 21.8442 80.0715 134.451 78.2319 123.929 20.6688 53.1157 83.4842 78.7663 122.524 144.955 4.50517 22.9207 3.79407 13.6826 27.541 0.585297 0.000000122003 32.5979
-66.2315 12.0492 7.91123 10.808 41.2952 15.3503 26.9555 31.9558 21.1691 80.0715 134.451 75.6491 123.929 23.7205 53.1157 74.9799 78.7663 122.524 144.955 4.50517 38.006 3.3484 13.0521 27.541 10.5187 0.000000112574 33.434
-66.3778 6.13412 7.91123 18.7928 50.4624 10.4931 31.6864 21.8978 24.7628 76.6567 134.451 89.5505 130.449 15.7686 26.3946 95.0066 78.7663 119.569 146.238 4.50517 4.90711 2.64165 11.7717 28.6788 6.93301 0.000000103627 35.5524
-67.2432 6.13412 7.6277 11.9718 50.4624 17.27 31.6864 24.2004 23.7581 72.4696 134.451 89.5505 130.449 7.06525 26.3946 96.7937 78.7663 119.569 165.827 13.4808 8.44848 3.62853 26.5326 33.9933 10.166 0.0000000743028 33.2627
-65.7337 6.13412 8.0648 9.17045 49.6679 17.27 31.6864 24.2004 26.3418 72.4696 134.451 89.5505 131.919 7.06525 26.3946 96.7937 78.7663 119.569 165.827 17.0483 0.406153 4.03861 24.2322 11.4753 17.1478 0.0000000735699 33.041
-63.7534 9.601 12.2211 9.21262 43.8336 17.27 31.6864 24.2004 30.8745 58.8746 134.451 89.5505 131.919 7.06525 26.3946 96.7937 86.4683 119.569 160.545 23.8249 0.406153 6.18189 43.2036 58.6164 22.604 0.000000111749 38.8405
-63.7534 9.601 12.2211 9.21262 45.1052 11.0101 31.6864 25.8899 38.4917 61.7693 134.451 89.5505 131.919 7.06525 26.3946 96.7937 86.854 119.569 160.545 10.6227 3.74366 9.56447 18.0935 88.195 9.01927 0.000000141567 35.8085
-62.1958 11.5077 12.2018 12.168 51.4546 8.93981 27.6998 25.8899 30.7425 61.7693 118.521 82.9678 149.84 28.8188 11.559 102.789 81.7071 119.569 160.545 11.9283 2.85691 8.72443 24.5268 68.6692 5.59477 0.000000138577 37.461
-64.2756 11.5019 12.2018 11.0033 51.4546 9.55967 27.6998 25.8899 27.2197 61.7693 115.182 80.9664 149.84 30.5297 11.559 96.3032 81.7071 119.569 160.545 25.9971 6.26819 8.72443 58.8087 68.6692 142.817 0.000000080541 38.356
-64.2756 11.5019 12.2018 11.0033 51.4546 9.99701 27.6998 25.8899 25.9699 61.7693 120.26 80.9664 149.84 30.5297 11.559 96.3032 81.7071 116.78 160.545 22.0013 7.48031 8.72443 58.8087 91.8756 119.186 0.000000080541 38.1215
-64.4488 11.5019 12.2018 11.0033 47.5665 14.2214 25.3978 25.8899 25.9699 61.7693 120.26 80.9664 149.84 30.5297 29.6417 96.3032 81.7071 108.576 140.585 27.4249 6.07171 10.4624 47.6041 106.167 119.186 0.000000080541 41.8175
-64.4488 11.5019 8.973 15.8671 47.5665 14.2214 25.3978 25.8899 25.9699 61.7693 120.26 80.9664 151.28 30.5297 29.6417 75.6048 81.7071 108.576 140.585 12.3404 35.0665 7.75172 46.0771 98.1696 110.728 0.000000080541 42.7767
-64.7344 11.5019 9.38688 15.8671 47.873 14.2214 25.3978 25.8899 25.9699 55.3556 120.26 75.6488 160.855 30.5297 30.1929 90.4167 81.7071 108.576 140.585 12.352 37.1916 2.17277 46.0771 111.221 110.728 0.000000080541 40.6431
-64.7344 11.5019 9.38688 14.5899 47.873 14.2214 26.4305 26.088 25.9699 55.3556 120.26 75.5095 160.855 30.5297 29.8249 90.4167 81.7071 100.193 140.585 16.7843 17.4495 1.86105 50.413 111.221 92.9581 0.0000000961294 41.2923
-65.2611 11.5019 10.7753 16.7109 47.873 13.9665 26.4305 26.3319 25.9699 55.3556 140.2 75.5095 127.293 26.9992 29.8249 90.4167 97.7124 107.427 140.585 26.6998 14.6756 11.737 24.7667 73.4842 49.6415 0.0000000961294 37.6639
-66.1838 11.5019 10.7753 17.6413 47.873 13.9665 26.4305 26.3319 25.9699 55.3556 140.2 75.8529 127.293 26.9992 29.8249 90.4167 97.7124 107.427 140.585 5.32892 8.26346 11.5722 9.87721 67.4226 39.1757 0.000000202913 39.796
-66.1838 11.5019 10.7753 17.6413 47.873 13.9665 26.4305 26.3319 25.9699 55.3556 140.2 75.8529 127.293 26.9992 29.8249 90.4167 97.7124 107.427 140.585 5.32892 32.7168 11.5722 14.44 67.4226 39.1757 0.000000202913 39.8891
-66.3233 11.5019 10.7753 17.6413 44.9036 13.9665 26.4305 22.2042 25.9699 58.7089 136.063 69.3674 125.611 36.3176 43.0909 90.4167 97.7124 107.427 140.585 17.9022 6.91824 6.95026 12.437 63.0357 7.5566 0.000000177663 39.6341
-66.0829 1.96012 10.7753 17.314 51.9292 8.17739 26.4305 35.5496 24.8871 67.2772 162.56 45.1449 125.611 21.9776 36.6698 70.8966 112.594 103.853 140.585 17.9022 13.9186 6.95026 16.0706 66.3253 7.5566 0.000000177663 39.5433
-65.6372 1.96012 12.7123 17.1293 51.9292 8.17739 26.4305 35.5496 24.8871 67.2772 162.56 45.1449 141.68 21.9776 36.6748 70.8966 112.594 103.853 140.585 21.8293 8.03203 3.75248 21.2309 67.4038 7.5566 0.000000177663 38.711
-65.6372 7.0359 12.7123 15.0928 51.9292 8.17739 26.4305 35.5496 19.1825 67.2772 162.56 45.1449 132.064 21.9776 35.8245 67.5106 98.2358 103.853 182.355 21.8293 5.1575 3.75248 0.794421 71.5099 7.5566 0.000000177663 36.5704
-61.9159 7.0359 12.7123 15.0928 51.9292 8.17739 25.3776 35.5496 19.1825 67.2772 162.56 45.1449 132.064 21.9776 35.8245 67.5106 98.2358 103.853 182.355 21.8293 5.1575 3.75248 0.794421 12.0185 42.5345 0.000000177663 38.803
-61.9159 14.6552 10.4194 20.0746 40.9743 6.4212 16.1169 44.1829 19.1825 67.2772 154.959 48.4918 134.577 26.2647 29.9055 67.5106 117.556 79.7684 182.355 26.0714 4.72912 3.75248 77.7248 16.7184 59.9167 0.000000678425 43.3816
-62.5612 14.6552 14.3353 20.7114 37.0391 8.86644 22.4722 41.8188 12.1286 67.2772 154.959 50.8936 134.577 26.2647 29.9055 67.5106 117.556 136.232 123.494 25.8511 8.42316 9.26279 77.7248 15.3714 57.6737 0.000000636523 37.9638
-63.4402 14.6552 17.0705 20.7114 27.5251 8.81915 32.6947 50.0571 3.14095 67.2772 134.947 62.0615 133.997 26.2647 29.9055 75.4179 117.556 162.735 96.5966 17.6016 8.42316 9.26279 25.6099 15.3714 57.6208 0.000000440963 36.9169
-63.4402 12.2747 16.4711 22.4448 32.3313 13.3391 26.1874 50.0571 3.14095 67.2772 134.947 62.0615 130.696 26.2647 29.9055 75.4179 117.556 175.041 96.3298 10.1631 11.5963 9.26279 44.3648 17.0321 47.5293 0.000000237402 35.7134
-64.8652 9.63912 16.456 21.1533 31.6724 13.6396 29.6528 59.7089 3.14095 43.2308 142.524 62.0615 127.608 43.446 29.9055 73.0675 115.496 163.785 96.3298 9.3363 14.6121 2.91702 49.2797 8.55282 37.8611 0.000000461942 36.0493
-65.1187 8.44702 16.456 20.6701 31.9573 15.5924 32.5165 54.3647 3.14095 43.2308 142.524 55.6245 134.747 54.4065 22.0894 76.2042 106.433 163.785 96.3298 18.5362 14.778 8.90531 49.1412 26.266 77.1679 0.000000324589 36.3957
-65.4332 5.62733 16.8163 19.4957 30.238 14.5522 32.5165 56.8746 3.14095 46.8136 142.524 51.0408 134.747 64.7913 22.0894 76.2042 101.864 170.038 84.682 26.3122 11.7108 5.46588 61.3778 26.5432 81.55 0.000000112639 34.9657
-66.8181 7.06242 16.1641 20.0843 30.238 13.5574 32.5165 56.8746 3.14095 46.8136 142.524 40.4244 141.381 64.629 22.0894 76.2042 108.239 175.582 84.7595 26.3122 11.7108 5.46588 69.7083 22.642 83.4544 0.0000000756919 35.1341
-66.7558 6.58997 17.1263 19.2444 32.0176 9.02772 32.5165 71.1483 3.14095 46.8136 142.524 40.4244 137.46 62.709 22.0894 76.2042 93.941 182.278 76.2948 25.862 11.7108 7.69941 75.3879 14.706 138.63 0.00000000155099 33.414
-66.6211 4.55857 17.1607 20.2329 31.5335 9.77599 48.7047 53.3254 3.14095 42.915 135.015 40.4244 162.702 35.1422 36.9205 76.2042 98.9346 194.854 74.7496 19.0397 9.3342 2.46702 39.3103 18.817 160.148 0.00000000912235 32.5825
-65.3094 4.55857 17.5141 20.248 31.5335 9.77599 46.0084 54.2181 13.4363 36.6375 131.023 33.5285 163.764 36.0063 36.9205 71.512 104.567 196.494 67.5669 15.5381 13.3794 13.8443 10.0807 11.8114 69.528 0.00000000768577 29.8913
-66.5506 6.96069 17.4897 20.5904 30.0072 13.3601 42.4964 58.6119 8.24495 32.7328 160.447 42.9474 149.785 36.0063 32.2831 63.3976 97.8056 198.66 71.8905 16.9933 0.881066 16.2637 7.76491 3.17617 50.8573 0.0000000172549 30.1137
-65.0587 5.02557 17.2436 15.1622 30.0072 15.7922 42.4964 58.6119 9.38943 30.6735 160.447 42.9474 146.908 36.0063 32.2831 63.3976 100.77 202.742 69.9165 14.3723 0.881066 12.7307 7.44202 14.3148 57.0194 0.000000017255 34.7722
-67.0749 5.52485 21.286 17.0758 30.0072 13.3436 44.3879 58.8148 9.38943 31.3479 159.299 49.3201 140.624 34.633 34.1258 63.3976 97.9104 189.026 85.3193 8.6541 4.47678 24.5117 13.9528 18.9163 27.3394 0.0000000170974 29.0973
-67.1973 5.06993 21.286 18.5158 30.1376 13.3436 35.0918 52.7502 20.9727 31.3479 159.299 50.5698 142.732 34.633 34.1258 58.5147 95.3799 187.169 83.574 17.6222 13.7402 21.7574 34.0418 18.9436 20.8453 0.0000000165334 31.9333
-65.9869 5.06993 21.286 18.9672 30.1376 13.3436 36.6925 53.0183 19.7532 33.983 159.299 51.0154 140.376 34.633 38.8655 58.5147 95.0048 190.538 84.8009 0.889976 4.97509 21.7574 16.2609 8.84803 34.3236 0.0000000189275 29.5001
-67.8649 7.12029 22.5094 19.2267 32.1142 6.16915 20.2017 59.2269 25.5927 35.0452 159.299 52.1217 144.634 25.9934 38.8655 58.5147 95.1044 183.496 80.3706 7.37198 2.82988 29.4296 21.8754 8.14044 91.1053 0.0000000123954 37.1185
-65.7582 7.27937 22.7867 19.936 21.6199 6.16915 20.2017 89.8986 25.4821 35.0452 159.299 52.7821 132.694 25.9934 38.8655 62.7217 94.1944 183.496 84.1968 7.37198 4.69597 29.9545 11.2441 9.29726 38.3453 0.00000000439911 31.7766
-68.1319 5.06284 21.9724 22.0745 21.6199 6.16915 20.2017 89.8986 26.9504 35.0452 154.183 67.1857 125.672 23.9603 38.8655 62.7217 94.0537 183.496 83.8795 9.93954 4.38054 25.3834 29.0825 4.06799 75.5187 0.00000000439911 33.9337
-67.4297 5.06284 21.7763 22.0745 21.6199 7.13975 20.2017 89.8986 26.9504 34.9245 154.183 67.1857 128.422 23.9603 27.1822 62.7217 94.0537 164.57 106.817 8.70089 11.4877 30.3498 114.48 14.1704 61.0119 0.0000000113084 37.9555
-64.9512 8.94052 21.9302 21.3608 21.6199 7.13975 20.2017 88.1298 25.8668 34.9245 154.183 66.5329 128.422 23.9603 27.1822 62.7217 95.709 164.57 122.648 7.07592 8.32099 4.85276 187.448 6.1636 61.0119 0.000000047776 39.6362
-64.9414 12.9445 14.2404 25.7846 24.4492 11.6861 24.9905 69.5839 25.9807 34.7473 154.183 65.9752 136.953 15.2182 27.1822 73.5878 102.743 73.901 198.994 7.3551 8.69547 10.1454 157.59 5.21091 110.673 0.000000051828 40.0447
-65.7429 12.9445 10.9593 25.7846 24.4492 11.1263 30.3267 41.5313 28.8939 24.5093 186.79 65.9752 137.474 15.2182 27.1822 72.2125 99.9956 73.901 198.994 3.34639 10.6049 8.96083 204.93 15.2936 54.6277 0.0000000206563 39.4758
-66.4761 10.9478 17.4606 17.9308 22.7083 20.9175 32.8796 30.2591 28.4641 22.4914 186.79 63.8848 137.194 15.2182 27.1822 72.2125 105.418 69.5849 218.263 6.59428 9.15864 11.7358 55.2793 44.0789 174.946 0.0000000129388 41.365
-66.4538 7.22995 19.3003 21.2954 15.0634 22.653 30.3344 44.3811 34.5578 22.4914 187.295 64.4394 137.194 15.2182 27.1822 72.7632 102.259 30.2487 233.637 5.16021 13.1075 6.29776 38.9042 26.3546 73.3848 0.00000000184875 33.3469
-66.8152 7.22995 19.3003 24.4276 10.6391 21.8767 28.5641 43.6335 43.4125 25.1146 182.638 66.1759 133.575 15.2182 27.1822 69.5818 103.41 30.2487 245.456 4.02317 17.8795 6.29776 30.0064 140.674 59.1453 0.00000000184875 35.7631
-66.106 7.22995 20.8903 21.3821 9.9019 30.3463 16.539 48.4744 43.4125 24.0003 166.241 68.335 127.846 15.2182 27.1822 69.5818 113.042 49.4642 245.456 3.81136 0.364947 3.83192 43.9717 111.514 84.574 0.00000000184875 33.952
-66.4359 7.22995 30.2134 21.3821 12.3468 30.0747 10.3997 48.4744 38.0892 28.3014 162.146 66.9317 125.636 15.2182 27.1822 76.2722 111.198 31.7997 245.456 3.59084 3.72979 16.2801 58.1663 0.371546 35.1533 0.00000000046712 35.6585
-66.3518 7.22995 29.1969 21.3821 12.3468 32.5564 10.3997 43.7188 35.9465 28.3014 162.146 66.9317 139.902 15.7228 27.1822 76.2722 111.198 31.7997 245.456 4.66091 4.87554 4.34817 46.6125 0.371546 44.2694 0.00000000046712 32.4882
-64.3861 7.22995 29.1969 19.9332 12.6825 31.5871 15.3948 39.3587 35.9465 29.906 162.146 66.2974 139.902 14.7873 22.5869 79.4654 110.271 40.6363 245.456 9.91869 2.73365 14.9783 46.6125 10.6001 30.8041 0.00000000046712 32.3448
-65.4508 7.22995 21.2801 19.9332 11.0743 31.7485 10.262 45.4414 41.4633 42.2335 162.146 66.2974 139.902 14.7873 22.5869 79.4654 108.023 38.1124 225.209 9.91869 2.73365 16.4226 14.9554 16.1803 30.8041 0.00000000046712 29.9291
-65.4508 7.22995 21.2801 20.2918 11.0743 29.8815 10.262 46.0805 41.4633 42.2335 161.746 66.2974 140.199 14.7873 22.5869 79.4654 107.733 38.1124 225.209 9.91869 10.8129 19.2295 72.494 21.0524 31.3958 0.00000000046712 29.4421
-67.3447 7.22995 21.2801 20.2918 11.1821 31.7652 10.262 42.0917 37.9509 61.1453 161.746 66.519 128.46 0.357531 22.5869 79.4654 109.074 38.1124 214.235 14.5166 7.6079 43.0347 19.0901 19.6272 16.3829 0.00000000046712 34.5868
-65.6417 7.22995 21.2801 20.4646 11.7519 31.5837 10.262 42.0474 37.9509 61.1453 161.746 81.233 127.339 0.357531 22.5869 79.4654 106.853 43.3999 214.235 15.5616 14.2475 8.035 11.1747 22.7179 17.2895 0.00000000046712 30.5606
-66.2136 7.22995 22.1473 20.4646 11.4328 30.3099 10.262 39.2259 37.9509 61.1453 164.942 78.1361 127.339 0.357531 22.5869 79.4654 106.89 162.272 95.7845 23.4275 11.2021 9.55461 32.6507 7.00988 17.2895 0.00000000046712 27.6962
-65.9895 7.22995 22.1473 19.0604 15.003 28.0836 10.262 40.2247 41.9584 61.1453 164.942 74.9931 122.516 0.357531 23.8096 79.4654 105.891 162.272 95.7845 27.5881 16.6068 7.69946 58.4261 12.8625 35.4268 0.00000000046712 31.9708
-64.7173 6.14173 22.1473 24.4669 15.003 34.1611 10.262 33.1897 41.4617 61.1453 164.942 59.7903 114.257 16.0395 23.8096 79.4654 104.386 162.272 95.7845 27.5881 16.0344 12.1454 43.054 13.1774 30.26 0.00000000046712 35.0052
-64.5553 6.14173 27.0727 25.812 15.003 25.7934 10.262 34.633 38.1322 61.1453 164.942 64.9956 114.257 16.0395 23.8096 79.4654 103.265 162.272 95.7845 3.6769 15.7751 14.366 43.054 20.1379 22.1769 0.00000000046712 30.6275
-64.0201 2.59697 23.6318 17.1385 17.2639 29.2627 12.924 34.633 36.6902 61.1453 164.942 72.4069 114.257 16.0395 23.8096 79.4654 103.265 243.97 18.3646 21.8628 15.7751 13.6428 33.4982 22.8971 42.1084 0.00000000046712 31.015
-64.0201 2.59697 23.6318 16.8639 17.2639 29.6848 12.924 39.3091 36.6902 61.1453 164.942 73.3186 106.175 18.6288 24.6993 79.4654 101.31 243.97 24.561 16.2411 21.9536 7.95695 17.9821 36.9486 47.7863 0.00000000554788 30.4917
-64.5499 2.59697 23.9466 22.0752 16.2624 27.4808 12.924 39.3091 38.3662 61.1453 164.942 73.3186 104.742 18.6288 24.6993 79.4654 101.31 243.97 24.561 15.0189 21.9536 4.60309 17.9821 23.9163 47.7863 0.00000000554788 31.1796
-64.5499 2.59697 23.1318 22.0752 16.2624 27.5208 12.924 39.3091 38.3662 61.1453 164.942 73.3186 104.742 18.6288 24.6993 79.4654 101.31 243.97 24.561 14.3873 21.9536 6.11992 24.3238 23.9163 45.2597 0.00000000554788 29.4771
-64.5693 2.59697 23.1318 24.3091 16.1962 25.9455 12.924 39.3091 38.3662 61.1453 164.942 73.3186 105.544 18.6288 24.6993 79.4654 99.4027 243.97 24.561 14.3873 21.9536 6.11992 24.3238 23.2333 45.2597 0.00000000554788 30.9238
-64.739 2.59697 23.1318 24.3091 16.687 25.9455 12.924 39.3091 35.4789 61.1453 164.942 73.3186 110.045 18.6288 24.6993 79.4654 97.2009 243.97 24.561 20.0214 21.9536 6.11992 13.0452 23.7107 45.2597 0.00000000554788 32.3027
-64.9981 8.71191 4.39249 24.3091 16.687 52.0135 12.924 50.2759 27.969 61.1453 164.942 77.0272 84.2093 23.4472 24.6993 79.4654 97.2009 243.97 24.561 14.9865 21.9536 3.89067 66.1714 5.51827 36.3401 0.0000000791852 33.3991
-64.8345 8.71191 4.39249 24.3091 16.687 52.0135 19.1554 43.6321 27.969 61.1453 164.942 72.7756 84.2093 23.4472 24.6993 79.4654 103.838 243.97 24.561 15.3167 21.9536 3.89067 22.3153 23.9018 47.3155 0.0000000272221 32.3333
-65.5111 8.71191 4.39249 13.3611 16.687 52.0789 17.2436 13.1117 74.3813 61.1453 164.942 72.7756 82.0464 23.4472 24.6993 79.4654 103.838 243.97 24.561 13.672 21.9536 4.73384 22.3153 21.8441 61.4623 0.0000000272221 32.46
-66.4178 9.51308 4.39249 13.0032 16.687 52.0789 17.2436 13.1117 74.3813 61.1453 164.942 72.7756 82.0464 23.4472 24.6993 79.4654 103.838 243.97 24.561 12.9513 13.3847 16.8993 1.74941 5.87498 78.5924 0.0000000000328777 28.3977
-66.6884 3.03485 4.39249 15.3751 16.687 52.0789 17.2436 20.7039 69.7776 61.1453 164.942 72.6135 87.603 23.4472 25.1903 79.4654 106.649 241.347 24.561 13.6257 11.0546 16.8993 13.4067 6.2413 72.7289 0.0000000000328777 28.1989
-65.3387 2.22545 4.39249 15.3751 16.4001 52.0789 17.2436 20.7039 69.7776 61.1453 161.453 72.6135 87.603 23.4472 25.9431 79.4654 106.649 241.347 24.561 9.47946 11.0546 16.8993 13.4067 15.7252 111.037 0.0000000000328777 27.1054
-65.1906 2.88145 3.58142 15.3751 16.4001 52.0789 17.2436 20.7039 69.7776 61.1453 161.453 72.5841 87.471 23.4472 25.9431 79.4654 108.378 241.347 24.561 5.94978 11.0546 20.197 15.9726 14.3248 17.6119 0.0000000000328777 25.7867
-64.6787 2.88145 3.58142 16.901 16.4001 51.7513 17.2436 20.7039 69.7776 61.1453 148.284 72.5841 90.0234 28.8469 25.9431 79.4654 112.075 241.347 24.561 10.6423 11.8951 17.7457 15.9726 15.6776 23.213 0.0000000000328777 26.676
-67.9468 2.88145 3.58142 16.901 16.4001 53.4982 16.457 20.1014 69.7776 61.1453 148.284 72.5841 92.6999 28.8469 25.9431 79.4654 100.859 241.347 24.561 10.928 7.18242 17.7457 15.9726 16.5896 20.1455 0.0000000000328777 28.9982
-63.8899 2.79097 7.25077 13.2285 16.4001 53.4982 16.457 24.7032 65.7885 61.1453 148.284 72.5841 89.1151 28.8469 25.9431 79.4654 99.0377 241.347 24.561 4.13898 7.18242 32.6925 15.9726 3.3862 12.5187 0.00000000580787 35.6209
-63.8899 3.28406 5.75761 13.2285 16.4001 58.2409 16.457 24.7032 62.048 61.1453 148.284 79.9886 81.7161 42.1297 25.9431 79.4654 93.245 241.347 24.561 4.13898 0.667273 20.5084 48.0513 47.2614 13.3702 0.00000000580787 34.2966
-66.083 3.28406 5.75761 13.2285 12.8696 58.2409 16.457 27.4562 62.048 61.1453 148.284 88.506 92.1943 29.6211 21.8006 79.4654 95.1076 241.347 24.561 1.61151 0.948568 18.8106 48.0513 8.23708 11.6008 0.0000000137784 32.2508
-66.083 2.69355 3.48162 13.8837 16.4598 55.897 16.457 29.4232 62.048 61.1453 148.284 88.506 86.7245 29.6211 21.8006 79.4654 94.0706 241.347 35.0887 1.61151 5.97629 32.0169 36.07 8.23708 21.0637 0.0000000137784 32.8772
-65.3971 2.69355 3.48162 11.2751 16.4598 53.1884 16.457 33.0865 62.048 61.1453 148.284 88.506 86.7245 29.6211 21.8006 79.4654 94.0706 241.347 35.0887 8.07724 4.75072 32.0169 17.2349 72.093 19.1723 0.0000000137784 34.5773
-65.3971 2.69355 3.48162 15.8741 20.7971 53.1884 13.7582 25.8036 62.048 61.1453 148.715 89.4403 76.3383 43.2656 21.8006 79.4654 94.0706 232 35.0887 7.85168 4.75072 38.8644 38.0608 28.5147 0.493146 0.0000000137784 32.7048
-67.6348 2.69355 3.9529 28.6813 20.7971 36.2412 13.7582 12.2255 61.9537 61.1453 148.715 89.4403 76.3383 46.5093 21.8006 94.707 90.692 242.171 29.0446 8.98331 5.50625 38.8644 38.3935 23.1093 22.6332 0.0000000137784 33.9512
-64.5373 4.98302 9.26891 33.794 16.3242 19.8332 13.7582 12.2255 74.4629 61.1453 144.137 91.4403 76.3383 46.5093 16.1953 94.707 89.5075 242.171 29.0446 7.45169 0.0621853 39.859 38.3935 66.8891 20.9854 0.0000000137784 37.8489
-65.0762 4.08565 7.48428 33.794 19.8789 19.8332 13.7582 12.2255 84.5813 61.1453 144.137 81.8953 76.3383 46.5093 16.1953 96.5338 89.5292 242.897 29.0446 7.45169 2.98729 42.0332 4.74546 48.5894 52.0069 0.0000000137784 33.8284
-65.0762 3.5684 7.48428 33.794 19.8789 19.8332 13.7582 12.2255 84.5813 61.1453 144.137 81.8953 76.3383 46.5093 16.1953 96.5338 86.8757 242.897 29.0446 7.45169 4.74445 33.8914 4.74546 12.3967 52.0069 0.0000000137784 33.615
-65.0762 5.10594 7.48428 33.794 19.8789 20.1774 15.0882 12.2255 84.5813 61.1453 144.137 87.59 81.6819 46.5093 16.1953 96.5338 89.8659 220.091 29.0446 33.8553 1.76387 19.4813 63.5758 6.00588 49.4492 0.0000000783877 33.9321
-65.0762 5.10594 7.48428 33.794 18.8112 25.4447 15.0882 12.2255 84.5813 61.1453 144.137 87.59 73.6371 46.5093 16.1953 96.5338 90.9451 220.091 32.1086 4.72112 4.41335 15.5923 66.856 4.54039 42.5623 0.0000000526731 36.3621
-65.561 5.10594 7.05256 33.794 15.1331 25.4447 15.0882 12.2255 84.5813 61.1453 144.137 93.6675 68.5134 46.5093 16.1953 96.5338 95.5506 220.091 46.2834 4.05038 6.58217 16.78 66.856 19.9689 42.5623 0.0000000526731 33.5927
-67.618 5.10594 8.49937 33.0651 15.1331 21.8853 2.49189 19.4337 78.4674 61.1453 144.137 93.6675 68.5134 46.5093 27.254 96.5338 100.759 229.397 31.6566 3.21114 8.26599 15.8248 108.994 19.9689 35.0538 0.000000000850083 35.4029
-67.5805 6.76977 16.671 33.8164 16.8736 16.6012 2.49189 19.4337 84.55 61.1453 144.137 80.0407 68.5134 46.5093 84.5923 37.7436 100.759 229.397 31.6566 3.21114 9.43693 1.99072 248.348 3.30886 51.3123 0.000000000850083 37.5306
-66.0722 7.87238 16.4146 30.0239 16.8736 13.5198 3.55563 26.411 84.55 66.4612 144.137 86.3478 31.959 71.0166 84.5923 37.7436 100.759 229.397 31.6566 8.27387 14.5575 12.674 248.348 15.5819 64.8006 0.000000000850083 35.9582
-66.0722 7.87238 15.9192 33.3143 12.7572 6.76116 15.6523 25.2298 84.55 55.3278 144.137 86.3478 31.959 71.0166 75.3263 48.625 100.759 231.016 31.6566 8.27387 21.206 14.837 248.348 25.0195 99.2005 0.000000000850083 39.8292
-66.0722 7.87238 15.9192 33.3143 14.8022 5.07675 15.6523 25.2298 84.55 55.3278 147.285 94.6398 33.2997 71.0166 75.3263 48.625 94.8934 231.016 31.6566 8.27387 20.1551 16.6649 104.824 25.0195 56.3816 0.000000000850083 34.9578
-66.3005 7.87238 15.9192 33.3143 14.8022 5.07675 13.1678 25.2298 84.55 55.3278 147.285 110.802 33.2997 80.6722 75.5896 15.688 94.8934 231.016 31.6566 8.27387 20.9172 16.6649 59.398 25.0195 66.7432 0.000000000850083 36.3896
-66.7957 18.0545 15.9192 33.8055 22.5171 5.07675 13.1678 16.3881 74.5797 34.8419 147.285 110.802 33.2997 88.1303 75.5896 27.3728 100.598 231.016 31.6566 7.55098 22.5979 17.3353 26.6166 9.80558 80.2012 0.000000000850083 29.1714
-66.7957 18.0545 15.9192 33.8055 22.5171 5.07675 13.6625 10.7982 74.5797 34.8419 147.285 117.741 33.2997 88.1303 75.5896 27.3728 100.598 231.016 31.6566 5.82125 22.5405 17.3353 35.1969 16.2648 80.2012 0.000000000850083 28.5873
-66.7957 15.6828 18.1384 32.4589 22.5171 5.07675 13.6625 10.7982 74.5797 34.8419 147.285 117.741 33.2997 88.1303 75.5896 27.3728 100.598 231.016 31.6566 8.79522 22.5405 9.71431 41.3838 16.2648 80.2012 0.000000000850083 29.9537
-66.7957 16.5264 18.1384 29.9783 28.126 5.07675 13.6625 9.28268 74.5797 34.8419 163.8 94.1616 33.2997 88.1303 69.7868 20.0422 116.349 223.006 31.6566 8.79522 22.5405 17.484 27.178 9.84602 60.3154 0.000000000850083 29.0736
-66.7957 16.6213 14.7104 29.9783 30.8446 5.07675 16.0795 9.28268 74.4834 25.622 163.8 92.6086 33.2997 88.1303 77.6805 24.8264 116.349 223.006 31.6566 8.79522 21.7999 18.8845 6.66626 64.1488 46.2152 0.000000000850083 30.3605
-66.7957 17.36 12.3287 29.9783 30.8446 5.07675 19.1495 9.28268 80.8003 25.622 163.8 92.6086 33.2997 88.1303 67.5766 24.8264 116.349 223.006 31.6566 12.8931 22.572 19.0436 6.66626 80.4531 46.1982 0.000000000850083 29.8009
-66.3744 14.8713 23.041 19.9533 19.6704 18.5562 23.3333 10.9004 80.8003 37.3222 185.471 89.9847 38.9847 45.0068 66.7666 24.8264 116.349 223.006 31.6566 14.8999 22.6426 7.65503 70.9712 68.1181 66.6899 0.000000000850083 31.9151
-66.3744 14.5769 23.041 16.6083 11.1047 25.3748 28.0696 8.69282 80.151 41.5744 187.868 86.0816 41.5284 45.0068 68.4863 33.6577 104.992 220.458 31.6566 13.0519 26.6323 13.5384 58.3074 44.167 58.8862 0.000000000850083 29.4828
-64.286 13.7094 23.041 8.55462 9.86736 25.3748 35.254 8.69282 82.1442 46.2626 185.705 82.712 40.368 45.0068 71.8719 33.6577 109.384 220.458 34.6244 9.06194 22.2568 13.5384 58.3074 44.167 42.1436 0.000000000850083 31.4964
-64.286 14.1929 23.041 8.55462 10.8637 25.3748 35.254 11.1076 80.8411 46.2626 185.705 61.2803 53.7582 45.0068 71.8719 33.6577 109.384 220.458 34.6244 6.25313 22.9681 24.1861 58.3074 90.6209 65.258 0.000000000850083 36.1305
-66.1527 14.1929 23.041 11.0948 11.7145 25.3748 26.6718 6.61562 80.8411 46.2626 185.705 61.2803 60.5991 45.0068 71.8719 33.6577 109.384 220.458 42.1476 0.626231 23.1606 24.1861 50.1096 117.886 37.9272 0.000000000850083 36.095
-66.6665 18.2526 23.041 11.0948 14.086 25.3748 29.0775 6.61562 73.6457 46.2626 185.705 59.3481 61.6909 45.0068 80.6276 33.6577 109.384 220.458 42.1476 0.626231 22.9815 8.26496 51.6572 103.113 65.3496 0.000000000850083 34.0644
-67.2271 14.994 27.3401 12.465 14.086 19.1363 29.0775 5.88016 83.5862 46.2626 185.705 59.3481 58.2755 45.0068 80.6276 33.6577 96.764 220.458 49.8356 2.16217 21.3878 9.68547 54.0294 31.2829 65.3496 0.000000000850083 29.2209
-67.3318 14.1536 27.3401 11.7555 14.086 19.1363 26.4028 36.7678 74.5555 15.3463 185.705 59.3481 62.3382 52.6894 70.6064 33.6577 103.255 220.458 49.8356 3.28448 20.3431 7.94853 45.0202 13.7065 58.415 0.000000000850083 31.1324
-67.5842 14.1536 27.3401 13.4305 14.086 19.1363 8.70984 36.7678 74.5555 13.7754 185.705 98.3976 58.1926 52.9992 70.6064 18.2825 107.075 220.458 49.8356 7.46221 21.0562 4.21661 27.0569 34.7865 54.2405 0.000000000850083 27.9532
-67.6337 13.1782 26.8556 11.7552 14.086 19.1363 9.7268 34.6799 74.5555 13.7754 185.705 96.7707 58.1926 52.9992 78.801 18.2825 107.211 210.231 53.3182 7.95439 20.6986 7.78151 12.5676 30.7194 52.6427 0.000000000850083 29.5261
-71.4037 13.1782 26.8556 16.4258 14.086 19.1363 9.68096 27.1536 80.9941 14.0646 185.705 97.6778 58.1926 50.9392 78.801 11.9824 110.483 210.231 53.3182 2.2414 15.4318 9.45638 27.507 4.65597 27.2575 0.000000000850083 33.6331
-68.5766 13.528 26.8556 16.4258 14.086 19.1363 10.7694 11.2347 80.9941 27.8923 185.705 98.1747 58.1926 50.9392 90.933 11.9824 101.869 212.174 48.7084 2.2414 7.86748 10.7761 26.0708 27.6716 27.2575 0.000000000850083 29.9993
-67.8862 13.528 26.8556 16.4258 14.086 19.1363 13.8746 11.2347 80.9941 27.8923 174.952 96.6409 58.1926 50.9392 90.933 11.9824 101.869 214.082 50.8497 22.823 2.51083 10.7761 25.4172 27.6716 27.2575 0.000000000850083 29.1242
-65.4234 13.528 26.8556 17.9556 14.086 19.1363 15.9966 14.9178 72.1602 22.5498 174.952 96.6409 58.1926 50.9392 102.478 8.24651 97.6152 214.082 57.3447 25.2932 2.51083 10.7761 25.6846 92.8065 1.91947 0.000000000850083 33.5152
-67.3207 14.6988 21.2955 17.9556 14.086 19.1363 10.4309 30.407 72.1602 38.9257 151.533 96.6409 58.1926 53.9455 102.478 8.24651 97.6152 214.082 60.03 26.2198 2.51083 7.0646 12.829 99.7562 6.50945 0.000000000850083 33.1539
-66.0824 16.8852 20.291 29.6417 2.9722 19.1363 22.7785 45.5073 72.1602 14.0175 151.533 103.517 65.4453 49.2028 102.478 8.24651 86.9516 214.082 54.5116 14.3626 11.8732 6.33738 66.05 61.6608 19.7285 0.000000000850083 32.0897
-65.9544 20.0606 17.3612 29.6417 2.9722 19.1363 18.4679 45.5073 71.3141 14.0175 151.599 104.167 69.2012 49.2028 102.478 32.6396 75.4478 214.082 49.6863 11.7794 17.6462 6.4588 8.00467 103.408 15.9226 0.000000000850083 29.2567
-65.3356 20.3098 17.3612 29.6417 2.9722 19.1363 19.1589 45.5073 72.4785 14.0175 151.599 101.895 69.2012 49.2028 102.478 32.6396 69.0429 212.191 49.6863 11.7794 20.2331 6.52945 2.34543 71.9714 18.0125 0.000000000850083 27.6034
-65.3356 20.3098 17.3612 28.6816 2.9722 19.1363 24.3013 25.1772 70.173 14.0175 163.32 99.2805 73.8252 49.2028 102.478 28.5025 72.792 204.186 54.2429 11.7794 28.913 6.54735 14.8183 71.9714 22.0258 0.000000000850083 28.3325
-65.2755 13.3855 17.3612 28.6816 10.5652 19.1363 24.4563 32.1135 71.2524 0.992854 163.32 96.4831 73.8252 60.0219 102.478 28.5025 72.792 204.761 53.6333 7.01098 24.1233 6.57855 14.8183 138.736 24.9988 0.000000000850083 30.8887
-64.3674 20.1792 19.5774 16.8808 8.14131 19.1363 16.5451 28.9283 70.6822 0.992854 163.32 89.4285 84.4723 60.0219 102.478 48.5904 72.792 204.907 51.5093 2.11236 27.645 6.56937 12.8706 184.343 29.3638 0.000000000850083 36.5493
-63.683 20.1792 26.7397 10.1114 12.6179 19.1363 30.6136 29.7222 66.4454 1.9677 163.32 76.0646 84.4723 64.9132 87.0828 60.1571 64.4852 205.681 40.1034 9.04587 36.6992 6.56382 26.7562 11.3625 30.3729 0.000000000850083 30.4921
-64.0184 18.0689 26.7397 10.8884 13.2536 19.1363 27.1528 29.7222 66.9976 1.9677 163.32 81.429 84.4723 52.6992 107.828 48.2828 64.4852 205.208 50.8304 6.39957 34.1868 6.5501 36.0693 47.9314 26.9194 0.000000000850083 28.3198
-64.3845 18.0689 26.7397 11.8205 13.2674 19.1363 27.1528 29.7222 65.6667 8.65929 163.32 73.1598 91.4902 52.6992 107.828 52.0161 53.382 206.275 50.482 4.93744 34.1868 6.46154 43.0805 42.2635 43.0659 0.000000000850083 28.0701
-64.3845 18.0689 31.384 6.78497 11.8527 19.1363 23.1896 38.1051 65.2516 8.65929 162.334 43.5437 130.637 52.6992 107.062 52.0161 46.9045 200.268 51.82 5.83019 34.932 7.33361 66.7362 50.7273 69.8209 0.000000000850083 30.1827
-64.6407 11.6053 21.4654 4.61984 16.1672 54.0237 18.2011 38.0319 65.9404 8.65929 159.296 43.5437 134.046 36.1486 106.856 52.0161 46.9045 205.415 49.9434 8.26794 26.7506 19.2598 28.9853 48.0079 75.7631 0.000000000850083 31.8692
-67.2926 11.4928 20.8065 4.61984 11.4013 54.0237 18.2011 42.2659 65.9404 8.90863 183.692 20.398 129.624 40.1825 106.856 52.0161 46.9045 206.567 49.9434 13.7532 25.2855 11.5828 14.1788 34.8637 67.2214 0.000000000850083 31.6685
-65.4552 11.8188 20.8065 3.69739 13.8208 54.0237 17.1442 42.2659 65.3737 8.90863 178.659 20.398 129.624 39.4651 106.856 49.005 55.3416 204.633 51.803 4.0461 16.0752 21.811 55.5307 33 64.2841 0.000000000850083 31.6096
-65.8072 12.5407 15.391 3.62271 13.8208 44.8063 17.141 42.2659 64.194 8.90863 178.659 20.398 129.624 39.4651 106.856 66.6885 55.3416 204.567 57.8768 5.5184 8.4224 2.26078 55.5307 28.1206 62.7038 0.000000000850083 28.9956
-65.9665 12.5407 15.391 3.89493 16.8638 41.5447 17.1727 42.3542 64.194 26.3751 157.669 20.398 148.806 29.2686 121.708 66.6885 23.2235 205.036 96.0014 7.37135 7.96289 0.789892 13.1111 20.5341 62.8211 0.000000000850083 36.2043
-65.6211 12.8884 20.2069 1.4906 14.3125 44.2512 17.1778 43.9175 64.194 26.3751 157.669 20.398 159.297 9.06407 121.708 66.6885 30.6589 202.314 70.9905 7.37135 22.4278 10.444 25.9834 4.61695 64.4311 0.000000000850083 29.598
-65.2172 12.8884 21.2041 1.4906 14.3125 44.2512 17.1778 43.9175 63.514 27.7224 157.669 20.398 159.297 9.06407 121.708 66.6885 30.6589 201.142 76.6867 1.89872 19.1605 10.444 32.9526 4.61695 66.629 0.000000000850083 31.7296
-67.4024 15.0526 23.177 5.04933 9.6323 44.8911 10.8234 43.9175 65.4267 27.7224 157.669 20.398 159.297 15.0657 121.708 66.6885 22.0712 194.739 76.6867 13.7836 20.5724 10.9376 19.1867 15.0695 62.2641 0.000000000850083 31.8574
-65.3791 12.7494 32.6362 5.22382 4.73479 32.3691 8.49797 43.9175 60.3553 29.6027 132.895 20.398 201.728 15.0657 121.708 66.6885 22.0712 193.791 76.6867 12.621 4.82406 18.773 57.2742 24.4938 61.6376 0.00000000131006 29.4213
-68.0861 9.92699 32.9703 5.22382 4.61285 35.025 10.9962 43.9175 54.2512 29.6027 132.895 20.398 201.728 16.4585 120.943 66.6885 27.1814 193.791 75.0414 13.5389 8.08161 9.61118 52.0239 24.4938 62.1101 0.00000000131006 32.9281
-68.0861 7.73689 32.9703 8.67262 5.01886 35.025 10.9962 43.9175 51.574 28.4662 132.895 20.398 201.728 16.4585 120.943 74.5018 27.1814 170.488 98.8518 15.9869 6.50647 9.61118 61.5233 15.2508 55.2607 0.00000000131006 30.0136
-66.8858 11.2479 32.9703 8.67262 4.83616 35.025 11.4315 43.9175 51.574 28.4662 132.895 20.398 201.728 16.4585 120.943 74.5018 27.1814 170.488 98.8518 13.1001 8.67959 3.08208 62.0578 20.1399 65.5081 0.00000000131006 28.6531
-64.3657 11.2479 32.9703 7.22328 5.16991 35.025 11.4315 43.9175 50.5765 28.4662 132.895 20.398 201.728 16.4585 120.943 76.0295 27.1814 170.488 98.8518 13.8748 8.67959 3.08208 52.9087 21.7001 92.7812 0.00000000976892 32.1568
-65.3645 7.96835 32.9703 8.29038 6.14014 35.025 7.81073 43.9175 50.5765 26.3412 132.895 20.398 201.728 22.7453 120.943 75.7631 27.1814 170.488 98.8518 9.85966 8.67959 7.6459 36.9806 21.7001 6.96134 0.000000000685945 27.5272
-64.4433 7.40795 32.9703 9.69599 6.14014 35.025 10.7719 43.9175 50.5765 26.3412 130.387 20.398 201.728 22.7453 120.943 75.7631 27.1814 170.488 83.2138 6.81729 8.67959 7.6459 83.2534 52.398 106.478 0.000000000685945 31.1758
-65.2009 7.40795 32.9703 9.69599 6.07027 35.025 10.7719 43.9175 50.8333 26.3412 128.954 20.398 201.728 22.7453 120.943 75.7631 27.1814 170.488 83.2138 3.06125 17.0744 7.74728 83.2534 45.7268 177.049 0.00000000492228 34.5612
-65.8709 7.40795 27.6318 14.2635 4.38467 35.025 14.1863 43.4513 50.2273 27.3785 128.954 20.398 201.728 22.7453 120.943 75.7631 27.1814 170.488 83.2138 8.34457 10.6176 7.74728 44.29 42.8262 147.074 0.00000000420936 31.7805
-64.9817 7.44029 27.6318 18.5747 1.84601 35.025 10.9775 43.4513 47.5225 27.3785 128.954 20.398 201.728 22.7453 120.943 75.7631 27.1814 185.812 83.2138 3.35731 13.1244 7.74728 44.29 41.9321 147.074 0.00000000420936 33.6392
-63.8151 7.44029 27.6318 18.5747 1.84601 38.5045 10.2743 43.4513 50.5012 27.0838 129.063 20.398 201.728 22.7453 120.943 75.7631 27.1814 177.177 83.2138 3.35731 25.5301 3.18402 44.29 41.5653 52.0175 0.00000000420936 33.0085
-64.0196 6.2389 27.6318 18.4024 1.0919 38.5045 12.7554 43.4513 47.5137 26.5437 129.063 20.398 201.728 22.0985 120.943 71.7974 27.1814 177.177 83.2138 2.01302 22.2095 3.18402 24.2826 41.809 52.0175 0.00000000684585 33.357
-64.3595 6.42495 27.6318 18.4024 1.50496 38.5045 12.7554 43.4513 47.5137 26.5437 129.063 20.398 201.696 22.0985 120.943 76.5808 27.1814 177.177 78.3944 2.01302 19.9328 3.6163 7.11651 43.0082 39.5317 0.00000000684585 32.0683
-67.108 3.5864 27.6318 17.4062 3.37109 38.5045 12.7554 43.4513 47.5137 23.8368 134.798 20.398 201.696 19.078 120.943 77.9338 43.0252 172.018 78.3944 2.01302 14.3539 6.44172 29.7496 43.9735 52.1142 0.0000000320124 37.7015
-67.175 5.63543 27.0848 22.9116 4.39923 39.0729 10.6796 43.4513 49.2631 23.8368 134.798 20.398 201.696 19.078 120.943 75.5253 22.9395 176.49 74.0976 4.9255 17.1416 5.79505 34.6494 44.3981 62.4759 0.0000000407442 35.5079
-66.4603 5.93203 21.5198 21.9292 4.33798 39.0729 10.6796 43.4513 50.3148 33.5013 127.052 20.398 201.696 19.078 120.943 75.5253 16.433 79.7447 180.446 2.95608 17.7667 5.61907 34.6494 42.6976 34.7609 0.0000000458514 37.2586
-66.5836 4.64379 19.4831 23.0558 3.54509 44.376 10.6796 43.4513 51.3626 48.7179 120.207 20.398 201.696 19.078 120.943 61.0681 17.0222 91.8305 197.561 2.52456 12.5963 1.74991 17.7886 48.8247 57.2923 0.000000109972 36.1215
-64.2622 4.68896 19.4831 23.0558 3.75882 44.376 10.6796 43.4513 55.2388 48.7179 118.879 20.398 201.696 19.078 120.943 71.7998 17.0222 91.8305 177.735 2.52456 13.3884 6.77143 17.7886 47.025 44.0173 0.000000165071 37.2896
-65.2754 4.68896 19.4831 23.7889 1.48148 44.376 10.6796 43.4513 55.6601 48.7179 118.879 20.398 201.696 19.078 120.943 71.7998 17.0222 91.8305 183.638 3.76912 2.093 6.77143 17.7886 19.4878 70.5119 0.000000165071 36.0062
-67.0749 5.96408 18.656 20.759 1.48148 44.376 10.6796 43.4513 49.5394 48.7179 115.164 20.398 201.696 19.078 120.943 73.2529 17.0222 91.8305 183.638 2.14112 2.093 6.69169 17.7886 11.3405 70.5119 0.000000147161 38.3166
-63.4721 4.91648 17.0459 20.759 3.63085 44.376 8.9344 57.9209 49.5394 47.8182 103.931 20.398 201.696 19.078 120.943 72.821 17.0222 91.8305 183.285 4.15644 12.4903 7.10771 23.7732 136.64 110.033 0.0000000909448 40.1287
-63.8614 5.79731 18.4569 20.759 1.45235 51.2251 0.107732 57.9209 49.7255 47.8182 88.3317 42.8568 201.696 16.0597 120.943 84.7521 17.0222 91.8305 182.541 3.80715 18.7141 2.12515 34.8704 49.3049 72.9856 0.0000000436318 42.1711
-66.38 5.38173 18.8342 15.1247 2.10905 55.0928 0.107732 30.5389 47.0825 61.3134 33.7575 125.32 207.333 21.1739 91.779 84.4395 11.5042 105.308 182.541 3.71913 22.4969 2.12515 30.1336 4.7681 9.00335 0.0000000575943 39.2941
-66.2812 1.65093 19.1086 14.5552 2.10905 56.9213 0.107732 22.8622 47.0825 78.242 44.5421 107.328 207.333 21.1739 91.779 84.4395 11.5042 93.6732 182.541 0.85727 6.27316 1.91683 27.1086 84.7064 3.7574 0.0000000150894 38.9414
-65.8923 3.29466 19.1086 14.5552 2.10905 56.9213 0.107732 22.8622 47.0825 78.242 44.5421 107.328 197.914 21.1739 91.779 84.4395 11.5042 99.9361 182.541 7.04144 6.27316 2.27707 42.9233 111.29 6.29098 0.0000000150894 38.1857
-65.8923 3.18967 15.8778 18.6876 2.10905 71.3307 1.28321 17.6908 36.0069 78.242 44.5421 106.439 197.914 21.1739 102.439 94.6432 11.5042 81.7773 182.541 28.4716 3.76954 3.26903 101.694 22.5967 6.29098 0.0000000116147 37.2943
-65.8923 4.46325 15.8778 18.6876 2.10905 71.3307 1.28321 17.6908 35.7139 78.242 44.5421 106.439 197.914 21.1739 102.439 91.9899 11.5042 81.7773 182.541 28.4716 3.76954 3.55434 25.1713 22.5967 38.5618 0.00000000189007 34.9025
-65.5847 2.62698 13.8615 18.6876 2.10905 71.3307 1.28321 17.6908 34.8243 78.242 44.5421 106.439 197.914 21.1739 102.439 93.1835 11.5042 81.7773 184.604 24.458 8.74173 4.03604 25.1713 28.3344 32.3553 0.00000000189007 32.5355
-66.1838 1.55973 13.8615 18.6876 2.10905 72.579 1.28321 17.6908 34.8243 78.242 44.5421 107.247 197.914 21.1739 105.549 93.1835 11.5042 81.7773 184.604 24.1209 5.20124 4.06203 85.3493 5.54639 69.4799 0.00000000189007 35.1693
-66.3873 1.55973 13.3563 18.6876 2.10905 72.579 1.28321 18.094 34.8243 78.242 44.5421 107.247 197.914 21.1739 105.549 93.1835 11.5042 81.7773 184.604 21.4098 5.20124 4.12911 99.3149 58.4686 69.509 0.00000000114271 35.4735
-66.362 1.55973 13.3563 18.6876 2.10905 72.579 1.28321 18.094 34.8243 78.242 46.3596 107.247 197.914 21.1739 105.549 90.8571 7.97966 81.7773 184.604 23.1224 6.08505 4.08263 99.3149 59.6734 74.0849 0.00000000114271 35.2065
-66.5754 1.55973 12.0064 18.6876 2.10905 75.9046 1.28321 20.1985 34.8243 78.242 46.3596 107.247 197.914 16.671 105.549 89.2702 12.8058 77.7125 184.604 23.1224 6.08505 4.39421 120.632 40.6039 73.4774 0.000000000770666 35.7731
-66.0117 1.55973 12.0064 18.2337 2.10905 75.9046 1.28321 20.1985 36.8018 78.242 46.3596 107.247 197.914 16.671 105.549 90.6189 12.8058 78.9116 184.604 18.1454 11.1908 3.82861 15.6077 39.2751 72.9345 0.000000000770666 33.0035
-64.9917 1.55973 12.0064 15.7454 2.10905 75.9046 1.28321 20.4809 36.8018 78.242 46.3596 107.247 197.914 16.671 105.549 91.2309 12.8058 78.9116 184.604 20.219 11.1908 3.82861 15.6077 46.7182 72.8166 0.00000000147324 34.1085
-65.9853 1.55973 12.9391 12.4871 2.41792 75.9046 3.11437 25.7962 36.8018 71.1116 46.3596 107.247 197.914 16.671 105.549 95.4075 12.8058 78.9116 184.604 11.1264 20.5134 2.15139 28.4951 34.9355 71.9153 0.00000000820847 36.7859
-65.8134 1.55973 4.72676 15.7024 2.41792 69.1499 9.31048 22.3495 47.9459 71.1116 46.3596 107.247 190.774 26.321 100.965 100.818 5.69435 116.583 133.554 11.079 0.410672 2.15139 44.4998 80.436 71.4793 0.00000000248577 38.5807
-66.6475 1.55973 4.72676 16.9098 3.89093 74.8186 9.31048 23.7357 47.9459 71.1116 46.3596 107.247 190.774 16.1758 100.965 101.015 5.69435 126.214 133.554 20.2632 8.41741 5.67399 6.8046 76.1015 71.3178 0.0000000013049 37.155
-66.6475 1.55973 4.72676 16.0396 3.87026 74.8186 9.31048 23.7357 39.8502 71.1116 46.3596 107.247 190.774 16.1758 96.0526 101.015 1.44147 176.02 97.4046 29.534 8.41741 5.67399 47.3704 9.61838 71.3178 0.000000002055 33.1489
-66.7484 11.415 5.39261 14.6462 4.98397 74.8186 0.943667 23.7357 39.8502 64.4376 46.3596 107.247 190.774 16.1758 106.127 96.2123 13.735 155.75 97.4046 32.6676 19.3585 1.90412 35.5469 11.9638 75.2093 0.00000000278437 35.7052
-65.1674 11.415 6.79964 11.5468 5.10253 74.8186 0.943667 27.0193 39.8502 59.3786 52.556 107.247 190.774 16.1758 106.127 97.2333 13.735 167.42 97.4046 27.1444 4.06331 4.09909 65.5049 69.1471 76.3819 0.00000000188806 33.336
-65.4519 11.415 7.45225 11.0506 7.98633 74.8186 3.53312 26.7658 36.3361 54.6638 52.556 107.247 190.774 12.969 106.127 98.1267 13.735 167.42 94.3109 26.5852 5.33034 5.36314 34.3077 69.1471 53.6108 0.000000000124019 31.6973
-65.5147 11.415 7.87726 10.9616 7.98633 74.8186 3.53312 27.1551 36.3361 54.6638 51.8477 107.247 190.774 12.969 106.127 95.9301 13.9275 167.42 94.3109 32.8241 5.33034 7.42456 26.1471 48.1367 80.2064 0.000000000124019 31.5823
-65.5147 11.415 8.5849 10.8291 8.07885 71.8119 3.53312 25.2531 34.0982 54.6638 51.8477 108.481 190.774 12.969 106.127 95.9301 18.8187 167.42 94.3109 29.1905 14.1226 5.24518 7.62977 15.618 42.8784 0.000000000124019 32.8916
-65.6397 11.415 12.129 14.5971 5.02697 71.8119 7.79417 21.7348 28.6329 58.3339 51.8477 108.481 190.774 12.969 109.112 95.9301 18.8187 167.42 97.1012 27.9973 6.87254 5.24518 7.62977 17.3047 48.8349 0.00000000061262 35.6569
-65.6944 11.415 12.129 20.6943 6.61394 71.8119 7.79417 19.6668 28.6329 58.3339 51.8477 111.288 190.774 12.969 99.4839 99.2849 18.8187 167.42 86.3669 27.9973 5.94007 9.63473 7.62977 1.70587 42.1797 0.0000000012722 38.028
-65.9686 11.415 9.02741 20.6943 4.0676 71.8119 7.79417 19.6668 28.6329 58.3339 51.8477 114.659 190.774 12.969 98.4757 102.485 18.8187 167.42 86.3669 31.692 6.63065 11.1523 18.3022 38.6414 39 0.000000000481913 37.1102
-65.4184 11.415 7.40065 14.537 2.66963 71.8119 22.4642 21.1872 28.6329 55.4281 51.8477 111.416 190.774 4.01162 98.4757 103.63 18.8187 167.42 93.9626 31.8729 6.21221 8.11875 63.2003 33.1703 44.0322 0.00000000815651 33.7809
-64.8601 11.415 8.04971 14.537 2.3607 71.8119 24.4473 23.0479 23.0691 53.9865 44.0328 124.399 190.774 19.582 98.4757 101.806 7.74743 167.42 93.9626 32.9146 5.00535 10.1459 34.088 38.3998 28.8734 0.00000000674659 35.345
-64.0146 11.415 8.04971 14.6183 3.2283 71.8119 24.4473 30.5815 23.0691 53.9865 44.0328 124.399 190.774 12.2915 96.5761 102.935 7.74743 167.42 93.9626 32.9146 2.16327 8.30507 24.6542 35.7197 27.1567 0.00000000441659 33.3803
-68.3708 11.415 7.03361 15.431 3.24143 71.8119 24.4473 30.5815 23.0691 53.9865 44.0328 113.728 190.774 12.2915 96.5761 103.206 7.74743 172.451 93.9626 34.3151 2.74471 6.94402 36.4299 35.7197 37.7722 0.0000000242566 34.3337
-68.3708 11.415 7.03361 15.431 2.82074 71.8119 24.4473 28.7103 23.0691 53.9865 44.0328 113.728 190.774 15.5981 96.5761 103.112 7.74743 172.451 93.9626 34.6344 2.0766 8.1735 45.3438 112.501 37.7722 0.0000000110001 34.8312
-67.6615 11.415 8.68443 15.431 4.92597 69.2914 24.4473 28.7103 23.0691 55.068 44.0328 96.3454 190.774 28.398 96.5761 103.001 7.74743 172.451 93.9626 33.9512 2.10075 10.1407 63.7356 17.3717 49.6726 0.0000000113172 34.8236
-67.4117 11.415 6.48039 15.431 4.92597 69.2914 23.6655 28.7103 23.0691 56.8531 44.0328 96.3454 190.774 30.3202 96.5761 103.824 7.74743 172.451 93.9626 33.4177 2.10075 10.1407 23.9067 17.3717 54.6999 0.00000000537226 31.6155
-65.2093 11.415 6.48039 15.431 4.92597 69.2914 22.9744 28.7533 23.0691 58.9882 44.0328 96.3454 190.774 30.3202 96.5761 105.448 11.8651 172.451 93.9626 29.0155 2.10075 10.1407 76.3259 69.5006 64.2352 0.0000000100947 33.0575
-65.3935 11.415 6.48039 15.431 4.92597 69.2914 22.9744 28.7533 23.0691 58.9882 44.0328 95.4793 190.774 28.0084 95.6499 103.154 11.8651 172.451 92.0719 29.7512 1.45645 13.4818 71.9553 92.2117 89.5382 0.00000000585547 34.1191
-64.7511 15.0376 8.76644 13.2959 5.796 67.3975 20.9454 34.1171 23.0691 60.6362 44.0328 92.6647 190.774 28.8317 95.6499 102.609 10.9847 179.433 82.8502 29.4692 6.93715 16.947 22.0267 60.5132 90.3027 0.00000000181387 39.5607
-61.8556 15.3451 8.76644 13.2959 1.62799 54.8856 18.3089 34.5797 34.0777 62.0941 44.0328 97.4288 190.774 27.1843 95.6499 104.72 16.9274 173.126 81.7892 29.0722 13.4981 6.22325 10.9215 13.8171 89.1945 0.00000000181387 33.1611
-63.6093 4.31028 10.5701 20.0337 0.493948 54.8856 20.4562 38.2634 34.0777 60.2304 44.0328 97.4288 190.774 27.589 95.6499 102.769 16.9274 173.126 81.7892 29.0722 11.0517 6.37271 10.9215 21.1478 62.3604 0.000000000820449 32.8816
-63.0498 10.0401 4.80815 20.0337 2.06883 53.3083 19.401 38.8772 34.0777 57.7404 44.0328 97.4288 190.774 28.3668 95.146 103.585 16.9274 181.192 75.6909 29.0722 11.0517 6.4337 10.9215 21.1478 71.6804 0.000000000267915 31.2596
-59.9005 11.7087 9.58146 20.0337 2.06883 53.3083 15.8302 35.6684 34.0777 62.092 44.0328 97.4288 190.774 28.3668 95.146 102.716 16.9274 178.646 75.6909 29.0722 11.0517 4.72758 22.4228 14.8963 4.33831 0.000000000267915 34.0571
-61.1518 8.82101 6.30187 20.0337 3.72207 53.3868 15.8302 37.1105 34.0777 63.7096 44.0328 97.4288 190.774 28.3668 95.146 102.716 16.9274 170.945 76.0884 29.0722 11.7075 16.2662 24.1532 8.69387 4.024 0.000000000267915 33.9695
-64.0505 8.82101 6.30187 20.0337 7.99038 53.3868 14.6299 27.5107 34.0777 66.4629 44.0328 94.7526 190.774 28.3668 95.146 102.716 16.9274 170.945 76.0884 32.6724 6.36597 26.045 37.7168 68.3095 47.8368 0.000000000267915 32.2895
-63.5092 8.82101 7.97155 9.53732 7.3799 61.9945 14.6299 27.5107 33.2688 68.6439 44.0328 91.1367 190.774 31.7345 95.146 105.591 8.48065 188.409 77.5419 30.2092 3.27987 17.6521 49.0708 14.0769 79.2776 0.000000000267915 31.7805
-64.004 8.82101 5.62078 7.66012 4.94994 68.5645 14.8604 27.5107 33.2688 72.2549 44.0328 88.9434 190.774 30.528 95.146 105.591 11.1439 183.917 82.2328 22.501 3.27987 14.6951 68.5869 20.8074 77.0715 0.000000000267915 30.6356
-70.8524 8.226 17.7155 13.5352 2.16319 68.5645 9.48661 19.1253 27.2014 72.2549 44.0328 100.754 190.774 28.543 92.0863 105.591 11.1439 187.606 78.897 26.6277 3.27987 14.6951 8.15227 20.8074 52.0872 0.000000000267915 34.4767
-68.1711 5.95465 20.5153 10.1184 2.16319 68.5645 13.2529 25.6877 27.2014 72.2549 44.0328 102.48 185.312 29.1574 92.0863 116.448 8.09291 164.409 88.4122 39.8149 5.12287 4.39255 38.5016 107.622 80.3433 0.000000000267915 34.0389
-68.1711 5.95465 20.5153 11.9796 2.16319 68.5645 12.7438 25.6877 27.2014 72.2549 44.0328 98.3657 185.312 31.8558 92.0863 115.637 8.09291 164.409 88.4122 35.7211 5.12287 4.39255 5.10665 107.622 58.7839 0.000000000267915 32.7669
-67.4953 5.95465 18.0169 11.9796 2.16319 68.5645 12.7438 25.6877 27.2014 72.7498 44.0328 100.87 185.312 31.8558 92.0863 115.637 8.09291 164.409 88.4122 35.7211 10.9617 1.82006 18.5794 107.622 42.6156 0.000000000267915 32.9428
-67.8845 5.95465 16.6252 11.9796 2.16319 68.5645 8.66936 25.6877 34.398 72.7498 44.0328 103.619 185.312 27.53 83.3919 117.518 8.09291 179.144 78.3594 26.8061 16.4166 1.82006 11.8639 107.622 28.1949 0.000000000267915 33.2164
-66.6649 5.95465 16.6252 11.4287 2.16319 68.5645 8.66936 25.6877 34.398 72.7498 44.0328 104.918 185.312 27.8354 83.3919 117.518 8.09291 179.144 78.3594 26.8061 16.4166 1.67197 11.8639 117.703 30.1807 0.000000000267915 31.9621
-66.9666 5.95465 23.7682 7.32153 2.16319 68.5645 8.38416 25.6877 30.7318 72.7498 44.0328 105.243 185.312 27.537 83.3919 117.512 8.09291 179.144 78.3594 27.7325 13.8613 8.83161 43.3999 82.5541 25.943 0.000000000267915 29.4565
-67.3755 5.95465 23.7682 9.91282 2.16319 68.5645 8.38416 25.6877 30.7318 72.7498 44.0328 98.2858 185.312 27.537 83.3919 116.672 8.09291 196.995 72.1627 20.3969 13.8613 11.2834 43.3999 86.9396 21.4411 0.000000000267915 30.7999
-64.8964 5.95465 19.0272 9.91282 5.43301 70.7163 11.3954 25.6877 21.5166 76.099 44.0328 98.2858 185.312 29.2105 83.3919 113.819 8.09291 196.995 53.2258 46.6274 5.00592 8.44635 3.95525 86.9396 18.2648 0.000000000267915 36.4291
-64.9381 5.95465 19.0272 9.94665 2.96272 70.7163 14.0044 25.6877 21.5166 76.099 44.0328 98.2858 185.312 29.2105 83.3919 113.819 8.09291 198.483 61.2194 46.6274 5.00592 1.12386 3.95525 137.07 3.79512 0.000000000267915 35.8419
-63.554 5.95465 19.0272 10.2053 2.08079 70.7163 14.0044 26.8443 20.9123 76.099 44.0328 98.2858 185.312 32.1767 83.3919 106.103 8.09291 198.483 61.2194 53.8078 5.01413 2.55734 3.95525 100.768 10.0478 0.000000000267915 38.0758
-63.554 5.95465 19.0276 10.1244 2.08079 70.7163 13.93 28.513 20.8692 76.099 44.0328 98.2858 185.312 32.1767 83.3919 106.103 8.09291 198.483 61.2194 53.8078 2.70085 2.55734 86.1699 124.712 10.0478 0.000000000267915 37.3587
-68.2921 5.95465 19.0276 10.1244 2.08079 70.7163 13.93 28.513 20.9313 76.099 44.0328 98.2858 185.312 32.1767 83.3919 106.103 8.09291 198.483 61.2194 53.8078 4.55435 1.63423 86.1699 124.712 10.0478 0.000000000267915 38.235
-63.32 0.810197 20.1557 5.74747 2.08079 70.7163 17.9121 19.4348 20.9313 76.099 44.0328 118.84 185.312 24.4431 83.3919 109.571 38.5305 198.483 52.5908 21.4937 6.44344 3.67736 87.547 145.248 6.73351 0.000000000267915 44.0645
-67.0192 0.810197 19.6747 5.74747 3.44184 69.1119 17.9121 31.5499 17.2115 76.099 44.0328 119.113 185.312 24.4431 83.3919 83.622 39.4876 198.483 52.5908 17.3097 6.82661 2.92203 103.049 145.248 19.8149 0.000000000267915 32.6905
-66.9241 0.810197 19.6747 6.18213 3.44184 69.1119 17.9121 31.5499 17.2115 76.099 44.0328 110.241 185.312 34.3877 83.3919 84.5469 39.4876 207.725 52.5908 17.3097 13.7364 2.92203 152.776 109.708 21.9496 0.000000000267915 32.6186
-66.24 0.810197 19.0744 6.18213 3.44184 69.1119 17.9121 31.5499 17.2115 76.099 44.0328 110.241 185.312 34.3877 83.3919 84.5469 39.4876 197.49 52.5908 17.3097 13.7364 4.37388 152.776 109.708 23.2247 0.000000000267915 32.6582
-66.1376 0.810197 19.0744 6.10074 3.44184 69.1119 18.8359 31.5499 8.79011 83.6136 44.0328 110.241 185.312 34.8878 83.3919 84.5469 39.4876 197.49 52.5908 17.3097 13.7364 4.37388 152.776 109.708 2.22881 0.000000000267915 34.2456
-66.1376 0.810197 19.0744 7.82602 3.44184 69.1119 18.8359 31.5499 8.79011 83.6136 44.0328 108.519 185.312 34.8878 83.3919 84.5469 39.4876 197.49 52.5908 17.3097 13.7364 2.75451 152.776 68.8986 2.22881 0.000000000267915 34.7035
-65.4925 0.810197 19.0744 6.07988 3.44184 69.1119 18.8359 31.5499 8.79011 83.6136 44.0328 108.519 185.312 33.7402 83.3919 84.5469 39.4876 197.49 52.5908 28.7667 13.7364 11.647 234.971 68.8986 2.22881 0.000000000267915 35.8618
-65.9242 0.810197 19.0744 6.07988 3.44184 72.0092 29.5134 26.0998 8.79011 83.6136 44.0328 95.6611 185.312 32.8434 79.7503 84.5469 39.4876 184.428 87.8386 15.848 8.53213 17.0917 82.0162 95.4763 2.22881 0.000000000267915 31.7456
-66.7479 0.810197 19.0744 9.69821 3.44184 66.6398 29.5134 29.5818 8.79011 84.2612 44.0328 95.6611 176.948 47.4697 79.7503 89.8028 34.6639 184.428 79.3524 15.848 8.53213 14.4882 61.4981 95.4763 14.5326 0.000000000267915 29.3636
-64.9779 0.810197 19.0744 9.73176 3.44184 66.6398 29.5134 42.6267 8.79011 59.9334 44.0328 95.6611 176.948 47.4697 79.7503 101.845 34.6639 184.428 79.3524 15.848 10.9976 10.1833 121.316 102.455 37.5272 0.000000000267915 31.0879
-64.8883 0.810197 19.0744 9.73176 3.44184 66.6398 29.4439 42.6267 8.79011 59.9334 44.0328 95.6611 176.948 47.4697 79.7503 101.845 34.6639 184.428 79.3524 12.4391 10.9976 10.9561 108.793 100.045 37.5272 0.000000000267915 30.7052
-66.9241 0.810197 19.0744 9.73176 3.44184 65.765 29.4439 42.6267 8.79011 59.9334 44.0328 95.6611 176.948 47.4697 79.7503 101.845 34.6639 188.393 79.3524 12.4391 10.9976 10.9561 65.6903 89.0308 33.3172 0.000000000267915 28.619
-66.9241 0.810197 19.0744 9.73176 3.44184 65.2164 25.693 42.6267 11.8929 59.9334 44.0328 95.6611 176.948 48.9468 80.0776 101.845 34.6639 188.393 79.3524 8.07037 18.8255 10.9561 108.572 65.4267 114.14 0.000000000267915 31.8474
-65.3257 0.810197 19.0744 9.73176 3.44184 65.2164 24.8625 42.6267 11.8929 59.9334 44.0328 94.2121 176.948 46.7917 80.0776 100.346 36.4198 188.393 79.3524 8.07037 9.52797 5.96384 108.572 125.906 114.14 0.000000000267915 33.5796
-64.6033 1.27932 19.0744 9.73176 3.44184 65.2164 25.0902 46.7187 11.8929 59.9334 44.0328 92.3568 176.948 47.3032 80.0776 100.346 39.3168 186.77 79.3524 17.0407 9.52797 1.32044 93.7913 125.906 114.14 0.000000000267915 33.0824
-64.6033 1.15904 19.0744 9.73176 3.65649 65.2164 25.0902 46.7187 11.8929 59.9334 44.0328 92.8798 176.948 47.3032 80.0776 100.346 39.0328 186.77 79.3524 17.0407 13.4743 1.32044 67.5423 125.906 23.714 0.000000000267915 30.8084
-65.0207 0.388527 19.0744 9.73176 3.65649 65.2164 25.0902 43.9716 11.8929 59.9334 44.0328 94.407 176.948 47.4666 80.0776 95.1103 39.0328 186.77 79.3524 16.2797 20.7832 5.13671 62.8838 295.34 33.603 0.000000000267915 35.697
-65.6284 0.388527 19.0744 9.73176 3.65649 65.2164 19.3253 43.9716 11.8929 59.9334 44.0328 94.407 176.948 56.9032 80.0776 86.6913 39.0328 186.77 79.3524 16.568 18.9998 5.13671 62.8838 295.34 1.27544 0.000000000267915 37.2967
-66.8725 0.388527 19.0744 9.73176 3.65649 65.2164 19.3253 43.9716 10.2775 59.9334 44.0328 94.407 176.948 56.9032 80.0776 91.7513 39.0328 165.85 111.077 16.568 9.552 5.13671 62.8838 295.34 23.1676 0.000000000267915 36.6726
-66.0157 0.388527 18.7898 9.73176 3.65649 65.2164 19.3253 43.9716 10.2775 75.6285 44.0328 94.407 176.948 63.2501 53.2102 91.7513 39.0328 165.85 111.077 16.4651 12.2764 5.13671 53.3373 193.852 28.3339 0.000000000267915 33.5626
-66.2714 0.388527 18.7898 9.73176 3.65649 65.2164 19.3253 44.9098 10.2775 75.6285 44.0328 94.407 176.948 63.2501 53.2102 91.7513 39.0328 165.85 111.077 17.6448 12.1777 5.13671 53.3373 193.852 35.7903 0.000000000267915 33.0855
-66.1754 0.388527 18.7898 9.73176 3.65649 65.2164 19.3253 44.9098 10.2775 75.6285 44.0328 94.407 176.948 63.2501 53.2102 91.7513 35.3445 165.85 111.077 19.2688 12.1777 5.13671 36.3901 32.7827 35.7903 0.000000000267915 30.4351
-66.3511 0.276036 17.6389 9.73176 6.51567 65.2164 19.3253 47.3635 9.04374 75.6285 44.0328 94.407 176.948 63.2501 54.7834 100.782 26.4099 165.85 111.077 19.2688 12.1777 5.13671 18.2502 28.2627 29.5048 0.000000000267915 33.2517
-66.9128 0.276036 17.6389 9.73176 5.98785 65.2164 19.3253 47.3635 9.04374 75.6285 44.0328 94.407 176.948 63.2501 52.7487 98.7582 26.4099 165.85 115.451 10.8272 15.1032 5.13671 21.8754 22.7486 12.1954 0.000000000267915 31.9109
-66.8815 0.276036 17.6389 9.73176 5.98785 65.2164 19.3253 46.0847 9.04374 75.6285 44.0328 94.407 176.948 63.2501 52.7487 98.7582 26.4099 165.85 118.271 16.4904 7.64849 1.95701 22.9933 22.7486 12.5317 0.000000000267915 30.3569
-67.5679 0.276036 17.6389 9.70498 5.98785 65.2164 19.3253 46.0847 9.04374 75.6285 44.0328 94.407 176.948 63.2501 55.5165 95.1881 26.4099 165.85 118.271 16.4904 8.1217 1.95701 18.1482 22.7486 3.32909 0.000000000267915 31.4221
-67.5118 6.39047 17.6389 6.47165 5.42549 62.1559 19.3253 46.0847 9.04374 75.6285 44.0328 94.407 176.948 63.2501 58.1807 95.1881 32.5766 165.85 100.803 16.4904 2.79533 1.95701 18.1482 22.7486 13.7655 0.000000000267915 30.0522
-66.6333 2.95992 17.6389 6.47165 3.17706 62.1559 19.3253 46.0847 9.04374 77.4404 44.0328 88.1587 176.948 63.2501 60.3125 94.3629 50.9803 165.85 104.349 16.4904 8.55416 5.46445 22.0483 17.1885 12.1304 0.000000000267915 27.4054
-66.5408 1.80142 15.5585 6.47165 12.024 62.8305 12.155 46.0847 9.04374 77.4404 44.0328 88.1587 176.948 63.2501 63.697 89.0377 53.367 165.85 96.4466 20.9078 10.1183 12.1714 33.3338 5.9938 11.3492 0.000000000267915 27.9842
-66.5408 1.80142 15.5585 6.47165 12.024 62.8305 12.155 46.0847 9.04374 77.4404 44.0328 88.1587 176.948 57.1082 70.2391 89.0377 53.367 160.78 96.4466 20.9078 10.658 12.1714 36.0732 5.9938 10.4985 0.000000000267915 27.8205
-66.7143 3.09355 15.5585 9.63229 12.024 62.8305 12.155 46.0847 9.04374 78.0151 44.0328 88.1587 176.948 58.3887 70.2391 83.0968 51.6773 160.78 96.4466 18.8577 7.20248 9.03342 29.1557 20.44 12.0411 0.000000000267915 29.325
-66.3563 1.72151 4.43907 8.05228 5.51233 77.6412 5.79121 50.5169 9.04374 78.0151 41.3058 88.1587 176.948 62.8046 70.2391 73.0569 52.3584 160.78 111.507 12.1031 6.5057 30.4144 4.80949 1.61522 13.2995 0.000000000267915 30.6208
-66.5418 1.72151 6.47384 8.05228 5.51233 77.6412 5.79121 50.5169 9.04374 78.0151 41.3058 88.1587 176.948 62.8046 70.2391 73.0569 53.4436 160.17 111.507 16.6943 4.78854 17.7847 6.63254 53.989 13.2995 0.000000000267915 29.8918
-65.3646 2.48616 6.47384 7.18934 7.99667 77.6412 5.79121 50.5169 9.04374 78.0151 41.3058 66.4314 176.948 72.8777 70.2391 80.7796 47.6331 160.17 117.876 20.6983 6.30856 17.7847 6.63254 17.4122 6.85454 0.000000000267915 31.2398
-66.1146 3.68148 1.06614 1.68235 16.4195 75.6575 5.79121 50.5169 12.7989 74.4685 41.3058 66.4314 176.948 72.7196 92.8235 80.7796 60.1174 145.006 107.175 18.2391 6.30856 13.9488 6.63254 33.0207 95.2649 0.000000000267915 33.4759
-67.5397 3.68148 1.06614 4.4786 15.0968 75.6575 5.79121 50.5169 12.7989 74.4685 41.3058 66.4314 176.948 62.0359 92.8235 80.7796 60.1174 146.351 107.175 17.0478 9.60683 8.58897 121.838 53.2046 95.2649 0.000000000267915 36.5437
-63.9954 3.68148 1.12799 5.52986 14.9058 75.6575 5.16743 59.9776 31.5734 62.8429 48.2714 66.4314 176.948 48.4206 92.8235 79.6037 47.5413 146.351 107.175 16.908 24.0207 5.62645 48.7849 43.8032 100.837 0.000000000267915 33.8877
-65.1191 3.68148 1.12799 5.52986 14.9058 75.6575 5.16743 59.9776 31.5734 62.8429 48.2714 67.4011 176.948 48.4206 92.8235 79.6037 47.5413 146.351 107.175 17.2994 24.0207 2.08737 48.7849 43.8032 94.4506 0.000000000267915 31.9507
-65.1191 3.68148 1.12799 5.52986 14.0465 75.6575 5.16743 59.9776 31.5734 62.8429 48.2714 67.4011 176.948 48.4206 92.8235 79.6037 47.5413 146.351 107.175 8.06289 26.3628 7.98133 67.9931 43.8032 65.2725 0.000000000267915 31.8316
-65.1191 3.68148 1.12799 5.52986 14.0465 75.6575 5.16743 59.9776 31.5734 62.8429 48.2714 67.4011 176.948 55.0602 89.3427 63.9121 62.0677 146.351 107.175 8.06289 26.3628 7.98133 84.7986 62.8978 48.5997 0.000000000267915 30.1344
-65.1191 3.68148 1.12799 5.52986 14.0465 75.6575 5.16743 59.9776 31.5734 62.8429 48.2714 67.4011 176.948 55.0602 89.3427 63.9121 59.0455 146.351 107.175 16.0948 26.3628 7.98133 71.8678 82.215 48.5997 0.000000000267915 32.9853
-65.0483 3.81627 1.12799 5.52986 13.0905 75.6575 5.16743 59.9776 31.5734 61.8554 48.2714 67.4011 176.948 55.0602 89.3427 63.9121 61.0033 151.256 107.098 17.2791 17.9595 10.2467 79.6975 124.289 37.0006 0.00000000251818 33.7991
-65.0483 3.81627 1.12799 5.52986 13.5009 75.6575 5.16743 59.9776 31.5734 61.8554 4.82339 67.4011 176.948 95.3987 89.3427 56.7459 63.2738 166.439 109.854 6.8093 14.4769 3.68084 174.815 124.289 35.1048 0.00000000251818 38.156
-64.9902 3.81627 1.12799 5.52986 13.5009 75.6575 6.32962 59.9776 31.5734 61.8554 4.82339 67.4011 176.948 95.3987 89.3427 56.7459 58.9795 168.145 109.854 12.794 14.4769 2.97706 206.218 124.289 45.2812 0.00000000251818 36.84
-65.1515 3.81627 1.12799 8.06398 13.483 74.3609 6.32962 59.9776 15.2879 61.8554 31.4246 67.4011 176.948 94.3902 89.3427 56.7459 58.8951 168.145 109.854 12.794 7.46789 2.97706 160.694 210.395 37.297 0.0000000347976 41.7475
-64.1611 3.81627 7.8759 10.036 13.4985 74.3609 1.9734 54.1986 15.2879 61.8554 22.7341 67.4011 176.948 91.9519 92.0713 56.7459 61.7782 168.145 110.396 9.22655 7.71598 19.1936 7.07468 96.9661 14.4311 0.000000112061 36.6298
-64.5122 3.81627 8.28202 10.3432 13.4381 74.3609 1.9734 54.1986 15.2879 61.8554 22.7341 67.4011 176.948 91.9519 92.0713 56.7459 61.7782 168.145 110.396 1.85104 14.1051 19.1936 7.07468 119.319 14.4311 0.000000243763 37.6245
-64.6085 3.81627 5.81448 13.1698 13.4018 74.3609 1.9734 53.0713 30.1928 60.1399 22.7341 70.4133 170.006 90.6032 92.0713 56.7459 63.8516 168.145 93.2411 6.64476 7.84666 20.2012 27.4014 121.616 14.4311 0.0000000334853 36.839
-66.1838 3.81627 8.43864 10.4222 13.4442 74.3609 1.9734 53.0713 14.0923 60.1399 34.3855 70.4133 170.006 90.6032 92.0713 56.7459 63.2763 176.138 93.2411 6.64476 6.0431 20.2012 21.4082 115.478 127.289 0.0000000294542 35.0203
-63.596 3.81627 7.88353 9.32204 13.5675 74.3609 2.95736 53.0713 14.0923 63.6572 34.3855 70.4133 163.203 90.6032 92.0713 63.4648 63.0883 176.138 93.2411 13.5173 8.7566 13.8874 10.089 43.4281 135.019 0.0000000168538 35.039
-67.7492 3.81627 7.63054 7.95756 13.5782 74.3609 2.95736 53.0713 13.1965 63.6572 34.3855 70.4133 163.203 90.6032 92.0041 63.4648 65.2799 176.138 93.2411 13.5173 7.57039 12.1785 10.089 43.4281 135.019 0.0000000191995 36.4748
-63.5049 3.81627 7.71412 9.17218 13.9869 74.3609 2.95736 53.0713 6.53096 78.6037 34.3855 70.4133 163.203 90.6032 92.0041 63.4648 57.0294 176.138 93.2411 9.96203 12.3013 12.1785 14.5499 1.52651 47.9002 0.0000000547253 35.1262
-63.9266 3.81627 7.97132 9.35899 12.8172 74.3609 2.95736 53.0713 6.53096 78.6037 34.3855 76.4311 163.203 83.8172 92.0041 63.4648 55.9906 176.138 93.2411 5.12214 12.3013 9.91169 33.0983 1.52651 110.882 0.0000000340951 35.7855
-63.9733 3.81627 7.98597 9.35899 12.548 74.3609 2.95736 53.0713 4.97911 78.6037 34.3855 76.4311 163.203 83.8172 92.0041 63.4648 58.0601 173.547 93.2411 5.12214 14.7201 9.91169 60.86 14.3862 240.062 0.0000000383474 39.2626
-64.0475 3.81627 7.98597 9.35899 12.9155 74.3609 2.95736 53.0713 4.97911 78.6037 34.3855 66.5368 163.203 84.6098 92.0041 64.8755 59.1022 135.516 141.999 7.12121 17.7176 2.7763 90.3147 61.4903 111.97 0.0000000356492 37.595
-64.8275 3.81627 10.0779 9.35899 13.5214 74.3609 2.95736 53.0713 4.97911 78.6037 34.3855 66.5368 163.203 84.6098 92.0041 63.3417 59.7546 135.516 141.999 11.21 18.5688 2.7763 66.9996 61.4903 115.664 0.0000000356492 37.1847
-65.1173 3.81627 10.0779 9.35899 13.6375 74.3609 2.95736 53.0713 4.97911 78.6037 35.5375 66.5368 163.203 85.7157 92.0041 66.6937 59.7546 135.516 141.999 11.21 10.0094 2.7763 60.036 190.676 55.843 0.0000000356492 38.7367
-65.6295 3.81627 16.0894 14.3963 13.7025 54.9981 8.73195 40.629 21.0251 71.4055 35.5375 66.5368 163.203 105.274 83.0155 66.6937 52.7771 135.516 141.999 24.5189 8.09699 2.66719 65.1706 117.875 27.9753 0.0000000012771 36.2383
-66.7731 3.81627 14.8667 14.3963 13.7025 48.5756 8.73195 40.629 21.0251 70.5369 35.5375 66.5368 163.203 105.274 83.0155 66.6937 52.7771 135.516 141.999 14.3185 8.09699 22.0082 34.8056 117.875 105.68 0.0000000012771 34.0407
-66.7254 3.81627 19.7307 10.9021 13.6592 48.5756 9.06318 44.8141 20.751 70.2278 35.5375 66.5368 163.203 105.274 83.0155 59.8299 61.5482 135.516 141.999 10.9126 4.49994 9.43805 32.1127 74.9474 98.8394 0.000000000481858 30.6173
-66.0413 3.81627 19.7307 11.2216 13.802 44.912 9.06318 45.7367 20.751 70.2278 35.5375 66.5368 177.578 105.274 83.0155 48.919 66.5068 129.803 141.999 11.846 7.75179 8.8581 36.3102 59.5593 81.1167 0.000000000517168 29.3912
-66.0413 3.81627 19.7307 11.2216 13.756 44.912 9.06318 45.7367 20.751 70.2278 35.5375 66.5368 177.578 105.274 83.0155 48.919 66.5068 129.803 141.999 11.846 7.75179 8.8581 21.1898 64.9281 48.2327 0.000000000517168 28.5397
-64.0499 3.81627 14.4961 15.5532 13.7529 44.912 9.06318 41.3335 24.2868 70.2278 40.2424 66.5368 177.578 90.1194 89.08 48.919 66.5068 135.149 141.999 12.8816 9.63704 7.04645 31.2778 66.9288 67.3638 0.000000000517168 29.7533
-66.7962 3.81627 15.5191 15.5532 13.7529 44.912 9.06318 41.3335 23.9482 70.2278 40.2424 66.5368 177.578 90.1194 89.08 48.919 60.0012 135.149 141.999 16.4209 13.7017 7.04645 31.2778 121.446 33.8068 0.00000000553403 31.9176
-66.4071 3.81627 15.5191 15.5532 13.6882 44.912 9.06318 41.3335 23.9482 70.2278 40.2424 66.5368 177.578 90.1194 89.08 48.919 60.0012 135.149 141.999 15.0712 14.2727 7.04645 31.2778 138.248 28.8295 0.00000000672875 32.07
-65.7948 3.02462 13.285 15.5532 16.6341 44.912 9.06318 43.8419 30.2868 71.1391 34.2543 67.2203 177.578 90.1194 87.8909 48.919 53.3785 135.149 141.999 17.1544 7.59089 7.04645 5.41418 72.5593 66.4648 0.000000000974498 31.7557
-64.9968 3.02462 12.281 15.5532 15.6431 44.912 8.76489 42.8403 30.2868 71.1391 34.2543 67.2203 177.578 90.1194 87.8909 56.0758 52.7275 128.89 141.999 16.6903 20.1834 7.04645 27.5656 51.1239 45.7498 0.000000000974498 28.1442
-64.6828 3.02462 12.0629 15.5532 17.6326 44.912 8.76489 39.6052 30.6833 71.1391 34.2543 67.2203 177.578 90.1194 102.273 56.0758 53.0273 128.89 137.257 0.837047 22.3992 7.04645 31.5757 19.1573 35.396 0.00000000049105 28.2223
-64.2435 6.71606 11.4246 15.5532 16.9057 42.5368 8.76489 39.6052 24.3946 108.102 34.2543 36.0682 161.547 90.1194 102.273 56.0758 64.1223 128.89 137.257 1.88502 10.5361 7.04645 53.9351 23.2829 35.396 0.00000000049105 32.1254
-64.3613 6.71606 11.4246 15.5532 16.9057 42.5368 8.76489 39.6052 23.7072 108.102 34.2543 36.0682 161.547 90.3139 102.273 58.2037 66.6721 128.89 137.257 17.0764 12.5884 7.04645 47.0681 23.2829 19.3617 0.00000000049105 30.4335
-64.4722 6.71606 11.369 15.5532 17.5574 42.5368 8.76489 39.6052 23.7072 108.102 32.3438 36.0682 183.235 90.3139 74.8525 58.2037 66.6721 128.89 134.287 13.3259 12.5884 7.04645 85.9148 61.7546 19.3617 0.00000000049105 32.0056
-64.9157 6.71606 11.6046 23.7682 13.1334 34.3242 8.76489 39.6052 33.8242 108.102 32.3438 28.6586 183.235 82.5899 74.8525 58.2037 76.9839 128.89 134.287 5.67852 15.6126 15.6496 12.4501 61.7546 24.3979 0.00000000049105 29.5056
-64.9157 6.71606 10.5162 23.7682 13.1334 35.0705 8.76489 39.6052 32.2625 108.102 32.3438 28.6586 183.235 82.5899 74.8525 58.2037 79.742 128.89 138.495 5.67852 17.9657 18.0101 96.0492 103.342 28.4184 0.00000000049105 31.3353
-65.1176 6.71606 9.77221 23.7682 12.2342 33.7854 8.76489 45.5964 32.2625 100.534 32.3438 28.6586 183.235 82.5899 74.8525 58.2037 79.742 128.89 138.495 7.89501 18.3342 20.5508 96.0492 103.342 28.4184 0.00000000049105 32.7791
-65.0161 10.1892 9.90087 23.7682 12.1849 33.7854 8.76489 45.5964 29.4456 102.922 32.3438 28.6586 179.997 82.5899 74.8525 58.2037 79.742 128.89 138.495 4.58057 17.4483 26.4787 63.9923 62.0333 16.3045 0.00000000049105 29.3157
-67.3497 10.1892 6.96814 23.7682 13.5142 33.7854 8.76489 46.8113 29.4456 102.922 33.6044 40.9929 179.997 81.8465 111.335 15.9568 79.742 128.89 138.495 2.09745 17.7136 21.9564 65.876 62.0333 4.35606 0.00000000049105 30.1596
-65.6087 10.1892 6.96814 23.7682 12.6708 33.3629 8.76489 48.0841 29.267 102.922 33.6044 40.9929 179.997 81.8465 111.335 18.0975 68.8871 128.89 138.495 1.60726 17.7136 21.9564 60.5751 92.988 15.2754 0.00000000049105 30.8879
-65.6087 10.1892 6.96814 23.7682 12.6111 33.4004 8.76489 48.0841 29.267 102.922 33.6044 40.9929 179.997 81.8465 118.555 14.5295 68.8871 128.89 138.495 1.60726 17.7136 21.5399 89.221 79.1449 45.8945 0.00000000049105 30.8318
-68.362 10.1892 6.96814 23.7682 12.6111 34.6153 8.76489 45.257 29.6818 102.922 33.6044 40.9929 179.997 81.8465 129.577 10.2937 68.8871 128.89 138.495 5.37182 12.843 19.0794 111.079 55.5191 45.8945 0.00000000049105 32.1819
-66.861 10.1892 7.14008 22.3848 14.642 34.6153 8.76489 46.9633 29.6818 91.4089 33.6044 40.9929 179.997 81.8465 129.577 16.7296 68.8871 143.444 138.495 6.00979 9.05684 9.2888 113.576 55.5191 56.1379 0.00000000049105 34.019
-68.0866 10.1892 7.14008 22.7511 17.1415 33.1898 16.3287 46.0366 28.1391 91.4089 33.6044 40.9929 179.997 81.8465 41.7214 8.83601 158.916 143.444 138.495 6.00979 8.06832 5.96716 76.4225 53.1311 72.225 0.00000000049105 32.325
-68.3711 11.0785 7.14008 22.3588 16.7858 31.6853 17.9649 46.0366 28.0783 91.4089 33.6044 40.9929 179.997 94.0161 44.2732 7.39403 144.065 128.956 138.495 6.14845 8.06832 29.6682 76.4225 48.7996 71.392 0.00000000049105 34.0072
-68.3711 11.0785 5.91631 22.3588 16.4228 31.6853 17.9649 46.0366 28.0783 91.4089 31.4059 40.9929 179.997 94.0161 44.2732 7.39403 144.065 128.956 138.495 1.08718 6.1906 14.0786 76.4225 52.9516 92.7172 0.00000000049105 33.0899
-69.1847 14.0525 5.91631 22.3588 15.5947 33.0107 18.8263 42.7394 28.0783 91.4089 31.4059 40.9929 179.997 94.0161 44.2732 7.39403 144.065 128.956 138.495 1.08718 2.12349 34.5446 59.5059 84.7594 110.978 0.00000000049105 36.1575
-68.5236 25.5642 4.59158 22.3588 15.4739 33.0741 7.44164 41.4713 28.0783 95.3979 31.4059 40.9929 179.997 94.0161 45.3135 11.7364 144.065 121.47 138.495 9.91344 2.12349 34.5446 11.7443 150.932 107.325 0.00000000049105 34.6207
-67.3765 25.3469 4.59158 22.3588 15.4739 33.4026 7.44164 41.4713 28.0783 95.3979 31.4059 40.9929 179.997 94.0161 45.3135 11.7364 144.065 121.47 138.495 2.22988 1.96862 26.9851 41.9634 150.932 128.935 0.00000000049105 35.7364
-66.3046 23.7957 7.88799 16.947 15.7251 34.6366 7.44164 42.0809 28.0783 95.3979 31.4059 40.9929 179.997 93.3796 45.3135 11.7364 144.065 130.687 138.495 2.22988 1.96862 26.9851 35.2476 103.849 128.935 0.00000000049105 34.7766
-65.7489 23.7957 8.91064 16.6537 16.9934 34.6366 7.44164 41.5562 28.0783 95.3979 31.4059 49.1822 179.997 84.4306 45.3135 11.7364 144.065 130.687 138.021 2.22988 2.04644 29.8559 47.7971 206.196 14.8812 0.00000000049105 32.777
-66.346 23.7957 8.91064 16.6537 16.9934 34.8166 7.44164 39.3545 28.0783 95.3979 31.4059 49.1822 179.997 84.4306 45.3135 11.7364 144.065 130.687 137.538 10.9653 2.02728 29.8559 26.2085 129.55 8.91712 0.00000000049105 31.608
-66.346 23.7957 17.0758 8.39868 16.9934 34.8166 7.44164 40.244 28.0783 95.3979 31.4059 49.1822 179.997 84.4306 50.6344 5.47526 144.065 130.687 137.538 8.7994 1.9572 33.2192 26.2085 129.55 8.91712 0.00000000049105 31.0816
-66.346 23.7957 17.0758 8.39868 16.5148 34.8166 7.44164 40.244 28.0783 95.3979 31.4059 49.1822 179.997 84.4306 50.6344 5.47526 144.065 128.519 137.538 3.44331 1.84356 41.3133 25 129.55 8.91712 0.00000000049105 32.4984
-66.5649 23.7957 17.0758 10.5552 7.27173 31.6101 7.44164 41.0393 19.9292 95.3979 31.4059 49.1822 179.997 84.4306 56.7293 5.47526 144.065 128.519 137.538 4.06399 1.95761 41.3133 2.05674 109.574 50.8762 0.00000000049105 37.4888
-66.5649 23.7957 17.0758 10.5552 5.61291 30.714 5.79302 48.9866 19.3891 95.3979 31.4059 49.1822 179.997 84.4306 52.8534 10.0809 144.065 133.688 137.538 4.66686 1.57716 41.3133 7.644 109.574 55.7264 0.00000000049105 30.3778
-67.2347 23.7957 17.0758 9.57211 5.87987 29.678 6.18195 48.9866 19.3891 95.3979 50.2154 49.1822 179.997 84.4306 37.5566 10.0809 144.065 133.688 141.698 0.629535 1.02478 41.3133 2.58255 65.8528 66.5995 0.00000000049105 32.5429
-66.1577 22.5462 17.5128 9.59696 5.02818 23.6822 6.59793 45.8875 19.3891 95.3979 50.2154 49.1822 179.997 104.682 37.5566 6.18054 144.065 133.688 141.698 0.629535 3.96703 32.1482 21.3901 76.8843 122.405 0.00000000049105 40.8079
-65.8533 24.2606 22.9901 20.0896 5.02818 11.8983 6.59793 43.1743 26.9569 95.3979 50.2154 49.1822 179.997 104.682 30.3235 7.51668 144.065 122.391 141.698 6.58641 9.54632 22.7931 21.1333 185.963 122.405 0.00000000049105 39.9805
-65.8533 30.1225 24.5068 17.3216 5.347 11.8983 6.59793 43.1743 21.7997 95.3979 50.2154 49.1822 179.997 104.682 30.3235 4.13758 141.264 122.391 141.698 6.58641 9.54632 20.971 20.7914 185.963 89.9989 0.00000000049105 42.1563
-66.1184 25.6188 24.7601 14.8331 8.16585 12.6376 15.2697 46.9377 11.5017 95.3979 50.2154 49.1822 182.802 108.838 30.3235 1.92167 139.913 122.226 142.594 8.97177 13.633 20.5255 20.2054 174.245 47.616 0.00000000049105 39.6045
-65.5354 27.241 24.7601 15.1435 8.47659 8.58459 15.2697 48.2637 15.6445 94.0329 50.2154 49.1822 182.802 108.838 26.9334 1.92167 139.913 122.226 142.594 11.2908 13.8559 20.1385 20.4442 116.017 28.44 0.00000000049105 38.9422
-65.8972 29.5742 24.7601 15.1435 8.79098 5.98689 15.2697 48.2637 14.9147 94.0329 0.347147 49.1822 182.802 108.838 26.9334 1.92167 189.39 122.226 157.343 11.3937 14.3305 20.1385 21.0944 119.614 23.9554 0.00000000049105 39.2247
-68.6508 37.5887 9.38867 5.7898 6.08691 31.9578 15.2697 64.4215 25.594 70.8939 0.347147 49.1822 182.802 108.838 26.9334 10.2655 189.39 122.226 121.94 19.6442 12.7372 9.62854 19.3191 27.5652 27.9408 0.00000000049105 37.9883
-62.0136 29.3261 9.12568 15.0067 6.08691 31.4229 15.2697 64.4215 25.594 70.8939 0.347147 49.1822 182.802 108.838 26.9334 10.2655 189.39 122.226 120.865 19.6442 3.71421 11.196 17.3865 27.5652 22.0321 0.00000000049105 41.2871
-65.6145 29.3261 23.3963 15.0067 4.1774 29.5334 6.829 43.254 44.5793 57.7269 11.849 49.1822 195.764 106.064 22.8226 14.1651 189.39 122.226 121.209 20.0948 15.1424 2.23492 19.0808 27.5652 62.3825 0.000000291198 44.3759
-65.6145 29.4041 21.4134 4.92998 4.1774 29.5334 6.829 44.9744 46.4859 52.2621 11.849 49.1822 195.764 127.635 16.2647 1.87647 149.728 162.445 121.209 28.2892 14.6911 2.23492 21.3895 27.5652 67.9454 0.00000000351685 40.6936
-67.227 29.4041 21.2206 4.92998 2.56375 34.8125 6.829 47.5845 45.4424 52.2621 60.3182 37.7745 146.238 127.635 42.2576 1.87647 149.728 162.445 121.209 3.7128 12.6272 0.773256 23.1487 78.4566 15.7145 0.00000000351685 36.6162
-66.7199 29.4041 19.7401 4.92998 2.56375 33.0713 7.74553 47.5845 45.4424 52.2621 62.1208 37.7745 146.238 127.635 42.2576 1.74749 149.728 162.445 121.209 3.7128 23.5727 4.14815 15.7742 52.3927 8.35543 0.000000099473 37.9091
-66.7199 29.0096 21.3316 4.92998 5.2503 29.191 0.132789 47.5845 45.4424 50.5011 66.9948 37.7745 150.687 127.635 42.2576 1.74749 149.728 162.445 121.209 3.7128 13.3031 8.59215 7.47903 56.7742 9.80018 0.000000261673 36.1052
-66.7199 29.0096 17.501 4.92998 5.2503 33.8636 2.9296 47.5845 45.4424 49.1448 66.9948 37.7745 150.687 127.635 42.2576 1.74749 149.728 162.445 121.209 4.59829 13.3031 8.59215 7.47903 30.4096 9.80018 0.000000370877 34.8796
-66.7199 38.0561 12.3838 4.7707 1.45412 30.1092 5.92516 47.5845 41.7423 50.4197 66.3873 37.7745 150.687 127.635 42.2576 1.74749 150.612 162.445 121.209 4.59829 10.4948 8.56321 13.7663 30.4096 23.5414 0.00000256282 37.7527
-66.9766 38.2712 9.86126 8.18978 4.38358 30.1092 5.92516 47.5845 41.5167 49.6806 66.3873 37.7745 150.687 127.635 42.2576 3.09422 150.612 162.445 100.585 4.59829 10.4948 6.39073 49.6303 72.3064 46.673 0.00000300541 37.7355
-67.3931 38.2712 10.0853 8.18978 4.38358 30.1092 3.23759 46.8366 40.586 49.2925 61.504 37.7745 158.279 127.635 42.2576 3.09422 150.612 159.929 100.585 4.59829 6.70355 11.8783 25.8951 100.776 82.3143 0.00000399855 44.911
-67.1442 38.2712 10.3623 8.18978 4.38358 30.1092 3.23759 46.8366 37.4835 49.2925 61.504 37.7745 158.279 127.635 50.4523 3.09422 150.612 159.929 100.585 4.59829 12.5039 6.02473 25.8951 100.776 74.2458 0.00000189398 39.2885
-65.9285 35.9769 9.6655 6.1507 4.38358 30.1092 11.2537 46.8366 36.9864 49.2925 61.504 37.7745 158.279 127.635 50.4523 3.09422 150.612 167.185 100.566 10.8808 7.73556 9.29729 25.8951 135.02 77.6797 0.00000189398 39.7577
-65.8902 34.5306 9.42613 10.7794 4.73052 30.1092 11.2537 49.2379 37.6777 43.3621 61.504 37.7745 158.279 127.635 50.4523 3.09422 150.612 167.185 100.566 15.6612 13.2168 6.23187 12.659 8.16091 28.484 0.00000131013 34.0656
-65.8902 34.195 10.3997 10.7794 4.73052 30.1092 11.2537 50.0747 38.9971 43.3621 61.504 37.7745 158.279 127.635 50.4523 3.09422 150.612 167.185 91.0919 18.3913 13.905 7.70464 86.6985 8.16091 42.874 0.00000197637 36.0346
-65.5538 34.195 11.7041 10.9049 4.73052 30.1092 9.51228 50.2543 38.32 43.3621 61.504 37.7745 158.279 127.635 50.4523 3.09422 150.612 167.185 91.0919 22.6551 11.7496 1.17035 78.5561 21.9593 46.3238 0.0000061084 38.1157
-65.4716 34.3016 12.23 10.9049 4.73052 26.1678 9.51228 51.1004 38.1301 43.3621 61.504 37.7745 158.279 127.635 50.4523 3.09422 148.885 167.185 90.7864 23.4204 11.7496 12.1172 28.4989 126.101 13.4806 0.00000420451 38.2458
-65.5933 34.2245 11.8585 9.17949 9.82004 29.0562 9.51228 51.1004 38.9976 43.3621 61.504 37.7745 158.279 122.281 50.4523 3.09422 148.885 165.118 98.5725 23.4885 6.50393 8.33799 38.6278 111.14 10.0626 0.000000951591 38.3357
-66.0891 32.3083 12.8248 10.8228 9.82004 29.2461 11.9558 51.1004 38.8654 36.1001 44.7877 37.7745 158.279 122.281 50.4523 3.09422 164.063 162.387 98.5014 23.2536 11.1167 7.388 52.031 22.4806 10.0626 0.000000818594 38.1296
-66.2842 32.3083 12.7609 5.90315 8.53191 43.5931 13.3239 51.9137 40.2927 30.771 44.7877 37.7745 158.279 122.281 50.4523 3.64307 164.063 155.54 99.1123 22.6467 7.75732 2.64187 73.9958 8.18276 10.0626 0.000000721931 39.4725
-66.2842 29.5536 12.7609 5.78048 5.0509 43.5931 20.0333 51.9137 39.7621 31.4433 43.1634 37.7745 158.279 122.281 50.4523 3.64307 164.063 155.54 104.969 12.6093 6.22447 2.64187 117.892 8.18276 14.6854 0.000000303728 41.8058
-66.2842 31.5453 10.1759 4.4711 9.52277 47.5366 20.0333 51.9137 38.9693 36.6995 43.1634 27.5863 158.279 122.281 50.4523 3.64307 164.063 165.306 82.8068 4.35586 16.5329 1.09658 240.276 14.8565 72.8355 0.000000186271 44.0227
-65.4153 24.8702 9.46023 4.04291 7.62049 47.5893 20.0333 58.7591 38.1347 38.315 49.1925 27.5863 158.279 121.074 24.8334 25.7259 165.538 189.618 82.8068 5.36568 16.3049 7.5057 132.36 14.8565 48.2203 0.000000272102 37.0656
-67.1013 24.8702 9.46023 4.04291 7.62049 47.5893 20.0333 58.7591 38.1347 38.5467 49.1925 27.5863 158.279 121.074 24.8334 13.7265 165.538 170.519 108.42 18.8745 13.2439 5.00271 132.36 11.6885 56.1204 0.000000283603 36.883
-65.6233 24.8702 9.46023 4.04291 7.62049 47.5893 20.0333 58.7591 40.4704 35.4942 49.1925 27.5863 158.279 121.074 24.8334 13.7265 165.538 170.519 110.808 18.4017 13.2439 5.00271 94.5673 63.2186 66.6103 0.000000644572 37.892
-65.9769 27.9565 8.61683 6.29311 8.25213 48.3069 18.0884 58.7591 39.1962 34.4585 49.1925 27.5863 158.279 121.074 24.8334 13.7265 165.538 191.679 82.9104 15.8154 17.3984 3.90914 115.446 45.14 66.6103 0.000000849654 39.392
-66.5764 27.9565 8.61683 6.29311 8.0867 48.3069 18.0884 58.7591 38.2468 34.4585 49.1925 27.5863 158.279 121.074 24.8334 15.3044 165.538 191.679 82.9104 17.1735 17.3984 3.90914 60.7576 45.14 90.9828 0.00000145424 38.615
-66.0422 32.3456 8.61683 6.29311 8.53523 48.3069 15.1344 58.7591 35.3344 34.4585 49.1925 27.5863 158.279 121.074 24.8334 15.3044 165.538 193.957 82.9104 13.3615 18.0231 3.90914 40.0289 22.7966 90.9828 0.00000143533 36.3505
-66.6219 7.8162 33.4255 6.29311 8.64039 48.3069 15.1344 58.7591 35.3344 34.4585 49.1925 27.5863 158.279 121.074 24.8334 15.3044 165.538 193.957 82.9104 12.4148 18.0231 3.90914 39.9248 16.7089 42.8377 0.00000157706 35.6153
-66.9441 7.8162 33.4255 6.29311 8.42827 48.3069 11.24 62.0186 35.3344 34.4585 49.1925 27.5863 158.279 121.074 24.8334 15.3044 165.538 197.631 82.9104 12.4148 18.0231 10.2491 39.9248 8.14834 77.3682 0.00000157706 41.2575
-65.8599 7.8162 29.2359 6.29311 12.8467 48.3069 11.24 62.0186 34.2422 40.6316 56.1205 27.5863 159.441 121.074 20.0215 15.3044 165.538 173.245 88.2492 6.68449 20.2829 17.9819 37.7308 19.5012 139.309 0.00000134476 41.4579
-65.855 9.66089 29.2359 6.29311 11.7521 48.3069 10.891 57.0111 34.2422 40.6316 58.1395 27.5863 157.354 121.074 20.7921 15.3044 165.538 173.245 88.2492 6.96854 20.5352 9.47671 27.1102 13.7014 116.059 0.00000122858 40.2454
-65.8116 9.66089 29.2359 6.29311 12.3154 48.3069 10.891 57.1282 34.2422 40.6316 53.0257 27.5863 157.354 121.074 20.7921 15.3044 165.538 186.09 88.2492 9.77499 21.9629 9.47671 27.1102 3.77279 116.059 0.00000165156 39.0207
-65.8444 9.66089 29.2359 6.29311 12.3154 48.3069 10.891 57.1282 34.2422 44.1685 53.0257 27.5863 157.354 121.074 20.7921 15.3044 165.538 186.09 88.2492 14.3256 18.6733 1.09928 40.0516 3.77279 92.3192 0.00000138733 37.8292
-65.712 9.66089 29.2359 6.29311 12.3154 48.3069 10.891 58.1485 34.2422 44.1685 53.8965 27.5863 157.354 121.074 20.7921 15.3044 165.538 186.09 88.2492 10.9692 21.8261 1.09928 48.2805 4.61812 68.4133 0.000000589127 36.5582
-65.8799 9.66089 29.2359 6.29311 12.3154 48.3069 10.891 58.1485 34.2422 44.1685 53.8965 22.0627 157.354 121.074 20.7921 15.3044 165.538 192.81 88.2492 10.4275 20.5915 1.09928 22.3048 4.61812 68.4133 0.00000118076 36.9453
-65.7692 9.66089 29.2359 6.29311 12.3154 48.3069 10.891 66.4799 30.7043 38.143 53.8965 22.0627 157.354 121.074 20.7921 15.3044 165.538 188.515 90.9455 14.4442 20.1291 3.53052 48.1008 4.61812 65.8256 0.00000118076 39.8404
-65.1205 9.66089 29.2359 6.29311 11.1333 48.3069 13.6293 62.9451 30.7043 38.143 53.8965 22.0627 157.354 125.886 20.7921 15.3044 165.538 188.515 86.6106 9.51901 20.3726 3.53052 27.9341 12.5529 58.6779 0.000000655291 35.7193
-65.1205 9.66089 30.3125 6.29311 11.1333 48.3069 13.6293 64.5467 28.5473 38.143 53.8965 22.0627 153.912 125.886 20.7921 15.3044 165.538 188.515 94.3117 9.51901 13.3828 3.53052 131.62 14.7264 5.44526 0.000000773281 37.9979
-65.671 9.66089 30.3125 6.29311 11.1333 48.3069 10.2764 67.7627 28.5473 36.4197 53.8965 22.0627 153.912 125.886 20.7921 32.9197 165.538 184.424 81.2255 9.14566 13.3828 3.53052 181.518 23.1115 5.44526 0.00000183785 39.7448
-68.024 9.66089 30.3125 6.29311 11.1333 48.3069 10.2764 67.7627 28.5473 36.4197 53.8965 22.0627 153.912 125.886 20.7921 32.9197 165.538 182.165 81.4776 12.4262 13.3828 3.53052 26.2828 23.1115 100.013 0.00000183785 38.4875
-67.381 9.66089 30.3125 6.29311 11.1333 45.5001 9.41896 67.7627 28.5473 36.4197 53.8965 22.0627 153.912 125.886 20.7921 32.9197 165.538 182.165 81.4776 16.4006 11.6832 6.67275 13.6659 50.0038 100.013 0.000000779332 39.3119
-68.9538 9.66089 30.3125 6.29311 11.1333 48.8392 9.41896 67.7627 28.5473 36.4197 53.8965 22.0627 153.912 125.886 20.7921 33.1165 165.538 164.685 94.3099 13.0789 16.8008 21.3827 10.1977 27.7836 92.5095 0.000000399287 42.4804
-68.9538 9.66089 30.3125 6.29311 11.1333 48.8392 14.2284 62.1147 28.5473 36.4197 53.8965 22.0627 153.912 125.886 20.7921 33.1165 165.538 165.702 94.145 10.9926 13.8381 22.0003 7.915 34.3901 105.7 0.000000399287 42.1237
-64.2924 9.66089 23.8874 6.29311 17.3826 48.8392 12.2253 62.1147 17.6046 36.4197 53.8965 33.1108 153.912 125.886 20.7921 33.1165 163.323 174.781 94.0839 11.4874 13.6211 13.4317 7.915 36.4714 187.059 0.000000212484 39.2959
-64.2924 17.7741 24.9138 3.50517 17.3826 38.8408 12.2253 62.1147 21.1404 36.4197 53.8965 33.1108 163.824 125.886 20.7921 30.5281 151.703 179.853 90.2975 17.8095 14.0377 1.18934 27.3097 47.8035 124.815 0.00000035424 38.3822
-63.8064 17.4205 16.4292 5.75567 13.518 48.15 16.9297 62.1147 10.6608 36.4197 20.5858 33.1108 193.025 125.886 20.7921 51.6503 151.54 165.623 90.8742 11.9691 9.77046 8.22989 3.78632 63.2396 170.845 0.000000240748 43.019
-66.682 17.4205 20.1782 5.75567 12.5066 48.15 16.9297 61.4695 10.6608 36.4197 20.5858 134.527 92.0192 125.886 20.7921 56.359 144.127 188.291 74.6911 13.3085 10.1263 12.9464 17.58 18.8447 220.724 0.000000150331 38.6248
-66.2786 16.3418 23.6416 5.75567 14.6169 44.8333 16.9297 61.4695 12.6059 32.7284 17.9756 134.527 92.0192 125.886 20.7921 56.359 133.11 188.291 76.219 12.8138 10.2873 21.8771 17.7126 39.8248 179.698 0.00000015824 35.9165
-66.2786 16.3418 23.6416 5.75567 14.6169 51.0819 13.1139 61.4695 12.2405 30.8312 17.9756 134.527 92.0192 125.886 20.7921 64.5221 136.546 178.04 76.219 13.3133 10.4462 27.4423 23.7856 15.9464 232.123 0.000000325205 43.3902
-66.3847 18.657 20.1895 5.58399 14.6169 51.0819 11.7501 61.4695 12.2405 30.8312 17.9756 134.527 92.0192 125.886 20.7921 66.4198 136.546 178.04 76.219 12.6944 9.56594 27.7441 14.5568 59.556 232.123 0.000000411468 47.4213
-65.6529 26.1479 18.271 5.58399 10.8463 54.9998 13.9133 57.5072 13.5337 30.2503 17.9756 143.004 104.484 125.886 20.7921 60.4754 104.073 209.607 78.7999 7.41147 2.73937 19.0667 1.4502 115.373 323.44 0.000000406898 54.9305
-65.7597 33.6224 6.93646 5.58399 3.15789 54.9998 24.2589 57.5072 12.6209 27.0559 17.9756 107.435 104.484 156.652 33.4783 60.4754 104.073 209.607 78.285 15.8178 0.109978 8.56512 1.4502 61.6158 281.191 0.000000104545 45.0103
-65.874 33.6224 9.36075 5.58399 3.75908 45.4934 23.1423 70.4976 7.54843 28.7078 17.9756 107.435 117.403 140.683 33.4783 60.4754 98.7978 213.257 78.3594 15.2214 5.92876 5.17838 33.0817 52.3031 261.739 0.0000001018 43.7943
-66.2912 27.9785 4.7025 5.58399 3.73444 50.9237 23.1423 74.7927 7.54843 26.3099 14.4108 107.435 119.008 140.683 46.8403 63.5827 98.7978 193.513 76.6429 14.11 0.643277 15.8632 24.8698 36.0707 261.739 0.0000000153814 38.8153
-65.7658 26.2296 8.5617 13.0305 3.09723 58.821 23.1423 74.7927 7.84925 26.3099 13.5142 107.435 119.008 140.683 27.478 63.5827 98.7978 203.811 66.6634 23.4954 2.54067 9.59279 36.9677 54.3635 261.739 0.000000015271 42.1848
-66.05 26.2296 8.5617 9.28744 3.11121 58.821 13.1162 74.7927 7.84925 24.2959 24.5254 110.497 119.008 140.683 15.1512 62.2894 113.917 192.606 71.1633 17.3281 3.15823 18.6352 100.957 39.7278 155.211 0.000000015271 37.2434
-66.6949 26.2296 9.94476 9.28744 2.03778 58.821 26.4885 74.7927 18.0332 24.6645 24.5254 101.752 128.262 119.255 15.1512 56.5375 113.917 193.217 78.3666 12.4727 4.17942 28.075 79.4255 116.465 155.211 0.000000015271 41.8545
-64.4057 20.6337 4.59663 8.89981 2.91783 58.821 26.4885 74.7927 18.0332 24.2108 24.5254 101.752 128.262 119.255 24.0306 52.9282 113.917 203.126 73.5474 13.7833 1.65597 25.0258 58.8304 46.4925 133.442 0.000000015271 38.0348
-64.7354 20.6337 5.18556 8.32495 4.18169 58.821 16.1869 73.9771 15.1867 23.5658 24.5254 101.752 128.262 132.93 24.0306 52.9282 113.917 201.276 76.0336 13.1182 3.73918 25.6543 13.1906 83.234 74.7837 0.000000015271 33.4205
-64.7819 20.6337 5.18556 7.61578 3.99182 58.821 22.8546 66.4775 12.3313 27.4672 35.3575 101.752 114.798 126.091 24.0306 68.0874 113.917 206.729 62.2052 5.24209 3.51048 13.001 13.1906 30.873 73.09 0.000000015271 31.9138
-64.642 20.6337 5.18556 5.54592 3.58526 58.821 22.8546 66.4775 15.3221 33.4013 45.2057 101.752 110.075 126.091 24.0306 68.0874 108.771 206.729 66.5895 4.3476 4.07556 2.39187 5.98726 30.873 111.727 0.000000015271 33.467
-65.7033 20.6337 5.18556 5.00108 4.13585 58.821 22.8546 66.4775 10.2885 33.8252 44.7854 101.752 110.075 119.914 31.35 68.0874 108.771 206.729 69.1097 2.41758 3.35146 2.81582 5.98726 32.7118 111.727 0.000000015271 33.0965
-65.9855 21.959 5.18556 7.10861 2.65814 58.821 22.8546 66.4775 2.83279 37.4095 44.7893 100.182 110.075 119.914 31.35 79.0654 104.243 206.729 69.1097 1.32975 2.87796 2.81582 123.679 15.5225 96.9259 0.000000015271 37.9849
-65.5316 20.3594 5.18556 7.10861 3.93717 58.821 22.8546 66.4775 10.3335 35.1588 44.8268 50.9506 166.603 118.856 19.5168 73.1587 104.243 206.729 69.1097 7.71377 2.58191 12.4618 144.267 15.5225 5.93954 0.000000015271 34.3733
-65.7403 20.0368 4.09361 8.29337 3.93967 58.821 21.7427 64.0994 15.4588 35.1588 44.9209 50.9506 166.603 118.856 19.5168 72.1248 103.893 202.535 69.1097 9.96689 3.79079 12.4618 90.7072 51.1702 5.93954 0.000000015271 32.721
-65.8022 20.0368 4.02128 8.29337 4.15293 58.821 20.8525 64.0994 12.9099 32.8281 44.8831 50.9506 166.603 134.703 8.21205 70.8329 112.712 202.535 73.0049 9.96689 4.31287 11.4015 41.3842 74.3428 51.226 0.000000015271 32.1315
-67.5494 20.0368 4.02128 8.29337 4.15293 58.821 18.3031 61.5356 13.755 32.8281 44.8831 50.9506 166.603 134.703 8.21205 70.8329 112.712 202.535 73.0049 9.96689 6.07981 18.5768 37.7405 103.078 50.4694 0.000000015271 34.429
-65.7495 20.0368 2.23113 8.29337 5.62378 58.821 19.2203 61.5356 13.755 32.8281 44.7948 50.9506 166.603 134.703 8.21205 70.8329 111.293 202.535 73.0049 3.48211 9.33409 28.7257 33.5733 72.4 44.7437 0.000000015271 32.6646
-65.6356 20.0368 5.31993 8.29337 5.62378 59.2033 19.2203 61.4927 13.5937 32.8281 45.0136 50.9506 166.603 126.943 8.21205 70.8329 113.344 202.535 73.0049 5.49496 8.13748 32.4304 19.2092 25.9825 33.5873 0.000000015271 32.2348
-65.4962 20.0368 6.0318 6.9281 3.58851 59.2033 30.1079 61.4927 8.65282 39.6477 45.9055 50.9506 166.603 126.943 8.21205 63.739 112.091 202.535 73.0049 6.24999 4.78118 27.0154 29.5905 25.9825 3.01078 0.000000015271 32.9592
-67.013 20.0368 5.46475 6.25681 3.58851 59.2033 30.1079 61.4927 8.65282 39.6477 45.9055 50.9506 166.603 126.943 8.21205 63.739 112.091 202.535 73.0049 9.79706 0.543538 9.00727 36.9654 25.9825 3.01078 0.000000015271 33.5031
-66.8678 20.0368 8.06926 7.49072 4.69972 58.0608 28.8714 66.5322 8.31366 30.225 45.9055 56.4382 147.51 129.69 28.355 76.4831 117.392 174.211 73.0049 20.0718 0.597575 9.81341 30.7527 25.9825 16.4697 0.000000015271 36.1848
-66.7294 20.0368 8.06926 9.06871 4.69972 54.9281 30.8233 66.5322 8.31366 25.2491 44.8548 56.4382 147.51 128.744 26.7492 76.4831 112.689 177.591 84.1888 34.7787 1.17123 4.52572 30.7527 25.9825 29.5509 0.000000015271 30.6013
-66.6947 18.529 8.06926 9.06871 8.30204 54.9281 29.1855 66.5322 8.5421 22.3942 43.9634 56.4382 144.324 128.744 26.7492 76.4831 111.314 177.591 84.1888 34.7787 0.714455 9.48551 20.7954 44.8744 29.5509 0.000000015271 33.4252
-66.1874 18.529 1.07505 6.63661 9.77997 55.5651 29.1855 77.697 12.5674 13.2197 50.3449 46.0844 154.461 130.066 26.7492 76.4831 111.168 177.591 86.341 34.7787 0.714455 1.55686 11.2469 86.0893 29.5509 0.000000015271 33.6862
-63.4875 18.529 1.07505 6.73873 8.64333 55.5651 19.8776 77.697 12.5674 13.2197 59.9205 46.0844 151.507 130.066 26.7492 77.6594 113.039 177.591 87.2376 34.7787 1.47161 1.55686 55.7026 40.0826 44.0437 0.000000015271 38.3831
-63.4875 18.529 5.4114 6.28809 12.1589 55.5651 19.8776 75.9719 4.48975 16.3214 59.9205 46.0844 151.507 130.066 26.7492 77.6594 113.039 177.591 87.2376 34.7787 2.33235 1.55686 59.9703 8.64748 15.0965 0.000000015271 37.5755
-68.4177 18.529 5.4114 1.92719 16.2806 55.5651 19.8776 75.9719 4.48975 17.6356 59.9205 46.0844 151.507 130.066 26.7492 77.6594 113.039 177.591 87.2376 33.7442 2.19017 1.55686 5.40939 42.3542 39.7774 0.000000015271 35.7363
-68.4177 18.529 5.4114 1.92719 16.2806 55.5651 19.8776 75.9719 4.48975 17.6356 59.9205 45.4824 153.234 130.066 26.7492 77.6594 113.91 177.591 87.2376 24.4733 1.9629 1.55686 2.68922 42.3542 39.7774 0.000000015271 34.5822
-68.4177 18.529 5.4114 1.77479 15.3839 55.5651 28.0516 75.9719 4.99474 17.6356 53.0944 45.4824 153.234 130.43 25.1013 77.6594 115.035 177.591 71.983 26.071 1.9629 2.67763 24.6854 39.9006 52.3439 0.000000015271 34.309
-66.54 18.529 6.50948 1.19368 15.5799 55.5651 28.0516 75.9719 4.99474 17.6356 53.0944 45.4824 153.234 127.855 37.574 70.5288 114.321 193.142 71.983 19.7569 2.4585 2.67763 27.4641 39.9006 61.2192 0.000000015271 35.7465
-67.1588 18.529 6.04324 1.19368 18.7688 52.8699 23.4438 76.4875 4.99474 17.6356 50.5864 45.4824 153.234 127.855 41.2892 64.4302 120.442 193.142 69.9434 25.2263 2.31223 5.12117 20.445 44.8321 3.803 0.00000010937 35.2091
-66.6483 18.529 6.12327 10.8363 18.3839 52.8699 15.1102 76.4875 3.82912 25.7631 48.9494 45.4824 153.234 134.307 35.1689 52.4836 119.177 193.142 69.9434 4.36302 1.41103 4.08628 6.7149 67.1822 3.803 0.0000000132302 32.6797
-67.6195 6.30975 6.0307 10.8363 18.3839 51.0746 18.8167 67.2762 6.2763 25.7387 55.686 45.4824 153.234 146.622 30.4634 48.0803 119.177 204.118 69.9434 15.7161 1.11186 11.4033 7.32106 92.4696 2.51577 0.0000000132302 36.8322
-67.6195 6.30975 6.0307 15.564 23.4952 46.1395 29.5106 67.2762 6.2763 25.7387 47.517 45.4824 153.234 156.087 32.6551 38.5122 115.285 204.118 69.9434 16.1715 0.600717 11.4033 0.974115 85.7721 12.3057 0.0000000132302 36.9511
-67.6195 17.5331 7.71923 16.8982 22.2588 26.179 26.5328 67.2762 18.3329 26.0088 54.0745 48.1396 153.234 137.571 33.176 35.48 120.407 204.118 69.9434 20.5835 0.236561 19.9048 44.1417 55.6761 9.63227 0.0000000132302 31.5894
-67.6195 15.1432 9.81059 14.9411 25.5984 22.0283 27.8359 67.2762 18.3329 28.0529 47.2671 48.1396 153.234 135.414 38.385 39.2642 113.604 204.118 69.9434 20.5835 2.42624 27.7582 15.4786 34.0139 15.48 0.0000000132302 32.5888
-66.6489 15.1432 9.81059 16.2455 25.5984 22.199 26.3127 67.2762 18.3329 28.8112 47.2671 99.3734 153.234 84.3041 43.7977 40.5541 114.855 204.118 69.9434 4.90637 1.75769 26.0035 36.8434 55.0914 15.48 0.0000000132302 29.5814
-65.5008 15.1432 9.81059 16.9521 25.403 21.4666 25.5921 67.2762 19.2006 20.7037 48.8511 99.3734 144.903 84.3041 45.7996 42.3151 122.642 204.118 69.9434 9.19137 2.68928 31.2125 31.3156 114.763 21.5041 0.0000000424318 31.9478
-65.9781 15.1432 7.64373 21.741 27.131 17.1458 25.6877 67.6018 20.3491 20.7037 49.832 99.0871 140.146 84.3041 50.3807 42.3805 120.208 204.118 69.9434 5.27252 3.4063 30.4588 28.3644 141.925 18.3758 0.00000000596428 30.1711
-65.9053 15.1432 5.14508 21.741 27.9941 14.2039 26.1302 67.6018 20.3491 21.1602 49.6441 100.792 150.954 84.3041 50.3807 42.3805 111.551 204.118 69.9434 2.8385 1.06061 40.0629 73.7977 112.457 36.3043 0.00000000596428 32.2914
-65.7825 13.4179 4.6479 21.3389 32.6026 16.6526 37.8629 67.6018 23.2315 29.2995 47.7773 98.0609 130.803 89.7268 50.614 46.6658 101.175 200.98 70.9631 17.3352 5.27912 19.1399 85.9865 40.8018 76.3419 0.00000000596428 30.0443
-66.8 13.4179 2.19524 18.4321 34.4031 19.4577 37.8629 53.6899 23.2315 29.2995 31.4819 96.5854 130.803 114.545 46.767 46.6658 106.236 200.98 70.9631 23.3612 9.88 19.1399 89.2868 3.36259 76.3419 0.00000000596428 35.1474
-66.8 15.4825 2.19524 19.8528 30.5287 19.4577 39.2538 53.6899 21.1901 27.6701 39.1037 96.5854 133.207 114.545 45.4521 46.6658 106.236 200.98 70.9631 13.2792 12.6457 19.5181 77.1275 2.98125 3.80189 0.00000000941746 30.6809
-66.4554 7.68623 4.026 19.943 30.5287 19.4577 36.5617 53.6899 21.1901 27.6701 49.4172 93.6862 133.207 114.545 44.9548 46.6658 106.236 200.98 70.9631 12.7101 13.4729 12.3463 50.6458 2.98125 25.6721 0.0000000138857 33.833
-67.0441 15.8067 5.40094 22.3496 20.7385 21.7672 41.1068 47.6566 21.1901 28.3937 41.3497 93.6862 133.207 114.545 41.9796 40.8739 116.752 200.98 70.9631 12.6597 7.6247 14.9724 50.6458 19.8327 33.5662 0.0000000138857 32.4658
-67.701 15.8067 7.48821 22.3496 20.7385 20.3712 32.9942 47.6566 21.1901 48.7766 39.5135 86.5868 124.657 114.545 56.2939 44.7532 110.704 200.98 59.6458 10.3352 9.84728 10.5116 24.6742 19.7707 22.8009 0.00000000938595 30.3887
-67.701 14.6517 7.48821 22.3496 24.7817 14.0197 32.9942 47.6566 21.1901 55.0694 52.0601 86.5868 124.657 114.545 49.4343 39.7292 105.81 198.835 59.6458 16.9562 5.5416 6.53766 27.9198 19.7707 22.9258 0.000000065417 31.7869
-64.9434 14.6517 8.54574 24.1576 35.7185 14.0197 18.2209 47.6566 21.1901 55.0694 52.0601 86.5868 123.818 112.492 37.2292 39.7292 118.693 172.659 109.254 17.2685 5.5416 11.9306 16.8312 12.6191 23.2578 0.000000065417 30.7428
-65.8014 14.6517 8.62235 24.1576 35.7185 14.3697 18.2968 47.6566 12.9112 55.0694 58.1417 86.5868 117.677 112.492 43.4229 39.7292 118.693 172.659 109.254 16.9134 7.16954 11.9306 5.01664 10.4433 36.2777 0.000000065417 32.248
-65.8014 14.3508 8.62235 23.7793 35.2698 14.3697 18.5823 47.6566 12.7036 55.0694 58.1417 86.5868 114.595 112.492 47.9093 38.98 118.693 172.563 109.254 16.2864 7.14499 11.9306 1.50696 20.889 50.8654 0.000000065417 32.5554
-64.5099 14.3508 9.78645 22.1772 35.5563 13.7958 18.5343 44.5413 23.6813 49.9147 67.2536 96.4963 119.392 96.0313 36.4304 36.9979 118.693 172.563 84.4937 17.3923 11.5344 11.9306 3.88013 20.889 18.2981 0.00000018061 38.9977
-65.7673 1.96728 17.5768 24.8729 26.451 13.5433 19.8826 49.3389 31.3453 45.1643 67.3591 96.4963 122.677 87.0637 51.9832 45.668 122.176 170.669 99.9646 13.7671 11.5344 4.17718 0.255839 5.76554 94.9986 0.000000221431 36.0982
-65.4919 1.96728 20.7449 24.8729 26.5913 13.7908 17.5836 49.3389 31.3453 45.1643 67.3111 96.4963 123.24 87.0637 50.8634 43.3446 118.983 170.669 96.2952 15.054 13.9808 8.09814 12.9644 5.76554 111.697 0.000000201317 32.7576
-66.8177 7.02984 27.5145 26.314 17.3392 15.3096 13.126 61.6649 24.1531 44.3841 70.7537 96.4963 123.571 87.0637 28.7592 31.1572 149.726 150.205 102.797 13.455 15.1059 5.9484 14.1369 29.3882 97.2952 0.000000427978 37.6223
-64.2981 12.094 20.8918 27.5225 12.9216 15.0887 11.6925 61.6649 24.1531 44.3841 68.9635 112.398 123.225 87.0637 24.3393 17.6641 152.431 171.443 102.797 16.7253 7.72273 8.62437 4.69818 16.3725 60.5008 0.000000323947 33.3683
-66.3154 10.2735 20.8918 27.5225 12.9216 14.9969 13.9991 61.6649 18.2426 44.3841 68.9635 112.398 124.376 91.7333 24.3393 17.1627 153.147 163.708 102.797 15.2701 4.79633 6.75875 7.19193 5.54615 48.4645 0.0000000359146 33.085
-66.3154 13.4414 27.7483 27.5225 12.9216 15.006 24.8988 52.5027 19.8989 32.9942 68.9635 112.398 110.157 97.6091 13.9651 28.4537 155.931 163.708 106.483 6.26483 2.64547 29.8006 7.94245 34.6369 74.3674 0.0000000219701 31.5955
-65.6374 16.2319 27.7483 24.9598 12.9216 14.5369 27.4378 52.5027 19.8989 32.9942 106.038 72.4675 109.421 96.535 7.24245 43.3706 156.216 163.708 98.4773 9.70165 5.54719 21.0282 110.558 8.3855 66.1585 0.000000202706 34.2682
-65.7915 16.2319 27.7483 24.9598 12.9216 14.5369 27.4378 52.5027 19.8989 32.9942 106.038 72.4675 110.083 96.535 7.24245 43.3706 156.216 163.708 98.4773 9.70165 11.288 18.4238 6.32273 17.8776 20.6868 0.0000000791028 30.4303
-65.9059 16.2319 27.7483 24.9598 12.9216 16.0921 27.4378 52.5027 19.8989 32.3332 106.038 72.4675 110.083 96.535 7.24245 43.3706 156.216 163.708 98.4773 9.70165 17.4932 11.3282 53.5392 17.8776 70.2042 0.0000000816925 31.9528
-65.756 16.0585 27.7483 24.9598 12.9216 15.4988 27.4378 52.5027 19.8989 32.3332 83.5511 72.4675 110.941 112.125 7.24245 44.847 156.216 163.708 98.4773 9.70165 20.5546 11.9157 53.5392 17.8776 70.2042 0.000000111009 32.5255
-65.2487 16.0585 27.7483 23.1091 12.9216 18.6962 27.5767 71.1924 0.336542 32.3332 83.5511 57.3179 115.337 136.48 17.4925 24.5601 156.216 141.196 98.4773 30.7046 17.8411 12.0346 49.0481 13.5758 70.2042 0.000000298568 39.439
-67.5643 16.0585 27.7483 23.1091 12.9216 18.2599 27.5767 69.4849 3.85111 32.3332 74.5786 54.7499 115.337 136.48 17.4925 25.4293 156.216 147.463 98.4773 26.416 25.1428 14.6066 81.1412 32.8716 40.4041 0.000000298568 39.8282
-68.3599 19.3045 27.7692 17.5663 9.02984 16.2041 38.2511 69.7724 10.6679 26.5051 67.6759 41.9889 114.798 157.07 11.3689 25.1312 162.341 151.538 108.847 21.4879 20.7981 8.07485 103.354 38.6674 15.3918 0.000000229107 40.892
-66.5898 16.8759 27.7692 17.5663 9.02984 16.0985 40.7035 69.7724 10.6679 19.4937 80.1648 41.9889 117.706 138.62 11.3689 35.9425 162.341 135.831 108.847 20.3713 20.7981 7.41626 83.3132 12.811 15.3918 0.000000114103 36.7079
-65.9166 16.8759 27.7692 17.5663 9.02984 16.0985 34.5102 69.7724 10.6679 19.4937 80.1648 41.9889 117.706 138.62 11.3689 42.1253 162.341 144.589 108.847 22.5054 20.7981 3.2409 37.283 13.6295 15.3918 0.0000000299549 33.0484
-66.0373 16.8759 27.7692 17.5663 9.02984 16.0985 34.5102 69.7724 10.6679 19.4937 80.1648 41.9889 117.706 138.62 11.3689 49.3767 162.341 144.589 108.847 22.5054 20.7981 2.72181 37.283 13.6295 17.6903 0.0000000299549 31.4724
-66.0655 16.8759 27.7692 17.1797 9.02984 16.0985 34.5102 69.7724 10.6679 19.4937 80.1648 41.9889 117.706 138.62 11.3689 49.3767 162.341 144.589 108.847 17.4751 20.7981 2.0844 37.283 7.89792 37.6344 0.0000000299549 31.2719
-66.1406 16.8759 27.7692 18.1817 9.02984 15.8194 34.5102 69.7724 10.6679 19.4937 80.1648 41.9889 117.706 138.62 11.3689 49.3767 162.341 144.589 108.847 17.4751 20.7981 2.3753 38.0978 2.58928 52.7727 0.0000000299549 32.5014
-66.1217 16.8759 27.7692 17.2624 8.08315 15.8194 34.5102 69.7724 10.6679 19.4937 80.1648 41.9889 119.008 138.62 11.3689 49.3767 162.341 143.824 110.651 22.477 20.7981 3.08558 76.5598 7.04485 12.8431 0.0000000299549 32.7621
-66.1187 16.8759 27.7692 17.8902 8.08315 15.8194 34.5102 69.7724 10.6679 19.4937 80.1648 41.9889 119.008 138.62 11.3689 49.3767 162.341 143.824 110.651 22.477 16.4728 3.08558 51.2157 25.8516 39.5345 0.0000000299549 31.3398
-66.1187 16.8759 27.7692 17.8902 8.08315 15.8194 34.5102 69.7724 10.6679 19.4937 80.1648 41.9889 119.008 138.62 11.3689 49.3767 162.341 143.824 110.651 22.477 16.4728 2.29233 51.2157 25.8516 39.5345 0.0000000630864 32.1963
-66.4172 16.8759 27.7692 18.7028 8.08315 15.8194 33.1735 69.7724 10.6679 19.4937 80.1648 41.9889 119.008 138.62 11.3689 49.3767 162.341 154.871 109.689 18.2397 12.9091 3.46028 35.9323 6.3809 39.5345 0.0000000897146 31.8682
-66.3637 16.8759 35.6345 18.3228 8.08315 13.0661 33.1735 69.7724 10.6679 19.4937 80.1648 41.9889 119.008 138.62 11.552 44.5123 156.562 152.353 109.689 14.5506 19.2727 7.96952 3.52406 32.8685 88.3595 0.0000000172607 33.5516
-65.8865 17.5794 35.6345 18.3228 14.8334 6.33339 35.418 69.7724 10.0084 20.6075 80.1648 41.9889 119.008 138.62 11.552 44.5123 156.562 152.353 109.689 14.5506 19.4128 7.96952 9.24687 30.8377 0.768727 0.0000000172607 34.3203
-65.5968 22.6661 28.8075 18.1368 14.8334 0.796942 35.418 70.6383 13.0748 20.6075 80.1648 41.9889 119.008 138.62 11.552 44.5123 156.562 152.353 109.689 8.08388 3.24375 6.01817 53.4457 36.5431 31.6961 0.0000000172607 31.4267
-64.0671 22.6661 28.8075 18.1368 14.8334 0.796942 34.4103 70.6383 13.0748 20.5895 80.1648 41.9889 119.008 138.62 17.0292 44.5123 156.562 149.123 128.958 12.877 3.24375 9.41647 53.4457 37.7892 54.3688 0.0000000172607 35.298
-67.8375 22.6661 28.8075 18.5589 14.8334 0.796942 34.5426 70.6383 13.0748 20.5895 80.1648 41.9889 121.48 139.486 17.0292 37.769 156.562 149.123 110.943 9.63623 5.17049 10.5058 54.2532 29.7048 41.8419 0.0000000172607 32.3103
-69.0698 22.6661 28.8075 18.5589 14.8334 0.796942 34.5426 70.6383 13.0748 20.5895 80.1648 41.9889 121.48 139.486 17.0292 42.6448 156.562 149.123 110.943 6.16371 5.17049 7.34497 52.174 31.6564 25.8792 0.0000000172607 33.4756
-69.0698 22.6661 28.8075 18.5589 14.8334 0.796942 34.5426 70.6383 13.0748 20.5895 80.1648 41.9889 121.48 139.486 17.0292 42.6448 156.562 143.027 110.943 6.88788 5.17049 7.17338 52.174 33.5938 25.8792 0.0000000405722 34.4541
-69.0698 16.8791 28.8075 17.7154 14.8334 4.31638 36.1096 70.6383 13.0748 20.5895 80.1648 41.9889 121.48 139.486 17.0292 42.6448 156.562 146.03 122.915 17.1803 5.17049 9.60353 14.0759 31.5591 25.8792 0.0000000405722 32.7784
-64.0831 16.8791 28.8075 16.6831 14.8334 7.41495 36.1096 70.6383 13.0748 20.5895 80.1648 41.9889 121.48 139.486 17.0292 42.575 156.562 77.0565 185.261 10.1785 5.17049 9.0134 34.49 38.9613 27.3998 0.000000156573 35.4
-65.0558 16.8791 25.3891 16.7227 14.8334 11.0728 36.0404 70.6383 13.0748 20.5895 80.1648 41.9889 121.48 139.486 17.7755 40.2576 156.562 77.0565 185.261 19.5114 5.17049 9.0134 19.6791 3.3892 42.8548 0.000000156573 32.6246
-65.397 19.9778 25.3891 16.7227 14.8334 9.73693 36.0404 70.6383 13.0748 20.5895 80.1648 41.9889 121.48 139.486 17.7755 40.2576 156.562 77.0565 185.261 19.5114 5.17049 9.0134 39.2709 76.2708 42.6169 0.0000000491964 33.7823
-65.4222 18.3527 32.3591 16.7227 13.931 7.13771 38.4498 70.6383 9.22116 17.3642 77.6069 41.9889 121.48 139.486 17.7755 40.2576 153.237 77.0565 196.054 18.6762 7.48423 8.33081 48.1856 54.4492 42.6169 0.0000000491964 34.4368
-65.5832 18.3527 36.6807 9.84221 13.931 4.92419 35.7843 70.6383 9.22116 32.8613 77.6069 41.9889 121.108 139.486 17.7755 40.8102 153.237 77.0565 196.054 20.7827 3.20821 5.87874 9.06242 35.7976 8.17052 0.0000000864634 35.0388
-65.5832 18.3527 36.6807 9.84221 13.931 3.63673 35.0441 62.5262 9.22116 32.8613 77.6069 41.9889 121.108 139.486 33.0012 40.8102 144.982 77.0565 196.054 20.7827 3.20821 5.87874 9.06242 35.7976 11.8026 0.0000000864634 33.148
-66.3519 18.3527 47.7831 12.843 0.851589 6.47017 33.3506 62.5262 9.22116 30.2477 77.6069 41.9889 121.108 143.483 33.0012 36.4713 144.982 77.0565 196.054 18.2101 3.20821 4.99672 7.59028 35.7976 21.0335 0.000000183214 34.3459
-65.5982 18.3527 47.7831 12.843 0.851589 6.47017 36.2227 62.5262 9.22116 30.2477 77.4866 41.9889 121.108 143.483 21.5219 36.4713 145.387 77.0565 209.038 11.8145 3.20821 9.72619 7.59028 35.7976 16.5218 0.000000183214 33.5622
-65.5982 18.3527 47.7831 14.8641 3.02843 4.90962 37.118 62.5262 9.22116 30.2477 74.4955 41.9889 121.108 143.483 25.957 36.4713 136.636 77.0565 209.038 14.3686 3.20821 4.29892 7.59028 49.1558 24.5256 0.000000183214 35.2343
-64.6218 25.5972 47.7831 13.8391 3.02843 4.90962 28.7641 62.5262 9.22116 27.0824 50.5804 41.9889 145.438 143.483 25.957 36.4713 135.839 77.0565 217.812 9.48571 3.20821 4.29892 7.59028 84.2587 24.5256 0.000000107321 38.058
-64.6218 25.5972 47.7831 16.5375 3.02843 4.90962 24.4344 62.5262 9.22116 31.5768 50.5804 41.9889 145.438 143.483 25.957 36.4713 136.117 77.0565 217.812 13.0143 2.35322 7.14254 54.7251 142.127 19.4301 0.000000048616 38.8229
-64.1348 26.0351 47.7831 15.9361 3.02843 4.90962 24.4344 62.5262 9.22116 31.5768 50.5804 41.9889 145.438 143.483 25.957 36.4713 135.349 77.0565 217.812 14.4999 2.35322 7.14254 35.8549 30.6977 66.1971 0.0000000766373 37.3068
-68.0644 26.0351 47.7831 15.2465 3.02843 6.03501 23.8858 62.5262 9.22116 28.1066 50.5804 41.9889 145.438 143.483 24.9899 46.9327 135.349 77.0565 217.812 7.4731 2.35322 7.92467 69.1144 30.6977 60.8338 0.000000074878 39.1714
-68.0831 22.7293 47.7831 15.8845 3.02843 6.03501 21.3342 62.5262 36.9093 1.63329 50.5804 41.9889 145.438 143.483 24.9899 47.0521 135.349 77.0565 217.812 16.311 2.29906 3.60191 69.1144 30.6977 80.5962 0.000000068764 38.2888
-68.1942 22.7293 47.7831 17.9974 3.02843 4.1126 23.2776 62.5262 36.9093 1.63329 50.5804 41.9889 145.438 143.483 24.9899 47.0521 135.349 77.0565 217.812 15.4621 1.52471 3.60191 19.8594 89.8915 99.0215 0.0000000638406 39.9711
-68.2312 22.4857 47.7831 17.9974 3.02843 4.1126 21.4189 62.5262 36.9093 1.63329 50.5804 41.9889 145.438 143.483 24.9899 47.0521 136.008 77.0565 217.812 14.4199 1.52471 3.76262 19.8594 84.4291 131.902 0.0000000800012 40.1942
-68.2312 23.341 47.7831 19.7774 3.02843 4.1126 20.7895 62.5262 36.9093 1.63329 48.646 41.9889 145.438 143.483 24.9899 47.0521 138.318 70.6048 211.535 8.86181 1.52471 3.76262 37.0838 141.853 20.487 0.0000000800012 43.9121
-69.7354 23.341 47.7831 19.7774 3.02843 3.80761 16.6113 62.5262 36.9093 0.277991 54.5543 41.9889 142.999 143.483 24.9899 47.0521 136.675 70.6048 227.684 14.9471 1.52471 2.25949 19.438 28.5735 20.487 0.0000000830866 43.0065
-69.4439 23.341 44.4035 19.7774 3.02843 0.195732 38.3826 48.0903 36.9093 0.277991 54.5543 41.9889 146.489 143.483 24.9899 47.0521 135.379 70.6048 227.684 7.34421 1.52471 2.05979 14.6683 10.8983 20.7143 0.0000000761676 42.7892
-69.4198 23.341 44.4035 2.94618 3.02843 16.7124 38.3826 48.0903 36.9093 0.277991 54.5543 41.9889 146.489 143.483 24.9899 47.0521 135.379 70.6048 227.684 11.1426 1.52471 2.05979 2.26256 10.8983 20.7143 0.0000000646376 40.7976
-69.4235 22.2125 44.4035 2.94618 3.02843 16.7399 33.6161 45.6133 40.5603 0.784175 54.5543 41.9889 146.489 144.872 26.6474 43.6099 137.121 70.6048 220.419 14.4544 7.76311 2.24818 3.12664 40.3559 26.9035 0.0000000719766 40.1111
-69.4063 22.2125 44.4035 2.94618 3.02843 10.8132 58.6742 45.6133 31.2812 0.784175 57.9981 41.9889 146.489 144.872 26.6474 43.6099 137.367 226.424 38.2803 22.6004 3.14904 8.09571 3.12664 40.3559 26.9035 0.000000066235 36.4425
-69.3753 22.2125 44.4035 1.44977 3.02843 10.8132 53.4418 45.6133 31.2812 0.784175 57.9981 49.4669 146.489 144.872 26.6474 43.6099 137.367 226.424 38.2803 24.3103 5.70133 14.9291 3.12664 56.7058 14.0709 0.00000000537354 38.3087
-69.3644 23.5351 44.4035 1.44977 3.02843 10.8132 53.4418 45.6133 31.2812 0.784175 53.7934 49.4669 146.489 144.872 26.6474 43.6099 137.367 226.424 38.2803 23.409 3.0012 7.00438 31.3324 6.30867 39.9497 0.00000000537354 35.4208
-69.3808 28.3719 44.4035 1.06526 3.02843 10.4646 53.4418 45.6133 31.2812 0.784175 53.7934 49.4669 146.489 144.872 26.6474 43.6099 135.554 226.424 38.2803 19.5577 2.83541 22.2548 46.4109 6.30867 54.3377 0.00000000537354 34.6663
-69.3623 28.3719 44.4035 0.662339 3.02843 10.4646 53.4418 45.6133 31.2812 0.983318 45.6582 44.0491 146.489 144.483 26.6474 43.6099 143.688 226.424 38.2803 16.593 8.59973 22.2548 83.201 12.1164 54.6382 0.00000000537354 36.2148
-69.3435 28.3719 44.4035 0.662339 3.02843 10.4646 53.4418 45.6133 31.2812 0.983318 51.3894 44.0491 146.489 144.483 26.6474 39.1104 143.688 226.424 38.2803 16.593 12.9714 19.031 103.237 29.7955 49.1064 0.00000000537354 36.1597
-69.2809 28.3719 40.9443 0.662339 3.02843 13.6371 58.13 43.4848 31.2812 0.983318 64.4204 44.0491 146.489 144.483 12.1398 39.1104 146.511 226.424 38.2803 16.593 8.61575 19.031 167.261 36.9678 44.7499 0.00000000042878 35.8518
-69.2255 28.3719 40.9443 0.662339 3.02843 16.9936 49.1625 43.4848 33.6481 0.983318 64.4204 44.0491 146.489 144.483 12.1398 36.2551 146.511 226.424 38.2803 16.593 8.15659 16.2936 7.67013 4.20359 84.9783 0.00000000042878 33.7886
-69.2902 28.3719 40.9443 0.662339 3.02843 12.8785 45.6824 43.4848 35.0744 5.42552 64.4204 47.4799 152.236 144.483 12.1398 31.1847 154.641 222.307 38.2803 16.4723 12.3415 15.2483 7.67013 11.4851 205.535 0.00000000042878 35.9187
-69.3134 22.7307 40.9443 2.1897 7.05961 14.5556 42.7028 36.5784 37.6482 23.4283 66.2544 24.2993 149.026 144.483 12.9476 31.1847 154.091 222.307 38.2803 16.0314 12.3415 13.6873 13.4201 5.41913 179.822 0.00000000042878 34.1555
-69.2926 18.2075 40.9443 2.1897 7.05961 14.2338 44.2344 36.5784 37.6482 18.1171 66.2544 24.2993 157.05 144.483 12.9476 44.0412 154.091 222.307 38.2803 21.8411 5.51712 8.0721 22.1677 41.6337 160.331 0.00000000042878 35.0228
-69.1125 18.1937 40.9443 3.47367 7.05961 14.2338 43.1392 38.7256 37.6482 17.2005 63.4178 24.2993 165.495 144.483 12.9476 31.7776 147.218 222.307 55.5688 17.3422 6.62302 8.0721 20.1645 27.341 160.331 0.00000000042878 33.719
-68.8806 19.1713 42.8401 3.73377 8.45016 13.0702 47.1987 33.4675 39.8426 15.5726 63.4178 24.2993 165.495 144.483 12.1047 30.9527 145.679 222.423 55.5688 30.0257 1.556 7.15953 24.9708 20.1287 77.2936 0.00000000042878 31.4374
-66.9113 19.7684 41.5459 5.18902 8.45016 11.0252 47.5264 33.4675 39.8426 2.95993 63.4178 24.2993 165.495 163.461 12.1047 30.2217 136.887 222.423 55.5688 16.8812 1.556 9.14768 28.2276 28.8811 34.8829 0.00000000042878 32.7217
-66.0764 19.5651 41.5459 5.18902 13.4346 9.88732 47.5264 33.343 43.7846 2.95993 61.9861 24.2993 165.495 163.461 12.1047 31.8018 139.495 220.257 55.5688 24.5777 1.556 9.36793 42.6538 36.0245 34.8829 0.00000000042878 35.6556
-65.3259 19.5491 38.835 5.18902 15.9726 7.61089 47.5264 33.343 43.7846 2.95993 62.1416 24.2993 165.495 163.461 10.8559 31.8018 142.263 208.898 55.5688 35.1616 2.7211 6.51906 45.7407 13.9871 46.3857 0.00000000042878 31.1812
-65.1954 20.5746 38.835 5.29361 15.9726 7.61089 47.8741 28.5834 43.1453 2.95993 62.1416 24.2993 165.495 160.526 3.47851 31.6401 150.269 208.898 45.4782 21.5744 26.0222 7.00621 45.7407 13.9871 58.8424 0.00000000042878 33.7665
-65.445 17.8276 39.3576 5.29361 15.9726 6.07829 47.8741 28.5834 54.9597 2.95993 62.1416 24.2993 165.495 161.307 3.47851 31.6401 148.464 208.898 45.4782 13.9801 13.339 7.00621 45.7407 36.2525 39.4486 0.00000000042878 31.1694
-63.4901 17.8404 37.5558 5.29361 16.705 6.07829 47.8741 19.1892 61.0643 2.95993 62.1416 24.2993 165.495 165.579 3.47851 32.8236 148.453 74.7804 192.511 11.1638 17.8747 7.66234 46.1856 32.153 39.4486 0.00000000042878 33.6943
-62.1965 18.3866 37.2165 5.66307 16.705 6.07829 47.8741 19.1892 61.0643 2.95993 60.401 24.2993 165.495 165.579 4.82426 34.658 148.453 74.7804 195.896 6.09845 19.7872 7.54862 46.1856 4.18829 19.7769 0.00000000042878 36.1808
-55.7878 19.194 43.7014 3.77871 16.705 6.92671 41.3991 19.1892 53.6593 2.95993 58.7147 24.2993 165.495 165.579 4.82426 32.9406 159.98 74.7804 195.896 5.13914 16.8352 7.44114 46.2958 1.81756 45.3571 0.00000000042878 43.6425
-66.7268 17.8112 36.8987 5.84341 16.705 6.92671 51.2342 30.285 52.2795 2.95993 43.3502 24.2993 165.495 165.579 4.82426 36.5506 159.98 113.47 157.197 3.93362 16.8352 7.32966 46.1745 6.88333 38.2294 0.00000000042878 30.4908
-66.7268 20.248 21.0415 15.3561 18.5851 8.60595 18.3581 30.285 78.8497 2.95993 46.9102 23.155 165.495 165.579 4.82426 36.2861 159.98 109.084 148.378 1.30805 22.1218 9.03204 46.2637 219.248 38.2294 0.00000000042878 38.0136
-67.7304 20.248 10.6513 13.4804 8.35883 29.0701 4.66869 30.285 94.0976 2.95993 40.9578 23.155 164.914 166.486 61.4573 33.578 117.088 136.607 136.858 0.942792 23.2037 7.82522 46.2054 143.421 3.67081 0.00000000042878 36.6225
-65.9982 20.2528 16.3277 16.2767 9.50272 28.7035 5.55903 43.6752 76.5303 6.61072 30.9411 23.155 164.914 164.779 68.3081 24.435 121.688 208.429 46.0917 24.2437 2.53444 9.29595 46.1048 209.43 56.6415 0.00000000533101 38.3934
-63.475 20.2635 15.0063 20.1813 5.78631 28.7035 5.55903 43.6752 69.3002 14.2651 30.7009 23.155 164.914 164.779 68.3081 34.3836 114.244 192.815 54.15 22.1351 17.494 9.73663 43.1303 209.43 7.90058 0.00000000533101 36.1537
-66.2917 20.2714 8.46736 21.8244 3.39743 33.5907 5.55903 43.6752 70.0529 14.2651 39.5237 23.155 157.657 160.2 77.3994 24.3746 114.244 198.688 54.15 18.0583 11.7516 21.1358 38.6314 147.837 58.7264 0.00000000533101 33.2221
-66.5795 20.2776 8.46736 21.8244 3.39743 33.5907 5.55903 43.6752 71.3486 14.2651 36.2301 23.155 157.657 160.2 77.3994 24.3746 121.007 194.997 54.15 17.179 16.8537 20.6341 38.6314 65.877 58.7264 0.00000000533101 30.6474
-65.9472 20.3193 8.46736 21.8244 3.39743 33.5907 5.55903 43.6752 74.3186 14.2651 36.1811 23.155 176.061 142.771 77.3994 20.7577 121.007 194.997 54.15 14.1031 13.8978 25.0624 42.6412 65.5113 62.2799 0.00000000533101 31.0809
-65.4938 20.2357 8.46736 21.8244 3.39743 33.5907 2.31852 43.6752 77.4473 14.2651 40.7068 23.155 176.061 142.771 72.9746 20.7577 121.007 194.997 54.15 15.3995 13.8978 25.0624 36.4032 41.638 177.596 0.00000000533101 33.786
-65.4938 20.2711 8.46736 25.808 3.39743 33.5907 2.31852 43.6752 76.3581 8.47848 40.7068 23.155 176.061 135.77 74.2852 18.6165 121.007 205.023 66.7629 10.1609 4.41673 25.8786 38.2431 41.638 76.9539 0.00000000533101 32.6093
-66.0802 20.2802 5.50661 37.397 3.39743 33.5907 8.0322 43.6752 76.3581 8.47848 40.9724 23.155 157.193 135.77 74.2852 26.2767 121.007 205.023 58.5269 10.7077 7.24663 25.8786 38.1113 41.638 57.4971 0.00000000533101 32.971
-65.0244 20.1267 5.50661 37.397 3.39743 33.5907 4.11366 43.6752 74.8635 23.4696 50.1092 16.2922 157.193 129.468 71.5903 26.2767 121.007 205.023 58.1321 10.7077 5.31375 17.6825 38.7496 65.3834 47.0328 0.00000000533101 35.4758
-66.4355 19.9903 5.50661 34.6703 3.39743 28.5081 2.1927 43.6752 74.5643 29.531 56.9525 16.2922 157.193 127.221 77.5668 28.3129 119.104 167.525 84.2728 42.0975 5.15644 7.04538 38.921 65.3834 30.3986 0.00000000533101 39.0162
-65.9151 18.9599 4.16672 34.6703 6.55074 23.061 10.9264 28.4314 79.737 17.417 81.9321 9.96038 157.193 130.313 54.5437 38.3873 119.104 174.461 38.8176 42.0975 10.4023 23.3519 18.4273 52.6071 45.1623 0.00000000533101 38.8489
-65.2327 26.6266 4.53392 26.0535 6.29394 24.711 10.9264 33.0176 73.7318 17.417 85.7221 9.96038 157.193 136.994 64.4274 31.8307 111.363 176.704 59.093 53.2671 7.85186 6.47878 8.80101 70.7486 59.449 0.00000000533101 35.4737
-64.5438 29.2497 4.53392 26.0535 6.29394 22.4949 10.9264 30.0783 77.2717 17.417 85.7221 6.78817 152.32 136.994 64.4274 36.3862 111.363 164.134 59.093 53.2671 8.5054 13.1441 8.80101 29.7442 52.7015 0.00000000533101 35.981
-65.6602 25.9352 4.53392 26.0535 6.29394 22.4949 10.9264 32.0815 78.0211 17.417 80.2183 12.1896 152.32 136.994 64.6293 36.3862 111.363 164.134 59.093 40.6438 13.106 11.8597 17.9802 9.16659 141.956 0.00000000533101 38.1219
-65.6602 26.7118 17.2976 12.9277 6.29394 24.2511 10.9264 32.0815 78.0211 17.417 80.2183 12.1896 152.32 136.994 64.6293 42.4575 95.0534 164.134 69.2289 25.7235 9.99337 11.8597 44.8597 9.16659 141.956 0.00000000533101 36.9781
-64.8964 25.2829 15.2968 18.2095 5.98214 23.8934 2.6456 18.2244 97.6133 17.417 77.6419 12.1896 152.32 136.994 70.3578 39.5914 95.0534 170.304 70.4337 25.7235 25.9755 20.9041 66.452 9.29772 69.3405 0.00000000533101 36.118
-65.4011 25.2829 15.2968 18.2095 5.98214 23.8934 2.6456 18.9621 97.6133 17.417 77.6419 20.1186 152.32 140.459 70.3578 39.5914 95.0534 155.888 70.163 25.7235 24.1516 25.6191 49.871 26.9989 59.8134 0.00000000533101 35.0809
-64.9593 24.1757 15.2968 18.2095 5.98214 23.3786 2.6456 18.9621 97.6133 17.417 77.6419 20.1186 152.32 140.459 70.3578 39.5914 95.0534 155.888 70.163 25.7235 32.8235 25.6191 5.76584 26.9989 59.8134 0.00000000533101 35.8943
-64.9593 24.1757 15.2968 18.2095 7.54033 23.3786 2.6456 32.1493 84.19 17.417 77.6419 20.1186 152.32 137.833 75.3973 39.5914 95.0534 155.888 70.163 25.7235 27.7351 25.6191 5.76584 26.9989 62.1585 0.00000000533101 35.7686
-64.787 24.1757 15.2968 18.2095 2.91165 23.3786 0.435846 29.187 84.19 17.417 77.6419 20.1186 162.844 138.341 75.3973 35.099 95.0534 149.297 70.163 31.1432 27.7049 32.9276 45.7664 30.6073 32.3777 0.00000000533101 40.5041
-65.4341 24.1757 15.2968 18.2095 2.91165 24.9625 0.435846 29.187 84.19 17.417 77.6419 20.1186 162.844 138.341 75.3973 35.099 95.0534 149.297 70.163 31.1432 27.7049 18.227 27.5932 29.0414 61.8263 0.00000000533101 37.6548
-65.4341 24.1757 15.2968 18.2095 2.91165 24.9625 0.435846 29.187 84.19 17.417 77.6419 20.1186 162.844 138.341 75.3973 35.099 95.0534 149.297 70.163 31.1432 27.7049 18.227 44.4126 29.0414 33.0697 0.00000000533101 37.3716
-65.4341 23.9427 15.2968 18.2095 2.91165 24.9625 1.4908 31.3089 84.19 17.417 77.6419 20.1186 162.844 138.341 47.4191 50.4676 95.0534 166.759 69.6723 31.1432 21.6961 18.227 15.9851 15.391 21.3023 0.00000000533101 34.3585
-65.4341 23.9427 15.2968 18.8073 5.177 24.9625 1.4908 31.3089 84.19 17.417 77.6419 20.1186 162.844 138.341 47.4191 52.2112 95.0534 166.759 61.8282 14.4833 19.7737 18.227 170.859 19.68 72.8098 0.00000000533101 39.938
-65.4341 25.6944 14.8964 18.8073 5.177 24.9625 1.4908 31.3089 84.19 17.417 75.4931 20.1186 160.363 138.341 47.4191 52.2112 95.0534 165.548 65.0431 11.9925 17.1005 33.7042 144.012 22.1302 57.8399 0.00000000533101 37.3981
-64.8047 25.6944 5.9261 22.9029 5.177 28.8973 3.79599 31.4581 84.19 8.54308 75.4931 20.1186 160.363 138.341 64.4465 44.3629 95.0534 157.21 85.213 21.3879 17.1005 25.3928 89.2059 22.4004 59.1203 0.00000000533101 35.8854
-66.1431 27.7219 5.9261 22.9029 5.62242 27.2295 3.90943 31.4581 84.19 8.54308 75.4931 20.1186 160.363 142.744 64.4465 44.3629 98.2733 157.21 83.9394 21.3879 17.1005 18.5321 81.9297 22.4004 64.6178 0.0000000363656 36.5405
-68.3366 22.867 7.42883 21.6939 6.06439 27.2295 3.26573 33.462 84.19 8.54308 74.0297 16.872 160.363 142.744 64.4465 44.3629 98.2733 174.212 82.2715 24.4151 20.349 5.67434 80.1422 22.9572 74.9781 0.000000162782 40.1578
-68.2785 21.1055 7.42883 27.7874 4.45516 27.2295 8.1886 33.462 78.3304 8.54308 74.0297 16.872 160.363 142.744 64.4465 44.3629 98.2733 174.212 79.8131 24.4151 20.349 5.67434 90.8262 23.0131 72.3043 0.0000000579576 37.2054
-68.2785 21.1055 7.77783 27.7874 4.98538 27.0963 7.04446 18.963 82.9205 38.0943 58.146 15.9856 160.363 142.744 64.4465 44.3629 98.2733 155.04 101.094 24.7791 9.02446 6.76234 101.742 21.1191 70.9818 0.0000000263828 36.2534
-67.2598 18.4015 7.77783 25.1303 7.95569 27.0963 26.087 20.6766 61.8041 38.0943 58.146 15.9856 160.363 142.744 64.4465 44.3629 98.2733 155.04 119.255 20.9628 3.51841 6.76234 90.3729 18.8403 112.394 0.0000000404743 33.4263
-68.1989 18.4015 7.77783 26.9794 4.39254 32.2212 26.087 20.6766 58.181 38.0943 52.8612 15.9856 160.363 142.744 64.4465 44.3629 98.2733 155.04 119.255 22.43 3.31259 6.76234 4.47517 14.6136 83.5811 0.000000038098 33.4927
-67.0585 18.4015 5.38061 21.4736 7.62112 34.5187 24.0752 20.8668 57.982 39.7824 52.8612 15.9856 160.363 142.744 64.4465 44.3629 98.2733 159.137 119.255 13.3198 3.31259 15.0812 6.1264 11.4231 76.9656 0.000000038098 31.9536
-64.8673 18.8018 5.38061 25.1295 7.4023 34.5187 21.426 20.8668 45.1385 62.3583 52.8612 13.9734 160.363 142.744 64.4465 44.3629 98.2733 149.439 119.255 7.27369 2.33295 15.0812 42.4693 13.514 95.3947 0.0000000349907 31.9244
-64.0051 18.8018 5.38061 25.1295 8.27155 34.5187 21.426 20.8668 45.1385 64.5095 52.8612 13.9734 160.363 133.528 63.9663 44.3629 98.2733 161.712 123.12 6.0396 2.33295 15.0812 4.13001 15.0657 109.241 0.0000000245749 33.7847
-64.8199 16.1861 5.38061 25.1295 8.27155 36.741 21.426 20.8668 45.1385 63.5507 52.8612 13.9734 158.394 133.528 66.6747 44.3629 98.2733 161.712 115.498 6.35127 2.33295 12.7536 4.13001 17.8314 136.379 0.0000000245749 33.3286
-65.1686 16.1861 5.5316 26.9747 8.18892 34.5388 18.7056 20.8668 45.1385 63.5507 52.8612 13.9734 158.394 133.528 81.4671 44.3629 98.2733 161.712 115.498 6.73523 11.6093 4.69961 21.9073 30.2254 26.5948 0.0000000159838 31.6181
-65.1686 21.5325 5.5316 21.6663 7.76491 34.5388 18.4049 20.8668 45.1385 63.5507 52.8612 13.9734 163.327 133.528 65.0464 44.3629 98.2733 161.712 116.551 6.20918 11.6093 24.7124 22.6531 11.9977 6.50876 0.0000000168172 31.322
-64.1866 23.0844 5.5316 19.2716 7.91488 34.5388 27.0789 20.8668 44.4562 49.1054 54.2472 13.9734 163.327 133.528 67.6071 54.2695 103.234 161.712 74.2221 29.1434 10.8321 21.8616 21.9705 17.1259 55.05 0.00000000682936 34.3403
-64.1866 23.0844 5.5316 19.2716 5.37871 34.5388 27.0789 20.8668 44.4562 49.1054 54.2472 13.9734 163.327 133.528 67.6071 54.2695 103.234 161.712 96.0401 13.9263 10.8321 21.8616 23.2418 17.1259 55.05 0.00000000661678 31.5992
-64.5689 24.3134 5.5316 18.7551 6.95864 34.5388 27.0789 20.8668 52.2187 47.5966 60.0493 13.9734 169.622 135.508 37.2742 52.5525 102.666 147.825 134.114 7.12009 10.6455 19.2836 13.08 44.7722 55.05 0.000000000358154 28.2276
-64.5689 12.199 16.0008 18.7551 7.97391 34.5388 27.0789 22.05 52.2187 47.5966 60.0493 13.9734 169.622 135.508 37.2742 52.5525 102.666 147.825 134.114 7.96037 1.49723 21.544 10.5213 35.8605 20.9286 0.00000000129269 28.0484
-64.812 7.32624 19.0761 19.7679 6.63645 33.533 21.7844 28.417 53.1088 49.6556 66.618 13.9734 155.058 135.508 30.8205 64.6254 107.059 138.044 134.114 7.39966 2.67655 25.5061 63.2224 40.2633 75.3127 0.00000000154643 32.2058
-64.9253 6.82387 13.9661 22.5442 9.41781 32.9496 26.3761 38.1161 54.4532 41.4178 66.618 13.9734 149.518 135.508 36.7537 64.6254 109.209 138.044 134.114 8.27775 2.18332 17.0845 63.2224 62.8167 56.1946 0.00000000145342 34.1563
-65.3364 16.1351 13.9661 12.5338 9.68631 35.8002 29.6405 38.1161 60.4323 33.1908 66.618 10.1105 155.592 143.778 33.9407 36.6934 115.297 138.044 149.165 5.24403 2.57945 18.6714 51.5565 57.9942 15.3232 0.000000000901753 34.3274
-68.0686 8.59119 13.9661 12.2981 12.7046 35.8002 34.8312 37.8264 60.4323 24.8806 70.7113 6.96905 148.902 152.803 38.4974 30.1388 115.483 138.044 149.165 2.71347 4.30418 18.6714 81.4526 55.6146 132.249 0.00000000106698 38.8622
-61.4235 8.59119 13.9661 6.98577 27.4223 35.8002 34.8312 30.9027 60.4323 24.8806 70.7113 6.96905 142.658 152.803 38.4974 30.1388 118.879 144.688 149.165 3.07723 4.30418 19.069 30.3231 55.2184 115.465 0.0000000011627 36.8239
-66.2022 21.1936 13.9661 2.4066 22.9081 35.8002 34.8312 31.1559 57.535 24.8806 70.6561 6.96905 142.658 152.803 38.4974 30.1388 125.541 144.688 149.165 2.58128 1.65154 16.2728 88.533 55.2184 17.0413 0.000000000468318 34.758
-66.755 21.1936 13.9661 2.4066 19.7752 35.8002 43.6162 31.1559 57.535 16.3461 70.6561 6.96905 138.8 152.803 38.4974 28.3729 125.108 144.688 149.165 4.38522 0.181895 21.4409 88.6893 49.38 2.69696 0.000000000878931 34.2523
-66.7603 21.1936 13.9661 2.4066 19.7752 35.8002 43.6162 26.0624 57.6147 23.2797 70.6561 7.763 138.835 152.803 39.7321 27.7434 123.694 144.688 149.165 0.282955 0.181895 32.2461 70.4595 33.7946 1.60424 0.000000000899709 35.4132
-67.3837 21.1936 13.9661 2.4066 17.7959 35.8002 43.6162 26.0624 57.6147 23.2797 72.5166 7.763 138.835 152.803 39.7321 26.0741 123.694 144.688 149.165 0.517504 0.181895 31.8005 55.7531 38.0286 1.60424 0.00000000101563 36.5099
-66.9759 24.2777 13.9661 4.77825 17.221 40.0977 41.6966 10.7893 57.6147 23.2797 72.5166 7.763 137.917 152.803 39.7321 53.2716 125.954 144.688 106.181 4.71741 8.32656 28.0408 22.2355 26.1654 12.7001 0.000000000119363 34.6133
-67.6183 24.2777 15.1923 5.09392 17.221 28.8229 41.6966 10.7893 57.6147 23.2797 115.821 7.763 137.917 109.662 39.7321 53.2716 125.54 144.688 106.181 13.253 8.65008 26.2684 59.6091 0.370216 17.1274 0.000000000119363 36.6885
-66.8381 33.1024 10.7866 5.09392 17.301 25.4904 47.0485 10.7893 57.6147 35.8106 115.821 7.763 142.926 109.662 22.1497 68.426 115.935 144.688 108.574 11.7868 8.65008 22.1363 47.191 22.7616 55.0226 0.0000000000169829 31.8393
-70.5123 32.0906 18.7932 5.55187 18.2398 12.8759 47.0485 10.7893 66.2978 39.8312 115.821 7.763 136.256 95.7085 15.1395 68.426 129.174 144.688 120.533 10.1443 8.65008 12.9332 71.2703 1.59026 50.6459 0.0000000000169829 30.6091
-70.5123 32.0906 18.7932 5.55187 18.5505 12.8759 47.0485 10.2875 66.2978 39.8312 115.821 7.763 140.077 95.7085 15.1395 70.7909 124.808 144.688 120.533 12.4597 8.65008 9.41446 88.7394 13.717 61.9713 0.0000000000169829 30.0826
-66.5213 32.0906 18.7932 5.55187 17.5666 17.0994 41.4665 10.2875 66.2978 39.8312 115.821 7.763 140.077 95.7085 15.1395 70.7909 127.648 144.688 120.533 12.4597 16.128 1.90174 88.7394 7.4898 60.8447 0.0000000000169829 29.6637
-66.6993 32.0906 14.2727 8.31969 17.5666 17.0994 40.8852 10.2875 66.2978 46.346 115.821 7.763 140.077 91.8038 15.1395 70.7909 123.561 144.688 120.533 11.1743 15.2716 9.11978 114.025 7.4898 71.3951 0.0000000000169829 28.0752
-67.2202 36.8981 14.2727 5.21684 17.1634 12.8275 36.4834 10.2875 66.2978 38.8376 123.687 7.763 140.077 91.8038 22.8853 71.5308 125.159 144.688 120.533 10.8417 14.6109 11.3938 86.7769 6.15754 102.555 0.0000000000169829 32.0974
-67.9623 51.1418 14.2727 3.61474 18.5178 12.8275 31.5139 10.2875 50.0196 40.1283 123.687 7.763 140.077 91.8038 22.8853 71.5308 124.606 144.688 120.533 18.7075 15.6934 11.3633 66.8336 55.5416 80.8417 0.0000000000169829 34.1484
-67.7594 53.4859 14.2727 2.06959 18.6174 8.82381 33.6126 10.2875 50.0196 47.7346 126.592 39.308 140.077 104.711 16.8666 34.1036 122.854 144.688 120.533 3.8697 13.7218 11.3633 104.864 53.4972 78.6004 0.0000000000169829 38.4507
-66.7106 38.628 20.8944 1.45968 20.7024 2.65569 54.9146 9.79376 35.6502 45.8455 110.628 39.308 166.604 83.3043 23.6886 38.3908 120.23 171.603 100.945 7.56665 14.4781 18.1744 5.22731 49.0215 103.911 0.0000000000169829 29.4266
-66.4199 38.628 17.3503 4.93426 20.7024 2.82347 54.9146 10.1023 36.349 45.6212 110.628 39.308 161.39 80.4952 23.6886 38.3908 120.23 171.603 100.945 7.56665 14.4695 32.2412 44.2698 62.9805 138.33 0.0000000000169829 31.1689
-65.3085 38.628 17.3503 4.93426 20.7024 2.82347 54.9146 10.1023 36.349 45.6212 110.628 39.308 161.39 80.4952 23.6886 38.3908 124.121 171.603 100.945 8.31028 7.19217 32.2412 51.9098 53.3569 17.5558 0.0000000000169829 26.6035
-65.3085 38.628 17.7944 4.93426 19.4374 2.82347 54.9146 10.1023 36.349 42.6838 110.628 39.308 161.39 83.8009 23.6886 38.9364 128.732 171.603 100.945 3.8319 1.0935 16.9698 44.0515 42.7184 14.0443 0.0000000000169829 29.2172
-64.6224 38.628 16.0501 4.93426 18.1385 3.24875 54.9146 10.1023 36.349 42.6838 110.628 39.308 160.729 83.8009 23.6886 45.1594 128.732 132.544 145.483 3.8319 1.0935 16.9698 25.1544 42.7184 44.3919 0.0000000000169829 27.2275
-64.6224 38.628 16.0501 6.42522 19.3428 3.24875 54.9146 10.1023 36.349 42.6838 108.075 39.308 160.729 83.8009 23.6886 37.4776 135.984 132.544 145.483 3.8319 1.0935 23.4623 25.1544 108.162 44.948 0.0000000000169829 28.0598
-65.1285 38.628 16.0501 4.06265 22.1464 3.24875 60.3294 10.1023 36.349 42.3454 108.075 39.308 151.533 83.8009 23.6886 36.8886 140.176 132.544 145.483 6.45812 1.0935 18.983 32.2973 109.796 39.7756 0.0000000000169829 26.7945
-64.869 38.628 18.9726 1.13676 22.2178 3.24875 60.3294 10.1023 36.349 42.3454 108.075 39.308 151.533 83.8009 23.6886 36.8886 132.522 132.544 145.483 6.45812 4.90843 18.983 32.2973 109.339 33.1678 0.0000000000169829 27.1141
-64.7375 39.1407 18.9726 2.16393 21.227 3.24875 60.3294 12.564 36.349 42.3454 108.075 39.308 141.393 99.5381 23.6886 39.7866 124.275 132.544 145.483 6.45812 4.90843 19.5132 32.2973 109.339 16.5826 0.0000000000169829 29.4339
-66.0581 36.2061 20.6893 14.0612 22.2089 3.24875 48.6018 12.564 36.349 21.6169 108.075 39.308 140.554 103.525 37.3247 39.8098 125.774 130.823 145.483 9.81977 4.90843 25.5804 27.9582 110.335 48.7516 0.0000000000169829 29.8858
-66.0581 37.4606 20.6893 14.0612 22.2089 2.86449 49.8049 12.564 37.4928 27.4553 108.075 39.308 142.759 103.525 37.3247 37.2168 125.774 130.823 145.483 0.561392 2.65252 6.3535 31.837 123.91 83.4987 0.0000000000169829 30.5389
-65.3005 37.4606 21.7039 14.0612 22.2089 2.86449 58.2172 4.14855 37.0774 27.4553 108.075 39.308 143.296 96.2555 39.4877 33.5564 125.774 132.716 145.483 13.7047 7.94944 16.2095 25.6624 106.804 48.1491 0.0000000000169829 29.8751
-66.1556 36.8561 14.4105 14.6859 17.5807 2.6058 58.2172 4.14855 56.2636 20.8261 108.075 37.9094 142.786 96.2555 34.5239 34.6657 125.774 132.716 147.41 15.8159 7.29739 16.2095 27.0953 107.314 61.7894 0.0000000000169829 28.9053
-64.5901 36.8561 11.4016 18.1662 18.017 1.50337 58.2172 6.35956 56.2636 5.99887 112.515 37.9094 166.694 88.6997 43.8073 32.8908 116.214 132.716 147.41 11.6909 8.86484 11.626 30.9641 96.6138 62.1293 0.000000000617026 31.175
-63.2956 36.8561 19.5909 17.2452 15.555 1.50337 58.2172 6.35956 64.5315 5.99887 112.802 37.9094 146.193 95.1829 57.8546 30.6846 103.011 132.716 147.41 7.81202 8.86484 8.00235 28.4075 47.7674 53.9699 0.00000000622619 38.5422
-63.3842 36.3328 4.02701 18.1065 20.7817 2.26503 58.2172 6.35956 64.5315 12.1143 142.645 37.9094 140.258 69.6115 55.9065 30.7203 115.809 132.716 147.41 7.81202 9.14817 14.1962 42.2428 56.8605 6.89644 0.00000000403265 33.5907
-66.68 33.3544 4.02701 16.4919 24.7608 0.729234 58.2172 6.35956 64.5315 12.1143 142.645 37.9094 142.146 69.6115 53.1141 30.7203 117.252 132.716 147.41 7.81202 5.74908 15.022 51.6802 14.3037 22.062 0.0000000333544 34.4336
-67.3464 33.3544 4.20385 16.4919 24.7608 5.95037 52.1949 6.35956 64.5315 12.1143 142.645 37.9094 145.156 69.6115 50.0745 40.7162 117.067 128.687 130.986 7.81202 13.5111 23.9706 48.9099 57.3187 46.0494 0.0000000293112 34.1459
-68.0969 21.3079 0.76225 16.4919 25.1598 21.2325 46.2266 6.35956 64.5315 12.1143 142.645 37.9094 146.739 69.6115 55.329 40.7162 117.203 128.687 129.593 9.53798 12.6948 17.4426 44.6385 56.4503 54.9402 0.0000000238109 35.9937
-67.843 21.3079 0.76225 19.2737 25.1598 21.2325 37.5276 6.43824 78.4492 12.1143 142.645 37.9094 149.791 49.4031 49.3687 42.2143 115.748 131.476 129.593 9.53798 13.1658 26.7164 81.7494 24.495 41.158 0.0000000369132 35.8212
-64.9765 21.3079 0.76225 21.6226 25.1598 21.2325 37.5276 6.43824 78.4492 12.1143 142.645 37.9094 149.791 57.0844 48.9695 42.2143 115.748 131.476 129.593 9.53798 11.682 21.9294 81.7494 24.495 38.2757 0.0000000675704 33.4404
-63.9815 21.3079 0.76225 21.6226 25.1598 20.4055 31.666 20.7802 87.6033 4.93247 133.411 37.9094 130.505 76.7401 51.9215 42.2143 111.828 137.382 135.89 11.6589 11.2703 10.288 31.1917 24.495 52.4107 0.0000000675704 34.8187
-65.3222 0.0997062 0.76225 44.8795 25.1598 17.8068 30.0713 20.3454 74.2715 4.93247 133.411 37.9094 129.032 77.3849 52.4581 43.1457 124.522 135.763 135.922 11.6589 11.9529 13.1475 48.3017 26.7408 52.4107 0.0000000835211 34.9737
-66.7061 0.0997062 0.76225 44.8795 25.1598 17.8068 30.0713 20.6453 74.2715 4.93247 133.411 37.9094 129.032 77.3849 52.4581 43.1457 124.522 135.763 135.922 14.3029 12.2135 11.514 53.5318 26.7408 7.22651 0.000000226087 35.9168
-64.9249 2.4887 0.76225 44.8795 25.7171 17.8068 29.5931 19.2752 74.2715 4.93247 133.411 37.9094 129.014 77.3849 49.9859 36.5598 130.739 138.578 126.848 12.9195 11.3648 22.2577 57.5904 26.7408 7.22651 0.000000086255 36.1199
-64.9249 2.4887 0.76225 44.8795 25.7171 17.3113 30.5629 19.2752 74.2715 4.93247 133.411 37.9094 129.014 77.3849 49.2968 36.5598 130.739 138.578 126.848 12.9195 6.45611 22.2577 36.8501 62.1313 48.2902 0.0000000500157 36.2397
-64.9249 4.00926 0.76225 43.7368 25.7171 16.1702 30.5629 19.2752 74.2715 31.2736 133.411 17.0394 129.014 74.1652 49.2968 36.5598 132.22 138.578 123.938 12.9195 11.468 22.5016 36.8501 35.8611 41.6491 0.0000000676183 36.8696
-66.105 14.7 0.76225 43.7368 12.019 30.0666 30.7744 7.34743 74.2715 31.2736 133.411 17.0394 139.51 69.8867 49.2968 30.872 124.911 138.578 123.938 8.00078 21.0614 24.1167 1.55728 35.8611 79.3827 0.000000266121 40.1436
-66.105 14.7 0.76225 43.7368 11.269 30.0666 32.0581 7.34743 74.2715 31.2736 133.411 24.1964 142.263 69.8867 40.403 34.8199 123.645 138.578 123.938 8.43504 16.8002 21.1718 54.3446 25.2153 72.7381 0.000000136562 38.3541
-65.439 2.03968 0.76225 51.8278 11.269 30.0666 24.804 7.34743 74.2715 31.2736 133.411 24.1964 142.263 85.6483 40.403 34.8199 123.507 138.578 123.938 5.21 20.7709 18.2807 37.333 25.2153 153.355 0.000000149423 40.514
-65.439 2.03968 0.18164 51.8278 6.80233 30.0666 24.804 7.34743 74.2715 31.2736 133.411 24.1964 142.263 85.6483 40.403 34.8199 121.972 180.081 123.938 3.65486 2.64987 2.52157 61.2382 25.2153 153.355 0.0000000130739 38.8365
-65.439 2.03968 0.18164 51.8278 6.80233 30.0666 24.804 7.34743 74.2715 31.2736 133.411 24.1964 142.263 85.6483 40.403 34.8199 124.82 180.081 123.938 1.44253 1.27275 2.52157 61.2382 62.4409 123.245 0.0000000130739 38.2919
-65.7618 2.03968 0.18164 51.8278 10.3598 26.104 23.532 7.34743 74.2715 31.2736 133.411 24.1964 142.263 85.6483 46.7651 34.1682 124.82 144.798 123.938 3.29379 0.570006 1.12277 74.0517 62.4409 93.1889 0.000000037505 38.3305
-67.3114 2.03968 0.18164 51.8278 9.96099 26.104 23.532 7.34743 74.2715 31.2736 133.411 24.1964 142.263 85.6483 45.6943 34.0711 124.82 144.798 123.938 30.2265 0.570006 6.05902 112.418 45.6061 22.7527 0.0000000186494 36.037
-61.4608 2.03968 9.36719 51.8278 10.0634 26.104 23.532 13.2404 58.7928 31.2736 133.411 24.1964 142.263 85.6483 49.9788 33.1226 124.82 144.798 123.938 3.33856 7.79046 9.68795 32.7491 33.9709 51.7313 0.0000000115584 35.8995
-62.6485 2.03968 8.53435 51.8278 10.0634 26.104 23.532 13.5649 58.7928 31.2736 133.411 24.1964 142.263 85.6483 46.3217 27.9878 124.82 144.798 123.938 7.89451 7.79046 7.12352 32.7491 13.0992 70.4884 0.0000000170746 34.5557
-65.2334 2.03968 8.53435 51.8278 5.30742 29.0013 23.532 13.5649 58.7928 31.2736 133.411 24.1964 148.092 85.6483 45.8045 27.5341 120.894 144.798 123.938 7.89451 7.79046 5.29855 32.7491 13.0992 52.0583 0.0000000197493 35.1326
-66.4418 2.03968 8.53435 51.8278 7.30322 29.0013 23.532 13.5649 58.7928 31.2736 133.411 24.1964 148.092 85.6483 45.8045 24.8174 120.894 144.798 142.931 7.89451 7.79046 5.63645 32.7491 5.96959 82.8822 0.0000000561704 34.6699
-66.4418 21.117 8.53435 34.279 7.71028 29.0013 23.532 13.5649 52.1268 31.2736 133.411 24.1964 148.092 85.6483 52.295 24.8966 121.865 141.558 142.931 8.31428 5.08866 2.14409 21.4109 5.96959 67.7532 0.000000130539 35.4425
-62.9841 19.6563 5.90527 34.279 8.18014 29.0013 31.1642 13.5649 52.1268 31.2736 133.411 24.1964 148.092 85.6483 71.7214 24.1951 93.9042 141.558 142.931 22.487 3.91226 7.95237 63.2218 5.96959 76.094 0.000000238753 39.756
-66.7969 19.6563 5.90527 34.279 8.18014 29.0013 31.1642 9.99989 52.1268 31.2736 133.411 24.1964 148.092 83.2117 71.3374 29.8112 102.501 141.558 142.931 10.2583 3.88138 7.95237 63.2218 4.18569 14.677 0.000000436329 37.3528
-66.7969 19.6563 5.90527 34.279 10.5339 29.0013 37.1531 9.99989 52.1268 31.2736 133.411 23.2576 148.092 83.2117 57.4851 33.7652 96.6153 141.558 142.931 10.9456 2.92462 6.85554 63.2218 8.27042 44.2878 0.000000426641 36.0023
-67.2812 17.0647 5.90527 34.279 13.6353 28.2665 37.1531 9.99989 52.1268 31.2736 133.411 23.2576 148.092 83.2117 33.5562 64.6327 92.5383 141.558 142.931 6.32473 2.20093 6.85554 54.5429 8.27042 52.1118 0.000000426641 36.5759
-65.649 17.7469 5.90527 19.7602 15.2242 42.8252 37.1531 9.99989 52.1268 31.2736 98.7648 53.3302 148.092 83.2117 36.3098 64.6327 94.4012 141.558 142.931 6.30276 2.57829 17.4429 15.8758 8.13583 63.1278 0.000000426641 36.0543
-66.4284 17.7469 20.3814 10.0911 12.4058 42.8252 36.6802 9.99989 39.2068 31.2736 85.1674 68.548 148.092 83.2117 48.1778 64.6327 95.2468 141.558 142.931 7.44018 2.64072 8.50897 5.23162 7.87366 98.4276 0.000000558146 37.2502
-65.9814 19.0814 20.3814 10.0911 11.9457 42.8252 44.2934 12.3982 39.2068 31.2736 85.1674 65.2004 148.092 72.7753 53.9847 64.6327 87.1062 141.558 142.931 9.89922 3.01645 8.31647 5.23162 8.45894 55.2093 0.000000724176 34.8733
-66.1393 12.1233 20.3814 7.55972 11.6966 42.8252 44.2934 18.6476 39.2068 31.2736 85.1674 100.818 148.092 44.603 53.9847 57.38 91.4928 141.558 142.54 25.6049 3.01645 8.31647 13.766 11.5743 73.1017 0.000000724176 36.0301
-66.1447 12.1233 13.0024 7.55972 17.7912 42.8252 44.2934 18.6476 33.359 31.2736 85.1674 101.111 165.939 44.603 53.9847 57.38 91.9578 119.503 142.54 21.5685 2.59357 8.31647 14.3111 11.5743 97.1858 0.00000037302 33.9558
-64.244 12.1233 13.0024 7.55972 17.7912 42.8252 44.2934 18.6476 33.359 31.2736 85.1674 101.111 165.939 42.8115 53.9847 57.38 91.9578 119.503 142.54 21.5685 1.88805 3.88886 14.3111 14.022 97.1858 0.000000579257 35.7205
-65.463 12.1233 13.0024 7.55972 17.7912 42.8252 47.3838 18.6476 33.359 31.2736 85.1674 103.149 150.621 42.8115 69.4358 57.38 91.9578 118.653 148.43 22.2387 1.88805 6.57826 27.221 13.0795 43.2467 0.00000174529 35.6112
-68.3197 12.1233 1.44399 7.55972 16.6915 52.1454 56.6132 18.5241 30.3928 35.1808 78.3751 102.019 150.621 38.2566 60.3007 57.0019 90.2374 118.653 148.43 20.647 1.88805 7.81035 147.976 17.8337 8.21703 0.00000133472 45.4952
-67.0919 12.1233 1.44399 7.55972 24.4626 52.1454 56.6132 18.5241 24.2318 33.658 68.6272 103.133 150.621 66.4985 59.2214 100.848 29.9103 118.653 153.313 25.6751 1.88805 6.83589 147.976 12.4933 8.21703 0.000000281604 38.4473
-66.175 12.1233 1.44399 16.6628 24.4626 44.323 56.6132 19.4369 24.2318 33.658 68.6272 110.574 139.882 66.4985 59.2214 100.848 29.9103 118.653 153.313 25.6751 1.88805 18.8188 147.976 12.4933 11.3833 0.000000533219 39.0528
-63.9964 12.1233 1.44399 14.2355 24.4626 44.323 56.6132 21.0411 24.401 33.658 68.6272 109.342 139.882 68.3507 59.2214 100.848 29.9103 126.659 153.313 16.657 1.88805 17.0997 174.587 12.4933 13.595 0.0000004609 39.9544
-63.9964 12.1233 1.44399 11.6784 24.4626 44.323 56.6132 23.8855 23.121 33.658 68.4146 104.679 137.868 68.3507 59.2214 100.848 29.9103 126.659 153.313 29.4348 1.88805 6.7449 179.659 25.8654 19.2297 0.0000004609 41.2911
-65.8318 10.4361 1.44399 11.6784 24.4626 44.323 56.6132 23.8855 23.945 33.658 65.8077 101.674 135.133 68.3507 49.6378 100.848 29.9103 146.643 153.313 22.8843 5.3919 13.4884 241.457 63.6393 19.2297 0.000000263207 45.3833
-65.2734 10.4361 4.49765 7.32193 36.6414 44.323 56.6132 20.4761 22.2505 21.7475 65.8077 101.346 132.747 68.3507 67.0806 100.848 49.428 130.27 147.735 10.1583 5.4184 27.6967 22.44 40.3624 19.2297 0.000000252819 36.221
-65.2734 10.4361 4.49765 7.32193 36.6414 46.4165 55.4268 20.4761 22.2505 21.7475 80.259 101.346 132.747 55.8073 67.0806 100.848 45.2054 130.27 147.735 10.586 5.4184 27.6967 34.3537 40.3624 19.2297 0.000000252819 34.7805
-65.4031 2.57979 4.49765 7.32193 36.6414 46.4165 61.1112 20.5175 26.9156 36.024 80.259 98.4972 132.747 51.4335 67.0806 100.848 45.2054 130.27 147.735 10.586 5.4184 12.7655 10.5523 36.5027 33.4503 0.0000000896577 36.7256
-65.8615 2.57979 10.2031 7.32193 39.3163 46.4165 62.7232 23.5556 9.80659 49.793 74.9963 101.963 132.747 51.4335 88.5429 100.848 16.5897 130.27 142.25 11.5752 1.24866 19.0284 34.5879 33.1357 52.3201 0.0000000896577 35.1534
-65.8587 0.641849 10.2031 7.32193 39.3163 46.4165 62.7232 27.9224 9.80659 49.793 74.9963 101.963 132.747 51.4335 82.9738 100.848 16.5897 130.27 142.25 10.3052 1.24866 19.0284 47.3569 16.007 49.4572 0.0000000896577 34.2022
-65.6259 0.641849 10.2031 6.77596 39.3163 46.4165 62.7232 27.9224 9.80659 49.793 74.9963 101.963 132.747 51.4335 83.0068 100.848 16.5897 130.27 142.25 11.1157 1.24866 19.0284 47.3569 16.007 34.2946 0.0000000896577 33.8882
-65.4671 0.641849 10.2031 6.77596 39.3163 46.4165 62.7232 35.5198 9.80659 40.1169 74.9963 101.963 132.747 51.4335 90.3232 100.848 16.5897 130.27 142.25 9.22613 1.24866 6.92194 73.2335 47.3791 36.9147 0.0000000896577 34.881
-65.7251 2.0069 6.97372 8.41578 27.0976 46.4165 62.7232 35.5198 20.5516 40.1169 74.9963 89.9436 132.747 55.0727 90.1439 100.848 23.2127 130.27 142.25 4.68685 7.72923 22.9535 62.152 52.5468 37.2516 0.0000000896577 32.9244
-65.6481 2.0069 6.97372 8.41578 27.0976 46.4165 47.9337 36.3116 35.6136 40.1169 85.9496 89.9436 132.747 55.0727 79.9668 100.848 23.2127 130.27 124.278 4.68685 10.9817 19.2939 77.3682 86.4185 35.2917 0.0000000896577 38.0093
-65.9803 5.73711 6.97372 13.0278 27.0976 39.1219 45.1019 41.1198 26.6096 41.9204 85.9496 91.9158 133.565 48.9486 76.9192 100.848 30.755 130.27 124.278 18.7475 11.8674 22.0782 31.4731 66.735 23.3868 0.0000000896577 35.7465
-65.9803 5.73711 6.97372 13.0278 27.0976 39.1219 45.1019 41.1198 26.6096 43.7516 85.9496 91.9158 133.565 48.9486 76.9192 100.848 30.755 130.27 124.278 18.7475 5.74203 25.4691 31.4731 66.735 14.5398 0.0000000896577 34.6736
-65.9803 5.73711 6.97372 13.0278 27.0976 34.9426 39.2051 41.1198 26.6096 43.7516 85.9496 91.9158 143.836 48.9486 76.9192 100.848 31.0885 130.27 130.83 11.2212 5.74203 17.2098 31.4731 66.735 99.9108 0.0000000896577 35.84
-66.2838 5.73711 6.97372 13.0278 26.5241 34.9426 36.9794 35.6849 25.2345 47.5577 85.9496 91.376 145.717 48.9486 69.6984 100.848 31.8224 130.27 130.83 19.6549 6.91526 30.0202 26.3801 55.5829 59.4965 0.0000000896577 37.9483
-66.4156 11.1861 6.97372 9.23874 24.7369 34.9426 42.8703 25.3593 22.4002 57.9007 85.9496 91.376 145.717 48.9486 69.9793 100.848 31.8224 127.553 130.83 23.4687 6.6825 30.0108 20.1315 35.943 71.0617 0.0000000896577 36.4474
-66.4156 5.60894 16.1769 9.23874 23.9468 39.6873 42.8703 25.3593 22.4002 57.9007 78.6215 88.8985 145.717 48.9486 71.9787 100.848 31.8224 127.553 132.372 23.4687 2.12757 30.0108 10.4225 15.891 79.0975 0.0000000896577 36.3456
-66.4156 5.60894 16.1769 17.3313 23.9468 39.6873 48.8608 25.3593 6.5575 54.3266 78.6215 88.8985 145.717 48.9486 83.4934 100.848 31.8224 131.943 132.372 17.9046 5.09485 24.7779 10.4225 113.065 74.4078 0.0000000896577 34.3057
-65.5239 5.60894 16.1769 17.3313 23.9468 39.6873 48.8608 25.3593 6.5575 54.3266 78.6215 88.8985 145.717 48.9486 83.4934 100.848 31.8224 131.943 132.372 17.9046 5.09485 24.7779 17.5962 113.065 74.4078 0.0000000896577 34.3993
-65.3676 5.592 16.1769 12.8735 23.9468 43.5042 48.8608 25.3593 6.5575 54.1479 72.4041 89.5381 145.717 48.9486 83.4934 100.848 40.7355 131.943 132.372 8.68538 7.07083 24.7779 17.4092 72.5978 94.1778 0.0000000896577 35.1446
-67.0801 3.19398 9.75962 12.8735 23.9468 43.5042 48.8608 34.0905 25.1878 54.1479 72.4041 90.4986 145.717 48.9486 83.4934 100.848 17.2306 131.943 132.372 8.68538 6.79228 24.7779 47.4987 72.5978 8.06861 0.0000000896577 33.4291
-65.5365 3.19398 9.75962 12.8735 23.9468 43.5042 48.8608 34.0905 25.1878 58.3727 23.0966 131.743 145.717 48.9486 92.1688 100.848 17.2306 131.943 132.372 9.96583 10.5138 24.7779 23.7506 72.5978 8.06861 0.0000000896577 35.8236
-65.5365 5.20121 9.75962 11.6227 23.9468 43.5042 48.8608 37.7105 25.1878 47.8452 23.0966 131.743 151.098 48.9486 88.9981 100.848 17.2306 131.943 132.372 9.96583 13.3199 24.7779 23.7506 72.5978 8.06861 0.0000000896577 31.781
-65.2933 3.48247 9.75962 11.6227 23.9468 43.5042 48.8608 37.7105 25.1878 47.8452 23.0966 131.743 144.255 48.9486 90.6711 100.848 17.2306 131.943 132.372 8.24263 14.4917 26.2849 28.5486 33.5785 9.84171 0.0000000896577 34.7003
-65.2933 3.48247 9.75962 11.6227 23.9468 43.1085 48.8608 34.3043 25.1878 54.2877 23.0966 136.281 144.255 48.9486 93.052 100.848 17.2306 131.943 136.79 8.24263 14.2353 13.848 25.4908 14.8179 6.5569 0.0000000896577 32.1445
-65.0111 3.31139 9.75962 11.6722 23.9468 43.1085 48.8608 37.213 25.1878 54.2877 21.4137 135.092 144.255 48.9486 95.2355 100.848 17.2306 134.944 136.79 8.24263 14.1675 12.0345 27.701 10.9896 10.267 0.00000254482 35.717
-62.6555 0.878878 9.75962 11.6722 25.6851 43.1085 25.965 39.7631 25.1878 54.2877 21.4137 135.092 166.68 48.9486 84.84 111.45 17.2306 134.944 132.031 2.77421 14.1431 12.0345 22.9799 10.9896 18.5249 0.00000290344 38.2658
-68.5259 0.878878 9.75962 10.6325 25.6851 43.1085 25.965 42.1934 22.5357 52.7412 24.5147 135.055 166.68 48.9486 84.84 111.45 17.2306 134.944 132.031 2.77421 14.1431 17.9657 17.1552 10.9896 49.7241 0.000000672386 36.3023
-67.491 0.878878 9.75962 11.7967 25.6851 43.1085 25.6214 44.2501 22.5357 49.8 24.5147 128.977 166.68 52.1417 84.84 111.45 17.2306 134.944 132.031 4.74195 14.3439 17.9657 45.2787 28.8432 39.1621 0.00000116463 36.0192
-66.4758 0.770397 9.75962 9.94384 25.6851 43.1085 20.3012 53.1592 22.5357 43.719 24.5147 123.9 166.68 59.1821 84.84 111.45 17.2306 134.944 132.031 7.04041 13.5948 23.0727 45.2787 122.236 39.1621 0.00000108859 39.2494
-66.4758 0.770397 9.75962 12.487 25.6851 45.6834 13.7859 53.6947 26.9147 50.1387 26.0868 119.835 165.518 59.1821 84.84 99.9574 17.2306 130.536 137.264 5.35697 11.4206 23.8107 55.188 145.496 25.7109 0.00000201723 38.5984
-66.4435 0.770397 9.75962 12.487 25.6851 45.6834 15.2038 53.6947 24.9369 49.7219 26.0868 119.835 165.518 59.1821 84.84 111.716 17.2306 129.416 133.164 5.46576 14.1505 23.8107 60.3641 138.758 25.0861 0.00000201723 39.035
-65.5711 2.09235 9.75962 12.487 22.005 45.6834 17.7657 55.7174 18.7883 49.0846 19.7886 173.161 5.47054 170.85 84.84 111.716 17.2306 129.416 133.164 2.76897 14.2352 29.6507 60.5391 138.758 22.8308 0.000000747668 38.8349
-66.0624 3.16746 9.75962 12.487 22.005 48.6759 17.7657 55.2265 18.7883 49.7726 19.7886 161.437 5.47054 170.85 84.84 111.716 17.2306 127.527 143.046 1.25221 18.1617 29.6507 61.8925 144.966 21.3496 0.00000169783 41.5191
-64.294 5.04374 9.75962 9.97992 22.005 43.0975 14.3461 52.4679 24.7624 53.2185 23.6622 161.437 5.47054 181.786 79.3323 111.881 19.6712 127.527 143.046 1.87294 11.086 28.0272 61.8925 82.6146 18.2222 0.0000010939 38.2295
-64.294 4.00683 9.75962 14.2337 22.005 43.0975 13.6054 49.8779 24.7624 53.2185 23.6622 161.437 5.47054 181.786 79.3323 117.83 19.6712 210.225 49.178 2.8793 11.086 36.23 45.4022 44.8348 18.2222 0.000000796877 38.4607
-65.2966 2.23194 9.75962 14.1679 24.0238 43.0975 22.2855 46.9217 22.1993 50.6288 30.0203 157.579 5.47054 181.786 63.3451 126.468 15.8832 219.7 34.4948 3.18262 16.2701 36.23 25.3273 23.5985 29.378 0.00000110414 35.4303
-65.0411 1.61571 9.75962 14.7243 25.2062 43.0975 22.5187 50.1967 23.9179 47.0391 18.0385 157.579 15.116 181.786 63.3451 128.012 15.8832 219.7 34.4948 3.18262 16.2701 36.23 42.7029 23.5985 29.378 0.00000244775 36.7943
-65.3701 1.39208 13.5115 17.5577 19.3976 41.9967 22.5187 39.8682 29.842 50.5371 18.0385 157.579 0.946182 181.786 64.9515 132.976 15.8832 219.7 43.4683 1.3894 16.2701 31.5653 42.8907 27.6704 29.378 0.00000160896 37.0139
-65.2066 1.7892 13.5115 17.5577 19.3976 41.9967 22.5187 39.8682 29.842 50.5371 26.1234 157.579 1.60911 181.786 64.9515 132.976 15.8832 219.7 43.4683 1.3894 6.60591 33.9656 22.1063 34.0546 29.378 0.00000160896 36.2901
-65.2066 1.28671 13.5115 22.6908 11.1029 41.9967 22.5187 39.8682 28.2725 57.9989 26.1234 157.579 1.60911 181.786 59.8955 132.976 15.8832 219.7 46.0656 6.438 8.56179 33.9656 22.1063 34.0546 47.9753 0.0000006913 35.9031
-65.3609 3.57539 13.3588 14.7678 11.8794 47.4559 22.5187 30.3289 27.9687 67.2551 31.3408 151.227 1.60911 181.786 60.2437 109.096 48.8518 214.106 45.9864 2.03212 6.91058 33.9656 26.3824 94.5426 45.3411 0.00000018604 35.5514
-67.1945 4.10471 13.3588 9.95588 21.6815 47.4559 22.5187 29.7244 27.9687 66.2443 45.0799 127.467 1.60911 181.786 45.393 138.486 49.8882 206.515 30.3702 14.0424 19.0313 27.437 37.6405 37.1539 25.3381 0.000000266294 41.327
-67.857 3.38459 13.3588 9.95588 21.6815 47.4559 22.5187 29.7244 27.9687 66.2443 45.0799 127.467 1.60911 179.445 39.9227 138.486 49.8882 206.515 39.1064 7.12756 17.2484 35.8907 12.3325 37.1539 39.2321 0.000000426087 38.832
-67.857 3.63387 13.3588 8.90151 23.965 47.4559 24.3876 46.7622 27.9687 66.2443 56.2275 109.163 17.1124 159.096 28.339 140.778 49.8882 191.297 39.1064 7.12756 17.2484 14.7406 42.9031 46.3045 25.8577 0.000000390663 40.8708
-67.857 1.08824 13.3588 8.90151 23.965 47.6247 22.854 46.7622 27.9687 66.2443 53.6192 109.163 17.1124 159.096 37.2802 140.778 44.1064 214.151 49.6079 7.12756 26.7614 7.51392 37.8922 6.56798 24.909 0.000000390663 36.7163
-65.3089 1.09388 13.3588 8.90151 23.965 47.6247 22.854 46.7622 27.9687 66.2443 53.6192 109.163 17.1124 159.096 37.2802 140.778 44.2319 214.151 49.6079 7.12756 26.7614 7.51392 37.5052 38.3593 58.287 0.000000275325 35.7746
-64.8068 2.24034 13.3588 8.90151 19.4193 47.6247 17.4297 46.7622 23.5605 65.6519 66.9775 109.163 17.1124 159.096 40.9532 140.778 44.2319 219.683 28.2083 2.10692 16.6944 7.51392 10.9162 45.3895 105.187 0.000000116183 35.5012
-65.6894 1.99563 16.2754 8.90151 19.4193 47.6247 16.8707 46.7622 23.5605 65.6519 66.9775 109.163 17.1124 155.524 40.9532 140.778 44.2319 219.683 33.6423 2.10692 29.1552 12.0986 81.109 32.4562 90.2449 0.000000158572 38.6201
-67.6238 2.19352 20.7059 10.5348 16.7953 42.1164 16.8707 46.2173 23.5605 64.7652 66.2807 109.163 17.1124 155.524 40.9532 140.778 44.2319 219.683 33.6423 2.10692 29.1552 20.1523 17.0015 3.12327 103.564 0.000000158572 40.4815
-64.6463 4.30638 19.8367 10.5348 16.7953 42.1164 16.8707 46.2173 24.7384 64.7652 66.2807 106.965 17.1124 169.26 26.6395 140.778 44.2319 219.683 33.6423 27.0872 8.13991 20.1523 73.0437 23.0993 103.846 0.000000169388 35.7079
-64.9129 2.8026 19.8367 10.5348 17.0439 42.1164 16.8707 46.2173 23.3513 64.7652 66.2807 40.1144 11.9714 238.177 26.6395 140.778 50.031 219.683 33.6423 28.987 8.13991 18.241 111.413 31.1751 64.6882 0.000000163074 35.7389
-63.5537 2.8026 19.8367 10.5348 17.0439 42.1164 17.3076 40.4148 23.3513 65.608 66.2807 40.1144 28.6611 238.177 26.6395 140.778 42.5488 219.683 26.138 28.987 8.18842 16.2783 147.563 25.4599 80.5956 0.000000463177 38.8003
-66.6683 2.8026 22.8626 10.5348 13.8645 42.1164 17.3076 40.4148 23.0986 65.608 66.1839 40.1144 30.2329 238.177 26.6395 140.778 42.5488 219.683 27.2417 28.987 8.18842 17.6951 147.563 20.6061 83.8101 0.000000448883 37.2184
-66.2524 2.8026 22.8626 10.5348 13.8645 42.1164 17.3076 40.4148 23.0986 65.608 66.1839 40.1144 30.2329 238.177 26.6395 140.778 42.5488 219.683 27.2417 30.9594 10.915 11.1288 147.563 20.6061 4.12939 0.000000815265 36.716
-67.1327 2.61174 17.4906 10.5745 13.8354 42.1164 30.2621 40.4148 23.0986 59.5917 66.1839 40.1144 33.2245 238.177 26.6395 140.778 37.0534 219.683 28.862 18.1604 11.3773 7.33332 114.541 20.6061 39.3894 0.000000829957 41.9884
-66.8298 6.64749 17.4906 10.5745 13.8097 42.1164 30.2621 40.4148 19.662 59.5917 66.1839 40.1144 33.2245 238.177 26.6395 140.778 37.0534 219.683 28.862 21.9682 20.01 3.98502 114.541 28.441 39.3894 0.00000186564 37.0104
-66.3955 5.17868 16.322 15.5992 13.7898 41.9807 20.8065 40.4148 19.662 59.5917 71.1465 40.1144 28.4634 238.177 26.6395 140.778 37.0534 219.683 47.8829 21.8593 13.2051 1.83684 125.084 39.8668 39.3894 0.000000755496 36.6751
-66.3955 2.92689 16.322 15.5992 13.8574 41.9807 20.8065 40.4148 21.099 59.5917 71.1465 40.1144 28.4634 238.177 30.6304 140.778 37.0534 220.505 47.8829 13.2862 13.2051 1.83684 125.084 23.2136 46.6102 0.000000571725 36.9929
-67.195 3.62696 16.322 7.28849 13.2879 54.7014 17.579 40.4148 20.6636 56.9814 77.3152 40.1144 13.2283 238.177 29.6902 142.69 37.0534 221.688 47.8829 12.8128 21.7146 2.00365 125.084 19.1061 28.5262 0.000000708651 38.1373
-66.605 6.04629 14.398 2.83733 13.8415 54.7014 22.4816 57.0368 15.8511 50.8326 77.3152 40.1144 5.80023 238.177 36.5837 142.69 37.0534 221.688 41.4299 9.9018 4.73513 9.13983 152.968 20.2109 16.282 0.00000142999 39.1185
-67.4371 3.63026 20.3872 2.83733 14.269 54.7014 20.274 57.0368 17.24 49.0444 77.3152 41.6058 14.6103 231.09 36.5837 142.69 37.0534 214.138 41.4299 11.3353 6.05263 37.7803 126.747 20.0105 13.0375 0.00000228908 39.6076
-67.3269 2.74831 19.2984 2.83733 16.6987 55.4797 20.0078 57.0368 17.24 49.0444 70.574 41.6058 18.0691 234.135 38.8535 142.69 37.0534 214.138 41.4299 11.3353 5.87386 22.5344 90.2043 25.478 31.8158 0.0000022576 39.0696
-65.5786 2.74831 25.3087 2.83733 7.42666 55.4797 33.5945 40.8673 12.406 49.0444 73.3088 41.6058 18.329 234.135 38.6567 142.69 37.0534 198.389 56.355 19.7402 5.87386 24.9995 90.0394 3.35723 29.509 0.00000562741 42.0177
-62.4456 0.118903 25.3087 2.83733 7.42666 57.996 33.5945 40.8673 17.31 49.0444 73.3088 41.6058 18.329 234.135 39.8919 142.69 37.0534 166.575 101.779 15.8817 9.10636 5.56932 87.225 3.86801 29.509 0.00000446614 42.6493
-63.406 1.65242 25.3087 2.83733 7.42666 57.996 33.5945 40.8673 17.31 49.0444 73.3088 41.6058 18.329 234.135 39.8919 142.69 18.7825 143.408 146.162 20.988 5.00182 5.56932 80.5411 21.6455 6.38777 0.0000084587 42.7199
-69.0082 1.65242 24.0476 2.83733 6.97073 57.996 32.0235 40.8673 22.3705 49.0444 73.3088 41.6058 18.329 234.135 39.6311 142.69 18.7825 143.408 146.162 20.1792 0.890581 6.25605 67.2085 6.99631 91.6309 0.0000148254 45.1656
-69.0082 1.65242 23.3415 2.83733 6.97073 57.996 32.0235 40.8673 22.3705 49.0444 77.8054 41.6058 18.329 234.135 39.6311 152.622 18.7825 261.302 0.990395 4.62773 19.1341 6.25605 72.3553 16.932 30.8425 0.00000902625 44.2751
-67.929 1.65242 23.3415 2.83733 6.97073 57.996 32.0235 40.8673 23.5252 49.0444 67.9109 41.6058 18.1463 234.135 39.6311 152.622 18.7825 261.302 7.90722 4.89093 19.1341 16.4738 72.4842 21.924 30.8425 0.00000873572 41.5535
-68.3725 0.871506 23.3415 2.83733 6.97073 57.996 32.0235 40.8673 23.6804 49.8408 67.9109 34.9055 18.1463 237.908 39.6311 152.622 18.7825 261.302 9.49302 4.89093 16.2331 16.4738 68.826 31.4247 30.8425 0.00000873572 43.4514
-68.2481 5.94998 37.4925 2.83733 5.36159 56.2806 30.496 40.8673 23.6804 49.8408 41.5597 34.9055 31.3236 237.908 33.8097 158.99 18.7825 234.11 40.6361 8.66176 18.0511 14.6471 69.7983 35.8144 8.22759 0.00000838102 42.4443
-66.9164 5.94998 37.4925 2.83733 5.36159 56.2806 31.1271 40.8673 23.6804 49.8408 41.5597 34.9055 31.3236 237.908 33.8097 158.99 18.7825 234.11 40.6361 15.4252 2.15856 6.39059 55.794 5.04803 8.22759 0.0000168349 42.3284
-66.5217 5.94998 37.4925 2.83733 5.36159 56.2806 31.5168 40.8673 23.6804 49.8408 41.5451 34.9055 31.3236 237.908 33.8097 158.99 18.7825 234.11 40.6361 15.0486 11.5574 6.39059 54.5791 55.4874 8.22759 0.0000128469 41.566
-66.813 5.95347 37.4925 1.70357 0.615315 60.7432 31.5168 23.6197 23.6804 51.8208 58.1644 102.083 31.3236 176.463 40.1534 158.99 18.7825 152.595 121.424 5.40837 11.5574 6.39059 90.8974 5.15522 55.5358 0.0000370328 43.6056
-67.1053 5.17475 37.166 3.34269 0.615315 60.7432 31.5168 23.6197 23.9157 51.8208 58.1644 102.083 30.9261 176.463 35.1457 158.99 18.7825 152.595 121.424 5.07962 9.94324 13.0531 57.113 5.15522 55.5358 0.0000370328 42.2201
-67.6316 3.34396 38.1357 5.53527 0.615315 60.7432 31.5168 23.6197 22.6177 51.8208 64.1321 102.083 30.9261 176.463 35.2842 158.99 16.8983 152.595 121.424 6.42629 6.78987 16.5987 58.9269 5.15522 51.9869 0.0000391478 43.1455
-65.8032 3.79856 22.7307 5.53527 0.615315 60.7432 42.5986 23.6197 22.6177 51.8208 61.1802 102.083 30.9261 176.463 31.1883 158.99 15.7297 152.595 128.268 4.05596 6.74627 16.5987 58.9269 28.005 65.637 0.0000137243 39.3121
-67.1268 3.79856 22.7307 5.53527 0.615315 60.7432 45.4375 23.6197 23.6302 51.8208 55.8949 102.083 30.9261 176.463 31.1883 158.99 15.7297 152.595 128.268 4.29097 6.74627 16.5987 58.9269 28.005 78.0244 0.0000221857 40.625
-67.1268 4.3676 22.7307 5.53527 0.730454 60.7432 45.4375 23.6197 23.6302 51.8208 55.8949 102.083 30.9261 176.463 31.1883 158.99 15.7297 156.397 125.99 4.29097 4.70168 17.9199 58.9269 28.005 78.0244 0.0000221857 40.512
-67.3396 3.31229 22.7307 5.53527 0.940886 60.7432 45.4375 23.6197 23.6302 51.8208 55.8949 102.083 38.6995 176.463 29.8432 158.99 15.7297 181.16 92.8429 12.9917 4.22305 17.9199 37.0454 38.8881 45.2788 0.0000362234 40.7258
-67.4227 3.31229 22.7307 5.53527 0.940886 64.7195 46.6149 23.509 23.6302 47.0143 65.2878 102.083 28.2661 177.905 34.0173 158.99 15.7297 179.267 90.6401 12.9917 4.0954 20.4805 37.0454 39.1702 24.8038 0.0000810538 41.9084
-63.5571 4.11203 22.3903 5.53527 2.3678 64.7195 46.7605 23.509 25.2761 40.1161 65.2878 102.083 28.2661 177.905 35.4415 158.99 15.7297 179.267 90.6401 12.9917 7.32241 9.48764 37.4702 92.3065 21.8953 0.0000980691 43.9966
-67.7351 3.21169 22.3903 5.53527 2.3678 64.7195 46.7605 23.509 25.2761 40.1161 65.2878 102.083 27.3302 177.905 35.4415 158.99 15.7297 179.267 90.6401 12.6205 6.5222 13.8991 6.6548 50.8676 20.4421 0.000119068 41.7763
-67.7351 3.21169 22.3903 5.53527 2.3678 64.7195 46.7605 23.509 25.2761 40.1161 65.2878 102.083 28.3909 177.905 35.4415 158.99 15.7297 179.267 90.6401 12.6205 4.87084 13.8991 6.6548 4.41183 20.4421 0.000119068 41.6252
-67.7351 5.23645 8.61475 5.53527 10.9282 64.7195 46.7605 23.509 23.5142 40.1161 65.2878 102.083 36.1087 177.905 40.4637 158.99 10.9497 179.267 90.6401 18.6554 4.87084 10.4209 28.6385 1.18838 35.0111 0.0000425464 41.0075
-67.0019 7.73982 8.61475 5.53527 7.00937 70.6756 34.0599 36.443 19.1976 40.1161 65.2878 102.083 36.1087 177.905 34.974 158.99 10.9497 179.267 90.6401 18.6554 6.67614 10.4209 28.6385 1.18838 35.0111 0.0000405227 39.5868
-67.085 2.23089 12.6412 5.53527 7.00937 70.6756 57.2374 10.823 19.1511 39.045 61.7114 102.083 36.4833 177.905 36.6212 158.99 11.1067 186.487 77.5144 12.5141 3.49056 6.60351 20.9738 0.988913 35.0111 0.0000520433 42.5055
-67.085 2.35265 12.6412 5.53527 6.56127 70.6756 57.2374 10.823 22.4044 45.6421 57.4414 102.083 36.4833 181.235 37.6234 148.466 11.1067 199.385 114.914 12.5141 4.14122 3.57004 5.18438 0.988913 35.0111 0.0000383542 50.4251
-65.1896 3.8188 12.6412 5.53527 6.56127 70.6756 40.0112 19.6831 22.4044 45.6421 76.2907 102.083 36.4833 154.545 41.0381 141.881 11.1067 179.47 114.914 12.5141 4.14122 0.68931 5.18438 0.988913 23.0686 0.0000381737 49.2908
-66.2449 1.43683 12.6412 9.14982 7.25293 70.6756 46.5959 19.6831 34.4148 49.1341 76.2907 102.083 36.4833 154.545 41.0381 131.991 25.8643 179.131 105.212 12.5141 4.14122 0.68931 5.18438 116.002 23.0686 0.0000318556 46.8172
-66.2449 18.6084 8.81604 4.4117 7.25293 63.2704 46.5959 19.6831 34.4148 49.1341 76.4627 102.083 35.0392 154.545 41.0381 131.991 25.8643 169.448 99.8463 12.5141 8.22902 5.75412 5.18438 116.002 23.0686 0.0000515426 44.071
-65.2985 14.8666 12.2239 4.4117 7.26628 63.2704 47.8138 19.6831 36.7011 43.2581 32.8582 291.039 34.5665 8.87384 41.0381 131.991 33.8111 169.448 99.3267 1.9633 5.92197 11.7286 5.18438 109.344 23.0686 0.0000123939 45.9942
-65.2021 14.8666 10.6467 4.4117 7.26628 58.8536 53.7519 19.6831 36.7011 38.7766 35.2041 291.039 34.5665 8.87384 28.404 131.991 33.8111 169.448 99.3267 20.2281 7.99417 15.3877 42.3969 67.6938 18.8954 0.0000128524 41.1562
-62.6808 13.6816 11.7473 4.4117 7.07013 58.8536 54.2513 19.6831 38.5815 37.8724 25.8573 291.039 34.5665 8.87384 27.8605 131.991 33.8111 169.448 101.41 20.7139 9.01481 15.6493 74.4169 89.4871 22.4133 0.0000101425 51.2742
-62.6808 11.1501 13.5625 4.4117 6.34236 58.8536 57.2263 19.6831 38.5815 44.1044 25.8573 291.039 31.9407 11.7053 13.791 131.991 33.8111 169.448 119.086 21.9434 9.47436 8.64101 78.9523 59.0262 24.3434 0.0000101425 49.8892
-62.6808 12.8084 13.5625 4.4117 6.34236 58.8536 57.2263 19.6831 37.5314 44.1044 30.1831 291.039 31.9407 11.7053 16.0267 131.991 36.8288 156.701 119.086 21.2467 8.64867 2.82536 84.7453 56.7332 10.7964 0.00000725796 47.2713
-62.751 14.382 12.0741 4.4117 6.38937 58.8536 57.2263 19.6831 34.4235 44.1044 27.0076 291.039 34.8307 11.7053 19.9155 131.991 36.8288 156.701 119.086 20.9571 16.0784 2.48053 79.4188 67.4261 10.7964 0.00000304949 43.244
-62.9756 14.382 12.0741 4.4117 6.38937 58.8536 46.5283 19.6831 34.4235 56.5159 27.0076 291.039 27.6037 11.7053 19.9155 133.375 46.5486 156.701 121.178 14.8468 1.74149 2.48053 90.389 87.2858 88.677 0.00000304949 45.4534
-67.7568 24.1672 12.0741 4.4117 6.38937 37.4349 60.0753 19.6831 21.4859 67.4469 32.5206 291.039 26.9799 11.7053 19.9155 133.375 46.5486 156.701 121.178 5.50106 9.7907 2.48053 92.7318 56.5212 88.677 0.00000148197 47.6577
-70.1574 24.1672 12.0741 17.7346 3.37615 34.7894 60.0753 27.2762 23.7877 50.7427 32.5206 285.138 26.9799 11.7053 19.9155 133.375 46.5486 156.701 121.178 2.44883 14.4114 1.18879 55.1042 69.0795 79.6433 0.00000267753 45.2542
-63.5398 24.1672 12.0741 17.7346 3.37615 34.7894 60.0753 26.7829 24.1413 50.7427 32.5206 285.138 26.9799 11.7053 19.9155 133.375 46.5486 157.508 121.178 2.44883 20.4099 9.20992 35.5952 73.8584 105.123 0.00000267753 40.2903
-67.0196 24.1672 12.0741 17.7346 12.4769 34.7894 52.2877 26.7829 23.6804 40.6581 53.0898 285.138 26.9799 11.7053 19.9155 133.375 47.0581 157.508 111.208 2.44883 20.4099 10.2209 47.4619 73.8584 66.9017 0.00000222375 40.6538
-67.2283 24.1672 18.002 1.37883 19.7097 27.3503 52.2877 26.7829 22.5031 40.6581 56.7716 285.138 28.5474 17.3805 19.9155 133.375 47.0581 157.508 111.208 2.44883 20.4099 10.0227 47.4619 82.4226 55.4454 0.0000024869 37.1135
-67.2064 22.6474 18.002 1.37883 15.9006 32.1496 52.2877 26.7829 19.7986 38.5512 56.7716 285.138 22.9496 17.3805 19.9155 133.375 47.0581 163.823 111.208 11.1015 24.1798 3.94993 59.4972 83.6319 76.5552 0.000000826327 38.1468
-67.5487 20.1471 18.002 1.37883 15.353 32.1496 59.9822 26.7829 18.3252 38.6453 56.7716 285.138 22.9496 17.3805 19.9155 133.375 47.0581 163.823 111.208 6.99931 1.43599 5.08961 59.4972 89.8924 78.0032 0.00000136449 39.7375
-67.5487 20.1471 18.6073 1.37883 18.7999 32.1496 80.8611 2.87379 15.9281 44.6047 56.7716 285.138 21.6207 17.3805 19.9155 133.375 47.0581 163.823 116.028 9.75246 9.02498 2.94218 31.371 58.3997 75.0741 0.00000136449 39.0765
-67.2958 21.4544 18.6073 3.1586 17.8532 28.5669 80.8611 2.87379 15.6791 43.1484 56.7716 285.138 22.2093 16.1238 19.9155 133.375 47.0581 190.227 79.4739 4.47126 34.6956 1.09563 45.2601 15.6366 98.2578 0.00000174711 39.8119
-67.0585 22.2611 19.7155 3.1586 17.8532 28.5669 80.8611 2.87379 15.6791 43.1484 56.7716 285.138 22.2093 11.7088 19.9155 133.375 47.0581 190.227 79.4739 6.74914 29.6047 1.09563 52.4781 10.5495 98.2578 0.000000798635 37.943
-69.5968 22.1039 19.7155 3.1586 16.2051 30.7011 69.1399 8.14515 15.6791 43.1484 68.6158 285.138 22.2093 11.7088 19.9155 133.375 47.0581 190.227 72.0216 7.31327 29.6047 6.56182 13.3682 4.9032 98.2578 0.000000798635 41.8106
-64.4926 22.1039 20.9653 12.4768 12.4661 17.0057 68.4676 16.604 20.9031 43.1484 68.6158 285.138 12.9449 11.7088 19.9155 134.776 42.4116 244.272 27.8231 2.91403 29.6047 1.33752 6.6381 16.4515 5.04484 0.00000362563 37.1969
-65.2315 22.1039 20.9653 12.4768 8.69791 20.6689 68.4676 16.604 20.9031 43.1484 68.6158 285.138 12.9449 13.2427 19.9155 134.776 42.4116 241.797 27.8231 2.91403 18.8171 2.79472 6.6381 13.7946 5.04484 0.00000564498 39.049
-66.5102 22.1039 20.9653 11.359 10.923 20.6689 68.4676 16.604 20.9031 43.1484 68.6158 285.138 12.9449 13.2427 19.9155 134.776 42.4116 241.797 27.8231 7.65521 16.5664 2.79472 7.54172 14.0973 20.5034 0.000000482799 34.294
-66.5102 22.1039 20.9653 11.359 10.923 18.3319 68.4676 12.6107 29.8305 43.1484 100.955 244.783 15.8435 13.2427 19.9155 134.776 42.4116 186.47 88.8567 11.5533 16.5664 5.81945 7.54172 8.43827 65.3925 0.000000815621 36.1351
-66.5102 21.9899 20.9653 11.359 14.8094 18.3319 68.4676 12.6107 29.8305 43.1484 93.6096 244.783 15.8435 16.4033 19.9155 134.776 42.4116 184.076 88.8567 11.5533 13.2853 1.82661 10.0566 8.43827 65.3925 0.0000010405 37.9284
-65.1859 20.4661 31.977 5.84523 14.8075 15.8905 67.981 12.6107 29.8305 43.5826 93.6096 244.783 15.8435 15.704 31.3555 134.776 43.3682 184.076 87.2227 8.30444 10.8869 2.68516 27.788 50.8101 76.1269 0.000000521381 39.6507
-67.1976 14.4666 31.977 7.33567 13.3971 16.1772 68.356 12.6107 29.8335 43.5826 93.6096 244.783 30.2388 5.13135 38.7905 134.776 35.4935 181.576 87.2227 9.08288 17.3671 1.0178 27.788 70.677 41.7849 0.000000166162 35.6373
-65.2472 13.5921 28.4063 13.2601 13.3971 16.1772 68.356 12.6107 29.8335 40.527 93.6096 244.783 30.2388 5.13135 38.7905 134.776 35.4935 159.738 88.9558 9.08288 17.226 1.0178 66.7024 71.6842 39.9767 0.000000166162 37.9186
-65.6861 13.5921 28.4063 13.2601 13.3971 16.1772 68.356 12.6107 22.4481 40.527 93.6096 244.783 30.2388 5.13135 38.7905 129.883 45.391 175.103 97.4314 9.37547 16.1625 3.37361 20.5561 52.8942 39.9767 0.000000166162 32.5532
-65.6861 14.1596 28.4063 13.2601 13.3971 14.9636 68.356 12.6107 22.4481 40.527 93.6096 244.783 30.2388 5.13135 38.7905 129.883 45.391 175.103 97.4314 0.954172 16.1625 3.37361 8.33737 42.4824 39.9767 0.000000192994 34.8466
-65.6861 11.4258 30.8967 13.2601 16.2611 13.262 68.356 12.6107 21.5036 40.527 145.583 194.224 30.2388 5.13135 37.5346 129.883 45.391 162.86 97.4314 14.0989 10.5164 2.47056 9.13674 47.8977 39.9767 0.000000293524 34.9925
-65.6861 24.4791 30.8967 13.2601 16.2611 0.355669 68.356 12.6107 29.0746 40.527 145.583 194.224 27.8594 5.13135 37.5346 129.883 45.391 162.86 97.4314 14.0989 10.5164 1.25517 26.3669 76.8935 43.227 0.000000576279 37.2415
-64.7573 24.9974 32.7578 11.1608 16.2611 0.355669 68.356 5.36571 29.0746 50.652 145.583 194.469 22.6154 11.3588 37.5543 123.539 42.6391 162.86 97.4314 13.9147 2.45375 8.7368 24.8894 77.6619 45.0557 0.000000564475 36.6468
-65.8977 23.3135 32.7578 11.1608 16.2611 0.355669 68.356 5.36571 39.8574 58.5376 135.345 194.469 22.6154 11.3588 37.5543 123.539 41.8324 162.86 97.4314 16.3094 5.53735 12.1762 27.5323 86.8692 45.3817 0.000000802466 37.6768
-65.8977 24.5986 32.7578 11.1608 16.2611 0.355669 68.356 5.36571 39.8574 58.5376 135.345 194.469 14.1912 7.32342 35.3928 123.539 41.8324 162.86 110.248 22.1927 7.14174 4.58958 27.5323 18.7917 66.053 0.000000304207 36.2805
-65.8977 24.5986 32.7578 11.1608 16.2611 0.355669 68.356 5.36571 39.8574 61.4424 135.345 194.469 14.1912 12.7534 35.3928 123.539 41.8324 162.86 110.248 23.2477 5.29732 4.58958 4.22594 19.7096 6.74659 0.000000304207 35.7841
-65.8977 29.8071 32.7578 18.576 6.26114 6.61051 41.2763 20.8145 40.5595 61.4424 135.345 194.469 17.1267 12.7534 35.3928 123.539 41.8324 159.899 110.248 23.2477 5.29732 8.1202 22.5109 19.7096 12.1503 0.000000304207 35.6478
-65.9743 29.8071 32.7578 20.8379 5.49921 6.99261 41.2763 20.8145 40.5595 61.4424 135.345 194.469 17.1267 12.7534 36.8022 123.802 34.7041 151.278 110.248 22.0734 2.69694 8.1202 22.5109 58.8001 12.1503 0.000000304207 35.2841
-66.2347 29.8071 32.7578 20.8379 5.49921 6.99261 37.2236 20.8145 40.5595 61.4424 135.345 194.469 21.7524 12.7534 36.8022 123.802 34.7041 151.278 109.347 21.6617 2.69694 24.733 34.0834 58.8001 7.17099 0.000000194086 36.2588
-65.2469 29.8071 32.7578 20.8379 5.49921 5.98312 37.2236 20.8145 40.5595 61.4424 135.345 194.469 21.7524 11.9419 36.8022 123.802 34.7041 252.458 12.6926 20.983 2.69694 16.9586 11.239 41.3526 7.17099 0.000000101444 35.0153
-64.8882 32.8566 32.7578 19.3342 5.49921 6.17116 21.1206 20.8145 35.0494 68.264 135.345 194.469 13.7721 11.9419 64.8585 123.802 34.7041 252.458 5.32077 21.1995 2.33709 18.5914 45.9586 41.3526 7.17099 0.0000000240318 34.6039
-64.4683 32.8566 33.3515 18.4698 5.49921 8.88258 20.786 20.8145 35.0494 65.3502 135.345 194.469 13.7721 11.9419 64.8585 123.802 34.7041 252.458 5.32077 21.6261 4.91349 16.8464 45.9586 31.0742 7.17099 0.00000000752753 34.5589
-64.0131 32.8566 27.5201 20.3115 7.61081 9.37052 21.5695 20.8145 38.4356 65.3502 130.752 194.469 13.7721 15.939 71.0351 107.604 34.7041 248.57 5.32077 22.5283 22.1145 15.2984 44.2674 19.1609 12.0316 0.00000000210723 31.8812
-64.081 32.8566 27.5201 20.3115 7.61081 9.37052 21.5695 20.8145 38.4356 65.3502 130.752 194.469 13.7721 15.939 68.7443 107.604 34.7041 248.57 5.32077 25.9261 22.1145 15.6305 3.01611 19.2906 58.1531 0.00000000210723 34.8508
-68.7164 33.9121 27.5201 19.0715 7.61081 10.9618 18.369 20.8145 38.4356 56.3873 130.752 190.828 13.7721 35.7519 67.5849 107.604 34.7041 248.57 5.32077 23.7202 11.6524 15.1742 0.741563 30.5281 13.4176 0.0000000125177 36.1489
-67.3668 33.9121 27.5201 19.0715 7.61081 9.42737 18.369 20.8145 38.4356 56.3873 130.752 190.828 23.4275 25.4733 77.3645 107.604 34.7041 248.57 5.32077 25.1652 8.16514 17.0588 0.741563 84.3 50.0055 0.00000000442387 33.6314
-67.7413 33.9121 27.5201 19.0715 7.61081 9.42737 18.369 20.8145 38.4356 56.3873 130.752 190.828 23.4275 25.9663 76.0857 107.604 34.7041 248.57 5.32077 25.1652 8.16514 16.6172 0.741563 80.9782 50.0055 0.0000000488151 36.1639
-68.2899 33.9121 27.5201 19.1834 7.61081 10.5514 18.369 20.8145 38.4356 56.3873 130.752 190.828 23.4275 38.0716 61.3355 107.604 34.7041 248.57 5.32077 28.731 6.69121 16.1167 65.3105 80.9782 95.1597 0.0000000308321 37.962
-67.4773 33.9121 27.5201 19.1834 8.38783 9.95272 20.947 20.8145 61.1887 37.1429 130.752 190.828 23.4275 33.5125 61.3355 107.604 34.7041 248.57 5.32077 32.3055 2.40924 13.8606 47.7867 56.6666 122.743 0.0000000250702 39.2232
-67.3856 24.6153 27.5201 19.1834 8.38783 9.95272 13.055 20.8145 65.0276 30.7995 130.752 190.828 23.4275 46.4305 56.4558 107.604 34.7041 248.57 11.2797 32.3055 6.5033 15.9339 46.9327 39.7317 130.016 0.000000027066 38.0463
-67.8888 29.7846 28.5464 19.1834 8.38783 3.67397 19.358 20.8145 65.0276 30.7995 130.752 190.828 12.9862 49.5672 56.4558 107.604 34.7041 248.57 11.0844 32.3055 5.87111 11.581 40.0655 45.6131 114.431 0.0000000415179 37.0739
-67.7575 33.8372 16.1981 19.9858 8.38783 3.73369 23.1204 20.9736 65.0276 38.0804 121.591 190.828 12.9862 49.3394 56.4558 107.604 47.8866 242.975 11.0844 34.498 7.62706 10.7249 57.5217 22.4975 105.495 0.0000000560693 35.5912
-67.2984 28.5222 22.8607 24.8542 8.38783 1.54466 23.1204 20.9736 65.0276 34.1891 112.874 190.828 12.9862 50.7366 56.4558 107.604 57.4163 239.844 12.7972 34.2336 7.42258 10.4746 22.8168 31.1582 105.495 0.000000031077 34.2206
-67.6468 37.8994 22.8607 35.1871 1.5485 0.623714 13.1571 20.9736 63.91 34.1891 111.747 190.828 12.9862 50.6081 56.4558 107.604 57.4163 239.05 12.7972 34.2336 6.09247 12.6956 17.6912 33.9469 124.276 0.0000000233249 38.0101
-66.393 37.8994 22.8607 35.1871 1.5485 0.623714 13.1571 20.9736 63.91 31.8241 111.747 190.828 12.9862 57.0969 56.4558 107.604 57.4163 226.196 18.1167 27.583 4.20919 23.2288 103.081 25.5321 140.497 0.000000022814 39.9547
-65.8716 37.8994 22.8607 35.1871 1.5485 0.623714 13.1571 20.9736 63.91 31.8241 111.747 190.828 12.9862 57.532 56.4558 107.604 57.4163 226.196 18.1167 27.583 7.28518 19.5682 83.855 29.6994 78.6373 0.0000000206553 36.8034
-66.0956 37.8994 22.8607 11.144 3.05775 25.0925 13.1571 20.9736 63.91 31.8241 111.747 188.955 12.9862 58.0342 56.4558 107.604 57.4163 227.484 18.1167 27.583 11.1023 10.4371 22.2781 36.1691 78.6373 0.0000000128477 31.6221
-65.2569 37.8994 22.8607 11.144 3.05775 24.412 13.1571 20.9736 63.91 31.9975 111.747 188.955 12.9862 58.0342 56.4558 107.604 57.4163 228.259 17.994 27.583 15.0934 6.08936 22.2781 36.1691 26.0449 0.0000000116216 29.9895
-64.9833 36.2169 22.8607 12.7953 3.05775 24.412 13.1571 20.9736 63.91 31.9975 111.747 188.955 12.9862 57.0408 56.4558 107.604 57.4163 228.259 17.994 27.583 16.7993 6.08936 40.6699 31.2303 20.3348 0.0000000254821 32.0105
-65.4553 36.2169 22.8607 7.62277 8.81287 20.9329 13.1571 20.9736 63.91 31.9975 111.747 188.955 16.2093 57.0408 56.4558 107.604 57.4163 230.394 17.994 31.848 16.7993 6.08936 39.8994 29.4267 20.3348 0.0000000519658 34.2882
-65.7147 30.3759 22.7919 3.32426 8.81287 27.6876 12.0301 20.9736 68.0974 30.651 127.486 168.51 23.6314 54.5642 56.4558 107.604 57.4163 231.936 17.994 16.5538 17.9538 6.08936 57.1418 12.728 20.2048 0.00000000101427 32.2291
-64.7559 30.3759 22.7919 3.32426 8.81287 23.3494 12.0301 20.9736 68.0974 32.963 127.486 168.51 23.6314 57.7446 56.4558 107.604 57.4163 232.011 17.994 27.9191 17.3784 6.08936 13.8387 59.132 18.535 0.00000000101427 30.9503
-65.0453 30.3759 22.7919 3.32426 8.81287 25.6137 12.294 20.9736 68.0974 31.4051 129.937 168.51 23.6314 64.325 56.4558 107.604 46.9675 228.607 19.6672 27.9191 20.3148 6.08936 8.12592 59.132 18.3438 0.00000000101427 28.559
-65.1902 30.3759 22.7919 3.32426 8.81287 25.6137 11.0334 20.9736 67.9272 31.4051 129.937 168.51 23.6314 63.5466 56.4558 107.604 48.1079 229.84 19.6672 20.2277 16.6957 11.0179 16.6091 40.8229 17.594 0.0000000126243 30.6882
-64.791 30.3759 22.7919 3.32426 8.81287 25.5964 11.0334 20.9736 67.9272 32.5342 75.2817 222.291 23.6314 66.7044 56.4558 107.604 48.1079 229.84 19.6672 10.3993 16.2313 12.9458 46.4048 40.8229 17.5558 0.0000000126243 33.6995
-65.3256 32.0242 23.7858 5.54045 8.07545 29.7498 11.0334 20.9736 67.9272 33.2606 75.2817 222.291 14.3071 66.7044 56.4558 107.604 48.1079 228.636 16.8615 8.29346 19.064 30.451 81.405 50.5548 17.6815 0.0000000126243 32.7351
-65.3256 21.3467 23.7858 5.54045 8.07545 29.7498 11.0334 20.9736 67.9272 33.2606 61.1105 222.291 35.6872 66.7044 56.4558 107.604 48.1079 230.745 23.2222 7.20925 17.0602 30.451 26.9566 45.79 17.0682 0.0000000126243 31.8245
-65.6604 21.3467 13.5994 10.058 20.2002 37.0838 10.2372 20.9736 67.9272 32.1713 61.1105 215.886 30.9785 60.9705 56.4558 102.654 48.1079 230.98 35.244 10.5335 17.9042 27.6547 91.0662 42.2975 17.0682 0.0000000740072 37.0947
-64.572 21.3467 11.3994 10.058 21.9731 37.0838 10.2372 20.9736 67.9272 31.5489 61.1105 215.886 39.8924 62.9544 56.4558 102.654 48.1079 225.704 23.1942 10.5335 18.6452 20.7638 31.9681 35.5249 16.819 0.00000000358312 30.1503
-64.4524 19.5529 9.19673 15.0268 21.9731 37.0838 16.6159 20.9736 56.1616 28.9304 61.1105 215.886 39.8924 68.5187 56.4558 102.654 54.0857 220.981 23.1942 10.5335 21.4197 20.7638 26.564 20.4461 17.1727 0.00000000358312 30.7872
-66.7408 18.174 9.57149 15.0268 21.9731 37.0838 17.4783 20.9736 56.1616 32.3304 61.1105 215.886 35.1781 63.9794 56.4558 102.654 54.0857 224.498 36.0166 10.41 14.5515 21.2245 40.2859 14.8972 17.091 0.00000000358312 27.9949
-66.2235 18.174 11.5135 15.0268 20.6619 37.0838 17.4872 20.9736 58.3414 33.0465 61.1105 215.886 35.3707 63.9794 57.0627 102.654 43.858 243.361 29.529 10.1265 11.6397 16.0869 47.9898 26.1496 17.1062 0.00000000358312 29.2243
-65.8706 18.174 11.5135 17.9878 9.17245 37.0838 22.0343 18.409 55.8043 45.8934 61.1105 222.792 23.804 74.3926 57.0627 102.654 38.3914 234.098 34.5462 10.7721 9.76215 2.69449 15.6152 23.3027 16.8124 0.0000000297442 30.5315
-66.6781 18.174 8.19161 16.5322 7.73612 42.3229 31.6222 18.409 39.4367 50.6587 61.1105 222.792 20.3953 74.3926 57.0627 102.654 38.3914 215.23 52.3671 15.9552 9.76215 2.69449 15.6152 28.6863 16.8148 0.0000000358861 31.584
-66.0666 18.174 10.6683 16.5322 7.73612 42.3229 31.6222 18.409 39.4367 42.8619 61.1105 222.792 29.4413 74.3926 57.0627 102.654 33.4557 210.771 69.1079 13.1044 11.3138 3.99337 59.5904 27.182 16.7577 0.0000000517591 32.6896
-65.8974 18.174 8.16647 18.6469 7.73612 43.2473 29.8712 18.409 39.4367 42.8619 61.1105 222.792 29.4413 74.3926 66.3356 102.654 24.7919 209.331 66.8746 20.5704 3.2363 6.16362 16.3139 27.182 17.0304 0.0000000657444 34.4971
-65.7476 18.174 10.4745 20.8953 9.22323 43.2473 29.8712 18.409 39.4367 44.2462 61.1105 222.792 14.3382 74.3926 76.1556 108.945 21.9033 179.963 73.8801 37.5351 1.66468 4.90349 65.8484 37.0515 15.7611 0.0000000252787 36.2048
-65.9686 18.174 10.4745 23.2 9.22323 40.8866 30.6438 18.409 39.4367 44.2462 61.1105 222.792 20.0236 75.533 76.1556 108.945 21.9033 180.061 73.8801 37.5351 1.11295 6.35141 50.3445 31.1016 16.2184 0.00000000322102 29.0259
-64.7886 18.174 12.2318 22.8222 9.22323 41.1594 30.6438 18.409 39.4367 44.2462 61.1105 222.792 20.0236 75.533 76.1556 108.945 21.1313 180.061 73.8801 38.0206 0.339997 7.03031 50.3445 45.1859 34.7611 0.00000000322102 31.4024
-64.7886 18.174 12.2318 22.8222 9.22323 41.1594 30.6438 18.409 33.7233 44.2462 61.1105 222.792 16.2681 75.533 76.1556 108.945 21.1313 180.061 85.4904 38.0206 0.339997 5.93577 50.3445 45.1859 34.7611 0.000000000752133 31.7839
-64.7886 18.174 12.2318 23.6523 10.7093 41.1594 25.4866 18.409 33.7233 54.2627 61.1105 222.792 16.2681 66.6741 76.1556 108.945 21.1313 180.061 85.4904 38.0206 1.39897 5.33964 59.0463 53.4 80.7694 0.000000000752133 32.3186
-66.0224 17.623 11.6474 22.2483 10.9859 38.1804 29.9226 18.409 35.985 46.761 84.5129 222.792 16.2681 61.008 69.7567 108.945 27.1522 179.061 70.4387 17.5705 0.875197 5.55349 61.9089 60.6941 80.7694 0.00000000206617 32.941
-66.0224 19.5111 11.6474 21.1722 11.0783 38.1804 29.9226 18.409 35.985 44.9433 84.5129 222.792 16.2681 61.008 69.7567 108.945 27.1522 179.061 70.4387 30.3452 2.9453 6.74342 26.1576 60.6941 80.7694 0.00000000341082 32.2355
-65.0387 21.9239 11.6474 21.1722 2.5449 28.5275 46.2187 18.409 35.985 40.6567 84.5129 222.792 16.2681 64.5754 69.7567 108.945 22.8384 179.97 84.8711 11.5874 4.23668 5.50291 6.15558 14.2153 78.156 0.00000000990686 32.1029
-63.4665 21.9239 12.3015 21.1923 2.5449 29.79 46.2187 50.6674 28.253 40.0471 92.9345 179.348 23.5198 57.6434 86.1869 108.945 15.2797 179.97 84.8711 15.0355 3.68343 18.998 6.15558 28.5209 96.0569 0.0000000176786 35.1833
-65.6049 23.3738 10.126 22.1858 2.5449 30.7995 44.3405 50.6674 28.253 39.012 84.0943 179.348 35.3967 53.9133 96.3201 97.4212 23.3629 179.97 85.3965 14.1367 4.22268 20.5631 6.15558 31.225 96.0569 0.0000000230064 31.6083
-66.2038 25.9468 8.25576 21.5503 3.11035 30.7116 44.3405 50.6674 28.253 37.2063 84.0943 179.348 35.3967 54.946 96.3201 94.4987 22.203 179.97 85.3965 14.8931 5.23756 16.8277 21.5499 21.7546 87.179 0.0000000840907 31.6588
-64.7309 6.25211 10.4622 15.2508 25.1752 39.0987 44.3405 50.6674 22.1477 34.9262 92.4672 179.348 35.3967 48.6052 54.0593 130.504 22.203 179.97 85.3965 2.26859 3.19328 11.2389 21.5499 101.513 32.0894 0.0000000353512 35.5858
-65.3525 8.38618 11.3595 16.9942 21.6539 38.922 50.636 50.6674 15.4274 32.7327 92.4672 179.348 35.3967 42.2167 47.5452 130.504 29.5539 179.97 85.3965 2.26859 11.9688 16.0423 58.2799 101.513 19.7201 0.0000000353512 40.0148
-65.5285 7.59693 11.3595 16.5776 25.4555 41.1642 50.3636 50.6674 14.9286 28.5747 92.4672 179.348 40.8105 47.462 51.984 130.504 26.3292 179.97 85.3965 3.83145 14.2167 22.8337 39.9203 148.831 19.5618 0.000000144778 34.641
-65.7237 17.7481 1.0261 14.5624 25.4555 30.9898 50.3636 50.6674 14.6902 30.442 86.5829 179.348 52.4028 46.0356 51.984 130.504 26.9665 179.97 85.3965 6.30905 13.9944 22.8337 187.673 21.4446 20.489 0.000000221206 39.8467
-65.4784 19.9979 11.5251 16.5214 24.6261 25.0897 48.7334 50.6674 11.1546 40.0399 86.5829 179.348 55.7242 41.1949 51.984 130.504 22.2857 179.97 85.3965 3.12049 16.1159 17.0078 19.7762 18.9499 4.01522 0.0000000715989 34.3122
-66.0015 19.4399 5.9867 16.8481 24.148 25.0897 48.2486 50.6674 19.2562 33.9032 86.5829 179.348 55.7978 46.2457 51.984 130.504 22.2857 179.97 85.3965 0.640512 2.56452 17.5781 21.7482 36.3994 18.831 0.0000000495886 33.8599
-65.9478 19.191 7.25733 16.8481 20.8148 27.1359 44.0832 50.6674 17.7868 43.4998 86.5829 179.348 52.4468 46.2457 51.984 130.504 22.2857 170.081 108.837 0.2409 2.56452 23.5721 30.4115 23.7871 45.2013 0.0000000515923 34.7446
-64.9739 20.1294 9.79466 21.2914 26.0507 23.4438 44.0832 37.1738 11.3988 43.4998 86.5829 179.348 52.4468 46.026 53.1353 130.504 22.2857 170.081 118.198 1.63841 2.56452 28.3397 59.6477 106.99 45.2013 0.0000000946615 36.6094
-65.1704 20.1294 9.79466 21.2914 26.0507 23.4438 44.0832 37.1738 11.3988 43.4998 86.5829 179.348 52.4468 46.026 53.1353 133.21 22.2857 170.081 118.198 3.21833 2.56452 18.453 4.39703 59.7986 56.8895 0.0000000946615 34.5935
-64.5534 20.6648 6.94979 20.8849 26.0507 24.1574 44.0832 37.1536 9.83253 43.4998 86.5829 179.348 52.4468 45.6943 54.467 133.21 19.2689 170.081 118.198 5.5078 2.56452 19.7333 3.71004 59.7986 38.3769 0.000000175558 35.0463
-64.5102 22.0535 6.94979 22.6712 26.0507 21.8399 35.9422 38.9709 13.601 49.8612 86.5829 179.348 52.4468 40.8301 54.467 133.21 19.2689 170.081 118.198 5.5078 4.02784 19.8119 2.8442 47.9592 70.8926 0.00000014244 36.2846
-65.5084 22.0535 6.09654 22.6712 17.2208 21.8399 35.9422 38.9709 20.247 57.2195 86.5829 179.348 65.1258 39.2312 52.8541 115.039 24.1773 170.081 118.198 0.843454 4.02784 19.8119 10.6426 16.5912 133.848 0.00000014244 35.0319
-65.9379 22.0535 6.09654 22.6712 17.2208 21.8399 35.9422 38.9709 20.247 57.2195 86.5829 179.348 78.85 39.2312 54.6508 115.039 24.1773 170.081 84.1079 0.843454 4.02784 22.4987 35.5932 19.0113 189.592 0.0000000771573 36.7419
-65.9379 19.165 6.09654 22.6712 17.2208 23.1024 35.9422 38.9709 20.247 57.2195 86.5829 179.348 83.0131 39.2312 58.1289 104.991 24.1773 170.081 85.9694 7.50024 10.1693 34.9027 24.8362 19.6676 189.592 0.000000127304 39.8051
-65.4747 19.165 6.80135 24.4927 19.4707 20.4421 32.9763 33.7779 16.8281 57.2195 86.5829 179.348 79.311 39.2312 58.0904 117.085 24.061 170.081 85.9694 7.50024 8.9622 34.9027 14.8123 14.2436 101.317 0.000000127304 36.1675
-66.3915 24.8214 7.59512 23.9761 19.4707 17.3309 32.9763 33.7779 16.8281 60.2059 86.5829 179.348 71.3716 41.9993 53.0159 121.271 25.877 170.081 85.9694 7.50024 8.08264 34.9027 23.7153 14.2436 100.663 0.000000295383 36.4216
-66.2859 28.1492 10.114 11.6692 19.4707 17.5848 33.7494 33.7779 18.0753 85.8193 58.4421 179.348 71.3716 41.725 62.7329 121.271 25.877 170.081 85.9694 9.56127 10.9631 34.9027 16.6637 12.635 121.13 0.000000295383 36.585
-66.2438 28.1492 10.114 12.5682 19.4707 18.1605 33.7051 31.8952 18.0753 85.8193 58.4421 179.348 71.3716 41.725 69.7097 121.271 15.5032 170.081 85.9694 9.56127 8.67406 34.9027 16.7422 7.80401 128.572 0.0000000614961 37.7511
-66.8079 28.1492 4.13926 16.5814 19.4707 16.7516 25.7698 37.7958 18.0753 82.317 58.4421 179.348 76.6514 41.7337 69.1338 121.271 25.0947 169.149 85.9694 7.37799 5.1824 48.5359 10.794 7.80401 12.7865 0.0000000337462 32.8643
-64.0906 47.1317 0.332765 16.5814 5.95958 28.2128 25.7698 36.9308 2.43388 81.0938 58.4421 179.348 85.355 37.2119 69.492 121.271 23.5787 169.149 85.9694 7.68206 5.1824 37.8472 16.5534 46.2085 49.1646 0.0000000337033 37.1126
-65.3549 47.1317 0.332765 16.5814 5.95958 28.2128 27.371 36.9308 3.18139 81.0938 58.4421 179.348 85.355 37.2119 69.492 121.271 23.5787 169.149 85.9694 7.68206 5.1824 23.8317 12.001 46.2085 49.1646 0.0000000602121 36.024
-66.4241 47.1317 1.56351 16.5814 5.95958 28.2128 26.0342 36.9308 5.5278 81.0938 58.4421 179.348 83.6188 37.2119 69.492 121.484 23.5787 179.884 85.9694 6.60615 5.1824 17.7871 12.3844 30.6571 71.1821 0.0000000872898 32.4319
-66.3989 47.1317 1.56351 16.5814 5.95958 28.2128 26.0342 36.9308 5.5278 81.0938 58.4421 179.348 83.6188 35.3652 69.492 121.484 23.5787 179.884 85.9694 3.54856 4.40711 27.3507 16.8625 86.3564 6.8362 0.0000000837212 33.1634
-66.4241 47.1317 3.27149 12.5099 5.95958 19.3959 26.9198 40.6775 42.3189 53.3682 58.4421 160.004 81.9732 47.7739 50.2553 139.43 18.6072 179.884 85.9694 12.8463 20.9798 15.2638 22.4327 68.2314 21.5211 0.0000000611787 36.1047
-66.4613 47.1317 3.27149 12.6105 5.95958 19.3959 27.3041 45.7574 42.3189 50.0532 58.4421 160.004 82.0836 47.7739 50.2553 139.43 18.6072 179.884 85.9694 11.8877 18.9494 15.2638 22.4327 46.8832 21.5211 0.0000000702976 31.0659
-66.5189 47.1317 3.2837 9.65637 5.95958 19.3959 27.9939 45.9898 41.9639 50.0532 58.4421 160.483 76.5447 60.9928 50.2553 139.43 18.6072 179.884 85.9694 15.442 7.47399 18.3744 22.9455 79.4208 41.4014 0.00000000695273 31.6159
-66.6664 47.1317 3.77478 12.9777 5.95958 20.3503 27.9939 50.7348 39.2516 44.3672 16.4334 203.661 70.3852 58.5777 63.2632 139.43 18.6072 112.314 147.973 10.5113 13.0493 18.3744 22.9455 49.2514 8.60708 0.000000000227426 27.0157
-66.6664 47.1317 1.37178 12.9777 5.95958 20.3503 27.9939 54.0505 38.8565 44.3672 16.4334 203.661 69.447 58.7524 63.2632 139.43 18.6072 112.314 147.973 11.4299 13.0656 18.3744 30.6874 8.51528 32.2357 0.000000000227426 26.7712
-66.2095 47.1317 2.75927 12.9777 5.95958 20.3503 27.9939 53.0071 38.8565 44.3672 16.4334 203.661 69.447 57.3214 63.2632 139.43 18.6072 114.012 147.973 11.2829 11.7765 11.1252 30.6874 17.8454 46.5774 0.000000000227426 27.014
-65.5826 47.1317 2.75927 12.9777 5.95958 20.3503 30.2059 53.0707 38.8565 39.2438 16.4334 203.661 80.4394 53.2565 83.7546 11.0415 123.671 120.91 147.973 9.80092 11.534 7.64819 5.7057 62.6505 29.8945 0.000000000227426 26.9241
-65.801 47.1317 2.78714 12.9777 5.95958 20.3503 30.2059 53.0707 38.8565 39.2438 16.4334 203.661 80.395 55.8271 84.6863 7.83972 123.671 120.91 147.973 9.80092 11.9568 7.27304 5.7057 62.6505 25.683 0.000000000227426 26.957
-64.9339 46.7773 4.33991 13.4767 5.95958 20.3503 27.1938 51.5501 41.2519 39.944 16.4334 203.661 80.2063 53.1513 84.6863 7.83972 123.671 121.753 147.973 6.17243 11.2676 7.62878 5.7057 62.6505 4.12005 0.000000000227426 29.6293
-65.5135 46.7773 4.33991 7.13994 7.95086 20.3503 42.0586 53.0286 33.0943 39.944 16.4334 196.664 80.2063 53.1513 82.0312 7.83972 128.935 122.526 128.673 6.17243 10.811 6.97528 24.8696 81.1562 32.0463 0.000000000227426 34.3279
-65.6063 46.7773 0.128523 9.08991 7.95086 20.3503 42.0586 60.6504 25.1512 39.944 16.4334 196.664 74.2852 53.1513 86.4498 7.83972 128.935 122.526 134.573 21.7734 6.42676 7.88651 4.19883 108.316 30.5261 0.000000000227426 35.2709
-66.8919 46.7773 0.128523 9.08991 9.49768 19.6059 42.0586 59.7732 24.4657 39.4508 16.4334 196.664 82.056 52.5941 86.4498 7.83972 128.935 122.526 134.573 7.63684 7.13542 10.7281 30.5277 30.5578 43.0332 0.000000000227426 29.7688
-66.7388 46.7773 0.128523 9.08991 9.49768 19.6059 42.0586 59.9074 24.4657 39.4508 16.4334 196.664 82.056 52.5941 86.6632 7.83972 128.935 132.675 134.573 2.59858 11.62 13.7593 67.0385 36.7835 39.1321 0.000000000227426 29.4452
-65.8088 46.7773 1.44479 8.86043 12.3724 19.6059 39.4258 59.4277 20.4839 40.7423 16.4334 196.664 83.8582 52.4821 86.6632 6.5887 125.428 128.53 134.573 2.59858 27.6772 19.7149 78.2217 49.4913 79.6307 0.000000000227426 33.162
-66.1416 37.4324 6.00347 12.6926 14.4342 15.8236 35.6617 56.0564 25.0938 39.0142 16.4334 196.664 82.4169 58.2716 83.5546 12.9554 128.154 135.598 134.573 0.0523047 9.86058 2.10684 41.2662 125.647 46.7302 0.000000000227426 35.8686
-65.7597 34.1212 12.1216 6.54642 14.4342 20.5807 35.6617 57.6785 25.0938 39.0142 16.4334 196.664 84.7151 60.9504 83.2091 0.272249 128.154 148.247 134.573 9.8869 7.5455 2.10684 34.0895 94.5905 62.3238 0.000000000227426 33.6954
-65.844 34.1212 12.1216 7.88774 15.4744 18.6842 43.6885 57.6856 21.7478 1.99903 39.3029 201.735 77.7091 60.9504 90.4962 8.92411 128.154 67.5464 188.62 10.2031 6.92506 3.59196 20.5731 85.373 49.8852 0.000000000227426 31.4001
-66.6397 34.1212 12.1216 7.42632 15.4744 18.6842 42.7412 57.3919 27.8637 1.99903 39.3029 201.735 77.7091 69.8966 95.5189 8.92411 128.154 47.9952 196.774 18.3853 11.6654 3.35235 14.7608 45.061 45.9921 0.000000000227426 33.8126
-63.6689 34.1212 12.1216 9.00373 11.8676 14.8732 39.9097 58.701 23.4551 26.9777 39.3029 201.735 76.3338 68.3571 73.1814 8.92411 126.639 53.6401 209.347 18.1744 6.30911 2.66179 31.5745 59.0481 95.0104 0.000000000227426 36.7526
-67.2306 34.1212 12.1216 13.4083 11.8676 15.9291 38.2083 59.0662 17.4462 28.9789 39.3029 201.735 76.3338 68.3571 58.0353 14.371 126.772 55.4329 198.68 18.1744 12.5884 0.605798 35.4413 59.0481 101.808 0.000000000227426 33.2371
-67.2306 32.9693 12.1216 13.4083 13.5092 15.9291 41.0252 58.2378 13.2618 28.2478 39.3029 201.735 76.3338 68.3571 58.0353 21.6812 126.772 63.7888 208.636 12.0056 15.0014 0.605798 41.4865 89.263 99.6935 0.000000000227426 30.794
-67.2306 32.9693 12.1216 12.6509 13.5092 15.9291 16.86 59.3187 33.4 28.2478 39.3029 201.735 76.3338 68.3571 61.1998 21.6812 126.772 63.7888 208.636 12.1461 9.11417 11.2968 15.7414 139.448 72.0138 0.000000000227426 29.9688
-66.0062 37.7465 12.1216 12.6509 13.5092 13.4478 16.86 57.6076 33.4 24.1331 44.8234 201.735 72.8337 68.3571 57.2879 24.5847 124.664 55.3178 208.636 24.7265 5.95806 13.2533 15.17 83.991 48.16 0.000000000227426 31.1342
-65.0497 37.7465 12.1216 13.4031 13.5092 9.1596 21.3583 53.5116 33.4 24.7507 44.8234 201.735 99.1354 53.7254 47.8943 24.5847 124.664 55.3178 207.038 24.2642 1.96931 19.4847 13.8716 50.8117 43.3378 0.000000000227426 30.5976
-64.4709 37.7465 12.1216 13.3004 13.5092 9.1596 21.3583 53.6342 33.4 24.6024 44.8234 201.735 101.02 53.7254 53.8196 24.5847 124.664 55.3178 207.038 15.5495 10.2863 12.7163 32.2746 52.4929 47.3498 0.000000000227426 29.8587
-61.7304 37.7465 12.1216 11.9808 13.5092 9.1596 26.3134 48.4524 33.4 24.6884 19.137 201.735 101.948 75.6689 52.1209 24.5847 124.664 55.3178 207.038 15.5495 3.39853 20.2609 37.3881 45.2704 48.1415 0.000000000227426 34.3591
-62.5083 37.7465 12.1216 12.2374 13.5092 9.1596 26.3134 50.2772 33.4 30.9779 19.137 201.735 101.658 65.6294 53.5449 24.5847 124.664 55.3178 216.583 11.0104 3.39853 28.8278 37.3881 37.3667 47.2009 0.000000000227426 33.2902
-62.9023 37.7465 12.1216 13.8067 10.4481 9.1596 30.3816 47.1458 41.6635 27.739 19.137 201.735 110.407 56.1991 55.2332 24.5847 120.838 55.3178 216.583 5.55342 7.08946 19.3815 41.8757 73.083 49.9694 0.000000000227426 30.9133
-63.637 37.7465 12.1216 17.5581 10.4481 6.50693 30.9811 54.6541 31.852 27.476 19.137 201.735 121.917 54.915 55.2332 24.5847 109.038 55.3178 216.583 10.8779 7.2502 19.3815 38.4942 73.083 49.9694 0.000000000227426 31.2945
-64.5031 37.7465 12.1216 17.4096 10.4481 6.50693 30.9811 56.6239 27.9015 24.6976 19.137 206.011 121.917 54.915 55.2332 24.5847 109.038 55.3178 216.583 12.8573 7.2502 16.2898 38.4942 81.278 49.1939 0.000000000227426 30.7884
-64.733 37.7465 12.1216 15.5094 12.5209 6.50693 31.4943 54.3333 27.9015 27.9971 19.137 206.011 121.917 54.915 47.9875 31.6374 109.038 55.3178 216.583 12.7742 5.16592 19.5882 29.8618 85.8477 27.5539 0.000000000227426 29.7871
-64.733 37.7465 13.5762 15.5094 8.48577 6.50693 35.4953 54.3333 27.3015 27.9971 19.137 206.011 118.822 40.4656 47.9875 21.0185 142.149 52.9614 222.019 12.6004 1.26587 3.38982 59.6616 34.2173 64.3879 0.000000000227426 29.0922
-65.3694 37.7465 13.5762 15.5094 8.9802 6.50693 35.4953 54.3333 27.3015 28.7337 19.137 206.011 110.349 38.3237 46.2493 21.0185 142.149 63.5708 226.7 12.6004 1.7635 3.38982 77.7373 34.2173 64.3879 0.000000000227426 28.7392
-66.8108 37.7465 13.5762 15.5094 8.9802 6.50693 35.4953 53.4867 26.7395 30.7109 19.137 206.011 110.349 43.2426 46.2493 15.2859 142.149 70.8805 215.19 12.6004 4.64391 2.03829 61.8888 34.2173 67.2372 0.000000000227426 28.3598
-67.1384 37.7465 22.5014 15.5094 10.7894 6.50693 35.8369 46.3655 26.7395 29.1177 19.137 197.85 112.529 45.4775 45.3452 15.2859 142.149 70.8805 215.19 18.3507 4.076 4.39738 42.1458 23.6077 39.9025 0.000000000227426 30.0613
-66.9677 37.7465 28.7608 10.7348 9.45686 6.50693 33.5454 46.8817 29.3258 23.9024 19.137 197.85 112.529 50.4195 46.4162 15.2859 142.149 70.3546 215.19 19.0658 4.15382 2.59115 48.5875 10.7263 53.2 0.000000000227426 30.4591
-67.84 41.143 32.8073 3.57465 6.3018 6.50693 38.1074 46.8817 29.3258 25.6045 19.137 197.85 108.591 52.0627 46.2656 15.2859 142.149 92.5906 206.013 6.54146 4.15382 1.13738 42.2037 8.89809 28.7219 0.000000000227426 34.6065
-67.84 36.4439 32.8235 10.0778 2.12398 6.11289 35.4529 46.8817 29.3258 24.9235 19.137 197.85 108.591 50.9405 47.1188 15.2859 142.149 95.5306 197.493 13.8924 4.3505 2.64431 16.2993 10.9193 16.6065 0.000000000227426 31.2035
-67.8492 36.4439 30.9995 10.0778 2.12398 6.11289 35.4529 46.8817 35.2734 24.8426 19.137 197.85 108.591 51.6081 45.8468 15.2859 142.149 87.7991 197.493 18.3205 5.46713 2.64431 21.1526 31.4761 26.4839 0.000000000227426 28.7393
-67.9218 36.4439 30.9995 6.40648 4.43407 3.67453 34.3917 44.7687 51.2282 24.245 19.137 202.826 108.591 51.6081 45.7584 15.2859 142.149 62.752 201.624 20.539 5.46713 5.42022 23.8132 31.4761 12.0164 0.000000000227426 31.4016
-64.4424 36.4439 31.9207 6.40648 4.9351 3.67453 34.359 44.7687 51.8266 23.9845 19.137 203.163 108.591 51.6081 43.5947 15.2859 142.149 62.752 201.624 18.713 7.21704 4.73293 29.5161 41.0152 17.7323 0.000000000227426 32.5887
-64.4424 36.4439 29.854 7.19038 3.03807 3.67453 31.1861 49.5756 51.8266 23.918 19.137 201.095 108.591 51.6081 43.7805 15.2859 142.149 62.6155 201.763 19.4974 7.21704 4.62711 21.9438 26.1807 45.9472 0.000000000227426 36.2149
-67.2124 36.4439 29.3255 9.2334 3.03807 3.67453 35.8857 48.3971 34.2166 23.7703 50.0003 203.506 106.113 27.1388 57.2333 15.2859 137.316 72.1868 201.763 12.2993 7.44742 0.603674 32.6017 30.6324 90.7739 0.000000000227426 30.2883
-67.814 35.2512 31.5882 13.059 2.72474 3.67453 30.4238 50.8493 34.2166 23.8071 52.4708 203.506 106.113 27.1388 57.2333 15.2859 137.316 72.1868 201.763 18.0413 2.80457 3.41999 8.79035 27.4491 84.6811 0.000000000227426 31.4291
-64.7181 35.2512 37.1187 7.15522 2.72474 3.67453 35.5669 43.8349 27.7543 23.7922 46.949 203.506 106.113 32.3444 57.2333 15.2859 137.316 72.1868 201.763 7.058 2.80239 1.6008 8.79035 32.0283 56.4729 0.000000000227426 31.7451
-64.3546 34.0177 37.1187 4.5836 2.72474 3.67453 35.2075 43.8349 35.2828 24.2109 46.949 195.279 106.113 32.3444 57.8633 15.2859 137.316 72.1868 201.763 9.84582 2.80239 6.00594 43.7515 20.3434 56.4729 0.000000000227426 31.3814
-65.1929 25.7347 41.1371 2.49743 5.82716 10.4696 33.3812 43.8349 35.2828 22.92 46.949 195.279 116.869 32.1328 38.636 18.4752 137.316 86.2868 200.71 14.5096 2.80239 5.1398 23.7401 8.48779 50.2189 0.000000000227426 29.2344
-65.1929 16.7092 41.1371 2.49743 14.3563 10.4696 33.3812 44.8076 33.8931 20.5456 46.949 195.279 113.962 32.1328 38.636 18.4752 141.449 93.4524 200.465 13.8692 1.05859 5.1398 34.4553 7.27962 55.0069 0.000000000227426 30.3133
-66.8761 16.7092 41.1371 2.49743 16.446 10.4696 36.1078 45.0453 34.0367 22.9761 38.0272 189.06 113.962 32.1328 48.0723 18.4752 155.382 82.9076 200.465 13.8413 5.31359 2.18682 40.0474 10.3776 53.6766 0.00000000136848 31.4307
-67.0515 11.8809 45.0718 2.49743 16.724 10.4696 39.1504 51.2128 46.4333 22.5963 38.0272 189.06 113.962 34.0946 34.7545 18.4752 141.585 74.7797 179.53 19.1201 5.31359 11.3075 35.2249 12.6733 40.0903 0.00000000425302 36.8331
-67.0515 18.5383 43.4789 2.49743 14.7866 10.4696 39.1504 55.2209 2.49782 48.0508 41.4936 181.992 126.996 26.5915 34.7545 18.4752 145.747 55.2187 212.626 24.9854 5.86349 8.14778 29.932 14.22 54.8942 0.00000000129812 34.4755
-67.0515 13.821 43.4789 2.76095 14.9898 12.7566 38.1692 47.0498 12.5612 48.0508 41.4936 181.992 126.996 26.5915 34.7545 18.4752 145.747 55.2187 224.72 15.3875 4.07972 11.281 49.6989 14.22 65.2643 0.00000000129812 29.857
-66.1583 18.3478 49.4377 0.851823 15.134 12.7566 37.7479 39.203 7.85624 54.3067 41.4936 183.959 126.996 20.9517 21.7343 42.0559 140.817 55.2187 196.624 7.00159 31.0528 18.4462 43.6613 20.6886 102.171 0.00000000311858 37.1139
-65.7497 18.3478 49.4377 0.851823 15.2806 12.7566 29.6916 39.203 14.1595 54.3067 41.4936 192.378 126.996 24.7129 17.7272 42.0559 140.817 55.2187 196.624 1.98355 31.0528 11.5171 43.6613 16.0258 72.8984 0.0000000704119 38.2115
-66.4701 18.3478 50.4126 2.49034 17.322 9.49621 29.6916 45.8652 20.8785 47.7056 41.4936 202.613 111.845 25.9317 5.00725 67.6943 115.716 55.2187 221.44 1.98355 28.5534 11.5171 50.8384 24.6628 17.5121 0.00000000245691 38.4869
-66.4292 13.4677 44.2122 2.49034 17.6576 9.49621 40.4666 37.4786 20.8785 43.8838 49.4342 194.556 111.845 26.7451 22.8812 64.5218 109.066 50.8182 221.44 3.44662 29.0169 4.49128 6.01208 21.6503 17.5121 0.00000000117727 30.2062
-66.4292 13.4677 44.2122 3.3835 16.8987 20.862 33.8933 37.4786 21.2905 43.8838 35.6585 195.204 117.697 38.7265 25.6622 64.5218 107.606 50.8182 221.44 1.26558 16.219 4.77281 7.08782 28.2852 76.6861 0.00000000117727 32.2646
-64.9162 19.3144 33.5609 3.3835 16.3826 20.862 30.6662 37.4786 19.5988 48.0739 32.4371 212.343 124.194 19.5796 37.6561 56.2155 109.758 50.8182 216.146 1.26558 21.6213 4.25472 2.85269 104.272 0.433036 0.00000000395675 36.3267
-63.6831 18.2709 35.6639 7.75434 15.5375 20.862 34.6261 36.2477 21.4962 45.1117 32.4371 212.343 117.259 24.5892 27.0056 48.7189 113.802 50.8182 216.146 16.1034 14.1925 8.50096 5.29607 76.3992 35.09 0.00000000395675 35.3979
-62.9654 19.7555 31.6568 8.73525 16.2724 21.3455 35.4187 36.2477 21.988 43.2237 32.4371 212.343 117.259 24.3877 27.0056 52.0682 114.647 50.8182 216.146 2.74946 13.1287 16.2483 10.0571 34.7141 2.67048 0.0000000417698 38.4156
-63.5768 27.2976 18.1552 8.73525 16.1867 17.0665 39.8486 37.8438 22.0733 41.4682 32.4371 212.343 117.259 31.8257 27.0056 52.0229 114.647 68.0553 216.146 2.74946 1.42521 16.2483 11.3959 42.4943 2.67048 0.0000000482256 34.3312
-64.343 27.2976 19.2092 8.73525 15.5127 17.0665 41.5386 37.1374 21.8445 43.5572 45.4791 207.421 95.1336 28.1978 42.7435 52.3206 114.647 60.4908 216.146 3.67656 3.65866 1.21472 7.80994 26.4886 10.6824 0.0000000460003 32.6561
-64.6987 27.2976 16.1105 10.5495 15.8186 17.0665 46.5357 33.5974 21.6295 41.2488 53.1654 207.421 103.583 26.639 42.7435 52.8085 105.031 60.4908 216.146 17.4576 3.65866 2.01356 9.50652 26.4886 105.548 0.0000000452899 32.8488
-67.7595 27.2976 16.1105 10.5495 15.9319 17.0665 46.5357 33.5974 21.1901 41.4059 53.1654 207.421 103.583 26.639 42.7435 52.2441 105.031 60.4908 204.094 8.93752 3.68355 32.2273 39.0918 26.4886 18.3528 0.0000000470686 33.0738
-67.5251 27.2976 16.1105 10.5495 18.0447 17.2041 47.9546 33.5974 19.4327 37.3509 56.5695 207.421 100.839 26.639 33.8908 57.7328 105.031 60.4908 214.868 2.09769 3.09989 32.8651 39.0918 73.1598 25.7096 0.0000000472088 33.7673
-68.0115 14.034 16.1105 22.4696 18.6014 17.2041 42.1311 46.8247 8.51407 37.6361 51.7232 209.817 100.839 31.2395 45.9843 77.4978 64.1074 60.4908 223.988 2.26586 0.0547559 32.7701 34.374 115.939 32.6158 0.0000000477811 38.1845
-68.0115 14.034 16.1105 22.4203 18.6014 17.2041 42.1311 46.8247 8.51407 38.9896 51.7232 209.817 100.839 31.2395 45.9843 77.4978 64.1074 60.4908 223.988 2.26586 6.96105 32.7701 36.6615 115.939 32.6158 0.0000000508419 37.217
-68.0115 14.034 16.1689 22.4203 18.6014 17.2041 42.1311 47.031 8.51407 38.9896 51.7232 209.817 100.839 31.8004 51.0234 77.4978 57.2764 60.4908 223.988 2.26586 3.15915 32.7701 38.2997 115.939 47.6441 0.0000000484369 36.4126
-66.7933 8.70946 24.8287 22.4203 18.3432 17.2041 49.2791 46.6061 10.2294 29.7456 55.2612 211.383 96.4165 18.8876 51.0234 68.3896 95.0671 60.4908 223.988 5.49448 3.15915 23.6283 25.6977 173.291 47.6441 0.0000000472253 45.3153
-66.0941 4.89007 27.293 21.0631 20.1993 15.948 41.8989 48.9914 3.92551 39.9574 67.2101 211.383 81.7366 18.8876 32.6913 77.3095 96.1745 138.447 158.241 2.98993 9.36906 6.30476 17.3221 12.6817 37.0621 0.000000125599 35.4955
-66.1556 4.89007 27.293 21.0631 20.6097 18.3568 41.8989 48.6836 9.92483 44.0153 67.3358 211.383 84.9529 12.8105 32.6913 65.6994 96.1745 137.822 151.407 2.98993 9.36906 7.74002 16.0344 29.1809 38.9093 0.000000200908 34.9987
-65.023 7.43367 23.2142 20.4174 14.369 21.0707 41.8989 39.8953 14.4921 37.4632 47.9482 211.383 114.556 12.8105 32.6913 50.0308 115.543 140.225 151.407 2.98993 9.36906 1.40534 73.6927 37.4744 75.7121 0.000000292795 43.2543
-64.5926 8.42938 12.82 28.5576 15.0112 24.4083 35.3609 52.8551 16.1124 37.396 58.399 202.885 108.917 12.8105 25.5216 49.9911 120.169 137.773 149.103 10.8748 7.26163 8.00056 56.7386 49.5463 22.4732 0.000000258329 32.7399
-61.3268 8.34833 11.6264 28.5576 13.9782 27.9872 25.6443 52.318 21.291 37.396 55.8543 179.004 115.108 38.1837 25.5216 45.302 120.169 139.575 146.862 10.8381 10.5351 7.63133 35.5507 56.0049 43.7372 0.00000131369 39.4751
-61.477 7.27134 13.208 28.5576 11.8876 27.9872 24.3023 52.318 26.998 39.6308 54.552 179.004 115.108 38.1837 25.5216 45.302 114.377 131.999 151.274 10.8381 12.0352 7.63133 3.32951 56.0049 34.3699 0.000000963554 38.6248
-72.5943 6.64047 16.3382 29.621 11.8876 28.2487 24.3023 43.7563 24.5199 40.1783 59.1916 181.812 115.108 43.8728 25.5216 51.6847 118.673 131.999 146.686 11.7947 10.3547 5.66978 81.9177 54.7325 34.7036 0.00000284349 48.5057
-62.4046 6.25239 17.7525 29.621 17.1858 28.2487 24.3023 43.7563 23.4748 48.5544 59.3868 182.441 115.108 20.9403 25.5216 53.3952 118.673 131.332 149.325 15.0041 10.7783 1.58971 153.33 63.8604 37.3042 0.00000333079 44.3162
-62.4046 6.43492 17.7525 29.621 17.1858 28.2487 24.3023 40.8995 23.4748 47.8554 59.3868 176.703 115.108 20.9403 25.5216 52.1117 118.673 131.332 147.294 23.3529 11.495 1.58971 116.043 95.9712 35.3605 0.00000250694 43.0734
-69.5284 8.70306 17.7525 29.621 17.1858 28.2487 24.3023 40.8995 17.8154 47.8554 59.3868 178.975 117.002 26.8092 25.5216 52.0446 112.967 131.712 147.294 13.8439 13.6263 13.4383 116.043 9.55869 34.4824 0.00000179379 41.1215
-68.9653 9.86908 19.0407 19.4883 10.5792 33.49 23.8149 46.0835 20.8229 54.546 59.3245 194.32 95.5846 29.1602 25.5216 51.0654 120.881 127.816 148.101 20.197 7.81469 7.37389 117.738 38.5457 34.2687 0.000000722841 37.9327
-64.6768 10.2174 19.2161 19.4883 7.24013 32.9184 22.0803 45.6657 25.3 54.546 53.8333 200.981 100.237 29.1602 25.5216 51.1836 120.881 108.737 165.199 20.197 7.81469 1.4633 192.109 93.5116 35.138 0.000000877449 39.8811
-67.6118 9.70888 19.3895 19.4883 7.81555 35.434 21.0103 44.9156 16.788 56.5814 54.8167 200.981 102.652 29.1602 25.5216 51.8066 126.907 105.497 152.607 20.197 9.22771 15.6138 192.109 93.5116 35.2696 0.000000854713 40.3917
-65.5341 9.84046 21.8229 19.4883 9.61624 35.9812 22.4353 37.3031 13.4238 77.8907 23.9972 200.452 99.5178 33.7766 25.5216 52.6765 126.907 114.305 148.257 21.1681 5.84858 19.3704 68.8741 82.0679 28.9824 0.00000374749 40.7121
-64.7028 12.1838 20.7022 11.0775 9.61624 35.852 22.4353 39.425 19.0373 77.8907 61.2765 200.452 59.0105 41.0632 25.5216 52.6765 126.907 114.329 183.443 18.1529 1.58068 12.2383 76.2995 24.4994 64.3428 0.000000768303 46.8348
-66.1379 23.7524 23.9229 8.53831 8.75718 38.5 5.01273 47.2339 15.504 63.4801 60.909 208.6 58.1221 47.7777 25.5216 48.7381 123.899 106.267 177.687 16.3316 5.21202 12.2383 124.249 57.0398 35.2169 0.000000505129 37.6653
-66.4347 23.7524 22.889 9.64242 8.75718 38.5 5.01273 47.1108 13.8446 63.4801 60.909 214.366 63.3487 48.6217 25.5216 41.4774 123.899 107.397 166.125 17.4367 3.69186 9.95706 99.2784 40.283 33.5216 0.000000755244 37.7058
-65.8678 28.9276 12.5029 9.64242 10.2391 43.0358 5.01273 57.8333 18.4018 58.6816 42.0927 219.61 71.8183 52.7635 21.9795 30.8912 131.3 109.239 168.679 20.0386 3.48784 6.78476 166.345 50.0633 20.2981 0.000000521624 41.5524
-63.9288 28.7996 12.5029 8.32035 7.03873 46.6119 5.01273 51.2982 18.4018 63.1358 42.0927 221.721 71.8183 52.7635 21.9795 30.8912 131.3 98.8719 170.089 2.21649 16.4485 6.14859 130.288 28.8887 9.69744 0.00000117152 42.11
-63.7854 28.9573 12.5029 8.32035 7.03873 46.6119 5.01273 51.2982 26.3262 55.2763 42.0927 221.721 71.1232 52.7635 27.1293 27.7189 135.322 98.8993 182.62 2.44263 11.9958 8.36336 115.959 24.4866 31.0009 0.000000608712 39.928
-63.7854 17.3565 15.1185 3.63204 7.03873 46.6119 16.1796 51.2982 26.4554 47.0731 42.0927 221.721 71.1232 52.7635 27.1293 29.4844 135.322 98.2209 182.62 1.03155 17.544 8.36336 64.9688 22.1416 33.5842 0.000000594321 36.8498
-67.445 17.3565 15.1185 3.61932 7.03873 46.6119 16.1796 51.2982 48.96 47.0731 39.0788 205.147 71.1232 52.7635 27.1293 35.6961 135.322 99.0277 176.846 10.5949 7.85298 0.903687 36.98 16.062 37.7277 0.00000172812 36.6225
-65.8232 17.3565 15.1185 3.61932 7.03873 46.6119 16.3041 51.2982 48.96 47.0731 39.0788 205.147 71.1232 52.7635 27.1293 31.5533 135.322 96.679 172.734 5.00642 6.62643 0.903687 33.0716 27.995 33.9322 0.00000172812 36.3215
-65.8232 19.2473 15.1185 3.61932 7.03873 46.6119 16.3041 51.2982 48.96 44.9223 39.0788 205.147 71.1232 52.7635 27.1293 34.1209 135.322 95.7979 171.391 7.10136 19.3052 13.2868 20.4262 16.1989 61.4689 0.00000138393 35.0521
-66.6138 19.2473 15.1185 3.38908 7.03873 46.6119 16.3041 50.2508 49.5422 44.9223 45.5672 202.627 57.435 52.7635 38.4565 34.1209 135.322 97.5713 164.857 7.46741 24.1668 13.2868 41.1508 37.8389 64.1469 0.00000139013 37.0416
-67.1454 19.0586 17.6261 0.791347 7.03873 46.6119 16.3041 50.2508 47.3727 48.8813 45.5672 209.341 57.435 51.1854 38.4565 27.5701 135.322 100.012 164.857 7.39415 12.3851 13.2868 33.2155 37.8389 74.9484 0.00000124088 36.6427
-66.059 19.0586 19.4477 0.791347 7.03873 46.6119 16.3041 50.2508 47.3727 48.8813 43.5967 209.341 57.0785 51.1854 38.4565 26.0191 135.322 100.012 163.642 7.26204 16.8646 13.2868 36.8487 46.4858 62.1612 0.00000227041 39.3357
-66.7697 17.9339 16.7038 9.60317 7.03873 43.0018 16.3041 50.2508 29.7661 43.8245 44.9789 154.394 165.155 10.2567 53.691 23.3379 135.322 108.198 161.182 7.27049 9.40614 11.9926 39.119 3.33705 63.2514 0.00000433517 36.1356
-65.0776 17.9339 11.957 11.7036 7.03873 43.0018 16.3041 50.2508 29.7661 44.0469 43.82 154.318 165.926 9.45854 53.691 22.1168 134.157 118.959 157.058 7.49874 10.3932 2.23929 30.6606 5.90221 13.0085 0.00000685947 38.7726
-67.2447 10.0364 13.9981 17.2233 7.03873 46.9876 16.3041 51.6211 32.0821 28.7196 69.6225 154.239 158.322 16.423 53.691 4.84683 140.62 118.959 153.081 11.4373 7.67264 3.15147 4.64881 60.7709 17.6678 0.000000475638 37.345
-65.4552 8.99805 13.9981 17.2233 7.03873 46.9876 16.3041 60.2778 31.0644 28.7196 66.0942 157.055 146.907 16.4683 61.5565 4.30492 140.62 118.959 149.261 4.73444 7.97892 1.79299 51.5463 25.433 58.4482 0.000000296198 36.1607
-63.4276 15.5137 11.1251 14.9574 10.3829 42.5138 16.3041 60.2778 30.2217 28.7196 62.185 157.055 146.907 23.5776 47.6228 4.30492 140.62 118.959 149.034 3.75418 30.4932 8.13869 96.6821 34.9537 26.6303 0.000000314563 38.4839
-63.4276 15.3215 11.1251 14.9574 10.3829 42.5138 16.3041 60.2778 27.8158 28.7196 62.185 168.21 140.724 28.3999 47.6228 4.30492 140.62 119.068 140.372 7.45444 30.4932 6.43226 96.6821 19.3987 19.6835 0.000000271927 38.3473
-65.5088 15.3215 8.70496 14.9574 10.3829 42.5138 16.3041 60.2778 27.8158 37.8821 63.2359 168.21 132.778 21.035 53.0274 4.30492 154.23 119.861 127.145 6.08459 26.4931 3.65746 20.4217 69.6534 31.041 0.00000019065 39.0284
-67.0474 14.1353 23.8546 11.6664 10.3829 29.3816 17.0499 49.4748 32.4029 40.2587 60.7207 168.21 132.778 15.8086 53.0274 4.30492 171.606 119.861 125.255 3.06398 29.7319 5.61409 18.7081 90.1475 33.9244 0.0000000847734 37.1187
-65.0742 14.6165 24.1438 10.3195 10.3829 29.3816 17.0499 55.7232 32.4029 40.2587 59.1044 158.061 132.778 15.8353 53.0274 4.30492 166.119 119.861 137.392 3.33109 30.4256 7.2671 43.2824 18.5225 39.8218 0.0000000847734 34.4173
-67.2909 13.874 24.1438 9.60246 10.3829 29.3816 17.0499 58.9593 32.4029 39.725 59.1044 158.061 132.778 15.8649 53.0274 4.30492 166.119 119.861 137.392 4.80492 30.4256 7.55161 9.40169 8.28109 39.8218 0.0000000847734 34.9453
-66.5877 12.8868 24.1438 9.60246 10.3829 29.3816 17.0499 58.9593 32.4029 36.928 58.9328 158.061 134.782 16.3721 53.0274 4.30492 166.119 119.861 137.392 7.35114 29.2806 7.55161 10.6633 8.28109 47.5726 0.0000000715107 34.0106
-66.5877 12.8868 24.1438 9.60246 10.3829 29.3816 17.0499 58.9593 32.4029 36.928 58.9328 158.061 134.782 16.3721 53.0274 4.30492 166.119 119.676 137.392 7.35114 29.2806 7.55161 10.6633 8.28109 50.0883 0.000000063719 33.8955
-65.5662 13.1428 18.0236 6.82932 16.1196 36.8267 17.0499 58.7569 25.4307 40.8671 58.9328 159.069 131.239 14.0186 53.0274 4.30492 166.119 130.272 129.913 2.16971 26.1098 8.82628 10.6633 26.7468 177.375 0.0000000958969 35.7081
-65.5349 11.6331 19.0075 7.59795 16.1196 36.8267 20.5954 56.6784 24.2371 40.8671 58.9328 156.468 131.952 14.2217 53.0274 4.30492 166.119 129.978 133.157 2.16971 26.1098 11.0186 4.80418 12.839 93.0579 0.0000000769476 34.637
-65.5247 10.5127 27.5994 6.47503 19.8925 36.8267 20.5954 47.714 24.2371 40.8671 58.1011 156.468 130.904 15.9529 54.2019 4.30492 166.119 129.978 133.157 0.937288 25.2799 11.5518 1.24378 74.9429 66.5347 0.0000000212772 35.5517
-66.7714 10.8225 27.5994 6.47503 19.8925 41.596 17.3941 47.714 24.2371 32.2722 51.3498 156.468 151.743 17.6505 62.757 4.30492 151.435 127.7 128.255 3.22555 27.2601 8.89316 47.7963 123.546 16.1794 0.0000000108551 35.7714
-66.9143 9.59442 23.6073 9.0998 19.8925 41.596 17.3941 47.714 21.4848 32.2722 51.3498 156.842 152.049 17.6505 62.757 4.30492 151.435 127.509 135.124 3.0219 32.8267 5.43851 22.6977 76.7033 13.5714 0.0000000173953 33.8619
-65.8515 7.38965 23.6073 9.0998 19.8925 48.8655 17.3941 47.714 24.8652 32.2722 51.3498 155.064 153.608 17.6505 62.757 4.30492 144.304 127.509 135.124 2.95381 32.8267 0.773533 15.5104 64.8824 66.2186 0.0000000116947 37.5308
-66.2436 4.74768 23.6073 7.6679 19.8925 46.2972 17.3941 51.2871 19.5008 32.2722 51.3498 152.573 153.608 17.6505 49.9486 31.6033 144.304 127.528 128.537 2.558 32.8267 5.34484 40.8682 2.42904 39.6044 0.0000000386436 36.3197
-66.295 4.74768 23.6073 6.69045 19.8925 46.2972 17.3941 51.2871 19.5008 32.2722 52.1863 152.573 153.608 21.0217 49.9486 29.0951 144.304 127.136 128.537 1.13496 34.7285 5.34484 40.8682 5.32238 44.9525 0.0000000589422 36.9504
-64.4427 0.550884 27.5002 8.6351 19.8925 46.2972 17.3941 51.2871 17.2721 32.2722 49.5718 152.573 153.608 21.0217 49.9486 29.0951 144.304 128.729 129.093 2.66151 34.7285 6.23759 28.5016 6.89883 52.2172 0.0000000273178 35.1681
-65.0292 3.43773 29.7068 8.73962 19.8925 42.1264 17.3941 51.2871 16.8687 33.6687 49.5718 167.776 156.898 16.785 49.9486 14.0225 144.304 129.504 109.147 1.5731 37.4418 11.3548 42.961 9.6936 34.9691 0.0000000604103 39.5238
-65.0628 5.2124 19.9984 9.03401 11.706 42.1264 17.3941 51.2871 19.6377 53.2246 42.8472 158.916 156.898 21.2552 49.9486 2.77283 153.05 129.552 135.203 10.3513 19.8435 12.5505 19.6719 25.3941 38.6609 0.0000000387267 33.5962
-64.5973 15.6392 19.9984 4.58016 11.706 42.1264 17.3941 51.2871 21.4149 53.2246 38.7092 148.227 156.898 30.5251 49.9486 2.77283 153.05 126.588 127.516 14.5868 0.0793252 14.5994 19.6248 21.1404 8.11757 0.0000000387267 35.2773
-62.7678 15.6392 19.9984 2.06135 13.8786 42.9033 41.6437 51.2871 21.0344 41.5772 29.2005 134.393 156.898 46.029 37.6912 2.77283 164.62 111.719 154.831 13.7495 2.48845 14.5994 56.4375 50.5309 27.0272 0.0000000387267 36.6317
-62.7678 15.7006 19.9984 2.06135 13.8786 42.9033 41.6437 51.2871 22.3162 41.1368 29.2005 134.393 156.898 46.029 36.1367 2.77283 164.62 111.719 154.831 13.7104 2.48845 14.5994 52.2949 80.7213 33.6471 0.0000000117529 35.4639
-64.4219 15.6914 18.6119 2.06135 13.8786 42.9033 40.0063 51.2871 22.3162 41.1368 29.2005 134.393 156.898 46.029 30.9075 2.77283 164.62 111.719 166.125 16.0695 2.48845 14.5994 56.5237 82.0685 51.4936 0.0000000388512 36.69
-64.4581 16.4032 18.6119 2.06135 13.8786 42.9033 40.0063 51.2871 22.6385 41.1368 41.7678 125.949 156.898 46.029 30.9075 2.77283 164.62 111.719 166.125 14.9788 2.48845 14.5994 70.9306 133.72 49.0568 0.0000000388512 38.2932
-64.4836 16.3408 18.6119 2.06135 13.8786 42.9033 40.0063 51.2871 21.9474 41.1368 41.7678 125.949 156.898 46.029 30.9075 2.77283 164.62 110.524 155.602 2.20292 16.5189 19.3482 46.6006 64.9496 70.0566 0.0000000388512 35.5819
-64.4041 17.1847 18.6119 2.06135 13.8786 42.9033 40.0063 53.6195 23.6112 41.1368 41.7678 125.949 145.575 46.029 30.9075 2.77283 164.62 115.566 155.602 2.20292 21.7078 16.677 62.1659 74.9103 105.022 0.0000000388512 38.1931
-67.7229 17.1847 18.6119 2.06135 13.8786 42.9033 40.0063 53.6195 23.4034 41.1368 41.7678 125.949 145.575 46.029 31.7248 2.77283 164.62 115.566 155.602 2.74854 21.7078 16.677 90.228 6.67444 97.4958 0.000000012225 35.6264
-64.431 17.1847 18.6119 2.06135 13.8786 42.9033 40.0063 53.6195 23.5905 37.2477 38.2478 125.949 141.129 55.332 31.7248 2.77283 164.62 118.676 151.735 2.38434 22.9403 10.1704 78.4683 33.2634 109.109 0.000000445486 40.9093
-64.1315 17.462 19.2267 5.72533 6.81989 42.9033 34.6679 41.0956 24.882 40.1977 44.0072 125.949 152.228 51.6081 31.7248 17.9516 164.62 97.6109 183.339 7.31347 20.2181 8.76135 128.018 34.1173 111.169 0.000000436258 44.9476
-67.2753 22.5236 24.6972 5.72533 13.5961 35.4817 34.6679 41.0956 20.8507 44.4026 40.5913 128.531 134.711 51.6081 37.0289 67.0249 110.012 97.6109 183.339 5.59741 11.9739 13.377 93.0617 26.5211 111.169 0.000000330214 41.1515
-65.1952 22.5236 24.6972 5.54946 15.074 35.4817 34.6679 45.3206 20.8507 51.7741 13.3847 123.733 157.989 54.0481 37.0289 60.0314 110.012 103.037 183.339 4.93056 5.48337 10.9344 93.0617 26.5211 173.117 0.000000500805 39.0578
-65.3143 22.5236 24.6972 6.20052 15.8735 13.6916 34.6679 61.2517 20.4971 46.7054 13.3847 123.733 157.989 71.6818 32.8428 60.0314 110.012 100.606 183.339 3.41488 5.48337 13.4635 148.314 44.9162 173.117 0.000000500805 43.1062
-67.5442 16.0527 25.8801 11.7876 16.3471 18.7658 34.6679 61.2517 21.9674 46.7054 20.3949 50.3171 225.039 67.4775 32.8428 48.7704 110.012 100.606 183.135 4.82478 12.8664 12.8602 66.7196 134.16 104.337 0.00000269193 41.2653
-66.7301 16.0527 25.8801 11.7876 16.3471 16.3116 34.6679 53.814 22.4593 49.6812 20.3949 50.3171 225.039 67.4775 39.9445 48.7704 110.012 100.606 183.135 4.71695 12.8664 17.3116 79.3446 92.1114 104.337 0.00000145039 41.3473
-66.9677 11.9169 27.219 14.8091 16.3471 16.2516 34.6679 38.576 24.5537 53.5794 32.4032 50.3171 225.039 67.4775 39.9445 48.7704 110.012 99.8131 172.339 11.7613 13.4336 20.2282 46.3809 103.632 82.3626 0.0000036314 39.087
-66.9677 11.9169 27.219 14.8091 15.5411 16.2516 34.6679 38.576 28.2577 42.9261 32.4032 50.3171 225.039 71.7416 46.199 48.7704 110.012 96.0254 172.339 11.7613 14.1256 22.3182 23.0869 110.781 42.5828 0.00000738684 40.8223
-64.8454 12.4795 18.4002 23.9289 15.6549 16.2516 29.2918 38.576 28.2577 47.8781 25.0053 50.3171 243.816 71.206 47.9884 24.081 115.053 97.1166 166.48 7.74332 28.0883 18.0067 23.0869 85.6958 85.4418 0.00000392453 44.109
-66.4116 16.4923 21.5955 24.3197 15.6549 20.1711 29.2918 38.576 17.356 49.4042 25.0053 50.0684 243.816 73.8326 59.0196 22.6702 118.565 82.3995 161.06 7.74332 22.7136 10.8246 37.4534 64.3518 41.5806 0.00000479315 46.0925
-67.3964 15.7971 22.8074 24.3197 15.6549 19.8174 29.2918 38.927 17.356 49.4042 17.5036 50.0684 243.816 72.8253 59.0196 34.897 93.7719 121.284 158.649 17.0622 11.7394 12.1628 60.2578 70.3549 59.3216 0.00000602427 40.1168
-67.3964 15.7971 22.8074 24.3197 15.6549 19.8174 29.2918 38.927 17.356 49.4042 17.5036 50.0684 243.816 72.8253 59.0196 34.897 93.7719 115.765 171.192 10.2229 5.74282 12.1628 47.4661 70.3549 45.56 0.0000131942 39.7255
-66.3924 17.7716 25.0233 11.2103 11.8453 17.932 31.2847 45.8521 27.817 35.5122 12.782 50.0684 243.816 83.6034 64.4863 41.7716 82.8327 121.87 165.524 15.2699 5.54076 12.3563 32.6721 70.3549 97.8016 0.0000177921 43.6884
-68.523 20.7471 22.7279 9.21341 11.8453 25.5137 31.2847 45.8521 30.2376 35.5122 5.7387 50.0684 243.816 83.6034 64.4863 41.7716 82.8327 115.853 169.435 15.2699 2.4459 21.6732 73.9543 68.8189 37.9671 0.0000177921 43.2585
-64.8012 20.7471 22.7279 8.19342 13.0286 25.5137 29.3363 46.1838 26.2404 35.5122 5.7387 50.0684 243.816 83.6034 72.8631 41.7716 82.8327 141.173 130.574 15.2699 2.4459 21.8055 51.9867 66.2765 37.9671 0.000010469 38.2982
-62.6607 14.772 22.7279 8.19342 13.6439 25.5137 29.3363 51.7185 27.5439 35.5122 7.80308 50.0684 243.816 83.6034 70.1594 41.7716 82.3895 141.173 131.712 15.2699 2.4459 21.8055 47.542 28.1179 72.9458 0.00000356732 40.1047
-62.6607 15.7752 22.945 8.19342 13.6439 25.5137 29.3363 51.7185 27.5439 35.5122 7.80308 50.0684 243.816 83.6034 61.4121 41.7716 92.151 137.965 126.796 15.2343 9.11882 19.3679 47.542 63.751 49.7887 0.00000188135 40.1839
-65.0873 15.7752 22.945 8.19342 13.6439 25.5137 29.3363 51.7185 27.5439 35.5122 7.80308 50.0684 243.816 83.6034 61.4121 41.7716 92.151 140.54 126.796 21.3531 9.11882 12.5582 38.4581 63.751 49.7887 0.00000188135 35.5766
-62.4754 16.3445 20.1234 9.69795 16.5254 23.7789 28.3864 51.7185 27.5439 35.5122 7.80308 50.0684 243.816 83.6034 72.6175 41.7716 78.7657 143.441 126.796 21.076 9.11882 10.7892 41.4342 30.6363 15.4313 0.00000188135 37.5663
-64.3726 16.4798 20.5298 8.54989 16.5254 23.7789 28.3864 51.7185 27.5439 35.5122 7.80308 50.0684 248.779 82.4458 72.6175 41.7716 78.7657 143.441 125.935 21.076 3.46489 23.0587 24.9587 30.6363 1.1334 0.00000188135 37.8827
-68.3211 16.4798 20.5298 8.54989 16.5254 23.7789 28.3864 51.7185 27.5439 35.5122 7.80308 50.0684 248.779 82.4458 72.6175 41.7716 78.7657 143.441 125.677 21.076 3.36429 23.0587 24.9587 28.9254 1.1334 0.00000188135 38.018
-68.3211 16.4549 22.631 8.54989 16.9949 23.7789 28.3864 48.4548 27.5439 35.5122 7.80308 50.0684 248.779 82.4458 73.4032 41.7716 78.7657 143.441 125.677 21.076 3.36429 23.0587 24.9587 28.9254 1.1334 0.00000188135 37.3946
-68.3211 17.238 22.631 8.54989 16.9949 23.7789 28.3864 48.4548 27.5439 37.985 4.22035 86.9886 196.991 82.4458 73.4032 41.7716 78.7657 143.441 143.368 23.8071 3.36429 17.6504 24.9587 32.7708 25.2265 0.00000627183 42.6771
-68.3211 17.238 22.631 5.76626 17.0129 27.0367 28.3864 48.4548 29.4996 37.985 4.22035 86.9886 196.991 82.4458 73.4032 55.5355 78.7657 132.286 143.368 12.0157 3.36429 17.6504 13.1527 32.7708 36.847 0.00000508054 37.3379
-64.4688 17.238 19.3974 9.79752 16.7545 26.0471 28.3864 48.4548 24.6497 41.8215 16.7242 77.993 190.027 90.2322 74.3339 60.8455 78.7657 132.286 134.036 12.0157 6.01848 13.7978 50.674 44.3641 16.5094 0.00000606085 35.3445
-65.0335 16.1417 16.9292 10.3099 17.0531 26.0471 28.3864 51.5762 24.6497 41.8215 9.93603 77.993 190.027 102.537 74.0398 57.7641 77.1246 132.286 136.805 14.976 6.01848 16.7433 94.1685 22.6098 16.4454 0.000000444249 34.8714
-68.3284 16.1417 16.9292 10.5136 16.0684 25.9936 28.3864 58.9537 24.0118 35.5778 9.93603 78.2786 190.027 102.537 57.3102 61.5805 79.3879 132.494 136.805 16.2788 6.01848 18.4937 94.1685 20.4685 12.6019 0.000000444249 36.4884
-68.3284 17.3754 16.9292 8.04321 12.6982 26.3101 28.3864 58.9537 23.8969 35.5778 9.93603 78.2786 190.027 102.537 57.3102 63.4258 80.1588 132.494 136.805 16.2788 6.01848 16.9254 103.259 20.7388 19.4126 0.000000444249 38.4128
-64.8679 25.5583 23.2748 8.77446 10.7249 20.2066 28.3864 58.9537 23.8969 35.5778 14.5115 76.3241 190.027 97.7267 57.3102 62.2602 80.1588 127.489 136.805 17.5022 6.01848 20.3956 175.174 20.7388 16.1541 0.000000444249 40.8626
-64.2165 26.8427 23.2748 5.41257 10.7249 18.3889 28.3864 60.2681 20.6887 35.5778 24.9488 76.3241 190.027 97.7267 57.3102 62.6273 77.9062 127.489 136.805 17.5022 6.01848 17.7791 190.153 78.1196 14.0737 0.000000444249 37.9419
-64.2165 26.8427 22.0355 5.11936 15.3047 18.3889 28.3864 60.2681 21.4355 35.5778 24.9488 69.1436 188.524 97.7267 57.3102 62.6273 77.9062 130.316 136.805 17.5703 6.01848 17.7791 192.935 55.1544 58.3799 0.000000444249 39.7934
-66.3476 24.4445 21.3717 5.11936 15.3047 20.0317 28.3864 64.5212 14.1657 35.5778 24.9488 69.1436 188.524 97.7267 58.5389 62.6273 77.9062 135.14 136.805 18.6524 11.9009 13.6795 99.3684 16.2151 60.1015 0.000000444249 34.8302
-67.2133 23.3302 21.3717 5.11936 15.0336 20.0317 28.3864 64.5212 14.1657 35.5778 24.9488 69.1436 188.524 97.7267 58.5389 62.6273 77.9062 135.14 138.093 18.6524 11.9009 13.6795 83.6595 9.82165 41.5038 0.000000444249 35.5477
-68.4818 31.4485 12.1394 5.11936 17.0007 20.0317 28.3864 64.1292 14.1657 37.1823 24.9488 69.1436 189.853 97.7267 58.5389 62.6273 77.9062 135.14 138.093 18.6524 11.9009 11.4531 13.9849 15.636 5.48984 0.000000444249 35.2291
-68.4818 31.5134 16.2182 5.11936 17.0007 20.0317 28.3864 64.1292 14.1657 33.7855 24.9488 69.1436 189.853 97.7267 56.2986 64.5753 77.9062 124.919 138.093 19.8537 11.9009 11.8229 13.9849 0.677596 5.48984 0.00000565489 39.5524
-66.155 3.00902 39.2839 8.06909 17.8465 20.6443 28.3864 64.1292 15.397 30.6032 25.3326 69.1436 189.853 97.7267 56.2986 64.5753 77.9062 128.063 138.093 19.8537 13.961 19.8127 13.9849 4.80668 31.6999 0.0000059343 38.7645
-64.7709 3.00902 39.9821 8.68922 15.3682 20.6443 28.3864 64.1292 14.4443 30.6032 28.224 69.1436 189.853 97.7267 43.1314 91.2133 64.7658 117.909 127.731 19.8537 14.7588 19.6765 27.4983 40.2842 24.3884 0.00000133981 40.5679
-66.0295 3.00902 39.9821 12.1521 17.6832 20.6443 19.454 64.1292 16.3551 31.19 39.1735 99.0362 198.225 57.2944 48.0615 91.2133 64.7658 142.016 97.5921 19.8537 24.6697 18.5114 60.1046 14.1654 29.1124 0.000000516403 39.131
-66.6411 3.00902 36.9461 12.1521 16.8715 20.2644 19.454 66.6371 16.3551 36.6447 36.6117 99.0362 198.225 58.9072 46.5713 91.2133 60.0835 142.016 97.5921 29.7144 11.7883 24.9418 71.5709 21.0404 11.4553 0.00000435204 41.2213
-67.0996 3.00902 36.9461 12.0169 16.8715 21.1916 19.454 66.6371 33.6929 40.9014 25.3904 99.0362 198.225 36.2749 46.5713 95.4929 60.0835 142.016 97.5921 42.1869 14.0476 20.5394 64.7896 21.0574 33.1038 0.00000191894 40.9765
-65.984 3.00902 30.5937 17.1137 18.5589 21.2246 20.4139 66.6371 33.6929 40.9014 37.4652 87.5559 203.942 36.2749 46.5713 98.2169 60.0835 128.971 97.5921 30.9921 19.6601 12.4799 73.1714 20.5542 33.1038 0.00000107631 40.5341
-66.2011 3.00902 28.7769 17.1137 18.7051 21.3985 20.4139 66.6371 33.6929 40.9014 37.4652 87.5559 203.942 36.2749 41.1364 91.3315 57.1667 187.137 81.2911 19.5871 17.3135 10.4382 73.0155 33.6369 22.4167 0.000000541957 35.8164
-65.6429 3.00902 28.4594 17.1137 18.7051 20.3059 5.75271 66.6371 35.3008 40.9014 37.4652 87.5559 203.942 48.5054 55.6504 97.0861 57.1667 179.009 81.2911 19.5871 10.5203 13.0599 42.1854 21.8919 26.1721 0.000000698372 35.1467
-65.6033 5.85351 25.5879 17.1137 19.7401 20.4843 15.8993 46.3435 33.0705 47.9753 58.9444 87.5559 203.942 48.5054 34.5645 94.7346 43.7426 207.015 77.0817 6.11585 8.56658 2.1737 34.1021 17.48 27.1672 0.00000221425 40.2399
-65.511 2.94705 26.0508 24.0398 25.9301 19.2565 15.8993 35.5773 48.3753 21.275 46.4813 87.5559 196.497 50.661 35.5554 101.306 73.9543 207.015 83.4149 10.3684 4.47344 2.70793 27.9347 99.1978 27.1672 0.0000103479 42.7784
-65.511 2.94705 25.5493 24.0398 22.9838 26.7989 14.9743 35.5773 51.2705 20.792 46.4813 87.5559 196.497 50.661 30.8542 104.227 73.9543 192.599 83.4149 21.7631 5.00743 1.82821 24.2676 48.5646 27.1672 0.0000206073 40.3962
-65.3593 0.130933 27.7148 24.0398 19.652 26.7989 19.5474 50.8602 42.0838 16.5887 46.4813 87.5559 196.497 50.2733 25.1942 100.247 75.637 192.599 83.4149 21.7631 3.05416 6.67229 29.3642 38.5029 17.5406 0.000113662 44.8263
-65.6941 0.130933 20.7568 24.0398 19.652 19.8543 19.1413 48.3368 46.1244 21.5855 35.4498 87.5559 203.704 49.8927 53.1189 95.7271 75.3834 188.533 92.4968 8.41853 2.12829 6.25405 17.1334 69.2116 12.5333 0.000113662 44.6964
-66.9792 0.130933 20.3447 24.0398 21.0429 20.8606 19.1413 46.6819 46.1244 35.3947 31.2848 87.5559 203.704 49.0077 53.1189 98.343 48.5199 188.533 92.4968 5.63756 6.19139 6.25405 9.22028 83.5027 16.8664 0.000113662 44.4014
-68.8544 11.3274 20.3447 24.457 21.0429 20.8606 19.1413 47.9875 46.1244 35.0224 24.4088 87.5559 203.704 47.3001 52.139 98.343 50.3088 188.533 92.4968 2.21495 3.18754 5.45996 53.3812 69.8726 28.8806 0.0000493209 44.4672
-66.2422 11.3274 24.3933 15.5709 19.8035 17.8963 14.5229 48.3679 40.7586 35.0224 26.3156 108.457 203.704 46.3514 51.5075 99.2512 57.2558 150.907 117.28 2.09592 14.2835 5.58165 42.2675 56.8692 27.4338 0.0000431393 38.509
-66.4572 11.2484 31.7582 15.5709 19.8035 19.0328 16.0358 43.3842 40.7586 35.0224 21.7088 108.457 203.704 49.3768 51.5075 99.2512 54.7285 119.646 141.014 2.44789 20.8325 5.54457 55.6542 88.5125 13.0779 0.0000223708 40.5172
-66.373 11.9738 36.6596 16.8648 27.1514 3.76226 14.485 46.8557 40.7586 28.7762 27.9649 96.6059 203.704 49.7152 10.3185 166.066 36.2149 148.316 122.395 2.07466 28.1016 5.47364 27.2373 48.6122 4.37786 0.00000973684 38.5307
-67.558 11.9738 36.6596 17.67 27.1514 3.74131 14.485 46.9756 40.7586 28.7762 27.9649 96.6059 203.704 49.6868 10.7829 166.066 30.9692 125.124 142.52 2.18702 28.1016 5.49205 21.1965 79.498 4.49314 0.00000473939 39.1662
-66.5156 13.0129 37.391 19.2264 21.4561 5.40419 14.485 46.9756 41.5811 32.0667 27.9649 98.6086 203.704 50.1942 19.2672 159.98 32.2906 125.124 129.181 2.24276 31.0259 5.50911 35.3896 105.113 40.5317 0.00000325611 39.7256
-67.3763 11.5685 37.0183 20.1091 21.4561 5.40419 10.9197 42.6137 41.637 36.0166 27.9649 98.6086 203.704 48.7826 16.1521 161.674 35.4027 135.002 129.181 5.39901 21.756 5.18617 80.327 80.5151 41.1546 0.00000129162 39.2202
-67.704 8.6589 38.9067 27.2356 20.2565 4.4535 15.2525 49.1201 33.7328 36.0166 27.9649 80.8159 203.704 56.5734 1.39405 154.526 45.7153 137.719 134.899 17.9004 13.8063 8.56981 36.7621 10.4787 37.1433 0.000000261312 41.6536
-65.706 0.135295 39.2333 37.6729 15.9168 5.69852 15.2525 54.6587 33.4852 23.6778 27.9649 80.8159 218.616 56.5734 1.39405 152.772 54.6946 137.719 134.899 13.6607 3.50562 7.87619 18.3686 14.0368 70.5807 0.000000145347 37.7651
-65.0792 0.135295 39.9673 37.6729 17.2105 3.38558 14.7183 54.6587 33.4348 17.2617 27.9649 80.8159 218.616 65.6025 1.39405 152.772 48.8759 144.48 134.899 1.57369 3.50562 11.8405 20.7234 56.7939 81.0746 0.000000127799 41.0079
-64.9778 0.135295 39.9658 21.1553 14.8999 4.89225 21.5016 54.6587 37.4225 22.9896 27.9649 80.8159 218.616 73.4158 37.4496 104.957 58.5569 140.912 134.899 8.6682 7.48831 16.0926 61.891 48.3856 73.3837 0.000000127799 37.2199
-65.0214 2.62563 39.1323 24.4549 14.8999 4.89225 21.5016 54.6587 34.9486 22.9896 27.9649 36.5959 218.616 103.805 42.4951 109.668 56.894 120.771 134.899 7.81715 18.2587 20.8531 65.0851 2.67686 77.8539 0.000000127799 36.6108
-64.5846 2.62563 38.6107 20.1911 14.8999 6.41989 48.2837 59.6347 32.4558 20.7467 27.9649 50.9374 175.358 125.022 44.8991 104.19 45.3086 120.771 134.899 2.4448 18.5218 25.9633 72.8677 24.8915 75.733 0.000000127799 40.1603
-65.2852 2.62563 37.6755 20.1911 14.8999 9.19232 48.2837 59.6347 30.1048 20.7467 35.8558 50.9374 166.555 123.868 44.8991 104.19 45.3086 120.771 134.899 7.96496 22.0132 21.6094 72.8677 7.76596 57.4457 0.000000532485 38.8802
-65.0954 7.89459 32.0762 19.8103 14.8999 11.0554 50.041 35.3097 30.448 18.1132 35.8558 50.6807 159.946 129.233 53.6199 114.006 45.3086 130.094 134.899 8.28515 16.7293 14.0179 131.4 11.7137 93.0965 0.000000436119 39.8799
-64.2562 8.18557 32.0762 17.9166 25.8908 13.9103 50.6128 22.2832 30.0634 29.9842 35.8558 63.8004 153.686 129.233 59.5748 114.006 27.2394 139.661 138.94 2.97152 8.51635 14.0179 60.3679 36.2872 74.6634 0.000000200082 35.8528
-66.8989 14.4428 32.0762 12.0381 25.8908 16.2876 50.6128 21.6836 28.6724 30.9071 28.522 64.5748 147.443 129.573 67.6168 113.483 27.2394 139.661 131.418 5.42734 9.17407 18.011 48.5223 48.158 149.68 0.0000000905148 39.4236
-66.8989 16.536 30.8905 7.11146 25.8908 16.2876 53.3874 21.6836 28.6724 30.9071 28.522 64.5748 147.443 129.573 67.6168 113.483 27.2394 139.661 131.32 12.9772 14.7406 11.1972 46.022 45.0847 131.599 0.000000257892 35.2148
-67.2706 16.536 20.7412 3.92153 25.8908 16.4881 59.2247 19.1504 28.199 30.9071 16.9272 84.3041 147.443 129.573 95.7329 103.22 28.479 136.109 131.32 12.1509 6.99755 5.10138 43.6974 19.1274 131.599 0.000000273365 39.5711
-66.6076 8.05247 20.7412 16.2375 25.8908 16.1774 59.2247 21.5885 41.443 32.2903 23.1376 80.8619 124.462 129.573 85.0182 103.22 28.479 135.586 132.899 11.18 10.4581 13.2135 38.2821 10.0769 103.029 0.000000186228 36.5258
-65.8318 8.22382 22.0984 16.2375 25.8908 14.7633 59.2247 27.5065 42.7634 28.8516 23.1376 80.8619 124.462 129.573 106.433 84.224 28.479 140.303 112.762 9.40212 10.4581 13.6826 50.1739 5.72308 103.029 0.000000366776 35.9976
-65.7515 8.74808 23.4923 15.0737 25.8908 12.2386 61.54 25.9488 27.5034 31.5502 23.1376 80.8619 132.248 129.573 106.433 82.7451 31.0754 156.924 112.762 9.97634 10.4319 11.2717 17.8154 12.8732 129.275 0.000000423099 33.4933
-66.5619 7.26247 23.4923 15.4261 25.8908 16.6154 54.7281 22.4136 27.5034 31.5502 30.97 80.2276 134.794 129.573 80.5131 82.7451 45.4255 139.67 112.762 9.97634 7.51501 11.2717 4.83257 12.8732 86.263 0.000000297826 36.412
-66.2463 7.93107 23.4923 15.3195 25.8908 16.6154 54.7281 22.4136 25.6306 31.5502 30.97 80.2276 134.794 135.452 80.5131 82.7451 54.8377 139.67 112.762 19.2221 13.3211 9.53359 76.8099 11.2372 49.6526 0.000000250732 34.0557
-67.1585 6.69606 23.4923 15.9348 25.8908 15.3556 57.1864 20.6033 26.7197 29.3574 30.97 80.2276 146.634 120.498 73.2206 82.7451 61.5523 139.67 112.762 17.0504 13.1538 19.1303 60.046 11.6101 175.972 0.000000339108 38.3462
-63.9451 6.94815 23.4923 15.9348 27.6449 14.3178 57.1864 20.6033 26.7197 34.2297 131.863 80.2276 162.724 16.5008 73.2206 77.5847 55.214 139.67 112.762 8.72505 16.2639 13.022 21.6408 59.1691 175.972 0.000000208948 41.2568
-63.0507 7.5228 23.4923 14.7305 29.4213 14.2229 57.1864 20.6033 26.7197 34.2297 121.288 87.8542 162.724 16.5008 73.2206 77.5847 55.4251 136.459 126.644 5.65778 2.85359 15.7997 58.5885 59.1691 174.32 0.00000019804 40.5131
-66.4535 6.72495 23.4923 14.7305 29.4213 13.0168 57.1864 20.6033 26.7197 34.2297 121.288 87.8542 162.724 16.5008 73.2206 77.5847 55.9826 140.956 126.644 6.16071 2.85359 22.5628 43.8851 18.3411 131.716 0.000000173801 33.2904
-68.7646 6.72495 19.2623 15.1039 29.4213 13.1193 57.1864 20.6033 26.7197 34.2297 121.288 87.8542 166.817 16.5008 73.2206 54.108 70.8173 150.637 126.644 6.28098 2.85359 26.0199 45.2588 18.0971 112.56 0.000000159657 36.3702
-68.7646 16.3468 22.8691 16.7096 30.7602 10.66 57.3599 20.6033 26.5487 28.2793 104.796 106.23 166.439 16.5008 73.2206 38.3525 77.4983 117.594 151.869 5.05609 22.4769 15.8756 10.9423 14.0817 41.3723 0.00000000241929 33.5886
-66.4023 16.3468 23.4468 16.7096 30.7602 10.66 57.3599 20.6033 26.5487 19.3855 109.933 106.23 166.439 12.5949 80.2636 45.7505 77.4983 117.594 151.869 2.37606 5.73535 27.0088 10.9423 34.9664 23.2394 0.00000000241929 29.4381
-69.2713 9.21813 14.4489 16.7096 34.0401 14.1711 57.3599 20.6033 26.5487 26.5653 99.7586 119.036 51.1663 122.556 80.2636 45.7505 79.5952 115.321 158.594 9.2343 12.2743 17.0635 27.7606 73.9 23.2394 0.0000000062946 34.8133
-70.2782 8.8808 14.4489 16.388 34.0401 15.4983 63.5155 20.6033 23.7717 26.5653 99.7586 113.284 50.8061 122.556 80.2636 45.7505 79.5952 115.321 158.594 9.2343 4.04807 17.0635 27.7606 66.1398 34.726 0.0000000062946 32.3368
-70.2782 8.8808 14.4489 16.4357 34.0401 15.7007 63.5155 20.6033 19.8108 26.5653 99.7586 112.332 50.8061 122.556 80.2636 49.9321 75.0287 115.321 158.594 12.0009 4.04807 17.0635 17.6125 49.0347 34.9404 0.0000000062946 32.7493
-63.2071 8.39982 14.4489 16.6022 34.0401 14.5174 63.5155 18.8631 19.245 38.5866 89.654 102.814 50.8061 122.556 86.9118 49.9321 84.6362 115.321 148.735 9.74334 3.13416 29.3524 10.0915 42.8913 64.2735 0.000000086547 34.5561
-63.2071 8.39982 14.4489 17.0239 34.0401 11.9079 63.5155 18.8631 19.245 39.6927 90.3538 106.194 50.8061 122.556 86.9118 49.9321 84.6362 115.321 148.735 1.74018 3.13416 34.1223 48.0579 42.8913 110.517 0.0000000942821 36.4422
-63.2071 8.40801 14.4489 17.0239 34.0401 11.9079 63.5155 18.8631 19.245 39.6927 90.3538 106.194 50.8061 122.556 86.9118 49.9321 83.3172 115.321 148.735 7.82803 3.13416 34.1223 35.5484 53.5739 101.165 0.000000149755 36.2211
-66.4489 6.67533 15.8445 17.7128 34.0401 14.5758 63.5155 18.8631 17.6283 39.6927 90.3538 121.134 50.8061 122.556 86.9118 49.9321 66.1979 115.321 148.735 6.26719 12.3477 23.6091 47.9392 22.9389 97.8394 0.0000000364877 31.1808
-67.3005 6.67533 15.8445 17.5386 34.0401 14.522 63.5155 18.8631 18.6401 39.6927 90.3538 121.134 50.8061 122.556 86.9118 49.9321 66.1979 115.321 166.173 2.29349 12.3477 3.38065 35.8045 16.1891 115.312 0.000000198589 33.4943
-66.8255 8.03542 15.8445 21.6193 36.5027 17.6104 65.6989 15.504 12.6605 39.6927 90.3538 114.004 50.8061 122.556 86.9118 49.9321 69.4167 115.321 166.173 3.76348 6.10524 0.809174 48.9829 11.3011 16.4805 0.0000000042865 31.0153
-66.3817 6.33076 15.8445 21.6193 36.5027 17.6104 65.6989 23.3307 13.9834 29.7916 81.1703 115.581 50.8061 122.556 90.1027 49.9321 68.2021 115.321 166.173 16.499 6.10524 5.47998 57.2843 10.3129 16.4805 0.0000000042865 28.5433
-66.306 8.18677 15.8445 21.6193 36.5027 11.6651 65.6989 23.3307 19.241 20.9624 81.1703 115.581 60.6448 122.556 91.5665 49.9321 69.4408 115.321 153.232 19.4964 13.2586 4.05685 81.9889 5.83197 21.9608 0.0000000042865 31.5065
-65.4454 9.48917 2.64686 17.1385 39.3167 18.9852 65.6989 38.1084 10.5915 20.9624 81.1703 115.581 60.6448 122.556 91.5665 49.9321 67.0096 115.321 153.232 21.8527 13.2586 4.05685 1.14639 4.38514 21.9608 0.000000186841 34.096
-65.2412 7.82713 2.52324 17.1385 38.8633 20.758 65.6989 41.572 13.7837 20.9624 85.7322 115.581 51.5731 122.556 91.5665 49.9321 63.6122 115.321 157.731 27.9443 5.77488 3.47116 42.1284 3.08998 30.1546 0.000000314092 35.2139
-68.0208 8.26967 2.52324 13.532 38.8633 22.3387 62.3762 44.7508 11.2222 20.9624 85.0279 115.581 65.4287 122.556 91.5665 49.9321 49.0848 119.22 157.731 24.2697 5.77488 5.74167 41.8727 11.2839 51.5611 0.000000459796 36.8184
-68.0231 8.26967 2.52324 15.3861 38.8633 22.3387 62.3762 44.7508 10.4208 20.9624 84.2825 115.581 65.4287 122.556 91.5665 49.9321 49.5898 119.22 157.731 24.2697 5.77488 6.84291 62.9674 11.7461 44.4795 0.000000459796 36.492
-68.1909 8.26967 2.52324 16.1486 38.8633 26.5651 59.4491 40.1674 9.68549 20.9624 82.1224 115.581 65.4287 127.686 91.5665 51.3253 49.5898 119.22 157.731 24.2697 5.77488 6.84291 58.4126 11.7461 45.6706 0.000000383096 37.5859
-68.1909 10.0342 2.52324 16.1486 36.1895 26.5651 59.4491 44.1926 9.61333 20.9624 82.1224 115.581 65.4287 125.633 91.5665 51.3253 48.4027 119.22 157.731 24.2697 5.77488 1.59084 52.3988 8.566 59.4493 0.000000358303 36.4464
-68.1909 9.42378 2.52324 16.1486 36.1895 26.5651 59.4491 44.1926 10.7677 20.9624 94.0842 117.365 55.763 130.543 91.5665 54.4644 48.4027 119.22 157.731 23.3067 6.94844 7.002 35.5349 17.3947 107.559 0.000000559422 42.1131
-66.7307 8.10437 13.8241 24.1164 32.1369 19.0875 54.2423 44.6182 9.45493 11.5221 78.8131 125.252 61.7168 114.479 137.447 37.4804 48.4027 107.784 164.071 20.0103 10.019 2.22855 85.1272 16.4973 95.3463 0.000000559422 37.7304
-66.7307 10.7347 12.557 24.1164 34.6137 19.0875 54.2423 45.6797 7.47058 11.5221 78.8131 125.252 61.7168 114.479 137.447 50.7114 27.6424 107.784 164.071 10.2096 7.49152 6.11832 56.995 3.89536 84.8635 0.000000512541 39.4535
-66.7307 3.8578 13.6152 27.3301 34.9229 19.0875 59.6272 41.0088 8.44986 11.5221 89.3204 125.252 61.7168 114.412 137.447 50.8603 20.9525 113.069 164.071 13.0037 11.821 6.11832 25.8451 13.5989 82.3624 0.000000451285 37.2411
-66.3705 3.8578 14.4616 27.3301 34.9229 19.0875 59.6272 41.0088 8.60026 0.556045 104.767 104.89 61.7168 114.412 137.447 59.5709 20.9525 113.069 164.071 12.558 12.7992 2.87188 29.1114 4.05403 19.2813 0.000000706495 36.7871
-66.3705 3.8578 4.99464 34.4005 34.9229 22.3541 59.6272 41.0631 12.8305 0.556045 104.767 104.89 61.7168 114.412 137.447 56.5829 20.9525 113.069 164.071 16.2848 10.6754 1.66516 40.2212 39.008 26.3824 0.00000174136 37.6084
-66.3705 3.8578 4.99464 34.4005 34.9229 22.3541 62.1636 41.0631 12.8305 0.556045 104.767 104.89 61.7168 114.412 137.447 53.1234 20.9525 113.069 164.071 13.5202 7.92837 8.91406 35.3046 51.0775 37.4718 0.00000174136 37.0111
-66.3705 3.47207 4.99464 34.4005 34.9229 22.3541 62.1636 41.0631 7.83082 3.12149 104.767 104.608 61.7168 121.747 137.447 53.1234 20.9525 113.069 164.071 10.9563 8.42853 8.91406 34.1012 51.0775 65.2052 0.00000335577 37.969
-66.3705 3.47207 4.99464 34.4005 34.9229 22.3541 62.1636 41.0631 7.83082 3.12149 104.767 106.359 61.7168 121.747 137.447 53.1234 20.9525 113.069 164.071 8.85686 9.61406 6.46047 34.3958 50.3301 84.1742 0.00000113398 36.7596
-66.3705 3.47207 4.99464 34.4005 34.9229 22.3541 62.1636 40.7204 7.83082 3.12149 104.767 99.4334 61.7168 123.222 137.447 53.1234 20.9525 113.069 161.234 9.18856 10.5966 12.755 34.4612 50.3301 162.081 0.00000198296 39.8487
-66.3705 3.47207 4.99464 34.4005 34.9229 22.3541 62.1636 41.5611 7.83082 3.12149 104.767 99.4334 61.7168 123.222 137.447 53.1234 20.9525 111.071 161.234 9.18856 10.5966 10.9863 35.839 50.3301 162.081 0.00000461497 41.2227
-65.7681 3.47207 4.99464 34.4005 34.9229 22.3541 62.1636 44.8418 7.83082 3.12149 153.491 99.4334 21.7344 112.25 137.447 54.128 20.9525 111.071 164.726 7.40977 6.83232 10.9863 24.3518 40.9479 105.408 0.00000919609 39.9111
-65.5781 3.47207 4.99464 34.8149 34.9229 20.2943 62.1636 44.8418 6.65928 3.12149 132.274 113.809 21.7344 112.25 137.447 52.0311 20.9525 111.071 164.726 6.00126 6.83232 18.6292 52.5148 31.2738 105.408 0.00000919609 43.4641
-64.8225 3.47207 4.99464 34.8149 27.834 30.6607 62.1636 43.2827 5.63859 8.48955 126.475 113.809 21.7344 112.25 137.447 59.1076 28.8429 111.071 164.726 6.62416 6.83232 6.11809 62.6731 40.713 103.306 0.00000651939 40.119
-64.8325 3.47207 4.99464 34.8149 27.834 30.6607 62.1636 43.2827 5.63859 8.48955 126.475 113.809 21.7344 112.25 137.447 59.9509 28.8429 111.071 164.726 6.62416 6.83232 10.1161 71.8794 54.7573 103.306 0.00000566789 40.4686
-64.8325 3.47207 4.99464 34.8149 24.953 30.6607 62.1636 43.2827 5.63859 8.48955 126.475 113.809 21.7344 112.25 137.447 59.9509 28.8429 111.071 164.726 8.52338 7.61218 10.1161 73.253 28.2368 103.306 0.00000566789 41.3916
-65.0191 3.47207 9.1413 34.8149 24.953 30.6607 62.1636 43.2503 5.63859 8.48955 126.475 113.809 21.7344 112.25 136.696 59.9509 28.8429 111.071 164.726 3.84391 7.61218 7.20671 39.6356 43.4696 103.306 0.00000566789 41.2267
-65.0191 0.572785 9.1413 34.8149 24.953 30.6607 62.1636 39.9569 9.90039 8.48955 126.475 113.809 21.7344 112.25 136.696 59.9509 28.8429 103.51 164.726 1.14208 24.1378 8.13122 65.1743 37.4381 169.629 0.00000505622 42.4878
-65.7554 0.572785 8.85745 40.6692 15.2693 21.6366 66.8902 40.4491 13.1218 8.48955 126.475 119.335 21.7344 112.644 136.696 53.9984 28.8429 103.51 164.726 1.10278 23.5609 11.5898 36.4471 41.5678 95.0768 0.00000587296 39.9786
-65.7739 0.572785 8.85745 27.319 31.7065 23.8963 66.7657 40.4491 13.1218 8.48955 126.475 119.335 21.7344 104.794 136.696 53.9984 28.8429 103.51 164.726 1.10278 28.2553 11.5898 57.0109 52.7534 85.5352 0.00000587296 42.6919
-65.7726 0.572785 2.02858 27.319 31.7065 23.8963 66.7657 40.4491 20.0597 8.48955 139.881 113.102 21.7344 104.071 136.696 51.5241 28.8429 103.51 176.512 8.52341 3.17658 8.24184 107.033 26.015 62.3617 0.00000465856 39.4088
-65.7632 0.572785 2.02858 27.319 31.7065 24.5259 66.1828 40.4491 20.0597 9.9792 139.881 100.4 21.7344 102.666 136.696 50.8599 30.5184 103.51 176.512 6.3568 3.17658 8.24184 91.0388 23.4394 69.8476 0.00000615419 41.8765
-65.7431 0.572785 2.02858 27.319 31.7065 24.5259 66.1828 40.4491 20.0597 9.9792 139.881 100.4 21.7344 102.076 136.696 50.8599 30.5184 103.51 176.512 1.42658 9.23677 32.4094 51.2184 71.5655 69.8476 0.00000615419 42.2874
-65.7462 0.572785 2.02858 27.319 31.7065 24.5259 66.1828 41.3821 20.0597 9.9792 139.881 100.4 21.7344 102.118 136.696 50.8599 30.5184 103.51 176.512 1.42658 9.03342 34.181 51.2184 71.5655 69.8476 0.00000586103 42.5603
-65.7462 0.572785 2.02858 27.319 31.7065 24.5259 66.1828 41.3821 19.8669 9.9792 139.881 112.549 21.7344 101.728 136.696 37.977 30.5184 103.51 176.786 0.354902 7.1456 34.181 33.9454 71.5655 71.0992 0.00000586103 42.0155
-65.7478 0.572785 2.02858 27.319 30.4925 24.5259 66.1828 41.9738 19.8437 9.9792 139.881 107.414 38.7801 99.6756 136.696 37.977 33.5184 103.51 176.786 8.99069 7.1456 2.06412 36.0853 89.2089 45.1696 0.00000474431 39.1725
-65.7813 0.572785 0.804729 27.319 35.3529 24.5259 66.1828 41.9738 17.7992 3.46926 139.881 98.016 38.7801 98.0527 147.967 37.977 33.5184 103.51 176.786 9.68775 8.91814 5.4683 46.7499 65.0857 22.7961 0.000005904 39.0343
-65.8997 0.572785 0.804729 27.319 35.3529 26.071 66.1828 41.9738 18.232 3.46926 139.881 98.016 38.7801 95.2533 147.967 43.1955 33.5184 103.51 176.786 11.1872 11.1482 0.838064 71.7151 50.8891 26.0112 0.00000440792 38.898
-66.1278 0.572785 0.804729 27.7585 36.4681 26.071 66.1828 41.9738 18.232 3.46926 139.82 98.016 38.7801 89.6634 147.967 43.1955 33.5184 103.51 176.786 8.60775 10.1056 0.838064 81.7007 77.8216 26.0112 0.00000213653 43.3069
-64.7776 0.572785 0.804729 27.7585 27.5515 35.9624 66.1828 39.4352 17.3792 3.46926 139.82 98.016 38.7801 89.6634 147.967 43.7575 33.5184 103.51 176.786 8.60775 19.2203 9.8184 94.3308 13.9512 26.0112 0.00000141068 41.9683
-65.258 0.572785 0.987234 27.7585 27.5515 35.9624 61.9598 39.1404 16.9733 3.46926 139.82 98.016 38.7801 95.116 148.693 42.5061 33.5184 103.51 176.786 5.75404 10.6289 10.3994 15.8401 31.4123 121.08 0.00000141068 38.8371
-64.8256 0.572785 0.987234 25.9764 27.5515 35.4067 61.9598 49.2455 16.3472 3.46926 132.101 103.458 38.7801 103.024 148.693 41.5267 33.5184 101.965 162.277 1.68967 20.0914 13.4212 15.8401 38.6312 16.5455 0.0000100732 41.5118
-65.3552 0.572785 0.987234 23.0383 27.5515 36.7782 61.9598 43.7599 17.0387 3.46926 132.101 99.7667 38.7801 107.737 148.693 40.9664 33.5184 101.965 162.277 7.11801 5.39447 27.9956 15.8401 20.2494 23.4501 0.000021198 40.8572
-64.8674 0.572785 4.78487 23.0383 27.5515 36.7782 61.9598 50.4816 16.6436 3.46926 122.973 99.7667 29.4933 108.289 148.693 41.866 32.4154 101.965 172.099 12.9082 17.3684 7.23047 34.0878 20.2494 19.8698 0.0000282084 43.6845
-65.2144 3.38604 0.452117 25.3886 27.8642 24.6884 61.9598 50.4816 21.6833 3.46926 123.381 99.7667 29.4933 115.203 148.693 42.0907 32.4154 101.965 172.099 10.2121 16.894 3.98653 97.3596 75.7854 49.4488 0.0000493224 47.1828
-65.2144 3.76745 0.452117 25.3886 30.0674 26.13 61.9598 50.4816 21.6833 3.46926 120.221 99.7667 29.4933 118.879 148.693 45.1955 32.4154 101.965 172.099 15.2499 4.776 13.1302 134.367 99.4674 34.1325 0.000040159 47.806
-65.0355 3.76745 0.452117 25.3886 30.0674 26.13 61.9598 50.4816 19.8215 3.46926 120.221 98.4604 29.4933 122.209 148.693 44.9888 32.4154 101.965 172.099 9.11598 5.59226 14.1515 134.367 173.66 56.9289 0.0000323189 47.3567
-66.5525 3.76745 0.452117 25.3886 30.0674 26.13 61.9598 50.4816 16.274 3.46926 120.221 93.0299 41.7706 122.209 148.693 44.9888 32.4154 101.965 170.264 5.70806 10.0627 14.4278 134.367 89.1077 56.9289 0.0000323189 43.7655
-65.4308 5.13706 0.452117 23.0028 30.0674 30.3144 61.9598 50.4816 12.5162 3.46926 116.833 93.1673 41.7706 123.178 148.693 34.1559 32.4154 119.359 162.967 5.70806 10.0627 14.4278 164.116 126.893 56.9289 0.0000288133 46.099
-65.2773 5.08075 0.452117 23.1102 31.4102 30.3144 61.9598 50.4816 14.5492 3.46926 109.106 114.393 41.7706 113.971 98.9375 38.5384 79.5233 113.556 162.967 7.90799 9.29433 14.7255 171.858 89.3308 29.544 0.0000255866 43.6842
-65.2773 5.08075 0.452117 19.8507 31.4102 30.3144 61.9598 50.4816 16.4285 3.80116 109.106 114.393 41.7706 112.65 98.9375 38.5384 79.5233 113.556 162.967 8.76471 13.2919 13.8746 163.857 58.542 27.7648 0.0000172756 43.4463
-64.754 5.08075 0.452117 19.2346 34.745 36.5215 61.9598 50.0768 1.29782 3.80116 109.382 114.393 41.7706 112.65 98.9375 38.5384 79.5233 113.556 162.967 11.1257 12.7835 13.2161 185.161 39.4255 17.8732 0.0000163901 47.7201
-65.4437 1.83954 0.452117 19.1887 34.745 30.8521 61.9598 50.0768 1.29782 16.5341 109.382 118.164 41.7706 119.27 81.2572 38.5384 79.5233 113.556 162.967 13.187 15.1629 14.7346 178.915 48.4104 17.7996 0.0000107903 45.7415
-65.4437 1.83954 0.452117 19.1887 34.745 30.8521 61.9598 50.0768 6.35502 16.5341 106.902 125.878 41.7706 119.27 73.626 38.5384 78.4092 113.556 162.967 4.20147 15.4112 13.2063 178.915 40.4476 17.435 0.00000872608 43.6186
-65.6526 1.83954 0.452117 19.1887 34.745 30.8521 61.9598 50.0768 6.35502 16.5341 106.902 125.878 41.7706 119.27 74.9091 38.5384 82.0508 113.556 162.967 10.211 14.8095 11.3755 178.915 42.3812 16.8205 0.00000378172 41.3834
-66.1101 1.83954 0.452117 19.2775 34.745 30.8521 61.9598 50.0768 6.35502 16.5341 106.902 125.878 41.7706 119.27 74.9091 38.5384 82.0508 114.773 162.967 7.08629 13.4324 7.85692 144.147 42.3812 21.7031 0.00000879072 40.4396
-66.1101 1.83954 8.97428 19.2775 34.745 31.6489 38.6479 50.0768 9.94052 36.7996 115.873 104.467 45.9425 120.777 74.9091 39.5171 82.0508 114.773 162.967 3.59546 13.2206 8.3397 20.5673 42.3812 11.7487 0.0000036967 38.3203
-66.5885 1.83954 8.53051 20.101 26.0938 31.6489 48.5034 45.3587 8.60432 28.3281 115.873 115.323 45.9425 120.777 79.7545 32.4678 82.0508 114.773 162.967 7.57303 12.7514 9.69519 45.0593 15.9293 18.5858 0.00000581506 37.8582
-66.3075 4.13731 8.53051 18.8501 27.2907 31.6489 48.5034 45.6972 8.60432 33.9608 107.534 115.323 45.9425 122.489 79.7545 27.8443 91.3146 140.78 122.033 13.8625 12.7514 14.9921 46.5916 42.7803 33.5046 0.00000771898 37.3885
-64.4247 12.2852 5.68098 18.1613 24.5183 26.9974 33.3418 45.6972 12.4578 42.5686 107.534 115.323 40.3595 122.489 79.7545 8.61932 113.011 140.78 134.155 13.807 12.9951 6.53211 83.1306 30.6803 22.8502 0.00000898542 44.5699
-64.9782 12.2852 5.68098 16.7208 27.1445 42.6996 33.0008 35.2101 10.2861 48.4724 108.728 115.323 40.3595 122.489 79.7545 5.79223 113.011 140.78 134.155 8.13366 11.4435 6.53211 59.5812 19.739 20.9739 0.00000828964 39.001
-65.1897 14.6753 5.68098 12.5787 27.1445 42.6996 33.0008 35.2101 10.2861 48.2832 108.728 115.323 42.3599 122.489 79.7545 5.79223 106.431 140.78 134.155 5.72177 11.0941 20.7501 132.086 19.739 12.2301 0.00000828964 42.4735
-65.5954 14.6753 5.68098 6.86516 26.6273 39.8618 33.0008 40.2384 25.6062 33.4431 121.47 115.323 42.3599 116.526 79.7545 5.79223 106.431 140.78 134.155 5.73988 11.9751 20.7501 132.086 19.739 4.50179 0.0000104101 42.637
-65.1168 21.2024 5.68098 11.37 26.6273 39.8618 33.0008 40.2384 21.167 27.2155 110.122 115.323 42.3599 122.323 79.7545 6.23192 106.431 140.78 129.904 5.99582 12.0156 20.7501 110.033 19.739 9.44421 0.0000501603 42.1679
-65.0683 21.2024 5.68098 11.37 26.6273 39.8618 33.0008 40.2384 21.167 27.2155 110.122 115.323 42.3599 122.323 79.7545 6.23192 106.431 140.78 129.904 5.99582 15.2927 20.7501 59.2612 6.68666 9.44421 0.0000501603 41.2053
-66.4371 21.2024 5.68098 11.37 26.6273 39.8618 33.0008 40.2384 21.167 27.2155 110.122 115.323 42.3599 122.323 79.7545 6.23192 106.431 140.78 129.904 5.99582 17.0519 27.5115 59.2612 17.8548 9.44421 0.0000501603 41.8059
-65.4581 21.2024 5.68098 11.37 26.6273 39.8618 33.0008 40.2384 21.167 27.2155 110.122 115.323 42.3599 122.323 79.7545 6.23192 106.431 247.74 17.5363 9.32054 15.4893 27.5115 82.6018 33.0566 9.44421 0.0000501603 41.6711
-66.3848 21.2024 5.68098 11.37 26.6273 34.3074 33.0008 40.2384 21.167 27.2155 110.122 115.323 42.3599 122.323 79.7545 14.2146 103.5 247.74 17.5363 9.32054 15.4893 29.4297 82.6018 33.0566 9.44421 0.0000501603 44.8122
-66.3848 21.2024 5.68098 11.37 30.7637 34.3074 33.0008 40.2384 20.9596 24.6489 110.122 115.323 42.3599 122.323 79.7545 20.5601 103.5 247.74 17.5363 7.32973 14.5242 13.4999 82.6018 33.0566 9.44421 0.0000258645 39.9676
-64.7917 21.2024 6.35275 11.37 30.7637 34.3074 33.0008 40.2384 23.3054 14.9067 110.122 115.323 42.3599 126.826 79.7545 20.5601 103.5 234.235 17.5363 7.32973 14.5242 13.4999 44.6169 42.5283 9.44421 0.00000923445 42.6347
-64.6894 16.4305 6.35275 9.72356 30.7637 37.2965 33.0008 40.2384 22.329 28.5363 110.122 115.323 42.3599 116.267 79.7545 17.9518 103.403 257.933 17.5363 1.23721 15.8617 16.8753 31.788 6.89188 27.6331 0.0000040101 37.8216
-64.9273 16.4305 5.40131 9.72356 30.7637 37.2965 33.0008 41.5503 22.329 28.5363 103.596 115.323 42.3599 127.363 79.7545 17.9518 97.7387 257.933 17.5363 6.36936 15.97 16.8753 34.0832 105.672 81.5631 0.0000040101 40.3958
-65.6269 16.3593 5.36006 9.72356 32.849 37.2965 33.0008 36.3013 40.4675 2.39621 103.89 117.415 42.3599 136.059 79.7545 21.2031 102.838 257.933 17.5363 6.36936 17.2803 6.73541 36.3543 66.4945 42.1915 0.0000040101 39.5095
-65.4143 16.3593 7.66569 9.6007 22.5602 37.2965 19.5636 36.3013 62.272 2.39621 107.018 117.415 42.3599 136.059 68.3043 21.2031 100.207 224.486 44.0091 6.36936 24.3704 11.4661 36.3543 134.109 14.1048 0.000000619754 38.2956
-65.4143 16.3593 7.66569 9.6007 22.5602 37.2965 22.3207 36.3013 62.272 2.39621 107.018 117.415 42.3599 134.837 51.2676 41.4428 100.207 222.332 41.5379 6.61512 30.2137 11.0296 32.9749 154.178 14.1048 0.000000491952 37.3669
-65.5991 16.3593 7.58848 7.9461 24.0391 37.2965 19.951 36.3013 65.0206 2.39621 107.018 117.415 42.3599 134.837 58.5768 41.4428 100.207 215.055 41.5379 4.20078 30.2137 11.0296 28.4711 172.261 27.2671 0.00000417597 39.9702
-65.1608 16.3593 7.27337 8.52718 22.7608 37.2965 24.9282 22.9689 65.0206 2.39621 95.4057 117.415 42.3599 134.837 58.5768 46.7011 100.207 217.219 39.9031 35.5456 1.92587 11.0296 30.5168 111.902 84.6662 0.00000492352 50.8225
-66.2364 16.3593 7.27337 8.398 20.2818 37.2965 34.5259 24.4626 65.0206 2.39621 103.83 117.415 42.3599 134.837 58.5768 48.8146 100.207 217.219 39.9031 26.2846 6.61509 5.14296 32.408 121.539 67.6858 0.00000244056 38.5756
-65.3188 14.5607 7.27337 8.398 20.2199 37.2965 34.5259 24.4626 65.0206 2.39621 103.83 117.415 42.3599 134.837 58.5768 50.465 100.207 217.219 38.9783 25.4704 6.61509 5.14296 27.8729 79.2262 82.7537 0.00000244056 37.698
-65.6335 16.207 7.27337 8.398 24.1333 37.2965 34.5259 24.4626 65.0206 2.39621 102.904 117.415 42.3599 134.837 58.5768 37.4083 100.207 217.219 38.9783 33.0207 7.02349 5.14296 22.4305 79.2262 67.4615 0.00000120948 36.6133
-65.6335 16.207 7.27337 8.398 24.1333 37.2965 34.5259 24.4626 65.0206 2.39621 104.346 117.415 42.3599 134.837 61.7234 37.4083 95.9857 217.219 38.9783 5.2999 18.9209 5.14296 23.912 5.703 1.38772 0.00000276341 36.8857
-65.7979 16.207 11.8888 8.398 23.0558 31.3103 24.2254 30.9167 65.0206 3.10297 99.1062 117.415 42.3599 134.837 59.1342 37.4083 106.255 218.505 51.5203 4.34871 6.43274 39.7578 23.912 37.078 1.38772 0.00000358159 36.1506
-65.7979 16.207 11.8888 8.398 23.0558 31.3103 37.6312 30.9167 65.0206 3.10297 101.483 100.834 47.061 134.837 59.1342 37.4083 113.372 218.505 45.5432 4.34871 2.19575 39.7578 24.2535 37.078 11.3337 0.00000358159 38.7339
-65.8945 21.06 11.8888 9.16309 15.2182 30.1774 53.6837 9.2149 65.0206 4.59527 101.483 100.834 57.0473 134.837 59.1819 43.5099 91.3932 222.743 39.4847 5.85857 12.4188 17.0686 24.6292 46.531 23.3464 0.00000701445 37.7026
-66.6014 21.06 14.9351 9.16309 15.2182 30.1774 53.6837 7.08137 65.0206 4.59527 98.0679 105.35 57.0473 134.837 55.35 47.7441 91.3932 226.603 39.4847 20.9333 12.4188 4.58822 24.4833 161.14 23.3464 0.0000125467 39.5631
-66.0631 21.06 14.9351 9.16309 15.2182 30.1774 53.297 7.08137 65.0206 4.59527 98.0679 102.556 57.0473 134.837 55.35 47.5106 91.3932 220.724 54.3312 20.9333 12.3455 2.3174 26.8556 161.14 2.29292 0.00000647815 40.3199
-66.1885 21.0971 14.9351 9.16309 14.591 30.0655 53.297 7.08137 65.0206 4.59527 102.442 102.252 57.0473 134.837 55.35 43.9864 94.9527 241.852 28.7401 23.2175 1.17245 11.6354 30.0951 92.2515 32.4868 0.00000277732 35.981
-66.0133 22.2191 16.958 6.31846 13.4896 30.0655 52.7599 7.08137 65.0206 4.59527 102.442 102.252 57.0473 134.837 61.1993 51.4962 94.9527 219.392 28.7401 25.0254 1.00261 24.6149 33.5684 128.514 18.4485 0.000000995948 36.2676
-65.2739 19.6847 16.958 0.40115 13.4896 39.5777 58.0714 7.08137 57.7837 4.59527 103.716 102.252 57.0473 134.837 61.1993 51.4962 94.6644 219.443 28.7401 26.4813 0.567909 24.6149 2.27107 128.514 18.4485 0.00000095405 38.8153
-65.2739 17.4666 18.4073 0.40115 13.4896 39.5777 58.0714 7.08137 57.7837 4.59527 97.6939 94.9677 64.8435 134.837 61.1993 45.6362 94.6644 219.443 28.7401 31.6001 13.1213 27.3052 13.7383 62.9595 5.08304 0.00000102804 41.5001
-65.2162 20.1574 18.4073 0.40115 13.4896 39.5777 58.0714 7.08137 57.7837 4.59527 97.6939 98.8064 64.8435 134.837 61.1993 42.1545 94.6644 219.443 28.7401 31.4661 12.2633 18.2039 11.6653 62.9595 5.08304 0.00000102804 38.1825
-64.5038 20.1574 18.3338 0.40115 13.4896 39.5777 58.0714 7.08137 57.7837 4.59527 101.218 96.7376 64.8435 134.837 61.1993 48.104 94.6644 213.439 28.7401 30.8591 12.8998 18.2039 19.5902 51.033 109.375 0.00000380751 41.7608
-64.5038 20.1574 15.2107 0.40115 14.5498 39.5777 58.0197 7.08137 57.7837 4.59527 103.805 96.7376 64.8435 134.837 59.6679 47.6904 94.6644 213.445 28.7401 30.9651 15.0525 14.285 19.5902 22.6262 144.864 0.00000203575 41.3719
-64.5038 20.1574 17.9155 0.40115 16.0295 39.5777 58.0197 7.08137 57.7837 4.59527 100.579 96.7376 64.8435 134.837 59.6679 47.8405 94.6644 213.445 28.7401 30.9651 8.91039 16.5677 14.2651 44.5653 148.97 0.00000439961 44.0515
-63.1053 20.1574 14.0606 0.40115 16.0295 41.8187 58.0197 7.08137 59.0805 4.59527 97.2027 86.5361 64.8435 134.837 58.2128 47.9204 115.986 213.445 32.1497 30.0071 8.91039 8.24765 33.9511 43.23 88.3156 0.00000895537 46.5685
-63.1053 20.1574 12.3782 12.026 7.91965 33.2673 58.0197 7.08137 59.0805 4.59527 102.699 86.2136 64.8435 134.837 49.7416 48.2112 121.583 213.445 32.1497 33.5023 5.59618 16.3746 33.9511 106.956 88.5963 0.00000929788 44.3803
-61.6948 20.1574 12.3782 12.026 7.91965 33.2673 58.0197 7.08137 59.0805 4.59527 100.779 86.9063 64.8435 134.837 49.8579 49.6039 121.583 213.445 32.1497 38.9009 5.59618 8.07806 30.5163 77.0453 88.5963 0.00000526872 44.3348
-63.5275 21.6389 12.3782 12.026 7.91965 33.2673 63.1338 7.08137 59.0805 4.59527 95.5971 86.9063 64.8435 134.837 49.8579 47.9425 121.583 207 32.1497 20.5003 13.248 7.17863 43.5762 87.1549 72.1535 0.00000602789 42.7518
-64.9047 21.6389 12.3782 12.026 7.91965 33.2673 63.1338 7.08137 59.0805 5.42962 79.7175 86.9063 78.5258 134.837 49.8579 49.7374 121.583 219.909 32.1497 5.6231 10.7024 10.6497 35.9391 61.4625 84.1521 0.00000605596 39.0198
-65.6312 22.947 15.5766 11.8324 7.91965 33.2673 63.1338 5.67628 59.0805 5.42962 81.7638 82.2188 78.5258 134.837 49.8579 49.7374 121.583 219.909 37.5938 3.59336 24.0412 14.6858 35.2422 84.2102 117.863 0.00000215551 40.9683
-65.5948 19.6604 15.5766 11.9446 9.52782 33.2673 56.3106 5.67628 59.0805 5.42962 81.7638 97.72 78.5258 134.837 53.3799 37.1813 122.431 195.778 50.3525 3.30795 25.1179 12.5381 74.3281 65.901 86.3599 0.00000148736 40.0225
-66.9555 17.774 16.8795 11.2588 9.52782 32.8569 56.3106 15.7199 55.1059 5.42962 83.7399 97.72 78.5258 134.837 53.3799 42.6197 122.721 195.778 50.3525 9.2016 24.8954 10.0582 64.2726 54.158 86.3016 0.0000015279 39.7478
-67.4878 18.2256 16.8795 9.90395 13.9414 32.8569 56.3106 13.0624 55.1059 5.42962 89.8072 97.72 78.5258 127.063 53.3799 40.3504 126.442 192.714 50.3525 2.41325 28.506 10.0582 64.2726 54.158 88.4192 0.0000011391 41.2745
-67.8729 29.1888 10.5001 13.0489 8.02838 30.9082 83.2783 13.0624 45.616 5.42962 87.599 86.1144 79.2636 118.82 57.414 37.9552 115.708 188.167 54.805 2.41325 19.5684 18.9256 59.0357 40.8024 73.3931 0.000000224055 39.1278
-67.9724 21.7463 15.3694 13.0489 8.02838 28.7666 85.3274 11.7699 45.616 8.85181 87.5754 86.1144 32.9098 166.173 64.8497 39.5339 107.889 195.372 54.805 11.0223 19.9261 18.9256 35.0397 29.107 48.4313 0.00000113332 35.2186
-67.9724 21.7463 14.5776 13.0489 8.02838 28.7666 85.3274 11.7699 41.655 8.85181 86.1419 86.1144 32.9098 166.173 67.8184 41.1546 107.889 195.372 54.805 5.98396 16.3204 28.4533 41.7873 24.0564 48.4313 0.000000837522 37.7581
-66.1848 21.7463 14.5776 13.0489 8.02838 29.9176 85.3274 11.7699 41.655 8.85181 86.1419 86.1144 32.9098 166.173 67.8184 41.1546 107.889 195.372 54.805 10.1896 16.615 28.4533 31.7158 27.5348 48.4313 0.00000199896 36.4372
-66.1558 31.5689 15.0851 7.89755 8.02838 22.8571 77.4035 11.7699 37.5645 8.85181 87.7286 54.081 73.9183 166.173 67.8184 34.6086 114.224 202.286 46.4498 7.31091 16.5029 28.4533 35.0507 27.7617 10.056 0.00000192273 36.3825
-66.2192 31.5689 15.0851 3.42701 8.02838 31.0338 77.4035 7.6849 37.5645 8.85181 87.7286 54.081 73.9183 168.049 67.8184 27.3697 114.224 219.762 46.4498 5.84621 16.5831 28.4533 3.79018 45.5934 10.056 0.00000192273 37.1052
-65.9675 31.5689 15.0851 3.03979 11.4015 31.0338 67.242 7.6849 37.5645 8.85181 87.7286 54.081 73.9183 168.049 64.4524 18.2519 137.724 206.293 46.4498 6.47108 16.5683 11.4059 14.3718 45.5934 10.056 0.00000174223 38.1249
-65.9675 34.7399 15.0851 3.03979 16.138 31.0338 67.215 7.6849 37.5645 8.85181 87.7286 52.8175 74.2402 168.049 64.4524 17.7699 135.977 206.293 46.4498 6.47108 16.566 10.2467 21.615 24.566 10.056 0.00000201873 37.7928
-65.7304 34.7399 15.0851 3.22886 16.138 31.0338 67.215 7.6849 37.5645 8.85181 87.7286 52.8175 73.3472 168.049 63.1606 17.7699 139.208 206.293 46.4498 12.4616 16.5676 9.73978 30.0781 33.981 15.0054 0.00000598038 38.2607
-64.7844 34.7399 5.91156 5.06771 16.5834 23.1781 67.215 18.9412 37.5645 8.85181 88.1056 52.8175 73.3472 168.049 67.1066 15.086 133.917 206.293 59.2989 10.8191 16.4663 14.6318 38.3797 25.5321 30.7232 0.00000582637 36.1943
-66.9137 38.2918 5.91156 5.06771 18.7353 17.6361 63.1798 18.9412 37.5645 19.6537 65.6881 61.5392 76.2908 168.049 69.3781 6.18859 143.175 210.618 59.2989 7.84979 16.4965 13.6991 112.789 43.9456 33.6074 0.0000113852 39.9156
-66.9137 38.2918 5.91156 7.92488 18.7353 16.1602 63.1798 18.9412 37.5645 19.8521 65.6881 68.3297 75.7355 168.049 69.3781 6.18859 143.175 210.618 55.7098 6.65893 16.4971 8.17979 4.94729 32.8305 33.6074 0.00000608587 36.7049
-65.4954 37.9223 5.91156 7.92488 29.3856 3.43067 63.1798 33.0544 37.5645 29.413 50.7618 68.3297 63.9221 168.049 69.3781 6.18859 143.175 229.544 18.764 0.28362 16.5493 31.023 31.2401 32.8305 33.6074 0.0000110516 42.6637
-64.675 37.9223 5.91156 7.92488 29.7994 3.43067 63.1798 46.2135 24.954 29.413 50.7618 68.3297 63.9221 168.049 71.2841 6.18859 143.175 229.544 18.764 0.28362 16.5341 21.1662 65.3266 32.8305 33.6074 0.0000110516 42.7418
-64.6589 37.9223 5.91156 7.92488 29.7994 0.235519 63.1798 46.2135 24.954 29.413 59.6146 68.3297 63.9221 168.049 65.6948 6.18859 143.175 226.663 30.0161 3.05343 16.5492 29.3415 48.5537 25.3769 33.6074 0.0000111831 40.3807
-63.6389 29.8308 4.6347 7.92488 34.8535 5.55285 63.1798 45.0734 23.2812 29.413 59.6146 63.1406 63.9221 168.049 75.6013 6.18859 143.175 230.039 30.0161 8.22782 16.5325 16.5965 24.0601 37.629 53.3974 0.00000258415 39.952
-64.4297 29.8308 4.6347 7.92488 34.8535 6.58679 63.1798 45.0734 23.2812 29.413 54.9557 63.1406 63.9221 168.049 75.6013 6.18859 143.175 230.039 30.0161 6.35071 16.5751 15.2548 42.4541 13.1418 44.6731 0.00000378195 38.2251
-63.6353 24.2979 4.6347 16.582 34.8535 6.58679 63.1798 45.0734 18.6071 29.413 54.9557 63.1406 70.4268 168.049 75.6013 6.18859 137.975 230.039 30.0161 6.51034 16.5397 16.7966 50.291 19.628 55.2502 0.00000378195 39.332
-63.6973 24.2979 0.857382 16.582 34.8535 6.28223 53.9511 44.4624 18.6071 29.413 54.9557 63.1406 76.3944 189.691 78.8665 6.18859 124.905 230.039 30.0161 2.05696 16.4399 16.7966 78.3288 19.8874 78.209 0.00000421219 40.4983
-64.6782 23.4899 31.5783 16.582 8.14782 6.28223 53.9511 44.1055 18.6071 29.413 51.7649 73.5536 68.4646 189.691 72.4985 6.11381 121.25 230.039 30.0161 3.10592 16.306 18.2692 85.164 26.7909 50.8663 0.00000890494 40.5002
-64.9777 24.4524 31.5783 16.582 3.69543 6.46714 53.9511 44.1055 18.6071 29.413 51.7649 51.476 68.4646 207.529 72.4985 6.11381 125.712 220.883 30.0161 3.03018 16.5878 8.01918 75.0693 26.7909 50.8663 0.00000813748 41.755
-64.9946 24.4524 31.5783 16.582 3.69543 8.05735 83.1622 27.7714 20.7767 29.413 46.0077 51.476 68.4646 207.529 60.5433 6.11381 138.958 229.376 14.2397 1.21622 16.5512 16.805 75.0693 27.3093 68.2908 0.0000056415 42.6973
-68.5006 22.0237 31.5783 20.4174 3.69543 8.05735 83.1622 30.5261 19.6794 29.413 43.7437 51.476 68.4646 207.529 42.8366 8.01669 138.958 227.907 34.2499 4.14271 16.3369 20.1439 75.0693 73.6964 60.7581 0.00000524986 41.8621
-68.5006 22.0237 31.5783 20.4174 3.69543 8.05735 52.1199 37.0441 19.6794 29.413 43.7437 51.476 34.8724 263.665 42.8366 8.01669 138.958 209.759 67.8984 4.14271 16.1439 20.1439 144.772 73.6964 59.1346 0.00000524986 43.2856
-66.9824 22.0237 31.5783 20.4174 3.62342 8.05735 52.1199 37.0441 20.6514 29.413 43.7437 51.476 34.8724 263.665 39.2608 8.01669 138.958 212.971 67.8984 16.2051 16.2512 8.25279 225.345 48.6779 65.6434 0.00000226559 42.8372
-63.6282 22.0237 31.5783 19.6968 5.23217 8.05735 52.1199 15.0199 41.3876 29.413 43.7437 51.476 34.8724 263.665 37.4894 8.01669 142.239 212.971 67.8984 16.2051 16.5493 8.25279 75.7572 48.6779 76.1322 0.00000226559 41.9782
-65.2704 22.0237 24.4463 25.9585 5.23217 8.05735 52.1199 15.0199 41.3876 29.413 43.7437 51.476 34.8724 263.665 37.1772 8.01669 142.239 226.832 59.3023 12.2554 16.0366 8.25279 49.7888 85.5183 28.826 0.00000148269 40.7275
-67.0914 21.8391 20.6977 24.8257 7.91588 8.05735 55.0559 15.0199 41.3876 29.413 43.7437 39.7507 34.8724 263.665 37.397 8.01669 151.671 213.573 56.7461 12.2681 11.7649 28.066 39.2777 36.8191 61.231 0.00000115453 38.2424
-67.3765 21.8391 20.6977 24.8257 7.91588 8.05735 47.7996 13.6248 41.3876 44.1358 43.7437 39.7507 34.8724 263.665 37.397 26.4853 147.215 192.447 56.7461 12.2681 11.7649 16.3882 53.8106 36.8191 61.231 0.00000115453 36.4074
-67.5976 21.8391 20.6977 26.7576 7.91588 8.05735 47.7996 13.6248 38.7836 44.1358 43.7437 39.7507 34.8724 263.665 35.5149 26.4853 147.215 196.933 56.7461 11.3761 11.7649 20.6057 26.1081 17.1483 61.231 0.000000244556 33.8684
-67.5976 21.8391 24.8604 26.8377 4.18142 8.05735 47.7996 13.6248 38.7836 55.9926 24.3153 39.4446 35.2073 263.665 41.1632 17.6992 147.215 207.115 61.9331 11.3761 5.47994 13.0643 36.6547 17.1483 14.0579 0.000000262418 34.372
-65.2996 21.8391 24.8604 23.1382 7.66003 8.05735 47.7996 13.6248 38.7836 55.9926 24.3153 44.4823 35.2073 263.665 28.2613 20.7316 147.215 211.455 66.3002 2.5453 2.74269 13.0643 36.6547 41.1526 2.29469 0.000000197801 34.4406
-64.3464 24.9249 24.8604 18.9497 7.66003 8.05735 47.7996 13.6248 38.7836 53.5919 24.3153 47.1135 35.2073 263.665 28.2613 31.6633 147.215 211.455 61.163 2.5453 4.13218 24.5691 35.1781 41.1526 6.33684 0.000000203667 33.9789
-65.2587 27.6902 24.8604 20.0099 9.34276 4.28681 47.7996 13.6248 38.7836 53.5919 24.8486 55.1601 35.2073 263.841 28.2613 18.4574 147.215 208.396 65.0921 3.90023 4.77398 17.8511 29.5776 62.2743 6.33684 0.00000020373 33.9956
-65.2587 29.8531 20.6709 20.0099 9.34276 4.28681 43.1203 13.6248 38.7836 53.5919 32.6278 55.1601 35.2073 263.841 30.7209 18.4574 147.215 208.396 65.0921 2.49193 8.87871 21.1794 20.0295 76.2869 48.5597 0.000000424613 35.468
-65.2587 29.8531 19.5688 20.0099 9.34276 4.28681 43.1203 13.6248 38.7836 53.5919 32.6278 49.673 35.2073 263.841 29.0896 18.4574 147.215 209.093 65.0921 3.06136 7.21838 37.7859 20.0295 76.2869 48.5597 0.000000519944 36.5301
-65.7229 29.8531 19.5688 20.4636 9.34276 6.09642 40.0097 13.6248 37.4819 53.5919 32.6278 49.673 35.2073 263.841 29.0896 18.4574 147.215 209.093 66.9695 3.06136 4.50328 39.4797 20.0295 6.1878 48.5597 0.000000992541 36.5513
-65.7814 29.8531 21.3843 13.7407 14.1551 6.09642 40.0097 13.6248 37.4819 53.5919 32.6278 49.673 35.2073 263.841 31.911 18.4574 147.215 196.541 66.9695 1.19902 3.13579 32.2458 25.7752 6.1878 125.93 0.000000992541 38.3434
-68.0848 30.968 19.4707 13.7407 14.1551 5.78693 41.9132 13.6248 37.4819 59.0684 32.6278 49.673 35.2073 263.841 38.7725 18.4574 147.215 196.541 66.9695 4.35569 18.2501 1.98834 98.2231 42.6585 135.979 0.00000509476 42.4955
-68.0848 39.9373 21.3069 10.5198 14.1551 9.90763 41.9132 13.6248 36.101 53.493 32.6278 57.4222 23.1116 263.841 36.8361 18.4574 147.215 196.541 66.645 0.548872 18.2501 25.9726 98.2231 2.31488 160.299 0.00000393604 43.4535
-67.0405 39.2618 24.6543 11.5962 12.7434 7.28282 33.9214 13.6248 38.7482 53.493 30.4131 52.4463 23.1116 263.841 37.2801 18.4574 147.215 196.541 78.8692 0.210616 9.58152 25.9726 76.5649 57.1498 143.327 0.00000404562 42.7851
-65.3713 39.2618 30.6607 5.21846 12.7434 7.28282 33.9214 13.6248 31.0745 65.9339 30.4131 52.4463 23.1116 263.841 34.0895 18.4574 147.215 196.541 78.8692 0.0771241 10.6647 32.5558 76.5649 6.55868 130.437 0.00000404562 41.4369
-66.4203 39.2618 30.6607 5.29115 12.7434 7.28282 33.9214 13.6248 29.8774 65.9339 25.1073 52.4463 23.1116 263.841 43.0947 18.4574 147.215 198.117 73.4713 0.0771241 10.6647 32.5558 76.5649 13.6436 130.437 0.00000733614 42.9495
-66.4203 39.2618 30.6607 5.29115 12.7434 7.28282 33.9214 13.6248 33.6331 65.9339 25.1073 52.4463 23.1116 263.841 43.0947 18.4574 147.464 198.117 73.4713 0.0771241 10.6647 32.5558 35.4926 13.6436 130.437 0.00000916949 42.3292
-63.6487 39.2618 30.6607 5.29115 12.7434 7.54846 33.9214 13.6248 35.9539 65.9339 25.1073 47.8874 23.1116 263.841 43.0947 18.4574 147.464 198.117 73.4713 1.91656 7.03289 32.5558 20.718 23.4423 13.6944 0.00000916949 39.6862
-63.9483 39.2618 16.7541 5.08229 12.7434 7.54846 33.773 29.0935 35.8708 65.9339 25.1073 47.8874 23.1116 263.841 43.0947 18.4574 147.464 198.117 73.4713 1.91656 7.21449 32.5558 72.9775 18.6672 11.6685 0.0000126117 41.4015
-68.8604 39.2618 16.7541 5.08229 16.4946 5.20991 32.558 29.9587 35.4553 57.811 25.1073 60.7391 23.1116 263.841 41.1785 18.4574 146.091 184.823 73.4713 1.91656 5.04306 32.5558 72.9775 42.2499 16.5679 0.0000178602 41.8341
-66.0528 39.2618 6.66839 16.8465 16.4946 4.90788 31.6746 22.9908 36.9684 61.1108 25.1073 57.8283 23.1116 263.841 41.0264 18.4574 146.091 196.756 74.8478 8.43156 13.0638 13.4638 14.1223 56.866 9.80973 0.0000303338 38.8237
-66.4152 33.4453 9.70025 13.791 22.1127 9.33267 23.3305 24.9207 36.9684 64.7753 20.7168 54.5697 25.9396 263.841 41.0264 18.4574 146.091 206.094 74.8478 5.12099 16.9378 11.5231 14.1181 62.9909 13.6776 0.0000561412 40.3381
-64.9695 34.1062 8.4314 13.791 22.1127 9.33267 23.9746 24.9207 37.6782 64.5 20.7168 54.5697 25.9396 263.841 45.5774 18.4574 146.091 206.094 67.5667 0.822184 7.58618 33.3486 12.9361 47.2947 13.6776 0.0000561412 40.8652
-65.053 34.1678 9.48671 13.791 22.1127 4.23152 26.9629 26.159 37.354 68.5315 24.118 39.7425 25.9396 263.841 49.0195 18.4574 146.091 194.191 67.5667 0.822184 5.02558 22.3309 12.9361 47.5861 45.9656 0.0000907425 42.747
-65.053 34.1678 15.0526 13.5865 12.7505 5.3677 21.0037 27.3327 56.8602 72.8775 24.118 39.7425 25.9396 263.841 37.3913 46.6745 108.785 194.191 90.1339 1.76153 5.02558 26.8109 46.422 47.9128 46.7177 0.0000945426 45.9615
-65.7427 34.1678 19.2122 20.1634 13.1015 5.3677 10.71 27.3327 56.8602 72.8775 24.118 39.7425 89.6908 183.01 56.3306 46.6745 108.785 191.122 90.1339 1.89078 5.02558 33.3252 46.422 47.5183 26.9944 0.0000261981 43.4649
-66.7208 34.1678 15.6457 17.8087 13.1015 14.3446 9.51014 27.3327 40.9213 75.7729 24.118 47.7357 89.6908 183.01 68.282 46.6745 108.785 172.595 90.1121 5.09579 4.40837 0.174143 78.0571 41.3469 34.9723 0.000015254 45.4996
-67.2321 34.1678 20.3731 26.3379 1.65359 14.3446 9.51014 27.3327 38.9601 75.7729 41.0551 47.7357 89.6908 183.01 50.1107 46.6745 108.785 181.312 90.1121 6.86704 18.5871 7.73686 77.4377 42.6126 118.871 0.0000120966 40.2994
-67.4017 34.1678 16.9431 26.3379 1.65359 19.1091 9.60216 25.8392 32.7556 76.4523 41.0551 47.7357 92.7732 183.01 50.1107 46.6745 108.785 181.312 95.3433 4.44048 5.49754 2.61509 7.89684 43.1403 21.8425 0.0000102488 38.9524
-67.0401 33.2228 15.3996 26.3379 1.65359 21.5301 12.5189 25.6104 34.3556 78.9148 41.0551 38.5938 92.7732 183.01 50.1107 45.9853 111.246 183.061 99.1532 5.19931 3.9178 14.1442 14.3221 53.7842 26.2195 0.0000237817 40.2534
-68.1896 33.2228 16.4571 26.3379 1.65359 21.5301 7.30264 25.6104 33.305 78.9755 50.6999 38.5938 92.7732 183.01 53.3645 45.9853 111.246 178.796 76.0543 5.67815 5.93284 15.6752 21.2573 30.8923 4.92599 0.0000310688 40.5669
-67.8827 33.2228 16.4571 17.2615 0.198385 23.7794 12.3908 30.561 33.8399 78.9755 50.6999 38.5938 92.7732 183.01 53.3645 45.9853 112.798 179.48 75.7356 5.67815 7.59658 35.5168 55.8911 30.8923 111.234 0.000128793 46.3
-69.955 39.0388 16.7559 17.2615 0.198385 15.8234 12.0747 30.561 35.9164 78.9755 50.6999 38.5938 92.7732 183.01 53.3645 45.9853 112.798 181.345 68.1151 6.95279 11.4386 26.774 40.9318 65.9265 47.6794 0.0000645259 46.4731
-69.955 39.0388 18.8561 14.8169 0.198385 17.7335 12.0747 27.2294 32.1353 78.9755 50.6999 35.688 92.7732 183.01 49.9693 46.6763 112.798 198.178 72.2284 14.0706 11.3727 15.7482 33.1067 66.7536 23.8559 0.0000309465 44.8993
-69.955 39.0388 12.1106 14.8169 5.91459 17.7335 12.0747 29.2347 34.6439 74.6301 50.6999 35.688 92.7732 183.01 59.6912 46.6763 112.798 191.04 72.2284 14.0706 11.5639 15.7482 124.349 16.7817 23.8559 0.00000908994 41.9903
-69.955 39.7414 12.1106 14.8169 5.91459 14.6319 12.0747 29.2347 36.5056 77.5071 50.6999 35.688 92.7732 183.01 59.6912 46.6763 112.798 177.44 72.2284 10.4078 11.3133 32.4996 124.349 16.7817 23.8559 0.0000204744 43.6775
-71.7252 44.4523 21.2149 15.8388 5.74115 14.9946 12.0747 22.9837 34.9554 70.3087 50.6999 35.688 92.7732 183.01 59.6912 46.6763 112.798 177.466 72.2284 15.7468 10.5588 32.4996 139.827 23.5047 27.4219 0.0000271151 51.0383
-72.2004 44.4523 21.2149 16.6807 5.74115 14.9946 12.0747 22.9837 36.0178 70.3087 50.6999 35.688 92.7732 183.01 56.1807 46.6763 112.798 177.466 72.2284 15.7468 9.67713 32.4996 139.827 23.5047 22.1519 0.0000271151 52.1325
-68.9055 44.4523 15.6584 16.6807 5.74115 16.1365 20.1085 18.7387 36.0178 71.9709 50.6999 35.688 99.9721 177.055 41.5784 46.6763 112.798 185.065 72.2284 26.0212 11.1118 32.4996 84.3517 23.5047 22.1519 0.0000271151 48.0116
-64.9603 44.4523 19.8418 13.8392 4.21692 16.1365 20.1085 19.0492 33.8106 68.9214 50.6999 35.688 106.614 177.055 29.418 46.6763 126.618 162.901 67.7993 4.12015 12.0835 30.3972 113.548 65.5743 6.23081 0.0000481047 49.1072
-65.8224 44.4523 19.8418 12.9879 4.21692 14.5525 19.4193 20.1969 32.6871 66.594 50.6999 56.5364 106.265 177.055 21.3243 48.5808 126.618 171.859 67.7993 20.797 11.8519 36.1165 72.0284 108.857 5.3701 0.0000327533 50.4303
-65.8224 40.6226 8.1451 12.9879 4.21692 21.4605 21.0611 25.6366 37.7762 66.594 50.6999 56.5364 102.949 177.055 22.1418 48.4325 126.618 171.859 44.4388 25.4287 8.95153 17.799 247.271 133.272 26.7976 0.0000304106 54.6344
-65.8224 40.6226 8.1451 20.1957 8.70437 21.4605 15.7259 25.6366 38.4374 65.4643 50.6999 35.6416 107.869 177.055 21.159 48.4325 126.618 181.122 73.2881 21.7318 11.7858 17.5746 184.936 151.994 20.053 0.000033944 47.5341
-64.9342 40.6226 8.1451 19.4089 8.70437 21.4605 15.7259 24.1614 38.2398 64.3526 50.6999 33.8097 117.4 177.055 15.3151 48.4325 126.618 200.795 73.2881 21.7318 12.0272 5.13399 80.0253 151.994 19.7597 0.0000698655 42.9802
-65.2733 40.6226 8.1451 19.4089 8.70437 21.4605 15.7259 16.1229 38.2398 74.7272 50.6999 33.8097 117.4 177.055 19.8857 48.4325 118.396 200.795 64.4816 21.7318 12.0817 8.95928 79.704 151.994 23.7292 0.0000698655 42.7324
-64.3906 40.6226 8.1451 19.4089 8.70437 21.4605 15.7259 16.1229 38.2398 74.8935 50.6999 33.8097 117.4 177.055 19.8857 48.4325 118.396 200.795 64.4816 21.7318 12.0817 10.1953 90.8536 86.1172 23.7292 0.0000368525 41.1482
-64.3906 40.6226 8.1451 19.4089 8.70437 21.4605 15.7259 16.1229 38.2398 74.8935 50.6999 33.8097 117.4 177.055 19.8857 48.4325 118.396 200.795 64.4816 21.7318 13.0811 15.3142 90.8536 86.1172 23.7292 0.0000162382 40.1897
-64.8392 40.6226 8.1451 19.4089 8.42761 21.7653 15.7259 16.1229 37.9882 74.8935 50.6999 33.8097 117.4 177.055 19.8857 48.4325 118.396 200.795 64.4816 21.7318 14.4586 15.2104 90.8536 54.988 34.2542 0.0000162382 39.1718
-65.1215 40.6226 8.1451 19.4089 8.42761 21.7653 15.7632 16.1229 37.8801 74.7392 50.6999 33.8097 117.079 177.055 19.8857 48.4325 118.396 200.795 64.4816 21.7318 17.0879 15.2104 55.3609 51.8005 34.2542 0.0000106113 38.6462
-63.149 40.6226 8.1451 13.1487 15.9728 21.7653 16.4221 19.7559 38.4178 74.8058 19.6149 33.8097 117.508 177.055 14.6718 84.8545 118.396 200.795 64.4816 26.2793 15.246 7.52212 76.5074 46.3448 19.1566 0.0000102254 47.3811
-63.9372 40.6226 8.1451 13.1487 15.9728 21.7653 17.3297 19.7559 38.661 73.8808 19.6149 41.4449 118.345 177.055 26.5254 64.8764 118.396 187.547 84.0759 0.759221 12.6624 6.2899 76.5074 22.2198 51.6259 0.00000851284 42.1617
-63.0333 41.5268 8.1451 10.7784 15.9728 21.7653 16.9405 19.2899 38.344 70.6675 19.6149 41.4449 133.539 175.681 7.86955 72.4366 124.593 187.547 84.0759 1.17085 14.4115 12.7261 87.0139 135.675 199.799 0.00000422845 46.5137
-62.8893 27.5016 8.92902 12.195 12.8388 38.9902 16.9405 15.7996 40.1038 65.5254 41.9105 24.8923 133.539 175.681 7.86955 86.7305 124.593 150.37 84.0759 2.24253 13.5385 12.2876 87.0139 162.24 200.697 0.00000465178 54.8229
-64.9882 19.0686 23.0767 11.9212 12.8388 21.2925 20.7208 20.424 40.1038 65.5254 41.9105 24.8923 133.539 175.681 6.75762 78.0304 124.593 170.869 84.0759 7.40506 20.3343 21.9052 81.2377 162.24 154.336 0.00000170494 41.6115
-68.0948 22.1567 19.4197 11.9212 12.8388 21.2925 20.7208 20.7426 41.3745 65.5254 41.9105 24.8923 133.539 175.681 6.75762 78.0304 124.593 170.869 84.0759 7.40506 20.4131 21.9052 4.07961 162.24 46.5682 0.0000018123 39.9709
-65.6472 30.0828 15.6708 11.9212 12.8388 21.1895 20.7208 20.2757 41.4652 62.9068 41.9105 24.8923 145.94 171.707 5.69081 70.0968 126.252 162.245 84.0759 5.77221 20.816 21.9052 4.07961 185.818 46.5682 0.00000326184 44.5057
-65.1449 35.0615 15.6708 11.9212 12.8388 21.1895 16.9359 17.0324 41.9806 60.5452 45.6176 45.1661 121.645 171.707 19.9818 55.1253 126.252 169.908 84.0759 7.48397 20.816 17.9156 19.8246 176.045 37.4964 0.00000326184 43.2543
-65.1449 35.0615 15.6708 17.2478 12.8388 21.1895 15.8401 17.0324 41.5836 60.5452 45.6176 45.1661 131.375 171.707 9.2849 55.1253 126.252 167.541 84.0759 7.48397 20.816 17.9156 25.5605 140.575 27.9566 0.00000327607 41.9815
-64.69 35.0615 15.6708 15.7483 12.8388 21.1895 15.8401 17.0324 42.4521 60.5452 45.6176 56.0851 110.86 171.707 17.8622 55.1253 126.252 167.541 82.0437 7.48397 20.816 18.1772 25.5605 91.1768 27.9566 0.00000332349 41.5117
-67.9429 35.0615 15.6708 15.7483 12.8388 21.1895 21.59 17.0324 41.797 63.2408 64.2239 62.3543 79.0409 171.707 17.8622 55.1253 126.252 172.352 82.0437 7.48397 20.816 18.1772 25.3962 29.9619 27.9566 0.0000050816 36.2374
-67.9239 35.0615 6.82435 15.7483 12.8388 30.1084 21.59 17.0324 41.797 63.2408 64.7133 62.3543 79.0409 171.707 17.6386 55.1253 124.825 172.352 82.0437 5.40116 20.816 18.1772 33.4805 29.9619 15.9602 0.00000284106 36.216
-67.2074 35.0615 7.91325 14.759 12.8388 30.1084 21.59 7.37276 41.797 69.8799 64.7133 56.5648 79.0409 171.707 19.9302 55.1253 126.733 184.964 82.0437 6.49774 3.88662 3.09247 18.2445 27.197 15.188 0.00000342671 36.2464
-66.5835 35.0615 7.91325 15.4664 12.8388 29.9862 22.6734 7.37276 42.3184 69.8799 64.7133 56.5648 85.7399 171.707 19.9302 44.0412 126.733 184.964 82.0437 6.49774 30.6785 7.3095 23.0225 76.5048 15.188 0.000000179903 34.8621
-66.9584 35.0615 7.91325 14.9475 5.46861 20.119 35.0735 14.4985 41.949 66.3414 64.7133 58.1588 85.7399 171.707 19.547 51.0889 119.706 179.186 82.0437 5.65289 30.6785 7.3095 30.092 19.4532 11.5131 0.000000264573 35.2306
-65.6989 35.0615 12.7833 13.0659 5.46861 20.119 35.0735 14.4985 41.949 66.2024 64.7133 58.1588 85.7399 177.105 20.6704 50.887 119.706 179.186 75.6741 3.95596 30.8951 5.32704 44.4709 28.4214 15.4827 0.000000264573 33.8
-67.8214 33.7916 14.239 14.6509 5.46861 20.119 35.0735 14.4985 40.8239 66.2024 58.1555 57.7782 85.7399 177.105 20.2971 50.887 115.412 179.186 84.7918 4.26834 40.2978 3.26587 47.9362 72.5422 11.7271 0.000000264573 35.6733
-65.6243 12.6635 30.1354 11.1073 5.46861 26.4936 35.0735 14.4985 40.8239 67.2448 58.1555 65.4281 69.4854 177.105 22.6835 50.887 115.412 179.186 84.7918 4.21574 27.4272 2.14543 26.0197 14.7465 44.7112 0.000000264573 37.5113
-67.3614 12.6635 30.1354 16.4301 5.46861 26.4936 47.7366 14.4985 40.8239 69.0876 55.1767 66.0594 69.4854 171.477 22.4768 50.887 111.5 179.186 84.7918 4.22887 30.3269 19.2834 16.4337 59.4518 166.944 0.000000264573 40.3228
-67.101 6.63873 30.1354 16.4301 5.46861 26.4936 46.2873 21.7796 40.8239 68.745 55.1767 64.0024 69.4854 171.477 23.6154 50.887 111.5 179.186 84.7918 4.41478 33.9121 3.21953 16.4337 59.4518 104.275 0.000000624339 39.3805
-67.472 5.21358 46.6194 16.4301 5.46861 13.2637 30.5344 15.9625 38.4653 68.6427 55.1767 64.2649 67.2411 171.477 28.6496 80.87 133.146 149.388 84.0486 7.63884 15.9042 12.6017 11.5924 35.4563 115.616 0.000000743608 42.1849
-67.0681 9.08091 46.7337 16.4301 4.58001 13.2637 1.55474 20.1751 62.4644 70.3267 55.1767 64.2803 67.2411 171.477 9.96335 75.1332 133.146 177.079 84.0486 13.1426 23.3476 4.6405 41.7464 35.2572 52.3104 0.000000743608 38.2817
-67.0681 8.22217 48.1764 11.9087 7.93149 12.5034 1.55474 20.1751 62.4644 68.4842 55.1767 64.008 74.1167 171.477 11.4063 75.1332 128.849 177.079 84.0486 12.9007 23.4828 3.52839 85.816 32.7114 47.5956 0.000000441791 36.1965
-66.9552 9.98999 48.1764 11.9087 7.93149 12.5034 0.857262 20.1751 62.4644 69.0599 55.1767 63.4161 74.1167 171.477 12.0899 75.5947 128.849 177.079 84.0486 10.2003 19.946 3.48913 65.4407 48.198 59.1861 0.00000103402 38.9786
-66.3729 3.58371 32.0841 9.538 29.2425 14.3144 2.45878 24.1024 62.4644 67.2007 55.8608 63.493 74.1167 171.477 5.4051 75.5947 131.654 186.437 84.0486 24.8713 5.02888 0.310655 45.5611 87.7411 31.07 0.000000220571 37.2125
-65.4527 3.58371 33.4108 9.538 26.8303 14.6146 2.03488 65.207 16.8226 65.2227 55.8608 65.5573 84.325 171.477 5.4051 64.1328 131.654 188.699 84.0486 8.33213 5.02888 8.78628 18.8758 82.445 30.0771 0.000000165682 34.4612
-66.4854 5.22864 28.4889 14.1025 28.5337 11.2079 1.94397 64.3613 13.663 65.5535 55.8608 66.4234 85.3101 171.477 5.4051 64.1328 131.654 177.952 94.4575 23.8396 5.02888 8.78628 18.8758 69.6102 27.6737 0.000000165682 36.3955
-66.4854 5.27349 27.8098 13.1294 30.136 12.6787 2.93048 69.1436 15.1265 63.8291 55.8608 61.1971 85.261 171.477 5.4051 64.1328 131.654 177.952 94.4575 16.1096 7.22549 5.65333 51.1657 89.7622 49.3556 0.000000165682 35.3919
-63.8369 5.25812 26.643 13.7465 30.4061 9.43362 7.03204 69.1436 14.8826 60.1059 55.8608 60.6134 85.261 171.477 8.52799 64.1328 133.787 177.952 93.3143 19.6818 8.87309 4.99592 30.2887 20.8891 49.3556 0.0000065542 37.5338
-65.146 5.45675 19.6268 13.4887 37.6927 4.87554 10.0199 74.8028 11.3115 67.3204 55.8608 49.3643 85.261 178.732 6.88957 64.1328 130.747 177.952 93.3143 24.5646 4.33758 0.684082 21.2712 10.6498 29.2961 0.00000759914 38.0781
-66.5166 4.03959 20.8069 12.3252 37.9103 8.28644 5.42475 74.8028 11.3115 66.1445 55.8608 52.7625 87.5396 178.732 6.88957 64.1328 130.747 171.487 93.3143 24.8072 4.33758 4.23654 12.8803 19.942 29.2961 0.00000672211 37.3028
-67.3153 3.992 20.0057 12.2057 42.7938 8.28644 4.57855 69.5722 16.2341 66.1445 55.8608 52.7625 79.2792 178.732 6.88957 64.1328 130.747 171.487 93.3143 13.0411 1.73725 4.39659 12.8803 20.5655 8.2311 0.00000637939 37.9818
-64.9996 3.42353 19.8186 6.56495 46.8292 6.59521 5.20306 73.1057 16.2341 66.1445 55.8608 48.6913 77.5054 178.732 13.9456 64.1328 130.747 171.487 93.3143 16.3225 17.6627 1.27309 15.706 22.5474 33.9235 0.00000509724 39.211
-65.2797 6.34654 29.2863 6.56495 47.1721 5.5094 12.8318 60.3698 12.0174 66.1445 55.8608 48.6913 77.5054 178.732 16.7275 64.1328 130.747 171.487 93.3143 16.9909 17.6627 3.74433 25.8188 26.2827 28.4339 0.00000422697 36.9719
-66.4829 8.79605 18.6513 6.56495 49.7353 1.30553 12.8318 63.2041 12.0174 64.3663 66.6652 48.1581 75.263 178.732 61.436 70.2231 78.9582 171.487 93.3143 5.88194 21.3592 1.58601 23.1195 24.9515 15.9712 0.0000000888531 33.3946
-65.5666 7.14326 15.9981 6.56495 57.8396 1.30553 10.5708 66.5502 6.7046 64.3663 74.0083 21.5839 79.7948 184.673 65.3981 63.946 83.6272 169.674 93.3143 0.558686 29.3128 1.58601 28.8246 22.1947 33.4416 0.0000000888531 41.6431
-65.4067 7.86482 1.7498 11.1408 57.8396 1.94814 10.0975 65.2892 18.8764 68.6308 74.0083 21.5839 73.8343 184.673 35.7654 93.8382 85.1439 169.674 93.3143 1.28648 45.7567 1.58601 24.3691 31.69 1.15899 0.0000000888531 37.238
-65.7944 8.56909 1.7498 11.1408 63.7557 1.94814 10.0975 60.9098 20.0925 66.887 74.0083 21.5839 73.8343 184.673 35.7654 93.8382 85.0517 169.674 93.3143 1.28648 45.7567 5.87288 42.2393 52.7354 22.7182 0.000000284443 40.9827
-65.8647 8.56909 52.0128 11.1408 12.0004 1.94814 12.5929 60.9098 13.9972 73.1266 74.0083 21.5839 73.8343 184.673 30.768 93.8382 87.7961 169.719 93.3143 1.28648 33.8524 16.7884 86.1747 40.3311 1.09663 0.00000037008 38.305
-65.7551 4.94854 47.9082 12.5861 23.9524 1.94814 12.5929 73.1757 13.9972 73.1266 74.0083 9.58605 71.2626 184.673 28.5438 95.1502 92.3717 169.719 86.9445 1.41188 26.0503 15.8895 88.2617 56.2111 1.09663 0.00000037008 39.0912
-65.1963 4.00533 50.8609 13.8375 14.1921 1.7685 19.3432 73.1757 12.3501 73.1266 74.0083 9.58605 71.2626 184.673 28.5438 97.7072 88.4729 173.105 86.9445 4.60004 26.0503 10.7189 88.2617 94.9739 1.09663 0.00000037008 39.6927
-66.8374 4.00533 50.8609 13.8375 14.1921 2.92249 20.0543 73.1757 12.3501 73.4376 74.0083 9.58605 71.2626 184.673 28.5438 96.3831 87.6327 173.105 86.9445 4.48165 26.0503 10.7189 13.7868 18.7695 70.5495 0.00000037008 34.4717
-66.1078 4.70059 49.3822 14.1224 14.1921 3.27141 20.0543 73.1757 12.3501 73.4376 74.0083 11.0977 72.0023 184.673 31.3233 96.3831 87.6327 173.105 86.9445 9.04967 23.5886 9.05589 24.7508 42.6995 31.1033 0.000000833859 34.5584
-65.6831 3.92256 58.0434 16.4123 4.16789 2.52041 23.4884 66.762 12.3501 80.1452 47.0008 11.0977 88.4198 182.807 27.1464 100.728 91.9922 173.105 84.5742 17.1543 8.03796 4.90113 140.037 93.4905 31.1033 0.00000161332 43.3835
-67.3522 3.29459 9.42817 15.23 52.7016 1.58892 21.2575 66.762 15.1643 80.1452 47.0008 20.2798 88.2232 182.807 17.4926 95.4055 105.852 216.615 25.1548 17.0597 10.502 3.17285 55.4378 98.1258 31.1033 0.00000277863 44.5414
-65.794 3.18011 9.42817 15.23 52.7016 1.58892 21.4296 67.6677 15.1643 80.1452 47.0008 20.2798 88.2232 182.807 22.756 86.3845 105.852 216.615 25.1548 17.0597 10.502 9.69603 49.2055 83.4534 124.145 0.00000126115 41.3089
-65.5302 2.42638 12.1828 15.23 52.7016 0.89929 21.8068 66.2548 15.1643 80.1452 47.0008 20.2798 88.2232 182.435 24.8761 82.7699 96.146 216.615 45.4033 1.50497 51.4386 12.8757 74.8947 39.8312 163.776 0.000000672833 47.2428
-66.5369 2.42638 14.7417 14.8779 53.2682 1.16515 20.3605 66.2548 15.1174 76.7359 47.0008 20.2798 88.2232 182.435 40.1742 64.5408 104.745 216.615 45.4033 4.95266 39.1789 9.26896 71.0554 51.7846 116.736 0.000000259832 40.7836
-66.5493 2.20587 14.7417 14.1002 53.2682 1.16515 20.3605 62.9486 15.1174 76.7359 47.0008 20.2798 88.2232 182.435 40.1742 63.6877 107.345 216.615 45.4033 3.46363 39.1789 9.26896 66.8776 102.551 116.736 0.000000259832 40.7212
-65.742 0.591454 10.0307 14.6607 57.8398 0.546749 19.1071 62.9486 15.1174 76.7359 47.0008 20.2798 95.0286 182.435 51.106 67.1867 98.8639 216.615 45.4033 0.672333 38.413 10.1985 63.9806 61.4517 84.7162 0.000000290854 44.2486
-63.3823 2.07985 16.3259 12.6598 41.6039 4.05028 27.1192 64.6099 17.2916 53.4187 47.0008 50.4422 132.567 147.682 51.106 46.3261 99.3117 210.246 45.4033 9.28673 38.413 5.49953 65.2123 61.4517 14.7425 0.000000395118 40.3532
-68.8533 1.83979 13.4985 16.6216 46.9499 5.67318 22.5913 62.07 17.2916 52.2856 47.8268 50.4422 132.567 147.682 53.4508 41.7977 101.435 210.246 45.4033 9.28673 34.8082 3.03946 64.1401 61.4517 46.4787 0.000000269198 37.7528
-67.7264 0.380593 13.4985 16.6216 46.9499 9.439 22.5913 59.5772 17.2916 52.2856 47.8268 31.1119 132.567 147.682 53.4508 41.7977 122.666 210.246 45.4033 9.28673 34.8082 1.92254 67.008 34.8575 46.3471 0.000000620535 37.2643
-63.4658 0.380593 13.4985 16.6216 46.9499 8.77161 22.5913 59.5772 17.2916 52.2856 47.8268 31.1119 132.567 147.682 53.4508 41.7977 122.666 210.246 45.4033 6.56565 34.8082 1.92254 24.095 79.2306 34.5884 0.000000620535 38.4688
-66.4783 8.91835 13.4985 16.3571 44.0302 8.92157 22.5913 60.6302 17.2916 49.1545 47.8268 38.0081 132.567 147.682 50.2545 41.7977 122.666 210.246 45.4033 6.43961 29.8209 1.70053 13.273 66.5938 61.6419 0.00000125554 39.5959
-66.1302 0.584967 13.4985 28.2231 44.0302 8.91625 22.5913 59.6629 11.9148 33.4838 47.8268 46.8358 132.567 147.682 50.2545 45.1626 122.666 210.246 45.4033 9.33095 34.561 4.67052 13.6709 79.3425 1.08161 0.00000125554 39.1225
-65.3373 2.59465 13.4985 28.2231 44.0302 9.06752 24.2785 59.3615 13.3229 31.4803 47.0236 46.8358 198.985 108.052 50.8307 37.6633 107.603 210.246 45.4033 12.7938 24.6656 8.94379 13.6709 79.3425 12.0195 0.00000311163 38.2857
-66.0968 2.59465 13.4985 28.2231 44.0302 9.04962 23.1697 60.5156 13.3229 31.4803 47.0236 33.0692 198.985 108.052 50.8307 37.6633 106.936 210.246 45.4033 12.7938 34.0768 8.94379 48.6227 52.3359 17.8215 0.00000191681 38.3717
-66.0968 2.59465 13.4985 23.2756 44.0302 9.0772 26.5364 60.1024 5.31292 41.3354 47.0236 33.0692 198.985 108.052 58.2749 37.6633 106.936 195.396 45.4033 9.69711 38.8421 14.8829 66.2182 54.121 16.8603 0.00000180483 42.6034
-66.0614 2.59465 13.2803 15.9739 44.0302 9.05896 31.7046 60.3495 5.31292 41.3354 47.0236 33.0692 190.29 108.052 58.2749 39.1199 109.196 195.396 45.4033 10.7876 45.2888 11.8224 38.9872 59.2459 16.8603 0.00000121178 42.1259
-66.0179 11.4108 9.77367 18.7211 39.3225 9.08772 31.7046 60.3495 9.91507 42.5061 47.0236 33.0692 190.29 105.365 68.5826 39.3069 105.8 199.806 45.4033 5.1902 41.4434 8.80245 38.9872 60.7728 14.4469 0.00000188604 37.6435
-67.2417 13.1396 10.0056 17.0119 35.9852 8.69788 33.2423 60.3495 9.91507 43.5852 47.0236 33.0692 191.678 105.914 68.5826 39.3069 105.8 199.806 45.4033 8.4092 25.3182 6.82331 33.6933 22.3206 17.7081 0.00000167488 37.2365
-67.2417 11.8334 10.0056 14.4713 35.9852 9.63571 34.4501 60.3495 13.096 32.737 47.0236 33.0692 191.678 105.914 68.5826 42.1399 105.8 217.641 45.4033 10.7141 30.6737 3.69126 33.6933 152.512 67.222 0.00000360732 41.1704
-66.9822 11.2911 10.0056 14.4713 35.9852 10.045 37.2202 58.5082 18.893 33.8586 47.0236 33.0692 191.678 105.914 76.9749 29.197 102.792 217.641 45.4033 7.24663 26.9492 3.02376 30.457 127.758 53.0408 0.00000360732 38.6791
-66.9768 5.49953 15.0589 21.9449 35.9852 8.90844 40.9678 56.596 4.30927 33.8586 40.6204 50.9281 191.678 105.914 68.3142 29.5877 106.758 217.641 44.0445 5.17008 35.1818 0.607598 76.7952 89.2817 39.4659 0.00000252847 40.2354
-66.984 4.55606 15.0589 21.9449 36.427 9.65831 40.9678 56.596 4.30927 33.8586 40.6204 50.9281 189.406 112.044 68.3142 29.5877 106.758 217.641 44.0445 7.38546 29.5545 4.42317 76.7952 74.5296 13.5404 0.00000252847 37.8421
-66.9906 4.55606 15.0589 21.9449 36.427 9.65831 40.9678 55.5269 4.30927 33.8969 40.6204 50.158 189.406 112.044 71.9573 29.5877 106.758 217.641 37.0236 8.48542 24.2198 4.64052 76.7952 141.862 35.232 0.00000527399 39.9779
-67.064 4.34724 15.0589 27.7456 33.7443 8.82666 40.9678 55.5269 4.67034 36.0991 40.6204 35.6311 189.406 112.044 71.9573 29.5877 102.762 217.641 37.0236 11.7783 28.3032 2.62692 56.9871 141.862 9.85399 0.00000923146 46.3287
-67.064 7.59176 15.0589 28.0104 34.136 17.5565 40.9678 45.4165 4.50727 36.0991 40.6204 35.6311 189.406 112.044 71.9573 29.5877 102.762 217.641 42.7911 17.645 25.5292 4.24233 12.6431 190.009 23.5276 0.00000610088 43.6454
-67.0367 6.42245 15.5288 28.0104 34.136 14.2855 38.8384 45.4165 9.35224 36.0991 40.6204 35.6311 189.406 112.044 71.9573 29.5877 101.961 217.641 42.7911 17.645 25.5292 3.7151 57.8093 203.593 18.3688 0.0000114559 42.5738
-67.057 6.42245 1.46232 28.0104 35.6987 14.2855 54.3286 45.4165 9.35224 36.0991 13.4212 46.5327 212.416 112.044 70.1187 29.5877 103.279 217.641 42.7911 0.469651 25.5292 2.71868 6.60969 143.242 2.4533 0.0000209691 44.0112
-66.9385 10.3058 1.46232 24.9198 35.6987 14.2855 73.202 21.6767 9.35224 67.1122 13.4212 46.5327 176.884 112.044 81.6798 32.6145 92.197 214.034 42.7911 18.1901 25.5292 2.71868 6.60969 143.242 0.950856 0.000011082 43.651
-66.6449 7.75956 0.615247 24.9198 35.6987 16.0115 73.202 21.6767 15.1563 67.1122 13.4212 46.5327 176.884 112.044 81.6798 32.6145 91.3754 216.124 42.7911 18.1901 23.3558 7.89658 6.60969 122.71 4.90562 0.0000201576 43.2939
-66.7449 7.75956 6.0015 20.9956 35.6987 13.8366 73.3164 21.6767 14.7802 67.1122 13.4212 46.5327 182.534 112.044 81.6798 26.3265 91.3754 229.393 42.7911 6.44549 20.1221 7.89658 6.60969 51.2144 4.90562 0.0000477791 40.2884
-66.2563 7.75956 6.0015 20.9956 35.6987 14.2221 73.3164 21.6767 14.7802 67.1122 13.4212 46.5327 182.534 112.044 81.6798 23.5111 91.3754 229.393 42.7911 4.68457 20.1221 7.89658 6.60969 46.6152 11.2304 0.0000477791 39.6583
-66.7836 16.3767 6.0015 20.9956 25.6685 14.2221 73.3164 21.5729 14.7802 67.1122 13.4212 46.5327 182.534 112.044 81.6798 23.5111 91.3754 229.393 42.7911 5.25517 9.24164 5.45722 24.1076 46.6152 2.29666 0.0000671817 41.9167
-66.4405 21.5033 6.0015 15.0251 25.6685 14.2221 71.4372 21.5729 20.3097 67.1122 13.4212 41.2615 185.847 112.044 81.6798 22.3553 86.0376 229.393 42.7911 8.36091 9.24164 5.45722 79.025 76.6213 40.6786 0.000138755 45.9419
-66.4795 21.5033 6.0015 15.7171 25.6685 14.2221 71.4372 21.5729 20.3097 67.1122 13.4212 25.9094 185.847 112.044 102.116 22.3553 90.115 219.795 42.7911 10.9942 8.09783 5.45722 79.025 75.2075 35.7714 0.0000936897 44.7269
-66.4795 24.0799 6.0015 17.7938 26.3762 12.7302 71.4372 21.5729 16.0553 67.1122 13.4212 25.9094 185.847 103.591 102.116 22.3553 92.2907 218.593 42.7911 10.9942 10.8288 1.46618 79.025 42.8714 30.2067 0.000123907 44.7493
-64.0838 25.9593 4.00201 13.9382 28.2909 14.6436 71.4372 21.5729 15.9725 66.1673 28.505 22.5152 188.043 105.849 102.116 22.3553 91.8718 216.669 42.7911 10.9942 12.0189 3.03055 79.025 16.0726 23.5639 0.00003441 40.9595
-64.2843 24.4293 1.87055 13.9382 31.7067 13.2033 69.9347 21.5729 15.3862 70.9 49.2082 22.5152 188.043 77.7212 5.15492 122.031 91.8718 216.669 46.7928 26.7821 8.92935 3.03055 71.3114 14.6471 25.4646 0.0000773217 43.3133
-64.2843 24.4293 1.87055 13.9382 31.7067 13.4703 69.9347 21.5729 15.3862 70.9 49.2082 22.5152 188.043 77.7212 4.92048 122.031 92.4995 216.669 46.7928 26.7821 4.01329 3.03055 92.3674 14.6471 25.3486 0.0000685592 43.4246
-67.8157 24.4293 1.36971 13.9382 31.7067 13.3144 69.9347 21.5729 15.3862 75.0565 49.705 22.5152 188.043 77.7212 96.4707 31.3618 89.4102 216.669 46.7928 26.7821 6.18128 5.00446 75.7705 10.3871 26.9798 0.0000134468 40.8672
-67.0922 23.6717 1.36971 18.4745 31.7067 13.2923 61.0265 21.5729 15.3862 71.688 49.705 22.5152 188.043 77.7212 101.564 31.3618 89.4102 216.669 46.7928 26.7821 2.66799 5.00446 163.453 11.1851 25.8802 0.0000134468 43.4291
-64.7787 23.3766 1.36971 27.7468 31.63 13.3743 57.7638 21.5729 15.8809 71.688 75.0245 22.5152 189.058 55.4471 88.1578 31.3618 89.4102 216.669 46.7928 4.47082 2.66799 5.00446 157.206 12.338 19.568 0.0000134468 43.287
-64.7787 24.559 1.36971 27.8499 31.63 13.4719 57.7638 15.7931 14.6815 71.688 75.0245 22.5152 189.058 55.4471 88.1578 39.6148 89.4102 216.669 46.7928 1.66464 1.08069 7.32563 157.206 9.85749 27.941 0.0000143143 44.8647
-64.7787 24.559 1.36971 27.8499 31.63 13.5383 57.7638 15.7931 19.7351 69.214 75.0245 22.5152 189.058 55.4471 88.1578 39.6148 89.4102 216.669 46.7928 4.74483 1.08069 15.3746 9.33618 28.2079 4.18573 0.0000107623 39.6304
-64.7787 24.559 1.36971 27.8499 31.63 13.4686 61.8048 15.7931 19.3627 69.214 75.0245 22.5152 189.058 55.4471 82.4092 39.6148 93.2934 216.669 46.7928 13.6566 0.259349 22.2782 9.33618 20.1094 4.18573 0.0000107623 41.7114
-64.6043 24.559 1.36971 27.8499 31.63 13.4686 61.8048 15.7931 19.447 69.214 75.0245 23.4021 189.058 57.7072 82.4092 30.3336 93.2934 216.669 46.7928 14.3602 7.4474 18.6099 16.6763 20.6344 3.33053 0.0000451355 43.3104
-64.6043 24.559 1.36971 28.1084 28.8831 13.5708 61.8048 15.7931 19.447 69.214 75.0245 23.4021 189.058 57.7072 82.4092 35.9589 93.2934 216.669 46.7928 14.3602 7.4474 18.6099 16.6763 20.6344 7.92097 0.0000451355 39.4216
-64.6043 24.559 1.36971 28.1084 28.8831 13.5708 61.8048 15.7931 19.447 69.214 75.0245 23.8491 189.058 59.7813 86.5369 25.0434 93.2934 216.669 46.7928 14.3602 7.4474 18.6099 46.5785 20.6344 7.92097 0.0000451355 41.2402
-66.2487 24.559 1.36971 19.3499 28.8831 13.5025 63.1294 15.7931 22.8971 69.214 75.0245 23.8491 189.058 58.2461 89.3889 25.0434 93.2934 226.393 46.7928 24.8785 3.30138 11.3709 0.714888 33.664 44.0668 0.00015481 44.3656
-66.0404 24.559 1.36971 19.3499 27.5733 13.4796 63.1294 13.1782 21.4158 60.8267 80.2877 33.1905 189.058 58.2461 79.9965 29.2508 93.2934 226.393 46.7928 28.5399 8.60805 9.03191 3.17179 37.1772 44.3161 0.000147367 44.0384
-65.3104 24.559 1.36971 17.6361 28.2515 15.0776 74.7736 13.1782 21.4158 56.5038 80.2877 33.1905 189.058 58.2461 80.4119 29.2508 81.5542 226.393 46.7928 28.5399 5.42971 10.1604 45.1051 2.08961 66.7951 0.0000509493 43.4397
-65.3813 24.559 2.52698 17.6361 29.8793 15.3033 74.7736 13.1782 23.2464 56.5038 80.2877 36.8082 185.514 55.1235 81.9415 29.2508 81.5542 226.393 42.0564 28.5399 9.33815 8.821 45.1051 10.5366 66.7951 0.0000333779 40.9311
-66.0907 24.559 2.52698 9.00661 30.1463 15.2471 74.7736 13.1782 23.6528 67.6748 80.2877 40.2231 139.484 92.4495 80.7077 29.2508 78.8658 235.557 42.0564 34.748 5.61451 3.4486 62.4829 63.7878 36.7413 0.0000319616 46.9516
-66.0907 36.3162 4.2214 4.79939 26.8223 15.9108 75.3006 13.5187 23.4902 62.4821 80.2877 35.7319 139.484 92.4495 82.5477 29.2508 89.0499 235.557 42.0564 24.2477 3.05923 0.933936 12.1818 63.7878 44.4726 0.0000110346 43.3945
-65.3145 36.3162 5.82412 4.61203 25.8636 16.0042 75.3006 13.5187 20.6481 59.0285 80.2877 39.7184 114.677 111.779 78.9365 29.2508 95.868 225.942 47.1923 28.5571 2.31628 4.00314 57.0489 12.2875 38.117 0.00000557782 37.7247
-66.4157 36.3162 5.82412 4.61203 25.5377 16.6904 76.5733 13.5187 20.6481 59.0285 80.2877 38.1742 112.333 117.377 80.1962 29.2508 95.868 225.942 47.1923 2.8501 17.5478 6.58728 223.701 5.55614 76.4088 0.00000787196 43.4723
-66.5098 37.3493 8.14535 4.61203 24.0616 15.2015 72.9975 13.5187 21.5878 59.0285 80.2877 33.2504 109.204 118.777 80.2541 29.2508 106.793 225.942 47.1923 3.52827 25.9051 1.74109 113.292 29.7214 36.6141 0.00000816561 41.3753
-67.271 16.2665 8.14535 17.3456 27.3582 14.2201 65.2489 8.9922 20.4157 59.0285 80.2877 33.2504 116.829 130.665 86.5445 21.869 106.793 225.942 47.1923 9.71635 23.0431 2.63067 31.955 19.7085 27.4125 0.00000387057 36.2291
-67.2043 16.2665 6.0149 25.34 29.6815 21.7232 69.7534 8.70199 19.2727 35.0302 79.7331 33.2504 118.993 135.038 89.214 27.1722 96.2536 225.942 47.1923 5.43926 23.0431 2.79697 142.953 16.7956 36.262 0.0000117293 40.0835
-67.2043 22.8743 6.0149 20.4921 29.6815 21.7232 69.7534 8.70199 17.164 35.0302 79.7331 33.2504 118.993 135.038 83.3015 27.1722 96.2536 225.942 47.1923 5.43926 28.5007 5.20999 95.9116 16.7956 36.262 0.0000117293 39.652
-67.2035 22.8743 6.0149 20.4921 29.6815 19.9251 69.7534 8.70199 17.164 35.0302 79.7331 37.5047 118.993 135.038 85.9629 27.1722 96.2536 225.942 47.1923 5.43926 28.5007 5.12319 12.6965 16.7956 20.0903 0.0000117293 37.4404
-67.1267 12.926 1.56253 20.5594 31.4302 23.6456 68.0209 8.70199 21.4423 44.5371 79.7331 38.7951 119.006 135.038 85.9629 27.1722 96.2536 225.942 47.1923 4.93487 28.5007 3.34052 29.8905 74.8488 6.90378 0.0000143697 39.9025
-67.1267 12.926 1.56253 20.2797 31.4302 20.8782 72.215 8.70199 15.3334 44.5371 79.7331 37.7232 118.492 135.038 85.9629 27.1722 96.2536 225.942 47.1923 4.93487 28.5007 3.34052 24.4043 65.9268 14.979 0.0000066063 39.163
-67.1352 12.926 1.56253 20.2797 31.4302 20.6553 89.0965 8.17427 6.31222 45.4661 80.7667 48.7999 105.593 135.038 89.8191 27.1722 94.4359 225.942 37.1396 3.02488 30.2726 0.830169 26.855 102.69 27.301 0.00000185253 37.7256
-67.1507 10.9685 0.689527 20.2797 34.387 21.9232 84.6114 13.5999 6.31222 45.4661 80.7667 49.1235 104.749 135.038 86.7151 27.1722 98.6017 225.942 37.1396 5.70741 21.1779 13.422 8.74778 69.953 27.301 0.00000100099 35.6572
-66.9614 13.928 2.00725 20.2797 30.4189 23.8842 78.1644 13.5999 6.31222 37.2601 80.7667 57.3055 104.749 129.281 86.7151 21.9235 106.249 225.942 37.1396 7.44234 29.3215 14.1809 17.3418 70.424 2.14171 0.000000777583 36.9038
-66.2 10.8625 2.00725 26.8344 30.4189 23.8842 16.8611 73.052 6.31222 41.6485 84.3014 57.3055 104.749 129.281 87.5586 11.9503 112.009 225.942 37.1396 7.44234 15.8768 11.6772 4.44492 70.424 2.14171 0.000000777583 37.0303
-66.2799 13.8476 2.00725 28.9321 30.4189 23.2726 16.8611 69.9826 6.31222 43.5803 80.2314 58.1598 107.316 129.281 85.6936 11.9503 112.009 225.942 37.1396 6.95301 20.0157 15.3361 4.44492 41.6578 30.8731 0.00000109877 35.3756
-67.4745 5.82802 2.00725 29.3937 29.2659 24.1865 17.9818 76.2362 6.31222 43.5803 80.2314 57.3531 106.804 129.281 84.0332 11.9503 112.009 225.942 37.1396 9.4211 6.53901 23.3926 46.9722 106.494 7.68586 0.00000109877 36.6013
-68.091 11.7431 2.00725 29.3937 31.1467 24.1865 13.4855 75.3924 6.31222 42.644 80.2314 59.7425 106.881 129.281 76.7207 11.9503 112.009 225.942 37.1396 8.71165 3.71258 39.3108 44.4665 40.6886 7.68586 0.00000109877 39.4361
-66.3202 11.7431 2.00725 25.5479 31.1467 30.0202 13.4855 73.1571 6.31222 42.644 80.2314 30.1115 142.266 129.281 74.184 12.8502 112.009 225.942 37.1396 9.03645 7.13252 39.3108 23.4013 152.065 26.9967 0.000000734596 41.3844
-66.2124 11.7431 2.00725 26.9461 29.4966 29.7325 13.4855 73.1571 6.31222 42.644 80.2314 30.1115 135.668 129.281 73.1953 12.8502 112.009 225.942 37.1396 13.4595 7.13252 39.3108 23.4013 122.213 27.0775 0.000000734596 37.1101
-66.2124 11.7431 2.00725 26.9461 29.0666 29.7325 10.5689 73.1571 6.31222 42.644 80.2314 30.1115 135.668 129.281 73.1953 36.6057 91.4064 225.942 37.1396 14.3412 3.65524 37.4682 120.351 122.213 20.0288 0.000000745063 38.7527
-66.0124 11.7431 2.00725 26.9461 29.0666 32.8539 10.5689 73.1571 6.31222 39.413 80.2314 30.1115 135.668 129.281 72.9049 36.6057 91.4064 225.942 37.1396 6.16411 7.20722 37.0921 120.351 122.213 20.0288 0.00000270334 39.7504
-66.3485 13.9853 2.00725 26.9461 25.9947 34.3404 10.5689 73.1571 6.31222 39.413 80.2314 34.3819 135.668 129.281 81.6996 36.6057 91.4064 225.942 37.1396 13.8714 7.20722 25.0824 91.6274 102.849 18.362 0.00000270334 41.1855
-66.2013 13.9853 2.00725 26.9461 25.9947 34.3404 10.5689 73.1571 6.31222 39.413 80.2314 34.3819 135.668 115.379 95.3443 36.6057 91.4064 225.942 37.1396 0.412679 11.2219 25.0824 21.2612 102.849 20.4521 0.00000159742 37.2333
-65.9955 16.0461 2.00725 23.136 25.9947 34.3404 10.5689 92.7486 6.31222 39.413 81.4263 29.1946 120.408 115.379 110.687 37.1334 73.4437 225.942 37.1396 7.99184 8.21704 25.0824 21.2612 75.3847 12.6671 0.00000172801 36.0061
-66.0415 16.0461 2.00725 23.136 24.5742 34.3404 10.5689 76.4098 6.31222 39.413 81.4263 51.1148 120.408 115.379 110.687 37.1334 73.4437 225.942 37.1396 5.88948 13.5521 12.0342 49.0942 75.3847 17.1658 0.00000146014 36.2963
-66.0415 14.7861 2.00725 23.136 24.5742 34.3404 1.44445 71.083 6.31222 51.8798 81.4263 51.1148 120.408 115.379 110.687 27.898 73.4437 225.942 34.1961 11.7974 15.0112 6.90784 49.0942 54.8794 7.8485 0.00000138155 39.1589
-66.0415 4.39231 2.00725 28.5901 22.2141 34.3404 1.44445 78.796 8.51594 51.8798 81.4263 70.204 123.786 98.2179 97.129 28.6158 87.2727 225.942 37.8385 12.1613 15.0112 12.2637 59.6246 55.2625 10.6058 0.000000247074 34.1366
-65.4285 4.92928 2.00725 28.1835 20.401 36.6897 3.77688 79.7621 8.51594 51.1859 80.9852 69.3372 125.627 94.2343 97.129 28.6158 87.2727 225.942 37.8385 13.2389 9.99996 16.5199 2.94126 34.29 19.9463 0.000000281266 32.8074
-66.1358 4.92928 2.00725 28.1835 17.1288 36.6897 3.77688 79.7621 8.51594 46.0964 84.2302 69.3372 125.627 94.2146 104.009 28.6158 87.2727 225.942 37.8385 13.2389 10.6763 16.5199 13.6767 19.1848 20.9675 0.0000000822039 31.955
-67.3323 12.1155 2.00725 28.1835 15.5972 34.5106 7.73833 79.7621 8.51594 44.8927 90.3706 69.8963 131.063 85.6782 104.009 28.6158 68.7442 225.942 38.4506 14.6479 8.25431 28.7193 59.3699 19.1848 29.8599 0.0000000159894 32.1327
-67.2134 12.1155 2.00725 28.1835 15.5972 34.5106 9.07634 67.9106 20.0616 44.8927 77.9485 70.166 131.063 91.1992 104.009 28.6158 68.7442 225.942 38.4506 16.4981 7.98553 27.328 59.3699 34.997 28.6079 0.0000000159894 31.1107
-67.2134 12.1155 2.00725 37.2494 16.9915 34.5106 9.07634 58.5828 20.0616 45.245 77.9485 70.166 131.063 91.1992 104.009 29.8071 81.8097 225.942 38.4506 16.4981 7.45813 15.6105 13.2699 34.997 3.48168 0.0000000159894 30.7077
-64.7342 12.1155 2.00725 37.2494 16.9915 34.5106 9.07634 59.9202 22.0957 41.445 77.9485 69.9788 127.347 91.5906 115.265 29.8071 68.7157 225.942 38.4506 18.8494 7.77087 12.5019 13.2699 104.796 9.35216 0.0000000407651 32.5256
-64.7342 12.1155 2.00725 37.2494 17.2164 34.5106 8.41026 59.9202 23.7205 40.8297 77.9485 68.5962 121.689 89.5881 111.059 29.8071 68.7157 225.942 38.4506 17.4021 8.3786 12.5019 91.3529 77.3168 6.90705 0.0000000407651 41.2087
-64.9997 9.33556 2.00725 39.0726 17.2164 34.5106 8.41026 74.4172 23.7205 35.7068 77.1884 70.4229 120.584 89.5881 108.042 29.8071 68.7157 225.942 47.3985 28.4549 8.70042 4.14494 90.4049 125.379 7.5366 0.0000000375109 37.2903
-65.8492 9.33556 2.00725 37.1682 18.4788 34.5106 8.76744 71.1646 31.5904 35.7068 74.1217 70.6675 120.037 89.5881 108.042 26.4319 68.7157 225.942 47.3985 31.9928 8.22943 2.07744 67.1774 136.789 6.41371 0.0000000375109 36.7433
-66.1726 9.33556 2.05825 37.1682 18.6072 34.5106 11.2201 71.1646 31.0925 34.5611 74.1217 72.0453 120.776 91.0956 100.363 26.4319 74.098 225.942 47.3985 22.2275 8.25636 1.14145 67.8752 57.0663 11.5049 0.0000000375109 33.8995
-67.2339 9.33556 2.05825 37.1682 19.5561 34.5106 10.9241 71.1646 31.5994 31.3606 74.1217 75.7181 124.623 91.0956 94.5215 26.4319 74.098 225.942 47.3985 25.5762 7.95818 7.8766 84.422 29.3748 15.5783 0.0000000375109 32.7339
-67.5547 9.27794 2.05825 37.1682 19.4664 34.5106 8.72893 71.1646 33.4675 33.1518 74.1217 75.7181 126.408 91.0956 91.5475 28.0139 74.098 225.942 47.3985 25.5762 8.58952 6.08624 65.8376 8.3613 18.266 0.0000000375109 33.6459
-69.4151 9.60181 2.05825 37.1682 18.0353 34.5106 3.62078 71.1646 38.4371 34.8108 74.1217 78.9291 126.886 78.0578 87.4044 39.2291 74.098 225.942 47.3985 17.2894 8.40778 10.7435 97.7959 16.0504 25.9622 0.0000000375109 35.594
-62.1298 9.19693 3.39904 37.1682 18.6799 32.2668 8.50824 67.228 38.1758 34.8108 74.1217 77.1774 122.48 78.0578 93.2432 39.2291 74.098 225.942 62.7451 6.90569 10.8929 8.92696 59.0009 17.2444 47.0846 0.0000000375109 38.8789
-63.1593 4.10902 7.11732 36.3728 6.39615 34.2704 13.4029 55.3333 37.8268 26.3534 88.9914 77.6348 122.275 105.57 95.5724 58.0666 40.7299 214.09 54.7813 5.008 22.6308 8.63927 64.1076 18.0175 12.7331 0.0000000915412 35.5494
-68.4994 7.15182 7.11732 36.3728 11.8713 23.5423 13.4029 55.0109 51.6976 22.7224 123.809 76.9741 117.695 46.0983 90.708 88.2631 40.7299 214.09 44.0268 0.816937 20.3772 4.90638 39.3179 15.7695 19.7413 0.000000271445 35.6403
-68.6279 11.4185 17.3601 36.3728 11.8713 23.5423 13.8519 55.0109 51.4646 22.7224 123.809 70.0505 122.745 46.0983 107.437 75.5448 22.3695 214.09 45.2781 1.58942 25.8795 3.43714 64.7844 15.9967 55.131 0.000000979652 38.5604
-68.6353 17.2724 15.2764 28.0391 9.17154 30.0687 13.8519 48.351 39.1413 30.7139 73.2125 69.9103 149.201 88.8803 104.216 82.03 22.3695 214.09 45.2781 9.53034 19.8649 5.16778 308.496 38.0687 78.53 0.000000605943 42.8412
-64.6682 16.0737 13.588 28.0391 12.6386 30.0687 3.40118 48.9271 39.1413 30.8171 67.0911 70.2289 161.439 88.8803 94.3179 82.03 30.2126 203.698 56.7632 6.23891 26.6019 6.45445 199.057 56.3421 129.83 0.000000184221 42.134
-65.9164 14.2787 13.588 28.1073 12.9638 31.7294 10.4275 42.7965 33.8218 33.8322 63.5002 73.8967 151.882 82.0497 94.3179 87.0494 31.7793 211.39 63.3231 6.23891 26.6019 4.85477 140.315 52.6239 95.0283 0.000000616576 39.6086
-65.52 17.7294 14.0514 29.6123 12.6187 30.5713 14.6358 42.604 35.6343 31.7808 63.5002 73.2667 155.027 78.4678 90.1739 86.8164 31.7793 211.39 63.3231 9.16651 25.8803 0.287827 140.315 56.529 75.1706 0.00000134254 40.8438
-66.8144 17.477 14.6309 24.6266 5.08339 27.4195 11.9289 55.6718 36.7353 33.2851 73.1198 69.1841 162.99 67.2389 96.6402 87.0048 20.617 211.39 63.3231 9.22603 17.8564 5.1908 53.782 80.7944 28.6696 0.000000322611 36.4291
-66.7137 11.7533 17.9817 23.3378 7.36655 31.9863 13.07 51.9673 35.4634 33.9018 77.996 64.7797 162.99 67.2368 103.865 94.3179 7.38766 211.39 63.3231 7.12766 5.52701 5.63848 77.7239 60.7241 7.38248 0.000000997873 36.4082
-65.6135 12.673 21.4086 18.5031 7.36655 29.7922 13.07 61.2165 30.7415 35.6972 84.8096 65.4259 157.358 66.6845 106.859 101.8 6.5385 211.39 63.3231 7.22675 9.12584 4.96459 98.5523 19.7834 25.3477 0.00000156158 36.7291
-66.3243 11.8967 18.2744 18.5031 14.0963 29.7922 5.35774 61.2165 31.8293 39.9672 90.7763 58.1165 150.931 63.933 109.797 101.214 7.31864 206.568 63.3549 18.3417 15.8472 5.75728 147.792 78.7054 25.1848 0.00000621746 41.1963
-67.6407 10.2782 15.4916 22.8008 10.2935 34.4929 5.35774 61.2165 33.4035 43.8406 97.2639 40.0918 158.294 63.933 104.906 107.877 7.31864 206.568 63.294 12.6253 18.3144 7.88225 102.517 67.4052 31.1191 0.00000590018 39.4566
-67.2482 11.6 19.2445 13.4095 15.7447 34.4929 5.7552 68.5874 40.7158 42.3789 100.217 35.1976 151.159 64.5267 104.277 104.243 7.81451 201.207 58.4842 22.6721 2.04972 23.6904 48.7307 49.7018 26.0153 0.00000166272 38.0114
-67.041 4.31561 24.3091 14.2477 15.7221 28.5419 2.84039 78.8692 39.9908 44.3711 99.6224 35.1976 151.159 64.5267 99.029 104.243 8.95794 201.207 69.3517 19.4081 2.04972 13.4755 17.0381 59.0435 17.3629 0.00000166272 36.1138
-66.7242 4.31561 24.3091 14.2477 16.2667 28.5419 2.84039 78.8692 35.8616 44.3711 97.3557 35.8522 151.159 64.5267 99.5934 104.243 12.6566 201.207 69.3517 18.9645 2.04972 14.4705 17.0381 49.7836 17.3629 0.00000208504 37.4621
-66.006 5.12104 18.9878 20.5554 16.7631 28.5419 2.84039 78.8692 34.1842 46.9787 97.3557 35.2998 144.844 71.8746 87.5516 104.243 18.5306 201.207 69.3517 16.1495 7.05807 13.6832 38.4936 153.238 22.6144 0.00000121288 37.3165
-67.7085 10.3032 20.0393 18.0433 15.6519 28.5419 2.84039 78.8692 31.9925 46.9787 102.262 35.2998 144.844 64.442 87.5516 104.243 18.5306 201.207 69.3517 15.9303 15.7885 8.4614 93.8632 123.079 22.6144 0.0000013269 39.443
-65.1309 11.119 38.9873 5.97213 14.6472 18.3169 2.84039 78.8692 35.8396 46.9787 102.262 35.2998 151.621 58.9757 85.805 104.243 18.9891 201.207 69.3517 12.8158 5.63899 20.958 52.5251 63.5992 162.029 0.00000227215 39.5386
-65.6014 12.7981 38.9873 4.38365 14.367 16.5336 2.84039 78.8692 35.8396 48.3815 102.262 35.2998 151.621 53.128 71.173 126.037 18.9891 201.199 69.3517 15.1318 5.00192 20.958 48.0673 41.0786 99.3116 0.00000227215 38.194
-66.5186 12.9922 38.9873 4.38365 14.8275 16.5336 2.84039 78.8692 35.1955 52.5222 102.262 35.2998 151.621 53.128 71.173 126.037 18.9891 201.199 69.3517 15.1318 7.17257 19.7773 74.1189 56.0834 94.1029 0.00000531307 40.1894
-66.8062 12.8686 38.9873 2.7151 15.0558 16.5336 2.84039 78.8692 34.5213 52.5222 102.262 46.7468 151.621 52.9852 70.6105 118.82 18.9891 201.199 69.3517 16.3728 5.94728 11.723 25.4555 56.0834 94.1029 0.00000547733 38.5711
-66.8062 12.6607 38.9873 2.7151 15.2543 14.8133 2.84039 78.8692 38.7526 52.5222 102.262 43.8143 151.621 52.9852 70.6105 117.557 9.11355 164.264 109.914 15.1753 9.30227 7.02051 4.94477 57.1656 152.624 0.00000387575 42.9277
-67.4174 12.574 38.9873 5.97301 17.5963 12.4866 2.84039 65.6412 43.664 56.4418 118.469 63.5833 151.621 22.4212 69.2973 129.955 3.72433 164.264 109.914 15.5923 11.9504 6.69386 39.6206 136.753 104.657 0.00000129434 41.5175
-66.6704 12.6535 38.9873 5.97301 18.6882 12.4866 2.84039 65.6412 43.664 56.4418 107.086 63.5833 151.621 22.4212 69.2973 129.955 4.4581 164.264 109.914 14.9782 18.5666 6.69386 45.8164 136.753 91.1697 0.00000217806 41.8994
-67.8395 12.8395 38.9873 2.91618 18.3664 14.1143 2.84039 66.4178 43.664 57.9562 104.155 63.5833 151.621 22.4212 68.1415 129.955 13.1853 164.264 114.301 15.4122 13.4035 6.41832 20.4795 224.907 118.112 0.00000573783 44.5392
-66.2539 12.8395 38.9873 2.91618 17.5044 15.8463 2.26353 67.3254 43.664 54.8025 104.155 70.1203 151.621 22.4212 59.5914 129.955 23.0911 161.331 114.301 12.6164 10.4529 6.41832 15.6687 240.717 104.919 0.0000129089 44.3359
-64.6674 13.2355 38.9873 2.91618 17.0738 16.1666 2.26353 67.3254 43.928 54.2249 105.224 63.5676 151.621 18.5773 59.5914 129.955 26.193 161.331 114.301 14.8369 8.82643 5.26891 17.1256 240.717 104.919 0.0000129089 45.6214
-66.0734 13.3783 38.9873 2.91618 18.2649 12.0244 2.26353 67.3254 43.928 58.9162 114.792 53.9553 151.621 39.1193 69.0287 124.824 8.05392 146.547 114.301 22.2972 0.128087 5.37708 16.0905 200.361 77.2689 0.0000111835 46.1962
-67.1994 12.0522 38.9873 2.91618 18.2414 12.0244 2.26353 64.7235 42.2508 62.6973 114.792 53.9553 151.621 39.1193 69.0902 122.496 12.0538 151.854 124.054 4.56858 7.198 9.59563 35.3316 200.361 53.0352 0.0000340751 46.2512
-66.4534 9.27767 41.9891 1.60667 18.6405 12.0244 2.26353 64.7235 42.2508 38.5191 154.204 53.9553 151.621 24.7624 69.0902 127.57 4.42849 151.854 124.054 9.15186 11.1396 11.6804 6.00172 114.97 44.6929 0.0000151274 40.4485
-66.0179 9.27767 41.9891 1.60667 18.6405 12.0244 2.26353 57.7469 42.2508 43.0684 154.204 53.9553 151.621 29.6781 59.5213 127.57 4.42849 151.854 124.054 8.04306 11.1396 11.8469 21.1794 79.2606 44.3772 0.000014721 40.0812
-65.7786 3.69032 44.5107 1.60667 19.9828 12.3272 2.26353 56.585 42.2508 43.0684 155.345 53.9553 151.621 29.6781 60.1829 127.57 7.33459 142.345 134.187 13.1946 12.9968 11.7816 53.7554 32.4965 39.8679 0.000014721 42.0968
-64.6182 3.12393 44.5107 1.60667 20.4306 12.3272 2.26353 58.2299 42.2508 44.4283 149.175 53.5528 151.621 29.6781 60.1829 127.57 8.81797 142.345 148.972 10.2821 2.70098 11.2009 103.188 39.6446 44.248 0.00000099129 43.2529
-65.9473 1.56755 44.5107 1.60667 22.5612 12.3272 2.26353 61.2147 42.767 45.5972 141.382 58.3892 151.621 20.9402 56.1417 133.188 8.52395 137.776 144.568 9.79399 8.06064 10.7592 133.509 21.4733 36.8676 0.00000103486 40.4523
-65.9347 1.56755 43.7808 3.38646 21.5434 13.7311 2.26353 69.5941 29.6908 49.598 144.445 27.5742 151.171 42.409 56.1417 140.483 9.17013 144.759 144.568 9.48072 3.82883 11.8339 191.134 51.5975 50.7891 0.00000348992 43.2233
-66.345 1.56755 45.1008 3.38646 22.4584 10.0546 10.4716 72.8948 25.14 34.1003 145.848 31.9946 135.274 57.8077 64.8275 140.483 10.3418 119.452 143.249 7.90721 7.32782 1.72229 13.7509 52.3946 27.6187 0.00000583203 42.2281
-67.2646 1.56755 45.1008 3.38646 19.5304 10.0546 10.4716 73.0303 25.14 34.1003 145.848 45.7149 135.274 57.8077 70.9318 119.349 10.7555 137.632 137.656 24.2154 8.22386 2.04406 29.0114 140.712 19.8428 0.00000583203 46.3951
-67.0595 0.033219 52.6992 4.90363 21.4854 5.70416 14.929 73.0303 27.6792 19.166 145.848 32.5566 144.075 57.8077 68.5405 129.53 10.7125 144.926 135.645 53.8817 1.72875 30.7985 2.67179 64.7184 8.81779 0.0000019193 50.3269
-67.8073 1.54353 47.9467 4.90363 21.6271 5.5347 14.929 81.0714 27.6792 16.4295 147.906 32.5566 144.075 57.8077 52.6503 143.232 10.9998 117.915 135.645 38.741 1.72875 30.7985 27.4031 81.344 1.30625 0.00000220329 48.2849
-66.4676 1.54353 47.9467 4.90363 19.0296 9.37148 14.929 81.0714 25.4795 16.4295 87.43 32.5566 144.075 120.787 52.6503 143.232 11.4302 112.464 130.852 36.7212 17.2275 9.1209 81.5411 151.329 1.30625 0.00000117257 45.9842
-66.045 1.54353 47.9467 4.90363 21.7198 9.37148 14.929 81.0714 25.1142 16.4295 97.694 32.5566 144.075 120.787 52.6503 128.684 10.988 117.341 127.004 22.1197 32.1454 12.4945 66.4996 109.043 4.83292 0.00000527636 43.784
-66.6619 1.54353 47.9467 4.90363 21.8909 9.37148 13.092 78.8118 28.2386 16.4295 79.947 32.5566 144.075 139.186 52.6503 128.684 9.7397 117.341 127.004 22.1197 11.0248 12.4945 56.6135 25.4312 4.83292 0.00000250573 40.776
-66.4657 1.54353 47.9467 4.90363 22.2256 9.37148 13.092 78.8118 28.2386 16.4295 79.947 32.5566 144.075 138.849 52.6503 128.684 18.5514 133.337 127.004 22.1197 11.0248 7.96668 51.5817 25.4312 4.83292 0.00000272092 36.1736
-65.5885 1.54353 47.9467 4.90363 23.161 7.54495 13.092 78.8118 27.653 16.4295 79.947 32.5566 145.407 138.849 52.6503 128.684 23.6419 133.337 130.708 14.6379 10.8682 5.166 52.7657 13.088 4.83292 0.000000164776 33.1182
-65.2222 5.29594 47.9467 4.90363 22.9594 4.8588 10.0165 78.8118 28.0796 16.4295 79.947 32.5566 145.407 138.849 52.6503 128.684 23.6419 132.646 134.881 11.9477 10.8682 9.96658 53.2646 13.088 4.83292 0.000000164776 32.6528
-66.0399 4.4662 43.0968 8.00225 20.4093 9.70827 9.21364 78.8118 29.0376 9.79614 80.6283 32.5566 156.063 138.849 52.6503 120.459 22.2994 128.734 135.342 0.315042 11.0458 7.78956 53.8328 13.088 39.5432 0.000000164776 35.9329
-65.5105 10.2693 43.0968 7.76922 16.7406 9.70827 13.7803 78.8118 29.0376 9.79614 80.6283 32.5566 156.063 138.849 52.6503 109.373 21.4752 133.721 143.28 3.61932 11.0458 13.6979 55.2092 45.5625 39.5432 0.000000468047 35.9952
-65.7346 8.23047 43.0968 7.76922 15.4797 9.70827 13.7803 78.8118 31.4308 9.79614 78.0954 32.5566 156.063 130.502 52.6503 116.996 32.0025 127.122 149.815 0.939637 9.04379 10.3018 49.8003 85.0843 47.8483 0.000000468047 37.832
-65.3465 7.94579 43.0968 3.06795 15.4797 18.8774 13.7803 64.8921 33.737 23.5031 29.1629 84.2405 141.655 140.297 52.6503 134.632 11.8063 132.861 143.914 4.62805 9.04379 13.4921 37.1281 11.4349 10.9093 0.000000468047 33.8423
-65.217 6.89842 43.0968 3.67331 15.1058 16.8066 23.0895 56.1632 32.956 26.0269 29.1629 110.776 113.558 140.297 52.6503 134.632 10.2759 129.929 148.816 5.37234 9.54584 0.612294 50.7456 95.9332 38.6025 0.000000468047 36.8484
-66.6534 8.63133 48.0195 3.67331 12.4458 27.2372 23.0895 56.1632 31.8002 11.7342 21.3021 109.944 113.558 140.297 58.9442 125.675 13.0422 133.155 144.389 9.08054 11.4516 0.612294 61.0426 95.9332 72.2559 0.00000144431 41.9294
-66.1128 8.63133 48.0195 3.67331 15.473 27.3011 22.4956 56.1632 29.8484 11.7342 21.3021 111.387 122.528 140.297 63.727 125.675 13.0422 122.997 152.821 4.00443 14.6502 3.23149 18.3985 95.9332 52.3903 0.00000201521 40.267
-65.9653 10.5563 48.0195 3.67331 11.8098 27.3011 22.4956 56.1632 29.8484 11.7342 21.3021 111.387 116.423 145.784 63.727 125.675 11.0186 122.997 147.424 4.64847 19.7102 4.32357 41.219 156.945 52.3903 0.00000387011 39.6478
-65.9653 11.2583 48.0195 3.67331 7.19209 23.5566 23.3696 56.1632 29.8484 11.7342 21.3021 111.415 116.423 145.784 63.727 121.419 14.5927 140.71 147.424 2.15183 11.0384 4.81339 41.219 7.55366 46.7201 0.00000404087 40.4165
-64.8738 11.2389 48.0195 3.67331 1.52351 25.7601 9.73936 86.7975 28.5002 9.72341 21.3021 111.415 116.423 145.784 63.727 122.294 3.03704 140.71 136.161 1.58421 7.44586 7.79665 157.948 24.6538 10.4524 0.00000414619 45.7489
-64.8738 10.4505 48.0195 3.67331 0.179399 29.4263 9.73936 84.6802 22.2798 9.72341 21.3021 111.415 109.507 145.784 80.4857 122.294 7.27591 140.71 132.61 2.98459 7.44586 9.96571 55.9758 24.0459 2.91365 0.00000417479 40.1137
-64.3394 9.92229 48.0195 3.67331 2.57002 25.72 18.1839 84.6802 17.3306 9.72341 21.3021 111.415 109.507 145.784 87.2314 108.78 16.6736 129.408 147.637 4.42473 9.2647 9.96571 14.5397 21.7351 1.75122 0.00000417479 37.7533
-63.4552 9.92229 48.0195 3.67331 1.2704 23.7994 15.7751 84.6802 22.3405 9.72341 21.3021 111.415 109.507 145.784 87.2314 108.78 16.6736 115.384 158.456 6.91998 7.51446 8.55195 14.5397 52.0662 46.1926 0.00000446416 39.2382
-66.6395 13.6651 48.0195 3.67331 25.211 3.88664 17.172 78.6283 22.3405 9.72341 21.3021 128.782 109.507 123.783 69.5775 118.859 21.1984 118.233 161.267 13.3864 5.89682 8.10038 12.1277 52.0662 14.6767 0.0000044246 37.0613
-67.1456 13.6651 48.0195 3.67331 25.211 3.88664 17.172 78.6283 16.668 9.72341 21.3021 79.0558 160.158 123.783 69.5775 118.859 20.639 118.233 160.948 13.3864 5.89682 11.3955 12.1277 52.0662 17.3873 0.000000776257 35.6209
-67.1456 13.6651 48.0195 7.94955 25.211 3.88664 17.172 78.6283 16.2678 9.72341 23.4626 79.0558 160.158 123.783 69.5775 118.859 19.8626 118.233 160.948 9.54875 4.04687 11.8572 19.4519 40.1123 12.3252 0.000000406207 36.2864
-68.1725 10.2319 48.0195 7.94955 25.211 3.88664 17.172 75.7655 17.4492 16.5639 23.4626 79.0558 160.158 123.783 69.5775 118.859 25.1829 114.076 160.948 7.90637 8.98609 8.66519 19.4519 70.2496 9.75528 0.00000014155 34.2485
-68.0772 10.2319 48.8185 7.94955 24.8988 3.88664 17.172 75.7655 20.7059 10.9085 23.4626 79.0558 160.158 123.783 69.4008 118.859 23.1415 114.315 160.948 9.38046 9.80589 11.2788 12.1561 83.8399 9.75528 0.00000014155 35.259
-68.0772 6.98628 60.2607 2.40157 12.3205 7.0728 21.2557 75.7655 23.7492 10.9085 23.4626 79.0558 160.158 123.783 69.4008 118.859 27.1336 110.295 160.948 1.69372 4.22564 11.2788 30.1603 83.8399 11.1148 0.00000014155 37.1835
-64.1742 3.3335 60.2607 2.40157 7.01798 4.05212 25.7875 75.7655 23.4399 28.7929 23.4626 79.4635 160.158 123.783 68.2407 118.859 14.6238 119.841 133.116 21.0358 10.7804 3.00616 29.6771 118.477 11.1148 0.00000014155 43.2885
-64.7495 3.3335 60.2607 2.40157 17.0316 4.05212 24.6404 66.0249 23.6717 28.7929 23.4626 79.4635 160.158 123.783 68.2407 104.143 32.7059 119.841 130.585 33.3886 0.367411 1.59039 6.86568 111.876 4.97016 0.00000014155 40.3656
-64.7233 3.3335 60.059 2.40157 17.0316 4.05212 24.6404 66.0249 23.734 29.8765 23.4626 79.4635 160.158 123.783 68.2407 104.143 32.7059 100.49 138.405 33.3886 18.1865 5.38917 5.5225 111.876 6.72713 0.00000014155 40.9132
-65.1192 8.09279 60.059 0.40819 15.438 2.2912 24.6404 66.0249 23.3806 28.0378 23.4626 79.4635 160.158 123.783 68.2407 104.143 32.0076 118.561 128.063 33.3886 17.9035 7.65472 11.8737 57.5413 37.307 0.00000014155 39.5841
-65.0874 8.09279 60.059 0.40819 15.438 1.91541 24.6404 65.7799 23.724 28.0378 23.4626 79.4635 160.158 123.783 68.2407 104.143 32.0076 118.561 128.063 31.3664 17.9035 7.6964 11.8737 57.5413 32.4397 0.00000014155 38.7346
-65.0874 6.66382 60.059 0.40819 15.438 1.91541 24.6404 67.7528 23.724 28.0378 23.4626 79.4635 160.158 123.783 68.2407 104.143 29.8193 117.684 126.945 31.3664 20.3107 7.31487 15.5123 53.0839 11.6566 0.00000014155 37.4871
-65.2971 7.31627 58.086 0.40819 15.438 1.91541 23.441 67.7528 24.9046 28.0378 23.4626 79.4635 160.158 123.783 68.2407 104.143 36.1594 117.684 136.456 31.3664 2.7667 7.01722 22.7253 45.3202 12.5864 0.00000014155 36.5783
-65.5936 13.7652 58.086 0.40819 9.30891 1.91541 23.441 67.7528 25.0928 27.6771 23.4626 79.4635 160.158 123.783 68.2407 104.143 33.0215 125.314 137.441 31.3664 3.04089 5.30099 13.2291 13.6924 12.5864 0.00000014155 34.1306
-65.0496 13.7652 58.086 0.40819 9.30891 1.91541 19.0039 67.7528 27.2197 29.3564 23.4626 79.4635 160.158 123.783 68.2407 104.143 33.0215 125.314 137.441 31.3664 3.04089 4.0743 86.3928 13.6924 12.5864 0.00000014155 36.1118
-65.1893 12.5782 58.086 0.40819 8.97894 1.91541 19.0039 67.7528 28.5557 30.3219 17.4062 79.4635 114.609 173.405 68.2407 104.143 33.0215 142.839 124.499 31.7826 4.00156 6.7884 72.4974 10.696 12.5864 0.00000014155 38.2493
-65.2942 17.7278 58.086 0.40819 9.23782 0.329039 12.3454 81.5737 32.3521 30.4014 17.4062 118.528 114.609 121.537 68.2407 104.143 33.8894 139.642 130.922 18.7395 3.53607 8.15777 47.1543 30.9195 34.1962 0.00000014155 36.6272
-65.6741 17.4867 58.086 0.40819 9.23782 0.329039 14.7446 81.5737 35.5939 30.4014 17.4062 118.528 102.879 121.537 68.4028 111.014 31.3908 139.523 133.736 15.099 4.37845 7.35714 47.1543 30.9195 37.8996 0.00000014155 35.0456
-65.3898 17.4867 58.086 0.40819 5.58298 1.47038 14.7446 81.5737 35.5939 30.8716 16.9506 118.105 102.879 121.537 68.4028 111.014 31.3908 106.936 138.406 28.8016 3.19721 8.07654 10.015 4.54956 37.8996 0.00000014155 40.5078
-64.5572 17.4867 59.3298 0.40819 3.98921 1.47038 14.7446 81.5737 35.5939 30.8716 16.9506 118.105 88.5422 147.262 68.4028 99.054 24.8124 104.936 141.985 18.8361 5.54175 7.64569 19.6711 4.54956 42.4808 0.00000014155 41.8663
-64.5572 20.8455 59.3298 0.40819 3.98921 1.47038 14.7446 81.5737 35.5939 31.2214 1.476 118.105 88.5422 152.868 68.4028 103.263 24.8124 137.604 136.642 20.671 10.7018 4.9575 2.9691 56.3446 42.4808 0.00000014155 40.0723
-63.8785 20.8455 59.3298 0.40819 3.89597 2.18319 14.7446 81.5737 33.2491 31.2214 1.476 118.105 67.9341 172.678 68.4028 103.263 24.8124 137.604 136.642 28.9435 10.7018 3.0322 22.6119 74.6507 9.83692 0.00000014155 40.8
-66.79 20.8455 59.3298 0.40819 3.68335 2.18319 14.7446 81.5737 33.2491 31.2214 1.476 118.105 67.9341 172.678 68.4028 103.263 24.8124 137.604 136.642 28.9435 13.1016 3.60276 14.2503 74.6507 9.83692 0.00000014155 39.9052
-66.127 20.8455 35.4583 0.40819 3.68335 26.6136 14.7446 81.5737 33.2491 30.7361 1.476 113.333 58.7076 175.82 92.5863 103.263 24.8124 141.812 138.921 16.0614 3.56763 4.16689 42.7073 64.0801 42.8739 0.00000014155 37.0647
-65.2473 20.8455 35.4583 0.40819 4.12797 26.6136 14.7446 81.5737 33.2491 31.5774 1.476 113.333 58.7076 175.82 92.5863 101.047 26.9661 127.998 133.536 26.3257 6.63317 4.67296 43.9985 57.6667 37.6749 0.00000014155 36.5997
-65.0797 20.8455 34.2942 0.40819 3.86286 26.6136 14.7446 81.5737 33.2491 31.8863 1.476 113.333 58.7076 175.82 92.5863 101.047 26.9661 126.451 136.244 26.9682 5.63558 4.67296 43.9985 53.1221 42.6919 0.00000014155 36.1817
-67.7611 20.8455 37.3171 0.40819 3.86286 26.6136 14.7446 94.6937 20.0633 27.6746 21.4266 113.333 58.7076 175.82 72.5886 81.2129 26.9661 102.174 169.85 25.9126 5.57356 1.74756 72.3586 52.9691 46.9386 0.00000014155 45.1476
-67.1544 18.5374 37.3171 0.40819 7.30141 23.59 14.7446 94.6937 9.92425 46.765 21.4266 137.324 55.5405 143.705 84.2781 81.2129 45.6054 98.2427 146.357 23.9191 19.4111 6.79037 36.8419 63.3987 48.9422 0.00000014155 39.883
-66.6998 13.2482 37.3171 0.502422 7.44928 31.9549 42.4943 66.6846 10.1145 42.4428 21.4266 137.324 54.3885 143.705 76.8796 81.2129 45.6054 99.6411 146.357 23.9191 15.436 6.55609 24.982 53.6896 42.4018 0.00000014155 39.5709
-66.6998 13.2482 36.8149 1.15104 7.44928 31.9549 42.4943 66.6846 10.1145 42.4428 28.5341 121.672 54.3885 143.705 76.8796 81.2129 45.6054 110.451 140.535 23.8206 22.7654 17.2323 59.4072 51.1966 37.5665 0.00000014155 39.2911
-67.6665 13.2482 36.8149 1.22507 7.44928 31.9549 42.4943 66.6846 11.1139 41.2049 28.5341 121.672 54.3885 143.705 76.8796 81.2129 49.7603 110.451 130.699 23.8206 28.4154 22.4535 101.797 28.8352 45.7898 0.00000014155 40.819
-67.6665 13.2482 36.8149 1.38314 7.44928 31.9549 41.255 66.6846 11.8333 40.6162 28.5341 121.672 54.3885 143.705 84.6055 82.8768 49.7603 105.224 133.019 23.8206 22.524 22.4535 109.533 28.8352 52.6001 0.0000154439 44.8126
-67.6665 13.2482 29.8737 10.77 7.44928 31.9549 41.255 66.6846 11.7961 32.7002 13.4264 134.644 86.4552 143.705 84.6055 82.8768 34.2238 122.608 107.784 23.8206 30.7382 22.3664 12.9869 32.1044 30.2105 0.00000424485 51.3627
-65.2798 2.78097 29.8737 15.6355 5.51812 38.1384 41.255 52.6169 11.7959 32.7002 13.4264 115.351 104.571 143.705 87.8835 76.3486 42.2831 123.445 110.422 22.5352 29.7131 12.2322 12.6068 54.0821 36.4022 0.00000424485 42.0862
-65.5376 2.78097 29.1398 15.6355 5.46424 34.9582 41.255 52.6169 11.7813 33.548 13.4264 115.351 106.115 143.705 89.0814 76.3486 41.276 123.445 110.422 27.8547 22.4364 15.466 12.1987 15.6735 43.633 0.000016697 43.378
-67.7576 2.78097 30.7013 27.2835 5.46424 34.9582 29.6131 52.2605 11.7712 28.7677 13.4264 129.333 103.381 143.705 82.962 76.3486 37.7033 141.054 110.422 30.8895 14.7875 10.2098 10.8337 32.449 35.5879 0.0000231893 43.0941
-67.7576 2.78097 30.7013 27.2835 5.46424 34.9582 29.6131 52.2605 11.7004 28.7677 13.4264 129.333 103.381 143.705 82.962 76.3486 37.7033 141.054 110.422 30.8895 14.7875 8.63121 13.9617 50.1753 26.2246 0.0000231893 43.3184
-65.2754 2.78097 33.6176 27.2835 3.81719 34.9582 29.6131 52.2605 12.0378 19.0822 30.6275 113.605 98.3411 145.588 71.5049 91.1871 56.1723 143.739 121.789 27.6206 6.48778 1.34858 14.8994 90.7262 21.7431 0.0000209429 41.7126
-66.1281 2.78097 33.6176 27.2835 3.81719 35.8172 29.6131 52.2605 11.823 19.0822 30.6275 113.605 98.3411 145.588 71.5049 89.998 56.1723 143.739 120.644 2.79306 6.48778 4.92879 12.3641 92.8297 21.7431 0.0000209429 40.2462
-65.6771 2.78097 32.5385 28.8081 5.61082 35.8172 29.6131 52.2605 11.4128 20.3103 30.6275 113.605 98.3411 145.588 71.5049 89.998 53.9361 134.518 125.661 7.9172 6.48778 13.3581 18.9294 101.62 19.4399 0.0000500306 44.8431
-66.5792 2.78097 32.5385 28.8081 5.61082 35.8172 29.6131 52.2605 11.4128 20.3103 30.6275 113.605 96.2298 145.588 71.5049 89.998 55.4003 134.518 137.124 5.44214 5.9031 5.68965 35.7408 118.349 19.4399 0.0000188639 43.0086
-66.9209 2.78097 37.9119 27.1837 5.61082 35.8172 29.6131 52.2605 11.3551 14.8743 30.6275 100.887 96.2298 155.566 71.5049 93.3865 55.492 132.331 137.124 12.4775 5.9031 3.07013 35.7408 118.349 30.9284 0.0000189327 47.5216
-65.3637 1.41666 46.1055 16.7933 5.61082 35.2894 29.6131 52.2605 11.9597 14.8743 30.6275 100.887 103.859 155.566 71.5049 73.0702 53.6083 132.331 152.388 8.28067 7.60507 4.43092 23.969 118.358 30.9284 0.00000221485 43.8748
-65.3637 15.6974 29.2541 16.4087 8.31284 35.6574 29.6131 52.2605 10.9983 17.7447 32.948 100.887 103.911 155.566 49.3221 93.3287 58.5456 145.032 139.5 8.29544 2.41565 5.7232 44.0065 174.576 33.9925 0.00000321127 42.8336
-64.5059 18.942 26.8389 9.16777 8.99236 32.184 29.6131 62.2465 10.8912 23.5017 32.948 100.887 102.301 157.597 43.3611 97.0294 55.4752 118.483 150.121 8.40701 15.9183 14.929 0.538966 72.796 5.37258 0.00000279579 40.223
-63.2827 20.2239 28.7627 14.2003 13.5247 28.1768 21.9076 66.729 4.37707 23.5017 32.948 90.4906 106.916 157.597 52.418 102.629 56.1227 118.483 150.121 8.40701 15.4624 9.80145 8.68072 138.777 4.11031 0.00000156971 44.061
-65.2205 20.2239 28.4566 10.4797 14.2436 28.1768 22.9578 66.729 4.37707 23.5017 45.8455 90.4906 93.578 157.597 52.418 102.879 56.0523 118.483 150.121 14.8315 15.7979 6.38232 8.68072 138.777 4.11031 0.00000213429 39.3744
-65.1874 20.2356 28.3475 10.0794 14.2436 28.0662 22.9578 66.729 0.749238 41.1566 45.8455 103.711 68.7815 157.597 65.0405 93.837 52.8949 130.75 134.013 12.3695 14.499 10.1108 16.5152 125.967 4.11031 0.0000025409 38.3491
-65.4324 19.1674 27.8268 9.56454 14.2436 29.6243 22.9578 66.729 0.749238 41.1566 47.9971 103.711 68.045 157.597 65.0405 93.837 47.3327 130.75 140.003 12.3695 18.5686 7.18517 16.5152 101.388 136.866 0.00000169492 39.1517
-65.7689 16.4334 20.4833 7.05388 14.2436 28.8364 31.3767 67.2162 0.749238 47.2199 47.9971 102.937 69.7173 157.597 65.0405 95.8067 50.8614 109.375 155.943 13.6551 7.96303 7.63412 16.5152 96.8035 35.9806 0.00000235205 36.8965
-65.6416 18.9619 19.5441 7.22167 14.2436 28.8364 31.3767 67.7279 0.238436 44.9515 37.8508 102.937 69.7173 157.597 65.0405 95.8067 50.8614 121.298 155.943 13.6551 9.17688 3.9207 16.5152 86.8246 23.4029 0.000000090457 33.6617
-64.7439 23.1981 19.5741 6.89674 14.2436 19.6512 44.8262 57.9826 2.55614 44.9515 37.8508 102.937 76.1103 157.597 65.0405 84.6242 50.8614 124.886 156.363 7.14909 9.72312 5.86185 16.5152 74.1493 74.1712 0.000000180814 36.1436
-66.332 23.5007 19.5741 6.8199 14.2436 21.5243 44.1841 59.0973 5.39435 41.974 37.8508 108.59 63.3237 157.597 65.0405 91.8128 61.1723 136.245 131.821 11.161 10.0971 19.7547 29.4574 46.196 60.8288 0.000000732763 35.9368
-66.4177 22.3438 25.2998 6.40245 14.2436 21.5243 43.0505 59.0973 0.223148 33.2606 37.8508 108.59 65.7592 157.597 71.2613 91.8549 65.6807 140.482 113.722 9.27701 11.841 2.7602 59.8656 27.6125 136.358 0.000000181651 37.6554
-66.8623 23.7242 26.2737 8.77495 10.514 17.0156 53.7603 59.0973 11.3071 25.6891 37.8508 108.59 71.4592 157.597 80.4751 74.2047 66.9481 126.009 100.711 8.216 24.5422 5.86664 93.4184 40.2025 43.9617 0.000000181651 45.171
-65.8191 23.5256 26.5544 9.97256 7.89295 16.84 45.9092 59.0973 11.3071 25.6891 37.8508 108.59 68.626 157.597 80.4751 79.0529 63.4731 154.547 101.436 10.0292 19.0681 0.918816 123.882 27.8271 58.8783 0.000000181651 34.3035
-64.9399 35.5632 26.5544 12.2525 7.89295 14.9841 41.401 52.398 12.2668 25.9072 37.8508 109.889 66.3389 157.597 80.4751 79.0529 57.239 150.307 117.924 7.758 21.8982 0.918816 119.804 4.80187 124.966 0.000000181651 36.9929
-66.7551 35.5632 26.5544 11.7262 7.89295 14.9841 41.401 52.7616 12.2668 25.9072 37.8508 109.889 70.1965 160.907 78.1249 79.0529 57.239 150.307 117.924 7.758 10.0976 1.7482 32.8796 4.80187 85.8435 0.000000135257 33.6124
-67.026 44.4518 19.601 11.7262 7.89295 14.7452 56.1332 52.7616 12.2668 25.9072 37.8508 109.889 70.1965 160.907 78.1249 67.0289 45.8473 142.365 118.331 33.7564 9.58303 1.7482 32.8796 4.80187 96.1478 0.000000135257 38.2272
-66.164 31.0798 16.911 19.0868 13.6967 5.95763 54.7909 52.7616 12.2668 19.656 37.8508 116.223 76.5659 160.907 78.1249 63.9024 51.3993 136.369 120.248 37.6808 6.12723 7.4224 22.0023 3.56186 89.6293 0.0000105923 42.4559
-66.164 31.0798 16.734 22.3973 13.6967 5.95763 57.3825 52.7616 10.0307 4.36221 37.8508 125.675 74.0471 160.907 103.686 78.7108 27.852 136.369 111.362 18.6093 5.60913 26.1871 36.8532 3.56186 54.6411 0.00000137127 39.4613
-65.622 23.4716 18.9822 22.3973 9.71248 5.95763 61.1956 61.772 10.0307 4.36221 36.6495 134.624 74.0471 149.887 103.686 78.7108 27.852 122.258 111.362 19.9358 5.69348 32.8283 46.4498 4.27364 35.0997 0.000000338791 40.1947
-65.1967 3.48285 42.2573 22.3973 9.71248 6.43344 46.9838 61.772 16.878 4.36221 36.6495 134.379 74.0471 149.887 103.686 75.4308 27.852 121.377 113.639 29.9741 11.7464 41.8985 24.5439 34.1029 31.4614 0.000000338791 42.7257
-66.7158 6.298 42.2573 20.3328 9.71248 6.23672 53.1318 61.772 16.878 1.854 36.6495 134.506 74.0471 149.887 93.0808 75.4308 34.3976 121.377 110.477 18.9157 12.8841 43.4879 1.04246 69.6271 28.9619 0.0000039108 42.1779
-67.6212 6.298 42.2573 20.3328 9.71248 6.23672 53.1318 61.772 16.878 1.854 36.6495 133.135 74.0471 149.887 93.0808 75.4308 34.3976 123.162 109.719 18.9157 12.5651 43.4879 16.8444 81.3022 28.4655 0.0000039108 43.0669
-66.1435 6.298 42.2573 20.3328 9.71248 6.23672 53.1318 61.772 16.878 1.854 36.6495 133.135 74.0471 149.887 93.0808 84.5654 28.1285 123.162 117.02 16.6857 10.011 46.7088 16.8444 122.545 28.4655 0.0000039108 42.8646
-67.3267 6.298 42.7029 20.3328 9.71248 6.23672 43.8659 61.772 16.878 1.854 47.943 134.278 74.0471 149.887 93.0808 78.7882 28.1285 123.162 117.02 16.6857 10.011 46.7088 16.8444 95.3609 28.4655 0.0000039108 44.0174
-66.767 7.7604 42.7029 17.7973 9.71248 7.68303 34.1343 76.1379 16.878 8.78402 68.9948 134.278 49.4259 149.887 87.4585 69.8137 28.1285 149.338 118.609 12.6789 13.3886 16.0644 19.8201 15.4929 70.1069 0.0000039108 37.2991
-66.767 7.7604 42.7029 19.5297 9.71248 7.68303 33.6483 76.1379 9.36588 13.726 68.9948 134.278 49.4259 149.887 87.4585 69.8137 30.1487 151.115 118.609 12.6789 11.184 17.9432 9.75918 40.1606 98.6363 0.00000379347 38.5015
-66.1433 7.7604 42.7029 18.7985 8.64649 7.65685 33.6483 97.3448 9.36588 10.4817 52.2257 134.278 49.4259 149.887 97.8691 69.8137 21.7227 151.115 118.684 12.6789 11.184 15.4509 34.3511 67.1444 194.447 0.00000379347 44.5071
-67.1107 7.7604 39.1773 21.9694 9.53596 9.53322 20.0169 110.964 6.8694 10.4817 52.2257 129.966 49.4259 149.887 73.7574 106.955 21.7227 146.955 118.052 5.88463 12.0671 17.5348 35.0861 74.8063 70.8179 0.00000388979 40.236
-66.8615 7.7604 39.1773 21.9694 10.1626 7.41508 20.0169 110.964 6.8694 10.4817 52.2257 129.966 49.4259 149.887 73.7574 106.955 21.7227 146.955 118.134 5.88463 16.9289 17.5348 13.4123 87.4957 85.0934 0.00000111431 39.0536
-67.2432 7.7604 39.1773 21.9694 11.0489 6.6315 20.0169 110.964 6.8694 2.32835 52.2257 129.966 49.4259 149.887 86.4016 106.955 11.5179 140.402 137.827 11.246 0.562233 17.5348 13.4123 86.8666 70.476 0.00000111431 42.2169
-68.0149 11.9246 39.1773 21.8411 5.68454 6.46104 20.0169 82.7185 22.9609 13.7027 52.2257 126.837 49.4259 137.181 100.205 106.955 19.6041 118.754 146.873 10.997 5.35119 10.6651 11.9616 14.1655 10.5139 0.00000390746 38.5123
-66.5733 10.9634 39.1773 18.2216 8.96272 5.36895 20.0169 82.7185 24.5685 13.7027 52.2257 133.514 49.4259 137.181 100.205 106.955 19.6041 118.754 156.592 10.997 5.35119 10.1962 16.4134 14.7391 72.8898 0.000000114004 32.8834
-66.9665 10.9634 39.1773 18.2216 8.96272 5.36895 20.0169 82.7185 24.5685 13.7027 52.2257 124.853 53.9516 137.181 100.205 106.955 19.2394 118.754 156.592 10.997 10.7704 8.07534 27.9309 21.922 27.5063 0.000000114004 31.6532
-66.7413 13.594 39.5704 18.2216 6.45742 5.36895 20.0169 82.7185 22.5936 13.7027 52.2257 124.853 53.9516 137.181 100.205 106.955 20.561 118.754 156.592 10.6005 10.0823 8.07534 21.4691 20.6357 27.5063 0.000000114004 32.282
-72.5115 13.594 39.5704 19.656 6.45742 5.36895 20.0169 82.7185 22.5936 13.7027 52.2257 124.853 53.9516 137.181 100.205 106.955 14.6041 118.754 156.592 10.6005 10.0823 10.5619 22.2426 8.14472 33.3017 0.000000114004 39.0663
-63.253 13.594 39.5704 21.6935 6.45742 5.36895 20.0169 76.1789 25.8696 16.7994 52.2257 124.853 52.1769 137.181 100.205 106.955 14.6041 109.81 161.467 12.5541 21.1405 0.336049 22.2426 8.14472 17.1163 0.000000114004 36.2239
-64.312 13.594 39.5704 21.6935 6.35187 3.00708 40.3232 76.1789 26.5679 11.0231 52.2257 124.853 53.2515 123.223 100.205 106.955 21.0819 109.81 161.467 12.6615 1.23531 0.336049 29.9014 7.99866 45.4681 0.000000114004 37.1451
-64.3073 13.594 39.5704 21.6935 7.20114 3.85722 46.7744 67.6837 25.2778 11.0231 52.2257 124.853 54.193 123.223 100.205 106.955 20.564 109.81 161.467 21.1543 2.55531 1.96861 29.7912 49.2796 106.277 0.00000874409 42.2207
-65.8256 14.0128 39.5704 21.6935 5.75836 4.46489 46.7744 67.6837 25.631 11.0231 52.2257 124.853 54.193 123.223 100.205 106.955 24.8155 109.81 161.467 21.1543 0.681043 7.19532 39.0214 127.603 99.6707 0.0000169953 43.9957
-64.2824 14.0128 39.5704 21.6935 5.03209 7.35194 46.7744 67.6837 24.8825 12.0812 52.2257 120.229 54.193 123.223 99.3761 102.115 22.0127 73.328 202.117 16.747 7.05298 7.19532 43.372 113.809 99.6707 0.000000069078 39.4041
-64.2824 14.0128 39.5704 20.8869 5.03209 6.77816 46.7744 67.6837 26.4818 12.0812 52.2257 120.229 54.193 123.223 99.3761 102.115 22.0127 73.328 202.117 19.9046 7.05298 4.44563 36.7623 226.669 99.6707 0.000000069078 41.5162
-66.5488 14.0128 39.5704 20.8869 5.03209 6.77816 46.7744 67.6837 26.4818 12.0812 96.626 120.229 56.9041 83.5216 99.3761 102.115 23.7133 73.328 199.118 5.33168 0.375859 4.44563 36.7623 226.669 99.6707 0.000000069078 39.9867
-66.0353 14.0128 39.5704 20.8869 5.03209 7.70459 46.7744 67.6837 26.4818 12.0812 96.626 120.229 56.9041 83.5216 98.9397 102.115 23.7133 73.328 199.118 2.95815 0.375859 4.44563 23.476 226.669 71.3593 0.000000069078 38.6196
-66.0821 14.0128 39.5704 20.8869 5.03209 7.70459 46.7744 67.6837 26.4818 12.0812 96.626 120.229 56.9041 83.5216 98.9397 102.115 23.7133 73.328 199.118 2.95815 0.375859 4.33407 20.8273 167.769 41.0164 0.000000069078 36.2575
-64.807 14.0128 39.5704 20.8869 5.03209 7.78549 46.7744 67.6837 26.31 12.0812 96.626 120.229 58.4616 83.5216 98.9397 102.115 19.7693 72.3887 199.118 17.7224 0.375859 5.83249 27.8722 167.769 50.4301 0.000000069078 37.7554
-66.7711 14.0128 39.5704 20.8869 5.03209 7.78549 46.7744 67.6837 23.9866 12.0812 96.626 120.229 58.4616 83.5216 99.3556 102.115 17.5893 122.852 153.933 24.284 0.375859 5.83249 27.8722 44.3054 33.0712 0.000000069078 33.5449
-66.7711 14.0128 39.5704 19.8958 5.03209 7.41431 46.7744 67.6837 26.4422 11.9607 96.626 120.229 58.4616 83.5216 100.372 102.115 17.5893 123.652 153.933 14.7751 3.22959 5.83249 27.8722 15.374 43.5414 0.000000069078 31.4679
-66.2763 14.0128 39.5704 16.1159 7.77103 7.77757 46.7744 67.6837 27.4127 11.9607 96.626 120.229 61.4337 83.5216 100.372 102.115 17.5893 123.652 150.485 14.7751 3.22959 8.68645 32.7083 15.374 41.9304 0.000000069078 30.8851
-65.9628 14.0128 39.5704 16.2405 7.77103 7.77757 46.7744 67.6837 27.4127 11.9607 96.626 130.742 61.4337 83.5216 100.372 102.115 7.28513 123.652 152.543 15.5755 3.22959 8.68645 29.3837 15.374 45.4146 0.000000069078 31.5829
-65.9628 14.0128 39.5704 16.9743 6.80025 7.77757 46.7744 67.6837 26.2655 15.9254 96.626 122.86 61.4337 83.5216 100.372 102.115 7.28513 123.652 152.543 14.0868 3.22959 16.9687 29.3837 54.8377 46.6918 0.000000069078 31.6853
-66.0261 21.3829 30.2981 21.1822 6.80025 7.9662 46.7744 67.6837 25.384 4.47554 120.941 110.736 60.0623 83.5216 100.372 102.115 7.28513 123.652 152.543 15.3433 5.27804 19.3566 24.4474 32.2562 55.2914 0.000000069078 37.0915
-66.7784 25.7417 26.6498 16.3099 6.80025 8.22404 46.7744 83.0291 20.735 4.47554 120.941 110.736 53.8044 83.5216 100.372 102.115 7.28513 126.233 152.543 3.10077 5.27804 19.3566 40.7385 27.9914 35.9994 0.000000069078 34.1209
-66.6335 24.1 28.0396 12.0815 5.56933 8.2214 46.7744 83.0291 21.4704 7.15375 125.548 97.1593 60.9212 83.5216 100.071 102.115 3.49442 130.179 153.046 2.34655 5.27804 22.0678 63.0354 69.4499 96.9279 0.000000069078 38.5073
-67.6775 30.7761 29.3024 10.9028 5.56933 8.2214 46.7744 83.0291 16.9898 5.71683 122.453 97.1593 60.9212 83.5216 96.8121 100.086 23.0852 95.8622 153.046 5.31854 2.63681 22.3129 63.0354 59.5419 138.402 0.000000069078 41.4574
-67.6321 30.7761 30.1441 16.123 5.56933 8.29457 27.2358 83.0291 28.5101 6.07375 122.453 108.375 60.984 83.5216 96.8121 76.5929 27.5037 123.584 152.837 0.743663 8.25078 5.56402 36.106 66.4833 149.993 0.000000069078 41.1059
-65.9455 26.1668 29.5311 16.123 5.85996 7.51367 27.2358 83.0291 38.1942 2.8787 133.363 106.073 63.2236 83.5216 96.8121 76.5929 20.6163 113.145 140.967 3.12313 3.62001 24.8338 18.2204 20.8591 54.1263 0.000000069078 36.9158
-66.2672 29.5958 27.3686 15.4793 6.00233 5.4927 27.2358 82.3584 31.2783 2.8787 133.363 106.073 56.1838 74.6575 96.8121 98.2739 20.6163 120.841 149.995 1.82331 3.62001 23.1887 30.0531 30.0526 56.233 0.000000069078 37.334
-66.2672 30.6553 27.3686 15.5007 5.62362 5.4927 20.082 82.3584 26.4753 5.52955 133.363 111.378 56.1838 74.6575 92.3708 87.9446 38.6753 120.841 143.976 1.82331 33.6218 1.91193 3.95214 102.996 93.339 0.000000069078 38.3113
-66.0886 30.6553 25.0551 15.5007 6.05446 5.4927 20.082 82.3584 26.4753 5.52955 133.363 119.422 56.1838 76.2177 92.3708 87.9446 38.6753 120.841 143.976 1.82331 33.6218 1.91193 25.4523 4.99873 93.339 0.000000069078 34.3733
-66.046 28.2005 25.0551 17.2092 8.15782 7.39032 20.082 82.3584 27.3913 5.52955 133.363 116.7 56.1838 74.02 92.3708 87.9446 39.5066 140.209 109.251 1.82331 34.2242 8.59043 60.2166 31.8158 83.9829 0.000000069078 35.3319
-66.8563 28.2005 25.0551 14.5529 5.93951 7.42838 20.082 82.3584 25.9185 5.52955 133.363 117.517 56.1838 76.0176 92.3708 87.9446 32.5942 143.567 108.766 1.82331 53.0502 7.66424 50.2574 34.5276 35.8991 0.000000069078 39.0376
-66.8563 28.2473 27.775 19.1077 5.87131 6.54931 13.1277 82.3584 24.9135 5.52955 133.363 121.22 53.612 76.0176 93.1091 87.9446 27.5953 145.859 108.766 1.82331 53.0502 8.77238 50.2574 34.5276 22.2713 0.000000069078 38.3856
-66.7762 24.5063 27.775 19.1077 4.93201 5.67881 22.1219 82.3584 25.754 5.52955 126.791 143.802 53.612 65.6418 93.1091 87.9446 30.1836 133.163 119.576 1.82331 40.4161 6.76188 30.2462 36.3421 22.2713 0.000000069078 34.3899
-67.1332 24.5063 27.775 18.866 4.44634 5.67881 23.3805 82.3584 25.9204 3.7495 126.791 143.802 54.2681 51.0356 93.1091 96.0909 40.3869 136.379 123.029 1.82331 33.6944 6.47332 22.6838 42.029 63.8472 0.000000069078 35.1598
-68.6029 24.5063 26.3524 20.4213 5.44299 5.67881 23.3805 82.3584 19.494 3.7495 126.791 143.802 54.2681 71.0022 93.1091 96.0909 25.8774 136.379 120.897 1.82331 33.6944 3.45771 40.5725 13.3185 63.8472 0.000000069078 35.904
-68.6029 24.5063 29.5956 20.4213 5.45558 5.67881 23.3805 82.3584 19.6835 3.7495 126.791 143.802 54.2681 71.0022 93.1091 96.0909 17.1744 140.978 122.113 1.82331 38.577 0.385472 41.9427 81.7389 67.2706 0.000000069078 38.1334
-64.6069 24.5063 29.0509 18.5103 5.54177 6.07125 23.3805 82.3584 22.6117 3.7495 137.22 144.634 45.7175 71.0022 93.1091 96.0909 17.1744 137.498 121.872 1.82331 21.6471 7.655 29.9753 83.9933 57.2045 0.00000103131 38.3599
-65.9681 21.802 29.0509 21.9752 5.24712 2.11968 33.1852 75.9187 27.1381 3.7495 137.22 144.634 45.7175 67.7198 83.2788 96.0909 22.3502 136.713 132.41 5.20269 1.19331 7.65255 136.748 86.9768 53.2216 0.00000103131 40.2648
-65.8795 21.802 29.7916 25.5154 5.24712 2.11968 34.0183 75.9187 22.8425 3.7495 137.22 144.634 38.0572 67.7198 83.2788 96.0909 22.3502 136.713 132.41 5.20269 33.2908 3.5184 4.40867 80.264 49.8499 0.00000176353 37.3848
-66.4904 23.1043 29.2559 25.5154 5.24712 3.14658 34.0183 75.9187 21.1237 3.7495 137.22 144.634 38.0572 67.7198 83.2788 96.0909 22.3502 136.713 132.41 5.20269 33.2908 4.04196 4.40867 75.4818 51.125 0.00000176353 37.1397
-68.3574 30.9038 21.8287 25.5154 4.66092 3.14658 33.643 75.9187 21.1237 3.7495 137.22 133.222 50.3149 67.7198 83.2788 96.0909 22.3502 136.713 132.41 9.93708 19.1284 4.04196 4.40867 54.5755 51.125 0.00000202729 39.5037
-64.6869 30.9038 21.8287 9.03426 2.14028 22.3271 31.435 75.9187 23.4197 3.7495 149.051 133.222 50.3149 54.5773 83.2788 96.0909 25.5316 136.713 132.41 3.87455 19.1284 9.37437 4.66562 61.9258 59.4751 0.000000300776 37.5529
-64.6869 30.9038 18.4683 8.98933 5.02395 23.3906 33.9597 73.3776 21.7947 3.7495 153.351 127.33 50.3149 58.1937 81.8688 96.0909 26.7144 147.742 132.41 3.29901 17.5999 10.7081 4.66562 45.04 49.7286 0.000000337613 34.725
-65.5712 30.9038 18.8565 8.44706 5.02395 27.7321 33.9597 59.355 32.2194 3.7495 150.362 135.614 47.198 54.6233 81.8688 96.0909 24.6618 147.742 132.41 3.29901 15.6967 12.7796 25.8082 45.04 15.0856 0.000000337613 32.2143
-68.3869 30.9038 18.487 8.44706 4.07876 24.3662 31.0261 59.355 35.0739 3.7495 149.968 132.178 57.1556 46.6676 81.8688 96.0909 26.4666 151.601 132.41 7.92428 17.0239 10.1511 25.8082 39.846 73.9245 0.000000500013 37.0627
-65.5596 30.9038 22.707 6.87082 5.49905 24.3662 31.0261 54.4235 35.0739 9.95238 147.305 163.155 52.4122 15.9516 81.8688 96.0909 27.9263 151.601 132.41 7.92428 16.9284 9.88444 10.704 95.4921 79.3808 0.000000280959 35.0815
-65.8778 30.9038 32.9621 6.87082 5.49905 24.3662 22.7479 48.9413 35.0739 9.95238 155.347 163.155 52.4122 15.9516 81.8658 96.0909 28.293 151.601 132.41 7.92428 16.9284 10.336 10.704 106.59 79.2101 0.000000320873 38.5258
-65.9319 26.8032 34.079 1.58553 4.64968 19.454 29.048 52.6781 62.7253 2.55813 160.813 163.155 36.5665 20.6778 85.6433 96.0909 28.2976 113.929 132.41 7.10348 15.5832 18.7211 59.0637 88.5188 74.5253 0.0000000772465 41.8248
-65.0702 23.0355 34.079 13.6061 9.51562 15.7735 18.4406 51.0119 48.1996 9.5033 146.462 163.155 36.5665 28.4064 88.8585 89.5411 28.2931 113.929 161.762 9.83242 20.2583 13.5836 76.039 39.9159 72.6925 0.0000000772465 38.0731
-65.0702 15.6046 34.079 10.9689 9.48439 19.123 6.21419 54.2717 59.2043 9.5033 168.861 164.402 32.5329 28.4064 88.8585 85.8687 25.4395 113.929 161.762 2.75819 20.3641 14.0076 8.57372 29.859 60.7309 0.0000000270746 32.0882
-64.5331 17.3602 38.8012 8.97063 3.66567 19.1474 11.5932 54.2717 59.2043 9.5033 168.861 164.402 28.113 28.4064 88.8585 85.3716 31.2332 113.929 161.762 0.0697958 15.7566 16.4524 6.75356 28.8923 69.2899 0.000000180866 35.5555
-64.5331 18.4134 27.2639 8.97063 3.66567 28.66 4.93156 57.3913 59.2043 10.4388 168.861 164.402 25.1929 28.4064 88.8585 85.3716 40.7862 113.929 161.762 0.0697958 14.4766 13.86 6.75356 37.3888 69.2899 0.00000016678 36.115
-65.338 24.0359 24.447 9.27884 3.66567 29.0109 4.93156 57.3913 57.13 9.18308 163.956 167.752 36.5349 28.4064 88.8585 69.3157 32.2895 113.929 161.762 7.1631 12.5242 15.019 90.2448 31.3691 65.731 0.00000016678 36.4349
-65.338 16.9607 21.1051 6.83761 3.66567 39.7386 4.93156 60.3078 58.1642 9.18308 162.217 167.752 36.5349 27.1021 88.7858 71.8112 35.2331 113.929 166.15 10.7954 12.1304 6.77272 120.684 32.1787 49.1431 0.00000016678 35.2847
-64.3719 16.1116 21.1051 6.83761 3.66567 39.7386 4.93156 60.3078 59.1427 9.18308 162.217 167.752 36.5349 27.1021 88.7858 71.8112 35.2331 113.929 166.15 10.7954 11.1919 6.77272 134.167 32.1625 22.6464 0.00000016678 37.2629
-67.2831 16.2908 21.2153 7.88462 6.36333 36.6638 2.07362 55.3419 62.0514 40.5612 151.332 116.395 52.4019 27.1021 111.223 71.8112 30.4304 125.113 166.15 6.94356 11.1919 7.00366 124.161 31.4157 22.6464 0.00000016678 37.4705
-67.4025 16.2908 21.2153 7.6257 6.36333 36.8043 2.07362 54.9864 62.0514 40.5612 151.332 116.395 52.4019 27.1021 111.223 71.8112 30.4304 125.113 166.15 6.94356 11.1919 10.6215 124.158 32.0157 45.5744 0.00000016678 40.3865
-67.7757 16.2908 21.2305 8.57698 2.69433 40.2779 2.07362 54.9864 62.0514 39.4881 151.332 116.395 52.4019 23.6199 111.223 71.8112 46.0766 125.113 154.131 6.66355 7.75299 11.0101 123.029 29.4075 92.8233 0.00000016678 40.1601
-66.5543 30.7809 20.8277 8.57698 27.4089 8.58165 4.11005 49.2149 61.8273 40.4662 151.332 116.395 52.4019 23.6199 111.223 66.4471 46.0766 125.113 154.131 6.66355 9.69567 10.6702 114.491 29.7754 92.8233 0.00000016678 36.4998
-67.3678 30.7809 20.8764 8.54727 27.4089 8.26832 3.62785 49.2149 61.8273 40.4662 151.332 116.395 52.7016 23.6199 111.223 66.4471 46.0766 125.113 144.502 21.0647 8.31982 10.6702 108.686 17.967 88.7206 0.000000125345 38.0927
-68.6954 10.0008 21.4199 16.2953 26.2129 6.42978 7.63782 42.8494 62.5621 42.2214 172.123 109.214 46.9362 34.6541 111.223 42.0966 63.0465 118.82 144.502 12.407 23.3282 4.02719 104.63 9.32444 136.292 0.000000125345 43.0742
-68.6954 10.0008 21.2684 16.2953 26.2129 12.852 4.94412 45.3072 52.0551 31.6684 172.123 109.214 55.6266 34.6541 111.223 42.0966 72.4999 118.82 144.502 14.2199 3.38984 2.5724 105.007 12.0245 107.486 0.000000837316 41.1793
-68.1276 10.0008 21.2737 16.2953 26.2129 14.2221 4.94412 40.7805 50.3577 48.8346 168.879 109.214 44.847 39.4853 111.223 50.2065 73.8567 118.82 144.502 16.9119 3.38984 1.1954 152.781 4.14728 124.997 0.000000837316 44.6649
-64.869 6.35703 21.2543 24.4936 20.249 19.0096 4.94412 40.7805 50.3577 47.2363 168.879 109.214 36.9248 38.0297 111.223 50.2065 73.8567 118.82 144.502 20.1489 2.69747 14.8843 100.602 12.0107 157.438 0.000000837316 42.9538
-64.869 6.35703 21.2945 24.4936 28.063 6.65007 4.94412 40.7805 50.3577 72.2636 168.879 109.214 34.5006 47.121 111.223 50.2065 37.3248 131.127 144.502 20.1489 2.69747 14.8843 123.485 6.06549 157.438 0.0000000912151 42.5689
-65.9237 11.6128 21.2421 24.4936 26.9392 0.715971 4.94412 40.7805 49.0162 72.2636 168.879 106.031 38.7726 47.121 111.223 53.2705 37.3248 131.127 144.502 19.1388 2.69747 14.8843 50.4736 3.15272 93.4063 0.0000000912151 38.0357
-64.8252 11.6128 21.2299 24.4936 26.9392 14.3723 4.94412 40.7805 45.1309 76.4253 154.729 106.031 37.4101 46.4462 97.1469 64.6952 37.3248 131.127 144.502 19.1871 7.76476 14.8843 22.0084 17.2934 93.4063 0.000000206242 36.7794
-64.808 20.5261 21.276 19.1486 21.7493 14.3723 4.94412 40.7805 42.5742 76.4253 154.729 106.031 36.1663 46.4462 97.1469 63.3744 37.3248 131.127 144.502 19.1871 5.88119 23.5628 22.0084 31.564 93.4063 0.0000000525863 37.9152
-67.3872 20.5261 20.972 16.2969 22.3312 9.66773 4.94412 63.8372 28.3166 76.4253 154.729 106.031 37.2625 46.4462 97.1469 63.3744 50.5261 131.127 128.941 19.1871 5.88119 23.5628 22.0084 26.2433 145.75 0.000000623829 39.6479
-67.8038 19.1446 20.972 16.2969 22.5961 9.66773 4.94412 64.3672 31.18 76.4253 154.729 106.031 37.2625 46.4462 97.1469 63.3744 50.5261 131.127 128.941 10.1732 5.88119 11.756 31.9954 26.2433 243.845 0.00000143098 43.477
-67.0017 19.4217 20.0777 17.2431 22.029 6.38266 16.7288 52.9373 30.9781 76.4253 154.729 92.1486 36.8081 54.9028 97.1469 68.5184 50.5261 131.127 142.738 16.3555 1.53763 11.7327 43.232 25.3459 338.997 0.000000650207 42.886
-67.0017 19.4217 20.0777 17.2431 24.3551 6.38266 16.8595 53.3439 32.1311 76.4253 154.729 92.1486 36.8081 49.6368 97.1469 68.5184 50.5261 131.127 142.738 16.3555 0.762319 10.6575 43.232 25.3459 259.318 0.000000612064 40.0685
-66.4845 15.1891 20.5849 17.5117 27.4688 6.38266 12.0946 56.0952 28.163 77.2232 151.773 91.2732 38.5913 49.6368 102.08 68.5184 55.0263 131.127 142.738 21.2612 3.45449 4.90888 43.232 25.3459 100.384 0.000000286224 35.8937
-67.1217 15.1891 20.5849 17.5117 27.4688 6.38266 12.0946 56.0952 28.163 77.2232 152.039 91.2732 39.5405 49.6368 102.08 68.5184 52.9072 131.127 142.738 17.13 7.72728 5.01557 43.232 17.2128 185.03 0.00000004441 37.0856
-67.6647 15.1891 20.2326 17.5117 27.4688 5.24202 12.0946 62.5028 28.163 77.2232 152.039 91.2732 40.6798 49.6368 102.08 57.4185 53.5628 131.127 142.738 17.13 7.72728 6.67295 15.7373 17.2128 168.038 0.00000004441 34.9774
-62.7722 12.787 20.6187 16.6005 31.8045 3.88178 20.0662 62.5028 20.479 77.2232 159.825 91.2732 40.6798 49.6368 102.08 47.7211 52.4193 131.127 145.097 21.6574 7.13999 4.28485 28.6658 11.0354 168.038 0.00000004441 36.8914
-66.5381 12.787 20.7858 16.6005 31.8045 3.88178 20.0662 62.5028 20.479 77.2232 159.825 91.2732 40.6798 49.6368 102.08 54.2037 52.4193 131.127 145.097 19.0564 7.13999 5.42798 28.6658 43.6099 168.038 0.0000000869316 33.9438
-65.4644 12.787 20.0337 16.6005 31.8045 3.88178 20.0662 60.557 20.479 75.4808 159.825 91.2732 35.8019 49.6368 102.08 54.2037 54.5175 131.127 145.097 17.7423 7.32304 5.34398 28.6658 59.3877 168.038 0.0000000869316 37.3669
-65.4644 13.3359 20.0337 13.1697 31.8045 3.88178 19.2025 69.2625 20.479 75.4808 159.825 91.2732 34.9367 49.6368 102.08 54.2037 54.5175 131.127 145.097 17.0134 6.85031 4.58225 34.3961 54.445 73.2852 0.0000000869316 34.1741
-64.6838 13.3359 20.289 12.2267 31.8045 3.88178 16.4819 69.2625 20.479 75.4808 159.825 90.7533 34.9367 46.6925 111.113 36.9345 68.3325 131.127 145.097 9.30408 6.85031 4.3723 28.1974 62.5141 43.943 0.0000000869316 34.2624
-64.6838 16.286 20.3225 11.6594 31.8045 2.58818 16.4819 69.2625 26.4143 75.4808 159.825 90.7533 34.9367 40.3766 111.113 47.7503 68.3325 131.127 145.097 9.30408 6.62105 5.57835 2.10671 99.6681 49.7041 0.000000695153 41.9295
-64.6742 17.5452 17.7096 11.4553 31.8045 2.58818 16.5496 65.5818 24.6491 75.4808 159.825 90.7533 31.329 45.7483 111.113 47.7503 70.6549 120.87 145.097 15.1828 6.62105 6.11677 43.6269 90.9333 89.9229 0.000000573886 38.663
-63.1284 17.221 14.2075 14.8166 28.3827 3.01384 20.1404 59.6893 24.6491 75.4808 156.793 97.8451 49.0691 45.7483 113.932 47.9958 48.8531 120.87 145.097 22.8571 6.62105 7.62312 53.6656 85.5489 1.22362 0.0000000265091 42.934
-68.7626 19.3565 16.9372 14.8166 28.3827 3.01384 23.7629 59.6893 23.5869 75.4808 156.793 97.8451 39.0112 40.54 113.932 37.774 64.2859 120.87 145.097 22.6167 8.81721 7.47901 53.6656 44.8795 4.44827 0.0000000265091 33.8438
-68.0389 14.8095 17.4801 18.4268 27.3391 5.56774 23.4109 59.6893 20.0459 75.4808 55.6159 203.816 32.6246 40.54 113.932 43.8308 64.2859 120.87 145.097 22.6167 8.81721 6.0035 26.2959 41.6153 14.9662 0.0000000265091 33.5434
-69.787 16.3019 18.3473 18.131 27.3391 5.56774 21.6014 62.1122 20.0459 75.4808 55.3755 217.634 27.5609 40.54 113.932 43.8308 49.3108 120.87 145.097 3.46031 8.81721 5.96811 16.3445 31.2034 18.8738 0.0000000265091 35.5043
-69.787 16.3019 17.9497 16.3887 27.8174 5.56774 21.6014 62.1122 20.0459 75.4808 55.3755 217.634 27.5609 40.54 113.932 54.6333 49.3108 126.057 145.097 3.46031 8.81721 14.4337 22.5157 31.2034 14.157 0.0000000265091 34.3028
-69.2766 17.0767 17.4904 18.55 25.2732 5.56774 20.6873 62.1122 12.7398 74.9767 55.3755 217.634 33.62 40.54 113.932 47.7508 58.2532 124.687 135.508 7.91486 8.81721 12.861 14.067 36.6621 21.0364 0.0000000265091 35.7273
-66.0934 17.0767 17.5287 20.4363 25.9366 17.9455 20.6873 62.1122 7.95933 74.9767 55.3755 216.49 31.8727 26.125 120.168 43.012 59.865 132.679 142.379 7.50436 8.81721 15.8726 15.218 55.4062 27.1779 0.0000000265091 30.8641
-66.0934 17.0767 17.5626 21.4616 25.1621 17.9455 20.7019 62.1122 7.95933 74.9767 60.0937 216.49 31.8727 26.125 120.168 43.012 53.2083 123.886 142.379 11.9395 8.81721 15.5981 8.40051 54.8885 65.469 0.0000000265091 31.3741
-67.8724 17.0767 17.604 21.4616 24.625 19.386 20.7019 62.1122 7.95933 74.9767 60.0937 216.49 33.668 26.125 123.993 43.012 46.2462 123.886 148.753 3.52332 15.9698 10.5716 37.1189 129.75 7.27879 0.0000000735605 35.6957
-67.3115 18.421 16.9453 22.361 24.492 5.63086 19.0304 70.5813 7.95933 74.9767 73.2798 202.985 31.298 26.125 123.993 46.4678 45.3686 123.886 148.753 3.52332 10.8598 14.0498 34.735 135.436 76.2723 0.00000285003 42.1044
-66.972 15.6299 17.427 22.361 24.492 8.17237 8.86342 80.9669 7.95933 74.9767 73.2798 201.106 30.1558 26.125 123.993 54.2807 52.0122 123.886 148.753 5.33188 10.9154 12.5959 59.288 76.0674 76.2397 0.000000621802 39.3167
-67.1675 8.64715 19.7562 22.361 25.5491 11.2369 23.1981 79.276 7.95933 54.4561 76.1032 201.106 29.4428 41.9565 106.105 54.2807 52.0122 123.886 148.753 5.59896 13.2271 14.7038 35.1781 73.8644 104.692 0.000000621802 39.275
-65.0485 8.64715 20.3842 22.361 25.5491 11.2369 19.6976 76.182 17.9933 60.2778 76.1032 193.369 27.2389 41.9565 115.13 54.2807 51.0822 123.886 144.116 5.66954 3.18724 20.2366 21.9097 59.1826 61.2253 0.000000621802 37.2541
-64.8492 8.64715 20.5 22.361 25.0976 10.0869 4.13711 76.182 14.0919 60.2778 84.869 193.441 30.0623 45.6815 110.381 52.7073 51.0822 123.886 144.116 6.20889 13.4427 36.2803 21.9097 50.3945 66.7656 0.000000621802 38.8996
-64.7523 8.26596 19.1689 22.361 24.3681 11.0615 4.07009 72.6753 19.1967 60.2778 84.4149 130.153 28.709 124.681 110.381 52.7073 36.5451 113.415 159.977 5.20688 17.6035 6.93586 50.6595 49.1885 73.203 0.000000621802 37.2845
-64.6674 8.26596 20.6594 19.8409 26.6662 11.0615 0.835208 72.6753 19.1967 60.2778 84.4149 112.212 25.1062 129.614 110.381 70.8276 38.4786 113.415 159.977 5.20688 19.9599 6.21386 44.7815 49.1885 93.6226 0.000000621802 36.3261
-64.3848 8.26596 21.4722 16.7913 26.0025 11.0615 0.835208 72.6753 19.1967 59.8733 88.6422 121.8 18.4087 129.614 168.708 16.7154 37.003 113.415 159.977 11.3306 19.8191 6.21386 29.7284 49.1885 75.0742 0.000000621802 39.38
-64.6842 8.26596 26.6777 16.7913 25.388 11.0615 11.3699 61.0127 19.1967 59.8733 127.525 116.913 18.7436 81.6897 178.928 16.7154 37.003 113.415 159.977 7.41394 16.2913 5.6342 41.9186 28.9152 64.0266 0.000000621802 35.0172
-64.6842 10.9553 23.3339 16.7913 24.6777 11.0615 11.3699 65.0386 19.1967 59.8733 132.775 121.895 18.7436 81.6897 183.504 5.81298 36.725 113.415 159.977 1.31487 15.5208 5.6342 41.9186 9.70366 35.8273 0.000000621802 35.0861
-64.7566 7.87547 23.3339 14.1077 24.798 11.0615 16.1017 69.2907 19.1967 59.8733 128.77 121.895 17.823 81.6897 172.66 5.81298 40.9606 113.415 159.977 1.87757 18.8641 13.155 61.2146 15.8403 42.0981 0.000000621802 41.0964
-64.7177 7.87547 23.3339 17.2266 24.6137 15.7771 18.5276 55.0742 19.1967 58.2007 128.77 121.895 12.6593 81.1755 172.66 5.81298 56.3799 113.415 159.977 1.87757 1.67382 13.155 34.4872 22.6048 34.1043 0.000000621802 35.8374
-65.5049 7.87547 20.5133 17.2266 24.6137 17.04 22.5738 55.0742 19.1967 58.2007 128.77 120.324 16.6894 81.1755 171.617 5.81298 55.7466 113.415 148.974 11.2196 1.67382 10.5725 34.4872 14.3126 13.7198 0.00000212248 37.2662
-66.3231 7.87547 18.3362 17.2266 24.6074 17.1004 22.5457 54.5164 19.1967 58.2007 128.77 120.324 14.749 81.1755 171.617 9.34332 55.7466 113.415 148.974 30.8679 0.444966 10.5725 34.4872 15.425 13.7198 0.00000212248 36.4481
-67.2711 7.87547 18.3362 21.6813 22.9858 17.1004 22.8204 54.5164 19.1967 54.8403 128.77 120.324 14.749 81.1755 172.007 9.34332 54.5571 113.415 148.974 30.8679 5.58798 11.6349 4.16242 21.8105 13.7198 0.00000212248 38.8933
-67.6463 7.87547 10.8734 28.7412 22.9858 17.4142 20.176 54.5164 19.1967 54.0148 128.77 120.324 19.6455 81.1755 172.007 7.62567 55.0771 113.415 148.974 24.5509 5.58798 11.1343 7.71816 17.8482 20.7087 0.00000212248 36.3136
-67.3405 7.87547 11.6884 28.7412 22.0907 16.1397 24.764 50.8558 21.1298 54.0148 128.77 120.324 17.6416 81.1755 172.007 7.62567 56.5779 113.415 148.974 24.5509 5.58798 11.1343 6.86257 17.8482 8.5164 0.00000212248 35.8565
-67.4741 20.3199 8.05945 34.9471 22.0907 10.9848 24.764 50.8558 10.8293 51.1719 128.77 120.324 17.6416 90.3521 172.007 11.2272 51.6898 113.415 148.974 21.3345 7.24005 10.5763 7.19031 21.0153 10.034 0.00000212248 40.1448
-66.3876 20.3199 8.05945 34.9471 22.0907 10.9848 24.764 50.8558 10.8293 51.1719 128.77 120.324 17.6416 90.3521 172.007 11.2272 47.5301 113.415 148.974 21.812 7.24005 7.96119 62.474 79.6922 10.034 0.00000212248 37.2793
-65.4607 20.3199 7.80339 34.9471 22.0907 9.8439 24.764 50.8558 10.8293 51.1719 103.857 144.84 17.6416 85.6517 172.007 11.2272 43.8654 125.906 148.974 14.2723 12.5238 11.6587 12.0674 32.6944 68.2913 0.00000212248 38.9318
-66.0097 11.7507 10.2119 33.2682 22.0907 9.8439 25.1639 55.7909 10.8293 58.002 122.371 144.84 15.3466 76.3485 172.007 11.2272 40.2709 125.906 127.966 22.2357 14.8968 11.8198 14.6693 35.3995 76.943 0.0000121301 40.4049
-65.1774 24.2126 7.54983 33.2682 14.364 1.43615 29.9374 55.382 13.7813 57.6632 122.371 141.567 29.9555 55.3571 172.007 15.2072 43.9138 134.22 127.966 18.3251 21.7787 7.28627 14.6693 61.3134 68.5875 0.00000856446 42.1869
-65.1774 25.0512 3.24356 33.2682 14.364 7.62241 23.6435 59.7775 13.7813 57.6632 119.516 141.766 42.9245 55.3571 166.323 15.2072 40.6884 134.22 127.966 15.2284 7.46092 8.15342 14.6693 53.8401 55.7649 0.00000856446 39.8111
-66.5862 23.0903 4.20873 33.2682 14.364 14.7193 15.1022 66.5238 13.7813 74.0683 136.171 141.766 17.5253 55.3571 151.335 15.2072 38.3703 149.486 127.966 16.9228 6.17801 9.0124 41.7797 2.46622 190.737 0.00000348481 44.543
-67.5282 19.6215 7.16063 29.0341 15.8146 10.3708 11.9678 72.65 13.7813 50.9885 182.048 110.665 13.0251 74.0632 156.946 11.5963 37.7642 133.978 127.966 18.8741 17.282 7.64606 59.8029 5.21043 143.797 0.00000393233 44.1175
-65.8809 19.6215 7.16063 29.0341 15.3184 12.4424 4.78392 57.9311 27.946 65.284 182.048 110.665 13.0821 71.573 156.946 11.5963 38.5319 133.978 127.966 18.8741 9.87808 7.64606 37.7504 5.21043 81.5305 0.00000393328 39.2151
-65.8809 19.6215 7.16063 29.0341 15.3184 12.4424 4.78392 57.9311 27.946 65.284 182.048 110.665 13.1989 71.573 156.946 11.5963 38.5215 133.978 127.966 18.8741 6.33551 10.1364 37.7504 5.21043 81.5305 0.00000475203 39.9459
-65.8809 19.6215 8.40583 28.6494 17.193 12.4424 3.50927 57.9311 27.946 65.284 182.048 110.665 13.1777 71.573 154.479 11.5963 38.5215 133.978 127.966 14.5044 4.14678 7.06623 70.3381 10.7348 18.5743 0.00000279485 39.7319
-65.8669 25.5339 8.03247 17.6198 23.4949 7.85754 3.50927 57.9311 33.531 60.8228 182.048 110.665 13.154 62.3269 154.479 11.5963 37.1411 134.972 127.966 11.0346 4.14678 16.9025 70.3381 3.24399 32.2323 0.00000318362 39.6874
-66.5635 27.195 16.968 12.2522 23.5132 2.41895 3.50927 57.9311 33.531 60.6689 182.048 110.665 13.0333 62.3269 163.38 11.5963 38.3706 133.852 127.966 11.0346 15.0035 13.2369 70.3381 36.3299 7.38272 0.00000150123 36.4439
-66.7298 26.5658 16.968 13.2223 23.5132 2.41895 3.50927 57.9311 33.531 62.4356 182.048 110.665 14.2379 62.3269 163.38 11.5963 37.9921 133.852 127.966 6.72478 15.0035 13.2369 102.127 33.3414 83.5868 0.00000109485 39.8718
-66.8404 30.2333 16.968 15.8868 23.5132 2.41895 3.50927 57.9311 25.3459 59.8574 182.048 110.665 16.1919 62.3269 163.38 11.5963 36.3493 133.852 130.083 3.9068 14.1853 10.5071 80.0612 14.2453 88.1802 0.000000608032 40.1294
-66.9313 30.2333 16.6706 17.839 20.8729 2.41895 15.0324 47.5009 28.4079 57.6582 182.048 110.665 14.6595 62.3269 161.323 11.5963 44.2409 133.852 129.314 3.9068 14.0608 10.1507 11.9172 14.2453 77.3965 0.000000469165 37.5548
-67.1299 34.4546 14.9398 24.1024 9.76357 2.41895 15.0324 47.5009 28.4079 57.1494 182.048 110.665 14.5134 62.3269 161.323 11.5963 55.7027 126.868 129.314 9.89947 16.506 3.04729 16.7706 14.2453 77.3965 0.000000469737 40.8183
-67.4663 28.2161 14.9398 9.15019 6.65317 26.2994 2.05131 49.7763 50.7174 51.4076 181.826 97.4481 19.3159 62.3269 161.323 11.5963 51.4491 126.868 129.314 11.8787 4.68638 3.81704 23.2866 17.2033 77.3965 0.000000506138 38.1319
-67.4663 28.2161 14.9398 9.46509 6.65317 26.1483 2.05131 49.7763 48.7006 51.4076 181.826 97.4481 19.3159 62.3269 161.323 11.5963 51.5508 126.868 129.314 20.0141 5.21719 4.52532 7.90826 42.2529 77.3965 0.000000174787 36.0591
-65.2705 28.2161 12.2127 6.20334 22.3006 31.983 4.46649 46.7767 35.55 49.2096 181.826 97.4481 19.3159 62.3269 161.795 11.5963 46.5678 126.868 129.314 20.7724 5.16794 22.6727 15.5278 54.9492 49.7499 0.000000174787 36.821
-66.0631 18.1381 12.164 5.12081 22.3006 46.0339 5.27783 45.2401 35.55 47.7124 181.826 97.4481 18.268 62.3269 167.395 11.5963 47.3023 126.868 129.314 3.66456 5.49175 17.2717 7.40873 59.0464 37.8651 0.000000140126 34.952
-65.7049 18.1381 12.164 4.49124 26.62 45.6843 5.27783 39.3585 35.55 49.2679 181.826 78.641 35.0607 62.3269 167.395 11.5963 47.3023 126.868 129.314 31.1903 3.51541 12.1024 12.3321 71.0519 39.2375 0.000000190524 37.8717
-65.7049 18.1381 12.164 4.49124 26.62 45.6843 4.96819 39.3585 35.55 52.3038 181.826 78.641 35.0607 62.3269 167.395 11.5963 47.3023 126.868 129.314 31.1903 0.781877 12.1024 60.187 71.0519 39.2375 0.000000190524 37.9011
-65.4737 13.8849 12.164 4.49124 26.62 45.6843 1.98828 39.3585 52.7158 60.311 181.826 78.641 18.4593 45.717 167.395 11.5963 55.7753 126.868 129.314 31.1903 4.78213 14.1532 61.7161 76.3704 32.1536 0.000000264124 42.141
-65.0295 13.8849 10.2134 4.49124 20.8084 45.6843 11.3735 39.3585 52.7158 60.311 181.826 78.6359 18.4593 48.4354 167.395 11.5963 55.7753 126.868 129.314 26.4473 4.78213 12.2504 61.7161 76.3704 62.5876 0.000000280922 37.7239
-65.0295 13.8849 9.76507 4.49124 20.8084 47.0695 11.3735 39.3585 52.7158 59.7739 181.826 78.6359 18.4593 48.4354 167.395 11.5963 55.7753 126.868 129.314 26.4473 6.74131 14.1442 7.30025 49.5932 53.3025 0.00000000834787 34.0672
-65.0267 14.4191 9.1768 3.33843 20.8084 47.0695 9.89807 39.3585 52.7158 62.2147 181.826 78.6359 18.4593 48.4354 167.395 11.5963 56.448 126.868 129.314 18.076 6.74131 15.692 7.30025 49.5932 72.8522 0.00000000834787 32.5242
-65.0566 14.4191 9.25226 3.33843 20.8084 47.0695 9.89807 39.3585 52.7158 62.2147 181.826 78.6359 18.4593 48.4354 167.395 11.5963 56.448 126.868 129.314 23.6229 2.76191 13.7047 12.9032 61.9498 25.6882 0.00000000834787 32.0736
-65.5605 15.5531 9.25226 3.33843 23.3827 47.0695 11.3295 39.3585 46.7709 62.2147 181.826 78.6359 18.4593 48.4354 167.395 11.5963 60.7385 126.868 136.737 21.0101 2.24759 13.358 11.356 167.838 23.2689 0.00000000834787 39.5451
-65.5898 15.094 10.0358 0.785766 26.4016 47.0695 11.515 39.3585 46.7709 62.2147 181.826 80.9869 13.7159 48.4354 167.395 11.5963 60.7385 155.986 98.8669 29.4632 2.24759 14.5598 6.01305 174.707 42.7204 0.00000000834787 38.8627
-65.1575 15.094 10.0358 0.785766 26.4016 47.0695 10.0793 39.3585 46.7709 62.2147 181.826 80.9869 13.7159 48.4354 167.395 11.5963 60.7385 155.986 98.8669 29.4632 2.24759 11.9806 7.33432 174.707 48.1088 0.00000000834787 39.8453
-66.6914 15.094 10.0358 0.785766 27.0279 48.326 10.0793 39.3585 46.7709 62.2147 181.826 80.9869 22.1332 48.4354 167.395 11.5963 59.0237 155.986 98.8669 18.8632 7.58143 11.9806 3.07062 108.931 51.5111 0.00000000543249 39.1813
-66.032 19.6767 9.83904 1.37156 27.0279 48.326 12.0477 38.2848 38.2602 69.28 181.826 80.9869 22.1332 48.4354 167.395 11.5963 44.92 155.986 98.8669 1.97697 7.58143 21.8899 19.0444 91.6029 22.7491 0.0000000039657 34.4582
-65.4494 11.0734 10.577 1.37156 27.041 34.754 10.6722 38.2848 38.2602 69.28 181.826 103.302 22.1332 48.4354 167.395 11.5963 45.7304 155.986 109.681 7.77851 13.4733 12.7228 39.3286 90.1899 22.732 0.0000000039657 34.2169
-63.7128 12.5604 10.2041 3.71397 24.7394 36.5844 12.6498 39.3216 35.6281 69.28 181.826 99.0067 20.1788 48.4354 168.647 11.5963 44.1717 155.986 109.681 11.0579 10.9978 17.3941 35.2024 39.5127 21.9838 0.0000000039657 30.4285
-64.7462 12.5604 10.0263 4.12643 24.7394 36.5844 12.7642 39.3216 35.6281 69.28 181.826 99.0067 20.5481 48.4354 168.647 11.5963 43.3568 155.986 109.681 11.8741 8.84431 14.6128 67.3223 38.6351 18.7964 0.0000000039657 29.6237
-64.7462 12.3712 11.7862 3.03963 24.7394 36.5844 15.4684 39.3216 35.6281 69.28 181.826 99.0067 19.2157 48.4354 168.647 11.5963 48.0786 155.986 109.681 13.0322 5.0502 13.79 79.5934 38.6351 18.7964 0.00000000170613 33.4336
-66.0286 5.10472 13.1937 3.03963 30.5894 35.0849 12.6723 39.3216 35.6281 69.28 181.826 99.0067 19.4333 48.4354 176.348 11.5963 43.7712 155.986 109.681 12.59 5.0502 12.8502 93.8288 39.1129 22.1392 0.00000000170613 31.6663
-66.0286 5.10472 13.1369 4.31457 30.5894 35.0849 13.7853 39.3216 33.669 59.7152 181.826 105.943 19.9002 48.4354 176.348 11.5963 42.897 163.841 98.5093 16.078 5.0502 13.0521 137.767 53.1504 22.1162 0.00000000170613 31.5675
-66.0286 5.10472 13.8303 4.31457 30.5894 35.0849 12.8559 39.7447 33.669 59.7152 181.826 105.943 20.0194 48.4354 176.348 11.5963 42.897 163.841 98.5093 16.078 5.0502 13.4959 24.6203 53.1504 28.6036 0.00000000535911 30.056
-67.4403 3.61591 13.8303 4.31457 32.128 37.7979 12.8328 39.7447 33.669 59.7152 181.826 104.544 17.6517 48.4354 176.348 11.5963 41.3188 130.979 132.69 19.01 6.62689 11.8138 46.9045 55.5954 30.3517 0.00000000670303 32.1125
-67.4403 3.61591 14.7288 2.49736 32.128 37.7979 12.4606 43.0126 33.669 59.7152 181.826 105.226 17.0525 48.4354 176.348 11.5963 43.5407 130.979 132.69 19.0665 6.62689 15.8307 31.3852 43.7381 27.8532 0.0000000076273 32.9719
-62.9665 2.01407 11.0756 2.49736 34.8169 37.7979 12.4606 43.0126 33.669 59.7152 181.826 108.609 14.629 48.4354 176.348 11.5963 37.4688 130.979 132.69 20.9763 6.62689 6.77346 129.418 83.3446 30.4566 0.00000000377093 37.1986
-63.1191 2.01407 12.7518 13.2433 32.8901 41.306 6.3965 43.0126 33.669 51.0854 173.122 117.332 31.0046 41.4967 120.463 56.4703 43.7952 130.979 132.69 1.78043 6.62689 5.13159 65.5682 53.9372 15.4624 0.0000000068751 34.4989
-64.1172 2.01407 12.7518 13.104 32.8901 41.306 6.75108 40.7876 33.8822 46.9068 173.122 120.727 31.0046 41.4967 120.463 56.4703 50.2153 130.979 132.69 1.78043 6.62689 15.2061 44.2655 97.9571 36.7864 0.00000000815978 34.9715
-64.1172 1.56581 12.321 13.9388 32.8901 41.0469 7.98885 40.7876 32.5652 43.7493 173.122 120.727 33.4647 41.4967 120.463 56.4703 49.2299 130.979 132.69 1.78043 19.7656 14.7387 56.3677 51.6282 36.7864 0.00000000466095 32.6636
-63.7612 1.56581 12.321 13.9388 32.8901 41.0469 7.87943 44.483 32.5652 43.7493 173.122 120.727 33.4647 41.4967 120.463 56.4703 49.2659 130.979 132.69 1.78043 19.7656 17.3014 47.3797 53.0029 49.8628 0.00000000466095 36.1095
-65.6384 1.56581 12.321 15.6488 32.8901 41.0469 6.75154 44.483 30.0545 42.7502 173.122 115.539 33.4647 41.4967 120.463 56.4703 47.8592 130.979 132.69 3.65927 19.7656 16.1154 44.038 17.933 57.6235 0.00000000172709 31.9409
-65.3419 1.56581 13.3975 17.271 38.3628 35.0547 3.56916 44.4969 30.0545 54.7136 173.122 110.208 33.4647 41.4967 57.8229 115.962 48.8932 130.979 132.69 0.119505 18.5326 23.5432 176.78 26.8737 153.999 0.00000000403107 41.9253
-65.3419 1.56581 13.3975 17.271 34.1142 35.0547 1.80688 44.4969 30.0545 54.7136 173.122 110.208 39.0789 41.4967 57.8229 115.962 54.722 130.979 132.69 0.191809 17.5686 17.13 86.7544 82.7584 118.05 0.00000000403107 38.9401
-65.5794 1.56581 13.2727 17.271 26.9999 35.0547 1.80688 56.3928 30.0545 54.7136 173.122 111.978 31.9359 41.4967 57.8229 115.962 51.4955 130.979 129.639 0.191809 21.8025 17.4856 114.08 50.5288 154.136 0.0000000148145 39.1458
-65.8039 1.56581 13.2727 17.271 25.0051 35.0547 1.80688 56.3928 30.0545 54.7136 173.122 111.978 31.9359 41.4967 57.8229 115.962 51.4955 130.979 129.639 0.191809 21.4068 17.4856 87.5174 49.2884 154.136 0.0000000124844 37.9707
-66.1932 1.56581 12.4901 19.3862 25.0051 35.0547 1.73545 48.3736 43.9352 54.7136 167.321 118.601 29.7811 41.4967 57.8229 119.697 47.0085 130.979 129.639 2.85378 17.2555 17.1215 54.862 49.2884 80.2514 0.00000000695831 36.2402
-65.9645 1.56581 12.4901 19.3862 22.3298 35.0547 1.73545 48.3736 43.9352 54.7136 167.321 118.601 29.0386 41.4967 57.8229 119.697 47.0085 130.979 129.639 8.24094 17.2555 15.4983 54.862 90.713 125.141 0.00000000695831 33.4811
-66.1445 1.56581 11.8183 19.3862 22.3298 35.0547 1.73545 48.3736 43.9352 54.7136 167.321 118.601 29.0386 41.4967 57.2458 119.697 47.0085 130.979 129.639 8.24094 20.8049 14.5829 105.574 55.0881 105.658 0.00000000695831 33.8168
-66.1445 1.56581 11.8183 21.0463 22.3298 35.0547 1.73545 71.4388 43.9352 38.9058 167.321 118.601 25.2384 41.4967 57.2458 119.697 47.0085 130.979 129.639 4.56279 20.8049 14.5829 102.988 38.0853 105.658 0.00000000695831 36.8841
-66.1245 1.56581 15.4052 17.1018 28.5578 35.0547 1.08076 71.4388 42.3822 39.6021 167.321 118.601 26.2043 41.4967 57.2458 108.336 44.7795 135.499 129.639 4.56279 20.8049 14.5829 102.988 55.7941 105.658 0.0000000159871 37.9616
-68.2093 1.56581 13.824 12.1781 30.0864 35.0547 1.08076 71.4388 39.3744 33.6077 167.321 122.457 26.2043 41.4967 65.0057 108.336 45.7285 135.499 129.639 6.01342 11.9492 2.92368 123.578 78.5292 60.8506 0.0000000214486 40.4998
-69.514 1.56581 10.5047 14.8668 32.1425 29.2463 1.08076 71.4388 32.0192 40.5825 179.612 122.457 22.7999 59.0859 65.9903 94.5898 42.0902 135.499 129.639 2.19173 5.86337 2.25955 98.3095 48.9633 60.8506 0.0000000916607 39.5437
-68.3183 1.56581 10.4967 13.3671 32.1425 29.2463 1.08076 71.4388 31.3506 40.5825 179.612 122.457 23.9682 59.0859 69.3395 87.4337 42.0902 135.499 129.639 2.19173 33.077 2.25955 99.7477 35.3623 69.0359 0.000000286368 39.0156
-66.1391 1.56581 10.8284 13.3941 32.1425 29.2463 4.49384 71.4388 31.3506 36.9906 179.612 122.457 23.9682 59.0859 63.0404 88.8826 41.1175 134.854 129.639 2.95522 24.7584 11.6235 76.0614 24.8883 45.278 0.00000028262 37.7919
-65.2788 1.56581 10.5262 13.8395 31.0558 29.2463 1.15144 53.5818 49.8087 33.4506 179.612 122.457 23.9682 59.0859 70.0075 93.7165 47.5393 145.283 111.568 2.95522 25.5287 11.6235 80.3274 24.8883 45.278 0.00000028262 36.1724
-65.6501 1.56581 13.7465 15.3804 27.7085 29.2463 1.15144 55.2528 52.0923 33.4506 179.612 122.457 21.8267 59.0859 72.2059 91.7161 45.5417 144.977 111.568 3.27869 25.5287 17.6674 80.3274 29.6908 23.2459 0.000000344694 35.4504
-65.6501 1.56581 15.4528 14.6787 27.7085 29.2463 1.15144 55.2528 53.2032 33.4506 179.612 122.012 18.0855 59.0859 72.2059 91.7161 45.5417 144.977 111.568 3.27869 25.5287 17.6674 8.76627 27.118 22.1425 0.000000344694 34.3856
-64.7155 2.71255 15.0084 14.2567 26.6817 32.3346 1.15144 55.2528 53.2032 33.4506 179.612 118.28 18.0855 59.0859 72.2059 95.232 45.5417 144.977 111.568 3.27869 11.6753 18.1965 8.7049 25.7985 12.0209 0.000000788021 36.5969
-66.2667 2.71255 21.4765 13.7286 26.6817 27.991 1.15144 48.3559 52.9619 33.4506 179.612 118.28 18.0855 59.0859 77.182 95.232 45.1409 144.977 111.568 2.54184 26.599 18.1965 7.27357 25.7985 26.4882 0.00000058933 35.7837
-66.4676 3.97651 20.2005 13.6117 25.3468 27.991 1.15144 50.1565 52.9619 34.0275 179.612 118.28 14.6138 59.0859 73.4413 89.2695 41.126 144.977 111.568 38.4118 3.47148 29.7707 51.1637 53.1947 59.5584 0.000000344319 42.4058
-67.8163 3.97651 20.1404 14.3778 25.1222 27.991 1.15144 50.1565 55.0594 35.3566 179.612 118.28 14.6138 59.0859 77.2131 83.3986 57.0564 144.157 111.568 18.2339 1.29885 29.7707 59.3476 84.1493 92.9902 0.000000468863 38.0201
-65.424 8.55949 20.1404 15.4946 25.1222 23.6632 1.15144 52.0437 48.5639 35.3566 179.612 118.28 14.6138 59.0859 77.2131 83.9814 57.0564 144.157 113.934 10.6803 3.77385 29.7707 59.3476 87.08 91.1718 0.000000290529 38.2225
-65.4024 5.65482 18.828 16.1983 25.1222 24.7031 1.15144 56.7254 48.741 31.0898 179.612 118.28 14.6138 59.0859 69.9096 87.5385 58.7246 173.954 101.789 10.6803 3.85031 16.2754 47.4541 87.08 77.7205 0.000000143103 34.0946
-64.5949 5.65482 18.828 19.3403 25.1222 14.4011 5.80783 58.8455 49.7354 31.0898 179.612 118.28 15.8503 59.0859 69.9096 87.5385 58.7246 164.597 101.789 5.84489 3.85031 18.4852 18.3654 89.4411 77.7205 0.000000143103 34.8144
-64.7878 6.74466 19.6493 19.3403 26.1468 14.4011 5.80783 58.8455 49.7354 31.0898 179.612 117.562 15.8503 59.0859 74.0497 86.5245 58.7246 150.466 115.315 5.84489 12.374 18.9416 41.8383 13.7492 84.4407 0.000000283554 33.5093
-62.292 12.5772 13.5745 18.6242 24.1466 16.6445 8.74991 56.9192 47.3672 31.0898 179.612 117.562 15.8503 59.0859 76.2265 85.5962 53.1483 150.466 115.315 8.10456 12.374 19.1382 129.746 30.2202 83.7838 0.000000282389 39.7228
-65.6759 18.28 14.0628 18.3179 15.739 19.377 8.74991 56.9192 49.8068 29.5185 179.612 117.562 15.8503 59.0859 73.2269 94.3183 52.3422 150.466 115.315 7.10736 8.5104 19.1954 181.636 30.2202 82.3767 0.000000282389 36.2832
-65.0414 19.7151 14.1595 18.4995 16.9413 17.0595 8.74991 54.9382 49.8068 29.9864 179.612 117.562 13.6108 59.0859 73.5659 99.111 44.6603 150.466 111.805 10.7839 10.9783 19.2503 192.702 100.488 81.3456 0.00000195217 40.3587
-65.5207 19.7151 12.7896 18.4995 16.9413 16.4488 8.74991 54.9382 52.5495 29.9864 179.612 117.562 19.9871 59.0859 67.7401 100.355 44.6603 150.466 111.805 19.0738 7.3753 18.7978 126.478 56.6467 81.5558 0.00000683855 40.7697
-65.7361 24.8402 13.0342 11.6341 16.9413 12.4763 8.74991 54.9382 52.5495 28.9559 179.612 117.562 33.9799 59.5852 59.7723 100.355 43.6523 150.466 110.437 17.7668 14.45 17.8285 23.1292 33.9914 81.7158 0.0000133103 42.4399
-65.7263 32.5932 16.0655 11.6805 3.28309 13.508 8.74991 54.9382 57.6863 62.0342 135.095 117.562 46.1155 59.5852 67.437 92.6188 40.4261 155.727 106.836 4.81086 20.2913 16.6228 23.1292 89.5052 67.8356 0.00000300347 43.2602
-65.7263 32.5932 16.0655 10.4678 3.28309 15.0646 8.74991 54.9382 57.2541 62.0342 135.095 117.562 45.221 59.5852 63.5536 92.6188 40.4261 155.727 106.836 4.81086 21.6575 16.6228 23.1292 114.787 64.3963 0.00000505301 42.6908
-66.3096 34.7193 13.9952 11.1275 4.33713 14.6121 8.74991 54.9382 54.8804 62.0342 135.095 117.562 45.221 46.891 76.6372 94.9781 40.4261 155.727 106.836 11.2586 15.2304 16.6228 29.5506 120.012 16.7128 0.00000527044 39.6629
-65.2647 34.7193 13.9952 14.0755 4.33713 14.2455 8.74991 54.9382 52.2857 62.0342 135.095 117.562 45.221 46.891 76.6372 97.0917 37.1101 155.727 106.836 10.1286 15.2304 17.2212 90.868 103.699 10.6563 0.00000865173 42.0918
-66.2252 34.7193 13.9952 14.0755 4.33713 14.584 8.74991 54.9382 52.2857 62.0342 97.7426 154.863 45.221 46.891 78.6309 102.598 32.3701 155.727 106.836 12.5434 13.3771 14.2661 86.2957 76.7329 5.28233 0.00000218144 40.3337
-67.1534 34.7193 11.6469 32.9224 5.46628 11.2326 15.7731 54.9382 30.7222 62.0342 97.7426 154.863 45.221 46.891 81.0744 105.252 20.1082 153.146 120.767 3.71327 14.9439 14.0683 39.49 92.2272 3.72604 0.00000488813 38.1944
-64.987 34.7193 12.2696 32.2864 5.46628 11.2326 15.7731 54.9382 31.2744 62.0342 102.717 154.863 45.221 46.891 81.0744 105.252 18.7175 153.777 120.767 6.88811 14.9439 14.0683 33.1809 35.8506 12.2986 0.00000437835 35.9786
-64.987 34.7193 12.2696 32.2864 5.46628 11.2326 15.7731 54.9382 31.2744 62.0342 102.717 154.863 45.221 46.891 81.0744 105.252 18.7175 153.777 120.767 4.33339 14.9439 14.0683 28.4056 35.8506 11.7984 0.00000437835 35.8732
-67.6275 34.7193 16.7328 16.0688 15.4319 6.70044 15.7731 58.3501 31.2744 69.5026 102.717 150.332 45.221 46.891 82.208 105.252 18.7175 153.777 120.767 4.50842 14.9439 13.2223 33.8306 24.2334 4.50069 0.00000437835 39.2175
-66.7561 34.7193 14.7478 16.0688 16.3933 5.3026 16.7864 58.3501 31.2744 69.5026 102.717 150.332 44.8412 46.891 81.89 105.252 18.7175 153.777 119.222 4.4388 15.3562 13.2223 75.7478 40.2549 43.1174 0.0000010756 35.448
-66.7561 34.7193 14.6371 16.0688 16.3933 5.3026 16.7864 58.3501 31.2744 69.5026 102.717 150.332 68.488 29.4223 81.89 105.252 18.7175 153.777 119.222 4.22887 15.3562 13.2223 43.6466 87.5602 56.6106 0.00000136415 35.8154
-67.8362 34.7193 13.4452 12.8475 16.3933 5.3026 16.7864 61.025 31.1076 69.5026 72.2247 150.076 75.3612 40.5112 81.89 105.252 31.5475 153.777 119.222 4.22887 7.82281 8.49092 56.5832 87.5602 6.42559 0.00000122492 37.7101
-67.8362 34.7193 13.4452 13.6363 16.3933 3.74399 16.7864 61.025 36.5203 64.5242 72.2247 150.076 75.3612 40.5112 81.89 105.252 31.5475 153.777 119.222 3.90759 11.4309 7.40732 26.5872 83.1664 17.6209 0.00000161151 37.0328
-67.2786 31.3912 15.9326 13.6363 21.2341 1.58395 16.7864 61.6546 36.5203 61.1601 99.2878 150.076 75.3612 26.6005 82.2154 105.252 22.9814 147.511 119.222 2.64736 11.4309 5.6638 87.0768 4.33521 17.6209 0.00000172051 38.1103
-67.2786 31.3912 17.121 13.6363 21.2341 1.58395 16.7864 59.2139 36.5203 61.1601 99.2878 150.076 71.1024 26.6005 82.2154 105.252 22.9814 158.794 119.222 5.02592 15.8249 7.13916 92.5833 10.2914 20.0429 0.000000350927 34.7393
-67.2786 29.2027 15.971 13.6363 21.2341 6.51825 16.7864 59.2139 36.5203 61.1601 99.2878 150.076 71.1024 26.6005 82.2154 105.252 22.9814 158.794 119.222 7.57953 12.3399 10.333 9.74549 10.2914 20.0429 0.000000468673 33.6032
-66.9954 29.2027 15.971 13.6363 19.1077 8.06175 15.2131 59.2139 33.8398 61.1601 104.52 160.352 71.1024 26.6005 72.2797 105.252 22.9814 149.559 119.222 6.98969 12.3399 5.38772 75.5984 40.7206 32.5453 0.000000704359 37.827
-64.9344 29.2027 16.1884 10.0405 21.586 8.57011 26.6607 58.0822 28.0175 61.1601 104.52 142.444 71.1024 30.5756 67.1399 106.314 39.5544 137.159 119.222 5.9132 11.5852 5.44189 46.5564 44.0508 53.0953 0.000000127129 32.3091
-64.3322 29.2027 14.6389 10.0405 22.8434 10.4244 8.15491 52.0215 29.5503 61.1601 104.52 142.444 90.0993 30.5756 64.4345 109.586 41.3074 137.159 133.262 6.74162 10.2206 16.8916 87.0139 13.5448 50.7233 0.000000340133 33.6252
-66.4511 26.1058 14.6389 10.0405 22.8434 10.4667 9.65085 52.0215 35.2131 55.1119 104.52 141.741 101.882 30.5756 62.3198 91.4423 41.3074 137.159 133.262 6.74162 9.7322 16.4262 13.9551 13.5448 0.171256 0.000000372384 34.7367
-66.2853 26.1058 14.6389 10.0405 30.1032 10.5342 9.65085 47.0886 35.2131 55.1119 118.12 125.078 101.882 30.5756 61.9108 104.7 33.9547 137.159 133.262 6.29624 21.2504 9.02635 13.9551 13.5448 0.361411 0.000000372384 36.5996
-65.5417 26.1058 14.0473 10.0405 30.1032 12.0763 9.79952 47.2 35.2131 55.1119 118.12 125.078 101.882 30.5756 62.467 104.7 33.9547 130.8 133.262 6.29624 28.3072 11.0037 46.3828 35.9535 9.66266 0.000000582935 34.8232
-63.8355 26.1058 8.37502 10.0405 31.057 12.0763 9.79952 47.2 35.2131 55.1119 124.593 125.078 101.882 30.5756 62.4726 104.7 32.3692 130.8 133.262 2.96374 28.3072 11.0037 30.2109 22.739 4.0312 0.00000000273092 28.8013
-63.8355 26.1058 8.37502 10.0405 31.057 12.0763 9.79952 47.2 35.2131 55.1119 124.593 125.078 101.882 30.5756 63.1215 104.7 32.3692 130.8 133.262 2.96374 28.3072 10.5787 30.2109 22.739 4.0312 0.00000000273092 29.0807
-65.4934 26.1058 8.37502 10.0405 31.057 12.0763 9.79952 47.2 35.2131 55.1119 124.593 125.078 101.882 30.5756 63.1215 104.7 31.7385 130.8 133.262 4.87773 28.3072 5.58199 30.2109 22.739 4.0312 0.00000000273092 27.3184
-65.4934 24.871 10.3978 10.0405 31.057 9.86397 9.79952 51.2607 35.2131 55.1119 124.593 122.724 101.882 30.5756 66.589 104.06 31.7385 137.613 133.262 4.87773 28.3072 1.81436 104.518 63.4711 6.72046 0.00000000273092 31.3698
-66.5449 24.871 10.3978 10.0405 31.057 10.5909 9.79952 51.2607 35.2131 55.0244 124.593 122.724 101.882 30.5756 61.6687 103.945 31.7385 137.613 133.262 4.87773 27.9914 1.91383 16.2391 65.7896 26.693 0.00000000273092 28.3805
-66.0582 24.871 10.3978 10.0405 31.057 9.75121 9.79952 51.2607 35.2131 55.0244 107.27 128.217 101.882 27.0312 59.4101 103.945 48.4996 137.613 133.262 4.87773 27.9914 5.29033 16.2391 65.7896 26.693 0.00000000273092 29.3434
-66.0582 24.871 10.3978 10.0405 28.8549 10.2542 9.79952 56.1222 35.2131 56.9894 107.27 128.217 101.882 27.0312 56.3881 103.945 48.4996 137.613 133.262 4.87773 27.9914 8.068 68.7069 81.634 15.5245 0.00000000273092 31.464
-62.198 24.871 18.6305 10.0405 28.8549 8.71686 9.79952 45.109 37.6668 56.9894 107.27 128.217 101.882 30.7873 58.2127 109.611 37.276 137.613 133.262 4.87773 20.7802 8.068 66.5869 48.096 54.9579 0.00000000273092 34.8488
-62.942 38.7076 18.6305 0.955295 28.8549 8.71686 9.79952 45.109 36.0083 50.2238 104.956 128.217 101.882 30.7873 59.9647 109.611 37.276 137.613 133.262 4.87773 20.8606 8.068 19.9369 56.4912 56.2663 0.00000000273092 33.3021
-63.1925 38.7076 18.6305 1.04561 28.8549 8.65952 9.79952 45.8126 34.6301 50.2238 104.956 128.217 101.882 30.7873 59.9647 109.611 37.276 143.762 133.262 4.87773 21.6573 8.068 16.9767 42.5033 70.3696 0.00000000273092 31.6214
-63.6004 38.7076 18.6305 1.04561 28.8549 7.13116 9.79952 45.8126 34.7401 50.2238 104.956 128.217 101.882 30.7873 59.9647 109.611 37.276 143.762 133.262 12.6799 20.0316 8.068 8.46587 39.0813 53.7008 0.00000000273092 34.2897
-64.6893 38.7076 19.9255 1.04561 28.8549 6.89457 9.79952 45.8126 34.7401 49.908 104.956 130.263 101.882 30.7873 60.2807 109.611 37.276 150.45 133.262 6.01422 19.8417 3.90762 8.46587 39.0813 66.2288 0.00000000273092 30.7167
-67.9253 38.7076 20.7629 1.04561 28.8549 7.74811 37.906 45.8126 34.7401 35.3222 104.956 130.263 105.413 15.792 60.2807 106.099 37.276 150.45 133.262 12.6918 14.9492 3.90762 4.7883 47.0204 66.2288 0.00000000273092 34.9805
-66.3193 38.6866 20.7629 1.04561 29.3327 7.56658 37.906 45.8126 43.9828 35.3222 104.956 130.263 105.413 15.792 52.9221 106.099 37.276 135.862 140.042 12.6918 9.94515 7.21429 4.7883 38.1233 66.2288 0.00000000273092 37.155
-67.4642 38.6866 20.7629 1.04561 28.2968 8.13303 20.2101 45.8126 54.5681 35.3222 104.956 130.263 105.413 15.792 36.2346 157.486 15.0279 135.862 142.354 12.6918 9.14267 2.83818 23.8315 24.9358 61.7266 0.0000000115183 36.0466
-67.2681 38.6866 20.7629 1.04561 24.5063 8.13303 20.2101 45.8126 54.5681 35.3222 104.956 132.005 105.413 15.792 36.2346 163.131 15.0279 122.033 142.354 16.3869 9.08459 6.23116 26.5515 24.9358 61.2761 0.0000000339698 35.3375
-67.3605 33.726 20.0929 0.235536 24.5063 7.57907 20.2101 45.8126 54.5681 52.2672 106.755 135.638 105.413 15.792 16.7352 162.972 15.0279 122.033 142.354 25.6305 8.86333 9.56175 26.5515 19.8962 59.4643 0.0000000339698 36.3958
-67.3605 33.726 18.4555 0.235536 24.5063 7.55888 20.2101 45.8126 54.5681 52.2672 106.755 135.638 105.413 15.792 16.7352 162.972 15.0279 122.033 142.354 27.3706 8.99034 13.282 26.5515 10.9089 62.9496 0.0000000153098 37.3418
-68.2397 33.726 17.8706 0.235536 26.9216 5.751 20.2101 45.8126 54.5681 52.2672 106.755 135.638 105.413 15.792 16.7352 162.972 15.0279 122.033 142.354 19.404 8.76341 13.282 7.43504 10.9089 65.1334 0.0000000153098 35.4096
-65.5911 33.4795 17.8706 0.235536 26.9216 5.751 25.1846 46.3036 46.9234 39.9017 108.438 138.383 105.413 15.792 29.8372 162.972 15.0279 122.033 142.354 10.3357 8.76341 19.5796 1.81933 19.4908 66.4399 0.000000131621 37.7177
-65.5911 43.0855 17.8706 0.235536 21.8476 4.22035 26.694 45.6029 33.6782 39.9017 108.438 138.383 105.413 20.8533 29.8372 160.64 15.0279 122.033 142.354 10.3357 8.84914 31.2833 13.899 2.77457 50.1339 0.000000104963 37.7904
-65.5911 43.0855 17.7962 0.235536 21.8476 0.170764 26.694 45.6029 37.3317 39.9017 108.438 138.383 105.413 20.8533 32.6676 168.286 15.0279 122.033 136.005 9.23709 8.89928 31.2833 13.899 2.77457 14.2637 0.0000000949341 34.9843
-65.5911 43.0855 18.5674 1.18823 20.292 0.170764 26.694 45.6029 37.3317 39.9017 108.438 130.62 105.413 20.8533 32.6676 168.286 15.0279 122.033 136.005 9.23709 6.97858 31.2833 18.2847 22.3615 27.395 0.000000115946 37.1499
-67.7343 43.0855 18.5674 1.4493 20.292 0.967744 26.9204 45.6029 37.3317 39.9017 108.438 136.703 105.413 20.8533 32.6676 168.259 15.0279 122.033 136.005 6.98273 6.97858 31.2833 18.2847 32.8243 26.7218 0.000000115946 34.3255
-67.8594 43.0855 18.5674 1.4493 20.292 1.10842 26.9204 45.6029 39.3648 62.4606 91.278 128.874 105.413 19.798 34.6577 168.259 15.0279 122.033 136.005 6.98273 6.97858 35.3494 11.8501 24.3843 26.644 0.000000115946 34.9757
-67.8594 43.0855 18.1484 1.4493 20.292 3.41175 26.9204 45.6029 39.3648 62.4606 90.2042 129.187 105.413 19.798 34.6577 168.259 15.0279 122.033 136.005 6.98273 5.99761 37.3641 11.8501 18.1792 26.644 0.000000115946 34.3925
-66.6766 43.0855 11.5431 1.4493 21.975 3.41175 26.181 45.6029 48.87 62.4606 90.2042 129.187 105.413 24.2859 20.6194 168.259 15.0279 120.836 136.005 6.98273 5.07673 13.0935 11.8501 18.1792 28.5496 0.000000089317 38.7664
-69.0678 46.7034 11.5431 1.4493 18.7981 3.41175 26.181 45.6029 48.87 52.2693 90.2042 133.036 118.673 24.2859 20.6194 160.638 15.0279 120.836 150.328 9.18781 8.37173 13.0935 20.6428 47.4555 19.0193 0.000000089317 35.5162
-69.0678 46.7034 11.5431 1.4493 18.7981 3.41175 26.181 63.3814 33.7001 42.2646 90.2042 133.036 118.673 24.2859 30.336 160.638 15.0279 120.836 150.328 8.81524 8.90038 18.0492 9.94663 47.4555 135.647 0.0000000641784 39.5973
-67.8631 46.7034 11.5431 6.97808 13.4297 3.41175 26.181 54.8693 27.3405 42.2646 87.3481 136.763 118.673 24.2859 37.2754 160.638 19.0508 125.191 150.328 8.93398 6.70129 18.4065 4.84606 6.64101 136.445 0.00000000117673 31.9704
-66.1484 46.7034 11.5431 6.87632 13.4297 2.92813 26.181 54.8693 29.0481 42.2646 87.3481 135.109 118.673 24.2859 37.2754 160.638 19.0508 125.191 150.328 1.98193 5.572 18.4065 6.28491 24.4148 14.1136 0.00000000667133 29.7251
-68.0077 46.7034 11.5431 10.4217 14.0672 2.92813 26.181 55.9734 29.0481 63.4825 87.3481 134.069 118.673 24.2859 0.753808 160.638 19.0508 122.284 149.228 5.08068 1.93166 19.2629 26.646 8.56463 17.7626 0.00000000386921 36.3281
-66.9742 43.9351 11.5431 9.18572 14.0672 9.58615 26.181 55.9734 29.0481 63.4825 87.3481 125.737 118.673 24.2859 19.0581 163.682 22.4464 122.284 149.228 2.64155 3.78383 17.6381 25.404 0.556683 17.7626 0.00000000386921 34.4533
-65.4358 43.9351 10.5043 8.59315 14.0672 9.58615 26.181 61.9827 23.1692 61.1834 100.252 109.878 106.609 24.2859 35.924 163.682 20.2828 98.0766 149.228 1.44508 8.29489 13.0766 11.9583 9.29146 17.5293 0.00000000386921 34.4173
-64.696 43.9351 10.5043 8.59315 14.0672 9.7904 26.181 61.9827 23.1692 61.1834 100.252 112.782 106.609 24.2859 35.924 163.682 20.2828 94.2157 133.81 11.8643 26.47 10.3063 129.932 9.29146 5.58881 0.0000000346401 37.464
-64.4901 43.9351 8.18949 6.35633 14.0672 9.7904 26.181 61.9827 22.9109 61.1834 100.252 112.782 92.2757 38.3236 35.924 163.682 20.2828 94.2157 133.81 11.8643 55.8034 2.56614 96.8482 1.84791 5.58881 0.000000107148 43.3193
-65.7179 47.0912 10.287 0.156956 14.0672 15.6699 19.7828 40.117 22.9109 63.5265 100.252 127.484 92.2757 60.4803 37.241 163.682 8.6509 94.2157 133.81 15.1506 34.9197 2.19538 43.5796 179.937 23.6303 0.000000323559 45.1538
-65.0323 47.0912 9.49384 0.156956 14.0672 14.5245 21.6325 40.117 22.9109 83.2988 100.252 117.232 96.2545 56.4198 26.3257 163.682 8.6509 94.2157 138.71 12.5331 9.27567 3.81822 26.5604 27.0543 22.7589 0.000000159306 43.1084
-65.0882 46.5386 9.49384 2.97815 14.0672 11.4066 21.6325 33.9442 24.1699 83.2988 100.252 115.541 96.2545 55.2714 26.3257 166.214 8.6509 125.015 138.71 24.7611 14.1976 6.6125 43.2165 55.6304 22.7589 0.0000000659196 33.8226
-65.0808 46.6133 9.49384 2.13379 18.9965 11.031 21.6325 33.9442 24.1699 83.2988 100.252 115.541 96.2545 48.8729 44.0188 148.719 8.6509 125.015 138.71 28.9894 10.4279 6.96186 17.8088 37.1921 23.7635 0.0000000659196 34.4402
-65.0913 46.6133 10.7297 2.13379 14.1733 10.7395 21.6325 32.7677 24.1699 83.2988 94.3038 115.541 102.454 48.8729 44.0188 156.586 8.1106 125.015 138.71 28.294 9.58817 1.36081 15.2109 20.9188 38.6629 0.000000210264 33.74
-65.0731 46.6133 10.582 5.89036 14.1733 10.7395 21.6325 32.7677 24.1699 83.2988 92.6715 115.541 102.074 48.8729 44.0188 156.586 6.06741 125.015 138.012 28.1425 9.58817 1.36081 19.4363 20.9188 76.4431 0.0000000395764 33.0173
-65.0186 46.6133 10.582 2.26545 14.1733 24.4494 29.1276 32.0644 24.1699 71.1725 92.6715 115.541 102.074 23.8125 44.0188 156.586 25.9988 125.015 139.218 28.1425 13.4738 1.36081 28.3444 20.3825 45.7293 0.000000946685 46.1325
-65.0038 46.6133 5.98254 2.26545 14.1733 29.2921 29.0946 29.4053 14.8203 65.6176 92.6715 115.541 102.074 55.8317 51.2594 144.72 17.8761 125.015 139.218 28.1425 13.4738 0.556176 10.1895 28.0318 96.9254 0.000000305732 38.5513
-64.9745 46.6133 5.98254 3.78373 14.1733 29.2921 24.9318 41.9756 14.8203 65.6176 92.6715 115.541 102.074 43.3208 42.1321 144.72 30.2129 125.015 139.218 20.9788 11.9125 0.556176 10.1895 39.7389 55.7252 0.000000143062 37.669
-64.5372 46.6133 5.98254 3.78373 14.1733 22.2165 29.4056 41.9756 15.745 65.6176 96.5948 115.541 107.825 44.6702 34.2093 144.72 30.2129 125.015 139.218 20.9788 11.9125 7.85056 10.1895 42.3292 69.063 0.000000198175 37.0434
-64.1189 46.6133 7.64442 3.86274 9.61378 22.2165 29.4056 41.9756 14.6009 65.6176 96.5948 115.541 113.802 44.6702 29.3618 141.521 25.9508 132.239 139.85 20.9788 11.9125 9.15066 39.4341 13.973 69.063 0.000000441343 33.9962
-67.3146 30.0114 12.6985 3.21984 19.8408 22.2165 29.4056 41.775 14.6009 65.6176 96.5948 115.541 113.802 44.6702 29.3618 141.521 27.8905 132.239 139.85 24.302 11.9125 2.77349 54.761 50.2583 40.8771 0.0000000129672 30.6742
-66.1184 30.0114 12.4486 4.24439 19.8408 22.2165 29.4056 46.0585 13.4423 65.6176 96.5948 115.541 113.802 44.6702 35.7323 133.552 27.5563 132.239 139.85 24.302 11.9125 5.38076 54.761 30.077 36.9815 0.0000000129672 29.6883
-63.9611 30.0114 12.4486 4.24439 19.8408 22.2165 29.4056 46.0585 13.4423 65.6176 96.5948 114.882 113.802 44.6702 35.7323 133.552 27.5563 132.239 139.85 25.003 3.63233 5.38076 7.85819 13.09 36.9815 0.0000000129672 30.1972
-63.7216 30.0114 10.9599 4.24439 19.8408 22.2165 29.4056 46.0585 13.4423 65.6176 96.5948 114.882 113.802 44.6702 35.7323 133.552 29.6124 132.239 139.85 25.003 3.63233 5.38076 57.7218 13.09 36.9815 0.0000000129672 31.6952
-63.7216 30.0114 10.9599 4.24439 19.8408 19.501 58.4444 19.2466 13.4423 65.6176 96.5948 114.882 113.802 44.6702 35.7323 142.395 29.6124 106.911 139.85 24.7433 3.18416 15.8451 71.4144 59.9041 55.4023 0.0000000129672 37.4469
-63.7216 30.0114 10.9599 4.24439 19.8408 19.501 58.4444 19.2466 11.8514 65.6176 100.466 114.882 113.802 44.6702 36.4989 142.395 29.6124 106.911 155.062 16.7049 3.04641 17.3731 56.542 41.9089 64.1724 0.0000000129672 32.5735
-64.2183 30.0114 11.938 4.24439 19.8408 19.501 58.4444 19.2466 14.4545 66.97 100.466 114.882 113.802 45.8639 43.2737 142.395 29.6124 106.911 146.975 16.7049 2.61463 13.3075 36.5101 41.9089 17.7563 0.0000000129672 34.3503
-65.7253 24.1178 11.938 4.24439 19.3066 19.501 61.7814 19.2466 14.4545 66.97 100.466 116.828 113.802 45.8639 42.3478 142.395 17.2291 115.134 146.975 3.27553 2.61463 36.7135 76.0713 13.8635 3.25516 0.0000000129672 34.0762
-65.9229 24.8956 11.938 5.70637 11.5692 27.6116 61.7814 19.2466 12.3669 66.97 100.466 116.828 113.802 45.8639 42.3449 142.395 17.2291 113.094 146.975 3.27553 4.21999 36.8728 76.0713 13.8635 3.25516 0.0000000129672 33.8239
-66.9894 24.8956 13.2249 6.40064 13.4783 33.2148 61.7814 19.2466 11.0363 59.6659 100.466 116.828 113.802 45.8639 42.1508 142.395 17.2291 107.202 153.254 7.56253 4.84149 34.604 76.0713 35.2816 14.2896 0.0000000129672 30.5718
-65.1348 24.8956 11.0467 8.86821 13.4783 33.2148 61.7814 19.2466 11.0363 59.6659 100.466 116.828 113.802 45.8639 42.1168 142.395 17.2291 114.975 153.254 5.47404 10.1479 20.4943 95.3655 29.0952 14.2896 0.0000000129672 30.7376
-65.4514 24.8956 12.5841 8.86821 13.4783 32.3715 61.7814 19.2466 9.04518 59.0845 100.466 116.828 113.802 45.8639 42.36 142.395 17.2291 114.975 153.254 5.24894 8.2598 22.6618 117.901 42.3806 19.4635 0.0000000129672 30.8298
-66.2044 23.8374 12.5841 8.86821 13.4783 32.3715 61.7814 19.2466 9.52452 59.0845 100.466 116.828 113.802 45.8639 42.0328 159.311 2.4645 114.975 153.254 2.38418 13.2851 23.4281 117.901 42.3806 24.72 0.0000000129672 32.5147
-66.1852 29.0279 11.5295 8.86821 11.1777 32.3715 61.7814 19.2466 9.11813 55.4156 61.7317 187.945 83.7347 45.8639 42.0328 159.311 2.4645 114.975 157.537 6.40926 13.2858 10.4186 117.901 49.2516 15.5911 0.0000000433354 33.3316
-66.4628 29.0279 11.5295 9.76334 11.1777 27.1108 61.7814 19.2466 9.60655 47.3132 61.7317 187.945 83.7347 45.8639 42.0732 159.311 2.4645 114.975 157.537 12.6466 12.2198 13.3932 122.246 46.4969 11.8998 0.000000055687 35.4866
-70.109 29.0279 10.535 9.76334 11.1777 32.7054 66.6418 19.2466 9.88104 47.3132 54.5095 188.266 93.1246 46.1498 42.4844 159.311 2.4645 114.975 157.537 10.6299 6.15004 8.57772 106.533 53.7068 15.9963 0.000000154487 38.0951
-66.3905 29.0279 8.54079 10.245 11.0993 32.7054 66.6418 19.2844 8.65093 41.2466 54.5095 188.266 93.1246 38.1049 45.7171 159.311 2.4645 116.598 157.537 10.6299 8.56784 20.8561 112.459 59.602 13.4693 0.00000014115 35.5839
-63.53 29.0279 8.54079 10.245 11.0993 20.9467 66.6418 36.0591 8.8022 41.2466 16.9874 179.8 93.1246 73.7752 51.61 159.311 2.4645 116.598 157.537 10.6299 6.52116 22.5167 130.955 38.4542 15.7296 0.00000014115 39.785
-65.8351 40.2914 10.8426 6.66275 19.9878 21.5752 66.6418 20.3979 10.2239 27.4423 26.672 162.949 93.1246 88.6817 51.9117 159.311 14.1962 116.598 157.537 0.896998 5.63273 21.8438 158.37 29.5451 16.6535 0.000000100027 37.0461
-65.8351 40.2914 10.8426 8.68356 19.9878 21.5752 66.6418 20.3979 10.3777 30.328 33.1123 162.949 86.218 91.3285 45.9991 156.121 14.1962 116.598 157.537 0.896998 8.01837 21.8438 148.266 33.0991 16.6535 0.0000000926969 36.5695
-64.33 40.2914 9.38337 3.20947 19.9878 16.3616 66.6418 20.3979 16.152 30.328 38.7365 162.949 86.218 90.0324 48.1751 156.121 14.1962 116.598 157.537 1.76385 10.3052 22.8664 124.578 35.3435 72.5279 0.0000000732361 37.6834
-66.2438 40.2914 9.38337 3.00042 14.6225 16.3616 66.6418 25.5509 14.1552 39.2976 39.2766 162.949 86.8845 78.4813 48.9872 156.121 15.9753 102.277 154.069 1.76385 10.9467 18.3126 150.073 38.6094 72.5279 0.000000103777 39.1572
-65.98 40.0299 11.4312 9.34525 18.5342 17.4314 48.252 25.5509 14.5584 48.8762 39.2766 158.025 86.8845 83.1509 8.00914 156.121 50.4107 16.4606 242.289 4.63884 14.3137 30.4107 144.395 32.6524 120.776 0.000000155707 43.199
-65.8514 38.7449 11.4312 9.34525 20.1803 18.7626 48.399 25.5509 15.0754 48.8762 34.554 158.025 86.8845 92.3947 14.1827 147.862 50.4107 16.4606 242.289 11.4904 14.3137 22.9464 44.2728 54.6834 53.9733 0.00000012796 38.7721
-67.5106 38.7449 11.4312 9.34525 20.1803 18.5044 48.399 25.5509 16.5869 48.8762 39.7581 158.025 86.8845 92.3947 18.2973 154.467 47.7663 16.4606 242.289 13.3497 4.1522 12.696 54.1677 47.1688 52.1803 0.00000012796 39.2667
-67.6376 18.0938 15.8338 8.34234 20.309 27.2942 46.6099 28.8122 22.4806 48.8762 61.3001 149.803 86.8845 75.3394 10.9316 148.482 53.8459 21.3516 242.289 12.9465 4.28112 11.9557 45.8469 36.8865 79.9143 0.000000252882 37.8193
-64.9498 16.0502 15.8338 8.34234 20.309 29.8812 52.3299 22.7251 22.4806 48.3964 74.6876 145.297 85.4327 66.0118 11.415 148.482 53.8459 21.3516 242.289 12.0602 13.9758 11.1145 46.3436 45.5629 151.694 0.000000447516 39.2696
-65.5281 16.0502 14.6558 7.88848 25.2497 29.8812 54.4327 22.7251 22.4806 48.3964 74.6876 140.275 85.4327 66.0118 9.82547 148.482 53.8958 21.3516 242.289 10.1584 12.4849 10.9575 67.4391 53.0719 151.694 0.000000377609 44.6973
-66.0284 17.122 12.528 6.89993 26.1715 23.2579 54.4327 22.7251 22.4806 48.3964 80.8547 140.275 106.372 47.4795 6.85845 151.64 43.4411 48.7416 242.289 10.9801 7.15427 6.2164 67.4391 42.4035 39.2768 0.000000372085 35.685
-66.2006 24.0603 8.76261 11.6582 24.025 23.7456 51.3851 52.1964 34.8827 48.3964 67.7188 128.1 106.372 39.5496 6.85845 148.957 43.4411 48.7416 231.353 12.4235 5.31289 7.70091 67.4391 13.9552 41.8673 0.000000917142 45.1935
-66.0527 25.4324 5.87587 12.3026 22.0398 24.3485 36.6028 28.731 34.8827 45.0649 41.3179 128.1 153.928 41.7916 12.8251 162.63 40.0737 48.7416 216.381 0.493664 24.3835 1.5537 44.428 29.5598 48.9456 0.0000000227242 35.2275
-66.5689 21.4646 7.03475 10.6429 22.0398 24.2913 42.499 28.731 34.8827 45.0649 41.3179 128.1 153.928 41.7916 1.24689 162.63 50.2385 48.7416 216.381 10.1013 4.4321 6.98633 44.428 3.04955 44.293 0.0000000227242 35.0355
-65.939 23.825 4.97489 10.7504 26.2151 37.9442 42.499 28.731 22.2096 45.0649 36.7096 128.1 153.928 41.7916 1.24689 162.63 54.8741 48.7416 216.381 10.1013 4.4321 11.5411 56.3555 41.5561 13.1783 0.0000000798019 39.0519
-65.8483 25.5612 3.91333 10.2412 25.5281 37.9442 56.04 13.1923 39.6481 17.8353 47.9035 128.1 142.342 50.0934 52.1298 122.919 56.814 48.7416 216.381 8.07031 7.34636 3.33199 12.1114 41.8315 85.4678 0.00000043466 45.045
-66.1301 25.5612 3.91333 9.09485 25.5281 37.9442 35.7622 29.7947 39.6481 17.8353 43.6941 128.1 142.342 57.5549 52.1298 122.919 65.3141 48.7416 216.381 6.86369 7.34636 0.853807 111.752 85.203 5.5294 0.0000000358307 38.5099
-67.0264 25.8221 3.91333 9.09485 25.5281 37.9442 35.7622 29.7947 39.6481 32.6098 43.6941 6.89907 249.193 57.5549 51.8835 122.919 65.3141 48.7416 216.381 6.86369 4.66551 0.853807 33.624 85.203 5.5294 0.000000431485 44.0423
-66.2829 27.5259 3.91333 9.09485 25.5281 37.9442 31.0425 29.7947 39.6481 49.9064 29.5228 6.89907 249.193 57.5549 37.6763 122.919 65.3141 48.7416 216.381 8.9155 4.66551 1.10068 26.7089 100.72 39.9653 0.0000000530213 36.7506
-66.0791 27.7448 5.57039 9.09485 25.5281 29.3216 37.513 29.7947 39.6481 19.616 34.7739 6.89907 275.486 57.5549 35.6434 123.597 65.3141 48.7416 216.381 9.48768 18.2635 1.10068 26.7089 100.72 34.8515 0.0000000774453 36.6644
-66.0379 27.7346 4.81916 9.46978 30.7678 29.3216 20.3091 23.6362 39.6481 40.5715 33.3596 6.89907 275.486 61.4277 30.2153 120.519 65.3141 48.7416 216.381 8.19931 20.6946 1.10068 26.7089 75.21 23.3297 0.0000000774453 38.1415
-65.9558 26.1902 4.81916 9.46978 30.7642 29.3216 20.3091 23.6362 39.6481 40.5715 37.402 6.89907 275.486 61.4277 30.2153 120.785 65.3141 48.7416 216.381 8.03629 20.6946 1.10068 26.7089 108.96 44.8254 0.0000000774453 36.4285
-65.9558 26.787 3.73386 10.1292 32.423 26.0895 20.3091 23.6362 47.4512 35.1346 44.0314 6.89907 283.123 46.2181 23.0241 124.091 56.1358 244.883 33.1331 6.11867 27.9598 2.8114 94.6729 47.6569 65.4718 0.0000000416624 35.8189
-66.1496 26.8678 3.73386 11.0739 32.423 26.0895 38.573 23.6362 36.3202 28.7751 41.0269 6.89907 283.123 47.2876 23.4307 129.65 56.1358 230.397 33.1331 2.02351 30.6637 5.31116 94.6729 40.5863 65.4718 0.000000044189 35.2572
-67.071 27.0578 3.73386 14.6259 32.423 22.9189 38.7683 29.2503 36.136 29.2542 38.9107 6.89907 283.123 50.3792 30.6065 134.254 40.5772 230.397 27.5966 3.81058 40.2349 5.06245 59.5004 46.4838 43.5137 0.000000028295 38.502
-66.963 25.8284 3.70704 17.124 24.965 18.2087 34.2924 29.2503 37.7835 29.2542 38.2949 6.89907 283.123 50.3792 32.1176 144.005 46.0067 230.397 27.5966 1.5922 25.0983 23.17 57.9591 58.0417 3.64028 0.000000047084 34.9609
-66.3785 19.043 3.70704 17.124 24.965 20.9997 55.0552 27.6549 37.7835 12.7081 38.2949 6.89907 283.123 50.3792 26.801 139.404 46.0629 230.397 27.7864 1.5922 5.8345 25.599 105.886 87.8407 3.64028 0.000000047084 37.4693
-62.1996 19.043 3.70704 18.9097 24.965 20.9997 55.0552 27.6549 37.7835 12.7081 37.2567 6.89907 283.123 50.3792 24.1952 147.884 46.3047 230.397 27.7864 1.5922 4.27398 14.8115 105.886 76.6928 3.64028 0.00000000170324 36.5974
-62.4949 20.5166 3.70704 18.9097 24.965 20.9997 73.6022 27.6549 35.4777 12.7081 34.7796 6.89907 283.123 50.3792 11.7715 147.884 45.26 230.397 27.7864 1.5922 19.0228 26.8432 87.8078 33.4712 3.64028 0.00000000170324 34.8664
-62.4949 20.5166 3.70704 18.9097 22.853 20.9997 56.7613 27.6549 35.4777 12.7081 43.4675 6.89907 283.123 50.3792 61.2178 141.981 1.16327 230.397 27.7864 1.5922 19.0228 39.064 92.2588 45.3113 3.64028 0.00000000170324 38.8423
-63.2746 23.9208 3.70704 15.4993 22.853 20.9997 56.7613 27.6549 35.4777 14.7299 38.9533 6.89907 283.123 50.3792 61.2178 147.274 1.16327 230.397 27.7864 3.016 20.9559 34.271 94.6464 45.3113 3.73469 0.00000000170324 34.7152
-68.5036 23.9208 3.70704 15.4993 22.853 20.9997 56.7613 27.6549 35.4777 14.7299 38.9533 6.89907 283.123 50.3792 61.2178 147.274 1.16327 230.397 27.7864 5.05583 20.2816 34.271 83.3078 64.1111 10.0112 0.0000000455231 37.2467
-67.6349 25.0249 3.70704 11.9652 24.2252 25.9436 56.7613 20.9349 35.4777 9.10926 47.4816 6.89907 283.123 56.8567 61.4032 156.662 8.14683 209.213 27.7864 5.05583 15.7767 46.9878 75.9409 26.3711 3.49944 0.00000000143379 39.2673
-67.2125 25.8417 3.70704 11.3704 23.1944 20.0649 56.7613 20.9349 35.4777 18.7817 47.4816 6.89907 283.123 52.574 61.4032 156.662 8.14683 209.213 27.7864 5.05583 13.1839 38.2705 184.52 46.3359 9.10561 0.00000000143379 39.4776
-67.2125 25.8417 3.70704 10.9537 27.4947 20.0649 56.7613 20.9349 35.4777 18.7817 35.062 6.89907 283.123 51.122 62.2624 151.241 8.14683 209.213 42.2161 5.05583 21.0305 38.2705 184.52 46.3359 7.5959 0.00000000143379 36.7487
-63.9991 25.8417 3.70704 10.6446 27.4947 16.6082 56.7613 25.6553 35.4777 18.9342 35.062 6.89907 283.123 57.9433 56.1717 151.241 5.40486 209.213 42.2161 5.05583 18.9949 38.2705 184.52 44.1446 2.22514 0.00000000143379 37.1757
-65.0087 26.1866 3.70704 11.401 29.6439 16.6082 56.7613 25.6553 35.4777 18.9342 35.062 6.89907 283.123 49.885 65.1285 151.241 5.40486 178.148 42.2161 6.2766 16.8195 38.8056 171.851 44.1446 2.84612 0.00000000143379 38.3652
-66.6869 26.0287 3.85737 10.5922 28.342 16.6082 56.7613 29.1852 35.4777 18.9027 39.167 6.89907 283.123 61.4761 48.787 151.241 5.40486 209.99 42.2161 6.2766 10.5961 38.8056 176.199 148.941 3.40662 0.00000000143379 37.2195
-66.9217 26.7525 1.90159 9.68067 31.191 16.8636 56.7613 25.7013 35.4777 18.9027 39.167 6.89907 283.123 61.4761 44.2743 154.93 5.40486 209.99 42.2161 10.6608 6.32247 38.8056 241.366 148.941 3.92823 0.00000000143379 38.7611
-66.9217 26.7525 1.90159 9.87971 29.5586 15.4936 56.7613 25.7013 35.4777 18.9027 39.167 6.89907 283.123 61.4761 47.1405 154.93 8.74218 209.99 42.2161 10.8884 2.48039 15.4371 229.976 86.199 3.0714 0.00000000143379 37.4397
-66.9217 22.7753 6.13004 9.75045 29.5586 15.4936 56.7613 25.7013 35.4777 18.9027 39.167 6.89907 283.123 61.4761 47.1405 154.93 6.48308 209.99 42.2161 12.9207 2.48039 12.8429 155.012 86.199 3.18488 0.00000000143379 33.8733
-64.1411 22.7753 7.43132 9.72773 29.5586 16.5325 56.7613 25.7013 35.4777 18.9027 39.167 6.89907 283.123 61.4761 44.0734 154.93 8.45058 216.703 42.2161 12.9207 2.65222 24.7641 156.842 18.3086 11.0933 0.00000000143379 32.7593
-64.5565 18.9675 7.43132 12.534 29.5586 17.2945 56.7613 25.7013 35.4777 18.9027 39.167 6.89907 283.123 59.4662 44.8138 154.93 8.45058 216.703 42.2161 10.7927 2.43792 24.1606 156.842 49.4597 8.36807 0.00000000143379 34.6725
-65.6139 20.7518 8.62314 16.7915 29.5586 25.56 65.2958 25.7013 27.3732 18.9027 31.8281 6.89907 283.123 59.4662 39.8447 151.801 8.45058 216.703 42.2161 14.5502 2.41281 22.6833 50.7446 79.4598 10.2243 0.00000000143379 32.8884
-66.9695 18.6507 11.3965 5.12245 36.6762 28.2035 49.0845 12.5215 27.3732 44.4792 34.8669 6.89907 283.123 49.6404 50.2057 151.801 6.1265 212.584 42.2161 8.68184 2.39403 22.6833 50.7446 74.6276 10.4561 0.00000000143379 31.4069
-66.9695 20.7914 11.3965 5.12245 36.6762 25.4952 49.0845 12.5215 27.3732 44.4792 34.8669 6.89907 283.123 49.6404 50.2057 151.801 6.1265 212.279 42.2161 6.05611 2.44217 45.6067 50.7446 99.503 10.3254 0.00000000143379 32.7139
-68.2767 21.6673 12.048 5.01846 36.6762 25.4952 49.0845 12.5215 27.3732 44.4792 34.8669 6.89907 283.123 49.6404 50.8168 151.801 6.1265 212.279 42.2161 5.96343 2.44217 43.1186 50.7446 86.3391 18.1065 0.00000000143379 33.2574
-68.2271 22.2218 13.1826 3.79812 36.6762 25.4952 49.0845 12.5215 27.3732 44.4792 34.8669 6.89907 283.123 49.6404 51.6792 151.801 10.5746 212.279 42.7075 5.96343 2.44217 43.1186 8.34464 87.7117 9.60072 0.00000000143379 32.9111
-65.5098 22.2218 13.1826 3.35443 36.6762 25.4952 57.7251 12.5215 18.3972 44.4792 29.6322 6.89907 283.123 49.6404 51.264 151.801 10.5746 212.279 42.7075 4.99492 2.46606 51.6338 8.34464 35.6354 11.3062 0.00000000143379 30.2886
-65.5098 22.2218 13.5919 3.4023 35.2199 25.4952 64.9899 12.5215 17.321 39.2443 26.8754 6.89907 283.123 55.2061 47.6371 151.801 10.5746 212.279 42.7075 2.00655 3.12713 51.6338 8.34464 64.8608 11.5628 0.00000000143379 32.3189
-65.6905 19.1202 13.5919 4.11859 35.2199 25.4952 64.9899 12.5215 19.0784 39.2443 26.8754 6.89907 283.123 55.5481 47.6371 151.801 10.5746 212.279 42.7075 1.14685 1.5953 54.7571 36.7195 57.7983 11.7753 0.00000000143379 34.1043
-65.5816 13.8586 14.3097 6.85344 33.4288 27.0169 64.9899 12.5215 19.0784 39.2443 26.8754 6.89907 283.123 63.3125 47.6371 151.801 10.5746 212.279 42.7075 1.14685 1.12568 36.6441 14.6171 61.9762 11.6551 0.00000000143379 32.9135
-66.1328 14.5175 11.3525 8.94632 27.7601 24.948 64.3112 12.5215 19.1005 50.1973 14.8314 6.89907 283.123 63.3125 46.0761 156.018 10.5746 213.708 42.7075 2.69965 1.12568 24.1707 14.6171 70.457 36.6246 0.00000000143379 31.8079
-67.1312 11.7434 20.262 2.9508 27.7601 27.5743 64.3112 12.5215 19.1005 50.8262 14.8314 6.89907 283.123 63.3125 46.0761 149.741 10.5746 254.735 42.7075 2.69965 1.12568 11.5114 15.3919 80.9504 63.3188 0.0000000286784 36.1427
-66.616 10.8468 20.7265 5.02166 27.7601 32.9066 64.3112 12.5215 19.4058 43.0158 14.8804 6.89907 283.123 63.3125 46.0761 149.741 10.5746 254.735 14.4802 6.51997 9.82272 13.8145 2.5135 88.1941 46.7992 0.000000229831 38.5348
-66.418 10.5629 20.7265 2.1368 27.6129 24.4857 64.3112 12.5215 27.7278 45.1242 14.8804 6.89907 283.123 63.3125 46.0761 149.741 10.5746 254.735 14.4802 6.51997 5.92057 14.8419 43.2083 44.7154 46.7992 0.000000229831 35.5062
-66.5699 11.4 20.7265 2.81314 27.6129 25.4437 64.3112 12.5215 27.7278 45.1242 14.8804 6.89907 283.123 54.3568 46.0761 149.741 17.3892 254.735 21.0433 3.45071 5.92057 15.1821 20.5006 45.8538 38.3468 0.000000481278 37.0933
-66.0776 12.7663 17.1484 2.55788 28.3844 24.0398 64.3112 12.5215 27.7278 45.1242 14.8804 6.89907 283.123 54.3568 46.0761 149.741 19.7824 236.64 21.0433 39.2859 5.87237 12.3712 22.1345 17.3672 32.2062 0.000000257095 38.1403
-66.5667 13.7401 20.8281 2.55788 28.3844 24.0398 61.7775 12.5215 27.7278 45.1242 14.8804 6.89907 283.123 54.3568 46.0761 149.741 19.7824 236.64 21.0433 35.5529 4.59178 12.3712 31.6458 13.4394 40.2196 0.000000257095 35.6897
-66.569 14.0536 20.8281 2.19817 28.3844 24.0398 61.7775 12.5215 28.9957 45.1242 14.8804 6.89907 283.123 54.3568 46.0761 149.741 19.7824 236.64 21.0433 32.1131 2.574 12.3264 43.5394 20.0248 41.7285 0.000000586666 36.7089
-66.3175 12.905 23.7992 0.955989 28.3844 24.0398 61.7775 12.5215 28.9957 45.3163 14.8804 6.89907 283.123 56.9862 46.0761 149.741 21.784 236.64 21.0433 33.0012 0.240288 8.48618 10.79 20.7244 41.7285 0.000000442523 39.1114
-65.4564 14.6041 23.7992 1.44155 24.7641 24.0398 61.7775 12.5215 28.9957 45.3163 14.8804 6.89907 283.123 64.9467 46.0761 149.741 21.3208 236.64 21.0433 24.7244 0.243856 19.2944 10.79 20.7244 39.2092 0.000000442523 37.1531
-65.1309 15.1322 26.0635 1.10579 24.7641 24.0398 61.7775 12.5215 29.3438 40.0498 14.8804 6.89907 283.123 65.4534 45.699 149.741 21.3208 236.64 21.0433 7.12078 5.82401 23.9946 78.8835 18.6866 23.373 0.000000605336 38.0576
-65.8961 15.1322 23.8907 1.10579 24.7641 24.0398 78.9587 12.5215 29.3438 40.0498 14.8804 6.89907 283.123 65.4534 29.1406 149.741 21.3208 236.64 21.0433 4.91932 12.9877 27.5432 16.2988 18.3547 23.373 0.000000605336 35.4575
-65.8961 14.5623 23.8907 4.23373 25.6639 31.712 69.9384 12.5215 29.9498 40.0498 14.8804 6.89907 283.123 59.4584 29.1406 149.741 15.2275 236.64 28.2231 6.74348 16.8072 28.8055 12.086 22.6746 21.3279 0.000000424322 37.6861
-65.9676 23.0783 23.7703 4.11879 24.0323 23.641 69.9384 12.5215 28.9629 40.0498 14.8804 6.89907 283.123 59.4584 29.1406 149.741 15.2275 230.415 28.2231 6.74348 16.8072 37.2055 10.4826 17.2261 21.3279 0.000000789576 37.0598
-62.3872 23.0783 23.7703 4.11879 24.0323 23.641 70.6666 12.5215 28.9629 40.0498 14.8804 6.89907 283.123 59.4584 29.1406 149.741 15.2275 232.085 28.2231 12.5087 16.8072 3.74705 10.4826 17.2261 21.3279 0.0000003481 38.6641
-64.2879 23.0783 23.7703 4.11879 24.0323 23.641 70.6666 12.5215 28.9629 40.0498 14.8804 6.89907 283.123 63.4177 29.1406 149.741 15.2275 232.085 20.6053 12.5087 17.856 3.74705 35.3825 24.3415 20.8397 0.000000391015 38.2329
-64.2879 24.4269 23.7703 2.07869 24.0323 23.641 70.6666 12.5215 28.9629 40.0498 16.0524 6.89907 283.123 63.4177 28.5697 149.741 24.9012 232.085 20.6053 19.4982 21.4497 3.74705 58.2815 15.1548 21.1155 0.000000391015 37.3535
-65.7422 24.4269 23.7703 2.07869 24.0323 23.641 70.6666 12.5215 28.9629 40.0498 16.0524 6.89907 283.123 63.4177 28.5697 149.741 24.9012 232.085 20.6053 19.4982 17.8309 3.74705 62.3642 15.1548 21.0874 0.000000444271 36.7028
-65.7422 24.4269 16.3991 2.07869 24.0323 23.641 70.6666 12.5215 28.9629 40.0498 16.0524 6.89907 283.123 63.4177 27.2145 149.741 24.9012 232.085 20.6053 24.2181 17.8309 7.89401 62.3642 26.2677 21.1846 0.000000370529 38.7496
-65.7422 24.4269 15.5799 2.07869 24.0323 23.641 70.6666 12.5215 36.4537 40.0498 20.4863 6.89907 283.123 49.1803 27.2145 149.741 24.9012 232.085 24.7002 24.2181 17.8309 7.34875 108.46 30.5375 21.8646 0.000000370529 37.0996
-66.0245 24.4269 15.5086 2.07869 24.0323 23.641 70.6666 11.7436 36.4537 35.5822 13.2579 6.89907 283.123 64.5291 27.2145 149.741 24.9012 232.085 24.7002 18.0074 17.2785 16.5916 66.3302 30.5375 21.666 0.000000319103 37.2307
-71.4943 32.7161 15.5086 2.07869 16.5951 23.641 74.4813 11.9497 37.9748 35.5822 5.62738 6.89907 283.123 65.7125 27.2145 149.741 23.5037 232.085 24.7002 9.61863 8.13128 35.1762 73.0587 20.2593 22.5306 0.000000262814 42.019
-74.2249 28.2103 16.1688 2.07869 22.0177 22.4472 74.4813 11.9497 36.3656 36.423 5.62738 6.89907 283.123 65.7125 27.2145 149.741 31.1305 232.085 24.7002 6.1573 10.2675 9.81539 24.8102 25.2892 22.8479 0.000000156624 41.7961
-67.129 28.2103 6.81473 20.5779 22.0177 20.2052 74.4813 5.95839 42.0452 21.9317 5.62738 6.89907 283.123 81.6455 27.2145 149.741 26.8916 232.085 24.7002 4.10257 22.0292 12.6984 19.1707 30.2319 29.2594 0.0000000118213 33.0026
-67.2712 28.2103 6.81473 21.2075 22.8504 19.4349 74.4813 5.95839 39.7114 18.7698 5.62738 6.89907 283.123 81.6455 26.4423 149.741 27.5098 232.085 24.7002 16.7031 18.09 17.7009 10.4474 30.2319 40.1464 0.000000021822 36.203
-66.7968 18.7639 6.81473 29.5564 11.9944 20.517 74.4813 5.95839 40.632 18.7698 5.62738 6.89907 283.123 81.6455 26.7874 149.741 27.5098 232.085 24.7002 24.7699 19.308 17.7009 13.1654 15.3895 29.3619 0.000000021822 34.912
-66.5759 18.7639 5.03269 29.5564 11.9944 21.7094 74.4813 5.95839 40.3371 20.2939 5.62738 6.89907 283.123 80.5034 26.7874 149.741 29.204 232.085 24.7002 20.0639 19.5164 16.0749 13.1654 15.3895 37.9115 0.0000000947157 35.3181
-67.163 21.2409 5.03269 29.155 11.9944 21.7094 74.4813 0.484127 40.0187 20.2939 5.62738 6.89907 283.123 80.5034 26.7874 149.741 34.619 232.085 24.7002 20.0639 18.8255 16.0749 13.1654 15.3852 41.1977 0.000000007697 33.6127
-67.5649 21.4264 1.45616 29.155 11.9944 21.7848 74.6796 0.484127 40.3011 20.2939 8.63482 6.89907 283.123 80.5034 26.7874 138.535 47.8065 232.085 24.7002 10.2181 9.19547 22.0495 14.6347 15.3852 8.34164 0.0000000494704 36.334
-66.46 21.8965 3.17032 29.155 11.9944 22.6442 74.6796 0.484127 39.3302 20.2939 9.36986 6.89907 283.123 86.6388 26.7874 138.535 38.4115 232.085 24.7002 15.4716 9.19547 22.0495 14.3883 54.0076 37.953 0.0000000938914 36.3671
-64.758 20.7782 3.92808 41.2314 5.88865 23.7162 59.2015 10.7527 39.3302 20.2939 9.36986 6.89907 283.123 86.6388 26.7874 138.535 39.1982 232.085 23.2075 18.4378 14.0449 21.3338 20.5239 55.0592 38.3423 0.000000111319 37.0987
-64.0542 20.7782 3.92808 33.3321 5.88865 25.5846 60.316 10.725 37.6458 24.7694 9.36986 6.89907 283.123 97.9199 26.7874 138.535 35.8221 232.085 23.2075 22.5474 4.66759 19.9584 30.0146 55.0592 40.5935 0.000000111319 34.8242
-65.9605 21.1594 5.05409 33.3321 5.88865 25.5846 53.5746 14.023 36.7514 18.1924 9.36986 6.89907 283.123 94.7183 30.4154 138.535 35.2464 242.819 23.2075 22.5474 7.13446 17.579 30.0146 43.9847 54.8551 0.000000153795 38.683
-64.3792 23.7326 5.49123 33.3321 4.53158 25.5846 53.5746 14.023 50.5011 14.3877 9.36986 6.89907 283.123 94.7183 30.4154 134.302 33.5056 242.819 23.2075 22.5474 3.36933 11.4207 37.4383 43.9847 33.356 0.000000153795 36.9242
-64.6824 21.1438 5.49123 35.6536 4.53158 22.6095 58.3546 14.023 46.5874 15.2035 9.36986 6.89907 283.123 94.7183 30.4154 140.847 33.5056 242.819 16.0073 14.9065 6.58956 12.9877 71.9013 51.8646 11.881 0.000000119248 35.6149
-65.2615 22.0024 6.09826 35.6536 6.81483 23.1104 58.3546 14.023 46.7586 11.5719 9.36986 6.89907 283.123 82.4309 28.6089 140.847 35.1056 242.819 16.0073 12.4386 8.64723 14.4208 27.1661 57.2969 11.881 0.000000161467 37.5647
-65.1768 22.6976 8.44228 35.6536 9.35224 23.1104 51.9076 14.023 51.6282 5.19952 9.36986 6.89907 283.123 82.4309 28.6089 140.847 36.0369 242.819 16.0073 13.6961 8.64723 30.5219 26.1163 76.4531 82.7885 0.000000121352 36.8474
-66.8282 22.6976 8.44228 35.6536 9.35224 23.1104 51.9076 14.023 51.6282 6.18249 9.36986 6.89907 283.123 87.3453 28.6089 140.847 32.969 242.819 16.0073 10.7153 8.08264 24.7516 18.1378 29.7789 79.7457 0.0000000826775 37.8724
-66.8282 22.6976 9.15589 35.6536 9.35224 22.2815 51.9076 14.023 47.5734 9.60175 9.36986 6.89907 283.123 87.3453 28.6089 140.847 32.969 242.819 42.5251 15.5289 8.08264 1.72415 5.99188 29.7789 79.7457 0.000000129331 37.5027
-67.8274 22.8186 9.15589 35.6536 9.35224 22.2815 51.9076 14.023 47.5734 3.48165 9.36986 6.89907 283.123 87.3453 28.6089 140.847 40.1085 242.819 42.5251 15.5289 8.08264 1.72415 153.25 29.7789 80.2275 0.000000103096 43.1347
-66.5806 24.684 3.74489 21.72 14.3824 27.3628 51.9076 29.6629 37.8706 3.48165 28.9296 6.89907 283.123 86.6207 36.2202 109.186 43.5417 231.437 42.5251 16.6874 15.7364 4.37253 16.3592 39.7522 3.88738 0.0000000821519 32.697
-66.9706 24.2057 3.74489 19.1955 14.3824 27.3628 51.9076 29.6629 37.8706 3.48165 19.7412 6.89907 283.123 86.6207 36.2202 113.046 43.7172 231.437 47.8224 21.4856 15.7364 4.37253 30.861 57.5377 3.88738 0.000000116538 37.8256
-66.9706 24.2057 3.74489 19.1955 19.7538 27.3628 37.4146 38.8529 37.8706 4.6413 19.7412 6.89907 283.123 86.7058 36.2202 113.046 46.6814 235.606 47.8224 21.4856 4.3137 4.37253 26.6355 51.8294 16.4214 0.000000140509 38.5104
-65.5012 23.3518 3.74489 19.92 19.3426 19.166 38.7574 41.8034 37.8706 10.4662 17.4221 6.89907 283.123 86.7058 36.2202 113.046 40.5542 254.124 44.5384 13.9489 2.77266 7.56688 16.8899 14.6813 33.7579 0.000000230394 42.2504
-66.7498 22.2446 3.74489 19.92 15.5982 30.9308 35.6428 41.8034 35.071 8.76938 9.85244 6.89907 283.123 99.2881 36.2202 113.046 47.8069 215.541 44.5384 13.9489 5.24966 6.56929 33.2096 29.4349 28.6365 0.0000000828957 34.6966
-66.4364 23.0599 15.0768 16.8904 15.5982 30.9308 32.4492 41.8034 35.071 3.93332 15.3896 6.89907 282.029 95.9489 44.8157 113.046 43.4727 215.541 44.5384 9.76476 7.76078 9.10886 55.1767 8.20185 37.3545 0.000000125467 35.7878
-65.9436 26.3633 11.8487 16.114 15.5982 23.8289 36.8957 37.0692 44.0741 12.7446 35.9138 6.89907 274.819 74.9747 44.8157 108.198 49.9839 215.541 33.4988 16.1683 25.4668 16.37 23.4678 33.7351 33.1797 0.000000561556 36.3675
-65.8617 31.2047 16.6186 18.2432 6.32784 26.8137 36.8957 27.079 40.7959 13.8189 35.9138 6.89907 274.819 74.9747 44.8157 108.198 46.0306 236.674 33.4988 10.499 31.7368 15.1733 16.6671 33.7351 29.6012 0.000000683084 40.5027
-65.4995 35.0036 14.7978 18.2432 6.32784 26.8137 35.8006 27.079 40.7959 13.8189 35.9138 6.89907 274.819 74.9747 44.8157 108.198 45.3633 236.674 33.4988 7.98084 21.0815 15.0664 14.2379 32.5346 48.8368 0.000000683084 33.7783
-65.3898 26.2653 14.7978 13.4084 6.32784 26.8137 32.5046 51.4078 35.1108 13.8189 35.9138 21.2533 274.819 74.9747 44.8157 108.198 38.4103 236.674 33.4988 1.4065 15.347 12.4271 57.1857 86.0764 66.3765 0.000000683084 39.4495
-65.3898 24.6087 31.1334 11.4714 6.61552 26.8137 32.5046 51.4078 17.222 15.3665 26.7231 21.2533 274.819 63.0919 44.8157 122.833 38.4103 234.578 33.4988 1.4065 15.347 35.4928 38.2612 75.2653 77.613 0.000000638422 37.9708
-65.6173 26.1003 31.1334 9.9525 4.90687 30.1952 33.827 53.1873 14.3633 19.519 25.1276 21.2533 274.819 59.2419 44.8157 122.833 38.4103 234.578 33.4988 1.4065 9.46777 10.5842 52.2943 49.9613 87.8887 0.000000638422 36.5911
-66.3671 26.1003 31.1334 1.64954 4.90687 30.1952 38.6135 52.9514 17.1195 18.2369 32.5989 21.2533 274.819 59.5906 44.8157 122.833 34.6105 234.578 33.4988 1.87445 18.5333 26.4913 59.5346 26.0813 10.2172 0.000000279735 36.4427
-66.281 26.1003 30.4932 1.64954 4.90687 28.2399 26.1447 52.9514 33.7925 24.0781 32.5989 21.2533 274.819 49.1818 44.8157 122.833 26.6788 234.578 33.4988 1.4786 33.1996 26.4282 28.6852 35.8584 10.2172 0.000000279735 39.1082
-66.0321 30.9128 40.8907 1.64954 4.90687 21.8827 28.2455 54.1768 29.5773 13.9843 37.4654 21.2533 274.819 50.8925 44.8157 122.833 25.4083 234.578 33.4988 0.745192 21.5521 26.4282 28.6852 44.0598 10.2172 0.000000279735 38.4618
-66.0871 24.8989 40.6292 5.73496 4.90687 19.5188 21.1141 52.808 47.0913 16.0727 23.6696 21.2533 274.819 50.8925 60.4966 122.833 24.7889 234.578 33.4988 0.898508 20.8451 27.4479 39.6064 51.4063 13.5972 0.00000017348 39.8513
-66.1767 24.8989 43.768 5.83076 8.25601 23.164 21.1141 52.808 47.0913 15.0899 9.54854 21.2533 274.819 49.3102 60.4966 122.833 31.6893 234.578 33.4988 0.590624 3.60098 28.6298 23.3481 48.9373 31.7678 0.0000000976832 42.2251
-66.3264 22.9477 27.6534 10.4119 8.25601 24.4181 21.1141 52.2295 57.2579 15.0899 9.54854 21.2533 274.819 50.7294 60.4966 124.944 31.6893 234.578 50.1855 0.590624 7.719 17.242 23.3481 66.2078 32.0786 0.0000000976832 39.1696
-65.9607 19.5856 24.4015 10.4119 6.45891 30.2086 21.1141 59.8267 54.8843 15.0899 11.3935 21.2533 274.819 50.7103 60.4966 124.944 24.6259 234.578 29.8123 1.36202 8.84884 17.242 23.3481 56.2698 32.083 0.0000000888015 34.4648
-66.5249 19.3149 24.4015 10.4119 6.45891 30.2086 21.1141 59.8267 54.8843 15.0899 16.5689 21.2533 274.819 48.0039 60.4966 124.944 29.38 234.578 23.4993 2.04785 8.96318 34.6408 23.3481 35.3238 16.9813 0.0000000888015 32.7861
-66.5783 19.3149 24.4015 10.4119 6.45891 30.2086 21.1141 58.9721 54.8843 15.0899 16.5689 21.2533 274.496 53.7962 60.4966 124.944 29.38 233.855 23.4993 7.19637 9.48834 34.6408 23.3481 35.3238 22.2548 0.000000184747 32.6113
-66.6018 33.0926 24.4015 10.4119 2.26437 15.8812 25.3277 58.9721 54.8843 16.8884 14.469 21.2533 274.496 53.7962 60.4966 124.944 29.38 233.855 23.4993 11.219 8.85603 19.0901 24.255 93.0367 10.8265 0.000000384712 35.6619
-66.6018 33.0926 24.4015 10.4119 2.26437 15.8812 25.3277 58.9721 54.8843 16.8884 14.469 21.2533 274.496 53.7962 60.4966 124.944 32.0401 177.226 83.2154 13.9246 9.23778 19.0901 23.3 69.4858 10.8265 0.000000384712 34.839
-65.8856 33.0926 24.4015 10.4119 2.26437 16.6217 19.6256 58.9721 54.8843 16.8884 14.469 21.2533 274.496 70.7805 60.4966 104.105 35.1291 175.896 83.2154 13.9246 9.23778 18.3777 17.5757 77.2995 10.8265 0.000000449181 36.2851
-65.8856 33.0926 24.4015 10.4119 2.26437 16.6217 19.6256 58.9721 54.8843 16.8884 14.469 21.2533 274.496 70.7805 60.4966 104.105 34.0112 175.896 83.2154 13.9246 7.9868 20.0285 36.6106 127.528 4.13157 0.000000449181 37.7672
-65.8856 33.0926 24.4015 10.4119 5.29525 16.6217 19.6256 58.9721 57.1454 16.8884 13.3854 21.2533 274.496 59.104 60.4966 104.105 34.0112 175.019 100.32 11.0624 7.32267 19.3942 36.4938 26.8015 52.0367 0.000000511247 35.0046
-65.4898 36.7402 24.8415 10.4119 5.29525 16.6217 19.6256 55.3916 57.1454 16.8884 14.15 21.2533 274.496 59.104 60.4966 104.105 37.5386 175.019 100.32 9.20851 6.28047 5.53679 35.0201 26.8015 33.1745 0.000000216571 36.6611
-66.4129 36.7402 20.0056 11.2614 3.84735 16.6217 19.6256 63.5781 57.1454 7.70215 10.955 21.2533 274.496 59.104 60.4966 115.616 39.9567 175.019 100.32 17.4534 3.94112 3.96846 12.4166 23.688 33.8636 0.000000216571 34.6797
-67.282 36.7402 20.0056 11.2614 4.1256 16.6217 19.6256 63.3847 57.1454 7.70215 10.955 21.2533 274.496 59.104 60.4966 115.616 40.2646 175.019 100.32 14.2122 3.94112 3.96846 18.6005 23.688 33.8636 0.000000216571 35.1831
-66.0041 36.7402 20.0056 11.2614 4.1256 16.6217 19.6256 63.3847 57.1454 7.70215 10.955 21.2533 274.496 59.104 60.4966 115.616 38.7969 175.019 100.32 18.5792 3.95881 5.7373 18.6005 23.688 30.9115 0.000000152215 33.4963
-66.7273 34.2439 20.0056 4.56607 11.5375 18.6458 20.9802 63.3847 57.1454 7.70215 9.40416 21.2533 269.106 59.104 60.4966 115.616 42.4551 170.342 100.32 22.3976 3.92753 5.7373 32.8569 32.0262 12.16 0.00000000773447 30.7896
-65.9948 34.2439 20.0056 2.52608 11.5375 17.8525 20.9802 63.3847 57.1454 7.70215 10.353 21.2533 269.106 59.104 60.4966 115.616 42.4551 170.342 100.32 22.0965 4.50818 3.2366 11.3239 48.3164 12.16 0.00000000773447 33.9287
-65.9948 34.2439 16.9769 2.52608 11.5375 21.3409 20.9802 63.3847 57.1454 7.70215 10.353 21.2533 269.106 59.104 60.4966 115.616 41.6856 171.863 100.32 22.979 6.68516 3.2366 11.3239 43.7069 12.16 0.00000000773447 32.9363
-66.2668 34.2439 17.7851 2.52608 11.5375 21.3409 21.0391 63.3847 57.1454 7.70215 10.353 21.2533 269.106 59.104 60.4966 115.616 41.6856 171.863 100.32 22.8622 6.5647 11.6278 29.0313 48.1286 26.2474 0.00000000773447 32.9131
-66.5608 32.3989 10.5665 2.52608 20.0806 21.3409 21.931 63.3847 57.1454 7.70215 10.353 21.2533 269.106 59.104 60.4966 115.616 37.0032 171.863 100.32 22.4467 7.13995 11.6278 20.5938 43.5454 32.4386 0.00000000773447 31.8806
-65.5341 40.2906 10.5665 2.52608 22.3513 21.3409 15.5677 63.3847 57.1454 7.70215 10.353 21.2533 269.106 59.104 60.4966 110.528 37.0032 171.863 100.32 22.5344 1.18496 17.0173 22.6777 44.8039 44.534 0.0000000046323 37.2939
-65.5341 32.848 17.6484 2.52608 22.2809 21.3409 15.5677 63.3847 39.3489 7.70215 31.6438 21.2533 269.106 59.104 60.4966 110.528 37.0032 171.863 100.32 22.5344 1.00882 17.0173 32.9142 49.4964 71.9029 0.0000000313623 36.0189
-66.8438 32.4529 17.6484 2.52608 23.7174 20.2907 15.5677 63.3847 39.3489 7.70215 31.6438 23.4316 269.106 59.104 60.4966 107.235 37.0032 171.863 100.32 21.9665 1.00882 17.0173 23.6802 40.862 71.9029 0.00000000467915 33.4009
-67.2549 30.9446 14.4567 2.52608 23.7488 17.9553 21.4007 63.3847 33.8963 14.8372 51.991 23.4316 269.106 46.2107 60.0667 107.235 37.0032 171.863 100.32 22.8633 0.691727 18.8803 20.213 40.862 102.606 0.00000000467915 35.9025
-67.3716 30.9446 14.4567 2.22994 22.8804 17.9553 21.4594 63.3847 33.8963 14.8372 16.1851 23.4316 269.106 87.9879 53.0111 107.235 35.0694 171.863 100.32 20.7536 0.691727 19.9243 43.4119 41.8164 18.1531 0.00000000467915 30.9734
-67.2622 30.9446 14.4567 2.22994 22.8096 17.9553 29.6101 55.0567 33.8963 14.8372 12.8895 23.4316 269.106 87.9879 53.0111 107.235 35.0694 171.863 100.32 17.863 0.836889 20.3646 43.4119 38.0533 18.1531 0.00000000467915 30.9846
-67.2622 25.2138 14.4567 2.22994 24.8046 23.8052 29.5262 52.2766 33.8963 14.8372 12.8895 23.4316 269.106 87.9879 53.0111 107.235 35.0694 171.863 100.32 6.93023 12.3705 20.3646 107.965 18.4335 24.8052 0.00000000558643 32.412
-66.768 25.2138 14.4567 2.22994 24.2906 23.5634 33.5359 52.2766 36.1921 14.8372 12.8895 23.7165 269.106 87.9879 53.0111 107.235 33.2542 171.863 100.32 4.68692 6.37433 26.5386 64.2059 18.8824 13.2865 0.00000000558643 32.4939
-65.9681 25.2138 14.5375 2.22994 24.2906 24.5081 34.0607 43.1583 41.247 14.8372 12.8895 23.7165 269.106 79.522 55.7869 121.765 30.0793 171.863 100.32 3.69682 9.28438 22.6648 28.2379 7.99502 31.9836 0.00000000558643 28.6378
-65.9587 25.2138 14.5375 0.933323 24.007 23.6926 34.0607 43.1583 41.247 14.8372 12.8895 23.7165 269.106 79.522 46.0126 117.744 34.7192 171.863 100.32 3.69682 14.7518 22.6648 28.2379 7.99502 31.9836 0.00000000558643 30.2334
-65.9587 31.3362 14.5375 2.52857 24.007 26.9617 36.2854 43.1583 41.247 14.8372 12.8895 23.7165 269.106 79.522 46.0126 117.744 25.8734 171.863 100.32 2.88291 14.7518 18.2982 28.2379 29.8051 42.8414 0.00000000558643 33.7966
-67.1793 31.3362 14.5375 2.52857 24.007 30.0479 40.0467 43.1583 41.247 14.8372 12.8895 23.7165 269.106 79.522 46.0126 118.665 25.8734 171.863 100.32 2.88291 14.7518 18.2982 26.5552 27.7562 13.4476 0.00000000558643 32.9606
-68.5473 21.8404 14.5375 2.52857 24.8074 36.5351 44.0927 43.1583 41.247 14.8372 12.8895 110.625 174.224 79.522 46.0126 118.665 26.8653 171.863 100.32 0.93947 7.58839 16.0425 40.1797 22.167 4.3204 0.00000000558643 39.5577
-65.1777 17.5946 14.5375 2.52857 24.8074 36.5351 44.0927 43.1583 41.247 14.8372 12.8895 149.228 174.224 42.7518 46.0126 118.665 26.8793 171.863 100.32 23.3138 6.62718 16.0425 33.9912 12.0963 4.3204 0.00000000558643 33.8088
-64.7001 17.9697 17.8719 2.52857 23.266 36.5351 48.6984 43.1583 36.0885 14.8372 17.3606 148.38 163.73 42.7518 46.0126 120.305 27.6038 171.863 100.32 21.9633 2.21893 16.0425 37.9639 12.0963 4.3204 0.00000000558643 34.2933
-64.7001 17.9697 17.8719 4.75802 17.4984 31.2539 61.1814 43.1583 34.2026 14.8372 20.1088 147.255 163.73 38.7793 46.0126 120.305 27.6038 171.863 108.503 24.9256 3.70349 12.5205 64.8358 12.0963 4.3204 0.00000000558643 34.7173
-66.2423 17.9697 17.8719 4.75802 17.4984 32.4477 59.1512 39.5264 34.2026 16.9262 20.1088 147.255 163.73 38.7793 46.0126 120.305 28.1828 171.863 108.503 24.9256 1.56984 8.61996 64.8358 12.0963 5.92589 0.00000000558643 31.5107
-66.2856 17.9697 17.8719 4.75802 17.4984 32.4477 59.1512 39.5264 34.2026 16.9262 20.1088 147.255 163.73 38.7793 46.0126 120.305 28.1828 171.863 108.503 20.5812 1.56984 14.4321 35.2959 12.0963 5.92589 0.00000000558643 30.7737
-64.8443 17.9697 17.8719 4.75802 17.4984 28.8604 61.9711 39.5264 34.2026 18.0329 20.1088 147.255 163.73 38.7793 46.0126 120.305 41.1943 161.236 98.3983 22.2506 1.56984 15.96 58.5234 12.0963 22.9299 0.00000000558643 30.0653
-63.5277 16.3354 17.8719 7.70376 17.4984 28.8604 61.9711 39.5264 34.2026 18.0329 20.1088 147.255 163.73 28.2925 46.0126 130.699 41.1943 161.236 98.3983 22.2506 1.56984 7.99501 54.493 20.5256 39.8617 0.00000000558643 33.4537
-64.9775 16.3354 17.8719 7.70376 17.4984 28.8604 61.9711 39.5264 34.8981 18.0329 20.1088 147.255 163.73 28.2925 46.0126 130.699 45.1971 161.236 98.3983 22.2506 1.56984 7.99501 54.493 27.1867 52.2269 0.00000000558643 31.5955
-64.482 16.7014 17.0743 7.70376 16.1334 28.8604 61.9711 39.5264 34.8981 18.0329 20.1088 147.255 163.73 28.6896 46.0126 130.699 45.1971 161.236 98.3983 23.9504 1.29871 4.1006 90.8865 34.9659 56.7049 0.00000000558643 35.0803
-65.4292 19.9843 16.1805 7.70376 16.1334 28.8604 61.9711 39.5264 29.4602 18.0329 17.7297 147.255 163.73 28.1991 46.0126 130.699 45.1971 161.236 98.3983 34.0204 0.648007 16.9045 94.3302 35.5972 65.9166 0.00000000558643 36.9517
-65.6519 19.9843 8.77883 7.70376 24.0252 30.5583 62.9132 39.5264 29.7991 18.0329 19.3283 145.173 163.73 34.5398 36.5532 130.699 45.1971 161.236 81.995 22.6246 23.769 13.3426 77.6465 38.112 11.3581 0.00000000558643 32.735
-66.3186 19.9843 8.25753 7.70376 27.1347 29.812 61.7497 39.5264 29.7361 18.0329 19.3283 145.173 163.568 34.5398 33.6014 130.699 45.1971 161.236 81.995 22.6246 24.5895 15.5361 126.837 36.6353 11.3581 0.00000000558643 36.5937
-65.5171 9.24738 13.3171 9.69041 28.1873 32.7913 47.0467 39.5264 30.7081 18.0329 19.3283 145.173 163.568 48.7772 35.3319 130.699 52.5681 171.632 68.8352 11.4365 24.5895 17.5184 182.031 38.4011 62.1303 0.00000000558643 39.7811
-66.6366 11.3953 9.07345 9.69041 25.7837 33.3879 46.6363 39.5264 31.2906 24.1015 14.1604 145.173 162.695 48.7772 35.3319 130.699 52.5681 168.502 86.9077 11.4365 15.8358 10.9366 182.031 37.3332 53.4737 0.00000000558643 38.1176
-66.657 10.0565 9.39348 8.90085 23.9928 35.3928 46.6363 44.9349 38.2823 24.1015 14.1604 145.173 162.695 48.7772 57.4876 96.6921 42.0189 185.938 82.0026 1.4185 7.77803 14.3488 129.01 36.8891 68.5625 0.00000000558643 34.2028
-65.2432 8.86377 9.50147 8.90085 26.1788 33.6563 51.3791 44.9349 37.5566 24.1015 14.1604 145.173 162.695 48.7772 57.4876 96.6921 42.0189 185.938 95.805 5.11319 3.83675 14.6777 151.534 39.3126 43.7566 0.00000000558643 33.5997
-65.3181 9.48972 8.18096 8.90085 28.2657 33.1167 51.3791 39.3213 37.5566 29.7601 14.1604 141.09 162.695 48.7772 57.4876 96.6921 46.0959 198.317 76.7371 5.00616 5.36004 10.1699 102.246 39.01 51.1518 0.00000000558643 32.7052
-65.2973 16.6442 8.60803 17.606 19.2292 39.941 37.1208 33.8236 43.6423 29.7601 14.1604 133.17 181.267 39.5504 57.4876 98.5422 46.0959 213.958 49.5557 5.80308 6.26801 11.051 119.504 39.4732 31.2496 0.00000000558643 31.9339
-66.3156 14.9609 8.60803 17.606 21.0255 39.941 37.1208 33.8236 42.5442 29.7601 14.1604 133.17 181.267 29.2847 57.4876 98.5422 46.0959 213.958 73.9592 5.80308 6.26801 13.6352 120.474 39.8518 31.2496 0.00000000558643 34.1256
-65.3626 14.9609 7.92917 17.606 21.0255 40.7232 37.1208 41.0126 41.2358 30.0192 14.1604 128.004 181.267 28.9119 57.4876 98.5422 46.0959 204.868 73.9592 5.1154 10.1642 10.377 108.285 39.8518 40.3824 0.00000000558643 35.6224
-67.2645 11.3107 4.92278 23.1063 24.6446 40.7232 37.1208 41.0126 34.1581 30.0192 17.539 121.557 181.267 28.7177 57.4876 107.192 53.2044 215.544 52.9835 3.50066 2.93978 9.79191 74.142 58.3724 103.545 0.00000000558643 33.8608
-66.4564 11.3107 4.92278 23.1063 26.1773 40.7232 37.1208 40.7705 30.0148 30.0192 38.5518 121.557 170.602 42.8041 57.4876 105.461 40.2733 198.756 52.9835 4.6635 41.92 4.17528 42.6172 80.9235 136.258 0.00000000558643 36.6231
-66.3168 14.5588 0.545538 24.7359 16.9636 40.7232 45.7381 40.7705 16.065 30.0192 46.6926 121.557 170.602 42.8041 57.4876 105.461 44.2926 198.756 52.9835 1.19295 41.92 3.7189 106.889 57.4184 136.258 0.00000000558643 37.2399
-66.187 14.5588 4.59067 26.0808 14.0585 45.6018 45.7381 30.0373 23.6207 30.0192 46.6926 105.298 170.602 53.9569 57.4876 105.461 44.2926 205.07 55.1395 0.994604 37.0209 1.54116 66.0793 57.6056 163.119 0.00000000558643 37.7599
-66.8343 9.56437 13.5267 21.6909 13.7317 42.0456 45.7381 19.9765 28.2537 41.4124 46.6926 104.361 170.602 61.7142 57.4876 105.461 41.9873 210.123 47.3028 0.348686 33.8697 3.28688 53.6635 68.6404 166.052 0.00000000558643 37.7975
-66.3351 8.86427 2.97542 21.6909 24.8288 34.92 60.9024 35.5232 19.1376 42.1475 31.8756 104.361 162.611 61.7142 57.4876 105.461 36.7194 210.123 55.278 0.348686 16.4462 2.67379 38.6787 34.2821 101.667 0.00000000558643 33.6841
-68.3467 13.0767 2.97542 21.6909 24.8288 27.0549 60.9024 33.3886 25.2194 42.1475 55.9394 81.7922 160.356 56.3103 57.4876 105.461 37.0952 210.123 63.7886 1.558 16.4462 3.30263 56.5414 50.5492 101.667 0.00000000558643 34.2366
-68.3467 13.0767 2.97542 21.6909 24.8288 25.8762 60.9024 33.3886 25.2194 48.6821 55.9394 81.7922 161.878 56.3103 57.6782 105.461 34.7102 210.123 63.7886 14.2307 23.3768 1.58374 145.028 17.1096 101.667 0.00000000558643 36.107
-65.7006 13.0767 2.56512 21.6909 24.8288 24.688 60.9024 31.3996 12.943 40.3827 47.0158 96.1801 161.878 56.3103 57.6782 105.461 47.8968 210.123 64.7546 17.9676 15.5555 1.58374 156.939 27.4557 87.8813 0.00000000558643 35.3976
-66.9067 13.0767 2.56512 24.2783 26.0283 26.3498 55.4827 32.616 12.943 40.3827 47.0158 96.1801 161.878 56.3103 57.6782 112.439 45.5119 210.123 64.7546 17.9676 15.5555 3.26661 134.301 66.9173 101.244 0.00000000558643 35.1114
-66.9067 13.0767 2.56512 19.5749 26.0283 30.1271 55.4827 35.7874 12.943 37.1654 47.6517 96.1801 161.878 56.3103 57.6782 112.439 45.5119 210.123 64.7546 17.9676 6.41509 9.0021 153.314 56.6205 66.1113 0.00000000558643 32.8247
-66.8457 11.2319 2.56512 19.5749 26.0283 30.1271 58.9921 25.9492 12.943 37.3042 34.1277 96.1801 161.878 76.3893 57.6782 112.439 53.5675 210.123 57.7858 17.1274 10.105 5.80529 172.475 38.0472 67.0053 0.000000018166 36.7871
-66.6891 11.3686 13.5846 19.5749 25.0065 21.1278 69.0838 25.1412 12.943 31.1879 34.6517 96.1801 161.878 76.3893 57.6782 107.717 54.0395 210.123 57.7858 12.9263 14.3664 4.4955 182.943 5.1136 22.0407 0.000000018166 33.593
-66.3186 9.40647 13.5846 19.5749 25.0065 16.704 69.0838 19.9554 12.943 38.2339 34.6517 96.9095 160.487 76.3893 57.6782 93.657 59.8265 224.646 50.5414 6.75112 21.4347 13.4011 13.202 5.1136 10.9907 0.000000018166 33.8038
-65.5802 13.0831 13.5846 19.5749 25.0065 16.704 69.0838 19.9554 12.943 39.7752 34.6517 96.9095 164.996 76.3893 57.6782 59.8239 88.4569 230.144 48.559 6.75112 21.4347 7.92409 13.202 5.1136 38.7307 0.000000018166 29.3023
-65.5802 13.0831 13.5846 19.5749 25.0065 17.8571 69.0838 19.9554 12.943 39.7752 29.5167 93.4724 172.251 76.3893 57.6782 59.8239 88.4569 228.585 48.559 2.97544 7.13404 5.56028 13.202 5.1136 26.6067 0.000000018166 29.1977
-65.5802 13.0831 13.5846 19.5749 25.0065 17.8571 69.0838 19.9554 12.943 39.7752 29.5167 93.4724 172.251 76.3893 57.6782 59.8239 88.4569 228.585 48.559 2.97544 6.06013 11.2307 13.202 5.1136 54.9736 0.000000018166 30.6202
-65.6118 11.1204 12.5746 19.5749 25.0065 17.8571 69.0838 19.9554 12.943 47.8048 29.5167 93.4724 172.251 76.3893 58.4215 59.8239 88.4569 228.585 29.6267 3.9905 28.2904 11.2307 13.202 68.9208 51.1168 0.00000000197048 29.9644
-66.3045 11.1204 6.79674 18.8687 35.4997 16.2167 69.0838 19.9554 12.943 47.8048 29.5167 93.4724 172.251 76.3893 58.4215 56.2209 99.2652 228.585 29.6267 2.68238 27.5746 11.2307 13.202 68.9208 51.1168 0.000000012927 30.3476
-69.3055 11.4942 6.79674 14.3584 33.3942 20.99 69.0838 19.9554 12.943 47.5124 29.5167 91.9724 170.979 76.3893 61.0642 52.3321 99.2652 238.079 29.6267 3.80344 13.1385 7.84547 13.202 61.7919 51.7288 0.0000000258701 34.1756
-68.6222 12.1362 7.34756 12.5073 33.3942 20.99 69.0838 19.9554 12.943 47.5124 29.5167 91.9724 169.703 76.3893 61.0642 52.3321 99.2652 238.079 29.6267 19.0134 13.1385 7.84547 52.2208 15.138 65.5755 0.0000000221094 32.3231
-65.9656 10.6117 4.38499 12.5073 33.9883 30.4279 44.8893 34.293 27.8805 40.5693 17.1843 91.9724 169.703 84.4103 65.1147 48.5885 99.4031 238.079 29.7741 17.3075 15.5086 7.84547 46.5395 15.6694 50.6025 0.0000000267231 33.36
-66.8078 4.64549 10.8689 12.5073 31.4639 30.4279 44.8893 19.1735 27.8805 85.7441 33.6659 79.2672 169.703 55.4281 59.0163 48.5885 99.4031 239.255 29.7741 14.6348 16.3976 33.2863 47.1531 39.2037 19.2946 0.0000000267231 38.2328
-66.7926 12.8843 10.8689 12.5073 33.7405 30.4279 44.8893 19.1735 40.9687 48.0792 57.7983 79.2672 169.488 55.4281 59.0163 50.2999 78.6898 239.255 29.7741 7.97162 17.1142 36.5882 47.1531 67.1657 19.2946 0.0000000052206 35.4081
-68.0124 8.73818 10.8689 12.5073 25.9181 38.617 44.8893 7.62909 37.6842 48.0792 57.7983 79.2672 169.488 55.4281 59.0163 65.4947 79.9532 240.974 29.7741 10.0314 9.77 36.5882 25.3248 95.354 13.3801 0.0000000052206 36.8468
-70.2793 8.73818 5.92924 12.5073 25.9181 38.617 44.8893 7.62909 41.9958 48.37 62.7478 79.2672 169.488 69.0071 59.192 65.4947 66.1373 240.974 29.7741 10.0314 10.5426 30.1479 1.66906 134.492 69.9583 0.0000000052206 37.7457
-70.2793 9.14675 5.92924 12.5073 25.9181 38.617 44.8893 7.62909 41.9958 48.37 62.7478 79.2672 169.488 69.0071 59.192 65.4947 65.5617 240.974 30.0527 10.0314 10.5426 34.181 1.66906 77.9438 11.9351 0.0000000052206 35.7399
-69.0695 9.14675 5.92924 12.5073 25.9181 38.617 44.8893 7.62909 41.9958 51.5217 62.7478 79.2672 169.488 69.0071 59.192 65.4947 65.5617 236.978 30.0527 10.0314 3.81948 34.181 5.46397 53.8052 11.9351 0.0000000052206 31.3915
-64.472 9.23288 5.92924 13.8356 25.9181 40.3706 44.8893 13.8126 32.5865 51.5217 63.312 79.2672 169.488 69.0071 59.192 65.4947 65.5617 236.978 30.0527 14.1723 3.81948 33.5607 41.1149 78.1833 11.9351 0.0000000052206 32.1423
-64.4929 9.23288 5.92924 13.8356 25.9181 40.3706 44.8893 11.9072 32.5865 51.5217 63.312 79.2672 169.488 69.0071 59.192 65.4947 65.5617 236.978 30.0527 6.35535 3.81948 33.5607 41.6222 78.1833 11.9351 0.0000000134121 35.3113
-65.404 11.7385 5.92924 13.8356 34.4487 35.2251 44.8893 11.9072 22.9254 51.5217 63.312 79.2672 115.262 119.839 59.192 74.9739 65.5617 236.978 30.0527 6.35535 8.89416 33.5607 4.95389 139.915 11.9351 0.0000000421411 33.2981
-65.404 11.0059 5.92924 13.8356 34.4487 35.2251 53.8847 4.43566 22.9254 51.5217 63.312 79.2672 115.262 119.839 59.192 79.9039 66.3164 236.978 30.0527 6.59688 6.38504 33.5607 10.5782 139.915 24.353 0.0000000462393 33.8918
-65.4211 11.0059 5.92924 13.8356 34.4487 35.2251 56.0922 8.34796 22.9254 51.5217 63.312 79.9961 115.262 119.839 59.192 79.9039 53.6565 236.978 30.0527 7.76463 7.77301 33.5607 7.20602 64.1021 30.2286 0.0000000462393 31.8502
-65.5285 11.0059 5.92924 13.8356 34.4487 35.2251 56.0922 8.34796 22.9254 51.5217 63.312 79.9961 115.262 119.839 59.192 85.9458 53.6565 236.978 30.0527 11.607 3.61859 33.5607 4.4723 64.1021 30.2286 0.0000000459526 33.5459
-66.1718 11.0059 5.92924 13.8356 34.4487 35.2251 56.0922 9.07493 22.9254 51.5217 63.312 79.9961 115.262 119.839 50.8419 85.9458 53.6565 236.978 30.0527 11.607 6.57388 33.5607 2.65047 64.1021 30.2286 0.0000000347902 31.8273
-65.214 11.0059 8.3208 13.8356 34.4487 35.2251 52.8824 9.07493 22.9254 51.5217 63.312 79.9961 115.262 119.839 50.8419 89.9357 53.6565 236.978 30.0527 11.607 6.57388 5.17913 18.7109 64.1021 11.5789 0.0000000347902 31.0506
-65.214 11.0059 8.3208 13.8356 34.4487 35.2251 52.8824 9.07493 22.9254 51.5217 63.312 79.9961 115.262 119.839 50.8419 89.9357 53.6565 236.978 30.0527 6.73184 8.23559 22.4319 32.9203 91.5811 11.5789 0.00000000272831 30.7044
-66.7564 8.78954 8.3208 13.8356 33.3204 38.2629 52.8824 10.5715 22.9254 51.5217 63.312 79.9961 115.262 111.384 50.8419 89.9357 64.6477 236.978 26.4686 28.0152 8.23559 13.2649 4.24161 137.353 11.5789 0.00000000272831 32.8585
-66.6602 8.78954 6.33183 13.8356 33.3204 38.2629 52.8824 8.97481 22.9254 51.5217 63.312 75.9658 115.262 111.384 50.8419 88.5338 64.6477 236.978 26.4686 11.0974 8.23559 11.4841 8.82199 22.761 43.0948 0.00000000272831 30.7127
-65.8222 10.2684 6.33183 13.8356 33.3204 38.2629 52.8824 8.97481 22.9254 56.0712 63.312 75.9658 115.262 111.384 55.4599 88.5338 64.6477 236.978 26.4686 25.6968 8.15946 5.85739 8.82199 22.761 71.9122 0.00000000272831 29.3644
-65.8222 4.4914 1.07316 13.8356 33.3204 38.2629 52.8824 8.97481 22.9254 69.7113 63.312 75.9658 115.262 111.384 55.4599 88.5338 68.4543 63.4804 200.018 26.4644 4.54723 5.85739 32.0405 22.761 91.0514 0.0000000298765 32.7649
-67.6484 4.41574 3.55247 13.8356 33.3204 36.0913 52.8824 8.97481 22.9254 69.7113 63.312 75.9658 115.262 111.384 55.4599 88.5338 61.0724 45.2381 229.346 3.12555 6.2801 10.4682 4.60865 6.05858 88.5058 0.0000000163583 32.7877
-65.8465 4.41574 3.55247 13.8356 33.3204 36.0913 52.8824 8.97481 22.9254 69.7113 63.312 75.9658 115.262 111.384 55.4599 88.5338 61.0724 45.2381 229.346 19.4295 3.39286 10.4682 69.996 6.05858 88.5058 0.0000000163583 32.0312
-66.517 4.41574 3.55247 13.8356 33.3204 38.2434 52.8824 8.97481 22.9254 69.7113 63.312 75.9658 115.262 111.384 55.4599 93.1414 61.0724 37.1612 229.346 19.4295 2.96891 4.77794 9.05262 6.05858 92.2623 0.0000000163583 33.0801
-65.6847 4.41574 4.14809 13.8356 33.3204 37.1991 52.8824 8.97481 22.9254 70.1481 63.312 75.9658 115.262 111.384 55.4599 93.2751 61.0724 37.1612 229.346 19.4295 4.30192 10.1606 9.05262 6.35648 91.7293 0.0000000163583 33.07
-65.8529 4.41574 3.25313 12.5653 35.2808 40.7067 52.8824 5.28886 22.9254 69.1686 63.312 75.9658 115.262 111.384 56.4251 93.2751 60.3828 37.1612 229.346 19.4295 4.30192 5.63684 9.05262 70.4839 92.273 0.0000000163583 34.6188
-66.2442 4.41574 3.25313 12.5653 35.2808 40.7067 52.4972 5.28886 22.4848 75.4412 63.312 25.0728 142.03 128.675 56.4251 93.2751 60.6613 38.9775 229.346 19.4295 4.30192 5.63684 14.793 70.4839 98.2205 0.0000000163583 37.8733
-62.9768 13.1345 2.17253 12.5653 35.2808 40.7067 2.00225 56.8977 9.95957 73.8655 84.3948 25.0728 142.03 128.675 56.4251 74.2863 60.1311 38.9775 229.346 24.4714 6.04383 5.63684 27.3601 70.4839 122.315 0.0000000432094 42.1002
-65.7433 13.1345 1.28697 12.5653 35.2808 40.7067 2.00225 56.8977 9.95957 73.8655 84.3948 25.0728 142.03 128.675 56.4251 74.2863 60.1311 38.9775 228.322 24.4714 5.83363 5.63684 36.9884 149.129 122.315 0.0000000432094 42.9305
-66.1204 4.79899 1.28697 21.917 35.2808 40.7067 0.141495 56.8977 9.95957 63.685 104 25.0728 119.854 128.675 56.4251 84.1049 60.1311 38.9775 228.322 24.4714 11.9787 5.63684 36.9884 118.33 50.9094 0.0000000432094 40.7381
-65.8607 4.79899 1.28697 21.917 35.2808 40.7067 0.141495 56.8977 9.95957 63.685 104 25.0728 113.541 128.675 56.4251 84.1049 71.4907 41.4728 228.322 19.3043 11.9787 5.41965 43.6753 118.33 31.2081 0.0000000432094 37.9749
-65.8607 4.79899 1.28697 21.917 35.2808 40.7067 0.141495 56.8977 9.95957 63.685 104 25.0728 113.541 128.675 56.4251 84.1049 71.4907 41.4728 228.322 19.3043 11.9787 5.41965 43.6753 118.33 31.2081 0.0000000432094 37.9749
-65.5741 4.79899 1.28697 21.917 35.2808 40.7067 0.141495 56.8977 9.95957 63.685 104 25.0728 113.541 128.675 56.4251 84.1049 71.4907 41.4728 228.322 19.3043 11.9787 5.41965 54.7242 74.292 18.8634 0.0000000432094 37.0506
-66.0501 4.79899 1.28697 21.917 35.2808 40.7067 0.141495 56.8977 9.95957 63.685 104 25.0728 113.541 128.675 56.4251 84.1049 72.9131 41.4728 228.322 14.9228 8.6389 5.41965 47.7231 89.8494 18.8634 0.000000344962 38.4706
-66.0501 4.79899 1.28697 21.917 35.2808 40.7067 0.141495 56.8977 9.95957 63.685 104 25.0728 113.541 128.675 56.4251 84.1049 72.9131 41.4728 228.322 15.2508 8.6389 5.41965 53.7643 89.8494 18.8634 0.000000328207 38.5855
-68.0307 4.79899 1.21888 22.5958 34.8965 40.7067 0.141495 59.5937 11.6907 63.685 104 25.0728 113.541 128.675 56.4251 84.1049 72.9131 41.4728 228.322 18.3573 2.07507 5.348 18.4568 106.436 18.0139 0.000000056959 40.0043
-65.5988 4.79899 4.41461 22.5958 31.7276 40.7067 0.141495 59.5937 12.9208 63.685 104 15.5606 113.541 128.675 56.4251 84.1049 71.8677 41.4728 227.301 18.3573 18.5155 5.40667 40.6188 65.2693 18.0139 0.000000056959 39.3059
-65.1746 4.79899 5.00459 10.3392 31.7276 40.7067 19.0399 59.6829 12.9208 71.5303 104 15.5606 113.541 117.25 56.4251 84.1049 61.717 41.4728 227.301 24.0992 15.1604 1.39985 49.3506 13.309 81.4815 0.000000222957 42.8137
-65.1746 4.79899 5.00459 10.3392 31.7276 40.7067 19.0399 59.6829 12.9208 89.9326 104 15.5606 113.541 99.6874 56.4251 96.4972 61.717 41.4728 227.301 17.6207 15.1604 1.39985 49.3506 17.834 76.8701 0.000000222957 38.3596
-65.1746 4.79899 5.3022 10.3392 31.7276 40.7067 19.0399 56.5322 12.9208 89.9326 104 17.6879 113.672 99.6874 56.4251 96.4972 61.717 41.4728 227.301 17.6207 15.1604 3.00253 49.3506 17.834 27.0804 0.0000000952882 33.847
-63.5004 4.79899 5.3022 10.3392 31.7276 40.7067 19.0399 56.5322 12.9208 89.9326 104 17.6879 113.672 99.6874 56.4251 96.4972 61.717 41.4728 227.301 14.8104 16.7139 3.00253 67.997 18.0791 27.0804 0.0000000952882 35.1686
-63.5004 4.79899 4.49989 10.3392 31.7276 40.7067 19.0399 56.5322 12.9208 89.9326 104 17.6879 113.672 99.6874 56.4251 96.4972 61.717 41.4728 227.301 7.09301 18.1944 2.92917 67.997 18.0791 27.0804 0.0000000952882 34.9475
-64.8726 4.79899 4.5008 11.7297 31.7276 40.7067 19.0399 56.5322 13.5199 89.9326 104.971 17.6879 113.672 99.6874 56.4251 96.4972 62.9601 24.2812 227.301 17.2117 18.1944 9.22553 73.2627 26.6027 27.0804 0.0000000952882 41.1767
-65.3176 8.87979 4.26272 11.7297 20.3417 40.7067 19.0399 63.3317 15.2038 85.3329 104.868 17.6879 113.672 99.6874 44.6364 117.095 54.503 24.2812 228.145 17.2117 20.932 5.7627 69.1955 27.0709 59.9242 0.0000000952882 41.1257
-65.4346 8.87979 4.10844 9.03983 29.3996 42.4992 10.0118 63.3317 16.2706 85.3329 104.868 17.6879 113.672 99.6874 44.6364 117.095 55.5872 24.2812 228.145 9.68597 19.2431 5.57812 45.1414 60.9651 41.4522 0.000000233024 38.0632
-65.4346 8.87979 5.38021 9.03983 33.0256 41.8088 7.16854 63.3317 13.4262 85.3329 104.868 17.6879 113.672 99.6874 44.6364 117.095 55.5872 24.2812 228.145 3.20093 17.9491 5.57812 42.9636 60.9651 38.7152 0.000000384814 41.4055
-65.4346 8.87979 5.38021 9.03983 30.4283 41.8088 7.16854 67.4195 13.4262 85.3329 104.868 17.6879 113.672 99.6874 44.6364 117.095 55.5872 24.2812 228.145 3.20093 16.2958 23.6794 59.0473 60.9651 38.7152 0.000000679975 42.4654
-65.3267 8.87979 6.39867 5.57354 30.4283 41.8088 7.16854 67.6005 13.4262 85.3329 104.868 17.6879 113.672 99.6874 44.6364 117.095 55.5872 24.2812 235.275 1.60872 16.2958 26.478 55.185 127.376 4.2714 0.000000679975 43.4288
-65.395 8.87979 6.57448 5.57354 30.4283 41.8088 12.5152 68.1143 11.8523 79.5196 110.069 17.6879 113.672 99.6874 44.6364 117.095 55.5872 24.2812 235.275 10.8777 15.6939 12.7331 55.185 48.7395 4.2714 0.00000059944 38.8107
-65.4163 8.87979 7.89297 5.57354 30.4283 41.8088 12.5152 68.1143 11.8523 79.5196 110.559 17.6879 113.672 99.6874 44.6364 117.095 53.1545 24.2812 235.275 11.9348 19.0828 10.9739 32.553 48.7395 7.85393 0.00000184822 38.7517
-65.3547 8.87979 7.89297 5.57354 30.4283 41.8088 12.5152 68.1143 11.8523 79.5196 111.353 17.6879 112.353 99.6874 44.6364 117.095 53.1545 24.2812 235.275 4.69986 6.25135 10.9739 8.8406 42.414 38.8846 0.00000299812 39.7452
-65.3547 8.87979 7.89297 5.73266 30.4283 41.8088 12.5152 68.1143 13.0621 77.3572 111.353 17.6879 112.353 99.6874 44.6364 117.095 53.1545 24.2812 256.385 0.646784 6.25135 13.2536 8.8406 69.9055 10.2763 0.00000551155 38.776
-64.4678 6.18216 5.14637 5.73266 30.4283 41.8088 7.4484 58.9148 13.3766 84.7958 111.704 17.6879 120.202 99.6874 42.0232 116.167 59.192 24.2812 256.385 3.45474 5.54134 12.1452 29.8007 75 2.26554 0.000011631 40.937
-65.5351 6.18216 5.14637 5.73266 30.4283 41.8088 7.4484 58.9148 13.3766 84.575 111.704 17.6879 120.202 99.6874 42.0232 116.167 59.192 24.2812 256.385 3.7021 5.54134 12.1452 43.3505 75 9.97986 0.000011631 39.6317
-64.7768 6.18216 5.14637 5.73266 30.4283 41.8088 30.8791 58.9148 13.3766 74.6686 113.584 17.6879 103.948 99.6874 42.0232 116.167 59.192 24.2812 256.385 8.70241 5.54134 12.1452 32.4256 75 11.363 0.0000282364 43.9384
-64.7756 6.18216 5.14637 5.73266 30.4283 41.8088 30.8791 58.9148 13.3766 74.6686 115.084 17.6879 103.948 99.6874 42.0232 116.167 59.192 24.2812 256.385 8.70241 5.54134 12.1452 35.7443 42.2074 70.8036 0.0000156057 43.715
-64.7756 5.69067 5.14637 5.73266 29.2384 41.8088 30.8791 58.9148 13.3766 74.6686 116.033 17.6879 103.948 99.6874 42.0232 107.651 59.192 24.2812 256.385 0.380259 5.54134 14.5432 34.0764 42.2074 87.434 0.0000156057 45.1749
-64.7351 4.71188 3.49402 5.73266 29.2384 41.8088 24.8936 58.9148 16.8382 78.8238 110.89 27.6533 109.308 85.0721 42.0232 121.667 60.8715 24.2812 256.385 3.16686 7.27025 6.82532 60.0761 84.6482 88.0185 0.00000681922 45.2721
-64.4772 11.1373 3.49402 9.8353 29.2384 41.8088 24.8936 50.5299 16.8382 78.8238 110.007 27.6533 109.308 85.0721 42.0232 121.667 60.8715 24.2812 256.385 2.67968 7.27025 11.756 60.0761 11.9455 4.31306 0.00000774166 41.2873
-64.4772 11.1373 3.49402 9.8353 29.2384 41.8088 24.8936 50.5299 16.8382 78.8238 110.007 27.6533 109.308 84.8727 42.0232 121.667 54.4994 24.2812 261.203 2.67968 7.27025 11.756 66.3506 11.9455 33.998 0.00000774166 40.8987
-64.5519 18.5428 3.49402 9.8353 22.9856 41.8088 24.8936 38.0531 16.8382 59.9547 110.007 27.6533 144.389 89.8702 42.0232 109.777 54.4994 24.2812 261.203 2.67968 7.27025 11.756 67.9267 26.5843 36.4746 0.00000362927 40.0029
-64.3814 17.3151 3.49402 9.8353 29.3254 41.8088 24.8936 36.8423 11.7886 59.9547 110.007 27.6533 146.926 89.8702 42.0232 113.42 52.3903 24.2812 261.203 2.67968 10.1859 5.28894 63.3023 26.5843 32.2255 0.00000362927 38.8033
-65.0741 17.3151 3.49402 9.8353 29.3254 41.8088 38.4853 27.6153 11.7886 59.6064 107.334 27.6533 146.926 87.5024 42.0232 109.677 52.3903 24.2812 261.203 4.83802 9.12262 9.22035 65.7771 26.5843 31.959 0.00000596588 38.8346
-66.3948 14.9783 4.95785 9.8353 21.9102 40.3306 44.0413 29.5873 16.1402 59.6064 107.77 27.6533 146.926 88.0768 42.0232 109.677 52.3903 24.2812 240.496 4.63028 16.3626 7.35514 124.315 226.929 23.4194 0.00000203287 45.7851
-66.7957 12.7228 4.95785 12.8056 21.9102 40.3306 39.3331 29.5873 14.7664 60.3353 106.835 27.6533 146.926 86.585 42.0232 117.038 58.4797 21.1565 248.02 8.88391 10.3908 7.35514 144.773 226.929 16.4688 0.000000613765 40.9543
-66.7957 13.1617 4.95785 12.8056 21.9102 40.3306 40.1774 29.5873 14.7664 58.2758 106.835 27.6533 146.926 86.585 42.0232 117.038 58.4797 21.1565 250.554 8.88391 14.0462 8.52108 118.786 189.297 4.94431 0.000000613765 39.305
-64.4493 13.1617 4.95785 12.8056 21.9102 40.3306 40.1774 29.5873 14.7664 58.2758 107.249 27.6533 146.926 86.585 42.0232 117.038 58.4797 21.1565 250.554 11.3949 14.0462 5.60345 118.786 99.7855 5.82677 0.00000141189 39.1991
-65.0514 11.0821 7.57924 12.8056 21.9102 40.3306 40.1774 29.5873 14.7664 58.2758 107.249 27.6533 146.926 83.9759 42.0232 117.038 58.4797 21.1565 250.554 11.3949 11.7484 5.60345 118.786 99.7855 5.82677 0.00000314097 38.8704
-65.0514 11.0821 7.57924 12.8056 21.9102 40.3306 40.1774 29.5873 20.3738 54.7713 107.386 27.6533 146.926 83.9759 42.0232 117.038 58.4797 21.1565 250.554 11.3949 10.0847 5.60345 118.786 99.7855 5.82677 0.00000314097 38.9376
-63.8891 11.0821 7.57924 12.8056 21.9102 40.3306 40.1774 29.5873 20.3738 48.4561 105.383 34.8271 146.926 83.9759 42.0232 117.038 58.4797 21.1565 250.554 11.3949 10.0091 5.60345 109.868 99.7855 2.72082 0.00000314097 39.6904
-67.1561 11.2657 7.57924 23.2604 21.9102 40.3306 47.3257 16.1897 20.3738 48.4561 107.654 34.8271 146.926 83.9759 42.0232 111.374 58.4797 21.1565 250.554 11.3949 8.84499 5.60345 109.868 99.7855 146.854 0.00000622669 42.9707
-67.1561 9.15803 6.74281 27.0579 21.9102 40.3306 47.3257 16.1897 20.3738 51.19 105.438 40.2036 142.849 84.8753 39.6714 111.374 58.4797 21.1565 251.606 12.5572 8.29805 5.60345 92.928 81.2261 93.9853 0.00000622669 43.9168
-66.9878 10.2799 8.07452 27.0579 17.6474 27.6942 47.3257 13.1742 22.6247 63.3169 105.438 40.2036 142.849 85.0392 39.6714 111.374 58.4797 21.1565 251.606 13.9225 9.44319 5.60345 152.145 130.75 93.9853 0.0000123459 43.8692
-66.9878 11.3282 8.07452 27.0579 20.522 27.6942 5.01563 12.7447 61.7296 63.3169 101.084 40.2036 142.849 88.4983 39.6714 111.374 58.4797 21.1565 251.804 17.5037 6.11137 5.60345 152.145 128.586 93.9853 0.0000123459 47.2373
-66.9878 12.9508 3.51125 24.8123 20.522 27.6942 6.38325 16.0945 61.7296 69.2726 92.2104 35.5486 142.849 90.032 39.6714 111.374 58.4797 26.5886 251.804 10.384 7.61829 5.70268 225.106 50.73 103.103 0.0000268043 46.1315
-66.9878 12.9508 3.51125 24.8123 20.522 27.6942 6.38325 9.61677 62.6479 81.0428 80.9698 35.5486 142.849 90.032 39.6714 122.36 56.9228 26.5886 251.804 13.0755 8.77249 5.70268 276.755 50.73 66.0445 0.0000243412 47.5116
-66.9878 12.9508 3.51125 24.7371 20.522 26.9945 6.38325 9.61677 62.6479 81.4004 80.9698 35.5486 142.849 90.032 36.7263 122.36 56.9228 26.5886 251.804 16.646 6.97645 5.70268 276.755 33.0138 59.7414 0.0000243412 46.2179
-66.9878 12.9508 3.51125 24.7371 20.522 29.7534 6.38325 9.61677 62.6479 81.4004 80.9698 35.5486 142.849 88.7238 36.7263 122.36 56.9228 26.5886 251.804 16.646 6.97645 5.70268 276.755 30.2925 59.7414 0.0000243412 47.0732
-66.9878 12.9508 3.51125 24.7371 20.522 29.7534 6.38325 10.2478 58.765 81.4004 84.2302 35.5486 152.752 88.7238 36.7263 116.288 56.9228 26.5886 251.804 16.646 7.66663 5.70268 276.755 19.0305 16.9503 0.0000344112 47.7536
-68.1271 11.9645 3.51125 22.727 20.522 29.7534 8.51386 10.2478 58.765 82.8019 84.2302 35.5486 156.836 88.7238 36.7263 116.288 56.9228 16.0054 251.804 16.646 7.68951 5.70268 276.755 5.78777 13.7675 0.0000344112 47.8828
-64.8656 11.9645 3.51125 21.946 22.9071 27.4384 5.6927 10.2478 58.765 82.8019 84.2302 35.5486 156.836 93.6277 36.7263 120.2 49.2586 16.0054 251.804 16.646 6.8778 7.99576 270.044 16.8577 3.00225 0.0000344112 48.8822
-64.4931 12.5805 4.70091 21.946 22.9071 27.4384 5.6927 10.2478 58.765 82.8583 84.2302 35.5486 156.836 93.6277 35.2676 120.2 43.4234 16.0054 251.804 8.46825 1.17286 11.1574 38.3729 32.7567 192.13 0.000000273623 42.3986
-65.8613 12.5805 4.70091 21.946 22.9071 23.496 5.6927 10.2478 58.765 82.8583 84.2302 35.5486 156.836 93.6277 41.1563 120.2 48.0225 16.0054 251.804 15.8566 1.17286 9.91743 38.3729 32.7567 195.395 0.000000273623 39.7523
-65.8613 12.5805 4.70091 21.946 22.9071 23.496 5.6927 10.2478 58.9277 82.8583 84.2302 35.5486 156.836 93.6277 41.1563 120.2 48.0225 16.0054 251.804 15.8566 1.17286 9.91743 38.3729 53.132 195.395 0.000000273623 40.1624
-65.6122 16.9348 4.70091 21.946 22.9071 23.496 5.6927 10.2478 58.9277 88.0641 84.2302 35.5486 124.217 93.6277 64.0633 120.2 48.0225 16.0054 251.804 16.6061 1.23254 9.91743 28.2747 55.1972 196.016 0.000000273623 42.531
-66.5819 16.9348 4.70091 21.946 21.1298 23.496 5.6927 10.2478 57.7582 89.4121 84.2302 35.5486 124.217 96.853 64.0633 120.2 48.0225 16.0054 251.804 19.4973 1.23254 9.91743 45.1012 55.1972 24.5472 0.000000273623 38.4543
-66.5819 22.8361 3.72407 4.47653 34.4993 23.496 5.6927 10.2478 57.7582 123.034 84.2302 35.5486 124.217 96.853 34.8059 110.552 48.0225 16.0054 251.804 19.4973 1.23254 9.91743 33.1402 21.3997 10.2497 0.0000109866 46.5326
-66.677 24.8512 1.1808 1.38094 34.4993 27.7127 5.6927 3.12805 60.1421 123.034 84.2302 35.5486 124.217 96.853 34.8059 110.552 48.0225 16.0054 251.804 19.4973 0.912713 20.1288 30.7177 15.5915 36.4828 0.0000125106 46.0623
-65.8298 24.8512 1.1808 1.38094 34.4993 27.7127 5.6927 3.12805 60.1421 129.681 84.2302 35.5486 124.217 96.853 34.8059 125.701 48.0225 16.0054 251.804 9.9573 0.427855 8.78018 48.255 15.5915 36.3219 0.000012041 48.325
-65.3058 14.4253 15.3203 2.39388 34.4993 10.9736 5.6927 3.12805 60.1421 129.681 84.2302 35.5486 124.217 93.7648 34.8059 125.701 42.3042 16.0054 251.804 19.8889 2.83712 16.5238 48.255 15.1613 34.1973 0.0000233329 48.4125
-65.3058 20.714 15.3203 2.39388 34.4993 10.9736 5.6927 3.12805 60.1421 129.681 84.2302 35.5486 124.217 93.7648 34.8059 125.701 42.3042 16.0054 251.804 12.3093 2.83712 16.5238 42.7408 15.1613 17.3564 0.00000212769 39.6098
-65.4443 20.714 15.3203 2.39388 34.4993 10.9736 5.6927 3.12805 60.1421 129.681 84.2302 35.5486 124.217 93.7648 34.8059 125.701 42.3042 14.5555 251.804 12.3093 2.83712 16.5238 36.3967 15.1613 17.3564 0.00000212769 40.5339
-67.342 20.714 15.3203 2.39388 34.4993 10.9736 5.6927 11.4372 55.6334 129.681 85.9428 35.5486 124.217 91.6569 30.9023 125.701 37.643 14.5555 251.804 12.3093 13.6486 16.5238 36.3967 12.69 21.2466 0.00000212769 41.5475
-67.5839 20.714 15.3203 2.39388 34.4993 8.21461 5.6927 11.4372 55.6334 129.681 85.9428 35.5486 124.217 88.9136 30.9023 126.957 47.2308 14.5555 251.804 14.7618 13.6486 9.43917 74.0723 12.69 39.441 0.00000212769 45.2543
-66.592 20.714 13.9016 2.39388 34.4993 10.5873 5.6927 13.6372 55.6334 129.681 77.4053 35.5486 124.217 88.9136 30.9023 126.957 47.2308 14.5555 251.804 14.7618 13.8739 9.43917 63.3906 9.55146 39.6051 0.00000227191 40.3223
-66.3964 20.714 13.7641 19.7711 34.4251 8.9229 5.6927 1.63205 55.6334 129.681 79.6332 35.5486 124.217 88.9136 30.9023 126.957 47.2308 14.5555 251.804 11.3829 17.2794 2.05398 58.0284 15.3743 62.9871 0.00000227191 42.9172
-66.2131 15.2515 13.7641 19.7711 25.3824 8.9229 13.4742 1.63205 55.6334 129.681 79.6332 35.5486 124.217 88.9136 30.9023 126.957 45.7039 14.5555 251.804 11.3829 21.8976 11.6044 8.65586 6.69949 91.6943 0.00000227191 44.0626
-66.2131 14.9428 17.397 20.6061 24.0214 9.84786 13.4742 1.63205 55.6334 129.681 79.6332 35.5486 124.217 88.3657 30.9023 126.957 45.7039 14.5555 251.804 7.60106 16.1864 17.5534 24.8284 6.69949 31.7315 0.00000227191 38.7507
-66.261 18.9456 15.5812 18.316 24.0214 8.24194 13.4742 1.63205 54.1178 129.681 87.8906 35.5486 124.217 88.7931 30.9023 126.957 45.7039 14.5555 251.804 5.912 5.27142 17.1013 24.8284 6.69949 39.8385 0.00000634908 40.5798
-66.2888 18.9456 15.5812 18.316 25.8588 8.24194 13.4742 0.924224 37.9634 129.681 87.8906 35.5486 124.217 92.3634 30.9023 126.957 45.7039 17.4075 251.804 11.3263 17.3156 17.1013 24.8284 46.1031 70.0472 0.00000634908 42.815
-66.2888 19.2772 12.6226 18.316 25.8588 8.24194 13.4742 0.924224 37.9634 129.681 87.8906 35.5486 124.217 97.4209 30.9023 126.957 45.7039 17.4075 251.804 7.51544 17.2007 17.2628 14.3898 40.0347 98.6422 0.0000327464 44.5902
-66.3094 19.2772 6.93623 21.6928 25.8588 8.24194 13.9362 1.80021 44.117 129.681 87.8906 34.5087 124.217 86.403 30.9023 126.957 45.7039 25.9556 248.686 7.51544 0.588857 13.1357 63.9187 41.1819 116.895 0.0000327464 47.2816
-66.3153 30.5918 9.28719 19.2098 18.4469 8.24194 11.9179 1.80021 56.8835 129.681 61.8987 61.8893 124.217 88.2981 16.96 135.154 39.2287 27.6487 248.686 8.92819 2.1233 29.6719 41.8669 150.088 89.2691 0.0000307823 46.9242
-66.7154 30.5918 9.28719 22.2503 14.984 8.60893 11.9179 1.80021 56.8249 129.681 61.8987 51.0507 115.272 88.3483 27.5977 143.57 42.6869 36.8563 214.16 5.17836 2.60241 29.6719 21.4004 150.088 30.1876 0.0000307823 49.0308
-63.4903 36.4197 0.695382 23.6436 14.984 9.3396 11.9179 1.80021 56.8249 129.681 61.8987 51.0507 131.377 88.3483 31.7008 143.57 40.3949 36.8563 214.16 5.78147 2.60241 32.5927 58.5196 100.041 17.9297 0.0000282635 50.586
-64.7705 36.4197 1.1655 23.6436 14.984 9.3396 11.9179 1.80021 56.8249 129.681 61.8987 31.6197 131.573 96.3449 31.7008 158.658 39.4716 36.8563 214.16 5.78147 2.60241 32.5927 51.8964 100.041 33.999 0.0000556746 48.878
-66.3769 31.1361 1.1655 23.6436 13.9036 15.53 11.9179 1.80021 56.8249 129.681 56.0203 15.9817 131.573 112.974 31.7008 158.658 40.5143 36.8563 214.16 1.83025 13.2671 22.1531 80.8522 100.041 33.999 0.0000249458 52.1277
-66.4775 31.1361 1.1655 23.4839 15.452 15.53 11.9179 8.75654 56.8249 126.119 48.7699 13.8583 131.573 122.587 4.46083 158.658 40.5143 37.9899 214.16 1.83025 13.2671 22.1531 60.0833 65.0463 34.2958 0.0000185849 49.9481
-67.4432 25.3144 9.33585 24.5312 15.0203 15.53 11.9179 5.46753 46.2129 126.119 46.2176 13.8583 133.69 122.587 59.2734 126.009 39.3078 37.9899 214.16 1.83025 13.2671 22.1531 13.6476 63.1841 18.929 0.0000109532 48.9385
-67.2716 29.2958 13.5975 20.1847 21.6089 11.8603 11.9179 4.12331 46.2129 126.119 46.2176 28.334 133.69 120.355 42.4809 126.009 37.4405 37.9899 214.16 14.5708 10.2538 31.5518 17.0364 23.4169 40.1225 0.0000109532 42.1369
-66.4098 26.9968 14.5869 20.1847 21.6089 13.7352 11.9179 4.20932 46.2129 126.119 46.2176 28.334 133.69 120.355 26.2479 126.009 51.387 36.1785 243.431 14.5708 6.68673 2.3891 94.0916 28.8431 39.3805 0.00000102921 36.9602
-66.0407 26.9968 14.5869 19.7865 21.6089 13.7352 11.9179 4.20932 46.2129 126.119 41.2208 28.334 133.69 120.355 26.2479 126.009 49.7041 36.1785 243.431 24.3668 7.4425 2.3891 18.0208 8.6829 50.3004 0.000000921243 36.5992
-66.0407 26.9968 31.6825 3.42128 21.6089 13.7352 11.0062 4.20932 46.2129 126.119 41.2208 28.334 133.69 120.355 26.2479 126.009 49.7041 36.1785 243.431 16.3835 7.4425 2.3891 18.0208 8.6829 67.698 0.000000921243 37.3863
-66.0407 26.9968 32.6443 3.42128 21.6089 13.7352 11.0062 4.20932 46.2129 126.119 41.2208 28.334 137.089 120.355 26.2479 119.88 49.7041 36.1785 224.237 16.6578 2.31427 10.703 18.0208 34.6107 41.7651 0.000000862515 40.7677
-67.3713 26.9968 32.6443 3.42128 17.8906 13.8918 16.9579 4.20932 46.9864 92.1709 41.2208 34.3634 167.509 109.205 33.7405 121.926 60.8462 36.1785 224.237 14.2349 5.75752 15.8145 10.4304 59.4113 63.1523 0.000000320603 41.2787
-62.9692 30.8556 35.731 3.42128 11.2839 13.8918 16.9579 4.20932 46.3065 92.1709 41.2208 34.3634 167.509 109.205 33.7405 121.926 60.8462 36.1785 235.466 12.6979 1.71374 17.0989 21.3851 53.9551 67.2372 0.000000253696 41.4523
-64.9266 30.8556 28.425 3.42128 7.48098 16.5421 18.3172 5.30963 52.3969 87.8097 42.5173 28.6828 167.509 115.391 38.3407 123.993 55.8131 36.1785 238.847 12.6019 0.709736 16.9654 36.9714 94.3567 13.6345 0.000000154282 36.3635
-64.9266 32.6703 25.5502 3.42128 5.33277 16.5421 18.3172 5.30963 52.3969 87.8097 42.5173 31.6888 167.509 112.256 51.439 124.153 37.7495 36.1785 238.847 16.1855 1.14 16.9654 19.1823 82.149 13.6345 0.000000161703 36.1289
-65.4591 32.6703 25.3305 3.42128 8.95029 16.5421 18.3172 5.30963 49.856 89.2498 42.6943 47.7448 167.509 113.192 39.6873 126.053 33.458 36.1785 238.847 12.6963 1.14 13.2227 48.4894 79.5532 9.05676 0.0000000776457 35.7431
-64.9641 32.6703 25.3305 3.42128 10.8306 16.5421 18.3172 5.30963 49.856 89.2498 42.6943 44.8246 167.509 115.281 32.9099 128.55 32.4442 36.1785 238.847 15.9764 1.14 18.8876 28.1401 33.0338 19.182 0.0000000776457 33.431
-66.0521 32.6703 25.3305 3.42128 10.5645 16.5421 17.5219 5.30963 48.0016 89.2498 42.6943 44.8246 167.509 116.568 32.9099 129.399 32.4442 36.1785 238.847 15.9764 1.14 13.6408 28.1401 49.5156 19.182 0.0000000167358 31.4898
-64.7592 32.6703 25.3305 3.42128 10.4122 16.5421 17.5219 5.30963 48.0016 89.2498 42.6943 44.8246 167.509 116.568 32.9099 128.954 32.4442 36.1785 238.847 14.4824 1.47273 12.7607 0.218646 32.6318 19.182 0.0000000167358 33.4003
-64.7592 32.6703 25.3305 3.42128 10.4122 16.5421 17.5219 5.30963 48.0016 89.2498 39.9479 44.8246 167.509 116.568 32.9099 132.626 32.4442 36.1785 238.847 20.8501 1.47273 12.7607 8.0771 32.6318 19.182 0.000000013686 32.1577
-64.7592 32.6703 29.644 4.47196 9.59658 16.5421 17.5219 5.30963 48.0016 89.2498 39.9479 44.8246 174.704 104.68 32.9099 137.425 36.1126 36.1785 238.847 8.0115 7.56917 8.455 30.5226 30.5358 47.1966 0.0000000240664 35.0661
-67.6595 32.6703 27.9944 4.47196 5.00286 16.5421 16.2881 5.30963 50.7526 89.2498 39.9479 45.667 173.882 110.914 32.9099 137.425 26.8451 36.1785 238.847 0.965106 14.7086 8.455 32.2384 30.5358 57.1535 0.0000000240664 34.3766
-68.4608 32.6703 27.9944 4.47196 5.10992 16.5421 16.2881 5.30963 50.7526 89.1678 39.9479 45.667 173.882 110.914 32.9099 145.063 24.8211 36.1785 238.847 5.80029 14.7086 7.27518 43.099 28.7456 55.4566 0.0000000091544 33.1435
-68.4608 32.6703 27.9944 4.47196 5.66623 16.5421 16.2881 5.30963 50.7526 89.1678 39.9479 45.667 173.882 110.914 26.6899 145.063 24.8211 36.1785 238.847 5.80029 14.7086 7.27518 59.1533 39.9038 37.6065 0.00000000171266 31.4436
-67.7718 32.6703 26.4926 10.0549 5.72302 16.5421 14.7325 8.98965 50.7526 86.3425 39.927 45.667 170.556 110.914 40.2943 135.462 22.3411 36.1785 238.847 3.10222 14.7086 11.7885 107.336 70.7413 14.5166 0.00000000107817 33.6108
-67.0655 32.6703 2.80469 34.7457 0.969275 18.6458 14.7325 11.6603 43.7897 86.3425 40.1411 45.667 170.556 110.914 40.2943 138.34 23.2344 36.1785 238.847 2.98239 14.7086 14.7483 133.012 126.643 9.91836 0.00000000194975 35.5106
-68.0318 32.6703 2.80469 34.7457 0.969275 18.1723 20.8164 28.5794 25.8328 86.3425 40.1411 45.667 170.556 106.271 45.0597 138.34 23.2344 36.1785 233.412 2.98239 12.6449 14.7483 108.993 96.0039 21.2279 0.00000000242453 33.8469
-68.0318 32.6703 2.80469 34.7457 0.969275 18.1723 19.5479 28.5794 25.8328 86.3425 40.1411 45.667 170.556 106.271 45.0597 138.34 22.8066 36.1785 233.412 7.40069 11.5802 12.6864 108.713 119.861 18.6064 0.00000000242453 35.4618
-63.1367 32.6703 2.80469 34.7457 0.969275 18.1723 19.5479 28.5794 25.8328 86.3425 40.1411 45.667 170.556 106.271 92.9279 90.2964 24.6797 36.1785 233.412 7.40069 10.3573 12.6864 110.063 89.2688 23.7285 0.000000000305655 32.818
-68.044 32.6703 2.69152 34.303 4.54299 15.0021 16.38 28.5794 25.8328 87.2864 30.8368 45.667 170.556 102.496 99.9209 99.4099 24.2296 36.1785 233.412 11.7165 10.5782 13.8628 78.2117 80.7664 19.1128 0.00000000492733 33.4091
-68.0436 32.0371 2.69152 34.303 4.54299 15.0021 16.38 28.5794 25.8328 98.5135 34.7925 48.7707 170.556 100.559 99.9209 81.8065 24.2296 36.1785 225.745 16.1527 4.96468 20.0926 80.1476 44.3448 0.827184 0.00000000233184 34.7647
-66.241 32.0371 2.69152 34.303 4.54299 15.0021 16.38 28.5794 25.8328 98.5135 36.0691 48.7707 170.556 100.559 99.9209 81.8065 24.0194 36.1785 225.745 16.2951 4.96468 20.0926 80.1476 34.5406 3.08129 0.00000000233184 32.3008
-66.6844 32.0371 2.69152 34.303 4.54299 15.0021 16.38 28.5794 25.8328 98.5135 36.0691 48.7707 170.556 100.559 99.9209 86.7306 24.2028 36.1785 225.745 15.5529 4.10118 20.0926 45.224 16.2958 3.08129 0.00000000233184 32.9833
-66.6844 32.0371 2.69152 31.5636 3.61954 15.0021 14.5498 28.5794 25.8328 98.5135 36.0691 48.7707 170.556 106.105 89.4527 90.6279 25.6954 36.1785 225.745 14.0772 4.10118 20.0926 36.5433 17.8422 16.8754 0.000000161476 34.9905
-65.4603 32.0371 2.69152 31.5636 3.61954 15.0021 14.5498 28.5794 25.8328 98.5135 36.0691 48.7707 170.556 106.105 89.9159 90.6279 25.7116 36.1785 225.745 11.7308 4.39857 20.0926 13.1601 30.7055 9.48294 0.000000252108 35.2421
-65.6028 32.0371 2.69152 31.5636 7.5281 10.2832 14.5498 28.5794 25.8328 98.5135 36.0691 48.7707 173.651 106.105 89.9159 90.6279 24.851 36.1785 232.747 11.9269 4.39857 21.6804 40.123 27.1837 9.47165 0.000000320939 35.3882
-65.8751 32.0371 2.69152 31.5636 8.06027 10.2832 14.5498 28.5794 25.8328 98.5135 36.0691 48.7707 173.651 106.105 90.2858 90.6279 24.3783 36.1785 232.747 11.5944 1.94384 20.1158 45.8471 28.4367 9.47165 0.000000435859 35.358
-65.1003 32.0371 2.69152 31.5636 8.22147 10.2832 24.6711 27.0614 22.4818 98.5135 36.0691 48.7707 173.651 96.9182 89.6668 90.6279 24.3783 36.1785 232.747 20.1971 1.94384 18.7913 37.3099 20.0259 9.47165 0.000000356182 36.6676
-65.3879 32.0371 1.47232 31.5636 8.56949 10.2832 21.4902 27.0614 16.9056 98.5135 33.721 48.7707 173.651 93.2377 101.443 90.6279 22.9378 36.1785 232.747 26.0969 2.3337 16.6909 11.8851 18.8957 21.9676 0.000000958386 38.7437
-70.3064 30.6051 1.47232 31.5636 7.51521 10.2832 21.4902 27.0614 15.7492 108.854 33.721 48.7707 173.651 94.4789 101.443 90.6279 22.9378 36.1785 232.747 26.0969 5.20427 2.19607 20.037 18.1686 47.6403 0.00000167063 44.6912
-65.0645 30.6051 1.47232 36.5218 7.43558 10.2832 21.4902 27.0614 12.1258 108.854 33.721 48.7707 173.651 94.4789 101.443 83.1691 20.1803 36.1785 232.747 28.8713 5.50582 0.323396 20.037 22.4062 35.3282 0.00000167063 40.6917
-64.9488 13.4494 18.0066 36.5218 7.4472 10.2832 27.1614 17.8609 18.9096 108.854 33.721 48.7707 161.564 109.33 101.443 83.1691 17.2201 36.1785 232.747 26.2483 5.1555 0.323396 37.3305 86.315 35.3282 0.000000437615 38.7338
-62.3759 13.4494 18.7137 36.5218 7.21864 10.2832 30.0407 17.8609 18.9096 108.854 40.3586 48.7707 161.564 109.33 101.443 83.1691 14.8772 36.1785 232.747 20.2325 5.05283 2.31108 53.0834 86.315 69.5634 0.000000437615 40.504
-66.8946 15.8151 11.7374 36.5218 7.52102 9.0825 30.0407 17.8609 18.9096 108.854 30.422 48.7707 161.564 109.33 101.443 83.1691 28.6537 36.1785 232.747 20.2325 4.47312 2.31108 53.0834 58.7332 60.1424 0.000000232357 38.5206
-66.3537 18.1766 11.7374 36.5218 7.60771 9.0825 30.0407 17.8609 18.9096 108.854 15.1096 48.7707 179.16 108.605 101.443 83.1691 25.7932 36.1785 232.747 20.7266 4.85582 4.121 62.2565 33.2226 60.1424 0.000000184981 35.1292
-66.3537 18.1766 11.7374 37.2799 7.66638 9.0825 30.0407 17.8609 18.9096 108.854 15.1096 48.7707 179.16 109.79 101.443 83.1691 25.7932 36.1785 232.747 21.9747 4.54252 4.57745 59.2177 24.0858 43.0511 0.000000184981 33.7081
-63.8892 18.1766 11.7374 37.2799 7.78378 12.0698 30.0407 17.8609 18.9096 108.854 15.1096 45.8276 179.16 109.79 99.3225 83.1691 22.0706 36.1785 232.747 21.705 4.59536 5.1852 92.4916 3.44344 92.1752 0.0000000383938 37.6155
-67.1093 18.1766 11.7374 37.2799 7.89674 12.0698 30.0407 17.8609 19.5364 108.854 15.1096 45.8276 179.16 120.449 99.3225 75.2545 22.0706 36.1785 232.747 17.8321 4.60399 5.4499 85.4974 3.44344 141.335 0.0000000418887 38.806
-64.3328 18.1766 11.7374 37.2799 6.60421 12.0698 29.3828 17.8609 21.0417 108.854 15.1096 45.8276 179.16 120.449 97.8903 75.2545 26.432 36.1785 232.747 17.3802 4.60131 3.98799 51.6344 7.9154 141.335 0.000000217179 39.8495
-68.1581 18.1766 11.7374 35.0063 7.45251 12.0698 28.294 17.8609 19.5146 108.854 15.1096 45.8276 179.16 108.311 81.549 94.5641 26.432 36.1785 232.747 15.6247 4.51471 2.95395 51.6344 5.76836 100.787 0.0000000196924 38.6398
-70.186 18.1766 11.7374 37.2467 7.45251 12.0698 25.3013 19.0101 19.6085 108.854 15.1096 45.8276 179.16 108.311 81.2589 98.8239 33.8467 36.1785 232.747 11.9603 3.78682 3.17086 44.3254 35.2059 33.1632 0.0000000141516 34.5558
-70.186 16.3492 11.7374 37.2467 7.45251 12.0698 25.3013 19.0101 18.4443 108.854 15.1096 45.8276 179.16 109.183 81.2589 102.52 27.3975 36.1785 232.747 7.24846 7.7292 3.17086 14.2554 35.2059 10.9934 0.00000000330831 37.0279
-70.186 14.4051 11.7374 37.2467 9.55943 12.0698 33.9568 19.0101 18.4443 105.764 15.1096 45.8276 179.16 104.643 81.2589 103.668 27.3975 36.1785 232.747 7.24846 9.56898 3.17086 34.4111 74.4952 25.7579 0.00000000330831 36.2393
-70.186 14.4051 11.7374 40.1417 9.62307 12.0698 33.9568 19.0101 14.8115 105.764 15.1096 44.2325 179.16 109.802 81.2589 104.825 27.9352 36.1785 232.747 6.00579 9.56898 2.80731 17.3304 51.3633 2.98095 0.00000000330831 35.3107
-69.0877 11.3752 11.7374 39.7287 11.6971 12.0698 33.9568 19.0101 14.8115 98.3161 25.3905 37.1107 179.16 127.403 62.2672 110.213 27.9352 36.1785 232.747 1.86241 20.9042 2.31636 16.3473 51.3633 36.3379 0.000000000842721 33.699
-68.1093 8.28135 11.7374 39.7287 11.6971 12.0698 33.9568 19.0101 14.8115 98.3161 25.3905 37.1107 179.16 127.403 65.5379 110.213 27.9352 36.1785 232.747 7.36065 20.9042 4.50224 34.3607 51.3633 36.3379 0.000000000842721 31.9133
-68.1187 11.4704 14.0729 39.7287 11.6971 12.0698 33.9568 19.0101 14.8115 98.3161 25.3905 37.1107 179.16 104.676 65.5379 110.213 27.9352 54.0642 232.747 7.82511 14.6175 4.50224 34.3607 51.3633 46.9903 0.000000000842721 31.3146
-67.8958 10.0211 14.0729 39.7287 11.6971 12.0698 27.5992 19.0101 14.8115 107.444 25.3905 37.1107 179.16 104.676 68.0976 109.658 37.9301 54.0642 224.576 7.82511 10.9984 7.07093 34.3607 40.4233 47.2119 0.000000000842721 29.1138
-65.887 10.0211 14.0729 39.7287 11.6971 12.0698 27.5992 19.0101 14.8115 107.444 25.3905 37.1107 179.16 103.269 68.0976 109.658 37.0271 54.0642 224.576 7.82511 5.86687 7.07093 71.5923 40.4233 57.4036 0.000000000842721 28.6851
-65.1469 10.0211 14.0729 39.7287 11.6971 12.0698 27.5992 19.0101 14.2993 107.444 25.3905 37.1107 179.16 107.414 70.776 109.658 37.0271 54.0642 224.576 7.82511 5.86687 7.07093 77.8199 86.2222 57.4036 0.000000000842721 29.3675
-67.5862 10.0211 14.0729 39.7287 2.8042 12.0698 25.9 19.0101 16.6948 126.538 25.3905 37.1107 179.16 107.414 70.776 85.6773 37.0271 54.0642 224.576 7.82511 15.9759 12.1806 73.1176 86.2222 9.75436 0.000000000842721 33.3941
-67.3701 10.0211 14.0729 39.7287 2.8042 12.0698 25.9 19.0101 16.6948 126.538 25.3905 37.1107 179.16 107.414 70.776 85.6773 37.0271 54.0642 224.576 7.82511 16.405 12.1806 73.1176 86.2222 9.75436 0.000000000842721 33.22
-66.9962 13.2275 14.0729 30.8768 6.26418 12.0698 23.4246 19.0101 22.325 126.538 25.3905 37.1107 179.16 107.414 70.776 85.6773 37.0271 54.0642 224.576 7.82511 16.405 10.7293 73.8258 51.9347 15.3933 0.000000000842721 33.7442
-65.0323 16.8651 23.8137 30.8768 3.78185 12.0698 23.3602 19.0101 3.45132 126.538 25.3905 37.1107 179.16 102.657 70.776 86.6407 48.5694 54.0642 224.576 10.4256 16.405 10.7293 46.6755 14.004 57.1222 0.000000000842721 30.3132
-66.4422 13.2092 26.838 31.9234 3.78185 12.0698 23.3602 19.0101 3.45132 126.538 25.3905 37.1107 179.16 102.657 70.776 86.6407 48.5694 54.0642 224.576 11.9906 16.405 10.7293 73.3469 14.004 35.1787 0.000000000842721 31.5358
-64.6286 13.2092 26.838 31.9234 3.78185 12.0698 30.0234 21.1094 2.36274 126.538 25.3905 37.1107 179.16 106.56 70.776 86.6407 46.4459 54.0642 219.337 11.4821 13.4968 8.16428 40.8459 35.4826 32.8595 0.000000000842721 31.0496
-64.8216 13.2092 26.838 31.9234 3.85751 12.0698 26.5225 21.1094 2.36274 126.538 25.3905 37.1107 179.16 106.56 70.776 86.6407 53.8857 54.0642 206.728 11.6145 13.6219 13.1085 76.9634 7.64661 19.4312 0.000000000842721 32.9675
-64.8216 15.4195 26.838 31.9234 5.23599 11.1733 21.972 21.1094 2.36274 126.538 25.3905 43.0084 179.16 100.301 70.776 86.6407 56.8438 54.0642 206.728 11.6145 9.26239 13.1085 61.737 7.64661 19.4312 0.000000000842721 34.2736
-65.968 15.4195 22.9556 31.9234 5.23599 11.1733 20.9523 21.1094 2.36274 126.538 25.3905 43.0084 179.16 100.301 70.776 86.6407 62.0598 54.0642 206.728 14.3914 7.8413 13.1085 64.4205 7.64661 19.4312 0.000000000842721 33.7692
-64.1511 14.8117 22.2005 31.9234 7.49843 11.1733 20.9523 21.1094 13.8591 126.538 25.3905 43.0084 179.16 91.8186 70.776 68.0316 56.6491 54.0642 237.039 13.1957 7.16239 7.74751 64.6311 82.1074 119.7 0.000000000842721 33.2408
-64.1511 13.8732 22.2005 31.9234 7.49843 11.1733 20.4844 21.1094 13.8591 121.52 25.3905 43.0084 179.16 93.0501 78.143 68.0316 56.2214 48.2737 237.039 21.546 6.0838 5.66688 64.2769 38.0711 30.8162 0.000000000842721 31.4925
-65.1954 13.8732 22.2005 31.9234 3.37217 11.1733 20.4844 21.1094 13.8591 121.52 25.3905 43.0084 179.16 93.0501 84.883 83.6399 53.8552 28.136 237.039 21.546 6.0838 5.66688 64.0169 38.0711 14.0874 0.000000000842721 31.6983
-67.6042 14.1694 20.5895 31.9234 4.12009 11.1733 22.5362 31.164 7.77682 121.52 25.3905 41.5907 180.156 93.0501 76.1397 83.6399 55.685 28.136 237.039 19.4685 6.65254 11.2679 65.0147 37.1628 29.7107 0.000000000842721 33.8574
-67.4363 14.1694 19.2513 31.9234 4.20948 15.2676 21.1962 32.9924 1.99729 121.52 23.8046 14.9559 196.985 105.086 76.1397 101.182 44.1793 28.136 237.039 19.9538 4.72483 3.78573 66.037 37.1628 24.4397 0.000000000842721 33.4029
-66.1736 16.5426 19.2513 35.5236 4.76585 15.2676 15.8928 32.9924 1.99729 121.52 23.8046 14.9559 194.989 105.086 76.1397 101.182 44.1793 28.136 237.039 19.9538 11.117 3.1737 83.7125 106.176 22.3207 0.000000000842721 35.6963
-66.1681 19.2114 19.2513 20.4759 8.77444 18.2344 15.3755 18.504 1.99729 159.256 23.8046 45.0546 164.879 102.501 76.1397 101.182 40.2135 87.1458 163.328 21.6782 11.5193 4.7334 76.8782 108.325 26.5007 0.000000000842721 35.4673
-68.7021 18.1447 19.2513 20.4759 8.77444 18.2344 14.6609 18.504 1.99729 159.256 23.8046 71.542 121.968 102.501 76.1397 101.182 40.2135 87.1458 163.328 20.4743 11.5193 5.65402 78.8774 146.275 26.5007 0.000000000842721 37.9018
-68.7021 18.1447 24.6561 20.4759 8.19316 18.2344 10.043 18.504 1.99729 159.256 23.8046 71.542 121.968 102.501 76.1397 101.182 40.2135 87.1458 190.29 20.4743 10.9642 0.759532 104.496 111.758 22.1422 0.000000000842721 35.8904
-66.2682 14.2193 21.7645 23.687 8.59539 18.2344 3.60289 18.504 7.00448 159.256 23.8046 147.978 134.58 28.7779 96.8939 62.744 40.2135 87.1458 189.734 20.4743 10.7066 2.19211 104.496 111.237 45.0343 0.000000000842721 33.7252
-67.2939 14.2193 21.7645 24.8756 9.988 18.2344 3.60289 18.504 7.00448 159.071 23.8046 145.863 134.58 28.7779 96.8939 62.744 40.2135 87.1458 189.734 22.5417 10.6993 4.70931 91.7571 124.874 50.3192 0.000000000842721 33.7138
-68.186 10.3322 21.7645 24.8756 10.4327 18.2344 13.7197 10.9321 7.00448 159.071 2.88145 134.48 134.58 41.5179 121.391 62.744 34.041 87.1458 189.734 26.4362 9.14514 5.2978 49.8821 273.216 30.438 0.000000000842721 39.7162
-64.2136 10.3322 8.97928 24.8756 10.4327 31.8379 15.4481 16.1595 7.00448 159.071 2.88145 136.448 134.58 41.5179 121.391 62.744 32.1492 87.1458 189.734 2.04654 5.86359 8.89048 49.8821 238.871 30.438 0.000000000842721 38.3757
-67.6146 10.6903 8.97928 24.8756 12.1398 31.8379 15.4481 16.1595 7.00448 159.071 2.88145 136.448 135.763 41.5179 121.391 62.744 32.1492 87.1458 189.734 16.1113 5.49172 8.89048 47.2729 223.014 30.438 0.000000000842721 39.0585
-66.5452 10.1024 8.97928 24.8756 16.4221 31.8379 15.4481 16.1595 7.00448 159.071 2.88145 136.448 135.763 41.5179 111.191 57.804 33.3982 87.1458 189.734 20.6247 5.51056 16.3841 47.2729 244.307 40.7825 0.000000000842721 38.7632
-65.5473 8.0707 8.97928 24.8756 14.3834 31.628 15.5566 16.1595 5.23656 159.071 10.5234 136.448 135.763 46.4816 106.915 57.804 33.3982 87.1458 189.734 20.6247 5.49259 4.99677 41.6113 244.307 111.333 0.000000000842721 37.8904
-65.7516 8.0707 8.97928 24.8756 14.3834 31.628 15.5566 16.1595 5.23656 159.071 21.9257 123.478 135.763 46.4816 106.915 57.804 33.3982 87.1458 189.734 20.2197 7.07385 1.40551 41.6113 244.307 146.884 0.000000000842721 37.2351
-64.6811 6.65108 8.97928 24.8756 14.3834 26.9906 15.5566 16.1595 6.41536 159.071 21.9257 123.478 135.763 46.4816 106.915 57.804 39.7709 87.1458 189.734 20.2197 7.07385 1.40551 67.9331 137.017 112.541 0.000000000842721 37.7813
-64.6811 6.65108 9.65755 24.8756 15.2257 25.7849 15.5566 16.1595 6.41536 159.071 21.9257 126.698 135.763 46.4816 106.915 57.804 39.7709 87.1458 189.734 20.2197 8.63647 1.70324 67.9331 137.017 140.232 0.000000000842721 38.8208
-64.6811 10.465 9.65755 28.5713 15.2257 27.0787 15.5566 16.1595 6.41536 159.071 21.9257 119.848 135.763 46.4816 106.915 57.804 39.7709 87.1458 189.734 18.848 8.63647 1.70324 25.0441 137.017 140.232 0.000000000842721 36.9644
-63.3264 10.465 9.65755 28.5713 15.2257 20.9203 15.1791 28.4159 6.73496 159.071 34.1569 120.045 111.16 51.4262 106.915 57.804 39.7709 87.1458 189.734 14.8663 2.90947 9.42472 24.8033 106.319 95.8134 0.000000000842721 34.6527
-65.0516 10.465 9.65755 26.9631 21.2325 20.9203 15.1791 24.6762 6.73496 159.071 34.1569 120.138 111.16 51.4262 106.915 57.804 42.3742 87.1458 189.734 20.4752 2.90947 9.42472 27.4453 106.319 73.2002 0.000000000842721 34.2458
-65.5409 12.7543 8.88143 25.2476 21.2325 20.9203 15.4335 24.6762 8.51709 159.071 34.1569 120.752 111.16 51.4262 106.915 57.804 36.1111 87.1458 189.734 22.5651 1.20461 4.5477 22.2267 86.8193 78.591 0.000000000842721 31.7479
-66.2062 7.82393 10.4635 24.9785 21.2325 21.4086 15.4335 32.261 7.18237 159.071 34.1569 131.028 111.16 37.2924 106.915 53.7226 36.1111 87.1458 205.563 7.85851 1.20461 3.99713 22.4839 82.0638 87.3085 0.000000000842721 31.8009
-65.8037 10.9176 10.4635 24.3107 21.2325 21.4086 11.2392 32.261 7.18237 159.071 34.1569 131.028 111.16 37.2924 106.915 53.7226 36.1111 87.1458 205.563 7.85851 1.20461 7.56508 20.4748 132.888 87.3085 0.000000000842721 31.4477
-65.8037 10.9176 10.4635 24.3107 21.2325 21.4086 11.2392 32.261 7.18237 159.071 34.1569 108.011 111.16 37.2924 129.337 53.7226 36.1111 87.1458 205.563 7.85851 3.46021 7.56508 8.79241 132.888 87.3085 0.000000000842721 32.248
-65.4458 10.9176 10.4635 24.3107 21.3141 21.4086 11.2392 32.261 7.18237 159.071 34.1569 107.946 111.16 43.0052 123.708 53.7226 36.1111 87.1458 205.563 7.85851 3.46021 2.21415 8.79241 132.888 47.9287 0.000000000842721 31.1922
-64.5537 10.9176 10.4635 24.3107 21.3141 21.4086 11.2392 32.261 7.07387 159.071 34.1569 107.946 111.16 43.0052 123.708 55.2752 36.1111 87.1458 205.563 7.85851 3.46021 1.3276 8.79241 132.888 59.8842 0.000000000842721 31.5537
-64.5537 10.9176 10.4635 24.3107 21.3141 21.4086 11.2392 32.261 7.07387 159.071 34.1569 107.946 111.16 43.0052 123.708 55.2752 36.1111 87.1458 205.563 1.78956 3.46021 1.31162 17.2267 71.6746 54.9404 0.000000000842721 30.6956
-64.8318 17.4055 8.58892 19.7393 30.2593 17.2343 5.50415 35.7207 4.41851 159.071 34.1569 101.898 111.16 45.5058 125.581 55.2752 36.1111 87.1458 205.563 11.1531 1.54872 1.13281 31.2155 71.9585 54.9404 0.000000000842721 34.477
-66.0451 17.6354 12.1279 21.2446 30.2593 17.2343 5.50415 35.7207 4.41851 159.071 34.1569 101.898 111.16 45.5058 125.581 55.2752 36.1111 87.1458 205.563 11.1531 7.33969 1.13281 22.9999 34.4061 54.9404 0.000000000842721 36.8134
-66.8768 18.4755 12.1279 21.2446 30.2593 17.2343 0.833895 35.7207 4.41851 159.071 34.1569 101.898 111.16 45.5058 125.581 55.2752 36.1111 87.1458 205.563 11.1531 7.33969 0.767004 42.3305 5.40272 54.9404 0.000000000842721 33.2842
-66.8768 18.4755 12.1279 21.2446 30.2593 17.2343 0.833895 35.7207 4.41851 159.071 33.7516 101.898 111.16 45.5058 125.581 56.9562 36.1111 87.1458 205.563 8.90517 7.33969 4.30536 41.4074 5.40272 54.9404 0.000000000842721 32.7524
-67.6058 17.7508 6.3854 14.0579 43.1467 17.2343 0.560781 35.7207 1.96944 159.071 50.0544 91.2816 111.16 45.5058 125.581 56.9562 32.2309 87.1458 205.563 9.06312 5.82577 6.55339 41.4074 5.40272 54.9404 0.000000000842721 34.4737
-67.6058 17.7508 6.3854 14.968 43.1467 17.2343 0.560781 35.7207 1.96944 159.071 50.0544 91.1386 111.16 40.1133 125.581 63.4196 26.6514 87.1458 205.563 9.84072 11.6783 5.32144 115.747 54.0487 70.9843 0.000000000842721 36.9425
-63.9679 17.7508 6.3854 14.968 43.1467 17.2343 0.560781 35.7207 3.37762 159.071 50.0544 91.1386 111.16 40.1133 124.193 63.4196 26.6398 87.1458 205.563 9.84072 8.51419 6.0826 39.4974 61.2007 33.9287 0.000000000842721 34.1578
-63.9679 15.4585 10.1957 13.5315 43.1467 17.2343 0.560781 35.7207 3.30768 159.071 49.9563 91.1386 111.664 40.1133 124.193 62.8224 26.6398 87.1458 205.563 9.84072 8.51419 6.46279 61.078 61.2007 33.9287 0.000000000842721 34.7445
-67.8168 15.4744 10.1957 13.5315 43.1467 17.2343 0.560781 35.7207 2.35031 159.071 49.9563 91.1386 111.664 40.1133 124.193 62.8224 26.6398 87.1458 205.563 13.1467 8.75618 4.88981 43.6331 61.2007 33.9287 0.000000000842721 35.1823
-67.8168 15.4744 10.1957 13.5315 43.1467 17.2343 0.560781 35.7207 2.35031 159.071 49.9563 91.1386 111.664 40.1133 124.193 62.8224 26.6398 87.1458 205.563 13.1467 8.32795 7.21747 41.6457 61.2007 21.0513 0.000000000842721 35.1225
-67.8168 15.4744 10.1957 13.5315 43.1467 17.2343 0.560781 35.7207 2.35031 159.071 49.9563 91.1386 111.664 40.1133 124.193 62.8224 26.6398 87.1458 205.563 8.67729 8.32795 4.99457 40.7613 31.2858 45.6819 0.000000000842721 34.6354
-70.2846 15.4744 10.1957 14.7191 43.1467 17.2343 0.560781 35.7207 2.35031 159.071 49.9563 103.487 111.664 40.1133 124.193 62.8224 26.6398 83.1573 196.949 8.67729 6.59169 4.99457 86.3602 31.2858 69.0111 0.000000000842721 37.2296
-70.2846 15.4744 10.1957 12.534 43.1467 17.2343 0.560781 35.7207 2.35031 159.071 49.9563 106.383 111.664 40.1133 124.193 62.8224 26.6398 83.1573 196.949 8.67729 7.03839 4.99457 75.5484 12.5907 6.33088 0.000000019898 39.4405
-70.2846 15.4744 10.1957 14.5998 43.1467 17.2343 0.560781 35.7207 2.35031 159.071 49.9563 100.071 111.664 40.1133 124.193 62.8224 26.6398 83.1573 196.949 8.67729 7.37119 5.14421 75.633 6.81889 55.4383 0.000000019898 40.4209
-62.4727 24.1852 8.70529 1.17075 43.1467 7.77393 4.03555 35.7207 10.0945 159.071 49.1451 114.459 111.664 40.1133 123.614 44.9587 26.6398 86.1951 196.949 1.67238 3.48555 7.22947 25.6323 53.4147 16.034 0.000000019898 38.9402
-62.4727 23.4617 8.70529 1.17075 43.1467 7.77393 4.03555 35.7207 10.0945 159.071 47.3355 119.275 111.664 40.1133 123.614 44.9587 37.8052 86.1951 196.949 3.05789 3.14704 10.8877 8.10031 81.305 71.78 0.000000019898 39.7507
-62.4727 24.2286 8.70529 3.32042 43.1467 8.11496 4.03555 35.7207 10.0945 137.23 47.3355 119.275 111.664 40.1133 121.714 65.4533 36.8484 86.1951 196.949 3.05789 5.08712 18.1092 4.5844 119.694 63.7977 0.00000121077 43.7276
-63.3201 22.3658 8.70529 3.32042 43.1467 10.2799 4.03555 37.4843 5.063 137.23 47.3355 119.275 111.664 40.1133 121.714 65.4533 36.8484 86.1951 196.949 3.05789 5.08712 19.7222 9.35233 110.616 75.8918 0.00000121077 40.6969
-63.5032 22.3658 8.70529 2.9109 43.1467 10.2799 2.98622 37.4843 5.063 137.23 47.3355 126.238 111.664 40.1133 121.714 65.4533 36.8484 86.1951 196.949 3.05789 1.71551 19.7222 10.9796 110.616 75.8918 0.00000103803 41.0815
-62.1751 22.3658 8.70529 2.91436 37.4954 10.2799 2.98622 36.4703 5.063 137.23 34.2733 126.238 99.194 70.2745 121.714 65.4533 36.8484 86.1951 196.949 6.19257 1.71551 14.5073 21.9581 38.1982 76.4521 0.0000008529 41.4508
-63.3521 21.0083 8.70529 3.16798 43.9475 10.2799 6.71693 36.4703 0.753477 137.23 27.4326 132.928 99.194 70.2745 140.823 33.3044 36.8484 86.1951 196.949 5.09794 3.02727 28.4429 13.4759 11.7164 79.0574 0.00000105739 39.3357
-68.6767 16.1075 16.3405 4.85 39.8776 10.2799 5.7805 41.3027 19.408 111.315 4.34251 143.838 117.935 70.2745 146.306 33.3044 36.8484 215.157 43.1006 15.7422 3.02727 8.63667 8.4234 11.7164 92.9795 0.000000165018 38.398
-66.5119 18.484 16.3405 3.30446 39.0094 10.2799 6.5732 38.377 19.408 107.181 18.5308 135.718 117.935 70.2745 146.306 26.7463 37.6249 215.157 43.1006 18.2097 5.32606 10.4385 105.049 71.4301 159.939 0.0000000580549 37.5431
-66.5119 17.3741 16.3405 8.89951 34.695 10.2799 6.60547 38.377 19.408 81.9732 18.5308 167.474 117.935 70.2745 146.306 26.7463 37.6249 215.157 37.7617 18.5837 23.9147 10.4385 105.049 250.364 103.899 0.0000000580549 43.0038
-66.5119 17.3741 13.9716 8.45561 34.695 10.2799 8.53913 38.377 19.408 81.9732 18.5308 167.474 120.253 70.2745 139.219 32.8661 37.6249 215.157 37.7617 22.4716 23.9147 7.88422 239.485 120.557 103.899 0.000000145252 46.1336
-66.7171 17.3741 13.7564 10.6543 34.695 10.2799 8.43278 38.377 19.408 81.9732 18.5308 167.474 120.253 70.2745 139.219 28.8312 37.6249 215.157 37.7617 12.4041 35.6803 7.88422 113.865 23.3893 123.029 0.0000000903952 41.5181
-66.3024 17.3741 13.7564 11.2594 34.695 10.2799 5.85592 38.377 20.4696 81.9732 18.5308 167.474 120.253 70.2745 139.219 32.683 37.6249 215.157 37.7617 9.03482 35.6803 7.88422 97.6757 3.31025 123.029 0.0000000903952 40.3377
-64.687 17.3741 13.7564 8.61933 34.695 10.2799 4.47983 44.4636 20.4696 78.4678 18.5308 167.474 120.253 70.2745 140.83 32.2166 37.6249 210.437 37.8219 13.6863 35.6803 3.7868 81.3098 3.31025 86.3337 0.0000000186684 38.8322
-64.2633 17.8383 13.7564 12.8477 34.695 19.8829 11.6665 39.0736 20.4696 78.4678 17.0344 167.474 120.253 53.1222 140.83 31.5462 27.5263 221.589 37.8219 2.55142 35.6803 22.9238 81.6562 3.31025 70.9472 0.000000766092 42.7331
-66.3175 17.9025 15.5544 17.2956 29.1629 19.8829 12.4233 39.0736 20.4696 78.4678 17.0344 167.474 120.253 53.1222 145.991 28.324 27.5263 221.589 37.8219 1.284 35.6803 16.7814 78.9057 3.31025 70.3903 0.000000347726 35.7427
-66.2736 21.3071 5.2502 9.26344 27.7521 19.8829 23.0364 39.0736 20.9558 78.4678 17.0344 167.474 120.253 53.1222 148.693 30.7301 27.5263 221.589 37.8219 5.01119 35.6803 8.33998 78.8985 3.31025 64.7184 0.0000002716 36.368
-66.2948 21.3071 5.2502 13.8278 25.2523 19.6234 10.3117 33.5835 34.7476 86.0679 17.0344 194.504 96.0717 53.1222 148.693 32.221 27.5263 214.485 37.4346 6.60416 35.6803 6.21829 99.6559 19.0274 59.2495 0.000000276576 35.5857
-66.2853 21.3071 4.5449 13.8278 25.2523 22.789 7.47121 32.1387 34.5711 86.0679 17.0344 194.504 96.0717 53.1222 148.693 32.221 27.5263 213.293 36.3422 7.14022 35.6803 9.06825 152.627 24.7439 48.0221 0.000000276576 37.959
-66.6667 25.0317 4.5449 13.8278 25.7524 19.4458 7.99792 24.6052 34.5711 86.0679 17.0344 194.504 96.0717 53.1222 148.693 32.221 27.5263 216.956 39.9649 5.06566 35.6803 9.06825 29.2341 44.1464 47.7429 0.000000196928 36.7242
-65.8135 27.5163 4.5449 14.0703 25.3051 18.2572 15.4269 27.4994 34.5711 75.3301 17.0344 194.504 96.0717 49.0375 160.187 32.221 26.0011 216.956 41.9346 3.03416 34.4288 9.5309 29.2341 14.4214 47.3365 0.000000268258 33.1873
-64.4849 27.9363 2.27928 13.271 25.3051 20.9026 15.4269 28.2043 34.8669 74.3347 17.0344 194.504 96.0717 49.0375 160.187 27.8923 26.0011 216.956 41.9346 7.04528 31.921 8.21858 12.5638 7.40781 47.1883 0.000000229281 33.7726
-66.3075 27.9363 2.27928 13.271 25.3051 20.9026 15.4269 28.2043 34.8669 74.3347 17.0344 194.504 96.0717 49.0375 160.187 27.8923 26.0011 216.956 41.9346 7.04528 31.921 12.9226 12.5638 8.3822 47.1883 0.00000111589 34.4239
-65.7956 27.9363 2.27928 13.271 25.3051 20.9026 15.4269 28.2043 34.8669 74.3347 17.0344 194.504 96.0717 49.0375 160.187 27.8923 26.0011 216.956 41.9346 6.25372 31.921 12.9226 12.5638 8.3822 48.1815 0.00000111589 34.3446
-65.7956 30.6907 2.27928 9.2582 25.3051 19.3062 23.4021 24.9973 34.8669 70.0576 17.0344 194.504 96.0717 49.0375 160.187 24.2431 26.0011 216.956 46.7823 9.91136 29.2618 11.3359 11.9555 11.7463 48.8081 0.00000111589 36.2207
-65.7956 30.6907 5.13794 9.2582 25.3051 19.3062 23.4021 24.9973 34.8669 76.3678 17.0344 194.504 96.0717 49.0375 160.187 24.2431 26.0011 216.956 45.0278 9.91136 29.2618 9.48955 15.678 11.7463 46.1945 0.000000635842 34.5397
-65.7956 29.6594 5.13794 10.9623 23.6909 19.3062 23.4021 24.9973 34.8669 76.3678 17.0344 194.504 96.0717 49.0375 160.187 24.2431 26.0011 216.956 45.0278 0.447471 29.2618 10.5024 15.678 5.78838 52.0869 0.00000129306 35.5239
-65.955 33.8926 5.13794 10.7851 23.6909 19.3062 23.2129 24.9973 25.0053 76.3678 17.0344 194.504 96.0717 49.0375 168.168 24.2431 26.0011 193.061 69.8673 0.447471 31.7056 7.43101 28.2862 17.0735 51.7116 0.00000124954 38.3086
-67.2704 32.9579 5.13794 10.6774 19.7717 19.3062 23.2129 24.9973 31.7433 76.3678 17.0344 194.504 96.0717 49.0375 168.168 28.8274 26.0011 193.061 69.8673 2.00601 24.2197 7.43101 94.1537 17.6425 81.0291 0.00000145926 37.3744
-64.86 28.629 5.81276 12.7582 25.746 19.3062 23.2129 24.9973 31.7433 76.3678 17.0344 194.504 96.0717 49.0375 168.168 28.8274 19.1317 190.548 69.8673 2.38357 29.7595 9.62878 55.1918 14.3165 81.908 0.00000129992 38.3794
-65.5718 28.629 5.81276 16.7711 24.4806 14.3843 23.2129 24.9973 34.4254 76.3678 17.0344 194.504 96.0717 49.0375 168.168 26.4746 19.1317 190.548 69.8673 2.75658 29.8583 6.06935 76.1204 17.4869 81.908 0.00000220666 38.5177
-66.42 28.2985 5.81276 16.7711 20.9726 14.3843 20.7616 26.927 34.4254 70.5756 17.0344 194.504 102.239 37.8308 168.168 29.7691 19.1317 190.548 78.4281 11.9996 23.557 5.34331 84.7841 47.7662 3.19261 0.00000220666 38.3297
-66.4618 28.5366 8.38272 16.7711 18.3223 14.3843 24.3494 26.927 34.4254 70.5756 17.0344 194.504 102.239 37.8308 168.168 27.4829 19.1317 194.027 78.4281 11.841 17.429 5.34331 92.5514 47.7662 21.1885 0.0000047525 37.045
-66.4852 28.5366 12.9029 16.124 15.7235 14.3843 20.4232 26.927 40.4612 70.5756 17.0344 194.504 102.239 37.8308 168.168 24.4564 19.1317 194.027 78.4281 11.7274 18.0757 2.93484 125.832 29.8865 31.6465 0.00000409916 37.0841
-66.4852 28.5366 12.9029 16.124 15.6176 14.3843 20.4232 26.927 42.4297 70.5756 17.0344 194.496 102.239 37.8308 168.168 24.4564 21.0451 194.027 78.4281 11.7274 18.0757 2.93484 125.832 22.5755 8.52311 0.00000409916 37.4652
-66.6957 27.0971 13.0988 16.124 15.6176 14.3843 17.2589 26.927 43.5256 70.5756 17.0344 194.496 102.239 37.8308 168.168 24.4564 24.0516 194.6 78.4281 13.1869 22.6599 2.93484 91.4015 22.5755 8.52311 0.00000253327 36.3447
-66.6957 27.0971 13.0988 16.124 12.4811 14.3843 14.8732 26.927 43.5256 70.5756 17.0344 194.496 102.239 37.8308 168.168 24.4564 24.0516 194.6 78.2762 12.261 22.6599 2.93484 118.308 22.5755 8.52311 0.00000614515 40.4393
-66.7148 24.9429 17.7622 16.124 12.4811 14.3843 14.3356 26.927 43.5256 70.5756 17.0344 194.496 102.239 37.8308 168.168 24.4564 24.0516 196.303 78.2762 11.819 13.721 8.75957 118.308 22.5755 43.6789 0.0000117062 38.474
-66.7148 23.5511 20.7767 16.124 12.5987 14.3843 12.4785 26.2109 43.5256 70.0675 17.0344 194.496 102.239 37.8308 168.168 24.4564 26.3351 196.303 76.3042 19.1595 14.0964 6.87643 100.244 22.5755 65.674 0.0000489099 41.027
-66.7148 27.8781 19.4233 15.7522 9.76316 16.826 12.4247 12.2836 63.3542 70.0675 17.0344 186.572 102.239 37.8308 168.168 24.4564 26.3351 196.303 64.6477 11.0781 11.7688 6.00812 100.244 22.5755 62.4828 0.0000489099 42.3074
-66.3242 41.5304 18.3489 17.7803 10.0146 0.775548 12.2478 12.2836 62.2305 70.0675 17.0344 186.572 102.239 37.8308 170.11 24.4564 26.3351 196.303 75.291 8.25254 4.08914 8.53831 83.8955 53.2053 70.7517 0.0000349268 44.5209
-66.4185 41.5304 17.9781 13.1294 10.4128 0.775548 15.6696 12.2836 62.2305 70.0675 17.0344 193.732 102.239 37.8308 170.11 24.4564 25.566 196.303 80.2175 3.65238 2.29998 1.91609 36.5075 53.2053 26.2805 0.0000287035 41.0811
-66.7687 41.5304 18.7011 13.1294 9.8384 0.775548 16.2079 12.2836 62.2305 70.0675 17.0344 196.022 105.563 37.8308 159.605 24.4564 25.566 196.303 80.2175 3.7769 5.94108 2.13663 36.5075 28.1782 26.2805 0.0000130812 38.4632
-66.0717 41.5304 16.7771 14.2711 9.8384 0.775548 13.709 12.2836 62.2305 70.0675 17.0344 196.022 105.563 37.8308 159.605 24.4564 25.566 196.303 83.2732 21.4279 5.60445 10.8379 91.7937 17.4853 26.2805 0.0000263713 41.2995
-67.0603 41.5304 16.7771 14.2711 8.38767 0.775548 13.7571 12.2836 63.7813 70.0675 17.0344 196.022 105.563 37.8308 159.605 24.4564 25.566 187.409 83.2732 21.4279 13.7141 12.2142 115.908 39.8585 39.365 0.0000263713 44.0652
-65.5427 43.6449 16.7771 20.7675 8.38767 0.775548 11.9888 12.2836 50.7062 70.0675 14.1135 196.022 118.938 37.8308 159.605 28.0087 18.3707 187.409 84.0107 18.0044 11.9294 9.59896 104.887 69.5327 36.0701 0.0000212004 46.5395
-66.7053 43.6449 9.56979 20.7675 8.38767 0.775548 11.9888 12.2836 50.7062 91.4569 14.1135 196.022 118.938 37.8308 161.463 28.0087 18.3707 187.409 60.2639 18.0044 17.7101 19.7456 87.7073 69.5327 36.0701 0.0000316768 45.2875
-66.7053 43.6449 9.56979 20.7675 8.38767 0.775548 11.9888 12.2836 50.7062 91.4569 14.1135 196.022 118.938 37.8308 161.463 28.0087 18.3707 187.409 60.2639 18.0044 13.6567 19.7456 55.5536 69.5327 36.0701 0.0000260798 43.9307
-65.6106 25.6004 14.6087 30.4626 9.86592 0.775548 11.9218 12.2836 50.7062 91.4569 14.1135 196.022 118.938 37.8308 161.463 28.0087 18.3707 187.973 64.51 20.8092 8.86375 19.7456 55.5536 2.0169 35.75 0.0000506677 44.4755
-66.6905 24.1014 16.468 30.4626 9.92066 0.775548 11.9218 12.2836 53.711 91.4569 14.1135 196.022 118.938 37.8308 161.463 24.7216 18.3707 187.973 64.51 21.8282 15.801 7.9551 58.6998 7.27435 43.8517 0.0000758196 45.2261
-66.6905 24.1014 16.468 30.4626 8.97516 0.775548 10.1234 12.2836 53.711 91.4569 14.1135 196.022 118.938 37.8308 161.463 24.7216 18.3707 187.973 64.51 21.8282 15.801 5.58982 58.6998 7.27435 26.526 0.000161182 46.18
-66.6905 24.1014 16.468 30.4626 8.97516 0.775548 9.74726 12.2836 53.711 91.4569 14.1135 196.022 118.938 37.8308 161.463 28.126 18.3707 187.973 64.51 21.8282 15.801 5.58982 93.0299 28.5189 14.7042 0.0000884544 46.111
-64.9907 24.1014 16.468 30.4626 8.97516 0.775548 10.366 12.2836 53.711 91.4569 14.1135 196.022 118.938 37.8308 161.463 28.126 18.3707 88.2328 171.989 21.8282 15.801 5.58982 71.2797 28.5189 14.7042 0.0000884544 47.0753
-64.9907 24.1014 16.468 30.4626 8.97516 0.775548 10.366 12.2836 53.711 91.4569 14.1135 196.022 118.938 37.8308 161.463 28.126 18.3707 88.2328 171.989 20.6576 15.801 5.58982 71.2797 28.5189 14.7042 0.0000884544 46.4133
-65.5542 24.1014 16.468 30.4626 8.97516 0.775548 9.49079 12.2836 53.711 91.4569 14.1135 196.022 118.938 37.8308 161.463 28.126 18.3707 88.2328 171.989 27.1674 8.07245 5.58982 71.2797 28.5189 14.7042 0.000119297 46.6695
-65.0975 24.1014 16.468 30.4626 8.97516 0.775548 9.49079 12.2836 53.711 91.4569 14.1135 196.022 118.938 37.8308 161.463 28.126 18.3707 88.2328 171.989 27.1674 5.3841 5.58982 35.7947 28.5189 14.7042 0.000143772 46.3273
-66.9534 32.3523 16.468 30.4626 2.95133 15.0304 9.49079 12.2836 53.711 67.4746 14.1135 196.022 118.938 37.8308 161.463 11.3414 18.3707 88.2328 171.989 27.1674 4.88465 5.58982 31.1181 46.7279 14.7042 0.0003138 54.761
-66.9813 32.3523 16.468 30.4626 5.33048 15.0304 9.49079 12.2836 53.711 67.4746 14.1135 196.022 118.938 37.8308 161.463 11.3414 18.3707 113.268 171.989 27.1773 4.88465 5.58982 18.8451 90.7703 14.7042 0.000151696 49.1708
-66.8562 32.3523 15.6644 30.4626 5.33048 15.0304 9.49079 12.2836 53.711 67.4746 20.7314 196.022 121.087 37.8308 161.463 11.3414 18.3707 113.268 171.989 20.3654 4.88465 5.58982 18.8451 90.7703 16.7786 0.000150966 46.2426
-68.1019 32.3523 15.6644 30.4626 5.33048 15.0304 9.49079 12.2836 53.711 67.4746 20.7314 196.022 121.087 37.8308 161.463 11.3266 18.3707 113.268 171.989 6.04536 2.80194 17.4768 18.8451 90.7703 32.1434 0.000150966 47.4989
-68.1019 32.3523 16.9952 30.2515 5.33048 15.0304 9.49079 12.2836 53.711 67.4746 20.7314 196.022 121.087 37.8308 161.463 11.3266 18.3707 113.268 171.989 6.04536 8.879 13.3685 23.8199 90.7703 24.7053 0.0000769011 47.2134
-68.1019 45.044 16.9952 30.2515 3.05046 1.53907 11.3319 12.2836 53.711 67.4746 20.7314 196.022 121.087 37.8308 161.463 11.3266 18.3707 121.201 158.805 6.04536 14.8318 20.6175 5.43302 90.7703 24.7053 0.0000769011 49.5884
-68.1019 45.044 16.9952 30.2515 0.754293 1.53907 12.1031 12.2836 53.711 64.6851 20.7314 196.022 121.087 37.8308 161.463 11.3266 18.3707 121.201 158.805 6.2546 14.8318 20.6175 12.1773 117.614 24.7053 0.0000327043 50.5285
-67.655 45.044 16.9952 30.2515 3.30396 1.53907 9.06531 12.2836 50.8868 64.6851 20.7314 196.022 121.087 37.8308 161.463 20.3405 18.3707 113.895 158.805 6.2546 14.8318 14.7267 1.9055 77.6892 19.9032 0.0000303913 45.8743
-67.547 56.4051 16.9952 18.7402 3.30396 1.53907 9.06531 12.2836 50.8868 64.6851 20.7314 196.022 121.087 37.8308 161.463 20.3405 18.3707 113.895 158.805 6.2546 14.3038 14.7267 22.5247 77.6892 15.4083 0.0000303913 44.9247
-67.656 56.4051 3.7881 18.7402 3.30396 1.53907 9.06531 12.2836 71.726 64.6851 20.7314 196.022 121.087 37.8308 161.463 20.3405 18.3707 115.117 158.805 6.2546 14.3038 14.7267 14.2607 83.8261 15.4083 0.0000303913 44.4422
-67.1923 56.4051 3.7881 18.7402 3.30396 1.53907 9.07321 12.2836 71.726 64.6851 20.7314 196.022 111.861 37.8308 161.463 20.3405 27.1982 115.117 158.805 6.24988 7.08565 14.7267 14.2607 83.8261 7.2631 0.00000753078 39.6697
-65.1529 56.6467 3.7881 18.7402 3.30396 3.19479 6.33972 12.2836 71.726 64.6851 20.7314 196.022 111.861 37.8308 133.498 18.3988 60.6011 115.117 155.673 3.29707 16.806 14.0823 68.9457 80.547 2.56719 0.00000753078 41.6864
-67.6525 56.6467 3.7881 18.7402 3.30396 3.19479 7.39547 12.2836 71.726 64.6851 20.7314 196.022 111.861 37.8308 133.498 10.0657 58.0934 115.117 155.673 3.29707 17.8125 18.6049 66.1899 80.547 2.56719 0.00000753078 41.599
-67.2046 46.9096 3.7881 18.7402 3.30396 13.6932 7.29255 13.0438 71.726 64.6851 20.7314 196.022 111.861 37.8308 133.498 10.0657 58.0934 115.117 155.673 3.29707 18.3652 14.1698 69.8599 96.8575 2.56719 0.0000138451 41.5347
-67.2046 46.9096 2.83955 18.7402 3.30396 13.6932 7.04258 13.0438 71.726 64.6851 20.7314 196.022 111.861 37.8308 133.498 10.0657 58.0934 55.1798 203.78 1.43606 18.3652 23.7651 69.8599 84.6667 2.56719 0.0000259156 47.6767
-66.9646 46.9096 0.343104 18.7402 9.00404 13.6932 7.04258 13.0438 71.15 64.6851 2.80895 196.022 111.861 37.8308 133.498 10.0657 58.0934 55.1798 231.385 1.43606 18.3652 13.7956 69.8599 84.6667 2.56719 0.000017689 52.1499
-66.6233 46.9096 0.343104 26.463 12.6074 13.6932 7.14495 13.0438 71.15 64.6851 2.80895 196.022 115.925 37.8308 133.498 19.7768 47.4473 55.1798 230.347 1.74345 21.3028 9.61788 44.5626 78.1766 2.56719 0.000017689 49.4139
-66.2019 46.9096 0.343104 26.463 12.598 15.533 7.12714 13.0438 67.5044 65.2369 2.80895 196.022 115.925 37.8308 133.498 19.7768 43.4271 55.1798 230.347 1.74345 26.1902 8.0151 45.4808 78.1766 83.3305 0.000017689 52.8737
-66.5358 25.2199 0.343104 31.2058 12.4679 15.533 8.35526 13.0438 67.5044 96.0719 6.52518 187.42 93.5442 37.8308 133.498 19.7768 65.0858 35.2009 230.347 4.18209 34.2873 4.63297 36.491 127.182 122.139 0.00000809411 50.4744
-66.3951 25.2199 3.25306 31.2058 12.4742 15.533 8.35526 13.0438 67.5044 96.0719 6.52518 187.42 93.5442 37.8308 133.498 14.0061 65.0858 46.99 230.347 4.55931 34.2873 1.00651 84.481 127.182 122.139 0.00000809411 48.8925
-65.9168 25.2199 3.25306 31.2059 12.4204 15.533 9.91058 13.0438 67.5044 96.0719 3.81338 187.42 93.5442 37.8308 133.498 16.8693 65.0858 42.856 230.347 4.55931 26.3582 6.68121 116.02 35.7809 79.2869 0.0000137549 46.0751
-65.946 23.6865 6.32853 33.4964 16.226 6.80585 9.83772 13.0438 66.9811 96.0719 19.6886 181.272 93.5442 37.8308 133.498 16.8693 65.0858 42.856 230.347 6.22804 14.6786 4.32752 94.6648 37.4297 37.7127 0.0000168975 41.9282
-66.2545 23.6865 6.32853 33.4964 16.226 6.80585 10.4635 13.0438 67.0314 96.0719 19.6886 181.272 89.4832 37.8308 133.498 17.9228 68.4031 242.985 18.9488 4.01472 8.46989 2.92996 67.8543 57.1293 126.329 0.00000264602 39.17
-66.2545 21.4546 7.12835 33.4964 18.0533 6.80585 10.0582 13.0438 67.0314 96.0719 19.6886 181.272 89.4832 37.8308 133.498 17.9228 68.4031 239.764 15.022 4.01472 8.20902 5.9005 112.158 16.5947 126.329 0.00000261517 40.4947
-66.2545 21.4546 7.12835 33.4964 14.5001 6.80585 10.0946 13.0438 67.0314 96.0719 19.6886 181.272 89.4832 37.8308 133.498 19.936 68.4031 239.764 15.022 6.41246 13.9503 4.80475 52.2921 26.6829 126.329 0.00000254447 40.4039
-64.7266 21.4546 7.12835 33.4964 15.3056 6.80585 10.4902 19.3228 63.6517 96.0719 19.6886 181.272 88.8908 37.8308 126.692 19.936 72.355 239.764 15.022 5.05053 13.9503 3.81451 32.1303 26.6829 126.329 0.00000369423 39.5145
-65.5689 20.3032 9.59582 35.3941 15.3056 6.80585 10.3269 19.3228 59.4165 96.0719 19.6886 181.272 88.8908 37.8308 126.692 19.936 75.3865 249.775 15.022 5.05053 12.9044 8.69695 32.1303 32.2455 171.31 0.00000369423 42.6172
-65.2897 19.0697 17.6543 18.7549 15.3056 8.21209 5.48112 19.3228 59.4165 96.0719 28.2665 191.785 74.4085 37.8308 128.211 23.6344 75.3865 249.775 15.022 4.59146 11.9315 22.1602 13.7881 31.3851 119.948 0.0000124438 47.2755
-65.9642 20.064 27.285 14.1617 17.4181 8.21209 8.69452 19.3228 59.5633 102.791 28.2665 191.785 74.4085 37.8308 128.211 3.33018 75.3865 249.775 15.022 4.00022 18.6702 18.5086 13.7881 33.0918 114.188 0.0000124438 40.5168
-65.9642 20.1309 26.7852 13.3854 17.4181 7.44619 9.14378 19.3228 59.5633 102.791 28.2665 191.785 75.8515 37.8308 128.211 3.61676 75.3865 249.775 15.022 6.66086 6.75673 28.2951 10.614 34.8955 46.5864 0.000007582 37.1713
-65.9642 19.7495 26.7852 18.2373 17.4283 7.44619 6.50591 19.3228 56.2998 100.924 28.2665 191.785 75.8515 37.8308 128.211 3.61676 78.4678 245.268 15.022 6.66086 20.6926 22.204 52.8374 32.5699 34.4249 0.0000131922 43.2201
-65.7557 19.9813 26.865 21.6169 11.4248 7.44619 7.66928 19.3228 42.8759 100.714 36.9947 191.785 75.0845 37.8308 132.493 6.84873 80.2253 245.268 16.7229 4.42432 25.9079 8.24854 52.8374 50.971 11.0306 0.0000131922 38.0731
-64.2791 16.8519 26.865 21.6169 8.3891 8.87161 7.67025 19.3228 46.1731 100.714 36.9947 191.785 75.0845 37.8308 124.812 12.792 80.2253 245.268 14.3655 7.07339 19.9599 24.3631 52.8374 45.9099 11.0306 0.0000147472 39.3213
-66.9304 15.9686 27.414 22.043 11.3138 8.64686 5.67802 19.3228 46.8799 100.714 36.4132 191.785 75.0845 37.8308 124.812 12.792 80.2253 248.298 14.3655 8.79578 15.9148 24.3631 86.5198 50.8364 4.57062 0.0000378726 40.448
-67.1031 16.1971 28.0161 20.5457 8.95494 8.64686 7.82503 19.3228 46.1865 100.714 36.4132 191.785 75.0845 37.8308 124.812 12.792 80.2253 249.431 14.3655 8.52518 15.0573 22.2859 43.3225 39.1619 11.7421 0.0000162956 38.2599
-67.6149 17.8813 25.9435 20.5457 10.1209 8.64686 6.8873 19.3228 47.7478 100.714 36.4132 191.785 75.0845 37.8308 124.812 12.792 80.2253 243.316 14.3655 8.52518 15.0573 22.2859 43.3225 34.7466 11.7421 0.00000750053 37.4284
-67.5916 17.8813 25.9435 20.5457 10.1209 8.64686 8.18817 19.3228 47.7478 100.714 36.4132 191.785 75.0845 37.8308 124.812 12.792 80.2253 243.316 15.6457 8.52518 16.1166 21.107 43.3225 78.7011 11.7421 0.0000122311 38.9275
-66.5123 20.0332 24.8534 20.5457 10.1209 8.64686 8.02042 19.3228 47.7478 100.714 36.4132 191.785 72.431 37.8308 125.663 17.3138 80.2253 243.316 15.6457 12.4491 11.4015 21.6013 77.9211 3.32548 45.9264 0.0000111938 38.711
-68.2943 20.7731 19.618 25.2288 8.19916 8.64686 8.95807 20.781 47.7478 100.714 38.4012 191.785 78.8813 34.1543 125.663 16.8797 79.4584 233.996 15.6457 12.4491 12.3763 23.6276 28.3835 9.73809 45.1297 0.0000105731 42.4913
-68.0623 21.5782 17.9526 25.2288 8.67255 8.64686 8.95807 20.781 47.7478 100.714 38.4012 191.785 78.8813 34.1543 123.164 6.44317 92.4448 233.996 15.6457 12.4491 12.8861 24.7427 38.581 61.0316 11.1184 0.00000920036 42.5731
-67.7169 19.5507 17.9526 27.3913 8.67255 8.64686 8.95807 20.781 42.0456 100.714 38.4012 191.785 84.5352 34.1543 123.164 17.0411 78.1461 233.996 19.5119 12.4491 11.7828 24.7427 98.0508 55.6228 12.2618 0.00000805281 39.7895
-66.9089 17.6194 17.9526 29.4375 8.67255 8.64686 8.95807 20.781 41.1527 100.714 38.4012 191.785 84.5352 34.1543 123.164 17.0411 78.1461 233.996 19.5119 12.9778 11.7828 24.1997 8.35715 13.3977 58.9313 0.0000161103 38.0739
-66.6721 17.6194 17.9526 29.4375 8.67255 8.64686 8.82907 21.5182 39.8603 100.714 38.4012 190.592 84.5352 34.1543 123.164 17.0411 82.6308 233.996 19.5119 13.9031 10.1665 15.4225 8.35715 15.1649 58.9313 0.0000122343 38.3365
-66.8094 18.2228 17.2596 29.4375 8.67255 8.64686 9.51561 21.5182 40.8525 100.714 38.4012 190.592 84.5352 34.1543 126.965 1.38878 91.7553 233.996 19.5119 12.6032 10.1665 11.003 36.5423 16.5866 73.1744 0.0000027763 38.0251
-68.5289 17.9694 17.2596 29.4375 8.67255 8.64686 9.51561 21.5182 40.8525 100.714 38.4012 190.592 84.5352 34.1543 126.965 1.38878 91.7553 233.996 19.5119 4.66299 23.2314 11.003 36.5423 23.3533 6.9373 0.00000122216 40.0104
-66.4473 17.7374 17.2596 29.4375 14.5547 8.64686 10.1484 21.5182 40.2743 100.714 38.4012 190.592 75.4289 34.1543 126.965 1.38878 82.9579 232.95 41.1501 2.96069 15.2052 32.6862 35.4343 20.7674 11.2692 0.00000184826 39.1885
-66.0327 17.7374 18.9636 29.4375 12.7963 8.64686 10.1484 17.5932 39.9859 100.714 38.4012 190.592 75.4289 34.1543 140.347 6.0704 76.0702 232.95 18.949 5.35411 8.83183 24.6786 7.01133 1.54028 32.2639 0.000000810644 35.0978
-66.5127 17.2823 13.4684 33.7768 22.0208 13.483 15.8541 18.8943 39.735 100.714 38.4012 175.783 77.9022 34.1543 138.83 6.0704 64.9287 232.95 18.949 5.35411 6.85388 31.4211 7.01133 7.37576 45.5855 0.000000988796 40.4915
-67.4077 17.3791 13.4684 33.7768 20.4813 0.802095 37.5466 18.8943 32.9057 103.283 35.9421 171.016 77.9022 34.1543 148.865 6.0704 65.9198 232.95 23.5256 5.68442 7.07567 25.7283 29.4447 6.81719 70.1071 0.000000665643 38.5287
-68.181 17.3295 9.35429 33.7768 20.4813 0.802095 37.5466 18.8943 33.6485 103.283 35.9421 171.016 103.899 34.1543 121.808 6.0704 65.9198 232.95 23.5256 5.68442 13.0952 25.7283 29.4447 10.8996 70.1071 0.000000596736 39.9425
-68.181 17.351 9.35429 33.7768 20.4813 0.802095 37.5466 18.8943 33.427 103.283 36.1788 171.016 103.899 34.1543 121.808 6.0704 65.9198 232.306 23.5256 5.68442 13.0952 24.8288 29.4447 8.51039 60.1855 0.000000518728 39.6541
-66.5781 17.351 9.35429 33.7768 20.4813 0.802095 37.5466 18.8943 33.427 103.283 36.1788 171.016 103.899 34.1543 121.808 6.0704 65.9198 246.73 23.5256 5.68442 11.6305 24.8288 58.2657 8.77777 60.1855 0.000000789505 38.7751
-66.6422 17.4131 9.35429 33.7768 16.3246 7.66978 30.4498 18.8943 21.3346 103.283 36.1788 171.016 103.899 34.1543 121.808 6.0704 77.0838 246.73 23.5256 30.8659 12.1147 1.38834 38.7823 0.732371 55.7919 0.000000789505 36.0956
-66.7771 17.4131 9.35429 33.7768 16.3246 8.83943 30.4498 18.6135 20.152 103.283 36.1788 171.016 103.899 34.1543 113.169 16.9934 77.0838 246.73 23.5256 30.8659 12.1147 2.34979 12.5982 3.85798 80.334 0.00000147963 36.8416
-65.8197 19.0464 9.35429 33.7768 16.3246 8.83943 31.1249 18.6135 20.152 103.283 36.1788 171.016 97.028 34.1543 113.169 16.9934 81.5292 246.73 11.9836 30.8659 16.3001 0.782799 93.8395 3.85798 47.0326 0.00000125767 37.0516
-64.9254 19.0464 19.5389 22.9701 16.3246 8.83943 30.3544 18.6135 20.152 95.8278 36.1788 171.016 97.028 34.1543 113.169 17.2405 89.5219 246.73 11.9836 31.539 5.16728 4.3078 75.469 30.7338 73.4929 0.00000415408 38.2686
-64.9254 19.0464 12.9766 22.9701 16.3246 11.6894 30.3544 21.4172 20.8683 95.8278 36.1788 171.016 97.028 34.1543 116.078 24.2668 89.5219 246.73 11.9836 37.7618 2.59273 5.00495 78.6634 27.5116 60.8689 0.00000361361 37.9368
-64.9108 19.841 18.8123 16.2021 19.9947 10.6604 30.3544 21.4172 20.8683 96.8656 36.1788 171.016 98.9881 34.1543 116.078 24.2668 84.0867 246.73 12.9698 20.834 0.398437 1.04391 80.8956 27.5116 57.8194 0.00000305909 38.1427
-64.4074 21.6791 20.6282 15.3954 16.9167 12.78 32.7959 21.4172 19.9408 93.6601 36.1788 171.016 98.9881 34.1543 116.078 23.4694 73.187 188.856 72.6035 19.5617 5.63535 3.22214 81.6843 2.43254 53.5472 0.00000259778 39.4995
-65.4653 23.0302 20.6282 15.8042 16.9167 9.61154 32.7959 21.4172 15.8509 98.5305 20.326 171.016 109.265 34.1543 132.257 20.6308 75.2435 188.856 58.0097 9.10026 13.1691 2.75991 81.8075 9.7213 57.9815 0.00000000245524 32.1245
-65.8272 19.8462 18.1975 15.8042 20.9408 9.61154 40.432 21.4172 15.8509 88.6187 20.326 171.016 109.265 34.1543 129.194 14.2942 81.1232 233.515 40.5584 5.99214 17.1046 5.07923 81.6973 15.0301 60.3993 0.00000000245524 33.5298
-65.8277 21.6807 18.1975 23.9786 15.6104 5.03664 40.432 17.2176 31.011 80.4819 20.326 171.016 109.265 34.1543 129.194 14.9647 74.9927 98.3088 168.954 13.2885 29.5105 5.07923 81.8294 32.884 80.9233 0.00000000245524 36.9072
-65.7516 23.867 15.7996 23.9786 17.796 5.03664 54.4257 14.9503 31.011 80.4819 42.2993 167.927 85.9181 34.1543 129.194 14.9647 68.1298 107.513 168.954 11.044 15.5212 5.07923 81.8228 54.0056 80.9233 0.00000000245524 31.4011
-65.7356 23.867 15.7996 23.9786 16.335 5.03664 55.398 14.9503 31.011 80.4819 42.2993 167.927 85.9181 34.1543 129.194 14.9647 68.1298 106.097 168.954 17.3561 15.5212 5.07923 81.7704 60.1458 29.2381 0.00000000245524 29.5264
-65.6273 24.6571 17.258 23.9786 14.994 5.03664 55.398 14.9503 31.011 80.4819 42.2993 167.927 89.5138 34.1543 129.194 14.9647 68.1298 138.084 124.587 13.1972 15.5212 4.37288 81.8806 60.1458 29.2381 0.00000000245524 31.8122
-65.7715 24.563 15.8645 23.9786 11.6879 5.03664 55.398 14.9503 35.3138 80.4819 42.3706 167.927 89.5138 34.1543 129.194 14.9647 68.1298 138.084 124.587 16.532 25.2174 6.5491 82.038 60.1458 31.7988 0.00000000245524 32.9802
-65.6313 24.5683 15.8645 23.9786 15.0367 4.71985 55.398 17.3844 33.7327 75.2278 42.3706 182.762 68.2144 34.1543 131.767 14.9647 66.2382 159.133 123.923 14.5263 9.63251 9.28815 73.8702 80.0003 44.6631 0.00000000245524 31.26
-65.9836 25.8384 16.1223 23.9786 15.0367 4.71985 55.398 17.3698 32.4682 75.2278 42.3706 182.762 68.6921 34.1543 131.767 14.9647 66.2382 160.568 123.923 14.3164 12.0996 6.80879 55.6527 129.075 12.693 0.00000000245524 32.042
-65.9836 25.8384 16.1223 23.9786 15.0367 4.71985 55.398 17.3698 32.4682 75.2278 42.3706 182.762 68.6921 34.1543 131.767 14.9647 78.8801 155.568 109.539 14.3164 12.0996 6.80879 43.8429 129.075 28.8902 0.00000000245524 30.7444
-65.896 23.8272 16.1223 23.9786 15.0367 4.71985 55.398 17.3698 32.4682 75.2278 42.3706 182.762 75.9976 34.1543 134.443 14.9647 72.8108 153.348 109.539 11.6515 12.0996 6.80622 58.805 112.529 42.4405 0.00000000245524 30.7217
-66.0722 23.9633 18.321 23.9786 15.0367 4.71985 55.398 12.2015 32.4682 79.4702 42.3706 182.762 75.9976 34.1543 128.992 14.9647 72.8108 162.752 102.096 13.3698 5.90594 8.30516 52.8507 59.3818 29.8721 0.00000000245524 29.5857
-65.3242 22.4981 19.2123 23.9786 15.0367 4.71985 55.398 11.1189 32.1326 79.4702 42.3706 182.762 75.9976 34.1543 128.992 14.9647 80.3829 159.204 86.7082 18.333 20.2481 2.37729 52.8507 87.7417 55.6115 0.00000000245524 35.4182
-65.8201 17.0132 21.0097 19.1349 17.8739 14.8797 55.398 11.1189 28.5699 83.2213 38.355 182.762 75.9976 34.1543 128.992 21.4927 69.3151 149.971 109.569 16.5611 16.1223 2.86993 123.61 79.1405 81.5079 0.00000000245524 33.2135
-66.3334 15.523 21.0097 19.1349 16.304 14.8797 55.398 11.1189 28.5699 80.5468 38.355 182.762 83.8578 34.1543 128.992 21.4927 70.0333 149.971 102.323 21.7914 16.1044 4.04539 125.357 79.1405 213.988 0.00000000245524 38.3364
-66.6406 13.1811 22.0302 18.4043 22.491 18.4748 52.4782 11.1189 28.5699 80.5468 38.355 182.762 83.8578 34.1543 102.204 21.4927 76.6522 154.436 116.012 21.4112 17.8101 7.11878 44.5419 74.0646 210.786 0.00000000245524 37.1435
-66.524 13.1811 21.8214 17.6839 22.491 18.4748 52.457 11.1189 28.5699 85.889 38.355 182.762 83.7366 34.1543 102.204 21.4927 79.4126 154.436 116.012 10.6144 15.6432 11.1396 58.992 74.0646 191.975 0.00000000245524 37.5557
-66.7094 10.4078 24.1811 11.5082 21.0454 18.4748 52.457 14.4614 28.5699 89.9199 38.355 182.762 83.7366 34.1543 102.204 21.4927 76.5543 159.743 108.772 7.89744 16.8783 21.7507 70.7571 35.5132 310.372 0.00000000245524 36.5394
-65.4319 10.4078 23.2243 16.2783 21.0454 18.4307 62.2205 10.5564 28.5699 78.0844 38.355 182.762 83.7366 34.1543 102.204 21.4927 76.5543 159.068 114.697 6.37525 13.5053 25.7819 68.5514 35.5132 197.902 0.00000000245524 37.1463
-65.2953 10.4078 23.2243 16.2783 19.2595 18.4307 62.2205 10.5564 28.5699 78.0844 38.355 182.762 83.7366 34.1543 102.204 19.2275 76.5543 159.068 114.697 12.4874 9.12809 18.4069 68.5514 55.3975 197.902 0.00000000245524 35.1098
-63.544 13.1736 24.0282 16.2783 19.9523 13.9716 62.2205 10.1309 28.5699 78.0844 38.355 182.762 83.7366 34.1543 102.204 19.2275 76.5543 151.651 123.687 7.91461 9.12809 26.5411 40.025 55.3975 197.902 0.00000000245524 36.1609
-66.2467 13.1736 24.0282 13.3061 19.9523 13.9716 64.453 10.1309 28.5699 78.0844 38.355 182.762 83.7366 34.1543 112.129 19.2275 74.7438 144.037 123.836 7.91461 9.12809 2.2112 35.5009 18.8737 197.902 0.00000342108 39.7031
-66.2467 13.1736 24.0282 13.3061 19.9523 13.9716 64.453 10.1309 28.5699 78.0844 38.355 182.762 83.7366 34.1543 112.129 19.2275 74.7438 144.582 123.836 5.25317 7.16177 3.05768 38.3975 9.87787 92.8628 0.00000342108 37.1065
-66.5237 13.1736 24.0282 13.3061 19.9523 13.9716 64.453 10.1309 28.5699 78.0844 38.355 182.762 83.7366 34.1543 112.129 19.2275 74.7438 144.722 124.004 9.22298 16.1524 19.193 34.5045 57.8151 32.1975 0.000000900682 33.8933
-65.4982 12.2699 24.0282 12.3221 19.9523 15.96 64.453 11.3414 28.5699 78.0844 43.3573 182.762 83.7366 34.1543 111.825 19.2275 78.2046 139.486 124.457 9.68426 8.26737 17.0855 27.8942 57.8151 23.6431 0.000000900682 34.4762
-65.4242 12.2699 24.0282 12.3221 19.9523 15.96 64.453 11.3414 28.5699 78.0844 43.3573 182.762 83.7366 34.1543 111.825 19.2275 78.2046 139.486 120.544 9.68426 8.26737 19.4128 50.3449 38.4243 59.1062 0.000000771777 34.7168
-65.6192 12.2699 7.99047 12.3221 38.1466 15.0536 64.453 9.64498 28.5699 78.0844 43.3573 182.762 83.7366 34.1543 111.825 17.897 77.4245 139.486 128.826 7.96497 12.4386 21.666 50.3449 33.6656 27.8117 0.000000626878 34.1714
-64.9884 12.2699 7.99047 12.3221 38.1466 15.0536 64.453 9.64498 28.5699 78.0844 43.3573 182.762 83.7366 34.1543 111.825 17.897 80.4191 139.486 128.826 4.92035 12.4386 21.666 61.7168 37.7642 31.3283 0.00000112104 35.4186
-65.6759 4.41578 7.99047 12.3221 46.7042 13.7451 64.453 9.62338 28.5699 78.0844 43.3573 182.762 83.7366 34.1543 97.7141 17.897 83.3225 138.257 122.752 5.54838 10.4058 21.9202 74.9448 34.9673 36.8226 0.00000112104 40.3256
-66.8339 4.41578 7.99047 12.3221 46.7042 13.7451 64.453 9.62338 28.5699 78.0844 43.3573 182.762 83.7366 34.1543 97.7141 17.897 88.6546 138.257 117.694 8.44189 10.4058 23.9411 72.9621 66.4697 6.02823 0.00000112104 40.2854
-63.2552 4.41578 9.30638 12.3221 46.7042 13.5785 64.453 9.62338 28.5699 78.9493 43.3573 182.762 83.7366 34.1543 100.675 17.897 91.0086 139.631 117.694 14.9769 1.59718 29.7356 49.8896 43.5327 22.4994 0.00000143028 38.8865
-66.1547 4.45056 19.2929 12.3221 46.7042 15.2339 64.453 0.166586 28.5699 72.1466 43.3573 182.762 83.7366 34.1543 100.675 17.897 91.3843 142.802 117.328 8.73233 1.59718 35.3126 25.2352 43.603 22.4994 0.000000977206 37.9276
-66.1547 4.45056 19.2929 12.3221 46.7042 15.2339 64.453 0.166586 28.3467 72.1466 43.3573 182.762 83.7366 34.1543 100.675 17.897 91.3843 146.269 117.328 12.5828 1.59718 35.3126 22.0743 43.603 77.3894 0.000000977206 39.2654
-66.1547 6.96417 19.2929 12.3221 46.7351 15.2339 48.7557 0.166586 28.4755 72.1466 47.1409 213.169 52.9344 35.8622 100.675 17.897 92.6384 150.598 117.613 20.4613 1.59718 19.4837 9.4821 43.603 54.6288 0.00000073297 41.3543
-66.1547 6.96417 12.1619 7.42016 46.7351 15.2339 48.7557 0.166586 28.4755 86.2213 47.1409 213.169 55.1208 35.8622 100.675 17.897 92.6384 150.598 117.613 20.4613 1.59718 22.3421 9.4821 72.3281 54.6288 0.00000143212 39.5131
-66.0726 6.96417 12.1619 7.14662 46.7351 15.2339 37.7402 0.166586 31.3425 96.0972 47.1409 213.169 55.1208 35.8622 100.675 17.897 92.6384 145.896 116.679 18.7725 3.58347 24.0269 32.008 72.3281 65.8065 0.00000143212 37.4722
-65.3791 6.96417 12.5974 7.14662 46.7351 15.2339 37.7402 0.166586 31.3425 96.0972 47.7933 213.169 55.1208 35.8622 100.675 17.897 92.6384 145.896 116.679 16.3348 3.58347 11.7758 48.8724 65.0806 91.4566 0.00000222055 39.3
-64.9438 5.8539 14.0697 7.14753 46.7351 15.2339 37.7402 15.5129 23.8547 81.3484 54.6261 213.169 55.6714 35.8622 104.983 17.897 92.6384 141.537 110.581 3.05794 35.2829 11.9117 48.8724 65.9392 149.801 0.00000168319 41.1576
-67.8836 11.4857 10.7892 6.16152 41.6685 27.8671 25.9235 13.6839 23.8547 81.3484 54.6261 213.169 55.6714 35.8622 103.447 17.6429 87.1699 145.678 115.344 7.75735 32.3719 11.7515 48.8724 14.4935 172.604 0.00000205568 45.3484
-65.4461 8.90557 12.9079 9.61007 41.4531 27.8914 25.4492 18.8159 26.3917 81.3484 55.2407 224.361 34.1803 35.8622 103.447 17.6429 87.1699 137.813 139.437 18.4508 7.49209 5.76596 48.8724 37.2096 87.0398 0.000000657005 37.0071
-65.483 8.90557 0.890104 9.61007 38.4243 23.4682 32.7426 14.9757 34.5232 76.7774 54.8019 224.361 34.1803 46.8001 103.447 19.0197 87.1699 127.958 143.455 13.4394 6.15087 12.4664 79.645 37.2096 68.5163 0.000000294158 40.6796
-65.5024 11.1726 0.890104 20.4846 30.3792 27.4838 32.7426 14.9757 34.5232 76.7774 45.4912 224.361 34.1803 46.8001 115.642 19.0197 87.1699 127.958 143.455 14.4854 9.08329 6.45663 149.636 30.6111 9.25551 0.000000622485 35.9019
-64.5603 5.16071 4.804 22.2645 30.3792 27.4838 32.7426 14.8899 34.5232 74.6324 40.925 224.361 33.1444 46.8001 112.044 19.0197 87.1699 127.958 143.455 21.9359 5.91834 6.45663 226.97 30.6111 9.25551 0.000000608283 39.4173
-64.0649 5.16071 4.804 22.075 28.9754 29.9303 32.7426 12.8207 34.5232 68.4304 40.925 224.361 47.535 46.8001 110.509 19.0197 91.9411 127.958 143.455 21.9359 1.27117 6.45663 226.97 26.2953 9.25551 0.000000653215 40.0028
-65.0838 5.16071 4.804 22.075 28.9754 29.9303 23.8154 12.8207 42.9498 68.4304 36.1079 224.361 47.535 46.8001 110.509 19.0197 91.9411 127.958 143.455 21.9359 1.27117 11.8306 226.97 24.1338 31.6636 0.0000011795 42.2714
-64.2527 5.16071 4.804 22.075 32.6723 29.9303 23.8154 12.2343 42.9498 71.0143 36.1079 224.361 47.535 46.8001 110.509 19.0197 91.9411 112.98 158.204 8.93085 9.26571 9.61533 210.625 10.7106 2.66124 0.000000923595 41.5106
-66.6741 5.16071 4.48706 14.6971 32.9827 35.6044 17.3929 7.39163 41.1793 95.5545 23.0813 230.188 51.5828 46.8001 92.9385 40.659 68.7127 133.286 132.357 26.7006 9.66778 8.46773 152.994 34.0563 4.55889 0.000000318764 38.7181
-66.9308 3.05866 5.31568 14.6971 32.9827 35.3543 19.9185 3.40746 41.1793 94.4738 18.7095 230.188 68.5713 46.8001 95.1444 46.0359 54.1754 136.736 132.357 23.1342 5.12146 1.55987 143.801 34.0563 4.55889 0.000000303773 37.6814
-67.2723 7.82645 5.31568 14.6971 32.9827 34.7008 24.5752 9.85326 41.1793 78.3314 5.70442 230.188 65.8608 46.8001 94.3888 57.8519 60.8257 136.736 132.357 31.9146 5.0889 1.84516 134.159 53.0145 4.55889 0.000000303773 39.6314
-67.2723 7.82645 5.31568 28.0977 25.6865 37.2648 18.6724 8.09308 41.1793 78.3314 5.70442 230.188 65.8608 46.8001 94.3888 57.8519 60.8257 137.758 132.357 24.6725 5.0889 1.84516 142.956 54.4473 64.393 0.000000303773 40.8535
-66.0731 7.82645 0.78097 32.06 27.4637 25.4007 18.6724 8.8076 42.859 89.7432 5.70442 253.11 48.0088 46.8001 93.2269 56.565 47.8593 150.694 126.113 32.5964 3.16071 3.81182 138.101 71.5757 8.44077 0.000000613186 42.4303
-66.6069 11.5795 0.228354 32.06 22.3406 24.2867 16.7799 12.4385 42.859 89.7432 9.9668 253.11 48.0088 46.8001 112.362 32.3232 55.3597 161.052 108.037 18.3061 10.0722 5.57032 108.662 119.948 20.5416 0.00000015124 38.2637
-66.6069 15.1604 0.228354 25.375 21.4945 24.2867 16.7799 12.4385 42.859 89.7432 9.9668 253.11 53.453 46.8001 112.362 32.3232 65.242 159.298 111.649 13.0909 8.96469 5.57032 34.8938 106.44 20.5416 0.00000015124 35.0435
-65.9837 15.1604 0.228354 25.375 21.4945 24.2867 16.7799 12.4385 42.859 89.7432 12.2287 253.11 53.453 46.8001 112.362 32.3232 65.242 159.298 92.9716 15.2227 8.96469 5.57032 34.8938 106.44 12.6107 0.00000015124 38.4692
-65.9837 15.1604 0.228354 25.375 21.4945 24.2867 16.7799 12.4385 42.859 89.7432 12.2287 253.11 53.453 46.8001 112.362 32.3232 65.242 159.298 93.4469 15.5615 13.4808 10.4256 47.3785 81.3283 12.6107 0.00000015124 35.8621
-66.0943 17.9368 0.228354 20.3213 27.8095 21.3006 16.7799 12.4385 42.859 89.7432 12.6519 253.11 53.453 41.6929 112.362 32.3232 56.2428 160.471 109.377 15.5615 13.4808 10.4256 42.6072 81.3283 18.5805 0.00000015124 35.6036
-64.465 12.8255 4.72433 20.3213 27.8095 17.5894 25.0471 12.4385 42.859 89.7432 12.6519 253.11 53.453 41.6929 112.362 32.3232 56.2428 160.471 109.377 15.6598 13.4808 10.4256 6.4051 25.0325 26.0474 0.00000015124 34.9499
-64.5034 16.0137 4.72433 18.9023 27.8095 17.5894 25.0471 6.69395 42.859 89.7432 12.6519 253.11 53.453 41.6929 111.294 43.0316 56.2428 153.763 109.377 15.6412 13.4808 1.89903 10.7219 6.23211 26.0474 0.00000015124 33.0157
-64.6903 16.0137 5.33887 18.2677 27.8095 17.5894 25.0471 6.69395 42.859 89.7432 13.9866 253.11 53.453 41.6929 110.434 50.8098 49.9303 153.763 109.377 16.2249 10.1299 8.45816 10.7219 6.23211 67.8221 0.00000015124 33.0501
-64.91 16.0137 8.04015 18.2677 27.8095 17.5894 25.0471 4.39955 42.859 89.7432 13.9866 253.11 53.453 41.6929 110.434 50.8098 49.9303 154.468 109.377 20.0547 10.2403 8.45816 10.7219 15.4113 75.0131 0.00000015124 33.7414
-64.6028 16.0137 6.84862 18.2677 31.2271 14.7553 29.1491 4.39955 42.859 81.8574 13.9866 253.11 53.453 41.6929 110.434 50.8098 44.9076 154.468 109.377 10.5775 3.70228 11.8472 10.7219 15.4113 75.0131 0.00000015124 34.6561
-65.7381 16.0137 6.84862 18.2677 31.2271 14.7553 24.3754 4.39955 42.859 81.8574 13.9866 253.11 53.453 41.6929 49.5799 119.764 44.9076 96.2893 182.272 10.5775 0.97233 13.2421 10.7219 15.4113 91.7395 0.00000015124 34.7958
-65.2016 16.0137 6.84862 17.7631 29.5648 21.0737 16.7509 10.8695 42.859 81.8574 19.5127 253.11 53.453 41.6929 44.4975 119.764 38.8797 96.2893 182.272 10.5775 2.29339 20.8455 10.7219 57.7133 103.32 0.00000015124 37.2303
-66.5927 14.5187 7.50343 15.7579 29.5648 23.1755 16.7509 4.5833 41.3666 94.4019 19.5127 253.11 63.9482 10.9 73.5648 98.8982 38.8797 96.2893 182.272 10.5775 4.52393 20.8455 10.7219 67.7434 116.104 0.00000015124 38.267
-66.5927 11.7733 7.50343 22.2543 29.5648 19.2196 14.9236 11.1997 41.3666 96.8444 24.2688 253.11 67.0536 10.9 73.5648 98.8982 38.8797 135.622 135.024 6.25661 10.6259 18.3603 43.8816 65.4951 96.4752 0.00000181143 37.2233
-67.2027 11.7733 7.06065 22.2543 29.6227 19.2196 14.9236 6.78297 41.3666 96.8444 23.6814 253.11 68.8481 10.9 76.366 86.0848 46.531 135.622 140.397 7.12796 10.6259 15.1972 22.2236 8.92892 96.4752 0.00000111142 36.7184
-66.847 11.7733 0.830249 41.1607 25.3114 19.2447 14.8323 6.66782 41.3666 96.8444 25.9148 253.11 67.9517 10.9 76.366 81.5407 46.531 135.622 140.397 6.65496 4.90418 18.4224 31.6547 59.6056 25.2436 0.00000111142 36.98
-66.9281 11.7733 0.830249 41.1607 25.3114 19.2447 12.9998 6.66782 41.3666 96.8444 25.9148 253.11 67.9517 10.9 76.366 81.5407 39.5973 135.622 140.397 6.65496 4.90418 18.4224 31.6547 129.075 25.2436 0.0000000288837 35.0409
-66.8489 14.2011 0.830249 41.1607 25.3114 19.2447 12.9998 6.66782 37.0733 98.3155 25.8954 253.11 67.9517 10.9 77.0819 81.5407 39.5973 140.026 140.397 4.39703 4.90418 18.4224 50.8415 75.1388 53.6332 0.0000000288837 35.3942
-67.1995 13.8851 0.830249 41.1607 19.096 19.2447 12.9998 6.66782 37.0733 98.3155 26.4504 253.11 67.9517 10.9 83.5157 82.229 37.4798 140.026 140.397 11.8248 6.30741 11.8552 63.0724 71.4778 54.743 0.0000000288837 36.9662
-66.6627 13.2192 0.830249 39.2443 19.096 29.4804 13.0991 6.00874 34.9581 95.5378 26.4504 253.11 68.4918 10.9 71.9583 82.229 44.5039 141.273 137.4 12.9996 8.21995 17.7258 65.8354 80.6932 10.1755 0.0000000288837 33.8168
-65.3483 13.2192 0.830249 33.729 21.3723 34.3153 13.7023 1.41847 34.9581 101.308 30.3235 253.11 68.4918 10.9 71.9583 82.229 37.1048 141.273 137.4 5.72888 16.1791 17.6882 18.2313 3.03958 31.2181 0.0000000288837 35.5189
-65.2174 12.214 0.830249 33.729 21.3723 33.1452 14.3514 1.41847 34.9581 101.308 37.532 253.11 68.4918 10.9 71.9583 82.229 37.1048 139.462 137.4 2.98243 16.8068 17.6034 10.0185 45.6804 22.9354 0.0000000288837 37.9807
-65.2116 8.30966 0.830249 28.939 28.9639 33.1452 15.8138 1.41847 34.9581 101.308 37.532 243.799 68.9893 10.9 71.9583 78.9765 37.2404 140.349 137.4 3.38724 24.6724 15.1141 10.0185 42.9237 22.9051 0.0000000288837 35.6767
-65.2116 8.30966 0.830249 28.939 28.9639 33.1452 15.8138 1.41847 30.8198 101.874 37.532 257.467 68.9893 10.9 71.9583 81.014 34.6171 140.349 137.4 3.76154 14.1653 6.83484 10.0185 42.9237 22.9051 0.000000263538 38.2355
-65.2116 7.8731 0.830249 28.939 28.9639 33.1452 15.8138 1.41847 30.8198 101.874 37.532 257.467 68.9893 10.9 71.9583 81.014 34.6171 140.103 137.4 3.76154 12.1298 18.256 52.296 42.9237 22.0686 0.000000254932 39.3097
-65.3952 10.5311 0.830249 28.939 28.9639 29.8444 15.8138 1.41847 30.7476 101.874 37.532 257.467 68.9893 10.9 71.9583 79.3078 34.6171 140.103 137.4 5.00078 12.5197 22.7415 51.2872 10.8555 22.0686 0.000000475505 40.1094
-65.1855 12.4873 0.830249 28.939 28.9639 30.2773 15.8138 1.41847 31.5118 101.874 29.8524 257.467 68.9893 10.9 70.2601 79.3078 31.861 140.103 137.4 3.88842 20.0688 21.0877 8.66429 10.9379 19.0265 0.000000370704 42.4776
-65.2891 9.20036 3.67425 32.6386 28.9639 29.2272 16.0894 1.41847 32.6899 100.398 32.6976 256.327 61.2284 10.9 73.0163 90.1416 39.7664 140.103 137.4 5.05485 3.05998 21.0877 9.71364 50.759 18.9812 0.00000037684 38.0536
-63.0921 6.44107 3.67425 32.6386 29.7386 29.349 13.9201 1.41847 25.3224 94.2399 38.7798 256.327 61.2284 10.9 75.8969 90.2316 38.1536 140.103 137.4 8.97138 3.90867 29.6468 9.71364 59.1255 19.5603 0.000000177355 42.8975
-69.5943 6.44107 3.67425 32.6386 29.7664 16.4433 14.3673 14.0651 25.3224 120.938 45.245 235.311 61.2284 10.9 86.2158 73.5625 27.2527 112.904 127.907 39.3379 3.53262 40.0871 20.25 14.6631 27.8663 0.000000221553 46.4634
-67.5776 6.44107 3.67425 32.6386 30.242 16.4433 12.6974 16.6938 25.3224 120.938 41.7181 235.311 61.2284 10.9 92.4903 73.9033 22.5539 118.466 127.907 31.9526 6.99242 40.0871 35.2682 16.83 27.4001 0.000000306213 41.9638
-67.6206 3.46281 3.67425 32.6386 30.4974 17.0086 15.7677 16.6938 25.3224 120.938 41.7181 235.311 43.1716 10.9 103.919 76.8548 34.0998 131.503 110.585 29.0777 3.14182 45.4536 28.315 6.32206 27.4001 0.000000499092 40.8297
-65.1043 3.46281 4.61148 32.6386 27.2581 17.0086 22.6056 17.589 21.3743 120.938 38.7224 235.311 48.4536 10.9 111.416 76.9239 35.0097 131.503 114.59 44.6529 3.73312 5.47922 65.325 6.32206 14.2385 0.00000287598 41.3
-65.5874 5.29619 4.61148 32.6386 27.2581 14.8196 22.6056 16.0119 21.3743 120.938 33.0682 235.311 48.4536 10.9 110.027 76.2606 36.2549 131.503 114.59 45.6371 5.60827 5.38556 85.1759 6.32206 14.2385 0.00000301604 42.4723
-67.369 7.05292 10.5898 43.5444 7.02747 8.79148 22.6056 16.0119 21.3743 120.938 33.0682 235.311 54.2679 10.9 110.027 75.6096 35.3447 131.503 114.59 29.7077 11.0179 6.20663 41.9251 6.32206 7.00715 0.00000522748 48.2763
-67.9586 7.24369 14.2821 43.5444 7.02747 10.8179 20.2836 16.0119 19.5849 120.938 33.0682 235.311 54.2679 10.9 99.9223 74.945 41.2323 132.144 132.521 40.0842 7.80705 6.83979 51.9945 6.32206 14.894 0.00000475227 45.2926
-68.2138 6.94605 23.7641 43.5444 2.87397 7.79309 20.2836 18.5787 26.7259 120.938 33.0682 235.311 54.2679 10.9 99.9223 71.8489 31.56 132.144 132.521 38.0766 3.02003 6.83979 46.1211 6.32206 13.8974 0.00000213473 44.3833
-68.2875 3.99649 23.7641 43.5444 2.87397 12.855 16.4417 18.5787 30.8362 105.883 33.0682 235.311 73.2561 10.9 99.9223 74.2508 31.8266 132.144 132.521 29.0993 0.893577 6.83979 64.589 6.32206 18.1671 0.00000377389 39.4547
-68.3052 3.99649 19.4909 43.5444 2.87397 17.8507 16.4417 18.5787 30.8362 105.883 33.0682 235.311 73.2561 10.9 99.9223 74.2508 31.8266 132.144 132.521 29.3938 6.53686 6.83979 64.589 10.2652 23.2114 0.00000319467 39.1871
-67.3383 3.99649 19.4909 43.5444 2.87397 14.1398 16.4417 18.5787 30.8362 105.883 33.0682 235.311 59.8742 10.9 115.227 74.2508 31.8266 132.144 132.521 29.3938 6.53686 6.83979 53.5941 32.8414 23.2114 0.00000319467 37.4968
-67.1046 3.99649 19.4909 43.5444 2.87397 14.1398 16.4417 18.5787 30.8362 105.883 33.0682 235.311 59.8742 10.9 115.227 75.0498 31.708 132.144 132.521 29.8183 6.45095 6.83979 59.5603 43.3097 29.7027 0.00000319467 37.9164
-66.8265 5.73091 19.4909 43.5444 2.26136 18.4256 16.4417 18.5787 27.7524 105.883 32.9518 235.311 59.8742 10.9 115.227 76.4336 25.365 132.144 132.521 29.8183 6.45095 0.349375 73.2936 20.4684 68.0939 0.000001156 38.4847
-66.7084 5.73091 19.4909 43.5444 2.26136 18.4256 19.1392 22.8348 40.7419 105.883 29.8653 235.311 44.3424 10.9 115.227 78.5546 25.365 132.144 132.521 24.8074 6.45095 0.354902 73.2936 20.4684 68.0939 0.00000153172 39.4448
-66.6 5.73091 19.8684 43.8892 0.070196 19.6439 19.1392 22.8348 40.7419 105.883 24.1424 235.311 52.5676 10.9 115.227 77.9106 25.365 132.144 132.521 24.8074 9.14164 5.24781 58.3588 35.1509 102.04 0.00000184817 41.4542
-66.5217 4.28343 20.2143 43.8892 0.070196 19.6439 18.9467 22.8348 40.7419 105.883 24.1424 235.311 52.5676 10.9 115.227 77.9106 25.365 132.144 129.788 28.1926 7.17874 3.74484 38.1772 35.1509 102.04 0.000000994722 39.2724
-66.4763 4.28343 20.2143 43.6258 0.904631 19.6439 20.168 22.8348 40.7419 105.883 24.1424 235.311 52.5676 10.9 115.227 84.4851 25.365 132.144 127.609 23.8675 4.77205 3.74484 38.1772 29.1837 121.267 0.000000994722 41.986
-66.2599 4.28343 27.2681 47.6555 0.904631 9.03531 20.168 19.8719 40.7419 105.883 20.6565 235.311 52.5676 10.9 114.94 84.4851 25.365 132.144 127.609 30.543 5.35059 3.74484 12.8851 29.1837 98.3735 0.000000994722 40.0366
-66.1635 3.77195 22.4917 43.1191 8.15412 9.03531 20.6418 15.5669 48.5818 99.8502 20.6565 235.311 57.762 10.9 112.661 84.91 25.365 132.144 127.609 30.4823 6.04953 3.15605 80.6394 0.501858 159.799 0.00000818376 44.9382
-66.9902 3.77195 22.4917 43.1191 8.15412 9.03531 20.7784 15.5669 48.5818 99.4882 20.6565 235.311 57.762 10.9 112.661 84.91 25.365 132.144 127.609 2.56463 6.33582 19.1553 21.767 0.501858 154.686 0.0000152104 45.2451
-66.8122 3.77195 22.4917 43.1191 8.15412 9.03531 22.2036 15.5669 48.5818 99.9875 20.6565 235.311 57.762 10.9 112.661 84.91 25.365 132.144 127.609 5.88811 4.51303 28.637 41.3764 61.0461 154.686 0.0000134991 43.7715
-67.6777 3.77195 22.4917 43.1191 8.15412 9.72696 19.7915 15.5669 48.5818 99.9875 20.6565 235.311 57.762 11.6938 112.661 84.91 25.365 131.013 127.609 6.9884 6.64978 21.8047 21.2274 61.0461 119.601 0.0000110306 43.8024
-65.3688 3.77195 22.4917 43.1191 18.71 9.72696 19.7045 9.41224 48.5818 99.9875 20.6565 235.311 59.8905 11.6938 119.717 68.8454 25.365 132.375 127.609 7.84262 22.1373 21.8047 21.2274 33.5956 114.295 0.0000135027 42.9959
-65.3688 3.77195 22.4917 43.1191 18.71 9.72696 17.9555 9.41224 52.2571 99.9903 20.6565 235.311 59.8905 11.6938 113.352 73.8073 25.365 132.375 127.609 4.51044 22.1373 21.8047 21.2274 33.5956 141.451 0.0000105466 44.5415
-65.4827 3.11032 22.4917 43.1191 18.6076 9.72696 23.9208 9.41224 46.5904 98.7803 22.7165 235.311 61.6734 11.6938 113.352 72.6177 25.365 132.375 127.609 4.51044 21.1124 16.4764 21.2274 33.5956 113.093 0.0000127003 42.995
-65.3851 5.9388 18.0988 43.1191 18.6076 9.72696 22.2977 9.41224 46.5904 97.6777 22.085 235.311 69.6435 11.6938 113.352 93.1236 21.889 111.455 127.609 4.51044 21.1124 10.4717 39.2851 33.5956 128.933 0.000000162075 44.2204
-66.4663 5.9388 18.0988 43.1191 18.6076 10.1869 22.2977 9.40076 39.542 105.663 22.085 235.311 69.6435 11.6938 113.352 74.1678 21.889 111.455 149.264 4.51044 26.3907 10.1668 30.9836 77.496 101.022 0.000000162075 37.6749
-64.9259 5.9388 18.0988 43.1191 18.6076 10.1869 22.2977 9.40076 39.542 105.663 22.085 235.311 69.6435 11.6938 113.352 75.3368 21.889 111.455 149.264 4.51044 26.4604 10.1668 30.9836 77.496 113.963 0.000000162075 38.1426
-66.4255 6.54207 18.0988 32.8183 18.6076 16.3941 11.0882 5.2212 39.542 109.876 24.8612 235.311 69.6435 11.6938 113.352 75.3368 21.889 131.202 149.264 4.51044 25.4826 6.24375 25.3083 77.496 43.0706 0.000000162075 38.6063
-65.8641 5.78513 18.0988 32.8183 23.2003 16.3941 4.82648 7.73367 45.3917 109.876 24.8612 235.311 68.6549 11.6938 113.352 75.3368 21.889 116.9 149.264 1.8514 26.2473 6.24375 2.82299 90.2169 30.8662 0.000000162075 38.1841
-65.5887 5.78513 18.0988 32.8183 27.5396 13.2827 10.939 7.73367 36.1628 109.876 31.3051 235.311 68.6549 11.6938 113.352 69.7354 21.889 116.9 149.264 2.67863 26.2473 6.24375 2.82299 130.566 38.9653 0.000000162075 38.5784
-65.5887 5.78513 18.0988 27.9151 27.5396 18.9933 10.939 7.73367 36.1628 109.876 31.3051 235.311 68.6549 11.6938 113.352 76.8114 21.889 116.9 149.264 12.3953 9.86242 19.0563 33.4028 194.251 49.5338 0.000000222039 39.4487
-65.3958 5.78513 18.0988 27.9151 27.5396 18.9933 10.939 7.73367 45.8582 83.0027 50.3951 235.311 68.6549 11.6938 113.352 76.8114 19.9321 116.9 149.264 7.67975 9.86242 20.3387 4.76541 194.251 38.9165 0.000000126692 36.9641
-69.0983 4.16773 13.6798 27.9151 27.5396 16.7895 10.939 7.73367 45.8582 78.5073 24.4059 266.334 67.5985 11.6938 114.144 76.8114 19.9321 116.9 149.264 9.22801 9.86242 12.227 36.5414 194.251 69.2556 0.00000000638345 43.2645
-65.505 6.39308 15.1395 22.6011 38.1567 16.7895 10.939 6.30205 45.8582 78.5073 24.5747 266.334 67.5985 11.6938 116.601 76.8114 19.9321 116.9 149.264 1.81731 10.0154 9.27027 27.0166 194.251 50.1376 0.000000265218 41.2788
-65.505 6.39308 15.1395 21.2321 38.1567 16.7895 10.939 6.30205 45.8582 78.5073 27.6683 266.334 67.5985 11.6938 116.601 70.9288 19.9321 116.9 149.264 1.81731 0.24642 9.27027 27.0166 194.251 50.1376 0.000000265218 42.5208
-64.2649 3.31731 15.1395 14.851 42.7002 17.4159 10.939 10.7327 45.8582 90.0075 27.6683 252.904 71.1781 11.6938 116.601 64.2859 19.9321 178.209 86.5142 4.5505 2.03428 12.3843 12.09 167.279 50.1376 0.000000231232 42.857
-65.3951 3.31731 8.34304 17.634 42.7002 17.4159 12.2672 10.7327 45.8582 88.806 18.319 252.904 68.7564 11.6938 134.65 64.2859 19.9321 172.541 86.5142 3.44721 0.52123 14.0578 6.4612 195.72 67.8789 0.000000240827 40.7002
-63.8904 15.8832 8.34304 17.634 18.1487 24.8963 12.2672 10.7327 45.8582 119.6 33.4553 209.559 68.7564 11.6938 111.062 95.107 19.9321 159.04 68.8728 11.1057 27.6716 14.6613 6.46322 81.0558 109.634 0.000000223928 46.4367
-65.4593 16.6835 8.34304 9.43759 18.1487 33.4465 12.2672 9.30564 47.1048 119.6 33.4553 211.299 68.7564 11.6938 101.991 95.107 19.5047 187.513 68.8728 10.4509 27.6716 19.778 5.72589 127.387 15.7007 0.000000277486 43.0847
-65.3256 16.6835 2.33294 12.863 17.9861 33.4465 19.6169 9.30564 47.1048 119.6 33.4553 211.299 68.7564 11.6938 101.991 95.107 19.5047 191.685 68.8728 10.4509 15.7796 19.778 7.48227 127.387 15.7007 0.000000287967 40.8303
-65.3256 16.6835 2.33294 14.8805 17.9861 33.4465 19.6169 9.30564 47.1048 119.6 33.4553 211.299 68.7564 11.6938 101.991 95.107 19.5047 182.625 78.3838 7.39369 18.4831 15.2974 111.199 127.387 24.4137 0.000000653948 42.2168
-66.4952 17.9701 2.33294 14.8805 17.9861 33.4465 19.6169 9.30564 47.1048 119.6 33.4553 211.299 68.7564 11.6938 101.133 95.107 19.5047 182.625 78.3838 7.39369 12.3966 15.2974 117.232 134.366 24.4137 0.00000111346 39.7257
-64.3533 17.4819 2.33294 15.2207 17.9861 35.8611 19.8633 9.30564 47.1048 119.6 33.4553 211.299 68.7564 11.6938 101.133 86.0182 19.5047 182.625 76.0908 12.9359 12.8066 15.2974 79.7509 41.5188 48.7767 0.00000120443 40.643
-65.3703 19.7214 2.33294 12.0704 17.9861 35.8611 14.0717 9.30564 47.1048 119.6 33.4553 211.299 68.7564 9.93378 101.133 86.0182 25.3525 182.625 62.2488 8.66426 13.9664 15.2974 79.7509 154.256 25.6765 0.00000149186 45.8215
-63.6159 33.1914 2.33294 12.0704 18.8258 35.8611 1.8905 9.30564 47.1048 119.6 33.4553 211.299 68.7564 9.93378 101.133 86.0182 25.3525 197.193 64.1852 20.8172 14.0742 15.9651 72.8188 77.0394 25.6765 0.00000304982 45.5234
-63.9461 33.1914 2.33294 12.0704 19.4327 35.8611 1.8905 9.30564 47.1048 119.6 33.4553 211.299 71.93 9.93378 100.33 86.0182 25.3525 208.034 58.9067 0.295364 15.0101 21.0028 72.8188 37.3603 25.6765 0.0000117358 43.5554
-67.8309 33.1914 2.33294 12.0704 19.4327 35.8611 1.8905 9.30564 47.1048 119.6 33.4553 136.839 71.93 73.5305 101.059 86.0182 35.9931 205.367 58.9067 4.64729 14.8885 20.0029 27.3919 78.3436 91.1509 0.0000117358 43.022
-67.8309 33.1914 2.33294 12.0704 19.4327 35.8611 1.8905 12.2175 47.1048 119.6 33.4553 136.839 71.6244 73.5305 96.2348 89.7935 35.9931 205.367 55.9581 5.88865 14.8885 23.2679 27.3919 84.2588 77.7367 0.0000117358 41.8896
-69.0397 33.1914 12.7712 7.44779 13.7961 21.2269 1.8905 12.2175 14.6704 169.304 33.4553 136.839 70.0528 73.5305 96.2348 89.7935 35.9931 196.955 60.8528 3.93577 20.0566 19.9049 6.4881 12.5977 0.892254 0.00000482096 39.8304
-67.1421 33.1914 12.7712 7.44779 13.7961 21.2269 1.8905 12.2175 14.6704 169.304 33.4553 136.839 70.0528 73.5305 96.2348 89.7935 35.9931 196.955 60.8528 4.85409 13.5753 19.9049 58.8467 10.5099 46.9518 0.00000482096 37.4539
-64.3356 33.1914 12.7712 6.24906 13.7961 22.9066 14.8193 12.2175 17.046 169.304 33.4553 134.705 58.4546 73.5305 92.0963 89.7935 35.9931 206.294 55.9175 4.85409 13.5753 18.4114 45.9383 10.8447 12.4053 0.00000672695 36.4295
-64.4338 33.1914 12.7712 6.2754 13.7961 22.9066 14.8193 12.2175 13.8443 174.36 33.4553 134.705 58.4546 73.5305 92.0963 88.2049 35.9931 202.125 55.9175 14.2024 7.60351 18.4114 40.6436 7.74474 12.4053 0.00000672695 36.8323
-64.4914 33.1914 12.7712 6.2754 13.7961 22.9066 14.8193 12.2175 14.2385 174.36 33.4553 134.705 58.4546 59.7702 102.725 88.2049 35.9931 206.092 55.9175 11.441 13.2655 21.8017 71.0323 41.7294 7.49107 0.00000403377 37.7554
-64.4914 33.5894 10.5011 7.40975 15.1526 21.7208 14.8193 12.2175 13.6004 174.36 33.4553 134.705 60.0031 59.7702 102.725 77.7854 35.9931 184.141 96.2371 14.3953 13.5873 15.9533 2.88709 1.71944 5.3598 0.00000403377 41.8743
-70.8966 33.5894 9.60528 6.85214 15.6812 24.4309 14.8193 12.4165 13.6004 170.704 33.4553 134.705 59.1219 62.7815 102.725 77.7854 35.9931 185.637 96.2371 14.3953 11.9088 6.77973 2.80996 7.7569 9.52509 0.00000205771 41.703
-70.8966 33.5894 9.60528 8.21751 15.6812 24.4309 14.8193 12.4165 13.6004 170.704 33.4553 134.705 62.0035 62.7815 102.725 77.7854 35.9931 175.478 96.2371 14.3953 20.8502 6.21593 9.80401 28.9618 11.9525 0.00000205771 41.2579
-62.7149 31.8873 9.80391 5.08528 15.6812 24.4309 14.8193 11.8711 18.1352 170.704 33.4553 128.375 62.0035 89.8245 102.725 59.8248 35.9931 166.75 96.2371 14.3953 6.28583 24.1422 9.80401 30.9929 66.0788 0.00000243518 41.2963
-64.7929 32.0016 9.80391 5.08528 15.6812 22.305 14.8193 11.8711 14.5433 170.704 33.4553 128.375 58.6633 91.6292 104.388 59.8248 35.9931 166.75 93.1542 2.47464 10.1078 22.2227 33.3549 17.888 55.3399 0.00000182217 42.7497
-64.7929 27.5394 22.1863 5.08528 19.3282 21.5737 14.8193 6.1778 12.8364 141.043 61.5222 128.375 60.2969 91.6292 104.388 59.9599 35.9931 166.75 87.079 2.47464 10.1078 45.4455 33.3549 14.3318 65.2675 0.00000000878426 36.308
-67.1676 33.9809 15.2624 6.95851 19.3282 14.13 13.8113 21.7096 10.6185 141.043 61.5222 128.375 59.6773 75.3252 109.344 73.8485 35.9931 166.75 79.3923 26.7738 13.4019 15.2084 33.3549 55.6355 48.142 0.00000000878426 33.8319
-66.9192 32.9574 13.9011 2.38766 21.8363 20.2077 10.4896 22.0915 10.2403 141.043 65.3337 128.375 56.3453 90.2162 109.344 51.54 35.9931 166.75 79.3923 18.93 7.45937 38.9898 33.3549 103.315 45.9371 0.00000000878426 38.5133
-66.7909 30.0986 7.55734 2.38766 29.3537 18.8905 5.83702 18.1351 14.5315 147.598 65.3337 128.375 57.5735 90.2162 115.37 51.54 35.9931 178.18 79.3923 5.18744 20.79 25.972 58.5667 12.6965 45.9395 0.00000000878426 33.1305
-67.127 30.374 6.47348 2.38766 29.3537 18.7851 5.83702 18.1351 9.79737 147.598 65.3337 128.375 46.2436 92.4498 115.37 51.54 50.4668 178.18 78.2809 4.06406 18.8346 25.972 49.5948 30.4402 45.9352 0.00000000878426 31.6991
-66.6526 30.9692 6.47348 2.38766 29.3537 19.6868 5.83702 19.4272 12.3833 147.598 65.3337 128.375 46.2436 92.4498 115.37 51.54 50.4668 178.18 78.2809 12.9346 14.1809 12.1313 49.5948 43.5793 45.9352 0.00000000878426 30.7412
-66.8672 30.6249 3.82598 2.38766 24.4823 22.1852 5.83702 18.8251 12.3833 147.598 65.3337 128.375 46.2436 92.4498 115.37 51.54 50.4668 178.18 78.2809 12.9346 0.776562 10.7955 9.02243 18.502 45.9352 0.00000000878426 34.2713
-66.7987 28.6005 9.01519 10.9587 18.2039 23.4402 11.1517 12.3796 9.6045 157.75 65.3337 126.113 46.2436 80.8737 115.37 54.0034 50.4668 178.18 78.2809 8.93244 27.7737 6.32889 147.953 21.1696 45.9352 0.00000000878426 31.9173
-67.0698 27.0624 8.12774 7.75441 18.7602 24.65 5.24537 10.3003 16.4834 165.055 65.3337 122.757 44.8394 86.053 115.37 39.7023 50.4668 190.941 78.2809 19.0894 20.0451 6.32889 123.371 33.5854 45.9932 0.00000000878426 33.7057
-67.6019 26.8063 6.03445 7.75441 18.8889 27.5029 5.24537 9.82186 16.4834 165.055 62.3064 122.757 44.8394 86.053 115.37 39.7023 50.4668 190.941 79.3236 20.6957 20.5042 6.32889 69.2736 30.0436 45.9569 0.00000000878426 32.6087
-67.0233 25.7282 5.34035 13.7857 14.86 29.3574 5.85854 9.82186 15.8154 165.055 69.8262 122.757 56.5224 77.6911 115.37 39.7023 50.4668 190.941 79.3236 19.2721 3.63986 3.08181 76.041 37.8631 45.9063 0.00000000878426 31.7892
-65.4097 22.7629 5.34035 9.08976 17.004 36.2179 5.85854 11.2733 14.9516 158.129 69.8262 122.757 56.5224 67.5585 108.004 48.3567 59.5774 190.941 79.3236 19.2721 3.63986 11.1092 95.0587 63.0703 45.9895 0.00000000878426 31.8021
-65.4864 22.7629 5.34035 9.08976 17.004 36.2179 2.78316 15.0329 14.9516 158.129 69.8262 122.757 63.7202 57.6741 108.004 48.3567 59.5774 252.557 18.15 11.2098 11.3612 10.7317 95.0587 70.9218 45.9902 0.00000000878426 33.182
-64.9381 22.5864 5.34035 8.94442 17.004 37.2353 4.39695 15.0329 14.9516 158.129 69.8262 124.051 63.7202 57.6741 108.004 42.4645 59.5774 252.557 18.15 23.0735 10.4821 10.7317 58.6138 55.0271 45.99 0.00000000878426 32.0563
-65.3487 19.2437 15.0033 8.94442 17.004 27.4155 4.39695 15.0329 17.3922 158.129 69.8262 124.051 63.7202 57.6741 108.004 42.4645 59.5774 252.557 18.15 23.0735 17.5529 0.777294 50.3591 78.6198 48.0411 0.00000000878426 32.6026
-64.6116 19.2437 13.5582 10.1024 17.004 28.1756 4.39695 16.2378 8.06511 158.129 69.8262 124.051 63.7202 73.7962 120.548 26.6221 59.5774 252.557 18.15 18.3137 17.9765 0.777294 43.6508 45.4759 48.0411 0.00000000878426 33.7478
-65.7895 19.2437 13.5582 10.1024 17.2075 20.3974 4.39695 16.2378 13.9536 158.129 69.8262 129.296 49.6117 90.0507 120.548 26.6221 47.5669 252.557 18.15 17.0337 14.4912 13.7898 51.041 29.8409 41.7237 0.00000000678076 35.2713
-65.5474 19.2437 19.0399 16.472 17.2075 20.3974 9.22984 13.897 20.6695 158.129 69.8262 129.296 28.3767 100.583 120.548 18.5266 47.5669 252.557 18.15 15.9737 14.3349 17.6773 75.7998 29.8409 42.2324 0.00000000678076 37.7083
-65.353 19.2437 19.0399 17.9579 18.3124 20.3974 9.22984 13.897 22.6281 158.129 69.8262 129.296 28.3767 94.0964 120.548 23.1126 47.5669 245.393 18.15 7.58857 19.2602 14.2964 83.8496 9.90158 48.8903 0.00000000678076 35.3868
-67.6648 11.1315 18.4622 17.1352 18.3124 20.3974 9.22984 13.3989 22.8565 158.129 68.2564 129.296 28.7717 94.0964 120.548 30.7756 47.5669 245.393 18.15 9.92635 36.7187 7.72493 79.385 20.6146 48.7301 0.00000000678076 37.7729
-63.6443 11.5483 19.8451 17.2616 16.2488 20.3974 10.9303 13.3989 22.393 158.129 68.2564 129.296 32.3559 94.0964 112.395 32.3137 47.5669 245.393 18.15 10.2459 36.7187 7.72493 68.1478 17.9463 47.3043 0.00000000678076 37.8495
-68.3962 12.5707 19.8451 17.9729 19.3262 20.8032 10.0473 18.483 21.1385 158.129 68.2564 129.296 24.2533 93.7793 112.395 39.4424 47.5669 245.393 18.15 10.0987 29.77 7.34161 82.1064 32.3944 46.821 0.00000000678076 33.7028
-67.5386 12.5707 19.8451 20.1535 19.3262 18.301 10.0473 18.483 21.1385 158.129 68.2564 128.655 24.2533 91.1674 111.723 39.4424 47.5669 245.393 14.8681 10.0987 29.77 8.10339 72.7038 32.3944 46.821 0.00000000678076 31.4629
-67.186 14.3791 16.4957 20.2749 19.3262 18.301 9.2837 18.1369 21.6502 158.129 69.9009 128.655 24.2533 91.1674 108.195 39.4424 47.5669 245.393 14.8681 12.6039 34.0416 11.739 55.4534 144.045 41.2631 0.00000000678076 37.7047
-67.186 14.3791 16.4957 21.3679 20.0588 18.301 9.2837 2.41838 23.0786 155.284 69.9009 128.655 24.2533 91.1674 125.03 55.2897 41.5182 245.393 4.13873 12.4571 25.279 18.8643 95.8783 144.045 42.985 0.00000000678076 36.422
-67.186 14.2269 16.4957 22.4334 15.9423 26.812 4.88027 2.41838 22.3558 155.284 69.9009 128.655 24.2533 91.1674 125.03 56.8638 41.5182 245.393 4.13873 14.8521 23.557 19.9333 67.3262 144.045 21.1887 0.00000000678076 36.0212
-66.414 14.2269 13.9313 22.4334 15.9423 26.135 4.88027 2.41838 23.2858 155.284 69.9009 128.655 34.8125 91.1674 125.03 45.6402 44.7463 245.393 4.13873 14.0037 20.8701 21.6579 72.0873 86.4824 21.1887 0.00000000678076 33.4194
-65.6581 6.69557 24.3888 20.8497 12.3205 20.1133 15.1129 2.41838 24.6644 155.284 68.6745 128.655 30.7117 91.1674 154.2 45.6402 23.5103 245.393 4.13873 34.1666 3.8105 13.1554 57.775 56.4652 38.4933 0.00000000678076 34.2798
-64.992 6.69557 24.3888 20.8497 9.1152 23.9123 7.53876 2.13637 25.1174 155.284 68.6745 113.761 30.7117 107.85 154.2 44.2266 23.5103 245.393 4.13873 34.1666 2.66147 14.0721 30.5304 50.4437 47.9121 0.00000000678076 32.5679
-67.3793 6.69557 24.3888 26.7987 8.62703 23.9123 7.53876 2.13637 21.1399 155.284 68.6745 113.761 30.7117 107.469 154.2 44.2266 23.5103 245.393 4.13873 34.1666 3.75591 14.0721 30.5304 39.6144 49.6264 0.0000000590943 34.5194
-67.3793 6.69557 24.3888 26.7275 8.62703 23.9123 7.53876 2.13637 20.7005 155.284 68.6745 113.761 30.7117 107.469 154.2 44.2266 23.5103 245.393 4.13873 34.1666 6.68033 13.4022 30.5304 39.8754 62.5873 0.0000000684567 34.3882
-67.0645 5.74042 24.3888 25.3598 8.82873 23.9123 7.53876 4.24183 20.7005 155.284 68.6745 113.761 31.0561 107.163 114.952 83.5756 23.5103 245.393 4.13873 43.75 8.90591 6.93089 30.5304 39.8754 43.0926 0.0000000874217 36.3131
-67.0645 5.74042 24.3888 25.7593 8.91078 23.9123 6.78705 4.24183 20.7005 155.284 68.6745 113.761 31.0561 107.163 114.952 83.5756 23.5103 245.393 4.13873 43.75 8.90591 4.24413 31.7757 47.9282 66.9211 0.0000000874217 35.0714
-61.9349 6.0984 27.4926 25.741 7.1688 22.1865 6.78705 5.03658 21.3124 154.092 68.6745 113.761 31.0561 107.163 114.952 81.5141 23.5103 245.393 4.13873 43.75 9.74351 4.24413 17.6077 47.9282 14.1668 0.0000000891044 37.9435
-62.5348 6.0984 27.4926 26.2065 5.72856 25.1052 6.78705 5.03658 21.3124 154.092 68.6745 113.761 31.0561 107.163 130.776 81.5141 7.04297 245.393 4.13873 40.7997 7.9109 6.24737 1.85106 99.2777 23.1386 0.000000193327 39.3719
-69.649 6.0984 27.4926 26.3041 14.1419 10.5356 6.78705 5.03658 21.8814 154.092 68.6745 113.761 31.0561 107.163 132.902 69.4132 7.04297 245.393 4.13873 40.7997 10.1547 6.24737 21.2947 6.76949 23.1386 0.0000000305654 44.6709
-67.0685 29.3446 10.0011 20.9189 22.7733 2.12704 5.64476 5.03658 25.432 153.78 68.6745 113.761 31.9939 107.163 132.902 69.4132 13.7388 245.393 31.2412 20.5021 10.1547 4.89443 21.2947 22.1178 26.0419 0.000000502046 37.1415
-67.1713 24.455 13.2693 21.0259 26.025 2.12704 9.83342 5.03658 24.3 153.78 75.4449 113.761 31.9939 109.047 132.902 65.6202 13.7388 245.393 4.03267 11.477 12.787 2.93628 71.2596 32.5948 59.1034 0.000000689862 38.6382
-66.4022 24.455 13.2693 16.6584 26.025 3.8772 9.83342 1.63849 25.4765 153.78 75.4449 113.761 35.6707 109.047 114.789 58.306 38.7524 245.393 4.03267 3.35412 9.12466 31.2765 6.20572 43.5472 57.9562 0.00000106863 38.8269
-65.4203 25.0569 13.2693 24.8707 17.3108 3.8772 9.83342 1.63849 26.1959 153.78 75.4449 113.761 35.6707 104.55 114.789 56.9415 38.7524 245.393 4.03267 2.16969 9.12466 30.2375 14.4821 13.7043 52.2594 0.0000000190999 33.6855
-64.9717 25.2984 13.2693 24.8707 15.9328 8.20638 9.66512 1.63849 27.3801 153.78 75.4449 113.761 36.9961 104.55 114.789 52.8484 38.7524 245.393 4.03267 22.603 2.60701 30.2375 7.56993 13.7043 43.6542 0.0000000190999 32.3134
-64.5729 23.7176 11.415 24.8707 15.9328 8.20638 9.66512 1.63849 26.3003 153.78 75.4449 113.761 36.9961 108.609 114.789 58.8479 38.7524 245.393 4.03267 21.51 1.38533 30.2375 7.56993 67.3175 33.4468 0.0000000190999 34.6572
-64.4033 24.5298 14.767 19.4948 18.8311 8.20638 9.66512 0.224494 26.3972 153.78 75.4449 103.251 36.9961 113.772 114.789 53.8593 38.7524 245.393 4.03267 20.0993 1.40089 40.4763 7.56993 119.41 37.4344 0.0000000213273 39.8376
-64.7113 24.9981 15.2681 20.304 19.11 5.98124 9.66512 0.224494 26.2691 153.78 75.4449 97.9984 35.535 128.271 114.789 56.8863 38.7524 245.393 3.63534 8.79953 1.62453 33.0448 78.1386 105.502 48.5234 0.0000000213273 38.3458
-65.9812 24.226 19.1814 18.9696 17.9473 5.98124 9.66512 0.78044 26.2749 153.78 29.4185 136.705 32.0752 129.527 125.386 55.4437 38.7524 243.253 3.63534 6.19628 1.72337 24.8758 24.6229 79.3332 125.375 0.00000000559032 36.7995
-65.5833 22.2425 17.7838 18.3437 15.961 7.95965 9.66512 5.7383 26.2786 153.78 33.8498 136.705 30.985 115.78 125.386 48.6811 38.7524 260.277 3.63534 7.4837 9.07087 24.8758 24.6229 97.9307 162.616 0.0000000140627 37.0631
-66.9436 22.2425 14.3571 18.5848 17.9183 8.59218 9.66512 5.7383 26.0099 153.78 33.8498 138.185 40.5532 115.78 125.386 34.8614 47.9399 260.277 3.63534 9.92469 4.75192 24.8758 18.7115 120.689 87.1958 0.000000104494 38.6654
-66.1781 22.2425 7.29361 18.8241 22.3207 13.4367 9.66512 5.7383 26.0342 153.78 35.131 137.643 40.5532 119.267 125.386 24.796 47.9399 260.277 11.3497 15.3557 8.73864 23.1505 35.3695 148.804 64.9978 0.000000275195 37.2968
-66.1781 22.2425 7.29361 18.8908 22.3207 13.4367 9.66512 5.7383 26.0104 153.78 35.131 137.643 40.5532 120.013 125.386 22.904 47.9399 260.277 11.3497 10.0055 2.9185 23.1505 40.1508 158.885 64.9978 0.000000275195 39.2416
-66.1781 22.2425 17.1736 18.8908 12.4197 13.4367 9.66512 5.7383 23.8946 153.78 37.6172 137.643 40.5532 119.645 125.386 22.904 47.9399 260.277 11.3497 9.9275 2.9185 30.1077 72.1165 118.636 64.9978 0.000000182478 36.6558
-65.1252 24.109 17.1736 17.7233 10.9618 13.4367 9.66512 5.7383 24.7606 153.78 37.6172 137.643 40.5532 119.645 125.386 22.904 47.9399 260.277 11.3497 13.5499 2.9185 5.90395 66.6687 143.189 33.1843 0.000000182478 37.5054
-64.8048 18.395 18.1099 17.7233 17.8561 13.4367 25.2592 5.80907 23.9917 153.78 37.6172 137.643 12.553 128.055 127.391 30.1598 47.9399 269.686 11.3497 13.5499 6.25826 1.8033 59.811 102.605 34.9347 0.000000544801 41.9614
-64.4289 17.4197 17.8428 17.2601 17.9178 20.2497 6.53049 0.338132 24.9263 155.394 51.1546 137.643 19.8083 121.431 120.9 31.6578 47.9399 269.686 11.3497 12.7432 13.1006 10.6115 53.9105 160.831 48.1557 0.00000166466 45.6645
-63.6461 26.0652 10.2554 15.596 24.7127 10.378 11.4469 15.5104 26.1816 155.394 39.2926 137.643 19.8083 117.769 101.108 33.7053 51.5999 269.686 11.3497 14.8347 14.587 12.3139 41.3181 160.485 133.153 0.00000166466 48.7841
-64.8047 26.0652 13.1787 15.3623 19.1896 7.06768 11.9599 16.0877 32.8366 155.394 41.8326 137.643 19.8083 101.795 107.25 47.7619 51.5999 269.686 11.3497 7.84863 14.587 7.92754 40.9216 160.485 15.5139 0.00000166466 42.3204
-64.8047 26.0652 13.1787 15.3623 19.1896 7.06768 11.9599 16.0877 32.8366 155.394 41.8326 137.643 19.8083 101.795 107.25 47.7619 51.0779 269.686 11.3497 7.84863 14.887 7.57543 39.8651 160.485 15.5139 0.00000166466 42.3261
-62.5318 26.0652 13.1787 15.3623 19.1896 7.06768 10.9165 16.0877 32.8366 153.873 41.8326 137.643 19.8083 101.795 107.25 47.7619 54.3749 269.686 11.3497 7.84863 14.6657 1.54508 42.4244 13.9532 15.5139 0.00000180921 44.0091
-67.8001 26.166 6.72022 20.0449 33.7683 8.70108 10.9165 7.24908 31.39 153.873 41.8326 137.643 19.8083 101.795 133.539 46.7082 54.3749 228.928 11.3497 7.84863 14.6148 1.39918 56.3251 31.5731 30.7558 0.00000172046 43.9054
-67.8001 26.166 7.23317 20.0449 32.1645 8.70108 17.1058 7.24908 24.2321 153.873 41.8326 131.335 19.8083 101.795 133.539 45.201 54.3749 230.803 11.3497 14.2569 14.355 1.89534 48.8352 12.7881 37.1394 0.00000115256 42.8559
-64.8755 26.166 7.23317 21.4558 32.1645 8.70108 17.1058 6.32216 22.6116 153.873 41.8326 131.335 19.8083 99.6203 133.539 45.201 55.2615 230.803 11.3497 15.7221 14.44 23.6452 48.8352 15.0443 146.731 0.00000115256 41.644
-64.3043 26.166 7.23317 20.651 32.1645 9.44833 17.1058 6.32216 22.6116 153.873 41.8326 131.335 19.8083 99.6203 133.539 53.2386 58.8722 226.054 11.3497 14.9114 14.5292 26.0862 7.62104 17.1458 120.669 0.000000738657 42.7753
-64.3043 26.166 6.33166 21.3485 32.1645 9.44833 16.3559 6.32216 23.4309 153.873 41.8326 131.335 19.8083 111.685 110.809 53.2386 58.8722 226.054 11.3497 14.9114 16.5636 15.0212 9.17737 17.0848 120.669 0.00000144861 42.4476
-64.8201 26.166 6.33166 21.4605 32.1645 10.2787 16.3559 6.32216 23.476 153.873 41.8326 131.335 19.8083 107.326 125.046 53.2386 58.8722 226.054 11.3497 14.9114 15.329 15.0212 9.17737 16.6298 98.3831 0.00000101429 41.8394
-63.5439 26.166 6.33166 21.4605 32.1645 10.2787 16.3559 5.19449 24.7287 153.873 41.4757 131.335 11.7095 126.724 35.2559 50.1143 125.178 226.054 22.3603 3.71815 17.0955 6.23811 128.702 15.8364 136.773 0.00000101429 44.3176
-61.688 26.166 6.33166 21.4605 31.7515 8.91407 23.0245 5.19449 20.0498 153.873 41.4757 131.335 11.7095 127.687 42.3203 67.0853 112.516 226.054 22.3603 2.96703 31.6192 12.259 128.702 15.9484 93.7306 0.000000335607 48.2207
-68.1294 23.9347 6.82579 20.7612 26.6905 7.74045 25.646 8.12213 15.5646 154.701 51.8661 138.255 11.7095 128.983 34.0331 52.4259 102.119 252.923 22.3603 2.96703 20.8518 7.05221 136.832 15.8879 95.2615 0.000000157364 41.2406
-67.7467 18.8865 6.91131 21.3607 26.6905 7.05472 19.5611 6.31939 15.5646 154.701 46.4137 138.255 11.7095 139.45 34.0331 53.8115 107.949 252.923 22.3603 3.14704 25.0568 7.43132 215.681 15.8943 73.6655 0.000000231178 42.2482
-67.9894 18.8865 13.1826 21.3607 14.2122 21.9026 20.0175 0.997944 12.864 154.701 46.4137 138.255 21.149 139.45 34.0331 53.8115 105.512 246.548 22.3603 0.460111 2.92223 7.43132 243.516 15.8943 26.8844 0.000000148062 42.8146
-68.8535 18.8865 12.929 21.3607 27.6861 6.27244 16.8563 7.09898 5.3032 154.701 54.1201 137.653 19.1402 139.45 34.0331 53.8115 105.512 246.548 15.5019 9.60289 6.7199 9.13318 207.002 15.8522 59.5182 0.0000000439062 39.8574
-68.8535 18.4576 12.929 21.3607 27.6861 5.81031 16.8563 7.09898 5.3032 154.701 40.3787 137.653 19.1402 139.45 34.0331 56.7889 112.638 251.074 15.5019 6.9783 9.7027 19.5243 219.11 15.8449 51.7782 0.000000012726 39.4125
-68.8253 15.453 14.0616 24.5803 39.0491 1.58433 16.8234 9.16721 3.16898 154.701 40.7256 137.653 17.215 139.45 34.0331 56.2509 100.106 251.074 15.5019 4.5572 16.0645 10.4376 108.751 16.5839 71.7236 0.0000000261902 39.3406
-69.1038 15.453 14.0616 25.5521 38.6355 1.58433 16.8234 9.21628 1.91632 154.701 40.7256 137.653 17.215 139.45 34.0331 52.0902 116.984 251.074 15.5019 4.94241 17.0769 14.7594 107.315 16.5839 45.9757 0.0000000314237 37.5293
-70.3391 17.5665 14.0616 25.5521 38.6355 0.943469 19.8003 9.65041 1.91632 154.701 40.7256 137.653 17.215 139.45 35.0719 52.0902 122.121 237.108 15.5019 5.6616 17.0769 14.7594 100.11 16.4712 25.8055 0.0000000441513 43.9796
-65.6533 17.5925 14.0616 15.7259 38.6355 0.120772 19.8003 11.533 5.84532 154.701 40.7256 137.653 17.215 139.45 34.1769 43.2399 122.121 237.108 15.5019 9.75675 21.9526 32.2537 96.146 16.0404 22.612 0.0000000153815 36.454
-66.3858 17.5925 15.9393 14.4275 39.7854 0.201092 19.8003 9.80668 5.84532 154.701 19.1135 161.149 17.215 139.45 34.1769 40.9756 122.121 226.472 15.5019 13.0463 27.2851 18.7859 35.0112 17.4207 49.4951 0.0000000311516 40.7075
-65.8553 17.5925 15.9393 12.0113 39.7854 0.210519 22.4581 9.89367 5.84532 154.701 19.1135 161.149 17.215 139.45 34.1769 39.7692 133.656 226.472 15.5019 16.6041 22.2347 18.1327 87.1541 18.3608 24.3616 0.0000000325825 36.6247
-64.6174 17.3891 15.9393 10.1386 39.1695 0.210519 23.534 9.89367 6.58006 154.701 19.1135 161.149 17.215 139.45 34.1769 40.7212 133.656 226.472 15.5019 18.9418 19.8955 21.96 103.808 18.4655 15.5382 0.0000000545794 38.1484
-65.6548 19.1555 12.7298 11.5946 39.1695 0.210519 24.9984 12.3162 6.58006 154.701 19.1135 161.149 17.215 139.45 34.1769 32.426 133.656 226.472 31.9616 8.56546 6.90902 22.5002 74.1434 20.2642 15.5382 0.000000266804 37.5005
-67.5269 20.8285 12.4837 3.34031 46.7152 0.210519 23.4877 12.3162 6.58006 154.701 19.1135 161.149 17.215 139.45 46.727 21.6436 133.656 231.412 31.9616 8.56546 3.36326 25.6557 74.1434 18.9638 15.5382 0.000000266804 36.9008
-67.9256 20.8285 12.4837 3.36404 46.7152 0.210519 24.5849 12.3162 6.58006 154.701 19.1135 161.149 17.215 139.45 46.727 21.6436 133.656 231.412 31.9616 9.55044 3.36326 25.6557 60.1493 20.4191 15.5382 0.000000266804 37.3209
-67.9256 20.8285 12.4837 1.96676 46.7152 0.210519 20.2155 11.8325 6.58006 154.701 19.1135 161.149 17.215 139.45 48.8366 21.6436 133.656 231.412 31.9616 0.423658 3.36326 17.2081 62.408 19.5861 43.7901 0.000000136152 38.3507
-63.9641 20.8285 16.436 5.47694 46.7152 5.52419 6.36263 13.1614 9.15009 154.701 19.1135 161.149 17.215 139.45 48.8366 21.6436 133.656 231.412 31.9616 3.53494 3.49135 12.2332 69.8404 19.7233 43.7901 0.000000136152 37.1799
-65.2556 16.0051 16.7713 3.55633 46.7152 5.52419 6.36263 9.79882 9.15009 161.492 19.1135 161.149 17.215 139.45 48.8189 19.7046 133.656 231.412 31.9616 5.92602 4.69599 17.3937 159.976 19.7805 32.8283 0.000000136152 40.5768
-66.0617 16.0051 16.7713 5.06255 8.11497 45.6604 6.36263 12.3734 9.15009 161.492 19.1135 161.149 17.215 139.45 48.8189 17.6593 139.016 15.233 254.947 5.09476 2.47243 13.549 82.9475 19.756 67.1332 0.000000148874 38.2996
-66.0617 21.8573 16.7713 4.91965 8.11497 39.053 14.263 12.3734 1.33122 161.492 19.1135 161.149 17.215 139.45 48.8189 17.6593 139.016 15.233 254.947 4.32522 3.86102 13.7499 59.6032 17.5202 67.1332 0.000000174627 38.0395
-67.7377 21.2025 16.7713 4.44538 8.11497 39.053 14.671 11.4503 1.33122 161.492 19.1135 161.149 17.215 139.45 50.3566 17.6593 139.016 15.233 254.947 4.52429 6.51799 19.0541 59.6032 19.0767 56.3599 0.0000000835909 37.7125
-67.1465 24.5934 12.7946 4.69249 15.5653 32.6738 26.7918 29.1759 1.33122 135.204 11.7 161.149 17.215 122.746 69.3197 17.6593 139.016 23.03 254.947 4.64843 1.51997 19.0541 47.4808 18.6324 42.9564 0.000000106174 39.0888
-67.4645 24.2556 12.7946 4.7187 15.5653 33.7343 26.7918 29.1759 1.33122 135.204 11.7 161.149 17.215 122.746 66.6587 17.6593 133.204 23.03 254.947 7.08347 1.05643 25.1805 53.2102 18.6568 143.248 0.0000000557776 42.0377
-67.4645 22.3846 12.7946 4.75634 15.5653 33.7343 26.7918 15.5756 1.33122 135.204 11.7 181.481 17.215 138.821 60.3384 16.7435 120.7 23.03 254.947 2.84675 1.05643 26.251 44.836 16.3717 317.257 0.0000000557776 43.8472
-67.4645 24.1812 12.7946 5.02707 14.4317 30.231 26.7918 15.5756 1.33122 135.204 11.7 181.481 17.215 138.821 60.3384 16.7435 120.7 23.03 254.947 7.05024 1.05643 26.251 29.3747 15.5886 223.824 0.0000000557776 42.6597
-66.1506 25.164 12.7946 5.1874 14.4317 30.231 26.7918 15.6517 1.33122 135.204 11.7 181.481 17.215 138.821 60.3384 16.7435 120.7 23.03 254.947 6.75202 1.99461 26.251 29.3747 22.708 223.824 0.0000000748765 39.8419
-66.9253 25.164 12.7946 5.09168 14.4317 28.4766 27.3801 18.4659 1.33122 135.204 11.7 181.481 17.215 138.821 60.3384 16.7435 120.7 23.03 254.947 6.75202 0.226313 21.0181 24.8977 20.3479 204.266 0.0000000384811 40.1664
-64.476 25.164 30.0736 4.9499 16.0857 12.2393 31.978 9.08054 1.33122 135.204 11.7 181.481 17.215 138.821 65.2649 17.3023 120.7 23.03 254.947 3.0583 0.729667 20.0506 3.52265 15.4546 108.482 0.0000000427138 39.0444
-65.1959 21.553 34.5473 5.73609 14.154 9.52592 31.978 8.22048 1.33122 135.204 11.7 181.481 17.215 138.821 65.2649 17.3023 119.877 23.03 260.817 1.72435 8.70216 19.3774 26.0033 53.7514 82.1457 0.0000000285981 37.515
-64.6829 14.5214 35.9887 5.67837 16.0905 8.64108 28.8961 16.1636 1.33122 135.204 11.7 181.481 17.215 138.821 74.4414 2.9702 119.877 23.03 260.817 0.980057 11.2605 15.1302 99.9752 43.439 68.1009 0.0000000327258 41.2228
-67.0938 20.8221 35.9887 5.607 16.0905 8.64108 38.2979 7.49726 1.33122 140.456 11.7 181.481 17.215 138.821 67.7017 9.61238 119.877 15.5611 260.817 0.980057 2.76514 25.0807 125.584 45.6923 76.4397 0.0000000327258 42.4751
-63.8548 22.5797 37.2662 5.67164 10.0382 12.3395 25.5695 6.73091 12.1768 134.469 11.7 181.481 17.215 138.821 30.7743 12.6124 157.345 15.5611 280.995 0.942994 2.92436 5.05928 67.0801 35.3523 70.6184 0.00000001624 39.0936
-63.8548 25.1947 37.2662 5.88579 10.0382 5.48181 22.6569 4.34269 20.1098 134.469 11.7 181.481 17.215 138.821 30.7743 12.6124 157.345 15.5611 280.995 0.942994 0.474949 5.05928 74.5948 31.6863 62.8958 0.0000000114607 39.217
-67.2313 22.0639 37.2662 6.0533 10.0382 9.44771 22.182 3.69749 20.1098 134.469 11.7 181.481 17.215 138.821 30.7743 12.6124 152.612 15.5611 280.995 1.2374 12.9904 5.05928 58.5275 40.3222 119.658 0.00000000856083 38.0661
-65.1117 19.2675 37.2662 6.01867 10.0382 9.44771 23.7845 7.82867 20.1098 131.891 11.7 181.481 8.65873 141.927 36.9113 12.6124 152.612 15.5611 280.995 1.78948 7.73826 5.05928 91.4823 41.7075 108.198 0.00000000685448 36.8246
-64.9779 19.9509 37.2662 5.69454 10.0382 9.44771 23.7845 7.82867 20.1098 131.891 11.7 181.481 8.65873 141.927 36.9113 12.6124 155.292 15.5611 272.715 1.78948 7.73826 12.7612 61.2925 45.949 122.337 0.000000010379 36.7373
-65.6838 18.0755 3.95278 6.27565 46.1007 9.44771 23.7845 7.82867 23.3107 131.891 11.7 181.481 8.65873 141.927 36.9113 12.6817 155.292 15.5611 272.715 1.83151 9.05709 3.52607 61.2925 50.1559 97.5584 0.000000010379 35.9688
-63.503 17.6928 3.95278 6.23672 46.1007 9.44771 25.6802 3.43094 23.4833 131.891 11.7 181.481 8.65873 141.927 36.9113 12.6817 155.292 15.5611 272.715 5.48236 4.89058 3.52607 48.7333 54.9646 97.5584 0.00000000790933 36.9496
-65.5054 17.6928 3.71056 6.78375 46.1007 9.89653 25.5361 6.83352 23.4833 131.891 11.7 181.481 8.65873 137.808 36.9113 12.6817 155.292 15.5611 274.829 6.44773 4.98718 3.2529 71.5743 54.5312 97.5584 0.00000000958956 35.6908
-64.1543 17.6928 3.71056 7.16432 46.1007 9.89653 22.049 10.5225 22.82 131.891 11.7 181.481 8.65873 137.808 36.9113 12.6817 155.292 15.5611 274.829 6.67498 4.98718 3.2529 71.5743 52.7888 135.757 0.0000000124842 37.9235
-65.4044 17.09 3.71056 6.50454 39.1429 18.8726 10.3487 8.2716 28.399 131.891 11.7 181.481 11.156 137.808 43.583 12.6817 155.292 15.5611 274.829 5.98208 3.93149 3.2529 52.2879 54.1832 90.6903 0.0000000618877 37.5473
-65.9938 26.2081 6.61175 5.89313 34.6949 22.1899 9.93292 10.2286 16.1522 131.891 11.7 181.481 10.118 137.808 43.583 14.4386 155.292 15.5611 274.829 5.20311 5.59436 2.69124 4.80467 56.1653 157.478 0.0000000835923 41.5056
-66.6235 29.5252 8.39687 4.93417 34.2944 23.6107 9.93292 7.52467 16.1522 131.891 11.7 181.481 10.118 137.808 43.583 12.2332 155.292 15.5611 257.958 5.64247 7.45254 3.26035 36.7192 36.3613 157.478 0.0000000831867 39.2112
-68.3869 29.5252 8.39687 4.93417 34.2944 23.6107 9.93292 11.5294 16.1522 131.891 11.7 181.481 10.118 137.808 43.583 12.2332 155.292 14.0194 257.958 11.5247 6.82527 6.87517 36.7192 36.3613 134.714 0.0000000831867 39.0666
-68.3869 29.5252 8.39687 4.37385 33.1232 24.5408 9.93292 11.5294 16.1522 131.891 11.7 181.481 10.118 137.808 43.583 12.2332 155.292 29.9216 236.449 4.18834 12.962 7.7686 9.09288 30.017 61.2058 0.0000000987183 39.9746
-68.3869 32.3417 7.7351 3.49372 32.9811 24.5408 9.93292 11.5294 16.5678 131.891 11.7 181.481 10.118 137.808 34.8574 12.2332 149.546 45.1174 236.449 5.27834 13.5569 13.7327 12.4022 31.5099 7.79874 0.0000000731953 36.2122
-68.4476 32.3417 7.7351 3.49372 32.9811 24.5408 9.93292 13.8337 16.5678 131.891 11.7 181.481 10.118 137.813 34.8574 12.2332 149.546 45.1174 236.449 5.46674 13.5569 10.2635 2.86622 0.171422 34.5606 0.000000112562 39.8305
-67.5906 26.3391 13.6716 3.49372 32.8103 22.9514 9.93292 13.8337 16.5678 131.891 11.7 181.481 10.118 137.813 34.8574 12.2332 149.546 45.1174 236.449 5.15991 20.6302 9.09081 2.50111 0.171422 62.8266 0.00000005975 37.8138
-65.3155 26.3391 14.1629 4.57798 32.4244 22.9514 9.93292 13.8337 16.5678 131.891 11.7 181.481 10.118 137.813 29.9877 16.1624 149.546 45.1174 236.449 0.617283 2.77662 9.23655 20.9461 21.1944 53.8642 0.0000000700234 36.1028
-67.313 28.1127 14.1629 2.35507 31.9635 22.9514 8.98488 13.3147 17.3478 131.891 11.7 181.481 10.118 137.813 39.512 17.5738 149.546 45.1174 236.449 7.99673 2.77662 6.00911 22.6855 44.7005 51.0664 0.000000105728 36.0621
-66.2809 28.1127 11.046 2.62203 22.9254 29.3279 5.77484 13.3147 18.4144 131.891 11.7 181.481 10.118 137.813 39.512 17.5738 149.546 45.1174 244.772 7.76882 3.92197 5.61046 13.747 36.0471 50.6858 0.000000105728 37.5263
-66.8406 27.2873 11.046 4.85088 16.8523 31.9807 5.77484 12.8021 18.4144 131.891 11.7 181.481 10.118 137.657 39.512 20.1833 149.546 48.051 246.861 5.81833 13.917 1.84186 150.738 43.4705 54.269 0.0000000758104 42.2662
-65.5303 27.2873 10.162 8.97929 12.0208 33.8251 5.77484 15.3321 19.3021 128.949 11.7 181.481 10.118 137.657 36.2603 17.0988 149.546 48.051 246.861 5.08702 13.917 1.36967 150.738 49.6721 51.9062 0.00000000190012 36.6742
-65.419 25.6918 10.162 8.97929 12.0208 34.4835 2.60787 20.8302 25.2241 128.949 11.7 181.481 10.118 134.105 30.9564 17.0988 149.546 48.051 246.861 5.08702 15.5844 1.36967 181.308 49.6721 52.4098 0.00000000190012 37.0435
-65.6533 25.6918 11.2747 6.3106 12.0208 34.4835 2.60787 20.8302 25.2241 128.949 11.7 181.481 10.118 134.105 30.9564 20.6318 149.546 48.051 246.861 7.72478 12.8958 1.36967 139.378 49.6721 48.0748 0.00000000190012 35.0658
-66.1147 33.0416 11.0425 10.9394 12.0208 33.5369 2.60787 11.8786 25.2241 128.949 11.7 181.481 10.118 134.105 30.9564 20.6318 149.546 40.0949 246.861 8.39051 11.0134 6.16479 126.276 71.8197 50.0716 0.000000000607687 35.2461
-67.0647 25.8813 8.51259 10.9394 12.0208 33.5369 26.3449 10.4603 4.86274 126.281 11.7 181.481 10.118 134.105 49.3639 20.6239 149.546 40.0949 253.649 8.4636 3.73314 0.369852 126.276 41.5511 47.4467 0.00000000535727 37.8151
-67.0647 16.5646 8.51259 10.9394 21.7962 33.5369 26.3449 10.4603 4.86274 126.281 11.7 181.481 10.118 134.105 49.3639 20.6239 149.546 40.0949 253.649 8.4636 2.8532 6.54884 126.276 41.5511 47.4467 0.00000000715087 38.4925
-64.904 15.6956 14.7686 10.9394 17.7445 33.5369 26.3449 10.4603 4.86274 131.801 11.7 181.481 10.118 134.105 49.3639 20.6239 149.546 25.9405 212.453 8.4636 10.7911 19.7724 157.972 7.66721 53.1552 0.0000000008539 38.475
-64.904 15.6956 15.1994 10.9394 17.7445 33.5369 26.3449 10.4603 4.86274 131.801 11.7 181.481 10.118 134.105 46.4263 22.9264 149.546 25.9405 237.151 6.74541 16.191 17.0648 157.611 15.8758 53.1552 0.0000000008539 37.0574
-66.6425 19.6313 11.6483 8.42472 20.2876 39.4195 23.5604 6.03353 34.6489 87.773 11.7 181.481 10.118 140.787 46.4263 16.9759 135.009 65.806 225.583 11.3175 10.6763 25.0193 162.057 6.00437 62.5282 0.00000000998512 48.5899
-66.1769 19.6313 11.895 8.42472 22.7261 42.1035 29.3312 6.30508 27.8254 83.5932 11.7 181.481 10.118 140.787 71.7969 2.30401 146.576 40.3839 225.583 14.0373 4.93455 25.0193 78.9347 57.3084 29.6264 0.00000000234042 35.8704
-66.7377 19.6313 11.895 8.42472 22.7261 42.1035 29.3312 6.30508 23.085 83.5932 19.7737 181.481 10.118 140.787 71.7969 2.30401 146.576 40.3839 228.677 7.48832 2.03515 25.0193 78.9347 57.3084 50.0209 0.00000000234042 34.0518
-67.0072 19.6313 11.895 8.42472 22.7261 42.1035 29.9667 9.79979 23.085 83.5932 23.9285 181.481 1.63112 140.787 70.3677 2.30401 146.576 40.3839 228.677 7.48832 2.03515 31.4929 32.4867 57.3084 50.0209 0.00000000218642 35.2207
-67.3353 16.874 13.8713 8.49486 22.7261 40.3456 31.3216 11.7964 23.085 83.5932 23.9285 181.481 1.63112 140.787 70.3677 2.30401 146.576 40.3839 228.677 7.3755 2.03515 31.4929 32.4867 15.9366 38.4645 0.00000000218642 33.0844
-66.2478 16.874 14.9118 8.49486 22.7261 40.3456 30.8171 11.7964 23.085 83.5932 23.9285 181.481 1.63112 140.787 71.4704 3.47663 146.576 40.3839 224.685 6.6061 6.48191 24.7872 26.1065 31.1575 36.4978 0.00000000218642 32.8836
-66.1167 16.6019 14.9118 8.49486 22.7261 40.3456 31.1671 11.7964 23.085 83.5932 23.9285 181.481 1.63112 140.787 71.4704 3.47663 146.576 40.3839 228.392 6.6061 4.39765 8.06558 5.33503 33.1489 39.1838 0.0000000019767 32.1263
-66.0447 15.8011 14.9118 8.49486 22.7261 40.3456 31.0196 11.7964 23.085 83.5932 23.9285 181.481 1.63112 140.787 71.4704 5.06426 146.576 40.3839 228.392 3.68818 10.0288 21.957 5.33503 37.9946 38.2959 0.00000000215281 31.3902
-66.0447 14.6633 14.9118 8.49486 23.636 40.3456 31.0196 11.7964 23.085 83.5932 23.9285 181.481 1.63112 140.787 71.4704 5.06426 146.576 40.3839 225.605 3.19972 8.069 17.218 8.49386 40.3917 21.854 0.00000000215281 31.5366
-66.0447 14.6633 14.609 8.91853 23.5517 40.3456 31.49 11.7964 23.085 83.5932 23.9285 181.481 1.63112 140.787 71.4704 5.06426 146.576 40.3839 225.605 5.85131 8.40764 17.1655 8.49386 40.3917 21.854 0.00000000217662 30.6322
-66.0447 12.0761 14.6791 13.1831 22.6284 40.3456 21.0947 11.5706 23.085 83.5932 20.3648 181.481 10.6092 159.012 55.5432 5.72009 146.576 76.2247 191.702 8.14484 10.9698 13.4001 26.1591 41.2449 20.7286 0.00000000199307 32.7168
-66.4708 0.74378 14.7951 16.9304 16.3474 40.3456 21.5721 11.6632 24.7062 90.7054 20.3648 181.481 10.6092 159.012 59.8124 6.32233 148.318 75.5889 191.702 8.14484 11.5333 14.2485 51.7347 40.6588 34.0361 0.000000000808613 35.0133
-66.9634 0.74378 16.1854 19.7129 16.1679 40.3456 22.9262 11.6632 21.2868 103.103 20.3648 214.624 10.6092 112.159 59.8124 1.74234 148.318 75.5889 191.702 9.07062 12.0182 18.4063 21.6292 37.7342 78.0092 0.000000000808613 31.9644
-66.0028 0.74378 16.4303 19.7129 16.2051 40.3456 22.9262 11.6632 21.2868 103.103 20.3648 214.624 10.6092 112.159 59.8124 1.74234 148.318 75.5889 191.702 9.07062 0.519008 18.4063 13.7101 37.7342 35.4616 0.000000000808613 33.1456
-66.2922 0.74378 18.8749 19.8142 14.8165 40.3456 14.3678 15.5935 26.3392 103.103 20.3648 214.624 10.406 119.615 55.7161 4.40345 141.788 74.7472 191.702 8.52697 0.519008 26.2689 13.7101 37.9639 70.7133 0.000000000509991 32.1482
-67.379 0.678587 18.8749 18.7473 15.1947 40.3456 14.3678 15.089 27.0023 103.103 20.3648 214.624 10.406 119.615 55.7161 4.40345 141.788 74.7472 191.702 13.0563 2.65141 26.2689 19.6202 37.9639 78.5433 0.0000000000154736 29.1921
-65.6883 0.678587 13.4719 19.7411 15.068 40.3456 13.1513 13.7863 30.3678 103.103 20.3648 214.624 10.406 119.615 55.7161 7.57754 141.788 74.7472 191.702 11.5286 4.03466 23.7947 19.6202 37.9823 89.9412 0.00000000043011 31.9766
-65.4979 0.678587 14.5093 19.7118 15.068 40.3456 13.1513 12.7687 32.5384 103.103 20.3648 214.624 10.406 119.394 55.7161 7.57754 141.788 49.1636 216.63 9.59416 4.02833 20.8508 19.6202 37.9823 52.7711 0.00000000030916 30.8559
-65.3048 0.678587 14.9077 19.7118 16.6369 40.3456 13.1513 12.7687 30.9383 103.312 19.6494 214.624 10.406 119.394 56.4546 9.64002 141.788 49.1636 215.51 9.92127 9.98651 18.6179 30.8059 37.9818 52.7711 0.000000000313527 31.6292
-65.3141 0.678587 15.1326 20.5568 17.0264 40.3456 13.1513 12.7687 31.6638 103.312 19.6494 214.624 10.406 113.5 55.4136 11.6179 141.788 49.1636 181.381 10.8164 8.7555 16.9449 30.8059 37.5663 45.5039 0.000000000376007 35.7274
-65.8841 0.678587 12.2065 20.674 16.7019 40.3456 13.1513 17.0646 28.1175 103.312 19.6494 214.624 14.2298 110.267 55.4136 14.7196 155.764 49.1636 199.944 11.1908 8.7555 18.637 123.053 37.7721 9.76808 0.000000000354827 35.8321
-65.3272 4.88808 13.2775 22.778 13.5272 40.3456 13.1513 22.4193 25.7204 103.312 19.6494 214.624 14.2298 109.848 60.0779 14.3558 127.231 60.9813 204.686 11.0678 8.30781 12.3743 66.8628 37.5577 22.3062 0.000000000269331 30.285
-65.0623 4.88808 13.7364 21.4505 12.7369 40.3456 13.1513 20.817 26.0647 103.312 19.2887 214.624 14.2298 109.69 70.2487 9.73827 126.164 69.3659 204.686 15.3063 8.33766 6.07411 12.0337 36.7072 21.9568 0.000000000273326 27.6983
-67.6012 18.8043 11.7553 18.4078 9.23426 32.6142 13.1513 25.8053 22.523 103.312 19.2887 214.624 13.1882 101.75 70.2487 14.7156 129.4 65.7581 204.686 15.3063 9.93738 7.75604 44.5657 36.7072 16.3308 0.000000000281059 28.7931
-67.9438 18.8043 23.0871 18.4078 9.23426 32.6142 19.6612 22.9892 12.3558 103.312 19.2887 214.624 3.80225 104.054 69.5864 14.9065 129.4 228.184 25.4717 9.33539 10.2506 7.75604 39.6366 37.8121 17.6504 0.000000000281059 29.9393
-66.3936 17.877 24.6472 18.1685 9.23426 20.9322 27.5105 20.6334 16.6993 105.407 19.2887 214.624 3.80225 103.271 73.5133 9.4614 137.064 239.834 25.4717 8.60684 12.7125 4.27095 39.2649 30.4519 29.5025 0.000000000295163 31.2715
-68.1085 19.7785 19.3297 17.9999 10.3435 23.0504 27.5105 20.6334 15.9902 105.156 19.2887 214.624 3.80225 95.4035 73.529 9.4614 137.064 239.834 25.4717 8.63252 16.0782 22.1361 40.5695 31.9819 64.0001 0.000000000200816 31.19
-66.9182 21.1392 18.7203 17.9999 9.97387 23.0504 27.5105 19.7237 17.2345 105.156 19.446 214.624 6.91087 95.4035 64.674 9.4614 137.064 241.079 25.4717 13.1816 25.73 10.8114 40.9091 47.7318 40.7711 0.0000000000541988 29.0747
-66.4451 19.684 18.8751 17.9999 10.4932 23.0504 27.5105 19.7237 17.2345 105.156 19.446 214.624 6.91087 94.5543 64.674 6.89216 137.064 241.079 25.4717 19.6316 26.705 5.88125 40.1763 58.9857 90.2921 0.000000000102414 30.4962
-64.0238 20.7132 26.3709 17.9999 2.92519 19.8831 27.5105 42.365 14.8844 105.156 19.446 201.845 6.91087 94.5543 64.674 8.43508 137.064 241.079 25.4717 6.42072 20.8315 5.88125 40.407 51.235 90.2921 0.000000000208699 32.1382
-64.5302 20.8721 25.8531 17.9999 3.225 19.8831 27.5105 41.7555 13.2352 105.383 22.5686 201.845 6.91087 93.0159 64.674 8.43508 137.064 241.079 31.8233 6.42072 20.8315 15.9068 38.6945 46.368 69.4804 0.000000000254264 29.7742
-66.2094 22.04 25.8531 17.9999 2.01439 19.1967 27.5105 41.7555 13.2352 105.383 22.5686 201.845 5.99646 89.8635 68.9017 6.93967 137.064 241.079 31.8233 12.2273 15.497 14.6385 37.8434 57.6288 69.4804 0.000000000277831 30.7491
-66.2094 25.0186 26.5062 15.1204 3.78086 19.1967 27.5105 41.7555 13.2352 105.383 22.5686 201.845 5.99646 88.698 68.9017 6.93967 139.209 241.079 31.8233 11.5806 10.4592 21.7042 37.8434 51.6761 43.9901 0.000000000285965 30.0933
-66.2673 22.5872 26.5062 15.1204 4.52774 19.1967 27.5105 41.7555 13.2352 105.383 22.5686 201.845 5.99646 88.698 73.6876 7.09502 141.208 241.079 20.9457 15.0549 14.557 16.8906 38.0942 58.0839 206.95 0.000000000504361 33.6026
-66.2673 18.6419 33.6719 17.5131 4.52774 19.1967 27.5105 37.5654 13.2352 105.383 22.5686 201.845 5.99646 92.6431 71.0641 7.09502 141.208 241.079 19.5524 2.4236 13.5646 28.9727 37.9623 55.9887 165.127 0.00000000117974 34.8658
-66.4807 20.1815 33.8209 11.5337 4.79599 29.5225 25.4877 37.8845 12.4875 97.959 22.5686 201.845 5.99646 95.6515 68.3402 9.39963 145.921 241.079 19.5524 3.56003 13.5646 28.9727 37.9496 55.7897 138.734 0.00000000129744 34.001
-66.4807 20.1815 33.8209 11.5337 4.82616 29.5225 25.4877 37.8845 12.4875 97.959 22.5686 201.845 5.99646 90.1663 66.1733 13.0357 145.921 241.079 19.5524 4.43961 1.71187 44.7047 37.7666 61.7258 62.7978 0.00000000124608 32.5963
-65.2421 20.1815 33.8209 13.1993 4.98484 29.5225 24.6373 37.8845 12.4875 97.959 22.5686 201.845 5.99646 90.1663 66.1733 13.0357 145.921 241.079 19.5524 4.43961 1.71187 28.1077 38.4531 70.2183 66.8991 0.0000000012852 33.1501
-65.7812 20.1815 33.8209 13.1993 5.18523 27.104 24.6373 37.8845 14.1941 97.959 22.5686 201.845 5.99646 96.1103 53.715 14.5583 145.921 241.079 20.9517 12.1566 1.71187 22.6661 36.2231 36.0607 74.0816 0.000000000388903 30.7465
-65.7812 20.1815 37.1277 13.1993 5.54449 25.3241 24.6373 37.8845 14.1941 97.959 22.5686 208.852 5.99646 95.3818 53.715 10.6841 145.921 241.079 20.9517 12.1566 1.71187 31.3166 99.1549 36.0607 73.8202 0.0000000003906 33.4207
-65.0908 20.7241 26.8638 13.1993 5.54449 21.3829 24.6373 37.8845 22.0185 105.708 22.5686 208.852 5.99646 97.2002 55.6883 6.44155 143.911 241.079 20.4849 12.1566 2.09556 27.8436 38.8765 16.0582 69.1269 0.0000000003906 29.6397
-65.0908 17.796 23.2321 13.1993 7.74609 25.194 24.6373 37.3217 22.0185 105.708 22.5686 208.852 5.99646 93.8207 55.6883 4.10861 143.911 247.916 20.4849 12.1566 8.32206 27.8436 38.8765 17.3581 69.1269 0.0000000003906 29.7847
-63.7992 13.022 24.8013 14.0405 12.3459 19.4337 24.6373 18.978 22.2553 105.708 22.5686 213.654 15.8087 93.3374 63.4427 2.58443 143.911 247.705 20.4849 2.77921 7.96296 32.6506 27.3512 17.3581 59.7184 0.000000000393894 30.5309
-64.8168 22.6836 21.1845 14.0405 12.3459 22.1038 3.8486 18.978 23.2434 132.475 22.5686 213.654 9.69286 93.4685 103.204 4.77308 104.412 230.362 20.4849 5.68116 16.0046 16.848 90.0354 14.4114 54.5292 0.000000000264998 33.7191
-65.6796 20.5813 21.1845 14.6681 7.24389 22.1038 3.8486 18.978 24.542 132.475 22.5686 213.654 9.69286 94.6372 103.204 4.77308 104.08 230.362 20.4849 20.932 9.8602 17.3143 67.157 24.1195 51.1646 0.000000000215593 28.995
-65.6493 18.8966 18.3789 14.6681 10.3317 23.9424 3.8486 18.978 24.542 132.475 22.5686 213.654 15.2959 94.6372 103.204 4.77308 96.8288 230.362 20.4849 33.7499 4.16959 17.3143 67.157 24.1195 50.8388 0.000000000215593 28.9997
-64.3896 18.9911 18.3789 15.4855 11.5914 23.809 3.8486 19.3134 24.542 132.475 22.5686 213.654 15.2959 94.6372 101.272 4.77308 96.8288 230.362 20.4849 20.1911 4.41703 19.3295 66.128 24.1195 60.627 0.000000000155383 30.0968
-64.9665 22.5372 18.3789 11.3276 8.76274 23.809 3.8486 25.8024 25.1209 132.475 22.5686 213.654 11.4246 94.6372 41.5015 4.77308 157.842 230.362 20.4849 17.7191 3.15652 22.2765 73.1479 30.8585 60.627 0.000000000155383 31.2479
-65.0812 20.1962 18.3789 14.3217 8.76274 23.809 3.8486 25.8024 25.1209 132.475 22.5686 213.654 11.4246 94.6372 95.752 6.47665 100.28 230.362 20.4849 17.7191 9.5229 22.6796 72.6675 35.2718 34.1166 0.000000000839917 30.9212
-65.6161 20.1962 15.8365 14.3217 10.8764 23.809 3.8486 25.8024 25.1209 132.475 22.5686 213.654 11.4246 85.8761 95.752 17.6235 100.28 230.362 20.4849 24.0511 9.5229 32.5073 49.1821 75.225 29.7693 0.0000000000475843 31.9977
-65.6953 18.4658 17.9318 14.3217 11.4908 24.7835 3.8486 6.77849 35.7815 132.475 22.5686 213.654 11.4246 82.906 101.716 14.534 100.28 215.403 13.8506 28.786 15.1986 32.4619 55.6794 35.2872 25.1385 0.0000000000615059 33.9824
-65.4765 16.9826 19.123 15.3161 11.4908 24.7835 0.212034 7.9417 40.6321 132.475 25.2671 213.654 10.9744 82.906 101.716 14.4686 100.28 236.271 13.8506 14.376 15.1986 3.51121 48.1298 9.0031 63.7273 0.00000000101825 31.3807
-66.2829 16.9826 23.1944 12.2369 11.4908 22.597 0.212034 7.9417 40.6321 132.475 25.2671 213.654 13.0611 79.7932 101.716 17.7453 91.5707 255.282 13.8506 14.1417 11.3356 18.3824 48.1298 9.0031 100.023 0.000000000385131 31.1896
-66.4702 16.9826 23.8055 12.2369 11.4908 26.3596 0.212034 7.9417 40.6321 132.475 25.2671 213.654 24.9363 65.7691 101.716 13.6779 91.5707 255.282 13.8506 15.4072 15.396 18.3824 23.8849 9.0031 100.023 0.000000000743799 30.7309
-65.4538 16.9826 22.9733 12.2369 11.4908 26.3596 0.212034 7.9417 40.6321 132.475 25.2671 213.654 24.9363 65.7691 101.716 13.6779 91.5707 255.282 13.8506 14.1674 15.396 18.3824 4.29438 9.0031 67.0494 0.00000000128818 31.4107
-65.6439 17.5357 22.9733 12.2369 11.4908 26.3596 0.212034 7.9417 40.6321 132.475 25.2671 213.654 21.5278 70.5749 101.716 9.41134 91.5707 255.282 13.8506 18.3731 13.879 18.3824 4.5436 7.98861 68.1004 0.000000000866667 31.9365
-65.8558 17.5357 22.9733 12.2369 11.4908 26.3596 0.212034 13.4523 30.8582 132.475 25.2671 213.654 23.9579 70.5749 101.716 13.225 91.5707 255.282 13.8506 19.1783 8.8913 18.3824 6.04421 75.0405 68.1004 0.00000000095497 32.4052
-66.6596 16.4113 22.9733 11.1395 9.16658 26.3596 0.212034 12.4263 30.8582 132.475 25.2671 213.654 23.9579 73.5736 94.9026 24.818 91.5707 255.282 13.8506 19.1783 10.8545 18.3824 6.04421 75.0405 50.2652 0.000000000552147 30.9061
-63.9407 11.9971 22.9733 11.1395 9.16658 30.741 0.212034 12.4263 36.2935 132.475 20.3368 213.654 27.5449 74.4327 95.5463 15.5269 91.5707 255.282 13.8506 14.025 14.9903 12.7252 6.04421 92.5167 123.516 0.00000000289733 38.0125
-68.5612 13.0535 22.9733 11.1395 9.16658 30.741 0.212034 12.4263 36.2935 132.475 20.3368 213.654 27.5449 72.9768 95.5463 21.4826 91.5707 255.282 13.8506 14.025 14.9903 19.9266 1.83146 92.5167 69.7936 0.00000000289733 36.8081
-69.0985 12.0966 30.9507 4.86535 9.52033 34.6451 19.7177 12.6671 31.7327 132.475 20.3368 213.654 15.12 65.4992 89.875 25.823 91.5707 236.889 13.8506 18.0693 11.7987 22.9552 5.58804 54.9927 146.889 0.0000000122645 38.9872
-68.0513 12.0966 30.9507 4.86535 9.52033 34.6451 19.7177 8.17096 18.6913 132.475 20.3368 213.654 15.12 69.1699 113.244 25.823 91.5707 236.889 13.8506 22.8535 11.8143 22.9552 5.76015 41.2737 23.0593 0.0000000500758 35.8105
-67.81 12.0966 30.9507 4.86535 8.91759 33.2681 9.80418 19.4919 20.6405 132.475 20.3368 213.654 15.12 70.0945 109.221 25.823 94.34 230.718 22.9302 17.869 6.21376 20.2233 4.0244 41.2737 59.9 0.0000000500758 34.1573
-67.3053 16.5568 23.3934 4.86535 8.91759 33.2681 9.80418 19.2728 18.2033 132.475 20.3368 213.654 18.5075 72.134 109.221 28.7673 92.5136 234.389 22.9302 9.79343 8.31391 29.6111 3.55371 71.2071 79.5528 0.0000000275515 34.3091
-67.3053 16.5568 23.3934 4.86535 8.91759 33.2681 9.80418 19.2728 18.2033 132.475 20.3368 213.654 18.5075 72.134 109.221 28.7673 92.5136 234.389 22.9302 13.2313 5.3744 29.6111 4.13214 67.927 81.1973 0.0000000275515 34.3691
-66.8982 13.0814 32.4869 3.89723 8.91759 34.8268 9.80418 19.2728 12.8709 132.475 20.3368 213.654 18.5855 71.3229 109.221 27.3211 85.4944 234.389 22.9302 12.034 27.3793 12.2445 3.44914 67.927 146.252 0.0000000586643 37.4149
-65.8178 11.8233 25.8335 10.257 7.24774 34.8268 7.83753 19.2728 17.8997 141.439 20.3368 213.654 18.5855 72.6411 109.221 9.33383 93.5649 234.389 21.2916 12.441 33.6222 8.51532 3.44914 59.2057 70.7863 0.0000000586643 34.7587
-65.5461 11.8233 25.8335 10.257 7.24774 34.8268 7.83753 13.6366 18.387 141.439 14.5138 213.654 27.275 74.3777 109.221 9.33383 93.5649 234.389 21.2916 6.4121 24.0213 26.2286 4.4986 42.8162 70.7863 0.000000130618 35.0208
-65.0094 8.51293 28.9829 10.257 7.24774 34.8268 7.83753 14.8086 16.414 141.439 14.5138 213.654 27.275 75.2896 109.221 9.33383 93.5649 234.389 21.2916 6.4121 10.9302 27.1851 11.1179 42.8162 83.5216 0.0000000972882 35.5363
-67.3648 5.62837 28.9829 10.257 7.24774 38.7606 7.81578 11.7988 24.691 136.451 14.5138 213.654 18.6321 78.8263 109.221 19.3312 96.2264 234.389 27.1589 2.96009 11.1119 14.7208 4.69679 54.7036 23.2049 0.0000000338338 33.3592
-66.3774 5.4476 28.9829 10.257 7.24774 38.7606 7.81578 15.0549 17.987 136.451 14.5138 213.654 20.3132 84.3968 109.316 19.3312 92.2505 234.389 27.1589 19.3452 15.2743 14.7208 4.78256 240.414 83.4641 0.0000000198145 41.2202
-66.7861 5.4476 28.9829 8.33302 7.24774 38.7606 7.81578 14.257 17.5338 136.451 14.5138 213.654 20.3132 84.3968 109.316 19.3312 94.4285 234.389 13.1487 20.9564 17.4615 12.8343 20.2367 110.773 82.272 0.00000000928098 35.2286
-67.0441 5.27161 32.3117 8.09481 7.24774 38.8844 7.81578 16.0805 17.5338 136.451 14.5138 213.654 20.3132 84.3968 109.316 19.3312 89.2248 247.853 4.03764 20.9564 16.5999 11.4471 31.9883 126.464 114.542 0.00000000327195 35.5902
-67.0441 3.99413 34.2467 8.76988 7.24774 40.0257 7.81578 18.2491 14.9172 136.451 14.5138 213.654 20.3132 81.7269 109.316 12.3609 99.2171 247.853 4.03764 20.9564 12.3977 11.4471 54.4687 153.822 1.92973 0.00000000326478 34.96
-67.0441 4.9626 34.2467 8.76988 7.24774 38.3993 7.81578 18.2491 14.9172 136.451 14.5138 213.654 20.3132 81.7269 109.316 12.3609 93.2408 252.455 4.03764 20.9564 12.8342 9.83318 24.3976 137.723 9.72419 0.00000000228004 32.7429
-64.2726 4.9626 34.2467 8.76988 7.24774 38.3993 11.6965 18.2491 6.2174 144.147 14.5138 213.654 20.3132 81.7269 109.316 2.94731 93.2408 252.455 4.03764 11.5066 17.9384 9.83318 24.3976 107.071 22.9647 0.00000000194095 34.6747
-67.6922 4.17755 31.1114 8.76988 7.24774 38.3993 11.6965 12.2022 13.3968 144.147 14.5138 213.654 19.8282 81.7269 109.316 2.94731 95.7851 252.455 20.0613 12.2058 20.4043 7.28591 27.4882 106.207 22.6762 0.00000000203693 32.5597
-67.1449 7.71023 31.1114 8.76988 7.24774 31.7746 11.6965 12.2022 21.5768 144.147 14.5138 213.654 19.8282 77.4828 109.316 2.94731 95.0731 252.455 20.0613 12.2058 25.5469 7.28591 27.7216 154.299 22.6762 0.00000000203693 34.8933
-64.2906 7.35626 32.2926 8.76988 7.24774 31.7746 11.6965 11.917 21.5768 144.147 14.5138 213.654 19.8282 80.3206 109.316 2.94731 95.0731 253.26 20.0613 7.29357 20.9815 7.28591 25.9896 81.2577 23.1609 0.00000000203693 33.1203
-64.2906 7.35626 32.2926 8.76988 16.0476 31.7746 11.6965 12.4637 9.98815 144.147 14.5138 213.654 19.8282 80.3206 109.316 2.94731 95.0731 253.26 20.0613 7.29357 20.9815 3.48569 25.9896 128.304 24.737 0.00000000143831 34.9067
-67.0317 7.35626 40.6325 8.76988 17.2741 20.6939 11.6965 12.543 9.98815 144.147 14.5138 213.654 19.8282 80.3206 109.316 2.94731 95.0731 253.26 20.0613 13.6348 21.2308 3.48569 55.7366 84.5804 28.894 0.000000000756526 32.9578
-66.6317 10.7963 40.6325 8.76988 17.2741 20.6939 11.6965 13.6713 9.98815 144.147 14.5138 213.654 19.8282 80.3206 109.316 2.94731 95.0731 253.26 20.0613 10.4335 21.2308 5.86695 55.7366 84.5804 28.6885 0.000000000757911 33.1659
-66.6317 10.7963 40.6325 8.76988 17.2741 21.7318 11.6965 6.29759 9.98815 144.147 14.5138 213.654 19.8282 81.2665 109.316 2.94731 93.7267 253.26 20.0613 4.92514 25.0242 7.70067 43.5199 106.004 31.1625 0.000000000720904 33.5516
-66.6317 10.7963 40.6325 9.70764 18.6739 19.889 11.6965 7.16495 9.98815 144.147 14.5138 213.654 19.8282 81.2665 109.316 0.986584 100.861 249.164 20.0613 9.28933 23.6699 13.9706 37.836 91.634 47.0085 0.000000000720904 35.0238
-63.7198 5.3502 24.6259 11.406 16.2381 28.1532 14.3437 8.67607 24.6971 130.856 63.3502 152.433 28.7295 81.2665 108.668 0.986584 100.861 260.206 20.0613 7.80792 14.2895 25.3575 18.2786 68.5382 121.549 0.000000000612808 37.3525
-66.8878 8.86608 20.2452 16.5235 17.6544 28.1532 14.3437 8.00498 23.8193 130.856 63.3502 152.433 29.4612 81.2665 122.399 0.986584 100.861 260.206 14.0513 8.69764 11.4023 5.23908 19.679 68.5382 297.99 0.00000000153507 38.5366
-66.5499 2.22229 20.2452 16.5235 22.4552 28.1532 14.3437 11.7816 23.8193 130.856 63.3502 152.433 24.3252 81.9324 122.399 0.986584 102.605 251.376 11.9129 8.69764 14.9283 5.23908 21.2243 47.458 88.831 0.00000000123676 33.1305
-66.5499 2.22229 21.6642 16.5235 21.864 28.1532 4.20719 12.8624 23.8193 130.856 63.3502 162.9 24.3252 81.9324 122.399 0.986584 102.605 251.376 11.9129 19.0448 10.284 5.23908 38.4984 44.403 107.067 0.000000000675386 32.8167
-66.5499 2.22229 21.6642 16.5235 21.042 28.1532 8.50243 11.5395 25.5815 130.856 63.3502 157.886 24.3252 81.9324 122.399 0.986584 106.117 233.639 11.9129 26.358 25.9503 5.23908 102.451 42.9853 67.3763 0.000000000426777 33.6773
-67.1043 0.434362 21.6642 16.0969 20.7048 28.1532 15.2247 11.7679 23.634 130.856 63.3502 149.316 24.3252 85.9656 122.399 0.986584 106.117 233.136 11.9129 21.4777 13.7186 12.0762 101.525 35.2117 63.5433 0.00000000054677 35.4142
-66.0894 0.434362 22.8563 16.0969 20.7663 28.1532 15.2247 11.7679 25.4368 130.856 63.3502 150.324 19.1689 85.9656 122.399 19.1362 84.1968 220.82 33.3865 21.4777 13.7186 13.652 126.55 99.957 18.6373 0.00000000055588 32.1793
-65.6526 0.434362 23.77 16.0969 20.6342 28.1532 30.4546 9.09922 26.4405 129.749 51.0769 150.324 19.1689 84.7249 122.399 19.1362 75.546 234.862 33.3865 5.46666 10.3478 22.9674 126.55 86.9611 18.6373 0.000000000403999 34.6402
-68.1144 3.9642 23.77 16.0969 19.5392 28.1532 30.4546 8.76167 26.4405 129.749 51.0769 150.324 12.9648 84.7249 122.399 19.1362 75.7825 73.79 225.078 3.87657 10.8933 3.06318 64.3549 86.9611 19.4733 0.000000000403999 36.193
-64.7812 3.9642 23.77 16.0969 19.9141 28.1532 30.4546 8.76167 27.1579 129.749 51.0769 150.324 12.9648 84.7249 122.399 19.1362 76.1997 73.79 225.078 6.81973 10.3096 4.80225 21.1192 84.7976 95.0389 0.000000000179103 35.9044
-65.6911 26.2749 21.2955 16.0969 19.0397 1.18619 30.4546 1.65231 25.9855 129.749 51.0769 150.324 73.3393 44.8575 122.399 19.1362 76.1997 59.9312 225.078 5.60657 9.26207 25.1316 17.4854 84.7976 17.5311 0.000000000172792 34.1049
-65.0002 26.4684 21.1612 14.1589 19.9801 1.18619 30.4546 3.65051 24.5553 129.749 51.0769 153.807 73.3393 51.4576 122.399 19.1362 68.3935 59.9312 225.078 9.20379 10.2628 8.16445 14.0263 13.0848 4.59378 0.000000000276436 28.6848
-65.0002 26.4684 21.1612 14.1589 19.9801 1.18619 30.4546 4.57552 24.5553 129.749 51.0769 153.807 82.9014 47.7597 122.399 7.72222 69.7438 59.9312 225.078 9.20379 10.0655 4.80249 14.0263 13.0848 4.59378 0.000000000276436 32.6189
-64.927 26.4684 21.406 15.323 17.6374 1.05413 30.4546 5.04711 24.5553 129.749 51.0769 153.807 86.1367 46.4196 122.399 7.72222 69.9247 59.9312 225.078 11.4448 12.384 6.15131 44.9509 28.1361 8.74641 0.00000000104081 30.4194
-65.3725 26.4684 21.406 15.323 16.6822 0.990208 30.4546 5.70043 24.9009 129.749 49.0672 153.807 86.1367 49.3242 122.399 7.72222 69.0984 59.9312 225.078 10.1619 12.384 6.15131 39.0812 38.9858 8.74641 0.00000000104081 30.0571
-67.0542 26.4684 24.2033 15.323 17.2969 0.990208 30.4546 0.690609 24.9009 129.749 49.0672 153.807 86.3712 49.3242 122.399 7.72222 67.7656 59.9312 225.078 8.7185 8.76284 4.78505 38.7436 8.74926 15.9386 0.00000000104081 33.7235
-66.3764 26.4684 21.3015 15.323 17.58 0.990208 30.4546 4.66264 23.9609 129.749 50.3987 155.569 101.975 32.7039 122.399 7.72222 70.0197 59.9312 225.078 9.24975 9.41902 5.91856 43.605 8.74926 19.0594 0.00000000104081 29.3344
-66.0448 26.4684 21.3015 15.323 17.58 1.70286 30.4546 4.9087 23.9609 129.749 50.3987 155.569 101.975 32.7039 113.972 7.72222 76.2016 59.9312 225.078 11.1992 7.34514 5.91856 49.8998 14.4756 93.8275 0.00000000129113 30.6627
-67.6195 26.4684 21.3015 15.323 16.9751 1.70286 30.4546 4.9087 23.9609 129.749 50.3987 155.569 99.8596 32.7039 113.972 7.72222 73.9061 59.9312 225.078 14.4221 9.47768 7.24453 67.845 14.4756 69.4555 0.000000000770154 32.4325
-67.0653 26.4684 21.3015 14.1666 17.0574 2.31358 33.9705 0.462166 19.8698 129.749 50.3987 155.569 99.1728 28.8207 113.972 7.72222 88.5012 59.9312 225.078 10.3836 7.17627 9.8839 33.0854 26.1481 3.582 0.00000000108506 31.034
-64.8445 26.4684 19.1909 15.4495 17.4571 0.141225 33.9705 0.164146 28.2694 129.749 50.3987 155.569 99.1728 28.8207 113.972 7.72222 86.3716 59.9312 225.078 7.77211 6.59257 13.6417 63.5721 24.6425 3.582 0.00000000604638 38.2504
-68.3549 23.9117 19.1909 15.4495 17.7761 0.141225 33.9705 0.164146 28.2694 129.749 58.6388 155.569 91.0859 28.8207 113.972 7.72222 97.334 43.8814 233.852 8.58553 7.2621 11.9107 63.5721 24.6425 15.7727 0.00000000544094 38.9458
-68.3549 23.9117 38.4066 15.4495 16.561 0.141225 33.9705 0.164146 29.6152 129.749 58.6388 155.569 91.0859 8.39888 107.475 7.72222 97.334 43.8814 233.852 4.35336 9.64382 11.3651 45.8146 53.2894 15.7727 0.00000000544094 37.6198
-68.3383 23.9117 38.4066 15.4495 16.561 0.141225 33.9705 0.164146 29.6152 129.749 58.6388 155.569 91.0859 8.39888 107.475 7.72222 97.334 43.8814 233.852 9.03914 9.64382 11.4048 22.4502 29.7656 20.7656 0.00000000544094 36.7537
-67.4 22.5579 33.606 15.4495 14.8998 0.141225 33.9705 0.164146 16.8747 129.749 58.6388 155.569 87.9402 26.5682 107.475 7.72222 97.334 43.8814 237.733 8.10069 9.09249 11.4286 22.4502 17.6419 13.487 0.0000000045907 34.3294
-68.0368 13.0781 33.606 15.4495 20.2711 0.141225 33.9705 20.0173 16.8747 129.749 63.4729 155.569 67.363 26.5682 107.475 9.24171 97.334 43.8814 237.722 8.10069 16.6963 11.8955 24.3477 75.1181 14.9225 0.0000000045907 36.681
-65.6449 13.0781 33.1262 17.8986 21.3849 0.447941 33.9705 20.0173 16.4256 129.843 68.0463 155.569 66.1533 20.2049 106.433 9.24171 97.334 43.8814 229.576 8.10069 4.36068 10.6359 39.2532 52.2676 15.477 0.0000000045907 34.4383
-65.9539 11.7951 33.1262 18.8624 21.3849 0.447941 33.9705 20.0173 16.4256 129.843 68.0463 155.569 66.1533 20.2049 113.019 17.624 97.334 43.8814 229.576 8.10069 3.14962 10.67 33.4037 90.9389 15.477 0.00000000779754 32.9364
-65.9539 11.7951 41.7804 11.4644 21.3849 0.447941 33.9705 16.5758 11.5442 129.843 68.0463 155.569 66.1533 26.9113 113.019 17.624 97.334 27.6419 236.859 8.10069 3.14962 10.6343 49.2224 116.173 18.3026 0.00000000779754 39.5103
-65.8909 11.8899 41.7804 9.36731 19.2674 0.447941 26.8881 13.6613 26.1996 129.843 68.0463 155.569 54.9816 31.0469 127.969 1.12104 97.334 27.6419 247.593 5.31599 15.6958 11.2706 64.8428 54.565 17.2418 0.00000000722846 37.6386
-66.7889 17.1774 29.5255 15.9373 19.2719 0.95226 26.8881 16.3869 14.5685 129.843 68.0463 155.569 67.8834 31.6185 127.969 1.12104 97.334 27.6419 244.434 3.76295 22.3568 4.73334 63.7679 54.565 13.2275 0.00000000910331 34.0533
-66.7889 17.9312 29.5255 15.9373 19.3272 1.309 26.8881 16.3869 14.5685 129.843 68.0463 155.569 67.8834 31.6185 127.969 1.12104 97.334 22.3441 243.846 10.247 17.5928 5.45491 77.7958 34.5798 12.3049 0.0000000207819 36.0671
-66.7889 16.5905 29.5255 15.9373 17.7403 3.61717 26.8881 12.9869 14.1588 129.843 88.7485 155.867 46.2069 31.4837 127.969 1.12104 97.4383 22.3441 243.846 10.247 18.3623 9.06986 78.753 17.7153 12.3049 0.0000000389517 37.0872
-66.7889 16.7813 29.5255 15.9373 19.6359 3.61717 26.8881 10.41 14.1588 129.843 88.7485 155.867 53.6878 31.4837 127.969 1.12104 97.4383 29.9923 243.846 3.19061 18.3623 3.33266 58.0717 8.12094 9.78076 0.0000000494498 34.29
-66.7889 16.7991 29.5255 15.9373 19.6359 4.91647 20.1476 9.01889 14.1588 129.843 88.7485 155.867 53.6878 31.4837 127.969 1.12104 98.6393 29.9923 243.846 3.19061 3.18133 3.33266 58.0717 8.12094 23.2323 0.0000000483404 35.8866
-66.7889 16.7991 31.6133 15.9373 19.6359 4.91647 20.1476 11.9919 14.1588 129.843 88.7485 155.867 53.6878 31.4837 127.969 1.12104 98.6393 29.9923 243.846 3.19061 0.601581 3.33266 58.0717 12.7061 23.2323 0.0000000445234 37.7272
-66.0157 16.7991 18.5301 20.3601 19.6359 9.77171 20.1476 12.6034 14.1588 129.843 88.7485 155.867 53.6878 31.4837 119.784 12.2674 98.6393 33.995 250.09 15.2432 0.980628 0.579234 64.9282 37.0108 36.1371 0.0000000278684 35.9746
-64.5569 15.1928 18.5301 20.3601 19.6359 9.77171 20.1476 12.6034 14.1588 129.843 88.7485 155.867 53.6878 29.2622 119.784 12.2674 98.6393 27.0862 236.359 4.88033 0.980628 2.1566 40.3192 10.8122 9.45625 0.000000011901 37.3988
-64.8478 15.1928 18.5301 20.3601 22.2795 9.77171 20.1476 12.9094 18.0249 129.843 88.7485 155.867 48.8437 29.2622 119.784 12.2674 98.6393 17.7251 236.359 26.097 0.937289 23.4227 46.9306 19.2725 14.6958 0.00000000880715 35.2095
-64.8478 15.1928 18.5301 20.3601 21.5691 9.99437 20.1476 12.9094 18.0249 129.843 88.7485 155.867 48.8437 29.2622 119.784 12.2674 98.9399 17.7251 236.359 26.097 0.937289 23.4227 46.9306 6.56572 111.714 0.00000000686588 37.4322
-62.0909 24.6469 9.79163 20.3601 18.789 8.32476 20.1476 22.0176 13.5783 129.843 88.7485 155.867 48.8437 29.2622 119.784 12.2674 89.3512 32.0617 236.359 17.3211 0.937289 28.3923 46.9306 4.60033 68.2104 0.0000000187712 40.4137
-63.8 32.0431 10.9601 16.4614 18.789 8.32476 20.1476 17.5767 13.5783 129.843 88.7485 155.867 38.1857 41.7473 119.784 12.2674 89.3512 32.0617 236.359 19.4336 0.937289 29.0024 46.9306 5.3265 16.4695 0.0000000132456 38.7945
-63.8 32.0431 10.8374 16.4614 18.789 8.32476 20.1476 17.5767 13.5783 129.843 85.4292 155.867 38.1857 41.7473 119.784 12.2674 89.3512 35.5091 223.07 19.4336 6.80612 25.5397 36.1687 4.52395 12.9426 0.0000000132456 36.634
-64.6772 32.0431 10.5588 16.4614 18.789 8.32476 20.1476 16.6471 13.5783 129.843 85.4292 155.867 38.1857 41.7473 130.11 12.2674 89.3512 35.5091 224.538 11.91 7.57826 20.6866 34.1548 42.7484 41.9409 0.0000000132456 35.3807
-65.8186 32.0431 10.5588 15.388 17.8065 8.28306 20.1476 17.7379 8.10482 129.843 85.4292 155.867 55.2109 50.2844 108.528 12.2674 89.3512 30.7904 224.538 19.1786 7.57826 20.6866 39.9633 42.7484 23.1407 0.000000030958 36.0927
-65.7143 44.7529 9.93148 7.35655 17.8065 8.28306 20.1476 17.7379 14.3007 129.843 80.602 155.867 55.2109 50.2844 97.3134 12.2674 96.8611 30.7904 224.538 15.2399 12.626 23.5114 68.1905 63.742 23.1618 0.0000000101602 35.1006
-66.1181 44.7529 7.01606 2.66975 16.5917 12.2685 20.1476 13.7181 19.1192 127.214 80.602 155.867 59.6095 46.2923 97.3134 12.2674 89.7242 32.9952 244.244 16.3932 12.626 16.6955 6.77845 98.9731 23.6427 0.0000000043789 36.0398
-66.1398 44.7529 7.01606 2.66975 18.6169 16.059 20.1476 9.71855 19.1192 125.802 80.602 155.867 63.297 46.2923 97.3134 28.6699 102.103 32.9952 213.339 16.3932 18.9287 0.56478 6.77845 98.9731 25.4217 0.0000000139224 40.0982
-66.457 44.7529 11.3531 2.66975 18.6169 10.846 20.1476 6.65747 17.9174 125.802 80.602 155.867 68.5974 50.8143 76.4537 21.5375 102.103 21.1884 226.621 16.3932 5.97263 12.7915 6.77845 3.49218 23.8337 0.00000000872422 36.9837
-66.4538 44.7529 10.5635 2.66975 26.0368 5.85837 20.1476 8.21922 18.694 125.802 80.602 155.867 72.1849 43.0838 72.7946 21.5375 102.143 21.1884 267.103 4.5806 6.08771 14.5835 13.5813 23.5426 24.3057 0.0000000201962 34.1105
-66.469 44.7529 9.08552 2.66975 26.0368 5.31074 50.5687 16.3493 18.2081 70.7939 80.602 161.628 72.6549 55.3281 72.7946 21.5375 102.143 126.434 161.444 4.5806 2.82655 14.5835 62.3478 104.857 26.3737 0.000000169318 35.7736
-66.4901 40.6781 9.08552 2.66975 24.2772 4.24281 51.7618 17.812 18.2081 70.7939 80.602 161.628 73.8866 55.3281 75.0709 21.5375 102.143 126.434 161.444 5.63208 7.01932 18.6446 12.6209 17.1359 20.6586 0.0000000293816 33.0082
-66.5098 40.6781 4.18359 2.66975 23.1418 12.508 51.7618 17.812 18.2081 73.6906 80.602 161.628 64.4687 55.3281 74.1776 21.5375 114.662 105.563 161.444 8.18645 8.80518 15.785 41.7024 17.1359 24.2316 0.0000000293816 30.7686
-66.7808 40.6781 4.18359 9.2141 19.6493 12.508 51.7618 18.1866 18.0861 75.5394 80.602 161.628 64.4687 55.3281 74.1776 22.0475 113.07 108.698 161.444 11.8203 7.07669 12.8248 41.7024 15.9448 8.30102 0.0000000495737 31.3567
-67.5442 41.0463 6.168 17.0168 7.92996 15.8699 45.4518 20.8402 16.5948 75.5394 77.5456 148.669 64.4687 58.0513 74.1776 22.0475 113.07 139.686 137.912 21.6878 6.21812 16.6246 43.277 28.1218 45.7497 0.000000129266 33.8512
-65.7183 41.0463 6.168 17.0168 7.92996 15.8699 45.4518 20.8402 16.5948 75.5394 77.5456 148.669 63.7727 58.0513 74.1776 27.1178 113.488 132.454 137.912 18.8331 6.21812 15.3925 40.8622 41.5351 45.7497 0.000000129266 31.2922
-65.7183 41.0463 6.168 17.0168 7.92996 15.8699 45.4518 20.8402 16.5948 75.5394 77.5456 148.669 63.7727 58.0513 74.1776 27.1178 113.488 132.454 137.912 20.4084 3.01977 17.0064 44.8843 53.6138 40.9616 0.000000129266 31.7634
-65.7773 46.8983 9.21217 17.0168 17.3578 7.70994 45.4518 20.8402 19.7597 52.7453 77.5456 148.669 76.0491 64.7895 77.4834 26.3456 113.488 132.454 137.912 20.4084 5.3464 14.8983 4.1165 53.6138 40.9616 0.0000000878225 35.7521
-66.1973 46.8983 16.5465 7.63743 6.38438 6.90325 48.573 58.9532 19.7597 40.2664 89.257 148.669 80.4923 37.7117 68.4326 26.3456 109.124 132.052 137.912 7.35856 13.4421 17.2689 23.5843 76.7347 7.72343 0.0000000261395 31.5297
-66.6093 46.8983 16.5465 8.74462 6.35735 7.57628 42.7318 58.9532 20.5301 40.2664 89.257 148.669 80.4923 37.7117 70.9685 26.3456 113.835 132.052 138.346 16.8476 7.92623 16.306 23.5843 41.6093 104.216 0.0000000101697 32.4752
-68.1259 46.8983 16.5465 8.74462 6.35735 12.4549 30.6057 58.9532 30.3944 38.8775 89.257 148.669 76.6048 37.7117 70.9685 26.3456 113.835 140.822 137.029 14.6727 6.14573 14.7608 9.30334 41.6093 39.1474 0.000000022584 34.195
-68.1259 46.8983 16.5465 16.71 6.35735 12.4549 15.3858 58.9532 30.3944 38.8775 89.257 148.669 78.5331 37.7117 81.8453 18.3454 113.835 141.493 137.029 14.2742 0.842688 11.9988 9.30334 44.1714 39.1474 0.0000000470179 38.244
-68.1259 46.8983 16.5465 16.71 6.35735 12.1379 15.3858 58.9532 30.3944 38.8775 89.257 148.669 82.3815 37.7117 84.2885 18.3454 113.835 141.493 137.029 14.7435 0.842688 12.835 33.5388 42.6863 39.1474 0.0000000470179 36.1663
-66.6236 46.8983 2.18529 21.2817 6.35735 11.7994 15.3858 58.9532 32.8356 37.3606 89.257 150.823 80.9335 37.7117 84.2885 17.9685 117.591 141.493 126.595 20.1887 0.623959 8.88319 52.21 67.9711 11.2255 0.0000000816515 35.7523
-65.0706 46.8983 2.18529 21.2817 6.35735 10.6359 15.3858 64.2192 35.7114 26.3739 128.352 150.823 80.9335 37.7117 60.5128 17.9685 117.591 141.493 126.595 20.1887 3.53541 7.91971 28.6285 93.9515 11.2255 0.000000103817 34.6864
-65.0706 44.5758 2.32964 21.2817 5.74678 10.6359 15.3858 64.2192 34.5102 26.4516 128.352 150.823 85.2689 37.7117 59.105 17.9685 117.591 141.493 126.595 23.0066 4.98986 4.54391 28.6285 93.9515 11.2255 0.0000000443009 34.9986
-64.9925 42.7536 2.32964 21.2817 5.78155 11.077 15.3858 64.2192 33.9422 27.8597 128.352 150.823 84.9582 37.7117 59.265 17.9685 117.591 141.493 126.595 24.6287 2.83415 4.54391 25.8241 65.8222 12.3208 0.0000000360266 32.9941
-64.9925 42.7536 2.32964 21.2817 5.78155 11.1886 14.5024 64.2192 33.9422 27.8597 128.352 150.823 85.4045 37.7117 59.265 17.9685 117.591 141.493 126.595 20.6852 2.83415 4.54391 25.8241 65.8222 12.3208 0.000000024526 32.6313
-67.4362 42.7536 2.36822 21.2817 5.78155 11.1886 14.5024 64.2192 35.4115 16.5034 128.352 150.823 85.6066 37.7117 59.265 17.9685 117.591 141.493 126.595 20.6852 18.1107 4.54391 17.8461 62.6044 12.3208 0.00000000994636 33.2011
-67.4362 42.7536 2.72991 21.2817 5.78155 11.1886 14.5024 64.2192 35.4115 26.034 128.352 150.823 85.9075 37.7117 58.6721 15.6374 117.591 141.493 127.564 27.1949 3.94421 1.32417 93.1099 62.6044 12.2171 0.00000000583192 33.9948
-68.0524 42.7536 4.45911 21.2817 5.78155 11.1886 14.5024 58.9942 35.4115 27.2447 128.352 150.823 80.7326 37.7117 68.2407 6.09842 117.591 146.837 127.564 19.5722 3.94421 6.86446 93.1099 54.8552 12.2171 0.00000000519685 35.0588
-68.1233 42.7536 6.0767 20.2209 5.78155 11.1886 14.5024 58.9942 32.4163 26.1511 137.854 150.823 81.3753 37.7117 68.2407 6.09842 117.591 146.837 127.564 19.5722 3.94421 6.86446 57.386 8.99081 32.7153 0.00000000351929 33.4872
-66.7442 41.5331 6.0767 20.2209 5.78155 11.1886 15.0218 58.9942 32.4163 26.1511 137.854 150.823 81.2737 37.7117 68.2407 6.09842 117.591 146.837 127.564 18.0528 6.7241 6.86446 57.386 8.99081 30.0217 0.00000000351929 33.6447
-67.0207 41.5331 6.0767 20.2209 5.78155 12.6355 15.0218 58.9942 33.6405 23.6526 137.854 150.823 82.6356 37.7117 68.2407 6.09842 117.591 140.608 108.706 18.0528 6.7241 34.8715 57.3677 41.5615 5.96539 0.0000000027365 36.1218
-66.9144 41.5331 6.0767 16.857 12.8673 17.7699 12.5227 68.2085 23.615 23.6615 137.854 150.823 82.6356 20.6844 68.2407 9.92986 126.065 140.608 118.981 18.0528 1.50886 34.8715 10.6844 125.463 46.1881 0.0000000105976 37.2884
-66.7205 41.5331 6.0767 16.857 13.6638 16.7854 12.2895 68.2085 23.615 23.6615 137.854 150.823 82.6356 20.6844 69.1846 9.92986 116.941 184.313 80.0021 18.0528 2.73085 34.8715 10.6844 106.926 48.9092 0.00000000828803 34.2245
-64.7044 41.5331 6.0767 17.8349 14.5835 16.7854 8.12483 68.2085 19.416 31.6016 137.854 150.823 82.6356 20.6844 75.0315 9.92986 117.368 183.71 88.6159 0.0341075 2.88706 11.8314 10.6844 59.5136 60.6247 0.00000000508246 35.479
-65.4648 41.5331 6.0767 20.9476 16.4368 16.627 8.12483 70.6494 17.5572 33.8227 137.854 150.823 82.6356 20.6844 70.7948 9.92986 113.696 189.639 88.6159 7.47273 3.81207 13.0965 7.83327 50.6625 37.8452 0.00000000473962 36.7381
-65.4558 31.5382 2.81408 20.4011 16.1783 16.627 15.9692 70.6494 17.5572 26.6128 137.854 150.823 86.9071 20.6844 64.1238 9.92986 119.805 202.624 61.5851 8.31783 7.00991 16.5804 17.6059 53.7312 105.445 0.00000000772457 33.3506
-65.4558 24.4448 0.941284 19.7513 36.4989 19.5878 15.9692 62.0287 21.4891 26.6128 132.424 150.823 84.801 20.6844 64.1238 9.92986 128.481 202.624 53.4148 8.11673 6.50767 34.1912 67.4959 61.6172 115.33 0.000000011485 36.5379
-66.3091 24.2893 0.941284 17.5664 36.4989 19.5554 14.4409 62.0287 21.4891 26.6128 132.67 150.823 89.3685 20.6844 64.1238 9.92986 130.32 202.624 53.4148 8.11673 9.26816 34.1912 35.2021 95.2307 198.565 0.0000000396695 38.3563
-66.3091 24.2047 0.941284 17.5664 36.4989 13.571 14.4409 62.0287 21.9606 27.9846 132.67 150.823 92.415 20.6844 64.1238 9.92986 131.149 202.624 50.1865 7.98994 12.5685 17.2581 35.2021 85.9213 198.565 0.0000000296256 39.7896
-67.2991 24.2047 0.941284 16.9555 36.4989 14.5571 14.4409 62.387 21.9606 27.9846 132.67 150.823 93.1692 20.6844 64.1238 9.92986 132.334 202.624 45.8153 7.70828 3.19646 17.2581 6.60954 105.54 198.565 0.00000000697123 38.7439
-67.2991 23.6737 0.941284 16.9555 36.4989 14.5571 14.4409 62.387 21.9606 22.7289 132.67 150.823 93.1692 20.6844 64.1238 9.92986 136.803 204.292 46.222 9.33142 3.19646 35.6409 6.60954 105.54 198.565 0.00000000471803 43.6904
-65.7682 23.6737 0.941284 16.0331 36.4989 14.5571 17.0153 66.7393 21.9606 25.1136 132.67 150.823 89.8629 20.6844 57.9871 9.92986 137.009 204.292 46.222 8.17218 3.19646 37.1891 6.60954 89.016 215.047 0.0000000102327 39.2752
-66.539 23.6737 0.941284 21.7098 36.4989 13.1787 17.0153 66.7393 21.9606 25.1136 132.67 150.823 84.405 20.6844 57.9871 10.9208 137.009 204.292 60.635 0.970393 3.19646 37.1891 6.60954 86.2402 211.207 0.0000000102327 37.9702
-66.5956 11.2104 0.941284 21.7098 36.4989 13.1787 17.0153 66.7393 30.286 25.5521 132.67 150.823 86.0035 20.6844 57.9871 10.9208 137.009 204.292 60.635 0.970393 5.87036 24.3753 6.60954 74.8068 145.296 0.0000000071014 36.1329
-67.3356 11.2104 0.941284 21.7098 36.4989 13.7417 17.0153 66.7393 30.286 28.1598 129.701 150.823 82.5982 20.6844 63.0432 10.9208 133.981 194.794 76.187 3.26221 4.23025 22.3285 6.60954 74.3413 127.219 0.0000000129935 34.2906
-67.102 11.2104 1.62952 21.4008 36.4989 13.7417 11.4352 66.7393 34.2242 19.2935 130.027 167.983 75.9287 20.6844 52.935 17.4178 130.484 197.263 76.3264 4.66727 10.086 1.43048 121.112 74.3413 118.321 0.00000000229661 35.3088
-64.5855 8.52085 1.62952 9.71226 50.1789 18.3322 10.0329 73.4832 34.1971 17.0879 130.027 163.06 79.4938 20.6844 45.6197 17.4178 136.521 190.534 65.3133 4.66727 11.1127 1.43048 45.6444 74.3413 85.6684 0.00000000188181 32.8737
-67.1496 6.93272 1.62952 9.71226 50.1789 18.3322 8.40735 73.4832 36.9879 18.1522 130.027 163.06 80.81 20.6844 44.7786 17.4178 136.521 190.534 65.3133 4.66727 11.1127 31.8028 10.8874 6.23383 85.6684 0.00000000188181 30.5867
-66.0804 8.1624 1.62952 12.8087 50.1636 15.2731 14.3146 73.4832 26.9111 22.2434 130.027 166.704 82.196 20.571 41.8905 17.4178 136.521 173.465 88.8959 7.5041 11.1506 21.7701 84.8928 29.2515 18.9347 0.000000000729537 31.8763
-66.354 7.06734 1.62952 12.5532 50.1636 15.2731 14.3146 73.4832 27.7891 25.8503 121.079 166.704 79.7541 20.8673 41.8905 17.4178 142.664 173.465 88.1494 7.5041 11.1506 21.7701 84.8928 29.2515 28.3494 0.000000000351824 29.407
-67.0804 6.03061 1.62952 11.9112 51.8927 15.2731 14.2299 73.4832 28.6563 20.7133 127.13 166.704 79.7775 20.8673 41.8905 14.6651 145.234 173.465 88.1494 0.62146 19.8647 21.7701 84.8928 49.0421 28.182 0.000000000149754 29.2794
-65.7534 7.34426 3.1252 11.3438 51.8927 15.2731 5.64049 73.4933 31.501 20.7133 124.901 166.704 80.3122 20.8673 41.8905 17.3144 147.19 185.926 75.8146 12.0073 9.00822 22.2782 19.6244 28.7542 48.5089 0.000000000352521 27.9122
-65.5315 7.52447 3.1252 10.7899 51.8927 11.8543 7.73203 66.0977 30.8503 31.7554 124.901 166.704 80.3122 20.8673 32.3819 17.3144 147.273 185.926 75.8146 5.23273 6.39144 31.298 19.6244 18.9463 48.5089 0.000000000352521 29.7599
-64.727 7.52447 3.1252 10.7425 51.8927 15.3458 4.48828 66.5282 29.6631 29.01 124.901 166.704 83.0589 20.8673 32.7211 27.6201 144.53 81.2734 183.841 3.29978 6.40651 31.298 19.6244 20.5362 38.1952 0.000000000740478 32.0339
-71.385 14.4126 3.1252 17.3026 45.2661 20.6728 4.48828 64.1923 29.6631 31.0921 112.583 166.704 83.0589 20.8673 33.5561 27.6201 146.222 81.2734 183.841 3.83868 5.78269 31.298 19.6244 26.0935 38.1952 0.00000000409296 35.3
-66.2424 14.4126 3.1252 17.3026 45.2661 17.264 9.47433 61.2732 30.8485 31.0921 112.583 166.704 83.0589 20.8673 33.5561 25.7038 146.222 81.2734 183.841 3.83868 8.1587 31.298 4.24233 26.0935 23.7414 0.00000000409296 30.0995
-66.2424 14.4126 3.1252 17.3026 45.2661 17.264 11.6245 61.2732 30.9208 31.3222 112.583 166.704 84.7878 20.8673 33.5561 25.7038 146.222 81.2734 183.841 3.83868 6.44247 31.298 4.24233 25.5137 21.2923 0.00000000409296 31.7326
-67.2153 10.4463 3.1252 18.0483 37.597 17.264 11.6245 66.1367 30.9208 37.3531 112.583 166.704 81.991 20.8673 33.5561 25.7038 146.222 78.5727 185.121 9.08743 6.71017 31.298 84.1414 22.4443 38.7702 0.00000000597744 32.8451
-66.2177 9.65365 3.1252 17.8506 37.597 17.264 11.6245 66.1367 30.6293 31.8202 112.583 166.704 83.6269 20.8673 33.5561 38.7615 143.656 67.8033 185.121 10.6121 6.51205 33.2187 59.2822 25.5242 36.3643 0.000000013053 35.9844
-66.8669 7.30996 3.93642 0.374744 37.597 41.1109 11.6245 62.0794 30.796 35.1554 116.992 166.704 77.4424 20.8673 21.658 29.866 141.612 100.432 185.121 8.53614 7.23079 15.6865 93.1117 30.7426 70.591 0.0000000088055 34.974
-65.4436 8.00433 3.93642 0.374744 32.4695 46.2437 11.6245 62.0794 29.7663 42.2577 116.992 166.704 79.5799 20.8673 25.0415 29.866 132.17 100.432 185.121 0.658701 7.44081 23.194 118.795 36.8944 70.591 0.00000000287811 35.0266
-63.8205 7.47753 3.93642 0.374744 35.8167 47.0723 12.0363 53.1994 29.3999 44.7985 116.992 166.704 80.9964 20.8673 25.0602 34.5235 136.408 100.432 175.089 5.16989 6.86284 23.194 202.333 28.6706 84.1018 0.00000000507988 37.0847
-62.7585 11.1385 7.59379 0.374744 35.8167 48.8443 14.6039 42.1212 29.2583 34.3494 117.202 166.704 81.8446 20.8673 42.9052 34.8386 132.987 100.432 175.089 11.4182 5.09111 13.2175 124.605 28.8548 39.2953 0.0000000143527 37.6361
-65.6692 12.0924 18.2012 0.374744 23.5371 48.8443 14.6039 40.4555 31.436 44.358 110.097 166.704 88.9796 20.8673 33.6033 32.6338 131.95 90.6022 175.089 17.2103 1.51063 17.4969 101.137 23.8615 111.956 0.00000000942932 35.0553
-64.5114 13.4122 18.2012 1.40934 23.5371 48.8443 14.6039 39.5205 31.8445 34.2682 110.097 166.704 95.231 20.8673 33.6033 33.3047 131.95 90.6022 175.089 18.0484 5.78043 11.2342 66.2049 25.5878 111.956 0.0000000102198 33.9554
-69.0792 7.29838 18.2012 1.40934 24.8883 48.7676 8.46035 39.5205 34.367 43.0811 110.097 166.704 95.231 20.8673 31.8866 34.9477 131.95 90.6022 178.996 17.3302 5.78043 17.0943 48.3003 27.5538 62.7011 0.00000000457667 36.123
-66.0439 6.65067 18.2012 1.34497 19.9375 48.7676 13.924 67.1205 35.1261 12.088 110.097 166.704 89.4311 17.1453 43.8568 31.5661 131.95 90.6022 178.996 14.0594 8.9095 10.8281 32.0717 29.0571 9.40077 0.0000000117232 30.8625
-65.5392 6.76599 18.2012 1.34497 19.9375 48.7676 13.924 67.2631 34.6232 12.338 110.097 166.704 89.4311 17.1453 43.8568 31.5661 133.487 90.522 178.996 19.3006 10.9174 8.00224 24.1182 43.0945 2.74066 0.00000000852147 30.7623
-65.0375 6.76599 5.49172 0.988381 19.4458 61.0259 13.558 67.2631 34.5832 15.6102 110.097 166.704 88.1441 17.1453 43.8568 32.4304 130.77 90.522 178.996 17.8008 13.3961 8.00224 30.4568 43.0945 2.74066 0.00000000852147 32.2004
-65.2757 9.78343 5.49172 3.03548 18.3359 61.0259 16.8678 71.3688 33.4966 10.097 113.064 166.704 88.1441 20.4347 42.2789 25.6855 130.77 90.522 178.996 17.8008 6.3336 2.61881 28.2202 82.0828 14.7811 0.00000000156062 35.2076
-64.694 7.94495 5.49172 3.37296 17.2866 61.0259 19.2949 66.9514 32.2137 10.097 113.064 166.704 88.1441 20.4347 40.9501 21.7396 145.849 90.522 178.996 13.3734 7.8476 5.06566 20.8674 87.9916 41.2879 0.00000000206045 31.3359
-66.9986 6.2172 5.49172 3.73588 17.6608 62.0821 15.1535 68.0023 31.6206 10.097 113.064 166.704 86.8356 20.4347 40.9501 21.7986 145.064 90.522 186.373 20.958 3.96305 5.98944 17.6686 31.8548 61.9924 0.000000000957619 30.1865
-66.9986 7.60429 4.20232 5.51362 17.5185 62.0821 17.6976 68.0023 32.3404 12.1378 112.561 166.704 87.4962 25.8939 40.9501 19.2303 129.477 90.522 186.373 14.8615 4.71727 4.90047 12.0601 24.1315 61.9924 0.0000000012084 32.9504
-64.5878 7.60429 4.20232 2.39312 17.0586 59.0829 16.9728 68.0023 32.6478 12.1378 112.561 166.704 87.4962 25.8939 44.1449 19.2303 138.282 90.522 186.373 3.80187 4.48045 0.776621 69.3563 4.61142 34.7504 0.000000000883868 34.9611
-66.6946 6.93996 4.20232 4.95128 17.5329 57.7979 16.9728 68.0023 34.2988 12.1378 112.561 166.704 83.7343 25.8939 39.1293 27.498 138.282 92.9053 186.373 18.6347 7.98721 0.776621 28.6693 4.61142 14.786 0.000000000747907 29.7951
-65.8728 3.4103 4.20232 9.65851 17.5329 57.7979 16.8819 61.5479 34.6784 9.14627 112.561 166.704 83.5161 25.8939 39.1293 25.3051 138.253 92.9053 186.373 4.62063 27.0758 7.03048 41.393 58.4658 19.7697 0.00000000114729 31.2927
-68.5492 3.4103 4.20232 9.65851 17.207 57.7979 18.0204 69.4412 34.6784 9.14627 112.561 166.704 83.5161 25.8939 36.6261 20.7262 138.253 92.9053 186.373 4.62063 27.0758 7.03048 41.393 58.4658 16.9022 0.0000000002524 32.4888
-68.324 3.4103 4.20232 9.65851 17.4133 57.7979 18.0204 67.076 35.591 9.14627 112.561 169.341 83.5161 25.8939 36.6261 21.8251 137.148 42.2942 238.198 1.78614 27.0758 7.03048 41.393 30.7879 10.4255 0.000000000232283 31.11
-66.4089 2.77291 4.20232 9.65851 17.5376 57.7979 18.369 67.076 33.8082 9.14627 112.561 169.341 83.5161 25.8939 36.6261 29.8286 137.148 42.2942 240.882 1.54008 11.4733 5.03746 57.9537 115.848 10.4255 0.000000000435815 31.3722
-66.2332 2.77291 4.20232 9.65851 18.0613 57.7979 18.369 68.63 34.414 9.14627 117.805 169.341 83.5161 28.1841 36.6261 35.5601 128.046 42.2221 240.882 1.54008 10.256 5.03746 57.9537 76.7698 10.8994 0.000000000435815 30.9801
-67.6943 1.95283 5.33774 10.4823 16.4389 57.7979 16.4856 68.63 36.4686 5.35775 117.805 169.341 83.5161 28.1841 36.6261 29.5751 128.668 40.2889 248.935 5.10462 8.27562 4.41426 72.1462 149.418 10.3029 0.000000000178513 33.073
-67.291 1.89497 8.09551 10.4823 17.7788 57.7979 14.0299 68.5267 36.4686 6.85086 110.933 169.341 83.5161 28.1841 51.4878 29.9744 121.801 40.2889 248.935 6.32565 5.77306 8.46005 34.1355 98.4112 9.81263 0.0000000000923026 31.0098
-66.6064 1.89497 8.17165 10.4823 16.3617 57.7979 11.8 68.5267 36.4686 6.85086 73.9064 169.341 83.5161 68.9496 51.4878 22.5192 121.801 40.2889 248.935 9.50242 8.85733 8.46005 40.0063 90.7159 46.9513 0.00000000018541 30.609
-66.6064 1.89497 9.89748 10.4823 16.3617 57.7979 11.8 68.5267 36.4686 6.85086 96.9645 169.341 83.5161 47.5464 51.4878 19.4151 123.589 40.2889 248.935 9.50242 5.22534 4.3278 40.0063 89.6305 159.684 0.000000000342046 32.4306
-66.6064 1.74101 11.8378 6.94095 16.9106 57.7979 11.8 68.5267 33.5847 11.3187 96.6343 169.341 84.8234 47.5464 51.4878 19.4151 123.589 40.2889 239.277 24.2581 1.81755 1.00086 32.7734 107.851 165.196 0.00000000057162 35.0394
-65.9303 1.74101 11.8378 6.94095 17.1686 57.7979 7.85223 68.5267 33.5847 11.3187 96.6343 169.341 84.8234 47.5464 51.4878 19.4151 123.589 40.2889 239.277 29.7583 1.81755 3.43439 17.0652 101.326 165.196 0.00000000057162 35.6297
-65.9303 3.11328 11.8378 6.94095 17.1686 57.7979 7.85223 68.5267 32.5207 11.3187 96.6343 169.341 84.8234 47.5464 51.4878 19.4151 123.589 40.2889 239.277 28.8956 1.81755 2.81611 4.58365 101.326 165.196 0.00000000061366 35.0166
-65.534 0.549784 11.8378 6.94095 17.1686 57.7979 7.85223 68.5267 36.4714 11.3187 96.6343 169.341 84.8234 47.5464 51.4878 19.4151 123.589 37.7611 239.277 28.8956 1.19184 2.81611 4.58365 95.3707 90.1687 0.00000000061366 35.1043
-66.9494 0.549784 11.9786 6.94095 17.1686 57.7979 7.85223 68.5267 38.0415 11.3187 96.6343 169.341 84.5836 47.5464 51.4878 21.9431 123.589 37.216 239.277 28.8956 1.19184 1.44237 16.1198 117.717 72.6718 0.000000000564867 33.6411
-67.0025 5.22822 10.2061 6.94095 17.1686 57.7979 7.85223 58.7176 37.9013 11.3187 96.6343 169.341 84.5836 47.5464 51.4878 21.0974 123.589 37.216 249.182 15.0865 9.34982 1.44237 23.1357 34.8236 89.833 0.000000000273914 31.3508
-65.5332 6.74732 8.97201 6.94095 17.1686 57.7979 11.8016 54.6235 44.1894 11.3187 96.6343 169.341 84.5836 47.5464 51.4878 17.1145 128.902 37.216 245.653 3.86656 9.99434 11.1416 5.4561 47.3225 132.884 0.000000000130752 29.7549
-65.3008 5.50177 8.83392 6.94095 17.1686 57.7979 15.1499 54.6235 42.9846 11.3187 96.6343 169.341 84.5836 47.5464 51.4878 7.86152 131.66 35.0181 245.653 2.192 7.7894 20.9022 23.106 30.8034 86.8081 0.000000000317474 28.9866
-65.3008 5.97924 9.6432 6.94095 17.1686 57.7979 15.1499 54.6235 42.9846 11.3187 96.6343 169.341 84.5836 47.5464 51.4878 7.86152 131.66 35.0181 247.239 5.30259 7.24546 20.9022 8.16578 28.4569 86.8081 0.000000000657342 30.4584
-65.3008 4.33251 9.55571 6.94095 17.1686 57.7979 15.1499 54.6235 42.9846 11.3187 96.6343 169.341 84.5836 47.5464 51.4878 7.86152 131.66 33.4724 247.239 5.30259 8.92902 20.9022 7.24371 28.4569 107.156 0.000000000306715 29.827
-64.5341 3.80395 9.6379 6.94095 15.7522 59.9855 17.8523 54.6235 43.3588 11.3187 96.6343 169.341 69.4605 47.5464 51.4878 13.065 136.257 33.4724 252.145 6.66863 11.1437 16.5761 7.24371 35.3552 107.156 0.0000000000720613 30.3508
-63.4821 3.80461 9.29716 2.91444 22.3104 58.1777 11.8049 54.6235 42.5028 18.6968 98.6431 169.341 69.4605 47.5464 51.8461 19.0738 123.116 32.5626 252.145 6.66863 9.2539 28.9526 7.74975 49.8476 97.5878 0.00000000044381 39.0503
-66.8285 3.78666 8.70783 2.91444 22.6685 58.1777 10.1013 54.6235 41.2617 18.6968 98.6431 169.341 69.4605 47.5464 51.8461 19.0738 126.907 35.1849 252.86 11.3611 9.56676 17.1043 8.65105 35.6432 50.2878 0.00000000044381 32.8981
-66.8285 3.41208 8.66692 2.91444 22.1013 58.1777 13.6399 50.0396 43.9643 18.6968 93.5498 169.341 69.4605 47.5464 75.0513 27.7042 107.472 41.654 242.48 15.5137 12.5794 22.4311 11.1781 19.238 44.327 0.000000000181067 36.0392
-67.246 3.68867 8.99425 2.91444 23.3341 58.1777 13.6399 50.0396 41.1536 30.5434 86.0337 169.341 57.774 47.5464 62.0121 27.7042 133.921 64.7819 205.328 8.8614 8.72283 18.6718 19.5078 75.4412 16.7532 0.000000000189067 30.7902
-67.246 3.98134 9.12022 0.361683 23.3341 58.1777 11.9322 50.0396 41.1536 31.6627 86.0337 169.341 57.774 59.4742 62.0121 27.0668 130.514 64.7819 205.328 1.77866 7.47847 21.6339 29.0819 51.0356 42.0024 0.000000000189067 29.954
-68.963 3.89751 9.10925 0.361683 24.804 58.1777 8.46827 51.7895 41.1536 31.6627 86.0337 169.341 57.774 59.4742 62.0121 24.0917 130.514 64.7819 205.328 1.77866 12.4632 21.7559 26.4479 47.5818 20.4797 0.0000000000718134 29.5756
-68.1147 4.23746 9.10925 0.361683 24.804 58.1777 7.9002 51.7895 41.1536 31.6627 86.9906 169.341 57.774 59.4742 44.6537 24.0917 138.518 64.7819 205.328 1.77866 19.8749 21.7559 4.53524 41.6526 20.4797 0.000000000102447 31.0451
-68.1147 4.23746 7.04006 0.361683 24.804 58.1777 9.24449 51.7895 41.1536 31.6627 86.9906 169.341 57.774 59.4742 45.7087 24.0917 138.518 64.7819 205.328 1.77866 19.8749 22.1255 20.4348 60.5906 15.6862 0.000000000102447 32.1517
-66.2376 4.07502 5.10148 2.62648 24.804 66.175 9.24449 57.0838 41.1536 37.5813 81.0186 170.11 57.774 59.4742 45.7087 24.2975 137.233 64.7819 205.328 8.56027 11.6991 9.21718 95.5058 51.3524 15.6862 0.00000000000581445 30.1527
-64.6196 3.91116 9.16905 2.62648 24.804 66.175 10.4851 54.3046 41.1536 37.5813 66.31 170.11 57.774 59.4742 57.6727 24.2823 124.056 74.4471 205.328 8.56027 16.0746 2.89381 104.992 51.9102 4.34254 0.00000000000581445 29.2581
-64.6196 3.91116 9.16905 2.62648 24.804 66.175 8.41154 54.3046 41.1536 37.5813 66.31 171.256 57.774 59.4742 57.6727 24.7436 124.056 82.9826 205.328 4.53612 16.0746 2.89381 104.992 52.7044 21.659 0.00000000268783 33.42
-67.0068 7.50413 9.33351 2.62648 23.6707 66.175 10.4489 54.3046 41.1536 37.5813 66.31 171.256 57.774 58.8973 57.6727 20.8385 124.056 82.9826 205.328 5.82698 14.7447 6.40519 105.41 54.7625 29.147 0.00000000182685 33.9951
-66.2408 7.50413 8.78693 2.62648 23.315 47.5494 10.4489 54.3046 41.1536 37.5813 84.7809 171.256 57.774 58.8973 57.6727 20.07 124.056 82.9826 205.328 5.82698 14.7447 9.31371 91.2866 54.7625 29.147 0.00000000180866 31.556
-64.7612 7.90228 8.78693 2.62648 23.315 47.5494 10.4489 54.3046 41.1536 37.5813 82.5589 171.256 57.774 58.8973 57.6727 20.07 124.056 82.9826 205.328 5.82698 14.7447 9.33211 11.0354 38.6552 16.9176 0.00000000186965 30.4025
-64.8533 8.49548 8.36293 2.62648 22.1345 47.5494 10.4489 54.3046 36.1262 37.5368 82.5589 174.501 57.774 58.8973 57.6727 27.0303 124.056 82.9826 205.328 0.702536 14.7447 8.76162 27.113 85.2644 16.9176 0.00000000243782 31.2788
-64.6901 7.63031 10.9965 2.62648 22.1345 47.5494 10.6018 52.2906 36.1262 37.5368 82.5589 174.501 52.2765 58.8973 57.6727 27.0303 124.056 82.9826 205.328 1.36957 14.0332 8.20545 26.2758 85.2644 23.5301 0.00000000539521 32.8855
-65.5366 8.52317 9.91771 2.62648 23.3453 47.5494 14.0801 52.2906 36.1262 37.5368 96.8575 157.079 61.3972 58.8973 60.9511 19.1853 119.311 82.9826 205.328 5.95745 10.1396 13.5732 20.9704 65.6326 24.3526 0.00000000679562 30.7271
-65.9955 8.56455 8.05967 2.62648 20.9218 55.638 14.0801 52.2906 36.1262 20.4114 98.7745 157.079 61.3174 83.5154 60.9511 19.3468 119.311 82.9826 191.203 8.52017 10.0544 11.7451 21.8562 56.0578 19.7833 0.00000000433291 30.9888
-65.9955 6.54 7.68795 1.30831 23.5757 55.638 14.6672 48.4426 48.3412 20.4114 98.3898 139.949 61.3174 83.5154 60.9511 24.8653 127.867 82.9826 194.012 3.24623 11.2191 9.74898 17.191 115.158 19.891 0.000000000261307 28.6302
-65.6155 6.54 7.77667 1.30831 19.9631 55.638 14.0187 48.4426 45.1798 20.4114 109.45 127.847 61.3174 83.5154 60.9511 25.5002 127.867 82.9826 194.012 3.24623 11.3518 11.4315 62.9996 115.158 19.891 0.0000000192035 34.2248
-65.7359 8.20376 7.39091 1.30831 20.0689 60.9622 7.73991 48.4426 45.1798 31.3503 109.052 127.847 61.3174 83.5154 60.9511 26.4319 122.623 82.9826 194.012 3.24623 9.15035 11.0396 108.399 99.2181 26.3838 0.00000000219946 31.802
-65.6246 5.51007 7.31324 1.96292 19.4297 60.9622 7.73991 48.4426 45.1798 31.5743 109.052 127.847 61.3174 83.5154 57.9441 25.1173 122.623 82.9826 194.012 3.24623 13.9685 11.2292 12.4433 99.2181 26.3838 0.00000000177447 30.018
-65.0134 1.02012 6.41731 7.29533 19.9339 60.9622 2.14843 48.4426 45.1798 31.5743 109.052 127.847 67.6882 86.9986 57.9441 25.85 111.379 82.9826 194.012 3.24623 16.3268 16.4789 12.4433 150.088 50.6242 0.000000000493327 33.2729
-66.2551 1.02012 6.41731 7.29533 19.9339 60.9622 6.76675 48.4426 34.452 27.0709 111.41 126.864 77.168 86.9986 57.9441 26.1342 115.907 82.9826 186.818 3.24623 20.6841 16.4789 12.4433 150.088 6.71936 0.000000000493327 35.9048
-66.2551 1.02012 6.26128 7.29533 19.9339 60.9622 6.33417 48.4426 34.452 27.0709 111.41 126.864 77.1803 86.9986 31.8714 26.1342 143.568 82.9826 186.818 3.24623 20.6841 14.3328 12.4433 162.938 6.71936 0.000000000493327 34.6734
-66.9344 12.4059 6.34973 7.29533 11.3895 60.9622 5.10553 48.4426 34.452 80.964 130.186 39.7503 92.899 86.9986 31.7253 30.6878 143.568 82.9826 186.818 0.13346 22.1136 12.3364 36.9866 90.1354 23.8985 0.000000000119789 32.0089
-67.8267 13.5325 6.07422 7.29533 10.7089 60.9622 5.79905 54.1815 34.452 72.4358 124.432 39.7503 93.1213 86.9986 31.7253 30.8922 143.568 82.9826 186.818 0.13346 22.1136 8.78139 58.9021 35.7037 75.9414 0.000000000119789 32.0058
-67.6192 13.5325 5.85948 7.29533 10.7089 60.9622 5.79905 54.1815 34.452 72.4358 124.432 39.7503 93.1213 86.9986 27.7327 30.8922 143.568 83.2682 186.818 0.13346 11.255 8.27307 92.6841 35.7037 22.8404 0.000000000119789 33.8325
-66.3993 12.3537 6.0806 7.29533 10.7089 61.9289 6.88069 52.7746 23.6875 82.8817 124.867 39.7503 86.2729 86.9986 41.2691 31.6543 143.568 83.2682 191.33 6.09563 11.255 3.78931 100.926 35.7037 17.3229 0.000000000119789 29.7299
-66.3993 12.3537 6.0806 7.29533 10.7089 61.9289 6.88069 55.9096 23.6875 82.8817 130.657 39.7503 86.2729 86.9986 36.8781 30.3073 143.568 83.2682 191.33 6.09563 11.255 6.43373 64.9981 37.5223 17.3229 0.000000000119789 26.3369
-65.7267 12.3537 6.0806 7.29533 10.7089 61.9289 6.88069 55.9096 23.6875 82.8817 130.657 39.7503 86.2729 86.9986 30.8717 31.8283 148.774 83.2682 191.33 6.09563 11.255 6.43373 94.7734 24.865 7.42983 0.000000000119789 27.2377
-65.0219 11.5801 6.50702 7.29533 10.7089 61.9289 6.88069 55.9096 23.6875 82.8817 130.657 36.1396 86.0142 86.9986 27.8844 41.3036 144.54 66.079 191.33 6.09563 5.06447 4.56123 94.7734 10.6028 7.42983 0.000000000119789 31.4093
-65.2032 12.2917 4.11451 7.29533 10.7089 61.9289 8.47359 55.9096 23.6875 82.8817 126.582 36.1396 86.0142 86.9986 33.2075 35.9464 159.772 62.8376 191.33 8.11381 5.06447 4.56123 35.5072 7.15766 7.42983 0.000000000119789 32.1596
-65.2032 13.5087 4.11451 8.95929 3.63322 61.9289 15.3297 44.8116 23.6875 82.8817 112.054 46.4846 91.748 86.9986 39.2452 26.9098 159.772 62.8376 203.912 8.11381 9.04363 6.69661 9.56845 7.15766 7.42983 0.000000000119789 34.3462
-65.8498 9.92976 4.30059 8.95929 3.63322 61.9289 18.0938 44.126 34.4157 82.8817 114.945 46.4846 80.7879 86.9986 42.5776 21.2059 161.789 62.8376 203.912 9.8296 7.98379 15.3057 58.3031 71.8134 24.1499 0.000000000119789 31.9071
-65.8498 10.1458 4.30059 12.7194 3.63322 80.5407 25.3107 37.2869 10.7732 82.8817 115.588 69.3975 80.7879 86.9986 19.0987 21.2059 161.789 62.8376 203.912 8.39999 6.71798 15.3057 26.2109 52.0413 24.7181 0.000000000119789 28.5228
-66.2896 10.1458 4.30059 13.6083 3.63322 80.5407 24.8538 37.8904 10.7732 75.3307 115.588 69.3975 80.7879 86.9986 17.171 16.3372 161.789 74.8937 203.912 8.12078 8.10033 15.3057 21.0324 64.7516 32.6472 0.000000000119789 29.3772
-63.9481 10.1458 8.73301 6.02804 3.63322 80.5407 20.3278 38.8414 10.7732 61.9299 119.507 69.3975 87.1065 87.8839 19.1859 29.7528 167.991 66.1917 203.912 3.27571 6.56722 17.4491 71.7003 10.1224 38.1267 0.000000000119789 30.9555
-66.4828 11.6778 8.73301 6.02804 4.46625 67.5249 29.2766 38.8414 10.7732 61.9299 125.902 72.4407 87.1065 89.7158 26.1702 29.7528 149.399 66.1917 203.912 6.95727 3.46723 16.534 53.6817 17.6173 49.2405 0.000000000119789 28.7398
-67.818 11.9699 8.43683 6.02804 4.46625 67.5249 26.4827 35.6352 10.5747 61.9299 120.839 72.4407 81.212 89.7158 26.1702 29.7528 162.333 66.1917 203.912 3.76542 11.0447 1.59118 83.8008 25.3494 9.05492 0.000000000119789 33.1236
-67.709 14.6981 7.56093 3.79168 4.46625 71.5597 19.3081 35.6352 10.5747 81.5142 127.913 90.2782 66.253 72.0135 28.1196 17.1806 166.867 66.1917 203.912 7.11768 3.3379 1.59118 101.96 24.783 12.6583 0.000000000119789 31.5834
-66.4367 13.6163 7.07735 3.79168 4.46625 71.5597 19.3081 29.605 10.5747 82.1453 124.046 90.2782 65.5361 77.6185 29.3111 25.3838 160.06 66.1917 203.912 5.91581 6.00086 21.5996 86.4258 17.5143 13.7009 0.000000000119789 31.3164
-67.228 18.6422 4.36132 10.4417 0.0414721 71.5597 18.691 29.605 10.5747 82.1453 165.595 88.802 40.162 77.6185 31.0589 30.8504 142.36 66.1917 203.912 4.13277 6.00086 23.1508 86.4258 28.2354 13.7009 0.000000000119789 32.7808
-67.2633 18.6422 4.36132 10.4417 0.0414721 71.5597 18.691 29.605 10.5747 82.1453 167.729 88.802 40.162 77.6185 31.0589 24.7731 142.36 66.1917 203.912 4.13277 5.41073 29.0507 86.4258 33.076 19.4638 0.000000000119789 32.7855
-65.806 22.7368 4.56682 10.4417 0.627589 71.5597 17.0746 29.605 10.5747 82.1453 167.729 84.3082 34.2847 77.6185 39.9966 24.7731 143.788 68.3245 203.912 4.13277 10.4348 16.5213 100.246 23.5954 36.3909 0.0000000757393 34.8406
-65.3623 22.7368 4.56682 10.6392 0.627589 71.5597 17.0746 29.605 10.5747 82.1453 168.647 84.3082 34.2847 77.6185 39.9966 24.7731 133.65 68.3245 203.912 4.13277 13.5468 16.5213 85.8599 23.5954 36.3909 0.0000000757393 36.2975
-64.6008 22.7368 11.6007 2.93489 1.2219 71.5597 15.0129 31.935 10.5747 82.1453 173.506 84.3082 34.2847 77.6185 39.9966 27.8076 135.344 56.5362 215.142 9.85979 4.68978 11.029 36.1683 73.5344 41.6302 0.000000190009 35.8311
-66.0045 31.0913 3.21852 2.93489 1.2219 71.5597 15.0129 31.935 10.5747 82.1453 173.506 84.3082 34.2847 77.6185 39.9966 27.8076 129.972 56.5362 215.142 5.48845 7.25234 15.3437 14.0844 44.1891 19.3234 0.0000000206757 32.3471
-65.6132 31.0913 2.71411 2.93489 1.2219 71.5597 15.2898 33.1392 10.5747 82.1453 173.506 84.3082 34.2847 77.6185 39.9966 27.8076 129.972 56.5362 215.142 7.20461 12.186 15.3437 10.2963 47.0202 20.7095 0.000000460102 36.8161
-66.2131 31.0913 2.71411 2.93489 2.74431 71.5597 15.2898 31.5517 10.5747 82.1453 173.506 76.5401 34.2847 72.9565 39.9966 36.3303 125.343 56.5362 215.142 9.48856 17.8249 15.3437 26.1346 33.3587 22.0245 0.000000420949 38.0194
-65.875 31.0913 2.71411 2.93489 1.96659 71.5597 15.2898 31.5517 10.5747 82.1453 173.506 81.344 36.8823 72.3803 39.5016 38.2736 125.343 56.5362 215.142 5.60966 17.8249 8.44636 18.6032 45.3437 23.9534 0.000000330443 34.7716
-65.8238 28.1591 1.17677 2.93489 1.68422 71.5597 20.0242 31.5517 10.5747 82.1453 173.506 75.1656 40.5687 72.3803 39.5016 44.9798 125.343 56.5362 215.142 4.24147 9.64428 12.1828 109.156 45.3437 36.3698 0.000000330443 39.7502
-66.8025 28.1591 1.17677 2.93489 9.47679 71.5597 20.0242 19.3121 7.76052 81.8281 176.689 75.1656 40.5687 71.059 39.5016 44.9798 125.343 56.5362 215.142 6.34051 11.1291 12.7577 41.5309 72.1502 37.7393 0.0000000279466 38.5952
-67.6035 28.1591 1.17677 2.93489 9.47679 71.5597 20.0242 19.3121 7.76052 81.8281 184.588 75.1656 40.5687 71.059 39.5016 44.9798 125.343 56.5362 215.142 6.34051 12.7342 12.7577 9.56209 45.593 32.8444 0.0000000279466 38.1834
-67.6035 25.9426 1.17677 2.93489 7.29237 71.5597 24.8335 16.9391 7.76052 81.8281 184.588 75.1656 35.7063 71.059 39.5016 44.9798 125.168 56.5362 210.54 15.2467 9.2476 11.8349 9.56209 46.8036 30.4843 0.0000000279466 38.5376
-67.6035 25.9426 1.17677 2.93489 10.8703 71.5597 28.7714 14.9742 7.76052 81.8281 179.246 75.1656 35.7063 71.059 39.5016 44.9798 125.168 56.5362 215.64 20.206 6.53606 11.8349 50.6441 46.295 30.4843 0.0000000279466 37.4063
-63.1954 25.9426 1.17677 2.93489 10.8703 71.5597 28.7714 14.9742 7.76052 81.8281 179.246 83.778 35.7063 62.35 39.5016 44.9798 125.168 56.5362 215.64 20.206 9.06391 1.36441 50.6441 35.3316 30.4843 0.0000000279466 38.0364
-64.833 25.9426 1.17677 2.93489 10.7468 71.5597 26.9196 16.4192 7.76052 81.8281 170.357 83.778 35.7063 79.62 39.5016 36.8996 125.168 56.5362 215.64 20.206 5.82966 3.26384 93.661 37.9441 30.4843 0.0000000279466 37.488
-68.1349 22.0206 5.83683 2.93489 10.7468 71.5597 29.844 13.1858 7.76052 80.9304 170.357 97.3939 36.2683 82.6732 7.28804 36.8996 141.328 56.5362 215.64 20.671 4.19434 3.26384 52.9878 22.9405 16.4232 0.00000022479 40.754
-65.8214 22.0206 5.83683 2.93489 10.7468 71.5597 29.844 13.1858 7.76052 80.9304 170.357 97.3939 36.2683 82.6732 7.28804 36.8996 141.328 56.5362 215.64 19.489 7.10958 3.26384 52.9878 14.2656 4.50845 0.00000022479 39.8668
-66.1775 22.0206 5.83683 2.93489 10.7468 71.5597 29.844 13.1858 7.76052 80.9304 170.357 97.2008 36.2683 82.6732 7.28804 36.8996 141.328 56.5362 215.64 15.756 12.9015 3.26384 52.9878 34.553 4.50845 0.00000022479 39.6772
-66.1775 22.6263 5.43353 2.93489 10.7468 71.5597 29.844 13.1858 7.76052 80.9304 170.357 97.2008 36.2683 81.3118 7.28804 36.8996 141.328 56.5362 215.64 15.756 14.3164 3.26384 89.1476 101.213 4.50845 0.000000106622 43.2222
-66.3249 21.1471 1.13543 2.93489 10.7468 71.5597 32.2325 13.1858 7.76052 80.9304 170.357 93.4702 36.2683 81.3118 7.28804 36.8996 141.328 56.5362 215.64 14.5784 20.1401 3.26384 75.2378 27.8492 4.06719 0.000000106622 39.9566
-67.4007 21.1471 0.559796 6.13645 10.7468 71.5597 32.2325 12.0691 7.76052 80.9304 170.357 94.1921 36.2683 81.3118 7.28804 36.8996 141.328 56.5362 215.64 18.4442 17.4397 3.26384 33.7118 22.968 4.06719 0.000000140393 41.2937
-63.2642 21.1471 0.559796 6.13645 10.674 71.5597 27.4067 20.7682 7.76052 80.9304 170.357 87.8557 36.2683 81.3118 7.28804 36.8996 141.328 56.5299 215.64 13.9986 16.9015 3.26384 38.8687 25.8589 4.06719 0.000000223961 40.4004
-63.2642 9.04718 0.559796 6.13645 22.4297 71.5597 27.4067 15.138 13.6393 80.9304 170.357 89.5828 34.2731 81.3118 7.28804 36.8996 141.328 56.5299 215.64 17.0922 16.3151 6.73442 141.51 12.8104 101.255 0.000000223961 44.217
-62.2995 8.81941 0.559796 6.13645 21.2437 71.5597 27.4067 15.138 13.6393 80.9304 193.289 89.9556 23.5908 81.3118 3.04606 36.8996 141.328 56.5299 215.64 13.7045 16.3151 6.46921 227.987 12.8104 0.814122 0.0000000247593 46.4893
-68.2901 8.16468 0.559796 6.13645 21.2437 71.5597 27.4067 15.138 13.6393 80.9304 193.289 90.254 23.5908 81.3118 3.04606 36.8996 141.328 56.5299 215.64 13.7045 16.3454 6.63368 227.987 88.9092 41.8507 0.0000000247593 46.7497
-67.5213 2.45259 1.32807 6.13645 23.3989 71.5597 27.4067 6.12693 13.6393 80.9304 193.347 93.5606 21.9366 81.3118 3.04606 36.8996 146.226 56.5299 215.64 22.2433 16.1802 6.54507 98.7236 10.6795 38.9204 0.0000000247593 44.653
-67.6816 2.45259 1.32807 6.13645 23.3989 71.5597 27.4067 6.12693 13.6393 80.9304 195.799 93.5606 22.4802 77.9945 3.04606 36.8996 146.226 56.5299 215.64 23.2443 16.8599 6.2983 147.15 10.4662 38.9204 0.0000000247593 46.8396
-67.396 0.929283 1.32807 6.13645 15.237 71.5597 27.4067 21.7222 30.1565 68.1712 197.174 94.7776 18.8782 69.4651 3.04606 37.6744 146.226 56.5299 215.64 15.0814 16.7894 6.43264 130.395 10.8183 22.6106 0.0000000247593 38.6748
-66.7086 0.929283 2.87566 0.113629 15.237 73.2693 27.4067 23.0657 30.1565 68.1712 190.171 94.7776 18.6845 69.6423 3.04606 43.0194 149.47 64.4354 215.64 5.58364 17.3643 6.49603 108.134 10.6961 25.8968 0.0000000247593 40.8479
-66.9546 1.49113 7.29848 0.113629 17.0614 73.2693 22.105 20.0381 30.1565 68.1712 174.725 105.888 17.07 74.8544 23.3193 43.0194 140.951 64.4354 215.64 1.17544 16.6528 5.8487 5.49358 10.4408 11.713 0.0000000247593 34.3396
-62.2707 1.49113 4.06703 2.36077 17.0614 73.2693 21.0628 20.2646 30.1565 75.5217 191.097 105.888 17.07 74.048 10.1621 29.3832 140.951 56.3299 215.64 1.17544 6.34671 6.33727 13.5353 10.6388 15.088 0.0000000247593 41.7191
-60.265 1.49113 4.06703 2.36077 17.0614 73.2693 21.0628 17.8295 30.1565 75.5217 176.151 91.9269 10.9959 86.3065 32.412 29.3832 140.951 56.3299 215.64 2.58889 8.10646 6.75743 10.6815 10.2482 49.044 0.0000000247593 41.7803
-60.265 1.49113 4.06703 2.36077 20.9442 73.2693 21.0628 17.8295 30.1565 75.5217 176.151 97.7294 10.9959 86.3065 32.412 31.5833 140.951 56.3299 210.177 2.58889 16.7673 4.89532 10.6815 10.4889 145.211 0.0000000247593 44.2249
-63.8868 1.49113 2.28177 2.36077 20.9442 83.3646 22.6436 19.7616 18.0326 75.5217 169.282 97.7294 10.4363 86.3065 33.484 28.09 140.951 70.8629 210.177 2.58889 15.2873 4.66358 25.7043 10.4889 145.211 0.0000000247593 37.8465
-64.4852 1.49113 2.28177 2.36077 22.3784 83.3646 22.6436 19.7616 18.0326 75.5217 169.282 85.6669 10.4363 86.3065 33.484 30.7157 140.951 74.0205 210.177 2.58889 15.2873 20.0219 25.7043 9.90676 150.682 0.0000000247593 39.3539
-66.6285 1.98732 2.28177 2.36077 22.3784 83.3689 22.7113 19.5831 18.0326 75.5217 169.282 99.3509 10.4363 86.3065 33.484 25.7868 132.219 74.0205 210.177 0.125186 11.3057 20.0219 66.7709 6.89468 42.3419 0.0000000247593 37.0494
-65.6006 1.98732 2.28177 2.36077 22.3784 83.3689 22.7113 19.5831 18.0326 75.5217 169.282 103.794 10.4363 86.3065 33.484 25.7868 132.219 74.0205 210.177 0.125186 11.3057 20.0219 66.7709 12.7173 42.3419 0.0000000247593 35.5587
-65.6006 1.98732 2.28177 2.36077 22.3784 83.3689 22.7113 19.5831 18.0326 75.5217 169.282 103.794 12.5107 86.3065 30.495 25.7868 132.219 74.0205 210.177 0.125186 11.3057 20.0219 60.0245 14.2912 42.3419 0.0000000247593 35.9315
-65.6006 1.98732 2.28177 2.36077 22.3784 83.3689 22.7113 19.5831 18.0326 75.5217 169.282 103.794 12.7854 86.3065 30.495 25.7868 132.219 74.0205 210.177 0.125186 11.3057 20.0219 63.0383 17.9339 42.3419 0.0000000247593 35.5634
-64.8932 1.98732 2.28177 2.36077 22.3784 83.3689 22.7113 19.5831 18.0326 75.5217 169.282 103.794 12.7854 86.3065 30.495 32.9612 132.219 67.8727 210.177 0.125186 11.785 13.0946 63.0383 32.1859 42.3419 0.0000000247593 35.7632
-65.956 1.98732 1.93293 2.36077 21.346 71.4541 27.8474 24.2919 18.0326 75.5217 169.282 94.3193 24.4466 82.3726 30.495 32.9612 132.219 67.8727 210.177 0.125186 8.9318 13.0946 77.5029 33.0473 39.1373 0.0000000247593 35.4308
-65.956 1.98732 1.93293 3.35823 21.346 71.4541 27.8474 21.9207 18.0326 75.5217 169.282 94.3193 24.3535 82.3726 30.495 32.9612 132.219 67.8727 210.177 8.309 8.9318 13.0946 77.5029 46.3515 18.4201 0.0000000247593 32.5217
-65.956 1.98732 1.93293 3.35823 21.346 71.4541 27.8474 19.4466 20.0815 75.5217 169.282 94.3193 24.3535 80.5482 37.9932 32.9612 132.219 67.8727 210.177 13.9836 8.9318 6.81342 73.4185 46.3515 19.5455 0.0000000247593 33.4485
-65.5869 1.98732 1.93293 3.35823 21.3112 71.4541 27.8474 19.4466 20.0815 75.5217 169.282 94.3193 26.6534 80.5482 37.9932 32.9612 132.219 67.7735 210.177 13.9836 8.9318 6.81342 99.2327 75.7811 19.5455 0.0000000247593 34.0123
-65.7211 1.98732 1.93293 3.35823 22.1548 71.4541 27.8474 21.6033 20.0815 75.5217 169.282 84.2368 26.3137 81.9832 37.9932 32.9612 132.219 67.7735 210.177 12.9576 6.64915 6.81342 83.868 75.8775 52.4591 0.0000000247593 35.0217
-68.0929 1.98732 1.93293 3.35823 21.8011 71.4541 27.8474 21.6033 20.0815 75.5217 169.282 81.5647 26.3137 81.8611 37.9932 32.9612 132.219 67.7735 210.177 12.3757 13.1329 11.3336 61.9899 69.1292 52.4591 0.0000000247593 37.1574
-67.4372 1.61744 1.93293 3.29699 21.3044 71.2957 31.5945 21.6033 20.0815 75.5217 165.335 81.5647 26.3137 86.9311 37.9932 48.791 120.497 67.7735 210.177 16.6864 0.321004 2.59414 56.0116 75.5597 48.4273 0.0000000247593 37.1396
-65.1887 1.61744 1.93293 3.29699 20.3169 71.2957 31.5945 21.0541 20.0815 75.5217 171.579 84.9145 25.9625 84.1373 37.9932 48.791 120.497 67.7735 210.177 21.8874 0.321004 2.59414 86.6049 75.5597 48.4273 0.0000000247593 35.3586
-64.7773 1.61744 1.93293 3.29699 20.3169 71.2957 36.7224 18.1187 20.0815 75.5217 172.592 82.9811 25.259 77.9836 34.7039 48.791 120.497 67.7735 210.177 30.9675 1.63897 3.76526 116.974 61.0846 48.4273 0.0000000247593 38.4033
-66.1761 1.61744 1.93293 3.29699 21.4776 71.2957 36.7224 13.3688 20.0815 75.5217 185 82.9811 25.3058 77.9836 37.3836 33.0876 120.497 67.7735 210.177 30.9675 1.63897 5.07308 95.6286 61.0846 48.4273 0.0000000247593 38.2689
-66.1761 1.61744 1.93293 3.29699 21.9764 71.2957 36.7224 14.1444 20.0815 75.5217 185 82.9811 24.9283 79.2063 37.3836 33.0876 120.497 67.7735 210.177 30.9675 1.63897 5.07308 95.6286 61.0846 45.5488 0.0000000247593 35.3646
-65.4526 1.61744 1.93293 3.29699 20.5846 71.2957 36.7224 12.9106 20.0815 76.9093 185 81.9519 25.905 79.988 37.3836 33.0876 120.497 67.7735 210.177 21.4043 7.05085 5.07308 55.2346 61.0846 45.5488 0.0000000247593 33.5966
-64.6912 1.61744 1.93293 3.29699 20.5846 71.2957 36.7224 12.9106 20.0815 76.9093 185 80.7039 28.6191 82.4425 35.8402 33.0876 120.497 67.7735 210.177 21.4043 6.89699 5.07308 55.2346 76.5795 2.36023 0.0000000247593 36.7757
-65.144 1.61744 1.93293 3.29699 19.4657 71.2957 36.7224 10.6304 20.0815 76.9093 185 81.2215 28.6191 83.4819 35.8402 38.8687 120.497 63.2899 210.177 21.9128 3.77172 5.07308 22.0027 24.6098 55.8471 0.0000000247593 33.4541
-64.9868 2.49598 1.93293 3.29699 19.4657 71.2957 36.7224 9.58195 20.0815 76.9093 185 81.2215 15.3404 89.4703 35.8402 38.8687 120.497 63.2899 210.177 35.8986 0.860992 5.07308 27.5108 41.7054 55.8471 0.0000000247593 38.2384
-66.2444 3.86589 1.93293 3.29699 17.1716 74.518 36.7224 11.3182 20.0815 73.6073 203.421 83.2223 12.4687 88.5525 23.4343 38.8687 120.497 63.2899 210.177 35.8986 0.860992 4.74061 27.5108 41.7054 30.5355 0.0000000247593 38.6374
-66.5295 3.86589 1.93293 3.29699 17.1716 74.518 36.7224 11.3182 20.0815 82.1536 203.421 75.6702 12.2643 88.3936 23.4343 38.8687 120.497 63.2899 210.177 24.2872 0.209781 6.85118 16.6881 41.7054 10.3339 0.0000000247593 36.4976
-66.554 3.86589 1.93293 3.29699 17.1716 74.518 36.7224 11.3182 20.0815 82.1536 203.421 75.6702 12.5843 88.3936 23.4343 38.8687 120.497 63.2899 210.177 24.2872 0.209781 6.85118 16.6881 41.7054 10.3339 0.0000000247593 36.6621
-66.554 3.86589 5.8627 3.29699 10.4719 74.518 36.7224 11.3182 20.0815 82.1536 203.421 75.6702 12.5843 89.6785 23.4343 38.8687 120.497 63.2899 211.105 21.4565 3.42629 6.0963 16.6881 36.9436 6.56296 0.0000000247593 34.718
-66.5028 3.86589 6.96238 3.29699 10.4719 74.518 36.7224 11.3182 20.0815 82.1536 203.421 75.6702 12.5843 89.6785 23.4343 38.8687 120.497 63.2899 211.105 21.7725 3.62761 7.98629 16.6881 36.9436 8.75133 0.0000000247593 34.0406
-64.6536 3.86589 7.41587 2.38427 8.40276 74.518 36.7224 12.8157 20.4772 82.1536 203.421 57.7306 12.5843 88.8823 27.4197 47.7616 125.816 63.2899 211.105 21.7725 3.80194 7.8623 16.6881 33.7411 3.04396 0.00000160246 38.106
-65.6726 3.86589 10.5362 2.38427 8.40276 74.8189 33.4927 13.3133 20.4772 82.1536 196.198 57.7306 11.6332 96.2753 27.4197 53.0143 125.816 63.2899 213.456 21.7725 2.93243 6.42796 16.6881 35.6181 26.206 0.00000287441 37.3705
-66.9781 3.86589 11.1063 2.38427 20.282 73.8363 34.3182 14.5656 11.3573 64.7413 200.86 60.1468 11.6332 98.249 28.3706 53.0143 129.046 63.2899 213.456 18.9863 2.98765 7.4435 23.0791 35.6181 30.4718 0.00000641257 41.0506
-66.9781 3.86589 12.0265 2.38427 6.55792 73.8363 41.9735 23.1031 11.3573 64.7413 200.229 60.1468 9.855 98.249 37.8508 48.1229 129.046 63.2899 202.375 23.4416 2.98765 4.75373 23.0791 35.6181 30.4718 0.00000502776 38.668
-66.9781 3.86589 12.0265 2.38427 6.55792 73.8363 41.9735 23.1031 11.3573 64.7413 200.229 60.1468 9.855 98.249 37.8508 48.1229 129.046 63.2899 202.375 20.84 2.98765 2.72806 47.564 35.6181 30.4718 0.00000314159 38.5321
-64.4095 3.86589 12.0265 2.38427 6.55792 73.8363 41.9735 23.1961 11.3573 64.7413 200.229 60.1468 9.855 106.299 34.7268 20.9567 148.694 63.2899 202.375 20.84 7.85091 8.29365 47.564 41.6756 43.1511 0.00000550235 40.9429
-64.4095 3.86589 12.0265 2.38427 6.55792 73.8363 41.9735 23.1961 11.3573 64.7413 202.204 60.1468 9.855 106.299 34.7268 20.9567 148.694 63.2899 202.375 20.84 7.85091 9.50594 17.9525 46.9191 43.1511 0.00000550235 40.7279
-65.3407 3.86589 12.0265 2.38427 6.55792 75.3723 41.9735 21.3335 11.3573 64.7413 202.204 60.1468 9.855 106.299 34.7268 20.9567 148.694 63.2899 202.375 18.4844 7.85091 10.9012 17.9525 71.773 39.8949 0.00000365442 38.1963
-65.3407 3.86589 12.0265 2.38427 6.55792 75.3723 65.2006 19.3465 11.3573 64.7413 180.109 60.1468 9.855 106.533 34.7268 20.9567 148.694 63.2899 202.375 18.4844 6.13677 9.82825 17.9525 100.065 16.8255 0.00000406726 39.0305
-65.3407 3.86589 11.9467 2.38427 6.55792 75.3723 65.2006 19.3465 11.3573 64.7413 180.109 60.1468 9.855 106.533 34.7268 20.9567 148.694 63.2899 202.375 18.4844 6.13677 12.8016 57.4911 81.4801 10.2762 0.00000207884 38.6641
-65.1602 2.54105 13.8097 2.38427 6.55792 75.3723 65.2006 19.3465 11.3573 64.7413 180.109 60.1468 9.855 106.533 34.7268 20.9567 148.694 63.2899 200.781 20.118 6.13677 12.2426 43.2803 100.865 5.37199 0.00000273201 39.7517
-65.2227 2.54105 13.2111 2.38427 6.55792 75.3723 65.2006 19.3465 11.3573 64.7413 182.708 60.1468 9.855 106.533 33.3874 20.9567 148.694 63.2899 200.781 20.118 3.37993 12.2426 29.9486 167.513 5.37199 0.00000264419 40.7615
-65.1168 2.54105 12.1127 2.38427 6.55792 78.0211 65.2006 18.4883 11.3573 64.7413 182.708 60.1468 9.855 106.533 33.3874 20.9567 148.694 63.2899 200.781 16.4242 8.03812 12.3364 5.92462 102.665 7.19815 0.00000250984 40.4442
-67.5762 11.5776 10.5855 3.26221 6.55792 78.0211 65.2006 2.75416 11.3573 69.0149 182.708 46.3637 28.3921 106.533 16.5219 21.6744 148.694 63.2899 214.661 18.8414 6.84268 13.8849 13.1428 102.665 51.7414 0.00000326997 43.2106
-66.8718 12.2197 10.5855 3.26221 6.55792 78.0211 65.2006 2.75416 11.3573 69.0149 182.708 47.4285 28.3921 106.533 16.5219 21.6744 148.694 63.2899 214.661 10.3969 6.84268 14.0935 13.1428 97.6524 16.8362 0.00000326997 43.0897
-66.6533 12.2197 11.4277 3.42229 6.55792 78.0211 65.2006 2.75416 9.64547 77.322 182.708 47.4285 28.3921 97.9436 16.5219 28.6719 148.694 63.2899 214.661 9.90755 6.84268 13.1297 13.1428 86.6068 18.8708 0.00000397422 40.1906
-66.9496 12.7373 9.56747 3.42229 8.21841 78.0211 48.4603 2.75416 9.64547 77.322 184.914 51.5953 28.3921 97.9436 18.3853 28.6719 148.694 72.6379 205.546 9.90755 6.84268 13.1297 16.6905 86.6068 35.0939 0.00000265069 39.265
-66.1138 15.2143 8.80514 5.24031 11.9353 57.9075 48.4603 16.1882 9.64547 58.2366 222.308 40.3846 18.1174 97.9436 13.068 53.1809 142.926 15.1342 247.778 15.2759 6.84268 20.8928 17.439 20.9575 67.6793 0.00000144741 41.8745
-65.7803 16.0815 9.02093 6.74798 11.9353 57.9075 48.4603 17.3565 9.64547 58.2366 223.486 37.7816 18.1174 97.9436 13.068 53.1809 142.926 15.1342 247.778 10.551 10.1248 20.8928 36.0518 20.9575 73.468 0.00000145082 41.5829
-66.0011 16.6655 10.1782 2.33945 7.96595 57.9075 36.1832 27.7923 9.64547 58.2366 186.507 38.4956 18.1174 150.253 13.068 53.1809 142.926 15.1342 247.778 7.12935 14.2941 5.21445 27.1836 41.2895 44.6471 0.00000149795 45.9062
-66.1909 15.9295 19.2731 2.33945 7.96595 57.9075 36.1832 23.8216 9.64547 55.6862 186.507 36.856 18.1174 150.253 5.45235 53.1809 142.926 15.1342 247.778 6.642 14.2941 9.69658 22.6425 4.19729 8.47196 0.00000178471 45.8187
-66.1909 17.361 20.8104 2.33945 14.3542 53.5204 39.4102 26.8457 6.11508 55.6862 186.507 37.7476 18.1174 132.727 5.45235 53.1809 142.926 15.1342 247.778 7.04913 8.83876 7.94576 63.415 3.77893 79.1312 0.000000878557 44.5356
-66.6064 4.52114 20.8104 4.5631 13.1121 53.5204 48.2764 18.5721 13.5677 62.0336 186.507 35.6113 51.3611 105.363 7.3191 37.3637 142.926 265.688 11.2019 6.94113 1.26556 5.91395 77.2043 3.77893 102.588 0.0000000557975 37.4169
-66.6519 4.63007 24.9977 6.52064 21.9897 39.0497 48.2764 29.5727 20.6064 61.6709 157.57 27.8532 63.1235 108.642 41.33 14.4508 142.926 254.373 11.2019 8.16444 7.17978 25.7475 97.0064 125.074 117.48 0.0000000557975 41.1067
-65.3542 9.2709 25.2708 6.53015 21.9897 39.0497 48.2764 29.6364 20.6064 61.6709 157.57 32.0917 63.1235 98.606 41.33 14.4508 142.926 254.373 11.2019 13.2487 7.17978 12.1768 79.7085 125.074 117.48 0.0000000302126 39.0713
-66.6672 0.880761 32.7327 10.7083 21.6898 28.065 48.2764 29.6364 25.4099 66.9083 157.57 26.7338 63.1235 104.827 40.8553 14.4508 142.926 251.305 11.2019 6.31777 4.73962 39.579 2.48231 82.3494 150.98 0.0000000302126 41.7578
-65.1563 0.579016 32.7327 13.2385 18.2911 28.065 48.2764 29.6364 25.4099 66.9083 153.08 23.4024 68.735 104.827 40.8553 14.4508 151.022 251.305 11.2019 14.0571 1.88334 18.5242 2.65418 135.553 107.752 0.0000000302126 40.7604
-64.7399 0.579016 30.1583 13.2385 15.6611 30.3926 48.2764 29.6364 25.4099 66.9083 146.941 23.4024 68.735 104.827 40.8553 23.3867 151.022 251.305 11.2019 16.9091 3.67896 18.2096 11.879 135.553 71.1397 0.000000208511 37.4882
-67.34 0.579016 30.1583 13.5432 15.6611 45.5746 48.2764 29.6364 25.0261 49.1361 146.941 17.9291 68.7276 104.827 40.8553 26.4263 151.022 251.305 11.2019 12.9533 1.14502 11.0933 8.46087 205.864 85.9545 0.000000208511 45.6938
-66.6137 7.33255 30.1583 13.4971 13.4831 30.1612 48.2764 29.6364 41.1773 56.6368 134.976 17.9291 68.7276 104.827 40.8553 26.4263 151.022 251.305 11.2019 12.9533 13.907 24.9467 15.2604 92.4562 58.7217 0.000000208511 44.9266
-67.6493 11.7431 30.1583 10.241 8.02242 30.1612 50.1433 29.6364 68.9865 56.6368 115.041 17.9791 68.7276 100.984 45.1129 26.5476 141.095 251.305 11.2019 18.0404 8.85378 15.1581 12.0941 70.8078 86.4415 0.0000000538007 43.4706
-66.8834 21.2275 7.76652 13.2113 8.32618 33.0906 43.8101 29.6364 68.9865 80.2357 115.041 22.7835 68.7276 97.0727 45.1129 26.5476 141.095 251.305 6.29176 15.4916 15.0726 18.8693 10.1473 78.3074 142.457 0.0000000538007 47.6288
-66.8834 21.1989 7.76652 13.2113 15.0407 33.0906 36.7547 21.6666 67.7602 80.2357 115.041 23.6671 68.7276 97.0727 54.5081 26.5476 141.095 247.09 6.29176 11.9045 12.537 5.73888 16.9134 53.4971 78.8159 0.0000000538007 42.6502
-61.4132 27.8039 7.76652 6.50713 10.4303 33.0906 34.9988 1.46965 47.0529 80.2357 115.041 23.5611 135.977 78.5409 33.2482 39.2641 141.095 247.09 6.29176 11.8035 9.79093 6.02443 14.7283 29.9583 99.5033 0.0000000735325 40.96
-61.4132 27.8039 7.76652 6.60552 15.3463 32.4942 21.0715 10.607 51.0949 75.0173 115.041 22.5448 149.193 78.5409 32.633 34.6674 133.122 247.09 20.4583 8.64532 13.428 8.24079 37.7522 100.201 24.161 0.0000000710066 37.8821
-68.2393 27.8039 7.76652 8.62843 15.3463 26.5677 19.3485 10.607 54.5864 75.0173 126.995 22.5448 150.607 68.5369 32.633 34.6674 133.122 247.09 20.4583 8.64532 22.9959 10.8822 34.5254 124.809 47.9726 0.0000000713757 35.2751
-67.2661 27.8039 7.76652 10.8889 13.226 33.0114 15.8213 10.607 48.4061 75.0173 126.995 18.4596 137.046 73.3681 32.5852 44.9068 133.122 247.09 20.4583 10.3922 14.3216 6.68481 31.3512 124.136 45.2454 0.0000000713757 35.5563
-67.2661 15.5322 7.76652 10.5396 23.7754 29.5866 15.8213 9.30248 59.3853 75.0173 126.995 19.096 137.046 73.3681 32.5852 44.9068 133.122 247.09 20.4583 15.2271 14.6343 10.6508 24.8549 73.3477 45.2454 0.0000000713757 32.3867
-67.2661 17.8636 7.76652 10.903 23.7754 25.7231 15.8213 8.90544 59.3853 84.5172 126.995 12.1588 137.046 75.5436 32.0355 38.8506 133.122 247.09 20.4583 13.3379 18.9704 10.2899 24.8549 72.2364 78.8129 0.0000000713757 35.3379
-67.2661 17.8636 7.76652 12.6555 23.7754 25.7231 14.6764 8.90544 59.3853 84.5172 126.995 12.1588 138.889 75.5436 32.0355 38.8506 133.122 247.09 20.4583 13.3379 18.9704 2.84018 21.4574 63.4464 71.3422 0.0000000713757 36.1211
-68.5391 17.8636 7.76652 14.3668 37.2579 23.0371 4.86652 8.86017 48.3736 84.5172 126.995 11.4741 138.889 75.5436 32.0355 44.8357 133.122 247.09 20.4583 13.3379 18.9704 5.50725 72.6562 109.207 19.5454 0.0000000713757 37.529
-66.2668 17.8636 7.76652 14.3668 37.2579 23.0371 4.86652 9.03074 48.3736 84.5172 126.995 11.4741 138.889 75.5436 32.0355 51.1267 133.122 247.09 20.4583 13.3379 21.6886 0.375353 6.04439 42.1031 19.5454 0.000000968617 37.063
-66.2668 17.8636 7.76652 14.3668 36.501 23.0371 11.9747 9.03074 48.3736 84.5172 126.995 11.4741 135.033 75.5436 35.4042 51.1267 133.122 247.09 20.4583 2.41611 2.5199 27.9333 52.5123 34.7918 19.5454 0.000000199351 36.9464
-66.2668 17.8636 7.76652 14.3668 36.501 23.0371 11.9747 9.03074 48.3736 84.5172 120.645 11.4741 135.033 75.5436 35.4042 58.9617 121.382 247.09 20.4583 2.41611 8.90827 36.6087 56.4469 28.3692 19.5454 0.0000014798 38.5793
-64.4814 17.8636 7.76652 14.3668 36.501 21.6044 12.2971 10.4383 47.6185 84.8499 120.645 11.4741 135.033 75.5436 35.4042 59.4016 121.382 247.09 20.4583 2.41611 10.4155 38.1774 56.4469 30.0251 19.5454 0.00000150643 38.9708
-66.3856 17.8636 7.76652 5.16566 36.501 21.6044 6.36493 16.7537 47.6185 84.8499 120.645 11.4741 135.033 86.0397 35.4042 59.4016 121.382 237.217 20.4583 16.9111 3.01574 38.1774 78.9527 42.3289 75.8414 0.000000479759 39.0386
-67.9499 17.8636 7.76652 5.16566 36.501 21.6044 6.36493 17.1114 43.8631 100.961 96.5672 17.75 135.033 82.4423 47.1467 53.6447 121.382 237.217 20.4583 0.384361 4.17406 58.3214 49.9601 58.9681 69.5869 0.000000584946 44.3096
-66.6749 16.8811 19.985 5.16566 38.2735 18.976 6.36493 9.5647 43.8631 100.961 99.0378 17.75 136.994 82.4423 42.8888 56.9815 125.408 237.217 20.4583 0.384361 4.02024 58.3214 67.3657 52.9489 44.4362 0.000000584946 43.3741
-66.0117 16.8811 19.985 5.16566 38.2735 18.976 6.36493 11.1986 55.703 100.487 99.0378 14.7307 143.95 82.4423 26.3519 53.8845 125.408 236.528 20.4583 1.20535 3.53203 42.8893 65.2677 56.2345 67.6322 0.000000651862 39.1959
-66.0117 16.8811 19.985 5.16566 38.2735 18.976 1.8643 14.541 55.703 100.487 99.0378 14.7307 143.95 82.4423 55.8505 25.407 125.408 236.528 20.4583 4.71556 3.53203 42.8893 65.2677 60.684 67.6322 0.000000651862 39.7149
-64.2061 17.756 19.985 5.16566 38.2735 18.976 1.8643 14.541 55.703 100.487 99.0378 14.7307 143.079 82.4423 55.8505 25.407 125.408 236.528 20.4583 0.254277 7.55826 35.6713 65.2677 67.4176 64.2857 0.00000135934 44.1104
-63.0553 17.756 19.985 5.16566 37.3739 14.1186 2.92988 15.4892 55.703 100.487 99.0378 15.9786 138.067 80.5062 49.2437 28.6055 141.883 236.528 20.4583 5.4552 6.45506 29.3144 64.4087 40.3838 64.7917 0.000000839073 43.3899
-64.8756 17.6511 23.2942 5.07666 37.3739 13.8473 9.49346 15.4892 55.703 94.6399 107.197 15.9786 138.067 78.5743 49.2437 19.2343 141.883 236.528 18.9235 6.7287 7.73861 24.7376 108.046 40.3838 63.677 0.00000344195 40.5471
-64.8756 17.6511 22.939 4.38694 37.3739 13.8473 9.49346 15.4892 55.703 94.6399 107.197 15.9786 138.067 78.5743 49.9637 19.2343 142.211 236.528 18.0599 6.7287 9.3485 16.5035 102.594 25.1602 61.1855 0.00000346881 40.5651
-65.964 18.8907 22.939 4.38694 37.3739 14.5693 5.12141 19.5637 55.703 94.6399 107.197 15.9786 142.401 78.5743 49.9637 8.46142 142.211 236.528 20.7307 25.6213 9.3485 12.7767 102.844 25.1602 61.1695 0.00000649611 40.1856
-65.964 19.2961 22.939 4.38694 34.1143 16.4166 5.12141 18.4504 39.5519 94.6399 107.197 31.452 142.401 78.5743 54.1455 8.46142 142.211 236.528 20.7307 24.8488 9.26698 10.0173 119.457 25.1602 61.7286 0.00000649611 40.5818
-66.112 21.6797 22.939 4.38694 34.1143 16.4166 5.12141 18.4504 39.5519 94.6399 107.197 31.452 142.401 78.5743 54.1455 8.46142 142.211 236.528 20.7307 24.3837 7.95552 6.62902 119.457 14.091 61.1912 0.00000380859 38.4539
-65.6694 21.6797 22.939 4.38694 34.1143 13.6335 5.12141 29.6164 28.1621 94.6399 107.197 31.452 131.73 78.5743 54.1455 8.46142 142.211 231.476 20.7307 23.0296 8.3805 12.4102 90.525 12.4786 54.6422 0.00000639248 41.5126
-66.2787 21.6797 22.939 4.38694 34.7039 13.8983 5.68582 48.55 28.1621 94.6399 107.197 32.0802 128.988 78.5743 44.8721 8.46142 142.211 231.476 26.0747 27.2144 5.48794 13.5813 162.016 12.4786 33.2757 0.0000136175 45.3201
-67.0638 20.2291 22.939 10.1676 17.6384 11.7379 9.8952 24.8094 27.4058 93.7625 107.197 33.728 126.058 104.229 72.2207 8.46142 132.914 225.289 12.5402 36.0917 5.98172 17.8263 108.04 17.1869 36.2491 0.000010028 45.5721
-68.9012 20.2291 22.939 10.1676 17.6384 14.4037 9.8952 20.8393 58.9305 66.7768 107.197 41.1286 126.058 109.441 53.8581 8.46142 132.914 223.793 12.5402 33.8473 6.73345 34.1612 108.04 17.1869 30.2313 0.00000458606 48.502
-62.8486 19.5276 13.0106 20.8326 17.5219 14.4037 9.8952 14.2174 59.3323 66.7768 107.197 32.2099 134.084 109.441 23.3451 32.3394 132.914 223.793 18.9481 33.8473 3.45202 34.1612 109.031 16.7904 22.4661 0.00000893708 47.439
-64.4389 19.5276 13.0106 20.8326 17.5219 16.2741 9.8952 14.2174 59.3323 66.7768 107.197 32.2099 134.084 109.441 23.3451 32.3394 132.914 223.793 18.9481 33.8473 3.45202 34.1612 68.1156 23.1636 57.7996 0.0000103792 42.7456
-67.8198 19.5276 8.43729 24.6996 17.5219 16.5856 10.4729 24.6557 51.0322 75.3088 107.197 31.137 134.084 88.871 50.8427 32.3394 125.533 223.793 18.9481 20.7622 0.532483 34.1612 48.4518 40.6825 89.9615 0.0000238679 43.8783
-65.1106 19.5276 8.43729 24.6996 18.1794 13.9369 10.4729 28.1504 51.0322 75.3088 107.197 31.137 134.084 88.871 50.8427 32.3394 123.278 223.793 27.9963 20.7622 7.4889 28.4274 53.0525 38.8564 89.9615 0.0000238679 39.5878
-65.1006 16.9769 11.6945 25.1084 18.1794 13.7479 10.4729 25.9359 51.0322 101.198 129.431 7.21043 92.7477 95.2227 56.5243 32.3394 131.969 223.793 27.9963 8.18921 2.09416 24.2379 59.4819 38.8395 89.2247 0.0000401101 44.1768
-65.542 19.1769 13.5439 26.0112 14.1529 13.5983 13.8687 20.3233 54.5145 101.198 132.607 7.21043 92.7477 95.5589 43.4931 41.457 131.969 214.882 27.9963 10.9688 0.78758 30.3784 69.7019 10.0123 109.74 0.0000302341 45.09
-65.542 15.9045 14.7866 26.0782 14.1529 14.6358 12.6403 20.3233 54.5145 101.198 132.607 7.21043 92.7477 99.8177 43.4931 38.2437 126.272 223.148 42.4465 25.2573 2.7522 15.0682 60.9321 18.3638 58.0086 0.0000246107 40.0426
-65.542 17.5041 15.8931 25.2086 17.0015 7.11874 3.16014 41.5345 56.7777 50.8805 132.607 15.8936 115.567 114.284 38.5107 38.2437 122.049 223.148 34.9382 7.63312 15.4225 19.526 67.8364 20.5865 79.5265 0.0000126065 39.3012
-66.4235 19.5775 16.0614 22.3051 24.011 8.69713 3.16014 32.7962 61.2242 50.8805 132.607 11.0559 115.567 98.9875 48.5427 39.1701 122.049 223.148 39.7814 5.66393 26.6146 19.2988 67.8364 1.98591 44.5168 0.0000170549 43.2446
-65.2418 19.5775 15.1654 22.3051 22.1847 5.74772 3.16014 32.7962 61.2242 50.8805 132.607 23.8703 115.567 98.9875 48.5427 48.2808 122.049 223.148 39.7814 5.66393 10.5248 19.0566 59.8115 34.2853 84.2172 0.0000384742 39.8658
-64.6739 19.5933 20.2624 22.321 17.0831 7.58687 3.16014 31.1969 61.2242 49.1209 132.607 25.3113 115.567 98.9875 48.5427 48.2808 122.049 238.612 22.5375 12.6192 7.8993 19.0566 110.931 15.4122 21.2554 0.0000217145 39.8455
-64.6739 17.8742 18.2456 20.2208 17.0831 10.4231 3.16014 31.1969 61.2242 49.1209 132.607 26.5017 115.567 104.646 48.5427 42.4526 122.246 238.612 22.5375 6.79402 7.8993 17.6425 105.031 15.4122 7.95994 0.0000479407 42.1846
-64.6739 17.8742 23.869 18.2073 13.566 12.8704 3.16014 38.6608 61.2242 50.2945 123.581 25.0618 126.134 93.4299 27.2382 55.3667 122.246 239.619 13.6263 11.1551 7.79123 5.60077 41.822 76.7153 22.6758 0.0000340182 41.971
-65.6419 0.502769 26.9317 32.408 10.9779 12.8704 3.16014 56.7172 61.2242 50.2945 123.581 25.0618 118.162 93.4299 27.2382 55.3667 122.246 233.768 28.8615 2.08169 9.47295 40.7581 41.822 76.7153 22.6758 0.000047431 44.6324
-65.6419 7.09972 26.9317 36.9837 10.9779 14.2898 3.16014 54.8825 49.1752 50.2945 123.581 25.0618 118.162 93.4299 27.2382 42.7939 122.246 233.768 28.8615 11.666 10.8811 10.7525 29.0367 76.7153 52.1781 0.000037273 42.9582
-65.6419 7.09972 29.2941 36.9837 10.7407 14.027 3.16014 54.8825 49.1752 50.2945 131.092 25.0618 118.162 88.1303 27.2382 50.4126 122.246 233.768 28.8615 20.1512 10.1557 19.4319 67.7133 8.02037 52.1781 0.0000183695 42.3396
-65.925 7.09972 29.2941 36.9837 10.7407 14.027 3.16014 54.8825 49.1752 50.2945 131.092 25.0618 118.162 88.1303 22.8188 50.4126 122.246 233.768 28.8615 18.3201 10.1557 19.4319 43.2478 14.0199 53.3576 0.0000183695 40.5579
-66.5728 7.09972 28.4523 36.9837 10.7407 14.027 3.92571 54.8825 49.1752 50.2945 131.092 25.0618 113.641 88.1303 22.8188 51.5051 122.246 240.23 28.8615 26.0263 8.49936 19.4319 44.3567 14.0199 62.762 0.0000290741 43.0606
-62.8897 7.09972 31.163 36.9837 11.231 11.3574 7.29513 54.8825 45.1844 50.2945 131.092 17.9814 113.641 88.1303 22.8188 51.5051 129.618 240.23 28.8615 26.0263 9.91975 6.63414 40.0671 99.6008 42.1085 0.0000252843 43.342
-65.4108 8.54182 31.163 35.0473 11.7993 11.9058 7.29513 54.8825 45.1844 50.2945 131.092 17.9814 113.641 88.1303 22.8188 51.5051 129.618 240.23 28.8615 26.0584 4.22249 6.63414 40.0671 59.3288 42.1085 0.0000252843 40.4181
-69.0342 5.4033 35.1804 31.544 12.4627 13.0051 6.87485 54.8825 45.1844 50.2945 131.092 18.9234 104.699 97.4287 22.8188 51.5051 131.906 240.23 28.8615 19.3078 7.74992 9.22958 33.4886 34.194 42.1085 0.0000255296 41.9689
-69.0342 5.4033 34.5184 31.544 12.1354 14.2725 7.85909 53.5824 45.1844 50.2945 170.403 18.9234 64.0022 106.176 14.5555 51.5051 136.317 240.23 28.8615 18.5719 10.6693 6.10131 24.9643 35.3266 40.1392 0.0000169865 41.4994
-66.3524 5.4033 35.355 31.544 10.5333 15.2888 9.95025 52.0258 45.1844 50.2945 170.403 18.9234 64.0022 101.411 14.5555 55.0644 136.317 240.23 28.8615 17.8216 7.09048 14.4329 27.5358 55.981 40.1392 0.0000036288 37.7284
-67.6597 3.69203 35.1933 31.544 10.158 17.7242 10.1102 52.1159 45.1844 45.7123 170.403 18.8341 64.0022 110.321 14.5555 55.0644 136.317 240.23 20.8475 7.15822 3.15163 8.1123 15.6513 48.816 4.40797 0.0000036288 39.1134
-65.9862 3.69203 35.8982 31.544 10.9801 17.7242 10.2958 50.2829 45.1844 48.9976 170.403 18.8341 64.0022 115.599 14.5555 55.1591 119.926 222.235 45.8818 11.038 15.9099 8.0464 52.8849 42.1111 20.7523 0.00000160525 36.2203
-67.0798 3.69203 35.8982 31.544 10.1154 17.7242 10.2958 50.2829 45.1844 48.9976 170.403 18.8341 59.7518 116.65 14.5555 55.1591 119.926 222.235 47.5148 10.5618 20.521 16.8364 55.6494 26.5844 39.9264 0.00000160525 37.4937
-65.6873 3.44288 35.8982 31.544 10.1154 19.0434 10.2958 50.2829 45.1844 48.9976 170.403 18.8341 59.7518 116.65 14.5555 55.1591 119.926 222.235 38.1684 12.5075 22.6168 16.8364 32.9719 26.5844 44.3489 0.000000670497 34.4555
-65.9218 3.44288 31.1791 33.1592 10.7701 19.0434 10.1074 50.367 45.1844 48.9976 170.403 20.2713 62.6551 113.087 21.9421 55.1591 122.195 213.473 38.1684 17.4015 4.52122 15.3362 31.6675 9.17425 29.8571 0.000000906067 37.6219
-66.4994 3.44288 31.1791 33.1592 11.0437 22.0351 9.66594 50.367 45.0572 48.9976 170.403 14.2201 62.6551 115.351 27.7913 55.1591 122.195 207.056 38.1684 20.1642 20.3433 16.4788 16.7451 9.9106 38.3352 0.000000906067 37.4732
-67.2545 3.44288 31.1791 33.1592 11.1046 22.0351 9.66594 50.367 45.0572 48.9976 170.403 14.7954 58.9022 115.351 27.7913 55.1591 122.195 207.056 46.521 17.9237 9.15158 9.7798 16.7451 51.5334 22.4597 0.000000513331 35.2833
-67.6929 1.96429 27.5064 29.2293 11.2821 20.1812 10.3398 53.4919 51.1545 48.9976 170.403 16.3348 58.9022 115.351 27.7913 55.1591 122.195 207.056 46.521 0.901176 8.89132 26.5508 16.7451 52.2028 16.261 0.0000000136502 34.2976
-66.4663 6.2115 35.9027 28.5054 5.59168 21.7575 9.58902 51.6173 47.7547 46.7611 170.403 18.6835 58.9022 116.598 32.0831 55.1591 107.9 205.901 53.8395 2.47007 13.1096 36.6945 93.3917 60.1556 13.5921 0.0000000516717 34.3372
-67.5096 6.2115 38.9669 26.6192 5.42436 17.0185 11.2694 53.7439 47.7547 46.7611 170.403 18.6835 65.8498 113.976 32.0831 55.1591 107.9 205.901 50.8225 8.789 3.72469 46.3505 69.9467 7.77262 13.5921 0.00000000949072 35.9195
-65.8927 6.2115 34.5534 25.1254 5.42436 15.8733 12.6411 53.8905 51.4766 46.7611 170.403 12.2193 65.8498 105.385 55.4293 55.1591 108.152 198.177 50.8225 3.10266 6.77786 46.3505 69.9467 51.1648 16.7111 0.00000000949072 33.4432
-66.2851 8.91568 34.5534 25.26 6.28237 14.5997 11.7856 52.3327 51.4766 46.7611 127.718 12.2193 122.032 105.385 55.4293 55.1591 87.1382 198.177 49.163 4.87236 2.76721 54.1869 34.1803 1.28149 33.6053 0.00000000949072 35.1452
-66.3686 11.4707 36.8051 25.977 9.63735 15.3435 7.78345 50.289 26.1811 46.7611 127.718 21.042 122.032 118.794 64.3308 64.9767 69.7348 196.411 55.9761 8.39785 4.51596 42.0499 34.1803 4.86484 40.3886 0.0000000412167 33.9268
-64.9094 3.05366 43.9542 26.0686 9.63735 15.7555 7.48382 55.7765 23.273 46.7611 127.718 23.73 116.434 106.698 53.7733 81.2124 69.7348 209.122 61.9531 8.56075 4.51596 32.8035 51.1844 26.2926 76.4689 0.000000108305 33.9909
-64.6843 3.61772 43.9542 22.7983 9.63735 12.4014 8.98469 59.9033 26.7195 46.7611 119.691 23.73 124.828 94.639 52.0587 86.5161 73.5654 212.752 55.5571 24.4138 6.15328 12.5945 124.351 21.1519 58.0717 0.0000000758955 36.1178
-65.8164 1.61012 37.8279 22.0284 16.3014 10.3213 9.30275 66.2307 33.6413 32.4837 119.691 19.6938 114.092 118.802 55.2702 95.554 60.6525 203.597 55.5571 21.4401 6.65629 4.37341 86.5939 11.4431 28.0362 0.000000270868 35.5426
-67.0886 1.61012 41.7659 20.1079 9.85802 9.71618 9.54524 66.2307 34.6414 29.482 119.691 19.6938 114.092 118.802 63.6954 91.388 62.1832 219.671 51.3779 16.4305 6.13825 18.5841 210.882 12.1145 70.1229 0.000000104251 38.2823
-66.8022 1.61012 41.7659 20.3609 8.83247 9.58212 9.9494 71.8516 32.7776 32.2692 119.691 9.18528 106.197 137.428 64.505 99.2024 52.6275 219.671 51.3779 2.69281 5.82157 12.3939 311.266 10.8856 48.0741 0.000000105496 41.5216
-66.9955 1.61012 41.7659 20.3609 8.83247 9.58212 10.4887 71.8516 33.3844 32.2692 119.691 25.2871 106.197 125.501 64.505 92.2203 57.6578 231.461 50.8667 2.10295 8.02087 12.3939 116.872 10.9515 61.1 0.000000194782 39.5613
-66.7048 1.61012 41.7659 17.4119 10.6218 11.6329 10.8034 71.8516 35.2309 21.3436 119.691 25.2871 111.793 136.425 64.505 77.9286 61.4703 215.301 48.9081 5.61996 10.4032 24.4162 30.4619 12.1455 42.6092 0.00000045551 33.2436
-66.9068 1.61012 48.0222 13.8943 10.6218 11.6329 11.0147 68.5357 39.0802 21.3436 119.691 24.8914 111.793 136.425 64.505 77.9286 48.1755 215.301 63.1636 17.1034 11.2483 6.81231 34.8537 13.7104 49.1636 0.0000000731494 31.7731
-66.9068 1.61012 48.0222 13.8943 9.07672 13.9232 11.4628 61.7499 39.0802 21.3436 119.691 24.8914 111.793 136.425 64.505 77.9286 48.1755 215.301 63.1636 20.7889 11.4512 6.33264 37.5736 11.8638 90.7958 0.000000107813 36.5925
-66.0439 1.61012 48.0222 15.605 8.37802 13.2115 12.527 57.9733 45.1419 21.3436 132.096 13.8643 111.793 136.425 64.505 77.9286 48.1755 216.207 47.7616 21.4232 8.77243 20.0149 4.87165 6.01062 90.7958 0.000000107813 33.3193
-66.4427 1.61012 44.7393 15.605 8.37802 14.7267 12.082 57.9733 45.1419 21.3436 132.327 13.8643 111.793 136.425 64.505 77.9286 61.4451 216.207 38.9195 13.3403 9.97467 17.4796 94.7803 24.1926 41.5034 0.000000107813 36.0393
-67.0529 1.61012 41.269 20.2253 9.16976 14.7267 12.7792 61.439 45.1419 21.3436 114.944 13.8643 111.793 136.425 71.8191 90.8721 48.1356 216.207 39.8143 16.3428 1.87373 17.4796 111.827 35.1878 53.5992 0.00000081598 37.8761
-69.9681 7.05772 41.269 20.2253 4.70199 14.7267 11.9808 61.439 44.7385 21.3436 114.944 13.8643 111.793 136.425 71.8191 96.5628 48.1356 221.053 39.8143 17.0275 1.87373 17.4796 89.2393 28.7635 57.147 0.00000081598 38.5733
-69.9681 8.12401 41.269 20.3419 4.70199 14.8205 10.287 61.439 44.7385 21.3436 114.944 13.712 111.793 127.826 71.8191 96.5628 46.3071 225.318 41.7019 17.7779 7.59977 16.0893 45.8975 28.5303 55.5194 0.00000081598 37.7149
-68.2054 9.09204 43.7761 17.1061 4.70199 11.2076 10.0305 61.9016 44.7385 24.3176 114.944 13.712 111.52 127.826 71.8191 96.5628 43.2046 228.792 49.6012 17.7779 7.06446 15.2481 28.8 27.5644 47.248 0.000000357798 35.4762
-65.7926 4.91124 49.0766 8.43592 4.70199 19.0173 8.31794 63.193 44.7385 23.3301 114.944 13.712 111.835 127.826 71.7599 103.344 45.484 226.969 46.9509 16.4417 11.8574 1.87121 24.8251 36.9681 48.3143 0.000000357798 35.3118
-66.9625 9.95995 49.0766 8.43592 4.70199 16.0613 1.15046 64.4186 44.2516 24.3474 114.944 55.2488 59.5783 152.072 58.605 106.226 46.854 228.84 26.3797 17.231 10.0932 1.87121 6.40187 43.0092 50.1462 0.000000357798 35.2784
-69.7325 12.9224 49.0766 8.43592 4.70199 16.0613 1.70279 61.3315 44.2516 24.3474 88.915 77.6941 59.5783 152.072 65.3348 106.804 47.4547 230.089 28.0557 19.5046 21.9416 2.73159 14.1843 41.0627 14.037 0.00000149644 40.126
-69.3831 12.9224 49.0766 8.43592 3.19416 16.0613 8.1942 61.3315 44.2516 24.3474 79.0525 80.0359 59.5783 152.072 77.1196 99.7373 46.8955 231.185 28.0557 19.5046 16.6385 8.46448 50.5042 41.0627 3.66516 0.00000141321 38.5963
-69.3831 12.9224 45.1506 8.43592 3.19416 16.0613 10.2897 61.3315 40.7878 27.6968 79.0525 80.0359 50.4615 158.944 77.1196 101.349 46.8955 234.706 28.0557 20.9759 12.6061 0.711574 43.4484 27.5852 3.66516 0.000000788684 38.3539
-69.3831 8.61048 45.1506 12.3703 3.19416 19.6955 8.9724 61.3315 40.7878 27.6968 79.0525 80.9328 50.4615 158.944 77.1196 104.019 44.4041 234.706 26.5027 17.0663 12.6061 2.60644 16.7415 20.5864 11.7407 0.000000788684 37.2654
-67.2025 15.0541 45.1586 12.3703 3.19416 11.8985 8.9724 61.3315 39.1827 27.6968 78.2599 80.9328 50.4615 158.944 77.1196 99.6934 41.8506 234.706 20.6434 21.6822 27.6092 3.23003 4.09253 29.8993 9.60641 0.00000598026 38.3569
-64.8653 15.0541 45.1586 12.3703 3.19416 11.8169 8.9724 60.7441 39.1827 34.6988 78.2599 70.2143 50.4615 163.077 76.9481 99.7845 43.4585 234.706 20.6434 25.4953 10.5442 18.4129 12.9807 43.5193 9.60641 0.00000341026 36.4013
-64.8653 15.0541 45.1586 12.6416 6.09219 7.37431 8.59903 60.7441 39.1827 34.6988 78.2599 66.1672 90.3872 130.49 76.9481 96.8032 40.2366 234.706 23.848 27.0804 10.5442 15.3458 7.36609 68.7922 24.9832 0.00000315994 36.4725
-64.9365 14.2136 45.1586 14.9567 4.22878 7.37431 8.59903 60.7441 39.1827 34.6988 49.2076 69.9506 126.434 130.49 65.8239 96.8032 40.2366 234.706 26.1827 23.8579 9.27068 27.2595 53.9596 42.0444 33.7951 0.0000030791 36.6574
-64.9365 12.2306 41.1267 21.3771 8.95157 13.6523 13.5913 33.6142 39.1827 34.6988 57.1835 85.4897 126.85 130.49 65.8239 96.8032 39.1679 234.706 14.6041 11.4331 3.68116 16.7844 104.857 6.90014 37.3256 0.00000356617 43.9973
-60.2453 12.6742 39.0841 27.7295 14.4391 3.6904 35.8762 33.6142 30.6138 55.9576 57.1835 83.4335 86.362 130.49 23.2064 113.896 60.7657 260.532 7.22573 17.2915 5.02903 5.00522 25.7964 44.3909 35.0763 0.00000122546 45.1412
-60.2453 14.7048 39.0841 22.5501 13.4882 3.6904 33.3062 33.6142 20.1408 55.9576 85.8543 85.2009 70.9524 130.49 27.076 113.584 59.0843 260.846 7.29948 25.8293 0.967441 5.56215 88.7405 52.492 35.0763 0.000000467074 42.261
-61.1491 14.26 39.2581 24.3404 15.0053 5.0141 33.6119 26.5112 20.611 56.2279 85.8543 85.1364 70.9524 126.891 27.076 123.438 54.1034 251.141 12.7345 5.88495 14.3039 4.74088 64.1049 14.7617 43.5929 0.000000415879 41.2192
-63.5382 13.1968 28.8063 25.5667 14.8331 15.8233 42.2703 18.669 18.2823 56.2279 85.8543 86.7019 70.9524 123.98 32.1609 119.367 52.5889 245.538 17.542 23.9834 11.7243 4.77245 85.6561 14.6314 69.464 0.000000275417 40.1113
-64.5693 23.5187 11.9027 19.3738 6.48809 30.2452 49.8975 18.5092 15.3795 71.9809 76.796 85.8148 70.9524 123.98 38.9564 119.587 52.0864 245.622 4.1468 36.1845 17.6752 2.19973 27.0323 8.0923 125.362 0.000000456888 37.0433
-66.2573 19.9362 12.0251 19.7194 6.48809 30.4245 51.7245 20.5003 34.8273 66.4867 76.796 84.3437 30.801 153.401 40.6178 114.836 52.631 252.638 4.1468 33.4696 6.15573 2.19973 27.039 12.8994 125.362 0.000000207675 36.2831
-65.987 19.9177 11.8845 19.7194 5.90639 30.4245 52.2524 16.7418 34.8273 66.4867 76.796 83.3742 30.801 153.401 47.4156 114.836 52.631 249.485 5.69931 27.4493 7.57618 10.1205 17.6717 14.0994 114.63 0.000000367101 36.2683
-67.9567 19.9177 13.934 19.7194 5.90639 30.4245 53.4122 16.7418 34.8273 66.4867 76.796 97.7678 30.801 153.401 45.9132 99.1357 53.097 242.138 15.1384 19.7242 9.01969 15.7546 5.8533 24.9872 100.454 0.000000410359 35.034
-67.0353 13.5216 13.3772 26.3283 4.92922 29.3845 61.8207 13.0843 34.2431 66.4867 66.3921 101.59 30.801 153.401 48.9458 100.787 53.097 243.449 12.288 25.1674 9.01969 11.1939 0.451297 18.804 61.0701 0.000000417301 36.7855
-65.8598 31.3125 9.0253 26.3283 4.92922 30.4077 66.7673 11.5693 16.1246 66.4867 59.8535 99.1267 30.801 153.748 47.1309 104.48 51.5555 253.825 5.54046 13.7226 13.4254 5.66189 19.7382 33.291 57.0735 0.00000227162 37.4661
-65.8003 31.3125 9.0253 26.3283 4.6684 30.4077 66.7673 9.60568 16.1246 66.4867 66.4181 96.4612 30.801 153.748 59.0323 102.81 46.1862 260.823 10.4128 13.7226 8.67376 5.66849 10.5376 9.67791 128.612 0.00000120697 38.9669
-65.8422 14.5171 18.5052 27.6845 2.67327 26.502 61.8577 14.092 13.4433 66.4867 80.7188 100.836 30.801 153.748 47.1845 107.944 49.0628 265.828 12.9239 6.27763 14.7615 6.03435 36.2928 9.12674 74.7757 0.00000140603 36.9463
-70.4109 14.5171 13.2935 23.5366 35.736 8.51661 52.1326 14.092 13.14 65.5932 81.6425 96.7942 30.801 153.748 45.6144 104.304 51.201 265.828 12.9239 3.05802 17.0741 6.16872 26.4017 7.21941 85.3384 0.0000012547 42.321
-66.398 13.1274 26.52 20.4978 28.4117 8.51661 66.5415 13.7504 8.22411 53.8916 80.2303 91.5175 54.0543 154.417 54.9501 93.7891 46.4724 250.408 12.1177 3.05802 12.6092 6.01196 18.017 6.53013 3.46502 0.00000395586 37.2817
-66.3275 7.87884 26.52 16.7824 28.4117 8.51661 71.0011 12.0715 11.1359 54.4623 93.6806 91.5175 33.028 154.417 54.9501 93.6129 46.4724 250.408 25.4104 6.98477 4.54181 5.8877 15.1574 2.11021 3.46502 0.00000407599 37.3132
-65.3506 10.5152 21.6081 22.9354 21.5444 8.51661 71.0011 11.7055 12.1942 54.4623 93.6806 94.4429 33.028 154.417 49.0791 94.8525 57.0528 250.408 22.701 8.63896 13.4476 5.45633 21.6146 3.29394 25.2873 0.0000000522556 31.5643
-65.3506 10.5152 21.6081 22.9354 23.0841 8.51661 71.0011 8.69203 13.4713 54.4623 93.6806 95.2126 33.028 154.417 47.7712 94.8525 57.0528 250.408 18.5141 6.74097 13.4476 3.74081 21.3511 3.29394 25.2873 0.0000000522556 30.72
-65.3506 10.5152 21.6081 21.9703 34.1036 8.51661 100.595 15.4826 13.5072 13.0251 172.489 81.9419 33.028 93.0578 47.7712 90.2138 56.2285 233.349 18.7261 6.74097 25.886 3.74081 37.3714 3.29394 25.2873 0.0000000522556 35.8084
-65.9917 5.6157 24.9295 27.4036 17.2993 8.51661 100.595 14.9356 13.6109 35.2071 100.795 83.4401 77.6212 93.0578 54.9442 93.7683 65.7676 253.484 7.83841 11.088 27.5176 6.20097 37.3714 4.80482 147.811 0.0000000522556 34.2249
-66.2529 5.6157 24.9295 27.4036 20.8509 8.51661 100.595 15.8322 10.448 35.2071 101.111 90.9498 84.0852 93.0578 54.9442 77.7505 63.5489 257.311 7.83841 11.1882 27.3 5.81432 37.3714 22.9 73.9181 0.0000000522556 32.0864
-65.5227 2.63385 24.9295 30.3586 20.8509 8.51661 100.595 17.3915 8.31056 35.2071 101.111 90.9498 84.0852 81.7452 51.4695 92.9494 61.679 257.311 7.83841 12.4836 26.5946 6.94476 45.9109 27.9459 57.2735 0.0000000522556 32.1036
-62.9957 2.36115 24.9295 30.3586 20.8509 8.51661 100.595 17.2792 8.31056 35.2071 75.9452 90.177 84.0852 107.496 45.2341 92.9494 62.132 262.719 8.28374 10.9852 26.5946 5.74755 25.2026 11.1303 50.8346 0.0000000522556 35.2897
-67.4736 2.36115 24.9295 30.3586 20.8509 8.51661 104.723 16.2243 7.20408 35.2071 73.3142 78.1231 90.5509 117.619 45.2341 92.9494 61.1525 259.789 8.28374 13.6928 26.5946 5.74755 19.4138 10.4751 79.2435 0.0000000522556 33.631
-67.0807 2.36115 24.9295 30.3586 20.8509 8.51661 104.723 16.3306 7.20408 35.2071 71.8371 78.1231 90.5509 117.619 45.2341 92.9494 61.1525 259.789 8.28374 15.3346 27.5616 5.74755 15.5924 12.9383 44.3794 0.0000000522556 34.2154
-66.4336 2.36115 24.9295 30.7008 15.4597 8.51661 104.723 19.379 7.20408 35.2071 72.2441 78.1231 90.5509 117.619 45.2341 92.9494 64.4361 259.789 4.21752 26.2476 11.6056 7.54745 17.1144 48.0215 62.0305 0.0000000522556 33.1135
-66.6589 5.23043 24.9295 30.7008 16.6843 8.51661 104.723 20.4558 7.20408 35.2071 69.0758 78.1231 92.3159 117.619 45.2341 92.9494 68.6424 259.789 4.21752 14.8265 11.6056 7.54745 31.7427 42.4809 55.2143 0.0000000522556 35.0769
-65.2992 5.23043 22.7523 30.7008 14.7089 8.51661 104.723 18.5223 7.20408 35.2071 67.5603 78.1231 92.3159 117.619 45.2341 86.3891 75.6368 262.185 11.6484 21.7239 12.2276 9.10603 31.7427 38.6011 66.606 0.0000000522556 35.1835
-65.34 2.92324 26.6199 30.7008 14.7089 8.51661 110.86 11.0361 2.80405 35.2071 65.9688 78.1231 85.8467 129.699 45.2341 93.2716 68.3118 230.719 35.0173 12.0147 16.5775 13.5214 28.705 33.5695 38.3676 0.0000000522556 34.3726
-65.34 7.84641 23.8428 30.7008 17.3578 8.51661 110.86 9.6178 3.71675 35.2566 65.41 78.1231 85.8467 129.699 45.2341 93.2716 68.3118 230.719 42.2806 10.2508 6.5679 11.5713 29.4002 40.7371 38.3676 0.0000000522556 34.6472
-65.7116 7.57034 24.3788 30.7008 15.5415 8.51661 110.86 9.6178 5.5632 35.2566 68.1683 98.2612 51.4069 129.699 60.1501 97.0013 68.3118 224.536 42.2806 10.2508 6.46452 11.5713 53.6571 52.4681 59.6484 0.0000000522556 33.2069
-70.9546 8.64666 24.3788 30.7008 15.5415 8.51661 110.86 9.6178 5.47313 35.2566 69.3795 97.172 51.4069 129.699 68.1698 97.0013 58.6401 224.536 30.1099 11.2778 11.1706 11.782 57.4306 58.608 5.03914 0.0000000522556 39.4933
-70.111 8.64666 24.3788 30.7008 15.5415 8.51661 110.86 9.6178 6.35448 35.2566 67.9558 95.2831 51.4069 129.699 75.431 97.0013 50.8909 237.054 30.1099 2.62596 11.0283 13.9615 3.75041 99.404 29.0965 0.0000000522556 37.6025
-64.958 8.05963 24.3788 30.7008 14.4773 8.51661 110.86 9.6178 7.23886 35.2566 70.6674 95.2831 51.4069 129.699 73.074 90.1106 49.3594 243.379 34.6146 5.87839 4.49286 13.6973 12.737 70.295 29.0965 0.0000000522556 33.6766
-65.01 4.75049 33.947 25.2607 14.6963 8.51661 110.86 8.65487 7.06785 35.2566 70.0244 97.3655 51.4069 130.67 73.0487 89.0188 48.8645 238.101 34.6146 10.3917 20.5958 15.4363 9.75678 70.295 48.1438 0.0000000522556 33.7957
-66.4183 4.75049 33.947 25.7309 14.8429 8.51661 110.86 8.65487 6.71769 35.2566 68.1717 97.3655 51.4069 130.67 69.6257 89.0188 54.5726 247.015 25.6304 7.83273 18.5305 10.8283 99.1718 70.295 53.5028 0.0000000522556 34.852
-64.1283 4.75049 33.947 25.7309 11.9881 5.93846 110.86 8.65487 6.71769 37.2349 65.6674 58.9193 93.7047 130.67 70.481 78.9454 60.2917 263.238 6.04654 18.5994 18.5305 14.7648 23.3394 32.9962 22.7911 0.0000000522556 36.1835
-68.8971 4.75049 33.947 25.7309 7.2844 11.2817 110.86 8.65487 10.3001 37.2349 64.7787 58.9193 93.6496 130.67 69.0581 77.5726 62.7583 258.456 3.98697 13.1238 23.1098 19.5597 77.518 16.6337 22.5391 0.0000000522556 39.1351
-63.6142 16.6835 29.2485 16.3613 6.0037 11.2817 88.9457 8.65487 9.11754 44.2587 54.3105 90.4308 98.4932 130.67 65.8411 80.3918 62.7583 259.803 3.98697 13.3153 21.1925 12.9871 35.4544 16.6337 21.9106 0.0000000522556 36.7326
-65.4273 16.6835 31.5356 15.4365 4.40532 11.2817 88.9457 8.65487 5.72591 44.2587 60.571 90.4308 98.4932 130.67 57.7926 79.4594 73.6318 259.803 3.98697 13.7132 15.8152 14.7076 53.7097 63.7643 24.1906 0.0000000522556 36.9491
-66.6546 22.2474 31.5356 14.1131 3.84683 11.2817 97.7874 8.65487 1.05415 36.8838 59.0719 90.4308 98.503 130.67 45.8923 72.2748 87.4194 259.803 18.6011 9.21307 16.8886 9.19811 99.3403 15.6807 28.0542 0.0000000522556 36.3432
-66.6546 23.0282 31.5356 14.1131 3.84683 11.2817 97.7874 8.65487 1.68611 36.8838 59.0719 90.4308 101.348 130.67 45.8923 67.635 87.4194 259.803 6.09253 5.98032 18.8301 9.19811 99.3403 15.6807 27.986 0.0000000522556 34.2853
-65.6508 23.0282 31.5356 16.5883 3.84683 11.2817 97.7874 8.65487 1.28086 36.8838 59.0719 90.4308 98.0866 130.67 45.8923 67.635 87.4194 259.803 6.09253 5.98032 16.4871 23.1548 99.3403 114.64 5.99251 0.0000000522556 35.1234
-65.7908 22.951 31.5356 17.4257 3.84683 17.7384 97.7874 33.1244 0.443052 14.3402 57.2345 90.4308 98.9875 130.67 45.8923 65.6782 87.4194 259.803 4.27858 18.1393 16.4871 9.17466 12.7125 130.774 17.0304 0.0000000522556 37.4446
-65.5605 21.8724 31.5356 9.39565 7.10883 17.7384 97.7874 5.52031 3.9166 33.5792 57.2345 90.4308 99.1707 130.67 45.8923 65.6782 87.4194 259.803 3.52913 19.9053 22.0936 9.17466 31.1746 1.59054 31.4923 0.0000000522556 33.7223
-65.5605 21.8724 31.5356 8.59417 7.10883 17.7384 97.7874 5.52031 4.40665 33.5792 63.2321 90.4308 99.1405 130.67 45.8923 63.4761 87.4194 259.803 3.52913 11.9316 23.4039 9.12822 28.1445 1.59054 44.723 0.0000000522556 33.8295
-65.3006 23.4028 33.9494 14.8665 8.68163 8.98477 97.7874 5.52031 3.42963 33.5792 57.8402 97.8012 99.1405 130.67 45.8923 63.4761 84.3327 259.803 3.52913 11.9316 24.2497 5.80299 28.1445 1.59054 44.723 0.0000000522556 36.0126
-64.2559 24.6343 33.9494 7.23109 9.03134 8.50118 97.7874 3.2515 13.3886 33.5792 38.8345 97.8012 95.737 142.037 65.8029 66.862 75.5583 259.803 3.52913 10.3493 27.9037 5.2197 28.1445 13.7645 35.2468 0.00000404165 37.6439
-66.0812 29.4724 33.9494 5.52822 6.19873 8.50118 97.7874 3.2515 13.4393 33.5792 38.8345 97.8012 95.854 141.76 64.7326 61.5982 85.1484 259.803 3.52913 10.7715 27.9037 4.25793 3.13282 13.7645 118.684 0.00000404165 39.0445
-66.6896 33.4599 33.9494 5.52822 5.41077 8.50118 97.7874 3.2515 13.9321 29.7675 38.8345 98.3032 95.854 141.76 60.3843 61.5982 85.1484 259.803 3.52913 4.01307 27.9037 6.62034 53.9662 17.124 117.1 0.00000404165 39.652
-66.5635 38.196 33.9494 5.52822 5.41077 3.26221 97.7874 3.2515 13.9321 29.7675 38.8345 98.3032 95.854 141.76 60.3843 61.5982 86.1329 254.178 14.3014 5.08839 27.0433 12.0294 53.9662 17.124 122.688 0.00000404165 39.9428
-66.3985 36.3614 33.9494 5.52822 5.46845 3.26221 97.7874 3.2515 13.4836 29.7675 38.8345 98.3032 93.9601 141.76 60.3843 61.5982 86.0353 250.369 14.3014 5.08839 27.0433 13.0954 53.9662 111.795 122.688 0.00000692365 41.0072
-64.7228 36.5758 33.9494 5.52822 11.325 3.26221 97.7874 0.439151 13.4836 29.7675 35.7856 96.0609 97.2282 141.76 60.3843 61.5982 86.0353 256.94 12.2207 10.3685 15.2241 10.9361 9.82278 120.349 87.3679 0.0000100546 44.9044
-68.1589 36.5758 28.6196 0.721244 15.1074 6.02394 97.7874 0.439151 8.62938 29.7675 46.3633 96.0609 101.644 137.037 56.188 61.5982 86.0353 256.94 16.1912 2.79444 14.0983 12.5915 3.93981 103.848 87.3679 0.0000302605 46.3223
-67.0029 36.3239 28.6196 0.721244 16.227 6.02394 97.7874 0.439151 8.62938 29.7675 46.3633 96.0609 101.644 137.037 56.188 61.5982 86.0353 256.94 16.1912 2.79444 25.7161 12.3558 3.93981 103.192 23.921 0.0000263549 43.5277
-67.75 38.9435 26.7174 3.41496 13.1755 10.2328 97.7874 4.99028 6.7788 29.7675 50.4117 96.0609 97.5877 137.037 50.3511 61.3431 91.3472 252.776 16.1912 2.79444 8.48302 12.7042 32.0977 92.1205 39.959 0.0000225344 44.9513
-65.7521 35.8646 25.8426 3.41496 11.6167 10.2328 76.1565 36.5852 10.9106 14.6871 56.5928 96.0609 97.3478 137.592 46.2318 69.7786 91.3472 245.963 16.1912 2.97085 2.43961 12.7732 56.498 98.1563 31.6787 0.0000353427 40.3805
-66.3383 35.8646 27.8083 10.3428 11.1811 1.36269 76.1565 36.8173 10.9106 14.6871 56.5928 96.0609 89.626 137.592 46.2318 69.7786 88.5529 256.186 15.6378 6.38307 1.92727 11.333 106.421 98.1563 56.9179 0.0000692933 43.9152
-64.1213 35.8646 27.0027 5.60702 10.9384 1.36269 76.1565 36.8173 11.934 17.8597 42.2367 93.5645 110.207 137.592 48.5193 69.9933 83.8165 256.186 2.14135 5.5847 5.5448 11.9347 47.3817 70.3132 52.5249 0.000123452 44.3592
-63.5302 35.8646 27.0027 5.60702 9.54414 6.98938 76.1565 34.7459 11.9888 13.504 42.2367 93.5645 116.235 137.592 53.6599 63.5436 81.385 255.086 2.14135 27.1742 8.68408 12.3332 81.7537 54.4047 7.10618 0.0000508845 43.7316
-65.9284 35.8646 8.49348 5.60702 19.0991 25.9596 58.5485 34.7459 9.97886 7.26564 42.2367 93.5645 115.337 137.592 65.4726 66.1702 81.385 237.681 2.14135 37.1431 6.98548 11.5989 86.7855 52.4269 23.9711 0.0000665929 54.3039
-66.6615 28.7462 8.49348 5.60702 22.4719 25.9596 58.5485 44.9297 8.47468 16.7041 42.2367 93.5645 115.337 137.592 69.2784 55.4275 85.3454 244.269 2.14135 37.1431 7.8161 18.2203 20.0317 52.4269 21.1683 0.0000683422 42.2358
-66.8728 28.7462 3.83177 5.60702 22.4719 25.9596 77.2858 51.1157 7.8245 16.7041 23.3508 93.4974 115.347 137.592 69.2784 55.4275 85.3454 251.232 2.14135 29.3071 6.7338 13.8292 20.0317 157.773 18.5057 0.0000683422 45.1481
-64.4696 28.7462 4.76643 7.58113 22.4719 25.9596 77.2858 51.1157 6.10779 12.6994 23.3508 99.9297 119.12 137.592 68.0028 51.7827 85.3454 251.232 2.14135 21.8 6.67261 15.3675 20.0317 149.496 27.1015 0.000126743 46.2038
-64.8486 29.823 7.33177 9.35736 18.4495 22.6947 77.2858 37.5935 1.75716 14.5366 23.3508 99.9297 129.252 137.592 68.0028 55.1555 89.7822 251.232 2.14135 22.1485 13.7126 15.3825 4.26772 48.6674 15.5856 0.000126743 42.4754
-65.3245 29.823 7.33177 9.35736 19.6332 21.5802 77.2858 37.8221 1.75716 14.5366 23.3508 99.9297 126.255 137.592 68.0028 55.1555 81.4231 251.232 5.1757 13.064 15.1676 15.3595 22.4815 26.4465 22.7951 0.000126743 41.43
-64.8789 25.4708 5.76077 9.35736 24.365 22.6006 77.2858 37.8221 2.21887 14.5366 23.3508 99.9297 124.55 137.592 68.0028 55.1555 81.4231 125.65 153.816 1.90499 4.36337 28.1927 10.8723 26.4465 4.74428 0.000126743 41.5908
-64.474 25.4708 15.1365 9.35736 15.0201 22.6006 73.2821 40.6857 2.21887 14.5366 23.3508 99.9297 124.55 137.592 68.0028 55.1555 81.4231 125.65 153.816 3.72647 5.32546 28.1927 62.9155 26.4465 40.6702 0.000126743 42.5102
-64.474 25.4708 15.1365 9.35736 17.8444 22.6006 73.2821 40.6857 0.620268 14.5366 23.3508 99.9297 124.238 137.592 68.0028 55.1555 81.4231 125.65 153.816 3.72647 3.48694 28.1927 18.1773 22.5045 40.6702 0.000275359 43.4888
-65.2229 28.911 15.1365 9.35736 17.8444 22.6006 73.2821 40.6857 0.380912 14.5366 23.3508 99.9297 124.215 137.592 68.0028 55.1555 81.4231 125.65 153.816 3.72647 3.48694 9.07296 18.1773 22.5045 37.5889 0.000585367 47.5851
-65.1239 35.0072 11.7583 9.35736 17.8444 14.5942 83.1846 47.4617 0.380912 14.5366 23.3508 99.9297 117.948 140.852 60.3175 55.1555 81.4231 125.65 153.816 13.8138 9.1371 1.83533 18.1773 22.5045 62.1896 0.000251488 46.6385
-64.7678 26.2195 15.5511 9.35736 17.8444 18.7883 83.1846 27.4707 7.03424 14.5366 11.457 99.9297 104.983 169.343 61.4943 78.7562 77.6572 126.227 153.816 6.59481 1.14132 8.73695 48.7902 2.63725 21.4603 0.000106492 44.7069
-65.2799 26.2195 15.3005 9.35736 16.2138 17.778 83.6262 27.4707 10.5119 14.5366 14.533 99.9297 117.896 160.487 79.1761 78.7562 47.0376 138.847 133.921 9.3502 1.96684 15.4913 36.1453 17.4627 64.5703 0.0000765024 39.6876
-64.7615 26.2195 11.5909 9.35736 16.2138 23.0519 83.6262 27.4707 10.5119 14.5366 14.533 99.9297 116.514 160.487 73.3053 82.7021 47.0376 138.847 133.921 11.4616 1.96684 13.2201 41.6056 17.4627 64.5703 0.0000569115 39.7357
-65.5996 26.2195 11.5909 9.35736 16.2138 23.0519 83.6262 27.4707 10.5119 14.5366 14.533 99.9297 119.587 160.487 73.3053 82.7021 35.4886 138.847 133.921 12.7649 10.7787 23.5922 16.6235 17.4627 64.5703 0.0000318021 38.7041
-65.5996 26.2195 11.5909 9.35736 16.2138 23.0519 83.6262 27.4707 10.5119 14.5366 14.533 99.9297 119.587 160.487 73.3053 82.7021 35.4886 138.847 133.921 12.7649 10.7787 23.5922 16.6235 17.4627 64.5703 0.0000318021 38.7041
-65.0361 26.2195 11.5909 9.35736 16.2138 23.0519 83.6262 27.4707 9.2516 14.5366 14.533 99.9297 119.587 160.487 73.3053 82.7021 35.4886 138.847 133.921 2.01492 11.9791 25.7331 16.6235 17.4627 87.119 0.0000302076 40.3523
-65.6989 26.2195 11.5909 9.35736 18.8866 23.0519 83.6262 27.4707 9.94352 14.5366 14.533 99.9297 118.259 160.487 73.3053 82.7021 35.4886 138.847 133.921 2.01492 20.2903 22.9548 16.6235 17.4627 87.119 0.0000461865 40.6507
-64.9755 17.8148 15.1742 9.35736 18.8866 23.0519 83.6262 27.4707 9.94352 12.0073 14.533 99.9297 118.842 160.487 75.3611 82.7021 35.4886 138.847 149.088 1.16215 11.8043 22.9548 16.6235 40.2907 120.685 0.0000284255 44.0089
-66.2699 22.4134 15.1742 9.35736 18.8866 23.0519 83.6262 27.4707 5.80402 12.0073 14.533 99.9297 118.42 160.487 75.3611 82.7021 40.9825 223.621 46.2961 14.9653 11.8043 20.8474 16.6235 5.31003 120.685 0.0000129708 39.1012
-67.2124 22.4134 15.1742 9.35736 18.8866 23.0519 83.6262 27.4707 5.80402 12.0073 14.533 99.9297 118.42 160.487 75.3611 82.7021 40.9825 223.023 46.2961 14.9653 11.8043 20.8474 16.6235 21.077 63.91 0.0000129708 37.964
-66.5525 22.4134 15.1742 9.35736 18.8866 23.0519 83.6262 27.4707 5.80402 11.5337 14.533 102.741 115.907 160.487 75.5722 82.7021 40.9825 223.023 46.2961 12.4845 5.18587 10.2917 15.2461 27.9341 64.0549 0.00000920986 39.1418
-66.7589 22.4134 12.7139 9.35736 31.4541 10.8255 72.1854 14.3394 18.1365 25.5793 8.53962 99.6799 114.084 160.487 85.5441 82.7021 40.9825 217.678 37.0545 12.3821 2.90168 18.2125 49.2144 11.171 15.1676 0.000016797 43.2567
-65.4111 19.7696 12.7139 9.35736 31.4541 10.8255 64.8366 14.3394 25.0712 33.1438 8.53962 99.6799 115.265 160.487 83.3509 82.7021 40.9825 223.682 46.9554 12.0283 3.78122 22.6393 59.1224 8.48728 23.1163 0.0000204484 38.924
-63.9345 22.9758 11.8404 9.35736 31.4541 13.0514 64.8366 20.046 25.0712 28.4583 3.76557 97.3866 114.24 160.487 82.5767 82.7021 40.9825 226.34 47.0528 13.1276 3.4548 23.2651 68.7708 34.5388 23.7016 0.0000204484 39.3254
-64.4088 22.9758 11.8404 9.35736 31.4541 12.4867 64.8366 20.046 27.633 28.4583 3.76557 97.3866 115.505 160.487 82.5767 79.6145 47.372 226.34 48.6938 1.07207 3.4548 25.5283 106.358 7.32567 53.416 0.0000106484 41.6277
-63.2846 14.1236 7.56627 9.35736 40.9269 13.0748 64.8366 20.046 26.5765 28.4583 26.7961 77.4191 115.505 160.487 82.5767 72.1962 47.372 226.709 51.0168 1.07207 10.6086 28.5475 106.358 7.99466 45.044 0.0000274776 43.4158
-63.2846 13.0552 4.17469 9.35736 50.338 10.6742 64.8366 15.9568 28.9634 28.4583 25.5495 77.4191 115.012 160.487 86.1891 72.1962 52.9171 226.709 36.5914 1.07207 11.8493 36.1593 70.5778 20.8459 26.4545 0.0000400262 42.1496
-64.7737 13.0552 2.28254 9.35736 50.338 15.3367 64.8366 13.2852 26.5708 28.4583 20.008 77.4191 112.563 160.487 89.3112 69.4341 60.2563 226.709 39.6621 14.9876 12.754 7.62847 36.3609 21.8181 44.4578 0.0000817918 43.9235
-66.8437 11.924 2.28254 9.35736 45.8402 12.4465 68.9091 20.7339 27.3596 28.4583 32.1374 77.4191 112.189 160.487 87.3236 48.6205 77.9351 218.107 39.6621 1.24593 23.2332 12.7019 9.58595 31.3021 31.3282 0.000161084 43.0711
-66.8437 14.0551 2.70459 9.35736 45.8402 12.4465 71.0697 20.7339 27.1162 28.4583 32.1374 17.1858 121.156 212.413 85.8451 48.6205 74.2361 218.107 42.6 3.80505 3.25039 10.8936 0.779566 16.4796 16.7789 0.0000373235 40.8324
-67.7307 17.2791 2.87597 23.8682 45.8402 8.52447 71.0697 13.9695 16.9993 28.4583 32.1374 17.1858 121.156 212.413 81.1117 44.9865 74.2361 227.746 42.3786 3.66657 12.5716 4.50644 22.6835 16.4796 48.3886 0.0000352024 42.7077
-67.7484 4.24971 2.62759 26.914 50.094 13.4694 71.0697 13.9695 16.5388 29.3515 42.3042 17.1858 119.695 212.413 83.6826 33.2397 74.2361 227.746 40.2805 19.4771 13.5489 9.23557 35.1401 120.525 34.4078 0.0000264532 45.4419
-67.7625 6.18507 2.08521 24.733 50.094 12.2311 71.0697 13.9695 13.1405 29.3515 42.3042 17.1858 119.695 212.413 87.4897 36.2859 77.4928 227.746 40.2805 18.4338 13.2967 8.31067 35.1401 70.4512 28.3363 0.0000411558 43.9004
-67.7505 12.6194 3.10965 12.2665 50.094 9.30651 71.0697 24.9904 13.2748 21.0675 39.3863 17.1858 119.695 212.413 88.8409 35.2252 79.3322 227.746 40.2805 23.4034 15.2038 8.30992 7.80469 54.3046 9.97581 0.0000411558 40.5809
-67.722 12.6194 3.17925 12.2665 50.094 9.30651 71.0697 24.9904 13.2748 21.0675 40.0197 17.1858 115.557 212.413 88.8409 38.1682 79.3322 227.746 40.2805 16.6948 15.0048 8.64377 7.80469 54.3046 5.73972 0.0000147385 38.921
-67.7713 12.6194 3.17925 12.2665 57.6851 9.30651 69.1205 24.9904 13.2748 21.0675 40.0197 17.1858 115.557 212.413 88.8409 38.9484 74.2943 233.491 40.2805 21.2412 16.5637 5.24309 27.5144 28.467 92.4897 0.0000147385 44.1686
-67.7012 11.8684 3.17925 2.32299 57.6851 13.3041 69.1205 24.9904 24.5991 21.0675 40.0197 17.1858 118.002 211.285 91.1945 33.9873 70.6708 222.463 38.8393 12.1004 18.7466 7.73347 35.6576 11.1755 77.6982 0.0000169738 40.1287
-67.6102 11.8837 2.70278 2.32299 57.6851 13.3041 69.1205 24.9904 24.5991 14.9343 34.5995 17.1858 124.017 211.285 91.1945 43.5398 66.8965 222.463 48.3444 16.1391 12.1961 7.39884 32.1241 80.3242 59.9458 0.0000242638 40.3705
-67.5484 11.8837 3.21792 2.32299 57.6851 14.1856 69.1205 24.9904 23.7353 14.9343 34.5995 17.1858 115.258 211.285 91.1945 43.5398 70.3516 222.463 48.3444 16.1391 12.1961 6.45708 97.1062 48.0785 50.3953 0.0000102114 43.762
-67.8046 11.8837 3.21792 2.32299 57.6851 11.782 69.1205 24.9904 21.5703 20.1587 34.5995 17.1858 119.987 211.285 98.7138 36.6881 70.3516 222.463 48.3444 24.2551 8.89377 6.52247 79.8551 33.3457 36.037 0.0000201722 40.7273
-67.3372 11.8837 5.16418 2.32299 57.6851 11.782 69.1205 24.9904 18.0533 20.1587 34.5995 17.1858 119.213 211.285 98.5917 36.6881 70.3516 222.463 48.3444 23.4813 12.0739 6.52247 124.655 46.9104 15.396 0.0000228368 41.8745
-67.1068 11.8837 4.11012 2.32299 57.6851 11.782 69.1205 24.9904 18.0533 22.7603 34.5995 17.1858 119.213 211.285 98.5917 36.6881 70.3516 222.463 48.3444 24.6538 15.2475 6.16539 140.062 46.9377 20.8711 0.0000126118 42.4225
-67.0426 5.63997 6.17333 2.32299 57.6851 17.1011 69.1205 24.9904 18.0533 22.7603 34.5995 17.1858 119.213 211.285 98.5917 36.6881 70.3516 222.463 48.3444 20.8857 15.2475 6.04017 100.479 47.4708 41.1082 0.0000158412 40.6683
-65.5297 5.63997 6.11729 2.32299 57.6851 17.1011 69.1205 24.9904 18.0533 19.5772 34.5995 17.1858 119.213 211.285 98.5917 36.6881 70.3516 222.463 48.3444 19.7225 15.2475 5.36202 134.802 49.2386 32.0248 0.0000129805 40.5764
-65.5297 4.44314 6.11729 2.32299 57.6851 17.1011 69.1205 24.9904 19.4078 23.5166 34.5995 17.1858 119.213 211.285 99.7757 36.6881 70.3516 222.463 48.3444 19.7257 15.2475 6.05892 134.796 50.0561 32.0248 0.0000303237 42.6551
-66.3212 4.26981 9.11623 2.32299 58.2091 27.3036 78.3785 10.472 13.5641 18.6013 34.5995 17.1858 121.656 211.285 101.958 29.4055 70.3516 222.463 48.3444 21.8892 15.2475 5.50474 133.616 45.4956 29.955 0.0000865491 44.4376
-65.9864 4.83685 8.46096 2.32299 58.2091 27.3036 78.3785 14.2045 13.5641 18.6013 34.5995 17.1858 116.43 211.285 103.861 29.2723 70.3516 222.463 48.3444 21.8892 18.498 4.21085 132.697 51.0074 29.3547 0.000164761 45.5409
-66.0455 4.83685 6.46016 2.32299 58.2091 27.3036 78.3785 16.8437 13.5641 18.6013 34.5995 20.3594 116.43 211.285 103.861 29.2723 70.3516 222.463 48.3444 12.3195 18.498 3.66606 132.953 34.7325 40.1795 0.000164761 46.5251
-66.6569 6.09207 9.881 0.476969 58.2091 14.1754 78.3785 25.0762 13.5641 18.6013 49.0581 20.3594 116.43 202.634 103.861 29.2723 70.3516 224.703 29.9096 12.5798 24.2661 2.70803 132.939 15.558 72.4436 0.000167115 46.4365
-64.9172 6.51168 10.7858 0.476969 58.2091 11.4181 78.3785 25.0762 13.5641 18.6013 49.0581 20.3594 116.43 202.634 113.032 22.0201 71.8133 228.13 29.9096 12.4603 25.9367 2.19405 133.024 50.996 51.0269 0.000168463 45.7886
-62.9532 6.44225 12.6813 0.476969 58.2091 11.4181 78.3785 22.186 13.5641 18.6013 63.5962 5.15323 116.43 202.634 117.62 22.4742 71.8133 228.13 29.9096 10.2124 24.3429 1.57806 134.439 50.996 65.857 0.00018419 50.9522
-65.8791 6.44225 10.8476 0.476969 58.2091 12.708 78.3785 26.7368 13.5641 10.0139 63.5962 5.15323 116.43 202.634 53.4593 25.481 127.379 238.278 29.9096 10.1679 24.0866 1.11142 69.9134 81.0113 35.745 0.0000832633 45.0379
-65.8791 6.97808 10.0821 0.476969 58.2091 12.708 73.9013 25.0273 17.5318 10.2586 63.5962 5.15323 117.461 202.634 53.4593 25.109 140.481 238.278 18.0196 10.1679 24.8614 1.38347 56.7964 81.0113 5.68113 0.0000832633 44.656
-65.7836 6.36859 10.0821 0.476969 58.2091 12.708 73.9013 25.0273 17.5318 10.2586 69.3859 5.15323 117.461 198.582 53.4593 24.4082 140.546 237.246 18.5883 10.1679 23.5289 1.1571 40.8318 112.68 5.68113 0.0000832633 46.2843
-66.0348 7.21295 9.81589 8.3251 42.7539 19.3561 91.5755 13.8636 23.8873 12.0605 92.055 5.15323 89.3272 196.779 25.0393 22.2797 149.188 237.246 18.5883 37.6913 25.535 1.2943 40.8318 66.1175 20.8698 0.000254758 53.3212
-66.0348 8.33557 13.3424 9.83749 36.7691 22.2368 90.0943 13.8636 30.1888 12.0605 92.055 36.85 85.4444 166.008 23.8921 21.6228 139.514 237.246 40.3963 19.8963 25.0369 1.60816 40.8318 15.3319 3.81317 0.0000709092 47.9502
-66.8792 8.15596 11.4046 22.1576 32.1247 14.5526 90.0943 24.004 22.8874 12.0605 92.055 36.85 63.7247 189.985 30.6193 24.4625 139.514 216.759 40.3963 19.895 5.49024 1.04298 24.5514 33.0987 30.2479 0.0000582642 41.4814
-66.2013 6.7352 9.60229 22.1576 32.1247 15.5271 90.0943 28.9617 22.8874 12.0605 92.055 36.85 56.4319 189.985 30.6193 24.4625 139.514 235.657 40.3963 19.8928 5.49024 0.925865 23.8717 39.7699 34.5235 0.0000312852 41.3647
-65.3462 8.30455 7.32561 22.1576 32.1247 13.9476 82.084 26.2823 31.9648 12.0605 92.055 33.8356 56.4319 189.985 30.6193 25.1936 144.296 235.657 40.3963 19.881 13.8149 3.12749 15.552 27.126 36.9305 0.0000164132 39.1436
-65.2619 8.25677 8.29768 22.1576 31.3038 13.127 82.084 26.2823 31.9648 12.0605 86.0617 33.8356 58.2879 189.985 30.6193 29.9207 144.296 235.657 40.3963 19.8828 15.5872 3.49766 22.7904 33.9074 39.7734 0.0000243699 40.0915
-65.5183 13.9314 7.02625 22.1576 31.3038 13.3572 76.9924 26.2823 26.7254 17.5721 86.0617 33.8356 62.1334 189.985 30.6193 27.2452 144.296 235.657 40.3963 19.9359 15.5872 3.49766 25.2778 37.9095 56.2504 0.0000163126 41.3332
-65.5183 7.88311 8.09836 22.1576 31.6222 14.2597 76.9924 34.4385 26.7254 22.9727 84.4181 37.8714 63.5985 189.985 30.6193 25.0421 144.296 217.858 43.3734 19.7829 14.5678 10.2489 25.2778 22.8229 58.0469 0.0000112526 38.4959
-65.3359 7.88311 12.4848 22.1576 31.6222 13.2696 76.9924 32.2169 25.0957 22.9727 84.4181 37.8714 53.9837 189.985 30.6193 25.1094 144.296 217.858 43.3734 19.9283 14.5678 9.47934 15.127 15.7154 42.7583 0.00000960429 36.5201
-66.0079 7.88311 7.69926 22.1576 32.9005 15.0564 76.9924 29.2804 12.2174 22.9727 84.4181 59.55 53.9837 189.985 32.6745 25.1184 144.296 217.858 41.7647 19.7403 13.2423 8.72582 25.6506 11.2676 17.0465 0.00000960429 36.2646
-65.7223 7.88311 7.69926 22.1576 32.9005 18.108 76.9924 29.2804 4.70896 16.8464 84.4181 59.55 56.9428 198.553 32.6745 25.0132 144.296 217.858 41.7647 21.1142 12.0308 11.9827 25.6506 11.1588 30.7183 0.00000963333 38.465
-66.4722 7.88311 7.69926 30.3032 32.9005 19.2057 76.9924 29.2804 4.70896 16.8464 76.5747 59.55 56.9428 198.553 31.2494 25.0132 144.296 217.858 44.4806 16.297 10.6985 13.803 26.1962 19.4029 5.69837 0.00000924972 37.5365
-67.0064 2.85162 7.69926 31.2389 32.9005 19.2057 76.9924 29.2804 4.70896 17.6035 76.5747 59.55 57.0891 198.553 31.2494 25.3334 144.513 217.858 44.4806 10.9078 12.7408 15.4509 21.0201 19.4029 5.69837 0.00000807405 39.2315
-65.1464 2.29217 7.22758 27.4741 31.0942 21.5054 76.9924 29.6528 4.70896 17.6035 76.5747 62.0463 57.0493 198.553 35.2522 25.2582 144.513 211.349 52.0568 13.3565 13.0845 16.3596 6.30666 21.0247 67.7403 0.000017949 38.8098
-65.1464 2.29217 6.95962 27.4741 31.0942 21.5054 76.9924 29.6528 8.48725 17.6035 76.5747 60.2574 57.0493 198.553 35.2522 25.927 144.513 206.686 52.0568 10.7392 15.1484 15.9204 5.75203 52.5033 0.575699 0.000035676 40.2384
-65.7143 2.29217 6.52571 27.4741 31.0942 21.5054 75.3003 29.6528 8.48725 17.6035 82.3992 60.2574 57.0493 198.553 35.2522 22.4621 143.156 206.686 52.0568 10.7392 15.8145 16.5616 53.8484 30.9677 1.81289 0.000035676 39.1933
-66.0161 2.29217 4.23762 27.4741 33.7202 21.5054 75.3003 29.6528 8.48725 18.2983 82.3992 60.2574 48.0939 198.553 35.2522 20.8681 158.409 205.449 52.0568 1.77167 20.8598 12.7603 55.3123 18.6094 10.394 0.00000690199 38.9831
-65.1601 2.29217 2.06553 27.4741 33.7202 21.5054 75.3003 29.6528 8.48725 27.7738 82.3992 60.2574 48.0939 198.553 35.2522 20.1668 141.427 205.449 52.0568 0.774907 29.5516 18.451 85.1109 34.61 16.9962 0.00000783586 39.8732
-67.1259 2.29217 1.7633 27.4741 33.7202 22.743 75.3003 29.6528 8.12371 27.7738 82.3992 60.2574 48.0939 198.553 35.2522 22.8184 141.427 205.449 52.0568 0.774907 46.8404 6.48159 85.1109 19.1707 30.9619 0.00000786419 44.266
-65.4188 5.33347 0.933466 27.4741 29.8656 20.1779 75.3003 29.6528 9.07673 27.7738 73.5982 63.732 45.7279 198.553 35.2522 22.8184 141.427 208.129 57.4604 9.13798 36.8732 6.48159 102.162 19.1707 32.2655 0.00000786419 42.4515
-65.1509 6.31149 4.4978 27.4741 26.7204 18.2638 75.3003 35.1746 9.3109 27.7738 73.5982 61.0319 45.7279 200.037 35.2522 21.5655 141.427 215.129 61.6679 9.13798 25.1363 12.9963 164.665 19.178 70.5935 0.00000609429 45.9311
-65.9449 5.6848 11.9459 27.4741 25.4037 18.3958 67.2107 36.7454 5.16479 38.7435 73.5982 61.0319 41.8195 200.037 35.2522 21.1635 141.427 215.129 61.6679 0.173674 26.5189 5.21476 76.7037 20.6727 36.2513 0.00000478385 40.6428
-65.1521 6.15894 7.92836 27.4741 27.115 18.8419 67.2107 36.7454 5.16479 38.7435 73.5982 61.0319 41.8195 200.037 35.2522 20.7259 141.427 215.129 61.5955 1.35623 26.5446 5.92005 49.4799 20.6805 38.9982 0.00000643238 37.0635
-65.6622 9.97739 16.5778 16.5325 24.134 23.7987 67.2107 14.293 15.1465 38.7435 73.5982 61.0319 45.0571 200.037 35.2522 22.7478 146.414 215.129 44.6212 2.47867 33.5024 4.74551 126.928 7.0672 31.6308 0.00000643238 41.0872
-65.3241 17.4905 16.5778 16.5325 24.134 27.5119 67.2107 16.8584 15.1465 38.7435 73.5982 47.6485 36.942 200.037 35.2522 25.8524 146.414 229.494 44.6212 2.19712 15.6617 3.24821 148.043 8.09542 31.6308 0.00000907073 46.1834
-67.9483 17.4905 16.5778 16.5325 24.134 27.5119 82.8965 16.8584 15.1465 36.0649 73.5982 47.6485 36.942 200.037 35.2522 24.0246 146.414 223.67 39.9414 2.19712 21.7889 3.94052 81.3652 3.88046 9.2187 0.00000542881 42.8248
-66.6904 17.4905 16.5778 16.5325 8.84379 27.1478 66.1972 0.895691 34.059 54.7395 88.1044 47.6485 36.942 200.037 35.2522 24.1548 146.414 223.67 39.9414 2.19712 25.5574 12.0261 75.2474 3.88046 25.2707 0.0000118696 40.7344
-66.6039 16.3916 17.1788 16.5325 8.84379 27.1478 66.1972 0.895691 33.9407 52.1801 88.1044 47.6485 33.4752 200.037 35.2522 24.1548 141.217 223.67 37.7793 9.45892 26.5877 18.9095 72.2071 3.88046 24.1999 0.0000072836 37.8718
-67.7996 16.3916 17.1788 16.5325 8.84379 27.1478 66.1972 12.2586 33.9407 28.7179 88.1044 67.7837 31.1551 200.037 35.2522 24.1158 146.565 223.67 37.7793 10.9634 16.6453 2.97237 70.5239 3.88046 24.1999 0.00000881092 39.3586
-66.0734 16.6851 17.1788 16.5325 10.5802 27.1478 65.0916 10.9403 30.6549 28.7179 88.1044 67.7837 29.965 200.037 40.7385 25.105 146.565 223.67 37.7793 13.8937 16.9617 11.8594 32.6077 5.85936 48.2323 0.00000881092 37.02
-65.5866 33.324 16.9797 7.93757 10.8774 26.3013 74.1331 9.40527 30.6549 6.93414 88.1044 75.8504 30.2763 200.037 40.7385 25.4265 146.565 217.914 37.7793 7.03967 16.3314 14.0764 1.37274 22.0831 48.959 0.00000762379 39.4681
-65.3124 33.2312 20.5021 7.93757 10.8774 17.1734 74.1331 9.40527 34.9878 6.93414 88.1044 28.9613 30.2763 245.807 41.7196 25.8152 140.019 217.914 37.7793 7.03967 23.4466 18.5422 9.15479 26.5057 50.6582 0.00000762379 37.5566
-66.1636 33.2312 20.5021 7.93757 10.0593 22.6144 74.1331 9.40527 34.9878 6.93414 88.1044 28.9613 30.2763 245.807 41.7196 27.2435 140.019 223.751 37.7793 6.89673 3.33071 18.5422 81.5172 24.8022 40.1387 0.0000093916 39.8265
-66.6091 33.2312 26.8621 4.89129 6.23928 18.6772 74.1331 9.40527 35.4149 6.93414 88.1044 16.6261 53.2785 245.807 41.7196 24.6566 137.838 227.054 23.0062 11.6782 5.40708 21.528 56.6853 17.4525 25.223 0.00000281571 38.3764
-65.9655 33.2312 26.8621 4.89129 5.09453 18.6772 74.1331 9.40527 36.7025 6.93414 88.1044 16.6261 53.2785 245.807 41.7196 25.4993 135.501 235.101 23.0062 4.67943 19.7308 21.687 56.6853 17.4525 1.88497 0.00000131373 35.5679
-65.4413 34.0719 26.8621 4.89129 4.90058 18.6772 74.1331 9.40527 36.7025 6.93414 88.1044 16.6261 53.2657 245.807 40.3577 26.394 135.501 235.101 23.0062 4.67943 19.4753 15.0654 64.4103 20.1497 18.8606 0.000000960362 35.3303
-65.4413 34.0719 26.8621 4.89129 4.90058 18.6772 74.1331 9.40527 36.6912 1.4324 88.1044 16.6261 54.5411 245.807 40.3577 26.7601 135.501 235.101 23.0062 10.6919 19.4753 17.7137 98.7774 15.1026 40.447 0.00000186115 39.8476
-65.4452 43.41 26.8621 4.89129 4.90058 18.6772 74.1331 6.93261 36.6912 5.17388 88.1044 5.47391 56.6677 245.807 40.3577 26.5625 126.319 235.101 23.0062 10.6919 22.8722 17.7137 72.3302 53.4493 62.3446 0.000000590921 38.5407
-67.883 43.41 26.8621 4.89129 4.90058 18.6772 74.1331 6.93261 36.6912 5.17388 88.1044 5.47391 56.6677 245.807 40.3577 26.5625 126.319 235.101 23.0062 10.6919 22.8722 17.7137 72.3302 53.4493 68.4592 0.000000590921 39.5734
-67.883 43.41 26.8621 4.89129 4.90058 18.6409 74.1331 6.93261 36.6912 5.17388 88.1044 5.47391 60.6362 245.807 40.3577 28.4233 126.319 235.101 23.0062 10.8724 19.6868 18.5564 72.3302 20.7083 68.4592 0.000000590921 39.8223
-67.883 43.41 26.8621 4.89129 4.90058 18.6409 74.1331 6.93261 30.5619 5.17388 83.56 5.47391 60.6362 245.807 40.3577 28.4233 126.319 235.101 23.0062 10.8724 19.6868 18.5564 40.4957 20.7083 68.4592 0.000000176749 41.3951
-65.5459 43.41 26.8621 4.89129 8.17722 13.0234 74.1331 11.4345 30.5619 5.17388 83.56 5.47391 50.4313 245.807 40.3577 38.6928 129.037 227.304 40.0088 9.687 18.2222 16.4585 48.8872 14.0935 35.9448 0.000000176749 34.1496
-67.268 43.41 23.772 8.20465 10.1351 13.0234 74.1331 10.5862 28.3141 5.17388 93.5054 4.21098 48.0482 236.745 40.3577 48.1499 129.037 229.383 40.0088 9.687 7.57417 16.3739 38.3532 26.3663 28.9388 0.000000176749 35.4255
-66.8184 43.41 25.7376 8.20465 10.1351 10.6466 72.6023 10.5862 30.2822 5.17388 93.5054 4.21098 48.0482 236.745 40.3577 48.1499 129.037 229.383 40.0088 7.78706 13.2696 16.3739 38.3532 14.2689 8.26204 0.000000176749 35.1335
-67.2155 43.41 25.7376 8.20465 10.1351 10.6466 72.6023 16.8906 23.7852 5.17388 93.5054 4.21098 48.0482 236.745 40.3577 48.1499 129.037 229.383 40.0088 7.78706 13.2696 16.3879 42.586 16.2487 8.90128 0.000000176749 35.251
-66.2543 43.41 25.5602 8.20465 10.4309 10.6466 72.6023 16.8906 27.645 5.17388 93.5054 4.21098 48.0482 236.745 39.6137 48.1499 129.037 224.443 40.0088 8.66599 27.4082 0.789996 21.0772 16.2487 50.8871 0.000000176749 34.6082
-62.8626 43.41 25.5602 19.2558 1.1624 5.23267 72.6023 16.8906 32.4692 5.17388 93.5054 4.21098 48.0482 236.745 39.6137 48.1499 129.037 224.443 40.0088 1.71855 27.4082 0.789996 21.0772 17.1207 43.8119 0.000000176749 39.1723
-68.1633 43.41 25.9738 16.9898 1.1624 5.27849 72.6023 16.8906 32.2858 5.17388 93.5054 4.21098 48.0482 236.745 39.6137 51.8852 126.839 203.302 64.1555 1.71855 19.1969 7.72596 54.6623 17.1207 43.8119 0.000000176749 39.0339
-67.0871 43.41 19.3779 16.9898 1.1624 5.27849 72.6023 18.8698 32.2858 5.17388 93.5054 4.21098 48.0482 236.745 39.6137 53.1722 126.839 134.002 140.075 4.02883 19.1969 9.35581 52.2661 49.2025 43.8119 0.000000176749 35.3456
-66.6195 43.41 19.3779 16.9898 1.1624 5.27849 72.6023 18.8698 32.2858 5.17388 93.5054 4.21098 48.0482 236.745 39.6137 53.1722 126.839 134.002 140.075 2.38777 16.2252 9.29348 5.95728 49.2025 43.8119 0.000000338601 35.3374
-65.4864 43.41 19.3779 16.9898 1.98937 1.14508 81.7031 12.8752 32.2858 5.17388 93.5054 4.21098 48.0482 236.745 39.6137 51.0717 126.839 134.002 140.075 2.38777 13.88 9.29348 5.95728 58.9909 33.6405 0.000000338601 38.4749
-64.801 43.41 13.9296 19.12 6.60108 1.14508 81.7031 12.8752 32.7613 5.17388 93.5054 4.21098 48.0482 236.745 39.6137 45.3594 126.839 134.002 140.075 7.13281 7.40517 2.10659 23.6081 40.4203 33.6405 0.00000251239 40.7424
-60.0691 43.41 13.9296 19.12 6.60108 1.14508 81.7031 12.8752 32.7613 5.17388 93.5054 8.43827 48.0482 236.745 39.6137 40.0525 126.839 128.664 140.075 8.61185 7.40517 3.52221 24.5066 40.7095 25.0526 0.00000221555 43.1327
-60.0691 43.41 13.9296 10.2948 11.0767 1.14508 80.0097 14.6154 33.613 5.17388 93.5054 8.43827 58.3869 236.745 39.6137 40.0525 126.839 128.664 147.723 13.9694 4.07784 13.596 24.5066 33.4767 35.0779 0.00000205112 43.1904
-64.2311 39.7675 13.7705 10.2948 14.7292 1.70077 80.0097 12.8616 35.2902 5.17388 93.5054 8.43827 61.1438 236.745 28.8855 40.0525 126.839 128.664 147.723 10.9205 5.94695 13.596 24.5066 33.8712 45.9265 0.00000406134 41.3401
-68.8503 39.7675 13.7705 10.2948 14.3056 4.76044 75.1763 19.6701 35.2902 5.17388 93.5054 8.43827 61.1438 236.745 28.8855 39.337 126.839 106.657 165.708 3.82428 5.94695 5.78673 62.5161 31.0638 57.0872 0.00000406134 41.7259
-64.1338 39.7675 14.6001 10.2948 12.0734 4.76044 75.1763 18.5576 35.2902 5.17388 93.5054 8.43827 61.1438 236.745 26.245 39.337 126.839 127.956 165.708 3.89636 5.94695 5.97524 33.6513 31.0638 29.4181 0.00000406134 40.3668
-64.1338 60.0126 6.27097 10.2948 14.8901 2.34744 62.3098 23.4694 35.2902 5.17388 93.6014 8.43827 61.1438 236.745 26.245 43.409 126.839 125.446 151.184 8.3954 5.94695 18.1175 63.5443 62.4493 15.0596 0.00000295955 39.5863
-64.1338 60.0126 6.60796 8.76765 16.4632 2.88598 62.3098 19.1433 35.2902 5.17388 93.6014 8.43827 61.1438 236.745 33.8656 43.409 126.494 120.668 151.184 9.52589 5.94695 18.0051 53.4503 69.517 15.0596 0.00000295955 40.2412
-64.2707 60.0126 6.60796 8.76765 16.4632 2.88598 62.3098 20.611 35.2902 5.17388 93.6014 8.43827 58.4729 236.745 41.5781 43.409 120.99 107.704 151.184 9.52589 5.94695 18.0051 44.9939 69.517 15.0596 0.00000340429 41.4937
-65.5389 50.0437 10.7005 13.2229 18.5663 2.88598 66.6088 11.5549 35.2902 5.17388 88.777 8.43827 58.4729 236.745 61.8564 43.409 110.069 104.958 151.184 5.17291 12.8142 41.1005 30.8512 80.4021 141.925 0.00000592928 48.7223
-65.797 45.0916 8.53883 13.2229 22.9589 5.19742 66.6088 11.5549 35.2902 5.17388 88.777 8.43827 58.4729 236.745 61.8564 44.2798 110.069 104.958 146.941 6.89572 7.85643 37.146 56.4409 43.1069 171.334 0.00000468961 43.8833
-65.78 45.0916 8.53883 14.0279 23.6225 5.98616 52.9977 10.1279 47.9358 5.17388 90.1218 8.43827 58.4729 236.745 58.0024 19.1454 134.027 104.958 146.941 4.77668 13.4023 33.1998 65.8879 43.1069 60.0291 0.00000468961 43.8153
-65.4282 45.0916 6.14835 14.0279 24.8417 5.98616 60.1509 12.3909 44.3745 5.17388 90.1218 8.43827 58.4729 236.745 54.039 19.1454 125.963 110.083 168.034 2.05287 12.1475 23.1857 63.4169 27.5898 5.96722 0.00000468961 39.2611
-66.3092 45.0916 6.14835 14.0279 24.8417 5.98616 60.1509 14.0519 44.3745 5.17388 90.1218 8.43827 52.8706 236.745 56.0214 19.1454 125.963 114.047 168.034 7.62117 2.50382 23.4784 13.6082 27.5898 5.96722 0.00000320473 37.9201
-67.4566 45.0916 6.14835 27.0938 13.5557 5.86437 60.1509 14.8054 45.6174 5.17388 90.1218 8.43827 50.1995 236.745 56.572 19.1454 125.963 114.047 168.034 12.8856 0.926517 19.2139 42.8693 40.3538 19.2472 0.00000305908 41.6527
-66.295 45.0916 6.14835 27.0938 13.5557 5.86437 70.8156 13.9713 45.6174 5.17388 80.3472 8.43827 50.1995 236.745 55.6824 19.1454 125.963 114.047 168.034 15.9588 0.926517 15.9526 13.3046 41.4488 19.2472 0.00000229066 39.8134
-66.295 45.0916 6.14835 22.9276 13.5557 7.47932 68.5017 14.5045 45.6174 5.17388 80.3472 8.43827 51.223 236.745 55.6824 19.1454 125.963 114.047 168.034 15.9588 3.32838 10.544 13.3046 41.4488 19.2472 0.0000000954858 38.2885
-66.295 45.0916 6.14835 19.0423 13.5557 7.53626 68.5017 19.3284 49.9548 5.17388 46.8618 8.43827 76.3298 236.745 63.2153 19.1454 125.963 104.511 168.034 13.8327 3.32838 9.09936 13.3046 45.9852 19.2472 0.0000000954858 37.2159
-65.6741 50.9742 8.02557 5.79085 13.5557 7.54113 58.5301 19.3284 49.9548 5.17388 46.8618 37.3811 76.3298 231.354 63.2679 19.1454 125.963 108.35 168.034 11.2362 6.85546 12.194 3.65215 44.0042 19.2472 0.00000700538 36.8593
-65.6475 48.7111 3.62162 15.2786 13.5557 7.54113 58.5301 18.0078 49.9548 5.17388 46.8618 30.8184 76.3298 231.354 63.2679 19.1454 125.963 108.35 168.034 16.625 6.85546 4.63543 3.65215 46.7027 42.4582 0.0000205612 41.2778
-66.3769 48.7111 3.62162 14.1323 11.8924 5.24971 53.4159 18.6447 49.9548 5.38399 62.8128 30.8184 72.1863 231.354 71.7254 14.6473 125.963 114.643 142.248 17.034 25.0144 4.63543 76.6814 44.8885 35.7063 0.00000033019 38.2745
-65.8185 36.8317 15.4195 16.258 11.6782 5.24971 53.4159 18.6447 49.9548 5.38399 62.8128 30.8184 72.1863 231.354 71.7254 14.6473 125.963 114.643 142.248 17.034 25.0144 4.63543 2.85239 44.8885 136.918 0.00000033019 38.7947
-64.9147 37.0875 22.1246 5.99695 13.0412 5.24971 51.1915 20.4459 49.9548 5.38399 62.8128 30.8184 72.1863 231.354 74.0934 14.6473 125.963 114.643 142.248 10.6698 25.0144 4.63543 6.42101 45.9253 38.6743 0.00000033019 35.6639
-64.7125 37.0875 22.1246 7.05707 13.0412 5.24971 50.9174 19.2505 49.9548 5.38399 62.8128 30.8184 72.1863 231.354 74.0934 14.6473 125.963 114.643 142.248 15.4347 19.3501 4.63543 37.515 33.7203 29.8905 0.00000033019 35.6405
-67.3872 37.0875 21.8888 7.05707 13.9976 5.24971 50.9174 19.2505 49.9548 5.38399 62.8128 30.8184 71.3266 231.354 74.0934 14.6473 126.786 114.643 142.248 10.2272 13.7757 7.11658 20.7997 33.7203 29.8905 0.00000033019 35.1554
-66.6039 37.0875 21.7307 7.05707 12.8378 6.19275 50.9174 22.0473 56.8003 5.38399 62.8128 30.8184 71.3266 229.002 65.7839 14.6473 126.786 114.643 145.785 8.49011 13.7115 7.11658 24.0409 24.7257 29.6504 0.00000033019 34.0934
-66.5129 37.0875 23.888 6.89106 12.8378 6.19275 53.6805 19.2073 56.8003 5.38399 62.8128 30.8184 70.7656 229.002 65.7839 14.6473 126.786 114.643 145.785 8.13236 13.6614 15.1397 24.0409 24.0703 18.5267 0.00000033019 32.7281
-66.708 37.0875 23.1782 6.89106 13.168 6.44044 53.6805 20.1933 56.8003 5.38399 62.8128 30.8184 70.7656 229.002 65.7839 6.79943 126.786 114.643 145.785 2.58288 14.91 30.2092 24.9041 36.6356 18.5267 0.00000033019 38.0918
-66.6127 37.0875 21.1036 8.80181 13.168 4.78137 53.6805 20.1933 56.8003 5.95023 62.8128 30.8184 70.7656 229.002 67.6106 6.7576 126.786 112.913 149.891 2.58288 14.91 30.2092 22.2191 9.44567 58.216 0.00000033019 36.1164
-67.8898 37.0875 22.237 8.80181 13.168 4.78137 53.6805 20.1933 56.8003 29.6486 39.9104 30.8184 70.7656 229.002 67.6106 6.7576 126.786 112.913 149.891 2.58288 12.1721 17.3946 22.8103 143.128 6.46922 0.00000033019 38.0362
-67.3412 37.6392 22.9054 14.2324 6.9991 0.680555 46.7364 14.8991 56.8003 29.6486 42.7846 30.8184 70.7656 229.002 67.6106 18.6616 126.786 121.134 149.891 0.41487 12.1721 30.2431 28.4445 75.5992 1.7864 0.00000033019 38.5075
-67.4205 37.6392 22.6105 14.6749 6.9991 0.680555 51.3947 23.554 55.2814 29.6486 42.7846 26.7802 70.7656 229.002 45.7147 18.6616 134.697 111.828 163.159 3.04373 9.11519 30.2431 43.4592 56.2875 2.97588 0.00000341419 41.8565
-65.2718 37.6392 21.8345 17.0103 6.9991 0.680555 47.2771 23.554 49.8826 23.7266 44.6189 26.7802 89.5207 229.002 39.0196 18.6616 134.697 80.5 165.362 35.791 9.11519 30.2431 43.4592 55.8353 6.66909 0.0000365709 47.6547
-65.2718 37.6392 20.3498 16.6068 6.9991 3.04061 47.2771 23.554 49.8826 23.7266 44.6189 26.7802 89.5207 229.002 41.2045 18.6616 134.697 80.5 165.362 26.8372 9.11519 30.2431 22.642 64.0398 7.42324 0.0000334106 44.8088
-65.7423 37.6392 20.3498 16.6068 6.9991 2.2232 47.2771 24.3901 49.8826 22.3675 44.6189 26.7802 89.5207 229.002 33.5494 63.7203 108.128 80.5 165.362 26.8372 8.07325 18.7259 22.642 64.0398 7.42324 0.0000334106 43.0135
-64.4786 37.6392 20.3498 16.5564 6.9991 2.2232 53.3606 12.939 49.8826 22.3675 44.6189 26.7802 89.5207 229.002 33.5494 63.7203 107.873 80.5 165.362 26.8372 4.71288 18.7259 36.3223 106.104 3.10696 0.0000339839 46.7338
-62.6777 57.3307 19.1536 16.9163 1.95388 0.447706 53.3606 9.2269 52.569 11.9222 21.1268 17.1158 102.154 229.002 79.0974 18.6699 143.131 90.5943 165.362 8.13841 5.16559 22.3319 22.4936 63.4332 111.377 0.0000316311 51.6212
-65.6103 57.3307 18.8137 15.3508 1.95388 2.8416 53.3606 9.2269 52.569 11.9222 21.1268 17.1158 102.154 229.002 79.0974 18.6699 143.131 90.5943 163.69 8.13841 5.16559 22.2685 21.8584 5.57706 51.2618 0.0000315613 46.2896
-65.317 57.3307 18.8137 15.3508 1.95388 3.12927 53.3606 9.2269 52.569 11.9222 21.1268 17.1158 102.154 229.002 79.0974 18.6699 143.131 90.5943 163.69 8.13841 4.99376 22.2685 21.8584 34.3502 24.1231 0.0000315613 45.1765
-65.317 57.3282 18.8137 15.3508 2.47156 3.12927 53.3606 9.2269 52.569 11.9222 21.1268 17.1158 102.154 229.002 79.0974 18.6699 143.131 90.5943 163.69 5.30805 4.99376 19.5625 21.8584 39.7753 5.1924 0.0000316946 45.2309
-65.317 57.3282 18.8137 14.6915 2.13888 3.33418 52.711 9.2269 52.569 11.9222 29.5651 17.1158 102.154 229.002 79.0974 18.6699 123.984 87.8754 163.69 5.72137 4.99376 15.6681 29.1097 42.6333 13.2464 0.0000316946 43.6696
-65.3446 57.3282 19.1993 14.6915 2.13888 3.88499 52.711 9.2269 52.569 11.9222 29.5651 17.1158 102.154 229.002 79.0974 18.6699 123.984 87.8754 163.69 25.7798 10.4329 15.6681 29.1097 41.754 10.1131 0.0000312759 44.1241
-65.6283 57.3282 15.8037 14.9099 2.13888 4.16063 52.711 9.2269 52.569 11.9222 29.5651 17.1158 103.941 229.002 79.6601 18.6699 123.984 87.8754 163.69 24.7701 10.4329 20.5351 32.7524 68.8678 13.9018 0.0000306202 45.4537
-65.6283 57.3282 15.8037 15.8598 2.13888 4.16063 52.711 9.2269 52.569 11.9222 29.5651 17.1158 103.941 229.002 79.6601 18.6699 123.984 87.8754 163.69 15.1716 10.4329 20.3523 32.7524 85.9265 23.2289 0.0000307147 44.1685
-65.3374 52.078 14.1689 16.4305 2.13888 4.16063 52.711 18.7841 45.9486 11.9222 29.5651 17.1158 96.8216 229.002 79.6601 14.0088 137.071 87.8754 163.69 15.1716 17.0803 19.6733 20.0266 98.7858 55.5778 0.000030759 49.6113
-64.0396 51.6819 13.4417 17.6062 2.74466 4.16063 54.2303 18.7841 45.9486 11.9222 29.5651 17.1158 96.8216 229.002 79.6601 14.2828 137.071 87.8754 163.69 13.5787 16.5625 20.1538 46.572 22.4177 46.1609 0.0000308881 47.5076
-66.6902 46.1348 13.4417 16.5752 14.738 1.68424 54.2303 18.7841 45.9486 11.9222 29.5651 17.1158 96.8216 229.002 84.2588 14.2828 137.071 87.8754 163.69 4.71845 22.459 8.96112 43.637 22.4177 46.1609 0.0000310396 48.2139
-68.1503 47.7304 3.18063 16.5752 16.5337 1.42398 54.2303 18.7841 45.9486 19.0187 29.5651 17.1158 96.8216 229.002 84.2588 14.2828 137.071 87.8754 163.69 6.22453 27.1844 5.53697 66.8703 28.8754 29.5637 0.0000310396 47.7269
-64.9 47.7304 3.18063 17.0452 16.5337 1.42398 57.833 18.7841 45.9486 19.0187 29.5651 17.1158 96.8216 229.002 65.5203 17.1999 137.071 101.206 163.69 6.50477 25.9852 8.24855 66.8703 15.041 4.05981 0.0000305455 41.8749
-64.9 47.7304 3.18063 17.4238 16.3516 1.42398 55.1043 18.7841 45.9486 19.0187 29.5651 17.1158 96.8216 229.002 65.5203 17.1999 137.071 101.206 163.69 19.591 9.49619 8.24855 66.8703 15.041 42.7226 0.0000299495 42.3586
-64.8678 47.7304 3.18063 19.2626 13.6577 1.42398 55.1043 18.7841 46.0633 19.0187 29.5651 17.1158 96.8216 229.002 66.9779 17.1999 130.36 102.374 179.623 20.2084 3.73735 8.24855 39.4588 15.041 42.7226 0.0000300818 41.8477
-64.634 47.7304 3.18063 19.2626 13.6577 1.42398 55.1043 18.7841 46.0633 19.0187 29.5651 17.1158 96.8216 229.002 66.9779 17.1999 130.36 102.374 179.623 14.7738 3.73735 11.2059 39.4588 15.041 28.3669 0.0000289367 41.2343
-64.634 47.7304 3.18063 19.01 12.1035 1.42398 55.1043 18.7841 46.0633 19.0187 29.5651 17.1158 96.8216 229.002 68.103 17.1999 130.36 102.374 179.623 7.88491 3.73735 20.2088 23.6397 15.041 15.6755 0.000011384 39.3747
-65.2354 47.7304 3.18063 19.01 8.02178 9.13221 55.1043 18.7841 46.0633 19.0187 29.5651 17.1158 96.8216 229.002 71.5846 17.1999 130.36 102.374 179.623 7.88491 3.73735 7.0847 21.708 5.80175 80.565 0.0000108242 39.3303
-66.8338 47.7304 3.18063 19.01 8.02178 9.13221 55.1043 18.7841 46.0633 19.0187 26.1931 17.1158 96.8216 229.002 71.5846 17.1999 130.36 102.374 179.623 13.4158 4.88686 7.0847 21.708 5.80175 1.54371 0.0000108242 38.6928
-65.3303 47.7304 3.18063 19.6678 8.36393 9.13221 55.1043 22.2407 46.0633 12.8612 26.1931 17.1158 96.8216 229.002 71.5846 17.1999 130.36 102.374 179.623 13.4158 4.88686 1.14738 21.708 5.80175 24.4948 0.0000127944 40.4781
-65.6015 47.7304 3.18063 18.8122 8.36393 7.22749 55.1043 22.2407 46.0633 12.8612 26.1931 17.1158 96.8216 229.002 71.5846 17.1999 130.36 108.947 179.623 13.4158 4.88686 4.23742 21.708 36.4866 15.3687 0.00000819896 40.0504
-66.2076 47.7304 11.9654 11.3631 8.10745 8.60772 55.1043 32.7381 46.0633 12.0858 26.1931 17.1158 107.638 222.396 71.5846 17.1999 111.031 108.947 179.623 11.3951 9.11632 2.74886 22.0042 15.1195 17.4982 0.00000819896 41.1266
-67.6878 39.3105 16.0056 11.3631 6.51228 14.0474 48.502 30.8624 46.0633 12.0858 32.2431 17.1158 107.638 222.396 73.3949 17.1999 111.031 108.947 179.623 14.9892 10.2224 2.41923 21.8191 13.4867 48.574 0.00000819896 39.1713
-65.3292 39.3105 18.2905 11.3631 6.07463 12.1325 48.502 30.8624 46.0633 12.0858 32.2431 17.1158 107.638 222.396 73.3949 17.1999 111.031 108.947 179.623 14.9892 10.2224 1.16044 21.1665 19.9502 48.0671 0.0000148178 39.2854
-64.5233 32.959 21.0544 11.0494 6.07463 14.8734 48.502 30.8624 46.0633 12.0858 32.2431 17.1158 107.638 222.396 73.3949 17.1999 111.031 108.947 185.815 14.4053 2.90009 5.97375 21.1665 31.0273 49.6454 0.0000141313 40.0946
-65.435 32.959 21.3524 10.6527 7.85757 15.2782 48.502 30.8624 46.0633 11.0094 32.2431 10.6452 114.954 216.894 73.3949 17.1999 111.031 108.947 185.815 14.4053 2.90009 6.45018 23.8456 10.7101 58.1369 0.0000121226 40.8686
-66.1309 33.4186 21.3524 15.1069 4.42987 13.8782 46.6931 30.8624 42.099 7.60697 47.7912 10.6452 124.137 216.894 73.3205 17.1999 106.262 108.947 185.815 9.112 5.0041 4.67613 24.07 10.7101 94.2821 0.0000153971 42.1987
-67.2533 33.4186 19.7205 15.1069 2.54117 13.1615 46.6931 30.8624 40.9607 7.60697 47.7912 10.6452 124.137 216.894 76.212 17.1999 106.262 108.947 185.815 9.15181 5.5171 4.51681 14.9176 5.41279 104.826 0.0000113811 43.8947
-63.4523 31.4745 24.9111 15.1069 2.54117 13.8621 42.7391 30.8624 40.9607 7.60697 47.7912 10.6452 124.137 216.894 75.5063 17.1999 98.6178 108.947 185.815 13.7623 5.5171 6.10313 24.8778 60.5279 10.0478 0.0000128264 44.5339
-63.0246 30.0218 25.8766 11.9274 2.54117 15.4672 42.7391 32.2272 46.1932 7.60697 47.7912 10.6452 124.137 216.894 82.1975 17.1999 110.137 82.67 185.815 13.0651 2.40184 20.9956 16.0155 28.1778 40.4203 0.0000223028 43.9014
-68.2388 30.0218 25.6386 11.9274 1.31221 19.1918 42.7391 32.2272 46.1932 7.60697 47.8983 10.6452 124.137 216.894 79.5682 13.1205 110.137 82.67 185.815 17.1121 2.40184 16.4004 7.56029 24.1432 19.966 0.0000259943 41.4714
-68.0956 29.7444 25.7291 10.8294 1.31221 19.4356 38.0984 32.9428 46.1932 7.60697 51.9042 10.6452 124.137 216.894 79.5682 9.68178 115.618 82.67 185.815 17.6218 2.55754 11.3304 5.05961 12.297 42.9832 0.0000215169 42.7484
-63.8422 29.7444 24.0042 10.4097 1.31221 19.4119 38.0984 32.9983 46.1932 7.60697 51.9042 10.6452 124.137 216.894 79.5682 9.68178 115.618 82.67 185.815 10.5503 2.55754 16.0984 9.27992 19.8619 40.2272 0.0000215169 44.7269
-66.4456 32.3439 24.7198 11.0432 1.91402 19.4119 38.0984 32.9983 46.1932 10.7105 51.9042 10.6452 124.137 216.894 79.5682 6.16708 115.618 82.67 185.815 10.2466 2.55754 16.0984 16.74 19.8619 40.2272 0.0000161595 42.0559
-68.9514 29.8407 26.6692 8.35567 9.14321 20.547 38.0984 33.3981 46.1932 10.7105 51.9042 10.6452 124.137 207.189 71.9576 11.09 115.618 82.67 183.001 10.2466 5.11506 20.05 52.0763 21.3963 56.3282 0.00000647903 45.9876
-66.7654 26.2567 26.1987 14.9169 9.14321 23.2583 38.4068 34.2184 39.512 3.72685 51.9042 10.6452 124.137 207.189 81.2388 11.09 115.618 74.3499 190.675 22.9914 1.83675 16.8499 55.3045 9.7741 79.2864 0.00000524393 42.2788
-66.4075 26.6726 24.5917 14.9169 9.14321 23.2855 38.1603 34.2184 39.512 3.72685 51.9042 10.6452 124.137 207.189 72.8682 29.3241 115.618 74.3499 190.675 9.24526 3.16151 15.7111 47.3372 70.4635 80.2819 0.0000224992 44.1745
-67.4408 26.6726 24.5917 14.9169 9.14321 23.2855 38.1603 29.007 39.512 3.72685 51.9042 10.6452 124.137 207.189 72.8682 29.3241 115.618 74.3499 190.675 13.6867 3.16151 15.7111 47.3372 72.0468 86.5957 0.0000162837 43.5417
-66.8822 29.0759 25.7529 14.9169 9.14321 23.2855 35.7126 28.3796 39.512 3.72685 51.9042 10.6452 124.137 207.189 72.7711 29.3241 115.618 74.3499 190.675 14.742 6.83802 15.7111 28.5216 72.0468 91.9092 0.0000233982 44.5021
-66.8822 29.0759 25.374 14.9169 7.75856 23.5735 35.7126 28.3796 39.512 3.72685 51.9042 10.6452 124.137 207.189 72.7711 29.3241 115.618 74.3499 190.675 14.742 6.83802 15.7111 28.5216 63.1986 102.203 0.0000240818 45.4309
-66.0897 28.3052 24.7196 16.2409 8.41635 23.0205 35.7126 27.7872 35.5196 3.72685 53.7851 10.6452 124.137 207.189 76.2198 29.3241 115.618 74.3499 192.676 12.4265 6.83802 15.126 28.5216 85.5061 90.59 0.0000240818 45.3762
-66.8931 28.0751 10.7786 19.3167 8.14185 23.0722 39.4972 39.0487 45.5107 3.72685 53.7851 10.6452 124.137 207.189 76.2198 29.3241 115.618 74.3499 181.39 10.891 6.83802 12.8114 59.4789 9.92059 90.59 0.0000223736 44.5316
-66.8456 32.8338 10.9932 19.5204 8.63769 23.0722 41.1189 35.3878 45.5107 3.72685 53.7851 10.6452 124.137 207.189 76.2198 25.4728 102.876 74.3499 181.39 16.9306 11.4888 15.1717 36.1843 29.8741 94.6666 0.00000351896 41.4528
-65.3515 32.8338 5.60606 19.0514 6.74238 21.0912 41.1189 35.7401 46.773 3.72685 53.7851 10.6452 124.137 207.189 90.3389 25.4728 102.876 74.3499 181.39 18.7477 11.9009 4.56828 30.345 29.8741 61.9483 0.00000351896 41.9729
-66.6013 30.4623 7.9294 16.426 6.83528 22.5087 47.0137 35.5236 46.773 3.72685 53.7851 10.6452 124.137 207.189 79.7116 25.4728 105.934 74.3499 181.39 18.2954 7.75321 5.66587 59.2863 65.6991 40.0332 0.00000413825 44.4085
-68.6032 28.0796 7.08832 15.8768 8.48513 30.4151 43.6043 38.3321 33.8532 9.83536 39.9564 10.6452 119.205 207.189 108.769 16.7897 105.934 74.062 195.357 6.44932 10.4725 8.77308 113.088 65.6991 39.2839 0.00000413825 42.5623
-67.9685 27.0492 6.4583 17.4905 9.16873 30.4151 43.6043 35.7802 33.8532 22.6759 39.9564 10.6452 119.205 207.189 82.6421 16.7897 105.934 74.062 195.357 12.2434 6.46247 2.56448 113.088 65.6991 37.6151 0.00000413825 41.8457
-65.0216 28.3307 6.4583 15.4215 8.03213 22.5965 43.6043 36.5726 37.0359 22.6759 39.9564 10.6452 119.205 204.3 82.1127 16.7897 127.899 74.062 195.357 3.94482 15.797 12.1972 118.528 9.43743 51.6377 0.00000413825 43.4437
-65.373 28.0939 5.34464 15.4215 8.34848 28.8091 43.6043 36.7464 39.9114 22.6759 39.9564 10.6452 119.205 204.3 76.3211 16.7897 119.268 74.062 195.357 4.43287 15.797 12.1972 115.917 20.8379 51.6377 0.00000413825 39.7928
-66.9623 27.5293 5.97643 15.4215 12.2316 28.8091 43.6043 37.0652 36.1489 22.6759 40.1914 11.5564 118.166 204.3 76.3211 20.1574 119.268 74.062 195.357 4.43287 5.85839 12.1703 113.208 4.76236 78.9418 0.00000413825 40.9891
-66.0708 27.8645 4.4319 13.8436 12.2316 28.8091 40.1233 38.6119 31.3895 22.6759 40.1914 11.5564 118.166 204.3 89.7026 20.1574 115.025 74.062 195.357 17.0721 5.85839 6.65585 113.014 26.3846 78.9418 0.00000413825 40.5685
-67.4526 27.8645 4.4319 13.8436 12.8173 26.9159 39.2049 38.8914 31.3895 22.6759 40.1914 11.5564 118.166 204.3 89.7026 20.1574 115.025 74.062 195.357 11.5661 5.85839 13.2559 114.337 7.25084 98.1922 0.00000413825 41.1326
-67.4526 28.3723 4.4319 13.8436 12.6463 32.0918 39.2049 39.0066 31.3895 22.6759 40.1914 11.5564 118.166 204.3 83.0434 20.697 115.025 74.062 195.357 14.6297 4.85787 13.2559 106.267 7.25084 97.4417 0.00000413825 40.1784
-67.4526 29.0826 4.4319 14.259 12.6463 30.73 39.2049 40.7795 31.3895 22.6759 40.1914 11.5564 118.166 204.3 83.0434 20.697 115.025 74.062 195.357 9.39753 4.85787 13.9624 107.624 41.4289 62.0402 0.00000704462 40.2107
-67.4526 29.3708 4.4319 14.259 18.3804 30.73 37.3459 37.9433 31.3895 22.6759 40.1914 11.5564 118.166 204.3 83.0434 20.697 115.025 74.062 195.357 9.39753 4.85787 23.1664 108.304 52.5666 11.348 0.00000647189 42.3207
-67.4526 29.4504 4.4319 14.259 18.3804 30.73 37.9228 43.727 22.0874 22.6759 40.1914 11.5564 59.8584 268.555 83.0434 20.697 115.025 74.062 195.357 9.39753 4.85787 23.1664 93.0606 43.2919 27.2202 0.00000598317 42.3976
-61.9902 27.9276 3.88178 13.295 17.286 42.1177 39.3081 41.8499 36.8023 22.6759 34.4686 11.5564 59.8584 268.555 64.6018 52.4329 84.1894 74.062 195.357 7.1412 5.38887 16.1456 58.0265 43.2919 68.2156 0.000000874701 44.8473
-63.2337 29.5335 6.58618 2.34675 19.2906 42.1177 42.6152 41.8499 36.8023 22.6759 34.4686 11.5564 59.8584 268.338 64.1631 50.458 84.1894 74.062 195.357 15.0934 3.48781 22.9057 58.0265 43.2919 32.4462 0.00000133596 41.332
-65.3506 23.496 6.58618 2.34675 19.2906 42.1177 42.6152 42.9826 36.8023 22.6759 34.4686 11.5564 53.7708 268.338 73.1955 50.458 84.1894 74.062 195.357 16.0006 3.48781 26.6617 126.372 2.43249 46.9159 0.00000133596 42.8498
-66.1756 19.7128 6.81677 2.34675 20.6501 42.1177 42.6152 42.9826 22.3641 22.6759 34.4686 11.5564 53.7708 276.43 82.0793 50.458 84.1894 74.062 195.357 16.0006 3.48781 24.9329 83.7537 42.7263 54.207 0.000000627154 37.1914
-66.1756 19.7128 6.81677 2.34675 20.6501 42.1177 42.6152 42.9826 22.3641 22.6759 34.4686 11.5564 53.7708 276.43 82.0793 50.458 84.1894 74.062 195.357 16.0006 3.48781 12.5435 83.7537 42.7263 54.207 0.00000103826 37.0715
-65.4667 19.7128 7.99829 2.34675 20.6501 42.1177 48.1136 42.9826 25.344 17.0221 34.4686 11.5564 53.7708 276.43 79.211 50.458 84.1894 74.062 195.357 16.5538 3.48781 12.5435 124.372 108.108 44.2425 0.00000363113 40.7207
-65.4923 19.7128 7.99829 2.34675 20.6501 42.1177 48.1136 42.9826 25.344 11.8204 34.4686 11.5564 53.7708 276.43 83.7321 50.458 84.1894 74.062 195.357 16.5538 3.48781 3.65923 121.877 38.0976 141.459 0.00000363113 42.5523
-65.4144 17.4973 10.5637 20.0878 18.8237 20.4167 51.0857 37.5806 25.344 28.3962 34.4686 11.5564 53.7708 276.43 83.7321 50.458 79.7697 74.062 188.334 16.5538 0.488888 3.65923 147.322 31.9158 60.004 0.00000363113 42.3665
-65.1085 17.4973 10.5637 22.4594 18.8237 20.4167 52.7518 37.6633 21.6104 28.3962 34.4686 11.5564 53.7708 276.43 83.7321 50.458 79.5265 74.062 188.334 6.43288 8.09963 4.80349 88.7341 24.7396 102.584 0.00000363113 40.1667
-64.0226 17.4973 10.5637 24.7919 18.8237 17.1709 52.7518 48.6271 23.8076 28.3962 18.7657 11.5564 53.7708 276.43 83.7321 50.458 79.5265 74.062 188.334 6.43288 8.09963 4.80349 5.03951 31.5733 102.584 0.00000325534 42.7807
-67.235 17.1399 10.5637 24.7919 18.8237 17.1709 52.7518 48.6271 24.8872 43.1685 9.61444 11.5564 53.7708 276.43 83.7321 50.458 79.5265 74.062 188.334 12.4911 3.57017 0.825228 8.26548 28.4521 86.4117 0.00000466139 43.5617
-62.8365 13.7187 12.5823 25.1641 16.2406 19.7872 52.7518 43.6767 24.3758 43.1685 9.61444 14.408 56.5771 278.57 83.7321 48.639 79.5265 74.062 188.334 15.7058 4.97919 10.223 12.2246 27.1813 75.5194 0.00000675532 41.1033
-67.4604 13.7187 12.5823 26.0004 17.0676 17.7129 52.7518 43.6767 24.3758 43.1685 9.61444 14.408 56.5771 278.57 83.7321 48.639 79.5265 74.062 188.334 15.7058 18.6182 3.81905 27.3935 23.9281 63.1179 0.00000675532 38.9906
-62.6712 13.7187 12.5823 26.0004 17.0676 17.7129 52.7518 43.6767 24.3758 43.1685 9.61444 14.408 56.5771 278.57 83.7321 48.639 79.5265 74.062 188.334 14.3361 14.3076 3.81905 37.7485 6.03055 63.1179 0.00000624375 41.1059
-62.2681 13.7187 13.4183 26.0004 16.4942 16.4978 52.7518 43.6767 24.3758 43.1685 9.61444 14.408 56.5771 278.57 83.7321 48.639 79.5265 74.062 188.334 14.9321 14.3076 12.2547 37.7485 12.4566 45.5151 0.00000624375 41.5211
-62.2681 13.7187 13.4183 26.0004 16.4942 16.4978 52.7518 43.6767 24.3758 43.1685 9.61444 14.408 56.5771 278.57 83.7321 48.639 63.5219 77.8826 188.334 14.9321 13.0006 22.3494 37.7485 12.4566 45.5151 0.00000721232 46.2943
-65.0934 17.2071 13.1552 22.7683 16.4942 19.9236 52.7518 43.6767 24.799 43.1685 9.61444 14.408 56.5771 278.57 83.7321 48.639 63.5219 77.8826 187.282 14.0802 15.2723 22.3494 54.0193 8.53546 23.8105 0.00000977074 42.9634
-66.4149 16.9902 11.4394 22.0695 16.4942 20.1085 47.6811 43.6767 29.0233 43.1685 15.7368 10.8477 53.967 278.57 75.8842 58.9316 63.5219 77.8826 187.282 12.1538 21.4787 17.7754 54.8589 8.53546 23.8105 0.0000123893 43.6257
-66.9511 19.0286 9.72683 22.0695 15.9351 20.1085 46.4529 43.6767 29.0233 11.9345 15.7368 40.4424 57.7131 278.57 75.8842 58.9316 62.5666 74.567 187.282 9.86585 21.4787 21.1953 26.9819 8.53546 7.48849 0.0000123893 41.4653
-66.5681 19.8207 9.72683 23.0263 17.2946 20.1085 46.4529 40.9036 29.0233 11.9345 15.7368 46.5819 57.7131 278.57 76.9377 58.9316 62.5666 74.567 187.282 9.86585 15.7576 19.28 14.0433 40.6147 15.7102 0.0000123893 39.1647
-66.5681 20.3857 7.79132 23.0263 18.4248 20.1085 33.6924 41.0704 41.4595 11.9345 15.7127 46.5819 57.7131 278.57 72.5603 58.9316 62.5666 74.567 187.282 13.4477 15.0188 18.8316 5.20601 40.3867 46.4179 0.00000292967 39.9695
-65.8248 19.5702 3.28641 23.0263 18.3892 27.421 32.5187 41.0704 41.4595 11.9345 15.7127 46.5819 57.7131 278.57 77.9782 58.9316 62.5666 74.567 187.282 9.60794 16.0513 16.5118 5.20601 34.3684 35.5445 0.000000180834 35.8317
-66.3268 16.5756 3.28641 22.9609 18.7338 27.421 38.0442 39.1471 41.4595 11.9345 15.7127 46.5819 57.7131 277.527 84.6909 58.9316 62.5666 74.567 187.282 10.1586 0.973934 16.5118 39.5994 31.3774 35.5445 0.000000239823 35.4089
-65.3969 17.8749 3.28641 22.1114 18.6366 26.4194 38.1095 39.1471 40.7274 11.9345 15.7127 46.5819 57.7131 277.527 84.6909 58.9316 62.5666 74.567 187.282 5.50655 5.10293 23.0483 2.76322 26.9767 37.5052 0.000000239823 35.1697
-68.04 20.6969 6.74324 22.8007 18.635 19.8988 42.4566 34.3814 40.7274 11.9345 34.0233 42.4205 57.7131 271.984 76.1439 61.8008 56.6135 74.567 187.282 6.96512 5.10293 21.2612 35.7813 10.2145 39.1663 0.000000239823 38.8808
-67.6528 17.9887 5.36282 22.8007 18.6303 19.8988 43.8001 36.3097 40.7274 11.9345 34.0233 39.8412 42.7036 271.984 76.1439 82.5538 56.6135 74.567 187.282 7.98894 5.06473 20.9382 35.1827 2.43706 20.5256 0.000000239823 36.7047
-64.1239 17.9887 5.84564 25.6675 18.5489 34.3315 27.0452 36.3097 40.7274 11.9345 34.0233 39.8412 42.7036 271.984 76.1439 82.5538 55.9572 74.567 187.282 7.94295 10.3961 23.1475 46.053 11.1363 11.0524 0.000000239823 34.7995
-64.1664 17.9887 5.84564 26.4417 18.9597 34.3315 27.0452 36.3097 38.6285 11.9345 34.0233 40.7841 42.7036 271.984 76.1439 80.9455 57.16 74.567 187.282 14.9476 6.13014 22.2654 31.235 12.5491 11.0524 0.0000000165578 33.672
-64.1664 17.9887 5.84564 26.5587 18.8242 34.3315 27.0452 36.3097 38.6285 11.9345 34.0233 40.7841 42.7036 271.984 76.1439 80.9455 57.16 74.567 187.282 14.9476 6.65319 19.159 56.1415 12.5491 11.0524 0.0000000165578 33.8851
-64.1664 17.9887 5.84564 26.5587 18.7268 34.3315 29.2818 36.3097 38.6285 11.9345 34.0233 40.7841 42.7036 271.984 76.1439 80.9455 57.16 76.5056 190.145 14.9476 6.67137 3.93077 38.6711 12.5491 11.0524 0.0000000165578 33.9166
-64.3981 15.5738 5.84564 26.5587 18.7796 33.2724 29.2818 36.3097 38.6285 11.9345 34.0233 40.7841 42.7036 271.984 76.1439 80.9455 57.16 76.5056 190.145 14.9476 6.67137 3.93077 42.8147 12.5491 77.9546 0.0000000165578 34.8628
-64.3981 15.5738 5.84564 26.5587 18.3236 33.2724 29.2818 49.0309 34.4439 11.9345 34.0233 40.7841 42.7036 271.984 76.1439 80.9455 50.0405 76.5056 190.145 11.9433 6.3475 3.93077 53.9774 11.0923 41.2086 0.0000000165578 34.1082
-63.4075 15.5738 5.84564 26.5587 18.3236 33.2724 29.2818 45.092 33.0913 11.9345 34.0233 40.7841 42.7036 271.984 76.1439 90.7841 48.0062 76.5056 190.145 19.2374 6.34579 3.93077 41.4584 39.3343 37.6817 0.0000000165578 35.9849
-63.4075 15.5738 5.84564 26.5587 19.1077 33.3099 23.4492 44.1887 33.0913 11.9345 38.1838 40.7841 42.7036 271.984 76.1439 90.7841 53.1365 76.5056 190.145 19.2374 6.938 3.93077 17.0855 54.7549 47.515 0.0000000165578 37.3064
-63.9477 12.7851 12.323 22.1695 11.7189 33.3099 39.5717 40.8812 34.1865 6.8833 42.2933 40.7841 38.6825 271.984 58.48 90.7841 52.04 76.5056 190.145 28.323 3.4477 3.93077 44.3438 32.5375 151.524 0.0000000165578 39.8467
-63.5633 5.07726 8.90102 25.7876 9.24656 33.3099 51.8874 39.0529 34.0011 10.0968 42.2933 40.7841 38.3061 279.371 58.48 90.7841 46.0188 76.5056 190.145 28.323 3.12963 3.93077 21.2371 28.8536 147.858 0.0000000165578 41.1835
-65.6887 5.07726 12.6799 29.095 9.24656 35.0708 48.2459 39.8999 34.0011 10.0968 42.2933 33.3129 38.3061 279.371 55.1184 94.5198 43.4044 76.5056 181.424 21.7277 3.12963 3.93077 16.9904 26.4189 131.764 0.0000000165578 36.1257
-65.284 5.07726 13.1367 28.708 9.24656 35.0708 48.2459 39.8999 34.0011 10.0968 42.2933 33.3129 34.0864 279.371 55.1184 93.7496 43.4044 76.5056 206.807 24.7227 5.73631 3.93077 16.886 23.3447 7.77597 0.0000000165578 31.6141
-65.0519 5.07726 13.1367 28.9694 8.40925 35.0708 48.2448 39.8999 34.0011 9.09152 42.6615 33.3129 34.1029 279.371 55.1184 105.723 36.8318 76.5056 206.807 24.7227 3.15922 3.93077 5.69545 16.2158 10.0043 0.0000000165578 31.541
-65.0519 5.07726 11.9671 30.7422 8.40925 35.0708 48.2448 39.8999 34.0011 9.09152 42.6615 35.7681 34.1029 279.371 63.9795 105.723 27.9425 76.5056 206.807 3.68022 16.8522 3.93077 12.3409 17.3615 50.3653 0.0000000165578 31.8884
-64.9804 5.07726 12.0453 30.4746 7.44977 35.0708 48.2448 39.8999 27.5364 9.09152 42.6615 35.7681 34.1029 279.371 86.1905 98.8931 27.9425 76.5056 206.807 11.4218 9.94485 1.17823 15.8402 21.637 6.26128 0.0000000165578 33.6601
-65.368 5.07726 12.0453 29.6175 10.4633 35.0708 48.2448 38.5266 27.5364 9.09152 42.6615 35.7681 34.1029 279.371 86.1905 88.7017 27.9554 76.5056 206.807 15.1903 9.94485 1.17823 15.8402 3.64864 6.26128 0.0000000165578 31.3974
-67.8522 5.07726 11.8032 29.6175 10.4633 35.0708 48.2448 38.5266 27.5364 9.09152 42.6615 35.7681 34.1029 279.371 86.1905 88.7017 27.9554 76.5056 206.807 0.979011 9.94485 13.0612 36.1341 19.0121 6.26128 0.0000000165578 32.3108
-65.2667 5.91649 12.4301 30.122 8.88307 35.0708 48.2448 38.2894 31.9513 9.09152 42.6615 35.7681 34.1029 279.371 86.1905 88.7017 28.3583 72.4314 206.807 5.25807 9.94485 17.4417 67.8218 19.0121 5.94251 0.0000000165578 32.0271
-65.3037 12.8093 12.4301 30.1591 8.88307 35.0708 47.4345 38.2894 19.7659 9.98513 42.6615 35.7681 34.1011 279.371 86.1905 88.7017 26.9445 72.4314 204.389 5.25807 9.94485 18.6113 7.33227 16.0726 52.0362 0.0000000165578 34.1301
-65.7278 10.3104 11.6245 30.1591 8.88307 42.2473 47.4345 38.2894 17.9785 9.98513 42.6615 35.7681 33.0037 279.371 98.0704 88.7017 26.9445 72.4314 204.389 5.5317 1.09945 21.6811 25.9274 25.2985 99.5022 0.0000000165578 32.7986
-65.8709 9.38252 12.605 30.6992 8.88307 42.2473 47.4345 38.2894 17.9785 9.98513 37.6432 35.7681 33.0037 279.371 98.0704 88.7017 26.9445 72.4314 204.389 6.40661 1.09945 16.8109 25.9274 25.2985 99.4275 0.0000000165578 33.1312
-66.4087 14.4346 12.605 29.0923 8.88307 42.2473 50.9104 38.2894 9.92638 9.98513 35.6532 35.7681 33.0037 279.371 98.0704 88.7017 33.4235 72.4314 204.389 7.38002 2.17053 16.8109 53.0483 25.2985 100.4 0.0000000165578 36.1761
-65.9896 12.4455 11.7102 28.948 8.88307 42.2473 57.5005 38.2894 9.92638 2.23595 31.3801 35.7681 39.1928 279.371 98.0704 88.7017 24.3057 72.4314 204.389 1.96441 19.2488 13.7492 21.3159 14.8629 100.4 0.0000000165578 34.2441
-65.7885 9.50571 11.7773 30.898 12.5499 42.2473 67.3539 38.2894 3.84598 2.23595 30.3102 58.84 33.8685 262.374 98.0704 84.5699 21.2172 72.4314 204.389 3.19267 12.0041 10.2784 32.0262 81.3364 63.3316 0.0000000165578 38.7531
-65.7885 9.50571 11.6921 30.898 9.17581 42.2473 67.3539 38.2894 7.95503 2.23595 33.9849 58.84 34.0621 262.374 98.0704 84.5699 24.7005 72.4314 204.389 3.19267 14.1326 17.234 86.627 4.63423 128.56 0.0000000165578 37.0138
-65.7885 9.50571 11.6921 30.898 9.17581 42.2473 67.3539 35.3028 1.56969 2.23595 40.6731 58.84 34.0621 262.374 98.0704 87.7556 22.668 72.4314 202.464 3.19267 16.6837 17.234 46.3069 4.63423 263.254 0.0000000165578 41.032
-65.2067 5.68921 11.5543 30.898 9.80032 42.2473 67.3539 35.3028 1.72642 12.7093 39.6347 58.84 38.1011 262.374 98.0704 87.7556 4.52905 72.4314 202.464 18.3994 7.09303 13.0444 44.1045 33.2281 201.566 0.0000000165578 44.7696
-64.1042 3.21229 13.838 29.7794 10.089 42.2473 73.5227 35.3028 1.72642 10.1002 33.9691 58.84 38.1011 262.374 98.0704 87.7556 4.52905 72.4314 202.464 16.7585 6.19373 17.1509 66.6692 54.2047 239.892 0.0000000165578 45.8532
-64.1042 2.35828 13.838 33.5216 10.089 42.2473 73.5227 35.3028 1.72642 10.1002 30.9095 58.84 38.1011 262.374 98.0704 87.7556 4.52905 72.4314 202.464 22.4784 7.61068 17.1509 17.6578 55.5247 239.892 0.0000000165578 44.33
-70.2947 2.35828 15.6665 33.5216 10.089 42.2473 73.5227 33.7219 1.72642 8.44525 30.9095 58.84 38.1011 262.374 98.0704 78.3345 33.1207 72.4314 208.87 22.4784 8.87271 22.887 17.6578 11.1161 7.955 0.0000000165578 46.2537
-70.2611 2.55558 18.4237 36.2836 8.40077 40.3419 59.7849 33.7219 1.72642 12.9208 19.6753 58.84 37.1515 262.374 98.0704 78.3345 36.1443 72.4314 208.87 30.9463 7.02828 7.20417 15.5127 11.1161 87.4289 0.0000000165578 46.5701
-66.9624 1.64354 5.80005 36.4211 4.86316 40.3419 59.7849 33.7219 10.7728 12.2903 19.6753 58.84 53.3877 262.374 98.9733 42.7651 69.103 72.4314 208.87 31.5728 8.27917 5.10667 15.5127 11.1161 90.8944 0.0000000165578 44.859
-66.9624 1.64354 10.889 36.4211 4.86316 40.3419 59.7849 45.7632 10.7728 16.126 1.69946 58.84 62.9926 258.09 88.7097 31.0593 77.328 68.1128 221.672 27.6752 8.27917 5.10667 0.301592 11.1161 112.684 0.0000000165578 44.6052
-65.2949 16.7637 10.889 35.4965 3.25405 23.2599 59.7849 45.7632 10.7728 15.097 13.6759 58.84 51.0967 263.761 85.7437 31.0593 77.328 30.2121 221.672 22.0506 22.6267 7.2659 4.27392 11.1161 24.5304 0.0000000165578 41.3003
-65.2949 16.7637 10.0955 35.4965 3.25405 19.2515 59.7849 45.7632 15.525 8.30143 13.6759 58.84 51.0967 263.761 102.287 39.4267 77.328 30.2121 221.672 22.0506 22.6267 7.2659 33.1562 11.1161 24.5304 0.0000000165578 35.2447
-65.2949 16.7637 10.0955 35.4965 3.25405 19.2515 59.7849 45.7632 15.525 8.30143 13.6759 58.84 51.0967 263.761 102.287 39.4267 77.328 30.2121 221.672 22.0506 22.6267 7.2659 33.1562 11.1161 24.5304 0.0000000165578 35.2447
-65.2949 19.6902 7.40113 36.2902 2.92079 23.1481 64.2593 45.7632 10.6502 10.5234 13.6759 58.84 47.217 263.761 102.287 39.4267 76.0029 30.2121 221.672 15.7412 27.7996 7.2659 40.1493 11.1161 24.5304 0.0000000165578 34.568
-65.2949 19.6902 7.40113 36.1373 2.96104 23.1481 64.2593 45.7632 10.6502 10.5234 13.6759 58.84 47.217 263.761 102.287 39.4267 76.0029 30.2121 221.672 15.7412 27.7996 7.2659 40.1493 11.1161 60.727 0.0000000165578 34.78
-65.2949 19.6902 7.40113 35.8603 2.96104 23.1481 64.2593 45.7632 10.6502 10.5234 13.6759 58.84 47.6239 263.761 102.287 39.4267 76.0029 30.2121 221.672 13.837 27.7996 9.28717 40.1493 15.7324 60.727 0.0000000165578 35.0052
-67.126 15.2681 7.40113 36.169 2.96104 27.1917 64.2593 45.7632 7.7723 10.5234 13.6759 58.84 47.6239 263.761 102.287 39.4267 76.0029 30.2121 221.672 15.4284 27.7996 20.9163 54.3265 15.7324 10.7919 0.0000000165578 40.803
-67.1815 15.2681 7.2272 37.1328 4.13767 27.1917 64.2593 45.7632 8.48003 16.2955 13.6759 58.84 47.6239 255.986 102.287 39.4267 66.9235 30.2121 221.672 12.5194 25.2885 3.04229 123.605 33.9583 13.882 0.0000000165578 39.287
-65.7148 17.7512 7.2272 35.0546 4.11498 27.1917 64.2593 58.8603 7.16423 16.2955 13.6759 58.84 47.6239 255.986 102.287 39.4267 85.0244 30.2121 221.672 19.711 11.2874 3.04229 55.0051 46.0424 21.9341 0.0000000165578 42.9992
-65.9892 17.7512 7.46141 32.229 4.11498 27.1917 53.8246 52.5571 7.16423 14.0795 28.5862 58.84 47.6239 255.986 102.287 39.4267 85.0244 30.2121 221.672 9.56678 4.16679 3.04229 69.073 46.0424 6.45563 0.0000000165578 38.4713
-65.2954 18.331 12.7573 32.9262 4.53778 27.1917 53.8246 52.5571 7.16423 14.0795 28.5862 58.84 41.9424 255.986 102.287 39.4267 85.261 30.2121 221.672 5.79922 4.16679 1.12407 44.9511 47.6112 10.7712 0.0000000165578 39.3426
-64.8741 20.4966 13.4843 32.9262 4.40897 27.7697 45.9025 66.6639 7.16423 14.0795 21.1498 58.84 41.9424 255.986 102.287 39.4267 67.8019 30.2121 221.672 29.137 7.23658 13.2054 10.2839 74.5007 39.6122 0.0000000165578 39.7997
-65.4988 14.6771 16.5311 32.9262 3.99362 27.7697 45.9025 56.0549 7.16423 14.0795 21.1498 58.84 41.9424 255.986 106.374 49.2462 67.8019 30.2121 221.672 29.137 7.23658 13.2054 10.2839 36.6677 39.6122 0.0000000165578 36.3092
-66.9018 16.2975 13.3976 32.9262 3.868 29.9464 41.7901 56.0549 12.8285 14.0795 21.1498 111.244 40.8442 197.176 106.374 49.2462 72.1451 30.2121 221.672 29.137 14.2044 10.7795 29.5652 49.169 15.552 0.0000000165578 37.5603
-67.8158 16.2975 13.3976 32.4186 2.29849 32.9521 41.7901 56.0549 17.5698 12.901 21.1498 111.244 40.8442 197.176 106.374 49.2462 68.0782 30.2121 221.672 29.137 14.2044 10.9183 16.3064 81.2001 15.552 0.0000000165578 39.699
-65.5859 6.56022 15.848 31.6267 3.31224 32.9521 41.7901 56.0549 17.5698 10.293 21.1498 124.742 37.329 197.176 106.374 49.2462 68.0782 30.2121 221.672 20.3387 14.2044 10.4266 35.4546 60.8957 75.2263 0.0000000165578 35.9079
-65.1837 6.56022 11.5861 34.8376 3.31224 31.7523 39.6595 60.508 17.5698 11.6559 17.9052 132.01 37.329 197.176 106.374 56.1208 57.9052 30.2121 221.672 12.5058 20.1033 10.4266 35.4546 92.5371 68.1757 0.0000000165578 36.2296
-64.7674 5.74481 17.8473 30.0207 3.80486 32.1074 39.6595 60.508 17.5698 11.6559 20.8479 132.01 37.329 197.176 157.554 8.49231 56.0998 37.8533 221.672 9.95846 5.79011 20.158 29.9875 97.6127 112.522 0.0000000165578 39.8133
-65.1388 5.58189 17.8473 27.779 4.33912 39.8655 51.213 58.6257 23.1079 9.95923 21.3428 123.422 37.329 175.717 157.554 8.49231 49.1839 132.403 147.713 9.95846 8.63611 4.99977 26.8589 67.3313 1.6735 0.0000000165578 33.9915
-65.1388 5.58189 17.8473 27.779 4.67294 39.8655 50.2717 58.6257 24.042 9.95923 22.6855 156.84 5.01351 175.717 157.554 8.49231 49.1839 132.403 147.713 9.95846 8.63611 4.99977 24.3637 26.4595 65.6997 0.0000000165578 34.3129
-67.9001 5.3837 24.0757 21.9271 4.67294 39.8655 46.9817 58.6257 21.4967 17.5779 22.6855 156.84 5.01351 175.365 157.554 8.49231 43.9584 105.704 177.819 7.19073 8.97377 11.3874 19.2387 14.9853 42.594 0.0000000165578 35.1244
-67.9001 5.3837 38.6902 19.8888 3.37582 22.0325 48.0364 50.0325 22.3757 12.9963 22.6855 158.433 15.888 175.365 157.554 16.8759 43.9584 105.704 177.819 4.45495 11.7704 10.558 58.8796 14.9853 21.1726 0.0000000165578 32.5247
-65.1746 5.3837 38.6902 19.8888 0.547453 22.0325 51.0615 50.0325 20.8657 11.0844 22.6855 156.148 19.13 175.365 157.554 16.8759 43.9584 105.704 177.819 4.45495 11.7704 7.24933 59.1373 14.9853 21.1726 0.0000000165578 32.4366
-66.8154 9.16594 38.6902 19.8888 0.547453 22.0325 51.0615 50.0325 19.4531 12.3198 22.6855 158.951 19.13 175.365 157.554 16.8759 35.0835 105.704 177.819 4.45495 11.3029 7.33372 59.1373 14.9853 21.1726 0.0000000165578 31.9718
-66.8154 4.80481 38.3283 21.5626 0.245512 22.0325 43.6693 55.251 18.6238 13.7744 22.6855 170.864 18.6697 175.365 157.554 16.8759 35.0835 105.704 177.819 4.45495 7.45874 8.61181 107.731 14.9853 21.1726 0.0000000165578 34.2303
-63.0245 7.12748 32.6408 21.5626 8.20138 23.4233 43.6693 55.251 15.9136 12.718 22.6855 186.515 17.0028 162.121 152.155 16.8759 35.0835 105.704 177.819 4.45495 0.611341 7.71114 154.632 14.9853 21.1726 0.0000000165578 39.5284
-62.0142 2.08688 35.4931 10.8125 8.20138 33.9523 61.0498 40.6614 15.6132 13.9321 22.6855 180.835 17.0028 162.121 135.901 36.1016 40.1927 105.704 177.819 9.90424 0.611341 5.7975 135.741 14.9853 21.1726 0.0000000165578 37.7704
-62.0142 2.08688 35.4931 10.8125 8.20138 33.9523 61.0498 40.6614 15.6132 13.9321 22.6855 180.835 15.7011 162.121 135.901 36.1016 40.1927 105.704 177.819 9.90424 2.5131 5.7975 82.1201 23.0448 21.1726 0.0000000165578 35.2657
-62.0142 2.08688 35.4931 10.8125 8.20138 33.9523 61.0498 40.6614 16.157 13.9063 22.6855 180.835 15.3421 162.568 135.901 36.1016 40.1927 105.704 177.819 9.90424 5.96277 4.98236 82.1201 23.7812 31.6319 0.0000000165578 35.3745
-62.0142 2.08688 35.4931 10.8125 8.20138 33.9523 61.0498 36.0063 16.157 13.9063 22.6855 180.835 15.3421 162.568 135.901 36.1016 40.1927 105.704 177.819 9.90424 5.96277 4.98236 82.1201 23.7812 4.9449 0.0000000165578 35.7191
-61.3738 3.39399 35.4931 10.8125 7.61778 33.9523 63.638 36.0063 18.4724 9.51293 22.6855 180.835 16.1611 162.568 135.901 36.1016 36.301 94.4286 192.491 9.90424 8.53787 8.90574 82.1201 60.472 4.9449 0.0000000165578 36.0853
-65.2358 3.39399 36.0318 10.8125 7.31225 33.9523 63.638 36.0063 19.4736 9.51293 22.6855 180.835 20.0636 169.002 120.968 36.1016 48.2386 82.8971 192.491 9.90424 6.44484 7.79474 66.5659 33.571 4.9449 0.0000000165578 31.7032
-66.3582 3.39399 36.0318 9.24459 8.16506 33.9523 49.6669 44.8036 23.5627 9.51293 8.03963 180.835 21.5586 169.002 120.968 36.1016 55.5868 82.8971 192.491 18.3005 4.42138 7.29945 49.7172 40.8756 27.7578 0.0000000165578 32.0788
-67.786 3.39399 32.9247 9.24459 8.16506 34.5406 49.6669 43.5671 24.576 19.1324 8.03963 180.835 24.0501 169.002 109.966 36.1016 55.5868 82.8971 192.491 21.1153 7.08098 11.9935 7.72678 37.2844 23.6461 0.0000000165578 32.7684
-63.6351 4.57513 32.9247 9.24459 5.3212 34.5406 49.6669 43.838 24.576 21.0875 8.03963 186.147 24.0501 167.755 109.966 24.5138 62.5338 82.8971 192.491 21.1153 5.03047 11.9935 62.8359 37.2844 11.7727 0.0000000165578 34.4845
-65.0851 4.57513 35.5503 9.24459 5.78789 34.5406 80.0352 8.75497 24.576 22.201 8.03963 186.147 24.0501 167.755 109.966 24.5138 62.5338 82.8971 192.491 21.1153 5.82309 9.80916 62.8359 33.1711 11.7727 0.0000000165578 33.5641
-65.4061 3.84041 34.832 9.24459 5.78789 34.5406 80.0352 8.75497 24.576 27.5065 8.03963 187.319 24.0501 167.755 92.8775 43.3413 54.3166 82.8971 206.123 21.1153 5.82309 9.80916 88.9424 33.1711 11.7727 0.0000000165578 39.4961
-66.0804 3.84041 39.9579 9.24459 5.78789 34.5406 80.0352 8.75497 24.576 17.3314 8.5212 172.879 26.0762 167.755 108.058 45.5928 56.4354 82.8971 206.123 9.11217 2.49565 11.9936 69.0355 34.4519 9.14154 0.0000000165578 32.3306
-66.0618 9.87782 39.9579 9.24459 5.78789 34.5406 80.0352 8.75497 21.781 10.7946 8.5212 169.493 26.0762 167.755 108.058 45.5928 61.8845 82.8971 206.123 9.13932 5.98664 11.9936 69.0355 40.5132 9.14154 0.0000000165578 35.1385
-64.0075 10.1185 37.2447 9.24459 11.6484 34.5406 80.0352 7.68455 21.0498 10.7976 29.4276 165.4 22.7053 167.755 108.058 45.5928 47.446 82.8971 206.123 3.93526 5.98557 16.2428 69.0355 102.204 65.5167 0.0000000165578 35.5178
-64.0883 10.1185 43.8255 11.1167 11.6484 24.6806 80.0352 7.68455 18.0154 10.0668 23.9709 170.259 22.4963 167.755 109.778 45.5928 39.5148 82.8971 206.123 3.93526 5.98557 31.425 91.9115 78.6218 56.6372 0.0000000165578 42.9188
-64.8465 10.1185 43.8255 11.1167 11.6209 23.1223 80.0352 7.68455 18.0241 13.9191 23.9709 160.372 21.27 167.755 146.822 54.7776 28.0959 40.8488 216.876 4.34322 7.89647 33.689 73.6048 90.399 82.8334 0.0000000165578 38.5772
-65.9549 10.1185 43.8255 11.9126 12.2496 20.1812 80.0352 7.68455 18.2014 13.9191 36.5242 160.372 21.27 160.194 131.152 81.9025 26.8977 40.8488 216.876 5.5788 7.21741 21.4073 96.6432 78.331 133.759 0.0000000165578 40.5497
-65.9549 10.1185 43.8255 11.9126 12.2496 20.1812 85.5174 7.68455 15.8699 10.7993 33.2937 160.372 26.5485 160.194 102.12 81.9025 31.013 40.8488 203.371 5.5788 40.7692 21.4073 53.9127 97.4008 133.759 0.0000000165578 41.0022
-66.9514 10.1185 40.3877 11.9126 12.008 21.9269 85.5174 7.68455 10.0388 12.5779 42.4684 152.47 39.5129 160.194 102.12 81.515 31.013 40.8488 203.371 6.22415 47.7098 8.01331 53.9127 47.7936 152.081 0.0000000165578 46.0481
-66.4181 14.7583 40.9911 10.4738 5.67481 15.1409 89.9439 7.68455 12.2713 30.4384 44.4539 143.304 23.4878 164.631 102.12 75.7433 34.2 162.577 80.1189 7.64177 29.1256 5.87675 84.9163 56.5514 101.488 0.0000000165578 37.1101
-63.4272 16.5117 40.9911 10.267 5.67481 16.466 85.8851 7.68455 14.6769 32.705 46.3221 143.304 27.811 150.141 103.578 78.2223 40.2175 171.403 80.1189 7.52627 30.7456 14.1088 49.0863 59.2428 120.626 0.0000000165578 37.6462
-63.4272 16.8343 40.9911 9.29884 1.23582 20.4967 85.8851 7.68455 14.6769 34.0878 51.0617 161.255 26.2755 128.464 103.578 78.2223 40.2175 171.403 80.1189 10.4127 28.087 15.8988 30.6539 55.4714 91.0916 0.0000000165578 35.9783
-63.4272 17.3496 38.2202 13.2087 1.23582 20.4967 85.8851 7.68455 11.8435 29.6114 50.4884 161.255 25.5983 128.464 103.578 78.2223 49.3404 171.403 80.1189 7.76017 23.0928 14.0537 41.8692 55.1284 91.0916 0.0000000165578 35.8046
-65.6803 17.3496 38.2202 13.2087 1.34893 20.1175 85.8851 7.68455 9.73306 23.6591 51.449 160.256 28.4109 133.975 103.578 78.2223 49.3404 171.403 80.1189 10.219 25.4716 14.0537 45.2368 60.8075 123.784 0.0000000165578 35.4506
-67.2974 17.3496 38.2202 7.46571 7.25464 19.6552 85.8851 7.68455 9.73306 23.6591 51.449 160.256 28.9484 133.975 103.578 78.2223 49.3404 171.403 80.1189 5.4865 25.8114 13.7072 47.532 86.7886 123.883 0.0000000165578 36.1762
-65.3802 17.1449 45.2914 4.88778 7.25464 8.62514 85.8851 18.6433 10.2275 23.6591 49.647 156.175 28.9484 133.975 103.578 78.2223 49.3404 200.227 58.4399 5.57902 25.3554 13.5082 62.2854 92.7049 132.137 0.0000000165578 35.6385
-65.7992 20.742 41.6267 7.01771 10.3522 8.62514 85.8851 18.6433 10.7277 19.4384 50.0671 159.982 37.0552 129.538 105.225 78.2223 38.5835 200.227 55.1306 5.39868 29.2741 12.1434 81.3891 20.9428 140.701 0.0000000165578 35.1539
-65.3457 20.0703 41.6267 7.01771 10.4953 8.62514 93.5006 18.6433 10.8888 7.0235 53.3172 156.702 39.3211 136.686 105.225 78.2223 34.3311 210.597 50.5485 3.23347 5.5969 31.5347 26.7008 100.522 177.748 0.0000000165578 35.2479
-65.6598 17.5352 41.6267 7.01771 8.98809 9.99355 93.5006 18.6433 10.8888 7.0235 53.3172 156.702 39.3211 136.686 105.225 78.2223 34.3311 210.597 50.1468 3.12113 10.5953 5.36217 2.28636 68.5769 89.1917 0.0000000165578 32.9993
-66.8352 17.5352 41.6267 7.01771 8.98809 9.99355 93.7232 18.6433 12.0925 7.0235 50.4898 156.702 39.3211 136.686 105.225 78.2223 34.3311 210.597 50.1468 2.88326 12.7072 5.36217 8.17453 68.5769 109.958 0.0000000165578 33.4516
-66.8352 17.5352 41.6267 7.01771 10.8781 9.99355 93.7232 18.6433 12.9607 7.0235 49.1211 156.702 39.3211 136.686 105.225 78.2223 34.3311 202.7 50.1468 2.93554 37.3373 7.04836 6.5705 68.5769 83.5403 0.0000000165578 32.2677
-65.6384 17.5352 41.6267 7.01771 8.92638 12.2547 93.7232 18.6433 12.9607 9.6668 49.1211 156.702 39.3211 136.686 93.3531 78.2223 34.3311 210.277 50.1468 2.72844 38.1907 7.01788 15.6749 78.8471 181.214 0.0000000165578 35.083
-65.6384 17.5352 41.6267 7.01771 6.07597 12.2547 93.7232 18.6433 12.9607 9.6668 49.1211 156.702 44.2442 136.686 93.3531 78.2223 34.3311 210.277 50.1468 2.52681 38.1907 7.82922 15.6749 78.8471 181.214 0.0000000165578 35.3508
-64.6982 16.2891 41.6267 7.01771 6.07597 12.2547 93.7232 18.6433 11.1729 14.3711 49.1211 156.702 44.2442 133.404 93.3531 78.2223 34.3311 210.277 50.1468 3.33673 38.1907 8.8226 15.6749 78.8471 181.214 0.0000000165578 35.6468
-65.5481 21.5378 41.6267 7.01771 6.07597 8.84883 93.7232 18.6433 8.48156 14.3711 49.1211 156.702 44.2442 133.404 93.6324 78.2223 34.3311 210.277 47.3594 2.50552 36.148 9.73969 34.6953 70.4436 16.534 0.0000000165578 33.7965
-65.5481 22.0951 41.6267 7.01771 6.07597 8.84883 93.7232 18.3593 10.5122 9.23148 55.313 156.702 44.2442 133.404 93.6324 78.2223 40.3966 206.128 47.3594 2.55643 34.2298 5.44195 19.8736 70.4436 16.534 0.0000000165578 31.5709
-65.5481 22.0951 40.3303 7.01771 6.07597 8.84883 93.7232 18.3593 8.88488 9.23148 61.8406 156.702 44.2442 133.404 87.3384 78.2223 40.3966 206.128 50.8183 2.55643 34.2298 5.44195 19.8736 72.1781 16.534 0.0000000165578 33.7083
-65.7926 22.0951 40.3303 5.6658 6.07597 8.84883 93.7232 18.3593 12.9677 9.23148 61.8406 157.503 44.2442 135.225 87.3384 78.2223 40.3966 207.73 50.8183 8.5388 24.4764 5.00036 23.7862 95.3795 16.534 0.0000000165578 31.5809
-65.7926 22.0951 40.0542 5.6658 6.07597 8.84883 93.7232 18.3593 12.9677 9.23148 61.8406 157.503 44.2442 135.225 87.3384 78.2223 40.3966 207.73 50.8183 6.17023 24.4764 5.00036 23.7862 95.3795 68.4126 0.0000000165578 32.1685
-67.4287 22.0951 40.0542 5.6658 2.96928 8.84883 93.7232 18.3593 12.3718 9.23148 52.8169 157.503 44.2442 131.092 102.609 78.2223 31.5938 207.73 50.8183 6.17023 5.35131 7.75107 26.891 87.4807 66.423 0.0000000165578 39.7789
-67.4287 27.4738 40.0542 5.6658 2.96928 6.4873 93.7232 18.3593 10.1551 17.4256 51.6982 157.503 51.2086 131.092 101.489 54.7982 29.8507 207.73 82.2424 3.79522 24.6341 5.58771 24.4432 26.1363 45.6417 0.0000000165578 35.8804
-65.0944 29.9525 40.0542 5.6658 2.96928 6.4873 93.7232 18.3593 5.62269 17.4256 51.6982 157.503 51.2086 131.092 101.489 61.6017 29.8507 206.39 78.3161 3.79522 19.548 2.64698 7.40745 62.689 64.0618 0.0000000165578 33.2507
-64.8907 29.9525 40.0542 5.6658 2.96928 7.668 93.7232 18.3593 8.86642 20.7371 51.6982 157.503 51.2086 131.092 101.489 61.6017 29.8507 206.39 72.0077 3.79522 24.5295 5.64701 7.40745 60.2388 40.0267 0.0000000165578 36.8798
-64.8907 29.9525 35.4309 5.6658 2.96928 5.00408 93.7232 18.3593 8.86642 20.7371 51.6982 164.157 45.7629 131.092 101.489 61.6017 32.1135 204.349 72.0077 3.79522 24.5295 6.38633 7.40745 66.8859 40.0267 0.0000000165578 35.5617
-64.8907 29.9525 35.7159 5.6658 4.24355 7.66858 93.7232 37.7966 8.86642 20.7371 51.6982 141.141 45.7629 131.092 101.489 61.6017 32.1135 201.26 72.0077 3.79522 31.0437 2.42344 26.5252 44.9706 40.0267 0.0000000165578 32.642
-66.1303 29.9525 35.7159 5.6658 4.24355 7.66858 93.7232 37.7966 6.32554 20.7371 51.525 141.141 45.7629 131.092 101.489 61.6017 33.914 202.018 72.0077 3.84175 31.0437 7.04865 26.5252 17.2761 40.0267 0.0000000165578 31.6519
-66.853 29.9525 35.7159 5.6658 4.24355 7.66858 93.7232 37.7966 6.32554 20.7371 52.4627 141.141 45.7629 131.092 101.489 61.6017 33.914 202.368 62.831 6.36369 31.0437 7.04865 52.6356 17.2761 34.0678 0.0000000165578 31.4889
-66.853 29.9525 35.7159 5.6658 4.24355 7.66858 94.8007 37.7966 6.32554 20.7371 52.4627 141.141 45.7629 131.092 101.489 61.6017 33.914 202.368 61.2016 10.5604 31.0437 7.04865 27.4282 17.2761 35.5978 0.0000000165578 30.3917
-67.1918 29.9525 35.7159 5.6658 4.24355 7.72216 94.8007 37.7966 6.32554 20.7371 52.4627 141.141 45.7629 131.092 101.489 61.6017 33.914 202.368 65.513 8.4452 31.0437 7.04865 30.5975 17.7375 16.7162 0.0000000165578 31.5872
-61.4285 29.9525 35.7159 5.08139 4.24355 10.1302 94.8007 37.7966 4.223 20.7371 52.4627 141.141 38.0913 129.602 126.266 37.7112 39.6568 202.368 61.6668 11.4733 11.9555 31.0524 21.6162 17.7375 11.8526 0.0000000165578 35.2836
-67.1943 29.9525 35.7159 5.08139 5.6629 10.9295 94.8007 37.7966 3.12934 20.7371 50.6643 141.141 38.6793 129.602 126.266 37.7112 39.7694 207.233 61.6297 16.4859 2.03465 31.2247 0.951057 27.8797 23.4904 0.0000000165578 34.5962
-66.2303 29.9525 35.7159 5.08139 5.6629 10.9295 94.8007 37.7966 3.12934 20.0218 50.8781 141.141 46.5773 129.602 126.266 37.7112 33.0411 210.907 61.6297 12.3133 2.03465 14.5922 0.951057 29.0157 26.7108 0.0000000165578 32.7068
-66.2303 29.9525 35.7159 5.08139 5.6629 9.79838 94.8007 37.7966 3.12934 20.0218 49.1164 143.385 46.5773 129.602 126.266 37.7112 33.0411 206.278 71.1294 17.2412 3.85362 9.69087 0.951057 31.6699 31.7391 0.0000000165578 32.0901
-66.0544 29.9525 35.7159 5.08139 5.6629 10.0986 94.884 37.7966 3.12934 20.0218 48.7776 143.385 46.9108 129.602 126.266 37.7112 33.0411 206.028 72.0855 17.2412 5.15334 21.0264 0.951057 1.87224 39.6742 0.0000000165578 33.7156
-66.5445 29.9525 35.7159 5.08139 5.6629 8.58562 93.0912 39.675 3.12934 20.0218 48.7319 143.385 46.9108 129.602 142.621 37.7112 33.0411 203.921 64.4345 13.9002 2.99753 5.55587 106.556 1.87224 13.0414 0.0000000165578 36.6411
-66.6446 29.9525 34.3866 5.86078 5.6629 8.58562 93.0912 39.675 2.84511 20.0218 49.2363 143.385 46.9108 129.602 130.172 37.7112 34.3798 203.921 64.5564 24.6087 2.99753 0.830233 106.556 1.87224 38.062 0.0000000165578 36.5055
-66.6446 29.9525 34.3866 5.86078 5.6629 3.75526 93.0912 46.1776 2.84511 20.0218 49.9305 143.385 46.9108 129.602 121.203 37.7112 42.5672 206.063 64.5564 35.9665 2.99753 0.830233 36.6322 1.87224 55.0119 0.0000000165578 37.3362
-67.1979 29.9525 34.3866 5.86078 5.6629 0.662128 93.0912 46.1776 2.84511 19.4413 49.9305 145.768 40.3192 129.602 127.812 40.8156 42.5672 176.649 64.5564 58.6066 2.99753 2.54299 100.707 1.87224 14.6912 0.0000000165578 44.6469
-67.1979 29.9525 34.3866 10.2297 5.6629 0.662128 93.0912 46.5781 2.84511 19.0105 51.342 254.814 40.2442 22.1822 127.812 40.8156 42.5672 169.509 64.5564 58.6066 2.99753 0.277693 196.268 12.3369 15.9927 0.0000000165578 42.7644
-67.0864 29.9525 34.3866 10.2297 5.6629 0.662128 93.0912 46.5781 2.84511 19.0105 50.7589 254.814 40.2442 22.1822 130.286 40.8156 42.5672 169.509 64.5564 58.6066 2.99753 4.97227 196.268 50.8692 16.7998 0.0000000156841 42.4956
-64.2036 29.9525 34.3866 10.2297 5.6629 0.662128 93.0912 46.5781 2.84511 19.0105 50.7623 134.469 40.2442 136.658 130.286 40.8156 42.5672 169.509 64.5564 58.6066 8.31221 4.97227 196.268 11.3736 16.7998 0.0000000156841 42.1515
-64.2036 29.9525 34.3866 10.2297 5.6629 0.662128 93.0912 46.5781 2.84511 19.0105 50.7623 134.469 40.2442 136.658 130.286 40.8156 42.5987 158.246 64.5564 58.6066 3.22174 13.9627 135.892 11.3736 16.7998 0.0000000156841 41.0796
-64.2036 29.9525 34.3866 10.2297 5.6629 0.662128 93.0912 46.5781 2.84511 19.0105 45.9635 134.469 43.5356 136.658 130.286 40.8156 42.5987 158.246 64.5564 46.6423 23.1793 13.9627 135.892 43.7848 16.8743 0.0000000156841 41.1332
-64.2036 29.9525 34.5797 12.4078 5.6629 0.662128 93.0912 46.5781 2.84511 19.0105 49.389 134.469 44.8945 136.658 130.286 34.422 41.0155 158.246 64.5564 29.9802 6.35137 34.215 135.892 43.7848 52.9528 0.0000000156841 44.2302
-65.0847 29.9525 36.865 12.4078 5.6629 0.662128 90.5528 44.1545 1.68286 19.0105 49.1636 134.469 35.3759 148.933 130.286 34.422 44.44 176.204 64.5564 29.9802 2.19032 34.215 157.569 47.5428 59.0938 0.000000280255 43.6487
-65.5886 29.9525 36.865 12.4078 5.6629 0.662128 90.5528 44.1545 1.68286 19.0105 47.8531 134.469 35.3759 148.933 130.286 34.422 44.44 176.204 64.5564 30.1865 6.76139 28.8027 66.6158 47.5428 59.0938 0.000000369554 41.1151
-66.0321 29.9525 36.865 7.67076 3.55335 4.619 90.5528 44.1545 1.68286 26.5584 50.0254 138.97 19.3722 148.933 130.286 55.3608 25.5546 177.444 64.5564 19.3297 20.3621 30.6993 69.5856 34.4263 46.2578 0.000000102084 38.315
-66.0321 30.168 36.865 0.209673 10.4269 4.83194 90.5528 44.1545 1.68286 26.5584 51.3039 138.97 17.8918 148.933 130.286 55.3608 35.7392 191.57 36.2011 19.3297 19.5565 30.6993 33.7817 8.43142 41.7937 0.000000065661 39.4154
-64.9082 30.168 36.865 0.209673 10.4269 4.23477 90.5528 44.0115 1.68286 26.5584 53.674 138.97 15.3856 148.689 130.286 55.3608 35.7392 187.842 44.3145 36.8955 22.812 15.6873 2.79733 17.5809 3.47929 0.000000065661 41.9324
-65.4494 30.168 36.865 0.209673 11.6143 4.17404 90.5528 44.0115 1.68286 26.5584 45.5198 138.97 8.9117 161.328 130.286 47.6789 22.4956 216.235 68.2484 36.8955 22.812 13.6338 5.97579 17.5809 3.47929 0.000000065661 46.7825
-65.4494 30.168 37.5854 0.209673 11.6143 5.17499 90.5528 20.792 1.68286 25.2241 47.5314 153.675 8.9117 161.328 125.664 47.6789 27.5025 187.638 68.2484 36.8955 22.812 9.52054 5.97579 17.5261 22.1432 0.00000010075 43.4884
-64.9196 30.168 24.5513 0.661435 11.6143 21.2156 86.057 26.2797 1.68286 25.2241 46.5251 153.675 18.5472 161.328 139.122 31.654 28.5378 180.279 68.2484 43.101 3.29725 9.52054 11.0339 20.9446 16.9198 0.00000001362 38.1796
-67.2583 30.168 24.5513 0.661435 12.5831 21.2156 86.057 26.2797 1.68286 25.2241 46.5251 153.675 20.2535 161.328 139.122 31.654 28.5378 180.279 68.2484 43.101 3.29725 15.6097 8.93535 81.571 16.9198 0.0000000214481 36.8603
-67.2583 30.168 19.1377 0.661435 9.93125 24.8077 86.057 26.2797 1.68286 27.5746 46.5251 153.675 21.7325 161.328 139.122 31.654 28.6235 180.279 68.2484 43.101 3.29725 28.2684 12.6634 60.892 80.5506 0.000000109853 43.0782
-66.1432 30.168 16.0244 0.661435 13.7476 25.2956 86.057 24.5125 1.68286 27.5746 48.7137 153.675 22.8926 161.328 139.122 41.4805 28.1135 186.091 68.2484 35.141 3.29725 6.0344 11.1424 71.4346 80.5506 0.0000000272829 36.2082
-65.197 39.5445 15.7681 0.661435 13.7476 16.9597 86.057 19.3845 1.68286 27.5746 39.2553 153.675 27.1185 161.328 137.853 41.4805 28.1135 186.091 78.3724 19.1961 3.29725 21.717 9.01035 65.7333 80.5506 0.00000000410717 33.1922
-64.5193 39.5445 15.7681 12.8012 8.3725 16.9597 86.057 19.3845 1.68286 27.5746 39.2553 153.675 27.1185 161.328 137.853 41.4805 28.1135 178.717 78.1469 19.1961 1.49403 16.8381 7.14195 32.9259 80.5506 0.00000000410717 33.7526
-66.7644 39.5445 12.2158 10.0455 7.88184 12.9897 86.057 17.4087 9.89934 27.5746 42.91 153.675 25.1801 156.751 137.853 41.4805 28.1135 176.285 80.2872 22.9227 1.49403 11.7954 9.61666 35.7791 175.422 0.00000000218221 35.6461
-65.5213 39.5445 12.2158 10.0455 7.88184 12.9897 86.057 17.4087 9.89934 31.2528 49.9579 153.675 19.0423 156.751 137.853 41.4805 29.8384 174.047 92.0016 22.9227 2.16894 9.98554 9.99442 35.7012 32.5474 0.00000000125731 29.7582
-64.5649 39.5445 12.2158 10.0455 14.0337 13.181 79.927 17.4087 9.89934 31.2528 49.9579 153.675 21.0807 156.751 137.853 41.4805 29.584 169.587 100.688 22.9227 1.903 9.98554 8.05009 81.5561 42.5574 0.00000000207595 30.5469
-64.5821 39.5445 8.98345 8.05351 19.8657 13.181 79.927 17.4087 16.3812 13.5279 59.6245 153.675 20.5003 156.751 137.853 41.4805 26.5531 163.598 97.2358 12.6483 4.37515 4.4733 8.34613 81.3875 49.9977 0.00000000207595 34.2546
-64.9002 39.5445 8.98345 8.05351 13.025 13.7774 79.927 24.7239 17.1811 13.5279 59.6245 153.675 19.8964 156.751 137.853 41.4805 28.9785 165.093 103.217 26.3041 5.64358 4.4733 6.8369 63.8381 29.2986 0.00000000158884 29.0918
-67.335 39.5445 6.84328 8.05351 18.8836 14.3494 79.927 18.8493 17.1811 13.5279 61.4828 153.675 19.5059 156.751 137.853 41.4805 29.667 169.256 103.217 20.6577 5.58175 4.4733 5.69797 62.2391 84.932 0.000000000665782 29.6464
-67.335 39.5445 6.84328 8.05351 13.6832 15.1052 79.927 18.8493 25.3688 13.5279 25.5671 153.675 40.2092 156.751 139.276 41.4805 29.667 174.872 94.0393 20.6577 6.28688 22.6089 8.05097 27.8857 117.357 0.0000000013024 32.1719
-67.335 39.5445 8.62578 8.05351 13.6832 15.8325 75.2563 22.3659 25.3688 13.5279 25.5671 153.675 40.2092 158.864 139.276 41.4805 33.586 174.768 94.0393 17.4115 5.78103 22.6089 8.05097 34.7588 134.319 0.00000000087418 31.8659
-64.3342 39.5445 8.62578 8.05351 16.2244 15.8325 75.2563 12.5477 25.3688 14.1628 25.5671 202.274 47.9357 112.245 139.276 33.5718 33.586 175.214 98.0577 17.4115 6.26473 22.6089 36.3331 26.3207 64.876 0.00000000087418 31.4949
-65.1525 39.5445 15.7626 8.05351 15.5771 15.8826 75.2563 12.5477 24.3073 14.1628 45.5854 178.636 30.115 112.245 139.276 56.12 34.4156 174.571 84.7096 12.3824 6.20509 25.3803 38.629 105.343 165.899 0.000000000590775 34.4206
-65.0758 39.5445 7.58809 8.05351 16.2922 14.8898 82.67 17.795 27.5892 14.1628 55.197 167.534 33.9712 112.245 139.276 56.12 30.1001 173.794 92.7104 13.5221 5.71752 19.6179 38.5222 120.002 213.286 0.000000000612839 37.8432
-66.7415 39.5445 10.9704 8.05351 16.8329 9.82332 82.67 14.7319 27.5892 15.0743 55.197 167.534 32.3129 111.539 139.276 56.12 22.49 174.316 89.9177 14.2021 6.09635 31.3144 1.0966 120.002 213.286 0.000000000212939 34.8782
-66.8144 38.345 10.9704 11.5305 18.838 8.01657 82.67 15.0096 27.5892 13.4835 55.197 167.534 33.0109 138.972 115.08 62.6736 10.4621 174.731 91.8151 17.0193 4.8555 13.6709 30.3657 43.5135 88.9424 0.000000000696025 32.7122
-65.8443 38.345 7.48137 13.3275 18.5574 6.35376 82.67 17.2681 26.934 13.4835 50.7032 172.764 32.8744 138.972 115.08 62.6736 10.4621 177.892 91.8151 0.598366 4.8555 13.6709 27.3495 63.0616 8.07549 0.000000000734709 32.5051
-64.5573 38.345 7.48137 13.3275 18.5574 6.35376 82.67 15.8284 24.8776 13.4835 50.7032 172.764 30.6978 134.649 125.15 62.6736 22.924 165.62 91.3479 29.8777 3.36162 7.50473 15.9262 3.01742 55.748 0.000000000737741 28.8684
-67.2093 38.345 7.48137 13.3275 17.2256 6.35376 82.67 22.5139 17.3877 13.4835 50.7032 169.535 30.6991 134.721 125.15 62.6736 23.7359 165.62 99.4592 27.9681 10.3428 7.50473 24.539 54.78 55.748 0.000000000921701 31.4668
-65.3095 38.345 7.48137 11.4981 18.3173 6.35376 80.0981 22.1649 17.3877 13.4835 49.263 169.535 30.7159 134.737 125.15 59.2747 33.0863 166.428 106.726 16.413 2.59707 9.67376 12.5297 129.204 33.6649 0.000000000441868 30.0308
-66.9257 38.345 7.43261 11.474 18.511 10.4258 80.0981 20.6101 17.5237 14.9692 73.2558 137.081 34.7422 134.737 125.18 59.2747 39.6974 156.529 105.882 23.4665 2.59707 9.67376 12.5297 106.248 36.2377 0.000000000807675 28.884
-65.7186 51.5011 4.24589 11.3183 8.99939 11.8317 80.5472 11.2276 24.1497 14.9692 73.2558 137.081 38.18 134.737 125.18 57.3319 39.0768 158.824 96.1344 22.4701 3.03291 16.9369 10.7194 72.6655 148.373 0.000000000468199 31.1689
-66.561 51.5011 4.24589 13.631 9.07086 6.34127 82.8648 14.2456 25.4203 14.9692 70.4033 137.081 37.4787 134.737 125.18 57.3319 39.9654 159.519 97.8955 6.81146 4.51242 31.6995 28.8251 6.18342 148.373 0.0000000000742134 30.0851
-66.4181 51.562 10.0678 10.6793 9.07086 1.67917 82.8648 16.7678 25.4203 12.017 70.4033 137.081 35.1315 134.737 126.235 61.1069 39.7408 159.519 94.3357 12.7914 4.10012 22.9837 47.4155 4.07192 162.763 0.000000000281043 33.4056
-67.2902 49.3131 11.7094 10.6793 7.16971 1.18693 82.8648 6.20997 32.1114 12.017 70.4033 137.081 35.9709 124.624 159.256 42.4438 40.3706 159.986 94.3357 7.13082 2.05417 5.87996 71.5827 8.28106 16.9762 0.000000000289074 36.4258
-68.4522 49.3131 12.9275 10.7446 7.16971 1.18693 82.8648 6.20997 32.5886 12.017 70.4033 137.081 39.2509 135.032 133.291 53.7653 37.2392 156.538 99.9853 20.7599 1.45822 7.02914 84.4623 5.85674 8.12372 0.000000000194022 34.3742
-67.5442 46.9736 18.542 7.04435 14.4561 1.18693 82.8648 6.20997 32.5886 12.017 70.4033 143.507 39.2509 125.106 133.291 53.7653 32.924 159.126 94.6674 27.3778 2.22714 10.9759 107.043 22.1486 8.12372 0.000000000189679 34.6781
-64.9154 38.6755 19.028 7.04435 14.4561 2.83821 110.441 6.20997 11.7474 12.017 70.4033 143.507 39.2509 119.202 133.291 56.7893 32.924 162.841 94.6674 31.2448 0.173967 10.9759 84.3479 22.1486 117.14 0.000000000189679 32.0696
-66.9654 38.6755 17.8348 7.04435 14.1575 2.95284 110.441 6.20997 10.73 12.017 68.025 143.507 44.1209 122.751 133.291 56.7893 32.924 164.137 103.191 21.7213 3.03254 5.1764 101.876 9.12436 86.9146 0.000000000338748 31.1115
-66.7794 38.6755 21.3529 6.42684 14.1575 2.95284 109.715 8.5699 10.73 12.017 55.8735 143.507 48.9498 123.77 131.904 56.7893 32.924 164.137 104.77 21.7213 6.49832 5.80323 18.2504 9.12436 86.9146 0.0000000010617 29.7849
-65.0137 43.1512 15.1179 6.42684 14.1575 2.95284 109.715 10.259 10.73 12.017 78.7513 143.507 48.9498 119.537 108.321 61.239 32.924 163.428 107.626 12.6641 6.75368 15.4808 5.75253 5.01408 86.9146 0.00000000263013 31.9361
-63.6239 43.1512 15.1179 6.42684 14.1575 2.95284 109.715 8.09766 10.73 12.017 78.7513 143.507 43.7984 122.844 106.268 61.239 32.924 176.905 101.596 12.6641 6.75368 13.5413 5.75253 57.0324 149.811 0.00000000362543 34.2192
-64.6644 43.1512 18.0719 6.80822 13.0561 3.33231 109.715 7.34295 10.73 12.017 78.186 143.507 43.7984 122.844 100.443 61.7538 37.7401 176.905 88.7685 23.2025 5.52468 13.5413 8.12028 55.0994 128.358 0.00000000167136 32.9888
-65.134 35.5091 18.44 12.7931 11.3453 4.16234 109.715 7.34295 10.73 12.017 78.186 143.507 45.5108 119.353 102.943 69.1219 35.863 185.223 80.6591 23.5864 5.52468 4.3747 33.1587 45.5334 66.9548 0.00000000441788 31.119
-65.4606 39.5366 18.44 8.71195 9.2105 4.16234 109.715 7.34295 10.73 12.017 78.186 139.343 45.5108 116.157 107.561 68.6222 35.863 193.117 80.6591 25.5787 4.16358 11.7286 25.959 38.9396 81.1532 0.00000000366683 33.0939
-64.9373 43.4576 15.2991 12.6601 6.69582 4.16234 109.715 10.0613 5.40265 12.6585 78.186 139.343 45.5108 116.526 107.561 68.6222 35.863 193.117 80.6591 27.2937 1.05237 2.47166 83.1675 17.616 77.7036 0.00000000754992 33.5331
-64.9373 43.4576 10.3339 14.9994 11.3654 4.16234 109.715 10.0613 0.908159 12.6585 65.0292 134.74 45.5108 144.029 107.561 69.7116 28.6016 193.117 80.6591 27.2937 1.54436 16.2823 83.1675 28.2702 77.7036 0.000000000283256 34.2499
-64.9373 43.4576 10.3339 17.8029 9.35482 3.20061 109.715 10.0613 0.908159 16.7429 65.0292 134.74 39.3796 144.029 101.321 67.6997 33.059 193.117 80.6591 22.8633 4.53514 8.80217 115.533 20.1445 95.6278 0.000000000283256 32.6847
-64.9373 43.4576 13.3461 13.3933 6.68277 10.9801 109.715 8.84356 0.908159 16.7429 68.4167 134.74 41.9439 144.029 102.016 68.9032 30.5296 193.117 80.6591 23.1161 4.59553 10.9811 22.3302 16.0949 99.6974 0.000000000715209 31.2364
-64.9373 42.4512 12.3357 13.3933 6.68277 10.9801 109.715 8.84356 0.908159 16.7429 68.4167 132.89 41.9439 144.029 102.016 66.9358 30.5296 193.117 80.6591 23.1161 4.59553 10.9811 76.6779 16.0949 15.0867 0.000000000715209 30.2198
-65.7659 42.4512 12.3357 13.9576 6.68277 10.9801 109.715 8.84356 0.908159 16.7429 68.4167 132.89 41.9439 144.029 102.016 67.2003 30.5296 193.117 82.8966 26.7957 3.67726 9.53945 66.2839 25.4388 16.0424 0.000000000715209 29.4338
-65.6402 42.4512 11.3099 13.9576 6.89103 10.9801 109.715 8.84356 0.908159 16.7429 68.4167 132.18 39.9018 144.029 102.016 67.4433 37.2558 193.117 73.523 31.4255 5.39341 2.24526 67.2746 25.4388 16.0424 0.000000000121955 28.639
-66.0661 42.4512 11.4368 13.9576 6.89103 11.4294 109.715 10.4313 0.908159 16.7429 74.1682 132.18 39.9018 133.97 102.016 67.6215 49.293 193.117 58.7652 31.4255 6.60386 2.24526 67.2746 27.8154 16.0424 0.000000000121955 28.2593
-66.0661 42.4512 11.4368 13.9576 6.89103 13.7726 109.715 11.5009 0.908159 16.7429 74.1682 132.18 31.1706 133.97 102.016 68.5582 49.293 175.936 58.7652 41.5153 9.25425 22.9291 16.007 38.1676 84.0229 0.000000000121955 34.556
-65.1157 40.6773 13.923 13.9576 6.37422 11.8183 109.715 11.8165 0.908159 16.7429 74.1682 132.18 30.6752 133.97 101.408 74.2438 49.293 175.936 58.7652 41.5153 8.90529 12.1561 16.007 90.0169 97.7918 0.000000000121955 32.9938
-68.3203 40.6773 13.923 13.9576 6.37422 11.8183 109.715 11.8165 0.908159 16.7429 87.7283 132.18 28.9292 133.97 85.331 74.2438 49.293 175.936 58.7652 49.7015 5.92203 12.1561 5.22614 24.5846 104.647 0.000000000121955 35.2871
-67.8413 40.6773 13.923 13.9576 7.33906 11.2824 109.715 3.85661 0.908159 16.7429 84.0964 132.18 36.7911 140.863 85.331 74.2438 49.293 175.808 58.7652 49.7015 4.47006 16.7044 45.7868 75.6714 11.6087 0.000000000121955 34.8247
-65.7251 40.6773 13.923 15.8247 7.15346 12.4285 109.715 0.555229 0.908159 24.089 84.0964 132.18 36.7911 140.863 85.331 77.4292 39.8102 191.36 58.7652 29.2301 4.47006 7.91153 54.1699 65.1691 16.1449 0.000000000121955 35.2921
-66.841 40.6773 5.20723 15.8247 7.15346 16.5807 109.715 0.555229 0.908159 21.8789 84.0964 132.18 25.2744 143.035 85.331 88.2585 39.8102 207.23 58.7652 30.3587 6.15367 4.19514 54.1699 33.3867 16.1449 0.000000000121955 30.3954
-64.0346 40.6773 2.23972 15.8247 11.1741 18.4363 109.715 7.57932 0.908159 21.4098 84.0964 132.18 23.7003 143.035 76.9121 88.2585 39.8102 207.23 58.7652 28.5847 2.65921 4.19514 2.51772 22.1737 23.5404 0.000000000121955 29.8558
-64.0346 40.6773 2.23972 15.8247 11.1741 19.2556 70.8043 10.4229 30.8125 19.7603 87.1992 140.135 20.8626 143.035 74.4343 88.2585 39.8102 207.23 58.7652 31.7747 8.51874 4.19514 37.5182 9.48569 31.2066 0.000000000121955 29.5262
-64.2168 40.6773 3.56984 15.8247 11.1741 17.6936 70.8043 20.7972 30.8125 21.5857 66.0672 140.135 22.0932 143.035 37.5876 97.0878 78.1278 207.23 58.7652 21.1343 6.27792 5.51339 91.858 9.48569 18.7263 0.00000000215311 32.3435
-70.5386 50.6302 3.3981 15.8247 11.1741 16.8897 70.8043 21.7307 13.0653 21.5857 66.0672 140.135 23.2815 143.035 41.7716 97.0878 76.7801 207.23 58.7652 21.1343 18.1247 6.60983 58.103 25.3497 55.9922 0.00000000192183 34.4166
-70.1804 50.6302 2.91677 15.1429 11.4693 18.3236 71.1113 20.0597 13.1207 21.5857 74.0413 140.135 24.9321 143.035 41.7716 97.0878 76.8661 207.23 50.1344 11.3545 26.0256 4.2604 67.2764 25.3497 55.9922 0.00000000106504 33.2161
-66.7174 50.6302 3.63273 3.76275 18.1464 19.2848 71.1113 20.6016 3.46368 33.4469 74.0413 140.135 20.9916 143.035 18.1793 117.365 76.8661 215.767 50.1344 3.08327 40.0909 4.2604 4.29669 25.3497 72.2628 0.00000000116064 38.2026
-66.8242 50.6302 3.63273 2.89962 23.8439 18.201 71.1113 11.0794 12.4085 35.522 70.0263 134.072 24.5444 143.035 18.1793 111.447 76.153 215.995 50.1344 4.56244 42.932 4.96177 38.9144 16.3059 70.7762 0.000000000178049 32.0264
-66.8242 46.8132 3.63273 2.89962 23.8439 15.0343 71.1113 13.3752 13.5209 38.926 67.8759 134.072 25.451 143.035 18.1793 111.447 75.9728 215.995 50.1344 4.56244 37.1747 4.96177 43.9114 16.3059 53.0723 0.000000000295798 32.4596
-66.3739 46.8132 3.63273 9.01802 24.9672 12.1896 71.1113 13.3752 14.2089 41.0179 64.1388 134.072 28.9026 143.035 29.7511 86.681 91.0317 219.646 50.1344 7.72636 26.8596 4.96177 72.0657 16.3059 76.072 0.000000000445986 29.5438
-67.994 46.8132 3.63273 9.01802 25.2892 1.87362 71.1113 20.2061 14.2089 41.0179 64.1388 134.072 28.9026 140.11 29.7511 86.681 98.5972 219.646 50.1344 17.7779 11.5552 4.96177 70.3659 16.3059 42.2342 0.000000000338496 29.8822
-67.3386 46.8132 3.63273 9.01802 25.1242 1.87362 60.5993 20.2061 14.2089 53.9156 66.5101 134.072 35.0202 140.11 26.3038 86.681 89.9801 221.045 50.1344 14.594 11.5552 4.96177 57.9207 16.3059 66.4622 0.000000000380416 28.9023
-65.9666 46.8132 3.32452 9.01802 24.6833 1.87362 60.5993 18 14.2089 56.4158 69.7168 129.561 35.3813 143.619 27.91 79.7203 87.2149 221.045 50.1344 14.594 1.87948 21.9058 57.9207 24.5678 67.7104 0.000000000338803 29.746
-65.7951 46.8132 2.55978 9.01802 24.7428 1.87362 60.5993 15.0553 14.2089 55.8321 64.7321 129.561 35.3813 143.619 27.91 81.4013 96.4794 221.045 50.1344 8.09885 5.75029 5.19274 63.5212 24.5678 10.875 0.000000000417611 27.8689
-67.6144 46.8132 2.30732 3.65729 26.5621 1.87362 60.5993 20.3738 22.9887 56.9626 64.7321 129.561 18.5044 143.619 28.181 73.9241 111.118 221.045 50.1344 20.3789 8.1357 10.3232 64.6664 44.2729 10.875 0.000000000417611 30.1264
-64.6077 46.8132 4.75577 2.99334 26.5621 2.24867 60.5993 22.3909 13.875 58.8441 64.7321 129.561 18.5044 150.977 74.6284 35.3902 96.449 221.045 50.1344 23.2237 8.20328 10.3232 64.3923 44.2729 13.6114 0.00000000281125 30.2469
-64.8774 45.5425 4.75577 3.04763 28.3393 2.24867 60.5993 23.3765 13.875 57.2077 65.7477 129.561 22.2529 150.977 76.4222 35.3902 96.2284 217.361 50.1344 20.6243 9.82982 10.3232 70.4162 2.78833 13.6114 0.00000000470065 29.9374
-64.8911 49.379 5.84396 3.04763 24.2932 2.24867 60.5993 18.7656 13.875 57.2832 65.7477 129.561 18.6085 146.749 75.1015 35.3902 99.423 217.361 50.1344 9.50593 11.7065 3.07035 32.4483 2.78833 13.6114 0.00000000237394 32.122
-64.951 49.379 4.5892 3.04763 22.9135 2.24867 60.5993 6.01692 37.0508 57.2832 64.0437 129.561 20.5134 146.749 74.2766 32.6053 99.6385 217.361 50.1344 13.725 27.4082 1.20691 24.6554 2.78833 125.985 0.00000000123372 33.0618
-65.0542 52.7661 4.5892 3.04763 22.9135 1.64652 60.5993 6.01692 36.8118 52.4486 64.0437 129.561 19.2323 146.749 79.7955 32.6053 102.104 217.361 50.1344 37.0804 2.2097 0.323071 84.8145 54.2991 114.699 0.000000000724958 34.4229
-64.1993 51.3029 5.04453 3.04763 21.359 3.04148 60.5993 6.01692 34.1458 52.4486 64.0437 131.853 19.1848 146.749 90.3315 32.6053 89.8795 217.361 50.1344 32.3677 1.41761 0.323071 62.8094 71.2044 106.209 0.00000000353003 36.2339
-64.514 51.3029 4.9797 3.04763 23.1488 3.04148 60.5993 6.01692 34.1458 52.4486 64.0437 131.853 18.9374 154.105 90.3315 39.7954 78.2086 217.361 50.1344 32.3677 1.41761 2.7619 63.4444 71.2044 67.1488 0.00000000389299 32.8132
-66.6582 51.3029 2.74652 2.0132 23.1488 6.39085 60.5993 6.35965 34.1458 53.7385 55.5927 131.853 20.1851 154.105 97.0421 39.7954 78.2086 217.361 50.1344 27.7119 1.41761 11.2595 75.828 52.1454 128.235 0.00000000495499 33.527
-65.2713 51.3029 0.524117 3.34111 23.1488 8.03697 60.5993 6.35965 36.8161 47.4885 55.5927 131.853 20.0579 154.105 97.0421 39.7954 78.2086 217.361 39.6057 21.5817 16.922 15.7243 76.4695 100.823 117.618 0.00000000474453 34.8889
-65.3291 51.3029 1.28223 3.34111 23.1488 8.03697 60.5993 5.84723 36.3588 47.4885 55.5927 131.853 19.9988 154.105 93.5987 39.7954 78.2086 217.361 39.6057 21.5817 13.0386 16.1311 76.4695 66.4566 97.8812 0.0000000046522 34.5869
-64.9112 55.7126 1.40364 3.8974 17.4192 8.03697 60.5993 5.84723 44.6774 37.0624 55.5927 131.853 20.0903 154.105 99.9288 39.7954 78.2086 217.361 39.6057 20.9128 13.9405 17.2115 74.9127 70.3197 68.1373 0.0000000046522 32.9526
-64.9112 55.7126 1.40364 3.8974 17.4192 7.68643 60.5993 5.84723 44.6774 37.0624 55.5927 131.853 20.0449 154.105 98.0835 40.1406 78.2086 217.361 39.6057 20.9128 13.9023 18.0923 84.3509 60.3052 68.1373 0.0000000046522 33.922
-67.8679 46.5211 4.2906 4.62758 17.4192 9.41445 60.5993 18.3783 45.2392 26.4362 70.306 131.853 20.2006 154.105 119.704 20.0863 70.7953 217.361 39.6057 12.2187 13.6613 14.9316 15.4369 68.838 2.87341 0.00000000444069 34.9247
-67.8679 46.5211 3.00278 4.62758 14.5299 16.8528 60.5993 15.3702 44.7493 21.9497 64.2251 131.825 20.2806 154.105 106.341 45.2934 65.8029 213.489 39.6057 27.1454 13.9241 13.4983 2.08449 88.9972 83.7755 0.00000000572332 34.0547
-67.2994 46.5211 3.4643 4.62758 17.2553 13.2874 60.5993 15.3702 44.7493 21.9497 64.2251 131.825 20.3092 154.105 106.341 45.2934 65.8029 213.489 39.6057 21.269 13.0423 13.4983 2.08449 4.65698 49.4804 0.00000000635684 32.1048
-68.9637 46.5211 2.81593 3.87567 17.2553 13.2874 60.5993 15.3702 45.1668 21.9497 70.9058 131.825 20.2568 154.105 102.113 45.2934 65.8029 213.489 39.6057 22.5528 12.9652 21.2198 11.6456 14.3977 44.9069 0.00000000737649 32.3014
-67.8616 46.5211 3.08148 4.78756 20.659 12.8394 46.3952 14.1588 45.1668 21.9497 76.6502 131.825 20.2417 162.601 95.577 25.5452 93.2004 213.489 39.6057 22.223 12.8896 9.70275 37.8507 1.47365 45.2178 0.0000000107069 35.8242
-67.2347 41.1948 1.90419 5.79147 23.5596 20.5459 47.8678 14.1588 45.1668 21.9497 76.615 131.825 19.7043 162.601 91.3915 25.5452 93.2004 218.787 39.6057 26.0027 13.0293 7.55497 32.1837 53.135 50.3035 0.0000000225728 35.589
-65.742 26.36 1.28082 18.5686 23.1998 18.758 42.5579 20.6249 49.6875 18.3522 77.8022 131.825 19.7478 162.601 90.393 25.5452 93.2004 218.787 31.1577 37.3896 12.7337 3.40803 29.6183 48.3441 60.8077 0.0000000195721 32.6385
-67.2785 26.36 3.02026 18.5686 23.022 18.758 42.5579 21.826 49.6875 19.3138 77.8022 131.825 19.8741 162.601 92.7 25.5452 87.7066 218.787 31.1577 37.3896 12.833 3.40803 28.9996 47.0078 26.6935 0.0000000156763 30.9994
-65.4523 23.9508 6.94292 17.788 19.8034 18.758 42.5579 22.0246 45.7484 19.3138 75.9773 246.01 19.8593 49.201 95.1433 29.9292 87.7066 215.86 31.1577 10.1845 12.2766 6.08758 28.7801 86.9778 23.0997 0.00000000629827 30.8737
-65.4523 24.2647 9.08201 17.788 19.8034 15.3389 42.5579 22.0246 38.4968 19.3138 75.9773 246.01 20.3758 49.201 95.3423 29.9292 97.4217 215.86 31.1577 11.729 11.1302 5.63139 31.0332 51.7901 38.8546 0.00000000629827 32.5892
-64.7192 22.7845 12.8389 17.788 19.8034 15.3389 42.5579 31.8176 37.0894 15.864 75.9773 246.01 24.3726 49.201 99.9373 29.9292 81.6082 215.86 31.1577 14.0316 11.1302 8.85483 27.5428 62.9219 32.7988 0.0000000107477 31.0311
-64.8375 20.4362 9.43103 15.5117 19.8034 20.4538 41.0126 31.8176 35.7637 24.2221 74.2018 246.01 15.6345 49.201 83.5148 114.095 10.7971 238.033 36.1179 13.9992 8.45098 8.24795 27.5893 69.6298 108.233 0.0000000277996 33.7957
-66.6181 20.4362 9.43103 15.6671 20.1414 20.4538 41.0126 28.3653 41.4994 24.2221 74.2018 246.01 9.47969 49.201 83.5148 113.981 10.7971 238.033 36.1179 13.9992 12.1678 11.7966 27.2771 55.6097 155.425 0.0000000184577 33.9516
-67.0664 18.7074 12.9394 22.344 19.1925 14.198 41.0126 26.9486 41.4994 24.2221 76.4978 246.01 9.6464 53.3276 71.6229 124.746 10.7971 238.033 36.1179 11.1992 13.1583 11.6126 17.1532 39.3748 181.26 0.0000000349795 36.0041
-67.95 19.7191 12.9394 22.344 19.1925 13.8412 41.0126 31.5575 41.4994 24.6307 76.4978 246.01 4.93594 53.3276 72.1366 124.746 4.44938 238.033 36.1179 15.0304 15.0461 12.4836 1.68134 39.3748 91.0216 0.000000022479 33.2038
-67.4818 19.5688 12.9394 22.344 19.1925 13.8412 41.0775 31.5575 41.4994 24.6307 70.2166 246.01 7.0056 53.3276 71.9297 130.82 4.52507 238.033 36.1179 13.1677 13.6081 12.5503 5.04004 52.6604 67.2653 0.0000000442002 32.6865
-67.4818 16.9866 17.471 22.344 19.1136 12.4913 41.0775 31.5575 41.4994 18.4533 70.2166 255.614 7.86816 53.3276 62.1785 130.82 4.52507 238.033 36.1179 13.1677 13.6081 12.5398 5.04004 22.2736 51.6505 0.0000000187073 32.2854
-67.197 19.5459 17.0768 22.344 14.9536 15.5298 42.113 31.9164 41.4994 18.4533 70.6803 255.614 7.96475 53.3276 62.1785 133.345 4.23348 238.033 43.8509 0.467213 16.8211 11.8688 24.1867 18.202 45.0976 0.0000000660601 35.2763
-67.2155 14.9907 17.0768 19.8214 14.9536 16.877 42.113 37.4189 41.4156 18.4533 70.6803 253.583 7.96475 53.3276 77.2178 133.345 5.34919 238.033 10.1388 4.32892 7.82274 11.9993 24.1867 24.9727 27.6782 0.0000000489051 34.9568
-67.5972 14.9907 17.0768 18.7724 17.4924 21.0545 29.7201 44.2055 34.779 18.7669 70.6803 253.583 7.96475 53.3276 69.7037 133.345 5.34919 238.033 29.8459 2.1024 8.26128 12.1512 9.71554 24.9727 8.4747 0.0000000489051 32.9378
-67.5972 11.2738 16.4893 19.7957 17.4924 26.0062 29.7201 42.7389 34.779 25.0714 76.3571 253.583 7.96475 53.3276 69.7037 133.345 5.34919 231.535 29.8459 2.1024 10.1003 12.1884 3.48013 29.6787 20.0466 0.0000000489051 33.545
-67.1362 10.7148 16.4893 19.7957 17.4924 26.0062 29.7201 43.5819 30.0213 24.2444 62.5485 241.71 21.3462 53.3276 69.7037 121.677 25.8703 231.535 29.8459 5.73532 17.5239 12.1859 7.41927 69.253 31.1693 0.000000057787 33.9885
-66.3522 10.9959 6.26861 16.5597 21.3813 36.9569 25.988 45.4461 36.91 21.2018 37.1464 240.011 35.5737 76.9559 45.2621 121.677 28.3688 231.535 29.8459 7.76575 9.91786 12.1901 5.49653 42.7156 40.3491 0.0000000680698 32.7314
-66.7955 24.3934 5.59411 16.3549 21.3813 32.7526 33.8458 45.4461 15.1904 21.4613 37.1464 240.011 43.7865 76.9559 45.2621 121.677 28.3688 231.535 29.8459 6.84333 17.3759 12.1834 52.0669 42.7156 19.3131 0.0000000410627 35.0287
-67.0065 24.3934 3.85846 16.3549 21.3813 38.0102 43.5616 39.1534 15.1904 21.7834 37.1464 240.011 43.7865 77.6381 45.2621 121.677 30.7756 231.535 29.8459 6.84333 17.3759 12.1953 32.9233 42.7156 19.3131 0.0000000197856 32.6296
-68.1513 26.3537 4.7511 15.4522 21.5965 35.4364 44.2381 40.5028 15.1904 20.5958 27.5294 240.011 33.736 77.6381 45.2621 123.962 41.3559 231.535 29.8459 12.1038 17.3759 12.1831 26.0534 16.2435 49.0396 0.0000000275972 33.0346
-68.7024 25.2432 6.33001 15.1702 21.5965 35.4364 41.1799 40.2248 15.1904 21.6618 27.5294 240.011 29.7114 77.6381 54.5259 126.22 41.2365 231.535 29.8459 12.1038 17.3759 12.1741 20.1503 16.1216 54.8933 0.000000044522 33.4829
-68.3992 25.2432 6.33001 15.1702 21.5965 35.4364 41.1799 44.0507 12.2565 21.3435 27.5294 240.011 29.7114 77.6381 54.5259 128.456 41.1681 231.535 29.8459 11.7221 17.3759 12.1541 21.6037 16.1216 54.8825 0.000000044522 33.8351
-68.693 25.2432 6.33001 14.1517 21.5965 35.4364 41.1799 46.602 12.2565 21.1375 13.5956 240.011 38.4297 77.6381 54.5259 128.456 41.429 220.421 43.3487 11.8789 17.5319 12.1622 30.1364 15.16 67.885 0.0000000665638 36.864
-68.7524 25.2432 6.33001 14.3269 21.5965 35.4364 44.795 46.9148 12.2565 21.1375 13.5956 240.011 38.4297 77.6381 54.5259 128.456 41.3622 220.421 43.3487 10.5728 13.7657 12.1577 22.99 8.2986 67.885 0.0000000665638 34.8813
-68.6345 25.2432 6.14696 15.6577 21.9154 27.1379 44.795 53.2001 12.2565 21.152 13.5956 242.893 45.1032 77.6381 54.5259 116.433 41.0452 220.421 43.3487 14.5194 7.15267 12.1556 28.2129 10.1951 1.03517 0.000000122761 35.8197
-68.5585 28.6916 5.80773 12.7875 21.3006 14.7065 53.0257 54.0788 11.3423 23.2149 13.5956 242.893 46.8958 77.6381 54.5259 116.433 42.7818 220.421 32.1801 21.1518 14.626 12.153 24.8952 29.3184 12.4824 0.0000000749431 34.115
-68.709 28.6916 3.87617 20.2203 13.6595 20.844 53.0257 54.3784 11.3423 23.4012 13.5956 242.893 39.2214 77.6381 54.5259 116.433 45.1764 220.421 32.1801 17.9922 14.9503 11.5524 9.26602 66.5619 86.0629 0.000000108407 36.5782
-68.8066 28.6916 3.87617 20.2203 13.6595 20.097 53.0257 54.0979 11.3423 23.5959 13.5956 242.893 39.2214 77.6381 54.5259 120.885 45.4521 220.421 32.1801 15.3301 11.0036 11.5524 10.8471 37.6528 96.4734 0.000000102869 36.9777
-68.7364 28.6916 3.87617 20.3728 13.6595 20.097 53.0257 54.0979 11.3423 23.5078 13.5956 242.893 39.2214 77.6381 54.5259 120.885 45.4521 220.421 32.1801 21.0657 11.0036 11.4396 4.16863 31.0101 29.1276 0.000000102869 34.4017
-68.7005 28.6916 4.71553 18.9085 13.6595 20.097 53.0257 56.2443 11.3423 23.4421 13.5956 242.893 38.734 97.0862 43.6164 98.5821 45.4521 220.421 32.1801 21.0657 11.0036 12.0492 4.16863 31.0101 29.1276 0.000000339404 41.7837
-68.6065 22.4262 4.71553 16.4806 20.246 20.6741 49.4143 56.2443 11.3423 23.2939 13.5956 242.893 23.3371 97.0862 70.3399 98.5821 47.3565 220.421 32.1801 21.0657 9.4437 12.0492 2.78881 31.0101 31.4705 0.000000199609 36.4969
-68.6145 28.4257 4.71553 16.9031 20.3963 21.174 45.6224 55.2411 11.3423 25.0582 13.5956 242.893 23.3371 97.0862 70.3399 98.5821 42.9227 220.421 32.1801 6.73367 34.8445 11.8517 5.20024 68.0671 23.711 0.000000205278 36.8155
-68.6145 28.4257 4.71553 16.7076 19.2074 21.174 45.6224 54.0373 11.3423 23.835 13.5956 242.893 23.3371 97.0862 74.9306 98.5821 42.9227 220.421 32.1801 8.49379 34.8445 10.2197 4.74736 68.0671 17.7934 0.000000205278 35.2713
-68.6021 29.7359 4.71553 16.7076 16.2097 21.7451 45.6224 54.4873 11.3423 23.1839 13.5956 242.893 23.3371 97.0862 74.9306 98.5821 42.9227 220.421 32.1801 9.15069 34.8445 10.1647 22.6062 32.4001 17.7934 0.000000206183 34.9003
-68.6022 29.274 4.00275 16.7861 15.7453 21.8074 42.067 54.4873 11.3423 30.9833 11.8791 242.893 21.1281 97.0862 74.9306 98.5821 42.9227 220.421 32.1801 6.80311 34.8445 7.87064 19.0149 38.6236 17.7934 0.000000543396 36.5888
-68.5998 29.274 4.00275 17.0958 15.7453 12.6566 47.4376 56.8995 11.3423 38.3048 10.8875 242.893 23.3419 97.0862 72.9064 102.239 42.9227 220.421 32.1801 5.05042 35.5131 4.33128 19.9498 42.3225 8.37497 0.0000000956785 39.3759
-68.5987 33.0068 5.76947 17.0343 15.7453 12.6566 47.4376 56.7346 11.3423 28.4194 10.8875 255.553 25.7805 97.0862 61.2733 102.239 42.9227 220.421 32.1801 4.35058 17.3196 22.0682 7.01853 30.9736 20.1668 0.000000131077 34.0504
-68.6009 33.0068 5.76947 17.1204 15.7453 12.6566 47.4376 56.7346 11.3423 28.4194 10.8875 255.553 25.7805 97.0862 61.2733 102.239 42.9227 220.421 32.1801 4.35058 17.3196 34.4909 9.89798 24.9844 20.1668 0.0000000923881 35.6271
-68.5871 33.0068 2.09281 20.2993 15.7453 12.6566 47.4376 56.7346 10.1581 26.112 14.187 255.553 21.4886 97.0862 61.2733 102.239 41.5717 220.421 32.1801 8.24392 17.3196 34.4909 8.13011 24.9844 148.728 0.0000000730705 37.336
-68.6289 33.0068 2.09281 25.3727 16.2288 12.6566 47.4376 53.8881 4.74615 26.0899 14.187 255.553 29.3825 97.0862 61.2733 102.581 41.5717 220.421 32.1801 4.28067 12.011 38.855 34.6301 20.8549 148.728 0.000000135202 39.5823
-68.4844 37.4686 2.09281 25.3727 16.2288 3.62705 52.2324 55.7051 10.0305 26.0899 14.187 255.553 29.3825 82.2469 68.9383 102.581 41.5717 220.421 32.1801 7.22157 8.87228 27.8381 48.5836 22.7988 129.191 0.000000135202 37
-67.3601 37.4686 2.09281 25.3727 15.0669 3.62705 53.6081 51.5635 14.8138 26.0899 14.187 255.553 29.3825 82.2469 54.7925 102.581 41.5717 220.421 32.1801 5.45698 3.91334 33.6969 48.5836 6.37711 129.191 0.000000135202 38.8901
-67.4392 37.4686 2.09281 27.2348 12.4401 3.58093 45.7969 50.2861 15.001 32.2594 14.187 260.777 29.3825 82.2469 54.7925 102.581 41.5717 220.421 49.5842 5.4602 3.62351 23.1163 35.9818 10.179 123.696 0.000000170736 36.5358
-68.175 37.4686 2.09281 29.977 14.8268 3.58093 37.6811 50.2861 17.2261 33.1013 14.187 260.777 34.6961 82.2469 54.7925 102.581 41.5717 220.421 49.5842 4.78878 4.0598 4.26328 19.2698 29.9926 55.991 0.0000000328819 34.7857
-68.3787 37.4686 2.09281 31.3056 15.464 3.58093 37.6811 47.3476 16.3689 33.1013 14.187 260.777 34.6961 82.2469 54.7925 102.581 39.1764 220.421 49.5842 6.9126 4.42119 22.6951 26.1107 29.9926 90.4779 0.0000000181583 38.2786
-62.8624 37.4686 2.92236 31.3056 11.2461 3.58093 39.3115 46.5992 23.6399 33.1013 14.187 260.777 34.1508 82.2469 54.7925 100.662 39.1764 206.488 49.5842 4.53575 14.5857 29.8485 28.8995 22.0545 57.5894 0.00000000721017 34.6887
-67.0989 37.4686 2.92236 31.2561 10.512 3.58093 32.4457 46.5992 23.6399 33.1013 14.187 260.777 19.2524 82.2469 54.7925 100.662 62.9304 206.488 49.5842 2.75831 23.7024 20.2512 44.28 128.609 57.5894 0.0000000028193 34.1143
-66.5936 37.4686 2.92236 31.2561 10.4683 3.58093 31.2082 46.5992 33.6564 33.1013 14.187 260.777 16.9834 82.2469 53.9371 100.662 63.5853 207.833 49.5842 4.09982 12.2774 29.8506 32.146 126.619 125.14 0.00000000461961 33.7281
-65.4476 37.4686 2.92236 31.2561 8.33589 3.58093 26.4316 48.2545 33.6564 32.4235 14.187 260.777 22.0287 82.2469 53.9371 102.71 56.8118 208.899 49.5842 3.89424 12.2774 35.1447 34.0714 144.679 67.1908 0.00000000184388 34.5571
-67.0886 38.3749 1.87637 31.2561 11.1611 6.17241 26.4316 50.6554 33.6564 30.3512 14.187 260.777 20.4814 82.2469 53.9371 102.71 59.8249 208.899 49.5842 3.92592 10.0103 28.8059 17.5778 85.0799 34.0257 0.000000001247 32.0908
-64.9423 38.3749 1.87637 28.9054 9.94155 4.24509 27.3718 45.0245 33.6564 36.1829 14.187 260.777 17.5861 82.2469 54.0012 102.71 59.8249 232.137 29.5373 3.42812 4.54542 9.65081 17.5778 84.3998 132.865 0.00000000109536 33.8256
-64.0049 38.3749 1.87637 30.4104 10.1189 4.24509 27.3718 45.0245 33.6564 35.5588 14.187 260.777 17.5861 82.2469 54.0012 102.71 59.8249 236.494 5.61767 6.29094 14.0261 8.98127 31.003 66.4272 132.865 0.000000000296269 35.0017
-63.6538 39.4057 1.87637 27.683 10.1189 4.24509 27.3718 41.6485 35.9565 42.4193 14.187 260.777 17.574 82.2469 54.0012 102.71 59.8249 236.494 5.61767 4.15731 17.721 11.4024 43.8422 65.8451 24.8581 0.000000000362709 33.4562
-63.3818 39.4057 1.87637 28.9818 10.1189 4.24509 27.3718 41.6485 35.9565 41.8152 14.187 260.777 17.574 82.2469 54.0012 102.71 59.8249 236.494 5.61767 2.40065 17.721 14.3827 14.7726 87.3998 31.3572 0.00000000131561 33.7654
-64.5597 39.4057 1.87637 29.6442 10.1189 4.24509 27.3718 41.6485 35.9565 41.8152 14.187 260.777 17.574 82.5591 54.0012 102.71 59.8249 236.494 5.61767 6.44707 23.63 14.3827 19.799 87.3998 27.3708 0.00000000181274 32.5201
-64.6494 52.599 1.87637 23.3463 7.75414 4.24509 8.44801 42.7361 49.0774 41.8152 14.187 260.777 14.2352 82.5591 54.0012 93.3182 58.866 236.494 5.61767 15.1961 48.9585 10.2077 11.8665 77.9891 48.2107 0.00000000274703 39.2257
-65.3087 52.599 1.87637 21.0619 7.75414 4.5587 8.44801 44.7594 49.0774 41.6336 14.187 260.777 18.115 82.5591 54.0012 93.3182 55.2612 236.494 5.61767 17.1721 48.9585 2.60308 28.6715 77.9891 36.8146 0.00000000411114 37.6048
-65.1396 52.599 1.87637 21.1409 7.75414 0.357007 8.44801 44.3661 46.2646 41.6561 15.3364 260.777 12.4851 82.5591 57.5512 85.3567 69.8169 254.417 8.25771 16.9727 28.0815 2.9192 16.1426 46.0421 58.7903 0.00000000468136 36.4834
-65.9443 52.599 1.87637 21.1409 10.6061 0.107253 9.02984 44.3661 50.5722 41.7013 15.3364 260.777 12.4851 82.5591 57.5512 85.3567 69.8169 248.657 8.25771 16.7032 28.0815 3.40368 13.1276 46.0421 58.6463 0.00000000210431 33.6531
-66.0352 52.3475 2.97 22.5801 7.7565 0.107253 9.02984 44.3661 50.5722 41.7004 15.3364 260.777 13.0831 82.5591 61.1733 85.3567 71.1883 248.657 8.25771 18.6059 16.6969 3.79248 58.2915 46.0421 47.6468 0.00000000136228 32.0438
-66.3635 52.3475 2.97 22.9335 7.7565 0.107253 9.02984 40.374 50.5722 41.6872 18.2171 260.777 12.4348 82.5591 61.1733 85.3567 68.044 248.657 8.25771 18.3996 16.6969 13.8179 58.2915 46.0421 36.3105 0.00000000283946 33.1678
-66.3635 52.3475 3.24304 22.2619 7.7565 0.107253 9.02984 47.2351 50.5722 41.6962 18.2171 260.777 12.4348 82.5591 61.1733 85.3567 63.0645 248.657 8.25771 18.1559 16.6969 7.30855 7.35392 58.0628 7.53146 0.000000000236753 29.7991
-66.0351 52.3475 3.24304 22.2619 7.7565 0.107253 9.02984 48.2483 50.5722 42.1868 18.2171 260.777 13.2921 82.5591 61.1733 85.3567 64.8873 248.657 8.25771 18.4295 16.6969 7.10384 20.1679 14.2549 35.404 0.000000000236753 28.7013
-65.965 52.3475 3.24304 22.2619 8.54836 0.107253 9.02984 48.2483 50.5722 40.3202 18.2171 258.602 11.7956 82.5591 60.7957 87.6527 67.8274 248.657 8.25771 18.4295 1.41246 12.3422 21.162 86.3171 17.3075 0.00000000721313 34.4214
-65.7215 52.3475 3.24304 22.2619 8.54836 0.107253 9.02984 48.2483 50.5722 33.1797 18.2171 258.602 11.8357 88.2499 60.7957 86.4144 64.7665 248.657 8.25771 18.4295 16.7529 18.0132 46.0563 6.53802 10.7574 0.00000000173662 32.9936
-65.5241 52.3475 3.24304 22.2619 8.54836 0.107253 9.02984 51.8765 50.5722 29.4745 18.2171 258.602 11.8357 88.2499 60.7957 86.4144 64.7162 248.657 8.25771 19.4697 16.7529 15.2455 34.1369 6.53802 17.8238 0.00000000173662 32.2935
-65.8312 52.3475 3.24304 22.2619 8.54836 0.107253 9.02984 50.4796 50.5722 29.4745 18.2171 258.602 15.4991 88.2499 60.7957 79.1185 65.2185 248.657 8.25771 18.7875 17.5863 16.6672 32.3351 0.535795 17.8238 0.00000000173662 33.6122
-65.8312 52.3475 3.24304 22.2619 8.83529 0.107253 9.02984 46.6722 50.5722 29.4745 57.2593 225.495 14.8186 88.2499 60.7957 79.1185 71.4934 248.657 8.25771 19.0602 17.5863 16.6672 21.4672 73.227 12.8283 0.000000000112032 33.6227
-64.7729 52.3475 3.24304 22.2619 6.88979 0.107253 9.02984 46.6722 50.5722 29.5549 57.2593 225.495 14.8186 88.2499 60.7957 80.1814 62.4333 248.657 17.6278 19.0363 12.5964 10.6756 14.1091 3.50959 3.40304 0.000000000112032 29.2961
-64.7655 52.3475 2.89931 22.0995 6.88979 0.107253 17.7697 45.0801 50.5722 29.5549 57.2593 225.495 14.8186 88.2499 57.1545 75.0158 58.3669 248.657 26.8586 16.2224 8.36683 15.1436 65.3624 35.9742 10.5927 0.000000000112032 31.0146
-64.0494 53.3613 2.89931 22.0617 5.02837 0.107253 17.7697 45.8215 50.5722 29.3271 57.2593 225.495 10.5909 88.2499 63.3343 75.0158 58.3669 247.785 26.8586 17.2929 8.36683 15.1436 65.3624 35.9742 10.5927 0.000000000112032 30.5169
-64.0494 53.3613 2.89931 22.0617 6.7888 0.107253 17.7697 45.8215 50.5722 29.3271 57.2593 225.495 8.60957 88.2499 63.3343 75.0158 58.3669 247.785 26.8586 17.2929 9.03928 19.79 71.5637 35.9742 8.64563 0.000000000112032 30.808
-64.0494 53.3613 2.89931 21.9578 6.45771 0.107253 17.7697 45.8215 50.5722 30.4456 57.2593 225.495 8.81057 88.2499 63.3343 75.0158 58.3669 247.785 26.8586 20.9682 9.03928 11.5971 71.5637 43.4576 10.5527 0.000000000112032 30.9587
-65.1858 52.666 2.89931 21.9578 6.04287 0.107253 17.2528 45.8215 50.5722 31.5257 57.2593 225.495 10.5545 88.2499 63.3343 75.0158 52.3173 247.785 26.8586 24.0299 6.61702 11.5971 71.5637 31.1046 12.1213 0.000000000547582 32.8615
-65.9681 52.666 2.89931 21.9578 5.30045 2.76592 17.2528 48.465 46.9889 34.103 57.2593 225.495 3.71833 88.2499 63.3343 75.0158 58.2709 247.785 26.8586 24.2464 8.45269 7.78304 71.5637 33.4737 13.5194 0.000000000547582 30.8121
-66.2084 52.666 2.89931 21.9578 5.30045 2.76592 17.2528 48.465 46.9889 36.0389 57.2593 225.495 9.58731 88.2499 63.3343 69.619 58.2709 247.785 26.8586 24.2464 10.7772 7.78304 100.13 24.4878 13.5194 0.000000000547582 30.585
-66.9535 52.666 2.89931 21.9578 5.17617 2.76592 17.2528 48.465 46.9889 36.0389 57.2593 225.495 12.0383 88.2499 63.3343 69.619 58.2709 247.785 26.8586 24.2464 10.7772 4.28761 63.4385 18.3484 17.9365 0.000000000547582 28.8084
-66.9366 48.4661 2.89931 21.9578 5.17617 4.2117 17.2528 48.465 46.9889 32.6774 53.6583 225.495 14.6387 88.2499 63.3343 70.4459 65.249 247.785 14.4239 24.2464 19.3922 4.28761 22.8625 11.597 12.2036 0.000000000547582 29.2581
-67.5202 48.4661 0.883526 18.2088 5.10038 4.2117 17.2528 48.465 46.9889 30.6919 53.6583 225.495 14.6387 88.2499 63.3343 76.2414 65.0615 247.785 14.4239 24.2464 19.3922 4.28761 27.9096 11.597 3.62374 0.000000000547582 34.8551
-67.5202 48.4661 7.81447 18.2088 5.95455 4.2117 25.0259 48.465 36.6116 35.3007 53.6583 225.495 22.9195 72.154 63.3343 76.2414 62.867 247.785 14.4239 16.8949 19.3922 4.28761 45.6928 36.7157 6.78289 0.000000000547582 29.9227
-64.0605 48.4661 7.81447 18.2088 6.34101 4.2117 25.0259 48.465 36.6116 36.6246 53.6583 225.495 22.0235 72.154 63.3343 76.2414 62.241 247.785 14.4239 20.2097 10.0921 12.0101 22.7285 5.03264 99.1043 0.000000000547582 31.0266
-64.1911 48.8107 5.91087 31.2052 7.14838 2.27857 25.0259 67.9088 24.046 37.6589 53.6583 225.495 20.8344 64.2275 63.3343 76.2414 61.5519 247.785 14.4239 24.494 6.30742 11.6841 22.7285 18.7302 1.96105 0.000000000677722 31.1837
-65.5816 48.8107 5.91087 31.2052 7.36855 2.27857 25.0259 67.9088 24.046 38.4991 53.6583 225.495 20.8344 64.2275 63.3343 76.2414 61.456 247.785 14.4239 21.1262 3.46085 11.6841 41.2252 18.7302 33.0992 0.000000000677722 30.9659
-65.7124 48.8107 5.91087 31.2052 8.63129 2.27857 17.6822 67.9088 24.046 39.9911 52.7468 225.495 20.8344 64.2275 63.3343 76.2414 62.4735 247.785 14.4239 32.3893 3.90313 11.6841 8.38519 18.7302 30.1274 0.000000000677722 31.3162
-66.0844 48.8107 7.80307 31.2052 9.10002 2.27857 17.6822 65.6449 24.1773 41.0598 52.7468 231.329 11.4454 64.2275 63.3343 90.99 52.5074 247.785 14.4239 30.0987 6.3965 2.88405 12.455 22.2983 7.27352 0.000000000677722 33.931
-65.9853 49.4355 2.67928 8.89772 9.10002 30.4506 13.901 65.6449 24.1773 36.3603 52.7468 231.329 11.4454 64.2275 63.3343 91.9042 52.5074 247.785 14.4239 27.7788 6.62774 11.2901 40.7927 33.8363 4.35811 0.000000000677722 33.0673
-65.8503 49.4355 2.67928 8.94795 11.6507 30.4506 13.901 65.6449 24.1773 39.8687 52.7468 231.329 11.4454 64.2275 63.3343 91.9042 55.3894 247.785 14.4239 25.1762 11.1545 10.1282 52.1376 33.8363 4.35811 0.000000000677722 32.7479
-65.5828 49.4355 2.67928 7.83925 11.6507 31.441 13.901 65.6449 24.1773 43.5196 52.7468 231.329 7.83635 64.2275 63.3343 91.9042 55.3894 247.785 14.4239 20.7415 14.4737 11.6268 58.8121 19.2483 28.8267 0.000000000677722 31.4663
-65.5791 49.4355 1.78796 7.83925 11.4908 31.441 13.901 65.6449 25.2026 44.758 52.7468 231.329 4.6338 64.2275 63.3343 84.8198 55.3894 246.691 14.4239 29.3921 14.4737 14.0775 59.2035 32.1403 115.418 0.000000000677722 33.8447
-65.5791 49.4355 1.78796 7.83925 12.3916 31.441 13.901 65.6449 25.2026 45.7023 52.7468 231.329 4.6338 64.2275 63.3343 84.8198 53.6657 246.691 14.4239 29.3921 15.4964 14.0775 59.2035 37.1228 115.418 0.000000000677722 34.6085
-65.5404 43.161 1.78796 7.40043 12.3916 35.1742 15.7185 65.6449 25.2026 46.612 52.7468 231.329 13.4829 64.2275 63.3343 84.8198 55.1635 246.691 14.4239 28.0679 3.11693 9.88755 25.378 41.2372 137.421 0.000000000677722 33.0078
-66.0833 43.161 1.78796 7.6767 12.3916 35.1742 15.7185 65.6449 25.2026 46.612 52.7468 229.707 8.82592 64.2275 63.3343 93.7124 55.1635 246.691 14.4239 8.35458 13.6748 14.5034 48.5974 56.8266 137.421 0.000000000677722 32.6106
-66.0833 43.161 1.78796 8.23798 12.3916 35.1742 15.7185 65.6449 25.2026 47.2138 52.7468 229.707 8.82592 68.1162 40.7504 93.7124 61.014 246.691 14.4239 8.35458 1.13431 21.3682 19.7136 75.258 105.578 0.000000000677722 32.615
-66.004 43.161 1.78796 8.26106 12.3916 35.1742 15.7185 65.6449 25.2026 41.907 52.7468 229.707 14.1505 68.1162 40.7504 93.7124 60.9415 246.691 14.4239 8.35458 17.0701 31.9075 19.7136 90.3516 105.578 0.000000000677722 33.277
-66.004 43.161 1.78796 7.94867 12.8303 35.1742 15.7185 65.6449 25.2026 45.856 59.1962 229.707 9.38919 68.1162 40.7504 93.7124 60.9415 246.691 14.4239 3.32875 17.0701 33.0044 19.7136 90.3516 15.7462 0.000000000677722 30.4575
-65.303 43.161 1.78796 9.3735 13.3116 34.7634 15.7185 65.6449 22.5547 47.7611 59.1962 229.707 9.38919 68.1162 40.7504 93.7124 60.9415 246.691 14.4239 3.32875 17.0701 24.2791 39.9687 90.3516 11.9902 0.000000000677722 30.976
-65.5726 43.161 1.78796 8.32056 13.3116 21.8866 15.7185 75.8806 34.43 46.9871 52.3716 229.707 8.99954 68.1162 40.7504 93.7124 60.9415 246.691 14.4239 2.49369 25.1894 17.9815 28.2195 61.8331 11.9902 0.000000000677722 36.2606
-64.6703 43.161 1.78796 7.99044 13.293 21.8866 15.7185 75.8806 34.43 38.5382 52.3716 229.707 7.85522 68.6117 40.7504 93.7124 60.9415 246.691 25.7846 7.1734 15.3834 10.5525 23.8299 62.6717 0.499874 0.000000000677722 34.5867
-65.2424 43.161 1.78796 8.66657 12.318 22.5383 13.1094 75.8806 34.43 42.0301 52.3716 229.707 7.85522 68.6117 40.7504 93.7124 65.029 246.691 25.7846 4.75138 28.3124 3.91217 73.1097 24.9916 75.151 0.000000000677722 33.0011
-66.27 43.161 4.89173 8.66657 10.2419 19.851 13.1094 75.8806 34.43 40.3531 52.3716 188.713 7.85522 96.7814 55.7958 93.7124 72.386 246.691 15.6904 6.52273 29.186 3.91217 41.8858 24.9916 66.6017 0.000000000677722 29.2814
-66.4522 43.161 4.89173 8.66657 9.79727 19.851 9.39303 75.8806 33.9865 51.5159 52.3716 188.713 6.96301 96.7814 71.9565 75.1321 65.19 246.691 15.6904 6.52273 27.2083 11.9404 41.8858 26.7382 86.6829 0.000000000677722 31.5195
-66.4522 43.161 4.89173 7.82782 9.79727 19.851 9.39303 75.8806 33.9865 51.5159 52.3716 188.713 7.01218 96.7814 83.9084 75.1321 56.1162 246.691 15.6904 6.52273 22.4137 12.575 4.13627 26.7382 7.73603 0.000000000677722 28.3914
-65.8245 43.161 4.89173 9.80013 8.10473 19.851 0.627686 63.4546 33.9865 50.5674 61.2854 196.046 6.32292 93.8277 94.2868 65.2006 56.1162 256.149 15.6904 1.68866 26.0543 7.84233 4.13627 37.9756 30.0472 0.000000000677722 32.0984
-65.9786 43.161 4.89173 9.80013 9.65625 19.851 0.627686 71.3047 30.1955 51.8189 61.2854 196.11 11.6397 93.8277 94.2868 56.4876 56.1162 256.149 12.0867 2.9503 33.4987 7.36618 10.5345 52.1521 31.2348 0.000000000677722 30.9243
-65.8503 43.161 4.89173 9.80013 6.87443 19.851 0.627686 65.9519 30.1955 52.5677 61.2854 196.11 13.3286 93.8277 94.2868 61.8202 56.1162 256.149 12.0867 2.64629 33.4987 18.6628 18.096 117.325 15.7732 0.0000000292499 37.9822
-65.9563 43.161 4.89173 9.80013 6.87443 19.851 0.627686 64.0791 30.1955 53.0287 121.287 189.875 13.3286 46.4538 94.4448 61.8202 56.1162 256.149 12.0867 2.64629 22.503 9.71803 22.7265 117.325 14.9258 0.0000000228727 34.8867
-66.0341 43.161 10.242 6.5758 7.293 19.851 3.65564 60.316 30.1955 58.8797 121.287 189.875 3.67015 46.4538 98.9615 61.8202 49.5191 256.149 12.0867 0.317606 22.503 20.0445 25.6328 168.339 4.73377 0.0000000151763 35.5558
-66.054 43.161 10.242 6.5758 7.4024 18.227 3.65564 60.316 30.1955 58.5608 121.287 189.875 1.26147 46.4538 99.8362 61.8202 49.5191 256.149 12.0867 0.317606 27.6301 19.5112 13.0529 177.327 4.73377 0.00000000982222 36.5527
-66.3638 43.161 10.242 6.95372 10.895 17.5376 3.65564 60.316 32.4589 50.2036 121.287 236.752 1.26147 5.17728 99.8362 61.8202 49.5191 256.149 13.562 2.08959 27.6301 13.4323 13.0529 188.56 18.1255 0.0000000115654 36.2434
-65.6686 43.161 10.242 6.95372 10.895 17.5376 3.65564 60.5781 35.1189 52.0249 55.1795 236.752 7.56363 66.8644 100.485 54.3158 49.5191 260.101 13.562 4.62784 0.521779 10.833 13.0529 188.56 18.1255 0.00000000831012 35.31
-65.6686 43.161 10.242 9.34147 7.98754 17.5376 3.65564 60.5781 35.1189 52.0249 55.1795 236.752 7.56363 66.8644 99.8056 54.3158 49.5191 260.101 13.562 5.21288 1.75715 4.73369 10.929 130.325 18.1255 0.00000000494455 32.4106
-65.4215 43.161 10.242 9.34147 7.98754 17.5376 3.65564 60.5781 35.1189 48.2283 55.1795 236.752 3.3302 66.8644 99.8056 54.3158 49.5191 260.101 13.562 13.0063 2.59104 11.3327 10.929 9.7478 18.1255 0.00000000397171 32.7521
-65.8936 43.161 10.242 10.5886 7.98754 17.5376 3.65564 60.5781 35.1189 50.8119 55.1795 236.752 3.85566 66.8644 98.7531 54.3158 49.5191 260.101 13.562 3.21848 24.1302 11.0096 21.5918 9.7478 43.4866 0.00000000633067 31.0869
-65.7689 43.161 10.242 10.5886 7.98754 15.9668 3.65564 60.5781 35.1189 50.8119 55.1795 236.752 3.85566 66.8644 102.798 54.8989 49.5191 260.101 13.562 3.21848 24.1302 7.37266 21.7822 9.7478 41.0198 0.00000000633067 30.7376
-65.7689 43.161 10.242 10.5886 7.98754 15.9668 3.65564 60.5781 35.1189 50.8119 55.1795 236.752 5.88055 66.8644 102.798 54.8989 49.5191 260.101 13.562 3.21848 17.1639 4.23818 21.7822 28.1793 41.0198 0.00000000633067 30.7306
-67.1941 43.161 10.242 10.5886 7.98754 15.9668 3.65564 60.5781 37.0195 50.8119 55.1795 236.752 4.38022 66.8644 102.798 54.8989 51.0509 260.101 13.562 3.21848 17.1639 4.23818 20.6011 125.358 41.0198 0.00000000633067 35.0102
-65.8943 44.3906 9.71032 10.5886 7.6485 16.3092 3.65564 60.5781 37.6231 50.8119 55.1795 236.752 4.38022 66.8644 114.986 59.5687 33.5718 260.101 13.562 3.00867 16.4448 4.32575 20.6011 83.3993 33.9297 0.00000000633067 35.9137
-65.8943 44.3906 6.59659 10.5886 7.33592 14.0169 12.2757 55.6538 37.4775 51.9957 55.1795 236.752 8.12862 64.2823 114.986 57.3541 33.5718 260.101 13.562 12.3499 18.784 5.8883 27.144 9.86291 33.9297 0.00000000633067 30.6699
-65.8943 40.3271 6.59659 15.8473 7.33592 13.888 12.2757 55.6538 37.4775 47.3726 55.1795 236.752 8.12862 67.3975 114.986 57.3541 33.5718 260.101 13.562 5.8359 15.2772 11.111 27.144 13.3752 10.2279 0.00000000685889 29.3787
-65.3695 42.6118 5.11936 15.8473 5.51802 18.1886 10.3358 48.6586 37.4775 48.0677 61.496 236.752 12.8722 60.4752 114.986 57.3541 33.5718 260.101 13.562 1.81465 10.2008 7.54423 31.721 38.3907 10.2279 0.000000014229 30.5542
-65.3695 42.6118 5.11936 15.8473 6.07437 18.572 10.5119 48.6586 37.2646 47.4888 61.496 236.752 2.07952 60.4752 131.831 53.0476 33.5718 251.006 20.0076 2.43737 10.2008 9.54194 28.0335 38.3907 46.5128 0.0000000189774 32.6509
-63.2977 37.9012 5.4128 15.8473 7.20998 24.1785 10.5119 48.6586 38.3455 47.6445 74.0064 236.752 2.07952 52.7321 130.461 65.2443 9.73613 259.549 20.0076 0.553657 6.31756 5.9227 22.8414 24.0859 11.2754 0.0000000193386 36.7395
-65.4738 37.9012 5.4128 14.6069 6.29801 24.1785 10.3109 48.6586 38.3455 50.7641 74.0064 236.752 2.07952 52.7321 126.564 65.2443 9.73613 259.549 20.0076 1.74797 7.03431 10.3146 8.16534 19.9456 15.2662 0.0000000394911 33.9794
-65.1142 37.9012 5.4128 14.6069 6.29801 24.1785 9.81816 48.6586 38.3455 51.2767 74.0064 236.752 2.07952 53.8622 126.564 65.2443 9.73613 259.549 20.0076 11.3073 21.1562 7.97744 40.2801 18.4783 15.2662 0.000000244935 35.2469
-65.1142 37.9012 3.86316 14.6069 7.22805 24.1785 9.81816 48.6586 38.3455 51.2767 74.0064 236.752 2.07952 53.8622 126.564 65.2443 9.73613 259.549 12.0225 11.4332 21.1562 7.97744 25.4357 52.2495 16.5198 0.000000291962 36.2485
-66.1567 32.1249 6.10331 17.8409 9.79476 24.1785 9.81816 48.6586 38.3455 51.2767 74.0064 236.752 2.07952 53.8622 126.564 67.6032 9.73613 259.549 12.0225 11.995 16.4211 6.17758 25.4357 48.7618 16.5198 0.000000439877 34.0994
-67.0106 30.1675 6.35847 17.8409 12.3506 23.0874 9.81816 48.6586 38.3455 55.7243 74.0064 236.752 2.07952 53.8622 126.564 67.6032 9.73613 259.549 12.0225 14.0216 13.4185 6.17758 25.5361 12.7691 31.3064 0.0000000801486 33.8475
-67.0106 30.1675 6.35847 17.8409 11.7252 23.0874 9.81816 48.6586 38.3455 55.7243 74.0064 236.752 2.07952 53.8622 126.564 67.6032 9.73613 259.549 12.0225 12.1919 13.4185 5.93897 38.7728 5.73839 47.0559 0.0000000157269 32.9406
-64.858 35.999 6.30602 17.8409 8.25419 29.0318 9.81816 48.6586 28.3134 52.1964 73.4851 269.541 13.7573 17.4138 126.564 67.6032 9.73613 239.698 12.0225 11.6367 14.2837 9.37854 21.9889 23.2711 1.61932 0.000000165408 37.2025
-66.9347 35.999 6.30602 12.5757 13.2527 26.153 9.81816 48.6586 28.3134 65.4261 73.4851 269.541 13.7573 17.4138 126.564 67.6032 9.73613 256.162 1.65285 19.8498 14.0503 7.05159 7.31833 20.7736 86.5808 0.0000000996498 42.0323
-67.9313 35.1144 19.5608 8.82693 13.877 24.8774 9.28572 31.119 28.3134 63.3785 73.4851 269.541 13.7573 17.4138 126.564 67.6032 13.4386 256.162 1.65285 17.8613 15.9986 7.05159 7.31833 20.7736 98.422 0.000000174845 40.3793
-65.8291 35.1144 19.5608 8.22037 13.7932 24.8774 9.28572 25.7172 38.8381 63.3785 68.1676 269.541 15.7122 17.4138 126.564 67.6032 13.4386 256.162 1.65285 21.1774 15.4522 7.05159 2.86068 11.2281 110.359 0.000000174845 36.9584
-65.7138 35.1144 19.5608 8.22475 13.2766 24.8774 12.3401 25.7172 38.8381 60.2932 68.1676 269.541 15.7122 17.4138 126.564 67.6032 13.4386 256.162 1.65285 24.3743 15.4522 7.05159 2.86068 13.5358 106.391 0.00000036239 37.274
-65.5865 35.1144 19.5608 10.5914 13.2766 24.8774 7.75761 25.7172 38.8381 60.2932 68.1676 269.541 16.6902 17.4138 126.564 67.6032 13.4386 256.162 1.65285 24.1584 15.6005 7.05159 21.0887 5.20285 61.9793 0.0000000717837 38.0573
-66.3316 22.4925 19.5608 10.5914 19.6541 18.5336 5.42734 25.7172 42.1397 80.6814 68.1676 269.541 16.6902 17.4138 139.918 46.6621 13.4386 256.162 1.65285 18.6742 15.6679 7.05159 10.7441 10.8748 4.94297 0.0000000717837 37.8284
-66.3316 22.4925 19.5608 13.3474 19.6541 18.5336 5.42734 25.7172 42.1397 80.6814 68.1676 269.541 16.6902 17.4138 139.918 46.6621 13.4386 256.162 1.65285 18.6742 16.1633 7.05159 69.3305 13.8319 6.88069 0.0000000717837 37.4866
-66.4214 22.4925 19.5608 13.3474 15.873 18.5336 5.42734 21.1998 42.1397 80.6814 68.1676 269.541 16.6902 17.4138 139.918 46.8842 13.4386 266.322 1.65285 17.3237 15.877 10.1258 35.7314 51.169 35.3565 0.0000000112353 35.0254
-66.4214 22.4925 19.6924 13.3474 12.3655 18.5336 7.256 22.3125 42.1397 87.3418 68.1676 269.541 18.7846 17.4138 122.131 44.9594 24.1956 266.322 1.65285 26.4525 15.1661 4.71833 18.274 124.348 44.8405 0.00000043488 40.5575
-63.918 20.2252 22.9149 14.7959 11.2573 18.5336 10.3761 26.2362 42.1397 87.3418 57.3007 269.541 26.9233 12.4569 122.131 49.3227 9.01309 266.322 1.65285 33.8969 15.3496 8.88771 75.9288 72.8489 39.504 0.000000467808 44.5658
