ACE ICPMS Dataset,,,,,,,,,,,,,,,,,,,,,,,,,,,,,,,,,,,,,,,,,,,,,,,,,,,,,,,,,,,,,,,,,,
ACE Core collection dates: November 2015 and March 2018,,,,,,,,,,,,,,,,,,,,,,,,,,,,,,,,,,,,,,,,,,,,,,,,,,,,,,,,,,,,,,,,,,
"Spatial coverage: Sub-Antarctic Islands of Bird Island,  Isla Hermite, Îles Kerguelen, Marion Island",,,,,,,,,,,,,,,,,,,,,,,,,,,,,,,,,,,,,,,,,,,,,,,,,,,,,,,,,,,,,,,,,,
"Core location; Site; Latitude; Longitude; Basal age, cal years BP (mximum core depth, cm); Year CE collected",,,,,,,,,,,,,,,,,,,,,,,,,,,,,,,,,,,,,,,,,,,,,,,,,,,,,,,,,,,,,,,,,,
"Bird Island; 	BI10; 	-54.01980; 	-38.06876; 	8750 (505); 2017",,,,,,,,,,,,,,,,,,,,,,,,,,,,,,,,,,,,,,,,,,,,,,,,,,,,,,,,,,,,,,,,,,
"Isla Hermite; 	HER42PB; 	-55.84321; 	-67.90920; 	5050 (403); 2015",,,,,,,,,,,,,,,,,,,,,,,,,,,,,,,,,,,,,,,,,,,,,,,,,,,,,,,,,,,,,,,,,,
"Îles Kerguelen;  	KER1; 	-49.14987; 	70.22850; 	8020 (254); 2018",,,,,,,,,,,,,,,,,,,,,,,,,,,,,,,,,,,,,,,,,,,,,,,,,,,,,,,,,,,,,,,,,,
"Îles Kerguelen; 	KER3; 	-49.14987; 	70.22813; 	10,930 (207); 2018",,,,,,,,,,,,,,,,,,,,,,,,,,,,,,,,,,,,,,,,,,,,,,,,,,,,,,,,,,,,,,,,,,
"Marion Island; 	PB1; 	-46.97518; 	37.80475; 	3910 (105); 2018",,,,,,,,,,,,,,,,,,,,,,,,,,,,,,,,,,,,,,,,,,,,,,,,,,,,,,,,,,,,,,,,,,
Column; Parameter description; Unit; Unit description,,,,,,,,,,,,,,,,,,,,,,,,,,,,,,,,,,,,,,,,,,,,,,,,,,,,,,,,,,,,,,,,,,
[a] Location ; NA; ;,,,,,,,,,,,,,,,,,,,,,,,,,,,,,,,,,,,,,,,,,,,,,,,,,,,,,,,,,,,,,,,,,,
[b] Site name; NA; ;,,,,,,,,,,,,,,,,,,,,,,,,,,,,,,,,,,,,,,,,,,,,,,,,,,,,,,,,,,,,,,,,,,
[c] Section; NA; Core section name;,,,,,,,,,,,,,,,,,,,,,,,,,,,,,,,,,,,,,,,,,,,,,,,,,,,,,,,,,,,,,,,,,,
[d] Sample_ID; ICPMS subsample ID number ; NA;,,,,,,,,,,,,,,,,,,,,,,,,,,,,,,,,,,,,,,,,,,,,,,,,,,,,,,,,,,,,,,,,,,
[e] Sample_thickness; Thickness of the sample slice; cm;,,,,,,,,,,,,,,,,,,,,,,,,,,,,,,,,,,,,,,,,,,,,,,,,,,,,,,,,,,,,,,,,,,
[f] section_depth_top; Minimum section depth of sample; cm;,,,,,,,,,,,,,,,,,,,,,,,,,,,,,,,,,,,,,,,,,,,,,,,,,,,,,,,,,,,,,,,,,,
[g] section_depth_bottom; Maximum section depth of sample; cm;,,,,,,,,,,,,,,,,,,,,,,,,,,,,,,,,,,,,,,,,,,,,,,,,,,,,,,,,,,,,,,,,,,
[h] section_depth_mid; Midpoint section depth of sample; cm;,,,,,,,,,,,,,,,,,,,,,,,,,,,,,,,,,,,,,,,,,,,,,,,,,,,,,,,,,,,,,,,,,,
[i] field_depth_top; Minimum field stratigraphic depth of sample; cm;,,,,,,,,,,,,,,,,,,,,,,,,,,,,,,,,,,,,,,,,,,,,,,,,,,,,,,,,,,,,,,,,,,
[j] field_depth_bottom; Maximum field stratigraphic depth of sample; cm;,,,,,,,,,,,,,,,,,,,,,,,,,,,,,,,,,,,,,,,,,,,,,,,,,,,,,,,,,,,,,,,,,,
[k] field_depth_mid; Midpoint field stratigraphic depth of sample; cm;,,,,,,,,,,,,,,,,,,,,,,,,,,,,,,,,,,,,,,,,,,,,,,,,,,,,,,,,,,,,,,,,,,
[l] strat_depth_top; Minimum stratigraphic (modified) depth of sample; cm;,,,,,,,,,,,,,,,,,,,,,,,,,,,,,,,,,,,,,,,,,,,,,,,,,,,,,,,,,,,,,,,,,,
[m] strat_depth_bottom; Maximum stratigraphic (modified) depth of sample; cm;,,,,,,,,,,,,,,,,,,,,,,,,,,,,,,,,,,,,,,,,,,,,,,,,,,,,,,,,,,,,,,,,,,
[n] strat_depth_mid; Midpoint  stratigraphic (modified) depth of sample; cm;,,,,,,,,,,,,,,,,,,,,,,,,,,,,,,,,,,,,,,,,,,,,,,,,,,,,,,,,,,,,,,,,,,
[o] depth; Depth in age depth model ; cm;,,,,,,,,,,,,,,,,,,,,,,,,,,,,,,,,,,,,,,,,,,,,,,,,,,,,,,,,,,,,,,,,,,
[p] depth_err; Depth error in age depth model ; cm;,,,,,,,,,,,,,,,,,,,,,,,,,,,,,,,,,,,,,,,,,,,,,,,,,,,,,,,,,,,,,,,,,,
[q] SH20_min_age_95CI; Southern Hemisphere (ShCal20) radiocarbon calibration minimum age (95% confidence interval); cal a BP;calendar years Before Present ,,,,,,,,,,,,,,,,,,,,,,,,,,,,,,,,,,,,,,,,,,,,,,,,,,,,,,,,,,,,,,,,,,
[r] SH20_max_age_95CI; Southern Hemisphere (ShCal20) radiocarbon calibration maximum age (95% confidence interval); cal a BP;calendar years Before Present ,,,,,,,,,,,,,,,,,,,,,,,,,,,,,,,,,,,,,,,,,,,,,,,,,,,,,,,,,,,,,,,,,,
[s] SH20_median_age; Southern Hemisphere (ShCal20) radiocarbon calibration median age; cal a BP;calendar years Before Present ,,,,,,,,,,,,,,,,,,,,,,,,,,,,,,,,,,,,,,,,,,,,,,,,,,,,,,,,,,,,,,,,,,
[t] SH20_mean_age; Southern Hemisphere (ShCal20) radiocarbon calibration mean age; cal a BP;calendar years Before Present ,,,,,,,,,,,,,,,,,,,,,,,,,,,,,,,,,,,,,,,,,,,,,,,,,,,,,,,,,,,,,,,,,,
[u] SH20_mean_95CI; Southern Hemisphere (ShCal20) radiocarbon calibration mean 95% confidence interval error; cal a BP;calendar years Before Present ,,,,,,,,,,,,,,,,,,,,,,,,,,,,,,,,,,,,,,,,,,,,,,,,,,,,,,,,,,,,,,,,,,
[v] accrate_cmyr-1; Peat accumulation rate; cm a^-1;cm per year,,,,,,,,,,,,,,,,,,,,,,,,,,,,,,,,,,,,,,,,,,,,,,,,,,,,,,,,,,,,,,,,,,
[w] accrate_err_cmyr-1; Peat accumulation rate error; cm a^-1;cm per year,,,,,,,,,,,,,,,,,,,,,,,,,,,,,,,,,,,,,,,,,,,,,,,,,,,,,,,,,,,,,,,,,,
[x] water_content_pc; Subsample percentage water content; %;percentage ,,,,,,,,,,,,,,,,,,,,,,,,,,,,,,,,,,,,,,,,,,,,,,,,,,,,,,,,,,,,,,,,,,
[y] water_content_err; Subsample percentage water content error; %;percentage ,,,,,,,,,,,,,,,,,,,,,,,,,,,,,,,,,,,,,,,,,,,,,,,,,,,,,,,,,,,,,,,,,,
[z] dry_mass_pc; Subsample percentage dry mass; %;percentage ,,,,,,,,,,,,,,,,,,,,,,,,,,,,,,,,,,,,,,,,,,,,,,,,,,,,,,,,,,,,,,,,,,
[aa] dry_mass_err; Subsample percentage dry mass error; %;percentage ,,,,,,,,,,,,,,,,,,,,,,,,,,,,,,,,,,,,,,,,,,,,,,,,,,,,,,,,,,,,,,,,,,
[ab] density_gcm3; Subsample dry density; g cm^-3;,,,,,,,,,,,,,,,,,,,,,,,,,,,,,,,,,,,,,,,,,,,,,,,,,,,,,,,,,,,,,,,,,,
[ac] density_gcm3_err; Subsample dry density error; g cm^-3;,,,,,,,,,,,,,,,,,,,,,,,,,,,,,,,,,,,,,,,,,,,,,,,,,,,,,,,,,,,,,,,,,,
[ad-bh] Element_ICP; Measured subsample ICPMS data for each element; kg m^-3;,,,,,,,,,,,,,,,,,,,,,,,,,,,,,,,,,,,,,,,,,,,,,,,,,,,,,,,,,,,,,,,,,,
[ae-bi] Element_ICP_sd; Measured subsample ICPMS error for each element; 10^3 mg kg^-1;,,,,,,,,,,,,,,,,,,,,,,,,,,,,,,,,,,,,,,,,,,,,,,,,,,,,,,,,,,,,,,,,,,
[bj] SAR; Sediment acccumlation rate ; cm yr^-1;,,,,,,,,,,,,,,,,,,,,,,,,,,,,,,,,,,,,,,,,,,,,,,,,,,,,,,,,,,,,,,,,,,
[bk] SAR_err; Sediment acccumlation rate error; cm yr^-1;,,,,,,,,,,,,,,,,,,,,,,,,,,,,,,,,,,,,,,,,,,,,,,,,,,,,,,,,,,,,,,,,,,
[bl] SAR_err_pc; Sediment acccumlation rate error as a percentage ; %;percentage ,,,,,,,,,,,,,,,,,,,,,,,,,,,,,,,,,,,,,,,,,,,,,,,,,,,,,,,,,,,,,,,,,,
[bm] DMAR; Dry mass acccumlation rate ; g cm^2 yr^-1;,,,,,,,,,,,,,,,,,,,,,,,,,,,,,,,,,,,,,,,,,,,,,,,,,,,,,,,,,,,,,,,,,,
[bn] DMAR_err; Dry mass acccumlation rate error; g cm^2 yr^-1;,,,,,,,,,,,,,,,,,,,,,,,,,,,,,,,,,,,,,,,,,,,,,,,,,,,,,,,,,,,,,,,,,,
[bo] DMAR_pc; Dry mass acccumlation rate error as a percentage ; %;percentage ,,,,,,,,,,,,,,,,,,,,,,,,,,,,,,,,,,,,,,,,,,,,,,,,,,,,,,,,,,,,,,,,,,
,,,,,,,,,,,,,,,,,,,,,,,,,,,,,,,,,,,,,,,,,,,,,,,,,,,,,,,,,,,,,,,,,,
[a] Location,[b] Site,[c] Section,[d] Sample_ID,[e] Sample_thickness,[f] section_depth_top,[g] section_depth_bottom,[h] section_depth_mid,[i] field_depth_top,[j] field_depth_bottom,[k] field_depth_mid,[l] strat_depth_top,[m] strat_depth_bottom,[n] strat_depth_mid,[o] depth,[p] depth_err,[q] SH20_min_age_95CI,[r] SH20_max_age_95CI,[s] SH20_median_age,[t] SH20_mean_age,[u] SH20_mean_95CI,[v] accrate_cmyr-1,[w] accrate_err_cmyr-1,[x] water_content_pc,[y] water_content_err,[z] dry_mass_pc,[aa] dry_mass_err,[ab] density_gcm3,[ac] density_gcm3_err,[ad-bi] P_ICP,[ad-bi] P_ICP_sd,[ad-bi] K_ICP,[ad-bi] K_ICP_sd,[ad-bi] Ca_ICP,[ad-bi] Ca_ICP_sd,[ad-bi] Ti_ICP,[ad-bi] Ti_ICP_sd,[ad-bi] Mn_ICP,[ad-bi] Mn_ICP_sd,[ad-bi] Fe_ICP,[ad-bi] Fe_ICP_sd,[ad-bi] Co_ICP,[ad-bi] Co_ICP_sd,[ad-bi] Ni_ICP,[ad-bi] Ni_ICP_sd,[ad-bi] Cu_ICP,[ad-bi] Cu_ICP_sd,[ad-bi] Zn_ICP,[ad-bi] Zn_ICP_sd,[ad-bi] As_ICP,[ad-bi] As_ICP_sd,[ad-bi] Rb_ICP,[ad-bi] Rb_ICP_sd,[ad-bi] Sr_ICP,[ad-bi] Sr_ICP_sd,[ad-bi] Zr_ICP,[ad-bi] Zr_ICP_sd,[ad-bi] Pb_ICP,[ad-bi] Pb_ICP_sd,[ad-bi] Th_ICP,[ad-bi] Th_ICP_sd,[bj] SAR,[bk] SAR_err,[bl] SAR_pc_err,[bm] DMAR,[bn] DMAR_err,[bo] DMAR_pc_err
Bird Island,BI10,BI10.1,1,1.1,0,1.1,0.6,0,1.1,0.6,0,1.1,0.6,0.6,0.55,-67.32,-51.24,-61.52,-61,8.04,0.10031,0.078729646,87.48565272,4.374282636,12.51434728,1.251434728,0.106894716,0.010689472,3631.01094,41.22201845,1782.206118,320.7971012,1557.061769,202.41803,134.9563972,18.89389561,34.34524027,4.121428832,13959.03161,2512.62569,0.738789575,0.05171527,2.467420581,1.332407114,4.369649931,0.61175099,22.90793616,2.061714254,1.593037056,0.008373058,2.288761162,0.366201786,26.58846642,0.531769328,2.896325963,0.144816298,1.440961807,0.005279507,0.193973613,0.004950768,0.100308642,0.078729646,78.48740138,0.010722464,0.000841578,7.848740432
Bird Island,BI10,BI10.1,4,1.1,3.9,5,4.5,3.9,5,4.5,3.9,5,4.5,4.5,0.55,-62.17,50.94,-27.29,-22.12,-56.555,0.09905,0.26535081,89.51385849,4.475692925,10.48614151,1.048614151,0.175709963,0.017570996,2187.768178,58.29252023,1331.46149,239.6630682,1397.543318,181.6806313,79.78694045,11.17017166,28.06949723,3.368339668,9355.988249,1684.077885,0.761205508,0.053284386,2.98969441,1.614434981,3.255429522,0.455760133,12.50967591,1.125870832,1.332775979,0.02334512,1.525038372,0.24400614,25.05462045,0.501092409,2.113253146,0.105662657,2.373368867,0.02400569,0.111198299,0.000588647,0.099047619,0.26535081,267.9022606,0.017403653,0.004662478,26.7902256
Bird Island,BI10,BI10.1,10,1.1,11.7,12.8,12.3,11.7,12.8,12.3,11.7,12.8,12.3,12.3,0.55,-35.36,208.92,46.23,56.63,122.14,0.09457,0.208198011,86.3842849,4.319214245,13.6157151,1.36157151,0.145233799,0.01452338,2538.801945,60.0436628,1545.22611,278.1406998,2547.021617,331.1128102,340.544392,47.67621488,37.1899001,4.462788012,3942.206507,709.5971713,1.745989306,0.122219251,3.556521683,1.920521709,5.828405269,0.815976738,13.94648753,1.255183878,1.743850558,0.029034748,4.398970104,0.703835217,46.4043754,0.928087508,6.431024383,0.321551219,1.816847326,0.011704502,0.392855167,0.002705738,0.094573151,0.208198011,220.1449434,0.013735218,0.003023739,22.01449449
Bird Island,BI10,BI10.1,22,1.1,26.7,27.8,27.2,26.7,27.8,27.2,26.7,27.8,27.2,27.2,0.55,78.73,342.75,214.59,214.18,132.01,0.07835,0.049875363,80.34415977,4.017207989,19.65584023,1.965584023,0.214200619,0.021420062,6654.725412,133.8869744,4972.490853,895.0483535,6361.863436,827.0422467,1070.668936,149.893651,59.55046887,7.146056264,4568.280308,822.2904554,1.171208352,0.081984585,7.052448962,3.808322439,18.80830619,2.633162867,83.1136075,7.480224675,4.803888726,0.047934098,19.01381163,3.042209861,121.9608593,2.439217186,35.64216716,1.782108358,5.697875838,0.054057547,2.206277124,0.022103189,0.078350515,0.049875363,63.65671333,0.016782729,0.001068333,6.365671363
Bird Island,BI10,BI10.1,30,0.9,36.3,37.2,36.7,36.3,37.2,36.7,36.3,37.2,36.7,36.7,0.45,180.95,452.96,342.42,335.43,136.005,0.07353,0.030715408,78.20947367,3.910473683,21.79052633,2.179052633,0.303817276,0.030381728,3726.942347,91.16765458,16457.36219,2962.325194,8442.247188,1097.492134,1962.99309,274.8190326,148.1529747,17.77835696,18556.10587,3340.099057,14.98993637,1.049295546,9.844407416,5.315980005,25.3957986,3.555411804,90.06087679,8.105478911,7.177832466,0.057235004,43.16823811,6.906918098,150.558177,3.01116354,40.9140318,2.04570159,4.940056387,0.065822161,4.042046336,0.032130391,0.073529412,0.030715408,41.77295497,0.022339506,0.000933187,4.177295552
Bird Island,BI10,BI10.2,45,1,4,5,4.5,44,45,44.5,38,39,38.5,38.5,0.5,193.74,478.55,369.76,359.91,142.405,0.07582,0.03098425,73.71568049,3.685784024,26.28431951,2.628431951,0.351176997,0.0351177,1394.696114,24.37745178,66668.75515,12000.37593,10818.31417,1406.380842,3006.601666,420.9242332,498.7089785,59.84507742,25853.87296,4653.697133,6.375776882,0.446304382,9.325702706,5.035879461,12.41602198,1.738243077,63.36397587,5.702757828,4.414249569,0.038359467,138.1998527,22.11197643,165.8736664,3.317473328,60.55383697,3.027691849,3.509034885,0.044750539,10.86384958,0.079884546,0.075816993,0.03098425,40.86715798,0.026625184,0.001088096,4.086715833
Bird Island,BI10,BI10.1,34,1,40.9,41.9,41.4,40.9,41.9,41.4,40.9,41.9,41.4,41.4,0.5,245.15,511.43,408.57,398.16,133.14,0.07847,0.027187146,80.52653948,4.026326974,19.47346052,1.947346052,0.25962259,0.025962259,3202.443185,82.71131473,10808.43657,1945.518583,8467.75867,1100.808627,1538.231355,215.3523897,149.1109339,17.89331207,34440.81517,6199.346731,4.788646274,0.335205239,10.02079263,5.41122802,25.1006547,3.514091658,83.32372544,7.49913529,7.880957488,0.074791029,21.08188416,3.373101466,145.2111951,2.904223902,27.74345656,1.387172828,7.408811877,0.095574739,2.195438664,0.011765005,0.078468299,0.027187146,34.64729917,0.020372143,0.00070584,3.464729917
Bird Island,BI10,BI10.2,51,1,11.9,12.9,12.4,51.9,52.9,52.4,45.9,46.9,46.4,46.4,0.5,374.38,530.83,465.7,461.88,78.225,0.07845,0.014131829,84.86290758,4.243145379,15.13709242,1.513709242,0.178667469,0.017866747,3384.904962,93.00445812,2479.827204,446.3688967,6975.196896,906.7755965,301.0170716,42.14239002,55.70453095,6.684543714,26327.35852,4738.924534,17.04437568,1.193106298,9.672030755,5.222896608,30.70187991,4.298263187,154.2471074,13.88223967,10.64861794,0.177330122,5.28425398,0.845480637,110.8952002,2.217904004,6.355756988,0.317787849,2.861172068,0.011046014,0.732997581,0.006237929,0.078449469,0.014131829,18.01392526,0.014016368,0.00025249,1.801392537
Bird Island,BI10,BI10.2,54,1,15.3,16.3,15.8,55.3,56.3,55.8,49.3,50.3,49.8,49.8,0.5,429.77,571.57,506.63,505.22,70.9,0.03464,0.005208992,77.63395109,3.881697554,22.36604891,2.236604891,0.276912503,0.02769125,3001.682437,49.99798666,23399.21394,4211.858509,7326.374157,952.4286404,1904.013462,266.5618847,235.7531016,28.29037219,20544.92897,3698.087215,5.701846016,0.399129221,6.289145655,3.396138654,12.23274868,1.712584815,56.72463202,5.105216882,5.236852561,0.016924834,58.41930414,9.347088662,153.965778,3.07931556,31.40903404,1.570451702,6.319566267,0.119404834,4.857814687,0.12796856,0.034637637,0.005208992,15.03853228,0.009591595,0.000144244,1.503853212
Bird Island,BI10,BI10.2,62,1,24.4,25.4,24.9,64.4,65.4,64.9,58.4,59.4,58.9,58.9,0.5,552.39,1056.55,759.48,767.94,252.08,0.03764,0.012675036,87.79085529,4.389542764,12.20914471,1.220914471,0.143757408,0.014375741,4341.206788,110.6435017,867.9986358,156.2397544,5816.665099,756.1664629,225.6496719,31.59095407,36.54824658,4.38578959,2355.109726,423.9197507,1.54911114,0.10843778,7.635178907,4.12299661,44.61646774,6.246305484,109.0593506,9.815341554,6.931517761,0.104210602,3.560602291,0.569696367,97.81476508,1.956295302,6.255310392,0.31276552,4.714142544,0.009348352,0.621271024,0.00212764,0.037636184,0.012675036,33.67779229,0.00541048,0.000182213,3.367779276
Bird Island,BI10,BI10.2,67,1.1,30.1,31.2,30.6,70.1,71.2,70.6,64.1,65.2,64.6,64.6,0.55,722.58,1159.87,914.5,919.39,218.645,0.03856,0.009498455,77.0153216,3.85076608,22.9846784,2.29846784,0.313261892,0.031326189,3712.228887,74.17879973,7766.606331,1397.98914,9084.977882,1181.047125,1442.000824,201.8801154,88.46094721,10.61531367,6242.966621,1123.733992,4.068857773,0.284820044,5.960197779,3.218506801,36.59073739,5.122703235,261.6355831,23.54720248,8.072382999,0.070931291,30.36236272,4.857978035,168.0404108,3.360808216,30.42377281,1.521188641,4.487970407,0.077593013,2.556674805,0.045766663,0.038558256,0.009498455,24.63403608,0.012078832,0.00029755,2.463403593
Bird Island,BI10,BI10.2,71,1.1,34.7,35.8,35.2,74.7,75.8,75.2,68.7,69.8,69.2,69.2,0.55,829.12,1211.96,1039.95,1038.69,191.42,0.06164,0.011849538,76.84431418,3.842215709,23.15568582,2.315568582,0.303477386,0.030347739,3558.613952,53.10499408,1973.319538,355.1975168,6626.492173,861.4439825,461.9149499,64.66809299,46.49996193,5.579995432,3694.801697,665.0643055,2.041238975,0.142886728,6.674238754,3.604088927,34.06414422,4.768980191,140.4650062,12.64185056,10.75975255,0.084324463,7.795499709,1.247279953,114.9998151,2.299996302,21.97235957,1.098617979,4.288871292,0.045808063,1.233894651,0.01690507,0.061644551,0.011849538,19.22236105,0.018707727,0.000359607,1.92223613
Bird Island,BI10,BI10.2,81,1,46.5,47.5,47,86.5,87.5,87,80.5,81.5,81,81,0.5,1095.67,1392.25,1228.83,1230.11,148.29,0.11575,0.014668191,75.82326542,3.791163271,24.17673458,2.417673458,0.301310001,0.030131,3474.148775,97.58287489,14359.67839,2584.74211,9905.624178,1287.731143,2197.326275,307.6256785,125.5077224,15.06092669,6284.597012,1131.227462,2.439569014,0.170769831,6.367819135,3.438622333,39.61078518,5.545509925,67.51751759,6.076576583,5.520887153,0.016892471,50.21714125,8.0347426,209.897137,4.19794274,39.24997232,1.962498616,4.871746851,0.049115691,3.886857404,0.030253524,0.115746972,0.014668191,12.67263496,0.03487572,0.000441967,1.267263492
Bird Island,BI10,BI10.3,88,1,4.8,5.8,5.3,84.8,85.8,85.3,84.8,85.8,85.3,85.3,0.5,1129.45,1419.76,1266.44,1267.26,145.155,0.11201,0.013486459,83.3768962,4.16884481,16.6231038,1.66231038,0.184247026,0.018424703,3858.056048,77.55997105,3095.570446,557.2026803,7180.738417,933.4959942,574.7925663,80.47095928,57.22472424,6.866966909,3753.765384,675.6777691,2.601276107,0.182089327,5.912256586,3.192618556,37.01157435,5.181620409,65.03458094,5.853112285,8.662126972,0.092756516,13.30255749,2.128409198,130.9618352,2.619236704,13.33706426,0.666853213,3.755055231,0.044804774,1.35530674,0.018758598,0.112006556,0.013486459,12.0407765,0.020636875,0.000248484,1.204077676
Bird Island,BI10,BI10.3,95,1,13,14,13.5,93,94,93.5,93,94,93.5,93.5,0.5,1223.24,1494.83,1333.1,1340.47,135.795,0.10732,0.011445851,84.50687591,4.225343795,15.49312409,1.549312409,0.169763258,0.016976326,3318.93706,140.159263,3134.001598,564.1202876,6732.62029,875.2406377,606.0238476,84.84333866,60.2997145,7.23596574,11390.75321,2050.335578,5.745017677,0.402151237,7.120078834,3.84484257,25.20300712,3.528420997,71.97280393,6.477552354,7.32730259,0.127147154,10.28410137,1.645456219,119.867266,2.39734532,13.96054981,0.698027491,4.655602184,0.05117785,1.122462139,0.002027459,0.107317073,0.011445851,10.66545225,0.018218496,0.000194309,1.066545238
Bird Island,BI10,BI10.3,98,1,16.3,17.3,16.8,96.3,97.3,96.8,96.3,97.3,96.8,96.8,0.5,1276.33,1510.84,1359.14,1371.22,117.255,0.06605,0.005989198,72.65882601,3.6329413,27.34117399,2.734117399,0.345133732,0.034513373,3046.497536,93.59658386,3044.618396,548.0313113,6605.365982,858.6975777,562.7226914,78.7811768,54.01867077,6.482240492,7073.372392,1273.207031,3.633220643,0.254325445,5.857915852,3.16327456,18.81424853,2.633994794,41.79884834,3.761896351,5.049060535,0.052888463,9.694363956,1.551098233,112.4064678,2.248129356,13.08141258,0.654070629,4.214972855,0.00900571,0.992804532,0.005060371,0.066047669,0.005989198,9.067993159,0.022795279,0.000206707,0.906799311
Bird Island,BI10,BI10.3,104,1,23.2,24.2,23.7,103.2,104.2,103.7,103.2,104.2,103.7,103.7,0.5,1350.84,1634.01,1469.17,1475.69,141.585,0.04215,0.00424731,83.17025225,4.158512612,16.82974775,1.682974775,0.191025979,0.019102598,3335.981766,60.0124919,1424.582603,256.4248685,7089.603048,921.6483962,441.0920959,61.75289343,47.40786167,5.6889434,1987.252608,357.7054694,1.389287804,0.097250146,4.568507031,2.466993797,19.39416739,2.715183435,45.72842227,4.115558004,4.628095976,0.048659815,6.266500548,1.002640088,127.1397723,2.542795446,11.39582517,0.569791259,4.732409551,0.019576414,0.984439937,0.012776705,0.042154567,0.00424731,10.07556322,0.008052617,8.11E-05,1.007556327
Bird Island,BI10,BI10.3,114,1,34.9,35.9,35.4,114.9,115.9,115.4,114.9,115.9,115.4,115.4,0.5,1513.06,1991.98,1755.77,1753.24,239.46,0.03588,0.005056,86.15563506,4.307781753,13.84436494,1.384436494,0.27542932,0.027542932,4610.248256,169.7864944,1716.680373,309.0024671,5586.311354,726.220476,354.6954517,49.65736324,38.81328375,4.65759405,15892.74003,2860.693205,1.543818014,0.108067261,5.784125479,3.123427759,42.10225675,5.894315945,35.80217711,3.22219594,5.434072792,0.066823231,6.037782671,0.966045227,94.40874214,1.888174843,8.138802933,0.406940147,3.83135941,0.031914034,0.865875823,0.005713133,0.035879705,0.005056,14.09153287,0.009882323,0.000139257,1.409153287
Bird Island,BI10,BI10.4,135,1,9.4,10.4,9.9,129.4,130.4,129.9,120.4,121.4,120.9,120.9,0.5,1623.52,2178.55,1912.21,1906.53,277.515,0.03579,0.005357617,83.20307613,4.160153806,16.79692387,1.679692387,0.198138286,0.019813829,2888.301683,68.23238158,1641.390095,295.4502171,5647.265231,734.14448,401.5251511,56.21352115,37.52718028,4.503261634,3019.385269,543.4893484,1.001920559,0.070134439,9.469595678,5.113581666,77.32937965,10.82611315,126.1466188,11.35319569,11.39866575,0.123110885,6.954876946,1.112780311,100.7977844,2.015955688,10.71344504,0.535672252,3.961646879,0.031813072,0.860069661,0.003042513,0.035787321,0.005357617,14.97071138,0.007090838,0.000106155,1.497071168
Bird Island,BI10,BI10.3,120,0.9,41.8,42.7,42.3,121.8,122.7,122.3,121.8,122.7,122.3,122.3,0.45,1695.64,2192.11,1949.4,1945.65,248.235,0.0408,0.005355575,87.78918391,4.389459195,12.21081609,1.221081609,0.151943562,0.015194356,4492.936701,91.25578968,683.2265993,122.9807879,5350.125775,695.5163508,192.9637106,27.01491948,32.12024806,3.854429767,4238.013215,762.8423787,0.741821487,0.051927504,6.534750001,3.528765001,62.86286744,8.800801442,87.02811474,7.832530327,13.1076901,0.161700542,2.592646444,0.414823431,91.74775016,1.834955003,5.71655892,0.285827946,5.092746285,0.020391728,0.664291765,0.003592713,0.040801632,0.005355575,13.1258838,0.006199545,8.14E-05,1.312588362
Bird Island,BI10,BI10.4,145,1,21,22,21.5,141,142,141.5,132,133,132.5,132.5,0.5,2055.67,2332.71,2176.07,2195.64,138.52,0.07082,0.004735185,85.1918684,4.25959342,14.8081316,1.48081316,0.272975891,0.027297589,3582.990472,78.58668299,5412.77206,974.2989708,5488.24581,713.4719553,523.0275133,73.22385186,51.81193098,6.217431718,36760.73258,6616.931864,3.769043144,0.26383302,7.155451754,3.863943947,40.6484082,5.690777148,36.99629166,3.329666249,7.711571305,0.048823252,9.787053209,1.565928513,91.25190224,1.825038045,9.674570314,0.483728516,4.402169903,0.038260027,0.858893791,0.005791892,0.07082408,0.004735185,6.685839959,0.019333266,0.000129259,0.668583993
Bird Island,BI10,BI10.4,155,1.1,32.7,33.8,33.2,152.7,153.8,153.2,143.7,144.8,144.3,144.3,0.55,2179.55,2520.54,2361.64,2362.25,170.495,0.09204,0.006993782,83.66949487,4.183474744,16.33050513,1.633050513,0.185787318,0.018578732,3079.887722,69.393988,5594.694254,1007.044966,6436.237221,836.7108387,1149.476822,160.9267551,82.80022216,9.936026659,6074.810846,1093.465952,1.250579343,0.087540554,6.317256008,3.411318244,67.58862806,9.462407928,145.146567,13.06319103,5.364596712,0.048444676,20.81297886,3.330076618,121.0153008,2.420306016,58.14267286,2.907133643,2.650531649,0.028355943,1.955638501,0.006912781,0.092038656,0.006993782,7.598744653,0.017099615,0.000129936,0.759874473
Bird Island,BI10,BI10.4,165,1,44.8,45.8,45.3,164.8,165.8,165.3,155.8,156.8,156.3,156.3,0.5,2249.13,2670.38,2494.89,2492.63,210.625,0.13256,0.011625257,84.59367774,4.229683887,15.40632226,1.540632226,0.216122062,0.021612206,1967.834735,47.21852826,2804.420041,504.7956074,5642.915643,733.5790336,253.7523195,35.52532473,42.83579617,5.14029554,49049.46764,8828.904175,16.76515491,1.173560844,16.20702482,8.751793403,58.21751812,8.150452537,148.0981288,13.32883159,23.90463007,0.06260096,4.260143181,0.681622909,85.39705279,1.707941056,5.057282645,0.252864132,3.146538486,0.012418503,0.570044874,0.002471594,0.132562882,0.011625257,8.769617281,0.028649763,0.000251247,0.87696172
Bird Island,BI10,BI10.4,168,1.6,48.4,50,49.2,168.4,170,169.2,159.4,161,160.2,160.2,0.8,2272.78,2732.6,2522.11,2522.05,229.91,0.16196,0.015573058,81.40480554,4.070240277,18.59519446,1.859519446,0.204376401,0.02043764,1694.735519,33.88377561,21023.43508,3784.218314,6500.001765,845.0002295,1574.554031,220.4375643,219.4284939,26.33141927,51904.82693,9342.868847,14.16367715,0.991457401,12.29132094,6.637313308,34.00992075,4.761388905,148.2023206,13.33820885,15.12156246,0.095879915,43.16608535,6.906573656,121.2110164,2.424220328,16.90685979,0.84534299,2.340809011,0.027559605,2.295847112,0.022916539,0.161961042,0.015573058,9.615310837,0.033101015,0.000318277,0.961531079
Bird Island,BI10,BI10.5,181,1,14.6,15.6,15.1,174.6,175.6,175.1,167.1,168.1,167.6,167.6,0.5,2315.87,2805.79,2565.17,2567.74,244.96,0.15607,0.015354535,85.61977529,4.280988764,14.38022471,1.438022471,0.155714357,0.015571436,2752.727597,75.0445044,1243.638909,223.8550036,6176.904031,802.997524,227.5458294,31.85641612,41.17278862,4.940734634,34127.39087,6142.930357,6.771422937,0.473999606,8.534630865,4.608700667,31.39605337,4.395447472,72.11422012,6.490279811,12.77033613,0.179389774,2.564526013,0.410324162,95.32051892,1.906410378,5.156965844,0.257848292,1.427389453,0.026999745,0.435568334,0.001231962,0.156067109,0.015354535,9.838418297,0.02430189,0.000239092,0.983841849
Bird Island,BI10,BI10.5,191,1,26.6,27.6,27.1,186.6,187.6,187.1,179.1,180.1,179.6,179.6,0.5,2392.72,2951.11,2635.26,2644.63,279.195,0.09353,0.010134396,79.80943744,3.990471872,20.19056256,2.019056256,0.281645054,0.028164505,1749.918156,38.72164841,11337.75217,2040.795391,6093.055388,792.0972004,915.5577505,128.1780851,122.3868181,14.68641817,29114.97389,5240.6953,5.562421054,0.389369474,5.623618255,3.036753858,28.97367916,4.056315082,93.7163573,8.434472157,5.880620616,0.031702243,24.03856275,3.84617004,119.1548845,2.38309769,15.8979202,0.79489601,2.455216785,0.026686848,1.603626604,0.009780705,0.093528817,0.010134396,10.83558684,0.026341929,0.00028543,1.083558669
Bird Island,BI10,BI10.5,194,1,30.3,31.3,30.8,190.3,191.3,190.8,182.8,183.8,183.3,183.3,0.5,2446.36,3000.53,2669.34,2684.19,277.085,0.08924,0.00945554,64.49599226,3.224799613,35.50400774,3.550400774,0.424637677,0.042463768,2718.898178,69.33850126,21256.47654,3826.165777,9697.311696,1260.65052,2196.956371,307.5738919,243.6402038,29.23682446,24845.10488,4472.118878,3.933228837,0.275326019,4.972003175,2.684881715,26.9304948,3.770269272,75.23867924,6.771481132,6.036863844,0.03305887,58.90663431,9.42506149,121.5336821,2.430673642,34.80855314,1.740427657,3.035214228,0.002861817,3.482291497,0.029947165,0.089242644,0.00945554,10.59531646,0.037895789,0.000401518,1.059531653
Bird Island,BI10,BI10.5,197,1,34,35,34.5,194,195,194.5,186.5,187.5,187,187,0.5,2460.59,3059.22,2709.75,2725.65,299.315,0.06416,0.007217228,84.6167805,4.230839025,15.3832195,1.53832195,0.178709685,0.017870968,3664.07192,100.1547698,4642.258304,835.6064947,7288.66125,947.5259625,660.9863166,92.53808432,67.78989286,8.134787143,27055.53366,4869.996059,5.752426608,0.402669863,6.761396788,3.651154266,46.72905914,6.54206828,130.7729603,11.76956643,9.314588371,0.068044927,12.67353344,2.02776535,118.8967341,2.377934682,12.27077458,0.613538729,4.000698932,0.018011777,1.094034563,0.005286327,0.06415833,0.007217228,11.24908981,0.011465715,0.000128979,1.124908949
Bird Island,BI10,BI10.5,202,0.9,39.9,40.8,40.3,199.9,200.8,200.3,192.4,193.3,192.9,192.9,0.45,2561.92,3150.15,2800.45,2817.61,294.115,0.04946,0.005278242,83.13688985,4.156844492,16.86311015,1.686311015,0.188368399,0.01883684,3848.06892,41.19289408,2367.746797,426.1944235,5866.599826,762.6579774,234.8825033,32.88355046,42.2400533,5.068806396,70333.76898,12660.07842,6.816523388,0.477156637,10.88241106,5.876501972,68.09335946,9.533070324,90.27805952,8.125025357,12.34294185,0.16755276,2.553601126,0.40857618,85.79649547,1.715929909,5.275218799,0.26376094,3.910548282,0.038689543,0.525755101,0.007880519,0.049460092,0.005278242,10.67171832,0.009316718,9.94E-05,1.067171838
Bird Island,BI10,BI10.6,218,1,9.5,10.5,10,209.5,210.5,210,205.5,206.5,206,206,0.5,2799.1,3379.03,3076.3,3082.47,289.965,0.05043,0.004866305,79.05956449,3.952978225,20.94043551,2.094043551,0.264956368,0.026495637,3024.167109,28.86847469,21467.56946,3864.162503,6764.508083,879.3860508,1293.229498,181.0521297,160.5283798,19.26340558,107255.388,19305.96984,11.84941346,0.829458942,9.702568502,5.239386991,34.46389212,4.824944897,255.5835815,23.00252234,14.42470471,0.069185362,25.70637949,4.113020718,111.2286921,2.224573842,16.62081972,0.831040986,2.773325809,0.03176745,1.704581666,0.021768116,0.050425866,0.004866305,9.650413838,0.013360654,0.000128936,0.965041391
Bird Island,BI10,BI10.6,228,1,21.4,22.4,21.9,221.4,222.4,221.9,217.4,218.4,217.9,217.9,0.5,2981.16,3579,3334.21,3318.46,298.92,0.05274,0.004871729,84.98142525,4.249071263,15.01857475,1.501857475,0.168317087,0.016831709,3706.069884,86.41481399,3810.216932,685.8390478,8457.047616,1099.41619,430.4165299,60.25831419,73.63658302,8.836389962,46161.88967,8309.140141,10.70451145,0.749315802,8.361148745,4.515020322,60.20244341,8.428342077,399.0691035,35.91621932,17.48268627,0.198162364,6.149324503,0.98389192,136.1592518,2.723185036,8.204676276,0.410233814,3.749120605,0.024650014,0.747638528,0.004995818,0.052737835,0.004871729,9.237634988,0.008876679,8.20E-05,0.923763515
Bird Island,BI10,BI10.6,239,1,34.2,35.2,34.7,234.2,235.2,234.7,230.2,231.2,230.7,230.7,0.5,3276.08,3727.99,3580.47,3561.17,225.955,0.08916,0.005850409,81.1801616,4.05900808,18.8198384,1.88198384,0.221334128,0.022133413,7511.379127,223.8801072,2179.747422,392.354536,7198.222186,935.7688842,389.6638198,54.55293477,51.31483509,6.157780211,28337.51625,5100.752925,6.228678054,0.436007464,7.693387104,4.154429036,73.19734621,10.24762847,48.4428199,4.359853791,7.838729242,0.124651229,4.534790413,0.725566466,116.7915838,2.335831676,9.348601732,0.467430087,3.415881262,0.066169411,0.749361277,0.007417022,0.089163861,0.005850409,6.561412803,0.019735005,0.00012949,0.656141286
Bird Island,BI10,BI10.6,247,1.1,43.9,45,44.5,243.9,245,244.5,239.9,241,240.5,240.5,0.55,3430.91,3816.97,3685.19,3671.08,193.03,0.16351,0.008971493,83.17463361,4.158731681,16.82536639,1.682536639,0.198638202,0.01986382,3917.962311,74.2155094,2601.638721,468.2949698,6524.805309,848.2246902,301.303437,42.18248118,64.81180749,7.777416899,68261.38783,12287.04981,16.02760991,1.121932694,12.99158529,7.015456057,116.9107903,16.36751064,232.0043335,20.88039002,14.95444042,0.169784194,3.037488827,0.485998212,95.07661499,1.9015323,4.985074292,0.249253715,3.090751455,0.020183412,0.448381306,0.005306797,0.163512296,0.008971493,5.486738871,0.032479788,0.000178208,0.548673882
Bird Island,BI10,BI10.7,259,1,10.7,11.7,11.2,250.7,251.7,251.2,252.7,253.7,253.2,253.2,0.5,3540.23,3899.41,3756.81,3748.75,179.59,0.16304,0.008132657,84.44773905,4.222386952,15.55226095,1.555226095,0.177747431,0.017774743,4680.104734,586.151653,2160.208858,388.8375944,6240.983611,811.3278694,344.5794406,48.24112168,41.07148346,4.928578015,23779.92504,4280.386507,0.986560337,0.069059224,4.505779401,2.433120877,32.9760233,4.616643262,29.80921049,2.682828944,6.793606115,0.069503372,5.026836978,0.804293916,101.292967,2.02585934,7.527120756,0.376356038,1.7765461,0.019867709,0.69790539,0.001405959,0.163037282,0.008132657,4.988219067,0.028979458,0.000144556,0.498821904
Bird Island,BI10,BI10.7,271,1,25,26,25.5,265,266,265.5,267,268,267.5,267.5,0.5,3668.26,3994.3,3838.72,3836.46,163.02,0.14999,0.006653775,85.67958003,4.283979001,14.32041997,1.432041997,0.148754132,0.014875413,4753.263651,653.2476809,2135.960113,384.4728203,7771.356271,1010.276315,232.314161,32.52398254,56.87091915,6.824510298,58747.48129,10574.54663,23.84445704,1.669111993,14.66999494,7.921797268,145.5334854,20.37468796,316.1883316,28.45694984,15.17453377,0.147209444,2.699363842,0.431898215,119.6977813,2.393955626,5.881017729,0.294050886,3.15990626,0.005576577,0.499045891,0.00796755,0.14999312,0.006653775,4.436053383,0.022312096,9.90E-05,0.443605332
Bird Island,BI10,BI10.7,280,1,35.9,36.9,36.4,275.9,276.9,276.4,277.9,278.9,278.4,278.4,0.5,3758.86,4073.89,3903.29,3909.13,157.515,0.1228,0.005168665,84.86245119,4.24312256,15.13754881,1.513754881,0.207020337,0.020702034,3716.413631,63.81448751,1942.49545,349.649181,6196.60628,805.5588164,227.4128172,31.83779441,39.2756349,4.713076188,49872.72804,8977.091047,36.34308788,2.544016152,15.10269284,8.155454134,49.70613596,6.958859034,205.2689039,18.47420135,12.76796013,0.043601511,2.511699688,0.40187195,99.83622626,1.996724525,5.366567931,0.268328397,1.246594212,0.013360443,0.429107176,0.003204618,0.122798888,0.005168665,4.209049015,0.025421867,0.000107002,0.420904908
Bird Island,BI10,BI10.8,300,1.1,9.7,10.8,10.25,289.7,290.8,290.3,293.7,294.8,294.3,294.3,0.55,3859.29,4252.96,4032.34,4038.61,196.835,0.11842,0.005992898,81.18525035,4.059262517,18.81474965,1.881474965,0.208570691,0.020857069,4199.690674,81.21750475,643.1526044,115.7674688,6725.623999,874.3311199,263.8954581,36.94536413,55.60667563,6.672801076,73040.17367,13147.23126,35.13097178,2.459168025,14.43173082,7.793134643,80.36054861,11.25047681,206.0678435,18.54610592,16.9214082,0.263096896,3.349219592,0.535875135,110.4667193,2.209334386,6.491956622,0.324597831,3.493072909,0.039826018,0.610606448,0.001338725,0.118421053,0.005992898,5.0606695,0.024699161,0.000124994,0.506066948
Bird Island,BI10,BI10.8,303,1,13.4,14.4,13.9,293.4,294.4,293.9,297.4,298.4,297.9,297.9,0.5,3880.4,4301.74,4061.61,4069.01,210.67,0.1164,0.006221892,80.63662046,4.031831023,19.36337954,1.936337954,0.217571512,0.021757151,3127.488942,35.02606732,661.9708417,119.1547515,5960.306307,774.8398199,277.5603378,38.85844729,54.76131918,6.571358302,74836.34761,13470.54257,16.81953054,1.177367138,12.65956686,6.836166104,78.52750915,10.99385128,100.7202187,9.064819683,15.16180663,0.331171028,3.120629768,0.499300763,95.05242503,1.901048501,6.318871737,0.315943587,3.874266683,0.031053551,0.552785654,0.004543821,0.116404656,0.006221892,5.345054197,0.025326337,0.000135371,0.534505415
Bird Island,BI10,BI10.8,311,0.9,23.1,24,23.6,303.1,304,303.6,307.1,308,307.6,307.6,0.45,3941.17,4415.92,4142.46,4152.34,237.375,0.11598,0.006799849,79.31158754,3.965579377,20.68841246,2.068841246,0.286703829,0.028670383,2256.343461,33.09058136,1745.183529,314.1330352,6654.679504,865.1083355,691.4862269,96.80807177,80.6250656,9.675007872,65108.07757,11719.45396,25.16163647,1.761314553,12.05911704,6.511923202,51.06064778,7.148490689,130.9239492,11.78315543,14.08609213,0.26063734,9.077687309,1.452429969,109.9097917,2.198195834,13.10956878,0.655478439,4.086498841,0.00643734,0.973432922,0.009359448,0.115984535,0.006799849,5.862720777,0.03325321,0.000194954,0.58627208
Bird Island,BI10,BI10.8,318,1.1,31.7,32.8,32.2,311.7,312.8,312.2,315.7,316.8,316.3,316.3,0.55,3998.58,4496.01,4220.41,4227.35,248.715,0.09667,0.005855649,85.15747699,4.257873849,14.84252301,1.484252301,0.17652867,0.017652867,1913.800621,31.98948586,543.4726901,97.82508422,6154.781584,800.1216059,244.2716404,34.19802966,70.96066682,8.515280018,88890.89611,16000.3613,11.55396277,0.808777394,9.165262456,4.949241726,50.54112884,7.075758038,83.34916521,7.501424869,17.61827763,0.432720307,2.400125578,0.384020092,92.99111859,1.859822372,4.823094008,0.2411547,4.499188133,0.02272668,0.436569956,0.006324564,0.096665056,0.005855649,6.057668483,0.017064154,0.000103369,0.605766848
Bird Island,BI10,BI10.8,326,1.1,41.7,42.8,42.2,321.7,322.8,322.2,325.7,326.8,326.3,326.3,0.55,4077.47,4620.78,4325.98,4330.8,271.655,0.08888,0.005724925,82.30218853,4.115109426,17.69781147,1.769781147,0.241308675,0.024130868,1062.510848,14.90439106,2704.115972,486.740875,4314.171561,560.8423029,390.264881,54.63708334,272.5348429,32.70418115,76198.44633,13715.72034,13.36853596,0.935797517,9.036215502,4.879556371,35.29243706,4.940941188,141.7452321,12.75707089,16.48089604,0.082550766,13.28023284,2.124837254,54.97448254,1.099489651,14.95585253,0.747792627,3.349093001,0.037822983,0.815362521,0.010288198,0.088882619,0.005724925,6.440995397,0.021448147,0.000138147,0.644099553
Bird Island,BI10,BI10.9,342,1,12.1,13.1,12.6,332.1,333.1,332.6,332.1,333.1,332.6,332.6,0.5,4126.96,4711.25,4398.15,4401.68,292.145,0.09009,0.006114819,54.15974773,2.707987387,45.84025227,4.584025227,0.283876328,0.028387633,1907.808331,19.06490942,473.7956247,85.28321245,3366.405358,437.6326965,159.3219544,22.30507362,48.26462876,5.791755451,244762.4318,44057.23772,24.67115714,1.726981,18.49534977,9.987488876,54.25753022,7.596054231,108.9295808,9.803662272,29.81581511,0.773136298,2.02301219,0.32368195,53.58134359,1.071626872,3.512118591,0.17560593,3.936977584,0.019326058,0.365718702,0.003108463,0.09009009,0.006114819,6.787448856,0.025574444,0.000173585,0.67874489
Bird Island,BI10,BI10.9,348,1,19.5,20.5,20,339.5,340.5,340,339.5,340.5,340,340,0.5,4180.66,4813.55,4477.39,4483.82,316.445,0.09793,0.007055411,79.92749239,3.996374619,20.07250761,2.007250761,0.233658379,0.023365838,3740.72618,50.17060239,519.5682507,93.52228513,6376.14109,828.8983417,247.3342292,34.62679209,71.25145017,8.55017402,33059.50476,5950.710857,30.22335953,2.115635167,15.52691154,8.384532232,93.06939632,13.02971548,242.3611357,21.81250221,13.38786455,0.172694261,3.033425815,0.48534813,126.2966844,2.525933688,6.610934788,0.330546739,3.489982864,0.053218462,0.532835757,0.004931813,0.097930817,0.007055411,7.204485444,0.022882356,0.000164856,0.720448547
Bird Island,BI10,BI10.9,353,1,25.7,26.7,26.2,345.7,346.7,346.2,345.7,346.7,346.2,346.2,0.5,4249.83,4857.11,4542.96,4547.13,303.64,0.09124,0.006224433,59.1542995,2.957714975,40.8457005,4.08457005,0.537569421,0.053756942,726.3242938,7.848344827,590.2581944,106.246475,1649.910749,214.4883974,196.7910903,27.55075264,40.04154754,4.804985705,259743.8529,46753.89352,31.69988747,2.218992123,16.50037866,8.910204476,46.16790206,6.463506288,46.41044203,4.176939783,33.63062821,0.630236272,2.023599773,0.323775964,26.73253921,0.534650784,3.215918511,0.160795926,3.841771896,0.06841699,0.221542724,0.000709409,0.091240876,0.006224433,6.821978326,0.049048305,0.000334606,0.682197831
Bird Island,BI10,BI10.9,361,1,35.7,36.7,36.2,355.7,356.7,356.2,355.7,356.7,356.2,356.2,0.5,4347.54,4949.41,4657.78,4656.73,300.935,0.08702,0.005745703,75.51545368,3.775772684,24.48454632,2.448454632,0.271119644,0.027111964,4761.875299,30.36296028,2355.45594,423.9820692,6975.754499,906.8480849,799.193679,111.8871151,63.1732016,7.580784192,19940.78074,3589.340533,5.120949268,0.358466449,8.855748872,4.782104391,61.1989585,8.56785419,50.4248919,4.538240271,5.486958807,0.08884197,12.19802273,1.951683637,152.5618881,3.051237762,25.31019839,1.26550992,5.131125425,0.052935455,1.245198413,0.027091858,0.087017055,0.005745703,6.602961384,0.023592033,0.000155777,0.660296129
Bird Island,BI10,BI10.9,365,1,40.7,41.7,41.2,360.7,361.7,361.2,360.7,361.7,361.2,361.2,0.5,4398.4,5007.11,4717.52,4714.19,304.355,0.08524,0.005621215,75.42653024,3.771326512,24.57346976,2.457346976,0.306744795,0.030674479,4611.136234,33.19747396,1070.885179,192.7593322,6849.57438,890.4446694,482.4222414,67.5391138,70.44102514,8.452923017,91742.56196,16513.66115,76.74575589,5.372202912,30.78295408,16.6227952,84.15061701,11.78108638,199.4152519,17.94737267,10.06036084,0.205877938,4.992973415,0.798875746,138.0986394,2.761972788,9.681378018,0.484068901,6.041542002,0.028948675,0.81296146,0.006029443,0.133094063,0.005621215,4.223490129,0.040825911,0.000172428,0.422349006
Bird Island,BI10,BI10.9,372,1.9,49.1,51,50.1,369.1,371,370.1,369.1,371,370.1,370.1,0.95,4483,5053.23,4784.6,4781.06,285.115,0.08545,0.005315087,77.82667862,3.891333931,22.17332138,2.217332138,0.217762879,0.021776288,5476.238187,44.56145304,1739.758107,313.1564593,7954.492393,1034.084011,927.4315698,129.8404198,100.6908119,12.08289743,63330.72521,11399.53054,33.30735274,2.331514692,18.94940307,10.23267766,69.48540749,9.727957049,155.6838291,14.01154462,17.98872607,0.108961756,9.175578982,1.468092637,172.6424549,3.452849098,18.17108513,0.908554257,10.90930959,0.055230939,1.325701748,0.018963946,-0.085447263,0.005315087,-6.22031314,-0.018607242,0.000115743,-0.622031317
Bird Island,BI10,BI10.10,379,1.1,7.3,8.4,7.85,367.3,368.4,367.9,366.3,367.4,366.9,366.9,0.55,4518.52,5091.71,4824.32,4818.51,286.595,0.09279,0.005658054,77.00109282,3.850054641,22.99890718,2.299890718,0.291571616,0.029157162,4996.075153,52.11628875,1447.271106,260.5087991,6910.359074,898.3466796,541.6620458,75.83268641,69.28334701,8.314001641,69886.15056,12579.5071,17.29854042,1.210897829,16.74430526,9.04192484,96.04739856,13.4466358,106.4331106,9.578979954,12.94872931,0.192691994,7.537000498,1.20592008,142.7753473,2.855506946,10.27576935,0.513788468,7.2235317,0.082032731,0.9882166,0.017709204,0.151018923,0.005658054,3.746585853,0.044032831,0.000164973,0.37465859
Bird Island,BI10,BI10.10,386,0.9,15.7,16.6,16.1,375.7,376.6,376.1,374.7,375.6,375.2,375.2,0.45,4592.14,5130.58,4879.62,4873.47,269.22,0.09279,0.005237189,72.13219103,3.606609551,27.86780897,2.786780897,0.364923014,0.036492301,4505.833499,31.50266064,1334.018291,240.1232924,6023.226846,783.01949,617.6592849,86.47229989,70.46152124,8.455382549,54047.68966,9728.584139,24.79954461,1.735968123,17.31182215,9.348383961,74.97636554,10.49669118,153.3540492,13.80186443,11.06391366,0.159070092,7.097707001,1.13563312,129.6985539,2.593971078,12.79708303,0.639854152,6.262183706,0.042454841,1.05208357,0.008324452,0.092789484,0.005237189,5.644162716,0.033861018,0.000191117,0.564416265
Bird Island,BI10,BI10.10,390,1,20.5,21.5,21,380.5,381.5,381,379.5,380.5,380,380,0.5,4640.32,5183.7,4930.55,4925.2,271.69,0.09381,0.005298298,78.69058332,3.934529166,21.30941668,2.130941668,0.239273227,0.023927323,6066.004862,40.91124585,3262.422113,587.2359803,8005.462824,1040.710167,862.5856098,120.7619854,97.8957421,11.74748905,40132.04847,7223.768725,9.040037779,0.632802645,10.00803438,5.404338565,55.15725169,7.722015237,63.73190593,5.735871534,8.61116978,0.232102114,14.36128756,2.29780601,153.3496638,3.066993276,18.27558905,0.913779453,4.279527789,0.028118065,1.483670914,0.004179591,0.09380863,0.005298298,5.647985617,0.022445894,0.000126774,0.564798569
Bird Island,BI10,BI10.10,392,1.1,22.9,24,23.4,382.9,384,383.4,381.9,383,382.5,382.5,0.55,4672.5,5199.13,4958.66,4951.85,263.315,0.0938,0.005122698,72.08217607,3.604108804,27.91782393,2.791782393,0.329623388,0.032962339,4548.665534,59.92319496,2439.861236,439.1750225,8103.945816,1053.512956,859.4671757,120.3254046,81.91402797,9.829683356,54152.91453,9747.524615,19.75221569,1.382655098,13.25060411,7.155326219,94.26813549,13.19753897,136.8739771,12.31865794,12.8787305,0.584735162,9.248141245,1.479702599,135.6264282,2.712528564,16.48531144,0.824265572,5.788177951,0.208124419,1.022346242,0.016719137,0.093804964,0.005122698,5.461009454,0.03092031,0.000168856,0.546100949
Bird Island,BI10,BI10.10,396,1.1,27.7,28.8,28.2,387.7,388.8,388.2,386.7,387.8,387.3,387.3,0.55,4723.37,5238.72,5015.2,5003.02,257.675,0.09765,0.005168027,80.30162948,4.015081474,19.69837052,1.969837052,0.222180671,0.022218067,1529.984744,25.92577122,4192.532888,754.6559198,7585.017065,986.0522185,1453.514493,203.492029,274.0987451,32.89184941,20119.39045,3621.490281,2.860665218,0.200246565,5.370449412,2.900042682,19.4548787,2.723683018,47.14281535,4.242853382,5.442980062,0.045398161,20.02750394,3.20440063,151.7312933,3.034625866,23.6965254,1.18482627,1.683004451,0.00603126,1.28523096,0.007747074,0.097649597,0.005168027,5.29241979,0.021695853,0.000114824,0.529241977
Bird Island,BI10,BI10.10,403,1.1,36.3,37.4,36.8,396.3,397.4,396.8,395.3,396.4,395.9,395.9,0.55,4840.33,5330.4,5104.96,5091.09,245.035,0.08248,0.00408436,77.7103679,3.885518395,22.2896321,2.22896321,0.30863854,0.030863854,3049.762594,32.38070392,2645.007056,476.1012701,7317.516566,951.2771536,1096.289357,153.48051,78.69369569,9.443243483,51021.42539,9183.85657,7.991640436,0.559414831,10.48748493,5.663241862,71.22393581,9.971351013,61.90931635,5.571838472,10.25687008,0.232367414,10.62373635,1.699797816,121.4529542,2.429059084,19.25420696,0.962710348,5.804511688,0.123140897,1.176556743,0.015856583,0.082478375,0.00408436,4.952038026,0.025456005,0.000126059,0.495203803
Bird Island,BI10,BI10.10,410,1,44.6,45.6,45.1,404.6,405.6,405.1,403.6,404.6,404.1,404.1,0.5,4975.74,5406.39,5197.13,5190.51,215.325,0.04155,0.001775086,81.45962317,4.072981159,18.54037683,1.854037683,0.227770281,0.022777028,4735.07879,29.00454409,1279.071246,230.2328243,7179.414733,933.3239153,439.7704209,61.56785893,60.23512043,7.228214452,34088.22199,6135.879958,18.03152781,1.262206947,13.21962289,7.138596361,87.44578681,12.24241015,97.22108231,8.749897408,10.42234441,0.129991788,4.89161886,0.782659018,127.9383347,2.558766694,10.69155001,0.534577501,7.064103822,0.043039341,0.712875407,0.000529873,0.041553103,0.001775086,4.271848996,0.009464562,4.04E-05,0.427184898
Bird Island,BI10,BI10.11,422,1,9.9,10.9,10.4,409.9,410.9,410.4,412.9,413.9,413.4,413.4,0.5,5178.11,5644.94,5410.14,5414.32,233.415,0.02428,0.001076093,71.75925287,3.587962643,28.24074713,2.824074713,0.335520162,0.033552016,5919.405954,68.86079287,2999.419337,539.8954807,9461.06745,1229.938769,2545.357841,356.3500977,321.8666456,38.62399747,28823.89617,5188.301311,10.38688508,0.727081956,11.44865692,6.182274737,55.06983208,7.709776491,72.67126101,6.540413491,5.803672169,0.111394115,11.2517643,1.800282288,230.1968823,4.603937646,30.86414748,1.543207374,8.029088504,0.030559369,1.531836996,0.001421073,0.024282095,0.001076093,4.431633612,0.008147132,3.61E-05,0.443163359
Bird Island,BI10,BI10.11,424,1,12.2,13.2,12.7,412.2,413.2,412.7,415.2,416.2,415.7,415.7,0.5,5240.75,5795.74,5502.33,5509.04,277.495,0.02428,0.001252208,82.01865964,4.100932982,17.98134036,1.798134036,0.185813281,0.018581328,4906.390605,12.8149241,1873.201141,337.1762054,8311.822141,1080.536878,713.4399266,99.88158972,107.9334325,12.9520119,30935.30845,5568.355521,11.60935571,0.8126549,13.02193372,7.031844209,79.709217,11.15929038,70.91847569,6.382662812,7.78759488,0.032605693,7.62089899,1.219343838,147.1050077,2.942100154,14.88976145,0.744488073,8.426327912,0.091387716,0.982574616,0.014120026,0.024283305,0.001252208,5.156661574,0.004512161,2.33E-05,0.515666155
Bird Island,BI10,BI10.11,427,1,15.8,16.8,16.3,415.8,416.8,416.3,418.8,419.8,419.3,419.3,0.5,5296.45,6078.28,5644.64,5657.29,390.915,0.0275,0.001933025,77.5535611,3.877678055,22.4464389,2.24464389,0.281896254,0.028189625,4743.51956,104.9738041,2896.949952,521.4509914,4039.228505,525.0997057,623.497368,87.28963152,98.07001331,11.7684016,34349.06054,6182.830897,11.06017577,0.774212304,10.69111482,5.773202003,49.32777324,6.905888254,61.6011836,5.544106524,6.365283876,0.032078895,14.21907028,2.275051245,90.62519465,1.812503893,13.96627653,0.698313827,7.269837559,0.088140895,1.058348396,0.006936541,0.027502229,0.001933025,7.028610665,0.007752775,5.45E-05,0.702861057
Bird Island,BI10,BI10.11,439,1,30.3,31.3,30.8,430.3,431.3,430.8,433.3,434.3,433.8,433.8,0.5,5894.14,6354.64,6209.64,6184.52,230.25,0.04733,0.001816651,75.06123488,3.753061744,24.93876512,2.493876512,0.314653108,0.031465311,2573.483787,20.83881079,3339.764406,601.1575931,5046.388886,656.0305552,1578.677596,221.0148634,53.48002201,6.417602641,29282.54803,5270.858645,14.40052097,1.008036468,10.27959403,5.550980776,49.65090616,6.951126862,63.26427197,5.693784477,6.296183095,0.09037256,15.34553868,2.455286189,90.09213851,1.80184277,36.05342738,1.802671369,4.229160877,0.066063666,1.396057162,0.016028184,0.047330557,0.001816651,3.838220531,0.014892707,5.72E-05,0.383822056
Bird Island,BI10,BI10.11,443,1.1,35.2,36.3,35.7,435.2,436.3,435.7,438.2,439.3,438.8,438.8,0.55,6036.41,6449.66,6312.35,6290.16,206.625,0.07699,0.002625539,78.71387527,3.935693764,21.28612473,2.128612473,0.257163412,0.025716341,3322.188553,52.99097299,1374.155784,247.3480411,5399.551536,701.9416997,564.5866399,79.04212959,46.9486511,5.633838132,32219.65007,5799.537013,8.58191768,0.600734238,10.7534478,5.806861812,67.64965696,9.470951974,53.82896824,4.844607142,6.546600461,0.21306347,5.803580829,0.928572933,91.69283278,1.833856656,11.59992701,0.579996351,5.623923907,0.078821248,0.82113265,0.010596606,0.076986245,0.002625539,3.410400764,0.019798045,6.75E-05,0.341040074
Bird Island,BI10,BI10.11,449,1,42.8,43.8,43.3,442.8,443.8,443.3,445.8,446.8,446.3,446.3,0.5,6132.81,6564.79,6398.48,6387.58,215.99,0.0908,0.003172042,80.23174108,4.011587054,19.76825892,1.976825892,0.226534011,0.022653401,1212.319435,3.81968698,959.6082071,172.7294773,7612.230803,989.5900044,383.0841407,53.6317797,68.97052291,8.276462749,16700.79088,3006.142358,1.309662683,0.091676388,2.705794836,1.461129211,30.41424683,4.257994556,18.55755468,1.670179921,4.507341527,0.065271547,4.177557871,0.668409259,107.4610267,2.149220534,9.694411847,0.484720592,3.151085499,0.027796954,0.586841167,0.002855282,0.09079984,0.003172042,3.493444221,0.020569252,7.19E-05,0.349344421
Bird Island,BI10,BI10.12,461,1.2,7.5,8.7,8.1,447.5,448.7,448.1,452.5,453.7,453.1,453.1,0.6,6233.64,6652.03,6467.3,6462.47,209.195,0.0952,0.00320776,43.1553935,2.157769675,56.8446065,5.68446065,0.773402367,0.077340237,4684.658687,40.98930044,6631.161901,1193.609142,11154.85179,1450.130733,3810.984322,533.5378051,355.0818916,42.60982699,37075.7818,6673.640724,5.309682165,0.371677752,5.648759577,3.050330172,28.74922169,4.024891037,50.41642497,4.537478247,7.998732079,0.0894333,25.0506238,4.008099808,263.6699608,5.273399216,61.68487759,3.08424388,10.60472176,0.047124627,2.599471014,0.035744714,0.09520388,0.00320776,3.369358765,0.073630906,0.000248089,0.336935878
Bird Island,BI10,BI10.12,465,1.1,12.8,13.9,13.4,452.8,453.9,453.4,457.8,458.9,458.4,458.4,0.55,6312.19,6708.88,6520.3,6518.14,198.345,0.08858,0.002801743,68.15019044,3.407509522,31.84980956,3.184980956,0.377628666,0.037762867,4480.636884,7.550856231,5147.889503,926.6201105,11483.54156,1492.860403,2897.539841,405.6555777,201.9552017,24.2346242,29511.5462,5312.078316,4.280007535,0.299600527,7.193324268,3.884395105,39.15988603,5.482384044,62.26601894,5.603941705,7.060998051,0.166110574,21.73821403,3.478114245,227.4544094,4.549088188,60.0329846,3.00164923,9.227439886,0.098137776,2.660639192,0.035397346,0.088582677,0.002801743,3.16285627,0.033451358,0.000105802,0.31628563
Bird Island,BI10,BI10.12,469,1,18.3,19.3,18.8,458.3,459.3,458.8,463.3,464.3,463.8,463.8,0.5,6425.86,6771.32,6573.77,6579.1,172.73,0.05243,0.001433038,61.4854044,3.07427022,38.5145956,3.85145956,0.507021768,0.050702177,3299.466766,30.96016951,5505.035933,990.9064679,10269.18303,1334.993794,3795.356029,531.3498441,311.4480017,37.3737602,35173.56997,6331.242595,7.368448017,0.515791361,6.263265577,3.382163412,34.66157048,4.852619867,58.60550147,5.274495132,5.441478568,0.110837604,21.04953065,3.367924904,198.7277638,3.974555276,50.93045401,2.546522701,7.052044782,0.041003547,2.246205468,0.019015327,0.052432468,0.001433038,2.733111508,0.026584403,7.27E-05,0.273311152
Bird Island,BI10,BI10.12,475,1.1,26.1,27.2,26.6,466.1,467.2,466.6,471.1,472.2,471.7,471.7,0.55,6568.13,6948.01,6720.11,6729.77,189.94,0.02162,0.000635408,35.36524937,1.768262469,64.63475063,6.463475063,1.003750491,0.100375049,3150.347901,22.05986399,6097.843222,1097.61178,12229.13292,1589.78728,5093.523369,713.0932717,353.3049619,42.39659543,30813.78663,5546.481593,5.122222899,0.358555603,6.301289954,3.402696575,25.95749555,3.634049377,40.82277223,3.674049501,5.26394517,0.065585643,23.73857998,3.798172797,302.9231828,6.058463656,78.78952034,3.939476017,6.654761939,0.283669051,3.325135249,0.156443082,0.021620605,0.000635408,2.938901959,0.021701693,6.38E-05,0.293890196
Bird Island,BI10,BI10.13,506,1.1,16.4,17.5,16.95,473.4,474.5,474,473.4,474.5,474,474,0.55,6604.47,7151.21,6820.01,6836.15,273.37,0.02162,0.000889646,74.61693659,3.73084683,25.38306341,2.538306341,0.275349745,0.027534974,1867.157105,9.197573139,2516.983872,453.057097,6960.861032,904.9119342,1199.537678,167.9352749,60.6622639,7.279471668,33521.67785,6033.902013,21.80830378,1.526581265,10.48832859,5.663697439,46.69505839,6.537308175,136.0251037,12.24225933,7.513560787,0.135235689,10.73581104,1.717729766,111.667296,2.23334592,21.85695903,1.092847952,4.184776208,0.042481992,0.991208795,0.007184844,0.021620816,0.000889646,4.114766787,0.005953286,2.45E-05,0.411476671
Bird Island,BI10,BI10.12,479,1,31.4,32.4,31.9,471.4,472.4,471.9,476.4,477.4,476.9,476.9,0.5,6628.62,7446.4,6941.3,6970.28,408.89,0.02296,0.00137095,70.44739698,3.522369849,29.55260302,2.955260302,0.348543289,0.034854329,5218.223333,7.043425533,6175.999603,1111.679929,9855.628818,1281.231746,3509.410749,491.3175049,115.4337622,13.85205146,13189.89932,2374.181878,5.35222129,0.37465549,9.999536344,5.399749626,89.58971424,12.54255999,35.42302354,3.188072119,3.566731737,0.069025258,30.35980649,4.857569038,245.5928888,4.911857776,55.86097273,2.793048637,7.476387324,0.031961795,2.37928939,0.024414367,0.022959011,0.00137095,5.971292778,0.008002209,4.78E-05,0.597129279
Bird Island,BI10,BI10.12,484,1,38.2,39.2,38.7,478.2,479.2,478.7,483.2,484.2,483.7,483.7,0.5,6744.18,7855.71,7247.45,7266.46,555.765,0.02354,0.001824757,73.94626198,3.697313099,26.05373802,2.605373802,0.308842251,0.030884225,5825.980155,52.44956405,5968.444872,1074.320077,10048.24434,1306.271764,3248.960975,454.8545365,105.7636335,12.69163602,10103.92743,1818.706937,5.409379617,0.378656573,13.45589808,7.266184963,97.79698974,13.69157856,54.064265,4.86578385,3.357694565,0.043389456,28.7689376,4.603030016,254.6825264,5.093650528,50.67135824,2.533567912,8.452626598,0.312120132,2.138035712,0.09205157,0.023544327,0.001824757,7.750305052,0.007271483,5.64E-05,0.775030503
Bird Island,BI10,BI10.13,519,1,34,35,34.5,491,492,491.5,491,492,491.5,491.5,0.5,6875.77,8107.06,7618.13,7597.75,615.645,0.02109,0.001730376,61.87547013,3.093773507,38.12452987,3.812452987,0.425132074,0.042513207,5731.950298,32.12000598,790.4601626,142.2828293,7012.381581,911.6096055,307.9839209,43.11774893,64.82600414,7.779120497,19102.04921,3438.368858,14.81752131,1.037226492,14.68864067,7.931865962,78.63602567,11.00904359,94.75874646,8.528287181,4.2798937,0.044961711,3.470088908,0.555214225,131.8281488,2.636562976,7.181000574,0.359050029,4.406393906,0.009614021,0.594316804,0.008707315,0.021093533,0.001730376,8.203346126,0.008967538,7.36E-05,0.820334605
Bird Island,BI10,BI10.13,522,1,37.8,38.8,38.3,494.8,495.8,495.3,494.8,495.8,495.3,495.3,0.5,6956.87,8150.98,7813.49,7777.9,597.055,0.02109,0.001640222,76.88644665,3.844322333,23.11355335,2.311355335,0.242239103,0.02422391,8552.630611,86.09986976,3163.380594,569.4085069,9040.006112,1175.200795,1347.461524,188.6446134,87.95481953,10.55457834,17067.4608,3072.142944,4.1377886,0.289645202,13.66412704,7.378628602,99.33071721,13.90630041,57.03901807,5.133511626,5.021044644,0.084295908,14.31278916,2.290046266,224.4453244,4.488906488,28.83560184,1.441780092,11.05154273,0.183321819,1.626818587,0.027086211,0.021092482,0.001640222,7.776334398,0.005109424,3.97E-05,0.77763343
Bird Island,BI10,BI10.13,525,1,41.7,42.7,42.2,498.7,499.7,499.2,498.7,499.7,499.2,499.2,0.5,7013.52,8236.21,8029.02,7962.8,611.345,0.03913,0.003043404,72.94537302,3.647268651,27.05462698,2.705462698,0.408877653,0.040887765,7419.560931,130.1713155,6266.517708,1127.973187,11396.20863,1481.507122,2883.518514,403.692592,169.8695081,20.38434097,32079.57549,5774.323588,10.38268079,0.726787655,13.11407391,7.081599911,78.85879013,11.04023062,47.08824283,4.237941855,6.288348336,0.156785698,25.23019472,4.036831155,262.4737246,5.249474492,49.62591564,2.481295782,10.71886514,0.095384019,2.562984296,0.028069395,0.039125941,0.003043404,7.778480015,0.015997723,0.000124438,0.777847996
Bird Island,BI10,BI10.13,529,1.2,46.9,48.1,47.5,503.9,505.1,504.5,503.9,505.1,504.5,504.5,0.6,7106.7,8316.81,8173.33,8098.26,605.055,0.04613,0.003501428,81.7476315,4.087381575,18.2523685,1.82523685,0.161209432,0.016120943,8532.394848,27.06455729,1326.826528,238.828775,7680.69076,998.4897988,440.1427786,61.619989,77.40139067,9.28816688,40180.34818,7232.462672,32.08267707,2.245787395,54.67369247,29.52379393,273.7512725,38.32517815,160.9095737,14.48186163,6.723116051,0.083862022,4.409343496,0.705494959,198.8915063,3.977830126,8.837063052,0.441853153,2.529190132,0.009725697,0.669759257,0.001692966,0.046132972,0.003501428,7.589860512,0.00743707,5.64E-05,0.758986042
Bird Island,BI10,BI10.13,530,1.7,48.3,50,49.2,505.3,507,506.2,505.3,507,506.2,506.2,0.85,7120.6,8339.96,8208.31,8135.11,609.68,0.04613,0.00353464,81.92075639,4.09603782,18.07924361,1.807924361,0.214628864,0.021462886,12235.54505,143.2273783,1320.280768,237.6505382,9482.062561,1232.668133,397.5157649,55.65220709,99.77811311,11.97337357,40694.15075,7324.947135,29.24265082,2.046985557,48.45476598,26.16557363,234.2598755,32.79638257,164.7979468,14.83181521,4.834596987,0.04539848,4.04687889,0.647500622,271.8432875,5.43686575,7.931093304,0.396554665,3.059489395,0.009479661,0.660878379,0.007256785,#REF!,0.00353464,#REF!,#REF!,#REF!,#REF!
Isla Hermite,HER42PB,HER42PB_1A,3,1.2,2.5,3.7,3.1,2.5,3.7,3.1,2.5,3.7,3.1,3.1,0.6,-65.11,-42.44,-59.92,-58.34,11.335,0.40936,-0.000304438,79.47800322,3.973900161,20.52199678,2.052199678,0.245198178,0.024519818,1827.041566,37.63705626,5443.67845,979.862121,15948.18938,2073.264619,1607.114721,224.9960609,407.4375349,48.89250419,14682.28264,2642.810875,4.851245271,0.339587169,4.965819612,2.68154259,23.13004442,3.238206219,42.19689147,3.797720232,2.909070465,0.066908621,17.13305574,2.741288918,204.6688961,4.093377922,8.791484806,0.43957424,5.273214186,0.114428748,1.358963465,0.018889592,0.409356725,-0.000304438,-0.074369976,0.100373523,-7.46E-06,-0.007436998
Isla Hermite,HER42PB,HER42PB_1A,5,1.2,5.3,6.5,5.9,5.3,6.5,5.9,5.3,6.5,5.9,5.9,0.6,-64.32,-19.82,-54.75,-51.5,22.25,0.40996,-0.135427793,71.58035749,3.579017875,28.41964251,2.841964251,0.360788755,0.036078875,2039.850817,36.30934454,5975.780316,1075.640457,16588.68048,2156.528462,1837.980819,257.3173147,366.7929674,44.01515609,16189.75967,2914.156741,5.402833637,0.378198355,5.507249153,2.973914543,28.86151963,4.040612748,35.42095591,3.187886032,3.290427423,0.090157711,22.17089462,3.547343139,214.4801797,4.289603594,9.110923126,0.455546156,5.90081533,0.105034513,2.374515933,0.022795353,0.409956076,-0.135427793,-33.03470816,0.147907542,-0.004886082,-3.30347077
Isla Hermite,HER42PB,HER42PB_1A,7,1.2,8.1,9.3,8.7,8.1,9.3,8.7,8.1,9.3,8.7,8.7,0.6,-63.64,3.17,-49.53,-44.67,33.405,0.13346,-0.090599563,29.61002281,1.480501141,70.38997719,7.038997719,1.012276019,0.101227602,1919.062535,23.98828169,5333.453521,960.0216338,15380.19155,1999.424902,1832.527324,256.5538254,315.5650704,37.86780845,16934.94085,3048.289353,4.923853521,0.344669746,4.900777465,2.646419831,28.38931831,3.974504563,31.93149296,2.873834366,3.519098592,0.078475899,20.66172394,3.30587583,191.8197183,3.836394366,8.621791549,0.431089577,5.546907042,0.017195412,2.135112113,0.015372807,0.133460439,-0.090599563,-67.88495793,0.135098801,-0.009171176,-6.7884958
Isla Hermite,HER42PB,HER42PB_1A,9,1.2,10.9,12.1,11.5,10.9,12.1,11.5,10.9,12.1,11.5,11.5,0.6,-56.04,34,-27.49,-23.69,45.02,0.08426,-0.155729837,75.74731616,3.787365808,24.25268384,2.425268384,0.292144605,0.02921446,1818.155266,21.27241661,5207.184,937.29312,15558.14641,2022.559033,1580.648497,221.2907896,291.4015196,34.96818235,17138.00234,3084.840421,4.715790685,0.330105348,5.241528694,2.830425495,33.07658228,4.630721519,27.71352621,2.494217359,3.519010192,0.08621575,18.82353425,3.01176548,198.4859127,3.969718254,8.287638868,0.414381943,5.55327284,0.067749929,2.013655832,0.010672376,0.084256514,-0.155729837,-184.8282455,0.024615086,-0.004549563,-18.48282423
Isla Hermite,HER42PB,HER42PB_1A,13,1.2,16.3,17.5,16.9,16.3,17.5,16.9,16.3,17.5,16.9,16.9,0.6,-45.47,181.17,30.36,40.4,113.32,0.08521,0.242035039,71.91050025,3.595525013,28.08949975,2.808949975,0.345137645,0.034513765,1537.778135,13.37866977,5837.940234,1050.829242,17669.83951,2297.079136,1819.746676,254.7645346,318.8457154,38.26148585,13667.24784,2460.104611,5.347190156,0.374303311,6.351383957,3.429747337,33.89863255,4.745808557,28.93439766,2.604095789,3.526025127,0.07157831,20.45548446,3.272877514,217.6036906,4.352073812,10.6404829,0.532024145,6.561300175,0.142380214,1.938320973,0.021709195,0.085209982,0.242035039,284.0454062,0.029409172,0.00835354,28.40454103
Isla Hermite,HER42PB,HER42PB_1A,16,1.1,20.5,21.6,21.1,20.5,21.6,21.1,20.5,21.6,21.1,21.1,0.55,-28.71,291.01,74.62,89.69,159.86,0.08808,0.159286322,67.13543578,3.356771789,32.86456422,3.286456422,0.603070633,0.060307063,1081.37795,27.68327553,6956.874444,1252.2374,21182.64262,2753.743541,2092.551562,292.9572187,343.7990278,41.25588334,11986.74089,2157.61336,4.922970952,0.344607967,6.39350629,3.452493397,28.97734663,4.056828528,27.00122448,2.430110203,2.560291583,0.019714245,22.53472619,3.60555619,287.7800097,5.755600194,20.13391113,1.006695557,7.959380853,0.217291097,8.55452875,0.111208874,0.088078012,0.159286322,180.8468637,0.053117262,0.00960609,18.08468628
Isla Hermite,HER42PB,HER42PB_1A,20,1.2,26.1,27.3,26.7,26.1,27.3,26.7,26.1,27.3,26.7,26.7,0.6,0.75,342.03,146.11,153.27,170.64,0.08343,0.094759905,68.52043629,3.426021815,31.47956371,3.147956371,0.434378762,0.043437876,1396.766862,19.55473607,5864.826617,1055.668791,16828.03623,2187.64471,2256.103454,315.8544836,382.915235,45.9498282,14179.20706,2552.257271,6.646599115,0.465261938,7.84225117,4.234815632,41.9704529,5.875863406,36.91192497,3.322073247,3.985506849,0.07572463,22.63461313,3.621538101,192.0094569,3.840189138,11.10116946,0.555058473,7.31800373,0.071716437,2.247212708,0.018651865,0.083434099,0.094759905,113.5745526,0.036242001,0.004116169,11.35745521
Isla Hermite,HER42PB,HER42PB_1A,25,1,33.1,34.1,33.6,33.1,34.1,33.6,33.1,34.1,33.6,33.6,0.5,61.86,417.67,233.59,235.97,177.905,0.07957,0.061174334,59.52633489,2.976316744,40.47366511,4.047366511,0.771593844,0.077159384,1620.284407,23.17006702,8871.994311,1596.958976,23025.53265,2993.319245,3140.602681,439.6843753,585.3572459,70.24286951,35487.97724,6387.835903,9.632847657,0.674299336,11.08791026,5.98747154,61.64578206,8.630409488,47.90043877,4.311039489,6.892109508,0.119922705,34.84930473,5.575888757,237.2807242,4.745614484,16.78597985,0.839298993,10.39092417,0.078971024,3.601557628,0.046460093,0.079565302,0.061174334,76.88569342,0.061392097,0.004720174,7.688569302
Isla Hermite,HER42PB,HER42PB_1A,28,1.1,37.1,38.2,37.7,37.1,38.2,37.7,37.1,38.2,37.7,37.7,0.55,98.1,448.51,289.53,287.5,175.205,0.08066,0.050331643,63.18099355,3.159049677,36.81900645,3.681900645,0.587799686,0.058779969,1400.404816,30.80890594,7746.307975,1394.335436,19806.58483,2574.856028,2780.927179,389.3298051,509.8802514,61.18563017,25321.34917,4557.842851,8.041928644,0.562935005,8.769207812,4.735372218,43.74139458,6.123795241,42.59030524,3.833127472,4.682840687,0.048701543,30.00680597,4.801088955,201.9638553,4.039277106,18.09041528,0.904520764,8.055009204,0.107937123,2.572946266,0.042196319,0.080661424,0.050331643,62.39865415,0.04741276,0.002958492,6.239865458
Isla Hermite,HER42PB,HER42PB_1A,31,1.1,41.2,42.3,41.7,41.2,42.3,41.7,41.2,42.3,41.7,41.7,0.55,157.3,484.91,338.92,337.09,163.805,0.0822,0.041028315,58.6261659,2.931308295,41.3738341,4.13738341,0.743284189,0.074328419,1323.400898,31.62928146,8706.157013,1567.108262,23961.57686,3115.004992,2482.596033,347.5634446,510.7720501,61.29264601,30348.25974,5462.686753,8.722415009,0.610569051,8.979833284,4.849109973,34.73791874,4.863308624,44.27594323,3.984834891,4.573916289,0.065864395,30.61922635,4.899076216,256.1176349,5.122352698,12.6893661,0.634468305,7.76861256,0.122744078,2.073978393,0.01825101,0.082203042,0.041028315,49.91094541,0.061100221,0.00304957,4.991094548
Isla Hermite,HER42PB,HER42PB_1B,40,1.1,3.1,4.2,3.65,43.1,44.2,43.7,43.1,44.2,43.7,43.7,0.55,207.9,491.28,365.54,361.42,141.69,0.08779,0.035521834,73.26248768,3.663124384,26.73751232,2.673751232,0.377380815,0.037738081,1598.916078,36.45528657,6598.380417,1187.708475,19881.77207,2584.630369,2488.325779,348.3656091,425.6460716,51.07752859,27170.31131,4890.656036,6.251857157,0.437630001,8.651530736,4.671826597,40.88974473,5.724564262,38.26194334,3.443574901,3.722237356,0.115017134,22.88497366,3.661595786,217.7898692,4.355797384,15.7899099,0.789495495,7.571533241,0.196102711,2.209085785,0.028276298,0.087790603,0.035521834,40.46199978,0.033130489,0.001340526,4.046199924
Isla Hermite,HER42PB,HER42PB_1B,48,1.1,14,15.1,14.5,54,55.1,54.5,54,55.1,54.5,54.5,0.55,345.76,607.66,499.37,484.44,130.95,0.09705,0.027213194,75.70263466,3.785131733,24.29736534,2.429736534,0.371069084,0.037106908,1482.982594,20.02026502,4618.995032,831.4191058,16479.65741,2142.355463,1575.735639,220.6029895,285.4554922,34.25465906,13872.977,2497.13586,5.871694204,0.411018594,11.09571628,5.991686791,27.8525667,3.899359338,30.62449678,2.75620471,3.358299908,0.053732799,17.215285,2.7544456,199.578966,3.99157932,9.92564195,0.496282098,5.775742778,0.041007774,1.748714738,0.016437919,0.09705248,0.027213194,28.03966902,0.036013175,0.001009797,2.803966872
Isla Hermite,HER42PB,HER42PB_1B,50,1.1,16.7,17.8,17.2,56.7,57.8,57.2,56.7,57.8,57.2,57.2,0.55,353.63,672.14,519.24,512.26,159.255,0.09695,0.031072711,68.98881969,3.449440984,31.01118031,3.101118031,0.530621874,0.053062187,746.1273884,12.31110191,3415.579205,614.8042569,10723.74092,1394.08632,1161.29693,162.5815702,213.0614752,25.56737702,10017.06936,1803.072485,4.139917554,0.289794229,5.323592416,2.874739905,16.00316636,2.24044329,21.4504263,1.930538367,1.692478385,0.017094032,12.67297664,2.027676262,119.2508257,2.385016514,6.298210275,0.314910514,3.645247462,0.013122891,1.178669272,0.009782955,0.096946195,0.031072711,32.05150139,0.051441772,0.001648786,3.205150115
Isla Hermite,HER42PB,HER42PB_1B,56,1.1,24.7,25.8,25.2,64.7,65.8,65.2,64.7,65.8,65.2,65.2,0.55,405.7,804.87,592.87,594.78,199.585,0.09712,0.033408953,80.10647259,4.005323629,19.89352741,1.989352741,0.315063631,0.031506363,1306.437254,29.00290704,4921.529077,885.8752339,16718.31854,2173.38141,1911.570392,267.6198549,318.8247,38.258964,18126.438,3262.75884,5.075843538,0.355309048,8.253068077,4.456656762,36.18123,5.0653722,34.30741154,3.087667039,3.075266769,0.043976315,16.21679654,2.594687446,197.3571738,3.947143476,10.43275985,0.521637993,5.613188538,0.092056292,1.741273362,0.040223415,0.097123646,0.033408953,34.39837175,0.030600129,0.001052595,3.439837164
Isla Hermite,HER42PB,HER42PB_1B,60,1,29.9,30.9,30.4,69.9,70.9,70.4,69.9,70.9,70.4,70.4,0.5,433.75,901.32,641.38,648.32,233.785,0.10049,0.036950527,69.14989162,3.457494581,30.85010838,3.085010838,0.547574206,0.054757421,1259.896121,32.63130953,7273.786524,1309.281574,20223.29166,2629.027916,2382.409952,333.5373933,443.5927218,53.23112662,18736.05749,3372.490348,6.595896427,0.46171275,10.60653138,5.727526945,35.46679751,4.965351651,37.68347236,3.391512512,3.361097671,0.05747477,25.92994062,4.148790499,220.559147,4.41118294,10.79469099,0.53973455,6.907777422,0.069077774,2.021298155,0.025266227,0.100489565,0.036950527,36.77051124,0.055025494,0.002023316,3.677051151
Isla Hermite,HER42PB,HER42PB_1B,63,1.1,33.7,34.8,34.3,73.7,74.8,74.3,73.7,74.8,74.3,74.3,0.55,468.7,931.05,681.5,687.13,231.175,0.0997,0.034280652,72.9454191,3.647270955,27.0545809,2.70545809,0.402178631,0.040217863,1344.416439,10.48644822,5415.67046,974.8206828,17750.4328,2307.556264,1894.366875,265.2113625,330.5850441,39.67020529,13972.31801,2515.017242,6.245626149,0.43719383,8.570619866,4.628134728,35.40585383,4.956819536,37.52964617,3.377668155,3.85635977,0.057074125,20.04468741,3.207149986,211.7085625,4.23417125,11.40700042,0.570350021,6.150614387,0.077497741,1.940196079,0.02987902,0.099702188,0.034280652,34.3830485,0.04009809,0.001378695,3.438304842
Isla Hermite,HER42PB,HER42PB_1B,69,1,41.5,42.5,42,81.5,82.5,82,81.5,82.5,82,82,0.5,523.7,1022.97,757.75,764.36,249.635,0.09749,0.032434051,56.09126618,2.804563309,43.90873382,4.390873382,0.795053383,0.079505338,1516.768292,13.34756097,8945.422022,1610.175964,26370.11281,3428.114665,3316.178876,464.2650426,654.0897303,78.49076764,29131.62831,5243.693096,11.02836,0.7719852,12.14358742,6.557537207,49.15261573,6.881366202,53.75514157,4.837962741,4.670383596,0.06538537,36.0531191,5.768499056,255.3811775,5.10762355,18.6667827,0.933339135,8.703494382,0.082683197,3.050648539,0.038438172,0.097487814,0.032434051,33.26985109,0.077508016,0.00257868,3.326985097
Isla Hermite,HER42PB,HER42PB_1C,80,1.3,6.5,7.8,7.15,86.5,87.8,87.2,86.5,87.8,87.2,87.2,0.65,569.61,1075.65,815.17,817.7,253.02,0.09697,0.030728146,48.46093102,2.423046551,51.53906898,5.153906898,0.698967031,0.069896703,1197.776996,14.97221245,8976.759109,1615.81664,26667.54291,3466.780578,2867.600154,401.4640216,567.7982591,68.13579109,22528.01628,4055.04293,9.134399757,0.639407983,7.820727692,4.223192954,39.76047449,5.566466429,44.16857409,3.975171668,3.406789555,0.121281708,32.92937976,5.268700762,253.6262866,5.072525732,14.95542664,0.747771332,8.387066316,0.132515648,2.620337879,0.018080331,0.096972564,0.030728146,31.68746363,0.067780625,0.002147796,3.168746358
Isla Hermite,HER42PB,HER42PB_1C,86,1.2,14.8,16,15.4,94.8,96,95.4,94.8,96,95.4,95.4,0.6,645.32,1158.23,901.7,902.26,256.455,0.09667,0.028085106,77.24749825,3.862374912,22.75250175,2.275250175,0.269401567,0.026940157,1488.067168,33.33270455,5721.295663,1029.833219,19173.11646,2492.50514,1937.934236,271.310793,360.8953237,43.30743884,16524.5867,2974.425606,5.668266146,0.39677863,7.733471223,4.17607446,34.52810771,4.833935079,29.23988643,2.631589779,3.435134265,0.059084309,20.28673632,3.245877811,218.7762183,4.375524366,9.993117862,0.499655893,6.148477883,0.045498736,2.101736522,0.025010665,0.096670247,0.028085106,29.05248169,0.026043116,0.000756617,2.905248201
Isla Hermite,HER42PB,HER42PB_1C,90,1.2,20.2,21.4,20.8,100.2,101.4,100.8,100.2,101.4,100.8,100.8,0.6,686.44,1218.51,958.26,958.12,266.035,0.09646,0.027357593,70.96204823,3.548102411,29.03795177,2.903795177,0.390327941,0.039032794,1561.45067,15.30221656,6594.697268,1187.045508,20274.4736,2635.681568,2422.968415,339.2155781,431.4287933,51.7714552,17616.22911,3170.92124,7.144032067,0.500082245,7.374484715,3.982221746,40.65077512,5.691108517,32.82610384,2.954349346,3.738156314,0.027288541,24.33687143,3.893899429,219.7339196,4.394678392,20.92027695,1.046013848,7.387883124,0.098997634,2.602507106,0.04762588,0.096463023,0.027357593,28.36070438,0.037652213,0.001067843,2.83607043
Isla Hermite,HER42PB,HER42PB_1C,91,1.5,21.6,23.1,22.3,101.6,103.1,102.3,101.6,103.1,102.3,102.3,0.75,707.62,1228.02,972.83,973.67,260.2,0.09673,0.026558935,76.82229633,3.841114817,23.17770367,2.317770367,0.224223708,0.022422371,1436.002402,12.92402162,5009.073815,901.6332867,15679.13954,2038.28814,1886.233337,264.0726672,299.9841868,35.99810242,15409.2047,2773.656846,5.39869674,0.377908772,7.652397974,4.132294906,44.99762802,6.299667923,66.23589727,5.961230754,3.947160352,0.053286665,17.07719827,2.732351723,188.3177471,3.766354942,7.331532035,0.366576602,6.671974273,0.028022292,1.678943755,0.041302016,0.096727968,0.026558935,27.45734802,0.021688704,0.000595514,2.745734827
Isla Hermite,HER42PB,HER42PB_1C,97,1.2,29.8,31,30.4,109.8,111,110.4,109.8,111,110.4,110.4,0.6,777.74,1305.49,1062.62,1057.41,263.875,0.1013,0.025829799,63.82257046,3.191128523,36.17742954,3.617742954,0.599604911,0.059960491,1212.3254,27.76225166,7175.3422,1291.561596,23770.8588,3090.211644,2339.38198,327.5134772,436.78518,52.4142216,17175.5766,3091.603788,7.2536503,0.507755521,6.6532882,3.592775628,28.9478943,4.052705202,36.659792,3.29938128,3.3295444,0.122194279,24.826568,3.97225088,254.965373,5.09930746,15.9139461,0.795697305,6.8534089,0.058253976,3.0279132,0.035123793,0.10130402,0.025829799,25.49730896,0.060742388,0.001548767,2.549730892
Isla Hermite,HER42PB,HER42PB_1C,104,1.1,39.2,40.3,39.8,119.2,120.3,119.8,119.2,120.3,119.8,119.8,0.55,884.85,1374.38,1158.82,1150.2,244.765,0.09457,0.020558866,76.8334819,3.841674095,23.1665181,2.31665181,0.298078963,0.029807896,1355.713487,19.38670286,6260.84885,1126.952793,19931.45628,2591.089316,1783.788743,249.730424,323.6804956,38.84165947,29105.71327,5239.028389,7.23671292,0.506569904,8.016836814,4.32909188,31.06311504,4.348836106,39.88560708,3.589704637,5.055202832,0.167327214,19.90308814,3.184494102,231.5407717,4.630815434,9.931686372,0.496584319,6.34311646,0.072945839,1.546347398,0.026133271,0.094573827,0.020558866,21.73843101,0.028190468,0.000612817,2.173843079
Isla Hermite,HER42PB,HER42PB_1D,118,1.1,7.3,8.4,7.85,127.3,128.4,127.8,127.3,128.4,127.8,127.8,0.55,986.48,1419.58,1243.32,1234.79,216.55,0.09647,0.017333493,75.97706345,3.798853173,24.02293655,2.402293655,0.402971752,0.040297175,1520.525972,43.79114799,5656.960644,1018.252916,21097.44306,2742.667598,2617.070294,366.3898412,421.6584628,50.59901554,12943.05626,2329.750127,5.413025996,0.37891182,7.99757167,4.318688702,27.88986141,3.904580597,25.82803284,2.324522956,3.142110584,0.038962171,18.26896274,2.923034038,237.9234012,4.758468024,19.67739493,0.983869747,5.72084829,0.146453716,2.048179847,0.076397108,0.096471186,0.017333493,17.96753415,0.038875163,0.000698491,1.796753406
Isla Hermite,HER42PB,HER42PB_1D,121,1.3,10.9,12.2,11.7,130.9,132.2,131.6,130.9,132.2,131.6,131.6,0.65,1035.95,1450.98,1282.77,1274.18,207.515,0.09915,0.016637451,84.55037578,4.227518789,15.44962422,1.544962422,0.187676057,0.018767606,1357.682984,12.21914686,3648.143898,656.6659016,15108.07419,1964.049645,1282.645911,179.5704275,195.5844371,23.47013245,7988.703067,1437.966552,3.181449904,0.222701493,6.481861022,3.500204952,25.96709783,3.635393696,17.02060447,1.531854402,2.950543137,0.048093853,10.8681745,1.73890792,200.4648971,4.009297942,7.802635527,0.390131776,3.699998786,0.06104998,1.325044907,0.019080647,0.099154746,0.016637451,16.77927824,0.018608972,0.000312245,1.677927851
Isla Hermite,HER42PB,HER42PB_1D,131,1.2,23.2,24.4,23.9,143.2,144.4,143.8,143.2,144.4,143.8,143.8,0.6,1248.34,1516.66,1401.4,1397.22,134.16,0.08995,0.009012243,80.12840061,4.006420031,19.87159939,1.987159939,0.317513884,0.031751388,1496.398904,23.64310268,5049.87496,908.9774928,16222.83208,2108.96817,1694.217096,237.1903934,259.3390696,31.12068835,12805.9724,2305.075032,4.0172756,0.281209292,6.76410592,3.652617197,22.2037868,3.108530152,20.90723648,1.881651283,2.573376832,0.031395197,15.70363184,2.512581094,201.5309088,4.030618176,6.75540424,0.337770212,4.60898984,0.074204736,1.425915296,0.010409182,0.089949628,0.009012243,10.01921141,0.028560256,0.000286151,1.001921128
Isla Hermite,HER42PB,HER42PB_1D,137,1.2,30.7,31.9,31.4,150.7,151.9,151.3,150.7,151.9,151.3,151.3,0.6,1377.96,1586.34,1482.38,1480.6,104.19,0.06368,0.004733701,84.05430901,4.202715451,15.94569099,1.594569099,0.223349145,0.022334914,1122.527929,11.44978487,3309.7982,595.763676,14715.29986,1912.988982,1150.276453,161.0387034,172.5557713,20.70669256,6997.205183,1259.496933,2.856953727,0.199986761,5.489630722,2.96440059,20.00182283,2.800255196,15.64215778,1.4077942,2.14979546,0.020638036,9.202783759,1.472445401,193.3528611,3.867057222,5.180678081,0.259033904,3.541512681,0.037894186,0.969481945,0.01289411,0.063679952,0.004733701,7.433580739,0.014222863,0.000105727,0.743358057
Isla Hermite,HER42PB,HER42PB_1D,144,1.1,39.2,40.3,39.9,159.2,160.3,159.8,159.2,160.3,159.8,159.8,0.55,1422.94,1923.61,1592.45,1614.08,250.335,0.06817,0.010807423,69.43733975,3.471866988,30.56266025,3.056266025,0.509389576,0.050938958,1280.002013,30.3360477,5997.873908,1079.617303,19331.44723,2513.08814,2133.687133,298.7161986,334.5877951,40.15053541,14513.69839,2612.46571,5.301363572,0.37109545,7.080750354,3.823605191,29.54255159,4.135957223,29.06945023,2.616250521,2.539765801,0.023873799,21.18442756,3.38950841,222.8833073,4.457666146,11.73028539,0.58651427,6.344814905,0.065986075,2.638854252,0.051457658,0.06816507,0.010807423,15.85478113,0.034722576,0.000550519,1.585478126
Isla Hermite,HER42PB,HER42PB_1D,147,1.2,42.9,44.1,43.6,162.9,164.1,163.5,162.9,164.1,163.5,163.5,0.6,1472.78,1971.16,1649.4,1668.36,249.19,0.06844,0.010473508,79.71111846,3.985555923,20.28888154,2.028888154,0.343529575,0.034352957,1401.647809,2.522966056,4295.763522,773.237434,16304.49768,2119.584698,1670.874143,233.92238,264.1328625,31.6959435,10760.96847,1936.974325,4.125981149,0.28881868,7.101215107,3.834656158,30.53387748,4.274742847,22.37893368,2.014104031,2.464539361,0.013062059,15.49870515,2.479792824,201.1247375,4.02249475,9.839292734,0.491964637,5.338712382,0.032566146,2.093713099,0.022193359,0.068441878,0.010473508,15.30277739,0.023511809,0.000359796,1.530277717
Isla Hermite,HER42PB,HER42PB_1E,158,1.2,9.3,10.5,9.9,169.3,170.5,169.9,169.3,170.5,169.9,169.9,0.6,1515,2110.36,1742.86,1761.87,297.68,0.06573,0.011337658,85.36560999,4.268280499,14.63439001,1.463439001,0.21879694,0.021879694,447.033557,5.051479195,1024.567593,184.4221667,5436.594439,706.7572771,410.3823586,57.4535302,66.61077661,7.993293193,3223.639501,580.2551102,1.260301438,0.088221101,2.834914669,1.530853921,7.835581975,1.096981477,7.99662512,0.719696261,0.9343279,0.008595817,4.023302013,0.643728322,74.85729626,1.497145925,2.834914669,0.141745733,1.326106999,0.025726476,0.722195206,0.013793928,0.065734558,0.011337658,17.24763769,0.01438252,0.000248064,1.724763769
Isla Hermite,HER42PB,HER42PB_1E,162,1.2,15.6,16.8,16.2,175.6,176.8,176.2,175.6,176.8,176.2,176.2,0.6,1581.27,2196.52,1847.02,1857.71,307.625,0.06491,0.010969717,83.11089897,4.155544949,16.88910103,1.688910103,0.254796532,0.025479653,1183.99773,17.04956731,3756.973168,676.2551702,14110.24974,1834.332466,1400.001342,196.0001879,211.0280805,25.32336966,11941.27554,2149.429597,5.526713106,0.386869917,27.22539319,14.70171232,42.45588235,5.943823529,30.50864809,2.745778328,2.30066192,0.062578004,12.28390196,1.965424314,180.6386068,3.612772136,7.531822497,0.376591125,4.644822497,0.113333669,1.256992054,0.022877255,0.064914992,0.010969717,16.89858855,0.016540115,0.000279505,1.689858842
Isla Hermite,HER42PB,HER42PB_1E,166,1.2,21.9,23.1,22.5,181.9,183.1,182.5,181.9,183.1,182.5,182.5,0.6,1647.94,2320.43,1944.86,1954.76,336.245,0.06468,0.011338476,84.81309131,4.240654565,15.18690869,1.518690869,0.195658501,0.01956585,836.8221931,3.59833543,3191.150345,574.4070621,13479.76097,1752.368926,914.3215586,128.0050182,153.4316483,18.4117978,10687.50441,1923.750794,2.678001972,0.187460138,5.932120552,3.203345098,20.43760841,2.861265177,16.5256,1.487304,2.16000989,0.07214433,7.299756414,1.167961026,178.3340179,3.566680358,6.704264966,0.335213248,2.470007352,0.038038113,0.898650731,0.025341951,0.064676617,0.011338476,17.53102849,0.01265453,0.000221847,1.75310284
Isla Hermite,HER42PB,HER42PB_1E,174,1.2,34.9,36.1,35.5,194.9,196.1,195.5,194.9,196.1,195.5,195.5,0.6,1789.66,2531.35,2153.43,2155.76,370.845,0.06635,0.011617502,84.28234186,4.214117093,15.71765814,1.571765814,0.181470174,0.018147017,833.2937056,28.91529158,3125.582355,562.6048239,14253.70812,1852.982056,982.7018051,137.5782527,143.7066162,17.24479394,6996.743289,1259.413792,4.257107492,0.297997524,4.605044162,2.486723847,16.48459618,2.307843465,37.24969056,3.35247215,2.086742869,0.046117017,8.233526579,1.317364253,188.1781856,3.763563712,5.05239131,0.252619566,3.143125381,0.092722199,0.756981545,0.007645514,0.066346841,0.011617502,17.51025699,0.012039973,0.000210823,1.751025661
Isla Hermite,HER42PB,HER42PB_1E,179,1.1,42.5,43.6,43,202.5,203.6,203,202.5,203.6,203,202,0.55,1865.73,2636.15,2253.39,2253.73,385.21,0.06725,0.01167755,86.18426726,4.309213363,13.81573274,1.381573274,0.202157788,0.020215779,859.0633449,14.60407686,2826.666898,508.8000416,11992.59067,1559.036787,1202.301468,168.3222055,150.7094709,18.08513651,9342.936185,1681.728513,3.122609518,0.218582666,6.051611715,3.267870326,25.87423565,3.622392991,33.9089395,3.051804555,2.017664875,0.042774495,7.965558382,1.274489341,182.2674644,3.645349288,3.847254066,0.192362703,4.176386513,0.063481075,0.952548023,0.024099465,0.067249496,0.01167755,17.36451699,0.013595009,0.000236071,1.736451716
Isla Hermite,HER42PB,HER42PB_1F,184,1.1,1.4,2.5,1.95,201.4,202.5,202,201.4,202.5,202,203,0.55,1884.84,2645.7,2267.84,2268.6,380.43,0.06726,0.011461312,70.75583485,3.537791742,29.24416515,2.924416515,0.401041202,0.04010412,1203.95387,48.03775942,5457.248831,982.3047896,19005.72883,2470.744748,2108.785455,295.2299637,365.7716364,43.89259637,13791.08364,2482.395055,5.441252987,0.380887709,7.643347532,4.127407667,26.97965714,3.777152,33.08473766,2.977626389,2.19542961,0.055983455,19.53359169,3.12537467,225.088187,4.50176374,10.66656208,0.533328104,5.609209351,0.103770373,1.478016,0.004434048,0.067256637,0.011461312,17.04116116,0.026972683,0.000459646,1.704116107
Isla Hermite,HER42PB,HER42PB_1F,189,1.2,8.1,9.3,8.6,208.1,209.3,208.7,208.1,209.3,208.7,208.7,0.6,1954.2,2717,2358.63,2353.35,381.4,0.065,0.010721216,85.34301771,4.267150886,14.65698229,1.465698229,0.190791821,0.019079182,648.6931151,21.08252624,2756.113305,496.1003949,10921.53411,1419.799434,775.5257867,108.5736101,131.1007878,15.73209454,11345.31869,2042.157364,2.424955924,0.169746915,6.281092925,3.39179018,32.78276452,4.589587033,17.72327666,1.595094899,1.772024963,0.082399161,7.558500739,1.209360118,150.0197423,3.000394846,6.063146568,0.303157328,2.604761668,0.073714755,0.787633918,0.020242192,0.064995357,0.010721216,16.49535625,0.012400583,0.000204552,1.649535617
Isla Hermite,HER42PB,HER42PB_1F,191,1.3,10.9,12.2,11.5,210.9,212.2,211.5,210.9,212.2,211.5,211.5,0.65,2002.23,2753.44,2402.62,2396.43,375.605,0.06315,0.010091908,81.08934056,4.054467028,18.91065944,1.891065944,0.243991857,0.024399186,719.2964267,16.04031032,2828.534907,509.1362833,13096.11662,1702.495161,993.0986057,139.0338048,174.0963235,20.89155882,8584.603441,1545.228619,2.969961652,0.207897316,7.062851662,3.813939897,17.54257349,2.455960289,19.13786718,1.722408046,1.866833038,0.080647187,7.439046804,1.190247489,166.9684155,3.33936831,6.36986061,0.318493031,2.49335352,0.020196164,2.743961713,0.017286959,0.063148399,0.010091908,15.98125653,0.015407695,0.000246234,1.598125673
Isla Hermite,HER42PB,HER42PB_1F,197,1.2,19.3,20.5,19.9,219.3,220.5,219.9,219.3,220.5,219.9,219.9,0.6,2120.35,2862.87,2537.61,2529.45,371.26,0.06449,0.009641481,85.86324572,4.293162286,14.13675428,1.413675428,0.190939371,0.019093937,753.1282518,10.09191857,3423.57602,616.2436836,13147.58443,1709.185976,599.0527127,83.86737978,107.6482229,12.91778675,7683.311513,1382.996072,3.689626761,0.258273873,5.405800223,2.91913212,15.70576463,2.198807048,34.46965096,3.102268586,1.887790808,0.033413897,7.303239025,1.168518244,192.3751513,3.847503026,4.803531513,0.240176576,2.882703635,0.006341948,0.649923953,0.019692696,0.064485687,0.009641481,14.95135021,0.012312857,0.000184094,1.495135013
Isla Hermite,HER42PB,HER42PB_1F,200,1.2,23.4,24.6,24,223.4,224.6,224,223.4,224.6,224,224,0.6,2201.12,2902.65,2600.65,2593.03,350.765,0.06437,0.008879894,88.35931459,4.417965729,11.64068541,1.164068541,0.142526569,0.014252657,670.9631777,6.709631777,2194.360902,394.9849624,11323.61093,1472.069421,690.7048329,96.69867661,104.6054626,12.55265551,9567.109814,1722.079767,2.746114854,0.19222804,5.360618674,2.894734084,16.67157469,2.334020457,22.71049639,2.043944675,1.703350504,0.055358891,4.662067798,0.745930848,171.3980626,3.427961252,2.662592467,0.133129623,1.537065024,0.020135552,0.509992759,0.020042715,0.064365672,0.008879894,13.79600972,0.009173818,0.000126562,1.379600982
Isla Hermite,HER42PB,HER42PB_1F,205,1.2,30.3,31.5,30.9,230.3,231.5,230.9,230.3,231.5,230.9,230.9,0.6,2312.8,2985.39,2715.51,2700.23,336.295,0.06336,0.008055693,88.43386559,4.42169328,11.56613441,1.156613441,0.149096641,0.014909664,741.4445825,11.34410211,2525.307497,454.5553495,11871.90515,1543.34767,549.7826232,76.96956725,83.17074012,9.980488814,5459.728289,982.751092,2.27561944,0.159293361,3.651541303,1.971832304,16.66345413,2.332883578,20.69597487,1.862637738,1.661949497,0.074953922,4.800340815,0.76805453,190.1380415,3.80276083,3.129892546,0.156494627,2.226385175,0.077700843,0.559160578,0.031368908,0.063364055,0.008055693,12.71334849,0.009447368,0.000120108,1.271334841
Isla Hermite,HER42PB,HER42PB_1F,209,1.1,35.8,36.9,36.4,235.8,236.9,236.4,235.8,236.9,236.4,236.4,0.55,2464.07,3027.72,2800.34,2787.03,281.825,0.06337,0.006555421,73.17352547,3.658676273,26.82647453,2.682647453,0.408431499,0.04084315,916.3058162,24.46536529,5697.238235,1025.502882,21435.85886,2786.661652,1725.260893,241.536525,306.2265551,36.74718661,11114.88978,2000.68016,5.029922831,0.352094598,6.72326864,3.630565066,24.69330757,3.45706306,25.50832915,2.295749624,2.151234956,0.070560507,18.92485386,3.027976618,248.0408721,4.960817442,10.2233775,0.511168875,5.325335184,0.085205363,1.686751783,0.025638627,0.063368267,0.006555421,10.34495829,0.025881596,0.000267744,1.034495831
Isla Hermite,HER42PB,HER42PB_1F,211,1.1,38.4,39.5,39,238.4,239.5,239,238.4,239.5,239,239,0.55,2505.63,3066.25,2845.42,2828.06,280.31,0.06328,0.006417774,77.91274175,3.895637088,22.08725825,2.208725825,0.322670089,0.032267009,1039.769396,18.4039183,5573.411793,1003.214123,18063.59942,2348.267925,2165.153606,303.1215048,346.4020468,41.56824562,13675.84016,2461.651229,5.877569688,0.411429878,7.291340643,3.937323947,32.30269493,4.52237729,29.23295322,2.63096579,2.242037963,0.017039489,21.81206384,3.489930214,211.4460624,4.228921248,23.116,1.1558,6.913959552,0.085733098,2.178953363,0.052730671,0.063276307,0.006417774,10.14245913,0.020417371,0.000207082,1.014245916
Isla Hermite,HER42PB,HER42PB_1F,213,1.2,41.1,42.3,41.7,241.1,242.3,241.7,241.1,242.3,241.7,241.7,0.6,2591.67,3091.94,2884.33,2870.73,250.135,0.06322,0.00566548,75.47426899,3.773713449,24.52573101,2.452573101,0.382799429,0.038279943,1148.87735,9.535682008,4695.135297,845.1243535,16570.75403,2154.198024,1731.529863,242.4141808,288.8091125,34.6570935,12238.61735,2202.951123,4.779923294,0.334594631,6.769791583,3.655687455,30.25871619,4.236220267,26.6817226,2.401355034,2.24979649,0.100115944,16.08852231,2.57416357,202.828785,4.0565757,9.612839085,0.480641954,5.789430375,0.087420399,1.67270819,0.007359916,0.063217435,0.00566548,8.961894226,0.024199598,0.000216874,0.896189425
Isla Hermite,HER42PB,HER42PB_1G,224,1.2,6.9,8.1,7.5,246.9,248.1,247.5,244.9,246.1,245.5,245.5,0.6,2738.57,3113.59,2935.01,2930.84,187.51,0.06922,0.004597747,86.60530107,4.330265054,13.39469893,1.339469893,0.154469379,0.015446938,736.5789762,28.35829058,1688.278234,303.8900821,9282.261886,1206.694045,544.0403813,76.16565338,91.45583254,10.9746999,16448.97625,2960.815725,2.063550218,0.144448515,8.708805886,4.702755178,37.91346404,5.307884966,18.35356327,1.651820694,2.126541239,0.068261974,3.265430798,0.522468928,146.7512531,2.935025062,3.113895793,0.15569479,3.128752166,0.127027338,0.611488315,0.001712167,0.069221801,0.004597747,6.642050862,0.010692649,7.10E-05,0.664205091
Isla Hermite,HER42PB,HER42PB_1G,231,1.2,16.4,17.6,17,256.4,257.6,257,254.4,255.6,255,255,0.6,2899.24,3250.62,3064.32,3068.08,175.69,0.07567,0.004511201,80.54199127,4.027099563,19.45800873,1.945800873,0.235306237,0.023530624,860.6907676,14.97601936,4369.778556,786.5601401,16688.31951,2169.481536,1581.334342,221.3868079,300.501993,36.06023916,12270.07289,2208.61312,5.122309014,0.358561631,7.561017887,4.082949659,20.55300982,2.877421375,29.3359331,2.640233979,2.072902542,0.043738244,13.37718549,2.140349678,196.4487137,3.928974274,9.298215317,0.464910766,3.408070141,0.066798175,1.037726746,0.009547086,0.075669383,0.004511201,5.961725352,0.017805478,0.000106151,0.596172543
Isla Hermite,HER42PB,HER42PB_1G,232,1.2,17.7,18.9,18.3,257.7,258.9,258.3,255.7,256.9,256.3,256.3,0.6,2906.37,3285.71,3080.65,3085.26,189.67,0.07672,0.004896055,87.97607322,4.398803661,12.02392678,1.202392678,0.154935347,0.015493535,841.7675868,36.53271327,1951.694876,351.3050777,11281.74843,1466.627296,644.4824408,90.22754171,100.7317857,12.08781428,5685.831956,1023.449752,1.700460441,0.119032231,5.717566832,3.087486089,14.18284501,1.985598301,15.23009592,1.370708633,1.604197983,0.045077963,4.424370634,0.707899301,170.3369471,3.406738942,3.424722039,0.171236102,2.302894171,0.020956337,0.699489559,0.020914738,0.076719208,0.004896055,6.381784598,0.011886517,7.59E-05,0.638178472
Isla Hermite,HER42PB,HER42PB_1G,236,1.2,23.2,24.4,23.8,263.2,264.4,263.8,261.2,262.4,261.8,261.8,0.6,2949.02,3420.51,3146.93,3156.95,235.745,0.07894,0.006075755,83.98527592,4.199263796,16.01472408,1.601472408,0.191320901,0.01913209,712.1125148,24.35424801,1649.869327,296.9764789,10268.05232,1334.846802,511.753571,71.64549994,77.97233518,9.356680222,5669.96572,1020.59383,1.696042582,0.118722981,5.647978456,3.049908366,15.90778555,2.227089977,21.94878635,1.975390772,1.868367764,0.011770717,3.053481296,0.488557007,171.610596,3.43221192,2.248747432,0.112437372,1.898875092,0.034179752,0.465030635,0.006696441,0.078935828,0.006075755,7.697081724,0.015102074,0.000116242,0.769708168
Isla Hermite,HER42PB,HER42PB_1G,240,1.2,28.6,29.8,29.2,268.6,269.8,269.2,266.6,267.8,267.2,267.2,0.6,2992.38,3508.45,3215.48,3225.36,258.035,0.07796,0.00641201,80.73497786,4.036748893,19.26502214,1.926502214,0.236792999,0.0236793,1041.216979,26.34278957,2991.060367,538.3908661,13752.84253,1787.869529,979.9509916,137.1931388,165.9363359,19.91236031,6876.421266,1237.755828,2.30494227,0.161345959,6.480173586,3.499293736,12.73174274,1.782443984,17.94697181,1.615227463,1.844990156,0.06365216,7.318389831,1.170942373,185.0171857,3.700343714,5.029297468,0.251464873,2.013852629,0.044506143,0.932706076,0.023784005,0.077958894,0.00641201,8.224859767,0.01846012,0.000151832,0.82248598
Isla Hermite,HER42PB,HER42PB_1G,245,1.2,35.2,36.4,35.8,275.2,276.4,275.8,273.2,274.4,273.8,273.8,0.6,3049.36,3616.31,3298.86,3310.02,283.475,0.0799,0.007017845,84.0103339,4.200516695,15.9896661,1.59896661,0.211330496,0.02113305,961.5239514,19.03817424,2493.852742,448.8934936,12789.28681,1662.607285,746.8175441,104.5544562,112.7063173,13.52475808,5833.148328,1049.966699,1.877953739,0.131456762,6.237541155,3.368272224,14.76761143,2.0674656,27.14668681,2.443201813,1.931484875,0.029165422,5.332748571,0.853239771,185.3224681,3.706449362,5.620769362,0.281038468,2.944212523,0.089798482,0.79831217,0.022672066,0.079896515,0.007017845,8.783668824,0.01688457,0.000148308,0.878366899
Isla Hermite,HER42PB,HER42PB_1G,253,1.1,45.8,46.9,46.3,285.8,286.9,286.3,283.8,284.9,284.3,284.3,0.55,3155.47,3766.17,3433.67,3441.44,305.35,0.08398,0.007613792,82.79191185,4.139595592,17.20808815,1.720808815,0.243732102,0.02437321,1158.805879,20.0473417,3156.428577,568.1571439,13600.89319,1768.116115,1299.51414,181.9319796,181.7526989,21.81032387,7738.954402,1393.011792,2.990729658,0.209351076,5.937997306,3.206518545,15.51050531,2.171470743,20.09031476,1.808128328,1.893042233,0.07079978,9.789818065,1.56637089,188.000363,3.76000726,8.928726964,0.446436348,2.591150791,0.044826909,1.174017583,0.027119806,0.083979328,0.007613792,9.066269463,0.020468458,0.000185573,0.906626939
Isla Hermite,HER42PB,HER42PB_1H,260,1.2,5,6.2,5.6,285,286.2,285.6,285,286.2,285.6,285.6,0.6,3163.91,3784.4,3449.38,3456.92,310.245,0.08286,0.007610435,77.87468362,3.893734181,22.12531638,2.212531638,0.293040462,0.029304046,1278.215842,8.691867727,3752.970488,675.5346878,15125.15668,1966.270368,1317.861996,184.5006794,232.242995,27.8691594,11631.52569,2093.674624,4.563779045,0.319464533,7.744414081,4.181983604,17.5903724,2.462652136,32.04482347,2.884034112,2.17785563,0.017422845,10.85946901,1.737515042,193.4016881,3.868033762,6.233090779,0.311654539,3.854321558,0.105222979,1.079985074,0.013283816,0.08286429,0.007610435,9.184215963,0.02428259,0.000223017,0.91842159
Isla Hermite,HER42PB,HER42PB_1H,264,1.2,10.3,11.5,10.9,290.3,291.5,290.9,290.3,291.5,290.9,290.9,0.6,3208.88,3858.54,3514.07,3520.88,324.83,0.07764,0.007323063,85.88084068,4.294042034,14.11915932,1.411915932,0.16892534,0.016892534,949.5359406,10.63480253,2146.234669,386.3222404,11805.42446,1534.70518,661.2738356,92.57833698,99.43200238,11.93184029,5101.984158,918.3571484,1.567442911,0.109721004,5.249374812,2.834662398,11.06280232,1.548792325,13.25098663,1.192588797,1.84890237,0.013312097,4.53509703,0.725615525,176.9254729,3.538509458,4.356527584,0.217826379,1.59040184,0.024333148,0.626977164,0.017241872,0.077636153,0.007323063,9.432542371,0.013114714,0.000123705,0.943254237
Isla Hermite,HER42PB,HER42PB_1H,269,1.2,17,18.2,17.6,297,298.2,297.6,297,298.2,297.6,297.6,0.6,3278.8,3936.1,3604.75,3607.18,328.65,0.07723,0.007192127,82.58926468,4.129463234,17.41073532,1.741073532,0.253511174,0.025351117,1060.269268,14.10158127,3230.055285,581.4099513,14687.33659,1909.353757,1159.633301,162.3486621,200.6979642,24.0837557,9470.00065,1704.600117,3.348828618,0.234418003,5.562068293,3.003516878,21.54142699,3.015799779,22.23958244,2.00156242,2.011614699,0.067590254,9.064433171,1.450309307,188.3571252,3.767142504,6.112481301,0.305624065,3.545818537,0.036521931,0.993930016,0.006758724,0.077225703,0.007192127,9.313126364,0.019577579,0.000182328,0.931312622
Isla Hermite,HER42PB,HER42PB_1H,273,1.2,22.3,23.5,22.9,302.3,303.5,302.9,302.3,303.5,302.9,302.9,0.6,3348.18,3999.61,3674.77,3675.81,325.715,0.07688,0.006964656,85.38238816,4.269119408,14.61761184,1.461761184,0.176689049,0.017668905,854.0198817,9.735826651,2161.527815,389.0750067,11153.06418,1449.898343,705.6349353,98.78889094,105.939325,12.712719,8155.795786,1468.043241,3.220383438,0.225426841,4.967669945,2.68254177,20.15831002,2.822163403,25.45930847,2.291337762,2.141098004,0.05309923,4.725737967,0.756118075,157.6321242,3.152642484,8.263321109,0.413166055,3.548335675,0.050386367,0.79622502,0.008519608,0.076880835,0.006964656,9.059026972,0.013584002,0.000123058,0.905902702
Isla Hermite,HER42PB,HER42PB_1H,278,1.3,29.3,30.6,29.9,309.3,310.6,309.9,309.3,310.6,309.9,309.9,0.65,3417.86,4085.35,3768.59,3766.86,333.745,0.07769,0.00704631,80.51006738,4.025503369,19.48993262,1.948993262,0.282455482,0.028245548,1007.162444,3.122203575,3158.319141,568.4974454,13037.74795,1694.907234,1244.681812,174.2554537,206.3664659,24.76397591,12716.46571,2288.963828,4.839313706,0.338751959,5.338448611,2.88276225,42.22566553,5.911593174,22.96594282,2.066934854,2.283111902,0.109132749,9.013114206,1.442098273,168.1855143,3.363710286,6.305163916,0.315258196,4.678672587,0.112756009,0.969583896,0.004654003,0.077687444,0.00704631,9.070075501,0.021943244,0.000199027,0.907007544
Isla Hermite,HER42PB,HER42PB_1H,281,1.3,33.5,34.8,34.2,313.5,314.8,314.2,313.5,314.8,314.2,314.2,0.65,3481.8,4117.19,3827,3822.21,317.695,0.07733,0.006587502,78.79696661,3.93984833,21.20303339,2.120303339,0.31440249,0.031440249,1018.047839,14.45627932,4932.545491,887.8581884,17576.4553,2284.939189,1777.250694,248.8150972,298.9077106,35.86892527,13604.27869,2448.770164,4.807527056,0.336526894,9.578116848,5.172183098,20.93774638,2.931284493,26.98125114,2.428312603,2.200608573,0.06931917,15.03062537,2.404900059,209.1785709,4.183571418,13.76339306,0.688169653,4.227896135,0.094282084,1.85283002,0.029830563,0.077328253,0.006587502,8.518881444,0.024312195,0.000207113,0.851888144
Isla Hermite,HER42PB,HER42PB_1H,286,1.3,40.5,41.8,41.1,320.5,321.8,321.1,320.5,321.8,321.1,321.1,0.65,3576.56,4198.92,3922.83,3911.44,311.18,0.08134,0.006635772,84.09143938,4.204571969,15.90856062,1.590856062,0.169807506,0.016980751,1154.027064,21.69570879,3296.461851,593.3631332,14146.65191,1839.064748,1032.997546,144.6196564,170.6622359,20.47946831,9836.302432,1770.534438,3.707856044,0.259549923,5.191529292,2.803425818,23.03276646,3.224587304,31.26595862,2.813936276,2.046619753,0.043593001,8.511878548,1.361900568,192.532482,3.85064964,4.206837387,0.210341869,3.105362613,0.037264351,0.805270955,0.010307468,0.081340719,0.006635772,8.157994814,0.013812265,0.00011268,0.815799501
Isla Hermite,HER42PB,HER42PB_1I,301,1.2,12.1,13.3,12.7,332.1,333.3,332.7,332.1,333.3,332.7,332.7,0.6,3745,4299.94,4071.16,4054.05,277.47,0.10968,0.007704592,83.9596114,4.19798057,16.0403886,1.60403886,0.19074126,0.019074126,886.6798883,4.433399441,3630.013724,653.4024703,15132.67009,1967.247112,1399.073387,195.8702742,224.410619,26.92927428,11924.50104,2146.410187,4.871365568,0.34099559,5.051388454,2.727749765,32.86089404,4.600525166,47.12837952,4.241554157,2.550413788,0.03519571,9.181167207,1.468986753,187.3581473,3.747162946,6.169142495,0.308457125,4.806879758,0.040858478,0.913011594,0.007395394,0.1096823,0.007704592,7.024462221,0.02092094,0.000146958,0.702446222
Isla Hermite,HER42PB,HER42PB_1I,303,1.3,14.9,16.2,15.6,334.9,336.2,335.6,334.9,336.2,335.6,335.6,0.65,3770.92,4325.61,4099.99,4080.49,277.345,0.07728,0.005402288,87.1085986,4.35542993,12.8914014,1.28914014,0.137835165,0.013783516,668.8032448,7.824997965,1910.49941,343.8898938,11158.13864,1450.558023,439.3035398,61.50249557,71.0193117,8.522317404,11671.94395,2100.949911,4.458688299,0.312108181,5.180870206,2.797669911,45.18632252,6.326085153,53.63556539,4.827200885,2.459414749,0.055336832,3.476749263,0.556279882,170.2979154,3.405958308,4.344509341,0.217225467,3.550965585,0.113985995,0.488971386,0.012077593,0.077276909,0.005402288,6.990817857,0.010651475,7.45E-05,0.69908176
Isla Hermite,HER42PB,HER42PB_1I,312,1.2,27.6,28.8,28.2,347.6,348.8,348.2,347.6,348.8,348.2,348.2,0.6,3909.13,4542,4255.12,4243.54,316.435,0.06531,0.004982617,87.16014132,4.358007066,12.83985868,1.283985868,0.152862824,0.015286282,847.0944128,3.473087092,1824.238565,328.3629417,11213.62735,1457.771556,512.3554916,71.72976882,81.69856209,9.803827451,3792.695713,682.6852283,1.647634055,0.115334384,4.609934349,2.489364548,15.18090345,2.125326483,12.9771423,1.167942807,2.455005104,0.067021639,3.653537431,0.584565989,172.0502391,3.441004782,2.975457077,0.148772854,1.910263685,0.05367841,0.480981624,0.013467485,0.065314876,0.004982617,7.628609037,0.009984216,7.62E-05,0.762860884
Isla Hermite,HER42PB,HER42PB_1I,317,1.1,34.3,35.4,34.9,354.3,355.4,354.9,354.3,355.4,354.9,354.9,0.55,4003.57,4655.03,4353.05,4346.12,325.73,0.06482,0.004958538,72.75715434,3.637857717,27.24284566,2.724284566,0.369899647,0.036989965,1214.447578,20.03838504,6392.588844,1150.665992,21625.13237,2811.267208,2190.796475,306.7115065,370.2795254,44.43354305,14268.60462,2568.348832,5.815379919,0.407076594,9.34212645,5.044748283,26.73054531,3.742276343,30.15916633,2.71432497,2.900474848,0.099776335,19.34515712,3.095225139,233.1635452,4.663270904,13.66253525,0.683126763,6.118414604,0.130934073,1.878815051,0.006951616,0.064819316,0.004958538,7.649784869,0.023976642,0.000183416,0.764978493
Isla Hermite,HER42PB,HER42PB_1I,320,1.3,38.3,39.6,38.9,358.3,359.6,358.9,358.3,359.6,358.9,358.9,0.65,4047.04,4732.33,4415.52,4407.83,342.645,0.06483,0.005157007,79.77081001,3.9885405,20.22918999,2.022918999,0.237378233,0.023737823,1200.562927,35.77677523,4495.825694,809.2486249,17533.72021,2279.383627,1567.919211,219.5086895,262.5621361,31.50745633,10730.82606,1931.548691,4.010749764,0.280752483,8.272910832,4.467371849,24.02900522,3.364060731,26.45734265,2.381160839,2.833849077,0.096917638,13.39282812,2.142852499,213.4629871,4.269259742,10.06828333,0.503414167,4.271034409,0.057658965,1.550468308,0.032404788,0.06482593,0.005157007,7.955161293,0.015388265,0.000122416,0.795516119
Isla Hermite,HER42PB,HER42PB_1I,322,1.2,41,42.2,41.6,361,362.2,361.6,361,362.2,361.6,361.6,0.6,4088.95,4780.57,4455.67,4449.48,345.81,0.06478,0.005142138,64.55358505,3.227679252,35.44641495,3.544641495,0.505420893,0.050542089,861.3822804,18.60585726,7640.061698,1375.211106,25617.84304,3330.319595,2459.596002,344.3434403,478.1053801,57.37264561,19294.05726,3472.930307,8.019375617,0.561356293,8.373213228,4.521535143,34.81762093,4.87446693,40.93193485,3.683874137,3.144908687,0.047488121,22.50407206,3.60065153,261.5567621,5.231135242,15.26880059,0.76344003,7.974084403,0.171442815,1.760695953,0.022889047,0.064783427,0.005142138,7.937428651,0.032742898,0.000259894,0.79374286
Isla Hermite,HER42PB,HER42PB_1J,335,1.1,14.7,15.8,15.25,369.7,370.8,370.2,369.7,370.8,370.2,370.2,0.55,4214.65,4918.43,4586.66,4582.23,351.89,0.06305,0.004935565,64.71300475,3.235650237,35.28699525,3.528699525,0.573413754,0.057341375,1059.70837,14.83591718,7405.052803,1332.909505,23158.71471,3010.632912,2487.088223,348.1923512,488.9858648,58.67830378,21529.71781,3875.349206,9.69654668,0.678758268,9.940322624,5.367774217,43.85099046,6.139138664,64.61496501,5.815346851,3.303881034,0.113323119,26.16719666,4.186751466,242.5140453,4.850280906,20.70374755,1.035187378,8.380156581,0.092181722,2.132896115,0.018769486,0.063049463,0.004935565,7.828083698,0.036153429,0.000283012,0.782808364
Isla Hermite,HER42PB,HER42PB_1J,340,1.2,21.7,22.9,22.4,376.7,377.9,377.3,376.7,377.9,377.3,377.3,0.6,4352.13,4997,4702.25,4694.84,322.435,0.06326,0.004445207,73.48963211,3.674481605,26.51036789,2.651036789,0.379750435,0.037975043,1223.037067,26.17299323,6938.306145,1248.895106,20268.84804,2634.950245,2279.040838,319.0657173,412.4972905,49.49967486,23564.0081,4241.521458,6.815172626,0.477062084,14.36379274,7.75644808,35.30719832,4.943007765,38.30523184,3.447470866,3.635115642,0.109053469,23.87451872,3.819922995,229.7243184,4.594486368,10.85448743,0.542724372,7.058762849,0.09882268,2.037859749,0.04605563,0.063264445,0.004445207,7.026390075,0.024024701,0.000168807,0.702638998
Isla Hermite,HER42PB,HER42PB_1J,342,1.3,24.6,25.9,25.4,379.6,380.9,380.3,379.6,380.9,380.3,380.3,0.65,4390.48,5042.95,4750.46,4742.26,326.235,0.06519,0.004596047,61.16162524,3.058081262,38.83837476,3.883837476,0.582193263,0.058219326,871.6765028,9.32693858,8950.558177,1611.100472,24808.64122,3225.123359,2482.192492,347.5069489,468.1176464,56.17411757,19367.63702,3486.174664,6.870330497,0.480923135,8.283716354,4.473206831,39.39945912,5.515924277,38.04452155,3.42400694,3.562688785,0.089423488,26.1051305,4.17682088,258.8993453,5.177986906,16.12641381,0.806320691,7.577023425,0.208368144,2.518058486,0.066476744,0.065192084,0.004596047,7.050007267,0.037954392,0.000267579,0.705000723
Isla Hermite,HER42PB,HER42PB_1J,346,1.2,30.3,31.5,31,385.3,386.5,385.9,385.3,386.5,385.9,385.9,0.6,4522.23,5089.99,4833.33,4828.16,283.88,0.06526,0.003938541,84.77831096,4.238915548,15.22168904,1.522168904,0.183188097,0.01831881,1227.016938,40.73696234,2336.807871,420.6254168,10578.61869,1375.22043,931.8953279,130.4653459,132.2391605,15.86869926,28458.15526,5122.467947,4.4576731,0.312037117,6.187784978,3.341403888,33.54823181,4.696752453,28.66381491,2.579743342,3.280271554,0.124322292,6.326605247,1.01225684,150.1829657,3.003659314,3.63246372,0.181623186,4.534795472,0.040813159,1.002590836,0.011529795,0.065260282,0.003938541,6.035127176,0.011954907,7.21E-05,0.603512728
Isla Hermite,HER42PB,HER42PB_1J,349,1.3,34.6,35.9,35.3,389.6,390.9,390.2,389.6,390.9,390.2,390.2,0.65,4586.58,5154.87,4900.41,4894.05,284.145,0.06668,0.003982469,77.35246236,3.867623118,22.64753764,2.264753764,0.293299246,0.029329925,1126.513631,14.53202584,4675.210641,841.5379154,15306.70025,1989.871033,1260.681432,176.4954005,253.2933803,30.39520564,22717.61164,4089.170095,4.917649378,0.344235456,6.573395751,3.549633706,29.94669397,4.192537156,23.73971131,2.136574018,3.658620938,0.113783111,14.32868034,2.292588854,171.0846086,3.421692172,7.44121623,0.372060812,4.388692134,0.083385151,1.4011857,0.017374703,0.066676769,0.003982469,5.972798242,0.019556246,0.000116806,0.597279832
Isla Hermite,HER42PB,HER42PB_1J,352,1.2,39,40.2,39.7,394,395.2,394.6,394,395.2,394.6,394.6,0.6,4728.63,5181.77,4960.01,4960.04,226.57,0.0667,0.003148213,81.35482922,4.067741461,18.64517078,1.864517078,0.230356869,0.023035687,998.2394004,14.77394313,3450.956197,621.1721155,14483.51439,1882.856871,1130.676773,158.2947482,183.982931,22.07795172,10907.12191,1963.281944,2.854988022,0.199849162,7.039017163,3.801069268,21.79382396,3.051135354,16.6275996,1.496483964,2.911871915,0.024459724,11.48762934,1.838020694,184.4496706,3.688993412,5.635881127,0.281794056,3.882690362,0.097843797,1.11492431,0.015162971,0.066698428,0.003148213,4.720070678,0.015364441,7.25E-05,0.47200707
Isla Hermite,HER42PB,HER42PB_1J,353,1.2,40.4,41.6,41.1,395.4,396.6,396,395.4,396.6,396,396,0.6,4764.54,5194.25,4980.82,4981.03,214.855,0.0795,0.003549659,67.38754125,3.369377063,32.61245875,3.261245875,0.473665959,0.047366596,1038.253805,16.5082355,6847.805483,1232.604987,20434.06435,2656.428366,2039.268789,285.4976305,341.6514086,40.99816903,13769.49752,2478.509554,4.926755175,0.344872862,7.826063409,4.226074241,21.85564158,3.059789821,27.36166731,2.462550058,3.209631745,0.053279887,19.78681817,3.165890907,233.8952637,4.677905274,9.132377618,0.456618881,4.864690472,0.059349224,1.426305967,0.046925466,0.078447171,0.003549659,4.524904362,0.037157754,0.000168135,0.452490437
Kerguelen,KER1,CAT1-S1-1A,1,1.4,0,1.4,0.7,0,1.4,0.7,0,1.4,0.7,0.7,0.7,-65.71,-46.23,-58.92,-58.03,9.74,0.08791,0.073154815,74.05292232,3.702646116,25.94707768,2.594707768,0.204293297,0.02042933,2041.721942,46.94130895,6749.372655,1214.887078,20764.4876,2699.383388,8034.582758,1124.841586,614.0518172,73.68621806,32678.58936,5882.146085,16.33205694,1.143243986,26.27212126,14.18694548,24.69368632,3.457116085,74.45665889,6.7010993,3.20283705,0.054562539,4.612179656,0.737948745,138.036883,2.76073766,93.81158408,4.690579204,1.578894472,0.016029645,0.834903047,0.005683436,0.087912088,0.073154815,83.21360178,0.01795985,0.001494504,8.3213603
Kerguelen,KER1,CAT1-S1-1A,3,1.6,3.1,4.7,3.9,3.1,4.7,3.9,3.1,4.7,3.9,3.9,0.8,-60.1,43.99,-26.67,-21.63,52.045,0.06606,-0.145399425,67.63722506,3.381861253,32.36277494,3.236277494,0.324199705,0.03241997,2470.033093,34.02759777,8470.459825,1524.682769,24349.44729,3165.428148,10205.77283,1428.808196,553.5802331,66.42962797,48738.7654,8772.977772,18.68861595,1.308203117,39.93389191,21.56430163,26.74331214,3.7440637,81.89432683,7.370489415,6.559985032,0.051370996,6.928285046,1.108525607,172.0332159,3.440664318,130.2830932,6.51415466,2.111394546,0.024201811,1.145028767,0.007781087,0.066061107,-0.145399425,-220.0983795,0.021416991,-0.004713845,-22.00983761
Kerguelen,KER1,CAT1-S1-1A,5,1.4,6.4,7.8,7.1,6.4,7.8,7.1,6.4,7.8,7.1,7.1,0.7,-40.62,104.16,23.58,26.81,72.39,0.05844,0.163556229,41.40335573,2.070167786,58.59664427,5.859664427,0.963326181,0.096332618,1625.983285,4.532085741,7270.581826,1308.704729,18719.29689,2433.508596,11837.89698,1657.305577,433.6021987,52.03226384,40886.55616,7359.580109,15.75984242,1.103188969,28.84382633,15.57566622,26.49605516,3.709447722,74.54857758,6.709371982,4.320499499,0.084280295,8.457485532,1.353197685,154.8814977,3.097629954,132.8980564,6.64490282,1.904048371,0.015679958,1.21611583,0.015233425,0.058442914,0.163556229,279.8563912,0.056299589,0.0157558,27.9856391
Kerguelen,KER1,CAT1-S1-1A,7,1.3,9.3,10.6,9.9,9.3,10.6,9.9,9.3,10.6,9.9,9.9,0.65,-30.01,220.47,65.7,74.72,125.24,0.06754,0.117639873,82.51226355,4.125613177,17.48773645,1.748773645,0.172242166,0.017224217,1606.982719,27.67398683,2638.458059,474.9224506,7892.84278,1026.069561,3166.073488,443.2502883,145.6542648,17.47851178,18707.63044,3367.373479,5.990333136,0.41932332,14.90398608,8.048152483,12.73383553,1.782736974,27.27598299,2.454838469,4.084353792,0.116059134,2.597921886,0.415667502,65.34606485,1.306921297,43.42615035,2.171307518,0.723868771,0.025206261,0.684732429,0.000968503,0.067537145,0.117639873,174.1854382,0.011632744,0.002026255,17.41854422
Kerguelen,KER1,CAT1-S1-1A,8,1.3,10.7,12,11.4,10.7,12,11.4,10.7,12,11.4,11.4,0.65,-0.44,232.2,82.28,96.93,116.32,0.06833,0.085894829,71.80119564,3.590059782,28.19880436,2.819880436,0.313169166,0.031316917,1732.985617,17.56871755,7029.037339,1265.226721,23057.20465,2997.436605,9442.994519,1322.019233,372.8583737,44.74300484,35630.07615,6413.413707,14.56260068,1.019382048,31.14535059,16.81848932,25.82156005,3.615018407,65.36111894,5.882500705,3.719253835,0.057860348,4.555799076,0.728927852,143.4502871,2.869005742,114.5251759,5.726258795,1.879720325,0.033823532,0.845985799,0.005878393,0.068326013,0.085894829,125.7132169,0.0213976,0.002689961,12.57132185
Kerguelen,KER1,CAT1-S1-1A,9,1.5,12.1,13.6,12.8,12.1,13.6,12.8,12.1,13.6,12.8,12.8,0.75,21.24,240.48,98.36,117.42,109.62,0.04695,0.046582172,80.8570446,4.04285223,19.1429554,1.91429554,0.183332976,0.018333298,1544.341058,19.77568712,3048.627916,548.7530249,8068.846686,1048.950069,3112.020149,435.6828209,137.6502423,16.51802908,13008.32214,2341.497985,5.221829427,0.36552806,13.60485991,7.346624351,19.18499137,2.685898792,28.74841778,2.5873576,2.507339154,0.040575593,4.22647584,0.676236134,73.24363877,1.464872775,41.3224873,2.066124365,0.701594692,0.00189081,0.759972104,0.007226092,0.046948357,0.046582172,99.22002694,0.008607182,0.000854005,9.92200291
Kerguelen,KER1,CAT1-S1-1A,11,1.4,15.1,16.5,15.8,15.1,16.5,15.8,15.1,16.5,15.8,15.8,0.7,84.99,299.64,162.47,181.32,107.325,0.02524,0.016058019,80.22968919,4.01148446,19.77031081,1.977031081,0.228079577,0.022807958,1195.644073,10.13885337,2675.023484,481.5042271,7023.833905,913.0984077,3257.609478,456.0653269,116.7959682,14.01551618,9929.222192,1787.259995,4.215243411,0.295067039,10.86332373,5.866194814,10.81206248,1.513688747,28.98839799,2.608955819,1.591513383,0.032977868,2.954910964,0.472785754,66.66000584,1.333200117,46.13258291,2.306629146,0.965531788,0.01952173,0.66100582,0.004545605,0.025239339,0.016058019,63.62298022,0.005756578,0.000366251,6.362298106
Kerguelen,KER1,CAT1-S1-1A,13,1.4,18,19.4,18.7,18,19.4,18.7,18,19.4,18.7,18.7,0.7,168.69,423.04,304.32,296.22,127.175,0.03406,0.015897823,84.03655899,4.201827949,15.96344101,1.596344101,0.160195085,0.016019508,982.6393251,33.61844003,458.1692768,82.47046982,1842.298409,239.4987932,338.8842864,47.4438001,22.55582026,2.706698431,4020.387316,723.6697169,1.572869736,0.110100882,7.487431173,4.043212833,3.298222114,0.461751096,11.6740324,1.050662916,2.025278681,0.098573745,0.811121884,0.129779501,28.31046928,0.566209386,11.60409855,0.580204928,0.393167393,0.00299171,0.214132522,0.001869461,0.034061879,0.015897823,46.6733582,0.005456546,0.000254675,4.667335674
Kerguelen,KER1,CAT1-S1-1A,17,1.5,24,25.5,24.7,24,25.5,24.7,24,25.5,24.7,24.7,0.75,390.25,520.69,478.38,472.37,65.22,0.0418,0.007040546,68.34743292,3.417371646,31.65256708,3.165256708,0.314377289,0.031437729,1656.226334,6.054527797,5071.624524,912.8924143,15295.91562,1988.469031,6877.170886,962.803924,213.3189091,25.59826909,18207.37633,3277.327739,6.986589224,0.489061246,16.48989021,8.904540713,22.07333655,3.090267117,44.32511103,3.989259993,2.226330413,0.015443008,3.976518253,0.63624292,114.3906738,2.287813476,97.8771987,4.893859935,1.360214265,0.002755716,0.998413767,0.012461864,0.041802981,0.007040546,16.84220959,0.013141908,0.000221339,1.684220964
Kerguelen,KER1,CAT1-S1-1A,20,1.4,28.6,30,29.3,28.6,30,29.3,28.6,30,29.3,29.3,0.7,526.68,675.66,574.98,582.41,74.49,0.0592,0.00898599,81.83306385,4.091653193,18.16693615,1.816693615,0.190035975,0.019003598,1984.35608,27.9378454,2197.636489,395.574568,5707.668952,741.9969638,2119.195067,296.6873094,70.00844714,8.401013657,11359.78762,2044.761772,5.66932153,0.396852507,15.34618164,8.286938086,18.88934963,2.644508948,29.368275,2.64314475,4.466479343,0.067868015,3.67902566,0.588644106,64.93648567,1.298729713,51.11187666,2.555593833,0.612052096,0.010945345,1.260110739,0.004130806,0.059203445,0.00898599,15.17815432,0.011250784,0.000170766,1.517815472
Kerguelen,KER1,CAT1-S1-1A,23,1.4,33,34.4,33.7,33,34.4,33.7,33,34.4,33.7,33.7,0.7,561.1,784.53,647.75,656.73,111.715,0.0588,0.011223713,57.79204232,2.889602116,42.20795768,4.220795768,0.533062752,0.053306275,1780.96211,19.26115121,12528.03678,2255.04662,27130.75859,3526.998617,12890.21714,1804.6304,417.5692893,50.10831472,33851.35179,6093.243322,18.88507004,1.321954903,39.37891077,21.26461182,37.94363653,5.312109114,93.54908632,8.419417769,3.630991932,0.066691662,7.20558062,1.152892899,171.3250337,3.426500674,160.3937624,8.01968812,2.599389237,0.018432733,1.145429053,0.002698226,0.058799676,0.011223713,19.08805256,0.031343917,0.000598294,1.908805249
Kerguelen,KER1,CAT1-S1-1A,25,1.3,35.9,37.2,36.6,35.9,37.2,36.6,35.9,37.2,36.6,36.6,0.65,595.43,844.63,696.62,706.05,124.6,0.05507,0.010696484,69.12832422,3.456416211,30.87167578,3.087167578,0.423956063,0.042395606,1037.146063,9.911663486,3483.960682,627.1129228,10116.20827,1315.107075,4855.040059,679.7056083,141.6979167,17.00375,14577.34124,2623.921423,7.044092268,0.493086459,18.00861913,9.72465433,18.73001453,2.622202034,40.14643479,3.613179131,2.977303637,0.036686872,2.109290233,0.337486437,69.55534929,1.391106986,63.51816441,3.175908221,0.916516561,0.003853973,0.582116874,0.00169892,0.055074744,0.010696484,19.42175849,0.023349272,0.000453484,1.942175835
Kerguelen,KER1,CAT1-S1-1A,26,1.4,37.3,38.7,38,37.3,38.7,38,37.3,38.7,38,38,0.7,608.48,865.16,724,731.47,128.34,0.0551,0.010682565,54.07511476,2.703755738,45.92488524,4.592488524,0.61562862,0.061562862,1392.158008,7.108145036,11659.94441,2098.789994,21714.33708,2822.86382,10403.61788,1456.506503,371.3797605,44.56557126,29657.04588,5338.268258,14.92378146,1.044664702,32.14134367,17.35632558,34.08990898,4.772587257,81.59730828,7.343757745,3.51604823,0.013814423,3.963633199,0.634181312,130.2536735,2.60507347,121.174026,6.0587013,2.055377995,0.021856926,0.673051269,0.005071986,0.055096419,0.010682565,19.38885604,0.033918932,0.000657649,1.938885604
Kerguelen,KER1,CAT1-S1-1A,27,1.3,38.8,40.1,39.4,38.8,40.1,39.4,38.8,40.1,39.4,39.4,0.65,617.75,898.89,754.93,756.88,140.57,0.05083,0.010278864,62.71538526,3.135769263,37.28461474,3.728461474,0.487231101,0.04872311,1465.359818,11.44089097,7647.184074,1376.493133,20341.20911,2644.357184,9675.703494,1354.598489,341.5130418,40.98156502,27516.05179,4952.889322,16.64731905,1.165312334,38.36122731,20.71506275,29.17767688,4.084874763,79.93730908,7.194357817,3.501373372,0.035358998,4.206801091,0.673088175,131.8879867,2.637759734,116.499276,5.8249638,1.738338112,0.021536133,0.863413962,0.008593058,0.050830227,0.010278864,20.22195267,0.024766067,0.000500818,2.022195262
Kerguelen,KER1,CAT1-S1-1A,28,1.4,40.2,41.6,40.9,40.2,41.6,40.9,40.2,41.6,40.9,40.9,0.7,644.83,925.93,784.66,786.39,140.55,0.04809,0.009418091,45.3473039,2.267365195,54.6526961,5.46526961,0.835475454,0.083547545,1044.236896,9.641918339,5002.720293,900.4896527,12514.93162,1626.941111,8232.043472,1152.486086,241.2793604,28.95352325,18335.53114,3300.395605,10.18252838,0.712776987,22.13806966,11.95455762,20.22360626,2.831304876,53.3476494,4.801288446,2.35241774,0.021704697,1.945757248,0.31132116,87.98899619,1.759779924,91.14020217,4.557010109,1.296530802,0.026420891,0.387156154,0.005073973,0.048091681,0.009418091,19.58361803,0.040179419,0.000786858,1.958361793
Kerguelen,KER1,CAT1-S1-1B,36,1.1,5.1,6.2,5.65,45.1,46.2,45.6,45.1,46.2,45.6,45.6,0.55,750.06,1002.28,890.8,884.12,126.11,0.03039,0.004701346,45.01114637,2.250557319,54.98885363,5.498885363,1.245475777,0.124547578,1737.02068,6.654228897,9110.578774,1639.904179,26333.16952,3423.312038,13294.3136,1861.203904,477.955413,57.35464956,37854.28444,6813.771199,19.97407233,1.398185063,43.41924078,23.44639002,37.92341421,5.309277989,105.4949459,9.494545131,3.312187293,0.018319984,5.765444277,0.922471084,183.5186364,3.670372728,153.3915035,7.669575175,2.190471084,0.008947313,1.042200739,0.006217018,0.030385583,0.004701346,15.4722902,0.037844507,0.000585541,1.547229024
Kerguelen,KER1,CAT1-S1-1B,40,1.4,10.7,12.1,11.5,50.7,52.1,51.4,50.7,52.1,51.4,51.4,0.7,963.63,1231.1,1067.16,1075,133.735,0.01455,0.002008239,59.79959042,2.989979521,40.20040958,4.020040958,0.496991162,0.049699116,1458.369885,15.52936827,9163.233327,1649.381999,20694.032,2690.22416,10841.15992,1517.762389,375.4268958,45.0512275,31170.92403,5610.766325,19.40135717,1.358095002,37.71061641,20.36373286,31.57899132,4.421058785,88.37360202,7.953624182,3.236225198,0.04936369,2.362468842,0.377995015,127.4096231,2.548192462,135.8916128,6.79458064,2.013870767,0.009340485,0.579473936,0.005683274,0.014545455,0.002008239,13.80664605,0.007228962,9.98E-05,1.380664599
Kerguelen,KER1,CAT1-S1-1B,41,1.3,12.3,13.6,13.1,52.3,53.6,53,52.3,53.6,53,53,0.65,977.22,1484.6,1174.17,1185,253.69,0.01201,0.002718446,47.92690758,2.396345379,52.07309242,5.207309242,0.769770628,0.076977063,1461.770688,14.84624756,12647.00276,2276.460497,27857.81305,3621.515697,11278.11655,1578.936317,457.3151082,54.87781298,33869.91213,6096.584183,16.69197316,1.168438121,33.88638281,18.29864672,33.08146631,4.631405283,81.69604829,7.352644346,2.945391384,0.027351395,14.53891486,2.326226378,171.3204442,3.426408884,150.100816,7.5050408,2.347294913,0.029682608,1.943124881,0.010880841,0.012010762,0.002718446,22.63341856,0.009245532,0.000209258,2.263341862
Kerguelen,KER1,CAT1-S1-1B,46,1.3,19.9,21.2,20.6,59.9,61.2,60.5,59.9,61.2,60.5,60.5,0.65,1158.78,2387.83,1827.27,1809.44,614.525,0.01237,0.004334021,78.62305907,3.931152954,21.37694093,2.137694093,0.23443294,0.023443294,1585.510293,23.42571214,3713.686646,668.4635963,7587.711479,986.4024923,3746.441884,524.5018638,143.4324445,17.21189334,12808.45152,2305.521274,6.554846441,0.458839251,13.83972022,7.473448919,14.52619027,2.033666638,30.18599746,2.716739771,2.759203056,0.063806366,7.56864323,1.210982917,76.14964032,1.522992806,105.1968675,5.259843375,1.676304543,0.010067412,2.325701248,0.027686575,0.012374906,0.004334021,35.02265555,0.002901086,0.000101604,3.502265555
Kerguelen,KER1,CAT1-S1-1B,49,1.4,24.4,25.8,25.2,64.4,65.8,65.1,64.4,65.8,65.1,65.1,0.7,1313.18,2839.53,2200.2,2181.16,763.175,0.0103,0.003714662,72.25488403,3.612744202,27.74511597,2.774511597,0.312565646,0.031256565,806.4630816,9.343521454,15479.98661,2786.39759,4034.917626,524.5392914,2161.427163,302.5998028,346.3897576,41.56677091,14380.32761,2588.45897,1.249641147,0.08747488,9.064108327,4.894618497,4.195291116,0.587340756,64.2076509,5.778688581,2.126892667,0.008844154,36.56109383,5.849775013,34.6500895,0.69300179,338.8652331,16.94326166,6.712487791,0.047348505,5.187565044,0.068701706,0.010297667,0.003714662,36.07284903,0.003218697,0.000116108,3.607284949
Kerguelen,KER1,CAT1-S1-1B,51,1.3,27.6,28.9,28.4,67.6,68.9,68.3,67.6,68.9,68.3,68.3,0.65,1759.05,2949.92,2547.08,2491.91,595.435,0.01419,0.003525705,82.01776537,4.100888269,17.98223463,1.798223463,0.178266201,0.01782662,972.383618,15.84273379,1332.507255,239.8513059,3370.327372,438.1425584,1321.532644,185.0145702,59.66146775,7.15937613,4883.677754,879.0619957,1.332416753,0.093269173,11.80880582,6.376755143,2.938278701,0.411359018,10.51247544,0.94612279,1.764186714,0.090850711,2.802966071,0.448474571,47.97809994,0.959561999,48.56850259,2.42842513,0.967797072,0.007910503,1.071067919,0.012078129,0.014193219,0.003525705,24.84077168,0.002530171,6.29E-05,2.484077155
Kerguelen,KER1,CAT1-S1-1B,57,1.4,36.5,37.9,37.3,76.5,77.9,77.2,76.5,77.9,77.2,77.2,0.7,2980.54,3266.76,3124.26,3118.97,143.11,0.02737,0.001504011,86.87434172,4.343717086,13.12565828,1.312565828,0.142117168,0.014211717,513.0398018,21.03485366,442.9078563,79.72341413,5249.86072,682.4818936,498.7916112,69.83082557,76.30468085,9.156561702,8920.913751,1605.764475,3.179077437,0.222535421,9.288903341,5.016007804,5.504167322,0.770583425,11.403039,1.02627351,2.424840438,0.11036281,1.221309035,0.195409446,70.88337203,1.417667441,20.51940777,1.025970389,0.743462003,0.001174233,0.430177137,0.005489888,0.027371482,0.001504011,5.494811883,0.003889958,2.14E-05,0.549481196
Kerguelen,KER1,CAT1-S1-1C,69,1.4,6.1,7.5,6.8,86.1,87.5,86.8,86.1,87.5,86.8,86.8,0.7,3237.95,3738.89,3462.56,3469.7,250.47,0.03463,0.002779138,87.43206549,4.371603275,12.56793451,1.256793451,0.114391368,0.011439137,497.9986173,9.972433234,323.9790116,58.31622209,3883.986282,504.9182167,291.56336,40.8188704,55.46225053,6.655470064,6816.274673,1226.929441,2.133265234,0.149328566,4.959823644,2.678304768,4.052348853,0.567328839,8.987606637,0.808884597,1.99297207,0.067684798,0.934094849,0.149455176,56.90823166,1.138164633,13.72149586,0.686074793,0.314813019,0.001520897,0.290615627,0.001311434,0.034628703,0.002779138,8.025531835,0.003961225,3.18E-05,0.802553198
Kerguelen,KER1,CAT1-S1-1C,73,1.3,12.4,13.7,13.1,92.4,93.7,93.1,92.4,93.7,93.1,93.1,0.65,3366.57,3960.6,3651.53,3651.63,297.015,0.03686,0.003255453,86.53214196,4.326607098,13.46785804,1.346785804,0.148797169,0.014879717,480.0573451,12.0904326,487.3846201,87.72923162,3407.375544,442.9588207,755.0023464,105.7003285,56.20523213,6.744627856,5710.94941,1027.970894,1.579837083,0.110588596,3.437486028,1.856242455,4.450254187,0.623035586,9.510397791,0.855935801,1.465269214,0.068452901,1.203244441,0.192519111,52.38105472,1.047621094,16.75001654,0.837500827,0.319751461,0.007815248,0.315510786,0.000624041,0.036863502,0.003255453,8.831099976,0.005485185,4.84E-05,0.883110004
Kerguelen,KER1,CAT1-S1-1C,80,1.4,23.1,24.5,23.8,103.1,104.5,103.8,103.1,104.5,103.8,103.8,0.7,3620.06,4191.84,3952.29,3941.89,285.89,0.03517,0.002787921,87.74312153,4.387156077,12.25687847,1.225687847,0.117835974,0.011783597,345.730491,1.750039606,196.5150343,35.37270617,2189.505993,284.6357791,223.979161,31.35708254,29.73641755,3.568370106,3225.774563,580.6394213,0.923007687,0.064610538,2.13136205,1.150935507,2.622442469,0.367141946,5.963937738,0.536754396,1.120314178,0.031472784,0.700899472,0.112143916,36.49555291,0.729911058,8.929101824,0.446455091,0.179617133,0.003025055,0.166787898,0.001906893,0.03517316,0.002787921,7.926273912,0.004144664,3.29E-05,0.792627364
Kerguelen,KER1,CAT1-S1-1C,86,1.4,32.2,33.6,32.9,112.2,113.6,112.9,112.2,113.6,112.9,112.9,0.7,3999.72,4342.29,4210.59,4200.61,171.285,0.03924,0.001843354,86.07040611,4.303520305,13.92959389,1.392959389,0.155431687,0.015543169,591.9905518,6.267225698,299.9494325,53.99089785,3711.15207,482.4497691,334.2205693,46.7908797,46.8799998,5.625599976,4542.425909,817.6366636,1.049747683,0.073482338,2.791826174,1.507586134,5.41452311,0.758033235,10.45252365,0.940727129,1.499496878,0.052332993,1.072921849,0.171667496,65.73504848,1.31470097,14.23345251,0.711672626,0.304017311,0.001071613,0.304152866,0.006685523,0.039236008,0.001843354,4.698117693,0.006098519,2.87E-05,0.469811778
Kerguelen,KER1,CAT1-S1-1C,93,1.2,42.9,44.1,43.5,122.9,124.1,123.5,122.9,124.1,123.5,123.5,0.6,4331.5,4640.78,4465.25,4470.77,154.64,0.0448,0.001767244,87.88021313,4.394010656,12.11978687,1.211978687,0.140449668,0.014044967,630.4189958,8.260995754,167.7999201,30.20398562,4217.700826,548.3011074,237.3718165,33.23205431,46.78120576,5.613744691,4414.084703,794.5352465,1.050225297,0.073515771,2.843511196,1.535496046,4.038560617,0.565398486,9.118797628,0.820691787,1.65768929,0.051866478,0.714706415,0.114353026,78.06690295,1.561338059,10.592352,0.5296176,0.232814865,0.003724308,0.228581279,0.003447345,0.044804517,0.001767244,3.944344243,0.00629278,2.48E-05,0.39443443
Kerguelen,KER1,CAT1-S1-1D,105,1.1,10.3,11.4,10.85,130.3,131.4,130.8,130.3,131.4,130.8,130.8,0.55,4446.19,4857.87,4627.23,4633.7,205.84,0.04685,0.002278188,86.98570544,4.349285272,13.01429456,1.301429456,0.18906689,0.018906689,785.8172852,14.03913743,335.8691783,60.45645209,4013.123051,521.7059966,393.3367813,55.06714938,45.78783303,5.494539964,3780.979575,680.5763235,0.930570105,0.065139907,3.315937291,1.790606137,3.510172288,0.49142412,11.7594545,1.058350905,1.681733541,0.046882704,1.060803729,0.169728597,78.12846424,1.562569285,16.12570153,0.806285077,0.320872417,0.001780943,0.323772608,0.004952193,0.046848382,0.002278188,4.862895666,0.008857478,4.31E-05,0.486289567
Kerguelen,KER1,CAT1-S1-1D,108,1.2,14.6,15.8,15.3,134.6,135.8,135.2,134.6,135.8,135.2,135.2,0.6,4529.06,4926.8,4728.73,4727.62,198.87,0.04388,0.002040571,88.39139851,4.419569926,11.60860149,1.160860149,0.136528867,0.013652887,565.5024661,2.237850022,238.5346084,42.93622951,3486.528107,453.2486539,386.7326744,54.14257442,38.5256522,4.623078264,3167.607313,570.1693163,0.814471895,0.057013033,3.032224277,1.63740111,3.038249121,0.425354877,5.798802064,0.521892186,1.509515972,0.049513866,0.994535425,0.159125668,70.05573441,1.401114688,13.26053158,0.663026579,0.286292813,0.002454716,0.26074383,0.001711369,0.043878894,0.002040571,4.650460535,0.005990736,2.79E-05,0.465046064
Kerguelen,KER1,CAT1-S1-1D,110,1.2,17.6,18.8,18.3,137.6,138.8,138.2,137.6,138.8,138.2,138.2,0.6,4625.34,4969.54,4797.52,4795.99,172.1,0.04209,0.001693099,87.9285144,4.39642572,12.0714856,1.20714856,0.176153339,0.017615334,442.1118449,4.428268077,35.89186233,6.460535219,2595.371312,337.3982706,218.0937453,30.53312434,28.24261491,3.389113789,2284.889729,411.2801512,0.611487721,0.04280414,2.520712809,1.361184917,2.972262265,0.416116717,4.641441298,0.417729717,1.134356857,0.021990399,0.562762357,0.090041977,53.9478412,1.078956824,10.56346884,0.528173442,0.195604182,0.004466095,0.21328797,0.000310239,0.04209304,0.001693099,4.022277362,0.00741483,2.98E-05,0.402227739
Kerguelen,KER1,CAT1-S1-1D,114,1.2,23.4,24.6,24.1,143.4,144.6,144,143.4,144.6,144,144,0.6,4853.29,5047.72,4931,4933.78,97.215,0.02793,0.000666707,89.65154481,4.48257724,10.34845519,1.034845519,0.123289892,0.012328989,614.8442797,4.395341606,157.0594404,28.27069927,3949.674648,513.4577042,441.6354183,61.82895856,41.11180496,4.933416595,3412.493629,614.2488532,0.910381859,0.06372673,5.705617692,3.081033554,5.962629521,0.834768133,6.264222559,0.56378003,1.957177567,0.056187664,0.765652204,0.122504353,79.92720242,1.598544048,23.41796688,1.170898344,0.301473477,0.001016326,0.528543858,0.003970185,0.02792587,0.000666707,2.387415659,0.003442977,8.22E-06,0.238741562
Kerguelen,KER1,CAT1-S1-1D,117,1.1,27.8,28.9,28.5,147.8,148.9,148.4,147.8,148.9,148.4,148.4,0.55,4915.11,5414.5,5062.99,5091.34,249.695,0.02503,0.001320314,84.32862976,4.216431488,15.67137024,1.567137024,0.23901391,0.023901391,703.8825978,12.01755573,7255.583194,1306.004975,5683.67778,738.8781114,2787.737038,390.2831853,103.2608758,12.3913051,4977.113764,895.8804775,1.191415297,0.083399071,6.225778674,3.361920484,7.391036368,1.034745092,28.72260097,2.585034087,2.035936011,0.060969538,10.74847022,1.719755235,109.6646554,2.193293108,97.07584026,4.853792013,2.032385066,0.018798722,1.648071409,0.00388062,0.025025889,0.001320314,5.275794589,0.005981536,3.16E-05,0.527579459
Kerguelen,KER1,CAT1-S1-1D,119,1.1,30.7,31.8,31.4,150.7,151.8,151.3,150.7,151.8,151.3,151.3,0.55,4969.51,5635.24,5168.96,5207.22,332.865,0.02442,0.001649788,89.84326635,4.492163318,10.15673365,1.015673365,0.126927537,0.012692754,610.582386,12.11887965,293.8266765,52.88880177,3599.827864,467.9776223,435.4794317,60.96712044,33.50696137,4.020835364,2637.046993,474.6684587,0.767742407,0.053741968,6.625024494,3.577513227,5.924549608,0.829436945,21.92880594,1.973592535,2.217616267,0.036112484,0.706861739,0.113097878,74.39152898,1.48783058,23.61796449,1.180898225,0.283433035,0.001790811,0.513351231,0.007447494,0.024421053,0.001649788,6.755599425,0.003099704,2.09E-05,0.675559958
Kerguelen,KER1,CAT1-S1-1D,123,1.2,36.5,37.7,37.2,156.5,157.7,157.1,156.5,157.7,157.1,157.1,0.6,5086.03,5903.97,5424.02,5444.72,408.97,0.02432,0.001919635,88.02419075,4.401209537,11.97580925,1.197580925,0.177036447,0.017703645,708.9793163,16.75371889,199.7601332,35.95682398,4640.523522,603.2680579,337.7373781,47.28323293,41.49307617,4.97916914,3560.842802,640.9517044,1.008260928,0.070578265,7.365820821,3.977543243,6.211413657,0.869597912,9.708856297,0.873797067,1.625262915,0.033316663,0.749489114,0.119918258,89.12411225,1.782482245,16.00076454,0.800038227,0.386986683,0.003292803,0.321946425,0.003844,0.02432301,0.001919635,7.892259399,0.004306059,3.40E-05,0.789225953
Kerguelen,KER1,CAT1-S1-1D,124,1.2,38,39.2,38.7,158,159.2,158.6,158,159.2,158.6,158.6,0.6,5113.87,5978.53,5492.05,5506.39,432.33,0.0258,0.002123271,86.01379119,4.30068956,13.98620881,1.398620881,0.2211149,0.02211149,665.8579482,3.08983947,973.6824666,175.262844,3761.690452,489.0197588,439.2617094,61.49663932,42.17796203,5.061355444,2748.553456,494.7396221,0.858721787,0.060110525,5.849088818,3.158507962,4.744298227,0.664201752,10.21776865,0.919599179,1.546124958,0.028432108,1.919467031,0.307114725,71.42068742,1.428413748,20.00078753,1.000039377,0.384542382,0.010143263,0.453688245,0.007886097,0.025799794,0.002123271,8.22979958,0.005704719,4.69E-05,0.822979958
Kerguelen,KER1,CAT1-S1-1E,132,1.2,1.5,2.7,2.1,161.5,162.7,162.1,161.5,162.7,162.1,162.1,0.6,5207.15,6130.83,5630.67,5642.05,461.84,0.02578,0.00220569,80.75600506,4.037800253,19.24399494,1.924399494,0.269419674,0.026941967,1254.57739,18.5943659,4674.018055,841.3232499,15500.47502,2015.061753,4823.395579,675.2753811,275.8213156,33.09855787,24110.30848,4339.855526,9.64091711,0.674864198,25.33147037,13.678994,19.09702535,2.673583549,53.70010907,4.833009816,3.159336038,0.046774746,6.739390951,1.078302552,139.1876948,2.783753896,82.65655708,4.132827854,1.537559513,0.009320954,1.373276488,0.012253556,0.025781388,0.00220569,8.555358472,0.006946013,5.94E-05,0.855535834
Kerguelen,KER1,CAT1-S1-1E,137,1.2,8.8,10,9.4,168.8,170,169.4,168.8,170,169.4,169.4,0.6,5402.51,6389.4,5929.22,5925.2,493.445,0.02304,0.002000355,88.20183029,4.410091515,11.79816971,1.179816971,0.14288399,0.014288399,714.0411624,6.850914549,214.2359607,38.56247293,3865.367321,502.4977517,314.2119789,43.98967705,40.30371929,4.836446315,2886.473191,519.5651744,0.797101318,0.055797092,3.074840014,1.660413608,4.308979567,0.603257139,10.03284659,0.902956193,1.331595445,0.046449452,0.841708562,0.13467337,71.47093889,1.429418778,15.55587576,0.777793788,0.287299186,0.00195743,0.328443817,0.005286885,0.023037311,0.002000355,8.683109058,0.003291663,2.86E-05,0.868310906
Kerguelen,KER1,CAT1-S1-1E,144,1.2,19,20.2,19.6,179,180.2,179.6,179,180.2,179.6,179.6,0.6,5814.64,6715.04,6398.19,6367.96,450.2,0.02378,0.001760634,85.10327973,4.255163986,14.89672027,1.489672027,0.204678828,0.020467883,814.2955466,8.087138682,4531.40776,815.6533968,3481.392137,452.5809778,904.1879244,126.5863094,84.65981172,10.15917741,3168.819664,570.3875395,0.546046302,0.038223241,3.299582559,1.781774582,5.064349607,0.709008945,18.29158675,1.646242808,1.160038795,0.007432123,7.805442382,1.248870781,46.22785062,0.924557012,83.4623728,4.17311864,1.116560794,0.010382706,1.743855456,0.008094397,0.023777174,0.001760634,7.40472375,0.004866684,3.60E-05,0.740472382
Kerguelen,KER1,CAT1-S1-1E,145,1.2,20.4,21.6,21,180.4,181.6,181,180.4,181.6,181,181,0.6,5914.84,6749.96,6455.37,6426.84,417.56,0.02432,0.00166072,58.1265796,2.90632898,41.8734204,4.18734204,0.703145519,0.070314552,285.3114966,3.381248903,23278.04767,4190.048581,3903.380519,507.4394675,2923.188804,409.2464326,121.9300211,14.63160253,4456.928381,802.2471086,0.855150174,0.059860512,2.425675008,1.309864504,3.767313027,0.527423824,30.48216342,2.743394708,0.492227975,0.002959071,16.42557783,2.628092453,35.5730101,0.711460202,90.16911624,4.508455812,2.922008417,0.028142463,0.554162251,0.006445999,0.024318221,0.00166072,6.829118848,0.017099248,0.000116773,0.682911886
Kerguelen,KER1,CAT1-S1-1E,146,1.1,21.9,23,22.4,181.9,183,182.4,181.9,183,182.4,182.4,0.55,6032.23,6765.71,6513.87,6484.41,366.74,0.02432,0.001448804,64.04109524,3.202054762,35.95890476,3.595890476,0.602361457,0.060236146,430.7819338,4.463360089,34328.60153,6179.148275,4312.186563,560.5842532,3433.05248,480.6273472,397.1365916,47.65639099,13289.58227,2392.124809,0.757047602,0.052993332,2.230484241,1.20446149,6.015402464,0.842156345,87.59499317,7.883549385,1.267593426,0.023997253,53.67294845,8.587671752,37.52281834,0.750456367,334.5208848,16.72604424,7.036643174,0.137376002,2.946323756,0.030181993,0.024318221,0.001448804,5.957689689,0.014648359,8.73E-05,0.595768972
Kerguelen,KER1,CAT1-S1-1E,147,1.1,23.3,24.4,23.8,183.3,184.4,183.8,183.3,184.4,183.8,183.8,0.55,6123.16,6793.52,6576.86,6541.98,335.18,0.02262,0.001226629,88.21271238,4.410635619,11.78728762,1.178728762,0.178533632,0.017853363,1492.246644,6.761169835,1154.260764,207.7669375,4541.333436,590.3733467,1119.777227,156.7688118,77.89836317,9.34780358,3562.901422,641.322256,0.996950957,0.069786567,7.771363798,4.196536451,8.155143454,1.141720084,34.97989363,3.148190427,1.948070392,0.061981627,2.833581675,0.453373068,86.72448526,1.734489705,123.6786369,6.183931845,1.067667427,0.00971953,2.847910366,0.021268193,0.022624434,0.001226629,5.421700734,0.004039222,2.19E-05,0.542170067
Kerguelen,KER1,CAT1-S1-1E,151,1.3,29,30.3,29.7,189,190.3,189.7,189,190.3,189.7,189.7,0.65,6705.67,6905.71,6801,6802.76,100.02,0.05422,0.000982972,88.00928802,4.400464401,11.99071198,1.199071198,0.122459474,0.012245947,733.5547145,17.40836734,519.0692231,93.43246016,4164.183528,541.3438586,617.9743965,86.51641551,48.62589017,5.83510682,2793.818462,502.8873232,0.972163333,0.068051433,5.453440209,2.944857713,7.040465601,0.985665184,8.670290595,0.780326154,1.657757,0.04062042,1.131785621,0.181085699,76.44263413,1.528852683,32.53643781,1.626821891,0.351108777,0.005700268,0.626198523,0.004636475,0.054224243,0.000982972,1.812789997,0.006640272,1.20E-05,0.181278994
Kerguelen,KER1,CAT1-S1-1E,157,1.3,38.4,39.7,39,198.4,199.7,199,198.4,199.7,199,199,0.65,6814.65,7183.34,6966.82,6974.27,184.345,0.05635,0.00167351,87.91890742,4.395945371,12.08109258,1.208109258,0.134082378,0.013408238,590.2869829,3.093283848,510.1301471,91.82342648,4449.195182,578.3953737,449.3132406,62.90385368,54.95773967,6.59492876,3045.373357,548.1672043,0.973653446,0.068155741,4.062914553,2.193973859,4.561717881,0.638640503,8.265161932,0.743864574,1.339182222,0.034123485,1.396313321,0.223410131,83.80568894,1.676113779,18.45759727,0.922879864,0.291085394,0.003520354,0.369156996,0.004725399,0.056348269,0.00167351,2.969940123,0.00755531,2.24E-05,0.296994017
Kerguelen,KER1,CAT1-S1-1E,161,1.3,44.5,45.8,45.2,204.5,205.8,205.2,204.5,205.8,205.2,205.2,0.65,6891.15,7322.22,7076.61,7084.3,215.535,0.0565,0.001897946,82.36179118,4.118089559,17.63820882,1.763820882,0.183720461,0.018372046,736.0908289,12.44926754,714.0118801,128.5221384,4530.875865,589.0138625,602.974911,84.41648754,66.72545229,8.007054275,3136.839356,564.6310841,0.850620155,0.059543411,2.965078694,1.601142495,4.921011171,0.688941564,6.808603707,0.612774334,1.270709253,0.054853072,2.016254156,0.322600665,85.69090324,1.713818065,24.14841652,1.207420826,0.412860798,0.000823993,0.48430633,0.00369714,0.056497175,0.001897946,3.359363949,0.010379687,3.49E-05,0.335936393
Kerguelen,KER1,CAT1-S1-1F,170,1.4,10.3,11.7,11,210.3,211.7,211,210.3,211.7,211,211,0.7,6967.88,7440.4,7178.62,7186.96,236.26,0.05641,0.002041532,85.10979142,4.255489571,14.89020858,1.489020858,0.141448155,0.014144816,431.1588843,4.015292058,104.6756783,18.84162209,3609.129673,469.1868575,168.1798853,23.54518394,45.5523502,5.466282024,2342.824007,421.7083213,0.669698406,0.046878888,2.182200699,1.178388377,4.093699078,0.573117871,3.679275906,0.331134832,0.918402721,0.025039982,0.501927094,0.080308335,65.96855978,1.319371196,7.956881626,0.397844081,0.188150487,0.002501401,0.182959595,0.001291732,0.056412986,0.002041532,3.618904647,0.007979513,2.89E-05,0.361890478
Kerguelen,KER1,CAT1-S1-1F,177,1.3,20.9,22.2,21.6,220.9,222.2,221.6,220.9,222.2,221.6,221.6,0.65,7125.64,7638.49,7369.7,7374.86,256.425,0.05216,0.001966607,93.09679142,4.654839571,6.903208584,0.690320858,0.069077411,0.006907741,627.8556721,4.973892318,265.0120521,47.70216938,4843.721178,629.6837531,347.1872575,48.60621605,63.73055929,7.647667115,3080.073609,554.4132496,1.071221581,0.074985511,3.17180271,1.712773463,6.998565891,0.979799225,6.792163379,0.611294704,1.540119773,0.065397396,0.931349705,0.149015953,88.8200419,1.776400838,16.13112281,0.806556141,0.460416746,0.005873179,0.326346896,0.005457761,0.052162208,0.001966607,3.770176886,0.00360323,1.36E-05,0.377017683
Kerguelen,KER1,CAT1-S1-1F,179,1.4,24,25.4,24.7,224,225.4,224.7,224,225.4,224.7,224.7,0.7,7178.51,7691.44,7433.32,7434.29,256.465,0.05663,0.002130015,84.86635342,4.243317671,15.13364658,1.513364658,0.174467684,0.017446768,836.0969696,11.17319231,407.8905822,73.4203048,4217.330448,548.2529582,426.0420821,59.64589149,57.48518576,6.898222291,2688.500619,483.9301114,0.845840342,0.059208824,5.35028394,2.889153328,5.640790304,0.789710643,6.692282931,0.602305464,1.498972095,0.041309924,1.320375223,0.211260036,81.43967116,1.628793423,30.53520566,1.526760283,0.663317233,0.002786567,0.688783184,0.008734211,0.056625142,0.002130015,3.761607009,0.009879257,3.72E-05,0.376160692
Kerguelen,KER1,CAT1-S1-1F,180,1.2,25.6,26.8,26.2,225.6,226.8,226.2,225.6,226.8,226.2,226.2,0.6,7206.03,7714.94,7460.83,7460.78,254.455,0.05483,0.002015452,80.14879443,4.007439721,19.85120557,1.985120557,0.204872992,0.020487299,1069.064967,35.88006349,11517.71875,2073.189375,5766.308811,749.6201454,1197.40653,167.6369142,302.9854865,36.35825838,9844.625786,1772.032641,0.946267633,0.066238734,3.627263811,1.958722458,6.197858783,0.86770023,34.35259618,3.091733656,1.786776953,0.038891966,27.76757005,4.442811208,77.12979485,1.542595897,206.5821768,10.32910884,3.635250437,0.042932307,4.82366524,0.01461129,0.054830099,0.002015452,3.675813695,0.011233206,4.13E-05,0.367581366
Kerguelen,KER1,CAT1-S1-1F,185,1.3,33.2,34.5,33.8,233.2,234.5,233.8,233.2,234.5,233.8,233.8,0.65,7340.42,7829.3,7606.11,7599.39,244.44,0.05319,0.001858772,69.49338884,3.474669442,30.50661116,3.050661116,0.348756339,0.034875634,1096.336989,15.69001257,14262.12932,2567.183278,4269.933331,555.091333,1951.217642,273.1704699,266.7521665,32.01025998,8604.12931,1548.743276,0.775500382,0.054285027,4.268992381,2.305255886,3.773884291,0.528343801,38.16917132,3.435225419,1.311002268,0.022049234,28.3155083,4.530481328,50.91367477,1.018273495,239.7215992,11.98607996,4.646437423,0.035745308,5.031201422,0.038528785,0.053191489,0.001858772,3.494491511,0.018550869,6.48E-05,0.349449152
Kerguelen,KER1,CAT1-S1-1F,186,1.2,34.7,35.9,35.3,234.7,235.9,235.3,234.7,235.9,235.3,235.3,0.6,7365.5,7859.48,7634.4,7627.59,246.99,0.05813,0.002030543,67.74785106,3.387392553,32.25214894,3.225214894,0.323279931,0.032327993,965.346438,10.89256959,12958.49641,2332.529354,4367.99759,567.8396867,2239.96755,313.595457,230.5568311,27.66681973,7609.566894,1369.722041,0.799271713,0.05594902,4.531502978,2.447011608,3.210467452,0.449465443,34.52282262,3.107054036,1.297613396,0.03627799,27.8515667,4.456250672,78.81628528,1.576325706,218.7388146,10.93694073,3.822534824,0.029230064,4.824624471,0.043488776,0.058128633,0.002030543,3.493188987,0.01879182,6.56E-05,0.349318898
Kerguelen,KER1,CAT1-S1-1F,188,1.3,37.8,39.1,38.4,237.8,239.1,238.4,237.8,239.1,238.4,238.4,0.65,7430.41,7889.69,7688.48,7680.92,229.64,0.05716,0.001864786,82.6696042,4.13348021,17.3303958,1.73303958,0.174174847,0.017417485,445.9045845,2.218386511,88.32467556,15.8984416,3298.121333,428.7557733,436.639577,61.12954078,45.81121632,5.497345958,2064.749015,371.6548227,0.598889202,0.041922244,8.680238524,4.687328803,4.370193647,0.611827111,3.835435411,0.345189187,1.829206019,0.019604972,0.79837406,0.12773985,59.19980605,1.183996121,27.53210666,1.376605333,0.306852677,0.007315454,0.721446309,0.009272928,0.057164634,0.001864786,3.262132555,0.009956641,3.25E-05,0.326213261
Kerguelen,KER1,CAT1-S1-1F,191,1.3,42.3,43.6,42.9,242.3,243.6,242.9,242.3,243.6,242.9,242.9,0.65,7534.34,7940.51,7767.55,7759.64,203.085,0.05613,0.001619236,83.40498981,4.170249491,16.59501019,1.659501019,0.177654232,0.017765423,403.1217938,2.256353316,-28.65886723,-5.158596101,3835.783216,498.6518181,238.2842793,33.3597991,55.07802735,6.609363282,2497.527268,449.5549082,0.803358665,0.056235107,14.23964041,7.689405821,3.643171487,0.510044008,5.547621978,0.499285978,2.078965797,0.029489959,0.651451824,0.104232292,67.02513333,1.340502667,17.73546585,0.886773293,0.27025413,0.001538307,0.3725726,0.000879594,0.056129002,0.001619236,2.884847309,0.009971555,2.88E-05,0.288484728
Kerguelen,KER1,CAT1-S1-1G,225,1.3,46,47.3,46.65,254,255.3,254.7,254,255.3,254.7,254.7,0.65,7852.92,8123.38,7971.38,7969.87,135.23,0.05613,0.001095639,77.00976764,3.850488382,22.99023236,2.299023236,0.214218709,0.021421871,2391.591861,15.01609726,4585.897519,825.4615534,3617.881023,470.324533,1416.737443,198.343242,172.3304132,20.67964958,5248.417001,944.7150602,0.589307235,0.041251506,12.46088531,6.728878067,5.794822765,0.811275187,19.63164388,1.766847949,1.618282914,0.024494982,15.07096571,2.411354514,54.53887527,1.090777505,195.0805033,9.754025165,2.678337109,0.044851521,4.989860104,0.06881991,0.031664617,0.001095639,3.460138001,0.006783153,2.35E-05,0.346013802
Kerguelen,KER3,CAT2-S3-1A,1,1.2,0,1.2,0.6,0,1.2,0.6,0,1.2,0.6,0.6,0.6,-66.08,-33.57,-56.39,-54.86,16.255,0.05365,0.037753523,89.72751335,4.486375667,10.27248665,1.027248665,0.092906936,0.009290694,3456.464452,29.11819695,1924.093209,346.3367776,7838.38566,1018.990136,724.185303,101.3859424,61.5653552,7.387842624,3144.856254,566.0741257,1.8435276,0.129046932,6.76763215,3.654521361,9.46870311,1.325618435,44.9493781,4.045444029,1.511907558,0.008014967,3.666494941,0.586639191,79.78360975,1.595672195,66.04629804,3.302314902,1.053165696,0.024162242,1.956379466,0.049172627,0.053653148,0.037753523,70.36590375,0.00498475,0.000350756,7.036590678
Kerguelen,KER3,CAT2-S3-1A,3,1.5,3.3,4.8,4,3.3,4.8,4,3.3,4.8,4,4,0.75,-61.61,150.01,-2.7,8.51,105.81,0.05365,0.677122418,88.26872151,4.413436075,11.73127849,1.173127849,0.143817721,0.014381772,2541.490075,35.37425007,1800.106357,324.0191443,7653.480152,994.9524198,787.7430499,110.284027,51.10801161,6.132961393,4271.648096,768.8966573,1.842018328,0.128941283,6.894228126,3.722883188,8.794447073,1.23122259,65.51502506,5.896352255,1.433225843,0.006671468,3.62723307,0.580357291,77.97377323,1.559475465,40.13708692,2.006854346,1.048108527,0.025787605,1.234077737,0.046111693,0.053648069,0.677122418,1262.156188,0.007715543,0.00973822,126.2156179
Kerguelen,KER3,CAT2-S3-1A,6,1.2,7.9,9.1,8.5,7.9,9.1,8.5,7.9,9.1,8.5,8.5,0.6,-56.04,390.9,68.66,92.39,223.47,0.06355,0.158198606,86.5897549,4.329487745,13.4102451,1.34102451,0.127002892,0.012700289,2570.623323,60.34061437,2433.469353,438.0244835,8525.391032,1108.300834,1493.72135,209.120989,73.97054275,8.87646513,7043.906744,1267.903214,2.360731307,0.165251191,7.989049521,4.314086741,8.840919501,1.23772873,33.9867472,3.058807248,1.836820618,0.007837643,6.303556106,1.008568977,77.55523489,1.551104698,51.12144032,2.556072016,1.449083949,0.031749255,1.368113398,0.05102612,0.063547083,0.158198606,248.9470784,0.008070663,0.002009168,24.89470745
Kerguelen,KER3,CAT2-S3-1A,9,1.2,12.3,13.5,12.9,12.3,13.5,12.9,12.3,13.5,12.9,12.9,0.6,-26.09,492.55,138.96,161.63,259.32,0.07023,0.115943883,87.65410667,4.382705334,12.34589333,1.234589333,0.120978988,0.012097899,1925.941564,47.47919756,1807.885973,325.4194751,7727.272205,1004.545387,1028.300333,143.9620466,53.9884387,6.478612644,5806.724977,1045.210496,2.063027935,0.144411955,6.820390916,3.683011095,7.875132613,1.102518566,22.83873715,2.055486344,1.981092172,0.026250211,3.688021304,0.590083409,68.05571381,1.361114276,28.2096257,1.410481285,0.861685089,0.023559447,0.723414991,0.021168133,0.070234924,0.115943883,165.0801016,0.00849695,0.001402677,16.50801043
Kerguelen,KER3,CAT2-S3-1A,13,1.2,18.1,19.3,18.7,18.1,19.3,18.7,18.1,19.3,18.7,18.7,0.6,-0.26,574.22,231,244.21,287.24,0.06478,0.078272791,86.20305437,4.310152718,13.79694563,1.379694563,0.143807055,0.014380706,2075.478682,57.71761628,2390.397694,430.2715849,8370.564722,1088.173414,1383.034771,193.6248679,65.55518428,7.866622114,5950.241077,1071.043394,2.117141394,0.148199898,6.393762065,3.452631515,6.48426444,0.907797022,21.31018792,1.917916913,1.837777624,0.007019007,6.207609895,0.993217583,78.5344764,1.570689528,45.24542121,2.262271061,1.293057315,0.020115449,1.321962492,0.040846333,0.064775519,0.078272791,120.8369952,0.009315177,0.001125618,12.08369994
Kerguelen,KER3,CAT2-S3-1A,15,1.1,21,22.1,21.6,21,22.1,21.6,21,22.1,21.6,21.6,0.55,37.37,605.67,275.2,288.98,284.15,0.06093,0.061463077,86.89391751,4.344695875,13.10608249,1.310608249,0.131689055,0.013168905,2443.572039,49.80339872,2551.414712,459.2546482,8528.540345,1108.710245,1475.406854,206.5569596,59.93308415,7.191970098,6187.963748,1113.833475,2.279411544,0.159558808,7.850724687,4.239391331,6.918225269,0.968551538,19.50535782,1.755482204,2.009562056,0.035058094,5.547019557,0.887523129,79.19188077,1.583837615,39.22303086,1.961151543,1.091353254,0.022458753,1.113522217,0.044519068,0.060934326,0.061463077,100.8677382,0.008024384,0.000809401,10.08677344
Kerguelen,KER3,CAT2-S3-1A,20,1.2,28.2,29.4,28.8,28.2,29.4,28.8,28.2,29.4,28.8,28.8,0.6,107.12,687.44,408.74,407.14,290.16,0.05932,0.043511933,85.38950254,4.269475127,14.61049746,1.461049746,0.170373458,0.017037346,3359.324714,61.02238631,1463.774697,263.4794455,7489.032735,973.5742556,937.5899962,131.2625995,37.80142795,4.536171354,5072.990401,913.1382722,1.778968575,0.1245278,8.567301171,4.626342632,6.433648096,0.900710733,14.3729798,1.293568182,2.145297257,0.019339871,2.92778834,0.468446134,72.04904865,1.440980973,42.85323212,2.142661606,1.266430396,0.01680148,1.227647524,0.029567494,0.059322034,0.043511933,73.34868698,0.0101069,0.000741328,7.334868784
Kerguelen,KER3,CAT2-S3-1A,21,1.1,29.6,30.7,30.2,29.6,30.7,30.2,29.6,30.7,30.2,30.2,0.55,123.64,712.06,433.15,430.74,294.21,0.05111,0.035840671,84.38619663,4.219309831,15.61380337,1.561380337,0.290230006,0.029023001,3337.527461,78.29548461,1742.201387,313.5962497,7060.636584,917.8827559,1221.194979,170.9672971,47.42694669,5.691233603,5217.251998,939.1053596,1.649765973,0.115483618,8.139809229,4.395496984,5.73865376,0.803411526,13.07843571,1.177059214,1.85274284,0.010493724,4.597352978,0.735576476,63.78046606,1.275609321,54.84725556,2.742362778,1.595597699,0.028713222,1.546097659,0.042317615,0.051113545,0.035840671,70.11971329,0.014834684,0.001040204,7.011971425
Kerguelen,KER3,CAT2-S3-1A,22,1.1,31,32.1,31.6,31,32.1,31.6,31,32.1,31.6,31.6,0.55,179.53,724.22,459.3,458.13,272.345,0.05113,0.031285223,81.06164945,4.053082472,18.93835055,1.893835055,0.204189212,0.020418921,3870.540968,94.63863001,4461.087959,802.9958326,7896.234296,1026.510458,2205.724776,308.8014686,119.7043062,14.36451674,6488.988438,1168.017919,1.71561783,0.120093248,8.098447371,4.37316158,6.068782697,0.849629578,25.41388525,2.287249673,1.788830104,0.013674539,17.22708873,2.756334197,67.625654,1.35251308,113.2387274,5.66193637,3.268989696,0.036575957,3.137293564,0.081134649,0.051130635,0.031285223,61.18684639,0.010440324,0.000638811,6.118684579
Kerguelen,KER3,CAT2-S3-1A,27,1.1,38.2,39.3,38.7,38.2,39.3,38.7,38.2,39.3,38.7,38.7,0.55,317.48,813.87,616.84,596.99,248.195,0.05058,0.021747168,80.97508864,4.048754432,19.02491136,1.902491136,0.207657987,0.020765799,2699.125756,45.85131928,3566.70755,642.007359,7653.796312,994.9935206,2003.194081,280.4471713,86.51921621,10.38230595,5349.432635,962.8978743,1.391814484,0.097427014,7.449716815,4.02284708,7.047681054,0.986675348,20.72720657,1.865448591,1.552621796,0.013289465,12.64697374,2.023515798,68.96032566,1.379206513,116.3395336,5.81697668,2.258197337,0.05099856,3.558463768,0.136219391,0.050578035,0.021747168,42.99725755,0.010502933,0.000451597,4.299725817
Kerguelen,KER3,CAT2-S3-1A,28,1.2,39.5,40.7,40.1,39.5,40.7,40.1,39.5,40.7,40.1,40.1,0.6,337.11,847.63,648.54,624.67,255.26,0.04433,0.018777938,74.93538663,3.746769331,25.06461337,2.506461337,0.249493964,0.024949396,2141.460893,23.50064649,8937.293284,1608.712791,9775.180899,1270.773517,3299.904326,461.9866056,206.5622145,24.78746574,8197.149421,1475.486896,1.707642336,0.119534964,6.49364719,3.506569483,6.508755339,0.911225747,39.26943077,3.534248769,1.304375651,0.004776414,30.0068369,4.801093904,79.88473282,1.597694656,158.7616528,7.93808264,3.814471206,0.062730445,4.341460403,0.091452063,0.044329516,0.018777938,42.35989753,0.011059947,0.000468498,4.235989685
Kerguelen,KER3,CAT2-S3-1A,32,1.9,45.1,47,46.1,45.1,47,46.1,45.1,47,46.1,46.1,0.95,660.27,879.79,750.35,760.02,109.76,0.04431,0.007312241,77.68865755,3.884432877,22.31134245,2.231134245,0.234122248,0.023412225,3170.162526,42.2925377,4770.599596,858.7079273,10152.65951,1319.845736,3690.444085,516.6621719,115.6050883,13.8726106,6337.843662,1140.811859,2.217760046,0.155243203,10.51108713,5.67598705,9.587253172,1.342215444,27.51857011,2.47667131,1.861307997,0.025104106,14.07224116,2.251558586,95.06307262,1.901261452,117.9588143,5.897940715,2.404639381,0.058721534,3.153152484,0.100445756,0.044313146,0.007312241,16.50129107,0.010374693,0.000171196,1.650129121
Kerguelen,KER3,CAT2-S3-1B,38,1.2,6.4,7.6,7,46.4,47.6,47,46.4,47.6,47,47,0.6,694.13,888.01,765.33,780.33,96.94,0.0384,0.005260625,81.9911618,4.09955809,18.0088382,1.80088382,0.163283006,0.016328301,3492.592783,17.23671939,3732.955372,671.931967,8677.270529,1128.045169,2737.714004,383.2799606,87.44930657,10.49391679,4793.106432,862.7591578,1.678496422,0.11749475,9.854731646,5.321555089,10.40875416,1.457225582,22.31535337,2.008381803,1.891934993,0.026962291,12.29867694,1.96778831,80.95231282,1.619046256,111.6058313,5.580291565,2.094705664,0.020458546,3.042283803,0.057990562,0.038401891,0.005260625,13.69887057,0.006270376,8.59E-05,1.369887091
Kerguelen,KER3,CAT2-S3-1B,42,1.1,11.6,12.7,12.2,51.6,52.7,52.2,51.6,52.7,52.2,52.2,0.55,787.29,1070.32,911.17,915.74,141.515,0.03248,0.005361559,80.8040297,4.040201485,19.1959703,1.91959703,0.211486343,0.021148634,2867.540808,19.97513047,3515.939224,632.8690603,9459.400389,1229.722051,2833.675864,396.714621,86.14961589,10.33795391,5197.712813,935.5883063,1.967605598,0.137732392,11.56429275,6.244718085,9.373035718,1.312225001,20.69108587,1.862197728,1.857526302,0.014508774,10.32724622,1.652359395,86.09850052,1.72197001,96.16087645,4.808043823,1.76961539,0.035234836,2.641940663,0.073027458,0.032478933,0.005361559,16.50780456,0.006868851,0.00011339,1.650780433
Kerguelen,KER3,CAT2-S3-1B,45,1.2,15.3,16.5,15.9,55.3,56.5,55.9,55.3,56.5,55.9,55.9,0.6,817.38,1321.27,1012.14,1029.66,251.945,0.03248,0.008296075,70.03022518,3.501511259,29.96977482,2.996977482,0.365062981,0.036506298,1552.905719,19.92143048,13911.44149,2504.059468,17303.92837,2249.510688,7876.665965,1102.733235,212.8364779,25.54037735,12610.90951,2269.963712,5.218331686,0.365283218,13.36916814,7.219350796,13.06431875,1.829004625,41.60383738,3.744345364,1.406796613,0.009215404,15.69566935,2.511307096,150.3131973,3.006263946,102.9146045,5.145730225,2.557377839,0.061020981,2.053493809,0.044461997,0.032475064,0.008296075,25.54598434,0.011855444,0.000302859,2.554598427
Kerguelen,KER3,CAT2-S3-1B,47,1.2,18.1,19.3,18.7,58.1,59.3,58.7,58.1,59.3,58.7,58.7,0.6,833.53,1532.71,1079.25,1115.88,349.59,0.03102,0.010035213,85.28397915,4.264198957,14.71602085,1.471602085,0.134803354,0.013480335,1204.378718,15.05284217,1680.089191,302.4160544,9172.659013,1192.445672,1708.112446,239.1357424,45.25246798,5.430296158,3682.282642,662.8108756,1.796711679,0.125769818,13.47816025,7.278206535,10.09827176,1.413758046,31.83349681,2.865014713,1.963624592,0.016781917,3.465695798,0.554511328,90.88637985,1.817727597,53.04194313,2.652097157,0.670868341,0.021940302,1.322438942,0.053757721,0.031018272,0.010035213,32.35258654,0.004181367,0.000135278,3.235258558
Kerguelen,KER3,CAT2-S3-1B,52,1.1,24.6,25.7,25.1,64.6,65.7,65.1,64.6,65.7,65.1,65.1,0.55,967.85,1759.56,1301.87,1322.21,395.855,0.03066,0.009438296,86.11678189,4.305839094,13.88321811,1.388321811,0.148372174,0.014837217,1702.716629,30.58172561,1510.227592,271.8409666,9132.722834,1187.253968,895.5841879,125.3817863,44.65236078,5.358283294,2906.84201,523.2315618,1.674316698,0.117202169,16.45315411,8.884703219,4.106794771,0.574951268,44.45209818,4.000688836,2.443221784,0.015747159,3.393843761,0.543015002,100.2782265,2.00556453,54.90010413,2.745005207,0.781817406,0.016601029,1.309566886,0.035283885,0.030664945,0.009438296,30.77877998,0.004549825,0.000140038,3.077877915
Kerguelen,KER3,CAT2-S3-1B,55,1.1,28.3,29.4,28.9,68.3,69.4,68.9,68.3,69.4,68.9,68.9,0.55,1035.75,1878.83,1447.06,1446.13,421.54,0.03032,0.009080167,73.07921605,3.653960802,26.92078395,2.692078395,0.325103155,0.032510315,659.7177102,7.559484159,33527.2042,6034.896756,8158.141307,1060.55837,1828.049201,255.9268881,522.6884223,62.72261068,17287.12417,3111.682351,2.172456549,0.152071958,6.591575629,3.55945084,4.231129546,0.592358136,108.0616059,9.725544531,1.779482492,0.013884202,83.78057199,13.40489152,25.74171216,0.514834243,365.03667,18.2518335,7.738799504,0.148483428,9.136323596,0.246783766,0.030318343,0.009080167,29.9494187,0.009856589,0.000295199,2.994941824
Kerguelen,KER3,CAT2-S3-1B,56,1.2,29.5,30.7,30.1,69.5,70.7,70.1,69.5,70.7,70.1,70.1,0.6,1062.05,1922,1485.23,1485.71,429.975,0.02695,0.008030191,86.84958639,4.34247932,13.15041361,1.315041361,0.134092116,0.013409212,2364.806624,26.34555598,1775.555422,319.599976,9008.025253,1171.043283,927.5947566,129.8632659,41.27915274,4.953498329,5699.532307,1025.915815,9.289874448,0.650291211,29.04148441,15.68240158,5.702281494,0.798319409,74.84515086,6.736063577,3.3417994,0.017166708,3.510079214,0.561612674,89.95098118,1.799019624,128.8325087,6.441625435,1.367059521,0.020458967,3.721633933,0.107555557,0.026949399,0.008030191,29.79729314,0.003613702,0.000107679,2.979729403
Kerguelen,KER3,CAT2-S3-1B,62,1,37.2,38.2,37.7,77.2,78.2,77.7,77.2,78.2,77.7,77.7,0.5,1367.45,2109.83,1795.02,1767.72,371.19,0.02464,0.005332524,85.31409168,4.265704584,14.68590832,1.468590832,0.192928754,0.019292875,1170.280402,28.69538276,1616.540504,290.9772907,9066.503042,1178.645395,1011.744965,141.6442951,33.03452813,3.964143376,8290.436014,1492.278483,6.308413318,0.441588932,8.399597711,4.535782764,3.550825248,0.497115535,18.47659493,1.662893544,2.039081586,0.029290091,2.572375363,0.411580058,90.16944152,1.80338883,25.49660435,1.274830218,0.473611704,0.013890805,0.539774728,0.014379294,0.024638743,0.005332524,21.64283997,0.004753522,0.00010288,2.164283952
Kerguelen,KER3,CAT2-S3-1B,65,1.1,40.8,41.9,41.4,80.8,81.9,81.4,80.8,81.9,81.4,81.4,0.55,1579.1,2222.07,1938.46,1917.89,321.485,0.02159,0.003764887,94.2979757,4.714898785,5.7020243,0.57020243,0.066260719,0.006626072,1162.848501,37.18547363,1287.60712,231.7692816,10908.71895,1418.133464,577.1550241,80.80170337,32.69465354,3.923358425,4160.753842,748.9356916,4.559558768,0.319169114,7.195932222,3.8858034,4.361117146,0.6105564,13.02478337,1.172230503,2.738470285,0.039829385,1.737402116,0.277984339,123.0745887,2.461491774,23.82046817,1.191023409,0.459696418,0.014663766,0.526609236,0.019235906,0.02159323,0.003764887,17.43549866,0.001430783,2.49E-05,1.743549892
Kerguelen,KER3,CAT2-S3-1B,68,1.1,44.5,45.6,45.1,84.5,85.6,85.1,84.5,85.6,85.1,85.1,0.55,1956.14,2273.78,2067.28,2089.24,158.82,0.02159,0.001780766,84.80792168,4.240396084,15.19207832,1.519207832,0.14231974,0.014231974,1196.58016,7.271250077,1236.883197,222.6389755,9373.127177,1218.506533,952.6036137,133.3645059,32.37937778,3.885525334,2308.505037,415.5309067,1.84420973,0.129094681,5.8254102,3.145721508,3.650559565,0.511078339,8.90748345,0.801673511,1.850621443,0.022074336,2.185976834,0.349756293,105.1299282,2.102598564,27.19994924,1.359997462,0.461314502,0.014842933,0.659903412,0.023980197,0.021594217,0.001780766,8.246495296,0.003073283,2.53E-05,0.82464953
Kerguelen,KER3,CAT2-S3-1C,78,1,9.2,10.2,9.7,89.2,90.2,89.7,89.2,90.2,89.7,89.7,0.5,2086.1,2678.25,2278.3,2302.26,296.075,0.00841,0.00112842,85.45102951,4.272551476,14.54897049,1.454897049,0.181398193,0.018139819,1171.333191,32.24376756,1349.077299,242.8339138,9886.937315,1285.301851,1037.181165,145.2053631,34.06839062,4.088206874,2944.227671,529.9609808,3.39219619,0.237453733,6.099251399,3.293595755,5.365034951,0.751104893,9.240124767,0.831611229,1.784192243,0.025307329,2.353416213,0.376546594,111.2389984,2.224779968,28.03668733,1.401834367,0.45962991,0.010927318,0.698433639,0.023910205,0.008410647,0.00112842,13.41657165,0.001525676,2.05E-05,1.341657143
Kerguelen,KER3,CAT2-S3-1C,83,1.1,15.7,16.8,16.2,95.7,96.8,96.2,95.7,96.8,96.2,96.2,0.55,2314.71,4051.97,2967.63,3075.09,868.63,0.00817,0.002354515,88.06898797,4.403449399,11.93101203,1.193101203,0.139855157,0.013985516,1085.136475,29.10840515,1255.647618,226.0165712,10946.62033,1423.060643,583.3137913,81.66393078,32.56708798,3.908050558,5323.150885,958.1671593,4.562528403,0.319376988,8.079913573,4.363153329,5.664348023,0.793008723,15.43833055,1.38944975,2.743161641,0.030267381,1.352744031,0.216439045,133.8523408,2.677046816,21.02405945,1.051202973,0.400925238,0.006127251,0.476272182,0.017668535,0.008169421,0.002354515,28.82107062,0.001142536,3.29E-05,2.882107124
Kerguelen,KER3,CAT2-S3-1C,85,1,18.3,19.3,18.8,98.3,99.3,98.8,98.3,99.3,98.8,98.8,0.5,2364.39,4670.34,3241.21,3393.35,1152.975,0.01017,0.003506978,87.59377995,4.379688998,12.40622005,1.240622005,0.178381335,0.017838133,1076.893454,37.10960226,1448.382036,260.7087665,11092.71634,1442.053124,1077.5868,150.862152,38.34074029,4.600888835,8013.424384,1442.416389,3.856589078,0.269961235,7.426131353,4.010110931,5.281383866,0.739393741,12.52057742,1.126851968,2.905253612,0.068698735,2.218682082,0.354989133,134.8474469,2.696948938,27.13714506,1.356857253,0.507966705,0.014135644,0.612105266,0.023897398,0.010174307,0.003506978,34.46896064,0.001814906,6.26E-05,3.446895968
Kerguelen,KER3,CAT2-S3-1C,89,1.2,23.5,24.7,24.1,103.5,104.7,104.1,103.5,104.7,104.1,104.1,0.6,2479.22,5181.63,3872.17,3914.27,1351.205,0.01096,0.003846559,88.39142153,4.419571077,11.60857847,1.160857847,0.126388301,0.01263883,1428.382094,36.74993546,1497.257302,269.5063144,10339.94536,1344.192897,788.19654,110.3475156,34.08187302,4.089824762,6526.147644,1174.706576,3.291192016,0.230383441,6.698435927,3.617155401,6.171535738,0.864015003,319.6209724,28.76588752,3.030830155,0.056792516,2.192335728,0.350773716,116.7067894,2.334135788,25.82706213,1.291353107,0.83714262,0.006474412,0.713380818,0.013195954,0.010961676,0.003846559,35.09097619,0.001385428,4.86E-05,3.509097591
Kerguelen,KER3,CAT2-S3-1C,91,1.1,26.1,27.2,26.7,106.1,107.2,106.7,106.1,107.2,106.7,106.7,0.55,2537.29,5372.6,4172.95,4151.46,1417.655,0.01231,0.004267115,85.36950841,4.268475421,14.63049159,1.463049159,0.203964459,0.020396446,1435.084336,23.97007509,1476.40484,265.7528712,9977.828112,1297.117655,1181.094722,165.3532611,43.07396664,5.168875997,2614.362638,470.5852748,1.312310319,0.091861722,6.116139247,3.302715193,5.342532785,0.74795459,10.57375526,0.951637973,2.284641319,0.031665207,3.100416737,0.496066678,116.4661719,2.329323438,29.63852974,1.481926487,0.533321837,0.014712023,0.755408926,0.027677202,0.012305398,0.004267115,34.67677652,0.002509864,8.70E-05,3.467677669
Kerguelen,KER3,CAT2-S3-1C,96,1.1,32.8,33.9,33.3,112.8,113.9,113.3,112.8,113.9,113.3,113.3,0.55,3138.31,5759.97,4745.81,4687.81,1310.83,0.01402,0.003988404,83.50848526,4.175424263,16.49151474,1.649151474,0.19596796,0.019596796,1424.548108,45.07358153,1832.481065,329.8465917,10347.70994,1345.202292,1033.481684,144.6874358,44.78488634,5.374186361,1688.980811,304.016546,0.758966661,0.053127666,3.994200434,2.156868234,4.933715765,0.690720207,12.60844943,1.134760449,1.836418496,0.030217989,3.23903741,0.518245986,111.5989159,2.231978318,39.55317102,1.977658551,0.513127812,0.004819456,0.930227601,0.014390921,0.014024601,0.003988404,28.43862911,0.002748372,7.82E-05,2.843862911
Kerguelen,KER3,CAT2-S3-1C,101,1,38.9,39.9,39.4,118.9,119.9,119.4,118.9,119.9,119.4,119.4,0.5,3833.82,5972.41,5206.36,5122.76,1069.295,0.01207,0.002569966,83.23687513,4.161843756,16.76312487,1.676312487,0.231092554,0.023109255,1287.837858,25.6976512,1088.069624,195.8525323,9801.974577,1274.256695,594.3690449,83.21166629,33.56124216,4.027349059,894.52222,161.0139996,0.504960312,0.035347222,5.249820697,2.834903176,3.65700923,0.511981292,7.807563922,0.702680753,1.902143589,0.012974229,1.576869911,0.252299186,113.2452164,2.264904328,28.80809979,1.44040499,0.390027202,0.003452563,0.673961361,0.020205782,0.012072839,0.002569966,21.28716856,0.002789943,5.94E-05,2.128716819
Kerguelen,KER3,CAT2-S3-1D,110,1.1,2.4,3.5,2.95,122.4,123.5,123,122.4,123.5,123,123,0.55,4522.1,6038.46,5489.71,5420.95,758.18,0.01175,0.001695909,85.28958139,4.264479069,14.71041861,1.471041861,0.148442263,0.014844226,1316.465646,20.65789303,1139.245415,205.0641747,8923.834015,1160.098422,701.3821602,98.19350243,32.52542874,3.903051449,982.6222745,176.8720094,0.554631219,0.038824185,5.484723099,2.961750473,3.437053635,0.481187509,7.549441951,0.679449776,1.722667287,0.001760402,1.773412408,0.283745985,94.94394762,1.898878952,36.29405638,1.814702819,0.427069152,0.012176258,0.883024862,0.023572932,0.011745997,0.001695909,14.43818233,0.001743602,2.52E-05,1.443818204
Kerguelen,KER3,CAT2-S3-1D,115,1.1,8.9,10,9.5,128.9,130,129.5,128.9,130,129.5,129.5,0.55,5778.19,6144.63,5976.39,5974.33,183.22,0.01508,0.000526518,85.76975993,4.288487996,14.23024007,1.423024007,0.164752444,0.016475244,1197.90472,16.45438711,1052.078106,189.3740591,11078.42102,1440.194733,551.7054476,77.23876266,33.53908928,4.024690714,1026.542813,184.7777063,0.666713024,0.046669912,5.862772125,3.165896948,3.952744681,0.553384255,16.14366288,1.452929659,2.211279389,0.012283287,1.262753928,0.202040628,153.9080871,3.078161742,22.10224896,1.105112448,0.404893378,0.010514246,0.500827215,0.019419502,0.015083904,0.000526518,3.490594114,0.00248511,8.67E-06,0.349059403
Kerguelen,KER3,CAT2-S3-1D,117,1,11.4,12.4,11.9,131.4,132.4,131.9,131.4,132.4,131.9,131.9,0.5,5973.64,6294.53,6133.14,6133.44,160.445,0.0163,0.000488182,87.13727108,4.356863554,12.86272892,1.286272892,0.145446381,0.014544638,1810.251522,27.41151606,1369.881307,246.5786353,13215.71252,1718.042628,666.0439538,93.24615353,45.7392364,5.488708368,940.0408553,169.207354,0.937152005,0.06560064,8.142351223,4.39686966,7.175522048,1.004573087,10.41672528,0.937505275,2.863415222,0.034732688,1.508044061,0.24128705,203.7536927,4.075073854,26.33105145,1.316552573,0.505665148,0.012760259,0.590654541,0.013513193,0.016301963,0.000488182,2.9946201,0.002371061,7.10E-06,0.299462008
Kerguelen,KER3,CAT2-S3-1D,121,1.1,16.5,17.6,17.1,136.5,137.6,137.1,136.5,137.6,137.1,137.1,0.55,6057.82,7073.14,6412.54,6452.42,507.66,0.01542,0.001275066,86.65015015,4.332507508,13.34984985,1.334984985,0.151167996,0.0151168,1219.233792,0.567183649,1905.039024,342.9070243,10983.42711,1427.845524,1277.650304,178.8710426,48.95495609,5.874594731,1412.625853,254.2726535,0.742090782,0.051946355,5.483297024,2.960980393,3.491107712,0.48875508,9.172328677,0.825509581,1.904383881,0.008374726,3.948114024,0.631698244,143.0455433,2.860910866,31.70817962,1.585408981,0.701803176,0.01503254,0.727741038,0.024195729,0.015423555,0.001275066,8.26700711,0.002331548,1.93E-05,0.826700733
Kerguelen,KER3,CAT2-S3-1D,124,1.1,20.5,21.6,21,140.5,141.6,141,140.5,141.6,141,141,0.55,6140.39,7583.33,6645.71,6705.28,721.47,0.01334,0.001487383,87.12309456,4.356154728,12.87690544,1.287690544,0.143280482,0.014328048,866.5763325,23.6166159,1172.723456,211.0902221,10474.5502,1361.691526,551.7275601,77.24185841,34.43938134,4.132725761,1493.608743,268.8495737,0.586260213,0.041038215,5.475324783,2.956675383,2.881552952,0.403417413,8.062815032,0.725653353,1.925793289,0.031825084,1.526329795,0.244212767,123.0309909,2.460619818,21.99268344,1.099634172,0.433184163,0.009594177,0.545386709,0.016009576,0.013337836,0.001487383,11.15160994,0.001911052,2.13E-05,1.115160978
Kerguelen,KER3,CAT2-S3-1D,130,1.1,28.3,29.4,28.9,148.3,149.4,148.9,148.3,149.4,148.9,148.9,0.55,6311.24,7882.19,7352.73,7297.58,785.475,0.0138,0.001536337,83.4661603,4.173308015,16.5338397,1.65338397,0.204227317,0.020422732,1222.908775,19.94135392,1668.833707,300.3900673,10175.81245,1322.855619,1250.404357,175.05661,58.05521047,6.966625256,1219.508653,219.5115575,0.698079854,0.04886559,6.019128737,3.250329518,4.230290494,0.592240669,9.555585218,0.86000267,2.41632612,0.015705592,4.097635166,0.655621627,124.2977188,2.485954376,62.50131563,3.125065782,1.15354469,0.027824257,1.832005149,0.060620882,0.013804332,0.001536337,11.12938109,0.002819222,3.14E-05,1.112938125
Kerguelen,KER3,CAT2-S3-1D,133,1.1,32.3,33.4,32.8,152.3,153.4,152.8,152.3,153.4,152.8,152.8,0.55,6834.6,8031.45,7618.85,7580.1,598.425,0.014,0.001155649,79.14295014,3.957147507,20.85704986,2.085704986,0.259005189,0.025900519,1280.920557,17.13674656,2102.277758,378.4099964,10563.03941,1373.195123,1550.668939,217.0936515,68.57980204,8.229576245,1754.957543,315.8923577,0.730675186,0.051147263,7.25278997,3.916506584,5.949248492,0.832894789,12.17608051,1.095847246,2.480050488,0.013278382,5.543690999,0.88699056,132.9506239,2.659012478,86.08478295,4.304239148,1.636861203,0.019801071,2.706906863,0.066522486,0.013995801,0.001155649,8.2571088,0.003624985,2.99E-05,0.825710883
Kerguelen,KER3,CAT2-S3-1D,134,1.2,33.6,34.8,34.2,153.6,154.8,154.2,153.6,154.8,154.2,154.2,0.6,7080.12,8050.67,7705.43,7680.13,485.275,0.014,0.000939076,78.72523643,3.936261822,21.27476357,2.127476357,0.213264326,0.021326433,2072.082392,16.90890785,3216.421278,578.95583,14186.97308,1844.3065,2482.480732,347.5473025,99.68880033,11.96265604,2776.371193,499.7468147,1.156587985,0.080961159,12.74073522,6.879997019,10.45175639,1.463245895,20.20440283,1.818396255,4.08125205,0.030846893,9.271372537,1.483419606,206.9438485,4.13887697,142.986496,7.1493248,2.544187882,0.056814887,4.259263486,0.162287113,0.013997201,0.000939076,6.709024536,0.002985104,2.00E-05,0.670902466
Kerguelen,KER3,CAT2-S3-1D,136,1.2,36.4,37.6,37,156.4,157.6,157,156.4,157.6,157,157,0.6,7586.51,8099.01,7889.56,7880.17,256.25,0.01101,0.000400103,79.1153204,3.95576602,20.8846796,2.08846796,0.271911683,0.027191168,1857.566878,16.7042122,2409.761443,433.7570597,12437.46462,1616.870401,2058.571835,288.2000569,78.14911625,9.37789395,2063.954537,371.5118167,1.014040906,0.070982863,11.91900007,6.436260038,10.26088375,1.436523725,15.78135257,1.420321731,3.558893908,0.008369033,6.530373442,1.044859751,171.8039896,3.436079792,108.6647317,5.433236585,2.021403149,0.05342299,3.214978196,0.077694123,0.011014771,0.000400103,3.632424924,0.002995045,1.09E-05,0.363242488
Kerguelen,KER3,CAT2-S3-1D,139,1.1,40.4,41.5,40.9,160.4,161.5,160.9,160.4,161.5,160.9,160.9,0.55,8053.52,8369.1,8240.11,8234.24,157.79,0.00644,0.000145421,82.8074406,4.14037203,17.1925594,1.71925594,0.19269917,0.019269917,899.7562889,15.79376191,1087.584239,195.765163,10755.33611,1398.193694,823.5410759,115.2957506,40.47458511,4.856950213,922.1577841,165.9884011,0.762922668,0.053404587,11.06659272,5.975960069,7.674057487,1.074368048,7.801664241,0.702149782,3.06917887,0.034508892,1.196850042,0.191496007,133.8686841,2.677373682,51.6087618,2.58043809,0.811815763,0.015647129,1.482233279,0.036660823,0.006440905,0.000145421,2.257776757,0.001241157,2.80E-06,0.225777676
Kerguelen,KER3,CAT2-S3-1D,141,1.1,43,44.1,43.5,163,164.1,163.5,163,164.1,163.5,163.5,0.55,8105.97,8964.2,8682.75,8637.91,429.115,0.00644,0.000341591,85.08016412,4.254008206,14.91983588,1.491983588,0.160255689,0.016025569,759.0109447,12.82440637,962.7736169,173.299251,10528.61814,1368.720358,464.8436599,65.07811239,35.49509925,4.25941191,892.1897853,160.5941614,0.735314311,0.051472002,10.95410735,5.915217969,7.281443283,1.01940206,7.362706322,0.662643569,2.801323288,0.009841581,0.766206838,0.122593094,132.8334633,2.656669266,32.68616841,1.634308421,0.506222049,0.008301907,0.804243801,0.01318131,0.006440631,0.000341591,5.303682126,0.001032148,5.47E-06,0.530368216
Kerguelen,KER3,CAT2-S3-1D,142,1.2,44.3,45.5,44.9,164.3,165.5,164.9,164.3,165.5,164.9,164.9,0.6,8132.45,9301.92,8921.78,8855.28,584.735,0.00644,0.000448681,85.40185947,4.270092973,14.59814053,1.459814053,0.142723604,0.01427236,869.8816217,7.796006076,1130.73032,203.5314576,11573.18648,1504.514242,465.2383663,65.13337128,39.76382213,4.771658656,1079.067648,194.2321766,0.851045118,0.059573158,12.37150296,6.680611598,7.973932809,1.116350593,8.349818929,0.751483704,3.268484233,0.009807805,1.004100827,0.160656132,158.8010154,3.176020308,35.9483757,1.797418785,0.569226288,0.014235084,0.8157504,0.031803637,0.006440927,0.000448681,6.966089205,0.000919272,6.40E-06,0.696608901
Kerguelen,KER3,CAT2-S3-1E,150,1,6.5,7.5,7,166.5,167.5,167,166.5,167.5,167,167,0.5,8161.96,9811.23,9278.03,9181.32,824.635,0.00644,0.0005977,83.09062281,4.154531141,16.90937719,1.690937719,0.223544964,0.022354496,1134.926545,14.93946308,1320.408365,237.6735057,12213.0194,1587.692522,824.966145,115.4952603,49.16188154,5.899425785,962.6720227,173.2809641,0.779826419,0.054587849,13.51243096,7.296712718,9.490423637,1.328659309,8.318544287,0.748668986,3.601412105,0.017615573,1.1035724,0.176571584,162.2061418,3.244122836,52.72711269,2.636355635,0.658373453,0.010693771,1.34661725,0.035306393,0.006440905,0.0005977,9.279758154,0.001439832,1.34E-05,0.927975799
Kerguelen,KER3,CAT2-S3-1E,152,1.1,9.1,10.2,9.6,169.1,170.2,169.6,169.1,170.2,169.6,169.6,0.55,8198.6,10450.82,9719.49,9584.99,1126.11,0.0088,0.001062422,83.71946693,4.185973346,16.28053307,1.628053307,0.164945758,0.016494576,1627.756741,46.45102256,1998.212264,359.6782075,16966.12573,2205.596345,1131.044645,158.3462503,76.21539977,9.145847972,2348.961834,422.8131301,1.362159166,0.095351142,20.45200621,11.04408335,13.75191128,1.925267579,14.86451,1.3378059,4.496497572,0.085680679,2.065153229,0.330424517,252.3308725,5.04661745,73.90718256,3.695359128,1.016888381,0.017053924,1.798011448,0.025656192,0.008800422,0.001062422,12.072395,0.001451592,1.75E-05,1.207239515
Kerguelen,KER3,CAT2-S3-1E,156,1.1,14.6,15.7,15.1,174.6,175.7,175.1,174.6,175.7,175.1,175.1,0.55,9571.4,10649.92,10263.49,10209.96,539.26,0.00906,0.000506981,84.93638482,4.246819241,15.06361518,1.506361518,0.16626258,0.016626258,978.4730299,22.82359474,1283.586316,231.0455369,11679.15184,1518.289739,493.835685,69.1369959,42.00968918,5.041162702,1655.247904,297.9446227,0.727182174,0.050902752,10.59774057,5.722779908,5.900840785,0.82611771,7.409196191,0.666827657,2.59338275,0.003616691,1.239803204,0.198368513,146.3233767,2.926467534,37.80938757,1.890469379,0.311914245,0.00407492,0.838262554,0.031831583,0.009060707,0.000506981,5.595375067,0.001506456,8.43E-06,0.559537507
Kerguelen,KER3,CAT2-S3-1E,158,1.1,17.2,18.3,17.8,177.2,178.3,177.8,177.2,178.3,177.8,177.8,0.55,10231.17,10714.77,10520.45,10507.95,241.8,0.00906,0.000236507,81.19700028,4.059850014,18.80299972,1.880299972,0.204684829,0.020468483,955.2522967,23.90938159,1186.056597,213.4901875,10593.10427,1377.103555,541.1782668,75.76495735,45.03243353,5.403892024,4196.122168,755.3019902,1.156498194,0.080954874,11.29587326,6.09977156,8.749783869,1.224969742,13.53520131,1.218168118,2.32261959,0.033619508,1.357751212,0.217240194,125.1519053,2.503038106,49.06428939,2.45321447,0.569903606,0.014541604,1.437430765,0.033877526,0.009061128,0.000236507,2.610126302,0.001854675,4.84E-06,0.261012632
Kerguelen,KER3,CAT2-S3-1E,159,1,18.6,19.6,19.1,178.6,179.6,179.1,178.6,179.6,179.1,179.1,0.5,10413.47,10785.08,10659.08,10651.42,185.805,0.03581,0.000724647,82.88620776,4.144310388,17.11379224,1.711379224,0.124613079,0.012461308,1353.816198,20.86823734,956.4968488,172.1694328,9607.16883,1248.931948,363.0065924,50.82092294,32.82676736,3.939212083,2097.411436,377.5340585,0.853831839,0.059768229,7.457837511,4.027232256,4.407188324,0.617006365,9.220712284,0.829864106,2.059777014,0.003946069,0.717833958,0.114853433,109.4298921,2.188597842,40.56232656,2.028116328,0.376849951,0.009565165,1.101122384,0.028016613,0.03580774,0.000724647,2.023716664,0.004462113,9.03E-06,0.202371668
Kerguelen,KER3,CAT2-S3-1E,163,1.1,23.8,24.9,24.3,183.8,184.9,184.3,183.8,184.9,184.3,184.3,0.55,10573.88,10999.42,10799.15,10796.64,212.77,0.09372,0.002126631,70.79523684,3.539761842,29.20476316,2.920476316,0.365683349,0.036568335,1095.369349,5.975903067,28404.1912,5112.754416,9637.612103,1252.889573,2640.113003,369.6158204,390.1614629,46.81937555,11542.31551,2077.616792,0.442215771,0.030955104,2.341268423,1.264284948,4.336218703,0.607070618,118.9866526,10.70879873,1.708629311,0.018194985,75.21650139,12.03464022,43.73690339,0.874738068,375.2701178,18.76350589,10.0745645,0.151729759,8.289948824,0.236261752,0.093717459,0.002126631,2.269193698,0.034270914,7.78E-05,0.22691937
Kerguelen,KER3,CAT2-S3-1E,165,1.1,26.4,27.5,27,186.4,187.5,187,186.4,187.5,187,187,0.55,10596.23,11022.96,10829.7,10825.45,213.365,0.0899,0.002036302,87.00061516,4.350030758,12.99938484,1.299938484,0.167867016,0.016786702,2211.185287,111.0532291,997.6136229,179.5704521,9116.045845,1185.08596,867.4628485,121.4447988,24.26747918,2.912097502,2793.517809,502.8332056,1.391187562,0.097383129,7.95662022,4.296574919,5.898747032,0.825824584,20.40517355,1.83646562,3.461169831,0.125815508,0.590156647,0.094425064,91.72627388,1.834525478,149.0322419,7.451612095,2.815757104,0.047755871,4.218168915,0.070219455,0.089903181,0.002036302,2.264994826,0.015091779,3.42E-05,0.226499488
Kerguelen,KER3,CAT2-S3-1E,168,1.1,30.4,31.5,30.9,190.4,191.5,190.9,190.4,191.5,190.9,190.9,0.55,10638.76,11066.99,10871.47,10868.83,214.115,0.07917,0.001787738,72.78403766,3.639201883,27.21596234,2.721596234,0.359404485,0.035940448,4466.088948,23.11352038,18363.9166,3305.504988,11081.24965,1440.562455,2657.03495,371.984893,156.345027,18.76140324,4685.263824,843.3474883,0.770566552,0.053939659,4.147415448,2.239604342,3.077501979,0.430850277,27.9689,2.517201,1.136569079,0.009248271,35.06414579,5.610263326,94.3121603,1.886243206,181.1907224,9.05953612,4.840212489,0.054031257,4.329985578,0.072571371,0.079173081,0.001787738,2.25801233,0.02845516,6.43E-05,0.22580123
Kerguelen,KER3,CAT2-S3-1E,171,1,34,35,34.5,194,195,194.5,194,195,194.5,194.5,0.5,10699.64,11087.37,10921.91,10914.3,193.865,0.07916,0.001609574,80.31948753,4.015974377,19.68051247,1.968051247,0.196567954,0.019656795,6639.567284,88.90175615,2582.837915,464.9108247,15402.38837,2002.310488,2445.179433,342.3251206,80.49366959,9.659240351,3019.351972,543.483355,2.495460469,0.174682233,14.78209106,7.982329172,6.647074218,0.930590391,42.63542732,3.837188459,4.410212004,0.044240702,5.22738231,0.83638117,208.7810778,4.175621556,308.4077906,15.42038953,2.405893941,0.030753315,8.301760139,0.129229767,0.079155673,0.001609574,2.033428238,0.015559469,3.16E-05,0.20334282
Kerguelen,KER3,CAT2-S3-1E,174,0.9,37.7,38.6,38.1,197.7,198.6,198.1,197.7,198.6,198.1,198.1,0.45,10734.4,11118.43,10973.47,10959.78,192.015,0.0733,0.001450721,38.99424429,1.949712215,61.00575571,6.100575571,1.083642836,0.108364284,1521.028847,12.82669364,38386.72772,6909.61099,11835.48443,1538.612976,2701.145029,378.1603041,296.0413566,35.52496279,10949.68509,1970.943316,2.559258484,0.179148094,4.315492745,2.330366082,6.066381953,0.849293473,54.94178027,4.944760224,1.495458498,0.010342179,56.48226198,9.037161917,50.30182718,1.006036544,236.657087,11.83285435,7.667972698,0.205352673,4.509461909,0.164132689,0.073300348,0.001450721,1.979145447,0.079431397,0.000157206,0.197914545
Kerguelen,KER3,CAT2-S3-1E,177,1.1,41.6,42.7,42.1,201.6,202.7,202.1,201.6,202.7,202.1,202.1,0.55,10808.21,11154.19,11028.51,11014.35,172.99,0.06868,0.001265587,74.72257607,3.736128804,25.27742393,2.527742393,0.348504425,0.034850443,5811.468602,97.38047203,5185.884967,933.4592941,8912.586825,1158.636287,2013.3191,281.864674,126.2715705,15.15258846,5241.125535,943.4025963,1.716659161,0.120166141,10.9175411,5.895472194,13.11197215,1.835676101,76.3419094,6.870771846,3.142736893,0.046023733,15.78377328,2.525403725,81.49647786,1.629929557,605.8587744,30.29293872,6.508348334,0.187069301,13.5573061,0.425656905,0.068676078,0.001265587,1.842835205,0.023933917,4.41E-05,0.184283523
Kerguelen,KER3,CAT2-S3-1E,181,1.1,47,48.1,47.5,207,208.1,207.5,207,208.1,207.5,207.5,0.55,10887.04,11188.22,11110.68,11092.98,150.59,0.01844,0.000299205,83.44270809,4.172135405,16.55729191,1.655729191,0.205460125,0.020546013,1863.008259,3.652083975,2111.546111,380.0783,9632.985674,1252.288138,925.9678774,129.6355028,54.61148695,6.553378434,9051.448288,1629.260692,10.43196843,0.73023779,27.65214913,14.93216053,5.623204587,0.787248642,89.9339509,8.094055581,3.499726485,0.025692812,2.277013402,0.364322144,91.41696835,1.828339367,195.2366924,9.76183462,0.907326798,0.020335169,4.462238924,0.078849116,0.018437407,0.000299205,1.622813655,0.003788152,6.15E-06,0.162281369
Marion Island,PB1,PB1_1A,4,1.3,5,6.3,5.65,5,6.3,5.7,5,6.3,5.7,5.7,0.65,-35.01,534.97,111.11,147.84,284.99,0.02554,0.052145712,71.58035749,3.579017875,28.41964251,2.841964251,0.360788755,0.036078875,1771.848926,14.3519763,2134.314662,384.1766392,3780.755735,491.4982456,483.9049853,67.74669794,90.58997647,10.87079718,3050.532794,549.0959029,1.690889426,0.11836226,3.447393088,1.861592268,9.794512059,1.371231688,32.22505588,2.900255029,0.439985779,0.031282989,0.868594897,0.138975184,81.06532941,1.621306588,6.897431912,0.344871596,0.673868779,0.02762862,0.096780997,0.006223018,0.025535152,0.052145712,204.2114855,0.009212796,0.001881359,20.42114827
Marion Island,PB1,PB1_1A,7,1.3,9.8,11.1,10.4,9.8,11.1,10.4,9.8,11.1,10.4,10.4,0.65,28.2,833.66,299.48,331.9,402.73,0.02777,0.035431956,29.61002281,1.480501141,70.38997719,7.038997719,1.012276019,0.101227602,2015.155225,11.48638479,2089.942677,376.1896819,6525.57179,848.3243327,1408.35037,197.1690518,86.46016016,10.37521922,7851.216036,1413.218886,2.851308267,0.199591579,5.334838241,2.88081265,13.40015169,1.876021237,31.8213276,2.863919484,0.827647802,0.02805726,1.338842032,0.214214725,104.8784032,2.097568064,17.18644975,0.859322488,1.466127343,0.066708794,0.209170238,0.002593711,0.027772267,0.035431956,127.5803484,0.0281132,0.003586692,12.75803485
Marion Island,PB1,PB1_1A,9,1.2,12.6,13.8,13.2,12.6,13.8,13.2,12.6,13.8,13.2,13.2,0.6,80.23,959.32,402.66,432.72,439.545,0.02685,0.028493941,75.74731616,3.787365808,24.25268384,2.425268384,0.292144605,0.02921446,2317.433526,9.73322081,1779.04261,320.2276698,4940.432966,642.2562856,1241.462931,173.8048103,55.81310149,6.697572179,8344.923993,1502.086319,2.134905215,0.149443365,5.589422519,3.01828816,11.97926549,1.677097169,24.29654636,2.186689172,0.948065571,0.028821193,1.014046175,0.162247388,94.53614478,1.890722896,15.76503787,0.788251894,1.791481576,0.048370003,0.201727586,0.005971137,0.026849294,0.028493941,106.1254784,0.007843876,0.000832435,10.61254766
Marion Island,PB1,PB1_1A,14,1.3,19.4,20.7,20.1,19.4,20.7,20.1,19.4,20.7,20.1,20.1,0.65,228.56,1313.17,661.77,689.71,542.305,0.02647,0.02166882,71.91050025,3.595525013,28.08949975,2.808949975,0.345137645,0.034513765,2802.907849,40.92245459,1462.794157,263.3029483,6131.18343,797.0538459,2277.256134,318.8158588,62.90213663,7.548256396,10691.94331,1924.549796,2.998855814,0.209919907,8.261052616,4.460968413,11.24002965,1.573604151,21.32425029,1.919182526,1.08566532,0.017044946,1.446039186,0.23136627,92.32272965,1.846454593,27.06353779,1.35317689,1.296380378,0.039021049,0.380536628,0.006811606,0.026472535,0.02166882,81.85396665,0.009136668,0.000747873,8.185396784
Marion Island,PB1,PB1_1A,16,1.2,22.3,23.5,22.9,22.3,23.5,22.9,22.3,23.5,22.9,22.9,0.6,314.15,1415.92,774.81,795.48,550.885,0.02647,0.019024515,67.13543578,3.356771789,32.86456422,3.286456422,0.603070633,0.060307063,2178.116521,16.33587391,1354.604703,243.8288465,6943.504909,902.6556382,2862.642661,400.7699725,71.5155,8.58186,7986.619879,1437.591578,3.571440727,0.250000851,7.700557879,4.158301255,11.60429285,1.624600999,22.50065448,2.025058903,0.920888479,0.033336163,1.729952721,0.276792435,111.3330188,2.226660376,33.63395636,1.681697818,1.292769079,0.059984485,0.46145557,0.006183505,0.026470032,0.019024515,71.87189829,0.015963299,0.001147313,7.187189793
Marion Island,PB1,PB1_1A,17,1.2,23.7,24.9,24.3,23.7,24.9,24.3,23.7,24.9,24.3,24.3,0.6,337.82,1490.56,829.78,848.37,576.37,0.02684,0.018897414,68.52043629,3.426021815,31.47956371,3.147956371,0.434378762,0.043437876,1821.540325,33.33418795,1102.266789,198.408022,6534.507184,849.4859339,2202.675675,308.3745945,65.84935956,7.901923147,8570.237082,1542.642675,3.434464783,0.240412535,8.044716196,4.344146746,11.43140635,1.600396889,21.58351439,1.942516295,0.926562331,0.042529211,1.406166493,0.224986639,101.3618316,2.027236632,27.17845392,1.358922696,1.162250486,0.027661562,0.366802962,0.020394245,0.026839723,0.018897414,70.40838039,0.011658606,0.000820864,7.040838007
Marion Island,PB1,PB1_1A,22,1.2,30.4,31.6,31,30.4,31.6,31,30.4,31.6,31,31,0.6,513.78,1760.4,1080.71,1098,623.31,0.0265,0.01555636,59.52633489,2.976316744,40.47366511,4.047366511,0.771593844,0.077159384,2089.857912,48.06673198,1144.77978,206.0603604,8345.148352,1084.869286,2912.205495,407.7087693,83.23987912,9.988785494,8371.598901,1506.887802,4.068094505,0.284766615,8.92706044,4.820612638,13.55326154,1.897456616,18.08953077,1.628057769,1.093994725,0.050651956,1.945437912,0.311270066,129.978,2.59956,34.46506593,1.723253297,1.114361648,0.037331115,0.51366967,0.021368658,0.026496914,0.01555636,58.71008021,0.020444856,0.001200319,5.871007991
Marion Island,PB1,PB1_1A,28,1.3,38.5,39.8,39.2,38.5,39.8,39.2,38.5,39.8,39.2,39.2,0.65,767.05,2122.31,1394.57,1407.47,677.63,0.02709,0.013491746,63.18099355,3.159049677,36.81900645,3.681900645,0.587799686,0.058779969,2797.116997,28.81030507,3227.770248,580.9986446,23434.69076,3046.509799,10129.00989,1418.061385,323.9125641,38.86950769,26108.88564,4699.599415,12.9706968,0.907948776,23.03441319,12.43858312,33.18613386,4.64605874,52.60385462,4.734346916,1.368892536,0.05311303,6.18584993,0.989735989,270.9112707,5.418225414,116.7050439,5.835252195,1.629214904,0.079179844,1.383938431,0.01979032,0.027086924,0.013491746,49.80907176,0.015921686,0.000793044,4.98090721
Marion Island,PB1,PB1_1A,32,1.3,44,45.3,44.7,44,45.3,44.7,44,45.3,44.7,44.7,0.65,923.43,2350.22,1597.9,1610.52,713.395,0.0262,0.011986521,58.6261659,2.931308295,41.3738341,4.13738341,0.743284189,0.074328419,3466.27432,21.49090078,4573.268115,823.1882607,37810.7568,4915.398384,15989.14162,2238.479827,523.7464391,62.84957269,41892.79642,7540.703356,18.97802487,1.328461741,31.2414405,16.87037787,45.7672747,6.407418458,87.38332267,7.86449904,1.831382859,0.049081061,8.593039332,1.374886293,385.7181504,7.714363008,197.5983924,9.87991962,2.513567785,0.084455878,2.310849547,0.021721986,0.026198884,0.011986521,45.75202974,0.019473216,0.000890939,4.57520298
Marion Island,PB1,PB1_1B,39,1.2,6.4,7.6,7,46.4,47.6,47,46.4,47.6,47,47,0.6,1017.37,2449.54,1686.77,1698.31,716.085,0.02604,0.011312078,72.32539759,3.61626988,27.67460241,2.767460241,0.506365094,0.050636509,3335.001167,42.35451482,4438.860201,798.9948362,35780.25835,4651.433586,14153.99091,1981.558727,517.3790221,62.08548265,41782.67485,7520.881473,22.23236511,1.556265558,41.34347364,22.32547577,44.24220161,6.193908225,77.76789376,6.999110438,1.848744282,0.079680879,8.614199678,1.378271948,341.4057384,6.828114768,176.5003252,8.82501626,2.112265006,0.046047377,2.09557536,0.047779118,0.026039328,0.011312078,43.44227982,0.013185407,0.000572804,4.344227948
Marion Island,PB1,PB1_1B,41,1.2,9.3,10.5,9.9,49.3,50.5,49.9,49.3,50.5,49.9,49.9,0.6,1108.64,2580.81,1802.32,1809.68,736.085,0.02674,0.011197983,73.26248768,3.663124384,26.73751232,2.673751232,0.377380815,0.037738081,2971.379152,50.8105835,8579.334172,1544.280151,60397.75166,7851.707716,19379.59354,2713.143096,1055.296149,126.6355379,74332.03609,13379.7665,35.14007772,2.45980544,47.34327699,25.56536957,50.31560728,7.044185019,103.8651099,9.347859891,1.56653696,0.01864179,16.4500648,2.632010368,511.7163841,10.23432768,243.6359699,12.1817985,2.406874182,0.036584488,2.656549927,0.046489624,0.026737968,0.011197983,41.88045818,0.010090396,0.00042259,4.188045762
Marion Island,PB1,PB1_1B,42,1.2,10.6,11.8,11.2,50.6,51.8,51.2,50.6,51.8,51.2,51.2,0.6,1169.61,2618.79,1851.36,1858.3,724.59,0.0268,0.010763942,75.70263466,3.785131733,24.29736534,2.429736534,0.371069084,0.037106908,3346.770986,19.74594882,6114.128317,1100.543097,51827.23723,6737.54084,18233.81632,2552.734285,880.5487604,105.6658512,65826.87683,11848.83783,32.34773869,2.264341708,72.51241901,39.15670627,51.72438273,7.241413582,95.36897347,8.583207612,1.670242717,0.153328281,11.75398313,1.880637301,440.388663,8.80777326,228.9655343,11.44827672,2.377081663,0.044926843,2.600504483,0.037707315,0.026801668,0.010763942,40.16146545,0.00994527,0.000399417,4.016146502
Marion Island,PB1,PB1_1B,44,1.2,13.3,14.5,13.9,53.3,54.5,53.9,53.3,54.5,53.9,53.9,0.6,1266.41,2707.09,1950.3,1959.04,720.34,0.02689,0.010186799,68.98881969,3.449440984,31.01118031,3.101118031,0.530621874,0.053062187,3365.840353,31.63889932,6085.950991,1095.471178,50668.12079,6586.855703,17231.49344,2412.409082,807.1621441,96.85945729,61529.99604,11075.39929,44.30881777,3.101617244,85.66749658,46.26044815,55.39246919,7.754945687,97.01418486,8.731276637,2.570540656,0.168370413,12.38336299,1.981338078,437.9821679,8.759643358,218.5784771,10.92892386,2.327618375,0.025603802,2.462231359,0.018959181,0.026892842,0.010186799,37.87921921,0.01426993,0.000540534,3.787921893
Marion Island,PB1,PB1_1B,45,1.1,14.7,15.8,15.2,54.7,55.8,55.2,54.7,55.8,55.2,55.2,0.55,1306.48,2761.21,2000.83,2007.38,727.365,0.02743,0.010212442,80.10647259,4.005323629,19.89352741,1.989352741,0.315063631,0.031506363,3437.240636,69.08853679,5971.77161,1074.91889,52137.26958,6777.845045,17539.18581,2455.486013,795.0788946,95.40946735,62090.22227,11176.24001,46.36802899,3.245762029,110.4083356,59.62050122,54.30724473,7.603014262,99.41379483,8.947241535,2.449467948,0.026209307,11.91461022,1.906337635,460.3240616,9.206481232,220.0644131,11.00322066,2.579087797,0.093878796,2.439052068,0.07683014,0.027425437,0.010212442,37.23711564,0.008640758,0.000321757,3.723711552
Marion Island,PB1,PB1_1B,46,1.7,16,17.7,16.8,56,57.7,56.8,56,57.7,56.8,56.8,0.85,1366.64,2815.74,2061.65,2065.72,724.55,0.02714,0.009925482,72.9454191,3.647270955,27.0545809,2.70545809,0.402178631,0.040217863,3104.202715,50.90892453,7275.637169,1309.61469,59688.22795,7759.469634,18368.00203,2571.520284,966.1091978,115.9331037,69022.61633,12424.07094,36.58043093,2.560630165,62.43668675,33.71581085,62.48854446,8.748396224,98.6333706,8.877003354,1.797388341,0.015817017,14.90909256,2.38545481,498.3007666,9.966015332,235.4340181,11.77170091,2.613110171,0.120203068,2.550362338,0.042591051,0.027144772,0.009925482,36.56498708,0.010917047,0.000399182,3.656498699
Marion Island,PB1,PB1_1B,52,1.1,24.3,25.4,24.9,64.3,65.4,64.9,64.3,65.4,64.9,64.9,0.55,1628.46,3102.28,2361.38,2364.12,736.91,0.02588,0.008286269,56.09126618,2.804563309,43.90873382,4.390873382,0.795053383,0.079505338,3520.208785,32.03389995,5582.114343,1004.780582,53503.31048,6955.430362,19759.52586,2766.33362,675.5517271,81.06620725,55145.10882,9926.119588,23.6322384,1.654256688,37.44748852,20.2216438,48.02260133,6.723164186,97.63871281,8.787484153,2.140132419,0.043444688,10.19846496,1.631754394,551.4510882,11.02902176,232.6041937,11.63020969,2.834516539,0.074264333,2.666956532,0.052805739,0.025880948,0.008286269,32.01686883,0.020576735,0.000658803,3.201686871
Marion Island,PB1,PB1_1B,54,1.2,26.9,28.1,27.5,66.9,68.1,67.5,66.9,68.1,67.5,67.5,0.6,1737.58,3192.04,2465.03,2464.58,727.23,0.02662,0.008091455,48.46093102,2.423046551,51.53906898,5.153906898,0.698967031,0.069896703,3656.8049,24.50059283,5139.243725,925.0638705,48214.4705,6267.881165,20035.274,2804.93836,622.734525,74.728143,49708.5435,8947.53783,21.47423775,1.503196643,44.00779775,23.76421079,44.9569015,6.29396621,85.7867325,7.720805925,2.013936925,0.023361668,10.06049975,1.60967996,496.7792725,9.93558545,260.6667525,13.03333763,2.8975219,0.073597056,3.177354425,0.068948591,0.026622978,0.008091455,30.39274804,0.018608584,0.000565566,3.0392748
Marion Island,PB1,PB1_1B,57,1.2,30.8,32,31.4,70.8,72,71.4,70.8,72,71.4,71.4,0.6,1886.66,3337.51,2608.11,2611.07,725.425,0.02775,0.007942885,77.24749825,3.862374912,22.75250175,2.275250175,0.269401567,0.026940157,3637.676025,29.1014082,5962.569172,1073.262451,47830.07389,6217.909606,21583.66777,3021.713488,706.3493503,84.76192204,57544.1121,10357.94018,22.93900739,1.605730517,31.66776459,17.10059288,44.4717921,6.226050894,102.3212025,9.208908225,2.101007694,0.072274665,10.71782217,1.714851547,524.5580637,10.49116127,268.1074548,13.40537274,3.108954803,0.133685057,3.076574675,0.030458089,0.027754314,0.007942885,28.6185586,0.007477056,0.000213983,2.861855891
Marion Island,PB1,PB1_1B,62,1.2,37.7,38.9,38.3,77.7,78.9,78.3,77.7,78.9,78.3,78.3,0.6,2143.04,3561.51,2867.52,2859.68,709.235,0.02743,0.007013161,70.96204823,3.548102411,29.03795177,2.903795177,0.390327941,0.039032794,4426.458219,30.09991589,5264.353752,947.5836754,38970.60587,5066.178763,20092.56561,2812.959185,575.5242044,69.06290453,52812.80934,9506.305681,24.17201658,1.692041161,37.3921461,20.19175889,39.51227571,5.531718599,94.45367825,8.500831043,2.185722438,0.099887515,9.441136029,1.510581765,465.9206978,9.318413956,253.3576038,12.66788019,2.96648873,0.032631376,2.997380838,0.091120377,0.027433448,0.007013161,25.56427113,0.010708041,0.000273743,2.556427106
Marion Island,PB1,PB1_1B,64,1.1,40.4,41.5,41,80.4,81.5,81,80.4,81.5,81,81,0.55,2240.43,3641.71,2965.83,2958.1,700.64,0.02761,0.006727035,76.82229633,3.841114817,23.17770367,2.317770367,0.224223708,0.022422371,5049.590412,19.69340261,3567.259715,642.1067487,32020.30072,4162.639094,17955.59469,2513.783257,456.6288204,54.79545845,43148.48701,7766.727662,17.92500594,1.254750416,31.24334654,16.87140713,43.98661868,6.158126615,83.81316773,7.543185096,2.185871885,0.034099601,6.637758174,1.062041308,386.5194115,7.73038823,239.2040042,11.96020021,2.949367019,0.045420252,2.908989873,0.021235626,0.027612574,0.006727035,24.36221461,0.006191394,0.000150836,2.436221483
Marion Island,PB1,PB1_1B,65,1.1,41.7,42.8,42.3,81.7,82.8,82.3,81.7,82.8,82.3,82.3,0.55,2287.27,3677.47,3013.23,3005.18,695.1,0.02761,0.006570724,63.82257046,3.191128523,36.17742954,3.617742954,0.599604911,0.059960491,4288.02736,95.19420738,4342.971443,781.7348597,36077.95721,4690.134437,18292.79638,2560.991493,514.981336,61.79776032,43519.29717,7833.473491,18.86015376,1.320210763,30.47007742,16.45384181,40.27640183,5.638696256,88.38830769,7.954947692,2.101611181,0.145221333,7.745921289,1.239347406,428.9221796,8.578443592,235.6026175,11.78013088,2.894717077,0.04921019,2.759745742,0.046363728,0.027612574,0.006570724,23.79613011,0.016556635,0.000393984,2.379613007
Marion Island,PB1,PB1_1B,66,1.1,43,44.1,43.6,83,84.1,83.6,83,84.1,83.6,83.6,0.55,2337.27,3724.11,3061.53,3052.26,693.42,0.02761,0.006454153,76.8334819,3.841674095,23.1665181,2.31665181,0.298078963,0.029807896,4253.96919,91.03494066,4009.199321,721.6558778,33623.07526,4370.999784,16696.80175,2337.552245,479.1042361,57.49250833,43807.25015,7885.305027,18.06270504,1.264389353,29.45980204,15.9082931,41.21203391,5.769684747,79.16775438,7.125097894,2.218773296,0.020856469,7.807503175,1.249200508,400.1003901,8.002007802,227.6687595,11.38343798,2.690829471,0.036057115,2.696839445,0.038025436,0.027606711,0.006454153,23.37892821,0.00822898,0.000192385,2.337892798
Marion Island,PB1,PB1_1B,67,1.1,44.3,45.4,44.9,84.3,85.4,84.9,84.3,85.4,84.9,84.9,0.55,2363.89,3786.04,3110.2,3099.35,711.075,0.02695,0.006357649,76.8334819,3.841674095,23.1665181,2.31665181,0.298078963,0.029807896,3314.053547,45.73393895,4866.164345,875.9095821,61232.19139,7960.184881,18645.98996,2610.438594,767.6621211,92.11945453,56835.40498,10230.3729,26.84557695,1.879190387,61.39360058,33.15254431,36.60114857,5.1241608,82.38325202,7.414492682,1.690277067,0.062878307,9.523142377,1.52370278,414.5633709,8.291267418,232.1064193,11.60532097,2.372715135,0.05647062,2.639363121,0.028505122,0.026954178,0.006357649,23.58687823,0.008034473,0.000189508,2.358687799
Marion Island,PB1,PB1_1B,68,1,45.6,46.6,46.1,85.6,86.6,86.1,85.6,86.6,86.1,86.1,0.5,2425.82,3811.17,3154.9,3143.87,692.675,0.02689,0.006080711,75.97706345,3.798853173,24.02293655,2.402293655,0.402971752,0.040297175,4692.676971,60.53553292,3482.606716,626.8692089,34472.38333,4481.409833,18764.10578,2626.974809,454.0828716,54.48994459,40065.30353,7211.754635,15.24613069,1.067229148,29.45950461,15.90813249,39.07498882,5.470498435,74.93381275,6.744043148,2.235753343,0.100385325,6.271993137,1.003518902,399.5212471,7.990424942,254.9353,12.746765,2.962455706,0.113758299,3.094497667,0.061271054,0.02689377,0.006080711,22.61010906,0.010837429,0.000245035,2.261010895
Marion Island,PB1,PB1_1C,77,1.1,9.2,10.3,9.75,89.2,90.3,89.7,89.2,90.3,89.7,89.7,0.55,2552.24,3927.35,3290.7,3277.73,687.555,0.02633,0.005684572,84.55037578,4.227518789,15.44962422,1.544962422,0.187676057,0.018767606,4898.459749,4.408613774,3031.680891,545.7025604,32998.88575,4289.855148,22143.81355,3100.133897,373.9562367,44.8747484,37869.32381,6816.478286,12.54971777,0.878480244,28.70889717,15.50280447,46.39592631,6.495429683,102.1457624,9.193118616,2.559315118,0.124638646,5.218707731,0.834993237,450.2820056,9.005640112,313.6428668,15.68214334,3.522727796,0.067284101,3.832300845,0.050586371,0.02632862,0.005684572,21.59084642,0.004941252,0.000106686,2.159084676
Marion Island,PB1,PB1_1C,79,1.1,11.8,12.9,12.5,91.8,92.9,92.4,91.8,92.9,92.4,92.4,0.55,2681.31,3991.98,3395.46,3380.28,655.335,0.0263,0.00525533,80.12840061,4.006420031,19.87159939,1.987159939,0.317513884,0.031751388,4473.398835,48.7600473,2909.478926,523.7062067,32868.11347,4272.854751,24511.61008,3431.625411,353.6966545,42.44359854,37601.26579,6768.227842,12.3637857,0.865464999,25.05151339,13.52781723,47.36751669,6.631452337,119.2586413,10.73327772,2.425965521,0.016496566,4.718754893,0.755000783,473.1352636,9.462705272,351.2970843,17.56485422,3.718134099,0.059861959,4.326425157,0.038937826,0.026297847,0.00525533,19.98387712,0.008349932,0.000166864,1.998387687
Marion Island,PB1,PB1_1C,81,1.1,14.5,15.6,15.2,94.5,95.6,95.1,94.5,95.6,95.1,95.1,0.55,2783.08,4090.26,3500.45,3482.95,653.59,0.02737,0.005294385,84.05430901,4.202715451,15.94569099,1.594569099,0.223349145,0.022334914,4018.357445,14.4660868,3170.339497,570.6611095,35958.92568,4674.660338,25718.47587,3600.586622,369.9655871,44.39587045,37546.25716,6758.326289,13.46452387,0.942516671,30.9684049,16.72293865,46.29202129,6.480882981,129.1482542,11.62334288,2.739845316,0.049865185,4.905904271,0.784944683,531.0457626,10.62091525,370.5832258,18.52916129,4.085062426,0.147470754,4.35126471,0.060047453,0.027372887,0.005294385,19.34171268,0.006113711,0.00011825,1.934171225
Marion Island,PB1,PB1_1C,84,1.1,18.5,19.6,19.2,98.5,99.6,99.1,98.5,99.6,99.1,99.1,0.55,2946.93,4192.13,3644.85,3629.08,622.6,0.02674,0.004735883,69.43733975,3.471866988,30.56266025,3.056266025,0.509389576,0.050938958,3804.558184,70.76478223,3088.798418,555.9837152,32164.29416,4181.358241,22742.68935,3183.976509,351.2738566,42.15286279,36608.93142,6589.607656,12.41035079,0.868724555,27.5785573,14.89242094,44.25396404,6.195554966,134.7501137,12.12751023,3.030434494,0.095155643,4.98017436,0.796827898,493.0148139,9.860296278,379.5579119,18.9778956,3.475539582,0.024328777,4.386273335,0.021492739,0.026737968,0.004735883,17.71220417,0.013620042,0.000241241,1.771220431
Marion Island,PB1,PB1_1C,86,1.1,21.2,22.3,21.9,101.2,102.3,101.8,101.2,102.3,101.8,101.8,0.55,3087.37,4257.92,3745.52,3730.06,585.275,0.02643,0.004289864,79.71111846,3.985555923,20.28888154,2.028888154,0.343529575,0.034352957,3246.145166,45.1214178,4067.195364,732.0951655,40201.01523,5226.13198,24341.33179,3407.786451,491.8690066,59.02428079,45780.92185,8240.565933,18.13350728,1.26934551,30.79651788,16.63011966,45.27192781,6.338069893,148.6548013,13.37893212,2.590636954,0.020984159,6.283935762,1.005429722,580.8240397,11.61648079,387.168457,19.35842285,3.542503377,0.040738789,4.386862649,0.056151842,0.02643351,0.004289864,16.22888643,0.009080692,0.00014737,1.62288862
Marion Island,PB1,PB1_1C,87,1.1,22.6,23.7,23.2,102.6,103.7,103.1,102.6,103.7,103.1,103.1,0.55,3146.55,4291.63,3796.74,3779.24,572.54,0.02643,0.004145035,85.36560999,4.268280499,14.63439001,1.463439001,0.21879694,0.021879694,3317.338124,78.62091353,3202.886124,576.5195023,33421.16392,4344.75131,24341.69856,3407.837798,357.7509938,42.93011926,38376.81753,6907.827155,13.00859072,0.91060135,28.65429711,15.47332044,39.09656722,5.473519411,145.9557979,13.13602181,2.80879367,0.053928838,5.159189381,0.825470301,528.0720887,10.56144177,405.9506247,20.29753124,3.763346948,0.085051641,4.727929526,0.107324,0.026428136,0.004145035,15.68417572,0.005782395,9.07E-05,1.568417572
Marion Island,PB1,PB1_1C,88,1.1,23.9,25,24.5,103.9,105,104.4,103.9,105,104.4,104.4,0.55,3192.77,4327.87,3849.59,3828.43,567.55,0.01914,0.002938265,83.11089897,4.155544949,16.88910103,1.688910103,0.254796532,0.025479653,3354.842272,82.52911988,2975.878148,535.6580666,32805.93815,4264.77196,24549.50975,3436.931365,333.761663,40.05139956,37284.60506,6711.228911,12.74697506,0.892288254,29.91321827,16.15313787,41.1989837,5.767857718,150.0412815,13.50371534,2.882028099,0.069168674,4.813081963,0.770093114,528.8866074,10.57773215,415.553763,20.77768815,4.00347679,0.10529144,4.821991778,0.027003154,0.027269664,0.002938265,10.77484709,0.006948216,7.49E-05,1.0774847