Core collection dates: November 2015 and March 2018,,,,,,,,,,,,,,,,,,,,,,,,,,,,,,,,,,,,,,,,,,,,,,,,,,,,,,,,,,,,,,,,,,,,,
"Spatial coverage: Sub-Antarctic Islands of Bird Island,  Isla Hermite",,,,,,,,,,,,,,,,,,,,,,,,,,,,,,,,,,,,,,,,,,,,,,,,,,,,,,,,,,,,,,,,,,,,,
"Core location; Site; Latitude; Longitude; Basal age, cal years BP (mximum core depth, cm); Year CE collected",,,,,,,,,,,,,,,,,,,,,,,,,,,,,,,,,,,,,,,,,,,,,,,,,,,,,,,,,,,,,,,,,,,,,
"Bird Island; 	BI10; 	-54.01980; 	-38.06876; 	8750 (505); 2017",,,,,,,,,,,,,,,,,,,,,,,,,,,,,,,,,,,,,,,,,,,,,,,,,,,,,,,,,,,,,,,,,,,,,
"Isla Hermite; 	HER42PB; 	-55.84321; 	-67.90920; 	5050 (403); 2015",,,,,,,,,,,,,,,,,,,,,,,,,,,,,,,,,,,,,,,,,,,,,,,,,,,,,,,,,,,,,,,,,,,,,
,,,,,,,,,,,,,,,,,,,,,,,,,,,,,,,,,,,,,,,,,,,,,,,,,,,,,,,,,,,,,,,,,,,,,
Column;  Parameter;  Parameter description;  Unit;  Unit description,,,,,,,,,,,,,,,,,,,,,,,,,,,,,,,,,,,,,,,,,,,,,,,,,,,,,,,,,,,,,,,,,,,,,
[a] Location ; Location ; NA;,,,,,,,,,,,,,,,,,,,,,,,,,,,,,,,,,,,,,,,,,,,,,,,,,,,,,,,,,,,,,,,,,,,,,
[b] Site; Site name; NA;,,,,,,,,,,,,,,,,,,,,,,,,,,,,,,,,,,,,,,,,,,,,,,,,,,,,,,,,,,,,,,,,,,,,,
[c] Section; Core Section ID and number; NA;,,,,,,,,,,,,,,,,,,,,,,,,,,,,,,,,,,,,,,,,,,,,,,,,,,,,,,,,,,,,,,,,,,,,,
[d] Sample ; ICPMS subsample ID number ; NA;,,,,,,,,,,,,,,,,,,,,,,,,,,,,,,,,,,,,,,,,,,,,,,,,,,,,,,,,,,,,,,,,,,,,,
[e] depth_top; Minimum stratigraphic depth of ICPMS subsample for import into R and for age-depth modelling; cm;,,,,,,,,,,,,,,,,,,,,,,,,,,,,,,,,,,,,,,,,,,,,,,,,,,,,,,,,,,,,,,,,,,,,,
[f] depth_bottom; Maximum stratigraphic depth of ICPMS subsample for import into R and for age-depth modelling; cm;,,,,,,,,,,,,,,,,,,,,,,,,,,,,,,,,,,,,,,,,,,,,,,,,,,,,,,,,,,,,,,,,,,,,,
[g] depth_midpoint; Midpoint of min-max stratigraphic depth of ICPMS subsample for import into R and for age-depth modelling; cm;,,,,,,,,,,,,,,,,,,,,,,,,,,,,,,,,,,,,,,,,,,,,,,,,,,,,,,,,,,,,,,,,,,,,,
[h] depth_err; Midpoint error of min-max stratigraphic depth of ICPMS subsample for import into R and for age-depth modelling; cm;,,,,,,,,,,,,,,,,,,,,,,,,,,,,,,,,,,,,,,,,,,,,,,,,,,,,,,,,,,,,,,,,,,,,,
[i] SH20_mean_95CI; Midpoint depth Southern Hemisphere (ShCal20) radiocarbon calibration mean 95% confidence interval; cal a BP;calendar years Before Present ,,,,,,,,,,,,,,,,,,,,,,,,,,,,,,,,,,,,,,,,,,,,,,,,,,,,,,,,,,,,,,,,,,,,,
[j] SH20_midpoint_depth_min; Midpoint depth Southern Hemisphere (ShCal20) radiocarbon calibration minimum age (95% confidence interval); cal a BP;calendar years Before Present ,,,,,,,,,,,,,,,,,,,,,,,,,,,,,,,,,,,,,,,,,,,,,,,,,,,,,,,,,,,,,,,,,,,,,
[k] SH20_midpoint_depth_max; Midpoint depth Southern Hemisphere (ShCal20) radiocarbon calibration maximum age (95% confidence interval); cal a BP;calendar years Before Present ,,,,,,,,,,,,,,,,,,,,,,,,,,,,,,,,,,,,,,,,,,,,,,,,,,,,,,,,,,,,,,,,,,,,,
[l] SH20_midpoint_depth_median; Midpoint depth Southern Hemisphere (ShCal20) radiocarbon calibration median age; cal a BP;calendar years Before Present ,,,,,,,,,,,,,,,,,,,,,,,,,,,,,,,,,,,,,,,,,,,,,,,,,,,,,,,,,,,,,,,,,,,,,
[m] SH20_midpoint_depth_mean; Midpoint depth Southern Hemisphere (ShCal20) radiocarbon calibration mean age; cal a BP;calendar years Before Present ,,,,,,,,,,,,,,,,,,,,,,,,,,,,,,,,,,,,,,,,,,,,,,,,,,,,,,,,,,,,,,,,,,,,,
[n] accrate; Accumulation rate; cal a BP;calendar years Before Present ,,,,,,,,,,,,,,,,,,,,,,,,,,,,,,,,,,,,,,,,,,,,,,,,,,,,,,,,,,,,,,,,,,,,,
[o] accrate_err; Accumulation rate error; cal a BP;calendar years Before Present ,,,,,,,,,,,,,,,,,,,,,,,,,,,,,,,,,,,,,,,,,,,,,,,,,,,,,,,,,,,,,,,,,,,,,
[p] kcps; Internal total counts per second; kcps;thousands of counts per second,,,,,,,,,,,,,,,,,,,,,,,,,,,,,,,,,,,,,,,,,,,,,,,,,,,,,,,,,,,,,,,,,,,,,
[q] cps; Total counts per second for all Qspec spectra matched elements and scatter parameters (extra lines are excluded here); cps;counts per second,,,,,,,,,,,,,,,,,,,,,,,,,,,,,,,,,,,,,,,,,,,,,,,,,,,,,,,,,,,,,,,,,,,,,
[r] MSE; Mean Square Error - goodness of fit measure for measured vs modelled spectra in Qspec (0 = perfect fit); ;,,,,,,,,,,,,,,,,,,,,,,,,,,,,,,,,,,,,,,,,,,,,,,,,,,,,,,,,,,,,,,,,,,,,,
[s-aa] XRF-CS elements; Mean XRFCS  cps across matched depth range for each element shown ; cps;counts per second,,,,,,,,,,,,,,,,,,,,,,,,,,,,,,,,,,,,,,,,,,,,,,,,,,,,,,,,,,,,,,,,,,,,,
[ab] Mo_inc; Mean Molydenum (Mo) X-ray Tube incoherent scatter counts across depth range; cps;counts per second,,,,,,,,,,,,,,,,,,,,,,,,,,,,,,,,,,,,,,,,,,,,,,,,,,,,,,,,,,,,,,,,,,,,,
[ac] Mo_coh; Mean Molydenum (Mo) X-ray Tube coherent scatter counts across depth range; cps;counts per second,,,,,,,,,,,,,,,,,,,,,,,,,,,,,,,,,,,,,,,,,,,,,,,,,,,,,,,,,,,,,,,,,,,,,
[ad] coh_inc; Mean incoherent/coherent scatter ratio across depth range; NA;,,,,,,,,,,,,,,,,,,,,,,,,,,,,,,,,,,,,,,,,,,,,,,,,,,,,,,,,,,,,,,,,,,,,,
[ae] Ln_inc_coh; Natural log of mean incoherent/coherent scatter ratio across depth range; NA;,,,,,,,,,,,,,,,,,,,,,,,,,,,,,,,,,,,,,,,,,,,,,,,,,,,,,,,,,,,,,,,,,,,,,
[af] coh_inc; Mean coherent/incoherent scatter ratio across depth range; NA;,,,,,,,,,,,,,,,,,,,,,,,,,,,,,,,,,,,,,,,,,,,,,,,,,,,,,,,,,,,,,,,,,,,,,
[ag] Ln_coh_inc; Natural log of mean coherent/incoherent scatter ratio across depth range; NA;,,,,,,,,,,,,,,,,,,,,,,,,,,,,,,,,,,,,,,,,,,,,,,,,,,,,,,,,,,,,,,,,,,,,,
[ah] Total_scatter; Total incoherent + incoherent sctter sum; cps;counts per second,,,,,,,,,,,,,,,,,,,,,,,,,,,,,,,,,,,,,,,,,,,,,,,,,,,,,,,,,,,,,,,,,,,,,
[ai] kcps_sd; Internal total counts per second; kcps;thousands of counts per second,,,,,,,,,,,,,,,,,,,,,,,,,,,,,,,,,,,,,,,,,,,,,,,,,,,,,,,,,,,,,,,,,,,,,
[aj] cps_sd; Total counts per second for all Qspec spectra matched elements and scatter parameters (extra lines are excluded here); cps;counts per second,,,,,,,,,,,,,,,,,,,,,,,,,,,,,,,,,,,,,,,,,,,,,,,,,,,,,,,,,,,,,,,,,,,,,
[ak] MSE_sd; Mean Square Error - goodness of fit measure for measured vs modelled spectra in Qspec (0 = perfect fit); ;,,,,,,,,,,,,,,,,,,,,,,,,,,,,,,,,,,,,,,,,,,,,,,,,,,,,,,,,,,,,,,,,,,,,,
[al-at] XRF-CS elements_sd; Std Dev of matched XRFCS data ; cps;counts per second,,,,,,,,,,,,,,,,,,,,,,,,,,,,,,,,,,,,,,,,,,,,,,,,,,,,,,,,,,,,,,,,,,,,,
[au] Mo_inc_sd; Std dev Molydenum (Mo) X-ray Tube incoherent scatter counts across depth range; cps;counts per second,,,,,,,,,,,,,,,,,,,,,,,,,,,,,,,,,,,,,,,,,,,,,,,,,,,,,,,,,,,,,,,,,,,,,
[av] Mo_coh_sd; Std dev Molydenum (Mo) X-ray Tube coherent scatter counts across depth range; cps;counts per second,,,,,,,,,,,,,,,,,,,,,,,,,,,,,,,,,,,,,,,,,,,,,,,,,,,,,,,,,,,,,,,,,,,,,
[aw] inc_coh_sd; Std dev of incoherent/coherent ratio across depth range; cps;counts per second,,,,,,,,,,,,,,,,,,,,,,,,,,,,,,,,,,,,,,,,,,,,,,,,,,,,,,,,,,,,,,,,,,,,,
[ax] Ln_inc_coh_sd; Natural log of Std dev of incoherent/coherent ratio across depth range; NA;counts per second,,,,,,,,,,,,,,,,,,,,,,,,,,,,,,,,,,,,,,,,,,,,,,,,,,,,,,,,,,,,,,,,,,,,,
[ay] coh_inc_sd; Std dev Coherent/incoherent ratio across depth range; %;percentage ,,,,,,,,,,,,,,,,,,,,,,,,,,,,,,,,,,,,,,,,,,,,,,,,,,,,,,,,,,,,,,,,,,,,,
[az] Ln_coh_inc_sd; Natural log of Std dev Coherent/incoherent ratio across depth range; NA;percentage ,,,,,,,,,,,,,,,,,,,,,,,,,,,,,,,,,,,,,,,,,,,,,,,,,,,,,,,,,,,,,,,,,,,,,
[ba] Total_scatter_sd; Std dev of Total incoherent + incoherent sctter sum; %;percentage ,,,,,,,,,,,,,,,,,,,,,,,,,,,,,,,,,,,,,,,,,,,,,,,,,,,,,,,,,,,,,,,,,,,,,
[bb] Water_Content_pc; Water content ; %;percentage ,,,,,,,,,,,,,,,,,,,,,,,,,,,,,,,,,,,,,,,,,,,,,,,,,,,,,,,,,,,,,,,,,,,,,
[bc] Dry_mass; Sample mass after freeze-drying or drying o/n at 110C; %;percentage ,,,,,,,,,,,,,,,,,,,,,,,,,,,,,,,,,,,,,,,,,,,,,,,,,,,,,,,,,,,,,,,,,,,,,
[bd] Dry_mass_err; Sample mass error of 5% after freeze-drying or drying o/n at 110C; %;percentage ,,,,,,,,,,,,,,,,,,,,,,,,,,,,,,,,,,,,,,,,,,,,,,,,,,,,,,,,,,,,,,,,,,,,,
[be] LOI550; Loss-on-ignition at 550C for 4 hours; %;percentage ,,,,,,,,,,,,,,,,,,,,,,,,,,,,,,,,,,,,,,,,,,,,,,,,,,,,,,,,,,,,,,,,,,,,,
[bf] LOI550_err; Loss-on-ignition at 550C for 4 hours; %;percentage ,,,,,,,,,,,,,,,,,,,,,,,,,,,,,,,,,,,,,,,,,,,,,,,,,,,,,,,,,,,,,,,,,,,,,
[bg] C_org_pc; Carbon content calculated from LOI as LOI/1.724; %;percentage ,,,,,,,,,,,,,,,,,,,,,,,,,,,,,,,,,,,,,,,,,,,,,,,,,,,,,,,,,,,,,,,,,,,,,
[bh] C_org_pc_err; Carbon content error calculated from LOI as LOI/1.724; %;percentage ,,,,,,,,,,,,,,,,,,,,,,,,,,,,,,,,,,,,,,,,,,,,,,,,,,,,,,,,,,,,,,,,,,,,,
[bi] Ln_C_org; Natural log of carbon content calculated from LOI as LOI/1.724; ;,,,,,,,,,,,,,,,,,,,,,,,,,,,,,,,,,,,,,,,,,,,,,,,,,,,,,,,,,,,,,,,,,,,,,
[bj] Ln_C_org_err; Natural log of carbon content error calculated from LOI as LOI/1.724; ;,,,,,,,,,,,,,,,,,,,,,,,,,,,,,,,,,,,,,,,,,,,,,,,,,,,,,,,,,,,,,,,,,,,,,
[bk] Volume_cm3; Sample volume; cm^3;,,,,,,,,,,,,,,,,,,,,,,,,,,,,,,,,,,,,,,,,,,,,,,,,,,,,,,,,,,,,,,,,,,,,,
[bl] Volume_err_cm3; Sample volume error; cm^3;,,,,,,,,,,,,,,,,,,,,,,,,,,,,,,,,,,,,,,,,,,,,,,,,,,,,,,,,,,,,,,,,,,,,,
[bm] Wet_density_g_cm3; Subsample wet density; g cm^-3;,,,,,,,,,,,,,,,,,,,,,,,,,,,,,,,,,,,,,,,,,,,,,,,,,,,,,,,,,,,,,,,,,,,,,
[bn] Dry_density_g_cm3; Subsample wet density error; g cm^-3;,,,,,,,,,,,,,,,,,,,,,,,,,,,,,,,,,,,,,,,,,,,,,,,,,,,,,,,,,,,,,,,,,,,,,
[bo] Dry_density_err_g_cm3; Subsample dry density; g cm^-3;,,,,,,,,,,,,,,,,,,,,,,,,,,,,,,,,,,,,,,,,,,,,,,,,,,,,,,,,,,,,,,,,,,,,,
[bp] DMAR; Dry mass acccumlation rate ; g cm^2 yr^-1;,,,,,,,,,,,,,,,,,,,,,,,,,,,,,,,,,,,,,,,,,,,,,,,,,,,,,,,,,,,,,,,,,,,,,
[bq] DMAR_err; Dry mass acccumlation rate error; g cm^2 yr^-1;,,,,,,,,,,,,,,,,,,,,,,,,,,,,,,,,,,,,,,,,,,,,,,,,,,,,,,,,,,,,,,,,,,,,,
[br] DMAR_pc; Dry mass acccumlation rate error as a percentage ; %;percentage ,,,,,,,,,,,,,,,,,,,,,,,,,,,,,,,,,,,,,,,,,,,,,,,,,,,,,,,,,,,,,,,,,,,,,
,,,,,,,,,,,,,,,,,,,,,,,,,,,,,,,,,,,,,,,,,,,,,,,,,,,,,,,,,,,,,,,,,,,,,
[a] Location,[b] Site,[c] Section,[d] sample,[e] depth_top,[f] depth_bottom,[g] depth_midpoint,[h] depth_err,[i] SH20_min_age_95CI,[j] SH20_max_age_95CI,[k] SH20_median_age,[l] SH20_mean_age,[m] SH20_mean_95CI,[n] accrate,[o] accrate_err,[p] kcps,[q] cps,[r] MSE,[s-aa] K,[s-aa] Ca,[s-aa] Ti,[s-aa] Mn,[s-aa] Fe,[s-aa] Zn,[s-aa] Rb,[s-aa] Sr,[s-aa] Zr,[ab] Mo_inc,[ac] Mo_coh,[ad] inc_coh,[ae] Ln_inc_coh,[af] coh_inc,[ag] Ln_coh_inc,[ah] Total_scatter,[ai] kcps_sd,[aj] cps_sd,[ak] MSE_sd,[al-at] K_sd,[al-at] Ca_sd,[al-at] Ti_sd,[al-at] Mn_sd,[al-at] Fe_sd,[al-at] Zn_sd,[al-at] Rb_sd,[al-at] Sr_sd,[al-at] Zr_sd,[au] Mo_inc_sd,[av] Mo_coh_sd,[aw] inc_coh_sd,[ax] Ln_inc_coh_sd,[ay] coh_inc_sd,[az] Ln_coh_inc_sd,[ba] Total_scatter_sd,[bb] Water_Content_pc,[bc] Dry_mass,[bd] Dry_mass_err,[be] LOI550,[bf] LOI550_err,[bg] C_org_pc,[bh] C_org_pc_err,[bi] Ln_C_org,[bj] Ln_C_org_err,[bk] Volume_cm3,[bl] Volume_err_cm3,[bm] Wet_density_g_cm3,[bn] Dry_density_g_cm3,[bo] Dry_density_err_g_cm3,[bp] DMAR_g_cm2_yr,[bq] DMAR_err_g_cm2_yr,[br] DMAR_err_pc
Bird Island,BI10,BI10.1,1,0,1.1,0.6,0.55,-67,-52,-61,-61,7,0.09517,0.07549,20689.81818,52220.36364,1.329090909,8.636363636,42,15.27272727,16.36363636,5450.545455,8,26.18181818,28.72727273,792.3636364,38213.72727,5590.272727,6.836090686,1.921893934,0.146376585,-1.921893935,43804,873.5065905,1818.180039,0.057000797,9.831304362,15.8113883,17.90581419,11.56955252,835.9219298,18.15488915,39.54950867,47.40272336,126.0430662,1611.558568,191.8406062,0.182202519,0.026604035,0.003886984,0.026604035,1764.165809,87.49,12.51,0.63,90.56,4.53,52.34,4.53,3.957760897,0.342542164,3.9915,0.2116,0.7473,0.1069,0.011,0.0102,0.0091,89.6
Bird Island,BI10,BI10.1,2,1.3,2.4,1.9,0.55,-65,-21,-49,-47,22,0.09517,-0.01683,21642.5,54548.5,1.343333333,9.583333333,46,10.16666667,20.83333333,5794.833333,0.916666667,23,22.66666667,766,39860.08333,5831.5,6.840383525,1.922474731,0.146298725,-1.922474731,45691.58333,518.8891106,1194.107845,0.042067766,10.51802205,9.184967957,9.523495666,14.60282248,909.149436,3.175426481,36.15371224,58.79600069,88.90648816,778.6132729,203.3427469,0.193884532,0.028395657,0.004163182,0.028395656,908.2982548,88.68,11.32,0.57,91.38,4.57,45.69,4.57,3.821879456,0.382271594,4.2749,0.2757,0.9321,0.119,0.0136,0.0113,-7.00E-04,-6.2
Bird Island,BI10,BI10.1,3,2.6,3.7,3.2,0.55,-64,10,-37,-33,37,0.09517,-0.08849,23831.16667,60167.41667,1.334166667,35.83333333,83,33.16666667,47.25,6688.583333,0.272727273,35.5,7.833333333,863.9166667,43455.58333,6363.25,6.834007389,1.92166059,0.146400503,-1.92166059,49818.83333,591.7482317,2122.105064,0.104920605,52.8717717,45.73441115,45.68833814,30.15151134,1385.762767,0.904534034,49.69086252,27.13546265,69.47263468,901.3772753,242.4226681,0.159602926,0.023401646,0.003433474,0.023401645,1112.337084,89.1,10.9,0.54,87.98,4.4,43.99,4.4,3.783962335,0.378482252,5.5054,0.4432,0.9335,0.1142,0.0149,0.0109,-0.0087,-79.9
Bird Island,BI10,BI10.1,4,3.9,5,4.5,0.55,-62,41,-24,-20,52,0.09524,-0.2374,24515.91667,60507.16667,1.321666667,10.41666667,43.08333333,12.83333333,35.66666667,5083.583333,0.272727273,56.5,2.083333333,898.5,45226.25,6602.416667,6.853673353,1.924503809,0.145989152,-1.924503808,51828.66667,487.3021199,1472.753564,0.068202017,8.979353422,12.12404323,12.82634599,18.95608961,710.0685573,0.904534034,72.09148229,7.216878365,114.7443799,654.3573009,185.3877795,0.169742759,0.024756333,0.003613515,0.024756333,759.6963907,89.51,10.49,0.52,90.31,4.52,45.15,4.52,3.80999028,0.381420954,3.7179,0.303,1.4999,0.1757,0.0231,0.0167,-0.0395,-236.1
Bird Island,BI10,BI10.1,5,5.2,6.3,5.8,0.55,-60,72,-12,-6,66,0.09517,-1.03257,24375.25,58916.41667,1.394166667,7.833333333,45.66666667,9.25,25.5,3794.583333,0.272727273,47,2.083333333,919.0833333,44918.58333,6547.833333,6.862217624,1.925858272,0.145775639,-1.925858271,51466.41667,460.2866943,1372.88379,0.129717058,6.63096501,8.424351427,11.52171862,20.30002239,401.1162739,0.904534034,58.80939937,7.216878365,97.66311143,1081.895681,195.1837518,0.133343763,0.019375059,0.002816102,0.019375059,1236.909378,90.18,9.82,0.49,93.27,4.66,46.64,4.66,3.842458542,0.383916312,5.1832,0.5131,0.7934,0.0864,0.0129,0.0082,-0.088,-1070.1
Bird Island,BI10,BI10.1,6,6.5,7.6,7.1,0.55,-59,104,1,8,81,0.09517,1.02323,23995.58333,58758.75,1.396666667,7.75,36.83333333,7.666666667,23.25,3937.5,0.272727273,37.91666667,13.25,925.1666667,44473.66667,6463.666667,6.885146806,1.929064924,0.145327763,-1.929064924,50937.33333,380.2662843,998.4756678,0.084027413,6.552237647,19.07322413,9.451631253,13.09493309,199.3040163,0.904534034,47.88899728,24.81980514,145.9176812,809.88499,217.8891851,0.176684363,0.025644133,0.003724475,0.025644133,966.7391613,89.67,10.33,0.52,92.9,4.65,46.45,4.65,3.838376465,0.384250819,5.6149,0.6233,0.8726,0.1005,0.0162,0.0096,0.1044,1091.3
Bird Island,BI10,BI10.1,7,7.8,8.9,8.4,0.55,-57,135,13,21,96,0.09517,0.43619,22309.66667,57800,1.408333333,22.5,73.5,13.75,19.66666667,6404.166667,10.66666667,43.58333333,3.166666667,850.6666667,40819.16667,5988.666667,6.817088324,1.918982606,0.146822033,-1.918982605,46807.83333,942.9907291,2580.755245,0.089324061,15.2940868,31.75331049,10.37588989,19.03744317,3030.490924,22.69294377,57.2180174,10.96965511,102.1543692,2005.235549,250.1113691,0.213913243,0.031305902,0.0045868,0.031305902,2202.539065,89.02,10.98,0.55,93.76,4.69,46.88,4.69,3.847591145,0.384923261,5.3969,0.6476,0.8766,0.1081,0.0184,0.0103,0.0489,475.3
Bird Island,BI10,BI10.1,8,9.1,10.2,9.7,0.55,-56,166,25,35,111,0.10309,0.33324,22093,53963,1.352727273,8.454545455,41.18181818,14.45454545,15,3252.090909,0.272727273,15.54545455,8.454545455,819,41296.18182,6042.181818,6.836328165,1.922155241,0.146305197,-1.922155241,47338.36364,435.6466458,2125.471195,0.087531812,7.941833999,16.95180334,17.42046863,14.14920492,1836.078182,0.904534034,25.15298645,24.04730187,122.9642224,921.2606383,173.6702727,0.099490638,0.01446913,0.00210468,0.014469131,1075.646993,88.95,11.05,0.55,89.12,4.46,44.56,4.46,3.796836596,0.380024489,5.0779,0.6525,0.9272,0.1152,0.0206,0.0119,0.0405,341.1
Bird Island,BI10,BI10.1,9,10.4,11.5,11,0.525,-43,180,37,48,112,0.10569,0.25311,22703.75,55049.91667,1.26,5.083333333,55.75,18.25,20.33333333,1601.416667,7.75,51.66666667,19.66666667,950.0833333,43357.5,6268.666667,6.919072677,1.934043486,0.144597204,-1.934043486,49626.16667,349.0983516,933.287879,0.07839295,4.888917585,14.61708216,18.65049353,13.73339217,218.6352123,19.95050694,65.21619059,36.74564497,82.53754885,545.9621199,130.9721229,0.157138349,0.022846242,0.003323568,0.022846241,580.3077292,88.09,11.91,0.6,91.85,4.59,45.92,4.59,3.826900752,0.382523398,4.7477,0.6552,0.9275,0.1254,0.0236,0.0133,0.0342,258.3
Bird Island,BI10,BI10.1,10,11.7,12.8,12.3,0.55,-33,189,50,60,111,0.10578,0.20089,21782.66667,52798.33333,1.291666667,9.833333333,56.5,12.5,12.91666667,1170,4.333333333,28.58333333,10.25,921.5,42093.83333,6060.5,6.949406891,1.938452952,0.143955505,-1.938452952,48154.33333,564.7542238,1711.664067,0.082553931,8.558178792,15.82001034,7.786935446,12.28789747,185.3448874,12.70170592,44.55937476,24.83445188,127.6639766,1322.154016,252.6443782,0.146903945,0.021027399,0.003010999,0.021027399,1547.898536,86.38,13.62,0.68,90.68,4.53,45.34,4.53,3.814189645,0.381082468,4.7687,0.701,0.9214,0.1452,0.0286,0.0154,0.0322,209.6
Bird Island,BI10,BI10.1,11,13,14.1,13.6,0.55,-25,198,65,72,111,0.10573,0.16754,22684.66667,54462.83333,1.348333333,9.583333333,82.58333333,22.08333333,17.75,1965.416667,5.666666667,43.08333333,27.83333333,875.6666667,42389.33333,6183.5,6.858782011,1.92525403,0.145878702,-1.925254029,48572.83333,650.2283981,1078.283723,0.100980046,8.229197833,23.40729619,13.78707124,18.25140094,211.2058274,16.72957823,45.7551951,26.12499094,83.5793943,748.16519,179.458529,0.168785087,0.024496269,0.003558087,0.02449627,858.3266843,87.73,12.27,0.61,94.25,4.71,47.13,4.71,3.852909741,0.385045722,5.5054,0.8836,0.9155,0.1281,0.027,0.0135,0.0243,179.5
Bird Island,BI10,BI10.1,12,14.3,15.4,14.8,0.525,-19,208,80,83,113,0.10569,0.14735,22702,54065.91667,1.351666667,13.08333333,114.3333333,20.08333333,27.91666667,1448.416667,0.272727273,60.16666667,102.1666667,857.25,42063.66667,6271.916667,6.709842202,1.903307523,0.149114837,-1.903307523,48335.58333,474.9417189,1174.762681,0.076732515,9.912878064,12.36809189,18.04770614,14.40617502,188.7434326,0.904534034,59.45637566,66.13599396,108.4922494,797.5128763,178.8500938,0.161925902,0.024200969,0.003619893,0.024200968,906.7628194,87.08,12.92,0.65,91.54,4.58,45.77,4.58,3.823628855,0.382613506,4.6493,0.7788,0.9232,0.137,0.0298,0.0145,0.0233,161.2
Bird Island,BI10,BI10.1,13,15.6,16.6,16.1,0.5,-15,226,93,96,120,0.10573,0.13621,22805,55418.72727,1.424545455,14.72727273,93,24.27272727,37.18181818,1711.545455,7.090909091,76.63636364,163.4545455,868.2727273,42944.54545,6384.090909,6.729450084,1.906285438,0.148662457,-1.906285438,49328.63636,304.7096979,752.7416676,0.118605534,9.133355452,11.10855526,14.54022633,20.28703124,239.5559908,23.51788488,60.8330054,88.20925534,108.9441058,509.7935589,150.0616237,0.14377003,0.02140476,0.003187817,0.021404759,588.3497723,87.03,12.97,0.65,82.62,4.13,41.31,4.13,3.721104601,0.372020383,4.5216,0.8048,0.9682,0.1443,0.0329,0.0153,0.0231,151.6
Bird Island,BI10,BI10.1,14,16.8,17.8,17.3,0.5,-12,246,105,107,129,0.10563,0.13001,23332.63636,55972.09091,1.357272727,7.909090909,95.45454545,19.63636364,32.90909091,1532.909091,0.545454545,39.09090909,169.3636364,937.9090909,43502.18182,6432.727273,6.766233446,1.911650284,0.147879791,-1.911650285,49934.90909,425.7077102,1045.964192,0.11181153,6.024193647,25.28779799,17.85089761,13.39742173,231.5972602,1.809068067,45.07428213,106.359083,111.6229856,743.1342837,184.2243691,0.172024417,0.025455159,0.003768137,0.02545516,845.222628,87.37,12.63,0.63,83.65,4.18,41.83,4.18,3.733613785,0.373093608,5.3066,1.0189,0.9976,0.1442,0.0349,0.0152,0.0224,147.3
Bird Island,BI10,BI10.1,15,18,19,18.5,0.525,-9,266,116,118,137,0.10578,0.12534,22147.63636,53672.72727,1.32,12.54545455,120.4545455,44.45454545,41,1594.090909,1.090909091,84,228,897.4545455,41452.09091,6197,6.69142675,1.900659292,0.149495154,-1.900659293,47649.09091,300.716901,884.3879342,0.1001998,7.501514999,20.79597863,26.03214796,22.27554713,479.1522628,2.46797672,72.06663583,114.8816783,78.83192708,606.0378626,157.1082429,0.128522676,0.019219772,0.002875694,0.019219771,717.0752338,85.89,14.11,0.71,65.63,3.28,32.82,3.28,3.491038086,0.34889107,4.9476,0.9846,0.908,0.1492,0.0371,0.0158,0.0226,143.4
Bird Island,BI10,BI10.1,16,19.2,20.3,19.8,0.525,-5,284,129,131,145,0.0905,0.10249,22327.83333,54138.91667,1.348333333,32.58333333,133.1666667,60,42.08333333,1912.25,11.5,97.91666667,303.0833333,859.9166667,41379.75,6263.5,6.609357685,1.887952068,0.151462747,-1.887952068,47643.25,807.0488138,1269.359714,0.093985815,37.33742537,23.67904073,35.40672766,27.27122471,663.0941418,27.42427591,94.37204742,134.4932971,111.9784544,1310.194234,174.6713798,0.225274119,0.034180538,0.005192651,0.034180537,1382.586386,84.33,15.67,0.78,61.98,3.1,30.99,3.1,3.433664572,0.343477256,5.1516,1.0818,0.9165,0.1703,0.0443,0.0154,0.0215,139.2
Bird Island,BI10,BI10.1,17,20.5,21.5,21,0.525,13,297,142,144,142,0.08804,0.08915,22784.45455,55453,1.375454545,11.09090909,140.6363636,29,25.90909091,2046,5.363636364,60.81818182,167.1818182,876,42661.18182,6346.636364,6.723699323,1.905402339,0.148797493,-1.90540234,49007.81818,333.4082673,905.8863063,0.040832251,8.572683891,17.71594043,16.56502339,16.80151508,204.6391947,17.78916933,67.38222048,109.0209321,107.0420478,786.1313908,130.5934705,0.154179101,0.022725583,0.003351012,0.022725583,837.4903961,84.43,15.57,0.78,75.73,3.79,37.86,3.79,3.633895146,0.363773444,5.4653,1.2106,0.9511,0.1755,0.0476,0.0154,0.0198,128.4
Bird Island,BI10,BI10.1,18,21.7,22.7,22.2,0.5,33,309,154,158,138,0.08802,0.07901,22947.90909,55432.54545,1.324545455,10.54545455,132.6363636,39,36.36363636,2175.454545,19.81818182,63.81818182,227.5454545,948,42505.72727,6336.090909,6.71293783,1.903709363,0.149063951,-1.903709364,48841.81818,414.4527608,1056.325836,0.056100559,9.842394387,20.44638221,38.91786222,19.91618803,327.0416988,28.2270019,59.06914284,85.23070296,88.06588443,472.8619441,185.185558,0.179535466,0.026880219,0.004026509,0.026880218,570.8419778,84.29,15.71,0.79,65.61,3.28,32.8,3.28,3.490428515,0.349042852,5.1045,1.1791,1.0026,0.1869,0.0525,0.0165,0.0194,117.9
Bird Island,BI10,BI10.1,19,23,24,23.5,0.525,47,326,169,172,139,0.08804,0.07304,21469.27273,52618.90909,1.275454545,13.45454545,122.5454545,36.81818182,29,2094,2.454545455,33.90909091,266.7272727,894.2727273,40284.09091,6147.454545,6.555460234,1.880069619,0.152614062,-1.880069619,46431.54545,844.6284498,1967.453301,0.065629816,8.47777844,19.00191378,19.51316572,15.79873413,376.1090267,5.680909018,41.31211577,75.07475063,98.27216382,1381.823321,238.2718463,0.147724219,0.022379837,0.003391741,0.022379838,1584.644526,85.74,14.26,0.71,75.43,3.77,37.72,3.77,3.630190458,0.362826565,5.049,1.2092,1.063,0.1767,0.0512,0.0156,0.0174,111.9
Bird Island,BI10,BI10.1,20,24.2,25.3,24.7,0.525,61,343,182,186,141,0.08802,0.06858,21002.91667,50515.75,1.28,12.33333333,113.0833333,37.08333333,25.25,1588.166667,17.25,99.41666667,314.0833333,850.75,39063.66667,5850.166667,6.679716697,1.898701805,0.149819491,-1.898701805,44913.83333,577.2150156,1410.810865,0.053257522,13.84546748,27.98525044,16.44527196,19.72135437,317.0591666,23.51836806,108.98662,118.5936211,82.97439364,1210.445172,176.1336442,0.189768484,0.028632329,0.004323657,0.028632329,1317.754346,83.5,16.5,0.82,57.98,2.9,28.99,2.9,3.366950943,0.336811236,5.7883,1.4644,0.8646,0.1708,0.0518,0.015,0.0163,108.2
Bird Island,BI10,BI10.1,21,25.5,26.5,26,0.525,73,357,198,201,142,0.08798,0.06402,21493.90909,51823.27273,1.265454545,15.09090909,154.5454545,34.63636364,30,1612.090909,76.27272727,51.54545455,294.9090909,902.0909091,40179.90909,5923.181818,6.783939831,1.914394226,0.147455496,-1.914394225,46103.09091,631.6995258,1230.83379,0.098626937,12.29190421,27.44945769,19.61771,16.57105911,186.1840243,39.1180033,40.42366544,94.80765217,105.9674049,913.1981663,103.2277271,0.128198259,0.019027739,0.002826117,0.01902774,977.7345708,82.13,17.87,0.89,67.17,3.36,33.58,3.36,3.513930652,0.351602352,5.4653,1.4292,0.9039,0.1967,0.0613,0.0173,0.018,103.9
Bird Island,BI10,BI10.1,22,26.7,27.8,27.2,0.525,82,372,212,214,145,0.08802,0.06119,21759.58333,52292.16667,1.33,11.33333333,125.0833333,31.91666667,28.5,1496.25,90.91666667,74.33333333,248.0833333,840.25,40802.66667,6037.25,6.75858272,1.910600997,0.148022999,-1.910600998,46839.91667,587.0123831,1289.586955,0.068090848,9.208033383,20.78224038,13.74083717,8.639233973,127.3064485,60.62471493,79.60394386,60.54368571,91.05954595,1078.149453,98.40650847,0.14503619,0.021547465,0.003202734,0.021547463,1138.107237,80.34,19.66,0.98,72.7,3.63,36.35,3.64,3.593194204,0.35981367,5.6796,1.5477,0.8756,0.2142,0.0691,0.0189,0.0192,101.8
Bird Island,BI10,BI10.1,23,28,29.1,28.5,0.55,92,394,227,229,151,0.08802,0.05973,22859.25,55177.83333,1.353333333,19.91666667,135.8333333,52.41666667,33.5,1652.083333,21.25,46.33333333,260.8333333,841.9166667,42946,6484,6.627045993,1.890958987,0.150957104,-1.890958986,49430,508.5650267,1509.042733,0.122573416,9.548520431,26.50843205,21.79014929,18.90406402,146.6005447,26.45794261,53.28368902,105.1214305,70.42011378,1291.916758,264.490591,0.138748781,0.02087893,0.003142962,0.020878931,1528.597039,85.39,14.61,0.73,76.49,3.82,38.25,3.83,3.64414356,0.364890715,6.5302,1.8611,0.8536,0.146,0.0489,0.0129,0.013,101.4
Bird Island,BI10,BI10.1,24,29.3,30.3,29.8,0.5,99,417,240,244,159,0.07362,0.04933,21778.54545,54336.81818,1.336363636,96.45454545,336.3636364,159.5454545,51.90909091,2888.636364,51.54545455,220,502.1818182,927,40334.27273,6168.818182,6.536467796,1.876793904,0.153173145,-1.876793904,46503.09091,916.3778002,1565.802083,0.073928713,90.31983574,229.7377952,132.1085642,22.73523497,1190.144636,40.19543167,120.0483236,323.0500946,130.5779461,2277.775234,212.6037715,0.237195613,0.03649325,0.00562135,0.03649325,2448.204095,85.04,14.96,0.75,80.55,4.03,40.27,4.03,3.695606775,0.36983599,6.9477,2.0808,0.8471,0.1491,0.0521,0.011,0.0112,102
Bird Island,BI10,BI10.1,25,30.5,31.5,31,0.5,121,426,256,260,152,0.07126,0.04287,21658,52923.90909,1.407272727,56.36363636,227.8181818,108.8181818,39.45454545,2073.636364,108.2727273,91,464.7272727,800.9090909,40425.09091,6029.272727,6.709395163,1.903146453,0.149153185,-1.903146453,46454.36364,517.9304973,1459.34276,0.041735095,25.74984554,39.44823997,38.76033586,24.01401106,479.2740913,74.44338911,93.60448707,78.68810699,98.49411611,579.1608506,182.3804216,0.188740824,0.028287239,0.004242479,0.028287239,668.2707943,85.38,14.62,0.73,66.6,3.33,33.3,3.33,3.505557397,0.35055574,5.205,1.5693,1.0845,0.1857,0.0653,0.0132,0.0126,95.3
Bird Island,BI10,BI10.1,26,31.7,32.6,32.2,0.475,137,432,273,277,148,0.07129,0.03901,21758.9,53611,1.374,26.5,163.9,39.6,28.1,1740.3,262.5,85.9,329.4,831.3,41206.6,6162.2,6.690620162,1.900431974,0.149545194,-1.900431974,47368.8,337.6060985,951.2504052,0.088090862,11.40419026,44.69514018,12.74711296,21.75852323,239.8207896,54.27348442,63.15844274,116.3903394,115.9789732,568.9624475,171.5503166,0.165055631,0.024719749,0.00370434,0.024719749,667.1526229,80.08,19.92,1,26.98,1.35,13.49,1.35,2.60194867,0.260387747,5.237,1.6392,0.8798,0.2189,0.0795,0.0156,0.0142,91
Bird Island,BI10,BI10.1,27,32.8,33.8,33.3,0.5,150,439,291,293,144,0.07126,0.03621,20495.27273,50800,1.313636364,34.27272727,203.9090909,79.63636364,34.90909091,2770.090909,108.4545455,97.45454545,429.2727273,815.3636364,37739.72727,5823.818182,6.479820958,1.867883306,0.154576073,-1.867883306,43563.54545,978.2968967,1895.633878,0.085354874,29.70552443,51.48291861,65.96403979,18.43613053,950.7160937,49.97271983,50.53981329,166.9623256,70.01467379,2069.554014,196.0096009,0.272608949,0.042269254,0.006561099,0.042269254,2201.503594,83.36,16.64,0.83,61.38,3.07,30.69,3.07,3.423936869,0.342505252,6.045,1.9676,0.8819,0.176,0.0661,0.0125,0.0111,88.4
Bird Island,BI10,BI10.1,28,34.1,35,34.5,0.45,162,447,311,309,142,0.07124,0.03367,21817.3,54302.9,1.391,22.8,172.1,62.3,41.7,4523.7,51.9,78.9,369.8,858.3,39076.8,6121.4,6.38809162,1.853792932,0.156745954,-1.853792931,45198.2,513.057729,1195.219129,0.085822815,10.95242236,34.19047951,35.61850331,19.5848581,1464.108986,24.59652189,95.61084318,99.9297531,109.0372515,1026.189261,175.121672,0.237531087,0.038100646,0.006121529,0.038100646,1048.461709,83.23,16.77,0.84,76.32,3.82,38.16,3.82,3.641787847,0.364560523,4.4156,1.4572,0.9825,0.198,0.0752,0.0141,0.012,85.3
Bird Island,BI10,BI10.1,29,35.2,36.1,35.6,0.45,173,457,328,325,142,0.07129,0.03203,21236.2,53075.7,1.288,20.3,213.1,63.3,47.5,5166,47.4,125.4,538.4,766.4,36994.3,6014.1,6.152758565,1.816685491,0.162598681,-1.816685491,43008.4,247.8071831,1629.348339,0.091018924,11.66238016,30.60301365,27.2602682,13.50102877,880.0104797,41.85212062,85.66627756,81.01741925,96.59215519,842.7229741,145.1324682,0.13441851,0.021866982,0.003558677,0.021866982,932.0340003,81.36,18.64,0.93,73.99,3.7,36.99,3.7,3.610647606,0.361162372,5.1504,1.7717,1.0121,0.2319,0.0914,0.0165,0.0139,84.3
Bird Island,BI10,BI10.1,30,36.3,37.2,36.7,0.475,182,468,347,340,143,0.07126,0.0308,22119.4,57449,1.346,26.3,217.7,75.3,44.1,7994.7,74.1,47,349.4,793.2,38550.7,6177,6.241044238,1.83104381,0.160262792,-1.83104381,44727.7,229.5663545,1848.955501,0.126156869,22.63748121,27.90877998,27.37821518,17.53377693,1003.562881,26.91323508,37.44922488,106.5574441,107.0252307,967.395593,126.3232186,0.094860109,0.015171435,0.00242683,0.015171434,1070.948806,78.21,21.79,1.09,61.98,3.1,30.99,3.1,3.433664572,0.343477256,4.6609,1.6313,1.0904,0.3038,0.1215,0.0216,0.018,83.2
Bird Island,BI10,BI10.1,31,37.4,38.4,37.9,0.5,189,482,365,357,146,0.07126,0.03009,22644.36364,60271.63636,1.399090909,18,211.2727273,79.81818182,42.72727273,10333.90909,107.1818182,49,181.3636364,758.4545455,39515,6113.545455,6.46823129,1.866709609,0.154661719,-1.866709609,45628.54545,793.0811147,3774.16675,0.053935989,13.47590442,31.8907225,31.99005527,20.45527271,1965.976981,39.899419,54.61684722,110.0447843,135.9333393,1380.026811,301.5710078,0.132797262,0.020651215,0.00321275,0.020651215,1664.571318,78.12,21.88,1.09,40.61,2.03,20.3,2.03,3.010620886,0.301062089,5.5127,2.0011,1.016,0.2846,0.1175,0.0203,0.0169,83.5
Bird Island,BI10,BI10.1,32,38.6,39.6,39.1,0.5,196,499,383,374,152,0.07326,0.03068,21626.54545,57417.63636,1.369090909,28.27272727,186.6363636,73.36363636,47.18181818,10433.27273,53,79.18181818,368.3636364,765.7272727,36517.27273,5931.454545,6.163084185,1.817747221,0.162523609,-1.817747222,42448.72727,417.4899672,1528.287753,0.10568392,19.56062836,41.96015426,30.07415079,15.76590106,1049.939245,52.02691611,74.7807705,119.0086322,122.9398966,749.3598723,180.4706977,0.265721604,0.042545534,0.006819572,0.042545534,705.4137922,83.07,16.93,0.85,75.64,3.78,37.82,3.78,3.632838063,0.363091694,5.6172,2.098,1.052,0.2144,0.0908,0.0157,0.0132,84.2
Bird Island,BI10,BI10.1,33,39.8,40.7,40.3,0.45,210,517,399,390,154,0.07983,0.03232,22153.9,60541.6,1.324,25.4,217.8,70.4,45.8,12335.2,30,121.6,387.9,838.5,37382.5,6155.3,6.07689019,1.803665438,0.16483064,-1.803665438,43537.8,335.932351,1795.837174,0.070742098,12.79062156,20.11522364,44.17943212,25.44187275,1546.366982,44.79087209,97.63218959,130.766501,64.58629025,1051.923872,106.2910574,0.260416436,0.042903366,0.007076786,0.042903365,972.3703912,85.2,14.8,0.74,70.05,3.5,35.02,3.5,3.555919327,0.355388853,4.4156,1.6779,1.0578,0.1837,0.079,0.0147,0.0122,83.5
Bird Island,BI10,BI10.1,34,40.9,41.9,41.4,0.5,244,520,411,404,138,0.07979,0.02824,23491.90909,61638.18182,1.349090909,11.09090909,171.7272727,33.09090909,36.45454545,10621.27273,17.45454545,5.636363636,148.1818182,831.4545455,40697.09091,6303.272727,6.45711632,1.864969006,0.154934023,-1.864969007,47000.36364,847.1868099,2006.333812,0.064413437,8.141922936,21.74898117,12.9340987,17.27057403,985.4789791,19.22167337,9.902249515,98.66794635,100.5160322,1249.597652,167.3362429,0.140283271,0.021670954,0.003348951,0.021670954,1375.404542,80.53,19.47,0.97,46.97,2.35,23.49,2.35,3.156574799,0.315791859,4.9063,1.9134,1.0736,0.2596,0.1142,0.0207,0.0164,79.4
Bird Island,BI10,BI10.1,35,42.1,43.1,42.6,0.475,277,524,425,419,124,0.07984,0.02447,23554.9,60498.8,1.409,8.3,156.9,26,33.5,8458.6,36.2,14.1,157.5,855.9,41552.9,6443.3,6.451177832,1.864056916,0.155074332,-1.864056916,47996.2,397.5529175,1014.357684,0.120226638,10.13300438,20.09671062,13.6300322,12.42086059,1125.518073,36.75383578,22.76181012,96.62901566,140.739673,280.8441442,117.8577768,0.13783463,0.021396256,0.003322769,0.021396255,268.845598,84.25,15.75,0.79,76.56,3.83,38.28,3.83,3.644927567,0.364683192,4.4764,1.7861,1.1229,0.2099,0.0943,0.0168,0.0127,75.6
Bird Island,BI10,BI10.1,36,43.3,44.2,43.8,0.475,312,528,440,434,108,0.07984,0.02076,23001.5,59503.25,1.3875,9.75,173.5,46.875,22.875,7852.25,123.625,58.875,244.625,798.125,41025.375,6414.5,6.399057871,1.855767826,0.156392763,-1.855767826,47439.875,769.6154884,1495.683862,0.085981726,8.207139749,39.37729585,34.61394228,18.2947104,744.6035858,103.7537435,49.99839283,95.25595219,116.4025497,927.3994266,183.2328729,0.189276911,0.029589591,0.00462872,0.029589591,1008.418201,83.29,16.71,0.84,61.9,3.1,30.95,3.1,3.432372999,0.343791803,4.5682,1.8707,1.0423,0.2091,0.0961,0.0167,0.012,72
Bird Island,BI10,BI10.2,49,43.7,44.7,44.2,0.5,322,531,444,439,105,0.07983,0.0199,23381,59938,1.367777778,12.66666667,216.7777778,34.11111111,30,7081.777778,205.3333333,54.77777778,301.7777778,836.4444444,41729.44444,6568.777778,6.352762678,1.848754083,0.157454791,-1.848754082,48298.22222,876.8068487,2000.824518,0.100221976,8.689073598,51.96098964,15.37404017,15.99218559,1248.136288,105.5580409,51.28785865,113.7901333,123.3887263,1148.35416,144.6606182,0.110409515,0.017521175,0.002781301,0.017521174,1264.128334,83.76,16.24,0.81,84.15,4.21,42.08,4.21,3.739572568,0.374134993,5.7227,3.1131,0.9651,0.1871,0.1111,0.0149,0.0126,84.3
Bird Island,BI10,BI10.2,50,44.8,45.8,45.3,0.5,348,535,457,453,94,0.07983,0.01738,23957.36364,62848,1.370909091,7.818181818,256.7272727,37,33.72727273,8810.454545,205.1818182,46,300.5454545,852.7272727,42547.18182,6717.181818,6.335173834,1.845948979,0.157901783,-1.845948979,49264.36364,293.4945562,1565.954022,0.101632135,11.01651653,34.76518635,25.70213999,17.42464295,2023.674053,72.77337175,61.68143967,101.915027,99.39023182,758.6172709,121.0023291,0.122395674,0.019201716,0.003013647,0.019201715,817.241858,85.9,14.1,0.7,85.88,4.29,42.94,4.29,3.759803792,0.375630141,6.3762,3.5515,0.943,0.1548,0.0939,0.0124,0.0102,82.5
Bird Island,BI10,BI10.2,51,45.9,46.9,46.4,0.5,374,544,470,467,85,0.07984,0.01535,24155,62053.09091,1.374545455,10.72727273,228.9090909,50.18181818,39.36363636,8172.090909,197.3636364,63.54545455,302.9090909,884.0909091,42397,6672.272727,6.357444179,1.849253461,0.157412858,-1.849253462,49069.27273,453.4772321,1133.338295,0.091253892,11.06427502,30.83976182,21.8806681,16.80043289,673.6131612,115.5216627,56.88473193,69.39806128,64.28756419,762.7776871,166.4602601,0.182779022,0.028592983,0.004475297,0.028592983,803.3255991,84.86,15.14,0.76,86.82,4.34,43.41,4.34,3.770689829,0.376982121,5.8291,3.2905,1.0017,0.1787,0.1098,0.0143,0.0115,80.7
Bird Island,BI10,BI10.2,52,47.1,48.1,47.6,0.5,397,565,484,482,84,0.07983,0.01472,23439.45455,59324.54545,1.358181818,12.54545455,258.4545455,42.63636364,33.09090909,7171.090909,38.09090909,61.90909091,346.5454545,834.4545455,41171.18182,6346.909091,6.487740236,1.869696694,0.154203575,-1.869696695,47518.09091,838.6515801,2511.4443,0.091522476,12.3074257,25.65682613,11.5349272,17.02618305,1075.098177,34.32332893,63.4577884,58.08849049,56.75273321,1506.076746,217.0255536,0.142776223,0.021815497,0.003334757,0.021815497,1687.893981,85.55,14.45,0.72,81.13,4.06,40.57,4.06,3.703028877,0.370576713,5.8291,3.3488,0.9869,0.1667,0.1041,0.0133,0.0108,80.9
Bird Island,BI10,BI10.2,53,48.2,49.2,48.7,0.5,415,590,496,496,88,0.07983,0.01496,22690.81818,58001.27273,1.298181818,38.90909091,232.6363636,69.72727273,40.54545455,7027.636364,26.72727273,89.63636364,474.2727273,855.1818182,39999.81818,6372.909091,6.278146456,1.836836531,0.159357947,-1.836836531,46372.72727,380.0686302,1342.73021,0.099379896,44.98989786,26.49253754,33.29892163,21.55626886,968.5812586,39.40581406,60.79189539,89.23238303,131.6281263,1081.968652,175.9394524,0.145017571,0.02279516,0.003586593,0.02279516,1206.858574,83.57,16.43,0.82,60.2,3.01,30.1,3.01,3.404525172,0.340452517,5.6172,3.2776,0.9399,0.1848,0.117,0.0147,0.0121,82.1
Bird Island,BI10,BI10.2,54,49.3,50.3,49.8,0.5,431,612,509,509,91,0.04431,0.00833,23782.54545,58865.81818,1.302727273,12.54545455,216,30.36363636,32,4413.272727,14.63636364,48.09090909,221,970.5454545,43566.63636,6609.090909,6.592927335,1.885875918,0.1517146,-1.885875918,50175.72727,415.853427,920.7227398,0.071005762,9.511715264,27.06288972,18.22236388,18.89973545,708.4610209,40.27970389,65.10369351,105.8621745,90.8166985,549.8352977,99.84733802,0.107707507,0.016359697,0.002485303,0.016359698,588.7108103,77.63,22.37,1.12,49.27,2.46,24.64,2.47,3.204371139,0.321217399,5.7227,3.3993,0.9612,0.2769,0.1783,0.0123,0.0102,83.2
Bird Island,BI10,BI10.2,55,50.5,51.5,51,0.5,455,636,535,536,90,0.04071,0.00726,23702.09091,57402.09091,1.29,6.818181818,196.8181818,28.54545455,30.36363636,2451.181818,15.90909091,30.27272727,243,974.9090909,44039.36364,6768.545455,6.508490196,1.872894696,0.15371097,-1.872894696,50807.90909,304.301316,538.0545427,0.078993671,6.353238258,23.87809951,14.13763514,13.52237204,470.1350483,26.20097153,45.38301645,81.23669122,82.59231749,637.4090167,140.634536,0.140620798,0.021653959,0.003335766,0.021653958,689.5677566,86.19,13.81,0.69,61.69,3.08,30.85,3.09,3.42913675,0.343469451,5.9366,3.5916,1.0259,0.1644,0.1077,0.0067,0.0056,83.3
Bird Island,BI10,BI10.2,56,51.6,52.6,52.1,0.5,471,657,562,563,93,0.0407,0.00713,24220.27273,57781.36364,1.309090909,12.18181818,203.7272727,15.36363636,35.81818182,1270.181818,4.636363636,16,312.6363636,945.6363636,45279,6780,6.681686054,1.899127992,0.149735425,-1.899127993,52059,162.0858358,793.1871498,0.075293366,7.277611996,20.298231,14.19346841,20.09884664,355.5035353,11.33377896,26.20686933,93.08412617,107.2718721,327.7572272,169.548813,0.154218022,0.023097483,0.003461369,0.023097484,425.4167369,86.81,13.19,0.66,82.85,4.14,41.42,4.14,3.723763856,0.37219658,5.8291,3.582,1.0552,0.1604,0.1066,0.0065,0.0055,84
Bird Island,BI10,BI10.2,57,52.7,53.7,53.2,0.5,483,707,588,590,112,0.04071,0.0081,24227.18182,56961.45455,1.340909091,3.454545455,168.5454545,17.18181818,31.09090909,944.8181818,2.636363636,58.18181818,252.6363636,902.9090909,45065.18182,6667.181818,6.761273378,1.91107097,0.147942655,-1.91107097,51732.36364,185.9692545,591.5121915,0.094599635,6.517110347,30.80702399,15.73415509,15.86476943,197.5261087,8.743828993,76.48897722,109.9038423,114.2737542,382.1140715,136.5912283,0.118706483,0.017572073,0.00260167,0.017572073,468.737298,86.45,13.55,0.68,88.55,4.43,44.27,4.43,3.790307247,0.379287579,4.4279,2.7342,1.4925,0.2338,0.1561,0.0095,0.0082,86.6
Bird Island,BI10,BI10.2,58,53.9,54.9,54.4,0.5,498,763,617,620,132,0.0407,0.00907,24410,57361,1.314545455,12.18181818,186.9090909,28.45454545,34.36363636,840.9090909,3.454545455,30,244.3636364,927.0909091,45569,6684.818182,6.819021098,1.919552978,0.146696176,-1.919552977,52253.81818,163.024538,584.7897058,0.069478577,9.568888983,29.67980642,24.07223976,16.59682335,62.78766526,10.20160415,44.39369325,124.8377128,103.3512985,392.2945322,139.4136422,0.129772586,0.018886186,0.002749931,0.018886186,469.8590891,87.12,12.88,0.64,89.44,4.47,44.72,4.47,3.800420829,0.379872118,6.2648,3.9875,1.0984,0.1624,0.1115,0.0066,0.006,90.9
Bird Island,BI10,BI10.2,59,55,56,55.5,0.5,505,819,643,647,157,0.04071,0.01027,24585,57080.18182,1.415454545,6.818181818,185.9090909,16.72727273,32.90909091,844.8181818,8.636363636,13.81818182,157,938.6363636,45516.72727,6659.636364,6.837328336,1.922226073,0.146305552,-1.922226073,52176.36364,231.1748256,700.7765433,0.083948036,7.277611996,20.34430901,19.09497792,14.93622807,73.32778216,14.92831355,25.93383189,87.14011705,73.82854831,422.7091414,155.1517146,0.133765541,0.019311555,0.002788928,0.019311555,532.7690443,86.98,13.02,0.65,85.88,4.29,42.94,4.29,3.759803792,0.375630141,5.8291,3.7569,1.0867,0.1626,0.113,0.0066,0.0063,94.7
Bird Island,BI10,BI10.2,60,56.2,57.2,56.7,0.5,510,881,671,676,186,0.0407,0.01152,24233.09091,57267.18182,1.330909091,10,173.5454545,21,36.45454545,993,28.63636364,43.18181818,214.5454545,932.4545455,45203.27273,6755.727273,6.691657977,1.900814024,0.149454072,-1.900814024,51959,275.198639,690.0212777,0.102416263,11.93314711,20.37333373,22.47220505,20.52492941,158.5528303,23.58928879,48.21995061,94.27445427,79.68232381,507.4126705,96.17909431,0.068344645,0.010251037,0.001537666,0.010251038,578.7123638,86.85,13.15,0.66,90.7,4.54,45.35,4.54,3.814410177,0.38186157,6.1544,4.0373,1.0984,0.1663,0.1174,0.0068,0.0067,98.9
Bird Island,BI10,BI10.2,61,57.3,58.3,57.8,0.5,513,939,697,704,213,0.04071,0.01267,24232.09091,57341.36364,1.270909091,3.909090909,161.0909091,5.363636364,30.36363636,920.9090909,35,63.72727273,152.4545455,977.1818182,45651.72727,6738.545455,6.77662447,1.913332331,0.1476093,-1.91333233,52390.27273,133.6483854,467.1060421,0.067298521,5.855844012,24.43135095,6.771598442,20.91541406,72.40919078,19.16768113,59.52829732,86.85547034,121.7290583,335.7868642,125.9804458,0.122115181,0.017945186,0.002637861,0.017945187,393.1234134,86.56,13.44,0.67,89.9,4.5,44.95,4.5,3.805550761,0.380978385,5.9366,3.9478,1.0856,0.1685,0.1205,0.0069,0.007,102.6
Bird Island,BI10,BI10.2,62,58.4,59.4,58.9,0.5,517,1000,723,731,242,0.04011,0.0136,23787.45455,55955.63636,1.37,5,181.7272727,17.09090909,39.81818182,1072.818182,143.5454545,15.63636364,213.9090909,884.8181818,44227.81818,6491.090909,6.816632467,1.919182655,0.146753534,-1.919182654,50718.90909,321.6977972,1024.875531,0.086139422,6.340346994,38.05283408,10.77454914,17.18614664,146.8930347,47.36953375,23.04895975,66.89462541,75.60134679,670.183679,182.7842742,0.137121981,0.020033304,0.002927739,0.020033305,814.1142984,87.79,12.21,0.61,89.03,4.45,44.52,4.45,3.795938526,0.379423325,5.7227,3.8571,1.0337,0.1438,0.1041,0.0058,0.0061,106.3
Bird Island,BI10,BI10.2,63,59.6,60.6,60.1,0.5,524,1060,752,760,268,0.03457,0.01246,23591.90909,56521,1.400909091,6.636363636,187.6363636,19.36363636,31.81818182,1820.272727,246.0909091,63.90909091,276.8181818,883.7272727,43727.90909,6499.909091,6.73000824,1.906391466,0.148642916,-1.906391466,50227.81818,157.9882619,856.1903994,0.092785187,7.513623989,20.89149457,19.74979862,8.158654078,618.8331101,25.24858232,86.6619346,104.7881846,96.59719552,460.5313137,149.8188603,0.13642126,0.020119028,0.002968654,0.020119029,551.2149886,86.48,13.52,0.68,67.05,3.35,33.53,3.35,3.51244056,0.350929791,5.6172,3.8393,1.0944,0.1711,0.1255,0.0059,0.0065,109.4
Bird Island,BI10,BI10.2,64,60.7,61.7,61.2,0.5,577,1070,782,792,247,0.03456,0.01105,23300.72727,56377.72727,1.273636364,9.818181818,198.3636364,19.90909091,40.45454545,2609.909091,179.3636364,64.45454545,282.2727273,889.0909091,43050.81818,6462.727273,6.663580219,1.896500268,0.150116803,-1.896500269,49513.54545,282.2609045,750.1545295,0.071172007,7.440674456,29.23447529,15.9527712,20.89192972,264.8027396,50.63649421,67.2716339,119.8816841,99.58559589,615.7963654,155.0090906,0.122917152,0.01862343,0.002822923,0.018623429,723.7254125,85.64,14.36,0.72,83.31,4.17,41.65,4.17,3.729301369,0.373377832,5.6172,3.8955,1.1115,0.1864,0.1386,0.0064,0.0068,106.3
Bird Island,BI10,BI10.2,65,61.8,62.8,62.3,0.5,626,1084,813,824,229,0.03457,0.00989,23382.27273,57272.27273,1.309090909,8.636363636,198.5454545,26.18181818,45.27272727,2823.363636,288.6363636,35.09090909,245.1818182,938.8181818,43221.18182,6445.636364,6.709707537,1.903236954,0.149132848,-1.903236955,49666.81818,224.6780323,1024.102348,0.043001057,8.789456494,49.81237524,18.41096511,29.01065635,305.050577,104.9192763,42.74916267,74.72458522,81.69188232,303.0392114,174.2580114,0.17736952,0.026483737,0.003956626,0.026483737,379.0793632,86.28,13.72,0.69,82.08,4.1,41.04,4.11,3.714547201,0.371997783,5.8291,4.1066,1.0917,0.1736,0.131,0.006,0.0062,104
Bird Island,BI10,BI10.2,66,63,64,63.5,0.5,673,1098,849,859,213,0.03457,0.00883,23150.72727,56701.90909,1.306363636,9.454545455,245.8181818,30.63636364,40.90909091,2931.454545,474.2727273,83.18181818,445.3636364,889.6363636,41976.18182,6436,6.523748755,1.8752023,0.15336205,-1.8752023,48412.18182,340.7403971,1260.524054,0.078647661,6.408800767,27.50570189,15.46785523,18.11879988,205.6552278,68.03541858,78.40640048,97.69060623,84.82956174,912.5437872,141.4948762,0.151540689,0.023343421,0.003597455,0.02334342,982.073604,84.31,15.69,0.78,85.31,4.27,42.65,4.27,3.753027274,0.375742707,5.205,3.7034,1.1479,0.2137,0.1627,0.0074,0.0075,101.7
Bird Island,BI10,BI10.2,67,64.1,65.2,64.6,0.525,707,1112,883,891,203,0.03456,0.00815,22661.41667,55280.33333,1.319166667,17.83333333,251.6666667,54.5,49.16666667,2572.333333,464.9166667,122.3333333,570.1666667,903.1666667,40818.83333,6431.916667,6.347789481,1.847722769,0.157657004,-1.847722769,47250.75,631.5493874,1314.721079,0.083389375,18.62468222,43.75621168,47.49066894,36.82349382,329.9077924,57.30216295,97.9956709,167.2058249,129.0967455,1324.429746,173.9291697,0.182454354,0.029041933,0.004628057,0.029041933,1425.894432,77.02,22.98,1.15,80.57,4.03,40.28,4.03,3.695855068,0.369769015,5.5719,4.0229,1.0497,0.3133,0.2418,0.0108,0.0109,100.8
Bird Island,BI10,BI10.2,68,65.3,66.3,65.8,0.475,746,1128,918,925,191,0.03457,0.00739,20705.72727,51237,1.251818182,32.54545455,305.6363636,76.18181818,41.18181818,2818.727273,470.4545455,172.0909091,682.8181818,841.5454545,36891.90909,5911.181818,6.245344513,1.831418479,0.16025324,-1.831418478,42803.09091,669.577791,1753.774159,0.072085807,25.42189464,36.57395994,24.66097395,21.00389574,239.7824393,81.48418698,98.77900034,99.38995742,104.4235257,1387.844621,266.3804866,0.189186661,0.030332457,0.004866416,0.030332457,1594.1955,80.73,19.27,0.96,52.45,2.62,26.23,2.62,3.266903794,0.326316734,5.4365,3.9904,1.0101,0.2411,0.189,0.0083,0.0083,99.8
Bird Island,BI10,BI10.2,69,66.4,67.4,66.9,0.5,773,1144,954,957,185,0.03456,0.00695,20926.54545,52668.36364,1.342727273,68,255.9090909,127.3636364,88.45454545,4817.818182,405.4545455,336.4545455,836.8181818,860.5454545,35888.18182,6168.545455,5.81782803,1.760327561,0.172092247,-1.760327561,42056.72727,998.7444482,2831.512786,0.09155227,58.02068597,30.82678882,73.73909781,38.57036074,1579.285397,78.48995303,154.3686261,145.9258841,105.4081246,2133.610546,286.9530845,0.210676229,0.036369043,0.006286367,0.036369044,2367.715654,78.86,21.14,1.06,40.5,2.02,20.25,2.03,3.008154794,0.301558234,4.8086,3.556,1.0458,0.2803,0.2213,0.0097,0.0096,99.1
Bird Island,BI10,BI10.2,70,67.5,68.5,68,0.5,799,1162,989,989,182,0.03457,0.00661,23560.27273,57817.63636,1.287272727,23.72727273,241.6363636,76.81818182,38.18181818,3165.272727,283.1818182,120.9090909,556.4545455,937.7272727,42176.36364,6695.818182,6.300799534,1.839968061,0.158936539,-1.839968061,48872.18182,1001.908987,1973.39972,0.056936967,16.77552329,42.40347327,37.54415582,29.34558973,462.0926511,111.9542926,88.50249098,149.7213169,131.6465654,1857.676305,219.495703,0.247119729,0.039611306,0.006356716,0.039611305,1978.015562,81.98,18.02,0.9,77.42,3.87,38.71,3.87,3.656097965,0.365515348,5.1045,3.8335,1.0279,0.226,0.181,0.0078,0.0078,99.2
Bird Island,BI10,BI10.2,71,68.7,69.8,69.2,0.55,826,1194,1027,1024,184,0.0397,0.00745,24090.25,59035.08333,1.284166667,18.16666667,302.75,41,41.41666667,2420,143.4166667,62.58333333,498,953.8333333,44307.25,6735.5,6.580597868,1.88383042,0.152050972,-1.883830419,51042.75,282.6350442,1145.288567,0.106724653,13.14833784,36.45202326,19.59127821,17.0371697,331.6956436,53.64946553,92.78465619,133.9966078,94.65807686,855.8962474,156.2407815,0.168230835,0.02528636,0.003803778,0.025286361,914.2364052,76.84,23.16,1.16,65.27,3.26,32.63,3.26,3.485232111,0.348202779,5.7255,4.36,1.0071,0.3035,0.2463,0.012,0.012,99.9
Bird Island,BI10,BI10.2,72,69.9,70.9,70.4,0.5,859,1223,1058,1054,182,0.0565,0.01017,23393.09091,57486.27273,1.314545455,33.72727273,391.9090909,50.18181818,45.45454545,2331,162.0909091,53.27272727,444.8181818,932.7272727,43369.09091,6526.909091,6.646268317,1.893842362,0.1505249,-1.893842362,49896,586.3342826,1431.227521,0.097197082,13.98635699,52.30383264,21.29703351,20.52005671,311.4723102,70.13480526,61.68158706,76.58827349,151.8038807,1035.719407,163.0352444,0.143139617,0.021717501,0.00329726,0.0217175,1142.01296,82.45,17.55,0.88,86.37,4.32,43.19,4.32,3.765608987,0.376648086,5.4091,4.1786,1.0584,0.2253,0.1853,0.0127,0.0128,100.3
Bird Island,BI10,BI10.2,73,71,72.1,71.6,0.55,909,1230,1075,1075,161,0.05647,0.00888,22358,54797.33333,1.255,16.33333333,293.25,36.5,31.08333333,1529.416667,56.83333333,43.83333333,475.1666667,888.25,42146.08333,6417.75,6.568463656,1.882161797,0.152278615,-1.882161796,48563.83333,489.4046476,1022.374183,0.067621944,9.028574168,72.98209619,15.22856168,12.33220716,195.855911,45.18413505,59.09135198,73.98873788,90.92666876,698.5248689,138.5949789,0.105389032,0.016063032,0.002449044,0.016063031,798.5264649,83.95,16.05,0.8,84.44,4.22,42.22,4.22,3.742894042,0.3741121,6.0639,4.7481,0.9981,0.1909,0.159,0.0108,0.0107,99
Bird Island,BI10,BI10.2,74,72.3,73.3,72.8,0.525,946,1239,1092,1096,147,0.05647,0.00796,22936.81818,55037.45455,1.275454545,10.36363636,227.5454545,21.72727273,31.09090909,1222,29.45454545,33.45454545,471.0909091,880.1818182,42857.45455,6456.909091,6.642236166,1.89310324,0.150655967,-1.89310324,49314.36364,514.3160153,1191.633447,0.092559563,9.113426658,45.63192662,18.75148479,21.32817172,285.7379919,39.02400194,61.78246294,74.48416549,54.99966942,676.1263733,212.658155,0.182766242,0.027595369,0.004170505,0.02759537,811.0159398,85.15,14.85,0.74,69.51,3.48,34.75,3.48,3.548179572,0.355328487,5.3597,4.2395,1.0184,0.1777,0.1494,0.01,0.0099,98.2
Bird Island,BI10,BI10.2,75,73.5,74.5,74,0.525,977,1248,1110,1118,136,0.0565,0.00725,22486.81818,55054,1.304545455,24.81818182,250.1818182,52,37.90909091,1984,13,52.09090909,420.8181818,957.6363636,42047.45455,6403.090909,6.57081814,1.882398277,0.152261079,-1.882398278,48450.54545,787.6245068,1918.424823,0.080791539,25.79852004,37.27953375,27.62607464,17.03792561,427.2767253,21.81284026,67.68966619,64.80249715,124.5730892,1290.016772,269.2587806,0.151142069,0.022972502,0.003493561,0.0229725,1525.334741,84.37,15.63,0.78,84.05,4.2,42.02,4.2,3.738145695,0.373636647,5.7883,4.648,1.0913,0.2021,0.1724,0.0114,0.0112,98.1
Bird Island,BI10,BI10.2,76,74.6,75.6,75.1,0.5,996,1260,1127,1137,132,0.05647,0.00691,21994.81818,53444.36364,1.296363636,13,230.4545455,34.72727273,38.18181818,1901.818182,10.90909091,42.54545455,394.8181818,868,40949.72727,6149.727273,6.660568701,1.896096732,0.150169728,-1.896096732,47099.45455,566.2387868,1204.768548,0.094368716,9.455157323,41.59895104,11.99242185,9.76543068,243.8580809,20.88757787,52.83438963,110.5756015,130.5771802,756.5248299,161.5197145,0.102977691,0.015406078,0.002305289,0.015406078,894.2205951,84.11,15.89,0.79,79.55,3.98,39.78,3.98,3.683364273,0.368521614,4.4279,3.5755,1.1827,0.2235,0.1916,0.0126,0.0124,98
Bird Island,BI10,BI10.2,77,75.8,76.8,76.3,0.5,1017,1277,1150,1158,130,0.05647,0.00671,22405.09091,54730.27273,1.264545455,25.09090909,306.6363636,50.45454545,35.45454545,2236,6,61.72727273,482.3636364,941.6363636,41484.81818,6264.636364,6.624053263,1.890473473,0.151035585,-1.890473474,47749.45455,309.3604547,919.514447,0.068755165,15.14895736,32.22506083,19.92166477,8.801859308,241.3031289,12.4498996,54.27723447,115.2903055,159.1039112,581.9377661,115.3778772,0.150382501,0.0226814,0.00342184,0.0226814,598.4059431,84.47,15.53,0.78,58.96,2.95,29.48,2.95,3.383712067,0.338600767,4.712,3.8591,1.1355,0.2087,0.1814,0.0118,0.0116,98.8
Bird Island,BI10,BI10.2,78,76.9,77.9,77.4,0.5,1032,1302,1174,1178,135,0.0565,0.00685,22754.09091,55848.09091,1.272727273,28.81818182,278.2727273,52.36363636,43,2247.818182,24.45454545,85.72727273,476,927.6363636,42304.36364,6482.727273,6.526596246,1.875788343,0.153248976,-1.875788343,48787.09091,249.8593422,539.8947035,0.102380751,12.51253917,33.1363574,16.45765917,24.26520142,184.9188028,43.68378106,71.73435845,158.3432979,120.6526193,364.8792328,82.11953593,0.095577576,0.014614799,0.002235296,0.014614799,381.9747255,82.55,17.45,0.87,73.29,3.66,36.64,3.67,3.60114054,0.36070376,4.3352,3.5852,1.0459,0.2211,0.1939,0.0125,0.0125,99.8
Bird Island,BI10,BI10.2,79,78.1,79.1,78.6,0.525,1049,1334,1199,1199,142,0.06525,0.00819,22520.7,55087,1.334,34.4,358.4,85.6,46.5,2266.2,44.6,84,640.4,872.6,41452.2,6373.7,6.505523943,1.872446279,0.153778577,-1.87244628,47825.9,484.1127164,1350.466257,0.074565408,10.62700961,60.81337572,23.81969307,22.3420381,260.1456003,39.4270071,81.00891583,84.94599592,117.010161,1225.677572,210.070914,0.139186174,0.021347619,0.003275349,0.021347621,1394.56783,83.35,16.65,0.83,74.93,3.75,37.47,3.75,3.623540613,0.362644177,3.8992,3.25,1.0517,0.2101,0.1856,0.0137,0.0138,100.9
Bird Island,BI10,BI10.3,84,80,81,80.5,0.5,1078,1383,1228,1228,153,0.11538,0.01505,23305.5,56089.8,1.359,24.8,264.6,59,39.6,2747.5,74,129.2,467,855.6,41785.9,6389,6.542561287,1.878115961,0.152911138,-1.878115961,48174.9,718.4277973,1748.951864,0.072793467,37.58191054,29.21643373,33.54930037,24.60442598,738.4785034,46.20485785,102.3162852,89.06551895,131.669789,1122.610296,206.5257584,0.140667747,0.021867458,0.003401228,0.021867458,1280.986898,83.75,16.25,0.81,72.37,3.62,36.18,3.62,3.58850648,0.359049018,3.6287,3.2041,0.8837,0.1715,0.16,0.0198,0.021,106.3
Bird Island,BI10,BI10.3,85,81.2,82.2,81.7,0.525,1096,1389,1238,1239,146,0.11538,0.01436,22975.63636,55043.54545,1.306363636,26.54545455,271.6363636,63.90909091,33.27272727,2034.909091,37.63636364,132.3636364,556,888.5454545,41078.72727,6495.272727,6.323577519,1.843883553,0.158264914,-1.843883553,47574,948.076186,2706.749318,0.073521796,10.89370127,30.08080028,24.38628527,20.406327,324.739728,42.11002904,96.05235315,146.6144604,68.55415908,2207.714297,274.6863997,0.188656392,0.029668083,0.004669152,0.029668084,2443.028735,83.07,16.93,0.85,78.22,3.91,39.11,3.91,3.666378189,0.366544074,4.5519,4.0831,0.9536,0.1944,0.1841,0.0224,0.024,107.1
Bird Island,BI10,BI10.3,86,82.4,83.4,82.9,0.525,1115,1396,1248,1249,140,0.11538,0.01371,22044.72727,53470.90909,1.296363636,17.90909091,243.9090909,53.81818182,47.90909091,1486.090909,31.09090909,82.81818182,480.2727273,896.9090909,40955.54545,6278.090909,6.52738766,1.874809907,0.153575186,-1.874809907,47233.63636,510.2546601,1477.616422,0.08053232,10.57784993,48.38688778,18.31293631,19.63392241,204.0820691,40.5177851,97.67785643,265.0973749,135.919428,1733.343841,140.8988677,0.328425534,0.051825183,0.008196287,0.051825183,1719.132588,82.29,17.71,0.89,74.53,3.73,37.27,3.73,3.618188713,0.362110113,4.4556,4.039,0.8432,0.1815,0.1736,0.0209,0.0225,107.5
Bird Island,BI10,BI10.3,87,83.6,84.6,84.1,0.525,1128,1404,1258,1259,138,0.11538,0.01337,22359.63636,53713.81818,1.296363636,18.63636364,220.9090909,27.09090909,32.90909091,1435.909091,2.363636364,30.63636364,379.1818182,871.2727273,41609.18182,6182.909091,6.730487383,1.906437885,0.148640131,-1.906437886,47792.09091,589.0341709,1381.672524,0.079909039,6.407382106,30.98210627,12.09507789,14.06025992,167.0469722,7.839294959,48.6462182,77.63867359,107.9139388,1068.325308,130.4901947,0.144188425,0.021505564,0.003209158,0.021505565,1149.905166,83.82,16.18,0.81,77.53,3.88,38.76,3.88,3.657388787,0.366116318,4.6493,4.2657,1.0545,0.2036,0.1969,0.0235,0.0254,108.3
Bird Island,BI10,BI10.3,88,84.8,85.8,85.3,0.525,1140,1414,1267,1270,137,0.11538,0.01316,21329.45455,51592.63636,1.240909091,3.636363636,223.5454545,23.45454545,21.45454545,1101.818182,36.45454545,48.45454545,379.7272727,907.8181818,40259.81818,6034.909091,6.675364633,1.898067299,0.149911105,-1.898067298,46294.72727,650.8833019,1359.070438,0.090161471,5.005451573,26.12417898,17.85140687,15.15495718,119.6334553,39.97340025,67.97111686,88.63531002,62.34551817,896.363522,199.4965937,0.18749813,0.02796726,0.004174895,0.02796726,1018.184864,83.38,16.62,0.83,73.08,3.65,36.54,3.66,3.598407551,0.360431627,4.9476,4.5963,0.9241,0.1842,0.1804,0.0213,0.0232,109.3
Bird Island,BI10,BI10.3,89,86,87,86.5,0.525,1151,1426,1277,1280,137,0.11538,0.01307,21786,52754.09091,1.272727273,14.63636364,230.6363636,30.18181818,36.90909091,1401.636364,50.63636364,83.18181818,391.2727273,887.7272727,40493.63636,6156.181818,6.586049924,1.884557175,0.151956503,-1.884557174,46649.81818,588.8850482,1473.49472,0.042211588,9.98271233,35.59009055,13.81172098,18.50650991,219.9264753,28.38405442,69.50657261,109.2520855,95.43593758,969.7299905,306.0198746,0.194620365,0.029532248,0.004483934,0.029532248,1256.161042,85.1,14.9,0.75,86.35,4.32,43.18,4.32,3.765377425,0.376712146,4.8471,4.549,0.9986,0.1748,0.1728,0.0202,0.0222,110.2
Bird Island,BI10,BI10.3,90,87.2,88.2,87.7,0.5,1159,1439,1286,1291,140,0.11542,0.01322,22961.90909,55421.72727,1.300909091,8.090909091,234.7272727,19.54545455,38.63636364,1852.818182,111.4545455,33.81818182,310.1818182,905.7272727,42616.72727,6327.090909,6.740648536,1.907762833,0.148469951,-1.907762833,48943.81818,486.0924716,1024.246073,0.066099099,10.75597086,25.09219364,12.84806317,15.35104379,169.1554422,44.646083,41.20878106,67.31540415,78.14869277,784.055877,211.6437831,0.199069362,0.029357503,0.004331835,0.029357503,906.7406264,85.05,14.95,0.75,82.48,4.12,41.24,4.12,3.719408659,0.371580109,5.6172,5.356,0.9853,0.1732,0.1738,0.02,0.0223,111.8
Bird Island,BI10,BI10.3,91,88.4,89.3,88.8,0.475,1165,1453,1296,1300,144,0.11538,0.01339,22576.6,54219.9,1.275,10.3,247.6,28.8,49.4,1750.5,64,39.3,360.5,832.5,41757.1,6283.9,6.646220998,1.893973933,0.150483806,-1.893973934,48041,305.6476548,819.6396837,0.071219535,8.340663443,25.76474766,27.05467715,15.09378091,126.4482766,36.935379,36.83612357,51.02994763,113.3041629,675.3396594,136.4563015,0.085717267,0.012850515,0.001926869,0.012850515,790.1738205,85.23,14.77,0.74,79.42,3.97,39.71,3.97,3.681603045,0.368067592,4.7546,4.5668,1.1,0.1906,0.1926,0.022,0.0248,112.7
Bird Island,BI10,BI10.3,92,89.5,90.5,90,0.5,1170,1472,1306,1311,151,0.11294,0.01363,21625.45455,52836.54545,1.260909091,24.72727273,268.1818182,38,37.90909091,2383.727273,53.54545455,41.36363636,424.2727273,879,39849.72727,6122.545455,6.51091936,1.873092972,0.153707512,-1.873092972,45972.27273,801.681154,1762.613591,0.094599635,11.36741755,41.55915827,20.11964214,23.61124539,622.2465895,28.25725973,52.72432594,75.91981416,146.8012262,1253.319998,182.7820361,0.189783659,0.029234407,0.004506684,0.029234407,1362.307094,82.27,17.73,0.89,84.73,4.24,42.36,4.24,3.746204521,0.374974201,5.3066,5.158,0.9022,0.1944,0.1987,0.022,0.0251,114.3
Bird Island,BI10,BI10.3,93,90.6,91.6,91.1,0.5,1190,1476,1314,1320,143,0.11289,0.01284,21639.45455,54542.90909,1.366363636,17,257.3636364,56.09090909,44.09090909,5684.363636,79.45454545,57.63636364,468.9090909,823.2727273,38281.81818,5967.818182,6.418158062,1.858337662,0.156055288,-1.858337662,44249.63636,526.4667822,2625.114758,0.10547727,5.019960159,22.24083059,41.91766822,11.48437674,3219.343016,59.94057663,70.68418879,127.833841,76.14734521,1531.673648,189.3593505,0.268275617,0.041774895,0.006513513,0.041774896,1606.060228,83.77,16.23,0.81,82.66,4.13,41.33,4.13,3.721588629,0.371888726,5.6172,5.5245,0.8956,0.1736,0.1794,0.0196,0.0225,114.7
Bird Island,BI10,BI10.3,94,91.8,92.8,92.3,0.5,1212,1481,1323,1331,134,0.11299,0.01202,22407.54545,56415.72727,1.334545455,17.72727273,243.8181818,48.27272727,37.63636364,5678.545455,101.0909091,32.36363636,373.2727273,819.8181818,40526.36364,6202.909091,6.534687937,1.876994139,0.153069408,-1.876994139,46729.27273,273.7036221,2127.119418,0.097402632,11.43757762,17.39435645,13.67545911,15.95789916,2395.446237,50.37152875,43.44484487,78.18962963,84.70279592,636.1703031,120.2767264,0.110760268,0.016936991,0.002590542,0.016936992,710.2433514,84.08,15.92,0.8,23.73,1.19,11.87,1.19,2.474014209,0.248026698,5.8291,5.7971,0.9319,0.1765,0.1843,0.0199,0.0229,115.1
Bird Island,BI10,BI10.3,95,93,94,93.5,0.5,1233,1487,1332,1342,127,0.11287,0.01132,21085,51886,1.319090909,26.63636364,242,100.8181818,52.36363636,3160.363636,5.090909091,107.1818182,657.6363636,834.5454545,38250.63636,5976.090909,6.401633636,1.855807878,0.156443694,-1.855807879,44226.72727,872.1308388,2411.738543,0.085376173,16.8598501,36.4280112,72.27975952,22.839758,725.0415537,10.01453489,83.24279931,307.6992924,85.4977937,2260.375291,279.3658728,0.258608262,0.040543299,0.006363537,0.040543299,2471.743477,84.51,15.49,0.77,71.74,3.59,35.87,3.59,3.579901292,0.358289535,5.4091,5.4227,0.926,0.1698,0.1787,0.0192,0.0221,115.3
Bird Island,BI10,BI10.3,96,94.1,95,94.5,0.425,1249,1491,1341,1350,121,0.11294,0.01062,19055.1,48083.2,1.24,81.1,256.1,131.8,61.7,4241.8,4.6,229,852.5,787.1,33329.5,5592.2,5.962439309,1.784413972,0.168069828,-1.784413972,38921.7,1078.452848,2552.806726,0.056764621,38.64784024,55.4144987,43.65470574,30.63059473,858.4899922,8.208396785,144.121862,193.5419851,104.3471237,2182.891011,295.7858835,0.293987337,0.048350855,0.007968613,0.048350855,2388.287348,77.57,22.43,1.12,43.4,2.17,21.7,2.17,3.077312261,0.307731226,4.6858,4.7467,0.8242,0.2383,0.2533,0.0269,0.0311,115.7
Bird Island,BI10,BI10.3,97,95.1,96.1,95.6,0.5,1264,1497,1350,1360,117,0.11299,0.0103,21650.81818,53987.54545,1.276363636,17.36363636,203.9090909,49.54545455,36.27272727,3801.454545,81.72727273,90.27272727,491.4545455,846.1818182,39572.81818,6226.636364,6.357747552,1.848857896,0.157547177,-1.848857896,45799.45455,841.7459021,3051.663788,0.065768188,13.50016835,25.81261143,20.46149377,16.94161096,1740.813681,75.11603146,99.79187433,285.4513491,127.6901078,1785.577375,206.2722825,0.267575293,0.042525214,0.006768783,0.042525213,1891.22687,70.92,29.08,1.45,42.79,2.14,21.4,2.14,3.063390922,0.306339092,6.045,6.1991,0.806,0.3306,0.3555,0.0374,0.0436,116.7
Bird Island,BI10,BI10.3,98,96.3,97.3,96.8,0.5,1278,1505,1359,1371,114,0.11294,0.00996,20358.09091,49648.18182,1.288181818,39.81818182,210.3636364,79.90909091,54.63636364,3007.090909,11.36363636,179,687.0909091,857.9090909,36182.81818,5897.909091,6.129922695,1.812791718,0.163261797,-1.812791717,42080.72727,1009.266115,3019.534958,0.058278329,24.97926413,43.64693054,24.39038559,16.42116151,344.6869462,33.31147768,105.1655837,135.9481184,86.34865899,2511.390484,285.0955821,0.179411937,0.029328053,0.004797626,0.029328053,2782.5318,72.66,27.34,1.37,78.62,3.93,39.31,3.93,3.671478939,0.367054496,5.6172,5.8053,0.9172,0.3451,0.374,0.039,0.0457,117.2
Bird Island,BI10,BI10.3,99,97.4,98.4,97.9,0.5,1290,1512,1368,1381,111,0.11289,0.00968,22064.18182,53839.81818,1.308181818,23.54545455,255.7272727,80.09090909,35.45454545,1810.909091,0.272727273,101.2727273,683.8181818,954.2727273,41169.81818,6211.818182,6.628645382,1.890575374,0.15111211,-1.890575373,47381.63636,793.459995,1475.165538,0.059802706,12.27488197,20.31300524,29.91806994,18.94393642,341.3205105,0.904534034,92.62298949,153.1364217,102.7911386,1717.221524,101.9537328,0.279531144,0.042826211,0.006570489,0.042826211,1735.848627,78.62,21.38,1.07,53.05,2.65,26.52,2.65,3.277899165,0.327542714,5.7227,5.9744,0.9262,0.2519,0.2756,0.0284,0.0335,118
Bird Island,BI10,BI10.3,100,98.6,99.6,99.1,0.5,1300,1519,1380,1391,110,0.07937,0.00665,22099.54545,53649.09091,1.341818182,17.54545455,291.1818182,38.36363636,42.09090909,1738.727273,10.09090909,51.27272727,416.9090909,899.8181818,41157.63636,6101.636364,6.749539538,1.909277917,0.148216365,-1.909277917,47259.27273,833.8708969,1759.021401,0.083763737,13.70666726,50.54269123,12.87068551,13.84524861,548.0178995,20.12190123,54.42075139,76.06898783,126.6647687,996.3910149,236.981549,0.14050384,0.020769374,0.003071305,0.020769374,1211.639475,82.62,17.38,0.87,85.25,4.26,42.62,4.26,3.752323627,0.37505628,4.8086,5.0466,0.9717,0.2045,0.2248,0.0162,0.0192,118.3
Bird Island,BI10,BI10.3,101,99.8,100.8,100.3,0.525,1315,1534,1395,1406,109,0.0419,0.00347,21899.45455,53176.54545,1.309090909,7.727272727,228.0909091,31.27272727,36.27272727,1764.090909,27.45454545,48.63636364,359.2727273,871.4545455,41011.90909,6079.636364,6.7476308,1.909029372,0.14824783,-1.909029372,47091.54545,537.979807,1178.058518,0.091154215,10.05078016,37.87731391,15.80563766,15.67858992,467.8340421,41.09589672,54.1041084,116.8110362,86.90841574,950.1299337,170.8983749,0.128456275,0.018807286,0.002755048,0.018807287,1083.091627,82.36,17.64,0.88,85.47,4.27,42.74,4.27,3.75513525,0.375162085,6.0088,6.3933,0.8976,0.1922,0.2142,0.0081,0.0096,119.7
Bird Island,BI10,BI10.3,102,101,101.9,101.4,0.475,1335,1562,1420,1433,113,0.04191,0.00352,23136.1,54921.2,1.461,8.5,221,28.5,39.1,1159.7,0.272727273,95.6,467.2,853.1,43108.1,6194.6,6.960597499,1.940175471,0.143691639,-1.940175471,49302.7,210.9056925,784.7697185,0.092670264,9.216531042,54.54661615,20.39199189,20.43118531,302.9396896,0.904534034,65.15656358,109.7662162,90.96085849,415.0856538,124.9526132,0.098377379,0.014128466,0.002029341,0.014128466,518.0193154,82.85,17.15,0.86,78.79,3.94,39.39,3.94,3.673511977,0.367444458,5.4365,5.8388,0.891,0.1844,0.2073,0.0077,0.0093,120.8
Bird Island,BI10,BI10.3,103,102.1,103.1,102.6,0.5,1348,1604,1449,1461,128,0.04192,0.00388,23245.54545,55669.27273,1.456363636,11.63636364,211.5454545,38.36363636,37.63636364,1220.454545,16.63636364,63.54545455,423.8181818,890.2727273,43572.81818,6486.909091,6.719611736,1.904859518,0.148868803,-1.904859518,50059.72727,297.3191429,879.9261436,0.088235223,10.60445875,38.24490459,13.35120015,15.9954539,290.1821372,26.65060122,68.29840941,86.18099348,167.1514827,606.7468695,166.1742787,0.130745669,0.019353484,0.002865767,0.019353484,729.783268,84.25,15.75,0.79,85.19,4.26,42.59,4.26,3.751619484,0.375250035,5.9366,6.4412,0.948,0.1772,0.2011,0.0074,0.0091,122.7
Bird Island,BI10,BI10.3,104,103.2,104.2,103.7,0.475,1358,1649,1477,1487,145,0.04191,0.00429,23485.90909,56468.36364,1.455454545,19.63636364,254.2727273,62.90909091,50.54545455,1610.090909,24.72727273,59.54545455,547.2727273,914.3636364,43429,6444.272727,6.741645206,1.908147997,0.148378059,-1.908147997,49873.27273,239.911423,960.8919058,0.080667668,18.67764828,55.96086295,77.92747211,9.595453469,562.2788373,30.60748572,72.52911641,137.9138071,104.60332,552.6917767,162.0747302,0.124811307,0.018531417,0.002752184,0.018531417,676.2464182,83.17,16.83,0.84,84.12,4.21,42.06,4.21,3.73909717,0.374265314,5.3363,5.8353,0.944,0.191,0.2184,0.008,0.01,124.6
Bird Island,BI10,BI10.3,105,104.4,105.4,104.9,0.5,1366,1718,1505,1516,176,0.0419,0.00506,22313.09091,54621.63636,1.522727273,27,236.8181818,97,63.54545455,2843.363636,10.27272727,221.8181818,742.0909091,867,40621.27273,6303.727273,6.444819857,1.86177253,0.155630203,-1.86177253,46925,1128.335629,2697.7209,0.119924218,16.78094157,62.69899231,85.24318155,28.570487,1414.61297,22.30735712,173.4276899,181.2017961,139.4546521,3007.795009,309.0485693,0.37106643,0.057497022,0.008923076,0.057497022,3211.682705,83.49,16.51,0.83,87.19,4.36,43.6,4.36,3.77505715,0.377505715,6.2648,6.932,0.9497,0.1878,0.2171,0.0079,0.01,127.7
Bird Island,BI10,BI10.3,106,105.5,106.5,106,0.5,1372,1780,1528,1542,204,0.04191,0.00575,23954.09091,56819.09091,1.463636364,10.81818182,272.6363636,41.72727273,49.63636364,1437.818182,4,33.27272727,470.0909091,837.4545455,44491.09091,6499,6.84897637,1.923887524,0.146069016,-1.923887522,50990.09091,294.4742619,1141.524547,0.08476706,8.494918267,39.62139,30.61075272,23.06630758,309.987683,9.176055798,36.95156535,93.03166616,68.08283724,700.4821846,181.7124101,0.147872002,0.021575093,0.003148852,0.021575092,830.0087294,84.86,15.14,0.76,82.22,4.11,41.11,4.11,3.716251401,0.371534742,5.205,5.7854,1.0364,0.185,0.2148,0.0078,0.0101,129.9
Bird Island,BI10,BI10.3,107,106.7,107.7,107.2,0.525,1377,1855,1552,1571,239,0.04191,0.00657,23464,56592.45455,1.347272727,9.363636364,275.4545455,35.36363636,38.27272727,2337.454545,12.72727273,54.54545455,554.3636364,885.5454545,43058.45455,6370.363636,6.761749787,1.911000187,0.147973688,-1.911000187,49428.81818,543.7944465,1554.609814,0.070723533,8.09039835,44.92741621,15.41604831,18.95305204,1073.050173,24.49935064,57.67904929,90.04140462,116.1484943,788.5266468,148.5727248,0.168922536,0.024839532,0.003654839,0.024839531,848.1677686,82.9,17.1,0.85,87.01,4.35,43.51,4.35,3.772990797,0.377212364,6.4621,7.2763,1.0153,0.2094,0.2463,0.0088,0.0117,133.3
Bird Island,BI10,BI10.3,108,107.9,108.9,108.4,0.5,1382,1931,1574,1600,275,0.04192,0.00739,21230.18182,50979.09091,1.317272727,6.818181818,220.2727273,35.72727273,45.18181818,2768,35.81818182,69,423.8181818,776.2727273,37859.45455,5861.818182,6.455651187,1.864391568,0.155078688,-1.864391569,43721.27273,1076.342679,2777.25474,0.067983955,7.626508793,33.59788954,15.45374329,10.86110659,2174.04172,36.41103729,75.50231785,83.76612463,102.729831,3051.008075,377.6381385,0.226562906,0.035308253,0.005509373,0.035308254,3397.331073,83.06,16.94,0.85,87.19,4.36,43.59,4.36,3.774827766,0.377569375,5.5127,6.2458,0.9748,0.1988,0.2352,0.0083,0.0113,135.9
Bird Island,BI10,BI10.3,109,109,110,109.5,0.5,1386,2002,1597,1626,308,0.04167,0.00809,20758.90909,64888.81818,1.471818182,6.909090909,250,31.63636364,36.45454545,23539.81818,436.6363636,43,304.4545455,598.9090909,31484.09091,5352.090909,5.883158052,1.771908709,0.170039884,-1.771908709,36836.18182,450.5351162,4559.767951,0.080475857,5.629467923,40.40792002,23.94691098,21.71342274,5141.157279,180.1101178,67.87193824,81.70723791,86.46901705,1243.784905,196.5815121,0.118226474,0.020213569,0.00345755,0.020213569,1416.661838,81.89,18.11,0.91,80.4,4.02,40.2,4.02,3.693866996,0.3693867,5.5127,6.301,0.9849,0.2178,0.2599,0.0091,0.0126,138.7
Bird Island,BI10,BI10.3,110,110.2,111.2,110.7,0.5,1411,2043,1624,1655,316,0.04149,0.00811,21264.27273,66148.63636,1.453636364,5.181818182,184.2727273,34.90909091,44.90909091,24266.09091,481.5454545,13.18181818,342.9090909,664.9090909,32128.54545,5416.454545,5.932207502,1.779981168,0.168712,-1.779981168,37545,550.6672481,2837.812865,0.092765589,6.705492999,16.84690422,16.6640604,15.63620507,2034.902379,61.33084646,27.02154023,65.04376149,102.0229921,1472.234449,202.2351916,0.178495678,0.030293669,0.005145704,0.03029367,1629.159783,82.94,17.06,0.85,79.31,3.97,39.66,3.97,3.680343123,0.368405502,5.5127,6.3561,1.0851,0.2232,0.2685,0.0093,0.013,139.8
Bird Island,BI10,BI10.3,111,111.4,112.4,111.9,0.5,1439,2053,1658,1683,307,0.04149,0.00775,21577.27273,65076.81818,1.496363636,8.181818182,179.4545455,28.36363636,39.18181818,21745.18182,176.0909091,47,287.2727273,635.7272727,33835.81818,5640.636364,6.001075181,1.79163174,0.166739497,-1.79163174,39476.45455,213.1253579,3130.409201,0.106044588,7.678778312,37.25416389,23.50009671,12.33546255,3288.91325,100.8101726,62.22057538,74.56955265,88.88204645,449.755004,114.8836566,0.155357049,0.026033054,0.004364114,0.026033055,446.4236471,83.2,16.8,0.84,81.3,4.07,40.65,4.07,3.704998836,0.370955603,4.8086,5.5756,1.2777,0.2579,0.312,0.0107,0.0149,139.6
Bird Island,BI10,BI10.3,112,112.5,113.6,113,0.525,1455,2066,1690,1710,305,0.04149,0.0076,22100.33333,65107,1.443333333,4.75,165.5,26.41666667,46.41666667,19320.83333,17,44.75,266.1666667,750.25,36015.16667,5819.833333,6.191360336,1.822800698,0.161628571,-1.822800698,41835,269.7235397,1638.76489,0.112195716,6.770591488,33.60059523,11.5243484,15.38274318,1432.183319,23.93931722,62.52435889,100.6468473,60.00776465,705.5244127,150.9580516,0.174069617,0.02764174,0.004395365,0.027641741,762.5198656,84.17,15.83,0.79,82.65,4.13,41.33,4.13,3.721588629,0.371888726,6.578,7.7391,0.9912,0.1864,0.2286,0.0077,0.0109,141
Bird Island,BI10,BI10.3,113,113.7,114.8,114.3,0.525,1470,2084,1730,1741,307,0.04148,0.00751,23117.08333,62732,1.4025,2.583333333,179.1666667,21.91666667,35.33333333,12689.5,0.272727273,39.83333333,226.8333333,784.5833333,39544.5,6166.5,6.415369753,1.858275285,0.156007122,-1.858275285,45711,607.6698353,1821.910486,0.069690876,3.964807305,28.46954779,16.46184753,25.11549081,2898.702609,0.904534034,53.17352953,107.4843188,64.88935805,1585.937606,242.1357621,0.19444078,0.030326895,0.004733691,0.030326895,1765.459816,85.05,14.95,0.75,85.04,4.25,42.52,4.25,3.749974553,0.374821069,4.5519,5.3576,1.437,0.2526,0.31,0.0105,0.0148,140.8
Bird Island,BI10,BI10.3,114,114.9,115.9,115.4,0.5,1478,2098,1763,1768,310,0.04149,0.00745,23787.45455,60059.36364,1.378181818,8.545454545,203.5454545,30.63636364,33.09090909,7030.181818,1.545454545,32,219.7272727,866.5454545,42366.36364,6354.727273,6.669203905,1.897334846,0.149992787,-1.897334845,48721.09091,242.6974922,721.0602295,0.096209998,9.201778484,31.02374457,21.72681628,13.0648731,810.6680971,5.125692858,44.28769581,87.07593342,82.28774348,428.9103106,141.9909088,0.126889764,0.019122522,0.002882752,0.019122522,516.1853261,86.16,13.84,0.69,85,4.25,42.5,4.25,3.749504076,0.374950408,3.9741,4.7093,1.714,0.2754,0.3402,0.0114,0.0162,141.5
Bird Island,BI10,BI10.3,115,116.1,117.1,116.6,0.5,1489,2118,1798,1797,315,0.04149,0.00745,23783.90909,59534,1.348181818,9.636363636,231.0909091,31.45454545,44.18181818,5831.090909,3.727272727,25.18181818,213.2727273,910.2727273,43006.90909,6487.818182,6.629483391,1.891466914,0.150859346,-1.891466914,49494.72727,345.6291234,1085.243844,0.110255901,6.845038017,22.44751454,23.49622794,14.75681661,723.4152963,8.945288247,47.58953284,75.66649312,109.0633677,516.5621849,95.17123324,0.076409523,0.011466177,0.001720834,0.011466179,582.9010364,86.68,13.32,0.67,88.48,4.42,44.24,4.43,3.789629357,0.3794769,4.1527,4.9666,1.6116,0.2476,0.3085,0.0103,0.0146,142.5
Bird Island,BI10,BI10.3,116,117.3,118.3,117.8,0.5,1496,2142,1832,1826,323,0.04149,0.00752,23333.81818,57269.18182,1.311818182,8.636363636,212.8181818,30,25.63636364,3183.545455,3,16.63636364,224.7272727,934.0909091,42979.09091,6372.090909,6.751862313,1.909270106,0.148270973,-1.909270105,49351.18182,516.7095544,1254.963889,0.040204025,8.053231988,20.73556453,14.37358689,18.86940766,773.6587573,9.949874371,23.59776569,84.20462091,32.93464603,871.4532064,244.8013295,0.232818481,0.034857615,0.00522593,0.034857615,1001.007275,86.88,13.12,0.66,88.8,4.44,44.4,4.44,3.793239469,0.379323947,5.7227,6.9473,1.0338,0.1561,0.1973,0.0065,0.0094,144.5
Bird Island,BI10,BI10.3,117,118.4,119.4,118.9,0.5,1504,2175,1860,1852,335,0.04094,0.00758,23781,58063.54545,1.321818182,5.272727273,231.1818182,33.18181818,29.18181818,2728.636364,11.18181818,52.63636364,224.6363636,932.8181818,43727.36364,6468.909091,6.761739528,1.911113453,0.147940041,-1.911113453,50196.27273,445.219721,1119.840557,0.10467265,6.466697907,32.27016635,14.21139108,15.57445461,621.5547076,27.95288243,54.12443575,100.7514493,111.4134805,809.1766522,166.0653212,0.130093904,0.019109201,0.002808095,0.019109199,930.7579805,86.69,13.31,0.67,88.89,4.44,44.45,4.45,3.794364962,0.379863309,5.9366,7.2723,1.1001,0.1689,0.2153,0.0069,0.0101,146
Bird Island,BI10,BI10.3,118,119.6,120.6,120.1,0.5,1520,2215,1893,1882,348,0.03576,0.00676,23251.81818,55805.63636,1.312727273,6.818181818,224.8181818,23.54545455,33.36363636,1686,31.81818182,8.727272727,233,901.5454545,43357.18182,6519.818182,6.652855826,1.894821706,0.150378532,-1.894821706,49877,627.6779139,1479.767703,0.095926108,6.823755298,26.76870629,13.41911798,16.74677717,774.4009298,48.31525263,21.37798358,93.07416398,94.48001232,672.8195625,168.8234689,0.148656665,0.022164366,0.003306133,0.022164366,775.7319125,86.79,13.21,0.66,88.67,4.43,44.34,4.43,3.791887204,0.378846647,5.3066,6.5377,1.1343,0.1726,0.2213,0.0062,0.0091,147.1
Bird Island,BI10,BI10.3,119,120.7,121.7,121.2,0.475,1584,2220,1920,1912,318,0.03575,0.00609,23932.54545,57683.36364,1.340909091,9.181818182,230.5454545,29.27272727,30.63636364,2490.727273,37.27272727,49.90909091,208,922.5454545,44357.36364,6559.545455,6.764788875,1.911498898,0.147893012,-1.911498898,50916.90909,448.2038294,1332.006477,0.095964008,8.121800069,31.91351951,17.64137698,15.08159625,443.6699428,48.88985766,80.95610483,80.18353946,102.4893786,889.9935138,175.4744219,0.152697931,0.022614031,0.003351004,0.022614031,997.5895403,87.29,12.71,0.64,88.51,4.43,44.26,4.43,3.790081335,0.379350662,5.0413,6.2613,1.2611,0.1836,0.2372,0.0066,0.0096,146.2
Bird Island,BI10,BI10.3,120,121.8,122.7,122.3,0.45,1650,2226,1946,1943,288,0.03576,0.00543,23463.2,55879.5,1.243,7.7,187.9,16.6,26.1,1472,41.3,48.3,143.2,945.1,44116.7,6464.9,6.827526876,1.92064871,0.146557429,-1.92064871,50581.6,898.7162202,1797.275793,0.088700495,9.393259995,22.80570104,12.68595023,19.3186726,564.7396647,30.39389559,63.36499209,55.86849639,54.88260198,1115.395301,212.4897122,0.181159174,0.02634437,0.003832888,0.026344371,1258.977822,87.79,12.21,0.61,89.09,4.45,44.55,4.46,3.796612154,0.380087322,4.7759,5.9795,1.0924,0.1519,0.1978,0.0054,0.0079,145.4
Bird Island,BI10,BI10.3,121,122.9,123.8,123.4,0.45,1713,2233,1974,1974,260,0.03575,0.00484,24507,58136.2,1.358,14.2,214.7,32.7,34.9,1438.3,96.3,38.9,213.5,937.9,45752,6850.6,6.681001621,1.899050177,0.149743549,-1.899050178,52602.6,442.1093379,662.9834588,0.089293523,12.53262409,55.00919115,15.54956234,19.15115314,435.4981949,76.46938385,38.868582,112.1737244,107.1949937,634.7489442,157.5818658,0.146520433,0.022030558,0.003313737,0.022030558,708.1412602,87.58,12.42,0.62,85.06,4.25,42.53,4.25,3.750209709,0.374756437,4.5044,5.6778,1.1824,0.1677,0.2198,0.006,0.0087,144.6
Bird Island,BI10,BI10.4,138,123.9,124.9,124.4,0.5,1770,2239,1999,2002,234,0.03576,0.00433,23467.4,58163.8,1.405,6.5,243.6,30,35.3,5059,610.6,69.5,365.5,774.9,41889.8,6253.5,6.701584418,1.902101966,0.14929077,-1.902101967,48143.3,580.0963905,2223.353363,0.064850255,7.487025815,62.0720012,16.98365227,22.77449841,1719.743586,234.7879421,71.15905502,81.66904758,111.0499887,846.335342,184.6481639,0.155230182,0.023204562,0.003470004,0.023204562,970.8053987,84.03,15.97,0.8,86.33,4.32,43.17,4.32,3.76514581,0.376776231,6.9477,10.0013,0.9639,0.1832,0.2729,0.0066,0.0106,161.1
Bird Island,BI10,BI10.4,139,125.1,126.1,125.6,0.5,1832,2248,2031,2035,208,0.03576,0.00379,20863.18182,56286.45455,1.326363636,107.7272727,374.2727273,159.0909091,56.45454545,8830.727273,865.5454545,243.5454545,706.5454545,830.4545455,35477.09091,5990.636364,5.92805637,1.778772575,0.168999403,-1.778772576,41467.72727,811.2858705,2870.675961,0.055004132,167.5112479,87.71213247,162.4502721,17.96865958,2183.676537,261.2291575,125.4825595,181.7665336,107.7769582,1230.290003,220.1855003,0.268965603,0.044944834,0.007527104,0.044944834,1300.215374,83.93,16.07,0.8,84.34,4.22,42.17,4.22,3.741709068,0.374437094,6.9477,10.0708,0.9482,0.1816,0.2723,0.0065,0.0104,160.6
Bird Island,BI10,BI10.4,140,126.3,127.2,126.7,0.475,1889,2256,2060,2066,183,0.03575,0.00331,22938.8,62920.6,1.332,31.3,307.9,67.9,51,11488.7,852.9,83.8,356.9,817.5,39620.3,6363.6,6.226953735,1.828507121,0.160714364,-1.828507121,45983.9,524.8167511,736.7694046,0.09577752,36.51803208,90.13748758,82.87400075,33.29664648,793.1641346,337.7785106,111.8926072,145.881573,85.04671919,1312.199938,153.6606651,0.180918716,0.029071423,0.004676205,0.029071423,1399.964956,83.38,16.62,0.83,84.89,4.24,42.45,4.25,3.748326913,0.37527419,6.3804,9.3058,0.9244,0.1842,0.2779,0.0066,0.0105,160.1
Bird Island,BI10,BI10.4,141,127.4,128.4,127.9,0.5,1939,2265,2088,2100,163,0.03576,0.00292,22002.45455,59972.18182,1.349090909,10,287.2727273,32.18181818,38.09090909,12253,244.7272727,46.45454545,260.5454545,736.1818182,37445,5933,6.31372129,1.842452282,0.158472016,-1.842452282,43378,704.3545078,2288.213094,0.07790437,9.433981132,39.70917,17.71337451,20.57403483,2250.847618,43.82942142,45.90286186,117.9477542,117.606818,1544.576188,261.2477751,0.154140927,0.024552198,0.003912704,0.024552199,1768.348665,85.02,14.98,0.75,86.59,4.33,43.29,4.33,3.767921661,0.376879205,6.3762,9.3538,1.0279,0.181,0.2746,0.0065,0.0103,159.9
Bird Island,BI10,BI10.4,142,128.6,129.5,129,0.475,1983,2280,2110,2130,149,0.03875,0.00285,22361.4,64393.8,1.426,9.3,242.8,29.4,36.6,17146.8,55.6,63.6,297.3,662.3,37226.9,5923.7,6.284795187,1.837986396,0.159161003,-1.837986396,43150.6,1010.376849,3416.174039,0.080993827,8.246884934,35.38298398,29.14027377,24.46403256,2300.999821,43.36972831,67.43260009,89.40302008,84.89477147,1334.069418,197.9770189,0.113325661,0.01808221,0.002886015,0.018082209,1509.075744,83.76,16.24,0.81,83.48,4.17,41.74,4.17,3.731459902,0.372788399,5.6397,8.3186,1.0576,0.205,0.3126,0.0079,0.0127,159.9
Bird Island,BI10,BI10.4,143,129.7,130.7,130.2,0.49,2016,2302,2138,2161,143,0.06663,0.00465,23307.72727,65061.45455,1.416363636,6.636363636,217.1818182,29.63636364,43.36363636,15245.45455,83.63636364,14.09090909,246.1818182,811.8181818,39284.18182,6183.090909,6.355621866,1.849156916,0.157398823,-1.849156915,45467.27273,381.268171,2431.209549,0.059711427,7.813740811,36.59185205,16.27435238,20.94408139,1987.878737,56.65381316,25.44977228,66.22056808,83.12739402,488.4399284,137.2621248,0.126898638,0.020101475,0.003185468,0.020101474,562.0863085,84.53,15.47,0.77,83.78,4.19,41.89,4.19,3.735047135,0.373593877,7.0396,10.4925,0.9105,0.1667,0.2568,0.0111,0.0179,161
Bird Island,BI10,BI10.4,144,130.8,131.8,131.3,0.5,2034,2314,2156,2178,140,0.06663,0.00453,23043.45455,64089.63636,1.392727273,4.090909091,201.4545455,33.45454545,37,15085.81818,39.18181818,8.727272727,229.5454545,765,38940.90909,6123.909091,6.36358032,1.850175709,0.157274728,-1.85017571,45064.81818,449.4294969,2831.469769,0.067541233,6.425800269,31.7344092,17.51778317,22.91724242,2278.388633,49.76508451,15.46667973,63.35828854,78.45508269,532.0709454,185.2244339,0.192579407,0.03021763,0.004744365,0.030217631,603.1259932,85.29,14.71,0.74,83.04,4.15,41.52,4.15,3.726175239,0.372438036,5.9366,8.8752,1.0922,0.1884,0.291,0.0125,0.0202,161.3
Bird Island,BI10,BI10.4,145,132,133,132.5,0.5,2052,2331,2181,2196,139,0.06663,0.00448,22939.72727,63471.54545,1.467272727,10,207.2727273,37,33.54545455,15022,5.090909091,44.81818182,168.9090909,760.6363636,38468.09091,6064.363636,6.346286057,1.847473558,0.157698025,-1.847473559,44532.45455,600.4045454,2827.214897,0.116197324,9.602083107,31.9909078,17.81572339,27.41300289,2013.60145,16.8846353,88.06454245,107.7250709,84.31876746,785.8845277,146.593501,0.186417226,0.029599917,0.004703277,0.029599916,818.3431265,85.19,14.81,0.74,83.92,4.2,41.96,4.2,3.736716784,0.374027895,4.1527,6.2124,1.5704,0.273,0.422,0.0182,0.0293,161.3
Bird Island,BI10,BI10.4,146,133.2,134.2,133.7,0.5,2067,2350,2204,2214,141,0.06659,0.0045,23244.90909,64134.72727,1.4,8.454545455,168.6363636,27.18181818,29.72727273,14652.90909,0.727272727,69.09090909,249.7272727,767.6363636,39231.72727,6212.636364,6.316135126,1.842971697,0.158367568,-1.842971697,45444.36364,225.3665701,1588.65025,0.093594872,10.03357998,30.93306557,14.09126099,11.80754766,1613.283016,2.412090757,73.94248379,80.12251982,123.2235957,391.9814003,99.24844858,0.109434755,0.017263389,0.002723848,0.01726339,420.838276,84.62,15.38,0.77,81.84,4.09,40.92,4.09,3.711618941,0.370980486,6.8315,10.377,1.0004,0.1818,0.2852,0.0121,0.0198,163.7
Bird Island,BI10,BI10.4,147,134.4,135.4,134.9,0.5,2079,2372,2228,2232,146,0.06663,0.00461,23693.90909,65065.45455,1.393636364,9.181818182,189,23.27272727,38,14166.45455,7.818181818,21.81818182,234.2727273,878.0909091,40189,6216.727273,6.467774913,1.866600483,0.154684268,-1.866600482,46405.72727,383.6942675,2044.409468,0.052397085,7.34599458,38.01841659,19.0740185,15.6140962,1580.46255,15.85445163,31.85535491,104.7006121,73.82744008,330.1726821,154.6098903,0.146131602,0.022566281,0.003485902,0.022566281,421.3293465,85.2,14.8,0.74,77.08,3.85,38.54,3.86,3.651696663,0.365738171,6.045,9.2216,1.1304,0.1964,0.3095,0.0131,0.0215,164.5
Bird Island,BI10,BI10.4,148,135.5,136.5,136,0.5,2091,2392,2249,2248,150,0.06663,0.0047,23636.45455,62516.81818,1.402727273,5.363636364,179.7272727,42.27272727,27.36363636,10860.54545,83.45454545,28.27272727,265.5454545,794.3636364,40682.36364,6303,6.457803075,1.8649543,0.154955559,-1.8649543,46985.36364,389.9418838,1430.959875,0.087873877,5.835627255,26.6198832,14.4643763,15.32496478,1117.973825,65.28455198,48.4914238,96.09304203,129.8085303,562.7191613,154.6913055,0.174660711,0.02719333,0.004238011,0.02719333,592.6122295,81.72,18.28,0.91,84.06,4.2,42.03,4.2,3.738383649,0.373571528,6.2648,9.6259,1.087,0.2431,0.3857,0.0162,0.0268,165.7
Bird Island,BI10,BI10.4,149,136.7,137.7,137.2,0.5,2102,2418,2269,2266,158,0.06663,0.00489,23544.81818,61516.90909,1.348181818,5.545454545,194.9090909,33,24.81818182,9049.272727,73.45454545,49.45454545,217.1818182,913.2727273,41594,6439.454545,6.461774564,1.865726991,0.154810768,-1.865726991,48033.45455,296.7365222,1272.013636,0.081094782,9.480122746,23.55612254,20.57668584,19.9139056,738.9429059,73.72023282,84.74947037,122.3117477,81.73871899,405.1829217,152.8877782,0.128142919,0.019683761,0.003024446,0.019683759,511.820352,85.14,14.86,0.74,75.42,3.77,37.71,3.77,3.629925311,0.362896272,5.9366,9.172,1.0716,0.1871,0.2984,0.0125,0.0208,166.8
Bird Island,BI10,BI10.4,150,137.9,138.9,138.4,0.5,2110,2446,2288,2284,168,0.06663,0.00513,23589,59394.09091,1.365454545,5.727272727,192.9090909,32,34.18181818,5796.818182,114.2727273,48.09090909,328.0909091,876.5454545,42670.45455,6379.363636,6.691664651,1.900640775,0.149506347,-1.900640774,49049.81818,218.6943072,1246.128682,0.055922024,6.034747867,33.98662839,15.35578067,17.50895875,1009.643186,53.6229259,68.23555458,102.668841,133.5772163,417.9254392,149.9148243,0.147064323,0.022154954,0.003340221,0.022154954,486.0044893,83.54,16.46,0.82,84.13,4.21,42.07,4.21,3.739334898,0.374200141,6.1544,9.5762,0.942,0.1856,0.2981,0.0124,0.0208,168.3
Bird Island,BI10,BI10.4,151,139,140,139.5,0.5,2118,2476,2304,2301,179,0.06916,0.00562,23732.63636,58066.18182,1.351818182,4.909090909,182.2727273,24.90909091,46.54545455,3693.272727,186.6363636,54.90909091,377.9090909,880.5454545,43150.27273,6379.818182,6.765187488,1.911604147,0.147870711,-1.911604147,49530.09091,255.0467693,704.1040858,0.073050418,6.818424238,19.89517986,16.6520542,16.94912173,523.3706318,91.99703553,53.70187063,105.048041,106.5930238,454.8094306,97.51699153,0.136288142,0.020256607,0.003011695,0.020256606,445.284281,83.87,16.13,0.81,86.9,4.35,43.45,4.35,3.771610852,0.377595103,5.8291,9.1197,1.0726,0.2063,0.3331,0.0143,0.0242,169.6
Bird Island,BI10,BI10.4,152,140.2,141.2,140.7,0.5,2134,2494,2320,2318,180,0.07117,0.00578,23482.09091,56383.81818,1.344545455,9.727272727,195.3636364,33.90909091,28.09090909,2561.181818,217,55.72727273,385.2727273,914.6363636,42411.54545,6537.545455,6.489311122,1.869308146,0.154361158,-1.869308146,48949.09091,956.5097443,2805.313808,0.095745876,7.537783614,49.74589979,23.48810144,17.93016757,525.4687085,76.3871717,53.9797942,125.2717773,90.23998308,2186.107974,252.2853003,0.280354357,0.043198142,0.006664907,0.043198141,2342.302178,83.61,16.39,0.82,72.18,3.61,36.09,3.61,3.586015819,0.358700945,5.8291,9.1779,0.9698,0.19,0.3087,0.0135,0.0231,170.6
Bird Island,BI10,BI10.4,153,141.4,142.3,141.9,0.475,2159,2502,2335,2335,172,0.07115,0.00547,23853.5,57614.2,1.324,7.8,212.9,22.6,27.2,2585.7,189.6,27,371.6,956.1,43737.7,6511.9,6.717643169,1.904654112,0.148886471,-1.904654113,50249.6,305.3599879,1187.164952,0.093118801,8.521867297,24.68220231,18.50645533,17.56764703,410.7897678,38.52041306,44.12356387,104.8026717,61.71340571,685.4747017,132.4482708,0.091572081,0.013588017,0.002016613,0.013588019,789.2267946,82.52,17.48,0.87,86.58,4.33,43.29,4.33,3.767921661,0.376879205,5.4365,8.6114,1.0477,0.2219,0.3626,0.0158,0.027,171.1
Bird Island,BI10,BI10.4,154,142.5,143.5,143,0.5,2181,2511,2347,2351,165,0.07113,0.00523,22468.18182,53875,1.306363636,14.81818182,178.8181818,35.18181818,26.45454545,1683.818182,137.2727273,52.45454545,313.3636364,890.9090909,41585.27273,6140.909091,6.774035506,1.91295629,0.147664219,-1.912956291,47726.18182,425.73767,1310.510359,0.075401953,12.36784688,55.85663467,19.31744384,17.92966055,326.1342724,69.90148912,49.35861351,122.1517685,76.05321104,775.7209667,168.3332733,0.118680062,0.017631789,0.002620463,0.017631788,911.5929813,83.36,16.64,0.83,86.7,4.34,43.35,4.34,3.769306703,0.377365423,5.5127,8.7817,1.0843,0.2164,0.3555,0.0154,0.0264,171.7
Bird Island,BI10,BI10.4,155,143.7,144.8,144.2,0.55,2200,2522,2364,2368,161,0.07115,0.0051,23702.18182,57136.36364,1.3,15,295.1818182,43.36363636,36.72727273,2365.545455,174,35.27272727,334.3636364,924.0909091,43491.36364,6470.090909,6.724115531,1.905509236,0.14877554,-1.905509236,49961.45455,908.5621408,2238.277654,0.080124902,8.567379996,39.34671062,14.61692668,14.7179544,243.0569331,47.97082447,43.24601926,127.3022174,129.7262152,1582.596049,258.1609787,0.137343132,0.020548593,0.003075184,0.020548594,1809.322158,83.67,16.33,0.82,86.15,4.31,43.07,4.31,3.762826699,0.376544766,6.412,10.2881,0.9519,0.1858,0.3074,0.0132,0.0228,172.6
Bird Island,BI10,BI10.4,156,145,146,145.5,0.5,2226,2536,2382,2386,155,0.07115,0.00486,24159.54545,58271.54545,1.331818182,10.81818182,212,24.63636364,35.27272727,1715.090909,196.9090909,58.54545455,378.7272727,997.7272727,44740.27273,6804,6.576677822,1.883349333,0.152107505,-1.883349332,51544.27273,574.2778707,1306.71285,0.085418755,8.807021992,45.43566881,25.12079906,16.51115326,217.4141001,60.51521221,47.21093864,65.52570627,112.9354602,894.7091249,131.1647819,0.130590315,0.019954677,0.003050434,0.019954676,964.5108699,84.4,15.6,0.78,88.76,4.44,44.38,4.44,3.792788918,0.379449815,5.4091,8.7222,1.0734,0.1984,0.3298,0.0141,0.0244,173.1
Bird Island,BI10,BI10.4,157,146.1,147.1,146.6,0.5,2253,2548,2399,2401,148,0.07113,0.00462,23601.54545,56912,1.287272727,6.909090909,206.7272727,26.81818182,35.09090909,1768,154.8181818,39.72727273,380,964.9090909,43835.90909,6615.818182,6.627658867,1.890948082,0.150974723,-1.890948083,50451.72727,573.9808993,1410.526214,0.067836702,5.356389557,39.16399088,17.79785482,16.67006026,284.9070024,81.73104451,43.78148218,108.9853201,92.16664749,1054.497174,145.5457441,0.170796481,0.025878366,0.003923054,0.025878367,1115.911833,84.59,15.41,0.77,88.37,4.42,44.18,4.42,3.788272198,0.378998712,5.1045,8.2743,1.075,0.1958,0.3273,0.0139,0.0242,173.6
Bird Island,BI10,BI10.4,158,147.3,148.4,147.8,0.525,2276,2567,2416,2418,146,0.07115,0.00454,23658.75,56949.25,1.3,8.5,212.25,30.08333333,37.08333333,1878.666667,88,31.16666667,374.9166667,931.5833333,43897.08333,6604,6.650495579,1.894466199,0.150432396,-1.894466199,50501.08333,559.1313271,1202.535891,0.05923758,8.575864653,36.37212969,18.30279826,15.43583984,279.4840484,54.73406784,35.40116417,94.92050103,107.1527867,919.4464202,215.8564338,0.147564636,0.02215389,0.00332738,0.022153891,1091.110898,83.83,16.17,0.81,89.28,4.46,44.64,4.46,3.798630318,0.379522653,6.3472,10.3809,0.9899,0.191,0.3219,0.0136,0.0238,174.9
Bird Island,BI10,BI10.4,159,148.5,149.6,149.1,0.55,2300,2593,2435,2436,146,0.07984,0.00509,23766.91667,57340.58333,1.305833333,7.416666667,178.0833333,17.25,31.25,1875.25,93.5,53,438.8333333,926.4166667,44135.08333,6721.25,6.567769289,1.882075041,0.152289053,-1.88207504,50856.33333,290.6142267,1463.957554,0.097464057,7.844608262,45.3440551,16.61940268,16.46000663,415.8417804,60.35124462,81.07347958,66.34323057,102.8489257,640.0361436,136.859666,0.096171197,0.014746796,0.002261568,0.014746796,740.644355,83.57,16.43,0.82,89.62,4.48,44.81,4.48,3.802431329,0.380158276,5.6149,9.2141,0.9404,0.1849,0.3127,0.0148,0.0259,175.5
Bird Island,BI10,BI10.4,160,149.8,150.8,150.3,0.5,2315,2614,2448,2451,150,0.12605,0.00811,22494.36364,55095.36364,1.291818182,7,176.6363636,26.54545455,36.54545455,2918.454545,200,65.72727273,379.4545455,923,41312.18182,6404.636364,6.451156246,1.864084721,0.155064965,-1.864084721,47716.81818,590.9838023,2116.637252,0.074137464,7.307530363,31.78764769,18.47356834,25.02144535,1010.430241,93.48903679,76.48933378,104.1079859,79.79974937,1019.833498,142.5358009,0.126835924,0.019572821,0.003021034,0.019572821,1118.188698,84.23,15.77,0.79,86.83,4.34,43.42,4.34,3.770920164,0.376918321,4.6163,7.61,1.1069,0.2073,0.3521,0.0261,0.0461,176.3
Bird Island,BI10,BI10.4,161,151,152,151.5,0.5,2330,2622,2458,2461,146,0.12618,0.0079,22645.90909,54806.27273,1.298181818,6.181818182,174.9090909,34.63636364,33.45454545,2608.818182,143.9090909,47.81818182,276.7272727,881.3636364,41606.90909,6308.272727,6.598143622,1.886627996,0.151606472,-1.886627997,47915.18182,332.5584023,1273.748255,0.071108112,8.010220744,44.17115472,27.96523816,16.45821155,600.4298157,57.75024597,39.67068989,114.2594337,112.1144707,351.2165869,149.888686,0.123723804,0.018797686,0.002857171,0.018797687,468.3918911,84.19,15.81,0.79,79.93,4,39.96,4,3.687878954,0.369157052,5.0049,8.3106,1.1491,0.2158,0.3691,0.0272,0.0483,177.3
Bird Island,BI10,BI10.4,162,152.2,153.2,152.7,0.525,2343,2629,2468,2470,143,0.12605,0.00773,22828.36364,57584.36364,1.487272727,6.727272727,163.3636364,36.09090909,33.54545455,5843.545455,234.0909091,16.27272727,222.5454545,918.1818182,41228,6282.636364,6.564739975,1.881536316,0.152383434,-1.881536315,47510.63636,552.2385848,3003.960295,0.141144671,15.45374329,23.35924968,16.37348189,22.57150255,2402.495593,87.70342587,30.84830922,60.19528825,126.0125535,745.4982227,177.2587221,0.127822867,0.019831165,0.003078448,0.019831165,878.2593322,84.82,15.18,0.76,82.71,4.14,41.36,4.14,3.72231423,0.372591415,5.6796,9.4991,1.1222,0.2009,0.346,0.0253,0.0452,178.4
Bird Island,BI10,BI10.4,163,153.4,154.4,153.9,0.525,2352,2641,2478,2480,145,0.12658,0.00781,23201.8,59262.2,1.36,9.2,190.4,26.3,43.7,7206.6,329.6,35.3,233.7,821.8,41430.2,6379.5,6.49818829,1.871116261,0.154014782,-1.87111626,47809.7,254.6404,1649.016259,0.07007932,14.07756292,25.02088017,17.49317327,11.00555415,1602.311816,107.9971193,56.26534359,105.5283532,100.9948294,487.7234645,152.4447076,0.194924019,0.03012409,0.004661035,0.030124089,458.1006803,85.29,14.71,0.74,89.49,4.47,44.75,4.48,3.801091445,0.380533847,6.0088,10.1188,0.984,0.1697,0.2943,0.0215,0.0386,179.6
Bird Island,BI10,BI10.5,170,153.6,154.6,154.1,0.5,2353,2644,2480,2482,145,0.12609,0.00779,23158.6,58704.6,1.348,11.9,196.3,28.1,45,6795.7,276.4,43.7,254.1,830.4,41407,6257.6,6.622035609,1.89002352,0.15112512,-1.890023518,47664.6,300.0548839,2190.994914,0.072694184,14.69277978,26.34830798,16.97350877,11.07549848,1899.245584,135.7982163,60.41348267,66.15041782,81.445551,477.112379,191.7939867,0.193015747,0.028976368,0.004353561,0.028976369,574.6050238,83.5,16.5,0.83,87.28,4.36,43.64,4.37,3.775974161,0.378116569,4.712,8.2412,0.9178,0.1814,0.3263,0.0229,0.0426,186.1
Bird Island,BI10,BI10.5,171,154.8,155.9,155.4,0.55,2359,2661,2491,2492,151,0.12605,0.00808,23504.75,57999.58333,1.289166667,15.5,212.5833333,44,30,4624.833333,201.4166667,36.91666667,195.9166667,906.5,42765.41667,6441.25,6.640578864,1.893051426,0.150633682,-1.893051427,49206.66667,467.2350246,1338.505371,0.074401654,7.440674456,44.87043638,12.43163121,21.82575626,513.8267896,72.62914308,54.40831877,92.39683026,73.59780135,764.7052264,131.8836436,0.11946589,0.017933457,0.0026929,0.017933457,846.2680999,85.63,14.37,0.72,87.52,4.38,43.76,4.38,3.778720158,0.37821742,5.9501,10.487,0.9313,0.1563,0.2833,0.0197,0.037,187.7
Bird Island,BI10,BI10.5,172,156.1,157.2,156.6,0.525,2362,2681,2501,2501,159,0.12621,0.00845,22998.41667,56715.83333,1.343333333,10.16666667,260.25,53.58333333,38.58333333,4047.083333,186.3333333,49.91666667,303.6666667,872.4166667,42205,6261.416667,6.74203834,1.908241128,0.148359081,-1.908241129,48466.41667,500.6427611,1205.74065,0.091684571,8.440522747,66.1171481,13.05553406,18.43148656,466.4413552,78.16571363,56.298649,72.72655303,93.24694324,782.1758696,151.5912317,0.109521474,0.016267761,0.002416937,0.016267761,899.775877,84.35,15.65,0.78,87.61,4.38,43.8,4.38,3.779633817,0.377963382,5.7883,10.2626,0.8689,0.1612,0.2939,0.0203,0.0385,189
Bird Island,BI10,BI10.5,173,157.4,158.5,157.9,0.55,2366,2703,2512,2512,169,0.12609,0.0089,23575.16667,58407.16667,1.298333333,21,252,43.16666667,33.25,4971.75,167.1666667,24.08333333,288,907.3333333,42760.16667,6409.083333,6.674718534,1.898152798,0.149871246,-1.898152797,49169.25,513.5723076,1261.887895,0.074569471,10.28679648,41.04985882,17.55942292,15.42209159,624.4308135,61.00198705,52.76785925,90.26828699,108.7092313,822.8893478,196.1550678,0.130196209,0.019493662,0.002919537,0.019493661,985.4177817,85.26,14.74,0.74,86,4.3,43,4.3,3.761200116,0.376120012,5.8373,10.402,0.9757,0.1687,0.309,0.0213,0.0405,190.3
Bird Island,BI10,BI10.5,174,158.7,159.8,159.2,0.55,2371,2721,2522,2522,175,0.13458,0.00982,22652.83333,56260.75,1.3125,25.41666667,245.75,42.08333333,31.75,4435.083333,166.0833333,61.33333333,324.5,854.6666667,41233.08333,6319.916667,6.526992132,1.875645372,0.153302196,-1.875645372,47553,509.8405871,1429.667865,0.078869858,26.22787668,41.45123093,27.00659291,19.34906622,442.6281958,46.4356022,76.7905455,104.84404,80.72324587,1051.406803,189.4395842,0.167122513,0.025628279,0.003932367,0.025628278,1172.833244,85.34,14.66,0.73,86.44,4.32,43.22,4.32,3.766303351,0.37645605,6.6495,11.9392,0.8918,0.1532,0.2828,0.0206,0.0396,191.8
Bird Island,BI10,BI10.5,175,159.9,161,160.5,0.55,2377,2740,2532,2532,181,0.15064,0.01131,23440.33333,57598.5,1.340833333,15.83333333,234.0833333,46.75,31.25,4480.25,118.3333333,49.75,238.6666667,841.9166667,42478.16667,6370.916667,6.671444659,1.897428131,0.150016337,-1.897428131,48849.08333,434.8927419,1053.131823,0.083389375,9.427554714,37.55833846,23.15216463,13.28105281,597.6972668,64.03455507,67.63824228,118.9807726,101.1160075,683.7220107,164.7744786,0.197060651,0.030005258,0.004574536,0.030005258,702.2156439,85.73,14.27,0.71,84.28,4.21,42.14,4.22,3.740997408,0.374632394,5.9501,10.725,0.8793,0.1463,0.271,0.022,0.0425,192.8
Bird Island,BI10,BI10.5,176,161.2,162.3,161.8,0.525,2386,2747,2539,2540,180,0.15056,0.01117,23058.16667,57377.41667,1.283333333,22.91666667,257,50,37,4539.083333,133.5833333,51.08333333,254.5833333,910.8333333,42042.83333,6430.5,6.541915745,1.877935157,0.152950376,-1.877935158,48473.33333,445.5339663,1151.818677,0.091882666,16.5059677,45.31706482,30.83681389,15.51538826,416.0114636,53.26854493,61.53411224,64.47192248,117.2897216,752.7073358,200.9285264,0.166366072,0.025333775,0.003860302,0.025333776,884.7945148,86.31,13.69,0.68,78.17,3.91,39.09,3.91,3.66586668,0.366680448,5.4653,9.9004,1.0218,0.1621,0.3017,0.0244,0.0472,193.6
Bird Island,BI10,BI10.5,177,162.5,163.5,163,0.5,2392,2760,2546,2548,184,0.15068,0.01132,22979.72727,58110.09091,1.355454545,24.18181818,278.3636364,65.36363636,46,5271.727273,168,54.27272727,281.9090909,892.5454545,41880.27273,6422.545455,6.522845888,1.875105884,0.153370367,-1.875105884,48302.81818,282.8197627,711.2398266,0.094801227,18.18140909,32.99476543,22.39318078,14.89966443,878.4510335,78.77436131,51.46278444,81.11406111,103.209848,655.3260396,141.1986995,0.138012334,0.021267558,0.00327881,0.021267558,721.6128904,86.01,13.99,0.7,87.45,4.37,43.72,4.37,3.777805663,0.377607748,5.5127,10.0496,0.9488,0.1543,0.289,0.0232,0.0453,194.8
Bird Island,BI10,BI10.5,178,163.7,164.6,164.1,0.475,2397,2771,2554,2556,187,0.15075,0.01147,22971.4,56995.3,1.299,17.1,290.7,51.1,34.9,4040.1,120.7,29.1,332.6,874.2,42154.5,6350.6,6.64119103,1.893038523,0.150651209,-1.893038522,48505.1,484.0696001,1555.800262,0.085563492,12.60026455,30.33534792,19.7340653,20.52342835,614.5439954,47.18768672,44.85396056,86.48339597,122.0735662,713.7907023,183.1284916,0.158115003,0.02364895,0.003538694,0.02364895,833.4611169,85.75,14.25,0.71,87.7,4.39,43.85,4.39,3.780774719,0.378508575,5.6397,10.3489,0.9447,0.157,0.2959,0.0237,0.0464,196.1
Bird Island,BI10,BI10.5,179,164.8,165.8,165.3,0.5,2402,2785,2560,2564,191,0.15056,0.0117,22003.36364,55622.63636,1.340909091,22.36363636,298.7272727,77,45.72727273,5640.909091,107.3636364,18.36363636,341.1818182,842,39460.90909,6059.454545,6.514161707,1.873775162,0.153574041,-1.873775163,45520.36364,289.8773095,1856.683671,0.10192689,29.26524467,40.17235594,60.43839839,17.73747958,2883.757877,72.57585374,30.47711511,66.89666387,120.6673112,1155.963361,195.2973956,0.13801692,0.021134792,0.003237462,0.021134792,1311.525164,85.77,14.23,0.71,82.36,4.12,41.18,4.12,3.717952702,0.371975841,5.1045,9.3973,0.9584,0.159,0.3007,0.0239,0.0471,196.9
Bird Island,BI10,BI10.5,180,166,167,166.5,0.475,2408,2803,2568,2571,198,0.15068,0.01203,22280.72727,54897.27273,1.333636364,17.45454545,207.8181818,35,40.81818182,4976.545455,82.09090909,39.81818182,313.4545455,793.4545455,39736.09091,6138.545455,6.477216427,1.868076201,0.154453824,-1.868076202,45874.63636,507.6315772,1112.5203,0.077236355,19.71985617,35.11358194,19.02104098,18.20888894,953.1574228,40.78346367,52.78791184,80.68254289,96.6688819,900.572424,230.9036005,0.140309748,0.021767224,0.003379643,0.021767225,1103.034294,85.82,14.18,0.71,82.59,4.13,41.29,4.13,3.72062034,0.372152143,5.237,9.7042,0.9301,0.1537,0.2924,0.0232,0.0459,198.3
Bird Island,BI10,BI10.5,181,167.1,168.1,167.6,0.5,2411,2817,2574,2579,203,0.15064,0.01229,22774.81818,56605,1.321818182,8.818181818,213.1818182,44.72727273,42,5498.181818,60.36363636,47.90909091,268.1818182,872.3636364,40605.81818,6218.545455,6.531406881,1.876296201,0.153206189,-1.8762962,46824.36364,876.0623058,2030.65226,0.087842835,8.170901808,33.27406853,21.13334289,19.28730152,384.610405,42.2143879,55.37409962,111.0313633,126.0478264,1578.421985,227.4209153,0.175114066,0.026776157,0.00409643,0.026776157,1755.79596,85.62,14.38,0.72,87.27,4.36,43.63,4.36,3.775744987,0.377314878,5.6172,10.4676,0.9271,0.1557,0.298,0.0235,0.0468,199.5
Bird Island,BI10,BI10.5,182,168.3,169.4,168.9,0.525,2416,2839,2582,2587,212,0.15075,0.0128,23532.75,57838,1.351666667,17.08333333,228,56.5,54.33333333,5467.583333,52.58333333,47.41666667,292,797.6666667,41929.08333,6334.916667,6.622293578,1.890073063,0.151116366,-1.890073063,48264,411.9603081,1053.964981,0.062498485,9.558036441,32.70529565,42.42533548,16.34477027,525.9121009,21.04306551,49.83875515,113.7701031,99.04850358,660.1258087,157.5242887,0.187994742,0.028349993,0.004276854,0.028349993,692.4722508,86.76,13.24,0.66,83.16,4.16,41.58,4.16,3.727619282,0.372941227,5.1516,9.6334,1.0693,0.1632,0.3134,0.0246,0.0493,200.5
Bird Island,BI10,BI10.5,183,169.6,170.6,170.1,0.525,2421,2853,2589,2595,216,0.15267,0.01319,23887.63636,59671.72727,1.357272727,7.090909091,219.5454545,35.54545455,42.81818182,6307.363636,59.81818182,20.36363636,310,858.6363636,42600.27273,6492.818182,6.566325095,1.881478239,0.152437108,-1.881478239,49093.09091,246.739244,761.7575849,0.11748114,9.049359596,46.69124894,21.36522238,16.11097875,739.9646306,48.55474885,26.57921266,120.5910444,98.62887278,392.6395525,180.6254789,0.212734171,0.032347514,0.004922666,0.032347514,368.9109525,86.17,13.83,0.69,85.34,4.27,42.67,4.27,3.753496097,0.375613507,5.898,11.1089,1.0106,0.1622,0.3136,0.0248,0.05,202
Bird Island,BI10,BI10.5,184,170.8,171.8,171.3,0.5,2434,2863,2595,2603,214,0.15248,0.01299,23769.63636,58918,1.386363636,11.72727273,230.4545455,43.36363636,35.18181818,6724.909091,51.18181818,27.72727273,292.8181818,825.2727273,41981.72727,6227.272727,6.746169805,1.908620635,0.148337909,-1.908620635,48209,492.9061316,1515.248692,0.093303025,9.078446002,32.06045426,22.8090891,17.40585064,995.3537516,38.91225561,33.95317631,79.33828607,89.66391795,644.3143784,192.2405217,0.187320834,0.027995022,0.004187478,0.027995024,745.3835254,86.12,13.88,0.69,88.37,4.42,44.19,4.42,3.788498519,0.378935584,5.3066,10.0401,1.0127,0.1632,0.3169,0.0249,0.0504,202.7
Bird Island,BI10,BI10.5,185,172,173,172.5,0.5,2445,2874,2602,2611,214,0.15248,0.01296,23214.72727,58143.72727,1.366363636,11.63636364,215.9090909,34.63636364,30.72727273,5654.272727,107.0909091,42.54545455,223.7272727,860.1818182,41962.90909,6494.636364,6.464899947,1.866063127,0.154781491,-1.866063127,48457.54545,359.6570842,1705.958973,0.057144156,11.68137601,23.37714502,20.07123677,16.17461535,826.0152651,47.0647523,56.11303527,121.8352091,132.1512907,616.1536261,180.3403852,0.173279805,0.026671294,0.004106995,0.026671293,699.8558943,86,14,0.7,84.75,4.24,42.37,4.24,3.746440565,0.374909322,4.9063,9.3219,0.9536,0.1552,0.3026,0.0237,0.0482,203.5
Bird Island,BI10,BI10.5,186,173.2,174.1,173.7,0.45,2449,2888,2609,2619,219,0.15257,0.01317,23873.8,59277,1.34,18.2,255.6,59.1,45.1,5272.3,119.2,35.8,309.3,847,42924.6,6729.7,6.382547067,1.85323676,0.156780602,-1.853236759,49654.3,339.8590558,905.8902313,0.113137085,10.67499675,34.67692156,16.01700485,22.65906735,572.5506382,52.4145866,52.87469464,68.64732737,87.42615932,388.2991974,190.1204589,0.173423551,0.027066725,0.004228769,0.027066725,479.8722168,86.49,13.51,0.68,87.28,4.36,43.64,4.36,3.775974161,0.377251314,4.8682,9.3105,1.042,0.1628,0.3194,0.0248,0.0509,204.9
Bird Island,BI10,BI10.5,187,174.3,175.3,174.8,0.525,2451,2902,2615,2626,226,0.15248,0.01355,23860.81818,59791.90909,1.373636364,24.18181818,229.9090909,51.72727273,35.18181818,6544.363636,94.63636364,35.63636364,306.7272727,823.1818182,42324.72727,6587.090909,6.42708078,1.86041199,0.155625521,-1.86041199,48911.81818,359.1740019,932.0572359,0.074601974,23.4214354,41.1787677,39.58052781,18.29108079,992.0097049,53.16252952,43.95514242,108.0121205,71.7548858,826.6484248,175.6698349,0.098868922,0.015477515,0.002423321,0.015477515,975.4336285,85.99,14.01,0.7,75.99,3.8,37.99,3.8,3.637322967,0.363828041,5.5719,10.7092,0.956,0.1558,0.3073,0.0238,0.049,206.1
Bird Island,BI10,BI10.5,188,175.5,176.5,176,0.5,2459,2918,2622,2634,230,0.15267,0.01374,23633.90909,59427.72727,1.359090909,13.81818182,230.5454545,50.90909091,41.90909091,6397.363636,105.8181818,43.72727273,370.9090909,936.6363636,41929,6508.090909,6.44278047,1.862854589,0.155245224,-1.86285459,48437.09091,356.217477,1359.424002,0.062362576,18.49225882,41.56528272,26.94236272,20.51562597,976.3271248,50.28482511,42.55135934,99.94844125,110.8280404,824.2147778,96.70724331,0.098364336,0.015230371,0.00235871,0.015230371,889.6982022,85.6,14.4,0.72,79.37,3.97,39.68,3.97,3.680847282,0.368270255,5.3066,10.2524,1.0308,0.1735,0.3438,0.0265,0.0549,207.2
Bird Island,BI10,BI10.5,189,176.7,177.7,177.2,0.5,2461,2933,2629,2642,236,0.15248,0.01405,23352.90909,57165.18182,1.340909091,14.09090909,222,45,34.18181818,4768.363636,105.3636364,51.63636364,347.9090909,847.0909091,41429.36364,6427,6.447165386,1.863554227,0.155133719,-1.863554227,47856.36364,455.4458156,1426.988985,0.084315425,8.10499285,36.79945652,16.16786937,16.10477061,1212.197531,49.25905547,59.34690005,76.27510019,56.61882116,690.1720471,133.9365521,0.088819344,0.013784128,0.002139539,0.013784127,796.2528835,84.87,15.13,0.76,76.17,3.81,38.09,3.81,3.63995178,0.36409074,5.205,10.1056,0.9602,0.1711,0.3408,0.0261,0.0544,208.4
Bird Island,BI10,BI10.5,190,177.9,178.9,178.4,0.5,2464,2953,2637,2650,244,0.15248,0.01448,22234.36364,57545.72727,1.343636364,83.27272727,305.7272727,149.1818182,44,8161.454545,102.4545455,99.81818182,535.5454545,826.9090909,38240.81818,6184.636364,6.184689637,1.820694805,0.16213586,-1.820694805,44425.45455,1189.10271,2677.866131,0.099224264,96.1884514,49.98417932,157.2608141,21.0428135,1134.589297,60.84301708,75.58018018,161.3978709,70.45204688,2138.663125,149.1544654,0.34194844,0.055069278,0.008887868,0.055069278,2179.772115,82.33,17.67,0.88,44.33,2.22,22.17,2.22,3.098740024,0.310293318,5.205,10.1576,0.9497,0.2039,0.4081,0.0311,0.0652,209.6
Bird Island,BI10,BI10.5,191,179.1,180.1,179.6,0.5,2468,2973,2645,2658,253,0.11483,0.01123,22504.90909,58725.63636,1.375454545,18.81818182,221.0909091,44.27272727,44.27272727,10223.72727,130.0909091,84,456.2727273,814,37830.09091,6131.181818,6.169881969,1.81892949,0.162323613,-1.818929489,43961.27273,906.1215652,4185.815291,0.089706592,17.06937715,40.7736546,23.82054117,17.81623366,3086.625442,60.73294748,77.20233157,187.2789849,82.49848483,1941.035675,192.936683,0.248063111,0.040841765,0.006735486,0.040841765,2067.413606,79.81,20.19,1.01,71.14,3.56,35.57,3.56,3.571502586,0.357451482,4.1527,8.1226,1.1133,0.2816,0.565,0.0323,0.068,210.4
Bird Island,BI10,BI10.5,192,180.3,181.4,180.8,0.55,2482,2984,2653,2668,251,0.10212,0.00993,22310.66667,58592.83333,1.3775,28.58333333,231.1666667,66,52.08333333,9882.333333,117.5833333,213.1666667,673.1666667,844.5833333,37375.33333,6260,5.965042556,1.784196198,0.168227885,-1.784196197,43635.33333,1041.070632,2659.809181,0.092257052,26.8918992,47.96558109,39.77664916,18.96627789,1931.609331,46.2295819,158.9384291,313.7995403,119.9586734,3074.974067,212.3187997,0.361010435,0.061629863,0.010542421,0.061629862,3240.621386,79.45,20.55,1.03,81.07,4.05,40.54,4.05,3.702289141,0.369863617,4.7687,9.38,0.9389,0.2429,0.4899,0.0248,0.0524,211.4
Bird Island,BI10,BI10.5,193,181.6,182.6,182.1,0.525,2503,2995,2663,2681,246,0.10213,0.00967,23189.81818,58256.36364,1.331818182,15.54545455,173.6363636,45.09090909,28.72727273,6117.636364,109,72,305.7272727,876.0909091,41288.09091,6462.363636,6.39188423,1.854779316,0.156526228,-1.854779316,47750.45455,355.8291214,1398.109886,0.079097178,13.2315051,33.57461162,37.8561872,17.26899481,1108.618173,56.34713835,43.88849508,103.9106259,70.32134035,482.9613762,155.2187313,0.150493841,0.023391375,0.003637756,0.023391375,549.4714485,76.71,23.29,1.16,72.43,3.62,36.22,3.62,3.589611452,0.358762934,4.0806,8.0571,0.8259,0.2507,0.5076,0.0256,0.0543,211.9
Bird Island,BI10,BI10.5,194,182.8,183.8,183.3,0.5,2514,3004,2673,2693,245,0.10213,0.00957,22651.54545,56036,1.316363636,3.636363636,177.4545455,35.72727273,26.54545455,5216.727273,138.0909091,81,339.1818182,846.5454545,40127.27273,6327.818182,6.343787676,1.84723704,0.157710389,-1.84723704,46455.09091,381.5485195,983.9852641,0.087666724,5.220588612,20.9062844,18.20489445,12.05291364,598.5987121,75.54793782,84.39075779,62.18652295,58.07643866,524.6486617,137.0341696,0.144521593,0.023004395,0.003664243,0.023004396,568.2598797,64.5,35.5,1.78,77.78,3.89,38.89,3.89,3.660737148,0.366167845,4.3352,8.614,0.7714,0.4246,0.865,0.0434,0.0924,213.1
Bird Island,BI10,BI10.5,195,184,185,184.5,0.5,2523,3017,2684,2704,247,0.1022,0.00961,22137.63636,56470.63636,1.282727273,16.54545455,171.9090909,37.90909091,30.18181818,6418.363636,88.81818182,87.36363636,351.4545455,776.1818182,39683.45455,6158.454545,6.444523346,1.863068861,0.155220866,-1.86306886,45841.90909,493.1987982,1390.957747,0.075245054,14.4455089,29.47356288,23.69157886,15.20406644,1095.240912,45.27652412,66.48800302,134.4889316,83.93547305,752.7189866,101.5798835,0.121284812,0.018891769,0.00294314,0.018891768,802.5822643,81.9,18.1,0.9,37.84,1.89,18.92,1.89,2.940219564,0.293711151,4.9063,9.8125,0.856,0.1892,0.3878,0.0193,0.0415,214.4
Bird Island,BI10,BI10.5,196,185.2,186.3,185.8,0.55,2535,3026,2697,2717,246,0.10213,0.00954,22596.33333,56968.25,1.296666667,5.166666667,177.6666667,24.83333333,32.33333333,6134.416667,70.33333333,64.33333333,315.8333333,843.25,40067.33333,6226.333333,6.435299487,1.861575699,0.155462577,-1.861575701,46293.66667,719.1098454,1880.715247,0.05959459,6.235285709,36.53474892,14.16675579,12.29436925,2797.410473,56.01839525,71.34593488,85.52387581,105.1225475,1755.866496,240.1042703,0.140977947,0.022110596,0.003469656,0.022110595,1968.292769,84.25,15.75,0.79,80.01,4,40,4,3.688879454,0.368887945,4.9738,9.9873,0.8702,0.1627,0.3348,0.0166,0.0357,215.1
Bird Island,BI10,BI10.5,197,186.5,187.5,187,0.5,2550,3047,2708,2729,248,0.10214,0.00957,21576.81818,58939.54545,1.309090909,10.54545455,219.5454545,41.81818182,31.81818182,11936.72727,22.18181818,19.90909091,382.9090909,737.1818182,37035.45455,5849.727273,6.337129586,1.845923487,0.157959377,-1.845923487,42885.18182,604.7662058,2859.090917,0.071337864,10.30886644,53.16834328,18.89877341,20.37556469,2019.269774,28.8472466,48.75336818,105.5257831,90.43319986,636.9057016,208.731929,0.20995974,0.033307738,0.005290845,0.033307739,741.6705223,84.62,15.38,0.77,80.22,4.01,40.11,4.01,3.69162568,0.36907053,4.712,9.5135,0.983,0.1787,0.3698,0.0183,0.0395,216.3
Bird Island,BI10,BI10.5,198,187.7,188.6,188.1,0.45,2557,3063,2718,2740,253,0.10213,0.00967,21655.8,59606.1,1.37,18.2,237.3,69.7,31.3,13280.7,58.5,48.2,360.2,741.3,36409.7,5770.7,6.312998727,1.842113231,0.158560539,-1.842113232,42180.4,612.2294051,1786.629816,0.08419554,9.975525606,36.93252105,62.29508631,15.4420062,1914.206888,51.06042172,59.35355461,213.3280208,153.9524097,889.6376353,159.0506907,0.210608872,0.033200231,0.005239692,0.033200231,931.3936034,82.69,17.31,0.87,79.26,3.96,39.63,3.96,3.679586407,0.367680095,3.7374,7.5719,0.992,0.2077,0.4311,0.0212,0.046,217.1
Bird Island,BI10,BI10.5,199,188.8,189.8,189.3,0.5,2564,3081,2729,2751,259,0.06989,0.00676,20194.90909,56280,1.277272727,8.727272727,185.4545455,21.36363636,10.81818182,12379.81818,55.63636364,40.36363636,181.7272727,718.6363636,34934,5517,6.333679654,1.845693707,0.157945235,-1.845693708,40451,858.2187897,3385.748514,0.137774519,9.477245476,40.12820364,16.6509623,9.314700015,2581.730072,39.72976901,43.91872659,81.31554699,108.4539282,1006.367627,171.4946063,0.129003239,0.020295329,0.003194531,0.020295328,1142.715188,82.56,17.44,0.87,81.34,4.07,40.67,4.07,3.70549072,0.370822405,4.2434,8.6417,0.9135,0.193,0.4027,0.0135,0.0294,218.3
Bird Island,BI10,BI10.5,200,190,191,190.5,0.5,2584,3098,2747,2768,257,0.04843,0.00463,21233.27273,60922.63636,1.38,6.090909091,196.9090909,25.72727273,26.45454545,16409.81818,8.090909091,12.81818182,220,698,35105.72727,5753.181818,6.102984929,1.80840512,0.163975335,-1.80840512,40858.90909,970.4576334,3575.144956,0.094762862,6.862281624,37.90106739,13.94339205,16.33011718,2135.708258,11.95369855,24.40007452,65.16901104,99.7356506,1284.656148,172.0481434,0.176452141,0.028506304,0.004607982,0.028506303,1402.384716,84.27,15.73,0.79,77.96,3.9,38.98,3.9,3.663048694,0.366492814,3.6287,7.4134,1.0574,0.1973,0.413,0.0096,0.0209,218.9
Bird Island,BI10,BI10.5,201,191.2,192.2,191.7,0.5,2606,3115,2774,2793,255,0.04844,0.00454,20729.63636,58839.09091,1.391818182,9.818181818,160,31.18181818,22.72727273,14471.36364,20.90909091,51.09090909,187.1818182,689.0909091,34968.18182,5657.363636,6.18303483,1.821617142,0.16179507,-1.821617142,40625.54545,355.316274,1358.047161,0.079349629,6.20996267,18.84675038,17.79223528,8.391554196,1249.32648,27.11255999,49.75028552,57.25175662,85.75599634,606.7064889,139.4598671,0.127003449,0.020565399,0.003331596,0.0205654,694.6078554,84.39,15.61,0.78,80.76,4.04,40.38,4.04,3.698334613,0.370016638,4.8086,9.9033,0.9228,0.1707,0.3601,0.0083,0.0182,220.3
Bird Island,BI10,BI10.5,202,192.4,193.3,192.8,0.475,2624,3136,2799,2816,256,0.04843,0.00452,20937.6,62954,1.343,41.1,216.7,50.4,27.1,19501.7,48,63.8,307.2,658.5,33850.5,5552.6,6.099346671,1.807875395,0.164053074,-1.807875396,39403.1,558.4176454,2331.113659,0.077610137,56.09802928,52.43631057,41.92108989,14.28635713,1767.568452,48.68264578,56.15019541,144.665745,105.4895993,956.475155,193.5270294,0.158134854,0.026170247,0.004333749,0.026170248,1095.642627,83.14,16.86,0.84,77.46,3.87,38.73,3.87,3.656614494,0.36537821,4.6609,9.6481,0.9287,0.1884,0.3993,0.0091,0.0202,221.3
Bird Island,BI10,BI10.5,203,193.5,194.5,194,0.475,2638,3155,2825,2841,258,0.04844,0.00452,21503.36364,64223.09091,1.336363636,8.636363636,239.6363636,33.90909091,29.45454545,19644.72727,53.27272727,31.90909091,257.6363636,684.1818182,34895.18182,5640.363636,6.1881537,1.822468327,0.161653387,-1.822468326,40535.54545,717.7834315,3262.811072,0.053716427,8.720925722,43.03782691,13.15640183,19.91664448,2516.170467,28.52048705,32.50678251,84.24164377,107.5814279,921.7465832,164.076368,0.119474872,0.019223222,0.003094938,0.019223222,1052.390361,83.54,16.46,0.82,63.66,3.18,31.83,3.18,3.460409241,0.345714778,3.6094,7.486,1.1001,0.2168,0.4604,0.0105,0.0233,221.7
Bird Island,BI10,BI10.5,204,194.6,195.6,195.1,0.475,2648,3180,2847,2863,266,0.04843,0.00462,21314.63636,62368.90909,1.358181818,8.818181818,197.9090909,27.45454545,19,17887.27273,34.18181818,32.81818182,232.5454545,620.7272727,35002.36364,5595.909091,6.257364359,1.833607329,0.159860401,-1.833607329,40598.27273,458.1987064,2982.310898,0.076002392,9.009086322,30.89159933,24.61041908,10.60188662,2535.000635,35.19039125,42.85048,97.79096445,92.93340724,823.90294,183.0658103,0.113862572,0.018308528,0.002944925,0.018308528,981.127422,82.38,17.62,0.88,80.44,4.02,40.22,4.02,3.694364384,0.369252731,5.7427,12.0339,0.6566,0.1404,0.3012,0.0068,0.0152,224.1
Bird Island,BI10,BI10.5,205,195.8,196.7,196.3,0.475,2662,3202,2872,2888,270,0.04844,0.00465,22609.7,64831.7,1.383,1.2,207.7,36.1,28,17401,59,28.8,294.4,757.8,37227.7,5970.9,6.24058417,1.830689371,0.160364736,-1.830689371,43198.6,551.0765323,2586.504937,0.091171389,2.699794231,21.83804021,17.91616278,17.05546507,2324.899424,47.76795765,44.40170167,57.90260021,80.01916437,540.5234192,222.4502192,0.182293962,0.029237906,0.004693335,0.029237907,713.01429,82.88,17.12,0.86,82.45,4.12,41.22,4.12,3.718923575,0.371711915,3.6919,7.7327,0.9653,0.1993,0.4275,0.0097,0.0216,224
Bird Island,BI10,BI10.5,206,196.9,197.9,197.4,0.5,2674,3237,2892,2911,282,0.04845,0.00481,22624.36364,63079.36364,1.291818182,8.545454545,255.8181818,28.54545455,30.90909091,14565.09091,65.36363636,34.63636364,300.9090909,756.3636364,38384.45455,6053.818182,6.342390615,1.847096855,0.157719066,-1.847096855,44438.27273,275.2883117,861.8444492,0.06615409,10.96689233,24.68124058,17.05499127,21.36096695,818.018515,42.70192672,60.5297823,66.83480313,107.9307859,311.9408161,114.2801979,0.119322167,0.018640293,0.002912854,0.018640292,359.306023,82.77,17.23,0.86,82.07,4.1,41.03,4.1,3.714303506,0.371158771,4.0629,8.5544,0.9183,0.1911,0.4119,0.0093,0.0209,225.5
Bird Island,BI10,BI10.5,207,198.1,199.1,198.6,0.475,2683,3272,2916,2936,295,0.04843,0.00498,22431.72727,63314.36364,1.372727273,5.272727273,226.6363636,35.81818182,31,16187.54545,83.90909091,31.36363636,262.7272727,734.8181818,37020.63636,5991.090909,6.180677093,1.821281381,0.161842115,-1.821281381,43011.72727,424.2127039,2778.44659,0.084509279,7.66930126,24.58158956,16.61817187,17.33781993,2717.689731,46.40356569,54.56239131,74.47830679,95.70769894,371.3481581,99.25467701,0.110599618,0.017977468,0.002923271,0.017977467,399.4571544,82.4,17.6,0.88,81.65,4.08,40.83,4.08,3.709417105,0.37066916,3.6919,7.8066,1.0168,0.2172,0.4702,0.0105,0.0239,226.7
Bird Island,BI10,BI10.5,208,199.3,200.3,199.8,0.525,2693,3320,2938,2961,313,0.0492,0.00533,21677.6,62311.4,1.426,11.2,222.7,38,39.3,16984.6,46.4,33.1,290.4,700.1,35372.1,5808.3,6.085748547,1.805558129,0.164447679,-1.80555813,41180.4,1238.937197,3159.966814,0.088090862,10.28267151,37.46420514,11.53737887,20.92871499,2679.666944,34.48735678,41.98796124,99.24739011,108.8683711,2862.14428,382.0680713,0.178697262,0.029569805,0.004897406,0.029569805,3225.227096,82.12,17.88,0.89,57.13,2.86,28.56,2.86,3.352007137,0.335670183,3.297,6.9896,0.8748,0.1905,0.4134,0.0094,0.0214,227.8
Bird Island,BI10,BI10.6,216,199.7,200.6,200.2,0.45,2702,3331,2945,2969,314,0.05,0.00541,20808.55556,60721.77778,1.465555556,13.44444444,238.8888889,48.11111111,46.88888889,18114,30.11111111,41.77777778,319.2222222,651,33001.88889,5505.888889,5.989463014,1.789603093,0.167093091,-1.789603093,38507.77778,628.6754153,2028.110129,0.072130283,9.61913602,49.2124081,17.68788035,21.86003456,3585.162339,19.05547457,51.16096602,93.27081239,126.8641005,2270.499694,249.6334535,0.179320121,0.02995575,0.005007098,0.02995575,2506.371869,80.12,19.88,0.99,77.18,3.86,38.59,3.86,3.652993176,0.365393979,4.3278,9.5622,1.0292,0.2553,0.5768,0.0128,0.0302,236.8
Bird Island,BI10,BI10.6,217,200.8,201.8,201.3,0.5,2726,3344,2970,2991,309,0.05,0.00529,20837.63636,69176,1.47,18.54545455,280.3636364,58.81818182,44.36363636,30516.72727,6.363636364,66.36363636,355.6363636,553.7272727,29317.09091,5103.727273,5.747109855,1.748253814,0.174156221,-1.748253814,34420.81818,619.0651456,2970.987075,0.040743098,22.75242245,38.22897521,41.87318517,18.86940766,2611.390514,11.09299533,56.738475,129.1024963,58.17919028,685.0263432,132.6808885,0.177904307,0.031368236,0.005537198,0.031368235,723.6140986,79.89,20.11,1.01,78.53,3.93,39.27,3.93,3.670460869,0.367326489,5.9366,13.2089,0.9066,0.2282,0.5193,0.0114,0.0272,238.1
Bird Island,BI10,BI10.6,218,202,203,202.5,0.5,2748,3360,2998,3015,306,0.05002,0.00521,22034.36364,74321.90909,1.483636364,21.72727273,356.2727273,62.72727273,39.36363636,33115.27273,4.818181818,42.81818182,370.7272727,577.6363636,31427.27273,5470.545455,5.746970235,1.748489183,0.174068463,-1.748489183,36897.81818,936.7377726,4435.560471,0.065768188,12.80695834,84.76094727,15.85617173,9.87190688,3769.854907,8.36442684,37.57344323,51.97709286,71.21554989,830.4107527,182.0694173,0.115834379,0.020070783,0.003479159,0.020070783,982.7233403,79.06,20.94,1.05,74.61,3.73,37.3,3.73,3.618993327,0.361899333,4.8086,10.7208,1.0003,0.265,0.604,0.0133,0.0316,238.4
Bird Island,BI10,BI10.6,219,203.2,204.2,203.7,0.5,2770,3375,3024,3039,303,0.05,0.0051,22355.27273,73267,1.432727273,25,435.8181818,63.90909091,34.90909091,30094.09091,22.72727273,39.09090909,428.5454545,629.1818182,33010.36364,5491.363636,6.016063025,1.793975688,0.166373358,-1.793975688,38501.72727,1181.833837,7739.121707,0.052553004,11.6447413,55.34404789,17.47257591,13.11071734,7087.686611,35.85272907,26.29241163,111.3026178,104.0526964,876.7428668,204.3013817,0.191354891,0.031678236,0.005247599,0.031678236,1005.602515,83.57,16.43,0.82,72.16,3.61,36.08,3.61,3.585738695,0.358772636,5.205,11.6671,1.0487,0.1965,0.4502,0.0098,0.0235,239.4
Bird Island,BI10,BI10.6,220,204.3,205.3,204.8,0.5,2787,3389,3050,3061,301,0.05,0.00504,20940.81818,67127.90909,1.457272727,18.09090909,383.1818182,55.27272727,38.63636364,26566.72727,2.363636364,49.81818182,351.7272727,568,31049.90909,5247.818182,5.918202537,1.77773618,0.169070977,-1.777736181,36297.72727,1304.442549,6455.24324,0.087760003,9.202766383,67.37331546,12.00075755,17.90124424,5879.917892,4.433344725,51.65233428,41.42243573,62.56996084,1415.538799,233.0878882,0.150444225,0.025607334,0.004361392,0.025607334,1614.194294,85,15,0.75,67.15,3.36,33.58,3.36,3.513930652,0.351602352,5.5127,12.42,1.0513,0.1647,0.3793,0.0082,0.0198,240.4
Bird Island,BI10,BI10.6,221,205.5,206.6,206,0.525,2807,3404,3080,3085,299,0.05,0.00497,22371.83333,81956.66667,1.5275,24.66666667,355.5,65,44.41666667,41775.58333,243.6666667,64.83333333,323.6666667,582,30418.16667,5392.916667,5.640560097,1.729631456,0.177411935,-1.729631456,35811.08333,867.578745,6018.163346,0.075453176,16.58221026,54.8526953,19.14537685,16.05365058,6373.701785,112.8742932,43.89001405,63.71717812,66.52135679,1321.100356,181.7072863,0.156607521,0.027682748,0.004896626,0.027682748,1464.012448,85.64,14.36,0.72,79.39,3.97,39.7,3.97,3.681351188,0.368135119,5.049,11.4083,1.0727,0.198,0.4574,0.0099,0.0239,240.9
Bird Island,BI10,BI10.6,222,206.7,207.7,207.2,0.5,2820,3426,3110,3109,303,0.05,0.00499,23648.27273,78135.54545,1.46,23.18181818,292.7272727,63.45454545,48.36363636,32025.18182,451.9090909,38.54545455,299.0909091,668.0909091,35512.09091,5831.818182,6.089161823,1.806244241,0.16431416,-1.806244242,41343.90909,419.2090388,5807.781183,0.077201036,20.69694751,69.44939296,23.83847158,17.20623566,6676.774818,105.1165587,37.54827196,54.15063166,55.50577366,1088.83823,97.96919739,0.146532685,0.024267895,0.004020444,0.024267895,1152.378883,84.43,15.57,0.78,80.4,4.02,40.2,4.02,3.693866996,0.3693867,5.4091,12.2923,1.002,0.1768,0.4105,0.0088,0.0214,242.2
Bird Island,BI10,BI10.6,223,207.9,209,208.4,0.525,2831,3457,3135,3133,313,0.05002,0.00512,23654.41667,73977.66667,1.4075,22.33333333,302.0833333,77.83333333,68.58333333,26740.25,580.9166667,44.41666667,271.4166667,733.6666667,36515.08333,5914.166667,6.176197073,1.820488199,0.161981057,-1.820488198,42429.25,510.5288627,3937.348354,0.034935005,26.97248879,59.51387666,49.52838182,38.60395254,3670.158335,188.7829241,28.93710526,59.17379385,47.96463344,383.4926711,111.4971123,0.134318068,0.021578731,0.003468473,0.021578732,399.7811049,84.19,15.81,0.79,83.07,4.15,41.54,4.15,3.726656818,0.372306832,5.4653,12.4691,0.9314,0.2082,0.4855,0.0104,0.0254,243.4
Bird Island,BI10,BI10.6,224,209.1,210.1,209.6,0.5,2841,3483,3159,3157,321,0.05215,0.00543,22903.54545,67343.90909,1.412727273,13.18181818,247.5454545,45.90909091,44.72727273,20436.72727,509,42.09090909,297.7272727,699.3636364,36678.18182,5802.818182,6.320627937,1.843750992,0.158233538,-1.843750991,42481,698.4384531,2788.999478,0.047558576,9.537485851,86.43073948,13.38248516,16.27937904,2788.038848,48.46235653,53.01217699,65.24276344,68.96560408,1279.252267,187.0950658,0.076962426,0.012200258,0.001934261,0.012200257,1456.046909,82.71,17.29,0.86,78.16,3.91,39.08,3.91,3.665610827,0.366748678,5.4091,12.4005,1.0064,0.1648,0.386,0.0086,0.021,244.7
Bird Island,BI10,BI10.6,225,210.3,211.3,210.8,0.5,2870,3504,3182,3180,317,0.05329,0.00544,23176.18182,67696.54545,1.439090909,15.90909091,261,39.54545455,36.54545455,20508.90909,559.2727273,46.90909091,347.7272727,697.3636364,36624.27273,5876.090909,6.234034421,1.829727611,0.160505483,-1.829727611,42500.36364,605.1495382,2355.608642,0.073546522,5.682509049,24.65765601,12.35608058,11.49228991,1548.147955,109.2090572,44.38119995,117.7871732,56.93904237,941.2829639,126.4630021,0.157974835,0.025615637,0.004157142,0.025615637,1004.01935,83.59,16.41,0.82,55.31,2.77,27.66,2.77,3.319987326,0.332478846,4.5216,10.3906,1.0043,0.1975,0.4637,0.0105,0.0258,245
Bird Island,BI10,BI10.6,226,211.5,212.5,212,0.5,2898,3511,3205,3202,306,0.05331,0.00522,23039.09091,67104.90909,1.398181818,4.272727273,190.9090909,27,36.45454545,19617.36364,621.5454545,39.27272727,315.4545455,691.1818182,36921.90909,5962.909091,6.192578819,1.82328847,0.161503967,-1.823288469,42884.81818,357.5643871,2576.551822,0.069111241,4.797726734,42.84963138,13.1833228,12.35608058,2764.227352,76.17133796,38.61888375,70.8425912,70.44688521,527.9300057,102.5041019,0.0731278,0.011774558,0.001896084,0.011774557,607.7175032,84.74,15.26,0.76,76.2,3.81,38.1,3.81,3.640214282,0.364021428,5.0049,11.5637,0.9907,0.2015,0.4756,0.0107,0.0264,245.9
Bird Island,BI10,BI10.6,227,212.7,213.7,213.2,0.525,2923,3519,3228,3225,298,0.05331,0.00506,23188.54545,74378.45455,1.435454545,18.54545455,302.5454545,50.63636364,38.63636364,28762.90909,512.7272727,26,354.5454545,647.1818182,35265,5743.363636,6.142113522,1.815011637,0.162861614,-1.815011636,41008.36364,573.4191074,2250.778237,0.068900455,20.56873179,57.66691189,28.20380374,12.21697775,3337.315342,129.5307615,42.71299568,48.22108177,37.59738869,1372.628792,251.3066942,0.114269597,0.018599205,0.003028138,0.018599204,1602.923783,83.71,16.29,0.81,67.77,3.39,33.88,3.39,3.52282487,0.352490446,4.9476,11.4734,1.0477,0.1932,0.4577,0.0103,0.0254,246.4
Bird Island,BI10,BI10.6,228,213.9,214.9,214.4,0.525,2943,3529,3252,3247,293,0.05329,0.00494,22078.09091,65375.90909,1.414545455,17.09090909,287.9090909,40,48.72727273,19636.18182,188.4545455,45.18181818,307.4545455,680.0909091,35483.72727,5810.545455,6.111278784,1.809817083,0.163737309,-1.809817083,41294.27273,864.4919265,4727.814304,0.073125049,12.31628634,47.52568683,20.67365473,18.63915722,4217.748115,80.08665761,36.52894245,47.48550018,81.53950521,1231.863799,269.1008598,0.160355358,0.026617899,0.004422499,0.026617899,1458.889721,84.98,15.02,0.75,72.4,3.62,36.2,3.62,3.589059119,0.358905912,5.6796,13.2477,0.9524,0.1683,0.401,0.009,0.0222,247.5
Bird Island,BI10,BI10.6,229,215.1,215.8,215.5,0.35,2960,3542,3274,3268,291,0.05329,0.00483,22180.875,66041.375,1.43125,11.375,205,40.875,49.125,21223.375,345.25,71.5,356.125,655.25,34548,5809.875,5.947153971,1.782842676,0.168171237,-1.782842675,40357.875,229.2911047,2080.52129,0.044860896,7.24938421,11.85628224,12.46065236,14.30721596,2223.718953,60.83643175,52.63621784,39.90502117,42.72754214,539.9833331,110.5175325,0.07527224,0.012659507,0.002129373,0.012659507,627.4208971,83.35,16.65,0.83,82.7,4.13,41.35,4.14,3.722072421,0.372657311,4.0059,9.3897,1.118,0.2234,0.5348,0.0119,0.0296,248.5
Bird Island,BI10,BI10.6,230,216,216.9,216.4,0.45,2973,3554,3294,3285,291,0.05332,0.00483,22431.8,65761.2,1.461,5.2,177.8,40.3,47.9,20671,322.3,49.6,319.7,640.1,35165.6,5809.6,6.053866156,1.800634878,0.165204302,-1.800634877,40975.2,268.10023,1675.268987,0.085822815,4.341018826,24.05918628,8.957306143,13.60922889,1839.657335,97.1345573,41.73780594,76.88526806,40.93477196,300.4464086,91.85399042,0.071031169,0.011772083,0.001951234,0.011772084,368.8347417,81.56,18.44,0.92,83.2,4.16,41.6,4.16,3.728100167,0.372810017,4.3278,10.1681,0.9185,0.2077,0.4984,0.0111,0.0276,249
Bird Island,BI10,BI10.6,231,217,218,217.5,0.5,2987,3570,3316,3305,291,0.05329,0.00482,22900.27273,68445.90909,1.427272727,15.09090909,217.7272727,47,59.18181818,21076.36364,436.1818182,42.54545455,400.5454545,725.9090909,36831.72727,5925,6.218436489,1.827190379,0.160917066,-1.82719038,42756.72727,492.9381484,3397.006284,0.066796843,10.35813251,42.57955122,24.75883681,17.76411091,3403.510607,77.70562165,37.44159088,78.15416001,65.18351716,900.6346752,148.6384876,0.168082524,0.026787967,0.004271956,0.026787968,972.820959,83.6,16.4,0.82,83.74,4.19,41.87,4.19,3.73456958,0.373724541,5.0049,11.814,0.946,0.1855,0.4472,0.0099,0.0247,250.1
Bird Island,BI10,BI10.6,232,218.2,219.2,218.7,0.5,3000,3590,3340,3328,295,0.05331,0.00485,23070.72727,66797.18182,1.408181818,12.81818182,306.1818182,43.18181818,42.27272727,18389,559.0909091,26.81818182,388.4545455,713.9090909,37449.54545,5998.909091,6.243772193,1.831451739,0.16020223,-1.831451739,43448.45455,608.6169717,2533.299462,0.083404818,10.25493229,59.60338611,13.49680097,14.47819677,2206.904302,52.24070165,18.64842182,61.16103929,97.81764109,528.6434268,99.80025506,0.106468003,0.017111748,0.002751394,0.017111746,574.8730927,82.63,17.37,0.87,84.48,4.22,42.24,4.23,3.743367639,0.374868492,4.6163,10.9337,1.0215,0.2148,0.5195,0.0115,0.0287,250.9
Bird Island,BI10,BI10.6,233,219.4,220.4,219.9,0.5,3007,3619,3364,3350,306,0.05083,0.00476,23339.81818,66258.81818,1.393636364,17.90909091,318.4545455,45.18181818,53.36363636,16737.45455,543.6363636,38.72727273,351,754.6363636,38271.09091,6021.909091,6.356420039,1.849349794,0.157357723,-1.849349794,44293,699.8898225,2991.216669,0.066824057,13.81632763,57.43929602,17.46893346,17.89006835,2395.139594,66.35702333,29.39758803,43.17175002,66.2755954,767.7247494,140.300716,0.10104644,0.015966648,0.002523638,0.015966648,875.2937793,82.27,17.73,0.89,79.6,3.98,39.8,3.98,3.683866912,0.368386691,4.4279,10.5273,1.0475,0.2258,0.5482,0.0115,0.0289,252.1
Bird Island,BI10,BI10.6,234,220.6,221.6,221.1,0.525,3053,3627,3386,3374,287,0.05061,0.00443,22892.81818,62531.45455,1.377272727,14,266.9090909,36,36.54545455,13016.45455,623.6363636,31.18181818,384.2727273,771.6363636,38465.63636,5951.272727,6.465527561,1.866366422,0.15470306,-1.866366422,44416.90909,558.3272908,1875.088711,0.051592811,9.612491873,33.61087486,11.24277546,11.9946958,1099.668529,119.9176991,34.7730303,89.91895341,70.11600777,683.161807,164.9776293,0.104045605,0.016141737,0.002505009,0.016141737,825.7249487,81.67,18.33,0.92,77.52,3.88,38.76,3.88,3.657388787,0.366116318,4.8471,11.5773,0.9293,0.2086,0.5088,0.0106,0.0267,252.6
Bird Island,BI10,BI10.6,235,221.8,222.8,222.3,0.525,3103,3635,3408,3398,266,0.05059,0.00408,22184.27273,59046.81818,1.389090909,10,240.3636364,35.45454545,37.18181818,10510,467,33.27272727,367.8181818,778.4545455,37833.45455,5931.272727,6.380676758,1.853141235,0.156765083,-1.853141235,43764.72727,512.5598679,2037.079567,0.040854509,10.86278049,24.62223681,12.20953428,14.31655113,1184.970548,196.4917301,25.52289525,63.89337709,67.52979141,1128.466868,214.1999491,0.108544257,0.017146706,0.002709727,0.017146706,1321.01545,81.53,18.47,0.92,83.87,4.19,41.93,4.19,3.736001561,0.373332853,5.3597,12.8686,0.878,0.1989,0.4874,0.0101,0.0255,253.2
Bird Island,BI10,BI10.6,236,223,224.1,223.5,0.525,3140,3642,3433,3421,251,0.05062,0.00383,22832.58333,61563.66667,1.405833333,14.33333333,278.25,46.58333333,41.75,11756.66667,206.75,38.33333333,382.0833333,758.5833333,39098.66667,6049,6.467390766,1.866497441,0.154707191,-1.866497441,45147.66667,360.157657,1352.505979,0.066395281,8.348471099,34.43868068,15.71599263,11.61601559,1020.943087,170.092555,40.06207305,65.07961325,70.10311669,526.4815171,175.6551373,0.158189535,0.024533459,0.003806778,0.024533459,638.1644606,80.97,19.03,0.95,81.07,4.05,40.54,4.05,3.702289141,0.369863617,4.8471,11.6743,0.9243,0.2173,0.5342,0.011,0.0279,253.4
Bird Island,BI10,BI10.6,237,224.2,225.3,224.8,0.525,3181,3654,3459,3447,236,0.05061,0.00359,22819.75,62986,1.385833333,21.08333333,385.5833333,53.75,48.08333333,14469,4.583333333,59.58333333,417.25,744.1666667,37988.5,5867.666667,6.475936655,1.867969776,0.154455989,-1.867969776,43856.16667,474.2906905,1523.345779,0.054013186,17.10639611,87.9488057,18.18153409,13.43982098,1349.121937,5.107184482,41.71648537,71.76872578,49.63289476,812.2082693,163.1281333,0.106204393,0.01642081,0.002539584,0.016420811,949.1167984,81.93,18.07,0.9,81.39,4.07,40.7,4.07,3.706228092,0.370622809,4.3603,10.5344,0.964,0.2127,0.5244,0.0108,0.0273,253.7
Bird Island,BI10,BI10.6,238,225.5,226.5,226,0.525,3211,3666,3485,3471,228,0.05059,0.00344,22319.63636,61890.09091,1.357272727,20.36363636,380.6363636,44.09090909,41.72727273,13979.27273,23.90909091,49.63636364,447.6363636,723.0909091,37226.27273,5977.909091,6.230014605,1.829102096,0.160601436,-1.829102096,43204.18182,413.0131409,1436.996831,0.075774786,18.36993591,61.01028229,15.91511574,7.862453931,1283.34805,32.40510622,55.37738298,41.62997172,58.67785706,743.025853,162.051507,0.154832238,0.024577028,0.003904709,0.024577028,836.496362,81.33,18.67,0.93,81.34,4.07,40.67,4.07,3.70549072,0.370822405,4.8471,11.7712,1.0243,0.2351,0.5828,0.0119,0.0303,254.6
Bird Island,BI10,BI10.6,239,226.7,227.7,227.2,0.525,3237,3679,3510,3495,221,0.05061,0.00332,22198,63020.54545,1.409090909,16,267.9090909,45.63636364,34.90909091,16099.09091,119.1818182,32.27272727,370.3636364,713.3636364,36507.09091,5899.181818,6.189123922,1.822700938,0.161603709,-1.822700939,42406.27273,376.0702062,1666.367088,0.054305533,7.797435476,49.75229552,22.67718116,17.27688945,1530.286996,56.1316634,29.24069394,81.701007,89.16756442,464.5514944,78.91998249,0.088268442,0.014279488,0.002310336,0.014279488,501.4473234,81.18,18.82,0.94,76.1,3.8,38.05,3.81,3.638901084,0.364368282,4.4556,10.856,0.9547,0.2213,0.5503,0.0112,0.0286,255.2
Bird Island,BI10,BI10.6,240,227.9,229,228.4,0.525,3256,3697,3535,3518,220,0.0506,0.00328,22374.66667,64609.33333,1.415,15.25,258,39.75,46.5,18596.66667,68.83333333,25.58333333,355.4166667,711.8333333,35929.5,5791.75,6.204505128,1.825170219,0.161207131,-1.825170219,41721.25,411.3850957,1666.552148,0.03753786,4.69283787,39.59568388,14.359824,10.38793006,1289.760607,44.91979384,32.2897629,51.53367537,75.2291449,495.6900608,99.31778656,0.094302136,0.015152072,0.002435026,0.015152072,555.6657146,80.42,19.58,0.98,85.43,4.27,42.72,4.27,3.754667195,0.375290939,4.6493,11.3791,0.9115,0.2219,0.5541,0.0112,0.0288,256.2
Bird Island,BI10,BI10.6,241,229.1,230.2,229.7,0.55,3274,3721,3561,3544,223,0.06881,0.0045,22860.83333,67857.5,1.405,10.33333333,274,43.41666667,46.33333333,21352.08333,13,19.41666667,374.4166667,713.3333333,36269.83333,5863.083333,6.186553044,1.822275473,0.161674272,-1.822275473,42132.91667,379.9765144,1686.553371,0.059160798,5.015128628,35.74912586,12.82368784,14.86504951,1563.616173,20.45838348,21.5130334,61.9478642,81.29892466,581.0936137,79.12298635,0.09200667,0.01500683,0.00244812,0.015006831,624.7673688,80.48,19.52,0.98,82.48,4.12,41.24,4.13,3.719408659,0.372482002,5.7255,14.0934,0.8994,0.2181,0.5478,0.015,0.0387,257.7
Bird Island,BI10,BI10.6,242,230.4,231.5,230.9,0.525,3307,3734,3577,3561,213,0.07807,0.00486,23546.91667,68270.5,1.4125,17.83333333,336.8333333,41.91666667,41.41666667,18747,29.58333333,30.16666667,395.6666667,803.9166667,38686.16667,6079.083333,6.364727444,1.85043836,0.157220291,-1.85043836,44765.25,313.9546749,2268.15133,0.077003542,10.45191008,60.39691945,9.238834375,16.09888948,3407.078327,25.40028036,29.88411963,60.15787311,53.81020237,1358.90416,173.4775114,0.172101765,0.026916105,0.00421265,0.026916105,1477.855641,81.24,18.76,0.94,81.1,4.06,40.55,4.06,3.702535781,0.370710118,4.4556,10.9897,0.9729,0.2246,0.5652,0.0175,0.0452,257.9
Bird Island,BI10,BI10.6,243,231.6,232.6,232.1,0.5,3342,3738,3591,3577,198,0.07813,0.0045,22420.18182,64509.81818,1.408181818,26.09090909,361.8181818,63.18181818,42.18181818,17395.45455,87.36363636,24.36363636,413.7272727,725,36305.09091,5888.545455,6.163784742,1.818375776,0.162340381,-1.818375777,42193.63636,660.7795121,4860.554923,0.066905632,16.60394258,56.51870165,31.27880491,14.41400834,5972.676609,64.6440604,18.58640755,83.13614245,67.2383819,1592.554455,146.4358997,0.162211159,0.026344912,0.004282973,0.026344912,1716.901702,82.87,17.13,0.86,79.87,3.99,39.94,3.99,3.687378328,0.368368541,4.6163,11.4415,0.8358,0.1728,0.4369,0.0135,0.0349,258.6
Bird Island,BI10,BI10.6,244,232.8,233.9,233.3,0.525,3372,3746,3606,3592,187,0.07812,0.00425,22241.5,66371.33333,1.43,8.833333333,284.6666667,39.58333333,42.91666667,21733.08333,90.41666667,33.58333333,360.8333333,668,34797.58333,5639.333333,6.173036778,1.820016617,0.162051248,-1.820016618,40436.91667,495.8519757,2372.065473,0.064243854,4.687184333,40.40102009,13.66121473,10.94995503,1945.552292,19.48639774,45.84451654,45.38488602,70.6386451,342.7801995,139.381317,0.120485386,0.01949156,0.003154289,0.01949156,448.3137007,83.69,16.31,0.82,77.95,3.9,38.98,3.9,3.663048694,0.366492814,4.5519,11.3206,1.13,0.2201,0.5585,0.0172,0.0446,259.1
Bird Island,BI10,BI10.6,245,234,235.1,234.6,0.525,3404,3755,3622,3609,176,0.07813,0.00398,21175.58333,63194.41667,1.41,6.583333333,275.5,34.83333333,38.58333333,20368.16667,58.16666667,37.58333333,360.75,653.5833333,33414.16667,5432.416667,6.153960066,1.816748521,0.162610236,-1.816748521,38846.58333,385.8929334,2137.116131,0.081352208,9.548520431,49.91902534,13.91423949,9.792931898,2056.187418,31.78288085,25.68146956,79.29132132,62.92919301,430.8247552,121.1553911,0.168879762,0.027568503,0.004503334,0.027568504,427.7493868,83.98,16.02,0.8,81.51,4.08,40.75,4.08,3.70745584,0.371200487,5.3597,13.4046,1.022,0.195,0.4973,0.0152,0.0396,260.2
Bird Island,BI10,BI10.6,246,235.3,236.3,235.8,0.5,3428,3763,3637,3624,168,0.07812,0.00378,20985.63636,62681.27273,1.403636364,10.45454545,288.7272727,40.09090909,31.63636364,19376.81818,52,34,311.9090909,681.9090909,33936.45455,5414.727273,6.267910432,1.835345189,0.159574059,-1.835345189,39351.18182,889.1081231,3540.098419,0.051043653,6.121497143,38.31994496,18.83323947,13.10933047,2690.762748,28.72629457,25.24282076,71.56878446,71.3238453,876.5344675,133.7206722,0.091869046,0.014679325,0.002345996,0.014679324,990.8648564,83.79,16.21,0.81,81.87,4.09,40.93,4.09,3.711863291,0.370914265,4.9063,12.3147,1.1301,0.2186,0.5597,0.0171,0.0446,260.8
Bird Island,BI10,BI10.6,247,236.4,237.5,237,0.55,3451,3775,3651,3639,162,0.07812,0.00366,21470.41667,63855.33333,1.4075,10,294.3333333,30.16666667,33.25,20592.66667,73,26.16666667,268,641.0833333,33935.5,5464.666667,6.211299275,1.826271283,0.161028797,-1.826271284,39400.16667,511.7578366,2795.122939,0.088741197,7.6396097,22.80483734,9.446820854,13.13652092,2566.725481,39.16166957,27.35235849,45.83170796,75.81731433,320.6494829,100.7438997,0.09101795,0.014698074,0.002374071,0.014698073,389.4597268,83.17,16.83,0.84,78.88,3.94,39.44,3.94,3.67478053,0.367105357,5.1832,13.0564,0.9819,0.1986,0.5103,0.0155,0.0406,261.6
Bird Island,BI10,BI10.6,248,237.7,238.7,238.2,0.5,3466,3790,3664,3655,162,0.07813,0.00363,22197.63636,66368.45455,1.388181818,9.090909091,208.6363636,31.18181818,25.54545455,21317.09091,56,19.63636364,205.3636364,668.7272727,35416.81818,5762.090909,6.147421519,1.815924948,0.162704882,-1.815924948,41178.90909,500.1870196,2289.869182,0.036281726,5.557959076,33.95960167,12.28672602,13.20881249,2245.988311,38.02630668,24.4510643,75.73146338,76.71126503,636.0306311,116.015046,0.09470146,0.015395556,0.002503384,0.015395556,719.7873929,83.92,16.08,0.8,82,4.1,41,4.1,3.713572067,0.371357207,4.4279,11.1915,1.1094,0.2126,0.5479,0.0166,0.0436,262.4
Bird Island,BI10,BI10.6,249,238.9,240,239.4,0.55,3482,3809,3679,3670,164,0.11913,0.00558,22362,68366,1.4225,5.75,229.4166667,24.66666667,37.16666667,23464.91667,33.66666667,26.75,268.4166667,649.5833333,35253,5757.5,6.124342536,1.812067122,0.163349772,-1.812067123,41010.5,613.3117256,2565.124169,0.064261539,3.864171086,45.21153982,13.8257555,10.9447649,2695.970308,27.81214036,47.0591987,64.77297182,55.1089142,1057.560486,178.1932046,0.128890216,0.021145843,0.003470689,0.021145843,1198.877088,83.93,16.07,0.8,81.75,4.09,40.87,4.09,3.710396298,0.371311986,5.8373,14.8383,0.9806,0.1878,0.4867,0.0224,0.059,263.9
Bird Island,BI10,BI10.6,250,240.2,242,241.1,0.925,3501,3826,3691,3684,163,0.16685,0.008,22340.94737,66589.26316,1.409473684,4.578947368,205.1578947,31.05263158,35.42105263,21261.36842,87.21052632,20.73684211,228.5263158,694.2631579,35777.05263,5731.210526,6.244756707,1.831550443,0.160195735,-1.831550443,41508.26316,608.9180271,3476.368169,0.054718845,5.37810158,39.51829837,13.86231376,12.44684605,3202.692343,54.03556334,15.37979232,64.07926378,59.51829047,516.8003562,137.0865821,0.125694614,0.020115297,0.003220188,0.020115297,601.9093548,84.58,15.42,0.77,79.86,3.99,39.93,3.99,3.687127921,0.368435773,9.4433,24.0897,0.8893,0.1621,0.4217,0.0271,0.0717,264.9
Bird Island,BI10,BI10.7,251,242,243.1,242.6,0.55,3514,3833,3699,3693,159,0.1671,0.00759,22672.16667,68526.91667,1.410833333,5.333333333,248.75,34.25,37.75,22547.91667,139,31.83333333,216.25,710.3333333,36234,5755.083333,6.297662108,1.840062661,0.158825945,-1.840062661,41989.08333,489.1844481,3327.534508,0.066668561,4.618802154,41.76367495,14.69152508,10.65257118,3400.859797,36.43175438,29.98130731,47.85038235,70.26745443,712.3811544,153.1193583,0.099896265,0.015912595,0.002535263,0.015912595,840.1558793,84.04,15.96,0.8,83.43,4.17,41.72,4.17,3.73098063,0.372919205,3.5409,9.031,0.9214,0.175,0.455,0.0292,0.0774,264.6
Bird Island,BI10,BI10.7,252,243.3,244.4,243.9,0.55,3525,3841,3707,3701,158,0.16688,0.00751,21707.7,58974.5,1.384,5.6,170.4,16.3,36,11908.9,75.3,35.8,228.4,728.7,37507.8,5819.1,6.447269656,1.863540495,0.155140558,-1.863540495,43326.9,515.7482267,4369.305774,0.071211734,7.86271087,45.93280116,17.69525988,23.37139752,4403.484541,40.01957854,43.04467963,65.62215073,56.18234203,536.2370537,131.5872756,0.10339836,0.016089446,0.002504455,0.016089445,635.570164,84.85,15.15,0.76,82.22,4.11,41.11,4.11,3.716251401,0.371534742,4.8707,12.5055,1.0162,0.1814,0.4749,0.0303,0.0806,266.2
Bird Island,BI10,BI10.7,253,244.6,245.8,245.2,0.6,3533,3850,3715,3709,159,0.16685,0.00754,21229.30769,53753.61538,1.416153846,3.615384615,124.0769231,20.38461538,20.61538462,6052.307692,76.76923077,53.61538462,215.7692308,712.2307692,38399.76923,5757.153846,6.671160207,1.897529484,0.149978098,-1.897529485,44156.92308,603.1089433,1479.970638,0.093321886,4.992301766,14.82937141,16.35307546,18.62587117,972.2261726,60.24416133,49.73184503,93.77291173,125.7505161,781.2145623,89.44723412,0.159914904,0.023911526,0.003578228,0.023911525,799.1035041,85.92,14.08,0.7,82.39,4.12,41.2,4.12,3.718438256,0.371843826,5.5395,14.2837,0.9599,0.1574,0.4136,0.0263,0.0702,267.4
Bird Island,BI10,BI10.7,254,246.1,247.3,246.7,0.6,3541,3859,3724,3718,159,0.16706,0.00754,20865.07692,52590.61538,1.314615385,5.846153846,129.6923077,18.38461538,23.15384615,5491.615385,147.6153846,37.15384615,239.0769231,783.0769231,37855.46154,5761.384615,6.574848003,1.882967446,0.152181288,-1.882967446,43616.84615,437.3782615,986.7309274,0.055918897,8.284987969,15.18433741,10.92045834,10.30247668,750.8208329,54.04864855,46.01602285,74.69433439,102.347009,801.7255989,203.3599184,0.162908889,0.024821334,0.003783526,0.024821334,958.8959664,85.99,14.01,0.7,84.3,4.22,42.15,4.22,3.741234684,0.374567269,5.3135,13.7486,0.996,0.1623,0.428,0.0271,0.0727,268.3
Bird Island,BI10,BI10.7,255,247.5,248.7,248.1,0.6,3549,3871,3732,3726,161,0.16688,0.00761,21089.30769,53441.30769,1.284615385,6.615384615,130.2307692,18.07692308,21.46153846,5495.769231,152.6923077,37.30769231,282.2307692,805.3846154,38430.07692,5858.615385,6.562202946,1.88111264,0.15245304,-1.88111264,44288.69231,253.8015579,971.8679081,0.070547311,8.732491641,22.73453264,14.94691461,14.08081073,712.261791,42.15523814,51.59519457,106.2145265,89.76129313,350.494998,128.4591624,0.141130581,0.02152562,0.003284631,0.021525619,403.3266634,86.31,13.69,0.68,85.07,4.25,42.54,4.25,3.75044481,0.37469183,6.1254,15.932,1.0531,0.167,0.4427,0.0279,0.0752,269.7
Bird Island,BI10,BI10.7,256,248.9,250,249.4,0.525,3554,3883,3739,3734,165,0.17196,0.00795,20572.75,51114.16667,1.350833333,8.083333333,132.9166667,18.66666667,23.25,3862.333333,24,39.58333333,278.3333333,773.8333333,38166.5,5718.166667,6.677859376,1.898504377,0.149836318,-1.898504378,43884.66667,278.7175582,1022.762021,0.077630633,6.052172162,25.92807651,12.59388981,17.26859999,617.3284573,27.5450045,65.92896774,109.4991352,82.23119662,510.9375518,139.7503185,0.169024322,0.025277703,0.003782359,0.025277702,558.7026097,85.92,14.08,0.7,87.08,4.35,43.54,4.36,3.773680056,0.377888035,5.7883,15.1248,0.915,0.15,0.3994,0.0258,0.0699,270.9
Bird Island,BI10,BI10.7,257,250.2,251.2,250.7,0.5,3565,3892,3746,3742,163,0.17621,0.00805,21676.8,54420.4,1.364,6.3,181.4,21.9,32.6,4995,11.7,62.1,306.5,825.2,39850.4,5948.4,6.70217719,1.902188837,0.14927811,-1.902188839,45798.8,407.5105452,1149.829379,0.117681302,6.717307662,48.102206,16.15515054,11.2269517,502.5331388,20.7634829,63.16372025,69.82557634,68.22804897,611.9201473,149.2337466,0.15563627,0.023290619,0.003488863,0.023290618,688.5207654,85.55,14.45,0.72,87.56,4.38,43.78,4.38,3.779177092,0.378090353,5.205,13.645,0.9646,0.1629,0.4352,0.0287,0.078,271.7
Bird Island,BI10,BI10.7,258,251.4,252.4,251.9,0.525,3575,3898,3753,3749,162,0.17639,0.00797,22646,57384.72727,1.518181818,8,226.5454545,23.81818182,24.27272727,7108.272727,7.636363636,33.90909091,300.3636364,763.8181818,40309.81818,6039.545455,6.676127962,1.898348374,0.149844401,-1.898348375,46349.36364,552.8734032,1581.624866,0.035726232,6.511528238,45.46947028,13.64417958,11.69693044,1007.669995,19.41274183,42.36143186,95.86790154,104.0084787,642.2673615,125.4570553,0.136168262,0.020453874,0.003073754,0.020453874,702.7346971,85.59,14.41,0.72,86.97,4.35,43.49,4.35,3.772531027,0.377339847,5.898,15.5324,0.8788,0.1479,0.397,0.0261,0.0712,272.9
Bird Island,BI10,BI10.7,259,252.7,253.7,253.2,0.5,3586,3905,3760,3756,160,0.17647,0.00785,23187,58870.45455,1.395454545,10,196.1818182,36,29.09090909,6707.545455,1.090909091,85.09090909,261.4545455,859.4545455,41279,6347.636364,6.506311309,1.872504155,0.153779594,-1.872504156,47626.63636,519.0215795,1658.285643,0.086065514,8.087026648,41.09943596,18.52025918,15.15555704,898.5656752,3.618136135,77.56346375,92.75814103,114.8802539,582.3172675,167.9203816,0.157917728,0.024322396,0.003747602,0.024322396,669.9080941,84.45,15.55,0.78,86.09,4.3,43.05,4.31,3.762362231,0.376673199,4.9063,12.9525,0.9652,0.1777,0.4781,0.0314,0.0858,273.4
Bird Island,BI10,BI10.7,260,253.9,254.9,254.4,0.5,3591,3910,3766,3763,160,0.17621,0.00783,22618.72727,56656.72727,1.373636364,14.18181818,205.5454545,30.27272727,24.27272727,5462.181818,3.636363636,19.81818182,287.9090909,825.6363636,40864.27273,6191,6.604529126,1.887357367,0.151531459,-1.887357367,47055.27273,583.3594245,1951.1265,0.075534459,22.21179048,30.23363569,13.23700048,16.66787874,1148.09066,9.244162777,43.97457943,85.24958011,72.27347055,946.4323632,193.3954498,0.196248293,0.029546493,0.004452956,0.029546493,1049.206375,82.49,17.51,0.88,84.18,4.21,42.09,4.21,3.739810183,0.374069871,5.4091,14.3477,0.8945,0.1899,0.5131,0.0335,0.0919,274.7
Bird Island,BI10,BI10.7,261,255.1,256,255.6,0.45,3598,3919,3773,3770,161,0.17657,0.00784,23318.6,59147,1.384,14.4,278.9,26.1,35.2,6161,12.9,53.1,291.2,846.1,42147.3,6450.2,6.536036688,1.876994625,0.153100292,-1.876994624,48597.5,1191.693771,3169.037218,0.113352939,12.13076896,31.74359078,20.77097334,13.07924565,919.9185954,32.240244,44.16245263,67.65566413,136.1016369,1981.964348,292.2456349,0.179687302,0.027263091,0.004138105,0.027263091,2230.31987,84.46,15.54,0.78,85.69,4.28,42.84,4.29,3.757472246,0.376273481,4.7759,12.7136,0.9521,0.1751,0.475,0.0309,0.0852,275.6
Bird Island,BI10,BI10.7,262,256.2,257.2,256.7,0.5,3606,3927,3779,3776,161,0.17621,0.00784,22537.36364,56027.63636,1.337272727,13.63636364,282.1818182,31.45454545,32.72727273,5084.636364,25,34.18181818,266,816.1818182,40726.45455,6186.545455,6.585959045,1.884600299,0.151941892,-1.8846003,46913,673.4928764,1144.410789,0.094983252,12.77711022,31.29798135,14.09513133,20.63536241,555.3093323,30.2191992,43.992768,113.7760959,111.3129087,883.5896518,161.9786181,0.1791267,0.027406845,0.004196767,0.027406844,953.0041973,85.08,14.92,0.75,85.91,4.3,42.95,4.3,3.760036648,0.376441387,5.5127,14.7353,0.8172,0.1433,0.3902,0.0253,0.0699,276.7
Bird Island,BI10,BI10.7,263,257.4,258.4,257.9,0.5,3613,3935,3785,3783,161,0.17647,0.00785,22879.27273,57004.90909,1.366363636,13.72727273,267.1818182,32,30,5621,5.181818182,22.81818182,278.8181818,868.8181818,41053.72727,6197.181818,6.627901226,1.891054316,0.15094814,-1.891054317,47250.90909,820.2158363,1812.216293,0.064849476,9.757980417,46.67080068,14.25482374,20.62037827,473.7737857,10.22563623,31.72953886,74.13746446,141.2415082,1101.750161,223.7935737,0.149869106,0.022719862,0.003445887,0.022719864,1282.746308,85.29,14.71,0.74,86.42,4.32,43.21,4.32,3.76607195,0.376520038,5.0049,13.4155,0.9351,0.1613,0.4404,0.0285,0.079,277.5
Bird Island,BI10,BI10.7,264,258.7,259.6,259.1,0.475,3619,3944,3793,3789,162,0.17467,0.00781,23085.4,58778.1,1.294,6,241,29.9,38.2,7011,19.1,44.4,330.3,845.2,41012.6,6279.6,6.532268956,1.876569314,0.153142995,-1.876569315,47292.2,615.2100274,2006.507771,0.062396581,7.498147919,30.60864076,15.11768648,33.52876046,1373.49635,19.24953102,49.37205687,90.04449517,53.59477586,726.8518418,109.1697964,0.132079031,0.02030778,0.003123959,0.020307781,769.4790157,85.15,14.85,0.74,87.32,4.37,43.66,4.37,3.776432351,0.377989221,4.2955,11.5464,0.9417,0.1642,0.4497,0.0287,0.0798,278.3
Bird Island,BI10,BI10.7,265,259.8,260.7,260.3,0.45,3627,3954,3799,3796,163,0.16949,0.00758,22438.5,58250.1,1.351,10.6,206.1,28.6,35.1,8545.2,59.6,41,205.3,765.3,39483.7,6082,6.493763283,1.87072695,0.154029269,-1.87072695,45565.7,281.1785712,909.8248244,0.073552702,8.275801405,41.11082582,14.12798641,23.56763317,825.7012912,46.98510402,37.37497677,62.66320912,93.32386857,531.8867987,144.3698953,0.104369869,0.015971618,0.002444786,0.015971618,650.1685337,85.54,14.46,0.72,86.78,4.34,43.39,4.34,3.770229,0.377109792,4.3278,11.6828,1.0552,0.1784,0.4905,0.0302,0.0845,279.4
Bird Island,BI10,BI10.7,266,261,261.9,261.4,0.475,3638,3957,3805,3803,160,0.16973,0.00743,22281.1,58218,1.351,11.8,219,38.4,38.9,8679,27,36.6,258.5,800.2,39425.9,5971.5,6.604192197,1.887522439,0.1514744,-1.887522439,45397.4,767.9536227,2429.016628,0.094686618,9.21110441,45.77481112,17.95178728,11.4061387,1175.817068,31.04834939,41.65253094,55.75990196,66.682998,1004.890315,175.376579,0.132302083,0.020165774,0.003074685,0.020165774,1141.120911,83.88,16.12,0.81,86.45,4.32,43.23,4.32,3.766534699,0.376392086,4.6609,12.6311,1.0341,0.1987,0.5485,0.0337,0.0946,280.4
Bird Island,BI10,BI10.7,267,262.1,263.1,262.6,0.5,3648,3964,3811,3810,158,0.16973,0.00736,22447.81818,59049.09091,1.345454545,14.54545455,312.1818182,50.36363636,26.81818182,9374.090909,29.09090909,60.72727273,299.0909091,808.1818182,39320.36364,5996.090909,6.557546235,1.880403601,0.152560896,-1.880403601,45316.45455,745.2985735,2522.050374,0.062026387,13.72853697,31.28519836,22.13717564,20.7837349,1494.332657,38.34437259,55.20342545,71.17928708,82.66900046,1445.324135,176.3714572,0.142158723,0.021623006,0.003290381,0.021623006,1591.570882,86.69,13.31,0.67,80.08,4,40.04,4,3.689878954,0.368619276,4.712,12.8118,0.9116,0.1399,0.3874,0.0237,0.0668,281.2
Bird Island,BI10,BI10.7,268,263.3,264.3,263.8,0.5,3657,3969,3818,3817,156,0.16949,0.00725,21239.90909,56953.54545,1.319090909,9.909090909,309.5454545,35.36363636,39,10866.36364,74.27272727,59,344.5454545,677.5454545,36013.36364,5801,6.212367095,1.826268258,0.161057449,-1.826268258,41814.36364,805.322973,3793.80069,0.105494507,10.80235665,43.4036027,25.93172855,14.6355731,3994.314316,79.12785971,46.03259715,76.06886832,118.9397861,1148.677089,254.8827181,0.15236033,0.024548895,0.003957948,0.024548895,1368.535222,85.68,14.32,0.72,83.22,4.16,41.61,4.16,3.728340523,0.37274445,4.1527,11.3201,1.008,0.1684,0.4676,0.0285,0.0805,281.9
Bird Island,BI10,BI10.7,269,264.6,265.6,265.1,0.5,3668,3976,3824,3825,154,0.16973,0.00714,21396.72727,66636.81818,1.417272727,11.90909091,245.1818182,32.72727273,40.72727273,23979,241.6363636,27.36363636,221.8181818,667.2727273,33065.27273,5399.727273,6.127827294,1.812467808,0.163312111,-1.812467807,38465,482.1549732,2962.180711,0.050217708,8.882055454,41.01418823,12.46668287,19.27740081,2568.075817,114.8375137,38.99044172,104.2236232,77.74842881,926.5627978,208.0428278,0.174691417,0.028686527,0.004716739,0.028686526,1078.163531,85.23,14.77,0.74,76.84,3.84,38.42,3.84,3.648578157,0.364667885,4.0629,11.114,0.9761,0.1692,0.4713,0.0287,0.0812,282.8
Bird Island,BI10,BI10.7,270,265.8,266.8,266.3,0.5,3678,3987,3831,3832,155,0.16973,0.00716,21653.81818,67163.09091,1.385454545,3.272727273,206.6363636,27,32.27272727,23941.45455,86.18181818,11.81818182,199.5454545,686.7272727,33913.90909,5470.909091,6.200533454,1.824473383,0.161328618,-1.824473383,39384.81818,441.4181279,4047.59636,0.098728277,4.100997661,21.99214736,19.32873509,14.92039483,3983.925586,48.54651003,26.60006835,40.9594034,90.9264438,310.7344379,93.46170825,0.117208421,0.018862226,0.003036756,0.018862226,328.8394192,84.84,15.16,0.76,81.12,4.06,40.56,4.06,3.702782359,0.370643402,3.7135,10.1881,0.9484,0.1695,0.4735,0.0288,0.0816,283.6
Bird Island,BI10,BI10.7,271,267,268,267.5,0.5,3684,3998,3837,3839,157,0.16949,0.00726,20938.72727,61362,1.385454545,6.181818182,217.1818182,24,30,17880.72727,138.5454545,19.81818182,228.3636364,634.4545455,34199.36364,5456.727273,6.268735081,1.835433343,0.15956697,-1.835433343,39656.09091,444.4882655,1668.092563,0.121273545,9.978157964,28.23408643,16.22960258,18.62256696,1593.275814,42.06034626,43.7762908,49.79612982,97.47857573,540.8430961,111.332916,0.110301974,0.017644522,0.002823209,0.017644523,608.8217234,85.68,14.32,0.72,83.02,4.15,41.51,4.15,3.725934362,0.372503676,4.3352,11.952,0.89,0.1488,0.4176,0.0252,0.0719,285
Bird Island,BI10,BI10.7,272,268.2,269.2,268.7,0.5,3695,4011,3843,3846,158,0.16973,0.0073,21388.18182,64876.45455,1.346363636,7.545454545,248.2727273,29.36363636,38.90909091,20709.45455,315.2727273,25.54545455,249.9090909,722.7272727,34382.45455,5462.727273,6.294953965,1.839619424,0.158898526,-1.839619424,39845.18182,954.8189167,4434.766744,0.094156543,10.97600689,48.42125754,14.23567861,14.86912604,3422.581755,42.75532928,34.55535743,38.71551251,68.91166942,889.5108053,145.6654324,0.10560501,0.016874851,0.002697069,0.01687485,1009.452705,84,16,0.8,82.39,4.12,41.2,4.12,3.718438256,0.371843826,4.5216,12.5158,0.8511,0.1621,0.4569,0.0275,0.0787,286.1
Bird Island,BI10,BI10.7,273,269.4,270.4,269.9,0.475,3700,4021,3850,3853,160,0.15113,0.00655,23304,66140.4,1.412,12.9,279.7,39.3,40.8,17815.1,192,27.9,312.2,758.2,37767.1,5928.5,6.37254519,1.851655279,0.157031768,-1.851655278,43695.6,580.8818966,2619.336608,0.109219453,10.02718527,58.3439038,15.50662941,22.52800726,2091.660077,136.9671493,63.99730897,91.68036261,112.6714003,778.0384809,118.1498578,0.174974223,0.027725234,0.004395825,0.027725235,795.2176781,84.12,15.88,0.79,83.18,4.16,41.59,4.16,3.727859754,0.372875609,4.4764,12.4398,0.8271,0.1561,0.4417,0.0236,0.0678,287.2
Bird Island,BI10,BI10.7,274,270.6,271.6,271.1,0.5,3713,4027,3856,3861,157,0.14963,0.00635,22596.3,62481.3,1.332,7.6,254.4,25.3,27.8,13940.5,199.3,64.2,298.9,786.5,38016.6,5963.4,6.374778508,1.851795564,0.157043543,-1.851795566,43980,1271.774705,5264.163246,0.059217115,7.336363011,45.22830972,25.58232897,23.92023783,3151.69955,84.89477147,70.31642767,90.78845986,89.68618127,2108.036063,251.3015895,0.221712013,0.035233011,0.005604702,0.035233011,2308.651747,84.68,15.32,0.77,83.65,4.18,41.82,4.18,3.733374694,0.373158924,4.712,13.1417,0.7917,0.1432,0.4067,0.0214,0.0618,288.1
Bird Island,BI10,BI10.7,275,271.8,272.8,272.3,0.475,3722,4032,3864,3869,155,0.14981,0.00627,22789.90909,62243.72727,1.392727273,9.454545455,209.1818182,23,35,12496.45455,535.3636364,47.63636364,257.7272727,702.0909091,38969.36364,6078.636364,6.416119747,1.85846587,0.15596621,-1.85846587,45048,832.4739581,1907.660352,0.113409956,10.23096903,27.26469579,12.97690256,19.73322072,1533.192771,91.6670854,61.39262615,77.59650882,90.99830168,1516.693329,311.4319421,0.17686028,0.027702679,0.004342123,0.027702678,1786.256589,85.71,14.29,0.71,83.45,4.17,41.73,4.17,3.731220295,0.372853789,3.7754,10.5521,1.0159,0.1694,0.482,0.0254,0.0733,288.7
Bird Island,BI10,BI10.7,276,273,274,273.5,0.5,3732,4039,3871,3877,154,0.14963,0.00621,24035.45455,64720.72727,1.327272727,12.63636364,245.8181818,29.27272727,23.18181818,11778.09091,466.7272727,24.81818182,304.2727273,871.8181818,41615.81818,6473.090909,6.4339701,1.86105726,0.155592152,-1.86105726,48088.90909,419.9338909,1796.987428,0.056407607,10.8099281,26.73132313,16.77552329,15.05203097,1470.426568,61.5923549,34.8075227,84.66651157,86.69235051,671.5818369,180.6773116,0.219488937,0.034383347,0.005391973,0.034383347,666.6992507,85.31,14.69,0.73,83.06,4.15,41.53,4.15,3.726416058,0.372372421,4.8086,13.5098,0.9789,0.1686,0.4821,0.0252,0.0732,290.1
Bird Island,BI10,BI10.7,277,274.2,275.2,274.7,0.5,3740,4046,3879,3885,153,0.14963,0.00617,22955.90909,57468.90909,1.343636364,10.72727273,260.2727273,34.18181818,38.09090909,5846.363636,185.3636364,31.63636364,259,857.4545455,41025.45455,6288.727273,6.526633914,1.87570162,0.153276854,-1.875701621,47314.18182,545.1699652,1845.008263,0.072148836,9.529857387,33.35892957,21.14151452,17.39801452,1596.119311,95.14438788,37.3905676,66.13017466,100.4354157,652.4822394,182.8409642,0.132500761,0.020494361,0.003171454,0.020494361,795.0212347,85.66,14.34,0.72,84.72,4.24,42.36,4.24,3.746204521,0.374974201,4.4279,12.4756,1.0116,0.1693,0.4856,0.0253,0.0737,290.9
Bird Island,BI10,BI10.7,278,275.4,276.4,275.9,0.5,3748,4055,3887,3893,154,0.14977,0.00618,22943.27273,60752.36364,1.358181818,10.45454545,220.2727273,31,24.81818182,10713,347.0909091,22.18181818,259.5454545,739.4545455,39557,6187.636364,6.397844732,1.855623879,0.15640691,-1.855623879,45744.63636,587.543716,2083.15056,0.091084376,8.948336565,50.81159495,24.47856205,19.94401254,1953.592639,105.648904,38.32967044,119.8985935,75.78438314,687.7867402,217.5514986,0.176341723,0.027083431,0.004164564,0.02708343,851.9169294,85.94,14.06,0.7,84.7,4.23,42.35,4.24,3.745968421,0.375039105,5.0049,14.1663,1.0327,0.169,0.4868,0.0253,0.0739,292.2
Bird Island,BI10,BI10.7,279,276.7,277.7,277.2,0.5,3752,4064,3895,3901,156,0.14963,0.00625,23170.54545,61415.72727,1.404545455,13.90909091,227.7272727,32.27272727,29,11318,314.6363636,40.54545455,261.1818182,766.3636364,39556.81818,6190.545455,6.391702987,1.854861455,0.156496501,-1.854861455,45747.36364,401.6315136,1362.234862,0.061051394,10.22207949,28.45379029,15.95049159,17.65785944,1135.406271,53.92452638,46.33651613,122.9616348,108.476977,477.3126477,134.2299249,0.111668015,0.017522416,0.002750132,0.017522416,566.4320388,85.56,14.44,0.72,82.37,4.12,41.19,4.12,3.718195508,0.37190982,4.9063,13.9338,1.014,0.1711,0.4945,0.0256,0.0751,293.2
Bird Island,BI10,BI10.7,280,277.9,278.9,278.4,0.5,3766,4076,3903,3910,155,0.14981,0.00622,22731,61159.09091,1.427272727,11.18181818,211.3636364,34.63636364,38.18181818,12464.54545,328.5454545,31.72727273,287.0909091,804.2727273,38471.54545,5968.272727,6.450708215,1.863677779,0.155181694,-1.863677778,44439.81818,786.8652998,2228.895262,0.117566229,10.1470999,25.562757,14.20755241,19.64086649,1350.368865,52.04491068,39.11033344,81.97860031,106.5524199,830.8222871,182.9257177,0.215096437,0.033681321,0.005280962,0.033681321,888.3386537,84.86,15.14,0.76,84.07,4.2,42.03,4.2,3.738383649,0.373571528,4.2434,12.0789,1.1606,0.207,0.5996,0.031,0.0911,293.8
Bird Island,BI10,BI10.7,281,279.1,280.1,279.6,0.5,3772,4087,3910,3918,158,0.12685,0.00534,23218.90909,62866.72727,1.409090909,6.727272727,218.2727273,27.09090909,39.09090909,12710.09091,357.2727273,37,312,777.3636364,39445.36364,6240.272727,6.325172972,1.844111807,0.15823227,-1.844111808,45685.63636,562.9538977,1389.231521,0.074626342,6.929515266,13.40217079,14.63867853,19.1700524,723.3257156,62.17087889,41.86167699,101.8813035,81.20008957,950.1290726,202.5803993,0.194694744,0.03050861,0.004784472,0.03050861,1059.084819,84.11,15.89,0.79,83.68,4.18,41.84,4.18,3.73385282,0.373028317,5.1045,14.6039,1.0319,0.1949,0.5673,0.0247,0.073,295.3
Bird Island,BI10,BI10.7,282,280.3,281.3,280.8,0.5,3779,4097,3920,3927,159,0.11788,0.00499,22754.27273,62100.72727,1.374545455,13.27272727,264.6363636,33.18181818,27.72727273,13339.81818,369.3636364,28.81818182,277.3636364,716.8181818,38416.63636,5955.636364,6.460008523,1.865003245,0.154991107,-1.865003245,44372.27273,362.4980251,1550.062908,0.063775173,10.78045369,37.26197184,16.11097875,11.70547657,1684.159542,139.001635,50.51894334,87.72487985,113.1590192,767.9366214,279.7714327,0.242272421,0.036979223,0.00565106,0.036979225,983.3537604,84.16,15.84,0.79,83.63,4.18,41.82,4.18,3.733374694,0.373158924,4.712,13.5186,1.0374,0.1952,0.5698,0.023,0.0681,296.1
Bird Island,BI10,BI10.7,283,281.5,282.5,282,0.475,3787,4109,3931,3937,161,0.11799,0.00502,22218.63636,61073.36364,1.360909091,9.727272727,237.1818182,28.09090909,25.63636364,13118.81818,353.2727273,45.09090909,251.2727273,775,37568.45455,5972.636364,6.291472275,1.838972165,0.159016823,-1.838972166,43541.09091,688.6757252,1938.708966,0.056648839,8.186463328,37.83072344,16.2508741,16.04539016,1731.123844,107.6885239,55.95079007,88.12387975,61.26826258,1451.835002,228.1995937,0.138124153,0.022244198,0.003584174,0.022244197,1646.387102,83.06,16.94,0.85,82.36,4.12,41.18,4.12,3.717952702,0.371975841,4.583,13.197,0.9784,0.1996,0.5846,0.0235,0.07,297.2
Bird Island,BI10,BI10.7,284,282.7,283.7,283.2,0.5,3797,4120,3941,3947,161,0.11788,0.00503,22470.63636,63215.27273,1.381818182,6,209.7272727,40.63636364,33.90909091,15416.72727,351.2727273,35.27272727,245.4545455,725.0909091,37498.54545,6017.090909,6.233031656,1.829778026,0.160462795,-1.829778026,43515.63636,411.3495527,2078.042352,0.071668428,6.884765791,34.32226947,19.17431995,19.38274772,2259.63077,115.6002517,66.404956,79.54415583,117.7577637,368.7216738,99.67893915,0.085119744,0.013661359,0.002192936,0.013661359,432.8704824,84.12,15.88,0.79,82.17,4.11,41.08,4.11,3.715521385,0.37173303,4.9063,14.1791,1.0156,0.1917,0.5636,0.0226,0.0674,298.3
Bird Island,BI10,BI10.7,285,283.9,284.9,284.4,0.475,3801,4136,3951,3958,167,0.11788,0.00518,23101.27273,65644.54545,1.434545455,13.36363636,239.9090909,44.18181818,32.27272727,17328.45455,249.3636364,9.090909091,241.7272727,783.1818182,37936.18182,6104.636364,6.215415415,1.826800066,0.160964713,-1.826800066,44040.81818,568.712773,2489.013715,0.076205464,12.31481,29.51086087,20.2574341,21.85447739,1747.278934,64.75071077,15.74455173,102.2888957,94.2293141,1006.523206,147.892713,0.141351725,0.022554306,0.003600745,0.022554306,1103.729117,84.55,15.45,0.77,82.53,4.13,41.27,4.13,3.720135844,0.372284009,4.1184,11.931,1.0871,0.1987,0.5855,0.0234,0.07,299.1
Bird Island,BI10,BI10.7,286,285.1,286.1,285.6,0.5,3808,4155,3962,3968,174,0.11799,0.00537,23313.36364,67230.63636,1.371818182,3.272727273,230.9090909,40.90909091,36.18181818,19117.72727,143.7272727,46.18181818,236,769.3636364,37909,6009.090909,6.310884863,1.842042529,0.158530654,-1.842042529,43918.09091,802.3595544,3057.406753,0.094214456,5.605192398,25.89770085,22.69120775,15.55518037,2016.037901,54.33799943,57.3041328,101.0781876,66.67424199,1257.647327,225.2431817,0.142429324,0.022703965,0.003620613,0.022703966,1445.061207,85.57,14.43,0.72,82.06,4.1,41.03,4.1,3.714303506,0.371158771,4.4279,12.8741,1.0796,0.1821,0.5385,0.0215,0.0645,300.3
Bird Island,BI10,BI10.7,287,286.3,287.3,286.8,0.475,3814,4172,3971,3978,179,0.11785,0.0055,22842.77778,64475.11111,1.346666667,10.11111111,242.3333333,36,21.88888889,16125.77778,68.55555556,35.22222222,310.4444444,830,37975.88889,5998.333333,6.3319998,1.845330984,0.158017973,-1.845330985,43974.22222,910.6152834,4735.789043,0.07566373,9.739666889,45.38722287,18.54049622,17.33814036,4135.345928,72.02275875,31.68113704,104.716416,121.5812486,1310.1632,176.8078053,0.160556824,0.025315009,0.003993279,0.025315009,1437.789864,84.96,15.04,0.75,83.98,4.2,41.99,4.2,3.737431495,0.373832157,4.4764,13.0665,1.0574,0.1871,0.5556,0.0221,0.0665,301.6
Bird Island,BI10,BI10.8,295,287.6,288.7,288.2,0.525,3820,4199,3981,3990,190,0.11799,0.00583,20848.25,66520,1.470833333,8,210,40.41666667,33.41666667,25758,211.3333333,26.41666667,253.3333333,608.4166667,31334.91667,5442.916667,5.75994133,1.750469987,0.173771729,-1.750469986,36777.83333,604.6598029,3935.337782,0.12236,6.193838581,37.69977092,21.06897043,15.8771324,4106.9406,57.84200005,37.20082681,61.2065554,68.61414953,527.1305614,108.3776716,0.181981258,0.031586492,0.005489104,0.031586492,486.6532896,83.11,16.89,0.84,79.77,3.99,39.89,3.99,3.686125666,0.368704974,5.049,15.1446,0.8613,0.1751,0.5339,0.0207,0.064,309.9
Bird Island,BI10,BI10.8,296,288.9,289.9,289.4,0.5,3825,4221,3990,4000,198,0.11858,0.00608,20978,77959.45455,1.490909091,6.181818182,210.5454545,35.54545455,41.63636364,41979.18182,407.4545455,21.81818182,234.9090909,460.9090909,26773.36364,5017.636364,5.338103665,1.67439911,0.187509748,-1.67439911,31791,546.4007687,7362.920499,0.068476937,7.222439779,25.65292824,19.63345938,19.16910393,8008.008464,78.81289696,31.66012692,79.97056277,82.59473899,799.7566221,139.120288,0.171303674,0.032259807,0.006080694,0.032259808,861.6035051,80.33,19.67,0.98,73.66,3.68,36.83,3.68,3.60631273,0.36033752,4.9063,14.7678,0.8033,0.1966,0.6017,0.0233,0.0725,311.1
Bird Island,BI10,BI10.8,297,290.1,291.2,290.6,0.55,3834,4239,3999,4010,203,0.11938,0.00626,21822.58333,84465.16667,1.496666667,2.833333333,216.0833333,27.5,37.33333333,47906.66667,151.6666667,26.75,255,491.6666667,27744.5,5040.916667,5.49783033,1.702664594,0.182500748,-1.702664594,32785.41667,623.8036489,9826.964766,0.071900605,4.608950449,18.48074346,14.27967405,17.33275057,12036.89038,81.52671992,45.33937683,76.28773284,72.02440664,2547.184631,252.7526489,0.336058544,0.060489228,0.010905343,0.060489227,2750.227345,79.45,20.55,1.03,79.95,4,39.97,4,3.688129173,0.369089735,5.5054,16.6289,0.8515,0.2203,0.6763,0.0263,0.0821,312.3
Bird Island,BI10,BI10.8,298,291.4,292.4,291.9,0.5,3846,4251,4011,4021,202,0.1194,0.00621,21191.18182,71279.45455,1.464545455,2.818181818,217.1818182,36.90909091,35.72727273,31994.09091,141.4545455,29.54545455,313.4545455,522.4545455,29954.90909,5330.636364,5.619478192,1.726045044,0.17802151,-1.726045044,35285.54545,415.9958697,2690.723968,0.096991096,5.250108224,18.67521449,20.7916067,16.91798398,3129.719267,82.17464772,40.71207103,54.42309002,73.07990645,1055.510062,158.4425907,0.115917609,0.020657019,0.00368313,0.020657019,1188.348549,81.95,18.05,0.9,77.92,3.9,38.96,3.9,3.662535479,0.366629578,3.9741,12.0215,0.9854,0.2171,0.6675,0.0259,0.0811,312.7
Bird Island,BI10,BI10.8,299,292.6,293.6,293.1,0.5,3854,4257,4022,4031,202,0.11928,0.00617,21989.36364,72207.36364,1.516363636,9.545454545,220.1818182,46.81818182,38.81818182,30745.54545,227.5454545,40.63636364,359.5454545,568.9090909,31637,5469.636364,5.786671397,1.755246836,0.17291771,-1.755246836,37106.63636,323.0288757,1817.588142,0.123634358,26.15860714,42.22752226,31.20198129,15.56160777,2253.523835,104.8631142,50.59895795,111.6246959,74.45193691,737.9387508,157.3329417,0.15195925,0.026068788,0.004474625,0.026068787,829.5126609,81.85,18.15,0.91,57.72,2.89,28.86,2.89,3.362456553,0.336711692,4.3352,13.1659,0.9473,0.21,0.6483,0.0251,0.0786,313.9
Bird Island,BI10,BI10.8,300,293.7,294.8,294.3,0.525,3864,4267,4033,4041,202,0.1194,0.00617,23009.75,76577.83333,1.456666667,4.75,235.5,34.33333333,41.58333333,33287.91667,353.5,19.41666667,330.6666667,617.9166667,33209.41667,5644.5,5.883245564,1.771915616,0.170039657,-1.771915617,38853.91667,443.5565199,5874.817503,0.073525918,6.21032864,22.05571458,17.05250359,21.180859,6636.729513,99.22655436,34.95310711,66.47122868,104.6452521,980.2999966,107.902734,0.121016907,0.020493503,0.003472191,0.020493503,1061.402713,81.19,18.81,0.94,77.72,3.89,38.86,3.89,3.659965444,0.366373278,5.3597,16.3524,0.9,0.2086,0.6468,0.0249,0.0785,315.3
Bird Island,BI10,BI10.8,301,295,296,295.5,0.525,3869,4277,4043,4051,204,0.1194,0.00623,21827.45455,68111,1.467272727,8.363636364,209.0909091,29,39.54545455,25294.18182,254.7272727,33.27272727,345,586.3636364,32943.72727,5574.636364,5.911488177,1.776661001,0.169241488,-1.776661,38518.36364,391.228415,2622.64256,0.082594299,9.025217197,36.08726796,16.52271164,13.26923989,2739.002586,97.83260286,58.37480777,71.90827491,58.19153328,511.4487444,115.3033154,0.136120001,0.022711453,0.003792077,0.022711453,552.6697518,80.83,19.17,0.96,79.06,3.95,39.53,3.95,3.677059877,0.367426929,5.3597,16.406,0.8125,0.1927,0.5996,0.023,0.0728,316.3
Bird Island,BI10,BI10.8,302,296.2,297.2,296.7,0.5,3878,4292,4054,4061,207,0.11928,0.00628,20881.18182,66487.54545,1.440909091,7.818181818,211.2727273,35.81818182,41.54545455,26069.45455,90,13.54545455,270.9090909,523.7272727,31002.63636,5427.545455,5.715646866,1.742789798,0.175104847,-1.742789798,36430.18182,474.2840537,2595.348314,0.090383023,5.325752188,39.33977862,12.6001443,27.58392154,2605.433452,71.55976523,30.43801451,88.17647594,100.8187392,654.0134972,162.3732513,0.172897952,0.030346156,0.00533038,0.030346154,722.1862389,77.51,22.49,1.12,79.13,3.96,39.56,3.96,3.677818507,0.368153723,4.712,14.461,0.7154,0.2075,0.6473,0.0248,0.0785,317.2
Bird Island,BI10,BI10.8,303,297.4,298.4,297.9,0.5,3881,4306,4064,4071,212,0.1194,0.00643,21616.63636,78639.63636,1.585454545,5.545454545,209.4545455,38.90909091,35.54545455,40362.36364,195.6363636,44.81818182,285.4545455,519.4545455,28926.63636,5198.636364,5.562038579,1.715553973,0.179937245,-1.715553973,34125.27273,524.8922314,9770.884016,0.080419355,7.132511989,24.81275332,7.660999223,12.64407874,11069.35346,186.5525517,51.44087515,70.91595538,88.1627627,1468.869856,143.7221435,0.167994628,0.029989256,0.005358141,0.029989256,1594.433322,80.64,19.36,0.97,76.15,3.81,38.07,3.81,3.63942657,0.364229452,4.6163,14.2113,0.9061,0.2176,0.6807,0.026,0.0827,318.2
Bird Island,BI10,BI10.8,304,298.6,299.6,299.1,0.5,3885,4327,4074,4081,221,0.12085,0.00674,22173.90909,83203.36364,1.521818182,19.36363636,340.8181818,95.45454545,42.27272727,43884.45455,329.8181818,54.27272727,476.7272727,561.5454545,29103.27273,5178.727273,5.618137755,1.725322406,0.178236634,-1.725322406,34282,495.6441172,7301.735318,0.087500649,16.01419825,65.85107164,33.30274354,15.65944385,8539.322483,114.4402186,54.31959298,120.4849293,77.89655145,1446.746494,95.64004487,0.21671214,0.038638975,0.006895861,0.038638975,1517.192671,79.02,20.98,1.05,76.08,3.8,38.04,3.8,3.638638238,0.363481212,4.8086,14.8562,0.8879,0.2357,0.7401,0.0285,0.091,319.5
Bird Island,BI10,BI10.8,305,299.8,300.8,300.3,0.5,3892,4342,4083,4091,225,0.12526,0.0071,22351,66538.45455,1.423636364,23.81818182,317.0909091,100.0909091,60.18181818,20268.36364,111.0909091,39.18181818,590.8181818,720,35067.72727,5760.545455,6.086349255,1.805716321,0.164410904,-1.805716321,40828.27273,660.2448031,3312.773049,0.120770255,10.06795095,37.2168095,31.2392527,24.98726949,5096.168115,112.645865,53.06376953,61.08816282,80.68952844,2247.400369,313.4891908,0.165069313,0.026985454,0.004413499,0.026985454,2535.118068,76.17,23.83,1.19,74.99,3.75,37.5,3.75,3.624340933,0.362434093,4.5216,14.0079,0.8374,0.262,0.8247,0.0328,0.1052,320.5
Bird Island,BI10,BI10.8,306,301,302,301.5,0.5,3901,4351,4094,4101,225,0.12539,0.00709,22037.09091,67288.90909,1.411818182,33.54545455,412.0909091,111.7272727,62.90909091,22332.63636,161.0909091,56.72727273,598,695.8181818,33709.54545,5484.909091,6.150592094,1.81615313,0.162714086,-1.81615313,39194.45455,713.2517725,5686.347377,0.088973949,16.77118741,50.37748415,26.18049239,15.09605608,4983.300639,125.9233533,64.41132029,93.37558567,134.8101021,678.9564586,191.7719763,0.182010649,0.029435843,0.004764311,0.029435842,799.2400595,77.38,22.62,1.13,77.95,3.9,38.98,3.9,3.663048694,0.366492814,4.2434,13.1822,0.913,0.2669,0.8425,0.0335,0.1075,321.3
Bird Island,BI10,BI10.8,307,302.2,303.2,302.7,0.5,3911,4359,4103,4110,224,0.12539,0.00705,23011.09091,75414,1.432727273,40.45454545,424.5454545,126.7272727,68.27272727,30454,61.09090909,63,609.5454545,634.7272727,33802.81818,5559.818182,6.080435286,1.804830234,0.164542576,-1.804830234,39362.63636,624.319222,8519.507333,0.082108576,14.58330303,25.47690576,17.98939081,21.71216668,9549.375288,46.37985456,76.97921797,117.6268368,86.1708662,1121.740061,155.5492322,0.141974167,0.023225278,0.003801217,0.023225279,1238.924313,77.6,22.4,1.12,77.77,3.89,38.89,3.89,3.660737148,0.366167845,4.712,14.6966,0.9112,0.2631,0.8338,0.033,0.1064,322.5
Bird Island,BI10,BI10.8,308,303.4,304.4,303.9,0.525,3918,4367,4112,4120,225,0.12536,0.00705,22459.90909,74287.63636,1.42,30.27272727,345.2727273,100,65.72727273,31206.27273,72.45454545,52.18181818,499.1818182,609.9090909,32420.72727,5599.090909,5.793956853,1.756527861,0.172693003,-1.756527861,38019.81818,485.0409167,2831.34213,0.052915026,17.49909089,51.21931454,43.19953703,10.91870788,2360.365272,28.33500886,57.44356915,119.1912901,94.04515357,636.4085309,187.2973329,0.14562034,0.025164211,0.004350672,0.025164211,774.8075656,78.01,21.99,1.1,78.52,3.93,39.26,3.93,3.670206189,0.367394557,4.7477,14.8507,0.8869,0.2499,0.7943,0.0313,0.1013,323.4
Bird Island,BI10,BI10.8,309,304.6,305.7,305.2,0.525,3925,4379,4122,4130,227,0.12526,0.00709,22078.91667,73482.5,1.440833333,21.58333333,216.6666667,69.58333333,52.5,32517.58333,14,37.5,342.9166667,553,31395.08333,5432.583333,5.781569029,1.754346971,0.173077019,-1.754346971,36827.66667,407.6722075,2507.018929,0.08989472,18.92789348,25.88904062,27.16099588,19.00478409,2397.683293,35.94187226,34.70525242,41.73173707,70.59358714,794.8579585,161.2290625,0.154631295,0.026762845,0.004634368,0.026762846,890.9897799,78.04,21.96,1.1,77.95,3.9,38.97,3.9,3.662792119,0.366561182,4.8471,15.2126,0.9989,0.2812,0.8965,0.0352,0.1143,324.5
Bird Island,BI10,BI10.8,310,305.9,306.9,306.4,0.5,3932,4393,4133,4140,231,0.12539,0.00719,22529.90909,73501.63636,1.49,12.36363636,244.5454545,49.09090909,49.45454545,30981,74.81818182,43,307.1818182,610.4545455,32820.18182,5537.636364,5.929557248,1.779648234,0.168748834,-1.779648233,38357.81818,366.8862098,3146.749951,0.089442719,8.766672428,32.4572446,12.84098552,14.15883919,3253.77928,52.05539008,35.57246126,67.2782553,78.33053509,634.9103587,152.2539147,0.151925854,0.025811591,0.004389744,0.025811591,714.6954342,78.36,21.64,1.08,76.39,3.82,38.2,3.82,3.642835516,0.364283552,4.2434,13.3519,0.9488,0.2621,0.8377,0.0329,0.1069,325.4
Bird Island,BI10,BI10.8,311,307.1,308,307.6,0.475,3938,4410,4143,4149,236,0.12543,0.00734,22302.1,75887.4,1.534,13.3,255.9,49.8,51.6,34432.4,52.4,50,366.9,606.9,31508.9,5565.6,5.664546711,1.733631173,0.176750901,-1.733631173,37074.5,300.9730331,3605.881929,0.091433036,9.753062197,23.75546721,21.88251458,13.20101006,4387.708341,41.40638705,51.0794588,91.47367563,85.45362615,1126.928614,192.676009,0.202486955,0.036709284,0.006664785,0.036709284,1224.384222,79.31,20.69,1.03,60.59,3.03,30.3,3.03,3.411147713,0.341114771,4.0312,12.7246,1.0991,0.2867,0.9193,0.036,0.1174,326.5
Bird Island,BI10,BI10.8,312,308.2,309.2,308.7,0.475,3942,4424,4151,4158,241,0.12526,0.00745,22418.36364,80069.54545,1.497272727,8.363636364,279.6363636,54.63636364,37.27272727,40025.54545,49.72727273,13.90909091,529.5454545,535.2727273,30232.09091,5281.909091,5.724435634,1.744065997,0.174925577,-1.744065997,35514,569.993732,2865.387875,0.13069743,9.489707343,45.62734427,15.81311309,18.7674767,4373.086973,44.09328953,19.10735223,85.40534367,151.0444245,1645.447444,213.5745559,0.222175107,0.03852732,0.006689658,0.03852732,1799.135181,79.3,20.7,1.04,77.57,3.88,38.78,3.88,3.65790465,0.365979114,3.6094,11.4202,0.9855,0.2573,0.8268,0.0322,0.1055,327.3
Bird Island,BI10,BI10.8,313,309.4,310.4,309.9,0.5,3946,4440,4161,4168,247,0.11662,0.0071,22997.63636,75163.36364,1.437272727,11.81818182,297.7272727,43.54545455,60.90909091,31202.36364,0.636363636,25.45454545,564.9090909,581.8181818,33737.09091,5646.727273,5.978431798,1.787760032,0.167401582,-1.787760032,39383.81818,544.1266898,3657.938744,0.104794171,9.130368906,49.28912843,16.69349356,18.39268629,3227.110047,2.110579412,47.59908326,124.2082562,60.47779457,900.8923859,198.3683901,0.176533843,0.029639107,0.004982229,0.029639107,1028.65629,79.22,20.78,1.04,77.04,3.85,38.52,3.85,3.651177587,0.364928186,4.1527,13.1888,0.9546,0.2504,0.8077,0.0292,0.096,328.7
Bird Island,BI10,BI10.8,314,310.6,311.6,311.1,0.525,3959,4452,4173,4178,246,0.11586,0.00703,22389.90909,71088.72727,1.450909091,7.636363636,276.5454545,33.63636364,47.90909091,26779.63636,10.54545455,15.81818182,510.3636364,703.0909091,34411.09091,5623.818182,6.121481845,1.81152923,0.163449782,-1.811529229,40034.90909,725.6676174,3924.77276,0.063946,8.605495073,40.97893028,14.95508427,20.11195935,3340.107761,22.21424604,32.47404558,105.7414514,117.6456158,685.5217655,153.1272792,0.149268041,0.024701992,0.004090009,0.024701992,772.0257061,81.22,18.78,0.94,77.72,3.89,38.86,3.89,3.659965444,0.366373278,4.266,13.5894,0.9279,0.2146,0.6942,0.0249,0.0819,329.6
Bird Island,BI10,BI10.8,315,311.8,312.9,312.4,0.55,3970,4462,4185,4189,246,0.11583,0.007,22474,70645.91667,1.419166667,9,241.5,47.08333333,42.16666667,26274.83333,6.5,18.58333333,404.25,663,34745.41667,5691.083333,6.106996213,1.809128386,0.163846764,-1.809128387,40436.5,487.7335338,3481.932339,0.051426617,8.883078909,27.33130074,18.99022875,10.58157346,2956.657782,15.18671668,42.1910338,81.3847484,87.122693,773.0722015,121.6070111,0.158457972,0.025826228,0.004211646,0.025826228,817.5241448,82.36,17.64,0.88,79.31,3.97,39.65,3.97,3.680090948,0.368473167,4.0849,13.0451,0.9258,0.1983,0.6431,0.023,0.0759,330.4
Bird Island,BI10,BI10.8,316,313.1,314.2,313.6,0.55,3979,4471,4195,4200,246,0.11576,0.00698,22435,65325.75,1.414166667,5.583333333,231.25,28.33333333,42.75,19936.25,7.75,31.16666667,292.0833333,637.8333333,35962.33333,5698.25,6.312246908,1.842325175,0.158474858,-1.842325176,41660.58333,249.1034834,2405.586684,0.080505035,5.7280543,24.62122145,16.53279569,13.12267295,2291.029627,18.65049353,59.44873014,88.93353834,82.68871896,567.4814107,94.91251953,0.120560598,0.019042223,0.003008583,0.019042222,603.1591767,82.51,17.49,0.87,79.73,3.99,39.86,3.99,3.685373315,0.368907163,4.2749,13.6988,0.9797,0.2077,0.6759,0.024,0.0797,331.5
Bird Island,BI10,BI10.8,317,314.4,315.5,314.9,0.55,3990,4480,4205,4211,245,0.11586,0.00695,22340.66667,67751.16667,1.445,8,253.8333333,32.66666667,58,23251.16667,1.833333333,35.41666667,273.9166667,620.5,34964.58333,5786.833333,6.042770739,1.798767461,0.165518471,-1.798767461,40751.41667,279.1826816,2049.293796,0.120113583,10.22474716,37.40401858,19.17542619,20.85011445,2069.803145,6.350852961,66.16708648,91.53187059,109.6709956,329.3046278,65.13040532,0.087171825,0.014402856,0.002380197,0.014402855,337.7832706,83.32,16.68,0.83,79.36,3.97,39.68,3.97,3.680847282,0.368270255,4.4692,14.3706,0.9233,0.1848,0.6036,0.0214,0.0712,332.5
Bird Island,BI10,BI10.8,318,315.7,316.8,316.2,0.55,3995,4491,4215,4222,248,0.11586,0.00701,23562.25,78443.75,1.446666667,3.833333333,174.25,29.08333333,36.91666667,33224.08333,7.5,18.41666667,118.1666667,674.6666667,35797,5963.75,6.000622522,1.791449672,0.166787316,-1.791449671,41760.75,845.8208627,5258.364006,0.084243514,5.024183938,37.92846137,12.63083049,17.09576414,5152.036957,13.26307245,43.82912758,66.34871148,101.961074,1694.305918,154.7832062,0.180170622,0.030044668,0.005013121,0.030044668,1822.111319,85.16,14.84,0.74,76.31,3.82,38.15,3.82,3.641525758,0.36462984,4.1793,13.4742,1.0128,0.1765,0.578,0.0205,0.0682,333.4
Bird Island,BI10,BI10.8,319,317,318,317.5,0.5,4003,4506,4225,4233,252,0.11583,0.00707,23321.81818,71727.45455,1.421818182,3.636363636,166.1818182,21.90909091,37.45454545,26142.18182,1.272727273,34.09090909,192.5454545,696.1818182,36293.18182,5746.454545,6.318065465,1.843155505,0.158358464,-1.843155505,42039.63636,653.9482882,2693.01431,0.066002755,8.285803851,27.49842971,16.15830774,15.94593137,2635.808787,4.221158824,40.73930423,98.71814791,52.40766772,1349.481887,231.1853644,0.149265434,0.023893919,0.003826309,0.023893918,1542.108055,85.08,14.92,0.75,82.09,4.1,41.04,4.11,3.714547201,0.371997783,4.4279,14.3353,1.0364,0.1818,0.5976,0.0211,0.0705,334.9
Bird Island,BI10,BI10.8,320,318.2,319.3,318.7,0.55,4009,4524,4235,4244,257,0.11586,0.00723,23000.66667,78640.25,1.5225,16.91666667,257.5,73.58333333,40.25,35625.58333,23.58333333,27.08333333,292.5,662.25,33313.41667,5599.833333,5.950958774,1.782754826,0.168306707,-1.782754826,38913.25,437.1676053,3457.20852,0.094400019,13.34478675,43.61713592,23.18878386,25.42412956,4217.863601,27.37104752,33.28788568,104.646157,68.51691895,1381.133886,148.3624759,0.249797525,0.041585141,0.00693219,0.041585141,1436.054894,84.85,15.15,0.76,79.64,3.98,39.82,3.98,3.684369299,0.368251879,4.6678,15.1539,1.0376,0.1853,0.6109,0.0215,0.0721,335.9
Bird Island,BI10,BI10.8,321,319.5,320.5,320,0.5,4016,4545,4246,4255,264,0.0883,0.00562,22321,69754.63636,1.458181818,13.27272727,258.2727273,58.18181818,32.81818182,25785.27273,12,42.18181818,344.3636364,673.4545455,34155.27273,5716.090909,5.9755403,1.786857411,0.167622205,-1.78685741,39871.36364,238.0651171,5603.330693,0.093254296,9.757980417,43.17659299,16.77389747,14.54522727,7243.934995,21.33072901,55.19024947,98.8243621,101.4823764,1792.361185,182.9412226,0.253683888,0.0423723,0.007086043,0.042372299,1906.102582,83.53,16.47,0.82,82.13,4.11,41.06,4.11,3.715034412,0.371865354,4.3352,14.1196,1.0304,0.2032,0.672,0.0179,0.0605,337.1
Bird Island,BI10,BI10.8,322,320.7,321.8,321.2,0.55,4033,4556,4259,4268,262,0.08826,0.00556,22222.08333,57163.83333,1.31,20.41666667,237.0833333,65.08333333,45.41666667,6377.166667,9.75,43.75,460.5833333,819.9166667,39932.83333,6140.75,6.50467175,1.872225906,0.153826053,-1.872225905,46073.58333,326.8826474,1949.631053,0.117936809,9.268307027,31.99846114,18.26301943,16.65401035,2412.625874,17.49350529,52.97362122,138.8514303,134.7647501,1474.535356,223.4803734,0.165447928,0.025322772,0.003879222,0.025322773,1651.629248,82.12,17.88,0.89,83.41,4.17,41.7,4.17,3.730501129,0.373050113,4.4692,14.594,0.8383,0.1825,0.605,0.0161,0.0544,337.8
Bird Island,BI10,BI10.8,323,322,323.1,322.5,0.575,4048,4568,4273,4283,260,0.08832,0.00552,21887.08333,59737.5,1.444166667,10.16666667,167.25,34.16666667,28.75,11447.25,26.58333333,40.91666667,299.5833333,849.25,38167.16667,6071.75,6.286975958,1.838216715,0.159142774,-1.838216715,44238.91667,604.3098932,3393.831396,0.146935876,9.879577957,25.17619727,16.75401354,20.80701368,4072.448964,25.92457007,63.99212783,165.7349792,53.42475592,1014.020516,131.0372085,0.150813044,0.023970018,0.003811323,0.023970019,1088.272314,82.59,17.41,0.87,84.13,4.21,42.06,4.21,3.73909717,0.374265314,4.2706,13.9797,0.8535,0.18,0.5981,0.0159,0.0538,338.6
Bird Island,BI10,BI10.8,324,323.3,324.3,323.8,0.5,4062,4585,4288,4298,261,0.0883,0.0055,21728.54545,67127.72727,1.460909091,6.727272727,151.9090909,38,40.54545455,23617.45455,6.818181818,18.54545455,134.8181818,674.7272727,34336.81818,5687.727273,6.038358079,1.797868241,0.165695066,-1.797868241,40024.54545,417.981187,3382.764493,0.093643424,8.100505035,24.15969596,18.55262785,15.53295617,3732.272722,16.01760395,28.84567086,71.56230597,109.0917879,713.8010673,105.2379123,0.145993709,0.024054385,0.003965535,0.024054384,747.9436294,81.93,18.07,0.9,58.59,2.93,29.3,2.93,3.377587516,0.337758752,3.7135,12.1934,1.0352,0.2284,0.7614,0.0202,0.0685,339.6
Bird Island,BI10,BI10.8,325,324.5,325.5,325,0.5,4075,4598,4303,4312,262,0.08829,0.00549,20600.90909,60344.54545,1.472727273,6.363636364,195.0909091,35.63636364,38.54545455,20547.81818,71.18181818,25.36363636,171.7272727,490,30738.54545,5395,5.69538656,1.739038402,0.175797502,-1.739038401,36133.54545,658.7752962,4454.099536,0.123781332,6.168836637,26.94236272,14.18642116,21.99710725,4480.088723,62.25402506,33.61925855,72.63620435,133.3146654,1837.240723,190.8779715,0.210376672,0.036844584,0.006459489,0.036844585,1994.395315,81.68,18.32,0.92,71.31,3.57,35.66,3.57,3.574029612,0.357803862,3.9741,13.0945,1.1135,0.2498,0.8356,0.0221,0.0751,340.7
Bird Island,BI10,BI10.9,337,326,327.1,326.5,0.525,4086,4617,4320,4329,265,0.08832,0.00555,19750.27273,58742.36364,1.363636364,10.45454545,196.4545455,37.45454545,30.63636364,18705,146.1818182,15.09090909,354.4545455,561,30717.36364,5208.181818,5.898769759,1.774333436,0.169666508,-1.774333437,35925.54545,530.7726615,2236.623226,0.118006163,8.869764781,44.95634246,19.48005973,13.35120015,1883.423532,48.02877925,21.42640682,100.5021031,67.79823007,940.3302901,97.5036596,0.176755049,0.030093214,0.005131853,0.030093213,977.0647229,81.83,18.17,0.91,79.06,3.95,39.53,3.95,3.677059877,0.367426929,4.4556,15.2225,0.7735,0.1718,0.5954,0.0152,0.0535,352.9
Bird Island,BI10,BI10.9,338,327.3,328.4,327.8,0.55,4096,4640,4334,4343,272,0.08832,0.00568,21065.91667,70104.08333,1.460833333,13.83333333,302,50.75,49,29781.25,224.75,28.91666667,409.5,561,30537.5,5300.25,5.763614556,1.751212632,0.173626331,-1.751212632,35837.75,630.5716682,4522.020615,0.096149347,11.43227754,36.53640775,18.6748494,21.0281197,4424.279215,56.33685214,45.46218875,69.94348368,85.46876091,620.0066715,111.4427085,0.157441479,0.027926031,0.004959554,0.027926031,642.1822348,82.57,17.43,0.87,68.23,3.41,34.11,3.41,3.529590596,0.352855583,3.9915,13.663,0.81,0.171,0.5938,0.0151,0.0534,353.7
Bird Island,BI10,BI10.9,339,328.6,329.6,329.1,0.5,4103,4661,4348,4358,279,0.08863,0.00581,20773.54545,71682.18182,1.536363636,16.72727273,331.5454545,59.72727273,43.63636364,31999.54545,286.0909091,43.63636364,399.6363636,589,29922.36364,5226.636364,5.726529107,1.744935542,0.174686672,-1.744935542,35149,720.3391373,3255.041039,0.119438078,9.900413215,42.62479006,25.43655208,14.18642116,2889.506303,101.789444,61.41379768,79.34768141,113.9131248,845.9204777,166.0405208,0.112027897,0.019572406,0.003420916,0.019572406,982.6827565,80.71,19.29,0.96,72.58,3.63,36.29,3.63,3.591542221,0.35925319,4.0629,13.958,0.8414,0.2011,0.7009,0.0178,0.0633,355.1
Bird Island,BI10,BI10.9,340,329.8,330.8,330.3,0.5,4111,4682,4360,4371,285,0.0898,0.006,20297.63636,68588.27273,1.441818182,18.72727273,326.2727273,57.18181818,34.90909091,28977.18182,176.3636364,24.54545455,393.2727273,579.0909091,30185.63636,5170.818182,5.839066044,1.764446741,0.171302887,-1.764446741,35356.45455,902.6975432,5074.725078,0.09184968,10.43159536,74.17154563,27.94572662,16.98502014,4494.042986,76.01219998,34.37837587,73.85538695,81.24340533,728.8846648,148.6793988,0.096259882,0.016544548,0.002844452,0.016544548,854.8197896,81.07,18.93,0.95,74.16,3.71,37.08,3.71,3.613077741,0.361502654,3.9741,13.6906,0.8633,0.2016,0.7044,0.0181,0.0645,356.2
Bird Island,BI10,BI10.9,341,331,331.9,331.4,0.475,4126,4694,4372,4384,284,0.08982,0.00594,19122.3,61625.4,1.417,14,202.8,42.9,37.9,23953.7,74.4,30.7,383.7,589.9,28889.3,4944.1,5.848159561,1.765768207,0.171116796,-1.765768207,33833.4,599.5174078,3079.5814,0.064987178,10.24152766,34.43125195,25.92060527,16.18263816,2752.104893,49.51363449,43.97991966,81.63067234,101.360139,1193.522895,262.7383362,0.165030535,0.028247028,0.004838225,0.028247029,1423.021918,79.77,20.23,1.01,75.57,3.78,37.78,3.78,3.631779862,0.363370246,3.7754,13.0439,0.907,0.23,0.8061,0.0207,0.0738,357.1
Bird Island,BI10,BI10.9,342,332.1,333.1,332.6,0.5,4137,4707,4387,4397,285,0.08975,0.00596,18258.63636,68171.27273,1.489090909,10.45454545,195.3636364,51.54545455,29.18181818,37166,79.36363636,25,357.5454545,403.6363636,23115.54545,4356.545455,5.283324242,1.662393865,0.190100896,-1.662393865,27472.09091,827.8143841,7023.061741,0.09332251,9.522222812,32.65661565,23.20501513,18.38922609,9923.626263,46.60530598,29.72541001,86.02367539,141.0625909,3376.492984,386.113031,0.361650021,0.069227372,0.01330137,0.069227372,3747.939579,54.16,45.84,2.29,68.98,3.45,34.49,3.45,3.540669427,0.354169601,4.4279,15.3537,0.3354,0.2839,0.9985,0.0255,0.0913,358.4
Bird Island,BI10,BI10.9,343,333.3,334.3,333.8,0.475,4149,4721,4401,4410,286,0.08982,0.00595,20045.09091,62626.09091,1.402727273,7.909090909,198.0909091,35.72727273,32.09090909,22476.18182,97.90909091,41.27272727,434.5454545,587.6363636,30731.45455,5228.272727,5.876621711,1.769905188,0.170530149,-1.769905187,35959.72727,512.7596814,2413.620992,0.078242049,9.914177177,28.22571362,14.92709556,19.76084282,4002.664383,35.20640438,49.05321785,102.6892045,89.82791629,2036.072954,200.9677043,0.288108157,0.048506768,0.008187993,0.048506767,2178.736473,79.61,20.39,1.02,61.16,3.06,30.58,3.06,3.420346201,0.342258318,4.2955,14.9398,0.9199,0.2356,0.8312,0.0212,0.0761,359.4
Bird Island,BI10,BI10.9,344,334.5,335.5,335,0.525,4160,4732,4415,4424,286,0.08975,0.00594,20820.72727,64088.18182,1.367272727,7.363636364,193.5454545,37.36363636,28.90909091,21316,83,33.36363636,493.0909091,637.4545455,33063.72727,5411.272727,6.114407553,1.810133691,0.163717608,-1.810133691,38475,517.7219506,2474.041585,0.117651257,5.818465902,13.82290589,19.30944187,17.16656369,2691.022482,43.55685939,40.08309551,85.39491149,74.44644201,1143.837584,215.5184869,0.204238077,0.033752314,0.005584885,0.033752314,1285.981571,81.43,18.57,0.93,76.67,3.83,38.33,3.83,3.646232879,0.364337906,4.5519,15.8725,0.8523,0.1944,0.6877,0.0174,0.0629,360.3
Bird Island,BI10,BI10.9,345,335.7,336.8,336.2,0.525,4169,4748,4427,4437,290,0.08978,0.006,21729.33333,67279.5,1.395,8.75,216.3333333,42.91666667,49.91666667,23154,71.75,30.25,698.3333333,679.0833333,33971.08333,5450.916667,6.233007773,1.829765824,0.160466044,-1.829765824,39422,380.1632026,1620.107376,0.114455231,7.423855896,24.89736508,17.14885808,17.7633859,1201.469025,46.4936457,41.85717056,99.72082242,102.0057559,480.9703182,92.67289329,0.08900626,0.014247907,0.002281123,0.014247907,541.1827115,81.25,18.75,0.94,76.78,3.84,38.39,3.84,3.647797009,0.36487472,4.4556,15.579,0.8466,0.1954,0.6929,0.0175,0.0634,361.3
Bird Island,BI10,BI10.9,346,337,338,337.5,0.5,4179,4770,4441,4452,296,0.08975,0.00609,21636.09091,62892,1.406363636,6.727272727,226,28.18181818,35.72727273,17534.54545,62.45454545,44.72727273,686.3636364,677.9090909,34961.18182,5641.272727,6.200363538,1.824215853,0.161408867,-1.824215853,40602.45455,273.6736942,2373.600514,0.053716427,6.149648918,28.82013185,16.81557719,17.27478457,2677.107184,31.34123047,54.06864324,172.3956338,86.28494022,608.8518405,125.8690517,0.180021177,0.029540182,0.004852131,0.029540181,608.1015316,82.08,17.92,0.9,76.09,3.8,38.05,3.81,3.638901084,0.364368282,3.7135,13.0104,1.0342,0.2258,0.8023,0.0203,0.0734,362.1
Bird Island,BI10,BI10.9,347,338.2,339.3,338.7,0.55,4185,4790,4457,4465,303,0.08978,0.00623,21834.75,63086,1.393333333,4.75,205.3333333,38.25,36.5,18222.08333,108.6666667,29.41666667,397.4166667,679.9166667,34730.5,5679.416667,6.11762018,1.810678997,0.163622749,-1.810678997,40409.91667,516.0334952,1344.169362,0.042283316,6.166257153,23.21180473,17.47790813,18.09821689,1494.941133,35.25577537,41.72084357,123.3719125,83.93120379,1455.999469,225.7329308,0.202313451,0.03272016,0.005296893,0.032720161,1620.575681,80.86,19.14,0.96,79.9,4,39.95,4,3.687628672,0.369224398,4.8707,17.1326,0.8952,0.2119,0.756,0.019,0.0692,363.7
Bird Island,BI10,BI10.9,348,339.5,340.5,340,0.5,4191,4812,4471,4480,310,0.0916,0.00648,22654.72727,67323.54545,1.418181818,11.36363636,188,42.18181818,31.27272727,20682.90909,207.3636364,72.54545455,439.8181818,714,36083.63636,5854.727273,6.165409381,1.818838446,0.16223298,-1.818838446,41938.36364,540.9456703,3768.578866,0.074002457,17.83969017,38.77886022,23.00790378,14.10029013,4122.547258,60.20842587,45.53320467,92.40651295,113.2280884,1342.231073,256.8194272,0.098313138,0.015999453,0.002604529,0.015999453,1584.77874,79.93,20.07,1,78.64,3.93,39.32,3.93,3.671733295,0.366986568,4.8086,16.972,0.9304,0.2337,0.8364,0.0214,0.0781,365
Bird Island,BI10,BI10.9,349,340.7,341.7,341.2,0.525,4209,4824,4485,4493,307,0.0916,0.00641,21167.90909,61276.45455,1.386363636,7.272727273,207.3636364,24.27272727,39.45454545,17046.18182,188.5454545,43.18181818,453.8181818,693.8181818,34187.36364,5549.636364,6.162040562,1.818132764,0.162373193,-1.818132765,39737,829.0935357,3265.27905,0.109112119,5.849630913,32.25607765,13.86427718,17.03152158,2838.980057,70.69280534,61.98034879,114.9302555,110.2803865,1277.746945,209.2760248,0.151733721,0.024598442,0.003989897,0.024598442,1447.102346,80.35,19.65,0.98,81.39,4.07,40.69,4.07,3.705982362,0.370689315,4.9476,17.5094,0.8669,0.2121,0.7612,0.0194,0.0711,365.9
Bird Island,BI10,BI10.9,350,341.9,343,342.4,0.525,4222,4833,4498,4506,305,0.09161,0.00635,20671.25,63858.58333,1.428333333,4.25,169,29.75,34.66666667,22856.66667,191.4166667,30.16666667,366.4166667,578.75,31538.16667,5278.916667,5.97808419,1.787810502,0.167374463,-1.787810501,36817.08333,1273.371268,5376.902073,0.079867314,6.942949334,22.46208927,21.75117552,20.58831678,3801.216488,54.75143557,37.65835253,71.21856031,85.03702402,1476.801755,284.7188273,0.150494776,0.025121348,0.004195495,0.025121348,1734.77478,80.17,19.83,0.99,80.51,4.03,40.25,4.03,3.695110004,0.36997002,4.1728,14.7925,0.8808,0.2179,0.7832,0.02,0.0731,366.4
Bird Island,BI10,BI10.9,351,343.2,344.2,343.7,0.525,4241,4843,4512,4520,301,0.0916,0.00625,21364.27273,65207.72727,1.423636364,6.545454545,210.5454545,40.90909091,28.81818182,22440.18182,120.2727273,47.45454545,364.8181818,629.6363636,33009.72727,5548.272727,5.952430958,1.783691045,0.168034981,-1.783691044,38558,741.0348293,2888.981796,0.097290568,6.62364909,39.86317508,25.7077986,13.75367719,1955.251535,61.67672318,51.82733571,91.91606843,154.7890647,1381.077195,280.0357445,0.092340629,0.015435471,0.002581083,0.015435472,1652.709291,80.72,19.28,0.96,80.62,4.03,40.31,4.03,3.696599577,0.369568253,3.9894,14.1782,1.0402,0.2485,0.8955,0.0228,0.0836,367.2
Bird Island,BI10,BI10.9,352,344.4,345.5,344.9,0.525,4253,4857,4527,4533,302,0.09161,0.00625,18437.25,71228.75,1.579166667,10.08333333,213.75,54.91666667,44.25,42006.66667,43.66666667,42.75,220,367.5833333,21416.58333,4152.083333,5.035379,1.60545084,0.203212734,-1.605450841,25568.66667,1669.097095,11561.04024,0.181281215,10.31731407,33.45315585,25.90703075,15.4279852,18598.27242,34.083676,41.59572749,124.146541,153.444961,6861.022193,836.5235918,0.75023106,0.15845874,0.034087187,0.15845874,7684.940105,69.81,30.19,1.51,61.64,3.08,30.82,3.08,3.42816383,0.342593919,4.3603,15.5488,0.8589,0.3715,1.3432,0.034,0.1254,368.4
Bird Island,BI10,BI10.9,353,345.7,346.7,346.2,0.525,4263,4871,4541,4547,304,0.0916,0.00626,20510.42857,119772.8571,1.71,17,140.4285714,65.85714286,14.85714286,100544,9,40.28571429,140,215.2857143,13119,3405.428571,3.762866721,1.289233656,0.28528776,-1.289233657,16524.42857,1038.949767,5921.261252,0.143759058,9.237604307,17.93374048,19.40299437,10.93051648,10759.50835,15.39480432,36.12346553,104.6661359,114.5552476,5060.385361,410.854742,1.090423749,0.289102642,0.079406971,0.289102643,5426.213808,59.15,40.85,2.04,63.91,3.2,31.95,3.2,3.464172181,0.346959342,4.5519,16.2822,0.7785,0.5376,1.9498,0.0492,0.182,369.5
Bird Island,BI10,BI10.9,354,346.9,348,347.4,0.525,4274,4881,4555,4560,303,0.09161,0.00623,21447.58333,68936.91667,1.418333333,26.83333333,259.0833333,87,39.41666667,26310.91667,12.83333333,32.5,617.75,693,32401.33333,5244.916667,6.176757386,1.820224501,0.162080746,-1.820224501,37646.25,646.557381,11436.58099,0.121642795,10.18763362,39.17897937,21.65011022,18.27297226,13619.54671,24.27806093,42.1329066,88.61061398,90.5438116,1945.163809,245.6444061,0.21863762,0.03515412,0.005660601,0.03515412,2151.019172,75.09,24.91,1.25,71.05,3.55,35.53,3.55,3.57037741,0.356736274,4.266,15.2958,0.818,0.2714,0.9867,0.0249,0.0921,370.4
Bird Island,BI10,BI10.9,355,348.2,349.2,348.7,0.5,4282,4902,4569,4574,310,0.0916,0.00634,21596.36364,62378.27273,1.360909091,27.90909091,251.9090909,82.54545455,43.36363636,16329.63636,35.90909091,133,650.9090909,740.3636364,35312.18182,5597.181818,6.308156913,1.841462063,0.158646057,-1.841462063,40909.36364,885.873498,5666.321913,0.096276118,19.78107452,55.2602109,40.03839067,22.02849394,5642.251772,33.66141573,104.7005253,159.806417,61.22462369,1589.648126,173.6328415,0.182502795,0.028989579,0.004607324,0.02898958,1727.245221,77.64,22.36,1.12,67.24,3.36,33.62,3.36,3.515121128,0.351303004,3.8862,13.9691,0.8334,0.24,0.8748,0.022,0.0817,371.4
Bird Island,BI10,BI10.9,356,349.4,350.4,349.9,0.525,4291,4917,4583,4588,313,0.09789,0.00683,22851.63636,58712.36364,1.356363636,23,261.2727273,79.72727273,42.27272727,6796,8.909090909,71.27272727,733,853.9090909,40081.45455,6204.545455,6.46473949,1.866047652,0.154782845,-1.866047652,46286,295.4651495,1943.101967,0.074869584,18.52565788,49.68519077,25.70249369,15.90654525,2284.626928,23.93513963,62.59726976,66.71731409,107.6684304,823.1130376,226.9424436,0.170098432,0.026337052,0.004081188,0.026337051,997.1801242,78.8,21.2,1.06,74.06,3.7,37.03,3.7,3.611728395,0.360880234,4.3603,15.7232,0.7614,0.2049,0.749,0.0201,0.0747,372.6
Bird Island,BI10,BI10.9,357,350.6,351.7,351.2,0.55,4311,4929,4597,4601,309,0.09844,0.00677,22908.5,57097.33333,1.339166667,32.66666667,309.75,93.91666667,60.33333333,4815.416667,28.75,74.75,772.6666667,852.5,40277.75,6104.833333,6.599567899,1.886807839,0.151584554,-1.886807839,46382.58333,402.4424295,2952.650253,0.088158775,11.33244203,39.87736884,35.0984546,24.41807577,2480.125747,33.21041731,81.63903367,103.1427372,108.7996491,618.5045197,126.0244084,0.136664511,0.020692257,0.003134323,0.020692257,674.9756168,79.22,20.78,1.04,78,3.9,39,3.9,3.663561646,0.366356165,4.4692,16.1582,0.8777,0.2302,0.8438,0.0227,0.0846,373.4
Bird Island,BI10,BI10.9,358,351.9,352.9,352.4,0.5,4323,4935,4610,4613,306,0.09848,0.00666,22527.09091,58249.27273,1.311818182,35.36363636,301.0909091,77.36363636,53.54545455,6520.909091,20.81818182,45,837.5454545,806,39511.36364,6270.818182,6.301819295,1.840761757,0.158708692,-1.840761757,45782.18182,495.3514822,1659.625385,0.095897673,10.66088859,28.08008029,21.50940598,15.06893252,713.4097637,25.43154805,34.79655155,105.9267328,104.5169843,867.0621976,160.5732345,0.081674421,0.012993632,0.00206739,0.012993633,1008.361326,79.39,20.61,1.03,78.99,3.95,39.5,3.95,3.676300672,0.367630067,3.7135,13.456,0.9128,0.2369,0.8703,0.0233,0.0873,374.1
Bird Island,BI10,BI10.9,359,353.1,354.2,353.7,0.55,4339,4943,4624,4626,302,0.09841,0.00657,21749.83333,55576.16667,1.305833333,37.41666667,334.5,103.5833333,56,6281.75,21.33333333,34.25,675.0833333,788.3333333,37716.66667,5860.25,6.438771998,1.862027491,0.155405826,-1.862027491,43576.91667,392.1332875,1344.397522,0.086282657,10.93333795,20.98700897,20.08825226,15.76532444,2009.886615,35.92500606,54.74424005,88.45795954,98.66226444,1131.763655,198.5978692,0.167062709,0.026059785,0.004067186,0.026059785,1274.597153,79.02,20.98,1.05,77.58,3.88,38.79,3.88,3.658162481,0.365910555,4.5679,16.6089,0.8425,0.2236,0.8243,0.022,0.0826,375.3
Bird Island,BI10,BI10.9,360,354.4,355.5,355,0.55,4347,4953,4635,4639,303,0.09844,0.00658,21614.83333,61126.33333,1.378333333,43.66666667,287.25,105.5833333,42.5,14247.58333,18,90.25,639.6666667,739.8333333,35466.58333,5679.166667,6.247266936,1.831940459,0.160135122,-1.831940459,41145.75,492.1813844,2297.446105,0.05166911,8.315739002,32.52726129,15.19843493,20.25967782,2074.97117,29.70460632,58.40785283,68.21934321,59.08058185,795.9083385,166.650878,0.13182612,0.021065751,0.003367428,0.021065751,918.9725612,79.22,20.78,1.04,77.7,3.88,38.85,3.89,3.659708077,0.366441813,5.0779,18.5268,0.7931,0.2081,0.7696,0.0205,0.0771,376.5
Bird Island,BI10,BI10.9,361,355.7,356.7,356.2,0.5,4359,4962,4647,4652,302,0.09848,0.00652,21037,62387.36364,1.343636364,32.09090909,257.8181818,97.09090909,36.72727273,17928.18182,10.09090909,39.63636364,589.7272727,720.6363636,33994.27273,5425,6.268131796,1.835278617,0.159601123,-1.835278617,39419.27273,676.043046,4663.338745,0.065768188,18.23981659,36.52346693,26.40247922,22.00950208,4783.008401,24.41906855,47.3967778,86.42926693,81.41163643,647.4493171,131.2867092,0.130961616,0.020997158,0.003367752,0.020997159,728.1622197,75.52,24.48,1.22,75.72,3.79,37.86,3.79,3.633895146,0.363773444,4.2434,15.516,0.8362,0.2711,1.0049,0.0267,0.1007,377.3
Bird Island,BI10,BI10.9,362,356.9,358,357.5,0.55,4368,4972,4661,4665,302,0.09844,0.00652,20679.58333,66692.83333,1.429166667,15.08333333,274.9166667,69.91666667,40.75,25962.5,97.83333333,27.08333333,507.4166667,611.4166667,30856.66667,5235.5,5.895153365,1.773791912,0.169745772,-1.773791912,36092.16667,816.2658277,5507.966855,0.054013186,10.36127698,45.79690012,61.40396542,12.10653467,5310.657526,64.22663471,38.25858985,93.53410495,61.36694155,1049.504414,157.5981657,0.160316245,0.027178425,0.004613235,0.027178425,1156.472602,78,22,1.1,70.08,3.5,35.04,3.51,3.556490266,0.356258015,4.5679,16.746,0.8216,0.2318,0.8612,0.0228,0.0863,378.2
Bird Island,BI10,BI10.9,363,358.2,359.3,358.7,0.525,4378,4984,4673,4677,303,0.09841,0.00651,21115.25,69275.08333,1.421666667,24,267.6666667,64.25,34.83333333,28286.16667,43.75,46.58333333,496.4166667,605.75,30833.33333,5222.416667,5.90499705,1.775479962,0.169456924,-1.775479963,36055.75,311.1784419,3672.844982,0.074325248,8.934102183,33.81321241,23.40600156,20.86246448,4360.353443,40.36903629,60.25168173,46.63096578,114.6608636,827.1772739,102.7286437,0.154709615,0.026473374,0.004533,0.026473374,873.9926279,78.53,21.47,1.07,76.39,3.82,38.19,3.82,3.642573701,0.36435275,3.8992,14.3238,0.9408,0.2572,0.9579,0.0253,0.0959,379
Bird Island,BI10,BI10.9,364,359.5,360.5,360,0.5,4386,4995,4687,4690,305,0.09404,0.00624,20531.27273,70732.81818,1.503636364,29.18181818,372.8181818,88.90909091,44.90909091,32742.09091,69.45454545,49.90909091,576.8181818,539.6363636,27706.27273,4906.909091,5.648402845,1.730768738,0.177254507,-1.730768738,32613.18182,477.0385919,4006.580333,0.10200713,13.68077616,51.68523615,29.7739972,24.74451271,4049.26671,45.84400427,53.96008626,119.5740927,118.3328126,1036.908587,144.5700208,0.206612873,0.036395813,0.006418928,0.036395814,1106.508366,76.22,23.78,1.19,78.68,3.93,39.34,3.94,3.672241813,0.367784259,3.6287,13.3644,0.9758,0.3045,1.1366,0.0286,0.1088,379.9
Bird Island,BI10,BI10.9,365,360.7,361.7,361.2,0.5,4405,5006,4699,4703,301,0.09404,0.00614,20858.5,76598.3,1.446,33.2,355.9,89.2,52.2,39122.5,159.2,26.1,677.5,467.6,27254.6,4945.2,5.516335535,1.707412741,0.181389686,-1.70741274,32199.8,900.5559086,4785.846495,0.069633964,16.93648265,78.94083579,30.62243187,10.90157991,4414.339922,63.7962033,31.00698846,203.9135165,91.43084819,768.8051624,232.2617298,0.141722335,0.025952849,0.004755556,0.025952848,976.3989167,75.43,24.57,1.23,74.16,3.71,37.08,3.71,3.613077741,0.361502654,3.6287,13.4007,0.9415,0.3067,1.1481,0.0288,0.1099,380.8
Bird Island,BI10,BI10.9,366,361.9,362.9,362.4,0.525,4424,5015,4713,4716,296,0.09404,0.00603,20412.09091,72101,1.500909091,7.181818182,178.7272727,29.09090909,31.09090909,34852.54545,180.1818182,34.72727273,131.8181818,462.8181818,28260.54545,4957.272727,5.702611198,1.740700983,0.175436925,-1.740700983,33217.81818,696.3150802,4954.82591,0.090604034,7.807921386,25.16382685,17.38651515,14.5220835,5260.149168,33.21390727,58.26850077,73.84283064,74.67907094,829.8979894,161.4813246,0.125775985,0.022211102,0.003923856,0.022211102,956.7938982,75.61,24.39,1.22,71.57,3.58,35.78,3.58,3.577389078,0.357938874,3.8992,14.4408,0.8412,0.2713,1.0183,0.0255,0.0974,381.8
Bird Island,BI10,BI10.9,367,363.1,364.1,363.6,0.5,4437,5023,4728,4729,293,0.09397,0.00595,21849.18182,75544.63636,1.479090909,8.454545455,171.1818182,33.27272727,32.45454545,35866.09091,213.3636364,40.45454545,162.3636364,543.7272727,30422.72727,5063.454545,6.009785128,1.792765195,0.166603582,-1.792765194,35486.18182,374.4120239,4012.489135,0.107745491,9.299071312,22.87277063,14.92709556,13.69206804,4955.802568,79.96908494,51.59333995,67.53557985,75.72330012,1167.12091,128.9684951,0.222028135,0.037097232,0.006204619,0.037097232,1224.083234,78.81,21.19,1.06,76.46,3.82,38.23,3.82,3.643620548,0.364076131,3.9741,14.7636,0.9361,0.2517,0.9475,0.0236,0.0905,382.8
Bird Island,BI10,BI10.9,368,364.3,365.3,364.8,0.5,4449,5033,4743,4741,292,0.09404,0.00592,22171.90909,65770.63636,1.482727273,8.545454545,188.9090909,34.45454545,43.09090909,20958.72727,177.6363636,40.54545455,409.4545455,665.2727273,34574,5531.909091,6.251977937,1.832499828,0.160076138,-1.832499829,40105.90909,311.5889775,3029.456396,0.144781968,7.776421238,45.52022528,9.801669617,12.63688684,3896.947526,88.07754848,41.05450922,189.5464923,107.4216839,1206.660433,179.8557503,0.185937241,0.029519928,0.00469022,0.029519929,1324.836024,80.51,19.49,0.97,74.76,3.74,37.38,3.74,3.621135802,0.362307327,3.062,11.3891,0.8967,0.2171,0.8185,0.0204,0.0783,383.2
Bird Island,BI10,BI10.9,369,365.5,366.6,366,0.525,4460,5044,4755,4754,292,0.094,0.00591,22432.08333,71278.33333,1.4175,11.91666667,259,77.91666667,56.16666667,26524.33333,32.33333333,19.16666667,744.1666667,697.5,34054.16667,5537.916667,6.151564836,1.816380529,0.162666927,-1.816380529,39592.08333,421.438329,3964.07211,0.080241114,15.63479996,40.63138062,23.88783766,21.32788756,4768.522629,35.49220999,25.45881999,117.8703705,80.1163926,972.0260783,165.6181031,0.163048892,0.026750538,0.004391167,0.026750539,1076.769618,77.72,22.28,1.11,78,3.9,39,3.9,3.663561646,0.366356165,4.4556,16.6483,0.7523,0.2157,0.8166,0.0203,0.078,384.9
Bird Island,BI10,BI10.9,370,366.8,367.8,367.3,0.5,4473,5056,4770,4768,292,0.09412,0.00588,22283.81818,69942.90909,1.450909091,23.09090909,277.2727273,89,54.63636364,25910.63636,11.36363636,103.0909091,721.9090909,613.5454545,33337.72727,5523.636364,6.032970603,1.797004914,0.165833678,-1.797004914,38861.36364,603.2024234,1724.829583,0.140886802,12.78635636,27.15544479,20.52315765,19.9011192,3046.224032,17.83408381,28.18316712,59.68325485,148.534416,1624.334208,166.1537076,0.136951181,0.022728318,0.003773345,0.022728317,1781.16149,76.51,23.49,1.17,76.92,3.85,38.46,3.85,3.64961874,0.36534145,3.4619,12.9542,0.8697,0.2671,1.0127,0.0251,0.0969,385.5
Bird Island,BI10,BI10.10,380,367.6,368.6,368.1,0.5,4478,5064,4779,4776,293,0.09397,0.00589,20717.1,65331.6,1.451,16.3,230.1,55.4,49.3,24995.2,44.1,87.7,554,503.7,30567.1,5219.6,5.859650134,1.767804785,0.170754906,-1.767804785,35786.7,1110.000546,5365.862635,0.105456679,10.44615825,32.81750888,39.57327942,23.27158496,3789.114784,39.99291604,58.77839739,180.3706061,108.7004549,1177.939958,238.245998,0.149178892,0.025029269,0.004202169,0.02502927,1386.56835,74.64,25.36,1.27,72.99,3.65,36.49,3.65,3.59703825,0.359802401,4.4279,17.0363,0.9832,0.334,1.3016,0.0314,0.1243,396
Bird Island,BI10,BI10.10,381,368.8,369.8,369.3,0.5,4486,5080,4792,4789,297,0.0933,0.00591,20200.72727,63939.63636,1.434545455,13.36363636,233.9090909,48.27272727,37.36363636,24774.27273,73.63636364,28.72727273,455.9090909,536.8181818,29765.90909,4967.727273,5.994306446,1.790598935,0.166895656,-1.790598935,34733.63636,524.7868312,7054.646246,0.10376547,9.60492298,23.67046491,19.54016842,19.63299634,7416.273445,49.92248537,39.78716102,80.66282235,54.40922382,377.8897867,121.1082911,0.128800339,0.021586846,0.003619214,0.021586845,446.8608895,78.37,21.63,1.08,75.04,3.75,37.52,3.75,3.624874124,0.362294189,3.7994,14.6429,0.9279,0.2561,1,0.0239,0.0948,396.7
Bird Island,BI10,BI10.10,382,370,370.9,370.4,0.475,4497,5091,4804,4801,297,0.0921,0.00581,20960.8,67834.1,1.406,10.8,250.6,59.2,38.5,26984.8,50.8,20.6,564.7,561.2,31157.8,5167.4,6.032254256,1.796757131,0.165895807,-1.79675713,36325.2,385.672227,5118.123147,0.071678294,8.24351597,25.64804519,22.68528647,8.605553762,5595.279514,60.35045797,32.64352922,56.25546887,58.23477388,686.9554085,129.8385322,0.171941379,0.02839093,0.004692063,0.02839093,736.3982618,79.04,20.96,1.05,78.32,3.92,39.16,3.92,3.667655818,0.367140215,3.945,15.2514,0.9533,0.2528,0.9898,0.0233,0.0926,397.9
Bird Island,BI10,BI10.10,383,371.1,372.1,371.6,0.5,4513,5097,4816,4814,292,0.0921,0.00571,20879,73296.72727,1.42,10,260.2727273,45.90909091,30.54545455,34347,43.90909091,43.81818182,518.2727273,556.4545455,29389.18182,5135,5.727007359,1.744852032,0.174729974,-1.744852032,34524.18182,472.7804988,2841.365168,0.057445626,7.771743691,24.24083707,14.75435221,19.14870041,2674.649098,43.49587232,58.08582991,86.5610662,59.8854968,544.5977999,162.9957055,0.157468633,0.027342615,0.004750434,0.027342615,644.6989713,77.32,22.68,1.13,76.91,3.85,38.45,3.85,3.649358696,0.365410429,4.1527,16.0957,0.979,0.2872,1.1274,0.0264,0.1055,398.8
Bird Island,BI10,BI10.10,384,372.3,373.2,372.8,0.475,4529,5104,4830,4827,288,0.0921,0.00561,21501.7,71304.2,1.411,23.2,265.7,90.3,53,30312.6,107.7,60.3,554.1,579,31027.8,5179.8,5.991279806,1.790134313,0.166966267,-1.790134312,36207.6,361.3634828,4249.59391,0.058585171,10.94227277,19.33936687,24.15712455,21.41650454,4804.57248,54.7134962,54.22801654,95.62246366,68.32764204,522.7896964,93.53169397,0.116663424,0.019481524,0.003253978,0.019481523,564.5443,77.29,22.71,1.14,75.38,3.77,37.69,3.77,3.629394807,0.363035777,4.2955,16.701,0.9752,0.2866,1.1285,0.0264,0.1055,399.9
Bird Island,BI10,BI10.10,385,373.4,374.5,374,0.525,4543,5113,4843,4840,285,0.09205,0.00555,20595.33333,68499.41667,1.395833333,21.5,302.25,76.41666667,46.25,29168,96.83333333,44.08333333,608.25,578,29489.58333,5068,5.82336637,1.761388994,0.17188899,-1.761388994,34557.58333,320.1554547,3629.895302,0.073045233,13.24935676,22.97083131,22.88095013,21.51585039,4269.115131,54.24160318,47.79969253,62.96914829,60.94707093,733.8833767,178.2730286,0.191671385,0.032565588,0.005537701,0.032565588,831.9910902,72.51,27.49,1.37,73.77,3.69,36.88,3.69,3.607669399,0.360962584,4.266,16.6182,0.8099,0.307,1.2114,0.0283,0.1132,400.6
Bird Island,BI10,BI10.10,386,374.7,375.6,375.1,0.475,4557,5123,4855,4852,283,0.09213,0.00549,20490.2,66526.3,1.433,20.1,251,66.7,45.1,26799.9,103.4,41.2,521,572.1,29943.6,5052.8,5.931182065,1.779409276,0.168876734,-1.779409277,34996.4,426.0927911,2225.606636,0.069450222,17.67892656,27.76888747,19.01490643,14.85073885,2862.530289,49.4575014,39.78497762,96.69080158,80.96425823,1085.639515,186.7796087,0.251071401,0.042651449,0.007264957,0.042651449,1166.17906,72.13,27.87,1.39,73.78,3.69,36.89,3.69,3.607940512,0.360891854,3.4472,13.4545,0.9446,0.3649,1.4425,0.0336,0.1349,401.3
Bird Island,BI10,BI10.10,387,375.8,376.9,376.4,0.55,4567,5136,4871,4866,284,0.09202,0.00551,20228.83333,61388.5,1.388333333,16.75,237.1666667,63.41666667,41.58333333,20746.25,21.08333333,90.33333333,598.9166667,568.5833333,30784.75,5163.5,5.962757798,1.785150949,0.167836351,-1.785150949,35948.25,242.2957747,2959.740452,0.103382198,9.016399201,28.48870058,20.66819398,19.92466874,4654.529195,25.6637641,77.48235381,114.9026927,76.95034802,1334.708625,186.4425332,0.171530219,0.028930768,0.004883763,0.028930768,1480.107313,75.62,24.38,1.22,71.43,3.57,35.71,3.57,3.575430762,0.357442952,3.9915,15.6189,0.7708,0.2485,0.985,0.0229,0.092,402.3
Bird Island,BI10,BI10.10,388,377.1,378.1,377.6,0.5,4574,5149,4887,4879,287,0.0921,0.00554,20324,68402.36364,1.406363636,15.72727273,210.3636364,53.81818182,36.09090909,30023.90909,80.45454545,52,381.8181818,544.1818182,29337.63636,5095.818182,5.758141319,1.75032384,0.173768117,-1.75032384,34433.45455,516.9056007,3584.366423,0.083339394,10.25759142,22.7300362,21.28294238,14.08158049,3652.549807,41.85060008,41.51626187,57.85467688,99.45231841,962.6448226,142.7079663,0.145820222,0.025285337,0.004387296,0.025285338,1063.082816,76.38,23.62,1.18,74.33,3.72,37.16,3.72,3.615232914,0.361912445,3.8862,15.2516,0.9022,0.2789,1.1086,0.0257,0.1036,403.5
Bird Island,BI10,BI10.10,389,378.3,379.3,378.8,0.525,4583,5159,4901,4892,288,0.0921,0.00555,21196.54545,62753.27273,1.377272727,18.27272727,216.1818182,51.72727273,43,18412.81818,38.09090909,30.09090909,398.8181818,667.8181818,34469.27273,5542.090909,6.219916048,1.827489944,0.160859611,-1.827489944,40011.36364,370.7434055,1728.61338,0.056407607,9.62383405,17.9878747,24.06695207,12.72006289,2952.863993,40.87897882,44.71790368,108.1247596,91.88886568,1309.122843,173.7932418,0.150538528,0.02421728,0.003897739,0.02421728,1448.800557,77.67,22.33,1.12,73.57,3.68,36.79,3.68,3.605226069,0.360620602,4.1728,16.4198,0.8848,0.2544,1.0138,0.0234,0.0948,404.5
Bird Island,BI10,BI10.10,390,379.5,380.5,380,0.5,4589,5171,4915,4905,291,0.09132,0.00554,21185.45455,57832.09091,1.297272727,13.90909091,226.3636364,54.90909091,26.27272727,11408.27273,11.36363636,84.72727273,582.1818182,736.7272727,35920.36364,5742.727273,6.255763719,1.833337531,0.159905569,-1.83333753,41663.09091,524.2906376,1673.225894,0.031965891,14.32797645,46.27369172,28.69653131,13.83539598,1902.955758,17.89006835,66.92546736,99.52569335,103.0515317,991.2631611,151.9651874,0.119444305,0.019093277,0.003053115,0.019093277,1111.095806,78.69,21.31,1.07,74.73,3.74,37.36,3.74,3.620600613,0.362447706,3.8862,15.3293,0.8836,0.2393,0.9558,0.0219,0.0886,405.5
Bird Island,BI10,BI10.10,391,380.7,381.7,381.2,0.5,4616,5180,4928,4918,282,0.09132,0.00535,20427.18182,65050.36364,1.423636364,17.45454545,234.7272727,77.18181818,36,24128.72727,34.45454545,33.90909091,491.4545455,632.1818182,31296.54545,5165.454545,6.060427139,1.801377651,0.165137106,-1.801377651,36462,369.9396757,3562.227401,0.119186637,13.24661192,36.85943816,26.415216,18.95257238,4313.762953,45.24237756,42.0415379,61.21333782,97.36921298,1014.652094,140.3540977,0.181325351,0.029685288,0.004864048,0.029685288,1091.008158,78.28,21.72,1.09,64.8,3.24,32.4,3.24,3.478158423,0.347815842,3.7994,15.0228,0.9306,0.2582,1.0338,0.0236,0.0958,406.3
Bird Island,BI10,BI10.10,392,381.9,383,382.4,0.525,4637,5185,4940,4931,274,0.09125,0.00519,20608.5,70543.75,1.470833333,20.83333333,241.4166667,69.08333333,43.41666667,32182.91667,142,30.41666667,480.5833333,543.4166667,28822,4982.416667,5.787591732,1.755374568,0.172901564,-1.755374567,33804.41667,641.2671405,5233.127418,0.07102603,8.343024668,35.98347685,17.10108095,9.596006114,5005.682579,37.98085642,39.26010775,64.43101785,90.73984625,501.7802851,125.1860131,0.158030516,0.027305431,0.00472167,0.027305431,543.6889917,72.08,27.92,1.4,71.12,3.56,35.56,3.56,3.571221411,0.357523853,3.8992,15.4545,0.8511,0.3296,1.3229,0.0301,0.1224,407
Bird Island,BI10,BI10.10,393,383.2,384.1,383.6,0.45,4655,5193,4953,4945,269,0.09136,0.00508,20951.8,67256.2,1.46,22.1,276.8,77.5,48.9,26605.8,55.8,47.3,479.9,588.2,30907.4,5108.9,6.049856546,1.799922835,0.165330175,-1.799922836,36016.3,552.4770081,3736.375183,0.090061707,9.456919865,35.34213727,26.00961361,16.17577063,3616.304799,35.74539597,60.13512562,65.80518386,84.78443253,914.2851731,133.1235433,0.095175372,0.015769772,0.002613783,0.015769773,1029.598633,76.17,23.83,1.19,70.76,3.54,35.38,3.54,3.566146689,0.35681626,3.5767,14.2172,0.8852,0.2769,1.1144,0.0253,0.1032,408.1
Bird Island,BI10,BI10.10,394,384.2,385.2,384.7,0.475,4664,5202,4965,4957,269,0.09125,0.00507,22052.63636,70051.36364,1.377272727,15.18181818,274.0909091,58,40.18181818,25723.45455,27,31.81818182,498.0909091,624.4545455,33870.63636,5545.272727,6.108356206,1.809368528,0.163805319,-1.809368528,39415.90909,546.2761706,3564.962083,0.096134376,6.446986611,37.90898191,27.42991068,17.45175167,3360.424329,38.14184054,33.27707373,74.16124938,114.0529383,1324.557758,176.1085409,0.153354666,0.025282236,0.00417054,0.025282238,1463.263849,79.53,20.47,1.02,78.45,3.92,39.23,3.92,3.66944176,0.366663566,3.7754,15.0448,0.8864,0.2281,0.9205,0.0208,0.0852,409.1
Bird Island,BI10,BI10.10,395,385.4,386.5,385.9,0.55,4676,5208,4979,4970,266,0.09136,0.00502,22399.16667,68350.08333,1.375,20.33333333,279.3333333,63.58333333,51.08333333,21795.16667,53.58333333,48.08333333,373.3333333,723.5,36090.66667,5605.583333,6.437958991,1.86177788,0.155463901,-1.86177788,41696.25,868.8077341,6885.350634,0.099590069,11.71893055,47.18885333,21.3475923,15.5239307,7336.891202,55.93089622,49.80956157,106.8782939,88.02530628,1838.398677,217.3624783,0.197492844,0.03080505,0.004809981,0.030805051,2016.486329,78.58,21.42,1.07,79.41,3.97,39.71,3.97,3.681603045,0.368067592,4.2749,17.0759,0.9532,0.2599,1.051,0.0237,0.0973,409.9
Bird Island,BI10,BI10.10,396,386.7,387.8,387.2,0.55,4691,5220,4994,4984,264,0.09129,0.00497,23446.75,69295.5,1.3675,18.25,267.6666667,61.33333333,45.91666667,19068,17.25,53.75,380.25,816.5833333,39020.16667,5956.166667,6.552905852,1.879149076,0.152836781,-1.879149076,44976.33333,363.1178434,7104.213302,0.088536074,9.573875438,36.74317088,20.41538339,13.99648224,8752.071267,25.6625833,61.42123559,122.6555599,107.9448161,1720.345834,174.0187207,0.265900241,0.040775307,0.00626105,0.040775306,1804.336964,80.3,19.7,0.98,82.99,4.15,41.5,4.15,3.725693427,0.372569343,4.9738,19.9348,0.9057,0.2222,0.9016,0.0203,0.0834,411.2
Bird Island,BI10,BI10.10,397,388,389,388.5,0.5,4703,5231,5008,4998,264,0.09132,0.00494,23050.72727,54682.63636,1.361818182,3.636363636,231.5454545,45.63636364,58.54545455,2347.272727,16.45454545,13.36363636,265.9090909,791.6363636,41100.90909,6051.181818,6.794965202,1.915654599,0.147322828,-1.915654598,47152.09091,609.2428237,1037.010634,0.106847385,6.233341436,34.1712266,16.87763447,27.8867841,1323.270425,28.20767143,21.31324812,84.99582877,54.5037113,1458.845465,192.8143243,0.231813546,0.034034363,0.005001424,0.034034364,1564.461086,80.94,19.06,0.95,82.34,4.12,41.17,4.12,3.717709836,0.372041888,4.1527,16.677,1.0099,0.2377,0.9667,0.0217,0.0895,412
Bird Island,BI10,BI10.10,398,389.2,390.2,389.7,0.5,4713,5247,5022,5011,267,0.09231,0.00504,21058.81818,55094.54545,1.373636364,8.545454545,227,37.18181818,49.72727273,9388,8.363636364,26,295.3636364,713.9090909,35304.09091,5630.636364,6.269201082,1.835097919,0.15968702,-1.835097919,40934.72727,578.8109913,3672.456871,0.075666733,8.128513226,36.95131933,11.86438521,18.72480125,4458.409559,18.01262184,29.19589012,74.71716366,114.2212367,1658.671423,152.4003102,0.21681994,0.034934903,0.005634506,0.034934903,1767.000401,80.46,19.54,0.98,77.76,3.89,38.88,3.89,3.66047998,0.366236294,4.4279,17.8333,0.9917,0.2408,0.9819,0.0222,0.0918,413.2
Bird Island,BI10,BI10.10,399,390.3,391.4,390.9,0.525,4731,5256,5035,5024,262,0.09274,0.00497,20571.41667,66007.58333,1.433333333,12.08333333,228.0833333,68.91666667,43.75,26168.66667,0.272727273,29.41666667,338.3333333,553.6666667,30281.5,5266.083333,5.752705719,1.749140792,0.174015244,-1.749140792,35547.58333,366.4841453,4596.071355,0.081389449,11.19625208,55.79745568,31.52331989,17.82299332,5291.196382,0.904534034,44.59608286,63.35087476,125.7178177,1013.716699,157.1545032,0.19573572,0.033973615,0.005902565,0.033973615,1090.218949,80.03,19.97,1,79.63,3.98,39.82,3.98,3.684369299,0.368251879,4.4556,17.985,0.8305,0.2072,0.8468,0.0192,0.0796,414
Bird Island,BI10,BI10.10,400,391.6,392.7,392.1,0.55,4753,5262,5046,5037,254,0.09266,0.00481,21162.08333,81518.66667,1.4075,13.91666667,238,64.91666667,26.08333333,45555.41667,45,41.58333333,226.4166667,505.0833333,27177.16667,4895.916667,5.551647001,1.713197773,0.180451133,-1.713197772,32073.08333,979.8658033,6772.886807,0.082033807,12.70260055,31.65151153,17.23346814,19.21863837,6689.42368,94.27426141,58.45815649,68.7901398,102.2852147,1603.878982,200.8579137,0.244776643,0.04430947,0.008031365,0.04430947,1743.862352,80.2,19.8,0.99,78.55,3.93,39.28,3.93,3.670715483,0.367258448,4.7687,19.2988,0.9692,0.2392,0.9801,0.0222,0.092,414.9
Bird Island,BI10,BI10.10,401,392.9,393.9,393.4,0.525,4775,5268,5060,5051,247,0.09274,0.00465,22439.72727,73721.27273,1.428181818,24.72727273,257.5454545,80.90909091,50.18181818,31069.36364,19.63636364,48.90909091,276.0909091,621,32983.18182,5442.454545,6.062638916,1.801875717,0.165033324,-1.801875716,38425.63636,402.8533457,4578.896113,0.053069423,12.54664026,25.55920044,17.09066731,20.14357556,6173.229678,24.051082,56.6347147,79.76020881,122.2636495,1521.855237,264.4728204,0.14804932,0.024311741,0.003994307,0.02431174,1756.269585,79.1,20.9,1.04,77.03,3.85,38.52,3.85,3.651177587,0.364928186,4.4556,18.0741,0.9455,0.2498,1.0257,0.0232,0.0963,415.7
Bird Island,BI10,BI10.10,402,394.1,395.1,394.6,0.5,4793,5280,5073,5064,244,0.09266,0.00457,20535.72727,59400.09091,1.338181818,13.09090909,207.3636364,59,38.81818182,15702.72727,13.45454545,50.36363636,442.3636364,712.0909091,33648.36364,5483.727273,6.136499636,1.814044601,0.163027429,-1.814044601,39132.09091,937.7321676,3163.322635,0.081341033,10.50194787,42.37280431,14.38749457,26.14122484,3275.080093,18.41392754,58.11931302,83.83707143,90.95323474,1423.903387,211.4001376,0.132529248,0.021434666,0.003468055,0.021434665,1611.065452,78.63,21.37,1.07,74.99,3.75,37.5,3.75,3.624340933,0.362434093,4.4279,18.0104,0.9818,0.2668,1.0986,0.0247,0.103,416.7
Bird Island,BI10,BI10.10,403,395.3,396.4,395.8,0.525,4812,5285,5088,5077,237,0.09266,0.00444,19495.66667,56634.41667,1.331666667,7.75,178.9166667,33.25,36.16666667,16247.25,0.272727273,37.58333333,295.25,603.3333333,31109,5164.083333,6.026119385,1.795874205,0.166020445,-1.795874206,36273.08333,447.5503696,2259.835451,0.092425236,5.971523332,30.1042381,26.49914235,21.81672975,1764.023197,0.904534034,64.04183055,71.10955057,90.76576581,896.3808038,168.6046793,0.134481037,0.022375042,0.003724956,0.022375042,1028.034087,77.71,22.29,1.11,78.71,3.94,39.36,3.94,3.672750072,0.367648254,3.9894,16.2527,1.076,0.3086,1.2728,0.0286,0.1193,417.2
Bird Island,BI10,BI10.10,404,396.5,397.5,397,0.5,4827,5297,5102,5090,235,0.09274,0.0044,20163.36364,63950.27273,1.371818182,22,227.6363636,69.90909091,50.54545455,23401.27273,65,30.27272727,302.6363636,630.1818182,30928.81818,5221.545455,5.923964062,1.778823635,0.168867642,-1.778823635,36150.36364,438.3590475,3483.377128,0.094108255,11.43678276,25.62527162,26.12069886,16.75925796,3635.656477,55.3714728,59.19305856,87.85473548,83.68132191,1096.203432,172.3214227,0.118153515,0.02005895,0.003406533,0.02005895,1243.225826,77.87,22.13,1.11,79.66,3.98,39.83,3.98,3.684620397,0.368184514,4.1527,16.9677,0.8884,0.2525,1.0442,0.0234,0.0979,418.3
Bird Island,BI10,BI10.10,405,397.7,398.7,398.2,0.5,4842,5320,5117,5103,239,0.09266,0.00445,21256.72727,61756.09091,1.356363636,25.18181818,226.8181818,65.09090909,48.27272727,16659.09091,52.45454545,50.45454545,523.2727273,711.5454545,34677.81818,5523.545455,6.281700235,1.837301227,0.15930001,-1.837301227,40201.36364,506.620586,1690.577502,0.112363048,11.82216716,17.89311701,23.86400866,19.4837928,1468.428647,49.98072356,45.22248033,118.7536028,79.67730371,284.5697869,129.2187012,0.172743165,0.027242867,0.004299138,0.027242867,274.5622963,75.17,24.83,1.24,76.75,3.84,38.37,3.84,3.647275904,0.365012757,3.8862,15.9122,0.8903,0.2942,1.2191,0.0273,0.1143,419.3
Bird Island,BI10,BI10.10,406,398.9,399.9,399.4,0.5,4856,5339,5130,5116,241,0.07782,0.00377,22362.45455,64054.09091,1.347272727,25.27272727,304.5454545,73.36363636,42.90909091,17770.18182,85.45454545,21.45454545,445.2727273,731.0909091,35734,5731.727273,6.235596547,1.830161946,0.160405479,-1.830161945,41465.72727,493.5046836,3371.893132,0.04360984,14.38812642,23.01027438,22.61093862,15.39775663,2874.961906,47.21093864,50.37531863,75.7074513,76.10315965,876.8883623,159.4886146,0.098359697,0.01569107,0.002503625,0.01569107,1013.014619,78.4,21.6,1.08,72.89,3.64,36.45,3.65,3.595941458,0.360087416,3.7994,15.5927,0.9558,0.2634,1.094,0.0205,0.0861,420.2
Bird Island,BI10,BI10.10,407,400.1,401.1,400.6,0.5,4886,5357,5146,5132,236,0.06708,0.00316,21814.72727,62518.90909,1.394545455,17.18181818,228.5454545,57.27272727,39.63636364,17579.18182,131.1818182,49.45454545,412.8181818,749.9090909,34855.09091,5668.363636,6.149727292,1.816177537,0.16268316,-1.816177537,40523.45455,614.3927231,1901.018751,0.065933851,10.60960114,27.8867841,17.64704456,24.69523325,1834.747984,76.85026764,49.14745901,77.02313702,67.20335489,1025.410401,138.3837221,0.139451129,0.022419821,0.00360671,0.022419822,1121.896819,79.63,20.37,1.02,52.23,2.61,26.11,2.61,3.262318383,0.326106893,4.1527,17.0923,0.9704,0.2483,1.0344,0.0167,0.0702,421.3
Bird Island,BI10,BI10.10,408,401.3,402.2,401.8,0.45,4917,5374,5162,5149,228,0.06707,0.00305,22929.1,68718.7,1.429,14.1,252,72,46.6,21814,181.5,40.6,432.9,732.4,36300.9,5859.3,6.197626099,1.823923193,0.1614305,-1.823923193,42160.2,672.4103327,2663.07404,0.115609496,7.279346735,35.46202977,15.18039672,24.56374926,1852.785411,68.52452927,62.55344382,123.7187222,115.2679969,972.9982814,181.0899408,0.144201227,0.023233023,0.003744119,0.023233023,1105.243342,80.62,19.38,0.97,80.29,4.01,40.15,4.02,3.69262244,0.369722097,3.6566,15.0852,1.1062,0.266,1.1107,0.0178,0.0753,422.1
Bird Island,BI10,BI10.10,409,402.4,403.4,402.9,0.5,4942,5388,5177,5166,223,0.06708,0.00298,22634.54545,67809.27273,1.351818182,21.45454545,286.5454545,59.90909091,48.18181818,21187,217,39.27272727,335.4545455,764.1818182,36193.27273,5769,6.27511851,1.836479459,0.159395277,-1.836479459,41962.27273,1327.060689,5062.429952,0.084239917,11.44869981,50.62087245,24.98581416,23.51092589,3415.85954,80.38532204,50.57289968,66.33002885,79.24748347,1307.141392,226.5241709,0.099612373,0.015704938,0.002476841,0.015704939,1517.968517,81.92,18.08,0.9,78.9,3.94,39.45,3.95,3.675034047,0.367969189,4.1527,17.1754,0.9977,0.2201,0.9215,0.0148,0.0625,423
Bird Island,BI10,BI10.10,410,403.6,404.6,404.1,0.5,4964,5400,5194,5184,218,0.06708,0.00291,22152.54545,63256,1.371818182,15.54545455,263.8181818,55.45454545,49.63636364,17395.09091,90,14.72727273,468.5454545,649.5454545,35577,5707.909091,6.231962371,1.828993187,0.160688967,-1.828993187,41284.90909,826.89254,5937.454791,0.082561272,13.95251688,35.97726555,45.24237756,26.94539934,6061.014692,75.91969441,19.25663994,152.3774023,96.43377379,1739.518497,133.0311652,0.242405463,0.039337278,0.006391078,0.039337279,1825.559994,81.46,18.54,0.93,80.77,4.04,40.39,4.04,3.69858223,0.369949795,3.9741,16.4725,1.0007,0.2278,0.9555,0.0153,0.0648,423.8
Bird Island,BI10,BI10.10,411,404.8,405.8,405.3,0.5,4981,5416,5212,5202,217,0.06708,0.00289,22227.09091,75091.72727,1.403636364,11.72727273,340,44.81818182,40.90909091,32617.45455,279.2727273,21,352.5454545,627.1818182,32336.09091,5476.090909,5.903379371,1.774935324,0.169596209,-1.774935324,37812.18182,941.5561008,4809.661258,0.111917177,3.926599269,60.40860866,13.75367719,20.44238022,4956.930509,58.23931818,35.17385393,90.78145586,91.59892814,1729.657276,172.3510688,0.210694165,0.036181967,0.006219674,0.036181966,1865.07216,81.14,18.86,0.94,77.43,3.87,38.72,3.87,3.656356262,0.365446765,4.1527,17.2584,0.9728,0.2261,0.9508,0.0152,0.0644,424.9
Bird Island,BI10,BI10.10,412,406,407,406.5,0.5,4997,5431,5231,5220,217,0.06709,0.00287,22720.27273,70316.81818,1.347272727,21.27272727,295.8181818,67.72727273,41.54545455,24108.18182,155,60.27272727,428.9090909,716.2727273,35636.81818,5757.545455,6.190485235,1.822887888,0.161578694,-1.822887887,41394.36364,738.3717344,3647.09876,0.118244738,21.57818764,36.8695489,20.20440996,24.89724337,3366.80884,59.62717501,67.11347243,73.9695269,89.68287563,834.2531772,141.0186964,0.103177593,0.016599523,0.002671175,0.016599522,946.1151381,77.11,22.89,1.14,72.21,3.61,36.1,3.61,3.586292865,0.358629287,3.7135,15.4613,0.9983,0.2963,1.2484,0.0199,0.0846,425.6
Bird Island,BI10,BI10.10,413,407.2,409,408.1,0.925,5015,5460,5253,5243,222,0.06696,0.00299,22605.84211,66675.94737,1.403684211,35.52631579,304.3157895,100.2631579,52.57894737,18735.73684,122.8421053,81.15789474,664,802.1052632,36572.31579,5931.263158,6.168872824,1.819108754,0.162235734,-1.819108755,42503.57895,470.7822407,1795.304415,0.075660831,18.31929287,30.69754357,15.55578529,15.48589247,3225.883683,93.46316158,75.42933644,162.3066371,112.7297135,1528.179965,255.6090422,0.181695218,0.02926411,0.004717379,0.029264109,1732.332285,78.17,21.83,1.09,75.98,3.8,37.99,3.8,3.637322967,0.363828041,6.713,28.0135,0.4985,0.1392,0.5879,0.0093,0.0398,426.8
Bird Island,BI10,BI10.11,418,407.9,408.9,408.4,0.5,5019,5465,5257,5248,223,0.06708,0.00293,22318.72727,67531.09091,1.405454545,34.18181818,303.0909091,104.1818182,51.72727273,20771.09091,71.72727273,75.18181818,736.7272727,759,35578.63636,5780.727273,6.15747036,1.817248977,0.162538862,-1.817248977,41359.36364,329.316289,1432.184727,0.084777784,21.97643366,28.00162333,10.86110659,16.80530219,2142.604044,58.9085578,77.9997669,138.9093884,103.4398376,969.5654978,162.14937,0.18793929,0.030177385,0.004850118,0.030177384,1048.307328,77.66,22.34,1.12,75.6,3.78,37.8,3.78,3.632309103,0.36323091,4.5216,19.1173,0.8317,0.2393,1.0237,0.0161,0.0694,432.2
Bird Island,BI10,BI10.11,419,409.1,410.2,409.7,0.525,5031,5488,5273,5267,228,0.03072,0.00137,22048.58333,62197.25,1.361666667,41.75,327.3333333,119.8333333,63.83333333,14827.58333,37.83333333,93.75,818,785,35961.91667,5687.25,6.325536973,1.844434385,0.158140043,-1.844434385,41649.16667,379.8077165,2451.277,0.0739574,12.59238587,41.35068062,20.87117775,14.76379683,2024.998113,48.81846397,77.61574934,114.4337839,119.9151215,682.1611991,160.545165,0.118550547,0.018702846,0.002951366,0.018702846,810.4422848,77.26,22.74,1.14,73.34,3.67,36.67,3.67,3.601958982,0.360490577,5.1516,21.8426,0.7917,0.2331,0.9998,0.0072,0.031,433.5
Bird Island,BI10,BI10.11,420,410.4,411.4,410.9,0.5,5080,5521,5310,5306,220,0.02602,0.00111,22371.63636,62657.72727,1.344545455,38.09090909,389.2727273,100.1818182,67.18181818,14203.45455,24.90909091,74.81818182,837.4545455,731.0909091,36794.54545,5817.454545,6.326454411,1.844545077,0.158127929,-1.844545076,42612,345.1287507,2442.711735,0.115703383,10.2806084,30.15987702,22.84652351,20.42458412,2698.022252,43.41533035,59.78765455,107.745407,108.740475,887.7474149,155.1027812,0.1312269,0.020687625,0.003262327,0.020687625,999.156144,79.03,20.97,1.05,74.69,3.73,37.34,3.74,3.620065138,0.362588206,4.712,20.0211,0.8118,0.2154,0.9262,0.0056,0.0243,434.2
Bird Island,BI10,BI10.11,421,411.6,412.7,412.1,0.525,5124,5558,5354,5352,217,0.02602,0.00109,21996.08333,62254,1.358333333,38.41666667,382.3333333,118.9166667,63.08333333,14976.33333,24.75,64.25,840.1666667,737.3333333,35791.16667,5902.083333,6.065579845,1.802339726,0.164961121,-1.802339726,41693.25,446.3248834,1560.008974,0.086427409,17.75826739,41.86413812,12.42035231,12.36165871,1354.106168,33.27331718,59.8363298,116.6017568,100.399505,758.1496414,107.019504,0.1516975,0.025255148,0.004207762,0.025255148,784.603794,80.92,19.08,0.95,54.9,2.75,27.45,2.75,3.312366168,0.331839962,4.9476,21.0717,0.8656,0.2041,0.8795,0.0053,0.0231,435.1
Bird Island,BI10,BI10.11,422,412.9,413.9,413.4,0.5,5159,5627,5402,5402,234,0.02602,0.00116,22791.63636,68452.72727,1.427272727,36.18181818,376.8181818,113.9090909,60.90909091,20904.18182,67.63636364,49.63636364,643.2727273,756.2727273,36062.27273,5889,6.125844473,1.812263844,0.163325619,-1.812263844,41951.27273,383.8078354,3473.595633,0.060347479,12.90595352,49.6222091,64.95606907,25.71557717,4041.78047,35.07498461,60.95616905,123.2583392,70.66978266,769.0993552,155.0019355,0.143999417,0.023620727,0.00387719,0.023620729,859.7349697,71.76,28.24,1.41,72.3,3.61,36.15,3.62,3.587676949,0.359263916,4.0629,17.3302,0.8526,0.3355,1.4479,0.0087,0.0381,436
Bird Island,BI10,BI10.11,423,414.1,415,414.5,0.475,5186,5695,5441,5445,254,0.02602,0.00125,22222.6,64185,1.406,25.4,325.5,76.2,44.8,17082.5,63,53.8,595.9,742.4,35848.4,5888.1,6.088012406,1.806198461,0.16429774,-1.806198461,41736.5,900.9627197,3183.307085,0.08566083,13.84998997,63.19854077,39.25642198,24.88105035,2645.665858,40.02776814,52.11269839,181.6904877,119.6766013,1273.013939,176.3333018,0.100626561,0.016554782,0.002724019,0.016554781,1431.613484,79.24,20.76,1.04,76.22,3.81,38.11,3.81,3.640476715,0.363952146,3.7754,16.1397,0.9467,0.248,1.0727,0.0065,0.0282,437.3
Bird Island,BI10,BI10.11,424,415.2,416.2,415.7,0.5,5209,5782,5484,5491,287,0.02602,0.00139,22334.63636,64506,1.386363636,19.63636364,308.5454545,62.72727273,45.54545455,16910,114.6363636,41.90909091,524.8181818,789.8181818,36449.09091,5809.727273,6.274097317,1.836319961,0.159420483,-1.836319961,42258.81818,291.905215,2806.30116,0.075269214,4.201731245,30.52986615,19.53505008,16.76522375,3384.101949,62.61033897,56.58348619,128.4794288,91.25767714,826.601047,112.2800881,0.097327902,0.015542278,0.002482543,0.015542278,912.4289362,82.02,17.98,0.9,76.44,3.82,38.22,3.82,3.643358939,0.364145242,4.5216,19.3886,0.8476,0.1858,0.8061,0.0048,0.0212,439.1
Bird Island,BI10,BI10.11,425,416.4,417.4,416.9,0.5,5225,5869,5528,5537,322,0.02602,0.00155,22084.72727,59305.45455,1.335454545,27.90909091,330.8181818,90.09090909,56.18181818,9676.272727,21.18181818,42.27272727,736.0909091,860.5454545,38041.90909,6002.363636,6.341278005,1.846585109,0.157853393,-1.846585108,44044.27273,514.527568,1210.482661,0.068900455,15.68728495,37.34653446,23.06276022,20.23767863,2338.777334,27.64712709,48.22051619,124.3160927,68.94108156,1307.499098,216.0464176,0.209066914,0.033029609,0.005225101,0.033029609,1438.325282,81.15,18.85,0.94,77.13,3.86,38.56,3.86,3.65221547,0.365600408,4.5216,19.4338,0.9139,0.2123,0.9232,0.0055,0.0243,440.7
Bird Island,BI10,BI10.11,426,417.6,418.6,418.1,0.5,5244,5960,5573,5583,358,0.02602,0.0017,20325.54545,67076,1.36,19.63636364,278.6363636,58.72727273,48.09090909,27039.36364,60.90909091,49.18181818,614.1818182,665.3636364,30309.45455,5163.363636,5.866284168,1.768808286,0.170606465,-1.768808285,35472.81818,766.0884236,3861.676786,0.073620649,9.922426389,35.17178621,19.13682789,15.14895736,5342.316899,33.03771949,56.38052533,124.5711188,115.3657425,1901.134207,202.0822965,0.176988896,0.030137679,0.005136255,0.030137678,2089.07079,79.13,20.87,1.04,74.51,3.73,37.25,3.73,3.617651945,0.362250785,4.0629,17.4927,0.9097,0.2399,1.0449,0.0062,0.0276,442.1
Bird Island,BI10,BI10.11,427,418.8,419.8,419.3,0.5,5262,6053,5615,5629,395,0.02434,0.00174,21627.63636,57432.45455,1.314545455,30.18181818,309.8181818,81.81818182,63.27272727,8806,29.72727273,34.18181818,806.7272727,809.8181818,37563.09091,5796.909091,6.477614268,1.86784349,0.154534674,-1.86784349,43360,415.4121502,2641.850502,0.085832818,12.66347647,26.2328732,20.66309842,21.37330536,4644.070068,58.68064572,54.24724543,122.680961,104.8530574,1990.723861,177.0008218,0.21713381,0.03342423,0.005148403,0.03342423,2136.783424,77.55,22.45,1.12,70.09,3.5,35.05,3.51,3.556775613,0.356184947,3.9741,17.1481,0.974,0.2819,1.2305,0.0069,0.0304,443.6
Bird Island,BI10,BI10.11,428,420.1,421.1,420.6,0.5,5311,6116,5666,5683,403,0.02263,0.00163,22296.09091,73887.36364,1.522727273,19.36363636,261.5454545,71.72727273,45,29189.72727,28.45454545,99.45454545,441.0909091,750.1818182,34195.81818,5619.909091,6.086640478,1.805781317,0.164398403,-1.805781316,39815.72727,498.2068756,4689.902649,0.128225653,9.510759457,26.65469428,12.92355144,20.10969915,4684.219489,25.35887867,72.67649364,96.95819155,94.22082379,908.7706881,146.9839818,0.159266736,0.026403608,0.004380575,0.026403607,989.5473805,80.16,19.84,0.99,78.73,3.94,39.37,3.94,3.673004105,0.367580294,4.6163,19.9816,0.9097,0.2252,0.986,0.0051,0.0227,445.1
Bird Island,BI10,BI10.11,429,421.3,422.3,421.8,0.525,5398,6127,5718,5736,365,0.02263,0.00147,21286.63636,64258.54545,1.345454545,18.18181818,271,82.09090909,46.18181818,20267,3.727272727,52.18181818,432,692.3636364,33971.36364,5578.818182,6.090385311,1.806551729,0.164245431,-1.806551729,39550.18182,395.9147061,1992.203171,0.038043038,15.21721513,51.99423045,38.6457101,17.94334518,1814.992231,12.36196513,77.00755571,118.6094431,70.03609459,490.8925081,84.90797157,0.114608121,0.01870039,0.003052151,0.018700391,515.2703792,79.2,20.8,1.04,76.92,3.85,38.46,3.85,3.64961874,0.36534145,5.2551,22.8098,0.8462,0.2223,0.976,0.005,0.0224,445.5
Bird Island,BI10,BI10.11,430,422.5,423.5,423,0.5,5475,6141,5770,5789,333,0.02263,0.00133,21518,64805.45455,1.39,17.54545455,277.9090909,75.90909091,42.36363636,21085.45455,25.63636364,17.27272727,337.1818182,683.6363636,33871.81818,5503.454545,6.156110193,1.81722691,0.162511393,-1.817226909,39375.27273,398.107272,3126.898699,0.11045361,10.92120539,22.82303462,31.77563389,20.07621841,2901.946497,25.55101848,32.06895979,74.9130405,99.86718453,551.5117076,96.41303194,0.134405097,0.021949051,0.003585619,0.021949051,574.435913,79.29,20.71,1.04,80.58,4.03,40.29,4.03,3.696103299,0.369702067,3.7994,16.5046,0.9588,0.2503,1.1,0.0057,0.0252,445.3
Bird Island,BI10,BI10.11,431,423.7,424.8,424.3,0.55,5542,6158,5839,5846,308,0.02263,0.00122,21476,65995.25,1.3975,12.08333333,230.6666667,58.16666667,46.75,22596.58333,0.272727273,36.16666667,304.25,661.0833333,33822.25,5548.833333,6.097322903,1.807416959,0.164149379,-1.80741696,39371.08333,484.4807905,2616.775084,0.080805603,12.17641784,41.26264728,16.15737002,20.640318,2881.334712,0.904534034,54.49576019,109.952159,98.96414257,908.7795137,120.1058876,0.186181965,0.030831854,0.005111531,0.030831854,941.9266,78.93,21.07,1.05,82.46,4.12,41.23,4.12,3.719166147,0.371645999,4.5679,19.8978,0.8361,0.2232,0.9832,0.005,0.0225,446
Bird Island,BI10,BI10.11,432,425,426,425.5,0.475,5588,6176,5902,5899,294,0.02263,0.00115,22019.81818,63941.72727,1.384545455,17.36363636,249.5454545,63.90909091,40.27272727,18369.18182,1.454545455,61.63636364,299.9090909,759.6363636,35570.18182,5631.363636,6.318331091,1.842855501,0.158460388,-1.842855501,41201.54545,512.1524808,3050.000855,0.066837659,10.76357494,29.77705035,18.34368854,21.7811428,5016.674891,4.824181513,62.92578601,43.5487188,62.60075515,1935.598193,270.0745352,0.22864056,0.036396799,0.005809798,0.036396798,2148.243439,78.98,21.02,1.05,77.65,3.88,38.83,3.88,3.659193144,0.365636606,3.7754,16.4794,0.8833,0.235,1.0376,0.0053,0.0238,446.6
Bird Island,BI10,BI10.11,433,426.2,427.2,426.7,0.5,5627,6198,5965,5952,286,0.02263,0.00111,22295.63636,61113.81818,1.336363636,19.27272727,250.7272727,64.90909091,49,12535.90909,14.90909091,41.63636364,398.5454545,747.7272727,37932,5982.363636,6.347552761,1.847633957,0.15767907,-1.847633958,43914.36364,556.8556856,2820.290262,0.060211748,10.27707068,35.88618372,26.62876094,17.08800749,1700.863984,23.37714502,64.30438978,93.37276223,88.00692122,883.8653744,266.8820986,0.195334575,0.031039366,0.004936979,0.031039365,1098.96663,80.38,19.62,0.98,79.62,3.98,39.81,3.98,3.684118137,0.368319271,3.8862,17.0004,0.9159,0.2236,0.9894,0.0051,0.0226,447.4
Bird Island,BI10,BI10.11,434,427.4,428.4,427.9,0.5,5659,6234,6027,6005,287,0.02263,0.00111,22240.72727,61345.27273,1.359090909,34.18181818,277.6363636,75.54545455,50.63636364,13482.72727,15.18181818,72.81818182,408.5454545,734.3636364,36944.09091,5806.454545,6.364422216,1.850482461,0.157199153,-1.850482462,42750.54545,582.776302,2648.241798,0.052811844,8.646596808,25.50008913,17.50064934,18.17840877,2945.667466,28.84377986,65.88902516,95.39954259,123.8654695,1318.518066,216.6214965,0.146643024,0.023018518,0.003614875,0.023018519,1496.817849,78.35,21.65,1.08,80.43,4.02,40.21,4.02,3.694115721,0.369319702,4.4279,19.4274,0.857,0.2368,1.0508,0.0054,0.024,448.6
Bird Island,BI10,BI10.11,435,428.6,429.6,429.1,0.475,5693,6283,6087,6058,295,0.02556,0.00127,22771.36364,63710.72727,1.354545455,45.45454545,323.9090909,97.90909091,40,14295.27273,54.27272727,79.72727273,465.7272727,787.5454545,37963.45455,5978.818182,6.354914175,1.8487782,0.157499689,-1.848778199,43942.27273,555.3525498,2925.706345,0.092559563,18.33774052,33.56919584,24.08092417,15.73531061,2894.966808,50.14596875,80.94700848,63.1570913,83.04380005,521.4511221,190.3322454,0.200830564,0.03140621,0.004914552,0.03140621,599.3474937,78.3,21.7,1.09,74.72,3.74,37.36,3.74,3.620600613,0.362447706,3.8597,16.9654,0.8925,0.2474,1.0997,0.0063,0.0284,449.5
Bird Island,BI10,BI10.11,436,429.8,430.8,430.3,0.5,5726,6331,6136,6105,302,0.04186,0.00212,22916.27273,63730.45455,1.385454545,40.81818182,300.5454545,101.9090909,60.90909091,14206.27273,28.72727273,58.72727273,397.9090909,766.0909091,37992.45455,6061.636364,6.270633216,1.835605281,0.159560418,-1.835605282,44054.09091,532.8480254,1356.364432,0.094906653,13.02933753,38.83391208,28.35297002,24.6797672,1519.857631,39.28636127,42.79740859,60.94334179,112.7727401,1104.27518,216.4150054,0.15326472,0.024478151,0.003912604,0.02447815,1271.370635,78.23,21.77,1.09,77.44,3.87,38.72,3.87,3.656356262,0.365446765,3.7994,16.7326,0.9373,0.2608,1.1617,0.0109,0.0492,450.5
Bird Island,BI10,BI10.11,437,431,431.9,431.4,0.475,5792,6337,6159,6131,272,0.04186,0.00191,23179.8,64933.3,1.346,44.6,293.5,115.1,45.1,15289.1,15.4,51.2,359.6,759,38155.5,5939.1,6.427169862,1.860185435,0.155698731,-1.860185434,44094.6,456.1271265,2225.327244,0.081404341,25.36927275,29.47786363,28.73808932,17.19463741,1837.202429,26.09044099,55.07933672,91.75111262,89.24622619,945.8704692,169.4615328,0.177892744,0.027927515,0.004387913,0.027927514,1031.583486,77.4,22.6,1.13,80.31,4.02,40.15,4.02,3.69262244,0.369722097,3.6919,16.298,0.9043,0.264,1.1786,0.011,0.0498,451
Bird Island,BI10,BI10.11,438,432.1,433.1,432.6,0.5,5852,6348,6184,6160,248,0.04186,0.00173,22615.54545,63676.45455,1.353636364,43.27272727,297.8181818,127.1818182,53.27272727,14088.54545,24.63636364,117.1818182,433.0909091,765.3636364,37768.18182,6011.090909,6.281691026,1.837441981,0.159255633,-1.837441981,43779.27273,799.6074491,2634.268679,0.082252383,13.5800656,22.9338971,25.62349774,18.7674767,1855.732112,29.28915406,64.5969321,85.41598743,86.37160729,1739.262017,207.094401,0.130811456,0.020834493,0.003319796,0.020834492,1928.284216,75.43,24.57,1.23,78.93,3.95,39.47,3.95,3.67554089,0.367833456,4.3352,19.1918,0.8823,0.2873,1.2863,0.012,0.0543,451.8
Bird Island,BI10,BI10.11,439,433.3,434.3,433.8,0.5,5915,6357,6209,6189,221,0.04186,0.00154,23473.18182,71284.81818,1.418181818,61.45454545,367.8181818,172.0909091,58.81818182,21753.90909,68.81818182,59,508.4545455,780.1818182,37237.72727,6080.909091,6.124387367,1.811824781,0.163429552,-1.811824781,43318.63636,325.1522161,3498.309215,0.06630508,13.04119348,29.02694673,38.28956658,20.37556469,4408.293785,63.1946488,52.77688888,87.79221336,99.58796934,1323.97697,137.3509771,0.194090146,0.031560112,0.005137827,0.031560112,1394.715044,75.06,24.94,1.25,76.93,3.85,38.47,3.85,3.649878717,0.3652725,2.6145,11.5733,0.947,0.3147,1.4085,0.0132,0.0594,451.3
Bird Island,BI10,BI10.11,440,434.5,435.5,435,0.5,5965,6370,6237,6217,202,0.04185,0.00141,23363.36364,68669.63636,1.386363636,49.09090909,350.4545455,178.2727273,58.36363636,17895.81818,38.54545455,98.18181818,575.0909091,869.7272727,38424.63636,6007.636364,6.398796592,1.855950782,0.156329184,-1.855950782,44432.27273,491.0945475,5487.795683,0.074869584,20.14673445,26.51928972,29.60436086,16.43942047,6048.887035,41.55565819,80.80324026,73.69457856,66.97177153,871.6477812,203.9010901,0.11962952,0.018720819,0.002930524,0.01872082,1051.059569,76.4,23.6,1.18,77.88,3.89,38.94,3.9,3.662022,0.366766456,3.9741,17.6647,0.9408,0.2906,1.3064,0.0122,0.0551,452.9
Bird Island,BI10,BI10.11,441,435.8,436.8,436.3,0.5,6014,6385,6279,6248,185,0.04186,0.00129,22991.81818,65676.63636,1.324545455,40.90909091,349.8181818,124.5454545,50.36363636,16080,25.54545455,93.45454545,463.9090909,841.4545455,37800.54545,6014.545455,6.287310572,1.838222493,0.159149524,-1.838222493,43815.09091,850.2581747,2816.543068,0.061051394,15.06289843,48.31111297,26.78568139,20.93452998,2176.402812,23.14460471,63.90362061,93.88552023,110.6935984,1573.316584,262.668751,0.164307882,0.026164193,0.004168407,0.026164193,1792.974704,78.77,21.23,1.06,80.98,4.05,40.49,4.05,3.70105503,0.37019691,4.0629,18.1021,0.9465,0.2551,1.1493,0.0107,0.0484,453.6
Bird Island,BI10,BI10.11,442,437,438,437.5,0.5,6041,6412,6300,6277,186,0.04186,0.00129,22416.36364,63765.63636,1.414545455,33.72727273,322.2727273,106.4545455,54.90909091,15665.90909,9.363636364,30.81818182,440.6363636,789.3636364,36808.09091,5829.818182,6.316012019,1.842702451,0.158449489,-1.842702451,42637.90909,490.4217109,6012.621995,0.109577702,12.45865891,47.21883291,15.52651691,12.89538325,6368.1338,15.53880772,45.60881095,66.52108347,84.09669759,716.2726373,102.7344326,0.184548368,0.02907728,0.004584494,0.02907728,700.8495494,78.76,21.24,1.06,77.67,3.88,38.84,3.88,3.659450643,0.36556819,3.9741,17.7442,0.9434,0.2544,1.1488,0.0106,0.0484,454.6
Bird Island,BI10,BI10.11,443,438.2,439.3,438.7,0.55,6060,6458,6321,6306,199,0.04185,0.00137,21705.58333,62291.08333,1.386666667,27.83333333,320.0833333,105.1666667,46.83333333,16872.66667,13.66666667,31.58333333,401.3333333,635,34770.33333,5511.416667,6.310234631,1.841956019,0.158541358,-1.841956019,40281.75,324.5456848,3058.907959,0.053143602,8.788766935,31.8789139,35.54723703,23.59057336,3497.049778,24.18238778,39.24389549,111.5195322,115.1504944,839.4105435,135.1352577,0.137448621,0.02173611,0.003438821,0.02173611,927.1165588,80.03,19.97,1,81.52,4.08,40.76,4.08,3.707701208,0.371133978,4.1793,18.6984,1.0304,0.2572,1.1634,0.0108,0.049,455.7
Bird Island,BI10,BI10.11,444,439.5,440.5,440,0.5,6077,6524,6346,6337,224,0.09592,0.00349,22151,65965.81818,1.396363636,19.90909091,291.7272727,72.09090909,49.18181818,19620.54545,48.54545455,73.27272727,346,676.8181818,35517.63636,5717.818182,6.216166216,1.826873183,0.160961282,-1.826873183,41235.45455,214.8078211,2397.590783,0.127222068,12.31628634,31.8719027,15.30002971,16.2099857,3066.043391,55.4947991,39.27363214,79.20353527,51.61747414,679.1527476,207.2702671,0.153889445,0.024862563,0.004018643,0.024862564,848.1942423,78.66,21.34,1.07,81.56,4.08,40.78,4.08,3.708191765,0.37100104,4.1527,18.6288,0.9564,0.2595,1.1772,0.0249,0.1138,457.2
Bird Island,BI10,BI10.11,445,440.7,441.7,441.2,0.5,6102,6532,6358,6349,215,0.09592,0.00336,22045.45455,67376,1.466363636,11.18181818,294.4545455,79.18181818,55.36363636,23071.54545,26.63636364,39.45454545,453.4545455,658.2727273,34041.72727,5531.909091,6.156214554,1.817280445,0.162496141,-1.817280445,39573.63636,475.4882467,1220.927271,0.086864576,7.096734204,31.73125789,19.37430351,22.58438721,1664.805956,40.59623807,43.031067,105.2049083,86.01289544,1096.48895,216.5933769,0.12381607,0.019928493,0.003208946,0.019928494,1288.170584,79.78,20.22,1.01,82.27,4.11,41.14,4.11,3.716980884,0.37133669,3.7994,17.0745,0.9785,0.248,1.1271,0.0238,0.1089,457.9
Bird Island,BI10,BI10.11,446,441.9,442.9,442.4,0.5,6120,6541,6371,6362,211,0.09601,0.00329,22241,68263.54545,1.354545455,22.45454545,361.3636364,86.36363636,44.09090909,22862.27273,33.27272727,25,672.7272727,686.1818182,34275.54545,5509.636364,6.221582057,1.827886135,0.160775298,-1.827886134,39785.18182,395.7552274,2711.668798,0.049063966,16.00227257,27.49280898,31.8002287,17.35197133,3125.969644,45.58967188,37.06480811,107.8861353,109.5881546,997.1752467,151.4141821,0.108246851,0.017445554,0.002812276,0.017445554,1123.919198,80.88,19.12,0.96,89.27,4.46,44.63,4.46,3.798406279,0.379585301,4.0629,18.3052,1.0143,0.2398,1.0925,0.023,0.1057,459
Bird Island,BI10,BI10.11,447,443.1,444.2,443.7,0.575,6140,6551,6385,6375,206,0.09594,0.00322,21392.25,64740,1.375833333,51.58333333,431.0833333,165.1666667,65.83333333,20971.66667,55.66666667,49.58333333,690.4166667,664.1666667,32570.16667,5410.916667,6.017110311,1.794205132,0.16632614,-1.794205132,37981.08333,563.9039449,2354.927523,0.097277329,15.64061341,45.36409941,33.04496477,19.64148362,3928.029863,28.63352559,43.87680757,173.045164,95.13515107,1886.059087,222.5053455,0.178549908,0.029587445,0.004906329,0.029587445,2083.671299,69.14,30.86,1.54,60.79,3.04,30.4,3.04,3.414442608,0.341444261,4.173,18.8326,0.6998,0.3124,1.4254,0.03,0.1378,459.7
Bird Island,BI10,BI10.11,448,444.5,445.6,445,0.55,6157,6564,6398,6389,204,0.09594,0.00318,22260.08333,68762.41667,1.444166667,51.58333333,393.4166667,138.4166667,71.33333333,23773.33333,16.58333333,78.5,426.4166667,673.75,33928.91667,5603.166667,6.04893756,1.799237574,0.165529528,-1.799237574,39532.08333,866.3814464,3153.700379,0.10308499,9.829994297,39.07907679,21.15079338,28.32067453,3871.674957,23.99037054,59.70457573,114.798209,83.92001062,2618.800158,251.8227491,0.229291028,0.037324073,0.006083264,0.037324073,2854.281806,73.42,26.58,1.33,83.76,4.19,41.88,4.19,3.734808386,0.373659196,4.4692,20.2251,0.8199,0.2968,1.358,0.0285,0.1312,460.9
Bird Island,BI10,BI10.11,449,445.8,446.8,446.3,0.525,6176,6580,6410,6403,202,0.09592,0.00314,24876.81818,74235.36364,1.415454545,48.18181818,365.3636364,122,68.63636364,20380.36364,6.272727273,50.81818182,388.0909091,883.5454545,41371.81818,6320.181818,6.549980304,1.879023621,0.15280435,-1.879023621,47692,436.1939519,4361.956792,0.091800178,14.94535501,40.27722117,27.53906316,28.28523547,4768.460764,11.88352565,52.6475416,76.55776191,124.3103887,830.7278517,176.9643005,0.20622768,0.03084685,0.004619234,0.030846851,885.3567642,80.05,19.95,1,86.26,4.31,43.13,4.31,3.764218811,0.376160053,4.1728,18.9235,0.9091,0.2265,1.0387,0.0217,0.1003,461.8
Bird Island,BI10,BI10.11,450,447,448,447.5,0.5,6190,6599,6422,6415,204,0.096,0.00316,25046.63636,72663.72727,1.369090909,50.18181818,367.9090909,125.5454545,86.27272727,17938.63636,24.09090909,56.72727273,378.0909091,885.3636364,42151.18182,6381.272727,6.613561656,1.888405716,0.151419531,-1.888405715,48532.45455,526.2450518,3754.548604,0.097411965,14.62065786,25.64158554,38.16638216,40.8854275,3445.887673,33.24892343,57.31856751,115.1793858,122.1771441,568.283524,229.3944598,0.264814615,0.0395425,0.005913277,0.039542501,598.7464177,80.82,19.18,0.96,87.82,4.39,43.91,4.39,3.782142085,0.378128074,3.8862,17.661,0.9945,0.236,1.0842,0.0227,0.1048,462.7
Bird Island,BI10,BI10.11,451,448.2,449.2,448.7,0.5,6200,6615,6433,6428,208,0.09592,0.0032,25139.72727,69156.27273,1.389090909,32.81818182,350.8181818,90.90909091,51.36363636,14080.81818,2.818181818,71.09090909,353,886.4545455,42869.09091,6378.818182,6.723108318,1.905322005,0.148809046,-1.905322006,49247.90909,321.7238228,2278.762036,0.036729973,8.986859093,37.04002749,18.58200498,25.30325168,2607.111191,7.833494518,64.11155051,77.88452991,107.988299,508.2677355,139.4423309,0.150090794,0.022476058,0.003366913,0.022476059,555.2504758,76.82,23.18,1.16,76.25,3.81,38.12,3.81,3.640739079,0.363882893,3.7994,17.3025,0.7974,0.2406,1.1075,0.0231,0.107,463.7
Bird Island,BI10,BI10.11,452,449.4,450.4,449.9,0.5,6211,6641,6444,6440,215,0.09852,0.0034,23235.4,66736.5,1.315,23,278.4,89.9,48.6,16809.1,19.1,44.4,354.5,818.7,38912.4,5956.5,6.50086864,1.87005119,0.154408974,-1.870051191,44868.9,2868.539512,5870.770823,0.072149536,9.510228412,48.00740684,30.54850424,20.87635558,1711.449253,33.18784918,38.7189302,101.8007313,137.6759884,5861.435209,552.609416,0.418683612,0.064868837,0.010071763,0.064868836,6406.079135,82.65,17.35,0.87,84.76,4.24,42.38,4.24,3.746676553,0.374844469,3.9741,18.1416,1.0377,0.2178,1.0053,0.0215,0.0998,464.9
Bird Island,BI10,BI10.12,459,449.8,450.8,450.3,0.5,6219,6645,6448,6444,213,0.09962,0.00341,20821.3,61431.8,1.311,24.9,247.4,94.5,37.8,16914.7,9.3,71.3,396.7,726.4,34372,5453.8,6.277157326,1.835451483,0.159764109,-1.835451483,39825.8,2525.582839,4742.302624,0.073854211,7.593125546,41.63385375,31.09215692,20.7835405,1875.732334,23.76762504,59.99453679,100.7814467,109.1647074,5088.669221,483.1107073,0.36721389,0.056371699,0.008674472,0.056371699,5561.541069,74.21,25.79,1.29,72.95,3.65,36.48,3.65,3.596764165,0.359873608,3.062,14.1755,0.8552,0.2972,1.3907,0.0296,0.1395,471.4
Bird Island,BI10,BI10.12,460,451,452.2,451.6,0.575,6243,6654,6460,6457,205,0.09957,0.00329,18680.30769,60010.61538,1.36,28.07692308,243.3076923,106.3076923,34.23076923,22339.53846,9.307692308,84.61538462,450.8461538,585.0769231,28552.53846,4847.923077,5.88777778,1.771846446,0.170195509,-1.771846446,33400.46154,744.1556048,3768.815299,0.111055542,6.588646023,20.07645642,26.80293708,11.33691497,5170.170059,18.53548226,53.45019249,95.57182827,108.6596073,2051.198536,227.1913516,0.277561019,0.047371504,0.00810279,0.047371504,2230.085447,64.74,35.26,1.76,49.79,2.49,24.9,2.49,3.214867803,0.32148678,3.611,16.755,0.7867,0.4284,2.0092,0.0427,0.2015,472.3
Bird Island,BI10,BI10.12,461,452.4,453.6,453,0.6,6271,6663,6472,6471,196,0.09957,0.00314,16602.53846,58318.23077,1.349230769,54.07692308,378.2307692,331.0769231,147.1538462,28176.46154,18.69230769,138.6153846,1027.384615,552.3846154,20744.53846,4311.461538,4.799917888,1.560419413,0.21177954,-1.560419414,25056,1663.480519,4952.950016,0.067510683,13.38818844,80.8807289,160.1241506,78.78541125,2872.323265,27.06900015,74.05576554,360.7417217,90.36273057,3518.186574,324.0870807,0.637304859,0.133356934,0.028275021,0.133356935,3731.190963,43.16,56.84,2.84,13.35,0.67,6.68,0.67,1.899117988,0.190480397,4.4562,20.7372,0.5872,0.7734,3.6377,0.077,0.3646,473.5
Bird Island,BI10,BI10.12,462,453.8,454.9,454.4,0.55,6291,6669,6485,6485,189,0.0995,0.00302,15822.08333,57484.33333,1.355833333,80.08333333,520.75,429.5833333,234.9166667,28526.58333,34,192.9166667,1633.75,548.25,18780.75,4213.333333,4.445004182,1.488327717,0.226534549,-1.488327718,22994.08333,1103.04887,2578.382274,0.076806526,48.29729587,165.258544,213.9509112,142.9236658,3353.568858,32.09644557,68.23816359,231.9538061,65.39964554,2456.866486,283.1374011,0.384910723,0.086928139,0.019760252,0.086928139,2696.733595,54.85,45.15,2.26,9.41,0.47,4.7,0.48,1.547562509,0.158048937,4.2749,19.9401,0.6523,0.537,2.5318,0.0534,0.2535,474.5
Bird Island,BI10,BI10.12,463,455.1,456.1,455.6,0.5,6306,6680,6497,6497,187,0.09959,0.00297,18131.27273,61581.45455,1.359090909,34.81818182,288.5454545,158.6363636,69.81818182,26976.09091,49.18181818,116.6363636,886.0909091,624.8181818,24865.36364,4801.545455,5.16799432,1.639885026,0.194535277,-1.639885026,29666.90909,1108.159473,3559.90352,0.079555584,11.66034461,31.4527062,39.56329796,26.2328732,2241.05852,30.93806129,67.59626133,231.9786432,75.15160435,2593.699261,183.6656547,0.380541083,0.07665906,0.015527259,0.07665906,2762.542903,53.91,46.09,2.3,20.22,1.01,10.11,1.01,2.313525033,0.231123668,4.2434,19.8443,0.6028,0.5155,2.4363,0.0513,0.2441,475.6
Bird Island,BI10,BI10.12,464,456.3,457.3,456.8,0.5,6322,6690,6509,6509,184,0.09954,0.00293,18133.18182,54235.36364,1.310909091,48.90909091,318.0909091,225.3636364,76.72727273,17923.90909,12.36363636,151.2727273,989.1818182,641.3636364,26135.72727,4843.909091,5.400160127,1.685157628,0.185652559,-1.685157628,30979.63636,412.3177945,1804.715838,0.040361998,16.98502014,32.99834707,60.01045363,25.25902179,1333.587077,23.54261127,96.24145771,145.1370512,143.1392837,1059.797725,127.473491,0.284647562,0.052969912,0.009882391,0.052969912,1038.200392,67.98,32.02,1.6,15.08,0.75,7.54,0.76,2.020222182,0.203629822,3.6287,16.993,0.7967,0.3753,1.7761,0.0374,0.1779,476.2
Bird Island,BI10,BI10.12,465,457.6,458.7,458.1,0.55,6333,6707,6522,6522,187,0.09957,0.00297,20723.58333,52309.41667,1.341666667,30.83333333,259,157.0833333,67.16666667,5935.083333,8.25,136.9166667,937.25,796.5833333,35060.66667,5630.166667,6.232358802,1.828643552,0.160807435,-1.828643552,40690.83333,337.0579822,2762.886714,0.086637524,14.60282248,37.95212295,43.51897879,17.55942292,3463.31873,28.57883832,70.39558139,216.9814089,96.60459083,1327.377341,162.4885078,0.309072748,0.049072909,0.007808821,0.049072909,1329.520818,68.15,31.85,1.59,36.06,1.8,18.03,1.81,2.892037037,0.290326513,4.0849,19.1725,0.808,0.3776,1.7913,0.0376,0.1795,477.3
Bird Island,BI10,BI10.12,466,458.9,460.1,459.5,0.6,6348,6730,6536,6537,191,0.09296,0.00283,21021.76923,61500.30769,1.409230769,53.53846154,365.2307692,230.3076923,87.61538462,18699.69231,22.61538462,86.76923077,883.0769231,732.7692308,31750.30769,5434.230769,5.843863218,1.763914506,0.171623359,-1.763914506,37184.53846,693.0401809,2534.170455,0.100868028,18.79989089,36.79029276,50.92213765,27.09409057,1858.864769,26.76608072,76.09988376,171.6291844,88.05599908,1992.312575,182.6281075,0.332376771,0.056436016,0.009602722,0.056436017,2077.431171,68.46,31.54,1.58,39.19,1.96,19.59,1.96,2.975019232,0.297653787,4.1542,19.5331,0.9064,0.4176,1.9843,0.0388,0.1856,478.2
Bird Island,BI10,BI10.12,467,460.3,461.5,460.9,0.575,6373,6745,6549,6552,186,0.08959,0.00266,20672.30769,57902.69231,1.309230769,63.07692308,302.3846154,245.6153846,60.23076923,12322.53846,64.92307692,95.30769231,864.8461538,785.0769231,33956.46154,5784,5.870104734,1.76892609,0.17067745,-1.76892609,39740.46154,860.8274493,2756.035026,0.058660256,23.6095374,40.44036445,48.29344065,20.21613978,1834.773992,39.46826054,71.59420905,196.761635,87.66647168,2168.465841,243.0905181,0.265829321,0.045285133,0.007728536,0.045285134,2346.597878,70.34,29.66,1.48,58.85,2.94,29.43,2.94,3.382014562,0.337856704,3.611,17.0078,0.7717,0.3254,1.5487,0.0292,0.1396,479
Bird Island,BI10,BI10.12,468,461.7,462.7,462.2,0.5,6404,6756,6561,6566,176,0.08962,0.0025,22129.27273,59300.54545,1.338181818,63.36363636,414.1818182,315.1818182,64.36363636,9488.545455,36.81818182,114.9090909,866.9090909,882.3636364,37369.72727,6053.636364,6.175496019,1.820412077,0.161988035,-1.820412078,43423.36364,159.6252429,1613.633624,0.061938386,16.23128293,69.17198592,50.7775899,18.01262184,1688.438412,30.8376983,64.17391144,120.1835717,94.79058258,412.3069466,146.5853149,0.121175156,0.019800182,0.003236456,0.019800182,511.2414836,73.7,26.3,1.32,50.76,2.54,25.38,2.54,3.233961462,0.32365099,3.14,14.8208,0.6473,0.231,1.1019,0.0207,0.0993,479.8
Bird Island,BI10,BI10.12,469,462.9,463.9,463.4,0.5,6429,6767,6573,6579,169,0.08959,0.0024,21096.27273,57828.27273,1.355454545,53,402.0909091,257.0909091,96.18181818,12265.90909,22.18181818,153,791.3636364,733.8181818,33982.45455,5654.090909,6.007923487,1.792284079,0.166712956,-1.79228408,39636.54545,509.362757,3505.868312,0.060887377,14.11382301,53.90260577,54.82600577,19.44642991,4493.61379,32.98429378,114.6385624,133.155753,97.8966988,1933.015746,148.3970718,0.250118586,0.041921552,0.007035102,0.041921552,2045.187686,61.49,38.51,1.93,40.11,2.01,20.05,2.01,2.998229154,0.300570603,3.5448,16.7756,0.8094,0.507,2.4248,0.0454,0.2185,480.9
Bird Island,BI10,BI10.12,470,464.1,465.2,464.7,0.55,6451,6778,6587,6594,164,0.08966,0.00233,21167,58652.25,1.3575,115.8333333,368,237.5,90.5,12436.66667,18.83333333,140.5833333,811.8333333,755.4166667,34609,5741,6.029405304,1.796143689,0.166020816,-1.796143689,40350,891.2559065,2938.890827,0.084973258,99.62186081,72.14631598,65.12016864,28.71015025,2837.26268,20.92772556,130.1205443,175.0541907,88.61608548,1356.574362,160.8047941,0.200701435,0.033133578,0.005475395,0.033133577,1452.288226,65.69,34.31,1.72,57.37,2.87,28.68,2.87,3.356200016,0.335854046,4.1793,19.8268,0.8646,0.4516,2.1648,0.0405,0.1951,482
Bird Island,BI10,BI10.12,471,465.4,466.5,466,0.55,6469,6804,6601,6608,167,0.08959,0.00237,21905.66667,60292.5,1.331666667,34.16666667,302.25,178.5833333,83.83333333,12649.41667,19.66666667,88.91666667,662.8333333,851.6666667,36106.83333,5877.416667,6.141943013,1.814754262,0.16294184,-1.814754262,41984.25,681.338033,2774.879965,0.105385296,11.88454561,62.09541778,46.91086002,19.32889186,2623.917212,27.24078938,65.71074125,217.6773398,80.83803485,1712.784433,178.0962244,0.177208196,0.02915562,0.004800453,0.02915562,1860.410078,75.22,24.78,1.24,43.07,2.15,21.54,2.16,3.069911672,0.307846296,5.0779,24.1633,0.792,0.261,1.2549,0.0234,0.113,483.5
Bird Island,BI10,BI10.12,472,466.8,467.8,467.3,0.525,6487,6822,6615,6623,168,0.08962,0.00237,22125.27273,62336.90909,1.344545455,48.45454545,330.5454545,177.5454545,72.09090909,14661.90909,24.45454545,89.36363636,739.4545455,794.4545455,35848.90909,5992.909091,5.983415291,1.788758029,0.167206411,-1.788758028,41841.81818,469.8853245,3729.440158,0.091034459,21.4772607,35.85348975,47.46443645,19.5573748,3848.944802,33.69974373,61.48865379,136.9024205,73.72565854,576.2951422,105.2686606,0.136120559,0.022623379,0.003762333,0.022623379,594.7733717,76.23,23.77,1.19,69.73,3.49,34.87,3.49,3.551626861,0.355468246,4.6493,22.1655,0.811,0.2529,1.2185,0.0227,0.1098,484.4
Bird Island,BI10,BI10.12,473,468,469,468.5,0.5,6499,6837,6628,6636,169,0.08959,0.00238,21700.81818,60524.81818,1.368181818,60.54545455,348,254.6363636,79.54545455,13298.72727,14.27272727,106.2727273,728.5454545,763.4545455,35545.09091,5872.363636,6.054532884,1.80060609,0.165231288,-1.80060609,41417.45455,481.0698116,3658.022384,0.107407465,36.36581812,89.01909907,134.6434348,20.74301635,3581.090339,17.65271032,68.42527444,110.2736266,106.7439587,724.4017469,138.1124706,0.12868372,0.020927998,0.003405234,0.020927998,809.3609039,76.31,23.69,1.18,72.48,3.62,36.24,3.63,3.590163481,0.359610746,4.3352,20.7091,0.8848,0.2747,1.3259,0.0246,0.1194,485.4
Bird Island,BI10,BI10.12,474,469.3,470.3,469.8,0.525,6511,6858,6642,6651,174,0.02606,0.00071,21663.45455,57518,1.312727273,67,395,188,65.81818182,9203.090909,8.454545455,100.3636364,782.1818182,809.5454545,36714.09091,5875,6.252065368,1.832307038,0.160141393,-1.832307039,42589.09091,499.9970727,1849.244765,0.064666979,40.97316195,52.08454665,100.3583579,20.00908884,1828.123215,12.72292133,76.85085911,183.7997923,120.0111358,1145.694502,148.7239053,0.227306189,0.036540456,0.005880943,0.036540457,1180.470792,76.52,23.48,1.17,59.23,2.96,29.61,2.96,3.388112142,0.33869679,3.9894,19.0851,0.8835,0.2711,1.3103,0.0071,0.0343,486.1
Bird Island,BI10,BI10.12,476,471.9,472.9,472.4,0.5,6574,6996,6744,6757,211,0.02308,0.00075,21966.90909,60757.27273,1.348181818,30.36363636,285.9090909,144.3636364,52.36363636,13132.09091,14.81818182,82,528.2727273,744.8181818,36515.63636,5918.636364,6.173059474,1.819866228,0.16210061,-1.819866228,42434.27273,398.9367004,1505.772167,0.061614638,14.01622437,39.93107698,21.84157836,19.08021345,1094.403075,26.33939324,67.74953874,58.95776609,68.61751698,740.1805554,181.3175517,0.165962998,0.026873448,0.004353889,0.026873448,846.7957358,57.6,42.4,2.12,65.51,3.28,32.75,3.28,3.488902962,0.349422953,3.5448,17.0237,0.6465,0.4758,2.3091,0.011,0.0536,488.5
Bird Island,BI10,BI10.12,477,473.1,474.2,473.6,0.55,6590,7104,6791,6809,257,0.02308,9.00E-04,21065.16667,59893.83333,1.431666667,40.33333333,310.1666667,156.1666667,59.25,15211.08333,37,127.6666667,868.75,744.4166667,33467.75,5488.916667,6.097451838,1.807655693,0.164073705,-1.807655693,38956.66667,390.4495855,2067.262829,0.108948139,15.54075775,48.89847243,31.03321778,25.02044618,2416.938652,56.63760396,46.8000259,202.4617248,64.51843758,1204.071738,159.9775316,0.131857419,0.021694842,0.003570401,0.021694842,1334.975814,74.7,25.3,1.27,69.78,3.49,34.89,3.49,3.552200255,0.355321837,4.0849,19.6626,0.8082,0.2738,1.3315,0.0063,0.031,490.2
Bird Island,BI10,BI10.12,478,474.4,475.5,474.9,0.55,6604,7238,6842,6865,317,0.02308,0.00109,20369.66667,55700.75,1.314166667,57.08333333,381.0833333,269.6666667,66.58333333,10921.33333,22.25,164.75,1248.5,752.75,32767.91667,5527.916667,5.928027116,1.779297577,0.168823255,-1.779297577,38295.83333,394.7105576,2040.180033,0.066532061,18.63261233,53.19169165,59.8563938,20.39812083,2255.361585,32.86093287,72.1918215,171.017543,103.0437903,1010.675153,79.41886464,0.173613121,0.029330305,0.00495843,0.029330305,1039.898844,70.74,29.26,1.46,40.57,2.03,20.29,2.03,3.010128154,0.301161171,4.3715,21.0923,0.5394,0.2231,1.0876,0.0051,0.0253,492.2
Bird Island,BI10,BI10.12,479,475.7,476.7,476.2,0.5,6614,7371,6892,6922,379,0.02308,0.00129,20863.54545,58167.09091,1.375454545,104.1818182,396,308.1818182,75.63636364,12275.63636,7.090909091,177,1208.727273,783.9090909,33707.18182,5659,5.957972584,1.78444678,0.167937323,-1.78444678,39366.18182,392.942073,2406.476156,0.096784672,60.42816923,63.79968652,92.58381952,26.2955233,2052.006787,14.8892884,75.45462212,118.9681394,82.77735747,832.7853046,135.0192579,0.14908781,0.024948207,0.004176982,0.024948207,904.831898,70.45,29.55,1.48,49.53,2.48,24.76,2.48,3.209229448,0.321441399,4.5216,21.8755,0.8309,0.3485,1.7037,0.008,0.0398,494.4
Bird Island,BI10,BI10.12,480,476.9,478,477.5,0.55,6625,7506,6943,6978,441,0.02308,0.00148,22437.08333,59727.83333,1.308333333,21.16666667,262.25,103.1666667,46,9028.25,18.66666667,83,827.1666667,837.75,38904.91667,5975.083333,6.512515564,1.873635557,0.153578193,-1.873635556,44880,444.6597184,2933.295287,0.106756591,10.06192945,36.06843243,33.24792087,23.57194018,3417.221549,21.08568378,51.18060712,89.19522341,87.62640221,1038.664392,184.6980131,0.091443982,0.014026978,0.002152012,0.014026979,1206.71048,75.92,24.08,1.2,68.85,3.44,34.43,3.44,3.538928277,0.353584469,4.8707,23.6106,0.8008,0.2539,1.2436,0.0059,0.0291,496.2
Bird Island,BI10,BI10.12,481,478.3,479.3,478.8,0.525,6633,7649,6993,7034,508,0.02304,0.00169,21605.36364,55113.45455,1.294545455,37.54545455,290.9090909,115.0909091,46.36363636,4972.454545,12.45454545,91.09090909,915.8181818,862.2727273,38029.36364,5935.181818,6.40957205,1.857621701,0.156070298,-1.857621701,43964.54545,758.7811638,1786.391971,0.106429661,12.01135826,46.86246802,43.60379466,17.50584318,778.9822031,29.40191707,76.88491991,89.53749849,88.85391484,885.211531,178.1700414,0.12348479,0.019445449,0.003063737,0.019445449,1026.185496,77.19,22.81,1.14,71.34,3.57,35.67,3.57,3.574309999,0.357731615,4.0806,19.809,0.9113,0.2694,1.3211,0.0062,0.0309,497.8
Bird Island,BI10,BI10.12,482,479.5,480.7,480.1,0.6,6645,7786,7044,7091,570,0.02262,0.00185,20791.76923,54200.84615,1.349230769,33.23076923,255.3076923,87.84615385,45.38461538,6071.461538,2.846153846,64.38461538,821.3076923,821.6923077,36771.84615,5752.307692,6.395753981,1.85525106,0.156472892,-1.855251061,42524.15385,292.9147071,1441.445042,0.098696634,13.76683119,37.28132825,21.03903576,13.84159469,1734.713358,4.616025597,68.82046505,73.14755022,106.3816906,698.5509819,142.7966997,0.185490939,0.028727815,0.004454763,0.028727814,735.4774919,76.67,23.33,1.17,60.53,3.03,30.27,3.03,3.410157123,0.341353686,4.7689,23.2006,0.8067,0.2454,1.2063,0.0056,0.0277,499.7
Bird Island,BI10,BI10.13,511,480.1,481.1,480.6,0.5,6670,7794,7066,7113,562,0.02262,0.00181,21144,55863.3,1.345,31.6,259.2,85.6,53.1,7050.8,9.1,72.4,836,828.2,37186.2,5882.9,6.319970794,1.843461999,0.158308089,-1.843462,43069.1,890.6177631,1834.91417,0.119559376,16.27677282,42.03120534,21.61378161,15.21293309,2234.783002,14.70034013,75.1431227,165.0212108,89.92317709,1885.202954,227.2563164,0.150586344,0.023625887,0.003709376,0.023625885,2088.049034,74.53,25.47,1.27,74.45,3.72,37.22,3.72,3.616846251,0.361490276,3.5448,18.2644,0.7357,0.2514,1.3081,0.0057,0.03,528.3
Bird Island,BI10,BI10.13,512,481.3,482.2,481.8,0.475,6707,7815,7128,7166,554,0.02262,0.00177,24064.8,59032.9,1.308,14.4,260.4,26.3,25.1,3794.2,4.3,29.5,438.6,879.8,43317.7,6555.5,6.612213278,1.888560347,0.151343084,-1.888560346,49873.2,715.2450707,3080.732,0.050288059,11.66380917,36.83355958,16.87239692,19.57577868,2022.243627,11.07600008,52.46639136,91.73779059,92.90233821,1036.427845,231.843937,0.187500818,0.02813681,0.004225559,0.028136811,1191.874602,74.38,25.62,1.28,54.35,2.72,27.17,2.72,3.302113423,0.330575948,3.3675,17.3849,0.897,0.309,1.6105,0.007,0.037,529.1
Bird Island,BI10,BI10.13,513,482.5,483.6,483.1,0.575,6736,7838,7201,7223,551,0.02262,0.00175,23994.25,60024.5,1.291666667,14.33333333,271.4166667,23.25,37.5,4541.25,27.16666667,42.25,381.75,965.25,43644.91667,6562.333333,6.656384959,1.895105376,0.150372974,-1.895105377,50207.25,588.6930247,2276.56853,0.05605733,7.866307131,23.23969306,12.99737736,9.76543068,2208.13373,28.40881212,68.99160028,86.31246091,100.8321062,942.9526604,231.3019802,0.213952597,0.032023333,0.004797041,0.032023333,1069.37876,81.05,18.95,0.95,84.24,4.21,42.12,4.21,3.740522687,0.373874656,4.8799,25.2609,0.9254,0.2164,1.1312,0.0049,0.026,530.4
Bird Island,BI10,BI10.13,514,483.9,485.1,484.5,0.6,6759,7866,7279,7285,553,0.02262,0.00175,22519.83333,61718.25,1.34,13.33333333,239.8333333,31.41666667,31.5,11165.83333,75.33333333,21.58333333,381.4166667,807.9166667,39561,6139.333333,6.441076678,1.862390961,0.155347807,-1.862390961,45700.33333,876.6813284,4875.804272,0.163317872,8.700400548,26.55297735,16.86555572,19.35082803,7524.483623,52.52070299,35.90000844,81.16924892,100.0931006,2720.49678,346.9771628,0.166794528,0.025732184,0.003972389,0.025732184,3048.682885,81.67,18.33,0.92,85.44,4.27,42.72,4.27,3.754667195,0.375290939,4.9832,25.8428,0.8978,0.2255,1.1806,0.0051,0.0271,531.3
Bird Island,BI10,BI10.13,515,485.3,486.6,486,0.65,6782,7908,7363,7352,563,0.02262,0.00176,21266.92857,63215.35714,1.306428571,17.35714286,196.7857143,27.71428571,28.71428571,16474.35714,98.85714286,62.85714286,376.5714286,783.7142857,36433.5,5701.714286,6.392600627,1.854723691,0.156562005,-1.854723692,42135.21429,641.4652055,3462.053073,0.066170775,11.59314879,26.69825281,21.76598819,13.99685993,3185.647902,40.26805786,54.10510731,78.28912321,75.07578589,947.9205379,149.3619396,0.190985778,0.030042404,0.004728996,0.030042404,1007.713801,81.23,18.77,0.94,84.2,4.21,42.1,4.21,3.740047741,0.374004774,5.3984,28.0503,0.9009,0.1626,0.8532,0.0037,0.0196,532.4
Bird Island,BI10,BI10.13,516,486.9,488.1,487.5,0.6,6800,7961,7442,7418,581,0.02262,0.0018,21522.84615,58080.84615,1.323846154,19,227.6923077,30.15384615,37.92307692,9204.615385,5,78.69230769,396.0769231,757.3846154,38075.46154,5906,6.448329126,1.863564959,0.155158653,-1.863564959,43981.46154,745.2734225,3364.04362,0.054854119,11.54700538,32.48944602,17.64863618,15.2941249,3946.367286,12.93573861,66.18331186,91.13310919,100.4021401,1499.231282,224.1952274,0.15137213,0.023596236,0.003679802,0.023596236,1686.591712,80.83,19.17,0.96,83.38,4.17,41.69,4.17,3.730261292,0.373115605,4.3544,22.6559,0.8501,0.1634,0.8584,0.0037,0.0197,533.3
Bird Island,BI10,BI10.13,517,488.3,489.5,488.9,0.6,6817,8023,7513,7480,603,0.02237,0.00183,22125,59252.92308,1.317692308,16.53846154,281.7692308,45.84615385,38.61538462,7507.692308,71.84615385,38.23076923,493.3846154,886.4615385,39689.53846,6160.076923,6.444461444,1.863095012,0.155210995,-1.863095012,45849.61538,309.8233368,1055.584235,0.064827186,6.826607071,44.71605574,21.62115536,17.91897719,1370.748055,79.0082761,45.39484891,108.4447159,93.72354328,797.134411,152.6283403,0.106876873,0.016497917,0.002547268,0.016497917,917.2537397,80.88,19.12,0.96,85.04,4.25,42.52,4.25,3.749974553,0.374821069,4.0559,21.1373,0.7421,0.1954,1.0279,0.0044,0.0233,534.3
Bird Island,BI10,BI10.13,518,489.7,490.7,490.2,0.5,6841,8088,7574,7538,623,0.02106,0.00176,19594.9,62058.1,1.328,18.2,240.9,52.6,30,21990.6,38.9,34.9,423.6,630,30346.6,5130.2,5.91586353,1.777170866,0.16919563,-1.777170866,35476.8,853.020965,6275.786882,0.100421335,11.15347479,42.95074699,28.81434828,18.9619502,7026.085257,25.95059408,35.31902226,126.6721051,96.12607462,1177.645693,136.2683627,0.189556294,0.032281585,0.005501636,0.032281585,1260.030405,79.99,20.01,1,84.34,4.22,42.17,4.22,3.741709068,0.374437094,3.062,15.9821,1.0345,0.2143,1.1291,0.0045,0.0242,535.3
Bird Island,BI10,BI10.13,519,491,492,491.5,0.5,6901,8101,7636,7600,600,0.02106,0.00168,21587.27273,62373.45455,1.338181818,17.27272727,305.9090909,72.45454545,40.09090909,14940.09091,56.36363636,68.72727273,813.3636364,709.8181818,35579.72727,5895.090909,6.035132478,1.797359471,0.165775222,-1.797359471,41474.81818,809.7003262,2389.075904,0.100381092,10.66856044,40.41646829,21.46794651,14.8354612,4174.159303,52.05434223,47.88129261,92.54649937,126.057779,2148.93495,322.5106059,0.138583385,0.022866377,0.003774207,0.022866377,2449.349866,79.77,20.23,1.01,76.36,3.82,38.18,3.82,3.642311818,0.364421979,2.9089,15.2093,0.8896,0.4251,2.2441,0.009,0.048,535.8
Bird Island,BI10,BI10.13,520,492.2,493.2,492.7,0.5,6940,8113,7692,7657,587,0.02106,0.00164,22486.90909,63021.63636,1.352727273,39,402.4545455,117.4545455,57.72727273,12626.09091,6,47.63636364,1011.818182,807.4545455,37542.54545,6119.545455,6.135402382,1.813973048,0.163021865,-1.813973049,43662.09091,643.2956481,2931.154696,0.142484449,14.97330959,58.65895266,27.02355875,20.77542254,3720.535243,11.06345335,48.65238479,96.81406735,117.0703751,1734.856845,283.0686714,0.092417416,0.015006342,0.002437103,0.015006343,2005.312716,77.11,22.89,1.14,68.62,3.43,34.31,3.43,3.535436857,0.353440642,3.9741,20.844,1.0483,0.3112,1.6477,0.0066,0.0352,537.3
Bird Island,BI10,BI10.13,521,493.4,494.5,494,0.55,6965,8130,7752,7718,583,0.02106,0.00161,21521.5,60431.33333,1.3425,27.91666667,360.0833333,83.66666667,59.25,13077.41667,25.25,68.5,986.5833333,732.25,35705.5,5676.5,6.294441332,1.839204338,0.159017637,-1.839204338,41382,279.1765489,2375.864717,0.101455319,19.08573162,35.56417588,13.93708808,15.94949415,3061.137176,39.12247668,51.87134434,114.2433275,111.1723682,852.4250434,186.2522727,0.199628052,0.031797369,0.005069493,0.031797368,944.7987761,75.4,24.6,1.23,73.25,3.66,36.62,3.66,3.600594539,0.359862808,4.4692,23.4876,0.9464,0.3088,1.6381,0.0065,0.035,538.2
Bird Island,BI10,BI10.13,522,494.8,495.8,495.3,0.5,6973,8151,7817,7780,589,0.02106,0.00162,21632,65648.63636,1.413636364,26.72727273,346.7272727,109.0909091,51,20218.45455,34.27272727,46.36363636,826.3636364,670.5454545,34173,5605.909091,6.093106454,1.806520535,0.164327659,-1.806520535,39778.90909,837.2749847,7001.602092,0.073112616,14.37421935,46.91287863,52.9215543,22.4053565,8601.48369,31.90326287,50.24793076,147.3487514,112.4787657,1998.699527,169.8466688,0.229970512,0.037306039,0.00605834,0.037306039,2138.338535,76.89,23.11,1.16,69.32,3.47,34.66,3.47,3.545586284,0.354967813,3.9741,20.9234,0.8058,0.2422,1.2875,0.0051,0.0275,539.2
Bird Island,BI10,BI10.13,523,496,497.1,496.6,0.525,6994,8171,7886,7842,589,0.02106,0.0016,22540.41667,61756.75,1.376666667,15.83333333,363.9166667,55.75,64.66666667,12204.08333,7.916666667,39.66666667,763.9166667,739.3333333,37442.58333,5777.833333,6.485700892,1.86927268,0.154286449,-1.869272679,43220.41667,436.9259264,3589.411654,0.088557463,9.053711779,27.97225357,15.81210698,22.56841451,3222.214948,12.36901064,51.81669323,72.0989955,95.43711241,754.7230026,223.7067209,0.172999912,0.026742703,0.00413663,0.026742702,935.657033,78.69,21.31,1.07,78.57,3.93,39.29,3.93,3.670970034,0.367190436,4.0806,21.5229,0.8817,0.2388,1.2715,0.005,0.0272,540.1
Bird Island,BI10,BI10.13,524,497.3,498.4,497.9,0.55,7007,8196,7960,7904,594,0.02106,0.00161,20901.66667,62157.91667,1.378333333,58.75,527.25,222.25,83.16666667,17615.83333,42.75,109.0833333,1141.666667,769.5,32510.75,5567.583333,5.828165438,1.760171415,0.17246719,-1.760171415,38078.33333,2743.809109,8171.229555,0.091535719,35.97505449,235.0458853,197.8195344,43.15476026,4994.51386,58.54310766,68.984133,390.1413108,133.1079535,4980.720688,658.0539434,0.425236183,0.074996833,0.013277702,0.074996833,5570.635337,79.84,20.16,1.01,75.63,3.78,37.81,3.78,3.632573618,0.363161287,4.6678,24.6761,0.9632,0.2433,1.2983,0.0051,0.0277,541.3
Bird Island,BI10,BI10.13,525,498.7,499.7,499.2,0.5,7038,8243,8028,7965,603,0.02597,0.00199,21969.2,75244.2,1.42,54.8,495.9,167.4,120.7,32461.8,169.1,88.2,1238.5,658.3,30715.8,5547,5.538484948,1.709926475,0.181211009,-1.709926476,36262.8,685.2337476,5070.515748,0.096148034,24.83635328,91.0792695,78.42363589,60.4024466,6283.970999,107.3917543,42.42064487,274.8184249,74.03159986,2061.698965,178.1566103,0.345935586,0.063499752,0.011687875,0.063499752,2134.406543,72.95,27.05,1.35,58.75,2.94,29.37,2.94,3.379973745,0.338342622,3.219,17.0301,1.1024,0.4089,2.1836,0.0106,0.0575,541.7
Bird Island,BI10,BI10.13,526,499.9,501,500.4,0.55,7050,8289,8074,8012,620,0.04868,0.00382,22157.16667,73853.91667,1.428333333,26.66666667,350.1666667,114.0833333,81.25,29745,130.75,16.58333333,643.5,628.5833333,32994.08333,5518.416667,5.979520481,1.787446391,0.167536706,-1.787446391,38512.5,646.0694915,5128.015254,0.127695186,7.499494932,60.76158076,40.54953947,31.54253982,5781.599731,64.52219491,25.99111153,127.5877595,91.64304103,1467.215821,91.36884125,0.26421499,0.044160877,0.007397942,0.044160877,1489.678031,74.38,25.62,1.28,40.45,2.02,20.23,2.02,3.007166651,0.300270719,4.5679,24.2374,0.9065,0.3122,1.6722,0.0152,0.0826,543.4
Bird Island,BI10,BI10.13,527,501.2,502.3,501.8,0.525,7072,8298,8107,8040,613,0.04867,0.00376,21383.5,65899.41667,1.355,21.91666667,376.9166667,62.41666667,52.16666667,20328.75,93.83333333,91.08333333,1329.583333,657.0833333,34002.41667,5599.666667,6.072325443,1.803348641,0.164810984,-1.80334864,39602.08333,889.9965781,4841.943345,0.096718899,13.73421959,108.4539771,23.86499275,29.60599857,4740.926571,41.01404046,72.83912327,615.3054612,71.07033435,1319.938942,147.1204413,0.177876594,0.029276681,0.004820969,0.029276681,1420.12512,76.61,23.39,1.17,69.36,3.47,34.68,3.47,3.546163152,0.354820823,3.8992,20.7185,0.8711,0.266,1.4265,0.0129,0.0704,544.1
Bird Island,BI10,BI10.13,528,502.5,503.6,503.1,0.55,7091,8308,8138,8067,609,0.04868,0.00373,23931.66667,87169.58333,1.440833333,23.66666667,482.0833333,78.41666667,67,41684.33333,175.25,39,1453.416667,653,32867.08333,5637.583333,5.825015051,1.761373119,0.171941609,-1.761373119,38504.66667,954.1275247,9489.315862,0.093269729,10.71391053,38.95092094,29.44473509,17.81215111,11263.03282,114.8691944,59.2836019,311.7847329,105.0895722,2293.562154,196.8905826,0.244059755,0.041270266,0.006990171,0.041270265,2469.316186,78.4,21.6,1.08,73.51,3.68,36.75,3.68,3.604138226,0.360904182,4.0849,21.7459,0.9602,0.2645,1.4212,0.0129,0.0702,545
Bird Island,BI10,BI10.13,529,503.9,505.1,504.5,0.6,7103,8320,8171,8096,608,0.04867,0.00372,22666.2,76962.9,1.376,37.9,555.3,91.7,67.6,31490.9,296.1,4.4,1130.4,631.5,33134.3,5557.3,5.962055325,1.784629916,0.167993663,-1.784629916,38691.6,787.8435829,8299.093946,0.096286609,19.3071662,77.0310904,39.44067275,15.8689074,9764.807086,48.64485813,11.11755369,159.4624303,77.44137568,1853.806957,198.2243678,0.246634002,0.041983925,0.007156707,0.041983925,1991.46664,81.75,18.25,0.91,73.15,3.66,36.58,3.66,3.599501643,0.360146966,2.7224,14.494,0.722,0.1612,0.8663,0.0078,0.0428,545
Isla Hermite,HER42PB,HER42PB1A,2,1.2,1.8,1.8,0.6,-66,-53,-62,-62,7,0.4077,0.14201,16465.71429,45928.42857,1.315714286,84.57142857,382.8571429,107.1428571,121,7042.285714,21.14285714,148.1428571,782.2857143,656.2857143,27205,4835.285714,5.629809391,1.727842759,0.177709285,-1.727842758,32040.28571,364.4972402,1711.692034,0.09658453,28.39517062,38.97190685,17.31500863,24.96664441,1062.298407,37.26673482,76.89262767,135.6229016,84.57878829,725.8971461,196.6847853,0.130214732,0.023398614,0.004207042,0.023398613,894.189524,77.68,22.32,1.12,35.3,1.77,20.48,1.77,3.0194488,0.260958221,4.7687,0.3195,0.9029,0.2594,0.0304,0.1058,0.0492,46.5
Isla Hermite,HER42PB,HER42PB1A,3,2.5,3.1,3.1,0.6,-65,-42,-60,-58,12,0.4116,0.01546,19219.71429,52847.57143,1.328571429,69.28571429,441.8571429,148.1428571,119.7142857,7603.428571,22.85714286,123.4285714,675.5714286,680.1428571,31968.42857,5356.714286,5.969385725,1.78643537,0.167590927,-1.78643537,37325.14286,294.422437,1304.465006,0.044880794,19.72066839,38.53755126,78.941811,33.73284396,1362.891027,26.44761219,84.27110446,102.4692753,148.3446759,671.7586018,121.7096467,0.132506991,0.021998875,0.003653047,0.021998875,740.4679666,79.48,20.52,1.03,41.92,2.1,24.32,2.1,3.191299057,0.275564475,5.0921,0.3895,0.9496,0.2452,0.031,0.1009,0.0166,16.4
Isla Hermite,HER42PB,HER42PB1A,4,3.9,4.5,4.5,0.6,-65,-30,-57,-55,17,0.4092,-0.06608,18864.14286,52131.57143,1.43,100.4285714,482.4285714,148.8571429,151.7142857,8591.714286,0.357142857,108.5714286,722,673.1428571,30640.42857,5152.857143,5.952529325,1.783245923,0.168188108,-1.783245924,35793.28571,612.25796,2292.62614,0.124096736,13.32737962,61.16332546,30.12987759,23.84473587,1092.072604,0.944911183,98.75197406,76.8873635,125.2217081,899.5133605,230.3109699,0.216495732,0.036534717,0.006171629,0.036534716,1049.776598,77.27,22.73,1.14,37.42,1.87,21.7,1.87,3.077312261,0.265187739,5.8875,0.5299,0.8513,0.2505,0.0351,0.1025,-0.0022,-2.1
Isla Hermite,HER42PB,HER42PB1A,5,5.3,5.9,5.9,0.6,-64,-19,-55,-51,23,0.4081,-0.1335,18524.28571,52431.28571,1.432857143,76,482.2857143,157,154.1428571,10177.85714,0.357142857,156.8571429,1007.571429,652.1428571,28922.42857,5319.571429,5.439274473,1.693232866,0.183999064,-1.693232866,34242,485.1260023,2026.48692,0.077827648,16.59317129,79.1995671,47.74934555,37.46299762,1422.475826,0.944911183,76.36628526,162.1612954,62.64830025,935.4647432,176.3130333,0.169749115,0.030951157,0.005647376,0.030951158,1043.884413,71.58,28.42,1.42,22.91,1.15,13.29,1.15,2.587011873,0.22385731,5.7703,0.5741,0.9087,0.3608,0.0539,0.1472,-0.0262,-17.8
Isla Hermite,HER42PB,HER42PB1A,6,6.7,7.3,7.3,0.6,-64,-8,-52,-48,28,0.4103,-0.20377,19571.42857,57552.85714,1.345714286,66,413.5714286,111.2857143,125.1428571,13753.28571,2.428571429,132.7142857,936.7142857,678.2857143,30147.71429,5354.714286,5.630693683,1.728002037,0.17768016,-1.728002037,35502.42857,343.5044188,3006.032348,0.059120539,8.640987598,63.77788839,31.41504038,30.76485317,3598.93293,6.425396041,45.03966506,147.5349837,49.35150888,742.0650722,93.19641317,0.130269677,0.023227926,0.004143643,0.023227927,787.2900476,69.69,30.31,1.52,28.64,1.43,16.61,1.43,2.810004924,0.241920954,5.4259,0.586,0.8766,0.3812,0.0602,0.1564,-0.053,-33.9
Isla Hermite,HER42PB,HER42PB1A,7,8.1,8.7,8.7,0.6,-64,3,-50,-44,33,0.3223,-0.21976,19518.28571,66067.85714,1.418571429,114.7142857,559.7142857,211,145.4285714,25766,14.57142857,125.2857143,1022.142857,578.5714286,27171.14286,5221.571429,5.20683413,1.649629293,0.192187451,-1.649629294,32392.71429,381.9318064,3406.410008,0.110064916,34.29632772,99.29537466,38.75564475,27.71796735,3105.261932,18.36534003,42.85912694,64.60502708,113.4193651,137.8603503,134.651225,0.146701387,0.028331204,0.005474048,0.028331205,142.651924,29.61,70.39,3.52,23.05,1.15,13.37,1.16,2.593013391,0.224973488,5.1998,0.6136,0.4258,1.0123,0.1701,0.3263,-0.1676,-51.4
Isla Hermite,HER42PB,HER42PB1A,8,9.5,10.1,10.1,0.6,-62,15,-46,-40,39,0.0853,-0.07685,19921.28571,57765.71429,1.364285714,77.71428571,426.2857143,121.5714286,112.1428571,14440.28571,6,145.7142857,913.1428571,635.7142857,30389,5449.857143,5.574128127,1.717431253,0.179655666,-1.717431253,35838.85714,888.4251449,3707.867478,0.051915683,35.06999803,87.09135871,24.6431677,25.55013745,4950.753132,13.0511813,56.9318724,170.9721503,135.7027564,2367.381394,327.5033987,0.223907011,0.040742018,0.007422814,0.040742019,2654.921997,68.61,31.39,1.57,31.04,1.55,18,1.55,2.890371758,0.248893124,5.6544,0.7294,0.8022,0.367,0.0657,0.0313,-0.0226,-72.2
Isla Hermite,HER42PB,HER42PB1A,9,10.9,11.5,11.5,0.6,-56,33,-29,-24,45,0.0853,-0.15703,20444,62930.42857,1.414285714,107.1428571,637,291.1428571,157.8571429,19232.28571,0.357142857,155.4285714,919.2857143,781.2857143,30279.85714,5440.428571,5.56645999,1.716447545,0.179760079,-1.716447544,35720.28571,222.7547231,2539.291755,0.083238041,20.22728002,75.2750512,115.1483515,50.89017119,3407.73237,0.944911183,54.89036692,150.5542143,236.2031007,923.9562451,122.8438808,0.149270687,0.027048852,0.00490356,0.027048851,994.009174,75.75,24.25,1.21,32.46,1.62,18.83,1.63,2.935451343,0.254104391,5.7703,0.805,0.9124,0.2921,0.0554,0.0249,-0.0412,-165.1
Isla Hermite,HER42PB,HER42PB1A,10,12.3,12.9,12.9,0.6,-53,66,-14,-8,60,0.0853,-0.65065,20683.28571,62784.85714,1.394285714,108.4285714,575.7142857,211.5714286,140.2857143,19096.71429,0.857142857,178.8571429,869.7142857,662.5714286,30766.57143,5476,5.623439603,1.725742168,0.178254515,-1.725742167,36242.57143,1002.712607,7135.274847,0.095368958,26.51953458,90.58092935,89.82549219,49.35826268,6560.664263,2.267786838,82.14910949,105.6499161,156.2891094,1146.896371,140.42317,0.297903318,0.052929506,0.009418794,0.052929505,1101.725443,72.33,27.67,1.38,38.04,1.9,22.07,1.9,3.09421922,0.266380449,5.3969,0.8095,0.9458,0.3618,0.0724,0.0309,-0.2293,-742.8
Isla Hermite,HER42PB,HER42PB1A,11,13.6,14.2,14.2,0.6,-50,107,0,8,78,0.0853,0.88905,19344.42857,54893.71429,1.437142857,102.7142857,493.1428571,181,117.1428571,12046.85714,0.357142857,172.2857143,1008.714286,676.8571429,30094.71429,5501.571429,5.472381587,1.69944165,0.182834908,-1.69944165,35596.28571,231.1499204,2999.977206,0.074546246,41.51591777,164.1487421,77.63160868,47.29844455,3432.651863,0.944911183,64.55414855,126.0498767,121.9691608,769.8808813,170.2222637,0.138514029,0.02515208,0.004569558,0.02515208,885.7610126,68.58,31.42,1.57,23.17,1.16,13.44,1.16,2.598235335,0.224252455,5.1832,0.8241,0.8701,0.3987,0.0833,0.034,0.3616,1063.2
Isla Hermite,HER42PB,HER42PB1A,12,14.9,15.5,15.5,0.6,-48,149,14,23,99,0.0859,0.36456,18154.71429,49548.42857,1.335714286,77.71428571,433.2857143,172.1428571,144,7877.857143,6.714285714,125,919.4285714,712.5714286,29383.28571,5496.285714,5.34655409,1.676121208,0.187159945,-1.676121208,34879.57143,265.4378234,1162.901953,0.070676998,24.50655889,89.95501521,111.6847178,29.67041175,1803.8536,14.19758531,86.89649015,124.0481857,137.064288,881.510014,103.325883,0.148939131,0.027761392,0.005177191,0.027761392,929.1029468,71.17,28.83,1.44,28.92,1.45,16.77,1.45,2.819591576,0.243792951,4.9832,0.8272,0.9945,0.4028,0.087,0.0346,0.1543,446
Isla Hermite,HER42PB,HER42PB1A,13,16.3,16.9,16.9,0.6,-46,192,27,40,119,0.0853,0.25802,18108,46364,1.382857143,72.42857143,338.4285714,89.28571429,80.28571429,4260.571429,1.142857143,115.4285714,817.4285714,695.2857143,30612.28571,5399,5.671657619,1.735329644,0.17636868,-1.735329643,36011.28571,190.0771773,824.6558878,0.081998839,18.66241448,82.51233674,22.7648434,15.59609231,346.241658,3.023715784,92.28553,109.5853657,95.71609806,287.5515689,110.3298086,0.107027989,0.018793188,0.003300552,0.018793187,347.6280168,71.91,28.09,1.4,29.64,1.48,17.19,1.48,2.844327819,0.244886863,5.2022,0.9208,0.8836,0.3451,0.0783,0.0294,0.0957,325.2
Isla Hermite,HER42PB,HER42PB1A,14,17.8,18.4,18.4,0.6,-44,240,41,56,142,0.0856,0.21815,17583.57143,45945.14286,1.3,72,406.4285714,131.5714286,112.2857143,5417.142857,1.142857143,150.1428571,926.5714286,629.2857143,29009.57143,5300.571429,5.470398772,1.69897353,0.182940579,-1.698973529,34310.14286,430.9914373,1321.83489,0.115902258,18.04623691,107.1787559,79.98511766,59.26695056,1666.907159,3.023715784,69.6764632,123.3921353,89.08930779,1463.220518,130.056215,0.162082822,0.029732076,0.005456149,0.029732075,1583.714876,74.69,25.31,1.27,31.88,1.59,18.49,1.6,2.917230045,0.25243743,5.3135,0.9963,0.9622,0.3261,0.0774,0.0279,0.0778,278.6
Isla Hermite,HER42PB,HER42PB1A,15,19.2,19.7,19.7,0.6,-42,286,55,73,164,0.0869,0.19915,16949,44554.33333,1.29,91.83333333,373.6666667,136,118.8333333,5566.166667,7,125.3333333,859.1666667,643.6666667,28093.33333,5168.5,5.437377876,1.69298673,0.184027099,-1.69298673,33261.83333,197.700784,773.2046732,0.109726934,29.47145512,83.07747388,50.94310552,30.0893115,685.8289631,17.1464282,67.32211128,52.28925957,73.64147382,537.7879384,109.8612762,0.147344292,0.027379639,0.005090068,0.027379639,558.7587732,70.75,29.25,1.46,26.38,1.32,15.3,1.32,2.727852828,0.235344166,4.6723,0.9134,0.9897,0.4092,0.1005,0.0356,0.0902,253.7
Isla Hermite,HER42PB,HER42PB1A,16,20.5,21.1,21.1,0.6,-29,300,70,88,164,0.0885,0.16786,16870.42857,45596,1.318571429,71.85714286,379.4285714,181.1428571,136.2857143,7323.714286,3.428571429,133.7142857,1071.857143,672.7142857,26951.85714,5034.428571,5.356493873,1.678097688,0.18676837,-1.678097688,31986.28571,295.1541163,1376.180221,0.069624845,32.814776,50.64535893,42.50266098,30.69589704,920.73842,9.071147352,38.96457488,75.13416571,105.8217279,309.8738607,154.4742235,0.11921273,0.022229549,0.004146356,0.022229548,445.4296481,67.14,32.86,1.64,24.87,1.24,14.42,1.25,2.668616132,0.231329415,3.9701,0.804,1.2319,0.6031,0.1523,0.0534,0.1147,214.9
Isla Hermite,HER42PB,HER42PB1A,17,21.8,22.4,22.4,0.6,-18,311,87,103,165,0.0878,0.14204,17337.71429,46734.42857,1.287142857,75.14285714,433.2857143,165.5714286,111.4285714,6945.428571,7.428571429,149.4285714,936.8571429,628.5714286,28399.85714,5388.571429,5.272230277,1.662206189,0.189767011,-1.662206189,33788.42857,536.3806839,2045.625647,0.089015782,13.60672103,39.61360997,44.18467737,32.36179405,880.8525902,12.80438913,70.92920683,95.83219461,112.9245429,670.7166388,150.2085851,0.126473781,0.024037812,0.004571213,0.024037812,767.5063207,67.41,32.59,1.63,28.5,1.43,16.53,1.43,2.805176912,0.242674107,4.9832,1.0764,0.9877,0.4776,0.127,0.0419,0.079,188.4
Isla Hermite,HER42PB,HER42PB1A,18,23.3,23.9,23.9,0.6,-10,323,105,119,167,0.0878,0.12481,17959.57143,47977.42857,1.308571429,97.85714286,471.8571429,206.1428571,152.7142857,7136.571429,2,153,1090.428571,583,29284.42857,5419.142857,5.405698944,1.687308099,0.185043564,-1.6873081,34703.57143,406.3614389,1575.405541,0.073807988,22.28174568,95.69296138,81.99883855,24.65572473,797.3085679,5.291502622,56.08029957,152.0130007,54.98181518,777.7803583,183.0978141,0.100194548,0.018386171,0.003374834,0.018386172,937.8293834,67.01,32.99,1.65,27.69,1.38,16.06,1.39,2.776331709,0.240292719,4.8754,1.0994,0.9885,0.4866,0.1341,0.0427,0.0725,169.7
Isla Hermite,HER42PB,HER42PB1A,19,24.7,25.3,25.3,0.6,-3,339,125,136,171,0.0881,0.11307,17469.42857,46975.42857,1.285714286,78.71428571,482.1428571,221.7142857,139.2857143,7061.571429,2.714285714,135.8571429,982.5714286,678.5714286,28754.28571,5243,5.484966454,1.701782278,0.182399559,-1.70178228,33997.28571,377.6064341,1498.25508,0.056820519,26.973532,104.9578147,74.96157746,25.81158839,1231.961695,4.715728495,68.42131386,28.32464853,114.7371738,687.423381,93.16651759,0.127263294,0.023049548,0.004175633,0.023049548,731.1136971,69.77,30.23,1.51,27.72,1.39,16.08,1.39,2.777576264,0.240101431,4.7689,1.1207,1.0138,0.4392,0.1252,0.0387,0.0607,156.8
Isla Hermite,HER42PB,HER42PB1A,20,26.1,26.7,26.7,0.6,2,355,144,152,177,0.0875,0.10392,16640.85714,45076.85714,1.39,89.42857143,545.5714286,266.4285714,149,7554.142857,18,127.4285714,1007.714286,647.1428571,26567.42857,4950.285714,5.368974016,1.680432859,0.186331494,-1.680432859,31517.71429,490.2317236,1275.774331,0.059721576,20.1895777,122.7040574,100.7949356,39.5347948,613.4632368,21.43983831,39.22523483,126.3298781,76.95762594,670.4040715,163.3316812,0.116872774,0.021840688,0.004083534,0.021840689,799.7940806,68.52,31.48,1.57,27.72,1.39,16.08,1.39,2.777576264,0.240101431,4.7493,1.1588,0.9455,0.4344,0.1277,0.038,0.0563,148.2
Isla Hermite,HER42PB,HER42PB1A,21,27.5,28.1,28.1,0.6,7,372,161,168,182,0.0884,0.09774,16974.14286,47554.71429,1.405714286,102.8571429,544.4285714,264,177.4285714,9665.857143,0.357142857,137.8571429,1157.142857,597.4285714,26506.42857,5093.428571,5.209693077,1.649990526,0.192154139,-1.649990526,31599.85714,144.2167681,932.9645785,0.067788186,15.80536377,55.73406242,95.28728492,11.84422704,442.2821228,0.944911183,69.78163219,162.169077,143.2176166,329.2131311,196.3184973,0.182816326,0.035226069,0.006794242,0.035226068,442.7382329,67.41,32.59,1.63,26.06,1.3,15.12,1.31,2.716018371,0.235316406,4.4562,1.1297,0.9709,0.4693,0.1424,0.0415,0.0585,140.9
Isla Hermite,HER42PB,HER42PB1A,22,28.9,29.5,29.5,0.6,13,395,177,184,191,0.0865,0.09169,17353.57143,50022.57143,1.348571429,133.8571429,533.1428571,223.7142857,188.4285714,11993.28571,3.285714286,208.1428571,1128.285714,588.7142857,26531.57143,5129.142857,5.172679731,1.643170467,0.19340892,-1.643170467,31660.71429,458.1538523,2053.336379,0.102050408,45.81276595,138.8937586,58.24578464,57.71440358,2150.805873,8.693182879,79.24104276,142.2142917,76.07170803,958.4475046,144.4396397,0.116911059,0.022716508,0.004415585,0.022716508,1074.882585,63.74,36.26,1.81,22.44,1.12,13.02,1.13,2.566486637,0.222744232,4.2749,1.1307,0.9912,0.5639,0.1773,0.0488,0.067,137.4
Isla Hermite,HER42PB,HER42PB1A,23,30.2,30.8,30.8,0.6,26,409,193,199,191,0.0856,0.08396,16301,48799.14286,1.304285714,87.28571429,429.5714286,207.7142857,150.4285714,13603,9.285714286,155,1056.428571,615,24533,4902.285714,5.007167659,1.610661917,0.199796913,-1.610661916,29435.28571,275.8121341,2176.876005,0.082433234,17.14365078,53.78927137,37.73907915,34.0629669,2384.480377,17.93241279,97.09273917,121.8152387,89.84616482,433.3089737,163.3775936,0.110565425,0.022045173,0.004397585,0.022045172,572.3678055,62.75,37.25,1.86,22.29,1.11,12.93,1.12,2.559550193,0.221708911,4.6635,1.2801,0.9467,0.562,0.1824,0.0481,0.0628,130.5
Isla Hermite,HER42PB,HER42PB1A,24,31.6,32.2,32.2,0.6,45,414,210,216,185,0.086,0.07527,16208.71429,50635.71429,1.345714286,116,533.8571429,358.7142857,186.2857143,16027.57143,22.42857143,172,1043.857143,597.7142857,23593.14286,4828.857143,4.889885629,1.586916354,0.20460702,-1.586916354,28422,329.9730869,1559.218791,0.082230802,30.66485502,58.69533931,161.023512,19.98928284,1144.571369,44.29016875,73.07758434,193.9024055,95.13974684,485.9898588,202.2056944,0.118781649,0.024268418,0.004960721,0.024268418,676.9707035,60.01,39.99,2,19.62,0.98,11.38,0.98,2.431857429,0.209421817,4.7689,1.3591,0.8915,0.5941,0.199,0.0511,0.0618,121
Isla Hermite,HER42PB,HER42PB1A,25,33.1,33.6,33.6,0.5,56,419,226,231,182,0.0859,0.06884,15229.33333,49329.5,1.285,119.1666667,444.8333333,205.5,141.3333333,17545.5,13.33333333,214.3333333,1003.666667,559.6666667,21620,4560.166667,4.739217077,1.555540004,0.211144707,-1.555540003,26180.16667,1049.866785,3217.918007,0.11058933,50.45955476,47.02091733,55.20778931,22.33084563,1642.963633,22.12389357,155.5347764,199.6112889,55.38110388,1170.691932,155.0347273,0.134462067,0.028151698,0.005895928,0.028151698,1309.815929,59.53,40.47,2.02,19.47,0.97,11.29,0.98,2.423917378,0.21040204,3.9894,1.1729,1.1348,0.7716,0.2654,0.0663,0.0759,114.5
Isla Hermite,HER42PB,HER42PB1A,26,34.3,34.9,34.9,0.6,68,429,244,247,181,0.0857,0.06427,16371.28571,49362.85714,1.321428571,69.57142857,428.4285714,306.1428571,144,14495.28571,9.714285714,167.8571429,951.1428571,556.5714286,24136.71429,4830.571429,4.999664833,1.609230191,0.200069682,-1.609230192,28967.28571,266.6681548,1046.228374,0.106525204,10.48581809,52.70944616,230.0133536,33.2565783,1294.647019,23.98412173,65.7708866,122.6667961,39.45401181,795.2441374,223.5925291,0.090598347,0.018116615,0.003623214,0.018116614,1010.481356,58.97,41.03,2.05,48.43,2.42,28.09,2.42,3.335413641,0.287351407,4.5593,1.386,0.9826,0.6837,0.242,0.0586,0.0647,110.4
Isla Hermite,HER42PB,HER42PB1A,27,35.7,36.3,36.3,0.6,78,437,262,263,179,0.0857,0.05986,16412.71429,47770,1.331428571,67.28571429,404.2857143,158,155.4285714,11604.71429,0.357142857,133.1428571,938.8571429,601.5714286,25185.71429,5015.428571,5.02234226,1.61366866,0.199200756,-1.613668661,30201.14286,359.3687587,1523.794824,0.052098807,15.79782987,67.54680917,41.16632928,43.52339272,1325.315398,0.944911183,71.35224493,139.3095218,45.28744176,751.2200553,128.9791419,0.116086678,0.023021904,0.00456715,0.023021904,842.3198974,59.9,40.1,2.01,18.91,0.95,10.97,0.95,2.395164274,0.207420789,4.4562,1.397,0.9636,0.6452,0.2345,0.0553,0.0587,106.2
Isla Hermite,HER42PB,HER42PB1A,28,37.1,37.7,37.7,0.6,89,447,280,279,179,0.0859,0.05639,16567.14286,50035.57143,1.298571429,153.7142857,703.2857143,322,185.2857143,13981.42857,9.714285714,202.7142857,1057.714286,670.7142857,24532.28571,4836.857143,5.074891288,1.623528391,0.197354674,-1.62352839,29369.14286,390.439252,2153.883923,0.064142698,33.11955256,165.6056705,116.7747119,32.84668571,2050.216644,13.45008409,56.46448526,249.5507392,113.1219317,804.0710405,120.1227547,0.216178229,0.042559645,0.008388681,0.042559645,801.3882597,63.18,36.82,1.84,20.1,1.01,11.66,1.01,2.456164181,0.212755216,3.8992,1.2575,1.0087,0.5878,0.219,0.0505,0.052,102.9
Isla Hermite,HER42PB,HER42PB1A,29,38.4,39,39,0.6,97,463,296,294,183,0.0834,0.05314,15939.71429,49260,1.345714286,149.1428571,581.4285714,285.7142857,197.2857143,15052.71429,2.428571429,155.7142857,1168.714286,534.8571429,23059.28571,4677.714286,4.956078863,1.596520313,0.203404288,-1.596520315,27737,405.982641,3298.232658,0.102933173,43.02103583,130.3097043,60.0408591,53.63678553,3329.747774,6.425396041,46.38144128,295.8905847,81.7749525,875.8812161,308.1302291,0.492268238,0.09697374,0.019222216,0.09697374,684.6456504,57.29,42.71,2.14,13.93,0.7,8.08,0.7,2.089391873,0.181011672,4.2706,1.4242,0.8871,0.6614,0.2536,0.0552,0.0563,102.1
Isla Hermite,HER42PB,HER42PB1A,30,39.8,40.4,40.4,0.6,113,479,313,311,183,0.078,0.04705,16272,48636.71429,1.317142857,94.14285714,453.1428571,155.8571429,133.5714286,13710.85714,3.428571429,181.7142857,1038.714286,482.4285714,23987.42857,4853.285714,4.946647861,1.598150105,0.202384307,-1.598150106,28840.71429,510.1274351,2854.924267,0.067753053,20.7639798,115.6495116,48.73885709,32.27928718,1942.842628,9.071147352,81.51219599,97.26546884,78.98070892,857.0779539,210.8765154,0.178271056,0.036203492,0.007355941,0.036203492,997.5977336,60.72,39.28,1.96,15.87,0.79,9.21,0.8,2.22028985,0.192859053,3.8869,1.3274,0.9626,0.6227,0.2438,0.0486,0.0483,99.5
Isla Hermite,HER42PB,HER42PB1A,31,41.2,41.7,41.7,0.6,154,482,329,328,164,0.0777,0.0399,18103,57895.33333,1.36,88.5,441.1666667,292.6666667,140.1666667,20058.5,2.5,172.8333333,832,638.1666667,26534.33333,5003.833333,5.306826813,1.668267325,0.188708828,-1.668267325,31538.16667,370.9123886,1942.741637,0.037947332,20.54993917,44.54398575,131.6809275,26.98456349,1963.243108,6.123724357,102.2632225,92.19544457,99.04628548,629.6537673,124.8894178,0.22307512,0.041629611,0.007778059,0.041629611,586.3935254,58.63,41.37,2.07,18.16,0.91,10.53,0.91,2.354228326,0.203451831,3.6289,1.2737,1.0532,0.7433,0.2981,0.0578,0.0528,91.5
Isla Hermite,HER42PB,HER42PB1A,32,42.5,43.1,43.1,0.6,190,486,346,345,148,0.078,0.03455,19302,57366.85714,1.43,70.14285714,412.2857143,166.5714286,119,15442.28571,0.357142857,84.57142857,764.8571429,616.7142857,29930.57143,5326,5.629066214,1.727044158,0.177966546,-1.727044157,35256.57143,318.2153359,2236.237646,0.10198039,16.80702801,68.55098902,34.40860911,22.79619851,1957.958011,0.944911183,45.28008077,96.19499046,117.4133926,438.4069104,234.8481779,0.260073458,0.045621429,0.008018337,0.045621429,520.0717441,71.78,28.22,1.41,32.95,1.65,19.11,1.65,2.950211758,0.25472786,4.1542,1.5038,1.0704,0.4209,0.1734,0.0328,0.0281,85.5
Isla Hermite,HER42PB,HER42PB1A,33,43.9,44.4,44.4,0.6,226,491,366,363,132,0.0777,0.02934,19512,56151,1.256666667,68.33333333,421.1666667,130,106,12477,18.5,94.33333333,729.8333333,674.8333333,31409.33333,5584.833333,5.625461729,1.726915193,0.177902757,-1.726915193,36994.16667,760.6265838,2599.987538,0.096884811,23.88025684,50.94474131,24.19090738,17.0997076,1601.961672,26.30399209,63.66998246,74.40810888,98.68214969,973.34242,140.9559033,0.169633084,0.030688606,0.005555929,0.030688607,1043.182327,73.32,26.68,1.33,37.81,1.89,21.93,1.89,3.087855562,0.266121615,4.173,1.5565,1.0735,0.3907,0.1653,0.0304,0.0243,80.1
Isla Hermite,HER42PB,HER42PB1A,34,45.2,45.8,45.8,0.6,253,496,388,381,122,0.0772,0.02563,18388.42857,52994,1.318571429,94,523.7142857,204.4285714,144,12434.28571,0.357142857,128.5714286,873.5714286,617.2857143,28647.14286,5300,5.407837241,1.687517459,0.185040487,-1.687517459,33947.14286,231.2443564,588.9818899,0.0712808,23.76271589,72.2719731,85.40073603,38.57460304,1559.893235,0.944911183,74.63657982,141.4753891,99.10384164,790.6034464,181.7810038,0.149331503,0.027929676,0.005226652,0.027929676,912.5395751,75.75,24.25,1.21,40.77,2.04,23.65,2.04,3.163363115,0.272865148,3.7018,1.4085,1.1325,0.3626,0.1561,0.028,0.0213,76.3
Isla Hermite,HER42PB,HER42PB1B,42,45.7,46.3,46.3,0.6,262,499,397,387,118,0.0779,0.0248,19296,54703.28571,1.365714286,78,461,177.1428571,124.2857143,11693.71429,3.571428571,89.14285714,944.8571429,673,30474.57143,5569.428571,5.477071794,1.700101759,0.182751696,-1.700101759,36044,553.7463318,1604.226887,0.088101673,11.53256259,36.38223009,39.18940576,24.42481174,697.5097883,9.449111825,76.15648051,66.50921884,74.30343195,733.9461509,235.0594656,0.180005744,0.033182266,0.006121918,0.033182267,894.8014677,70.34,29.66,1.48,30.87,1.54,17.91,1.55,2.885359216,0.249710038,3.7018,1.7047,1.1349,0.4786,0.2443,0.0373,0.0309,82.9
Isla Hermite,HER42PB,HER42PB1B,43,47.1,47.6,47.6,0.6,284,508,420,404,112,0.0782,0.02252,18747.66667,49194.33333,1.345,60.33333333,353.3333333,111.3333333,97.66666667,6171.5,0.357142857,73.33333333,711.3333333,702.8333333,31774,5505.5,5.773079279,1.75307972,0.173261362,-1.75307972,37279.5,364.0437703,1123.157988,0.085264295,8.238122764,22.53589729,23.80476143,17.90716802,630.7439259,0.944911183,37.76064971,75.55836596,74.24666098,605.7042182,155.2401366,0.100446094,0.017373982,0.00300623,0.017373983,735.2672303,71.83,28.17,1.41,34.82,1.74,20.2,1.74,3.005682604,0.258905333,3.9915,1.888,1.0665,0.4183,0.2188,0.0327,0.0265,81.1
Isla Hermite,HER42PB,HER42PB1B,44,48.4,49,49,0.6,304,519,443,421,107,0.0838,0.0224,19537.42857,50779.57143,1.331428571,57,334.4285714,124.7142857,92,5505,0.357142857,116.4285714,680.1428571,741.7142857,33394.14286,5691.428571,5.869813106,1.769680906,0.170411638,-1.769680907,39085.57143,270.8984171,1396.51517,0.0612178,17.77638883,25.92847304,39.67246856,31.02149792,1096.040754,0.944911183,75.16616513,20.84409246,42.51946333,541.1218065,168.4051238,0.106556313,0.018216553,0.003114818,0.018216553,687.8974868,74.24,25.76,1.29,39.42,1.97,22.86,1.97,3.129388658,0.269680475,4.6635,2.2595,1.0375,0.36,0.1924,0.0302,0.0242,80.2
Isla Hermite,HER42PB,HER42PB1B,45,49.8,50.4,50.4,0.6,322,536,461,438,107,0.1066,0.02723,18759.71429,47270.71429,1.325714286,49,318.4285714,100,75,3408.142857,10.28571429,111,761.1428571,639.5714286,32409.85714,5532.142857,5.861727027,1.76813936,0.170702972,-1.76813936,37942,276.8764552,574.0536311,0.103900135,21.57931108,39.14867875,32.74141109,16.43167673,439.3648554,18.88309902,69.05553321,141.9476765,61.62482493,310.3108273,144.8452376,0.155292605,0.026765213,0.004616214,0.026765212,355.0765176,76.54,23.46,1.17,38.94,1.95,22.59,1.95,3.11750733,0.269107538,3.9588,1.9437,1.1963,0.3666,0.1984,0.0391,0.0311,79.6
Isla Hermite,HER42PB,HER42PB1B,46,51.2,51.8,51.8,0.6,334,550,474,451,108,0.1055,0.02649,17368.14286,44925.57143,1.327142857,75.14285714,467.7142857,114.2857143,94.71428571,4487.142857,4.142857143,76.42857143,888.2857143,608.2857143,29298,5145.857143,5.688953875,1.737787152,0.176037883,-1.737787152,34443.85714,993.7609418,3368.394319,0.074322335,23.58974757,89.42727825,55.9425726,48.04412654,1701.279365,10.96096972,61.12243762,144.3464747,72.58033316,2359.460249,261.5017072,0.237518469,0.041420931,0.007228696,0.041420931,2593.233916,74.05,25.95,1.3,36.63,1.83,21.25,1.83,3.056356895,0.263206264,4.5593,2.2979,1.0725,0.3758,0.2082,0.0397,0.0319,80.5
Isla Hermite,HER42PB,HER42PB1B,47,52.6,53.2,53.2,0.6,340,572,484,464,116,0.1066,0.02778,18223.14286,46719.71429,1.344285714,43.85714286,312.7142857,89.14285714,86.42857143,4331.857143,0.357142857,119.2857143,817.7142857,645,30974.42857,5326.571429,5.818808849,1.760776746,0.17196532,-1.760776747,36301,225.5707048,832.2863518,0.088855152,16.91575766,38.68985347,25.05612747,27.69390512,591.0799237,0.944911183,74.37229387,123.6941312,136.0637106,241.8552302,151.1410568,0.159838626,0.027178664,0.004623442,0.027178665,323.807556,74.64,25.36,1.27,30.82,1.54,17.88,1.54,2.88368277,0.248370887,4.2706,2.1929,1.1154,0.379,0.2135,0.0404,0.0333,82.4
Isla Hermite,HER42PB,HER42PB1B,48,54,54.5,54.5,0.6,345,599,494,477,127,0.1058,0.02929,18082.33333,48215.16667,1.321666667,73.33333333,413,166.5,108,6598.166667,4.5,122.1666667,818.3333333,649.6666667,30065,5239.166667,5.739122347,1.74718382,0.174285191,-1.747183819,35304.16667,172.0798264,440.7618026,0.088411915,14.78738201,31.00967591,48.62818113,20.07984064,243.1858686,9.203260292,68.11289648,81.40925418,88.98913791,417.2112175,65.27301637,0.098779253,0.017111616,0.002964792,0.017111616,431.8376624,75.7,24.3,1.21,40.85,2.04,23.69,2.04,3.165053018,0.272549943,3.9811,2.0781,1.1561,0.3711,0.2123,0.0393,0.0333,84.9
Isla Hermite,HER42PB,HER42PB1B,49,55.3,55.9,55.9,0.6,349,628,502,490,139,0.1066,0.03144,17280,46462.57143,1.304285714,62,386.8571429,153.7142857,129.4285714,6935.714286,11.57142857,171.1428571,936.8571429,584.2857143,28124.14286,5281.285714,5.330216006,1.672968928,0.187769504,-1.672968928,33405.42857,241.3241251,1094.796915,0.049952358,15.69500982,32.55983503,31.3885026,27.28770873,795.3158103,28.05861212,86.28137801,115.0629227,70.57552523,401.8832453,198.4369877,0.166251038,0.031521996,0.005981274,0.031521996,537.6646592,73.13,26.87,1.34,46.66,2.33,27.07,2.33,3.298426104,0.283905904,4.0765,2.1707,1.2054,0.4429,0.258,0.0472,0.0414,87.7
Isla Hermite,HER42PB,HER42PB1B,50,56.7,57.2,57.2,0.6,353,658,511,503,153,0.1062,0.0333,17197.5,45649.16667,1.321666667,59.16666667,334,135.3333333,105.6666667,5611.666667,22.16666667,124.6666667,988,719.1666667,28348.83333,5327,5.329910251,1.672570548,0.187910045,-1.672570547,33675.83333,187.664328,579.38499,0.066458007,18.69135272,67.38842631,39.18503116,9.933109617,817.1789686,27.7950835,74.98711,145.7065544,113.3550469,489.543631,249.8151316,0.226006625,0.043025268,0.008200335,0.043025268,623.2365255,68.99,31.01,1.55,28.45,1.42,16.5,1.43,2.803360381,0.2429579,3.9811,2.1578,1.1804,0.5306,0.3141,0.0564,0.051,90.6
Isla Hermite,HER42PB,HER42PB1B,51,58,58.6,58.6,0.6,356,690,519,515,167,0.1058,0.03531,18193,47735,1.334285714,76.57142857,372.4285714,133.2857143,97,5639.142857,4.285714286,119.1428571,881.2857143,700.4285714,30552.71429,5385.428571,5.675013112,1.73590944,0.176268695,-1.73590944,35938.14286,213.3994689,881.0122965,0.056526437,23.30133861,47.09160273,44.50361141,23.88165265,712.4865914,7.674943772,82.32137951,61.46466271,96.14200806,406.201803,124.0092162,0.110744489,0.019535281,0.003447216,0.019535281,484.4486311,72.7,27.3,1.36,28.98,1.45,16.81,1.45,2.821973947,0.243418336,3.8992,2.1543,1.2279,0.461,0.2778,0.0488,0.0457,93.6
Isla Hermite,HER42PB,HER42PB1B,52,59.3,59.9,59.9,0.6,358,724,528,528,183,0.0915,0.0326,18518.14286,48376.42857,1.357142857,67.28571429,377.1428571,132,104.7142857,6232.857143,7.571428571,94.28571429,758.7142857,680.7142857,30780.28571,5423,5.679581312,1.736313545,0.176268293,-1.736313545,36203.28571,218.9226869,1032.918173,0.096387116,11.88436348,50.71958389,27.98809271,18.52668603,554.1607554,14.53567041,45.74098922,141.4599051,48.36567063,626.8098367,136.4196955,0.205750122,0.036302047,0.006411339,0.036302047,602.4809027,74.75,25.25,1.26,36.29,1.81,21.05,1.82,3.04690056,0.263437483,3.8992,2.1933,1.2888,0.4354,0.2667,0.0398,0.0386,96.9
Isla Hermite,HER42PB,HER42PB1B,53,60.6,61.2,61.2,0.6,374,736,542,542,181,0.0895,0.03071,19059.85714,48922.85714,1.395714286,61.28571429,331,119.4285714,78.71428571,5374.142857,4.714285714,38,731.7142857,702.1428571,32099.57143,5583.285714,5.752137684,1.748822966,0.174111749,-1.748822965,37682.85714,548.1476165,1546.182981,0.131511361,13.69567189,54.42732157,41.02380261,24.8576902,637.3189752,12.47282761,41.21892769,153.705036,67.32614294,1035.130404,123.4149022,0.237834126,0.042022587,0.007437182,0.042022588,1023.166234,74.57,25.43,1.27,35.88,1.79,20.81,1.8,3.03543364,0.262555529,3.7179,2.1248,1.2955,0.4419,0.2746,0.0396,0.0382,96.5
Isla Hermite,HER42PB,HER42PB1B,54,61.9,62.5,62.5,0.6,385,749,558,557,182,0.0901,0.03037,18702.28571,48460.57143,1.31,45.42857143,308.4285714,113.7142857,82.28571429,5310.428571,6.428571429,110.2857143,672.5714286,695.4285714,31982.85714,5638,5.67596245,1.73598658,0.176271954,-1.73598658,37620.85714,187.018461,1153.002581,0.08850612,8.283661486,56.4383355,35.66844677,22.11872725,833.8810581,17.00840129,86.21816183,64.60871237,120.0636736,302.7498575,163.2564445,0.136525698,0.024460471,0.004384572,0.024460472,417.1719983,72.72,27.28,1.36,32.99,1.65,19.13,1.65,2.951257783,0.254551769,4.4562,2.6002,1.1627,0.4362,0.2763,0.0393,0.0381,97.1
Isla Hermite,HER42PB,HER42PB1B,55,63.3,63.9,63.9,0.6,393,768,572,572,187,0.0895,0.03008,19326.85714,49985.14286,1.301428571,46.14285714,272.5714286,88.71428571,65.42857143,5945.714286,4.428571429,116,674.8571429,769.2857143,32588.42857,5644.285714,5.777538913,1.753541525,0.173235669,-1.753541526,38232.71429,201.4765731,920.5495512,0.053984125,10.44714589,43.63048301,24.56090583,11.48705275,617.166567,11.71689866,79.79557214,141.938283,150.9146716,282.8720896,139.3983671,0.183701651,0.031960282,0.005563006,0.031960283,191.9329,76.96,23.04,1.15,32.27,1.61,18.72,1.62,2.929592471,0.253522425,3.808,2.2544,1.1709,0.3505,0.225,0.0314,0.0307,97.8
Isla Hermite,HER42PB,HER42PB1B,56,64.7,65.2,65.2,0.6,401,788,586,587,194,0.0894,0.03031,18076.33333,47793.83333,1.286666667,64.5,374.6666667,171.1666667,90.66666667,6873.333333,11.33333333,81.83333333,738.3333333,609.3333333,29846.33333,5216.5,5.722845216,1.743850738,0.174953758,-1.743850738,35062.83333,495.4988059,1666.313226,0.076332606,14.22322045,29.58828597,54.80662977,21.71328318,807.0387021,27.76088375,81.75675303,108.0752824,65.99595947,991.0020518,68.62871119,0.219631,0.038459293,0.006743825,0.038459293,976.6037921,80.11,19.89,0.99,43,2.15,24.94,2.15,3.21647294,0.27728215,3.808,2.2924,1.2687,0.3151,0.2054,0.0282,0.0279,99.1
Isla Hermite,HER42PB,HER42PB1B,57,66,66.5,66.5,0.6,406,820,599,601,207,0.0899,0.03167,18021,47626.83333,1.291666667,50,323.5,148.1666667,91.33333333,6081.666667,4.5,135.1666667,817.5,710,30215.33333,5356,5.644841234,1.730544608,0.17722241,-1.730544609,35571.33333,305.1471776,1172.447767,0.039707262,18.74033084,39.28740256,25.89530202,11.46589145,492.5763562,7.1484264,46.35263387,111.6042114,91.20307012,591.9400871,195.7038579,0.123712404,0.02169684,0.003806493,0.021696841,771.4761608,75.01,24.99,1.25,36.75,1.84,21.32,1.84,3.059645599,0.26405947,3.6289,2.2172,1.3219,0.4404,0.2911,0.0396,0.0401,101.3
Isla Hermite,HER42PB,HER42PB1B,58,67.3,67.8,67.8,0.5,412,852,610,615,220,0.0901,0.03289,18361.33333,47908.16667,1.348333333,43.66666667,241.5,102,75.33333333,5556.166667,0.357142857,96.83333333,681.5,708,31434,5579.833333,5.635011704,1.728836963,0.17751902,-1.728836963,37013.83333,203.9133803,1237.663996,0.081588398,15.48762947,53.50420544,34.68717342,10.55777754,860.8756976,0.944911183,61.89480323,154.2734585,84.19263626,312.5290387,103.8795777,0.112177309,0.01964784,0.003442186,0.01964784,347.232727,74.09,25.91,1.3,36.44,1.82,21.13,1.82,3.050693832,0.262766814,3.8101,2.3737,1.1681,0.4085,0.2749,0.0368,0.0382,103.8
Isla Hermite,HER42PB,HER42PB1B,59,68.5,69.1,69.1,0.6,418,886,622,630,234,0.092,0.03494,18174.57143,48315.14286,1.314285714,58.42857143,297.8571429,139.7142857,100.7142857,7478.571429,0.357142857,135.5714286,748.5714286,743.8571429,29976.14286,5266.285714,5.696144654,1.739217559,0.17575926,-1.739217559,35242.42857,421.1182958,1099.723212,0.052553827,23.45106354,68.60376222,59.30068658,26.25969209,1246.100565,0.944911183,69.40426774,99.33589003,255.5291429,941.0964224,190.042727,0.207094991,0.036622782,0.006482212,0.03662278,1033.154854,73.34,26.66,1.33,29.75,1.49,17.25,1.49,2.847812143,0.245984933,4.2706,2.7054,1.1864,0.4313,0.2948,0.0397,0.0422,106.3
Isla Hermite,HER42PB,HER42PB1B,60,69.9,70.4,70.4,0.5,426,913,634,644,243,0.0984,0.03793,17781,46809.5,1.386666667,35.66666667,260,94.33333333,99.83333333,6844.833333,0.357142857,166.3333333,855,671.5,29104.66667,5165,5.639835488,1.729446372,0.177453623,-1.729446372,34269.66667,153.7283318,953.6745252,0.097707045,6.282250128,33.49626845,36.00925807,33.51666252,1084.172203,0.944911183,72.2514129,72.31873893,92.05813381,173.9375367,171.8301487,0.178377733,0.031156035,0.005445701,0.031156035,299.2361386,69.15,30.85,1.54,25.75,1.29,14.94,1.29,2.70404218,0.233481554,3.722,2.3914,1.2274,0.5476,0.3792,0.0539,0.0581,107.8
Isla Hermite,HER42PB,HER42PB1B,61,71.1,71.7,71.7,0.6,438,921,647,657,241,0.0985,0.0369,17380.85714,47191.14286,1.271428571,62.85714286,365.2857143,152.5714286,123.1428571,7763.571429,0.357142857,152.5714286,949.7142857,641.7142857,28254.42857,5245.285714,5.391121205,1.684345283,0.185639618,-1.684345282,33499.71429,267.9697922,1289.322229,0.075372093,14.02888177,64.83752588,46.01759498,31.23261421,874.8658673,0.944911183,80.52506265,160.2505479,84.09065403,662.5463146,204.6401022,0.168616004,0.030651662,0.005576489,0.030651662,809.3200262,70.63,29.37,1.47,28.73,1.44,16.67,1.44,2.813610697,0.243047355,4.0849,2.6695,1.1538,0.4797,0.3375,0.0472,0.0509,107.8
Isla Hermite,HER42PB,HER42PB1B,62,72.4,73,73,0.5,452,929,661,670,239,0.0989,0.03593,18181.42857,48093.57143,1.307142857,57.42857143,372.5714286,116,102.7142857,6504.428571,8.142857143,143.7142857,857.8571429,618.4285714,30138.71429,5238.285714,5.759404461,1.750228863,0.173839083,-1.750228862,35377,132.0906976,819.7245182,0.100617143,18.34718092,37.26865145,20.33879708,20.75021515,903.0743523,14.14718548,49.06361274,75.25164134,128.7424524,349.5638779,173.6948611,0.216692633,0.037556846,0.006515082,0.037556848,353.8427146,71.04,28.96,1.45,30.27,1.51,17.56,1.52,2.865623588,0.248049422,3.6349,2.4063,1.2411,0.5059,0.3602,0.05,0.0538,107.5
Isla Hermite,HER42PB,HER42PB1B,63,73.7,74.3,74.3,0.6,463,939,675,683,238,0.0985,0.03504,17712,46878.57143,1.274285714,46.28571429,338,113,98.14285714,6058.571429,0.357142857,130.8571429,942.1428571,676.4285714,29467,5378.571429,5.479498901,1.700947982,0.182522433,-1.700947983,34845.57143,137.8308142,742.2016476,0.036903994,10.29100393,47.5464685,18.46618531,19.7604704,1019.219286,0.944911183,59.87884593,167.6409144,141.3964369,549.8751373,130.1574139,0.067770183,0.0123844,0.00226333,0.012384399,665.4028497,72.95,27.05,1.35,33.31,1.67,19.32,1.67,2.961140829,0.255957825,4.0765,2.7414,1.0844,0.4022,0.2906,0.0396,0.0427,107.8
Isla Hermite,HER42PB,HER42PB1B,64,75,75.5,75.5,0.5,473,953,689,696,240,0.0981,0.03448,17300.5,47285,1.303333333,71,417.3333333,226,119.8333333,8209.833333,0.357142857,138,930.1666667,622.5,27876,5122.833333,5.442172682,1.694107219,0.183776295,-1.694107219,32998.83333,210.7935008,1284.110899,0.08453796,18.19890107,62.98147876,97.86316978,32.17089782,1251.119086,0.944911183,60.32578222,149.5679333,68.83821613,843.0897936,165.3462025,0.071109047,0.013068521,0.002402037,0.013068521,996.3937809,70.19,29.81,1.49,18.03,0.9,10.46,0.91,2.347558459,0.204233097,3.4619,2.361,1.2397,0.5266,0.3855,0.0517,0.056,108.4
Isla Hermite,HER42PB,HER42PB1B,65,76.2,76.8,76.8,0.6,480,964,703,709,242,0.0985,0.03433,17534.85714,48738.71429,1.287142857,88,453.5714286,201.4285714,143.5714286,9090.142857,0.357142857,139.4285714,883,637.8571429,28192.85714,5220.285714,5.402425941,1.686590541,0.185196917,-1.686590541,33413.14286,115.663922,1200.281733,0.066511725,14.53730832,35.61767886,29.92689505,17.97087591,795.9332946,0.944911183,61.25590351,86.64486905,61.97157567,455.8371159,108.9475627,0.133118024,0.024452583,0.004493749,0.024452584,485.3313056,67.77,32.23,1.61,19.39,0.97,11.25,0.97,2.420368129,0.208689519,3.808,2.6352,1.0644,0.5063,0.3757,0.0499,0.0544,109.1
Isla Hermite,HER42PB,HER42PB1B,66,77.6,78.1,78.1,0.5,489,977,716,722,244,0.0985,0.03398,17149.16667,49052.5,1.246666667,80.33333333,516.1666667,218.6666667,175,10782.33333,13,143.5,1008.666667,629,26761.16667,5115.5,5.232534883,1.654487696,0.191266941,-1.654487696,31876.66667,248.4048443,1124.652969,0.045460606,7.916228058,77.92410838,47.59691867,19.30802942,1035.369821,14.62873884,74.30410487,185.2141103,86.13245614,682.1798639,71.80738124,0.164915672,0.031189305,0.005902849,0.031189307,672.809235,65.25,34.75,1.74,26.48,1.32,15.36,1.33,2.731766728,0.236539697,3.4639,2.4282,1.196,0.6369,0.4783,0.0627,0.0688,109.6
Isla Hermite,HER42PB,HER42PB1B,67,78.8,79.4,79.4,0.6,496,996,730,735,250,0.0997,0.0346,16437.42857,46911.57143,1.327142857,113.7142857,578.1428571,265.4285714,134.2857143,10450.71429,0.357142857,151.5714286,1123.714286,610.1428571,25178.57143,5017.714286,5.018378315,1.612873747,0.199360096,-1.612873747,30196.28571,364.2983471,1461.395322,0.058513328,37.46426869,84.13962319,107.8561652,17.70794818,743.6075834,0.944911183,38.09574404,142.7873877,65.66183207,627.8006205,84.45455244,0.117508385,0.02327398,0.004611029,0.023273979,668.93291,66.66,33.34,1.67,27.32,1.37,15.84,1.37,2.762538386,0.238931666,3.454,2.4523,1.087,0.5436,0.4131,0.0542,0.06,110.7
Isla Hermite,HER42PB,HER42PB1B,68,80.1,80.7,80.7,0.6,506,1011,743,748,252,0.1004,0.03459,15732.14286,46460.57143,1.322857143,119.7142857,555.8571429,266.7142857,186.2857143,11651.42857,1.142857143,177.7142857,1130.714286,550,23797.85714,4757.285714,5.001560844,1.609596574,0.199998537,-1.609596573,28555.14286,615.9378834,1870.365014,0.078467464,26.33574431,97.1432423,52.93302147,28.7211553,1240.810334,3.023715784,84.03315672,81.93638647,75.31268154,1068.436463,168.674948,0.095300874,0.018857495,0.003732425,0.018857494,1224.421691,60.22,39.78,1.99,19.16,0.96,11.11,0.96,2.407845604,0.208058666,3.8869,2.8044,1.0603,0.7005,0.5404,0.0703,0.0785,111.6
Isla Hermite,HER42PB,HER42PB1B,69,81.5,82,82,0.5,522,1022,756,761,250,0.1008,0.03369,15978.16667,51812.5,1.315,151,770,429,257.3333333,18107.33333,12.16666667,199.3333333,1280.333333,555,22157.66667,4734.833333,4.682743315,1.542967996,0.21394283,-1.542967996,26892.5,415.2249591,1076.365133,0.082643814,22.48555092,87.180273,68.16744091,26.2729265,1246.085016,22.87720845,46.43992535,97.53290043,104.747315,718.8092005,96.60935082,0.218932102,0.046962891,0.010091415,0.046962891,671.461019,56.09,43.91,2.2,18.54,0.93,10.75,0.93,2.374905755,0.205456963,3.6349,2.6608,1.0156,0.7951,0.6217,0.0801,0.0895,111.6
Isla Hermite,HER42PB,HER42PB1B,70,82.7,83.3,83.3,0.6,537,1035,771,774,249,0.1012,0.03322,16008.85714,52863.71429,1.318571429,198,863.7142857,426.4285714,256,19413.57143,33.28571429,207.1428571,1353.142857,549.7142857,21604.57143,4768.857143,4.531373377,1.510835425,0.220767321,-1.510835425,26373.42857,520.4688363,1786.755972,0.106525204,31.17156824,99.86610083,85.88336498,33.40658618,1564.800931,43.05699434,52.26671526,156.4687707,160.8909717,686.8114387,158.2291888,0.09536358,0.021030741,0.004638878,0.02103074,818.2810962,52.31,47.69,2.38,17.75,0.89,10.3,0.89,2.332143895,0.201515346,3.808,2.8256,0.9484,0.8646,0.6847,0.0875,0.098,112
Isla Hermite,HER42PB,HER42PB1B,71,84,84.6,84.6,0.6,551,1045,784,787,247,0.1004,0.03221,16954.85714,58790.14286,1.378571429,221.8571429,956.8571429,394.5714286,330.5714286,25049.14286,7.857142857,182.4285714,1320.571429,489.5714286,21879.85714,4665.428571,4.690533727,1.544334764,0.213712641,-1.544334763,26545.28571,647.3652829,3216.45568,0.087450666,52.44816035,198.1206943,45.87249409,78.27059291,3563.732099,10.74598485,95.42860707,188.1336911,64.68347842,1519.607781,226.2777476,0.249338826,0.05317929,0.011363049,0.05317929,1673.347614,56.41,43.59,2.18,14.94,0.75,8.66,0.75,2.158714723,0.186955663,4.0849,3.078,0.9182,0.7095,0.5701,0.0712,0.0801,112.4
Isla Hermite,HER42PB,HER42PB1B,72,85.3,85.9,85.9,0.6,560,1057,797,800,248,0.1005,0.03185,18655.57143,57828.42857,1.347142857,155.7142857,693.1428571,287.7142857,177,18864.28571,17.57142857,175.2857143,963.4285714,573.1428571,27017.28571,5118.571429,5.280532377,1.663784031,0.18946701,-1.663784031,32135.85714,646.8804261,3170.232108,0.053452248,43.5190161,122.0046838,50.88128106,30.05550421,1995.792216,26.2796318,62.52923126,145.399286,158.2186552,1231.641413,252.0329721,0.125507093,0.023826044,0.004524913,0.023826043,1458.043144,57.17,42.83,2.14,19.96,1,11.58,1,2.449279472,0.211509454,3.8992,2.9732,1.0112,0.7574,0.6154,0.0761,0.086,112.9
Isla Hermite,HER42PB,HER42PB1C,80,86.5,87.2,87.2,0.6,570,1069,810,813,250,0.101,0.03175,18055.71429,56346.42857,1.375714286,128.8571429,690.5714286,292.4285714,193.5714286,17745,3,187.1428571,1144.714286,604.2857143,26318.71429,5187.142857,5.072843207,1.623755607,0.197185605,-1.623755607,31505.85714,889.5466475,3496.907007,0.084628038,26.25153057,88.24937609,52.42727389,27.02379904,1966.141229,7.937253933,48.89931346,191.7035161,117.1618742,1460.096083,246.8261389,0.093602001,0.018445293,0.003635702,0.018445293,1695.165816,48.46,51.54,2.58,9.36,0.47,5.43,0.48,1.691939134,0.14956368,4.9676,4.1976,0.6572,0.699,0.6256,0.0706,0.0854,120.9
Isla Hermite,HER42PB,HER42PB1C,81,88,88.6,88.6,0.7,581,1093,824,827,256,0.1007,0.03187,18581,53526.85714,1.34,90.85714286,497.8571429,226.1428571,158,11723,0.357142857,110,886.4285714,630,29980.85714,5360.142857,5.592538252,1.72112569,0.178919273,-1.72112569,35341,309.3611697,1073.490169,0.09797959,12.62838828,65.72525788,31.36042395,33.90673483,1695.408505,0.944911183,121.6168848,109.3173624,96.76431849,1189.51803,124.506263,0.150417562,0.026736338,0.004755128,0.026736337,1286.296493,66.93,33.07,1.65,23.69,1.18,13.74,1.19,2.620311287,0.226941079,6.0012,5.152,0.7651,0.3781,0.3435,0.0381,0.0466,122.5
Isla Hermite,HER42PB,HER42PB1C,82,89.4,90,90,0.6,588,1117,838,841,264,0.1008,0.03237,19116,49846.28571,1.332857143,55.71428571,311,160.8571429,116.7142857,6487.142857,0.357142857,98.85714286,702.2857143,587.8571429,31540.85714,5509.571429,5.727500987,1.744889713,0.174732577,-1.744889714,37050.42857,280.7905506,544.8298555,0.129062554,15.90297965,40.61608877,67.62255189,31.74226565,890.2221499,0.944911183,95.23729762,98.87317514,100.3318304,506.2329597,119.8872486,0.172347067,0.030180895,0.005288562,0.030180894,489.7277669,72.86,27.14,1.36,29.99,1.5,17.4,1.5,2.856470206,0.246247432,5.0921,4.4123,0.8919,0.3322,0.3045,0.0335,0.0414,123.8
Isla Hermite,HER42PB,HER42PB1C,83,90.8,91.4,91.4,0.6,605,1129,852,854,262,0.1009,0.03158,19927.57143,54479.85714,1.33,104.7142857,507.8571429,210.5714286,139,9908.285714,3,115.4285714,872.5714286,737.4285714,32021.85714,5719.142857,5.60145342,1.722734247,0.178629411,-1.722734247,37741,389.0993263,768.874595,0.071414284,40.21904311,91.89020363,46.59348003,15.14375559,949.268089,7.937253933,74.67899558,112.0801159,80.08715491,595.2286475,146.5997142,0.146064703,0.026106486,0.004668584,0.026106486,658.2150105,75.07,24.93,1.25,31.31,1.57,18.16,1.57,2.899221373,0.250648544,4.9832,4.3653,0.9378,0.3114,0.2884,0.0314,0.0389,123.9
Isla Hermite,HER42PB,HER42PB1C,84,92.1,92.7,92.7,0.6,617,1138,867,868,260,0.1012,0.03101,19308.85714,52712,1.27,77.28571429,439,221.8571429,120.5714286,9050.714286,1.714285714,84.28571429,896.2857143,703.1428571,31382.85714,5616.428571,5.588295373,1.720494756,0.179009532,-1.720494756,36999.28571,303.3317373,1336.423336,0.088694231,15.09651489,87.92041856,63.68262079,27.51882473,1233.135937,4.535573676,67.48509536,103.8311358,125.6866853,825.0350353,130.3953695,0.114697242,0.020439472,0.003643186,0.020439471,916.8372655,74.06,25.94,1.3,31.41,1.57,18.22,1.57,2.902519892,0.250107367,5.0921,4.5141,0.9135,0.32,0.2997,0.0324,0.0402,124.3
Isla Hermite,HER42PB,HER42PB1C,85,93.5,94.1,94.1,0.6,632,1154,880,881,261,0.1008,0.0305,20027.71429,52943.57143,1.345714286,64.28571429,382.1428571,131.7142857,110.8571429,6735.428571,0.357142857,117.5714286,783.4285714,681.7142857,34125.14286,5784.571429,5.905924501,1.775088036,0.169616614,-1.775088036,39909.71429,265.7101894,1082.237321,0.052553827,17.32737993,43.4719395,35.98941643,28.50396798,835.1656237,0.944911183,80.41736368,57.80962187,104.9106196,773.9865263,191.6549479,0.264870106,0.045078997,0.007679028,0.045078998,743.4730917,76.75,23.25,1.16,38.47,1.92,22.31,1.93,3.105035008,0.268611276,4.5702,4.0903,0.9583,0.2903,0.2743,0.0293,0.0365,124.8
Isla Hermite,HER42PB,HER42PB1C,86,94.8,95.4,95.4,0.6,642,1168,894,895,263,0.1013,0.03045,19653,52322,1.355714286,71.71428571,420.7142857,163.2857143,128.4285714,7931.571429,0.357142857,143.4285714,860.1428571,681.2857143,32171.85714,5696,5.651177114,1.73144172,0.177103844,-1.731441719,37867.85714,334.4851766,1274.601899,0.1011364,11.62919151,64.1293336,47.25009448,30.42398803,1007.18053,0.944911183,61.58153712,83.3775121,53.58393505,540.9982836,133.9166407,0.177240786,0.031396084,0.00556536,0.031396083,533.3555501,77.25,22.75,1.14,41.25,2.06,23.93,2.06,3.175132902,0.273329452,4.9676,4.4957,0.9147,0.2694,0.2573,0.0273,0.0343,125.6
Isla Hermite,HER42PB,HER42PB1C,87,96.2,96.8,96.8,0.6,649,1181,909,908,266,0.1009,0.03013,19441.57143,50961,1.3,72,406.4285714,134.8571429,114.1428571,6811,0.357142857,157,861.8571429,702,31892.85714,5790.714286,5.50948075,1.706307631,0.181564359,-1.706307631,37683.57143,194.1501628,1186.416453,0.086023253,19.39071943,43.16193208,33.26874695,20.20254581,885.9352873,0.944911183,69.70174555,175.2801839,90.35485598,552.7767568,156.3017533,0.107429936,0.019481234,0.003533507,0.019481234,671.3525793,74.32,25.68,1.28,35.14,1.76,20.38,1.76,3.014554028,0.260334401,4.6635,4.2648,0.9229,0.3189,0.3076,0.0322,0.0406,126.3
Isla Hermite,HER42PB,HER42PB1C,88,97.6,98.1,98.1,0.6,655,1192,921,921,268,0.1009,0.02997,19150,50327.5,1.281666667,76.33333333,435.5,168.6666667,120,6155.666667,0.357142857,174.5,893.1666667,857.6666667,31799.16667,5645.666667,5.633276432,1.728511827,0.177580177,-1.728511828,37444.83333,387.8427516,1880.019016,0.075210815,24.50034013,53.02735143,18.12916619,36.50205474,595.9119622,0.944911183,50.13880733,161.6037335,173.7649754,785.354803,128.6525035,0.117102188,0.020731788,0.003671417,0.020731788,871.3801505,71.94,28.06,1.4,31.26,1.56,18.13,1.57,2.897568025,0.250920121,4.3715,4.0436,0.9819,0.383,0.3734,0.0386,0.0492,127.2
Isla Hermite,HER42PB,HER42PB1C,89,98.8,99.4,99.4,0.6,664,1203,934,934,270,0.0993,0.02927,17466.42857,47288.85714,1.378571429,79.57142857,541.1428571,230.1428571,155.8571429,8037.857143,8.571428571,121.8571429,917.1428571,598.2857143,28058.57143,5136.571429,5.463501004,1.697940864,0.183087264,-1.697940863,33195.14286,338.5222086,1807.476457,0.119781547,17.69046017,108.088588,99.70695157,59.93726879,1115.895668,14.64988217,75.40430706,121.8721031,79.95564246,378.2648354,82.1195412,0.102001735,0.018627497,0.003402569,0.018627497,403.9849125,73.67,26.33,1.32,35.31,1.77,20.48,1.77,3.0194488,0.260958221,4.9832,4.6643,0.8839,0.3159,0.3115,0.0314,0.0402,128.1
Isla Hermite,HER42PB,HER42PB1C,90,100.2,100.8,100.8,0.6,679,1214,948,948,267,0.098,0.02824,19321,48265.28571,1.335714286,44.85714286,264,192.2857143,75,3677,0.357142857,66.42857143,609.7142857,700.8571429,33249.57143,5509.714286,6.031666201,1.79687984,0.165839163,-1.796879841,38759.28571,642.551684,1304.885782,0.052235729,17.21848398,45.31004304,248.2812345,44.76605857,1043.503075,0.944911183,56.00850276,124.9102535,120.3099173,1958.015139,247.2540625,0.110531506,0.018280623,0.003024216,0.018280624,2199.881945,70.96,29.04,1.45,32.26,1.61,18.71,1.62,2.92905814,0.253611662,4.6419,4.3797,0.9539,0.3903,0.3878,0.0383,0.049,128.2
Isla Hermite,HER42PB,HER42PB1C,91,101.6,102.3,102.3,0.8,703,1223,965,964,260,0.0977,0.0271,19412.5,50895.25,1.35,56.5,374.375,126.75,106.875,6511.875,0.75,114.125,764,682.5,32436.625,5452.625,5.950982134,1.78323525,0.168147988,-1.783235249,37889.25,349.110707,1324.276919,0.119283576,11.97616681,71.45815459,32.49945054,22.04824256,1066.933582,2.121320344,60.70640705,117.7127254,92.39975263,688.1098205,127.7932901,0.160358648,0.027160292,0.004603621,0.027160291,732.4830081,76.82,23.18,1.16,36.47,1.82,21.15,1.83,3.051639905,0.264042602,5.6991,5.4369,0.7432,0.2242,0.2251,0.0219,0.0281,128.1
Isla Hermite,HER42PB,HER42PB1C,92,103.2,103.8,103.8,0.6,719,1234,979,979,257,0.0973,0.0261,18363.28571,49541.14286,1.337142857,82,515.7142857,210.4285714,147.1428571,8467.714286,0.357142857,174.4285714,968,621.8571429,29197.14286,5391.142857,5.407442483,1.684857443,0.186011039,-1.684857443,34588.28571,1399.996276,3497.213721,0.04785892,18.20256392,70.13252761,40.713868,29.08853481,497.0210305,0.944911183,65.10467762,291.1580327,75.5963592,3159.096887,182.6046993,0.44666435,0.082483287,0.015280997,0.082483288,3309.14761,78.26,21.74,1.09,42.83,2.14,24.84,2.14,3.212455257,0.276757417,4.3715,4.2185,1.1025,0.3063,0.3109,0.0298,0.0383,128.3
Isla Hermite,HER42PB,HER42PB1C,93,104.5,105.1,105.1,0.6,736,1245,993,992,254,0.098,0.02567,19144,52211.42857,1.28,85.57142857,417.7142857,162.5714286,140,8620.142857,13.57142857,114.5714286,757.7142857,731.1428571,31541.71429,5560.142857,5.675485742,1.735813017,0.176317544,-1.735813015,37101.85714,259.8974157,1112.375964,0.066583281,15.56552968,91.4325148,68.84004925,33.2565783,1348.844373,17.29023947,57.99384204,122.441434,109.4355649,480.0023313,127.5962755,0.16031285,0.028321261,0.005006462,0.028321262,488.4108341,77.98,22.02,1.1,37.57,1.88,21.79,1.88,3.081451149,0.265861779,4.7755,4.6609,1.0333,0.2918,0.2993,0.0286,0.0368,128.8
Isla Hermite,HER42PB,HER42PB1C,94,105.8,106.4,106.4,0.6,747,1258,1006,1005,256,0.0977,0.02538,19197,53046.28571,1.321428571,104.4285714,501.7142857,210.7142857,127.4285714,9673.714286,0.357142857,111.5714286,782.4285714,583,31601.14286,5528.142857,5.718156015,1.743443512,0.17495283,-1.743443511,37129.28571,255.9934895,1166.629721,0.033380918,32.16031272,40.91338121,51.17849251,29.1825127,767.8043836,0.944911183,41.60872161,108.2925931,123.9300878,503.262499,123.5562336,0.123865768,0.021804291,0.003839212,0.021804293,561.6207838,78.72,21.28,1.06,42.85,2.14,24.85,2.14,3.212857753,0.276680708,4.6635,4.5912,1.087,0.2938,0.304,0.0287,0.0372,129.4
Isla Hermite,HER42PB,HER42PB1C,95,107.2,107.8,107.8,0.6,761,1270,1019,1019,255,0.098,0.02503,16597.28571,44957.28571,1.35,89.28571429,513.2857143,178.8571429,133.5714286,7237,1.857142857,144.8571429,1077.142857,567,26486,5087.857143,5.207831536,1.649752661,0.19217592,-1.64975266,31573.85714,355.9956527,1847.608158,0.093452305,22.44039725,99.57194097,68.64504976,35.34052038,1245.097453,4.913538149,40.81024615,96.02504634,91.98912979,641.1835411,121.2138999,0.161733487,0.030920456,0.005917883,0.030920457,672.35765,75.25,24.75,1.24,43.35,2.17,25.14,2.17,3.224460203,0.278324528,4.7689,4.745,0.9587,0.3154,0.3296,0.0309,0.0402,130
Isla Hermite,HER42PB,HER42PB1C,96,108.5,109.1,109.1,0.6,774,1286,1032,1033,256,0.0936,0.02367,17553,47611.28571,1.324285714,87.42857143,483.5714286,201.4285714,127.2857143,7758,5.857142857,189.4285714,989,648.7142857,28121.42857,5177.571429,5.43334114,1.692274649,0.184151483,-1.692274648,33299,402.1989557,1803.067545,0.067046537,15.34988754,40.29829253,25.88343835,23.51392698,513.2322411,15.49654339,80.06217822,110.1135777,94.34283984,750.4285125,155.1159321,0.139164525,0.02550771,0.004677688,0.02550771,853.0062524,66.95,33.05,1.65,25.67,1.28,14.89,1.29,2.700689847,0.233975145,4.4692,4.4893,0.991,0.4893,0.516,0.0458,0.0599,130.7
Isla Hermite,HER42PB,HER42PB1C,97,109.8,110.4,110.4,0.6,789,1301,1046,1047,256,0.0862,0.02155,15614.42857,46797.71429,1.338571429,154,770.4285714,329.8571429,215.5714286,12676,14.14285714,182.5714286,1239.571429,592.7142857,22641,4695.714286,4.824056798,1.56978657,0.208906456,-1.569786571,27336.71429,844.5537001,1625.387719,0.088586788,85.73602899,216.4461882,95.00952333,51.07464192,2521.4903,20.49738659,94.60418797,321.2428246,128.1856912,2113.112396,147.1798382,0.450093841,0.095115603,0.020176243,0.095115603,2139.494934,63.82,36.18,1.81,24.06,1.2,13.96,1.21,2.636196097,0.228495507,3.611,3.6471,1.0578,0.5996,0.6356,0.0517,0.0677,131
Isla Hermite,HER42PB,HER42PB1C,98,111.1,111.7,111.7,0.6,810,1307,1062,1062,249,0.0859,0.02058,18296.28571,50768.28571,1.338571429,103,553.2857143,202.5714286,126,9254.285714,16.71428571,114.4285714,825.7142857,616.2857143,29400.57143,5193.428571,5.665940446,1.733712131,0.176763593,-1.73371213,34594,719.6732393,1946.925415,0.094061783,18.23915203,99.54348177,39.68566972,15.59914528,928.8939147,24.72997025,58.0082096,113.8503613,95.13974684,1066.380304,200.4768126,0.237224773,0.042264144,0.007536934,0.042264145,1154.997258,57.25,42.75,2.14,25.22,1.26,14.63,1.26,2.683074215,0.231078162,4.5593,4.6687,0.7736,0.5777,0.6205,0.0496,0.0652,131.4
Isla Hermite,HER42PB,HER42PB1C,99,112.5,113.1,113.1,0.6,829,1316,1078,1078,243,0.0862,0.01992,17611.85714,51020.71429,1.27,97.71428571,530.8571429,241.1428571,146.4285714,11465.14286,16.42857143,119.8571429,1022.285714,605,27700.14286,5228.142857,5.293224596,1.665735829,0.189183562,-1.66573583,32928.28571,645.53374,1432.191062,0.084656167,31.36725621,101.5503628,70.36672644,34.81310645,2122.297845,26.80707085,122.725206,187.7717713,124.5445034,2112.353697,235.2831121,0.211693207,0.040272942,0.007673391,0.040272942,2329.050573,71.84,28.16,1.41,39.32,1.97,22.81,1.97,3.127199036,0.270082512,4.5593,4.7143,0.9343,0.3663,0.397,0.0316,0.0415,131.5
Isla Hermite,HER42PB,HER42PB1C,100,113.9,114.4,114.4,0.6,848,1324,1093,1094,238,0.0855,0.01902,18258,50108.66667,1.303333333,54,420.1666667,165,100.6666667,8924.833333,7.5,130.3333333,872.1666667,646,29367.16667,5246.333333,5.599625505,1.72234412,0.178710437,-1.722344119,34613.5,221.7097201,533.1377558,0.038297084,9.674709298,64.21656069,22.29798197,12.92542714,837.1421425,14.80202689,50.30573195,109.6839399,32.6863886,643.6115029,114.8018583,0.163559104,0.029216284,0.0052213,0.029216284,665.0966095,70.44,29.56,1.48,39.42,1.97,22.87,1.97,3.129826008,0.269600229,4.173,4.3524,0.9654,0.4051,0.4427,0.0346,0.0456,131.5
Isla Hermite,HER42PB,HER42PB1C,101,115.2,115.8,115.8,0.6,864,1334,1112,1109,235,0.0859,0.01865,17814,53008,1.392857143,79.42857143,503,233,135.4285714,14207.14286,31.14285714,142.2857143,901.5714286,569.7142857,26899,5174.714286,5.203451088,1.648749856,0.192398951,-1.648749855,32073.71429,208.6807769,1618.486227,0.100947888,16.9789786,35.4682957,56.23759122,28.80889413,1160.016872,17.5159791,74.40366094,192.5503026,83.69331771,394.2693665,181.6486666,0.191212459,0.036437278,0.006948953,0.036437279,456.3637856,71.18,28.82,1.44,34.82,1.74,20.2,1.74,3.005682604,0.258905333,4.3544,4.5852,0.9948,0.4027,0.4442,0.0346,0.0457,132
Isla Hermite,HER42PB,HER42PB1C,102,116.5,117.1,117.1,0.6,877,1344,1130,1125,234,0.0865,0.01841,19608.71429,57502,1.344285714,81.57142857,518.7142857,167.2857143,131,13703.71429,34,155.4285714,689.2857143,713.8571429,31114.42857,5530.571429,5.627541535,1.727410324,0.177790517,-1.727410323,36645,400.7250572,1788.374215,0.066044718,15.71471861,59.01331569,42.6290757,17.09775814,1493.78699,33.88214869,101.309521,105.5394307,66.36873906,618.7713248,119.1243848,0.139576058,0.024711398,0.004376431,0.024711398,663.53121,68.97,31.03,1.55,34.41,1.72,19.96,1.72,2.993730271,0.257976757,4.9832,5.3121,0.8997,0.4048,0.4518,0.035,0.0465,132.9
Isla Hermite,HER42PB,HER42PB1C,103,117.9,118.5,118.5,0.6,892,1358,1147,1141,233,0.0858,0.01796,19385.85714,54121.14286,1.338571429,58.57142857,370.8571429,95.71428571,86.42857143,11340.28571,0.357142857,67.28571429,678.8571429,675,30889,5459.428571,5.65443278,1.731497689,0.177184613,-1.731497689,36348.42857,934.1829636,2601.202634,0.05429198,11.54494323,105.8244278,26.74393567,25.52682996,1947.539791,0.944911183,57.03716416,200.3858183,133.9639255,2013.168316,130.1177123,0.26612344,0.046797022,0.008239722,0.046797021,2122.526078,76.19,23.81,1.19,38.05,1.9,22.07,1.9,3.09421922,0.266380449,4.3544,4.6723,0.9945,0.3108,0.349,0.0267,0.0355,133.2
Isla Hermite,HER42PB,HER42PB1C,104,119.2,119.8,119.8,0.6,902,1374,1164,1156,236,0.1045,0.02184,19923.14286,53143.85714,1.332857143,48.28571429,308.4285714,120.1428571,82,8038,0.357142857,50,588.5714286,686,33030.71429,5503.285714,6.007350031,1.79248797,0.166627611,-1.79248797,38534,266.5854638,1971.996317,0.097590007,12.10666876,44.79158084,17.68642202,19.42506971,1560.039636,0.944911183,67.04973279,77.93984249,90.43782395,175.157752,169.7711345,0.204639124,0.033985188,0.005648475,0.033985188,165.9116231,76.83,23.17,1.16,39.8,1.99,23.09,1.99,3.139399623,0.270567573,4.1793,4.5304,0.9886,0.2981,0.338,0.0311,0.0418,134.3
Isla Hermite,HER42PB,HER42PB1C,105,120.5,121.1,121.1,0.6,916,1382,1176,1168,233,0.1093,0.02228,19252.14286,52601.14286,1.288571429,86.28571429,452.5714286,132.7142857,94.71428571,8269.285714,0.357142857,114.1428571,615.8571429,714.5714286,32275.42857,5494.142857,5.877719797,1.771011276,0.170187293,-1.771011276,37769.57143,848.1398133,2706.120435,0.086106247,27.97447816,84.16027793,23.90058776,18.44554405,1089.634452,0.944911183,36.9613698,175.2640185,154.9976958,1276.258837,273.2254433,0.11346887,0.019114564,0.003220974,0.019114563,1535.338384,80.07,19.93,1,45.31,2.27,26.28,2.27,3.268808194,0.282351393,3.6289,3.9591,1.1759,0.2928,0.334,0.032,0.043,134.5
Isla Hermite,HER42PB,HER42PB1C,106,121.8,122.4,122.4,0.6,934,1389,1189,1180,227,0.1094,0.02162,19397.28571,53318.85714,1.407142857,70,454,134.5714286,81.42857143,8839.142857,11,134,737.5714286,680.7142857,32202.57143,5516.428571,5.835265704,1.763580299,0.171488125,-1.763580298,37719,1098.521084,2713.276398,0.108890509,31.84336666,117.7723793,38.7550304,38.93095231,1068.089483,23.51595203,82.32658542,256.4298846,103.628687,1740.532472,195.2791653,0.164359039,0.028136443,0.004820325,0.028136442,1916.847238,79.51,20.49,1.02,49.66,2.48,28.81,2.48,3.360722549,0.289295103,4.1542,4.578,1.0851,0.2797,0.3222,0.0306,0.0413,135
Isla Hermite,HER42PB,HER42PB1C,107,123.1,123.7,123.7,0.6,950,1393,1201,1192,222,0.1097,0.0209,19593.57143,54157,1.338571429,53.28571429,419.8571429,125.2857143,132.5714286,9245.714286,10.57142857,93.57142857,706.8571429,725.7142857,32543.57143,5528.285714,5.891138458,1.773012283,0.169894465,-1.773012282,38071.85714,523.6515563,1879.559612,0.058999596,17.90450861,78.75156839,43.99891774,32.69483722,1371.568411,11.3410338,51.98671992,96.53052811,121.3723119,1010.42431,227.3658684,0.188679632,0.031885886,0.005394164,0.031885885,1167.340057,76.16,23.84,1.19,30.43,1.52,17.65,1.52,2.870735783,0.247224838,3.808,4.2345,1.2181,0.3812,0.443,0.0418,0.0566,135.3
Isla Hermite,HER42PB,HER42PB1C,108,124.4,124.9,124.9,0.5,967,1401,1214,1203,217,0.1097,0.02026,19883.33333,52874.66667,1.331666667,61.83333333,336.6666667,150,100.8333333,6895.333333,2,58.33333333,625,814.1666667,33488.33333,5713.666667,5.865447181,1.768691842,0.170621534,-1.768691841,39202,95.50846385,1191.97981,0.060470378,12.68726396,17.87363048,27.00370345,18.17048889,1017.761203,4.898979486,68.21632258,58.4054792,152.8364049,263.7443206,173.1977675,0.179286563,0.030424268,0.005165459,0.030424269,331.7354368,77.6,22.4,1.12,41.52,2.08,24.08,2.08,3.18138162,0.274803728,3.3799,3.7872,1.1455,0.3307,0.3871,0.0363,0.0492,135.5
Isla Hermite,HER42PB,HER42PB1C,109,125.6,126.1,126.1,0.6,978,1410,1225,1215,216,0.1098,0.02001,18618.5,49772.66667,1.341666667,77.16666667,480.6666667,179.1666667,121.8333333,6856.666667,0.357142857,84.83333333,809.5,661.3333333,30760,5417.666667,5.680961197,1.736746315,0.176158291,-1.736746315,36177.66667,366.916203,1978.400128,0.056005952,23.94507604,95.16652072,28.79872682,44.12897763,1381.048104,0.944911183,88.46562421,85.2050468,95.24844706,860.5918893,190.8042627,0.170261259,0.029963494,0.005276934,0.029963494,980.322736,74.57,25.43,1.27,30.44,1.52,17.66,1.52,2.871302195,0.247133598,3.808,4.3107,1.1849,0.404,0.4775,0.0444,0.0605,136.4
Isla Hermite,HER42PB,HER42PB1D,117,126,126.6,126.6,0.6,981,1413,1229,1219,216,0.1088,0.01978,17537.42857,46614,1.311428571,68.85714286,480.5714286,151,112.8571429,5916.428571,16.85714286,97.28571429,970.8571429,643.4285714,28844,5364.857143,5.379554797,1.68131681,0.186373318,-1.681316809,34208.85714,771.6453972,2352.427753,0.079041882,29.23142471,159.3757166,16.46207763,39.91001784,1373.822994,37.64053033,75.62344056,180.1993605,78.7080198,1602.213261,205.162073,0.292358403,0.055098643,0.010418272,0.055098643,1692.510997,79.77,20.23,1.01,39.18,1.96,22.72,1.96,3.123245594,0.269434919,4.6635,5.6638,1.0395,0.2636,0.3333,0.0287,0.0415,144.6
Isla Hermite,HER42PB,HER42PB1D,118,127.3,127.8,127.8,0.6,995,1422,1241,1230,213,0.1098,0.01951,21380.66667,54446,1.331666667,40.16666667,284.6666667,75.83333333,47.5,5676.833333,0.357142857,44.33333333,390.3333333,850.8333333,37027.33333,6032.5,6.138307073,1.814292024,0.162994885,-1.814292024,43059.83333,425.0480757,483.2278965,0.12937027,14.07716828,45.58362279,22.13970792,35.88175024,1368.654437,0.944911183,54.62844192,119.652274,86.99061252,1350.880996,173.5531619,0.152856875,0.024800093,0.004025975,0.024800094,1482.445603,75.98,24.02,1.2,31.86,1.59,18.48,1.6,2.916689066,0.252527192,3.9915,4.8816,1.2745,0.403,0.513,0.0442,0.0642,145.1
Isla Hermite,HER42PB,HER42PB1D,119,128.4,129,129,0.6,1005,1433,1251,1241,214,0.1071,0.01898,21688.71429,51481.85714,1.33,23.28571429,243.7142857,42.57142857,27.57142857,1613,0.357142857,25.71428571,405.7142857,809,38013.14286,5897.714286,6.447008717,1.863514305,0.15514246,-1.863514304,43910.85714,157.2786426,961.6611372,0.052599113,12.12042746,67.14093209,20.09027246,22.11226766,287.1445629,0.944911183,34.05248051,144.8121936,102.6304049,387.7015298,124.9222615,0.099021109,0.015456279,0.002413087,0.015456278,485.2770441,81.77,18.23,0.91,57.01,2.85,33.07,2.85,3.498626527,0.301514533,4.6635,5.7571,1.1326,0.2526,0.3244,0.027,0.0395,146.2
Isla Hermite,HER42PB,HER42PB1D,120,129.7,130.3,130.3,0.6,1017,1444,1262,1253,214,0.1001,0.01752,21577.28571,53646,1.334285714,28.71428571,268.2857143,48.14285714,39.42857143,3061.142857,2,58.57142857,353.4285714,811,38755,6095.285714,6.360429948,1.849887147,0.157287496,-1.849887148,44850.28571,533.3087643,995.5892727,0.071380936,12.35198075,34.4853316,14.33444071,16.95933512,213.9099722,5.291502622,79.09879296,123.1244048,87.17224329,654.2206559,151.9338829,0.140950412,0.022031051,0.003444399,0.022031052,743.2506787,85.99,14.01,0.7,58.23,2.91,33.78,2.91,3.519868911,0.303221389,3.8869,4.8256,1.2609,0.2055,0.2654,0.0206,0.0302,146.7
Isla Hermite,HER42PB,HER42PB1D,121,130.9,131.6,131.6,0.7,1038,1449,1273,1266,206,0.1008,0.0169,20689.75,51304.5,1.2575,32.5,305.625,56.5,34.375,2484.875,3.125,78.125,623,822.625,36857.25,6022.75,6.122857,1.811566618,0.16347409,-1.811566617,42880,579.7407672,1766.652525,0.066062741,13.59621796,56.63148418,21.04417123,18.7688001,798.9765663,8.838834765,55.39839477,125.4728201,101.2266728,992.9735646,177.2453908,0.198226321,0.032568467,0.005355176,0.032568468,1066.200732,84.55,15.45,0.77,54.74,2.74,31.75,2.74,3.457892725,0.298413419,4.9392,6.1938,1.0271,0.1877,0.2447,0.0189,0.0278,147.2
Isla Hermite,HER42PB,HER42PB1D,122,132.3,132.9,132.9,0.6,1056,1455,1284,1278,200,0.1,0.01604,20371.71429,50653.28571,1.4,44.57142857,365.1428571,105,66.85714286,3149.142857,8.857142857,72,727.8571429,728.7142857,35521.85714,5883.428571,6.041427049,1.798324485,0.165628654,-1.798324486,41405.28571,424.4324502,1577.664383,0.096953597,6.924765769,41.67104739,22.25608531,16.45629131,405.3695551,15.8159052,61.08736913,144.9004584,137.256104,755.2439845,204.9250734,0.1635488,0.02718094,0.00452004,0.02718094,894.8906291,82.51,17.49,0.87,57.49,2.87,33.35,2.88,3.507057772,0.302858362,4.0765,5.1466,1.2515,0.2652,0.3481,0.0265,0.0391,147.3
Isla Hermite,HER42PB,HER42PB1D,123,133.5,134,134,0.6,1073,1461,1298,1290,194,0.1001,0.01544,20003.66667,50769,1.26,55.16666667,420.5,86,52.66666667,3111.333333,2.166666667,32.66666667,644.1666667,825.3333333,36043.33333,5900.5,6.110178478,1.809577578,0.163786106,-1.809577577,41943.83333,365.503306,1497.568963,0.065421709,32.78668429,180.139668,41.99047511,31.9541338,1310.155818,5.307227776,50.85928299,222.339755,36.83838578,864.3653549,106.8732895,0.182866985,0.030240731,0.005003959,0.03024073,872.3961065,86.3,13.7,0.69,59.18,2.96,34.33,2.96,3.536019607,0.304882553,3.7179,4.7273,1.2277,0.1949,0.2576,0.0195,0.0288,147.6
Isla Hermite,HER42PB,HER42PB1D,124,134.7,135.2,135.2,0.5,1089,1468,1310,1302,189,0.1005,0.01501,21189.66667,52035.16667,1.235,27.16666667,244.6666667,25.83333333,30,1533,25.83333333,36.5,421.1666667,795.3333333,39127.83333,6121.833333,6.393438604,1.855056141,0.156478237,-1.85505614,45249.66667,313.8551683,621.6029011,0.08093207,17.85963792,22.59793501,18.92529172,15.6332978,199.4953634,41.45559874,74.41975544,122.0711541,104.9488764,456.9828954,113.1696367,0.145034316,0.022818932,0.003591528,0.022818932,457.3828447,77.31,22.69,1.13,55.88,2.79,32.42,2.8,3.478775516,0.300449459,3.5489,4.5479,0.8376,0.2459,0.3274,0.0247,0.0366,148.1
Isla Hermite,HER42PB,HER42PB1D,125,135.8,136.4,136.4,0.6,1103,1474,1322,1314,186,0.1,0.0146,21582.14286,53711.14286,1.362857143,27.57142857,312.4285714,53.14285714,31.14285714,2126.857143,7.285714286,50.14285714,455.4285714,856.5714286,39517,6309.571429,6.263661977,1.834641064,0.159690719,-1.834641064,45826.57143,396.7154432,1144.763793,0.061023025,10.43802572,35.98081499,20.73184806,12.19875091,358.5839876,19.27618812,49.6031873,52.41137645,111.6943107,566.7003912,78.58086523,0.106178557,0.017032187,0.002732926,0.017032187,586.6395421,84.17,15.83,0.79,51.95,2.6,30.13,2.6,3.405521353,0.29387174,4.8578,6.2884,0.9692,0.1823,0.2451,0.0182,0.0272,149
Isla Hermite,HER42PB,HER42PB1D,126,137.1,137.7,137.7,0.6,1117,1482,1337,1326,183,0.1005,0.01428,20788,51764.71429,1.3,27.28571429,223.5714286,41.57142857,32.28571429,2286,13.57142857,5.571428571,464,848,37975.71429,6116.285714,6.211746308,1.826062525,0.161107932,-1.826062526,44092,290.7880098,998.9847704,0.071414284,11.98212955,31.22422747,15.96722834,24.80399353,461.5589525,25.28410003,14.74061445,54.09867528,99.52051715,553.0644068,118.8187896,0.184301844,0.029803837,0.004822298,0.029803838,499.9696657,83.26,16.74,0.84,42.84,2.14,24.85,2.14,3.212857753,0.276680708,4.2537,5.5405,0.9715,0.1954,0.2642,0.0196,0.0293,149.5
Isla Hermite,HER42PB,HER42PB1D,127,138.3,138.9,138.9,0.6,1128,1492,1350,1339,182,0.0986,0.01384,21067.14286,51617.14286,1.35,24.57142857,246,40.14285714,31.85714286,2554.857143,4.714285714,13.71428571,450.5714286,940.5714286,37509.42857,5940.285714,6.319070164,1.84288263,0.158471198,-1.84288263,43449.71429,356.0633972,874.9941769,0.087559504,13.77022322,37.41657387,21.72117685,26.36556195,860.175259,9.741907509,24.14342068,104.3389623,107.3186177,858.5627248,149.9396704,0.251541919,0.040265097,0.006456539,0.040265097,810.5715503,81.3,18.7,0.93,51.21,2.56,29.71,2.56,3.391483689,0.292231513,4.7689,6.2711,1.0158,0.2336,0.3189,0.023,0.0347,150.5
Isla Hermite,HER42PB,HER42PB1D,128,139.6,140.2,140.2,0.6,1142,1502,1363,1352,180,0.0911,0.01252,21582.71429,52891.85714,1.308571429,26,246.1428571,38.28571429,25.57142857,2691.142857,0.357142857,8.428571429,413.5714286,881.4285714,38383.85714,6057,6.338769677,1.84650548,0.157815795,-1.846505479,44440.85714,77.82183559,310.657061,0.095991071,17.71063711,28.24552219,19.17215242,8.521681032,343.6468287,0.944911183,14.62711116,74.6566745,73.56823849,334.681156,99.90328657,0.129806182,0.02043468,0.00321786,0.02043468,324.5059982,79.21,20.79,1.04,39.13,1.96,22.7,1.96,3.122364924,0.269596267,3.9811,5.2631,1.1665,0.3062,0.4201,0.0279,0.0421,150.9
Isla Hermite,HER42PB,HER42PB1D,129,140.8,141.4,141.4,0.6,1177,1505,1373,1365,164,0.0903,0.01123,22009.28571,54458.14286,1.421428571,15.57142857,199.7142857,33,30.57142857,2514.571429,1.857142857,25.42857143,475.1428571,904.7142857,39579.57143,6327.285714,6.260691399,1.833878045,0.159860638,-1.833878044,45906.85714,269.7466183,341.3861101,0.055506327,8.657504314,45.28691601,10.66145706,18.6266578,748.1717399,4.913538149,47.89870264,111.408301,100.7368094,627.3711972,229.4171704,0.191352093,0.031262068,0.005111586,0.031262069,759.8239771,80.48,19.52,0.98,44.94,2.25,26.07,2.25,3.260785228,0.281425653,3.8869,5.1754,1.256,0.3046,0.4208,0.0275,0.0414,150.6
Isla Hermite,HER42PB,HER42PB1D,130,142,142.6,142.6,0.6,1208,1509,1383,1378,150,0.0911,0.0103,21990.28571,54219,1.424285714,14.71428571,197.8571429,23.14285714,22.85714286,2262.714286,0.357142857,43.57142857,300,856,39856.28571,6283.571429,6.344962178,1.847374394,0.157695787,-1.847374393,46139.85714,568.631021,1113.418909,0.079761549,14.44200224,32.27707428,15.76312756,10.25391911,581.7722104,0.944911183,65.59435225,82.90556877,108.9908253,921.2038707,155.710048,0.164087916,0.025870163,0.004081269,0.025870163,995.7319634,79.54,20.46,1.02,25.6,1.28,14.85,1.28,2.697999865,0.232554871,3.8869,5.2143,1.1795,0.3033,0.4221,0.0276,0.0416,150.5
Isla Hermite,HER42PB,HER42PB1D,131,143.2,143.8,143.8,0.6,1244,1514,1395,1392,135,0.0907,0.00917,21521.14286,52980.28571,1.387142857,20.28571429,236.4285714,27.42857143,14.42857143,2204.142857,0.357142857,37.28571429,261.7142857,949,38842.85714,5957.142857,6.522793948,1.875052635,0.153384976,-1.875052634,44800,562.8440958,1568.404467,0.112947523,10.49943309,42.66480651,16.06089602,16.00892608,357.9117343,0.944911183,47.84249954,87.39320013,100.1415665,947.583493,175.3448303,0.158190211,0.024115505,0.003678249,0.024115506,1062.857783,80.13,19.87,0.99,47.58,2.38,27.6,2.38,3.317815773,0.286101505,4.173,5.646,1.2803,0.3175,0.4455,0.0288,0.0433,150.4
Isla Hermite,HER42PB,HER42PB1D,132,144.5,145.1,145.1,0.6,1277,1520,1407,1405,122,0.091,0.00825,22458.71429,55145.71429,1.297142857,18,255.4285714,18.85714286,30.14285714,1752.285714,2.571428571,48.28571429,348.1428571,881.4285714,40373,6326.285714,6.383923951,1.853657765,0.156682633,-1.853657765,46699.28571,198.152058,568.9214106,0.057940857,5.597618541,53.26304893,14.56512469,15.48578457,303.5570865,6.803360514,49.77520898,71.87356624,79.38693667,458.0553096,156.083006,0.10927308,0.017077856,0.002669707,0.017077857,591.0938206,83.73,16.27,0.81,55.31,2.77,32.08,2.77,3.468232783,0.299470225,4.1542,5.658,1.2223,0.2375,0.3354,0.0216,0.0325,150.3
Isla Hermite,HER42PB,HER42PB1D,133,145.7,146.3,146.3,0.6,1302,1528,1420,1419,113,0.0911,0.00762,22549.42857,54597.85714,1.318571429,23.57142857,219.5714286,15,33,897.1428571,0.357142857,16.57142857,289.8571429,900,40960.14286,6302.571429,6.502631327,1.871861797,0.153889602,-1.871861797,47262.71429,264.1583219,536.4632415,0.072440452,13.28980992,24.17889674,12.62273082,12.98717316,186.30211,0.944911183,27.94552524,71.99173233,122.9349421,535.2368412,164.8523149,0.185353841,0.028314035,0.00432711,0.028314035,573.3715242,84.71,15.29,0.76,58.76,2.94,34.08,2.94,3.528710702,0.304413423,4.1542,5.6996,1.2218,0.2205,0.3135,0.0201,0.0302,150.6
Isla Hermite,HER42PB,HER42PB1D,134,147,147.6,147.6,0.6,1326,1538,1434,1433,106,0.0907,0.00709,22335,54150,1.301428571,25.28571429,205.5714286,22.42857143,22.85714286,956.2857143,0.357142857,13.85714286,325.4285714,930,40669.57143,6381,6.374792999,1.852113959,0.156942095,-1.852113959,47050.57143,637.8215529,1643.669168,0.077980462,17.90450861,44.033537,10.87592361,13.8374922,127.9214789,0.944911183,17.63924197,87.15476109,126.256353,1008.836931,146.2110347,0.150769607,0.023497928,0.003663549,0.023497928,1091.480166,82.42,17.58,0.88,58.29,2.91,33.81,2.92,3.520756617,0.304070078,3.9588,5.467,1.099,0.2344,0.3354,0.0213,0.0321,150.9
Isla Hermite,HER42PB,HER42PB1D,135,148.2,148.8,148.8,0.6,1347,1551,1448,1447,102,0.09,0.00672,21296.14286,52296.85714,1.261428571,18,161.1428571,38,19,933.5714286,0.357142857,34.28571429,365.8571429,894.4285714,39628.71429,6049.428571,6.551322838,1.879614783,0.152656897,-1.879614782,45678.14286,421.3812322,1088.470246,0.094943592,9.933109617,26.75461687,18.88562063,13.8443731,152.1291744,0.944911183,45.50719462,107.0894152,122.0858402,661.8888916,110.8405118,0.072172595,0.011047253,0.001691177,0.011047252,754.5160543,83.67,16.33,0.82,59.16,2.96,34.31,2.96,3.535436857,0.30501,3.7938,5.2772,1.2377,0.2416,0.3482,0.0217,0.033,151.6
Isla Hermite,HER42PB,HER42PB1D,136,149.5,150,150,0.6,1362,1562,1462,1460,100,0.0623,0.0045,21854.5,53771.83333,1.24,10.33333333,244,35.5,23.83333333,1184.5,1.5,74.83333333,374,851.6666667,40133.33333,6180.5,6.495118466,1.870924578,0.154000615,-1.870924579,46313.83333,199.9507439,260.7737845,0.049799598,11.96104789,11.40175425,16.04680654,11.92336642,66.62957301,3.674234614,82.58187856,89.71064597,100.5259502,276.8650694,111.7492729,0.113271109,0.017397018,0.002672447,0.017397017,327.4003156,84.45,15.55,0.78,44.13,2.21,25.6,2.21,3.242592351,0.279926918,4.0765,5.7173,1.1489,0.2115,0.3072,0.0132,0.0201,152.5
Isla Hermite,HER42PB,HER42PB1D,137,150.7,151.3,151.3,0.6,1378,1586,1481,1480,104,0.0631,0.0047,20867.71429,51355.57143,1.295714286,22.85714286,229.4285714,37.57142857,28.71428571,1634.714286,1.285714286,38.85714286,484.7142857,841.8571429,37733.42857,6034.142857,6.257159985,1.833412205,0.159917826,-1.833412205,43767.57143,265.469844,805.9443441,0.082433234,7.289914756,24.61610004,9.449111825,13.30055495,295.7469156,3.401680257,56.04589956,65.49736454,144.3507633,309.7977067,167.8018957,0.1686635,0.027137737,0.004368759,0.027137737,381.8864828,84.05,15.95,0.8,67.1,3.36,38.92,3.36,3.661508257,0.316101432,4.5358,6.4091,1.1773,0.2233,0.3268,0.0141,0.0217,153.7
Isla Hermite,HER42PB,HER42PB1D,138,152,152.5,152.5,0.6,1389,1629,1500,1500,120,0.0623,0.00521,19140.33333,47903.83333,1.353333333,31,332.1666667,124.8333333,67.66666667,3085.666667,3.333333333,72.83333333,788.5,965.5,32839,5571.833333,5.897189264,1.772632756,0.170221632,-1.772632755,38410.83333,970.4231379,2016.910649,0.122092861,19.72815247,90.21622175,64.92585515,17.18914386,618.8213528,8.164965809,65.9709532,301.4244516,455.576887,2764.445912,353.2802948,0.378332637,0.067710197,0.012147884,0.067710196,3000.492454,81.4,18.6,0.93,52.44,2.62,30.41,2.62,3.414771502,0.294202609,3.808,5.415,1.2535,0.2864,0.4216,0.0178,0.0278,155.6
Isla Hermite,HER42PB,HER42PB1D,139,153.1,153.7,153.7,0.6,1397,1676,1516,1520,140,0.0628,0.00603,19210.71429,48604.28571,1.281428571,44.71428571,378.4285714,120.7142857,88.28571429,3351.714286,8,49.57142857,860.1428571,711.2857143,33126.85714,5712,5.804060627,1.75784511,0.172538365,-1.75784511,38838.85714,561.3839192,1670.341853,0.072210011,10.56273774,58.44329771,58.86627299,25.4080977,852.884657,16.13484841,64.1582864,206.8771202,130.7513088,876.5535596,167.2931559,0.237225321,0.040734674,0.007004235,0.040734675,879.8082042,80.99,19.01,0.95,47.7,2.38,27.67,2.39,3.320348794,0.286795577,4.4562,6.388,1.1998,0.2817,0.4179,0.0177,0.0279,157.9
Isla Hermite,HER42PB,HER42PB1D,140,154.4,155,155,0.6,1404,1728,1530,1540,162,0.0625,0.0068,18406.28571,47237.85714,1.308571429,63,428.7142857,139.1428571,110.4285714,5045.428571,0.357142857,155.4285714,1071.285714,684.2857143,30480.57143,5640,5.405491797,1.686852537,0.185205753,-1.686852537,36120.57143,683.0860644,1813.53085,0.065683222,9.291573243,131.8530929,45.69620178,31.49527553,1459.689448,0.944911183,73.56597298,92.36289711,100.0578404,1248.205226,165.4035469,0.195556561,0.036272345,0.006731411,0.036272346,1340.539302,83.58,16.42,0.82,39.91,2,23.15,2,3.141994781,0.271446633,3.9588,5.7046,1.2297,0.2416,0.3603,0.0151,0.0242,160
Isla Hermite,HER42PB,HER42PB1D,141,155.7,156.2,156.2,0.6,1410,1780,1545,1559,185,0.0631,0.00773,18610,47464.66667,1.441666667,49.33333333,348.6666667,105.8333333,92.16666667,4179.333333,8.5,141.8333333,874.5,682.3333333,31644,5501.333333,5.761331719,1.750346791,0.173855422,-1.750346792,37145.33333,472.1389626,1617.260606,0.164367474,19.29421329,41.60128203,27.59287348,31.72013031,548.3293414,20.82066281,65.03050566,84.33919611,125.9931215,1025.578666,298.7377892,0.256779587,0.044332309,0.007659697,0.044332308,1225.456269,81.21,18.79,0.94,60.08,3,34.85,3.01,3.551053137,0.30670502,4.173,6.0633,1.2345,0.2857,0.4294,0.018,0.0293,162.5
Isla Hermite,HER42PB,HER42PB1D,142,156.9,157.4,157.4,0.6,1416,1829,1560,1578,207,0.0622,0.00836,19038.16667,48522,1.338333333,54.16666667,406.3333333,127.6666667,75,3770.833333,4.666666667,141,735.3333333,734,33268.33333,5620.166667,5.924283249,1.778640053,0.168938394,-1.778640053,38888.5,428.2571268,1233.990762,0.059805239,17.15128761,77.46138823,19.80572308,22.53885534,353.7702173,7.229568913,97.24402295,76.33260553,80.99876542,948.8672545,233.7831616,0.188164849,0.03172315,0.005351018,0.031723152,1117.680232,81.86,18.14,0.91,49.51,2.48,28.72,2.48,3.357593744,0.289931493,3.6289,5.3018,1.2046,0.267,0.4035,0.0166,0.0273,164.5
Isla Hermite,HER42PB,HER42PB1D,143,158,158.6,158.6,0.6,1420,1885,1575,1597,232,0.0628,0.00936,19088.57143,48724.28571,1.44,67.42857143,385.7142857,156.7142857,106.7142857,4875.428571,0.357142857,80,834,738.7142857,32438.42857,5516.142857,5.882172519,1.771663496,0.170095126,-1.771663497,37954.57143,186.5224358,758.4762607,0.108320512,22.70724659,42.58604735,14.65963035,42.92130118,811.2237376,0.944911183,65.96463699,114.5745754,91.36139645,566.458253,95.6581214,0.144698591,0.02483672,0.004265493,0.024836719,572.8332675,76.58,23.42,1.17,45.42,2.27,26.35,2.27,3.271468275,0.281830474,3.8992,5.7416,1.2548,0.3838,0.5844,0.0241,0.0403,167.1
Isla Hermite,HER42PB,HER42PB1D,144,159.2,159.8,159.8,0.6,1424,1936,1589,1615,256,0.0689,0.01115,19183.42857,49310.71429,1.33,59.14285714,388.4285714,158.5714286,100.7142857,5211.142857,0.357142857,79.14285714,813.8571429,673.4285714,32768.14286,5741.285714,5.708824831,1.741875274,0.175215551,-1.741875274,38509.42857,280.5369002,1133.014668,0.072341781,16.39541167,57.37263326,50.93413113,27.54822611,966.9945585,0.944911183,57.98111351,138.8205419,71.52355589,394.7971752,111.9162102,0.102783856,0.017906976,0.003120845,0.017906976,456.0810809,69.44,30.56,1.53,24.03,1.2,13.94,1.21,2.634762405,0.228698889,3.808,5.6435,1.1573,0.5094,0.7804,0.0351,0.0594,169.4
Isla Hermite,HER42PB,HER42PB1D,145,160.4,161,161,0.6,1435,1956,1606,1633,261,0.07,0.01144,18974.28571,48330.28571,1.332857143,45,368,121.4285714,107.5714286,4834.857143,1.142857143,96.14285714,890.5714286,704,32285.28571,5672.571429,5.697253168,1.73944051,0.175713204,-1.73944051,37957.85714,447.6213855,973.2469221,0.109501033,10.69267662,51.32900415,39.29740086,32.14994631,453.1991573,3.023715784,48.72859726,121.1911124,53.94132615,555.8970871,212.2418881,0.203878738,0.035531773,0.006196683,0.035531774,658.2812035,76.4,23.6,1.18,37.7,1.89,21.87,1.89,3.085115835,0.266614949,3.768,5.6143,1.172,0.362,0.5575,0.0253,0.0432,170.3
Isla Hermite,HER42PB,HER42PB1D,146,161.6,162.2,162.2,0.6,1450,1972,1626,1651,261,0.0705,0.01142,18792.57143,48094.28571,1.327142857,48.85714286,380.4285714,122.7142857,78.14285714,4315.714286,25.85714286,116.5714286,674.8571429,798.5714286,32723.42857,5708,5.733576745,1.74614763,0.174478703,-1.74614763,38431.42857,402.5489027,1272.589449,0.13912995,7.967194643,43.86668114,29.31276335,15.59303874,571.0591663,25.64779764,69.6415995,80.05712246,128.4196988,753.9840531,107.2396071,0.12036222,0.021247126,0.003752326,0.021247128,813.1848615,74.16,25.84,1.29,28.05,1.4,16.27,1.41,2.789322921,0.241729891,3.9588,5.9421,1.1298,0.3936,0.6104,0.0277,0.0475,171.3
Isla Hermite,HER42PB,HER42PB1D,147,162.9,163.5,163.5,0.6,1458,1990,1644,1669,266,0.0705,0.0115,18606.14286,49611.14286,1.322857143,89.42857143,467.1428571,171.7142857,117.2857143,6882.714286,40,173.8571429,800.1428571,678.7142857,31443.71429,5520.428571,5.695543186,1.739281964,0.175717168,-1.739281963,36964.14286,415.1848699,1138.357359,0.054072262,37.90275778,74.63115652,51.36378194,46.99898682,2096.148191,40.14141668,46.11373104,135.6999491,79.32783094,1561.818461,208.2593392,0.174361334,0.030635187,0.005386952,0.030635186,1731.55185,79.71,20.29,1.01,33.48,1.67,19.42,1.68,2.966303463,0.256611216,3.3117,4.9924,1.3497,0.3435,0.535,0.0242,0.0417,172.1
Isla Hermite,HER42PB,HER42PB1D,148,164.2,164.8,164.8,0.6,1467,2023,1663,1687,278,0.0705,0.01186,19207,48868.57143,1.334285714,54.71428571,310.2857143,122,82.57142857,3910.285714,10.14285714,150.1428571,786.5714286,688.1428571,33613,5718.857143,5.877656172,1.770985217,0.170194885,-1.770985216,39331.85714,484.578855,978.6699916,0.082836615,20.62130198,83.8683776,74.13276379,27.76602926,694.8047002,19.09998753,67.77518861,97.2280089,152.959067,1116.812727,155.0649633,0.117620321,0.020119322,0.003442638,0.020119322,1243.311228,82.85,17.15,0.86,58.91,2.95,34.17,2.95,3.531348066,0.304872016,4.0559,6.171,1.0984,0.2274,0.3573,0.016,0.0279,174
Isla Hermite,HER42PB,HER42PB1D,149,165.4,166,166,0.6,1475,2042,1680,1705,284,0.0703,0.01196,18967.57143,49226.42857,1.317142857,51.28571429,367.2857143,120.5714286,100.4285714,5393.428571,17.14285714,73.42857143,865.4285714,764.7142857,32456.42857,5609.428571,5.788067849,1.755513664,0.172867579,-1.755513664,38065.85714,321.2848462,1006.53744,0.0492322,20.38556913,83.01749672,34.23379005,19.78094321,665.6693016,33.44362705,44.42168068,99.55544041,77.39878183,627.5709408,129.6184878,0.149381185,0.025768294,0.004446832,0.025768294,674.9536845,81.82,18.18,0.91,57.37,2.87,33.28,2.87,3.504956616,0.302260381,4.3544,6.6753,1.2297,0.2733,0.4326,0.0192,0.0337,175.3
Isla Hermite,HER42PB,HER42PB1E,156,166.2,166.8,166.8,0.6,1480,2067,1692,1716,294,0.0703,0.01228,19011.85714,50078.85714,1.284285714,48.42857143,359.2857143,139.1428571,119.1428571,6163.142857,30.28571429,57,792.1428571,793,32759.14286,5624.285714,5.822646618,1.761543439,0.171815856,-1.761543439,38383.42857,597.9262576,1918.343159,0.08521681,17.62438787,59.46067128,41.12350735,36.02974961,1324.089427,22.49973545,62.04836823,103.4721034,70.1807191,1363.822866,124.1849619,0.129343917,0.022213133,0.003816562,0.022213132,1481.760086,83.08,16.92,0.85,62.17,3.11,36.06,3.11,3.585184218,0.30920474,4.0559,6.4955,1.1245,0.2291,0.3783,0.0161,0.0294,182.6
Isla Hermite,HER42PB,HER42PB1E,157,167.8,168.4,168.4,0.6,1488,2113,1713,1739,312,0.0701,0.01283,20596.85714,52778.42857,1.311428571,31.71428571,266.4285714,69.71428571,54.57142857,4987.714286,0.357142857,62.71428571,401.8571429,757,36232.71429,5959.714286,6.081240887,1.805060995,0.164488681,-1.805060995,42192.42857,305.6274576,755.0096814,0.066690472,10.25856205,29.9825346,18.16328059,19.83983487,408.7010783,0.944911183,55.19273589,88.61419858,135.7374918,534.730996,133.5910604,0.113044562,0.018559479,0.003048387,0.018559479,620.1899863,83.98,16.02,0.8,60.82,3.04,35.28,3.04,3.563316231,0.307043122,3.7018,5.9618,1.2539,0.2392,0.3971,0.0168,0.0309,184.4
Isla Hermite,HER42PB,HER42PB1E,158,169.3,169.9,169.9,0.6,1498,2157,1732,1760,330,0.077,0.01467,20354,50269.42857,1.242857143,36,206.7142857,49.85714286,36.14285714,2647.857143,4.571428571,69.14285714,436.7142857,848.7142857,36280.42857,5934,6.114751441,1.810335568,0.163658532,-1.810335569,42214.42857,308.9136881,803.8890589,0.073419862,15.22060008,21.85340771,19.29100457,16.56732297,462.7531482,12.09486314,66.1725738,94.67966041,102.3225526,1054.580463,95.44282756,0.180821826,0.029203158,0.004719461,0.029203159,1081.078606,85.37,14.63,0.73,60.28,3.01,34.97,3.02,3.554490551,0.306964869,3.7938,6.1498,1.2763,0.2188,0.3656,0.0168,0.0314,186.2
Isla Hermite,HER42PB,HER42PB1E,159,170.9,171.5,171.5,0.6,1519,2182,1753,1780,331,0.0767,0.01454,20208.71429,51819.57143,1.291428571,54.42857143,306,71.28571429,61,3853,3.857142857,67,550,842.1428571,35878.57143,5959,6.021887568,1.795313646,0.166089852,-1.795313647,41837.57143,278.8653882,370.5535756,0.044507891,40.40980551,63.15589178,18.49066689,9.609023537,488.2789503,6.743603671,68.44218972,71.85169912,74.66687925,411.891109,105.4435078,0.085767643,0.014264363,0.002372645,0.014264363,481.8232239,81.81,18.19,0.91,62.19,3.11,36.07,3.11,3.585461495,0.309142923,4.2537,6.9442,1.1172,0.2484,0.4179,0.019,0.0357,187.2
Isla Hermite,HER42PB,HER42PB1E,160,172.4,173,173,0.6,1536,2208,1776,1801,336,0.0772,0.01467,20914.42857,52006.71429,1.3,30.28571429,256.8571429,65.57142857,39.42857143,2802.142857,0.357142857,48.14285714,534.2857143,790.2857143,37238.14286,5976.571429,6.233795022,1.829701148,0.160507141,-1.829701148,43214.71429,353.8850365,438.2456367,0.033665016,7.499206307,25.18881082,26.85055644,19.60320673,418.818747,0.944911183,92.37320782,121.9873139,65.80454464,581.4331227,162.128403,0.160476284,0.025753154,0.00413521,0.025753153,661.0959876,83.94,16.07,0.8,46.29,2.31,26.85,2.32,3.290265821,0.284298574,4.1542,6.8212,1.1101,0.2125,0.3595,0.0164,0.0309,188.2
Isla Hermite,HER42PB,HER42PB1E,161,174,174.6,174.6,0.6,1548,2223,1798,1821,338,0.0772,0.01458,20078.28571,49991.28571,1.257142857,26.28571429,264.4285714,41.42857143,42.42857143,2172.857143,0.357142857,62.28571429,446,838.2857143,36434.71429,5634.714286,6.468395758,1.866684451,0.154674056,-1.866684451,42069.42857,167.4591635,503.5377226,0.045355737,14.82918615,26.77596648,19.80620393,18.86670032,256.2195859,0.944911183,44.92851465,113.4651195,62.82704907,334.0637236,104.2300569,0.152515419,0.02397931,0.003771892,0.023979311,300.3441677,81.03,18.97,0.95,61.53,3.08,35.69,3.08,3.574870538,0.30850662,3.6744,6.0609,1.1293,0.2643,0.4492,0.0204,0.0385,188.8
Isla Hermite,HER42PB,HER42PB1E,162,175.6,176.2,176.2,0.6,1556,2241,1819,1842,342,0.0767,0.01452,20130.28571,50336.71429,1.331428571,43,275.4285714,69.42857143,55.42857143,2936,3.142857143,81.28571429,556.2857143,775.8571429,35854.42857,5720,6.272573001,1.835869638,0.159525364,-1.835869639,41574.42857,365.2723707,933.9697915,0.05429198,11.37248141,14.81954951,25.42215007,17.25163898,391.1500138,5.398412465,80.84906572,84.25302029,95.03583284,674.8310547,199.455091,0.170518561,0.027203717,0.004342709,0.027203718,815.786912,83.11,16.89,0.84,49.45,2.47,28.68,2.47,3.356200016,0.28904512,3.768,6.2549,1.2538,0.2548,0.4357,0.0195,0.0371,189.9
Isla Hermite,HER42PB,HER42PB1E,163,177.2,177.8,177.8,0.6,1565,2269,1842,1862,352,0.0772,0.01487,20477.14286,50869,1.265714286,34.14285714,221.7142857,35.42857143,37.85714286,1763.857143,5.857142857,82.14285714,533.7142857,820.1428571,37313.71429,5982.571429,6.23950302,1.830569892,0.160374976,-1.830569892,43296.28571,348.300363,919.1068128,0.106279058,14.78094011,24.7434455,20.13998629,22.74810301,213.9006222,10.0403946,55.89701415,74.45740233,125.3573938,946.8406614,167.6174783,0.173650421,0.027748432,0.004435876,0.027748432,1036.911394,85.24,14.76,0.74,66.34,3.32,38.48,3.32,3.650138626,0.3149288,4.1542,6.9459,1.2263,0.2124,0.3658,0.0164,0.0314,191.5
Isla Hermite,HER42PB,HER42PB1E,164,178.7,179.3,179.3,0.6,1571,2297,1863,1883,363,0.0709,0.01392,18750,48782.28571,1.282857143,37.28571429,291.4285714,98.14285714,55.28571429,3712.428571,15.57142857,69.71428571,706.1428571,725.2857143,33389.14286,5780.428571,5.779769997,1.753999362,0.173142457,-1.753999363,39169.57143,242.1789972,771.8613248,0.05589105,13.16199435,33.49058148,20.4811179,21.5539191,229.3635085,32.88290915,87.27488047,89.60548453,118.5126073,331.4364839,149.3328019,0.169915031,0.029049459,0.004970474,0.029049459,345.9416411,84.34,15.66,0.78,55.83,2.79,32.39,2.79,3.477849733,0.299573966,4.2537,7.1569,1.1229,0.2086,0.3613,0.0148,0.0285,192.9
Isla Hermite,HER42PB,HER42PB1E,165,180.3,180.9,180.9,0.6,1597,2316,1887,1905,359,0.0667,0.01281,19843.42857,50156.71429,1.28,25.14285714,177.5714286,41.57142857,35.71428571,2648.571429,0.357142857,56.14285714,523.7142857,762.8571429,35688.14286,5819.142857,6.13334537,1.813590487,0.163092306,-1.813590487,41507.28571,410.4655313,940.2752636,0.074161985,10.38313651,26.83192839,10.61221219,9.551863443,1102.761512,0.944911183,46.29049064,103.8985311,79.40073167,1012.933764,145.264619,0.114039629,0.018751907,0.003083938,0.018751908,1127.469248,85.79,14.21,0.71,60.16,3.01,34.89,3.01,3.552200255,0.306452358,3.768,6.3679,1.1854,0.1963,0.3416,0.0131,0.0253,193.2
Isla Hermite,HER42PB,HER42PB1E,166,181.9,182.5,182.5,0.6,1629,2326,1912,1929,349,0.0665,0.01225,20612.14286,53111.42857,1.301428571,33.42857143,250,63,48.42857143,4452.428571,0.357142857,17.14285714,527.4285714,821.5714286,36370.42857,5935.857143,6.128914634,1.812788072,0.163235185,-1.812788072,42306.28571,121.1822712,911.5572495,0.082750342,12.10863525,27.73685875,29.13760457,22.82438128,1065.806245,0.944911183,20.03687078,106.8048956,97.59586252,470.6038168,96.63924077,0.143369314,0.023024356,0.003699382,0.023024356,459.6377974,84.81,15.19,0.76,63.1,3.15,36.6,3.16,3.60004824,0.310823837,4.5358,7.7245,1.0927,0.1957,0.343,0.013,0.0252,193.7
Isla Hermite,HER42PB,HER42PB1E,167,183.5,184.1,184.1,0.6,1649,2346,1937,1952,349,0.0669,0.01215,20538.57143,50733,1.308571429,31.71428571,271.8571429,44.85714286,25.42857143,2477.428571,3.857142857,11.14285714,446.1428571,752.4285714,36960.71429,5866.857143,6.300664566,1.840545537,0.158748248,-1.840545539,42827.57143,252.7164796,806.4572731,0.077336617,25.19731656,25.68675775,20.31771453,14.36264997,394.2595833,8.214389233,18.09630323,104.908577,63.01549318,349.714986,61.53705813,0.100616453,0.016000517,0.002544944,0.016000517,337.6832131,85.34,14.66,0.73,66.07,3.3,38.33,3.3,3.646232879,0.313920389,3.7938,6.4912,1.3143,0.2258,0.3976,0.0151,0.0293,194.3
Isla Hermite,HER42PB,HER42PB1E,168,185,185.6,185.6,0.6,1666,2365,1963,1976,350,0.0667,0.01203,20560,50593.71429,1.242857143,30,227,31.85714286,40,2148.714286,0.357142857,69.85714286,367.8571429,796.8571429,37034.42857,6028.142857,6.146794591,1.815625312,0.162785252,-1.815625312,43062.57143,430.8596059,912.4590793,0.052508503,10.72380529,14.97776129,20.21079391,21.08712087,479.9363549,0.944911183,53.39609403,124.7189221,120.884833,817.5990984,188.4669985,0.165048937,0.026618951,0.004295329,0.02661895,937.7222149,86.13,13.87,0.69,72.63,3.63,42.13,3.63,3.740760076,0.32231092,4.7493,8.1877,1.1264,0.1814,0.3219,0.0121,0.0237,195.4
Isla Hermite,HER42PB,HER42PB1E,169,186.6,187.3,187.3,0.7,1679,2392,1990,2001,356,0.0667,0.01212,20861.375,51377.875,1.32375,23.5,232.625,66,43.75,2192.75,0.357142857,64.375,405.375,807.625,37752.875,5983.75,6.315773577,1.842511827,0.158503001,-1.842511827,43736.625,160.2800562,567.1602035,0.124319577,15.25029274,33.75092591,30.83133842,19.80440067,262.8094095,0.944911183,44.44237842,92.50936246,99.8183171,276.6758999,204.4915297,0.223303549,0.034945549,0.00547437,0.034945549,355.0054074,83.48,16.52,0.83,59.87,2.99,34.73,2.99,3.547603867,0.305422849,4.3939,7.608,1.094,0.2165,0.3857,0.0144,0.0283,196.3
Isla Hermite,HER42PB,HER42PB1E,170,188.3,188.9,188.9,0.6,1694,2416,2017,2025,361,0.0687,0.01247,20537.28571,50748.28571,1.281428571,21.71428571,216.7142857,43.42857143,29.42857143,1618.428571,0.857142857,87.71428571,489,803.8571429,37537.57143,5992.571429,6.265786702,1.834920615,0.159655443,-1.834920615,43530.14286,207.8619047,175.3451019,0.110969751,12.53946152,31.76850792,21.38423986,19.28606702,155.1460142,2.267786838,69.46153441,104.2560949,115.6956187,320.8913924,104.6738699,0.12973033,0.020689269,0.003300451,0.020689269,319.4956591,86.01,13.99,0.7,70.65,3.53,40.98,3.53,3.713084143,0.31984351,4.2249,7.3577,1.1738,0.1909,0.3421,0.0131,0.0259,197.3
Isla Hermite,HER42PB,HER42PB1E,171,189.9,190.6,190.6,0.7,1713,2443,2041,2049,365,0.0712,0.01292,20808.875,50617.625,1.2575,15.375,202.25,45.125,35.125,1596,7.625,57.5,477,817.75,37717.375,5984,6.304870011,1.84109932,0.158677693,-1.84109932,43701.375,338.5618481,931.6354188,0.072061482,11.19869253,29.63468046,9.372261505,23.60046912,183.8329987,11.21144186,41.63789483,114.5363324,80.50332735,775.6552875,144.5396634,0.143626612,0.022478465,0.003519412,0.022478466,856.5293653,85.15,14.85,0.74,62.12,3.11,36.03,3.11,3.584351925,0.309390355,3.9806,6.964,1.156,0.2016,0.3627,0.0144,0.0284,198.1
Isla Hermite,HER42PB,HER42PB1E,172,191.6,192.2,192.2,0.6,1736,2461,2064,2073,362,0.071,0.01265,20115,49421.57143,1.281428571,32.14285714,257.2857143,45.85714286,41.85714286,2414.857143,12.42857143,34,420.4285714,785.1428571,36127,5722,6.316031932,1.842674337,0.158459359,-1.842674336,41849,478.9745992,794.2958847,0.080504362,10.915258,31.6528792,17.23783215,22.77739063,353.1111386,25.5072352,40.90232267,124.7502266,141.3098588,936.6690985,133.7173636,0.196887975,0.031194252,0.004946634,0.031194252,969.7020161,85.1,14.9,0.74,62.06,3.1,36,3.1,3.583518938,0.308580797,4.5358,7.9967,1.1474,0.2008,0.3641,0.0143,0.0284,199.1
Isla Hermite,HER42PB,HER42PB1E,173,193.2,193.9,193.9,0.6,1753,2485,2087,2095,366,0.0716,0.01273,20537.625,51025.125,1.3275,23.75,267.5,49,38,2622,16.75,60.5,424.5,799.375,37225.75,5897.125,6.315086241,1.84276468,0.158407063,-1.84276468,43122.875,383.0672964,600.4984685,0.064972522,14.12950307,35.37957441,15.72986241,22.15529605,676.5164975,25.92158505,61.54905129,69.41387264,136.1395686,880.1455643,194.0614317,0.126661438,0.020119917,0.003197028,0.020119917,1040.598789,86.19,13.81,0.69,67.89,3.39,39.38,3.4,3.673258073,0.317142647,4.5358,8.042,1.1459,0.1836,0.3347,0.0131,0.0263,200.1
Isla Hermite,HER42PB,HER42PB1E,174,194.9,195.5,195.5,0.6,1770,2504,2112,2118,367,0.0712,0.01256,20043,50000.28571,1.278571429,24.57142857,246.8571429,56.28571429,42.42857143,2014.428571,24.28571429,85.57142857,438.4285714,810.2857143,36906.14286,5769,6.398423738,1.85597617,0.156312151,-1.85597617,42675.14286,262.3985518,644.6972712,0.071514234,12.73914103,40.15979985,19.58497967,22.05188686,260.228654,28.94658463,63.86667661,75.7184635,64.42234158,478.2337046,115.1289133,0.084716617,0.013288981,0.002084787,0.013288981,569.1989777,84.28,15.72,0.79,63.26,3.16,36.7,3.16,3.602776755,0.31021184,4.5593,8.1338,0.9731,0.1815,0.3328,0.0129,0.026,201
Isla Hermite,HER42PB,HER42PB1E,175,196.4,197.1,197.1,0.6,1784,2537,2136,2140,377,0.0712,0.01276,19850.625,49835.375,1.30625,43.125,360.875,61,45.125,2746.5,15.75,61.875,599.625,767.25,35477.125,5724.625,6.202713958,1.8244751,0.161383684,-1.824475101,41201.75,231.0095468,442.2481325,0.043404246,10.52123703,42.1813686,26.43590632,16.60841009,399.6787996,23.13161102,44.16345451,79.06224943,96.58268109,402.7957432,177.2616609,0.213746835,0.03408027,0.005441981,0.03408027,424.5295716,81.15,18.85,0.94,52.73,2.64,30.59,2.64,3.420673158,0.295213375,4.6419,8.3253,1.0689,0.2482,0.4576,0.0177,0.0357,202.3
Isla Hermite,HER42PB,HER42PB1E,176,198.1,198.6,198.6,0.6,1796,2558,2157,2162,381,0.0713,0.01276,20039.83333,50362.66667,1.365,35.83333333,335,74.66666667,59.83333333,3764,6.666666667,87,553.3333333,695.8333333,35229.5,5568.833333,6.32719685,1.844778191,0.158072928,-1.84477819,40798.33333,405.3109506,1562.285719,0.037815341,6.369196705,39.2173431,12.67543556,8.28049918,645.0885211,16.32993162,72.29661126,153.8371433,153.4971227,719.2959752,137.9875598,0.087020767,0.013792197,0.002186205,0.013792197,837.1417244,79.19,20.81,1.04,44,2.2,25.52,2.2,3.239462458,0.279264005,3.8992,7.0284,1.0742,0.2823,0.523,0.0201,0.0409,203.1
Isla Hermite,HER42PB,HER42PB1E,177,199.5,200.1,200.1,0.6,1807,2579,2178,2183,386,0.0693,0.01245,18763.42857,49101.71429,1.371428571,69.28571429,455.1428571,157.5714286,101.4285714,6605.857143,0.357142857,84.57142857,813.2857143,618.7142857,30820.28571,5339.142857,5.774104066,1.753151688,0.173267186,-1.753151689,36159.42857,371.7754058,670.5907133,0.114080172,8.557925872,45.96168176,64.29581931,32.28445004,343.9381866,0.944911183,81.94684688,109.1034895,128.0087423,590.2975844,114.7307407,0.13422532,0.023233288,0.004023165,0.023233288,638.7054243,75.09,24.91,1.25,39.52,1.98,22.92,1.98,3.132009892,0.2705663,4.2749,7.7567,0.9164,0.304,0.5668,0.0211,0.0431,204.4
Isla Hermite,HER42PB,HER42PB1E,178,201,201.6,201.6,0.6,1828,2594,2200,2204,383,0.0698,0.01231,18790.42857,48905.14286,1.275714286,64.71428571,365,161.2857143,101.4285714,5927.714286,22,111.1428571,741.5714286,666.8571429,31814.85714,5561,5.722016274,1.743694286,0.174985127,-1.743694286,37375.85714,445.1149129,1032.73382,0.081416039,28.83120003,40.64070209,49.49987975,16.93966886,1140.879151,26.33122354,66.07679515,182.1326048,123.6115267,1148.374856,84.28523002,0.216586597,0.038447544,0.006831067,0.038447544,1156.3603,75.18,24.82,1.24,33.74,1.69,19.57,1.69,2.973997781,0.25682454,3.808,6.9382,1.0579,0.3492,0.6537,0.0244,0.0499,204.8
Isla Hermite,HER42PB,HER42PB1E,179,202.5,203,203,0.6,1850,2609,2223,2225,379,0.0698,0.01209,19380.66667,48564.83333,1.321666667,30,293.3333333,68,52.66666667,3135.166667,0.357142857,54.66666667,590.3333333,753.6666667,34223.66667,5583.833333,6.137149797,1.812464221,0.16356794,-1.81246422,39807.5,709.8238279,1145.621127,0.099079093,5.830951895,33.23652609,21.93627133,12.29091806,619.8149455,0.944911183,67.04227522,179.4844469,112.9772839,1706.899841,189.8034949,0.409725127,0.067830305,0.011277194,0.067830305,1670.723885,86.18,13.82,0.69,58.1,2.91,33.7,2.91,3.517497837,0.30373646,3.1172,5.6983,1.2611,0.2022,0.3797,0.0141,0.0289,205.1
Isla Hermite,HER42PB,HER42PB1E,180,204,204.6,204.6,0.6,1872,2629,2246,2247,378,0.0694,0.01189,19990,50456.85714,1.242857143,37.71428571,348.5714286,61.42857143,59.14285714,3303.285714,8,35,514.4285714,861,35815.85714,5601,6.398289662,1.85518378,0.156556708,-1.85518378,41416.85714,465.3432425,1019.465453,0.080976187,16.15254661,71.2293412,23.44395546,17.99470822,887.2684138,13.66260102,45.98188049,223.6804694,111.1860303,1249.49929,137.7001573,0.284417301,0.044456528,0.006957582,0.044456528,1248.193552,83.19,16.81,0.84,53.31,2.67,30.92,2.67,3.431403224,0.296308105,3.3117,6.0853,1.1686,0.2361,0.4456,0.0164,0.0337,205.9
Isla Hermite,HER42PB,HER42PB1E,181,205.5,206.1,206.1,0.6,1888,2655,2268,2269,383,0.0699,0.012,19756.71429,49472.42857,1.252857143,31,311.4285714,84.14285714,41.42857143,2889.857143,17.85714286,34.42857143,428.7142857,708.1428571,35473.42857,5734.428571,6.185514311,1.821930293,0.161758602,-1.821930292,41207.85714,802.1562014,1945.220284,0.033022359,9.678154094,40.0535356,33.21359446,22.39685352,522.257736,26.49168782,58.88366254,74.322976,107.6776494,1500.040428,174.0506221,0.157984466,0.025560919,0.004137259,0.025560918,1643.222994,85.52,14.48,0.72,62.5,3.13,36.25,3.13,3.590439381,0.310015869,3.454,6.3899,1.1075,0.1875,0.3563,0.0131,0.0272,207.2
Isla Hermite,HER42PB,HER42PB1F,188,206.7,207.3,207.3,0.6,1896,2678,2286,2286,391,0.0697,0.01212,20512.66667,52681.66667,1.388333333,55.5,358,173.6666667,77.5,4651.5,3.833333333,83.33333333,607.3333333,773.5,35633.83333,5867,6.077347622,1.803283446,0.1649641,-1.803283446,41500.83333,711.5368344,3369.011408,0.087958323,13.26272973,57.82732918,124.0155904,26.57630524,1852.106557,9.389710681,47.88179891,207.1633816,125.2609277,1786.320623,176.8592661,0.341327949,0.05522277,0.00895471,0.05522277,1815.725686,85.38,14.62,0.73,47.87,2.39,27.77,2.4,3.323956301,0.28727026,4.4562,8.5716,1.0112,0.1731,0.3417,0.0121,0.0259,214.7
Isla Hermite,HER42PB,HER42PB1F,189,208.1,208.7,208.7,0.6,1905,2702,2305,2306,398,0.0691,0.01213,20352.57143,51142.85714,1.408571429,43.42857143,303.8571429,88.28571429,73.14285714,3089.428571,0.357142857,117.4285714,690.2857143,732,35784.28571,5777.571429,6.202566141,1.824215015,0.16146801,-1.824215016,41561.85714,250.3097129,1072.474309,0.132089436,10.96748441,42.91242466,17.22124933,18.18816989,273.7851086,0.944911183,51.81009278,149.380626,75.02666193,772.864092,264.7280725,0.255954973,0.042040512,0.006914389,0.042040512,910.3842465,85.34,14.66,0.73,63.98,3.2,37.11,3.2,3.613886475,0.311625888,4.5593,8.8176,1.1109,0.1908,0.3785,0.0132,0.0285,216
Isla Hermite,HER42PB,HER42PB1F,190,209.5,210.1,210.1,0.6,1918,2725,2326,2326,403,0.0645,0.01138,20140.57143,51355.71429,1.3,37.14285714,317.2857143,96.28571429,74.85714286,3102.428571,1.285714286,73,671.2857143,794.4285714,35787.57143,5837.142857,6.137890066,1.813860821,0.163125031,-1.813860822,41624.71429,272.1248838,776.5040705,0.093630479,10.44714589,34.46599428,33.4948468,16.93545169,509.1512078,3.401680257,84.42748368,81.76738202,151.0274336,376.6248607,208.7034807,0.233066314,0.03807895,0.006228395,0.038078949,416.9387302,84.38,15.62,0.78,61.58,3.08,35.72,3.08,3.575710756,0.308319964,4.5358,8.8131,1.187,0.2198,0.4381,0.0142,0.0308,216.9
Isla Hermite,HER42PB,HER42PB1F,191,210.9,211.5,211.5,0.7,1953,2736,2350,2349,392,0.064,0.01087,21062.14286,52534.42857,1.31,41.42857143,267,59.42857143,34.85714286,2390.428571,0.357142857,56.85714286,413.2857143,760.1428571,37614.71429,6008.714286,6.261268198,1.834266277,0.159749238,-1.834266277,43623.42857,448.0764178,1291.618475,0.056273143,13.79440881,77.24851671,15.56552968,15.07125931,409.6314836,0.944911183,65.31061315,108.3277654,80.77422974,769.589006,148.5885979,0.103287599,0.01648033,0.002630025,0.01648033,885.8688498,81.09,18.91,0.95,62.08,3.1,36.01,3.11,3.583796678,0.309514237,4.7173,9.2128,1.0462,0.244,0.4887,0.0156,0.0339,217.3
Isla Hermite,HER42PB,HER42PB1F,192,212.4,212.9,212.9,0.6,1981,2750,2372,2371,385,0.0645,0.01065,20125,50716.16667,1.321666667,29.66666667,244.5,63,59.83333333,2529,0.357142857,109.6666667,654.3333333,746.1666667,35725.66667,6027.666667,5.929200509,1.779698548,0.168720883,-1.779698547,41753.33333,127.8420901,776.3706374,0.064935866,7.474400756,35.79804464,18.09972375,22.86846446,400.0734932,0.944911183,101.2100127,88.56109003,44.49456896,189.061542,131.6687764,0.127490251,0.021350856,0.003576781,0.021350856,255.4006004,81.48,18.52,0.93,39.75,1.99,23.06,1.99,3.138099515,0.270807374,4.2706,8.3853,1.0515,0.2391,0.4814,0.0154,0.0336,217.9
Isla Hermite,HER42PB,HER42PB1F,193,213.7,214.4,214.4,0.7,2003,2764,2396,2393,381,0.064,0.01038,20995.875,53387.875,1.3075,32.75,267.625,67,52.625,2943.375,3.375,81.75,454.75,734,37834.375,6032.5,6.273546361,1.836068322,0.159486508,-1.836068321,43866.875,518.4260348,1229.547006,0.069436507,13.57255634,52.213675,40.93548932,22.23856046,1173.631353,9.545941546,55.52283957,117.5606227,60.18068034,1013.638276,165.1380375,0.157173174,0.02497698,0.003971324,0.02497698,1116.87887,81.95,18.05,0.9,50.71,2.54,29.42,2.54,3.381674715,0.29195968,4.6082,9.0897,1.0441,0.2299,0.465,0.0147,0.0321,218.5
Isla Hermite,HER42PB,HER42PB1F,194,215.2,215.8,215.8,0.6,2022,2778,2419,2415,378,0.0643,0.01026,18320.57143,48419.42857,1.312857143,56.42857143,354.1428571,97.57142857,74.42857143,4852.714286,2,134,798.2857143,731.2857143,31777.85714,5408.857143,5.875057877,1.770407033,0.170316198,-1.770407033,37186.71429,1009.673851,2800.079276,0.095866971,33.07495096,115.6797715,52.97438734,26.36827098,1472.962968,3.605551275,88.24964589,94.68670143,63.61528717,1608.813168,226.9202713,0.157824194,0.026837733,0.00456575,0.026837732,1804.123029,86.49,13.51,0.68,67.69,3.38,39.26,3.39,3.670206189,0.316912862,4.2249,8.3716,1.1388,0.1779,0.3615,0.0114,0.0251,219.1
Isla Hermite,HER42PB,HER42PB1F,195,216.6,217.2,217.2,0.6,2038,2791,2447,2437,377,0.0645,0.01014,19360.14286,50638.57143,1.394285714,55.71428571,356.1428571,107.4285714,72.42857143,4894.285714,12.42857143,102.2857143,656.8571429,653.4285714,33652.71429,5588.285714,6.024535283,1.795577229,0.166075966,-1.795577228,39241,118.8197915,968.2480497,0.089973541,14.94115441,48.27845818,23.32993172,36.266868,778.5299639,22.61162786,36.87688655,73.95590707,115.3095214,381.1140312,124.0641155,0.148112214,0.024875183,0.00417976,0.024875184,400.1662155,87.22,12.78,0.64,68.57,3.43,39.77,3.43,3.683112859,0.317653435,3.4327,6.8277,1.1809,0.1731,0.3529,0.0112,0.0245,219.6
Isla Hermite,HER42PB,HER42PB1F,196,217.9,218.5,218.5,0.6,2056,2806,2470,2458,375,0.0642,0.00997,19221.71429,49958,1.304285714,49.57142857,369,109.4285714,94.71428571,5327.714286,0.357142857,131.5714286,653.2857143,691,32788.71429,5506.142857,5.958130672,1.78448372,0.167929485,-1.78448372,38294.85714,176.5481184,902.4014258,0.056820519,19.39808533,11.76151918,22.49338527,13.62246044,548.0954036,0.944911183,102.9706384,98.67237757,123.9583263,942.2647742,209.7827675,0.150526129,0.02523158,0.004231647,0.025231579,1108.848266,85.56,14.44,0.72,70.29,3.51,40.77,3.52,3.707946517,0.320136663,3.6744,7.3469,1.1539,0.1948,0.3992,0.0125,0.0276,220.5
Isla Hermite,HER42PB,HER42PB1F,197,219.3,219.9,219.9,0.6,2073,2832,2491,2479,379,0.0547,0.00852,18981.57143,48712.14286,1.354285714,44.71428571,355.7142857,108.1428571,69.42857143,4555.142857,0.357142857,105,699.8571429,694.1428571,32498.42857,5487.428571,5.921258332,1.778310329,0.168963469,-1.77831033,37985.85714,359.2217779,1027.911869,0.08303757,8.577378887,48.78426757,42.27461244,21.55502372,1064.124433,0.944911183,74.91995729,157.8980985,71.51323554,1176.747333,99.86467033,0.140034114,0.023572093,0.00396909,0.023572092,1260.158248,85.86,14.14,0.71,66.48,3.32,38.56,3.33,3.65221547,0.315401388,4.4562,8.9727,1.1597,0.1909,0.394,0.0104,0.0232,221.9
Isla Hermite,HER42PB,HER42PB1F,198,220.7,221.3,221.3,0.6,2120,2841,2515,2504,361,0.0547,0.00802,20350.57143,51041.42857,1.321428571,43.28571429,285.5714286,98.14285714,41.57142857,2470.428571,2,93.71428571,553.7142857,822.7142857,36210.28571,5909.428571,6.129605515,1.812923796,0.163210602,-1.812923798,42119.71429,384.7301466,1097.236811,0.083751333,13.18729547,29.99365012,74.20788047,13.07487594,186.5027767,5.291502622,60.37304665,100.0694997,98.17452875,504.2200956,131.8595934,0.13351059,0.022043999,0.003641069,0.022043999,560.5793772,86.94,13.06,0.65,75,3.75,43.5,3.75,3.772760938,0.325238012,4.5702,9.2546,1.0762,0.1617,0.3355,0.0088,0.0196,222.2
Isla Hermite,HER42PB,HER42PB1F,199,222,222.6,222.6,0.6,2153,2851,2539,2529,349,0.0544,0.00766,20076.42857,50436.28571,1.308571429,33.85714286,279.2857143,61.14285714,38.42857143,2297,8.142857143,49.57142857,488.2857143,813.4285714,36315.85714,5868.857143,6.188373368,1.822543149,0.161635134,-1.822543149,42184.71429,406.5180837,773.6848442,0.114226175,12.38855078,35.29265403,26.66101131,21.9685923,241.0345757,18.64071325,47.65101308,83.24004302,85.24251119,630.343406,79.48045582,0.107296984,0.017367071,0.002811797,0.017367071,666.2506321,86.34,13.66,0.68,66.35,3.32,38.49,3.32,3.650398467,0.314869392,4.6635,9.4879,1.1364,0.1797,0.3746,0.0098,0.0218,222.5
Isla Hermite,HER42PB,HER42PB1F,200,223.4,224,224,0.6,2190,2867,2565,2554,338,0.0545,0.00736,20205.85714,51089,1.255714286,27.57142857,261.5714286,78.71428571,51.14285714,2363.142857,5.714285714,65.71428571,607.4285714,799.4285714,36589.57143,5885.285714,6.22053583,1.827518166,0.160866099,-1.827518167,42474.85714,257.4803737,828.8827822,0.080178373,9.034326074,45.52968681,32.54081686,20.4566906,502.8360994,15.11857892,60.31228257,87.88412284,104.3006186,441.2364661,148.659246,0.175371954,0.028023244,0.004481828,0.028023243,463.8269895,88.36,11.64,0.58,70.1,3.5,40.66,3.51,3.705244808,0.319857582,4.0559,8.2801,1.0819,0.1425,0.2981,0.0078,0.0173,222.7
Isla Hermite,HER42PB,HER42PB1F,201,224.8,225.3,225.3,0.6,2212,2879,2589,2579,334,0.0544,0.00717,18835.66667,47070.5,1.248333333,26,248.1666667,78.16666667,35,1899.833333,1.833333333,90.83333333,518.1666667,757.8333333,34427.83333,5500.666667,6.259277467,1.834009038,0.159780749,-1.834009038,39928.5,316.7166978,921.999295,0.067946057,11.54123044,46.58504767,27.81666167,21.08079695,307.6429207,4.490731195,80.82429503,86.24712556,57.72838701,759.8750994,125.0498567,0.071999186,0.011594888,0.001867429,0.011594889,870.2038267,88.13,11.87,0.59,93.63,4.68,54.31,4.68,3.994708372,0.344231913,4.0849,8.3883,1.1155,0.1502,0.316,0.0082,0.0183,223.5
Isla Hermite,HER42PB,HER42PB1F,202,226.1,226.7,226.7,0.6,2229,2894,2616,2603,333,0.0543,0.00708,19546.57143,48807.71429,1.314285714,18.71428571,243.5714286,82.28571429,43.28571429,2002,0.357142857,97,575.5714286,712.1428571,35402.14286,5752.571429,6.158905247,1.817508647,0.162493013,-1.817508646,41154.71429,266.031237,1340.414204,0.090711474,8.32094317,21.53181478,71.24772344,10.19336853,283.1277686,0.944911183,67.65845599,102.8815778,72.81810345,577.866025,193.8228204,0.186375876,0.030143046,0.004879033,0.030143046,691.3572917,87.32,12.68,0.63,84.67,4.23,49.11,4.23,3.89406268,0.335407965,4.4562,9.1955,1.2479,0.1812,0.3831,0.0098,0.0221,224.4
Isla Hermite,HER42PB,HER42PB1F,203,227.5,228.1,228.1,0.6,2251,2917,2643,2629,333,0.0546,0.00707,20526.42857,51233.28571,1.4,52,287.7142857,69.57142857,47,2123.571429,0.357142857,61.85714286,462.2857143,796.8571429,37024.14286,5727.142857,6.470584971,1.866523387,0.154775799,-1.866523386,42751.28571,322.5594814,1228.163903,0.061913919,22.60530911,29.47719054,32.14476185,24.93992783,573.1680548,0.944911183,65.31571677,157.2934776,86.43384478,739.2319051,160.9828444,0.268912156,0.041681366,0.006466045,0.041681366,677.6825005,89.24,10.76,0.54,74.75,3.74,43.36,3.74,3.769537357,0.325139984,4.3273,8.9662,1.1307,0.1364,0.2895,0.0074,0.0168,225.1
Isla Hermite,HER42PB,HER42PB1F,204,228.9,229.5,229.5,0.6,2264,2952,2669,2655,344,0.0561,0.00741,19879.57143,51064.57143,1.32,35.14285714,332.2857143,135.7142857,73.14285714,3334.428571,0.357142857,96.85714286,693.7142857,788.5714286,34656.57143,5736,6.045062186,1.798980169,0.16551125,-1.79898017,40392.57143,198.4690212,976.4843158,0.100664459,13.45893224,51.52900247,106.2586691,27.06429734,651.3769664,0.944911183,54.99523789,44.67181918,96.51572781,344.0900353,150.653023,0.14865909,0.024764567,0.004127662,0.024764567,419.3613625,88.49,11.51,0.58,76.14,3.81,44.17,3.81,3.788045826,0.326747897,4.3544,9.0702,1.1498,0.1496,0.3191,0.0084,0.019,226.5
Isla Hermite,HER42PB,HER42PB1F,205,230.3,230.9,230.9,0.6,2304,2968,2694,2679,332,0.0571,0.00723,19974,51093.85714,1.284285714,42.42857143,305.2857143,107,62.42857143,3231,5.142857143,102.2857143,673.2857143,766.5714286,35404.14286,5789.714286,6.117199915,1.81089416,0.1635425,-1.81089416,41193.85714,118.5256653,455.055465,0.057113087,8.243323417,36.51809727,21.61018278,20.18132093,204.5189478,13.60672103,82.25106744,81.30747052,87.42398058,292.3214148,118.1365231,0.135035387,0.0221909,0.003648218,0.022190901,311.1947025,88.43,11.57,0.58,75.58,3.78,43.84,3.78,3.780546643,0.325968666,4.5593,9.5471,1.14,0.1491,0.3197,0.0085,0.0193,227.1
Isla Hermite,HER42PB,HER42PB1F,206,231.6,232.3,232.3,0.7,2358,2976,2719,2704,309,0.0571,0.00668,19858.375,52366.875,1.33,49.75,372,124.375,74,5519.375,13.75,137.625,599.25,748.625,34541,5590.25,6.180155757,1.821249154,0.161838818,-1.821249156,40131.25,422.5487081,924.123436,0.092272887,5.922113522,50.59926595,31.02965172,15.83847034,531.7714164,23.51139541,37.30161812,81.77102176,109.1825961,576.1423435,132.9551482,0.090527991,0.014700408,0.002387464,0.014700408,685.6508378,85.66,14.34,0.72,65.63,3.28,38.07,3.28,3.63942657,0.313562363,5.0521,10.6322,1.0935,0.1831,0.3945,0.0105,0.0237,227.2
Isla Hermite,HER42PB,HER42PB1F,207,233.1,233.7,233.7,0.6,2408,2984,2743,2729,288,0.0569,0.00615,20527.57143,52994,1.295714286,42.28571429,298.5714286,83.57142857,50.71428571,4773.714286,9.285714286,131.1428571,511.8571429,770,35936.71429,5796.142857,6.201289585,1.824676744,0.16128274,-1.824676744,41732.85714,267.5224957,1008.855127,0.045773771,11.62919151,30.94542046,36.6599561,9.214377999,639.2784251,15.88200539,37.41402844,115.0469883,112.1279032,562.6019061,130.2093552,0.085047282,0.013703716,0.002208319,0.013703715,671.1905911,75.5,24.5,1.23,35.42,1.77,20.54,1.77,3.022374205,0.260448021,4.9832,10.5444,1.0767,0.3495,0.757,0.0199,0.0452,227.4
Isla Hermite,HER42PB,HER42PB1F,208,234.5,235.1,235.1,0.6,2439,2996,2767,2753,279,0.0573,0.00595,19037.57143,48330.14286,1.361428571,28.71428571,201.4285714,63.42857143,38,2897.142857,13.28571429,79.14285714,393.7142857,723.5714286,34505,5376.857143,6.420743861,1.858998341,0.155912789,-1.858998341,39881.85714,321.1193221,635.1733172,0.104151904,10.65698966,24.8116716,18.5639179,19.94993734,429.9005422,35.15069599,51.44067318,139.2272893,122.5654344,628.4573706,97.55755322,0.226086768,0.035424243,0.005555168,0.035424243,543.0544566,75.12,24.88,1.24,38.75,1.94,22.48,1.94,3.112626025,0.268616303,4.3693,9.2804,1.1516,0.3814,0.8291,0.0219,0.0498,227.8
Isla Hermite,HER42PB,HER42PB1F,209,235.8,236.4,236.4,0.6,2465,3006,2789,2776,271,0.0569,0.00568,17822.71429,45813,1.355714286,36.14285714,276.4285714,88.14285714,61.14285714,4167,0.357142857,85.85714286,671.8571429,615.8571429,30762.57143,5317.571429,5.782286384,1.754524381,0.173037638,-1.754524382,36080.14286,825.3842972,1399.481332,0.082433234,19.68441491,84.22560407,30.55284259,13.33452376,1041.976967,0.944911183,33.43365855,133.7976439,107.7704792,1763.157098,206.265086,0.145496599,0.025401299,0.00443615,0.025401299,1957.721586,73.17,26.83,1.34,30.35,1.52,17.61,1.52,2.868466923,0.247590558,3.8992,8.3151,1.1141,0.4084,0.8914,0.0232,0.053,228.2
Isla Hermite,HER42PB,HER42PB1F,210,237.1,237.7,237.7,0.6,2483,3019,2814,2799,268,0.0573,0.00562,16619.71429,43730.14286,1.258571429,68.28571429,381.8571429,120.1428571,77.42857143,5541.571429,4.428571429,130.5714286,1104.857143,669.1428571,27311.85714,5114.714286,5.325474551,1.669018665,0.18909758,-1.669018666,32426.57143,1866.585538,3936.853923,0.112609735,21.89150738,84.06431778,33.94322992,26.66994028,1087.674409,7.699721702,65.85301092,367.8298649,85.71158726,4119.813444,450.5188543,0.476473099,0.090478806,0.017235542,0.090478806,4507.258141,76.83,23.17,1.16,35.38,1.77,20.52,1.77,3.02140002,0.260617838,4.4692,9.5841,1.0839,0.3268,0.7171,0.0187,0.0429,229.3
Isla Hermite,HER42PB,HER42PB1F,211,238.4,239,239,0.6,2499,3039,2838,2822,270,0.0598,0.00585,18944.28571,49520.57143,1.265714286,47.28571429,318.4285714,98.42857143,73.85714286,4686.714286,1.857142857,67.85714286,671.2857143,797.4285714,33289.71429,5649.714286,5.893205152,1.77365113,0.16973721,-1.77365113,38939.42857,201.9708843,1072.471889,0.049280538,27.17667067,75.89215406,37.54489376,44.22453531,1038.414772,3.184785259,46.61340498,63.8297587,135.7311769,468.1711632,83.02351933,0.110447563,0.018588015,0.003129383,0.018588016,490.0581112,77.91,22.09,1.1,45.67,2.28,26.49,2.29,3.276767303,0.28326905,4.0849,8.7968,1.1382,0.3227,0.711,0.0193,0.0444,230.1
Isla Hermite,HER42PB,HER42PB1F,212,239.7,240.3,240.3,0.6,2525,3059,2860,2844,267,0.0702,0.00676,19208.42857,49129.28571,1.255714286,44.42857143,390.4285714,99,69.71428571,4346.428571,4.142857143,92.71428571,723.1428571,727.1428571,33133.42857,5680,5.833300907,1.763434613,0.171480836,-1.763434613,38813.42857,658.0751875,1712.229318,0.07367884,16.16433464,128.4547354,46.03983782,24.37699931,766.2038147,10.96096972,50.53617281,177.5522727,59.19861646,956.2637114,124.1531313,0.107676833,0.018685374,0.003243448,0.018685374,1055.383162,76.35,23.65,1.18,39.24,1.96,22.76,1.96,3.125004609,0.269112875,4.4562,9.6411,1.1252,0.3486,0.7716,0.0245,0.0565,231
Isla Hermite,HER42PB,HER42PB1F,213,241.1,241.7,241.7,0.6,2584,3066,2875,2863,241,0.0723,0.00626,19740.14286,50887.57143,1.26,70.85714286,454.8571429,110.2857143,65.14285714,4459.142857,0.357142857,89.28571429,840.8571429,719.5714286,34229.28571,5840.857143,5.855720149,1.765333275,0.171492661,-1.765333274,40070.14286,1215.089493,2522.895549,0.075718778,34.01680257,186.1365346,24.31538803,18.07787387,758.7088657,0.944911183,76.06732607,253.2801009,118.6140199,2992.847291,199.0991617,0.405523553,0.070040261,0.012156984,0.070040262,3133.336051,75.47,24.53,1.23,32.36,1.62,18.77,1.62,2.932259851,0.253077302,3.9811,8.647,1.178,0.3828,0.8506,0.0277,0.0639,230.9
Isla Hermite,HER42PB,HER42PB1G,220,241.3,242,242,0.7,2599,3070,2879,2868,235,0.0702,0.00596,20765.71429,52891.85714,1.271428571,53.85714286,373.7142857,98.57142857,69.85714286,3969.285714,0.357142857,75.71428571,665.8571429,791.8571429,36491.14286,6042.571429,6.039889401,1.79779123,0.165761662,-1.797791229,42533.71429,896.5856929,1739.593576,0.106054793,15.66767981,29.61257777,14.84202528,17.17972227,504.8411348,0.944911183,75.79295105,147.5719356,91.72500308,1729.432029,213.7856069,0.226409064,0.037126294,0.006095912,0.037126294,1875.118638,76.04,23.96,1.2,44.63,2.23,25.89,2.23,3.253856794,0.280266537,5.9408,13.346,0.807,0.2542,0.5839,0.0178,0.0425,238.1
Isla Hermite,HER42PB,HER42PB1G,221,242.9,243.5,243.5,0.6,2656,3079,2897,2889,211,0.0707,0.00535,20532.85714,51451.57143,1.254285714,17.57142857,218,43.57142857,11.57142857,2921.571429,5.142857143,86,400.2857143,862.4285714,37401.71429,6032.285714,6.204059762,1.824885245,0.16128765,-1.824885245,43434,420.5565474,1091.038933,0.057693773,9.501879513,35.26093211,15.09809196,16.54143427,311.2779343,13.60672103,63.84877968,93.22144654,80.34686707,844.4459158,209.2794896,0.168955739,0.027283835,0.004407894,0.027283835,986.0226502,67.28,32.72,1.64,29.55,1.48,17.14,1.48,2.841414913,0.245349712,5.3135,11.9952,0.7586,0.3689,0.8513,0.0261,0.0622,238.3
Isla Hermite,HER42PB,HER42PB1G,222,244.2,244.8,244.8,0.6,2707,3088,2913,2908,191,0.0702,0.00477,20650.85714,51585.85714,1.29,19.14285714,186.2857143,28.71428571,17.28571429,3227.714286,0.357142857,50.14285714,312.4285714,848.1428571,37826.42857,5853.857143,6.466406437,1.866258385,0.154758087,-1.866258386,43680.28571,324.984322,790.0505107,0.06350853,11.12697281,39.01586979,22.37345366,13.87701079,525.6331783,0.944911183,66.68940089,81.24829669,65.28253613,688.0733626,199.2096288,0.186926301,0.029152018,0.004550262,0.029152018,807.2537218,71.51,28.49,1.42,36.68,1.83,21.28,1.84,3.057767664,0.264393445,5.2022,11.7934,0.9243,0.3683,0.8533,0.0259,0.0617,238.5
Isla Hermite,HER42PB,HER42PB1G,223,245.6,246.2,246.2,0.6,2746,3100,2931,2927,177,0.0707,0.00445,21134.42857,51747.85714,1.284285714,14.85714286,183.4285714,27.42857143,17.71428571,1518,0.357142857,27.71428571,359.2857143,874,39119.71429,6076.142857,6.440255537,1.862392162,0.155327984,-1.86239216,45195.85714,265.0106018,897.9889436,0.056230817,9.423880507,25.23131086,14.05770421,15.12959887,228.8077796,0.944911183,27.63279625,108.6611158,90.47835837,764.8175631,160.9227854,0.13062719,0.020260905,0.003143311,0.020260904,877.8542834,80.95,19.05,0.95,69.35,3.47,40.22,3.47,3.694364384,0.318733078,5.0921,11.5922,1.0317,0.2428,0.5648,0.0172,0.041,238.9
Isla Hermite,HER42PB,HER42PB1G,224,246.9,247.5,247.5,0.6,2777,3111,2949,2946,167,0.0704,0.00417,21672.57143,53576.57143,1.285714286,21,204.5714286,55.14285714,41.85714286,1815.285714,6,54.28571429,341.2857143,900.5714286,40182.71429,6265.428571,6.41499204,1.858481826,0.155933456,-1.858481825,46448.14286,199.8723402,1011.801505,0.093248261,13.31665624,25.6700678,80.90823726,32.34928423,467.4589873,9.16515139,92.79855294,64.67537987,107.354331,433.5053688,114.1969894,0.12237678,0.019073818,0.002973756,0.019073817,470.1575724,86.61,13.39,0.67,78.71,3.94,45.65,3.94,3.821003607,0.329786511,5.0921,11.6431,0.9987,0.1545,0.3609,0.0109,0.0261,239.6
Isla Hermite,HER42PB,HER42PB1G,225,248.3,248.9,248.9,0.6,2801,3124,2967,2966,161,0.075,0.00427,21531.28571,53533.28571,1.294285714,25.57142857,242.2857143,34.14285714,24.28571429,1902.857143,3.857142857,37.85714286,368,936.5714286,39928.71429,6229.714286,6.410584459,1.857644954,0.156086796,-1.857644955,46158.42857,698.6801162,1653.621351,0.123539082,8.223080178,23.72561405,14.96026483,11.23557276,191.0815084,7.581305328,59.49069555,114.5556633,143.2490339,1152.131028,148.8463573,0.172170257,0.026620505,0.004118607,0.026620504,1232.982814,86.7,13.3,0.67,76.75,3.84,44.52,3.84,3.795938526,0.327412487,5.3043,12.1813,1.0339,0.1586,0.3722,0.0119,0.0286,240.3
Isla Hermite,HER42PB,HER42PB1G,226,249.7,250.3,250.3,0.6,2820,3138,2985,2984,159,0.104,0.00579,19921.14286,50245.57143,1.33,29.71428571,233.1428571,51.71428571,39,2431,32.85714286,51.28571429,379.7142857,819.2857143,36482.85714,5784.428571,6.305547232,1.840962616,0.158739185,-1.840962616,42267.28571,941.1909882,1496.684542,0.094692485,18.38218599,51.29466695,20.46716302,30.69744832,945.7707615,80.92677466,33.2651684,109.5821066,85.29500627,1994.181154,213.6920347,0.207558206,0.033064658,0.005270622,0.033064656,2172.554158,86.8,13.2,0.66,74.64,3.73,43.29,3.73,3.767921661,0.324655759,4.9832,11.4912,1.0625,0.1616,0.3808,0.0168,0.0405,241.2
Isla Hermite,HER42PB,HER42PB1G,227,251,251.6,251.6,0.6,2841,3152,2998,2997,155,0.1036,0.00562,20901.28571,51615.85714,1.331428571,36.14285714,297.7142857,58.85714286,37.85714286,2246.142857,0.357142857,19.42857143,476.7142857,785.7142857,37636.42857,5942.571429,6.33634456,1.846056242,0.157897112,-1.846056242,43579,114.9995859,536.5318967,0.069144431,20.4811179,41.08411812,19.28236302,15.89998503,133.929619,0.944911183,30.77800699,100.0911489,91.42157711,218.3123581,139.786572,0.152121371,0.023919262,0.003763075,0.023919263,269.3560221,87.16,12.84,0.64,77.37,3.87,44.88,3.87,3.803992261,0.328018049,5.0786,11.7595,1.0456,0.154,0.3642,0.016,0.0386,242
Isla Hermite,HER42PB,HER42PB1G,228,252.4,253,253,0.6,2858,3165,3011,3010,153,0.1048,0.00558,19499.14286,47348.85714,1.348571429,24.57142857,201.1428571,34.57142857,49.42857143,2182.857143,0.357142857,24,482.2857143,837.8571429,34464.57143,5630.857143,6.12281032,1.811841471,0.163382184,-1.811841471,40095.42857,288.9131522,947.1012668,0.049473418,13.23955114,36.07597803,20.72725374,26.50067385,618.3266204,0.944911183,26.50157228,103.9867208,114.431098,535.7147429,142.0885036,0.125874304,0.020438703,0.003320123,0.020438704,630.5132452,85.17,14.83,0.74,67.05,3.35,38.89,3.35,3.660737148,0.315337348,4.5702,10.6256,1.0287,0.1791,0.4254,0.0188,0.0456,242.8
Isla Hermite,HER42PB,HER42PB1G,229,253.7,254.3,254.3,0.6,2870,3183,3023,3023,156,0.1037,0.00561,20544.71429,50938.14286,1.337142857,23.57142857,216.5714286,42.71428571,40.71428571,2588.571429,1.714285714,46.71428571,432.4285714,767.4285714,37164.14286,6018.857143,6.175847078,1.820400422,0.162000208,-1.820400424,43183,336.019699,712.2109773,0.089015782,6.924765769,26.68868139,18.89192319,10.82765419,211.6718035,4.535573676,68.91229761,138.5650956,66.21897297,659.3133874,86.81288033,0.148724123,0.023870485,0.003833193,0.023870485,656.4993019,85.45,14.55,0.73,66.46,3.32,38.55,3.32,3.6519561,0.31451347,4.7689,11.1353,1.1807,0.201,0.4795,0.0208,0.0509,243.9
Isla Hermite,HER42PB,HER42PB1G,230,255,255.6,255.6,0.6,2877,3206,3035,3036,164,0.1044,0.00589,21342.85714,52047.28571,1.244285714,12.42857143,214.5714286,23.42857143,26.28571429,1027.571429,1.571428571,11.42857143,273.2857143,922.7142857,39484.28571,6027.857143,6.552317329,1.879664381,0.152664848,-1.879664381,45512.14286,210.6105637,450.4315391,0.022253946,8.462803768,31.26690019,14.98729621,25.97892919,203.3132699,4.157609203,20.35400978,86.22782669,123.4216543,315.0733853,123.9051096,0.124489627,0.018971191,0.002891708,0.018971191,380.272897,81.75,18.25,0.91,50.86,2.54,29.5,2.54,3.384390263,0.291401738,5.6544,13.2821,0.9894,0.2208,0.5298,0.0231,0.0566,245.5
Isla Hermite,HER42PB,HER42PB1G,231,256.4,257,257,0.6,2886,3229,3046,3048,171,0.104,0.00609,21366,52911.28571,1.361428571,24,241.4285714,45.14285714,40.14285714,2157.285714,0.357142857,30.28571429,362.8571429,859.4285714,39034.71429,6037.142857,6.468588084,1.866722695,0.154665745,-1.866722696,45071.85714,292.3445456,1023.032863,0.126679197,7.767453465,22.01406477,25.84201083,24.88927863,1179.017488,0.944911183,34.83635211,73.34036763,65.16097284,522.1623995,153.8748719,0.152005634,0.023388836,0.003601146,0.023388836,603.2189842,80.54,19.46,0.97,58.71,2.94,34.06,2.94,3.528123675,0.304541503,4.9832,11.7404,0.974,0.2353,0.5661,0.0245,0.0603,246.5
Isla Hermite,HER42PB,HER42PB1G,232,257.7,258.3,258.3,0.6,2891,3260,3057,3061,185,0.1041,0.00651,21335.71429,51905.42857,1.344285714,15.57142857,197.4285714,11.14285714,34.71428571,1165.428571,0.714285714,54.57142857,327.7142857,959.2857143,39019.85714,6031.428571,6.471435449,1.867179892,0.15459262,-1.867179891,45051.28571,220.2836915,473.6939438,0.062144225,9.071147352,27.14686687,9.494359228,17.50918127,122.8845761,1.889822365,69.05760191,87.22903623,81.48561077,507.2538577,118.0322797,0.14598629,0.022555716,0.003486294,0.022555717,531.0011658,87.98,12.02,0.6,74.34,3.72,43.12,3.72,3.763986927,0.324722434,4.8799,11.5483,1.1336,0.1549,0.3744,0.0161,0.04,247.9
Isla Hermite,HER42PB,HER42PB1G,233,259,259.7,259.7,0.7,2896,3291,3068,3074,198,0.0978,0.00653,20799,51242.125,1.355,19.625,219.5,41.875,26.875,1585.625,0.357142857,16.5,458.25,889.5,37894.375,5989.375,6.329340464,1.844996937,0.158057739,-1.844996938,43883.75,124.0230393,427.0712344,0.100142755,9.164177151,30.95619024,18.53519818,22.97475322,216.6807642,0.944911183,30.78032767,82.95911213,127.1635617,262.6121189,129.7348257,0.134034865,0.021411815,0.003422095,0.021411815,310.9661213,85.44,14.56,0.73,80.92,4.05,46.94,4.05,3.84887019,0.332081898,4.9392,11.7257,0.9555,0.1629,0.3948,0.0159,0.0397,249.1
Isla Hermite,HER42PB,HER42PB1G,234,260.5,261.1,261.1,0.6,2908,3308,3082,3089,200,0.0968,0.00649,21031,51527.42857,1.225714286,23,240.8571429,22.57142857,35.57142857,1318.571429,0.714285714,51,414.1428571,823.4285714,38446,6029.428571,6.379329498,1.852809692,0.156836341,-1.852809692,44475.42857,403.9500794,933.9616083,0.033094382,14.29452109,33.08286853,22.67051788,21.18849643,96.05008614,1.889822365,68.11999217,41.90238088,119.569864,758.2444637,178.1505516,0.153903634,0.024405993,0.003872731,0.024405993,871.5755575,86.21,13.79,0.69,72.52,3.63,42.07,3.63,3.739334898,0.322647627,5.2022,12.4176,1.0559,0.169,0.4118,0.0164,0.041,250.4
Isla Hermite,HER42PB,HER42PB1G,235,261.8,262.4,262.4,0.6,2923,3318,3096,3102,197,0.0962,0.00634,21267.28571,52214.71429,1.295714286,21.28571429,231.1428571,36.28571429,24,1125,0.357142857,48.28571429,350.4285714,864.1428571,39353.42857,6129.142857,6.422978064,1.859712753,0.155743789,-1.859712753,45482.57143,410.0441904,993.0427507,0.091078198,5.023753103,26.47910227,12.73727189,14.44529912,200.8581589,0.944911183,52.71847964,124.015936,150.3522847,776.5899512,177.2064978,0.127358839,0.019884032,0.003105176,0.01988403,911.9654338,83.38,16.62,0.83,66.73,3.34,38.71,3.34,3.656097965,0.315457691,4.6635,11.1667,0.9524,0.1898,0.464,0.0183,0.0458,251
Isla Hermite,HER42PB,HER42PB1G,236,263.2,263.8,263.8,0.6,2933,3334,3110,3116,201,0.0968,0.00645,20889.14286,52069,1.244285714,36.71428571,307.7142857,55.14285714,36.57142857,1579.285714,7.857142857,66.42857143,523.8571429,779.4285714,37863.71429,6192,6.118005221,1.810831155,0.163584461,-1.810831154,44055.71429,539.4047425,1509.819967,0.102446269,26.15157284,37.57088538,16.95512284,23.17223297,138.5877752,20.78804602,67.52248303,116.0537642,79.79318505,1131.12624,208.3234664,0.187961263,0.030747168,0.00503267,0.030747166,1254.113992,83.99,16.01,0.8,67.16,3.36,38.96,3.36,3.662535479,0.315865483,4.8754,11.7279,1.0033,0.1913,0.4698,0.0185,0.0467,252.2
Isla Hermite,HER42PB,HER42PB1G,237,264.5,265.1,265.1,0.6,2941,3349,3125,3130,204,0.0965,0.0065,21769,53556.85714,1.237142857,33,279.7142857,47.28571429,35.28571429,1215.428571,5.285714286,20.14285714,387.2857143,861.2857143,39691.71429,6266,6.335206653,1.846049182,0.157871195,-1.846049182,45957.71429,421.9928909,937.473098,0.058797473,18.93849695,24.58803426,22.42553816,14.73899913,216.8031804,13.9846855,53.29299069,74.98380778,73.34101691,804.4730603,142.4570111,0.08275042,0.013079641,0.002067714,0.013079642,925.0213897,86.37,13.63,0.68,76.39,3.82,44.31,3.82,3.791210385,0.326843233,4.3544,10.5072,1.0254,0.1618,0.3985,0.0156,0.0395,253
Isla Hermite,HER42PB,HER42PB1G,238,265.8,266.5,266.5,0.6,2951,3369,3140,3144,209,0.0964,0.00664,20257,49874,1.33,33.75,297.625,112.875,56.25,1648.625,0.357142857,48.25,597.75,782.625,35894.125,5870.25,6.118228181,1.810941731,0.163553561,-1.81094173,41764.375,158.7207791,664.7964243,0.105694979,11.99702344,53.3718425,91.88259201,16.84169995,461.5254017,0.944911183,69.29594917,182.5640788,102.7937429,494.0050426,165.9601932,0.169210948,0.027418982,0.004445016,0.027418982,567.6341723,84.23,15.77,0.79,50.51,2.53,29.3,2.53,3.377587516,0.291648342,4.431,10.734,1.0645,0.1993,0.4926,0.0192,0.0488,254.1
Isla Hermite,HER42PB,HER42PB1G,239,267.2,267.8,267.8,0.6,2957,3395,3154,3159,219,0.0969,0.00694,21636.14286,53230.28571,1.352857143,26.28571429,292.4285714,45.28571429,43.85714286,1212,0.357142857,20.42857143,511.4285714,870,38993,6154,6.336945569,1.846184881,0.157871512,-1.84618488,45147,539.3027686,1057.560513,0.052190129,12.61895777,41.09281017,18.5895516,16.80702801,220.4434924,0.944911183,45.0993612,146.8001557,126.9553727,992.5247268,127.7732366,0.141242147,0.022217615,0.003496102,0.022217615,1068.692035,83.58,16.42,0.82,59.46,2.97,34.49,2.97,3.540669427,0.30489383,5.0921,12.4069,0.9309,0.1829,0.4547,0.0177,0.0453,255.8
Isla Hermite,HER42PB,HER42PB1G,240,268.6,269.2,269.2,0.6,2964,3419,3168,3173,227,0.1002,0.00741,22159,54329.28571,1.468571429,20.57142857,234.7142857,31.85714286,33.14285714,974.2857143,0.357142857,7.428571429,397,988.1428571,39973.28571,6338.142857,6.308422382,1.841751448,0.158560596,-1.841751448,46311.42857,290.2378335,760.2106538,0.090448617,9.235026491,25.42121349,15.01586463,13.39687241,149.2935746,0.944911183,11.10341003,141.5921373,93.65793893,460.8925089,129.6655037,0.112113605,0.017655337,0.002780848,0.017655336,540.5089753,80.74,19.27,0.96,46.28,2.31,26.85,2.32,3.290265821,0.284298574,5.0921,12.4578,0.9923,0.2368,0.5912,0.0237,0.061,257
Isla Hermite,HER42PB,HER42PB1G,241,269.9,270.5,270.5,0.6,2972,3438,3181,3186,233,0.1069,0.00805,21421.42857,53306,1.462857143,32.57142857,305.2857143,51,52.14285714,2331.857143,24.85714286,34,559.7142857,810.2857143,38352.42857,6112,6.285817257,1.837292853,0.159405969,-1.837292853,44464.42857,495.445879,1477.90144,0.109956701,10.93704931,35.24539821,23.50886358,31.57229044,405.3304942,51.16127628,65.14854821,148.8933783,107.0602856,997.9745917,295.4662981,0.305734454,0.048247143,0.007623517,0.048247143,1123.616016,83.76,16.24,0.81,62.19,3.11,36.07,3.11,3.585461495,0.309142923,4.7755,11.7287,1.055,0.2046,0.5128,0.0219,0.0565,258.1
Isla Hermite,HER42PB,HER42PB1G,242,271.2,271.8,271.8,0.6,2983,3448,3193,3198,233,0.1069,0.00801,21662.57143,54445,1.428571429,27.85714286,296,45.42857143,32.28571429,2516.285714,4.142857143,48.28571429,493.2857143,823.1428571,39221.42857,6267.571429,6.261122187,1.834095136,0.159800632,-1.834095136,45489,234.6109241,506.0408416,0.145536773,19.61656249,27.74887385,19.28606702,19.93919328,476.4971893,10.96096972,42.96011439,106.9169682,56.78740638,191.5000932,158.5495266,0.154741099,0.024893345,0.004006633,0.024893346,264.6280408,86.25,13.75,0.69,75.42,3.77,43.75,3.77,3.778491613,0.32559802,4.7689,11.7553,1.2379,0.1973,0.4962,0.0211,0.0546,259
Isla Hermite,HER42PB,HER42PB1G,243,272.6,273.1,273.1,0.6,2991,3459,3204,3210,234,0.1069,0.00801,22083.5,53870.16667,1.245,25.83333333,291.1666667,42.83333333,40.83333333,1365.333333,0.357142857,4.333333333,512.1666667,872.6666667,39985.83333,6209.833333,6.445093715,1.862753752,0.15533294,-1.862753751,46195.66667,396.7804179,996.1621187,0.044609416,15.54884776,39.82168588,18.36754384,26.0185831,262.2286534,0.944911183,10.61445555,146.3166657,88.74607973,804.9132665,220.24388,0.236588127,0.036902893,0.005760421,0.036902895,878.8491717,82.94,17.06,0.85,48.18,2.41,27.95,2.41,3.3304172,0.287166564,4.5702,11.3112,1.1483,0.2361,0.5962,0.0252,0.0656,260
Isla Hermite,HER42PB,HER42PB1G,244,273.9,274.5,274.5,0.6,3001,3468,3216,3223,233,0.1069,0.00798,20881.71429,51979.14286,1.281428571,31,258.8571429,53.14285714,30.14285714,1836.285714,0.357142857,32.71428571,491.5714286,820.1428571,37766.42857,6109.142857,6.1857991,1.821996618,0.161744781,-1.821996617,43875.57143,1022.451745,2447.743616,0.059281411,16.35033129,41.0545514,10.51076546,15.76312756,215.0021041,0.944911183,52.64571615,131.998557,84.14754615,1613.515712,317.2214939,0.151828602,0.024644684,0.00400271,0.024644683,1896.706607,84.91,15.09,0.75,72.71,3.64,42.17,3.64,3.741709068,0.322974176,4.9832,12.3882,1.0374,0.1844,0.4676,0.0197,0.0515,261.1
Isla Hermite,HER42PB,HER42PB1G,245,275.2,275.8,275.8,0.6,3007,3485,3229,3235,239,0.1069,0.00812,21329.42857,52471.57143,1.252857143,24.14285714,271.5714286,38.42857143,31.71428571,1191.428571,0.357142857,18,490.4285714,889.5714286,38835.71429,6040.285714,6.43163782,1.860897142,0.155585027,-1.860897142,44876,396.2957049,468.0483797,0.01976047,11.09697513,32.90317686,14.96503862,16.27589512,239.4729332,0.944911183,34.00490161,138.1422662,114.2670223,637.4006365,102.4365076,0.178444423,0.027882339,0.004358926,0.02788234,605.3426027,84.01,15.99,0.8,69.71,3.49,40.43,3.49,3.699572084,0.319354602,4.4692,11.1484,1.1103,0.2113,0.5377,0.0226,0.0592,262
Isla Hermite,HER42PB,HER42PB1G,246,276.5,277.2,277.2,0.7,3018,3502,3243,3248,242,0.1073,0.00824,21652.875,53199.5,1.32625,31.125,312.625,67.125,52,1700.625,3.625,13.625,484.875,835.125,38875.375,6177.125,6.298501663,1.840044837,0.158852934,-1.840044837,45052.5,386.7433396,1330.327779,0.070089229,8.131727984,32.92388408,24.07985228,14.95708146,408.540936,8.105333341,22.92807076,117.4617719,109.1322101,794.0663768,252.6677307,0.155163126,0.024734951,0.003945294,0.024734951,1022.747839,83.62,16.38,0.82,63.17,3.16,36.64,3.16,3.60114054,0.310578715,5.5164,13.827,0.9548,0.187,0.4782,0.0201,0.0528,263.3
Isla Hermite,HER42PB,HER42PB1G,247,277.9,278.5,278.5,0.6,3024,3521,3256,3261,249,0.1069,0.00838,20867.42857,52024.57143,1.3,28.71428571,250.5714286,61.42857143,34.42857143,2525.714286,4.857142857,53.14285714,470.8571429,882,37789,6018.857143,6.28405488,1.837603819,0.159262794,-1.837603819,43807.85714,208.6990314,1564.061791,0.092014492,25.11781762,32.57226398,30.63144976,26.13335763,866.206233,12.85079208,52.20609342,126.0574321,68.30324541,461.5654522,214.6535415,0.196546335,0.030850918,0.004846423,0.030850919,607.3026232,85.65,14.35,0.72,72.83,3.64,42.24,3.64,3.743367639,0.32258187,4.6635,11.7263,1.1091,0.1859,0.4767,0.0199,0.0525,264.3
Isla Hermite,HER42PB,HER42PB1G,248,279.3,279.9,279.9,0.6,3031,3543,3269,3274,256,0.0986,0.00793,19987.42857,50582.42857,1.272857143,36.71428571,309,76,55.28571429,3225.428571,2.142857143,25.42857143,558.8571429,751.4285714,36004.14286,5942.714286,6.061418482,1.801708377,0.165055614,-1.801708376,41946.85714,310.3942961,694.8013762,0.094642183,12.59251478,49.53113499,34.57359301,15.29394527,286.6547617,5.669467095,28.0704895,88.26745072,110.8856124,645.8264546,176.5075204,0.14205114,0.023442676,0.003870531,0.023442676,767.2892607,84.06,15.94,0.8,65.77,3.29,38.15,3.29,3.641525758,0.314039836,5.0786,12.826,1.0197,0.1934,0.498,0.0191,0.0506,265.6
Isla Hermite,HER42PB,HER42PB1G,249,280.7,281.3,281.3,0.6,3049,3553,3283,3288,252,0.098,0.00771,21433,53609.42857,1.292857143,38.42857143,309.2857143,61.71428571,50.28571429,2773.428571,0.357142857,52.57142857,535.7142857,876.2857143,38799.28571,6188.714286,6.271666285,1.835836482,0.159512605,-1.835836482,44988,170.5647482,522.7296488,0.053139529,11.25251295,36.20641879,14.11517252,22.03568534,336.0579599,0.944911183,47.99950397,90.14749818,127.4267296,294.3035362,128.1986925,0.137849062,0.021864218,0.003469169,0.021864216,326.9913353,85.19,14.81,0.74,62.93,3.15,36.5,3.15,3.597312261,0.310452976,4.4562,11.2899,1.1477,0.1994,0.5153,0.0195,0.052,266.2
Isla Hermite,HER42PB,HER42PB1G,250,282,282.6,282.6,0.6,3064,3563,3295,3301,249,0.0976,0.00757,21264.28571,52071.85714,1.331428571,37.71428571,345.8571429,59.28571429,43.85714286,2211.857143,16.14285714,40.71428571,483.2857143,793.2857143,38282.28571,5915.142857,6.476910864,1.867854371,0.154514228,-1.86785437,44197.42857,372.1445572,1179.417431,0.043752551,9.961831922,30.50370782,13.28801823,19.45446454,258.3611352,26.15612466,36.2799958,94.64444743,100.4037089,702.3236942,206.9689418,0.196247275,0.030061468,0.004609149,0.030061468,829.0486228,83.3,16.7,0.84,53.1,2.65,30.8,2.66,3.42751469,0.296012632,4.3693,11.1155,1.0491,0.2104,0.5457,0.0205,0.0549,267.2
Isla Hermite,HER42PB,HER42PB1G,251,283.3,283.9,283.9,0.6,3077,3576,3309,3314,250,0.0998,0.00772,21223.57143,52869,1.407142857,45.14285714,359.4285714,96.57142857,52.57142857,2606.857143,0.357142857,67.85714286,591.8571429,801.8571429,38007.42857,6025.714286,6.312803865,1.842113824,0.158556704,-1.842113824,44033.14286,207.6237439,392.3144997,0.0492322,26.31494234,44.05245791,20.56580611,22.00649255,232.7884795,0.944911183,63.42824968,96.37847023,115.5125225,318.0014975,184.7662616,0.207136376,0.033063029,0.005281783,0.033063028,334.5725774,85.18,14.82,0.74,63.61,3.18,36.9,3.18,3.608211551,0.310951565,3.9811,10.1598,1.0753,0.187,0.4866,0.0187,0.05,267.9
Isla Hermite,HER42PB,HER42PB1H,259,283.7,284.3,284.3,0.6,3080,3581,3314,3318,250,0.0974,0.00753,21285.5,52562.33333,1.38,32.66666667,328.8333333,63.5,53.33333333,2705.333333,0.357142857,96.83333333,597.5,838.8333333,37715.83333,5874.833333,6.423956585,1.859632664,0.155791765,-1.859632664,43590.66667,268.1378377,682.0468215,0.078740079,8.382521498,39.36199521,37.32425485,20.19570912,407.6967828,0.944911183,53.33447915,96.35507252,124.6008293,697.6114726,175.0181895,0.200385635,0.030969823,0.004789231,0.030969823,762.2940815,84,16,0.8,62.58,3.13,36.3,3.13,3.591817741,0.309707701,4.1793,11.0084,1.1069,0.2109,0.566,0.0205,0.0567,276.1
Isla Hermite,HER42PB,HER42PB1H,260,285,285.6,285.6,0.6,3088,3597,3327,3332,254,0.0982,0.0077,20720.14286,52205.57143,1.358571429,32.42857143,286.1428571,66.28571429,62,3536.142857,0.357142857,134.5714286,590.8571429,793.1428571,36395.42857,6051.857143,6.0145077,1.794038981,0.16630989,-1.794038982,42447.28571,359.3774379,1055.498438,0.068417486,15.91495254,29.56590701,20.78231849,4.582575695,414.2863054,0.944911183,97.45572865,84.0702654,128.3191705,575.5333344,76.67339515,0.106543553,0.017816555,0.002980051,0.017816556,598.7959347,77.87,22.13,1.11,50.45,2.52,29.26,2.52,3.376221396,0.290775048,4.7689,12.6137,1.0314,0.293,0.7897,0.0288,0.0798,277.3
Isla Hermite,HER42PB,HER42PB1H,261,286.4,286.9,286.9,0.6,3094,3617,3342,3345,261,0.0982,0.00785,19958.5,53886.16667,1.306666667,41.5,328.5,84.66666667,73.66666667,8332,0.357142857,103.6666667,743.3333333,728,33399.16667,5946.5,5.617245606,1.725757008,0.178053276,-1.725757007,39345.66667,544.0399801,3021.604701,0.028047579,17.75105631,69.38227439,28.06183648,32.37694653,2707.598493,0.944911183,35.36476589,102.7417474,80.58535847,554.958527,110.8038808,0.079909401,0.01423955,0.002537727,0.01423955,634.8368819,79.98,20.02,1,50.84,2.54,29.49,2.54,3.384051223,0.29147135,4.4692,11.8678,1.1109,0.2781,0.7523,0.0273,0.0761,278.5
Isla Hermite,HER42PB,HER42PB1H,262,287.6,288.2,288.2,0.6,3103,3638,3356,3358,267,0.0982,0.00803,20712.57143,51582.28571,1.35,20,235,68.14285714,28.57142857,2467.714286,3,62.14285714,392.5714286,817.2857143,37540,5897,6.365910591,1.850895262,0.15710625,-1.850895261,43437,719.2389165,1354.979793,0.112842073,11.41636253,35.11409973,61.48286637,21.63220703,398.3523207,7.937253933,60.20639105,69.76354622,83.49992871,769.3230791,95.57370629,0.076402657,0.012043988,0.001898863,0.012043988,848.5587782,83.85,16.15,0.81,39.03,1.95,22.64,1.95,3.119718253,0.268703648,5.0921,13.5781,1.0384,0.2,0.5434,0.0196,0.055,279.8
Isla Hermite,HER42PB,HER42PB1H,263,289,289.6,289.6,0.6,3111,3654,3369,3372,272,0.1006,0.00832,21658.42857,54763.71429,1.312857143,24.57142857,240,39.14285714,40.42857143,2775.571429,0.357142857,75.85714286,430.7142857,857,39397.85714,6237.142857,6.316926677,1.84310326,0.158345931,-1.843103261,45635,321.8808564,565.8176132,0.077613205,9.675693651,52.92447449,7.925245978,21.15700942,552.1358097,0.944911183,75.56989827,61.96696509,71.38627319,734.512634,75.38441168,0.109606477,0.017403333,0.002763832,0.017403333,769.3380271,85.48,14.52,0.73,66.56,3.33,38.61,3.33,3.65351131,0.315104705,4.6635,12.4725,1.0538,0.1791,0.4879,0.018,0.0506,280.7
Isla Hermite,HER42PB,HER42PB1H,264,290.3,290.9,290.9,0.6,3129,3669,3382,3386,270,0.1015,0.0083,22639.57143,55004.42857,1.282857143,16.85714286,271.2857143,45.57142857,36.42857143,1202.571429,0.357142857,29.42857143,340.2857143,911.1428571,41158.85714,6418,6.413979407,1.858382611,0.155939676,-1.858382611,47576.85714,327.9938298,907.785925,0.088263674,9.805246409,19.90573021,19.94874384,18.64454471,432.3508826,0.944911183,29.21105466,90.35063971,135.2521455,640.4588013,121.4468334,0.096985273,0.015038748,0.002332335,0.015038747,723.2464837,85.88,14.12,0.71,73.91,3.7,42.87,3.7,3.758172281,0.324358233,4.4562,11.9583,1.0275,0.1689,0.4618,0.0171,0.0483,281.5
Isla Hermite,HER42PB,HER42PB1H,265,291.7,292.3,292.3,0.6,3146,3682,3396,3399,268,0.1022,0.00825,22164.42857,54050.28571,1.325714286,26.14285714,341.5714286,42.14285714,36.71428571,1102.142857,5.285714286,55.28571429,345.8571429,847.8571429,40352.14286,6383.714286,6.324055058,1.844118638,0.158202584,-1.844118637,46735.85714,140.7040122,614.7638339,0.120948631,7.646972635,43.84387887,31.59867387,25.48015101,166.3123854,13.9846855,46.99898682,40.76120938,115.1917656,253.7495015,150.9566321,0.150965557,0.023707568,0.00372425,0.023707569,313.6247378,86.68,13.32,0.67,76.2,3.81,44.2,3.81,3.788724789,0.326584648,4.0765,10.9759,1.1305,0.1737,0.4765,0.0178,0.0501,282.3
Isla Hermite,HER42PB,HER42PB1H,266,293,293.6,293.6,0.6,3162,3690,3408,3412,264,0.1015,0.00807,22037.42857,53029.57143,1.32,37.28571429,340.4285714,55.57142857,42.28571429,964.1428571,7.142857143,63.85714286,442,866.7142857,39853,6080.571429,6.555776212,1.880194452,0.152583556,-1.880194453,45933.57143,236.3612046,773.4528335,0.064031242,14.77288378,27.75402159,19.76408479,20.42640681,217.7785026,12.19875091,65.7683525,94.02127419,55.50289568,658.7685481,134.8244008,0.123709553,0.018820624,0.002863924,0.018820624,742.4748833,86.11,13.89,0.69,73.36,3.67,42.55,3.67,3.750679855,0.323501647,4.5593,12.3283,1.1651,0.1879,0.5174,0.0191,0.054,283.4
Isla Hermite,HER42PB,HER42PB1H,267,294.4,295,295,0.6,3175,3698,3422,3425,261,0.1015,0.00794,22231,54971.85714,1.35,30.57142857,308.4285714,46.28571429,55.28571429,1949.714286,0.357142857,102.1428571,463.4285714,766.2857143,40268,6214.571429,6.483258162,1.868904355,0.154340914,-1.868904354,46482.57143,283.1989878,1423.423623,0.116045968,10.0640804,31.82167575,14.8964681,29.85361109,1457.363454,0.944911183,80.01547469,106.7159113,121.1372696,525.7974895,168.72745,0.178488896,0.027149174,0.004132237,0.027149174,592.1775795,86.23,13.77,0.69,68.44,3.42,39.7,3.42,3.681351188,0.317134032,4.173,11.3212,1.2484,0.1994,0.551,0.0202,0.0575,284.1
Isla Hermite,HER42PB,HER42PB1H,268,295.7,296.3,296.3,0.6,3189,3716,3435,3438,264,0.1022,0.00805,21352.71429,52883.57143,1.267142857,24.57142857,310.1428571,61.42857143,39.57142857,2041.571429,0.357142857,88.57142857,512.2857143,821.7142857,38422,6034.428571,6.370620686,1.851328828,0.157086324,-1.851328828,44456.42857,429.8087615,871.085885,0.073872477,10.03090463,54.39187614,42.5082625,19.69650682,261.4911453,0.944911183,71.08412186,57.62729181,76.00595215,575.9751152,152.7087174,0.186428195,0.029326708,0.004614918,0.029326707,596.9242993,86.2,13.8,0.69,69.43,3.47,40.27,3.47,3.695606775,0.318444388,4.7689,12.9952,1.121,0.1794,0.4979,0.0183,0.0523,285.4
Isla Hermite,HER42PB,HER42PB1H,269,297,297.6,297.6,0.6,3202,3735,3448,3451,266,0.101,0.00799,21210.42857,53617.71429,1.354285714,32.14285714,311.7142857,71.85714286,70,3615.428571,0.357142857,37.71428571,511.1428571,818.8571429,37505.71429,6051,6.200714064,1.824463948,0.161336665,-1.824463948,43556.71429,488.0156613,1113.352702,0.054423384,19.27371761,63.3001166,25.75803157,20.19900988,365.0191124,0.944911183,59.236009,71.76914047,66.89650856,777.17152,178.5011671,0.133652963,0.021668555,0.003514836,0.021668555,909.2149937,82.59,17.41,0.87,57.98,2.9,33.63,2.9,3.515418526,0.303143435,3.8869,10.6171,1.2026,0.2535,0.7051,0.0256,0.0732,286.1
Isla Hermite,HER42PB,HER42PB1H,270,298.4,298.9,298.9,0.6,3210,3747,3462,3464,268,0.1011,0.00802,22220.66667,55996.83333,1.335,28.83333333,303.3333333,46.16666667,54.5,3279.333333,4.166666667,42.5,471.3333333,791.8333333,39759.83333,6320.333333,6.293107291,1.839193959,0.158986831,-1.83919396,46080.16667,286.3149781,692.1818884,0.096072889,13.90563435,25.97434632,21.84872231,15.16245363,351.2808943,10.20620726,56.69479694,100.8576555,136.7894976,441.2162357,123.7572893,0.157775155,0.025006037,0.003964516,0.025006037,425.0879517,84.64,15.36,0.77,67.34,3.37,39.06,3.37,3.665098925,0.316215652,4.173,11.4464,1.1488,0.2085,0.5822,0.0211,0.0605,287.2
Isla Hermite,HER42PB,HER42PB1H,271,299.7,300.2,300.2,0.6,3220,3759,3475,3477,269,0.0984,0.00781,21287.66667,55969.5,1.296666667,44.5,369.1666667,91.66666667,81.83333333,4859,0.357142857,81,649,859.5,37504.83333,6219.666667,6.032336044,1.797010023,0.16581442,-1.797010024,43724.5,316.3179835,1187.292508,0.053541261,15.41103501,52.84095634,24.76825926,9.641922353,574.074908,0.944911183,39.89486182,70.87735887,164.2348928,937.1506638,218.7817786,0.104352631,0.017260608,0.002855951,0.017260608,1136.37155,80.39,19.61,0.98,52.93,2.65,30.7,2.65,3.424262655,0.295579675,4.3693,12.0331,1.0882,0.2654,0.7441,0.0261,0.0753,288.3
Isla Hermite,HER42PB,HER42PB1H,272,301,301.6,301.6,0.6,3243,3765,3488,3491,261,0.0981,0.00752,20398.42857,52243.28571,1.32,37.57142857,334.7142857,49.14285714,56.71428571,3602.285714,0.357142857,137,593.1428571,854.2857143,36346,5919.428571,6.141792866,1.814948227,0.162873902,-1.814948227,42265.42857,917.8752379,2056.329312,0.056568542,13.6730531,73.51805739,20.02022787,32.10770565,755.225731,0.944911183,77.27008908,160.5536552,158.9860731,1524.045931,265.0238085,0.121486306,0.019849765,0.003243817,0.019849766,1766.017351,82.25,17.75,0.89,55.71,2.79,32.31,2.79,3.47537678,0.300102173,4.2537,11.7509,1.0909,0.2353,0.6619,0.0231,0.0667,288.9
Isla Hermite,HER42PB,HER42PB1H,273,302.3,302.9,302.9,0.6,3267,3773,3502,3505,253,0.0974,0.00722,21475,53632.57143,1.3,17.28571429,295.1428571,33.28571429,35.85714286,2546,0.357142857,94.42857143,380.2857143,826.2857143,38969.42857,6163.714286,6.326796837,1.844464224,0.158162066,-1.844464223,45133.14286,421.100938,1157.53198,0.102632029,12.78950463,26.58588956,19.61049282,24.49100904,348.283888,0.944911183,62.55626039,76.20742371,90.28974524,908.308842,230.6662194,0.175681326,0.027730029,0.00437849,0.027730029,1078.496551,85.38,14.62,0.73,68.09,3.4,39.5,3.41,3.676300672,0.31737178,4.9832,13.8333,1.0321,0.1767,0.4993,0.0172,0.0499,290
Isla Hermite,HER42PB,HER42PB1H,274,303.7,304.3,304.3,0.6,3284,3780,3515,3519,248,0.0985,0.00714,21237.14286,53071.85714,1.295714286,32.71428571,311.1428571,59.57142857,40.57142857,3243.857143,0.357142857,40.28571429,545.1428571,811.8571429,37980.14286,6193,6.135969249,1.813873912,0.163069525,-1.813873913,44173.14286,440.8799642,1389.915876,0.072997065,21.8457798,47.41106963,10.90652928,12.66039945,586.7039084,0.944911183,38.53878689,96.64613904,97.17240447,728.200391,186.0188163,0.160431933,0.026223986,0.004288434,0.026223987,837.2959311,84.1,15.9,0.79,38.92,1.95,22.58,1.95,3.117064559,0.26918848,4.1542,11.557,1.1175,0.2112,0.5982,0.0208,0.0604,290.4
Isla Hermite,HER42PB,HER42PB1H,275,305.1,305.7,305.7,0.6,3299,3789,3529,3533,245,0.0977,0.00697,21423.85714,52981.71429,1.382857143,30.42857143,257.4285714,78.57142857,57.28571429,2443.285714,0.357142857,20.85714286,475.8571429,844.1428571,38426.14286,6140.142857,6.262176361,1.834220869,0.159786994,-1.834220869,44566.28571,242.4901569,389.348479,0.068972044,8.243323417,31.32548027,66.39743254,24.30167543,255.3218324,0.944911183,44.08487485,85.63377171,155.6142973,405.6884801,182.1852798,0.167480002,0.026768706,0.004280011,0.026768706,513.4788909,85.43,14.57,0.73,72.57,3.63,42.1,3.63,3.740047741,0.322479176,4.6419,12.9672,1.0972,0.1872,0.5322,0.0183,0.0533,291.5
Isla Hermite,HER42PB,HER42PB1H,276,306.5,307.1,307.1,0.6,3314,3802,3544,3547,244,0.0981,0.00694,22040,52911.28571,1.274285714,12.85714286,220.2857143,44.71428571,31.71428571,1758.857143,0.357142857,64.71428571,350.5714286,935,39717.42857,6219.714286,6.388355673,1.854233163,0.156610835,-1.854233163,45937.14286,449.304277,921.6725222,0.06078847,9.923517042,33.98388974,17.07546276,13.9846855,156.3217074,0.944911183,77.20041944,91.69125211,184.9972973,743.1051646,169.2126023,0.152943383,0.023802279,0.003705813,0.023802279,841.5787601,84.98,15.02,0.75,80.93,4.05,46.95,4.05,3.849083206,0.332029542,4.8754,13.678,1.1305,0.1998,0.5705,0.0196,0.0574,292.6
Isla Hermite,HER42PB,HER42PB1H,277,307.8,308.5,308.5,0.7,3326,3818,3559,3561,246,0.0978,0.00696,21143.25,51759.125,1.275,26.625,273.875,53.5,44.875,2152.75,0.357142857,35.25,556.625,882.5,37610.75,6087,6.182730735,1.821343909,0.161876993,-1.821343909,43697.75,273.6002036,764.4324575,0.085188866,37.53070172,33.46826855,31.77600173,11.46968053,204.325196,0.944911183,45.82186004,108.8996097,102.083999,682.0194279,173.0870962,0.18857686,0.031012015,0.005102684,0.031012015,729.1738476,83.53,16.47,0.82,59.53,2.98,34.53,2.98,3.541828511,0.305666057,4.7173,13.2697,1.0713,0.2112,0.6045,0.0207,0.0606,293.4
Isla Hermite,HER42PB,HER42PB1H,278,309.3,309.9,309.9,0.6,3339,3837,3573,3576,249,0.1135,0.00813,20365.42857,51957,1.287142857,37,344.1428571,77.14285714,67.71428571,4287.714286,0.357142857,37,663.8571429,800.5714286,35924.85714,5911.142857,6.081035347,1.804529397,0.164658041,-1.804529397,41836,375.6078882,1119.881541,0.062905825,8.386497084,34.11465263,26.92228675,15.64943328,764.731699,0.944911183,52.96225071,70.73054166,109.4758073,1011.921675,151.618412,0.236107583,0.03880495,0.006384128,0.03880495,1016.087431,80.51,19.49,0.97,57.07,2.85,33.1,2.86,3.499533282,0.302376592,5.0786,14.3495,1.1668,0.2825,0.8122,0.0321,0.0945,294.7
Isla Hermite,HER42PB,HER42PB1H,279,310.7,311.3,311.3,0.6,3355,3848,3586,3589,246,0.1145,0.00809,20126.14286,53498.85714,1.277142857,44.85714286,361.1428571,98.57142857,78.14285714,7181.571429,5.142857143,77.14285714,704.7142857,796.1428571,34716,5797.857143,5.991603119,1.789922457,0.167045828,-1.789922456,40513.85714,242.7491356,1868.017793,0.084402663,11.9083804,42.83078555,27.48852574,24.00991859,1219.368943,13.60672103,68.40182398,114.5203247,132.2918851,558.4036772,157.3789784,0.191482736,0.031895499,0.005316891,0.031895498,579.6396664,81,19,0.95,51.36,2.57,29.79,2.57,3.394172767,0.292817187,4.9676,14.0831,1.0765,0.2526,0.7287,0.0289,0.0855,295.6
Isla Hermite,HER42PB,HER42PB1H,280,312.1,312.7,312.7,0.6,3371,3856,3598,3601,242,0.1145,0.00794,20610.57143,53292.42857,1.317142857,51.28571429,412.5714286,115.8571429,94.71428571,6243.714286,1.571428571,86,655.2857143,743.8571429,35224.85714,5854,6.022198787,1.794921759,0.166229119,-1.794921759,41078.85714,303.8770898,1269.320797,0.054989176,9.050124966,51.39668324,15.99404651,14.79543044,598.4156065,4.157609203,80.6494472,72.65607175,139.766983,580.7591091,181.9633663,0.211340105,0.035237982,0.005880999,0.035237981,606.3721158,82.08,17.92,0.9,57.29,2.86,33.23,2.87,3.503453082,0.302585325,3.925,11.147,1.0903,0.238,0.6879,0.0273,0.0807,295.9
Isla Hermite,HER42PB,HER42PB1H,281,313.5,314.2,314.2,0.6,3387,3864,3612,3613,238,0.1145,0.00779,20227,52898.375,1.30125,53,381.375,154.75,87.5,5864.875,0.357142857,61.375,712.75,774.25,34956.625,5984.25,5.84345278,1.76511601,0.171201938,-1.765116011,40940.875,229.3848918,1297.809026,0.065778307,10.51529498,53.26466934,107.2563684,20.59819687,665.5136443,0.944911183,40.57422651,88.00121752,98.2355042,511.5687183,136.683942,0.127170801,0.021655968,0.003689976,0.021655969,582.1760749,78.8,21.2,1.06,41.78,2.09,24.24,2.09,3.188004161,0.274873296,4.0237,11.4697,1.1684,0.3144,0.9119,0.036,0.1069,296.8
Isla Hermite,HER42PB,HER42PB1H,282,314.9,315.6,315.6,0.6,3394,3878,3623,3626,242,0.1145,0.00786,20485,54269.375,1.28875,46.625,386.625,119.375,77,7342.125,1.625,50.625,645.125,739.375,34959.875,5975.125,5.852511742,1.766736105,0.17091284,-1.766736104,40935,204.0910161,777.9673033,0.077355857,14.44138399,55.52589486,21.56013186,18.4158317,803.0501563,4.596194078,45.89098106,119.3391775,90.7223984,451.3501769,132.3538952,0.102842364,0.017545838,0.002994094,0.017545838,541.7690599,78.43,21.57,1.08,52.22,2.61,30.29,2.61,3.410817625,0.293900099,4.5358,12.9861,1.0415,0.2865,0.8345,0.0328,0.0978,298.2
Isla Hermite,HER42PB,HER42PB1H,283,316.4,317,317,0.6,3404,3892,3637,3638,244,0.114,0.00787,20515.14286,53692.57143,1.308571429,34.85714286,363.5714286,140.7142857,61,5941.714286,0.357142857,67.14285714,650.1428571,793.7142857,35733.42857,5965.857143,5.993604808,1.790315947,0.166970709,-1.790315948,41699.28571,208.9780121,1090.201794,0.074705772,13.95741824,46.72920979,137.3107355,22.32338087,435.9601336,0.944911183,107.2697978,91.57224574,36.73197647,595.8732687,182.7087195,0.177320616,0.029702473,0.004978832,0.029702474,676.1202344,81.33,18.67,0.93,20.04,1,11.62,1.01,2.452727751,0.213188901,3.7312,10.7048,1.1836,0.2717,0.7931,0.031,0.0926,298.8
Isla Hermite,HER42PB,HER42PB1H,284,317.8,318.4,318.4,0.6,3412,3908,3649,3650,248,0.1145,0.00799,20862.42857,52327.28571,1.312857143,50.14285714,356.2857143,88.42857143,64.42857143,3773.714286,0.357142857,57.57142857,576.4285714,778.8571429,36814.57143,5916.857143,6.223152896,1.828180774,0.160721051,-1.828180773,42731.42857,205.1510477,731.3065281,0.055291436,17.95762207,29.70249308,14.7970396,17.70929269,494.8305145,0.944911183,50.28537608,81.71873947,88.8677455,336.5703776,102.3057974,0.093165402,0.014953248,0.002400575,0.014953248,398.139363,82.43,17.57,0.88,37.4,1.87,21.7,1.87,3.077312261,0.265187739,4.1542,11.9725,1.142,0.2434,0.7137,0.0279,0.0837,300.2
Isla Hermite,HER42PB,HER42PB1H,285,319.1,319.7,319.7,0.6,3420,3922,3661,3662,251,0.1069,0.00754,20924.57143,52221.57143,1.334285714,33.42857143,312.4285714,60.42857143,48.42857143,2791.571429,3.857142857,35.14285714,566,851.5714286,37554.71429,5950.428571,6.313696587,1.842543203,0.158442285,-1.842543204,43505.14286,185.3230127,688.6087077,0.077858235,11.42886904,38.11761248,17.85923797,19.04255885,308.6485904,7.081162132,45.52811795,99.63934966,67.65810408,401.5128534,145.7976419,0.128657808,0.020392746,0.003233749,0.020392747,498.7492451,88.08,11.92,0.6,65.68,3.28,38.1,3.29,3.640214282,0.314338714,4.6635,13.4985,1.6382,0.2217,0.6527,0.0237,0.0714,301.5
Isla Hermite,HER42PB,HER42PB1I,292,320,320.5,320.5,0.5,3429,3926,3667,3669,248,0.1028,0.00711,21016.16667,53988.83333,1.291666667,32.16666667,311.5,45.5,50.33333333,3670.833333,8.333333333,25,539.8333333,787.6666667,37570.16667,6067,6.195116965,1.823573087,0.161478183,-1.823573087,43637.16667,215.1477787,1719.280596,0.127501634,10.74088761,42.15091933,21.59398064,34.98952224,1254.527547,20.41241452,29.65805118,62.36478707,85.64033318,246.8014722,146.8877122,0.131865181,0.021246163,0.003424544,0.021246164,351.5368639,84.5,15.5,0.77,82.34,4.12,47.76,4.12,3.866188469,0.333515421,2.826,8.365,1.0366,0.1901,0.5723,0.0195,0.0602,307.9
Isla Hermite,HER42PB,HER42PB1I,293,321,321.6,321.6,0.6,3451,3936,3678,3680,243,0.1032,0.007,21201.33333,54004.5,1.278333333,29.83333333,270,51.83333333,53.66666667,3091.166667,5.166666667,64.66666667,497.5,868.5,38393.66667,6108.833333,6.285463615,1.838187995,0.159113677,-1.838187996,44502.5,225.5479254,1005.238032,0.122868493,7.467708261,30.71807286,13.58553152,24.08872489,380.1612377,12.655697,69.18863105,64.20202489,124.7874192,441.7663032,88.40908701,0.069948679,0.011129724,0.001771036,0.011129723,503.9661695,81.13,18.87,0.94,66.27,3.31,38.44,3.31,3.649098584,0.314217386,5.4259,16.1584,0.9089,0.2114,0.6402,0.0218,0.0675,309.6
Isla Hermite,HER42PB,HER42PB1I,294,322.4,323,323,0.6,3475,3944,3690,3693,235,0.1033,0.00677,20547,52830.85714,1.337142857,29.14285714,358.4285714,72.28571429,58,4473.285714,0.357142857,26.85714286,631.1428571,859.8571429,35998.28571,6025,5.974535467,1.787343152,0.167431681,-1.787343152,42023.28571,435.7897046,960.3121764,0.050896721,5.2417736,39.54683781,16.829679,13.16561177,1188.452736,0.944911183,38.58509458,91.36087524,108.9410063,1101.805293,128.5236684,0.116573602,0.019515919,0.003268962,0.019515919,1204.702552,82.03,17.97,0.9,63.85,3.19,37.04,3.19,3.61199841,0.311076537,6.1328,18.3371,0.9129,0.2,0.6079,0.0207,0.0641,310.6
Isla Hermite,HER42PB,HER42PB1I,295,323.8,324.4,324.4,0.6,3493,3956,3702,3707,231,0.1032,0.00663,20290.28571,51898.28571,1.291428571,44.57142857,392.5714286,72.57142857,67.14285714,4963.142857,3.142857143,46.71428571,627.5714286,727,35023.57143,5786.571429,6.052307645,1.800295679,0.165273837,-1.800295678,40810.14286,335.1391324,1595.471165,0.054598099,11.05828713,43.47741614,22.29990391,19.66747375,1457.715956,8.315218406,66.61009505,101.3325501,129.4771537,820.9380523,60.7340024,0.110860165,0.018332506,0.003032589,0.018332507,861.7403763,81.4,18.6,0.93,33.58,1.68,19.48,1.68,2.969388298,0.256086876,5.0921,15.2585,1.0428,0.2383,0.7261,0.0246,0.0765,311.1
Isla Hermite,HER42PB,HER42PB1I,296,325.1,325.7,325.7,0.6,3508,3969,3715,3720,230,0.1037,0.00662,20919.28571,52902.57143,1.312857143,31,366.5714286,56.14285714,57,3301.714286,27.42857143,88.71428571,529.1428571,802.5714286,37397.28571,5999.285714,6.234573399,1.829972478,0.160440025,-1.829972479,43396.57143,463.7958295,1134.721384,0.062640319,10.36018018,36.75983833,20.44038952,27.22131518,630.5798163,40.75069383,64.31100032,116.9079817,99.0367897,582.1702827,100.332305,0.111855403,0.017914528,0.002869609,0.017914529,627.7342477,82.82,17.18,0.86,62.01,3.1,35.97,3.1,3.582685258,0.308766314,5.5349,16.6461,0.9375,0.1945,0.5946,0.0202,0.0629,312.1
Isla Hermite,HER42PB,HER42PB1I,297,326.5,327.1,327.1,0.6,3520,3981,3728,3733,230,0.1029,0.00654,22424.71429,55414.42857,1.342857143,27.14285714,335.1428571,87.42857143,32,1594.857143,0.357142857,27.14285714,545.2857143,878.7142857,41067.42857,6448.571429,6.376847244,1.852065189,0.157005367,-1.852065189,47516,454.1878151,1998.001073,0.091052052,22.38622025,40.81432988,83.32838081,19.3993127,1237.78558,0.944911183,33.20857606,101.3586278,70.91242083,912.3319676,294.380625,0.244083126,0.037392546,0.00573443,0.037392547,1120.724765,83.61,16.39,0.82,71.91,3.6,41.71,3.6,3.730740908,0.322001133,6.1328,18.5211,0.9274,0.1819,0.5583,0.0187,0.0586,313.4
Isla Hermite,HER42PB,HER42PB1I,298,327.9,328.5,328.5,0.6,3529,3997,3742,3747,234,0.1033,0.00665,22176.42857,53852.28571,1.298571429,30.85714286,273.8571429,24.71428571,32.42857143,841.1428571,0.357142857,79.57142857,382.7142857,898,40981.57143,6436.571429,6.368985743,1.851353287,0.157038107,-1.851353285,47418.14286,467.7181691,1413.229011,0.038913824,20.56233265,39.23191121,15.5103652,16.7815091,206.400443,0.944911183,64.56226231,67.40849176,114.933314,847.2303617,198.7342087,0.090949249,0.014225291,0.002225417,0.014225291,1034.00152,85.01,14.99,0.75,77.91,3.9,45.19,3.9,3.810875823,0.32888727,5.3043,16.0534,0.9783,0.1725,0.5306,0.0178,0.056,314.1
Isla Hermite,HER42PB,HER42PB1I,299,329.3,329.9,329.9,0.7,3538,4018,3756,3760,240,0.0975,0.00641,21867.28571,53591.28571,1.332857143,29,318.8571429,47,41.28571429,1788.285714,4.142857143,43.85714286,431.8571429,897.8571429,39693.28571,6154.285714,6.454012456,1.864380429,0.155042474,-1.864380429,45847.57143,176.327077,697.5083546,0.061566843,11.83215957,45.79457235,17.69180601,24.86439413,266.4981015,8.29515062,56.10831362,83.86184784,86.62453188,467.2521497,190.9037404,0.176083272,0.02745,0.004282534,0.027450002,579.9827173,84.69,15.31,0.77,79.83,3.99,46.31,3.99,3.83535792,0.330448674,6.1256,18.6156,0.9598,0.1735,0.5359,0.0169,0.0534,315.5
Isla Hermite,HER42PB,HER42PB1I,300,330.7,331.3,331.3,0.7,3573,4024,3769,3775,226,0.0978,0.00604,20883.71429,53338.28571,1.364285714,42.28571429,365.2857143,69.57142857,60,4809.571429,24.42857143,19,455.5714286,803.2857143,36816,5801.714286,6.346365049,1.847800145,0.157596439,-1.847800145,42617.71429,262.1848675,914.9851937,0.051269596,15.97617273,41.39933287,30.42946567,19.50213664,853.6718451,26.18432828,28.05946067,101.4410455,92.37372333,998.3795204,162.4784235,0.087619524,0.01385443,0.002190922,0.013854431,1143.295779,84.62,15.38,0.77,71.82,3.59,41.66,3.59,3.729541436,0.321388712,5.8781,17.9164,0.9947,0.1808,0.5602,0.0177,0.0559,316
Isla Hermite,HER42PB,HER42PB1I,301,332.1,332.7,332.7,0.6,3603,4031,3782,3789,214,0.0974,0.00567,21696,54046.14286,1.342857143,25.57142857,297.5714286,38,29.57142857,2765.428571,0.357142857,26.28571429,405,820,39013.28571,5974.428571,6.533138161,1.876635878,0.153142987,-1.876635878,44987.71429,243.4967488,837.6157489,0.105785047,10.95227743,27.88582162,14.74222959,12.6340432,422.7086692,0.944911183,46.65373971,109.0214046,102.9579202,571.6023426,162.6467103,0.157922553,0.024253167,0.003726525,0.024253167,660.406116,83.96,16.04,0.8,67.6,3.38,39.21,3.38,3.668931816,0.316271093,5.0921,15.564,0.9984,0.1907,0.5925,0.0186,0.0588,316.5
Isla Hermite,HER42PB,HER42PB1I,302,333.5,334.1,334.1,0.7,3632,4044,3796,3804,206,0.0974,0.00547,22072.71429,55947.71429,1.318571429,22.57142857,303.8571429,57.42857143,42.28571429,4039.428571,43.28571429,34,395.1428571,775,39670,6270.571429,6.330096993,1.845030373,0.15806511,-1.845030373,45940.57143,159.5459331,704.3230117,0.08668498,9.761440175,27.54649749,44.36536616,22.5515283,690.9794635,46.17255421,60.76183012,103.8258615,63.08724118,324.9163995,173.333837,0.164161168,0.025727495,0.004033484,0.025727496,425.8751214,84.86,15.14,0.76,76.09,3.8,44.13,3.81,3.787139823,0.326965845,6.232,19.1229,0.9973,0.1779,0.5548,0.0173,0.055,317.5
Isla Hermite,HER42PB,HER42PB1I,303,334.9,335.6,335.6,0.7,3659,4052,3811,3819,197,0.0974,0.0052,21537,54131.75,1.33,26.375,285.25,40.375,33,3311.5,0.357142857,68.625,498.75,761.75,38551,6039.25,6.384192697,1.853759992,0.156657212,-1.85375999,44590.25,191.1267343,777.3375347,0.056315438,7.945124291,43.88865783,29.05137076,17.63114128,528.0595205,0.944911183,57.46287621,96.70241539,88.7464285,77.49285681,70.35572877,0.07802041,0.012180531,0.001901877,0.012180531,95.42199507,87.11,12.89,0.64,78.04,3.9,45.27,3.9,3.812644561,0.328458445,6.0012,18.4746,0.9314,0.1378,0.4312,0.0134,0.0427,318.2
Isla Hermite,HER42PB,HER42PB1I,304,336.4,337,337,0.6,3681,4062,3824,3833,191,0.0971,0.00501,21872.42857,54687.42857,1.321428571,21.57142857,266.4285714,30,38.71428571,2721.714286,0.357142857,62.42857143,401.8571429,827.7142857,39609.28571,6137.142857,6.456754479,1.864925892,0.154938683,-1.864925894,45746.42857,195.0545711,526.6079684,0.055205245,10.04750621,13.61196952,14.49137675,16.61038115,288.2982913,0.944911183,70.09958902,50.19106352,103.6495928,413.0955153,153.0723452,0.140080942,0.021628745,0.003340451,0.021628744,508.4115318,85.23,14.77,0.74,72.27,3.61,41.92,3.61,3.73576304,0.32171051,5.5349,17.0889,1.0423,0.1806,0.5666,0.0175,0.0559,318.9
Isla Hermite,HER42PB,HER42PB1I,305,337.8,338.4,338.4,0.6,3699,4073,3837,3847,187,0.0975,0.00491,20781.57143,52033.28571,1.334285714,28,249,31.14285714,40,2945.857143,0.357142857,51.14285714,396,783,37325.14286,5881,6.348851113,1.848095748,0.157565185,-1.848095748,43206.14286,506.2311255,1302.559367,0.096065454,12.42309677,27.61038452,20.5055161,11.10555417,472.5933518,0.944911183,62.66957947,146.0433726,105.5825112,607.3429642,147.740764,0.128862237,0.020432249,0.003241104,0.02043225,702.6493741,85.86,14.14,0.71,72.4,3.62,41.99,3.62,3.737431495,0.322207716,5.652,17.5099,0.9967,0.1641,0.5166,0.016,0.0512,319.8
Isla Hermite,HER42PB,HER42PB1I,306,339.2,339.7,339.7,0.6,3711,4084,3850,3861,186,0.0613,0.00306,22367,54959.83333,1.246666667,27.66666667,314.5,43.83333333,50.83333333,1773.5,0.357142857,41.5,638,852,40055.16667,6288.166667,6.372998729,1.851840289,0.156984354,-1.85184029,46343.33333,361.6191367,1015.250987,0.051639778,8.453795992,30.42860496,26.46821994,17.50904528,241.0051867,0.944911183,54.67632029,176.9903952,168.2700211,582.315865,181.7376314,0.149235595,0.023520449,0.003708033,0.023520447,701.9050268,86.46,13.54,0.68,80.34,4.02,46.6,4.02,3.841600541,0.331399875,5.2895,16.4476,0.9642,0.151,0.4771,0.0093,0.0297,320.9
Isla Hermite,HER42PB,HER42PB1I,307,340.4,341,341,0.6,3731,4105,3872,3882,187,0.055,0.00275,22920,56064.57143,1.338571429,16.42857143,286.2857143,28.28571429,36.85714286,1157.714286,0.357142857,41.71428571,506,814.4285714,41656,6562.142857,6.350746971,1.848280251,0.157553839,-1.848280251,48218.14286,132.3001638,593.6721478,0.073354975,6.972736021,26.74393567,18.64326765,16.36488692,226.9491237,0.944911183,63.05213263,127.975258,84.79751793,387.5783792,137.83496,0.165810231,0.026112039,0.004113946,0.02611204,356.3965154,85.11,14.89,0.74,70.4,3.52,40.84,3.52,3.709661993,0.319735804,6.0108,18.7506,0.9765,0.1709,0.5417,0.0094,0.0303,321.9
Isla Hermite,HER42PB,HER42PB1I,308,341.8,342.4,342.4,0.7,3748,4143,3897,3908,198,0.0552,0.0029,22455,54955.28571,1.308571429,20,302.7142857,25.71428571,15.14285714,1242.571429,0.357142857,45,401,889,41105.85714,6384,6.44031277,1.862508987,0.155293087,-1.862508987,47489.85714,255.0398662,812.5890134,0.078193898,7.615773106,54.00220454,12.85449708,14.3692794,228.9096307,0.944911183,35.27983371,58.77924804,99.65942003,459.9131906,140.4148615,0.081310603,0.012598363,0.00195223,0.012598364,591.2017221,85.73,14.27,0.71,74.07,3.7,42.97,3.7,3.760502198,0.323804006,6.232,19.4968,0.9382,0.1561,0.4962,0.0086,0.0278,323.1
Isla Hermite,HER42PB,HER42PB1I,309,343.3,343.9,343.9,0.7,3759,4176,3922,3935,208,0.0552,0.00303,22737,56221.14286,1.305714286,20.57142857,301.4285714,43,39.42857143,1371.714286,2,50.14285714,401.1428571,896.8571429,41520.85714,6517.714286,6.373010909,1.851867851,0.156975089,-1.85186785,48038.57143,434.531165,644.1504557,0.153281565,12.17726218,20.3376264,21.45538006,23.27271036,204.2553257,5.291502622,28.521504,57.86025859,71.14873757,556.8026067,162.9352778,0.140652767,0.021706345,0.003351084,0.021706346,657.4346247,86.79,13.21,0.66,81.17,4.06,47.08,4.06,3.851848282,0.332168735,5.0521,15.8358,1.1082,0.1687,0.5373,0.0093,0.0302,323.9
Isla Hermite,HER42PB,HER42PB1I,310,344.7,345.4,345.4,0.7,3769,4208,3949,3961,220,0.0552,0.00317,22756.125,55323.5,1.31125,19,298,36.625,37.5,1200.375,0.357142857,37.375,499.5,881.75,41235.75,6550.5,6.297235303,1.83987424,0.15887438,-1.83987424,47786.25,200.6193535,284.0663906,0.051668587,11.94032783,31.89715617,18.96566446,29.57798409,237.0876496,0.944911183,43.45749155,119.741388,134.0007996,469.6094882,126.994938,0.147546126,0.023157722,0.003636229,0.023157723,481.1449885,85.9,14.1,0.71,78.8,3.94,45.71,3.94,3.822317092,0.329466842,5.9777,18.8147,0.9565,0.157,0.5021,0.0087,0.0282,325.5
Isla Hermite,HER42PB,HER42PB1I,311,346.2,346.8,346.8,0.7,3779,4260,3974,3988,241,0.0554,0.00345,22573.42857,54501.28571,1.318571429,25,305,34.85714286,31.85714286,1241.142857,0.357142857,59.42857143,451.2857143,810.1428571,40649.28571,6294.428571,6.458008877,1.865069979,0.154924653,-1.865069979,46943.71429,453.6326918,1237.865867,0.072899148,13.51542329,29.95552258,17.12141516,21.09840888,95.03934023,0.944911183,94.86983564,213.0787916,83.65291103,1135.2663,90.74480177,0.155535324,0.024264691,0.003787568,0.02426469,1183.065751,86.89,13.11,0.66,76.7,3.83,44.49,3.84,3.795264445,0.327575084,5.6357,17.7919,1.0427,0.1574,0.5047,0.0087,0.0285,326.9
Isla Hermite,HER42PB,HER42PB1I,312,347.6,348.2,348.2,0.6,3787,4310,3997,4013,262,0.055,0.00368,22467.85714,54889.85714,1.302857143,17,309.1428571,47,32.85714286,1735.571429,0.357142857,25.28571429,507,868.5714286,40399.71429,6398.714286,6.316729811,1.842970146,0.158383427,-1.842970145,46798.42857,173.4766349,639.9985491,0.094818122,10.19803903,39.94758471,20.2649122,23.01034964,406.0598713,0.944911183,27.66293721,97.43544872,140.2341579,525.5380463,174.2036302,0.146112723,0.023296949,0.003716373,0.023296949,632.9654696,87.16,12.84,0.64,65.3,3.26,37.87,3.27,3.634159242,0.313802501,4.8754,15.4332,1.0377,0.1529,0.4915,0.0084,0.0276,328.2
Isla Hermite,HER42PB,HER42PB1I,313,349,349.6,349.6,0.7,3793,4367,4020,4038,287,0.0486,0.00354,22344.14286,55504.85714,1.291428571,39.57142857,382.8571429,106.7142857,56.28571429,2587.857143,0.357142857,47.14285714,469.8571429,847.2857143,39994.28571,6364.571429,6.285356542,1.838033877,0.159160086,-1.838033877,46358.85714,227.5576327,372.12114,0.079041882,10.08062734,45.02010133,118.5505719,23.88663703,724.2074815,0.944911183,56.42820976,87.96860912,114.9517497,769.755094,138.4074386,0.131738181,0.020995185,0.003347414,0.020995185,847.2115888,85.99,14.01,0.7,79.29,3.96,45.99,3.97,3.828423982,0.330481479,5.3984,17.1455,1.066,0.1737,0.5603,0.0084,0.0278,329.9
Isla Hermite,HER42PB,HER42PB1I,314,350.4,351,351,0.6,3818,4398,4048,4066,290,0.0468,0.00342,20500.85714,51863.42857,1.297142857,41.71428571,427.8571429,102.7142857,71.85714286,3726.571429,4.714285714,47.71428571,730.2857143,829.5714286,35598.28571,5944.714286,5.99095713,1.789700103,0.167101592,-1.789700103,41543,476.0243091,1323.319042,0.07296444,14.55694892,40.70801957,16.91857249,18.27045494,397.9015193,9.741907509,61.20107375,185.26082,167.1215697,933.1557059,128.7720393,0.215641258,0.035791247,0.005944481,0.035791246,926.3118625,85.15,14.85,0.74,76.94,3.85,44.63,3.85,3.798406279,0.327668926,5.4259,17.2978,1.0474,0.1826,0.5913,0.0085,0.0283,331.1
Isla Hermite,HER42PB,HER42PB1I,315,351.7,352.3,352.3,0.6,3846,4421,4079,4095,287,0.0464,0.00334,19077,49771.14286,1.33,79.28571429,547.8571429,142.8571429,104.2857143,5634,7,90.57142857,832.5714286,679,32027.28571,5594.857143,5.725011569,1.744504808,0.17479012,-1.744504808,37622.14286,260.0346131,815.0240137,0.070710678,33.92989972,107.2542595,52.27946879,30.63067246,900.5426142,18.52025918,75.14842456,126.8685109,55.01514943,923.0378675,93.59207333,0.162224715,0.028067637,0.004859325,0.028067635,958.7478689,80.55,19.45,0.97,64.04,3.2,37.15,3.2,3.614963771,0.311383151,4.5593,14.5623,1.1026,0.2663,0.8639,0.0124,0.041,331.6
Isla Hermite,HER42PB,HER42PB1I,316,353.1,353.6,353.6,0.6,3864,4448,4108,4123,292,0.0466,0.00337,18493.5,47928.33333,1.358333333,97.33333333,587.3333333,165.8333333,102.3333333,5832.166667,8.833333333,72.16666667,880,749.1666667,29983.66667,5386.333333,5.566642,1.715998308,0.179925198,-1.715998309,35370,571.8180655,1389.782669,0.096626428,30.66376798,33.16423777,37.96533507,25.5003268,547.6237455,21.63715939,62.34554248,174.7066112,102.4293252,1499.432782,129.3269758,0.244344527,0.043518825,0.007756894,0.043518825,1564.60487,78.87,21.13,1.06,57.01,2.85,33.07,2.85,3.498626527,0.301514533,4.8707,15.6227,1.0214,0.2736,0.8913,0.0128,0.0425,333
Isla Hermite,HER42PB,HER42PB1I,317,354.3,354.9,354.9,0.6,3880,4476,4140,4150,298,0.0466,0.00342,18684.71429,49720.85714,1.238571429,66.42857143,561.5714286,169.2857143,128.4285714,6776.142857,0.357142857,171.5714286,1046.714286,668.7142857,30763.14286,5509.428571,5.586319704,1.719919287,0.179152927,-1.719919287,36272.57143,353.5513703,1150.854672,0.038913824,10.2933173,54.34720828,34.81242252,18.96362433,583.7543515,0.944911183,59.47228246,77.33415435,94.12352573,932.4784946,179.1050503,0.170448142,0.030651017,0.005514912,0.030651017,1038.955703,72.76,27.24,1.36,34.33,1.72,19.91,1.72,2.991222118,0.258407938,4.7755,15.3582,0.9879,0.3699,1.2081,0.0172,0.0576,333.9
Isla Hermite,HER42PB,HER42PB1I,318,355.6,356.2,356.2,0.6,3894,4511,4169,4178,308,0.0468,0.00353,20301.57143,52441.28571,1.338571429,57.85714286,485,140.2857143,102.4285714,4975.142857,6.428571429,125.2857143,780.1428571,762,35125.57143,6033.857143,5.824021751,1.761383007,0.171910529,-1.761383008,41159.42857,332.1610338,933.088012,0.086877034,14.50779757,59.72436689,30.34641267,23.36562392,946.5659739,17.00840129,55.57491726,118.0839088,141.2633475,999.47167,125.7105519,0.220496155,0.037572356,0.00641006,0.037572355,987.6016162,84.26,15.74,0.79,28.75,1.44,16.68,1.44,2.814210397,0.242953416,5.0921,16.4297,1.2745,0.2381,0.7803,0.0111,0.0374,335.2
Isla Hermite,HER42PB,HER42PB1I,319,356.9,357.5,357.5,0.6,3906,4551,4199,4206,322,0.0464,0.00363,20443.85714,52829,1.282857143,68.57142857,485.8571429,141.8571429,93.42857143,4190.142857,0.357142857,90.14285714,715,789.4285714,36237.57143,5998,6.042313988,1.79861839,0.165554986,-1.798618389,42235.57143,577.6568845,1398.135902,0.098778251,20.6789518,63.07516302,30.32836171,17.63384192,277.6577201,0.944911183,82.06791613,68.39346947,126.0672534,912.0071011,136.5466953,0.120646402,0.01977388,0.003242143,0.019773879,1007.625568,76.28,23.72,1.19,40.27,2.01,23.36,2.02,3.151025158,0.272477347,4.9832,16.1256,1.0526,0.3272,1.0753,0.0152,0.0511,336.4
Isla Hermite,HER42PB,HER42PB1I,320,358.3,358.9,358.9,0.7,3920,4598,4230,4236,339,0.0474,0.00387,17821,46478.14286,1.331428571,81.14285714,548.4285714,136.2857143,104.8571429,5390.285714,1.428571429,123.5714286,923.1428571,660.1428571,29716.85714,5279,5.633186105,1.727965802,0.177768921,-1.727965802,34995.85714,466.6904756,2494.617635,0.082548687,42.28249666,187.3231229,47.62952266,40.39566219,2041.324547,3.77964473,44.90678176,238.2522673,96.53570768,1252.783624,220.5130382,0.231532466,0.040479595,0.007085881,0.040479595,1378.893449,79.77,20.23,1.01,51.41,2.57,29.82,2.57,3.395179309,0.29260935,5.3984,17.5234,0.9361,0.2374,0.7824,0.0113,0.038,337.8
Isla Hermite,HER42PB,HER42PB1I,321,359.7,360.3,360.3,0.6,3934,4643,4257,4265,355,0.051,0.00432,19249.85714,49444.71429,1.318571429,64.14285714,477.7142857,148.1428571,78.42857143,5160.428571,2.285714286,83,767.4285714,721,32929.42857,5542.857143,5.948642097,1.782433972,0.168349736,-1.782433972,38472.28571,178.7096608,309.26726,0.063094789,7.690439334,64.45079334,13.1076132,22.96995968,444.2393713,6.047431568,72.4959769,67.22067426,108.3128186,358.0776718,211.5572646,0.246473103,0.041150339,0.006878895,0.041150339,392.9489849,75.63,24.37,1.22,45.89,2.29,26.62,2.3,3.281662813,0.283539612,4.7755,15.5492,1.0577,0.3408,1.1266,0.0174,0.0589,339.1
Isla Hermite,HER42PB,HER42PB1J,328,360,360.6,360.6,0.6,3944,4646,4263,4271,351,0.0511,0.00428,19038.14286,48608.14286,1.362857143,73.85714286,476.2857143,143.7142857,83.42857143,5288.571429,0.357142857,92.85714286,813.1428571,705.1428571,32035.14286,5376.714286,5.95980539,1.784335526,0.168026074,-1.784335525,37411.85714,461.1400469,1040.201011,0.057071384,21.35750119,42.42528446,17.70794818,23.7617139,322.8770959,0.944911183,81.90121809,94.32996797,90.29844696,1237.781002,125.1142335,0.241786138,0.040440714,0.006774754,0.040440714,1273.552044,77.89,22.11,1.11,40.25,2.01,23.35,2.01,3.150596984,0.271207706,4.3715,14.5351,0.9197,0.261,0.881,0.0133,0.0461,345.9
Isla Hermite,HER42PB,HER42PB1J,329,361.3,361.9,361.9,0.6,3981,4660,4290,4297,340,0.0511,0.00412,16970.85714,46997.14286,1.317142857,112.5714286,626,279,163.4285714,9278.428571,3,185,1246.285714,605.2857143,26105.14286,5153.428571,5.067445321,1.62251697,0.197464332,-1.62251697,31258.57143,396.9762497,1182.60284,0.042314019,39.71925286,44.0492149,60.00833275,32.9537916,424.1367143,7.937253933,70.02380548,124.187646,76.03006924,757.0203495,157.3720191,0.138462728,0.027315596,0.005391006,0.027315597,858.1685649,66.62,33.38,1.67,26.74,1.34,15.51,1.34,2.741484977,0.23685299,5.4259,18.1117,0.9275,0.4647,1.5746,0.0237,0.0824,346.9
Isla Hermite,HER42PB,HER42PB1J,330,362.7,363.3,363.3,0.6,4007,4680,4322,4325,336,0.0515,0.00409,17059.42857,47850.57143,1.302857143,110,633.1428571,249.8571429,166.7142857,9766.857143,31.85714286,112.4285714,1257.857143,546.8571429,26462,5283.571429,5.013418418,1.611417641,0.199744569,-1.61141764,31745.57143,148.1596629,889.3205004,0.060474316,29.53528963,144.2213907,60.53767029,44.52981879,1280.216574,28.62067185,64.60097301,178.2633151,90.89449666,603.3923544,185.8510668,0.202442075,0.040448196,0.008089871,0.040448197,643.8801279,67.18,32.82,1.64,17.33,0.87,10.05,0.87,2.307572635,0.199760019,5.6544,18.9364,0.8957,0.4375,1.4872,0.0225,0.0784,347.8
Isla Hermite,HER42PB,HER42PB1J,331,364.2,364.8,364.8,0.6,4024,4701,4352,4353,338,0.0509,0.00404,17416.71429,49895,1.31,107.7142857,634.5714286,253.2857143,159.8571429,11529.57143,42,155.2857143,1075,625.2857143,26965.85714,5212.285714,5.17435721,1.643463878,0.193357811,-1.643463878,32178.14286,271.1652106,889.8132763,0.070710678,15.79782987,41.13334877,16.78009024,19.52288035,879.6349351,52.34500931,70.33186638,149.6941326,56.6530796,495.8263905,58.97376334,0.12533615,0.024207389,0.004677241,0.024207389,481.4365408,70.33,29.67,1.48,30.32,1.52,17.58,1.52,2.866761892,0.247865647,5.4259,18.2202,0.8818,0.372,1.2677,0.0189,0.066,348.7
Isla Hermite,HER42PB,HER42PB1J,332,365.6,366.1,366.1,0.6,4044,4723,4381,4380,340,0.0513,0.00406,16706.5,46175.66667,1.235,74.16666667,491,176,119,8457.166667,35.83333333,78.16666667,1011,575.6666667,26993.83333,5132.5,5.258344948,1.659730206,0.190206612,-1.659730207,32126.33333,624.6332524,2355.016235,0.056833089,7.305249254,46.08687449,21.86321111,22.38749651,958.1155289,24.30980598,57.24828964,90.78325837,101.43898,1076.569443,155.3856493,0.075721645,0.014365151,0.002725543,0.014365151,1225.696809,75.8,24.2,1.21,43.83,2.19,25.42,2.19,3.235536266,0.278749977,5.1998,17.5131,0.9314,0.2973,1.0162,0.0153,0.0533,349.7
Isla Hermite,HER42PB,HER42PB1J,333,366.9,367.5,367.5,0.6,4059,4758,4408,4407,350,0.0511,0.00414,16500.28571,47004.42857,1.304285714,99.28571429,593.2857143,206,136.1428571,9864.714286,6.571428571,149.1428571,1170.142857,616,26038.42857,5081.857143,5.126702133,1.634122536,0.195190403,-1.634122537,31120.28571,536.8152116,1841.967504,0.091443451,18.07128741,66.77503098,50.21619925,15.23623501,783.0201603,14.53567041,63.29146486,119.9116738,167.4116683,818.6364389,197.8100339,0.143831131,0.028225535,0.005541665,0.028225535,968.1586844,68.12,31.88,1.59,21.62,1.08,12.54,1.08,2.528923535,0.217802027,4.9832,16.8232,0.9598,0.4491,1.5387,0.023,0.0805,350.7
Isla Hermite,HER42PB,HER42PB1J,334,368.4,368.9,368.9,0.6,4075,4794,4433,4434,360,0.0516,0.00426,17320,48615.83333,1.305,86.66666667,614.5,238.5,158.6666667,10285.16667,2.833333333,152,1032.833333,572.3333333,27101,5175.333333,5.241137491,1.65615826,0.190944178,-1.656158259,32276.33333,145.2143244,1065.468426,0.045055521,29.03561032,59.81889334,93.32684501,21.04914883,786.7102177,6.940220938,65.09070594,188.4605175,51.66688172,294.8809929,188.1559637,0.157552028,0.030287306,0.005826405,0.030287305,438.5807413,61.72,38.28,1.91,22.55,1.13,13.08,1.13,2.571084346,0.222119672,4.2749,14.4683,0.9097,0.5643,1.9382,0.0291,0.1024,351.7
Isla Hermite,HER42PB,HER42PB1J,335,369.7,370.2,370.2,0.6,4092,4837,4458,4460,372,0.0516,0.00438,17845,48686.66667,1.323333333,76.66666667,508.8333333,166.1666667,133,8776.5,3.5,129.6666667,931,715.5,28629,5251.333333,5.45211888,1.695714743,0.183521372,-1.695714742,33880.33333,293.7958475,552.7815723,0.096055539,18.4788167,33.60605104,33.76635406,20.79422997,987.7183303,8.5732141,62.08274049,44.22216639,97.55152485,873.0053837,102.5020325,0.143474819,0.02638641,0.004854974,0.02638641,929.225197,64.71,35.29,1.76,20.51,1.03,11.9,1.03,2.4765384,0.214355845,4.4692,15.175,1.0516,0.5734,1.9757,0.0296,0.1045,353
Isla Hermite,HER42PB,HER42PB1J,336,371,371.6,371.6,0.6,4124,4853,4484,4486,364,0.0518,0.00429,18258.85714,49998.71429,1.275714286,91.14285714,522,202.2857143,130.2857143,8953.285714,9.714285714,131.7142857,981.7142857,670.7142857,29823.42857,5357.142857,5.568375646,1.716752248,0.179711476,-1.716752248,35180.57143,440.9143638,1730.786595,0.067541874,22.98861002,50.27590543,30.31344193,18.18162338,1044.356694,21.25021008,44.64942809,97.92295319,79.83673817,721.0783261,95.48198534,0.159720327,0.028594049,0.005121368,0.028594049,736.9169689,66.9,33.1,1.65,22.26,1.11,12.91,1.12,2.558002205,0.221918084,4.5593,15.5198,0.9105,0.4504,1.5557,0.0233,0.0825,353.7
Isla Hermite,HER42PB,HER42PB1J,337,372.4,373,373,0.6,4154,4868,4514,4514,357,0.0516,0.00417,16204.71429,47156.85714,1.324285714,151.7142857,736.5714286,367.7142857,219.2857143,11574.28571,11,184.5714286,1210.714286,599.4285714,24074,5011.285714,4.80841984,1.56990497,0.20816088,-1.56990497,29085.28571,254.6485907,1520.196526,0.080178373,30.66873699,111.7629294,93.65844736,13.65911522,888.3208344,29.10326442,79.6573017,83.46598965,95.71808806,503.5023999,192.7474291,0.15859888,0.032842102,0.006807921,0.032842102,629.1880255,63.8,36.2,1.81,23.45,1.17,13.6,1.18,2.610069793,0.226461938,4.5358,15.4808,0.9271,0.526,1.8216,0.0271,0.0962,354.4
Isla Hermite,HER42PB,HER42PB1J,338,373.9,374.5,374.5,0.6,4179,4887,4542,4541,354,0.0518,0.00412,16025.57143,44753.14286,1.358571429,96.71428571,619.4285714,245.2857143,151.7142857,9917.857143,0.357142857,162.7142857,1102.714286,593,23789.85714,4897.285714,4.852217414,1.576672194,0.2072145,-1.576672195,28687.14286,959.6735308,1956.963671,0.041804534,18.15410225,101.2008846,61.71362434,19.33661713,1256.59612,0.944911183,54.93545997,197.0006043,121.0385613,2498.300651,192.361391,0.395955559,0.079651379,0.016070968,0.07965138,2636.04555,63.43,36.57,1.83,24.3,1.22,14.1,1.22,2.646174797,0.228959805,4.6723,16.0049,0.9587,0.5527,1.9209,0.0286,0.1018,355.5
Isla Hermite,HER42PB,HER42PB1J,339,375.2,375.8,375.8,0.6,4202,4905,4572,4568,352,0.0514,0.00404,19709.28571,54511.57143,1.32,104.8571429,526.2857143,164.5714286,99.71428571,9541.142857,21.57142857,111,719,713.1428571,33095.28571,5709.428571,5.793995016,1.755898707,0.172914599,-1.755898707,38804.71429,826.1694165,1556.465104,0.073484692,55.37577259,71.65127188,31.3520714,23.99106977,742.6512031,35.17981023,70.96947701,163.7762702,94.60695635,1927.979315,89.58023804,0.266367259,0.046642678,0.008181913,0.046642678,2004.049294,67.21,32.79,1.64,29.03,1.45,16.84,1.45,2.823757009,0.243138222,4.5593,15.6566,0.9253,0.4514,1.5725,0.0232,0.0827,356.3
Isla Hermite,HER42PB,HER42PB1J,340,376.7,377.3,377.3,0.6,4223,4930,4602,4596,353,0.0518,0.00407,20578.42857,54970.14286,1.375714286,27,324,57.42857143,39.85714286,7463.857143,0.357142857,33.42857143,388,737.5714286,35840.85714,5797.285714,6.184014585,1.821854102,0.161743845,-1.821854103,41638.14286,245.7077242,814.137873,0.035523299,18.734994,50.83633871,20.05706146,20.39957983,606.8375479,0.944911183,35.92518681,62.21468208,96.42589062,264.2444755,117.3210897,0.10105048,0.016247705,0.002612929,0.016247706,355.6999806,73.49,26.51,1.33,30.47,1.52,17.67,1.53,2.871868286,0.248667712,4.6419,15.9845,1.0527,0.3798,1.3267,0.0197,0.0703,357.2
Isla Hermite,HER42PB,HER42PB1J,341,378.1,378.8,378.8,0.7,4242,4960,4635,4625,359,0.0524,0.00416,19975.125,52074.25,1.32,19.5,302.625,54.25,40,6026.125,0.357142857,32.125,370.75,669.125,34914.125,5550.5,6.295100505,1.839145401,0.159052238,-1.839145402,40464.625,236.2144531,587.9340949,0.123981565,10.84962145,44.14242371,17.65340922,10.50170054,303.0607848,0.944911183,35.33285602,63.10478814,74.48957262,642.5483723,142.9485422,0.238774744,0.037785072,0.005983544,0.037785072,593.112116,60.92,39.08,1.95,28.99,1.45,16.81,1.45,2.821973947,0.243418336,4.5004,15.5354,0.8605,0.5521,1.9333,0.0289,0.1036,358.1
Isla Hermite,HER42PB,HER42PB1J,342,379.6,380.3,380.3,0.6,4267,4992,4665,4654,362,0.0557,0.00443,20230.5,52165.25,1.32875,23.125,276.875,58.375,37.875,4447,3,51.125,388,751.375,36434.625,5663.75,6.436150014,1.861724712,0.155436682,-1.861724713,42098.375,102.5907264,893.352554,0.096723095,8.642709562,24.42152154,10.56865311,26.8776992,733.4994401,8.485281374,66.63211902,99.36368983,64.47577064,346.336722,156.7324836,0.138898893,0.021744727,0.003405089,0.021744728,470.2755841,61.16,38.84,1.94,16.76,0.84,9.72,0.84,2.274185618,0.19653456,4.431,15.3422,0.9168,0.5822,2.045,0.0324,0.1165,359.2
Isla Hermite,HER42PB,HER42PB1J,343,381.1,381.7,381.7,0.6,4322,5000,4688,4680,339,0.0555,0.00411,19649.42857,54683.71429,1.34,42.28571429,371.1428571,89.28571429,79.14285714,9299.428571,4,111.2857143,580.7142857,780.7142857,33838.42857,5366.285714,6.306022548,1.84115187,0.158690913,-1.84115187,39204.71429,421.5668619,1478.715176,0.071647284,24.39066957,89.94892731,31.58435417,33.66713814,1181.010282,10.58300524,71.14940685,129.5359851,85.87920642,955.1781434,50.09562285,0.180603344,0.028745906,0.00457753,0.028745906,963.2576177,67.4,32.6,1.63,27.15,1.36,15.75,1.36,2.756840365,0.238050978,4.1542,14.4235,0.8822,0.4267,1.5028,0.0237,0.0852,359.6
Isla Hermite,HER42PB,HER42PB1J,344,382.5,383.1,383.1,0.6,4370,5017,4711,4704,324,0.0555,0.0039,19530.14286,51099,1.32,23.42857143,286,68.14285714,30.85714286,5442.571429,0.357142857,33.71428571,436.1428571,786.5714286,34193.85714,5493.714286,6.225745292,1.828547839,0.160670142,-1.82854784,39687.57143,257.3605956,1241.209088,0.045825757,20.71116561,27.71882633,19.28236302,17.40142304,680.1063292,0.944911183,33.71307504,57.86601931,91.15162669,382.3804513,107.2484876,0.114371828,0.01843634,0.002972805,0.018436339,433.1731206,81.69,18.31,0.92,63.56,3.18,36.87,3.18,3.607398212,0.311134427,3.5409,12.3241,1.0122,0.2269,0.8009,0.0126,0.0453,360.1
Isla Hermite,HER42PB,HER42PB1J,345,383.9,384.4,384.4,0.6,4404,5031,4733,4729,314,0.0555,0.00377,19466.33333,52874.66667,1.251666667,28.33333333,299,58,50.33333333,7932.166667,0.357142857,60.5,495.6666667,660.6666667,34016.83333,5618.166667,6.057682173,1.801123498,0.165146691,-1.801123499,39635,149.872835,668.267212,0.05231316,7.580677191,29.22327839,28.04995544,13.88044188,659.4486839,0.944911183,63.12764846,41.21488404,70.77758591,429.9085562,160.3863045,0.134418985,0.022075274,0.003626478,0.022075274,551.4994107,84.51,15.49,0.77,74.87,3.74,43.43,3.74,3.771150447,0.324754839,4.5593,15.9301,1.024,0.1877,0.6651,0.0104,0.0376,361.2
Isla Hermite,HER42PB,HER42PB1J,346,385.3,385.9,385.9,0.6,4432,5044,4758,4755,306,0.0555,0.00366,19025.14286,49001.71429,1.328571429,37.85714286,327.5714286,93,82.14285714,4640.142857,0.357142857,94.85714286,639.1428571,759.8571429,33196.71429,5464.285714,6.077630091,1.804097294,0.164707644,-1.804097295,38661,443.4980002,1301.552498,0.062564253,23.21944998,45.47840932,21.67948339,35.13511336,601.6400997,0.944911183,61.58308364,117.8705909,108.6944166,1452.945596,222.4767511,0.211922594,0.034693081,0.005685497,0.034693081,1607.981032,84.78,15.22,0.76,72.9,3.65,42.29,3.65,3.744550651,0.323187748,4.3544,15.2534,1.0203,0.1832,0.6509,0.0102,0.0368,361.9
Isla Hermite,HER42PB,HER42PB1J,347,386.7,387.3,387.3,0.6,4460,5059,4784,4780,300,0.0559,0.00359,19811,50966.42857,1.314285714,36.57142857,319.4285714,87,47.28571429,3770.142857,0.357142857,94.42857143,562.8571429,767.2857143,36044.14286,5746.857143,6.277287044,1.83655427,0.159426749,-1.83655427,41791,369.6660655,1262.319407,0.077858235,7.870983481,37.50936391,46.72615256,12.86745618,651.3412901,0.944911183,90.21983733,68.23349268,96.43947028,520.5770608,206.9069264,0.187806732,0.029918485,0.004768673,0.029918485,662.3360174,83.37,16.63,0.83,69.9,3.49,40.54,3.5,3.702289141,0.319635224,4.1542,14.5896,1.0296,0.2054,0.7316,0.0115,0.0416,362.6
Isla Hermite,HER42PB,HER42PB1J,348,388.1,388.8,388.8,0.7,4479,5082,4812,4806,301,0.0554,0.00357,18216.75,47992.375,1.33,61,411.5,150.875,97,4768.125,35.125,123.625,791.875,715.75,31976.625,5428.5,5.893919229,1.772569493,0.170127206,-1.772569493,37405.125,892.9677246,1510.358419,0.088801544,20.39607805,55.73149917,63.15386539,31.58209258,1051.481192,30.89816222,82.65926186,177.7393256,54.83156026,1700.253421,175.5912461,0.326439953,0.055684506,0.009516275,0.055684505,1751.53055,81.24,18.76,0.94,46.43,2.32,26.93,2.32,3.293240907,0.283710319,5.0521,17.8062,0.9527,0.2199,0.7862,0.0122,0.0443,363.9
Isla Hermite,HER42PB,HER42PB1J,349,389.6,390.2,390.2,0.6,4505,5110,4840,4833,302,0.0566,0.00363,16655.85714,44073.71429,1.35,78.28571429,434.7142857,123.2857143,101.5714286,4720.714286,14.71428571,159.4285714,912.5714286,645.4285714,28745,5057.142857,5.683215088,1.737118001,0.176098101,-1.737118001,33802.14286,566.4960808,1934.416166,0.160623784,18.01586602,69.43273552,45.32738056,11.08838947,897.0644188,18.1724543,42.56703397,96.90864623,80.5602407,1331.462104,152.1298005,0.172381133,0.030609749,0.005438862,0.030609748,1450.995455,77.35,22.65,1.13,58.85,2.94,34.13,2.94,3.530176763,0.30409375,4.6419,16.4022,1.0018,0.2933,1.051,0.0166,0.0606,364.8
Isla Hermite,HER42PB,HER42PB1J,350,391.1,391.7,391.7,0.6,4563,5122,4862,4859,280,0.056,0.00331,16015,43776.42857,1.281428571,87.85714286,525.2857143,167,125.4285714,7276.142857,6,146.7142857,1106.142857,641.5714286,25645.85714,4925,5.193108687,1.646065502,0.193050979,-1.646065503,30570.85714,1288.922289,3407.117934,0.068173448,19.92844342,96.28034463,26.75194697,30.8375158,1016.03337,15.87450787,103.4258418,167.9081382,127.1191792,3150.967599,371.774125,0.282698656,0.054349144,0.010478402,0.054349143,3509.565568,79.63,20.37,1.02,63.62,3.18,36.9,3.18,3.608211551,0.310951565,4.1237,14.602,1.0684,0.2732,0.9812,0.0153,0.0559,365
Isla Hermite,HER42PB,HER42PB1J,351,392.6,393.2,393.2,0.6,4624,5134,4887,4885,255,0.0566,0.00304,17694.42857,47236.14286,1.248571429,54.14285714,469.5714286,159.2857143,102.8571429,5728.857143,2.571428571,108.4285714,880.2857143,633,30158.71429,5321.285714,5.669274374,1.734784403,0.176487586,-1.734784404,35480,225.3788345,1459.576243,0.051130086,20.39140809,77.26115269,34.4853316,23.80776184,1604.285451,6.803360514,85.49241125,163.4398098,106.995327,565.5993029,108.1614754,0.143304717,0.025478249,0.004532304,0.025478249,592.1137278,79.69,20.31,1.02,46.89,2.34,27.2,2.35,3.303216973,0.285388231,4.1542,14.7558,1.1088,0.2825,1.0176,0.016,0.0585,365.6
Isla Hermite,HER42PB,HER42PB1J,352,394,394.6,394.6,0.6,4674,5148,4912,4910,237,0.0562,0.0028,19082.57143,50454.42857,1.332857143,41,368.2857143,118.4285714,78.28571429,6350,0.357142857,84.14285714,670.1428571,732.5714286,32928.14286,5305.714286,6.20618696,1.825140548,0.161260646,-1.825140548,38233.85714,425.4071999,1283.97415,0.045355737,12.52996409,40.74192879,20.43572968,21.10066575,721.7409508,0.944911183,55.77761968,107.8694096,93.64090478,1111.606859,74.10963564,0.190797273,0.030805981,0.00497777,0.030805981,1143.004437,81.35,18.65,0.93,58.47,2.92,33.91,2.92,3.523709956,0.303427693,4.2537,15.1539,1.0051,0.2304,0.8322,0.0129,0.0474,366.2
Isla Hermite,HER42PB,HER42PB1J,353,395.4,396,396,0.6,4721,5164,4936,4935,221,0.0562,0.00261,18728.71429,50460.85714,1.295714286,65.14285714,469,166.1428571,99.57142857,7525,0.357142857,86.85714286,727.4285714,742.1428571,31663.71429,5302.714286,5.973208463,1.787093914,0.167477634,-1.787093914,36966.42857,362.5717006,1007.761121,0.090527554,24.55217961,56.8125573,50.00476168,24.16510668,671.531831,0.944911183,62.77852226,124.9117784,74.11798831,482.7893655,125.575627,0.126480393,0.021021088,0.003494715,0.021021088,554.6100303,67.39,32.61,1.63,48.85,2.44,28.33,2.44,3.343921314,0.288004518,3.768,13.4518,0.9787,0.4737,1.7147,0.0266,0.0976,366.6
Isla Hermite,HER42PB,HER42PB1J,354,396.8,397.4,397.4,0.6,4759,5182,4961,4960,212,0.0564,0.00249,18872,49273.71429,1.304285714,69.14285714,463.2857143,133.7142857,93.14285714,5180,3.857142857,42.28571429,713.4285714,711.1428571,32682.85714,5530.857143,5.909168333,1.776454367,0.169245695,-1.776454366,38213.71429,603.2865544,1679.866038,0.079761549,19.63354758,36.45414602,41.08817464,16.15991513,608.0496142,6.644009117,49.18913934,46.68282033,82.47510447,1175.270526,187.9941742,0.064398948,0.010871048,0.001835225,0.010871048,1355.458313,70.7,29.3,1.47,32.42,1.62,18.81,1.62,2.934388643,0.252722467,4.0559,14.5262,0.9851,0.4083,1.4827,0.023,0.0846,367.6
Isla Hermite,HER42PB,HER42PB1J,355,398.2,398.9,398.9,0.6,4789,5200,4986,4986,206,0.0585,0.0025,19455.75,52191.5,1.29875,32.375,364.25,84.5,53,7168.875,19.5,40.125,528,667.125,33692.75,5537.625,6.089546721,1.805984378,0.164410614,-1.805984377,39230.375,395.8992476,1413.750938,0.040861264,13.47948176,55.28045379,33.0583899,20.34698995,1158.753078,26.05488712,53.35444151,69.25934697,120.2074843,441.3371727,155.5487406,0.222187903,0.036808633,0.00610397,0.036808632,379.2288934,71.43,28.57,1.43,31.63,1.58,18.35,1.58,2.909629575,0.250529413,3.8275,13.7388,1.0724,0.429,1.5612,0.0251,0.0924,368.2
Isla Hermite,HER42PB,HER42PB1J,356,399.7,400.2,400.2,0.5,4814,5220,5009,5009,203,0.0804,0.00336,18609.5,48950,1.263333333,48.83333333,417.3333333,112.1666667,80.83333333,5846.5,15.66666667,57.83333333,667.6666667,669.1666667,32050.33333,5366.166667,5.974344862,1.787199386,0.16747467,-1.787199387,37416.5,409.5191082,960.3528518,0.039327683,11.7374046,26.80795902,6.940220938,20.88460358,514.226701,27.52211232,65.58480515,80.45537065,139.8319229,853.9952381,144.2184685,0.153174708,0.025720972,0.004321099,0.025720972,938.9191126,75.45,24.55,1.23,43.97,2.2,25.5,2.2,3.238678452,0.279415396,2.8357,10.2057,1.2236,0.3981,1.4526,0.032,0.1181,369.1
Isla Hermite,HER42PB,HER42PB1J,357,400.9,401.5,401.5,0.6,4844,5233,5027,5025,195,0.0801,0.00322,19123,49279.85714,1.37,35.85714286,348.1428571,81.42857143,73.42857143,4246,11.42857143,75.42857143,668.7142857,681.4285714,33827.71429,5462,6.195277798,1.823470539,0.161515049,-1.823470539,39289.71429,467.9658107,1432.929799,0.087177979,15.2799277,40.24685732,27.07924878,20.26373726,515.6371463,23.28702888,45.01058077,134.5457968,65.7618358,993.3271892,161.2947612,0.16929811,0.027120257,0.004346267,0.027120258,1092.442632,77.41,22.59,1.13,50.1,2.5,29.06,2.51,3.369362658,0.291022033,3.768,13.6025,1.0893,0.3179,1.1633,0.0255,0.0942,370
Isla Hermite,HER42PB,HER42PB1J,358,402.3,402.9,402.9,0.7,4870,5251,5046,5043,190,0.08,0.00315,20262.57143,55474.57143,1.322857143,71.14285714,531,175.4285714,97.42857143,8176,13.57142857,89,688.8571429,816.1428571,35523.42857,5729.857143,6.196333739,1.823443795,0.161551974,-1.823443795,41253.28571,1237.754668,4228.917271,0.041518785,18.9510648,138.383525,83.94414243,56.89129149,2106.985524,23.91552594,76.28892449,165.0145737,137.6728351,2609.376864,309.7807981,0.214245424,0.034657855,0.005609322,0.034657854,2890.763781,78.42,21.58,1.08,49.4,2.47,28.66,2.47,3.355502422,0.289186706,4.5004,16.3005,1.0109,0.2781,1.0213,0.0222,0.0826,371.1
Kerguelen,KER1,CAT1.1A,1,0,1.4,0.7,0.7,-66,-37,-57,-55,15,0.06522,0.04802,21128.75,48795.75,1.3875,41,153,27.5,719.5,2054.5,47,115.5,471.25,623.5,36172,5541.5,6.524206321,1.875439811,0.153299754,-1.875439811,41713.5,1246.668193,2398.498332,0.059651767,11.48912529,48.54551129,14.84362939,410.8726486,636.5105393,31.6227766,92.14662229,123.4298046,202.7716285,2850.288757,382.2220123,0.094865257,0.014569927,0.002238014,0.014569925,3229.35747,74.05,25.95,1.3,51.46,2.57,29.74,2.57,3.392492941,0.293164319,4.396,0.2198,0.7873,0.2043,0.0204,0.0133,0.0111,83.6
Kerguelen,KER1,CAT1.1A,2,1.5,3,2.2,0.75,-64,25,-37,-32,45,0.068,-0.07138,17480.1875,47608.25,1.375625,54.5,394,283.0625,253.6875,10261.1875,40.0625,44.375,694.3125,672.3125,27704.8125,4752.5625,5.830023196,1.76218434,0.171817782,-1.76218434,32457.375,1117.904481,4665.796859,0.105449435,29.24152299,208.7773934,203.3543603,223.7622902,4800.569025,30.50785418,48.20632739,153.6323398,66.86874581,1735.232558,228.4661809,0.242445399,0.042584927,0.007492863,0.042584927,1912.256359,73.34,26.66,1.33,22.15,1.11,12.81,1.11,2.550226116,0.220979781,5.0699,0.3118,1.3295,0.5808,0.0648,0.0395,-0.0371,-93.8
Kerguelen,KER1,CAT1.1A,3,3.1,4.7,3.9,0.8,-62,96,-15,-7,79,0.064,-0.70916,14967.41176,49334,1.342352941,48.88235294,371.0588235,342.4705882,164.7647059,20505.05882,16.47058824,86.29411765,724.8235294,566.1176471,20162.64706,4087.058824,4.921745546,1.591953719,0.203875802,-1.59195372,24249.70588,1564.932189,6298.170508,0.08004135,41.30206162,168.250732,157.8199598,90.91722156,5465.091576,22.00601522,45.41167898,137.044808,120.6616563,2676.600408,397.1135654,0.296725658,0.060277634,0.012290366,0.060277635,3041.255986,67.64,32.36,1.62,30.69,1.53,17.74,1.54,2.875821977,0.249648582,4.5342,0.3083,1.0018,0.5773,0.0681,0.0369,-0.405,-1096.3
Kerguelen,KER1,CAT1.1A,4,4.8,6.3,5.5,0.75,-54,145,9,18,100,0.05926,0.33565,17051.9375,63896.25,1.4375,132.1875,704,628.8125,184.0625,34240.8125,19.125,113.1875,1076.5625,571.75,19540.8125,4279.25,4.531277141,1.502826034,0.224457458,-1.502826034,23820.0625,1597.438803,5496.107392,0.067379522,87.19955562,376.9171439,285.0726735,45.55065861,5304.976308,39.71208884,54.56643504,322.3672789,102.9540351,3806.953589,346.1981128,0.578182011,0.134452858,0.031731103,0.134452858,4130.608292,55.55,44.45,2.22,21.33,1.07,12.33,1.07,2.512035317,0.217994955,5.1928,0.4258,1.112,0.7153,0.0944,0.0424,0.2457,579.6
Kerguelen,KER1,CAT1.1A,5,6.4,7.8,7.1,0.7,-44,156,39,45,100,0.06087,0.14127,17856.53333,63331.26667,1.379333333,111.1333333,543.2666667,533.2,158.8,31088.13333,23.06666667,90.53333333,775.2666667,600,22545.66667,4478.466667,5.015835518,1.607084762,0.201586507,-1.607084761,27024.13333,1408.979208,7487.705041,0.080663912,45.29879637,257.6920828,252.8207157,60.9440024,7546.575409,24.78325087,69.77501258,271.1176515,110.691334,3398.159495,280.7120708,0.544912226,0.108884272,0.022091369,0.108884273,3629.638862,41.4,58.6,2.93,16.32,0.82,9.44,0.82,2.24495598,0.195006769,3.5608,0.3062,1.644,1.2856,0.1748,0.0783,0.1923,245.7
Kerguelen,KER1,CAT1.1A,6,7.9,9.2,8.5,0.65,-38,182,65,68,110,0.05833,0.09882,19836.14286,57536.07143,1.381428571,39.78571429,253.6428571,255.8571429,80.5,16839.21429,6.142857143,53.14285714,438.2857143,710.3571429,30926.14286,5343.428571,5.785530379,1.7548583,0.173019538,-1.754858301,36269.57143,1100.428788,6544.299004,0.095342068,18.87684202,107.6215643,126.8026068,22.55165012,6375.039091,12.53215644,64.86062826,128.5070657,106.0700836,1835.152136,224.3193857,0.189083871,0.032969974,0.00575309,0.032969973,2030.019087,75.67,24.33,1.22,48.91,2.45,28.27,2.45,3.341801172,0.289614888,3.4927,0.3388,1.1072,0.598,0.0879,0.0349,0.0642,184.1
Kerguelen,KER1,CAT1.1A,7,9.3,10.6,9.9,0.675,-33,222,88,92,128,0.05357,0.0779,21546.35714,63213.71429,1.381428571,52.14285714,244.4285714,192.4285714,74.07142857,19220.28571,3.785714286,54.92857143,312.5,758.8571429,34171.85714,5453.285714,6.272813963,1.835516988,0.159645525,-1.835516987,39625.14286,618.4345755,7035.581376,0.052309308,45.36155123,100.1903683,82.75795503,28.59925842,7409.844984,7.76757136,51.75305905,78.28326278,100.0975349,670.8881435,180.0591478,0.243356859,0.039184349,0.006319067,0.039184349,689.6155961,82.51,17.49,0.87,50.79,2.54,29.36,2.54,3.379633204,0.292379712,4.6735,0.5234,0.9849,0.4178,0.0677,0.0224,0.0362,161.6
Kerguelen,KER1,CAT1.1A,8,10.7,12,11.4,0.65,-2,231,125,120,117,0.05185,0.0533,18073.14286,50747.71429,1.393571429,104.5,485,433.1428571,104.9285714,12891.42857,8.642857143,64.64285714,646.5714286,670.8571429,27758.21429,5068,5.441802038,1.689112733,0.185652935,-1.689112732,32826.21429,2377.21294,5805.837691,0.081486869,100.2939909,249.8818182,239.1120938,40.17933699,3830.01325,13.80973538,69.96219544,243.7892262,118.8469327,4996.428512,479.4193603,0.5510286,0.105025335,0.020160458,0.105025335,5445.471713,71.8,28.2,1.41,28.93,1.45,16.72,1.45,2.816605608,0.244263046,4.2887,0.5189,1.1106,0.5808,0.0993,0.0301,0.0361,119.9
Kerguelen,KER1,CAT1.1A,9,12.1,13.6,12.8,0.725,17,240,179,147,112,0.05172,0.04216,20860.6875,54932.3125,1.32875,49.375,320.6875,307.6875,74.6875,9088,12.5,63.375,385.125,852.4375,35799.1875,5683.0625,6.283538572,1.835266185,0.160042134,-1.835266186,41482.25,1657.098899,3311.574786,0.095489965,59.03544133,347.5542584,290.9542275,40.70989847,5483.486348,31.63331577,61.51300675,258.4089459,111.0771316,4346.571756,412.5288626,0.451484777,0.077326982,0.013361597,0.077326982,4716.295771,80.86,19.14,0.96,51.36,2.57,29.69,2.57,3.390810289,0.293512376,5.0197,0.6626,0.9577,0.412,0.075,0.0213,0.0212,99.7
Kerguelen,KER1,CAT1.1A,10,13.7,15,14.3,0.65,30,265,226,176,118,0.04167,0.02971,20594.42857,52491.07143,1.349285714,38.28571429,202.9285714,220,66.14285714,7100.428571,10.42857143,45.5,487.1428571,801.2142857,35376.5,5842.857143,6.04157591,1.796860615,0.166118127,-1.796860614,41219.35714,1750.923041,4032.986934,0.07311364,15.3042406,78.61343033,140.2667788,21.68961873,1982.819,23.05082774,41.37585695,175.4369741,130.8200047,4185.490482,424.6884572,0.376691231,0.062347516,0.010359304,0.062347517,4566.929681,80.05,19.95,1,41.02,2.05,23.71,2.05,3.1658969,0.273727906,5.1663,0.7491,1.1523,0.452,0.0881,0.0188,0.0171,90.8
Kerguelen,KER1,CAT1.1A,11,15.1,16.5,15.8,0.7,75,310,242,212,118,0.0359,0.02149,21094.13333,53044.6,1.298,20.2,153.2,143.6666667,45.2,4948.333333,9.333333333,83.86666667,300.3333333,879.7333333,37836.93333,5968.2,6.341275219,1.84674812,0.157802914,-1.84674812,43805.13333,825.7724407,2525.527238,0.081958177,8.929885618,39.87874479,63.92033733,18.70905052,1018.377818,18.99498681,71.53407446,109.9335297,95.80446356,1429.231985,208.73914,0.167135502,0.026820767,0.004309572,0.026820767,1586.244931,80.23,19.77,0.99,60.37,3.02,34.9,3.02,3.552486829,0.30740717,5.0801,0.7773,1.1536,0.454,0.0922,0.0163,0.0131,80.2
Kerguelen,KER1,CAT1.1A,12,16.5,17.9,17.2,0.7,113,357,266,251,122,0.03571,0.01881,22886.73333,58062.06667,1.346666667,9,154.5333333,83.53333333,46.8,6614.666667,5.866666667,42.73333333,146.0666667,857.8,41105.06667,6245.933333,6.583019063,1.884297348,0.15196553,-1.884297348,47351,949.3436429,2439.463509,0.08303757,7.240757656,31.9416134,38.41291945,19.49432152,1323.010402,12.69345538,50.14046935,96.0851309,124.5753931,1109.221701,192.1942718,0.135061145,0.020491835,0.003110023,0.020491835,1260.203952,82.12,17.88,0.89,78.54,3.93,45.4,3.93,3.815512105,0.330285519,5.9408,0.9891,1.1664,0.4017,0.087,0.0143,0.0107,74.3
Kerguelen,KER1,CAT1.1A,13,18,19.4,18.7,0.7,137,410,302,293,137,0.03488,0.01756,23650.53333,61225.33333,1.335333333,10.33333333,162.3333333,84.73333333,46.46666667,8375.6,4.333333333,40.86666667,125.2666667,936.3333333,42160.4,6328.666667,6.663959709,1.896331878,0.150175611,-1.896331879,48489.06667,696.3627818,3368.650401,0.059385745,8.682220475,78.84402928,40.10783085,18.38037255,3817.866285,10.92615909,52.57357656,87.9402936,122.2787604,1503.870758,213.7139833,0.190657371,0.028610431,0.004295984,0.028610431,1653.773066,84.04,15.96,0.8,86.82,4.34,50.19,4.34,3.915815804,0.338606109,6.3302,1.1268,1.0035,0.3415,0.0779,0.0119,0.0087,73.1
Kerguelen,KER1,CAT1.1A,14,19.5,20.9,20.2,0.7,169,468,340,336,150,0.03125,0.01499,23247.8,58410.73333,1.346,7.8,137.8666667,96.66666667,39.4,6357.533333,7.8,32.66666667,162.3333333,955,41556.93333,6347.133333,6.550099684,1.879157885,0.152767229,-1.879157885,47904.06667,619.245301,1504.866461,0.073562413,7.957027442,41.334639,47.66200443,13.67897239,956.4289882,13.25680418,50.69751567,116.3883074,107.2800075,1599.057511,263.9147229,0.173373335,0.026193362,0.003961197,0.026193363,1813.85944,84.04,15.96,0.8,87.5,4.37,50.58,4.38,3.923556241,0.339762284,6.199,1.1623,1.0766,0.357,0.0848,0.0112,0.008,71.7
Kerguelen,KER1,CAT1.1A,15,21,22.4,21.7,0.7,264,479,386,384,108,0.03191,0.00996,22031.53333,56094.53333,1.327333333,13.8,181.2,207.5333333,53.93333333,7502.6,4.8,29.26666667,428.2,912.6666667,38141.53333,6119.4,6.237154008,1.830173767,0.160441342,-1.830173767,44260.93333,318.2222643,1365.945715,0.079504417,10.60458122,66.54558051,58.51845456,35.94135435,1254.357707,14.37855546,38.49390799,148.0628245,90.34747737,712.7606157,199.5118328,0.171671081,0.027330581,0.004353127,0.027330581,840.7824983,77.67,22.33,1.12,75,3.75,43.35,3.75,3.769306703,0.326064594,6.3302,1.2534,0.9993,0.4045,0.1003,0.0129,0.0072,56
Kerguelen,KER1,CAT1.1A,16,22.5,23.9,23.2,0.7,352,493,435,431,71,0.03125,0.00605,22113.53333,55934.73333,1.341333333,13.86666667,155.6666667,176.4,46.86666667,6929.333333,4.733333333,45.93333333,346,913.8666667,38718.8,6050.066667,6.396099403,1.855351131,0.156451652,-1.855351132,44768.86667,980.2515615,2351.862377,0.08314073,12.65964718,22.84627718,23.29254939,23.59136242,702.8927643,12.73054071,58.88058941,177.3728921,104.1817551,2585.782341,311.7206778,0.170522742,0.02699345,0.00427689,0.02699345,2879.693482,76.38,23.62,1.18,65.29,3.26,37.74,3.27,3.63072054,0.314585484,6.7321,1.4104,0.9302,0.3902,0.1013,0.0122,0.0055,45.3
Kerguelen,KER1,CAT1.1A,17,24,25.5,24.7,0.725,419,522,483,479,52,0.04571,0.00626,21313.25,55199.625,1.315625,21.6875,220.25,287,69,8722.1875,0.9375,58.25,486.3125,894.4375,36190,5810.9375,6.221014608,1.827452542,0.160899843,-1.827452542,42000.9375,1188.866042,4023.597609,0.080247014,17.04393832,74.42177101,110.0327224,20.17919721,1065.458225,2.568235451,56.41926385,136.0787609,63.23814118,2959.502886,340.313085,0.199418789,0.031997741,0.00513953,0.031997741,3285.555691,68.35,31.65,1.58,32.27,1.61,18.65,1.62,2.925846146,0.254148566,6.0213,1.3006,0.9932,0.505,0.1343,0.0231,0.0093,40.3
Kerguelen,KER1,CAT1.1A,18,25.6,27,26.3,0.7,486,538,515,514,26,0.05,0.00386,20782.66667,53999.4,1.347333333,28.66666667,239.3333333,291.1333333,60.06666667,9268.4,3,71.33333333,512.6,855.8666667,34495.73333,5669.666667,6.071381499,1.80110448,0.165539064,-1.80110448,40165.4,1259.924752,2884.408501,0.092849084,29.97300373,99.93974375,166.3867554,26.22830169,1998.889292,11.61895004,66.26102783,288.5010027,152.3050823,4013.989705,384.822903,0.436055304,0.073486001,0.012429781,0.073486,4343.97377,76.68,23.32,1.17,45.77,2.29,26.45,2.29,3.275256158,0.283566601,6.0692,1.3777,1.0836,0.4418,0.1224,0.0221,0.0078,35.4
Kerguelen,KER1,CAT1.1A,19,27.1,28.5,27.8,0.7,518,573,543,544,28,0.05172,0.00392,19962.73333,54121.93333,1.388,23.46666667,231.1333333,345.8,75.53333333,11106.06667,6.733333333,67.2,794.0666667,836.6,32602.06667,5568.533333,5.797660461,1.750661448,0.174882123,-1.750661448,38170.6,2527.193601,4840.866104,0.086701458,26.56492496,117.3662562,234.7236065,46.06341385,4113.68395,23.45350009,64.61888269,455.9099953,111.2242265,6932.811927,607.5473958,0.687049843,0.121739186,0.021763082,0.121739186,7511.810613,80.34,19.66,0.98,75.78,3.79,43.81,3.79,3.779862102,0.326995603,6.3302,1.5066,1.1352,0.4044,0.1165,0.0209,0.0076,36.4
Kerguelen,KER1,CAT1.1A,20,28.6,30,29.3,0.7,525,645,568,573,60,0.05172,0.00665,22599.8,56713.06667,1.3,7.466666667,118.2,102.4666667,41,6654.933333,2.666666667,28.33333333,198.1333333,911.6,39933.73333,6159,6.486858948,1.869421774,0.154267967,-1.869421774,46092.73333,607.5151027,2019.991671,0.068764609,8.4504156,28.52367438,33.68947836,13.26111394,1094.213447,10.32795559,51.43465572,115.0893235,124.1161898,953.2722192,174.0824928,0.179072244,0.027665373,0.004276096,0.027665374,1043.517435,81.83,18.17,0.91,81.98,4.1,47.39,4.1,3.858411236,0.333814857,6.3302,1.5699,1.0461,0.3713,0.1107,0.0192,0.0082,42.7
Kerguelen,KER1,CAT1.1A,21,30.1,31.5,30.8,0.7,539,688,596,602,75,0.056,0.0082,21890.73333,55506.4,1.323333333,9.2,119.4,107,36.13333333,7159,4,47.66666667,281.6666667,892.6666667,38492.6,5964.733333,6.455172352,1.864362002,0.155075456,-1.864362002,44457.33333,879.5524403,2575.298535,0.084402663,10.74509855,26.63992707,45.7727305,19.58084584,1449.767518,10.79682493,65.22999602,188.6511015,95.71808806,1625.877381,212.9478362,0.215658301,0.033354613,0.005163053,0.033354613,1772.908735,81.52,18.48,0.92,64.31,3.22,37.17,3.22,3.615501984,0.313207328,6.4628,1.6706,1.1474,0.3896,0.1202,0.0218,0.0099,45.5
Kerguelen,KER1,CAT1.1A,22,31.5,32.9,32.2,0.7,548,715,626,627,84,0.05357,0.0083,20626.46667,54739.6,1.316,9.666666667,170.7333333,185.0666667,51.26666667,10686.8,4.133333333,46.73333333,405.5333333,802.4,34292.33333,5573.466667,6.139578731,1.81323062,0.163379704,-1.813230619,39865.8,1222.354336,1769.916495,0.084583011,14.8163359,49.9005678,104.7237636,19.85830761,2810.070314,16.00833116,49.37533604,234.6763323,93.61608531,3616.264285,324.309567,0.348020542,0.057430205,0.009506149,0.057430205,3919.517394,70.83,29.17,1.46,27.53,1.38,15.91,1.38,2.766947842,0.239999247,5.5637,1.4744,1.1336,0.5369,0.1691,0.0288,0.0135,47
Kerguelen,KER1,CAT1.1A,23,33,34.4,33.7,0.675,557,763,653,655,103,0.05357,0.0095,16717.46667,50758.26667,1.342,88.93333333,637.4,732.4666667,136.0666667,17414.86667,36.6,108.7333333,1101.8,707.0666667,23130.73333,4665.066667,4.937741832,1.591535453,0.204718977,-1.591535453,27795.8,1235.911397,3223.071793,0.082219219,86.81463559,313.1386731,385.0808573,58.45323731,4863.549378,43.0328778,70.3800567,374.9495585,73.21735417,3777.320242,365.484701,0.527450427,0.10757806,0.022146714,0.10757806,4090.045969,57.79,42.21,2.11,14.51,0.73,8.39,0.73,2.12704052,0.185070272,5.365,1.4754,1.2629,0.747,0.2428,0.04,0.0201,50.2
Kerguelen,KER1,CAT1.1A,24,34.5,35.8,35.2,0.675,569,820,678,683,126,0.05185,0.01052,16116.35714,53038.64286,1.346428571,89.71428571,614.6428571,875.5714286,152.4285714,22002.92857,49,123.5714286,1219.857143,705.2857143,20808.42857,4510.5,4.6144809,1.528196793,0.217143095,-1.528196792,25318.92857,732.2459241,3890.824761,0.084453642,34.48171995,207.1337759,276.5164383,33.41283559,3525.711831,47.0073644,41.00790597,272.044922,72.38936234,1540.835024,276.5779206,0.214924644,0.046420713,0.010045494,0.046420713,1765.23572,63.28,36.72,1.84,25.28,1.26,14.62,1.27,2.682390454,0.23301203,5.4849,1.5659,1.314,0.6918,0.2321,0.0359,0.0193,53.8
Kerguelen,KER1,CAT1.1A,25,35.9,37.2,36.6,0.625,599,838,708,710,120,0.05185,0.00961,16771.35714,52420.35714,1.327142857,94.42857143,645.8571429,819.3571429,132.2857143,18397.85714,31.85714286,102.3571429,1007.928571,712.4285714,23955,4661.785714,5.13507577,1.634650254,0.195298392,-1.634650254,28616.78571,703.6071464,3733.013437,0.065917031,64.41776426,209.7191738,292.0272925,40.23092682,3910.224327,52.20500586,75.25812723,199.567403,91.43447783,2201.814287,287.885976,0.288423724,0.055582395,0.010733828,0.055582395,2439.111855,69.13,30.87,1.54,28.34,1.42,16.38,1.42,2.796061078,0.242393573,4.7493,1.3963,1.3733,0.6656,0.229,0.0345,0.0183,52.9
Kerguelen,KER1,CAT1.1A,26,37.3,38.7,38,0.7,614,859,738,737,123,0.05185,0.00957,17734.86667,51774.86667,1.346,46.2,449.6666667,543.2666667,109.6,16626.73333,22.66666667,71.8,896.1333333,721.8666667,25354.33333,4805.866667,5.274375914,1.660451985,0.190547723,-1.660451985,30160.2,1003.367606,2256.851152,0.065005494,22.77592714,106.9864255,132.246235,32.05530934,2634.83354,27.7480158,79.29618978,151.9411854,112.0662219,2464.787608,306.5927654,0.364736107,0.073228885,0.014773897,0.073228884,2692.771122,54.08,45.92,2.3,19.21,0.96,11.1,0.96,2.406945108,0.208168226,5.4407,1.6567,1.3405,0.8266,0.293,0.0429,0.0231,53.9
Kerguelen,KER1,CAT1.1A,27,38.8,40.1,39.4,0.675,624,899,763,764,138,0.05556,0.01095,15955.78571,48824.78571,1.318571429,71.35714286,459.0714286,587.0714286,110.5714286,17408.78571,13.42857143,106,1016.285714,722.4285714,22037.28571,4461.571429,4.938170305,1.595283254,0.203191631,-1.595283254,26498.85714,938.2009116,4985.792957,0.078921299,33.9289011,148.3190243,209.0055076,30.1118793,4565.243631,25.00065933,64.40377438,191.0684245,68.79927804,1741.735449,187.5595144,0.30298275,0.060416396,0.012095968,0.060416397,1862.667395,62.72,37.28,1.86,20.61,1.03,11.91,1.03,2.477378383,0.214248508,4.6735,1.4581,1.3068,0.7328,0.2653,0.0407,0.0228,55.9
Kerguelen,KER1,CAT1.1A,28,40.2,41.6,40.9,0.675,654,927,791,791,137,0.05769,0.01091,16688.2,50340.73333,1.355333333,44.2,415,478.8,109.8,16520.4,21.6,112,937.3333333,715.1333333,24122.2,4729.866667,5.067380852,1.618668052,0.199006737,-1.618668051,28852.06667,1707.543064,2998.996438,0.097677799,33.67958262,154.2794311,129.0659853,44.07493619,2635.316538,29.20322878,66.50134263,217.1627654,128.4099833,4143.115015,428.4151636,0.472951706,0.094934745,0.019218049,0.094934745,4552.088994,45.35,54.65,2.73,9.22,0.46,5.33,0.47,1.673351238,0.147556301,4.3456,1.3928,1.5287,1.0996,0.4074,0.0634,0.0355,56
Kerguelen,KER1,CAT1.1A,29,41.7,43.1,42.4,0.7,687,943,818,817,128,0.01667,0.00289,13724.26667,47080.73333,1.322666667,83.2,699.7333333,773.2666667,154.2666667,20877.86667,53.06666667,121.8,1195.666667,652.1333333,16848.8,3922.733333,4.287571514,1.452213784,0.234913814,-1.452213784,20771.53333,906.8851295,3467.567745,0.094299422,43.36259086,281.0893266,312.1147835,43.49296604,3249.120164,38.46235017,49.76544986,246.5718286,80.46992931,1938.882307,180.2270261,0.36284736,0.087747202,0.021346391,0.087747203,2080.651027,49,51,2.55,10.67,0.53,6.17,0.54,1.819698838,0.159260514,4.6185,1.5287,1.5549,1.0415,0.3968,0.0174,0.0096,55.4
Kerguelen,KER1,CAT1.1B,34,42.4,43.5,42.9,0.55,726,970,850,847,122,0.05385,0.00845,14708.91667,48231.5,1.305833333,65.41666667,548.5833333,668.4166667,141.6666667,20360.25,44.08333333,94.25,1037.833333,645.5833333,18768.08333,4081.833333,4.595137008,1.524200616,0.217966536,-1.524200616,22849.91667,684.2745938,4408.159717,0.1037881,24.96709956,142.1839131,292.9072017,37.45380994,4302.218204,34.72347472,55.88645144,152.6325554,79.25500653,1247.946638,148.774285,0.193096268,0.041581594,0.008969376,0.041581594,1372.684262,51.63,48.37,2.42,12.22,0.61,7.07,0.62,1.95586048,0.171518175,3.6289,1.3826,1.9927,1.2801,0.5517,0.0689,0.0405,58.8
Kerguelen,KER1,CAT1.1B,35,43.7,44.9,44.3,0.6,744,995,880,873,126,0.05417,0.00852,16489.83333,49494.83333,1.3725,44.33333333,404.9166667,559.8333333,125.4166667,17197.25,26.25,126.75,937.5833333,699.25,22781.83333,4604.583333,4.939498228,1.595816428,0.203034337,-1.595816428,27386.41667,1465.920551,5336.048586,0.085293611,11.4521402,55.55416412,112.2576852,28.09871668,3028.042966,36.86615842,75.40572079,177.3104408,99.48241051,2394.511939,314.8331328,0.278780327,0.056088459,0.011328093,0.056088459,2675.344275,58.47,41.53,2.08,15.94,0.8,9.22,0.8,2.221375038,0.192744038,4.2537,1.6696,1.8255,1.0279,0.4548,0.0557,0.0334,60
Kerguelen,KER1,CAT1.1B,36,45.1,46.2,45.6,0.55,779,1017,901,897,119,0.05417,0.00784,15616.08333,49393.83333,1.421666667,77,524.6666667,610.25,144.5,19037.33333,17.91666667,137.8333333,1089,685.5833333,20472.41667,4455,4.592661361,1.52361779,0.218104392,-1.52361779,24927.41667,819.3541202,3569.588335,0.101965532,54.69419115,226.4313395,259.22371,34.12943278,3587.529064,26.52086086,46.91352457,101.2826827,94.56451221,1778.473219,287.7574736,0.197571041,0.042787233,0.009289858,0.042787233,2031.753808,45.01,54.99,2.75,10.36,0.52,5.99,0.53,1.790091412,0.158388723,3.454,1.3816,2.265,1.5777,0.71,0.0855,0.0508,59.5
Kerguelen,KER1,CAT1.1B,37,46.4,47.5,46.9,0.55,841,1026,918,921,93,0.05652,0.00634,18227.83333,53273.91667,1.359166667,56.25,413.4166667,527.1666667,115.8333333,16979.66667,10.41666667,79,811.3333333,748.8333333,26607.08333,4886.166667,5.421091787,1.685362333,0.186340422,-1.685362332,31493.25,1743.208997,3165.270934,0.079482226,48.77243074,182.7937031,204.2382002,35.65958582,3077.215664,15.72177606,40.07039261,312.3253936,55.02864268,4217.543371,377.5080573,0.548886256,0.105082653,0.020300287,0.105082653,4553.722616,66.05,33.95,1.7,29.18,1.46,16.87,1.46,2.825536897,0.244533721,3.2835,1.3429,2.1247,1.0708,0.4915,0.0605,0.0346,57.1
Kerguelen,KER1,CAT1.1B,38,47.6,48.8,48.2,0.6,900,1035,934,944,68,0.05517,0.00463,16758.84615,52169.92308,1.349230769,46.84615385,445.3846154,559.9230769,133.3076923,19639.46154,29.61538462,64.92307692,1006.615385,725.2307692,22886.30769,4594.692308,4.968739692,1.600777034,0.20221925,-1.600777034,27481,1238.620593,2582.02322,0.130157695,21.15358974,55.83090312,112.382132,37.80957686,1775.17448,36.89746708,75.29880647,169.6061803,65.37730728,2838.29777,293.8251704,0.358842664,0.071842395,0.014467569,0.071842395,3099.034688,59.38,40.62,2.03,23.56,1.18,13.62,1.18,2.611539301,0.226256709,4.1542,1.7531,1.7287,0.9784,0.4618,0.054,0.03,55.6
Kerguelen,KER1,CAT1.1B,39,49,50.5,49.8,0.75,935,1063,962,973,64,0.01111,9.00E-04,15534.9375,49354.0625,1.37,51.375,495.875,633.5,142.125,19150.625,24.9375,137.5625,1096.125,698.875,20626.375,4341.1875,4.731618953,1.546876028,0.214490819,-1.546876029,24967.5625,1465.71309,3842.03702,0.08846845,27.33221542,178.1235058,227.1293317,41.80570137,3271.861445,25.81076972,68.6634,230.7104607,98.75888146,3508.33455,277.1149506,0.593163864,0.125674042,0.026868238,0.125674041,3728.825623,53.52,46.48,2.32,12.27,0.61,7.09,0.62,1.958685341,0.17128137,6.5027,2.8417,1.197,0.7329,0.3569,0.0081,0.0046,56.8
Kerguelen,KER1,CAT1.1B,40,50.7,52.1,51.4,0.7,975,1321,1107,1117,173,0.00994,0.00167,17542.06667,52529.06667,1.407333333,54.26666667,416.1333333,529.4666667,127.4666667,17317.93333,42.13333333,81.33333333,924.0666667,761,24853.13333,4822.2,5.146193433,1.636604821,0.194959698,-1.636604821,29675.33333,885.2501234,1978.121564,0.071660576,28.52684617,118.3172893,147.2713078,35.31666273,2596.03171,40.25963357,63.82640146,206.4061415,103.1011986,2421.379857,265.281037,0.307149881,0.059424399,0.011529893,0.059424399,2649.955085,59.8,40.2,2.01,21.69,1.08,12.54,1.09,2.528923535,0.219818712,6.3302,2.8359,1.2363,0.6783,0.3378,0.0067,0.0045,66.6
Kerguelen,KER1,CAT1.1B,41,52.3,53.6,53,0.65,995,1716,1252,1278,361,0.00993,0.00292,15258.5,51210.85714,1.39,84.07142857,590.7857143,774,163.9285714,22231.78571,27.42857143,129.3571429,1241.357143,677.0714286,18871.42857,4335.5,4.347976497,1.466376085,0.231535365,-1.466376084,23206.92857,914.9155278,4953.272048,0.063609385,47.79678825,163.7433163,288.1207012,29.06084939,3933.363313,28.17995547,91.69817307,184.94931,79.9773663,2082.372896,231.4963864,0.367093094,0.08490327,0.019715073,0.084903269,2246.656335,47.93,52.07,2.6,11.61,0.58,6.71,0.59,1.903598951,0.167380534,5.8781,2.6922,1.4783,0.965,0.4902,0.0096,0.0077,80.2
Kerguelen,KER1,CAT1.1B,42,53.8,55.1,54.5,0.65,1013,2087,1390,1429,537,0.01079,0.00418,14851.57143,51154.21429,1.391428571,73,625.3571429,787.4285714,185.0714286,23357.42857,59.28571429,154.9285714,1381,712.0714286,17628.71429,4251.642857,4.137027705,1.418185032,0.242582439,-1.418185032,21880.35714,810.1352892,2015.983714,0.091050041,38.7754879,126.695642,89.98095036,31.45072895,2246.628267,46.31900851,49.92065132,148.4841354,69.17143061,2106.818653,278.532033,0.258603301,0.06196004,0.014895627,0.06196004,2362.417328,54.91,45.09,2.25,14.88,0.74,8.6,0.75,2.151762203,0.187653681,4.9392,2.2918,1.4428,0.8829,0.4538,0.0095,0.0086,90.2
Kerguelen,KER1,CAT1.1B,43,55.3,56.7,56,0.7,1105,2265,1528,1568,580,0.01128,0.00431,18499.13333,54042.6,1.393333333,44.4,352.2666667,521.6,109.8666667,16326.13333,40.66666667,89.73333333,726.8666667,841.5333333,27710.8,4970.533333,5.56720632,1.713252082,0.180948193,-1.713252082,32681.33333,1357.979479,5272.245642,0.080770103,32.62733298,138.9282789,171.8532597,28.77217571,3211.781123,44.25844014,66.42984126,222.5712941,105.1922503,3281.418469,302.0113211,0.486795526,0.088776151,0.016255764,0.088776151,3498.9274,66.8,33.2,1.66,29.13,1.46,16.84,1.46,2.823757009,0.244815038,6.199,2.96,1.2121,0.5876,0.3099,0.0066,0.006,91
Kerguelen,KER1,CAT1.1B,44,56.9,58.2,57.5,0.65,1192,2375,1686,1701,592,0.01128,0.00405,18111.57143,53079.14286,1.360714286,62.64285714,322.2857143,466.4285714,116.5,16021.78571,18.07142857,78.07142857,752.2857143,789.2142857,27238.42857,4884.714286,5.573800708,1.716267809,0.180073966,-1.716267809,32123.14286,929.8282483,3004.330025,0.056085688,32.9629329,55.31090944,88.13339041,22.04104563,1976.902129,23.51583521,40.91165771,161.2095762,101.2165831,2239.181846,236.6995592,0.341960141,0.063017785,0.011702571,0.063017785,2412.860124,68.05,31.95,1.6,33.47,1.67,19.35,1.68,2.962692419,0.257226009,5.3984,2.6236,1.2339,0.6068,0.3252,0.0068,0.0061,89.5
Kerguelen,KER1,CAT1.1B,45,58.4,59.7,59,0.65,1244,2492,1836,1834,624,0.0122,0.00428,18611.78571,53653.14286,1.350714286,40.35714286,306.6428571,490.6428571,102.2142857,14334.57143,17.21428571,87.07142857,723,858,29202.71429,5168.714286,5.6283776,1.724792425,0.178765399,-1.724792424,34371.42857,1367.560387,4071.383867,0.092108989,15.91616084,79.7202871,141.3596652,28.4771935,2114.25596,25.57997586,75.06352621,206.695242,134.9649527,3988.510256,361.3473566,0.44835555,0.08133862,0.01482753,0.081338619,4323.486996,76.29,23.71,1.19,55.32,2.77,31.98,2.77,3.465110707,0.300136231,5.2817,2.6171,1.1144,0.4815,0.2626,0.0059,0.0053,89.7
Kerguelen,KER1,CAT1.1B,46,59.9,61.2,60.5,0.65,1310,2620,1964,1957,655,0.01485,0.00513,20697.5,57365.5,1.327142857,27.28571429,227.5714286,318.2857143,79,12460.35714,10.5,39,286.2857143,939.5714286,34586.57143,5638.642857,6.133669291,1.813523812,0.163122271,-1.813523812,40225.21429,338.9190396,1523.571399,0.077502215,14.15533915,31.84509209,43.27271048,24.53568829,1835.183605,22.12464689,47.30262637,136.0584877,93.52804128,1183.50605,130.2628155,0.14795086,0.024068836,0.003918103,0.024068836,1279.490594,78.62,21.38,1.07,60.63,3.03,35.04,3.03,3.556490266,0.30753897,5.3984,2.7316,1.0967,0.447,0.2485,0.0066,0.006,90.1
Kerguelen,KER1,CAT1.1B,47,61.4,62.7,62,0.65,1417,2691,2067,2058,637,0.01485,0.00475,20165.21429,56909.42857,1.34,41.85714286,248.6428571,393.9285714,106.3571429,13859.35714,11.5,78.14285714,424.9285714,999.4285714,32577.42857,5470.285714,5.957780231,1.784131021,0.168038027,-1.784131021,38047.71429,455.2693503,2364.032335,0.062757163,21.46502394,61.63990608,140.3098024,23.12709747,1823.0622,21.62530569,56.25198409,192.6872573,141.8166282,1051.025193,146.9324432,0.20835816,0.034932181,0.005862701,0.034932181,1104.742255,76.54,23.46,1.17,53.91,2.7,31.16,2.7,3.439135221,0.297999522,4.7173,2.42,1.2086,0.5269,0.2966,0.0078,0.0069,88.3
Kerguelen,KER1,CAT1.1B,48,62.8,64.2,63.5,0.7,1493,2757,2173,2159,632,0.01468,0.00446,20910.4,56831.33333,1.304666667,54.73333333,198.2666667,323.3333333,105.1333333,10457.8,20.13333333,118,357.1333333,1084,35750.86667,5780.8,6.178626337,1.819854967,0.162250639,-1.819854967,41531.66667,1238.234504,2426.742163,0.080699324,14.54287585,38.5106046,89.26178727,22.99026709,1505.950018,25.67340666,61.05384041,200.3432293,87.09272563,3072.192443,293.9247231,0.318623127,0.051580424,0.008376841,0.051580424,3320.100357,81.15,18.85,0.94,65.64,3.28,37.94,3.28,3.636005965,0.314341053,5.8137,3.058,0.9881,0.3837,0.221,0.0056,0.005,88
Kerguelen,KER1,CAT1.1B,49,64.4,65.8,65.1,0.7,1560,2881,2280,2268,661,0.01356,0.00409,18806.46667,52188.2,1.295333333,83,217.8666667,268.3333333,131.0666667,10805.73333,31.6,239.9333333,145.8666667,1402.333333,31054.26667,5426,5.709943798,1.739283924,0.176164448,-1.739283925,36480.26667,1473.932682,2565.845202,0.068854574,31.29810583,47.07875873,56.76853589,50.8393361,1570.158839,33.92175871,123.9847149,98.35567139,197.1245678,3604.98499,249.476595,0.45057558,0.079332151,0.014053807,0.079332151,3824.823777,72.25,27.75,1.39,43.94,2.2,25.4,2.2,3.234749174,0.280175125,5.0801,2.7077,1.1266,0.5385,0.3139,0.0073,0.0065,88.5
Kerguelen,KER1,CAT1.1B,50,66,67.4,66.7,0.7,1675,2915,2403,2386,620,0.01356,0.00367,21056.4,60939.86667,1.329333333,224.1333333,222.8,273,229.5333333,14483.13333,95.93333333,285.2666667,72.86666667,1536.466667,35086.66667,5809.4,6.004773152,1.786258271,0.168689879,-1.786258272,40896.06667,2116.88615,3461.045772,0.108065236,72.50504088,30.23290544,47.37992342,86.81249636,3794.376212,73.39079999,209.729917,52.3079708,374.7271134,5797.461731,378.1868019,0.681886687,0.117469292,0.020392997,0.117469292,6149.765088,80.02,19.98,1,73.45,3.67,42.46,3.67,3.748562456,0.324004339,5.5637,3.0322,0.9606,0.3982,0.237,0.0054,0.0047,86.5
Kerguelen,KER1,CAT1.1B,51,67.6,68.9,68.3,0.65,1810,2966,2543,2504,578,0.01359,0.00327,23322.57143,61836.21429,1.356428571,105.5,181,199.2857143,110.7142857,9963,9.928571429,29.42857143,138.4285714,1065.071429,40818.78571,6144.214286,6.64542373,1.893791433,0.150520749,-1.893791434,46963,282.3929925,871.8735952,0.085088835,33.14942858,25.27692776,29.16907892,30.39845282,658.3052834,20.82699537,45.11474991,76.865231,106.7682352,454.0540765,133.0275729,0.114134664,0.017181726,0.002587245,0.017181726,545.8561377,82.02,17.98,0.9,88.5,4.42,51.15,4.43,3.934762492,0.340781971,5.1663,2.8673,0.9913,0.4004,0.2422,0.0054,0.0046,84.5
Kerguelen,KER1,CAT1.1B,52,69.1,70.3,69.7,0.6,1899,3045,2664,2607,573,0.0125,0.00286,22985.53846,60713.92308,1.28,85.61538462,186.6153846,234.5384615,81.07692308,8907.461538,8.692307692,51.38461538,178.5384615,987.0769231,40568.46154,6172.692308,6.57702788,1.883192218,0.152163255,-1.883192219,46741.15385,448.5362519,1611.669086,0.064420494,40.25033843,44.96023884,43.55956723,17.19719715,958.0821655,16.90357268,55.75921219,92.87950562,83.2390749,622.9667748,190.9748607,0.191304825,0.029101231,0.004429283,0.029101231,715.9314267,80.35,19.65,0.98,84.62,4.23,48.91,4.23,3.889981875,0.336426566,3.768,2.1101,1.2843,0.5569,0.3397,0.007,0.0058,83.8
Kerguelen,KER1,CAT1.1B,53,70.5,71.8,71.2,0.65,2175,3090,2766,2727,458,0.01217,0.00215,22933.5,61795.14286,1.331428571,43.42857143,203.1428571,244.5714286,75.5,8691.642857,2.214285714,85.71428571,322.8571429,1012.214286,40872.28571,6218.214286,6.572291581,1.882419955,0.152289689,-1.882419955,47090.5,766.540154,2566.003653,0.072308861,17.01905848,50.64637149,51.40295455,12.6536708,872.7183533,6.75025437,77.91655159,201.9965183,98.008774,1701.483173,152.5688639,0.201426675,0.030991539,0.00477241,0.030991538,1810.603756,81.08,18.92,0.95,91.11,4.56,52.67,4.56,3.964046033,0.343194416,4.7173,2.703,1.0933,0.4502,0.2805,0.0055,0.0044,80
Kerguelen,KER1,CAT1.1B,54,72,73.3,72.6,0.65,2471,3118,2858,2842,324,0.0122,0.0015,23289.92857,61192.71429,1.292142857,31.5,174.5,148.2857143,70.35714286,7894.928571,2.857142857,26.21428571,160.5,919,41986.14286,6306.357143,6.661598495,1.896066372,0.150202225,-1.896066372,48292.5,583.0460418,1235.953536,0.071271806,14.58001794,38.22755752,48.1622715,17.53066387,790.8250282,8.254203059,42.32507635,79.57555674,87.83726211,914.4667935,208.5280306,0.167224393,0.025137707,0.003781125,0.025137706,1060.788731,82.9,17.1,0.85,94.44,4.72,54.59,4.72,3.999850716,0.345837981,4.9392,2.8845,1.1233,0.4244,0.2691,0.0052,0.0039,75.7
Kerguelen,KER1,CAT1.1B,55,73.5,74.8,74.1,0.65,2705,3157,2975,2965,226,0.015,0.00127,23711.85714,60768.28571,1.359285714,22.5,187.8571429,119.3571429,71.85714286,7342.071429,0.166666667,39.85714286,152.7857143,927,42569.85714,6304.5,6.754047388,1.91001722,0.148096137,-1.910017221,48874.35714,244.1978571,1234.358533,0.085616703,9.913083817,65.30856599,43.42031985,39.36976025,1122.021216,0.645497224,55.02007626,59.42827425,124.9455266,299.1428414,115.7249724,0.111204766,0.016352399,0.002405143,0.016352399,368.4607498,84.41,15.59,0.78,95.45,4.77,55.18,4.77,4.010600569,0.346693815,4.2887,2.5346,1.18,0.4516,0.2895,0.0068,0.0049,72.6
Kerguelen,KER1,CAT1.1B,56,75,76.3,75.6,0.65,2833,3218,3075,3065,193,0.02388,0.00171,23159.78571,59331.21429,1.335,16.57142857,162.5,99.07142857,57,6411.857143,0.428571429,36.5,126.5714286,941.2142857,42372.42857,6400.071429,6.622546079,1.890290035,0.151056411,-1.890290036,48772.5,468.3667496,1273.114363,0.097092343,10.50797708,32.46477381,24.84866282,18.62174081,711.2710029,1.603567451,50.59910306,99.03900885,111.5796911,584.5405447,129.1805322,0.134558685,0.02017531,0.003026692,0.020175309,641.0141904,86.15,13.85,0.69,96.05,4.8,55.52,4.8,4.016743316,0.347268875,4.2887,2.5775,1.1858,0.4318,0.2811,0.0103,0.0074,72.2
Kerguelen,KER1,CAT1.1B,57,76.5,77.9,77.2,0.7,2999,3259,3139,3132,130,0.02353,0.00119,23107.93333,57691.73333,1.326666667,14.06666667,157.6666667,87.2,46.73333333,5039.933333,0.166666667,26.6,63.06666667,906.7333333,42678,6341.6,6.733237325,1.906801592,0.148592771,-1.906801592,49019.6,364.1007448,851.2714412,0.063994047,10.56589302,30.93002856,29.51803323,17.62087507,412.7132292,0.645497224,35.84450546,67.65507759,80.41807425,515.9241362,166.7310923,0.156836123,0.023381862,0.003488414,0.023381862,608.1543272,86.87,13.13,0.66,94.94,4.75,54.88,4.75,4.005148983,0.34665557,5.0801,3.1141,1.0827,0.368,0.244,0.0087,0.0062,71.4
Kerguelen,KER1,CAT1.1B,58,78.1,79.5,78.8,0.7,3083,3326,3204,3200,122,0.02542,0.00119,23506.66667,58564.8,1.336,18.26666667,190.7333333,97.93333333,48.06666667,5627.533333,2,19.4,44.86666667,944.6666667,42813.73333,6404.8,6.687205617,1.899925247,0.149619756,-1.899925247,49218.53333,402.4339638,1255.842017,0.080249611,13.58816011,35.15977138,28.05980009,20.62407285,674.6666761,5.744562647,33.48944397,43.7817096,84.8382214,573.6679561,131.3230477,0.16224515,0.02400718,0.003554784,0.024007181,595.1455844,86.77,13.23,0.66,92.99,4.65,53.75,4.65,3.984343667,0.344692057,4.7319,2.9409,1.0862,0.3862,0.2593,0.0098,0.0071,71.8
Kerguelen,KER1,CAT1.1B,59,79.6,81,80.3,0.7,3110,3445,3253,3259,168,0.03404,0.00205,23223.13333,58388.26667,1.338,20.73333333,190.2,111.1333333,41.2,5872.133333,0.166666667,13.8,42.13333333,933.2666667,42551.13333,6336,6.71884645,1.904669772,0.148908419,-1.904669772,48887.13333,244.0336238,964.7743235,0.069611165,7.648217969,25.59910713,31.28182189,23.66492281,697.9916973,0.645497224,21.89650983,43.10264604,95.83130019,374.23195,145.9045676,0.15471565,0.022975947,0.003413646,0.022975948,427.8629398,86.9,13.1,0.66,91.2,4.56,52.72,4.56,3.96499489,0.342951,5.3192,3.3723,0.9322,0.3379,0.2311,0.0115,0.0086,74.4
Kerguelen,KER1,CAT1.1B,60,81.2,82.6,81.9,0.7,3141,3490,3301,3306,175,0.03478,0.00213,23524.53333,57986.86667,1.362,22.8,160.2666667,95,42.33333333,5340,2.6,42.13333333,32.93333333,930.8,42988.6,6282.066667,6.84583182,1.923481768,0.146120552,-1.923481768,49270.66667,279.7738543,855.1749918,0.071133677,19.02704842,31.57636247,30.97233789,12.344268,386.2713702,7.744122195,51.41270919,48.29295522,121.3125833,609.3359149,169.8282606,0.125948336,0.018420005,0.002694963,0.018420005,747.8442988,88.94,11.06,0.55,93.02,4.65,53.77,4.65,3.984715691,0.344596019,4.8466,3.1115,1.0039,0.3479,0.2407,0.0121,0.0091,75.3
Kerguelen,KER1,CAT1.1B,61,82.8,84.2,83.5,0.7,3164,3577,3346,3352,207,0.03404,0.00238,23592.2,57841.26667,1.327333333,11.53333333,147,69.46666667,42.93333333,4600,0.166666667,43.66666667,53.8,917.1333333,43359.06667,6348.466667,6.832569672,1.921502423,0.14641596,-1.921502423,49707.53333,460.9313863,1158.559048,0.057503623,8.131654784,19.83143248,38.7609278,19.54652569,320.4287307,0.645497224,55.52562686,63.43748329,96.96086594,811.7667211,177.1604868,0.140779537,0.020628471,0.003024574,0.020628472,939.4437463,87.5,12.5,0.62,92.59,4.63,53.52,4.63,3.980055416,0.344313464,4.9627,3.2381,1.0442,0.3617,0.2541,0.0123,0.0095,77.2
Kerguelen,KER1,CAT1.1B,62,84.4,85.8,85.1,0.7,3182,3691,3387,3399,255,0.03478,0.00289,23287.2,57947.06667,1.401333333,16.46666667,151.5333333,82.73333333,48.73333333,4788.866667,0.166666667,34.4,101.2,874.4,43163.33333,6364.4,6.784023247,1.914462255,0.147437027,-1.914462255,49527.73333,712.1980262,1670.045314,0.111282566,9.627836626,29.08083971,24.0311306,21.0966032,421.9446251,0.645497224,44.47599674,76.35743017,108.6940661,1269.302489,227.5405144,0.103214002,0.015219702,0.002244845,0.015219702,1479.054643,87.93,12.07,0.6,92.57,4.63,53.51,4.63,3.979868552,0.344361641,5.3192,3.5319,0.926,0.3275,0.2338,0.0114,0.0091,79.7
Kerguelen,KER1,CAT1.1B,63,86,87.4,86.7,0.7,3234,3725,3434,3445,246,0.02394,0.0019,23445.66667,58353.6,1.424666667,14.66666667,158.2,68.73333333,42.93333333,5047.8,0.166666667,53.66666667,131.6,923.6,43312.73333,6316.533333,6.859151329,1.925447767,0.145830306,-1.925447766,49629.26667,428.7899364,1190.427882,0.093110278,5.740416444,21.63066606,25.23451906,18.92264957,504.7050341,0.645497224,54.76790857,80.01589128,127.5157133,572.3575889,146.9819555,0.116988519,0.017074712,0.002492524,0.017074712,682.2605772,87.96,12.04,0.6,92.03,4.6,53.2,4.6,3.974058396,0.343621591,5.8137,3.9301,0.9216,0.3084,0.2239,0.0074,0.0059,80.5
Kerguelen,KER1,CAT1.1C,70,87.7,89.1,88.4,0.7,3262,3841,3504,3516,290,0.03478,0.00314,21791.85714,53493,1.337857143,11,101.5,34.07142857,26.92857143,3048.285714,0.166666667,31.42857143,64.92857143,892.5714286,41341.92857,5940.071429,6.961964456,1.940244072,0.143700536,-1.940244071,47282,919.1126873,2076.31545,0.072023348,8.823046744,37.43044832,30.90298538,15.31949128,780.2972243,0.645497224,46.03963892,54.60130216,98.74498179,1212.230904,192.325631,0.14980525,0.02171654,0.003149843,0.02171654,1362.703139,87.71,12.29,0.61,93.02,4.65,53.77,4.65,3.984715691,0.344596019,5.5637,4.1449,0.9725,0.3258,0.259,0.0113,0.01,88.5
Kerguelen,KER1,CAT1.1C,71,89.3,90.7,90,0.675,3282,3910,3548,3562,314,0.0375,0.00359,22430.86667,55054.93333,1.386,5.133333333,106.2666667,51.66666667,43.6,3673.066667,0.166666667,28.06666667,116.4,833.2666667,41669.2,6100.466667,6.836487354,1.921963687,0.146365016,-1.921963686,47769.66667,586.2166672,1771.969665,0.132006493,7.288608202,21.77963225,31.37484585,15.74710858,428.7830731,0.645497224,51.3482044,89.5582811,106.6298448,1047.469072,263.7609488,0.175874379,0.025823077,0.003795467,0.025823078,1276.10309,87.61,12.39,0.62,93.71,4.69,54.17,4.69,3.99212725,0.345635533,4.6735,3.5145,1.0768,0.3789,0.3039,0.0142,0.0128,89.8
Kerguelen,KER1,CAT1.1C,72,90.8,92.2,91.5,0.7,3325,3934,3591,3602,305,0.03636,0.00335,22735,56529.86667,1.296,10.26666667,141.2666667,69.26666667,41.13333333,4633.133333,0.333333333,5.266666667,118.0666667,888.6,41914.8,6257.4,6.700731337,1.902099185,0.149272491,-1.902099185,48172.2,824.8794717,1780.509111,0.113061298,8.891943919,43.77616225,26.13281098,20.51433877,462.5543778,1.290994449,15.53092154,94.6470637,134.7642386,1303.553999,237.3676473,0.106389317,0.015862135,0.002365502,0.015862135,1524.077529,86.83,13.17,0.66,92.9,4.65,53.7,4.65,3.983413002,0.344932411,5.5637,4.2562,1.0798,0.3485,0.284,0.0127,0.0115,90.7
Kerguelen,KER1,CAT1.1C,73,92.4,93.7,93.1,0.65,3350,3971,3639,3646,311,0.03659,0.00337,21919.64286,55028.5,1.295714286,16.21428571,142.8571429,70.07142857,42.07142857,4582.571429,1.214285714,28.78571429,88.64285714,881.2857143,40754.64286,6081.428571,6.704084796,1.902493093,0.149229965,-1.902493092,46836.07143,454.3567909,1142.979625,0.078809828,9.374093363,29.8118643,17.88193883,24.53400869,391.9811052,3.142232705,38.16599084,99.53090525,65.2456053,598.7366966,145.133209,0.146457299,0.022019713,0.003312639,0.022019713,672.684686,86.53,13.47,0.67,93.59,4.68,54.1,4.68,3.990834186,0.345232976,5.3984,4.1892,1.1048,0.3614,0.2985,0.0132,0.0121,91.8
Kerguelen,KER1,CAT1.1C,74,93.9,95.2,94.6,0.65,3376,4017,3683,3687,321,0.03659,0.00343,22465.64286,55580.07143,1.342142857,11.28571429,162,75.71428571,33.28571429,4436.857143,0.166666667,33.64285714,68.07142857,889.5714286,41437,6173.357143,6.71957372,1.904511204,0.148970646,-1.904511204,47610.35714,239.6890958,696.6913525,0.116564843,8.231539453,51.81475881,50.06369569,19.45973583,367.7818871,0.645497224,36.68704895,74.58857851,99.81807628,469.1763651,227.6176305,0.225308433,0.033122733,0.004874222,0.033122733,615.487625,87.47,12.53,0.63,93.57,4.68,54.09,4.68,3.990649326,0.345280807,5.0521,3.9634,1.0864,0.3633,0.3032,0.0133,0.0123,92.8
Kerguelen,KER1,CAT1.1C,75,95.4,96.7,96.1,0.65,3431,4044,3723,3728,307,0.03488,0.0031,23197,55880.85714,1.352857143,3.642857143,112.7857143,42.57142857,39.78571429,3756.142857,0.166666667,28.07142857,77.21428571,925.9285714,42424.42857,6236.357143,6.803500225,1.917274809,0.147031064,-1.91727481,48660.78571,313.5283081,986.2979622,0.065330941,5.799298935,29.11034331,23.81245403,18.58112596,353.5701121,0.645497224,44.93664649,72.71459336,84.50349495,796.9728028,95.9860624,0.126851692,0.018732281,0.002766886,0.018732281,841.2199181,88.19,11.81,0.59,94.85,4.74,54.82,4.74,4.004055091,0.346209798,5.1663,4.1072,1.0891,0.3507,0.2964,0.0122,0.0114,93.4
Kerguelen,KER1,CAT1.1C,76,96.9,98.3,97.6,0.7,3483,4065,3767,3771,291,0.03556,0.003,23459.26667,56848.13333,1.333333333,10.73333333,127.3333333,36.8,39.13333333,3858.933333,0.166666667,7.266666667,65.2,975.3333333,42981.93333,6369.733333,6.750861512,1.909404946,0.148207452,-1.909404945,49351.66667,500.8718779,878.9322147,0.074705772,21.15070639,33.53179018,19.67667219,15.61531605,462.8820378,0.645497224,15.66828766,54.15084751,113.6571704,834.8963551,176.6172078,0.161694959,0.023781587,0.003499271,0.023781587,944.1136181,87.89,12.11,0.61,93.79,4.69,54.22,4.69,3.993049844,0.345396602,5.688,4.5817,1.0006,0.3229,0.2763,0.0115,0.0108,94
Kerguelen,KER1,CAT1.1C,77,98.5,99.9,99.2,0.7,3521,4102,3816,3816,291,0.03659,0.00304,22572.86667,55402.13333,1.39,5.2,114.2,50.2,33.46666667,3921.6,0.166666667,28.13333333,66.2,967.0666667,41604.13333,6192.866667,6.721858682,1.905157064,0.148830045,-1.905157064,47797,715.3398659,1833.232113,0.093655905,5.942582411,32.38209382,13.89347226,20.87673574,1065.116077,0.645497224,37.53449207,56.10220266,126.5263759,937.7875838,219.7618408,0.142083051,0.021072618,0.003126851,0.021072619,1126.486003,87.05,12.95,0.65,93.57,4.68,54.09,4.68,3.990649326,0.345280807,5.8137,4.744,1.0081,0.328,0.284,0.012,0.0114,94.9
Kerguelen,KER1,CAT1.1C,78,100.1,101.4,100.7,0.65,3568,4136,3855,3857,284,0.0375,0.003,22434.07143,55758.35714,1.368571429,11.14285714,158.2857143,90.35714286,45,4517.785714,3.071428571,23.64285714,82.71428571,966,41269.64286,6155.071429,6.707461148,1.903010999,0.149150141,-1.903010999,47424.71429,600.4998513,1511.291786,0.079697229,11.18279684,59.78349215,70.19928461,17.04293221,875.9330128,11.4922334,44.10582927,70.58920006,103.5975943,804.8591475,165.2464194,0.142602982,0.021234627,0.003163426,0.021234627,916.992612,87.06,12.94,0.65,94.22,4.71,54.46,4.71,3.997466487,0.345722864,5.3984,4.4591,1.0152,0.344,0.3013,0.0129,0.0123,95.6
Kerguelen,KER1,CAT1.1C,79,101.6,102.9,102.2,0.65,3613,4156,3897,3897,272,0.0381,0.0029,22921.78571,57013.28571,1.335,8.785714286,154.7142857,85.35714286,40.14285714,4866.071429,0.166666667,25.85714286,142.0714286,919.9285714,42165.5,6328.071429,6.664597462,1.896671649,0.150087773,-1.896671649,48493.57143,538.2861948,1140.906416,0.093129356,11.82031219,29.87777299,32.63459029,19.88759622,835.6007019,0.645497224,38.29010144,113.2766961,111.1917708,887.6196994,152.8264296,0.115386238,0.017195287,0.002562966,0.017195286,1003.489122,87.09,12.91,0.65,94.87,4.74,54.84,4.74,4.004419855,0.346115064,5.6357,4.7171,1.0643,0.3411,0.3025,0.013,0.0125,96.3
Kerguelen,KER1,CAT1.1C,80,103.1,104.5,103.8,0.7,3646,4196,3946,3939,275,0.03636,0.00278,22842.73333,56752.8,1.344666667,18,156.6,90.26666667,36.26666667,4491.666667,13.13333333,27.4,68.26666667,957.0666667,42424.2,6334.133333,6.699794289,1.901920811,0.149304916,-1.90192081,48758.33333,310.1963587,1564.160761,0.058781273,32.72395366,33.89858826,81.36905929,16.24133469,1303.046796,26.43824791,55.14629893,68.58724024,84.78836398,564.2894647,143.6343904,0.122449037,0.018288626,0.002732735,0.018288626,658.4369659,87.74,12.26,0.61,94.44,4.72,54.59,4.72,3.999850716,0.345837981,6.0692,5.1406,0.9614,0.3069,0.2753,0.0112,0.0109,97.4
Kerguelen,KER1,CAT1.1C,81,104.7,106.1,105.4,0.7,3685,4232,3991,3983,274,0.03409,0.00257,22544.6,55958.2,1.323333333,9.2,169.1333333,67.53333333,44.73333333,4494,0.166666667,22.26666667,86.86666667,974.6,41765.6,6203.866667,6.734854521,1.907075342,0.148547007,-1.907075342,47969.46667,440.4395207,1060.410783,0.0847405,11.77285012,44.24584995,33.68947836,14.11922027,611.8396148,0.645497224,29.37070131,78.61830636,101.7790324,780.5711096,167.2286145,0.146299775,0.021771589,0.00324109,0.021771589,890.2681672,88.16,11.84,0.59,92.49,4.62,53.46,4.63,3.978933711,0.344602751,5.688,4.8661,1.1322,0.3359,0.3041,0.0114,0.0112,98.1
Kerguelen,KER1,CAT1.1C,82,106.3,107.5,106.9,0.6,3744,4252,4035,4027,254,0.03409,0.00234,22826.92308,55308.23077,1.327692308,10.15384615,138.3076923,67.15384615,30.23076923,3717.307692,0.166666667,23.84615385,96.61538462,951.6153846,42056.92308,6208.461538,6.776955764,1.913326931,0.147618172,-1.913326931,48265.38462,185.934335,938.9166766,0.049691355,12.06127518,41.95510421,55.73126913,18.46687957,698.6956162,0.645497224,39.02957459,76.34192651,71.51635997,441.5405722,149.5312762,0.141596556,0.020862055,0.00307523,0.020862054,532.6043776,87.54,12.46,0.62,94.64,4.73,54.71,4.73,4.002046508,0.346000365,4.8754,4.2197,1.138,0.3772,0.3453,0.0129,0.0127,98.4
Kerguelen,KER1,CAT1.1C,83,107.7,109.1,108.4,0.7,3792,4273,4083,4071,241,0.03404,0.00223,23027.06667,56337.06667,1.297333333,13.86666667,136.4,38.33333333,26.26666667,3705.733333,2.4,23.13333333,80,988.8,42762.6,6314.8,6.773371845,1.912886025,0.147670394,-1.912886025,49077.4,300.1177071,554.1176341,0.091297525,9.257172252,22.34725934,22.11549769,15.93498696,207.7977955,9.295160031,53.27538519,88.43237933,96.18003951,409.3206567,118.0315938,0.10517826,0.015576908,0.002307432,0.015576908,483.846168,87.68,12.32,0.62,93.2,4.66,53.87,4.66,3.986573737,0.344856759,5.688,4.9799,1.1579,0.3444,0.3187,0.0117,0.0116,99.1
Kerguelen,KER1,CAT1.1C,84,109.3,110.7,110,0.7,3828,4316,4135,4118,244,0.0359,0.00236,22003.93333,55268,1.339333333,11.53333333,146.1333333,64.46666667,33.4,3944.533333,0.8,13.33333333,128.1333333,987.2,41420.26667,6243,6.637443214,1.892499386,0.150729025,-1.892499386,47663.26667,571.7729903,1657.85076,0.101521755,9.410227465,29.24005733,31.74421582,16.05704118,666.8279781,3.098386677,22.87127539,101.952977,108.7784117,953.9775729,190.284749,0.146419141,0.022085699,0.00333269,0.022085699,1093.909468,87.18,12.82,0.64,95.27,4.76,55.07,4.76,4.008605103,0.346485569,5.5637,4.9239,1.1272,0.3508,0.328,0.0126,0.0126,100.1
Kerguelen,KER1,CAT1.1C,85,110.8,112,111.4,0.6,3932,4327,4167,4157,198,0.03571,0.00189,22546.61538,55475.07692,1.373076923,6.692307692,132.3846154,40.23076923,27.46153846,3845.076923,0.166666667,26.15384615,76,980.3076923,41856.53846,6171.615385,6.78644875,1.914624778,0.147441966,-1.914624778,48028.15385,394.297379,883.1299887,0.08844816,8.004005408,22.9039242,20.5351481,18.6887461,408.0188847,0.645497224,49.78260431,83.68890807,86.40735368,604.6758933,188.6431987,0.173557613,0.025647547,0.003791786,0.025647547,726.0380897,86.92,13.08,0.65,93.75,4.69,54.19,4.69,3.99249639,0.345539916,4.7689,4.2681,1.1258,0.3879,0.3666,0.0139,0.0138,99.8
Kerguelen,KER1,CAT1.1C,86,112.2,113.6,112.9,0.7,4013,4339,4207,4199,163,0.03556,0.0016,23327.13333,56259.46667,1.338,6.8,130.8,37.13333333,25.26666667,3302.533333,0.166666667,38.93333333,54.86666667,993.4666667,43221.4,6328.066667,6.83343592,1.921647631,0.146391761,-1.921647633,49549.46667,435.0574456,1038.331482,0.089058568,7.282071919,23.35502393,25.82597437,16.84579925,287.4364195,0.645497224,62.32457285,71.29602941,99.28448783,818.434551,201.1241502,0.134695438,0.019602873,0.002854314,0.019602873,990.4382051,86.07,13.93,0.7,94.53,4.73,54.64,4.73,4.000766215,0.3463328,5.5637,5.0351,1.1158,0.3617,0.3454,0.0129,0.0129,100
Kerguelen,KER1,CAT1.1C,87,113.8,115.2,114.5,0.675,4074,4368,4254,4244,147,0.0375,0.00152,23293.8,56921.73333,1.376,3.866666667,135.2,55.4,25.33333333,3574.6,0.4,1.533333333,93.73333333,995.3333333,43158.66667,6507.733333,6.635764194,1.892222825,0.150774086,-1.892222825,49666.4,455.8358414,794.8840407,0.09627342,5.92653436,27.32398214,17.58164627,14.19087567,447.7052283,1.549193338,5.938574464,72.06590899,82.64352595,844.6214424,213.9540894,0.154182908,0.023172244,0.003485078,0.023172244,1010.609844,88.07,11.93,0.6,100,5,57.8,5,4.056988776,0.350950586,5.8525,5.3667,1.0442,0.3206,0.31,0.012,0.0121,100.8
Kerguelen,KER1,CAT1.1C,88,115.4,116.7,116,0.65,4151,4388,4290,4284,119,0.03659,0.00122,23105.92857,55854.71429,1.362142857,4.428571429,113.0714286,34.78571429,25.5,3118.785714,3.857142857,9,99.14285714,940.0714286,42689.64286,6320.857143,6.755108017,1.910100232,0.148094776,-1.910100233,49010.5,508.992136,785.0845548,0.071163795,5.473211485,34.59538494,21.18845321,13.48360828,355.7291923,14.43210706,21.29283014,82.84262851,117.5902039,941.0408809,138.6283671,0.140252484,0.020653938,0.003043983,0.020653939,1024.660826,89.08,10.92,0.55,100,5,57.8,5,4.056988776,0.350950586,4.5004,4.1494,1.2623,0.3929,0.3819,0.0144,0.0144,100.5
Kerguelen,KER1,CAT1.1C,89,116.9,118.2,117.5,0.65,4229,4401,4328,4325,86,0.0375,0.00095,23094.92857,55625.64286,1.400714286,9.357142857,123.6428571,27.35714286,23.92857143,2928.928571,0.166666667,32.5,37.78571429,1006.714286,42910,6257.5,6.859572975,1.925469453,0.145832879,-1.925469454,49167.5,865.4325254,1900.863674,0.099495983,8.508883528,24.38980601,16.37825549,15.79417753,227.307472,0.645497224,53.33169068,45.42479596,108.3338349,1518.980123,248.1670498,0.133559032,0.019448367,0.00283314,0.019448368,1739.479266,88.81,11.19,0.56,95.45,4.77,55.18,4.77,4.010600569,0.346693815,4.5004,4.1944,1.1163,0.3799,0.373,0.0142,0.0144,100.7
Kerguelen,KER1,CAT1.1C,90,118.4,119.7,119,0.65,4267,4453,4368,4365,93,0.03947,0.00106,23077.64286,55533.07143,1.334285714,10.78571429,124.7142857,44.14285714,30.35714286,2839.928571,0.166666667,14.42857143,58.71428571,937.5,42952.21429,6382.428571,6.733267042,1.906760252,0.148605467,-1.90676025,49334.64286,638.0779561,1404.860873,0.137936122,9.736359859,35.15554135,36.57627887,14.72625673,531.8078693,0.645497224,34.30118698,65.07797521,66.94400645,873.8181626,191.4590594,0.17133755,0.025421965,0.003775371,0.025421965,990.477865,87.63,12.37,0.62,94.55,4.73,54.65,4.73,4.000949215,0.346285266,4.8276,4.5548,1.1741,0.3829,0.3805,0.0151,0.0154,102
Kerguelen,KER1,CAT1.1C,91,119.8,121.2,120.5,0.7,4288,4534,4402,4403,123,0.04571,0.00154,23041.93333,55048.4,1.305333333,4.8,120.2,26,38.8,2728.6,0.666666667,17.8,66.4,910.1333333,42551.73333,6328.133333,6.726053935,1.905855276,0.148715136,-1.905855276,48879.86667,446.4564395,1101.414143,0.06555986,6.416496596,17.33781993,15.39480432,18.6670068,272.791862,2.581988897,40.39306871,77.45579384,119.0317285,715.5583701,153.0904806,0.114007329,0.016881792,0.002500221,0.016881792,832.2452306,88.74,11.26,0.56,93.81,4.69,54.22,4.69,3.993049844,0.345396602,5.5637,5.3133,1.0419,0.3236,0.3252,0.0148,0.0154,103.9
Kerguelen,KER1,CAT1.1C,92,121.4,122.7,122.1,0.65,4317,4572,4437,4438,128,0.04667,0.00159,23351.21429,59006.5,1.318571429,15.42857143,185.5714286,119.3571429,44.64285714,6408.214286,8.285714286,24.57142857,148.9285714,980.6428571,42344.35714,6347.857143,6.675794163,1.898023451,0.149935077,-1.898023451,48692.21429,626.8371373,3758.661745,0.085472186,17.73616161,48.31262661,88.2153023,19.21380571,3330.937756,17.08093211,37.82289556,91.04982937,95.27660714,966.2541955,218.2464581,0.20993143,0.031736615,0.004803987,0.031736615,1079.715217,87.86,12.14,0.61,93.02,4.65,53.77,4.65,3.984715691,0.344596019,4.9392,4.7614,1.1932,0.3772,0.3824,0.0176,0.0184,104.8
Kerguelen,KER1,CAT1.1C,93,122.9,124.1,123.5,0.6,4330,4622,4465,4468,146,0.04667,0.00175,23905.46154,57464.46154,1.32,6.846153846,167,33.84615385,28.30769231,3430.076923,0.166666667,19.38461538,43.30769231,967.2307692,44027.92308,6353.230769,6.932045691,1.936016016,0.14429771,-1.936016016,50381.15385,412.1847513,1006.563346,0.093897107,8.552252665,31.14749856,19.09993959,21.74237267,242.5278202,0.645497224,29.7224339,55.90376346,93.56829399,474.9455164,135.3570303,0.120107735,0.017363161,0.002510634,0.01736316,564.3698324,87.88,12.12,0.61,93.18,4.66,53.86,4.66,3.986388087,0.344904725,4.3544,4.2368,1.1588,0.404,0.4133,0.0189,0.02,106.1
Kerguelen,KER1,CAT1.1C,94,124.3,125.6,124.9,0.625,4341,4686,4491,4498,173,0.04848,0.0021,23723.28571,57329.21429,1.315,3.571428571,124,35.07142857,34,3317.428571,0.166666667,39,98.71428571,1004.285714,43788.57143,6469.785714,6.773047154,1.912682189,0.147723048,-1.912682188,50258.35714,343.929203,1145.571687,0.090617539,5.184507776,24.29308227,21.1349666,15.98075766,324.9690433,0.645497224,56.07275494,65.76113953,106.0199028,619.6497415,219.5552072,0.163839113,0.024004111,0.003518503,0.024004111,810.9672864,87.55,12.45,0.62,95.06,4.75,54.95,4.75,4.006423681,0.346324158,4.7493,4.6733,1.1775,0.3883,0.4015,0.0188,0.0203,107.7
Kerguelen,KER1,CAT1.1D,102,125.9,127.1,126.5,0.6,4371,4716,4526,4531,173,0.04688,0.00201,22583.16667,55431.08333,1.281666667,11,175.3333333,39.66666667,32.58333333,3636.333333,2,25.58333333,140.8333333,885.6666667,41818.33333,6056.416667,6.903998778,1.931928132,0.144893629,-1.931928132,47874.75,1142.290349,2336.037183,0.087160597,10.79562201,39.66297411,10.57727696,15.16250359,423.4778804,6.92820323,42.54721085,77.63063282,114.7173074,1992.004396,246.0452502,0.133958979,0.019411047,0.002813561,0.019411047,2219.811832,88.17,11.83,0.59,95.62,4.78,55.27,4.78,4.012230266,0.346995851,3.768,3.9941,1.2914,0.4574,0.5077,0.0214,0.0247,115.3
Kerguelen,KER1,CAT1.1D,103,127.4,128.6,128,0.6,4389,4741,4561,4563,176,0.04828,0.00209,22390.15385,55482.53846,1.312307692,7.307692308,113.3846154,36.69230769,34.92307692,3754.923077,0.384615385,24.69230769,137.2307692,941.3846154,41614.84615,6129.615385,6.796414482,1.915983512,0.147257975,-1.915983511,47744.46154,585.4379908,1779.43168,0.060436447,7.728568382,28.48256327,20.83420511,17.52361045,1057.143436,1.386750491,40.2230958,87.02121757,82.21875137,1051.57674,280.2625372,0.202356241,0.029912835,0.004425024,0.029912835,1283.829273,87.09,12.91,0.65,94.92,4.75,54.86,4.75,4.004784486,0.346750388,3.9588,4.2398,1.3339,0.4622,0.5181,0.0223,0.026,116.4
Kerguelen,KER1,CAT1.1D,104,128.9,130,129.4,0.55,4404,4778,4589,4592,187,0.04667,0.0021,22011,54360.16667,1.284166667,3.583333333,118.8333333,41.33333333,25.58333333,3158.75,4.75,19.83333333,141.8333333,929.6666667,41177.08333,6018,6.844712456,1.923211451,0.146175557,-1.923211451,47195.08333,531.9415552,925.7359562,0.065845319,4.795041631,30.44169788,13.14488033,13.11805372,254.1005975,16.45448267,33.22877541,100.8651966,85.54035022,804.0806674,143.4585781,0.164728804,0.024035078,0.003508408,0.024035078,871.6384215,86.47,13.53,0.68,95.04,4.75,54.94,4.75,4.006241681,0.346371459,3.808,4.1203,1.2429,0.4695,0.5315,0.0219,0.0258,117.7
Kerguelen,KER1,CAT1.1D,105,130.3,131.4,130.8,0.55,4437,4813,4621,4622,188,0.04516,0.00203,22628.83333,55695.08333,1.306666667,12,128.75,38.75,30.08333333,3587.416667,0.166666667,13.25,161.9166667,988.9166667,41852.16667,6051.583333,6.920747589,1.934179842,0.144591799,-1.934179842,47903.75,213.0978577,828.0324388,0.081946028,8.63397096,15.73718815,23.62635278,13.93790341,272.9653519,0.645497224,29.26097308,118.6756147,118.605119,374.7321063,175.8291828,0.190931865,0.027298736,0.00390588,0.027298735,470.8617101,86.99,13.01,0.65,94.4,4.72,54.57,4.72,3.999484281,0.345933037,3.808,4.1584,1.4528,0.4904,0.5601,0.0221,0.0263,118.7
Kerguelen,KER1,CAT1.1D,106,131.7,132.8,132.2,0.55,4469,4836,4653,4653,184,0.04688,0.00204,22664.75,55597.66667,1.263333333,8.25,132.4166667,37.66666667,31.16666667,3305.333333,1.5,10.91666667,101.5,933.25,42269.33333,6243.416667,6.773553866,1.912804125,0.147698555,-1.912804125,48512.75,306.3554457,721.5492591,0.085528659,7.910005172,33.92091962,19.70386826,19.26765228,382.5049812,3.896385271,19.86068905,67.39368732,90.96265467,597.591124,175.7754034,0.148834921,0.02200915,0.003256048,0.02200915,721.3703027,87.45,12.55,0.63,93.48,4.67,54.03,4.67,3.989539448,0.34482971,3.9915,4.4027,1.3623,0.4585,0.5286,0.0215,0.0257,119.7
Kerguelen,KER1,CAT1.1D,107,133.1,134.3,133.7,0.6,4494,4868,4687,4685,187,0.04545,0.00202,21298.61538,52669.92308,1.393076923,9.615384615,122.9230769,42.69230769,24.15384615,2906.076923,3.769230769,21.15384615,105.6153846,890.9230769,40159.15385,5892.461538,6.816987694,1.91930213,0.146726447,-1.91930213,46051.61538,548.4541212,1354.412755,0.108503811,11.62997894,23.44305703,27.73500981,15.93134308,497.5550994,11.40287863,37.812798,73.81795001,80.4129566,803.3999467,152.8139475,0.10729385,0.015865678,0.002346767,0.015865678,928.208897,88.32,11.68,0.58,92.86,4.64,53.67,4.64,3.982854186,0.344334701,3.8628,4.2896,1.2579,0.444,0.5153,0.0202,0.0243,120.5
Kerguelen,KER1,CAT1.1D,108,134.6,135.8,135.2,0.6,4518,4906,4719,4718,194,0.04286,0.00195,22323.46154,54924.61538,1.440769231,13.15384615,162.4615385,56.07692308,22.23076923,3247.538462,0.384615385,3,74.30769231,928.6153846,41812.07692,6176.846154,6.77185181,1.912576417,0.147728606,-1.912576417,47988.92308,489.6331306,1226.518279,0.077831178,9.026314806,32.41557081,25.21395625,16.98113584,549.8970533,1.386750491,7.659416862,85.77915891,124.2279749,1023.087685,197.2582259,0.140387495,0.02071645,0.003058425,0.020716451,1181.176,88.39,11.61,0.58,92.97,4.65,53.74,4.65,3.984157603,0.344740098,4.5593,5.1246,1.1761,0.3882,0.4558,0.0166,0.0203,122
Kerguelen,KER1,CAT1.1D,109,136.1,137.3,136.7,0.6,4574,4925,4753,4753,176,0.04412,0.00182,22922.46154,57040.84615,1.315384615,22.76923077,145.7692308,55,43,3818.692308,0.166666667,27.61538462,118.6153846,1020.769231,42947.46154,6391.230769,6.722306736,1.905270885,0.148806204,-1.905270885,49338.69231,494.8300408,1464.814655,0.08037572,16.54364856,41.49127187,21.72556098,21.92031022,556.6706663,0.645497224,40.24205607,61.68405853,103.6590194,945.1003135,196.8887816,0.125367528,0.018645339,0.002773805,0.018645338,1109.550463,87.89,12.11,0.61,94.29,4.71,54.5,4.72,3.998200702,0.346266189,4.3544,4.9335,1.2548,0.4155,0.4915,0.0183,0.0224,122.4
Kerguelen,KER1,CAT1.1D,110,137.6,138.8,138.2,0.6,4615,4948,4790,4787,167,0.04286,0.00168,22217.84615,54839.15385,1.287692308,10.92307692,140.4615385,52.53846154,31.30769231,3051,5.538461538,30.23076923,81.69230769,936.4615385,42000.53846,6175.846154,6.804962276,1.917386667,0.147029775,-1.917386667,48176.38462,241.0013299,680.6213884,0.114101844,9.508430807,13.20110718,17.36190938,18.88290504,207.6663991,9.088595277,46.01839097,61.12880474,57.33180529,323.2851206,176.9900403,0.162887497,0.024005192,0.003540928,0.024005192,462.2727439,87.93,12.07,0.6,93.88,4.69,54.26,4.69,3.993787307,0.345205722,3.582,4.0798,1.4593,0.4965,0.5904,0.0213,0.0261,122.8
Kerguelen,KER1,CAT1.1D,111,139.1,140.3,139.7,0.6,4640,4986,4825,4822,173,0.04,0.00161,22355.46154,55062.61538,1.305384615,9.615384615,129.8461538,49.46153846,32.84615385,2942,0.166666667,31.07692308,91.53846154,906.5384615,41971.76923,6273.769231,6.693247176,1.900823801,0.149486989,-1.900823801,48245.53846,293.0030191,892.830848,0.104929769,8.977179044,23.75165311,11.89268252,22.11276462,292.2764103,0.645497224,41.42153534,81.92640537,105.9359991,554.6828153,155.6808455,0.162734369,0.024481181,0.003685121,0.024481181,617.0853014,88.51,11.49,0.57,95.45,4.77,55.18,4.77,4.010600569,0.346693815,3.8628,4.4441,1.4068,0.4587,0.5507,0.0183,0.0228,124.1
Kerguelen,KER1,CAT1.1D,112,140.6,141.7,141.1,0.55,4710,5004,4856,4857,147,0.03889,0.00133,23184.25,56636.25,1.300833333,6.166666667,164,55.5,34.16666667,3433.5,0.166666667,4.416666667,144.0833333,975.8333333,42565.25,6296.166667,6.763072315,1.911253265,0.147928185,-1.911253265,48861.41667,232.697277,483.2437979,0.055996483,6.393652155,33.03166525,18.37241015,21.21677438,273.894638,0.645497224,15.29978213,70.98329936,114.8990334,377.8316424,129.2747837,0.149253633,0.022129127,0.003284337,0.022129127,401.5233398,88.55,11.45,0.57,95.08,4.75,54.96,4.75,4.006605648,0.346276871,3.454,4.0066,1.4381,0.497,0.6014,0.0193,0.024,124.4
Kerguelen,KER1,CAT1.1D,113,142,143.1,142.5,0.55,4791,5015,4889,4893,112,0.03846,0.00103,22734.91667,55184.16667,1.296666667,8.333333333,147.5,48.91666667,28.33333333,2876.5,5.666666667,5.916666667,129.75,1009.5,42282.83333,6214.416667,6.808624672,1.917889584,0.146961457,-1.917889583,48497.25,209.0743488,725.8800093,0.059746941,8.348471099,35.18393228,19.32712805,18.76812256,358.6871263,14.44320119,11.98831502,56.6281732,69.54200823,334.7864539,186.947955,0.173181969,0.025695237,0.003814822,0.025695238,472.4668579,89.16,10.84,0.54,93.99,4.7,54.33,4.7,3.995076561,0.34560758,3.6289,4.2494,1.5203,0.481,0.5873,0.0185,0.0231,124.8
Kerguelen,KER1,CAT1.1D,114,143.4,144.6,144,0.6,4852,5039,4930,4932,94,0.03333,0.00077,22964,55507.53846,1.303076923,6.153846154,146.6153846,55.92307692,25.15384615,2559.615385,2.230769231,20.23076923,113.3846154,955.7692308,43080.07692,6317,6.824019713,1.920158139,0.146626676,-1.920158138,49397.07692,272.5808748,858.2973082,0.101930092,5.913912324,20.91864584,19.263357,19.38146087,111.7844194,8.043152845,29.82491645,89.90044351,79.87819252,599.1299889,193.8620644,0.170612478,0.025135493,0.003704556,0.025135493,727.9780745,89.65,10.35,0.52,94.7,4.73,54.74,4.74,4.002594704,0.346589311,4.1542,4.9103,1.1914,0.3995,0.4922,0.0133,0.0167,125.5
Kerguelen,KER1,CAT1.1D,115,144.8,146,145.4,0.6,4879,5109,4969,4974,115,0.02459,0.00067,23541.84615,56944,1.306153846,4.692307692,147.3846154,61.15384615,33.76923077,2932.769231,0.846153846,12,128.3076923,959.6153846,43725.46154,6516.153846,6.711972123,1.903765261,0.149025452,-1.903765262,50241.61538,239.7588532,806.0033085,0.059377109,6.848170259,34.75278996,24.24818259,16.10462587,287.5914793,3.050851079,23.65727513,76.80753502,106.2971766,415.9211895,121.4755436,0.111786065,0.016609373,0.002468504,0.016609374,483.8454537,89.41,10.59,0.53,95.18,4.76,55.02,4.76,4.007696755,0.346721857,3.9588,4.7149,1.2885,0.4264,0.5291,0.0105,0.0133,126.8
Kerguelen,KER1,CAT1.1D,116,146.3,147.5,146.9,0.6,4904,5231,5024,5035,164,0.02459,9.00E-04,23172.07692,56121.46154,1.315384615,6.076923077,174.5384615,96.53846154,44.38461538,3205.307692,0.166666667,31.61538462,160.1538462,969.6153846,42599,6347.615385,6.713245467,1.903826254,0.149035325,-1.903826255,48946.61538,561.3429524,1331.364752,0.065142841,7.499572637,29.56804408,29.85134108,16.38362222,260.9624445,0.645497224,40.2813821,77.85654132,98.87242492,1313.507708,213.4195939,0.158792328,0.023518993,0.003485592,0.023518992,1478.922104,88.07,11.93,0.6,92.11,4.61,53.24,4.61,3.974809994,0.344174945,3.582,4.2948,1.4134,0.4891,0.6108,0.012,0.0155,128.6
Kerguelen,KER1,CAT1.1D,117,147.8,148.9,148.4,0.55,4920,5373,5079,5096,227,0.025,0.0012,22267.91667,55087.5,1.346666667,22.58333333,199.5,205.75,63.08333333,3836.666667,5,80.5,345.6666667,954.75,40863.08333,6265,6.520152685,1.874056186,0.153631201,-1.874056186,47128.08333,1007.489541,2049.968935,0.0863748,9.765042786,32.00710148,112.6725949,19.14280465,763.9887354,9.115421498,71.11514351,200.3648188,118.7167178,2470.866151,212.3089516,0.277074213,0.043033835,0.006694886,0.043033835,2632.705676,84.33,15.67,0.78,56.81,2.84,32.84,2.84,3.491647285,0.301957317,3.808,4.6153,1.5252,0.5404,0.682,0.0135,0.0177,131
Kerguelen,KER1,CAT1.1D,118,149.2,150.4,149.8,0.6,4930,5521,5128,5152,296,0.02381,0.00146,23036.15385,56242.76923,1.317692308,20.30769231,195.1538462,192.1538462,41.46153846,2990.230769,8.769230769,60,202.7692308,1000.461538,42946.38462,6414,6.699399849,1.901688427,0.149365212,-1.901688428,49360.38462,388.8439803,872.7739449,0.083081671,15.99679455,43.25861408,123.7213577,20.13543884,516.4620273,25.61625085,54.91053329,105.7222413,118.9871249,855.4428228,188.8897386,0.17956991,0.026680045,0.003967583,0.026680046,959.855331,89.77,10.23,0.51,92.05,4.6,53.21,4.6,3.974246349,0.343573261,3.9588,4.8336,1.3379,0.4268,0.5425,0.0102,0.0135,133.2
Kerguelen,KER1,CAT1.1D,119,150.7,151.8,151.3,0.55,4977,5594,5189,5215,309,0.02414,0.00152,23072.16667,55131.5,1.3725,13.33333333,161.8333333,86.5,29.58333333,2368.333333,3.333333333,24.33333333,92.91666667,906.5833333,43054.33333,6227.083333,6.915623263,1.933682997,0.144629065,-1.933682997,49281.41667,384.6920453,646.8087395,0.068107535,17.92577288,47.663276,32.28706468,22.81330686,233.5295712,7.831560083,42.33703157,103.8385621,116.9331264,589.7309607,134.6068068,0.102242663,0.014774956,0.002135395,0.014774956,695.3783089,89.84,10.16,0.51,94.37,4.72,54.55,4.72,3.999117712,0.34602815,4.1793,5.1573,1.2497,0.4015,0.5156,0.0097,0.0131,134.7
Kerguelen,KER1,CAT1.1D,120,152.1,153.3,152.7,0.6,5006,5661,5254,5273,328,0.02381,0.00157,23819.23077,56473.15385,1.392307692,3.692307692,150.4615385,70.84615385,37.23076923,2590.461538,3.076923077,39.15384615,136.7692308,934.3076923,43757.61538,6308.384615,6.939574477,1.937031071,0.14416133,-1.937031071,50066,157.5431972,487.6634506,0.106470172,5.421940234,18.75995462,18.50155919,18.19411006,139.7614726,7.554927073,67.9924581,83.41777773,114.4482304,222.4734211,148.919183,0.148020278,0.021285102,0.003062228,0.021285102,328.1699255,88.43,11.57,0.58,92.72,4.64,53.59,4.64,3.981362484,0.344719573,3.768,4.6723,1.3023,0.4552,0.5872,0.0108,0.0147,135.6
Kerguelen,KER1,CAT1.1D,121,153.6,154.8,154.2,0.6,5028,5748,5314,5336,360,0.02419,0.00173,23291.30769,56719.30769,1.388461538,8,187.7692308,117.2307692,33.92307692,3623.153846,2.461538462,28.76923077,326.1538462,849.2307692,42132.46154,6196.076923,6.800869332,1.916484707,0.147209059,-1.916484706,48328.53846,909.925948,2495.160829,0.113272985,9.092121131,26.17936161,37.66331957,21.71198417,352.7267229,8.87520314,29.83329752,250.5367059,118.4167456,2548.614676,327.0131143,0.23456578,0.035277489,0.005313782,0.03527749,2823.241742,86.98,13.02,0.65,94.29,4.71,54.5,4.72,3.998200702,0.346266189,3.9588,4.9524,1.2932,0.4583,0.5962,0.0111,0.0152,137.2
Kerguelen,KER1,CAT1.1D,122,155.1,156.2,155.7,0.55,5071,5847,5374,5398,388,0.02414,0.00182,23838.25,57540.33333,1.393333333,6.166666667,192.6666667,81.33333333,40.5,2845.916667,0.166666667,23.91666667,95.33333333,927,44336.91667,6387.166667,6.944159335,1.937731291,0.144055053,-1.937731292,50724.08333,243.4543545,899.9836699,0.083375747,7.221600595,35.50501458,25.47845198,20.20575975,271.3593586,0.645497224,45.1129055,75.77278635,74.8428657,545.6874661,156.0185498,0.132846017,0.019292513,0.002802817,0.019292512,654.0688674,88.17,11.83,0.59,95.8,4.79,55.37,4.79,4.014037931,0.347250166,3.6289,4.576,1.4452,0.4873,0.6388,0.0118,0.0163,138.6
Kerguelen,KER1,CAT1.1D,123,156.5,157.7,157.1,0.6,5113,5889,5437,5456,388,0.02381,0.00178,23160.69231,55187.46154,1.347692308,4.384615385,140.8461538,43.69230769,38.15384615,2061.846154,6.615384615,9.538461538,152.2307692,894.6923077,43283.84615,6268.076923,6.908553577,1.932553679,0.144808217,-1.932553679,49551.92308,417.9980831,1046.073023,0.083282035,7.286270897,28.5769317,16.57500435,19.07374353,214.1128387,16.23031352,23.40090947,88.30643035,92.79671745,772.2085045,182.3039868,0.145468145,0.021209583,0.003093697,0.021209583,906.8340956,88.02,11.98,0.6,94.8,4.74,54.8,4.74,4.003690194,0.34630459,3.768,4.7854,1.4783,0.4816,0.6357,0.0115,0.016,139.5
Kerguelen,KER1,CAT1.1D,124,158,159.2,158.6,0.6,5141,5958,5502,5519,409,0.02419,0.00188,23511.76923,56021.46154,1.395384615,6,131.6153846,37.07692308,34.84615385,1867.307692,0.166666667,44.07692308,113,940.5384615,44059,6357.769231,6.932871245,1.935964747,0.144329003,-1.935964747,50416.76923,447.1953626,703.1464541,0.085304883,9.695359715,29.56782728,19.91842337,18.65407084,173.2086336,0.645497224,58.47144822,72.65558019,114.4644161,822.2367867,155.3620255,0.180763502,0.025795389,0.003683225,0.025795389,883.2390346,86.01,13.99,0.7,95.2,4.76,55.03,4.76,4.007878491,0.346674571,3.224,4.117,1.5809,0.5771,0.7658,0.014,0.0196,140.5
Kerguelen,KER1,CAT1.1D,125,159.5,160.7,160.1,0.6,5172,6061,5563,5581,445,0.02462,0.00205,23089.92308,56405.38462,1.333076923,20.61538462,164.7692308,79.92307692,43,2396.769231,2.230769231,34.46153846,176.1538462,908.8461538,43538,6623.076923,6.576728702,1.883277531,0.152129092,-1.883277531,50161.07692,301.5290095,772.2141908,0.126318685,49.16221188,27.38050963,44.92486605,20.9602799,326.8402142,6.685230564,45.81960167,89.45934473,114.4223508,671.8570036,169.5840311,0.158628304,0.023540953,0.003496436,0.023540953,766.3312449,87.29,12.71,0.64,96.69,4.83,55.89,4.84,4.023385473,0.348419855,3.582,4.6171,1.6118,0.5252,0.7032,0.0129,0.0184,142.2
Kerguelen,KER1,CAT1.1D,126,161,162.3,161.7,0.65,5253,6130,5628,5646,439,0.02459,0.00201,23652,56386.85714,1.359285714,13.28571429,148.2142857,37.5,30.71428571,1555.571429,0.166666667,37.28571429,89.28571429,962.4285714,44798,6569.071429,6.822220181,1.919961117,0.146645263,-1.919961116,51367.07143,418.0991785,785.9733659,0.069555101,13.29215252,20.58445482,17.88746876,11.193601,95.91158933,0.645497224,54.24648669,83.09441208,121.1329303,693.0411243,161.2563484,0.150301671,0.021920577,0.00319815,0.021920577,783.1866331,89.7,10.3,0.51,98.04,4.9,56.67,4.9,4.03724497,0.349082413,3.8805,5.0407,1.2027,0.4196,0.5661,0.0103,0.0148,143.1
Kerguelen,KER1,CAT1.1D,127,162.6,163.8,163.2,0.6,5291,6177,5698,5707,443,0.02462,0.002,24123.69231,57335.15385,1.459230769,10.30769231,133.6923077,27.30769231,30.76923077,1683.692308,0.166666667,37.23076923,101.3076923,992.6923077,45595.69231,6565.461538,6.949995731,1.938390552,0.143986817,-1.938390553,52161.15385,326.6928692,535.1848351,0.107816321,12.16815937,20.94590101,15.72887268,16.84316798,139.3672514,0.645497224,60.95101017,74.26796597,105.3932197,442.6878857,204.9071397,0.189789697,0.027684681,0.004042331,0.027684681,567.2640253,88.47,11.53,0.58,101.46,5.07,58.65,5.07,4.071587575,0.35196844,3.9588,5.1899,1.2955,0.4393,0.5979,0.0108,0.0156,144.2
Kerguelen,KER1,CAT1.1D,128,164.1,165.4,164.8,0.65,5320,6267,5766,5772,474,0.025,0.00215,23571.14286,56812.28571,1.425,5,153.0714286,52.71428571,38.07142857,1992.714286,1.428571429,64.64285714,265.5714286,968.5714286,44244.92857,6573.785714,6.735050406,1.906695479,0.148664566,-1.906695478,50818.71429,916.0743048,2136.84377,0.086624743,9.55147995,25.78152077,26.29252181,21.19312038,365.4176596,3.715130927,67.29911091,153.1960605,85.99616654,2083.32133,311.4722308,0.247528923,0.036874471,0.00550173,0.036874471,2317.3322,87.38,12.62,0.63,92.98,4.65,53.75,4.65,3.984343667,0.344692057,4.9392,6.5395,0.9119,0.3474,0.4774,0.0087,0.0127,146
Kerguelen,KER1,CAT1.1D,129,165.7,167,166.4,0.65,5382,6308,5840,5836,463,0.02778,0.00231,23655.42857,56536.21429,1.430714286,14,149.8571429,109,39.57142857,2172.642857,0.428571429,38.07142857,122.2857143,986.0714286,44380.57143,6371.071429,6.970289633,1.941308115,0.143566441,-1.941308115,50751.64286,343.6802437,655.8719597,0.081473383,9.883941911,22.59971798,44.45049104,14.26515003,248.4284782,1.603567451,48.82065182,94.7843127,86.75913987,519.7324333,171.9411636,0.190482732,0.027444684,0.003958888,0.027444685,575.6041117,89.26,10.74,0.54,96.62,4.83,55.85,4.83,4.022669526,0.347887087,4.5004,5.9945,1.0782,0.3708,0.5124,0.0103,0.0151,146.5
Kerguelen,KER1,CAT1.1E,136,167.3,168.5,167.9,0.6,5452,6332,5885,5890,440,0.02344,0.00183,23397.5,57029.25,1.401666667,26.66666667,174.4166667,115.4166667,48.58333333,3014.916667,5.083333333,28.5,105,937.1666667,43899.08333,6417.916667,6.837238916,1.922048722,0.146356418,-1.922048722,50317,1425.509702,2250.036086,0.057340028,15.66312017,34.05198788,33.91823948,21.68559779,1545.522828,14.25392025,26.70205985,58.2143375,81.65875039,2880.027824,333.0657752,0.184096613,0.02710749,0.003994567,0.027107489,3189.411402,87.39,12.61,0.63,93.55,4.68,54.07,4.68,3.990279503,0.345376513,4.3544,6.1092,1.3261,0.4308,0.6259,0.0101,0.0155,153.1
Kerguelen,KER1,CAT1.1E,137,168.8,170,169.4,0.6,5485,6395,5956,5954,455,0.02273,0.00182,23243.15385,57024.69231,1.373846154,35.30769231,158.2307692,109.6923077,56.76923077,4515.153846,0.166666667,42.53846154,129.9230769,1001.153846,42551.15385,6192.692308,6.87520785,1.927588966,0.14554695,-1.927588966,48743.84615,456.8205056,1195.107135,0.082111556,13.92470595,20.83728168,25.08115034,20.71293415,253.1780816,0.645497224,67.01817587,72.0549114,96.44155929,1092.790758,214.155078,0.184790419,0.026847544,0.003903024,0.026847543,1240.202124,88.2,11.8,0.59,94.57,4.73,54.66,4.73,4.00113218,0.346237746,4.3544,6.1528,1.2111,0.4064,0.5946,0.0092,0.0143,154.3
Kerguelen,KER1,CAT1.1E,138,170.3,171.5,170.9,0.6,5579,6446,6024,6020,434,0.02273,0.00172,22925.92308,56348.23077,1.387692308,28.46153846,191.3846154,102.8461538,54.84615385,3930.538462,0.166666667,25.23076923,148.0769231,930.3846154,42385.53846,6162.769231,6.880266876,1.928437787,0.145406854,-1.928437787,48548.30769,387.1619949,856.7968598,0.070728807,17.76989676,31.4444973,38.82835337,20.55418106,462.4322681,0.645497224,48.55092489,86.97553443,82.61208392,647.6431136,147.2991026,0.150602571,0.02177978,0.003151526,0.02177978,726.0031433,88.13,11.87,0.59,93.1,4.66,53.82,4.66,3.985645145,0.345096737,3.768,5.3506,1.4428,0.4758,0.6994,0.0108,0.0167,154.6
Kerguelen,KER1,CAT1.1E,139,171.8,173,172.4,0.6,5651,6487,6093,6086,418,0.02295,0.00166,22036,54360.84615,1.3,22.84615385,175.3846154,91.07692308,42.15384615,3306.615385,0.166666667,29.38461538,204,949.0769231,41122.15385,6015.076923,6.838381751,1.922365196,0.146287758,-1.922365195,47137.23077,730.3104363,1921.021206,0.077674535,13.6250147,25.5197259,20.06016591,20.91588772,261.7837971,0.645497224,49.17068649,92.98118089,124.4216363,1438.538659,228.0264829,0.137396846,0.020060582,0.002930265,0.020060581,1636.710377,86.75,13.25,0.66,90.3,4.52,52.2,4.52,3.955082495,0.342470745,3.768,5.3882,1.3986,0.4899,0.725,0.0112,0.0175,155.2
Kerguelen,KER1,CAT1.1E,140,173.2,174.4,173.8,0.6,5705,6532,6159,6147,414,0.02308,0.00163,22452.15385,55388.46154,1.290769231,36,215.6153846,100.5384615,55,3742.230769,3.076923077,41.30769231,140.6923077,873.2307692,41540.53846,6129.923077,6.777879794,1.913454215,0.147601117,-1.913454215,47670.46154,578.6548836,1196.996144,0.073876196,15.23154621,37.1630158,20.71881345,18.34847859,565.5571226,7.900016228,40.33688266,73.3920802,81.2282318,1309.391946,186.6027249,0.14383373,0.021395342,0.003183639,0.021395341,1457.489258,87.32,12.68,0.63,89.78,4.49,51.9,4.49,3.94931879,0.341665537,3.582,5.1544,1.4216,0.5006,0.7454,0.0116,0.018,156
Kerguelen,KER1,CAT1.1E,141,174.7,175.9,175.3,0.6,5770,6604,6223,6212,417,0.02414,0.0017,22993.30769,56752.76923,1.353846154,23.76923077,192.6153846,94.61538462,56.76923077,3725,0.166666667,44.15384615,131.5384615,969.7692308,42659.38462,6236.538462,6.845734923,1.923324576,0.146164204,-1.923324576,48895.92308,840.679327,2341.435996,0.072862709,14.31871646,44.37067061,23.45754485,13.94126875,620.5864162,0.645497224,42.51440178,66.45250859,140.6894653,1523.325886,302.5069188,0.175279348,0.025521146,0.003718739,0.025521145,1791.159329,87.6,12.4,0.62,93.75,4.69,54.19,4.69,3.99249639,0.345539916,3.582,5.1903,1.3904,0.4929,0.7388,0.0119,0.0187,157
Kerguelen,KER1,CAT1.1E,142,176.2,177.3,176.7,0.575,5866,6631,6279,6270,383,0.02414,0.00155,22713.41667,54835.16667,1.318333333,16.41666667,191.0833333,62.41666667,41.33333333,2512.083333,0.166666667,22.25,67.58333333,902.4166667,42462.41667,6235.166667,6.815420981,1.918791828,0.146841929,-1.918791828,48697.58333,523.1044496,1197.824606,0.06350853,8.184889996,36.47778485,14.39354864,15.1016756,264.8026567,0.645497224,34.67282142,36.46282873,112.2921987,886.7918131,221.1913336,0.201048355,0.029343384,0.004286426,0.029343384,1029.294945,86.95,13.05,0.65,95.45,4.77,55.18,4.77,4.010600569,0.346693815,3.611,5.2721,1.348,0.4937,0.7455,0.0119,0.0188,157.4
Kerguelen,KER1,CAT1.1E,143,177.6,178.7,178.1,0.55,5935,6657,6341,6328,361,0.02459,0.00148,22648.16667,55372.66667,1.324166667,14.83333333,192.4166667,86.58333333,34.58333333,2665.333333,4.666666667,54.83333333,110.5833333,1035.75,42724.33333,6241.083333,6.849205518,1.923946769,0.146056721,-1.923946769,48965.41667,429.4037797,902.0720928,0.066668561,7.767453465,29.14059441,16.75197863,17.49523745,205.2016008,16.16580754,58.53023047,62.0065368,123.1850972,505.1139085,183.2625828,0.137697703,0.020156901,0.002951531,0.020156902,668.7077713,87,13,0.65,94.52,4.73,54.64,4.73,4.000766215,0.3463328,3.454,5.0774,1.363,0.5094,0.7743,0.0125,0.0198,158
Kerguelen,KER1,CAT1.1E,144,179,180.2,179.6,0.6,5995,6716,6406,6389,361,0.02545,0.00152,22715.76923,55020.92308,1.346923077,14,177.3846154,89.15384615,52.84615385,2592.230769,0.166666667,34.15384615,150,977.9230769,42318.38462,6246.384615,6.776997311,1.913218762,0.147650223,-1.913218763,48564.76923,511.7169064,897.7327425,0.089198712,7.842193571,33.58456605,18.26128032,21.14964993,243.7444542,0.645497224,40.88774501,70.17953168,82.86581677,976.5482185,143.4750492,0.178822756,0.026019364,0.003789667,0.026019364,1037.278744,85.1,14.9,0.74,85.37,4.27,49.34,4.27,3.898735111,0.337405734,3.9588,5.8629,1.374,0.4946,0.7572,0.0126,0.02,159.1
Kerguelen,KER1,CAT1.1E,145,180.4,181.6,181,0.6,6060,6742,6462,6444,341,0.02642,0.00149,18555.69231,44574.53846,1.393846154,60.53846154,203.3076923,196,79.07692308,3589.307692,9.076923077,169.5384615,352.4615385,866,31582.76923,5394.230769,5.80799733,1.753171212,0.174344314,-1.753171213,36977,2655.662767,6413.488372,0.075997638,67.31717882,81.22539075,209.3051998,35.36114049,837.4556092,29.8509116,116.2523228,269.0605927,146.4655819,6265.93824,572.7287249,0.644468041,0.116488965,0.02120744,0.116488965,6807.702843,58.13,41.87,2.09,7.73,0.39,4.47,0.4,1.497388409,0.133994488,4.3544,6.5011,1.6792,0.9667,1.4916,0.0255,0.0408,159.9
Kerguelen,KER1,CAT1.1E,146,181.9,183,182.4,0.55,6128,6764,6520,6497,318,0.02593,0.00135,13949,38376,1.411666667,464.1666667,364.3333333,523.5833333,172.6666667,8320,36.83333333,391.5,449.5,827,20285.25,4924.75,4.103599356,1.409677718,0.244724512,-1.409677719,25210,1232.685686,4025.712201,0.106671401,71.72781042,69.90036199,226.6184051,34.69433628,1437.341169,42.88638973,83.24498347,151.9919256,236.6988881,2857.980537,337.4018713,0.292413236,0.068017147,0.015893984,0.068017146,3182.248747,64.04,35.96,1.8,14.72,0.74,8.51,0.74,2.141241943,0.186194952,4.1793,6.2857,1.6751,0.877,1.3628,0.0227,0.0365,160.6
Kerguelen,KER1,CAT1.1E,147,183.3,184.4,183.8,0.55,6175,6792,6577,6551,309,0.02545,0.00127,22427.08333,57499.5,1.2675,143.1666667,195.25,247.8333333,121,5463.166667,34.75,84.25,126,1174.166667,41365.91667,6449.583333,6.415958884,1.857523893,0.156258563,-1.857523892,47815.5,850.2312475,1591.452196,0.067705915,116.0343471,51.61769429,65.54503425,46.68073381,1984.072434,50.78139423,113.3210443,102.4260265,124.3746783,2243.380058,218.7806948,0.334828762,0.052700284,0.008311197,0.052700284,2338.87197,88.21,11.79,0.59,92.44,4.62,53.43,4.62,3.978372386,0.344003002,3.6289,5.4832,1.5146,0.4948,0.7724,0.0126,0.0203,161.1
Kerguelen,KER1,CAT1.1E,148,184.6,185.8,185.2,0.6,6228,6835,6634,6606,304,0.02273,0.00112,23263.61538,56689.84615,1.249230769,53.53846154,167.2307692,146.3076923,49.61538462,2658.307692,4.384615385,24.07692308,127.4615385,1108.846154,43428.84615,6489.307692,6.695029758,1.901189333,0.149417243,-1.901189333,49918.15385,305.0364837,782.9086628,0.060753812,33.00660385,35.27783498,41.12457622,24.89490732,437.7798885,12.43341239,43.83769599,71.05117332,114.2051124,512.9819435,161.9564677,0.130537623,0.019550821,0.002929277,0.019550821,628.8595294,88.36,11.64,0.58,92.59,4.63,53.52,4.63,3.980055416,0.344313464,3.582,5.441,1.502,0.4953,0.7771,0.0113,0.0182,161.8
Kerguelen,KER1,CAT1.1E,149,186.1,187.3,186.7,0.6,6407,6850,6689,6672,222,0.02239,0.00082,22603.92308,55236.84615,1.317692308,57.23076923,171.8461538,144.6153846,36.46153846,2416.307692,0.166666667,26.84615385,131.5384615,1026.384615,42460.38462,6365.153846,6.674303476,1.897962654,0.149918971,-1.897962654,48825.53846,485.4955306,971.270718,0.092118931,35.77278725,44.71734591,74.02650253,11.8153529,364.7198433,0.645497224,49.94471302,96.40938352,122.6394026,748.709839,180.0744504,0.170737305,0.025591973,0.003837674,0.025591974,846.2282607,88.25,11.75,0.59,92.16,4.61,53.27,4.61,3.975373321,0.344029867,3.9588,6.0609,1.3998,0.4544,0.7183,0.0102,0.0165,161.7
Kerguelen,KER1,CAT1.1E,150,187.6,188.8,188.2,0.6,6576,6871,6745,6739,148,0.02273,0.00057,22732.84615,54835.76923,1.276153846,15.07692308,156,79.92307692,31.92307692,1763.846154,2.076923077,13.15384615,82.61538462,1014.538462,42947.69231,6296.923077,6.823074706,1.920016964,0.146647243,-1.920016963,49244.61538,972.6310405,1732.502485,0.062254647,8.108242087,24.80927246,17.51409689,23.46792683,182.8536966,7.488452649,19.84878734,68.54139681,81.19484321,1457.587812,232.1111305,0.172443328,0.025173329,0.003676698,0.025173329,1638.347162,87.47,12.53,0.63,91.89,4.59,53.12,4.6,3.972553505,0.344008775,3.9588,6.1004,1.4997,0.4778,0.7602,0.0109,0.0176,161.6
Kerguelen,KER1,CAT1.1E,151,189,190.3,189.7,0.65,6698,6912,6805,6805,107,0.04324,0.00083,23247.14286,55625.64286,1.319285714,7.857142857,143.7857143,69.28571429,31.21428571,1883.642857,0.166666667,19.35714286,100.2857143,947.2142857,43516.42857,6467.142857,6.730448219,1.906462249,0.148631763,-1.906462249,49983.57143,618.0360778,1137.00772,0.079465937,9.371455374,32.13715456,14.16077231,8.432342237,172.4768021,0.645497224,34.93864324,109.412718,97.44519451,1047.994401,171.9565496,0.132589086,0.019643999,0.002911789,0.019643998,1175.156338,88.01,11.99,0.6,96.36,4.82,55.7,4.82,4.019980147,0.347869018,4.7173,7.3259,1.0213,0.3657,0.5863,0.0158,0.0257,162.2
Kerguelen,KER1,CAT1.1E,152,190.6,191.9,191.3,0.65,6739,6948,6841,6842,105,0.05556,0.00104,23497.28571,55814.5,1.305,4.571428571,133.3571429,54.07142857,31.07142857,1573.642857,0.857142857,20.35714286,63.78571429,1000.571429,44080.28571,6534.785714,6.748900264,1.909163923,0.148236078,-1.909163923,50615.07143,365.5559367,859.5639995,0.072933057,6.902778546,20.57110424,20.34118326,23.21956829,175.2916722,3.207134903,31.01018975,56.64352576,81.17285856,718.2652637,195.5596225,0.145745029,0.021529885,0.003181707,0.021529886,868.9468838,88.69,11.31,0.57,97.53,4.88,56.38,4.88,4.032114486,0.34900175,4.5004,7.0296,1.2161,0.3926,0.6328,0.0218,0.0356,163.1
Kerguelen,KER1,CAT1.1E,153,192.2,193.4,192.8,0.625,6754,6998,6867,6869,122,0.05357,0.00113,22988.69231,55328.46154,1.446153846,14.61538462,183.3846154,63.46153846,35.61538462,1778.230769,0.615384615,9.230769231,126.2307692,1043,43169.46154,6383.461538,6.7660333,1.911525554,0.147912638,-1.911525554,49552.92308,454.1278059,1109.899591,0.129520813,13.65368364,88.26809395,20.8231257,14.69999128,132.1244072,2.218800785,19.71950746,123.3404191,104.2848663,974.318789,173.3265778,0.19587522,0.029098121,0.004325854,0.029098122,1045.414787,87.1,12.9,0.65,81.67,4.08,47.21,4.08,3.854605735,0.333124156,3.925,6.1623,1.2145,0.4491,0.7276,0.0241,0.0395,164.1
Kerguelen,KER1,CAT1.1E,154,193.7,195,194.3,0.65,6764,7060,6891,6897,148,0.05517,0.00137,23341.14286,55194.78571,1.37,6.714285714,156,77.85714286,30.71428571,1776.285714,1.857142857,19.85714286,80,1041.5,43367.21429,6373,6.806716757,1.917762208,0.146956808,-1.917762207,49740.21429,326.070039,562.2816402,0.073693753,9.793471699,38.33255295,28.77728042,9.746230604,372.5251522,6.94879229,32.00927064,65.01479122,71.6505945,607.2984539,138.7288445,0.122236974,0.017773171,0.00258499,0.017773173,697.7218069,88.91,11.09,0.55,95.03,4.75,54.93,4.75,4.006059647,0.346418775,4.5004,7.1196,1.1159,0.3787,0.6181,0.0209,0.0346,165.7
Kerguelen,KER1,CAT1.1E,155,195.3,196.6,195.9,0.65,6786,7109,6918,6926,162,0.05333,0.00142,23424.57143,55318.92857,1.333571429,4.571428571,171.2142857,57.78571429,34.07142857,1694.928571,0.166666667,28.14285714,83.64285714,967.3571429,43473.42857,6340.571429,6.858056413,1.925291614,0.145852654,-1.925291615,49814,497.2980401,903.3504699,0.089752407,8.234208997,17.83332477,21.38359749,18.94715033,130.3046515,0.645497224,55.03125985,54.4222906,66.87141179,780.4731025,150.0542027,0.115519535,0.016915282,0.002477997,0.016915282,892.1575404,87.09,12.91,0.65,95,4.75,54.91,4.75,4.005695481,0.34651345,4.082,6.4904,1.0151,0.4122,0.676,0.022,0.0366,166.7
Kerguelen,KER1,CAT1.1E,156,196.8,198.1,197.5,0.65,6807,7153,6949,6956,173,0.05357,0.00151,23179.92857,55600.85714,1.254285714,5.857142857,171.1428571,71.78571429,33.64285714,2104.571429,4.785714286,8.071428571,125.7857143,955.5714286,43021.64286,6366.214286,6.759827924,1.910785002,0.147995352,-1.910785001,49387.85714,876.1078669,1735.136167,0.062722133,6.85966071,27.50064934,24.76094497,23.44094755,227.3106022,17.90650321,21.09489288,84.88198012,126.3978543,1459.609358,233.6724132,0.145237254,0.021343897,0.003138473,0.021343896,1656.158291,85.28,14.72,0.74,93.53,4.68,54.06,4.68,3.990094541,0.345424389,4.082,6.5312,1.1348,0.4482,0.7395,0.024,0.0403,167.8
Kerguelen,KER1,CAT1.1E,157,198.4,199.7,199,0.625,6818,7203,6977,6984,193,0.05357,0.00164,23330.92857,56708.85714,1.285,10.78571429,226.2142857,72.35714286,42.64285714,2470.357143,1.785714286,33.42857143,159.0714286,1007.285714,43491.42857,6470.5,6.724113524,1.905435374,0.148796515,-1.905435374,49961.92857,738.6316313,1584.740399,0.065368776,10.22950913,26.46384637,23.49994155,25.51502466,292.7930766,6.681531048,41.84166912,79.2701945,121.4093068,1218.101594,210.0398314,0.162096319,0.023766274,0.003487248,0.023766273,1373.879094,87.92,12.08,0.6,94.5,4.72,54.62,4.73,4.000400116,0.346427912,3.925,6.3193,1.1099,0.4265,0.7079,0.0228,0.0386,169.1
Kerguelen,KER1,CAT1.1E,158,199.9,201.2,200.5,0.625,6835,7251,7003,7012,208,0.05517,0.00181,23169.78571,55378,1.298571429,8.928571429,175.5714286,48.71428571,37.57142857,1858.142857,1.857142857,43.85714286,83.78571429,970.8571429,43340.07143,6356,6.820048381,1.919710607,0.1466721,-1.919710606,49696.07143,485.0389641,1114.220942,0.042581531,11.4922334,31.07240746,22.35871391,11.38632301,167.1359912,6.94879229,52.94243193,57.92193496,104.4368467,871.437227,138.9504616,0.125466661,0.018294098,0.002668563,0.018294097,964.4396112,86.87,13.13,0.66,93.62,4.68,54.11,4.68,3.991019012,0.345185159,3.925,6.3585,1.0973,0.4365,0.7289,0.0241,0.041,170.3
Kerguelen,KER1,CAT1.1E,159,201.4,202.7,202.1,0.625,6861,7275,7032,7041,207,0.05769,0.00187,23473.92857,56632.28571,1.297142857,7.5,162,55.35714286,41.64285714,2037.428571,2.071428571,38.28571429,125.6428571,992.0714286,44022.21429,6518.5,6.755349365,1.91013187,0.148090651,-1.910131869,50540.71429,500.8152529,1196.989906,0.066382177,7.303845141,33.01747789,22.39713973,15.54451248,169.271159,7.750576015,54.81497349,78.81488257,136.7993839,974.5453519,165.8366898,0.141771855,0.020858675,0.003070459,0.020858675,1086.935949,86.94,13.06,0.65,95.83,4.79,55.39,4.79,4.014399072,0.347156013,3.7312,6.0781,1.0933,0.4503,0.7561,0.026,0.0445,171.1
Kerguelen,KER1,CAT1.1E,160,203,204.3,203.6,0.65,6878,7299,7060,7067,211,0.06364,0.0021,22997.07143,56521.64286,1.330714286,10.35714286,197.6428571,54.71428571,47.71428571,2493.214286,0.166666667,32.64285714,171.2857143,990.9285714,42960.21429,6330.5,6.790043185,1.91520645,0.147347701,-1.91520645,49290.71429,514.1084088,1189.74442,0.098797718,14.82517164,34.93864324,23.22276261,25.38451548,350.008171,0.645497224,42.72921383,80.62584866,84.80970943,769.4474719,196.9739342,0.15930355,0.023137574,0.003362907,0.023137574,917.9552887,84.06,15.94,0.8,93.88,4.69,54.26,4.69,3.993787307,0.345205722,4.5004,7.3897,1.0061,0.4154,0.7028,0.0264,0.0456,172.5
Kerguelen,KER1,CAT1.1F,166,204.4,205.7,205,0.65,6884,7326,7081,7089,221,0.05769,0.00198,22544.07143,56444.35714,1.306428571,14.85714286,183.9285714,97.14285714,46,3490.142857,3.642857143,31.14285714,234.3571429,964.5,41752.21429,6226,6.708026684,1.903005055,0.149164644,-1.903005054,47978.21429,715.3676262,1626.020324,0.074069317,18.05912147,45.58924348,48.29055831,17.13296418,1212.315131,7.86038894,46.04154836,100.375148,108.0247479,1525.101721,224.2917057,0.170262934,0.025424743,0.003799271,0.025424744,1700.303646,83.6,16.4,0.82,93.02,4.65,53.77,4.65,3.984715691,0.344596019,4.7173,8.0335,1.0938,0.4227,0.7409,0.0244,0.0436,178.7
Kerguelen,KER1,CAT1.1F,167,205.9,207.2,206.5,0.65,6913,7351,7109,7115,219,0.06,0.00204,22339.64286,54575.71429,1.316428571,20,167.8571429,75,39.71428571,2609.285714,1.428571429,15.07142857,200.2142857,978.9285714,41538.28571,6079.5,6.836432922,1.921972967,0.146360826,-1.921972967,47617.78571,790.769013,2011.174989,0.073023404,23.2544454,41.13553048,28.65712423,19.0158985,416.7010418,5.345224838,26.74801009,79.15532789,99.36681406,1435.950633,257.3563079,0.171904765,0.025117673,0.003671775,0.025117673,1650.224189,84.88,15.12,0.76,95.32,4.77,55.1,4.77,4.009149716,0.347071582,4.7173,8.0807,1.0644,0.4043,0.7127,0.0243,0.0436,179.7
Kerguelen,KER1,CAT1.1F,168,207.4,208.6,208,0.6,6934,7373,7137,7140,220,0.056,0.00188,22722.84615,55860.46154,1.374615385,5.692307692,183.9230769,92.38461538,39.69230769,2879.076923,0.166666667,14,251.9230769,1017.846154,42207.15385,6171.384615,6.84264071,1.922901599,0.146221336,-1.922901598,48378.53846,429.8206692,1110.257149,0.102193883,7.465304363,51.21435596,62.91202649,13.634421,472.1647773,0.645497224,31.12073264,106.425609,117.605163,852.9350157,185.3930682,0.167503856,0.024184722,0.00349426,0.024184722,978.1782059,84.81,15.19,0.76,93.73,4.69,54.18,4.69,3.992311837,0.345587717,4.7689,8.2263,1.1559,0.4162,0.7388,0.0233,0.0422,180.9
Kerguelen,KER1,CAT1.1F,169,208.8,210.1,209.4,0.65,6946,7418,7162,7165,236,0.05714,0.00206,22374.57143,54946.78571,1.341428571,6.285714286,210.7857143,47.42857143,38.14285714,2864.571429,0.166666667,8.285714286,220.4285714,1018.428571,41734.71429,6128.357143,6.81269411,1.918536179,0.146858356,-1.918536179,47863.07143,503.1942146,1365.805436,0.074095276,7.57961407,37.38814821,14.75812311,19.05400076,381.0464769,0.645497224,17.7349224,60.93087418,112.272138,984.963836,178.0106337,0.159199825,0.023226546,0.003390658,0.023226547,1106.783661,84.09,15.91,0.8,95.43,4.77,55.16,4.77,4.010238053,0.346788171,5.1663,8.9635,1.1006,0.3972,0.7091,0.0227,0.0413,182.1
Kerguelen,KER1,CAT1.1F,170,210.3,211.7,211,0.7,6974,7445,7190,7193,236,0.05556,0.002,21787.13333,53540,1.36,7.133333333,225.6,57.86666667,37.4,2783.466667,0.166666667,38.13333333,119.9333333,930.0666667,40604.4,5896.533333,6.894528001,1.930191889,0.145198941,-1.930191889,46500.93333,733.6659289,1689.832494,0.095842132,8.288259051,51.00252095,32.28636746,22.45567062,695.5818599,0.645497224,45.5676368,63.12851593,111.1128555,1305.120783,295.9181515,0.23257787,0.033979493,0.004970267,0.033979493,1535.689955,85.11,14.89,0.74,95.56,4.78,55.23,4.78,4.011506284,0.347184502,5.5637,9.7086,0.9499,0.3477,0.6242,0.0193,0.0354,183.1
Kerguelen,KER1,CAT1.1F,171,211.9,213.2,212.5,0.675,6997,7469,7218,7220,236,0.05517,0.00198,21970.64286,53152.07143,1.313571429,10.14285714,200.7142857,53.64285714,45.92857143,2629.357143,0.166666667,37.14285714,168.7857143,886.1428571,40624.07143,5937.642857,6.846359921,1.923497871,0.146127094,-1.923497871,46561.71429,1430.832335,2763.736586,0.107532259,7.294435633,41.21879439,18.4040428,16.0885257,456.0076934,0.645497224,63.38024097,96.6159555,96.25435626,2683.012843,429.9723796,0.148756721,0.021732964,0.003177226,0.021732965,3096.835467,89.28,10.72,0.54,94.88,4.74,54.85,4.74,4.004602187,0.346067719,4.6735,8.188,1.0344,0.3564,0.6423,0.0197,0.0361,183.8
Kerguelen,KER1,CAT1.1F,172,213.4,214.8,214.1,0.675,7014,7493,7248,7249,240,0.05556,0.00201,22654.4,54590.46667,1.298666667,7.533333333,165.2666667,33.13333333,37,2046.8,0.166666667,40.6,113.3333333,941.6666667,42574.13333,6187.666667,6.881914133,1.928722156,0.145359014,-1.928722156,48761.8,567.6068559,1292.779611,0.066640471,6.916508891,30.79533051,18.91660898,15.02854427,326.062264,0.645497224,47.78493486,69.91082756,84.64013458,994.0295962,152.1003741,0.133586795,0.019315048,0.002793665,0.019315048,1103.061726,86.09,13.91,0.7,95.78,4.79,55.36,4.79,4.013857311,0.347297264,5.365,9.4692,1.0223,0.3561,0.6463,0.0198,0.0366,185.1
Kerguelen,KER1,CAT1.1F,173,215,216.2,215.6,0.625,7036,7523,7274,7276,244,0.05769,0.0021,22303.46154,53701.23077,1.309230769,4.230769231,165.5384615,34.07692308,34.76923077,2095.153846,0.166666667,2.230769231,128.4615385,892.9230769,41770.23077,6179,6.763285606,1.911137751,0.147966883,-1.911137751,47949.23077,887.4213219,2130.610013,0.05751254,5.659120164,38.10865034,25.11129075,19.23171793,341.5164335,0.645497224,8.043152845,84.29869056,88.66647388,1543.583501,250.2542041,0.19178068,0.028353372,0.004194015,0.028353372,1736.038697,85.67,14.33,0.72,94.63,4.73,54.7,4.73,4.001863709,0.346047813,4.7493,8.4252,1.1177,0.4018,0.7329,0.0232,0.0431,186
Kerguelen,KER1,CAT1.1F,174,216.4,217.7,217.1,0.65,7060,7548,7301,7302,244,0.05556,0.00202,22397.78571,54755.07143,1.267857143,7,187.6428571,48.64285714,33.78571429,2503.785714,1.071428571,30.71428571,223.5,889.0714286,41921.14286,6132.428571,6.838960459,1.922438625,0.146278463,-1.922438625,48053.57143,530.8785431,1245.333595,0.088507155,7.503845168,28.71506478,13.47708678,9.463928046,201.6837504,4.008918629,52.85892483,111.8919465,70.96961894,1052.65904,206.6705719,0.141531012,0.020560657,0.002988483,0.020560657,1223.799048,85.76,14.24,0.71,89.32,4.47,51.63,4.47,3.944102899,0.341470849,4.8276,8.61,0.9793,0.3771,0.6915,0.021,0.0392,187
Kerguelen,KER1,CAT1.1F,175,217.9,219.2,218.6,0.65,7081,7576,7328,7329,248,0.05769,0.00212,21620.78571,52863.64286,1.246428571,8.5,198.7142857,57.07142857,42.5,2400.357143,0.166666667,25.35714286,206.1428571,925,40493.92857,5971.357143,6.78158361,1.914066328,0.147500792,-1.914066329,46465.28571,1522.675842,3255.661403,0.057860195,8.785915302,33.73067212,22.8724365,13.1777785,263.4944481,0.645497224,47.40757347,93.72452035,131.1082935,2722.518869,391.1046697,0.119453136,0.01763912,0.002605612,0.01763912,3102.856164,84.87,15.13,0.76,93.24,4.66,53.89,4.66,3.986944932,0.344760872,4.7173,8.458,1.0708,0.4053,0.7469,0.0234,0.044,188
Kerguelen,KER1,CAT1.1F,176,219.4,220.7,220.1,0.65,7096,7613,7357,7355,259,0.05556,0.00212,22629.35714,54405.5,1.302857143,7.285714286,188.7857143,38.78571429,40.28571429,2194.357143,0.166666667,17.28571429,121,910.5714286,42264,6295.571429,6.717312756,1.904484488,0.148929605,-1.904484487,48559.57143,858.8109497,1857.744859,0.069661663,6.533094112,19.29200142,14.28381856,17.45071553,291.9005645,0.645497224,29.6970047,80.33008824,133.3316941,1705.948011,312.3123964,0.140966684,0.020927004,0.003108203,0.020927003,1994.135583,86.15,13.85,0.69,94.83,4.74,54.81,4.74,4.003872659,0.346257187,4.9392,8.9104,1.1579,0.3928,0.7282,0.0218,0.0413,189.2
Kerguelen,KER1,CAT1.1F,177,220.9,222.2,221.6,0.65,7133,7630,7384,7382,249,0.05556,0.00203,23521.64286,57297.14286,1.331428571,10.42857143,163.6428571,38.35714286,41.92857143,2087.928571,0.166666667,51.28571429,164.1428571,1015.285714,44417.57143,6560.142857,6.772541419,1.912675626,0.147714316,-1.912675626,50977.71429,158.7482803,695.2097478,0.103020322,6.618322884,29.02944697,14.307648,15.2136795,390.4552499,0.645497224,59.95951015,70.46642096,119.9290999,535.7876609,105.7303225,0.140949658,0.020787579,0.003066652,0.02078758,538.5356825,93.1,6.9,0.35,94.84,4.74,54.82,4.74,4.004055091,0.346209798,5.1663,9.3768,1.0007,0.2912,0.5431,0.0162,0.0308,190.2
Kerguelen,KER1,CAT1.1F,178,222.4,223.8,223.1,0.675,7162,7645,7414,7409,242,0.05517,0.00197,22491.33333,55237,1.246,11.8,217.1333333,62.26666667,46.53333333,2999.466667,1.2,17.13333333,240.1333333,931.0666667,41452.86667,6134.266667,6.760544596,1.910862169,0.147988405,-1.910862168,47587.13333,1256.676153,2819.658465,0.070081585,9.987134581,56.95470213,27.32206504,17.45961326,385.223658,4.647580015,29.1519827,74.92841028,122.778236,2439.534261,381.7599221,0.153870742,0.022727779,0.003358531,0.022727778,2799.065657,84.9,15.1,0.76,93.7,4.68,54.16,4.69,3.991942629,0.345683363,5.1292,9.3556,0.8929,0.3586,0.672,0.0198,0.0378,191
Kerguelen,KER1,CAT1.1F,179,224,225.4,224.7,0.7,7184,7679,7443,7438,248,0.05556,0.00202,23158.46667,56412.73333,1.297333333,7.933333333,192.7333333,54.8,52.46666667,2727,0.166666667,25.26666667,219.2,987.8666667,42823.13333,6404.266667,6.692853895,1.900824107,0.149477817,-1.900824107,49227.4,920.148192,2446.33567,0.088678123,10.65341439,43.19468662,17.4364151,18.07076039,431.9583313,0.645497224,34.84755918,87.32468151,93.03445342,2390.572402,436.6781205,0.143893689,0.021541781,0.003226288,0.021541781,2811.725444,84.87,15.13,0.76,92.69,4.63,53.58,4.64,3.981175864,0.344767749,4.8466,8.879,1.1528,0.4113,0.774,0.0228,0.0438,191.8
Kerguelen,KER1,CAT1.1F,180,225.6,226.8,226.2,0.6,7218,7697,7470,7465,240,0.05769,0.002,21060.38462,54913.46154,1.322307692,102.5384615,204.8461538,115.4615385,155.6153846,6905.615385,11.38461538,155.0769231,170.9230769,1171.692308,37253.15385,6019.692308,6.184180235,1.820820493,0.162081097,-1.820820492,43272.84615,1257.293558,3431.066467,0.065847532,54.04105752,24.64361362,29.46075181,53.65870302,1981.748073,24.06428357,147.9090157,98.21359507,126.9904095,3092.930914,310.4739347,0.313467304,0.050310682,0.008090586,0.050310682,3348.421589,80.15,19.85,0.99,73.84,3.69,42.68,3.69,3.753730426,0.324537612,4.5593,8.4073,1.032,0.4566,0.8648,0.0263,0.0508,192.9
Kerguelen,KER1,CAT1.1F,181,227,228.4,227.7,0.7,7240,7720,7494,7491,240,0.05556,0.00195,23568.6,58728.66667,1.286,74.53333333,210.0666667,86.86666667,85.2,4014.733333,0.166666667,37.2,188,1023.066667,43772.46667,6489.4,6.748612297,1.909080263,0.148255145,-1.909080262,50261.86667,303.8826841,742.1105681,0.068012604,25.49472401,18.53747813,24.9509996,26.14847715,640.1422238,0.645497224,55.53274452,77.55827302,94.79335922,675.0618878,179.4259895,0.157323736,0.023521168,0.003518751,0.023521168,784.1942969,83.91,16.09,0.8,79.18,3.96,45.77,3.96,3.823628855,0.330818664,5.688,10.5541,0.9879,0.3608,0.6874,0.02,0.0389,194.1
Kerguelen,KER1,CAT1.1F,182,228.6,229.9,229.2,0.675,7258,7750,7522,7518,246,0.05556,0.00198,22481.46154,56580,1.327692308,23.84615385,214.7692308,89.15384615,60.07692308,3506,0.166666667,17.53846154,302.1538462,1047.076923,41341.23077,6143.846154,6.734243345,1.907018342,0.148550584,-1.907018342,47485.07692,842.2772322,2169.114835,0.070018313,17.65807725,47.59578736,24.87584556,18.80364122,559.0587328,0.645497224,31.87374935,92.46787384,125.1562101,1632.572109,330.5472347,0.135062048,0.020174863,0.003014723,0.020174862,1948.867255,84.03,15.97,0.8,92.28,4.61,53.34,4.61,3.976686519,0.343691879,5.365,10.0057,0.9137,0.3598,0.6891,0.02,0.039,195.1
Kerguelen,KER1,CAT1.1F,183,230.1,231.4,230.7,0.625,7284,7775,7551,7545,246,0.05517,0.00194,23502,58792.92857,1.349285714,10.92857143,198.0714286,91.21428571,38.78571429,3209.928571,10.57142857,30.71428571,270.1428571,1143.571429,43210.35714,6442.642857,6.708007717,1.90305182,0.1491505,-1.90305182,49653,599.0756983,1334.222359,0.070434289,6.877659326,35.51698247,22.54970091,21.09749738,433.645808,22.6570223,50.96368024,95.81942724,44.07635732,1091.738529,136.0732875,0.155024689,0.023264845,0.00349311,0.023264844,1167.958969,79.66,20.34,1.02,90.4,4.52,52.26,4.52,3.95623126,0.34217691,4.6206,8.6562,1.0728,0.4666,0.8975,0.0257,0.0504,195.9
Kerguelen,KER1,CAT1.1F,184,231.6,233,232.3,0.7,7318,7790,7578,7574,236,0.05556,0.0019,21783.66667,55411.53333,1.334666667,19.73333333,188.9333333,133.6666667,53.33333333,2948.466667,14.06666667,44.4,290.8,1161.866667,39930.06667,6009.133333,6.646080689,1.893722278,0.150557006,-1.893722278,45939.2,785.0414608,1902.386541,0.090543333,12.40660346,42.87601172,49.10144989,23.11977097,545.6504463,31.081613,74.62362705,90.68406696,58.45861377,1504.569586,206.7174976,0.168884131,0.025645188,0.003896641,0.025645188,1666.278282,78.34,21.66,1.08,90.3,4.51,52.19,4.52,3.954890906,0.342519772,5.0801,9.5659,0.977,0.4375,0.8457,0.0243,0.0478,196.7
Kerguelen,KER1,CAT1.1F,185,233.2,234.5,233.8,0.65,7343,7816,7606,7601,237,0.05556,0.00188,16788.14286,47972.78571,1.372857143,314.0714286,197.7857143,336.8571429,253.7142857,11141.78571,51.71428571,413.6428571,200.2857143,1391.214286,25927.57143,5199.071429,4.96954433,1.596978316,0.20376471,-1.596978315,31126.64286,1651.697628,2640.753394,0.09359722,114.0792331,33.2431105,125.5295596,67.75683737,3108.432728,41.9091115,148.7427346,77.75843122,198.1371625,4249.713107,369.4268876,0.587695469,0.116290144,0.023188333,0.116290144,4540.271859,69.49,30.51,1.53,34.31,1.72,19.83,1.72,2.987195943,0.259101211,5.1663,9.7901,1.1432,0.5709,1.1104,0.0317,0.0628,197.9
Kerguelen,KER1,CAT1.1F,186,234.7,235.9,235.3,0.6,7374,7842,7636,7628,234,0.05769,0.00192,21977.53846,58320.84615,1.346923077,182.0769231,198.2307692,255.1538462,146.0769231,6947.923077,6.692307692,123.1538462,315.3076923,1237.307692,39065.92308,6056.923077,6.455461614,1.864011857,0.155197158,-1.864011857,45122.84615,468.6794596,1722.807391,0.088165055,68.38428369,23.13782562,79.61139591,40.66419707,1287.580448,15.32636408,94.00163665,78.80924715,181.1097203,1082.891304,160.7422686,0.281707992,0.044973195,0.007201084,0.044973196,1035.358219,67.75,32.25,1.61,46.3,2.32,26.77,2.32,3.287281858,0.284889575,5.0921,9.7081,1.0024,0.5487,1.0734,0.0317,0.063,199
Kerguelen,KER1,CAT1.1F,187,236.1,237.6,236.8,0.75,7411,7862,7662,7654,226,0.05926,0.00193,22903.5,57799.3125,1.340625,105.125,229.125,231.125,101.5,4925.375,6.1875,44,296.1875,1143.5,41658.8125,6236.0625,6.685144525,1.89903699,0.149842008,-1.89903699,47894.875,698.2468522,1666.662642,0.090071731,30.49125558,36.49817347,41.66033285,25.18729839,508.3450108,12.86451839,57.34806012,153.1893028,115.8631377,1482.724259,200.7377954,0.282805821,0.042759865,0.006477116,0.042759866,1540.390465,79.4,20.6,1.03,86.94,4.35,50.25,4.35,3.917010547,0.339084495,6.229,11.9347,0.8902,0.3676,0.7227,0.0218,0.0435,199.9
Kerguelen,KER1,CAT1.1F,188,237.8,239.1,238.4,0.65,7437,7877,7690,7681,220,0.05769,0.00181,22949.07143,56888.21429,1.282857143,68.35714286,194.6428571,139.8571429,76.64285714,3832.785714,1.714285714,25,198,1049.357143,42459.35714,6253.642857,6.792292269,1.915530889,0.147301621,-1.915530889,48713,438.8773202,945.5660233,0.056080789,20.77204906,27.87225569,37.41011205,26.59556685,267.5938882,6.414269806,34.87119155,104.6201922,97.71513318,687.6167993,150.2892632,0.159880531,0.023562846,0.003474289,0.023562846,756.3349889,82.67,17.33,0.87,93.24,4.66,53.9,4.66,3.987130478,0.34471295,5.3984,10.3974,1.005,0.3868,0.7642,0.0223,0.0448,200.7
Kerguelen,KER1,CAT1.1F,189,239.3,240.6,239.9,0.65,7463,7906,7716,7707,222,0.05556,0.00175,23805.85714,57998.42857,1.375714286,64.71428571,247.9285714,135.0714286,73.14285714,3697.428571,2.785714286,30.35714286,212,1042.357143,43573,6350.214286,6.867283083,1.92633802,0.145743409,-1.92633802,49923.21429,802.4041622,1492.714961,0.076027757,21.74123545,36.37299143,48.53304075,18.72413968,393.1485752,9.082346117,48.46030436,86.46297562,99.8357167,1258.07955,258.4555247,0.209183185,0.030448945,0.00443658,0.030448946,1444.971023,83.87,16.13,0.81,93.21,4.66,53.88,4.66,3.986759352,0.344808808,4.9392,9.5525,1.0863,0.4076,0.8086,0.0226,0.0456,201.5
Kerguelen,KER1,CAT1.1F,190,240.8,242.1,241.4,0.65,7501,7923,7742,7734,211,0.075,0.00225,23537.85714,57166.35714,1.352142857,19.78571429,232.8571429,90.14285714,71.07142857,3190.428571,2.142857143,35.14285714,201,975.8571429,43079.5,6308.785714,6.834167927,1.921703599,0.14639137,-1.9217036,49388.28571,1101.651757,2778.621285,0.070074529,14.06675607,44.44505189,22.78952912,26.23111566,315.310522,8.017837257,48.81654376,99.61464211,141.5963152,2300.441688,410.5454493,0.152199756,0.022332576,0.003278081,0.022332576,2691.188226,81.03,18.97,0.95,92.96,4.65,53.74,4.65,3.984157603,0.344740098,4.6082,8.9514,1.1391,0.4651,0.9267,0.0349,0.0705,202.2
Kerguelen,KER1,CAT1.1G,218,241.9,243.3,242.6,0.7,7527,7935,7755,7750,204,0.05833,0.0017,23093.85714,56028.71429,1.302142857,16.5,238.4285714,74.85714286,55.5,3141.142857,5.5,21.07142857,198.9285714,979.7142857,42303.57143,6187.857143,6.837813247,1.922357928,0.14627783,-1.922357928,48491.42857,765.9512795,1925.837457,0.097205458,8.635793135,36.1337564,39.20725432,20.23230471,400.8458091,20.57911563,45.41681201,90.26411186,119.1394971,1323.640592,211.3341711,0.105104637,0.015408498,0.002259381,0.015408498,1515.125672,83.98,16.02,0.8,96.41,4.82,55.73,4.82,4.020518602,0.347728327,6.0692,13.5162,0.9661,0.3439,0.783,0.0201,0.0463,230.6
Kerguelen,KER1,CAT1.1G,219,243.4,244.6,244,0.6,7549,7956,7779,7774,204,0.05769,0.00165,23657.53846,58814.07692,1.335384615,16.07692308,235.4615385,141.7692308,62,4024.307692,1.538461538,24.84615385,258.4615385,1001.461538,43615.53846,6504.923077,6.706365315,1.90293981,0.149146959,-1.90293981,50120.46154,390.0727743,1577.177091,0.089126818,10.13625127,85.90170292,78.64387436,22.15099697,1357.037238,5.547001962,46.23823482,133.7233558,151.0301379,593.8188017,125.3305373,0.107221879,0.015920583,0.002364477,0.015920582,674.0628823,61.57,38.43,1.92,95.68,4.78,55.31,4.79,4.012953724,0.347532966,4.5593,10.1854,1.0159,0.6421,1.4665,0.037,0.0857,231.3
Kerguelen,KER1,CAT1.1G,220,244.8,246.1,245.5,0.65,7582,7979,7805,7800,199,0.05357,0.00151,23212.07143,57663.71429,1.359285714,20.07142857,243.5,133,58.71428571,3178.214286,0.166666667,41.42857143,282.2142857,1047.428571,42351.85714,6290.5,6.734884665,1.907117211,0.1485349,-1.907117211,48642.35714,795.8157367,1637.522774,0.059156154,9.965048811,43.41171412,25.38624703,26.02788023,311.7600602,0.645497224,62.16072751,104.0585476,77.69834597,1471.454793,244.2154629,0.134470923,0.019835854,0.002927117,0.019835853,1686.56358,80.03,19.97,1,89.36,4.47,51.65,4.47,3.944490196,0.341372143,5.3984,12.1249,0.9388,0.4,0.9185,0.0214,0.0498,232.4
Kerguelen,KER1,CAT1.1G,221,246.3,247.7,247,0.7,7633,7992,7831,7828,180,0.05556,0.00143,22669.06667,56979.6,1.347333333,29.26666667,214.8666667,179.1333333,63.93333333,3328.266667,2.4,26.26666667,299,1132.466667,41296.53333,6164.6,6.7031504,1.902322848,0.149259286,-1.902322848,47461.13333,1013.953399,2186.609469,0.084807906,11.27871995,50.10968921,36.55693537,17.20658789,411.9366225,6.609516948,31.72981173,74.59413995,104.0122703,1395.569206,268.6617097,0.15731778,0.023314476,0.003456883,0.023314476,1630.666948,78.23,21.77,1.09,86.59,4.33,50.05,4.33,3.913022506,0.33852922,5.5637,12.5461,0.9836,0.4204,0.9691,0.0234,0.0544,233.1
Kerguelen,KER1,CAT1.1G,222,247.9,249.1,248.5,0.6,7679,8019,7860,7855,170,0.05417,0.0013,24293,60877,1.302307692,29.38461538,193.3846154,198.6153846,75.69230769,3708.384615,1.076923077,43.61538462,322.4615385,1219.923077,43651.23077,6759.461538,6.459419302,1.865412394,0.154852039,-1.865412395,50410.69231,339.7751708,844.5477093,0.097138548,12.39985525,24.17484389,24.33631875,17.86703023,337.9128434,3.882901374,58.69772634,58.80846791,110.9522882,392.209798,126.0142951,0.107092584,0.016595429,0.002572189,0.016595429,464.0056366,77.29,22.71,1.14,84.97,4.25,49.12,4.25,3.894266284,0.336942828,4.1542,9.3968,0.9752,0.4978,1.1508,0.027,0.063,233.6
Kerguelen,KER1,CAT1.1G,223,249.3,250.4,249.8,0.55,7700,8048,7885,7879,174,0.056,0.00136,24045.66667,60808.58333,1.313333333,45.66666667,257.3333333,212.8333333,103.75,3931.666667,3.5,53.58333333,324.75,1198.916667,43147.41667,6682.333333,6.459988235,1.865385807,0.154873882,-1.865385807,49829.75,469.9747253,784.8190826,0.068401666,22.82874318,26.27246513,40.49878412,25.69090748,480.7704675,10.92536665,56.02184368,68.47179247,88.3221977,717.3540344,185.6371501,0.148360659,0.022962928,0.003555984,0.022962928,837.2211748,76.54,23.46,1.17,85.19,4.26,49.24,4.26,3.896706301,0.337123656,4.3715,9.9451,0.987,0.4941,1.1488,0.0277,0.065,234.9
Kerguelen,KER1,CAT1.1G,224,250.5,251.8,251.2,0.65,7759,8064,7909,7904,153,0.05357,0.00117,23069.35714,57270.35714,1.312857143,37.14285714,217.7142857,167.5,90,3537.285714,0.857142857,63.5,326.6428571,1185.857143,42026,6313.071429,6.662928641,1.896312514,0.150158136,-1.896312514,48339.07143,965.0390671,2328.46442,0.064262511,15.1954302,37.98467013,32.57122373,19.5684204,450.8795556,3.207134903,58.47254451,96.64177082,135.3479034,1611.977954,338.2417125,0.153687229,0.023037954,0.003455153,0.023037954,1930.013251,76.82,23.18,1.16,87.55,4.38,50.6,4.38,3.923951576,0.339662212,4.2887,9.7824,0.9742,0.4934,1.1502,0.0264,0.0622,235.3
Kerguelen,KER1,CAT1.1G,225,252,253.3,252.7,0.65,7796,8090,7935,7932,147,0.05652,0.00119,23177.42857,57864.21429,1.301428571,64,234.6428571,221.9285714,102.1428571,4523.714286,5.571428571,125.0714286,323.0714286,1369.857143,41376.21429,6363.714286,6.503995491,1.872122062,0.153842612,-1.872122063,47739.92857,458.1401724,1208.93947,0.061124985,18.42656945,32.36476513,28.37784696,24.98263133,565.4432473,12.56193448,94.08135946,89.6887475,97.0248637,778.3029051,129.5942951,0.163208801,0.025239158,0.003904713,0.025239158,810.4576546,77.01,22.99,1.15,77.29,3.86,44.68,3.87,3.799525974,0.329099497,4.9392,11.3306,0.9318,0.4466,1.0468,0.0252,0.0597,236.5
Kerguelen,KER3,CAT2.3A,5,6.5,7.7,7.1,0.6,-56.2,254,35,55,155,0.06085,0.17668,22129,52739.14286,1.277142857,25.85714286,108.4285714,43,30.14285714,1580.285714,0.181818182,43.85714286,74.85714286,948.1428571,41139.28571,6004.142857,6.857894078,1.925060391,0.145916018,-1.925060392,47143.42857,667.6690797,1309.77968,0.108430359,5.398412465,13.16380318,9.695359715,18.81868373,185.4199866,0.603022689,49.80437923,69.17472701,76.92296703,922.5847232,251.0633576,0.194198582,0.02809176,0.004065269,0.028091759,1131.947563,86.55,13.45,0.67,84.85,4.24,49.05,4.24,3.892840186,0.336506471,4.7689,0.453,0.9249,0.1244,0.018,0.0076,0.0231,304.8
Kerguelen,KER3,CAT2.3A,6,7.9,9.1,8.5,0.6,-54.7,317,54,79,186,0.05698,0.1383,22243.61538,53274.69231,1.313846154,19.46153846,94.46153846,47.30769231,31.84615385,1533.307692,1.461538462,59.23076923,81.07692308,986.6153846,41542.69231,6149.153846,6.757407785,1.910532635,0.148017348,-1.910532635,47691.84615,366.9849085,984.7386612,0.071360407,13.6236032,20.20154856,22.49957265,19.37285968,258.6675423,4.012800033,75.77395534,61.90242529,75.27454025,494.3651459,125.2908923,0.102693975,0.015210524,0.002253382,0.015210525,585.2956299,86.59,13.41,0.67,100,5,57.8,5,4.056988776,0.350950586,3.9588,0.3998,0.9471,0.127,0.0192,0.0072,0.0187,257.8
Kerguelen,KER3,CAT2.3A,7,9.4,10.6,10,0.6,-53,384,76,104,219,0.05386,0.11608,21833.84615,52560.92308,1.276153846,25,88.84615385,32.61538462,20.23076923,1524.384615,6.076923077,33.69230769,50.69230769,948.9230769,41051.46154,6088.384615,6.746793214,1.908802416,0.148297237,-1.908802416,47139.84615,447.4527622,1090.827626,0.064231153,7.810249676,19.39005825,20.11855885,17.80521387,291.6900577,15.14079224,36.87000727,71.46489186,87.71208729,532.4009478,187.8995913,0.161378868,0.023976854,0.003564468,0.023976854,673.6189385,87.15,12.85,0.64,89.33,4.47,51.64,4.47,3.944296566,0.341421488,4.3907,0.4961,0.9316,0.1197,0.0195,0.0064,0.0149,231.8
Kerguelen,KER3,CAT2.3A,8,10.8,12,11.4,0.6,-22.4,393,106,131,208,0.0501,0.0818,21983.46154,53793.53846,1.303846154,19.30769231,80.30769231,57.92307692,32.30769231,2439.153846,6.923076923,55.61538462,67.46153846,971.1538462,41194.69231,6102.538462,6.753186847,1.909760907,0.148153268,-1.909760907,47297.23077,387.2866327,1036.732979,0.101697137,11.75006819,19.7921896,22.23908548,18.11714021,556.7984145,15.41353052,61.77585621,56.87063593,64.19611379,565.6381919,140.0378612,0.158506182,0.023426719,0.003463978,0.023426718,618.2160024,88.52,11.48,0.57,100,5,57.8,5,4.056988776,0.350950586,4.4562,0.5503,0.9565,0.1098,0.019,0.0055,0.0099,180.6
Kerguelen,KER3,CAT2.3A,9,12.3,13.5,12.9,0.6,-7.9,413,141,160,210,0.05367,0.07291,22313.84615,53827.84615,1.332307692,13.23076923,83.76923077,35.76923077,26,1979.769231,0.181818182,43.69230769,72.69230769,935.0769231,41663.69231,6181.923077,6.742804323,1.908230786,0.148379162,-1.908230785,47845.61538,524.9601328,911.0159024,0.067964923,7.440361171,17.23926645,18.87747267,15.17124473,152.1102417,0.603022689,43.99883448,75.45570954,94.59779907,756.8350089,178.8511772,0.154977267,0.023076539,0.003437259,0.023076539,875.0350982,87.65,12.35,0.62,90.09,4.5,52.08,4.51,3.952780998,0.342301119,4.1542,0.5484,0.9799,0.121,0.022,0.0065,0.01,154.1
Kerguelen,KER3,CAT2.3A,10,13.7,14.9,14.3,0.6,1.5,432,169,187,215,0.05008,0.05968,23201.07692,55247.61538,1.322307692,10.07692308,66.30769231,32.23076923,25.61538462,1533.538462,0.181818182,30.07692308,69.23076923,977,43172,6391.923077,6.756309916,1.910364762,0.148042992,-1.910364762,49563.92308,432.3516049,944.2969641,0.076065087,9.367154837,11.70031777,16.53861061,19.42737957,199.8139198,0.603022689,45.86476778,66.75471749,134.1466859,590.2040608,160.9608967,0.105255702,0.015588746,0.002309312,0.015588747,730.7973341,87.8,12.2,0.61,93.55,4.68,54.07,4.68,3.990279503,0.345376513,4.5593,0.6565,0.9407,0.1148,0.0223,0.0057,0.008,138.6
Kerguelen,KER3,CAT2.3A,11,15.2,16.4,15.8,0.6,11.2,459,205,216,224,0.05367,0.05763,22393.84615,53714.07692,1.286153846,9.769230769,54.53846154,18,22.92307692,1702.461538,1.769230769,23,34,921.4615385,42230,6160.769231,6.856105928,1.924950791,0.145910577,-1.924950791,48390.76923,335.673166,1092.406248,0.079533899,7.822551227,16.84050368,18.83259586,12.7505656,353.2495849,6.379052257,29.96942887,63.71420564,107.2214339,586.2586176,95.28916854,0.138456148,0.020244449,0.002961151,0.020244449,599.2503864,86.86,13.14,0.66,95.48,4.77,55.19,4.78,4.010781777,0.347373381,4.5593,0.7021,1.0112,0.1329,0.0271,0.0071,0.0091,127.8
Kerguelen,KER3,CAT2.3A,12,16.6,17.8,17.2,0.6,18.5,493,232,243,237,0.05096,0.05143,22412.84615,54805.15385,1.330769231,10.15384615,62,36,34.92307692,2949.615385,7.846153846,44.84615385,37.53846154,944.4615385,41625,6159.615385,6.761648677,1.910936674,0.147991291,-1.910936673,47784.61538,514.1102097,1674.640103,0.052035491,6.681393989,14.6173413,16.19156159,19.39270283,1359.91682,28.28971001,48.01535545,54.94484414,134.8527687,719.8843657,177.8470965,0.1795514,0.026838409,0.00401491,0.02683841,809.1298349,86.39,13.61,0.68,85.53,4.28,49.44,4.28,3.900759813,0.337687136,4.7689,0.7869,0.9889,0.1346,0.0289,0.0069,0.0084,122.4
Kerguelen,KER3,CAT2.3A,13,18.1,19.3,18.7,0.6,27.1,542,263,272,258,0.05175,0.05066,22491.46154,54693.84615,1.41,13.15384615,65.15384615,42.15384615,27.15384615,2056.692308,0.181818182,47.61538462,48.61538462,973.3846154,42155.07692,6218.769231,6.781238921,1.913910824,0.147539399,-1.913910824,48373.84615,343.8855467,1021.847497,0.084754548,11.80286797,14.08217641,18.44291261,12.28716236,303.6553377,0.603022689,85.133756,78.90135029,73.08732045,573.9132428,133.3473871,0.156949461,0.023268953,0.003451937,0.023268953,611.8451392,86.2,13.8,0.69,85.23,4.26,49.27,4.26,3.897315377,0.336971047,3.7312,0.6306,1.0423,0.1438,0.0315,0.0074,0.0089,119.8
Kerguelen,KER3,CAT2.3A,14,19.6,20.8,20.2,0.6,39.1,599,289,301,280,0.05856,0.0562,21385,53164.25,1.3075,14.41666667,82.75,45.58333333,35.16666667,2391.583333,3,46.66666667,50.25,1006.25,40558.08333,5927.583333,6.844689823,1.923334834,0.146139171,-1.923334835,46485.66667,599.7068981,1319.144428,0.096777627,7.19164077,17.23698455,28.10518662,18.78022816,670.71298,7.211102551,56.12054126,50.82612964,115.3004967,845.8339036,179.4797828,0.11863106,0.0173916,0.00255049,0.0173916,998.9211756,86.71,13.29,0.66,87.27,4.36,50.45,4.36,3.920982747,0.338859956,4.3544,0.7969,0.9627,0.1279,0.0298,0.0075,0.0089,119.3
Kerguelen,KER3,CAT2.3A,15,21,22.1,21.6,0.6,68.9,609,320,325,270,0.05856,0.05019,22178.83333,54848.75,1.3525,13,70.08333333,35.83333333,25.16666667,2116.75,0.833333333,32.25,84.75,946.75,41939.58333,6185.75,6.783090733,1.914180075,0.147500188,-1.914180076,48125.33333,522.2860298,1332.416132,0.069951282,11.11918898,23.29439392,23.56358259,18.05966542,425.2979971,2.886751346,29.94881998,80.56519099,66.68122947,544.2418343,152.0216043,0.1588346,0.023519162,0.003483993,0.023519162,613.5057729,86.89,13.11,0.66,88.57,4.43,51.2,4.43,3.935739532,0.340533713,4.1793,0.8108,1.0048,0.1317,0.0321,0.0077,0.0085,110.1
Kerguelen,KER3,CAT2.3A,16,22.4,23.6,23,0.6,96.2,626,344,349,265,0.06065,0.04764,22732.38462,57030.61538,1.272307692,10.38461538,94.61538462,56.69230769,25.92307692,3132.153846,0.538461538,23.07692308,98.76923077,968.7692308,42138.07692,6338.692308,6.651514782,1.894532019,0.150435551,-1.894532019,48476.76923,376.1326314,1331.999033,0.116272227,8.139804067,18.41891447,14.56814227,17.83938311,523.8552354,1.941450687,41.47180074,82.54105428,54.12509253,524.2307796,167.958519,0.173391326,0.026003134,0.003900943,0.026003133,593.9135955,86.41,13.59,0.68,87.27,4.36,50.45,4.36,3.920982747,0.338859956,4.1542,0.8392,1.0402,0.1414,0.0356,0.0086,0.0089,103.8
Kerguelen,KER3,CAT2.3A,17,23.8,25,24.4,0.6,123.7,640,370,373,258,0.0566,0.04056,22165.53846,55354.46154,1.305384615,8.461538462,83.07692308,46.30769231,25.46153846,2857.538462,3.384615385,51.53846154,74.84615385,993.1538462,41325,6282.153846,6.580205231,1.883890341,0.152024436,-1.88389034,47607.15385,445.3527844,1362.180214,0.054408238,10.91341212,30.72583478,23.33946806,18.3467317,822.5990939,12.20340432,59.2475251,90.77246843,104.5241967,625.0975924,143.4647728,0.128091249,0.019525712,0.002978069,0.019525713,712.0409452,85.96,14.04,0.7,81.1,4.06,46.88,4.06,3.847591145,0.333217151,4.1542,0.8807,1.0346,0.1453,0.0381,0.0082,0.008,97.9
Kerguelen,KER3,CAT2.3A,18,25.3,26.5,25.9,0.6,146.1,659,400,398,256,0.06065,0.04041,21544.07692,53366.15385,1.249230769,12.69230769,68.53846154,58.92307692,24.38461538,2365.692308,4,12.92307692,57.46153846,916.9230769,40241.92308,6099.076923,6.601846043,1.887074512,0.151555494,-1.887074512,46341,416.7200222,981.5123404,0.091693469,11.49916385,20.70271876,26.98598877,14.02104645,530.7283336,11.3137085,31.7134607,44.79139684,116.5872074,599.0385994,179.8802664,0.162202874,0.024318211,0.003648474,0.024318211,719.4728394,85.63,14.37,0.72,84,4.2,48.55,4.2,3.882594195,0.335878386,4.1542,0.9222,1.033,0.1484,0.0404,0.009,0.0084,93.8
Kerguelen,KER3,CAT2.3A,19,26.7,27.9,27.3,0.6,162.5,688,426,422,263,0.0566,0.03647,22349.23077,54351.92308,1.376153846,7.230769231,81.30769231,37.92307692,31.53846154,2369.076923,0.181818182,48.53846154,110.2307692,957.8461538,40979.92308,6026.153846,6.802747635,1.917176602,0.14704367,-1.917176602,47006.07692,447.2432511,1062.537879,0.093678391,7.682814655,13.7318645,23.94946603,27.90942309,168.8063296,0.603022689,67.23294751,99.34464744,78.57782358,958.9379074,190.0731641,0.122252422,0.018055836,0.002667553,0.018055836,1120.313458,85.54,14.46,0.72,87.5,4.37,50.58,4.38,3.923556241,0.339762284,4.1542,0.9638,1.1039,0.1597,0.045,0.009,0.0084,92.6
Kerguelen,KER3,CAT2.3A,20,28.2,29.4,28.8,0.6,177,716,456,448,269,0.05898,0.03669,22745.53846,55251.15385,1.305384615,9.384615385,94.07692308,44.53846154,24.46153846,2376.461538,0.181818182,20.07692308,84.15384615,991.1538462,41845.07692,6153.769231,6.802560029,1.917099773,0.147061793,-1.917099774,47998.84615,251.4135423,539.880673,0.081814361,7.566796565,20.83851218,25.0752713,14.50640884,235.0186572,0.603022689,34.60120792,71.54933747,98.43343449,246.3873852,129.3909798,0.142019129,0.02072789,0.00302662,0.020727889,302.2804565,85.39,14.61,0.73,90.45,4.52,52.28,4.52,3.956613889,0.342079089,4.3544,1.0581,1.1661,0.1704,0.0499,0.01,0.0092,91.5
Kerguelen,KER3,CAT2.3A,21,29.6,30.7,30.2,0.6,198.2,740,480,472,271,0.06044,0.03581,22410.91667,54173.41667,1.308333333,8.083333333,74.83333333,47.66666667,25.25,2253.916667,0.833333333,45.08333333,61,978.3333333,41017.16667,6018.5,6.818631787,1.919422269,0.146726372,-1.919422269,47035.66667,224.27599,601.6706224,0.065620581,9.586527794,15.65441171,21.32575623,20.05050441,250.2800099,2.886751346,55.81211718,55.19552024,89.73226169,470.5736989,161.6800994,0.154968052,0.022715573,0.003331754,0.022715574,574.6746642,84.39,15.61,0.78,84.71,4.24,48.97,4.24,3.891207866,0.336914873,2.4955,0.6089,1.8588,0.2902,0.0853,0.0175,0.0156,88.6
Kerguelen,KER3,CAT2.3A,22,31,32.1,31.6,0.6,235.5,754,500,494,259,0.06261,0.03394,21431.16667,52867.91667,1.346666667,26.41666667,92.66666667,115.6666667,43.5,3442.5,0.181818182,70,162.3333333,1033.416667,38993.33333,5853,6.667492725,1.896900997,0.150084063,-1.896900998,44846.33333,339.4275484,1025.092852,0.073649456,11.13926987,21.64311074,25.99067432,17.80449381,349.8528262,0.603022689,68.33074644,87.49995671,94.80166697,546.2294445,202.4392165,0.182809339,0.027320029,0.004085979,0.027320028,699.950561,81.06,18.94,0.95,75.61,3.78,43.71,3.78,3.777576909,0.326681325,4.0765,1.0701,1.0782,0.2042,0.0638,0.0128,0.0109,85.5
Kerguelen,KER3,CAT2.3A,23,32.4,33.6,33,0.6,271.7,762,520,517,245,0.06374,0.03135,21197.38462,52835.69231,1.322307692,57.30769231,117.5384615,166.2307692,53.23076923,3721.307692,5.384615385,107.7692308,146.7692308,1063.076923,38986.23077,5848.307692,6.672321935,1.897544269,0.150000238,-1.89754427,44834.53846,190.1444795,965.5153533,0.04798504,19.16761425,18.5275263,40.78429813,16.3613052,268.2046435,17.15390364,77.00124874,73.53361345,67.53574552,482.5172111,204.4282207,0.201633763,0.030337315,0.00456865,0.030337315,612.3672122,80.53,19.47,0.97,75.49,3.77,43.64,3.78,3.775974161,0.327066506,4.7689,1.3114,1.0536,0.2052,0.0667,0.0131,0.0107,81.7
Kerguelen,KER3,CAT2.3A,24,33.8,35,34.4,0.6,303.7,768,544,540,232,0.0595,0.02662,21124.15385,52471.46154,1.237692308,39.23076923,92.38461538,137.7692308,46.46153846,3323.153846,9.923076923,110.3846154,136.0769231,1111.769231,39030.46154,5978.615385,6.532454088,1.876490121,0.15317105,-1.876490121,45009.07692,116.940046,564.9670515,0.092209349,14.92287867,11.40568909,24.39656344,15.05885888,231.6138475,20.29146593,48.18633704,102.7622349,63.3681753,325.6684447,167.8980536,0.165167373,0.025124884,0.003824142,0.025124885,435.4737768,80.74,19.26,0.96,78.52,3.93,45.39,3.93,3.815291816,0.330339212,4.1542,1.1715,1.1305,0.2178,0.0723,0.013,0.0101,77.9
Kerguelen,KER3,CAT2.3A,25,35.3,36.5,35.9,0.6,333.7,781,567,564,224,0.06371,0.02634,22170.07692,54699.61538,1.271538462,33,118.6923077,146.5384615,45.61538462,3675.692308,0.181818182,81.84615385,201.2307692,1161.846154,40390.30769,6265.538462,6.448300502,1.863666219,0.155126107,-1.863666219,46655.84615,537.0782782,938.0549503,0.079670797,15.90073374,20.80218184,29.78426706,20.35328991,413.8345854,0.603022689,80.77421841,90.79937027,75.51252231,769.6244089,161.7351824,0.116817578,0.018019141,0.002780397,0.01801914,893.5208304,79.8,20.2,1.01,96.2,4.81,55.61,4.81,4.018363041,0.347569254,4.1542,1.213,1.1046,0.2232,0.0763,0.0142,0.0107,75.5
Kerguelen,KER3,CAT2.3A,26,36.7,37.9,37.3,0.6,359.9,798,591,587,219,0.06154,0.02397,22214.46154,54731.61538,1.33,68.92307692,143.0769231,208.0769231,66.69230769,4363.153846,0.181818182,57.84615385,178.3076923,1130.846154,39942.30769,6069.846154,6.580753628,1.883943783,0.152020827,-1.883943782,46012.15385,443.6903228,1149.83481,0.054006172,25.86007714,24.26747322,40.8910372,24.79712556,946.7837527,0.603022689,52.84071371,127.9813688,99.74872276,1137.558598,130.9738181,0.138683027,0.021114508,0.003216499,0.021114507,1229.761484,80.37,19.63,0.98,76.7,3.83,44.33,3.84,3.791661649,0.328445313,4.3544,1.3194,1.1022,0.2163,0.0764,0.0133,0.0099,74.2
Kerguelen,KER3,CAT2.3A,27,38.2,39.3,38.7,0.6,386.3,816,615,610,215,0.0604,0.02213,22003.58333,55134,1.405,110.9166667,209.0833333,300.25,98.58333333,5658.583333,7.416666667,109.5833333,219.4166667,1118.666667,38935.66667,5856.166667,6.64862693,1.893964777,0.150540635,-1.893964777,44791.83333,693.6558563,1317.890256,0.098025971,54.31299582,53.26683828,97.7855957,34.47122208,1353.112671,22.45180022,79.2767974,127.3209676,120.459977,1591.5309,156.1548377,0.208057212,0.031126488,0.004662891,0.031126487,1698.432905,80.98,19.02,0.95,79.82,3.99,46.14,3.99,3.831680253,0.331348162,4.1793,1.3123,1.0915,0.2077,0.0756,0.0125,0.0092,73
Kerguelen,KER3,CAT2.3A,28,39.5,40.7,40.1,0.6,411.3,843,637,633,216,0.04867,0.01731,21501.84615,54318.69231,1.364615385,116.5384615,208,338.7692308,103.3076923,6021.153846,10.46153846,109.3846154,267.0769231,1132.769231,37608.07692,5983.769231,6.275964974,1.835562149,0.159710844,-1.835562149,43591.84615,1158.912554,1103.561612,0.066409761,57.47117449,60.36693355,131.5992362,46.6679487,2244.887816,24.61915035,105.9375118,160.6094962,118.0354141,3335.587866,286.7650472,0.314375565,0.050321689,0.008069577,0.050321689,3597.05386,74.94,25.06,1.25,61.4,3.07,35.49,3.07,3.569250967,0.308751774,4.9832,1.6245,0.9954,0.2495,0.0938,0.0121,0.0089,73.2
Kerguelen,KER3,CAT2.3A,29,41,42.1,41.5,0.6,474.5,851,664,662,188,0.04692,0.01396,22231.41667,55034.75,1.316666667,46.66666667,145.1666667,195.6666667,57.5,3770.333333,4.833333333,96.33333333,211.25,1130.916667,40639.66667,6204.333333,6.552485502,1.879689558,0.152661091,-1.879689557,46844,239.2854736,511.0358687,0.077498778,12.48514269,27.29912864,32.66728509,16.20605947,359.2156439,16.74315781,67.90278256,61.18544836,130.6643572,462.3252168,145.3749593,0.120545599,0.018376179,0.002802054,0.018376179,566.7954577,79.8,20.2,1.01,77.84,3.89,44.99,3.89,3.806440243,0.32911875,3.9915,1.3292,1.1666,0.2356,0.0903,0.0111,0.0075,68.1
Kerguelen,KER3,CAT2.3A,30,42.3,43.4,42.9,0.6,536.3,857,689,691,160,0.04731,0.01159,22254.33333,54230.83333,1.336666667,31.58333333,122.9166667,187.5,48.91666667,3056.25,0.181818182,98.75,203.3333333,1099.083333,40916.75,6151.166667,6.656179976,1.895106976,0.15036792,-1.895106977,47067.91667,283.7977299,568.4266697,0.095187216,14.55059095,15.41816127,28.26337173,18.1782004,328.603692,0.603022689,65.27859875,111.5374648,87.36907955,713.6773048,169.3387317,0.206403629,0.030906791,0.004631323,0.030906791,752.9800744,79.69,20.31,1.02,78.47,3.92,45.36,3.92,3.814630659,0.32965944,3.6289,1.2374,1.2567,0.2552,0.0998,0.0121,0.0077,63.6
Kerguelen,KER3,CAT2.3B,36,43.7,44.9,44.3,0.6,599.2,865,714,720,133,0.05185,0.01029,21909.23077,54480.76923,1.263846154,43.07692308,149.1538462,235.5384615,52.30769231,4288.153846,2.923076923,62.38461538,164.0769231,1136.692308,39831.69231,6060,6.57570172,1.883027312,0.152182909,-1.883027312,45891.69231,458.0045767,1297.75127,0.10275687,15.27231449,8.74496192,30.63934123,17.88101701,813.2253528,10.53930373,47.66819076,49.54200497,104.8708608,703.9658354,131.6605484,0.181802649,0.02771832,0.004228747,0.02771832,717.5523656,82.35,17.65,0.88,77.95,3.9,45.06,3.9,3.807994935,0.329586779,4.7689,1.9314,0.9956,0.1757,0.0799,0.0091,0.006,65.3
Kerguelen,KER3,CAT2.3B,37,45,46.3,45.6,0.6,652.8,873,737,746,110,0.04729,0.00763,22373.21429,54849.21429,1.316428571,36.64285714,127.3571429,210.5714286,55.07142857,3844.214286,0.181818182,45.07142857,195.7142857,1084.285714,40495.92857,6241.571429,6.490152606,1.870090146,0.154140085,-1.870090145,46737.5,443.5861166,1125.681208,0.065937866,12.17568285,22.00561866,36.90885715,16.13149946,466.4502906,0.603022689,47.06536255,104.5270878,81.18395879,890.6628011,170.3677986,0.133037599,0.020562513,0.00317905,0.020562512,1012.671391,81.1,18.9,0.95,75.74,3.79,43.78,3.79,3.779177092,0.327160374,5.1663,2.144,0.9498,0.1795,0.0835,0.0085,0.0053,62.6
Kerguelen,KER3,CAT2.3B,38,46.4,47.6,47,0.6,703.6,884,761,775,90,0.04905,0.00631,22132.07692,54216.69231,1.357692308,45.84615385,150.0769231,258.1538462,61.15384615,4195.230769,0.923076923,67.30769231,214.8461538,1110.769231,39486.23077,6091.692308,6.484087204,1.868922591,0.154355481,-1.868922592,45577.92308,436.1873568,1014.66303,0.066852306,18.13765032,32.90253673,38.00624105,18.25215126,441.561463,3.328201177,77.8421315,128.9604889,57.12435827,1086.720154,140.4963728,0.198222954,0.030418323,0.004671109,0.030418323,1135.497869,81.99,18.01,0.9,76.74,3.84,44.36,3.84,3.792338162,0.328281753,5.6422,2.4261,0.9067,0.1633,0.0784,0.008,0.0049,60.9
Kerguelen,KER3,CAT2.3B,39,47.7,48.9,48.3,0.6,737.2,908,788,802,85,0.04641,0.00551,22257,54789.53846,1.281538462,43.76923077,162,236.9230769,58.15384615,3822.307692,1.384615385,52.07692308,254.0769231,1106.615385,40338.07692,6196.153846,6.512397604,1.873547014,0.153602407,-1.873547014,46534.23077,266.9163415,742.8894731,0.069981683,12.46430802,20.94039159,35.63346166,21.7786063,554.1676017,4.992301766,53.8012725,77.77259751,97.80042473,812.2158438,173.720967,0.122067526,0.018615866,0.002840401,0.018615865,949.4854882,79.86,20.14,1.01,72.6,3.63,41.97,3.63,3.736955077,0.323210554,4.9832,2.1727,1.0621,0.214,0.104,0.0099,0.006,60.5
Kerguelen,KER3,CAT2.3B,40,49.1,50.3,49.7,0.6,750.9,950,818,831,100,0.02992,0.00395,22380.61538,55390,1.3,40.61538462,182.6153846,270.2307692,68.53846154,4061.538462,2.538461538,90,286.2307692,1079.384615,40399.76923,6231.846154,6.487596781,1.869441422,0.154278641,-1.869441422,46631.61538,115.3960849,513.3731586,0.064420494,18.87917045,38.44593273,53.22147725,15.8724887,293.9641745,9.152553238,80.2070238,101.1056822,112.3109808,397.2516318,167.0054122,0.203700912,0.031177784,0.004775353,0.031177784,385.1991992,80.66,19.34,0.97,77.82,3.89,44.98,3.89,3.806217947,0.329172695,4.5593,2.0243,1.0658,0.2062,0.1018,0.0062,0.0039,62.6
Kerguelen,KER3,CAT2.3B,41,50.4,51.5,50.9,0.6,779.4,998,865,874,109,0.02324,0.00316,22409,54825.5,1.379166667,37.5,147.9166667,249.5833333,59.25,3421.416667,0.181818182,67.58333333,219.6666667,1118.916667,40727.58333,6211.833333,6.563066027,1.880952427,0.152522186,-1.880952427,46939.41667,210.7324888,685.9414897,0.083715789,17,26.55511707,37.52201374,20.87244813,276.7310668,0.603022689,59.53220417,68.99055711,122.8609401,281.6934047,211.4529104,0.217594736,0.033238107,0.005083303,0.033238106,381.7075173,79.61,20.39,1.02,76.5,3.83,44.22,3.83,3.789177175,0.328189701,4.5679,2.083,1.1317,0.2308,0.1168,0.0054,0.0034,64.2
Kerguelen,KER3,CAT2.3B,42,51.6,52.7,52.2,0.6,801.6,1071,924,927,135,0.02518,0.00392,21397.16667,52463.33333,1.356666667,47.91666667,174.9166667,270.25,69.75,3994.166667,0.916666667,108.75,314.4166667,1049.666667,38108.83333,5952.666667,6.403579054,1.856322113,0.156329378,-1.856322113,44061.5,509.2864587,1178.006894,0.074264066,15.31166123,24.61137333,73.28416051,21.75117552,669.1856426,3.175426481,54.76582378,174.0211368,89.60654738,1414.433573,163.4121022,0.219347381,0.034118891,0.005310872,0.034118891,1497.976119,80.8,19.2,0.96,75,3.75,43.35,3.75,3.769306703,0.326064594,4.1793,1.9392,1.1017,0.2115,0.1087,0.0053,0.0036,67
Kerguelen,KER3,CAT2.3B,43,52.9,54,53.4,0.6,818.1,1167,973,976,175,0.02324,0.0044,19826.83333,49729.83333,1.298333333,58.91666667,224.5,361.25,80.5,5309.5,0.416666667,101.5833333,544.25,990.3333333,33982.75,5687.5,5.973419372,1.786150034,0.167803556,-1.786150034,39670.25,845.9668845,2194.558636,0.063221592,18.50532274,33.04129647,67.91321333,25.78054235,1138.252928,1.443375673,44.99991582,212.2563309,81.47317833,2232.002123,204.8633691,0.299343651,0.050723111,0.008617623,0.05072311,2372.329623,78.21,21.79,1.09,70.22,3.51,40.59,3.51,3.703521731,0.320260194,4.6678,2.2242,1.1491,0.2504,0.1318,0.0058,0.0042,71.6
Kerguelen,KER3,CAT2.3B,44,54.1,55.2,54.7,0.6,830.7,1279,1022,1029,224,0.02569,0.00586,19673.5,48881.66667,1.34,49,215.1666667,336.6666667,71.25,5380.25,7.833333333,108.6666667,723.5,919.25,33120.5,5544.666667,5.980257834,1.786320764,0.167944751,-1.786320763,38665.16667,850.6004831,2176.004651,0.070194535,16.52546245,30.79797317,69.6880495,18.48402258,1282.905093,21.17388328,63.52570465,344.5868409,118.5105481,2121.510847,255.9830724,0.403657448,0.068840357,0.011795892,0.068840357,2215.784279,72.57,27.43,1.37,54.35,2.72,31.42,2.72,3.447444633,0.298442056,4.6678,2.2709,1.1143,0.3056,0.164,0.0079,0.006,76.5
Kerguelen,KER3,CAT2.3B,45,55.3,56.5,55.9,0.6,842.5,1389,1064,1078,273,0.02376,0.00627,16595.23077,45664.38462,1.433076923,139.8461538,502,820.2307692,158.5384615,10666.53846,19,165.8461538,1254,855.7692308,24373.69231,4755.307692,5.124565014,1.630423813,0.196528091,-1.630423812,29129,1365.230942,4670.207268,0.094814258,67.25430117,194.4020747,349.127998,57.45812299,3494.477467,30.87879531,56.05034367,348.2446458,149.8544593,3171.573988,419.6098157,0.463602742,0.087685967,0.016702691,0.087685967,3484.625327,70.03,29.97,1.5,44.44,2.22,25.69,2.22,3.246101811,0.280511717,4.3693,2.1584,1.2181,0.3651,0.1986,0.0087,0.007,80.8
Kerguelen,KER3,CAT2.3B,46,56.6,57.9,57.3,0.6,853.5,1521,1115,1136,334,0.0242,0.00739,22618.14286,54644.42857,1.369285714,42.35714286,206.6428571,247,49.78571429,3282.571429,0.181818182,65.28571429,419.8571429,1010.357143,40684.57143,6245.5,6.497390441,1.869646507,0.154456345,-1.869646507,46930.07143,1776.868804,3141.477842,0.10658794,47.30523982,91.46130509,185.8336725,28.9407314,1558.703737,0.603022689,60.09790547,299.0818918,121.6960951,4695.921696,432.4274506,0.393942352,0.061896183,0.009756702,0.061896183,5099.449404,70.3,29.7,1.49,33.5,1.67,19.36,1.68,2.963209082,0.257137978,5.1663,2.609,1.1155,0.3313,0.1839,0.008,0.0069,86
Kerguelen,KER3,CAT2.3B,47,58.1,59.3,58.7,0.6,863.7,1651,1168,1193,394,0.02512,0.00854,24017.23077,56447.46154,1.308461538,9.153846154,156.2307692,80.23076923,31.15384615,1483.384615,0.181818182,27.46153846,58.23076923,1061.461538,44530.84615,6783.230769,6.56567663,1.881765809,0.152334579,-1.88176581,51314.07692,295.900646,710.0571122,0.108308676,7.722760235,35.38161916,20.95691551,24.26192543,128.4987279,0.603022689,40.00961423,73.53587996,145.4628334,501.475464,97.57659713,0.09153909,0.013947553,0.002125656,0.013947554,550.5735587,85.28,14.72,0.74,79.12,3.96,45.73,3.96,3.822754538,0.331032319,5.2022,2.6895,0.916,0.1348,0.0764,0.0034,0.0031,90.7
Kerguelen,KER3,CAT2.3B,48,59.4,60.6,60,0.6,874.5,1766,1216,1246,446,0.03019,0.0111,23602.07692,55938.84615,1.312307692,9,110.1538462,44.53846154,46.53846154,1486.769231,4.153846154,25.23076923,108.6153846,1064.538462,43958.07692,6584,6.68166636,1.89903895,0.149761674,-1.899038951,50542.07692,135.5872791,782.9993451,0.068209707,12.30176139,29.89940399,23.16108584,15.79353974,432.907641,14.9769053,42.49343841,97.5854655,115.993258,426.9850625,213.8788598,0.178151299,0.026685604,0.00400035,0.026685605,595.7827431,70.41,29.59,1.48,87.82,4.39,50.76,4.39,3.927108643,0.339637647,5.2022,2.7416,0.5355,0.1584,0.0914,0.0048,0.0045,94.5
Kerguelen,KER3,CAT2.3B,49,60.7,61.8,61.3,0.6,925,1789,1257,1289,432,0.03018,0.01038,23433.33333,55822.41667,1.293333333,6.583333333,124.0833333,44.33333333,24.83333333,1409.833333,0.181818182,29.5,139.6666667,1081.833333,43495.75,6464.5,6.731164743,1.906503215,0.148635786,-1.906503215,49960.25,181.9437142,635.4603855,0.090687609,5.838093296,19.66287842,13.93056374,16.85140045,110.6574019,0.603022689,54.00252519,82.9548983,116.2409983,421.4240199,138.5086148,0.155033311,0.023163789,0.003462815,0.023163789,446.4335693,85.98,14.02,0.7,90.07,4.5,52.06,4.5,3.9523969,0.341640147,6.0639,3.2927,0.9522,0.1335,0.0792,0.004,0.0038,93.7
Kerguelen,KER3,CAT2.3B,50,62,63.2,62.6,0.6,954,1804,1303,1331,425,0.03076,0.01012,22942.30769,54911.30769,1.303076923,5.461538462,121.6153846,50.92307692,31.15384615,1272.461538,11.61538462,19.76923077,155.7692308,1020.384615,42904.30769,6313.846154,6.796382818,1.916283663,0.147168519,-1.916283663,49218.15385,207.4678227,658.7110374,0.11078392,6.47579319,21.15631687,18.3460329,18.0316673,195.9879313,19.54711599,45.66938042,80.75080376,110.3672192,456.2076254,96.95776241,0.103498512,0.015210955,0.002235843,0.015210955,499.0809631,85.39,14.61,0.73,90.17,4.51,52.12,4.51,3.953548752,0.342104852,4.9832,2.7208,1.034,0.1511,0.09,0.0046,0.0043,92.5
Kerguelen,KER3,CAT2.3B,51,63.3,64.5,63.9,0.6,973.5,1829,1358,1374,428,0.03206,0.01027,23451.53846,55416.07692,1.302307692,6.307692308,126.8461538,42.92307692,27.92307692,1208.384615,8.692307692,58.84615385,136,994.8461538,43549.53846,6386.846154,6.820880137,1.919768414,0.146672741,-1.919768414,49936.38462,331.8972269,905.8015292,0.071315478,7.95177774,16.54713547,23.03425543,18.23212156,108.7654498,20.0723052,59.05484196,84.0565286,166.9160698,662.0521902,137.4408031,0.150045686,0.021759691,0.003158269,0.02175969,721.0527649,86.05,13.95,0.7,91.43,4.57,52.85,4.57,3.967457712,0.34307061,4.5702,2.5364,1.1114,0.155,0.0938,0.005,0.0046,92.5
Kerguelen,KER3,CAT2.3B,52,64.6,65.7,65.1,0.5,993.8,1853,1405,1413,430,0.02901,0.00907,23295.83333,55432.33333,1.344166667,10.66666667,119.3333333,52,31.58333333,1255.583333,1.416666667,15,87.66666667,1020.25,43549.16667,6502.25,6.702649016,1.902195281,0.149286388,-1.902195281,50051.41667,356.9949919,1108.437256,0.07786449,11.97219,19.10418009,13.96749473,13.49382575,113.4784387,4.907477288,37.12876856,58.01619419,96.02662983,707.7605955,231.2378252,0.17391194,0.025882945,0.003854316,0.025882945,892.4823867,86.12,13.88,0.69,92.09,4.6,53.23,4.61,3.974622147,0.344223335,4.8707,2.7641,1.0687,0.1484,0.0916,0.0043,0.004,93
Kerguelen,KER3,CAT2.3B,53,65.8,66.9,66.4,0.5,1010.6,1878,1460,1456,434,0.03142,0.00962,22817.91667,55611.16667,1.300833333,34.25,126.0833333,55.75,50.58333333,2350.333333,5.833333333,61.66666667,72.5,1214.083333,42187.16667,6437.416667,6.549957694,1.878962997,0.15282527,-1.878962998,48624.58333,929.2125169,1659.788039,0.07391129,36.49190446,18.52005465,23.13645294,27.28455552,1388.104092,12.1717507,76.82013625,92.54630291,99.73825594,2615.534009,269.6015438,0.213815678,0.033005433,0.005100461,0.033005433,2857.493926,86.17,13.83,0.69,91.48,4.57,52.88,4.57,3.968025196,0.342925022,3.9915,2.2871,1.2281,0.1699,0.1058,0.0053,0.005,92.9
Kerguelen,KER3,CAT2.3B,54,67.1,68.2,67.6,0.5,1020.6,1917,1506,1495,448,0.02901,0.00893,16842.91667,52676.66667,1.339166667,556.75,193.6666667,215.9166667,342.5833333,16649.08333,109.4166667,607.0833333,18.91666667,1952,24823.75,5131.083333,4.816325835,1.567938379,0.209309927,-1.567938379,29954.83333,1413.928085,2490.388956,0.067616342,214.1592971,26.73211665,57.9065993,94.35952362,4365.980083,66.7361948,212.6403102,38.23719829,270.2221308,4078.849551,444.1652965,0.457778136,0.093883168,0.019356613,0.093883168,4475.3475,79.22,20.78,1.04,55.2,2.76,31.91,2.76,3.46291944,0.299519199,4.5679,2.6768,1.1979,0.2489,0.1583,0.0072,0.0068,94.4
Kerguelen,KER3,CAT2.3B,55,68.3,69.4,68.9,0.5,1036.6,1970,1556,1538,467,0.03263,0.01017,22198.66667,55549.16667,1.315,70.41666667,118.5833333,77.33333333,86,4226.833333,15.41666667,139.8333333,79.08333333,1359.75,40367.25,6222,6.480666995,1.867124964,0.154840937,-1.867124963,46589.25,960.2196087,1006.455602,0.04926736,102.3145403,19.55625142,57.04915478,69.66151931,3552.371444,21.35185039,166.8444204,81.61713093,299.8933523,3288.378852,195.2425065,0.386823018,0.061491959,0.009815744,0.061491959,3454.187738,73.08,26.92,1.35,31.01,1.55,17.93,1.55,2.886475288,0.249527981,4.8707,2.9102,1.2076,0.3251,0.2105,0.0106,0.0102,95.9
Kerguelen,KER3,CAT2.3B,56,69.5,70.7,70.1,0.6,1050.7,2020,1600,1577,485,0.02789,0.00881,23282.23077,56379.30769,1.284615385,7.923076923,99,31.61538462,38.69230769,2242.692308,3.769230769,45.23076923,92.69230769,1101.153846,43208.46154,6354.846154,6.801391149,1.916977288,0.14707253,-1.916977287,49563.30769,235.0117564,1148.393108,0.062398636,8.722208612,14.35850503,13.50640874,12.41225614,497.1313349,12.16657885,52.30862556,80.24793312,110.3296924,465.3182809,135.818412,0.123399025,0.017960202,0.002614932,0.017960201,552.4569945,86.85,13.15,0.66,87.5,4.38,50.58,4.38,3.923556241,0.339762284,5.2022,3.1577,1.0197,0.1341,0.0881,0.0037,0.0036,97.3
Kerguelen,KER3,CAT2.3B,57,70.9,72,71.5,0.6,1143.5,2043,1639,1624,450,0.03191,0.00909,23278.5,55656.5,1.333333333,3.166666667,95.41666667,23.41666667,29.83333333,2034.5,4.083333333,15,46.83333333,980.5833333,43227.58333,6419.166667,6.73907796,1.907625566,0.148476584,-1.907625565,49646.75,450.1386655,1092.029345,0.077498778,5.201980975,20.6417861,18.11808907,16.73229503,643.8275461,7.561365116,31.12146292,49.03029367,112.2079711,463.2222044,209.0449422,0.171714119,0.025479841,0.003783276,0.025479841,636.1905268,87.62,12.38,0.62,90.91,4.55,52.55,4.55,3.961765097,0.343026283,5.0921,3.1444,0.9858,0.122,0.0815,0.0039,0.0037,95.2
Kerguelen,KER3,CAT2.3B,58,72.2,73.3,72.7,0.6,1221.2,2063,1673,1665,421,0.02889,0.00753,23337.58333,56572,1.346666667,3.583333333,99.83333333,26.41666667,34.08333333,2037,4.333333333,86.91666667,68.58333333,991.5833333,43860,6564.25,6.684095361,1.899578687,0.149654523,-1.899578687,50424.25,398.0578894,875.1336521,0.043762444,5.501377238,13.34734113,16.63762621,18.96148409,338.4872765,15.011107,66.63395031,56.12560319,123.0036646,629.8354764,170.4550727,0.12153127,0.018242671,0.002739137,0.01824267,763.191043,88.44,11.56,0.58,90.83,4.54,52.5,4.54,3.96081317,0.342516034,5.0921,3.1953,1.0237,0.1184,0.0802,0.0034,0.0032,93.8
Kerguelen,KER3,CAT2.3B,59,73.4,74.5,74,0.5,1282.5,2085,1713,1708,401,0.03067,0.00743,23103.33333,55514.91667,1.315833333,10.25,103.25,29.41666667,28.16666667,2244.333333,6.083333333,45.83333333,93.5,954.3333333,43019.25,6350.166667,6.777869746,1.913446542,0.14760292,-1.913446542,49369.41667,179.270914,868.9001887,0.08764166,11.15286347,16.91758096,13.26278685,10.51261868,587.4319045,13.92485243,52.90786732,76.11773178,100.7619457,449.3401475,170.6057834,0.147036561,0.021740866,0.00321627,0.021740865,572.7925943,88.37,11.63,0.58,91.6,4.58,52.95,4.58,3.969348072,0.34333549,4.2749,2.7124,1.2366,0.1438,0.0984,0.0044,0.0041,92.7
Kerguelen,KER3,CAT2.3B,60,74.7,75.8,75.2,0.5,1335.7,2102,1755,1749,383,0.02889,0.00654,23198.08333,56121.41667,1.3075,4,90.91666667,35.75,23.91666667,2872.833333,2.083333333,26.5,93.16666667,980.0833333,43008.08333,6544.666667,6.573243729,1.882876145,0.152171708,-1.882876146,49552.75,189.7713736,1046.643159,0.072126782,4.631905165,18.47090259,15.28591152,17.39622913,1335.024197,5.401318582,47.41787158,62.67061561,136.7761664,560.4980672,142.6542759,0.111619803,0.016896377,0.002558194,0.016896378,659.9212246,87.44,12.56,0.63,90.98,4.55,52.59,4.55,3.962525988,0.342831208,4.8707,3.1538,1.1126,0.1397,0.0974,0.004,0.0037,92.4
Kerguelen,KER3,CAT2.3B,61,75.9,77.1,76.5,0.6,1396.3,2127,1802,1792,365,0.03005,0.00635,22922.84615,54556.53846,1.251538462,9.846153846,113.8461538,54.92307692,21,1488.692308,0.181818182,11.92307692,96.61538462,998.6923077,42953.61538,6468.153846,6.643887636,1.89349903,0.150574035,-1.89349903,49421.76923,419.2268372,936.067271,0.071629388,7.998397275,20.04929822,14.88546012,18.23458253,222.2155052,0.603022689,21.49209753,77.83801392,131.2220666,661.7001509,185.9537784,0.137558303,0.020736014,0.00312684,0.020736014,804.9974279,85.24,14.76,0.74,90.16,4.51,52.12,4.51,3.953548752,0.342104852,4.3693,2.8575,0.9887,0.146,0.1028,0.0044,0.004,91.5
Kerguelen,KER3,CAT2.3B,62,77.2,78.2,77.7,0.5,1444.7,2143,1847,1833,349,0.02943,0.0058,22610.54545,53901.36364,1.286363636,8.727272727,136.5454545,48.27272727,31.27272727,1101.545455,0.181818182,29.45454545,131.3636364,955.1818182,42425.72727,6407.909091,6.622370312,1.890262625,0.151061059,-1.890262624,48833.63636,768.0884537,1551.861416,0.08743829,9.001010044,16.90185573,21.34989887,12.87704088,83.24225326,0.603022689,50.96540716,118.6922683,106.712528,1280.208115,202.2416646,0.135407507,0.02050419,0.003106547,0.02050419,1442.988307,85.31,14.69,0.73,90.84,4.54,52.51,4.54,3.961003628,0.342467272,3.6287,2.4058,1.3137,0.1929,0.1376,0.0057,0.0052,91
Kerguelen,KER3,CAT2.3B,63,78.3,79.4,78.9,0.5,1488.3,2176,1894,1873,344,0.03042,0.00579,22986.08333,55564.75,1.31,6.916666667,135.9166667,30.08333333,19.33333333,1692,0.181818182,21.25,172.5,994.5833333,42830.91667,6367,6.729217522,1.9062879,0.148656419,-1.9062879,49197.91667,393.8789519,1036.211818,0.046514905,6.680478118,23.53897477,20.7384506,18.44566139,610.3559319,0.603022689,27.78202493,90.50313907,142.9942518,494.1919867,138.6060474,0.130204193,0.019296608,0.002860784,0.019296608,572.0823937,85.39,14.61,0.73,91.72,4.59,53.02,4.59,3.970669201,0.343745221,4.0849,2.7512,1.0799,0.1577,0.1141,0.0048,0.0044,91.4
Kerguelen,KER3,CAT2.3B,64,79.6,80.7,80.1,0.5,1535,2222,1937,1914,344,0.02573,0.0048,23007.75,55020.91667,1.3,3.916666667,138.6666667,28.5,17.66666667,1266.833333,1.25,19.75,108.6666667,984.3333333,43286.5,6386.25,6.780653852,1.913808146,0.147556347,-1.913808146,49672.75,305.029097,1040.924978,0.095155375,6.473137968,17.79853586,13.6947236,15.40562668,188.4158039,4.330127019,27.50578452,76.9938998,104.528668,802.6581407,154.6539392,0.16389711,0.024009067,0.003518201,0.024009067,875.9819555,86.7,13.3,0.67,94.44,4.72,54.59,4.72,3.999850716,0.345837981,4.3715,2.9945,1.1322,0.1506,0.1107,0.0039,0.0036,92.2
Kerguelen,KER3,CAT2.3B,65,80.8,81.9,81.4,0.5,1650.3,2235,1976,1962,292,0.02787,0.00434,23337,55047.25,1.4025,11.08333333,137.4166667,29.33333333,12.83333333,1135.583333,0.181818182,8.583333333,45.5,1067.5,43874.58333,6320.333333,6.945436459,1.937695856,0.144091434,-1.937695857,50194.91667,435.0857805,925.9510222,0.083679584,8.500891219,15.57654608,14.11854572,16.06143508,121.3578168,0.603022689,16.22824885,54.75150475,93.46316727,822.7654541,159.5677874,0.202417417,0.029126276,0.004194013,0.029126276,860.8625123,94.3,5.7,0.29,93.02,4.65,53.77,4.65,3.984715691,0.344596019,4.5679,3.1793,1.1621,0.0663,0.0494,0.0018,0.0017,90.2
Kerguelen,KER3,CAT2.3B,66,82.1,83.2,82.6,0.5,1760.5,2249,2007,2006,244,0.02787,0.00358,22889.41667,54091.33333,1.36,4.5,125,44.91666667,15.66666667,1001.583333,0.181818182,0.666666667,37.16666667,1046.25,43252.91667,6423.916667,6.735368619,1.907232908,0.148511487,-1.907232908,49676.83333,802.3534087,1970.853361,0.084207536,5.916079783,22.74363048,26.52086086,15.34650291,225.6624423,0.603022689,2.309401077,54.75703912,172.9992775,1158.426477,217.4724469,0.117433846,0.017464021,0.002597885,0.017464021,1349.963894,87.99,12.01,0.6,92.68,4.63,53.57,4.64,3.98098921,0.344815941,4.5679,3.2249,1.0018,0.1204,0.091,0.0034,0.003,88.4
Kerguelen,KER3,CAT2.3B,67,83.3,84.4,83.8,0.5,1866.1,2262,2040,2050,198,0.02573,0.00265,23800,56723.33333,1.338333333,4.583333333,146.5,69.58333333,18.91666667,1319.75,0.181818182,12.08333333,138.8333333,1059.5,44654.41667,6678.333333,6.691294578,1.900580523,0.149515825,-1.900580523,51332.75,595.7952668,1129.156188,0.087887669,8.10676859,29.96816493,12.24342743,16.99442868,212.0540776,0.603022689,25.13403463,85.36428179,106.5265652,992.6254863,265.7101405,0.14865815,0.022262903,0.003335809,0.022262902,1235.186193,85.24,14.76,0.74,88.98,4.45,51.44,4.45,3.94041608,0.340879696,4.1793,2.984,1.0636,0.157,0.12,0.004,0.0035,86.7
Kerguelen,KER3,CAT2.3B,68,84.5,85.6,85.1,0.5,1966.2,2277,2075,2098,156,0.02787,0.00225,23430.83333,55713.66667,1.3025,13.41666667,183,81.91666667,28.08333333,1494.083333,0.181818182,36.33333333,215.1666667,1067.25,43386.58333,6448.833333,6.729620374,1.906355325,0.148645353,-1.906355325,49835.41667,532.7803288,1203.668735,0.077356906,11.3093552,25.70815223,15.01791859,21.77762961,154.2450579,0.603022689,55.71409701,66.8265507,69.06798364,806.8675072,154.0612826,0.127095553,0.018880127,0.002805371,0.018880126,911.2143205,84.81,15.19,0.76,91.25,4.56,52.75,4.56,3.965563772,0.342805134,3.9915,2.8859,0.9368,0.1423,0.11,0.004,0.0034,85.4
Kerguelen,KER3,CAT2.3B,69,85.8,86.9,86.3,0.5,2023.3,2312,2115,2143,144,0.02675,0.00197,23058.83333,55079.16667,1.363333333,12,201.8333333,72.41666667,19.08333333,1768.5,0.181818182,43.91666667,149.1666667,1045.333333,42808.91667,6342.833333,6.754959596,1.909728265,0.148200934,-1.909728265,49151.75,632.7654791,1082.99071,0.069587529,9.50597898,43.52393977,23.12597254,12.14651715,431.2020197,0.603022689,57.75096746,71.29813632,82.80023423,970.1669452,218.3545213,0.23518148,0.034495565,0.005065178,0.034495565,1064.398518,84.99,15.01,0.75,91.67,4.58,52.99,4.58,3.970103217,0.343141588,3.6289,2.6527,1.0247,0.1538,0.1201,0.0041,0.0035,85.5
Kerguelen,KER3,CAT2.3B,70,87,88,87.5,0.5,2044.8,2392,2160,2187,174,0.0266,0.00226,23626.63636,56154.90909,1.384545455,7.272727273,166.1818182,41.45454545,18.81818182,1610.909091,0.181818182,17.45454545,144.6363636,1084.090909,44055.36364,6590.454545,6.68648056,1.899942793,0.149598673,-1.899942792,50645.81818,556.8326989,1092.06341,0.12746479,11.60250757,33.43297229,17.16603412,20.93713534,504.8024276,0.603022689,34.87510182,44.83586227,62.62180857,832.572432,163.7891105,0.119856026,0.017816606,0.002649397,0.017816608,954.2977332,87.57,12.43,0.62,94.4,4.72,54.57,4.72,3.999484281,0.345933037,3.9741,2.9607,1.0122,0.1258,0.1,0.0033,0.0029,88
Kerguelen,KER3,CAT2.3C,77,88,89,88.5,0.5,2060.5,2463,2199,2224,201,0.02774,0.00267,23868.1,56638.1,1.362,19,170.7,99.6,37,2246.2,0.4,28.1,184.1,990.2,43965.6,6413.2,6.857373075,1.925216486,0.145860036,-1.925216486,50378.8,246.9617379,662.3861663,0.092472218,18.42100251,19.63585156,27.90539573,19.79898987,418.2181249,1.264911064,33.69619167,104.1371425,72.93345521,627.0623219,154.3357091,0.10584224,0.015515432,0.00227514,0.015515432,754.1056218,86.58,13.42,0.67,95.45,4.77,55.18,4.77,4.010600569,0.346693815,3.299,2.6755,1.2681,0.1701,0.1465,0.0047,0.0045,95.7
Kerguelen,KER3,CAT2.3C,78,89.2,90.2,89.7,0.5,2073.1,2567,2249,2268,247,0.01466,0.00168,23606.90909,56772.27273,1.369090909,22.18181818,210.0909091,125.5454545,47.27272727,2664.818182,1.181818182,43.90909091,267.2727273,955.7272727,43350.63636,6477,6.69391898,1.90113468,0.149408723,-1.90113468,49827.63636,337.8459574,644.7438392,0.088369061,14.63433075,40.80307475,47.50234444,24.26969678,563.5052472,3.91964748,61.95071355,62.73131739,139.153937,352.6259414,96.45206063,0.07978989,0.011952618,0.00179068,0.011952619,417.6003527,85.45,14.55,0.73,92.59,4.63,53.52,4.63,3.980055416,0.344313464,3.4619,2.8456,1.2468,0.1814,0.1582,0.0027,0.0026,98.6
Kerguelen,KER3,CAT2.3C,79,90.4,91.4,90.9,0.5,2122.4,2660,2341,2352,269,0.01217,0.00146,23358.63636,59475.27273,1.399090909,17.72727273,182.1818182,108.8181818,38.45454545,6804.909091,0.181818182,32.90909091,194.7272727,880.2727273,42273.90909,6369.090909,6.643471097,1.893014729,0.150710814,-1.893014728,48643,318.4648404,1792.309688,0.091591981,14.64302502,29.0303916,56.23489696,19.35646474,2297.450694,0.603022689,58.28456836,98.7968531,87.5043895,843.4595965,205.5764843,0.244862191,0.03696606,0.005587903,0.036966059,882.0489782,86.71,13.29,0.66,93.88,4.69,54.26,4.69,3.993787307,0.345205722,3.4619,2.8803,1.2864,0.171,0.1508,0.0021,0.0021,100.2
Kerguelen,KER3,CAT2.3C,80,91.7,92.8,92.2,0.5,2159.9,2839,2449,2458,339,0.01174,0.00169,23576.08333,58638.33333,1.355,9,149.75,51.75,27,5837.083333,0.181818182,31,138.3333333,906.0833333,42879.75,6381.75,6.722911814,1.905228698,0.148831961,-1.905228698,49261.5,222.1352816,1275.803086,0.084906366,7.434563018,31.72359317,22.61988265,16.98127311,1604.977851,0.603022689,50.41644753,65.05708449,83.11378655,420.9226068,166.7742759,0.170282346,0.025240743,0.003743548,0.025240744,496.2370218,87.59,12.41,0.62,91.53,4.58,52.9,4.58,3.968403339,0.34357821,3.9915,3.3649,1.2049,0.1496,0.1336,0.0018,0.0018,103.7
Kerguelen,KER3,CAT2.3C,81,93,94.1,93.6,0.5,2187.8,3118,2540,2571,465,0.01264,0.00236,23483.5,56611.75,1.368333333,8.333333333,156,60.25,29.41666667,2795.416667,0.5,17.66666667,187.5833333,1007.25,43432.33333,6418.166667,6.770857483,1.912425812,0.147751567,-1.912425813,49850.5,426.9337824,1070.905914,0.079867314,8.105366722,18.53743142,30.02763878,19.21390753,411.3402613,1.732050808,27.4568532,85.85342513,106.1869064,705.1985321,207.2678694,0.141814377,0.021012585,0.003114715,0.021012584,882.5753123,88.73,11.27,0.56,92.67,4.63,53.56,4.63,3.980802521,0.344120905,3.9915,3.4048,1.2378,0.1395,0.1259,0.0018,0.0019,109
Kerguelen,KER3,CAT2.3C,82,94.3,95.4,94.9,0.5,2215.1,3401,2627,2676,593,0.01264,0.00287,23955.25,57756.91667,1.31,10.75,211.3333333,76.08333333,29.25,2381.833333,0.181818182,62.83333333,175.0833333,1013.25,44497.5,6708.083333,6.637399901,1.89236829,0.150767367,-1.892368289,51205.58333,312.593586,634.4809558,0.057524698,8.214455108,87.71786729,24.45202477,23.63404709,632.9008013,0.603022689,81.21669481,98.54344527,75.72813216,516.9931422,174.441164,0.18422125,0.027694555,0.004167215,0.027694555,559.3131272,88.26,11.74,0.59,94.21,4.71,54.46,4.71,3.997466487,0.345722864,4.1793,3.6109,1.201,0.141,0.1289,0.0018,0.002,114.1
Kerguelen,KER3,CAT2.3C,83,95.7,96.8,96.2,0.5,2237.6,3671,2712,2781,717,0.01241,0.00327,24161.16667,57379.91667,1.331666667,10.66666667,152.25,79.33333333,20.08333333,1765.666667,1.416666667,36.25,201.5833333,987,44643.41667,6662.5,6.704219021,1.902457793,0.149243395,-1.902457793,51305.91667,260.091534,610.7787069,0.048958857,9.316001223,23.6417389,37.26644441,14.41248407,364.5261765,4.907477288,54.7209865,79.61664779,104.0882493,393.6065082,164.9878783,0.164981492,0.024722002,0.003707613,0.024722001,452.7998672,88.07,11.93,0.6,95.17,4.76,55.01,4.76,4.007514987,0.346769157,3.808,3.3206,1.1722,0.1399,0.1289,0.0017,0.0021,118.5
Kerguelen,KER3,CAT2.3C,84,97,98,97.5,0.5,2257.6,3944,2794,2887,843,0.01193,0.00355,23993.81818,56774.72727,1.277272727,6.545454545,153.0909091,45.09090909,25.81818182,1677.909091,2.181818182,43.90909091,142.7272727,1010.272727,44455.63636,6733.090909,6.604724523,1.887588288,0.151466197,-1.887588287,51188.72727,115.8790906,394.4667517,0.10631001,10.03357998,20.00727141,17.89108463,20.7837349,209.6575563,5.776126415,59.99742419,85.98382512,123.8564418,336.489011,125.0139629,0.137987479,0.020777047,0.003129516,0.020777047,346.797085,88.16,11.84,0.59,95.45,4.77,55.18,4.77,4.010600569,0.346693815,3.8992,3.445,1.2493,0.1479,0.1381,0.0018,0.0022,123.1
Kerguelen,KER3,CAT2.3C,85,98.3,99.3,98.8,0.5,2278,4197,2880,2992,960,0.01161,0.00378,23974.90909,56141,1.311818182,5.727272727,165.6363636,79.63636364,26.72727273,1471.090909,0.363636364,21,169.3636364,997.6363636,44076.63636,6605,6.677259497,1.89836487,0.149864645,-1.89836487,50681.63636,264.9020402,338.4567919,0.09282437,9.477245476,16.83016772,19.95130435,21.03373913,232.5977019,1.206045378,35.2760542,128.7511342,98.5091597,326.5052137,165.7341244,0.18354491,0.027448485,0.004107482,0.027448485,339.0755882,87.59,12.41,0.62,95.19,4.76,55.02,4.76,4.007696755,0.346721857,3.299,2.9394,1.4378,0.1784,0.1679,0.0021,0.0026,126.7
Kerguelen,KER3,CAT2.3C,86,99.5,100.6,100.1,0.5,2306.5,4461,2973,3102,1077,0.0078,0.00275,24152.33333,59864.33333,1.413333333,7.833333333,136.5,49.58333333,23.25,5415.083333,0.181818182,26.91666667,125.1666667,966.6666667,43984.08333,6499.416667,6.770236821,1.912353804,0.147759057,-1.912353804,50483.5,185.2910896,2107.221149,0.065133895,6.464354476,26.47983796,23.742782,16.28231054,2604.731271,0.603022689,37.30332262,82.00868395,103.4112121,589.684578,172.0736937,0.135303866,0.019920284,0.002933953,0.019920284,717.9775256,87.53,12.47,0.62,93.85,4.69,54.25,4.69,3.993602992,0.34525342,4.2749,3.8666,1.224,0.1527,0.1457,0.0012,0.0016,130.7
Kerguelen,KER3,CAT2.3C,87,100.8,101.9,101.4,0.5,2441.6,4571,3156,3273,1064,0.0078,0.00258,23971.75,60036.08333,1.429166667,15.33333333,148.9166667,68.66666667,27.16666667,5923.416667,0.181818182,33.58333333,135.5,931.5833333,43578.41667,6480.333333,6.726969254,1.905926528,0.14871411,-1.905926528,50058.75,214.615989,1240.907473,0.104050541,11.53124872,20.39812083,29.04020202,16.5410417,1552.121215,0.603022689,50.9606949,85.02138768,123.2760821,446.5834867,130.385675,0.140301414,0.020763082,0.003073667,0.020763082,487.9765503,87.26,12.74,0.64,92.81,4.64,53.64,4.64,3.982295058,0.344478916,3.6289,3.3059,1.2745,0.1624,0.1561,0.0013,0.0016,129.2
Kerguelen,KER3,CAT2.3C,88,102.2,103.3,102.7,0.5,2513.2,4678,3380,3444,1082,0.00737,0.00236,23635.16667,56859.33333,1.316666667,16.16666667,174.6666667,111.0833333,27.58333333,3360,0.181818182,17.75,188.25,911.4166667,43010.58333,6445.916667,6.675499076,1.898210436,0.149872053,-1.898210436,49456.5,111.6966943,880.2356434,0.062133776,12.50333289,24.3360314,32.36288091,17.34389247,951.6784216,0.603022689,28.08145619,77.78890433,66.99451583,315.3922402,147.4236063,0.149571993,0.022658177,0.003435395,0.022658177,367.8998134,86.93,13.07,0.65,95.8,4.79,55.37,4.79,4.014037931,0.347250166,4.5679,4.2299,1.1924,0.1558,0.1521,0.0011,0.0015,129.6
Kerguelen,KER3,CAT2.3C,89,103.5,104.7,104.1,0.6,2552.8,4766,3631,3627,1107,0.00765,0.00238,23488.76923,57193.53846,1.295384615,12.30769231,153.3846154,74.30769231,37.15384615,3526.230769,2.230769231,37.38461538,151.7692308,964.9230769,43168,6521.307692,6.621207113,1.890093195,0.151085723,-1.890093196,49689.30769,234.3103902,1219.537728,0.062130962,10.95737663,26.87482856,30.20591723,22.68202722,1379.798425,8.043152845,49.08247899,73.57439981,98.21698897,689.070872,131.4061037,0.132103946,0.020015496,0.003033895,0.020015496,752.239477,88.39,11.61,0.58,96.43,4.82,55.74,4.82,4.020698022,0.347681458,4.7755,4.4699,1.0887,0.1264,0.1246,0.001,0.0013,129.7
Kerguelen,KER3,CAT2.3C,90,104.9,105.9,105.4,0.5,2595.9,4826,3856,3798,1115,0.0075,0.00224,23775.45455,58025,1.297272727,23.18181818,200.4545455,129.8181818,29.09090909,2997.181818,0.181818182,73.36363636,228.6363636,993.3636364,43784,6658.636364,6.577620516,1.883488176,0.152087149,-1.883488175,50442.63636,218.3448482,983.1811634,0.077471402,28.13829484,29.57148504,41.06048753,16.44052642,468.3137449,0.603022689,67.70860023,105.5464568,112.1653001,553.317811,141.973429,0.132050415,0.020214622,0.003096048,0.020214623,621.2285043,85.48,14.52,0.73,94.29,4.71,54.5,4.72,3.998200702,0.346266189,3.4619,3.2611,1.3136,0.1908,0.1892,0.0014,0.0018,129
Kerguelen,KER3,CAT2.3C,91,106.1,107.2,106.7,0.5,2639.8,4920,4030,3969,1140,0.00809,0.00237,24314.41667,59259.91667,1.325833333,45.66666667,240.9166667,229.5833333,43.58333333,3079,4.25,21.25,236.75,1065.083333,44531,6737.416667,6.611108337,1.888595543,0.151307792,-1.888595544,51268.41667,203.1512908,818.1067343,0.063454828,19.12320501,20.24153396,59.86417708,13.97698324,478.5930137,8.378815278,32.6973032,127.4449079,84.67956535,374.8007956,108.8280197,0.121644858,0.018453682,0.002800501,0.018453681,386.5468238,85.37,14.63,0.73,94.83,4.74,54.81,4.74,4.003872659,0.346257187,4.0849,3.8949,1.3941,0.204,0.2047,0.0016,0.0021,129.6
Kerguelen,KER3,CAT2.3C,92,107.4,108.6,108,0.6,2684.7,5201,4181,4139,1258,0.00724,0.00224,24196.84615,60111.84615,1.349230769,42.61538462,269.5384615,253.3846154,46.61538462,4895.461538,1.846153846,23.15384615,176.7692308,1054.461538,43781.76923,6656.153846,6.580100881,1.883853216,0.152032917,-1.883853216,50437.92308,210.845064,880.5740406,0.134502883,11.87812037,64.20360242,80.79556347,19.50870943,1429.561157,6.656402355,38.03035225,56.96805223,86.21834239,1161.701278,218.1875516,0.13654941,0.020603637,0.003110126,0.020603636,1340.097724,84.86,15.14,0.76,94.77,4.74,54.78,4.74,4.003325164,0.346399439,3.768,3.6173,1.1593,0.1755,0.1772,0.0013,0.0017,132
Kerguelen,KER3,CAT2.3C,93,108.9,109.9,109.4,0.5,2720.1,5540,4352,4323,1410,0.01005,0.00332,23462,57205.36364,1.423636364,40.18181818,227.7272727,204.3636364,48.54545455,4527.363636,0.818181818,24.72727273,210.8181818,955.8181818,41893.90909,6325.545455,6.625880843,1.89078331,0.150983506,-1.890783311,48219.45455,336.4907131,767.2848588,0.086171077,16.38791129,24.40119222,32.54926336,17.24159874,541.4752576,2.713602101,34.88005421,89.79512034,129.1331237,595.9598065,169.9496182,0.139473106,0.020940736,0.003145378,0.020940735,717.8458558,85.53,14.47,0.72,97.14,4.86,56.15,4.86,4.028026681,0.348641312,3.4619,3.3649,1.4817,0.2145,0.2192,0.0022,0.0029,135.3
Kerguelen,KER3,CAT2.3C,94,110.1,111.2,110.7,0.5,2770.2,5707,4451,4451,1468,0.01474,0.00494,23486.16667,57534.58333,1.328333333,36.16666667,228.9166667,193.75,36.66666667,4155.5,3.416666667,23.83333333,154,1031.5,42589.33333,6474.5,6.580008397,1.883904289,0.152015594,-1.883904289,49063.83333,320.0098957,849.4440383,0.070302377,10.6500818,31.40775334,37.00644907,19.64842503,1116.164089,8.117974818,36.63538611,107.4607751,109.3555502,1075.063324,206.0871396,0.111395758,0.016965747,0.002584738,0.016965748,1253.781686,86.1,13.9,0.69,92.36,4.62,53.39,4.62,3.977623463,0.344195924,4.1793,4.1125,1.1984,0.1666,0.1722,0.0025,0.0034,136.9
Kerguelen,KER3,CAT2.3C,95,111.4,112.5,112,0.5,2835.9,5729,4544,4541,1447,0.01474,0.00477,23668.25,58306.75,1.326666667,48.83333333,282.75,283.4166667,53.91666667,3237.916667,4.916666667,23.25,280.4166667,1034.416667,43536.91667,6592.75,6.606360418,1.887819969,0.151433779,-1.887819969,50129.66667,90.62221783,575.4361389,0.11918918,18.62468222,33.03200927,47.25647302,20.62856948,303.4425087,12.48605283,37.07762128,113.1245961,96.28693703,312.960485,139.6886961,0.142315877,0.021558867,0.003266799,0.021558865,357.3397501,84.65,15.35,0.77,95.04,4.75,54.94,4.75,4.006241681,0.346371459,3.6289,3.5962,1.3624,0.2091,0.2177,0.0031,0.0042,136.5
Kerguelen,KER3,CAT2.3C,96,112.8,113.9,113.3,0.5,2900.5,5756,4674,4631,1428,0.01477,0.00462,23448.08333,57685,1.2825,45.66666667,262.0833333,225,60.91666667,3184.583333,0.181818182,32.25,264.0833333,1021.166667,43069.66667,6516.666667,6.611088375,1.88862957,0.151296956,-1.88862957,49586.33333,158.8787178,840.5793457,0.075332596,14.70518358,54.81283581,71.36207294,23.89544777,776.8380501,0.603022689,43.02457015,85.10256735,105.133537,471.0078813,145.725354,0.106375837,0.016097071,0.002436576,0.016097071,586.5898882,83.51,16.49,0.82,93.18,4.66,53.86,4.66,3.986388087,0.344904725,3.454,3.454,1.1883,0.196,0.2058,0.0029,0.0039,136.3
Kerguelen,KER3,CAT2.3C,97,114.1,115,114.5,0.5,2962.2,5782,4797,4714,1410,0.01417,0.00429,23663.6,57214.7,1.298,33.4,233.7,184.3,40.8,2500,0.181818182,11.7,246.5,1003.2,43530.8,6530.9,6.666916286,1.897055089,0.150025113,-1.89705509,50061.7,225.7265799,832.4628854,0.05452828,11.66380917,30.16639042,56.48018335,23.71028844,529.8637141,0.603022689,27.43902331,78.93492397,104.0393088,448.9297891,130.7444071,0.100455434,0.015086784,0.002266216,0.015086784,545.4384679,84.79,15.21,0.76,96.12,4.81,55.56,4.81,4.017463518,0.347804167,2.6865,2.7106,1.4807,0.2252,0.2385,0.0032,0.0043,136.2
Kerguelen,KER3,CAT2.3C,98,115.2,116.2,115.7,0.5,3022.7,5808,4909,4798,1393,0.01363,0.00402,23472.45455,59740.72727,1.34,49.09090909,271.8181818,271.5454545,60.63636364,5675,11.18181818,39.54545455,267.5454545,1003.909091,42593.27273,6470.727273,6.58358254,1.88446824,0.151926697,-1.884468241,49064,354.3160633,2363.669228,0.085440037,17.00267359,41.11403211,44.91851208,14.34066057,2011.617956,17.52608446,48.39909841,75.07910979,89.4667028,632.8461252,121.9065961,0.102658822,0.01562447,0.002378486,0.015624469,711.2913608,84.45,15.55,0.78,96.95,4.85,56.04,4.85,4.026065721,0.348437165,3.14,3.2028,1.4188,0.2206,0.2361,0.003,0.0041,136.5
Kerguelen,KER3,CAT2.3C,99,116.5,117.5,117,0.5,3092.5,5848,5031,4888,1378,0.01477,0.00423,24107.18182,60554.27273,1.312727273,45.45454545,242.8181818,221.7272727,62.36363636,4522,0.181818182,31.54545455,254.5454545,1066.181818,44230.90909,6574.090909,6.728854569,1.906311553,0.148641311,-1.906311553,50805,117.8735069,1130.664503,0.084863527,15.31903154,33.2289578,32.41015554,20.19540902,1308.742144,0.603022689,49.20439744,115.1749657,128.4716453,323.6406818,67.51067256,0.096972059,0.014293995,0.002107465,0.014293997,310.5111914,83.9,16.1,0.8,95,4.75,54.91,4.75,4.005695481,0.34651345,3.9741,4.1132,1.2375,0.1992,0.2162,0.0029,0.004,137.1
Kerguelen,KER3,CAT2.3C,100,117.7,118.7,118.2,0.5,3156.4,5894,5136,4971,1369,0.01477,0.00413,23965.54545,58884.18182,1.297272727,39,223.7272727,235.6363636,49.09090909,2930.181818,1.363636364,17.27272727,233.5454545,1010.363636,43979.72727,6737.090909,6.530707309,1.876319637,0.153182063,-1.876319637,50716.81818,173.6682836,932.6328129,0.068860861,9.797958971,29.91351169,74.3683706,27.75051187,613.6726844,4.522670169,23.42259981,78.24111916,80.40058797,306.275396,153.1786242,0.13692045,0.02063593,0.003111413,0.020635929,404.6845236,82.9,17.1,0.86,96.43,4.82,55.74,4.82,4.020698022,0.347681458,3.062,3.1829,1.2812,0.2191,0.2387,0.0032,0.0044,136.9
Kerguelen,KER3,CAT2.3C,101,118.9,119.9,119.4,0.5,3221.3,5949,5218,5055,1364,0.01215,0.00333,23797.90909,57739.72727,1.308181818,31.09090909,234.0909091,186.3636364,45.63636364,2381.909091,0.181818182,50.90909091,235.6363636,970.0909091,43717.72727,6573.090909,6.653707279,1.894922736,0.150367749,-1.894922735,50290.81818,167.1905826,1025.941528,0.091194099,17.01443238,14.62500971,44.97837864,12.90172645,405.8973896,0.603022689,54.25579148,73.28611427,75.7105733,509.9451129,142.8372882,0.156522367,0.02351917,0.003536475,0.02351917,545.2433985,83.24,16.76,0.84,99.11,4.96,57.29,4.96,4.048126088,0.350474872,3.3799,3.554,1.3786,0.2311,0.2545,0.0028,0.0039,137.6
Kerguelen,KER3,CAT2.3C,102,120.1,121.2,120.7,0.5,3450,5992,5306,5160,1271,0.01081,0.00271,23750,57814.58333,1.295833333,37.5,251.8333333,179.8333333,56.16666667,2350.5,0.181818182,60.83333333,320.4166667,1009,43444.08333,6534,6.651772742,1.894622839,0.150414166,-1.894622838,49978.08333,351.0804104,1419.330473,0.054348762,9.050364131,67.95430729,50.43237296,17.31963328,318.5168755,0.603022689,59.64414676,89.24782486,86.41653882,841.2281561,176.6300705,0.158717497,0.023834389,0.003580689,0.023834389,944.9111029,83.62,16.38,0.82,97.83,4.89,56.55,4.89,4.035125203,0.348925946,3.9915,4.243,1.2362,0.2025,0.2254,0.0022,0.003,136.4
Kerguelen,KER3,CAT2.3C,103,121.5,122.5,122,0.5,3817.1,6004,5402,5279,1093,0.0111,0.00234,23373.2,56857.7,1.327,26.4,216.8,126.2,36.8,1700.8,0.181818182,34.4,167,1005.8,43643.3,6445.2,6.771201452,1.912478282,0.147743212,-1.912478282,50088.5,1418.618483,3115.807013,0.105309069,18.02590728,58.10871038,56.98888781,19.53230942,547.5058194,0.603022689,51.97905561,74.5803072,57.01617704,2184.307165,288.8693669,0.143394618,0.021054966,0.003092789,0.021054967,2449.480682,82.62,17.38,0.87,94.89,4.74,54.85,4.75,4.004602187,0.346797819,3.4619,3.7111,1.3376,0.2325,0.2609,0.0026,0.0034,133.3
Kerguelen,KER3,CAT2.3D,110,122.4,123.5,123,0.5,4101.1,6012,5480,5370,955,0.01072,0.00195,21934.16667,53001.08333,1.319166667,10.83333333,152.4166667,55.16666667,25.75,925.25,0.181818182,32.25,220.5,936.8333333,41313.75,6037.666667,6.847220493,1.923482491,0.146149678,-1.923482491,47351.41667,320.3784221,664.8990981,0.100494987,9.4371927,17.30716264,16.95359084,17.28438602,325.0060489,0.603022689,33.24051471,66.15752551,78.71679194,489.3816367,172.1158877,0.19246717,0.028003596,0.004077178,0.028003596,556.9624532,85.29,14.71,0.74,93.33,4.67,53.95,4.67,3.988057692,0.345212779,3.808,4.3488,1.0091,0.1484,0.1769,0.0016,0.0022,137.4
Kerguelen,KER3,CAT2.3D,111,123.8,124.8,124.3,0.5,4466.8,6024,5575,5488,779,0.01161,0.00169,21585.18182,51499.09091,1.311818182,5.090909091,133.6363636,43.54545455,23.72727273,1030.363636,0.818181818,28,102.0909091,904.6363636,40500.36364,5945.363636,6.820403013,1.9194798,0.14674775,-1.9194798,46445.72727,720.6774338,2058.445455,0.072913398,6.007570981,22.38871469,18.15138362,18.61768465,567.0825818,2.713602101,32.05932002,69.98207563,101.4891844,1224.485302,306.8440232,0.211715749,0.031085019,0.004569068,0.031085019,1489.210199,84.37,15.63,0.78,91.06,4.55,52.63,4.55,3.963286299,0.34263638,3.7135,4.2836,1.1298,0.1766,0.2126,0.0021,0.0028,134.9
Kerguelen,KER3,CAT2.3D,112,125,126.1,125.5,0.5,4807.5,6040,5661,5597,616,0.01074,0.00123,22768.25,55341.66667,1.375,17.75,175,73,41.58333333,1958.083333,0.181818182,46.08333333,188.5833333,912.5833333,42771.75,6272.166667,6.822999242,1.919999241,0.146651199,-1.919999242,49043.91667,255.558257,756.0786796,0.07342281,10.7375721,22.30368905,19.04062642,18.38209768,205.6393393,0.603022689,60.44901433,103.4789907,84.77291413,581.4586869,168.5870875,0.174238529,0.025602438,0.00376424,0.025602437,656.0876408,85.55,14.45,0.72,93.4,4.67,53.99,4.67,3.988798844,0.345021126,4.3715,5.0928,1.0042,0.1451,0.1763,0.0016,0.0021,133
Kerguelen,KER3,CAT2.3D,113,126.3,127.5,126.9,0.6,5185,6059,5764,5725,437,0.01114,9.00E-04,23135.38462,55711.61538,1.367692308,20.84615385,193.6923077,89.46153846,45.30769231,1829.769231,1.769230769,20.84615385,169.9230769,950.2307692,43293.92308,6373.153846,6.794782908,1.916003482,0.147216413,-1.916003482,49667.07692,195.9190047,447.3161705,0.071665176,13.05658297,27.39338307,23.71221691,20.17995959,116.198217,6.379052257,29.54895981,72.55740433,113.0450897,347.2944144,100.6494297,0.1230417,0.01813324,0.00267337,0.018133239,356.0394317,86.63,13.37,0.67,95.87,4.79,55.41,4.79,4.014760083,0.347061917,4.3544,5.1077,1.0536,0.1408,0.1722,0.0016,0.002,130.4
Kerguelen,KER3,CAT2.3D,114,127.7,128.7,128.2,0.5,5523.2,6087,5858,5843,282,0.01051,0.00055,22909.36364,54664.54545,1.330909091,11.72727273,201.5454545,78.36363636,31.90909091,1109,1.727272727,29.36363636,164.2727273,976.8181818,42939.27273,6373.727273,6.741922819,1.908087037,0.148402174,-1.908087037,49313,286.5390978,844.8712758,0.080056798,11.14532107,32.37086232,31.28665123,15.48841209,247.2379421,5.728715547,43.04944303,83.3031703,66.76199245,636.8381413,228.0759044,0.160785843,0.023821905,0.003531143,0.023821904,845.2011595,87.12,12.88,0.64,94.85,4.74,54.83,4.74,4.004237489,0.346162424,3.8862,4.6033,1.1789,0.1518,0.1874,0.0016,0.0021,128.7
Kerguelen,KER3,CAT2.3D,115,128.9,130,129.5,0.5,5784.4,6131,5964,5962,173,0.01252,0.00041,22855.5,55153.16667,1.274166667,18.75,178.5833333,77.75,40.91666667,1364.666667,2.916666667,48.58333333,287.1666667,940.9166667,42960.75,6283.25,6.84046751,1.92259096,0.146265787,-1.922590959,49244,180.5942212,343.5157356,0.060069404,8.302518785,22.4315457,18.79615531,17.31766483,158.4374458,10.10362971,48.45139708,70.15415925,80.16739116,323.5092032,135.6426622,0.165793336,0.023959299,0.003464872,0.0239593,336.2307108,85.77,14.23,0.71,96.36,4.82,55.7,4.82,4.019980147,0.347869018,4.1728,4.9865,1.1578,0.1648,0.2051,0.0021,0.0026,127.8
Kerguelen,KER3,CAT2.3D,116,130.2,131.2,130.7,0.5,5919.5,6212,6060,6061,146,0.01321,0.00037,23293.36364,55429.09091,1.433636364,10.72727273,201.1818182,78.72727273,22.81818182,1060.818182,0.181818182,28.81818182,224.6363636,920.6363636,43660.54545,6360,6.868668467,1.926707983,0.145665555,-1.926707983,50020.54545,204.5699258,683.9078088,0.084056258,9.274598742,33.93174968,25.73748593,12.78919999,164.5264831,0.603022689,34.84772068,84.82602517,104.8429995,396.6903991,171.7655379,0.163854096,0.024105733,0.003548501,0.024105733,497.7785378,86.38,13.62,0.68,95.61,4.78,55.27,4.78,4.012230266,0.346995851,4.1527,5.0081,0.9981,0.1359,0.1707,0.0018,0.0023,128.4
Kerguelen,KER3,CAT2.3D,117,131.4,132.4,131.9,0.5,5997.2,6323,6153,6154,163,0.01244,0.00038,22854.45455,54721.81818,1.395454545,20.09090909,221.8181818,101.3636364,36.45454545,1324.090909,0.181818182,68.18181818,282.9090909,917.9090909,42687.36364,6205.090909,6.883001658,1.928782712,0.145364724,-1.928782711,48892.45455,95.37333342,540.5130559,0.096370497,12.37299111,47.95585091,67.00488449,18.69418967,583.4227377,0.603022689,58.4445347,64.45689187,99.15185782,296.112233,152.1482531,0.16803793,0.024496185,0.00357283,0.024496184,350.6552049,87.14,12.86,0.64,96.52,4.83,55.79,4.83,4.021594642,0.348168168,3.5448,4.298,1.1308,0.1454,0.1836,0.0018,0.0023,129.3
Kerguelen,KER3,CAT2.3D,118,132.6,133.7,133.2,0.5,6038.1,6491,6249,6254,227,0.01375,0.00055,23269,54809,1.386666667,20.66666667,209.6666667,89.41666667,41.83333333,1086.583333,0.181818182,15.75,212.75,896.6666667,43223.83333,6296.333333,6.866241222,1.926497149,0.145675045,-1.926497149,49520.16667,132.8751978,1072.696348,0.094323749,11.12191394,34.72576548,32.07224326,18.12498694,280.0277448,0.603022689,25.89884167,99.16389097,117.7364803,546.1561271,112.0992526,0.110670026,0.016179861,0.002366071,0.016179861,608.1828124,86.88,13.12,0.66,97.3,4.86,56.24,4.87,4.029628248,0.348938292,4.3603,5.3457,1.2271,0.1611,0.2055,0.0022,0.0029,131.6
Kerguelen,KER3,CAT2.3D,119,133.9,135,134.4,0.5,6061.6,6664,6341,6346,301,0.01294,0.00067,23525.08333,56125.91667,1.3375,17.83333333,234.0833333,105.3333333,36.58333333,1357,1.416666667,28.16666667,222.8333333,984.8333333,43993.33333,6380.416667,6.898338704,1.931043364,0.145031123,-1.931043364,50373.75,166.9183025,437.6695429,0.084113019,12.22392091,30.68448922,32.45789814,16.12709935,322.7185658,4.907477288,46.80876634,108.2067326,100.4524612,328.4191704,152.6954535,0.157233107,0.022732405,0.003288938,0.022732405,405.0008137,88.58,11.42,0.57,96.21,4.81,55.61,4.81,4.018363041,0.347569254,3.6349,4.4782,1.1186,0.1278,0.1638,0.0017,0.0022,133.3
Kerguelen,KER3,CAT2.3D,120,135.2,136.3,135.7,0.5,6082.6,6856,6435,6446,387,0.01225,0.00079,23436.33333,55935.5,1.335,17.16666667,218.0833333,90.16666667,49.33333333,1701.583333,0.181818182,37.66666667,286.75,983.3333333,43298.66667,6465,6.697956063,1.901721647,0.149323454,-1.901721648,49763.66667,339.3864339,1059.53313,0.098396231,10.16977101,26.15846233,27.67615755,23.26266354,900.8470215,0.603022689,48.63656188,91.06154263,98.6180265,870.7958046,131.126587,0.08870304,0.013290629,0.001991686,0.013290629,976.4759768,87.15,12.85,0.64,94.59,4.73,54.68,4.73,4.001498012,0.34614275,4.2749,5.3201,1.1709,0.1505,0.1948,0.0018,0.0025,135.9
Kerguelen,KER3,CAT2.3D,121,136.5,137.6,137.1,0.5,6101.4,7067,6539,6554,483,0.01319,0.00103,23250.58333,55415.25,1.308333333,17.08333333,298.75,101.4166667,40.91666667,1611.25,1,44.16666667,158.1666667,924.4166667,43329.5,6352.583333,6.825848313,1.920371848,0.146602392,-1.920371849,49682.08333,163.3197969,506.8236424,0.10151877,6.444988657,32.65278771,28.09871668,19.32712805,312.6037646,3.464101615,39.75797995,52.51291327,100.6365724,253.7097483,190.4222382,0.188348847,0.027345604,0.003973301,0.027345604,393.7344417,86.65,13.35,0.67,87.27,4.36,50.45,4.36,3.920982747,0.338859956,4.9738,6.257,1.1324,0.1512,0.1977,0.002,0.0028,138.6
Kerguelen,KER3,CAT2.3D,122,137.8,138.9,138.4,0.5,6113.8,7263,6632,6654,575,0.01319,0.00119,23291.41667,54931.91667,1.340833333,8.416666667,208.5833333,54.16666667,36.75,1164.416667,3.25,37.41666667,215.6666667,873.4166667,43385.75,6372.333333,6.810302795,1.918305943,0.146874656,-1.918305944,49758.08333,190.7651857,479.2364113,0.085541944,8.393269309,47.51929433,15.00202007,18.11139772,220.0844707,11.25833025,49.16661531,88.11287527,89.10714524,421.7487673,127.7300658,0.115165469,0.016869148,0.00247145,0.016869149,502.9092559,87.47,12.53,0.63,93.55,4.68,54.07,4.68,3.990279503,0.345376513,4.8707,6.1736,1.0903,0.1366,0.18,0.0018,0.0025,140.8
Kerguelen,KER3,CAT2.3D,123,139.1,140.2,139.7,0.5,6122.3,7468,6729,6754,673,0.01516,0.00157,22921.5,54647.91667,1.3,9.25,214.4166667,45.16666667,25.66666667,1658.833333,0.181818182,36.16666667,225.9166667,959.3333333,42738.91667,6249.666667,6.844661187,1.923001847,0.146235212,-1.923001846,48988.58333,151.2875047,709.4078784,0.084099508,8.147782744,18.87980322,19.6229612,20.13740677,329.7913482,0.603022689,69.74998642,112.3553279,60.11100842,421.3544089,197.4511831,0.219547805,0.031852419,0.004627794,0.031852419,492.9988859,87.7,12.3,0.62,93.67,4.68,54.15,4.68,3.991757973,0.344994041,5.1832,6.6293,1.1008,0.1354,0.18,0.0021,0.0029,143.3
Kerguelen,KER3,CAT2.3D,124,140.5,141.6,141,0.5,6219.3,7560,6823,6841,670,0.01587,0.00162,22309.83333,53542.5,1.288333333,9.916666667,253.4166667,63.5,32.58333333,1618.416667,0.181818182,14.25,249.3333333,951.6666667,41712.33333,6153.25,6.781540005,1.914011332,0.147516231,-1.914011332,47865.58333,243.903421,485.3397123,0.088300451,12.2582687,43.80215506,16.82800696,14.8902551,369.9580955,0.603022689,28.28467301,80.82341395,94.62493745,505.3222794,148.1007796,0.138622137,0.020551231,0.00304777,0.020551232,594.7935407,87.12,12.88,0.64,94.44,4.72,54.59,4.72,3.999850716,0.345837981,4.8707,6.271,1.1127,0.1433,0.1916,0.0023,0.0033,143.9
Kerguelen,KER3,CAT2.3D,125,141.8,142.9,142.3,0.5,6334.9,7615,6907,6924,640,0.01557,0.0015,22957.58333,55210.08333,1.286666667,7.5,217.5833333,68,25.58333333,1406.916667,0.181818182,17.25,232,941.75,42655.66667,6377.666667,6.692027754,1.900500121,0.149555602,-1.90050012,49033.33333,239.0041682,474.2217468,0.1179625,6.802405991,27.76675034,27.11255999,18.29286166,391.0343994,0.603022689,26.51971822,100.105399,116.3100285,652.8419457,147.823195,0.202717765,0.030089622,0.004469809,0.030089621,644.5262296,85.02,14.98,0.75,82.54,4.13,47.71,4.13,3.86514102,0.334584624,4.4692,5.7898,1.0169,0.1524,0.205,0.0024,0.0034,144.2
Kerguelen,KER3,CAT2.3D,126,143.1,144.2,143.6,0.5,6426.9,7674,7001,7007,624,0.01557,0.00144,23359.08333,56111.25,1.281666667,10.33333333,239.0833333,68.58333333,35.08333333,1372.916667,0.181818182,14.83333333,232.0833333,972.1666667,43434.25,6453.166667,6.735448583,1.907087035,0.148556793,-1.907087034,49887.41667,305.6493708,625.5530099,0.059974742,9.97572812,34.84891633,21.66043034,14.51931837,473.4913762,0.603022689,34.95928368,88.00977046,84.099328,651.2938347,215.4343745,0.171068377,0.025509276,0.003805637,0.025509276,813.5733144,85.7,14.3,0.71,94.59,4.73,54.68,4.73,4.001498012,0.34614275,3.9894,5.2021,1.0646,0.1522,0.2061,0.0024,0.0034,144.7
Kerguelen,KER3,CAT2.3D,127,144.4,145.5,144.9,0.5,6482.9,7735,7082,7090,626,0.01587,0.00146,22642.75,54329.66667,1.285833333,8.666666667,224.9166667,100.0833333,39.91666667,1107,0.181818182,86.33333333,380.3333333,934.5,41889.25,6413.5,6.528902495,1.875903564,0.15326854,-1.875903565,48302.75,911.684966,1992.505701,0.082402376,10.20101005,25.41459256,36.55993419,21.28788957,367.1071184,0.603022689,87.46566426,114.5309274,114.9462325,2135.815753,213.5443322,0.175430852,0.027138216,0.00420216,0.027138215,2328.07213,84.62,15.38,0.77,94.17,4.71,54.44,4.71,3.997099178,0.345818096,4.1793,5.4917,1.1901,0.183,0.2497,0.0029,0.0042,145.6
Kerguelen,KER3,CAT2.3D,128,145.7,146.8,146.2,0.5,6539.9,7801,7167,7173,631,0.01474,0.00135,23033.08333,55740,1.285,55.66666667,285.75,210.25,47.16666667,1602.083333,1.5,66.58333333,321.5,904.5833333,42982.08333,6364.666667,6.755560881,1.910132301,0.14809529,-1.910132301,49346.75,333.1588369,854.2216021,0.053172105,21.73113951,36.1414519,46.31537149,23.91208646,471.7631259,5.196152423,63.62312092,106.6374486,101.4248117,794.0800805,155.1628665,0.152785772,0.022562959,0.003333029,0.022562958,878.7600898,82.68,17.32,0.87,74.47,3.72,43.05,3.72,3.762362231,0.325110046,5.2895,7.0324,1.0972,0.19,0.2622,0.0028,0.0041,147.1
Kerguelen,KER3,CAT2.3D,129,147,148.1,147.6,0.5,6583,7874,7271,7263,645,0.01587,0.00147,23040.16667,55594.5,1.324166667,28.75,275.1666667,170.3333333,60,1272.833333,0.181818182,41.5,295.5833333,1034.333333,42962.41667,6350.166667,6.768635298,1.912088525,0.147802285,-1.912088525,49312.58333,159.2338665,561.439141,0.102110309,13.01135867,30.10839005,16.51629131,19.83110504,119.2947712,0.603022689,54.4968723,57.61700875,130.6593999,378.3296923,156.5025898,0.146013027,0.021396554,0.003137531,0.021396556,480.4139235,83.09,16.91,0.85,91.41,4.57,52.84,4.57,3.96726848,0.34311917,4.9738,6.6549,1.0342,0.1749,0.2427,0.0028,0.0041,148.1
Kerguelen,KER3,CAT2.3D,130,148.3,149.4,148.9,0.5,6629.2,7955,7363,7346,663,0.01603,0.00151,22427.91667,53799.08333,1.340833333,26.08333333,270.75,140.3333333,59.16666667,1086.583333,0.181818182,34.41666667,304,979.25,41857.08333,6174.25,6.782001741,1.91406435,0.14751002,-1.914064349,48031.33333,276.6420261,1007.023649,0.094720482,11.55585907,35.23460334,34.67074568,17.61111908,251.7352355,0.603022689,45.59198162,93.58224385,103.820759,642.1406612,156.3051357,0.145431429,0.021229386,0.00310004,0.021229388,741.92334,83.47,16.53,0.83,91.09,4.55,52.65,4.56,3.963666239,0.343291891,4.3715,5.8796,1.2352,0.2042,0.2849,0.0033,0.0049,148.9
Kerguelen,KER3,CAT2.3D,131,149.6,150.8,150.2,0.6,6682,8034,7452,7430,676,0.01501,0.00142,22705.84615,54645,1.350769231,40.53846154,273.3846154,178.2307692,61,1717.769231,0.923076923,57.76923077,376.8461538,1038.538462,41612.46154,6136.076923,6.78411388,1.914396618,0.147458202,-1.914396619,47748.53846,192.1830057,800.6081022,0.08169675,14.15753854,32.32526994,37.96084352,17.69651566,260.8521784,3.328201177,50.82675451,91.48847482,77.17686979,457.6000101,138.8191038,0.13693103,0.020106599,0.002953197,0.020106598,536.724109,80.94,19.06,0.95,88.97,4.45,51.43,4.45,3.94022166,0.340929154,4.0765,5.5134,1.1293,0.2152,0.3018,0.0032,0.0048,149.7
Kerguelen,KER3,CAT2.3D,132,151,152.1,151.5,0.5,6864.8,8045,7535,7518,590,0.01473,0.00121,22795.83333,55296.83333,1.335833333,40,320.25,200.9166667,68.66666667,1801.166667,0.181818182,42.5,457.5833333,1078.583333,41869.58333,6178.25,6.782922654,1.913993847,0.147551865,-1.913993847,48047.83333,215.0449565,734.208149,0.074156877,13.16330989,24.95131623,24.42226381,9.038637602,74.22059667,0.603022689,64.46493056,81.40745815,99.91765549,351.8681205,205.6825113,0.202913961,0.030137706,0.004479371,0.030137705,480.7546782,79.4,20.6,1.03,89.13,4.46,51.52,4.46,3.941970082,0.341249739,4.266,5.8252,1.2037,0.2479,0.3509,0.0037,0.0055,149.7
Kerguelen,KER3,CAT2.3D,133,152.3,153.4,152.8,0.5,7045.9,8061,7619,7606,508,0.01447,0.00102,23022.91667,55877.75,1.296666667,39.16666667,317,183.8333333,61.5,1700.666667,0.181818182,74.08333333,469.3333333,1106.333333,42330.41667,6283,6.74075134,1.907952372,0.14841622,-1.907952372,48613.41667,182.8036494,627.7023216,0.097172137,11.36048441,22.86720558,30.82452782,17.76359914,167.0478066,0.603022689,65.44457521,55.6079349,79.049275,346.1178092,166.2643022,0.147804633,0.021827685,0.003225335,0.021827685,476.3027033,79.14,20.86,1.04,89.21,4.46,51.57,4.46,3.942940108,0.341002771,4.6678,6.4252,1.2418,0.259,0.3695,0.0037,0.0056,149.7
Kerguelen,KER3,CAT2.3D,134,153.6,154.8,154.2,0.6,7239.8,8077,7713,7700,419,0.015,0.00087,23100,55776.53846,1.303076923,45.61538462,324.6923077,197.5384615,69.46153846,2018.538462,2.076923077,58.38461538,455.1538462,1080.076923,42036.69231,6231.615385,6.752189632,1.909383891,0.148242751,-1.909383891,48268.30769,116.3543439,547.3803698,0.087596101,17.02712768,42.06816812,24.79117916,21.20383371,392.1852486,7.488452649,49.80719235,83.59609855,92.74468676,230.4355964,202.8347186,0.219178382,0.032294825,0.004764269,0.032294824,329.4165005,78.73,21.27,1.06,89.27,4.46,51.6,4.46,3.943521672,0.34085478,5.3135,7.3724,1.0024,0.2133,0.3066,0.0032,0.0048,149.6
Kerguelen,KER3,CAT2.3D,135,155,156.2,155.6,0.6,7437.4,8096,7804,7795,329,0.01473,0.00068,23187.84615,55892.92308,1.343076923,35.61538462,322.6153846,189.6923077,62.15384615,1885.461538,0.181818182,42,425.6153846,1136.769231,42400.84615,6284.153846,6.748607176,1.909245985,0.148205421,-1.909245984,48685,103.5775443,595.6269052,0.069087459,11.47851952,27.76250007,25.95953459,12.10954275,160.1257919,0.603022689,54.88320933,95.47996165,126.0543228,239.0609567,102.7073887,0.094410162,0.013969934,0.002067768,0.013969933,309.0455738,79.92,20.08,1,88.71,4.44,51.28,4.44,3.937300813,0.340905141,5.2022,7.2675,1.0938,0.2197,0.3178,0.0032,0.0048,149.3
Kerguelen,KER3,CAT2.3D,136,156.4,157.6,157,0.6,7631.4,8115,7893,7889,242,0.01473,5.00E-04,23238.07692,56094.07692,1.312307692,37.30769231,313.4615385,202.9230769,58.61538462,1843.846154,0.181818182,55.61538462,436.3846154,1082,42602.23077,6322.384615,6.7401748,1.907892736,0.1484212,-1.907892735,48924.61538,224.4350171,735.1949244,0.087383622,9.012811394,32.3022584,25.2700796,23.91491327,216.3977226,0.603022689,80.56212764,57.1395054,85.00784278,559.8700971,118.3170447,0.138405825,0.020416528,0.003012581,0.020416528,596.5861964,79.12,20.88,1.04,90.48,4.52,52.3,4.52,3.956996371,0.341981331,3.7018,5.1844,1.302,0.2719,0.3944,0.004,0.0059,148.5
Kerguelen,KER3,CAT2.3D,137,157.8,158.8,158.3,0.5,7799.5,8137,7980,7977,169,0.01445,0.00035,23140.63636,55861.81818,1.307272727,43.18181818,336,210.5454545,67.45454545,1909.454545,0.181818182,44.36363636,499.1818182,1112.818182,42176.81818,6190.181818,6.816998584,1.919192758,0.146758398,-1.919192759,48367,134.5817764,631.8499534,0.080881507,13.49680097,17.31473361,26.29586902,20.60758907,106.7570734,0.603022689,42.92615223,71.77857366,112.2780639,396.7263082,165.855852,0.152641772,0.022290675,0.003256469,0.022290674,516.0594927,78.72,21.28,1.06,90.81,4.54,52.49,4.54,3.960622675,0.342564811,4.3352,6.1429,1.2097,0.2574,0.3776,0.0037,0.0055,149.1
Kerguelen,KER3,CAT2.3D,138,159,160.1,159.6,0.5,7944.8,8169,8070,8065,112,0.00695,0.00012,23430.16667,56575.5,1.3125,44.41666667,348.9166667,226.6666667,53,1745.25,0.181818182,72.91666667,519.6666667,1108.5,43022.66667,6445.5,6.676234611,1.898312854,0.149858297,-1.898312853,49468.16667,668.9878153,1585.417783,0.0698212,20.30879045,26.64397709,29.61981319,16.97056275,290.4798929,0.603022689,66.01440385,244.4021772,99.81391778,1933.802817,282.6007463,0.151196016,0.023096036,0.00353059,0.023096037,2184.167403,77.9,22.1,1.11,87.98,4.4,50.85,4.4,3.928880122,0.339962095,4.6678,6.6586,1.1282,0.2494,0.3682,0.0017,0.0026,149.4
Kerguelen,KER3,CAT2.3D,139,160.4,161.5,160.9,0.5,8107.3,8387,8256,8255,140,0.00561,0.00011,23838.66667,57027.33333,1.344166667,18,320.5,126.25,44.16666667,1139,0.181818182,29.33333333,297.5833333,1028.083333,44809.91667,6644.416667,6.746478836,1.90882208,0.148284218,-1.908822079,51454.33333,123.1468697,384.1082549,0.084149038,8.290191356,30.02271867,31.53965758,19.40868284,118.37383,0.603022689,51.30184,93.36094018,83.02733212,330.0714684,136.8392942,0.140798187,0.020791902,0.003071103,0.020791901,376.5651781,82.81,17.19,0.86,92.67,4.63,53.57,4.63,3.98098921,0.344072803,5.3969,7.7715,1.1208,0.1927,0.2871,0.0011,0.0016,151
Kerguelen,KER3,CAT2.3D,140,161.7,162.8,162.2,0.5,8204.9,8696,8510,8490,246,0.00561,0.00018,23589.41667,55937.33333,1.278333333,21.75,299.8333333,107.25,38.33333333,924.3333333,3.333333333,21.5,242.1666667,1049.75,44257.16667,6583.166667,6.726667097,1.905851552,0.148729619,-1.905851552,50840.33333,338.7027279,959.3449786,0.074080219,15.62704532,22.40062229,21.0286601,22.69694947,58.16330198,11.54700538,34.34715815,96.8230188,154.3049666,613.4031498,204.1406972,0.150769434,0.022267502,0.003290995,0.022267502,781.1922512,84.99,15.01,0.75,96.75,4.84,55.92,4.84,4.023922098,0.34827938,4.3715,6.3168,1.2005,0.1802,0.2694,0.001,0.0015,152.7
Kerguelen,KER3,CAT2.3D,141,163,164.1,163.5,0.5,8292.9,9015,8769,8726,361,0.00531,0.00024,23441.16667,55894.16667,1.304166667,17.5,295.75,106.6666667,47.75,971.5,0.181818182,26.41666667,359,997,43939.58333,6614.833333,6.64456843,1.893666888,0.150538667,-1.893666888,50554.41667,183.5215288,562.0747012,0.053335701,5.712824488,30.33787012,19.53241284,19.30202533,74.69026954,0.603022689,62.50448469,116.5293564,76.96516331,323.452247,134.0853414,0.113672514,0.016984713,0.002538499,0.016984714,419.2574515,85.08,14.92,0.75,93.91,4.7,54.28,4.7,3.994155835,0.345846213,4.9738,7.2517,1.0741,0.1603,0.2417,9.00E-04,0.0013,155.3
Kerguelen,KER3,CAT2.3D,142,164.3,165.5,164.9,0.6,8384,9363,9046,8979,490,0.00552,0.00032,23958.38462,56345.53846,1.32,10.30769231,295.2307692,79.23076923,41.84615385,942.9230769,0.181818182,24.53846154,260.1538462,977.9230769,44709.30769,6701.153846,6.673420584,1.897996077,0.14988908,-1.897996077,51410.46154,209.7961465,640.3050855,0.073029674,8.004005408,41.09167362,20.01313671,18.84518574,89.7120036,0.603022689,36.07310952,98.81113817,114.7021226,480.7505217,119.2852646,0.114815759,0.017192361,0.002575174,0.017192361,535.6313433,85.4,14.6,0.73,93.45,4.67,54.02,4.67,3.989354348,0.344877542,5.6422,8.294,0.9777,0.1427,0.2169,8.00E-04,0.0012,157.8
Kerguelen,KER3,CAT2.3E,153,165.6,166.7,166.2,0.5,8464,9690,9302,9214,613,0.00549,0.00038,23515,54940.27273,1.276363636,4.727272727,259.2727273,47.90909091,37.09090909,721.7272727,0.181818182,11.36363636,268.1818182,965.0909091,43807.45455,6496.818182,6.747176675,1.908850704,0.14829068,-1.908850704,50304.27273,848.3923621,2176.22729,0.048429893,8.945288247,35.54740753,20.18640407,11.80215697,168.0577823,0.603022689,14.50015674,109.9107076,106.6540712,1668.444926,306.2119587,0.166599774,0.024445831,0.003589147,0.02444583,1938.812322,85.35,14.65,0.73,95.56,4.78,55.23,4.78,4.011506284,0.347184502,3.9915,6.2787,1.1911,0.1745,0.2832,0.001,0.0016,169.3
Kerguelen,KER3,CAT2.3E,154,167,168.2,167.6,0.6,8545,10046,9577,9468,750,0.00549,0.00046,23307.15385,54543.76923,1.290769231,7.384615385,213.6153846,67,31.76923077,668.7692308,0.181818182,21.07692308,253.3076923,1020.230769,43406.69231,6446.153846,6.736696591,1.907366309,0.14850123,-1.90736631,49852.84615,336.9396202,987.0881549,0.075879459,8.06782149,44.45323097,20.4001634,18.55242053,76.44077647,0.603022689,28.8284048,91.63458646,131.4421,743.5463878,182.2753623,0.141117559,0.021014624,0.003131273,0.021014624,876.8516452,84.64,15.36,0.77,100,5,57.8,5,4.056988776,0.350950586,4.5593,7.2219,1.2175,0.187,0.3055,0.001,0.0018,171.7
Kerguelen,KER3,CAT2.3E,155,168.4,169.5,169,0.5,8627.4,10398,9849,9721,885,0.00652,0.00061,23679.91667,55500.5,1.291666667,9,225,64.08333333,31.66666667,784.5833333,0.181818182,19.25,232.9166667,1066.5,44046,6608.5,6.667006529,1.896983042,0.150048853,-1.896983042,50654.5,276.7281102,743.9500839,0.084512864,10.36602843,40.44524919,12.16147668,9.642079494,109.5855484,0.603022689,45.75254588,107.1561803,146.3641163,505.9940711,125.5884332,0.134721826,0.02026976,0.003050794,0.02026976,543.1648837,84.65,15.35,0.77,93.24,4.66,53.9,4.66,3.987130478,0.34471295,4.3715,6.9725,1.1926,0.183,0.3011,0.0012,0.0021,173.9
Kerguelen,KER3,CAT2.3E,156,169.8,170.9,170.3,0.5,8744.2,10658,10064,9927,957,0.01156,0.00115,23674.83333,55661.58333,1.298333333,9.75,228.8333333,70.5,31.33333333,1133.166667,2.75,9.333333333,337.1666667,962.5,43863.75,6516.416667,6.73477102,1.90715698,0.148520944,-1.90715698,50380.16667,689.5438325,1468.215643,0.056862407,5.706853933,33.71224038,16.47863631,18.73418525,159.3850873,9.526279442,22.29689474,113.9631785,111.6573492,1064.18207,246.5269516,0.111661225,0.016663001,0.002487388,0.016663001,1300.367629,84.94,15.06,0.75,98.59,4.93,56.99,4.93,4.042875814,0.349734651,4.5679,7.3361,1.1037,0.1663,0.2753,0.0019,0.0034,175.6
Kerguelen,KER3,CAT2.3E,157,171.1,172.2,171.7,0.5,9040,10667,10157,10043,814,0.01245,0.00105,23760.66667,55774.66667,1.341666667,7.416666667,213.5833333,78.25,43.25,1401,0.416666667,34.33333333,285.25,996.8333333,43713.58333,6520.083333,6.712614805,1.903428085,0.149137903,-1.903428084,50233.66667,245.1720484,730.651432,0.084512864,10.21993002,21.28361868,22.76809969,23.9397919,144.4771136,1.443375673,55.10375888,119.7232604,99.84245165,574.7523511,257.7177661,0.238298883,0.03471181,0.005065537,0.034711809,752.4828398,82.83,17.17,0.86,98.78,4.94,57.1,4.94,4.044804117,0.349935768,4.5679,7.3818,1.0835,0.186,0.3099,0.0023,0.0041,175
Kerguelen,KER3,CAT2.3E,158,172.4,173.5,173,0.5,9315.3,10677,10246,10151,681,0.01199,0.00084,24124.83333,57206.25,1.32,11.41666667,206.8333333,64.58333333,45.33333333,1253.666667,0.181818182,25.08333333,269.25,1104.416667,44874.25,6778.666667,6.622157837,1.89027985,0.151051163,-1.890279849,51652.91667,215.4238247,705.0056254,0.10162319,7.739606912,26.26727426,22.83720383,18.15755957,164.8190927,0.603022689,38.48602659,72.06956866,137.1584739,422.1307693,154.9805462,0.115609218,0.017620266,0.002686175,0.017620266,539.5714559,81.2,18.8,0.94,93.28,4.66,53.92,4.66,3.987501467,0.344617152,4.3715,7.1036,1.0886,0.2047,0.3428,0.0025,0.0043,174.5
Kerguelen,KER3,CAT2.3E,159,173.8,174.8,174.3,0.5,9575.4,10686,10330,10258,555,0.01199,0.00068,24189.45455,57077.81818,1.32,6.272727273,189.1818182,46.90909091,37.36363636,1324.090909,0.181818182,55.54545455,203.7272727,1025.363636,44829.90909,6717.454545,6.674856519,1.898163248,0.149871469,-1.898163248,51547.36364,448.8151877,800.5807665,0.060827625,7.363299656,21.78907149,13.22463266,16.73483031,328.1613794,0.603022689,59.48001956,86.48825459,142.0832662,588.2841923,86.57639821,0.133900127,0.020187581,0.003044779,0.020187582,576.9705838,82.89,17.11,0.86,92.98,4.65,53.75,4.65,3.984343667,0.344692057,5.9366,9.7656,0.7281,0.1246,0.2112,0.0015,0.0026,175.2
Kerguelen,KER3,CAT2.3E,160,175,176.1,175.6,0.5,9831.6,10699,10416,10366,434,0.01199,0.00054,24088.75,56884.83333,1.323333333,11,222.25,69.25,44.16666667,1723.166667,0.181818182,48.41666667,313.5,1023.333333,44009.25,6592.333333,6.679221681,1.898807613,0.149776011,-1.898807613,50601.58333,193.173556,1123.388529,0.055322745,8.68645759,24.50649265,17.91964387,13.42882472,852.5550724,0.603022689,60.34666268,135.0895326,122.908934,523.5359022,189.8283116,0.137579605,0.020550033,0.003070711,0.020550033,685.5759965,84.33,15.67,0.78,100,5,57.8,5,4.056988776,0.350950586,3.6289,5.955,1.1313,0.1772,0.2997,0.0021,0.0037,173.6
Kerguelen,KER3,CAT2.3E,161,176.4,177.4,176.9,0.5,10103.5,10720,10501,10474,308,0.01199,0.00039,23939.27273,56037.27273,1.373636364,6.090909091,219.7272727,59.90909091,40.27272727,1520.545455,0.181818182,17.63636364,306.9090909,986.2727273,43529.54545,6577.545455,6.618038883,1.88972206,0.151125471,-1.88972206,50107.09091,203.1408826,583.8554771,0.102982788,6.714976477,28.17832823,21.03071347,18.50994819,799.739378,0.603022689,29.43220252,93.53443702,99.17367686,754.6070982,87.80132532,0.086047929,0.013025288,0.001972017,0.013025289,815.93069,81.87,18.13,0.91,74.7,3.73,43.18,3.74,3.765377425,0.326135053,3.14,5.181,1.3452,0.2439,0.4146,0.0029,0.0051,173.2
Kerguelen,KER3,CAT2.3E,162,177.6,178.7,178.2,0.5,10317.5,10749,10591,10582,216,0.01245,0.00029,24453.33333,65203.5,1.4325,5.916666667,223.1666667,41.91666667,36.16666667,11826.91667,3.25,22.83333333,205.25,1064.166667,42722.83333,6336,6.743910314,1.908174818,0.14841954,-1.908174818,49058.83333,642.7612781,8297.729355,0.152024221,7.971065097,32.4032359,16.21143442,16.07275127,8767.331868,11.25833025,35.91108548,79.43908472,65.07454932,1633.097661,176.2802521,0.21543409,0.03181239,0.004702027,0.03181239,1739.99717,82.57,17.43,0.87,90.27,4.51,52.18,4.51,3.95469928,0.341810919,3.9915,6.6379,1.2319,0.2147,0.3679,0.0027,0.0046,173.6
Kerguelen,KER3,CAT2.3E,163,179,180.1,179.5,0.5,10449,10836,10700,10689,194,0.02614,0.00055,23024.41667,54069.83333,1.293333333,8.083333333,164.5,53.75,31.5,811.1666667,0.583333333,9.666666667,265.3333333,1119.333333,42762.5,6406.25,6.677569745,1.898612526,0.149797393,-1.898612526,49168.75,789.3200133,1852.611956,0.09604292,8.836477428,34.27562081,22.17748654,20.28658312,161.6516082,2.020725942,19.53241284,95.10217791,141.2543376,1480.332426,262.9801669,0.117644241,0.017555234,0.002620392,0.017555235,1722.451431,70.8,29.2,1.46,27.51,1.38,15.9,1.38,2.766319109,0.240095621,4.3715,7.3222,1.2521,0.3657,0.6308,0.0096,0.0167,174.6
Kerguelen,KER3,CAT2.3E,164,180.3,181.4,180.8,0.5,10497.1,10915,10751,10741,209,0.07761,0.00175,21802.83333,52446.41667,1.2975,53.5,208.4166667,103,73.41666667,2381.666667,0.181818182,108.75,224.5,1216.166667,39479.91667,6219.25,6.35042675,1.848254234,0.157553985,-1.848254234,45699.16667,368.331825,1006.687589,0.046539328,28.30515533,31.19865479,45.74434888,23.31389883,624.0666243,0.603022689,84.60402419,81.4354178,123.1021995,772.2999251,155.0296892,0.153700944,0.024156435,0.003799078,0.024156436,849.343793,80.54,19.46,0.97,68.59,3.43,39.65,3.43,3.680090948,0.318353391,4.5679,7.7015,1.1492,0.2236,0.3882,0.0174,0.0305,175.8
Kerguelen,KER3,CAT2.3E,165,181.6,182.7,182.2,0.5,10524.2,10928,10768,10758,202,0.08361,0.00182,21831.66667,52180.25,1.37,42.83333333,166,107,68.41666667,1960.666667,4.416666667,73.83333333,213,1253,39431.16667,6052.166667,6.508641551,1.872510345,0.153833214,-1.872510344,45483.33333,1212.422019,2581.153939,0.163873565,37.61004057,26.34733038,20.83266666,34.43164066,1124.658601,12.02617096,66.70809319,101.1272825,94.39375942,3037.814012,309.772008,0.238760969,0.03684767,0.005692836,0.036847669,3326.693617,87,13,0.65,97.18,4.86,56.18,4.86,4.028560822,0.348501346,4.1793,7.0798,1.2913,0.1679,0.2928,0.014,0.0248,176.6
Kerguelen,KER3,CAT2.3E,166,183,184.1,183.5,0.5,10551.2,10941,10783,10774,195,0.08049,0.0017,18588.08333,51611.75,1.370833333,363.1666667,250.25,283.8333333,261.4166667,10443,73.08333333,485.3333333,175.4166667,1917.5,29794.91667,5511.75,5.351869612,1.666868558,0.190784791,-1.666868558,35306.66667,2736.938617,2630.406299,0.100223236,230.9336124,33.86369738,108.7104857,124.5431348,5045.614063,64.29400981,240.8897648,92.69054903,321.8445418,6999.690558,507.2897908,0.823284788,0.150954842,0.028036952,0.150954842,7460.6771,83.47,16.53,0.83,94.07,4.7,54.38,4.7,3.995996439,0.345369313,4.1793,7.1216,1.1935,0.1972,0.346,0.0159,0.0282,177.5
Kerguelen,KER3,CAT2.3E,167,184.3,185.3,184.8,0.5,10568.1,10958,10798,10790,195,0.08049,0.00167,23788.36364,55922.54545,1.466363636,28.09090909,190.7272727,125.3636364,46.18181818,1330.454545,0.181818182,36.54545455,210.4545455,1306.636364,43784.63636,6295.363636,6.95697009,1.939653628,0.143766851,-1.939653629,50080,302.2982874,756.01645,0.092549741,21.1303315,32.29579201,28.33821705,19.833397,682.6513552,0.603022689,57.33648688,61.57655989,139.6433119,740.5783244,166.2614043,0.097676509,0.014136318,0.002046362,0.014136318,889.0394817,75.83,24.17,1.21,56.83,2.84,32.85,2.84,3.491951745,0.301891719,3.7994,6.5122,1.2953,0.3131,0.5523,0.0252,0.045,178.5
Kerguelen,KER3,CAT2.3E,168,185.6,186.7,186.1,0.5,10587.9,10977,10813,10806,194,0.08049,0.00169,23528.41667,55330.25,1.421666667,3.916666667,165.0833333,91.5,19.58333333,526.4166667,0.181818182,36.33333333,259.75,1206.083333,44065.83333,6415.083333,6.872357587,1.927187501,0.145603169,-1.927187501,50480.91667,346.6018041,655.7861521,0.07802486,4.981024599,24.74766594,26.2349524,13.00669991,34.8723864,0.603022689,49.05161166,94.32933121,104.7676723,509.5164969,138.732875,0.182255197,0.026358311,0.003814522,0.026358311,504.4760483,72.78,27.22,1.36,40.5,2.03,23.41,2.03,3.153163282,0.273426803,3.9915,6.8774,1.3206,0.3594,0.6372,0.0289,0.0519,179.4
Kerguelen,KER3,CAT2.3E,169,186.9,187.9,187.4,0.5,10605.6,11001,10828,10822,198,0.08402,0.00176,22712.63636,53864.54545,1.369090909,13.45454545,147.3636364,103.4545455,47.72727273,875.6363636,0.181818182,55,220.9090909,1173.090909,41983.36364,6315.636364,6.645796711,1.893539893,0.150605562,-1.893539893,48299,1091.044754,2647.211037,0.12715774,18.52762066,22.06478066,31.87275839,11.44631739,485.8043377,0.603022689,65.46754921,79.71129725,74.43447393,2574.898649,304.2194184,0.206987256,0.031350008,0.004756833,0.031350007,2844.847131,78.05,21.95,1.1,66.67,3.33,38.54,3.33,3.651696663,0.315520236,4.3352,7.5302,1.0818,0.2375,0.4244,0.02,0.0361,180.8
Kerguelen,KER3,CAT2.3E,170,188.1,188.9,188.5,0.4,10618,11022,10840,10836,202,0.0771,0.0016,20068.77778,47841.55556,1.293333333,74,177,215.1111111,81.44444444,2776.555556,15.11111111,188.5555556,253.2222222,1174.888889,34646.44444,5847.333333,5.926565305,1.778908057,0.168914591,-1.778908057,40493.77778,741.7308774,1681.570331,0.083815273,36.46230931,31.23299537,46.60859482,27.70429169,538.6385873,22.13280622,111.5460792,103.145259,87.83143578,1853.99158,270.6238164,0.204257854,0.03490118,0.005971926,0.034901179,2065.905478,81.66,18.34,0.92,86.49,4.32,49.99,4.33,3.911822985,0.338831637,2.512,4.3709,1.0464,0.1919,0.3434,0.0148,0.0268,181.1
Kerguelen,KER3,CAT2.3E,171,189.2,190.2,189.7,0.5,10627.1,11048,10854,10851,211,0.08457,0.00186,19439.81818,47443.72727,1.3,137.5454545,257.0909091,300.2727273,85.81818182,3253.909091,3.181818182,225.8181818,400,1234.272727,33397.54545,5846.090909,5.713448542,1.742002568,0.175312541,-1.742002568,39243.63636,808.9691982,2285.554072,0.04669047,68.55415908,52.77017064,107.9463672,24.66097395,761.1872903,5.980270593,92.67989877,126.6735963,69.1000592,2083.102415,278.1440111,0.243149296,0.04244658,0.007425398,0.042446579,2292.857967,80.32,19.68,0.98,97.14,4.86,56.15,4.86,4.028026681,0.348641312,3.9741,6.9745,0.9988,0.1966,0.3548,0.0166,0.0304,182.7
Kerguelen,KER3,CAT2.3E,172,190.4,191.4,190.9,0.5,10648.4,11059,10868,10865,205,0.0854,0.00183,21946,53995.90909,1.275454545,100.4545455,245,283.2727273,96.09090909,3202.818182,5.090909091,136.0909091,489.5454545,1419.545455,39218.09091,6278.272727,6.24780807,1.830766552,0.160527252,-1.830766552,45496.36364,995.574608,1757.955145,0.121685138,58.3495735,48.67237409,66.54035003,32.11371839,1304.184406,11.75120884,75.48702477,67.32661233,126.3054739,2247.448396,134.1514748,0.353195995,0.056869026,0.009175962,0.056869026,2277.894961,66.32,33.68,1.68,28.34,1.42,16.38,1.42,2.796061078,0.242393573,2.983,5.2501,1.6452,0.5541,1.0029,0.0473,0.0867,183.1
Kerguelen,KER3,CAT2.3E,173,191.6,192.6,192.1,0.5,10666.2,11067,10883,10879,200,0.08364,0.00176,23347.81818,55671.72727,1.315454545,21.18181818,262.5454545,254.2727273,45.45454545,1494,16.18181818,53.18181818,472.2727273,1328.090909,42498.54545,6514.454545,6.525576929,1.875552203,0.153297497,-1.875552202,49013,369.5404763,702.9634544,0.099736015,8.3763737,42.56844756,76.64605784,21.37458134,158.1745871,29.26027403,58.40859215,90.48214289,33.18871659,705.798323,147.8535516,0.128746267,0.019748808,0.003029961,0.019748808,794.415886,65.24,34.76,1.74,27.46,1.37,15.87,1.38,2.764430535,0.240385264,3.299,5.8425,1.3919,0.4838,0.8811,0.0405,0.0745,184.2
Kerguelen,KER3,CAT2.3E,174,192.9,193.8,193.3,0.5,10688.6,11075,10900,10894,193,0.08049,0.00162,23656.9,58292,1.262,23.2,282.5,160.1,51.3,2832.5,21.8,46.2,422,1440.5,43000.7,6613.2,6.506319126,1.872422587,0.153803731,-1.872422587,49613.9,387.8657987,912.812747,0.069729637,11.54508072,44.35525774,50.89084179,25.82870926,1077.311907,36.45941427,59.3029885,62.98500703,117.7504423,858.8485897,208.6532477,0.183543816,0.027806952,0.004215881,0.027806953,979.8677292,38.99,61.01,3.05,9.11,0.46,5.26,0.46,1.660131027,0.145182561,3.4195,6.1003,1.7763,1.0836,1.9874,0.0872,0.1617,185.4
Kerguelen,KER3,CAT2.3E,175,194,195.1,194.6,0.5,10702.9,11084,10918,10909,191,0.09015,0.00183,19781.41667,50506.16667,1.316666667,112.75,277.8333333,248.0833333,111,6044.666667,13.66666667,152.5833333,341.4166667,1400.833333,33392.83333,5758.416667,5.78003225,1.749286576,0.174784771,-1.749286576,39151.25,1792.626081,2511.840572,0.057260701,89.64995057,40.68020142,87.92089247,54.88666008,3310.373182,22.87647992,110.137483,121.6974328,174.6694714,4800.789288,264.4996849,0.6124115,0.10560157,0.018324675,0.10560157,5031.708152,38.22,61.78,3.09,12.94,0.65,7.48,0.65,2.012232792,0.174859801,4.5679,8.204,1.3681,0.8452,1.5603,0.0762,0.1422,186.6
Kerguelen,KER3,CAT2.3E,176,195.3,196.5,195.9,0.6,10715,11093,10936,10924,189,0.08375,0.0017,18442.23077,51153.69231,1.386153846,189.6923077,360,304.4615385,142.0769231,11110.30769,16.84615385,235.7692308,413.6153846,1469.538462,28871.46154,5486.307692,5.245430556,1.654000523,0.191945637,-1.654000523,34357.76923,1625.113235,4030.435861,0.088744808,70.27966113,34.64342169,67.03433869,36.5956772,5386.907437,33.62748418,104.1706563,107.7918816,292.1505364,4231.152377,503.9144082,0.440912002,0.085933519,0.016864183,0.085933519,4679.716269,44.94,55.06,2.75,7.84,0.39,4.53,0.4,1.510721939,0.133397081,4.5593,8.2249,1.5638,0.861,1.5963,0.0721,0.1352,187.4
Kerguelen,KER3,CAT2.3E,177,196.8,197.9,197.3,0.5,10729.1,11107,10954,10941,189,0.08367,0.00168,13237.25,37843.83333,1.348333333,579.4166667,368.75,418.9166667,197.8333333,9629.083333,35.83333333,482.0833333,221,926.6666667,18353.41667,4848.75,3.785445138,1.330708404,0.264408502,-1.330708404,23202.16667,583.5942122,3269.330119,0.082883635,79.46006239,86.5953232,203.9083833,44.03889465,2607.944069,51.74910334,57.91758774,83.36120746,127.2201623,803.0130145,158.2484382,0.120166412,0.031394982,0.00820896,0.031394982,920.5798403,74.72,25.28,1.26,64.59,3.23,37.34,3.23,3.620065138,0.31314436,3.6289,6.5719,1.3787,0.3485,0.6486,0.0292,0.0549,188.1
Kerguelen,KER3,CAT2.3E,178,198.1,199.1,198.6,0.5,10738.2,11121,10970,10956,191,0.08373,0.00167,13357.90909,37381.18182,1.362727273,696.7272727,424.3636364,424.2727273,203.9090909,8329.636364,33.72727273,454.3636364,216.2727273,1002.272727,18757,4882.636364,3.843128762,1.345708883,0.260504011,-1.345708883,23639.63636,401.3986683,1462.753829,0.09623834,178.9028177,110.6591819,159.4904956,52.13339533,1010.519794,46.01106586,60.58097511,64.11098332,112.614467,729.3362736,162.5024755,0.137756387,0.035565282,0.009191056,0.035565282,825.0003967,81.9,18.1,0.9,86.96,4.35,50.26,4.35,3.917209532,0.339034251,4.3352,7.9203,1.3844,0.2505,0.4702,0.021,0.0398,189.7
Kerguelen,KER3,CAT2.3E,179,199.4,200.5,199.9,0.5,10745.7,11142,10986,10972,198,0.0687,0.00143,16613.66667,50862.16667,1.426666667,586.5,709.4166667,855.5,338.5833333,13222,115.25,365.4166667,312.3333333,2012.75,24865.58333,5374.416667,4.519733278,1.491617355,0.228639361,-1.491617355,30240,3315.745174,6644.327859,0.18729332,219.4876265,360.0677861,405.1045881,125.940432,4300.364382,78.65011703,68.44301988,154.0875391,869.4761354,8270.004941,741.4326989,0.885051522,0.189620754,0.041517956,0.189620754,8998.132523,83.26,16.74,0.84,86.71,4.34,50.12,4.34,3.91442013,0.338958168,4.7687,8.7601,1.2795,0.2142,0.4042,0.0147,0.0281,190.8
Kerguelen,KER3,CAT2.3E,180,200.7,201.9,201.3,0.6,10778.2,11148,11007,10992,185,0.06776,0.00134,23780,57034,1.289230769,15.76923077,218.3076923,172.3846154,49.61538462,1631.461538,146.9230769,5.230769231,344.5384615,2260.461538,42724.76923,6409.230769,6.666422999,1.89698104,0.150036217,-1.89698104,49134,286.9387275,804.4584099,0.077293978,15.44967015,30.97952177,31.27975506,26.5441094,548.2407645,109.2187877,9.959533508,82.71801032,444.8920497,1027.977233,136.8655994,0.099253821,0.014897893,0.002236499,0.014897894,1139.313097,83.1,16.9,0.84,85.61,4.28,49.48,4.28,3.901568548,0.337484102,5.4259,10.0271,1.1543,0.195,0.3702,0.0132,0.0253,191.8
Kerguelen,KER3,CAT2.3E,181,202.2,203.3,202.7,0.5,10805.1,11153,11028,11013,174,0.06583,0.00122,23788.83333,57281.91667,1.2925,17.66666667,151.9166667,98.33333333,41,2980.583333,77.08333333,13.25,158.4166667,1469.666667,43147.08333,6460.666667,6.685748128,1.899402091,0.149745658,-1.899402089,49607.75,234.7326655,1092.125739,0.095643752,32.93335787,24.74399223,22.31319762,18.33030278,1543.827973,58.01325606,21.32913074,83.96369165,155.5368026,466.4883236,230.1012952,0.235179761,0.035590797,0.005391787,0.035590796,543.1246509,83.44,16.56,0.83,87.79,4.39,50.75,4.39,3.926911618,0.339687527,4.7687,8.8554,1.2409,0.2055,0.3918,0.0135,0.026,192.5
Marion Island,PB1,PB1.1A,4,5,6.3,5.7,0.7,-64.3,-40.8,-56.6,-55.5,12,0.08948,-0.0087,21886.23077,51097.61538,1.358461538,64.69230769,115.6153846,30.76923077,55.07692308,1038.230769,0.105263158,34.53846154,62.30769231,886.6923077,40130.07692,5827.076923,6.893542757,1.930386768,0.145120525,-1.930386768,45957.15385,1156.822383,3466.677793,0.108231708,29.98717675,33.38547204,20.57163843,18.25496069,372.1277007,0.458831468,49.05713571,51.70651896,61.3736977,2383.093349,421.9489427,0.143751298,0.020672106,0.002974175,0.020672106,2794.297671,93.64,6.36,0.32,0,0,0,0,#NAME?,NA,1.5945,0.1036,1.2693,0.0807,0.0093,0.0072,1.00E-04,1.8
Marion Island,PB1,PB1.1A,5,6.4,7.7,7.1,0.7,-62.2,2.9,-43.6,-39.6,33,0.08663,-0.06331,22872.14286,54151.92857,1.342142857,40.57142857,109.7857143,42.64285714,43.21428571,1660.785714,4.428571429,21.64285714,72.57142857,893.7857143,42165.78571,6125.928571,6.885762602,1.929252983,0.145286371,-1.929252982,48291.71429,699.3308733,1414.837825,0.083866063,13.9654204,11.33529933,18.6778649,14.70310575,240.0599856,15.18964367,39.56806627,56.14913423,100.5386864,1129.303065,202.7812252,0.143404968,0.020945505,0.00306078,0.020945505,1292.127431,92.59,7.41,0.37,0,0,0,0,#NAME?,NA,2.5315,0.2063,1.1521,0.0854,0.0112,0.0074,-0.0044,-59.9
Marion Island,PB1,PB1.1A,6,7.9,9.7,8.8,0.9,-60.2,55.4,-27.8,-20.3,58,0.09206,-0.25314,23184.47368,56034.47368,1.295789474,33.94736842,118.5263158,48.63157895,34.47368421,2276.368421,0.210526316,19.05263158,95.84210526,947.0526316,42758.68421,6355.736842,6.728449105,1.906099698,0.14869554,-1.906099698,49114.42105,1001.847536,2213.340873,0.151008307,9.66364139,31.077624,24.84219199,21.85398113,635.2123189,0.917662935,33.44061683,76.06303173,91.46369874,1587.379464,215.5210333,0.152927561,0.02274864,0.003385949,0.022748639,1763.59769,90.79,9.21,0.46,0,0,0,0,#NAME?,NA,4.7062,0.4541,0.7619,0.0702,0.0103,0.0065,-0.0168,-260.3
Marion Island,PB1,PB1.1A,7,9.8,11.1,10.4,0.7,-55.1,96.7,-11.7,-2.1,76,0.08802,-3.17392,23303.71429,57021.57143,1.264285714,34.42857143,138.5714286,72.78571429,25.78571429,3249.714286,2.285714286,22.28571429,187.5714286,968.8571429,42628.85714,6302.285714,6.76544612,1.911591428,0.147880167,-1.911591428,48931.14286,321.7015886,730.9732937,0.064892134,10.67501962,27.69258242,19.52977439,15.68035798,411.8497539,6.603362447,48.48382533,110.3760804,135.6935785,847.7820708,115.6296665,0.152257075,0.022622079,0.003362614,0.022622079,888.4988946,88.48,11.52,0.58,0,0,0,0,#NAME?,NA,3.9806,0.4359,0.9867,0.1136,0.0181,0.01,-0.3591,-3590
Marion Island,PB1,PB1.1A,8,11.2,12.5,11.8,0.6,-46.5,110.6,6.4,13.8,79,0.08487,0.48874,22777.64286,55935.71429,1.335714286,24.64285714,126.1428571,75.78571429,34.71428571,3456,0.105263158,15.07142857,154.6428571,897.6428571,41557.35714,6204.5,6.700643604,1.901876927,0.149336797,-1.901876927,47761.85714,655.3415559,1881.108529,0.082248618,12.08691055,26.84387093,24.99285612,20.11286833,835.0192075,0.458831468,34.20855558,103.8272286,124.8399635,1191.11516,195.1684677,0.177963227,0.026508056,0.003950462,0.026508057,1319.94527,89.34,10.66,0.53,0,0,0,0,#NAME?,NA,3.8275,0.4574,1.0647,0.1135,0.0192,0.0096,0.0571,592.8
Marion Island,PB1,PB1.1A,9,12.6,13.8,13.2,0.6,-40.6,127,24.1,29.6,84,0.09307,0.26736,22344.46154,54220.76923,1.322307692,19.76923077,115.6923077,56.61538462,25.15384615,2784.923077,1.076923077,5.230769231,133.5384615,883.3076923,41067.15385,6062.538462,6.775078397,1.913133491,0.147634556,-1.913133491,47129.69231,995.59895,2402.618993,0.122144303,11.98021874,20.15516731,24.25399782,14.74135992,460.2362548,3.882901374,13.18555931,80.2803581,103.5739548,1708.77626,259.7699673,0.107722672,0.015978271,0.002370346,0.015978271,1952.502727,89.37,10.63,0.53,0,0,0,0,#NAME?,NA,2.9679,0.3725,1.1774,0.1252,0.022,0.0116,0.0355,304.8
Marion Island,PB1,PB1.1A,10,13.9,15.2,14.5,0.7,-36.6,152.5,38.2,44.4,95,0.0834,0.18137,22222.42857,54481.57143,1.334285714,9.928571429,90.64285714,76.57142857,23.28571429,2854.714286,4.571428571,5.571428571,104,929.2142857,41316.64286,6119.214286,6.755776909,1.910168943,0.148089377,-1.910168943,47435.85714,342.9202002,1346.122335,0.101353478,9.101684423,18.28663717,26.13784255,14.27439112,1509.902719,8.308608008,20.84637687,61.10646447,109.221848,516.678833,182.3214315,0.149860516,0.022225564,0.003298411,0.022225564,662.0398381,88.89,11.11,0.56,0,0,0,0,#NAME?,NA,4.2887,0.6047,0.9624,0.1069,0.0204,0.0089,0.0211,236.6
Marion Island,PB1,PB1.1A,11,15.3,16.6,15.9,0.6,-25.5,170.8,56.3,61.1,98,0.07958,0.13089,22530.57143,56422.5,1.317142857,17.42857143,122.7857143,99.57142857,28.85714286,4101.785714,0.105263158,48.85714286,143.3571429,942.3571429,41739.78571,6171.928571,6.766338756,1.911662958,0.147878874,-1.911662958,47911.71429,323.5703976,2813.256141,0.082034568,9.204633329,13.44606646,35.02244178,16.56621745,3064.383165,0.458831468,59.70550438,54.8671222,96.24776293,814.8371407,181.2607405,0.170046782,0.025385273,0.003792052,0.025385273,920.9087008,88.65,11.35,0.57,0,0,0,0,#NAME?,NA,4.1237,0.6227,1.0868,0.1233,0.0248,0.0098,0.0181,184.6
Marion Island,PB1,PB1.1A,12,16.7,17.9,17.3,0.6,-14.9,186.2,76.1,78.4,101,0.07958,0.10498,22404.84615,56545.30769,1.331538462,23,126,120.8461538,24.46153846,4319.923077,1.153846154,30.07692308,77.46153846,939,41802.23077,6105.230769,6.848113724,1.923859206,0.146058811,-1.923859205,47907.46154,566.1234916,1530.255446,0.080295927,11.06044002,26.07041746,33.31627769,15.57570429,663.9352957,2.823890751,38.6920783,53.57955982,93.07702903,803.899989,135.8259633,0.108011079,0.015692746,0.002280712,0.015692746,906.9257242,89.33,10.67,0.53,0,0,0,0,#NAME?,NA,3.5423,0.5597,1.1515,0.1228,0.0255,0.0098,0.0149,152.7
Marion Island,PB1,PB1.1A,13,18.1,19.3,18.7,0.6,-5.3,200.4,94.6,95.6,103,0.08136,0.09025,21737.76923,54490.46154,1.344615385,15.53846154,127.6923077,133.0769231,27,3714.615385,4.692307692,51.53846154,82.69230769,978.4615385,40645.76923,5882.615385,6.915576897,1.933292147,0.144740074,-1.933292148,46528.38462,343.1282933,764.1711867,0.109362957,10.42924881,30.9929686,40.60677599,14.72526174,490.3740984,12.49923075,59.10247511,87.29393318,84.96726368,587.1905077,190.8404825,0.225911371,0.03225874,0.004613955,0.03225874,663.5303985,89.07,10.93,0.55,0,0,0,0,#NAME?,NA,3.6361,0.6127,1.0363,0.1133,0.0248,0.0092,0.0122,132.8
Marion Island,PB1,PB1.1A,14,19.4,20.7,20.1,0.7,2.8,221.1,112.8,112.8,109,0.08745,0.08746,21344,55060.5,1.252142857,15.71428571,126,143.2857143,18.14285714,6043.857143,7.5,31.07142857,116,892.3571429,39068.78571,5818.5,6.716337973,1.904353479,0.148946779,-1.904353479,44887.28571,349.450998,2449.867995,0.063751751,10.59338379,30.63683052,28.4940711,14.26592035,2430.908468,12.41432175,49.07053681,87.17091964,89.07439168,373.9010932,91.22562899,0.136564766,0.020145056,0.002973005,0.020145056,364.7482648,89.67,10.33,0.52,0,0,0,0,#NAME?,NA,4.082,0.7348,0.9981,0.1031,0.0237,0.009,0.0111,123
Marion Island,PB1,PB1.1A,15,20.9,22.2,21.5,0.7,21.8,228.2,130.9,129,103,0.08591,0.07129,20875.71429,51402.35714,1.260714286,10.21428571,99.71428571,145.7142857,28.78571429,2800.571429,7.928571429,31.42857143,122.4285714,880.2142857,38831.92857,5751.071429,6.757500559,1.9102376,0.14810703,-1.9102376,44583,212.1452436,1219.971917,0.070105885,7.148733846,35.10517948,40.55087701,17.59011336,1240.489216,19.69171745,38.59795588,69.92712062,112.1929509,515.435658,180.3673449,0.201680748,0.029951443,0.004452653,0.029951443,599.5853696,88.41,11.59,0.58,0,0,0,0,#NAME?,NA,3.9806,0.7543,1.1213,0.1299,0.0311,0.0112,0.0119,106.9
Marion Island,PB1,PB1.1A,16,22.3,23.5,22.9,0.6,33.1,237.9,150,145.3,102,0.08437,0.06175,20499.53846,50354,1.313076923,14.30769231,103.6923077,139.1538462,21.69230769,1944.076923,5.230769231,14.92307692,159.4615385,810.7692308,38739.15385,5718.153846,6.779650618,1.913584649,0.147600634,-1.913584649,44457.30769,281.729958,1835.650203,0.103632734,7.663600279,23.41076894,24.53176904,14.03795222,1525.144663,11.6200534,33.04154339,99.68585271,68.83937082,472.1078348,176.954724,0.18464887,0.027151635,0.003996293,0.027151635,582.4961208,88.27,11.73,0.59,0,0,0,0,#NAME?,NA,4.3273,0.8741,1.2467,0.1462,0.0368,0.0123,0.0121,98.4
Marion Island,PB1,PB1.1A,17,23.7,24.9,24.3,0.6,41.3,250.5,170.5,161.6,105,0.08595,0.05786,21543,53523.92308,1.347692308,7.153846154,100.6153846,104.1538462,18.23076923,4082.769231,6.153846154,35.61538462,150.1538462,954.3846154,39635.15385,5831.307692,6.800890571,1.916661083,0.147154705,-1.916661082,45466.46154,402.088506,3446.723745,0.117200245,6.804975555,13.02266269,20.8360511,14.81639771,3805.010625,17.29569385,46.19801306,82.24743781,90.78320188,771.3963363,162.8349802,0.198954365,0.029119216,0.004268201,0.029119215,832.7655348,88.55,11.45,0.57,0,0,0,0,#NAME?,NA,4.8578,1.042,0.9916,0.1135,0.03,0.0098,0.0092,93.8
Marion Island,PB1,PB1.1A,18,25,26.2,25.6,0.6,53.7,261.7,186.9,176.9,104,0.08255,0.05035,22327.23077,53721.46154,1.336153846,9.846153846,130.4615385,143.6923077,28.15384615,1448.923077,4.230769231,4.461538462,164.6923077,948.6923077,41864.30769,6068.923077,6.901454527,1.931438381,0.144982469,-1.93143838,47933.23077,337.6583959,782.2705857,0.098025376,7.956613118,20.23452242,29.41763818,18.46097756,510.7079174,11.18148653,16.08630569,93.67353292,96.95392773,641.0988463,154.2829984,0.173525009,0.025276151,0.003684863,0.025276151,702.8910719,89.05,10.95,0.55,0,0,0,0,#NAME?,NA,4.9854,1.1317,1.1532,0.1263,0.035,0.0104,0.0092,88.7
Marion Island,PB1,PB1.1A,19,26.3,27.5,26.9,0.6,67.5,266.4,204.1,192.7,99,0.08573,0.04617,22391.07692,53623.46154,1.352307692,11.61538462,122.0769231,115.6153846,23.23076923,1612.846154,0.105263158,31.07692308,139.9230769,963.3076923,41735.61538,6013.461538,6.942947077,1.937542811,0.14408386,-1.93754281,47749.07692,183.9766568,646.8411211,0.106626595,6.461920013,19.68274006,18.55414806,17.10338098,507.8503464,0.458831468,48.30711048,60.42827917,70.32944454,390.9293496,134.0849329,0.138630548,0.019927648,0.002865137,0.019927648,467.1790273,89.25,10.75,0.54,0,0,0,0,#NAME?,NA,4.7689,1.1207,1.2457,0.134,0.0382,0.0115,0.0095,82.4
Marion Island,PB1,PB1.1A,20,27.6,28.9,28.2,0.6,79.5,274.2,220.5,208.4,97,0.08108,0.03967,22456.92857,54954.78571,1.310714286,11.5,144.4285714,166.5,35.71428571,2706.928571,1.214285714,26.78571429,165.1428571,968.7142857,41770.71429,6148.785714,6.796969353,1.916236777,0.147195271,-1.916236778,47919.5,357.5879589,1162.987081,0.073323759,10.31615611,37.09595517,47.0069553,19.41620486,1169.28844,3.555679561,42.09362928,111.0819913,79.41558515,775.8556992,192.4986228,0.154071479,0.022774743,0.003368502,0.022774742,919.3443943,89.57,10.43,0.52,0,0,0,0,#NAME?,NA,5.0786,1.2468,1.157,0.1207,0.0357,0.0098,0.0077,78.5
Marion Island,PB1,PB1.1A,21,29,30.2,29.6,0.6,89.3,288.9,238.7,225.3,100,0.04411,0.02047,22521.07692,54690.53846,1.292307692,7.153846154,122.6923077,113.6923077,28,2210.307692,0.105263158,36,174.3846154,953.8461538,42142.76923,6252,6.743718774,1.908408448,0.148346431,-1.908408448,48394.76923,298.3360693,973.9707914,0.085941244,6.668909879,26.05885843,35.14822095,13.43502884,767.1275844,0.458831468,52.61812109,107.2819793,120.3929996,440.0059003,158.5932954,0.141321372,0.020986204,0.003117582,0.020986203,548.6968127,89.55,10.45,0.52,0,0,0,0,#NAME?,NA,4.8578,1.2363,1.0923,0.1142,0.0348,0.005,0.0039,76.9
Marion Island,PB1,PB1.1A,22,30.4,31.6,31,0.6,121,335.6,266.6,256.4,107,0.03732,0.01637,22876.84615,54689.61538,1.250769231,10.38461538,153.3846154,135.5384615,33.61538462,1401.692308,0.105263158,43.07692308,207.1538462,950.0769231,42683.07692,6365.846154,6.709200553,1.903243381,0.149119361,-1.903243381,49048.92308,450.6916622,982.93943,0.068125074,9.287432921,24.60534651,28.81439277,17.49065685,267.8772681,0.458831468,61.0552503,70.64564879,110.9455283,954.1762994,233.4162398,0.15224673,0.02260335,0.003357047,0.02260335,1153.171168,89.28,10.72,0.54,0,0,0,0,#NAME?,NA,4.8578,1.2849,1.0452,0.112,0.0352,0.0042,0.0031,75.3
Marion Island,PB1,PB1.1A,23,31.7,33,32.4,0.6,144.3,435.6,294.4,293.1,146,0.03946,0.02037,23224.42857,56973.14286,1.290714286,10.28571429,195.9285714,198.0714286,29.78571429,3814.071429,2.428571429,34.64285714,183.5,988.9285714,42401.21429,6349.357143,6.679872533,1.898664706,0.149833982,-1.898664706,48750.57143,330.4399665,1961.785602,0.079175004,10.20880895,36.82487513,71.06601945,18.19204632,3030.709474,6.18576885,57.410274,90.0023504,144.5983638,1247.002263,147.3413656,0.203543491,0.030636998,0.004614932,0.030637,1304.027885,88.47,11.53,0.58,0,0,0,0,#NAME?,NA,4.8578,1.3335,1.2126,0.1398,0.0454,0.0055,0.0046,84.1
Marion Island,PB1,PB1.1A,24,33.1,34.3,33.7,0.6,161,521.3,321.4,327.3,180,0.03661,0.0208,22253.61538,58726.38462,1.323076923,12,209.7692308,292.3076923,33.69230769,8587,11.76923077,22.84615385,291.5384615,931.5384615,39384.38462,5972.923077,6.596050078,1.886252863,0.151672103,-1.886252862,45357.30769,299.3074056,1995.371208,0.090220528,11.26942767,36.35967053,63.86494163,14.85140069,1849.286529,20.95691551,30.2402771,109.8124275,92.82924771,381.4266068,112.2337305,0.143257756,0.021750896,0.003303766,0.021750896,389.8096511,87.52,12.48,0.62,0,0,0,0,#NAME?,NA,5.2022,1.493,1.1365,0.1419,0.0478,0.0052,0.0047,90.5
Marion Island,PB1,PB1.1A,25,34.4,35.7,35.1,0.6,178.2,612.3,352.2,364.1,217,0.03978,0.02443,22791.71429,57166.92857,1.309285714,13.57142857,241.5,358.7142857,44.78571429,5872.142857,24.42857143,14.07142857,318.5714286,974.7857143,40325.71429,6169,6.537922056,1.877471313,0.152999125,-1.877471313,46494.71429,326.3663417,2438.041379,0.071518076,10.76114296,31.44164314,38.51958258,19.83849627,2544.62903,59.44320403,23.89549132,102.1422193,111.4182547,565.9393048,94.9412774,0.116691591,0.01786367,0.002735266,0.017863669,597.9186243,86.61,13.39,0.67,0,0,0,0,#NAME?,NA,4.7493,1.3963,1.1855,0.1587,0.0546,0.0063,0.006,95.8
Marion Island,PB1,PB1.1A,26,35.8,37,36.4,0.6,215.9,639.2,390.3,398.6,212,0.03693,0.02025,22187.15385,56491.76923,1.310769231,10.07692308,315.1538462,524.6923077,49.84615385,5665.846154,1.307692308,23.61538462,493.0769231,996.6153846,39547.38462,6136.230769,6.44791941,1.86355304,0.155152235,-1.863553039,45683.61538,273.0814427,1695.810925,0.069577479,8.470158779,50.1329003,81.72758063,23.36609422,1379.423723,4.714951668,41.30887407,106.1017291,79.27750675,484.2663762,166.0879054,0.135694271,0.02105023,0.003267232,0.021050229,605.4633953,86.74,13.26,0.66,0,0,0,0,#NAME?,NA,4.6419,1.4088,1.176,0.1559,0.0551,0.0058,0.0052,90.2
Marion Island,PB1,PB1.1A,27,37.2,38.4,37.8,0.6,243.7,664.6,429.7,435.7,210,0.03694,0.01845,21945.53846,54628.15385,1.307692308,14.69230769,296,532.3846154,61.30769231,4755.769231,2.230769231,30.84615385,447.1538462,900.1538462,39021.30769,6016.230769,6.487598106,1.86955316,0.154245254,-1.869553161,45037.53846,368.8953364,915.6196305,0.074066844,10.67227417,54.93784367,102.7087618,17.77350376,962.8047703,5.540063871,55.54704636,97.9003287,88.71287595,944.2461177,116.9438283,0.175218649,0.027161894,0.004213208,0.027161894,979.4168857,86.21,13.79,0.69,0,0,0,0,#NAME?,NA,5.0786,1.6023,1.0846,0.1495,0.0547,0.0055,0.0048,86.5
Marion Island,PB1,PB1.1A,28,38.5,39.8,39.2,0.6,263,720.9,465.2,472.8,229,0.04041,0.02021,21749.42857,56612.21429,1.285,18.28571429,370.2142857,757.6428571,80.85714286,7204.214286,7.5,13.71428571,680,909.7142857,37951.35714,6005.214286,6.322025769,1.843774327,0.158260431,-1.843774328,43956.57143,302.2257725,1417.943211,0.06148796,11.82844402,50.09403246,89.75660005,21.31036997,1196.898054,13.32291259,19.93230301,133.7402764,80.38601923,629.9064164,131.4546886,0.152414192,0.023808632,0.003722228,0.023808631,677.8777646,85.62,14.38,0.72,0,0,0,0,#NAME?,NA,5.1908,1.6922,1.1663,0.1677,0.0631,0.0068,0.0059,87.6
Marion Island,PB1,PB1.1A,29,39.9,41.2,40.5,0.6,292.2,764.7,499.1,506.8,236,0.03851,0.01855,21162.71429,56101,1.351428571,17,454.7142857,932,80.14285714,8628.928571,10.28571429,56.64285714,846.4285714,901.3571429,35812.64286,5812.214286,6.163389922,1.818170561,0.162396426,-1.818170562,41624.85714,385.6507844,1438.931869,0.080656646,14.18558315,80.50076786,138.1921739,24.4944488,1686.870496,18.1507727,83.90251408,178.5754373,78.91632096,1155.627809,150.9590768,0.193386052,0.031341695,0.005084148,0.031341694,1227.877522,83.43,16.57,0.83,0,0,0,0,#NAME?,NA,4.6419,1.5481,1.2167,0.2016,0.0773,0.0078,0.0067,86.5
Marion Island,PB1,PB1.1A,30,41.3,42.5,41.9,0.6,326,789.1,535.8,542.4,232,0.03851,0.01702,21076.30769,56875.07692,1.295384615,17.07692308,457.0769231,965.7692308,93.53846154,10084.46154,20.15384615,14.30769231,761.3076923,889.6153846,35259.07692,5768,6.116855279,1.810475038,0.163668012,-1.810475038,41027.07692,367.9480001,1377.259686,0.069356012,14.45949249,105.1320293,167.2533776,24.16821392,1026.918661,25.02281011,26.79671813,123.106583,93.25461424,757.8692127,144.2168506,0.218126154,0.035031869,0.005634947,0.035031869,751.234147,79.39,20.61,1.03,0,0,0,0,#NAME?,NA,4.2249,1.4428,1.272,0.2622,0.1026,0.0101,0.0084,83.3
Marion Island,PB1,PB1.1A,31,42.7,43.9,43.3,0.6,354.5,817.5,574.1,578,231,0.03851,0.01598,19645.46154,54974.61538,1.346153846,22.15384615,522.4615385,1238.461538,105.0769231,12284.23077,15.07692308,39.38461538,1094.923077,918.8461538,30917.30769,5315.615385,5.812927458,1.759501057,0.172231509,-1.759501057,36232.92308,891.1190171,2380.912624,0.058528976,12.40192293,107.3270822,162.8028539,22.10754599,1403.438762,19.92260667,44.67202417,188.2407419,96.01635811,2056.170809,243.783216,0.206278973,0.035581976,0.006144568,0.035581976,2272.124133,73.61,26.39,1.32,0,0,0,0,#NAME?,NA,4.3273,1.5232,1.2736,0.3361,0.1351,0.0129,0.0106,81.7
Marion Island,PB1,PB1.1A,32,44,45.3,44.7,0.6,370.7,857.4,610.8,613.7,243,0.03973,0.01631,17843.81818,53673.90909,1.360909091,17.90909091,599.7272727,1472.363636,131.6363636,15633.63636,36.90909091,67,1459.272727,862,26079.63636,4919.090909,5.306401763,1.668030978,0.188784788,-1.668030979,30998.72727,474.6910191,3833.053807,0.102611359,9.792390367,103.0903399,312.5809568,30.61461327,3507.163534,44.19831342,42.93017587,447.8142675,95.66399532,1188.488727,222.6654237,0.233837721,0.044082478,0.008324653,0.044082478,1323.269669,72.18,27.82,1.39,0,0,0,0,#NAME?,NA,4.1237,1.4887,1.3275,0.3693,0.1518,0.0147,0.0121,82.2
Marion Island,PB1,PB1.1B,38,45.1,46.2,45.7,0.6,403.2,877.4,636.9,639.3,237,0.03942,0.01509,18043.33333,56475.91667,1.378333333,23.41666667,671.1666667,1467.75,149.3333333,18758.58333,48.08333333,60.5,1593.583333,869.3333333,25426.41667,4883.75,5.209340364,1.649656319,0.192267064,-1.649656319,30310.16667,205.1856513,2919.428881,0.102410345,14.26029665,172.6071911,418.0367807,20.08768656,2723.590994,39.58066179,54.51688646,414.891543,93.50870969,797.3345891,108.3631311,0.218670749,0.041562358,0.007911547,0.041562357,783.0573918,71.09,28.91,1.45,0,0,0,0,#NAME?,NA,3.3682,1.413,1.4175,0.4098,0.1924,0.0162,0.0138,85.2
Marion Island,PB1,PB1.1B,39,46.4,47.6,47,0.6,446.3,898.8,672.9,672.7,226,0.03938,0.01373,18223.53846,54931,1.334615385,19.46153846,509.3846154,1038.692308,122.3846154,16753.92308,41.38461538,37.92307692,1200.769231,817.1538462,27081.38462,4963.846154,5.453978371,1.695301457,0.183735067,-1.695301457,32045.23077,1077.551052,3768.469716,0.085011311,11.25178049,125.7467948,246.4695331,36.69590909,2820.622138,43.55368041,44.21248228,131.7631422,69.97481232,1760.984173,170.5983813,0.259733677,0.047529128,0.008714645,0.047529129,1883.440918,74.24,25.76,1.29,0,0,0,0,#NAME?,NA,4.173,1.8069,1.1934,0.3074,0.1485,0.0121,0.0101,83.2
Marion Island,PB1,PB1.1B,40,47.8,49.1,48.4,0.6,476,922.7,713.7,708.7,223,0.03741,0.01229,17077.57143,61175.85714,1.380714286,52.28571429,1009.571429,1723.857143,179.7142857,27945.78571,37.21428571,58.14285714,1411.071429,729.6428571,21554.71429,4381.285714,4.877771963,1.578923085,0.207414316,-1.578923085,25936,1084.977753,4786.652031,0.071302636,42.99271597,515.6056505,582.4227723,77.03488578,7409.845324,43.98632405,55.93245534,262.3938509,97.38078087,4196.053007,413.4545698,0.537378501,0.112088035,0.023571016,0.112088035,4597.449845,58.05,41.95,2.1,0,0,0,0,#NAME?,NA,3.9806,1.7495,1.2786,0.5364,0.2626,0.0201,0.0164,81.8
Marion Island,PB1,PB1.1B,41,49.3,50.5,49.9,0.6,495.5,961,754.6,747.3,233,0.04402,0.01424,16071.90909,66787.09091,1.356363636,69.36363636,1364.181818,2255.181818,259.0909091,37993.90909,60.27272727,72.18181818,1738.272727,726.1818182,16348,4016.909091,4.05994597,1.398504136,0.247630758,-1.398504135,20364.90909,1822.501273,9947.376533,0.046102652,40.63563148,531.0280253,521.1302751,70.32276238,7981.198487,40.46749537,40.7819033,232.5824976,91.20067783,2198.612017,347.3880984,0.30927896,0.076767224,0.019098787,0.076767223,2500.984065,54.13,45.87,2.29,0,0,0,0,#NAME?,NA,3.768,1.6956,1.5497,0.7109,0.3555,0.0313,0.0258,82.3
Marion Island,PB1,PB1.1B,42,50.6,51.8,51.2,0.6,545.2,975.3,786,778.9,215,0.03961,0.0114,15603.69231,65775.23077,1.354615385,80.46153846,1542.923077,2497,257.7692308,36975.38462,79.15384615,61.76923077,1607.846154,701.9230769,16194.46154,3884.615385,4.154466993,1.420457551,0.242483117,-1.420457551,20079.07692,1815.168789,8024.490692,0.064757932,28.08206837,382.7491479,310.7490949,67.42174952,6399.861646,31.23792074,51.97299595,137.5365686,106.7328921,2480.248631,340.9397646,0.377965635,0.089323541,0.02124784,0.089323541,2775.232887,56.61,43.39,2.17,0,0,0,0,#NAME?,NA,3.6744,1.6884,1.3229,0.5741,0.2925,0.0227,0.0181,79.7
Marion Island,PB1,PB1.1B,43,52,53.1,52.6,0.6,592,998.4,821.3,812.8,203,0.04185,0.0109,17014.45455,71384.36364,1.386363636,80.72727273,1703.181818,2900.909091,276.3636364,39848.90909,76.72727273,45.18181818,1666.636364,718.2727273,17792.54545,4175.454545,4.240768866,1.44276686,0.236738196,-1.442766859,21968,1776.394121,5487.34388,0.073521796,23.87086471,198.8707209,259.7693032,37.03585486,2917.89172,51.47444203,51.30461613,167.8995371,112.5842715,3116.575055,516.593334,0.280486938,0.065880437,0.01552422,0.065880436,3614.119893,59.61,40.39,2.02,0,0,0,0,#NAME?,NA,3.1172,1.4589,1.4442,0.5833,0.3022,0.0244,0.019,77.8
Marion Island,PB1,PB1.1B,44,53.3,54.5,53.9,0.6,621.1,1018.5,855.2,844.3,199,0.04125,0.01015,16945.46154,76043.46154,1.376923077,118.2307692,2186.923077,2986.846154,337,45487.84615,124.8461538,60.46153846,1737.153846,671.1538462,16203.07692,4008.076923,4.027313087,1.388561702,0.250592846,-1.388561702,20211.15385,1167.218961,5173.153416,0.094638313,41.51135155,612.4742799,328.991349,76.82339054,4387.676128,37.59176806,69.31764492,155.5810861,41.25701184,2363.368869,231.3141664,0.394961213,0.09972961,0.025376638,0.09972961,2571.852116,55.35,44.65,2.23,0,0,0,0,#NAME?,NA,3.4327,1.6443,1.4306,0.6388,0.3379,0.0264,0.0204,77.5
Marion Island,PB1,PB1.1B,45,54.7,55.8,55.2,0.6,654.6,1045.9,887.3,876.3,196,0.03743,0.00873,16674,77864.16667,1.378333333,118.1666667,2209.916667,3336.916667,332.8333333,48023.5,102.9166667,62.16666667,2075.25,704.0833333,14820.66667,3984,3.716995605,1.312040227,0.26950347,-1.312040228,18804.66667,995.8902824,5297.49776,0.062352857,41.92164408,364.0642946,329.4660855,66.5484558,4493.824803,24.87955836,61.18650079,146.8234097,84.09243651,1368.919237,282.4474207,0.16331045,0.043592488,0.011653478,0.043592488,1625.406485,47.62,52.38,2.62,0,0,0,0,#NAME?,NA,3.1172,1.5212,1.8913,0.9906,0.533,0.0371,0.0286,77.1
Marion Island,PB1,PB1.1B,46,56,57.7,56.8,0.9,757.5,1072.6,921.1,918.8,158,0.03744,0.00698,15703.22222,77928,1.403888889,172.2222222,2910,3258.777778,434.9444444,50206.16667,105,85.22222222,1986,654.5555556,12691.55556,3692.277778,3.430580579,1.227780652,0.294419522,-1.227780652,16383.83333,1239.064807,5836.100783,0.077470214,51.27269145,607.7093926,337.8483049,70.05499707,4694.764684,50.57783751,41.65482185,198.8582114,104.908488,1860.554099,300.1573716,0.348066135,0.10284862,0.030618416,0.10284862,2096.840179,44.04,55.96,2.8,0,0,0,0,#NAME?,NA,4.8175,2.3991,1.1148,0.6238,0.3419,0.0234,0.0172,73.4
Marion Island,PB1,PB1.1B,47,57.9,59,58.4,0.6,850.6,1111.5,957.2,961.4,130,0.03813,0.00553,18726.16667,78425,1.424166667,100.4166667,2007.916667,3418.416667,291.0833333,42247.66667,105.6666667,67.5,1843.833333,861.8333333,20305.58333,4622.916667,4.388978578,1.476710663,0.228948814,-1.476710663,24928.5,627.0722495,4861.557364,0.054682278,42.4702213,555.863204,227.6350581,79.00800688,5482.39487,40.63212641,49.80963762,172.4412065,112.2301477,1889.693119,199.7559685,0.312248237,0.072671371,0.016988687,0.072671372,2029.63071,53.46,46.54,2.33,0,0,0,0,#NAME?,NA,3.2835,1.6713,1.6106,0.7496,0.419,0.0286,0.0201,70.4
Marion Island,PB1,PB1.1B,48,59.2,60.3,59.7,0.6,909.6,1147.7,987.6,995.9,119,0.02007,0.00259,18310.75,70561.91667,1.360833333,52.91666667,1363.333333,3155.25,196.25,34336.33333,97.91666667,47.25,1946.916667,888.75,21235.5,4562.583333,4.623108799,1.527460904,0.217910666,-1.527460904,25798.08333,1624.222338,4312.296951,0.089489292,16.43421228,273.9533249,299.7775311,32.90240389,4015.737481,39.17433838,47.81237002,254.6425153,112.7492189,3660.833152,451.9077658,0.400301526,0.089829888,0.020332566,0.089829887,4100.258627,58.01,41.99,2.1,0,0,0,0,#NAME?,NA,3.8869,2.027,1.5123,0.635,0.3629,0.0127,0.0089,70.1
Marion Island,PB1,PB1.1B,49,60.5,61.5,61,0.5,949.9,1212.5,1056.6,1059.1,131,0.01802,0.00238,15467.5,76901.8,1.399,184.5,3446.5,3810.8,401.1,47766,147.7,65.2,2412.8,665.2,12473.9,3755.9,3.314508554,1.194759479,0.303855339,-1.194759479,16229.8,1513.214992,11134.78778,0.098257033,69.16686747,1126.163719,599.2144487,112.7597742,9423.986418,34.5705398,56.3773004,398.4405156,141.0443587,1633.915437,277.2826276,0.293939444,0.088892068,0.027015494,0.088892068,1855.526987,42.4,57.6,2.88,0,0,0,0,#NAME?,NA,3.3799,1.7964,1.8334,1.0561,0.6141,0.019,0.0136,71.4
Marion Island,PB1,PB1.1B,50,61.7,62.9,62.3,0.6,971.1,1388.4,1113.1,1130.8,209,0.01837,0.00357,17341,81925.07692,1.43,153.3846154,2964.769231,4477.923077,317.8461538,48824.07692,131.3846154,54.23076923,2512.153846,787.3076923,15564.53846,4076.769231,3.802167151,1.33196518,0.264888164,-1.33196518,19641.30769,1243.79855,4900.301393,0.111430098,40.81367921,492.4459622,535.0140904,43.95423027,3805.874986,37.54450351,41.07138876,309.300783,94.68050188,2320.303558,274.6649941,0.340290861,0.087868717,0.02284152,0.087868716,2571.770447,47.14,52.86,2.64,0,0,0,0,#NAME?,NA,3.768,2.0347,1.5664,0.828,0.4885,0.0152,0.0119,78.4
Marion Island,PB1,PB1.1B,51,63.1,64.1,63.6,0.5,985.2,1578.3,1174.2,1202.6,297,0.01767,0.0045,16603.63636,78120.09091,1.392727273,122,3097.636364,4567.727273,299.1818182,45809,139.6363636,67,2604.818182,778.4545455,14613.72727,3952.454545,3.696383167,1.306936621,0.270761538,-1.306936621,18566.18182,1110.197935,6386.241014,0.093604584,28.35489376,286.2405536,454.5974243,39.41780862,4559.840918,31.15532933,54.63515352,210.5164213,67.33552352,946.7203485,201.8511152,0.111888701,0.030363404,0.008244292,0.030363404,1129.541661,49.2,50.8,2.54,0,0,0,0,#NAME?,NA,3.2151,1.7667,1.7415,0.8847,0.5304,0.0156,0.0134,85.4
Marion Island,PB1,PB1.1B,52,64.3,65.4,64.9,0.5,997.4,1772.2,1233.1,1274.3,387,0.01876,0.00586,15811.5,71909.25,1.430833333,90.41666667,2369.583333,3602.5,284.5833333,41813.91667,124.8333333,59.33333333,2464.916667,765.4166667,14497.16667,3880.5,3.73396497,1.316678186,0.26823745,-1.316678186,18377.66667,538.7633145,3556.727329,0.082070738,16.64308938,212.3986211,320.4328039,35.09327398,3166.445741,32.22035871,31.67256723,159.3706134,102.6728771,970.043751,156.075448,0.154970223,0.041624054,0.011196424,0.041624054,1100.290237,47.24,52.76,2.64,0,0,0,0,#NAME?,NA,3.7179,2.0876,1.8043,0.9519,0.5821,0.0179,0.0165,92.4
Marion Island,PB1,PB1.1B,53,65.6,66.7,66.2,0.5,1047.3,1825.4,1305.5,1343.2,389,0.01919,0.00572,16082.5,65439,1.35,57.5,1375.666667,2681.75,236.6666667,35083.25,82.16666667,44.58333333,2192.333333,814.8333333,16719.91667,4071.583333,4.103826613,1.40886475,0.245167163,-1.40886475,20791.5,449.4648333,5355.192094,0.0996357,18.21338169,276.2249852,290.4110332,42.08721104,6120.370163,35.83252289,45.40015685,275.4659964,135.0870651,1648.559121,161.920552,0.335219194,0.081634016,0.01997285,0.081634016,1748.177467,50.23,49.77,2.49,0,0,0,0,#NAME?,NA,3.454,1.9688,1.5285,0.7608,0.4717,0.0146,0.0134,91.8
Marion Island,PB1,PB1.1B,54,66.9,68.1,67.5,0.6,1078.8,1913.7,1381.3,1411.9,417,0.01919,0.00584,17487.38462,67951.38462,1.383846154,58.38461538,1443.076923,3015.307692,230.3076923,33420.23077,59.69230769,53.15384615,2032.538462,871,19994.84615,4481.076923,4.456715006,1.492708425,0.22515501,-1.492708425,24475.92308,1295.793099,4682.053156,0.081806526,20.58129596,253.8557535,318.7256879,41.43344988,3140.159262,38.8252165,46.70268756,264.454979,109.3945459,2173.722723,330.9102249,0.267720881,0.06110431,0.013989081,0.06110431,2462.845389,71.21,28.79,1.44,0,0,0,0,#NAME?,NA,3.0897,1.7827,1.266,0.3645,0.2286,0.007,0.0065,93.1
Marion Island,PB1,PB1.1B,55,68.3,69.4,68.8,0.5,1099.2,1994.4,1448.2,1480.6,448,0.01842,0.00571,16603,64199.16667,1.37,51.16666667,1326.333333,2709.083333,250,31499.16667,75.5,64.75,2069.083333,819.25,18825.83333,4348.166667,4.330910688,1.465279663,0.2311296,-1.465279663,23174,696.2547862,4042.397732,0.078276898,12.08179196,229.6947909,291.3814926,33.7423392,2752.940802,38.54984966,40.93703591,178.3533053,80.67006316,861.3936734,173.2223129,0.14209627,0.033049282,0.007693137,0.033049283,991.5870658,56.24,43.76,2.19,0,0,0,0,#NAME?,NA,3.454,2.0379,1.4777,0.6467,0.4139,0.0119,0.0113,95
Marion Island,PB1,PB1.1B,56,69.5,70.6,70.1,0.5,1126.8,2098,1513.6,1549.4,486,0.01866,0.00599,17805.41667,69745.58333,1.474166667,58.58333333,1192,2575.833333,224.6666667,35822.66667,77.16666667,54.66666667,1881.083333,848,20140,4430.25,4.545825091,1.513542324,0.220277467,-1.513542323,24570.25,678.124078,4097.172605,0.111229356,16.22264597,209.3531162,250.8001136,34.94237681,3780.93955,30.23794526,51.29475134,164.0612182,80.11695996,1147.369957,184.9275657,0.172335948,0.038264009,0.008503153,0.038264009,1292.031531,64.39,35.61,1.78,0,0,0,0,#NAME?,NA,3.297,1.9782,1.5272,0.5438,0.3535,0.0101,0.0099,97.1
Marion Island,PB1,PB1.1B,57,70.8,72,71.4,0.6,1194.5,2147.1,1585,1620.1,476,0.01864,0.00564,15893.23077,68179,1.410769231,85.61538462,1812.615385,3134.230769,310.8461538,37935.15385,81.53846154,81.53846154,2271,776.8461538,15706.53846,4129.615385,3.798898155,1.333093663,0.264085902,-1.333093663,19836.15385,748.9313669,2184.268947,0.090412162,39.24185364,452.9627539,244.9405213,42.53007985,2049.014676,47.28744616,51.22274134,192.9913642,94.42796739,1398.191905,177.78336,0.225175256,0.059165041,0.01558686,0.05916504,1546.581706,51.7,48.3,2.41,0,0,0,0,#NAME?,NA,3.4006,2.0676,1.5679,0.7572,0.4983,0.0141,0.0136,96
Marion Island,PB1,PB1.1B,58,72.2,73.4,72.8,0.6,1245.9,2221.3,1673.7,1696.1,488,0.01864,0.00552,18428.30769,70573.76923,1.403846154,50.07692308,1225.692308,3238.538462,241.1538462,34225,91.46153846,52.61538462,2095.461538,918.2307692,21601.69231,4649.307692,4.646634484,1.535666454,0.215413979,-1.535666453,26251,496.919072,2648.568518,0.068134482,18.15884329,110.0010489,210.9473139,34.44765632,2420.383613,20.75899558,46.81975805,158.5526282,83.99221576,1061.067025,184.5302074,0.149971189,0.032073882,0.006867351,0.032073881,1206.248385,64.23,35.77,1.79,0,0,0,0,#NAME?,NA,4.1237,2.5608,1.2595,0.4506,0.3023,0.0084,0.0081,96.7
Marion Island,PB1,PB1.1B,59,73.6,74.8,74.2,0.6,1276.3,2316.3,1764.2,1772.2,520,0.01742,0.00525,18595.69231,64344.84615,1.407692308,29.23076923,838.7692308,2197.230769,199.1538462,26920.46154,74.23076923,35.46153846,1773.538462,877.3076923,24069.38462,4857.076923,4.954991154,1.599666182,0.202111101,-1.599666182,28926.46154,461.6750994,2233.961722,0.082275335,19.93804507,221.8776517,267.1613601,38.92909399,2215.620591,53.29814544,39.73582637,211.4141336,70.13603997,1300.216555,166.4919725,0.197049873,0.039740747,0.008025228,0.039740747,1420.995051,70.1,29.9,1.5,0,0,0,0,#NAME?,NA,3.4907,2.1939,1.1504,0.344,0.2334,0.006,0.0059,98
Marion Island,PB1,PB1.1B,60,75,76.2,75.6,0.6,1341.5,2406.5,1843.4,1850.7,532,0.01673,0.00494,17314,65853.76923,1.389230769,45,1015.538462,2640.230769,213.2307692,32637.15385,81.38461538,67.15384615,2030.615385,852.8461538,19795.69231,4358.538462,4.530418928,1.509212854,0.221433298,-1.509212854,24154.23077,1284.902461,4035.509058,0.059925167,18.85028735,215.5626805,354.5184889,16.37657802,1994.533439,48.34345606,62.54444574,132.7143163,58.37928593,2328.255154,298.9193357,0.268765454,0.058706137,0.012859922,0.058706137,2607.196839,61.16,38.84,1.94,0,0,0,0,#NAME?,NA,3.611,2.311,1.2792,0.4968,0.3428,0.0083,0.0082,98.5
Marion Island,PB1,PB1.1B,61,76.4,77.6,77,0.6,1432.1,2445.8,1936,1932.4,507,0.01802,0.00487,18421.76923,65662.38462,1.396153846,34.23076923,890,2308.769231,198.3846154,28974.15385,69.46153846,65.30769231,1709,880.0769231,23468,4692.230769,5.001259469,1.608407882,0.200465405,-1.608407882,28160.23077,987.9690577,3268.403192,0.079847611,22.14028698,167.3320053,250.3594595,34.17488957,3161.520226,36.19303659,63.04017848,131.0095416,91.15322406,2035.360984,315.4399451,0.262216984,0.052837,0.010663233,0.052837,2293.906499,70.42,29.58,1.48,0,0,0,0,#NAME?,NA,3.4006,2.2036,1.3885,0.4108,0.2867,0.0074,0.0072,96.8
Marion Island,PB1,PB1.1B,62,77.7,78.9,78.3,0.6,1482.1,2488.3,2025.3,2008.3,503,0.01643,0.00424,18248.84615,66842.23077,1.417692308,45.38461538,1079.538462,2644.692308,198.6153846,30791.84615,70.53846154,51.69230769,1767.153846,847.2307692,22383.61538,4693.153846,4.761564441,1.559236189,0.210580766,-1.559236188,27076.76923,1128.22507,5535.319279,0.081563252,29.13628454,370.5342124,614.6374791,44.95653171,4733.446187,35.42272196,49.22462902,213.7353684,84.58639946,2194.764321,278.1629757,0.25567231,0.053989447,0.011434997,0.053989447,2446.008693,64.87,35.13,1.76,0,0,0,0,#NAME?,NA,3.7018,2.4451,1.3982,0.4912,0.349,0.0081,0.0078,96.8
Marion Island,PB1,PB1.1B,63,79.1,80.2,79.7,0.6,1526.9,2568.5,2113.8,2090.1,521,0.0171,0.00438,18789.41667,66542.08333,1.363333333,44.5,1034.333333,2687.75,157.4166667,27705.08333,74.41666667,39.66666667,1658.166667,931.6666667,25036,4837.583333,5.178900649,1.643713541,0.193427143,-1.643713541,29873.58333,752.659824,3121.952607,0.069062993,16.44550229,218.0460057,411.6779688,26.84791623,3058.877883,36.70882563,48.38920491,147.7109175,70.32564944,1432.102586,257.9878286,0.229515579,0.043548312,0.008280267,0.043548312,1619.786488,68.98,31.02,1.55,0,0,0,0,#NAME?,NA,3.2589,2.177,1.201,0.3725,0.2675,0.0064,0.0062,97.4
Marion Island,PB1,PB1.1B,64,80.4,81.5,81,0.5,1658,2607.4,2185.6,2167.2,475,0.01669,0.00377,19450.58333,64025.41667,1.3575,26.66666667,787.5833333,2457.5,150.3333333,23119.5,44.5,33.91666667,1442.416667,1006.333333,27547.83333,5111.333333,5.389485705,1.683930562,0.185739516,-1.683930562,32659.16667,722.3287414,2634.233008,0.067301898,18.18257574,160.1428103,325.0441928,30.23042818,2584.998242,38.05856731,44.34668858,184.5532485,82.25164639,1356.004212,183.2992255,0.181243348,0.033682937,0.006266448,0.033682937,1496.69866,73.01,26.99,1.35,0,0,0,0,#NAME?,NA,2.7977,1.8913,1.3489,0.364,0.2643,0.0061,0.0058,95.2
Marion Island,PB1,PB1.1B,65,81.7,82.8,82.3,0.5,1773.3,2634.7,2263.2,2244.6,431,0.01669,0.00332,18342.75,67634.66667,1.411666667,43.25,1073.75,2639.916667,191.5833333,31128.41667,62.91666667,32.16666667,1895.583333,936.75,22775.08333,4775.583333,4.770299783,1.561407567,0.21004471,-1.561407568,27550.66667,1058.507966,5710.324499,0.085155829,22.70412458,204.5985537,377.7012909,33.2468955,5141.199426,51.26128848,41.34518403,157.4475141,76.73582191,1555.31613,260.3457346,0.226284535,0.046409097,0.009535857,0.046409097,1752.123716,63.9,36.1,1.81,0,0,0,0,#NAME?,NA,3.0357,2.0871,1.5281,0.5517,0.4068,0.0092,0.0086,93.6
Marion Island,PB1,PB1.1B,66,83,84.1,83.6,0.5,1846.4,2668,2345,2322.1,411,0.01669,0.00306,18904.33333,63114.5,1.319166667,43.33333333,949.6666667,2104.083333,148.6666667,23379.91667,60.41666667,35.33333333,1559.416667,940.75,26735.16667,5044.833333,5.29389011,1.665690425,0.18922426,-1.665690426,31780,1566.150134,5810.246552,0.094239379,20.67204231,274.2511567,454.0877885,33.54598833,3720.978524,30.38079038,45.14085699,140.7024315,74.02226324,2161.448245,251.8664268,0.228999867,0.043458497,0.008258043,0.043458496,2389.427508,73.27,26.73,1.34,0,0,0,0,#NAME?,NA,3.1998,2.2351,1.2263,0.3278,0.2454,0.0055,0.0051,93.2
Marion Island,PB1,PB1.1B,67,84.3,85.4,84.9,0.5,1913.3,2723.1,2425.5,2399.5,405,0.01972,0.00346,17636.09091,64678.36364,1.339090909,48.81818182,1129.818182,2548.454545,192.6363636,28673.54545,52.45454545,63.27272727,1803.454545,940.4545455,22475.54545,4671.363636,4.804436904,1.568658661,0.208509625,-1.568658661,27146.90909,1511.512253,5501.08119,0.049488291,23.4726146,278.5450837,465.7961708,34.96647745,4299.083004,53.01766429,40.5119511,312.5589108,105.353086,2729.874772,478.104439,0.210705193,0.044123195,0.00925991,0.044123194,3188.111305,44.69,55.31,2.77,0,0,0,0,#NAME?,NA,2.2106,1.5518,1.6277,0.9003,0.677,0.0178,0.0165,92.7
Marion Island,PB1,PB1.1B,68,85.6,86.6,86.1,0.5,2063.4,2740.2,2478.5,2462.5,338,0.02005,0.00287,18191.66667,64933,1.381666667,35.66666667,1158.666667,3313.5,184.5,27310.16667,122.6666667,45.33333333,1956.333333,940.8333333,22639.83333,4703.833333,4.813791446,1.571246335,0.207835867,-1.571246333,27343.66667,651.6562489,3249.859997,0.065243135,10.8012345,154.824632,413.8099805,20.16680441,1898.983667,63.56938466,65.14496655,280.6290553,103.6598604,620.4422348,108.3335897,0.11495477,0.023960763,0.004995657,0.023960763,686.6462457,68.03,31.97,1.6,0,0,0,0,#NAME?,NA,2.3359,1.669,0.9012,0.2881,0.2203,0.0058,0.0052,90.8
Marion Island,PB1,PB1.1C,75,86.5,87.6,87,0.5,2167.4,2752.5,2520.1,2509.2,293,0.01843,0.00227,18476.41667,65711.41667,1.3775,42,1274.833333,3664.833333,170.3333333,26518.25,155.1666667,35,2044.666667,1104.083333,23319.16667,4808.666667,4.852381326,1.579071891,0.206248274,-1.579071891,28127.83333,734.0456337,3699.718207,0.050654803,21.00216439,223.3374265,463.784596,24.14476542,2714.014843,45.06123779,44.61960433,181.6331634,77.40972259,688.9396112,176.6353889,0.143001028,0.029449949,0.006068568,0.029449949,810.6949694,66.42,33.58,1.68,0,0,0,0,#NAME?,NA,4.1793,3.3184,1.2773,0.4289,0.362,0.0079,0.0076,96.7
Marion Island,PB1,PB1.1C,76,87.8,88.9,88.4,0.5,2307.9,2782.1,2602.3,2581.8,237,0.01985,0.00195,17323,64100.25,1.34,45.83333333,1340.916667,3738,153.5,27262.75,127.4166667,17.58333333,2010.416667,1052.25,21572.5,4557.833333,4.733787062,1.554322956,0.211415786,-1.554322955,26130.33333,971.1363541,3683.179237,0.063532383,12.86880183,243.6467108,442.9116473,28.11502348,2855.934814,36.48276887,34.63172044,120.3354843,119.1974107,1561.067554,314.1585683,0.141778762,0.029484894,0.006140609,0.029484893,1854.216832,61.1,38.9,1.95,0,0,0,0,#NAME?,NA,3.2835,2.6235,1.4881,0.5789,0.4915,0.0115,0.0109,94.7
Marion Island,PB1,PB1.1C,77,89.2,90.3,89.7,0.5,2379,2830.8,2712.6,2649.3,226,0.03193,0.00292,17434.41667,64597.41667,1.366666667,47.58333333,1300,3825.166667,166.9166667,27577.25,144.9166667,61.25,2191.416667,1060.333333,21375.91667,4659.75,4.588939152,1.523350932,0.218045056,-1.523350932,26035.66667,481.0901368,2105.228144,0.086479985,12.82368784,186.756526,429.7307473,23.94105767,1342.733042,25.14488321,43.2920841,158.7625204,62.47375206,553.1809598,129.9336369,0.11711249,0.025484696,0.005548709,0.025484695,634.7876285,60.87,39.13,1.96,0,0,0,0,#NAME?,NA,3.454,2.7977,1.7941,0.702,0.6037,0.0224,0.0213,95.1
Marion Island,PB1,PB1.1C,78,90.5,91.6,91.1,0.5,2430.6,2863.3,2744.2,2691.2,216,0.04297,0.00371,17201.25,67649.66667,1.364166667,48.83333333,1530.583333,4271.666667,176.9166667,31689,143.4166667,20.83333333,2248.25,1100.666667,19923,4409.25,4.51921017,1.508096041,0.221384144,-1.50809604,24332.25,649.0537343,2903.411515,0.058536443,14.6339166,143.4075301,390.7357473,20.54909126,1960.876752,36.29289521,35.28799264,116.8504289,92.0191021,913.400838,194.5026875,0.103901614,0.022915619,0.005057177,0.022915619,1087.284535,59.1,40.9,2.04,0,0,0,0,#NAME?,NA,3.0357,2.4817,1.502,0.6143,0.5329,0.0264,0.0252,95.4
Marion Island,PB1,PB1.1C,79,91.8,92.9,92.4,0.5,2461.8,2899.8,2762.4,2722.3,219,0.04297,0.00371,17075.33333,66607.58333,1.385833333,36.66666667,1306.833333,3957.333333,188.1666667,31285.58333,142.3333333,40.91666667,2258.416667,1068.75,19642.16667,4468.5,4.399878561,1.481127336,0.227481383,-1.481127337,24110.66667,615.5612861,3152.021183,0.082512625,14.51227276,147.1343439,297.4520078,25.97142952,2277.739608,57.54576571,40.11224781,108.9615932,79.38069951,543.9003641,191.2093094,0.139222947,0.03116078,0.006979592,0.03116078,692.2654947,59.37,40.63,2.03,0,0,0,0,#NAME?,NA,3.5409,2.9407,1.4424,0.586,0.516,0.0252,0.0243,96.7
Marion Island,PB1,PB1.1C,80,93.2,94.3,93.7,0.5,2483.1,2950.8,2782.3,2753.5,234,0.03985,0.00362,17828.41667,70578.58333,1.374166667,56.16666667,1684.666667,4550.833333,207.75,33070.08333,188.0833333,73.25,2479.583333,1140.5,20290.41667,4542.75,4.469405331,1.497010963,0.223853128,-1.497010963,24833.16667,613.5155712,4230.472109,0.08596599,20.02195764,284.0468378,329.6115712,34.78538094,3576.896355,44.97768807,65.0637799,159.1114294,101.5162325,568.4429224,186.7546397,0.10290744,0.023126281,0.005199797,0.023126281,730.9873564,59.57,40.43,2.02,0,0,0,0,#NAME?,NA,2.6445,2.2081,1.5391,0.6222,0.5507,0.0248,0.0242,97.6
Marion Island,PB1,PB1.1C,81,94.5,95.6,95.1,0.5,2508.3,3011.9,2805.9,2787.1,252,0.04233,0.00407,17447,69952.9,1.418,55.4,1635.4,4481.4,215.7,33752.8,188.2,59.6,2581.9,1099.3,19214.4,4511.8,4.256288602,1.447643625,0.235304158,-1.447643625,23726.2,771.3830292,4987.057481,0.088669173,23.34856646,354.8897168,763.570589,35.78034842,4427.143318,53.67349853,50.79632533,129.6186286,124.9649284,1383.951846,220.5149529,0.172715759,0.04111355,0.009803607,0.04111355,1573.925298,54.3,45.7,2.29,0,0,0,0,#NAME?,NA,3.2835,2.7877,1.5246,0.6968,0.6264,0.0295,0.0294,99.5
Marion Island,PB1,PB1.1C,82,95.9,97,96.4,0.5,2549.5,3040.3,2835.4,2818.7,245,0.03931,0.00365,15676.5,63904.75,1.359166667,65.33333333,1631.166667,4760.333333,169.1666667,30491.91667,175,39.08333333,2429.166667,1105.5,16920,4166.166667,4.071701836,1.402594114,0.246343659,-1.402594114,21086.16667,921.0055276,4286.70115,0.064167159,21.06843107,269.779315,545.2136084,24.71228378,2550.640364,57.5483986,25.21708776,228.8524071,125.2854922,1047.366481,329.5199907,0.223105424,0.057503563,0.014892791,0.057503563,1291.018966,53.61,46.39,2.32,0,0,0,0,#NAME?,NA,3.2835,2.8205,1.2695,0.5889,0.5353,0.0232,0.0232,100.2
Marion Island,PB1,PB1.1C,83,97.2,98.3,97.8,0.5,2582,3072.2,2867.9,2852.7,245,0.04232,0.00387,15972.22222,66522.11111,1.373333333,64.33333333,1867.777778,5412.222222,197.3333333,32790.44444,186.5555556,48.11111111,2493,1091.666667,16452.55556,3960.555556,4.1447453,1.421113638,0.24162104,-1.421113638,20413.11111,1793.730664,7042.07046,0.115108644,17.741195,231.2535285,306.1506075,26.76284738,4001.795476,80.55915701,44.02682263,473.4754481,194.7004109,2400.5162,470.7664259,0.167567298,0.0404834,0.009792787,0.040483399,2859.599336,56.13,43.87,2.19,0,0,0,0,#NAME?,NA,2.7977,2.4228,1.4003,0.6144,0.5628,0.026,0.0262,100.8
Marion Island,PB1,PB1.1C,84,98.5,99.6,99.1,0.5,2608.4,3115.6,2897.4,2884.4,254,0.04212,0.00394,17307.42857,67550.85714,1.354285714,58.57142857,1523,4601.285714,167.8571429,30468.28571,223.8571429,8.142857143,2504.285714,1271.285714,19992.28571,4599.285714,4.344545992,1.46821067,0.230503511,-1.46821067,24591.57143,1857.916114,7973.802072,0.095717839,11.07334853,256.3734256,875.4324102,33.08286853,4709.474377,49.16105698,14.14718548,135.0749351,150.0019047,1824.135842,336.0375546,0.175532247,0.040877898,0.009527891,0.040877898,2132.826439,53.72,46.28,2.31,0,0,0,0,#NAME?,NA,3.808,3.3587,1.1034,0.5106,0.4759,0.0215,0.0221,102.5
Marion Island,PB1,PB1.1C,85,99.9,101,100.4,0.5,2638.5,3155.4,2927.4,2916.2,258,0.03868,0.00364,17081.91667,69239,1.391666667,69.75,1756.666667,4789.833333,207.0833333,33983.33333,245.1666667,47,2712.666667,1175.5,18135.08333,4177.666667,4.340546664,1.467071858,0.230819124,-1.467071857,22312.75,908.0553105,4710.492794,0.054411452,27.47933108,358.6351231,467.3363269,35.74266189,3561.499437,63.90167637,37.80091389,409.4356056,105.9412359,1214.046611,201.8412217,0.193022932,0.045281528,0.010640228,0.045281528,1372.605891,56.29,43.71,2.19,0,0,0,0,#NAME?,NA,2.4955,2.206,1.4541,0.6356,0.5937,0.0246,0.0253,102.8
Marion Island,PB1,PB1.1C,86,101.2,102.3,101.8,0.5,2686.5,3170.1,2963.5,2950.8,242,0.04165,0.00364,15458.1,64199,1.393,74.3,1652.6,4473.4,176.6,31669,247.2,51.8,2617.5,1149.1,16313,4017.4,4.062646471,1.401585314,0.246268089,-1.401585314,20330.4,1555.979324,8037.279639,0.071032074,19.13141686,333.3987269,816.4957916,54.78483164,5584.673531,34.32135713,48.60681251,290.4908681,109.4120144,1335.465878,340.3730633,0.095343049,0.02357181,0.005831168,0.02357181,1665.724414,50.66,49.34,2.47,0,0,0,0,#NAME?,NA,2.4955,2.231,1.3525,0.6673,0.6299,0.0278,0.0287,103.1
Marion Island,PB1,PB1.1C,87,102.6,103.7,103.1,0.5,2714,3197.8,2994.8,2982.9,242,0.04165,0.0036,16703.16667,70746.25,1.3775,88.41666667,2065.416667,5080.333333,217.5,35895.33333,267,34.33333333,2623.25,1192.083333,17079.08333,4210,4.057492767,1.399012846,0.247231843,-1.399012846,21289.08333,1151.462693,5481.785113,0.053957054,27.44402016,489.1360581,749.225944,42.35241755,3578.211141,35.54254813,29.68725877,204.7291448,76.71014907,1309.762883,229.2136756,0.233803471,0.058498643,0.014684839,0.058498643,1466.164908,55.09,44.91,2.25,0,0,0,0,#NAME?,NA,3.5409,3.224,1.1229,0.5043,0.4844,0.021,0.022,104.7
Marion Island,PB1,PB1.1C,88,103.9,105,104.4,0.5,2739.2,3227.7,3025.5,3015,244,0.04041,0.00349,17387.11111,70293.22222,1.427777778,72.11111111,1686.444444,4717.666667,171,33334.77778,312.6666667,29.11111111,2773.888889,1369.222222,19304.22222,4456.666667,4.332123013,1.465810616,0.230948309,-1.465810616,23760.88889,2024.959163,10509.72143,0.117343276,18.10693544,385.0785995,1151.224457,38.51947559,7099.290964,89.61724164,32.67049297,174.6442416,96.42066399,1161.620396,260.324317,0.101711769,0.02363084,0.005492986,0.023630841,1404.808034,44.47,55.53,2.78,0,0,0,0,#NAME?,NA,3.3682,3.0971,1.9189,1.0655,1.033,0.0431,0.0455,105.6