"Site","depth","SH20_age","XRF_value","OLS_Ti_Pred_ppm","OLS_Ti_L95_ppm","OLS_Ti_U95_ppm","OLS_Ti_XRF_pred","OLS_Ti_XRF_pred_lower","OLS_Ti_XRF_pred_upper","OLS_Ti_L95_log_pc","OLS_Ti_U95_log_pc","OLS_Ti_L95_pc_ppm","OLS_Ti_U95_pc_ppm","WLS_Ti_Pred_ppm","WLS_Ti_L95_ppm","WLS_Ti_U95_ppm","WLS_Ti_XRF_pred","WLS_Ti_XRF_pred_lower","WLS_Ti_XRF_pred_upper","WLS_Ti_L95_log_pc","WLS_Ti_U95_log_pc","WLS_Ti_L95_pc_ppm","WLS_Ti_U95_pc_ppm","OLS_weighted_Ti_Pred_ppm","OLS_weighted_Ti_L95_ppm","OLS_weighted_Ti_U95_ppm","OLS_weighted_Ti_XRF_pred","OLS_weighted_Ti_XRF_pred_lower","OLS_weighted_Ti_XRF_pred_upper","OLS_weighted_Ti_L95_log_pc","OLS_weighted_Ti_U95_log_pc","OLS_weighted_Ti_L95_pc_ppm","OLS_weighted_Ti_U95_pc_ppm","WLS_weighted_Ti_Pred_ppm","WLS_weighted_Ti_L95_ppm","WLS_weighted_Ti_U95_ppm","WLS_weighted_Ti_XRF_pred","WLS_weighted_Ti_XRF_pred_lower","WLS_weighted_Ti_XRF_pred_upper","WLS_weighted_Ti_L95_log_pc","WLS_weighted_Ti_U95_log_pc","WLS_weighted_Ti_L95_pc_ppm","WLS_weighted_Ti_U95_pc_ppm","Bayes_Ti_Pred_ppm","Bayes_Ti_L95_ppm","Bayes_Ti_U95_ppm","Bayes_Ti_XRF_pred","Bayes_Ti_XRF_pred_lower","Bayes_Ti_XRF_pred_upper","Bayes_Ti_L95_log_pc","Bayes_Ti_U95_log_pc","Bayes_Ti_L95_pc_ppm","Bayes_Ti_U95_pc_ppm","RF_Ti_Pred_ppm","RF_Ti_L95_ppm","RF_Ti_U95_ppm","RF_Ti_XRF_pred","RF_Ti_XRF_pred_lower","RF_Ti_XRF_pred_upper","RF_Ti_L95_log_pc","RF_Ti_U95_log_pc","RF_Ti_L95_pc_ppm","RF_Ti_U95_pc_ppm","PLS_LOO_Ti_Pred_ppm","PLS_LOO_Ti_L95_ppm","PLS_LOO_Ti_U95_ppm","PLS_LOO_Ti_XRF_pred","PLS_LOO_Ti_XRF_pred_lower","PLS_LOO_Ti_XRF_pred_upper","PLS_LOO_Ti_L95_log_pc","PLS_LOO_Ti_U95_log_pc","PLS_LOO_Ti_L95_pc_ppm","PLS_LOO_Ti_U95_pc_ppm","PLS_kfold_Ti_Pred_ppm","PLS_kfold_Ti_L95_ppm","PLS_kfold_Ti_U95_ppm","PLS_kfold_Ti_XRF_pred","PLS_kfold_Ti_XRF_pred_lower","PLS_kfold_Ti_XRF_pred_upper","PLS_kfold_Ti_L95_log_pc","PLS_kfold_Ti_U95_log_pc","PLS_kfold_Ti_L95_pc_ppm","PLS_kfold_Ti_U95_pc_ppm"
"BI10",0.6,-61,-7.824881376,302.085065124905,86.2358528242045,1058.20704014543,302.085065124905,86.2358528242045,1058.20704014543,21.9521378141391,21.9521378141391,235.770935312754,368.399194937056,322.480203307426,91.8457791510978,1132.26195570856,322.480203307426,91.8457791510978,1132.26195570856,21.743798727414,21.743798727414,252.360756964504,392.599649650348,247.805613837073,68.9163964056945,891.045171423016,247.805613837073,68.9163964056945,891.045171423016,23.2148195167915,23.2148195167915,190.277987832319,305.333239841827,319.365835082804,91.0138968306459,1120.64794685061,319.365835082804,91.0138968306459,1120.64794685061,21.7698861400023,21.7698861400023,249.84025641521,388.891413750398,256.902037353122,80.5967814136645,818.874595716737,256.902037353122,80.5967814136645,818.874595716737,20.8920503520995,20.8920503520995,203.229934353738,310.574140352505,187.293825838713,57.0109358711608,615.302602233673,187.293825838713,57.0109358711608,615.302602233673,22.7309112365719,22.7309112365719,144.720232535736,229.867419141691,183.567710973849,55.4906147214661,607.257726037468,183.567710973849,55.4906147214661,607.257726037468,22.9515684893408,22.9515684893408,141.436042065371,225.699379882328,183.567710973849,55.4906147214661,607.257726037468,183.567710973849,55.4906147214661,607.257726037468,22.9515684893408,22.9515684893408,141.436042065371,225.699379882328
"BI10",4.5,-20,-8.167386997,237.198970617391,67.7128990529753,830.910394457226,237.198970617391,67.7128990529753,830.910394457226,22.9227593713759,22.9227593713759,182.826421351386,291.571519883397,255.41211117425,72.744075806298,896.778820974991,255.41211117425,72.744075806298,896.778820974991,22.6584602826336,22.6584602826336,197.539659406796,313.284562941703,192.239578334363,53.4631107835399,691.24401735246,192.239578334363,53.4631107835399,691.24401735246,24.3356757781213,24.3356757781213,145.456777833685,239.022378835041,252.647248529764,72.0002207069914,886.533840631163,252.647248529764,72.0002207069914,886.533840631163,22.6920890027819,22.6920890027819,195.316310030311,309.978187029218,81.0944210854557,25.4414071504938,258.488262551058,81.0944210854557,25.4414071504938,258.488262551058,26.3725630679807,26.3725630679807,59.70774374008,102.481098430831,160.958038659511,48.9945057124699,528.783581595001,160.958038659511,48.9945057124699,528.783581595001,23.4088151786804,23.4088151786804,123.279668874477,198.636408444545,73.0592943697115,22.0850667809949,241.686409497001,73.0592943697115,22.0850667809949,241.686409497001,27.8791433354634,27.8791433354634,52.6909889725015,93.4275997669214,73.0592943697115,22.0850667809949,241.686409497001,73.0592943697115,22.0850667809949,241.686409497001,27.8791433354634,27.8791433354634,52.6909889725015,93.4275997669214
"BI10",12.3,60,-8.121927888,244.935155820827,69.9213383491996,858.010329512804,244.935155820827,69.9213383491996,858.010329512804,22.7890222348209,22.7890222348209,189.116828699926,300.753482941729,263.439833933768,75.0304563161555,924.965001020634,263.439833933768,75.0304563161555,924.965001020634,22.5326573876457,22.5326573876457,204.079838730889,322.799829136647,198.828294050618,55.2954766330253,714.935342314564,198.828294050618,55.2954766330253,714.935342314564,24.180720255403,24.180720255403,150.750180477648,246.906407623588,260.628873155285,74.2748496134293,914.541192284175,260.628873155285,74.2748496134293,914.541192284175,22.5652178008689,22.5652178008689,201.817400275844,319.440346034725,146.787673672386,46.051071338652,467.885339381156,146.787673672386,46.051071338652,467.885339381156,23.2359010926147,23.2359010926147,112.680235001721,180.895112343052,302.578647248627,92.1028324186673,994.039329373038,302.578647248627,92.1028324186673,994.039329373038,20.8222073790472,20.8222073790472,239.575093833802,365.582200663452,149.428406115849,45.1706570192978,494.321978641661,149.428406115849,45.1706570192978,494.321978641661,23.8948138351055,23.8948138351055,113.722766657702,185.134045573997,149.428406115849,45.1706570192978,494.321978641661,149.428406115849,45.1706570192978,494.321978641661,23.8948138351055,23.8948138351055,113.722766657702,185.134045573997
"BI10",27.2,214,-7.153374378,485.31263228222,138.541601564818,1700.05506210712,485.31263228222,138.541601564818,1700.05506210712,20.269434646029,20.269434646029,386.942505452852,583.682759111588,509.370373896751,145.074080167438,1788.45302692432,509.370373896751,145.074080167438,1788.45302692432,20.1491344517667,20.1491344517667,406.736652402828,612.004095390674,407.661946369878,113.373510230543,1465.84737634158,407.661946369878,113.373510230543,1465.84737634158,21.2921328344103,21.2921328344103,320.862023233461,494.461869506295,505.619130574076,144.09295651095,1774.20681338478,505.619130574076,144.09295651095,1774.20681338478,20.1633259598521,20.1633259598521,403.669497161055,607.568763987097,680.922965562713,213.623060293474,2170.44023427879,680.922965562713,213.623060293474,2170.44023427879,17.7702943138806,17.7702943138806,559.920950531415,801.924980594011,945.595756742048,287.832761204239,3106.49604800928,945.595756742048,287.832761204239,3106.49604800928,17.3594224364689,17.3594224364689,781.445794787871,1109.74571869623,684.498655442681,206.916842646376,2264.38023754102,684.498655442681,206.916842646376,2264.38023754102,18.3248140520337,18.3248140520337,559.065549644139,809.931761241223,684.498655442681,206.916842646376,2264.38023754102,684.498655442681,206.916842646376,2264.38023754102,18.3248140520337,18.3248140520337,559.065549644139,809.931761241223
"BI10",36.7,340,-6.238249402,925.998362356503,264.343616122207,3243.78163416858,925.998362356503,264.343616122207,3243.78163416858,18.352306228759,18.352306228759,756.056307223544,1095.94041748946,949.707367595704,270.486722123562,3334.52258574653,949.707367595704,270.486722123562,3334.52258574653,18.3183007577272,18.3183007577272,775.737115681229,1123.67761951018,803.380072429755,223.425364255092,2888.74785067081,803.380072429755,223.425364255092,2888.74785067081,19.1326569580308,19.1326569580308,649.672119102591,957.08802575692,945.689221833344,269.505538209738,3318.40343702236,945.689221833344,269.505538209738,3318.40343702236,18.3207941228147,18.3207941228147,772.431446459609,1118.94699720708,887.004611487373,278.276176870855,2827.32496057326,887.004611487373,278.276176870855,2827.32496057326,17.0781040797154,17.0781040797154,735.521040745685,1038.48818222906,1365.37343792726,415.610163128867,4485.56072585565,1365.37343792726,415.610163128867,4485.56072585565,16.476040248491,16.476040248491,1140.41396075216,1590.33291510236,819.004190629167,247.576470591517,2709.3360797394,819.004190629167,247.576470591517,2709.3360797394,17.8347314481458,17.8347314481458,672.936992681394,965.071388576939,819.004190629167,247.576470591517,2709.3360797394,819.004190629167,247.576470591517,2709.3360797394,17.8347314481458,17.8347314481458,672.936992681394,965.071388576939
"BI10",41.4,404,-7.114653298,498.76268849442,142.381172605886,1747.17074512911,498.76268849442,142.381172605886,1747.17074512911,20.1802369018355,20.1802369018355,398.111196378282,599.414180610559,522.975742101779,148.949033205212,1836.22290753704,522.975742101779,148.949033205212,1836.22290753704,20.0642839470232,20.0642839470232,418.044404232426,627.907079971131,419.533140288945,116.674968552118,1508.53313255518,419.533140288945,116.674968552118,1508.53313255518,21.1909305875772,21.1909305875772,330.630163738432,508.436116839459,519.193537853712,147.961434500669,1821.83912084088,519.193537853712,147.961434500669,1821.83912084088,20.0778870366278,20.0778870366278,414.950445821972,623.436629885451,367.907534209609,115.422062902421,1172.70433680106,367.907534209609,115.422062902421,1172.70433680106,19.6220235985412,19.6220235985412,295.716631026188,440.098437393029,826.479912855337,251.574728102216,2715.17354507815,826.479912855337,251.574728102216,2715.17354507815,17.7073759355657,17.7073759355657,680.132007654106,972.827818056568,355.892895614907,107.582730360935,1177.32421109062,355.892895614907,107.582730360935,1177.32421109062,20.3650226266807,20.3650226266807,283.415226896183,428.370564333632,355.892895614907,107.582730360935,1177.32421109062,355.892895614907,107.582730360935,1177.32421109062,20.3650226266807,20.3650226266807,283.415226896183,428.370564333632
"BI10",46.4,467,-6.739180111,650.1576468576,185.599705578827,2277.50881634822,650.1576468576,185.599705578827,2277.50881634822,19.3543468728507,19.3543468728507,524.323880664416,775.991413050783,675.289438084428,192.329587854558,2371.01233499875,675.289438084428,192.329587854558,2371.01233499875,19.2771087534137,19.2771087534137,545.113158704577,805.465717464279,554.176858502067,154.12028592904,1992.67726923775,554.176858502067,154.12028592904,1992.67726923775,20.2572816220628,20.2572816220628,441.915691591003,666.438025413132,671.273205416011,191.301584426115,2355.4834512284,671.273205416011,191.301584426115,2355.4834512284,19.2854673964212,19.2854673964212,541.815030244595,800.731380587428,574.76437435954,180.318377860675,1832.05999273222,574.76437435954,180.318377860675,1832.05999273222,18.2443088586139,18.2443088586139,469.902586692106,679.626162026975,335.53137107505,102.133411998296,1102.29648430214,335.53137107505,102.133411998296,1102.29648430214,20.4520930702342,20.4520930702342,266.908182782948,404.154559367152,572.531775342202,173.070416320858,1893.98419871362,572.531775342202,173.070416320858,1893.98419871362,18.8402651694525,18.8402651694525,464.665270688358,680.398279996047,572.531775342202,173.070416320858,1893.98419871362,572.531775342202,173.070416320858,1893.98419871362,18.8402651694525,18.8402651694525,464.665270688358,680.398279996047
"BI10",49.8,509,-7.268801195,447.332351339817,127.699417373366,1567.0097536165,447.332351339817,127.699417373366,1567.0097536165,20.5400726893391,20.5400726893391,355.449961211688,539.214741467945,470.877366401162,134.110863731075,1653.30002372893,470.877366401162,134.110863731075,1653.30002372893,20.4063848738093,20.4063848738093,374.788318729684,566.966414072641,374.230314521332,104.075950109575,1345.63583766746,374.230314521332,104.075950109575,1345.63583766746,21.5996332883617,21.5996332883617,293.397938930842,455.062690111822,467.223823894432,133.150939247219,1639.47849597385,467.223823894432,133.150939247219,1639.47849597385,20.4223878545598,20.4223878545598,371.805562429806,562.642085359058,398.745850474286,125.096836449402,1271.00139206774,398.745850474286,125.096836449402,1271.00139206774,19.358272377704,19.358272377704,321.555542644681,475.93615830389,1063.65786394605,323.770044200517,3494.35678747846,1063.65786394605,323.770044200517,3494.35678747846,17.06637230936,17.06637230936,882.130052787232,1245.18567510487,452.635291986635,136.82695319193,1497.35635247566,452.635291986635,136.82695319193,1497.35635247566,19.5642310844657,19.5642310844657,364.080677492524,541.189906480746,452.635291986635,136.82695319193,1497.35635247566,452.635291986635,136.82695319193,1497.35635247566,19.5642310844657,19.5642310844657,364.080677492524,541.189906480746
"BI10",58.9,731,-7.858562551,294.986533428033,84.2094436919744,1033.34081177621,294.986533428033,84.2094436919744,1033.34081177621,22.0439270029921,22.0439270029921,229.9599173305,360.013149525565,315.170267757275,89.7638320446954,1106.59600214853,315.170267757275,89.7638320446954,1106.59600214853,21.830457472944,21.830457472944,246.367156487159,383.97337902739,241.694973828201,67.2169866037001,869.072883588608,241.694973828201,67.2169866037001,869.072883588608,23.3204435748396,23.3204435748396,185.330633833372,298.05931382303,312.0902902036,88.9404887879512,1095.11821406318,312.0902902036,88.9404887879512,1095.11821406318,21.857236918144,21.857236918144,243.875976075276,380.304604331924,349.733612683463,109.72043594857,1114.77500780219,349.733612683463,109.72043594857,1114.77500780219,19.7917385149848,19.7917385149848,280.515250562142,418.951974804783,302.819505860794,92.1761481023572,994.830604420002,302.819505860794,92.1761481023572,994.830604420002,20.8193073440413,20.8193073440413,239.774582237928,365.86442948366,477.390853011067,144.310302478865,1579.24987075688,477.390853011067,144.310302478865,1579.24987075688,19.3953406686824,19.3953406686824,384.799270748441,569.982435273692,477.390853011067,144.310302478865,1579.24987075688,477.390853011067,144.310302478865,1579.24987075688,19.3953406686824,19.3953406686824,384.799270748441,569.982435273692
"BI10",64.6,891,-6.618698154,707.88047119973,202.077769406666,2479.71245415687,707.88047119973,202.077769406666,2479.71245415687,19.1034753140068,19.1034753140068,572.650700131414,843.110242268045,733.010797841227,208.769242773375,2573.67810801082,733.010797841227,208.769242773375,2573.67810801082,19.0374465675459,19.0374465675459,593.464258867861,872.557336814592,605.950401944129,168.518854177484,2178.84159851658,605.950401944129,168.518854177484,2178.84159851658,19.9748840601499,19.9748840601499,484.912511693777,726.988292194481,728.953693055797,207.739554222814,2557.88305990949,728.953693055797,207.739554222814,2557.88305990949,19.0442853428007,19.0442853428007,590.129671733367,867.777714378226,956.944963076336,300.218265330287,3050.25965475389,956.944963076336,300.218265330287,3050.25965475389,16.8892633702815,16.8892633702815,795.324007953731,1118.56591819894,1048.57959172143,319.180323172629,3444.82125102685,1048.57959172143,319.180323172629,3444.82125102685,17.1014053893455,17.1014053893455,869.257744911206,1227.90143853166,1080.58000891628,326.648126908516,3574.6513127765,1080.58000891628,326.648126908516,3574.6513127765,17.1270769481842,17.1270769481842,895.508239302494,1265.65177853007,1080.58000891628,326.648126908516,3574.6513127765,1080.58000891628,326.648126908516,3574.6513127765,17.1270769481842,17.1270769481842,895.508239302494,1265.65177853007
"BI10",69.2,1024,-6.985331533,546.44393240975,155.992678792255,1914.19862508481,546.44393240975,155.992678792255,1914.19862508481,19.8879386827947,19.8879386827947,437.767498196247,655.120366623253,571.104317743603,162.65656155554,2005.20740526054,571.104317743603,162.65656155554,2005.20740526054,19.7860050255142,19.7860050255142,458.105588733925,684.103046753281,461.743622416091,128.413985573187,1660.31115606501,461.743622416091,128.413985573187,1660.31115606501,20.8597955047572,20.8597955047572,365.424847023836,558.062397808346,567.226631219031,161.650059030198,1990.38622747416,567.226631219031,161.650059030198,1990.38622747416,19.7977098871278,19.7977098871278,454.928748367759,679.524514070304,618.472604260786,194.030774568868,1971.37986523552,618.472604260786,194.030774568868,1971.37986523552,18.03626117265,18.03626117265,506.923270075021,730.021938446552,624.742631025613,190.167304842461,2052.42092137837,624.742631025613,190.167304842461,2052.42092137837,18.4771284368561,18.4771284368561,509.308132691216,740.17712936001,783.899434941623,236.96466711903,2593.20653822676,783.899434941623,236.96466711903,2593.20653822676,17.9519702251348,17.9519702251348,643.174041785903,924.624828097344,783.899434941623,236.96466711903,2593.20653822676,783.899434941623,236.96466711903,2593.20653822676,17.9519702251348,17.9519702251348,643.174041785903,924.624828097344
"BI10",80.5,1228,-6.562776797,736.386995301148,210.215491858861,2579.57109656186,736.386995301148,210.215491858861,2579.57109656186,18.989230639194,18.989230639194,596.552770366382,876.221220235914,761.453673735442,216.870075230714,2673.5440407275,761.453673735442,216.870075230714,2673.5440407275,18.9282213013492,18.9282213013492,617.324037263544,905.58331020734,631.597988927994,175.651619428684,2271.063716437,631.597988927994,175.651619428684,2271.063716437,19.8464681903128,19.8464681903128,506.248094964744,756.947882891244,757.385000851372,215.841999225411,2657.64791640745,757.385000851372,215.841999225411,2657.64791640745,18.934379297501,18.934379297501,613.978852047792,900.791149654952,823.406204374661,258.323719626326,2624.60519840545,823.406204374661,258.323719626326,2624.60519840545,17.2673689405452,17.2673689405452,681.225617185949,965.586791563374,1235.21819573229,375.991814083754,4057.97130128015,1235.21819573229,375.991814083754,4057.97130128015,16.7078950953347,16.7078950953347,1028.83923539085,1441.59715607373,925.509854657103,279.772027952201,3061.66594758271,925.509854657103,279.772027952201,3061.66594758271,17.5155095794431,17.5155095794431,763.402087405948,1087.61762190826,925.509854657103,279.772027952201,3061.66594758271,925.509854657103,279.772027952201,3061.66594758271,17.5155095794431,17.5155095794431,763.402087405948,1087.61762190826
"BI10",85.3,1270,-7.448044871,394.159485477431,112.520224609057,1380.74466640665,394.159485477431,112.520224609057,1380.74466640665,20.9749689343306,20.9749689343306,311.484655846823,476.83431510804,416.787355975042,118.705455582216,1463.38430065123,416.787355975042,118.705455582216,1463.38430065123,20.8191469167256,20.8191469167256,330.015784004262,503.558927945822,327.666595783729,91.1262689100451,1178.20469637007,327.666595783729,91.1262689100451,1178.20469637007,22.095152760173,22.095152760173,255.268160901255,400.065030666202,413.298274146658,117.783063657122,1450.25488477585,413.298274146658,117.783063657122,1450.25488477585,20.8381428730185,20.8381428730185,327.174589288257,499.421959005058,487.702541367517,153.004840002328,1554.550619789,487.702541367517,153.004840002328,1554.550619789,18.7284530130627,18.7284530130627,396.363400063989,579.041682671045,683.919437085418,208.180312373425,2246.83012092043,683.919437085418,208.180312373425,2246.83012092043,18.2209661177839,18.2209661177839,559.302708181146,808.53616598969,647.224201178534,195.649161802334,2141.07314711836,647.224201178534,195.649161802334,2141.07314711836,18.4833382153071,18.4833382153071,527.595563063386,766.852839293682,647.224201178534,195.649161802334,2141.07314711836,647.224201178534,195.649161802334,2141.07314711836,18.4833382153071,18.4833382153071,527.595563063386,766.852839293682
"BI10",93.5,1342,-5.938596762,1144.16173662301,326.622446845266,4008.01014197396,1144.16173662301,326.622446845266,4008.01014197396,17.8010015146016,17.8010015146016,940.489488557255,1347.83398468876,1164.61377410983,331.694344012947,4089.08161181492,1164.61377410983,331.694344012947,4089.08161181492,17.7890245925617,17.7890245925617,957.440343425075,1371.78720479459,1003.21274785021,279.000166055753,3607.29468973883,1003.21274785021,279.000166055753,3607.29468973883,18.51768737239,18.51768737239,817.440947523346,1188.98454817708,1160.88384059175,330.832388732462,4073.51679353521,1160.88384059175,330.832388732462,4073.51679353521,17.7885259581964,17.7885259581964,954.379717263579,1367.38796391992,1602.01243252441,502.592533622716,5106.41058565616,1602.01243252441,502.592533622716,5106.41058565616,15.7099013783365,15.7099013783365,1350.33785930614,1853.68700574269,727.678185365543,221.500170520531,2390.58751156947,727.678185365543,221.500170520531,2390.58751156947,18.0494841632249,18.0494841632249,596.336026538747,859.020344192339,1577.82534647105,476.960234097279,5219.58152062366,1577.82534647105,476.960234097279,5219.58152062366,16.2466286006122,16.2466286006122,1321.48192246358,1834.16877047853,1577.82534647105,476.960234097279,5219.58152062366,1577.82534647105,476.960234097279,5219.58152062366,16.2466286006122,16.2466286006122,1321.48192246358,1834.16877047853
"BI10",96.8,1371,-6.115450024,1009.86198713501,288.284062170785,3537.55676044317,1009.86198713501,288.284062170785,3537.55676044317,18.1223004989033,18.1223004989033,826.851763202211,1192.87221106782,1032.51261452685,294.070533917862,3625.26052832902,1032.51261452685,294.070533917862,3625.26052832902,18.097637439982,18.097637439982,845.652225027698,1219.37300402599,879.945614213497,244.718752838509,3164.05782144753,879.945614213497,244.718752838509,3164.05782144753,18.875765582763,18.875765582763,713.849142818753,1046.04208560824,1028.57905868598,293.127748950153,3609.26211781894,1028.57905868598,293.127748950153,3609.26211781894,18.0988621566368,18.0988621566368,842.417952682368,1214.74016468958,1639.81952859875,514.453592762549,5226.92060897896,1639.81952859875,514.453592762549,5226.92060897896,15.6603977705991,15.6603977705991,1383.01726770022,1896.62178949728,648.738413135755,197.471453758922,2131.25249582502,648.738413135755,197.471453758922,2131.25249582502,18.36957691799,18.36957691799,529.567911338234,767.908914933275,1608.76452747354,486.312827555566,5321.93098394354,1608.76452747354,486.312827555566,5321.93098394354,16.2038975449282,16.2038975449282,1348.08197170258,1869.4470832445,1608.76452747354,486.312827555566,5321.93098394354,1608.76452747354,486.312827555566,5321.93098394354,16.2038975449282,16.2038975449282,1348.08197170258,1869.4470832445
"BI10",103.7,1487,-6.537192017,749.80912229591,214.047089980501,2626.58894325253,749.80912229591,214.047089980501,2626.58894325253,18.9374164984396,18.9374164984396,607.814645863439,891.80359872838,774.832110665072,220.680395836517,2720.5171417331,774.832110665072,220.680395836517,2720.5171417331,18.8786660476492,18.8786660476492,628.554144062661,921.110077267483,643.691327137791,179.014857561306,2314.54824631255,643.691327137791,179.014857561306,2314.54824631255,19.788265087762,19.788265087762,516.315980976832,771.066673298751,770.759867268214,219.653611422033,2704.58003920496,770.759867268214,219.653611422033,2704.58003920496,18.8845176318029,18.8845176318029,625.205584235087,916.31415030134,1050.29563498721,329.50477382332,3347.81468587975,1050.29563498721,329.50477382332,3347.81468587975,16.6632880951121,16.6632880951121,875.281847478908,1225.30942249552,614.983178283541,187.196595413444,2020.35891056897,614.983178283541,187.196595413444,2020.35891056897,18.5224317914634,18.5224317914634,501.073338556998,728.893018010084,1215.72562083641,367.501243410169,4021.72458368659,1215.72562083641,367.501243410169,4021.72458368659,16.8429319761431,16.8429319761431,1010.96178150239,1420.48946017043,1215.72562083641,367.501243410169,4021.72458368659,1215.72562083641,367.501243410169,4021.72458368659,16.8429319761431,16.8429319761431,1010.96178150239,1420.48946017043
"BI10",115.4,1768,-7.231922358,459.13226644368,131.06792465728,1608.34497563704,459.13226644368,131.06792465728,1608.34497563704,20.4528215842466,20.4528215842466,365.226763152246,553.037769735113,482.848649231192,137.520411938021,1695.33245849687,482.848649231192,137.520411938021,1695.33245849687,20.3234822414842,20.3234822414842,384.716989751444,580.98030871094,384.602374241221,106.960489197012,1382.93109336411,384.602374241221,106.960489197012,1382.93109336411,21.5004258687767,21.5004258687767,301.911225877932,467.29352260451,479.163078826992,136.553426292788,1681.37308849853,479.163078826992,136.553426292788,1681.37308849853,20.3388969321597,20.3388969321597,381.706594087407,576.619563566577,378.248360782288,118.666246356557,1205.66569540423,378.248360782288,118.666246356557,1205.66569540423,19.5303875752554,19.5303875752554,304.374989924457,452.121731640119,502.711344134349,153.021831199224,1651.52052841625,502.711344134349,153.021831199224,1651.52052841625,19.1227082356966,19.1227082356966,406.579320527789,598.84336774091,400.114476128548,120.950455401677,1323.6129907569,400.114476128548,120.950455401677,1323.6129907569,19.9669471383642,19.9669471383642,320.223830187018,480.005122070078,400.114476128548,120.950455401677,1323.6129907569,400.114476128548,120.950455401677,1323.6129907569,19.9669471383642,19.9669471383642,320.223830187018,480.005122070078
"BI10",121.2,1912,-7.323377736,430.423987017025,122.872607359983,1507.77958228604,430.423987017025,122.872607359983,1507.77958228604,20.6705692100631,20.6705692100631,341.452898883958,519.395075150093,453.703673516272,129.219614011753,1593.00137936828,453.703673516272,129.219614011753,1593.00137936828,20.5303200843434,20.5303200843434,360.556857108957,546.850489923587,359.39188136959,99.9492827379586,1292.28065330898,359.39188136959,99.9492827379586,1292.28065330898,21.7481406610685,21.7481406610685,281.230829484871,437.552933254309,450.098769252652,128.270586419303,1579.38704217436,450.098769252652,128.270586419303,1579.38704217436,20.547210540906,20.547210540906,357.616027492283,542.581511013021,377.294497608754,118.366994927927,1202.62525894586,377.294497608754,118.366994927927,1202.62525894586,19.5386993125972,19.5386993125972,303.576060198005,451.012935019502,549.739203190917,167.336783893611,1806.0176877615,549.739203190917,167.336783893611,1806.0176877615,18.8516696557663,18.8516696557663,446.104184637123,653.374221744711,468.508994679545,141.62540884441,1549.8679219121,468.508994679545,141.62540884441,1549.8679219121,19.4545724981952,19.4545724981952,377.362572649047,559.655416710042,468.508994679545,141.62540884441,1549.8679219121,468.508994679545,141.62540884441,1549.8679219121,19.4545724981952,19.4545724981952,377.362572649047,559.655416710042
"BI10",122.3,1943,-7.885190979,289.492678973301,82.6411198028079,1014.09578402508,289.492678973301,82.6411198028079,1014.09578402508,22.1170409160129,22.1170409160129,225.465464715915,353.519893230688,309.5084872655,88.1512969640417,1086.71689457337,309.5084872655,88.1512969640417,1086.71689457337,21.8994605871024,21.8994605871024,241.727798083055,377.289176447945,236.970727384059,65.9031421123614,852.08570998312,236.970727384059,65.9031421123614,852.08570998312,23.404633024037,23.404633024037,181.508598265429,292.432856502689,306.455732083805,87.3347343988871,1075.34666903639,306.455732083805,87.3347343988871,1075.34666903639,21.9267944335285,21.9267944335285,239.259813680025,373.651650487586,264.552204016667,82.9968356005153,843.259482649983,264.552204016667,82.9968356005153,843.259482649983,20.7821458716087,20.7821458716087,209.572579071368,319.531828961966,335.971733328073,102.267455200493,1103.74317395673,335.971733328073,102.267455200493,1103.74317395673,20.4474817126903,20.4474817126903,267.273974596007,404.66949206014,356.780204747818,107.850954706992,1180.25950577554,356.780204747818,107.850954706992,1180.25950577554,20.356394129738,20.356394129738,284.152620092466,429.40778940317,356.780204747818,107.850954706992,1180.25950577554,356.780204747818,107.850954706992,1180.25950577554,20.356394129738,20.356394129738,284.152620092466,429.40778940317
"BI10",132.5,2196,-6.946666456,561.565990578053,160.30955417986,1967.1713478792,561.565990578053,160.30955417986,1967.1713478792,19.8021835258069,19.8021835258069,450.363662505271,672.768318650835,586.336255761589,166.994778912434,2058.68834378822,586.336255761589,166.994778912434,2058.68834378822,19.7042969753647,19.7042969753647,470.802818652092,701.869692871087,475.169957774876,132.147939116589,1708.58880040933,475.169957774876,132.147939116589,1708.58880040933,20.7627918332167,20.7627918332167,376.511408588095,573.828506961657,582.432703506316,165.983534130925,2043.74401286154,582.432703506316,165.983534130925,2043.74401286154,19.715453669195,19.715453669195,467.603453692288,697.261953320344,356.389584055222,111.808585483203,1135.99089975193,356.389584055222,111.808585483203,1135.99089975193,19.7282384493572,19.7282384493572,286.080197104136,426.698971006308,460.0626941763,140.039879248262,1511.41006196906,460.0626941763,140.039879248262,1511.41006196906,19.39920344492,19.39920344492,370.81419615886,549.311192193741,349.643610072637,105.693636170727,1156.65103873571,349.643610072637,105.693636170727,1156.65103873571,20.4266208597101,20.4266208597101,278.223235482896,421.063984662377,349.643610072637,105.693636170727,1156.65103873571,349.643610072637,105.693636170727,1156.65103873571,20.4266208597101,20.4266208597101,278.223235482896,421.063984662377
"BI10",144.2,2368,-6.910696442,576.00950362204,164.432726123533,2017.76712023643,576.00950362204,164.432726123533,2017.76712023643,19.7230671009954,19.7230671009954,462.402762714554,689.616244529525,600.871024073183,171.1344349492,2109.72144605456,600.871024073183,171.1344349492,2109.72144605456,19.6288878068911,19.6288878068911,482.92672489374,718.815323252626,488.010739234515,135.719046209478,1754.7609437266,488.010739234515,135.719046209478,1754.7609437266,20.6733561477893,20.6733561477893,387.122541073104,588.898937395925,596.944654450904,170.119196312009,2094.66614116819,596.944654450904,170.119196312009,2094.66614116819,19.6395422919367,19.6395422919367,479.707456580564,714.181852321245,549.677964197807,172.448125304135,1752.09712365253,549.677964197807,172.448125304135,1752.09712365253,18.3733557032901,18.3733557032901,448.68367661314,650.672251782473,836.172625282937,254.525122244431,2747.01629885125,836.172625282937,254.525122244431,2747.01629885125,17.6766932713514,17.6766932713514,688.364955092665,983.980295473208,698.74123252939,211.222225949172,2311.49590362796,698.74123252939,211.222225949172,2311.49590362796,18.2671928378434,18.2671928378434,571.100824145723,826.381640913058,698.74123252939,211.222225949172,2311.49590362796,698.74123252939,211.222225949172,2311.49590362796,18.2671928378434,18.2671928378434,571.100824145723,826.381640913058
"BI10",156.6,2501,-6.669055902,683.155585770663,195.019586705464,2393.10093029021,683.155585770663,195.019586705464,2393.10093029021,19.2075365219184,19.2075365219184,551.938227132237,814.372944409088,708.307981411834,201.733618884174,2486.94391795827,708.307981411834,201.733618884174,2486.94391795827,19.1368893462654,19.1368893462654,572.759866778285,843.856096045382,583.746916171037,162.343916477595,2099.0035816108,583.746916171037,162.343916477595,2099.0035816108,20.0919542288619,20.0919542288619,466.460752961559,701.033079380514,704.265445307671,200.703818440699,2471.25252178977,704.265445307671,200.703818440699,2471.25252178977,19.1443544056207,19.1443544056207,569.438372501648,839.092518113695,615.997712383812,193.254337286836,1963.49115362358,615.997712383812,193.254337286836,1963.49115362358,18.0475201333299,18.0475201333299,504.825401220492,727.170023547132,373.506397063636,113.69274537005,1227.05303837451,373.506397063636,113.69274537005,1227.05303837451,20.0818599495281,20.0818599495281,298.499365502789,448.513428624484,687.452614742291,207.809793898684,2274.15218816116,687.452614742291,207.809793898684,2274.15218816116,18.3127352495984,18.3127352495984,561.561237438093,813.343992046489,687.452614742291,207.809793898684,2274.15218816116,687.452614742291,207.809793898684,2274.15218816116,18.3127352495984,18.3127352495984,561.561237438093,813.343992046489
"BI10",160.5,2532,-6.811931242,617.607099115471,176.307540660721,2163.48391820548,617.607099115471,176.307540660721,2163.48391820548,19.5090477782107,19.5090477782107,497.117835067413,738.096363163529,642.659794608865,183.03631962383,2256.44622037591,642.659794608865,183.03631962383,2256.44622037591,19.4247692837658,19.4247692837658,517.82461222657,767.49497699116,525.081172512404,146.028581313028,1888.05667526132,525.081172512404,146.028581313028,1888.05667526132,20.4317027025263,20.4317027025263,417.79814839773,632.364196627078,638.677574025722,182.012377170378,2241.10607149285,638.677574025722,182.012377170378,2241.10607149285,19.434082202917,19.434082202917,514.556449277967,762.798698773477,502.84539139977,157.755541813041,1602.81841605063,502.84539139977,157.755541813041,1602.81841605063,18.6363894591893,18.6363894591893,409.133165880924,596.557616918616,994.712331568541,302.783504428714,3267.85511133245,994.712331568541,302.783504428714,3267.85511133245,17.2320686266787,17.2320686266787,823.302819954615,1166.12184318247,544.864678176259,164.706939862216,1802.4590692564,544.864678176259,164.706939862216,1802.4590692564,18.9883752062943,18.9883752062943,441.403728717583,648.325627634935,544.864678176259,164.706939862216,1802.4590692564,544.864678176259,164.706939862216,1802.4590692564,18.9883752062943,18.9883752062943,441.403728717583,648.325627634935
"BI10",167.6,2579,-6.811083197,617.976983955694,176.413131232139,2164.7796285439,617.976983955694,176.413131232139,2164.7796285439,19.5072302168018,19.5072302168018,497.426791008608,738.52717690278,643.030917760635,183.142019430161,2257.74927284649,643.030917760635,183.142019430161,2257.74927284649,19.4230350055541,19.4230350055541,518.134797507451,767.927038013819,525.411375249122,146.120412899671,1889.24399926737,525.411375249122,146.120412899671,1889.24399926737,20.4296522112374,20.4296522112374,418.071658607447,632.751091890798,639.048264043986,182.118017597037,2242.40681491075,639.048264043986,182.118017597037,2242.40681491075,19.4323366376749,19.4323366376749,514.866254097741,763.230273990231,586.186311666115,183.901733578299,1868.46738907126,586.186311666115,183.901733578299,1868.46738907126,18.1879827105251,18.1879827105251,479.570846648817,692.801776683413,331.432392769375,100.885711556086,1088.83041297444,331.432392769375,100.885711556086,1088.83041297444,20.4954104635519,20.4954104635519,263.50396346212,399.36082207663,613.552675429983,185.470608872276,2029.68485312155,613.552675429983,185.470608872276,2029.68485312155,18.6371724069569,18.6371724069569,499.2038055026,727.901545357366,613.552675429983,185.470608872276,2029.68485312155,613.552675429983,185.470608872276,2029.68485312155,18.6371724069569,18.6371724069569,499.2038055026,727.901545357366
"BI10",179.6,2658,-6.75049127,644.986365072017,184.123466113663,2259.39376392145,644.986365072017,184.123466113663,2259.39376392145,19.3782380984193,19.3782380984193,519.999371546021,769.973358598013,670.109569760952,190.854306466149,2352.8252717989,670.109569760952,190.854306466149,2352.8252717989,19.2999190746094,19.2999190746094,540.778965085875,799.44017443603,549.549482617015,152.833381787223,1976.03841721624,549.549482617015,152.833381787223,1976.03841721624,20.2842043924798,20.2842043924798,438.077742325165,661.021222908866,666.09819414723,189.82679316802,2337.32444636245,666.09819414723,189.82679316802,2337.32444636245,19.308424243191,19.308424243191,537.485128945049,794.711259349411,673.396562032635,211.26183378708,2146.44984202113,673.396562032635,211.26183378708,2146.44984202113,17.8006233601224,17.8006233601224,553.527776305192,793.265347760077,833.979645200455,253.857594383919,2739.81186301171,833.979645200455,253.857594383919,2739.81186301171,17.683594708429,17.683594708429,686.502064792413,981.457225608497,657.177044750413,198.657803164696,2173.99800695892,657.177044750413,198.657803164696,2173.99800695892,18.4398624653551,18.4398624653551,535.994501544551,778.359587956274,657.177044750413,198.657803164696,2173.99800695892,657.177044750413,198.657803164696,2173.99800695892,18.4398624653551,18.4398624653551,535.994501544551,778.359587956274
"BI10",183.3,2693,-7.023897161,531.766421249598,151.802707693521,1862.78315495866,531.766421249598,151.802707693521,1862.78315495866,19.9742163597864,19.9742163597864,425.55024574051,637.982596758686,556.305738478737,158.441769363738,1953.24803495411,556.305738478737,158.441769363738,1953.24803495411,19.8681807483746,19.8681807483746,445.777908844201,666.833568113272,448.729739892667,124.794737918245,1613.51658590008,448.729739892667,124.794737918245,1613.51658590008,20.9574568114711,20.9574568114711,354.687398454435,542.7720813309,552.455146497648,157.440434083563,1938.55340064514,552.455146497648,157.440434083563,1938.55340064514,19.8804411220694,19.8804411220694,442.624626372341,662.285666622955,571.199192280907,179.199888479851,1820.69598385406,571.199192280907,179.199888479851,1820.69598385406,18.2621922846988,18.2621922846988,466.885697457922,675.512687103893,1273.01022991433,387.495446024341,4182.1266858572,1273.01022991433,387.495446024341,4182.1266858572,16.6374640706198,16.6374640706198,1061.21361029702,1484.80684953164,557.093789604474,168.403673383862,1842.91401832102,557.093789604474,168.403673383862,1842.91401832102,18.9217159565393,18.9217159565393,451.682085123994,662.505494084953,557.093789604474,168.403673383862,1842.91401832102,557.093789604474,168.403673383862,1842.91401832102,18.9217159565393,18.9217159565393,451.682085123994,662.505494084953
"BI10",187,2729,-6.786299747,628.884965555193,179.527019353137,2202.99039847255,628.884965555193,179.527019353137,2202.99039847255,19.4542625724866,19.4542625724866,506.540033077194,751.229898033191,653.971867550123,186.258117868956,2296.1640997999,653.971867550123,186.258117868956,2296.1640997999,19.3724884955447,19.3724884955447,527.281242744876,780.662492355369,535.153543218695,148.829774884034,1924.27432644223,535.153543218695,148.829774884034,1924.27432644223,20.3699094445469,20.3699094445469,426.143251075763,644.163835361627,649.976928463559,185.232503326927,2280.75526674323,649.976928463559,185.232503326927,2280.75526674323,19.3814619860198,19.3814619860198,524.001897155495,775.951959771622,545.533964600368,171.148045969716,1738.88813539394,545.533964600368,171.148045969716,1738.88813539394,18.3954194814348,18.3954194814348,445.180703398429,645.887225802308,599.04866817274,182.34624153767,1968.01043889571,599.04866817274,182.34624153767,1968.01043889571,18.5984640246053,18.5984640246053,487.634817132756,710.462519212724,523.561558775556,158.267227862984,1731.98652386077,523.561558775556,158.267227862984,1731.98652386077,19.1093386867192,19.1093386867192,423.512407275669,623.610710275444,523.561558775556,158.267227862984,1731.98652386077,523.561558775556,158.267227862984,1731.98652386077,19.1093386867192,19.1093386867192,423.512407275669,623.610710275444
"BI10",192.8,2816,-6.509717874,764.494968504288,218.239440475223,2678.03361113696,764.494968504288,218.239440475223,2678.03361113696,18.8820899648169,18.8820899648169,620.14234077481,908.847596233766,789.460351519655,224.846673844033,2771.87843594191,789.460351519655,224.846673844033,2771.87843594191,18.8257393973065,18.8257393973065,640.838603097505,938.082099941806,656.935679264341,182.698200352281,2362.17152581883,656.935679264341,182.698200352281,2362.17152581883,19.7261427854026,19.7261427854026,527.347609164403,786.523749364279,785.385540645539,223.821682585618,2755.90121711793,785.385540645539,223.821682585618,2755.90121711793,18.8312654161705,18.8312654161705,637.487504946352,933.283576344727,538.622089299475,168.979612785907,1716.85655031592,538.622089299475,168.979612785907,1716.85655031592,18.4327158970502,18.4327158970502,439.339409820147,637.904768778803,337.538204849419,102.744278219338,1108.88938739486,337.538204849419,102.744278219338,1108.88938739486,20.4311436382938,20.4311436382938,268.575289382516,406.501120316322,480.817786403014,145.34622889272,1590.5864602248,480.817786403014,145.34622889272,1590.5864602248,19.3728758182262,19.3728758182262,387.669553731214,573.966019074815,480.817786403014,145.34622889272,1590.5864602248,480.817786403014,145.34622889272,1590.5864602248,19.3728758182262,19.3728758182262,387.669553731214,573.966019074815
"BI10",206,3085,-6.148408027,986.635400896748,281.653597100876,3456.19379380423,986.635400896748,281.653597100876,3456.19379380423,18.1834635780094,18.1834635780094,807.23091212694,1166.03988966656,1009.60467600935,287.546110277881,3544.82834365211,1009.60467600935,287.546110277881,3544.82834365211,18.1563374162177,18.1563374162177,826.297444463181,1192.91190755552,858.707254284535,238.812223082353,3087.690148534,858.707254284535,238.812223082353,3087.690148534,18.9440326734225,18.9440326734225,696.033471463824,1021.38103710525,1005.64423330824,286.591709081589,3528.78430163588,1005.64423330824,286.591709081589,3528.78430163588,18.1578966483157,18.1578966483157,823.040392774379,1188.24807384209,499.611560505669,156.741005827317,1592.51058823694,499.611560505669,156.741005827317,1592.51058823694,18.6557396575751,18.6557396575751,406.405328478583,592.817792532755,923.103106242825,280.986155079123,3032.60260106127,923.103106242825,280.986155079123,3032.60260106127,17.4206307651765,17.4206307651765,762.292722522388,1083.91348996326,500.151460188051,151.190597913091,1654.54391067382,500.151460188051,151.190597913091,1654.54391067382,19.2499892507099,19.2499892507099,403.872357864582,596.430562511519,500.151460188051,151.190597913091,1654.54391067382,500.151460188051,151.190597913091,1654.54391067382,19.2499892507099,19.2499892507099,403.872357864582,596.430562511519
"BI10",217.5,3305,-6.663967305,685.614273455096,195.721465261452,2401.71373812998,685.614273455096,195.721465261452,2401.71373812998,19.1969697843907,19.1969697843907,553.997108542452,817.231438367741,710.765887478224,202.433656577752,2495.57388501093,710.765887478224,202.433656577752,2495.57388501093,19.1267935987093,19.1267935987093,574.81916321023,846.712611746219,585.953095676084,162.957469733946,2106.9364349664,585.953095676084,162.957469733946,2106.9364349664,20.0800621224569,20.0800621224569,468.293350055867,703.612841296301,706.721709107387,201.403812352064,2479.87149940634,706.721709107387,201.403812352064,2479.87149940634,19.1341947941242,19.1341947941242,571.496200634416,841.947217580358,615.201513859484,193.004549316727,1960.95327283666,615.201513859484,193.004549316727,1960.95327283666,18.0511548763722,18.0511548763722,504.150535790922,726.252491928046,521.207507831654,158.651934581903,1712.28461182011,521.207507831654,158.651934581903,1712.28461182011,19.0122658627171,19.0122658627171,422.114150746257,620.30086491705,561.900717671351,169.856757872075,1858.81574848714,561.900717671351,169.856757872075,1858.81574848714,18.8960393140042,18.8960393140042,455.723737154501,668.077698188202,561.900717671351,169.856757872075,1858.81574848714,561.900717671351,169.856757872075,1858.81574848714,18.8960393140042,18.8960393140042,455.723737154501,668.077698188202
"BI10",230.9,3561,-6.827553844,610.832585094775,174.373628456876,2139.75272703487,610.832585094775,174.373628456876,2139.75272703487,19.5425914118932,19.5425914118932,491.460068778999,730.205101410551,635.861189892758,181.100004957419,2232.57560322485,635.861189892758,181.100004957419,2232.57560322485,19.456773483259,19.456773483259,512.143118507369,759.579261278147,519.035199152644,144.347155738087,1866.31691204389,519.035199152644,144.347155738087,1866.31691204389,20.469550423251,20.469550423251,412.791027347672,625.279370957616,631.88709616333,180.077205077101,2217.27842858718,631.88709616333,180.077205077101,2217.27842858718,19.4662950293343,19.4662950293343,508.882089771883,754.892102554777,420.538373482065,131.933711825739,1340.46500415703,420.538373482065,131.933711825739,1340.46500415703,19.1877722841804,19.1877722841804,339.846428010731,501.2303189534,546.106331237985,166.230962978216,1794.08288128183,546.106331237985,166.230962978216,1794.08288128183,18.8715007959913,18.8715007959913,443.04787059145,649.16479188452,460.860529519274,139.313357170576,1524.5661434225,460.860529519274,139.313357170576,1524.5661434225,19.5067841741557,19.5067841741557,370.961460682078,550.75959835647,460.860529519274,139.313357170576,1524.5661434225,460.860529519274,139.313357170576,1524.5661434225,19.5067841741557,19.5067841741557,370.961460682078,550.75959835647
"BI10",241.1,3684,-7.049378421,522.285586677763,149.096225483123,1829.57169551024,522.285586677763,149.096225483123,1829.57169551024,20.0316340264371,20.0316340264371,417.663249381644,626.907923973882,546.738958724744,155.717049112818,1919.65806371559,546.738958724744,155.717049112818,1919.65806371559,19.9228517982324,19.9228517982324,437.812966254814,655.664951194674,440.333028646432,122.459556435511,1583.32417461471,440.333028646432,122.459556435511,1583.32417461471,21.0224873087057,21.0224873087057,347.764073583196,532.901983709668,542.90693717504,154.71935486111,1905.04893649134,542.90693717504,154.71935486111,1905.04893649134,19.9354840881747,19.9354840881747,434.675811100913,651.138063249167,353.133071601487,110.78693370843,1125.61077452414,353.133071601487,110.78693370843,1125.61077452414,19.7591060745502,19.7591060745502,283.357133399432,422.909009803542,313.404594770299,95.3981754292482,1029.60501687982,313.404594770299,95.3981754292482,1029.60501687982,20.6948512344292,20.6948512344292,248.54598012072,378.263209419878,340.041619220635,102.791053945886,1124.88682977279,340.041619220635,102.791053945886,1124.88682977279,20.5242019857845,20.5242019857845,270.25079045606,409.832447985211,340.041619220635,102.791053945886,1124.88682977279,340.041619220635,102.791053945886,1124.88682977279,20.5242019857845,20.5242019857845,270.25079045606,409.832447985211
"BI10",253.2,3756,-7.044590237,524.054141288143,149.601092597389,1835.76696020766,524.054141288143,149.601092597389,1835.76696020766,20.0208194983775,20.0208194983775,419.134207587072,628.974074989214,548.524013336496,156.225451582062,1925.92557844989,548.524013336496,156.225451582062,1925.92557844989,19.9125556154164,19.9125556154164,439.298864116952,657.74916255604,441.898776750565,122.895001441559,1588.95420157919,441.898776750565,122.895001441559,1588.95420157919,21.0102366519749,21.0102366519749,349.054797993089,534.742755508041,544.688463046791,155.227059800339,1911.30027301868,544.688463046791,155.227059800339,1911.30027301868,19.9251177197469,19.9251177197469,436.158645578837,653.218280514744,467.406778491226,146.637536803733,1489.85792684145,467.406778491226,146.637536803733,1489.85792684145,18.8579537506607,18.8579537506607,379.263424375898,555.550132606555,506.261626498809,154.102512419218,1663.18400940786,506.261626498809,154.102512419218,1663.18400940786,19.1010968831972,19.1010968831972,409.560102738822,602.963150258796,469.825684099913,142.023430397035,1554.22364340074,469.825684099913,142.023430397035,1554.22364340074,19.4456981658592,19.4456981658592,378.46479966416,561.186568535665,469.825684099913,142.023430397035,1554.22364340074,469.825684099913,142.023430397035,1554.22364340074,19.4456981658592,19.4456981658592,378.46479966416,561.186568535665
"BI10",267.5,3839,-7.261908485,449.514492170669,128.322350438439,1574.6538150296,449.514492170669,128.322350438439,1574.6538150296,20.5237088072914,20.5237088072914,357.257446750986,541.771537590352,473.092040285482,134.741626321724,1661.07597697443,473.092040285482,134.741626321724,1661.07597697443,20.3908388946452,20.3908388946452,376.62460452748,569.559476043485,376.147383716276,104.609099857598,1352.52912480083,376.147383716276,104.609099857598,1352.52912480083,21.5810217666215,21.5810217666215,294.97093496189,457.323832470663,469.432458033031,133.780362865982,1647.22854635768,469.432458033031,133.780362865982,1647.22854635768,20.4067312314228,20.4067312314228,373.636638009169,565.228278056894,285.109426247154,89.446165328116,908.785576629184,285.109426247154,89.446165328116,908.785576629184,20.5070254854789,20.5070254854789,226.641963545147,343.57688894916,310.683378196723,94.5698560606146,1020.66520462779,310.683378196723,94.5698560606146,1020.66520462779,20.7262992470382,20.7262992470382,246.290211520863,375.076544872583,297.093300912798,89.8082228613136,982.810110646159,297.093300912798,89.8082228613136,982.810110646159,21.0108883046113,21.0108883046113,234.671359297527,359.515242528069,297.093300912798,89.8082228613136,982.810110646159,297.093300912798,89.8082228613136,982.810110646159,21.0108883046113,21.0108883046113,234.671359297527,359.515242528069
"BI10",278.4,3910,-7.012770066,535.960291718956,152.999926749716,1877.47432565357,535.960291718956,152.999926749716,1877.47432565357,19.9492464740353,19.9492464740353,429.040252120983,642.88033131693,560.535675335118,159.646500204111,1968.09978873127,560.535675335118,159.646500204111,1968.09978873127,19.8444011342245,19.8444011342245,449.300727421183,671.770623249054,452.446442801798,125.828377822691,1626.88089242048,452.446442801798,125.828377822691,1626.88089242048,20.9291854841136,20.9291854841136,357.753087571536,547.13979803206,556.677138186866,158.643630774664,1953.36828000415,556.677138186866,158.643630774664,1953.36828000415,19.8565003227288,19.8565003227288,446.140540446234,667.213735927498,448.785861602573,140.795675899634,1430.50380125266,448.785861602573,140.795675899634,1430.50380125266,18.9834997887346,18.9834997887346,363.590598513378,533.981124691768,338.671800084317,103.089336712063,1112.61350427265,338.671800084317,103.089336712063,1112.61350427265,20.4193838034888,20.4193838034888,269.517105390916,407.826494777718,446.533859083437,134.982553320711,1477.17228932692,446.533859083437,134.982553320711,1477.17228932692,19.6077474069877,19.6077474069877,358.978627907682,534.089090259192,446.533859083437,134.982553320711,1477.17228932692,446.533859083437,134.982553320711,1477.17228932692,19.6077474069877,19.6077474069877,358.978627907682,534.089090259192
"BI10",294.3,4041,-6.87447205,590.93062111112,168.692239222034,2070.03594579805,590.93062111112,168.692239222034,2070.03594579805,19.6440275245113,19.6440275245113,474.848047249286,707.013194972954,615.872738047394,175.407082058796,2162.39404371856,615.872738047394,175.407082058796,2162.39404371856,19.5535264345568,19.5535264345568,495.447899410068,736.29757668472,501.293045426623,139.412944279596,1802.52069627854,501.293045426623,139.412944279596,1802.52069627854,20.584063295344,20.584063295344,398.10656766085,604.479523192397,611.924680335648,174.388251986173,2147.23073451975,611.924680335648,174.388251986173,2147.23073451975,19.5636825778248,19.5636825778248,492.209678259413,731.639682411884,395.969803107423,124.225918938875,1262.15274809181,395.969803107423,124.225918938875,1262.15274809181,19.3808831356955,19.3808831356955,319.22735831453,472.712247900316,348.997750238706,106.232484007092,1146.53658727915,348.997750238706,106.232484007092,1146.53658727915,20.314641108027,20.314641108027,278.100109802624,419.895390674787,376.047157203059,113.675154561524,1243.99623634526,376.047157203059,113.675154561524,1243.99623634526,20.1758395519987,20.1758395519987,300.176486125917,451.9178282802,376.047157203059,113.675154561524,1243.99623634526,376.047157203059,113.675154561524,1243.99623634526,20.1758395519987,20.1758395519987,300.176486125917,451.9178282802
"BI10",297.9,4071,-6.6112902,711.592400758526,203.137409382558,2492.71538096498,711.592400758526,203.137409382558,2492.71538096498,19.0882622894689,19.0882622894689,575.76177686981,847.423024647243,736.716724657522,209.824730001517,2586.6900073513,736.716724657522,209.824730001517,2586.6900073513,19.0229050168501,19.0229050168501,596.571801882672,876.861647432372,609.287178963891,169.446834154412,2190.83978937892,609.287178963891,169.446834154412,2190.83978937892,19.957777282418,19.957777282418,487.68700077595,730.887357151832,732.657800925962,208.795162727266,2570.88069592318,732.657800925962,208.795162727266,2570.88069592318,19.0296527277782,19.0296527277782,593.235565726775,872.08003612515,436.677431927288,136.9969498566,1391.90821222086,436.677431927288,136.9969498566,1391.90821222086,19.0689089688647,19.0689089688647,353.407809945497,519.947053909079,304.82372759179,92.7862192355925,1001.41492635914,304.82372759179,92.7862192355925,1001.41492635914,20.7952958523597,20.7952958523597,241.434731610886,368.212723572694,386.153297607899,116.730135966211,1277.42821525213,386.153297607899,116.730135966211,1277.42821525213,20.0860074825574,20.0860074825574,308.590517356235,463.716077859564,386.153297607899,116.730135966211,1277.42821525213,386.153297607899,116.730135966211,1277.42821525213,20.0860074825574,20.0860074825574,308.590517356235,463.716077859564
"BI10",307.6,4149,-6.450010341,797.410038592208,227.635665140043,2793.33543474587,797.410038592208,227.635665140043,2793.33543474587,18.7629605335813,18.7629605335813,647.792307760336,947.02776942408,822.210120825041,234.17415518404,2886.86632500426,822.210120825041,234.17415518404,2886.86632500426,18.711734860918,18.711734860918,668.360343016625,976.059898633456,686.665858991828,190.966361914832,2469.073595879,686.665858991828,190.966361914832,2469.073595879,19.5924727546697,19.5924727546697,552.131037653236,821.20068033042,818.134496220062,233.15458465762,2870.81660816649,818.134496220062,233.15458465762,2870.81660816649,18.7165655481089,18.7165655481089,665.007816963344,971.26117547678,549.27279705848,172.321013944098,1750.80565441844,549.27279705848,172.321013944098,1750.80565441844,18.3755032460353,18.3755032460353,448.34115640541,650.20443771155,667.379841220125,203.145774609093,2192.49380561353,667.379841220125,203.145774609093,2192.49380561353,18.2895557826928,18.2895557826928,545.319032877724,789.440649562527,512.065232654357,154.792007737835,1693.95569141694,512.065232654357,154.792007737835,1693.95569141694,19.1773486361752,19.1773486361752,413.864697743589,610.265767565125,512.065232654357,154.792007737835,1693.95569141694,512.065232654357,154.792007737835,1693.95569141694,19.1773486361752,19.1773486361752,413.864697743589,610.265767565125
"BI10",316.2,4222,-7.115454098,498.480784910209,142.300697935651,1746.18323402084,498.480784910209,142.300697935651,1746.18323402084,20.182073671192,20.182073671192,397.877025662895,599.084544157523,522.690719114436,148.867855638094,1835.22216181138,522.690719114436,148.867855638094,1835.22216181138,20.0660315232489,20.0660315232489,417.807434647837,627.574003581035,419.284162709136,116.605726224147,1507.63787329593,419.284162709136,116.605726224147,1507.63787329593,21.1930138324021,21.1930138324021,330.425212109117,508.143113309154,518.909144989044,147.880387312771,1820.84119230602,518.909144989044,147.880387312771,1820.84119230602,20.0796466865096,20.0796466865096,414.714022051256,623.104267926832,265.201584161908,83.2005628662063,845.329380224092,265.201584161908,83.2005628662063,845.329380224092,20.7730158210021,20.7730158210021,210.111217126407,320.29195119741,316.850579155759,96.4471090709887,1040.92585540792,316.850579155759,96.4471090709887,1040.92585540792,20.6555515192323,20.6555515192323,251.403344539256,382.297813772263,240.723506153106,72.7682186778773,796.333996729555,240.723506153106,72.7682186778773,796.333996729555,21.8170363343282,21.8170363343282,188.204771350414,293.242240955797,240.723506153106,72.7682186778773,796.333996729555,240.723506153106,72.7682186778773,796.333996729555,21.8170363343282,21.8170363343282,188.204771350414,293.242240955797
"BI10",326.5,4329,-6.709455288,663.945868568909,189.53581230993,2325.80909653572,663.945868568909,189.53581230993,2325.80909653572,19.2918425549975,19.2918425549975,535.858476954184,792.033260183633,689.093387450089,196.2610989112,2419.47945497996,689.093387450089,196.2610989112,2419.47945497996,19.2174212802832,19.2174212802832,556.667408169231,821.519366730947,566.523821578203,157.554058831057,2037.07376881811,566.523821578203,157.554058831057,2037.07376881811,20.1868702299474,20.1868702299474,452.160392894473,680.887250261934,685.065187747559,195.232067649808,2403.8792249305,685.065187747559,195.232067649808,2403.8792249305,19.2253980490939,19.2253980490939,553.358678507318,816.7716969878,513.83847363549,161.204354656814,1637.85883793363,513.83847363549,161.204354656814,1637.85883793363,18.5718203470699,18.5718203470699,418.409315437781,609.267631833199,367.650012661454,111.910102754392,1207.81349032103,367.650012661454,111.910102754392,1207.81349032103,20.1355861392005,20.1355861392005,293.621527671225,441.678497651682,469.319405226396,141.870387545637,1552.54882948144,469.319405226396,141.870387545637,1552.54882948144,19.4491065218031,19.4491065218031,378.040974176422,560.59783627637,469.319405226396,141.870387545637,1552.54882948144,469.319405226396,141.870387545637,1552.54882948144,19.4491065218031,19.4491065218031,378.040974176422,560.59783627637
"BI10",332.6,4397,-6.105796603,1016.76803174061,290.255522249288,3561.74870458373,1016.76803174061,290.255522249288,3561.74870458373,18.1044636246623,18.1044636246623,832.687633286937,1200.84843019428,1039.32026202,296.009424062999,3649.16289562264,1039.32026202,296.009424062999,3649.16289562264,18.0805159775053,18.0805159775053,851.405795988025,1227.23472805198,886.265231080445,246.476280500578,3186.78153624698,886.265231080445,246.476280500578,3186.78153624698,18.8558631696454,18.8558631696454,719.152271787775,1053.37819037312,1035.39519508204,295.070233294398,3633.17979597547,1035.39519508204,295.070233294398,3633.17979597547,18.0816435284079,18.0816435284079,848.178726797042,1222.61166336704,657.838270030082,206.380797137394,2096.85782552762,657.838270030082,206.380797137394,2096.85782552762,17.864746855735,17.864746855735,540.317128369061,775.359411691102,289.845850073098,88.2270576568248,952.20920923569,289.845850073098,88.2270576568248,952.20920923569,20.9801070593961,20.9801070593961,229.035880420545,350.655819725651,545.883220932731,165.014834771276,1805.82849601934,545.883220932731,165.014834771276,1805.82849601934,18.9827483413283,18.9827483413283,442.259582865533,649.506858999928,545.883220932731,165.014834771276,1805.82849601934,545.883220932731,165.014834771276,1805.82849601934,18.9827483413283,18.9827483413283,442.259582865533,649.506858999928
"BI10",340,4480,-6.751605476,644.479198570122,183.978685914759,2257.61715453294,644.479198570122,183.978685914759,2257.61715453294,19.3805946958141,19.3805946958141,519.575297196416,769.383099943828,669.601481375808,190.709597509963,2351.0413199695,669.601481375808,190.709597509963,2351.0413199695,19.3021689268716,19.3021689268716,540.353872303815,798.849090447801,549.095758613063,152.707198111111,1974.40694254292,549.095758613063,152.707198111111,1974.40694254292,20.2868602930117,20.2868602930117,437.701469188379,660.490048037748,665.590593060012,189.682135387168,2335.5432849052,665.590593060012,189.682135387168,2335.5432849052,19.3106885653258,19.3106885653258,537.060466514088,794.120719605936,590.526550871865,185.263378328777,1882.30189058608,590.526550871865,185.263378328777,1882.30189058608,18.1669560683239,18.1669560683239,483.245851803185,697.807249940545,331.565410597663,100.926201256396,1089.26740664213,331.565410597663,100.926201256396,1089.26740664213,20.4939934628397,20.4939934628397,263.614417024741,399.516404170586,498.635926601385,150.732467831777,1649.5303956352,498.635926601385,150.732467831777,1649.5303956352,19.2593936388058,19.2593936388058,402.601670672717,594.670182530052,498.635926601385,150.732467831777,1649.5303956352,498.635926601385,150.732467831777,1649.5303956352,19.2593936388058,19.2593936388058,402.601670672717,594.670182530052
"BI10",346.2,4547,-5.705984772,1348.37015005655,384.917572024783,4723.35428076133,1348.37015005655,384.917572024783,4723.35428076133,17.3953544572773,17.3953544572773,1113.81638305809,1582.92391705501,1364.43707362286,388.606137196174,4790.68226073001,1364.43707362286,388.606137196174,4790.68226073001,17.39878611428,17.39878611428,1127.04158551928,1601.83256172645,1192.01454861965,331.507207936129,4286.17734427863,1192.01454861965,331.507207936129,4286.17734427863,18.0668957061352,18.0668957061352,976.654523318576,1407.37457392072,1361.15721304137,387.906934772521,4776.27181298283,1361.15721304137,387.906934772521,4776.27181298283,17.3961933446825,17.3961933446825,1124.36767253561,1597.94675354714,689.055043207771,216.174302358934,2196.3612112494,689.055043207771,216.174302358934,2196.3612112494,17.738013037085,17.738013037085,566.830369810884,811.279716604657,317.702122257392,96.7063128591613,1043.7233671999,317.702122257392,96.7063128591613,1043.7233671999,20.6459287625651,20.6459287625651,252.109568418974,383.294676095811,423.349116139193,127.974046043968,1400.47517192869,423.349116139193,127.974046043968,1400.47517192869,19.7806000721552,19.7806000721552,339.608120566695,507.090111711691,423.349116139193,127.974046043968,1400.47517192869,423.349116139193,127.974046043968,1400.47517192869,19.7806000721552,19.7806000721552,339.608120566695,507.090111711691
"BI10",356.2,4652,-5.858299593,1210.89789397499,345.673535786319,4241.78757652842,1210.89789397499,345.673535786319,4241.78757652842,17.6588519123181,17.6588519123181,997.067228068566,1424.72855988141,1230.04706751128,350.330439355361,4318.8247960331,1230.04706751128,350.330439355361,4318.8247960331,17.6523518677228,17.6523518677228,1012.91483101558,1447.17930400698,1064.74203363398,296.111871412119,3828.538156139,1064.74203363398,296.111871412119,3828.538156139,18.3595543349216,18.3595543349216,869.260141442199,1260.22392582576,1226.44670184888,349.516702565942,4303.5754841851,1226.44670184888,349.516702565942,4303.5754841851,17.6511090036214,17.6511090036214,1009.96525763422,1442.92814606355,1104.25867876882,346.434369590223,3519.82175174652,1104.25867876882,346.434369590223,3519.82175174652,16.5441384432241,16.5441384432241,921.568594181989,1286.94876335565,867.15981240254,263.957406142698,2848.8162209,867.15981240254,263.957406142698,2848.8162209,17.5816153800042,17.5816153800042,714.69910945596,1019.62051534912,936.085970108226,282.969077937923,3096.65264423588,936.085970108226,282.969077937923,3096.65264423588,17.4864202479976,17.4864202479976,772.398043492557,1099.7738967239,936.085970108226,282.969077937923,3096.65264423588,936.085970108226,282.969077937923,3096.65264423588,17.4864202479976,17.4864202479976,772.398043492557,1099.7738967239
"BI10",361.2,4703,-5.722096554,1333.11942996931,380.563967677073,4669.93085396289,1333.11942996931,380.563967677073,4669.93085396289,17.4228545833546,17.4228545833546,1100.85197026331,1565.38688967531,1349.55339797652,384.367108653179,4738.4241080663,1349.55339797652,384.367108653179,4738.4241080663,17.4252631144838,17.4252631144838,1114.39016750865,1584.71662844438,1177.8620553617,327.571305030658,4235.28862313216,1177.8620553617,327.571305030658,4235.28862313216,18.0974109651008,18.0974109651008,964.699518600912,1391.02459212249,1346.23460882488,383.654243308976,4723.9087110482,1346.23460882488,383.654243308976,4723.9087110482,17.4228094260806,17.4228094260806,1111.68271850138,1580.78649914838,867.903345272606,272.283618019639,2766.43972271975,867.903345272606,272.283618019639,2766.43972271975,17.1330527852851,17.1330527852851,719.205007001794,1016.60168354342,598.109515030937,182.060369863573,1964.92510829573,598.109515030937,182.060369863573,1964.92510829573,18.6030279104013,18.6030279104013,486.843035014966,709.375995046909,809.560636032527,244.721782003076,2678.09599149271,809.560636032527,244.721782003076,2678.09599149271,17.8656190754967,17.8656190754967,664.927616613788,954.193655451267,809.560636032527,244.721782003076,2678.09599149271,809.560636032527,244.721782003076,2678.09599149271,17.8656190754967,17.8656190754967,664.927616613788,954.193655451267
"BI10",367.3,4768,-5.925808616,1154.53850971828,329.584691526459,4044.36008313662,1154.53850971828,329.584691526459,4044.36008313662,17.7782097179536,17.7782097179536,949.282232186028,1359.79478725053,1174.79673168091,334.594558235668,4124.83504826179,1174.79673168091,334.594558235668,4124.83504826179,17.7671165497666,17.7671165497666,966.069227140317,1383.52423622151,1012.76838401474,281.65765229921,3641.65429657922,1012.76838401474,281.65765229921,3641.65429657922,18.4923209480828,18.4923209480828,825.484003982024,1200.05276404746,1171.08576331089,333.739765288859,4109.31512414303,1171.08576331089,333.739765288859,4109.31512414303,17.7664978347332,17.7664978347332,963.024836529393,1379.14669009239,1026.28418477255,321.971763870126,3271.27824891844,1026.28418477255,321.971763870126,3271.27824891844,16.7188676125224,16.7188676125224,854.701090592168,1197.86727895292,574.863304387359,174.984385279918,1888.55604574381,574.863304387359,174.984385279918,1888.55604574381,18.7190868155831,18.7190868155831,467.254143368159,682.472465406558,882.238986046591,266.691693257222,2918.52220440105,882.238986046591,266.691693257222,2918.52220440105,17.6391629119828,17.6391629119828,726.619414024808,1037.85855806837,882.238986046591,266.691693257222,2918.52220440105,882.238986046591,266.691693257222,2918.52220440105,17.6391629119828,17.6391629119828,726.619414024808,1037.85855806837
"BI10",370.4,4801,-6.265898352,908.097978679237,259.233615561103,3181.07640900045,908.097978679237,259.233615561103,3181.07640900045,18.4049008444268,18.4049008444268,740.96344613308,1075.23251122539,931.998927172326,265.443170638681,3272.34638646149,931.998927172326,265.443170638681,3272.34638646149,18.3687285357185,18.3687285357185,760.802574284232,1103.19528006042,787.081282233648,218.8925618351,2830.14159845803,787.081282233648,218.8925618351,2830.14159845803,19.1914648415241,19.1914648415241,636.02885467956,938.133709787735,927.967333029319,264.455097673932,3256.2177047965,927.967333029319,264.455097673932,3256.2177047965,18.3715160868586,18.3715160868586,757.485665161045,1098.44900089759,715.221913818562,224.383523167871,2279.7680452837,715.221913818562,224.383523167871,2279.7680452837,17.6374247242165,17.6374247242165,589.075187157713,841.368640479412,648.620927700701,197.435692010911,2130.86652958406,648.620927700701,197.435692010911,2130.86652958406,18.3700907525235,18.3700907525235,529.468674642223,767.77318075918,631.017277017696,190.749976756892,2087.45925249735,631.017277017696,190.749976756892,2087.45925249735,18.5560393611325,18.5560393611325,513.925462718746,748.109091316646,631.017277017696,190.749976756892,2087.45925249735,631.017277017696,190.749976756892,2087.45925249735,18.5560393611325,18.5560393611325,513.925462718746,748.109091316646
"BI10",375.1,4852,-6.106865938,1016.00071075272,290.036476068527,3559.0607713981,1016.00071075272,290.036476068527,3559.0607713981,18.1064377329569,18.1064377329569,832.039174693883,1199.96224681157,1038.56395564291,295.794019992398,3646.50742428251,1038.56395564291,295.794019992398,3646.50742428251,18.082410971532,18.082410971532,850.766552981358,1226.36135830446,885.562960984768,246.280974496214,3184.25635383445,885.562960984768,246.280974496214,3184.25635383445,18.8580657453373,18.8580657453373,718.562915585905,1052.56300638363,1034.63793443645,294.854426734334,3630.52258441906,1034.63793443645,294.854426734334,3630.52258441906,18.0835492676877,18.0835492676877,847.538673820452,1221.73719505246,812.731996246022,254.974945797314,2590.58118693402,812.731996246022,254.974945797314,2590.58118693402,17.3009950936826,17.3009950936826,672.121273450709,953.342719041334,685.189572031913,208.566932603206,2251.00280164958,685.189572031913,208.566932603206,2251.00280164958,18.2157886139933,18.2157886139933,560.376887985454,810.002256078371,718.506256969577,217.196987797823,2376.88029902598,718.506256969577,217.196987797823,2376.88029902598,18.1897212837892,18.1897212837892,587.811971420225,849.20054251893,718.506256969577,217.196987797823,2376.88029902598,718.506256969577,217.196987797823,2376.88029902598,18.1897212837892,18.1897212837892,587.811971420225,849.20054251893
"BI10",380,4905,-6.483380721,778.843012525473,222.335358994116,2728.2949545412,778.843012525473,222.335358994116,2728.2949545412,18.8293557040582,18.8293557040582,632.191891320849,925.494133730097,803.742413043977,228.914356309907,2822.0242580644,803.742413043977,228.914356309907,2822.0242580644,18.7752809106993,18.7752809106993,652.837517196538,954.647308891417,669.887682674287,186.300239012449,2408.74359462706,669.887682674287,186.300239012449,2408.74359462706,19.6669564226992,19.6669564226992,538.141164041705,801.634201306868,799.666418582506,227.891492842151,2806.01251513807,799.666418582506,227.891492842151,2806.01251513807,18.7804981746406,18.7804981746406,649.485081437405,949.847755727608,770.364789454758,241.683262554766,2455.53582220943,770.364789454758,241.683262554766,2455.53582220943,17.4403461792561,17.4403461792561,636.010503330751,904.719075578766,872.764540501533,265.663446332737,2867.229021048,872.764540501533,265.663446332737,2867.229021048,17.5648883460701,17.5648883460701,719.464423438347,1026.06465756472,695.964263550001,210.382777034593,2302.30945216134,695.964263550001,210.382777034593,2302.30945216134,18.2783066091031,18.2783066091031,568.753781568546,823.174745531457,695.964263550001,210.382777034593,2302.30945216134,695.964263550001,210.382777034593,2302.30945216134,18.2783066091031,18.2783066091031,568.753781568546,823.174745531457
"BI10",382.4,4931,-6.033580758,1069.95165118715,305.437784826068,3748.0514617077,1069.95165118715,305.437784826068,3748.0514617077,17.9721342296721,17.9721342296721,877.658504243201,1262.2447981311,1091.69158687856,310.925332349698,3833.04413266982,1091.69158687856,310.925332349698,3833.04413266982,17.9534532363672,17.9534532363672,895.695248342961,1287.68792541416,935.003676913541,260.030767831279,3362.03243613497,935.003676913541,260.030767831279,3362.03243613497,18.7082970460777,18.7082970460777,760.080411644807,1109.92694218228,1087.83927107428,310.015913756738,3817.20494716279,1087.83927107428,310.015913756738,3817.20494716279,17.953865408888,17.953865408888,892.530072480573,1283.14846966798,808.970804477652,253.794963131807,2578.5923976645,808.970804477652,253.794963131807,2578.5923976645,17.312980589523,17.312980589523,668.913846123528,949.027762831776,702.520137827233,213.842236104234,2307.93763217211,702.520137827233,213.842236104234,2307.93763217211,18.1463719774981,18.1463719774981,575.038220400271,830.002055254195,691.720290974077,209.099868151273,2288.27002702416,691.720290974077,209.099868151273,2288.27002702416,18.2954038377318,18.2954038377318,565.167270312836,818.273311635318,691.720290974077,209.099868151273,2288.27002702416,691.720290974077,209.099868151273,2288.27002702416,18.2954038377318,18.2954038377318,565.167270312836,818.273311635318
"BI10",387.2,4984,-6.455510417,794.31965204746,226.753456285617,2782.50977940581,794.31965204746,226.753456285617,2782.50977940581,18.7738714796609,18.7738714796609,645.19510143438,943.44420266054,819.137341538858,233.298995081795,2876.07747332173,819.137341538858,233.298995081795,2876.07747332173,18.7221788411963,18.7221788411963,665.776983500932,972.497699576784,683.871849437331,190.189329195365,2459.02705704602,683.871849437331,190.189329195365,2459.02705704602,19.6047102310435,19.6047102310435,549.800755003464,817.942943871197,815.061508563549,232.278834809615,2860.03355960691,815.061508563549,232.278834809615,2860.03355960691,18.7270728903443,18.7270728903443,662.424345753713,967.698671373385,625.717042419004,196.303541280718,1994.47149358198,625.717042419004,196.303541280718,1994.47149358198,18.0036408702678,18.0036408702678,513.065193237825,738.368891600183,991.36892499545,301.765794758488,3256.8712641312,991.36892499545,301.765794758488,3256.8712641312,17.2404780922194,17.2404780922194,820.452182668538,1162.28566732236,590.335865459091,178.452408066037,1952.88165524991,590.335865459091,178.452408066037,1952.88165524991,18.7498434656494,18.7498434656494,479.648814763925,701.022916154258,590.335865459091,178.452408066037,1952.88165524991,590.335865459091,178.452408066037,1952.88165524991,18.7498434656494,18.7498434656494,479.648814763925,701.022916154258
"BI10",395.8,5077,-6.841197678,604.976950658107,172.70202768024,2119.24038034591,604.976950658107,172.70202768024,2119.24038034591,19.5719808900912,19.5719808900912,486.570977485846,723.382923830368,629.982560770073,179.425709088787,2211.93511726922,629.982560770073,179.425709088787,2211.93511726922,19.4848104058102,19.4848104058102,507.231653214356,752.73346832579,513.811987741041,142.894545756501,1847.53558891095,513.811987741041,142.894545756501,1847.53558891095,20.5027192180783,20.5027192180783,408.466558585668,619.157416896413,626.015790163321,178.40398152015,2196.67614026622,626.015790163321,178.40398152015,2196.67614026622,19.4945152428482,19.4945152428482,503.977046527296,748.054533799347,499.038994771134,156.561377219359,1590.6855364031,499.038994771134,156.561377219359,1590.6855364031,18.6591829589883,18.6591829589883,405.922395700092,592.155593842175,704.029361484322,214.301633271995,2312.89577342103,704.029361484322,214.301633271995,2312.89577342103,18.1404328138832,18.1404328138832,576.315388174248,831.743334794396,463.899149740799,140.231900541319,1534.61815963072,463.899149740799,140.231900541319,1534.61815963072,19.4859046812841,19.4859046812841,373.50420360502,554.294095876579,463.899149740799,140.231900541319,1534.61815963072,463.899149740799,140.231900541319,1534.61815963072,19.4859046812841,19.4859046812841,373.50420360502,554.294095876579
"BI10",404.1,5184,-6.463890956,789.633801404831,225.415792253114,2766.09519718524,789.633801404831,225.415792253114,2766.09519718524,18.7905210537533,18.7905210537533,641.257495704304,938.010107105358,814.477372135901,231.9717864152,2859.71582998482,814.477372135901,231.9717864152,2859.71582998482,18.7381149081871,18.7381149081871,661.859666243894,967.095078027909,679.636423023721,189.011428819551,2443.79755438735,679.636423023721,189.011428819551,2443.79755438735,19.6233860572424,19.6233860572424,546.268743948143,813.004102099298,810.401334518952,230.950763509823,2843.68110764945,810.401334518952,230.950763509823,2843.68110764945,18.7431057700916,18.7431057700916,658.506955227831,962.295713810074,642.812475315647,201.666818592719,2048.96314279611,642.812475315647,201.666818592719,2048.96314279611,17.9285874779575,17.9285874779575,527.565278359457,758.059672271837,495.776144486588,150.910804737985,1628.73682814653,495.776144486588,150.910804737985,1628.73682814653,19.1655120267268,19.1655120267268,400.758107889368,590.794181083807,618.897416503863,187.086268653309,2047.3657148241,618.897416503863,187.086268653309,2047.3657148241,18.6120247060026,18.6120247060026,503.708076439353,734.086756568374,618.897416503863,187.086268653309,2047.3657148241,618.897416503863,187.086268653309,2047.3657148241,18.6120247060026,18.6120247060026,503.708076439353,734.086756568374
"BI10",413.4,5402,-5.757601839,1300.11778485868,371.143028546765,4554.32575717332,1300.11778485868,371.143028546765,4554.32575717332,17.4837641863224,17.4837641863224,1072.80825720955,1527.42731250781,1317.32507249452,375.188140039695,4625.26706318356,1317.32507249452,375.188140039695,4625.26706318356,17.4838954855516,17.4838954855516,1087.00533361461,1547.64481137443,1147.26473586363,319.061986105917,4125.2685417664,1147.26473586363,319.061986105917,4125.2685417664,18.165022202048,18.165022202048,938.863841877735,1355.66562984953,1313.92485521807,374.44650641805,4610.53447039616,1313.92485521807,374.44650641805,4610.53447039616,17.4817513428489,17.4817513428489,1084.22777919696,1543.62193123919,1047.5456542328,328.642034080035,3339.0491291652,1047.5456542328,328.642034080035,3339.0491291652,16.6695701318151,16.6695701318151,872.92429673768,1222.16701172792,1730.01775661662,526.605353576224,5683.49983129364,1730.01775661662,526.605353576224,5683.49983129364,15.9529717365656,15.9529717365656,1454.028512866,2006.00700036723,1006.829533763,304.354123346862,3330.67841798923,1006.829533763,304.354123346862,3330.67841798923,17.3021771145671,17.3021771145671,832.626104589558,1181.03296293645,1006.829533763,304.354123346862,3330.67841798923,1006.829533763,304.354123346862,3330.67841798923,17.3021771145671,17.3021771145671,832.626104589558,1181.03296293645
"BI10",415.7,5491,-6.364875472,846.808290544121,241.737323503513,2966.37801122935,846.808290544121,241.737323503513,2966.37801122935,18.5956746518538,18.5956746518538,689.338575909611,1004.27800517863,871.270257838528,248.147002084561,3059.12163281075,871.270257838528,248.147002084561,3059.12163281075,18.5515473788507,18.5515473788507,709.636143157778,1032.90437251928,731.398879302159,203.406913653735,2629.92201708101,731.398879302159,203.406913653735,2629.92201708101,19.4049804575589,19.4049804575589,589.47106970677,873.326688897548,867.205687861018,247.139049752983,3043.00637964812,867.205687861018,247.139049752983,3043.00637964812,18.5554147632619,18.5554147632619,706.292075627808,1028.11930009423,712.90688564052,223.65723924286,2272.38889880865,712.90688564052,223.65723924286,2272.38889880865,17.6461289870993,17.6461289870993,587.106417042481,838.707354238558,812.671281569514,247.371476931606,2669.8090664286,812.671281569514,247.371476931606,2669.8090664286,17.7519036206244,17.7519036206244,668.406658912801,956.935904226227,710.562374257805,214.79563446279,2350.60125394846,710.562374257805,214.79563446279,2350.60125394846,18.2205202131449,18.2205202131449,581.09421322916,840.030535286451,710.562374257805,214.79563446279,2350.60125394846,710.562374257805,214.79563446279,2350.60125394846,18.2205202131449,18.2205202131449,581.09421322916,840.030535286451
"BI10",419.3,5629,-6.129277732,1000.05130027126,285.483417431406,3503.18982507814,1000.05130027126,285.483417431406,3503.18982507814,18.1479116263075,18.1479116263075,818.562874080292,1181.53972646223,1022.83884482801,291.315341796902,3591.29490412655,1022.83884482801,291.315341796902,3591.29490412655,18.1222190524135,18.1222190524135,837.477748815103,1208.19994084092,870.971721999591,242.223053473433,3131.79001604047,870.971721999591,242.223053473433,3131.79001604047,18.9043474081467,18.9043474081467,706.32020184607,1035.62324215311,1018.89361759178,290.367560978643,3575.27611028704,1018.89361759178,290.367560978643,3575.27611028704,18.1235835915201,18.1235835915201,834.233581098868,1203.55365408469,1157.79616795335,363.230457926849,3690.4723634091,1157.79616795335,363.230457926849,3690.4723634091,16.4331039717174,16.4331039717174,967.534319893019,1348.05801601369,900.807888196768,274.19964601741,2959.35776440061,900.807888196768,274.19964601741,2959.35776440061,17.483235109953,17.483235109953,743.317527214325,1058.29824917921,1170.56500415554,353.849657477506,3872.32939187108,1170.56500415554,353.849657477506,3872.32939187108,16.9331740452791,16.9331740452791,972.351194688755,1368.77881362233,1170.56500415554,353.849657477506,3872.32939187108,1170.56500415554,353.849657477506,3872.32939187108,16.9331740452791,16.9331740452791,972.351194688755,1368.77881362233
"BI10",433.8,6189,-5.377054822,1700.83864834004,485.536321682518,5958.05499712695,1700.83864834004,485.536321682518,5958.05499712695,16.8523108853781,16.8523108853781,1414.20803166311,1987.46926501696,1706.87392803322,486.135782057465,5993.01412018908,1706.87392803322,486.135782057465,5993.01412018908,16.8753051297838,16.8753051297838,1418.83374449689,1994.91411156955,1521.17527480947,423.049004492031,5469.75454881432,1521.17527480947,423.049004492031,5469.75454881432,17.4656590761709,17.4656590761709,1255.49198736024,1786.8585622587,1704.70103931449,485.811152839929,5981.75981850587,1704.70103931449,485.811152839929,5981.75981850587,16.8700522788986,16.8700522788986,1417.11708278321,1992.28499584577,1252.8736080171,393.058698034012,3993.53146366437,1252.8736080171,393.058698034012,3993.53146366437,16.2512886021623,16.2512886021622,1049.26550215792,1456.48171387628,1559.91318973839,474.826708389931,5124.66783465251,1559.91318973839,474.826708389931,5124.66783465251,16.1775459947797,16.1775459947797,1307.55751598983,1812.26886348696,1118.68230427268,338.166055526837,3700.69697250709,1118.68230427268,338.166055526837,3700.69697250709,17.0425297021585,17.0425297021585,928.030540294217,1309.33406825114,1118.68230427268,338.166055526837,3700.69697250709,1118.68230427268,338.166055526837,3700.69697250709,17.0425297021585,17.0425297021585,928.030540294217,1309.33406825114
"BI10",438.7,6306,-5.800973418,1260.9110111596,359.950718973209,4416.98403214432,1260.9110111596,359.950718973209,4416.98403214432,17.5587488164033,17.5587488164033,1039.51081391172,1482.31120840749,1278.99891966893,364.272445581469,4490.69990430676,1278.99891966893,364.272445581469,4490.69990430676,17.5560556129151,17.5560556129151,1054.45715804327,1503.54068129459,1110.96489392073,308.96675759973,3994.74365822641,1110.96489392073,308.96675759973,3994.74365822641,18.2483015107028,18.2483015107028,908.232670400015,1313.69711744144,1275.50708151434,363.498086429957,4475.72731667387,1275.50708151434,363.498086429957,4475.72731667387,17.5542953766386,17.5542953766386,1051.60080087537,1499.41336215331,848.790474158906,266.287418412934,2705.51749428018,848.790474158906,266.287418412934,2705.51749428018,17.1896259277712,17.1896259277712,702.886566740435,994.694381577377,658.356268893651,200.399062052341,2162.84932849818,658.356268893651,200.399062052341,2162.84932849818,18.3279206378854,18.3279206378854,537.69325441628,779.019283371023,804.342939462003,243.144526457465,2660.83540389939,804.342939462003,243.144526457465,2660.83540389939,17.8828863195393,17.8828863195393,660.503205978772,948.182672945234,804.342939462003,243.144526457465,2660.83540389939,804.342939462003,243.144526457465,2660.83540389939,17.8828863195393,17.8828863195393,660.503205978772,948.182672945234
"BI10",446.3,6403,-5.826334163,1238.53567212628,353.563258398249,4338.60299307866,1238.53567212628,353.563258398249,4338.60299307866,17.6028934734915,17.6028934734915,1020.5175571307,1456.55378712186,1257.10712907162,358.037431637044,4413.8355219929,1257.10712907162,358.037431637044,4413.8355219929,17.5985265820941,17.5985265820941,1035.87479679655,1478.33946134669,1090.27371923578,303.212403714815,3920.34352253694,1090.27371923578,303.212403714815,3920.34352253694,18.2973523228661,18.2973523228661,890.782495543596,1289.76494292797,1253.56555984196,357.245121427361,4398.73498214141,1253.56555984196,357.245121427361,4398.73498214141,17.5969938175333,17.5969938175333,1032.97570577785,1474.15541390608,879.397825878715,275.889732437489,2803.07835064298,879.397825878715,275.889732437489,2803.07835064298,17.0998012459086,17.0998012459086,729.022545492614,1029.77310626482,664.531771681601,202.278842081604,2183.13725266498,664.531771681601,202.278842081604,2183.13725266498,18.3015910831198,18.3015910831198,542.911884211023,786.151659152179,845.472992528276,255.577714821944,2796.89714571837,845.472992528276,255.577714821944,2796.89714571837,17.7505655020651,17.7505655020651,695.396755187274,995.549229869278,845.472992528276,255.577714821944,2796.89714571837,845.472992528276,255.577714821944,2796.89714571837,17.7505655020651,17.7505655020651,695.396755187274,995.549229869278
"BI10",453,6471,-4.13768754,4080.07771413845,1164.7347780079,14292.5535218252,4080.07771413845,1164.7347780079,14292.5535218252,15.0786869992654,15.0786869992654,3464.85556629673,4695.29986198016,3968.43804499415,1130.25320784693,13933.6039107175,3968.43804499415,1130.25320784693,13933.6039107175,15.1570300879715,15.1570300879715,3366.94069649188,4569.93539349642,3812.31407338165,1060.23000785171,13708.0996448617,3812.31407338165,1060.23000785171,13708.0996448617,15.5196676637169,15.5196676637169,3220.65559889571,4403.97254786759,3980.34021169496,1134.33008037365,13966.9294458074,3980.34021169496,1134.33008037365,13966.9294458074,15.1442453106396,15.1442453106396,3377.54772583784,4583.13269755207,4419.73602917448,1386.58495012182,14087.8974388599,4419.73602917448,1386.58495012182,14087.8974388599,13.8105655402407,13.8105655402407,3809.3454881597,5030.12657018925,5076.18866561792,1545.15646839672,16676.4285015645,5076.18866561792,1545.15646839672,16676.4285015645,13.9403596699665,13.9403596699665,4368.54970810471,5783.82762313113,3804.33611627046,1150.01134229427,12585.0700365149,3804.33611627046,1150.01134229427,12585.0700365149,14.5121867290222,14.5121867290222,3252.24375527766,4356.42847726326,3804.33611627046,1150.01134229427,12585.0700365149,3804.33611627046,1150.01134229427,12585.0700365149,14.5121867290222,14.5121867290222,3252.24375527766,4356.42847726326
"BI10",458.1,6522,-5.408058723,1664.01385015745,475.023991736509,5829.05735643712,1664.01385015745,475.023991736509,5829.05735643712,16.9020449057936,16.9020449057936,1382.76148196521,1945.26621834969,1671.22591268138,475.982849531376,5867.85018402981,1671.22591268138,475.982849531376,5867.85018402981,16.9232983504055,16.9232983504055,1388.39936536902,1954.05245999374,1486.61213638876,413.436764835537,5345.47440389698,1486.61213638876,413.436764835537,5345.47440389698,17.5206162250136,17.5206162250136,1226.14852921761,1747.0757435599,1668.92018502649,475.614210578287,5856.20555912802,1668.92018502649,475.614210578287,5856.20555912802,16.9182822679477,16.9182822679477,1386.56755729695,1951.27281275602,2449.69244789812,768.531572533092,7808.38849536101,2449.69244789812,768.531572533092,7808.38849536101,14.8549211255649,14.8549211255649,2085.79256694394,2813.59232885231,2263.67617339401,689.047258106494,7436.6884966253,2263.67617339401,689.047258106494,7436.6884966253,15.3977312787323,15.3977312787323,1915.12139919411,2612.23094759391,2164.89701840814,654.425910323905,7161.66494384792,2164.89701840814,654.425910323905,7161.66494384792,15.5774706215449,15.5774706215449,1827.66082137891,2502.13321543737,2164.89701840814,654.425910323905,7161.66494384792,2164.89701840814,654.425910323905,7161.66494384792,15.5774706215449,15.5774706215449,1827.66082137891,2502.13321543737
"BI10",463.4,6579,-4.884169873,2408.72782842206,687.616577203125,8437.79795858662,2408.72782842206,687.616577203125,8437.79795858662,16.0992183833349,16.0992183833349,2020.94147506423,2796.51418177989,2387.38560462557,679.95271877795,8382.36228456748,2387.38560462557,679.95271877795,8382.36228456748,16.1473167240736,16.1473167240736,2001.88688962174,2772.8843196294,2192.10637780093,609.639425664128,7882.25001419599,2192.10637780093,609.639425664128,7882.25001419599,16.6360850174972,16.6360850174973,1827.42569711599,2556.78705848587,2388.39742654325,680.653135341251,8380.83595142548,2388.39742654325,680.653135341251,8380.83595142548,16.138648379598,16.138648379598,2002.94236396607,2773.85248912044,2355.81881385457,739.08099735873,7509.16652375703,2355.81881385457,739.08099735873,7509.16652375703,14.929675756229,14.929675756229,2004.10270354184,2707.53492416729,2859.33670380472,870.362174111628,9393.56813624148,2859.33670380472,870.362174111628,9393.56813624148,14.9457650398937,14.9457650398937,2431.98695835462,3286.68644925482,2194.18731153063,663.280062081401,7258.55974469372,2194.18731153063,663.280062081401,7258.55974469372,15.5502602683563,15.5502602683563,1852.98547381237,2535.38914924889,2194.18731153063,663.280062081401,7258.55974469372,2194.18731153063,663.280062081401,7258.55974469372,15.5502602683563,15.5502602683563,1852.98547381237,2535.38914924889
"BI10",473.6,6809,-5.367413755,1712.45507160702,488.852447776938,5998.74744538602,1712.45507160702,488.852447776938,5998.74744538602,16.8369050469334,16.8369050469334,1424.13063722915,2000.77950598489,1718.11338072956,489.336897287299,6032.4770222852,1718.11338072956,489.336897287299,6032.4770222852,16.8604364483823,16.8604364483823,1428.4319660605,2007.79479539862,1532.08606085018,426.083366967669,5508.98692562561,1532.08606085018,426.083366967669,5508.98692562561,17.4486396407347,17.4486396407347,1264.75788510651,1799.41423659386,1715.9831624897,489.026368376159,6021.34854962088,1715.9831624897,489.026368376159,6021.34854962088,16.8551105359312,16.8551105359312,1426.75230367409,2005.2140213053,1842.42625651106,578.016538119968,5872.72904287874,1842.42625651106,578.016538119968,5872.72904287874,15.4177550610607,15.4177550610607,1558.36548910152,2126.48702392061,1435.67386477049,437.009123337658,4716.51353693245,1435.67386477049,437.009123337658,4716.51353693245,16.3622477519156,16.3622477519157,1200.76535010724,1670.58237943374,1591.87224951777,481.206467167682,5266.04988021026,1591.87224951777,481.206467167682,5266.04988021026,16.2270971599261,16.2270971599261,1333.55759292662,1850.18690610892,1591.87224951777,481.206467167682,5266.04988021026,1591.87224951777,481.206467167682,5266.04988021026,16.2270971599261,16.2270971599261,1333.55759292662,1850.18690610892
"BI10",477.5,6978,-5.932530111,1149.07276175215,328.0243911621,4025.21351269948,1149.07276175215,328.0243911621,4025.21351269948,17.7901818860672,17.7901818860672,944.650627433184,1353.49489607111,1169.43348174244,333.067047820054,4106.0041128989,1169.43348174244,333.067047820054,4106.0041128989,17.77862476307,17.77862476307,961.524291169743,1377.34267231513,1007.73461492451,280.25772749256,3623.55415924793,1007.73461492451,280.25772749256,3623.55415924793,18.5056449603746,18.5056449603746,821.246824943778,1194.22240490523,1165.71246862993,332.208466589965,4090.46034698604,1165.71246862993,332.208466589965,4090.46034698604,17.7780690886489,17.7780690886489,958.471300581908,1372.95363667796,1405.9244404254,441.074683472989,4481.38060570985,1405.9244404254,441.074683472989,4481.38060570985,15.9928821463392,15.9928821463392,1181.07660160158,1630.77227924921,1789.69174058333,544.769698598642,5879.54237277062,1789.69174058333,544.769698598642,5879.54237277062,15.8807411273162,15.8807411273162,1505.47542828433,2073.90805288233,1245.49510523696,376.50024971996,4120.20459036359,1245.49510523696,376.50024971996,4120.20459036359,16.7857623585803,16.7857623585803,1036.42925668413,1454.56095378978,1245.49510523696,376.50024971996,4120.20459036359,1245.49510523696,376.50024971996,4120.20459036359,16.7857623585803,16.7857623585803,1036.42925668413,1454.56095378978
"BI10",491.5,7600,-6.19657189,953.650100054301,272.237323748749,3340.64595115151,953.650100054301,272.237323748749,3340.64595115151,18.2735917066687,18.2735917066687,779.38397446014,1127.91622564846,977.038635242367,278.270956772539,3430.4855448374,977.038635242367,278.270956772539,3430.4855448374,18.24280795233,18.24280795233,798.799353395036,1155.2779170897,828.588622871268,230.436030511355,2979.39130624745,828.588622871268,230.436030511355,2979.39130624745,19.0446890119429,19.0446890119429,670.786496457094,986.390749285442,973.04451658265,277.301337573937,3414.39258654536,973.04451658265,277.301337573937,3414.39258654536,18.2448638720961,18.2448638720961,795.513869117249,1150.57516404805,913.440437708293,286.569775977227,2911.58908993607,913.440437708293,286.569775977227,2911.58908993607,17.0045330747199,17.0045330747199,758.11415636032,1068.76671905627,492.397792485552,149.882457922927,1617.63817730639,492.397792485552,149.882457922927,1617.63817730639,19.1866509022016,19.1866509022016,397.923146991202,586.872437979902,867.964060110877,262.376531232954,2871.29952554818,867.964060110877,262.376531232954,2871.29952554818,17.68168958269,17.68168958269,714.493349312758,1021.434770909,867.964060110877,262.376531232954,2871.29952554818,867.964060110877,262.376531232954,2871.29952554818,17.68168958269,17.68168958269,714.493349312758,1021.434770909
"BI10",495.3,7780,-5.747009575,1309.87670367008,373.928895123767,4588.51134852705,1309.87670367008,373.928895123767,4588.51134852705,17.4655485444044,17.4655485444044,1081.09955211874,1538.65385522142,1326.85832605303,377.903311674871,4658.73932041893,1326.85832605303,377.903311674871,4658.73932041893,17.4663624798102,17.4663624798102,1095.10444123107,1558.612210875,1156.3086708198,321.577164825462,4157.78820283695,1156.3086708198,321.577164825462,4157.78820283695,18.1447989782798,18.1447989782798,946.49878693113,1366.11855470847,1323.48178333669,377.170070350868,4644.06952862039,1323.48178333669,377.170070350868,4644.06952862039,17.4641255481666,17.4641255481666,1092.34726308766,1554.61630358573,1144.73870607224,359.133996054098,3648.85173661632,1144.73870607224,359.133996054098,3648.85173661632,16.4595678401256,16.4595678401256,956.319662154107,1333.15774999038,1164.76133421901,354.545236251146,3826.50456691128,1164.76133421901,354.545236251146,3826.50456691128,16.8468810462884,16.8468810462884,968.535377769971,1360.98729066805,1053.6264477291,318.500344974128,3485.48662151185,1053.6264477291,318.500344974128,3485.48662151185,17.18923640944,17.1892364094399,872.516106756558,1234.73678870163,1053.6264477291,318.500344974128,3485.48662151185,1053.6264477291,318.500344974128,3485.48662151185,17.18923640944,17.1892364094399,872.516106756558,1234.73678870163
"BI10",499.2,7965,-5.212146301,1910.84783928333,545.487387699064,6693.71931823314,1910.84783928333,545.487387699064,6693.71931823314,16.5926203930066,16.5926203930066,1593.78811102307,2227.90756754358,1909.66217290757,543.892023098447,6705.02500452004,1909.66217290757,543.892023098447,6705.02500452004,16.6245376503353,16.6245376503353,1592.18966597834,2227.1346798368,1718.98032751874,478.059910873371,6181.01057877478,1718.98032751874,478.059910873371,6181.01057877478,17.1790430048139,17.1790430048139,1423.67595781,2014.28469722748,1908.3146834927,543.837620197474,6696.2357806573,1908.3146834927,543.837620197474,6696.2357806573,16.618071007808,16.618071007808,1591.18959433746,2225.43977264794,1745.75853036531,547.68938433716,5564.60090975052,1745.75853036531,547.68938433716,5564.60090975052,15.5290656199942,15.5290656199942,1474.65854261824,2016.85851811239,2416.28215909596,735.499457080213,7938.03369419578,2416.28215909596,735.499457080213,7938.03369419578,15.2687776184297,15.2687776184297,2047.34540958981,2785.21890860211,1710.34756718845,517.020326653045,5657.9763885193,1710.34756718845,517.020326653045,5657.9763885193,16.070621622516,16.0706216225159,1435.48408123569,1985.21105314122,1710.34756718845,517.020326653045,5657.9763885193,1710.34756718845,517.020326653045,5657.9763885193,16.070621622516,16.0706216225159,1435.48408123569,1985.21105314122
"BI10",504.5,8096,-5.889801899,1184.26400039394,338.070390870694,4148.48877778678,1184.26400039394,338.070390870694,4148.48877778678,17.7143487855571,17.7143487855571,974.479344822368,1394.04865596552,1203.94900720279,342.89743522431,4227.19175778137,1203.94900720279,342.89743522431,4227.19175778137,17.705720421205,17.705720421205,990.781161973588,1417.11685243198,1040.16528675783,289.276913947464,3740.16650347871,1040.16528675783,289.276913947464,3740.16650347871,18.4212703039488,18.4212703039488,848.553627676325,1231.77694583933,1200.29479395653,342.063848235978,4211.80899363924,1200.29479395653,342.063848235978,4211.80899363924,17.7047667810709,17.7047667810709,987.785400001188,1412.80418791187,856.912024271971,268.835357720644,2731.40491476914,856.912024271971,268.835357720644,2731.40491476914,17.1653867973026,17.1653867973026,709.819760793091,1004.00428775085,704.470139521314,214.435803035936,2314.34382902006,704.470139521314,214.435803035936,2314.34382902006,18.1387013789152,18.1387013789152,576.688404609916,832.251874432712,935.940792152481,282.925192147957,3096.17238311147,935.940792152481,282.925192147957,3096.17238311147,17.4868166765126,17.4868166765126,772.274541628076,1099.60704267689,935.940792152481,282.925192147957,3096.17238311147,935.940792152481,282.925192147957,3096.17238311147,17.4868166765126,17.4868166765126,772.274541628076,1099.60704267689
"HER42PB",3.1,-58,-5.374327028,1704.11732265247,486.47228081492,5969.54022642264,1704.11732265247,486.47228081492,5969.54022642264,16.8479491773645,16.8479491773645,1417.00850220932,1991.22614309563,1710.04648159632,487.039358931062,6004.15328986556,1710.04648159632,487.039358931062,6004.15328986556,16.8710956018249,16.8710956018249,1421.54290485056,1998.55005834208,1524.25441035588,423.905332654326,5480.82632728739,1524.25441035588,423.905332654326,5480.82632728739,17.4608403174018,17.4608403174018,1258.10678173268,1790.40203897907,1707.88559948186,486.718698978822,5992.93437264145,1707.88559948186,486.718698978822,5992.93437264145,16.8658220522288,16.8658220522288,1419.83665341761,1995.93454554611,1624.72456576685,509.717914399136,5178.80545304759,1624.72456576685,509.717914399136,5178.80545304759,15.6799870826796,15.6799870826796,1369.96796372549,1879.48116780822,1638.55625919534,498.765110894357,5383.02811464471,1638.55625919534,498.765110894357,5383.02811464471,16.0700420176601,16.0700420176601,1375.23957985965,1901.87293853102,1865.1539281269,563.816683625058,6170.08910279186,1865.1539281269,563.816683625058,6170.08910279186,15.8857255210213,15.8857255210213,1568.86069456012,2161.44716169369,1865.1539281269,563.816683625058,6170.08910279186,1865.1539281269,563.816683625058,6170.08910279186,15.8857255210213,15.8857255210213,1568.86069456012,2161.44716169369
"HER42PB",5.9,-51,-5.216126843,1905.48538558638,543.956574622969,6674.93458866627,1905.48538558638,543.956574622969,6674.93458866627,16.5987944729574,16.5987944729574,1589.19778272066,2221.7729884521,1904.49440360694,542.420187639955,6686.8804222636,1904.49440360694,542.420187639955,6686.8804222636,16.6305028375059,16.6305028375059,1587.76740777495,2221.22139943894,1713.91542233814,476.651326912021,6162.79848408086,1713.91542233814,476.651326912021,6162.79848408086,17.1858504742962,17.1858504742962,1419.36448059921,2008.46636407708,1903.12446952604,542.358496425929,6678.0234298467,1903.12446952604,542.358496425929,6678.0234298467,16.624064613472,16.624064613472,1586.74782803724,2219.50111101485,2042.76326264874,640.86741333725,6511.30274435001,2042.76326264874,640.86741333725,6511.30274435001,15.2089633879482,15.2089633879481,1732.08014593004,2353.44637936744,1985.20030102802,604.281142458909,6521.83223716888,1985.20030102802,604.281142458909,6521.83223716888,15.663915705634,15.663915705634,1674.240199287,2296.16040276904,2341.28878144772,707.747310427127,7745.18401889053,2341.28878144772,707.747310427127,7745.18401889053,15.4202017525926,15.4202017525926,1980.25732773766,2702.32023515777,2341.28878144772,707.747310427127,7745.18401889053,2341.28878144772,707.747310427127,7745.18401889053,15.4202017525926,15.4202017525926,1980.25732773766,2702.32023515777
"HER42PB",8.7,-44,-4.858052631,2453.55387807944,700.413014588554,8594.82406416299,2453.55387807944,700.413014588554,8594.82406416299,16.0611864640862,16.0611864640862,2059.48401472428,2847.6237414346,2430.21175408403,692.150059962655,8532.72940553793,2430.21175408403,692.150059962655,8532.72940553793,16.110489979114,16.110489979114,2038.69273297107,2821.73077519699,2234.9611013645,621.557610531825,8036.34456400345,2234.9611013645,621.557610531825,8036.34456400345,16.5943201214467,16.5943201214467,1864.08450161426,2605.83770111473,2431.46042996341,692.925367746711,8531.94311777441,2431.46042996341,692.925367746711,8531.94311777441,16.1016576252884,16.1016576252884,2039.95499623634,2822.96586369048,2006.94521909515,629.630371168581,6397.1328209173,2006.94521909515,629.630371168581,6397.1328209173,15.2443432265804,15.2443432265804,1700.99960152684,2312.89083666346,2287.80917921254,696.393176963868,7515.97088200753,2287.80917921254,696.393176963868,7515.97088200753,15.3766222085526,15.3766222085526,1936.02140487244,2639.59695355264,2113.88434071272,639.00530705501,6992.91063247114,2113.88434071272,639.00530705501,6992.91063247114,15.6259869126468,15.6259869126468,1783.56905028446,2444.19963114098,2113.88434071272,639.00530705501,6992.91063247114,2113.88434071272,639.00530705501,6992.91063247114,15.6259869126468,15.6259869126468,1783.56905028446,2444.19963114098
"HER42PB",11.5,-24,-4.644423925,2852.96733704717,814.433084562241,9993.97345287483,2852.96733704717,814.433084562241,9993.97345287483,15.7567185547339,15.7567185547339,2403.43330329016,3302.50137080418,2810.62762185961,800.4965302853,9868.40958066956,2810.62762185961,800.4965302853,9868.40958066956,15.8154526997974,15.8154526997974,2366.11413975696,3255.14110396225,2618.46569929471,728.212800804239,9415.32833645713,2618.46569929471,728.212800804239,9415.32833645713,16.2604141595822,16.2604141595822,2192.69233196279,3044.23906662663,2814.14155065193,801.98305711524,9874.7630599479,2814.14155065193,801.98305711524,9874.7630599479,15.8053368637444,15.8053368637444,2369.35699874879,3258.92610255507,2458.86600994679,771.409555062302,7837.62920123971,2458.86600994679,771.409555062302,7837.62920123971,14.8478093938248,14.8478093938248,2093.77827154034,2823.95374835323,2086.14532197624,635.008103638865,6853.45947471303,2086.14532197624,635.008103638865,6853.45947471303,15.5622678418581,15.5622678418581,1761.4937993999,2410.79684455257,2673.17831869533,808.074074561132,8843.10306257966,2673.17831869533,808.074074561132,8843.10306257966,15.1611474177296,15.1611474177296,2267.89381305914,3078.46282433151,2673.17831869533,808.074074561132,8843.10306257966,2673.17831869533,808.074074561132,8843.10306257966,15.1611474177296,15.1611474177296,2267.89381305914,3078.46282433151
"HER42PB",16.9,40,-5.837315201,1228.97089447947,350.832813061255,4305.09748018914,1228.97089447947,350.832813061255,4305.09748018914,17.6220767619494,17.6220767619494,1012.40070007228,1445.54108888666,1247.74475310102,355.370927749655,4380.96323396459,1247.74475310102,355.370927749655,4380.96323396459,17.6169800533835,17.6169800533835,1027.92980883007,1467.55969737196,1081.43455322087,300.754172605572,3888.5601578462,1081.43455322087,300.754172605572,3888.5601578462,18.3186729094909,18.3186729094909,883.330094686125,1279.53901175562,1244.18250377732,354.571108108428,4365.81003726964,1244.18250377732,354.571108108428,4365.81003726964,17.615546474869,17.615546474869,1025.01295659223,1463.3520509624,1553.2834108257,487.304985299561,4951.08695196945,1553.2834108257,487.304985299561,4951.08695196945,15.7759416695464,15.7759416695464,1308.2383259711,1798.3284956803,1590.38969138871,484.103543188853,5224.7900393672,1590.38969138871,484.103543188853,5224.7900393672,16.1350841054237,16.1350841054237,1333.77897707915,1847.00040569827,1801.0918135644,544.451370964288,5958.16613546825,1801.0918135644,544.451370964288,5958.16613546825,15.9597921848007,15.9597921848007,1513.64130306206,2088.54232406673,1801.0918135644,544.451370964288,5958.16613546825,1801.0918135644,544.451370964288,5958.16613546825,15.9597921848007,15.9597921848007,1513.64130306206,2088.54232406673
"HER42PB",21.1,88,-5.002521499,2215.64235930354,632.496705287204,7761.41760629572,2215.64235930354,632.496705287204,7761.41760629572,16.2738438901324,16.2738438901324,1855.07218058683,2576.21253802024,2202.58149831544,627.318550973872,7733.49560472914,2202.58149831544,627.318550973872,7733.49560472914,16.3163312432667,16.3163312432667,1843.20100514739,2561.96199148349,2007.97723978959,558.431882507454,7220.16905161072,2007.97723978959,558.431882507454,7220.16905161072,16.8280100484951,16.8280100484951,1670.0746281063,2345.87985147288,2202.61698434288,627.7088309037,7728.93631706769,2202.61698434288,627.7088309037,7728.93631706769,16.3084264426291,16.3084264426291,1843.40481363846,2561.82915504729,2991.76040087404,938.592241445968,9536.22872744923,2991.76040087404,938.592241445968,9536.22872744923,14.4839024863144,14.4839024863145,2558.43674178727,3425.08405996081,2198.01983317245,669.061925514002,7220.99256105153,2198.01983317245,669.061925514002,7220.99256105153,15.4566249375049,15.4566249375049,1858.28015150701,2537.75951483788,3149.46572462514,952.050816434342,10418.702635788,3149.46572462514,952.050816434342,10418.702635788,14.8525321012979,14.8525321012979,2681.69031685582,3617.24113239447,3149.46572462514,952.050816434342,10418.702635788,3149.46572462514,952.050816434342,10418.702635788,14.8525321012979,14.8525321012979,2681.69031685582,3617.24113239447
"HER42PB",26.7,152,-4.602335072,2939.01472406039,838.996926536064,10295.3983203567,2939.01472406039,838.996926536064,10295.3983203567,15.6980887884664,15.6980887884664,2477.64558317129,3400.3838649495,2892.32341220883,823.764357088411,10155.2521043509,2892.32341220883,823.764357088411,10155.2521043509,15.7585944998321,15.7585944998321,2436.53389405513,3348.11293036253,2701.45184043075,751.291800953406,9713.72512904519,2701.45184043075,751.291800953406,9713.72512904519,16.196206697947,16.196206697947,2263.9191165091,3138.98456435241,2896.35930471933,825.413735554583,10163.2634164948,2896.35930471933,825.413735554583,10163.2634164948,15.7482375444337,15.7482375444337,2440.23376127182,3352.48484816684,3103.27792843347,973.578160145185,9891.69056510695,3103.27792843347,973.578160145185,9891.69056510695,14.4179755146523,14.4179755146522,2655.84807656032,3550.70778030661,2301.93976153729,700.694427787973,7562.39304267708,2301.93976153729,700.694427787973,7562.39304267708,15.3643918861123,15.3643918861123,1948.26071559246,2655.61880748212,3570.6718094464,1079.37704634241,11812.0884763846,3570.6718094464,1079.37704634241,11812.0884763846,14.6246362974223,14.6246362974223,3048.47404394028,4092.86957495253,3570.6718094464,1079.37704634241,11812.0884763846,3570.6718094464,1079.37704634241,11812.0884763846,14.6246362974223,14.6246362974223,3048.47404394028,4092.86957495253
"HER42PB",33.6,231,-4.655928057,2829.88958341529,807.845106553832,9913.13184836222,2829.88958341529,807.845106553832,9913.13184836222,15.7728200977726,15.7728200977726,2383.53619045759,3276.24297637299,2788.70208014227,794.251903664241,9791.4266946188,2788.70208014227,794.251903664241,9791.4266946188,15.831065202602,15.831065202602,2347.22083552863,3230.18332475592,2596.23009119337,722.028929670305,9335.37481593123,2596.23009119337,722.028929670305,9335.37481593123,16.2780526496459,16.2780526496459,2173.61439004297,3018.84579234378,2792.07796759344,795.695306668547,9797.34241459847,2792.07796759344,795.695306668547,9797.34241459847,15.8210159268242,15.8210159268242,2350.34286765113,3233.81306753574,2934.35475234025,920.582611960517,9353.24836762301,2934.35475234025,920.582611960517,9353.24836762301,14.5190488157422,14.5190488157422,2508.31435342092,3360.39515125959,2927.5866354016,891.136977851455,9617.78460640954,2927.5866354016,891.136977851455,9617.78460640954,14.9015963356167,14.9015963356167,2491.32949261859,3363.84377818461,3045.87839669989,920.737441803086,10076.0268739752,3045.87839669989,920.737441803086,10076.0268739752,14.9144554115369,14.9144554115369,2591.60222133445,3500.15457206533,3045.87839669989,920.737441803086,10076.0268739752,3045.87839669989,920.737441803086,10076.0268739752,14.9144554115369,14.9144554115369,2591.60222133445,3500.15457206533
"HER42PB",37.7,279,-4.333193768,3554.05226823358,1014.57093950075,12449.8810615962,3554.05226823358,1014.57093950075,12449.8810615962,15.3332509366167,15.3332509366167,3009.10051552681,4099.00402094035,3473.90798415331,989.405806097222,12197.2567858352,3473.90798415331,989.405806097222,12197.2567858352,15.4044576233847,15.4044576233847,2938.77130085903,4009.04466744758,3297.96629082653,917.186453978616,11858.6374757795,3297.96629082653,917.186453978616,11858.6374757795,15.7973190849701,15.7973190849701,2776.97603254991,3818.95654910315,3481.98156975633,992.306241128912,12218.1995331698,3481.98156975633,992.306241128912,12218.1995331698,15.3926441654464,15.3926441654464,2946.01253681732,4017.95060269535,3256.73966880658,1021.72305798892,10380.8494752533,3256.73966880658,1021.72305798892,10380.8494752533,14.3319369076818,14.3319369076818,2789.98579422578,3723.49354338738,2905.25585288289,884.339643212014,9544.42293240803,2905.25585288289,884.339643212014,9544.42293240803,14.9159049408578,14.9159049408578,2471.91065157817,3338.60105418761,3854.15323808404,1165.07054142261,12749.8693465338,3854.15323808404,1165.07054142261,12749.8693465338,14.4893208908218,14.4893208908218,3295.71260779404,4412.59386837403,3854.15323808404,1165.07054142261,12749.8693465338,3854.15323808404,1165.07054142261,12749.8693465338,14.4893208908218,14.4893208908218,3295.71260779404,4412.59386837403
"HER42PB",41.7,328,-4.507160466,3143.28291365646,897.309115943339,11010.9518556463,3143.28291365646,897.309115943339,11010.9518556463,15.5671059901406,15.5671059901406,2653.96473091758,3632.60109639533,3085.92357045029,878.903733692286,10835.0026488734,3085.92357045029,878.903733692286,10835.0026488734,15.631517597487,15.631517597487,2603.54688449035,3568.30025641022,2898.93394171047,806.212892385057,10423.8199088328,2898.93394171047,806.212892385057,10423.8199088328,16.0528689570515,16.0528689570515,2433.5718748962,3364.29600852474,3091.24273505665,880.952238657536,10847.1052433017,3091.24273505665,880.952238657536,10847.1052433017,15.6206290191371,15.6206290191371,2608.37117533242,3574.11429478088,2965.15224218339,930.244577208246,9451.41528877407,2965.15224218339,930.244577208246,9451.41528877407,14.5000874147437,14.5000874147437,2535.20257508657,3395.10190928021,2634.60262944904,801.95468740574,8655.26584494915,2634.60262944904,801.95468740574,8655.26584494915,15.101090634517,15.101090634517,2236.74889851657,3032.4563603815,2806.54157221064,848.38840260695,9284.28013907655,2806.54157221064,848.38840260695,9284.28013907655,15.0681820665903,15.0681820665903,2383.6467783354,3229.43636608589,2806.54157221064,848.38840260695,9284.28013907655,2806.54157221064,848.38840260695,9284.28013907655,15.0681820665903,15.0681820665903,2383.6467783354,3229.43636608589
"HER42PB",54.5,477,-5.196121674,1932.5887815671,551.693747812456,6769.87805906519,1932.5887815671,551.693747812456,6769.87805906519,16.5678115468369,16.5678115468369,1612.40111426175,2252.77644887244,1930.60851127158,549.857762228084,6778.56980447277,1930.60851127158,549.857762228084,6778.56980447277,16.6005665856325,16.6005665856325,1610.11655985005,2251.1004626931,1739.52218571058,483.772738844205,6254.87381080764,1739.52218571058,483.772738844205,6254.87381080764,17.1516923724708,17.1516923724708,1441.16469166662,2037.87967975454,1929.35272178232,549.833107616829,6770.05781114755,1929.35272178232,549.833107616829,6770.05781114755,16.5939859670771,16.5939859670771,1609.19620187434,2249.5092416903,2068.19983185619,648.847519799031,6592.38174450423,2068.19983185619,648.847519799031,6592.38174450423,15.1843101894603,15.1843101894603,1754.15795404925,2382.24170966313,1727.69150134527,525.897257676635,5675.85755629866,1727.69150134527,525.897257676635,5675.85755629866,15.9558512534089,15.9558512534089,1452.02361527283,2003.35938741771,2278.25186383672,688.691904169546,7536.65249097755,2278.25186383672,688.691904169546,7536.65249097755,15.4746392706865,15.4746392706865,1925.7006062303,2630.80312144314,2278.25186383672,688.691904169546,7536.65249097755,2278.25186383672,688.691904169546,7536.65249097755,15.4746392706865,15.4746392706865,1925.7006062303,2630.80312144314
"HER42PB",57.2,503,-5.344600285,1740.2597586839,496.789817675029,6096.14754559167,1740.2597586839,496.789817675029,6096.14754559167,16.8005624510243,16.8005624510243,1447.88633111617,2032.63318625164,1745.00472901484,496.99583824043,6126.89537816829,1745.00472901484,496.99583824043,6126.89537816829,16.8253571127956,16.8253571127956,1451.40145172292,2038.60800630676,1558.2167487371,433.350485806843,5602.94614998326,1558.2167487371,433.350485806843,5602.94614998326,17.4084986823828,17.4084986823828,1286.95460656453,1829.47889090967,1742.97811446929,496.719476105676,6116.07326400187,1742.97811446929,496.719476105676,6116.07326400187,16.8198593737074,16.8198593737074,1449.81164670106,2036.14458223753,2494.79464505609,782.681292648469,7952.15163497715,2494.79464505609,782.681292648469,7952.15163497715,14.8202735254713,14.8202735254714,2125.05925475997,2864.53003535222,1513.18757539055,460.603756879401,4971.163617573,1513.18757539055,460.603756879401,4971.163617573,16.2447393249027,16.2447393249027,1267.37419827154,1759.00095250956,2651.80454879617,801.613005649137,8772.39679927795,2651.80454879617,801.613005649137,8772.39679927795,15.1765870170845,15.1765870170845,2249.35112392512,3054.25797366723,2651.80454879617,801.613005649137,8772.39679927795,2651.80454879617,801.613005649137,8772.39679927795,15.1765870170845,15.1765870170845,2249.35112392512,3054.25797366723
"HER42PB",65.2,587,-5.161179534,1980.85709782643,565.472844820418,6938.96245938295,1980.85709782643,565.472844820418,6938.96245938295,16.5139715913764,16.5139715913764,1653.73891942561,2307.97527622725,1977.08271063693,563.094106683823,6941.74561285947,1977.08271063693,563.094106683823,6941.74561285947,16.5485359781111,16.5485359781111,1649.90446695016,2304.26095432369,1785.16949255515,496.467559775183,6419.00977093589,1785.16949255515,496.467559775183,6419.00977093589,17.092354514218,17.092354514218,1480.04199420795,2090.29699090234,1976.03448403112,563.136625483989,6933.86312553229,1976.03448403112,563.136625483989,6933.86312553229,16.5417091994421,16.5417091994421,1649.16460600199,2302.90436206024,2018.64878864664,633.302082170252,6434.43791932626,2018.64878864664,633.302082170252,6434.43791932626,15.23269571455,15.23269571455,1711.15416112665,2326.14341616663,1989.4500511695,605.57473679764,6535.79362809666,1989.4500511695,605.57473679764,6535.79362809666,15.6595057714647,15.6595057714647,1677.9120055862,2300.98809675279,2110.97293724504,638.125219989225,6983.27946019152,2110.97293724504,638.125219989225,6983.27946019152,15.6288002908062,15.6288002908062,1781.05319269005,2440.89268180003,2110.97293724504,638.125219989225,6983.27946019152,2110.97293724504,638.125219989225,6983.27946019152,15.6288002908062,15.6288002908062,1781.05319269005,2440.89268180003
"HER42PB",70.4,644,-5.731819198,1323.9999706298,377.96064681077,4637.98529561031,1323.9999706298,377.96064681077,4637.98529561031,17.4394916221779,17.4394916221779,1093.10110667418,1554.89883458542,1340.65051522242,381.831473302996,4707.16514911252,1340.65051522242,381.831473302996,4707.16514911252,17.4412796648013,17.4412796648013,1106.82390953488,1574.47712090997,1169.40316343146,325.218830684371,4204.87262612012,1169.40316343146,325.218830684371,4204.87262612012,18.1158752992938,18.1158752992938,957.555544598221,1381.2507822647,1337.30883778466,381.110548538439,4692.5883696357,1337.30883778466,381.110548538439,4692.5883696357,17.4389103219628,17.4389103219628,1104.09674883571,1570.52092673361,1918.63266177696,601.924448897237,6115.6367673409,1918.63266177696,601.924448897237,6115.6367673409,15.3350929620728,15.3350929620728,1624.40855949277,2212.85676406115,1987.36480839753,604.940003423936,6528.94313370297,1987.36480839753,604.940003423936,6528.94313370297,15.6616681237264,15.6616681237264,1676.11032769858,2298.61928909648,1917.58569863708,579.666263930382,6343.53789486544,1917.58569863708,579.666263930382,6343.53789486544,15.8274617208235,15.8274617208235,1614.08055622131,2221.09084105285,1917.58569863708,579.666263930382,6343.53789486544,1917.58569863708,579.666263930382,6343.53789486544,15.8274617208235,15.8274617208235,1614.08055622131,2221.09084105285
"HER42PB",74.3,683,-5.563638453,1490.91975592447,425.611033075866,5222.70699267714,1490.91975592447,425.611033075866,5222.70699267714,17.1561127305582,17.1561127305582,1235.1358818759,1746.70362997303,1503.2738791095,428.148330620722,5278.15290634596,1503.2738791095,428.148330620722,5278.15290634596,17.1683132878046,17.1683132878046,1245.18710997025,1761.36064824876,1324.6751603884,368.401010164871,4763.19074088508,1324.6751603884,368.401010164871,4763.19074088508,17.8017010438412,17.8017010438412,1088.86044853403,1560.48987224276,1500.39568408668,427.587559455774,5264.85665694111,1500.39568408668,427.587559455774,5264.85665694111,17.1645283223266,17.1645283223266,1242.85984194466,1757.9315262287,1950.96219149586,612.067054486539,6218.68706172952,1950.96219149586,612.067054486539,6218.68706172952,15.3012696627296,15.3012696627296,1652.44020555718,2249.48417743454,1803.29576092927,548.910667624498,5924.23465817946,1803.29576092927,548.910667624498,5924.23465817946,15.8647010895208,15.8647010895208,1517.20827869784,2089.3832431607,2111.60463355167,638.316175229588,6985.36916573218,2111.60463355167,638.316175229588,6985.36916573218,15.6281894478001,15.6281894478001,1781.59906103169,2441.61020607165,2111.60463355167,638.316175229588,6985.36916573218,2111.60463355167,638.316175229588,6985.36916573218,15.6281894478001,15.6281894478001,1781.59906103169,2441.61020607165
"HER42PB",82,761,-3.944481922,4676.3570659082,1334.95391280713,16381.3261252481,4676.3570659082,1334.95391280713,16381.3261252481,14.8352885603548,14.8352885603548,3982.60600106818,5370.10813074822,4526.27278796828,1289.13045389346,15892.2204414816,4526.27278796828,1289.13045389346,15892.2204414816,14.9202007838858,14.9202007838858,3850.94379997703,5201.60177595954,4399.3697066046,1223.49410064175,15819.0005209166,4399.3697066046,1223.49410064175,15819.0005209166,15.2547081202915,15.2547081202915,3728.25869872954,5070.48071447966,4542.86995813784,1294.6416061624,15940.8344041451,4542.86995813784,1294.6416061624,15940.8344041451,14.9065219628754,14.9065219628754,3865.68605008315,5220.05386619252,4171.88333910307,1308.82718186786,13297.8676147657,4171.88333910307,1308.82718186786,13297.8676147657,13.90617843795,13.90617843795,3591.73379774429,4752.03288046185,4854.09982016643,1477.55417094224,15946.8163858344,4854.09982016643,1477.55417094224,15946.8163858344,14.0138376913812,14.0138376913812,4173.85414999068,5534.34549034217,4835.58509664867,1461.74721102896,15996.5300775029,4835.58509664867,1461.74721102896,15996.5300775029,14.1018847657266,14.1018847657266,4153.67645857063,5517.49373472672,4835.58509664867,1461.74721102896,15996.5300775029,4835.58509664867,1461.74721102896,15996.5300775029,14.1018847657266,14.1018847657266,4153.67645857063,5517.49373472672
"HER42PB",87.2,813,-4.499815098,3159.62580694998,901.974501635941,11068.2011762388,3159.62580694998,901.974501635941,11068.2011762388,15.557087823352,15.557087823352,2668.08004527348,3651.17156862649,3101.39311951986,883.309625194583,10889.3178648271,3101.39311951986,883.309625194583,10889.3178648271,15.6217952183954,15.6217952183954,2616.89983747106,3585.88640156865,2914.76221809422,810.614841771074,10480.734314545,2914.76221809422,810.614841771074,10480.734314545,16.0419118515984,16.0419118515984,2447.17863238385,3382.34580380459,3106.81754548018,885.390797931342,10901.7569229943,3106.81754548018,885.390797931342,10901.7569229943,15.6108663805897,15.6108663805897,2621.81640976655,3591.8186811938,2724.90761237161,854.873653278469,8685.63613755688,2724.90761237161,854.873653278469,8685.63613755688,14.6549722273513,14.6549722273513,2325.57315855757,3124.24206618565,2789.24086996102,849.025490586673,9163.28745946729,2789.24086996102,849.025490586673,9163.28745946729,14.9925231951638,14.9925231951638,2371.06328556313,3207.41845435892,3123.51790598185,944.207060037541,10332.8650270856,3123.51790598185,944.207060037541,10332.8650270856,14.8678021718132,14.8678021718132,2659.11944291931,3587.9163690444,3123.51790598185,944.207060037541,10332.8650270856,3123.51790598185,944.207060037541,10332.8650270856,14.8678021718132,14.8678021718132,2659.11944291931,3587.9163690444
"HER42PB",95.4,895,-5.283345833,1817.16954451372,518.745159852632,6365.56330365813,1817.16954451372,518.745159852632,6365.56330365813,16.7037538209846,16.7037538209846,1513.63401728824,2120.70507173919,1819.30891883941,518.158458887014,6387.78521396358,1819.30891883941,518.158458887014,6387.78521396358,16.7318867830421,16.7318867830421,1514.90421030541,2123.71362737341,1630.60397864207,453.481857948077,5863.2319872602,1630.60397864207,453.481857948077,5863.2319872602,17.3016277891419,17.3016277891419,1348.48294754248,1912.72500974166,1817.57942089993,517.979594944462,6377.84766720998,1817.57942089993,517.979594944462,6377.84766720998,16.7259349477191,16.7259349477191,1513.57226933707,2121.58657246278,1969.13078594193,617.767010198257,6276.59941067409,1969.13078594193,617.767010198257,6276.59941067409,15.2825710211948,15.2825710211948,1668.19697508014,2270.06459680371,1886.7785117033,574.322235407972,6198.494386512,1886.7785117033,574.322235407972,6198.494386512,15.7695146547585,15.7695146547585,1589.24269779742,2184.31432560919,2145.528041881,648.570869650821,7097.59070890132,2145.528041881,648.570869650821,7097.59070890132,15.595720352635,15.595720352635,1810.91748838187,2480.13859538013,2145.528041881,648.570869650821,7097.59070890132,2145.528041881,648.570869650821,7097.59070890132,15.595720352635,15.595720352635,1810.91748838187,2480.13859538013
"HER42PB",100.8,948,-5.152814795,1992.5896873154,568.822132743669,6980.06183909321,1992.5896873154,568.822132743669,6980.06183909321,16.5011348067921,16.5011348067921,1663.78977686525,2321.38959776555,1988.37304972163,566.309714896293,6981.38718242419,1988.37304972163,566.309714896293,6981.38718242419,16.536128808265,16.536128808265,1659.57312103083,2317.17297841242,1796.27345153155,499.555644934518,6458.9367478772,1796.27345153155,499.555644934518,6458.9367478772,17.0782105826177,17.0782105826178,1489.50208883933,2103.04481422376,1987.37609122266,566.36879296539,6973.66058479996,1987.37609122266,566.36879296539,6973.66058479996,16.5292435794738,16.5292435794738,1658.87785626424,2315.87432618108,2541.019941444,797.183357899269,8099.49465055436,2541.019941444,797.183357899269,8099.49465055436,14.7855699236758,14.7855699236758,2165.31566122726,2916.72422166075,2210.87888148137,672.976130241367,7263.23744473255,2210.87888148137,672.976130241367,7263.23744473255,15.4449172996898,15.4449172996898,1869.41046664026,2552.34729632247,2390.25688175237,722.549859160954,7907.17469296728,2390.25688175237,722.549859160954,7907.17469296728,15.379170640266,15.379170640266,2022.65519716697,2757.85856633777,2390.25688175237,722.549859160954,7907.17469296728,2390.25688175237,722.549859160954,7907.17469296728,15.379170640266,15.379170640266,2022.65519716697,2757.85856633777
"HER42PB",102.3,964,-5.544826822,1510.85277991946,431.301288974027,5292.532577448,1510.85277991946,431.301288974027,5292.532577448,17.124987389692,17.124987389692,1252.11943188144,1769.58612795748,1522.64884758256,433.66652695397,5346.18046112328,1522.64884758256,433.66652695397,5346.18046112328,17.1383113699409,17.1383113699409,1261.69254701305,1783.60514815208,1343.27744705991,373.574430340693,4830.07977321742,1343.27744705991,373.574430340693,4830.07977321742,17.7672358030124,17.7672358030125,1104.61417555209,1581.94071856774,1519.8320233947,433.126589578037,5333.0583596504,1519.8320233947,433.126589578037,5333.0583596504,17.134373645046,17.134373645046,1259.41832572919,1780.24572106021,1671.44477795224,524.375247474039,5327.72601148024,1671.44477795224,524.375247474039,5327.72601148024,15.6200891714222,15.6200891714222,1410.36361318502,1932.52594271947,1811.57252901984,551.43005817418,5951.425714379,1811.57252901984,551.43005817418,5951.425714379,15.8550170453853,15.8550170453853,1524.34739575422,2098.79766228545,1842.29494655374,556.90665063139,6094.46963193825,1842.29494655374,556.90665063139,6094.46963193825,15.9117797133453,15.9117797133453,1549.15303298802,2135.43686011947,1842.29494655374,556.90665063139,6094.46963193825,1842.29494655374,556.90665063139,6094.46963193825,15.9117797133453,15.9117797133453,1549.15303298802,2135.43686011947
"HER42PB",110.4,1047,-4.228858041,3825.73102914934,1092.12674197681,13401.574510394,3825.73102914934,1092.12674197681,13401.574510394,15.196337918112,15.196337918112,3244.36001412174,4407.10204417694,3729.6244483557,1062.2365648711,13095.1042223448,3729.6244483557,1062.2365648711,13095.1042223448,15.2714165653518,15.2714165653518,3160.0579625241,4299.1909341873,3563.1711935206,990.941708832586,12812.2460091948,3563.1711935206,990.941708832586,12812.2460091948,15.6479204725689,15.6479204725689,3005.60899885701,4120.73338818418,3739.63591954911,1065.73340156368,13122.3031860153,3739.63591954911,1065.73340156368,13122.3031860153,15.2590760980747,15.2590760980747,3169.00202879418,4310.26981030405,3548.62450989981,1113.29484534386,11311.2316696051,3548.62450989981,1113.29484534386,11311.2316696051,14.1814460263782,14.1814460263782,3045.37824034954,4051.87077945008,3110.83156960306,946.915459313365,10219.7856833559,3110.83156960306,946.915459313365,10219.7856833559,14.7891083783923,14.7891083783923,2650.76731730522,3570.89582190091,4418.14513573811,1335.55944130985,14615.6028976906,4418.14513573811,1335.55944130985,14615.6028976906,14.2535679300039,14.2535679300039,3788.40181756951,5047.8884539067,4418.14513573811,1335.55944130985,14615.6028976906,4418.14513573811,1335.55944130985,14615.6028976906,14.2535679300039,14.2535679300039,3788.40181756951,5047.8884539067
"HER42PB",119.8,1156,-5.616511633,1436.29186066954,410.016474856472,5031.34492278074,1436.29186066954,410.016474856472,5031.34492278074,17.2442046360065,17.2442046360065,1188.61475304538,1683.9689682937,1450.12750064618,413.011678854319,5091.55037446791,1450.12750064618,413.011678854319,5091.55037446791,17.2532039114621,17.2532039114621,1199.9340459835,1700.32095530885,1273.75845762704,354.240735032931,4580.10739003689,1273.75845762704,354.240735032931,4580.10739003689,17.8992912569349,17.8992912569349,1045.76472138654,1501.75219386755,1447.08751835952,412.395627937911,5077.79943318695,1447.08751835952,412.395627937911,5077.79943318695,17.2498542190196,17.2498542190196,1197.46703102087,1696.70800569816,1485.36100925766,465.99597970088,4734.58446838781,1485.36100925766,465.99597970088,4734.58446838781,15.8725256096153,15.8725256096153,1249.596702668,1721.12531584733,1760.98392366598,536.03123911154,5785.23069765484,1760.98392366598,536.03123911154,5785.23069765484,15.915102295011,15.915102295011,1480.72153081584,2041.24631651612,1492.45441472921,451.153487057906,4937.16715916424,1492.45441472921,451.153487057906,4937.16715916424,16.3702883059196,16.3702883059196,1248.13532420362,1736.77350525481,1492.45441472921,451.153487057906,4937.16715916424,1492.45441472921,451.153487057906,4937.16715916424,16.3702883059196,16.3702883059196,1248.13532420362,1736.77350525481
"HER42PB",127.8,1230,-6.190873708,957.494287643376,273.334719262238,3354.11217917809,957.494287643376,273.334719262238,3354.11217917809,18.2628822345231,18.2628822345231,782.628233488781,1132.36034179797,980.836008688172,279.352488969805,3443.81852292475,980.836008688172,279.352488969805,3443.81852292475,18.2325348417523,18.2325348417523,802.004741663649,1159.6672757127,832.096074281901,231.411476176391,2992.00319826658,832.096074281901,231.411476176391,2992.00319826658,19.0327247843441,19.0327247843441,673.725518522495,990.466630041306,976.845537146804,278.384564567793,3427.73028714834,976.845537146804,278.384564567793,3427.73028714834,18.2345315085044,18.2345315085044,798.72232988635,1154.96874440726,915.423317158884,287.191856297397,2917.90951318061,915.423317158884,287.191856297397,2917.90951318061,16.9991259731931,16.9991259731931,759.809354287062,1071.03728003071,1718.60265341885,523.130675681977,5645.99863406569,1718.60265341885,523.130675681977,5645.99863406569,15.9671490550198,15.9671490550198,1444.19080608393,1993.01450075376,979.7330129086,296.163126188118,3241.04080388881,979.7330129086,296.163126188118,3241.04080388881,17.3707135048653,17.3707135048653,809.546398123662,1149.91962769354,979.7330129086,296.163126188118,3241.04080388881,979.7330129086,296.163126188118,3241.04080388881,17.3707135048653,17.3707135048653,809.546398123662,1149.91962769354
"HER42PB",131.6,1266,-6.480566984,780.391722879355,222.777467438271,2733.72010258335,780.391722879355,222.777467438271,2733.72010258335,18.8237392349753,18.8237392349753,633.492819953214,927.290625805496,805.283435775523,229.353255913718,2827.43495116715,805.283435775523,229.353255913718,2827.43495116715,18.7699061522123,18.7699061522123,654.132490621147,956.434380929899,671.286423699522,186.689238234344,2413.77310714419,671.286423699522,186.689238234344,2413.77310714419,19.6606542236062,19.6606542236062,539.307121085947,803.265726313098,801.207390753589,228.330644018611,2811.41975382792,801.207390753589,228.330644018611,2811.41975382792,18.7750906217175,18.7750906217175,650.779977071704,951.634804435474,911.302179646871,285.898949387613,2904.77339776163,911.302179646871,285.898949387613,2904.77339776163,17.0103809155499,17.0103809155499,756.286207597229,1066.31815169651,1153.88327971781,351.234032238981,3790.767696185,1153.88327971781,351.234032238981,3790.767696185,16.869300545078,16.869300545078,959.23124132281,1348.53531811281,1095.86243738432,331.267846496613,3625.20689638428,1095.86243738432,331.267846496613,3625.20689638428,17.0927123596743,17.0927123596743,908.549823104499,1283.17505166413,1095.86243738432,331.267846496613,3625.20689638428,1095.86243738432,331.267846496613,3625.20689638428,17.0927123596743,17.0927123596743,908.549823104499,1283.17505166413
"HER42PB",143.8,1392,-7.255694259,451.490957073515,128.886569448749,1581.57739158552,451.490957073515,128.886569448749,1581.57739158552,20.5089780382193,20.5089780382193,358.894775842761,544.087138304268,475.097640076263,135.312842395021,1668.11784905894,475.097640076263,135.312842395021,1668.11784905894,20.3768434740553,20.3768434740553,378.287737608992,571.907542543534,377.884162881155,105.092109744027,1358.77413541512,377.884162881155,105.092109744027,1358.77413541512,21.5642697421481,21.5642697421481,296.396202684604,459.372123077705,471.432633396358,134.350379236436,1654.24711931703,471.432633396358,134.350379236436,1654.24711931703,20.3926363317283,20.3926363317283,375.295090918749,567.570175873967,407.710153103759,127.909168912771,1299.57508407589,407.710153103759,127.909168912771,1299.57508407589,19.2866686511795,19.2866686511795,329.07644681742,486.343859390098,1102.72272410035,335.661115500382,3622.69369341328,1102.72272410035,335.661115500382,3622.69369341328,16.9785047951705,16.9785047951705,915.496893511539,1289.94855468916,504.864928699554,152.615430547251,1670.13646861803,504.864928699554,152.615430547251,1670.13646861803,19.2209796832179,19.2209796832179,407.82494332652,601.904914072587,504.864928699554,152.615430547251,1670.13646861803,504.864928699554,152.615430547251,1670.13646861803,19.2209796832179,19.2209796832179,407.82494332652,601.904914072587
"HER42PB",151.3,1480,-6.912057797,575.456156456033,164.274762787118,2015.8287395142,575.456156456033,164.274762787118,2015.8287395142,19.7260499033957,19.7260499033957,461.941387861354,688.970925050713,600.314422951997,170.975909051711,2107.76716089981,600.314422951997,170.975909051711,2107.76716089981,19.6317313027016,19.6317313027016,482.462308466697,718.166537437297,487.518495211417,135.582149858751,1752.99096098427,487.518495211417,135.582149858751,1752.99096098427,20.676726984129,20.676726984129,386.715626959418,588.321363463416,596.388894127641,169.960813958082,2092.71598997232,596.388894127641,169.960813958082,2092.71598997232,19.6424046603693,19.6424046603693,479.243774193588,713.534014061693,748.658594881942,234.873470630449,2386.34738178872,748.658594881942,234.873470630449,2386.34738178872,17.5156624058285,17.5156624058285,617.526082830202,879.791106933682,939.305933551305,285.918182840736,3085.83255544874,939.305933551305,285.918182840736,3085.83255544874,17.3763476516821,17.3763476516821,776.088869024552,1102.52299807806,899.175859657116,271.81153444891,2974.55083438368,899.175859657116,271.81153444891,2974.55083438368,17.5898471333275,17.5898471333275,741.012200483645,1057.33951883059,899.175859657116,271.81153444891,2974.55083438368,899.175859657116,271.81153444891,2974.55083438368,17.5898471333275,17.5898471333275,741.012200483645,1057.33951883059
"HER42PB",159.8,1615,-5.331006923,1757.04130249619,501.580424392912,6154.93346339045,1757.04130249619,501.580424392912,6154.93346339045,16.7789822824548,16.7789822824548,1462.22765365494,2051.85495133744,1761.22757801389,501.61627754519,6183.85550950794,1761.22757801389,501.61627754519,6183.85550950794,16.8045244728086,16.8045244728086,1465.26165864469,2057.19349738309,1573.99807714074,437.739378646006,5659.69174284925,1573.99807714074,437.739378646006,5659.69174284925,17.3846684591358,17.3846684591358,1300.36372987665,1847.63242440483,1759.26448484714,501.360818010424,6173.22179249381,1759.26448484714,501.360818010424,6173.22179249381,16.7989250535138,16.7989250535138,1463.72696254458,2054.8020071497,1971.7828027729,618.599016137303,6285.05270762988,1971.7828027729,618.599016137303,6285.05270762988,15.2798598726403,15.2798598726403,1670.49715351638,2273.06845202941,1920.25190589653,584.511303420194,6308.46206142307,1920.25190589653,584.511303420194,6308.46206142307,15.7328338406909,15.7328338406909,1618.14186421913,2222.36194757393,2155.97752385822,651.72963965106,7132.15849116592,2155.97752385822,651.72963965106,7132.15849116592,15.585849023716,15.585849023716,1819.95012200443,2492.00492571201,2155.97752385822,651.72963965106,7132.15849116592,2155.97752385822,651.72963965106,7132.15849116592,15.585849023716,15.585849023716,1819.95012200443,2492.00492571201
"HER42PB",163.5,1669,-5.210122412,1913.58013967847,546.267374139803,6703.29059416741,1913.58013967847,546.267374139803,6703.29059416741,16.5894829703256,16.5894829703256,1596.12708828298,2231.03319107396,1912.29507737608,544.641902191367,6714.26940939244,1912.29507737608,544.641902191367,6714.26940939244,16.6215063179956,16.6215063179956,1594.4428302713,2230.14732448087,1721.56129322091,478.777694674496,6190.29106677873,1721.56129322091,478.777694674496,6190.29106677873,17.1755838447183,17.1755838447183,1425.87308986553,2017.24949657628,1910.95905053384,544.591220372028,6705.51480856148,1910.95905053384,544.591220372028,6705.51480856148,16.6150252425212,16.6150252425212,1593.4527219134,2228.46537915428,1915.9628475419,601.086859454446,6107.12674120448,1915.9628475419,601.086859454446,6107.12674120448,15.3379183135365,15.3379183135365,1622.09403106822,2209.83166401558,1745.28057843243,531.251250214074,5733.64165491565,1745.28057843243,531.251250214074,5733.64165491565,15.9341999124313,15.9341999124313,1467.18408203217,2023.37707483269,2197.5297342124,664.290441784271,7269.61676548685,2197.5297342124,664.290441784271,7269.61676548685,15.5471843053768,15.5471843053768,1855.87573626894,2539.18373215585,2197.5297342124,664.290441784271,7269.61676548685,2197.5297342124,664.290441784271,7269.61676548685,15.5471843053768,15.5471843053768,1855.87573626894,2539.18373215585
"HER42PB",169.9,1760,-6.589871944,722.434376543,206.232454904544,2530.69493185563,722.434376543,206.232454904544,2530.69493185563,19.0444136000654,19.0444136000654,584.850985885098,860.017767200903,747.537223408295,212.906522708094,2624.68191802251,747.537223408295,212.906522708094,2624.68191802251,18.9809864302103,18.9809864302103,605.647284472396,889.427162344194,619.038361193402,172.158703064674,2225.90252951112,619.038361193402,172.158703064674,2225.90252951112,19.908481709986,19.908481709986,495.797222277417,742.279500109388,743.473526493034,211.877462781857,2608.8328477158,743.473526493034,211.877462781857,2608.8328477158,18.9874723709027,18.9874723709027,602.306696065193,884.640356920876,940.536985947706,295.070660586853,2997.95926906536,940.536985947706,295.070660586853,2997.95926906536,16.9319275514812,16.9319275514812,781.285944892156,1099.78802700326,523.210311325009,159.26157401348,1718.86427452765,523.210311325009,159.26157401348,1718.86427452765,19.0006177574976,19.0006177574976,423.797120002331,622.623502647687,1008.12302716718,304.745132984424,3334.95740506761,1008.12302716718,304.745132984424,3334.95740506761,17.2989650451725,17.2989650451725,833.728177085194,1182.51787724916,1008.12302716718,304.745132984424,3334.95740506761,1008.12302716718,304.745132984424,3334.95740506761,17.2989650451725,17.2989650451725,833.728177085194,1182.51787724916
"HER42PB",176.2,1842,-6.246923894,920.344692653415,262.729669970216,3223.97677198518,920.344692653415,262.729669970216,3223.97677198518,18.3687747042966,18.3687747042966,751.288649556958,1089.40073574987,944.11565506993,268.89414314212,3314.88949417918,944.11565506993,268.89414314212,3314.88949417918,18.3340919728376,18.3340919728376,771.020622539452,1117.21068760041,798.230534048969,221.993243235469,2870.2314367841,798.230534048969,221.993243235469,2870.2314367841,19.1510683166711,19.1510683166711,645.360859148723,951.100208949215,940.093080677201,267.910732009812,3298.76669630683,940.093080677201,267.910732009812,3298.76669630683,18.3366772902452,18.3366772902452,767.711246245497,1112.4749151089,1126.37203204078,353.371897678152,3590.3080094932,1126.37203204078,353.371897678152,3590.3080094932,16.4974552708195,16.4974552708195,940.549309871833,1312.19475420973,1197.0814992444,364.383269338229,3932.68362303173,1197.0814992444,364.383269338229,3932.68362303173,16.7818235372325,16.7818235372325,996.189394444344,1397.97360404445,1280.04362047966,386.943907476334,4234.49404079557,1280.04362047966,386.943907476334,4234.49404079557,16.7215697306578,16.7215697306578,1066.00023389832,1494.08700706101,1280.04362047966,386.943907476334,4234.49404079557,1280.04362047966,386.943907476334,4234.49404079557,16.7215697306578,16.7215697306578,1066.00023389832,1494.08700706101
"HER42PB",182.5,1929,-6.358376595,850.702555131285,242.849014436193,2980.019659487,850.702555131285,242.849014436193,2980.019659487,18.5830271360398,18.5830271360398,692.616268464254,1008.78884179832,875.133437500211,249.247276589442,3072.68566345241,875.133437500211,249.247276589442,3072.68566345241,18.5394318664505,18.5394318664505,712.888670114333,1037.37820488609,734.93101985122,204.389225533077,2642.62268488387,734.93101985122,204.389225533077,2642.62268488387,19.3908153103014,19.3908153103014,592.421903133756,877.440136568685,871.070342344925,248.240411344755,3056.5673703269,871.070342344925,248.240411344755,3056.5673703269,18.5432270444285,18.5432270444285,709.545791047224,1032.59489364262,1018.12859396864,319.413145121541,3245.28232381335,1018.12859396864,319.413145121541,3245.28232381335,16.7381278206032,16.7381278206032,847.712928532061,1188.54425940523,1038.45345663458,316.097998192219,3411.55460573511,1038.45345663458,316.097998192219,3411.55460573511,17.1252987281805,17.1252987281805,860.615200032795,1216.29171323637,1076.94119996566,325.54815271124,3562.61382079537,1076.94119996566,325.54815271124,3562.61382079537,17.1353515185205,17.1353515185205,892.403539703768,1261.47886022754,1076.94119996566,325.54815271124,3562.61382079537,1076.94119996566,325.54815271124,3562.61382079537,17.1353515185205,17.1353515185205,892.403539703768,1261.47886022754
"HER42PB",195.5,2118,-6.485692529,777.572869400815,221.972772795032,2723.84563032204,777.572869400815,221.972772795032,2723.84563032204,18.833972786975,18.833972786975,631.125006778965,924.020732022665,802.47849299723,228.554378487121,2817.58650167094,802.47849299723,228.554378487121,2817.58650167094,18.779699195892,18.779699195892,651.775445900623,953.181540093837,668.740637628025,185.981238123488,2404.61911603253,668.740637628025,185.981238123488,2404.61911603253,19.6721374271348,19.6721374271348,537.185060362743,800.296214893307,798.402551160836,227.5313118632,2801.5776311411,798.402551160836,227.5313118632,2801.5776311411,18.7849434317887,18.7849434317887,648.423083567315,948.382018754357,947.371923121477,297.214956299905,3019.74561405735,947.371923121477,297.214956299905,3019.74561405735,16.9140393277685,16.9140393277685,787.133063464473,1107.61078277848,892.444539183465,271.653900837982,2931.88227027671,892.444539183465,271.653900837982,2931.88227027671,17.5072383832972,17.5072383832972,736.202146269898,1048.68693209703,1105.73017704695,334.250761830068,3657.85022519671,1105.73017704695,334.250761830068,3657.85022519671,17.0708491292221,17.0708491292221,916.972646746987,1294.48770734692,1105.73017704695,334.250761830068,3657.85022519671,1105.73017704695,334.250761830068,3657.85022519671,17.0708491292221,17.0708491292221,916.972646746987,1294.48770734692
"HER42PB",203,2225,-6.221164986,937.235028388349,267.551333384748,3283.14378898993,937.235028388349,267.551333384748,3283.14378898993,18.3199577571235,18.3199577571235,765.533967102639,1108.93608967406,960.817277628035,273.650942229952,3373.53064990655,960.817277628035,273.650942229952,3373.53064990655,18.2872793622558,18.2872793622558,785.109937907376,1136.52461734869,813.619437562262,226.273000091455,2925.5659708033,813.619437562262,226.273000091455,2925.5659708033,19.0964991015954,19.0964991015954,658.246608977779,968.992266146745,956.808424595878,272.674324165838,3357.42048386213,956.808424595878,272.674324165838,3357.42048386213,18.2895925426083,18.2895925426083,781.812062323942,1131.80478686781,1112.53039732926,349.029420604997,3546.18783378249,1112.53039732926,349.029420604997,3546.18783378249,16.5265366266882,16.5265366266882,928.667653731596,1296.39314092691,1428.5582314556,434.843174125068,4693.13707123428,1428.5582314556,434.843174125068,4693.13707123428,16.3734389917201,16.3734389917201,1194.65412096702,1662.46234194417,1291.82373726425,390.504914575019,4273.46367708461,1291.82373726425,390.504914575019,4273.46367708461,16.7001868095984,16.7001868095984,1076.08675989038,1507.56071463812,1291.82373726425,390.504914575019,4273.46367708461,1291.82373726425,390.504914575019,4273.46367708461,16.7001868095984,16.7001868095984,1076.08675989038,1507.56071463812
"HER42PB",208.7,2306,-6.004685821,1092.00266421271,311.732660453604,3825.29638348608,1092.00266421271,311.732660453604,3825.29638348608,17.9197269873524,17.9197269873524,896.318768091181,1287.68656033425,1113.37825098336,317.101924095376,3909.18829426565,1113.37825098336,317.101924095376,3909.18829426565,17.9031118490687,17.9031118490687,914.048897406602,1312.70760456011,955.247544285157,265.660722564604,3434.82416991815,955.247544285157,265.660722564604,3434.82416991815,18.6498979714166,18.6498979714166,777.094851901513,1133.4002366688,1109.55982402025,316.205906385149,3893.42190711735,1109.55982402025,316.205906385149,3893.42190711735,17.9032433785792,17.9032433785792,910.912628294966,1308.20701974552,1384.19394633019,434.257268163063,4412.11471062284,1384.19394633019,434.257268163063,4412.11471062284,16.0273251984658,16.0273251984658,1162.34468117437,1606.043211486,901.35731336715,274.366887211904,2961.16275041952,901.35731336715,274.366887211904,2961.16275041952,17.4816683310137,17.4816683310137,743.785017366969,1058.92960936733,1566.06844538967,473.406244864836,5180.68868387122,1566.06844538967,473.406244864836,5180.68868387122,16.2631466760996,16.2631466760996,1311.37643706784,1820.76045371151,1566.06844538967,473.406244864836,5180.68868387122,1566.06844538967,473.406244864836,5180.68868387122,16.2631466760996,16.2631466760996,1311.37643706784,1820.76045371151
"HER42PB",211.5,2349,-6.450375479,797.204502501427,227.57699100444,2792.6154397399,797.204502501427,227.57699100444,2792.6154397399,18.7636844943503,18.7636844943503,647.619564877304,946.78944012555,822.005768997311,234.115953618033,2886.14882421585,822.005768997311,234.115953618033,2886.14882421585,18.7124278527796,18.7124278527796,668.188532528003,975.823005466618,686.480017571592,190.914678174551,2468.40535799049,686.480017571592,190.914678174551,2468.40535799049,19.593284700451,19.593284700451,551.976033317084,820.9840018261,817.93012872894,233.09634335655,2870.09948697139,817.93012872894,233.09634335655,2870.09948697139,18.7172627421325,18.7172627421325,664.835997487682,971.024259970198,822.801905482395,258.134135510021,2622.67899721142,822.801905482395,258.134135510021,2622.67899721142,17.2692574754034,17.2692574754034,680.710125912114,964.893685052675,989.400609131341,301.166653121008,3250.40490109024,989.400609131341,301.166653121008,3250.40490109024,17.2454460032458,17.2454460032458,818.774061327811,1160.02715693487,953.305943246943,288.174497180149,3153.61779172924,953.305943246943,288.174497180149,3153.61779172924,17.4399544614138,17.4399544614138,787.049820866725,1119.56206562716,953.305943246943,288.174497180149,3153.61779172924,953.305943246943,288.174497180149,3153.61779172924,17.4399544614138,17.4399544614138,787.049820866725,1119.56206562716
"HER42PB",219.9,2479,-5.705493911,1348.83750651579,385.050987699667,4724.99143516758,1348.83750651579,385.050987699667,4724.99143516758,17.3945180020052,17.3945180020052,1114.21372362711,1583.46128940448,1364.89308665407,388.736014539726,4792.28337050743,1364.89308665407,388.736014539726,4792.28337050743,17.3979807298479,17.3979807298479,1127.42925045497,1602.35692285317,1192.44837694678,331.627858491625,4287.73727922172,1192.44837694678,331.627858491625,4287.73727922172,18.0659676445637,18.0659676445637,977.021038989448,1407.87571490411,1361.61443183324,388.03723444575,4777.87618403345,1361.61443183324,388.03723444575,4777.87618403345,17.3953837364901,17.3953837364901,1124.75637640442,1598.47248726206,1471.99343960592,461.802229038746,4691.97537385876,1471.99343960592,461.802229038746,4691.97537385876,15.8921972287933,15.8921972287933,1238.06133898885,1705.925540223,961.623031069493,292.71135186135,3159.14927112664,961.623031069493,292.71135186135,3159.14927112664,17.3169443449847,17.3169443449847,795.099305970634,1128.14675616835,1662.47340655918,502.548464534705,5499.60456067738,1662.47340655918,502.548464534705,5499.60456067738,16.1321430472079,16.1321430472079,1394.28081849126,1930.66599462709,1662.47340655918,502.548464534705,5499.60456067738,1662.47340655918,502.548464534705,5499.60456067738,16.1321430472079,16.1321430472079,1394.28081849126,1930.66599462709
"HER42PB",224,2554,-6.141693885,991.323343436908,282.9918583048,3472.61570396303,991.323343436908,282.9918583048,3472.61570396303,18.1709700884005,18.1709700884005,811.190275221655,1171.45641165216,1014.22984303055,288.863406857358,3561.06779216148,1014.22984303055,288.863406857358,3561.06779216148,18.1443483033381,18.1443483033381,830.204447714687,1198.25523834641,862.991907747195,240.003813829316,3103.0966589839,862.991907747195,240.003813829316,3103.0966589839,18.9300854092699,18.93008540927,699.626802535563,1026.35701295883,1010.27461863668,287.911291097805,3545.03222561968,1010.27461863668,287.911291097805,3545.03222561968,18.1458390380287,18.1458390380287,826.951812496808,1193.59742477655,1329.19409278712,417.002398487971,4236.80281625803,1329.19409278712,417.002398487971,4236.80281625803,16.1176757213788,16.1176757213788,1114.95889920397,1543.42928637028,828.735292705905,252.261250017448,2722.58297827684,828.735292705905,252.261250017448,2722.58297827684,17.7001949039419,17.7001949039419,682.047530659206,975.423054752604,1464.30034687723,442.642804412639,4844.03108892727,1464.30034687723,442.642804412639,4844.03108892727,16.4130593087843,16.4130593087843,1223.96386248554,1704.63683126893,1464.30034687723,442.642804412639,4844.03108892727,1464.30034687723,442.642804412639,4844.03108892727,16.4130593087843,16.4130593087843,1223.96386248554,1704.63683126893
"HER42PB",230.9,2679,-5.801755288,1260.21517905135,359.752080635187,4414.54652522749,1260.21517905135,359.752080635187,4414.54652522749,17.5601064850053,17.5601064850053,1038.92005166973,1481.51030643297,1278.31833556107,364.078608015555,4488.31030182857,1278.31833556107,364.078608015555,4488.31030182857,17.557361927174,17.557361927174,1053.87935880519,1502.75731231695,1110.32115786302,308.787730302297,3992.42894914047,1110.32115786302,308.787730302297,3992.42894914047,18.2498098145451,18.2498098145451,907.68965822236,1312.95265750367,1274.82492255234,363.303682587812,4473.33363533347,1274.82492255234,363.303682587812,4473.33363533347,17.5556086706681,17.5556086706681,1051.0216479129,1498.62819719177,1565.61364832977,491.173298167506,4990.38955289574,1565.61364832977,491.173298167506,4990.38955289574,15.7589844643911,15.7589844643911,1318.8888367171,1812.33845994245,873.482169320848,265.881887546237,2869.58659411794,873.482169320848,265.881887546237,2869.58659411794,17.5627566687823,17.5627566687823,720.074621377827,1026.88971726387,1702.87426430386,514.761224718037,5633.25406185513,1702.87426430386,514.761224718037,5633.25406185513,16.0800803834083,16.0800803834083,1429.05071377542,1976.69781483229,1702.87426430386,514.761224718037,5633.25406185513,1702.87426430386,514.761224718037,5633.25406185513,16.0800803834083,16.0800803834083,1429.05071377542,1976.69781483229
"HER42PB",236.4,2776,-5.855095142,1213.64046479789,346.456454113467,4251.39482987509,1213.64046479789,346.456454113467,4251.39482987509,17.6532261847296,17.6532261847296,999.393768477719,1427.88716111807,1232.73328887672,351.095503665514,4328.25640214569,1232.73328887672,351.095503665514,4328.25640214569,17.6469411789105,17.6469411789105,1015.1935704958,1450.27300725765,1067.27431973518,296.816117091065,3837.64360483405,1067.27431973518,296.816117091065,3837.64360483405,18.3532996790138,18.3532996790138,871.39426543703,1263.15437403334,1229.13862600562,350.283855719357,4313.02138899999,1229.13862600562,350.283855719357,4313.02138899999,17.6456690914304,17.6456690914304,1012.24889138571,1446.02836062552,1438.9816743297,451.445588595332,4586.75045535293,1438.9816743297,451.445588595332,4586.75045535293,15.9417681970689,15.9417681970689,1209.58255140976,1668.38079724964,1307.56090851547,398.012431905823,4295.63348383636,1307.56090851547,398.012431905823,4295.63348383636,16.5753762650859,16.5753762650859,1090.82776803385,1524.29404899708,1534.45571071782,463.850043119652,5076.11104726611,1534.45571071782,463.850043119652,5076.11104726611,16.3083553047129,16.3083553047129,1284.2112214205,1784.70020001514,1534.45571071782,463.850043119652,5076.11104726611,1534.45571071782,463.850043119652,5076.11104726611,16.3083553047129,16.3083553047129,1284.2112214205,1784.70020001514
"HER42PB",239,2822,-5.823672626,1240.86512784522,354.228245263642,4346.76310003553,1240.86512784522,354.228245263642,4346.76310003553,17.5982501967349,17.5982501967349,1022.49457804298,1459.23567764746,1259.38689862079,358.686734162845,4421.84003297321,1259.38689862079,358.686734162845,4421.84003297321,17.594059727799,17.594059727799,1037.80961547337,1480.9641817682,1092.42697372998,303.811238172141,3928.08607118299,1092.42697372998,303.811238172141,3928.08607118299,18.2921922003719,18.2921922003719,892.598132046587,1292.25581541338,1255.85041869031,357.896267807631,4406.75250341627,1255.85041869031,357.896267807631,4406.75250341627,17.5925029861418,17.5925029861418,1034.91489628074,1476.78594109987,1523.228360461,477.875942425563,4855.28655478222,1523.228360461,477.875942425563,4855.28655478222,15.8180024879085,15.8180024879084,1282.28406050676,1764.17266041525,1856.65151631199,565.151787879584,6099.52038895097,1856.65151631199,565.151787879584,6099.52038895097,15.8032394258308,15.8032394258308,1563.24043188589,2150.06260073809,1676.07550637812,506.660238203676,5544.60147305136,1676.07550637812,506.660238203676,5544.60147305136,16.1144369677011,16.1144369677011,1405.98537537174,1946.16563738449,1676.07550637812,506.660238203676,5544.60147305136,1676.07550637812,506.660238203676,5544.60147305136,16.1144369677011,16.1144369677011,1405.98537537174,1946.16563738449
"HER42PB",241.7,2863,-5.737762463,1318.45617020135,376.37806490578,4618.56530660781,1318.45617020135,376.37806490578,4618.56530660781,17.4496771801773,17.4496771801773,1088.38982473909,1548.52251566362,1335.2373029166,380.289733075722,4688.1587906161,1335.2373029166,380.289733075722,4688.1587906161,17.4510847817368,17.4510847817368,1102.22390914725,1568.25069668595,1164.26235039043,323.789136240016,4186.38758630821,1164.26235039043,323.789136240016,4186.38758630821,18.127180757784,18.127180757784,953.214409640336,1375.31029114053,1331.88185520632,379.563949690885,4673.54520278463,1331.88185520632,379.563949690885,4673.54520278463,17.4487671530341,17.4487671530341,1099.48489153786,1564.27881887478,1331.97238766289,417.87402109989,4245.65862416293,1331.97238766289,417.87402109989,4245.65862416293,16.1129979035256,16.1129979035256,1117.35170476323,1546.59307056256,1487.52772942226,452.793078516615,4886.86521677682,1487.52772942226,452.793078516615,4886.86521677682,16.2827731532728,16.2827731532728,1245.3169636484,1729.73849519611,1622.85569307178,490.57244073612,5368.5457678454,1622.85569307178,490.57244073612,5368.5457678454,16.1847805224977,16.1847805224977,1360.20006095125,1885.51132519231,1622.85569307178,490.57244073612,5368.5457678454,1622.85569307178,490.57244073612,5368.5457678454,16.1847805224977,16.1847805224977,1360.20006095125,1885.51132519231
"HER42PB",242,2868,-5.9140434,1164.16833915121,332.333707117008,4078.09347309125,1164.16833915121,332.333707117008,4078.09347309125,17.7572925351155,17.7572925351155,957.443561566937,1370.89311673549,1184.24376910109,337.285174601034,4158.00459155566,1184.24376910109,337.285174601034,4158.00459155566,17.7470085476362,17.7470085476362,974.075926173869,1394.41161202831,1021.64002796481,284.124915739155,3673.55444356092,1021.64002796481,284.124915739155,3673.55444356092,18.4690448991799,18.4690448991799,832.952872491999,1210.32718343763,1180.55079542292,336.437140403887,4142.5277212277,1180.55079542292,336.437140403887,4142.5277212277,17.7462798815901,17.7462798815901,971.046947122827,1390.054643723,1273.37712803568,399.491179995519,4058.88638197865,1273.37712803568,399.491179995519,4058.88638197865,16.2143901606376,16.2143901606376,1066.90679227965,1479.8474637917,1457.21547769877,443.566240251235,4787.28261024133,1457.21547769877,443.566240251235,4787.28261024133,16.3287943265848,16.3287943265848,1219.26975945018,1695.16119594737,1495.22398424768,451.990699192208,4946.32913257974,1495.22398424768,451.990699192208,4946.32913257974,16.3661364178639,16.3661364178639,1250.51358723308,1739.93438126227,1495.22398424768,451.990699192208,4946.32913257974,1495.22398424768,451.990699192208,4946.32913257974,16.3661364178639,16.3661364178639,1250.51358723308,1739.93438126227
"HER42PB",255.6,3036,-7.429701763,399.297145827449,113.98686620427,1398.74194260439,399.297145827449,113.98686620427,1398.74194260439,20.9296192685322,20.9296192685322,315.725773455649,482.86851819925,422.024499731961,120.197049621004,1481.77246392983,422.024499731961,120.197049621004,1481.77246392983,20.7761410557981,20.7761410557981,334.344094377623,509.704905086299,332.152603212363,92.3738575398729,1194.3352238281,332.152603212363,92.3738575398729,1194.3352238281,22.0434013680785,22.0434013680785,258.93487173174,405.370334692985,418.518015365669,119.270602199454,1468.57084608918,418.518015365669,119.270602199454,1468.57084608918,20.7948202013793,20.7948202013793,331.487946559997,505.548084171342,470.518114358834,147.613642946797,1499.77530206733,470.518114358834,147.613642946797,1499.77530206733,18.8376227301307,18.8376227301307,381.883687098992,559.152541618676,1046.97900965784,318.693117142342,3439.56297673826,1046.97900965784,318.693117142342,3439.56297673826,17.1051622605438,17.1051622605438,867.891551222031,1226.06646809365,641.106766145328,193.799924653216,2120.83614755161,641.106766145328,193.799924653216,2120.83614755161,18.5104968706297,18.5104968706297,522.434718260602,759.778814030054,641.106766145328,193.799924653216,2120.83614755161,641.106766145328,193.799924653216,2120.83614755161,18.5104968706297,18.5104968706297,522.434718260602,759.778814030054
"HER42PB",262.4,3102,-6.988914262,545.063498032364,155.598607884604,1909.36294949124,545.063498032364,155.598607884604,1909.36294949124,19.8959224216633,19.8959224216633,436.618087315041,653.508908749688,569.713108208879,162.26033033772,2000.32272206936,569.713108208879,162.26033033772,2000.32272206936,19.7936104595011,19.7936104595011,456.946314833298,682.47990158446,460.518901671059,128.07338255357,1655.90737566107,460.518901671059,128.07338255357,1655.90737566107,20.8688298274735,20.8688298274735,364.413995757976,556.623807584142,565.837885574803,161.254289856094,1985.51314844084,565.837885574803,161.254289856094,1985.51314844084,19.8053665570753,19.8053665570753,453.771618217909,677.904152931697,636.414708214491,199.659674383587,2028.57027630729,636.414708214491,199.659674383587,2028.57027630729,17.9563658621049,17.9563658621049,522.13775480725,750.691661621733,683.860347768578,208.162325997003,2246.63599914278,683.860347768578,208.162325997003,2246.63599914278,18.2212072917488,18.2212072917488,559.252736215591,808.467959321564,805.457238510666,243.481367500293,2664.52160068654,805.457238510666,243.481367500293,2664.52160068654,17.8791865061391,17.8791865061391,661.448036610147,949.466440411186,805.457238510666,243.481367500293,2664.52160068654,805.457238510666,243.481367500293,2664.52160068654,17.8791865061391,17.8791865061391,661.448036610147,949.466440411186
"HER42PB",267.8,3159,-6.758145797,641.510192944351,183.131127522316,2247.21669778039,641.510192944351,183.131127522316,2247.21669778039,19.3944393434306,19.3944393434306,517.092887691834,765.927498196868,666.626791751578,189.862374382875,2340.59687142037,666.626791751578,189.862374382875,2340.59687142037,19.3153860055667,19.3153860055667,537.865253708236,795.38832979492,546.439969612728,151.96860545099,1964.85740922758,546.439969612728,151.96860545099,1964.85740922758,20.3024643006659,20.3024643006659,435.499189857534,657.380749367922,662.618795553329,188.835223031609,2325.11531043681,662.618795553329,188.835223031609,2325.11531043681,19.3239907131839,19.3239907131839,534.574401036793,790.663190069865,831.768761374439,260.947268997575,2651.26082773757,831.768761374439,260.947268997575,2651.26082773757,17.2414178200824,17.2414178200824,688.360033928948,975.17748881993,918.997907409604,279.736561151662,3019.11609389288,918.997907409604,279.736561151662,3019.11609389288,17.4320102318341,17.4320102318341,758.798098159621,1079.19771665959,1120.34511841274,338.668706991573,3706.19770424339,1120.34511841274,338.668706991573,3706.19770424339,17.038924536648,17.038924536648,929.45035913637,1311.2398776891,1120.34511841274,338.668706991573,3706.19770424339,1120.34511841274,338.668706991573,3706.19770424339,17.038924536648,17.038924536648,929.45035913637,1311.2398776891
"HER42PB",284.3,3318,-6.386795362,833.804418466562,238.025124099807,2920.82531574626,833.804418466562,238.025124099807,2920.82531574626,18.638460373131,18.638460373131,678.396112341257,989.212724591868,858.365565980559,244.471609095336,3013.81190064406,858.365565980559,244.471609095336,3013.81190064406,18.5925285036442,18.5925285036442,698.773703460157,1017.95742850096,719.61012999341,200.128383728972,2587.53271045464,719.61012999341,200.128383728972,2587.53271045464,19.452910704886,19.452910704886,579.625013982478,859.595246004342,854.296700119752,243.460205150939,2997.70901524965,854.296700119752,243.460205150939,2997.70901524965,18.5966408076501,18.5966408076501,695.426211366874,1013.16718887263,974.807311019069,305.822143631557,3107.19584374195,974.807311019069,305.822143631557,3107.19584374195,16.8438785737991,16.8438785737991,810.611951222501,1139.00267081564,1203.37993143784,366.300468222181,3953.37539811434,1203.37993143784,366.300468222181,3953.37539811434,16.7694074522875,16.7694074522875,1001.58024753597,1405.17961533971,1202.78004213392,363.587929264043,3978.89949945253,1202.78004213392,363.587929264043,3978.89949945253,16.8683553706982,16.8683553706982,999.89083029894,1405.66925396891,1202.78004213392,363.587929264043,3978.89949945253,1202.78004213392,363.587929264043,3978.89949945253,16.8683553706982,16.8683553706982,999.89083029894,1405.66925396891
"HER42PB",285.6,3332,-6.308224054,881.363631530653,251.601794288829,3087.42572039515,881.363631530653,251.601794288829,3087.42572039515,18.4860005217576,18.4860005217576,718.434746007315,1044.29251705399,905.52791956225,257.903947164103,3179.40389095708,905.52791956225,257.903947164103,3179.40389095708,18.4464647379924,18.4464647379924,738.490031187524,1072.56580793698,762.768924521299,212.131132762864,2742.72062114417,762.768924521299,212.131132762864,2742.72062114417,19.2821930253497,19.2821930253497,615.690348157718,909.84750088488,901.479409141683,256.906484431247,3163.27214124454,901.479409141683,256.906484431247,3163.27214124454,18.4497088953747,18.4497088953747,735.159082403298,1067.79973588007,1078.03753943142,338.208123284949,3436.24193628313,1078.03753943142,338.208123284949,3436.24193628313,16.601075791724,16.601075791724,899.071710447176,1257.00336841567,1259.83580037847,383.485241448484,4138.84570347532,1259.83580037847,383.485241448484,4138.84570347532,16.6617090996923,16.6617090996923,1049.92562418563,1469.74597657131,1230.46993590545,371.958296900065,4070.50004203549,1230.46993590545,371.958296900065,4070.50004203549,16.8143953758967,16.8143953758967,1023.57385590077,1437.36601591014,1230.46993590545,371.958296900065,4070.50004203549,1230.46993590545,371.958296900065,4070.50004203549,16.8143953758967,16.8143953758967,1023.57385590077,1437.36601591014
"HER42PB",290.9,3386,-6.80591347,620.236617639559,177.058186086863,2172.69514820532,620.236617639559,177.058186086863,2172.69514820532,19.4961575875363,19.4961575875363,499.314309248946,741.158926030173,645.297944031802,183.78769253535,2265.70904083568,645.297944031802,183.78769253535,2265.70904083568,19.4124694485916,19.4124694485916,520.029677794239,770.566210269366,527.428804613189,146.681473481075,1896.49815572373,527.428804613189,146.681473481075,1896.49815572373,20.4171612046453,20.4171612046453,419.74281533558,635.114793890797,641.312667972678,182.763334668901,2250.35256030606,641.312667972678,182.763334668901,2250.35256030606,19.421702358529,19.421702358529,516.758830411483,765.866505533873,697.909675615644,218.952228451029,2224.58532970297,697.909675615644,218.952228451029,2224.58532970297,17.7034245656862,17.7034245656862,574.355762656404,821.463588574885,666.297089573317,202.816192550399,2188.93672142845,666.297089573317,202.816192550399,2188.93672142845,18.2941233205384,18.2941233205384,544.403878325616,788.190300821018,919.073027937931,277.826242009741,3040.37237293581,919.073027937931,277.826242009741,3040.37237293581,17.5334251044084,17.5334251044084,757.928046929616,1080.21800894625,919.073027937931,277.826242009741,3040.37237293581,919.073027937931,277.826242009741,3040.37237293581,17.5334251044084,17.5334251044084,757.928046929616,1080.21800894625
"HER42PB",297.6,3451,-6.25756856,913.454093000565,260.76261894342,3199.83893167038,913.454093000565,260.76261894342,3199.83893167038,18.3890239765235,18.3890239765235,745.478800824155,1081.42938517697,937.298906200002,266.952660828431,3290.9551709932,937.298906200002,266.952660828431,3290.9551709932,18.3535069736832,18.3535069736832,765.271686086328,1109.32612631368,791.956500990769,220.248392735086,2847.67162962198,791.956500990769,220.248392735086,2847.67162962198,19.1737097903647,19.1737097903647,640.109059824872,943.803942156666,933.271159860274,265.966599202814,3274.82872074008,933.271159860274,265.966599202814,3274.82872074008,18.3562055579572,18.3562055579572,761.957987343191,1104.58433237736,1025.59338228277,321.755041348802,3269.07631772566,1025.59338228277,321.755041348802,3269.07631772566,16.7204913523866,16.7204913523866,854.109129487529,1197.07763507801,1228.39040862214,373.913483250713,4035.5404755038,1228.39040862214,373.913483250713,4035.5404755038,16.7209141728855,16.7209141728855,1022.99230268847,1433.7885145558,1207.33080059123,364.963576336751,3993.95379858754,1207.33080059123,364.963576336751,3993.95379858754,16.859378475004,16.859378475004,1003.78233147426,1410.8792697082,1207.33080059123,364.963576336751,3993.95379858754,1207.33080059123,364.963576336751,3993.95379858754,16.859378475004,16.859378475004,1003.78233147426,1410.8792697082
"HER42PB",302.9,3505,-7.06540443,516.409554148976,147.418801688163,1808.98789409816,516.409554148976,147.418801688163,1808.98789409816,20.0679153007282,20.0679153007282,412.776922217491,620.04218608046,540.806548583934,154.027435840319,1898.82874694139,540.806548583934,154.027435840319,1898.82874694139,19.9573906227114,19.9573906227114,432.875673169835,648.737423998034,435.13273044681,121.013318771224,1564.62524149135,435.13273044681,121.013318771224,1564.62524149135,21.0635942780215,21.0635942780215,343.478137534617,526.787323359003,536.986466311749,153.032120144219,1884.27412970709,536.986466311749,153.032120144219,1884.27412970709,19.9702588359747,19.9702588359747,429.748879075139,644.224053548359,501.885936654638,157.454536164482,1599.76015647191,501.885936654638,157.454536164482,1599.76015647191,18.6421133283261,18.6421133283261,408.32379156455,595.448081744727,788.640744446315,240.056748831279,2590.86331389904,788.640744446315,240.056748831279,2590.86331389904,17.8317856278101,17.8317856278101,648.012017523082,929.269471369548,664.29559096139,200.809665837465,2197.54676813177,664.29559096139,200.809665837465,2197.54676813177,18.4092923765537,18.4092923765537,542.003473376753,786.587708546028,664.29559096139,200.809665837465,2197.54676813177,664.29559096139,200.809665837465,2197.54676813177,18.4092923765537,18.4092923765537,542.003473376753,786.587708546028
"HER42PB",309.9,3576,-6.143525744,990.04209924935,282.626103098914,3468.12749260819,990.04209924935,282.626103098914,3468.12749260819,18.1743770575687,18.1743770575687,810.108115103104,1169.9760833956,1012.96583360377,288.50340357819,3556.62972194531,1012.96583360377,288.50340357819,3556.62972194531,18.1476177928505,18.1476177928505,829.136665749193,1196.79500145834,861.820784171054,239.678116540366,3098.88560019672,861.820784171054,239.678116540366,3098.88560019672,18.9338886860519,18.9338886860519,698.644596222847,1024.99697211926,1009.00917247248,287.55066020376,3540.59180184864,1009.00917247248,287.55066020376,3540.59180184864,18.1491271982263,18.1491271982263,825.882814318679,1192.13553062628,1131.27929581938,354.911432631545,3605.94990040298,1131.27929581938,354.911432631545,3605.94990040298,16.4872551192311,16.4872551192311,944.7623922066,1317.79619943216,1312.78568843718,399.602818517469,4312.79806824022,1312.78568843718,399.602818517469,4312.79806824022,16.5661699797338,16.5661699797338,1095.30737982106,1530.2639970533,1328.87146811886,401.704059284355,4396.02074703044,1328.87146811886,401.704059284355,4396.02074703044,16.6345313985856,16.6345313985856,1107.81992650778,1549.92300972994,1328.87146811886,401.704059284355,4396.02074703044,1328.87146811886,401.704059284355,4396.02074703044,16.6345313985856,16.6345313985856,1107.81992650778,1549.92300972994
"HER42PB",314.2,3613,-5.420052375,1649.98324786324,471.018692917853,5779.90801461488,1649.98324786324,471.018692917853,5779.90801461488,16.9213630120504,16.9213630120504,1370.78359285428,1929.1829028722,1657.63628671126,472.112380048918,5820.13557606173,1657.63628671126,472.112380048918,5820.13557606173,16.9419375147674,16.9419375147674,1376.80058279453,1938.47199062799,1473.45326331291,409.777194339512,5298.1584850441,1473.45326331291,409.777194339512,5298.1584850441,17.5419689179228,17.5419689179228,1214.98054984244,1731.92597678337,1655.28093074513,471.727252282675,5808.34570491722,1655.28093074513,471.727252282675,5808.34570491722,16.9370137731648,16.9370137731648,1374.92577152026,1935.63608997001,1792.34237517572,562.303935456628,5713.08679751956,1792.34237517572,562.303935456628,5713.08679751956,15.4744760613605,15.4744760613605,1514.98678339154,2069.69796695991,1668.77569393135,507.963696315326,5482.30579637198,1668.77569393135,507.963696315326,5482.30579637198,16.0304622919064,16.0304622919064,1401.26323557918,1936.28815228351,1917.47329391783,579.632285149823,6343.16605041717,1917.47329391783,579.632285149823,6343.16605041717,15.8275844655947,15.8275844655947,1613.98358871776,2220.96299911789,1917.47329391783,579.632285149823,6343.16605041717,1917.47329391783,579.632285149823,6343.16605041717,15.8275844655947,15.8275844655947,1613.98358871776,2220.96299911789
"HER42PB",321.6,3680,-6.607614351,713.441490351016,203.665266719335,2499.19276051972,713.441490351016,203.665266719335,2499.19276051972,19.0807225318254,19.0807225318254,577.311699150219,849.571281551813,738.562565865764,210.350445137582,2593.17095022759,738.562565865764,210.350445137582,2593.17095022759,19.0156976990102,19.0156976990102,598.119741022678,879.00539070885,610.949712267172,169.909195770812,2196.81783099501,610.949712267172,169.909195770812,2196.81783099501,19.949299720187,19.949299720187,489.069523027374,732.829901506971,734.502771356662,209.320948299764,2577.35465806326,734.502771356662,209.320948299764,2577.35465806326,19.0224003240976,19.0224003240976,594.782713797606,874.222828915717,866.213580390714,271.753495284025,2761.0536014232,866.213580390714,271.753495284025,2761.0536014232,17.1379890761996,17.1379890761996,717.761991606795,1014.66516917463,940.746239321102,286.356601883697,3090.56428584188,940.746239321102,286.356601883697,3090.56428584188,17.3724590472845,17.3724590472845,777.315484156175,1104.17699448603,1016.97630244042,307.421386256876,3364.24479870503,1016.97630244042,307.421386256876,3364.24479870503,17.2771218325031,17.2771218325031,841.272067660102,1192.68053722074,1016.97630244042,307.421386256876,3364.24479870503,1016.97630244042,307.421386256876,3364.24479870503,17.2771218325031,17.2771218325031,841.272067660102,1192.68053722074
"HER42PB",332.7,3789,-6.934071367,566.581784818962,161.74140680646,1984.74172586349,566.581784818962,161.74140680646,1984.74172586349,19.774408380846,19.774408380846,454.543588877374,678.61998076055,591.385237924161,168.432782535247,2076.4158518929,591.385237924161,168.432782535247,2076.4158518929,19.6778262273366,19.6778262273366,475.013478471323,707.756997376998,479.627321427646,133.387561721025,1724.61633222581,479.627321427646,133.387561721025,1724.61633222581,20.7313875520135,20.7313875520135,380.193922617139,579.060720238152,587.473555502201,167.420092250466,2061.43225568219,587.473555502201,167.420092250466,2061.43225568219,19.6888062270891,19.6888062270891,471.807025523982,703.14008548042,534.944340754956,167.825808407432,1705.13373611184,534.944340754956,167.825808407432,1705.13373611184,18.4528190859314,18.4528190859314,436.232029345016,633.656652164897,1141.21926804784,347.379195305861,3749.16355199948,1141.21926804784,347.379195305861,3749.16355199948,16.8957451526109,16.895745152611,948.401768885983,1334.03676720969,678.547177357269,205.117772560962,2244.69223778586,678.547177357269,205.117772560962,2244.69223778586,18.3493578732713,18.3493578732713,554.038127445003,803.056227269535,678.547177357269,205.117772560962,2244.69223778586,678.547177357269,205.117772560962,2244.69223778586,18.3493578732713,18.3493578732713,554.038127445003,803.056227269535
"HER42PB",335.6,3819,-6.861526537,596.356214416899,170.241076684779,2089.04185405361,596.356214416899,170.241076684779,2089.04185405361,19.615934576408,19.615934576408,479.375369554537,713.337059279261,621.324262546271,176.959734004637,2181.53492035963,621.324262546271,176.959734004637,2181.53492035963,19.5267346963044,19.5267346963044,499.999922195091,742.648602897451,506.12691907485,140.757276828637,1819.90206107826,506.12691907485,140.757276828637,1819.90206107826,20.5523395002684,20.5523395002684,402.105996364338,610.147841785362,617.36878325877,175.939729844322,2166.33397629781,617.36878325877,175.939729844322,2166.33397629781,19.5367145287121,19.5367145287121,496.75520648412,737.982360033419,600.928650862553,188.526784831234,1915.45855805451,600.928650862553,188.526784831234,1915.45855805451,18.1173779609949,18.1173779609949,492.056135909877,709.80116581523,530.013207463284,161.332328208076,1741.21332782859,530.013207463284,161.332328208076,1741.21332782859,18.9614878743453,18.9614878743453,429.514817397705,630.511597528863,723.126337814777,218.59359030925,2392.16392256348,723.126337814777,218.59359030925,2392.16392256348,18.1720124430776,18.1720124430776,591.719729727904,854.53294590165,723.126337814777,218.59359030925,2392.16392256348,723.126337814777,218.59359030925,2392.16392256348,18.1720124430776,18.1720124430776,591.719729727904,854.53294590165
"HER42PB",348.2,4013,-6.75643039,642.28758318819,183.353048161216,2249.93990367152,642.28758318819,183.353048161216,2249.93990367152,19.3908062314215,19.3908062314215,517.742842483688,766.832323892693,667.405717745351,190.084220760003,2343.33176261684,667.405717745351,190.084220760003,2343.33176261684,19.3119176558721,19.3119176558721,538.516875103786,796.294560386915,547.135289425493,152.161978535252,1967.35760021262,547.135289425493,152.161978535252,1967.35760021262,20.2983693320238,20.2983693320238,436.075747632069,658.194831218917,663.396957770985,189.056986188513,2327.84586516664,663.396957770985,189.056986188513,2327.84586516664,19.3205000295722,19.3205000295722,535.225348348661,791.568567193309,717.661158667649,225.148777059751,2287.54313208422,717.661158667649,225.148777059751,2287.54313208422,17.6282930882245,17.6282930882245,591.149746237368,844.17257109793,680.049173046796,207.002230960851,2234.11542771775,680.049173046796,207.002230960851,2234.11542771775,18.2368204148665,18.2368204148665,556.029826625468,804.068519468125,926.162295245089,279.969253973621,3063.82427698461,926.162295245089,279.969253973621,3063.82427698461,17.5137026456717,17.5137026456717,763.956984839536,1088.36760565064,926.162295245089,279.969253973621,3063.82427698461,926.162295245089,279.969253973621,3063.82427698461,17.5137026456717,17.5137026456717,763.956984839536,1088.36760565064
"HER42PB",354.9,4150,-5.202484687,1923.92649636821,549.220935887035,6739.53398635368,1923.92649636821,549.220935887035,6739.53398635368,16.577653686708,16.577653686708,1604.98462461347,2242.86836812295,1922.26383665203,547.481110469825,6749.27077306688,1922.26383665203,547.481110469825,6749.27077306688,16.610076667739,16.610076667739,1602.97433962791,2241.55333367616,1731.33626155882,481.496178660381,6225.43933563124,1731.33626155882,481.496178660381,6225.43933563124,17.1625422517316,17.1625422517317,1434.19494414923,2028.4775789684,1920.97137633744,547.44456499321,6740.64784761086,1920.97137633744,547.44456499321,6740.64784761086,16.6035412242593,16.6035412242593,1602.02210196103,2239.92065071384,1957.35387352791,614.07228965287,6239.06053207594,1957.35387352791,614.07228965287,6239.06053207594,15.2946665084613,15.2946665084613,1657.98312618137,2256.72462087446,2088.677702598,635.778942659222,6861.77891813001,2088.677702598,635.778942659222,6861.77891813001,15.5597980696886,15.5597980696886,1763.68366974714,2413.67173544886,2406.21526860203,727.373913955519,7959.96640485463,2406.21526860203,727.373913955519,7959.96640485463,15.3660266341116,15.3660266341116,2036.47558955458,2775.95494764948,2406.21526860203,727.373913955519,7959.96640485463,2406.21526860203,727.373913955519,7959.96640485463,15.3660266341116,15.3660266341116,2036.47558955458,2775.95494764948
"HER42PB",358.9,4236,-5.384716222,1691.66372212416,482.917166755086,5925.91513774513,1691.66372212416,482.917166755086,5925.91513774513,16.8645734546655,16.8645734546655,1406.3718511006,1976.95559314771,1697.99480280443,483.606913102242,5961.83857640867,1697.99480280443,483.606913102242,5961.83857640867,16.8871394350807,16.8871394350807,1411.25205285442,1984.73755275444,1512.56031006299,420.653125253074,5438.77735414763,1512.56031006299,420.653125253074,5438.77735414763,17.4792074867821,17.4792074867821,1248.17675510436,1776.94386502161,1695.7884701914,483.271220393946,5950.48580234078,1695.7884701914,483.271220393946,5950.48580234078,16.8819448339217,16.8819448339217,1409.50639615368,1982.07054422911,1672.02558634391,524.557462015693,5329.57733676288,1672.02558634391,524.557462015693,5329.57733676288,15.6193579646798,15.6193579646798,1410.86592475182,1933.185247936,1690.41690967762,514.551131632853,5553.40208747795,1690.41690967762,514.551131632853,5553.40208747795,16.0026728121915,16.0026728121915,1419.90502245995,1960.92879689529,2164.31910862215,654.251214190757,7159.75316872889,2164.31910862215,654.251214190757,7159.75316872889,15.5780121538322,15.5780121538322,1827.16121483328,2501.47700241103,2164.31910862215,654.251214190757,7159.75316872889,2164.31910862215,654.251214190757,7159.75316872889,15.5780121538322,15.5780121538322,1827.16121483328,2501.47700241103
"HER42PB",361.9,4297,-4.538675836,3074.11754800952,877.564563891435,10768.6648798517,3074.11754800952,877.564563891435,10768.6648798517,15.610235872278,15.610235872278,2594.24054777414,3553.99454824489,3020.42228752614,860.248274213339,10605.0207462807,3020.42228752614,860.248274213339,10605.0207462807,15.6733692709238,15.6733692709238,2547.02034886089,3493.8242261914,2831.99231124169,787.595977820469,10183.1150447549,2831.99231124169,787.595977820469,10183.1150447549,16.100050899487,16.100050899487,2376.04010766221,3287.94451482116,3025.30015465223,862.159711247337,10615.7141262115,3025.30015465223,862.159711247337,10615.7141262115,15.6626546680515,15.6626546680515,2551.45783875702,3499.14247054744,3119.73680046429,978.7417319294,9944.1531781678,3119.73680046429,978.7417319294,9944.1531781678,14.4084961052343,14.4084961052343,2670.22964507584,3569.24395585275,2623.24389437765,798.497167576497,8617.94982977241,2623.24389437765,798.497167576497,8617.94982977241,15.109378959178,15.109378959178,2226.88803335263,3019.59975540267,3658.72055170126,1105.99326772063,12103.3612646026,3658.72055170126,1105.99326772063,12103.3612646026,14.5812166527073,14.5812166527073,3125.23458134057,4192.20652206194,3658.72055170126,1105.99326772063,12103.3612646026,3658.72055170126,1105.99326772063,12103.3612646026,14.5812166527073,14.5812166527073,3125.23458134057,4192.20652206194
"HER42PB",370.2,4460,-5.149184168,1997.70369722829,570.282022877618,6997.97626757033,1997.70369722829,570.282022877618,6997.97626757033,16.4955693441932,16.4955693441932,1668.17109856048,2327.23629589609,1993.29354658096,567.711124543215,6998.66356509781,1993.29354658096,567.711124543215,6998.66356509781,16.5307493947514,16.5307493947514,1663.78718569391,2322.79990746801,1801.11447795252,500.901966717437,6476.34383220573,1801.11447795252,500.901966717437,6476.34383220573,17.072078840214,17.072078840214,1493.62679427396,2108.60216163109,1992.31903353124,567.777448469184,6991.0052646029,1992.31903353124,567.777448469184,6991.0052646029,16.5238388533645,16.5238388533645,1663.11144698563,2321.52662007686,2108.84497150621,661.598946255793,6721.93802456211,2108.84497150621,661.598946255793,6721.93802456211,15.1457005524415,15.1457005524415,1789.44562700666,2428.24431600576,2314.95758980583,704.656964028963,7605.15955445713,2314.95758980583,704.656964028963,7605.15955445713,15.3532079915341,15.3532079915341,1959.53733612714,2670.37784348452,2485.64191029602,751.383763778666,8222.7165452034,2485.64191029602,751.383763778666,8222.7165452034,15.3021987260501,15.3021987260501,2105.28404556453,2865.9997750275,2485.64191029602,751.383763778666,8222.7165452034,2485.64191029602,751.383763778666,8222.7165452034,15.3021987260501,15.3021987260501,2105.28404556453,2865.9997750275
"HER42PB",377.3,4596,-6.436301843,805.165010016269,229.849467315615,2820.50117812241,805.165010016269,229.849467315615,2820.50117812241,18.7358209937353,18.7358209937353,654.31073503543,956.019284997108,829.919037876298,236.369736449874,2913.93314463328,829.919037876298,236.369736449874,2913.93314463328,18.6857547213524,18.6857547213524,674.842402072925,984.995673679671,693.679486543811,192.916898583998,2494.29279437732,693.679486543811,192.916898583998,2494.29279437732,19.5620382159202,19.5620382159202,557.981640290112,829.377332797511,825.84419128488,235.351718208374,2897.86976475411,825.84419128488,235.351718208374,2897.86976475411,18.6904280864922,18.6904280864922,671.490376606307,980.198005963454,626.312748737816,196.490429685569,1996.3703059698,626.312748737816,196.490429685569,1996.3703059698,18.000980560724,18.000980560724,513.570312588186,739.055184887446,1681.67943018983,511.891503743234,5524.69749008011,1681.67943018983,511.891503743234,5524.69749008011,16.0138379530909,16.0138379530909,1412.37801134876,1950.98084903089,712.565997985836,215.40130913046,2357.22941302101,712.565997985836,215.40130913046,2357.22941302101,18.2127098305363,18.2127098305363,582.78842042161,842.343575550062,712.565997985836,215.40130913046,2357.22941302101,712.565997985836,215.40130913046,2357.22941302101,18.2127098305363,18.2127098305363,582.78842042161,842.343575550062
"HER42PB",380.3,4654,-6.436387122,805.116534855666,229.835629171005,2820.33136914426,805.116534855666,229.835629171005,2820.33136914426,18.7359895830235,18.7359895830235,654.269984753909,955.963084957424,829.870858866387,236.356014557309,2913.76398305552,829.870858866387,236.356014557309,2913.76398305552,18.6859161178276,18.6859161178276,674.801886292319,984.939831440456,693.635634884855,192.904703144738,2494.13511510457,693.635634884855,192.904703144738,2494.13511510457,19.5622272534348,19.5622272534348,557.945055677875,829.326214091835,825.796006283919,235.337986292732,2897.70068460694,825.796006283919,235.337986292732,2897.70068460694,18.6905904589992,18.6905904589992,671.449856722621,980.142155845218,737.592196605737,231.401656657726,2351.0732652117,737.592196605737,231.401656657726,2351.0732652117,17.5551637401148,17.5551637401148,608.10667875729,867.077714454184,1612.76523187912,490.91450184309,5298.29875343442,1612.76523187912,490.91450184309,5298.29875343442,16.1045621821515,16.1045621821515,1353.03645225903,1872.49401149922,825.559372473966,249.558034060654,2731.02118328902,825.559372473966,249.558034060654,2731.02118328902,17.8135615725486,17.8135615725486,678.49784534037,972.620899607561,825.559372473966,249.558034060654,2731.02118328902,825.559372473966,249.558034060654,2731.02118328902,17.8135615725486,17.8135615725486,678.49784534037,972.620899607561
"HER42PB",385.9,4755,-5.87760669,1194.50433282375,340.993686002555,4184.36076591757,1194.50433282375,340.993686002555,4184.36076591757,17.6928234417858,17.6928234417858,983.162790212762,1405.84587543474,1213.9857776542,345.75601380624,4262.43191585546,1213.9857776542,345.75601380624,4262.43191585546,17.6850220884571,17.6850220884571,999.292124725329,1428.67943058308,1049.61144000354,291.903952259914,3774.13243793751,1049.61144000354,291.903952259914,3774.13243793751,18.3973295894092,18.3973295894093,856.510963977944,1242.71191602914,1210.35193701818,344.929965022663,4247.09929549732,1210.35193701818,344.929965022663,4247.09929549732,17.683956065572,17.683956065572,996.313832237089,1424.39004179928,1408.43220804099,441.861434720402,4489.37410865568,1408.43220804099,441.861434720402,4489.37410865568,15.9889510555525,15.9889510555525,1183.23867164668,1633.6257444353,1224.33015215972,372.677569467849,4022.20161419391,1224.33015215972,372.677569467849,4022.20161419391,16.7287002211769,16.7287002211769,1019.51563128744,1429.144673032,1597.24600064103,482.830896385695,5283.82670964332,1597.24600064103,482.830896385695,5283.82670964332,16.2196831164021,16.2196831164021,1338.17776074765,1856.31424053441,1597.24600064103,482.830896385695,5283.82670964332,1597.24600064103,482.830896385695,5283.82670964332,16.2196831164021,16.2196831164021,1338.17776074765,1856.31424053441
"HER42PB",390.3,4833,-5.451714576,1613.50944846472,460.606562163989,5652.13992621765,1613.50944846472,460.606562163989,5652.13992621765,16.9725739425255,16.9725739425255,1339.65536425441,1887.36353267503,1622.28941776441,462.045217210151,5696.02899664551,1622.28941776441,462.045217210151,5696.02899664551,16.9913411315603,16.9913411315603,1346.64068865086,1897.93814687797,1439.27189219224,400.271126719143,5175.25107702341,1439.27189219224,400.271126719143,5175.25107702341,17.5985890378844,17.5985890378844,1185.98034674754,1692.56343763693,1619.80763859958,461.617960063793,5683.87067457892,1619.80763859958,461.617960063793,5683.87067457892,16.9866631892088,16.9866631892088,1344.65637071759,1894.95890648156,1845.83328291827,579.085409995962,5883.58893095336,1845.83328291827,579.085409995962,5883.58893095336,15.4139676030733,15.4139676030733,1561.3171386825,2130.34942715403,1448.86881483938,441.025574220819,4759.86193390909,1448.86881483938,441.025574220819,4759.86193390909,16.341681147566,16.341681147566,1212.09929287181,1685.63833680695,2251.30555085923,680.546313293759,7447.511777412,2251.30555085923,680.546313293759,7447.511777412,15.4984911855906,15.4984911855906,1902.3871584986,2600.22394321986,2251.30555085923,680.546313293759,7447.511777412,2251.30555085923,680.546313293759,7447.511777412,15.4984911855906,15.4984911855906,1902.3871584986,2600.22394321986
"HER42PB",394.6,4910,-5.627772971,1424.91787329235,406.769556637994,4991.50172989699,1424.91787329235,406.769556637994,4991.50172989699,17.2630841174601,17.2630841174601,1178.93310222116,1670.90264436353,1439.0529734739,409.857536161416,5052.66654325585,1439.0529734739,409.857536161416,5052.66654325585,17.2713931293937,17.2713931293937,1190.50847708499,1687.5974698628,1263.16922794512,351.295799528484,4542.03124708329,1263.16922794512,351.295799528484,4542.03124708329,17.9202151525527,17.9202151525527,1036.80658455652,1489.53187133373,1435.98051088525,409.230317434057,5038.82517935526,1435.98051088525,409.230317434057,5038.82517935526,17.2681372856683,17.2681372856683,1188.01342487015,1683.94759690036,1487.28693775938,466.600193042551,4740.72336062654,1487.28693775938,466.600193042551,4740.72336062654,15.8697100167132,15.8697100167132,1251.25881362051,1723.31506189825,1340.4972316928,408.038019242117,4403.83675892175,1340.4972316928,408.038019242117,4403.83675892175,16.5181121061285,16.5181121061285,1119.07239618223,1561.92206720336,1634.74326728911,494.165931101976,5407.87088253481,1634.74326728911,494.165931101976,5407.87088253481,16.1688163215497,16.1688163215497,1370.42463107224,1899.06190350599,1634.74326728911,494.165931101976,5407.87088253481,1634.74326728911,494.165931101976,5407.87088253481,16.1688163215497,16.1688163215497,1370.42463107224,1899.06190350599
"HER42PB",396,4935,-5.250078641,1860.35395345788,531.072960078272,6516.8387252032,1860.35395345788,531.072960078272,6516.8387252032,16.6516432494161,16.6516432494161,1550.57444995167,2170.1334569641,1860.98071665597,530.027028491706,6534.09928474915,1860.98071665597,530.027028491706,6534.09928474915,16.6815570583023,16.6815570583023,1550.540156563,2171.42127674894,1671.31664750706,464.804323096416,6009.62426000241,1671.31664750706,464.804323096416,6009.62426000241,17.2441343874832,17.2441343874832,1383.11255877056,1959.52073624355,1859.4246387682,529.904778929567,6524.6816498664,1859.4246387682,529.904778929567,6524.6816498664,16.6753629661769,16.6753629661769,1549.35883117108,2169.49044636532,1795.41925126272,563.269230679567,5722.89433228171,1795.41925126272,563.269230679567,5722.89433228171,15.4709338285118,15.4709338285118,1517.6511269555,2073.18737556993,2012.99265412939,612.740941137671,6613.13640648087,2012.99265412939,612.740941137671,6613.13640648087,15.6352894916169,15.6352894916169,1698.25542521128,2327.7298830475,2049.82004727556,619.639335743033,6780.98045724335,2049.82004727556,619.639335743033,6780.98045724335,15.6890505678693,15.6890505678693,1728.22274350817,2371.41735104294,2049.82004727556,619.639335743033,6780.98045724335,2049.82004727556,619.639335743033,6780.98045724335,15.6890505678693,15.6890505678693,1728.22274350817,2371.41735104294
"KER1",0.7,-55,-7.181854613,475.651864967599,135.78375417515,1666.21329643985,475.651864967599,135.78375417515,1666.21329643985,20.3355465350314,20.3355465350314,378.925458622369,572.37827131283,499.589748588744,142.288454436662,1754.11222142459,499.589748588744,142.288454436662,1754.11222142459,20.2120034056669,20.2120034056669,398.612651589625,600.566845587864,399.145350041461,111.004987905693,1435.223889174,399.145350041461,111.004987905693,1435.223889174,21.367188523034,21.367188523034,313.859210617178,484.431489465745,495.861892991996,141.31230774676,1739.96887349852,495.861892991996,141.31230774676,1739.96887349852,20.2266337972147,20.2266337972147,395.565723756568,596.158062227424,1110.0337339618,348.246153046033,3538.22972559958,1110.0337339618,348.246153046033,3538.22972559958,16.5318316367072,16.5318316367072,926.524825952581,1293.54264197102,3075.23427005749,936.079889307299,10102.8404987252,3075.23427005749,936.079889307299,10102.8404987252,14.810301859456,14.810301859456,2619.78279177654,3530.68574833844,1399.95540586047,423.191996248751,4631.17250744494,1399.95540586047,423.191996248751,4631.17250744494,16.5148727343511,16.514872734351,1168.75455224495,1631.156259476,1399.95540586047,423.191996248751,4631.17250744494,1399.95540586047,423.191996248751,4631.17250744494,16.5148727343511,16.514872734351,1168.75455224495,1631.156259476
"KER1",3.9,-7,-4.075401236,4263.49919721894,1217.09588368914,14935.0808332282,4263.49919721894,1217.09588368914,14935.0808332282,14.9993515864448,14.9993515864448,3624.00196274282,4902.99643169506,4140.32574636367,1179.20864665172,14537.1197325225,4140.32574636367,1179.20864665172,14537.1197325225,15.0798632004638,15.0798632004638,3515.97028775844,4764.68120496889,3992.46853902562,1110.33216807452,14355.8887091882,3992.46853902562,1110.33216807452,14355.8887091882,15.4332493380913,15.4332493380913,3376.30091465295,4608.6361633983,4153.63439275963,1183.71601018885,14575.0150544666,4153.63439275963,1183.71601018885,14575.0150544666,15.0667832822049,15.0667832822049,3527.81530046741,4779.45348505185,4432.62121953916,1390.62736598584,14128.9689506289,4432.62121953916,1390.62736598584,14128.9689506289,13.8057774465855,13.8057774465855,3820.66339891946,5044.57904015886,7254.84442292537,2208.32410411019,23833.8056913339,7254.84442292537,2208.32410411019,23833.8056913339,13.3803432212875,13.3803432212875,6284.12133896752,8225.56750688322,4023.50270312377,1216.2631278963,13310.0918960231,4023.50270312377,1216.2631278963,13310.0918960231,14.4142522631324,14.4142522631324,3443.54487368156,4603.46053256597,4023.50270312377,1216.2631278963,13310.0918960231,4023.50270312377,1216.2631278963,13310.0918960231,14.4142522631324,14.4142522631324,3443.54487368156,4603.46053256597
"KER1",7.1,45,-3.744401573,5385.85641753099,1537.49382202148,18866.7095339095,5385.85641753099,1537.49382202148,18866.7095339095,14.5913754301563,14.5913754301563,4599.98588751988,6171.7269475421,5186.7385160964,1477.23809206899,18211.1851696696,5186.7385160964,1477.23809206899,18211.1851696696,14.6826209368069,14.6826209368069,4425.18936079461,5948.2876713982,5102.76467347894,1419.11293919943,18348.2276805915,5102.76467347894,1419.11293919943,18348.2276805915,14.9896906491889,14.9896906491889,4337.87603436835,5867.65331258952,5209.34606207868,1484.57609727174,18279.4849279642,5209.34606207868,1484.57609727174,18279.4849279642,14.6680802868325,14.6680802868325,4445.23499927404,5973.45712488333,4253.42704834682,1334.40954227766,13557.7879821875,4253.42704834682,1334.40954227766,13557.7879821875,13.8739614831218,13.8739614831218,3663.3082179465,4843.54587874715,8352.81901921161,2542.53992258006,27440.9007103826,8352.81901921161,2542.53992258006,27440.9007103826,13.1715267153196,13.1715267153196,7252.62523061386,9453.01280780937,3917.33209831513,1184.16885546175,12958.8704328034,3917.33209831513,1184.16885546175,12958.8704328034,14.4608445878705,14.4608445878705,3350.85279158701,4483.81140504324,3917.33209831513,1184.16885546175,12958.8704328034,3917.33209831513,1184.16885546175,12958.8704328034,14.4608445878705,14.4608445878705,3350.85279158701,4483.81140504324
"KER1",9.9,92,-5.179432666,1955.49410111504,558.232501274535,6850.1156252368,1955.49410111504,558.232501274535,6850.1156252368,16.5420528678582,16.5420528678582,1632.01523308074,2278.97296914934,1952.66755965974,556.140412963737,6856.021446505,1952.66755965974,556.140412963737,6856.021446505,16.5756750571167,16.5756750571167,1628.99973002481,2276.33538929467,1761.1767051059,489.795005327658,6332.73788599107,1761.1767051059,489.795005327658,6332.73788599107,17.1233002101584,17.1233002101584,1459.60513065924,2062.74827955255,1951.50958964282,556.147442664668,6847.8057908902,1951.50958964282,556.147442664668,6847.8057908902,16.568976464771,16.568976464771,1628.16442502715,2274.85475425849,1615.25003403669,506.745509934304,5148.60540706867,1615.25003403669,506.745509934304,5148.60540706867,15.6924010494323,15.6924010494323,1361.77852074456,1868.72154732882,2572.58772691018,783.077783077118,8451.53285621579,2572.58772691018,783.077783077118,8451.53285621579,15.1468978868878,15.1468978868878,2182.92049086449,2962.25496295587,1286.71994003223,388.962089617864,4256.5798782682,1286.71994003223,388.962089617864,4256.5798782682,16.7094203189281,16.7094203189281,1071.71649692479,1501.72338313968,1286.71994003223,388.962089617864,4256.5798782682,1286.71994003223,388.962089617864,4256.5798782682,16.7094203189281,16.7094203189281,1071.71649692479,1501.72338313968
"KER1",11.4,120,-4.160219488,4015.68706466789,1146.35325832337,14066.9924251153,4015.68706466789,1146.35325832337,14066.9924251153,15.107593536626,15.107593536626,3409.013385235,4622.36074410078,3908.03143344369,1113.04876476227,13721.5099358615,3908.03143344369,1113.04876476227,13721.5099358615,15.1851399400021,15.1851399400021,3314.591391376,4501.47147551138,3749.165400236,1042.66794005344,13481.0332785397,3749.165400236,1042.66794005344,13481.0332785397,15.5511681800271,15.5511681800271,3166.12638349791,4332.20441697409,3919.44825495698,1116.97689584492,13753.2608601228,3919.44825495698,1116.97689584492,13753.2608601228,15.1724635950981,15.1724635950981,3324.77139534493,4514.12511456904,3321.19112640084,1041.94313912582,10586.2883336781,3321.19112640084,1041.94313912582,10586.2883336781,14.2972971962031,14.2972971962031,2846.35056060539,3796.03169219629,6106.08673511569,1858.65026634248,20059.876724482,6106.08673511569,1858.65026634248,20059.876724482,13.6449454175243,13.6449454175243,5272.91453296247,6939.25893726892,3185.58773579895,962.970125687458,10538.1973456633,3185.58773579895,962.970125687458,10538.1973456633,14.8315341215493,14.8315341215493,2713.11620379204,3658.05926780586,3185.58773579895,962.970125687458,10538.1973456633,3185.58773579895,962.970125687458,10538.1973456633,14.8315341215493,14.8315341215493,2713.11620379204,3658.05926780586
"KER1",12.8,147,-4.756595819,2635.74572691022,752.42309808952,9233.04395434565,2635.74572691022,752.42309808952,9233.04395434565,15.9151344131096,15.9151344131096,2216.26325168466,3055.22820213577,2603.99268508326,741.644710628115,9142.89255595763,2603.99268508326,741.644710628115,9142.89255595763,15.9690100405041,15.9690100405041,2188.16083174832,3019.8245384182,2409.53694578241,670.108318929714,8664.07434303078,2409.53694578241,670.108318929714,8664.07434303078,16.4340477303632,16.4340477303632,2013.55249403179,2805.52139753303,2606.24119494909,742.73494900096,9145.24511790662,2606.24119494909,742.73494900096,9145.24511790662,15.959555453139,15.959555453139,2190.29668619863,3022.18570369954,2345.92276673545,735.976352667172,7477.62289853961,2345.92276673545,735.976352667172,7477.62289853961,14.9377741333325,14.9377741333325,1995.49412249808,2696.35141097282,3333.40231543944,1014.66444388801,10950.9809509038,3333.40231543944,1014.66444388801,10950.9809509038,14.6631209946977,14.6631209946977,2844.6215006865,3822.18313019238,2051.77029726462,620.228876083105,6787.43205141141,2051.77029726462,620.228876083105,6787.43205141141,15.6870942393071,15.6870942393071,1729.90715715861,2373.63343737063,2051.77029726462,620.228876083105,6787.43205141141,2051.77029726462,620.228876083105,6787.43205141141,15.6870942393071,15.6870942393071,1729.90715715861,2373.63343737063
"KER1",15.8,212,-5.573545175,1480.52841228923,422.644628960512,5186.30601076555,1480.52841228923,422.644628960512,5186.30601076555,17.1725497157206,17.1725497157206,1226.2839346335,1734.77288994497,1493.16979149955,425.270579398696,5242.67639063875,1493.16979149955,425.270579398696,5242.67639063875,17.1841553861447,17.1841553861447,1236.58117434929,1749.75840864981,1314.98246790438,365.705407643509,4728.33831481516,1314.98246790438,365.705407643509,4728.33831481516,17.8199051921582,17.8199051921582,1080.65383883032,1549.31109697845,1490.26009323028,424.69908636571,5229.29108343385,1490.26009323028,424.69908636571,5229.29108343385,17.1804513094764,17.1804513094764,1234.22668352829,1746.29350293226,1862.43481931114,584.293739262529,5936.50628630816,1862.43481931114,584.293739262529,5936.50628630816,15.3956381171208,15.3956381171208,1575.70109436274,2149.16854425953,2400.70194155056,730.756947393299,7886.84915377584,2400.70194155056,730.756947393299,7886.84915377584,15.2814675195184,15.2814675195184,2033.83945411207,2767.56442898906,1433.98931946708,433.480095268938,4743.75961154545,1433.98931946708,433.480095268938,4743.75961154545,16.4602945826736,16.4602945826736,1197.95045319872,1670.02818573544,1433.98931946708,433.480095268938,4743.75961154545,1433.98931946708,433.480095268938,4743.75961154545,16.4602945826736,16.4602945826736,1197.95045319872,1670.02818573544
"KER1",18.7,293,-6.209727601,944.833656524156,269.720504433685,3309.76186024557,944.833656524156,269.720504433685,3309.76186024557,18.2983653025229,18.2983653025229,771.944542552182,1117.72277049613,968.327486578895,275.789929323128,3399.89978446819,968.327486578895,275.789929323128,3399.89978446819,18.266570332074,18.266570332074,791.447265198157,1145.20770795963,820.547140739611,228.19964061811,2950.47620737803,820.547140739611,228.19964061811,2950.47620737803,19.0723690286355,19.0723690286355,664.049362003835,977.044919475387,964.325284312557,274.816502882502,3383.79698529998,964.325284312557,274.816502882502,3383.79698529998,18.2687635602254,18.2687635602254,788.154978170025,1140.49559045509,755.283382852887,236.951837129631,2407.46387672706,755.283382852887,236.951837129631,2407.46387672706,17.4923773541691,17.4923773541691,623.166363430926,887.400402274848,420.708258050881,128.060663040014,1382.12183343844,420.708258050881,128.060663040014,1382.12183343844,19.6863195087689,19.6863195087689,337.886286171209,503.530229930554,640.56366235033,193.635750010072,2119.03951363488,640.56366235033,193.635750010072,2119.03951363488,18.5129243983392,18.5129243983392,521.97659581618,759.150728884479,640.56366235033,193.635750010072,2119.03951363488,640.56366235033,193.635750010072,2119.03951363488,18.5129243983392,18.5129243983392,521.97659581618,759.150728884479
"KER1",24.7,479,-4.837055901,2490.19556885281,710.873073087164,8723.18027774537,2490.19556885281,710.873073087164,8723.18027774537,16.0307410839537,16.0307410839537,2090.99876472593,2889.3923729797,2465.19788877244,702.114481862001,8655.56940898217,2465.19788877244,702.114481862001,8655.56940898217,16.0810050214718,16.0810050214718,2068.76929248973,2861.62648505515,2270.02052145537,631.307869435665,8162.40921000217,2270.02052145537,631.307869435665,8162.40921000217,16.5608953507208,16.5608953507208,1894.08479845726,2645.95624445348,2466.64291138996,702.951783797042,8655.39769946298,2466.64291138996,702.951783797042,8655.39769946298,16.0720419638916,16.0720419638916,2070.20302757201,2863.08279520791,3075.37421824178,964.82404805592,9802.74755929185,3075.37421824178,964.82404805592,9802.74755929185,14.4341908516282,14.4341908516283,2631.46883417899,3519.27960230457,4424.16512241427,1346.68504392979,14534.3836100457,4424.16512241427,1346.68504392979,14534.3836100457,14.1686557695515,14.1686557695515,3797.32039554284,5051.0098492857,2304.39914012548,696.595954543427,7623.14992267155,2304.39914012548,696.595954543427,7623.14992267155,15.4518316763732,15.4518316763732,1948.3272638415,2660.47101640946,2304.39914012548,696.595954543427,7623.14992267155,2304.39914012548,696.595954543427,7623.14992267155,15.4518316763732,15.4518316763732,1948.3272638415,2660.47101640946
"KER1",29.3,573,-5.96543915,1122.68316966192,320.490986693255,3932.77050455244,1122.68316966192,320.490986693255,3932.77050455244,17.849032198799,17.849032198799,922.29508921847,1323.07125010538,1143.52585157415,325.688280210879,4015.03969492452,1143.52585157415,325.688280210879,4015.03969492452,17.8351858715075,17.8351858715075,939.575890457159,1347.47581269113,983.447636710225,273.503356628258,3536.22444007329,983.447636710225,273.503356628258,3536.22444007329,18.5711586294103,18.5711586294103,800.810016059582,1166.08525736087,1139.7580825679,324.811902662768,3999.38695635662,1139.7580825679,324.811902662768,3999.38695635662,17.8349412324691,17.8349412324691,936.482898349597,1343.0332667862,1317.56841815584,413.355125127675,4199.74600771065,1317.56841815584,413.355125127675,4199.74600771065,16.1373863140699,16.1373863140699,1104.94731256585,1530.18952374583,1399.70950752426,426.061823524485,4598.36248469047,1399.70950752426,426.061823524485,4598.36248469047,16.4195507212087,16.4195507212087,1169.88349498673,1629.53552006179,949.400210366738,286.993834647993,3140.6972925044,949.400210366738,286.993834647993,3140.6972925044,17.4503979765404,17.4503979765404,783.72609526763,1115.07432546585,949.400210366738,286.993834647993,3140.6972925044,949.400210366738,286.993834647993,3140.6972925044,17.4503979765404,17.4503979765404,783.72609526763,1115.07432546585
"KER1",33.7,655,-3.452499626,6618.43814447869,1889.35741499625,23184.4557967754,6618.43814447869,1889.35741499625,23184.4557967754,14.2495741979476,14.2495741979476,5675.33889033593,7561.53739862144,6326.95843904875,1801.98480877621,22214.6174010402,6326.95843904875,1801.98480877621,22214.6174010402,14.3492732901601,14.3492732901601,5419.08588167479,7234.8309964227,6335.51935855458,1761.95025120443,22780.896063996,6335.51935855458,1761.95025120443,22780.896063996,14.6191588013592,14.6191588013592,5409.31972263663,7261.71899447253,6360.92763382914,1812.75749568649,22320.3602572822,6360.92763382914,1812.75749568649,22320.3602572822,14.3335825761043,14.3335825761043,5449.178818828,7272.67644883028,6244.86077449397,1959.17355886451,19905.4779584796,6244.86077449397,1959.17355886451,19905.4779584796,13.2643085382235,13.2643085382235,5416.52317358259,7073.19837540534,10475.5232581434,3188.67630586584,34414.464500531,10475.5232581434,3188.67630586584,34414.464500531,12.8493211750273,12.8493211750273,9129.48962993991,11821.556886347,5998.07241968807,1813.1550693018,19842.1378077036,5998.07241968807,1813.1550693018,19842.1378077036,13.7526507878603,13.7526507878603,5173.17846580541,6822.96637357073,5998.07241968807,1813.1550693018,19842.1378077036,5998.07241968807,1813.1550693018,19842.1378077036,13.7526507878603,13.7526507878603,5173.17846580541,6822.96637357073
"KER1",36.6,710,-3.375412289,6988.62028039624,1995.03285505131,24481.20756503,6988.62028039624,1995.03285505131,24481.20756503,14.1619655501603,14.1619655501603,5998.89428385501,7978.34627693746,6667.84974080813,1899.07426386464,23411.5226623724,6667.84974080813,1899.07426386464,23411.5226623724,14.2637521187294,14.2637521187294,5716.76418212992,7618.93529948634,6708.11017278187,1865.57024533132,24120.6366808171,6708.11017278187,1865.57024533132,24120.6366808171,14.524344149599,14.524344149599,5733.80116535278,7682.41918021097,6705.42921893842,1910.93465892939,23529.2090182631,6705.42921893842,1910.93465892939,23529.2090182631,14.2477774869821,14.2477774869821,5750.05458427699,7660.80385359985,6182.05004845929,1939.46821744796,19705.2689277601,6182.05004845929,1939.46821744796,19705.2689277601,13.2796690005387,13.2796690005388,5361.09426457625,7003.00583234233,7464.22946629028,2272.05945270591,24521.6829423555,7464.22946629028,2272.05945270591,24521.6829423555,13.337652822071,13.337652822071,6468.67645423376,8459.7824783468,5819.21478584211,1759.08826203441,19250.4614206226,5819.21478584211,1759.08826203441,19250.4614206226,13.800676547269,13.800676547269,5016.12377565718,6622.30579602703,5819.21478584211,1759.08826203441,19250.4614206226,5819.21478584211,1759.08826203441,19250.4614206226,13.800676547269,13.800676547269,5016.12377565718,6622.30579602703
"KER1",38,737,-3.843104636,5023.32402493826,1434.00214480564,17596.754893935,5023.32402493826,1434.00214480564,17596.754893935,14.7106913680358,14.7106913680358,4284.3583312132,5762.28971866332,4849.6774561039,1381.23953042397,17027.7282905616,4849.6774561039,1381.23953042397,17027.7282905616,14.7988700588536,14.7988700588536,4131.97999110156,5567.37492110623,4742.73083646836,1318.98512430983,17053.6387201166,4742.73083646836,1318.98512430983,17053.6387201166,15.1192675382354,15.1192675382355,4025.66467268432,5459.79700025241,4869.16030943359,1387.62887376404,17085.7803316328,4869.16030943359,1387.62887376404,17085.7803316328,14.7847467210737,14.7847467210737,4149.26729024079,5589.05332862639,5118.6283570448,1605.84546187723,16315.6149701448,5118.6283570448,1605.84546187723,16315.6149701448,13.5731734004122,13.5731734004122,4423.86805442044,5813.38865966916,8691.15794361342,2645.52793425322,28552.4206427089,8691.15794361342,2645.52793425322,28552.4206427089,13.1138641493618,13.1138641493618,7551.41129788149,9830.90458934536,4454.99265637495,1346.69806454731,14737.4976550711,4454.99265637495,1346.69806454731,14737.4976550711,14.2394777745106,14.2394777745106,3820.62496721436,5089.36034553554,4454.99265637495,1346.69806454731,14737.4976550711,4454.99265637495,1346.69806454731,14737.4976550711,14.2394777745106,14.2394777745106,3820.62496721436,5089.36034553554
"KER1",39.4,764,-3.625344606,5858.13139111023,1672.3135791561,20521.0935456428,5858.13139111023,1672.3135791561,20521.0935456428,14.4500053295382,14.4500053295382,5011.63109288346,6704.63168933701,5624.62368982945,1601.95242971745,19748.6461303789,5624.62368982945,1601.95242971745,19748.6461303789,14.5448069581664,14.5448069581664,4806.53303202046,6442.71434763844,5573.59569133966,1550.0541901443,20041.2147704514,5573.59569133966,1550.0541901443,20041.2147704514,14.8363182811515,14.8363182811515,4746.67929486796,6400.51208781136,5651.45675192787,1610.57021528135,19830.8419688065,5651.45675192787,1610.57021528135,19830.8419688065,14.5297824674978,14.5297824674978,4830.31237962803,6472.60112422771,6454.59436288319,2024.97238378887,20574.0032421633,6454.59436288319,2024.97238378887,20574.0032421633,13.2143613237289,13.2143613237289,5601.66094179076,7307.52778397561,9807.05169517991,2985.19821876314,32218.3841419351,9807.05169517991,2985.19821876314,32218.3841419351,12.9415085272485,12.9415085272485,8537.87126377654,11076.2321265833,5642.14628412446,1705.5622908492,18664.7036360129,5642.14628412446,1705.5622908492,18664.7036360129,13.8500457200553,13.8500457200553,4860.70644418082,6423.5861240681,5642.14628412446,1705.5622908492,18664.7036360129,5642.14628412446,1705.5622908492,18664.7036360129,13.8500457200553,13.8500457200553,4860.70644418082,6423.5861240681
"KER1",40.9,791,-3.919604884,4759.21441934691,1358.60709981122,16671.5762728362,4759.21441934691,1358.60709981122,16671.5762728362,14.8045185622169,14.8045185622169,4054.63563721899,5463.79320147482,4603.57905009824,1311.1480965449,16163.6508693034,4603.57905009824,1311.1480965449,16163.6508693034,14.8902435268541,14.8902435268541,3918.09491858738,5289.06318160911,4481.2536256849,1246.26656547501,16113.4340068411,4481.2536256849,1246.26656547501,16113.4340068411,15.2212480897427,15.2212480897427,3799.15089378881,5163.35635758099,4620.85558854276,1316.86620046851,16214.4843284536,4620.85558854276,1316.86620046851,16214.4843284536,14.8764541009407,14.8764541009407,3933.43612784244,5308.27504924308,5247.54010412712,1646.28839494345,16726.5208386338,5247.54010412712,1646.28839494345,16726.5208386338,13.5337590339875,13.5337590339875,4537.3506712227,5957.72953703154,8120.84238607993,2471.9278514354,26678.8049745293,8120.84238607993,2471.9278514354,26678.8049745293,13.2127365423566,13.2127365423566,7047.85687658716,9193.8278955727,4539.39571094232,1372.21223235746,15016.7101958566,4539.39571094232,1372.21223235746,15016.7101958566,14.207739528833,14.207739528833,3894.45019214861,5184.34122973602,4539.39571094232,1372.21223235746,15016.7101958566,4539.39571094232,1372.21223235746,15016.7101958566,14.207739528833,14.207739528833,3894.45019214861,5184.34122973602
"KER1",45.6,897,-3.512965021,6341.85162879224,1810.40060178857,22215.5704333508,6341.85162879224,1810.40060178857,22215.5704333508,14.3190544902002,14.3190544902002,5433.75843837783,7249.94481920665,6071.81352929143,1729.31683476493,21318.7767523803,6071.81352929143,1729.31683476493,21318.7767523803,14.41707503465,14.41707503465,5196.43561680946,6947.19144177341,6057.80970327486,1684.7173411319,21782.3236605587,6057.80970327486,1684.7173411319,21782.3236605587,14.6943998131185,14.6943998131185,5167.65092555776,6947.96848099196,6103.14174231196,1739.29284807052,21415.7950273136,6103.14174231196,1739.29284807052,21415.7950273136,14.4016126432461,14.4016126432461,5224.19090951593,6982.09257510799,6829.39449107134,2142.556830828,21768.6777048761,6829.39449107134,2142.556830828,21768.6777048761,13.1298817734358,13.1298817734358,5932.70306855213,7726.08591359054,11623.6826583196,3538.16802904566,38186.4279571149,11623.6826583196,3538.16802904566,38186.4279571149,12.7065587366623,12.7065587366623,10146.712593977,13100.6527226622,6329.72596253463,1913.41049477654,20939.2761616812,6329.72596253463,1913.41049477654,20939.2761616812,13.6680912106565,13.6680912106565,5464.57324459079,7194.87868047847,6329.72596253463,1913.41049477654,20939.2761616812,6329.72596253463,1913.41049477654,20939.2761616812,13.6680912106565,13.6680912106565,5464.57324459079,7194.87868047847
"KER1",51.4,1117,-3.848868903,5002.92275409082,1428.17821905314,17525.2890357015,5002.92275409082,1428.17821905314,17525.2890357015,14.7177197639219,14.7177197639219,4266.60660313825,5739.23890504339,4830.6842722143,1375.83007038578,16961.0412216644,4830.6842722143,1375.83007038578,16961.0412216644,14.8057159338776,14.8057159338776,4115.46688120775,5545.90166322085,4722.5079189562,1313.36099587235,16980.9223166329,4722.5079189562,1313.36099587235,16980.9223166329,15.1269041091953,15.1269041091953,4008.13867450654,5436.87716340585,4849.99453571558,1382.16695028873,17018.5280378446,4849.99453571558,1382.16695028873,17018.5280378446,14.7916174334878,14.7916174334878,4132.60189844747,5567.3871729837,5690.22675735379,1785.17059219054,18137.5834285809,5690.22675735379,1785.17059219054,18137.5834285809,13.4069900846895,13.4069900846895,4927.33862019902,6453.11489450857,8441.70211537801,2569.59531788143,27732.9017954203,8441.70211537801,2569.59531788143,27732.9017954203,13.156105870522,13.156105870522,7331.10284780479,9552.30138295123,4853.29446165338,1467.10056835539,16055.1141752468,4853.29446165338,1467.10056835539,16055.1141752468,14.0958109482629,14.0958109482629,4169.1832495762,5537.40567373055,4853.29446165338,1467.10056835539,16055.1141752468,4853.29446165338,1467.10056835539,16055.1141752468,14.0958109482629,14.0958109482629,4169.1832495762,5537.40567373055
"KER1",53,1278,-3.193832468,7944.49069064133,2267.90400802547,27829.6312852488,7944.49069064133,2267.90400802547,27829.6312852488,13.9597992314602,13.9597992314602,6835.45574026576,9053.52564101691,7545.18277665115,2148.94800937075,26491.9313472563,7545.18277665115,2148.94800937075,26491.9313472563,14.066279216758,14.066279216758,6483.85629987266,8606.50925342963,7674.65912123012,2134.3739638805,27596.097789721,7674.65912123012,2134.3739638805,27596.097789721,14.3057947583346,14.3057947583346,6576.73813894513,8772.5801035151,7592.45356401496,2163.72169298435,26641.7586460554,7592.45356401496,2163.72169298435,26641.7586460554,14.0496663703215,14.0496663703215,6525.73916894927,8659.16795908065,8542.34366246114,2679.95307478793,27228.6988656935,8542.34366246114,2679.95307478793,27228.6988656935,12.8052902068125,12.8052902068125,7448.47176601973,9636.21555890254,12168.356652348,3703.96299855514,39975.8052865273,12168.356652348,3703.96299855514,39975.8052865273,12.6446992379129,12.6446992379129,10629.704551462,13707.008753234,7940.68333565806,2400.38619682379,26268.4612670377,7940.68333565806,2400.38619682379,26268.4612670377,13.3229664483543,13.3229664483543,6882.74875907827,8998.61791223785,7940.68333565806,2400.38619682379,26268.4612670377,7940.68333565806,2400.38619682379,26268.4612670377,13.3229664483543,13.3229664483543,6882.74875907827,8998.61791223785
"KER1",60.5,1957,-4.688271325,2766.00298868363,789.607478757036,9689.33646050349,2766.00298868363,789.607478757036,9689.33646050349,15.8182655704847,15.8182655704847,2328.46929024611,3203.53668712115,2727.97165659217,776.955235490728,9578.1957817299,2727.97165659217,776.955235490728,9578.1957817299,15.8751245526527,15.8751245526527,2294.9027583471,3161.04055483724,2534.72233392987,704.923211539224,9114.20876054584,2534.72233392987,704.923211539224,9114.20876054584,16.327848000148,16.327848000148,2120.85672402,2948.58794383975,2730.96979388178,778.28050393531,9582.91512813558,2730.96979388178,778.28050393531,9582.91512813558,15.865263931908,15.865263931908,2297.69422818175,3164.2453595818,2737.41616027433,858.797906707928,8725.50710242884,2737.41616027433,858.797906707928,8725.50710242884,14.6464920111102,14.6464920111102,2336.48072104891,3138.35159949975,3468.05897601707,1055.65299333132,11393.3585535315,3468.05897601707,1055.65299333132,11393.3585535315,14.5918834050392,14.5918834050392,2962.00385381866,3974.11409821548,2065.88913319561,624.4968537182,6834.13837114631,2065.88913319561,624.4968537182,6834.13837114631,15.6730010452956,15.6730010452956,1742.10230775521,2389.675958636,2065.88913319561,624.4968537182,6834.13837114631,2065.88913319561,624.4968537182,6834.13837114631,15.6730010452956,15.6730010452956,1742.10230775521,2389.675958636
"KER1",65.1,2268,-4.751261502,2645.69074803515,755.262091065583,9267.88146398702,2645.69074803515,755.262091065583,9267.88146398702,15.9075288676765,15.9075288676765,2224.82672854201,3066.55476752829,2613.46595723262,744.342798922355,9176.15421214856,2613.46595723262,744.342798922355,9176.15421214856,15.9616401465622,15.9616401465622,2196.31392578624,3030.617988679,2419.08401737301,672.763423307955,8698.40315386889,2419.08401737301,672.763423307955,8698.40315386889,16.4257066765232,16.4257066765232,2021.73237242066,2816.43566232535,2615.77070394939,745.450698945769,9178.68396302577,2615.77070394939,745.450698945769,9178.68396302577,15.952153487625,15.952153487625,2198.49894637105,3033.04246152772,2896.58361669154,908.732834531772,9232.85296806613,2896.58361669154,908.732834531772,9232.85296806613,14.5426463903243,14.5426463903243,2475.34370391602,3317.82352946705,2214.60285777876,674.109682684571,7275.47154960057,2214.60285777876,674.109682684571,7275.47154960057,15.4415427811452,15.4415427811452,1872.63401006239,2556.57170549514,2470.24418298496,746.729190546416,8171.77954313776,2470.24418298496,746.729190546416,8171.77954313776,15.314370511428,15.314370511428,2091.94183626564,2848.54652970427,2470.24418298496,746.729190546416,8171.77954313776,2470.24418298496,746.729190546416,8171.77954313776,15.314370511428,15.314370511428,2091.94183626564,2848.54652970427
"KER1",68.3,2504,-5.322158143,1768.05233348361,504.723729896218,6193.5052163678,1768.05233348361,504.723729896218,6193.5052163678,16.7649641501156,16.7649641501156,1471.6389936198,2064.46567334742,1771.8690143372,504.647071374939,6221.21871313842,1771.8690143372,504.647071374939,6221.21871313842,16.790990887679,16.790990887679,1474.35464959823,2069.38337907616,1584.35692830855,440.620244346885,5696.93950399415,1584.35692830855,440.620244346885,5696.93950399415,17.3691908849206,17.3691908849206,1309.16694913218,1859.54690748493,1769.94800090214,504.405440575534,6210.71002391053,1769.94800090214,504.405440575534,6210.71002391053,16.7853255583744,16.7853255583744,1472.85646673678,2067.0395350675,1659.26687234185,520.55472504195,5288.90896808062,1659.26687234185,520.55472504195,5288.90896808062,15.6354952015788,15.6354952015788,1399.83228013545,1918.70146454825,1422.66287167167,433.048667674715,4673.76948023169,1422.66287167167,433.048667674715,4673.76948023169,16.3827650093019,16.3827650093019,1189.59135653111,1655.73438681222,1318.60304163338,398.600020481024,4362.05191185526,1318.60304163338,398.600020481024,4362.05191185526,16.6524923233779,16.6524923233779,1099.02277134955,1538.1833119172,1318.60304163338,398.600020481024,4362.05191185526,1318.60304163338,398.600020481024,4362.05191185526,16.6524923233779,16.6524923233779,1099.02277134955,1538.1833119172
"KER1",77.2,3132,-6.193234513,955.899731665656,272.879523324108,3348.5264334517,955.899731665656,272.879523324108,3348.5264334517,18.2673177360302,18.2673177360302,781.282490444431,1130.51697288688,979.260937344734,278.903891960522,3438.28828155982,979.260937344734,278.903891960522,3438.28828155982,18.2367896742317,18.2367896742317,800.675179839265,1157.8466948502,830.641109693433,231.006840806019,2986.771520295,830.641109693433,231.006840806019,2986.771520295,19.0376798407153,19.0376798407153,672.506314604632,988.775904782235,975.268944002051,277.935262012361,3422.19805521681,975.268944002051,277.935262012361,3422.19805521681,18.2388108739229,18.2388108739229,797.391485793412,1153.14640221069,624.878077229702,196.040336307054,1991.79729415839,624.878077229702,196.040336307054,1991.79729415839,18.007393161654,18.007393161654,512.353825081965,737.402329377438,439.937578795228,133.913934320542,1445.29450365434,439.937578795228,133.913934320542,1445.29450365434,19.5417658216602,19.5417658216602,353.966007385583,525.909150204874,572.588344665482,173.087516640443,1894.17133488499,572.588344665482,173.087516640443,1894.17133488499,18.8399720384213,18.8399720384213,464.712860635246,680.463828695718,572.588344665482,173.087516640443,1894.17133488499,572.588344665482,173.087516640443,1894.17133488499,18.8399720384213,18.8399720384213,464.712860635246,680.463828695718
"KER1",86.7,3445,-6.44596766,799.689207046044,228.286296561577,2801.31938490418,799.689207046044,228.286296561577,2801.31938490418,18.7549488233138,18.7549488233138,649.707905518994,949.670508573093,824.476030990297,234.819510410439,2894.82217422806,824.476030990297,234.819510410439,2894.82217422806,18.7040657246201,18.7040657246201,670.265492270133,978.686569710462,688.726795715045,191.539522183419,2476.48419359467,688.726795715045,191.539522183419,2476.48419359467,19.5834876682122,19.5834876682122,553.850068608516,823.603522821575,820.400597273501,233.80038538152,2878.76830873657,820.400597273501,233.80038538152,2878.76830873657,18.7088499277366,18.7088499277366,666.913080723347,973.888113823655,694.124362581765,217.764678323684,2212.51965396052,694.124362581765,217.764678323684,2212.51965396052,17.7181404556639,17.7181404556639,571.138433082546,817.110292080984,370.452641247961,112.763203372635,1217.02075945898,370.452641247961,112.763203372635,1217.02075945898,20.1097331635328,20.1097331635328,295.955603595737,444.949678900186,628.600692408191,190.019468298751,2079.46498342377,628.600692408191,190.019468298751,2079.46498342377,18.5670892368359,18.5670892368359,511.887840905394,745.313543910988,628.600692408191,190.019468298751,2079.46498342377,628.600692408191,190.019468298751,2079.46498342377,18.5670892368359,18.5670892368359,511.887840905394,745.313543910988
"KER1",93.1,3646,-6.365809917,846.249819146734,241.577897359054,2964.42168027273,846.249819146734,241.577897359054,2964.42168027273,18.5974945984248,18.5974945984248,688.868554741741,1003.63108355173,870.716192276058,247.989198341063,3057.17625026969,870.716192276058,247.989198341063,3057.17625026969,18.5532907174343,18.5532907174343,709.169685799307,1032.26269875281,730.892406150827,203.266060087403,2628.1008700579,730.892406150827,203.266060087403,2628.1008700579,19.4070189038813,19.4070189038813,589.047978722104,872.736833579551,866.651417875939,246.981092120397,3041.06145801736,866.651417875939,246.981092120397,3041.06145801736,18.5571684993909,18.5571684993909,705.825453958341,1027.47738179354,670.823544271684,210.454611889623,2138.24835440165,670.823544271684,210.454611889623,2138.24835440165,17.8110936044453,17.8110936044453,551.342534880797,790.304553662571,574.175814500747,174.775118147581,1886.29748588821,574.175814500747,174.775118147581,1886.29748588821,18.722612729859,18.722612729859,466.675100363259,681.676528638236,605.925290164137,183.164929431846,2004.45280872999,605.925290164137,183.164929431846,2004.45280872999,18.6735621657029,18.6735621657029,492.777454427621,719.073125900652,605.925290164137,183.164929431846,2004.45280872999,605.925290164137,183.164929431846,2004.45280872999,18.6735621657029,18.6735621657029,492.777454427621,719.073125900652
"KER1",103.8,3939,-6.152705981,983.646131482231,280.800254029528,3445.72235279464,983.646131482231,280.800254029528,3445.72235279464,18.1914701144514,18.1914701144514,804.706439441684,1162.58582352278,1006.65502538407,286.706018523026,3534.47180966527,1006.65502538407,286.706018523026,3534.47180966527,18.1640203819575,18.1640203819575,823.806001397308,1189.50404937083,855.975673629522,238.052552256821,3077.86808794661,855.975673629522,238.052552256821,3077.86808794661,18.9529715924947,18.9529715924947,693.742847367854,1018.20849989119,1002.69131077745,285.750175777012,3518.42255905788,1002.69131077745,285.750175777012,3518.42255905788,18.1656235562891,18.1656235562891,820.546181829995,1184.8364397249,669.220693393586,209.951756314043,2133.13927127284,669.220693393586,209.951756314043,2133.13927127284,17.8176425761083,17.8176425761083,549.981342199363,788.460044587808,362.24271795182,110.264159912726,1190.049303536,362.24271795182,110.264159912726,1190.049303536,20.1862195637756,20.1862195637756,289.119607552278,435.365828351363,604.99587311563,182.883976299726,2001.37821745016,604.99587311563,182.883976299726,2001.37821745016,18.6780374214182,18.6780374214182,491.994517537057,717.997228694203,604.99587311563,182.883976299726,2001.37821745016,604.99587311563,182.883976299726,2001.37821745016,18.6780374214182,18.6780374214182,491.994517537057,717.997228694203
"KER1",112.9,4199,-7.059575983,518.538900468128,148.02666356877,1816.44701580251,518.538900468128,148.02666356877,1816.44701580251,20.0547050851718,20.0547050851718,414.547453227353,622.530347708903,542.956602336254,154.639793932608,1906.37781209799,542.956602336254,154.639793932608,1906.37781209799,19.9448154621252,19.9448154621252,434.664909960863,651.248294711645,437.016865236544,121.537309241175,1571.40010498499,437.016865236544,121.537309241175,1571.40010498499,21.0486256301136,21.0486256301136,345.030821332446,529.002909140642,539.132155197163,153.643605423467,1891.80330653151,539.132155197163,153.643605423467,1891.80330653151,19.9575976923256,19.9575976923256,431.534328632949,646.729981761377,362.013347213512,113.572904733688,1153.91663062623,362.013347213512,113.572904733688,1153.91663062623,19.6758124314121,19.6758124314121,290.784280039104,433.242414387919,458.484897318413,139.559608875868,1506.22664223749,458.484897318413,139.559608875868,1506.22664223749,19.4100789675531,19.4100789675531,369.492616694604,547.477177942221,361.057532182111,109.143946417979,1194.40927164387,361.057532182111,109.143946417979,1194.40927164387,20.3151997572112,20.3151997572112,287.707973280858,434.407091083364,361.057532182111,109.143946417979,1194.40927164387,361.057532182111,109.143946417979,1194.40927164387,20.3151997572112,20.3151997572112,287.707973280858,434.407091083364
"KER1",123.5,4468,-7.170753958,479.394229231304,136.852082308903,1679.32283632725,479.394229231304,136.852082308903,1679.32283632725,20.3097270809703,20.3097270809703,382.030569632505,576.757888830103,503.379378143098,143.367781091582,1767.41800989351,503.379378143098,143.367781091582,1767.41800989351,20.1874525634511,20.1874525634511,401.759904966265,604.998851319931,402.44347127472,111.922217450197,1447.08308378286,402.44347127472,111.922217450197,1447.08308378286,21.3378714520719,21.3378714520719,316.570600706865,488.316341842576,499.642347014296,142.389673621759,1753.234406542,499.642347014296,142.389673621759,1753.234406542,20.2019112734401,20.2019112734401,398.705043385934,600.579650642657,262.482288520735,82.3474498327369,836.661632230566,262.482288520735,82.3474498327369,836.661632230566,20.8114525557255,20.8114525557255,207.85591157806,317.10866546341,331.748668290996,100.981983621649,1089.86944963571,331.748668290996,100.981983621649,1089.86944963571,20.4920425227249,20.4920425227249,263.766590116232,399.730746465761,297.337321573487,89.8819877756033,983.617351912773,297.337321573487,89.8819877756033,983.617351912773,21.0078591861841,21.0078591861841,234.873115749357,359.801527397616,297.337321573487,89.8819877756033,983.617351912773,297.337321573487,89.8819877756033,983.617351912773,21.0078591861841,21.0078591861841,234.873115749357,359.801527397616
"KER1",130.8,4622,-6.984768091,546.661345928369,156.054743562607,1914.9602268407,546.661345928369,156.054743562607,1914.9602268407,19.8866836939404,19.8866836939404,437.948533186557,655.374158670182,571.323416849248,162.718963302571,2005.97668529482,571.323416849248,162.718963302571,2005.97668529482,19.784809480005,19.784809480005,458.28816731097,684.358666387526,461.93652570372,128.467633265959,1661.00478661007,461.93652570372,128.467633265959,1661.00478661007,20.858375423354,20.858375423354,365.58407095484,558.2889804526,567.445343852026,161.712388455666,1991.15368546807,567.445343852026,161.712388455666,1991.15368546807,19.7965062908057,19.7965062908057,455.110990659476,679.779697044576,607.128851522027,190.471947362528,1935.22168200908,607.128851522027,190.471947362528,1935.22168200908,18.088359487141,18.088359487141,497.309202308573,716.948500735482,559.496594004275,170.306865685892,1838.07292466845,559.496594004275,170.306865685892,1838.07292466845,18.799249242837,18.799249242837,454.315434792227,664.677753216322,561.872209579601,169.848140171678,1858.72144127549,561.872209579601,169.848140171678,1858.72144127549,18.8961907395763,18.8961907395763,455.699765144768,668.044654014434,561.872209579601,169.848140171678,1858.72144127549,561.872209579601,169.848140171678,1858.72144127549,18.8961907395763,18.8961907395763,455.699765144768,668.044654014434
"KER1",135.2,4718,-6.614216124,710.123977700218,202.718220454143,2487.57148013171,710.123977700218,202.718220454143,2487.57148013171,19.0942680908372,19.0942680908372,574.531001620822,845.716953779614,735.250759091363,209.407207473772,2581.54284786083,735.250759091363,209.407207473772,2581.54284786083,19.028645846657,19.028645846657,595.34249605901,875.159022123716,607.967060286534,169.079700332613,2186.09298257761,607.967060286534,169.079700332613,2186.09298257761,19.9645304544043,19.9645304544043,486.589291382883,729.344829190186,731.192543590207,208.37758900667,2565.73913898583,731.192543590207,208.37758900667,2565.73913898583,19.0354294929182,19.0354294929182,592.006902497618,870.378184682796,470.592135687201,147.636865342711,1500.0112448647,470.592135687201,147.636865342711,1500.0112448647,18.8371412087765,18.8371412087765,381.946030570406,559.238240803996,389.915672700167,118.687614564574,1280.96122223862,389.915672700167,118.687614564574,1280.96122223862,19.9371336906976,19.9371336906976,312.177663752952,467.653681647381,468.31796269956,141.5676618586,1549.23597174422,468.31796269956,141.5676618586,1549.23597174422,19.4558627767609,19.4558627767609,377.202662517811,559.433262881309,468.31796269956,141.5676618586,1549.23597174422,468.31796269956,141.5676618586,1549.23597174422,19.4558627767609,19.4558627767609,377.202662517811,559.433262881309
"KER1",138.2,4787,-6.683892216,676.037250086862,192.987524153388,2368.16532835437,676.037250086862,192.987524153388,2368.16532835437,19.238411410935,19.238411410935,545.97842262398,806.096077549744,701.190120861888,199.706376773205,2461.95235995227,701.190120861888,199.706376773205,2461.95235995227,19.1663854388328,19.1663854388328,566.797319638481,835.582922085295,577.361879989575,160.568195267196,2076.04463580341,577.361879989575,160.568195267196,2076.04463580341,20.1267073989574,20.1267073989574,461.157943770954,693.565816208197,697.152584395268,198.676772595033,2446.29364359401,697.152584395268,198.676772595033,2446.29364359401,19.1740374498988,19.1740374498988,563.480286780382,830.824882010155,542.611079886345,170.231061803998,1729.57144774451,542.611079886345,170.231061803998,1729.57144774451,18.4111149331192,18.4111149331192,442.710330328631,642.511829444059,385.360034465455,117.300910021121,1265.99491970248,385.360034465455,117.300910021121,1265.99491970248,19.9764858847722,19.9764858847722,308.37864157491,462.341427356,525.068952678867,158.72289740246,1736.973112129,525.068952678867,158.72289740246,1736.973112129,19.1005674449222,19.1005674449222,424.777803240093,625.36010211764,525.068952678867,158.72289740246,1736.973112129,525.068952678867,158.72289740246,1736.973112129,19.1005674449222,19.1005674449222,424.777803240093,625.36010211764
"KER1",144,4932,-6.646838797,693.9555645064,198.102643381485,2430.93336509413,693.9555645064,198.102643381485,2430.93336509413,19.1614868168244,19.1614868168244,560.983360498887,826.927768513913,719.102185621625,204.807922626842,2524.8435057269,719.102185621625,204.807922626842,2524.8435057269,19.0928888711545,19.0928888711545,581.804804450845,856.399566792405,593.440673300278,165.039815083905,2133.85983587078,593.440673300278,165.039815083905,2133.85983587078,20.0401358519492,20.0401358519492,474.51435617018,712.366990430375,715.052756467564,203.778020866678,2509.1049680298,715.052756467564,203.778020866678,2509.1049680298,19.100076056878,19.100076056878,578.477136135457,851.628376799671,613.592997724672,192.499916404301,1955.82613171637,613.592997724672,192.499916404301,1955.82613171637,18.0585168044167,18.0585168044167,502.787203119838,724.398792329506,499.56841330976,152.0651449503,1641.19528941624,499.56841330976,152.0651449503,1641.19528941624,19.1420089457154,19.1420089457154,403.940982944038,595.195843675483,587.375321938296,177.557466471967,1943.08792346159,587.375321938296,177.557466471967,1943.08792346159,18.7646289577675,18.7646289577675,477.156522187083,697.594121689509,587.375321938296,177.557466471967,1943.08792346159,587.375321938296,177.557466471967,1943.08792346159,18.7646289577675,18.7646289577675,477.156522187083,697.594121689509
"KER1",148.4,5096,-5.291320487,1806.96741937381,515.832771708929,6329.8251560505,1806.96741937381,515.832771708929,6329.8251560505,16.7162940204547,16.7162940204547,1504.90943269746,2109.02540605015,1809.45900047066,515.353097758257,6353.20111322999,1809.45900047066,515.353097758257,6353.20111322999,16.7439967457377,16.7439967457377,1506.48324431639,2112.43475662493,1620.99281261255,450.808928478259,5828.67270932559,1620.99281261255,450.808928478259,5828.67270932559,17.3154668467065,17.3154668467065,1340.31033955713,1901.67528566797,1807.68921587975,515.161052694609,6343.14314740145,1807.68921587975,515.161052694609,6343.14314740145,16.7381034359602,16.7381034359602,1505.1163251251,2110.2621066344,2286.95498934027,717.476643150908,7289.66325691006,2286.95498934027,717.476643150908,7289.66325691006,14.9869377990121,14.9869377990121,1944.21046759644,2629.6995110841,2206.52233320794,671.65002729524,7248.92519777301,2206.52233320794,671.65002729524,7248.92519777301,15.4488741291504,15.4488741291504,1865.63947531905,2547.40519109682,1896.15495996343,573.187973948845,6272.64317397352,1896.15495996343,573.187973948845,6272.64317397352,15.8510297844141,15.8510297844141,1595.59487250099,2196.71504742588,1896.15495996343,573.187973948845,6272.64317397352,1896.15495996343,573.187973948845,6272.64317397352,15.8510297844141,15.8510297844141,1595.59487250099,2196.71504742588
"KER1",151.3,5215,-6.210073749,944.602785486973,269.654597962025,3308.95311666596,944.602785486973,269.654597962025,3308.95311666596,18.299018042811,18.299018042811,771.749751337816,1117.45581963613,968.099333901765,275.724949022999,3399.09871639097,968.099333901765,275.724949022999,3399.09871639097,18.2671963945089,18.2671963945089,791.254727283997,1144.94394051953,820.336613426183,228.141091566046,2949.71920537482,820.336613426183,228.141091566046,2949.71920537482,19.0730984210029,19.0730984210029,663.873003763886,976.800223088481,964.096925236036,274.751424382715,3382.99567814017,964.096925236036,274.751424382715,3382.99567814017,18.2693932450582,18.2693932450582,787.962266701151,1140.23158377092,733.434406774259,230.097250971946,2337.82032061692,733.434406774259,230.097250971946,2337.82032061692,17.5702049567369,17.5702049567369,604.568478280794,862.300335267724,527.813748123243,160.662828106699,1733.98760616172,527.813748123243,160.662828106699,1733.98760616172,18.9740662292503,18.9740662292503,427.66601798725,627.961478259235,699.326931656594,211.399276719364,2313.43344655553,699.326931656594,211.399276719364,2313.43344655553,18.2648561595824,18.2648561595824,571.595873504295,827.057989808892,699.326931656594,211.399276719364,2313.43344655553,699.326931656594,211.399276719364,2313.43344655553,18.2648561595824,18.2648561595824,571.595873504295,827.057989808892
"KER1",157.1,5456,-6.898362715,581.047078640301,165.870796481914,2035.4137965042,581.047078640301,165.870796481914,2035.4137965042,19.6960842900093,19.6960842900093,466.603556266671,695.490601013931,605.937345606234,172.577377008466,2127.50983451508,605.937345606234,172.577377008466,2127.50983451508,19.6031635347782,19.6031635347782,487.15445682875,724.720234383718,492.493127012509,136.965628190286,1770.87845585307,492.493127012509,136.965628190286,1770.87845585307,20.6428667516011,20.6428667516011,390.828427042523,594.157826982495,602.003442285911,171.560865844331,2112.41732046821,602.003442285911,171.560865844331,2112.41732046821,19.6136475142702,19.6136475142702,483.92860909218,720.078275479642,632.572468234842,198.454264808135,2016.32314606886,632.572468234842,198.454264808135,2016.32314606886,17.973224835474,17.973224835474,518.878796271687,746.266140197998,467.900372197936,142.425613839722,1537.15860792666,467.900372197936,142.425613839722,1537.15860792666,19.3459032191952,19.3459032191952,377.380819030269,558.419925365602,636.930590461332,192.537510067011,2107.02100034548,636.930590461332,192.537510067011,2107.02100034548,18.5292328701333,18.5292328701333,518.912238133636,754.948942789027,636.930590461332,192.537510067011,2107.02100034548,636.930590461332,192.537510067011,2107.02100034548,18.5292328701333,18.5292328701333,518.912238133636,754.948942789027
"KER1",158.6,5519,-7.080290167,511.010845742191,145.877639024541,1790.07616391583,511.010845742191,145.877639024541,1790.07616391583,20.1017330434298,20.1017330434298,408.288809708122,613.732881776259,535.353915011898,152.474468018689,1879.68397622766,535.353915011898,152.474468018689,1879.68397622766,19.9895794136271,19.9895794136271,428.338919026633,642.368910997163,430.357471802711,119.685287446345,1547.45464115169,430.357471802711,119.685287446345,1547.45464115169,21.1019207025575,21.1019207025575,339.543779365372,521.17116424005,531.545096143595,151.481421075318,1865.18047710829,531.545096143595,151.481421075318,1865.18047710829,20.0026681689435,20.0026681689435,425.2218943937,637.86829789349,524.928965426552,164.683727385281,1673.20975252845,524.928965426552,164.683727385281,1673.20975252845,18.5085015283728,18.5085015283728,427.772479837707,622.085451015397,554.506033877699,168.787773948279,1821.67780529527,554.506033877699,168.787773948279,1821.67780529527,18.8259087135038,18.8259087135038,450.115234129013,658.896833626384,540.464642969631,163.376854864606,1787.90337555685,540.464642969631,163.376854864606,1787.90337555685,19.0128430927278,19.0128430927278,437.706948430144,643.222337509119,540.464642969631,163.376854864606,1787.90337555685,540.464642969631,163.376854864606,1787.90337555685,19.0128430927278,19.0128430927278,437.706948430144,643.222337509119
"KER1",161.7,5646,-7.085577842,509.106745411872,145.334077839945,1783.40608118979,509.106745411872,145.334077839945,1783.40608118979,20.1137731495892,20.1137731495892,406.706169550472,611.507321273273,533.430305245127,151.926603573058,1872.9299797522,533.430305245127,151.926603573058,1872.9299797522,20.0010384438016,20.0010384438016,426.738704822161,640.121905668093,428.673859808644,119.217063705245,1541.40080599181,428.673859808644,119.217063705245,1541.40080599181,21.1155685140778,21.1155685140778,338.156937238808,519.19078237848,529.625526701603,150.934376038057,1858.44474861858,529.625526701603,150.934376038057,1858.44474861858,20.014205867123,20.014205867123,423.62518346271,635.625869940497,449.642046568465,141.064283160427,1433.23288867068,449.642046568465,141.064283160427,1433.23288867068,18.9775765447767,18.9775765447767,364.310883003434,534.973210133496,1912.02459349711,582.006966838382,6281.43347836069,1912.02459349711,582.006966838382,6281.43347836069,15.7417741292722,15.7417741292722,1611.03800069266,2213.01118630155,496.814171292605,150.181770100569,1643.50387288599,496.814171292605,150.181770100569,1643.50387288599,19.2707483689624,19.2707483689624,401.074362481462,592.553980103749,496.814171292605,150.181770100569,1643.50387288599,496.814171292605,150.181770100569,1643.50387288599,19.2707483689624,19.2707483689624,401.074362481462,592.553980103749
"KER1",169.4,5954,-5.960783008,1126.37977237046,321.546251332013,3945.71974124899,1126.37977237046,321.546251332013,3945.71974124899,17.8406821145362,17.8406821145362,925.42593777941,1327.33360696151,1147.15624196692,326.722253865159,4027.78637792691,1147.15624196692,326.722253865159,4027.78637792691,17.827161464244,17.827161464244,942.650846464323,1351.66163746951,986.848005263364,274.449021835373,3548.45128971329,986.848005263364,274.449021835373,3548.45128971329,18.5618612568297,18.5618612568297,803.670647710587,1170.02536281614,1143.39484707989,325.848319441683,4012.14828595373,1143.39484707989,325.848319441683,4012.14828595373,17.8268725767229,17.8268725767229,939.563304642144,1347.22638951764,1079.5532446266,338.68363901679,3441.07324276757,1079.5532446266,338.68363901679,3441.07324276757,16.5977362343067,16.5977362343067,900.37184457458,1258.73464467863,457.739269025981,139.332644817799,1503.77708456212,457.739269025981,139.332644817799,1503.77708456212,19.4152357616179,19.4152357616179,368.86811077108,546.610427280881,935.242601636298,282.714136397847,3093.86270902473,935.242601636298,282.714136397847,3093.86270902473,17.488724293107,17.488724293107,771.680601564444,1098.80460170815,935.242601636298,282.714136397847,3093.86270902473,935.242601636298,282.714136397847,3093.86270902473,17.488724293107,17.488724293107,771.680601564444,1098.80460170815
"KER1",179.6,6389,-6.162613409,976.789873250822,278.843006406167,3421.70481082668,976.789873250822,278.843006406167,3421.70481082668,18.2099532678044,18.2099532678044,798.916893807202,1154.66285269444,999.888425414211,284.778819147494,3510.71356454885,999.888425414211,284.778819147494,3510.71356454885,18.1817555630818,18.1817555630818,818.091156001852,1181.68569482657,849.712026268538,236.310590088204,3055.34562507711,849.712026268538,236.310590088204,3055.34562507711,18.9736093111165,18.9736093111165,688.490986134774,1010.9330664023,995.917370548627,283.819716631428,3494.65294635792,995.917370548627,283.819716631428,3494.65294635792,18.1834603132552,18.1834603132552,814.825130722103,1177.00961037515,985.988964401618,309.330116097645,3142.83733567957,985.988964401618,309.330116097645,3142.83733567957,16.8160108541715,16.8160108541715,820.184953126908,1151.79297567633,684.702615526685,208.418706435219,2249.40303933228,684.702615526685,208.418706435219,2249.40303933228,18.2177721319212,18.2177721319212,559.965053248729,809.440177804642,968.723197820768,292.834973301359,3204.61939165427,968.723197820768,292.834973301359,3204.61939165427,17.3992635707105,17.3992635707105,800.172495361318,1137.27390028022,968.723197820768,292.834973301359,3204.61939165427,968.723197820768,292.834973301359,3204.61939165427,17.3992635707105,17.3992635707105,800.172495361318,1137.27390028022
"KER1",181,6444,-5.082252314,2094.36902733868,597.876956037113,7336.59589717203,2094.36902733868,597.876956037113,7336.59589717203,16.3936365380099,16.3936365380099,1751.02578123213,2437.71227344524,2086.21767897162,594.176902143906,7324.92998019577,2086.21767897162,594.176902143906,7324.92998019577,16.4322013407859,16.4322013407859,1743.40618955594,2429.02916838731,1892.73478610744,526.382186385775,6805.78686588695,1892.73478610744,526.382186385775,6805.78686588695,16.9598216827096,16.9598216827096,1571.730341457,2213.73923075787,2085.67847614551,594.383320935343,7318.60157013031,2085.67847614551,594.383320935343,7318.60157013031,16.4248302752927,16.4248302752927,1743.1093263503,2428.24762594072,2867.5973754245,899.639104581347,9140.45939718032,2867.5973754245,899.639104581347,9140.45939718032,14.561018170239,14.561018170239,2450.04600053964,3285.14875030935,2660.88855462518,809.955939918045,8741.62105762406,2660.88855462518,809.955939918045,8741.62105762406,15.0820807601588,15.0820807601588,2259.57119387879,3062.20591537157,2551.29501077714,771.230014977967,8439.90263034861,2551.29501077714,771.230014977967,8439.90263034861,15.2513430018039,15.2513430018039,2162.18825769561,2940.40176385868,2551.29501077714,771.230014977967,8439.90263034861,2551.29501077714,771.230014977967,8439.90263034861,15.2513430018039,15.2513430018039,2162.18825769561,2940.40176385868
"KER1",182.4,6497,-3.656953097,5728.85136137779,1635.40816772007,20068.2242932138,5728.85136137779,1635.40816772007,20068.2242932138,14.4872699615252,14.4872699615252,4898.89719896048,6558.8055237951,5504.8874132632,1567.85026933338,19328.2394533684,5504.8874132632,1567.85026933338,19328.2394533684,14.5811423780486,14.5811423780486,4702.21194178402,6307.56288474239,5444.51542586575,1514.15610613478,19577.0753770955,5444.51542586575,1514.15610613478,19577.0753770955,14.8767303321089,14.8767303321089,4634.54954806963,6254.48130366187,5530.54714629887,1576.11300926963,19406.5727251426,5530.54714629887,1576.11300926963,19406.5727251426,14.566244308417,14.566244308417,4724.95413737679,6336.14015522094,6898.12851087343,2164.12046195661,21987.7672195305,6898.12851087343,2164.12046195661,21987.7672195305,13.1150063066096,13.1150063066096,5993.43852163435,7802.81850011251,4711.4671469314,1434.13777880801,15478.2357766656,4711.4671469314,1434.13777880801,15478.2357766656,14.0632542493985,14.0632542493985,4048.88154318156,5374.05275068124,6633.72918946848,2005.3075165914,21944.9449000259,6633.72918946848,2005.3075165914,21944.9449000259,13.5952300514407,13.5952300514407,5731.85844517067,7535.59993376629,6633.72918946848,2005.3075165914,21944.9449000259,6633.72918946848,2005.3075165914,21944.9449000259,13.5952300514407,13.5952300514407,5731.85844517067,7535.59993376629
"KER1",183.8,6551,-5.117456075,2042.95734302344,583.200525607754,7156.50024674448,2042.95734302344,583.200525607754,7156.50024674448,16.4470919893631,16.4470919893631,1706.95026951293,2378.96441653396,2036.81531351145,580.106584955253,7151.47307227127,2036.81531351145,580.106584955253,7151.47307227127,16.4838871538128,16.4838871538128,1701.06897570064,2372.56165132225,1843.97934385697,512.822972237878,6630.4748512591,1843.97934385697,512.822972237878,6630.4748512591,17.0186802546984,17.0186802546984,1530.15839536327,2157.80029235068,2036.04200105866,580.237759556117,7144.42823101732,2036.04200105866,580.237759556117,7144.42823101732,16.476756866601,16.476756866601,1700.56831084235,2371.51569127498,2043.79280041799,641.190405834313,6514.58439339123,2043.79280041799,641.190405834313,6514.58439339123,15.2079580468351,15.2079580468351,1732.97364876618,2354.61195206979,1515.63921338973,461.350018407911,4979.21780320287,1515.63921338973,461.350018407911,4979.21780320287,16.2411484475728,16.2411484475728,1269.48199881348,1761.79642796598,1739.793656714,525.921574046975,5755.3865772236,1739.793656714,525.921574046975,5755.3865772236,16.0338564540238,16.0338564540238,1460.83763920026,2018.74967422773,1739.793656714,525.921574046975,5755.3865772236,1739.793656714,525.921574046975,5755.3865772236,16.0338564540238,16.0338564540238,1460.83763920026,2018.74967422773
"KER1",189.7,6805,-6.442655072,801.561621288066,228.820812357431,2807.87847094227,801.561621288066,228.820812357431,2807.87847094227,18.7483890961064,18.7483890961064,651.28172968392,951.841512892211,826.337380305984,235.34964241984,2901.35756770282,826.337380305984,235.34964241984,2901.35756770282,18.6977862899899,18.6977862899899,671.830582902071,980.844177709898,690.420145025808,192.010453937332,2482.5730416378,690.420145025808,192.010453937332,2482.5730416378,19.5761313953293,19.5761313953293,555.262590255733,825.577699795883,822.2621269723,234.330890067188,2885.30037699747,822.2621269723,234.330890067188,2885.30037699747,18.7025324596071,18.7025324596071,668.47828577225,976.045968172351,732.496646311454,229.803051378133,2334.83121150837,732.496646311454,229.803051378133,2334.83121150837,17.5736127591364,17.5736127591364,603.770522215018,861.22277040789,714.110926280761,217.370391366487,2346.01599522257,714.110926280761,217.370391366487,2346.01599522257,18.1011810020473,18.1011810020473,584.848414959284,843.373437602238,706.199053762068,213.476647941409,2336.16701566027,706.199053762068,213.476647941409,2336.16701566027,18.237628853651,18.237628853651,577.405091368947,834.993016155189,706.199053762068,213.476647941409,2336.16701566027,706.199053762068,213.476647941409,2336.16701566027,18.237628853651,18.237628853651,577.405091368947,834.993016155189
"KER1",199,6984,-6.398704979,826.823014206383,236.032151193192,2896.36938597307,826.823014206383,236.032151193192,2896.36938597307,18.6617895615742,18.6617895615742,672.523043248523,981.122985164243,851.434446466091,242.497552810123,2989.4760100802,851.434446466091,242.497552810123,2989.4760100802,18.6148705619007,18.6148705619007,692.941026336992,1009.92786659519,713.28487334939,198.369287607229,2564.78871646921,713.28487334939,198.369287607229,2564.78871646921,19.4790517952029,19.4790517952029,574.343743422316,852.226003276465,847.363677650166,241.484410239727,2973.38118633834,847.363677650166,241.484410239727,2973.38118633834,18.6191168324201,18.6191168324201,689.59204451299,1005.13531078734,726.256720082359,227.845425913169,2314.9414624009,726.256720082359,227.845425913169,2314.9414624009,17.5964342518733,17.5964342518733,598.461433833255,854.052006331462,512.545117837387,156.01516341103,1683.82670040115,512.545117837387,156.01516341103,1683.82670040115,19.0633343626792,19.0633343626792,414.836928264458,610.253307410317,802.99983133006,242.738518802396,2656.39228704785,802.99983133006,242.738518802396,2656.39228704785,17.8873547078374,17.8873547078374,659.364403196716,946.635259463403,802.99983133006,242.738518802396,2656.39228704785,802.99983133006,242.738518802396,2656.39228704785,17.8873547078374,17.8873547078374,659.364403196716,946.635259463403
"KER1",205,7089,-6.063325117,1047.71742133197,299.090606515026,3670.16472952108,1047.71742133197,299.090606515026,3670.16472952108,18.0264032351396,18.0264032351396,858.851654197863,1236.58318846608,1069.8085447041,304.692810048806,3756.21046698993,1069.8085447041,304.692810048806,3756.21046698993,18.0055710774457,18.0055710774457,877.183406794814,1262.43368261338,914.612725221627,254.359907966041,3288.71182501376,914.612725221627,254.359907966041,3288.71182501376,18.7687961280586,18.7687961280586,742.950927463499,1086.27452297975,1065.92424608384,303.770499863284,3740.30558892572,1065.92424608384,303.770499863284,3740.30558892572,18.0062754615368,18.0062754615368,873.990990122674,1257.857502045,1153.26540589024,361.809041252228,3676.03057076728,1153.26540589024,361.809041252228,3676.03057076728,16.4422429795934,16.4422429795934,963.642705654176,1342.88810612631,601.242497565317,183.014027922258,1975.21766491112,601.242497565317,183.014027922258,1975.21766491112,18.5878394438544,18.5878394438544,489.484507449656,713.000487680978,1061.8769716594,320.99439276847,3512.78006203008,1061.8769716594,320.99439276847,3512.78006203008,17.1699939173382,17.1699939173382,879.552760215864,1244.20118310293,1061.8769716594,320.99439276847,3512.78006203008,1061.8769716594,320.99439276847,3512.78006203008,17.1699939173382,17.1699939173382,879.552760215864,1244.20118310293
"KER1",211,7193,-6.553490201,741.230865210821,211.598265457607,2596.539221874,741.230865210821,211.598265457607,2596.539221874,18.9703907340641,18.9703907340641,600.616473838844,881.845256582798,766.282773762748,218.245454091362,2690.49951949845,766.282773762748,218.245454091362,2690.49951949845,18.9102040109004,18.9102040109004,621.377137943826,911.18840958167,635.961055552469,176.865017399702,2286.7521804235,635.961055552469,176.865017399702,2286.7521804235,19.825302467534,19.825302467534,509.87985271347,762.042258391467,762.21267602543,217.21780553265,2674.58812627827,762.21267602543,217.21780553265,2674.58812627827,18.9162504244804,18.9162504244804,618.030617461326,906.394734589535,551.665421541732,173.071641827272,1758.43213892052,551.665421541732,173.071641827272,1758.43213892052,18.3628515213149,18.3628515213149,450.363919289588,652.966923793876,287.925358497804,87.6424733997096,945.899959806059,287.925358497804,87.6424733997096,945.899959806059,21.004737498443,21.004737498443,227.447392753889,348.403324241718,636.036330565406,192.2671845774,2104.06271194059,636.036330565406,192.2671845774,2104.06271194059,18.5332658002276,18.5332658002276,518.158026835705,753.914634295107,636.036330565406,192.2671845774,2104.06271194059,636.036330565406,192.2671845774,2104.06271194059,18.5332658002276,18.5332658002276,518.158026835705,753.914634295107
"KER1",221.6,7382,-7.054449658,520.418991815624,148.563370938503,1823.03299481877,520.418991815624,148.563370938503,1823.03299481877,20.0431006011265,20.0431006011265,416.110889738651,624.727093892598,544.854714723502,155.180396454361,1913.04228458869,544.854714723502,155.180396454361,1913.04228458869,19.9337682556408,19.9337682556408,436.244638560587,653.464790886418,438.680770515693,122.000052413228,1577.38307987298,438.680770515693,122.000052413228,1577.38307987298,21.0354777493545,21.0354777493545,346.402174643168,530.959366388218,541.02644992112,154.183447590768,1898.45034657129,541.02644992112,154.183447590768,1898.45034657129,19.9464750317414,19.9464750317414,433.110744172487,648.942155669753,573.786571223671,180.01161584968,1828.94324770433,573.786571223671,180.01161584968,1828.94324770433,18.2491991032318,18.2491991032318,469.075117413457,678.498025033886,429.092840699686,130.612871590173,1409.66708486011,429.092840699686,130.612871590173,1409.66708486011,19.6222309871344,19.6222309871344,344.895252348337,513.290429051035,626.091847299386,189.26107044877,2071.16550870858,626.091847299386,189.26107044877,2071.16550870858,18.5786200247022,18.5786200247022,509.772621983995,742.411072614778,626.091847299386,189.26107044877,2071.16550870858,626.091847299386,189.26107044877,2071.16550870858,18.5786200247022,18.5786200247022,509.772621983995,742.411072614778
"KER1",224.7,7438,-6.66114354,686.982464399238,196.11204105124,2406.50652485301,686.982464399238,196.11204105124,2406.50652485301,19.1911111032066,19.1911111032066,555.142896396834,818.822032401643,712.133506923137,202.823169088014,2500.37574091241,712.133506923137,202.823169088014,2500.37574091241,19.121195859258,19.121195859258,575.965064284962,848.301949561313,587.180944328249,163.29894264543,2111.35146251888,587.180944328249,163.29894264543,2111.35146251888,20.0734690244466,20.0734690244466,469.313359351065,705.048529305433,708.088433385613,201.793305806873,2484.66730593307,708.088433385613,201.793305806873,2484.66730593307,19.1285616717723,19.1285616717723,572.641300714759,843.535566056466,766.148293602829,240.360439279361,2442.09575232261,766.148293602829,240.360439279361,2442.09575232261,17.4547588196259,17.4547588196259,632.418956753776,899.877630451881,485.9407954422,147.916993003246,1596.4254808088,485.9407954422,147.916993003246,1596.4254808088,19.2275921307092,19.2275921307092,392.50608129785,579.37550958655,817.932868842174,247.252621129052,2705.7920554185,817.932868842174,247.252621129052,2705.7920554185,17.8382121795381,17.8382121795381,672.028268211924,963.837469472424,817.932868842174,247.252621129052,2705.7920554185,817.932868842174,247.252621129052,2705.7920554185,17.8382121795381,17.8382121795381,672.028268211924,963.837469472424
"KER1",226.2,7465,-5.776554413,1282.83737928892,366.210012375177,4493.79232158977,1282.83737928892,366.210012375177,4493.79232158977,17.5164521451001,17.5164521451001,1058.12978364632,1507.54497493152,1300.43796905151,370.378514030342,4565.9746645354,1300.43796905151,370.378514030342,4565.9746645354,17.5153550173657,17.5153550173657,1072.66164199152,1528.2142961115,1131.25871536014,314.610604892975,4067.71501397302,1131.25871536014,314.610604892975,4067.71501397302,18.2013200198436,18.2013200198437,925.354696325072,1337.16273439522,1296.99667539128,369.622259604401,4551.13384615001,1296.99667539128,369.622259604401,4551.13384615001,17.513377846595,17.513377846595,1069.84874697223,1524.14460381033,1477.07200095183,463.39550444796,4708.16327533201,1477.07200095183,463.39550444796,4708.16327533201,15.8846969450469,15.8846969450469,1242.44358994049,1711.70041196316,1411.96087816029,429.791055401386,4638.61100969935,1411.96087816029,429.791055401386,4638.61100969935,16.3998213840978,16.3998213840978,1180.40181612866,1643.51994019191,1434.95376671189,433.771637666001,4746.95008571794,1434.95376671189,433.771637666001,4746.95008571794,16.4587720865785,16.4587720865785,1198.777996701,1671.12953672277,1434.95376671189,433.771637666001,4746.95008571794,1434.95376671189,433.771637666001,4746.95008571794,16.4587720865785,16.4587720865785,1198.777996701,1671.12953672277
"KER1",233.8,7601,-4.343403283,3528.52701741721,1007.28427747464,12360.4658496783,3528.52701741721,1007.28427747464,12360.4658496783,15.3467808544684,15.3467808544684,2987.01170866348,4070.04232617094,3449.84731346713,982.553072120362,12112.7772371144,3449.84731346713,982.553072120362,12112.7772371144,15.4176006450395,15.4176006450395,2917.96363181314,3981.73099512112,3273.1001889639,910.271024959496,11769.2253771037,3273.1001889639,910.271024959496,11769.2253771037,15.8120914937631,15.8120914937631,2755.55459240239,3790.6457855254,3457.74339383931,985.398768256295,12133.1482875669,3457.74339383931,985.398768256295,12133.1482875669,15.4058398476301,15.4058398476301,2925.04898424241,3990.4378034362,5423.58688986878,1701.51880282649,17287.6695238942,5423.58688986878,1701.51880282649,17287.6695238942,13.4818213814279,13.4818213814279,4692.38859291013,6154.78518682744,2382.96127137081,725.356810974492,7828.56703754435,2382.96127137081,725.356810974492,7828.56703754435,15.2960437316976,15.2960437316976,2018.46247319251,2747.46006954911,4465.81037946001,1349.96815001437,14773.2836104915,4465.81037946001,1349.96815001437,14773.2836104915,14.2353685535722,14.2353685535722,3830.0858130402,5101.53494587983,4465.81037946001,1349.96815001437,14773.2836104915,4465.81037946001,1349.96815001437,14773.2836104915,14.2353685535722,14.2353685535722,3830.0858130402,5101.53494587983
"KER1",235.3,7628,-5.031139152,2171.32650413344,619.845912495952,7606.17871717133,2171.32650413344,619.845912495952,7606.17871717133,16.3166389240987,16.3166389240987,1817.03899859073,2525.61400967615,2160.08676349245,615.215600189274,7584.29211544665,2160.08676349245,615.215600189274,7584.29211544665,16.3577318321832,16.3577318321832,1806.74556337787,2513.42796360703,1965.82767667954,546.709807471941,7068.61007719822,1965.82767667954,546.709807471941,7068.61007719822,16.8750846043963,16.8750846043963,1634.09259306323,2297.56276029585,2159.9086670147,615.537678074814,7579.07373669851,2159.9086670147,615.537678074814,7579.07373669851,16.3500167760482,16.3500167760482,1806.76323761048,2513.05409641892,3230.27793239546,1013.42133018899,10296.5027572246,3230.27793239546,1013.42133018899,10296.5027572246,14.3464073500784,14.3464073500784,2766.84910167432,3693.70676311661,2279.89802852737,693.98507780545,7489.98096172347,2279.89802852737,693.98507780545,7489.98096172347,15.3835110681155,15.3835110681155,1929.16966296712,2630.62639408763,2588.21847223678,782.391594338356,8562.04860648166,2588.21847223678,782.391594338356,8562.04860648166,15.2234577957043,15.2234577957043,2194.20212545519,2982.23481901837,2588.21847223678,782.391594338356,8562.04860648166,2588.21847223678,782.391594338356,8562.04860648166,15.2234577957043,15.2234577957043,2194.20212545519,2982.23481901837
"KER1",238.4,7681,-5.715681101,1339.17124469008,382.29157179866,4691.13042217235,1339.17124469008,382.29157179866,4691.13042217235,17.4118940630966,17.4118940630966,1105.99616624119,1572.34632313897,1355.4602862864,386.049453037782,4759.16381500429,1355.4602862864,386.049453037782,4759.16381500429,17.4147107484949,17.4147107484949,1119.4107981189,1591.5097744539,1183.47710613536,329.132888156091,4255.47889970294,1183.47710613536,329.132888156091,4255.47889970294,18.0852479361627,18.0852479361627,969.442337223059,1397.51187504767,1352.15684758449,385.341981846611,4744.68972134315,1352.15684758449,385.341981846611,4744.68972134315,17.4122015771293,17.4122015771293,1116.71657164412,1587.59712352485,1479.03577498922,464.011590908263,4714.42280012019,1479.03577498922,464.011590908263,4714.42280012019,15.8818055448022,15.8818055448022,1244.13818926737,1713.93336071107,807.480332735308,245.791388267326,2652.75562480314,807.480332735308,245.791388267326,2652.75562480314,17.7688972863063,17.7688972863063,663.999981804447,950.960683666169,1350.41399180531,408.216140715623,4467.2852623286,1350.41399180531,408.216140715623,4467.2852623286,16.5974203941634,16.5974203941634,1126.28010452378,1574.54787908685,1350.41399180531,408.216140715623,4467.2852623286,1350.41399180531,408.216140715623,4467.2852623286,16.5974203941634,16.5974203941634,1126.28010452378,1574.54787908685
"KER1",242.6,7750,-6.337045257,863.611046901636,246.53398574065,3025.23823678872,863.611046901636,246.53398574065,3025.23823678872,18.5416346899319,18.5416346899319,703.483441443238,1023.73865236003,887.934385703792,252.893122286549,3117.63114072282,887.934385703792,252.893122286549,3117.63114072282,18.499775958725,18.499775958725,723.668513688109,1052.20025771947,746.644926945231,207.646941338018,2684.74287817973,746.644926945231,207.646941338018,2684.74287817973,19.3444658793287,19.3444658793287,602.210453812572,891.079400077889,883.876792264233,251.89003439044,3101.50493168126,883.876792264233,251.89003439044,3101.50493168126,18.5033354346638,18.5033354346638,720.330104562436,1047.42347996603,806.066346512465,252.883759911478,2569.33444523048,806.066346512465,252.883759911478,2569.33444523048,17.3222856280545,17.3222856280545,666.437231617952,945.695461406978,378.965970206641,115.354601402655,1244.9889716437,378.965970206641,115.354601402655,1244.9889716437,20.032779336316,20.032779336316,303.048553635416,454.883386777866,886.624009869496,268.017240469258,2933.02823915624,886.624009869496,268.017240469258,2933.02823915624,17.626277988938,17.626277988938,730.34519717323,1042.90282256576,886.624009869496,268.017240469258,2933.02823915624,886.624009869496,268.017240469258,2933.02823915624,17.626277988938,17.626277988938,730.34519717323,1042.90282256576
"KER3",8.5,65,-6.777803997,632.668357860613,180.607059711609,2216.24366000526,632.668357860613,180.607059711609,2216.24366000526,19.4361714409222,19.4361714409222,509.701851174357,755.63486454687,657.765104115044,187.338471838708,2309.48255286279,657.765104115044,187.338471838708,2309.48255286279,19.3552216822281,19.3552216822281,530.453210065239,785.076998164849,538.534559314645,149.770058043542,1936.4315896299,538.534559314645,149.770058043542,1936.4315896299,20.3495100031381,20.3495100031381,428.945415296555,648.123703332734,653.766122427001,186.312359938298,2294.05146805496,653.766122427001,186.312359938298,2294.05146805496,19.3640834443235,19.3640834443235,527.170304949518,780.361939904483,730.941798437454,229.315255580469,2329.87513783398,730.941798437454,229.315255580469,2329.87513783398,17.5792755917717,17.5792755917717,602.447525274682,859.436071600226,1164.29632147619,354.403689611573,3824.97689481932,1164.29632147619,354.403689611573,3824.97689481932,16.8478339242616,16.8478339242616,968.137610847594,1360.45503210478,662.527686722959,200.27524672618,2191.69838934017,662.527686722959,200.27524672618,2191.69838934017,18.4168443911075,18.4168443911075,540.510993611187,784.54437983473,662.527686722959,200.27524672618,2191.69838934017,662.527686722959,200.27524672618,2191.69838934017,18.4168443911075,18.4168443911075,540.510993611187,784.54437983473
"KER3",12.9,144,-7.060297292,518.274904402353,147.951300935848,1815.52223491254,518.274904402353,147.951300935848,1815.52223491254,20.056338993949,20.056338993949,414.327932654852,622.221876149854,542.690056134925,154.56387874994,1905.44194031389,542.690056134925,154.56387874994,1905.44194031389,19.9463708623988,19.9463708623988,434.443084904893,650.937027364957,436.783249417642,121.472339121521,1570.56008266193,436.783249417642,121.472339121521,1570.56008266193,21.0504769460165,21.0504769460165,344.838292194919,528.728206640364,538.86614777884,153.567797778854,1890.86989213823,538.86614777884,153.567797778854,1890.86989213823,19.9591637223434,19.9591637223434,431.312971099377,646.419324458304,558.701349362285,175.278993479435,1780.85914109189,558.701349362285,175.278993479435,1780.85914109189,18.3260616651877,18.3260616651877,456.313395553917,661.089303170653,1029.73959201525,313.445558504055,3382.92758852418,1029.73959201525,313.445558504055,3382.92758852418,17.1461011993176,17.1461011993176,853.179399478876,1206.29978455163,488.845565966257,147.772943375619,1617.14304327986,488.845565966257,147.772943375619,1617.14304327986,19.3210705112396,19.3210705112396,394.395369474848,583.295762457666,488.845565966257,147.772943375619,1617.14304327986,488.845565966257,147.772943375619,1617.14304327986,19.3210705112396,19.3210705112396,394.395369474848,583.295762457666
"KER3",18.7,258,-6.907784476,577.194911435188,164.771123037228,2021.91961580187,577.194911435188,164.771123037228,2021.91961580187,19.7166898535208,19.7166898535208,463.391180897208,690.998641973168,602.063338348827,171.474018689586,2113.90778704453,602.063338348827,171.474018689586,2113.90778704453,19.6228082761174,19.6228082761174,483.921603763845,720.205072933809,489.065328426169,136.012334507721,1758.55297487758,489.065328426169,136.012334507721,1758.55297487758,20.6661495488939,20.6661495488939,387.994356261827,590.13630059051,598.135176387103,170.458475059993,2098.84365741108,598.135176387103,170.458475059993,2098.84365741108,19.6334224275323,19.6334224275323,480.700770519358,715.569582254848,624.442625953793,195.9037240339,1990.40929431538,624.442625953793,195.9037240339,1990.40929431538,18.0093433316209,18.0093433316209,511.984609536785,736.900642370801,1058.0581567348,322.06553233373,3475.9604820829,1058.0581567348,322.06553233373,3475.9604820829,17.0793077026197,17.0793077026197,877.349148473395,1238.7671649962,491.667591375057,148.626012381399,1626.47854527787,491.667591375057,148.626012381399,1626.47854527787,19.3031259800726,19.3031259800726,396.760376808741,586.574805941372,491.667591375057,148.626012381399,1626.47854527787,491.667591375057,148.626012381399,1626.47854527787,19.3031259800726,19.3031259800726,396.760376808741,586.574805941372
"KER3",21.6,312,-7.065106811,516.51807317496,147.449780481337,1809.36803734436,516.51807317496,147.449780481337,1809.36803734436,20.0672403235677,20.0672403235677,412.86715011628,620.168996233641,540.916130588851,154.058645956534,1899.21350090124,540.916130588851,154.058645956534,1899.21350090124,19.9567481109313,19.9567481109313,432.966860915838,648.865400261864,435.228743243273,121.04002057123,1564.97047878181,435.228743243273,121.04002057123,1564.97047878181,21.0628294155699,21.0628294155699,343.557255486413,526.900231000132,537.095824809744,153.063285478644,1884.65786635887,537.095824809744,153.063285478644,1884.65786635887,19.9696119286044,19.9696119286044,429.839872910501,644.351776708988,649.877810163284,203.883395986173,2071.48387979209,649.877810163284,203.883395986173,2071.48387979209,17.8983281539894,17.8983281539894,533.560547100299,766.195073226269,1178.68868823255,358.784625793035,3872.25907658818,1178.68868823255,358.784625793035,3872.25907658818,16.8185661096851,16.8185661096851,980.45015197478,1376.92722449032,519.105433588478,156.920187446154,1717.24527969704,519.105433588478,156.920187446154,1717.24527969704,19.1354641290738,19.1354641290738,419.772199552082,618.438667624874,519.105433588478,156.920187446154,1717.24527969704,519.105433588478,156.920187446154,1717.24527969704,19.1354641290738,19.1354641290738,419.772199552082,618.438667624874
"KER3",28.8,440,-6.845376313,603.194825706635,172.193286657357,2112.99757860631,603.194825706635,172.193286657357,2112.99757860631,19.5809995620776,19.5809995620776,485.083249526544,721.306401886726,628.193034587382,178.916033068756,2205.65190237843,628.193034587382,178.916033068756,2205.65190237843,19.4934133166319,19.4934133166319,505.736769928971,750.649299245793,512.222837343819,142.452592416432,1841.82141332718,512.222837343819,142.452592416432,1841.82141332718,20.5128991868089,20.5128991868089,407.151083107669,617.294591579968,624.228548141287,177.894647574135,2190.40474588867,624.228548141287,177.894647574135,2190.40474588867,19.5031744935042,19.5031744935042,502.484165159024,745.97293112355,637.078467310151,199.867912696118,2030.68600674956,637.078467310151,199.867912696118,2030.68600674956,17.9534669251818,17.9534669251818,522.700795394167,751.456139226134,954.927008327451,290.673129184074,3137.15132111765,954.927008327451,290.673129184074,3137.15132111765,17.3345792114209,17.3345792114209,789.394429657678,1120.45958699722,545.998473365917,165.049674386215,1806.20976094946,545.998473365917,165.049674386215,1806.20976094946,18.9821125087951,18.9821125087951,442.356428855295,649.640517876539,545.998473365917,165.049674386215,1806.20976094946,545.998473365917,165.049674386215,1806.20976094946,18.9821125087951,18.9821125087951,442.356428855295,649.640517876539
"KER3",30.2,465,-6.757513616,641.796575960673,183.212880930538,2248.21990038468,641.796575960673,183.212880930538,2248.21990038468,19.3931002699016,19.3931002699016,517.332322455825,766.260829465522,666.913744447529,189.944101551454,2341.60439255619,666.913744447529,189.944101551454,2341.60439255619,19.3141076655423,19.3141076655423,538.105305808633,795.722183086424,546.696113779625,152.039840854698,1965.77843768842,546.696113779625,152.039840854698,1965.77843768842,20.3009549847231,20.3009549847231,435.711581817993,657.680645741257,662.905466342832,188.916919389811,2326.12123216164,662.905466342832,188.916919389811,2326.12123216164,19.3227041406067,19.3227041406067,534.814204349497,790.996728336167,690.314346703573,216.569378278262,2200.37523796416,690.314346703573,216.569378278262,2200.37523796416,17.7330585733338,17.7330585733338,567.900499262502,812.728194144644,1148.65673124545,349.64310729284,3773.59730169207,1148.65673124545,349.64310729284,3773.59730169207,16.8801690923004,16.8801690923004,954.761532721131,1342.55192976978,549.900090311688,166.22909271409,1819.11664431031,549.900090311688,166.22909271409,1819.11664431031,18.960691524918,18.960691524918,445.635230492443,654.164950130932,549.900090311688,166.22909271409,1819.11664431031,549.900090311688,166.22909271409,1819.11664431031,18.960691524918,18.960691524918,445.635230492443,654.164950130932
"KER3",31.6,491,-5.820433479,1243.70603637716,355.039235935909,4356.71483137209,1243.70603637716,355.039235935909,4356.71483137209,17.5926025340511,17.5926025340511,1024.90577670533,1462.50629604899,1262.16700486762,359.478537882094,4431.60127879181,1262.16700486762,359.478537882094,4431.60127879181,17.5886265295131,17.5886265295131,1040.16916420271,1484.16484553253,1095.05326806541,304.541628168944,3937.52954927892,1095.05326806541,304.541628168944,3937.52954927892,18.285916146912,18.285916146912,894.812745702948,1295.29379042787,1258.63675948994,358.69032811783,4416.52971423009,1258.63675948994,358.69032811783,4416.52971423009,17.5870406404043,17.5870406404043,1037.27980108338,1479.9937178965,1855.41246260586,582.090645218531,5914.1225420325,1855.41246260586,582.090645218531,5914.1225420325,15.4033660488743,15.4033660488743,1569.61648927425,2141.20843593748,1802.8761166371,548.78293082526,5922.8560317147,1802.8761166371,548.78293082526,5922.8560317147,15.8651935838737,15.8651935838737,1516.8463306552,2088.905902619,1302.34051586417,393.684027646174,4308.25408234676,1302.34051586417,393.684027646174,4308.25408234676,16.681306738307,16.681306738307,1085.09309963562,1519.58793209272,1302.34051586417,393.684027646174,4308.25408234676,1302.34051586417,393.684027646174,4308.25408234676,16.681306738307,16.681306738307,1085.09309963562,1519.58793209272
"KER3",38.7,621,-4.865050529,2441.46193301013,696.961141868781,8552.46585821823,2441.46193301013,696.961141868781,8552.46585821823,16.071359166789,16.071359166789,2049.08581683564,2833.83804918461,2418.6620641662,688.860585884627,8492.17722788465,2418.6620641662,688.860585884627,8492.17722788465,16.120340914878,16.120340914878,2028.76549384378,2808.55863448862,2223.39703978941,618.341567766578,7994.76317660481,2223.39703978941,618.341567766578,7994.76317660481,16.605490098128,16.605490098128,1854.19106450511,2592.60301507372,2419.84648248173,689.61558785864,8491.19002220048,2419.84648248173,689.61558785864,8491.19002220048,16.1115523498546,16.1115523498546,2029.97164967057,2809.72131529289,2796.59318272145,877.363261782659,8914.13371213339,2796.59318272145,877.363261782659,8914.13371213339,14.6070205569253,14.6070205569253,2388.09424162776,3205.09212381515,2290.00026431068,697.060128004347,7523.16909239469,2290.00026431068,697.060128004347,7523.16909239469,15.3747195590142,15.3747195590142,1937.91914577223,2642.08138284913,2273.077314205,687.127691495938,7519.534637157,2273.077314205,687.127691495938,7519.534637157,15.4791919589003,15.4791919589003,1921.223313365,2624.93131504501,2273.077314205,687.127691495938,7519.534637157,2273.077314205,687.127691495938,7519.534637157,15.4791919589003,15.4791919589003,1921.223313365,2624.93131504501
"KER3",40.1,646,-4.709654978,2724.55859797244,777.776399401022,9544.15634043701,2724.55859797244,777.776399401022,9544.15634043701,15.8484557869492,15.8484557869492,2292.75813318325,3156.35906276162,2688.5479725245,765.726952504469,9439.775075076,2688.5479725245,765.726952504469,9439.775075076,15.9043891762051,15.9043891762051,2260.95083978523,3116.14510526376,2494.85901538258,693.836956387401,8970.8705328178,2494.85901538258,693.836956387401,8970.8705328178,16.3609376776232,16.3609376776232,2086.67668673127,2903.04134403388,2691.30456463235,766.976580077158,9443.73067934127,2691.30456463235,766.976580077158,9443.73067934127,15.8946545297021,15.8946545297021,2263.53100174193,3119.07812752276,3436.64574303776,1078.16422400377,10954.2996328343,3436.64574303776,1078.16422400377,10954.2996328343,14.2372924914866,14.2372924914866,2947.36043670525,3925.93104937027,2889.45549664482,879.530124840565,9492.51518656553,2889.45549664482,879.530124840565,9492.51518656553,14.9261124916673,14.9261124916673,2458.17211881895,3320.73887447069,2703.49852424896,817.239558162395,8943.404902047,2703.49852424896,817.239558162395,8943.404902047,15.1395087132597,15.1395087132597,2294.20212960744,3112.79491889048,2703.49852424896,817.239558162395,8943.404902047,2703.49852424896,817.239558162395,8943.404902047,15.1395087132597,15.1395087132597,2294.20212960744,3112.79491889048
"KER3",45.6,756,-5.259131795,1848.50135252983,527.689412636783,6475.31894420735,1848.50135252983,527.689412636783,6475.31894420735,16.6657921103953,16.6657921103953,1540.43395995936,2156.5687451003,1849.54675215065,526.770514237477,6493.95343120678,1849.54675215065,526.770514237477,6493.95343120678,16.6952235058481,16.6952235058481,1540.76078803395,2158.33271626736,1660.1376990669,461.695382866325,5969.42764026104,1660.1376990669,461.695382866325,5969.42764026104,17.2597424542604,17.2597424542604,1373.60220782187,1946.67319031193,1847.94261456787,526.632594960029,6484.39147029081,1847.94261456787,526.632594960029,6484.39147029081,16.6890950396554,16.6890950396554,1539.53771534434,2156.34751379139,2537.61821120767,796.116147568394,8088.65164401103,2537.61821120767,796.116147568394,8088.65164401103,14.7880966668786,14.7880966668786,2162.35277709796,2912.88364531738,2578.9010321789,784.999509221578,8472.27349271647,2578.9010321789,784.999509221578,8472.27349271647,15.1421715443312,15.1421715443313,2188.39941392784,2969.40265042996,1806.71399933704,546.150899399583,5976.76480802096,1806.71399933704,546.150899399583,5976.76480802096,15.9531593234925,15.9531593234924,1518.48603650296,2094.94196217112,1806.71399933704,546.150899399583,5976.76480802096,1806.71399933704,546.150899399583,5976.76480802096,15.9531593234925,15.9531593234924,1518.48603650296,2094.94196217112
"KER3",47,784,-5.030151592,2172.84092076394,620.278231152977,7611.48373395342,2172.84092076394,620.278231152977,7611.48373395342,16.3151583709534,16.3151583709534,1818.33848339242,2527.34335813546,2161.53945477886,615.62934206148,7589.39266754293,2161.53945477886,615.62934206148,7589.39266754293,16.3562996490942,16.3562996490942,1807.99158452183,2515.08732503588,1967.26735916401,547.110192787116,7073.78680465935,1967.26735916401,547.110192787116,7073.78680465935,16.8734557323023,16.8734557323023,1635.32137217944,2299.21334614858,2161.36858996309,615.953731584643,7584.19657538365,2161.36858996309,615.953731584643,7584.19657538365,16.3485780112468,16.3485780112468,1808.01555992239,2514.72162000379,2876.9246303441,902.565304520008,9170.18999869727,2876.9246303441,902.565304520008,9170.18999869727,14.5550812010011,14.5550812010011,2458.18591430591,3295.66334638228,2560.45113663122,779.383489541333,8411.66141065454,2560.45113663122,779.383489541333,8411.66141065454,15.1560247394778,15.1560247394778,2172.38852892115,2948.51374434129,2105.51537484161,636.475455490662,6965.22537585811,2105.51537484161,636.475455490662,6965.22537585811,15.6340873091725,15.6340873091725,1776.33726283082,2434.6934868524,2105.51537484161,636.475455490662,6965.22537585811,2105.51537484161,636.475455490662,6965.22537585811,15.6340873091725,15.6340873091725,1776.33726283082,2434.6934868524
"KER3",52.2,917,-4.948853924,2301.20230843515,656.921398967144,8061.13497394555,2301.20230843515,656.921398967144,8061.13497394555,16.1941913011963,16.1941913011963,1928.54120437962,2673.86341249069,2284.54002739415,650.661208551324,8021.26063175994,2284.54002739415,650.661208551324,8021.26063175994,16.2392537713088,16.2392537713088,1913.54777483849,2655.53227994982,2089.47341662236,581.096513631784,7513.20831626602,2089.47341662236,581.096513631784,7513.20831626602,16.7404340805107,16.7404340805107,1739.6864966829,2439.26033656182,2284.99915069235,651.186364080886,8018.01359282798,2284.99915069235,651.186364080886,8018.01359282798,16.2309985575043,16.2309985575043,1914.12097150449,2655.87732988022,3277.794467428,1028.32849023727,10447.9615927228,3277.794467428,1028.32849023727,10447.9615927228,14.3205275824263,14.3205275824263,2808.39700662473,3747.19192823127,2750.4671511019,837.223040668931,9035.90701857204,2750.4671511019,837.223040668931,9035.90701857204,15.0190242528427,15.0190242528427,2337.37382261144,3163.56047959237,2514.00347291396,759.957169939159,8316.53902591567,2514.00347291396,759.957169939159,8316.53902591567,15.2800250290855,15.2800250290855,2129.86311302063,2898.14383280729,2514.00347291396,759.957169939159,8316.53902591567,2514.00347291396,759.957169939159,8316.53902591567,15.2800250290855,15.2800250290855,2129.86311302063,2898.14383280729
"KER3",55.9,1041,-3.391673919,6908.84465195865,1972.25940430141,24201.752731307,6908.84465195865,1972.25940430141,24201.752731307,14.1803568863601,14.1803568863601,5929.14582358671,7888.54348033059,6594.44216571638,1878.16700859518,23153.7809353307,6594.44216571638,1878.16700859518,23153.7809353307,14.2817079250919,14.2817079250919,5652.64319631966,7536.24113511309,6627.73017081647,1843.21602989301,23831.6108935428,6627.73017081647,1843.21602989301,23831.6108935428,14.5442428732668,14.5442428732668,5663.77699778814,7591.6833438448,6631.23651650262,1889.79098536354,23268.8683978132,6631.23651650262,1889.79098536354,23268.8683978132,14.2657925269437,14.2657925269437,5685.23807308743,7577.23495991782,9409.54370268302,2952.01604791108,29992.896805339,9409.54370268302,2952.01604791108,29992.896805339,12.6699676001524,12.6699676001524,8217.3575642309,10601.7298411351,7955.92117555502,2421.7269838151,26137.0014764957,7955.92117555502,2421.7269838151,26137.0014764957,13.242919286129,13.242919286129,6902.32495580822,9009.51739530181,8462.20064693033,2558.03546987327,27993.6852448945,8462.20064693033,2558.03546987327,27993.6852448945,13.2292543179476,13.2292543179476,7342.71460245291,9581.68669140775,8462.20064693033,2558.03546987327,27993.6852448945,8462.20064693033,2558.03546987327,27993.6852448945,13.2292543179476,13.2292543179476,7342.71460245291,9581.68669140775
"KER3",58.7,1135,-6.319030302,874.665097276799,249.689571935783,3063.96068711669,874.665097276799,249.689571935783,3063.96068711669,18.5068208813606,18.5068208813606,712.792394412004,1036.53780014159,898.890901868855,256.013654194061,3156.10062286024,898.890901868855,256.013654194061,3156.10062286024,18.4664172521888,18.4664172521888,732.89795728779,1064.88384644992,756.682974620274,210.438589444777,2720.83711257929,756.682974620274,210.438589444777,2720.83711257929,19.3054946276769,19.3054946276769,610.601583606411,902.764365634136,894.838759872121,255.01401096942,3139.97024369572,894.838759872121,255.01401096942,3139.97024369572,18.4697792145575,18.4697792145575,729.564016597455,1060.11350314679,666.671003178848,209.151852868251,2125.01214014805,666.671003178848,209.151852868251,2125.01214014805,17.8281025391882,17.8281025391882,547.816213133088,785.525793224608,1132.70334900516,344.787008872315,3721.18683080269,1132.70334900516,344.787008872315,3721.18683080269,16.9137406550153,16.9137406550153,941.120842163757,1324.28585584657,687.402638558103,207.79468661665,2273.98686265917,687.402638558103,207.79468661665,2273.98686265917,18.3129390391789,18.3129390391789,561.519012405251,813.286264710956,687.402638558103,207.79468661665,2273.98686265917,687.402638558103,207.79468661665,2273.98686265917,18.3129390391789,18.3129390391789,561.519012405251,813.286264710956
"KER3",65.1,1299,-6.730402128,654.199356980087,186.753487607531,2291.66696780822,654.199356980087,186.753487607531,2291.66696780822,19.335846735016,19.335846735016,527.704371972957,780.694341987217,679.336833097827,193.482328843696,2385.22316514086,679.336833097827,193.482328843696,2385.22316514086,19.2594440119151,19.2594440119151,548.500336075034,810.17333012062,557.794751442075,155.12644612108,2005.68628055514,557.794751442075,155.12644612108,2005.68628055514,20.2364375071817,20.2364375071817,444.91696514816,670.67253773599,675.316945121349,192.453982296902,2369.67284815375,675.316945121349,192.453982296902,2369.67284815375,19.267689405996,19.267689405996,545.198973629307,805.434916613391,699.6801501179,219.507671871903,2230.22871271075,699.6801501179,219.507671871903,2230.22871271075,17.6965773369941,17.6965773369941,575.86071124069,823.499588995111,938.18836594204,285.578003045603,3082.16109294818,938.18836594204,285.578003045603,3082.16109294818,17.3793702250232,17.3793702250232,775.137136416877,1101.2395954672,692.306577873679,209.277096598964,2290.20951435322,692.306577873679,209.277096598964,2290.20951435322,18.2930337849182,18.2930337849182,565.662701688036,818.950454059322,692.306577873679,209.277096598964,2290.20951435322,692.306577873679,209.277096598964,2290.20951435322,18.2930337849182,18.2930337849182,565.662701688036,818.950454059322
"KER3",68.9,1389,-6.257649009,913.402212951198,260.747808809394,3199.65719533244,913.402212951198,260.747808809394,3199.65719533244,18.3891771840637,18.3891771840637,745.435061608443,1081.36936429395,937.247575224358,266.938041222625,3290.77494253181,937.247575224358,266.938041222625,3290.77494253181,18.3536538626432,18.3536538626432,765.228399431663,1109.26675101705,791.909272090535,220.235258062469,2847.50180665932,791.909272090535,220.235258062469,2847.50180665932,19.1738811112566,19.1738811112566,640.069529750879,943.749014430192,933.219790889121,265.951959909166,3274.64846810899,933.219790889121,265.951959909166,3274.64846810899,18.3563533047619,18.3563533047619,761.914668963554,1104.52491281469,1096.29799806602,343.936899157064,3494.4471020968,1096.29799806602,343.936899157064,3494.4471020968,16.561239171934,16.561239171934,914.73746456918,1277.85853156286,1455.58658512031,443.070416697438,4781.93132950478,1455.58658512031,443.070416697438,4781.93132950478,16.3313018530569,16.3313018530569,1217.87034617171,1693.30282406892,967.646578599196,292.509522479376,3201.0578429656,967.646578599196,292.509522479376,3201.0578429656,17.402077871068,17.402077871068,799.255967474639,1136.03718972375,967.646578599196,292.509522479376,3201.0578429656,967.646578599196,292.509522479376,3201.0578429656,17.402077871068,17.402077871068,799.255967474639,1136.03718972375
"KER3",70.1,1420,-7.220147767,462.964882820271,132.162016950941,1621.7706695892,462.964882820271,132.162016950941,1621.7706695892,20.4251201539246,20.4251201539246,368.403749233754,557.526016406787,486.734545829841,138.627156467276,1708.97625069664,486.734545829841,138.627156467276,1708.97625069664,20.2971549593134,20.2971549593134,387.941280822248,585.527810837434,387.974108714207,107.898191075178,1395.05498222584,387.974108714207,107.898191075178,1395.05498222584,21.4689428007088,21.4689428007088,304.680169232794,471.26804819562,483.03890291484,137.657971034005,1694.97327308081,483.03890291484,137.657971034005,1694.97327308081,20.3123837262187,20.3123837262187,384.922187407861,581.155618421819,561.527400256703,176.165598383577,1789.86717118571,561.527400256703,176.165598383577,1789.86717118571,18.3114559006036,18.3114559006036,458.70355798889,664.351242524515,900.354763545348,274.061718030046,2957.86914737916,900.354763545348,274.061718030046,2957.86914737916,17.4845282023769,17.4845282023769,742.931980991818,1057.77754609888,532.462389904225,160.957856777195,1761.43123634514,532.462389904225,160.957856777195,1761.43123634514,19.0580224071764,19.0580224071764,430.985588326491,633.939191481959,532.462389904225,160.957856777195,1761.43123634514,532.462389904225,160.957856777195,1761.43123634514,19.0580224071764,19.0580224071764,430.985588326491,633.939191481959
"KER3",77.7,1744,-6.778643484,632.293499902654,180.500049470374,2214.93052878508,632.293499902654,180.500049470374,2214.93052878508,19.4379575741083,19.4379575741083,509.388557647732,755.198442157576,657.389307066737,187.231440857115,2308.16308984925,657.389307066737,187.231440857115,2308.16308984925,19.3569264900673,19.3569264900673,530.138942144266,784.639671989208,538.199523503288,149.676882346559,1935.22688713208,538.199523503288,149.676882346559,1935.22688713208,20.3515239052741,20.3515239052741,428.667718819445,647.731328187131,653.390720936162,186.20537682112,2292.73419217965,653.390720936162,186.20537682112,2292.73419217965,19.3657992751799,19.3657992751799,526.856385437014,779.925056435311,729.257740118269,228.786923140455,2324.50720619165,729.257740118269,228.786923140455,2324.50720619165,17.5854267527236,17.5854267527236,601.014654391204,857.500825845334,876.528258493395,266.809095870891,2879.59368637584,876.528258493395,266.809095870891,2879.59368637584,17.553733612049,17.553733612049,722.664822963132,1030.39169402366,763.761427500282,230.877156378404,2526.58828308331,763.761427500282,230.877156378404,2526.58828308331,18.0223508893893,18.0223508893893,626.113663078373,901.409191922192,763.761427500282,230.877156378404,2526.58828308331,763.761427500282,230.877156378404,2526.58828308331,18.0223508893893,18.0223508893893,626.113663078373,901.409191922192
"KER3",81.4,1911,-7.310365938,434.396226577795,124.006557712688,1521.69437766532,434.396226577795,124.006557712688,1521.69437766532,20.6393067343472,20.6393067343472,344.739856931974,524.052596223616,457.740379736531,130.369310719338,1607.174680032,457.740379736531,130.369310719338,1607.174680032,20.5006357530289,20.5006357530289,363.900691792214,551.580067680849,362.875259424326,100.918033441923,1304.80598373977,362.875259424326,100.918033441923,1304.80598373977,21.7125493684363,21.7125493684363,284.085789575978,441.664729272674,454.123752646794,129.417639056553,1593.51062360123,454.123752646794,129.417639056553,1593.51062360123,20.5173127713984,20.5173127713984,360.949761947039,547.297743346548,296.126798977292,92.9025987251905,943.903424401841,296.126798977292,92.9025987251905,943.903424401841,20.3703981276402,20.3703981276402,235.804591062981,356.449006891603,645.34581253844,196.438769770415,2120.10703512166,645.34581253844,196.438769770415,2120.10703512166,18.3844640280215,18.3844640280215,526.702443775968,763.989181300914,340.991488210494,103.078189487711,1128.02907782805,340.991488210494,103.078189487711,1128.02907782805,20.5143848423314,20.5143848423314,271.0391820394,410.943794381588,340.991488210494,103.078189487711,1128.02907782805,340.991488210494,103.078189487711,1128.02907782805,20.5143848423314,20.5143848423314,271.0391820394,410.943794381588
"KER3",85.1,2094,-6.272203062,904.064897448899,258.082296811651,3166.94848463697,904.064897448899,258.082296811651,3166.94848463697,18.41693607711,18.41693607711,737.563843190145,1070.56595170765,928.007377667825,264.306335042259,3258.33163578247,928.007377667825,264.306335042259,3258.33163578247,18.3802663333929,18.3802663333929,757.437150058943,1098.57760527671,783.411257332216,217.871903396376,2816.9451340326,783.411257332216,217.871903396376,2816.9451340326,19.2049252846783,19.2049252846783,632.957710689805,933.864803974627,923.972986334407,263.316775981187,3242.20162689793,923.972986334407,263.316775981187,3242.20162689793,18.3831214168766,18.3831214168766,754.117910397412,1093.8280622714,1049.44141062535,329.236781654472,3345.09184788211,1049.44141062535,329.236781654472,3345.09184788211,16.6652372096495,16.6652372096495,874.54951016834,1224.33331108235,986.070492237013,300.15298873642,3239.46471349117,986.070492237013,300.15298873642,3239.46471349117,17.2538801179115,17.2538801179115,815.935071628339,1156.20591284569,1056.5671425507,319.38928651234,3495.21469210152,1056.5671425507,319.38928651234,3495.21469210152,17.1823557221393,17.1823557221393,875.024017674397,1238.110267427,1056.5671425507,319.38928651234,3495.21469210152,1056.5671425507,319.38928651234,3495.21469210152,17.1823557221393,17.1823557221393,875.024017674397,1238.110267427
"KER3",89.7,2321,-5.844408781,1222.8315023852,349.080208334328,4283.59112755405,1222.8315023852,349.080208334328,4283.59112755405,17.6344911124994,17.6344911124994,1007.19138977624,1438.47161499416,1241.73390587456,353.658974763983,4359.85851632211,1241.73390587456,353.658974763983,4359.85851632211,17.6289212976011,17.6289212976011,1022.82961288231,1460.63819886682,1075.76272404121,299.176799026183,3868.16572074925,1075.76272404121,299.176799026183,3868.16572074925,18.3324721126566,18.3324721126566,878.548822658002,1272.97662542442,1238.15856706992,352.854387364459,4344.6721710312,1238.15856706992,352.854387364459,4344.6721710312,17.6275520155386,17.6275520155386,1019.90152162482,1456.41561251501,1344.78369778004,421.893258828686,4286.4946428293,1344.78369778004,421.893258828686,4286.4946428293,16.0915876702407,16.0915876702407,1128.38665007666,1561.18074548342,904.381407305058,275.287400340356,2971.09758335415,904.381407305058,275.287400340356,2971.09758335415,17.4730666790001,17.4730666790001,746.358240974166,1062.40457363595,1271.9226495148,384.48902219948,4207.6291725942,1271.9226495148,384.48902219948,4207.6291725942,16.7364578444152,16.7364578444152,1059.04785146519,1484.79744756442,1271.9226495148,384.48902219948,4207.6291725942,1271.9226495148,384.48902219948,4207.6291725942,16.7364578444152,16.7364578444152,1059.04785146519,1484.79744756442
"KER3",96.2,2870,-6.332803747,866.201015114378,247.273340787948,3034.31092164768,866.201015114378,247.273340787948,3034.31092164768,18.5334262099731,18.5334262099731,705.664289148117,1026.73774108064,890.501949075624,253.62439154273,3126.64612612341,890.501949075624,253.62439154273,3126.64612612341,18.4919110141403,18.4919110141403,725.831121073375,1055.17277707787,748.996272002714,208.300866104124,2693.19770947825,748.996272002714,208.300866104124,2693.19770947825,19.3352761839682,19.3352761839682,604.175774203364,893.816769802064,886.445572050432,252.622093467395,3110.51872550979,886.445572050432,252.622093467395,3110.51872550979,18.4954238599713,18.4954238599713,722.493706211757,1050.39743788911,960.015270147791,301.181499683974,3060.04625079558,960.015270147791,301.181499683974,3060.04625079558,16.881384826544,16.881384826544,797.951398000557,1122.07914229503,686.86837730678,209.077949234091,2256.51805688901,686.86837730678,209.077949234091,2256.51805688901,18.2089644351745,18.2089644351745,561.796758766529,811.939995847032,868.162686518836,262.436573935557,2871.9565987349,868.162686518836,262.436573935557,2871.9565987349,17.6810916490435,17.6810916490435,714.662046252642,1021.66332678503,868.162686518836,262.436573935557,2871.9565987349,868.162686518836,262.436573935557,2871.9565987349,17.6810916490435,17.6810916490435,714.662046252642,1021.66332678503
"KER3",98.8,3094,-6.316214315,876.405739682955,250.186470987362,3070.05817508025,876.405739682955,250.186470987362,3070.05817508025,18.501390812243,18.501390812243,714.258488683283,1038.55299068263,900.615733151096,256.504904420887,3162.15668714223,900.615733151096,256.504904420887,3162.15668714223,18.4612136936192,18.4612136936192,734.351138095717,1066.88032820648,758.264210969828,210.878341835329,2726.5228312857,758.264210969828,210.878341835329,2726.5228312857,19.2994170675112,19.2994170675112,611.923638421088,904.604783518567,896.564511147171,255.505821085747,3146.0258683453,896.564511147171,255.505821085747,3146.0258683453,18.4645449088411,18.4645449088411,731.01795434967,1062.11106794467,937.40578448811,294.08832209627,2987.97857231514,937.40578448811,294.08832209627,2987.97857231514,16.9401786455616,16.9401786455616,778.607569961995,1096.20399901422,956.214098464722,291.064910455815,3141.37970348543,956.214098464722,291.064910455815,3141.37970348543,17.3311771141702,17.3311771141702,790.490939469135,1121.93725746031,919.864633467217,278.065536149239,3042.99107189481,919.864633467217,278.065536149239,3042.99107189481,17.5312131042048,17.5312131042048,758.601204303867,1081.12806263057,919.864633467217,278.065536149239,3042.99107189481,919.864633467217,278.065536149239,3042.99107189481,17.5312131042048,17.5312131042048,758.601204303867,1081.12806263057
"KER3",104.1,3515,-6.364640282,846.948909978812,241.777465960967,2966.8706025321,846.948909978812,241.777465960967,2966.8706025321,18.5952166465078,18.5952166465078,689.456925283016,1004.44089467461,871.409765853527,248.186735445567,3059.61146014365,871.409765853527,248.186735445567,3059.61146014365,18.5511086504299,18.5511086504299,709.753593399582,1033.06593830747,731.526408552571,203.442380390096,2630.38057942363,731.526408552571,203.442380390096,2630.38057942363,19.4044674694632,19.4044674694632,589.577604574455,873.475212530687,867.345247628607,247.178821941782,3043.49609191485,867.345247628607,247.178821941782,3043.49609191485,18.5549734184944,18.5549734184944,706.409567484544,1028.28092777267,834.198966225608,261.709686809431,2659.00709956753,834.198966225608,261.709686809431,2659.00709956753,17.233939703276,17.233939703276,690.433619380934,977.964313070281,664.380027393848,202.232652177484,2182.63873834017,664.380027393848,202.232652177484,2182.63873834017,18.3022342123337,18.3022342123337,542.783638720259,785.976416067437,753.060746385153,227.642451484679,2491.189512534,753.060746385153,227.642451484679,2491.189512534,18.0607388911066,18.0607388911066,617.052411289112,889.069081481193,753.060746385153,227.642451484679,2491.189512534,753.060746385153,227.642451484679,2491.189512534,18.0607388911066,18.0607388911066,617.052411289112,889.069081481193
"KER3",106.7,3716,-5.267674783,1837.38593266123,524.516307367671,6436.38151592285,1837.38593266123,524.516307367671,6436.38151592285,16.6791657185277,16.6791657185277,1530.92528806375,2143.84657725872,1838.82154945914,523.71586285841,6456.29611503572,1838.82154945914,523.71586285841,6456.29611503572,16.7081403689566,16.7081403689566,1531.58866384089,2146.0544350774,1649.65728967162,458.780711010447,5931.74278703434,1649.65728967162,458.780711010447,5931.74278703434,17.2744969038181,17.2744969038181,1364.68729224368,1934.62728709955,1837.17265764986,523.56333820139,6446.59991971775,1837.17265764986,523.56333820139,6446.59991971775,16.702074036162,16.702074036162,1530.32672019705,2144.01859510266,1787.5213415769,560.791453130075,5697.71976509021,1787.5213415769,560.791453130075,5697.71976509021,15.4800417652913,15.4800417652913,1510.8122913373,2064.2303918165,1186.30226427312,361.102145302581,3897.27139682397,1186.30226427312,361.102145302581,3897.27139682397,16.8032681850422,16.8032681850422,986.964713322076,1385.63981522416,1594.40419708658,481.97184865166,5274.42577984382,1594.40419708658,481.97184865166,5274.42577984382,16.2235999314694,16.2235999314694,1335.7344388607,1853.07395531246,1594.40419708658,481.97184865166,5274.42577984382,1594.40419708658,481.97184865166,5274.42577984382,16.2235999314694,16.2235999314694,1335.7344388607,1853.07395531246
"KER3",113.3,4273,-5.254473836,1854.59019953274,529.427588318507,6496.6482368759,1854.59019953274,529.427588318507,6496.6482368759,16.6585093458072,16.6585093458072,1545.64311781715,2163.53728124833,1855.42086613348,528.443524146433,6514.57806403087,1855.42086613348,528.443524146433,6514.57806403087,16.6881891550798,16.6881891550798,1545.78472237031,2165.05700989666,1665.88003504997,463.292364858687,5990.07560166585,1665.88003504997,463.292364858687,5990.07560166585,17.2517083848858,17.2517083848858,1378.48726936112,1953.27280073883,1853.84137414405,528.3136423249,6505.09009262874,1853.84137414405,528.3136423249,6505.09009262874,16.6820268955833,16.6820268955833,1544.58305750789,2163.09969078021,1866.20942198685,585.477929274848,5948.53782281099,1866.20942198685,585.477929274848,5948.53782281099,15.3914994817867,15.3914994817867,1578.97180847269,2153.44703550101,1328.12552288512,404.272157264058,4363.19289578663,1328.12552288512,404.272157264058,4363.19289578663,16.5394089425999,16.5394089425999,1108.46141138411,1547.78963438613,1749.69347552209,528.914186573316,5788.13602659947,1749.69347552209,528.914186573316,5788.13602659947,16.0216728085815,16.0216728085815,1469.36331172084,2030.02363932333,1749.69347552209,528.914186573316,5788.13602659947,1749.69347552209,528.914186573316,5788.13602659947,16.0216728085815,16.0216728085815,1469.36331172084,2030.02363932333
"KER3",119.4,4831,-5.457809158,1606.58178514188,458.628930616806,5627.87225149181,1606.58178514188,458.628930616806,5627.87225149181,16.9824670089951,16.9824670089951,1333.74456350764,1879.41900677613,1615.57258875325,460.132193131067,5672.4455026067,1615.57258875325,460.132193131067,5672.4455026067,17.0008838034364,17.0008838034364,1340.91097017914,1890.23420732736,1432.78398125728,398.466795352653,5151.92222009517,1432.78398125728,398.466795352653,5151.92222009517,17.6095296854475,17.6095296854475,1180.47746074944,1685.09050176511,1613.06722542522,459.697055565392,5660.21870760253,1613.06722542522,459.697055565392,5660.21870760253,16.996253514268,16.996253514268,1338.90623043639,1887.22822041406,1595.81135171854,500.647094966843,5086.64465623718,1595.81135171854,500.647094966843,5086.64465623718,15.7181626467964,15.7181626467964,1344.97912791938,1846.6435755177,957.49757017238,291.455590302788,3145.5961984931,957.49757017238,291.455590302788,3145.5961984931,17.3277904651255,17.3277904651255,791.584397504242,1123.41074284052,1501.48692546488,453.883921351286,4967.04747907808,1501.48692546488,453.883921351286,4967.04747907808,16.3567835933443,16.3567835933443,1255.89195838423,1747.08189254553,1501.48692546488,453.883921351286,4967.04747907808,1501.48692546488,453.883921351286,4967.04747907808,16.3567835933443,16.3567835933443,1255.89195838423,1747.08189254553
"KER3",123,5221,-6.618591747,707.933651621946,202.092950756534,2479.89874571406,707.933651621946,202.092950756534,2479.89874571406,19.1032566242187,19.1032566242187,572.695269423403,843.172033820489,733.063897160294,208.784366022126,2573.86454531221,733.063897160294,208.784366022126,2573.86454531221,19.0372375370104,19.0372375370104,593.508781759823,872.619012560765,605.998201428333,168.532147533314,2179.01347315226,605.998201428333,168.532147533314,2179.01347315226,19.9746381327698,19.9746381327698,484.95225360193,727.044149254736,729.006765644714,207.7546790189,2558.06929049921,729.006765644714,207.7546790189,2558.06929049921,19.0440750023069,19.0440750023069,590.174170423443,867.839360865985,932.737494514903,292.623759376478,2973.09840980696,932.737494514903,292.623759376478,2973.09840980696,16.9525465143178,16.9525465143178,774.614736900782,1090.86025212902,767.788016382256,233.709323671506,2522.35738326289,767.788016382256,233.709323671506,2522.35738326289,17.9037117450579,17.9037117450579,630.325463116079,905.250569648432,977.498325130245,295.487603255062,3233.64826512756,977.498325130245,295.487603255062,3233.64826512756,17.3764747825247,17.3764747825247,807.643575164387,1147.3530750961,977.498325130245,295.487603255062,3233.64826512756,977.498325130245,295.487603255062,3233.64826512756,17.3764747825247,17.3764747825247,807.643575164387,1147.3530750961
"KER3",129.5,5948,-6.314543636,877.440071097338,250.4817403069,3073.68144849196,877.440071097338,250.4817403069,3073.68144849196,18.4981707468757,18.4981707468757,715.129708544245,1039.75043365043,901.640611185226,256.796800545406,3165.75514185475,901.640611185226,256.796800545406,3165.75514185475,18.4581278932843,18.4581278932843,735.214634034866,1068.06658833558,759.203893901891,211.139673935272,2729.90168911833,759.203893901891,211.139673935272,2729.90168911833,19.2958131587545,19.2958131587545,612.709329040593,905.698458763188,897.589943753898,255.798052148757,3149.62408962988,897.589943753898,255.798052148757,3149.62408962988,18.4614408828961,18.4614408828961,731.881906916952,1063.29798059084,1176.18784877735,369.000401577254,3749.09579962033,1176.18784877735,369.000401577254,3749.09579962033,16.3964719710447,16.3964719710447,983.334537825741,1369.04115972897,608.787132605484,185.310562271536,2000.00349835933,608.787132605484,185.310562271536,2000.00349835933,18.5516860357998,18.5516860357998,495.846855138166,721.727410072801,1196.35978790039,361.647153012072,3957.66074800897,1196.35978790039,361.647153012072,3957.66074800897,16.8810943793923,16.8810943793923,994.40116298783,1398.31841281296,1196.35978790039,361.647153012072,3957.66074800897,1196.35978790039,361.647153012072,3957.66074800897,16.8810943793923,16.8810943793923,994.40116298783,1398.31841281296
"KER3",131.9,6135,-6.042943811,1062.90224801491,303.425400353476,3723.35733105745,1062.90224801491,303.425400353476,3723.35733105745,17.9891819795113,17.9891819795113,871.694828355193,1254.10966767463,1084.75530488665,308.949805736205,3808.690116104,1084.75530488665,308.949805736205,3808.690116104,17.9698265382578,17.9698265382578,889.826658233971,1279.68395153933,928.536372882782,258.232167382489,3338.77767632747,928.536372882782,258.232167382489,3338.77767632747,18.7272990928156,18.7272990928156,754.646589147442,1102.42615661812,1080.89260874332,308.036231714221,3792.82925626702,1080.89260874332,308.036231714221,3792.82925626702,17.9703303292386,17.9703303292386,886.652636447822,1275.13258103882,1213.58564957275,380.733054253399,3868.30119527444,1213.58564957275,380.733054253399,3868.30119527444,16.324200780445,16.324200780445,1015.47749149382,1411.69380765167,638.149288213819,194.248197897962,2096.46482415101,638.149288213819,194.248197897962,2096.46482415101,18.4163851082852,18.4163851082852,520.625257730581,755.673318697056,1286.19119604624,388.802255796015,4254.83074783079,1286.19119604624,388.802255796015,4254.83074783079,16.7103795714533,16.7103795714533,1071.2637651723,1501.11862692018,1286.19119604624,388.802255796015,4254.83074783079,1286.19119604624,388.802255796015,4254.83074783079,16.7103795714533,16.7103795714533,1071.2637651723,1501.11862692018
"KER3",137.1,6492,-6.057351532,1052.14535045114,300.354642006747,3685.67581003488,1052.14535045114,300.354642006747,3685.67581003488,18.0154780593442,18.0154780593442,862.596335688206,1241.69436521408,1074.16784817857,305.934385872879,3771.5164405874,1074.16784817857,305.934385872879,3771.5164405874,17.9950799385635,17.9950799385635,880.870485224487,1267.46521113265,918.671855897326,255.488779319589,3303.30741359932,918.671855897326,255.488779319589,3303.30741359932,18.7566146659748,18.7566146659748,746.360115841905,1090.98359595275,1070.28974139885,305.014592676504,3755.6240194663,1070.28974139885,305.014592676504,3755.6240194663,17.9957253653025,17.9957253653025,877.683338923703,1262.89614387399,791.59991777473,248.345268870985,2523.22274013802,791.59991777473,248.345268870985,2523.22274013802,17.3692893744182,17.3692893744182,654.104637368781,929.09519818068,885.03030480022,269.397059540283,2907.52483249598,885.03030480022,269.397059540283,2907.52483249598,17.5287624015586,17.5287624015586,729.895445489999,1040.16516411044,964.670016410671,291.609738608227,3191.21112005108,964.670016410671,291.609738608227,3191.21112005108,17.4098797371554,17.4098797371554,796.722126693176,1132.61790612817,964.670016410671,291.609738608227,3191.21112005108,964.670016410671,291.609738608227,3191.21112005108,17.4098797371554,17.4098797371554,796.722126693176,1132.61790612817
"KER3",141,6775,-6.487512222,776.574558942282,221.687786333555,2720.34853868319,776.574558942282,221.687786333555,2720.34853868319,18.8376086234818,18.8376086234818,630.286482859205,922.862635025359,801.485021962682,228.271427408896,2814.09832024157,801.485021962682,228.271427408896,2814.09832024157,18.783178422756,18.783178422756,650.940660255766,952.029383669598,667.839145880632,185.730527247097,2401.37758386482,667.839145880632,185.730527247097,2401.37758386482,19.676217470553,19.676217470553,536.433663183676,799.244628577589,797.409128559196,227.248203113789,2798.09173228597,797.409128559196,227.248203113789,2798.09173228597,18.7884439065882,18.7884439065882,647.588361733837,947.229895384554,766.391421265532,240.436714684914,2442.8707211339,766.391421265532,240.436714684914,2442.8707211339,17.4539249700937,17.4539249700937,632.626037620611,900.156804910453,617.971761008908,188.106299176173,2030.17708113426,617.971761008908,188.106299176173,2030.17708113426,18.5084592217979,18.5084592217979,503.594709620348,732.348812397468,911.854567577417,275.644176326063,3016.49308719017,911.854567577417,275.644176326063,3016.49308719017,17.5537101474541,17.5537101474541,751.790259818556,1071.91887533628,911.854567577417,275.644176326063,3016.49308719017,911.854567577417,275.644176326063,3016.49308719017,17.5537101474541,17.5537101474541,751.790259818556,1071.91887533628
"KER3",148.9,7444,-5.697995772,1355.99677215049,387.094734474595,4750.0704151356,1355.99677215049,387.094734474595,4750.0704151356,17.3817507357017,17.3817507357017,1120.30079323113,1591.69275106985,1371.87788148097,390.725358122707,4816.80772074606,1371.87788148097,390.725358122707,4816.80772074606,17.3856873555171,17.3856873555171,1133.3674821072,1610.38828085475,1199.09497530089,333.476321889322,4311.63673524338,1199.09497530089,333.476321889322,4311.63673524338,18.0518028984473,18.0518028984473,982.636713794389,1415.55323680739,1368.6177918361,390.033074372094,4802.45082585833,1368.6177918361,390.033074372094,4802.45082585833,17.3830259409415,17.3830259409415,1130.71060604889,1606.52497762331,1637.83256581445,513.830231395494,5220.58717011851,1637.83256581445,513.830231395494,5220.58717011851,15.6629632098829,15.6629632098829,1381.29945359145,1894.36567803745,1146.79032501712,349.074986238573,3767.46573486665,1146.79032501712,349.074986238573,3767.46573486665,16.8840656570818,16.8840656570818,953.165493592168,1340.41515644207,1870.2049498931,565.343555106381,6186.79831584263,1870.2049498931,565.343555106381,6186.79831584263,15.8800229599611,15.8800229599611,1573.21597445175,2167.19392533445,1870.2049498931,565.343555106381,6186.79831584263,1870.2049498931,565.343555106381,6186.79831584263,15.8800229599611,15.8800229599611,1573.21597445175,2167.19392533445
"KER3",152.8,7693,-5.439231627,1627.79211068673,464.683816220906,5702.1722365177,1627.79211068673,464.683816220906,5702.1722365177,16.9523468598868,16.9523468598868,1351.84314592524,1903.74107544821,1636.13415690115,465.988345625835,5744.63933380874,1636.13415690115,465.988345625835,5744.63933380874,16.9718291931862,16.9718291931862,1358.45226242051,1913.81605138179,1452.65231424681,403.99231146597,5223.36362894956,1452.65231424681,403.99231146597,5223.36362894956,17.5762227407433,17.5762227407433,1197.33090784623,1707.97372064739,1633.70143425596,465.57745837434,5732.6237090801,1633.70143425596,465.57745837434,5732.6237090801,16.9670539908102,16.9670539908102,1356.51042985711,1910.89243865482,2122.9190226795,666.014338355073,6766.79902715812,2122.9190226795,666.014338355073,6766.79902715812,15.1325495502471,15.1325495502471,1801.6672496609,2444.17079569809,1699.67501730249,517.369235100633,5583.81706612359,1699.67501730249,517.369235100633,5583.81706612359,15.990922025391,15.990922025391,1427.8813106006,1971.46872400438,2301.24707938248,695.643119279858,7612.7226354925,2301.24707938248,695.643119279858,7612.7226354925,15.4545638316928,15.4545638316928,1945.59938057435,2656.89477819061,2301.24707938248,695.643119279858,7612.7226354925,2301.24707938248,695.643119279858,7612.7226354925,15.4545638316928,15.4545638316928,1945.59938057435,2656.89477819061
"KER3",154.2,7771,-5.360364835,1720.99842156565,491.291307405279,6028.6748867473,1720.99842156565,491.291307405279,6028.6748867473,16.8256591151792,16.8256591151792,1431.4290937754,2010.5677493559,1726.37774542605,491.690675928445,6061.4940770934,1726.37774542605,491.690675928445,6061.4940770934,16.8495820080942,16.8495820080942,1435.490311441,2017.2651794111,1540.11281068293,428.315659710185,5537.84905094209,1540.11281068293,428.315659710185,5537.84905094209,17.4362171145751,17.4362171145751,1271.57539720287,1808.65022416299,1724.27914113434,491.39058289609,6050.45896286476,1724.27914113434,491.39058289609,6050.45896286476,16.8442028461912,16.8442028461912,1433.83806496711,2014.72021730157,2151.99556935765,675.136399437298,6859.48044631394,2151.99556935765,675.136399437298,6859.48044631394,15.1057249135803,15.1057249135803,1826.92103849805,2477.07010021725,2013.81826086493,612.992250076681,6615.84871144086,2013.81826086493,612.992250076681,6615.84871144086,15.6344467595368,15.6344467595368,1698.96891703617,2328.66760469368,2307.27238807665,697.464507592392,7632.6548732313,2307.27238807665,697.464507592392,7632.6548732313,15.4493452853116,15.4493452853116,1950.81391017004,2663.73086598327,2307.27238807665,697.464507592392,7632.6548732313,2307.27238807665,697.464507592392,7632.6548732313,15.4493452853116,15.4493452853116,1950.81391017004,2663.73086598327
"KER3",157,7926,-5.346834921,1737.5163932136,496.006672500864,6086.53750858715,1737.5163932136,496.006672500864,6086.53750858715,16.8041153657183,16.8041153657183,1445.54213399972,2029.49065242748,1742.35216570818,496.240360102083,6117.58194904475,1742.35216570818,496.240360102083,6117.58194904475,16.8287867706562,16.8287867706562,1449.13543494724,2035.56889646911,1555.63761538738,432.633211595173,5593.67225064684,1555.63761538738,432.633211595173,5593.67225064684,17.4124224276174,17.4124224276174,1284.76342235322,1826.51180842155,1740.31523759452,495.96060093955,6106.72928548378,1740.31523759452,495.96060093955,6106.72928548378,16.8233057970055,16.8233057970055,1447.53668334211,2033.09379184693,2141.64202985147,671.888227608712,6826.47856526735,2141.64202985147,671.888227608712,6826.47856526735,15.1152239280669,15.1152239280669,1817.92804130183,2465.35601840112,1811.42981032323,551.38661559713,5950.95685116359,1811.42981032323,551.38661559713,5950.95685116359,15.8551835550053,15.8551835550053,1524.2242889264,2098.63533172006,2255.03953298898,681.67505735577,7459.86411042932,2255.03953298898,681.67505735577,7459.86411042932,15.495164604642,15.495164604642,1905.61744545259,2604.46162052537,2255.03953298898,681.67505735577,7459.86411042932,2255.03953298898,681.67505735577,7459.86411042932,15.495164604642,15.495164604642,1905.61744545259,2604.46162052537
"KER3",160.9,8255,-5.87192068,1199.30910365498,342.365298035359,4201.19192676225,1199.30910365498,342.365298035359,4201.19192676225,17.6828051324529,17.6828051324529,987.237611919899,1411.38059539005,1218.69397515745,347.09695834686,4278.96289313163,1218.69397515745,347.09695834686,4278.96289313163,17.6753880341418,17.6753880341418,1003.28508609966,1434.10286421524,1054.04497963543,293.136949245014,3790.07430471018,1054.04497963543,293.136949245014,3790.07430471018,18.3861885011943,18.3861885011943,860.246282792288,1247.84367647858,1215.06983637535,346.274487066604,4263.65430435318,1215.06983637535,346.274487066604,4263.65430435318,17.6742697937254,17.6742697937254,1000.31511531219,1429.8245574385,1236.0296949952,387.774328980485,3939.84153341622,1236.0296949952,387.774328980485,3939.84153341622,16.2821844531129,16.2821844531129,1034.77706016083,1437.28232982956,890.646237968894,271.106510475476,2925.97444383357,890.646237968894,271.106510475476,2925.97444383357,17.5124376544098,17.5124376544098,734.672370823245,1046.62010511454,1492.71016877286,451.230798852142,4938.01321546762,1492.71016877286,451.230798852142,4938.01321546762,16.3699044914921,16.3699044914921,1248.35493980995,1737.06539773576,1492.71016877286,451.230798852142,4938.01321546762,1492.71016877286,451.230798852142,4938.01321546762,16.3699044914921,16.3699044914921,1248.35493980995,1737.06539773576
"KER3",163.5,8724,-6.020862156,1079.60238123385,308.19276688918,3781.85806672385,1079.60238123385,308.19276688918,3781.85806672385,17.9490285635797,17.9490285635797,885.824241453097,1273.3805210146,1101.18480526138,313.629101542596,3866.37582218709,1101.18480526138,313.629101542596,3866.37582218709,17.9312597729165,17.9312597729165,903.728497250082,1298.64111327269,943.860958689676,262.494037054721,3393.88094043781,943.860958689676,262.494037054721,3393.88094043781,18.6825466918793,18.6825466918793,767.523694376057,1120.19822300329,1097.34705799809,312.725473274734,3850.5675699759,1097.34705799809,312.725473274734,3850.5675699759,17.9315480265862,17.9315480265862,900.575743274828,1294.11837272134,1293.15681140629,405.696575770025,4121.93407280429,1293.15681140629,405.696575770025,4121.93407280429,16.1795078744994,16.1795078744994,1083.93040327519,1502.3832195374,620.612909434418,188.910246358301,2038.85385140057,620.612909434418,188.910246358301,2038.85385140057,18.4961845675417,18.4961845675417,505.823200255438,735.402618613399,1573.13819104321,475.54335563534,5204.07600861615,1573.13819104321,475.54335563534,5204.07600861615,16.2531950846221,16.2531950846221,1317.45297190226,1828.82341018415,1573.13819104321,475.54335563534,5204.07600861615,1573.13819104321,475.54335563534,5204.07600861615,16.2531950846221,16.2531950846221,1317.45297190226,1828.82341018415
"KER3",164.9,8976,-6.335572261,864.509614870242,246.790498835931,3028.38592947599,864.509614870242,246.790498835931,3028.38592947599,18.5387832165148,18.5387832165148,704.240051483521,1024.77917825696,888.825211647063,253.146838955072,3120.75892442669,888.825211647063,253.146838955072,3120.75892442669,18.4970438544517,18.4970438544517,724.418822459283,1053.23160083484,747.460666694177,207.873804010868,2687.67606824424,747.460666694177,207.873804010868,2687.67606824424,19.341273482484,19.341273482484,602.892254974858,892.029078413495,884.768035995286,252.144023878602,3104.63228704501,884.768035995286,252.144023878602,3104.63228704501,18.5005871277681,18.5005871277681,721.080754617336,1048.45531737324,885.038601977,277.65938908514,2821.05831022058,885.038601977,277.65938908514,2821.05831022058,17.0836886643841,17.0836886643841,733.841362655632,1036.23584129837,545.59545097213,166.075454584151,1792.40452399695,545.59545097213,166.075454584151,1792.40452399695,18.8743035281692,18.8743035281692,442.618109519767,648.572792424494,1144.5522973106,345.986286050488,3786.27712743452,1144.5522973106,345.986286050488,3786.27712743452,16.9872066318041,16.9872066318041,950.12483355739,1338.97976106382,1144.5522973106,345.986286050488,3786.27712743452,1144.5522973106,345.986286050488,3786.27712743452,16.9872066318041,16.9872066318041,950.12483355739,1338.97976106382
"KER3",167,9355,-6.57676386,729.151047248745,208.149854648254,2554.2234973086,729.151047248745,208.149854648254,2554.2234973086,19.0176772077211,19.0176772077211,590.483454726261,867.818639771228,754.237671223581,214.814881249004,2648.20789595744,754.237671223581,214.814881249004,2648.20789595744,18.9554230438567,18.9554230438567,611.268729887018,897.206612560145,625.082958031565,173.839745819764,2247.63734311137,625.082958031565,173.839745819764,2247.63734311137,19.8784325048524,19.8784325048524,500.826264119926,749.339651943205,750.171416425154,213.786248870722,2632.33560153639,750.171416425154,213.786248870722,2632.33560153639,18.9617498865713,18.9617498865713,607.925788722067,892.41704412824,943.703506520918,296.064079592442,3008.05254540109,943.703506520918,296.064079592442,3008.05254540109,16.9236194052238,16.9236194052238,783.994716763566,1103.41229627827,778.715116126317,237.035456713942,2558.25537871084,778.715116126317,237.035456713942,2558.25537871084,17.8657091064614,17.8657091064614,639.592138711146,917.838093541488,1165.35205609761,352.273837357991,3855.08451276451,1165.35205609761,352.273837357991,3855.08451276451,16.9438779560322,16.9438779560322,967.896225954315,1362.8078862409,1165.35205609761,352.273837357991,3855.08451276451,1165.35205609761,352.273837357991,3855.08451276451,16.9438779560322,16.9438779560322,967.896225954315,1362.8078862409
"KER3",169.6,9823,-6.526133467,755.686054631587,215.72477064223,2647.17589669725,755.686054631587,215.72477064223,2647.17589669725,18.9151082095288,18.9151082095288,612.747219673703,898.624889589471,780.687209083788,222.347989911309,2741.07500890897,780.687209083788,222.347989911309,2741.07500890897,18.8573269265328,18.8573269265328,633.470469793233,927.903948374342,648.989864395305,180.488416163773,2333.60042178916,648.989864395305,180.488416163773,2333.60042178916,19.7632134016031,19.7632134016031,520.728612540086,777.251116250524,776.613771818296,221.321875858145,2725.12126620693,776.613771818296,221.321875858145,2725.12126620693,18.863047037955,18.863047037955,630.120750736974,923.106792899618,894.085799288786,280.497727743941,2849.89622881939,894.085799288786,280.497727743941,2849.89622881939,17.0581215077151,17.0581215077151,741.57155726288,1046.60004131469,882.712684102752,268.691591944833,2899.91092403019,882.712684102752,268.691591944833,2899.91092403019,17.535538550358,17.535538550358,727.924261093014,1037.50110711249,1086.79212213403,328.525984290641,3595.20151589492,1086.79212213403,328.525984290641,3595.20151589492,17.1130332365918,17.1130332365918,900.80902506057,1272.77521920749,1086.79212213403,328.525984290641,3595.20151589492,1086.79212213403,328.525984290641,3595.20151589492,17.1130332365918,17.1130332365918,900.80902506057,1272.77521920749
"KER3",175.1,10317,-6.656713389,689.134497094181,196.726379183704,2414.04511716133,689.134497094181,196.726379183704,2414.04511716133,19.1819267328082,19.1819267328082,556.945222771069,821.323771417292,714.284443728013,203.435778683029,2507.92790655953,714.284443728013,203.435778683029,2507.92790655953,19.1124202723018,19.1124202723018,577.767398903043,850.801488552984,589.112479482815,163.836115473448,2118.29676551771,589.112479482815,163.836115473448,2118.29676551771,20.0631339590039,20.0631339590039,470.918053554969,707.306905410662,710.237989164799,202.405893085872,2492.21005160579,710.237989164799,202.405893085872,2492.21005160579,19.1197306543505,19.1197306543505,574.442398631614,846.033579697983,864.568388462735,271.237356231299,2755.80955630475,864.568388462735,271.237356231299,2755.80955630475,17.142807158694,17.142807158694,716.35709687354,1012.77968005193,547.226065780217,166.571802372649,1797.76146264756,547.226065780217,166.571802372649,1797.76146264756,18.8653699012395,18.8653699012395,443.989844274779,650.462287285655,1001.23196224003,302.662035543898,3312.16117148473,1001.23196224003,302.662035543898,3312.16117148473,17.3161388747393,17.3161388747393,827.857245200273,1174.6066792798,1001.23196224003,302.662035543898,3312.16117148473,1001.23196224003,302.662035543898,3312.16117148473,17.3161388747393,17.3161388747393,827.857245200273,1174.6066792798
"KER3",177.8,10540,-6.9042187,578.649796411303,165.186447265933,2027.01609259622,578.649796411303,165.186447265933,2027.01609259622,19.7088863674141,19.7088863674141,464.604365571326,692.69522725128,603.526580176476,171.89076546774,2119.04538320223,603.526580176476,171.89076546774,2119.04538320223,19.6153688642099,19.6153688642099,485.142615281308,721.910545071643,490.359803993027,136.372336809209,1763.20757565725,490.359803993027,136.372336809209,1763.20757565725,20.6573317265286,20.6573317265286,389.064552628632,591.655055357422,599.596234904452,170.874852187894,2103.97048078363,599.596234904452,170.874852187894,2103.97048078363,19.6259336915012,19.6259336915012,481.919875425367,717.272594383538,499.566464847347,156.726858158603,1592.36684593985,499.566464847347,156.726858158603,1592.36684593985,18.6560106650083,18.6560106650083,406.367291886621,592.765637808073,578.70478751979,176.153705985139,1901.17618715657,578.70478751979,176.153705985139,1901.17618715657,18.6994866054163,18.6994866054163,470.489963292624,686.919611746956,488.260351849377,147.596039219016,1615.20710480802,488.260351849377,147.596039219016,1615.20710480802,19.3248088976392,19.3248088976392,393.904971931544,582.61573176721,488.260351849377,147.596039219016,1615.20710480802,488.260351849377,147.596039219016,1615.20710480802,19.3248088976392,19.3248088976392,393.904971931544,582.61573176721
"KER3",179.1,10648,-6.937925826,565.04206890697,161.301865994593,1979.3480854423,565.04206890697,161.301865994593,1979.3480854423,19.7829000956637,19.7829000956637,453.260360916633,676.823776897307,589.835504851766,167.991402134061,2070.9745758661,589.835504851766,167.991402134061,2070.9745758661,19.6859194812113,19.6859194812113,473.720962295052,705.950047408481,478.25881817806,133.006971826508,1719.69554696296,478.25881817806,133.006971826508,1719.69554696296,20.7409880716273,20.7409880716273,379.063213748243,577.454422607877,585.926294655166,166.979148907025,2056.0029501617,585.926294655166,166.979148907025,2056.0029501617,19.6969534575388,19.6969534575388,470.516665101456,701.335924208875,767.803053230445,240.879579965723,2447.37029445951,767.803053230445,240.879579965723,2447.37029445951,17.4490903185367,17.4490903185367,633.828405003782,901.777701457108,526.183760202024,160.166671138196,1728.63272697633,526.183760202024,160.166671138196,1728.63272697633,18.983432557836,18.983432557836,426.296020953787,626.071499450261,930.093766652342,281.157696995495,3076.82992146361,930.093766652342,281.157696995495,3076.82992146361,17.5028491609235,17.5028491609235,767.30085762003,1092.88667568465,930.093766652342,281.157696995495,3076.82992146361,930.093766652342,281.157696995495,3076.82992146361,17.5028491609235,17.5028491609235,767.30085762003,1092.88667568465
"KER3",184.3,10776,-5.611853516,1441.0230763182,411.367089181575,5047.91841907653,1441.0230763182,411.367089181575,5047.91841907653,17.2364074332901,17.2364074332901,1192.64246767626,1689.40368496014,1454.73322559929,414.323438126783,5107.72155982871,1454.73322559929,414.323438126783,5107.72155982871,17.2456913564514,17.2456913564514,1203.85442345269,1705.6120277459,1278.1644762143,355.466078231693,4595.95029822039,1278.1644762143,355.466078231693,4595.95029822039,17.8906506179771,17.8906506179772,1049.4925354517,1506.8364169769,1451.70687790911,413.712067792417,5094.00866794646,1451.70687790911,413.712067792417,5094.00866794646,17.2423029625557,17.2423029625557,1201.39917989177,1702.01457592646,2027.52624985098,636.087170243379,6462.73480451095,2027.52624985098,636.087170243379,6462.73480451095,15.2239175019757,15.2239175019757,1718.85732624276,2336.19517345919,2121.30673670776,645.710993343967,6968.97267908933,2121.30673670776,645.710993343967,6968.97267908933,15.5283097380727,15.5283097380727,1791.90365613718,2450.70981727835,1967.7213254321,594.82174381049,6509.39084666994,1967.7213254321,594.82174381049,6509.39084666994,15.7736035007752,15.7736035007752,1657.34076555824,2278.10188530596,1967.7213254321,594.82174381049,6509.39084666994,1967.7213254321,594.82174381049,6509.39084666994,15.7736035007752,15.7736035007752,1657.34076555824,2278.10188530596
"KER3",187,10810,-6.175250443,968.113949127599,276.366300993753,3391.31296082521,968.113949127599,276.366300993753,3391.31296082521,18.2335833114803,18.2335833114803,791.592085663357,1144.63581259184,991.323519046411,282.339443053586,3480.64127628121,991.323519046411,282.339443053586,3480.64127628121,18.204427305443,18.204427305443,810.858749659848,1171.78828843297,841.789146053895,234.107184180273,3026.8569881584,841.789146053895,234.107184180273,3026.8569881584,18.9999982644801,18.9999982644801,681.849222913073,1001.72906919472,987.343505925851,281.376309276928,3464.56743710614,987.343505925851,281.376309276928,3464.56743710614,18.2062621906751,18.2062621906751,807.585158514387,1167.10185333731,1772.83425538508,556.183736166822,5650.90471491971,1772.83425538508,556.183736166822,5650.90471491971,15.4971153933948,15.4971153933948,1498.09608509442,2047.57242567573,926.216178305127,281.933752528807,3042.82974727016,926.216178305127,281.933752528807,3042.82974727016,17.412044971908,17.412044971908,764.943000801551,1087.4893558087,1795.27832842482,542.694014714882,5938.93462820872,1795.27832842482,542.694014714882,5938.93462820872,15.9666783741957,15.9666783741957,1508.6320118036,2081.92464504605,1795.27832842482,542.694014714882,5938.93462820872,1795.27832842482,542.694014714882,5938.93462820872,15.9666783741957,15.9666783741957,1508.6320118036,2081.92464504605
"KER3",190.9,10859,-4.942428734,2311.66471294394,659.908088742866,8097.7848828163,2311.66471294394,659.908088742866,8097.7848828163,16.1847073654104,16.1847073654104,1937.52854388451,2685.80088200337,2294.55448760404,653.513432940049,8056.42245622642,2294.55448760404,653.513432940049,8056.42245622642,16.2300746846588,16.2300746846588,1922.14658058571,2666.96239462236,2099.44941390897,583.870905111059,7549.07943344825,2099.44941390897,583.870905111059,7549.07943344825,16.7300103686782,16.7300103686782,1748.21130927685,2450.68751854109,2295.06641101688,654.055364117493,8053.33939594704,2295.06641101688,654.055364117493,8053.33939594704,16.2217779869762,16.2217779869762,1922.76583316806,2667.3669888657,4062.5168204626,1274.51609003046,12949.2621126087,4062.5168204626,1274.51609003046,12949.2621126087,13.9506352001942,13.9506352001942,3495.76991889333,4629.26372203186,2621.39989306347,797.935866422022,8611.89186816019,2621.39989306347,797.935866422022,8611.89186816019,15.110728749645,15.110728749645,2225.28726577916,3017.51252034777,3594.71575504692,1086.64528166889,11891.6279098334,3594.71575504692,1086.64528166889,11891.6279098334,14.6126483099641,14.6126483099641,3069.43258401904,4119.99892607479,3594.71575504692,1086.64528166889,11891.6279098334,3594.71575504692,1086.64528166889,11891.6279098334,14.6126483099641,14.6126483099641,3069.43258401904,4119.99892607479
"KER3",194.5,10907,-5.003478896,2214.14526108719,632.069330496615,7756.17325609366,2214.14526108719,632.069330496615,7756.17325609366,16.2752719584217,16.2752719584217,1853.78709829075,2574.50342388364,2201.14642139218,626.909825858945,7728.45689851692,2201.14642139218,626.909825858945,7728.45689851692,16.3177129019522,16.3177129019522,1841.96966779781,2560.32317498655,2006.55263123899,558.035689353974,7215.0465261339,2006.55263123899,558.035689353974,7215.0465261339,16.8295806702794,16.8295806702794,1668.85823747301,2344.24702500497,2201.17462611809,627.297783044966,7723.87511262543,2201.17462611809,627.297783044966,7723.87511262543,16.3098144164273,16.3098144164273,1842.16712961674,2560.18212261944,3004.87192664787,942.705664553395,9578.02168276363,3004.87192664787,942.705664553395,9578.02168276363,14.4759931770584,14.4759931770584,2569.88687156698,3439.85698172876,2386.55513922671,726.450759314456,7840.37370673866,2386.55513922671,726.450759314456,7840.37370673866,15.293079917329,15.293079917329,2021.57735451364,2751.53292393977,2878.57512176585,870.163397371454,9522.57329678516,2878.57512176585,870.163397371454,9522.57329678516,15.0202395325904,15.0202395325904,2446.20624335106,3310.94400018063,2878.57512176585,870.163397371454,9522.57329678516,2878.57512176585,870.163397371454,9522.57329678516,15.0202395325904,15.0202395325904,2446.20624335106,3310.94400018063
"KER3",198.1,10955,-3.872813414,4919.05993890672,1404.23800411849,17231.5167454443,4919.05993890672,1404.23800411849,17231.5167454443,14.7469874457763,14.7469874457763,4193.64678726594,5644.47309054751,4752.58041275818,1353.5852635639,16686.8103456318,4752.58041275818,1353.5852635639,16686.8103456318,14.8342213278156,14.8342213278156,4047.57211554722,5457.58870996915,4639.42174653907,1290.25417635576,16682.1658373186,4639.42174653907,1290.25417635576,16682.1658373186,15.158708840737,15.158708840737,3936.14531208738,5342.69818099076,4771.18497526769,1359.70754976453,16741.9869604772,4771.18497526769,1359.70754976453,16741.9869604772,14.82022656063,14.82022656063,4064.08455230628,5478.2853982291,5035.72462519146,1579.83642736974,16051.3595340872,5035.72462519146,1579.83642736974,16051.3595340872,13.599174007823,13.599174007823,4350.90767085688,5720.54157952604,3903.49654362528,1188.19715559422,12823.8695020898,3903.49654362528,1188.19715559422,12823.8695020898,14.3831807298396,14.3831807298396,3342.04958097262,4464.94350627795,5654.46137816634,1709.28501602298,18705.4430229352,5654.46137816634,1709.28501602298,18705.4430229352,13.8465507194181,13.8465507194181,4871.51351552863,6437.40924080405,5654.46137816634,1709.28501602298,18705.4430229352,5654.46137816634,1709.28501602298,18705.4430229352,13.8465507194181,13.8465507194181,4871.51351552863,6437.40924080405
"KER3",202.1,11010,-5.874442846,1197.1754519422,341.75620709932,4193.71772322047,1197.1754519422,341.75620709932,4193.71772322047,17.6872475931734,17.6872475931734,985.428065632495,1408.92283825191,1216.60329211397,346.501509661587,4271.62228478639,1216.60329211397,346.501509661587,4271.62228478639,17.6796601541523,17.6796601541523,1001.51196464399,1431.69461958395,1052.07607048168,292.589382458185,3782.99461443497,1052.07607048168,292.589382458185,3782.99461443497,18.3911287321905,18.3911287321905,858.58740599882,1245.56473496453,1212.97483380364,345.677446535103,4256.30298472933,1212.97483380364,345.677446535103,4256.30298472933,17.6785650619093,17.6785650619093,998.538288625078,1427.4113789822,1989.31972048389,624.100798598763,6340.95158857558,1989.31972048389,624.100798598763,6340.95158857558,15.2620471513612,15.2620471513612,1685.70880675232,2292.93063421547,1614.12171238345,491.32740505918,5302.75509886094,1614.12171238345,491.32740505918,5302.75509886094,16.1027291616244,16.1027291616244,1354.20406469937,1874.03936006753,1887.33911104327,570.523034274671,6243.47958992081,1887.33911104327,570.523034274671,6243.47958992081,15.8608228724078,15.8608228724077,1587.99159763902,2186.68662444752,1887.33911104327,570.523034274671,6243.47958992081,1887.33911104327,570.523034274671,6243.47958992081,15.8608228724078,15.8608228724077,1587.99159763902,2186.68662444752
"KER3",207.5,11085,-6.391958642,830.770500144194,237.159035159527,2910.19746916063,830.770500144194,237.159035159527,2910.19746916063,18.6485673133671,18.6485673133671,675.843704205208,985.69729608318,855.35375592754,243.613813676772,3003.23711836013,855.35375592754,243.613813676772,3003.23711836013,18.6022080619134,18.6022080619134,696.239070584508,1014.46844127057,716.861027914655,199.363840078465,2577.64764733966,716.861027914655,199.363840078465,2577.64764733966,19.46423525902,19.46423525902,577.329510961117,856.392544868192,851.284028235203,242.601644284483,2987.13761345559,851.284028235203,242.601644284483,2987.13761345559,18.606378367837,18.606378367837,692.890900956797,1009.67715551361,791.344004013824,248.264982137329,2522.40701567099,791.344004013824,248.264982137329,2522.40701567099,17.3701309077978,17.3701309077978,653.886514585614,928.801493442034,917.476464770713,279.273444610958,3014.1178105236,917.476464770713,279.273444610958,3014.1178105236,17.4362443240648,17.4362443240648,757.503026757499,1077.44990278393,704.33420083584,212.912922247536,2329.99792229757,704.33420083584,212.912922247536,2329.99792229757,18.2449830960621,18.2449830960621,575.828544953557,832.839856718124,704.33420083584,212.912922247536,2329.99792229757,704.33420083584,212.912922247536,2329.99792229757,18.2449830960621,18.2449830960621,575.828544953557,832.839856718124
"PB1",5.7,-55.5,-7.17336619,478.510926699773,136.59992701921,1676.22861862053,478.510926699773,136.59992701921,1676.22861862053,20.3157970742791,20.3157970742791,381.297617853195,575.724235546352,502.485015355367,143.113057092278,1764.27780795626,502.485015355367,143.113057092278,1764.27780795626,20.1932245571356,20.1932245571356,401.017087838701,603.952942872034,401.664906043788,111.705693259111,1444.28356371179,401.664906043788,111.705693259111,1444.28356371179,21.3447631729049,21.3447631729049,315.93048310007,487.399328987505,498.750136655277,142.135408660869,1750.1036593012,498.750136655277,142.135408660869,1750.1036593012,20.2077235962223,20.2077235962223,397.964087604198,599.536185706356,492.752971039368,154.589289781322,1570.6488516222,492.752971039368,154.589289781322,1570.6488516222,18.6973327019712,18.6973327019712,400.621308645289,584.884633433446,602.921781843758,183.525190358494,1980.73449378568,602.921781843758,183.525190358494,1980.73449378568,18.5797410961484,18.5797410961484,490.900475764903,714.943087922613,569.821913871021,172.251253309847,1885.0197446376,569.821913871021,172.251253309847,1885.0197446376,18.8543519104144,18.8543519104144,462.385684967121,677.258142774922,569.821913871021,172.251253309847,1885.0197446376,569.821913871021,172.251253309847,1885.0197446376,18.8543519104144,18.8543519104144,462.385684967121,677.258142774922
"PB1",10.4,-2.1,-6.372766997,842.103480236804,240.394247078799,2949.89701311151,842.103480236804,240.394247078799,2949.89701311151,18.6110555747564,18.6110555747564,685.379133532975,998.827826940633,866.602154767581,246.817476863132,3042.73143130892,866.602154767581,246.817476863132,3042.73143130892,18.5662804365766,18.5662804365766,705.706368444016,1027.49794109115,727.132648682789,202.220446422545,2614.58175043126,727.132648682789,202.220446422545,2614.58175043126,19.422208909836,19.422208909836,585.907426603994,868.357870761584,862.5359183831,245.808243915921,3026.62025751851,862.5359183831,245.808243915921,3026.62025751851,18.5702357509735,18.5702357509735,702.360964902534,1022.71087186367,918.839965131929,288.26374670624,2928.80006997207,918.839965131929,288.26374670624,2928.80006997207,16.9898445803694,16.9898445803694,762.730483113694,1074.94944715016,1070.70167802846,325.91413213904,3517.4973107453,1070.70167802846,325.91413213904,3517.4973107453,17.0502249208471,17.0502249208471,888.144633693324,1253.2587223636,780.562105842898,235.955827153474,2582.16636744302,780.562105842898,235.955827153474,2582.16636744302,17.9634703288017,17.9634703288017,640.34606356194,920.778148123857,780.562105842898,235.955827153474,2582.16636744302,780.562105842898,235.955827153474,2582.16636744302,17.9634703288017,17.9634703288017,640.34606356194,920.778148123857
"PB1",13.2,29.6,-6.586683143,724.062622892964,206.697268391894,2536.39869529693,724.062622892964,206.697268391894,2536.39869529693,19.0379025260149,19.0379025260149,586.216286519295,861.908959266633,749.161740782092,213.369202470791,2630.38576960743,749.161740782092,213.369202470791,2630.38576960743,18.9747612858789,18.9747612858789,607.010088823555,891.313392740629,620.503427217362,172.566147711728,2231.17052964337,620.503427217362,172.566147711728,2231.17052964337,19.9011632868184,19.9011632868184,497.016026966531,743.990827468194,745.097395920335,212.340238283452,2614.53097112084,745.097395920335,212.340238283452,2614.53097112084,18.981208445777,18.981208445777,603.66890607664,886.525885764031,756.6067482525,237.367010917048,2411.68210059854,756.6067482525,237.367010917048,2411.68210059854,17.4877577930973,17.4877577930973,624.293192671874,888.920303833127,1038.63728960887,316.153955668986,3412.1585386568,1038.63728960887,316.153955668986,3412.1585386568,17.1248622904656,17.1248622904656,860.772084065926,1216.50249515181,648.179210350638,195.937851167928,2144.23239933718,648.179210350638,195.937851167928,2144.23239933718,18.4791287292179,18.4791287292179,528.401339673916,767.957081027361,648.179210350638,195.937851167928,2144.23239933718,648.179210350638,195.937851167928,2144.23239933718,18.4791287292179,18.4791287292179,528.401339673916,767.957081027361
"PB1",20.1,112.8,-5.608238469,1444.70559151938,412.418332276895,5060.81830709225,1444.70559151938,412.418332276895,5060.81830709225,17.2303610789996,17.2303610789996,1195.77760157209,1693.63358146667,1458.31769155413,415.344332014487,5120.30699729297,1458.31769155413,415.344332014487,5120.30699729297,17.2398655595519,17.2398655595519,1206.90568209903,1709.72970100922,1281.59437694492,356.419956534623,4608.28333796535,1281.59437694492,356.419956534623,4608.28333796535,17.8839505834551,17.8839505834551,1052.39467189175,1510.79408199809,1455.30200638099,414.736618999492,5106.6238975612,1455.30200638099,414.736618999492,5106.6238975612,17.2364471778713,17.2364471778713,1204.45964477263,1706.14436798935,1163.25428725253,364.942810435292,3707.87010490054,1163.25428725253,364.942810435292,3707.87010490054,16.422155157446,16.422155157446,972.222863324281,1354.28571118079,1855.99702508485,564.952565309318,6097.37023715929,1855.99702508485,564.952565309318,6097.37023715929,15.8039797495524,15.8039797495524,1562.67563108815,2149.31841908156,813.436976423162,245.893559490548,2690.91925784209,813.436976423162,245.893559490548,2690.91925784209,17.852884164888,17.852884164888,668.215015267968,958.658937578356,813.436976423162,245.893559490548,2690.91925784209,813.436976423162,245.893559490548,2690.91925784209,17.852884164888,17.852884164888,668.215015267968,958.658937578356
"PB1",22.9,145.3,-5.629025967,1423.6579248369,406.40988069862,4987.08811770726,1423.6579248369,406.40988069862,4987.08811770726,17.2651873044128,17.2651873044128,1177.8607175397,1669.45513213411,1437.82600358131,409.508082134086,5048.35852274505,1437.82600358131,409.508082134086,5048.35852274505,17.2734193292408,17.2734193292408,1189.46428875784,1686.18771840477,1261.99647010907,350.969647740936,4537.81431191834,1261.99647010907,350.969647740936,4537.81431191834,17.9225462805014,17.9225462805015,1035.81456869548,1488.17837152267,1434.7499689818,408.879633667843,5034.50723389543,1434.7499689818,408.879633667843,5034.50723389543,17.2701739526195,17.2701739526195,1186.96615355349,1682.53378441011,1694.625240624,531.647555246575,5401.61367774571,1694.625240624,531.647555246575,5401.61367774571,15.5911540251456,15.5911540251456,1430.41360920932,1958.83687203869,2055.4370725678,625.660726436758,6752.5759261687,2055.4370725678,625.660726436758,6752.5759261687,15.5925213003623,15.5925213003623,1734.94260921212,2375.93153592347,1227.33656582739,371.011111630613,4060.13458517849,1227.33656582739,371.011111630613,4060.13458517849,16.8204230116414,16.8204230116414,1020.89336367867,1433.77976797611,1227.33656582739,371.011111630613,4060.13458517849,1227.33656582739,371.011111630613,4060.13458517849,16.8204230116414,16.8204230116414,1020.89336367867,1433.77976797611
"PB1",24.3,161.6,-5.941602631,1141.73623220335,325.930041075151,3999.51357544651,1141.73623220335,325.930041075151,3999.51357544651,17.8063672385547,17.8063672385547,938.434485801585,1345.03797860512,1162.23309776408,331.016302162191,4080.72280644482,1162.23309776408,331.016302162191,4080.72280644482,17.7941819486708,17.7941819486708,955.423225680263,1369.04296984789,1000.97980235588,278.379168999002,3599.26559277867,1000.97980235588,278.379168999002,3599.26559277867,18.5236598852316,18.5236598852316,815.561708247617,1186.39789646415,1158.49879532144,330.152690905322,4065.14772022897,1158.49879532144,330.152690905322,4065.14772022897,17.7937116259276,17.7937116259276,952.358860492099,1364.63873015078,1272.78084687343,399.304111247487,4056.98573727884,1272.78084687343,399.304111247487,4056.98573727884,16.2154524761759,16.2154524761759,1066.3936735228,1479.16802022406,1696.36017709859,516.360220834192,5572.92706590967,1696.36017709859,516.360220834192,5572.92706590967,15.9951200081146,15.9951200081146,1425.02533100181,1967.69502319538,878.81375865909,265.656282550814,2907.19125854211,878.81375865909,265.656282550814,2907.19125854211,17.6492854002426,17.6492854002426,723.709410256748,1033.91810706143,878.81375865909,265.656282550814,2907.19125854211,878.81375865909,265.656282550814,2907.19125854211,17.6492854002426,17.6492854002426,723.709410256748,1033.91810706143
"PB1",31,256.4,-5.752302347,1304.9912175923,372.534241408583,4571.3974413569,1304.9912175923,372.534241408583,4571.3974413569,17.4746458401231,17.4746458401231,1076.94862407333,1533.03381111126,1322.08613059003,376.544139837141,4641.98363956613,1322.08613059003,376.544139837141,4641.98363956613,17.4751190232245,17.4751190232245,1091.05000567988,1553.12225550018,1151.78069542821,320.317904624813,4141.50676939188,1151.78069542821,320.317904624813,4141.50676939188,18.1548985433132,18.1548985433132,942.676078731749,1360.88531212467,1318.6976931836,375.806685042263,4627.28225766442,1318.6976931836,375.806685042263,4627.28225766442,17.4729284093891,17.4729284093891,1088.28258931736,1549.11279704984,1622.43616928074,508.999985521345,5171.51119502335,1622.43616928074,508.999985521345,5171.51119502335,15.6829770046542,15.6829770046542,1367.98987793725,1876.88246062423,1808.2461128856,550.417520275184,5940.49768461432,1808.2461128856,550.417520275184,5940.49768461432,15.8589022939667,15.8589022939667,1521.47812860862,2095.01409716258,1426.61677074315,431.251450271489,4719.37058828289,1426.61677074315,431.251450271489,4719.37058828289,16.4719763475256,16.4719763475256,1191.6247936965,1661.60874778979,1426.61677074315,431.251450271489,4719.37058828289,1426.61677074315,431.251450271489,4719.37058828289,16.4719763475256,16.4719763475256,1191.6247936965,1661.60874778979
"PB1",39.2,472.8,-3.913848434,4778.59550694454,1364.13979510336,16739.4684188216,4778.59550694454,1364.13979510336,16739.4684188216,14.7974166803772,14.7974166803772,4071.48681831217,5485.70419557691,4621.65471227467,1316.29623667642,16227.1164228372,4621.65471227467,1316.29623667642,16227.1164228372,14.8833286648495,14.8833286648495,3933.79865169233,5309.51077285702,4500.41735502455,1251.59612660695,16182.341842423,4500.41735502455,1251.59612660695,16182.341842423,15.2135264703236,15.2135264703236,3815.74516944286,5185.08954060625,4639.09105969351,1322.06300334362,16278.4722102495,4639.09105969351,1322.06300334362,16278.4722102495,14.869513787922,14.869513787922,3949.28077493812,5328.90134444889,5166.4427093061,1620.84605485557,16468.0230973081,5166.4427093061,1620.84605485557,16468.0230973081,13.5584128534267,13.5584128534267,4465.95507694262,5866.93034166959,6382.18724312315,1942.69333762643,20966.9293744787,6382.18724312315,1942.69333762643,20966.9293744787,13.5760690097596,13.5760690097596,5515.73709866467,7248.63738758162,4067.57946381151,1229.58707540601,13455.9015992892,4067.57946381151,1229.58707540601,13455.9015992892,14.39535554171,14.39535554171,3482.03693805426,4653.12198956875,4067.57946381151,1229.58707540601,13455.9015992892,4067.57946381151,1229.58707540601,13455.9015992892,14.39535554171,14.39535554171,3482.03693805426,4653.12198956875
"PB1",44.7,613.7,-2.874285768,9955.04038715238,2841.85316255381,34872.6072183044,9955.04038715238,2841.85316255381,34872.6072183044,13.6176971672657,13.6176971672657,8599.39313435097,11310.6876399538,9378.71948013434,2671.1586920929,32929.6718114987,9378.71948013434,2671.1586920929,32929.6718114987,13.7317257008626,13.7317257008626,8090.85944686892,10666.5795133998,9726.03652675287,2704.87572236625,34972.3226607165,9726.03652675287,2704.87572236625,34972.3226607165,13.9367481026193,13.9367481026193,8370.54331565058,11081.5297378552,9447.869682337,2692.48411094023,33152.3744826304,9447.869682337,2692.48411094023,33152.3744826304,13.7140869090237,13.7140869090237,8152.18062305,10743.558741624,11617.8868306746,3644.8301267985,37031.9849525936,11617.8868306746,3644.8301267985,37031.9849525936,12.3846027943801,12.3846027943801,10179.0576935949,13056.7159677542,13301.787711781,4048.97151741237,43699.3828107655,13301.787711781,4048.97151741237,43699.3828107655,12.5261048179246,12.5261048179246,11635.5918403455,14967.9835832166,9495.97172382625,2870.53374222139,31413.4885973945,9495.97172382625,2870.53374222139,31413.4885973945,13.062768274649,13.062768274649,8255.53494211663,10736.4085055359,9495.97172382625,2870.53374222139,31413.4885973945,9495.97172382625,2870.53374222139,31413.4885973945,13.062768274649,13.062768274649,8255.53494211663,10736.4085055359
"PB1",47,672.7,-3.260884052,7577.17323413042,2163.04634448511,26542.9145179453,7577.17323413042,2163.04634448511,26542.9145179453,14.0337770122789,14.0337770122789,6513.80963861847,8640.53682964237,7208.51831039043,2053.06240182316,25309.8669505078,7208.51831039043,2053.06240182316,25309.8669505078,14.1385595839593,14.1385595839593,6189.33765395526,8227.6989668256,7302.50901086438,2030.87653244115,26257.9418304942,7302.50901086438,2030.87653244115,26257.9418304942,14.3857278051429,14.3857278051429,6251.9899416154,8353.02808011336,7252.0049508241,2066.69955863784,25447.1316776398,7252.0049508241,2066.69955863784,25447.1316776398,14.1221775293322,14.1221775293322,6227.86393723276,8276.14596441544,8494.88943107787,2665.06546099804,27077.4386229201,8494.88943107787,2665.06546099804,27077.4386229201,12.8131748359465,12.8131748359465,7406.42439615352,9583.35446600222,11219.3178120444,3415.08218669974,36857.9979298528,11219.3178120444,3415.08218669974,36857.9979298528,12.7548041957381,12.7548041957381,9788.31579302055,12650.3198310682,6846.55184714417,2069.64159821409,22648.9804979193,6846.55184714417,2069.64159821409,22648.9804979193,13.5466187705258,13.5466187705258,5919.07556948516,7774.02812480318,6846.55184714417,2069.64159821409,22648.9804979193,6846.55184714417,2069.64159821409,22648.9804979193,13.5466187705258,13.5466187705258,5919.07556948516,7774.02812480318
"PB1",49.9,747.3,-1.980874967,18705.6935357484,5339.89137813383,65526.2337518979,18705.6935357484,5339.89137813383,65526.2337518979,12.7444927224908,12.7444927224908,16321.7477843936,21089.6392871033,17229.7862344763,4907.22569969274,60495.5940184978,17229.7862344763,4907.22569969274,60495.5940184978,12.8755386910498,12.8755386910498,15011.3584414712,19448.2140274815,18861.0551292346,5245.38541233615,67819.4970671546,18861.0551292346,5245.38541233615,67819.4970671546,12.9991814504324,12.9991814504324,16409.2723495193,21312.8379089499,17410.3128232665,4961.64661656811,61092.4187127335,17410.3128232665,4961.64661656811,61092.4187127335,12.8555909262214,12.8555909262214,15172.1142277319,19648.5114188011,15084.3902113534,4732.36146022373,48081.4557300569,15084.3902113534,4732.36146022373,48081.4557300569,12.0484983872673,12.0484983872673,13266.9477000094,16901.8327226974,19357.7349766264,5892.35967828291,63594.5400289115,19357.7349766264,5892.35967828291,63594.5400289115,12.0499841078192,12.0499841078192,17025.1309883092,21690.3389649437,15986.389619484,4832.51974138524,52884.3474507331,15986.389619484,4832.51974138524,52884.3474507331,12.3598384276137,12.3598384276137,14010.4976921069,17962.281546861,15986.389619484,4832.51974138524,52884.3474507331,15986.389619484,4832.51974138524,52884.3474507331,12.3598384276137,12.3598384276137,14010.4976921069,17962.281546861
"PB1",51.2,778.9,-1.869579292,20234.777984541,5776.39723924726,70882.6320499076,20234.777984541,5776.39723924726,70882.6320499076,12.6434961730647,12.6434961730647,17676.3946044374,22793.1613646446,18585.9337955337,5293.47089586817,65257.1709276028,18585.9337955337,5293.47089586817,65257.1709276028,12.7763012068271,12.7763012068271,16211.3389117148,20960.5286793525,20483.1709058606,5696.50664460729,73652.2076658821,20483.1709058606,5696.50664460729,73652.2076658821,12.891147719319,12.891147719319,17842.6550867855,23123.6867249356,18787.8698804323,5354.22723135651,65926.2372311801,18787.8698804323,5354.22723135651,65926.2372311801,12.7561152515038,12.7561152515038,16391.2675451818,21184.4722156828,14542.482782266,4562.35115178636,46354.1271674582,14542.482782266,4562.35115178636,46354.1271674582,12.0944886888258,12.0944886888258,12783.6438470904,16301.3217174417,18894.4842041955,5751.34937022252,62072.656408418,18894.4842041955,5751.34937022252,62072.656408418,12.0796262650642,12.0796262650642,16612.1011276171,21176.8672807739,16051.1223663991,4852.08777924918,53098.4889273758,16051.1223663991,4852.08777924918,53098.4889273758,12.3546805058444,12.3546805058444,14068.0574804284,18034.1872523699,16051.1223663991,4852.08777924918,53098.4889273758,16051.1223663991,4852.08777924918,53098.4889273758,12.3546805058444,12.3546805058444,14068.0574804284,18034.1872523699
"PB1",53.9,844.3,-1.690983125,22953.9924689272,6552.64806110109,80408.0679063711,22953.9924689272,6552.64806110109,80408.0679063711,12.4847303585613,12.4847303585613,20088.2484026572,25819.7365351973,20988.7333740139,5977.81367773828,73693.6532976915,20988.7333740139,5977.81367773828,73693.6532976915,12.6202127240652,12.6202127240652,18339.9105741265,23637.5561739013,23382.746487224,6502.8979812656,84078.334745669,23382.746487224,6502.8979812656,84078.334745669,12.7214893940214,12.7214893940214,20408.1128728208,26357.3801016271,21229.8305265063,6050.14498426408,74495.0253847511,21229.8305265063,6050.14498426408,74495.0253847511,12.5996644919453,12.5996644919453,18554.9431079579,23904.7179450546,13714.2204519055,4302.50394044842,43714.0430797283,13714.2204519055,4302.50394044842,43714.0430797283,12.1689394568028,12.1689394568028,12045.3452681406,15383.0956356703,18217.4015152111,5545.25011634534,59848.2865521569,18217.4015152111,5545.25011634534,59848.2865521569,12.1245613430052,12.1245613430052,16008.6214933978,20426.1815370245,16695.4880424106,5046.87283854745,55230.1058281665,16695.4880424106,5046.87283854745,55230.1058281665,12.3046669099695,12.3046669099695,14641.1638497982,18749.812235023,16695.4880424106,5046.87283854745,55230.1058281665,16695.4880424106,5046.87283854745,55230.1058281665,12.3046669099695,12.3046669099695,14641.1638497982,18749.812235023
"PB1",55.2,876.3,-1.490975376,26435.2292791599,7546.43246116503,92602.8756817189,26435.2292791599,7546.43246116503,92602.8756817189,12.3115977313017,12.3115977313017,23180.6301909624,29689.8283673574,24050.1836026582,6849.74714434581,84442.7274660823,24050.1836026582,6849.74714434581,84442.7274660823,12.4498771063212,12.4498771063212,21055.9653002826,27044.4019050337,27119.8465629303,7542.21047397797,97515.9842243125,27119.8465629303,7542.21047397797,97515.9842243125,12.5367148971374,12.5367148971374,23719.9087187946,30519.784407066,24343.2107209122,6937.40602686987,85419.8105037409,24343.2107209122,6937.40602686987,85419.8105037409,12.428950783002,12.428950783002,21317.6050414076,27368.8164004168,17579.1699218354,5515.03806751191,56033.5597611168,17579.1699218354,5515.03806751191,56033.5597611168,11.8598361273155,11.8598361273155,15494.3091765634,19664.0306671074,18770.1004008276,5713.48780695174,61664.0274664586,18770.1004008276,5713.48780695174,61664.0274664586,12.0877343767126,12.0877343767126,16501.2205221333,21038.9802795219,21037.3049969365,6359.35906249481,69593.208558428,21037.3049969365,6359.35906249481,69593.208558428,12.0189207955132,12.0189207955132,18508.8479718442,23565.7620220288,21037.3049969365,6359.35906249481,69593.208558428,21037.3049969365,6359.35906249481,69593.208558428,12.0189207955132,12.0189207955132,18508.8479718442,23565.7620220288
"PB1",56.8,918.8,-1.359584645,29004.7484153778,8279.94993568248,101603.927218675,29004.7484153778,8279.94993568248,101603.927218675,12.20045179911,12.20045179911,25466.0380655065,32543.458765249,26300.4986957057,7490.66072892138,92343.8207489634,26300.4986957057,7490.66072892138,92343.8207489634,12.3404592945527,12.3404592945527,23054.8963598977,29546.1010315136,29894.2702542949,8313.79623408568,107492.097337301,29894.2702542949,8313.79623408568,107492.097337301,12.4182249521859,12.4182249521859,26181.9325263022,33606.6079822876,26632.9930656909,7589.9555208954,93454.6082232456,26632.9930656909,7589.9555208954,93454.6082232456,12.3192995950741,12.3192995950741,23351.9948587931,29913.9912725887,16978.8312828107,5326.69638458027,54119.9818643063,16978.8312828107,5326.69638458027,54119.9818643063,11.9021471447827,11.9021471447827,14957.9858000661,18999.6767655552,19279.8261515631,5868.64477465706,63338.591907911,19279.8261515631,5868.64477465706,63338.591907911,12.0549092303816,12.0549092303816,16955.6606092168,21603.9916939095,23589.9399077737,7130.99411536098,78037.5436930512,23589.9399077737,7130.99411536098,78037.5436930512,11.8822139176724,11.8822139176724,20786.9327848816,26392.9470306657,23589.9399077737,7130.99411536098,78037.5436930512,23589.9399077737,7130.99411536098,78037.5436930512,11.8822139176724,11.8822139176724,20786.9327848816,26392.9470306657
"PB1",64.9,1274.3,-1.392325179,28341.9971870774,8090.75515586395,99282.3029590898,28341.9971870774,8090.75515586395,99282.3029590898,12.2279594926166,12.2279594926166,24876.349251643,31807.6451225117,25720.7877199238,7325.55289995376,90308.3944609233,25720.7877199238,7325.55289995376,90308.3944609233,12.3675442086008,12.3675442086008,22539.7579278619,28901.8175119858,29177.4457615883,8114.44255469261,104914.58106116,29177.4457615883,8114.44255469261,104914.58106116,12.4475407917328,12.4475407917328,25545.5712984289,32809.3202247477,26043.0164555175,7421.82210012141,91384.3928017705,26043.0164555175,7421.82210012141,91384.3928017705,12.3464415864666,12.3464415864666,22827.6306414832,29258.4022695519,20237.5890472369,6349.05257110801,64507.264014254,20237.5890472369,6349.05257110801,64507.264014254,11.6913907768536,11.6913907768536,17871.5334279107,22603.6446665631,19863.6426945893,6046.35446340917,65256.5613686899,19863.6426945893,6046.35446340917,65256.5613686899,12.0185717188226,12.0185717188226,17476.3165513695,22250.9688378092,24599.5288359615,7436.1823750169,81377.3504243738,24599.5288359615,7436.1823750169,81377.3504243738,11.8329633239283,11.8329633239283,21688.675610943,27510.38206098,24599.5288359615,7436.1823750169,81377.3504243738,24599.5288359615,7436.1823750169,81377.3504243738,11.8329633239283,11.8329633239283,21688.675610943,27510.38206098
"PB1",67.5,1411.9,-1.891772669,19920.1993429317,5686.59486047609,69780.6598849058,19920.1993429317,5686.59486047609,69780.6598849058,12.6635078327507,12.6635078327507,17397.60333884,22442.7953470234,18307.2422276366,5214.09658410014,64278.6554824059,18307.2422276366,5214.09658410014,64278.6554824059,12.7959677748308,12.7959677748308,15964.653411728,20649.8310435452,20148.936043786,5603.55369696955,72450.3851754174,20148.936043786,5603.55369696955,72450.3851754174,12.9125470598397,12.9125470598397,17547.1951950751,22750.6768924969,18504.7358285184,5273.53878394181,64932.725843594,18504.7358285184,5273.53878394181,64932.725843594,12.7758285376766,12.7758285376766,16140.6025077169,20868.86914932,16929.61401001,5311.25565931954,53963.1019314642,16929.61401001,5311.25565931954,53963.1019314642,11.9056956721265,11.9056956721265,14914.0256875125,18945.2023325075,19823.1826707008,6034.03871398751,65123.6410341644,19823.1826707008,6034.03871398751,65123.6410341644,12.0210483664163,12.0210483664163,17440.2282940928,22206.1370473088,16994.5248633873,5137.26856736229,56219.3452698115,16994.5248633873,5137.26856736229,56219.3452698115,12.2822411602868,12.2822411602868,14907.2163356212,19081.8333911535,16994.5248633873,5137.26856736229,56219.3452698115,16994.5248633873,5137.26856736229,56219.3452698115,12.2822411602868,12.2822411602868,14907.2163356212,19081.8333911535
"PB1",71.4,1620.1,-1.611693313,24275.5719336128,6929.91772905041,85037.5741451642,24275.5719336128,6929.91772905041,85037.5741451642,12.4155154224645,12.4155154224645,21261.6345563037,27289.509310922,22152.7789433567,6309.34619101244,77780.7398827291,22152.7789433567,6309.34619101244,77780.7398827291,12.5521313290694,12.5521313290694,19372.1330373481,24933.4248493652,24798.3373521,6896.58325611261,89168.4349469004,24798.3373521,6896.58325611261,89168.4349469004,12.6475907195965,12.6475907195965,21661.9451385416,27934.7295656585,22413.3673830635,6387.43310191775,78648.0311312144,22413.3673830635,6387.43310191775,78648.0311312144,12.5314298177986,12.5314298177986,19604.6519796496,25222.0827864775,19854.1189983093,6228.74814678139,63284.9542010649,19854.1189983093,6228.74814678139,63284.9542010649,11.7139913421056,11.7139913421056,17528.409217796,22179.8287788227,20767.8935711741,6321.60213110757,68227.230129089,20767.8935711741,6321.60213110757,68227.230129089,11.9647517987375,11.9647517987375,18283.0666515572,23252.7204907911,22369.2620555673,6761.99586378142,73999.4367034142,22369.2620555673,6761.99586378142,73999.4367034142,11.9452498143947,11.9452498143947,19697.1978213932,25041.3262897414,22369.2620555673,6761.99586378142,73999.4367034142,22369.2620555673,6761.99586378142,73999.4367034142,11.9452498143947,11.9452498143947,19697.1978213932,25041.3262897414
"PB1",78.3,2008.3,-2.135774506,16767.9396634348,4786.72315820453,58738.2623276784,16767.9396634348,4786.72315820453,58738.2623276784,12.8877738861986,12.8877738861986,14606.9255142371,18928.9538126325,15505.434392663,4416.11202258122,54441.2131023458,15505.434392663,4416.11202258122,54441.2131023458,13.0162497772093,13.0162497772093,13487.2083230726,17523.6604622533,16814.992891277,4676.36183745249,60462.3841699391,16814.992891277,4676.36183745249,60462.3841699391,13.1525904811657,13.1525904811657,14603.3857368502,19026.6000457037,15659.5374153645,4462.70504284873,54948.9849113279,15659.5374153645,4462.70504284873,54948.9849113279,12.9966502273075,12.9966502273075,13624.3221102753,17694.7527204538,15017.7575245481,4711.45707134154,47869.0642090264,15017.7575245481,4711.45707134154,47869.0642090264,12.0540448279103,12.0540448279103,13207.5103003922,16828.0047487039,19128.9674738554,5822.72444406479,62842.987012515,19128.9674738554,5822.72444406479,62842.987012515,12.0645143933821,12.0645143933821,16821.1504396667,21436.784508044,13591.9061357621,4108.69222429509,44963.1907960839,13591.9061357621,4108.69222429509,44963.1907960839,12.5705664853679,12.5705664853679,11883.3265383373,15300.4857331868,13591.9061357621,4108.69222429509,44963.1907960839,13591.9061357621,4108.69222429509,44963.1907960839,12.5705664853679,12.5705664853679,11883.3265383373,15300.4857331868
"PB1",81,2167.2,-2.416779315,13750.5527570874,3925.35342096887,48168.3254596667,13750.5527570874,3925.35342096887,48168.3254596667,13.1560964672428,13.1560964672428,11941.5167715859,15559.588742589,12805.7506806111,3647.21349345647,44962.3392730326,12805.7506806111,3647.21349345647,44962.3392730326,13.2795244347991,13.2795244347991,11105.2078899199,14506.2934713023,13653.0064901234,3796.99229905864,49092.6953593155,13653.0064901234,3796.99229905864,49092.6953593155,13.4403360704957,13.4403360704957,11817.9965341243,15488.0164461226,12920.5117295005,3682.12874505821,45337.8018289586,12920.5117295005,3682.12874505821,45337.8018289586,13.2606094214715,13.2606094214715,11207.173133796,14633.850325205,13892.4711174965,4358.42576216497,44282.2166264465,13892.4711174965,4358.42576216497,44282.2166264465,12.1524654951422,12.1524654951422,12204.1933585201,15580.7488764729,15209.3119014381,4629.60859267226,49966.0314440759,15209.3119014381,4629.60859267226,49966.0314440759,12.3517875987346,12.3517875987346,13330.6900001434,17087.9338027328,11212.1322010251,3389.31125126827,37090.6945905968,11212.1322010251,3389.31125126827,37090.6945905968,12.8300434403348,12.8300434403348,9773.61076904585,12650.6536330044,11212.1322010251,3389.31125126827,37090.6945905968,11212.1322010251,3389.31125126827,37090.6945905968,12.8300434403348,12.8300434403348,9773.61076904585,12650.6536330044
"PB1",82.3,2244.6,-2.154919751,16542.8196062794,4722.45841175438,57949.6644893137,16542.8196062794,4722.45841175438,57949.6644893137,12.9057071424989,12.9057071424989,14407.8517547811,18677.7874577778,15304.6590152316,4358.9290675179,53736.2696075918,15304.6590152316,4358.9290675179,53736.2696075918,13.0338552058091,13.0338552058091,13309.8719194435,17299.4461110197,16578.0311689541,4610.46119970781,59610.3308398371,16578.0311689541,4610.46119970781,59610.3308398371,13.1718032943338,13.1718032943338,14394.4055133061,18761.6568246021,15455.7474345682,4404.62832251792,54233.8901877205,15455.7474345682,4404.62832251792,54233.8901877205,13.0143000888572,13.0143000888572,13444.2900824576,17467.2047866787,15872.9364274588,4979.74870428308,50594.9448038306,15872.9364274588,4979.74870428308,50594.9448038306,11.9850255901801,11.9850255901801,13970.5609347149,17775.3119202028,18701.0828385331,5692.47934177497,61437.289155735,18701.0828385331,5692.47934177497,61437.289155735,12.0922613112765,12.0922613112765,16439.6990336594,20962.4666434068,14228.5747974927,4301.15055602402,47069.3453137318,14228.5747974927,4301.15055602402,47069.3453137318,12.5103916348001,12.5103916348001,12448.5243662759,16008.6252287095,14228.5747974927,4301.15055602402,47069.3453137318,14228.5747974927,4301.15055602402,47069.3453137318,12.5103916348001,12.5103916348001,12448.5243662759,16008.6252287095
"PB1",83.6,2322.1,-2.542099901,12586.2199459414,3592.97276223334,44089.6558395131,12586.2199459414,3592.97276223334,44089.6558395131,13.2793973958397,13.2793973958397,10914.8457822054,14257.5941096774,11758.558643833,3348.96210452695,41285.5377472208,11758.558643833,3348.96210452695,41285.5377472208,13.4004031152493,13.4004031152493,10182.8643850164,13334.2529026496,12441.7602306062,3460.13662386523,44737.3657352794,12441.7602306062,3460.13662386523,44737.3657352794,13.572762383573,13.572762383573,10753.0696781721,14130.4507830402,11858.8154692288,3379.56315011032,41612.3321526419,11858.8154692288,3379.56315011032,41612.3321526419,13.3818168137905,13.3818168137905,10271.8905068511,13445.7404316064,11448.9166893124,3591.81984440014,36493.3930534333,11448.9166893124,3591.81984440014,36493.3930534333,12.4040175919386,12.4040175919386,10028.7910490837,12869.0423295411,15199.7286500981,4626.69151772259,49934.5482947465,15199.7286500981,4626.69151772259,49934.5482947465,12.3525961123116,12.3525961123116,13322.1675597842,17077.289740412,10182.4553313439,3078.05061528841,33684.4352265789,10182.4553313439,3078.05061528841,33684.4352265789,12.9639689773682,12.9639689773682,8862.4049810541,11502.5056816337,10182.4553313439,3078.05061528841,33684.4352265789,10182.4553313439,3078.05061528841,33684.4352265789,12.9639689773682,12.9639689773682,8862.4049810541,11502.5056816337
"PB1",84.9,2399.5,-2.176940735,16287.6199918178,4649.60689099347,57055.6976573088,16287.6199918178,4649.60689099347,57055.6976573088,12.9263959040308,12.9263959040308,14182.2177483314,18393.0222353042,15076.938660382,4294.07189735608,52936.7194594207,15076.938660382,4294.07189735608,52936.7194594207,13.0541640677877,13.0541640677877,13108.770351256,17045.106969508,16309.602736396,4535.80945966734,58645.1313231676,16309.602736396,4535.80945966734,58645.1313231676,13.1939715232179,13.1939715232179,14157.718395806,18461.4870769861,15224.6242825328,4338.76210765161,53422.8839455188,15224.6242825328,4338.76210765161,53422.8839455188,13.0346604457847,13.0346604457847,13240.1462031581,17209.1023619074,15165.7477840428,4757.88542480553,48340.7827876813,15165.7477840428,4757.88542480553,48340.7827876813,12.0417662513129,12.0417662513129,13339.5238856247,16991.9716824609,18688.7273935065,5688.71843037857,61396.6987228011,18688.7273935065,5688.71843037857,61396.6987228011,12.0930738395112,12.0930738395112,16428.6857901448,20948.7689968682,14155.3955994224,4279.02924359819,46827.2622525133,14155.3955994224,4279.02924359819,46827.2622525133,12.5171408939134,12.5171408939134,12383.5447881519,15927.2464106929,14155.3955994224,4279.02924359819,46827.2622525133,14155.3955994224,4279.02924359819,46827.2622525133,12.5171408939134,12.5171408939134,12383.5447881519,15927.2464106929
"PB1",86.1,2462.5,-1.921705859,19503.6454872384,5567.68174248376,68321.4675130086,19503.6454872384,5567.68174248376,68321.4675130086,12.6905989964394,12.6905989964394,17028.5160487658,21978.774925711,17937.9661020727,5108.92283040466,62982.0881153575,17937.9661020727,5108.92283040466,62982.0881153575,12.8225890449208,12.8225890449208,15637.8544257867,20238.0777783586,19706.7608254924,5480.58181528841,70860.4369612399,19706.7608254924,5480.58181528841,70860.4369612399,12.9415220818165,12.9415220818165,17156.4060216506,22257.1156293343,18129.606900959,5166.6333427188,63616.4063870537,18129.606900959,5166.6333427188,63616.4063870537,12.8025134293345,12.8025134293345,15808.5615427782,20450.6522591398,18398.0547991155,5771.9433304561,58643.7532408188,18398.0547991155,5771.9433304561,58643.7532408188,11.8048481944409,11.8048481944409,16226.1923593499,20569.9172388811,18598.287484461,5661.18915208177,61099.5831551508,18598.287484461,5661.18915208177,61099.5831551508,12.0990411700837,12.0990411700837,16348.0730247855,20848.5019441364,16551.5354481092,5003.35746263437,54753.8983044747,16551.5354481092,5003.35746263437,54753.8983044747,12.3156357506789,12.3156357506789,14513.1086311756,18589.9622650429,16551.5354481092,5003.35746263437,54753.8983044747,16551.5354481092,5003.35746263437,54753.8983044747,12.3156357506789,12.3156357506789,14513.1086311756,18589.9622650429
"PB1",89.7,2649.3,-1.72066286,22478.0204199117,6416.77290437872,78740.7330019714,22478.0204199117,6416.77290437872,78740.7330019714,12.5108377867752,12.5108377867752,19665.8317474984,25290.2090923251,20568.9174670333,5858.24565873684,72219.6354355091,20568.9174670333,5858.24565873684,72219.6354355091,12.6458872780944,12.6458872780944,17967.795349828,23170.0395842386,22873.9015387493,6361.38480230601,82248.6593508272,22873.9015387493,6361.38480230601,82248.6593508272,12.7493737313474,12.7493737313474,19957.6223446337,25790.1807328649,20803.0655819297,5928.52414580916,72997.5162388416,20803.0655819297,5928.52414580916,72997.5162388416,12.6253975968407,12.6253975968407,18176.5958398796,23429.5353239798,22025.3055350663,6909.90524664028,70205.6058075315,22025.3055350663,6909.90524664028,70205.6058075315,11.592422252836,11.592422252836,19472.0391149641,24578.5719551684,20983.3857879113,6387.19646073442,68935.1708266841,20983.3857879113,6387.19646073442,68935.1708266841,11.952340666596,11.952340666596,18475.3800351541,23491.3915406686,20218.3806917013,6111.80674042917,66884.1367464208,20218.3806917013,6111.80674042917,66884.1367464208,12.0670543947307,12.0670543947307,17778.6176959,22658.1436875027,20218.3806917013,6111.80674042917,66884.1367464208,20218.3806917013,6111.80674042917,66884.1367464208,12.0670543947307,12.0670543947307,17778.6176959,22658.1436875027
"PB1",92.4,2722.3,-1.602108218,24440.4039278385,6976.97211616117,85614.9822889885,24440.4039278385,6976.97211616117,85614.9822889885,12.4072002075398,12.4072002075398,21408.0340809802,27472.7737746969,22297.8013040981,6350.65009612047,78289.9286642742,22297.8013040981,6350.65009612047,78289.9286642742,12.5439509175788,12.5439509175788,19500.7760528128,25094.8265553834,24975.1696723217,6945.76150550347,89804.2784318209,24975.1696723217,6945.76150550347,89804.2784318209,12.6387154683064,12.6387154683064,21818.6290397102,28131.7103049332,22560.8404514445,6429.46044847923,79165.5110027041,22560.8404514445,6429.46044847923,79165.5110027041,12.5232311824148,12.5232311824148,19735.4942450143,25386.1866578746,24959.6659336904,7830.48962998538,79558.8721726701,24959.6659336904,7830.48962998538,79558.8721726701,11.4492270288453,11.4492270288453,22101.9771153008,27817.35475208,23268.3745975997,7082.73113686222,76441.8761565588,23268.3745975997,7082.73113686222,76441.8761565588,11.8294702581703,11.8294702581703,20515.849145017,26020.9000501824,22935.3031057626,6933.10420122427,75871.9490268612,22935.3031057626,6933.10420122427,75871.9490268612,11.9155193722668,11.9155193722668,20202.4426211074,25668.1635904179,22935.3031057626,6933.10420122427,75871.9490268612,22935.3031057626,6933.10420122427,75871.9490268612,11.9155193722668,11.9155193722668,20202.4426211074,25668.1635904179
"PB1",95.1,2787.1,-1.4557245,27101.3818648537,7736.59822230452,94936.4149306744,27101.3818648537,7736.59822230452,94936.4149306744,12.2815800537871,12.2815800537871,23772.9039554392,30429.8597742682,24634.3039454081,7016.11080775098,86493.6355059182,24634.3039454081,7016.11080775098,86493.6355059182,12.4203313529339,12.4203313529339,21574.6417688995,27693.9661219166,27837.8768172591,7741.89948373196,100097.836108733,27837.8768172591,7741.89948373196,100097.836108733,12.5047037992803,12.5047037992803,24356.8327772523,31318.9208572659,24937.4754251448,7106.76148239974,87505.0727563905,24937.4754251448,7106.76148239974,87505.0727563905,12.3993412796628,12.3993412796628,21845.3927406491,28029.5581096406,26417.5281147286,8287.85851949275,84205.8041955075,26417.5281147286,8287.85851949275,84205.8041955075,11.3853940641029,11.3853940641029,23409.7884368716,29425.2677925856,24092.9212244512,7333.71738617238,79150.698419614,24092.9212244512,7333.71738617238,79150.698419614,11.7886426711882,11.7886426711882,21252.6928322498,26933.1496166526,25904.2517004856,7830.5865619488,85693.4855203375,25904.2517004856,7830.5865619488,85693.4855203375,11.7727866178217,11.7727866178217,22854.599422844,28953.9039781272,25904.2517004856,7830.5865619488,85693.4855203375,25904.2517004856,7830.5865619488,85693.4855203375,11.7727866178217,11.7727866178217,22854.599422844,28953.9039781272
"PB1",99.1,2884.4,-1.469010717,26848.3572061707,7664.36758350064,94050.0669907719,26848.3572061707,7664.36758350064,94050.0669907719,12.2928766504274,12.2928766504274,23547.92177215,30148.7926401914,24412.4987383461,6952.93833436055,85714.8540645813,24412.4987383461,6952.93833436055,85714.8540645813,12.4314508014172,12.4314508014172,21377.670968292,27447.3265084001,27565.0423164205,7666.02238667271,99116.7935051963,27565.0423164205,7666.02238667271,99116.7935051963,12.5167497148591,12.5167497148591,24114.7949608791,31015.2896719618,24711.8096600645,7042.45053111748,86713.2163693536,24711.8096600645,7042.45053111748,86713.2163693536,12.4104846566685,12.4104846566685,21644.9543138171,27778.665006312,27902.4623165579,8753.72059871794,88939.0282162947,27902.4623165579,8753.72059871794,88939.0282162947,11.3245688595033,11.3245688595033,24742.6287580224,31062.2958750935,23401.9339287934,7123.38566688519,76880.648783836,23401.9339287934,7123.38566688519,76880.648783836,11.8227403787313,11.8227403787313,20635.1840367899,26168.6838207969,26365.5095183523,7970.02001526539,87219.3659276748,26365.5095183523,7970.02001526539,87219.3659276748,11.7523751606924,11.7523751606924,23266.9359267275,29464.0831099771,26365.5095183523,7970.02001526539,87219.3659276748,26365.5095183523,7970.02001526539,87219.3659276748,11.7523751606924,11.7523751606924,23266.9359267275,29464.0831099771
"PB1",101.8,2950.8,-1.29381359,30383.3265120039,8673.49093314346,106433.100241966,30383.3265120039,8673.49093314346,106433.100241966,12.145565119103,12.145565119103,26693.0998051387,34073.553218869,27504.8420050063,7833.67046556147,96572.3969429359,27504.8420050063,7833.67046556147,96572.3969429359,12.2864065287604,12.2864065287604,24125.4853011779,30884.1987088346,31387.9309440081,8729.193248681,112862.91652378,31387.9309440081,8729.193248681,112862.91652378,12.3597489763477,12.3597489763477,27508.4614704594,35267.4004175569,27858.8718460847,7939.31037538919,97756.1908830811,27858.8718460847,7939.31037538919,97756.1908830811,12.2651342817803,12.2651342817803,24441.9438047733,31275.7998873961,31196.584112337,9787.17139210136,99439.033126931,31196.584112337,9787.17139210136,99439.033126931,11.2024445509962,11.2024445509962,27701.8040753476,34691.3641493265,24135.6818817427,7346.73343237539,79291.1768554987,24135.6818817427,7346.73343237539,79291.1768554987,11.7865711939001,11.7865711939001,21290.9125536178,26980.4512098675,31350.9392930776,9477.06371800904,103711.595047155,31350.9392930776,9477.06371800904,103711.595047155,11.5557785297643,11.5557785297643,27728.0941813687,34973.7844047865,31350.9392930776,9477.06371800904,103711.595047155,31350.9392930776,9477.06371800904,103711.595047155,11.5557785297643,11.5557785297643,27728.0941813687,34973.7844047865
"PB1",103.1,2982.9,-1.212477642,32179.1025076388,9186.12890285171,112723.721727405,32179.1025076388,9186.12890285171,112723.721727405,12.0783685575799,12.0783685575799,28292.3919082448,36065.8131070329,29070.7393088806,8279.65461116137,102070.427288797,29070.7393088806,8279.65461116137,102070.427288797,12.220213369314,12.220213369314,25518.2329372984,32623.2456804628,33338.6858342296,9271.7112135615,119877.328742482,33338.6858342296,9271.7112135615,119877.328742482,12.2881917235882,12.2881917235882,29241.9642007948,37435.4074676645,29453.1742964007,8393.65978534495,103350.564392515,29453.1742964007,8393.65978534495,103350.564392515,12.1988057653638,12.1988057653638,25860.2387722487,33046.1098205526,29550.3870940323,9270.71701667047,94191.7842856093,29550.3870940323,9270.71701667047,94191.7842856093,11.2614413433427,11.2614413433427,26222.5875847072,32878.1866033575,23948.3084287582,7289.69825855575,78675.6126600717,23948.3084287582,7289.69825855575,78675.6126600717,11.7956810044622,11.7956810044622,21123.4423605371,26773.1744969793,31567.210473448,9542.44025226784,104427.03865378,31567.210473448,9542.44025226784,104427.03865378,11.5481102289505,11.5481102289505,27921.7942117694,35212.6267351266,31567.210473448,9542.44025226784,104427.03865378,31567.210473448,9542.44025226784,104427.03865378,11.5481102289505,11.5481102289505,27921.7942117694,35212.6267351266
"PB1",104.4,3015,-1.409009513,28010.1108584491,7996.01197291936,98119.7017913118,28010.1108584491,7996.01197291936,98119.7017913118,12.242024975328,12.242024975328,24581.1060915407,31439.1156253575,25430.3040188779,7242.82006370637,89288.4755943558,25430.3040188779,7242.82006370637,89288.4755943558,12.3813922622587,12.3813922622587,22281.6783248157,28578.9297129401,28818.7948073989,8014.69932875243,103624.964591185,28818.7948073989,8014.69932875243,103624.964591185,12.4625332296612,12.4625332296612,25227.242928139,32410.3466866589,25747.4140193974,7337.58037270887,90347.1301182523,25747.4140193974,7337.58037270887,90347.1301182523,12.3603189986408,12.3603189986408,22564.9515126991,28929.8765260957,29688.9055982567,9314.1738367165,94633.3116682439,29688.9055982567,9314.1738367165,94633.3116682439,11.2563274989236,11.2563274989236,26347.0251532706,33030.7860432427,24143.8828289142,7349.22974356548,79318.1188228209,24143.8828289142,7349.22974356548,79318.1188228209,11.7861744135965,11.7861744135965,21298.242688484,26989.5229693444,28881.8101239693,8730.67158459055,95543.5040655164,28881.8101239693,8730.67158459055,95543.5040655164,11.6480723086603,11.6480723086603,25517.6359966794,32245.9842512592,28881.8101239693,8730.67158459055,95543.5040655164,28881.8101239693,8730.67158459055,95543.5040655164,11.6480723086603,11.6480723086603,25517.6359966794,32245.9842512592
