"Site","depth","SH20_age","Ti","Ca","Fe","Sr","Zr","Ti_convert","Ti_ppm"
"HER42PB",1.1,-51.51,-5.909350251,-4.430780614,-1.552470498,-4.117590782,-3.886479061,4.86284586462653,129.391910496099
"HER42PB",1.2,-50.47,-5.473339621,-4.157662827,-1.274225627,-3.651727188,-3.565819361,4.29059799372141,73.0101150385464
"HER42PB",1.3,-49.42,-5.379784028,-4.273008429,-1.3304254,-3.800298438,-3.937698308,3.95710682197364,52.3057769012404
"HER42PB",1.4,-48.38,-5.792251123,-4.145425678,-1.111112451,-3.718779748,-3.641042783,4.73313925754515,113.651785142596
"HER42PB",1.5,-47.34,-5.573978952,-4.341018611,-1.443056684,-3.447850296,-3.668074138,4.60377761455903,99.86083977486
"HER42PB",1.6,-46.29,-5.608298946,-4.308107284,-1.562444593,-3.352805461,-3.814874198,4.62236116610813,101.733959541156
"HER42PB",1.7,-45.25,-5.679817028,-4.445072565,-1.462609761,-3.526360525,-3.843907774,4.71568198922355,111.684953141232
"HER42PB",1.8,-44.2,-5.326018362,-4.203191815,-1.339078888,-3.436278484,-3.651123233,4.13581937258836,62.5408143110405
"HER42PB",1.9,-43.16,-5.897840445,-3.992204195,-1.414243363,-3.560345537,-4.095175742,4.71247466288314,111.32731688387
"HER42PB",2,-42.11,-4.52025545,-4.649004433,-1.761393055,-4.086122447,-3.940705447,2.91440531014259,18.43784434275
"HER42PB",2.1,-41.07,-5.760692541,-4.561275553,-1.57483287,-3.847788689,-3.901203624,4.77063049555227,117.993612961083
"HER42PB",2.3,-38.98,-5.977838804,-4.420396186,-1.050681741,-3.747107814,-3.73571168,5.14612557683924,171.76471028522
"HER42PB",2.4,-37.94,-5.681471943,-4.343967746,-0.798020881,-3.653323696,-3.71669331,4.59003722989054,98.4980971670612
"HER42PB",2.5,-36.89,-4.627950797,-4.3354261,-1.269847857,-3.739886423,-3.472719615,3.19931481383468,24.5157266042701
"HER42PB",2.6,-35.85,-5.314499824,-4.264036879,-1.337337516,-3.715371281,-3.901326374,3.90607702349568,49.7035830216863
"HER42PB",2.7,-34.8,-5.144615304,-4.270979748,-1.341867671,-3.756948259,-3.960060586,3.60972735320848,36.9559755129619
"HER42PB",2.8,-33.76,-5.793453542,-4.256697181,-1.548203619,-4.010322254,-3.928814149,4.58417548972385,97.9224158101869
"HER42PB",2.9,-32.72,-5.869450426,-4.42765966,-1.784570805,-4.188703486,-3.87356773,4.79747057564154,121.203454492397
"HER42PB",3,-31.67,-5.794551908,-4.316102655,-1.62704277,-3.82350077,-3.820745947,4.76028087488585,116.778721503115
"HER42PB",3.1,-30.63,-5.757702317,-4.120649237,-1.246183687,-3.839310196,-4.120649237,4.3795828484872,79.8047357942275
"HER42PB",3.2,-29.58,-5.840230805,-4.081623543,-1.610228489,-3.812368639,-3.917888125,4.67053408699604,106.754743529609
"HER42PB",3.3,-28.54,-5.541792506,-4.231745155,-1.457818998,-3.71111762,-3.873786239,4.28119702214481,72.3269651897128
"HER42PB",3.4,-27.49,-5.193393709,-4.28160749,-1.339904816,-3.718450735,-3.695578074,3.83929860482094,46.4928531378628
"HER42PB",3.5,-26.45,-5.949991299,-4.340553386,-1.334533305,-3.890636516,-3.992781595,4.89864086368333,134.107385545735
"HER42PB",3.6,-25.41,-5.767865795,-4.176058114,-1.307553036,-3.726771562,-3.689638583,4.70425576807688,110.416079190233
"HER42PB",3.7,-24.36,-5.460756583,-4.228914879,-1.21091649,-3.69716799,-4.038871277,4.03537944388272,56.5643791744922
"HER42PB",3.8,-23.32,-5.583527637,-4.214040394,-1.048511711,-3.554283499,-4.016649339,4.27554509815015,71.9193317215141
"HER42PB",3.9,-22.27,-5.182438766,-4.364128443,-1.111893697,-3.719955267,-4.049246144,3.6517058643269,38.5403546213013
"HER42PB",4,-21.23,-5.695445935,-4.146278934,-1.28127637,-3.935638066,-3.909995635,4.35977353746968,78.2394141209753
"HER42PB",4.1,-20.19,-5.446243699,-3.951540039,-1.218129223,-3.799348224,-3.675050507,4.0146347993378,55.4030584738061
"HER42PB",4.2,-19.14,-5.281285731,-4.066117551,-1.454661917,-3.733300598,-3.50622114,3.96511968446121,52.7265795642913
"HER42PB",4.3,-18.1,-5.14518572,-4.138166135,-1.318246038,-3.801693899,-3.790099566,3.60756439674003,36.876127731446
"HER42PB",4.4,-17.05,-5.528904222,-4.313427593,-1.327423861,-3.733021036,-4.053706336,4.18314359848203,65.5716605292458
"HER42PB",4.5,-16.01,-5.137352334,-4.124707036,-1.234451267,-3.544137257,-3.839637978,3.65737506640592,38.7594681925474
"HER42PB",4.6,-14.96,-5.073300593,-3.957881186,-1.178257085,-3.245476189,-3.778650822,3.62401860395514,37.4879146095449
"HER42PB",4.7,-13.92,-5.140923035,-3.888160067,-1.090349608,-3.353391902,-4.015253945,3.50586751790593,33.3103286280996
"HER42PB",4.8,-12.88,-5.043500133,-4.017208506,-1.017837029,-3.128802977,-3.800753943,3.6275799441356,37.6216598408995
"HER42PB",4.9,-11.83,-5.081703654,-3.680461332,-0.966985716,-3.318459355,-3.664272604,3.49146602610425,32.8340480109582
"HER42PB",5,-10.79,-4.94784079,-3.766399722,-0.860080899,-3.322978407,-3.522176265,3.40714435574932,30.1789407733105
"HER42PB",5.1,-9.74,-4.29635647,-3.31483108,-0.463304323,-3.075534765,-3.528106985,2.40641653283131,11.0941343624472
"HER42PB",5.2,-8.7,-4.882951926,-3.552651835,-0.93514136,-2.993036047,-4.253683419,2.97261474735458,19.5429527315328
"HER42PB",5.3,-7.65,-4.756029127,-3.845765103,-0.837418426,-3.098005444,-3.770917212,3.1537836939794,23.4245283623993
"HER42PB",5.4,-6.61,-5.58138601,-4.324625701,-1.284800193,-3.336509234,-3.611728043,4.66083347871387,105.724164284744
"HER42PB",5.5,-5.57,-4.931578278,-4.079507139,-1.111083141,-3.253721822,-3.875317595,3.42818048660121,30.8205133640544
"HER42PB",5.6,-4.52,-5.227022741,-4.348953222,-1.162600589,-3.605162308,-3.775701697,3.90528066637941,49.6640169760847
"HER42PB",5.7,-3.48,-5.32104997,-3.936517723,-1.060852839,-3.249562513,-3.760683951,3.97025556805526,52.9980737236723
"HER42PB",5.8,-2.43,-5.573883931,-4.079776707,-0.98973676,-3.610274205,-3.84191238,4.24896212663831,70.0326895517566
"HER42PB",5.9,-1.39,-5.384090232,-4.122959014,-0.922416895,-3.423581283,-3.931994361,3.98698742995254,53.8922902662701
"HER42PB",6,-0.34,-4.462058162,-4.102190645,-0.879508685,-3.453633536,-3.753049077,2.79513369681289,16.3648165307182
"HER42PB",6.1,0.7,-5.40461078,-3.82372477,-0.832576156,-3.621530845,-3.926378924,3.77207781015105,43.4702940820802
"HER42PB",6.2,1.74,-5.274540184,-3.980619144,-0.988837315,-3.854507684,-4.133277508,3.4725517707086,32.2188527615887
"HER42PB",6.3,2.79,-5.658644288,-4.141827865,-0.932448466,-3.819927835,-4.035834638,4.22961809943506,68.6909940345568
"HER42PB",6.4,3.83,-4.590006288,-4.406585226,-1.078707173,-3.493596643,-4.081162826,2.94911526492396,19.0890574962537
"HER42PB",6.5,4.88,-5.84067507,-4.379657163,-0.996578494,-3.500860636,-3.903008991,4.87999539709822,131.630058004208
"HER42PB",6.6,5.92,-5.351473789,-4.02253659,-1.00644062,-3.76389467,-3.853420507,3.79666370995339,44.5522968806377
"HER42PB",6.7,6.97,-5.84051245,-4.240003168,-1.016295984,-3.643287873,-3.818229322,4.7948765371877,120.889455509498
"HER42PB",6.8,8.01,-5.173190621,-4.418742915,-1.121605594,-3.713506937,-3.899305828,3.74850710479548,42.4576498412179
"HER42PB",6.9,9.05,-5.731851495,-4.124415585,-1.008276244,-3.536851612,-3.718282697,4.63671345097812,103.204602609077
"HER42PB",7,10.1,-5.436694952,-4.228186992,-0.882419416,-3.519326806,-3.788619247,4.15486702577338,63.7434877432424
"HER42PB",7.1,11.14,-5.842026582,-4.488231388,-0.740601528,-3.451558399,-3.69786485,5.03143953264754,153.153323294382
"HER42PB",7.2,12.19,-5.72620286,-4.447006634,-0.398073891,-3.246518154,-3.843245189,4.76774878216656,117.654078642446
"HER42PB",7.3,13.23,-5.664094326,-4.147988353,-0.51746368,-3.260813043,-3.808415339,4.53256535247801,92.9968249714012
"HER42PB",7.4,14.27,-4.545874553,-4.247072429,-0.592114955,-3.593809689,-3.967718781,2.7639887321969,15.8629901454408
"HER42PB",7.5,15.32,-5.333691455,-4.094379284,-0.529434561,-3.48824348,-3.86459119,3.84948379830523,46.968811592604
"HER42PB",7.6,16.36,-5.577571164,-4.270526174,-0.529181432,-3.707969208,-3.730241843,4.31110157013528,74.5225355415639
"HER42PB",7.7,17.41,-5.409644049,-4.126490447,-0.492294319,-3.458035879,-3.705623494,4.07428569463553,58.808458384491
"HER42PB",7.8,18.45,-5.240858868,-4.188021161,-0.383859845,-3.460348112,-4.028199073,3.66476625545221,39.0470080710758
"HER42PB",7.9,19.5,-5.149948551,-4.110597726,-0.395999229,-3.41220119,-3.686362515,3.68868863566775,39.99236799034
"HER42PB",8,20.54,-4.878033702,-3.955252451,-0.220138688,-3.699020988,-3.646083838,3.10764763044454,22.3683638049043
"HER42PB",8.1,21.58,-4.926848983,-4.023844088,-0.139780342,-3.366302763,-3.889284418,3.20844259435248,24.7405251711566
"HER42PB",8.2,22.63,-4.824600429,-4.168840781,-0.022611829,-3.338004198,-3.820534087,3.17913001458521,24.0258423247515
"HER42PB",8.3,23.67,-4.59243489,-3.63134463,-0.185449603,-3.311501044,-4.298409343,2.38671964048394,10.8777524139156
"HER42PB",8.4,24.72,-5.176443181,-3.921826644,-0.163084327,-3.251152319,-3.70910761,3.65095077270267,38.511264106716
"HER42PB",8.5,25.76,-4.962108253,-3.789137397,-0.08767458,-3.210622683,-3.722971536,3.27631652751816,26.478061640927
"HER42PB",8.6,26.81,-4.716050708,-3.76951656,0.06505833,-3.193247028,-3.655497981,2.96187225063974,19.3341362393927
"HER42PB",8.7,27.85,-4.909300401,-3.967592857,0.119777636,-3.302837206,-3.983157373,3.09741243208351,22.1405868241157
"HER42PB",8.8,28.89,-5.133095826,-3.933840012,-0.119640982,-3.616031234,-3.656853229,3.46630495380548,32.0182148142717
"HER42PB",8.9,29.94,-5.247191675,-4.040039217,-0.311847479,-3.540707973,-4.010018201,3.56350180318219,35.286547589204
"HER42PB",9,30.98,-4.844848842,-3.793037547,-0.059202459,-3.584529163,-3.773144006,2.93751679009408,18.8689325677582
"HER42PB",9.1,32.03,-4.903597489,-3.872040712,-0.27521465,-3.398012932,-3.995484903,3.04752018284464,21.0630470998994
"HER42PB",9.2,33.07,-4.992364488,-4.0431202,-0.245712365,-3.594713538,-3.995172378,3.17452483478907,23.91545337666
"HER42PB",9.3,34.12,-5.095264752,-4.057277085,-0.181961287,-3.447737988,-3.670032523,3.54695490022827,34.7074687043118
"HER42PB",9.4,35.16,-4.94056503,-4.0961428,-0.394974158,-3.691397894,-3.764619538,3.23128657751396,25.3122021406349
"HER42PB",9.5,36.2,-5.398600498,-4.17387675,-0.465636174,-3.231391817,-3.832002744,4.10524545242773,60.6576312833972
"HER42PB",9.6,37.25,-5.20047086,-3.991214028,-0.161928398,-3.275593992,-4.201593538,3.4571354610031,31.7259659585545
"HER42PB",9.7,38.29,-5.406092258,-4.021679365,-0.619540807,-3.30895114,-3.887912596,3.99721051179126,54.4460613608067
"HER42PB",9.8,39.34,-5.863892375,-4.536786885,-1.19332197,-3.459747081,-3.931205559,5.03291654252627,153.379699404568
"HER42PB",9.9,40.38,-5.705663421,-4.576653655,-1.263993037,-3.749226859,-3.6390351,4.81750443914145,123.656114046922
"HER42PB",10,41.43,-5.774551546,-4.480793437,-0.940436487,-3.671403342,-3.877431561,4.75163786362173,115.773750939775
"HER42PB",10.1,42.43,-5.410086831,-4.195433017,-0.886694638,-3.932456008,-3.827861482,3.90707893971095,49.753406802932
"HER42PB",10.2,43.43,-5.693125287,-4.446818119,-0.720375862,-3.952185067,-3.887942798,4.44257900084425,84.993858491966
"HER42PB",10.3,44.43,-5.920084494,-4.32899572,-1.0181824,-3.758853519,-4.036118831,4.82609498743596,124.722963717465
"HER42PB",10.4,45.43,-5.869417113,-4.389264302,-1.1027072,-3.720628152,-3.723112626,4.95465358266662,141.833464291131
"HER42PB",10.5,46.43,-5.010854362,-4.069527552,-0.88667755,-3.799863985,-3.742783275,3.34754028795351,28.4327112791966
"HER42PB",10.6,47.43,-4.992642678,-4.247474313,-0.656367746,-3.831313916,-3.776607001,3.35416062371659,28.6215698382688
"HER42PB",10.7,48.43,-4.895956132,-4.13963005,-0.925172133,-3.643193164,-3.749244049,3.29273864409292,26.9164774608833
"HER42PB",10.8,49.44,-4.989752083,-4.229836726,-1.135459083,-3.245117499,-3.908754341,3.57638573341764,35.7441183318105
"HER42PB",10.9,50.44,-4.86247755,-4.033496302,-0.881035534,-3.535272105,-3.964384177,3.11876660900359,22.6184650207829
"HER42PB",11,51.44,-4.585160597,-3.960555736,-0.642323873,-3.415524553,-3.713378985,2.8730180236275,17.6903275414455
"HER42PB",11.1,52.44,-4.17438727,-3.893614606,-0.493377685,-3.524536895,-3.7917803,2.25960287851107,9.57928427167869
"HER42PB",11.2,53.44,-4.940185709,-3.685393656,-0.336485797,-3.501946607,-3.701742794,3.11739273658807,22.5874114723008
"HER42PB",11.3,54.44,-5.083276376,-3.940941276,-0.279530119,-3.449554709,-3.751514893,3.43894260489281,31.1539986600164
"HER42PB",11.4,55.44,-5.024414709,-3.710472736,-0.325365916,-3.268834896,-3.133660118,3.6353467165659,37.9149963758191
"HER42PB",11.5,56.45,-4.283982458,-3.844031174,-0.32380745,-3.851765164,-3.755608364,2.21630731707703,9.17339381038383
"HER42PB",11.6,57.45,-4.194215902,-4.154083801,-0.377072135,-3.650739508,-3.673525304,2.41187108714774,11.1548132586446
"HER42PB",11.7,58.45,-5.322756542,-4.326622923,-0.322127857,-3.827374852,-3.818679145,3.81188218729853,45.2355004747034
"HER42PB",11.8,59.45,-5.339180651,-4.421600428,-0.149742528,-3.965873485,-3.82299053,3.80490871509523,44.9211493030088
"HER42PB",11.9,60.45,-5.53479794,-4.272117535,-0.198602442,-3.89032217,-3.876939071,4.04642982811837,57.1929036209396
"HER42PB",12,61.45,-5.196526462,-4.404939209,-0.578451398,-3.759801247,-4.167317638,3.54446442323633,34.6211380988704
"HER42PB",12.1,62.45,-5.152874038,-4.245511937,0.072812897,-3.700739919,-3.457258429,3.70151847040668,40.5087690491137
"HER42PB",12.2,63.46,-5.299441734,-4.217636564,-0.20155898,-3.590158487,-3.690003822,3.86649474778446,47.7746301110489
"HER42PB",12.3,64.46,-5.609346556,-4.139072475,0.029920189,-3.633367997,-3.554784611,4.34116715682042,76.7971213339611
"HER42PB",12.4,65.46,-5.213854573,-4.082641123,-0.415216604,-3.65601779,-3.834897002,3.59381625955011,36.3726187543224
"HER42PB",12.5,66.46,-4.668784277,-3.796643329,-0.558836717,-3.680095624,-3.833422581,2.70917181765135,15.0168336869433
"HER42PB",12.6,67.46,-5.057820837,-4.025319573,-0.861682719,-3.647819813,-4.023522627,3.30343063761369,27.2058122901967
"HER42PB",12.7,68.46,-5.242115308,-4.158381084,-0.588094683,-3.639026624,-3.635212252,3.80944544374625,45.1254073494194
"HER42PB",12.8,69.46,-5.173371765,-3.778135466,-0.69324896,-3.431750674,-4.175473452,3.32682366075937,27.8497408398582
"HER42PB",12.9,70.46,-4.379211021,-3.937378269,-0.537633743,-3.31086239,-3.972842979,2.51039258619202,12.309761754512
"HER42PB",13,71.47,-4.925124042,-4.016199826,-0.497698746,-3.400864326,-3.632535644,3.36935910506577,29.0598967477844
"HER42PB",13.1,72.47,-5.224276282,-4.253591478,-0.414822511,-3.585460492,-4.142365843,3.56828350316324,35.4556813242663
"HER42PB",13.2,73.47,-5.595374994,-4.473232208,-1.069132066,-3.499330968,-4.115395148,4.40523741935846,81.8785800956444
"HER42PB",13.3,74.47,-5.077848806,-4.097019553,-1.116682965,-3.190298272,-4.0448338,3.57967129127565,35.8617508390585
"HER42PB",13.4,75.47,-5.409119571,-4.164672659,-1.059402802,-3.48624709,-3.901826737,4.05661169640938,57.7782089269936
"HER42PB",13.5,76.47,-5.045410762,-4.298196361,-0.997145396,-3.536854075,-4.057034304,3.47528302852269,32.3069710370405
"HER42PB",13.6,77.47,-5.592175021,-4.156248036,-1.248944411,-3.512733479,-3.907744572,4.36005494331306,78.2614342474425
"HER42PB",13.7,78.48,-4.957718703,-4.266932799,-0.855075338,-3.666616605,-3.764654236,3.41645995527478,30.4613892455043
"HER42PB",13.8,79.48,-4.455952265,-3.510656836,-0.41919016,-3.255589573,-4.102887433,2.31501849546877,10.1251101856708
"HER42PB",13.9,80.48,-5.229245378,-4.118054307,-0.800691536,-3.314559069,-3.804156393,3.84264707446686,46.6487939812338
"HER42PB",14,81.48,-5.043037945,-4.289266143,-1.026564838,-3.328339522,-3.632050971,3.77682768512048,43.6772636946205
"HER42PB",14.1,82.48,-5.61781887,-4.379314082,-1.134053134,-3.391006335,-3.842713835,4.58789527468637,98.2873444472527
"HER42PB",14.2,83.48,-5.382592862,-4.310520128,-1.137163539,-3.350692265,-3.610064754,4.30873975545296,74.3467348090541
"HER42PB",14.3,84.48,-5.117166395,-4.052265164,-1.199304118,-3.294579462,-3.977069348,3.6161459686748,37.1939446080197
"HER42PB",14.4,85.49,-5.036818707,-4.086076746,-0.992231271,-3.164223823,-3.82004163,3.62638995307599,37.5769170290939
"HER42PB",14.5,86.49,-5.179291043,-4.060915266,-0.866524638,-3.373656228,-3.635430115,3.81104618302342,45.1976992061329
"HER42PB",14.6,87.49,-5.228043351,-4.290594394,-1.040105348,-3.487908247,-3.783717443,3.90342161848377,49.5717749575678
"HER42PB",14.7,88.49,-5.212450116,-4.453607676,-1.344340298,-3.621704337,-3.681307468,4.00522778929135,54.8843250367664
"HER42PB",14.8,89.49,-5.435572877,-4.36253743,-1.43003193,-3.533917737,-4.268641344,4.04242402871221,56.964258580407
"HER42PB",14.9,90.49,-5.218391425,-4.256044016,-1.285068225,-3.251769144,-3.984921659,3.89605620139052,49.207999482551
"HER42PB",15,91.49,-5.342781641,-4.237000863,-1.074544229,-3.431375699,-3.601432352,4.17147813676484,64.8111811292801
"HER42PB",15.1,92.49,-4.927465752,-3.924326258,-1.125584321,-3.434835741,-3.873748783,3.26994757960928,26.309960128727
"HER42PB",15.2,93.5,-4.253222555,-3.959416765,-1.095647256,-3.586212519,-3.797447437,2.43339903144625,11.3975569687315
"HER42PB",15.3,94.5,-5.454142684,-4.250957591,-1.44266634,-3.357139715,-3.779182482,4.34120908919664,76.8003416872632
"HER42PB",15.4,95.5,-5.942766566,-4.44986247,-1.576012211,-3.645194015,-3.591391309,5.28359762864038,197.077613565755
"HER42PB",15.5,96.5,-5.827244826,-4.565003113,-1.783414135,-3.59484379,-3.515810117,5.22163686414484,185.237144090297
"HER42PB",15.6,97.5,-5.850053257,-4.489961268,-1.707466026,-3.614001009,-3.681328018,5.11925443094479,167.210656044742
"HER42PB",15.7,98.5,-5.036430375,-4.567683817,-1.604715161,-3.355256289,-3.926161002,3.82796336136463,45.9688209557128
"HER42PB",15.8,99.5,-5.621467843,-4.48203356,-1.721119869,-3.502633899,-3.625796184,4.79391134366148,120.772830081761
"HER42PB",15.9,100.51,-5.308035097,-3.991213108,-1.790198759,-3.48869528,-3.718936869,4.00127982383583,54.6680707805245
"HER42PB",16,101.51,-5.558959501,-4.043254066,-1.659115624,-3.419925862,-3.76866309,4.41110616197092,82.3605172068854
"HER42PB",16.1,102.51,-5.344447696,-4.161094179,-1.416363882,-3.623139888,-3.878110627,3.95843270993395,52.3751744976405
"HER42PB",16.2,103.51,-4.897806924,-4.005592255,-1.553716131,-3.521473907,-3.830517107,3.31716364962517,27.582007269872
"HER42PB",16.3,104.51,-5.89352739,-4.215881228,-1.913955693,-3.586247453,-3.564243091,5.15408292616438,173.136954559415
"HER42PB",16.4,105.51,-5.860458698,-4.33490227,-1.903264549,-3.723778925,-3.808695544,4.97212494645722,144.333262194748
"HER42PB",16.5,106.51,-5.594258715,-4.645458705,-1.903858679,-3.477479503,-3.869940527,4.74243960822794,114.713717115581
"HER42PB",16.6,107.52,-5.795540253,-4.393414427,-2.118431935,-3.523195045,-3.732184849,5.03741416786484,154.071097486297
"HER42PB",16.7,108.52,-6.093275292,-4.717910001,-1.943262959,-3.833627956,-3.80381949,5.57156760355586,262.845814486258
"HER42PB",16.8,109.52,-6.2890859,-4.948461576,-2.019638232,-3.537930599,-3.986500807,6.11973397525857,454.743705330556
"HER42PB",16.9,110.52,-5.542317529,-4.469238542,-2.02165785,-3.733891007,-3.783301198,4.52025576334404,91.859089161761
"HER42PB",17,111.52,-5.757040504,-4.590605619,-2.050941736,-3.576325736,-3.500774946,5.16236299908291,174.576492683875
"HER42PB",17.1,112.52,-5.49255946,-4.458305041,-2.040380486,-3.746546013,-3.784122688,4.43052636452808,83.9756070599653
"HER42PB",17.2,113.52,-5.803550059,-4.657949261,-2.191796608,-3.656835337,-3.814405511,5.10304124652399,164.52149765899
"HER42PB",17.3,114.52,-5.896970701,-4.588637881,-2.199241631,-3.852868525,-3.543481278,5.29621870436679,199.580707694097
"HER42PB",17.4,115.53,-5.896258294,-4.610343119,-2.165838003,-3.92499021,-3.760829436,5.15961124537866,174.096761527167
"HER42PB",17.5,116.53,-5.645353905,-4.644980056,-2.057943911,-3.594835402,-3.719697613,4.87865213784071,131.45336341012
"HER42PB",17.6,117.53,-5.502779566,-4.268323745,-1.955399675,-3.872916749,-3.87447317,4.23743452873879,69.230016203204
"HER42PB",17.7,118.53,-5.714843191,-4.486419291,-1.921024102,-3.71256073,-3.760482287,4.82650336756706,124.77390849945
"HER42PB",17.8,119.53,-6.054214226,-4.548615916,-2.118902868,-3.586579163,-3.676445419,5.5981739113821,269.933035449147
"HER42PB",17.9,120.53,-5.971659322,-4.42106191,-1.88579215,-3.564363275,-3.767245641,5.30574317498329,201.490689624805
"HER42PB",18,121.53,-5.429962215,-4.318413135,-1.857133899,-3.687579019,-3.931106762,4.18021888626187,65.3801624672665
"HER42PB",18.1,122.54,-5.865422049,-4.657884179,-1.690851646,-3.399544517,-3.86008848,5.22772951032722,186.369173494614
"HER42PB",18.2,123.54,-5.316192367,-4.276420578,-1.681429738,-3.380538718,-3.865917676,4.11667594901305,61.3549559216351
"HER42PB",18.3,124.54,-4.505441016,-3.815599623,-1.12121858,-3.350159371,-3.800808885,2.74636603709489,15.5858903010296
"HER42PB",18.4,125.54,-5.451038454,-4.024611991,-1.621460464,-3.185331991,-3.9643528,4.215740412293,67.7443060234089
"HER42PB",18.5,126.54,-5.099656145,-4.397925221,-1.670128257,-3.083221731,-3.848536562,3.98879895932694,53.9900062140736
"HER42PB",18.6,127.54,-5.065388526,-3.918249196,-1.40722462,-3.294094887,-3.645146574,3.67222819571163,39.3394643010607
"HER42PB",18.7,128.54,-5.418003352,-4.090970455,-1.553604524,-3.478919168,-4.057841132,4.02060030901138,55.7345537411051
"HER42PB",18.8,129.55,-4.991148406,-4.120075281,-1.085673106,-3.429133173,-3.654763256,3.5705866908392,35.5374365251805
"HER42PB",18.9,130.55,-4.862054793,-3.902375228,-0.921747795,-3.41433762,-3.794072771,3.19263410673775,24.3524900903554
"HER42PB",19,131.55,-5.247989629,-4.539143538,-1.73286097,-3.674638106,-3.760933919,4.09249123985873,59.8889036386828
"HER42PB",19.1,132.55,-5.050061663,-3.914699832,-1.182543897,-3.437420331,-3.767940169,3.49617861272318,32.9891464766955
"HER42PB",19.2,133.55,-5.415152777,-4.107706482,-1.500346762,-3.367988894,-3.585855388,4.30783068563857,74.2791791476998
"HER42PB",19.3,134.55,-4.782331392,-4.028065397,-1.493521962,-3.523583965,-3.720813228,3.22402749950301,25.129124183183
"HER42PB",19.4,135.55,-5.687928292,-4.471532968,-1.776738967,-3.493021213,-3.825788026,4.80878145504809,122.582154606432
"HER42PB",19.5,136.55,-5.466260085,-4.511379356,-1.76516052,-3.485824067,-3.802582404,4.47595071369171,87.8781076278605
"HER42PB",19.6,137.56,-5.446809208,-4.459749405,-1.530130391,-3.506869226,-3.827420965,4.36466429711069,78.6230015422315
"HER42PB",19.7,138.56,-5.457491726,-4.453624805,-1.684341228,-3.554878383,-3.925557375,4.32874613354523,75.8491222499684
"HER42PB",19.8,139.56,-5.22974387,-4.490686988,-1.812787645,-3.484930629,-3.945831616,4.03217381881635,56.3833453011334
"HER42PB",19.9,140.56,-5.357964135,-4.224083707,-1.618647522,-3.373256016,-3.760910282,4.20250467285355,66.8535678332848
"HER42PB",20,141.56,-4.953168856,-4.123223374,-1.318756645,-3.353199715,-3.805184839,3.50431377404334,33.2586130961819
"HER42PB",20.1,142.59,-5.271790036,-4.043821726,-1.384791841,-3.304677679,-3.737999742,3.98454389081146,53.7607631069272
"HER42PB",20.2,143.63,-5.31822892,-4.385773252,-1.694974998,-3.467734777,-3.946860209,4.10138631097933,60.4239960100939
"HER42PB",20.3,144.66,-5.102572789,-4.096599355,-1.345688606,-3.273454104,-3.696415285,3.79235764093363,44.3608640725221
"HER42PB",20.4,145.69,-4.926333087,-3.925856836,-1.177389392,-3.326464625,-3.769485167,3.37454148244803,29.2108870057406
"HER42PB",20.5,146.73,-5.008297347,-4.187994991,-1.318711927,-3.183201457,-3.737141217,3.71918953543383,41.2309643279973
"HER42PB",20.6,147.76,-4.975146646,-4.149471249,-1.169197423,-3.261204199,-3.650898371,3.6457489589966,38.3114558185422
"HER42PB",20.7,148.79,-5.03953936,-4.19304439,-1.293743407,-3.310572123,-3.664544555,3.74782369254226,42.4286436757867
"HER42PB",20.8,149.82,-5.11430494,-4.179552145,-1.136889741,-3.087465165,-3.474283604,4.01579010208964,55.4671027678726
"HER42PB",20.9,150.86,-4.873259121,-4.475957324,-1.356412868,-3.222726081,-3.596398601,3.74789346577953,42.4316041628892
"HER42PB",21,151.89,-5.501369522,-4.46527759,-1.395276067,-3.225501817,-3.79003162,4.57130184947541,96.6698775190811
"HER42PB",21.1,152.92,-4.684942088,-4.247978313,-1.497102957,-3.295652218,-3.99781298,3.16452686295899,23.6775386616213
"HER42PB",21.2,153.96,-5.312477205,-4.143620871,-1.378306905,-3.407640591,-3.631046231,4.11122892468683,61.0216625368525
"HER42PB",21.3,154.99,-5.123697916,-4.355246352,-1.447185117,-3.337540702,-3.868543555,3.85665791214494,47.3069827827802
"HER42PB",21.4,156.02,-5.629236863,-4.364747375,-1.726800951,-3.583617787,-4.003420058,4.5172522628094,91.583604254981
"HER42PB",21.5,157.05,-5.547480119,-4.671328555,-1.624209135,-3.64341708,-3.719499386,4.65125401151412,104.716218619908
"HER42PB",21.6,158.09,-5.84236519,-4.700735517,-1.766132378,-3.938127738,-3.809312851,5.02513134632052,152.190244428569
"HER42PB",21.7,159.12,-5.357589384,-4.261343961,-1.463022825,-3.800565215,-3.809574285,4.00069835278046,54.6362921197938
"HER42PB",21.8,160.15,-5.232224896,-4.110671038,-1.234024194,-3.602736187,-3.612711332,3.88316660556078,48.5777985008007
"HER42PB",21.9,161.19,-5.376141772,-4.224248116,-1.33847286,-3.469367052,-3.722901237,4.17353306505802,64.9445003929461
"HER42PB",22,162.22,-5.056953269,-4.291485427,-1.454479315,-3.254143964,-3.747120074,3.82590651504076,45.8743673269167
"HER42PB",22.1,163.25,-4.77371942,-4.285942191,-1.441816341,-3.472137584,-3.931861283,3.25272631569934,25.8607484601477
"HER42PB",22.2,164.28,-5.113149658,-4.205079759,-1.422517355,-3.455757352,-3.809093395,3.74189350881027,42.1777785964788
"HER42PB",22.3,165.32,-5.014251935,-4.119940109,-1.500437819,-3.328457028,-3.810822756,3.61871411023627,37.2895866816289
"HER42PB",22.4,166.35,-5.678950379,-4.065310779,-1.509921569,-3.3280765,-4.141517388,4.44797405294748,85.4536439550183
"HER42PB",22.5,167.38,-5.543394057,-4.468451512,-1.682849035,-3.516862998,-3.748714878,4.58255894110341,97.7642473419527
"HER42PB",22.6,168.42,-5.225711762,-4.253851179,-1.583012245,-3.322441895,-3.647938764,4.0918407284104,59.8499578899388
"HER42PB",22.7,169.45,-4.908009319,-4.219612742,-1.313232244,-3.469770217,-3.572758845,3.56562817590879,35.3616597715603
"HER42PB",22.8,170.48,-5.316325877,-4.157381664,-1.348430525,-3.273943208,-3.805636886,4.08437214698272,59.4046286648105
"HER42PB",22.9,171.51,-4.832905917,-3.995440977,-1.432012995,-3.372911364,-3.91570236,3.2253801753355,25.1631387423068
"HER42PB",23,172.55,-5.342228702,-4.241168431,-1.578637466,-3.272020836,-3.810752331,4.19726287508607,66.504051797145
"HER42PB",23.1,173.58,-5.149844979,-4.162341619,-1.432939334,-3.287242499,-3.689017566,3.905066773787,49.6533953467288
"HER42PB",23.2,174.61,-5.334682548,-4.19773411,-1.424039805,-3.459173721,-3.463411016,4.24572077786759,69.8060566760881
"HER42PB",23.3,175.65,-5.143376144,-4.169033401,-1.296780944,-3.438628052,-3.781810316,3.77086094321584,43.4174286901454
"HER42PB",23.4,176.68,-5.161760054,-4.202718155,-1.533137114,-3.46120045,-3.907356396,3.77279907226543,43.501658868059
"HER42PB",23.5,177.71,-4.798338058,-3.831495047,-1.35260542,-3.249987838,-3.916374682,3.13311777173405,22.9454066781969
"HER42PB",23.6,178.74,-5.103867307,-4.177680948,-1.375581224,-3.229942438,-3.976214865,3.71343457351444,40.9943631667374
"HER42PB",23.7,179.78,-5.230691834,-4.499323441,-1.555542573,-3.469704024,-4.059054411,3.95095420721968,51.9849475882162
"HER42PB",23.8,180.81,-5.315069126,-4.151918316,-1.501919785,-3.1419421,-3.912831115,4.09859123572211,60.2553422037437
"HER42PB",23.9,181.84,-4.317947778,-3.988701281,-1.303297442,-3.099491508,-3.887164862,2.70143015682203,14.9010272990848
"HER42PB",24,182.88,-5.022973826,-4.203014203,-1.588986622,-3.428960384,-3.825655769,3.63766696226905,38.0030706206766
"HER42PB",24.1,183.91,-5.392772772,-4.178328668,-1.360997077,-3.279147764,-3.958762938,4.13382627432357,62.41628845991
"HER42PB",24.2,184.94,-5.121648375,-4.172752169,-1.438786994,-3.393792708,-3.789659359,3.77475702282911,43.5869164033436
"HER42PB",24.3,185.97,-5.576018603,-4.133968442,-1.390403145,-3.237393574,-3.834426393,4.49112367877594,89.2216460417285
"HER42PB",24.4,187.01,-5.216363111,-4.11561635,-1.410840872,-3.3376813,-3.938282334,3.8254069604236,45.851456298041
"HER42PB",24.5,188.04,-4.748476564,-4.097888998,-1.312743573,-3.260265109,-3.845608853,3.23534386273144,25.4151095854611
"HER42PB",24.6,189.07,-4.997799645,-3.901000594,-1.399148198,-3.169575487,-4.045218912,3.41062864634629,30.2842763762318
"HER42PB",24.7,190.11,-5.203010312,-4.09609922,-1.579336268,-3.406056026,-3.884593373,3.81800695790212,45.5134077285827
"HER42PB",24.8,191.14,-4.975629685,-3.710091525,-1.117535021,-3.337604316,-3.524015858,3.44352786129975,31.2971757329167
"HER42PB",24.9,192.17,-4.98118629,-4.205736514,-1.552907949,-3.40160134,-3.869586806,3.56452203671351,35.3225664789744
"HER42PB",25,193.2,-5.364531872,-4.253739165,-1.550543342,-3.415475417,-4.050650089,4.05154743144801,57.4863444313454
"HER42PB",25.1,194.24,-4.876962798,-4.076373936,-1.283335655,-3.396832407,-3.617607848,3.45122954878242,31.5391473985111
"HER42PB",25.2,195.27,-4.343115929,-4.121090321,-1.389020694,-3.313895634,-3.648573075,2.84713247228819,17.2382796554282
"HER42PB",25.3,196.3,-4.631931197,-4.273100305,-1.437230133,-3.363869613,-3.71708035,3.22098007322369,25.052661595994
"HER42PB",25.4,197.34,-5.059695601,-4.189114676,-1.397362205,-3.67739858,-3.778466291,3.5792114327224,35.8452632974594
"HER42PB",25.5,198.37,-4.991705192,-4.173684682,-1.445831854,-3.419401501,-3.811157332,3.5708693129684,35.5474816105724
"HER42PB",25.6,199.4,-5.456678439,-4.109914917,-1.551968934,-3.395819339,-3.630629897,4.34723053295184,77.2641857290225
"HER42PB",25.7,200.43,-5.131317826,-4.191310567,-1.577767297,-3.456627362,-3.715464662,3.8299946744692,46.0622929274014
"HER42PB",25.8,201.47,-5.367064594,-4.126187233,-1.470498784,-3.363757367,-3.648064479,4.20771046960426,67.202501370003
"HER42PB",25.9,202.5,-5.111116875,-4.055818443,-1.571750509,-3.245111816,-3.734989631,3.80525512096592,44.9367129483592
"HER42PB",26,203.53,-5.133787809,-4.059868133,-1.499738062,-3.376140174,-3.629710412,3.83145125397749,46.1294352065476
"HER42PB",26.1,204.57,-5.099942171,-3.826976495,-1.369098518,-3.293793964,-3.684571546,3.64811527316044,38.4022201051391
"HER42PB",26.2,205.6,-4.928075909,-3.484022713,-1.280863401,-3.138119867,-3.847645939,3.19544305404366,24.4209911146304
"HER42PB",26.3,206.63,-4.548734506,-4.085572408,-1.169968658,-3.156096671,-3.64783433,3.10530494960221,22.316023200148
"HER42PB",26.4,207.66,-4.681564173,-3.872904105,-1.313283606,-3.148434454,-3.860257144,3.0701988350236,21.5461863855908
"HER42PB",26.5,208.7,-4.128023867,-3.998812136,-1.239953606,-3.393227448,-3.711130063,2.46108279032535,11.7174922607184
"HER42PB",26.6,209.73,-4.30827687,-3.869580146,-1.165187981,-3.271831488,-3.559189674,2.70912257653764,15.0160942595334
"HER42PB",26.7,210.76,-4.927217271,-4.199498746,-1.28264683,-3.551024005,-3.734361306,3.45997294323563,31.8161156618772
"HER42PB",26.8,211.8,-5.069902594,-3.959594265,-1.294980369,-3.299947755,-4.044493709,3.47568135585333,32.3198423499025
"HER42PB",26.9,212.83,-5.011351883,-4.095061151,-1.33914287,-3.328343778,-3.766299053,3.6030232010956,36.709045684078
"HER42PB",27,213.86,-5.13825531,-4.192111614,-1.310141061,-3.430756184,-3.534896443,3.90862404510341,49.8303404800906
"HER42PB",27.1,214.89,-5.255352667,-4.395414872,-1.393038056,-3.246862861,-3.75738216,4.15894160516529,64.0037455051551
"HER42PB",27.2,215.93,-5.253440145,-4.533624717,-1.254371979,-3.432821847,-3.593925895,4.21871106699079,67.9458501751712
"HER42PB",27.3,216.96,-5.047850793,-4.152226698,-1.03886608,-3.06920319,-3.735227437,3.76571635645793,43.1946375370316
"HER42PB",27.4,217.99,-4.979575896,-4.150585183,-1.163900645,-3.18078652,-3.663125108,3.67824334626297,39.5768102215249
"HER42PB",27.5,219.03,-4.84870348,-3.999337367,-0.975792981,-3.206008346,-3.730951851,3.3508797895112,28.5278210840828
"HER42PB",27.6,220.06,-4.69250364,-3.736669041,-1.094615972,-3.215877091,-3.903282629,2.93321393868416,18.787916779103
"HER42PB",27.7,221.09,-4.928663827,-3.823058503,-0.995806735,-3.117789962,-3.991539008,3.26938748790507,26.2952282643034
"HER42PB",27.8,222.12,-4.102643365,-3.988908918,-1.010568387,-2.936655674,-3.453638078,2.71810284034644,15.1515500514149
"HER42PB",27.9,223.16,-4.317337443,-3.871276355,-0.984729463,-3.075938233,-3.928966768,2.58415229704137,13.2520505247208
"HER42PB",28,224.19,-4.831100548,-3.808147822,-1.000035398,-3.057331396,-4.092490994,3.10375806740249,22.2815296267168
"HER42PB",28.1,225.22,-4.877738621,-4.001453223,-1.006129196,-3.369313391,-3.6083086,3.39167707129189,29.7157459293554
"HER42PB",28.2,226.26,-4.759111484,-3.989242755,-1.008593724,-3.347283821,-3.653340969,3.2152486121485,24.9094839417473
"HER42PB",28.3,227.29,-4.741342937,-3.961899943,-1.149513372,-3.102304555,-4.041778622,3.09561469043472,22.1008195254282
"HER42PB",28.4,228.32,-4.822393334,-3.761708097,-0.956566772,-3.066881655,-3.768453485,3.22622364967213,25.1843721577267
"HER42PB",28.5,229.35,-5.054340932,-3.777480412,-0.908789461,-3.157525871,-4.095084164,3.33800844045011,28.1629825598906
"HER42PB",28.6,230.39,-3.52831673,-3.843548754,-0.768633618,-3.130124381,-3.881503974,1.75081774669591,5.75931040793407
"HER42PB",28.7,231.42,-4.038181128,-3.8595293,-0.728520834,-3.123209948,-3.356083784,2.51908093705783,12.4171792484261
"HER42PB",28.8,232.45,-4.319321295,-3.77956056,-0.810197884,-2.970414466,-3.995599286,2.52330757061965,12.4697731843313
"HER42PB",28.9,233.49,-4.717973523,-3.670416405,-0.539071573,-3.013636869,-3.736013688,3.02534022145606,20.6010124254847
"HER42PB",29,234.52,-4.924962733,-4.15827165,-0.863159487,-3.270249599,-3.807236049,3.45566693933666,31.6794098828253
"HER42PB",29.1,235.55,-5.063385859,-4.163902246,-0.960447379,-3.34359989,-3.999085716,3.53427913297347,34.2703014774959
"HER42PB",29.2,236.58,-5.043207623,-4.263985834,-1.073445848,-3.175736332,-3.655509753,3.82029439604203,45.6176359957085
"HER42PB",29.3,237.62,-4.851485057,-3.97601632,-0.930940325,-3.285780349,-3.993612082,3.16747217715074,23.7473792530215
"HER42PB",29.4,238.65,-4.376298092,-3.578978044,-0.589683561,-3.041765665,-3.771511998,2.54037337703292,12.6844061527085
"HER42PB",29.5,239.68,-4.630602773,-3.737138692,-0.692767919,-3.017281361,-3.740328487,2.96736137069126,19.4405554409852
"HER42PB",29.6,240.72,-4.483228515,-3.381288436,-0.56270838,-3.086983823,-3.888061743,2.47904170192387,11.9298266084216
"HER42PB",29.7,241.75,-4.602033195,-3.534074648,-0.647963285,-3.105109206,-3.955226352,2.67211576287397,14.4705530862465
"HER42PB",29.8,242.78,-3.700486361,-3.661931084,-0.400871409,-3.251937667,-3.996589536,1.6535517386012,5.22550653997222
"HER42PB",29.9,243.81,-4.577284982,-3.723867492,-0.615059121,-3.255529143,-3.69597397,2.8099176785238,16.608550922079
"HER42PB",30,244.85,-4.976151936,-3.785520749,-0.654575805,-3.212907637,-4.038406269,3.20559231823812,24.6701082447189
"HER42PB",30.1,245.85,-4.829502774,-3.916293708,-0.522807739,-3.079634246,-3.922485679,3.17315618671519,23.8827439264292
"HER42PB",30.2,246.86,-4.820780277,-4.119930876,-0.345671811,-3.20517585,-3.780539995,3.26697301303176,26.2318156812219
"HER42PB",30.3,247.87,-4.730319585,-3.797346353,-0.378053876,-3.325506176,-3.856019755,2.89636719597056,18.1082420403317
"HER42PB",30.4,248.88,-4.813892298,-4.068298642,-0.582688553,-3.061353542,-3.497965379,3.46808006485666,32.0751011760948
"HER42PB",30.5,249.88,-5.039708542,-4.081796135,-0.839222519,-3.195198507,-3.821463078,3.59420028504102,36.3865894494751
"HER42PB",30.6,250.89,-4.922383941,-4.133418837,-0.702794083,-3.109435286,-3.550154509,3.61655636119948,37.2092118574187
"HER42PB",30.7,251.9,-4.526808164,-4.022671528,-0.631065109,-2.988746914,-3.585644167,3.07384394468969,21.62486791213
"HER42PB",30.8,252.9,-4.642840111,-4.132841275,-0.737201076,-3.169534372,-3.77393557,3.11655401947809,22.5684749661248
"HER42PB",30.9,253.91,-4.15031249,-3.895486205,-0.541036086,-3.115242443,-3.835944811,2.38537290955699,10.8631128683011
"HER42PB",31,254.92,-4.710786483,-3.88701912,-0.622896817,-2.980572602,-3.677850313,3.1847955720789,24.1623484422681
"HER42PB",31.1,255.93,-4.899096766,-4.081943754,-0.637921422,-2.998331747,-3.700757779,3.51659186791572,33.6694826557627
"HER42PB",31.2,256.93,-4.673388564,-4.05187104,-0.718253102,-2.89321671,-3.594947634,3.31549637286569,27.5360587452688
"HER42PB",31.3,257.94,-4.559019393,-3.894859749,-0.456544704,-2.901763606,-3.671716198,3.01311852321136,20.350765404812
"HER42PB",31.4,258.95,-4.417130182,-3.874888362,-0.505745679,-3.163354556,-3.559250213,2.79197016633711,16.313127737537
"HER42PB",31.5,259.95,-4.821859088,-3.855016077,-0.481357407,-3.202942432,-3.665011169,3.20851713347893,24.7423693770225
"HER42PB",31.6,260.96,-4.72681813,-3.86338523,-0.405771998,-3.080446963,-3.865475095,3.0254782743911,20.6038566520372
"HER42PB",31.7,261.97,-3.58059973,-3.59302225,-0.318829984,-2.849597916,-3.766631866,1.77977442665712,5.92851895191007
"HER42PB",31.8,262.98,-3.871881052,-3.797190159,-0.31775823,-3.235412208,-3.564996772,2.10862045583583,8.2368703166774
"HER42PB",31.9,263.98,-4.367110109,-3.770730481,-0.380706399,-3.313734435,-3.703521731,2.52643270283443,12.5088038304194
"HER42PB",32,264.99,-4.136012759,-3.858300859,-0.34972096,-3.361602615,-3.860306878,2.21149253502782,9.12933207747599
"HER42PB",32.1,266,-4.576618284,-3.912700742,-0.525871628,-3.137231836,-3.522894317,3.03425795684389,20.7855484015696
"HER42PB",32.2,267,-4.598007667,-3.758445638,-0.422535764,-2.947117253,-3.521773934,3.04386950063934,20.9862927966919
"HER42PB",32.3,268.01,-4.613759799,-3.735077347,-0.472193166,-3.110159388,-3.809048211,2.84211056402205,17.1519276038534
"HER42PB",32.4,269.02,-3.30564489,-3.527909578,-0.24974324,-2.991356274,-4.048051278,1.29433918115637,3.64858412418925
"HER42PB",32.5,270.03,-4.436901054,-3.814811795,-0.459753057,-3.089249956,-3.862439844,2.65035463292963,14.1590590237098
"HER42PB",32.6,271.03,-4.637492815,-3.861869412,-0.496083342,-3.205861779,-3.594708975,3.01335716089939,20.355622443931
"HER42PB",32.7,272.04,-4.642089943,-3.929618489,-0.438781608,-3.01812393,-3.699798709,3.06909671959943,21.5224530820656
"HER42PB",32.8,273.05,-4.177326091,-3.76320292,-0.370341592,-3.103164898,-3.920551556,2.28313480676377,9.80737650142458
"HER42PB",32.9,274.05,-4.480162499,-3.542752484,-0.227609999,-3.066575995,-3.157090003,2.9024350646244,18.2184545138315
"HER42PB",33,275.06,-4.240537104,-3.661847772,-0.222150951,-3.039704019,-3.710462205,2.41394691611124,11.1779927931403
"HER42PB",33.1,276.07,-4.519844042,-3.776894039,-0.222935027,-3.178146522,-3.62158729,2.78551723077786,16.2081990884878
"HER42PB",33.2,277.08,-4.719961501,-3.712841553,-0.283436332,-2.87327237,-3.564696897,3.16189170755259,23.6152268043786
"HER42PB",33.3,278.08,-4.879080441,-3.953797998,-0.249249115,-3.15862065,-3.786940667,3.25991807377614,26.0474030897257
"HER42PB",33.4,279.09,-4.781437416,-4.025442332,-0.148126384,-3.401922742,-3.557661985,3.17454357169768,23.9159014825225
"HER42PB",33.5,280.1,-4.837163353,-3.883002347,-0.172511268,-2.847128399,-3.643772658,3.35815601153805,28.7361528592098
"HER42PB",33.6,281.1,-4.352016662,-3.970970081,-0.191695468,-3.056028573,-3.768258568,2.66046393779786,14.3029232263519
"HER42PB",33.7,282.11,-4.319951118,-4.108791311,-0.27569066,-3.457100844,-3.858605551,2.49696845894343,12.1456181535932
"HER42PB",33.8,283.12,-4.555815156,-3.76202445,-0.260104953,-3.27924813,-3.60787377,2.79196722404647,16.3130797396446
"HER42PB",33.9,284.13,-4.110066607,-3.659023991,-0.170851903,-3.242617854,-3.754169168,2.15888136785595,8.66144326839232
"HER42PB",34,285.13,-4.515558027,-3.830379016,-0.3576675,-3.308020157,-3.514109487,2.82927631278228,16.9332020474392
"HER42PB",34.1,286.14,-4.65295292,-3.883497547,-0.347757379,-3.171148159,-3.780793618,2.94167254382394,18.9475103665571
"HER42PB",34.2,287.15,-4.591499937,-3.862420747,-0.423637975,-3.136483744,-3.337576202,3.10875084155378,22.3930544493419
"HER42PB",34.3,288.16,-4.780353532,-4.018887107,-0.406376888,-3.377778285,-3.64051529,3.1713802547948,23.8403674391596
"HER42PB",34.4,289.16,-4.933296,-3.921144275,-0.35316394,-3.058235733,-3.836705956,3.34520376418231,28.3663551249673
"HER42PB",34.5,290.17,-4.174008888,-4.048363701,-0.506043334,-3.173899484,-3.785073082,2.48881409173353,12.0469810313967
"HER42PB",34.6,291.18,-4.928148904,-4.062560275,-0.603867438,-3.153387011,-3.78916416,3.43196031801715,30.9372301546568
"HER42PB",34.7,292.18,-3.454844512,-4.258630731,-0.6429062,-3.17216245,-3.778925016,1.9231377467939,6.84239452272577
"HER42PB",34.8,293.19,-4.950901748,-4.116982014,-0.629390729,-3.34030172,-3.749257233,3.43933171606948,31.1661233878737
"HER42PB",34.9,294.2,-4.53403489,-3.83328311,-0.448315202,-3.409055726,-3.820112647,2.66524559893759,14.3714787325051
"HER42PB",35,295.21,-4.732641587,-3.903881848,-0.334964257,-3.307813562,-3.730610127,3.02170387581001,20.5262360623957
"HER42PB",35.1,296.21,-4.417046361,-3.55697819,-0.213956017,-3.04820445,-3.670014092,2.5753566585337,13.1360013900992
"HER42PB",35.2,297.22,-4.751864565,-3.768599257,-0.309787361,-3.085539278,-3.725735553,3.06536607830135,21.4423101150432
"HER42PB",35.3,298.23,-4.494366554,-3.711825341,-0.395578951,-3.017805941,-3.654182267,2.79275948661034,16.3260091030727
"HER42PB",35.4,299.23,-4.802001352,-4.061285755,-0.576103849,-3.168246132,-3.860392812,3.21627999698885,24.9351884592119
"HER42PB",35.5,300.24,-4.521299938,-4.051764583,-0.634767616,-3.286351206,-3.864381696,2.8168329621937,16.7238018000229
"HER42PB",35.6,301.25,-4.900917473,-3.768464021,-0.595017988,-3.095662522,-4.080371798,3.11214023359281,22.4690820607287
"HER42PB",35.7,302.26,-4.865823586,-3.873159875,-0.674566793,-3.359984074,-3.681082144,3.22983681725393,25.2755321036814
"HER42PB",35.8,303.26,-4.730593576,-4.059818693,-0.745879531,-3.284195291,-3.755866977,3.15280707237486,23.4016626293265
"HER42PB",35.9,304.27,-5.109627751,-4.184678956,-0.92346111,-3.315800028,-3.908765369,3.66436833134149,39.0314734161247
"HER42PB",36,305.28,-5.406735151,-4.077338956,-0.88254469,-3.523426925,-3.806186186,4.01762864875563,55.5691754286608
"HER42PB",36.1,306.28,-5.279880735,-4.340242639,-0.874026083,-3.039841399,-3.707335539,4.20757027711401,67.1930807443509
"HER42PB",36.2,307.29,-5.329694902,-4.364614006,-0.79039746,-3.336129019,-3.599515372,4.21991119301094,68.027442708796
"HER42PB",36.3,308.3,-4.974703285,-4.106614655,-0.568199269,-3.228064251,-3.697042765,3.53128366140558,34.1677993615286
"HER42PB",36.4,309.31,-4.570951343,-3.906203637,-0.548675807,-3.071328296,-3.786136974,2.9173921105059,18.4929968266599
"HER42PB",36.5,310.31,-5.022481516,-4.00634545,-0.704993403,-3.026931224,-3.746769615,3.61984639689306,37.3318330960777
"HER42PB",36.6,311.32,-5.006139607,-3.869177513,-0.739988107,-3.321800386,-4.150936567,3.19969826024987,24.5251288742703
"HER42PB",36.7,312.33,-4.763796549,-3.970804034,-0.675889329,-2.962086749,-3.74856587,3.27477633522277,26.4373117238006
"HER42PB",36.8,313.33,-4.531731965,-3.772283704,-0.678329542,-3.116622893,-3.375662621,3.01144299774972,20.3166957294871
"HER42PB",36.9,314.34,-4.389703188,-3.774808204,-0.52299253,-3.120184305,-3.530191435,2.74270287224826,15.5289010597952
"HER42PB",37,315.35,-4.701330877,-3.067560864,-0.562663068,-2.875669856,-3.162294287,3.04498394938526,21.0096939816692
"HER42PB",37.1,316.36,-4.895391405,-3.763442696,-0.61645229,-3.312285867,-3.632190766,3.24890911829146,25.7622210470894
"HER42PB",37.2,317.36,-4.517042484,-3.372771432,-0.656552036,-2.882173133,-3.482295542,2.82170809976073,16.8055316948094
"HER42PB",37.3,318.37,-3.976838387,-3.472361991,-0.67554682,-3.362679618,-3.367256285,2.1421463130293,8.5176996736324
"HER42PB",37.4,319.38,-4.023287626,-3.894670248,-0.611255902,-3.316078559,-3.740519568,2.22811876252979,9.2823872689984
"HER42PB",37.5,320.38,-4.823510139,-3.885671071,-0.735954245,-3.392441209,-3.555308268,3.24056091819048,25.5480480939289
"HER42PB",37.6,321.39,-4.213499939,-3.310784076,-0.35590939,-2.810492097,-3.75692882,2.28761468075116,9.8514108728707
"HER42PB",37.7,322.4,-4.301333483,-3.337732534,-0.342178001,-3.083788601,-3.739059297,2.29491505364066,9.92359300338342
"HER42PB",37.8,323.41,-4.277808223,-3.476772081,-0.723183751,-2.908267345,-4.181347957,2.23516109182344,9.34798761528074
"HER42PB",37.9,324.41,-4.163853817,-3.520578466,-0.400644408,-3.034196907,-4.350509075,1.95054404835946,7.0325125669311
"HER42PB",38,325.42,-3.555029539,-2.998147238,-0.523788726,-2.956158042,-3.593995508,1.5182993103018,4.56445586733543
"HER42PB",38.1,326.43,-4.068241045,-3.02805984,-0.289409721,-2.856460959,-3.826885956,1.9197885920389,6.81951661678294
"HER42PB",38.2,327.43,-3.731876596,-3.191894388,-0.235428806,-2.996251987,-3.540392672,1.75524535516806,5.78486691484306
"HER42PB",38.3,328.44,-4.077442486,-3.184388844,-0.288933191,-2.653355926,-3.231345827,2.40324999684113,11.0590599482136
"HER42PB",38.4,329.45,-4.252127452,-3.540288138,-0.308410781,-2.699626002,-3.803578757,2.4652335689466,11.766230057015
"HER42PB",38.5,330.46,-4.303181467,-3.42825754,-0.233317121,-2.863594178,-3.784543303,2.39618402624703,10.9811923847582
"HER42PB",38.6,331.46,-4.435673106,-3.559584982,-0.229206552,-2.710519556,-3.748117739,2.69796373603834,14.8494634909179
"HER42PB",38.7,332.47,-4.20707245,-3.490114621,-0.224411341,-2.918802793,-3.444129508,2.47495066868686,11.8811209873425
"HER42PB",38.8,333.48,-4.195818223,-3.754601424,-0.51842692,-3.243406183,-3.839430677,2.30342342725015,10.0083868575648
"HER42PB",38.9,334.48,-4.920023363,-4.024885006,-0.829465029,-3.115745675,-3.934119796,3.37174927427521,29.1294378926652
"HER42PB",39,335.49,-4.576205717,-4.126004715,-0.800159669,-3.528542785,-3.850268714,2.85296283711484,17.3390786767979
"HER42PB",39.1,336.5,-4.629679089,-3.774640792,-0.622726349,-3.320554996,-3.807193395,2.81787775600306,16.7412838555939
"HER42PB",39.2,337.51,-3.973787486,-3.835355457,-0.611624517,-3.08764088,-3.995863438,2.10720028823459,8.22518088276042
"HER42PB",39.3,338.51,-4.780065865,-4.009506074,-0.582020701,-3.44634932,-3.585404571,3.19032041225048,24.296210999699
"HER42PB",39.4,339.52,-4.698803217,-4.165197564,-0.562936444,-3.442754014,-3.606354276,3.15571338587204,23.4697741260208
"HER42PB",39.5,340.53,-4.329209079,-3.979957116,-0.312681229,-3.13948522,-3.862426064,2.57260749118046,13.0999379188981
"HER42PB",39.6,341.53,-4.279233168,-3.759357708,-0.35989929,-2.909305784,-3.668973647,2.60139362511023,13.4825145190557
"HER42PB",39.7,342.54,-5.148035163,-4.27127527,-0.817301823,-3.213260987,-3.781310899,3.85899636719985,47.4177374827748
"HER42PB",39.8,343.55,-5.224197087,-4.091505484,-0.753061277,-3.061333937,-4.183213911,3.72162979733943,41.3317015421817
"HER42PB",39.9,344.56,-5.009105462,-4.094089428,-0.643211446,-3.02131837,-3.83486982,3.59548019523578,36.433190832695
"HER42PB",40,345.56,-5.613471542,-3.869914175,-0.589126733,-3.200714,-3.969348072,4.25198871661987,70.2449708705466
"HER42PB",40.1,346.58,-4.790724853,-3.894319653,-0.425812752,-3.08550584,-3.809248141,3.15403013266475,23.430301783742
"HER42PB",40.2,347.59,-5.325608227,-4.14695323,-0.649358459,-3.062977449,-3.729593335,4.12455972847906,61.8405766112095
"HER42PB",40.3,348.6,-4.902259741,-4.269737182,-0.49482339,-3.308994687,-3.849234196,3.39618069360608,29.8498762352156
"HER42PB",40.4,349.61,-4.707678423,-3.581184652,-0.417218982,-3.258660804,-4.050898887,2.68557766217825,14.6666713149462
"HER42PB",40.5,350.63,-4.506273657,-3.40518612,-0.337449445,-3.178341145,-3.79470975,2.49979079656105,12.1799456076434
"HER42PB",40.6,351.64,-4.305110754,-3.469400509,-0.065223886,-3.195803176,-3.651442384,2.33061144181536,10.2842278179254
"HER42PB",40.7,352.65,-4.435481228,-3.448308501,-0.150666581,-2.886758851,-3.697882285,2.58283215080419,13.2345674227505
"HER42PB",40.8,353.66,-4.607071033,-3.652581213,-0.407742132,-3.088352086,-3.466575366,2.96842598795026,19.461263212802
"HER42PB",40.9,354.68,-4.767339301,-3.962448082,-0.45261362,-3.332958753,-3.638005113,3.15072765561129,23.3530513788004
"HER42PB",41,355.69,-4.664548357,-3.767445057,-0.170031704,-3.277123413,-3.90361567,2.76436687151125,15.8689896999202
"HER42PB",41.1,356.7,-4.159790184,-3.793815186,-0.100654193,-3.167661376,-3.773017209,2.29410740647799,9.91558147732933
"HER42PB",41.2,357.71,-4.634387607,-4.054881661,-0.208652523,-3.326265958,-3.945154326,2.84108160261538,17.1342880090864
"HER42PB",41.3,358.73,-4.682792384,-4.188916319,-0.176792761,-3.615477102,-3.606843955,3.02506363885205,20.5953153317176
"HER42PB",41.4,359.74,-3.902799648,-4.18226163,-0.235387063,-3.380610266,-3.567688882,2.26947557520222,9.67432602704667
"HER42PB",41.5,360.75,-4.316977965,-4.027248809,-0.243524054,-3.546313331,-3.614313378,2.5367546797831,12.6385880779175
"HER42PB",41.6,361.76,-4.953712147,-4.15336404,-0.372942511,-3.531238129,-3.802141284,3.32228557072735,27.7236425476682
"HER42PB",41.7,362.78,-4.996091742,-3.998144645,-0.465395086,-3.404491538,-3.890139971,3.31788375146588,27.6018762770735
"HER42PB",41.8,363.79,-4.952665192,-4.174561289,-0.682726633,-3.653830136,-3.734993543,3.35845582830544,28.7447697313439
"HER42PB",41.9,364.8,-5.14960641,-4.264087337,-0.803206953,-3.548689547,-3.688879454,3.76652045125642,43.229384088286
"HER42PB",42,365.81,-4.59294791,-4.230654974,-0.68000983,-3.679478054,-3.619185824,2.970379208382,19.4993124969597
"HER42PB",42.1,366.83,-5.578136035,-4.756055171,-1.045832531,-4.283031911,-3.719833175,4.40685522423007,82.0111508693106
"HER42PB",42.2,367.84,-5.321009334,-4.168329824,-0.783047898,-4.033155046,-3.795557078,3.71618158937157,41.1071301478394
"HER42PB",42.3,368.85,-5.30796456,-4.058121302,-0.882344265,-3.755925186,-4.167170657,3.57230514221758,35.5985583843913
"HER42PB",42.4,369.86,-5.364824058,-4.219033209,-0.809042041,-3.477534846,-3.733879941,4.07283334617646,58.723110003373
"HER42PB",42.5,370.88,-5.66568009,-4.281839718,-0.78995903,-3.581348563,-3.742433801,4.54547820299629,94.2054657757605
"HER42PB",42.6,371.89,-5.037342137,-4.615347727,-0.809778731,-3.872630047,-4.119053402,3.43574135766968,31.0544264709483
"HER42PB",42.7,372.9,-5.234378665,-4.315591053,-0.76653277,-3.64514346,-3.915961727,3.75629640701246,42.7896566793955
"HER42PB",42.8,373.91,-5.209318517,-4.445135563,-0.665501746,-3.760596757,-3.892893836,3.73819803855774,42.0221995163443
"HER42PB",42.9,374.93,-5.001560913,-4.181781081,-0.583443458,-3.785165588,-3.622794818,3.42088028185249,30.5963365698714
"HER42PB",43,375.94,-5.266610835,-4.146445988,-0.59543262,-3.496878688,-4.190025868,3.61125451529017,37.01245639421
"HER42PB",43.1,376.95,-5.073510198,-4.095344063,-0.467914571,-3.574172147,-3.804168101,3.4532161726291,31.6018660994428
"HER42PB",43.2,377.96,-5.218898217,-4.318298815,-0.556363384,-4.190562772,-3.966991047,3.4570703761562,31.7239011461121
"HER42PB",43.3,378.98,-4.953999619,-4.035858748,-0.571567974,-3.754202187,-3.910913091,3.14028757182688,23.1105118353311
"HER42PB",43.4,379.99,-4.490989013,-3.871296281,-0.572640447,-3.768530592,-3.947282188,2.4375495638237,11.4449612063131
"HER42PB",43.5,381,-5.311284872,-4.634504669,-0.918761572,-3.934778517,-4.191258489,3.79912649197272,44.6621546987181
"HER42PB",43.6,382.01,-5.152851689,-4.478909488,-0.67786447,-3.975870333,-3.794107279,3.63797069640082,38.0146152034892
"HER42PB",43.7,383.03,-5.171700787,-4.293488564,-0.574363395,-3.795068337,-3.699884252,3.67699177954911,39.527308187222
"HER42PB",43.8,384.04,-5.058852317,-4.210161699,-0.692930278,-3.696001349,-3.596274651,3.58104825400385,35.9111651463538
"HER42PB",43.9,385.05,-5.356741426,-4.411914387,-0.768088481,-3.818177854,-3.879332277,3.94137695933876,51.4894513914263
"HER42PB",44,386.06,-5.558197158,-4.324039377,-0.960880309,-3.790928708,-3.800617366,4.2949552373347,73.32893197312
"HER42PB",44.1,387.08,-5.617392505,-4.29734753,-0.864097082,-3.811488529,-3.825633036,4.34488568092294,77.0832248924615
"HER42PB",44.2,388.09,-5.294264579,-4.156104993,-0.927561763,-3.928888117,-3.642426301,3.81045129076433,45.170819440821
"HER42PB",44.3,389.1,-5.811791653,-4.504634613,-1.062709359,-3.608546588,-4.064483947,4.77513782732031,118.526649705502
"HER42PB",44.4,390.11,-5.376719934,-4.212663737,-0.994059442,-3.638289901,-3.882351351,3.97024176311159,52.9973420933
"HER42PB",44.5,391.13,-5.602750249,-4.232347256,-1.089122575,-3.830703321,-3.788718145,4.32790563177222,75.785397712281
"HER42PB",44.6,392.14,-5.207284191,-4.294774182,-1.031156781,-3.889309074,-3.935829089,3.63071194600588,37.7396756663047
"HER42PB",44.7,393.15,-5.300487424,-4.183651396,-0.78554381,-3.487123931,-3.739081343,3.94557472615668,51.7060463915463
"HER42PB",44.8,394.16,-5.183329821,-4.047494822,-0.907412485,-3.485683643,-3.945215973,3.60900249434852,36.9291973530487
"HER42PB",44.9,395.18,-5.16058227,-3.893878937,-0.887938359,-3.624274596,-3.771401904,3.52601077706571,33.988110662539
"HER42PB",45,396.19,-5.076692931,-4.052881855,-0.827580119,-3.860898388,-3.751699096,3.39400008434959,29.7848562361623
"HER42PB",45.1,397.2,-4.904824694,-4.124471452,-0.953041941,-3.546968269,-4.040319262,3.18883581257071,24.2601676142487
"HER42PB",45.2,398.21,-4.307307265,-4.045141788,-0.85269567,-3.451189061,-3.921851524,2.4966657295737,12.1419418747516
"HER42PB",45.3,399.23,-5.132475549,-4.012769477,-0.943525777,-3.331072803,-4.104102756,3.50226191077779,33.1904409336025
"HER42PB",45.4,400.24,-4.835284898,-3.850539556,-0.768598852,-3.80470502,-3.617064301,3.04161097070216,20.9389481109604
"HER42PB",45.5,401.25,-4.993792493,-3.774671841,-0.684619556,-3.59442605,-3.872629379,3.15847206712326,23.5346091403237
"HER42PB",45.6,402.26,-5.072134519,-4.026947397,-0.63309399,-3.402139991,-3.792486021,3.51397037975383,33.5813340962474
"HER42PB",45.7,403.28,-5.235514972,-4.169692506,-1.005249401,-3.53252796,-3.935059655,3.74970875631775,42.508699806773
"HER42PB",45.8,404.29,-5.428843293,-4.185943418,-0.998753767,-3.399289846,-3.693344572,4.23438710325885,69.0193640242821
"HER42PB",45.9,405.3,-5.345239635,-4.187593815,-0.999505573,-3.394514841,-3.974264723,3.96092116654051,52.5056701456777
"HER42PB",46,406.31,-5.25591877,-4.32492189,-0.94711019,-3.522407633,-3.716797356,3.97120906827692,53.0486314983096
"HER42PB",46.1,407.33,-5.049114849,-4.267073642,-0.955021574,-3.46100837,-3.854735655,3.59441069184384,36.3942462409189
"HER42PB",46.2,408.34,-5.024207778,-4.064114424,-0.885187958,-3.467897783,-3.748261474,3.49592942769461,32.9809270994036
"HER42PB",46.3,409.35,-4.834719407,-4.156020362,-0.923106321,-3.550830006,-3.803929714,3.22874795237928,25.2480254428218
"HER42PB",46.4,410.36,-4.844513756,-4.096862673,-0.913583488,-3.499516952,-4.195912646,3.02704389356738,20.6361397100101
"HER42PB",46.5,411.38,-5.192956851,-4.047824547,-0.948380844,-3.401197382,-3.940193882,3.66597954257329,39.0944120545916
"HER42PB",46.6,412.39,-3.284171977,-4.143304296,-0.745817493,-3.661089206,-3.99650659,1.41941116329376,4.1346850689664
"HER42PB",46.7,413.4,-4.674148187,-3.997871135,-0.835535657,-3.22308299,-3.656818532,3.13707325470255,23.0363465805662
"HER42PB",46.8,414.41,-5.283303256,-4.20671829,-1.003645972,-3.540660802,-3.701700143,3.95848553562663,52.3779413255919
"HER42PB",46.9,415.43,-5.380129399,-4.194305913,-1.103763085,-3.697200354,-3.791041026,4.00399912643128,54.8169321150622
"HER42PB",47.1,417.45,-5.639078748,-4.564348191,-1.72000104,-3.750401382,-3.989739619,4.57660227873916,97.1836297175972
"HER42PB",47.2,418.46,-5.876010528,-4.514752245,-1.672959406,-3.768131051,-3.774829,5.06303896204068,158.070156355235
"HER42PB",47.3,419.48,-5.63823088,-4.516694952,-1.49703039,-3.875885296,-3.73288396,4.60208763077208,99.6922190979261
"HER42PB",47.4,420.49,-5.475620131,-4.446533905,-1.609250424,-3.680136263,-3.792820794,4.36161243844909,78.3834210228667
"HER42PB",47.5,421.5,-6.005264985,-4.565245225,-1.752326937,-3.970644224,-3.721029031,5.28446709601089,197.24904063453
"HER42PB",47.6,422.51,-5.411225415,-4.395679725,-1.605207255,-3.778863862,-3.884854101,4.14392572922595,63.049852892859
"HER42PB",47.7,423.53,-5.022012634,-4.422014508,-1.653722603,-3.628532613,-3.799935476,3.69175480060466,40.1151793705735
"HER42PB",47.8,424.54,-5.244657581,-4.381237182,-1.647755543,-3.780626254,-3.989331603,3.83142652294136,46.1282943919254
"HER42PB",47.9,425.55,-5.311965738,-4.291605646,-1.443052288,-3.776139643,-3.808605444,3.95417719871925,52.1527649240527
"HER42PB",48,426.56,-5.38235848,-4.449538446,-1.681056506,-3.624740055,-3.835978704,4.22546163732293,68.4060750580659
"HER42PB",48.1,427.58,-5.464624077,-4.712122654,-1.939533932,-3.984001051,-3.643329089,4.48122889703907,88.3431706564155
"HER42PB",48.2,428.59,-5.520126695,-4.769409662,-1.87942648,-3.919617413,-3.895982635,4.48802308807368,88.9454346660668
"HER42PB",48.3,429.6,-5.585654891,-4.732748491,-1.835132344,-3.849202841,-3.974643415,4.55850932897785,95.4411024517678
"HER42PB",48.4,430.61,-6.025129282,-4.62671356,-1.782925567,-3.953338887,-3.788058796,5.33072437818175,206.587567495206
"HER42PB",48.5,431.63,-5.613484105,-4.651116915,-1.914493341,-3.921380287,-3.842259238,4.61195118465594,100.680404169479
"HER42PB",48.6,432.64,-5.527798999,-4.623520423,-1.843594635,-3.888947201,-3.809573613,4.47650195691528,87.9265631933642
"HER42PB",48.7,433.65,-5.280195574,-4.512940422,-1.469596072,-3.886531983,-3.706906176,4.03322464620809,56.4426256060434
"HER42PB",48.8,434.66,-5.574053368,-4.5638965,-1.761412313,-3.873643677,-3.831084063,4.50523336996396,90.4894591067737
"HER42PB",48.9,435.68,-5.236503811,-4.5006759,-1.83763472,-3.811715746,-3.863377161,3.96011174674776,52.4631882122082
"HER42PB",49,436.69,-6.219877771,-4.765088175,-2.120817975,-3.92328072,-3.817920205,5.82635418870655,339.12005482288
"HER42PB",49.1,437.7,-5.6252502,-4.666538752,-1.990299088,-3.822440894,-3.873155987,4.67438672451473,107.166824148753
"HER42PB",49.2,438.71,-5.619510024,-4.686412174,-2.134366222,-3.879936308,-3.866632343,4.67448172276722,107.17700529336
"HER42PB",49.3,439.73,-5.73687947,-4.881451483,-1.863102415,-3.803289805,-3.965970796,4.92049227030112,137.070072106765
"HER42PB",49.4,440.74,-5.915956995,-4.576182649,-2.029718106,-3.753417975,-4.056468078,5.07615501092559,160.157068355477
"HER42PB",49.5,441.75,-5.725771636,-4.736721549,-2.271301787,-3.855421892,-3.836702843,4.92602792293736,137.830948443334
"HER42PB",49.6,442.76,-5.488755405,-4.741928075,-2.168970132,-4.11169472,-3.950939869,4.3548260229414,77.853279473962
"HER42PB",49.7,443.78,-6.190315406,-4.583912397,-2.245795876,-3.74796837,-3.786925614,5.77658017196218,322.653880722131
"HER42PB",49.8,444.79,-5.575154555,-4.652432933,-2.083055524,-3.946546726,-3.967330848,4.4963933775704,89.6930582515763
"HER42PB",49.9,445.8,-6.157684951,-4.44899208,-2.30538118,-3.577248558,-3.954039806,5.63210136912623,279.248305286296
"HER42PB",50,446.81,-6.061891945,-4.626807419,-2.456031846,-3.495917472,-4.021537792,5.55738563370049,259.144451415537
"HER42PB",50.1,447.83,-6.011971583,-4.799286838,-2.223246794,-3.888214158,-3.96427874,5.39087954695834,219.396270038022
"HER42PB",50.2,448.85,-5.323439401,-4.685233338,-2.242164333,-3.892556562,-3.95940351,4.16015066838594,64.0811768801104
"HER42PB",50.3,449.87,-5.669818225,-4.484194559,-2.1434577,-3.650078436,-3.721314041,4.82392581788005,124.452711678862
"HER42PB",50.4,450.89,-5.961160588,-4.706677928,-2.363023449,-3.909201692,-3.915412892,5.2825981536744,196.880737827217
"HER42PB",50.5,451.9,-6.008014341,-4.564040868,-2.430066447,-3.812179618,-3.761999599,5.42382320604466,226.744357861151
"HER42PB",50.6,452.92,-6.074289244,-4.750733224,-2.345669461,-3.947023256,-3.932634518,5.49319258346201,243.031869139131
"HER42PB",50.7,453.94,-5.980421655,-4.639797331,-2.369503743,-3.7129704,-3.785846086,5.43170038481476,228.537516948372
"HER42PB",50.8,454.96,-5.468426979,-4.38441349,-1.996370513,-3.709819717,-3.830415694,4.33801471138055,76.5554037998661
"HER42PB",50.9,455.98,-6.044020032,-4.667513677,-2.338079163,-3.785237561,-3.82538136,5.5121936564124,247.6938868189
"HER42PB",51,457,-5.871352034,-4.429561267,-1.896762559,-4.051019192,-4.156771021,4.72638636383513,112.886892244485
"HER42PB",51.1,458.01,-5.760678837,-4.055930745,-2.06649433,-3.38825017,-3.887241337,4.76668977628778,117.529548232357
"HER42PB",51.2,459.03,-4.844258021,-3.896049686,-1.236388334,-3.392580901,-3.716057775,3.25740920757608,25.9821355485134
"HER42PB",51.3,460.05,-5.395436988,-4.241114092,-2.170020102,-3.37120264,-3.917746346,4.26360903257244,71.0660007004193
"HER42PB",51.4,461.07,-5.880275676,-3.814079361,-1.85070358,-3.30525574,-4.047694212,4.77468200150576,118.472634510549
"HER42PB",51.5,462.09,-5.828048515,-4.326684824,-2.158252435,-3.637622061,-3.808279305,4.97936980945178,145.382733954075
"HER42PB",51.6,463.11,-5.330457175,-4.068486981,-1.871036133,-3.280214788,-3.853112841,4.10262278165587,60.4987547182701
"HER42PB",51.7,464.12,-5.746816163,-4.328220857,-2.050389503,-3.758526791,-3.896216194,4.72723425636122,112.982648786604
"HER42PB",51.8,465.14,-6.442451698,-4.374651732,-2.113181416,-3.788948943,-3.910814617,6.09079732419514,441.773507466134
"HER42PB",51.9,466.16,-5.735269289,-4.534972959,-2.13156803,-4.075731454,-3.935893636,4.67638189873084,107.380854075613
"HER42PB",52,467.18,-5.275338602,-4.525996863,-2.039725026,-3.880411094,-3.824686372,4.05095775424112,57.4524560369153
"HER42PB",52.1,468.2,-5.779734573,-4.449434481,-1.991502715,-3.927156364,-3.804554041,4.81923610527899,123.870430661173
"HER42PB",52.2,469.21,-5.764145624,-4.655777161,-2.047469819,-3.980589647,-4.238515669,4.66073579307227,105.713837056342
"HER42PB",52.3,470.23,-5.65938804,-4.716429062,-2.157978508,-3.816410355,-3.827888243,4.80676110057984,122.334745214137
"HER42PB",52.4,471.25,-6.177975548,-4.459547352,-2.028129387,-3.972368692,-3.755589255,5.58200812416983,265.604437301407
"HER42PB",52.5,472.27,-5.390721975,-4.239162914,-1.753135816,-3.518374393,-3.754690473,4.22348248804107,68.2708231097865
"HER42PB",52.6,473.29,-5.905558802,-4.534439239,-1.847611633,-3.384176941,-4.107793309,5.13488451610708,169.844704414413
"HER42PB",52.7,474.31,-5.611205399,-4.396761294,-1.793878726,-3.681720129,-3.669061732,4.64617508220838,104.185720669539
"HER42PB",52.8,475.32,-5.832462374,-4.535179391,-2.187098558,-3.62189618,-3.761296742,5.13133183243238,169.242370490288
"HER42PB",52.9,476.34,-6.11368218,-4.723771178,-1.957974422,-3.931056402,-3.768537472,5.59478008683704,269.018482881216
"HER42PB",53,477.36,-6.26268776,-4.629798187,-2.127656806,-3.643190956,-3.799195205,5.96718416334556,390.40480538768
"HER42PB",53.1,478.38,-5.985323937,-4.725261666,-1.94610366,-3.589762388,-4.31616679,5.20395257127272,181.990151190149
"HER42PB",53.2,479.4,-5.473530384,-4.667741567,-1.967049413,-3.658956237,-3.833787122,4.50992854855233,90.9153222470588
"HER42PB",53.3,480.41,-6.269353056,-4.477593587,-1.800915507,-3.907540129,-3.595789031,5.85442150492798,348.773078176154
"HER42PB",53.4,481.43,-5.410675084,-4.611081021,-1.491144102,-3.700670738,-3.835138723,4.29843334134103,73.5844216775187
"HER42PB",53.5,482.45,-5.881164604,-4.625006046,-1.656941145,-3.653970357,-3.699940368,5.21356065013235,183.74715410928
"HER42PB",53.6,483.47,-6.185577866,-4.407350403,-1.652978373,-3.630603654,-4.036068762,5.51335181908575,247.980922818135
"HER42PB",53.7,484.49,-5.004472553,-4.311325372,-1.680353866,-3.498218876,-4.11400252,3.50313780118124,33.2195248576083
"HER42PB",53.8,485.51,-5.007755334,-4.632143189,-1.595831375,-3.531288747,-3.945752791,3.73839592137161,42.0305158102283
"HER42PB",53.9,486.52,-5.183921445,-4.36508605,-1.460525549,-3.69182024,-3.735602882,3.87552848842819,48.2081690194843
"HER42PB",54,487.54,-5.320796148,-4.337470015,-1.538881828,-3.644322835,-3.888891276,4.01686975303691,55.5270202170637
"HER42PB",54.1,488.56,-5.220685369,-4.377752421,-1.511435538,-3.776639951,-3.826797957,3.86140856042812,47.5322562932511
"HER42PB",54.2,489.58,-5.696495261,-4.348036434,-1.523327318,-3.612115438,-3.850147602,4.66324970343428,105.979926489083
"HER42PB",54.3,490.6,-5.365575401,-4.278939303,-1.524741554,-3.630134362,-3.777798985,4.11673784971345,61.3587539539287
"HER42PB",54.4,491.62,-4.953657859,-4.144866681,-1.439103176,-3.44638046,-3.633184893,3.58369750220129,36.006428868791
"HER42PB",54.5,492.63,-4.840376285,-4.252118921,-1.564831808,-3.538016375,-4.07964966,3.23533795231721,25.4149593720797
"HER42PB",54.6,493.65,-5.341542227,-4.395483174,-1.534080696,-3.590155213,-3.831884904,4.13023731204542,62.192680255808
"HER42PB",54.7,494.67,-5.121525945,-4.359764752,-1.458984633,-3.69759648,-3.900092827,3.69403009663909,40.2065571954954
"HER42PB",54.8,495.69,-5.475914667,-4.249250451,-1.497459443,-3.464295721,-3.906615922,4.27267147758671,71.712959510698
"HER42PB",54.9,496.71,-5.04017679,-4.168726812,-1.492805454,-3.635338851,-3.5085559,3.71101238357968,40.8951871929045
"HER42PB",55,497.72,-4.882766686,-4.279595102,-1.362994162,-3.278925803,-3.654895685,3.60518773665604,36.788589775802
"HER42PB",55.1,498.74,-5.528837155,-4.387299822,-1.605995688,-3.688566035,-3.80669732,4.40560077592395,81.9083366210821
"HER42PB",55.2,499.76,-5.318912644,-4.191312818,-1.589858463,-3.339941633,-3.699233237,4.16688731599871,64.5143265375528
"HER42PB",55.3,500.78,-5.511085854,-4.299995582,-1.60031363,-3.239328225,-4.035179334,4.39515919969381,81.0575340702043
"HER42PB",55.4,501.8,-4.992791369,-4.429481451,-1.521082408,-3.549842463,-3.760216002,3.68985318789797,40.0389683206674
"HER42PB",55.5,502.82,-5.209944359,-4.171150566,-1.317729142,-3.59535843,-3.78567075,3.80636892415945,44.9867914863884
"HER42PB",55.6,503.83,-5.208715224,-4.313150622,-1.450800164,-3.444028334,-3.928850326,3.88453923568742,48.6445236344965
"HER42PB",55.7,504.85,-5.032186454,-4.235319448,-1.301436375,-3.269066356,-4.005303017,3.60092712529141,36.6321813265268
"HER42PB",55.8,505.87,-5.150891989,-4.246871349,-1.324373735,-3.397459323,-3.764597627,3.85208459802131,47.0911270545211
"HER42PB",55.9,506.89,-5.493243516,-4.328987123,-1.325138704,-3.363117273,-3.882037257,4.37327201758358,79.3026874386995
"HER42PB",56,507.91,-4.990843656,-4.166571823,-1.380371343,-3.313439039,-4.035754954,3.483921011504,32.5872468692469
"HER42PB",56.1,508.93,-5.312114871,-4.228887502,-1.262655892,-3.245155489,-3.838173203,4.0987789295744,60.2666528224766
"HER42PB",56.2,509.94,-5.862114875,-4.570131193,-1.571107639,-3.216413003,-3.635691143,5.35078155657904,210.772964507238
"HER42PB",56.3,510.96,-5.835772596,-4.625490622,-1.581687221,-3.206710806,-3.814979781,5.24484362524474,189.586166421042
"HER42PB",56.4,511.98,-5.504689481,-4.501095018,-1.486884996,-3.295836866,-3.904062199,4.51993447760432,91.8295808868981
"HER42PB",56.5,513,-5.275034221,-4.421675736,-1.348087667,-3.326089168,-3.90843611,4.08559551046842,59.4773465895582
"HER42PB",56.6,514.02,-5.22404934,-4.154951112,-1.346159341,-3.314258296,-4.066788325,3.79166671378138,44.330224533101
"HER42PB",56.7,515.03,-5.143160973,-4.202177628,-1.360961955,-3.346206687,-3.680194964,3.88704627868514,48.7666305465353
"HER42PB",56.8,516.05,-5.335746751,-4.551945203,-1.607506223,-3.436803612,-3.769566888,4.30826344509136,74.3113311211546
"HER42PB",56.9,517.07,-5.200232902,-4.585557337,-1.692543569,-3.45679201,-3.645071876,4.18946023126925,65.9871635384817
"HER42PB",57,518.09,-5.143317933,-4.483864598,-1.777269245,-3.526677108,-3.740593031,3.98610073640174,53.8445254995377
"HER42PB",57.1,519.11,-5.400265089,-4.212705314,-1.573647984,-3.133186684,-3.846618536,4.31005220888247,74.444375496539
"HER42PB",57.2,520.13,-6.143833782,-4.709530201,-1.75608584,-3.290572033,-3.41952306,6.06183087986226,429.160459241664
"HER42PB",57.3,521.14,-5.203307142,-4.343105877,-1.708269899,-3.639754526,-3.881147343,3.87172727173417,48.0252671676384
"HER42PB",57.4,522.16,-5.516199099,-4.441879503,-1.782346279,-3.624292681,-3.434759554,4.65658117761559,105.275547807005
"HER42PB",57.5,523.18,-5.420402908,-4.378071455,-1.641655464,-3.532655063,-3.839733065,4.2780543235182,72.1000201322908
"HER42PB",57.6,524.2,-5.376614239,-4.46597324,-1.53232735,-3.609811502,-3.811820169,4.2237167158614,68.286815908782
"HER42PB",57.7,525.22,-5.319665056,-4.482969704,-1.518986129,-3.383388893,-3.832887827,4.22443991085933,68.3362184541554
"HER42PB",57.8,526.23,-5.636136405,-4.433107442,-1.630348152,-3.468701264,-3.858628958,4.673787754455,107.102653649714
"HER42PB",57.9,527.25,-5.365976015,-4.296562881,-1.549608573,-3.512604966,-3.805184392,4.16376663542229,64.3133117464375
"HER42PB",58,528.27,-5.16217315,-4.306651559,-1.654690824,-3.645966654,-3.821710904,3.81324868049813,45.2973567319348
"HER42PB",58.1,529.29,-4.996129294,-4.255579875,-1.479957564,-3.466491401,-3.851659169,3.58432613596239,36.029070841603
"HER42PB",58.2,530.31,-5.294031881,-4.568519416,-1.750596601,-3.555182895,-3.751239972,4.23359441091715,68.9646745818058
"HER42PB",58.3,531.33,-5.660245157,-4.527308126,-1.781335836,-3.532013451,-3.887717049,4.74339877931051,114.823799981523
"HER42PB",58.4,532.34,-5.592589519,-4.445465579,-1.674096263,-3.509863902,-3.636704225,4.71151883588644,111.220958067334
"HER42PB",58.5,533.36,-5.84115832,-4.300713279,-1.650493987,-3.629227595,-3.589866521,5.03752242892153,154.087778289039
"HER42PB",58.6,534.38,-5.815990461,-4.493518031,-1.882690057,-3.496347385,-3.943361496,4.99591363904456,147.80792680496
"HER42PB",58.7,535.4,-5.760005266,-4.566082797,-1.75960515,-3.594386028,-3.922635285,4.88924965991431,132.853851072889
"HER42PB",58.8,536.42,-5.337635528,-4.326034616,-1.610965697,-3.641524134,-3.603829701,4.19543942198694,66.3828952729808
"HER42PB",58.9,537.44,-5.426417369,-4.627909673,-1.758496766,-3.859345853,-3.81254486,4.3150222180389,74.8152856744046
"HER42PB",59,538.45,-5.203226098,-4.469493637,-1.370220685,-3.770680719,-3.693248979,3.93634188520396,51.230849772011
"HER42PB",59.1,539.47,-5.195125634,-4.33073334,-1.52847416,-3.852891263,-3.674581747,3.84900002579502,46.9460948680245
"HER42PB",59.2,540.49,-5.425306264,-4.324245994,-1.627506461,-3.753169757,-3.791175739,4.19075516627924,66.0726679761546
"HER42PB",59.3,541.51,-5.49824783,-4.520329788,-1.761316765,-3.893471931,-3.798444997,4.36720689212662,78.8231623501932
"HER42PB",59.4,542.53,-5.176660311,-4.532727113,-1.642685116,-3.945930058,-3.860570209,3.80874092767292,45.0936269708347
"HER42PB",59.5,543.54,-5.722617581,-4.326170848,-1.648545144,-3.733904892,-3.672951701,4.75583608072739,116.260815968347
"HER42PB",59.6,544.56,-5.574168863,-4.544549446,-1.594731042,-3.738461854,-3.907282724,4.48852006216568,88.9896492285331
"HER42PB",59.7,545.58,-5.335989199,-4.398017401,-1.530392726,-3.748712858,-3.825841981,4.06087623837728,58.0251326578805
"HER42PB",59.8,546.6,-5.656906365,-4.174877106,-1.471793215,-3.471170165,-3.770119962,4.59696894279899,99.1832295257546
"HER42PB",59.9,547.62,-5.330395986,-4.367824501,-1.552506058,-3.487343222,-3.859010951,4.12898661312884,62.1149445601016
"HER42PB",60,548.64,-5.187481027,-4.220237968,-1.445357059,-3.567867787,-3.844734911,3.79675692821017,44.5564501616664
"HER42PB",60.1,549.64,-5.590053709,-4.27947117,-1.442431711,-3.748182199,-3.964086495,4.32183678273776,75.3268603788373
"HER42PB",60.2,550.65,-5.419572628,-4.427932459,-1.471958677,-3.475735018,-3.848544164,4.2987232454365,73.6057571952033
"HER42PB",60.3,551.66,-4.455265701,-4.576802367,-1.490385982,-3.689861228,-3.788345006,3.00362993594966,20.1585786238785
"HER42PB",60.4,552.67,-5.699918811,-4.376856635,-1.705864127,-3.843314495,-3.776672522,4.65250442578981,104.84723917248
"HER42PB",60.5,553.67,-5.542796896,-4.738652939,-1.884824979,-3.783440851,-3.718247604,4.65745524981112,105.367606463306
"HER42PB",60.6,554.68,-5.423041432,-4.815549696,-1.811921845,-3.442554763,-3.963038965,4.50754354658917,90.6987473934046
"HER42PB",60.7,555.69,-5.931765701,-4.684179621,-1.935445843,-3.793827953,-3.684922591,5.32540424742519,205.49141305138
"HER42PB",60.8,556.7,-5.083199124,-4.714343762,-1.735533523,-3.87922632,-3.889573788,3.7936379787436,44.4176973392036
"HER42PB",60.9,557.71,-5.668050163,-4.491403871,-1.908671725,-3.813111792,-3.796917106,4.68724820526327,108.554049960874
"HER42PB",61,558.71,-5.853455058,-4.507871882,-1.792095373,-4.244017145,-3.871720182,4.79004994324977,120.307377054556
"HER42PB",61.1,559.72,-5.853314209,-4.407027937,-1.770505463,-3.648946744,-3.816432281,5.005756022136,149.269891852558
"HER42PB",61.2,560.73,-5.637188746,-4.484043578,-1.595069444,-3.786715207,-3.76063274,4.61844379059788,101.336208997259
"HER42PB",61.3,561.74,-5.477752556,-4.376637137,-1.62920598,-3.613497585,-3.878896753,4.31363310012382,74.7114305709454
"HER42PB",61.4,562.75,-5.540725766,-4.480474345,-1.730128376,-3.937760368,-3.656592977,4.46669820646755,87.0687648012668
"HER42PB",61.5,563.75,-5.743288753,-4.76369789,-1.719175452,-3.915869103,-3.547164891,5.02170195906422,151.669219053319
"HER42PB",61.6,564.76,-6.537708657,-4.890688033,-1.967834979,-3.856978631,-3.833922854,6.56225529798492,707.866345255289
"HER42PB",61.7,565.77,-5.822151758,-4.897562223,-1.873716467,-4.093080671,-4.004683932,4.94208571659029,140.06207491504
"HER42PB",61.8,566.78,-5.147832798,-4.540255033,-1.61665972,-3.94227395,-3.732853289,3.83483726721704,46.2858948225704
"HER42PB",61.9,567.78,-5.598670916,-4.432373801,-1.652774371,-4.048073504,-3.860123137,4.37615286626938,79.5314758757901
"HER42PB",62,568.79,-5.582879824,-4.517603956,-1.606420762,-3.840115458,-3.920756144,4.44187317741061,84.9338890013531
"HER42PB",62.1,569.8,-5.694698127,-4.800880251,-1.913036939,-3.880054364,-3.630417225,4.95476681490175,141.849525320606
"HER42PB",62.2,570.81,-6.205346593,-4.819052232,-2.006032216,-3.859941503,-4.030950048,5.72539435876215,306.554133717731
"HER42PB",62.3,571.82,-6.053875807,-4.894900369,-1.930619902,-3.772854892,-3.601721944,5.71649810263096,303.839044596976
"HER42PB",62.4,572.82,-5.246072446,-4.621487937,-1.713177682,-3.909170841,-3.853772061,3.98620567916752,53.8501763894706
"HER42PB",62.5,573.83,-5.419412595,-4.505942739,-1.81998026,-3.751174425,-3.986678247,4.20211965838482,66.8278331968041
"HER42PB",62.6,574.84,-5.504931111,-4.585614658,-1.704855926,-3.855398741,-3.763667806,4.43826022120003,84.6275802528432
"HER42PB",62.7,575.85,-5.97230629,-4.556336161,-1.54940947,-3.668517103,-3.662518285,5.34437171801569,209.426264506903
"HER42PB",62.8,576.85,-6.050651926,-4.770439841,-1.775068644,-3.789159427,-3.937687692,5.44315762322556,231.170983083046
"HER42PB",62.9,577.86,-6.018254372,-4.58860957,-1.582477022,-3.900018206,-3.719473976,5.32804911348587,206.03562968833
"HER42PB",63,578.87,-5.351920491,-4.642459735,-1.556727029,-3.766451769,-3.823293125,4.21132605294764,67.4459173948824
"HER42PB",63.1,579.88,-5.477711758,-4.564410565,-1.499286298,-3.866782421,-3.857880285,4.3020076460898,73.8479054304555
"HER42PB",63.2,580.89,-6.185100064,-4.672511978,-1.776693686,-3.913767515,-3.835925028,5.65631616237119,286.092779589471
"HER42PB",63.3,581.89,-5.812045025,-4.785406236,-1.848853733,-3.861680526,-3.653763422,5.13843220857585,170.448331301295
"HER42PB",63.4,582.9,-5.957008655,-4.635252815,-1.548548763,-3.703213726,-3.894071614,5.22288657463879,185.468781602904
"HER42PB",63.5,583.91,-5.612732651,-4.726901127,-1.617748125,-3.675190752,-4.144474352,4.55429884230476,95.0400937751042
"HER42PB",63.6,584.92,-6.289441802,-5.002152965,-1.701634599,-4.000058221,-3.485584774,6.17680758637771,481.452504842301
"HER42PB",63.7,585.93,-5.690021559,-4.576371393,-1.697508394,-3.705890198,-3.697178257,4.83644061085161,126.019998278277
"HER42PB",63.8,586.93,-5.823625243,-4.861001955,-1.764961276,-4.247733453,-3.707493944,5.00184340327871,148.686996725711
"HER42PB",63.9,587.94,-6.41787234,-4.976518202,-1.761757977,-4.087378459,-3.764099026,6.26065204254662,523.560212368072
"HER42PB",64,588.95,-6.022681063,-4.827608508,-1.625734638,-3.701286638,-3.862710077,5.4745539200279,238.54403347771
"HER42PB",64.1,589.96,-6.080665193,-4.71117795,-1.776239804,-3.918108744,-3.750464933,5.51430973360532,248.218581154693
"HER42PB",64.2,590.96,-6.131133317,-4.709747637,-1.714877804,-3.890423628,-4.00460374,5.4829387834021,240.552601624052
"HER42PB",64.3,591.97,-5.37151169,-4.430037388,-1.314081777,-3.759392811,-3.638491038,4.19630600340503,66.4404463892658
"HER42PB",64.4,592.98,-5.89226479,-4.402015395,-1.348014213,-4.078282184,-3.715217442,4.89387405880773,133.46964301116
"HER42PB",64.5,593.99,-5.966811286,-4.500474217,-1.417623734,-4.07340188,-3.902922157,4.99695955984057,147.962603064878
"HER42PB",64.6,595,-5.751692163,-4.303027471,-1.538172063,-3.740094931,-3.802957154,4.7094128627501,110.986976183705
"HER42PB",64.7,596,-5.2021629,-4.376568729,-1.411556692,-3.950226036,-3.901829495,3.71005338268671,40.8559874711569
"HER42PB",64.8,597.01,-5.553820541,-4.337108711,-1.386559192,-3.618960228,-3.766343733,4.43999349050091,84.7743898332185
"HER42PB",64.9,598.02,-5.211184031,-4.287602866,-1.426024801,-3.759970124,-3.887803495,3.76367327236595,43.106477350225
"HER42PB",65,599.03,-5.315228361,-4.446632503,-1.436351406,-3.71958377,-3.85152912,4.04043928472646,56.8513112336471
"HER42PB",65.1,600.03,-5.262381319,-4.427458676,-1.6149104,-3.754631498,-4.057084888,3.85333120943413,47.1498679969072
"HER42PB",65.2,601.04,-4.638766135,-4.404095079,-1.568356694,-3.442431121,-3.911777791,3.18279848135675,24.1141421925178
"HER42PB",65.3,602.05,-4.781240048,-4.156627968,-1.309379775,-3.578550117,-3.952427002,3.12266479224104,22.7068080187103
"HER42PB",65.4,603.06,-4.947368995,-4.3190954,-1.297167688,-3.512045207,-3.590394771,3.64274485517747,38.1965369283648
"HER42PB",65.5,604.07,-5.397030839,-4.365738715,-1.285772828,-3.510908609,-3.914006852,4.15722247162484,63.893809044347
"HER42PB",65.6,605.07,-5.158431923,-4.266532644,-1.42435452,-3.244881396,-3.818370756,3.92129391889527,50.465701074967
"HER42PB",65.7,606.08,-5.192211316,-4.305625738,-1.42450941,-3.599994001,-4.075471642,3.71291140067611,40.9729216387055
"HER42PB",65.8,607.09,-5.410806548,-4.5808439,-1.504968041,-3.580935521,-3.860209136,4.32055033996626,75.2300189876124
"HER42PB",65.9,608.1,-5.427265906,-4.812283498,-1.720871564,-3.865566079,-3.748133613,4.43889575694825,84.6813811997806
"HER42PB",66,609.1,-5.583257046,-4.738559967,-1.681468048,-3.492515949,-3.938101051,4.7015441213527,110.117075370379
"HER42PB",66.1,610.11,-5.285505379,-4.374491704,-1.504910716,-3.390690681,-3.768355901,4.14407680873492,63.0593791532675
"HER42PB",66.2,611.12,-5.287804786,-4.534417525,-1.612580229,-3.715654815,-3.708893464,4.14406113736988,63.0583909344612
"HER42PB",66.3,612.13,-5.508134418,-4.572975202,-1.709084605,-3.731032107,-3.69802581,4.52224389774569,92.0418990421187
"HER42PB",66.4,613.14,-5.138867088,-4.539907123,-1.599700609,-3.651152549,-3.834489849,3.88557156435051,48.6947666997629
"HER42PB",66.5,614.14,-5.183434533,-4.49915004,-1.526227879,-3.720723941,-3.599012815,4.01304004709581,55.3147747361471
"HER42PB",66.6,615.15,-5.873243916,-4.97356092,-1.67206933,-3.613934806,-3.904076905,5.29457902964738,199.253728396311
"HER42PB",66.7,616.16,-5.745008428,-4.69468138,-1.644956279,-3.853967489,-3.81509862,4.86480836818198,129.646091914883
"HER42PB",66.8,617.17,-5.766805673,-4.788557067,-1.631061963,-3.752590174,-4.042567405,4.87373663576427,130.808789629059
"HER42PB",66.9,618.18,-5.536175653,-4.624939691,-1.597453441,-3.743016603,-3.861674147,4.49035993290636,89.1535293933024
"HER42PB",67,619.18,-5.43270595,-4.619195087,-1.561504939,-3.593018014,-3.774847081,4.42222040896217,83.2809980880876
"HER42PB",67.1,620.19,-5.97257006,-4.731149368,-1.659125197,-3.621194803,-4.013587829,5.2886084647053,198.067615476586
"HER42PB",67.2,621.2,-5.427904924,-4.326751338,-1.397929262,-3.54037274,-3.742071581,4.2776508638373,72.0709365485967
"HER42PB",67.3,622.21,-5.493061443,-4.629288746,-1.516645276,-3.480745746,-3.705185474,4.60000928719813,99.4852395767744
"HER42PB",67.4,623.21,-5.377059853,-4.790775818,-1.670101567,-3.979010529,-3.874485086,4.23005523513265,68.7210278841081
"HER42PB",67.5,624.22,-5.846978552,-4.856579848,-1.821234473,-4.04791978,-4.01924398,4.96887070466348,143.864330283434
"HER42PB",67.6,625.23,-5.618732166,-4.895081531,-1.689512738,-3.835861644,-3.671558593,4.84190528927286,126.710542125085
"HER42PB",67.7,626.24,-6.362549062,-5.374799366,-1.963765464,-3.757119648,-3.803314005,6.49410641154343,661.233090976466
"HER42PB",67.8,627.25,-6.007184495,-4.813655649,-1.796308281,-4.001850925,-3.72294854,5.41060112360256,223.766058318866
"HER42PB",67.9,628.25,-6.388244247,-4.873739227,-1.569637851,-4.170272038,-3.892391437,6.01737112943561,410.498029827681
"HER42PB",68,629.26,-6.016895013,-5.12188168,-1.530923338,-4.192770259,-3.812387082,5.43052858942403,228.269874581076
"HER42PB",68.1,630.27,-5.676269063,-4.897290447,-1.539292824,-4.163840887,-3.665146766,4.7895061377167,120.241971022938
"HER42PB",68.2,631.28,-6.794981734,-4.715540192,-1.427906817,-3.948022469,-4.039075511,6.84743281016551,941.460892849526
"HER42PB",68.3,632.28,-6.243903578,-5.043326363,-1.599186787,-3.712091779,-3.746365181,6.07399247386545,434.411600913646
"HER42PB",68.4,633.29,-6.067878885,-5.102797989,-1.492166118,-4.016608221,-3.902004838,5.53803653391944,254.178438441202
"HER42PB",68.5,634.3,-5.973212569,-5.094662165,-1.666148973,-3.782870331,-3.926715183,5.46048481713498,235.211431258975
"HER42PB",68.6,635.31,-5.71366745,-4.662361279,-1.446673923,-3.999067062,-3.742616312,4.74509434136111,115.018656007837
"HER42PB",68.7,636.32,-5.971899392,-4.765298465,-1.532038402,-3.625549271,-3.920816714,5.33448844002014,207.366641195255
"HER42PB",68.8,637.32,-5.408437529,-4.469504321,-1.344971979,-3.75130056,-3.970086806,4.11026160265358,60.9626634783206
"HER42PB",68.9,638.33,-5.225981861,-4.502063022,-1.461444298,-3.572527063,-3.770278049,4.0404710360481,56.8531163665736
"HER42PB",69,639.34,-4.848064989,-4.265629833,-1.113728013,-3.573702909,-3.699761854,3.37429442480885,29.2036711243647
"HER42PB",69.1,640.35,-4.990228484,-4.682743785,-1.230890567,-3.580461767,-3.115354108,4.10203893788677,60.4634432064957
"HER42PB",69.2,641.36,-5.736673099,-4.713772632,-1.671929006,-3.774526431,-3.856890034,4.87472901685725,130.938666231566
"HER42PB",69.3,642.36,-5.393426991,-4.332272265,-1.474808139,-3.597997793,-3.773747585,4.19665565788918,66.4636816511947
"HER42PB",69.4,643.37,-5.506741547,-4.500413717,-1.46340034,-3.528308206,-3.787819402,4.48505893174071,88.6821768540212
"HER42PB",69.5,644.38,-5.350909817,-4.61237963,-1.491986247,-3.856401871,-3.85800572,4.13050768133275,62.2094975197797
"HER42PB",69.6,645.39,-5.591363467,-4.797914416,-1.705929367,-3.838580093,-4.060135081,4.5447758041569,94.139319199294
"HER42PB",69.7,646.39,-5.495732769,-4.439680095,-1.574915216,-3.645966481,-4.008462491,4.28789747922889,72.8132161485991
"HER42PB",69.8,647.4,-5.439251844,-4.551948649,-1.562444883,-3.576033411,-3.875276306,4.35229979622651,77.6568526533173
"HER42PB",69.9,648.41,-5.755432589,-4.686234186,-1.498587214,-3.448509095,-3.703541,5.08235233938655,161.152696243366
"HER42PB",70,649.42,-5.872083436,-4.691554025,-1.369162081,-3.537101989,-3.714947157,5.23319092511853,187.389797343625
"HER42PB",70.1,650.43,-6.372500341,-4.966403353,-1.622883551,-3.695596869,-3.671139128,6.34855277040561,571.664779868899
"HER42PB",70.2,651.44,-5.979091012,-4.798359172,-1.525686964,-3.459869983,-3.796995317,5.49632707064878,243.794844562582
"HER42PB",70.3,652.45,-5.544217554,-4.645626399,-1.538161101,-3.551787389,-3.715151032,4.66051234817869,105.690218478095
"HER42PB",70.4,653.46,-5.23076131,-4.563931438,-1.188051864,-3.49120692,-4.067204739,3.92243043635294,50.5230888301681
"HER42PB",70.5,654.47,-5.226636401,-4.3358333,-1.220628597,-3.544415898,-3.963520399,3.83304146172813,46.2028489480255
"HER42PB",70.6,655.48,-4.975979147,-4.148975106,-1.140567244,-3.432191485,-3.736699529,3.52842466483885,34.0702532489061
"HER42PB",70.7,656.49,-4.793128003,-4.381882532,-1.063356992,-3.508577517,-3.856182492,3.30168840932628,27.1584548201835
"HER42PB",70.8,657.5,-5.505258289,-4.109995258,-1.205218819,-3.33235102,-3.938145001,4.24511752784406,69.7639588697835
"HER42PB",70.9,658.51,-5.17186798,-4.450984045,-1.3618777,-3.215300537,-3.884013692,4.0073197833853,54.9992629033451
"HER42PB",71,659.52,-5.079648253,-4.397864831,-1.34845639,-3.479290993,-3.806908592,3.77664403218365,43.669242973407
"HER42PB",71.1,660.53,-5.455107417,-4.474278164,-1.293363846,-3.417139124,-3.653672683,4.48038628757553,88.2687632173893
"HER42PB",71.2,661.54,-6.018738463,-4.553550159,-1.353470572,-3.357540008,-3.662400417,5.53093540453972,252.379877927597
"HER42PB",71.3,662.55,-5.270432163,-4.268983623,-1.367618097,-3.164436599,-3.697773502,4.1764706245945,65.1355592153588
"HER42PB",71.4,663.56,-4.963518855,-4.552990445,-1.246116077,-3.545991475,-4.07293648,3.51657532948399,33.668925819927
"HER42PB",71.5,664.57,-5.019304349,-4.229853939,-1.173117609,-3.290506017,-3.833528903,3.64306457730609,38.2087511589333
"HER42PB",71.6,665.58,-5.077739964,-4.126511181,-1.156647104,-3.318924651,-3.820226393,3.66432309764251,39.0297079181357
"HER42PB",71.7,666.6,-5.112770274,-4.325340663,-1.488504674,-3.743570347,-3.808875445,3.69586871532175,40.2805497238988
"HER42PB",71.8,667.61,-5.600484727,-4.763352138,-1.646352061,-3.850900183,-3.698509292,4.71633696723827,111.758128291555
"HER42PB",71.9,668.62,-6.49815664,-4.812529589,-1.99234649,-3.677273908,-3.832666053,6.51143369909388,672.790305314613
"HER42PB",72,669.63,-6.183863362,-4.856992422,-1.842258162,-3.978128095,-4.046515823,5.62395679499295,276.983183509633
"HER42PB",72.1,670.64,-5.603514077,-4.807712743,-1.709673391,-3.819290439,-3.921127165,4.65064635419061,104.652606371955
"HER42PB",72.2,671.65,-5.429144725,-4.676720934,-1.6048273,-3.485417983,-3.786670775,4.49042252978272,89.1591103004314
"HER42PB",72.3,672.66,-5.377690954,-4.511931031,-1.508757004,-3.463329163,-3.595640299,4.4182981453924,82.9549878302603
"HER42PB",72.4,673.67,-5.551600416,-4.551722968,-1.408601366,-3.479665612,-4.101168255,4.43515663885604,84.3653387435126
"HER42PB",72.5,674.68,-5.406395989,-4.359208912,-1.384810781,-3.536330426,-3.880012835,4.18908983289877,65.9627265266286
"HER42PB",72.6,675.69,-5.40499418,-4.222900785,-1.377512563,-3.480636589,-3.917639581,4.11762416666656,61.4131613653237
"HER42PB",72.7,676.7,-5.403564737,-4.342131452,-1.634586429,-3.643946477,-3.873075241,4.16896757585575,64.6486727903624
"HER42PB",72.8,677.71,-5.753574643,-4.407554181,-1.722599695,-3.60181244,-4.032689513,4.72972791423235,113.264740431899
"HER42PB",72.9,678.72,-5.88440324,-4.46342332,-1.609045165,-3.482239017,-3.534710069,5.28407295954869,197.171312914154
"HER42PB",73,679.73,-5.613621179,-4.434273422,-1.653752256,-3.712455335,-3.977515019,4.47847994948453,88.1006533998083
"HER42PB",73.1,680.74,-5.473379303,-4.410048828,-1.592723133,-3.60096193,-3.776663382,4.37737157556337,79.6284607107606
"HER42PB",73.2,681.75,-5.661678645,-4.51875531,-1.705406515,-3.372779005,-3.710235978,4.88822128288454,132.717297450469
"HER42PB",73.3,682.76,-5.535758223,-4.383078713,-1.585155735,-3.658840945,-4.266465952,4.18556158763988,65.7304039360428
"HER42PB",73.4,683.77,-5.239581683,-4.476603408,-1.680646174,-3.539992673,-3.608985545,4.17387847905528,64.9669370071643
"HER42PB",73.5,684.78,-5.414174835,-4.497884103,-1.655581376,-3.488728512,-3.801756294,4.37060920257532,79.091799954181
"HER42PB",73.6,685.79,-5.291119107,-4.30684751,-1.500212273,-3.258443917,-3.943493887,4.07965668376398,59.1251677350181
"HER42PB",73.7,686.8,-5.547812402,-4.243756139,-1.509543249,-3.254923286,-3.835121456,4.51076036037095,90.9909781479718
"HER42PB",73.8,687.81,-5.399136818,-4.464552893,-1.343879644,-3.229643654,-3.859791282,4.3632216909904,78.509661291337
"HER42PB",73.9,688.83,-5.730376064,-4.341425659,-1.438314875,-3.321898682,-3.9914041,4.75210443326815,115.827780061011
"HER42PB",74,689.84,-5.702182556,-4.550577737,-1.56196754,-3.494805607,-3.9036434,4.80467344037634,122.079618236927
"HER42PB",74.1,690.85,-5.628420155,-4.505416413,-1.646836538,-3.507046124,-3.86008096,4.68453465470162,108.259882357471
"HER42PB",74.2,691.86,-5.692774395,-4.708275413,-1.893766399,-3.758131971,-3.63689253,4.94673359278355,140.714581308421
"HER42PB",74.3,692.87,-5.31960638,-4.518687799,-1.765441284,-3.630656405,-3.450460247,4.37363254259374,79.3312831953265
"HER42PB",74.4,693.88,-4.593097605,-4.870991671,-1.842050726,-3.498866484,-3.987259908,3.34596311666213,28.3879033673953
"HER42PB",74.5,694.89,-5.785210528,-4.396172681,-1.691232334,-3.388314756,-3.715430898,5.02684378190092,152.451083689593
"HER42PB",74.6,695.9,-5.715874025,-4.7146359,-1.669392222,-3.411229199,-3.854434635,4.98848867228685,146.714522131873
"HER42PB",74.7,696.91,-5.99294993,-4.576703246,-1.799004651,-3.844966069,-3.518230125,5.4301102834977,228.174407908265
"HER42PB",74.8,697.92,-5.71250719,-4.531475955,-1.635144495,-3.434975599,-3.751976897,4.92540530942662,137.745159742009
"HER42PB",74.9,698.93,-5.400235875,-4.51293268,-1.468705141,-3.553618045,-3.882056212,4.26324725535198,71.0402952903134
"HER42PB",75,699.94,-4.900277891,-4.526460994,-1.45564511,-3.525734547,-3.929428175,3.52751676891548,34.0393350422536
"HER42PB",75.1,700.95,-4.253833765,-4.22033781,-1.311317493,-3.372703872,-3.689017757,2.74349104502868,15.5411453415912
"HER42PB",75.2,701.96,-5.035034648,-4.273258961,-1.204850133,-3.725373513,-3.713643173,3.57667862029441,35.7545888482553
"HER42PB",75.3,702.97,-5.284049395,-3.994696979,-1.343171366,-3.270113025,-3.901384802,3.9010775112473,49.4557094892635
"HER42PB",75.4,703.98,-5.089750788,-4.114963849,-1.061820669,-3.357988627,-3.819922559,3.64680759470532,38.3520351693099
"HER42PB",75.5,704.99,-4.717437125,-4.139259319,-1.013608493,-3.217923862,-3.784885872,3.22576986452107,25.1729464562057
"HER42PB",75.6,706,-4.969460728,-4.193541261,-1.179863498,-3.40253829,-3.924727673,3.46270847385098,31.9032687709826
"HER42PB",75.7,707.01,-5.316087117,-4.283919927,-1.283744613,-3.294539553,-4.003900728,4.03043430932313,56.2853511922742
"HER42PB",75.8,708.02,-5.67934488,-4.577371244,-1.322895087,-3.410661339,-3.999702709,4.7319236479604,113.513712881236
"HER42PB",75.9,709.03,-5.559455556,-4.395199163,-1.493231303,-3.563010934,-3.88991372,4.45288227452844,85.8741003770033
"HER42PB",76,710.04,-5.050454588,-4.149668043,-1.204994129,-3.819914757,-3.946362834,3.37423567237401,29.2019553879821
"HER42PB",76.1,711.06,-4.900144446,-4.173740044,-1.104166857,-3.340221598,-3.712242112,3.4833567388959,32.5688639654373
"HER42PB",76.2,712.07,-4.888441624,-4.039827974,-1.077793233,-3.513734878,-3.791366615,3.28187360883131,26.6256119773788
"HER42PB",76.3,713.08,-4.953195893,-4.093185997,-1.076928962,-3.519533843,-3.849620815,3.36501027844369,28.9337946919014
"HER42PB",76.4,714.09,-4.757465545,-4.095800503,-1.04985761,-3.337648492,-3.706817315,3.25078955763604,25.8107109179922
"HER42PB",76.5,715.1,-4.945854319,-4.201035128,-1.148211056,-3.614048143,-3.815756414,3.40010495499577,29.967245094432
"HER42PB",76.6,716.11,-4.85711561,-4.072078518,-1.076453316,-3.391862552,-3.934273614,3.2324020931136,25.3404540517779
"HER42PB",76.7,717.12,-4.980898356,-4.185472327,-1.245918555,-3.376601843,-3.790868458,3.5631725934384,35.2749328258647
"HER42PB",76.8,718.13,-5.279495508,-4.238041633,-1.270900493,-3.519484737,-3.66038233,4.03524490840786,56.5567697707583
"HER42PB",76.9,719.14,-5.3563634,-4.278972067,-1.333545851,-3.50475157,-4.071500277,3.97559881112009,53.2820132168646
"HER42PB",77,720.15,-5.13540139,-4.067944269,-1.246464925,-3.331446647,-3.51984725,3.87914104181227,48.3826385541265
"HER42PB",77.1,721.16,-4.948617323,-4.502129236,-1.299722693,-3.246155992,-3.761877586,3.760507243263,42.970216804655
"HER42PB",77.2,722.17,-5.457001082,-4.776225193,-1.354764249,-3.617232394,-3.662513098,4.56377265769071,95.9447646538244
"HER42PB",77.3,723.18,-5.111476522,-4.342491265,-1.264946028,-3.40838269,-3.682180725,3.87553134512985,48.2083067360373
"HER42PB",77.4,724.19,-4.822598808,-4.147885329,-1.065335496,-3.302915759,-3.733160896,3.36563972011059,28.9520125608032
"HER42PB",77.5,725.2,-4.83613215,-4.281921781,-1.136462068,-3.225751286,-3.919841418,3.39810002842342,29.9072231583353
"HER42PB",77.6,726.21,-5.247357597,-4.151095486,-1.043190657,-3.294429875,-3.887826653,3.88454005526039,48.6445635022498
"HER42PB",77.7,727.22,-4.912618841,-4.084409577,-1.032369835,-3.407452713,-3.855714015,3.34178324385916,28.269493184327
"HER42PB",77.8,728.23,-4.565691375,-3.922141136,-0.82836317,-3.262505947,-3.634459063,2.95759575295678,19.2516303943324
"HER42PB",77.9,729.24,-4.740500806,-4.024315958,-0.869299796,-3.454401418,-3.658982951,3.14422921878265,23.2017850792322
"HER42PB",78,730.25,-4.869828029,-3.877866936,-0.937124819,-3.383035702,-3.606460508,3.3023132630009,27.1754301834817
"HER42PB",78.1,731.26,-4.636862633,-3.682890834,-0.765494969,-2.941614064,-3.906419667,2.90124648731391,18.1968133358186
"HER42PB",78.2,732.28,-4.574824677,-3.924876702,-0.937722381,-3.076482651,-3.85268996,2.94770863653279,19.0622251620047
"HER42PB",78.3,733.29,-4.901527024,-4.126799856,-1.004719184,-3.257687684,-3.517735793,3.58179552213227,35.9380104445909
"HER42PB",78.4,734.3,-4.818593925,-4.134579228,-1.03761191,-3.372745033,-3.828714837,3.27156594253795,26.3525736656374
"HER42PB",78.5,735.31,-5.425435228,-4.2454773,-1.157517244,-3.312657266,-3.47108621,4.43228993635968,84.1238347417818
"HER42PB",78.6,736.32,-5.114440461,-4.186749985,-1.022753354,-3.165804276,-3.807658163,3.79946999257217,44.6774988108346
"HER42PB",78.7,737.33,-4.591047946,-3.959124226,-0.897104707,-3.334460881,-3.903664471,2.84823413895004,17.2572809580612
"HER42PB",78.8,738.34,-3.951905287,-3.849992002,-0.909795629,-3.238717356,-3.86844271,2.13723818215369,8.47599611585388
"HER42PB",78.9,739.35,-4.977994032,-3.956571382,-0.864874447,-3.18148396,-3.798899571,3.46327309356491,31.9212870717348
"HER42PB",79,740.36,-4.65108761,-3.853182505,-0.813753531,-2.950363669,-3.733993988,3.10068975525255,22.2132677166224
"HER42PB",79.1,741.37,-4.786464359,-3.812173019,-0.863881195,-3.018686854,-3.573057522,3.31420255098039,27.5004550272307
"HER42PB",79.2,742.38,-4.870630739,-3.880680902,-0.865775634,-3.21915691,-3.805739481,3.25883826905476,26.019292160778
"HER42PB",79.3,743.39,-4.580299978,-3.600959929,-0.999761668,-3.190045216,-3.583234206,2.88617697535209,17.9246520588072
"HER42PB",79.4,744.4,-4.441663521,-3.522579491,-0.851272368,-3.011753867,-3.709093926,2.66655741112107,14.3903437843982
"HER42PB",79.5,745.41,-4.366840707,-3.745855973,-0.742162279,-3.057823893,-3.864915333,2.58260947407662,13.2316207206791
"HER42PB",79.6,746.42,-4.718962039,-3.887284191,-1.019875422,-3.365025204,-3.972989719,2.93870016214556,18.8912747521513
"HER42PB",79.7,747.43,-4.669778459,-3.760656217,-0.688929263,-3.069309217,-4.065267351,2.83833956588798,17.0873695175786
"HER42PB",79.8,748.44,-4.92337109,-3.945889681,-0.887097594,-3.193183661,-3.619238436,3.47429395895921,32.2750329923771
"HER42PB",79.9,749.45,-5.112702894,-4.206462498,-0.978036462,-3.13515566,-3.709367067,3.86478931507127,47.6932231307915
"HER42PB",80,750.46,-4.514948732,-3.895648801,-0.853214047,-3.368892355,-3.735779364,2.78971557629557,16.2763897523037
"HER42PB",80.1,751.47,-4.73233607,-3.70817676,-0.79516119,-3.113081033,-3.698561301,3.0768129773334,21.6891682585559
"HER42PB",80.2,752.47,-4.73293383,-3.840785404,-0.711275057,-3.050109044,-3.686097811,3.16804113808054,23.7608944284403
"HER42PB",80.3,753.47,-4.714513282,-4.002586207,-0.927634462,-3.021466298,-3.639882958,3.29421870759186,26.956345052699
"HER42PB",80.4,754.47,-4.444640227,-3.702702883,-0.669494866,-3.014144971,-3.865437306,2.65799508565612,14.267654977671
"HER42PB",80.5,755.48,-4.244399085,-3.940286471,-0.658456713,-2.997678431,-3.865385163,2.55989489440725,12.9344577602461
"HER42PB",80.6,756.48,-4.433005209,-3.685790808,-0.711335932,-2.96827199,-3.945362921,2.61841273404643,13.7139386325142
"HER42PB",80.7,757.48,-4.247129705,-3.50448188,-0.555865038,-3.172687777,-3.722666158,2.32296796045696,10.205920167094
"HER42PB",80.8,758.49,-4.38923518,-3.761540179,-0.700612608,-3.062014845,-3.923951576,2.57866620491311,13.1795476153186
"HER42PB",80.9,759.49,-4.306240889,-3.608171632,-0.677174298,-3.180585309,-3.713350313,2.46124738885956,11.7194211015068
"HER42PB",81,760.49,-4.204314158,-3.814940263,-0.606654669,-3.06612008,-3.832265047,2.4323678038991,11.3858095521859
"HER42PB",81.1,761.5,-4.391754254,-3.857671768,-0.613401059,-3.119896458,-3.964611172,2.57552597288253,13.1382256919186
"HER42PB",81.2,762.5,-4.403835063,-3.679804411,-0.449756876,-2.955831364,-3.731191863,2.66222849098409,14.3281837753401
"HER42PB",81.3,763.5,-4.41333291,-3.615560778,-0.586131168,-2.855962585,-3.778859131,2.6739982694845,14.4978196547847
"HER42PB",81.4,764.5,-4.291269935,-3.429392625,-0.318102011,-3.030086797,-3.832229611,2.30208484773052,9.9949987983828
"HER42PB",81.5,765.51,-4.031374738,-3.306401126,-0.176949225,-2.914684718,-3.692772575,2.0580679795568,7.83082587015986
"HER42PB",81.6,766.51,-3.935514313,-3.527834364,-0.260421252,-2.994260603,-3.785489968,2.00709375753693,7.44165862552215
"HER42PB",81.7,767.51,-4.080486696,-3.488835005,-0.261920362,-2.877586853,-3.832454383,2.15915963027863,8.66385375793884
"HER42PB",81.8,768.52,-4.061779399,-3.358983625,-0.046170304,-2.717924221,-3.509710816,2.27498518940369,9.72777493734541
"HER42PB",81.9,769.52,-3.703147616,-3.281991178,-0.286498454,-2.75807792,-3.962050724,1.66096338964258,5.26438005146023
"HER42PB",82,770.52,-3.911521741,-3.222940778,-0.188273874,-2.855568111,-3.425138192,2.05693415326325,7.82195210549255
"HER42PB",82.1,771.52,-3.753829075,-3.246518393,-0.065973537,-2.925081494,-4.179974388,1.47923523197514,4.38958738085099
"HER42PB",82.2,772.53,-3.938141201,-3.254472764,-0.202664011,-2.816986177,-3.716886224,1.96653587966853,7.14587937701907
"HER42PB",82.3,773.53,-4.164964404,-3.29476478,-0.187221144,-2.838216043,-3.598082075,2.27483245234253,9.72628925905176
"HER42PB",82.4,774.53,-4.133936815,-3.588919827,-0.2871869,-2.831496765,-3.839754178,2.28673777032981,9.84277585463333
"HER42PB",82.5,775.54,-4.263050453,-3.486324315,-0.23664199,-2.769259701,-3.662913468,2.48387451268021,11.9876207443501
"HER42PB",82.6,776.54,-4.053398868,-3.320346143,-0.111693547,-2.745134821,-3.620328493,2.18630720073227,8.90227801503507
"HER42PB",82.7,777.54,-4.033489623,-3.174871576,-0.147140431,-2.714995308,-3.586894084,2.1237272532417,8.36224768867816
"HER42PB",82.8,778.54,-3.948704064,-3.322496366,-0.072966994,-2.84212995,-3.673691844,2.00752826294,7.44489276897818
"HER42PB",82.9,779.55,-4.099069753,-3.186539433,-0.287059657,-2.669489946,-3.571758778,2.24375230119929,9.42864410643146
"HER42PB",83,780.55,-3.839452313,-3.259800498,-0.074673337,-2.73599069,-3.288204774,2.10968795057925,8.24566782725544
"HER42PB",83.1,781.55,-3.948444354,-3.171214056,-0.026644734,-2.709017319,-3.843836001,1.88778507938698,6.60472352981718
"HER42PB",83.2,782.56,-4.141136724,-3.405492306,-0.158549228,-2.96478747,-4.094344562,1.99436647020792,7.34754666336377
"HER42PB",83.3,783.56,-3.573964351,-3.05440798,0.00141777,-2.795986359,-3.888421022,1.40678796409281,4.08282015497814
"HER42PB",83.4,784.56,-3.885644057,-2.957261279,0.065599662,-2.505450996,-3.726293157,1.84444263882699,6.32457373601412
"HER42PB",83.5,785.57,-3.635567588,-2.981487876,0.107832705,-2.646867096,-3.891820298,1.46936290027141,4.34646512701608
"HER42PB",83.6,786.57,-3.925203092,-3.029923638,0.205438391,-2.689558944,-4.170875756,1.59733434938162,4.9398469521889
"HER42PB",83.7,787.57,-3.830304721,-3.334455551,0.165247631,-2.618256502,-3.771271189,1.9051583293069,6.72047159101347
"HER42PB",83.8,788.57,-3.763480293,-3.335769576,0.0878414,-2.678595056,-3.552268585,1.94079961754584,6.96431753527529
"HER42PB",83.9,789.58,-3.409021382,-3.205810069,0.039960445,-2.758754032,-3.725084747,1.43604023353139,4.20401589332218
"HER42PB",84,790.58,-3.884421991,-2.712403977,0.175936292,-2.463121038,-3.87952002,1.63771915423765,5.14342476476885
"HER42PB",84.1,791.58,-3.811192239,-3.009142436,0.253727204,-2.804883901,-3.736623543,1.64572936570049,5.18479013628574
"HER42PB",84.2,792.59,-3.88786405,-3.004269905,0.395738588,-2.78460059,-3.710996344,1.72071932751091,5.5885470143894
"HER42PB",84.3,793.59,-4.017875628,-3.095386529,0.231914113,-2.703400111,-3.831675592,1.89259569331967,6.63657285082358
"HER42PB",84.4,794.59,-4.041752537,-3.360151348,0.026139787,-2.925440672,-3.604485586,2.111063077491,8.25701446673665
"HER42PB",84.5,795.59,-4.197432302,-3.407456723,-0.03277726,-2.958694809,-4.0146466,2.08304804090247,8.02890408372962
"HER42PB",84.6,796.6,-4.294846893,-3.426605859,-0.148581662,-3.054506445,-3.856990289,2.25897363772173,9.57325849131448
"HER42PB",84.7,797.6,-4.038208643,-3.624724246,-0.206840449,-3.066478634,-3.585564975,2.22978158509168,9.29783507189565
"HER42PB",84.8,798.6,-4.257589972,-3.530153718,-0.084008035,-3.239666595,-3.71135231,2.2629486758153,9.61138829199498
"HER42PB",84.9,799.61,-4.036966223,-3.397821365,-0.068880939,-2.852576444,-3.697494484,2.12018901999421,8.33271238808653
"HER42PB",85,800.61,-4.398360758,-3.622975479,-0.251303274,-3.004161217,-3.874289907,2.50536961186718,12.2480851669085
"HER42PB",85.1,801.61,-4.131077308,-3.825577393,-0.343064553,-3.368487919,-3.777102636,2.22849925649829,9.28591983338468
"HER42PB",85.2,802.61,-4.904305115,-3.984283035,-0.452405934,-3.406477739,-3.740862292,3.25984367772802,26.0454653379534
"HER42PB",85.3,803.62,-4.643971231,-4.008838445,-0.492673663,-3.560011219,-3.925688077,2.78173063876755,16.1469413036314
"HER42PB",85.4,804.62,-4.659637405,-3.85487624,-0.391928875,-3.393781817,-3.438470103,3.02757462609473,20.6470948874704
"HER42PB",85.5,805.62,-4.273234065,-3.468512294,-0.214805338,-3.231000341,-4.127837009,2.0531425287749,7.79235035516724
"HER42PB",85.6,806.63,-4.595306198,-3.494236906,-0.262874941,-3.409580037,-3.871275546,2.51021500826777,12.3075760066477
"HER42PB",85.7,807.63,-4.459934544,-3.52857638,-0.371935706,-3.183410849,-3.931444084,2.4411552395083,11.4863025115259
"HER42PB",85.8,808.63,-4.458566712,-3.640447392,-0.341855119,-3.137677048,-3.960155491,2.49797586214074,12.1578598532829
"HER42PB",85.9,809.64,-4.793335877,-3.735412683,-0.466071149,-3.484098255,-3.895394283,2.87197173857382,17.6718280956787
"HER42PB",86,810.64,-4.885406575,-3.812625981,-0.367068945,-3.090010738,-3.868356059,3.19600782174978,24.4347871971876
"HER42PB",86.1,811.64,-4.261975404,-3.535564129,-0.137405975,-3.049509357,-3.150698552,2.64632403660116,14.102104429988
"HER42PB",86.2,812.64,-4.389099356,-3.534616911,-0.188700512,-3.126917165,-3.959737007,2.34540593932748,10.4375088630121
"HER42PB",86.3,813.65,-4.488596383,-3.479262679,-0.234069546,-3.00650668,-3.69401096,2.62607117978444,13.8193692895612
"HER42PB",86.4,814.65,-4.341046799,-3.405547794,-0.287156034,-3.104870855,-3.937603937,2.25638669334239,9.54852500993236
"HER42PB",86.5,815.65,-4.55348257,-3.648491393,-0.324873426,-2.976784544,-3.973214737,2.67237048563191,14.4742395349288
"HER42PB",86.6,816.66,-4.660012519,-3.868783154,-0.424689805,-2.987707328,-3.968775558,2.93059523435306,18.7387811439909
"HER42PB",86.7,817.66,-4.705070036,-3.844096749,-0.353161095,-3.49628953,-3.509566732,2.99526481050646,19.990652923926
"HER42PB",86.8,818.66,-4.534559465,-3.544561844,-0.270496804,-3.216318567,-3.684258599,2.63964090557903,14.008172447883
"HER42PB",86.9,819.66,-4.27881712,-3.718094525,-0.441785005,-3.257165873,-3.979574225,2.28710498798943,9.84639095947135
"HER42PB",87.1,821.67,-4.566805799,-3.462957896,-0.495627783,-2.940967675,-3.656834203,2.79295913166684,16.3292688354665
"HER42PB",87.2,822.67,-4.279173501,-3.437304762,-0.477512158,-3.149936809,-3.741879128,2.31208739071416,10.0954758789099
"HER42PB",87.3,823.68,-3.737166474,-3.566057781,-0.419274158,-2.997579306,-3.685697138,1.90542047912331,6.72223359235135
"HER42PB",87.4,824.68,-4.454304546,-3.681680428,-0.634574218,-2.775285699,-3.137462721,3.12877640118764,22.8460080846498
"HER42PB",87.5,825.68,-4.481297876,-3.473715724,-0.544653997,-2.76657298,-3.468360959,2.87139066796864,17.6615624986397
"HER42PB",87.6,826.68,-4.653998907,-3.807279583,-0.773311991,-3.332513009,-3.946781143,2.80831423541164,16.581941394633
"HER42PB",87.7,827.69,-5.011959952,-3.917253919,-0.849155474,-3.08630366,-3.832855215,3.50892489815476,33.4123268130941
"HER42PB",87.8,828.69,-5.154799974,-4.092948581,-1.032712203,-3.228183028,-3.810788334,3.78291606677907,43.9439987141438
"HER42PB",87.9,829.69,-4.872811141,-3.999985411,-0.868114089,-3.340479077,-3.817348844,3.26907700788811,26.2870653886564
"HER42PB",88,830.7,-4.663404537,-3.981307193,-0.806499365,-3.428060853,-4.105359841,2.79458962430693,16.3559153056542
"HER42PB",88.1,831.7,-4.733025779,-3.925629136,-0.824739907,-3.408100365,-3.744783594,3.05127349787142,21.142251898387
"HER42PB",88.2,832.7,-4.956034161,-3.907683707,-0.732784906,-3.470648897,-3.693515018,3.32614487107386,27.8308431375401
"HER42PB",88.3,833.71,-4.827595112,-4.221830435,-0.942293306,-3.3857309,-3.764997796,3.34409643504923,28.3349616182183
"HER42PB",88.4,834.71,-5.036825892,-4.343678711,-1.256524072,-3.731794495,-3.879791309,3.534304998171,34.2711878970766
"HER42PB",88.5,835.71,-5.130154559,-4.243487497,-0.984192431,-3.761583907,-4.116099659,3.44333589646423,31.291168352346
"HER42PB",88.6,836.71,-4.915739032,-4.11040537,-1.087892074,-3.504640693,-3.806528612,3.35293393184762,28.5864815169502
"HER42PB",88.7,837.72,-5.068769663,-4.099369105,-1.060173299,-3.500822417,-3.829078776,3.54543782865792,34.6548549097983
"HER42PB",88.8,838.72,-5.038062275,-4.150149696,-0.98479161,-3.59266838,-3.837723007,3.47655064458788,32.3479498397518
"HER42PB",88.9,839.72,-5.292525981,-4.045817521,-0.955879837,-3.390838976,-3.936618229,3.82098131745865,45.6489824919068
"HER42PB",89,840.73,-4.861907351,-3.968089475,-0.87301277,-3.238080701,-3.725375828,3.32798535408444,27.8821124972251
"HER42PB",89.1,841.73,-5.446126871,-4.262718046,-1.008590181,-3.154218036,-3.824375698,4.33558213029441,76.3694028954028
"HER42PB",89.2,842.73,-4.73586387,-4.254275066,-0.746801358,-3.267247783,-3.676133369,3.30998639987603,27.3847530333344
"HER42PB",89.3,843.73,-5.442519965,-4.175239712,-0.982330038,-3.389002109,-3.70329783,4.24729459288339,69.9160049927399
"HER42PB",89.4,844.74,-5.657691367,-4.865963358,-1.671714842,-3.91359657,-4.231656678,4.5676962196813,96.3219493555205
"HER42PB",89.5,845.74,-4.654272557,-4.708157646,-1.608190057,-4.071965358,-3.956219398,3.08681572210422,21.9072081536542
"HER42PB",89.6,846.74,-5.627746223,-4.582718181,-1.766010154,-3.611105583,-4.188529461,4.52714873781176,92.4944587956169
"HER42PB",89.7,847.75,-5.352760457,-4.44329569,-1.447015622,-3.828480353,-3.816698184,4.07143042502652,58.6407838723971
"HER42PB",89.8,848.75,-5.217048858,-4.500231933,-1.438591463,-3.725693427,-4.032423695,3.82461527691178,45.8151708212986
"HER42PB",89.9,849.75,-5.578417805,-4.565277247,-1.426710832,-3.762930774,-3.745158605,4.5578840920449,95.381447800683
"HER42PB",90,850.75,-5.276924518,-4.721700481,-1.768589061,-3.779000987,-3.993947771,4.07314004410116,58.7411230214797
"HER42PB",90.1,851.79,-5.381893362,-4.876677851,-1.598021643,-3.748957478,-3.941163795,4.33234932118116,76.1229138344627
"HER42PB",90.2,852.82,-4.889227275,-4.161593918,-0.99749649,-3.652889186,-4.001408217,3.17020665006378,23.8124046829648
"HER42PB",90.3,853.85,-4.775937869,-3.907800054,-0.972823055,-3.227273992,-3.852501414,3.13521484294438,22.9935753188332
"HER42PB",90.4,854.88,-5.041883245,-4.101021253,-1.107524486,-3.377278951,-3.467892082,3.75249626732236,42.6273585797602
"HER42PB",90.5,855.91,-5.09891323,-4.118083977,-1.253208105,-3.490517527,-3.654448236,3.7190173030646,41.2238636328281
"HER42PB",90.6,856.94,-4.914700447,-3.865089315,-1.166835838,-3.776110402,-3.882973547,3.08290446357433,21.8216907482579
"HER42PB",90.7,857.97,-4.64267239,-3.906627449,-0.996154942,-3.516310189,-3.66958406,2.94500580700823,19.010772781862
"HER42PB",90.8,859.01,-4.905306569,-4.008955813,-1.116348766,-3.598250519,-3.71255529,3.29993260105221,27.1108116189026
"HER42PB",90.9,860.04,-4.857214507,-3.863207161,-1.015789158,-3.600378213,-3.754528893,3.12281736538196,22.7102727320342
"HER42PB",91,861.07,-4.723924474,-4.084147824,-1.11611125,-3.568419305,-3.825717418,3.05458200405388,21.2123170110208
"HER42PB",91.1,862.1,-5.080373839,-4.19989256,-1.313928651,-3.63552617,-3.681594922,3.67032687841866,39.2647385584732
"HER42PB",91.2,863.13,-5.042959748,-4.347411606,-1.172259664,-3.450981057,-3.680997488,3.75136486158463,42.5791570145844
"HER42PB",91.3,864.16,-5.436209834,-4.420775052,-1.304090168,-3.516804805,-4.022135909,4.19186621133225,66.146118482904
"HER42PB",91.4,865.19,-5.278053919,-4.17944163,-1.199508105,-3.900728228,-3.756926929,3.78687853440598,44.1184708282128
"HER42PB",91.5,866.23,-5.230704357,-4.497665847,-1.343760666,-3.812933863,-3.688599564,3.97349368693147,53.1699659401181
"HER42PB",91.6,867.26,-5.349120156,-4.289728581,-1.369438502,-3.537264823,-3.688453054,4.16026529580682,64.0885227611552
"HER42PB",91.7,868.29,-5.596646341,-4.478615966,-1.512861539,-3.885046299,-3.809097404,4.47125591416096,87.4665044825497
"HER42PB",91.8,869.32,-5.505517704,-4.305368996,-1.428497925,-3.61567605,-3.957468063,4.25235779721077,70.2709017108938
"HER42PB",91.9,870.35,-5.243745275,-4.505881256,-1.381860904,-3.693332655,-3.793960961,3.9966262034704,54.4142573666898
"HER42PB",92,871.38,-4.924671689,-4.124813554,-1.055819531,-3.611965685,-3.900860613,3.27551536648888,26.4568569451317
"HER42PB",92.1,872.41,-4.641081172,-4.011785464,-1.133286926,-3.516464026,-3.96701523,2.86234068354819,17.5024467168524
"HER42PB",92.2,873.45,-5.158009821,-4.199443606,-1.272470804,-3.569238545,-3.933232218,3.67293299546734,39.3672005189815
"HER42PB",92.3,874.48,-5.052928206,-4.095495531,-1.0245454,-3.377702553,-3.886657269,3.53661520065334,34.3504528041686
"HER42PB",92.4,875.51,-4.848469886,-4.186542723,-1.213259281,-3.456046803,-3.857954093,3.3127644335551,27.4609345679945
"HER42PB",92.5,876.54,-4.64610646,-4.679112756,-1.46724127,-3.761480642,-3.663250042,3.32117827835848,27.6929613594954
"HER42PB",92.6,877.57,-5.531968024,-4.497894257,-1.385119963,-3.658964646,-3.815920377,4.44628711946983,85.3096108635217
"HER42PB",92.7,878.6,-5.048174235,-4.345365144,-1.260350436,-3.588205422,-3.553853014,3.7793926416965,43.7894377786841
"HER42PB",92.8,879.63,-5.096126241,-4.267218013,-1.225669555,-3.781196367,-3.746199524,3.62322441934111,37.4581541037819
"HER42PB",92.9,880.66,-5.207399262,-4.359275978,-1.382660923,-3.795425886,-3.635657214,3.90612535876375,49.7059855157575
"HER42PB",93,881.7,-5.112503086,-4.520565808,-1.48126974,-3.540106446,-3.698520734,3.93729404012531,51.2796527080372
"HER42PB",93.1,882.73,-5.516598723,-4.474681778,-1.508120882,-3.6502627,-3.94568885,4.36188272571198,78.4046099266074
"HER42PB",93.2,883.76,-5.707879011,-4.587891862,-1.514024346,-3.71671227,-3.816330071,4.7822305613359,119.370316119509
"HER42PB",93.3,884.79,-5.721343424,-4.500841318,-1.628079693,-3.800886759,-3.005300558,5.16144069349854,174.415554038487
"HER42PB",93.4,885.82,-5.380685304,-4.590435293,-1.546055012,-3.661685189,-3.935315508,4.21196900982287,67.4892961550192
"HER42PB",93.5,886.85,-5.083402065,-4.503778711,-1.36283489,-3.686191889,-3.992953087,3.65847780018214,38.8022331421151
"HER42PB",93.6,887.88,-5.69769254,-4.614073036,-1.728580568,-3.764619538,-3.785508026,4.80376359951741,121.96859572628
"HER42PB",93.7,888.92,-5.84067132,-4.556341885,-1.628846111,-3.813597764,-4.018758813,4.8700781914625,130.331107277941
"HER42PB",93.8,889.95,-5.735222413,-4.48766779,-1.651540557,-3.826353536,-3.887483676,4.71379207564231,111.474077562547
"HER42PB",93.9,890.98,-5.549306639,-4.374648222,-1.596212781,-3.673523792,-3.843885373,4.41800993970038,82.9310831754806
"HER42PB",94,892.01,-5.697437602,-4.359292585,-1.706556022,-3.888728575,-4.190515253,4.40591981520989,81.9344727673174
"HER42PB",94.1,893.04,-5.488110938,-4.584311694,-1.724667951,-3.780232953,-3.744624525,4.45364978551469,85.9400349920112
"HER42PB",94.2,894.07,-5.791626838,-4.645668429,-1.882881927,-3.933909401,-3.652630766,5.00457893807329,149.09429200998
"HER42PB",94.3,895.1,-6.167628295,-4.825634192,-2.04372493,-4.216020124,-3.85972404,5.60209498290686,270.993539986356
"HER42PB",94.4,896.14,-5.57952016,-4.715358494,-1.674345951,-4.171635167,-4.013884871,4.36547124304185,78.6864716584537
"HER42PB",94.5,897.17,-5.37762134,-4.527470411,-1.3626808,-4.220740143,-3.984682436,3.8954566380441,49.1785050124955
"HER42PB",94.6,898.2,-5.27696991,-4.617724281,-1.551203466,-3.728762864,-3.64121469,4.19284200146144,66.2106947137037
"HER42PB",94.7,899.23,-4.275408277,-4.49965619,-1.248275737,-4.0759424,-3.920500898,2.49816523692061,12.1601624633376
"HER42PB",94.8,900.26,-5.30778539,-4.539603024,-1.521237264,-3.512784427,-3.698347478,4.25321736304348,70.331330144426
"HER42PB",94.9,901.29,-5.389500678,-4.42986764,-1.563196413,-3.592163949,-3.840939097,4.22115682368929,68.1122325758702
"HER42PB",95,902.32,-5.376412177,-4.341602845,-1.477722703,-3.536177952,-3.861357722,4.1551804344342,63.7634686353009
"HER42PB",95.1,903.36,-5.634235262,-4.376558279,-1.450344225,-3.588769591,-3.979296662,4.50502473191958,90.470581532347
"HER42PB",95.2,904.39,-5.276869484,-4.350869938,-1.273201544,-3.731644942,-3.937385541,3.86043535352976,47.4860200758839
"HER42PB",95.3,905.42,-5.402927601,-4.304315312,-1.311364682,-3.783814423,-3.821660565,4.07410526659812,58.7978486469378
"HER42PB",95.4,906.45,-4.802163459,-4.08110749,-1.252112421,-3.635481156,-3.862745997,3.12587386603102,22.7797928854545
"HER42PB",95.5,907.48,-5.116745529,-4.147704231,-1.431910701,-3.744877647,-3.660070371,3.67741101350291,39.5438828510045
"HER42PB",95.6,908.51,-5.345665389,-4.310422714,-1.39088542,-3.676222241,-3.627845215,4.14334458668938,63.0132225861638
"HER42PB",95.7,909.54,-4.949131465,-4.371586294,-1.40836202,-3.532727302,-3.765450491,3.58843235157187,36.1773181340612
"HER42PB",95.8,910.58,-5.208111456,-4.182891166,-1.371365994,-3.943448308,-3.821817095,3.6560898539665,38.7096860390546
"HER42PB",95.9,911.61,-4.965668921,-4.235440066,-1.304160664,-3.670028928,-3.700914644,3.50302818017138,33.2158834993345
"HER42PB",96,912.64,-5.171185996,-4.183358814,-1.268759451,-3.3916735,-3.668357818,3.89316368628779,49.0658702554357
"HER42PB",96.1,913.67,-5.072645369,-4.23841959,-1.523376353,-3.530038165,-3.890112896,3.64271120154658,38.1952514978398
"HER42PB",96.2,914.7,-5.182332984,-4.361787309,-1.494133109,-3.506659622,-3.859128918,3.88756621081761,48.7919924774187
"HER42PB",96.3,915.73,-5.507013302,-4.297586647,-1.365491979,-3.618524206,-3.630414953,4.41067763350949,82.325230942288
"HER42PB",96.4,916.76,-5.39388004,-4.372228792,-1.589689739,-3.592903915,-3.935588067,4.15194682572111,63.5576155311111
"HER42PB",96.5,917.79,-5.385939288,-4.432009704,-1.669864508,-3.934999391,-3.701317661,4.16344443234336,64.2925931373556
"HER42PB",96.6,918.83,-5.551420318,-4.512771494,-1.730399325,-3.849562401,-3.789193196,4.46847960280518,87.2240070129054
"HER42PB",96.7,919.86,-6.076070064,-4.434284318,-1.608431433,-3.600337791,-3.866742465,5.40707180962328,222.977709624498
"HER42PB",96.8,920.89,-5.383435928,-4.160071934,-1.398344451,-3.298763337,-3.97981011,4.09575100913587,60.0844461854443
"HER42PB",96.9,921.92,-5.47249014,-4.226144306,-1.486135307,-3.694506719,-3.842372023,4.19280055284483,66.207950428877
"HER42PB",97,922.95,-5.362449555,-4.309299641,-1.325263407,-3.546539626,-3.966204863,4.03736964178873,56.6770655804096
"HER42PB",97.1,923.98,-5.170731,-4.103400011,-1.427383947,-3.443510052,-3.723812017,3.82197955038756,45.6945735608686
"HER42PB",97.2,925.01,-5.588536219,-4.48195576,-1.676673226,-3.608915012,-3.742288564,4.62904321848505,102.416027456238
"HER42PB",97.3,926.05,-5.719745297,-4.568023183,-1.72522107,-3.808184628,-3.678524968,4.85485176089484,128.361661586437
"HER42PB",97.4,927.08,-5.055771689,-4.467985024,-1.736440382,-3.88971812,-3.862554191,3.63530771646592,37.9135177160037
"HER42PB",97.5,928.11,-5.316575592,-4.179613498,-1.601198471,-3.514580619,-3.556166653,4.16155956475189,64.1715242474368
"HER42PB",97.6,929.14,-5.169989802,-4.225830171,-1.527979803,-3.536920285,-3.608418567,3.92037280872801,50.4192380066964
"HER42PB",97.7,930.17,-5.262415845,-4.39927772,-1.650385673,-3.541752297,-3.399704639,4.27130496869895,71.6150300401442
"HER42PB",97.8,931.2,-5.205472894,-4.216861501,-1.592407412,-3.605167466,-3.607463678,3.94916403367484,51.8919687592649
"HER42PB",97.9,932.23,-5.189721649,-4.266478398,-1.742506492,-3.787565384,-3.957093589,3.71632145711451,41.1128801114597
"HER42PB",98,933.27,-5.448388846,-4.489413195,-1.705541107,-3.292090697,-3.468684563,4.68018306259915,107.789803046897
"HER42PB",98.1,934.3,-5.190442708,-4.184507533,-1.655478556,-3.750527255,-3.745186788,3.78769065229647,44.1543147804609
"HER42PB",98.2,935.33,-5.426916402,-4.399325383,-1.793819588,-3.5991693,-3.593484237,4.42054986220659,83.1419894294892
"HER42PB",98.3,936.36,-6.001203554,-4.655350162,-1.872496842,-3.941778077,-3.846892135,5.28678802328162,197.707372984349
"HER42PB",98.4,937.39,-5.12232805,-4.131189428,-1.633069181,-3.519127164,-3.63041414,3.81149968787682,45.2182012306177
"HER42PB",98.5,938.42,-4.907554082,-4.079395561,-1.42857685,-3.4932205,-3.722720617,3.41962717992318,30.5580202536246
"HER42PB",98.6,939.45,-4.993740352,-4.084729944,-1.398773092,-3.559396294,-3.844612274,3.44613632811328,31.3789199443548
"HER42PB",98.7,940.49,-4.976397269,-4.111143125,-1.328975173,-3.66477389,-4.12770665,3.23671907796547,25.450084875101
"HER42PB",98.8,941.52,-4.975553843,-4.244282605,-1.455767763,-3.518023877,-3.794112776,3.55546663717543,35.0041503950736
"HER42PB",98.9,942.55,-4.669097888,-3.781569341,-1.214438429,-3.390935014,-3.900338668,2.87341010041568,17.6972648681433
"HER42PB",99,943.58,-4.931678232,-3.712890342,-1.081848242,-3.303511335,-3.981154329,3.15679420188353,23.495154346886
"HER42PB",99.1,944.61,-4.163071534,-3.883321515,-1.100968334,-3.316418835,-3.694197211,2.45948597028493,11.698796465136
"HER42PB",99.2,945.64,-5.050034054,-3.998824004,-1.294924802,-3.489552986,-3.694771802,3.57207001602624,35.5901892148852
"HER42PB",99.3,946.67,-5.053282943,-3.918888662,-1.300761887,-3.330321205,-3.98989209,3.44748485752261,31.4212638853408
"HER42PB",99.4,947.71,-5.21392075,-4.225619482,-1.359526857,-3.652273501,-3.932986904,3.746812018292,42.385741414722
"HER42PB",99.5,948.74,-5.530179557,-4.082730772,-1.26876936,-3.190454917,-3.849469091,4.38386826449887,80.1474661333346
"HER42PB",99.6,949.77,-5.114756406,-4.342441026,-1.532500891,-3.512160025,-4.025658937,3.69572398539427,40.2747203447114
"HER42PB",99.7,950.8,-5.836616058,-4.719450362,-2.074371283,-3.431596073,-3.823962758,5.26550159012346,193.543363884233
"HER42PB",99.8,951.83,-5.284382009,-4.382386518,-1.84790052,-3.596789026,-3.682716157,4.15295042103266,63.6214336745094
"HER42PB",99.9,952.86,-5.858305756,-4.950748704,-2.258019958,-3.669571223,-4.005069513,5.25943989139945,192.373710945692
"HER42PB",100,953.89,-6.211498792,-5.054899246,-2.352813589,-3.780244856,-3.746693321,6.0881923202826,440.624183397526
"HER42PB",100.1,954.9,-5.770853165,-4.904863171,-2.464934517,-3.94660824,-3.869027289,5.06496016964625,158.374133850277
"HER42PB",100.2,955.91,-6.012218279,-4.886525032,-2.311642785,-4.059607937,-4.095295667,5.31105320777627,202.563457489779
"HER42PB",100.3,956.92,-5.993760759,-4.613230103,-2.458648917,-4.188680446,-4.101826612,5.09656562889842,163.459561406423
"HER42PB",100.4,957.92,-6.091744873,-4.828052834,-2.48534164,-3.941175987,-3.926360901,5.59193209020337,268.253409128442
"HER42PB",100.5,958.93,-5.796992549,-4.781901232,-2.461359856,-4.078355344,-3.728427247,5.06516357226162,158.406350839708
"HER42PB",100.6,959.94,-6.168384637,-5.046241851,-2.324946424,-4.024962766,-3.617824017,5.96074471567204,387.898891083197
"HER42PB",100.7,960.95,-3.721507974,-4.957086117,-1.714457929,-4.239022586,-3.864608817,2.19499636778207,8.97996843955778
"HER42PB",100.8,961.96,-5.161491517,-4.811817768,-1.859857533,-3.568466634,-3.756478106,4.17043163181075,64.7433913844863
"HER42PB",100.9,962.96,-5.744587974,-4.419401599,-1.88374975,-3.478752423,-3.853154228,4.88536726292132,132.339059639953
"HER42PB",101,963.97,-5.638153212,-4.502499652,-1.915191405,-3.530802882,-3.720953169,4.79801165891849,121.269053400366
"HER42PB",101.1,964.98,-5.780293312,-4.951013957,-1.996577275,-3.651317835,-3.716600127,5.24236850198248,189.117497536226
"HER42PB",101.2,965.99,-5.722174393,-4.640036942,-1.678951141,-3.696868158,-3.587891936,4.98308678459328,145.92412350462
"HER42PB",101.3,966.99,-5.677482862,-4.830185001,-1.807246822,-3.697759348,-3.780362877,4.92312002067957,137.430731694771
"HER42PB",101.4,968,-5.46741079,-4.410689444,-1.735066683,-3.779588349,-3.685960691,4.36138844380138,78.3658655223307
"HER42PB",101.5,969.01,-5.444627168,-4.472963882,-1.613925059,-3.685008908,-3.567784375,4.44130537151045,84.8856767269561
"HER42PB",101.6,970.02,-5.410378785,-4.34542352,-1.385153749,-3.606868299,-3.763358162,4.21985754826935,68.0237934920926
"HER42PB",101.7,971.03,-5.563954956,-4.276666119,-1.54080123,-3.645346206,-4.074556722,4.27511399762357,71.8883339417977
"HER42PB",101.8,972.03,-5.327015531,-4.328153645,-1.45094769,-3.630355293,-4.086991588,3.91262883036132,50.0303004241082
"HER42PB",101.9,973.04,-5.307442274,-4.383771435,-1.585026562,-3.671206169,-3.824155647,4.04955791478538,57.3720880863637
"HER42PB",102,974.05,-5.421655719,-4.441682997,-1.561502959,-3.911508501,-3.798612155,4.16916492560758,64.6614324489105
"HER42PB",102.1,975.06,-5.706217779,-4.775220899,-1.696362524,-4.067580711,-3.732908655,4.80214875340709,121.771794158781
"HER42PB",102.2,976.07,-6.224432695,-4.842114482,-1.888907179,-3.863279247,-3.87836249,5.83786068340888,343.044673940348
"HER42PB",102.3,977.07,-5.685636369,-4.448025206,-1.834369573,-3.681315458,-3.799098494,4.7372084087781,114.115193644448
"HER42PB",102.4,978.08,-5.863572598,-4.74119009,-1.820702211,-3.964392881,-3.870205666,5.04958713410067,155.958061427107
"HER42PB",102.5,979.09,-6.057643336,-4.795879407,-1.820057293,-3.951658472,-3.755058243,5.50428940194345,245.743768575655
"HER42PB",102.6,980.1,-6.051701901,-4.837653445,-1.862814619,-3.687747862,-3.77346138,5.61886026127704,275.575120544155
"HER42PB",102.7,981.1,-5.749977166,-4.948263605,-1.841446491,-3.600778519,-3.823922071,5.13184976735035,169.330049727674
"HER42PB",102.8,982.11,-6.1202685,-4.933548944,-2.013501418,-4.070879303,-3.933330567,5.58258163679134,265.756808487751
"HER42PB",102.9,983.12,-6.22822511,-4.990060941,-1.955188759,-3.75424753,-3.70423711,6.06691812836128,431.34926793009
"HER42PB",103,984.13,-6.33606691,-4.910857132,-2.138506988,-4.142375905,-3.773562541,6.07682481281689,435.643745914307
"HER42PB",103.1,985.14,-5.905532133,-4.483428319,-1.766539572,-3.995989628,-3.85783929,4.97685095272535,145.016996490255
"HER42PB",103.2,986.14,-4.884820087,-4.305786213,-1.401711458,-3.956833315,-3.94297628,3.20053972604185,24.5457746163868
"HER42PB",103.3,987.15,-5.16968515,-4.271943777,-1.395744418,-3.719274654,-3.741056425,3.78301347116624,43.9482792608768
"HER42PB",103.4,988.16,-4.868251273,-4.10160163,-1.241653003,-3.661316757,-3.883193684,3.20140506288774,24.567024172259
"HER42PB",103.5,989.17,-5.119823768,-3.78327591,-1.211454488,-3.610531235,-3.927685421,3.37702251855952,29.283450250043
"HER42PB",103.6,990.17,-4.730667206,-4.026662155,-1.13689053,-3.162233255,-3.850841163,3.18875184240196,24.2581305694069
"HER42PB",103.7,991.18,-5.143585377,-3.841316425,-1.193354317,-2.936902745,-3.794146109,3.78385916450608,43.9854617482199
"HER42PB",103.8,992.19,-4.69714888,-3.940988732,-1.059348794,-3.029288674,-3.810563303,3.16586025138213,23.7091310753596
"HER42PB",103.9,993.2,-4.853091594,-3.938744497,-1.0334607,-3.006243453,-3.869232953,3.34257350607136,28.2918423262269
"HER42PB",104,994.21,-5.036154199,-4.112072666,-1.138196123,-3.017162714,-3.726765015,3.76721909825798,43.2595967206124
"HER42PB",104.1,995.21,-5.413942188,-4.200314648,-1.358400515,-3.316932002,-3.652488068,4.32168360653911,75.3153229803587
"HER42PB",104.2,996.22,-5.581783246,-4.300397832,-1.442268433,-3.547024462,-3.915457959,4.42646151380145,83.6349515784837
"HER42PB",104.3,997.23,-5.639266745,-4.27239047,-1.603287962,-3.675207278,-4.045333019,4.40990025517922,82.2612579605458
"HER42PB",104.4,998.24,-5.619650959,-4.235514096,-1.451650087,-3.54886748,-4.222638382,4.29676787962509,73.4619716365566
"HER42PB",104.5,999.24,-5.170013015,-4.198899314,-1.246891605,-3.830370223,-4.138028599,3.47383297342832,32.2601580979779
"HER42PB",104.6,1000.25,-4.627997353,-4.316514404,-1.16309236,-3.659284396,-3.779750726,3.04874828091051,21.088930477714
"HER42PB",104.7,1001.26,-5.423896024,-4.185731855,-1.287802361,-3.53770511,-3.760848661,4.17383614259167,64.9641865950216
"HER42PB",104.8,1002.27,-5.240752453,-4.196095158,-1.124824319,-3.689971403,-3.689971403,3.8502952581402,47.0069403645988
"HER42PB",104.9,1003.28,-5.389260659,-4.147394281,-1.238166451,-3.563599638,-3.743258077,4.09112003694042,59.8068400749957
"HER42PB",105,1004.28,-5.983589873,-4.563498132,-1.472867739,-3.924669967,-3.621557321,5.27552373637843,195.492836415563
"HER42PB",105.1,1005.29,-5.527660411,-4.83061459,-1.62663516,-3.974462217,-3.695078947,4.58014798215364,97.5288256648929
"HER42PB",105.2,1006.3,-5.941669518,-4.688906549,-1.667914609,-3.754834644,-3.839238458,5.24602580493786,189.810423867264
"HER42PB",105.3,1007.31,-5.684141302,-5.117993812,-1.72184387,-3.872699139,-4.005588202,4.88571071850432,132.384520035202
"HER42PB",105.4,1008.31,-5.653965468,-4.449992663,-1.375473531,-3.492458973,-3.756845483,4.72153425342437,112.34047927942
"HER42PB",105.5,1009.32,-5.28494616,-4.282871799,-1.058784353,-3.785651827,-3.953827337,3.77750303749114,43.7067712010612
"HER42PB",105.6,1010.33,-5.207889658,-4.278026849,-0.977932537,-3.751154199,-3.869299095,3.70659706602998,40.7150199955848
"HER42PB",105.7,1011.34,-4.992753593,-4.202947008,-1.141658473,-3.822511648,-3.872916018,3.34998063682115,28.5021817455813
"HER42PB",105.8,1012.35,-4.841357331,-4.176841963,-1.126998791,-3.880895381,-3.856503928,3.11381519496826,22.5067484413825
"HER42PB",105.9,1013.35,-5.217330586,-4.078367002,-1.249038451,-3.530931632,-4.132538853,3.60579770562043,36.8110365190211
"HER42PB",106,1014.36,-4.619245421,-4.102611455,-1.065377881,-3.839356587,-3.759542164,2.84942740413497,17.2778857616675
"HER42PB",106.1,1015.37,-5.048980077,-4.238592013,-1.232501425,-3.806725086,-4.296644025,3.24622578696339,25.6931851368065
"HER42PB",106.2,1016.38,-5.113006732,-4.033376894,-1.147272844,-3.593661863,-3.795705242,3.56512452670441,35.343854383962
"HER42PB",106.3,1017.39,-5.233590592,-4.210293641,-1.212871464,-3.619457836,-4.048620735,3.7016988653794,40.5160772865662
"HER42PB",106.4,1018.39,-5.156209979,-4.178898141,-1.270484807,-3.676138789,-4.195956124,3.47932518730564,32.4378252323165
"HER42PB",106.5,1019.4,-4.559016841,-4.172638199,-1.102276501,-3.634994878,-3.728056403,2.91709003041263,18.4874113041338
"HER42PB",106.6,1020.41,-5.156872975,-4.077603649,-1.247497149,-3.716057775,-3.835883712,3.59449850841045,36.3974423990038
"HER42PB",106.7,1021.42,-5.052273282,-4.127852424,-1.175137536,-3.536921809,-3.811240653,3.54702736480948,34.7099838576248
"HER42PB",106.8,1022.42,-4.947889105,-4.095409886,-1.343627201,-3.525876661,-3.855355863,3.38927999595806,29.6446003524823
"HER42PB",106.9,1023.43,-5.269552328,-4.279717693,-1.48745819,-3.715571491,-3.898171251,3.86782929051653,47.8384299587832
"HER42PB",107,1024.44,-4.776653074,-4.068722097,-1.385004686,-3.463158213,-4.140414026,3.03041150290147,20.7057513132719
"HER42PB",107.1,1025.45,-4.53641877,-3.818665778,-1.199016809,-3.236488955,-3.78789412,2.84880476528492,17.2671312271886
"HER42PB",107.2,1026.46,-4.453535718,-3.631227144,-1.04461629,-3.078937396,-3.783919035,2.69730188300942,14.8396385802107
"HER42PB",107.3,1027.46,-5.002295856,-3.862633027,-1.265306741,-3.187936554,-3.848113716,3.47344470212995,32.2476348358765
"HER42PB",107.4,1028.47,-5.083155679,-4.087861004,-1.384963891,-3.199624538,-3.758540944,3.76324956352947,43.0882166237508
"HER42PB",107.5,1029.48,-5.153840211,-3.939791755,-1.423430153,-3.437650346,-3.74563574,3.702025037723,40.5292946659026
"HER42PB",107.6,1030.49,-5.453996587,-4.136379091,-1.456039481,-3.181961938,-3.671126065,4.41027286735966,82.291915218519
"HER42PB",107.7,1031.49,-5.494368231,-4.170744977,-1.45427263,-3.143438111,-4.141331092,4.26472069368291,71.1450459372925
"HER42PB",107.8,1032.5,-4.759624771,-3.884156034,-1.135908146,-3.210705103,-4.043343015,3.03144504581325,20.727162658641
"HER42PB",107.9,1033.51,-5.341250999,-4.145339799,-1.36150113,-3.28956332,-3.886207105,4.06992048930036,58.5523068719203
"HER42PB",108,1034.52,-4.652924617,-4.214202287,-1.390656192,-3.376631151,-4.101624886,3.00530723921411,20.1924190460026
"HER42PB",108.1,1035.53,-5.023710067,-4.166102837,-1.456881161,-3.439457117,-4.133667561,3.43748901744219,31.1087464954848
"HER42PB",108.2,1036.53,-4.962775046,-3.978221394,-1.362944321,-3.300999608,-3.754334624,3.4950688638919,32.9525571162032
"HER42PB",108.3,1037.54,-4.806961859,-3.961521009,-1.322463679,-3.237264275,-3.70834957,3.32165527609547,27.7061739903416
"HER42PB",108.4,1038.55,-4.923200173,-4.098343647,-1.456857658,-3.334361322,-4.08146561,3.33339706368155,28.0334114166689
"HER42PB",108.5,1039.56,-4.894807892,-4.06930926,-1.273616568,-3.227635212,-3.719059875,3.48666669428494,32.6768440582957
"HER42PB",108.6,1040.56,-4.824056902,-4.068724631,-1.215773406,-3.438869348,-3.738807841,3.28782685938771,26.7845936760993
"HER42PB",108.7,1041.57,-5.046428937,-4.112320362,-1.313183215,-3.415867393,-3.757412984,3.62660606908702,37.5850388801085
"HER42PB",108.8,1042.58,-4.806644754,-3.987203848,-1.241092522,-3.220554206,-3.845233587,3.25958058916418,26.0386139751803
"HER42PB",108.9,1043.59,-4.955282581,-4.055553357,-1.314269804,-3.347778905,-3.573830844,3.5933121269299,36.3542867519944
"HER42PB",109,1044.6,-5.119139013,-4.183287755,-1.372107126,-3.36725891,-3.924468601,3.70860254121802,40.7967548892226
"HER42PB",109.1,1045.6,-4.97470967,-3.984759832,-1.295959882,-3.449336504,-3.884861679,3.37760209178367,29.3004270728996
"HER42PB",109.2,1046.61,-4.743883442,-4.046281911,-1.021962181,-3.177315751,-3.751955296,3.24564344464029,25.6782272634104
"HER42PB",109.3,1047.62,-4.938306206,-3.804731754,-1.030674852,-2.850473006,-3.691984483,3.5421751903356,34.5419728988368
"HER42PB",109.4,1048.63,-4.644624444,-3.716261131,-0.899368483,-2.853539966,-3.763772114,3.05642836870738,21.2515188626888
"HER42PB",109.5,1049.63,-4.894589878,-4.014702576,-1.160723203,-3.13639885,-3.753417975,3.46196498012771,31.8795577065057
"HER42PB",109.6,1050.64,-4.757504379,-4.016180344,-1.110923331,-3.278048067,-3.615498299,3.28900606487104,26.8161968454842
"HER42PB",109.7,1051.65,-4.9698133,-3.995360264,-1.129086057,-3.371739146,-3.754045919,3.45348399154451,31.610330810401
"HER42PB",109.8,1052.66,-4.798023847,-4.066957431,-1.009342777,-2.989497518,-3.472731594,3.54651602969837,34.6922399610976
"HER42PB",109.9,1053.67,-4.870175191,-3.79973378,-0.972948615,-3.37773937,-3.717495681,3.21118372443276,24.8084352014967
"HER42PB",110,1054.67,-4.2222849,-3.345146116,-0.621720095,-3.272742302,-3.638006451,2.22392068668391,9.24350078452864
"HER42PB",110.1,1055.67,-4.162378368,-3.410750897,-0.419652858,-3.019923442,-4.167996361,1.99438748430843,7.34770106707018
"HER42PB",110.2,1056.66,-4.07805955,-3.164573869,-0.307651744,-2.80039903,-3.597953066,2.14580601108644,8.54892899266293
"HER42PB",110.3,1057.66,-3.823068153,-2.926887788,-0.370068557,-2.60516567,-3.4297428,1.93889607592929,6.95107327651405
"HER42PB",110.4,1058.65,-3.916408437,-3.194062102,-0.461845835,-2.444956268,-3.612197063,2.15424704802399,8.62139623712968
"HER42PB",110.5,1059.64,-4.147792397,-3.365593438,-0.567068756,-2.805337241,-3.91489267,2.19381961854539,8.96940748356827
"HER42PB",110.6,1060.64,-4.877419888,-3.843645119,-1.013344353,-3.374838378,-3.675242417,3.27245343208075,26.3759716804025
"HER42PB",110.7,1061.63,-5.073618373,-3.97677131,-1.04769995,-3.601194859,-3.751509862,3.48554776379726,32.6403013894038
"HER42PB",110.8,1062.63,-4.890517697,-4.065241452,-1.01567981,-3.583518938,-3.805449633,3.25381495382203,25.8889167865776
"HER42PB",110.9,1063.62,-5.363063471,-4.300042127,-0.998318169,-3.734234369,-4.135592695,3.82488125794254,45.8273584084201
"HER42PB",111,1064.61,-5.166221495,-4.301518132,-0.925015324,-3.583965324,-3.619015641,3.8486183429974,46.9281797703577
"HER42PB",111.1,1065.61,-5.16617956,-4.077537444,-0.984765752,-3.559125439,-3.923673092,3.59122579177125,36.2785185917479
"HER42PB",111.2,1066.6,-4.888076723,-4.046184281,-1.188756679,-3.519629355,-3.731432887,3.32834628458237,27.8921778183036
"HER42PB",111.3,1067.6,-4.634763786,-3.689505999,-1.171944318,-3.48605366,-4.092189464,2.63809811026928,13.9865773678097
"HER42PB",111.4,1068.59,-5.148343346,-4.236557126,-1.226036324,-3.818381566,-3.767682802,3.65616000042436,38.7124014816536
"HER42PB",111.5,1069.59,-5.025596704,-3.960376499,-1.167099194,-3.812307823,-3.794890837,3.31654406096331,27.5649230640331
"HER42PB",111.6,1070.58,-5.198835922,-3.826441399,-1.127033934,-3.512664216,-4.075980022,3.46660476903907,32.0278158020148
"HER42PB",111.7,1071.57,-4.884527002,-4.06280254,-1.250988189,-3.354434366,-3.741934919,3.4027241124457,30.0458369049099
"HER42PB",111.8,1072.57,-5.388720421,-4.135957453,-1.366808706,-3.58043165,-3.854337675,4.0371173576503,56.6627686592699
"HER42PB",111.9,1073.56,-5.385667032,-4.2453309,-1.50977778,-3.347478342,-3.887454755,4.18698160219483,65.8238083684661
"HER42PB",112,1074.56,-4.898750324,-4.077957583,-1.205420692,-3.603315965,-3.646658271,3.37140210224882,29.1193267219437
"HER42PB",112.1,1075.55,-5.095718888,-3.831763379,-1.457335598,-3.323337894,-4.015455738,3.4727815381619,32.2262564558677
"HER42PB",112.2,1076.54,-5.033483388,-3.988826094,-1.178319376,-3.528732817,-4.138013984,3.28192125850985,26.6268807094576
"HER42PB",112.3,1077.54,-5.015472063,-3.966559443,-1.004399322,-3.180227482,-3.904811436,3.48491901342572,32.6197852382227
"HER42PB",112.4,1078.53,-4.764965029,-3.6695173,-0.845293623,-3.235411859,-4.08134173,2.8567789477693,17.4053729323304
"HER42PB",112.5,1079.53,-4.669532061,-3.730884422,-0.64231875,-2.932121656,-3.769017292,3.02582942706265,20.6110930218059
"HER42PB",112.6,1080.52,-4.733831041,-3.851142056,-0.635653255,-3.098640633,-3.66165201,3.15728867933927,23.5067750438791
"HER42PB",112.7,1081.51,-4.410096939,-3.724600905,-0.720303269,-3.196415321,-4.002601374,2.4903930634822,12.0660178994855
"HER42PB",112.8,1082.51,-4.360985489,-3.759839846,-0.771878606,-3.524449321,-3.864673908,2.3967410131076,10.9873104683179
"HER42PB",112.9,1083.5,-5.091132444,-4.290354599,-1.114641943,-3.56705438,-4.071301033,3.53212801993617,34.196661417638
"HER42PB",113,1084.5,-4.96287793,-4.220940585,-1.251864301,-3.416329106,-3.565926274,3.65819527849559,38.7912722181882
"HER42PB",113.1,1085.49,-5.204236969,-4.201933363,-1.128934844,-3.44493471,-3.930313668,3.77506723822605,43.6004398333968
"HER42PB",113.2,1086.48,-5.060704454,-4.319016455,-1.044557299,-3.596383108,-3.819224042,3.61321654931847,37.0851473809019
"HER42PB",113.3,1087.48,-4.991129208,-4.281052966,-1.064866605,-3.774553232,-3.908910729,3.37928471779578,29.3497702350605
"HER42PB",113.4,1088.47,-5.433988644,-4.152206981,-1.163384116,-3.712040265,-3.93757412,3.99257941150554,54.1944991450132
"HER42PB",113.5,1089.47,-5.079697248,-4.276279347,-1.158083079,-3.544447024,-3.65652649,3.7386535680347,42.0413462275253
"HER42PB",113.6,1090.46,-5.321515583,-4.033426745,-1.052436754,-3.529756114,-3.755169813,3.90907308689065,49.8527214098488
"HER42PB",113.7,1091.46,-4.29183845,-4.025889614,-0.955430781,-3.534459921,-3.885554676,2.4678413841765,11.79695425506
"HER42PB",113.8,1092.45,-5.054200048,-4.113608067,-0.99301971,-3.396736205,-3.741396819,3.6112328888103,37.0116559537221
"HER42PB",113.9,1093.44,-4.997634482,-4.087613363,-0.99324122,-3.528896452,-3.761376014,3.45404685743374,31.628128195662
"HER42PB",114,1094.44,-5.431349604,-4.340519455,-1.2223852,-3.707752786,-3.815729291,4.16009459000617,64.0775834122961
"HER42PB",114.1,1095.43,-5.122574125,-4.432208588,-1.287192212,-3.548187851,-3.871399719,3.78632348716832,44.0939897875455
"HER42PB",114.2,1096.43,-5.162711978,-4.415497577,-1.292242229,-3.530151649,-3.828942818,3.86587146370708,47.7448622226869
"HER42PB",114.3,1097.42,-5.270381088,-4.04543766,-1.195316111,-3.318810547,-3.89909952,3.8684066040282,47.8660557043666
"HER42PB",114.4,1098.41,-5.152737635,-4.216292102,-1.175240918,-3.503388323,-3.729701449,3.79345845364359,44.4097239633785
"HER42PB",114.5,1099.41,-4.911871627,-4.105065128,-1.096910334,-3.649892003,-3.726119369,3.3284788325003,27.895875113429
"HER42PB",114.6,1100.4,-5.075070219,-4.299757638,-1.157867282,-3.487979605,-3.949208288,3.61562422801889,37.1745440764275
"HER42PB",114.7,1101.4,-5.102876418,-4.191090198,-1.067542612,-3.651341535,-4.0620837,3.46085678715296,31.8442485728978
"HER42PB",114.8,1102.39,-4.912621156,-4.102710828,-0.970060047,-3.574486424,-3.893542021,3.25513554273081,25.9231279874408
"HER42PB",114.9,1103.38,-4.509549613,-4.232107882,-1.060408323,-3.490283653,-3.814836262,2.89709371347909,18.121402775396
"HER42PB",115,1104.38,-5.281442449,-4.154350689,-0.853725689,-3.616254522,-3.890160547,3.77936380132744,43.7881748933488
"HER42PB",115.1,1105.37,-4.867856402,-3.788024008,-0.673631429,-3.41629704,-4.14492466,2.92417131220916,18.6187904907927
"HER42PB",115.2,1106.37,-4.847244525,-4.080485527,-0.693801559,-3.49389432,-3.809063975,3.19540305513063,24.4200143210662
"HER42PB",115.3,1107.36,-4.929994765,-3.993703366,-0.682871314,-3.608912552,-3.681570198,3.27869999466359,26.5412465005291
"HER42PB",115.4,1108.35,-5.062407764,-3.957895753,-0.698819303,-3.427267502,-3.808799844,3.45407520832712,31.6290248940633
"HER42PB",115.5,1109.35,-4.898103598,-4.081577396,-0.709520749,-3.688088479,-3.731172065,3.22715011304443,25.2077153677299
"HER42PB",115.6,1110.34,-4.475121642,-3.8899052,-0.503771691,-3.346171165,-3.97825437,2.57567182314861,13.1401420453785
"HER42PB",115.7,1111.34,-4.435708976,-3.908044787,-0.543247117,-3.27413173,-4.040781373,2.54109530267197,12.6935666569298
"HER42PB",115.8,1112.33,-4.758472096,-3.957783374,-0.655071142,-3.06209559,-3.997788709,3.0881398732071,21.9362358217598
"HER42PB",115.9,1113.33,-4.584891326,-3.751009283,-0.509443085,-3.10176149,-3.86233026,2.79576843524669,16.3752072060639
"HER42PB",116,1114.32,-4.76293677,-3.677807831,-0.573282028,-3.410697913,-3.827193612,2.88206595673272,17.8511147406578
"HER42PB",116.1,1115.31,-4.877262619,-3.833972196,-0.71878652,-3.194535522,-3.787368781,3.24298366114992,25.6100194876421
"HER42PB",116.2,1116.31,-5.051379237,-3.876483643,-0.618821793,-3.203308596,-3.711895294,3.52674516106524,34.0130801546596
"HER42PB",116.3,1117.3,-4.953860708,-3.837856676,-0.736600107,-3.030765236,-3.528851834,3.55215330866179,34.8883620737757
"HER42PB",116.4,1118.3,-3.825959047,-4.05187104,-0.663160537,-3.30946233,-3.904817622,2.03730052703369,7.6698766033828
"HER42PB",116.5,1119.29,-5.105150324,-3.955062608,-0.7729082,-3.599253091,-3.906107686,3.40276601753523,30.0470960047764
"HER42PB",116.6,1120.28,-5.291260266,-3.985546391,-0.938529565,-3.660123991,-3.681822353,3.80724408514941,45.0261794042316
"HER42PB",116.7,1121.28,-5.018445981,-4.077694952,-0.751482869,-3.756204269,-3.787692154,3.33874984882534,28.1838705733492
"HER42PB",116.8,1122.27,-5.654547257,-4.256850264,-0.888226049,-4.007301061,-3.775012177,4.33579001294234,76.3852804193715
"HER42PB",116.9,1123.27,-5.603275197,-4.298613791,-0.989162068,-4.009209065,-3.886275803,4.22655732572628,68.4810678781047
"HER42PB",117,1124.26,-5.175571754,-4.101888848,-0.764841713,-3.772375582,-3.657701035,3.63895065329123,38.0518861465702
"HER42PB",117.1,1125.25,-4.942388897,-4.022468397,-0.669581222,-3.934099247,-3.753991305,3.13848344233955,23.0688550678618
"HER42PB",117.2,1126.25,-4.963886315,-4.340419055,-0.951582983,-3.741809157,-3.809184559,3.42267227069002,30.6512140186764
"HER42PB",117.3,1127.24,-4.990570006,-4.026933154,-0.78912402,-3.740697213,-3.641579005,3.36051893649973,28.804134518252
"HER42PB",117.4,1128.24,-5.129933935,-4.197113902,-0.713247108,-3.51574542,-4.001994032,3.54179560148048,34.5288636391124
"HER42PB",117.5,1129.23,-5.262037779,-4.129057846,-0.626426567,-3.614186364,-4.113415069,3.59123360448247,36.2788020264443
"HER42PB",117.6,1130.22,-5.252887069,-4.496279534,-0.740740025,-3.575468291,-4.03521542,3.84192811664562,46.6152675194497
"HER42PB",117.7,1131.22,-5.325358509,-4.238809093,-0.875118683,-3.580233256,-3.940864328,3.88189555610302,48.516092940074
"HER42PB",117.8,1132.21,-6.597043377,-4.445281174,-1.010356675,-3.587654777,-3.867557896,6.42491654689836,617.029322383403
"HER42PB",117.9,1133.21,-6.393033185,-4.756514314,-1.059935568,-4.022239842,-4.074883575,5.86317245869874,351.838568679896
"HER42PB",118,1134.2,-5.44882085,-3.894077596,-0.704379726,-3.52504323,-3.772327426,3.98097730550171,53.5693622855615
"HER42PB",118.1,1135.2,-5.4401988,-4.277047991,-0.828013279,-3.503473561,-3.746419739,4.20709903902184,67.1614242646295
"HER42PB",118.2,1136.19,-5.887322801,-4.348621439,-1.182086578,-3.627085255,-3.887162062,4.9296481757337,138.330835632886
"HER42PB",118.3,1137.18,-5.863410192,-4.546108702,-0.894523247,-3.631009155,-3.592430438,5.10242470454231,164.420094511656
"HER42PB",118.4,1138.18,-5.984380692,-4.655590826,-1.162203391,-4.324473354,-4.109867262,4.86686687073393,129.913243597815
"HER42PB",118.5,1139.17,-5.680323614,-4.67761165,-1.258289476,-4.37223,-3.683878992,4.54846533931114,94.4872910593462
"HER42PB",118.6,1140.17,-6.365052671,-4.544472763,-1.251375336,-4.244789135,-4.175655922,5.57540474916793,263.856329657015
"HER42PB",118.7,1141.16,-5.731721843,-4.511219737,-1.268477977,-4.235908956,-3.824926593,4.53359128470382,93.092282369075
"HER42PB",118.8,1142.15,-4.940088421,-4.300525486,-1.051022578,-3.969638939,-4.043113478,3.16814441911461,23.7633486049201
"HER42PB",118.9,1143.15,-5.609728815,-4.356965847,-1.014608965,-3.867417621,-3.988084997,4.2765044344394,71.9883596515387
"HER42PB",119,1144.14,-5.378801074,-4.345193616,-1.152120472,-3.872395388,-3.822498417,3.99972018757132,54.5828749293638
"HER42PB",119.1,1145.14,-5.614184022,-4.666802703,-1.473698304,-3.731643487,-3.683425678,4.72185768468853,112.376819579128
"HER42PB",119.2,1146.13,-5.470758134,-4.916294341,-1.308732512,-3.961100811,-3.820440675,4.43067975105439,83.9884887745424
"HER42PB",119.3,1147.12,-5.616195174,-4.545753763,-1.133192622,-3.954797523,-3.802456798,4.46293881852258,86.7420540375258
"HER42PB",119.4,1148.12,-5.620670323,-4.66388823,-1.309815733,-3.868241766,-4.016203423,4.48071769203084,88.2980207265508
"HER42PB",119.5,1149.11,-5.756928219,-4.515215087,-1.434580139,-4.124675629,-4.001061673,4.55607174264691,95.2087398420371
"HER42PB",119.6,1150.11,-5.441872652,-4.645815509,-1.617802344,-4.266990229,-4.045143414,4.04279222529085,56.9852364872804
"HER42PB",119.7,1151.1,-5.604677224,-4.629026646,-1.637196055,-4.086919723,-3.779062118,4.51342487911789,91.2337486046334
"HER42PB",119.8,1152.09,-5.871784552,-4.867049778,-1.56134632,-3.984389117,-3.708585128,5.17119013533038,176.124324581565
"HER42PB",119.9,1153.09,-5.654586245,-4.709649915,-1.478228531,-4.208170154,-3.656345489,4.63240254787398,102.760655162063
"HER42PB",120,1154.08,-6.300449347,-4.7146213,-1.634184061,-4.233586587,-3.81832434,5.77155371263985,321.036143267295
"HER42PB",120.1,1155.09,-5.530300521,-4.936638892,-1.723974788,-3.925418425,-3.904333307,4.56470048406796,96.0338260475951
"HER42PB",120.2,1156.1,-6.214577795,-4.632791414,-1.547002043,-4.03262069,-3.846034734,5.60971969888994,273.067686100929
"HER42PB",120.3,1157.11,-5.740132948,-4.588466097,-1.245357295,-3.964528919,-3.79559737,4.71169982053081,111.241089174532
"HER42PB",120.4,1158.12,-5.583345922,-4.503576721,-1.397820907,-3.939313364,-3.645467944,4.50943966832739,90.8708864066547
"HER42PB",120.5,1159.12,-5.654430169,-4.28480286,-1.305699684,-3.697950338,-3.769366036,4.53581032103225,93.2990868940645
"HER42PB",120.6,1160.13,-5.357726332,-4.016552407,-1.185654461,-3.6898962,-4.126672569,3.7158506504296,41.093528448471
"HER42PB",120.7,1161.14,-5.304919727,-4.595974429,-1.510361336,-4.093964984,-3.653081448,4.06300809166152,58.1489656775208
"HER42PB",120.8,1162.15,-5.633464834,-4.439020036,-1.512746987,-4.05733412,-3.586884957,4.55701571062831,95.2986562764382
"HER42PB",120.9,1163.16,-5.459281517,-4.291676356,-1.389278438,-3.871505101,-3.85989394,4.11159000361828,61.0437001519767
"HER42PB",121,1164.17,-5.833156687,-4.15443609,-1.393450941,-4.144345187,-4.164629859,4.40325490625197,81.7164155372589
"HER42PB",121.1,1165.17,-5.316681051,-4.191751454,-1.281968547,-4.405737925,-3.664183649,3.70499343932328,40.6497806259346
"HER42PB",121.2,1166.18,-6.033252741,-4.609475287,-1.458684958,-4.18086865,-3.898100593,5.14340204734408,171.297540494655
"HER42PB",121.3,1167.19,-5.533423562,-4.378930815,-1.150319921,-3.775268423,-3.744541793,4.34412332383428,77.0244823437927
"HER42PB",121.4,1168.2,-6.008547528,-4.667165724,-1.397852094,-3.752997384,-3.736143052,5.37745131461403,216.469858191039
"HER42PB",121.5,1169.21,-5.692333537,-4.526827014,-1.189906749,-3.721139273,-3.875728069,4.64718276599851,104.29075984567
"HER42PB",121.6,1170.22,-5.573567105,-4.390471886,-1.173623431,-3.70494863,-4.074091649,4.27712231592725,72.0328536709078
"HER42PB",121.7,1171.22,-5.417170389,-4.201586424,-1.067881875,-3.662589923,-4.054884568,3.9383788550977,51.3353118275389
"HER42PB",121.8,1172.23,-5.62326238,-4.232432864,-1.129633387,-3.604729592,-3.736192731,4.48730889151076,88.881932821439
"HER42PB",121.9,1173.24,-5.602964802,-3.738955792,-1.327956529,-3.259924754,-3.814268122,4.32150519013135,75.3018866896464
"HER42PB",122,1174.25,-5.681536866,-4.297517818,-1.48597673,-3.555472008,-3.945866863,4.57957780982229,97.4732332771163
"HER42PB",122.1,1175.26,-5.604422439,-4.490305963,-1.221224615,-4.344985363,-3.955163032,4.18740951152685,65.8519810175763
"HER42PB",122.2,1176.27,-5.587218695,-4.534999446,-1.274970955,-4.351747224,-3.727177719,4.30493353988627,74.0642929679422
"HER42PB",122.3,1177.27,-5.431998396,-4.474322448,-1.356611747,-3.969460518,-3.715792508,4.19432780532436,66.3091439396852
"HER42PB",122.4,1178.28,-5.005392215,-4.224469424,-1.289473386,-3.725478258,-4.16731101,3.28569309020533,26.7275024669434
"HER42PB",122.5,1179.29,-5.355568369,-4.338634111,-1.331034005,-4.079731003,-3.919861566,3.84908781605664,46.9502164588903
"HER42PB",122.6,1180.3,-5.481718587,-4.476196722,-1.530474869,-3.941273546,-3.717495276,4.30875070753171,74.3475490648075
"HER42PB",122.7,1181.31,-6.373161769,-4.59382482,-1.607827276,-4.072430245,-3.697736795,5.98470080364463,397.303631666005
"HER42PB",122.8,1182.32,-5.557925848,-4.456444117,-1.278509682,-3.751900802,-3.964126829,4.33790793256266,76.5472297407613
"HER42PB",122.9,1183.32,-5.426882178,-4.116573724,-0.946685451,-3.551957925,-4.020466413,3.95583685161096,52.2393922769543
"HER42PB",123,1184.33,-5.405512333,-4.379500857,-1.05052876,-3.655216988,-3.896777266,4.09604520129909,60.1021251590237
"HER42PB",123.1,1185.34,-5.673585056,-4.289674486,-1.107254703,-3.910813123,-3.826255735,4.42773250841558,83.7413187332145
"HER42PB",123.2,1186.35,-5.308486999,-4.507450857,-1.232452508,-3.801600612,-3.711788112,4.07355051287726,58.7652393675181
"HER42PB",123.3,1187.36,-5.177101134,-4.207888001,-1.170855497,-3.761353506,-3.996775294,3.58014585335012,35.878773504767
"HER42PB",123.4,1188.37,-5.910043575,-4.199253169,-1.187485493,-3.760868696,-3.670516618,4.95121027384876,141.345927724052
"HER42PB",123.5,1189.37,-5.276210904,-4.199533692,-1.152039484,-3.892879508,-3.589373738,3.87834901931833,48.3443335872756
"HER42PB",123.6,1190.38,-5.825135636,-4.441369721,-1.483957301,-3.676196299,-3.921973336,4.86875960615917,130.159367846745
"HER42PB",123.7,1191.39,-6.125837599,-4.718923951,-1.544277279,-4.056867358,-3.984138782,5.39701591593268,220.746705650613
"HER42PB",123.8,1192.4,-5.125736098,-4.435117363,-1.342120549,-3.921763293,-3.595079063,3.79051607885953,44.2792459631455
"HER42PB",123.9,1193.41,-5.841926022,-4.615059398,-1.451383122,-3.985628032,-4.128602365,4.75197561144141,115.812859875838
"HER42PB",124,1194.42,-6.244612448,-4.738715215,-1.407940298,-3.598553923,-3.804405978,5.90612523279294,367.280269161972
"HER42PB",124.1,1195.42,-5.753975805,-4.697923131,-1.058314726,-4.110508144,-3.824686538,4.69334237441106,109.217616592986
"HER42PB",124.2,1196.43,-6.038819005,-4.725646908,-1.073735534,-3.988647845,-3.663317125,5.36338667416915,213.44659784013
"HER42PB",124.3,1197.44,-5.865473047,-4.597626836,-1.111699454,-4.091603142,-4.149186365,4.68550777187824,108.365283183892
"HER42PB",124.4,1198.45,-5.101457136,-4.624702944,-1.367312372,-3.834023978,-4.03115648,3.66812077521093,39.1782119711726
"HER42PB",124.5,1199.46,-5.486119049,-4.541254945,-1.535293478,-3.906095022,-3.570689452,4.44113162871419,84.8709297332489
"HER42PB",124.6,1200.47,-5.390962515,-4.643401913,-1.591047887,-4.055269167,-3.4785003,4.338023859604,76.5561041490104
"HER42PB",124.7,1201.47,-5.561332307,-4.548333771,-1.534196494,-4.052139809,-3.739267488,4.42015089132873,83.1088248132778
"HER42PB",124.8,1202.48,-5.473335322,-4.591431932,-1.772381174,-4.009167451,-3.772435855,4.33210149027049,76.1040505609519
"HER42PB",124.9,1203.49,-5.507377019,-4.656909583,-1.735553088,-4.051349319,-3.799267579,4.38525053060777,80.2583278620386
"HER42PB",125,1204.5,-5.119095478,-4.463975693,-1.17553524,-4.143878962,-3.890066094,3.52989536420479,34.1203972130666
"HER42PB",125.1,1205.51,-5.739883911,-4.46052363,-1.604113763,-3.839467478,-3.833841585,4.72373097259942,112.587531016685
"HER42PB",125.2,1206.52,-5.39579257,-4.319502637,-1.630596138,-3.683248336,-4.085135623,4.01831810791102,55.6075013159664
"HER42PB",125.3,1207.52,-5.443849524,-4.290428999,-1.814824742,-3.893892522,-3.809375534,4.16072794016019,64.1181798141311
"HER42PB",125.4,1208.53,-5.267827292,-4.116724821,-1.67866893,-3.432136894,-3.73943059,4.00359830679818,54.7949648152006
"HER42PB",125.5,1209.54,-5.231108617,-3.97578264,-1.507798809,-3.916162337,-3.573736338,3.73979039431533,42.0891671116585
"HER42PB",125.6,1210.55,-5.082612297,-3.873248644,-1.22307818,-3.543712852,-3.846198467,3.4420316378754,31.250383180255
"HER42PB",125.7,1211.56,-4.967162805,-4.196390462,-1.547159805,-3.781290042,-4.025195585,3.30368835198578,27.2128245225658
"HER42PB",125.8,1212.57,-5.077276196,-4.011510421,-1.346310241,-3.781710688,-3.950162397,3.37242736730221,29.1491970599001
"HER42PB",125.9,1213.57,-5.29705033,-4.360193321,-1.703659643,-3.649391205,-3.614989778,4.1547405594176,63.7354268463698
"HER42PB",126,1214.58,-5.176606831,-4.28016497,-1.558373141,-3.478713498,-3.754822585,3.91051131787684,49.9244727236393
"HER42PB",126.1,1215.59,-5.335465956,-4.323865044,-1.725674804,-3.615679986,-3.893460988,4.06675263772741,58.3671153390111
"HER42PB",126.2,1216.6,-5.257276817,-4.282585242,-1.831443678,-3.555712427,-3.738544318,4.04529969574363,57.1283045785622
"HER42PB",126.3,1217.61,-5.069666252,-3.709467002,-1.275608117,-3.035158683,-3.997667612,3.47396425067528,32.2643934007126
"HER42PB",126.4,1218.62,-5.266470777,-3.609886086,-1.25675798,-3.187891676,-3.735926807,3.7803885840924,43.8330712608712
"HER42PB",126.5,1219.62,-5.207527817,-4.203814271,-1.719096176,-3.532394646,-3.761335315,3.91234965773402,50.0163352831273
"HER42PB",126.6,1220.63,-5.480605589,-4.540598331,-1.870985816,-3.424432675,-3.779500488,4.56560991247213,96.1212016616745
"HER42PB",126.7,1221.64,-5.684670175,-4.448211916,-1.853161687,-3.570462676,-3.722716901,4.82308756784346,124.348432900694
"HER42PB",126.8,1222.65,-5.329871228,-4.338026915,-1.849605323,-3.828610734,-3.803539783,4.04193019313064,56.9361345475375
"HER42PB",126.9,1223.66,-5.351024812,-4.720397988,-2.211061021,-4.201220244,-3.779886825,4.18389135559602,65.6207105413451
"HER42PB",127.1,1225.67,-6.428501986,-4.784577897,-1.657817361,-4.258947158,-3.78319854,6.08871333363993,440.853814297824
"HER42PB",127.2,1226.68,-6.177086208,-4.941614737,-1.91103175,-3.981344211,-3.7388054,5.82242369842625,337.789762806075
"HER42PB",127.3,1227.69,-5.974927461,-4.671656436,-1.785605775,-4.138397758,-3.921931441,5.11508846862814,166.515511730591
"HER42PB",127.4,1228.7,-6.175063066,-4.68440869,-1.70823583,-4.727360077,-3.620423078,5.4127698601118,224.251874552357
"HER42PB",127.5,1229.71,-6.501706667,-4.770378937,-1.639743262,-4.392616432,-3.797367046,6.17566717816347,480.903765403962
"HER42PB",127.6,1230.72,-5.817300536,-4.953260494,-1.729644962,-4.437847707,-3.766679433,4.92584757814861,137.806093591342
"HER42PB",127.7,1231.72,-6.607195775,-5.094607689,-2.160255089,-5.129093865,-3.756044731,6.37159993959309,584.993034072796
"HER42PB",127.8,1232.73,-6.277467128,-5.095655895,-2.393223686,-4.733115832,-3.800583444,5.83161268493364,340.908013217916
"HER42PB",127.9,1233.74,-6.498984714,-5.063900189,-2.359295068,-4.944355038,-3.941757402,6.12035517416503,455.026279381285
"HER42PB",128,1234.75,-7.446864092,-5.166257906,-2.542555964,-5.619513678,-3.864553613,8.37054900297836,4318.00601024398
"HER42PB",128.1,1235.76,-7.325579594,-5.119844327,-2.624749639,-4.526892119,-3.647333396,8.56819124475693,5261.60422385521
"HER42PB",128.2,1236.77,-6.828377033,-5.00921859,-2.702779927,-4.426162099,-3.966176152,7.0962458664297,1207.42571797525
"HER42PB",128.3,1237.77,-6.744661021,-5.248018602,-2.867919829,-5.017934022,-3.760102048,6.90867978415652,1000.92493266102
"HER42PB",128.4,1238.78,-6.476163692,-5.124355507,-2.963859624,-4.866725779,-3.677436524,6.35249435397185,573.922490926032
"HER42PB",128.5,1239.79,-8.051234703,-5.179555078,-3.372968962,-4.990963908,-3.97794355,10.6269058347665,41229.3571907847
"HER42PB",128.6,1240.8,-6.22181888,-5.249247312,-3.384743036,-4.406222963,-3.902273172,6.01352839544789,408.923622049098
"HER42PB",128.7,1241.81,-6.91890906,-5.370771673,-3.282746388,-4.819399955,-3.873100448,7.47405515027479,1761.73632546876
"HER42PB",128.8,1242.82,-6.92975475,-5.179380496,-2.980592197,-4.682739508,-3.723936782,7.49317549522765,1795.74542851609
"HER42PB",128.9,1243.82,-6.868390555,-4.737187079,-3.147528055,-4.309227135,-3.834640215,7.22695798778906,1376.03023008304
"HER42PB",129,1244.83,-6.938415547,-4.717450983,-3.082533985,-4.067756331,-4.006861499,7.39071202699142,1620.85979808301
"HER42PB",129.1,1245.84,-7.395561455,-4.921583876,-3.038852628,-4.302544667,-3.767170762,8.7487543050834,6302.83181028355
"HER42PB",129.2,1246.85,-6.30726771,-4.799927667,-2.537554006,-4.586604162,-3.798146802,5.81835476212656,336.41811025441
"HER42PB",129.3,1247.86,-6.867680868,-4.617739509,-2.186737431,-4.36792771,-3.993102691,6.92692948958719,1019.35921633572
"HER42PB",129.4,1248.87,-7.829922046,-4.924844141,-2.870346156,-5.186114114,-3.712512211,9.73160561299762,16841.571669727
"HER42PB",129.5,1249.87,-7.556819947,-5.031091303,-2.763097654,-5.555339947,-3.948608396,8.63884585880696,5646.80884739573
"HER42PB",129.6,1250.88,-6.416031757,-5.197874318,-2.56825102,-4.733166376,-3.725057745,6.23794332572975,511.804811968302
"HER42PB",129.7,1251.89,-6.519224913,-5.11985847,-2.646562981,-4.281880341,-3.914587807,6.51764330776514,676.981067860112
"HER42PB",129.8,1252.9,-6.459673534,-5.132468089,-2.518569319,-4.445864007,-3.75930302,6.39042704138964,596.111089449065
"HER42PB",129.9,1253.91,-6.459647873,-4.968402916,-2.465818269,-4.918032557,-3.77817731,6.09450340706461,443.413794336424
"HER42PB",130,1254.92,-7.400726811,-5.055582103,-2.462818058,-4.908599913,-3.995191027,8.39047056490448,4404.8899932568
"HER42PB",130.1,1255.95,-6.560978278,-4.84285206,-2.560401876,-5.246657417,-3.746457067,6.14642614058826,467.045246515112
"HER42PB",130.2,1256.98,-6.998611108,-4.852030264,-2.503441818,-4.488560277,-3.939643246,7.39841755661235,1633.3976245288
"HER42PB",130.3,1258.02,-6.775924028,-4.888854379,-2.625759395,-4.962185652,-3.967860917,6.67681125944465,793.783901181408
"HER42PB",130.4,1259.05,-6.311683684,-4.831360374,-2.597768152,-4.548497588,-4.01900667,5.75311025482209,315.169394569418
"HER42PB",130.5,1260.08,-6.242067611,-4.849128707,-2.513326624,-4.775730543,-3.820219097,5.61871708981997,275.535668876858
"HER42PB",130.6,1261.12,-6.241055268,-4.885220115,-2.618671806,-4.46271882,-3.803939282,5.78611158867022,325.743932202225
"HER42PB",130.7,1262.15,-6.519844283,-4.780974278,-2.412852759,-4.597588325,-3.744985412,6.26871422723641,527.798312714338
"HER42PB",130.8,1263.18,-6.47061266,-4.601466527,-2.195864087,-4.250659832,-3.683050396,6.21137732704667,498.387220975225
"HER42PB",130.9,1264.21,-5.931189035,-4.599954451,-2.149321204,-3.869765999,-3.806852174,5.21470356072004,183.957280732266
"HER42PB",131,1265.25,-6.551026425,-4.613235401,-2.645819046,-3.906592739,-3.688286606,6.59289377167606,729.889951695329
"HER42PB",131.1,1266.28,-6.707948408,-5.130115835,-2.981987279,-4.099513938,-3.929819505,7.0631449446372,1168.11304596914
"HER42PB",131.2,1267.31,-7.283606712,-4.914082136,-2.705333489,-3.993484147,-3.814271525,8.48490706823656,4841.1475476836
"HER42PB",131.3,1268.35,-6.619419398,-4.888284551,-2.874307885,-4.494461018,-3.79198976,6.62791302684791,755.902974132026
"HER42PB",131.4,1269.38,-6.253639194,-4.741767526,-2.766565665,-4.258651484,-3.983984779,5.74630504169157,313.031881033926
"HER42PB",131.5,1270.41,-6.596031403,-4.627065477,-2.718895656,-4.255403684,-3.600299129,6.61402757425396,745.479454339771
"HER42PB",131.6,1271.45,-6.389159432,-4.94924398,-3.027725284,-3.914188989,-3.853312658,6.38026149312841,590.08198987127
"HER42PB",131.7,1272.48,-6.06002816,-4.601413137,-2.508616407,-4.491412242,-4.077304038,5.1119625502379,165.995810525174
"HER42PB",131.8,1273.51,-5.883055655,-4.597404819,-2.598312405,-4.295123947,-3.803614113,5.01364842526354,150.452651281467
"HER42PB",131.9,1274.55,-6.120468662,-4.702222701,-2.460911025,-4.247667982,-4.090954294,5.36790859148488,214.413971249792
"HER42PB",132,1275.58,-6.436628212,-4.539508227,-2.687743523,-3.842421448,-3.694091835,6.3327306184359,562.69099236862
"HER42PB",132.1,1276.61,-6.909696251,-4.678146931,-2.794149481,-4.258468386,-3.678327362,7.35210241125754,1559.47173464566
"HER42PB",132.2,1277.65,-6.139597155,-4.766725814,-2.710784606,-3.921843997,-3.96940125,5.6690442140694,289.757455899332
"HER42PB",132.3,1278.68,-5.656507555,-4.664470849,-2.511790145,-3.898084506,-4.038906332,4.67946774713858,107.71272690445
"HER42PB",132.4,1279.71,-6.259291718,-4.403941146,-2.523788948,-4.096317064,-3.944658287,5.63457397090469,279.939629475073
"HER42PB",132.5,1280.75,-5.841936007,-4.631056416,-2.540249033,-3.639225952,-4.122002272,5.05202901595409,156.339357938251
"HER42PB",132.6,1281.78,-5.976350909,-4.617913503,-2.481843348,-3.972497725,-4.016410912,5.20212911738588,181.658602914957
"HER42PB",132.7,1282.81,-5.592864708,-4.441355473,-2.35287992,-3.984909375,-3.686895108,4.58117372449296,97.6289164355762
"HER42PB",132.8,1283.85,-5.795670829,-4.629683138,-2.302474529,-4.089271208,-3.775931039,4.93245623275118,138.719822399526
"HER42PB",132.9,1284.88,-5.795449663,-4.69079506,-2.295916381,-3.645803863,-3.726288052,5.17016009523955,175.943002866625
"HER42PB",133,1285.91,-5.103941064,-4.808579304,-2.455488112,-3.894257723,-3.747833455,4.0371096421734,56.6623314806737
"HER42PB",133.1,1286.95,-5.755241033,-4.76818123,-2.196802514,-4.383637387,-3.988799372,4.68910613208012,108.755922915892
"HER42PB",133.2,1287.98,-5.938485622,-4.829923003,-2.535955795,-4.173754825,-3.716026574,5.32384317548976,205.17087642895
"HER42PB",133.3,1289.01,-6.410613382,-4.61055511,-2.393329866,-4.422739034,-3.835459855,5.96421882764044,389.248838840308
"HER42PB",133.4,1290.05,-5.970392433,-4.482315378,-2.647255598,-3.800397261,-3.91598697,5.26453610468125,193.356590761841
"HER42PB",133.5,1291.08,-5.482647395,-3.790051674,-1.88715689,-3.485144296,-3.7180603,4.18435602130092,65.6512093203844
"HER42PB",133.6,1292.11,-6.777896576,-4.610935657,-2.641754885,-4.207334482,-3.828335947,6.91860046469979,1010.90420792022
"HER42PB",133.7,1293.15,-6.805307185,-4.602542427,-2.918089298,-4.502722092,-3.772760938,6.92524075156324,1017.63923837187
"HER42PB",133.8,1294.18,-6.243291364,-4.499618081,-2.74635709,-4.046066786,-3.842838545,5.75557475192165,315.947086544387
"HER42PB",133.9,1295.21,-5.801404031,-4.903462438,-2.747831758,-4.172163491,-3.724237803,5.13920440628073,170.580001942867
"HER42PB",134,1296.25,-5.804863576,-4.656460623,-2.155727495,-3.999681087,-3.77742682,4.97884957480673,145.307120489156
"HER42PB",134.1,1297.28,-6.159198513,-4.941900254,-2.732317537,-4.287396336,-3.686561956,5.79984183473684,330.247322124046
"HER42PB",134.2,1298.31,-5.986883362,-4.682105859,-2.938999577,-4.598066932,-3.798678012,5.17449550866143,176.707444410445
"HER42PB",134.3,1299.35,-5.830044758,-4.754893956,-2.649457906,-4.283407746,-3.6117869,5.11187815801574,165.981802360952
"HER42PB",134.4,1300.38,-7.310755814,-4.803661249,-2.854621207,-4.386767445,-3.827151657,8.35557890541703,4253.84647445064
"HER42PB",134.5,1301.41,-6.600794216,-4.894332327,-3.336187709,-4.947068623,-3.59754311,6.5670460001788,711.26565815494
"HER42PB",134.6,1302.44,-7.023020863,-5.089431198,-3.264482093,-4.700633143,-3.675626187,7.73831023222896,2294.59177815068
"HER42PB",134.7,1303.48,-7.201864926,-4.927253685,-3.214158835,-4.858733739,-3.909866836,7.93271965880464,2786.99618549895
"HER42PB",134.8,1304.51,NA,-5.096365051,-3.268312656,-4.659325597,-4.09585624,NA,NA
"HER42PB",134.9,1305.54,-6.870780043,-5.161496795,-3.237149063,-4.109189075,-3.923712941,7.50303405205162,1813.53643961762
"HER42PB",135,1306.58,-7.797881691,-5.128052703,-3.321966341,-4.753359253,-3.869739304,9.88958856730835,19723.9431942583
"HER42PB",135.1,1307.61,-7.74838389,-5.126276119,-3.030935991,-4.385153107,-3.699159764,9.92854995760209,20507.5821475737
"HER42PB",135.2,1308.64,-6.623187848,-5.028959354,-3.404312023,-4.614593997,-3.91891837,6.66678883538011,785.867996845152
"HER42PB",135.3,1309.68,-6.63698598,-4.961830996,-3.276872681,-4.85153568,-3.822820831,6.59891431198782,734.297538285596
"HER42PB",135.4,1310.71,-6.832053909,-4.906278669,-3.376544538,-4.712721039,-3.913654839,7.05210129937875,1155.28379112736
"HER42PB",135.5,1311.74,-6.395646781,-4.755903519,-2.929910879,-4.637788864,-3.959338007,5.92880837300193,375.706544909557
"HER42PB",135.6,1312.78,-6.23255007,-4.875911919,-2.994635852,-4.652099695,-3.732605543,5.77430173051889,321.919569608562
"HER42PB",135.7,1313.81,-6.268968307,-4.709402224,-3.018174879,-4.579071973,-3.782936164,5.76785500297461,319.850917036362
"HER42PB",135.8,1314.84,-6.89060912,-4.787070027,-2.81762938,-4.272679337,-3.827674194,7.28189042829138,1453.73360827397
"HER42PB",135.9,1315.88,-6.278396338,-4.862543175,-2.765061457,-4.61447024,-3.931475431,5.74189081415184,311.653132377784
"HER42PB",136,1316.91,-6.404376605,-5.092773137,-2.842126014,-4.469347956,-3.792748313,6.26750510458229,527.160525476828
"HER42PB",136.1,1317.94,-6.522371664,-4.762731744,-2.854398895,-4.440777269,-3.93642416,6.28897838376685,538.602802552793
"HER42PB",136.2,1318.98,-6.801929539,-4.728318917,-3.063706364,-4.453882072,-3.599939669,7.1123182789447,1226.9887536564
"HER42PB",136.3,1320.01,-7.741431371,-4.766502225,-3.248837213,-4.527272536,-3.995393503,9.53519089374465,13838.2377898885
"HER42PB",136.4,1321.04,-6.299434219,-4.923611158,-2.955885568,-4.500754307,-3.786003103,5.96480289848179,389.476254143961
"HER42PB",136.5,1322.08,-6.649974611,-5.002070418,-3.071369688,-5.148078241,-3.812158267,6.50646759651984,669.457442167359
"HER42PB",136.6,1323.11,-6.676164693,-5.050197479,-3.08285587,-4.545950826,-3.695123135,6.90028574701468,992.558295656902
"HER42PB",136.7,1324.14,-5.840208067,-5.345297898,-2.783232168,-5.02733043,-3.787434772,5.06285290863377,158.040749599813
"HER42PB",136.8,1325.18,-7.784499245,-4.801345753,-2.502247746,-4.218493889,-3.74254507,9.84877442104683,18935.1340737361
"HER42PB",136.9,1326.21,-6.474739102,-5.016124079,-2.783778481,-4.819690678,-3.965139839,6.13834008739229,463.283921438463
"HER42PB",137,1327.24,-6.243476831,-5.081148728,-2.711328137,-4.038968901,-4.09110282,5.93047059911862,376.331573466198
"HER42PB",137.1,1328.28,-6.757035743,-5.174626503,-2.705444051,-4.636772207,-3.792908809,7.0162599909125,1114.61016049143
"HER42PB",137.2,1329.31,-6.401372894,-5.054924442,-2.630769454,-4.235897015,-3.652500699,6.38088988198053,590.452907343537
"HER42PB",137.3,1330.34,-6.638358343,-5.013047082,-2.873444203,-4.414816457,-3.793448959,6.76821290776794,869.756169798676
"HER42PB",137.4,1331.38,-7.644360975,-5.459558918,-2.84994879,-4.367216242,-3.810900292,9.7003199612635,16322.8290355801
"HER42PB",137.5,1332.41,-7.049728214,-5.08240397,-2.947836446,-4.428138577,-3.781196799,7.81744426263459,2483.54998860761
"HER42PB",137.6,1333.44,-7.198397252,-5.159963734,-3.20216441,-4.43252748,-4.036847923,8.1520476434375,3470.47809655624
"HER42PB",137.7,1334.48,-6.556081287,-5.066787686,-2.594011046,-4.358856709,-3.788220705,6.59854405633589,734.025710797784
"HER42PB",137.8,1335.51,-7.327561504,-4.860168437,-2.764081745,-4.355012566,-3.724557709,8.48647162085195,4848.72770597281
"HER42PB",137.9,1336.54,-8.550904249,-5.203509573,-2.938297655,-4.510362393,-3.804730655,12.7627254783139,348964.500523718
"HER42PB",138,1337.58,-7.332914076,-4.912545947,-3.042454635,-4.492374692,-3.928942767,8.40443699484935,4466.84219929941
"HER42PB",138.1,1338.61,-7.085847475,-5.2066287,-3.100454096,-4.273727914,-3.65186027,8.12744575352989,3386.13947504596
"HER42PB",138.2,1339.64,-6.961404368,-5.123124883,-3.07543204,-4.616855076,-3.872962696,7.5055077182488,1818.02807652049
"HER42PB",138.3,1340.67,-7.192450753,-5.337269457,-3.10287947,-4.156468077,-3.685178825,8.51076728019624,4967.97345397487
"HER42PB",138.4,1341.71,-6.744433889,-4.897411741,-2.706579514,-4.74479834,-3.597151717,6.89855601540202,990.84292019277
"HER42PB",138.5,1342.74,-6.756984067,-4.932434775,-2.960746095,-4.4173173,-3.837413155,6.99003655410886,1085.76116449233
"HER42PB",138.6,1343.77,-6.708655453,-5.090742914,-2.85805526,-4.781150732,-3.70234107,6.86696066114889,960.026281979285
"HER42PB",138.7,1344.81,NA,-5.062782743,-2.766573868,-4.474525379,-3.881523579,NA,NA
"HER42PB",138.8,1345.84,-6.697892709,-5.088454796,-2.574974774,-4.397483895,-3.619779327,7.00208108070434,1098.91771688495
"HER42PB",138.9,1346.87,-6.233305448,-4.854078254,-2.125437714,-4.146846334,-3.51684005,5.9655836636746,389.780462388775
"HER42PB",139,1347.91,-6.827547974,-4.994966511,-2.344545422,-4.153399325,-4.007658292,7.12840980529981,1246.8925875722
"HER42PB",139.1,1348.94,-7.378097393,-4.917796554,-2.803386414,-4.374066316,-3.72311949,8.65854030053223,5759.12193674504
"HER42PB",139.2,1349.97,-6.484919837,-4.848724476,-2.90564719,-4.524586361,-3.765633563,6.31314918034328,551.779869908648
"HER42PB",139.3,1351.01,-7.512929581,-4.981502916,-2.591212243,-4.770554638,-3.865368277,8.82165922264758,6779.50400495837
"HER42PB",139.4,1352.04,-7.20778324,-5.065690734,-2.678154414,-4.608932331,-3.808887355,8.10363445998527,3306.46347286823
"HER42PB",139.5,1353.07,-7.113549192,-5.364349337,-2.679389772,-4.418077773,-3.8411326,8.06919827849842,3194.53967100408
"HER42PB",139.6,1354.11,-6.732625193,-4.97777028,-2.691864877,-4.647763584,-3.926633231,6.77964999326753,879.760748029326
"HER42PB",139.7,1355.14,-7.722859777,-5.162445575,-2.720493875,-4.637179267,-3.743728027,9.69816168690723,16287.6378819935
"HER42PB",139.8,1356.17,-6.599228527,-5.208228275,-2.826684485,-4.40200395,-3.879921171,6.7357627308179,841.985447482395
"HER42PB",139.9,1357.21,-6.588381313,-4.902681416,-2.73103368,-4.777929711,-3.749633921,6.4520997145442,634.032182724612
"HER42PB",140,1358.24,-6.542576749,-4.947791114,-2.494434793,-4.6555071,-3.671583466,6.4319488197714,621.383733708564
"HER42PB",140.1,1359.26,-8.601639376,-5.122599508,-2.477268632,-4.411984634,-3.759704543,12.9307761412174,412823.797808393
"HER42PB",140.2,1360.27,-6.933607404,-5.063886393,-2.708550735,-4.277324768,-3.707192502,7.57986492645745,1958.36442430182
"HER42PB",140.3,1361.29,-6.753515706,-5.07124047,-2.72856092,-4.609535643,-3.756672938,6.98671368277876,1082.15930741546
"HER42PB",140.4,1362.3,-6.456556771,-4.954364389,-2.596719518,-4.451875304,-3.993064215,6.17706629389521,481.577076337715
"HER42PB",140.5,1363.32,-6.677948956,-4.969420141,-2.448078463,-4.9433479,-3.768092341,6.57631459784264,717.888739295714
"HER42PB",140.6,1364.34,NA,-5.171844611,-2.667165454,-4.502008509,-3.778661589,NA,NA
"HER42PB",140.7,1365.35,-7.215366746,-5.346220613,-2.685366103,-4.247608324,-3.692053455,8.48063637972175,4820.51659998586
"HER42PB",140.8,1366.37,-6.720194489,-4.903915403,-2.449753379,-4.419739323,-3.797261715,6.83934244254023,933.87485641137
"HER42PB",140.9,1367.39,-6.853067269,-5.497735133,-2.455611497,-4.328314711,-3.792415449,7.50938083925437,1825.08317305416
"HER42PB",141,1368.4,-7.86904487,-5.465107283,-2.614331141,-4.121896508,-3.681412373,10.5607200353493,38588.9033193351
"HER42PB",141.1,1369.42,-6.974706428,-5.312624782,-2.663000766,-4.220873584,-3.788800622,7.7884039601703,2412.46411905098
"HER42PB",141.2,1370.43,-7.011739848,-5.430472813,-3.008455252,-4.515325592,-3.605002286,7.96613628226139,2881.70174486706
"HER42PB",141.3,1371.45,-7.19468707,-5.364775835,-3.159267186,-4.815140936,-3.887800368,8.16467160511966,3514.56698174952
"HER42PB",141.4,1372.47,-7.392006921,-5.185932729,-3.228136297,-4.705520898,-3.931283561,8.6529792602033,5727.18411346409
"HER42PB",141.5,1373.48,-7.56894483,-5.285591099,-3.255273515,-4.752681044,-3.701719968,9.33136141824102,11286.4866595611
"HER42PB",141.6,1374.5,-6.713879225,-5.246004877,-3.109468928,-4.44175334,-3.641185911,7.1648770006494,1293.20252794741
"HER42PB",141.7,1375.51,-6.462677123,-4.902836151,-2.977474671,-4.407726601,-3.712515436,6.37813227343739,588.826912321202
"HER42PB",141.8,1376.53,-6.930230537,-4.950161469,-3.170917808,-4.50327753,-3.765782359,7.45135597975351,1722.19682683468
"HER42PB",141.9,1377.55,-6.635678696,-4.944002685,-2.986346539,-4.978422909,-3.886316825,6.46266023473993,640.763372268936
"HER42PB",142,1378.56,-7.066673795,-5.310907929,-3.181056991,-4.758046388,-3.731227791,7.90391394571895,2707.86003166519
"HER42PB",142.1,1379.58,-8.044502879,-5.120514511,-3.125645549,-4.726129848,-4.047008143,10.6113526902876,40593.0719858961
"HER42PB",142.2,1380.59,-7.086270582,-5.187681089,-3.157911157,-4.902204089,-3.689002478,7.85034148371672,2566.61062293905
"HER42PB",142.3,1381.61,NA,-5.317731644,-2.922540294,-4.65218973,-3.791890603,NA,NA
"HER42PB",142.4,1382.63,-6.731348113,-5.248776921,-2.574128646,-4.918535234,-3.942927925,6.78390062678727,883.50824753531
"HER42PB",142.5,1383.64,-7.633649837,-5.466101027,-2.71674702,-4.897916207,-3.911132023,9.38381806613307,11894.3415514205
"HER42PB",142.6,1384.66,-7.806212943,-5.568166371,-2.602549721,-5.688452537,-3.819546394,9.69472654608422,16231.7835408827
"HER42PB",142.7,1385.67,-8.383636402,-5.570225685,-2.73897505,-4.734422204,-3.786274398,12.1794193007527,194739.744154648
"HER42PB",142.8,1386.69,NA,-5.67516612,-2.661579483,-4.569227792,-3.798849263,NA,NA
"HER42PB",142.9,1387.71,-6.367329185,-5.234978757,-2.648034642,-4.896477436,-3.969433913,5.97138143080179,392.046882479745
"HER42PB",143,1388.72,-7.534024697,-5.478680706,-2.696232215,-4.905223867,-4.007664172,9.03096119029916,8357.88923459464
"HER42PB",143.1,1389.74,-8.168872861,-5.699233683,-2.70042921,-6.290102014,-3.74022291,10.8222511721025,50123.797390047
"HER42PB",143.2,1390.76,-7.811467229,-5.218079936,-2.933411399,-5.011901919,-3.625607558,9.94975260941895,20947.0396404166
"HER42PB",143.3,1391.77,-6.940247291,-5.450517342,-3.058419187,-5.669335004,-3.753682771,7.25369260170708,1413.31403036933
"HER42PB",143.4,1392.79,-7.156176637,-5.093542214,-2.972600942,-4.731373912,-3.751651466,7.99838619306393,2976.1511760418
"HER42PB",143.5,1393.8,-7.44446128,-5.002114244,-2.875389414,-4.970983326,-3.850892005,8.59427785718534,5400.66761428399
"HER42PB",143.6,1394.82,NA,-5.213668598,-2.969041782,-5.223424773,-3.768464391,NA,NA
"HER42PB",143.7,1395.84,-6.730408561,-4.956538657,-2.731622437,-4.581619601,-3.592142981,6.96916379128293,1063.33321016972
"HER42PB",143.8,1396.85,-6.928743993,-4.875970699,-2.615475295,-5.159158381,-3.672673798,7.11422996021131,1229.33660853117
"HER42PB",143.9,1397.87,-6.689842588,-4.756432602,-2.108430669,-4.378599432,-3.721660266,6.70117709380317,813.362666065275
"HER42PB",144,1398.88,-6.951134002,-5.131975559,-2.805357266,-4.643008729,-3.658388329,7.5485065968146,1897.9062746039
"HER42PB",144.1,1399.9,-6.707015137,-5.231108617,-2.941464035,-4.400272034,-3.820121643,7.04252210302817,1144.26993700717
"HER42PB",144.2,1400.92,NA,-5.316459872,-3.074783532,-4.610765476,-3.846632399,NA,NA
"HER42PB",144.3,1401.93,-7.906227967,-5.057450107,-2.944316173,-4.319012167,-3.696572558,10.4271952261822,33765.5126975029
"HER42PB",144.4,1402.95,-6.847560797,-5.43261118,-3.112108475,-4.434974809,-3.786563522,7.5096978564204,1825.66184746948
"HER42PB",144.5,1403.96,-7.470496612,-5.129527276,-3.062187961,-4.731060097,-3.983254504,8.79201527398359,6581.4823097292
"HER42PB",144.6,1404.98,-7.137601318,-5.214265491,-2.899878173,-4.539552012,-3.697583945,8.10876291219163,3323.4640688719
"HER42PB",144.7,1406,-7.561394086,-5.297648826,-3.218207285,-5.076487436,-3.762166575,9.14617659806525,9378.51391362333
"HER42PB",144.8,1407.01,NA,-5.178812069,-3.354402432,-4.900918003,-3.857344871,NA,NA
"HER42PB",144.9,1408.03,-6.975807357,-4.919661378,-2.99563394,-4.495296319,-3.868157167,7.47656848397302,1766.16972571633
"HER42PB",145,1409.05,-7.716782451,-5.109985984,-3.348038081,-4.880306461,-3.780608985,9.61743245775108,15024.4245286946
"HER42PB",145.1,1410.06,NA,-4.709074586,-3.170637981,-4.775862827,-3.845852822,NA,NA
"HER42PB",145.2,1411.08,-7.807789588,-4.890018856,-3.343319284,-4.840585398,-3.749504076,9.82658136585576,18519.534369635
"HER42PB",145.3,1412.09,-7.222918335,-4.927253685,-3.427816668,-4.393770037,-3.850877538,8.23936557904049,3787.1369068369
"HER42PB",145.4,1413.11,-7.654767444,-5.12693575,-3.864614763,-4.380606304,-3.865804532,9.66092260766505,15692.2557869511
"HER42PB",145.5,1414.13,-7.680661726,-5.001083199,-3.487822268,-4.563643786,-3.925600365,9.51929348219807,13619.9850519842
"HER42PB",145.6,1415.14,NA,-5.272315564,-3.659075366,-5.130485369,-3.79940673,NA,NA
"HER42PB",145.7,1416.16,-7.194712088,-5.070456531,-3.560640871,-5.046833385,-3.776985405,8.02722336670639,3063.22440321264
"HER42PB",145.8,1417.17,NA,-5.112629494,-3.717156078,-4.946837239,-3.931455605,NA,NA
"HER42PB",145.9,1418.19,NA,-5.190810299,-3.771089646,-4.765084006,-3.65130555,NA,NA
"HER42PB",146,1419.21,-8.435356283,-5.261942832,-4.180531905,-5.034158901,-3.716857411,12.328049612632,225945.616113764
"HER42PB",146.1,1420.22,-7.261806093,-5.441716117,-4.069486686,-5.366411734,-4.056819381,8.1984070918649,3635.15522471078
"HER42PB",146.2,1421.24,-7.917196284,-5.282912233,-3.654516407,-5.0761704,-3.757272076,10.3373031336999,30862.6851769881
"HER42PB",146.3,1422.25,-7.538132071,-5.277316391,-3.930906471,-4.600896004,-3.892207567,9.28821037644975,10809.8212669539
"HER42PB",146.4,1423.27,-7.620116678,-5.374101937,-3.92376521,-5.317531585,-3.686332181,9.40155806966197,12107.2299498805
"HER42PB",146.5,1424.29,-6.741159423,-5.209683052,-3.816654658,-4.720716222,-3.761175506,7.12899122788438,1247.6177698814
"HER42PB",146.6,1425.3,-7.740036185,-5.283300412,-3.843690993,-4.85896682,-3.669111897,9.91574604797286,20246.6787750117
"HER42PB",146.7,1426.32,-7.967478228,-5.069201291,-3.97453378,-5.18158554,-3.914451815,10.3145948703014,30169.7447070139
"HER42PB",146.8,1427.34,-8.311643949,-5.150397236,-3.960076521,-4.940905774,-4.064578299,11.6182158846626,111103.322943473
"HER42PB",146.9,1428.35,-7.027865934,-5.296449595,-3.769769396,-4.709194703,-3.879528576,7.81820919270936,2485.45045745632
"HER42PB",147,1429.37,-7.409063758,-5.280832052,-3.726202376,-4.548006388,-3.806832111,8.94793912546085,7692.02322027683
"HER42PB",147.1,1430.38,-7.377638709,-5.215200247,-3.783492678,-4.609869273,-3.718029637,8.85162321437113,6985.71909163227
"HER42PB",147.2,1431.4,-7.101893992,-5.004237011,-3.850607923,-4.79052407,-3.587718127,7.986610573082,2941.31068755624
"HER42PB",147.3,1432.42,-7.640772001,-5.673659644,-3.543930558,-4.939410788,-3.945661997,9.59136409699138,14637.8233325587
"HER42PB",147.4,1433.43,-8.65347081,-5.187734907,-3.769587221,-4.80636735,-3.697643752,13.2270867251525,555201.686132611
"HER42PB",147.5,1434.45,-7.030149887,-5.31249839,-3.9172697,-4.943590878,-3.853287242,7.77023658726404,2369.03170478849
"HER42PB",147.6,1435.46,-8.274892305,-5.47761097,-3.709502989,-5.406993403,-3.889122684,11.5177611556223,100484.740147314
"HER42PB",147.7,1436.48,-6.644840863,-5.103023138,-3.6863313,-5.012588273,-3.964082804,6.60707114901527,740.311578061409
"HER42PB",147.8,1437.5,-8.196411753,-5.336811654,-3.624516356,-4.786164536,-4.088522966,11.2910383259787,80100.5761551462
"HER42PB",147.9,1438.51,-8.652273384,-5.155765823,-3.679488314,-4.65801228,-3.676525349,13.2646842135376,576473.24804963
"HER42PB",148,1439.53,NA,-5.055417939,-3.655438125,-4.743427426,-3.630508742,NA,NA
"HER42PB",148.1,1440.54,NA,-5.395007809,-3.898942782,-4.752863183,-3.889090485,NA,NA
"HER42PB",148.2,1441.56,-7.133570259,-5.378950337,-3.817114106,-4.738519938,-3.989956918,8.07509951898084,3213.44715175824
"HER42PB",148.3,1442.58,-6.564894256,-5.520349189,-3.774913791,-4.558212069,-3.995904489,6.82613378031788,921.620727363836
"HER42PB",148.4,1443.59,-7.812327618,-5.375430187,-3.790329759,-4.482357746,-3.690246301,10.3333791935521,30741.81913819
"HER42PB",148.5,1444.61,-8.007213364,-5.704628271,-3.981861673,-4.359556625,-3.801373297,11.1803396368931,71706.7121730579
"HER42PB",148.6,1445.63,-6.849841917,-5.673064856,-3.745583413,-5.295555825,-3.704848949,7.41757700030569,1664.99433549839
"HER42PB",148.7,1446.64,-6.773029523,-5.311833853,-3.719028341,-4.626448678,-3.785105431,7.27107865288613,1438.10082833691
"HER42PB",148.8,1447.66,-6.475755742,-5.654130237,-3.483254489,-5.03836972,-3.626542057,6.65581365566237,777.290112360867
"HER42PB",148.9,1448.67,-8.397783834,-5.660534478,-3.546622003,-5.089676875,-3.785969105,12.2457463300314,208094.239382634
"HER42PB",149,1449.69,-7.371137032,-5.430957558,-3.53642713,-5.07255996,-3.909158178,8.62478896630082,5567.9875515615
"HER42PB",149.1,1450.71,-6.754058397,-5.357181926,-3.431014256,-4.93777931,-3.66011879,7.14864735897713,1272.38371224181
"HER42PB",149.2,1451.72,-6.712069822,-5.203373479,-3.556844024,-6.105934018,-3.926544308,6.37068774529108,584.459650072309
"HER42PB",149.3,1452.74,-6.916842074,-5.108133046,-3.666666369,-4.938496649,-3.899549041,7.3204683115374,1510.91138133771
"HER42PB",149.4,1453.75,-6.070084839,-5.244765885,-3.48281128,-4.407724525,-3.66040161,5.85049783912792,347.407290376982
"HER42PB",149.5,1454.77,-6.638740648,-5.099644225,-3.451297077,-4.970677892,-3.842840847,6.63967497143928,764.846355704945
"HER42PB",149.6,1455.79,-6.72172686,-5.024583367,-3.49703465,-4.497103309,-3.744922597,7.04288861187409,1144.68939892477
"HER42PB",149.7,1456.8,-6.776853965,-5.15875799,-3.568467747,-4.750423439,-3.842765855,7.09904217228165,1210.80677460731
"HER42PB",149.8,1457.82,-7.95351918,-5.103638783,-3.571492545,-4.342601267,-3.743510227,10.6620646567934,42704.7167990244
"HER42PB",149.9,1458.83,-7.600852458,-5.14984736,-3.481002606,-4.869736984,-4.087815595,9.13975669381378,9318.49760787666
"HER42PB",150,1459.85,-7.137303278,-5.085586284,-3.575724667,-4.759494764,-3.892516071,7.94055822612525,2808.92808777052
"HER42PB",150.1,1461.4,-6.978213743,-5.51395784,-4.087841985,-4.565684062,-3.79903442,7.94872263413248,2831.95519618544
"HER42PB",150.2,1462.96,-7.067269699,-5.300325399,-3.924132134,-4.56776425,-3.808042579,8.0379237207688,3096.1779819549
"HER42PB",150.3,1464.51,-6.979688269,-5.451219419,-3.861246841,-4.445110009,-3.839374766,7.91735021130318,2744.48908600487
"HER42PB",150.4,1466.06,-7.942692166,-5.440085939,-3.694196924,-4.994500837,-3.837690309,10.5030904675427,36427.9081598449
"HER42PB",150.5,1467.61,-6.23368807,-5.21731388,-3.435925465,-4.550706255,-4.02194945,5.9065268673732,367.427811245733
"HER42PB",150.6,1469.17,-7.561173617,-5.097320377,-3.406989055,-4.500121878,-3.88613957,9.23699929344864,10270.1744941847
"HER42PB",150.7,1470.72,-7.322193343,-5.003734901,-3.160190132,-4.463426924,-3.631315886,8.60411295036251,5454.04574265519
"HER42PB",150.8,1472.27,-7.026480631,-5.199978214,-3.423786449,-4.556841454,-4.189708565,7.61877501615753,2036.06645304422
"HER42PB",150.9,1473.82,-6.859929649,-5.06817018,-3.298173592,-4.217307254,-3.74087416,7.48637355028828,1783.57231434623
"HER42PB",151,1475.38,-7.245787145,-5.024171115,-3.137953721,-4.439065417,-3.691497845,8.3779941721335,4350.27426766677
"HER42PB",151.1,1476.93,-6.630841684,-5.306422727,-3.185946448,-4.36699742,-3.868303298,6.92778359365047,1020.23022709829
"HER42PB",151.2,1478.48,-6.727192175,-5.113319666,-2.975337922,-4.200575037,-3.85551255,7.09576328072225,1206.84317215638
"HER42PB",151.3,1480.03,-6.775498821,-5.039530711,-2.890823111,-4.294475671,-3.743232804,7.17984763452987,1312.70823160062
"HER42PB",151.4,1481.59,-6.57464661,-5.028722103,-2.810766725,-4.173260932,-3.821475974,6.70786578009826,818.821228738741
"HER42PB",151.5,1483.14,-6.284347358,-5.157564192,-2.892238774,-4.23573328,-4.024073463,6.03271511436201,416.845276910079
"HER42PB",151.6,1484.69,-6.704223705,-4.934937092,-3.045803458,-4.375321304,-4.104006209,6.75762796634925,860.598404401529
"HER42PB",151.7,1486.25,-6.871932031,-4.775739679,-2.877457579,-4.276274017,-3.82612342,7.23736589922852,1390.42661906987
"HER42PB",151.8,1487.8,-5.8829284,-4.913527842,-2.427663797,-4.116745772,-3.907165287,5.17544598583113,176.875480646726
"HER42PB",151.9,1489.35,-7.327944782,-4.911287233,-2.640810659,-4.246417149,-3.784572912,8.51099981973209,4969.12883854708
"HER42PB",152,1490.9,-6.554240602,-4.823105755,-2.627039255,-4.040346416,-3.742007049,6.62512935683113,753.801715649315
"HER42PB",152.1,1492.46,-6.110596883,-4.954591796,-2.644070154,-4.463887576,-4.037504569,5.44513065999894,231.627542189451
"HER42PB",152.2,1494.01,-5.869850083,-4.919108122,-2.5132763,-4.027828779,-3.756206348,5.28081017641506,196.529034058045
"HER42PB",152.3,1495.56,-5.072918736,-4.475589479,-2.160512898,-3.583042089,-3.737383482,3.9109380087783,49.9457795873101
"HER42PB",152.4,1497.11,-5.583430352,-4.441893019,-2.338237219,-3.469502634,-3.531783818,4.85481480003934,128.356917317287
"HER42PB",152.5,1498.67,-4.940117903,-4.101660631,-1.982791509,-3.1523157,-2.754546,4.19162126422064,66.1299181664284
"HER42PB",152.6,1500.22,-5.418776094,-4.212677891,-2.026364238,-3.282471691,-2.959005418,4.79955349753069,121.456174927892
"HER42PB",152.7,1501.77,-4.744197014,-4.251133847,-1.963716975,-3.677787866,-3.759852819,3.27185696265705,26.3602439108081
"HER42PB",152.8,1503.32,-6.104406253,-4.592948749,-2.290069581,-3.737282639,-3.862279129,5.58337068778583,265.966586913835
"HER42PB",152.9,1504.88,-6.241751512,-4.859252222,-2.537461115,-3.850767116,-3.481549799,6.18016700082651,483.072623144215
"HER42PB",153,1506.43,-5.957222119,-4.731396807,-2.549842338,-3.759997542,-3.962680021,5.34985012161416,210.57673460033
"HER42PB",153.1,1507.98,-6.106434989,-4.466899046,-1.931193383,-3.391924221,-3.635514581,5.73153301684398,308.441752523804
"HER42PB",153.2,1509.53,-5.73488116,-4.7328497,-2.712367864,-3.615761135,-3.919591194,5.05414306724477,156.670216962935
"HER42PB",153.3,1511.09,-5.930811189,-4.494085974,-2.298380462,-3.375635344,-3.590996754,5.49236678523537,242.831256696678
"HER42PB",153.4,1512.64,-6.378485754,-4.505334959,-2.490611649,-3.662281751,-3.768673992,6.1992157472259,492.362752784482
"HER42PB",153.5,1514.19,-5.07491093,-4.500715693,-2.314664416,-3.665520854,-4.014398488,3.77034803748499,43.3951653521361
"HER42PB",153.6,1515.74,-5.215665972,-4.255204022,-2.101911743,-3.97994447,-4.092273655,3.64846699298266,38.4157293027544
"HER42PB",153.7,1517.3,-5.561828616,-4.418530838,-2.381760686,-4.050608331,-3.962115253,4.35210259020086,77.6415397639883
"HER42PB",153.8,1518.85,-6.077987791,-4.402300493,-2.493327951,-3.648227077,-3.88993759,5.48161754501599,240.234984163303
"HER42PB",153.9,1520.4,-5.7260864,-4.678603458,-2.318677818,-3.439516722,-3.849264492,5.06585668954357,158.516183077959
"HER42PB",154,1521.96,-6.007091803,-4.542679663,-2.093819578,-3.655716546,-3.927650261,5.34357304941511,209.259069101052
"HER42PB",154.1,1523.51,-5.978826888,-4.899784695,-2.571447106,-3.609888062,-3.876395828,5.58747562163316,267.0606060606
"HER42PB",154.2,1525.06,-5.585460832,-4.484287723,-2.232592183,-3.784767034,-3.791140542,4.60288069816725,99.7713131057384
"HER42PB",154.3,1526.61,-5.569948693,-4.392515444,-2.251155712,-3.682398159,-3.876811762,4.52892512138445,92.6589104541545
"HER42PB",154.4,1528.17,-5.587028321,-4.699725126,-2.167512359,-3.284443228,-3.819366404,4.8995020004089,134.222920078974
"HER42PB",154.5,1529.72,-5.887943786,-4.457686302,-2.214919704,-3.430566165,-3.66119677,5.32463969570846,205.33436428236
"HER42PB",154.6,1531.27,-4.888889676,-3.793155088,-1.405397483,-3.368659909,-3.820914357,3.24113627025902,25.5627514456432
"HER42PB",154.7,1532.82,-5.272683386,-4.140397883,-1.655123383,-3.177948429,-3.799520352,4.09284780013491,59.9102614501518
"HER42PB",154.8,1534.38,-5.47128542,-4.24567344,-1.60628851,-3.491362118,-3.633716414,4.40851535336914,82.1474130457065
"HER42PB",154.9,1535.93,-5.297540037,-4.228644221,-1.789834151,-3.360355101,-3.936910045,4.04918672703016,57.3507962216587
"HER42PB",155,1537.48,-5.597627993,-4.529229483,-1.988159006,-3.341647953,-3.961756824,4.7062969587632,110.641689641338
"HER42PB",155.1,1539.03,-5.594116407,-4.608299613,-2.190255908,-3.637973082,-3.891552517,4.68451858375027,108.25814253215
"HER42PB",155.2,1540.59,-6.182297572,-4.71822551,-2.204541906,-3.872386439,-3.837949751,5.74821953425326,313.631752283034
"HER42PB",155.3,1542.14,-5.544312573,-4.724316111,-2.146673427,-3.749824589,-3.658734348,4.732297799184,113.556192122142
"HER42PB",155.4,1543.69,-5.684437686,-4.744138415,-2.161932854,-3.738527537,-3.797651283,4.91202726715046,135.914670652303
"HER42PB",155.5,1545.24,-6.954448007,-4.779696285,-2.30366731,-3.731580161,-4.082768382,7.45665339289847,1731.34422231829
"HER42PB",155.6,1546.8,-5.788446069,-4.816870021,-2.36401199,-3.657711232,-4.041537165,5.06472700252116,158.337210513619
"HER42PB",155.7,1548.35,-6.328780583,-4.393314394,-2.205465801,-3.518283197,-3.52486939,6.1830784867503,484.481131718147
"HER42PB",155.8,1549.9,-5.653112039,-4.526848219,-1.962365171,-3.409225853,-3.973311477,4.76121315173378,116.887642365814
"HER42PB",155.9,1551.45,-5.546467934,-4.504528032,-2.072757712,-3.592327286,-3.942001034,4.52798077927114,92.5714500456125
"HER42PB",156,1553.01,-5.749549087,-4.715039685,-2.035737929,-3.631641265,-3.754448694,5.05834194676176,157.329439357027
"HER42PB",156.1,1554.56,-5.470291455,-4.374133155,-1.8510616,-3.758881113,-3.953226863,4.23229051799958,68.8748106302733
"HER42PB",156.2,1556.11,-5.673232831,-4.568789622,-2.059237628,-3.642088154,-3.947963103,4.74849059210191,115.409952297549
"HER42PB",156.3,1557.67,-5.840468951,-4.644448475,-2.3893819,-3.732959673,-3.951301294,5.08634035522675,161.796658961957
"HER42PB",156.4,1559.22,-5.601508252,-4.639654901,-2.394126807,-3.984579668,-3.97714469,4.55476424807601,95.0843362778071
"HER42PB",156.5,1560.77,-5.683664095,-5.007183967,-2.462147133,-3.994819405,-3.590882181,5.091704262739,162.666853010219
"HER42PB",156.6,1562.32,-6.206661112,-5.057694937,-2.37039424,-3.912562633,-3.908310323,5.94443936039225,381.625347025971
"HER42PB",156.7,1563.88,-5.854125916,-4.820941433,-2.389015209,-4.268980696,-3.718776743,5.10506607408381,164.854962812418
"HER42PB",156.8,1565.43,-5.744924418,-4.915975696,-2.284886536,-3.853731052,-3.888626428,5.02894558446131,152.771842735637
"HER42PB",156.9,1566.98,-5.922125994,-4.673981971,-2.281714175,-3.741769286,-3.818778931,5.30079337696225,200.495815651897
"HER42PB",157,1568.53,-5.433663387,-4.124061647,-2.22260326,-3.963718997,-3.801663137,4.08768305381976,59.6016378155115
"HER42PB",157.1,1570.09,-5.497045879,-4.48680274,-2.302646272,-3.795015179,-4.013069661,4.3495116013531,77.4406317878944
"HER42PB",157.2,1571.64,-5.637509871,-4.414233068,-2.054697397,-3.92355926,-3.678370425,4.63104764328744,102.621518558764
"HER42PB",157.3,1573.19,-5.454038242,-4.445038112,-2.083545557,-3.80263613,-3.815041527,4.32862024185273,75.8395740766245
"HER42PB",157.4,1574.74,-5.498254322,-4.367341088,-2.138826353,-3.670533135,-3.786642785,4.43501056173312,84.3530157976267
"HER42PB",157.5,1576.3,-4.900715453,-4.333423218,-1.656277037,-3.467806777,-3.884222716,3.50097052829622,33.147607043046
"HER42PB",157.6,1577.85,-5.151647408,-4.397256602,-1.970309503,-3.834815954,-4.018548943,3.70872576915071,40.8017824987528
"HER42PB",157.7,1579.4,-5.521953104,-4.400526138,-1.849163946,-3.714926163,-3.774761955,4.43987540530328,84.7643798236693
"HER42PB",157.8,1580.95,-5.040301454,-4.260933098,-1.821236074,-3.571052115,-3.776094403,3.6913144057008,40.097516739563
"HER42PB",157.9,1582.51,-4.999080701,-4.264397495,-1.793507247,-3.658456377,-3.923042734,3.51984893242337,33.7793251175986
"HER42PB",158,1584.06,-5.264107886,-4.485438532,-1.983151916,-3.689803811,-4.014752076,3.98440427549081,53.7532578046876
"HER42PB",158.1,1585.61,-5.381504326,-4.276203049,-1.818896011,-3.459855435,-3.873705302,4.19954991710524,66.6563234174747
"HER42PB",158.2,1587.16,-5.451984736,-4.498171565,-1.918942432,-3.663908513,-3.615880075,4.49101728868045,89.2121542472119
"HER42PB",158.3,1588.72,-5.301676498,-4.302155112,-1.61515832,-3.806725174,-3.652776005,4.03553363299405,56.573101458273
"HER42PB",158.4,1590.27,-5.223526849,-4.459505329,-1.846151461,-3.85002584,-3.759800748,3.95839139693713,52.3730107669187
"HER42PB",158.5,1591.82,-5.310605197,-4.452971328,-2.168021546,-3.664280295,-3.847069251,4.16018527736568,64.0833947026411
"HER42PB",158.6,1593.38,-5.420968101,-4.584720076,-1.99468021,-3.546479916,-3.758420363,4.4714572229979,87.484114035258
"HER42PB",158.7,1594.93,-5.442448196,-4.49564192,-1.95322274,-3.505633612,-3.978280325,4.35582204799841,77.9308619217059
"HER42PB",158.8,1596.48,-5.794658596,-4.405867355,-1.881835911,-3.712720174,-3.697868416,4.95088352402778,141.299750512081
"HER42PB",158.9,1598.03,-5.971565487,-4.656179095,-2.047708024,-3.533367835,-3.901092615,5.39398036700827,220.077634238976
"HER42PB",159,1599.59,-5.402046552,-4.66328886,-2.191471752,-3.780680069,-3.902423506,4.3390308572231,76.6332347922849
"HER42PB",159.1,1601.14,-5.877912679,-4.782815332,-2.12902799,-3.582723288,-3.860906608,5.29967685788744,200.272083173334
"HER42PB",159.2,1602.69,-5.481996697,-4.715518243,-2.163341117,-3.862464971,-3.702388045,4.56005887502492,95.5891074754854
"HER42PB",159.3,1604.24,-5.178202068,-4.338572957,-1.729148665,-4.070716606,-3.968364144,3.6138989177383,37.1104617502003
"HER42PB",159.4,1605.8,-4.971030882,-4.386661355,-1.838018767,-3.709534233,-3.893098798,3.54585684715293,34.6693789776616
"HER42PB",159.5,1607.35,-5.427026411,-4.424428775,-1.889338404,-3.637617119,-3.871108139,4.28706302971877,72.7524825391429
"HER42PB",159.6,1608.9,-6.162154711,-4.588118726,-2.051756132,-3.565386981,-3.855231217,5.73585517577451,309.777771963346
"HER42PB",159.7,1610.45,-5.140359795,-4.424164219,-1.674947779,-3.545535921,-4.011132871,3.78867652148737,44.197866623731
"HER42PB",159.8,1612.01,-5.348507111,-4.236907627,-1.632864815,-3.574330512,-3.923746469,4.02991602651723,56.256187020824
"HER42PB",159.9,1613.56,-5.72615846,-4.568430983,-1.805328198,-4.012707092,-3.747813035,4.75747035860343,116.450973790771
"HER42PB",160,1615.11,-5.585916791,-4.573564847,-1.990304151,-3.901662775,-3.81785181,4.55622479479898,95.2233128597531
"HER42PB",160.1,1616.66,-5.579282012,-4.51223619,-1.942141982,-3.652932389,-3.793188281,4.62095833478389,101.591344012126
"HER42PB",160.2,1618.22,-5.563411531,-4.51856042,-1.887424749,-3.586121701,-3.316915905,4.86498882027901,129.669488934998
"HER42PB",160.3,1619.77,-5.879213932,-4.238800092,-2.008247031,-3.48336365,-4.106358618,4.91362562980022,136.132085292861
"HER42PB",160.4,1621.32,-5.731613788,-4.614133015,-1.936873943,-3.398083891,-3.811893971,5.02648509007742,152.396410538383
"HER42PB",160.5,1622.87,-6.056784013,-4.434442696,-1.915299793,-3.760713601,-3.903814445,5.32669457800008,205.75673604489
"HER42PB",160.6,1624.43,-5.412110974,-4.382987711,-1.773428923,-3.545664996,-3.856894615,4.27109548830625,71.6000296667251
"HER42PB",160.7,1625.98,-5.109649182,-4.383876774,-1.789728262,-3.689495787,-3.858345003,3.75911132837149,42.91027588507
"HER42PB",160.8,1627.53,-5.817271157,-4.281445062,-1.959829245,-3.52767326,-3.882171924,4.91626110228948,136.491330841501
"HER42PB",160.9,1629.08,-5.543206754,-4.664410226,-1.99427926,-3.48908302,-3.775739977,4.72435511607843,112.657823724073
"HER42PB",161,1630.64,-5.697947301,-4.617684151,-1.946733458,-3.777022015,-3.706343925,4.87148107497814,130.514074951074
"HER42PB",161.1,1632.19,-5.406777802,-4.638798973,-1.879821271,-3.718129129,-3.662289381,4.44173013074853,84.9217403609658
"HER42PB",161.2,1633.74,-6.016127048,-4.823327544,-2.083575462,-3.576467464,-3.866664357,5.57051924071309,262.570401092782
"HER42PB",161.3,1635.29,-5.87812726,-4.877337264,-2.454249955,-3.586353083,-4.124728658,5.25515748543754,191.551650074526
"HER42PB",161.4,1636.85,-6.143913579,-4.520489424,-2.209330084,-3.851236564,-3.897824319,5.54674774074971,256.402311636719
"HER42PB",161.5,1638.4,-5.528055666,-4.404689638,-2.238083919,-3.829478317,-3.982254426,4.34999010371516,77.477696180117
"HER42PB",161.6,1639.95,-6.069412755,-4.500796837,-2.29221722,-3.778900243,-4.006778332,5.37569981634012,216.091043451587
"HER42PB",161.7,1641.5,-5.425767808,-4.348817016,-1.91828177,-3.751345045,-3.876686696,4.19994705566694,66.6828004710666
"HER42PB",161.8,1643.06,-5.26630435,-4.31450693,-1.867922173,-3.794882917,-3.71006389,3.99761050083626,54.4678435449217
"HER42PB",161.9,1644.61,-5.455748374,-4.428683237,-2.036149907,-4.105821658,-3.606169334,4.30085844434062,73.7630880338465
"HER42PB",162,1646.16,-5.704368723,-4.692767811,-2.123683012,-3.99962063,-3.642440763,4.88796503278159,132.683292986343
"HER42PB",162.1,1647.71,-5.735239655,-4.425172659,-1.988437553,-3.85290737,-3.589254722,4.87025755112962,130.354485518451
"HER42PB",162.2,1649.27,-5.630470964,-4.512758504,-2.009773023,-3.92948652,-3.642936309,4.68078449804951,107.854651154657
"HER42PB",162.3,1650.82,-5.448091135,-4.55492282,-1.671887852,-3.729158407,-3.892958567,4.31093516653332,74.5101357549361
"HER42PB",162.4,1652.37,-5.513775208,-4.309021459,-1.798870189,-3.547974901,-3.712942443,4.47205692650146,87.5365942996767
"HER42PB",162.5,1653.92,-5.286695212,-4.492158806,-1.763927936,-3.663931845,-3.773177422,4.12838679283618,62.0776979276367
"HER42PB",162.6,1655.48,-5.371336978,-4.407813472,-1.785822936,-3.898984854,-3.822523688,4.09545442849564,60.066628944182
"HER42PB",162.7,1657.03,-5.674886845,-4.482589073,-1.974687772,-3.946079854,-3.608928654,4.74635139241899,115.163331244075
"HER42PB",162.8,1658.58,-5.015417492,-4.122249177,-1.623148741,-3.942530095,-4.091536591,3.24162430042332,25.5752298841107
"HER42PB",162.9,1660.13,-4.759400863,-3.844711412,-0.974393381,-3.70578594,-3.793177762,2.91619874277351,18.4709410439191
"HER42PB",163,1661.69,-4.829402506,-4.270394806,-1.250504155,-3.613164799,-3.718105058,3.34489516081075,28.3576025227477
"HER42PB",163.1,1663.24,-5.436959757,-4.220564432,-1.637512779,-3.626984848,-3.704523673,4.25265976049117,70.292124146928
"HER42PB",163.2,1664.79,-5.670896417,-4.346762455,-1.727236327,-3.661963563,-3.814319448,4.64448499177585,104.009786094378
"HER42PB",163.3,1666.34,-5.275234821,-4.367465139,-1.840661278,-3.924410639,-4.129276411,3.76484989000318,43.1572270423905
"HER42PB",163.4,1667.9,-5.345427243,-4.229865396,-1.703632677,-3.426432872,-3.834252584,4.13783767358866,62.6671679660859
"HER42PB",163.5,1669.45,-5.401581091,-4.24606067,-1.72939424,-3.81262171,-3.894505191,4.04819838756229,57.2941421675697
"HER42PB",163.6,1671,-5.74439704,-4.388657347,-1.967812006,-3.59673453,-3.861263297,4.82782556851286,124.938993793195
"HER42PB",163.7,1672.55,-5.752424282,-4.257736625,-1.991658949,-3.754486795,-3.875602374,4.70447033258633,110.439773103945
"HER42PB",163.8,1674.11,-5.354819651,-4.203839377,-1.909039613,-3.609273025,-3.749260218,4.13576253317428,62.5372596288229
"HER42PB",163.9,1675.66,-5.285597054,-4.046233125,-1.632763234,-3.420025427,-3.916530997,3.90037997927049,49.421224579021
"HER42PB",164,1677.21,-5.617982485,-4.449636858,-2.020213707,-3.654372759,-3.919313439,4.59713786904509,99.1999855916241
"HER42PB",164.1,1678.76,-5.544026104,-4.448001139,-1.986686671,-3.741983767,-3.887645432,4.44977605034892,85.6077700250512
"HER42PB",164.2,1680.31,-5.540934199,-4.46548897,-2.097389269,-3.760691172,-3.923891687,4.44235762862952,84.9750452957101
"HER42PB",164.3,1681.87,-5.962452225,-5.021742966,-2.448059928,-3.9787423,-4.37804406,5.19340133755906,180.080025384183
"HER42PB",164.4,1683.42,-6.165360295,-5.337825924,-2.425735642,-3.910470076,-3.894789071,6.02443584231074,413.408348723373
"HER42PB",164.5,1684.97,-5.908082938,-4.535175658,-2.161838236,-3.753109666,-3.72155365,5.23183898543759,187.136628813644
"HER42PB",164.6,1686.52,-6.0054328,-4.703961631,-2.149151778,-3.721085295,-3.625217546,5.56267300659732,260.51827351861
"HER42PB",164.7,1688.08,-4.725585232,-4.563943881,-2.004751592,-3.682275496,-3.991195093,3.29582186307477,26.9995949239407
"HER42PB",164.8,1689.63,-5.783452152,-4.433151394,-1.866793444,-3.52105794,-3.844783165,4.94547790487606,140.537998599853
"HER42PB",164.9,1691.18,-4.117298994,-4.294717655,-1.687440232,-3.587004391,-3.774903207,2.5529692117925,12.8451872972732
"HER42PB",165,1692.73,-5.640714137,-4.542101848,-1.944533813,-3.560195589,-3.575380262,4.89056083358602,133.028159794131
"HER42PB",165.1,1694.29,-5.591408172,-4.688104636,-1.877049633,-3.857756334,-3.92400572,4.57306446282865,96.8404193915899
"HER42PB",165.2,1695.84,-5.83238151,-4.629473102,-1.937309882,-3.82602555,-3.759611108,5.06448694570009,158.299205148113
"HER42PB",165.3,1697.39,-5.635421515,-4.388999722,-1.826794388,-3.534097262,-4.04384122,4.5531293407222,94.929009204479
"HER42PB",165.4,1698.94,-5.093973847,-4.082372935,-1.643325144,-3.456799179,-3.804683808,3.68162731700386,39.7109638472854
"HER42PB",165.5,1700.5,-5.476276187,-4.551070091,-1.804899767,-3.675847932,-3.872826316,4.4041279068511,81.787785165313
"HER42PB",165.6,1702.05,-5.798516731,-4.501053584,-1.889498235,-3.597964364,-3.724087731,5.04196779961519,154.77428033041
"HER42PB",165.7,1703.6,-5.854065502,-4.475781865,-1.628630467,-3.797489785,-3.590530924,5.08055042351076,160.862574107919
"HER42PB",165.8,1705.15,-5.643088406,-4.508108473,-1.794032507,-3.560446862,-3.797261715,4.74127344821142,114.580020536288
"HER42PB",165.9,1706.71,-5.72495854,-4.525669585,-1.870643852,-3.777714168,-3.765785597,4.82843531452039,125.015198076112
"HER42PB",166,1708.26,-5.777590402,-4.873372251,-1.97605213,-3.544355387,-3.710727642,5.24085109518908,188.83074697436
"HER42PB",166.1,1709.81,-5.640493909,-4.587138212,-1.83698289,-3.804026202,-4.022245367,4.56794235550077,96.3456605554259
"HER42PB",166.2,1711.36,-5.275703338,-4.422213507,-1.775063539,-3.685074757,-3.729066326,4.09079424817415,59.7873588519076
"HER42PB",166.3,1712.92,-5.579467281,-4.537502028,-1.452753742,-3.538811765,-3.612659015,4.70884067446668,110.923488901392
"HER42PB",166.4,1714.47,-5.076031291,-4.53621813,-1.332194918,-3.983976403,-3.708290337,3.68686831256666,39.9196351777132
"HER42PB",166.5,1716.02,-5.455108933,-4.32622658,-1.725067117,-3.743293674,-3.59814627,4.35643344693345,77.9785233362757
"HER42PB",166.6,1717.57,-6.172118047,-4.800212423,-1.957242904,-3.744790067,-3.886824451,5.76446172959124,318.767414782263
"HER42PB",166.7,1719.13,-5.52530537,-4.668528766,-1.855684247,-3.591103711,-3.701951536,4.67517500288608,107.251334742916
"HER42PB",166.8,1720.68,-5.445338444,-4.376442628,-1.718831281,-3.81715835,-3.829166499,4.21637374676659,67.7872244172174
"HER42PB",166.9,1722.23,-5.723760157,-4.64924542,-2.012586434,-3.993369634,-4.105433297,4.64605488861157,104.173198965564
"HER42PB",167.1,1725.34,-7.037818163,-5.229529392,-1.670908005,-3.759416359,-3.940733395,7.88223276050584,2649.78228898628
"HER42PB",167.2,1726.89,-6.082561318,-4.881091643,-1.624731719,-4.282503045,-3.551845132,5.54085711735579,254.896381968379
"HER42PB",167.3,1728.44,-5.897918275,-5.004569112,-1.484183213,-4.181060114,-3.691571627,5.20894549478635,182.901086317571
"HER42PB",167.4,1729.99,-5.551847476,-4.598034304,-1.329747976,-4.077623042,-3.711064443,4.4072890978558,82.0467410649538
"HER42PB",167.5,1731.55,-6.223369604,-4.697313301,-1.591974878,-4.265288919,-3.423478437,5.79144182687305,327.484860613696
"HER42PB",167.6,1733.1,-6.769333901,-4.929946383,-1.72575144,-4.191336828,-3.827465617,6.9491447591474,1042.25796530776
"HER42PB",167.7,1734.65,-6.525283404,-5.004256449,-1.98178406,-4.630088348,-3.721923023,6.3384733994255,565.931699933098
"HER42PB",167.8,1736.2,-6.051388644,-4.937027998,-2.052096358,-4.485753354,-3.759575647,5.3770976770297,216.393319847524
"HER42PB",167.9,1737.76,-6.165277788,-4.826774091,-1.994177968,-4.238599001,-3.710830346,5.65936344892197,286.965915941663
"HER42PB",168,1739.31,-6.15396374,-4.811373813,-1.86657317,-4.219395867,-3.683414045,5.63379042918526,279.720371006755
"HER42PB",168.1,1740.86,-6.420574454,-4.824788631,-1.866875991,-4.628814985,-4.018067336,5.84807301650623,346.565909831886
"HER42PB",168.2,1742.41,-7.020542692,-5.114372872,-2.064288922,-4.650582197,-4.274826988,7.29298686282414,1469.95469978351
"HER42PB",168.3,1743.97,-6.156435596,-5.070726712,-2.022705968,-4.860655242,-3.906494236,5.41810343821374,225.451134770858
"HER42PB",168.4,1745.52,-6.086555645,-4.842435773,-2.032991244,-4.570502057,-3.833363307,5.31963047792336,204.308371588703
"HER42PB",168.5,1747.07,-6.080015902,-5.014059577,-2.134814498,-4.661126063,-3.881453532,5.3487972990801,210.355151333389
"HER42PB",168.6,1748.62,-6.173298972,-4.88948328,-2.020318013,-4.385877905,-3.831243447,5.58906783534901,267.486162318884
"HER42PB",168.7,1750.18,-6.125913487,-4.891169024,-1.93172359,-4.970605855,-3.692300132,5.31781735153822,203.938270311055
"HER42PB",168.8,1751.73,-6.092481305,-4.855330102,-2.011681881,-4.386638522,-3.767262726,5.44438848525783,231.455697855442
"HER42PB",168.9,1753.28,-6.450331835,-4.876612006,-2.096100209,-4.274782984,-3.894874075,6.17864288925367,482.336927352411
"HER42PB",169,1754.83,-6.115340097,-5.05062936,-2.116910064,-4.198417485,-3.932101761,5.59685688224184,269.577759781099
"HER42PB",169.1,1756.39,-5.779480092,-5.05501044,-2.126698958,-4.08971979,-3.815551437,5.08260946030527,161.194137300131
"HER42PB",169.2,1757.94,-6.120353058,-5.017530237,-2.191261365,-4.156521282,-3.738699441,5.71672007787737,303.906496829853
"HER42PB",169.3,1759.49,-6.010055036,-4.970631619,-2.293683415,-4.212564892,-3.786363885,5.44641899691317,231.926148814072
"HER42PB",169.4,1761.04,-6.764870172,-5.062341836,-2.607131035,-4.226538355,-3.712250524,7.1721215710656,1302.60524291472
"HER42PB",169.5,1762.6,-6.507526438,-5.223510926,-2.684537055,-4.304147995,-3.917259272,6.54090868641479,692.915935346005
"HER42PB",169.6,1764.15,-6.511549062,-5.149122182,-2.606341683,-4.541669722,-3.630656048,6.55180650204943,700.508501510381
"HER42PB",169.7,1765.7,-6.928425877,-5.252665321,-2.547828835,-4.253292491,-3.591132297,7.71432017058169,2240.19942651794
"HER42PB",169.8,1767.25,-6.569562332,-5.295059377,-2.815093227,-4.755614948,-3.929132319,6.54304793558767,694.399841844536
"HER42PB",169.9,1768.8,-7.257577165,-5.250109123,-2.849052863,-4.794512257,-3.762192568,8.30821631415038,4057.0699876832
"HER42PB",170,1770.36,-6.729956811,-5.09420159,-2.707386763,-4.79041611,-3.779686911,6.8544911674998,948.129567505541
"HER42PB",170.1,1771.88,-8.771757887,-5.600672726,-2.984860506,-4.610274022,-3.740231234,13.9041255156785,1092659.85507022
"HER42PB",170.2,1773.41,-6.952315144,-5.192595028,-2.652642444,-4.801181674,-3.766409338,7.4420615888793,1706.2642130296
"HER42PB",170.3,1774.94,-6.670226845,-5.108728395,-2.57057723,-4.736549264,-3.965017555,6.63040370328359,757.788030415501
"HER42PB",170.4,1776.46,NA,-5.220626059,-2.67274461,-4.707802432,-3.736751369,NA,NA
"HER42PB",170.5,1777.99,-7.956449845,-5.40340539,-2.801825213,-4.937902894,-3.767961284,10.4697620198919,35233.8314199763
"HER42PB",170.6,1779.52,-6.620686352,-5.148214294,-2.478186748,-5.047912424,-3.75392446,6.50744248510141,670.110406815755
"HER42PB",170.7,1781.04,-7.072148258,-5.130857055,-2.302831435,-4.653932983,-3.783505667,7.72081086420113,2254.78716570074
"HER42PB",170.8,1782.57,-6.807133518,-4.886541177,-2.216823195,-4.122693182,-3.919543403,7.06327531447603,1168.26534260591
"HER42PB",170.9,1784.1,-6.150204679,-4.632882056,-2.097840189,-4.116807076,-3.749888098,5.57132041579074,262.780850246317
"HER42PB",171,1785.62,-6.117243309,-4.868058162,-2.234906614,-4.119147407,-3.922800375,5.55788816935996,259.274713471249
"HER42PB",171.1,1787.15,-6.330472628,-4.743152521,-2.132331272,-4.147234293,-3.643475836,6.04183351017979,420.663619261834
"HER42PB",171.2,1788.68,-6.803893639,-4.819449826,-2.197973735,-4.298367702,-3.798211035,7.0089051249237,1106.44242524912
"HER42PB",171.3,1790.2,-6.413625656,-4.770851324,-2.276427267,-4.448530266,-3.795364183,6.04925888600514,423.798830386059
"HER42PB",171.4,1791.73,-6.022405325,-4.460595461,-2.193258495,-4.016848167,-3.672138101,5.32786597394473,205.997899872667
"HER42PB",171.5,1793.26,-5.943986679,-5.189595874,-2.540336169,-4.153983137,-3.705519144,5.53684247155998,253.875114665064
"HER42PB",171.6,1794.78,-6.204530462,-4.995166809,-2.328554832,-4.355862861,-3.980637638,5.6831119193245,293.862484854433
"HER42PB",171.7,1796.31,-6.875123338,-4.832536889,-2.385895777,-4.25504191,-3.719243366,7.27288234898046,1440.69706589215
"HER42PB",171.8,1797.84,-6.036866945,-4.893802893,-2.328853536,-4.301597663,-3.857477235,5.3884451757464,218.862827636086
"HER42PB",171.9,1799.36,-7.476121783,-4.991215133,-2.33780551,-4.187364593,-3.893926472,8.90687323749401,7382.54151838085
"HER42PB",172,1800.89,-6.332298261,-4.867109957,-2.323067285,-4.200165149,-4.097640509,5.8791860981591,357.518138589087
"HER42PB",172.1,1802.42,-6.41123544,-4.739277171,-2.415108506,-4.55948406,-3.807351724,5.99473064116762,401.308573422543
"HER42PB",172.2,1803.94,-5.861471859,-4.952616106,-2.355747643,-4.33702716,-3.783188395,5.12170988992684,167.62173944469
"HER42PB",172.3,1805.47,-6.768467088,-5.101618268,-2.679439667,-4.517175289,-3.783014745,7.05558624322025,1159.31691378162
"HER42PB",172.4,1807,-6.742067937,-5.043398891,-2.778085192,-4.471088183,-3.927324775,6.91976683765692,1012.08398714813
"HER42PB",172.5,1808.52,-6.396532751,-5.16438907,-2.831705946,-4.64251361,-3.827927082,6.19800323191309,491.766117195263
"HER42PB",172.6,1810.05,-6.521370612,-5.048064874,-2.536773278,-4.00808267,-3.77994425,6.65160535763469,774.0259170847
"HER42PB",172.7,1811.57,-6.156281467,-4.965047689,-2.396554323,-4.429904757,-4.035005785,5.52204080344911,250.145013438254
"HER42PB",172.8,1813.1,-6.438700352,-4.925250816,-2.584953034,-4.086518318,-3.830376849,6.35531638323329,575.544404456557
"HER42PB",172.9,1814.63,-5.727422405,-4.829792096,-2.438769703,-4.207596651,-3.796022789,4.87750939971647,131.303232436722
"HER42PB",173,1816.15,-6.845716196,-4.888876976,-2.609382519,-4.027700713,-3.793894456,7.3147752363088,1502.33408793491
"HER42PB",173.1,1817.68,-6.428449502,-4.719240436,-2.593059723,-4.22215868,-3.604926156,6.28782083579048,537.979704671057
"HER42PB",173.2,1819.21,-6.657497435,-4.882545084,-2.597054425,-4.458053101,-3.884908713,6.64129267653401,766.084652881033
"HER42PB",173.3,1820.73,-6.187874163,-4.904832835,-2.656314964,-4.240157329,-3.754927252,5.81091987787218,333.926155719434
"HER42PB",173.4,1822.26,-6.562418413,-5.040322511,-2.896063469,-4.285617437,-3.761816654,6.68311517247737,798.80365127179
"HER42PB",173.5,1823.79,-6.569325572,-4.982360516,-2.791045622,-4.61027463,-3.712429744,6.54698876865814,697.141754867639
"HER42PB",173.6,1825.31,-6.239313719,-4.911354935,-2.760743858,-4.969553174,-3.811565483,5.60442690488216,271.626213162959
"HER42PB",173.7,1826.84,-5.999096639,-4.827913657,-2.817464987,-4.368381328,-3.740474669,5.38159170234475,217.367985350264
"HER42PB",173.8,1828.37,-6.039929983,-4.721209047,-2.73779983,-4.298666678,-3.902541198,5.33665041133153,207.815446902177
"HER42PB",173.9,1829.89,-6.305839415,-4.770739122,-2.725642738,-4.349324712,-3.879848648,5.8799885909505,357.805159468788
"HER42PB",174,1831.42,-6.38759662,-4.778158708,-2.61804414,-4.814890717,-3.728828507,5.9285969770004,375.627130442459
"HER42PB",174.1,1832.95,-8.201989174,-4.895102472,-2.754390105,-4.036875541,-3.854295219,11.3901416041899,88445.4807275056
"HER42PB",174.2,1834.47,-6.329999387,-4.815559203,-2.910736998,-4.616764681,-3.662337247,5.98211540679765,396.27777080954
"HER42PB",174.3,1836,-7.37162601,-5.060382854,-2.941844944,-4.333334122,-3.745547457,8.7385029550717,6238.54932939092
"HER42PB",174.4,1837.53,-6.918283001,-5.021163016,-2.803319151,-4.267391214,-3.885736754,7.44343211269648,1708.60429197264
"HER42PB",174.5,1839.05,-6.695963716,-4.941944575,-2.916837384,-4.464755286,-3.723841308,6.88532759789424,977.821949656008
"HER42PB",174.6,1840.58,-6.587387953,-4.997752668,-2.83075823,-4.478958875,-3.819713246,6.59896865462752,734.337443036406
"HER42PB",174.7,1842.11,-6.576201695,-5.219177716,-2.926542954,-4.155833567,-3.753221527,6.86939805234429,962.369095603115
"HER42PB",174.8,1843.63,-6.860636794,-4.803886663,-2.790514869,-4.426124158,-3.81002791,7.15987154582382,1286.74563443904
"HER42PB",174.9,1845.16,-6.226893435,-4.942877923,-2.800551871,-4.157923193,-3.768967894,5.95488774668627,385.633619596596
"HER42PB",175,1846.69,-6.140211867,-5.134381311,-2.953754625,-4.307124202,-4.040409402,5.70165581030691,299.362678619742
"HER42PB",175.1,1848.21,-6.164745359,-4.861832607,-2.705698445,-4.560655053,-3.926876581,5.52894363700418,251.877696160807
"HER42PB",175.2,1849.74,-6.167712139,-4.932240668,-2.560404339,-4.094959586,-3.955781414,5.72744117577103,307.182236519231
"HER42PB",175.3,1851.27,-6.673355431,-4.711341874,-2.815500662,-3.999206781,-3.861764551,6.81691333865979,913.162033589838
"HER42PB",175.4,1852.79,-6.271383354,-4.859304876,-2.506718232,-4.119968313,-3.923568087,5.89714505317583,363.99679155037
"HER42PB",175.5,1854.32,-6.687911832,-4.800842183,-2.729005241,-4.564985178,-3.930718795,6.61903051085884,749.218385810042
"HER42PB",175.6,1855.85,-6.432432264,-4.858712434,-2.521813753,-4.037731882,-3.744465431,6.36291447433525,579.934098805199
"HER42PB",175.7,1857.37,-5.97008164,-4.829357866,-2.538525414,-4.047482569,-4.022636571,5.27512980209557,195.415840251954
"HER42PB",175.8,1858.9,-7.088186161,-4.868982677,-2.391348786,-4.21839511,-3.655274804,7.88171955842513,2648.42276408749
"HER42PB",175.9,1860.43,-6.159866476,-4.966763344,-2.455565999,-4.49778483,-3.925791745,5.56689009182606,261.61922104487
"HER42PB",176,1861.95,-6.543545013,-4.844158864,-2.47502115,-4.063552378,-3.790758918,6.55712845000632,704.246509217348
"HER42PB",176.1,1863.48,-5.839019143,-4.845055373,-2.358074956,-4.191840903,-3.797549095,5.07705371526461,160.301066904101
"HER42PB",176.2,1865.01,-6.175435176,-4.877333527,-2.834456655,-4.182414867,-3.939989386,5.72334271533022,305.925838681839
"HER42PB",176.3,1866.53,-6.182782313,-5.005126817,-2.803910218,-4.020803675,-3.895904349,5.88977294420792,361.323234524479
"HER42PB",176.4,1868.06,-6.636028573,-5.056191131,-2.792105981,-4.123722949,-3.840272792,6.86919819135395,962.17677478195
"HER42PB",176.5,1869.58,-6.436639167,-4.949656203,-2.651679413,-4.252684926,-3.772475916,6.33482518942527,563.8708237862
"HER42PB",176.6,1871.11,-6.687135714,-5.006388774,-3.065116314,-4.367308814,-3.989282251,6.82073722785756,916.660548730044
"HER42PB",176.7,1872.64,-6.29014569,-5.027083969,-3.154651474,-3.943613057,-3.761522688,6.2670430489134,526.917004232136
"HER42PB",176.8,1874.16,-6.617812149,-5.062895075,-2.943321432,-4.52067103,-3.67337317,6.77598462224597,876.542001032212
"HER42PB",176.9,1875.69,-5.914522894,-5.133514357,-2.758391282,-4.602336505,-3.823667151,5.23804952823218,188.302465346895
"HER42PB",177,1877.22,-6.894872653,-5.038574663,-2.838872997,-4.426773122,-4.063341395,7.24205518557996,1396.962038889
"HER42PB",177.1,1878.74,-6.375082567,-4.959558567,-2.518106547,-3.911590011,-3.904400908,6.26180098301517,524.162097582716
"HER42PB",177.2,1880.27,-6.774140259,-5.019652185,-2.872413986,-4.15799142,-3.822028608,7.17858861053181,1311.05654041218
"HER42PB",177.3,1881.8,-7.508759758,-5.300485344,-2.997350952,-4.044587577,-4.041462575,9.23654883912365,10265.5492914649
"HER42PB",177.4,1883.32,-7.103640348,-5.219507559,-3.10692047,-4.399900498,-3.860544091,8.02202827382066,3047.35193308494
"HER42PB",177.5,1884.85,-7.307524195,-5.18886194,-3.272222173,-4.211042018,-3.596883249,8.79610332750215,6608.44283212464
"HER42PB",177.6,1886.38,-6.898740408,-5.141767055,-3.093218169,-4.165372399,-3.94356307,7.50894454459238,1824.28707268787
"HER42PB",177.7,1887.9,-7.775354592,-5.046685104,-3.145491793,-4.461168587,-3.850909066,9.87923432738951,19520.770419289
"HER42PB",177.8,1889.43,-6.190665862,-4.999938285,-2.918997867,-4.347613099,-3.675519327,5.89906608511706,364.696713084008
"HER42PB",177.9,1890.96,-6.204073935,-4.83554203,-2.748068317,-4.561391964,-3.893073645,5.61642289635961,274.904261309721
"HER42PB",178,1892.48,-5.940918581,-4.734675628,-2.713894228,-4.271926138,-3.757680246,5.24063331195155,188.78962728069
"HER42PB",178.1,1894.01,-6.405438804,-5.08489582,-2.539935814,-3.850327896,-3.71204088,6.51966547543821,678.35142216694
"HER42PB",178.2,1895.54,-7.122597805,-4.917176461,-2.617862017,-3.900763398,-3.683843011,8.14314864497879,3439.73132795555
"HER42PB",178.3,1897.06,-5.777804075,-4.567966151,-1.737163692,-3.864637065,-3.902989848,4.81824369295081,123.747561097408
"HER42PB",178.4,1898.59,-5.944689792,-4.715457321,-1.92558682,-3.777631437,-3.82256752,5.29959652376812,200.255995138125
"HER42PB",178.5,1900.12,-6.305826461,-4.923638881,-2.470082762,-3.974160158,-3.748472076,6.14715499066268,467.385776560396
"HER42PB",178.6,1901.64,-6.281150659,-4.721309687,-2.338629737,-3.843020074,-3.851506687,5.97261862284022,392.532219927349
"HER42PB",178.7,1903.17,-6.034494103,-4.716077164,-2.191285414,-3.809870552,-3.672461552,5.56899201527503,262.169702953028
"HER42PB",178.8,1904.7,-5.981383786,-4.787096287,-2.250333849,-3.866435556,-3.695810039,5.47873186609757,239.542742408123
"HER42PB",178.9,1906.22,-5.552268282,-4.72510533,-2.190601739,-3.990458418,-3.781397301,4.58976406489676,98.4711946095469
"HER42PB",179,1907.75,-6.112176622,-4.639704565,-2.09159821,-3.919406395,-3.892973138,5.50596160205734,246.15504510595
"HER42PB",179.1,1909.28,-5.78157413,-4.626872375,-2.211229196,-4.03908571,-3.711794499,4.94756090688556,140.831044635129
"HER42PB",179.2,1910.8,-5.638294857,-4.771971453,-2.212473185,-3.70446215,-4.098450237,4.71294586701956,111.379787137211
"HER42PB",179.3,1912.33,-5.835021723,-4.96299533,-2.238981278,-3.711464648,-4.038120855,5.18719188094213,178.965290808744
"HER42PB",179.4,1913.86,-6.890085803,-5.065536511,-2.387423064,-4.122868625,-3.757079151,7.46655308177494,1748.56911130304
"HER42PB",179.5,1915.38,-6.575609838,-5.069171166,-2.366165111,-4.219181513,-3.803021116,6.66215831646656,782.237432407978
"HER42PB",179.6,1916.91,-5.731312787,-4.707048134,-2.087352494,-3.72705816,-3.765573832,4.98461614262273,146.147464475214
"HER42PB",179.7,1918.44,-6.263427566,-4.81741397,-2.269045012,-3.784951807,-3.62877553,6.11665537903792,453.345885842872
"HER42PB",179.8,1919.96,-6.636631018,-5.2235254,-2.579567024,-4.051813458,-3.596257964,7.08567172819524,1194.72549680927
"HER42PB",179.9,1921.49,-6.33358017,-5.250472068,-2.429589337,-4.355234746,-3.79379691,6.19158754028527,488.621196641918
"HER42PB",180,1923.01,-6.509012977,-5.323389311,-2.934116968,-4.109466176,-3.68763409,6.82883574324717,924.114279629898
"HER42PB",180.1,1924.55,-7.050068312,-5.135906862,-2.885828508,-4.311246453,-3.992241909,7.77633329955723,2383.51912745533
"HER42PB",180.2,1926.09,-6.432940093,-5.89535702,-2.957190931,-4.399010197,-3.720380301,6.83145129320652,926.534510433957
"HER42PB",180.3,1927.62,-6.811969376,-5.576781553,-2.980151693,-4.232122164,-3.920243522,7.49484156436693,1798.73975824409
"HER42PB",180.4,1929.16,-7.332478204,-5.268785019,-3.102001467,-4.470277323,-3.740890057,8.70469746089301,6031.17699702004
"HER42PB",180.5,1930.7,-7.090937576,-5.315985225,-2.98719289,-4.475977798,-3.86806973,7.988140329975,2945.81362117373
"HER42PB",180.6,1932.23,-6.596207335,-5.483801725,-2.870012026,-4.242849917,-3.822317377,6.97425540446406,1068.76109818537
"HER42PB",180.7,1933.77,-6.581476743,-5.216235791,-2.259830619,-4.039218797,-3.954395604,6.73316973303886,839.805009244549
"HER42PB",180.8,1935.3,-6.501780426,-5.063952414,-2.036314491,-3.901943809,-3.925066227,6.51750513757047,676.887535716004
"HER42PB",180.9,1936.84,-6.603096582,-5.26481144,-2.451072909,-4.300511489,-3.717365204,6.84936193731608,943.27884358439
"HER42PB",181,1938.38,-6.610359514,-5.153684356,-2.626791342,-4.109948678,-3.735148397,6.89980647629153,992.082705502092
"HER42PB",181.1,1939.91,-6.835241178,-5.252471512,-2.449602653,-4.260221242,-3.860786303,7.32885810177782,1523.64093537526
"HER42PB",181.2,1941.45,-6.344621592,-4.946676613,-2.302667417,-4.219370514,-3.840371979,6.06949527195004,432.462350601326
"HER42PB",181.3,1942.99,-6.154438965,-5.227676933,-2.143047042,-4.351774262,-3.723599536,5.8154730294163,335.450038713416
"HER42PB",181.4,1944.52,-6.544074721,-5.201160655,-2.678787388,-4.520405207,-3.608613358,6.68090045775648,797.03648667127
"HER42PB",181.5,1946.06,NA,-5.093172301,-2.800048869,-4.939662442,-3.769325972,NA,NA
"HER42PB",181.6,1947.59,-6.703651537,-5.37451559,-2.661770544,-4.735762481,-3.940832606,6.87256438881991,965.421109274769
"HER42PB",181.7,1949.13,-6.842792736,-5.140378367,-2.777938603,-5.025715459,-3.917427905,6.99053475571703,1086.30222721854
"HER42PB",181.8,1950.67,-7.10238961,-5.294100839,-2.838771207,-4.823414383,-3.831554047,7.86376246267703,2601.28924007205
"HER42PB",181.9,1952.2,-6.961620976,-4.860977227,-2.647949661,-4.407721455,-3.93910768,7.36204933913481,1575.06109208805
"HER42PB",182,1953.74,-5.865793339,-4.910281894,-2.371886559,-4.044320972,-3.677070407,5.28409865791363,197.176379959615
"HER42PB",182.1,1955.27,-6.242990221,-5.094024046,-2.029715654,-4.227148674,-3.867102309,5.88370929785412,359.13892733675
"HER42PB",182.2,1956.81,-7.443691546,-5.103718921,-1.918428343,-4.56932013,-3.908962772,8.65037439748905,5712.28499860824
"HER42PB",182.3,1958.35,-6.579417865,-5.057718867,-2.056542922,-4.055290502,-3.626593092,6.78144191345902,881.338622367634
"HER42PB",182.4,1959.88,-6.10269668,-4.880374737,-1.848398203,-4.392352602,-3.753086648,5.46036365023168,235.182933144778
"HER42PB",182.5,1961.42,-6.134176426,-4.989627042,-2.031321174,-4.067638289,-3.801285984,5.71143925863012,302.30585163079
"HER42PB",182.6,1962.96,-6.426041979,-4.779374725,-2.042507861,-4.776057972,-3.867746006,5.87743361029437,356.892141076526
"HER42PB",182.7,1964.49,-6.173842409,-4.583504668,-2.182858361,-4.016439325,-3.773493147,5.63238950513954,279.328778372745
"HER42PB",182.8,1966.03,-6.558061405,-4.88168401,-2.336293812,-3.982810264,-3.828450445,6.60388044292474,737.953225805635
"HER42PB",182.9,1967.56,-6.732740297,-4.908191005,-2.406696297,-4.419105368,-3.999816832,6.76044885009114,863.029479727149
"HER42PB",183,1969.1,-6.173625835,-4.810022885,-2.374972541,-4.145140262,-3.915609061,5.65040020455905,284.405263334265
"HER42PB",183.1,1970.64,-6.283268548,-4.922663673,-2.542842208,-4.3774905,-3.835266455,5.90019902952903,365.110128331185
"HER42PB",183.2,1972.17,-6.667433778,-4.997371244,-2.52761141,-4.141705134,-3.944221329,6.81353987402911,910.086703941845
"HER42PB",183.3,1973.71,-6.557199143,-4.925782324,-2.644435671,-4.252763911,-3.779991475,6.58146102337922,721.592823457275
"HER42PB",183.4,1975.25,-7.355641103,-4.969174526,-2.757159905,-4.428901701,-4.047534144,8.42453128228381,4557.5080929012
"HER42PB",183.5,1976.78,-6.545402873,-4.857633117,-2.510179434,-4.329829157,-3.931799027,6.39112956452133,596.530018414878
"HER42PB",183.6,1978.32,-6.28637586,-4.810055348,-2.702856922,-4.885692762,-3.779963005,5.69012827631722,295.93157921897
"HER42PB",183.7,1979.85,-8.034523012,-4.884640059,-2.540775933,-4.481558742,-4.061091379,10.4664728324784,35118.1311294219
"HER42PB",183.8,1981.39,-6.688923073,-4.865075289,-2.826821306,-4.319085753,-3.841741247,6.81486345428811,911.292074263377
"HER42PB",183.9,1982.93,-6.901682825,-4.921613757,-2.766732508,-4.479514516,-3.883237484,7.25968961149322,1421.81515362208
"HER42PB",184,1984.46,-6.313355889,-5.060592921,-2.698759248,-4.073291153,-3.880274307,6.15653877761749,471.792267565166
"HER42PB",184.1,1986,-7.11433575,-5.014274921,-2.947670526,-4.524068585,-3.903492097,7.84810862668613,2560.88614171725
"HER42PB",184.2,1987.53,-7.006640329,-5.175271721,-3.097044509,-4.65094541,-3.872464504,7.63699950691001,2073.51291218828
"HER42PB",184.3,1989.07,-7.277407195,-5.010050794,-3.154624698,-4.464766005,-3.968831303,8.30586621460401,4047.54666410787
"HER42PB",184.4,1990.61,-6.755227313,-5.258932057,-2.745782194,-4.967351344,-4.072296172,6.78168220408425,881.550425222341
"HER42PB",184.5,1992.14,-6.96723639,-5.142687098,-2.822289248,-4.223635205,-3.891901066,7.64720586993261,2094.78430482693
"HER42PB",184.6,1993.68,-7.046130391,-5.06082784,-2.724069415,-4.441128565,-3.962215551,7.66746365876935,2137.65274684359
"HER42PB",184.7,1995.22,-6.755173136,-5.290626578,-3.070371753,-4.805946234,-3.751334275,7.07432555089476,1181.24654140761
"HER42PB",184.8,1996.75,-7.092520085,-5.258649131,-3.205980327,-4.826063716,-3.973999403,7.79372781140655,2425.3419685944
"HER42PB",184.9,1998.29,-6.909888138,-5.109159999,-2.80434525,-4.482935131,-3.715083497,7.46932338379768,1753.4198918102
"HER42PB",185,1999.82,NA,-5.070907084,-2.867876975,-4.774529304,-3.94501385,NA,NA
"HER42PB",185.1,2001.36,-7.267385851,-5.065726676,-2.446137011,-5.092634129,-3.783073562,8.0516838499917,3139.0762571233
"HER42PB",185.2,2002.9,-6.96761322,-5.04649773,-2.730612358,-4.454535694,-4.055262556,7.40628072697436,1646.2919369698
"HER42PB",185.3,2004.43,-7.35962676,-5.103958587,-2.905764077,-4.278099126,-3.75435539,8.74027744867968,6249.62942316933
"HER42PB",185.4,2005.97,-7.250477783,-5.26311092,-3.084099709,-5.189728375,-3.628609039,8.23496270128101,3770.49925961833
"HER42PB",185.5,2007.51,-6.3766738,-5.119456481,-3.038904445,-4.569410144,-3.914151232,6.14542700514087,466.578838095181
"HER42PB",185.6,2009.04,-6.631150515,-5.0051833,-2.986462441,-4.307946135,-3.857260556,6.77341438944893,874.291976814853
"HER42PB",185.7,2010.58,-6.879057948,-4.999191211,-2.761305295,-3.750452393,-4.052055804,7.45409135530933,1726.91413079474
"HER42PB",185.8,2012.11,-6.899298569,-4.898530059,-2.724506523,-4.05072394,-3.813052288,7.4475603087426,1715.67232452939
"HER42PB",185.9,2013.65,-6.820229357,-4.988623979,-2.953101672,-4.693159767,-3.844202155,7.05364308024029,1157.06635937787
"HER42PB",186,2015.19,-6.965893151,-5.221535921,-3.186132503,-4.988730459,-3.73596749,7.5025191852699,1812.60295027938
"HER42PB",186.1,2016.72,-6.168939979,-4.992259317,-3.103275104,-4.132058051,-3.787496311,5.9066344252971,367.467333143702
"HER42PB",186.2,2018.26,-6.712374913,-5.107294306,-3.264459907,-4.522423095,-3.943870607,6.91951676565221,1011.83092491974
"HER42PB",186.3,2019.79,-7.836448778,-5.368349246,-3.362907034,-4.48071377,-3.94598995,10.2191935997727,27424.5424075248
"HER42PB",186.4,2021.33,-7.510013444,-5.318093919,-3.257444877,-4.808332692,-3.805776335,9.09479886598745,8908.8359446525
"HER42PB",186.5,2022.87,-6.725816258,-5.025028567,-2.830452998,-4.403854886,-3.939732054,6.89996161649326,992.236629352734
"HER42PB",186.6,2024.4,-6.343267795,-5.31798678,-2.883706217,-4.526569378,-4.096772169,6.08127635639015,437.587355854246
"HER42PB",186.7,2025.94,-6.421333739,-5.349971093,-2.936131287,-4.983947717,-3.830663429,6.22142263437538,503.418903867709
"HER42PB",186.8,2027.48,-6.362630146,-5.103295413,-2.966058833,-4.927545621,-3.717001052,6.05348941801929,425.595522708085
"HER42PB",186.9,2029.01,-6.642726243,-5.029215005,-2.699758433,-4.405496331,-3.756899947,6.78605234604057,885.411355985256
"HER42PB",187,2030.55,-6.869360891,-4.991658992,-2.931520203,-4.511899188,-3.876196013,7.22939541594749,1379.38829577209
"HER42PB",187.1,2032.08,-6.524576343,-5.030651317,-2.834334181,-4.319303432,-3.969465434,6.46419737031293,641.749069823633
"HER42PB",187.2,2033.62,-6.579932322,-5.05305601,-2.908179832,-4.333618134,-3.820400165,6.68066864285685,796.851743152088
"HER42PB",187.3,2035.16,-5.607862997,-4.918319424,-2.654752898,-4.473911341,-3.747750349,4.66576985496568,106.24734879395
"HER42PB",187.4,2036.69,-6.603305968,-5.212121621,-2.9252694,-4.929329534,-3.890040631,6.53963168789548,692.031647459895
"HER42PB",187.5,2038.23,-6.6539158,-5.272736539,-3.085245792,-4.337146072,-3.853652355,6.96915833866401,1063.32741223476
"HER42PB",187.6,2039.77,-6.356884722,-5.248371362,-2.872664004,-4.565125253,-3.933535965,6.14070041454831,464.378714585907
"HER42PB",187.7,2041.3,-7.60163903,-5.489832204,-3.279250662,-4.711267272,-3.938077384,9.43576376411148,12528.5305204285
"HER42PB",187.8,2042.84,-7.372301334,-5.487760132,-3.188344613,-5.116633161,-3.789940474,8.65484918909705,5737.90355969527
"HER42PB",187.9,2044.37,-6.746673225,-5.225459546,-2.960465427,-5.275221056,-3.777969624,6.79969050549824,897.569455846776
"HER42PB",188,2045.91,-6.69942002,-5.416073628,-2.965899785,-5.410067604,-3.90002004,6.67117875776635,789.325479845597
"HER42PB",188.1,2047.45,-6.894936628,-5.180664654,-3.01881354,-4.894168118,-3.682396621,7.34764647470284,1552.53828651189
"HER42PB",188.2,2048.98,-7.759694139,-5.152385508,-3.005026942,-4.579039527,-3.924282236,9.77908733571108,17660.5273629021
"HER42PB",188.3,2050.52,-7.083955991,-4.992490256,-2.945954746,-4.000271923,-3.876761026,7.98439165818359,2934.79140499222
"HER42PB",188.4,2052.05,-7.248846461,-5.276825168,-3.171936961,-4.623104908,-4.110136809,8.23122885922301,3756.44706157294
"HER42PB",188.5,2053.59,-6.827682083,-5.299507135,-3.200418596,-4.562368385,-3.748909722,7.3709583443733,1589.15601224067
"HER42PB",188.6,2055.13,-6.076521496,-5.14637373,-3.156239777,-4.359168195,-3.821564452,5.70351694140897,299.92035060108
"HER42PB",188.7,2056.66,-7.036068535,-5.373520798,-3.207427139,-4.416683971,-3.633861562,8.05093552503427,3136.72808672367
"HER42PB",188.8,2058.2,-6.490031124,-5.060811719,-3.117305417,-4.361381795,-3.864854144,6.47931366443648,651.523628946816
"HER42PB",188.9,2059.74,-7.163759841,-4.997666182,-3.233287388,-4.190696367,-3.912316687,8.14107312720661,3432.59950812243
"HER42PB",189,2061.27,-6.305675914,-5.139730505,-3.180618844,-4.572832328,-3.692537961,6.14038881225528,464.234035655921
"HER42PB",189.1,2062.81,-7.279897978,-5.047735349,-3.132328655,-4.730452807,-3.739518532,8.33994942284552,4187.87792516031
"HER42PB",189.2,2064.34,-6.324918841,-4.803629316,-2.836493092,-4.233826683,-3.888021411,5.99466955130585,401.284058286087
"HER42PB",189.3,2065.88,-6.242778975,-4.849367147,-2.807410237,-4.210878378,-3.740172749,5.93218060444059,376.975652992413
"HER42PB",189.4,2067.42,-6.16746132,-4.929850157,-2.839495102,-4.462713228,-3.917555523,5.63288216481453,279.466426301924
"HER42PB",189.5,2068.95,-6.348028374,-5.168153121,-3.148383911,-4.124692652,-3.789202734,6.37198612431757,585.218993074629
"HER42PB",189.6,2070.49,-6.3118173,-4.895669976,-3.074327909,-4.226710021,-3.808148374,6.09215897217469,442.375457198808
"HER42PB",189.7,2072.03,-6.889673872,-5.167872992,-3.072258591,-4.023619422,-3.813483177,7.6227885328936,2044.25466059176
"HER42PB",189.8,2073.56,-6.790344125,-5.24642082,-3.244096582,-4.423982997,-3.889190592,7.24284913921753,1398.07160239403
"HER42PB",189.9,2075.1,-6.529256619,-5.152264651,-3.128676712,-4.336155759,-4.021465675,6.54414977220572,695.165378688663
"HER42PB",190,2076.63,-6.59229217,-5.271844374,-2.971355718,-4.352417205,-3.738530157,6.86656809468682,959.649481822664
"HER42PB",190.1,2078.12,-7.235031926,-5.268178603,-3.116295911,-4.622785854,-3.848760195,8.31694649480959,4092.64399945524
"HER42PB",190.2,2079.61,-6.790231138,-5.302154083,-3.276555773,-4.566895417,-3.790933799,7.26877202362942,1434.78748568778
"HER42PB",190.3,2081.1,-6.692946462,-5.290479242,-3.307819551,-4.256286646,-3.68747912,7.21787485970611,1363.58816324298
"HER42PB",190.4,2082.59,-6.571015082,-4.935504929,-3.23746377,-3.991656253,-3.870540675,6.75705064284661,860.101704108508
"HER42PB",190.5,2084.08,-6.635045527,-5.335762543,-3.216354988,-4.297774876,-3.816939966,7.0117896558842,1109.6386001974
"HER42PB",190.6,2085.57,-6.959732123,-5.334208073,-3.090785905,-4.730008379,-3.910074886,7.5486315404966,1898.14342081659
"HER42PB",190.7,2087.05,-6.525695925,-5.056565558,-2.670147075,-4.584994121,-3.748572047,6.46417405822168,641.734109485138
"HER42PB",190.8,2088.54,-7.902038266,-5.152023866,-2.936699247,-4.382000207,-3.818465801,10.3727592459903,31976.5866242586
"HER42PB",190.9,2090.03,-7.134093721,-5.300222767,-3.18720189,-4.620045936,-3.681549283,8.15867662965571,3493.56026920527
"HER42PB",191,2091.52,-6.984613434,-5.300274214,-3.086013449,-4.525499539,-3.970986671,7.64510422458429,2090.38643413795
"HER42PB",191.1,2093.01,-6.831696688,-5.114045191,-2.954560941,-5.072198081,-3.898599985,6.96434003870061,1058.21630511522
"HER42PB",191.2,2094.5,-7.368339686,-5.171115109,-3.072756408,-4.378877026,-3.779050391,8.76887005648533,6430.90180163359
"HER42PB",191.3,2095.98,-6.902588106,-5.575717165,-3.202870165,-4.794708629,-3.769326034,7.59419316487279,1986.62632479285
"HER42PB",191.4,2097.47,-7.171759224,-5.305098447,-3.178463499,-4.535085686,-3.79076455,8.23882059908013,3785.07355540919
"HER42PB",191.5,2098.96,-7.502475523,-5.037609624,-3.003195093,-4.591160591,-3.780806246,8.99261797165873,8043.48697620351
"HER42PB",191.6,2100.45,-7.711706953,-5.207382218,-3.003767842,-4.885438082,-3.655328989,9.668936147979,15818.5115133488
"HER42PB",191.7,2101.94,-6.537183683,-5.006217386,-2.821313293,-4.455386428,-3.708419735,6.55732516701994,704.385060114707
"HER42PB",191.8,2103.43,-7.055897159,-5.026052558,-2.758831219,-4.536641029,-3.741124816,7.7548704608412,2332.90712236532
"HER42PB",191.9,2104.92,-6.772522091,-4.94875989,-2.648145241,-4.147500079,-4.009121795,7.01457031653363,1112.72842247077
"HER42PB",192,2106.4,-6.481047962,-4.808208539,-2.543888984,-4.07656288,-3.782742053,6.40886265754888,607.202690793002
"HER42PB",192.1,2107.89,-6.436993468,-4.889057755,-2.517977427,-4.789685281,-3.916189209,5.99186202108492,400.159021192073
"HER42PB",192.2,2109.38,-6.260095016,-4.771055497,-2.707308869,-4.53786161,-4.088060688,5.59878704061815,270.098590032949
"HER42PB",192.3,2110.87,-7.522229427,-5.100692392,-3.024175684,-4.60020035,-3.741634764,9.10407578814546,8991.86706336243
"HER42PB",192.4,2112.36,-6.65376859,-5.014978466,-2.994033131,-4.287310091,-3.756329665,6.89213278438134,984.498903565089
"HER42PB",192.5,2113.85,-6.714308429,-4.903786683,-2.810959296,-4.40042378,-3.930420151,6.81298227394351,909.579380972633
"HER42PB",192.6,2115.33,-6.078293294,-4.827295551,-2.720407286,-4.148383487,-3.933156493,5.50903666922457,246.913153422808
"HER42PB",192.7,2116.82,-6.497361378,-5.134487291,-2.569902564,-4.556756281,-3.675101046,6.47885781833288,651.226702120768
"HER42PB",192.8,2118.31,-6.197754543,-5.045796274,-2.757599918,-4.412867953,-3.969066696,5.73663002233897,310.017895223026
"HER42PB",192.9,2119.8,-6.449843762,-4.988825854,-2.614850765,-4.41446221,-3.522796525,6.44227703544709,627.834775457549
"HER42PB",193,2121.29,-6.571679042,-4.994116338,-2.607696298,-4.348646581,-3.867558119,6.56014662836552,706.375261652308
"HER42PB",193.1,2122.78,-6.138914254,-4.882586219,-2.45253793,-4.053242163,-3.936149496,5.65726287771826,286.363756263242
"HER42PB",193.2,2124.27,-6.375958604,-4.674147371,-2.241824838,-4.603195635,-4.026120626,5.73101185673368,308.281046866365
"HER42PB",193.3,2125.75,-6.692166452,-4.997570731,-2.434192466,-4.33762162,-3.7737953,6.86668209095174,959.758884514854
"HER42PB",193.4,2127.24,-6.515261237,-4.913258303,-2.553390426,-4.309839893,-3.8855063,6.39162139279026,596.823480901858
"HER42PB",193.5,2128.73,-6.927122081,-4.813547533,-2.703944647,-4.42842211,-3.89591542,7.27208555767594,1439.54958820842
"HER42PB",193.6,2130.22,-6.240703002,-4.959008411,-2.657184063,-4.714051283,-3.712238378,5.7741868763014,321.882597911517
"HER42PB",193.7,2131.71,-6.448045156,-5.024936822,-2.840737356,-4.265746229,-3.659952247,6.47739109162195,650.2722306674
"HER42PB",193.8,2133.2,-7.046620904,-5.083542951,-2.930297435,-4.597707857,-3.710096733,7.77523541602043,2380.90373700543
"HER42PB",193.9,2134.69,-7.195316654,-5.073674758,-3.086140103,-4.625076279,-4.167350886,7.93644763522962,2797.40543223274
"HER42PB",194,2136.17,-6.728342531,-5.072186994,-3.16803783,-4.245249118,-3.746841477,7.14096166794217,1262.64204781625
"HER42PB",194.1,2137.66,-7.167577855,-5.327028221,-3.510017084,-4.354167138,-3.676133595,8.41712610390371,4523.88358390257
"HER42PB",194.2,2139.15,-6.617377753,-5.525074634,-3.546258003,-5.132348551,-4.033736263,6.66192565720628,782.055458795331
"HER42PB",194.3,2140.64,-7.435797068,-5.308601095,-3.361951027,-4.600029444,-3.831954656,8.95672370002203,7759.89203466648
"HER42PB",194.4,2142.13,-6.923706329,-5.154120717,-3.027598779,-4.562355927,-3.879183891,7.43981803553479,1702.4404093056
"HER42PB",194.5,2143.62,-6.646045902,-5.14879447,-3.0401045,-4.193985766,-4.142604602,6.78860601945936,887.67529688227
"HER42PB",194.6,2145.1,-7.444700435,-5.097663579,-3.082760559,-4.439918326,-4.037460739,8.79323367265409,6589.50606609978
"HER42PB",194.7,2146.59,NA,-5.116103912,-3.306486825,-4.427471412,-3.790152681,NA,NA
"HER42PB",194.8,2148.08,-7.151261525,-5.112828007,-3.029904163,-4.708914489,-3.846208004,7.96321326185402,2873.29077057226
"HER42PB",194.9,2149.57,-6.952100204,-5.127550911,-2.873111029,-4.413878495,-3.837950175,7.55821648965614,1916.42450065447
"HER42PB",195,2151.06,-6.317246731,-5.203596565,-2.828575117,-4.826728864,-3.926262336,5.92547058547872,374.454606805561
"HER42PB",195.1,2152.55,-7.107834891,-5.171494193,-2.951559371,-4.30447451,-3.745147364,8.08579640345682,3248.00552866992
"HER42PB",195.2,2154.04,-6.277378753,-4.76848207,-2.74761397,-4.329400351,-3.81816159,5.86333517742833,351.895824062947
"HER42PB",195.3,2155.52,-6.556723722,-4.902165374,-2.802704966,-4.344652636,-3.769814946,6.55707297992512,704.207445689734
"HER42PB",195.4,2157.01,-6.080970388,-4.974636053,-3.070234948,-4.326727658,-3.732922921,5.6696345598644,289.928563496347
"HER42PB",195.5,2158.5,-6.508928801,-4.981320906,-3.133659914,-4.588859883,-3.919554891,6.35993182807818,578.206937571971
"HER42PB",195.6,2159.99,-8.605831815,-5.062804238,-3.094132674,-4.64094532,-3.586661619,12.9961517328709,440714.138782181
"HER42PB",195.7,2161.48,-6.380122537,-5.058366697,-2.997853165,-4.540069058,-3.813971978,6.17907711011479,482.54641358671
"HER42PB",195.8,2162.97,-6.536308697,-4.965337065,-2.788359658,-4.392918431,-3.625189307,6.59818581626476,733.762800470254
"HER42PB",195.9,2164.46,-6.588623818,-5.02837615,-2.996255265,-4.642713669,-3.920007686,6.52119878445161,679.392342339006
"HER42PB",196,2165.94,-8.019036971,-5.256919548,-3.217067209,-4.548106251,-4.092125353,10.655629377735,42430.7823968366
"HER42PB",196.1,2167.43,-6.632358543,-4.865204884,-2.990942009,-4.342352232,-3.862377384,6.68662368814906,801.611188665359
"HER42PB",196.2,2168.92,-5.984784678,-5.086038255,-3.096226157,-4.285983085,-3.932893088,5.46155236449519,235.462664679433
"HER42PB",196.3,2170.41,-6.500579618,-4.619034845,-2.945231556,-4.18176333,-3.858928253,6.32389159517692,557.739270033012
"HER42PB",196.4,2171.9,-6.289189306,-4.577679863,-2.785920394,-4.25360608,-3.642696998,5.91460276261735,370.407133915407
"HER42PB",196.5,2173.39,-6.620961701,-4.733260938,-2.813836355,-4.253838086,-3.907371319,6.58039390606525,720.823209968698
"HER42PB",196.6,2174.87,-6.355082545,-4.599488353,-2.522173717,-4.125597106,-3.927816586,5.93177836965483,376.824050763284
"HER42PB",196.7,2176.36,-7.337333121,-4.461560163,-2.458160967,-3.946332478,-3.823842787,8.3791709381534,4355.39653586668
"HER42PB",196.8,2177.85,-5.905815878,-4.415724723,-2.405213177,-4.030813698,-3.867576177,5.00862191239688,149.698296569096
"HER42PB",196.9,2179.34,-6.032343683,-4.536234456,-2.430150983,-3.948447791,-3.844421498,5.35692545510906,212.071918448631
"HER42PB",197,2180.83,-6.081090815,-4.688642588,-2.653896843,-3.933068009,-3.705897993,5.63856047077619,281.057836156504
"HER42PB",197.1,2182.32,-7.146800301,-4.739211899,-2.477314833,-4.211804262,-4.003572094,7.80228986520315,2446.19703068166
"HER42PB",197.2,2183.81,-7.382944304,-4.54973096,-2.551725699,-4.073729312,-3.903103795,8.47475439670391,4792.24562940118
"HER42PB",197.3,2185.29,-6.326603696,-4.695186877,-1.96969139,-3.91154062,-3.99276606,5.9018258288884,365.704572643771
"HER42PB",197.4,2186.78,-5.876992351,-4.595491773,-1.84800297,-4.475507824,-3.79246174,4.83263760733095,125.541653930289
"HER42PB",197.5,2188.27,-6.809707144,-4.645174928,-2.062946026,-4.040413318,-3.663968103,7.0882762231302,1197.8412089814
"HER42PB",197.6,2189.76,-6.580577493,-4.564194087,-2.045114719,-4.020769535,-4.071881981,6.30672055480902,548.244061120086
"HER42PB",197.7,2191.25,-6.127059027,-4.781435706,-2.116568776,-3.899697356,-3.91069511,5.61161035424078,273.584451341349
"HER42PB",197.8,2192.74,-6.487049621,-4.550108142,-2.069464822,-3.892105908,-3.63321699,6.37553015544583,587.296706969593
"HER42PB",197.9,2194.23,-5.865845256,-4.586744592,-2.380724288,-4.010234315,-3.742071405,5.09584757002688,163.342229948705
"HER42PB",198,2195.71,-6.899875833,-4.634332011,-2.242458262,-3.630191679,-3.901117838,7.37154925197915,1590.09533411409
"HER42PB",198.1,2197.2,-6.247133957,-4.706688916,-2.077888086,-3.738520645,-4.238309982,5.70247131007829,299.60690838684
"HER42PB",198.2,2198.69,-6.00872942,-4.509715326,-2.021641109,-4.032441236,-3.687010373,5.29055471261987,198.453479531907
"HER42PB",198.3,2200.18,-5.951370334,-4.557043801,-2.261147697,-4.22630224,-3.791886085,5.10669745655281,165.124123801241
"HER42PB",198.4,2201.67,-6.310673238,-4.713619385,-2.328263461,-4.28861638,-3.851742075,5.845856328848,345.798532289184
"HER42PB",198.5,2203.16,-6.196217807,-4.752572149,-2.337244022,-4.254283806,-3.982160391,5.58107350590512,265.356314511226
"HER42PB",198.6,2204.64,-6.29313042,-4.725165756,-2.463470521,-4.568691115,-4.122292598,5.57917661527837,264.85343970552
"HER42PB",198.7,2206.13,-5.885749359,-4.657603018,-2.297807591,-3.997713059,-4.246959234,4.9011936961165,134.450176586964
"HER42PB",198.8,2207.62,-5.883618676,-4.767431243,-2.028729053,-4.173084647,-4.053593669,4.94733688410092,140.799498805971
"HER42PB",198.9,2209.11,-5.534745421,-4.696012924,-1.681902186,-4.219979125,-3.70875278,4.42115229634841,83.1920920928027
"HER42PB",199,2210.6,-6.96333332,-4.590543968,-1.897674325,-3.963065891,-3.694801905,7.43176449842573,1688.78480406294
"HER42PB",199.1,2212.09,-5.647046294,-4.484964432,-1.799994952,-3.577266664,-3.83275066,4.71134689422257,111.201836194717
"HER42PB",199.2,2213.58,-6.516991574,-4.562546522,-1.857143826,-3.657079023,-3.858131617,6.39848997117106,600.93692032873
"HER42PB",199.3,2215.06,-6.105585916,-4.567022343,-1.871860873,-4.008213984,-3.839173555,5.41701727911569,225.206391908564
"HER42PB",199.4,2216.55,-5.844350905,-4.55827566,-1.839081704,-4.071672674,-3.926822048,4.8482779431278,127.520602926939
"HER42PB",199.5,2218.04,-5.778402581,-4.305096843,-1.590279468,-3.761481396,-4.026133222,4.63986161583303,103.530019676397
"HER42PB",199.6,2219.53,-5.115557211,-4.170798558,-1.533078623,-3.866621266,-3.592061728,3.68698608214704,39.924336773244
"HER42PB",199.7,2221.02,-5.755024221,-4.272951187,-1.606341178,-3.604701558,-3.855844503,4.73651996512789,114.0366588005
"HER42PB",199.8,2222.51,-5.416361806,-4.191289638,-1.443022377,-3.634454633,-4.191289638,3.92298994298363,50.5513647429143
"HER42PB",199.9,2224,-5.307349303,-4.3636238,-1.516409475,-3.408905691,-3.946202956,4.07345509950412,58.759632645289
"HER42PB",200,2225.48,-4.677996636,-4.051964392,-1.534903599,-3.655924424,-3.809864688,3.00832067949513,20.253359468974
"HER42PB",200.1,2227.07,-5.319146229,-4.180793612,-1.564409445,-3.564088127,-4.056777039,3.88128166171936,48.4863183232711
"HER42PB",200.2,2228.66,-5.469995046,-3.967740804,-1.43997045,-3.327040099,-3.877086436,4.17911989201564,65.3083495131368
"HER42PB",200.3,2230.24,-5.093443405,-4.040293491,-1.428885105,-3.175704133,-3.746814301,3.77474904073195,43.5865684897304
"HER42PB",200.4,2231.83,-5.563968271,-4.241083125,-1.681531187,-3.588240767,-3.787867485,4.44745289481151,85.4091206960601
"HER42PB",200.5,2233.42,-5.278970119,-4.182510684,-1.419259603,-3.518889979,-3.787153965,3.95979482974847,52.4465643703552
"HER42PB",200.6,2235.01,-5.077478849,-3.990904539,-1.395159326,-3.719795022,-3.555891827,3.59827510976876,36.5351609196964
"HER42PB",200.7,2236.59,-5.481819329,-4.111398317,-1.650442888,-3.490821829,-3.691373057,4.33125087115645,76.0393425257366
"HER42PB",200.8,2238.18,-5.216659083,-4.013884601,-1.552330036,-3.423902108,-4.118046794,3.66307357964337,38.9809700513531
"HER42PB",200.9,2239.77,-4.710060003,-4.005943791,-1.333049847,-3.623778326,-4.009586782,2.90712008412478,18.3040085832489
"HER42PB",201,2241.35,-5.292812044,-4.252512237,-1.502402932,-3.397654768,-3.734323488,4.10563350217725,60.6811740296064
"HER42PB",201.1,2242.94,-5.276059288,-4.509457659,-1.765424347,-3.88066016,-4.305187988,3.75709043005668,42.8236461452766
"HER42PB",201.2,2244.53,-5.73446212,-4.446949303,-1.780366417,-3.967766619,-3.863421848,4.6631740021004,105.971903970944
"HER42PB",201.3,2246.11,-5.164654602,-4.347358992,-1.341148809,-3.645367787,-3.860680445,3.77601828644016,43.6419256782271
"HER42PB",201.4,2247.7,-5.798112683,-4.47703047,-1.776375018,-3.543106367,-3.869670227,4.96030901628035,142.637866510316
"HER42PB",201.5,2249.29,-5.085357294,-4.665503449,-2.014947853,-3.962877524,-3.89011817,3.77428021547923,43.5661387950956
"HER42PB",201.6,2250.87,-4.943712017,-4.608477405,-1.683951862,-4.085343933,-3.645610368,3.57884048014864,35.8319688707356
"HER42PB",201.7,2252.46,-5.746169202,-4.552891687,-1.744266596,-3.443584109,-3.975915938,4.8900620728787,132.961827118501
"HER42PB",201.8,2254.05,-4.465769624,-4.188685683,-1.452274364,-3.544671191,-3.955546591,2.77984607559934,16.1165400283308
"HER42PB",201.9,2255.63,-5.15546578,-4.259125834,-1.309397936,-3.548500056,-3.906236384,3.7279875717889,41.5953162917892
"HER42PB",202,2257.22,-5.192705923,-4.237194478,-1.507543045,-3.300760594,-3.804799958,3.95155699685786,52.0162930223662
"HER42PB",202.1,2258.81,-5.390764213,-4.151922583,-1.483267566,-3.440256355,-3.697815668,4.20282940959376,66.8752811683424
"HER42PB",202.2,2260.4,-5.191866242,-4.446318785,-1.79235805,-3.483671851,-3.722126983,4.0665686449387,58.3563771985913
"HER42PB",202.3,2261.98,-5.447284567,-4.212828746,-1.903797959,-3.562140773,-3.714085054,4.32242024752491,75.3708237736942
"HER42PB",202.4,2263.57,-5.090954541,-4.309158748,-1.495645208,-3.556143318,-3.670150199,3.80559388659928,44.9519385411903
"HER42PB",202.5,2265.16,-6.008908908,-4.556656579,-2.031779361,-3.521840095,-3.532697965,5.60551801280865,271.92274842375
"HER42PB",202.6,2266.74,-6.1146683,-4.659831619,-2.249680243,-4.067847676,-3.711871056,5.57596652612137,264.004599705485
"HER42PB",202.7,2268.33,-5.881957716,-4.674864784,-2.35101213,-4.026310979,-3.927158619,5.06471281810719,158.334964609008
"HER42PB",202.8,2269.92,-6.728949486,-4.855272894,-2.621279469,-4.223921433,-3.814480176,6.92854697697981,1021.00935119309
"HER42PB",202.9,2271.5,-6.751017923,-4.971234645,-2.569695053,-4.225289279,-3.847505372,7.01679077675843,1115.20193682771
"HER42PB",203,2273.09,-6.132006564,-4.864697885,-2.606023185,-4.492263302,-4.111988443,5.38444874333958,217.989902593863
"HER42PB",203.1,2274.68,-6.826545224,-4.78857693,-2.729703781,-4.364821909,-3.693227287,7.14630378634972,1269.40528005153
"HER42PB",203.2,2276.26,-6.928643697,-4.94485023,-3.004264907,-4.257294863,-3.766481234,7.522279746911,1848.77723762361
"HER42PB",203.3,2277.85,-6.831137594,-4.991750075,-3.044180175,-4.669778929,-3.718164437,7.16887998542536,1298.38957288359
"HER42PB",203.4,2279.44,-6.017598554,-4.589192708,-3.130817464,-4.703759272,-3.671871579,5.23206543923112,187.179011411816
"HER42PB",203.5,2281.03,-7.697388418,-4.603675737,-2.721872456,-4.118783495,-3.668890422,9.57510956659431,14401.8156812943
"HER42PB",203.6,2282.61,-5.72025713,-4.717788702,-2.304171136,-4.670018426,-3.988601585,4.49940873902624,89.9639234152367
"HER42PB",203.7,2284.2,-6.287911665,-4.734288532,-2.622520193,-4.474949989,-3.831992553,5.78352140309154,324.901286741863
"HER42PB",203.8,2285.79,-6.437390294,-4.944123813,-2.763542608,-4.799333576,-3.92595689,6.0456842477757,422.286607320831
"HER42PB",203.9,2287.37,-6.644772456,-5.060129202,-2.809057644,-4.550140749,-3.707880682,6.78801782016413,887.153320426395
"HER42PB",204,2288.96,-6.697946338,-4.829494248,-2.677263917,-5.071266619,-3.688182534,6.5693854313163,712.931563057782
"HER42PB",204.1,2290.55,-7.469138212,-4.597458587,-2.295952243,-4.933930824,-3.958303758,8.3356878052956,4170.06876596347
"HER42PB",204.2,2292.13,-6.078139522,-4.361415239,-2.19223786,-4.051260311,-3.669350895,5.36965431842443,214.788606405817
"HER42PB",204.3,2293.72,-6.14667644,-4.401008078,-1.998406914,-4.196912721,-3.74755342,5.39780332518015,220.920592098906
"HER42PB",204.4,2295.31,-5.945685295,-4.707473917,-2.338418132,-3.647604714,-3.831733773,5.40123829722711,221.680752975614
"HER42PB",204.5,2296.89,-6.33990406,-4.800611757,-2.677583879,-4.307943056,-3.649207873,6.09648242621623,444.292187619385
"HER42PB",204.6,2298.48,-6.502681004,-4.843587501,-2.715191037,-4.12481979,-3.600260907,6.57274560202832,715.331164092429
"HER42PB",204.7,2300.07,-6.456850852,-4.830318506,-2.507930786,-4.223874584,-3.886610477,6.24901603127125,517.503366934119
"HER42PB",204.8,2301.65,-6.390267299,-4.920273919,-2.781066862,-4.221667217,-3.596087944,6.34197902813033,567.919127902261
"HER42PB",204.9,2303.24,-6.191432516,-4.736145284,-2.693745014,-4.382505244,-3.807806213,5.64897861976841,284.001244379173
"HER42PB",205,2304.83,-6.640284247,-4.397803078,-2.416801609,-4.185335785,-3.919811526,6.41650797362223,611.862738354343
"HER42PB",205.1,2306.42,-5.857768306,-4.700040829,-2.447318984,-4.481135856,-4.240667521,4.69869715495375,109.804021595087
"HER42PB",205.2,2308,-5.239001797,-4.649489506,-2.528192022,-4.408122216,-3.734348861,3.95823514939355,52.3648282519023
"HER42PB",205.3,2309.59,-5.867638651,-4.709911174,-2.586149233,-4.16464034,-4.069489383,4.95848921874213,142.378530513057
"HER42PB",205.4,2311.18,-5.947251392,-4.889461098,-2.599806467,-4.355977451,-3.796652656,5.26364578848573,193.184518868138
"HER42PB",205.5,2312.76,-5.961794004,-4.726678552,-2.73925144,-4.753747874,-4.270117993,4.81596836118908,123.466314427285
"HER42PB",205.6,2314.35,-6.228757522,-4.740232538,-2.380088554,-4.405104689,-3.820811913,5.66781031876147,289.400146020884
"HER42PB",205.7,2315.94,-5.469322297,-4.648613891,-2.474951494,-4.527509696,-4.056180686,4.09140109171233,59.8236514351379
"HER42PB",205.8,2317.52,-5.837492423,-4.528057067,-2.191882684,-4.514376963,-3.798394674,4.75340600204682,115.978636036658
"HER42PB",205.9,2319.11,-6.486981278,-4.957586073,-2.483501662,-4.337906044,-3.751116388,6.40168120251238,602.85771227867
"HER42PB",206,2320.7,-6.31176273,-4.805977391,-2.642301362,-4.222751737,-3.810326778,5.98726723602117,398.324594124795
"HER42PB",206.1,2322.28,-6.428643631,-4.788115131,-2.730161309,-4.235325308,-3.959949569,6.15332747667265,470.279630676616
"HER42PB",206.2,2323.87,-6.808529752,-4.778359259,-2.380157942,-3.877677938,-3.678625265,7.25693526852045,1417.90437532987
"HER42PB",206.3,2325.46,-6.607201606,-4.942193843,-2.319541719,-4.543184535,-3.754962718,6.55302880779514,701.365260580793
"HER42PB",206.4,2327.05,-6.535405565,-4.964433933,-2.308158738,-4.323612571,-3.796393138,6.47052746008327,645.824283672575
"HER42PB",206.5,2328.63,-5.910903966,-4.866542267,-2.440537711,-4.180388122,-3.784323788,5.24130099387386,188.915720792441
"HER42PB",206.6,2330.22,-5.747276526,-4.780196829,-2.400473217,-4.272571208,-3.782340833,4.86140135879426,129.205138056154
"HER42PB",206.7,2331.81,-4.883526998,-4.65331628,-1.665928585,-4.494748809,-3.734212606,3.30526522203967,27.2557694610325
"HER42PB",206.8,2333.39,-4.582739641,-4.370291378,-1.654386799,-4.582739641,-3.86464041,2.66609152176543,14.3836410378954
"HER42PB",206.9,2334.98,-6.015202303,-4.637093527,-2.376186959,-4.306509433,-3.821607494,5.23561278086333,187.844178401433
"HER42PB",207.1,2338.15,-5.795209835,-4.596056317,-2.223512635,-3.647256306,-3.707390027,5.1194833631314,167.248940327939
"HER42PB",207.2,2339.74,-5.87630502,-4.672332216,-2.32453478,-3.928907882,-3.777520516,5.16695963845597,175.38080501442
"HER42PB",207.3,2341.33,-5.903227122,-4.727922213,-2.326676853,-3.76572178,-4.146494275,5.12073389802432,167.458221793238
"HER42PB",207.4,2342.91,-5.49493304,-4.383959655,-2.021530704,-3.58263039,-3.853186884,4.42395540262879,83.4256155111992
"HER42PB",207.5,2344.5,-5.271692765,-4.324818609,-1.947953442,-3.617317115,-3.920157037,3.98550083483,53.8122337709587
"HER42PB",207.6,2346.09,-5.277195236,-4.544469069,-2.00463147,-3.669000331,-3.830641683,4.14200494538429,62.9288639881679
"HER42PB",207.7,2347.67,-5.729512103,-4.247907562,-1.613343925,-3.711439507,-3.725461407,4.70392063034055,110.379080795524
"HER42PB",207.8,2349.26,-5.748667491,-4.347630848,-2.145809805,-3.644774853,-3.916482145,4.78946241000864,120.236713232088
"HER42PB",207.9,2350.85,-5.300190611,-4.252871617,-2.101772628,-3.669725331,-3.895319864,4.00314519270808,54.7701420687689
"HER42PB",208,2352.44,-5.926955988,-4.721860219,-2.393351441,-3.457143965,-3.874562359,5.43718746601648,229.794967573403
"HER42PB",208.1,2354.02,-5.926409764,-4.799527041,-2.399100922,-3.624900518,-4.01646909,5.33556975669559,207.590991477302
"HER42PB",208.2,2355.61,-5.894459633,-4.758743594,-2.450874473,-3.732203654,-3.862520425,5.29860800255512,200.058135649164
"HER42PB",208.3,2357.2,-5.929872037,-4.924090734,-2.517040468,-3.936475222,-3.826776304,5.39429381285443,220.146627471516
"HER42PB",208.4,2358.78,-6.077166632,-4.874414084,-2.488579259,-4.283376706,-4.00230875,5.40933567403754,223.483072747449
"HER42PB",208.5,2360.37,-6.309722455,-4.821149245,-2.527983374,-4.017965001,-3.907640156,6.00878964971797,406.990421072801
"HER42PB",208.6,2361.96,-5.751559537,-4.557114739,-2.302667281,-4.034350224,-3.865273894,4.7929603559825,120.658031203208
"HER42PB",208.7,2363.54,-6.258287977,-4.700884924,-2.48116551,-4.144240906,-3.775731505,5.85061939010318,347.449520638452
"HER42PB",208.8,2365.13,-5.871570669,-4.654097177,-2.024940919,-4.174797807,-3.966713701,4.90986669026717,135.621333559573
"HER42PB",208.9,2366.72,-6.19748871,-4.807910274,-2.689878735,-4.01796371,-3.838622781,5.83115023013481,340.750395119674
"HER42PB",209,2368.3,-6.472508975,-4.873653172,-2.768827336,-4.126998838,-3.776223616,6.43769364373468,624.963747300372
"HER42PB",209.1,2369.89,-6.683730658,-4.922742847,-2.63392395,-3.997120788,-3.741686889,6.99050907519177,1086.27433076496
"HER42PB",209.2,2371.48,-6.120355254,-4.770915985,-2.530278915,-3.890057929,-4.076063775,5.56688980713585,261.619146564451
"HER42PB",209.3,2373.07,-6.708538307,-4.871316463,-2.67491527,-3.773939505,-3.770238082,7.10314348399896,1215.78286789913
"HER42PB",209.4,2374.65,-6.101840243,-4.905302418,-2.659524615,-4.037951115,-3.953817438,5.62173295925458,276.3679028024
"HER42PB",209.5,2376.24,-6.108636285,-4.813909117,-2.452796685,-3.86394517,-3.918380377,5.64860964906282,283.896475569145
"HER42PB",209.6,2377.83,-6.228288738,-4.773940914,-2.640475434,-3.852400826,-3.758757909,5.97761086645468,394.496735987074
"HER42PB",209.7,2379.41,-6.035762845,-4.777970528,-2.338390149,-3.907531139,-4.063317143,5.3810791591349,217.256603411801
"HER42PB",209.8,2381,-5.40813022,-4.690137041,-2.169575095,-3.920256066,-3.830643907,4.3399375205629,76.7027468441344
"HER42PB",209.9,2382.59,-5.627082817,-4.80138898,-2.469579925,-4.066041445,-3.547641275,4.88210865869692,131.908520879842
"HER42PB",210,2384.17,-6.15580747,-4.715099687,-2.610661651,-4.123512707,-4.001905575,5.56115113598995,260.122099954375
"HER42PB",210.1,2385.7,-6.171535767,-4.538689763,-2.512030921,-4.144426841,-3.640557767,5.66531204812431,288.678048506771
"HER42PB",210.2,2387.23,-6.805777923,-4.689522408,-2.640276166,-4.039458814,-3.738888455,7.14140114485884,1263.19707180146
"HER42PB",210.3,2388.76,-6.33434478,-4.778632267,-2.843916265,-3.93925063,-3.514799075,6.31609577408141,553.408138763445
"HER42PB",210.4,2390.29,-6.632539397,-5.211153716,-2.867549604,-4.469920349,-3.839747968,6.81153938144727,908.267902098145
"HER42PB",210.5,2391.82,-6.443969566,-5.096556993,-2.852478722,-4.056918707,-3.642151206,6.60230407894524,736.790859318953
"HER42PB",210.6,2393.34,-6.365297011,-4.709339083,-2.477371557,-4.161042528,-3.998173397,5.95386551671744,385.239614769736
"HER42PB",210.7,2394.87,-6.414667579,-4.614744799,-2.631969369,-3.991752605,-3.810158057,6.19641652552986,490.986447475093
"HER42PB",210.8,2396.4,-5.933622509,-4.967608341,-2.72459898,-4.156678125,-3.795865815,5.37808203436164,216.606433071073
"HER42PB",210.9,2397.93,-6.132404423,-4.801852045,-2.674227135,-4.162683625,-3.846830676,5.63361535814739,279.671404357536
"HER42PB",211,2399.46,-7.003273229,-4.868261837,-2.79858061,-4.425223248,-3.786685735,7.56380864680177,1927.17146898092
"HER42PB",211.1,2400.99,-6.474021468,-4.831247136,-2.806123302,-4.690772689,-3.903870539,6.12723665662054,458.168333334952
"HER42PB",211.2,2402.51,-6.65297055,-4.610668556,-2.460793739,-4.346227447,-4.031931726,6.43931529894875,625.978045218262
"HER42PB",211.3,2404.04,-6.222769151,-5.018796346,-2.811896504,-4.927281238,-3.82993718,5.64200643225847,282.028021284433
"HER42PB",211.4,2405.57,-6.401114435,-5.215042841,-2.972866876,-4.644926432,-3.889681031,6.22032285900067,502.865560486554
"HER42PB",211.5,2407.1,-6.488458105,-5.582749483,-2.847645393,-4.586088765,-4.056076656,6.52240530194724,680.212535775803
"HER42PB",211.6,2408.63,-6.623666742,-5.01422883,-2.674733383,-4.368173257,-3.836189407,6.70543056533452,816.829649139887
"HER42PB",211.7,2410.16,-6.586577252,-5.046132211,-2.752833804,-4.313845122,-3.893010517,6.64146401136381,766.215921109731
"HER42PB",211.8,2411.68,-6.108551223,-4.899770717,-2.424805405,-4.206623536,-3.745199774,5.63955101028211,281.336372974752
"HER42PB",211.9,2413.21,-5.962375315,-4.863763027,-2.641634439,-4.210404096,-3.911256638,5.28392022375307,197.141200096512
"HER42PB",212,2414.74,-6.116055631,-4.969241241,-2.50914976,-4.531619021,-4.012222636,5.43072142632618,228.313897681046
"HER42PB",212.1,2416.27,-6.53270526,-5.035185264,-2.615597166,-4.04779861,-3.769968834,6.66947070512243,787.97842112393
"HER42PB",212.2,2417.8,-6.83736105,-4.887698551,-2.445514369,-4.134587906,-3.932475249,7.15621477895443,1282.04889830195
"HER42PB",212.3,2419.33,-5.974005326,-4.791132693,-2.415835503,-3.915383412,-3.915383412,5.35546522872214,211.762471423726
"HER42PB",212.4,2420.85,-6.03152346,-4.755770973,-2.432301587,-3.826576836,-3.78391039,5.55201004475406,257.755134909788
"HER42PB",212.5,2422.38,-6.139408622,-5.080536662,-2.820276193,-4.042267503,-3.891540312,5.83925762803996,343.524223229749
"HER42PB",212.6,2423.91,-6.670738155,-4.947971558,-2.728078181,-3.956779518,-3.837524811,6.95314400364723,1046.43455577947
"HER42PB",212.7,2425.44,-6.312962591,-5.093722314,-2.66370393,-4.24318296,-3.846167691,6.11666757568282,453.351415175379
"HER42PB",212.8,2426.97,-6.28785856,-4.940179035,-2.775408962,-3.929294199,-3.908031882,6.09550907605732,443.859946143248
"HER42PB",212.9,2428.49,-6.826767681,-5.138471193,-2.528610511,-4.049382786,-3.953637729,7.29712303891766,1476.047282583
"HER42PB",213,2430.02,-6.566479366,-4.984876253,-2.302695432,-3.854515266,-3.81745032,6.73041880166478,837.497938048691
"HER42PB",213.1,2431.55,-6.633479537,-4.964618204,-2.606671182,-4.087548186,-3.828265588,6.81135372928535,908.099295850062
"HER42PB",213.2,2433.08,-6.036066057,-4.967531223,-2.757664253,-4.021163036,-3.658579656,5.70110319514906,299.197291967637
"HER42PB",213.3,2434.61,-6.487577201,-4.935917089,-2.70858446,-4.48325629,-3.794848454,6.33987797405119,566.727151743637
"HER42PB",213.4,2436.14,-6.773243814,-4.827333665,-2.693690647,-4.298307337,-3.902912807,6.95219670922888,1045.44374353516
"HER42PB",213.5,2437.66,-6.456849476,-4.807539172,-2.690146201,-4.219028918,-3.825082579,6.29550393114166,542.128973241167
"HER42PB",213.6,2439.19,-6.222657804,-4.871210174,-2.90573582,-4.310581728,-3.805033162,5.84184700325456,344.414888975249
"HER42PB",213.7,2440.72,-6.184898376,-5.069118283,-2.897757217,-4.70270369,-3.91130082,5.65364565918547,285.329787150481
"HER42PB",213.8,2442.25,-5.766163498,-4.693753581,-2.724107152,-4.250657405,-4.024488133,4.77604274603174,118.63395523269
"HER42PB",213.9,2443.78,-6.748493073,-4.887235809,-2.701859711,-4.072778252,-3.866998989,7.03674898081236,1137.68295882274
"HER42PB",214,2445.31,-7.780773099,-5.106624449,-2.852614026,-4.239813775,-3.903082772,9.95210875082084,20996.4520161735
"HER42PB",214.1,2446.83,-7.175438705,-5.308777928,-2.849982422,-4.386320681,-4.123011088,8.09484263685005,3277.52104559054
"HER42PB",214.2,2448.36,-6.252520263,-5.136286373,-2.76657332,-4.889835768,-3.957967342,5.70665823118321,300.863968644421
"HER42PB",214.3,2449.89,-5.665718668,-4.821672843,-2.145840786,-4.498787135,-3.974840423,4.51611494879107,91.4795041464898
"HER42PB",214.4,2451.42,-6.666956792,-4.721046643,-1.948263841,-4.568672163,-3.799799272,6.48988641498144,658.448569074615
"HER42PB",214.5,2452.95,-6.30686467,-5.14371386,-2.606512814,-4.270651863,-4.130366223,5.96394693422716,389.143019031406
"HER42PB",214.6,2454.48,-6.274291101,-5.017335254,-2.507633945,-4.155204728,-3.775994111,6.04827660485608,423.382745173761
"HER42PB",214.7,2456,-6.325897876,-4.963320042,-2.350900072,-4.169422958,-3.91810853,6.02576872079331,413.959739202526
"HER42PB",214.8,2457.53,-6.214219134,-4.848978182,-2.494568021,-4.268308985,-3.744473124,5.80648279706383,332.447780642806
"HER42PB",214.9,2459.06,-6.02175688,-4.782372038,-2.456820384,-3.829713662,-3.857365193,5.51134835820248,247.484600087076
"HER42PB",215,2460.59,-6.278348224,-4.843263699,-2.20107157,-4.044206703,-3.886063064,5.9122105767675,369.522110203622
"HER42PB",215.1,2462.12,-6.194755184,-4.841131605,-2.298571243,-4.23064433,-3.843379927,5.70104174037846,299.178905431672
"HER42PB",215.2,2463.65,-7.442463431,-5.091088174,-2.359507476,-3.882838813,-3.794405972,9.039450768003,8429.14622760686
"HER42PB",215.3,2465.17,-6.311159931,-4.774292712,-1.83458098,-3.639312779,-3.730943102,6.14009315099332,464.096799923741
"HER42PB",215.4,2466.7,-5.941903498,-4.487400887,-1.797462435,-3.717597962,-3.764481548,5.21217698893396,183.493086114371
"HER42PB",215.5,2468.23,-5.637146517,-4.257571106,-1.748063197,-3.866440457,-3.804565054,4.46480865428946,86.9043991647204
"HER42PB",215.6,2469.76,-5.430297168,-4.189790621,-2.029099787,-3.62315278,-3.847569406,4.20608332680428,67.0932422179861
"HER42PB",215.7,2471.29,-5.816317194,-4.869389493,-2.190791778,-3.554554096,-3.631515137,5.37317670679817,215.546509326428
"HER42PB",215.8,2472.82,-5.136710258,-4.147228705,-1.460748098,-3.54018964,-3.844256568,3.69796776918406,40.3651895680914
"HER42PB",215.9,2474.34,-5.799566027,-4.318908905,-1.72521161,-3.712342345,-3.783275081,4.84870318061739,127.574840999212
"HER42PB",216,2475.87,-5.348289527,-4.43330684,-1.643845557,-3.829076706,-4.182283321,3.89593752321993,49.2021599137156
"HER42PB",216.1,2477.4,-5.353184268,-4.520275145,-1.791570165,-3.663088453,-3.774893085,4.24814633802644,69.9755809785911
"HER42PB",216.2,2478.93,-5.932026721,-4.373263099,-1.79865,-3.930546721,-3.976083043,4.93746121934894,139.415853611966
"HER42PB",216.3,2480.46,-6.066524447,-4.375861095,-2.01741867,-3.7716614,-3.779443541,5.38844227142227,218.862191988419
"HER42PB",216.4,2481.99,-5.981654683,-4.546003424,-2.034080693,-3.984366209,-3.731616803,5.25686166918189,191.87836759706
"HER42PB",216.5,2483.51,-5.765664168,-4.603103154,-2.039743442,-4.110135148,-3.966073805,4.72310507592166,112.517084903359
"HER42PB",216.6,2485.04,-5.798072032,-4.370559715,-1.638724947,-3.905914836,-4.281966059,4.52376971575228,92.1824454258718
"HER42PB",216.7,2486.57,-5.794712446,-4.758930736,-2.083958606,-4.082995684,-3.726147144,4.9975152639397,148.044849340098
"HER42PB",216.8,2488.1,-5.639471659,-4.503017018,-2.002320566,-3.807220829,-4.100207954,4.50261643291702,90.252963470942
"HER42PB",216.9,2489.63,-6.15087301,-4.626655506,-1.954412627,-4.074958809,-3.838477047,5.52119479270726,249.933477563294
"HER42PB",217,2491.16,-5.738951136,-4.609661595,-2.033848846,-3.985291513,-3.9104903,4.75892606026154,116.620615110026
"HER42PB",217.1,2492.68,-5.426288566,-4.400053247,-1.839584017,-3.905829567,-3.885361016,4.1494392791538,63.3984415020093
"HER42PB",217.2,2494.21,-5.824996654,-4.625031871,-2.011248218,-3.830296341,-3.948589711,4.95915581713989,142.473471453598
"HER42PB",217.3,2495.74,-5.336552166,-4.446694691,-1.815319858,-3.656383762,-4.016039334,4.06474039374163,58.2497845508802
"HER42PB",217.4,2497.27,-5.501227976,-4.397689569,-1.64542265,-3.781110386,-3.762713021,4.3565037795774,77.9840079648656
"HER42PB",217.5,2498.8,-5.519740921,-4.500759902,-1.685319162,-3.706002545,-3.952669405,4.3781585613399,79.6911518420258
"HER42PB",217.6,2500.33,-5.679180314,-4.618308353,-1.89246861,-4.013248976,-3.802786459,4.68582181932995,108.399320369296
"HER42PB",217.7,2501.85,-5.797850903,-4.842339458,-2.069979699,-3.818492819,-4.00450539,5.00862957509748,149.699443666716
"HER42PB",217.8,2503.38,-5.331155479,-4.635018759,-1.974654854,-3.976802997,-3.973716574,4.06776601054556,58.426292966605
"HER42PB",217.9,2504.91,-5.823828742,-4.52187553,-1.976396547,-4.208525711,-3.76544061,4.83873001703017,126.308839752525
"HER42PB",218,2506.44,-5.83231005,-4.440820872,-1.919037825,-4.144754358,-4.079493554,4.66679783571923,106.356625181014
"HER42PB",218.1,2507.97,-5.779574188,-4.530980788,-1.812401257,-3.844821756,-3.738479955,4.90551321399087,135.032192637362
"HER42PB",218.2,2509.5,-5.358514089,-4.501063857,-1.889334448,-3.807916677,-3.838688336,4.16723660631998,64.5368647033481
"HER42PB",218.3,2511.02,-5.972950848,-4.508469067,-1.794863296,-3.878561345,-4.132209992,5.02411032803331,152.034934706399
"HER42PB",218.4,2512.55,-5.605770909,-4.493133145,-1.623558009,-3.870671474,-3.653825739,4.59541501191488,99.0292253291362
"HER42PB",218.5,2514.08,-5.658468081,-4.413527838,-1.732721495,-3.72694667,-3.908478025,4.58373232215833,97.8790293860004
"HER42PB",218.6,2515.61,-5.471281554,-4.336564261,-1.651470591,-4.026094173,-4.027828779,4.03941893018102,56.7933323243678
"HER42PB",218.7,2517.14,-5.839985028,-4.517512599,-1.732819777,-3.854913248,-3.569079263,5.07883862604711,160.587445510965
"HER42PB",218.8,2518.67,-5.866032137,-4.553845748,-1.87949308,-3.468136864,-3.915423467,5.14294158104108,171.218681906725
"HER42PB",218.9,2520.19,-5.731385406,-4.610999317,-1.992144695,-3.855238544,-3.732969759,4.88606732417793,132.431737524657
"HER42PB",219,2521.72,-5.736115711,-4.640653031,-1.924017289,-3.865765967,-3.958608265,4.77933012665802,119.024591932704
"HER42PB",219.1,2523.25,-5.587822373,-4.34664702,-1.675315614,-3.744971243,-3.744971243,4.49970922909598,89.9909607428787
"HER42PB",219.2,2524.78,-5.757498757,-4.515374187,-1.955580011,-3.944364428,-4.01476096,4.69390495575368,109.279077673174
"HER42PB",219.3,2526.31,-5.948695016,-4.353146215,-2.049629156,-3.778656579,-3.769512165,5.16073933108586,174.29326841298
"HER42PB",219.4,2527.84,-6.081809038,-4.741424378,-2.099494859,-4.13773207,-4.005577772,5.35389939260904,211.431145567264
"HER42PB",219.5,2529.36,-6.537596985,-4.711704509,-2.318395699,-4.128402157,-3.771539964,6.43680638890942,624.409491119562
"HER42PB",219.6,2530.89,-5.662076805,-4.531807197,-2.181376673,-3.692636159,-3.932130529,4.71411506585155,111.510088413446
"HER42PB",219.7,2532.42,-5.336689303,-4.453624219,-1.824266287,-3.950394942,-3.710400701,4.10820589627293,60.8374708657411
"HER42PB",219.8,2533.95,-5.657350639,-4.501751419,-1.861445389,-3.84421631,-3.88271221,4.61092266483741,100.576905612734
"HER42PB",219.9,2535.48,-5.221985713,-4.362923011,-1.571711777,-3.477685933,-3.879538134,3.95845775235644,52.3764861153113
"HER42PB",220,2537.01,-4.371347898,-4.197684404,-1.254553898,-3.733911325,-3.757627851,2.67331894239098,14.4879742376042
"HER42PB",220.1,2538.48,-5.310027674,-4.626125551,-1.777192306,-3.783704668,-3.80799736,4.16897064311178,64.6488710846983
"HER42PB",220.2,2539.95,-5.668445655,-4.596740819,-1.688019923,-3.906628542,-4.00391636,4.56789124773279,96.3407366695858
"HER42PB",220.3,2541.43,-5.891826334,-4.782284974,-2.087119356,-4.004090906,-3.847328948,5.15395571213228,173.114930510234
"HER42PB",220.4,2542.9,-5.748419405,-4.905097693,-2.205583153,-3.852689275,-3.6370845,5.14953940160618,172.352086937308
"HER42PB",220.5,2544.37,-5.809897423,-4.845715403,-2.324023673,-3.810203821,-3.857271332,5.14575303325639,171.700732362666
"HER42PB",220.6,2545.85,-5.503788434,-4.863751079,-2.488929894,-3.991317245,-3.830243128,4.59791976037896,99.2775795317398
"HER42PB",220.7,2547.32,-4.97781497,-4.741426192,-2.655811791,-3.884445157,-3.589561744,3.93750353818991,51.2903968214291
"HER42PB",220.8,2548.79,-6.924748954,-4.921019234,-2.82670753,-4.239171609,-3.900267267,7.41414660552651,1659.2925329308
"HER42PB",220.9,2550.27,-5.821468586,-4.738555207,-2.636043239,-4.27769132,-3.783774311,4.9993124582832,148.311153934794
"HER42PB",221,2551.74,-6.44276363,-4.785371325,-2.666580444,-4.179539611,-3.877814273,6.2390680349545,512.380767392068
"HER42PB",221.1,2553.21,-6.392438712,-4.875691462,-2.692149191,-4.402993624,-3.742897885,6.1609921868853,473.898037068448
"HER42PB",221.2,2554.69,-5.797423205,-4.853981484,-2.58850505,-4.244604187,-3.805410141,5.01302893030676,150.359475486712
"HER42PB",221.3,2556.16,-6.352432681,-5.015735261,-2.745883496,-4.1217248,-3.830582516,6.22676472377627,506.115408730573
"HER42PB",221.4,2557.64,-6.523138631,-4.787406993,-2.535223532,-4.222478467,-4.660251818,5.97437003170507,393.220306721837
"HER42PB",221.5,2559.11,-5.701521857,-4.684072975,-2.327021784,-4.266053381,-3.909762388,4.65840589727178,105.467821537883
"HER42PB",221.6,2560.58,-5.930336869,-4.567759035,-2.689618016,-3.905758583,-3.898904547,5.20658751184662,182.470316749615
"HER42PB",221.7,2562.06,-5.913089241,-4.726615597,-2.526625722,-4.027257216,-4.00430288,5.13195462548184,169.347806291237
"HER42PB",221.8,2563.53,-6.230786381,-4.925121754,-2.552526495,-4.286890331,-3.86146448,5.81935277087425,336.754026066903
"HER42PB",221.9,2565,-6.178952913,-4.8590005,-2.573895823,-4.313407274,-3.608819511,5.80386220245643,331.577710330332
"HER42PB",222,2566.48,-6.47995935,-4.802516709,-2.679488831,-4.065369199,-3.889692185,6.37087507000233,584.569144062639
"HER42PB",222.1,2567.95,-6.941411086,-4.67075904,-2.785210168,-4.205190008,-3.888758522,7.33877304137478,1538.82288289037
"HER42PB",222.2,2569.42,-6.678396803,-5.005779989,-2.872217522,-4.219179639,-3.860647684,6.90140860245066,993.67342107986
"HER42PB",222.3,2570.9,-6.142789811,-5.065230931,-2.917931914,-4.540880165,-3.780757259,5.70479450839434,300.303763805125
"HER42PB",222.4,2572.37,-5.779869103,-4.861810024,-2.614058052,-4.363071288,-3.628930454,5.03271588179109,153.348925209015
"HER42PB",222.5,2573.84,-6.553440186,-4.928734801,-2.684244389,-4.284093734,-3.827600443,6.54250097944743,694.020139437005
"HER42PB",222.6,2575.32,-6.618460796,-4.785879332,-2.803040472,-4.576158801,-3.745602621,6.55308801979767,701.406791051917
"HER42PB",222.7,2576.79,-6.724363382,-4.984305287,-2.794820334,-4.203296751,-3.784832388,7.03265857131636,1133.0388742236
"HER42PB",222.8,2578.27,-6.022473029,-5.054659144,-2.96923119,-4.279791122,-4.125353044,5.40173804359469,221.791564813275
"HER42PB",222.9,2579.74,-6.486798058,-5.118852836,-2.937703274,-4.180583197,-3.763113143,6.60513497435325,738.87959227661
"HER42PB",223,2581.21,-7.007600614,-5.105945474,-2.878513103,-4.084113247,-3.897457989,7.79224178787566,2421.74052993264
"HER42PB",223.1,2582.69,-6.546978528,-4.687081253,-2.735200937,-4.071733789,-3.932957276,6.44030632142201,626.598711024923
"HER42PB",223.2,2584.16,-6.712293217,-4.983054105,-2.867478961,-4.164981001,-3.823184883,7.0092756150999,1106.85242724437
"HER42PB",223.3,2585.63,-6.392391596,-4.892024779,-2.755244129,-4.292330767,-3.832583638,6.17665419211306,481.378658453305
"HER42PB",223.4,2587.11,-6.440478962,-4.971492885,-2.65394099,-4.087463015,-3.787965772,6.41431215870808,610.520675028625
"HER42PB",223.5,2588.58,-6.347170272,-5.107890653,-3.029580974,-4.169227624,-3.834020409,6.28112712002361,534.390646906797
"HER42PB",223.6,2590.05,-6.511057184,-5.177031251,-3.014549622,-4.150902239,-3.71671603,6.73536800575648,841.653160310273
"HER42PB",223.7,2591.53,-6.46586697,-4.878090554,-2.571498899,-4.056672142,-3.869813009,6.37919852429197,589.455084354632
"HER42PB",223.8,2593,-5.790615264,-4.659789356,-2.516845492,-3.865324402,-3.628730053,5.13603028805762,170.03941924077
"HER42PB",223.9,2594.47,-5.607652007,-4.936645952,-2.612649927,-4.074007934,-4.012920242,4.69519581505876,109.420232673461
"HER42PB",224,2595.95,-6.268717424,-4.941263563,-2.921825387,-4.345512069,-3.964704779,5.87714726976799,356.789963022545
"HER42PB",224.1,2597.42,-7.012688431,-4.907077171,-3.061444712,-4.601113054,-3.7757941,7.5774704189616,1953.68071583365
"HER42PB",224.2,2598.89,-6.219854585,-5.139675999,-3.258969043,-4.23743702,-3.782882302,6.06601635989232,430.960466092128
"HER42PB",224.3,2600.37,-6.421033364,-4.655476268,-2.96558729,-4.045326007,-3.788152707,6.26587444564422,526.301606946077
"HER42PB",224.4,2601.84,-6.115637381,-4.501084368,-2.654318269,-4.139066579,-4.007757904,5.36652457020221,214.117423012153
"HER42PB",224.5,2603.32,-6.320768294,-4.848439596,-2.920613122,-4.149930472,-3.770347037,6.11619874853298,453.138921538812
"HER42PB",224.6,2604.79,-7.008148935,-5.01571877,-3.262574137,-3.972322204,-3.864780662,7.86066962472094,2593.2563026658
"HER42PB",224.7,2606.26,-6.409721058,-4.989525146,-3.124153859,-4.458896895,-3.709749378,6.31004157066318,550.067815020621
"HER42PB",224.8,2607.74,-6.755332273,-5.059716664,-3.234132098,-3.98274355,-3.770913759,7.30176119325749,1482.90931898285
"HER42PB",224.9,2609.21,-6.639136714,-5.291628378,-3.012479625,-4.33221322,-3.834459678,6.94736048973633,1040.39995439077
"HER42PB",225,2610.68,-5.945192948,-4.850210427,-2.855633807,-4.400873435,-3.735963424,5.28684343095576,197.718327793534
"HER42PB",225.1,2612.16,-5.975167699,-4.931043596,-2.766801452,-4.106868153,-3.802225465,5.45879417998944,234.814110033881
"HER42PB",225.2,2613.63,-5.814423143,-4.890319872,-2.826564926,-4.357177046,-3.879780719,5.00978597522287,149.87265625437
"HER42PB",225.3,2615.1,-5.792500316,-4.664617645,-2.760312,-4.065499414,-3.886999705,4.9589658124344,142.446403395224
"HER42PB",225.4,2616.58,-6.431270314,-5.083442234,-3.431771557,-4.173051224,-3.857650382,6.4869400210248,656.511375459152
"HER42PB",225.5,2618.05,-6.1660779,-4.893112225,-2.840014658,-3.932996013,-3.728712195,5.92528621995717,374.385576650266
"HER42PB",225.6,2619.52,-5.279324581,-4.942045567,-2.575804399,-4.089003866,-3.550723543,4.40437474818239,81.8079762629825
"HER42PB",225.7,2621,-6.8281708,-4.912797374,-2.676302393,-4.037651687,-3.482894208,7.45096903872476,1721.53056713272
"HER42PB",225.8,2622.47,-6.263881444,-4.83378446,-2.529058802,-4.074983309,-4.14242459,5.77630484087822,322.565056308031
"HER42PB",225.9,2623.95,-6.463173897,-4.799668763,-2.755490862,-3.998532944,-3.989128486,6.31886916164476,554.945084300628
"HER42PB",226,2625.42,-6.795418922,-4.92955148,-3.13383161,-3.883904727,-3.92810294,7.2743586486204,1442.82553719592
"HER42PB",226.1,2626.89,-6.468532287,-4.997930819,-2.795048518,-3.886633371,-4.039151398,6.45961342823815,638.814061354748
"HER42PB",226.2,2628.37,-6.245907247,-5.142404973,-2.932791334,-4.05524007,-3.743989252,6.17076670879574,478.552876167754
"HER42PB",226.3,2629.84,-4.983776425,-4.987917218,-2.83692729,-3.941836523,-3.810859411,3.96123974246111,52.5223998525806
"HER42PB",226.4,2631.31,-6.382176553,-4.999988973,-2.936622447,-4.243075175,-3.970957619,6.18444851231834,485.145338141833
"HER42PB",226.5,2632.79,-6.888407143,-4.91959523,-2.68250509,-4.136296952,-3.93829439,7.32612216679491,1519.47805012718
"HER42PB",226.6,2634.26,-6.284586343,-4.972982874,-2.871839749,-4.405815497,-3.913210419,5.92163295450548,373.020342058071
"HER42PB",226.7,2635.73,-6.587435224,-4.856517414,-3.112626025,-4.262192107,-3.957346564,6.58012019256373,720.625937923163
"HER42PB",226.8,2637.21,-6.631400119,-4.975244582,-2.689818311,-3.939420387,-3.786743547,6.90543570273743,997.683111893421
"HER42PB",226.9,2638.68,-6.590037979,-4.879503949,-2.495693417,-3.843039879,-3.771957332,6.78231118008125,882.105073691955
"HER42PB",227,2640.15,-6.243556451,-5.032466179,-2.585136204,-4.209784946,-3.587300923,6.07961052082881,436.859014092904
"HER42PB",227.1,2641.63,-6.218088521,-4.841981005,-2.672050069,-4.23615552,-3.76405911,5.83748265105242,342.915016462792
"HER42PB",227.2,2643.1,-6.134338457,-4.925557951,-2.592855436,-4.346603138,-3.926461316,5.57491079288476,263.726028349352
"HER42PB",227.3,2644.57,-6.84631038,-4.931490818,-3.19750915,-4.488155436,-4.146228349,7.04696840123654,1149.36903002148
"HER42PB",227.4,2646.05,-6.919481133,-5.05758984,-3.193478826,-4.76593162,-3.874958696,7.32001787265525,1510.23096135938
"HER42PB",227.5,2647.52,-6.474954413,-5.097318115,-3.354566225,-4.929595357,-4.025139083,6.18229274631665,484.10060482088
"HER42PB",227.6,2649,-7.11295821,-4.905038344,-3.151837868,-4.617356271,-3.940295229,7.75746628838611,2338.97081367681
"HER42PB",227.7,2650.47,-6.518047193,-4.835020923,-2.988483248,-4.642057989,-3.8345381,6.30604881158142,547.875905551806
"HER42PB",227.8,2651.94,-6.129513066,-4.876750097,-2.731236613,-4.397857521,-3.768659065,5.61939679627153,275.723015911908
"HER42PB",227.9,2653.42,-5.794243552,-4.785147861,-2.606299949,-4.414853706,-3.857550058,4.87709021062379,131.248203088508
"HER42PB",228,2654.89,-6.793794199,-4.796939248,-2.870614153,-4.076035183,-3.658299983,7.22687046015961,1375.90979468975
"HER42PB",228.1,2656.36,-5.794469487,-4.738032124,-2.53603264,-3.938448084,-3.81989694,5.05745614712954,157.19013870285
"HER42PB",228.2,2657.84,-5.59987495,-4.752577089,-2.429567091,-4.835268805,-4.251320916,4.12632655375127,61.9499346846701
"HER42PB",228.3,2659.31,-5.975960361,-4.712268322,-2.71955587,-4.030050212,-3.786088758,5.37887935075356,216.779205798868
"HER42PB",228.4,2660.78,-6.002033498,-4.742798015,-2.598943969,-4.187801173,-4.121528046,5.18915673789714,179.317277693792
"HER42PB",228.5,2662.26,-6.084002823,-4.760539041,-2.672178349,-3.990241228,-3.886778246,5.56719470758625,261.698926521925
"HER42PB",228.6,2663.73,-5.834154119,-4.27279234,-2.415090089,-4.069982606,-3.797715946,4.8254698768955,124.645022441703
"HER42PB",228.7,2665.2,-5.831112016,-4.654790743,-2.250965762,-4.12361289,-3.932478026,4.90652586371749,135.169002208717
"HER42PB",228.8,2666.68,-5.688668837,-4.461287942,-2.039834997,-3.671429367,-3.725366945,4.81932302666276,123.881198118369
"HER42PB",228.9,2668.15,-4.523656863,-4.539917384,-2.125028721,-3.866081149,-3.92192959,3.00988320796479,20.285030656873
"HER42PB",229,2669.63,-5.910417751,-4.776590556,-2.640807928,-3.844508216,-3.732494135,5.38429644812041,217.956706301753
"HER42PB",229.1,2671.1,-5.92195718,-4.430030601,-2.532421738,-3.835745132,-3.788305407,5.18368377211358,178.338561052902
"HER42PB",229.2,2672.57,-6.369729735,-4.733974515,-2.4974876,-4.018354478,-3.736642573,6.17277412600873,479.514496312196
"HER42PB",229.3,2674.05,-5.607523929,-4.660461538,-2.159274003,-3.934524535,-3.858324074,4.62616087145506,102.12125394753
"HER42PB",229.4,2675.52,-5.736687498,-4.555289016,-2.255172721,-3.887108458,-3.894155704,4.80486456995853,122.102953493313
"HER42PB",229.5,2676.99,-5.93167459,-4.907446022,-2.297205905,-4.004369629,-3.592145982,5.45322430523143,233.509860474793
"HER42PB",229.6,2678.47,-6.057771083,-4.736818778,-2.505525937,-3.93413973,-3.716196999,5.59321495007279,268.597761492537
"HER42PB",229.7,2679.94,-5.870665605,-4.725992542,-2.435050531,-3.776186185,-3.865914955,5.21632725479571,184.256213701339
"HER42PB",229.8,2681.41,-5.968117183,-4.761948988,-2.452479751,-4.102249742,-3.756346895,5.34024681714771,208.564181153196
"HER42PB",229.9,2682.89,-5.949669094,-4.530939457,-2.263816193,-4.027588507,-3.864748086,5.13359374615921,169.625615401325
"HER42PB",230,2684.36,-5.601632419,-4.665387072,-2.461766244,-3.981400261,-3.697559914,4.72389532013145,112.606036020129
"HER42PB",230.1,2685.87,-6.290787584,-4.836542561,-2.618847672,-3.978871164,-3.892892311,6.01366316198713,408.97873498406
"HER42PB",230.2,2687.38,-6.282549913,-4.703883659,-2.656190816,-3.836258099,-4.137150403,5.86374094635511,352.03864142728
"HER42PB",230.3,2688.88,-5.701623283,-4.878627955,-2.470387187,-3.999169646,-3.747344884,4.9732407894374,144.494405340678
"HER42PB",230.4,2690.39,-5.555147954,-4.563507785,-2.377094123,-4.003891997,-4.027203076,4.40186261977038,81.6027220419067
"HER42PB",230.5,2691.9,-6.078604517,-4.789473904,-2.32258576,-4.154085558,-3.777254754,5.51472560957499,248.321830765848
"HER42PB",230.6,2693.41,-5.667916561,-4.699357401,-2.475401406,-3.969842576,-3.989377382,4.70863116256152,110.900251544242
"HER42PB",230.7,2694.91,-5.967385757,-4.84345566,-2.368118462,-3.759232109,-3.797390585,5.48912345624217,242.044950854922
"HER42PB",230.8,2696.42,-6.02475709,-4.692856801,-2.32214878,-3.979724328,-3.830150315,5.40476094318469,222.463032822481
"HER42PB",230.9,2697.93,-5.741428001,-4.846798766,-2.434410486,-3.913141462,-3.700671602,5.07992216148988,160.761542002666
"HER42PB",231,2699.44,-6.078773875,-4.683030625,-2.318162688,-3.853808268,-3.87036037,5.53298997434235,252.89894304875
"HER42PB",231.1,2700.94,-5.892018221,-4.783043145,-2.32542411,-3.798355367,-3.803503383,5.29358952271905,199.05666296645
"HER42PB",231.2,2702.45,-6.158950572,-4.416323792,-2.078167877,-3.961725995,-4.105529579,5.35120810225316,210.862887980342
"HER42PB",231.3,2703.96,-6.026767726,-4.545710981,-2.205223219,-4.05201758,-3.935349994,5.23152474769244,187.077832659841
"HER42PB",231.4,2705.47,-5.763178077,-4.44268089,-2.07595093,-3.957366854,-4.055005324,4.65574198305037,105.187238199088
"HER42PB",231.5,2706.97,-5.721227027,-4.587212812,-2.058589809,-4.001037751,-3.875400337,4.73150027830846,113.465664791893
"HER42PB",231.6,2708.48,-5.326812813,-4.485449688,-2.008868414,-4.33861433,-3.751072433,3.95490254608051,52.1906075173266
"HER42PB",231.7,2709.99,-5.595033314,-4.718908623,-1.883383585,-3.898190401,-3.914190742,4.58468457066523,97.9722789369171
"HER42PB",231.8,2711.5,-5.870823477,-4.401351609,-1.802669247,-4.04891097,-3.566199647,5.00512211507316,149.175298598678
"HER42PB",231.9,2713,-5.827917105,-4.76220252,-1.961582284,-4.19734488,-3.961356423,4.8730789437584,130.722786018866
"HER42PB",232,2714.51,-5.949067366,-4.616382455,-1.827086257,-4.033438415,-3.931968955,5.08120986613274,160.968688729974
"HER42PB",232.1,2716.02,-5.300165369,-4.521211776,-1.738725249,-3.900949076,-3.916765366,3.98939616271747,54.0222588585751
"HER42PB",232.2,2717.53,-5.705074743,-4.449851748,-1.764665366,-4.032176476,-3.930707016,4.55054701044435,94.6841873912027
"HER42PB",232.3,2719.04,-5.641125422,-4.359720877,-1.716805453,-4.052236177,-3.747401026,4.47465242869161,87.764090828056
"HER42PB",232.4,2720.54,-4.794779934,-3.900962058,-1.426335339,-3.653865266,-3.78385265,3.07859085103642,21.7277631587062
"HER42PB",232.5,2722.05,-5.984283654,-4.736458967,-1.763593416,-3.933998696,-3.90197267,5.25748658563844,191.998313020658
"HER42PB",232.6,2723.56,-6.099786299,-4.477925867,-1.740996306,-4.277255171,-4.050481852,5.12186364221363,167.647513651816
"HER42PB",232.7,2725.07,-5.688840895,-4.584594788,-1.87224672,-4.093055071,-3.650486213,4.72832571822534,113.106032361046
"HER42PB",232.8,2726.57,-6.193314497,-4.793414484,-2.024421747,-4.359090547,-3.629419436,5.69469239651971,297.285333516884
"HER42PB",232.9,2728.08,-6.308462674,-4.977518408,-2.144305064,-4.342965392,-3.873500701,5.92146649428518,372.95825417748
"HER42PB",233,2729.59,-5.472354704,-4.651107521,-1.947171342,-4.217688785,-3.903738786,4.2320987876351,68.861606503584
"HER42PB",233.1,2731.1,-5.606024858,-4.791733294,-2.02778075,-4.561900754,-3.837254907,4.4294412821341,83.8845360259439
"HER42PB",233.2,2732.6,-6.580250712,-4.678143186,-1.937014326,-4.271683548,-3.774469023,6.40295969692702,603.628955406606
"HER42PB",233.3,2734.11,-6.521809953,-4.91237204,-2.108545568,-4.374979389,-4.067825213,6.22448541067899,504.963126955057
"HER42PB",233.4,2735.62,-6.208534134,-4.879398186,-2.141408521,-4.155479347,-3.960170595,5.69766356579045,298.169932059716
"HER42PB",233.5,2737.13,-6.056348212,-4.879483727,-2.141538396,-4.142508322,-3.951080271,5.40934845507928,223.485929112184
"HER42PB",233.6,2738.63,-5.594191892,-4.6749643,-1.807832155,-4.493131622,-3.721259133,4.40706715997654,82.0285338057563
"HER42PB",233.7,2740.14,-6.425920534,-4.748660025,-2.01578394,-3.907941136,-3.654428904,6.32274620908012,557.10080893951
"HER42PB",233.8,2741.65,-5.64957038,-4.597734156,-1.965946649,-4.480890529,-3.896171779,4.39509525257622,81.052350840269
"HER42PB",233.9,2743.16,-5.769381213,-4.591432182,-1.883381981,-4.178462349,-3.831365842,4.7443922098692,114.937926132107
"HER42PB",234,2744.66,-6.254597747,-4.698885234,-2.006322309,-4.090390938,-3.890845193,5.74037442187467,311.180902108349
"HER42PB",234.1,2746.17,-5.857307959,-4.376650837,-1.760708995,-3.923374001,-3.863458348,4.85919440299676,128.920302453059
"HER42PB",234.2,2747.68,-6.06444944,-4.697827844,-1.854344087,-3.629469964,-3.706294496,5.62743662615763,277.948717196488
"HER42PB",234.3,2749.19,-5.97924311,-4.872818281,-1.883135397,-3.896864708,-3.984142717,5.30824663774341,201.995745993919
"HER42PB",234.4,2750.69,-4.726856079,-4.755531878,-1.979539863,-4.114635388,-3.997278156,3.214783402982,24.8978985165166
"HER42PB",234.5,2752.2,-6.356795882,-5.01456151,-2.413207384,-3.96676847,-4.144361886,6.09103541126138,441.878700546531
"HER42PB",234.6,2753.71,-6.080309685,-5.240271384,-2.435752542,-4.45579611,-3.667565481,5.70341355208555,299.889343641874
"HER42PB",234.7,2755.22,-6.143527335,-5.219268433,-2.512276993,-4.228567432,-3.788982503,5.85572933010585,349.229510791132
"HER42PB",234.8,2756.72,-5.973357149,-5.084095089,-2.499666855,-4.556964756,-3.854427836,5.28876804105629,198.099224905905
"HER42PB",234.9,2758.23,-6.662029103,-5.346352309,-2.752737096,-4.815006955,-3.885188071,6.7700686408945,871.371703671236
"HER42PB",235,2759.74,-6.397590356,-5.164728542,-2.557396754,-5.050861596,-3.764709699,6.02943838848671,415.481624582784
"HER42PB",235.1,2761.25,-6.746705857,-4.980264196,-2.236945856,-4.606639694,-4.038655656,6.71156558771218,821.85632092168
"HER42PB",235.2,2762.76,-6.047488916,-5.15367104,-2.755316736,-4.621855141,-3.880907405,5.459521185591,234.984883276232
"HER42PB",235.3,2764.26,-7.273612932,-5.264280957,-2.634443977,-4.030044495,-3.718264871,8.66619154676612,5803.35540154842
"HER42PB",235.4,2765.77,-6.587725839,-4.920420544,-2.621456457,-4.166885009,-3.874017914,6.63028076395225,757.694874188143
"HER42PB",235.5,2767.28,-6.516736341,-5.226773089,-2.522099368,-3.823765247,-3.937757135,6.72661692532954,834.31991950196
"HER42PB",235.6,2768.79,-7.474593046,-5.265740431,-2.65007598,-4.064661984,-3.901360752,9.13474177833667,9271.88311157274
"HER42PB",235.7,2770.29,-6.071740021,-4.981938362,-2.552759604,-4.116475267,-3.880380563,5.59536692203243,269.176398725937
"HER42PB",235.8,2771.8,-6.094819675,-5.115681039,-2.462582075,-3.856412808,-3.693245673,5.9012665325803,365.500092614227
"HER42PB",235.9,2773.31,-6.440976633,-5.26960499,-2.44954973,-4.049966069,-3.914493556,6.49394594231012,661.126991922361
"HER42PB",236,2774.82,-6.260950826,-4.631710286,-2.140559554,-4.089994175,-3.963378274,5.69869714798861,298.478274514705
"HER42PB",236.1,2776.32,-5.809221639,-4.813061075,-1.833011298,-3.503271428,-3.897600563,5.16573675731264,175.166466217214
"HER42PB",236.2,2777.83,-5.410759618,-4.654745159,-1.730120126,-3.612658973,-4.108012827,4.24809743981361,69.9721593813951
"HER42PB",236.3,2779.34,-5.4703831,-4.269564872,-1.754892383,-3.997405499,-4.053078502,4.01538457645447,55.4446139959867
"HER42PB",236.4,2780.85,-5.845951157,-4.499600662,-1.820384343,-3.763502094,-3.825441394,4.99632763730429,147.869131697916
"HER42PB",236.5,2782.35,-5.502295982,-4.498701518,-1.780838952,-3.50867036,-4.282657061,4.27109546825578,71.6000282311106
"HER42PB",236.6,2783.86,-5.9257876,-4.546182227,-1.809899009,-3.362891632,-3.531535319,5.48067595193688,240.008887027309
"HER42PB",236.7,2785.37,-5.164587771,-4.574876178,-1.642486559,-3.541372373,-3.755435272,4.03296160868093,56.4277810298034
"HER42PB",236.8,2786.88,-4.823409168,-4.547155791,-1.984620727,-3.698962675,-3.685629144,3.56290312011627,35.2654284531731
"HER42PB",236.9,2788.38,-5.489004373,-4.471555491,-1.929746912,-3.897467671,-3.85566094,4.3180778418488,75.0442426677313
"HER42PB",237,2789.89,-5.253680634,-4.266835033,-1.636815854,-3.689384377,-4.279771824,3.67008805615164,39.2553623842608
"HER42PB",237.1,2791.4,-5.466347027,-4.192249916,-1.51238567,-3.438943844,-3.807220882,4.29134450199936,73.0646380422014
"HER42PB",237.2,2792.91,-4.84542733,-3.948895748,-1.1331817,-2.705361167,-3.53827029,3.645739330541,38.311086940167
"HER42PB",237.3,2794.41,-5.190989104,-3.78000213,-1.280968101,-2.66710832,-3.700681288,3.9914965765705,54.1358472089657
"HER42PB",237.4,2795.92,-5.321341922,-4.463386767,-1.597256212,-3.046642033,-3.609046624,4.48094812899585,88.3183701990093
"HER42PB",237.5,2797.43,-5.96034427,-4.524039488,-1.877173008,-3.393424469,-3.768833994,5.40653006789411,222.856946008817
"HER42PB",237.6,2798.94,-5.824461235,-4.512684095,-1.916061808,-3.585563961,-3.829616193,5.04811776064692,155.729069070594
"HER42PB",237.7,2800.44,-5.536326618,-4.538205868,-1.886978003,-3.876991734,-3.691724667,4.51752412263776,91.6085055425913
"HER42PB",237.8,2801.95,-5.88410929,-4.530967136,-1.988083119,-3.763411065,-3.85338998,5.08989016703012,162.372027272103
"HER42PB",237.9,2803.46,-6.002789071,-4.604224617,-2.12671313,-3.822162385,-3.967518747,5.28350428678051,197.059218833278
"HER42PB",238,2804.97,-6.024974157,-4.564146744,-2.033787951,-4.253255439,-3.866864478,5.16800550044199,175.564325083066
"HER42PB",238.1,2806.48,-6.351816058,-4.684109237,-2.152611105,-4.109334889,-3.913826328,5.9334344080052,377.448602841052
"HER42PB",238.2,2807.98,-6.100377954,-4.88593385,-2.439180775,-4.094285563,-3.788624493,5.64170993409583,281.94441288979
"HER42PB",238.3,2809.49,-6.162038972,-4.818916783,-2.309795875,-4.019490391,-3.867940493,5.6993782741752,298.681645136272
"HER42PB",238.4,2811,-5.523309954,-5.0412524,-2.152161544,-3.928909919,-3.69252114,4.77431018193699,118.428592255067
"HER42PB",238.5,2812.51,-6.086107838,-4.839075544,-2.219361177,-3.893337611,-3.885924679,5.59148892329864,268.134554433614
"HER42PB",238.6,2814.01,-5.81383198,-4.558215942,-1.841278475,-3.764849646,-3.839750954,4.96448544692946,143.234829387047
"HER42PB",238.7,2815.52,-5.994495663,-4.808541364,-2.041422118,-3.94680282,-3.867114659,5.36475566854444,213.739005138304
"HER42PB",238.8,2817.03,-6.616243661,-4.709173345,-2.053980976,-3.967707587,-3.444692408,6.81152386517059,908.253809271411
"HER42PB",238.9,2818.54,-5.880502951,-4.439292832,-1.971710966,-4.053528575,-3.692882289,4.99776330900089,148.081575688518
"HER42PB",239,2820.04,-5.322762959,-4.323901073,-1.577287837,-3.797807977,-3.776008749,4.01378479469046,55.3559856255307
"HER42PB",239.1,2821.55,-5.734043235,-4.398545767,-1.99997398,-3.90979831,-3.818231117,4.71375960399494,111.470457874378
"HER42PB",239.2,2823.06,-5.604475246,-4.573685554,-2.05241126,-3.847465625,-4.006579094,4.51981285466102,91.8184129821388
"HER42PB",239.3,2824.57,-5.792445537,-4.594372455,-2.321514817,-3.880726753,-3.838167138,4.96370621217791,143.123259305645
"HER42PB",239.4,2826.07,-5.802179407,-4.528002344,-2.313353555,-3.998704322,-3.602712676,5.0189455985184,151.25173962813
"HER42PB",239.5,2827.58,-6.732119018,-4.846604579,-2.289769466,-3.918708301,-3.735105514,7.05264320012996,1155.91000994054
"HER42PB",239.6,2829.09,-5.867989942,-4.730708512,-2.228989955,-4.131493151,-3.749017561,5.10167483834476,164.296847655685
"HER42PB",239.7,2830.6,-5.66880088,-4.478838812,-1.935280645,-3.830323786,-4.006853022,4.5696008574229,96.505582597496
"HER42PB",239.8,2832.1,-6.064708643,-4.658074598,-1.963538116,-4.013046666,-3.689484367,5.47380740133601,238.366022350464
"HER42PB",239.9,2833.61,-5.661998957,-3.877707782,-2.022300368,-3.431600605,-3.735406858,4.55804384881975,95.3966868504023
"HER42PB",240,2835.12,-5.200680954,-4.427902503,-1.925657327,-3.803748194,-3.837376111,3.89733246264763,49.2708418389326
"HER42PB",240.1,2836.57,-5.921725715,-4.612502291,-1.913194446,-3.723280881,-3.823235978,5.22339116677589,185.562391307153
"HER42PB",240.2,2838.02,-6.163047904,-4.553609992,-2.080034908,-3.953381487,-3.804322129,5.59122631096317,268.064148237228
"HER42PB",240.3,2839.47,-6.631852048,-4.735869073,-2.488717321,-4.189505012,-3.856426444,6.61547324679762,746.557952908827
"HER42PB",240.4,2840.92,-5.692126016,-4.451451845,-2.026409971,-3.691656883,-3.914484429,4.71192702466923,111.266366481801
"HER42PB",240.5,2842.38,-5.100287979,-4.212046551,-1.777052139,-3.571690965,-3.747803464,3.7592816970737,42.9175870758656
"HER42PB",240.6,2843.83,-5.284150827,-4.242696952,-1.668379844,-3.605186852,-3.705859643,4.03968897955829,56.8086713994554
"HER42PB",240.7,2845.28,-5.349136284,-4.170481287,-1.698096144,-3.454961809,-3.992694886,4.0178295355061,55.580339661075
"HER42PB",240.8,2846.73,-5.455638929,-4.365325443,-1.776726335,-3.550698365,-3.834697192,4.34074211375962,76.7644861866115
"HER42PB",240.9,2848.18,-5.423874133,-4.242195245,-1.739334792,-3.392829132,-3.599832971,4.40696047149963,82.0197827732475
"HER42PB",241,2849.63,-5.12362763,-4.206207593,-1.630721822,-3.57354396,-3.862025713,3.71005732663516,40.8561486053831
"HER42PB",241.1,2851.08,-5.566635531,-4.018699819,-1.736089009,-3.364549496,-3.850785025,4.40127950318636,81.5551520121668
"HER42PB",241.2,2852.54,-5.26480611,-3.589651125,-1.727590911,-3.184578713,-4.007560839,3.69116672645471,40.091595605746
"HER42PB",241.3,2853.99,-5.633926135,-4.563484724,-1.999414874,-3.613482934,-3.906705187,4.70410886522936,110.399859945143
"HER42PB",241.4,2855.44,-5.897068012,-4.589298414,-2.111695366,-3.770573926,-3.81372783,5.17839923904175,177.398610815535
"HER42PB",241.5,2856.89,-5.889590795,-4.607557444,-2.228571092,-3.94935442,-3.70565545,5.17311141273349,176.463033539264
"HER42PB",241.6,2858.34,-6.038529085,-4.559016595,-2.418026929,-4.233448772,-3.780604763,5.29568856142564,199.474929432
"HER42PB",241.7,2859.79,-5.979818042,-4.681492454,-2.112792402,-4.072226757,-4.027910873,5.14554281251644,171.664641101357
"HER42PB",241.8,2861.24,-5.817372195,-4.600327309,-2.406282385,-4.313294798,-3.772513018,4.879827387378,131.607944732664
"HER42PB",241.9,2862.7,-6.203849129,-4.479228963,-2.295469115,-4.209060473,-3.840792214,5.53910261055741,254.449556627003
"HER42PB",242.1,2865.6,-5.67289001,-4.301410735,-1.64021228,-3.91387368,-3.606133628,4.61743099766315,101.233628355997
"HER42PB",242.2,2867.05,-5.620598989,-4.556427191,-2.002318048,-3.956436177,-3.68817219,4.65162881686981,104.755474175611
"HER42PB",242.3,2868.5,-5.661735915,-5.014718506,-2.097527921,-4.168647639,-3.777402245,4.84139250834212,126.645584031419
"HER42PB",242.4,2869.95,-5.884308439,-4.861407972,-2.128939243,-4.202549865,-3.672149638,5.19720304681602,180.765940282062
"HER42PB",242.5,2871.4,-6.609817902,-4.929070962,-2.116794491,-3.975429841,-3.792068783,6.73745178191349,843.408805648877
"HER42PB",242.6,2872.86,-6.017504888,-4.759712571,-2.226121937,-3.955867971,-3.844090959,5.41566986225159,224.903149361145
"HER42PB",242.7,2874.31,-6.257095571,-4.885839087,-2.32439236,-4.132067285,-3.685281198,5.97599338832753,393.859161915447
"HER42PB",242.8,2875.76,-6.29604843,-5.298317367,-2.486695959,-4.107276989,-3.728770783,6.28163142771993,534.660212189085
"HER42PB",242.9,2877.21,-7.202909366,-5.52201249,-2.638561175,-4.108505565,-3.870704856,8.49684841932482,4899.30393205243
"HER42PB",243,2878.66,-7.025726849,-5.204114417,-2.617899568,-4.561229071,-3.750298855,7.73654180518074,2290.53754584918
"HER42PB",243.1,2880.11,-6.490190954,-5.073656708,-2.641537562,-4.675309067,-3.635537279,6.41299270312959,609.71565133147
"HER42PB",243.2,2881.56,-6.900267859,-4.985732832,-2.425698999,-4.499918597,-3.859613898,7.24779527527787,1405.00378438668
"HER42PB",243.3,2883.02,-7.126140862,-5.05506757,-2.387897722,-4.784335056,-3.778578697,7.783803941328,2401.39222363433
"HER42PB",243.4,2884.47,-6.433440732,-5.132668544,-2.555432343,-4.706584149,-3.77123422,6.22621676442932,505.838154030817
"HER42PB",243.5,2885.92,-6.473376161,-5.133998719,-2.611594372,-4.563833656,-3.746613251,6.39188751467122,596.982329824845
"HER42PB",243.6,2887.37,-6.462474026,-5.014558531,-2.267696322,-4.990935385,-3.748790007,6.08360837583088,438.609008869453
"HER42PB",243.7,2888.82,-8.12511983,-5.009586357,-2.397680017,-4.667943181,-4.002393976,10.7881006706615,48440.9432810385
"HER42PB",243.8,2890.27,-6.585508305,-4.999417756,-2.349730956,-4.823019218,-3.845909746,6.37665737478817,587.959092434102
"HER42PB",243.9,2891.72,-6.419942389,-5.021623835,-2.250031625,-4.712266037,-3.825651073,6.06732341841321,431.524124928797
"HER42PB",244,2893.18,-7.314126643,-4.898212865,-2.275098274,-4.898212865,-3.709716345,8.18853709338532,3599.45272979012
"HER42PB",244.1,2894.63,-7.088570325,-5.025389304,-2.418760817,-4.769984891,-3.854329281,7.63989893702546,2079.53364209558
"HER42PB",244.2,2896.08,-6.488933509,-5.120657654,-2.417163269,-4.566250211,-3.683410965,6.42439673814936,616.708668489809
"HER42PB",244.3,2897.53,-6.491282439,-5.226066009,-2.452240429,-4.475210511,-3.897075676,6.41593170575421,611.51024309419
"HER42PB",244.4,2898.98,-7.132710522,-5.255793244,-2.30947633,-4.684583123,-3.841824161,7.90393801987218,2707.92522188722
"HER42PB",244.5,2900.43,NA,-5.618560939,-2.489159414,-4.875224014,-3.747890624,NA,NA
"HER42PB",244.6,2901.88,-7.090883802,-5.666270576,-2.700687505,-5.358122673,-3.903756675,7.75429023684675,2331.55390629829
"HER42PB",244.7,2903.33,-7.525075061,-5.360111346,-2.692200313,-4.903170811,-3.782880548,9.05880631252721,8593.88611471894
"HER42PB",244.8,2904.79,-8.934955709,-5.089072506,-2.246600995,-4.934921826,-3.744223553,14.1332257621695,1373984.90037948
"HER42PB",244.9,2906.24,-6.783746508,-5.297922552,-2.597621597,-5.724665058,-3.819912982,6.67155682707233,789.62395600073
"HER42PB",245,2907.69,-7.321056273,-5.303490135,-2.848275275,-4.784189884,-3.930582855,8.42989812276525,4582.03326430354
"HER42PB",245.1,2909.14,-7.168297371,-5.343748079,-2.710467773,-5.439596038,-3.624443689,7.90349029401735,2706.71308512517
"HER42PB",245.2,2910.59,-7.785123253,-5.47011564,-3.190634916,-5.234701996,-3.772124331,9.86393202391627,19224.3315495743
"HER42PB",245.3,2912.04,-8.069733527,-5.312893161,-3.086126905,-5.226764008,-3.679408089,10.7818949621234,48141.2637294416
"HER42PB",245.4,2913.49,-7.363728651,-5.161885128,-3.225898977,-5.180490316,-3.760724856,8.45353320753607,4691.61995289513
"HER42PB",245.5,2914.95,-8.942330199,-5.476594297,-3.203824289,-5.283909953,-3.735032231,14.3616359918302,1726550.40766103
"HER42PB",245.6,2916.4,-7.979259862,-5.513771298,-3.189846889,-4.298102454,-3.778017504,10.9142302230788,54952.816987628
"HER42PB",245.7,2917.85,-6.58614563,-5.304164115,-2.962056301,-4.788116548,-3.849575207,6.63283709266175,759.634269157462
"HER42PB",245.8,2919.3,-7.876866139,-5.24737826,-3.348576997,-4.495871465,-3.794819105,10.359840772517,31566.1547229637
"HER42PB",245.9,2920.75,-7.11945864,-5.567914706,-3.220647529,-4.707458761,-3.861362102,8.13583905184695,3414.67996065794
"HER42PB",246,2922.2,-7.567009529,-5.331633185,-3.348237388,-5.234865633,-3.913757252,9.05521192191519,8563.05177966705
"HER42PB",246.1,2923.65,-7.454266948,-5.209863811,-3.402104,-5.048497619,-3.626571178,8.88761007049796,7241.69135378563
"HER42PB",246.2,2925.11,-7.012740724,-5.42010993,-3.333631062,-4.556004951,-3.814067607,7.88202107837369,2649.22143678491
"HER42PB",246.3,2926.56,-7.054893675,-5.373799774,-3.32610693,-4.675347541,-3.84751223,7.89930057354584,2695.39643725169
"HER42PB",246.4,2928.01,-6.883887326,-5.208387663,-3.255975541,-4.654660018,-3.922898001,7.3399832302449,1540.68627651803
"HER42PB",246.5,2929.46,-7.187052295,-5.412099944,-3.332658402,-4.789157022,-3.799277934,8.2487420034195,3822.81370869041
"HER42PB",246.6,2930.91,-8.394271978,-5.607889934,-3.281615069,-5.026976148,-3.893228501,12.138703700373,186970.045847613
"HER42PB",246.7,2932.36,-6.881486425,-5.477064679,-3.46096477,-4.354782646,-3.823122936,7.67691075878297,2157.9430575295
"HER42PB",246.8,2933.81,-7.306556256,-5.496447648,-3.529971221,-5.026444019,-3.843137851,8.52865991708284,5057.66360286314
"HER42PB",246.9,2935.27,NA,-5.455614113,-3.461108182,-4.842747763,-3.783067272,NA,NA
"HER42PB",247,2936.72,-7.191077863,-5.212377891,-3.326146465,-4.932793029,-3.874470549,8.05628102234446,3153.54035320341
"HER42PB",247.1,2938.17,-7.387263595,-5.402132733,-2.915853399,-4.822314238,-3.659163428,8.80413515025847,6661.73440137985
"HER42PB",247.2,2939.62,-6.76323202,-5.111234493,-3.210371521,-4.865025668,-4.037940012,6.84539551416809,939.544810816663
"HER42PB",247.3,2941.07,-7.547325859,-5.303581266,-3.14643074,-4.901488842,-3.770740824,9.16416934954389,9548.78642557459
"HER42PB",247.4,2942.52,-5.134351728,-5.14714508,-2.717379188,-4.443325439,-3.746998606,4.06996776061092,58.5550747816234
"HER42PB",247.5,2943.97,-7.275073383,-5.376169276,-3.090300669,-4.66710664,-3.760334754,8.50828841533617,4955.6737700794
"HER42PB",247.6,2945.43,-7.821442625,-5.147293976,-2.902374524,-4.300612068,-3.653808878,10.2170149088699,27364.8578471807
"HER42PB",247.7,2946.88,-7.537379296,-4.600487522,-2.770333244,-4.663007879,-3.904818272,8.74256148193174,6263.92009856112
"HER42PB",247.8,2948.33,-6.86643837,-5.021928336,-2.870993757,-4.762304216,-3.748488464,7.19389739398655,1331.2816369049
"HER42PB",247.9,2949.78,-7.002051958,-5.172904957,-3.010425902,-4.531534046,-3.815699325,7.69058670278184,2187.65769063673
"HER42PB",248,2951.23,-7.510665105,-4.858094057,-2.943345144,-4.768290162,-3.654456879,8.90792087128732,7390.27977107574
"HER42PB",248.1,2952.68,-6.886633782,-5.054052319,-2.971116888,-4.794769721,-3.880951178,7.19191707439861,1328.64788250071
"HER42PB",248.2,2954.13,-7.121025246,-5.014607117,-2.969985341,-4.673258144,-3.729247087,7.89841081903555,2692.9992627212
"HER42PB",248.3,2955.59,-6.942949158,-5.13424013,-2.978479677,-4.645505464,-3.7250995,7.5168439547384,1838.75493304695
"HER42PB",248.4,2957.04,-7.270089181,-5.121654768,-3.141228177,-5.04161206,-3.766034414,8.21184604744601,3684.33765433364
"HER42PB",248.5,2958.49,-6.469516754,-5.007998972,-2.967814376,-4.698810694,-3.657669759,6.35637740147403,576.155391644995
"HER42PB",248.6,2959.94,-7.172647363,-5.121837634,-2.988874991,-4.77768895,-3.756508402,8.03817363414441,3096.95185494245
"HER42PB",248.7,2961.39,-7.832361342,-5.220455002,-3.093425416,-4.293215256,-3.596444883,10.3497435832903,31249.0290190142
"HER42PB",248.8,2962.84,-7.047312597,-4.975251162,-2.999628116,-5.231338869,-3.808634145,7.41958829643774,1668.34650213512
"HER42PB",248.9,2964.29,-7.243115787,-5.177660487,-3.165578343,-4.425270473,-4.033168593,8.28332484009142,3957.33002244117
"HER42PB",249,2965.75,-6.502324653,-5.033338576,-3.028005007,-4.879187896,-3.740570273,6.33271232803419,562.680700618454
"HER42PB",249.1,2967.2,-7.358193753,-5.197172224,-3.229125754,-4.522630231,-3.897470392,8.65454522788864,5736.15972463808
"HER42PB",249.2,2968.65,-7.00197901,-4.990786569,-3.094968547,-4.467400751,-3.808990956,7.63592026093275,2071.27628886946
"HER42PB",249.3,2970.1,-7.764845375,-4.864717442,-3.036416973,-4.723127988,-3.892419624,9.60662533098207,14862.9278972824
"HER42PB",249.4,2971.55,-6.826545224,-5.019037397,-2.969833599,-4.201186738,-3.818978492,7.30119661542398,1482.07233754507
"HER42PB",249.5,2973,NA,-5.07699402,-3.093065108,-4.265614062,-3.708055888,NA,NA
"HER42PB",249.6,2974.45,-6.950762991,-5.097849099,-3.109858667,-4.799629521,-3.817621718,7.42412247681455,1675.92826165012
"HER42PB",249.7,2975.91,-7.732910634,-5.335015361,-3.302093835,-4.910132167,-3.859261641,9.7276338162362,16774.8130335402
"HER42PB",249.8,2977.36,-6.71331807,-5.22113142,-3.142288143,-4.537599698,-3.791530116,7.03780180747179,1138.88137252202
"HER42PB",249.9,2978.81,-6.823975924,-5.285274563,-3.095055268,-4.676761767,-3.725202896,7.30588776914084,1489.04130015698
"HER42PB",250,2980.26,-6.376781807,-5.019119259,-2.724031077,-4.502501314,-4.026943829,6.0194208448757,411.340296886558
"HER42PB",250.1,2981.25,-6.575995326,-4.615001935,-2.105694814,-4.166561464,-3.768131882,6.42923743237184,619.70120370879
"HER42PB",250.2,2982.23,-6.100517604,-4.917005872,-2.588783254,-5.151845463,-3.710710186,5.28681090495649,197.711896911934
"HER42PB",250.3,2983.22,-6.221914674,-5.099434904,-2.42821833,-4.290603324,-3.717868684,5.94912419788179,383.417394205972
"HER42PB",250.4,2984.21,-7.9645301,-4.957325426,-2.923589457,-4.090129087,-3.745022395,10.6379754811438,41688.2870043053
"HER42PB",250.5,2985.2,-7.366445148,-4.942380158,-2.886271453,-4.927727881,-3.991991092,8.2836653716442,3958.67784765404
"HER42PB",250.6,2986.18,-6.323858099,-4.922964938,-2.828242201,-4.603194551,-3.823145649,5.93671664844386,378.689515281268
"HER42PB",250.7,2987.17,-6.861292405,-4.948053038,-2.974074518,-4.151576924,-3.649441195,7.45729568319186,1732.45660510489
"HER42PB",250.8,2988.16,-6.32350266,-4.971367218,-2.799339456,-4.690464833,-3.875332251,5.89475914281,363.129363047101
"HER42PB",250.9,2989.15,-6.824726869,-4.945261819,-2.847384397,-4.323290917,-3.868515353,7.1660148104385,1294.67478385774
"HER42PB",251,2990.14,-6.147755791,-4.710322469,-2.740813626,-4.296098181,-3.819575151,5.58436482528884,266.231125744633
"HER42PB",251.1,2991.12,-6.59968374,-4.615307311,-2.806179335,-4.679306893,-3.793356879,6.35455928933456,575.108828206361
"HER42PB",251.2,2992.11,-7.001888296,-4.926129999,-2.899244931,-4.301712151,-3.751741828,7.67277685482174,2149.04074151336
"HER42PB",251.3,2993.1,-6.757249464,-4.888949917,-2.898435462,-4.598639723,-3.8593305,6.8740130394608,966.820680683689
"HER42PB",251.4,2994.09,-6.682241901,-4.933967543,-2.786953892,-4.450170592,-3.884701129,6.75430675630917,857.744917477996
"HER42PB",251.5,2995.07,-6.163261505,-4.934287398,-2.796402261,-4.32210928,-4.14246869,5.56187297790867,260.309934775474
"HER42PB",251.6,2996.06,-6.210758593,-4.921091068,-2.813956823,-4.064519571,-3.878359238,5.89420883281664,362.929584304894
"HER42PB",251.7,2997.05,-6.593887172,-4.939328824,-2.835822557,-4.011342052,-3.731686291,6.82033440558474,916.29137180574
"HER42PB",251.8,2998.04,-6.638070283,-4.904646391,-2.79218708,-4.470160094,-3.687335376,6.7321610990648,838.958380421711
"HER42PB",251.9,2999.02,-6.355713012,-4.980847347,-2.842811641,-4.556406337,-3.702684472,6.11715703300381,453.573365657729
"HER42PB",252,3000.01,-6.377736217,-4.999285034,-2.898421056,-4.316029131,-3.822448771,6.21676958229509,501.081910781577
"HER42PB",252.1,3001,-6.731668789,-5.232654694,-3.339603891,-4.902730317,-3.691484753,7.01620207424492,1114.54560785464
"HER42PB",252.2,3001.99,-6.380816933,-5.265944124,-3.330844891,-4.994522572,-3.747631611,6.18307001811133,484.477028839727
"HER42PB",252.3,3002.97,-7.03678044,-5.38452253,-3.232203457,-4.408946573,-3.8931671,7.93055082982817,2780.95821744138
"HER42PB",252.4,3003.96,-6.395912189,-5.180144808,-3.074051549,-4.472034755,-3.68222817,6.38281724327466,591.592020812142
"HER42PB",252.5,3004.95,-7.670224444,-5.217066492,-2.624785227,-4.479233822,-3.618439496,9.67742219488479,15953.3193277571
"HER42PB",252.6,3005.94,-7.743009476,-5.241573524,-3.067070219,-4.398970508,-3.89855179,9.86764200549043,19295.7859306596
"HER42PB",252.7,3006.92,-7.16777953,-5.477116177,-2.899697154,-3.981744811,-3.63353164,8.58842343106068,5369.14217642847
"HER42PB",252.8,3007.91,-6.745121565,-5.088055604,-2.884648627,-4.495114288,-3.726482926,7.05911745076281,1163.41793893581
"HER42PB",252.9,3008.9,-6.271046595,-4.927980968,-2.328121403,-4.142814889,-3.57434257,6.08022336659081,437.12682334278
"HER42PB",253,3009.89,-7.440029234,-4.976175993,-2.654622998,-4.048882188,-3.943521672,8.8666441777658,7091.44337481936
"HER42PB",253.1,3010.87,-6.060630399,-5.141811221,-2.882576569,-4.145944091,-3.725663897,5.77054384379424,320.712102514763
"HER42PB",253.2,3011.86,-6.889940389,-5.280502477,-2.851914257,-3.810655093,-3.887090648,7.7016747053573,2212.04942263787
"HER42PB",253.3,3012.85,-7.462925827,-5.496812971,-3.001406087,-4.195713456,-3.863658532,9.23499281684461,10249.5882891188
"HER42PB",253.4,3013.84,-6.595914438,-5.280715999,-2.88617563,-4.485107237,-3.704453949,6.83138453921246,926.472662619062
"HER42PB",253.5,3014.82,-6.739831895,-4.991643674,-2.715311114,-4.270550563,-3.52468394,7.16964170811141,1299.37896244897
"HER42PB",253.6,3015.81,-7.173027399,-5.172513116,-2.926063942,-4.239930697,-3.612590268,8.35165403745598,4237.18341026586
"HER42PB",253.7,3016.8,-6.88168875,-5.250859648,-2.63977885,-4.109100028,-3.777223276,7.57226225089078,1943.53206917776
"HER42PB",253.8,3017.79,-6.425840999,-5.031247835,-2.620661089,-4.770792575,-3.986396723,6.02765728792925,414.742268658705
"HER42PB",253.9,3018.78,-6.469330506,-5.173187242,-2.695381214,-4.136182763,-3.852690055,6.53463248990679,688.580677468137
"HER42PB",254,3019.76,-6.918053422,-5.196252541,-2.812956068,-4.324413572,-3.80634154,7.55390602047745,1908.18159007995
"HER42PB",254.1,3020.75,-6.474439824,-5.289287079,-2.682193365,-4.580715428,-3.848789154,6.42529465770496,617.2626719514
"HER42PB",254.2,3021.74,-8.572573835,-4.946329952,-2.529941002,-4.504768828,-4.009714848,12.5576448561913,284260.075299991
"HER42PB",254.3,3022.73,-6.805182203,-5.171646739,-2.687931274,-5.093804252,-3.901351291,6.88434915972434,976.865679239132
"HER42PB",254.4,3023.71,-6.659866587,-4.819654734,-2.58775313,-4.315608798,-3.875380831,6.67562784616003,792.845082382514
"HER42PB",254.5,3024.7,-6.69966453,-5.280580346,-3.17199767,-4.322178129,-3.641479242,7.20695538232194,1348.77949175219
"HER42PB",254.6,3025.69,-7.076072988,-5.161911537,-3.489953268,-4.423711693,-3.793049343,7.99639313573288,2970.22544324623
"HER42PB",254.7,3026.68,-7.144941701,-5.385972055,-3.609138236,-4.485359136,-3.783223131,8.29168705235458,3990.56080386545
"HER42PB",254.8,3027.66,NA,-5.28481982,-3.760256532,-4.771057337,-3.763463376,NA,NA
"HER42PB",254.9,3028.65,NA,-5.45946035,-3.782913693,-5.144220333,-3.751508838,NA,NA
"HER42PB",255,3029.64,-8.098110787,-5.495421102,-3.871277042,-5.149295434,-3.979073613,10.9603506517106,57546.6183209673
"HER42PB",255.1,3030.63,-7.329850567,-5.356838488,-3.928653185,-5.000698446,-3.884758991,8.56354535013935,5237.21606139497
"HER42PB",255.2,3031.61,-7.885028216,-5.176978015,-3.689331159,-5.002091436,-3.755745602,10.2095041457838,27160.0968014327
"HER42PB",255.3,3032.6,-7.107220703,-5.055503709,-3.47045725,-4.591542394,-3.57810662,8.06259730246843,3173.52203597799
"HER42PB",255.4,3033.59,-6.892565496,-5.092507224,-3.519253318,-4.746634213,-3.648997059,7.44055457900205,1703.69479256466
"HER42PB",255.5,3034.58,NA,-5.136590962,-3.403013448,-5.762485915,-3.680000231,NA,NA
"HER42PB",255.6,3035.56,-6.928738707,-5.25958156,-3.777757456,-4.929339873,-3.822658376,7.48817352875484,1786.78559715798
"HER42PB",255.7,3036.55,-6.905352394,-5.423747853,-3.686476569,-4.756501401,-3.763357614,7.60517429245121,2008.56194038737
"HER42PB",255.8,3037.54,-7.829754685,-5.460679851,-3.824696814,-6.271610067,-3.716833738,9.69507498674161,16237.4403396824
"HER42PB",255.9,3038.53,-6.797509111,-5.512794542,-3.834112218,-5.056245805,-3.966973144,7.18063574618907,1313.74320004485
"HER42PB",256,3039.51,-8.403576465,-5.465002605,-4.031319622,-4.78667051,-3.890277933,12.300777027901,219866.764925441
"HER42PB",256.1,3040.5,-7.655216188,-5.336964978,-3.968971781,-4.39711965,-3.753775292,9.83793401198573,18730.9780414712
"HER42PB",256.2,3041.49,-7.504892035,-5.307667457,-3.521817672,-4.599482399,-3.846003294,9.1741540001673,9644.60528478786
"HER42PB",256.3,3042.48,-7.439865807,-5.376862992,-3.666605244,-4.667277085,-4.008687593,8.92630890374426,7527.4295684355
"HER42PB",256.4,3043.46,NA,-5.138621035,-3.450940235,-5.262918752,-3.718280832,NA,NA
"HER42PB",256.5,3044.45,-6.868304295,-5.156926345,-3.412526345,-4.60806675,-3.917467342,7.31762744959419,1506.62518182808
"HER42PB",256.6,3045.44,-6.167772121,-5.176328667,-2.22903594,-4.608344629,-3.87992931,5.6405883728861,281.62837223559
"HER42PB",256.7,3046.43,-6.696571178,-4.995618156,-2.481977487,-4.706985965,-3.799278977,6.7182276134627,827.349827518097
"HER42PB",256.8,3047.41,-6.783720182,-4.917299184,-2.762947063,-4.615331154,-3.743637263,6.98682349960158,1082.2781532379
"HER42PB",256.9,3048.4,-6.365803456,-5.061107739,-3.324841008,-4.535014643,-3.763666715,6.2225251805545,503.97425254919
"HER42PB",257,3049.39,-7.028961022,-5.177137312,-3.418043109,-4.573041909,-3.905966969,7.75295020519884,2328.43164270826
"HER42PB",257.1,3050.38,-8.179174305,-5.113237773,-3.402345268,-4.556046228,-3.856849422,11.2948537586497,80406.7782857179
"HER42PB",257.2,3051.37,-6.304854976,-5.248802302,-3.346622675,-4.71788992,-3.891921826,6.05561077224368,426.499319866086
"HER42PB",257.3,3052.35,-7.323602206,-5.044364477,-3.263159196,-4.279079769,-3.814355619,8.62364326092914,5561.61193130281
"HER42PB",257.4,3053.34,-7.801161138,-5.38079301,-3.68314074,-4.524016405,-4.047255001,10.0831460980189,23936.1727525918
"HER42PB",257.5,3054.33,-6.484864217,-5.132471408,-3.515304818,-5.003259676,-3.876020666,6.2912346040622,539.819381045503
"HER42PB",257.6,3055.32,-6.60782237,-5.212138268,-3.395002582,-4.637943031,-3.764669684,6.79721709806842,895.352144173898
"HER42PB",257.7,3056.3,-8.098566853,-5.384976472,-3.644219557,-5.255597334,-3.610867252,11.0209872803988,61144.0161099856
"HER42PB",257.8,3057.29,NA,-5.27383286,-3.449760402,-5.14895953,-3.718024389,NA,NA
"HER42PB",257.9,3058.28,-7.446026879,-5.388564244,-3.666790203,-4.822619321,-3.822265825,8.9836923827794,7972.01356394474
"HER42PB",258,3059.27,-7.434591182,-5.242209229,-3.428048823,-4.609080058,-3.772144985,8.95460705739774,7743.48448700907
"HER42PB",258.1,3060.25,NA,-5.474824953,-3.579881248,-4.67290693,-3.776307411,NA,NA
"HER42PB",258.2,3061.24,-8.084639478,-5.064214591,-3.449910489,-4.746500232,-3.631261643,10.9743873900063,58360.0809669467
"HER42PB",258.3,3062.23,-8.474937879,-5.231369441,-3.391981923,-4.431886611,-3.629767024,12.6541943781956,313073.848125096
"HER42PB",258.4,3063.22,-5.839724623,-5.146577442,-3.194892494,-4.431157626,-3.709778386,5.29701842655985,199.740380653842
"HER42PB",258.5,3064.2,-6.786501943,-4.940675253,-3.05565829,-4.441952651,-3.717342201,7.12964395123821,1248.43238496668
"HER42PB",258.6,3065.19,-6.303998286,-5.186246657,-3.235608367,-4.697463134,-3.757047165,6.08436323440515,438.940221634222
"HER42PB",258.7,3066.18,-7.060771387,-4.961986882,-2.980589138,-4.23493815,-3.639975647,7.93951377425933,2805.99582915606
"HER42PB",258.8,3067.17,-6.7029747,-4.998226608,-3.077475019,-4.470159178,-3.658452263,6.98453778159478,1079.80719560665
"HER42PB",258.9,3068.15,-6.793985521,-5.078211959,-3.024313171,-4.08106913,-3.678845516,7.38289706971463,1608.24221516172
"HER42PB",259,3069.14,-6.495530534,-4.932779735,-2.990552832,-4.245162523,-3.702322524,6.53887074788744,691.505253195138
"HER42PB",259.1,3070.13,-6.452342982,-5.016451679,-3.176798505,-4.349863772,-3.674471627,6.48560305547552,655.634228855507
"HER42PB",259.2,3071.12,-7.113247178,-5.158162653,-3.194152462,-4.332626284,-4.03995667,7.96136335401667,2867.98036085548
"HER42PB",259.3,3072.1,-7.084095441,-5.236625365,-3.155338237,-4.191989077,-3.580040674,8.21663288096412,3702.0162437848
"HER42PB",259.4,3073.09,-6.275080265,-5.162481734,-2.99184199,-4.561409232,-3.776187373,6.02523792541189,413.740069589827
"HER42PB",259.5,3074.08,-6.958052244,-5.417607203,-3.29877326,-4.59092863,-3.932221939,7.66150699284681,2124.95731234139
"HER42PB",259.6,3075.07,-7.019244037,-5.217728393,-3.371646242,-4.73147403,-3.685989658,7.79238562137218,2422.0888823925
"HER42PB",259.7,3076.05,-7.841781143,-5.138185292,-3.275351785,-4.436149164,-3.700765061,10.2495976555686,28271.1648859855
"HER42PB",259.8,3077.04,-6.487336819,-5.278114659,-3.144537009,-4.587588712,-3.818647692,6.52266088028222,680.386405580866
"HER42PB",259.9,3078.03,-7.11437598,-5.026902267,-3.304135669,-4.296459301,-3.988747947,7.95163214178326,2840.20678971169
"HER42PB",260,3079.02,NA,-5.21625401,-3.437524041,-4.572868339,-3.522153756,NA,NA
"HER42PB",260.1,3080,-6.404686379,-5.263286815,-2.95965515,-4.663357764,-3.816059903,6.28211256676444,534.917519988164
"HER42PB",260.2,3080.98,-6.973596523,-5.112844182,-3.365772193,-4.246677837,-3.780185037,7.76938937849691,2367.02549031984
"HER42PB",260.3,3081.95,-7.622174595,-5.092011353,-3.386459079,-4.516094264,-3.709041095,9.50313672150586,13401.6983642152
"HER42PB",260.4,3082.93,-6.429693037,-5.188708767,-3.553076654,-4.294460135,-3.706458162,6.58394700984195,723.388925065121
"HER42PB",260.5,3083.91,-6.588095632,-5.160224844,-3.40611869,-4.636809126,-4.109498152,6.54853666854946,698.221696119077
"HER42PB",260.6,3084.89,-6.71459256,-5.046065731,-3.318480551,-4.382026635,-3.859873011,7.00078077875722,1097.48972065231
"HER42PB",260.7,3085.87,NA,-4.993591648,-3.440765103,-4.555086686,-3.942607408,NA,NA
"HER42PB",260.8,3086.85,-7.782520644,-5.006033281,-3.264816484,-4.514854655,-3.706043084,9.95036216105404,20959.8118349402
"HER42PB",260.9,3087.83,-8.921030308,-5.06240808,-3.284100141,-4.630570867,-3.857170253,14.26091462878,1561120.87178932
"HER42PB",261,3088.81,-6.939304944,-4.917408888,-3.42854536,-4.437006552,-3.700626492,7.55245448429066,1905.41380470727
"HER42PB",261.1,3089.79,NA,-5.383259296,-3.480659845,-4.588329421,-3.793799851,NA,NA
"HER42PB",261.2,3090.77,-6.942973912,-5.105277347,-3.590823137,-4.617574141,-3.900896463,7.50444342418907,1816.09418933309
"HER42PB",261.3,3091.75,-6.807834487,-4.968006614,-3.463528175,-4.558937899,-3.806436476,7.15612304615527,1281.93129776185
"HER42PB",261.4,3092.72,-7.924511709,-4.946797941,-3.410517404,-4.419383405,-3.834940426,10.3808134731302,32235.173276018
"HER42PB",261.5,3093.7,-6.501614943,-5.14063839,-3.602944382,-4.905600051,-3.686206224,6.4823209815174,653.485916215879
"HER42PB",261.6,3094.68,-6.96406099,-5.142061636,-3.562863609,-4.688144144,-3.776187114,7.60889020248167,2016.03946013964
"HER42PB",261.7,3095.66,-7.35537073,-5.162428814,-3.53007942,-4.873674356,-3.697743819,8.62901585619367,5591.57263252148
"HER42PB",261.8,3096.64,-7.155471845,-5.223483034,-3.64923658,-4.651922844,-3.94436808,8.08834169432935,3256.28317753915
"HER42PB",261.9,3097.62,-6.885908613,-5.165758676,-3.318783484,-4.669891536,-3.953090165,7.30917881648292,1493.94987832128
"HER42PB",262,3098.6,-7.068447541,-5.143769612,-3.679084617,-5.077355169,-3.593562444,7.82890075065997,2512.16635786488
"HER42PB",262.1,3099.58,-6.56309965,-5.099513614,-3.52027934,-5.482505866,-3.650166856,6.36874403441098,583.324732824293
"HER42PB",262.2,3100.56,-7.944213503,-5.176099061,-3.407016301,-4.849929556,-3.848679173,10.3844283004371,32351.9087227419
"HER42PB",262.3,3101.54,-6.977488617,-4.922652886,-3.614993564,-4.499550637,-4.041860268,7.47401408698956,1761.66398427283
"HER42PB",262.4,3102.52,-6.807040042,-5.266595001,-3.786615156,-4.242090684,-3.78545439,7.49472126346736,1798.52338124851
"HER42PB",262.5,3103.49,-7.363000537,-5.206597954,-3.743471161,-4.3184781,-3.956483994,8.79527088721455,6602.9439871205
"HER42PB",262.6,3104.47,-6.672513842,-4.904364239,-3.346758656,-4.27461857,-3.925242928,6.84238055363836,936.716386232911
"HER42PB",262.7,3105.45,-6.549575444,-5.051363167,-3.60976396,-4.564348191,-4.073479424,6.48090985290458,652.56441387351
"HER42PB",262.8,3106.43,-6.880258739,-5.155751497,-3.490508743,-4.482363466,-4.068801148,7.32974427226423,1524.99173943702
"HER42PB",262.9,3107.41,NA,-5.18864072,-3.516960499,-5.000981751,-3.805792658,NA,NA
"HER42PB",263,3108.39,-7.67662817,-4.946599062,-3.29599139,-4.632105732,-3.832408268,9.47257669975868,12998.3369294812
"HER42PB",263.1,3109.37,-6.729174543,-4.948344144,-3.227410727,-4.699882785,-3.869461225,6.8366128600178,931.329243735645
"HER42PB",263.2,3110.35,-6.780335045,-4.929735076,-3.317444095,-4.243756385,-3.920734946,7.11991441523762,1236.3446166773
"HER42PB",263.3,3111.33,-6.333588485,-4.894371722,-3.296686451,-4.471870427,-4.010916633,5.96133767542351,388.128967719599
"HER42PB",263.4,3112.31,-6.576340602,-4.819121458,-3.177615409,-4.49458692,-3.784267022,6.53915203053825,691.699788984296
"HER42PB",263.5,3113.29,-6.060643448,-4.781649467,-3.177403001,-4.564348191,-3.898925559,5.36053521131583,212.838829721135
"HER42PB",263.6,3114.26,-6.905725442,-4.578447737,-3.017881293,-4.203246286,-3.980475244,7.18593015956987,1320.71714480489
"HER42PB",263.7,3115.24,-6.641102239,-4.991658992,-3.184978714,-4.16131069,-3.827283442,6.89125625056411,983.636335073539
"HER42PB",263.8,3116.22,-6.683621654,-4.734739735,-3.087451598,-3.964521617,-3.788630951,6.94169266138455,1034.51982555379
"HER42PB",263.9,3117.2,-6.729927956,-4.821997055,-3.359638112,-4.741458192,-4.154995154,6.62482846102107,753.574933991994
"HER42PB",264,3118.18,-7.441213746,-5.002827112,-3.321437746,-4.657325468,-3.763762988,8.81859471768938,6758.75998263496
"HER42PB",264.1,3119.16,-6.500887402,-4.748586769,-3.330301866,-4.187645014,-3.812068563,6.46632026179802,643.112880558439
"HER42PB",264.2,3120.14,-5.848759024,-4.710446866,-3.165307982,-3.92307883,-4.08704134,5.09232827855118,162.768391376092
"HER42PB",264.3,3121.12,-6.252358714,-4.726906458,-3.102475761,-4.510431619,-4.065995377,5.63576703439803,280.273814539701
"HER42PB",264.4,3122.1,-6.304528284,-4.636001455,-2.900436545,-4.346272299,-3.847792511,5.84801178232321,346.544688801266
"HER42PB",264.5,3123.08,-7.920705929,-4.86603112,-3.279755005,-4.266343979,-3.799348567,10.3889443101098,32498.3406505996
"HER42PB",264.6,3124.05,-6.545811376,-4.867380592,-3.565374048,-4.679518855,-3.88032079,6.42316314452849,615.948369656733
"HER42PB",264.7,3125.03,-6.578035195,-5.012399905,-3.588572535,-4.624501121,-4.000798994,6.53434872761446,688.385311956635
"HER42PB",264.8,3126.01,-6.315234136,-5.072304089,-3.699940301,-4.837372582,-3.786769512,6.0378170233567,418.977417947635
"HER42PB",264.9,3126.99,-7.031937549,-5.122395044,-3.532907918,-4.616519925,-3.815286419,7.77664323316152,2384.25797462027
"HER42PB",265,3127.97,-6.33839214,-4.879777117,-3.220442233,-4.678804443,-3.838127834,5.95850862648162,387.032483609073
"HER42PB",265.1,3128.95,-7.320603322,-4.888340406,-3.603285933,-4.804148315,-3.713852082,8.41679279214365,4522.37597156931
"HER42PB",265.2,3129.93,-8.234591525,-4.938754659,-3.550610159,-4.840083132,-3.949626603,11.2632421118118,77904.7426926999
"HER42PB",265.3,3130.91,-6.002967285,-5.012872579,-3.390865766,-4.6491082,-3.823632273,5.40536397640449,222.59722587882
"HER42PB",265.4,3131.89,-6.370730048,-4.589441879,-3.219731646,-4.520799946,-3.701983897,6.00907568898773,407.106852966896
"HER42PB",265.5,3132.87,-7.131991566,-5.16255092,-3.640547307,-4.408505557,-3.893313114,8.11852439937652,3356.06487811241
"HER42PB",265.6,3133.85,-8.323338719,-4.979299751,-3.839708617,-4.378525891,-3.754371581,11.9474173846024,154417.829293101
"HER42PB",265.7,3134.82,-6.596135642,-5.109995946,-3.569874164,-4.374760605,-3.795202447,6.83244118298574,927.452131572889
"HER42PB",265.8,3135.8,-6.129524931,-4.980902222,-3.396156922,-4.067868822,-3.748081263,5.90913240310281,368.386405819882
"HER42PB",265.9,3136.78,-6.411654051,-5.163664361,-3.450685769,-4.492283457,-3.724940987,6.42800530467052,618.938122892205
"HER42PB",266,3137.76,-6.919217118,-4.908024677,-3.553838834,-4.362851504,-4.066585688,7.35471961307828,1563.55853256365
"HER42PB",266.1,3138.74,-6.547419797,-4.74927053,-2.902773598,-4.48985033,-4.010979497,6.28521455775345,536.579405559463
"HER42PB",266.2,3139.72,-4.74084157,-4.637090065,-2.771326149,-3.778674116,-3.723702093,3.55638760477508,35.0364029329324
"HER42PB",266.3,3140.7,-5.463523081,-4.79722315,-3.04006921,-3.808769972,-3.886389458,4.61791258774199,101.28239320845
"HER42PB",266.4,3141.68,-5.414360999,-4.575339047,-2.808826361,-3.768418089,-3.808776655,4.44901765282137,85.5428699170763
"HER42PB",266.5,3142.66,-6.409142905,-4.648949901,-3.017596464,-4.321262494,-3.698835366,6.17765346880231,481.859929346745
"HER42PB",266.6,3143.64,-6.38814804,-4.522670995,-3.177833347,-3.966687612,-3.835889208,6.16212650415119,474.435892786009
"HER42PB",266.7,3144.62,-6.124261483,-4.728971559,-3.029938546,-4.147840493,-3.755257109,5.68091898882633,293.218770917054
"HER42PB",266.8,3145.59,-5.681732362,-4.766993221,-2.899500364,-4.07851531,-3.77190279,4.89322675366119,133.383275380455
"HER42PB",266.9,3146.57,-5.930743645,-4.609661433,-2.789993176,-4.047353853,-3.979078085,5.14341721346967,171.300138434368
"HER42PB",267,3147.55,-6.160993658,-4.669655287,-3.063070443,-4.290165665,-3.775837411,5.65768241297328,286.483921159699
"HER42PB",267.1,3148.53,-6.632969285,-4.600533786,-3.127840981,-4.211241537,-3.838928636,6.63332415004496,760.004344753501
"HER42PB",267.2,3149.51,-6.553879648,-4.689360824,-3.183984726,-3.953288599,-3.670872468,6.70165316976039,813.749980663353
"HER42PB",267.3,3150.49,-6.209569786,-4.80422723,-3.454766497,-4.441595222,-3.985639476,5.70715857728524,301.014542424735
"HER42PB",267.4,3151.47,-7.508612714,-4.895872692,-3.649798712,-4.21783915,-3.811810185,9.16006760008067,9509.69991232186
"HER42PB",267.5,3152.45,-6.582226579,-4.793502014,-3.588314142,-5.113096212,-3.881475681,6.29116756353055,539.783192480267
"HER42PB",267.6,3153.43,-7.070801342,-4.954180797,-3.655561603,-4.207735035,-3.816207435,7.97218096597835,2899.17347281735
"HER42PB",267.7,3154.41,-7.061672165,-5.028750639,-3.57624505,-4.329668723,-3.55420559,8.06292425888613,3174.55980901839
"HER42PB",267.8,3155.39,-6.829642878,-5.144105622,-3.280961507,-4.388307476,-3.95752456,7.26793413871756,1433.58580240825
"HER42PB",267.9,3156.36,-7.897965394,-5.402008908,-3.957031045,-4.777069977,-3.8882109,10.4301522911819,33865.5072856811
"HER42PB",268,3157.34,-6.78862895,-5.196735347,-3.994534023,-4.567536891,-3.811547793,7.29540842159,1473.51859482128
"HER42PB",268.1,3158.32,-6.973124047,-5.221638477,-4.09008908,-4.913616721,-3.688066316,7.69817935917433,2204.3310411977
"HER42PB",268.2,3159.3,-6.475457174,-5.061763839,-3.972201386,-4.392055231,-3.878072541,6.54382532388802,694.939870035953
"HER42PB",268.3,3160.28,-6.573355893,-5.089319247,-3.807486121,-4.942715772,-3.687956795,6.62596474433391,754.431695284064
"HER42PB",268.4,3161.26,-6.834334012,-5.317419468,-3.947845754,-4.572086535,-3.827040916,7.45269096556508,1724.49747048488
"HER42PB",268.5,3162.24,-6.663081609,-5.014422984,-3.899281393,-4.452611805,-3.690617963,7.00178372414447,1098.59099507192
"HER42PB",268.6,3163.22,-6.868760882,-4.926341138,-3.804686355,-4.457649557,-3.821918257,7.361612083637,1574.37253851403
"HER42PB",268.7,3164.2,-8.093385889,-5.118707025,-3.788195303,-4.196476521,-3.573410549,11.3343400837915,83645.2636516431
"HER42PB",268.8,3165.18,-7.166191242,-5.144857331,-3.83744894,-5.500312019,-3.737420534,7.8619240482536,2596.51138559755
"HER42PB",268.9,3166.15,-7.350911331,-5.243031854,-3.867307175,-4.819047698,-3.723498199,8.71302837063485,6081.63206471157
"HER42PB",269,3167.13,-6.592870173,-5.179668359,-3.489507235,-4.34253577,-3.80003329,6.86145916350567,954.75920135203
"HER42PB",269.1,3168.11,-6.881912005,-5.257945992,-3.560215472,-4.787341581,-3.674812567,7.47658017532298,1766.19037474539
"HER42PB",269.2,3169.09,-7.77265364,-5.125228061,-3.718314413,-4.65262365,-3.596458052,10.0426595965901,22986.4363395967
"HER42PB",269.3,3170.07,-7.837406363,-5.14616328,-3.839205661,-4.567362251,-3.976676652,10.1186317281172,24800.8133532486
"HER42PB",269.4,3171.05,-7.84119807,-5.243148764,-3.833864884,-4.82996161,-3.782912557,10.1745060571573,26225.9867051501
"HER42PB",269.5,3172.03,-7.18931867,-5.022171548,-3.193567449,-4.677013046,-3.866683611,8.04239929103315,3110.06619972876
"HER42PB",269.6,3173.01,-7.358779942,-5.179493065,-3.518897614,-4.393506876,-3.713852375,8.83396615475491,6863.45442694502
"HER42PB",269.7,3173.99,-7.943934764,-5.158042077,-3.675236815,-4.484917812,-3.599202129,10.6886565494729,43855.5496419926
"HER42PB",269.8,3174.97,-6.400056076,-5.261834649,-3.600375552,-4.769627888,-3.709326736,6.36976701749357,583.921769484765
"HER42PB",269.9,3175.95,-8.271701776,-5.021327285,-3.187196634,-4.805965874,-3.800062983,11.4877323381352,97512.1571699194
"HER42PB",270,3176.92,-6.515070226,-4.937158567,-2.597202267,-4.274727442,-3.862557036,6.43589042638031,623.837817278751
"HER42PB",270.1,3177.9,-6.730646777,-4.69957882,-2.77004527,-4.30486125,-3.936079148,6.77475889020843,875.468253617036
"HER42PB",270.2,3178.87,-6.646282284,-4.746042172,-2.793036649,-3.821684378,-3.858189375,6.84416295691215,938.387481426693
"HER42PB",270.3,3179.84,-6.677003068,-4.731092919,-2.869395398,-4.136910003,-3.963295143,6.73405546465142,840.549180609017
"HER42PB",270.4,3180.82,-6.078981414,-4.976630804,-2.750394999,-4.349017664,-3.969108755,5.49214301444342,242.776924233294
"HER42PB",270.5,3181.79,-6.48626241,-4.760524042,-2.730503427,-4.123837316,-3.657963081,6.46576813160375,642.757896526474
"HER42PB",270.6,3182.76,-6.553729883,-4.779988919,-2.736802795,-4.419986185,-3.730015291,6.46728537316089,643.733855713963
"HER42PB",270.7,3183.73,-7.856267931,-4.863874558,-2.742675005,-4.459524899,-3.715251849,10.0647035363097,23498.7741821415
"HER42PB",270.8,3184.71,-6.64672812,-4.854968651,-2.735905835,-4.248832847,-3.591783987,6.85831133919348,951.75851242428
"HER42PB",270.9,3185.68,-7.074322065,-4.857096821,-2.79891937,-4.668196294,-3.879987349,7.5938227072388,1985.8905002093
"HER42PB",271,3186.65,-6.625570887,-4.978392647,-2.773787962,-4.388550483,-3.966118561,6.62859565287224,756.419149331308
"HER42PB",271.1,3187.62,-6.377860092,-4.915025654,-2.673196771,-4.309847247,-3.702667057,6.2071309748304,496.275380277896
"HER42PB",271.2,3188.6,-6.866399605,-5.095174739,-2.690137921,-4.742241225,-3.88788793,7.14375922106768,1266.17930154416
"HER42PB",271.3,3189.57,-6.74705056,-4.845592173,-2.492363347,-4.41871297,-3.911282936,6.81897284748353,915.044636809059
"HER42PB",271.4,3190.54,-7.482886442,-4.830925708,-2.558271281,-4.536057976,-3.934053062,8.70919024073144,6058.334708562
"HER42PB",271.5,3191.52,-6.142037406,-4.859121399,-2.797998438,-4.459172025,-3.858683675,5.57198063795372,262.954401272469
"HER42PB",271.6,3192.49,-6.639568213,-4.806202742,-2.939962181,-4.120923423,-3.862089505,6.75588010293533,859.095509746306
"HER42PB",271.7,3193.46,-6.947557807,-4.96112646,-2.895772859,-4.139424147,-3.737138692,7.62694534995261,2052.7699392042
"HER42PB",271.8,3194.43,-6.996274777,-4.836790528,-2.954686568,-4.357217448,-3.869270606,7.53541787513654,1873.22697020399
"HER42PB",271.9,3195.41,-6.75870029,-4.803516504,-2.95785177,-4.518916098,-3.857517616,6.87414428969771,966.947584454976
"HER42PB",272,3196.38,-6.899874306,-4.865168658,-3.058273764,-4.659164616,-3.666109868,7.30410178483707,1486.38426918131
"HER42PB",272.1,3197.35,-6.953382552,-4.966951205,-3.229593282,-4.565102738,-3.902613998,7.42989393673462,1685.62878059247
"HER42PB",272.2,3198.32,-6.659524662,-5.078486224,-3.131400987,-4.283689108,-3.875748751,6.89673550567186,989.04072197295
"HER42PB",272.3,3199.3,-6.703657915,-4.807602327,-3.140438181,-4.547452358,-3.888121799,6.74390317778031,848.867559088376
"HER42PB",272.4,3200.27,-7.022553472,-5.132813595,-3.488437631,-4.248128202,-3.797812528,7.91152998465749,2728.56193228101
"HER42PB",272.5,3201.24,-5.920939891,-4.908473553,-3.3392811,-4.401114137,-3.887791633,5.25897519318417,192.284335993347
"HER42PB",272.6,3202.21,-6.939279446,-4.985878625,-3.476838439,-3.911181887,-3.970215419,7.66980666227636,2142.6671468106
"HER42PB",272.7,3203.19,-7.017336604,-4.875681878,-3.435320296,-4.576165348,-3.751989905,7.64582672436484,2091.89728360637
"HER42PB",272.8,3204.16,-7.428580737,-4.866841655,-3.503312505,-4.595367393,-3.737620117,8.77382632093777,6462.85416841202
"HER42PB",272.9,3205.13,-7.212574157,-4.771727497,-3.493132052,-4.58840544,-3.821775482,8.07394202556167,3209.72975967074
"HER42PB",273,3206.11,-6.292025656,-4.888752959,-3.041863569,-4.270750288,-3.88545085,5.9852166896341,397.508647921105
"HER42PB",273.1,3207.08,-6.577215411,-5.19539533,-3.391010368,-4.379990834,-3.806861327,6.80237868926478,899.985533462695
"HER42PB",273.2,3208.05,-6.443399165,-5.057104803,-2.983633429,-4.36992779,-3.842474705,6.36627333918888,581.885294133353
"HER42PB",273.3,3209.02,-6.355775702,-4.691961019,-2.922262993,-4.591347126,-3.772888644,5.92573934131937,374.555257192781
"HER42PB",273.4,3210,-6.718172642,-4.680345981,-2.959503532,-4.492374692,-3.772590152,6.76910927502484,870.53614026854
"HER42PB",273.5,3210.97,-6.340332581,-4.736973715,-3.078745638,-4.333543195,-3.702358089,6.0800127729613,437.034776911032
"HER42PB",273.6,3211.94,-6.836661989,-4.735581272,-2.880622098,-4.75410032,-3.774439974,6.96221097471557,1055.96569159186
"HER42PB",273.7,3212.91,-6.843230433,-4.598709141,-3.094028062,-4.169966348,-3.793835878,7.16369326563294,1291.67262451048
"HER42PB",273.8,3213.89,-6.108009123,-4.645574498,-2.875555015,-4.501106066,-3.840198944,5.39628330256515,220.585042888596
"HER42PB",273.9,3214.86,-6.314755047,-4.695838391,-3.027775635,-4.479004009,-3.737669618,5.92061465756916,372.640689918678
"HER42PB",274,3215.83,-6.629941026,-4.902720078,-3.082361154,-4.576886239,-3.72691815,6.6875531148577,802.356573850843
"HER42PB",274.1,3216.81,-6.743239472,-4.895127066,-2.95019587,-4.431996316,-3.873612815,6.91175688358996,1004.00962171775
"HER42PB",274.2,3217.78,-6.503602868,-4.964369214,-2.969792595,-4.004670743,-3.851316242,6.59131085986418,728.73551419684
"HER42PB",274.3,3218.75,-6.943252854,-5.231160787,-3.054194225,-4.15225357,-4.08647204,7.59273153277306,1983.72472903569
"HER42PB",274.4,3219.72,-6.599085262,-5.103591609,-3.208845128,-4.292661392,-3.82050491,6.80751608941199,904.62101624444
"HER42PB",274.5,3220.7,-6.34736307,-5.158428143,-2.908572783,-4.652158336,-3.740811311,6.14279683743178,465.353269932895
"HER42PB",274.6,3221.67,-6.935317863,-4.862656008,-2.769281372,-4.380817921,-3.748295363,7.42315065878027,1674.30035548369
"HER42PB",274.7,3222.64,-7.20566169,-4.677079977,-3.358558231,-4.478743005,-4.005531908,7.93684528869791,2798.51805140887
"HER42PB",274.8,3223.61,-6.527532521,-5.071033902,-2.971665114,-4.414568288,-3.699681121,6.61142957023385,743.545209396508
"HER42PB",274.9,3224.59,-6.431858912,-5.045564551,-3.207098794,-4.435709888,-3.891160902,6.3133767473445,551.905451087502
"HER42PB",275,3225.56,-6.820432165,-5.300606411,-3.196091232,-4.251826496,-3.884803816,7.40979356740107,1652.08526740532
"HER42PB",275.1,3226.53,-7.742478612,-5.111860151,-3.432074353,-4.287833396,-3.964995911,9.85800636922643,19110.7516491512
"HER42PB",275.2,3227.51,-6.761083966,-5.026482911,-3.38235944,-4.292984435,-3.561957437,7.29957184996482,1479.66627277782
"HER42PB",275.3,3228.48,-6.495451048,-4.712502208,-3.15141208,-4.067702812,-3.90781893,6.41071155661547,608.326385760423
"HER42PB",275.4,3229.45,-7.261537153,-4.897891803,-3.375021907,-4.124433926,-3.695662679,8.51347372952646,4981.4372337024
"HER42PB",275.5,3230.42,-7.685932709,-5.050851527,-3.549877658,-4.27735522,-3.826373273,9.7387452024034,16962.2438386741
"HER42PB",275.6,3231.4,-6.584716051,-5.001062255,-3.678311885,-4.829997853,-3.795225517,6.57817752595595,719.22736090115
"HER42PB",275.7,3232.37,-6.879535829,-5.015455699,-3.64183825,-4.884835516,-3.893853892,7.2010659393922,1340.85927762831
"HER42PB",275.8,3233.34,-7.272629847,-5.07540527,-3.724716764,-4.398855981,-3.799973502,8.51821617447055,5005.11753239974
"HER42PB",275.9,3234.31,-6.966610451,-5.040194096,-4.001058794,-4.672166515,-3.981747849,7.52083147118359,1846.10163639681
"HER42PB",276,3235.29,-6.989514461,-5.055580503,-3.705058991,-4.807842297,-4.194607216,7.38125871597308,1605.6095027572
"HER42PB",276.1,3236.26,-7.163197377,-5.250077051,-3.740722597,-4.713862193,-3.757708144,8.20682588701046,3665.88803697699
"HER42PB",276.2,3237.23,-7.07373186,-4.960767627,-3.645627026,-4.47892954,-3.737207689,7.91212806279356,2730.19431361276
"HER42PB",276.3,3238.2,-6.412136031,-4.82553761,-3.504001816,-4.542818327,-3.834856061,6.18116174947403,483.5533980682
"HER42PB",276.4,3239.18,-7.206854075,-4.876098105,-3.308495432,-5.230790888,-3.897876415,7.78636362944177,2407.54691244711
"HER42PB",276.5,3240.15,-5.923941184,-4.82860222,-3.264779191,-4.422044813,-3.851879749,5.22262791788074,185.420815052839
"HER42PB",276.6,3241.12,-6.658089636,-4.876586667,-3.277511542,-4.490786739,-3.799978741,6.76188576896959,864.27047447009
"HER42PB",276.7,3242.1,-6.207831945,-4.603602378,-2.852247961,-4.504265188,-3.731621002,5.62338171042432,276.823940548502
"HER42PB",276.8,3243.07,-6.120092951,-4.778382497,-3.126106387,-4.221810851,-4.059727557,5.52351542393628,250.514154504431
"HER42PB",276.9,3244.04,-6.428626269,-4.946288859,-3.257992371,-4.409431396,-3.708817514,6.36652040295189,582.029074664511
"HER42PB",277,3245.01,-7.016635308,-4.819410731,-3.370812486,-3.974837668,-3.884874762,7.78254797343988,2398.37804536644
"HER42PB",277.1,3245.99,-6.871597188,-4.891437116,-3.264642293,-4.493859373,-4.028390899,7.1556135442257,1281.2783176535
"HER42PB",277.2,3246.96,-6.163017546,-4.87556902,-2.799786762,-4.73637189,-3.71913716,5.58136997232668,265.434995410771
"HER42PB",277.3,3247.93,-6.616585651,-4.725036711,-2.738464197,-4.61160827,-3.849800775,6.43967940869245,626.206011423702
"HER42PB",277.4,3248.9,-6.56078249,-4.780787862,-2.809422552,-4.338532545,-3.705119223,6.53941008480953,691.878308102106
"HER42PB",277.5,3249.88,-6.653823984,-4.868621916,-3.095678718,-5.28733225,-3.783254854,6.40666776393902,605.871407034664
"HER42PB",277.6,3250.85,-6.824398948,-4.801773881,-3.210970048,-4.762553168,-3.878736727,6.95417431146829,1047.51326109035
"HER42PB",277.7,3251.82,-6.219621153,-4.836537068,-2.902177058,-4.597444215,-3.662592629,5.77374825551876,321.741444473182
"HER42PB",277.8,3252.8,-6.837882229,-4.874700494,-2.929279701,-4.218174668,-3.64570102,7.33043277591403,1526.04206334997
"HER42PB",277.9,3253.77,-6.905621425,-4.922806719,-2.706442801,-4.270330578,-3.728664687,7.42758287487446,1681.73768621902
"HER42PB",278,3254.74,-6.38840383,-5.104869203,-2.765730954,-4.365202007,-3.831903527,6.25186525292333,518.979951291357
"HER42PB",278.1,3255.71,-6.445164109,-5.042340446,-2.823939137,-4.612582646,-3.789577478,6.26912069930583,528.012891593948
"HER42PB",278.2,3256.69,-5.750801621,-4.815029753,-2.165690144,-4.149594207,-3.717489851,4.93807004295324,139.500759118074
"HER42PB",278.3,3257.66,-7.145458982,-5.148493662,-2.865557362,-4.803653175,-3.653000009,8.00579826786962,2998.29258671923
"HER42PB",278.4,3258.63,-6.741459171,-5.118477034,-3.090210786,-4.647913024,-3.742323605,7.02349073500566,1122.69882963181
"HER42PB",278.5,3259.6,-6.244166901,-5.007404274,-2.803036809,-4.070362598,-3.857700324,6.01376829767189,409.021735503822
"HER42PB",278.6,3260.58,-6.444723897,-4.923839382,-2.610937322,-4.33811245,-3.978349496,6.19151908591133,488.587749528626
"HER42PB",278.7,3261.55,-6.779657602,-4.931385922,-2.869496794,-4.17955524,-3.627120367,7.2373264014898,1390.37170144713
"HER42PB",278.8,3262.52,-6.268780577,-4.82513492,-2.746103298,-4.291617885,-3.853362954,5.87243925546636,355.114138771668
"HER42PB",278.9,3263.49,-7.347943823,-5.016609317,-2.763401605,-4.171627613,-3.746075746,8.6898573284999,5942.33438046851
"HER42PB",279,3264.47,-6.2924256,-4.979665323,-2.76562619,-4.325417622,-3.861171663,5.9867796675286,398.130430940658
"HER42PB",279.1,3265.44,-6.430087266,-4.912456902,-2.36391358,-4.198376512,-3.873268034,6.23237026318605,508.960425076045
"HER42PB",279.2,3266.41,-6.533285581,-4.661483404,-2.495647046,-4.009096583,-3.676594356,6.52276912566785,680.460058255919
"HER42PB",279.3,3267.39,-6.23597245,-4.913250893,-2.462046107,-4.098467107,-3.840715701,5.89915560286492,364.729361373694
"HER42PB",279.4,3268.36,-7.576070364,-4.896491837,-2.573891779,-4.544158433,-4.008764013,8.98298786038233,7966.39907983632
"HER42PB",279.5,3269.33,-6.360452266,-4.93143296,-2.428315446,-3.982965864,-3.611961095,6.32665664233677,559.28357947786
"HER42PB",279.6,3270.3,-6.379733464,-4.670524398,-2.404504793,-4.171639215,-3.942388226,5.97873409804343,394.940096134044
"HER42PB",279.7,3271.28,-5.633456515,-4.542812396,-2.293909414,-4.082859103,-3.903065993,4.5422849801281,93.9051265084502
"HER42PB",279.8,3272.25,-5.99135343,-4.83867392,-2.451038436,-4.107656465,-3.998923265,5.29577132884418,199.491440140238
"HER42PB",279.9,3273.22,-5.848687246,-4.587716297,-2.296917006,-4.2528023,-3.837637795,4.9054640051644,135.025548025115
"HER42PB",280,3274.19,-6.241925988,-4.769199121,-2.373042475,-4.026352272,-3.824030049,5.86175691914247,351.340879600898
"HER42PB",280.1,3275.16,-5.984418505,-4.707630357,-2.188451305,-4.147590751,-4.004150981,5.15960183836738,174.09512380467
"HER42PB",280.2,3276.12,-5.867605849,-4.803862386,-2.455255935,-4.531621498,-3.639704019,5.06308083365449,158.076775146346
"HER42PB",280.3,3277.08,-6.473812225,-4.789298286,-2.408995392,-4.272828245,-3.778269293,6.28715290864409,537.620493398931
"HER42PB",280.4,3278.04,-5.722780753,-4.931441546,-2.516363163,-4.274928499,-3.952412474,4.82463399859279,124.540877904047
"HER42PB",280.5,3279,-6.212814283,-4.791428602,-2.567059255,-4.324171688,-4.014147744,5.62054027595663,276.03847990828
"HER42PB",280.6,3279.96,-6.686770853,-4.8508616,-2.53474718,-4.515339031,-3.729259793,6.74122471527397,846.59694139816
"HER42PB",280.7,3280.92,-6.732780581,-4.626527782,-2.580030396,-4.428023934,-3.723016776,6.7760432422973,876.593385475373
"HER42PB",280.8,3281.89,-6.128219904,-4.971788044,-2.770410637,-4.00938596,-3.858305593,5.78420879461502,325.124697909011
"HER42PB",280.9,3282.85,-6.388949178,-4.856226183,-2.509767279,-4.277338353,-3.521050276,6.28520508703732,536.574323792294
"HER42PB",281,3283.81,-6.248352304,-4.852107612,-2.475131702,-4.492795884,-3.901431398,5.70134885029427,299.27080035033
"HER42PB",281.1,3284.77,-6.574314806,-4.943293321,-2.722621011,-4.241288687,-3.872343651,6.5962501677166,732.343867291832
"HER42PB",281.2,3285.73,-6.468267922,-4.842300708,-2.713288666,-4.206504824,-3.873013215,6.32186545280319,556.610354922085
"HER42PB",281.3,3286.69,-6.718884664,-4.769939612,-2.739799728,-4.403614412,-3.840403653,6.7892707465772,888.265554882458
"HER42PB",281.4,3287.66,-6.242223265,-4.800085168,-2.639004749,-4.311877633,-3.801052009,5.80967135442125,333.509501238707
"HER42PB",281.5,3288.62,-6.623335852,-4.729161378,-2.712882706,-4.175038948,-3.713546008,6.70276512124093,814.655334420583
"HER42PB",281.6,3289.58,-6.029063963,-4.70152776,-2.560275659,-4.098803586,-3.882624292,5.37370736491265,215.660921184755
"HER42PB",281.7,3290.54,-6.301422697,-4.788128645,-2.633242105,-4.440361762,-3.671334037,5.93849978481874,379.365372724671
"HER42PB",281.8,3291.5,-5.273051357,-4.666915554,-2.603441029,-4.25140011,-4.057030214,3.9253208728366,50.6693338635614
"HER42PB",281.9,3292.46,-6.224380703,-4.873979265,-2.887152205,-4.413573039,-3.777584272,5.81643087344857,335.771501462132
"HER42PB",282,3293.42,-6.53487836,-4.671352093,-2.839324799,-4.351640025,-3.88314659,6.33070999968588,561.555156331231
"HER42PB",282.1,3294.39,-6.631975943,-4.746690416,-2.74698161,-4.264852329,-3.830399684,6.63894788166369,764.290445862486
"HER42PB",282.2,3295.35,-6.297188243,-4.793110847,-3.060191877,-4.269039996,-3.930957885,5.9252350417445,374.366416755892
"HER42PB",282.3,3296.31,-6.820681816,-4.537801794,-2.748117445,-4.208104409,-4.038988327,6.88771857364446,980.162695443754
"HER42PB",282.4,3297.27,-6.168483609,-4.675867656,-2.950633951,-4.893980654,-3.988500838,5.30364694654398,201.068761494335
"HER42PB",282.5,3298.23,-6.649217683,-4.818237501,-2.858233006,-4.368878199,-3.72713195,6.74198823913623,847.243585197208
"HER42PB",282.6,3299.19,-6.343676649,-4.725580674,-2.797062267,-4.3977665,-3.784317021,5.9743246754743,393.202472135317
"HER42PB",282.7,3300.15,-6.465226474,-4.758989178,-2.706698626,-4.35352407,-3.866795998,6.21383024562518,499.611224826023
"HER42PB",282.8,3301.12,-6.076327081,-4.684430465,-2.576081198,-4.334482004,-3.787316858,5.41046106401131,223.734719930876
"HER42PB",282.9,3302.08,-6.615461281,-4.533571757,-2.695236706,-4.314838897,-4.053533074,6.34641662780139,570.444925732345
"HER42PB",283,3303.04,-6.259633848,-4.546206222,-2.679927342,-4.311768664,-3.923375539,5.65396995962441,285.422334731496
"HER42PB",283.1,3304,-6.139391078,-4.650148747,-2.700750899,-4.50849823,-4.012882025,5.34390889781128,209.329360226715
"HER42PB",283.2,3304.96,-6.764295397,-4.589543675,-2.754540903,-4.322915012,-3.763022943,6.87685221718007,969.569556846256
"HER42PB",283.3,3305.92,-6.0007827,-4.596042493,-2.66289528,-4.397748225,-4.104727111,5.04136514239835,154.68103259442
"HER42PB",283.4,3306.88,-5.724142893,-4.746367078,-2.663872098,-4.144410135,-3.655943166,4.95685404506613,142.145907129584
"HER42PB",283.5,3307.85,-6.033112574,-4.717971973,-2.702086152,-3.88211734,-3.82254638,5.52882026390464,251.846623145553
"HER42PB",283.6,3308.81,-5.981679992,-4.45791464,-2.590001455,-4.14363977,-3.957695526,5.10326602023651,164.558481923197
"HER42PB",283.7,3309.77,-6.003887067,-4.646967315,-2.587369052,-4.159169024,-3.754258701,5.34299960260259,209.139104554817
"HER42PB",283.8,3310.73,-6.452022666,-4.845923655,-2.706841646,-4.258508668,-3.92097486,6.24159142730233,513.675337767237
"HER42PB",283.9,3311.69,-5.783799106,-4.660080897,-2.869240123,-4.224762825,-3.857449483,4.90616127149814,135.119729624961
"HER42PB",284.1,3313.62,-7.827745825,-4.944809045,-2.70417875,-4.337317309,-3.743451598,10.0432549910112,23000.1264106446
"HER42PB",284.2,3314.58,-6.56355712,-4.727903458,-2.389761742,-3.868410324,-3.591172211,6.71247816272889,822.606668789757
"HER42PB",284.3,3315.54,-6.803369897,-4.664739484,-2.606351352,-4.082395445,-4.023188124,6.95303928130642,1046.3249764411
"HER42PB",284.4,3316.5,-6.263453472,-4.906572996,-2.652927332,-4.000784986,-3.894972084,5.98896713316361,399.002280799745
"HER42PB",284.5,3317.46,-6.556636301,-4.738559523,-2.579949782,-4.010321023,-3.808084156,6.55776231082084,704.693044989121
"HER42PB",284.6,3318.42,-6.011267174,-4.773392818,-2.467147765,-3.983421453,-3.708682081,5.50249882033563,245.304138018063
"HER42PB",284.7,3319.38,-6.12365982,-4.618140462,-2.411355583,-3.978260311,-3.838101989,5.56455981430169,261.010285424175
"HER42PB",284.8,3320.35,-5.883205097,-4.596440331,-2.19353648,-3.928312851,-3.805080211,5.10796897584322,165.334215849707
"HER42PB",284.9,3321.31,-6.165242769,-4.885080826,-2.257116234,-4.161513049,-3.833908263,5.69296674836921,296.772766013708
"HER42PB",285,3322.27,-6.128965324,-4.834416077,-2.332163703,-3.997338029,-3.870182854,5.65331054831123,285.23418605544
"HER42PB",285.1,3323.23,-6.550778092,-4.83906133,-2.470311435,-3.978459504,-3.915850155,6.53978727106154,692.139324310754
"HER42PB",285.2,3324.19,-6.597800331,-4.713765585,-2.256856141,-4.099648454,-3.558051172,6.68680061429017,801.753027186743
"HER42PB",285.3,3325.15,-6.662725015,-4.860383437,-2.391392242,-4.078326098,-3.808458262,6.80876832678823,905.754526055871
"HER42PB",285.4,3326.11,-5.926198489,-4.980054794,-2.252073818,-4.077187082,-3.993360421,5.23730223859451,188.161801430684
"HER42PB",285.5,3327.08,-6.533843685,-4.745233825,-2.186857832,-4.372909109,-3.970346761,6.22535571466255,505.402789668352
"HER42PB",285.6,3328.04,-6.037343501,-4.978262051,-2.470763078,-4.305482173,-3.738252879,5.51303564191632,247.902529305659
"HER42PB",285.7,3329,-6.006524986,-4.743844581,-2.268578551,-3.86372658,-3.776260554,5.46513560609982,236.307897728592
"HER42PB",285.8,3329.96,-6.316046647,-4.883232271,-2.219060076,-4.008710952,-3.923940103,6.00816435079821,406.736009951941
"HER42PB",285.9,3330.92,-6.174185567,-4.774285554,-2.070071531,-4.13136538,-3.830011651,5.64170548078203,281.943157305641
"HER42PB",286,3331.88,-6.444593644,-4.728341728,-1.965605302,-3.81335904,-3.693832325,6.36366618361744,580.370204542158
"HER42PB",286.1,3332.84,-6.516338094,-4.590230572,-1.904913001,-3.753601668,-3.791437202,6.41317102851956,609.824388807804
"HER42PB",286.2,3333.81,-6.005077353,-4.502308001,-1.905647703,-3.983140306,-3.756886332,5.24804682833319,190.194423079569
"HER42PB",286.3,3334.77,-5.550216419,-4.441628985,-1.670126461,-3.868283005,-3.809882162,4.40267696399384,81.6692018122547
"HER42PB",286.4,3335.73,-6.239795898,-4.359743822,-1.654985417,-3.616242755,-3.903924827,5.67197219435464,290.607103286098
"HER42PB",286.5,3336.69,-5.847016643,-4.509249323,-1.672629373,-3.828610992,-3.858421574,4.93969322994335,139.727378808695
"HER42PB",286.6,3337.65,-6.053890449,-4.848619786,-1.757223663,-3.744832841,-3.653636684,5.65340381830981,285.260791088274
"HER42PB",286.7,3338.61,-6.508623017,-4.795001752,-1.367877208,-3.807130217,-3.887940763,6.35935158506582,577.871534353844
"HER42PB",286.8,3339.58,-5.530750965,-4.4813077,-1.028839128,-4.053979019,-3.721469145,4.27520995627998,71.895232580721
"HER42PB",286.9,3340.54,-5.952918606,-4.846759112,-1.108910491,-3.829025302,-3.959455917,5.18171471282944,177.987747353375
"HER42PB",287,3341.5,-6.010528655,-4.868687631,-1.149223016,-3.811966284,-3.746008317,5.42421805998988,226.833906443551
"HER42PB",287.1,3342.46,-5.999500355,-4.749989422,-1.540802073,-4.28447468,-4.124207773,5.00470921084786,149.113716202266
"HER42PB",287.2,3343.42,-6.158683453,-4.682405945,-1.895272181,-4.020911746,-3.79807452,5.60092865830682,270.67765780061
"HER42PB",287.3,3344.38,-6.17621371,-4.655186755,-2.21320515,-4.298511811,-4.043717606,5.42340636991932,226.649862317524
"HER42PB",287.4,3345.34,-6.564839687,-4.795338688,-2.458616273,-3.991219755,-3.732736837,6.63640720989447,762.351099367856
"HER42PB",287.5,3346.31,-6.352525381,-4.96623102,-2.46040053,-4.630291975,-4.138853065,5.7948702166938,328.609533182664
"HER42PB",287.6,3347.27,-6.878489066,-4.799047524,-2.426592751,-4.45695203,-3.746433248,7.17248110591984,1303.07365910178
"HER42PB",287.7,3348.23,-6.323834976,-5.021758694,-2.844727336,-4.576643826,-3.93719158,5.94241768555233,380.854604021994
"HER42PB",287.8,3349.19,-6.83730599,-5.049721892,-2.840941836,-4.618102506,-3.747400547,7.19282894642759,1329.85999190148
"HER42PB",287.9,3350.15,-5.214166639,-5.044115175,-2.643977749,-4.553240337,-3.724831524,4.08956067678554,59.7136523470914
"HER42PB",288,3351.11,-6.541790565,-5.173845343,-2.735936483,-4.988442119,-3.837383355,6.35933544289204,577.862206326398
"HER42PB",288.1,3352.07,-7.186118201,-5.240208052,-2.828967385,-4.420015988,-4.005194928,8.13217214801854,3402.18158680947
"HER42PB",288.2,3353.04,-6.744006836,-5.247364417,-2.803504359,-4.417271283,-3.823237601,7.11075277536369,1225.06940113731
"HER42PB",288.3,3354,-7.350676724,-5.240463524,-2.624395712,-4.002235695,-4.012537478,8.72732832794694,6169.22393097458
"HER42PB",288.4,3354.96,-7.259507013,-5.2323339,-2.707190792,-4.455024927,-3.773151823,8.41810989973189,4528.33635164759
"HER42PB",288.5,3355.92,-7.607538288,-5.02254818,-2.561061804,-4.309754002,-3.717868529,9.39017169653872,11970.1543898965
"HER42PB",288.6,3356.88,-6.324051696,-5.117225822,-2.531455934,-4.588610657,-3.94715457,5.9406919051706,380.197899445008
"HER42PB",288.7,3357.84,-6.506685669,-5.133406676,-2.626188917,-4.598421119,-3.97271522,6.33494482582904,563.938287299213
"HER42PB",288.8,3358.8,-6.811526072,-4.966924122,-2.519475034,-4.492792993,-3.857342802,7.03787114049862,1138.96033735217
"HER42PB",288.9,3359.77,-6.466533451,-4.857095539,-2.587033637,-4.78322569,-3.768533586,6.12743704603767,458.260154619918
"HER42PB",289,3360.73,-6.714402893,-4.684017508,-2.369492804,-4.299249282,-3.738005271,6.77955097274854,879.673637976382
"HER42PB",289.1,3361.69,-7.300654588,-5.240631132,-2.464677978,-4.513745812,-3.853112031,8.43867318800625,4622.41783461389
"HER42PB",289.2,3362.65,-7.167115034,-5.165635034,-2.629153598,-4.559499231,-3.777090953,8.07627959201671,3217.24149245349
"HER42PB",289.3,3363.61,-6.795629506,-5.133081769,-2.656108806,-4.493044413,-3.8803188,7.09321826327426,1203.77564034299
"HER42PB",289.4,3364.57,-6.853500209,-5.202098098,-2.701710678,-4.810426312,-3.807844627,7.18352857008042,1317.54913004953
"HER42PB",289.5,3365.53,-6.884636427,-5.232232479,-2.848455088,-4.550836315,-3.995620602,7.30412915224017,1486.42494821541
"HER42PB",289.6,3366.5,-6.824225438,-5.165997361,-3.020597852,-4.449319683,-3.764665123,7.30632777811629,1489.69663586009
"HER42PB",289.7,3367.46,-6.047246423,-5.161195576,-2.824548126,-4.98106941,-3.782606262,5.37657071880986,216.279319648221
"HER42PB",289.8,3368.42,-6.65336891,-5.242860291,-3.16581396,-4.426099154,-3.874671434,6.9158408349878,1008.1183323925
"HER42PB",289.9,3369.38,-6.958923566,-5.124239052,-3.19894819,-4.487262143,-3.789680365,7.61261653408963,2023.56590601037
"HER42PB",290,3370.34,-6.714145762,-5.084505143,-3.270984182,-4.728230279,-4.03089022,6.78336978419884,883.039368191863
"HER42PB",290.1,3371.3,-6.988825798,-4.995200176,-3.50677632,-4.686240705,-3.800951922,7.5749658503428,1948.79371089584
"HER42PB",290.2,3372.25,-7.002991746,-4.961420478,-3.561188609,-4.529410246,-3.925554945,7.6001241345827,1998.44395571383
"HER42PB",290.3,3373.2,-6.440553874,-4.965966905,-3.438686612,-4.757007989,-3.73352984,6.27201246554807,529.54199128319
"HER42PB",290.4,3374.15,-6.415741497,-5.029447136,-3.420009223,-5.003277418,-4.058610828,5.98036518469205,395.584803295538
"HER42PB",290.5,3375.11,-6.730311602,-4.882338988,-2.989730773,-4.879128712,-3.653281522,6.81153111513256,908.260394100853
"HER42PB",290.6,3376.06,-7.476693933,-5.070924604,-3.888355708,-4.804045659,-3.879977443,8.91459511843305,7439.76929368501
"HER42PB",290.7,3377.01,-6.536525273,-5.090571076,-3.895128762,-5.258327408,-3.697542683,6.42241957471086,615.490539275358
"HER42PB",290.8,3377.97,-7.748819465,-5.051942564,-3.84013536,-4.652739217,-3.952082615,9.75947258093968,17317.4956886863
"HER42PB",290.9,3378.92,-7.023470111,-5.077559962,-3.594727674,-4.421781928,-3.767454739,7.8440206584726,2550.43868954701
"HER42PB",291,3379.87,-7.747644813,-4.863465025,-3.632227552,-4.399691946,-3.947174293,9.73473270092579,16894.3191752473
"HER42PB",291.1,3380.82,-7.111215469,-4.990951932,-3.716097133,-4.38713286,-3.925614433,7.975630288097,2909.19092277666
"HER42PB",291.2,3381.78,-7.083190434,-4.950068743,-3.43866248,-4.134118242,-3.821705976,8.00038982036687,2982.12025170037
"HER42PB",291.3,3382.73,-6.695653484,-4.862288014,-3.464306726,-4.485441711,-3.775236547,6.88146692109492,974.054172905089
"HER42PB",291.4,3383.68,-7.8433338,-4.991905016,-3.591273492,-4.423560033,-3.954067781,10.0942976122223,24204.5911773361
"HER42PB",291.5,3384.64,-6.399968511,-4.598593584,-3.361676623,-4.376407428,-3.840608883,6.08199323043064,437.901163336881
"HER42PB",291.6,3385.59,-6.657865711,-4.826039249,-3.540583919,-4.279018633,-3.858515648,6.82644633888198,921.908832837597
"HER42PB",291.7,3386.54,-5.882302171,-4.642376349,-3.419969843,-4.611839625,-3.782970471,5.02789829864722,152.611930703365
"HER42PB",291.8,3387.49,-7.139561203,-4.82455359,-3.647799735,-4.85590412,-4.017747091,7.7149869500174,2241.69364352867
"HER42PB",291.9,3388.45,-6.931897396,-4.684662398,-3.686704263,-4.91870524,-4.067501125,7.05951381314164,1163.87916543803
"HER42PB",292,3389.4,-7.109508033,-5.037671091,-3.863134959,-4.791885063,-3.802510337,7.91394479370033,2735.15885025189
"HER42PB",292.1,3390.35,-7.842671475,-4.804119204,-3.681837171,-4.651680854,-3.761961104,10.0122377850378,22297.6770762422
"HER42PB",292.2,3391.31,-7.203827059,-4.805931786,-3.504172532,-4.688822378,-3.939340723,7.9675931196953,2885.90297535422
"HER42PB",292.3,3392.26,-7.113314831,-4.656579058,-3.469369349,-4.838381269,-3.724312722,7.69256176517869,2191.98272077494
"HER42PB",292.4,3393.21,-6.646640234,-4.83269285,-3.811167002,-4.734252777,-3.836311184,6.66616037932434,785.37426850303
"HER42PB",292.5,3394.16,-6.971964799,-4.828807443,-3.648254912,-4.743082901,-3.816084826,7.43288193835269,1690.67297439302
"HER42PB",292.6,3395.12,-7.153222786,-4.875955501,-4.006917654,-4.627494142,-3.931850081,7.96465581848301,2877.43864627385
"HER42PB",292.7,3396.07,-6.636505357,-4.948735602,-3.855847427,-4.742167016,-3.992170971,6.6257954470818,754.303982882129
"HER42PB",292.8,3397.02,-6.644035379,-4.571694459,-3.745312842,-4.643065453,-3.710580035,6.61684863661514,747.585467570068
"HER42PB",292.9,3397.97,-7.797919429,-4.796322036,-3.945271826,-4.598046552,-3.716401881,9.94262485676673,20798.2651667596
"HER42PB",293,3398.93,-6.599821907,-4.730770764,-3.93433132,-4.344777759,-3.852093222,6.67364795296622,791.276886742369
"HER42PB",293.1,3399.88,-6.890410604,-4.886954969,-4.116298652,-4.820157488,-3.966724639,7.21299884722792,1356.95547402288
"HER42PB",293.2,3400.83,-7.086180365,-4.823786153,-3.694115467,-4.613980367,-3.769243327,7.80755640127385,2459.11399956522
"HER42PB",293.3,3401.79,-6.826797424,-4.701893508,-3.872614153,-4.371391439,-3.754965807,7.22071622899629,1367.46813037383
"HER42PB",293.4,3402.74,-6.281963594,-4.667134833,-3.653580796,-4.254526837,-3.818685562,5.97194119851514,392.266399100103
"HER42PB",293.5,3403.69,-6.097316515,-4.719484828,-3.500888591,-4.496908009,-3.791366304,5.52558217781982,251.032441006968
"HER42PB",293.6,3404.64,-6.607745965,-4.828644893,-3.437584835,-4.749092261,-3.856612178,6.50848276898127,670.807874589033
"HER42PB",293.7,3405.6,-8.204646977,-4.875694502,-3.51999368,-4.31097311,-3.871524149,11.3719769894191,86853.4061283686
"HER42PB",293.8,3406.55,-8.034905186,-5.020124718,-3.694101268,-4.675598747,-4.113693755,10.587728603743,39645.3365096345
"HER42PB",293.9,3407.5,-6.29506918,-4.97776769,-3.540983929,-4.490064484,-3.976610738,5.96855607175948,390.940772589918
"HER42PB",294,3408.46,-6.224533363,-5.021827183,-3.471114557,-4.439123122,-3.961979438,5.86690959685061,353.155898005874
"HER42PB",294.1,3409.41,-6.557023232,-5.026479262,-3.256090814,-4.20073396,-3.873407056,6.68911390142377,803.609859013408
"HER42PB",294.2,3410.36,-6.115254198,-5.050543461,-3.416880291,-4.745766955,-3.879283854,5.57558060678417,263.902734882415
"HER42PB",294.3,3411.31,-6.698120078,-4.989742217,-3.413456512,-4.829399567,-4.21822597,6.57694760643164,718.343312892953
"HER42PB",294.4,3412.27,-6.84846013,-4.766046818,-3.184898484,-4.565106399,-3.954127971,7.03190474230255,1132.18507849485
"HER42PB",294.5,3413.22,-6.226485994,-4.876084556,-2.019118043,-4.454144611,-4.110848526,5.5154017538953,248.489788936912
"HER42PB",294.6,3414.17,-6.872547456,-5.000745279,-3.29833091,-4.69942043,-3.963826559,7.16934522347634,1298.99377365558
"HER42PB",294.7,3415.13,-6.874075378,-4.934991194,-3.52417129,-4.520435114,-3.89636161,7.2771386043686,1446.8421087005
"HER42PB",294.8,3416.08,-7.082499178,-4.794729171,-3.393619724,-4.272033972,-4.025450481,7.74899398409397,2319.23805023568
"HER42PB",294.9,3417.03,-6.704561403,-5.010782342,-3.414668091,-4.145784905,-3.711833638,7.14508478934945,1267.85882157864
"HER42PB",295,3417.98,-7.022422354,-4.75086937,-3.381187887,-4.745155069,-4.139796568,7.31592843278454,1504.0675736432
"HER42PB",295.1,3418.94,-6.560054723,-4.923404247,-3.412637862,-4.388049717,-3.884717719,6.5805019068309,720.901063631326
"HER42PB",295.2,3419.89,-6.460699031,-4.933952835,-3.138751021,-4.526191514,-3.744218854,6.34706130863788,570.812799211987
"HER42PB",295.3,3420.84,-6.948633272,-4.95053737,-3.509819027,-4.648551309,-3.836229692,7.44743653702526,1715.45998596042
"HER42PB",295.4,3421.8,-6.628898348,-4.855831011,-3.168384389,-4.475844989,-4.000479416,6.57155574748036,714.480530219181
"HER42PB",295.5,3422.75,-6.764474386,-4.771077571,-2.989026916,-4.474737436,-3.767678849,6.93967563051419,1032.43527014268
"HER42PB",295.6,3423.7,-6.403055135,-4.833196209,-3.302559539,-4.633938142,-3.892364368,6.07163036098977,433.386682640659
"HER42PB",295.7,3424.65,-6.108148639,-4.671423425,-3.00567749,-4.369498996,-3.884457489,5.45845780947867,234.735138774299
"HER42PB",295.8,3425.61,-6.673272167,-4.733209988,-2.933660801,-4.436042255,-3.865592125,6.66367054673024,783.421250403741
"HER42PB",295.9,3426.56,-7.3144504,-4.686442906,-2.902584942,-4.409232134,-3.773491076,8.32956481036185,4144.61346689849
"HER42PB",296,3427.51,-7.206456771,-5.029272945,-3.206946312,-4.113792257,-3.996189321,8.25729757385931,3855.66037126274
"HER42PB",296.1,3428.47,-7.370729048,-5.035354132,-2.921238488,-4.302676113,-3.865421933,8.67038220311526,5827.72629907048
"HER42PB",296.2,3429.42,-5.603789887,-4.694719403,-2.830751625,-4.212114347,-3.703079234,4.69548441602935,109.451816016085
"HER42PB",296.3,3430.37,-6.212814283,-4.980670601,-2.797432266,-4.414582299,-3.85220535,5.79792565762884,329.615115668621
"HER42PB",296.4,3431.32,-6.845879875,-4.991107438,-2.696954745,-4.344843844,-3.802519553,7.24657426254885,1403.28930379594
"HER42PB",296.5,3432.28,-6.518699442,-4.827023432,-2.845114933,-4.482594214,-4.029338442,6.24808310043806,517.020797223911
"HER42PB",296.6,3433.23,-6.88700297,-5.021135529,-2.650669293,-4.374697346,-3.824331214,7.33335987424796,1530.51548240585
"HER42PB",296.7,3434.18,-6.34791977,-4.763022966,-2.594856971,-4.450799785,-3.864276544,5.91246398945728,369.615763661486
"HER42PB",296.8,3435.14,-6.858013412,-4.997816781,-2.519416335,-4.086988412,-3.942949042,7.28828225063528,1463.05537503493
"HER42PB",296.9,3436.09,-6.950063736,-4.908492468,-2.428862875,-4.297583386,-3.747537049,7.47271396168803,1759.37508860209
"HER42PB",297,3437.04,-6.111622023,-4.699501262,-2.363486872,-4.319862553,-3.993686776,5.35705280110026,212.098926676949
"HER42PB",297.1,3437.99,-5.852646477,-4.907679945,-2.1784193,-4.642330199,-3.832906688,4.90781753887758,135.343709459501
"HER42PB",297.2,3438.95,-6.821240453,-4.607886493,-2.376296275,-4.246953959,-3.79429316,6.98678727949251,1082.23895371506
"HER42PB",297.3,3439.9,-6.208698781,-4.533878109,-2.295865293,-4.25127219,-3.831909195,5.56491464750711,261.102916973803
"HER42PB",297.4,3440.85,-6.195666679,-4.866917804,-2.439989744,-4.338135896,-3.684784543,5.77379080670437,321.755135244382
"HER42PB",297.5,3441.81,-6.933423026,-5.109770193,-2.425926922,-4.221675963,-3.805201569,7.53729865173037,1876.75340682468
"HER42PB",297.6,3442.76,-6.132421427,-4.930951753,-2.322708041,-4.114190617,-3.846219814,5.67414873163179,291.240309327706
"HER42PB",297.7,3443.71,-6.290521893,-4.672425917,-2.449356851,-4.04919568,-3.861495701,5.89173030479075,362.031166994933
"HER42PB",297.8,3444.66,-6.044035434,-4.801060472,-2.487713821,-4.168742852,-3.805988862,5.4558368562779,234.120714501355
"HER42PB",297.9,3445.62,-6.220671868,-4.761738324,-2.221089691,-3.977342472,-3.893728332,5.77830072000311,323.209500072334
"HER42PB",298,3446.57,-6.371424864,-4.806722845,-2.156061765,-4.083002085,-3.766423039,6.12665777307986,457.903183980628
"HER42PB",298.1,3447.52,-6.405441712,-4.818843291,-2.219214146,-4.093225726,-3.809946302,6.18686282556876,486.318046032556
"HER42PB",298.2,3448.48,-6.555119785,-4.769552286,-2.274346884,-4.219744869,-3.945594802,6.37258977733553,585.572368933439
"HER42PB",298.3,3449.43,-5.881665474,-4.818256821,-2.193729862,-4.38600918,-3.950691109,4.95907161435589,142.461475295717
"HER42PB",298.4,3450.38,-6.42889989,-4.871591043,-2.560016377,-4.161859734,-3.859078416,6.25708076538862,521.693768518672
"HER42PB",298.5,3451.33,-7.002636074,-4.995168032,-2.597272759,-4.672652007,-3.707828544,7.5414606971773,1884.58081751683
"HER42PB",298.6,3452.29,-6.56095622,-4.814047317,-2.468367584,-4.39340741,-4.092262158,6.28808115280645,538.119768172095
"HER42PB",298.7,3453.24,-6.503114831,-4.860887095,-2.324888785,-4.411250769,-4.172590369,6.1163253186443,453.196279012347
"HER42PB",298.8,3454.19,-6.58099212,-4.949970636,-2.514922336,-4.76527941,-3.772685315,6.42438379915694,616.700688952643
"HER42PB",298.9,3455.15,-8.803624482,-4.781253419,-2.53263605,-4.326287667,-3.968666202,13.5508473789209,767464.404541841
"HER42PB",299,3456.1,-6.664591219,-4.976681692,-2.619751362,-4.259302198,-3.902258997,6.78226794574934,882.066937292821
"HER42PB",299.1,3457.05,-6.384772725,-4.919638302,-2.38771947,-4.489216462,-4.094766414,5.90905989907625,368.359697290381
"HER42PB",299.2,3458,-6.774755307,-4.894048351,-2.360126414,-4.481516076,-3.725812972,6.9628691217286,1056.66090100755
"HER42PB",299.3,3458.96,-5.349892389,-4.798996435,-2.314355213,-4.624133623,-4.018970582,3.94051981702878,51.4453365131864
"HER42PB",299.4,3459.91,-6.003966713,-4.83947272,-2.315087259,-4.486832751,-3.714368816,5.29429513554432,199.197169466561
"HER42PB",299.5,3460.86,-5.919323869,-4.46537086,-1.982023057,-3.986354232,-3.73890641,5.08732220210863,161.955596520462
"HER42PB",299.6,3461.82,-6.054466641,-4.560778949,-1.982859241,-3.908943438,-3.926788799,5.32517048331561,205.443382148351
"HER42PB",299.7,3462.77,-5.724507089,-4.545852092,-2.010935022,-4.030075963,-3.868965433,4.70053193694078,110.0056729726
"HER42PB",299.8,3463.72,-5.775182992,-4.879440928,-2.120132035,-4.137338825,-3.60371091,5.07246873446491,159.567771946439
"HER42PB",299.9,3464.67,-6.157482037,-4.601972467,-2.094886173,-4.197387253,-3.750536929,5.53581038768131,253.613229419039
"HER42PB",300,3465.63,-6.461442134,-4.72097596,-2.17121103,-3.922468263,-3.587877495,6.4342974384149,622.844842252075
"HER42PB",300.1,3466.61,-6.162423719,-4.635810157,-2.096030278,-4.123870947,-3.988254918,5.47022446226647,237.513499596692
"HER42PB",300.2,3467.6,-5.986870678,-4.393110578,-1.799406887,-3.95726151,-3.945650349,5.05486350488657,156.783128752652
"HER42PB",300.3,3468.58,-5.549514829,-4.20938251,-1.800453133,-3.85922482,-3.719643802,4.3477375220469,77.3033677602178
"HER42PB",300.4,3469.57,-5.66442612,-3.981865943,-1.75292049,-3.631299361,-3.892986653,4.41721000335225,82.8647701143087
"HER42PB",300.5,3470.56,-5.843094055,-4.529788054,-2.132367615,-3.899961686,-3.726721575,5.04452328372654,155.170309352053
"HER42PB",300.6,3471.54,-6.097408226,-4.591960027,-1.982494768,-4.05091084,-3.816034159,5.42368339312692,226.712658286955
"HER42PB",300.7,3472.53,-6.256203127,-4.84589389,-2.29697852,-4.121050979,-3.739403114,5.92595445889233,374.63583927765
"HER42PB",300.8,3473.51,-6.05201244,-4.903920094,-2.42016353,-4.333525172,-3.789343954,5.45726032896752,234.454216253525
"HER42PB",300.9,3474.5,-6.324717321,-4.627791955,-2.382303682,-4.198187743,-3.829153377,5.88589422850227,359.924478861316
"HER42PB",301,3475.48,-6.261336937,-4.654605387,-2.21875994,-4.138913573,-4.15687324,5.60168843570107,270.883390711846
"HER42PB",301.1,3476.47,-7.19199393,-4.830466301,-2.382426235,-4.455772852,-3.71958392,8.00644531529069,3000.23325198859
"HER42PB",301.2,3477.46,-6.359545506,-4.292475256,-1.972205145,-4.397374836,-3.632014169,5.7483658054105,313.677630917667
"HER42PB",301.3,3478.44,-6.652145926,-4.665794808,-2.267622412,-3.889326996,-3.954520243,6.66712408053383,786.131499449074
"HER42PB",301.4,3479.43,-6.332792487,-4.688485749,-2.317572595,-3.943733796,-3.661986459,6.11647632344108,453.264718991612
"HER42PB",301.5,3480.41,-6.462109712,-4.834972222,-2.509493309,-3.758832789,-3.668537337,6.56614453084114,710.624762890297
"HER42PB",301.6,3481.4,-7.644068372,-4.969919722,-2.634544806,-4.440870359,-3.569359784,9.50868503519684,13476.2618502582
"HER42PB",301.7,3482.38,-6.839998577,-4.958859264,-2.832222031,-4.396591658,-3.744531338,7.24250600504473,1397.59195854702
"HER42PB",301.8,3483.37,-7.175410561,-5.041448181,-2.889685977,-4.512021131,-3.720509,8.1172713936365,3351.86234300641
"HER42PB",301.9,3484.35,-7.056462599,-4.969473852,-2.782324926,-4.278208139,-3.869609215,7.76875504769061,2365.52448924797
"HER42PB",302,3485.34,-6.649632009,-5.106333899,-2.928285365,-4.645452952,-3.711528848,6.79863471065698,896.622306731179
"HER42PB",302.1,3486.33,-6.964450623,-5.050801336,-2.736806176,-5.123019544,-3.991191205,7.16152371039862,1288.87330714179
"HER42PB",302.2,3487.31,-8.342072314,-5.050359165,-2.691143805,-4.50621067,-3.681782829,11.8871268790801,145382.99428334
"HER42PB",302.3,3488.3,-6.779844425,-4.897607371,-2.538190715,-4.392333462,-3.784112152,7.00706082900408,1104.40369858445
"HER42PB",302.4,3489.28,NA,-4.923274455,-2.648473938,-4.562692562,-3.789693568,NA,NA
"HER42PB",302.5,3490.27,-6.89695356,-4.999833575,-2.917032299,-4.740432276,-3.867191538,7.21100371986846,1354.25087393905
"HER42PB",302.6,3491.25,-7.299046334,-4.907907844,-2.819607354,-4.855090288,-3.793600166,8.19884967068518,3636.76442349405
"HER42PB",302.7,3492.24,-7.717079268,-4.758126246,-2.778616498,-4.718573067,-3.988712042,9.3151844739967,11105.3746631251
"HER42PB",302.8,3493.23,-6.693788244,-4.891665988,-2.861079046,-4.393288658,-4.062199209,6.70007681911242,812.468235859095
"HER42PB",302.9,3494.21,-6.495557028,-4.82487549,-2.589516796,-4.861854493,-3.726263201,6.1639316622852,475.2930980597
"HER42PB",303,3495.2,-6.328602873,-4.887848595,-2.492204489,-4.417403367,-3.822772383,5.95897816198896,387.214251772587
"HER42PB",303.1,3496.18,-5.975239886,-5.075756273,-2.309010861,-4.391119782,-3.879012928,5.31722388552934,203.817275786337
"HER42PB",303.2,3497.17,-6.261027372,-5.157920694,-2.307706809,-4.606667772,-3.88675035,5.82612488232939,339.04230134671
"HER42PB",303.3,3498.15,-5.968656408,-4.796174271,-2.439652322,-5.2557066,-4.048796936,4.73458040356337,113.815692038734
"HER42PB",303.4,3499.14,-6.683414202,-4.803462021,-2.544679551,-4.413264385,-3.905520428,6.66018932189509,780.698726498878
"HER42PB",303.5,3500.13,-6.300137986,-5.196635712,-2.56386991,-4.491367171,-3.722821973,6.09328747300119,442.874960059567
"HER42PB",303.6,3501.11,-6.616311036,-4.95905525,-2.549554431,-4.600048396,-3.834833367,6.54886926864703,698.453963347237
"HER42PB",303.7,3502.1,-6.410067025,-4.911469094,-2.51724355,-4.164833228,-3.723000476,6.30131596695942,545.289020509979
"HER42PB",303.8,3503.08,-6.508714942,-4.95152772,-2.529883267,-4.211599325,-3.945165165,6.40331973460365,603.846323701299
"HER42PB",303.9,3504.07,-6.634028707,-5.012662224,-2.69750823,-4.023958915,-3.964026574,6.80561625111344,902.904014121749
"HER42PB",304,3505.05,-6.638463072,-4.745351108,-2.596113805,-4.127239114,-3.777405701,6.71644144857596,825.873363303945
"HER42PB",304.1,3506.04,-6.60872703,-4.67664836,-2.397739683,-4.396655945,-3.778913123,6.47513757118919,648.808478825529
"HER42PB",304.2,3507.03,-6.277184079,-4.670489652,-2.200575787,-4.274224241,-4.029503696,5.65074485687714,284.503301161061
"HER42PB",304.3,3508.01,-6.220747111,-4.734369291,-2.375088854,-4.608681076,-3.743545507,5.60481828041657,271.732541823155
"HER42PB",304.4,3509,-6.925465936,-4.810479457,-2.711390918,-4.513318641,-3.903758176,7.22859591144027,1378.28590935259
"HER42PB",304.5,3509.98,-6.613022769,-4.843954711,-2.643093766,-4.4572436,-3.880905542,6.52806220090181,684.071333482392
"HER42PB",304.6,3510.97,-6.527133548,-5.021037987,-2.397363344,-4.166279547,-3.859905342,6.52526926802174,682.163433720997
"HER42PB",304.7,3511.95,-6.728309583,-5.123326021,-2.532947254,-4.487599894,-3.849111126,6.93009749295907,1022.59367044584
"HER42PB",304.8,3512.94,-6.573809478,-5.187515117,-2.813902187,-4.048080834,-3.800064017,6.851968410323,945.740681391337
"HER42PB",304.9,3513.92,-7.040974123,-5.187437294,-2.70985386,-4.199147461,-3.77499022,7.91460346820617,2736.96102311348
"HER42PB",305,3514.91,-6.634813703,-5.013679751,-2.645829656,-4.288117911,-3.779922385,6.78855299525418,887.628229853052
"HER42PB",305.1,3515.9,-8.244150111,-5.017306116,-2.764344868,-4.262601043,-3.89000868,11.5009130329821,98805.9429242465
"HER42PB",305.2,3516.88,-5.15326532,-4.839782601,-2.664955377,-4.511411434,-3.809925908,3.86864663791741,47.8775465589202
"HER42PB",305.3,3517.87,-6.816031517,-4.936930038,-2.691974058,-4.535107921,-3.869089408,7.03286191727761,1133.26929652953
"HER42PB",305.4,3518.85,-6.291099546,-5.032318505,-2.759368217,-4.513524712,-3.843256313,5.94327831980569,381.182521628088
"HER42PB",305.5,3519.84,-6.220851724,-5.096263949,-2.61922291,-4.083886338,-3.722872993,6.05290750959943,425.347937133016
"HER42PB",305.6,3520.82,-6.413766287,-4.930742299,-2.900356915,-4.439251327,-4.149402407,6.0376739391131,418.917473169379
"HER42PB",305.7,3521.81,-6.36508466,-5.232239199,-2.920560959,-4.480732403,-3.542462765,6.39323561196507,597.787662799793
"HER42PB",305.8,3522.8,-6.822420182,-5.11767209,-3.131837634,-4.67171562,-3.872018156,7.14505986806314,1267.82722529965
"HER42PB",305.9,3523.78,-6.265098404,-4.89900675,-2.770208311,-4.765475357,-3.776863964,5.75301890771208,315.140606070955
"HER42PB",306,3524.77,-5.84071952,-4.787777268,-2.28997387,-4.299636927,-3.638546887,5.07930841052211,160.662904723142
"HER42PB",306.1,3525.75,-6.685730893,-4.980982801,-2.546572315,-4.284054897,-3.913142171,6.80778654571583,904.865709788839
"HER42PB",306.2,3526.74,-6.273302109,-4.869555298,-2.681988899,-4.204480136,-3.874127245,5.92118087645077,372.851745859658
"HER42PB",306.3,3527.72,-5.989677237,-5.073386505,-2.780233509,-4.384329309,-4.045225877,5.32307780563989,205.013904904358
"HER42PB",306.4,3528.71,-6.803556879,-4.857646729,-2.598864259,-4.174516327,-3.811319076,7.12594639770202,1243.82476310079
"HER42PB",306.5,3529.7,-6.615730457,-5.120236804,-3.165742911,-4.953846069,-3.975300444,6.49774575930608,663.643932430993
"HER42PB",306.6,3530.68,-6.933448674,-5.313539462,-3.013039876,-4.901153911,-3.555322414,7.57539517000593,1949.63054597734
"HER42PB",306.7,3531.67,-7.765569081,-5.416998875,-3.190858103,-4.888355408,-3.642236982,9.9817858846564,21628.9048080194
"HER42PB",306.8,3532.65,-6.579350413,-5.267164024,-3.037873625,-4.648864735,-4.056483001,6.55793503747054,704.81477477053
"HER42PB",306.9,3533.64,-7.091937848,-5.019876414,-3.28986102,-4.763226451,-3.558680744,7.91930894751552,2749.87008441981
"HER42PB",307,3534.62,-6.752067186,-5.257698603,-3.075216308,-4.834505392,-3.846116923,6.98951978146007,1085.20021777285
"HER42PB",307.1,3535.61,-6.336775161,-5.036194318,-3.070470643,-4.293701263,-3.729861604,6.23047292348773,507.995669780354
"HER42PB",307.2,3536.59,-6.259377492,-5.039531338,-2.983491412,-4.520081592,-3.80378523,5.93010171743614,376.192777243474
"HER42PB",307.3,3537.58,-6.477741298,-4.824451503,-2.903847073,-4.587541756,-3.854823363,6.21254468922937,498.969359086232
"HER42PB",307.4,3538.57,-6.923495612,-4.820680719,-2.611065313,-4.323813448,-3.843571247,7.32415129153673,1516.48629758678
"HER42PB",307.5,3539.55,-6.697329427,-5.242767095,-3.049498442,-4.129041168,-3.806957669,7.15824742950201,1284.65750599287
"HER42PB",307.6,3540.54,-6.6456216,-5.143814352,-3.109108704,-4.028672761,-4.062009182,6.90365458960456,995.907706968254
"HER42PB",307.7,3541.52,-6.615583141,-4.944109838,-2.902011075,-4.959261643,-3.665894806,6.52773719617682,683.849043191437
"HER42PB",307.8,3542.51,-6.875417491,-4.970634633,-2.858341709,-4.287075254,-3.737696102,7.38705587547112,1614.94450925354
"HER42PB",307.9,3543.49,-6.334973655,-4.719493428,-2.777031558,-4.486757477,-3.637075825,5.99027621684905,399.52495021035
"HER42PB",308,3544.48,-5.866360133,-4.979056938,-2.74294688,-4.140197946,-3.703584602,5.31828048601507,204.032743030285
"HER42PB",308.1,3545.47,-6.178563634,-5.01298072,-2.928994863,-4.426544494,-3.857960036,5.75627846091112,316.16949959724
"HER42PB",308.2,3546.45,-6.908781779,-5.068661238,-2.758806496,-3.930773214,-3.925286232,7.5557401185922,1911.68459378119
"HER42PB",308.3,3547.44,-6.280930741,-4.931004024,-2.866488133,-4.080536589,-3.739328748,6.1144566144985,452.350180047438
"HER42PB",308.4,3548.42,-7.189271832,-4.92535588,-2.897396294,-4.087317345,-3.846044552,8.20318412424967,3652.56202225871
"HER42PB",308.5,3549.41,-8.957793756,-4.821028478,-3.086239506,-4.399715178,-3.617375214,14.4954754293775,1973808.3939132
"HER42PB",308.6,3550.39,-6.37656995,-4.948838399,-2.969747393,-4.194849559,-3.970318082,6.17025924408124,478.310089077231
"HER42PB",308.7,3551.38,-6.88982628,-4.904413688,-2.793773775,-4.681270137,-3.784894714,7.19357803515305,1330.85654823581
"HER42PB",308.8,3552.37,-6.441460891,-4.996441244,-2.740557244,-4.439545066,-3.78640322,6.29816187491186,543.571838245814
"HER42PB",308.9,3553.35,-5.7526507,-5.00759566,-2.837541904,-4.730671637,-3.674234274,4.91790094193443,136.71533835501
"HER42PB",309,3554.34,-6.153277435,-4.9287849,-2.754522057,-4.482354439,-3.861728628,5.61376127219663,274.173542366294
"HER42PB",309.1,3555.32,-6.27342717,-4.985572881,-2.625659104,-4.859733834,-3.778157733,5.7568054636813,316.336165712271
"HER42PB",309.2,3556.31,-6.198879791,-4.789820219,-2.264734869,-4.068144955,-3.85252967,5.73944753648909,310.89260670695
"HER42PB",309.3,3557.29,-6.230454107,-4.723295044,-2.409693927,-4.066173685,-3.624682755,5.90652613545749,367.427542319643
"HER42PB",309.4,3558.28,-6.24515136,-4.768830848,-2.214894535,-4.016228408,-3.688036402,5.92146790037771,372.958778591664
"HER42PB",309.5,3559.27,-6.730843453,-4.69821233,-1.816396774,-3.799324551,-3.920853214,6.86043922445857,953.78590159958
"HER42PB",309.6,3560.25,-6.138313502,-4.680560177,-2.11097965,-4.199483028,-3.873468737,5.47683629057112,239.089101139554
"HER42PB",309.7,3561.24,-6.211095086,-4.65801011,-2.229239379,-4.070223445,-3.781334372,5.72606954110144,306.761183545181
"HER42PB",309.8,3562.22,-6.182877076,-4.507189778,-2.194654354,-3.888545124,-3.969048343,5.56272126102707,260.530844982651
"HER42PB",309.9,3563.21,-5.608268712,-4.527628666,-1.994466578,-3.929532631,-3.822890885,4.55592620377343,95.1948842775817
"HER42PB",310,3564.19,-5.593471454,-4.674155001,-1.757936874,-4.391773963,-4.027383982,4.28135147126891,72.3381368888432
"HER42PB",310.1,3565.14,-6.013131523,-4.766883235,-1.719718788,-4.20820159,-3.74288181,5.29233811227952,198.807717179524
"HER42PB",310.2,3566.08,-6.180816885,-4.720652676,-1.602949382,-3.931632569,-4.175739759,5.46608872485792,236.53323458794
"HER42PB",310.3,3567.03,-6.36960196,-4.892335821,-1.612733078,-4.237974665,-3.76046631,6.03430892554382,417.510179297181
"HER42PB",310.4,3567.98,-6.043666252,-4.862300003,-1.875633974,-4.492356081,-3.88508739,5.2315654518261,187.085447655926
"HER42PB",310.5,3568.92,-5.721376083,-4.727807804,-1.745295441,-4.309763914,-4.134411027,4.50284933304517,90.2739858456625
"HER42PB",310.6,3569.87,-6.450929889,-4.795302594,-1.89877697,-4.146528265,-3.914351228,6.152982067362,470.117219764306
"HER42PB",310.7,3570.81,-5.985296136,-4.791722039,-1.881228878,-4.029581987,-3.855423741,5.28932321242167,198.209234457328
"HER42PB",310.8,3571.76,-5.793013608,-4.495497409,-1.735252463,-3.702708954,-3.975693642,4.83524098336028,125.868911865711
"HER42PB",310.9,3572.7,-5.452153711,-4.48390324,-1.465023233,-3.704694501,-3.655959645,4.3851931455504,80.2537223654349
"HER42PB",311,3573.65,-6.214753015,-4.540776582,-1.6205119,-3.998389098,-3.512516784,5.75866854011268,316.926073518033
"HER42PB",311.1,3574.6,-6.189160271,-4.54375721,-1.540310206,-4.14192187,-3.876764308,5.45061998634328,232.902517535207
"HER42PB",311.2,3575.54,-5.77876969,-4.686349371,-1.438216303,-3.867856383,-3.843497939,4.87131802705466,130.492796636908
"HER42PB",311.3,3576.49,-5.855605518,-4.461985116,-1.441500888,-3.913905901,-3.784779414,4.90256529124148,134.634714320321
"HER42PB",311.4,3577.43,-6.091980011,-4.453342944,-1.575978409,-3.94251732,-3.853110732,5.31071613978629,202.495191338134
"HER42PB",311.5,3578.38,-6.085033594,-4.460889534,-1.581117141,-4.162318062,-3.720227478,5.28105775895172,196.577697238653
"HER42PB",311.6,3579.32,-5.997115219,-4.5004728,-1.672541159,-4.037020435,-3.764714182,5.17460654965829,176.727067270676
"HER42PB",311.7,3580.27,-5.680422307,-4.342003894,-1.680954415,-3.917530822,-3.97493539,4.46429557305601,86.8598215853425
"HER42PB",311.8,3581.22,-5.825025369,-4.53495904,-1.708751762,-4.009095539,-4.102914294,4.71810650332652,111.956063407739
"HER42PB",311.9,3582.16,-5.73909366,-4.467868629,-1.642866813,-4.235982914,-3.784525449,4.59502294961279,98.9904073131174
"HER42PB",312,3583.11,-6.265888157,-4.524390523,-1.909367885,-4.260837433,-3.790833804,5.64101392185823,281.748244403847
"HER42PB",312.1,3584.05,-5.92163546,-4.419924928,-1.796562223,-3.998785518,-3.905315005,4.95135114221023,141.365840295784
"HER42PB",312.2,3585,-5.562264089,-4.324316206,-1.661183082,-4.099894155,-3.832432173,4.25343260228471,70.34646983583
"HER42PB",312.3,3585.94,-5.701808305,-4.525720704,-1.762008019,-3.914224207,-3.701455066,4.75146515029587,115.753756996864
"HER42PB",312.4,3586.89,-5.791978165,-4.345598994,-1.598577321,-4.146500316,-3.623711144,4.73761138624994,114.161188763557
"HER42PB",312.5,3587.84,-5.556292451,-4.371480144,-1.700878418,-3.909600947,-3.935243377,4.29810515044599,73.5602759027351
"HER42PB",312.6,3588.78,-5.772738308,-4.60843076,-1.799655046,-4.041410578,-4.163300396,4.63175284955956,102.693913420962
"HER42PB",312.7,3589.73,-5.769284317,-4.581326928,-1.818579924,-3.816720783,-3.948359311,4.81728944203846,123.629531198355
"HER42PB",312.8,3590.67,-5.246091306,-4.363505101,-1.740619713,-3.721278011,-4.023997961,3.8430465161543,46.6674311762071
"HER42PB",312.9,3591.62,-5.987707498,-4.553785088,-1.742353072,-3.737700221,-3.738986395,5.32993184479413,206.423904813134
"HER42PB",313,3592.56,-6.163628973,-4.430785387,-1.763667125,-3.620735066,-3.57710013,5.73905714821021,310.771261564703
"HER42PB",313.1,3593.51,-5.750906897,-4.53919711,-1.723130963,-3.614846462,-3.709812664,4.95634853007683,142.074068402169
"HER42PB",313.2,3594.46,-5.678877196,-4.404188867,-1.83074924,-3.839422853,-3.793899598,4.64027024750511,103.572333966339
"HER42PB",313.3,3595.4,-5.921378753,-4.47822153,-1.939710607,-3.989240819,-3.909316644,5.00257543394141,148.795880014551
"HER42PB",313.4,3596.35,-6.011237996,-4.772173872,-1.914911272,-4.023689859,-3.690953326,5.4201448253196,225.911837887092
"HER42PB",313.5,3597.29,-5.764011264,-4.502115811,-1.735061858,-3.7719982,-3.814176976,4.84309403645974,126.861258489664
"HER42PB",313.6,3598.24,-5.890290856,-4.585342135,-1.947092233,-4.008919228,-3.862965316,5.01888158698076,151.242058081575
"HER42PB",313.7,3599.18,-5.383491119,-4.52907579,-1.672972489,-4.146930125,-3.732431532,4.10824915313291,60.8401025606188
"HER42PB",313.8,3600.13,-5.853913543,-4.680712397,-1.874137491,-3.868394255,-3.984445089,4.98759693797094,146.583750073477
"HER42PB",313.9,3601.08,-5.975552096,-4.617749691,-1.895922004,-3.921716505,-3.707256077,5.30270105297169,200.878661766477
"HER42PB",314,3602.02,-4.422189817,-4.590565487,-1.705940872,-3.864998272,-3.782504714,2.93262192464592,18.7767973603712
"HER42PB",314.1,3602.97,-5.509922382,-4.314317827,-1.832918722,-3.821724636,-3.649941944,4.39401063175416,80.9644874307259
"HER42PB",314.2,3603.91,-5.634873305,-4.388829287,-1.661637615,-3.793579901,-4.002268333,4.44542118609337,85.2357703992183
"HER42PB",314.3,3604.86,-5.680539224,-4.421890424,-1.693086806,-3.758525075,-3.853593446,4.63593714760902,103.124515618287
"HER42PB",314.4,3605.8,-6.275011242,-4.29198343,-1.898699436,-3.858572392,-3.675594882,5.76040023035268,317.475366771962
"HER42PB",314.5,3606.75,-5.48567159,-4.512524833,-1.840417091,-4.027214782,-3.95254187,4.21891279266687,67.9595579802965
"HER42PB",314.6,3607.7,-5.709332263,-4.593478168,-1.794877435,-3.963540857,-3.999065828,4.62989147992873,102.502939880562
"HER42PB",314.7,3608.64,-5.364672419,-4.33073334,-1.670503946,-3.985982657,-3.633285078,4.09173033962195,59.8433514902417
"HER42PB",314.8,3609.59,-5.498269936,-4.332966273,-1.616635042,-3.746375065,-3.652806288,4.38507791561683,80.2444752671193
"HER42PB",314.9,3610.53,-5.625145029,-4.434542459,-1.656180647,-3.910502863,-3.969897581,4.42132216186448,83.2062247607515
"HER42PB",315,3611.48,-5.575806692,-4.520735211,-1.594089306,-3.823669018,-3.801746799,4.49857836315764,89.8892505517514
"HER42PB",315.1,3612.42,-5.676753802,-4.550284559,-1.566157832,-4.025816159,-3.810180395,4.59305549253221,98.7958394001117
"HER42PB",315.2,3613.37,-5.802348532,-4.742576076,-1.617177129,-4.037943946,-3.87705767,4.87970260842614,131.591523855775
"HER42PB",315.3,3614.32,-5.512913857,-4.612348968,-1.501591219,-4.321789195,-4.04821479,4.09973138912057,60.3240817162807
"HER42PB",315.4,3615.26,-5.482618315,-4.257198822,-1.326799362,-3.824057294,-3.935204605,4.1028245352163,60.5109617888044
"HER42PB",315.5,3616.21,-6.089676152,-4.542921942,-1.663541788,-3.840385021,-3.777015407,5.44624398487107,231.885562496802
"HER42PB",315.6,3617.15,-5.799597577,-4.446247372,-1.596841603,-4.285284677,-3.681558736,4.71696822457069,111.828698701198
"HER42PB",315.7,3618.1,-6.006244888,-4.864615214,-1.843933621,-4.006846054,-3.560558951,5.52416655091712,250.677324145823
"HER42PB",315.8,3619.04,-6.077858086,-4.682778896,-1.766822116,-3.9708586,-3.881941554,5.40298369861156,222.068012732308
"HER42PB",315.9,3619.99,-5.936937598,-4.50776151,-1.680082698,-4.059599622,-3.870466407,5.0031763998244,148.885328136912
"HER42PB",316,3620.94,-5.94751266,-4.432963963,-1.633398653,-4.119573534,-4.055669732,4.85665163595321,128.592904581399
"HER42PB",316.1,3621.88,-5.863349858,-4.543576179,-1.916303818,-3.906187832,-3.653010338,5.09481534033962,163.173710240254
"HER42PB",316.2,3622.83,-6.122014738,-4.421939551,-1.887536693,-3.781689317,-3.881577862,5.44558478855933,231.73275475994
"HER42PB",316.3,3623.77,-6.221885899,-4.507957414,-1.953303898,-3.996087949,-3.728560678,5.6895268472745,295.753650883568
"HER42PB",316.4,3624.72,-5.80246359,-4.60422146,-1.77847337,-3.999654284,-3.837684956,4.86511288302073,129.685577085262
"HER42PB",316.5,3625.66,-6.166921379,-4.562903534,-1.72570199,-4.070729027,-3.835039917,5.49216006019446,242.781062583572
"HER42PB",316.6,3626.61,-5.72698814,-4.522153638,-1.717775844,-4.033272468,-3.76762213,4.70415640201775,110.405108124664
"HER42PB",316.7,3627.56,-4.393431287,-4.716628992,-1.770086963,-4.185096173,-3.786283645,2.84129794566326,17.1379952941858
"HER42PB",316.8,3628.5,-6.416067389,-4.779872027,-1.957982506,-4.101687719,-3.869539605,6.11952487343927,454.648627535273
"HER42PB",316.9,3629.45,-6.084252381,-4.398299756,-1.844226639,-3.952012654,-3.791352594,5.33118411008069,206.682564224749
"HER42PB",317,3630.39,-5.885795342,-4.578281859,-1.780567457,-3.758285397,-3.767958991,5.13622544640313,170.072607090838
"HER42PB",317.1,3631.34,-5.80814249,-4.50800224,-1.711912913,-4.161663306,-3.816141234,4.76073164438053,116.831373654498
"HER42PB",317.2,3632.28,-5.800914787,-4.693085843,-1.943113336,-4.05979905,-3.899636792,4.87446972516529,130.904719324522
"HER42PB",317.3,3633.23,-6.078463064,-4.559409213,-1.932784056,-3.87440319,-3.836965663,5.42451558398359,226.90140501403
"HER42PB",317.4,3634.18,-5.611287666,-4.487548428,-1.831967607,-4.055153908,-3.720293275,4.51994762067107,91.8307878171406
"HER42PB",317.5,3635.12,-6.062087462,-4.525852953,-1.932489321,-4.035488402,-4.001948672,5.22398780988667,185.673138864643
"HER42PB",317.6,3636.07,-6.545073318,-4.706356866,-2.131343058,-4.079584754,-3.97275473,6.34097594295037,567.349742260541
"HER42PB",317.7,3637.01,-6.104847673,-4.814473434,-2.033946504,-4.201648642,-3.869080119,5.47271319068805,238.105342356119
"HER42PB",317.8,3637.96,-5.913313799,-4.680753537,-2.218203795,-3.951811555,-3.727262522,5.24126315276804,188.908572147915
"HER42PB",317.9,3638.9,-5.886885819,-4.632736848,-2.152921624,-4.126353209,-3.77402828,5.06343464510775,158.132714415281
"HER42PB",318,3639.85,-5.964661156,-4.560113354,-2.206648489,-4.204990001,-3.989119209,5.03208505551088,153.252219182509
"HER42PB",318.1,3640.79,-5.881791915,-4.543185385,-2.320578734,-4.247183265,-3.910984215,4.9093814724289,135.555543631794
"HER42PB",318.2,3641.74,-6.155932874,-4.743996082,-2.284461337,-4.024305579,-3.937294202,5.60665027856145,272.230811610985
"HER42PB",318.3,3642.69,-6.229825064,-4.579565157,-2.230096478,-4.243092921,-3.939818753,5.56992238893743,262.413732241344
"HER42PB",318.4,3643.63,-6.275165491,-4.74600841,-2.5895055,-4.358242879,-3.750580357,5.84897798679075,346.879683638483
"HER42PB",318.5,3644.58,-6.037978179,-4.626717195,-2.479745037,-4.189788817,-3.971257657,5.25742516468546,191.986520663455
"HER42PB",318.6,3645.52,-6.174354124,-4.73741603,-2.73243865,-4.365426852,-3.83856036,5.61188428364114,273.65940443151
"HER42PB",318.7,3646.47,-6.161794662,-4.921770719,-2.790143424,-4.476803168,-3.845381567,5.64245318292083,282.154045638382
"HER42PB",318.8,3647.41,-6.243794441,-4.958304779,-2.617081894,-4.102922801,-3.814033727,5.97154498008295,392.11100670915
"HER42PB",318.9,3648.36,-7.341321817,-4.732478266,-2.357715195,-3.899302441,-3.66819072,8.61900767732564,5535.89027772313
"HER42PB",319,3649.31,-5.879458064,-4.643315977,-2.478581247,-4.012103634,-3.776262437,5.14487725965144,171.550427219556
"HER42PB",319.1,3650.25,-6.145138923,-4.61533228,-2.447960666,-4.318997908,-3.730548772,5.52673810660592,251.322784407591
"HER42PB",319.2,3651.2,-6.613199967,-4.758128218,-2.626760913,-4.392292905,-3.671861765,6.61619193810821,747.094690473639
"HER42PB",319.3,3652.14,-6.501611369,-4.777570074,-2.526278275,-3.888395271,-3.81643995,6.4947704837738,661.672343341492
"HER42PB",319.4,3653.09,-6.243143023,-4.870454314,-2.530890218,-4.114268024,-3.916524731,5.8547261601363,348.879349898238
"HER42PB",319.5,3654.03,-6.524949676,-4.872800645,-2.705440763,-4.238863582,-3.77186817,6.50018674750072,665.265858180962
"HER42PB",319.6,3654.98,-7.12232888,-4.703443331,-2.682426496,-4.291078245,-3.813003152,7.81255336292138,2471.43285068817
"HER42PB",319.7,3655.93,-6.189209315,-4.970866571,-2.710401331,-4.204584654,-3.803347882,5.84493313140262,345.479439283145
"HER42PB",319.8,3656.87,-6.601150192,-4.859652558,-2.519632644,-4.273394361,-3.876249301,6.57029708718512,713.58180765593
"HER42PB",319.9,3657.82,-7.237112315,-4.672162958,-2.41206316,-4.18381019,-3.833448841,8.1023367497236,3302.17542421381
"HER42PB",320,3658.76,-6.148174449,-4.590029831,-2.48911008,-4.25167966,-3.781441537,5.52608893002384,251.159684487462
"HER42PB",320.1,3659.73,-6.402505479,-4.916511758,-2.65909202,-4.317033769,-4.06349514,6.06818084430592,431.894283555959
"HER42PB",320.2,3660.69,-6.901710732,-4.828869874,-2.394908026,-4.346934402,-3.774257915,7.27168942829184,1438.97945324773
"HER42PB",320.3,3661.66,-7.533666972,-4.845819478,-2.5243659,-4.343190621,-3.916015027,8.95183468729858,7722.04641302279
"HER42PB",320.4,3662.62,-6.961348704,-4.704225985,-2.314290425,-4.151276888,-3.806715148,7.40759852714358,1648.46285086411
"HER42PB",320.5,3663.59,-6.91936332,-4.913510135,-1.813254059,-4.078232278,-3.878709359,7.33716844583445,1536.35567452027
"HER42PB",320.6,3664.55,-6.431564809,-5.103378078,-2.133402017,-4.328217746,-3.766354766,6.30706232279372,548.431465410548
"HER42PB",320.7,3665.52,-6.433536326,-4.933049597,-2.553969866,-4.348064615,-3.723337896,6.29279958094018,540.664847290133
"HER42PB",320.8,3666.48,-6.075163151,-4.759486357,-2.66154325,-4.358094575,-3.71731538,5.48577251737869,241.235230441874
"HER42PB",320.9,3667.45,-5.970923382,-4.726945243,-2.256107689,-4.331332431,-3.78052477,5.19453357749216,180.284034652002
"HER42PB",321,3668.42,-6.547635254,-5.007190213,-2.596747724,-4.18224926,-3.800839286,6.61443797136839,745.785459744276
"HER42PB",321.1,3669.38,-6.710911766,-5.13610935,-2.545071557,-4.429832878,-4.009979033,6.83782668879405,932.460404350615
"HER42PB",321.2,3670.35,-6.900162424,-4.957922003,-2.375590655,-4.577272064,-3.938331702,7.15376266221884,1278.90901599486
"HER42PB",321.3,3671.31,-6.438809155,-4.829371242,-2.408573099,-4.383858633,-3.638385634,6.25959055940243,523.004756883149
"HER42PB",321.4,3672.28,-6.948975032,-4.999211314,-2.555193434,-4.251794503,-3.695045167,7.58052680774556,1959.66105813107
"HER42PB",321.6,3674.21,-6.26964853,-4.845871076,-2.671955824,-4.294410766,-3.703631367,5.95162229446307,384.37640524001
"HER42PB",321.7,3675.17,-6.541083442,-4.771165715,-2.334182098,-4.119892607,-3.847958891,6.4417059064743,627.476303203846
"HER42PB",321.8,3676.14,-6.55618856,-4.703434578,-2.326466825,-4.311872375,-3.822066118,6.37373943189864,586.245962004895
"HER42PB",321.9,3677.1,-6.856856644,-4.670805367,-2.520873947,-4.055012563,-3.74223084,7.23125050846497,1381.94956363819
"HER42PB",322,3678.07,-6.05161318,-4.656927161,-2.441910703,-4.210528644,-3.88095563,5.33257055180349,206.969316291745
"HER42PB",322.1,3679.03,-6.148155552,-4.668770767,-2.4574485,-4.043129469,-3.671412212,5.70536467801183,300.475036709928
"HER42PB",322.2,3680,-6.708137169,-4.670310509,-2.531077887,-4.30236784,-3.704825,6.79541838241688,893.743107791819
"HER42PB",322.3,3680.96,-6.105653448,-4.817383791,-2.416773993,-4.056795329,-3.688234778,5.68036067664389,293.055108996604
"HER42PB",322.4,3681.93,-5.899574981,-4.756226798,-2.289982801,-4.011317683,-3.691516061,5.25961546489703,192.407489636201
"HER42PB",322.5,3682.89,-6.129703591,-4.676919489,-2.161300252,-4.10485024,-3.673325025,5.60728565391003,272.403835319485
"HER42PB",322.6,3683.86,-6.282158384,-4.760522675,-2.260436461,-3.945381926,-3.684311323,6.02962548961973,415.559368938295
"HER42PB",322.7,3684.82,-6.611547167,-4.501952587,-2.205325804,-4.266997875,-3.604652931,6.50730185915873,670.016178533718
"HER42PB",322.8,3685.79,-6.301604091,-4.632446944,-2.327834921,-4.182572082,-3.895352223,5.80516902331763,332.011306253692
"HER42PB",322.9,3686.75,-6.330238281,-4.421891233,-1.923715748,-4.047197784,-3.833307438,5.7870936057684,326.063975431515
"HER42PB",323,3687.72,-6.077032372,-4.549326357,-1.606334347,-3.807912435,-3.805298055,5.4160716927856,224.993540473491
"HER42PB",323.1,3688.68,-6.38666886,-4.59193762,-1.054208899,-3.787955322,-3.778702117,6.01189168025502,408.254877965257
"HER42PB",323.2,3689.65,-5.862742997,-4.554973399,-1.020279837,-3.9409304,-3.693689297,4.94368358981711,140.286055253077
"HER42PB",323.3,3690.61,-6.299719823,-4.447968443,-1.198575691,-3.785672038,-3.73353054,5.79842036097043,329.778217708018
"HER42PB",323.4,3691.58,-6.001328528,-4.617945377,-1.51885167,-4.094373347,-3.872266602,5.14425137650086,171.443090291376
"HER42PB",323.5,3692.55,-6.230944518,-4.567129834,-1.596929662,-4.162593663,-3.919574595,5.52373720315734,250.569719499835
"HER42PB",323.6,3693.51,-5.900502794,-4.546296747,-1.725953594,-4.200550874,-4.192888001,4.73782434335079,114.185502788176
"HER42PB",323.7,3694.48,-5.579077038,-4.389492971,-1.61447585,-4.369107214,-3.872280464,4.17847494248284,65.266242503538
"HER42PB",323.8,3695.44,-6.161814039,-4.412018769,-1.538319621,-3.842924237,-3.626813444,5.57870382257942,264.728248530004
"HER42PB",323.9,3696.41,-5.966853828,-4.330203352,-1.638543263,-3.824761321,-3.719805746,5.13402180641269,169.698240928192
"HER42PB",324,3697.37,-6.35697534,-4.47751029,-2.029536895,-4.288005098,-3.862393424,5.77296419835454,321.489279657351
"HER42PB",324.1,3698.34,-5.76914452,-4.572471018,-2.039079501,-4.103154438,-3.921405783,4.73907046941006,114.327881010974
"HER42PB",324.2,3699.3,-6.831186792,-4.722569762,-2.204924821,-4.169823705,-4.19778452,6.87017816874071,963.120148430233
"HER42PB",324.3,3700.27,-6.242823909,-4.43646564,-2.221155464,-4.026181246,-4.034226342,5.55958923701779,259.716132636318
"HER42PB",324.4,3701.23,-6.23105543,-4.523785268,-2.237452437,-3.978302711,-3.858736999,5.69436102035935,297.186836565203
"HER42PB",324.5,3702.2,-6.301442843,-4.514670915,-1.869915564,-4.049365807,-3.991422771,5.68593701924481,294.693849528175
"HER42PB",324.6,3703.16,-5.798210723,-4.365293046,-1.77253441,-4.080326153,-3.358238046,4.94713568613006,140.771173082147
"HER42PB",324.7,3704.13,-5.952801125,-4.279489807,-1.930112552,-3.935065242,-3.994806237,4.93286025951161,138.77588024365
"HER42PB",324.8,3705.09,-6.104194185,-4.547334089,-2.451953415,-3.869731263,-3.737833057,5.59127455762664,268.077081749973
"HER42PB",324.9,3706.06,-6.130601294,-4.347210075,-2.378160358,-4.334683815,-3.710233165,5.35224114865247,211.080831681113
"HER42PB",325,3707.02,-6.144026664,-4.585232485,-2.331619391,-3.925091601,-3.746131391,5.64592096146311,283.134191866264
"HER42PB",325.1,3707.99,-6.65651665,-4.621410922,-2.347225303,-4.222187475,-3.98872171,6.51088357358333,672.420287991726
"HER42PB",325.2,3708.95,-6.856947697,-4.634405311,-2.50155466,-4.355091488,-3.976597497,6.96562442794009,1059.57633997065
"HER42PB",325.3,3709.92,-6.409160113,-4.716607294,-2.530693891,-4.779919573,-3.676959452,5.97155909473951,392.116541260403
"HER42PB",325.4,3710.88,-6.549812686,-4.682374152,-2.259611743,-4.297528331,-3.736779399,6.38957292806931,595.602160399653
"HER42PB",325.5,3711.85,-5.925778701,-4.44417416,-2.177216245,-4.090002347,-3.984163477,4.94482316784288,140.446013283982
"HER42PB",325.6,3712.81,-6.758859706,-4.69084686,-2.553488891,-4.186941679,-3.794289793,6.92934261859492,1021.82203198076
"HER42PB",325.7,3713.78,-6.667089311,-4.614034525,-2.728748997,-4.052129533,-3.779035051,6.7609939934065,863.500082740377
"HER42PB",325.8,3714.74,-6.490252491,-4.698493021,-2.521914339,-4.140520619,-3.952186473,6.25441615908904,520.305510418666
"HER42PB",325.9,3715.71,-6.548643506,-4.395590147,-2.441114635,-4.450852826,-3.816201852,6.15713053867481,472.071538478928
"HER42PB",326,3716.67,-6.921489108,-4.334799764,-2.627513352,-4.181571168,-3.984597335,7.05140754304504,1154.48258363356
"HER42PB",326.1,3717.64,-6.227673064,-4.827773051,-3.112636842,-4.317623331,-4.036555376,5.7340876654806,309.23072016484
"HER42PB",326.2,3718.61,-6.650822239,-4.745734084,-3.126227979,-4.41865961,-3.646130224,6.76541374074391,867.324981248066
"HER42PB",326.3,3719.57,-6.394563674,-4.70485346,-3.057573194,-4.544816948,-3.90098824,5.98517015574086,397.490150726498
"HER42PB",326.4,3720.54,-6.667323725,-4.875564255,-3.522674222,-4.265938047,-3.731014871,6.94327630781863,1036.15943712635
"HER42PB",326.5,3721.5,-6.422422448,-4.800751967,-3.224691689,-4.542370372,-3.875384017,6.13167889286674,460.208152637386
"HER42PB",326.6,3722.47,-5.029173668,-4.702306628,-2.24342838,-4.207152765,-3.837168097,3.67260120728442,39.3541411136524
"HER42PB",326.7,3723.43,-6.078621313,-5.055720846,-3.64081355,-4.452654098,-3.732218716,5.73344051965027,309.030667532271
"HER42PB",326.8,3724.4,-6.383365859,-4.933184231,-3.78170551,-4.075240586,-3.882385385,6.3802786734318,590.092127745965
"HER42PB",326.9,3725.36,-6.791001605,-4.679471748,-3.694047804,-4.361975413,-3.936282055,7.00849788398705,1105.99192833613
"HER42PB",327,3726.33,-7.05074183,-4.703456558,-3.590377471,-4.459760634,-3.893133691,7.63684690936447,2073.19652334793
"HER42PB",327.1,3727.29,-7.242600577,-4.829152891,-3.692190797,-4.250322538,-3.772563592,8.37665050530152,4344.43287374579
"HER42PB",327.2,3728.26,-6.671959915,-5.017401567,-3.954975385,-4.086512036,-3.714448854,7.1685314976919,1297.93717887563
"HER42PB",327.3,3729.22,-7.125478104,-5.088596177,-3.517841573,-4.528415895,-3.933630952,7.97600648951533,2910.28557041908
"HER42PB",327.4,3730.19,-8.224066018,-5.158129486,-3.731352171,-4.603368077,-3.792167554,11.5420312822972,102953.353119762
"HER42PB",327.5,3731.15,-7.730028329,-5.044450984,-4.113122374,-4.257371983,-4.085158816,9.82477416762201,18486.0961237025
"HER42PB",327.6,3732.12,NA,-5.099940186,-4.032729795,-4.909586457,-3.940070964,NA,NA
"HER42PB",327.7,3733.08,-7.32746414,-5.146837455,-4.080829046,-5.202766007,-4.175995144,8.23353472052919,3765.11890168887
"HER42PB",327.8,3734.05,-6.778736486,-5.123552551,-3.999520834,-4.808801157,-3.85924211,7.11074411301875,1225.05878920954
"HER42PB",327.9,3735.01,-7.043110008,-5.101289845,-4.247572353,-4.891347805,-3.640009677,7.86933482146691,2615.82501870818
"HER42PB",328,3735.98,-8.287956112,-5.210643852,-3.987953313,-4.755730468,-3.704009563,11.8264987004117,136830.566756208
"HER42PB",328.1,3736.94,-7.983756715,-5.054469541,-3.548697229,-4.808683513,-3.719066787,10.5590579407505,38524.8181840876
"HER42PB",328.2,3737.91,-7.523800499,-4.958851142,-3.672686247,-4.441056849,-3.932734355,9.08763022571262,8845.20006836789
"HER42PB",328.3,3738.87,-7.636969166,-4.803755822,-3.861912015,-4.653815674,-3.893364812,9.30981481054834,11045.9023547549
"HER42PB",328.4,3739.84,-7.806432985,-4.952670972,-4.043865815,-4.499761776,-3.859724421,10.0314812113323,22730.9159121138
"HER42PB",328.5,3740.8,-6.638520192,-5.036381582,-4.015169991,-4.754209165,-4.044623258,6.66572650820476,785.033591200233
"HER42PB",328.6,3741.77,-7.583974269,-4.944916939,-3.677681938,-5.199151077,-3.991238675,8.92267996476822,7500.16249108887
"HER42PB",328.7,3742.74,-7.058859306,-4.783101455,-3.217511258,-4.372613735,-4.099059041,7.57825627419595,1955.21662947426
"HER42PB",328.8,3743.7,-6.674896318,-5.002196209,-3.482490194,-4.399200125,-3.789070023,6.93723625842271,1029.91984563396
"HER42PB",328.9,3744.67,-6.507689362,-4.984636064,-3.303402195,-4.492786342,-3.840700648,6.46196435774229,640.317634884426
"HER42PB",329,3745.63,-6.276894085,-4.857809901,-3.260705802,-4.600420771,-3.951895397,5.79825694625903,329.724331498764
"HER42PB",329.1,3746.6,-6.816608513,-4.860780927,-3.363304215,-4.497875434,-3.825538253,7.12255074921104,1239.60833422754
"HER42PB",329.2,3747.56,-6.911823914,-4.851800458,-3.410665181,-4.134439019,-3.669632284,7.58673965195008,1971.87402632879
"HER42PB",329.3,3748.53,-7.675339743,-5.044250583,-3.179860422,-4.628175295,-3.763316737,9.54156683909071,13926.7515172066
"HER42PB",329.4,3749.49,-6.670989959,-4.872715809,-3.321429929,-4.215936273,-3.827449501,6.89353885178867,985.884149031967
"HER42PB",329.5,3750.46,-6.525459336,-4.940455449,-3.22962247,-4.452504304,-3.931749826,6.43722960456257,624.673806917524
"HER42PB",329.6,3751.42,-6.397182149,-4.784718515,-2.952499655,-4.551355458,-3.781114337,6.0779803630369,436.147445109551
"HER42PB",329.7,3752.39,-6.952955045,-4.642506216,-2.907598035,-4.812888882,-3.700949897,7.21858129634099,1364.55179220771
"HER42PB",329.8,3753.35,-7.071498459,-4.69796163,-3.058831928,-4.531750893,-3.663461773,7.7060276709904,2221.69938549414
"HER42PB",329.9,3754.32,-6.433593015,-4.84947291,-3.115437626,-4.559389876,-3.881952988,6.15611966969959,471.594577119932
"HER42PB",330,3755.28,-6.204108728,-4.614621602,-2.892394912,-4.424771779,-3.759081444,5.64533996536258,282.9697397825
"HER42PB",330.1,3756.29,-6.820650874,-4.657595193,-2.896607382,-4.132961596,-3.782795128,7.1340775043636,1253.97966426099
"HER42PB",330.2,3757.29,-6.350506253,-4.644441505,-2.913717927,-4.1581243,-3.863187057,6.01875655576283,411.067138743685
"HER42PB",330.3,3758.29,-7.520828005,-4.638424417,-2.669169834,-4.416882147,-4.031561605,8.73403544168708,6210.74069074588
"HER42PB",330.4,3759.29,-6.217782542,-4.932584297,-2.798375891,-4.13994485,-3.89363669,5.87352003768985,355.498147297578
"HER42PB",330.5,3760.3,-7.199884345,-4.78643666,-2.743534245,-4.288658751,-3.73522661,8.11352761412365,3339.33716980943
"HER42PB",330.6,3761.3,-6.901117916,-4.860897087,-2.578854895,-4.191359772,-3.919588592,7.29998618198872,1480.27947292477
"HER42PB",330.7,3762.3,-7.505204109,-4.809933635,-2.456875519,-4.71784407,-3.811574052,8.73996318917776,6247.66572631099
"HER42PB",330.8,3763.3,-6.627723865,-4.586503537,-2.187900132,-4.518723522,-3.86266341,6.34943404469511,572.168795396953
"HER42PB",330.9,3764.31,-6.045271533,-4.460863369,-2.06108466,-4.184768912,-3.683781737,5.27906563619835,196.186480140801
"HER42PB",331,3765.31,-6.193522486,-4.52123667,-1.81487995,-4.52888002,-3.778574425,5.37734995516011,216.447918036363
"HER42PB",331.1,3766.31,-6.41301429,-4.649910077,-1.910571555,-4.462273214,-3.817253767,5.91824017843206,371.756912046132
"HER42PB",331.2,3767.32,-5.73844537,-4.639833081,-2.009359495,-4.418400394,-4.04857035,4.52202312062866,92.0215805400145
"HER42PB",331.3,3768.32,-6.137670953,-4.658430479,-1.90998441,-4.051756897,-3.811978285,5.52912627207865,251.92370206362
"HER42PB",331.4,3769.32,-6.203659492,-4.478910733,-1.85985407,-4.44964035,-3.91084419,5.34524778123972,209.609815544802
"HER42PB",331.5,3770.32,-6.503251247,-4.419013533,-1.791644202,-3.788811248,-3.854624467,6.23214671291249,508.846659550418
"HER42PB",331.6,3771.33,-6.046231214,-4.611146689,-1.792706624,-3.986092425,-3.947852471,5.26778654347939,193.986107074197
"HER42PB",331.7,3772.33,-6.122048563,-4.625028358,-1.904404096,-4.345167157,-4.006861179,5.25930076450781,192.34694845099
"HER42PB",331.8,3773.33,-6.378369589,-4.931450606,-1.84308553,-4.139434523,-3.859329933,6.09334441039249,442.900176922348
"HER42PB",331.9,3774.34,-6.058447368,-4.547698832,-1.813918674,-4.289023852,-3.865246941,5.1798194385584,177.650731225135
"HER42PB",332,3775.34,-6.216827855,-4.7345922,-2.178416967,-4.050953808,-3.93104988,5.70114268477402,299.209107389778
"HER42PB",332.1,3776.34,-6.521462347,-4.744695663,-2.376628385,-4.39621127,-3.949668336,6.22447480644591,504.957772236756
"HER42PB",332.2,3777.34,-6.530044294,-4.899404174,-2.650692071,-4.581586373,-3.810159636,6.35815919652566,577.182897601471
"HER42PB",332.3,3778.35,-7.74873913,-4.976150408,-2.761512959,-4.459459665,-3.92522595,9.66701428311087,15788.1396664463
"HER42PB",332.4,3779.35,-7.14392332,-5.028834439,-2.783087372,-5.101446972,-3.861315751,7.69810837557004,2204.17457538866
"HER42PB",332.5,3780.35,-7.109189887,-4.884566336,-2.798390762,-4.874482217,-3.641502764,7.73908842210533,2296.37810120195
"HER42PB",332.6,3781.35,-7.21976825,-4.800166699,-2.694612037,-4.561198106,-3.888796026,7.97723736976024,2913.86998897722
"HER42PB",332.7,3782.36,-6.770228614,-4.824318465,-2.526825681,-4.240065373,-4.003210937,6.89272544606498,985.082551278546
"HER42PB",332.8,3783.36,-6.939891238,-4.949856284,-2.512212189,-4.760366238,-3.906711077,7.20849813492536,1350.8619307556
"HER42PB",332.9,3784.36,-7.068378473,-4.704099811,-2.358848272,-4.926531365,-3.818473906,7.36512677482471,1579.91570735842
"HER42PB",333,3785.37,-7.034840942,-5.097127561,-2.461308862,-4.797175396,-3.975463404,7.46961224121016,1753.92645330164
"HER42PB",333.1,3786.37,-6.863181215,-4.991379038,-2.320139757,-4.443871847,-3.857970197,7.16897699546453,1298.51553581665
"HER42PB",333.2,3787.37,-6.656575295,-4.868089152,-2.308703794,-4.3919568,-3.947218758,6.58742163262417,725.906800505052
"HER42PB",333.3,3788.37,-7.360383832,-4.923267846,-2.21312194,-4.798516141,-3.709206245,8.3651244017616,4294.64596633142
"HER42PB",333.4,3789.38,-7.403061091,-4.706184191,-2.119857362,-4.503472678,-4.02575803,8.31732977983215,4094.21294926115
"HER42PB",333.5,3790.38,-7.529585461,-4.799556353,-2.193880562,-4.863680881,-3.962066864,8.63427283196144,5621.0447936991
"HER42PB",333.6,3791.38,-7.408757814,-5.029983582,-2.283059229,-4.556126384,-3.895969367,8.57145742120827,5278.81764740415
"HER42PB",333.7,3792.39,-6.900604775,-4.821163233,-2.388098274,-4.286865253,-3.919986139,7.21294504202024,1356.88246471594
"HER42PB",333.8,3793.39,-6.348581422,-4.780569552,-1.982257137,-4.801944411,-4.00900776,5.62199953435259,276.441585423715
"HER42PB",333.9,3794.39,-5.579104865,-4.994265881,-2.346286949,-4.377784582,-3.82789149,4.61389783357106,100.876584454146
"HER42PB",334,3795.39,-6.666307976,-4.858340697,-2.43362334,-4.586866435,-3.894945496,6.56903437016506,712.681324409605
"HER42PB",334.1,3796.4,-6.762000415,-4.844438621,-2.443064075,-4.999654831,-4.058307519,6.53354967478419,687.835475428275
"HER42PB",334.2,3797.4,-7.024038778,-4.814195737,-2.460881772,-4.339110995,-3.944753482,7.49635467516302,1801.46351094177
"HER42PB",334.3,3798.4,-7.068223623,-4.992577152,-2.505454961,-4.418401926,-4.235010279,7.52736892117729,1858.20996921414
"HER42PB",334.4,3799.4,-7.463962668,-4.824905338,-2.420244338,-4.358560993,-3.928287372,8.70716682189334,6046.08855371358
"HER42PB",334.5,3800.41,-6.278177841,-4.735722749,-1.976208585,-5.043689492,-3.861258532,5.42969375732113,228.07938708525
"HER42PB",334.6,3801.41,-6.943539742,-4.758399903,-2.070821246,-4.565496237,-3.881159686,7.15058899257822,1274.8566151698
"HER42PB",334.7,3802.41,-6.440318843,-4.62693691,-2.086978441,-4.632298853,-3.882964459,5.88495267019521,359.585748470561
"HER42PB",334.8,3803.42,-7.043900676,-4.741315583,-2.44389532,-4.662672456,-3.776523329,7.46211696992601,1740.82944285963
"HER42PB",334.9,3804.42,-7.124711989,-5.138164194,-2.44677113,-4.263433192,-3.912308679,7.97498566302848,2907.3161896936
"HER42PB",335,3805.42,-6.822819668,-4.776664104,-2.46824988,-4.283845797,-3.817608651,7.06438114301162,1169.55795833285
"HER42PB",335.1,3806.42,-5.936863414,-4.756701259,-2.455321711,-4.457042995,-3.901261078,5.05975974949131,157.552659669377
"HER42PB",335.2,3807.43,-7.614078432,-4.9025256,-2.320244786,-4.530238891,-4.014605565,9.07087017313617,8698.18944431681
"HER42PB",335.3,3808.43,-7.612622979,-4.725179481,-2.464822551,-4.058779808,-4.03791467,9.17334065019715,9636.76403464
"HER42PB",335.4,3809.43,-6.417173102,-4.936290323,-2.228721585,-4.199005351,-3.885746437,6.19226923795001,488.954402130412
"HER42PB",335.5,3810.44,-7.267111809,-5.090678002,-2.802907995,-4.630703488,-3.763892813,8.31074359277736,4067.3363014045
"HER42PB",335.6,3811.44,-7.56229156,-5.008947749,-2.544018839,-4.487286106,-4.107553412,8.96815212526983,7849.0840722118
"HER42PB",335.7,3812.44,-7.227766239,-4.731025131,-2.430206303,-4.426572706,-3.875359021,7.98915329905303,2948.79915115109
"HER42PB",335.8,3813.44,-6.987695417,-5.026036911,-2.549629822,-4.135063987,-3.96456417,7.59962133228857,1997.43938607934
"HER42PB",335.9,3814.45,-6.839807779,-5.139398089,-2.528689114,-4.499835154,-3.956071746,7.1439716153411,1266.44825933847
"HER42PB",336,3815.45,-6.307212601,-4.927886909,-2.181871938,-4.594917303,-3.973182675,5.74327281401658,312.084134718568
"HER42PB",336.1,3816.45,-6.819101963,-5.031225994,-2.831410741,-4.369702001,-3.926149558,7.14651261319505,1269.67039363206
"HER42PB",336.2,3817.45,-8.794774422,-5.033574306,-2.844131869,-4.620387152,-3.900672944,13.6012906880489,807170.892914887
"HER42PB",336.3,3818.46,-6.326753992,-5.080045532,-2.778675752,-4.275885823,-3.935281349,6.09402560204986,443.201979608979
"HER42PB",336.4,3819.46,-7.216633531,-4.98181054,-2.781311297,-4.570214205,-3.815436149,8.11003703867312,3327.70128125136
"HER42PB",336.5,3820.46,-6.937007442,-4.939803999,-2.522297103,-4.394576949,-4.071803556,7.26116585219332,1423.91564505387
"HER42PB",336.6,3821.47,-7.95364468,-4.961490228,-2.663935688,-4.505927283,-3.945013637,10.2944000805756,29566.5839080873
"HER42PB",336.7,3822.47,-8.006470126,-5.022343399,-2.610049282,-4.649841064,-3.888058538,10.471419575397,35292.2818802699
"HER42PB",336.8,3823.47,-6.606399905,-5.090052415,-2.717228615,-4.574360602,-3.755907513,6.66914368717255,787.720780165016
"HER42PB",336.9,3824.47,-6.987565111,-4.974465518,-2.862612704,-4.712378993,-3.932799306,7.39502886153626,1627.87190581691
"HER42PB",337,3825.48,-7.372017458,-5.049629737,-2.621189699,-4.773782123,-3.715661195,8.52634399196031,5045.96398561198
"HER42PB",337.1,3826.48,-8.192595626,-5.033662837,-2.93179134,-4.591554336,-3.797024766,11.2553468358725,77292.0849855089
"HER42PB",337.2,3827.48,-6.737723846,-5.074442701,-2.518529081,-4.512525416,-3.850904489,6.91354838273205,1005.80991622523
"HER42PB",337.3,3828.49,-7.360765332,-4.875858682,-2.219335721,-4.22179889,-3.83205463,8.51406070140505,4984.36205558366
"HER42PB",337.4,3829.49,-7.006594578,-5.147695806,-1.987293239,-4.369523346,-3.856711624,7.59603402451836,1990.28679319558
"HER42PB",337.5,3830.49,-7.179358781,-5.168910111,-2.009443129,-4.581619601,-4.042416339,7.88078793164016,2645.95657146648
"HER42PB",337.6,3831.49,-7.016840279,-5.125450969,-2.047423883,-4.72286356,-3.843559727,7.48117903339969,1774.33153929701
"HER42PB",337.7,3832.5,NA,-5.003151892,-2.127519267,-4.763353906,-3.792711499,NA,NA
"HER42PB",337.8,3833.5,-6.582756591,-5.145876733,-2.489041158,-4.996220443,-4.137951546,6.24384997949013,514.836811455909
"HER42PB",337.9,3834.5,-8.572952214,-5.167004229,-2.798400668,-4.547600523,-3.808339253,12.7981004413733,361530.049415263
"HER42PB",338,3835.5,-7.345956445,-5.014621939,-2.668078076,-5.153372247,-3.997515416,8.13885434717162,3424.99176793779
"HER42PB",338.1,3836.51,-7.801936725,-4.833233124,-2.567980118,-4.723089545,-3.891247943,9.64773000000941,15486.5936062143
"HER42PB",338.2,3837.51,-6.774278307,-4.90247613,-2.580303903,-4.21116213,-3.725230974,7.10656743823973,1219.95278753872
"HER42PB",338.3,3838.51,-7.695677737,-5.02763287,-2.353906548,-4.493409648,-3.783654732,9.53000209368729,13766.6199069725
"HER42PB",338.4,3839.52,-6.450075399,-5.014990874,-2.395396094,-4.119550938,-3.763362336,6.42264273951101,615.627910426182
"HER42PB",338.5,3840.52,-6.409272523,-4.883917727,-2.461135361,-4.171656151,-3.893920106,6.18616910896829,485.98079612237
"HER42PB",338.6,3841.52,-6.913253649,-4.875197323,-2.569799289,-4.132254448,-3.971663674,7.33351552226151,1530.75372264073
"HER42PB",338.7,3842.52,-6.176051469,-4.947077362,-2.761442318,-4.25023332,-3.918781572,5.73461562964462,309.394026009523
"HER42PB",338.8,3843.53,-6.548167935,-5.088722692,-2.946949419,-4.562252451,-3.825933099,6.53732680759838,690.438434139017
"HER42PB",338.9,3844.53,-6.760439881,-4.59511985,-2.724661372,-4.675578272,-3.934928757,6.63336435746914,760.034903184903
"HER42PB",339,3845.53,-7.279191113,-4.700097248,-2.732356504,-4.241748351,-3.517990998,8.41625161621294,4519.92923266169
"HER42PB",339.1,3846.54,-7.243308726,-4.630092628,-2.825329074,-4.455215818,-3.879714319,8.01808364812437,3035.35494770859
"HER42PB",339.2,3847.54,-6.834800488,-4.930563035,-3.001511523,-3.673755572,-4.114131823,7.34144010825678,1542.93250432013
"HER42PB",339.3,3848.54,-7.160595424,-4.90085049,-2.946796584,-4.171335665,-3.974509422,8.01884631679542,3037.6708008348
"HER42PB",339.4,3849.54,NA,-4.944465814,-3.282936315,-4.202197836,-3.670112213,NA,NA
"HER42PB",339.5,3850.55,-6.485685866,-4.822008185,-3.300824658,-4.283011684,-3.67687588,6.49877218124336,664.325460829796
"HER42PB",339.6,3851.55,-6.645115505,-4.783524941,-3.126554463,-4.307308977,-3.749516344,6.76406549119756,866.156398683038
"HER42PB",339.7,3852.55,-6.27036641,-4.723363968,-3.091764484,-4.356932849,-4.017690528,5.75694314450132,316.37972213334
"HER42PB",339.8,3853.55,-6.70114103,-4.746341933,-3.07958174,-4.527336726,-3.732865602,6.78643906225927,885.753825131763
"HER42PB",339.9,3854.56,-6.461263237,-4.59832749,-2.794763499,-4.57320054,-3.777550521,6.08935584053745,441.137156929358
"HER42PB",340,3855.56,-6.496979484,-4.991020619,-3.435649928,-4.636980723,-3.933334758,6.35268315875048,574.030860464905
"HER42PB",340.1,3857.53,-7.569583776,-4.951145734,-3.582364955,-4.759034292,-4.044624794,9.02145105216665,8278.7813133338
"HER42PB",340.2,3859.5,-7.326757969,-4.91881236,-3.244211122,-4.899009733,-3.844948241,8.29498420893923,4003.74002273093
"HER42PB",340.3,3861.47,-7.166072905,-5.090545263,-3.311281846,-4.362712524,-4.362712524,7.90263996665688,2704.41247120806
"HER42PB",340.4,3863.43,-7.019731699,-5.07382155,-3.251017459,-4.093958014,-4.080998869,7.75744642635947,2338.92435743756
"HER42PB",340.5,3865.4,-7.85469645,-5.05513114,-3.533050326,-4.625870294,-4.05500263,10.0221618569715,22520.0624867328
"HER42PB",340.6,3867.37,-7.986602083,-4.844915896,-3.756644961,-4.453958815,-3.807828841,10.5858039238119,39569.1053099554
"HER42PB",340.7,3869.34,-6.862805459,-4.926683316,-3.596872572,-4.370351603,-3.987701173,7.26887853574823,1434.94031608193
"HER42PB",340.8,3871.31,-7.082668509,-4.911168823,-3.560518517,-4.195476404,-3.872977594,7.94337324918551,2816.84642503424
"HER42PB",340.9,3873.28,NA,-5.091798423,-3.647162025,-4.90175482,-3.914933938,NA,NA
"HER42PB",341,3875.25,-6.695537401,-4.98382064,-3.8421666,-4.438191094,-3.856683885,6.97292910155115,1067.34453683002
"HER42PB",341.1,3877.21,-6.960916827,-4.959436827,-3.66693353,-4.691371588,-3.817842716,7.49623866664308,1801.2545379477
"HER42PB",341.2,3879.18,-7.416883463,-4.99031239,-3.17297013,-5.142697844,-3.748206716,8.53106329725919,5069.83371014411
"HER42PB",341.3,3881.15,-8.170610011,-5.142087915,-3.717232177,-4.430958232,-3.768985018,11.4178510862244,90930.5298965265
"HER42PB",341.4,3883.12,-7.030331613,-5.039130705,-3.671458856,-4.763513744,-3.987097006,7.5983244201409,1994.850561777
"HER42PB",341.5,3885.09,-6.44212993,-5.029665851,-3.433601095,-4.696890476,-4.055315103,6.16580203037909,476.182902977524
"HER42PB",341.6,3887.06,-6.605080422,-4.877859474,-3.577711063,-4.302495329,-4.073653757,6.6170215713474,747.714762242191
"HER42PB",341.7,3889.03,-7.914812551,-4.984508082,-3.504036503,-4.998845246,-3.737353082,10.1943517761217,26751.6591880371
"HER42PB",341.8,3890.99,NA,-5.12845506,-3.579486823,-4.608579601,-3.955538046,NA,NA
"HER42PB",341.9,3892.96,-7.005740012,-4.933078157,-3.558759987,-4.600500765,-3.978090135,7.53565951559894,1873.67967232861
"HER42PB",342,3894.93,-7.257440333,-5.087401896,-3.591229679,-4.584481452,-3.660600551,8.46096299286926,4726.60749602993
"HER42PB",342.1,3896.9,-7.267645737,-4.911356465,-3.595281217,-4.482208873,-3.840354986,8.34590232070284,4212.88228504803
"HER42PB",342.2,3898.87,-7.722800474,-5.000044125,-3.617406075,-4.57291752,-3.783378494,9.73929762306611,16971.6167213053
"HER42PB",342.3,3900.84,-7.116656715,-4.689773905,-3.482948032,-4.646565151,-3.80247071,7.75846336260466,2341.30410421168
"HER42PB",342.4,3902.8,-7.120542356,-4.71989605,-3.153686872,-4.989428804,-3.853165009,7.57382385862348,1946.56947488662
"HER42PB",342.5,3904.77,-6.5328449,-4.579444079,-2.989599861,-4.545210908,-4.04501854,6.1351962105157,461.829700973392
"HER42PB",342.6,3906.74,-7.026376059,-4.810282997,-3.300338457,-4.662830266,-3.643439636,7.63744819816075,2074.44348804529
"HER42PB",342.7,3908.71,-7.462664356,-4.72042279,-3.189022128,-4.525114037,-3.92107511,8.68781307393877,5930.19914428951
"HER42PB",342.8,3910.68,-6.55427719,-4.625758784,-3.2674205,-4.33058604,-3.998655016,6.35626576552594,576.091075581662
"HER42PB",342.9,3912.65,-6.620198985,-4.596529471,-2.991089565,-3.970417692,-4.023818469,6.58619079390347,725.01387594316
"HER42PB",343,3914.62,-7.892958879,-4.662719296,-3.300005877,-3.582159754,-3.77508382,10.4838063017848,35732.1563979864
"HER42PB",343.1,3916.58,-6.639286143,-4.710325552,-3.508063612,-4.106523472,-4.001630355,6.71498111139453,824.668189918288
"HER42PB",343.2,3918.55,-6.714836594,-5.001215329,-3.531892778,-4.489683241,-3.88393272,6.95011467299689,1043.26935614475
"HER42PB",343.3,3920.52,-6.41146124,-4.989575933,-3.60415608,-4.505683192,-3.821194074,6.30153657475962,545.409328791254
"HER42PB",343.4,3922.49,-6.823806401,-4.881006675,-3.476193266,-4.653511236,-3.890875029,7.06829583648459,1174.14539257958
"HER42PB",343.5,3924.46,-7.924578892,-4.896056796,-3.574731156,-4.777557171,-3.840284666,10.2274485760882,27651.8683497796
"HER42PB",343.6,3926.43,-7.262144855,-4.976951505,-3.244830302,-4.746118296,-3.998757299,8.12791273843557,3387.72112034285
"HER42PB",343.7,3928.4,-7.596942247,-5.024693587,-3.502597685,-4.603593765,-3.819267294,9.31304445166904,11081.6343248763
"HER42PB",343.8,3930.36,-6.522827822,-4.81807973,-3.220837091,-4.812037415,-3.754414471,6.31112820903747,550.665864689896
"HER42PB",343.9,3932.33,-6.507522361,-4.904663419,-3.313208009,-4.440452111,-3.740069757,6.49453381984407,661.515767893137
"HER42PB",344,3934.3,-6.982461528,-5.116915888,-3.570511354,-4.546007261,-4.014128228,7.57796233366752,1954.6419965231
"HER42PB",344.1,3936.27,-7.462689317,-4.802125782,-3.106538059,-4.325306527,-3.857664173,8.834155029065,6864.75087959419
"HER42PB",344.2,3938.24,-6.396070701,-4.919298754,-2.929388276,-4.219254995,-3.839313314,6.24859983849093,517.28803058284
"HER42PB",344.3,3940.21,-6.38973969,-4.713899323,-2.5830772,-4.342528426,-3.78098771,6.06063215989297,428.646324242651
"HER42PB",344.4,3942.18,-6.840342791,-4.731573634,-2.819251865,-4.101040046,-3.856586708,7.18496864708951,1319.44786909715
"HER42PB",344.5,3944.14,-6.633112014,-4.784194131,-3.019019495,-4.35836172,-3.912074617,6.61730677403262,747.928042912824
"HER42PB",344.6,3946.11,-6.524880534,-4.785306818,-3.087073407,-4.232516995,-3.844323473,6.47056026975243,645.84547330127
"HER42PB",344.7,3948.08,-7.077398768,-4.906665807,-3.22662558,-4.030079126,-3.572901817,8.10545263766646,3312.48067947602
"HER42PB",344.8,3950.05,NA,-4.998313833,-3.365741345,-4.36169948,-3.814760868,NA,NA
"HER42PB",344.9,3952.02,-7.580238032,-4.763974247,-3.696222652,-4.49571026,-4.020816646,9.09089604383729,8874.134104
"HER42PB",345,3953.99,-6.941697663,-4.825442148,-3.516621008,-4.189630577,-3.940977848,7.49846411022967,1805.26759206351
"HER42PB",345.1,3955.96,-7.037125247,-4.890544403,-3.615762196,-4.691055042,-3.83845213,7.63707810640542,2073.67589566203
"HER42PB",345.2,3957.92,-6.675313828,-5.093168058,-3.461837168,-4.63759613,-3.730874849,6.91594129403295,1008.21961208472
"HER42PB",345.3,3959.89,-6.612808789,-5.032358414,-3.836877445,-4.63180732,-4.047859432,6.6293584787711,756.996385586199
"HER42PB",345.4,3961.86,-6.642366074,-4.96838964,-3.706737724,-4.457564016,-3.87209485,6.80796885968976,905.030694491314
"HER42PB",345.5,3963.83,-7.409066554,-5.011171281,-3.851523102,-4.678201675,-3.575420977,8.89018873850715,7260.38936923806
"HER42PB",345.6,3965.8,-7.338045481,-5.182843894,-3.910049906,-4.76741429,-3.792266871,8.63617478733669,5631.74594338767
"HER42PB",345.7,3967.77,-6.858135225,-4.795886084,-3.052483347,-4.423724739,-3.73557008,7.22445134445621,1372.58533244962
"HER42PB",345.8,3969.74,-7.97359838,-4.866452519,-3.668568501,-4.516831147,-3.832733802,10.5019298015493,36385.6520529915
"HER42PB",345.9,3971.7,-8.809514486,-5.108212512,-3.474383146,-4.572995435,-3.936864935,13.7910128197413,975799.895957727
"HER42PB",346,3973.67,-7.137750305,-5.122847285,-3.561200036,-4.870144931,-3.91016254,7.9049841758237,2710.75961632517
"HER42PB",346.1,3975.64,-6.803556879,-4.844445218,-3.432259443,-4.489410963,-4.044135867,6.98190843228477,1076.97173464418
"HER42PB",346.2,3977.61,-7.870191411,-4.851393864,-3.380058035,-4.326337729,-3.730236337,10.23686569067,27913.4991324642
"HER42PB",346.3,3979.58,-6.591622925,-4.928117792,-3.528751349,-4.348158955,-4.064413896,6.59253346738593,729.627016585578
"HER42PB",346.4,3981.55,-6.497151993,-4.795438804,-3.493947705,-3.854529597,-3.870070854,6.61076571025677,743.051763298523
"HER42PB",346.5,3983.51,-7.162276366,-4.804966373,-3.449466785,-4.709118415,-3.939657555,7.83914977780713,2538.04601317134
"HER42PB",346.6,3985.48,-7.804827213,-4.826899564,-3.518404919,-4.502475666,-3.89045403,9.8724152020339,19388.1086713752
"HER42PB",346.7,3987.45,-7.015566842,-5.058140251,-3.423079234,-5.020682689,-3.913528554,7.46998548709054,1754.58122131196
"HER42PB",346.8,3989.42,-7.276627941,-5.009134168,-3.644501304,-5.439917084,-4.030539553,7.93884384866745,2804.1166502647
"HER42PB",346.9,3991.39,-6.921682237,-5.16298363,-3.595593954,-4.534935352,-3.82290921,7.55633925815948,1912.83030284703
"HER42PB",347,3993.36,-7.868947672,-5.046825015,-3.543160756,-4.409088378,-3.868456019,10.2517456551125,28331.9566021801
"HER42PB",347.1,3995.33,-7.137013431,-4.967094305,-3.443598822,-4.593266281,-3.80048926,7.97545718979017,2908.68739033524
"HER42PB",347.2,3997.29,-7.84038677,-5.188025475,-3.432144294,-4.895947791,-3.803936187,10.0509256653331,23177.2312781926
"HER42PB",347.3,3999.26,-7.158416716,-5.086818352,-3.561960987,-4.798152512,-3.857960904,7.99784118353373,2974.52958721836
"HER42PB",347.4,4001.23,-7.512498809,-4.985032545,-3.538113562,-4.484678221,-3.868071118,9.06519019815462,8648.92399160825
"HER42PB",347.5,4003.2,-6.601472714,-5.08164696,-3.617415472,-4.855383281,-3.761976626,6.65691647996342,778.147799638004
"HER42PB",347.6,4005.17,-7.994343183,-5.049904204,-3.616790828,-4.677563143,-3.705842606,10.6627556221117,42734.2344739293
"HER42PB",347.7,4007.14,-6.284706137,-4.901750677,-3.472896701,-4.295918963,-3.933966002,5.99961820408859,403.274795428622
"HER42PB",347.8,4009.11,-7.146230694,-4.825069216,-3.145739041,-4.737035866,-3.644999458,7.90728307848112,2716.99855742219
"HER42PB",347.9,4011.07,-6.439749652,-5.000210777,-3.034913067,-4.310774176,-3.754882787,6.40506916461097,604.903635156327
"HER42PB",348,4013.04,-6.811844919,-4.902302414,-2.889421639,-4.278869866,-4.014009414,7.06071420332197,1165.27711343298
"HER42PB",348.1,4015.01,-6.796898203,-4.655525704,-3.005161364,-4.1706206,-4.034079273,6.9447036197978,1037.63941584772
"HER42PB",348.2,4016.98,-6.592421675,-4.822102537,-3.053836709,-4.298969066,-3.867544154,6.59693103692543,732.842667470916
"HER42PB",348.3,4018.95,-6.871318978,-4.785798391,-2.935674725,-4.114091541,-3.923036305,7.2649725463812,1429.34638649183
"HER42PB",348.4,4020.92,-6.903169782,-4.993627277,-3.080524587,-4.280314427,-3.904940628,7.41355569981174,1658.31233712079
"HER42PB",348.5,4022.89,-7.019858724,-4.912246306,-3.091400098,-4.116868502,-3.857402091,7.75810749841605,2340.47106615934
"HER42PB",348.6,4024.85,-6.79417929,-4.841796627,-2.981474486,-4.1534999,-3.81217721,7.15480767400401,1280.24618954811
"HER42PB",348.7,4026.82,-7.118163534,-4.920938957,-2.962125403,-4.357003508,-3.769855616,7.9487698976368,2832.08904747521
"HER42PB",348.8,4028.79,-6.720389019,-4.836354274,-2.850021689,-4.446203401,-3.89663201,6.79592951282891,894.200043841761
"HER42PB",348.9,4030.76,-7.215068395,-4.652686433,-2.997523399,-4.397665657,-3.953133081,7.96129590412364,2867.78692241072
"HER42PB",349,4032.73,-6.903257374,-4.692573643,-3.031548362,-4.569457261,-4.029279426,7.06661069593904,1172.16845874569
"HER42PB",349.1,4034.7,-7.022174639,-4.636986018,-2.927367221,-4.532649043,-3.952830548,7.37818479435926,1600.68156293402
"HER42PB",349.2,4036.67,-6.892889227,-4.822636112,-3.10759156,-4.635199454,-3.879029569,7.17051345545155,1300.51218647407
"HER42PB",349.3,4038.63,-6.867800963,-4.806377927,-2.905628174,-4.261590148,-3.670100136,7.33402474410242,1531.53341437052
"HER42PB",349.4,4040.6,-6.789622182,-4.640447302,-2.601315149,-4.699130804,-3.886980332,6.72532869006866,833.245811163466
"HER42PB",349.5,4042.57,-4.76528861,-4.507729297,-2.404210683,-4.215470558,-3.94811351,3.17573212875251,23.9443437952595
"HER42PB",349.6,4044.54,-5.235195727,-4.475986796,-2.417307246,-4.298624242,-3.666579809,3.92646369064754,50.727272781277
"HER42PB",349.7,4046.51,-5.848160789,-4.573361933,-2.521871512,-4.090619278,-3.894417702,4.96410073957093,143.179736492184
"HER42PB",349.8,4048.48,-5.680605908,-4.597993961,-2.350103526,-4.046088311,-3.765786346,4.7450324937937,115.011542603731
"HER42PB",349.9,4050.45,-5.767124628,-4.556219387,-2.349540506,-3.852762837,-4.00328762,4.82865000692554,125.042040771025
"HER42PB",350,4052.41,-6.07414242,-4.554680104,-2.564681763,-4.179350725,-3.81310633,5.38664005577081,218.468110337228
"HER42PB",350.1,4054.32,-5.57616099,-4.525290464,-2.450136831,-4.036215574,-3.733283067,4.56557103698085,96.1174649753703
"HER42PB",350.2,4056.23,-5.548831164,-4.495518634,-2.274196505,-4.354696808,-4.013393644,4.20579648265403,67.0739996738719
"HER42PB",350.3,4058.13,-5.971181278,-4.440558757,-2.317929002,-4.098569712,-3.881268436,5.09592589612433,163.355024409189
"HER42PB",350.4,4060.04,-6.210518667,-4.462494591,-2.426943472,-3.936722402,-3.715527898,5.737640282711,310.331252276645
"HER42PB",350.5,4061.95,-5.922180088,-4.384654757,-2.233555768,-4.106890121,-3.678435495,5.0662361704133,158.576348352044
"HER42PB",350.6,4063.86,-5.737017137,-4.496645901,-2.101929559,-3.837744299,-3.901680851,4.77028662298939,117.953045170466
"HER42PB",350.7,4065.76,-5.758560681,-4.481638877,-2.262053119,-4.054631925,-3.963802708,4.70073835866,110.028382876567
"HER42PB",350.8,4067.67,-5.635192748,-4.474060102,-2.259037502,-4.042015356,-3.851530489,4.5478561338943,94.4297464198433
"HER42PB",350.9,4069.58,-5.780044459,-4.21497255,-2.343018663,-3.418834523,-3.40557759,5.15872763265807,173.942995358943
"HER42PB",351,4071.48,-5.979110775,-4.457897096,-2.202780226,-3.968662105,-3.908037483,5.1435149676831,171.316884563152
"HER42PB",351.1,4073.39,-5.762421274,-4.457045354,-2.172851584,-4.281963303,-3.829804372,4.65920623797308,105.552265515606
"HER42PB",351.2,4075.3,-5.934516195,-4.347783076,-2.314811845,-4.124222076,-3.78370366,5.01888976955701,151.24329563631
"HER42PB",351.3,4077.2,-5.236414259,-4.277303529,-2.19886049,-3.949997785,-3.954323675,3.78778952511636,44.1586806579035
"HER42PB",351.4,4079.11,-5.41850374,-4.35885742,-2.109309909,-4.613963322,-3.845386292,3.88330951208421,48.5847410811586
"HER42PB",351.5,4081.02,-5.950528077,-4.315058326,-2.285277241,-4.248781488,-3.808524554,4.96361255560859,143.109855499875
"HER42PB",351.6,4082.92,-5.806816757,-4.127340768,-2.060547435,-3.91707688,-3.905294711,4.65931022102193,105.563241732647
"HER42PB",351.7,4084.83,-6.085847263,-4.395557254,-2.209451436,-4.011352146,-3.763717574,5.37212646856567,215.320252973784
"HER42PB",351.8,4086.74,-5.481859982,-4.064110669,-1.675030422,-3.610636341,-3.853061822,4.17700925999596,65.170652983971
"HER42PB",351.9,4088.65,-5.347433635,-3.962853071,-1.59118363,-3.584628129,-3.932445323,3.87013801459964,47.9490032866649
"HER42PB",352,4090.55,-5.459585514,-4.063936548,-1.629800607,-3.639411533,-3.879135139,4.10983217466758,60.936490024731
"HER42PB",352.1,4092.46,-4.892779642,-3.750858826,-1.688617341,-3.569641631,-3.891415786,3.14365996769116,23.1885811962702
"HER42PB",352.2,4094.37,-5.28265645,-4.131553979,-1.793433568,-3.759468093,-3.874155403,3.84564493343798,46.7888503164404
"HER42PB",352.3,4096.27,-5.725531422,-4.215064227,-1.669574586,-3.446293693,-3.799039359,4.75752110112177,116.456882956367
"HER42PB",352.4,4098.18,-4.742418255,-4.044003283,-1.456542153,-3.463834587,-4.070624199,3.01878366012081,20.4663824610531
"HER42PB",352.5,4100.09,-5.689825884,-4.183801067,-1.835209001,-3.926237292,-3.756526242,4.52789275553699,92.5633019195226
"HER42PB",352.6,4101.99,-5.863216791,-4.300695798,-1.875390822,-3.814180764,-3.482513918,5.08765099516881,162.00885515171
"HER42PB",352.7,4103.9,-5.363710475,-4.418899521,-2.04758239,-3.932827637,-3.672199986,4.18883034858643,65.9456124544087
"HER42PB",352.8,4105.81,-5.111298226,-4.24081703,-2.039203948,-3.835351922,-3.751470438,3.71588195282348,41.0948147944174
"HER42PB",352.9,4107.72,-5.577748278,-4.020466846,-1.759675722,-3.643616829,-3.95852236,4.25387398338066,70.3775262911444
"HER42PB",353,4109.62,-5.77461304,-4.211789443,-1.815593085,-3.734293207,-3.670720403,4.81004398872737,122.737016443672
"HER42PB",353.1,4111.53,-5.571597446,-4.118480589,-1.901801366,-3.801756662,-3.551828236,4.46060284181221,86.5396631017743
"HER42PB",353.2,4113.44,-5.485311453,-3.96330784,-1.646609609,-3.784093191,-3.702637056,4.13300702851547,62.3651751172867
"HER42PB",353.3,4115.34,-5.216089983,-3.856717279,-1.533008555,-3.55192717,-3.792981648,3.69346520535964,40.1838512757507
"HER42PB",353.4,4117.25,-4.939539372,-3.867418699,-1.517162636,-3.419254165,-3.757872326,3.37575666293526,29.2464050817104
"HER42PB",353.5,4119.16,-5.166222278,-3.893502031,-1.598852118,-3.472127496,-3.587939533,3.78714387492861,44.1301787995509
"HER42PB",353.6,4121.06,-4.931204539,-3.899602961,-1.643632183,-3.228141367,-3.781453289,3.46416927909948,31.9499072900507
"HER42PB",353.7,4122.97,-5.555256249,-3.973311477,-1.776280492,-3.258621025,-3.784910874,4.44157044795371,84.9081809027586
"HER42PB",353.8,4124.88,-4.466251638,-4.046397792,-1.558816152,-3.366733962,-3.979072978,2.78060688041391,16.1288062350815
"HER42PB",353.9,4126.78,-5.665660862,-4.10891452,-1.888333011,-3.815187323,-3.757102125,4.49956767256538,89.9782228362795
"HER42PB",354,4128.69,-5.477140163,-4.265111658,-1.765722495,-3.670781894,-3.69523299,4.34438751777811,77.0448344338854
"HER42PB",354.1,4130.6,-5.33959189,-4.003898542,-1.528989802,-3.672630134,-3.663972071,3.97449448111149,53.2232047686942
"HER42PB",354.2,4132.51,-5.206996226,-4.009632037,-1.412651471,-3.547343445,-4.106389919,3.58332018173604,35.9928454691065
"HER42PB",354.3,4134.41,-5.112495308,-3.803555324,-1.327029676,-3.241557809,-3.741770971,3.63984726780847,38.0860193199604
"HER42PB",354.4,4136.32,-5.427101397,-4.074708588,-1.526251692,-3.332953708,-3.637814117,4.30024253865971,73.717670916651
"HER42PB",354.5,4138.23,-5.100775595,-4.037780942,-1.5303873,-3.379588777,-3.774242969,3.70008178236628,40.4506123715941
"HER42PB",354.6,4140.13,-5.239312163,-4.094179858,-1.524982922,-3.297848441,-3.79568687,3.95394688489079,52.1407548042
"HER42PB",354.7,4142.04,-5.390877556,-4.059905061,-1.658346781,-3.466020817,-4.015054495,4.00325110593963,54.7759432587142
"HER42PB",354.8,4143.95,-5.362560236,-4.0123833,-1.552899243,-3.502258447,-4.096374247,3.86300656096878,47.6082735861678
"HER42PB",354.9,4145.85,-4.896364989,-3.965061465,-1.489302488,-3.457884875,-3.799154242,3.32752282824439,27.8692192816727
"HER42PB",355,4147.76,-4.085195026,-3.924164192,-1.398308973,-3.41175754,-3.62078321,2.43718257553134,11.4407618101557
"HER42PB",355.1,4149.67,-5.139743838,-4.09072849,-1.48157304,-3.330221912,-3.646477357,3.86388497363193,47.6501116694173
"HER42PB",355.2,4151.58,-5.04109012,-3.966231917,-1.636455772,-3.55650241,-3.691859176,3.56254406200579,35.2527683880529
"HER42PB",355.3,4153.48,-5.460329174,-4.003178877,-1.614206923,-3.770310775,-3.709003275,4.11180849122688,61.0570389011658
"HER42PB",355.4,4155.39,-5.290987539,-4.122170991,-1.712870369,-3.615875387,-3.897145972,3.88923564167469,48.873515364717
"HER42PB",355.5,4157.3,-5.416726604,-4.118053935,-1.657244836,-3.545440823,-3.728589168,4.19035561253971,66.0462736679072
"HER42PB",355.6,4159.2,-5.481672668,-4.36200697,-1.963480583,-3.600638821,-3.927642512,4.33726746995281,76.4982197984181
"HER42PB",355.7,4161.11,-5.412046613,-4.231421172,-1.924906801,-3.719021984,-4.116266259,4.00653404831349,54.9560650268235
"HER42PB",355.8,4163.02,-5.680866531,-4.171155317,-1.781465218,-3.76819021,-3.82086777,4.52987845973465,92.747287867073
"HER42PB",355.9,4164.92,-5.17223072,-4.110176027,-1.697084109,-3.671006393,-3.544499615,3.86413262130692,47.6619135700814
"HER42PB",356,4166.83,-5.470053819,-4.252657994,-1.903380173,-3.839224717,-3.929126269,4.15490314887533,63.7457903973379
"HER42PB",356.1,4168.74,-5.859936641,-4.360141906,-2.234570592,-4.00604539,-3.85923657,4.88753552779168,132.62631708652
"HER42PB",356.2,4170.64,-5.716177559,-4.534961742,-2.286770721,-4.116789983,-3.716952352,4.76099367582016,116.861991158729
"HER42PB",356.3,4172.55,-5.99317504,-4.546256057,-2.498645718,-3.989933959,-3.973933618,5.2132418458747,183.688584070903
"HER42PB",356.4,4174.46,-5.505633622,-4.294255869,-2.358166712,-4.138095139,-4.122723359,4.07283733606602,58.7233443025644
"HER42PB",356.5,4176.37,-5.68880752,-4.388035332,-2.086566934,-3.956136967,-3.563311794,4.75516641108164,116.182985692099
"HER42PB",356.6,4178.27,-5.905579808,-4.509335116,-2.415761235,-3.937069827,-3.818666251,5.12238940840254,167.735680221619
"HER42PB",356.7,4180.18,-5.536618191,-4.435677613,-2.531143321,-4.019418259,-3.934197851,4.367050744414,78.8108552545783
"HER42PB",356.8,4182.09,-5.85467016,-4.526084116,-2.530508588,-4.178360003,-4.015753665,4.8533993725124,128.175365919977
"HER42PB",356.9,4183.99,-5.318416222,-4.428853139,-2.193247467,-4.091091827,-3.660711569,4.08516700102071,59.4518654444655
"HER42PB",357,4185.9,-5.627539358,-4.425841867,-2.25036562,-4.034908563,-4.130218743,4.3668618107259,78.7959666355577
"HER42PB",357.1,4187.81,-5.356940667,-4.355374168,-2.12383136,-3.87297423,-3.769712902,4.12915333820527,62.1253015423412
"HER42PB",357.2,4189.71,-5.70829801,-4.284112775,-2.184091884,-3.885849007,-3.712547421,4.6985833183023,109.791522584388
"HER42PB",357.3,4191.62,-5.383956918,-4.053188318,-2.126335327,-3.96726508,-3.937764416,3.88727833074365,48.7779482566381
"HER42PB",357.4,4193.53,-5.685969392,-4.260209889,-2.191003851,-3.848653391,-3.832588789,4.60155719101594,99.6393524040765
"HER42PB",357.5,4195.44,-5.856628559,-4.420619819,-2.043728819,-3.804248939,-3.820591226,4.99006938601084,146.946619181683
"HER42PB",357.6,4197.34,-5.754300171,-4.506652303,-2.099245301,-3.804570794,-3.71703012,4.91462474624752,136.268165066733
"HER42PB",357.7,4199.25,-6.280451738,-4.723092974,-2.39688963,-3.919879387,-3.870418757,5.93876221291073,379.464941919906
"HER42PB",357.8,4201.16,-5.585162623,-4.355214332,-2.267837327,-3.731452565,-3.904628789,4.50233241077763,90.2273332711151
"HER42PB",357.9,4203.06,-5.586251423,-4.28623557,-1.921862989,-3.983286025,-4.050425328,4.24283580780916,69.6049585132486
"HER42PB",358.1,4206.88,-5.508444236,-4.342009351,-2.195763123,-3.707951087,-3.967462283,4.33682053896124,76.4640380122089
"HER42PB",358.2,4208.78,-5.753816807,-4.459895766,-2.278931709,-3.55659223,-3.792617965,4.97555898935986,144.829760820274
"HER42PB",358.3,4210.69,-5.864325379,-4.314401594,-2.367817818,-4.037985576,-3.958906591,4.82467176256582,124.545581151207
"HER42PB",358.4,4212.6,-6.007384448,-4.389871121,-2.362005121,-3.795256465,-4.016183539,5.19716116547834,180.75836972121
"HER42PB",358.5,4214.5,-5.477954163,-3.959488029,-1.575015776,-3.46711737,-3.870256895,4.15207564137915,63.5658032745228
"HER42PB",358.6,4216.41,-5.14742567,-3.919482119,-1.225628107,-3.405196284,-3.695299246,3.69475423221137,40.2356827379476
"HER42PB",358.7,4218.32,-5.474218356,-4.160494687,-1.829290789,-3.291318105,-3.808778253,4.38950074662828,80.6001690277024
"HER42PB",358.8,4220.23,-5.023880521,-4.025351691,-1.526909245,-3.209421464,-3.75952322,3.66134760415319,38.9137478810578
"HER42PB",358.9,4222.13,-5.090228836,-3.461518379,-1.540145575,-3.315734676,-3.597628461,3.50165750091923,33.1703863650922
"HER42PB",359,4224.04,-5.337569918,-3.861095915,-1.553530807,-3.48895868,-3.943031487,3.83005963255823,46.0652851431098
"HER42PB",359.1,4225.95,-5.165162669,-4.046604116,-1.526853809,-3.418354588,-4.121126482,3.60164300090364,36.6584148005931
"HER42PB",359.2,4227.85,-5.078810411,-4.003928049,-1.657711875,-3.761419191,-3.870825565,3.46202698897561,31.8815345824419
"HER42PB",359.3,4229.76,-5.265624084,-4.077631951,-1.661817753,-3.721700778,-3.827350688,3.81360196773402,45.3133625370449
"HER42PB",359.4,4231.67,-5.086969455,-3.986666548,-1.684757359,-3.571117321,-4.120197941,3.41664338575694,30.4669773053155
"HER42PB",359.5,4233.57,-5.410312077,-4.134018611,-1.669341036,-3.611632165,-3.948794295,4.04900032312039,57.3401068053201
"HER42PB",359.6,4235.48,-5.638227564,-4.304637267,-1.679968674,-3.643770235,-3.818586612,4.56584532689532,96.1438326426456
"HER42PB",359.7,4237.39,-5.453813492,-4.093021424,-1.705749301,-3.648950798,-3.747105256,4.19069198016184,66.068493232693
"HER42PB",359.8,4239.3,-5.380139866,-4.482441967,-1.959397888,-3.955130993,-3.611675959,4.25812976246027,70.6776757270369
"HER42PB",359.9,4241.2,-5.468209754,-4.355512726,-1.899976473,-3.77057913,-3.921704089,4.2373462550619,69.2239052848436
"HER42PB",360,4243.11,-5.266028387,-4.331303954,-1.964822669,-3.802826819,-3.94737814,3.89273085970773,49.0446378379242
"HER42PB",360.1,4245.01,-5.421352946,-4.178422898,-1.795187195,-3.732926622,-3.706691513,4.18268077347777,65.5413193470526
"HER42PB",360.2,4246.91,-5.509572346,-4.117612248,-1.835575823,-3.710265671,-4.038004228,4.13485614317901,62.4806021631223
"HER42PB",360.3,4248.82,-5.350940422,-4.130967276,-1.834304447,-3.717282077,-3.844714796,3.98782591554124,53.9374971250015
"HER42PB",360.4,4250.72,-5.557047769,-4.257764785,-1.79641503,-3.75316694,-3.717660251,4.42931846839646,83.8742344851429
"HER42PB",360.5,4252.62,-5.499507408,-4.253570404,-1.727659128,-3.651177587,-3.874321138,4.28438000253547,72.5575472760818
"HER42PB",360.6,4254.53,-5.283437471,-4.20924371,-1.662083451,-3.379760086,-3.630234531,4.15152529322189,63.5308295765633
"HER42PB",360.7,4256.43,-4.573251694,-3.958777545,-1.291895385,-3.268302972,-3.844559576,2.9371466707411,18.8619501028973
"HER42PB",360.8,4258.33,-4.606892839,-3.729988352,-1.348133391,-3.242385832,-3.502549876,3.05393407382189,21.1985773611869
"HER42PB",360.9,4260.23,-5.028988364,-3.924985227,-1.331899457,-3.250834547,-3.809993818,3.54647449034311,34.6907988977479
"HER42PB",361,4262.14,-4.753072076,-3.708844973,-1.354309702,-3.325784061,-3.793935647,3.042783129123,20.9635062655242
"HER42PB",361.1,4264.04,-4.526180328,-3.607076654,-1.043532779,-3.172998611,-3.572566674,2.8421263820567,17.1521989157842
"HER42PB",361.2,4265.94,-4.747189682,-3.615361343,-1.09613104,-3.009742202,-4.006721845,2.97012105398308,19.4942793133598
"HER42PB",361.3,4267.84,-4.52214685,-3.711623717,-1.008253287,-2.991165602,-3.631831605,2.93091946422598,18.7448578016837
"HER42PB",361.4,4269.75,-4.657431891,-3.68232437,-1.05112254,-2.881706226,-3.812507919,3.03829064013188,20.8695391755103
"HER42PB",361.5,4271.65,-4.186799999,-3.708454968,-0.930390053,-3.043661246,-3.667760777,2.49555675912536,12.1284842834417
"HER42PB",361.6,4273.55,-4.689709631,-3.784265897,-1.091658713,-3.17235061,-3.860958518,2.99398693086829,19.9651235907822
"HER42PB",361.7,4275.46,-4.519888321,-3.752510867,-1.042343142,-3.164900865,-3.933243861,2.72694350287229,15.2860936431116
"HER42PB",361.8,4277.36,-4.459165154,-3.863246926,-1.079497129,-3.12030405,-3.888203658,2.7593756747502,15.7899817859715
"HER42PB",361.9,4279.26,-4.865506128,-3.623251137,-1.041435075,-2.946433748,-3.598215059,3.35965133634095,28.7791548843045
"HER42PB",362,4281.16,-5.191512807,-3.813368451,-1.115737867,-3.115323301,-4.054679306,3.62079792570377,37.3673723164399
"HER42PB",362.1,4283.07,-4.216125642,-3.533234962,-0.943612334,-3.044560081,-3.968787362,2.28087548693411,9.78524351338226
"HER42PB",362.2,4284.97,-3.983393803,-3.616462359,-0.801395871,-3.101929331,-3.471743777,2.2937159609113,9.91170082650027
"HER42PB",362.3,4286.87,-4.816336189,-3.676338684,-0.977035334,-2.960184923,-3.991419731,3.10416764343536,22.2906574763741
"HER42PB",362.4,4288.77,-4.717668881,-3.716581612,-0.996784954,-3.139694238,-3.801378149,3.02544141607357,20.6030972425418
"HER42PB",362.5,4290.68,-4.521580326,-3.595377199,-0.784275671,-2.657767539,-3.781651931,2.89756671001938,18.1299761636458
"HER42PB",362.6,4292.58,-4.821876821,-3.602290504,-0.901966223,-2.81751991,-4.034342822,3.09850999286634,22.1649008045176
"HER42PB",362.7,4294.48,-4.65503939,-3.681320375,-0.830454794,-2.887871324,-4.272783515,2.76379014314665,15.8598402420722
"HER42PB",362.8,4296.39,-4.81900741,-3.589059119,-0.961455747,-2.964655091,-3.901760197,3.10446538287657,22.2972952723932
"HER42PB",362.9,4298.29,-4.572978443,-3.449794894,-0.893471129,-2.830942409,-3.737476966,2.85030284813345,17.2930182059012
"HER42PB",363,4300.19,-4.786624097,-3.578136612,-0.925846756,-3.120882837,-3.917586249,2.97952464731922,19.6784602123204
"HER42PB",363.1,4302.09,-4.326160997,-3.782637985,-0.976709432,-3.181810452,-3.789315806,2.57572414768291,13.1408296151799
"HER42PB",363.2,4304,-4.531973284,-4.151943073,-1.257157444,-3.197513099,-3.772576718,3.05000097415609,21.1153649921921
"HER42PB",363.3,4305.9,-5.124475096,-4.063367203,-1.185099544,-3.197141333,-3.860383031,3.73092000008481,41.7174705910874
"HER42PB",363.4,4307.8,-5.048099276,-3.755330973,-1.059445972,-3.223166033,-3.731116715,3.49983847325025,33.1101033593536
"HER42PB",363.5,4309.7,-4.502258232,-3.710893423,-0.894808865,-2.970493358,-3.727153944,2.85042826282272,17.2951871404113
"HER42PB",363.6,4311.61,-4.540848925,-3.536682992,-0.824300263,-2.896472961,-3.957185977,2.70682301045716,14.9816034306819
"HER42PB",363.7,4313.51,-4.360761759,-3.558843735,-0.67359184,-3.166462926,-3.591401459,2.56577178178658,13.0106959139125
"HER42PB",363.8,4315.41,-4.757930289,-3.47195865,-0.903247532,-2.969965891,-3.814732104,2.99856743818695,20.0567837502631
"HER42PB",363.9,4317.32,-4.629723416,-3.644820838,-0.764749235,-2.879636643,-3.614788551,3.04887678259325,21.0916406148925
"HER42PB",364,4319.22,-4.573474646,-3.765461706,-0.890040703,-2.982940888,-3.632765386,3.00827917470201,20.2525188749237
"HER42PB",364.1,4321.12,-4.646865645,-3.713793436,-0.875254793,-3.198138343,-3.794088319,2.89817992534768,18.1410971523628
"HER42PB",364.2,4323.02,-4.791817203,-3.892713687,-0.941860441,-3.077736521,-3.756448808,3.25469949500849,25.911826730649
"HER42PB",364.3,4324.93,-4.62085781,-3.746962637,-0.876204548,-3.202991653,-3.815393237,2.87034432105394,17.6430920421482
"HER42PB",364.4,4326.83,-4.665391633,-3.724699848,-0.928291329,-3.011536603,-3.715411855,3.05127434426591,21.1422697930802
"HER42PB",364.5,4328.73,-4.63578294,-3.778900341,-0.825796808,-3.285717517,-3.623161099,2.96474178411215,19.3896958674738
"HER42PB",364.6,4330.63,-4.662970887,-3.746680155,-0.889069948,-3.355050779,-3.842753985,2.84810242296673,17.2550080480231
"HER42PB",364.7,4332.54,-4.710886287,-3.672637148,-0.781031584,-3.37610546,-3.757630361,2.89078625817054,18.0074625514468
"HER42PB",364.8,4334.44,-4.599666346,-3.695478636,-0.721752329,-3.301751351,-3.860597415,2.73257414490899,15.3724069361429
"HER42PB",364.9,4336.34,-4.767931308,-3.545463921,-0.679828407,-3.120983547,-3.735142316,2.99954783579333,20.0764570152787
"HER42PB",365,4338.25,-4.43326257,-3.630806981,-0.751130512,-3.163466469,-3.778829901,2.60186067714242,13.4888130256115
"HER42PB",365.1,4340.15,-4.873268172,-3.72791087,-0.933418133,-3.134888591,-4.037350235,3.1056215802832,22.3230902565354
"HER42PB",365.2,4342.05,-5.366665221,-4.135204834,-1.168231443,-3.010617058,-3.502458018,4.39088410768363,80.7117453199451
"HER42PB",365.3,4343.95,-4.621508848,-3.839414182,-0.996651253,-3.212224969,-3.462728038,3.11502776545508,22.5340560131287
"HER42PB",365.4,4345.86,-5.148319343,-3.947577559,-0.977710916,-2.870555903,-3.515921238,3.98884286090978,53.9923765128335
"HER42PB",365.5,4347.76,-5.105192097,-4.032555295,-1.136240816,-3.241157837,-3.699849541,3.74570601991237,42.33888876765
"HER42PB",365.6,4349.66,-4.944623051,-3.96753212,-1.05503898,-3.364465372,-3.864421324,3.34007937193224,28.2213666009125
"HER42PB",365.7,4351.56,-5.025024032,-3.952101229,-1.130545336,-3.244193633,-3.704718518,3.58533395052525,36.0653997672188
"HER42PB",365.8,4353.47,-5.075391815,-4.180253458,-1.244477977,-3.45439308,-3.837691893,3.63661235336803,37.9630133702128
"HER42PB",365.9,4355.37,-4.968385855,-3.942634914,-1.171986057,-3.317650385,-4.153260247,3.24467374553018,25.6533391782109
"HER42PB",366,4357.27,-4.979055725,-4.01880187,-1.093792073,-3.197649289,-3.946231177,3.44521129620695,31.3499068633017
"HER42PB",366.1,4359.18,-5.243185445,-3.998861345,-1.296334846,-3.146431398,-3.660574774,4.0108583393844,55.1942256148401
"HER42PB",366.2,4361.08,-5.082508811,-4.287381054,-1.423203497,-3.141871082,-3.814956535,3.86649298604076,47.7745459444692
"HER42PB",366.3,4362.98,-5.013796029,-3.953138961,-1.285346761,-3.206331849,-3.676152177,3.6213246639332,37.3870603247304
"HER42PB",366.4,4364.88,-4.721747222,-4.204164815,-1.243771908,-3.449799012,-3.705534465,3.24276339393993,25.6043790613251
"HER42PB",366.5,4366.79,-5.019661105,-3.898448985,-1.152037916,-3.385391217,-3.526436033,3.58736388624093,36.1386845668574
"HER42PB",366.6,4368.69,-4.955528928,-3.876507649,-1.151220766,-3.351396068,-3.548291393,3.4895125078172,32.7699687081543
"HER42PB",366.7,4370.59,-4.865925809,-3.701531991,-0.83261018,-3.083329253,-3.962654791,3.12819870331067,22.8328138058024
"HER42PB",366.8,4372.49,-4.878950659,-3.775424355,-1.045288689,-3.243259415,-3.82054479,3.22140434655659,25.0632930273843
"HER42PB",366.9,4374.4,-4.614970491,-3.802358188,-0.926185738,-3.059221083,-3.948696328,2.88845256998726,17.9654877459833
"HER42PB",367,4376.3,-4.966701739,-3.871604392,-0.901641455,-2.999221397,-3.811808614,3.47585138330869,32.325338077654
"HER42PB",367.1,4378.2,-4.569730721,-3.639051251,-0.973610355,-3.18615745,-3.7832516,2.78757765807446,16.2416293327854
"HER42PB",367.2,4380.11,-5.167815862,-3.673750101,-0.94932287,-3.165404329,-3.888799563,3.55592437349283,35.020176733608
"HER42PB",367.3,4382.01,-5.062120237,-3.860650563,-1.05751805,-2.992097917,-4.025826713,3.51618894074719,33.6559190392085
"HER42PB",367.4,4383.91,-4.726276046,-3.910871549,-0.977141334,-3.160841566,-3.648812582,3.20621334106449,24.6854337033052
"HER42PB",367.5,4385.81,-4.94334904,-3.748109916,-1.024717484,-3.181936727,-3.289270347,3.59201062127441,36.3070022194031
"HER42PB",367.6,4387.72,-4.395927984,-3.757900103,-0.843829903,-3.271367172,-3.786642572,2.5894763158679,13.3227928408157
"HER42PB",367.7,4389.62,-3.872832143,-3.551668383,-0.777389614,-3.390774589,-3.852517501,1.83007333123648,6.23434381390314
"HER42PB",367.8,4391.52,-4.906770901,-3.715107591,-1.053346645,-3.317752827,-3.7199659,3.24999807298738,25.7902902189303
"HER42PB",367.9,4393.42,-4.736198448,-3.838921417,-1.024816244,-3.361178164,-3.946926092,2.95112948373013,19.1275457837586
"HER42PB",368,4395.33,-4.466813078,-3.801445462,-0.801146168,-3.446532633,-3.63330854,2.69740766540471,14.841208435755
"HER42PB",368.1,4397.23,-4.807123987,-3.641310848,-1.017884652,-3.288928709,-3.656192075,3.11877576600497,22.6186721390465
"HER42PB",368.2,4399.13,-5.119729571,-4.023177016,-1.007945375,-3.240358768,-3.810396251,3.6873929442043,39.9405837759587
"HER42PB",368.3,4401.04,-4.925495443,-3.811845277,-1.015494683,-3.102250357,-3.772815933,3.38164340699614,29.4190789278467
"HER42PB",368.4,4402.94,-4.184457848,-3.804842322,-0.949727512,-3.078694159,-3.844914461,2.43999634860393,11.4729988502555
"HER42PB",368.5,4404.84,-4.693499857,-3.694119057,-0.939955371,-3.092192071,-4.018739303,2.88195788848246,17.8491857061581
"HER42PB",368.6,4406.74,-4.852893773,-3.636498449,-0.926550714,-3.200175352,-3.853606122,3.09820896949366,22.1582296554585
"HER42PB",368.7,4408.65,-4.820354545,-3.85033006,-1.043182484,-3.454632338,-3.831637927,3.0905289802316,21.9887064909171
"HER42PB",368.8,4410.55,-5.14358635,-3.890823381,-1.093233357,-3.509147135,-3.876460477,3.51987527947609,33.7802151149826
"HER42PB",368.9,4412.45,-5.018315225,-3.865341727,-0.875269179,-3.352401938,-3.741112727,3.43295458744709,30.9680053937509
"HER42PB",369,4414.35,-4.745768599,-4.078046516,-1.09299338,-3.244018408,-3.749885856,3.24812690165692,25.7420772886623
"HER42PB",369.1,4416.26,-4.619401768,-3.783277208,-0.905739371,-3.194955641,-3.716534057,2.94613163105055,19.0321876193303
"HER42PB",369.2,4418.16,-4.585534211,-3.728757607,-0.904742934,-3.204810895,-3.909194149,2.77173591277103,15.9863608651183
"HER42PB",369.3,4420.06,-4.690831924,-3.725177469,-0.8376981,-3.238494151,-4.055552126,2.80223785620349,16.4814887340202
"HER42PB",369.4,4421.97,-5.198314072,-3.850843152,-1.001759648,-3.217997926,-4.004993832,3.61895551039882,37.2985894805102
"HER42PB",369.5,4423.87,-4.890990337,-3.893709479,-0.95277313,-3.460656414,-3.847586872,3.18431604472559,24.1507647128493
"HER42PB",369.6,4425.77,-5.22903874,-4.007226017,-1.135583462,-3.493261905,-3.832794048,3.74145467067959,42.1592734396442
"HER42PB",369.7,4427.67,-5.039397981,-3.985485872,-1.16161576,-3.376756033,-3.614250776,3.61997323365352,37.3365684451515
"HER42PB",369.8,4429.58,-4.908485517,-3.903558713,-1.01288938,-3.460706073,-3.905346023,3.19118609993465,24.3172530369357
"HER42PB",369.9,4431.48,-4.966227267,-3.997715836,-1.055235721,-3.397826149,-3.592903256,3.51275710165721,33.5406153057365
"HER42PB",370,4433.38,-5.311702561,-4.04385635,-1.214525136,-3.425277865,-3.553600115,4.06859968636143,58.4750218632915
"HER42PB",370.1,4435.31,-5.233591991,-4.162968613,-1.378038241,-3.493014079,-3.664445429,3.95003894465091,51.9373894789481
"HER42PB",370.2,4437.25,-5.54380765,-4.095381508,-1.301313283,-3.405250921,-3.852356586,4.32793778451495,75.7878344598503
"HER42PB",370.3,4439.18,-5.732098309,-4.251872128,-1.368163645,-3.773284755,-4.041220065,4.48841591505046,88.9803816958833
"HER42PB",370.4,4441.11,-5.010058205,-4.107320439,-1.272961094,-3.766957147,-3.720878535,3.44310818854541,31.284043916699
"HER42PB",370.5,4443.04,-5.45993477,-4.305685401,-1.369703132,-3.538850505,-3.8564849,4.25501244921172,70.4576943257264
"HER42PB",370.6,4444.98,-5.5748344,-4.216230839,-1.229066483,-3.71016816,-3.790102367,4.34043510580761,76.7409224962253
"HER42PB",370.7,4446.91,-5.316638439,-4.266145399,-1.152943127,-3.378428039,-3.599159044,4.1799842817292,65.364825783903
"HER42PB",370.8,4448.84,-5.142378051,-4.304649642,-1.128701392,-3.619951516,-3.814713774,3.72677801981901,41.5450350100721
"HER42PB",370.9,4450.77,-5.082428025,-4.005321941,-1.026581033,-3.41914688,-3.63676139,3.64410453084945,38.2485071536992
"HER42PB",371,4452.71,-4.913957513,-4.01601592,-1.061491518,-3.329371317,-3.868234688,3.33703941742152,28.1357051995658
"HER42PB",371.1,4454.64,-5.263687342,-4.276666119,-1.250611221,-3.366877965,-3.794011372,4.02195402606208,55.8100536480431
"HER42PB",371.2,4456.57,-4.915334123,-3.968872514,-1.069123724,-3.360514134,-3.901279223,3.28533563069971,26.7179501745056
"HER42PB",371.3,4458.5,-5.083730849,-3.997880812,-1.248260273,-3.446424038,-3.723590766,3.61574554055858,37.1790540883362
"HER42PB",371.4,4460.43,-4.984521705,-3.993840156,-1.231181085,-3.482646953,-3.604434689,3.51902849370497,33.7516226170466
"HER42PB",371.5,4462.37,-4.75265498,-3.962009435,-1.262373405,-3.353392856,-3.942171093,3.07452039034061,21.6395009086363
"HER42PB",371.6,4464.3,-5.105570872,-4.130375437,-1.337859469,-3.586623313,-3.769683149,3.64738451089795,38.374167463045
"HER42PB",371.7,4466.23,-4.903658588,-4.028980052,-1.113990666,-3.299924113,-3.837151786,3.36514630714985,28.9377307862623
"HER42PB",371.8,4468.16,-4.822063833,-3.767414667,-1.048508676,-3.027236876,-3.635288756,3.32643536500422,27.838929002939
"HER42PB",371.9,4470.1,-4.362360431,-3.57890447,-0.869277055,-3.179025969,-3.492241343,2.65079021422698,14.1652277884104
"HER42PB",372,4472.03,-4.147042705,-3.376099779,-0.704874799,-2.931728621,-3.493116237,2.38422197240295,10.8506173002785
"HER42PB",372.1,4473.96,-4.155274148,-3.253533198,-0.716905874,-2.788615762,-3.578348723,2.34463205380257,10.4294345506866
"HER42PB",372.2,4475.89,-3.779015285,-3.142658939,-0.464223403,-2.788854705,-3.483551072,1.91931930662078,6.81631706788557
"HER42PB",372.3,4477.82,-4.2246078,-3.438951562,-0.547956654,-2.65791681,-3.581944525,2.54599684088015,12.7559373902913
"HER42PB",372.4,4479.76,-4.231518193,-3.536910092,-0.781623476,-2.858469059,-3.799128382,2.44189165065387,11.4947642680002
"HER42PB",372.5,4481.69,-3.856047324,-3.407474866,-0.667773054,-3.018091357,-3.728450667,1.93973635265204,6.95691655622865
"HER42PB",372.6,4483.62,-4.126800049,-3.367254032,-0.63793664,-3.016170448,-3.45724505,2.33303307868504,10.3091626625696
"HER42PB",372.7,4485.55,-4.429332613,-3.376652623,-0.723592731,-2.98181963,-3.796915279,2.52503888624373,12.4913809970486
"HER42PB",372.8,4487.49,-3.95688629,-3.425380461,-0.744599288,-3.119998811,-3.533808891,2.11930395295152,8.32534064170169
"HER42PB",372.9,4489.42,-4.267066316,-3.567876821,-0.717710196,-2.952202861,-3.748994284,2.4765561147456,11.9002108059418
"HER42PB",373,4491.35,-4.597610822,-3.800956694,-0.870084577,-2.995607888,-3.856261539,2.93268743755075,18.778027523205
"HER42PB",373.1,4493.28,-4.956874463,-3.81553723,-1.026450372,-2.871498186,-3.688921329,3.565668685169,35.3630922752519
"HER42PB",373.2,4495.22,-5.034574103,-3.820892484,-1.277494775,-2.73198901,-3.573409865,3.82703797402108,45.9263016670423
"HER42PB",373.3,4497.15,-5.090716949,-3.837953981,-1.069782777,-3.106664705,-4.050753388,3.48687225429639,32.6835618011606
"HER42PB",373.4,4499.08,-4.969737401,-4.022244568,-1.298916195,-3.237066848,-3.7856328,3.52900019495395,34.0898673493911
"HER42PB",373.5,4501.01,-4.822624859,-4.005652328,-1.225810855,-3.247402027,-3.888315622,3.25487646200024,25.9164126744448
"HER42PB",373.6,4502.94,-4.894987658,-4.037391045,-1.163201428,-3.310991431,-3.526975342,3.52086059507168,33.8135156908519
"HER42PB",373.7,4504.88,-5.134715209,-3.972715368,-1.223674281,-3.135891694,-3.965067147,3.67408278338247,39.4124904823273
"HER42PB",373.8,4506.81,-5.073866464,-3.528590496,-1.214862892,-3.211232655,-3.753241206,3.43169144819236,30.9289131851468
"HER42PB",373.9,4508.74,-4.785666043,-3.870234049,-1.167927689,-3.392954547,-4.040260369,2.98936992828311,19.873157031839
"HER42PB",374,4510.67,-5.127316108,-3.96456602,-1.156782327,-3.428412568,-3.87455314,3.57753973647922,35.7853909635902
"HER42PB",374.1,4512.61,-4.698701926,-3.632425018,-0.886298372,-3.176606024,-3.950292067,2.84996697072449,17.287210847088
"HER42PB",374.2,4514.54,-4.59433921,-3.576127347,-0.70849275,-3.066232388,-3.598071801,2.89399852527897,18.0654003371086
"HER42PB",374.3,4516.47,-4.508540955,-3.545429727,-0.664655225,-2.957818331,-3.680313994,2.76959098907159,15.9521080887591
"HER42PB",374.4,4518.4,-4.072581682,-3.262886796,-0.678259733,-2.794739029,-3.498781259,2.29532223753327,9.92763455338235
"HER42PB",374.5,4520.34,-4.389871243,-3.730246754,-0.878927374,-2.745872655,-3.283959652,3.04810106747957,21.0752858546326
"HER42PB",374.6,4522.27,-4.255440763,-3.616781768,-0.879612991,-2.850384125,-3.386305169,2.74083290466202,15.4998896518135
"HER42PB",374.7,4524.2,-4.494519925,-3.605947963,-0.706169567,-3.044642985,-3.870237155,2.65621511952135,14.2422816235428
"HER42PB",374.8,4526.13,-4.891035889,-3.672949947,-0.854417235,-3.148701303,-4.058347492,3.07342905493962,21.6158978370113
"HER42PB",374.9,4528.06,-4.822394028,-3.726749101,-0.800859136,-3.087792973,-3.980826842,3.06821045051939,21.5033868475274
"HER42PB",375,4530,-4.880854901,-3.675531658,-0.855342348,-3.484476421,-3.574227943,3.17516693116664,23.9308143337208
"HER42PB",375.1,4531.93,-4.590650569,-3.660410757,-0.936999807,-3.474358262,-3.7414434,2.72338559564879,15.2318037765438
"HER42PB",375.2,4533.86,-4.90497578,-3.871201011,-0.997537258,-3.496507561,-3.849118095,3.18193791178583,24.0933992221828
"HER42PB",375.3,4535.79,-5.229420154,-4.224333923,-1.169079776,-3.862660599,-3.604624586,3.82787882371592,45.9649350239314
"HER42PB",375.4,4537.73,-5.18262124,-4.033729062,-1.231165049,-3.669377876,-3.665734885,3.71427271095163,41.0287364799895
"HER42PB",375.5,4539.66,-5.327546497,-4.055568963,-1.292213917,-3.600599935,-3.906373695,3.85487921511733,47.2229127828137
"HER42PB",375.6,4541.59,-5.558037495,-4.155091501,-1.304544104,-4.171743134,-3.873852156,4.05879785387715,57.9046593598312
"HER42PB",375.7,4543.52,-5.425180333,-4.32874907,-1.364850017,-4.184629822,-3.927660336,3.91047796683599,49.922807718275
"HER42PB",375.8,4545.46,-5.591186345,-4.366064717,-1.353766385,-3.968101519,-4.076143002,4.20924369057437,67.3056166834278
"HER42PB",375.9,4547.39,-5.710484603,-4.400977385,-1.557597722,-4.186320447,-3.836677748,4.49212578641272,89.3111005486291
"HER42PB",376,4549.32,-6.260579796,-4.501693071,-1.696387089,-4.203780731,-4.056743624,5.47497150732786,238.643667238021
"HER42PB",376.1,4551.25,-5.611747765,-4.406201396,-1.526102348,-4.277990737,-3.632648729,4.39125190336365,80.7414362109567
"HER42PB",376.2,4553.18,-6.108820141,-4.34743177,-1.404268819,-4.109421307,-4.048796685,5.09502932533011,163.208630701182
"HER42PB",376.3,4555.12,-5.780238338,-4.400785508,-1.595139412,-4.572635765,-3.945477432,4.40440937460682,81.8108090297344
"HER42PB",376.4,4557.05,-5.978125983,-4.416478734,-1.61942484,-4.253377224,-3.828951103,4.96605126448556,143.459284679706
"HER42PB",376.5,4558.98,-6.139666283,-4.473632703,-1.614169675,-4.639817222,-3.74177101,5.19241033733597,179.901654436276
"HER42PB",376.6,4560.91,-6.016434283,-4.532765758,-1.603222852,-4.369087707,-3.906221083,5.0096132808706,149.846776327798
"HER42PB",376.7,4562.85,-6.70644549,-4.941559039,-1.482533343,-4.604531093,-3.78499603,6.62748586378278,755.580149255002
"HER42PB",376.8,4564.78,-7.121001739,-4.613366839,-1.533882238,-4.341968312,-4.079768778,7.44788122866689,1716.22300631954
"HER42PB",376.9,4566.71,-6.028361608,-4.644944946,-1.484822297,-4.446897547,-4.008108937,4.99049839898125,147.009674712123
"HER42PB",377,4568.64,-6.48621622,-4.658738668,-1.622745961,-4.78976693,-3.802707128,5.91589102193367,370.884621854612
"HER42PB",377.1,4570.58,-6.100515121,-4.491077209,-1.567109501,-4.704889433,-3.712899779,5.10714335955927,165.197769562696
"HER42PB",377.2,4572.51,-6.465692197,-4.824051144,-1.615510231,-4.383980507,-3.884098905,6.08054125839521,437.265804466715
"HER42PB",377.3,4574.44,-6.534180085,-4.843516733,-1.69637309,-4.488971715,-3.963331006,6.16780625824281,477.138239055696
"HER42PB",377.4,4576.37,-6.36240609,-4.874857995,-1.771767203,-4.326950696,-3.834712165,5.9565625080178,386.280004990383
"HER42PB",377.5,4578.3,-6.338313597,-4.875646257,-1.717395054,-4.787716184,-4.030977901,5.60915068885883,272.912352045876
"HER42PB",377.6,4580.24,-6.485002711,-4.85721566,-1.58523001,-4.384941882,-3.85658378,6.14975800270949,468.603972168367
"HER42PB",377.7,4582.17,-6.352572275,-4.87619748,-1.738751092,-4.9379932,-3.92241614,5.63705692854149,280.635571355481
"HER42PB",377.8,4584.1,-5.862935201,-4.747459106,-1.620287928,-4.261694055,-3.79503965,4.94225351671568,140.085579320738
"HER42PB",377.9,4586.03,-6.914263466,-4.802269322,-1.667394205,-4.65066382,-4.035395533,6.93134167487917,1023.86675481227
"HER42PB",378,4587.97,-6.014482474,-4.959441434,-1.745110333,-4.628188113,-3.859480527,5.16729050944723,175.438843036243
"HER42PB",378.1,4589.9,-6.806246983,-4.669281597,-1.718163437,-4.398827829,-4.041915946,6.7036904355699,815.409495538933
"HER42PB",378.2,4591.83,-6.065760002,-4.471435727,-1.712100692,-4.342993404,-3.78465394,5.15987537611632,174.142751906682
"HER42PB",378.3,4593.76,-6.272702826,-4.780663408,-1.680228274,-4.52016407,-3.872014255,5.61047836788622,273.274932694103
"HER42PB",378.4,4595.7,-6.216224438,-4.95509322,-1.694276028,-4.910279205,-3.852322922,5.4401644990451,230.480094097818
"HER42PB",378.5,4597.63,-6.840405793,-4.80811103,-1.81306865,-4.603061222,-4.043445434,6.78770701440293,886.877630908499
"HER42PB",378.6,4599.56,-6.286336619,-4.795818752,-1.789055395,-4.559789298,-3.899521792,5.63058867984742,278.826208699745
"HER42PB",378.7,4601.49,-6.627985087,-4.735129501,-1.784133121,-4.700480366,-4.109945503,6.17109796362022,478.711425375402
"HER42PB",378.8,4603.42,-7.011692908,-4.839074141,-1.871126444,-4.437174099,-4.075511614,7.29038765101397,1466.13893730311
"HER42PB",378.9,4605.36,-5.888078027,-4.929399517,-1.644454722,-4.917611561,-3.887713165,4.77053081876833,117.981852323358
"HER42PB",379,4607.29,-6.675963327,-4.977294281,-1.717011267,-4.542454564,-3.625111754,6.71528841891814,824.921655601492
"HER42PB",379.1,4609.22,-7.528586403,-4.967693846,-1.868370915,-4.535489177,-4.198263361,8.68720421918806,5926.58961331943
"HER42PB",379.2,4611.15,-6.534073795,-4.82045253,-1.830212342,-4.200598215,-3.610490629,6.47431672745754,648.276126971377
"HER42PB",379.3,4613.09,-6.484578689,-4.779830597,-2.052660204,-4.541317548,-4.024673341,6.02014385949233,411.637809473629
"HER42PB",379.4,4615.02,-5.331097866,-4.962928543,-1.894503584,-4.432300292,-3.778750366,4.14395985171499,63.0520043474796
"HER42PB",379.5,4616.95,-7.363389862,-4.839401862,-2.14987288,-4.739982304,-4.1889658,8.09624283664377,3282.11344427002
"HER42PB",379.6,4618.88,-6.334290184,-4.873887851,-2.30100303,-4.587099035,-3.908806955,5.82378973770162,338.251512200987
"HER42PB",379.7,4620.82,-6.417548942,-4.978504016,-2.318769783,-4.530479293,-4.016627949,6.02405357326763,413.25034571125
"HER42PB",379.8,4622.75,-6.447806196,-4.803882108,-1.914640932,-5.360958749,-3.919974502,5.65383494572095,285.383801349279
"HER42PB",379.9,4624.68,-6.483298465,-4.925153847,-2.054396764,-4.512198067,-3.819050886,6.2123756988841,498.885045206279
"HER42PB",380,4626.61,-6.128096596,-4.893352133,-1.94356861,-4.523671226,-3.79716703,5.45302489483727,233.463300823869
"HER42PB",380.1,4628.59,-6.557870417,-4.881493022,-1.977426498,-4.545534792,-3.87316758,6.30192256941899,545.619894515347
"HER42PB",380.2,4630.56,-6.680715257,-4.709725424,-2.120774914,-4.268777627,-3.965284949,6.57567110236856,717.426929743203
"HER42PB",380.3,4632.53,-6.547943552,-4.99792906,-2.292603657,-4.335872467,-3.776557476,6.51912197624427,677.982838887214
"HER42PB",380.4,4634.5,-6.234742071,-4.671421841,-2.093845483,-4.513485667,-3.939224145,5.49954159152408,244.57978911413
"HER42PB",380.5,4636.48,-5.968650724,-4.681563013,-1.764123956,-4.507455055,-3.738636324,5.04997221256228,156.018129082115
"HER42PB",380.6,4638.45,-6.282238426,-4.53964798,-1.853950073,-4.160158359,-3.874747466,5.67262436864305,290.796691582477
"HER42PB",380.7,4640.42,-5.89901318,-4.320145334,-1.768934815,-4.034683018,-4.213012554,4.67956498009317,107.723200640322
"HER42PB",380.8,4642.4,-5.830944831,-4.649913596,-1.719226301,-3.966305438,-3.997127018,4.86275844023981,129.380598982136
"HER42PB",380.9,4644.37,-6.003547503,-4.524787914,-1.58425519,-3.804935001,-3.699713191,5.31610971323299,203.590314684502
"HER42PB",381,4646.34,-5.876072195,-4.438896713,-1.417898852,-3.838712599,-3.692369643,5.00292211698649,148.847473966187
"HER42PB",381.1,4648.31,-5.562881443,-4.084213762,-1.319699832,-3.63675088,-3.597575364,4.39348767540133,80.9221576069607
"HER42PB",381.2,4650.29,-5.542335275,-4.425657979,-1.193267748,-4.12716499,-3.741502509,4.2468262664379,69.8832691447687
"HER42PB",381.3,4652.26,-5.983174465,-4.653696579,-1.478467247,-4.199197136,-3.775667021,5.13074049553877,169.142320817102
"HER42PB",381.4,4654.23,-6.068685971,-4.636582074,-1.384935685,-4.3086752,-3.675346515,5.27877924203186,196.130301522342
"HER42PB",381.5,4656.21,-6.672119248,-4.769333525,-1.393309098,-4.221898156,-3.997970598,6.49124769433254,659.345511871805
"HER42PB",381.6,4658.18,-6.366790741,-4.777901497,-1.133690092,-4.083025708,-3.866466827,5.91212812440084,369.491643487147
"HER42PB",381.7,4660.15,-5.792251123,-4.398771102,-1.183529558,-4.00531094,-3.764609076,4.69467142899232,109.36286926966
"HER42PB",381.8,4662.13,-6.165767933,-4.752074598,-1.419628804,-4.390344883,-4.035554066,5.31331674850484,203.022487446438
"HER42PB",381.9,4664.1,-6.167900272,-4.656028603,-1.62640513,-4.474742779,-3.794633593,5.38548772905889,218.216508689474
"HER42PB",382,4666.07,-7.957381551,-4.862558375,-1.959065529,-4.304561147,-4.014182928,10.2066643498987,27083.0770821973
"HER42PB",382.1,4668.04,-5.982324063,-4.729561094,-1.839743199,-4.616588429,-4.028142568,4.91616041260554,136.477588264419
"HER42PB",382.2,4670.02,-6.48721558,-4.651561917,-1.643179928,-4.146890159,-3.981689643,6.08686017878268,440.037600429456
"HER42PB",382.3,4671.99,-6.50033634,-4.655522308,-1.787347125,-4.514043854,-3.883502147,6.0380068224569,419.0569470316
"HER42PB",382.4,4673.96,-5.600810472,-4.744553985,-1.772854007,-4.428840399,-4.012057466,4.32533131389726,75.5905529121204
"HER42PB",382.5,4675.94,-6.415359959,-4.672390654,-1.841754157,-4.431898465,-3.896799805,5.89692388853502,363.916297232285
"HER42PB",382.6,4677.91,-5.875110012,-4.631507413,-1.983724024,-4.182035204,-3.874492949,4.94375008792356,140.295384320291
"HER42PB",382.7,4679.88,-6.56097173,-4.848676432,-1.835059926,-4.186065975,-3.689292105,6.51466870858,674.970312605404
"HER42PB",382.8,4681.86,-5.974774313,-4.788193251,-1.92408942,-4.372256843,-3.690751238,5.21897064684307,184.743919426043
"HER42PB",382.9,4683.83,-6.078976853,-4.831653608,-1.93845756,-4.51353051,-3.905952745,5.27222565619389,194.849147417993
"HER42PB",383,4685.8,-6.642052113,-4.927253685,-1.705980736,-4.373368572,-3.633074613,6.6744693764259,791.927127165048
"HER42PB",383.1,4687.77,-6.229612613,-4.814330715,-1.681012778,-4.52486452,-3.754558259,5.59966380436207,270.335506528694
"HER42PB",383.2,4689.75,-6.88477905,-4.743033625,-1.661801183,-4.172926563,-3.76936079,7.15967626314687,1286.49437984063
"HER42PB",383.3,4691.72,-6.454200242,-4.833289929,-1.170996514,-4.695016943,-3.752580931,5.9417572034996,380.603139444399
"HER42PB",383.4,4693.69,-6.289998541,-4.495418195,-1.177194259,-4.043177022,-3.552993087,5.78885253707584,326.638004256771
"HER42PB",383.5,4695.67,-5.677768001,-4.312527049,-1.110338143,-3.66657556,-3.813113818,4.55386900302399,94.9992505881836
"HER42PB",383.6,4697.64,-5.04384649,-4.03636552,-1.016433036,-3.829873603,-3.847946384,3.3270470575323,27.8559630770766
"HER42PB",383.7,4699.61,-5.697607291,-4.584091597,-1.143445945,-3.799136867,-3.795096458,4.68997628955755,108.850598880958
"HER42PB",383.8,4701.58,-6.255323421,-4.633267044,-1.212410468,-4.596339772,-3.991578161,5.34151867889054,208.829614717745
"HER42PB",383.9,4703.56,-7.275352961,-4.827350868,-1.408761744,-4.182336173,-3.882889259,8.12904005577233,3391.54231053621
"HER42PB",384,4705.53,-5.932451473,-4.85631204,-1.335873652,-4.331942192,-3.828317319,5.0419913019849,154.777917935513
"HER42PB",384.1,4707.5,-7.148869716,-4.615760964,-1.54170692,-4.348882019,-3.879441612,7.62537035899889,2049.5393898307
"HER42PB",384.2,4709.48,-6.188733359,-4.694225413,-1.576587559,-4.166240169,-3.92251591,5.49993644051632,244.676380265588
"HER42PB",384.3,4711.45,-6.410967566,-4.719291555,-1.444881442,-4.205837809,-4.13737001,5.82625684122674,339.087043946978
"HER42PB",384.4,4713.42,-6.039179802,-4.715799266,-1.444676056,-4.154329909,-4.027534113,5.1522927090613,172.827279098048
"HER42PB",384.5,4715.4,-5.758930982,-4.813441096,-1.575468211,-4.271451477,-3.837118385,4.76009534659181,116.757057755816
"HER42PB",384.6,4717.37,-7.607293756,-4.723479399,-1.659105193,-4.381383905,-3.805873743,9.03608115570456,8400.79107258191
"HER42PB",384.7,4719.34,-5.760302825,-4.722122275,-1.852548175,-4.374008464,-3.944151903,4.65450511460542,105.057215850195
"HER42PB",384.8,4721.31,-6.170954718,-4.705717155,-1.865346415,-4.474029352,-3.878419961,5.40664070131426,222.881602798866
"HER42PB",384.9,4723.29,-6.485682434,-4.469473078,-1.710852211,-4.091358594,-3.688879454,6.1716526347801,478.977026450778
"HER42PB",385,4725.26,-6.077363256,-4.449183162,-1.910069694,-3.992866943,-3.632668801,5.41906969203743,225.669083071616
"HER42PB",385.1,4727.23,-6.006024698,-4.50938228,-2.002334504,-3.664218892,-3.633913543,5.46064163061983,235.248318475319
"HER42PB",385.2,4729.21,-5.8727072,-4.504008601,-1.943164152,-3.622640141,-3.845477367,5.11061363335582,165.772046927179
"HER42PB",385.3,4731.18,-5.726654224,-4.480988518,-1.84274552,-3.655913794,-3.812355903,4.82977615736699,125.182936240297
"HER42PB",385.4,4733.15,-5.501164015,-4.474295631,-1.874364568,-3.715835436,-3.864410292,4.40135777276316,81.5615355492161
"HER42PB",385.5,4735.13,-5.953854301,-4.640763344,-1.964652413,-4.119862068,-3.716906372,5.19765814837417,180.848225865873
"HER42PB",385.6,4737.1,-5.714992138,-4.551841328,-1.78638022,-4.026911098,-3.670236155,4.76133154580105,116.901481988456
"HER42PB",385.7,4739.07,-6.031634477,-4.496494489,-2.022059139,-3.941448396,-3.574898704,5.42239563977527,226.420896200507
"HER42PB",385.8,4741.04,-6.14832391,-4.8175994,-2.05826781,-3.998764005,-3.973879361,5.59124325072175,268.068689217643
"HER42PB",385.9,4743.02,-6.216235345,-4.923467042,-2.271883453,-4.288863317,-3.879939195,5.74095629288324,311.362021942784
"HER42PB",386,4744.99,-6.11939535,-4.792524409,-2.048616898,-4.121734136,-3.759509403,5.58099726778985,265.336085017069
"HER42PB",386.1,4746.96,-6.981062064,-5.140031546,-2.323644494,-3.983815786,-4.011424902,7.64961708322577,2099.84137097146
"HER42PB",386.2,4748.94,-5.876209255,-5.010690848,-2.438078618,-4.205331677,-3.701232536,5.28624906019146,197.600844717638
"HER42PB",386.3,4750.91,-6.238324625,-4.946978191,-2.633299481,-4.03467948,-4.05733417,5.85839110178274,350.160318260604
"HER42PB",386.4,4752.88,-6.326680414,-4.781781023,-2.594606782,-4.077034707,-3.707916904,6.1117471216814,451.126199415955
"HER42PB",386.5,4754.86,-6.047429143,-4.772537612,-2.405098391,-3.990837034,-3.64953387,5.59004848799611,267.748601992075
"HER42PB",386.6,4756.83,-6.326745598,-4.704689222,-2.472553502,-4.403772235,-3.914523433,5.8143507484711,335.073780699991
"HER42PB",386.7,4758.8,-6.415745769,-4.671053811,-2.517262287,-4.008490054,-3.912333253,6.15297593300262,470.114335905176
"HER42PB",386.8,4760.77,-5.883181696,-4.75798977,-2.359498549,-4.081371891,-3.908820126,5.09871048378419,163.810534704176
"HER42PB",386.9,4762.75,-6.354173668,-4.860907187,-2.392746248,-4.077733855,-3.944616456,6.06042982686848,428.559603708938
"HER42PB",387,4764.72,-5.28542379,-4.709721864,-2.25987035,-4.142751511,-3.922370393,4.03443416377392,56.5109352557079
"HER42PB",387.1,4766.69,-6.27179429,-4.527722651,-2.136392466,-4.288766478,-3.876576395,5.62953744056023,278.533249646872
"HER42PB",387.2,4768.67,-6.64118217,-4.740942058,-2.049646175,-4.16674682,-3.79095748,6.62355254374778,752.614047852964
"HER42PB",387.3,4770.64,-6.012973143,-4.852635275,-2.178486625,-4.39681628,-3.634676228,5.37790876104494,216.568904207466
"HER42PB",387.4,4772.61,-5.894263692,-4.600505584,-2.041111796,-4.395813772,-3.845593809,4.89769893420728,133.981125319783
"HER42PB",387.5,4774.58,-5.933670258,-4.563636417,-1.901620618,-4.487383986,-3.983162399,4.8230944228939,124.349285318395
"HER42PB",387.6,4776.56,-5.820254109,-4.737797261,-2.092246402,-4.12605093,-3.745631854,5.0052142366135,149.189041489964
"HER42PB",387.7,4778.53,-6.399254537,-4.857578726,-2.020898423,-3.973536758,-3.790199457,6.2264370151614,505.949577524655
"HER42PB",387.8,4780.5,-5.669475161,-4.377860926,-1.854259254,-3.858297606,-3.666406598,4.67200397170808,106.911776076657
"HER42PB",387.9,4782.48,-5.896285938,-4.515268634,-2.015264881,-4.073435881,-3.776864861,5.02053199274673,151.491874939176
"HER42PB",388,4784.45,-5.449452959,-4.484691705,-2.041788836,-3.908049605,-3.854890236,4.27275728327158,71.7191131543079
"HER42PB",388.1,4786.42,-6.332055923,-4.659104605,-2.134977242,-3.783635868,-3.740969421,6.09936348798898,445.574066556583
"HER42PB",388.2,4788.4,-5.583827081,-4.374269899,-1.927677452,-4.07886119,-3.802791575,4.3751772671475,79.4539228742349
"HER42PB",388.3,4790.37,-5.641636569,-4.526217162,-2.028202356,-3.746637476,-3.798936975,4.70293960477069,110.270849192551
"HER42PB",388.4,4792.34,-5.423561086,-4.343382499,-2.022592041,-3.934821414,-3.864695748,4.13892536000423,62.7353672763926
"HER42PB",388.5,4794.31,-5.20201254,-4.197346839,-1.954316277,-3.897956277,-3.857515308,3.73326556075495,41.8154362967022
"HER42PB",388.6,4796.29,-4.683212016,-4.143607428,-1.398657809,-3.421108035,-3.830195398,3.13000567078711,22.8741092562769
"HER42PB",388.7,4798.26,-5.540712429,-4.444858763,-1.968738297,-3.552045912,-3.740722461,4.59407776124623,98.8968869358729
"HER42PB",388.8,4800.23,-5.068805412,-4.19202863,-1.915264237,-3.338216089,-3.769998505,3.80638325800386,44.9874363246797
"HER42PB",388.9,4802.21,-4.895140388,-4.338676194,-1.877405266,-3.672402031,-4.011991964,3.37615739245497,29.2581273281402
"HER42PB",389,4804.18,-5.387183906,-4.335551826,-2.096999053,-3.569201241,-3.514267523,4.41878514335692,82.9953965791711
"HER42PB",389.1,4806.15,-5.653550905,-4.358446782,-2.327261628,-3.546958374,-3.833153458,4.73919468476112,114.342083170895
"HER42PB",389.2,4808.13,-6.001101506,-4.430378106,-2.324961078,-3.53644062,-3.728062557,5.45674694860315,234.333882953578
"HER42PB",389.3,4810.1,-5.711922333,-4.63272813,-2.503874147,-3.768763217,-3.838641959,4.91325389232225,136.0814892996
"HER42PB",389.4,4812.07,-5.897785221,-4.485957558,-2.402671873,-3.610255421,-4.066584019,5.09903965919007,163.864465979362
"HER42PB",389.5,4814.04,-5.520063116,-4.294888104,-2.248323802,-3.618192528,-3.915398482,4.40172878437016,81.591801439741
"HER42PB",389.6,4816.02,-6.040221642,-4.194394951,-2.030870293,-3.515604726,-3.686204375,5.39766936862297,220.891000319029
"HER42PB",389.7,4817.99,-5.768185117,-4.469890764,-2.06286546,-3.663255945,-3.744624034,4.95817188733621,142.333356501743
"HER42PB",389.8,4819.96,-5.940682818,-4.391348829,-1.991042949,-3.341084325,-3.980979347,5.22713103016251,186.257668611022
"HER42PB",389.9,4821.94,-5.185772267,-4.034860479,-1.658228077,-3.236034362,-3.833610912,3.86699634590539,47.7985997868103
"HER42PB",390,4823.91,-5.00056733,-4.161530876,-1.707837866,-3.432824393,-3.778950061,3.62331459858433,37.4615322040863
"HER42PB",390.1,4825.84,-5.353008453,-4.066139872,-1.696615297,-3.416324408,-3.805445945,4.08177689206527,59.2506583926226
"HER42PB",390.2,4827.77,-5.305130837,-4.099119296,-1.602066748,-3.572933629,-3.786794287,3.95850778835354,52.3791068905848
"HER42PB",390.3,4829.7,-5.042856679,-4.080988438,-1.507545173,-3.465000338,-3.68814389,3.64717802994882,38.3662447464982
"HER42PB",390.4,4831.63,-5.289250412,-4.456906101,-1.541122378,-3.66947649,-3.758125103,4.08928947532442,59.6974601131044
"HER42PB",390.5,4833.56,-5.581614841,-4.291947315,-1.583092285,-3.762456397,-3.701748104,4.46355674317044,86.7956706545303
"HER42PB",390.6,4835.49,-4.978371186,-3.991372882,-1.537699252,-4.070032782,-3.673254665,3.27487666538047,26.4399643165204
"HER42PB",390.7,4837.42,-5.003872551,-3.807621793,-1.380704467,-3.474477347,-3.699110102,3.42254718083428,30.6473801025337
"HER42PB",390.8,4839.35,-4.904092046,-3.748616896,-1.034554652,-3.135652019,-3.668187715,3.36267864872132,28.8664103843718
"HER42PB",390.9,4841.28,-5.069454365,-3.962543274,-1.454154177,-3.194771726,-3.63884412,3.75140208689586,42.5807420664581
"HER42PB",391,4843.21,-4.848075935,-3.577794271,-1.312660112,-3.22227774,-3.782654466,3.14080414145392,23.1224531077943
"HER42PB",391.1,4845.14,-5.007743644,-3.694088466,-1.275853509,-3.166284506,-3.812085566,3.42155069479397,30.616855627222
"HER42PB",391.2,4847.07,-4.96076576,-3.844134966,-1.334084134,-3.090363163,-3.671449636,3.54711090722826,34.7128837347617
"HER42PB",391.3,4849,-4.573790083,-3.406184923,-0.844767436,-2.867419931,-3.571977178,2.89278831068091,18.0435505500332
"HER42PB",391.4,4850.93,-5.05521795,-3.935328263,-1.15866889,-2.843051793,-3.342874145,3.97434748916813,53.2153819613525
"HER42PB",391.5,4852.86,-5.117122448,-4.08750303,-1.33018178,-3.243922646,-3.96731788,3.67795636765405,39.5654541531343
"HER42PB",391.6,4854.8,-5.342299829,-4.156476343,-1.42582631,-3.460037882,-3.630383247,4.14909103085809,63.3763669467418
"HER42PB",391.7,4856.73,-5.205546643,-4.137896579,-1.458053195,-3.353640906,-3.887048134,3.84748553205483,46.8750491139753
"HER42PB",391.8,4858.66,-4.83063038,-4.05099717,-1.247928768,-3.592377944,-3.582680898,3.30979118483824,27.3794076395037
"HER42PB",391.9,4860.59,-5.519872881,-4.1090875,-1.471615527,-3.54372787,-3.874716886,4.25081038640776,70.1622478462116
"HER42PB",392,4862.52,-4.150168288,-4.246522855,-1.531599774,-3.681993052,-4.08745816,2.34087018610888,10.3902741021821
"HER42PB",392.1,4864.45,-5.266726824,-4.241726353,-1.675887078,-3.419542821,-4.050570477,3.91091545327138,49.9446530476377
"HER42PB",392.2,4866.38,-5.373498779,-3.969250614,-1.49838033,-3.49946943,-3.82995296,3.98935319501907,54.0199376963177
"HER42PB",392.3,4868.31,-5.2529561,-4.152275558,-1.514104099,-3.537536746,-3.526425521,4.04513166094162,57.1187058416966
"HER42PB",392.4,4870.24,-5.458996142,-4.350179684,-1.704076891,-3.587193966,-4.034961453,4.20958860525114,67.328835382456
"HER42PB",392.5,4872.17,-5.161957676,-4.380841722,-1.775232327,-3.707628757,-3.830289441,3.83845963119007,46.4538632181005
"HER42PB",392.6,4874.1,-4.914400921,-4.219014097,-1.741780359,-3.745103123,-3.901577764,3.34867048652216,28.4648640548751
"HER42PB",392.7,4876.03,-5.434594985,-4.366060151,-1.831515521,-3.479206092,-3.701301974,4.41342491298755,82.5517123211566
"HER42PB",392.8,4877.96,-5.292554037,-4.389335387,-1.991440114,-3.700143386,-3.740580162,4.11609682440044,61.3194340433453
"HER42PB",392.9,4879.89,-5.494140265,-4.209116434,-1.771215827,-3.77166645,-3.701015608,4.29891645649939,73.6199800157443
"HER42PB",393,4881.82,-5.108168647,-3.954597474,-1.165216488,-3.260559425,-4.028568338,3.53455963479688,34.2799157078907
"HER42PB",393.1,4883.75,-5.411845925,-3.948383248,-1.721288775,-3.409962618,-4.06746246,3.98185691439825,53.6165031029117
"HER42PB",393.2,4885.68,-5.17963319,-4.129223003,-1.599879501,-3.474885097,-3.991072664,3.7203786541784,41.2800220024562
"HER42PB",393.3,4887.61,-5.178220265,-4.060076105,-1.685665278,-3.579490367,-3.765647019,3.76777180586886,43.2835132377751
"HER42PB",393.4,4889.54,-5.043824106,-4.173955211,-1.639367437,-3.419040624,-3.742200845,3.70581499667517,40.6831904742344
"HER42PB",393.5,4891.47,-5.122227779,-4.17776617,-1.632147757,-3.45398202,-3.969849066,3.68622788689572,39.8940778032434
"HER42PB",393.6,4893.4,-5.182385295,-4.111943884,-1.629421025,-3.420839605,-3.738271363,3.87253219245545,48.0639392622242
"HER42PB",393.7,4895.33,-5.59200113,-4.250557335,-1.805024315,-3.502739542,-3.979060587,4.45126135007812,85.7350176997615
"HER42PB",393.8,4897.26,-5.19653571,-4.199844553,-1.755447,-3.547206469,-3.695045637,3.92725409256237,50.7673835645491
"HER42PB",393.9,4899.19,-5.562244946,-4.26682148,-1.706881974,-3.426174791,-3.3631389,4.7480311123923,115.356935947082
"HER42PB",394,4901.12,-5.523585643,-4.383516641,-1.75100717,-3.579945643,-3.890617233,4.41543830651592,82.7180888389978
"HER42PB",394.1,4903.06,-5.594802046,-4.336248673,-1.809688965,-3.899708689,-3.948648118,4.35511193093671,77.8755415313232
"HER42PB",394.2,4904.99,-5.499583045,-4.52869513,-1.659280162,-3.931266932,-3.779904458,4.35418357749085,77.8032790517458
"HER42PB",394.3,4906.92,-5.566810828,-4.509441498,-1.714087565,-4.186214488,-3.824220382,4.33418424226896,76.2627216032069
"HER42PB",394.4,4908.85,-5.5454178,-4.507590403,-1.561718348,-4.009378053,-3.937519534,4.29095998388661,73.0365487662367
"HER42PB",394.5,4910.78,-5.910298124,-4.620464029,-1.471033257,-3.846787404,-3.722053722,5.14904168987058,172.266326624712
"HER42PB",394.6,4912.71,-5.849700602,-4.600048056,-1.590240846,-3.879249344,-3.580267716,5.10463996366462,164.784731359347
"HER42PB",394.7,4914.64,-5.130370717,-4.529082233,-1.490826789,-3.874572845,-3.82146302,3.76840768588469,43.3110451114141
"HER42PB",394.8,4916.57,-5.535151891,-4.204073253,-1.397146393,-3.554435444,-4.054298948,4.21801840259737,67.898802799976
"HER42PB",394.9,4918.5,-5.243745275,-4.272873975,-1.236301231,-3.702429533,-3.71029327,3.89444432769842,49.128746292969
"HER42PB",395,4920.43,-5.007328551,-4.258091904,-1.104094051,-3.749086117,-3.698476116,3.51457724165937,33.6017195135885
"HER42PB",395.1,4922.36,-5.313781592,-4.138128099,-1.091698901,-3.709552025,-3.869157065,3.82488673431974,45.8276093770076
"HER42PB",395.2,4924.29,-5.018596883,-4.058503528,-1.19472566,-3.381679322,-3.624867543,3.62606539621566,37.564723161791
"HER42PB",395.3,4926.22,-5.305773372,-4.048412695,-1.263741299,-3.429514639,-3.870688847,3.90237751675021,49.5200439922937
"HER42PB",395.4,4928.15,-5.03963382,-4.078222653,-1.355211399,-3.692560172,-3.840480302,3.4486920596193,31.4592186058833
"HER42PB",395.5,4930.08,-5.340727776,-4.208285623,-1.481153231,-4.094437322,-3.761416569,3.85417325898697,47.1895872426102
"HER42PB",395.6,4932.01,-5.481014793,-4.488041532,-1.635035199,-4.022224929,-3.64153985,4.33424559060868,76.2674003380748
"HER42PB",395.7,4933.94,-4.833197791,-4.23436129,-1.397276973,-3.743962664,-3.771249487,3.26977650319903,26.305459500181
"HER42PB",395.8,4935.87,-5.479291863,-4.198358017,-1.418848852,-3.6181977,-3.621792671,4.32566026681538,75.615422735359
"HER42PB",395.9,4937.8,-5.671748337,-4.120018742,-1.435206766,-3.728511986,-3.897271309,4.41741657561094,82.8818894451655
"HER42PB",396,4939.73,-5.168082123,-4.20618088,-1.360555809,-3.609937505,-3.769365242,3.77140860955107,43.4412134666675
"HER42PB",396.1,4941.66,-4.285692943,-4.152448948,-1.42460927,-3.882529332,-3.928098881,2.42631460265566,11.3170971305142
"HER42PB",396.2,4943.59,-5.772793303,-4.344465561,-1.607930658,-3.688313968,-3.925372987,4.73517997049995,113.883952625896
"HER42PB",396.3,4945.52,-5.669561587,-4.10364994,-1.505195876,-3.974965866,-3.88554809,4.319930307795,75.1833884133183
"HER42PB",396.4,4947.45,-5.416659916,-4.091453247,-1.49858121,-3.592110624,-3.958906591,4.01639334389619,55.5005729374383
"HER42PB",396.5,4949.38,-5.633425036,-4.145641279,-1.505850865,-3.393682933,-3.875567119,4.52348413525171,92.1561236756316
"HER42PB",396.6,4951.32,-5.368939541,-4.139615145,-1.695379535,-3.594216259,-3.684043217,4.13515863316561,62.4995047784154
"HER42PB",396.7,4953.25,-5.795219983,-4.079401667,-1.792722217,-3.886433622,-3.852229544,4.61755854098223,101.246540852394
"HER42PB",396.8,4955.18,-5.288362922,-4.24839936,-1.85723812,-3.695517604,-3.969141937,3.90105307291783,49.4545008891092
"HER42PB",396.9,4957.11,-5.794929047,-4.238413536,-1.858867402,-3.73369347,-3.748234374,4.82571984611851,124.676183755637
"HER42PB",397,4959.04,-5.708425766,-4.098987853,-1.603135043,-3.798184693,-3.683510146,4.57427608166551,96.957824178457
"HER42PB",397.1,4960.97,-5.044200251,-4.191422925,-1.82956417,-3.81647336,-3.960116063,3.46574823514395,32.0003946374486
"HER42PB",397.2,4962.9,-5.712157095,-4.307680415,-1.978646397,-3.938916674,-3.726421516,4.66104728240899,105.746770918336
"HER42PB",397.3,4964.83,-5.394129191,-4.30421261,-1.841381912,-3.861600373,-3.878573907,4.07036468181128,58.5783211453746
"HER42PB",397.4,4966.76,-5.805221851,-4.41892749,-1.959790756,-3.936382639,-3.866203528,4.80827586883797,122.520194423883
"HER42PB",397.5,4968.69,-5.61844358,-4.458273398,-1.955899953,-3.89086996,-3.830660259,4.54314344866976,93.9857757179101
"HER42PB",397.6,4970.62,-5.782114318,-4.516210556,-2.083788877,-3.917460134,-3.753722436,4.90122330590417,134.454157687085
"HER42PB",397.7,4972.55,-5.981012386,-4.534093403,-2.242801788,-3.886066658,-3.773737473,5.2958429721798,199.50573288442
"HER42PB",397.8,4974.48,-5.382489802,-4.512839648,-2.018911042,-4.238508908,-3.662892779,4.14343167228934,63.0187103694081
"HER42PB",397.9,4976.41,-5.453137773,-4.394390083,-2.00632988,-4.239556109,-3.578686588,4.23430396380825,69.013626030807
"HER42PB",398,4978.34,-5.587428418,-4.554955931,-2.038500924,-4.03223552,-3.80774153,4.5073672128533,90.68275555443
"HER42PB",398.1,4980.27,-6.008905319,-4.553201506,-2.013000829,-4.021030971,-3.793786252,5.26181852429955,192.831842030492
"HER42PB",398.2,4982.2,-6.52100397,-4.538624141,-1.873924381,-4.090905557,-3.722503866,6.29016328229479,539.241370465062
"HER42PB",398.3,4984.13,-5.917051344,-4.320742723,-1.460179432,-4.177348237,-3.877809256,4.7868879326749,119.927564657938
"HER42PB",398.4,4986.06,-6.240545714,-4.50413634,-1.530461266,-4.344195256,-3.96604359,5.40286468854736,222.041585976413
"HER42PB",398.5,4987.99,-5.827739008,-4.683516208,-1.434401582,-4.042668527,-4.027680736,4.7892379925978,120.209733047742
"HER42PB",398.6,4989.92,-5.461784123,-4.386428696,-1.33687691,-4.165640858,-4.320420667,3.79922101539091,44.666376517771
"HER42PB",398.7,4991.85,-5.749363222,-4.487297861,-1.629338768,-4.083597978,-4.01531207,4.56383866079537,95.9510975151595
"HER42PB",398.8,4993.78,-6.551536158,-4.684656058,-1.570848394,-4.018177125,-3.704649512,6.43259539719119,621.785636316376
"HER42PB",398.9,4995.71,-6.169102534,-4.690750029,-1.638655894,-4.389319256,-3.863664372,5.40683204227918,222.924253260068
"HER42PB",399,4997.64,-6.046437791,-4.647873337,-1.627299741,-4.356387532,-4.136438143,5.01607644710379,150.818397444858
"HER42PB",399.1,4999.58,-6.301614099,-4.62965583,-1.642291806,-4.369625289,-3.863483514,5.6514738718198,284.710783938677
"HER42PB",399.2,5001.51,-6.194795471,-4.668099986,-1.706159101,-4.154721712,-4.009074718,5.47559855604797,238.793355370095
"HER42PB",399.3,5003.44,-5.939323949,-4.421295787,-1.62582847,-4.159125302,-3.82459293,4.938045927254,139.497395000288
"HER42PB",399.4,5005.37,-5.927495152,-4.414716644,-1.720457473,-4.106213244,-4.130133428,4.78865675525887,120.139882964097
"HER42PB",399.5,5007.3,-5.749908473,-4.276999639,-1.576547371,-4.020362189,-3.967718455,4.49786107334954,89.8247970271646
"HER42PB",399.6,5009.23,-5.647871364,-4.312870298,-1.642754071,-4.050682074,-3.667769851,4.49343415098043,89.4280285036075
"HER42PB",399.7,5011.16,-5.70491452,-4.399472255,-1.683036261,-3.870393191,-4.26890578,4.40352129001452,81.7381863630606
"HER42PB",399.8,5013.09,-5.580912369,-4.226913603,-1.529569671,-3.69487047,-3.751726494,4.4227486334189,83.3250007686813
"HER42PB",399.9,5015.02,-5.583780593,-4.301447167,-1.660892457,-3.813253344,-3.90613443,4.35585557289409,77.9334745895163
"HER42PB",400,5016.95,-5.634362161,-4.337412901,-1.743588984,-4.065034246,-3.97817116,4.33022751762357,75.9615671985408
"HER42PB",400.1,5018.12,-5.747571492,-4.412570425,-1.800733067,-4.004602187,-3.715670895,4.73228427091057,113.554655913316
"HER42PB",400.2,5019.29,-5.686853193,-4.37779018,-1.807614004,-3.814358255,-3.716784208,4.68717937165033,108.546578050578
"HER42PB",400.3,5020.46,-5.872582006,-4.269759333,-1.722147977,-3.548256926,-3.918853209,4.95003747568917,141.18025464968
"HER42PB",400.4,5021.63,-5.403596246,-4.177422732,-1.645882663,-3.617521841,-3.620948457,4.22568774872771,68.4215442006012
"HER42PB",400.5,5022.8,-5.181814418,-4.281027872,-1.678007554,-3.588997387,-3.68140675,3.92774857745191,50.7924934763275
"HER42PB",400.6,5023.97,-5.643802747,-4.244436305,-1.587755348,-3.675586841,-3.573171835,4.64554033481937,104.119610039366
"HER42PB",400.7,5025.14,-5.545337524,-4.242335681,-1.827575925,-3.834645878,-4.08215802,4.18384273327172,65.6175199874428
"HER42PB",400.8,5026.3,-6.102782283,-4.448644192,-1.918771142,-3.758232991,-3.595508603,5.584284123267,266.209641221443
"HER42PB",400.9,5027.47,-5.696067606,-4.461996771,-2.073209253,-4.260101635,-4.075579858,4.41474954581204,82.6611354857732
"HER42PB",401,5028.64,-5.665192287,-4.521246457,-2.130427282,-3.653192026,-3.830873204,4.77563921242187,118.586092102322
"HER42PB",401.1,5029.81,-6.852183841,-4.867358275,-2.286678911,-3.789312264,-3.85367764,7.34215238728323,1544.03189427191
"HER42PB",401.2,5030.98,-6.15762614,-4.611246363,-2.010091934,-3.940538419,-3.958859542,5.52641559143767,251.241742066887
"HER42PB",401.3,5032.15,-6.186855093,-4.50045614,-1.898354517,-4.107413552,-3.887131233,5.48026589836597,239.910490701395
"HER42PB",401.4,5033.32,-5.867293967,-4.559524369,-2.080739707,-3.842715681,-3.83313313,5.06497338088743,158.376226182977
"HER42PB",401.5,5034.49,-6.184882981,-4.556448568,-2.089397517,-3.999909705,-3.922834535,5.55685278995593,259.006404697594
"HER42PB",401.6,5035.66,-6.097036579,-4.52681938,-2.133540808,-4.20763864,-3.96911017,5.26571390109861,193.584459626938
"HER42PB",401.7,5036.83,-6.068911296,-4.552563806,-2.107510409,-4.009735451,-3.972636916,5.30041548622418,200.420064453879
"HER42PB",401.8,5038,-5.994706413,-4.476678251,-2.14065351,-4.250014455,-3.87720531,5.07530284170898,160.020645567908
"HER42PB",401.9,5039.17,-5.80814249,-4.575998809,-2.136070154,-4.118222406,-3.995958116,4.77803607186955,118.870667204564
"HER42PB",402,5040.34,-6.045376398,-4.572572794,-2.029319057,-4.393479278,-4.010592007,5.0788265055693,160.58549912619
"HER42PB",402.1,5041.51,-5.482676473,-4.391081757,-1.872514847,-4.209151513,-3.923428305,4.09547368883414,60.0677858589289
"HER42PB",402.2,5042.68,-6.108199415,-4.189178166,-1.708122387,-3.899925001,-3.797079419,5.26787250951789,194.00278400816
"HER42PB",402.3,5043.85,-5.94904112,-4.361528569,-1.654299723,-4.269807446,-4.063432926,4.75942093563368,116.678342062973
"HER42PB",402.4,5045.02,-5.612742298,-4.22441748,-1.423826928,-4.011467696,-3.786358864,4.31291919013336,74.658112368722
"HER42PB",402.5,5046.19,-4.647197608,-3.72049968,-0.992670735,-3.895781519,-3.774296266,2.64319291044754,14.0580180180634
"HER42PB",402.6,5047.36,-5.527918893,-4.12763829,-1.673286309,-4.096866632,-3.646413136,4.19326743625198,66.2388690394854
"HER42PB",402.7,5048.53,-5.005510194,-4.452124956,-1.64725057,-4.002208085,-3.797198988,3.53241657810733,34.2065305675599
"HER42PB",402.8,5049.69,-5.648492817,-4.370360655,-1.581250844,-3.820237243,-3.747782164,4.56900509996028,96.4481057992945
"HER42PB",402.9,5050.86,-5.406263494,-4.32206958,-1.466171866,-3.665904956,-3.681089629,4.23059820343034,68.7583513554477
