Site,depth,SH20_age,Ti,Ca,Sr,Ti_convert_PLS,Ti_ppm_PLS,Ti_lower_RMSE_PLS,Ti_upper_RMSE_PLS
HER42PB,1.1,-51.51,-5.909350251,-4.430780614,-4.117590782,4.563100176,95.88026521,51.57452578,178.2474025
HER42PB,1.2,-50.47,-5.473339621,-4.157662827,-3.651727188,4.27664779,71.99868035,38.72848899,133.8500444
HER42PB,1.3,-49.42,-5.379784028,-4.273008429,-3.800298438,4.237560852,69.23876213,37.2439137,128.719184
HER42PB,1.4,-48.38,-5.792251123,-4.145425678,-3.718779748,4.450409453,85.66201139,46.07807045,159.2510304
HER42PB,1.5,-47.34,-5.573978952,-4.341018611,-3.447850296,4.517643341,91.61942761,49.28259763,170.3262392
HER42PB,1.6,-46.29,-5.608298946,-4.308107284,-3.352805461,4.552028069,94.82452415,51.00663682,176.2847139
HER42PB,1.7,-45.25,-5.679817028,-4.445072565,-3.526360525,4.620432468,101.5379345,54.61781744,188.7653632
HER42PB,1.8,-44.2,-5.326018362,-4.203191815,-3.436278484,4.286978597,72.74634009,39.13065931,135.2399906
HER42PB,1.9,-43.16,-5.897840445,-3.992204195,-3.560345537,4.483435424,88.53831749,47.62525143,164.5982631
HER42PB,2,-42.11,-4.52025545,-4.649004433,-4.086122447,3.88570484,48.70125698,26.19667591,90.53867902
HER42PB,2.1,-41.07,-5.760692541,-4.561275553,-3.847788689,4.633174716,102.8400343,55.31822415,191.1860481
HER42PB,2.3,-38.98,-5.977838804,-4.420396186,-3.747107814,4.729097181,113.1933231,60.88731552,210.4334586
HER42PB,2.4,-37.94,-5.681471943,-4.343967746,-3.653323696,4.518356399,91.68478085,49.31775151,170.447735
HER42PB,2.5,-36.89,-4.627950797,-4.3354261,-3.739886423,3.872089472,48.04266509,25.84241568,89.31431555
HER42PB,2.6,-35.85,-5.314499824,-4.264036879,-3.715371281,4.221658087,68.14638328,36.65631706,126.6883835
HER42PB,2.7,-34.8,-5.144615304,-4.270979748,-3.756948259,4.111704893,61.05071384,32.83951716,113.4970908
HER42PB,2.8,-33.76,-5.793453542,-4.256697181,-4.010322254,4.418549804,82.97586676,44.63317837,154.2573197
HER42PB,2.9,-32.72,-5.869450426,-4.42765966,-4.188703486,4.510289027,90.94810114,48.92148741,169.0782014
HER42PB,3,-31.67,-5.794551908,-4.316102655,-3.82350077,4.517913114,91.64414735,49.29589452,170.3721948
HER42PB,3.1,-30.63,-5.757702317,-4.120649237,-3.839310196,4.372110021,79.21059151,42.60781596,147.2574378
HER42PB,3.2,-29.58,-5.840230805,-4.081623543,-3.812368639,4.412570954,82.48124661,44.36711945,153.3377899
HER42PB,3.3,-28.54,-5.541792506,-4.231745155,-3.71111762,4.34319562,76.95305958,41.39347703,143.0605449
HER42PB,3.4,-27.49,-5.193393709,-4.28160749,-3.718450735,4.159428643,64.03492533,34.44474106,119.0449264
HER42PB,3.5,-26.45,-5.949991299,-4.340553386,-3.890636516,4.61395242,100.8820911,54.26503565,187.5461094
HER42PB,3.6,-25.41,-5.767865795,-4.176058114,-3.726771562,4.449862365,85.61515951,46.05286856,159.1639298
HER42PB,3.7,-24.36,-5.460756583,-4.228914879,-3.69716799,4.295838385,73.39372088,39.47888902,136.4435119
HER42PB,3.8,-23.32,-5.583527637,-4.214040394,-3.554283499,4.412107833,82.44305667,44.34657687,153.2667924
HER42PB,3.9,-22.27,-5.182438766,-4.364128443,-3.719955267,4.201589157,66.79239033,35.92799675,124.171226
HER42PB,4,-21.23,-5.695445935,-4.146278934,-3.935638066,4.314164196,74.75112007,40.20904157,138.9670018
HER42PB,4.1,-20.19,-5.446243699,-3.951540039,-3.799348224,4.087352077,59.58191435,32.04944178,110.7665008
HER42PB,4.2,-19.14,-5.281285731,-4.066117551,-3.733300598,4.078085231,59.03232826,31.75381638,109.7447859
HER42PB,4.3,-18.1,-5.14518572,-4.138166135,-3.801693899,4.017904003,55.58447874,29.89919902,103.3350183
HER42PB,4.4,-17.05,-5.528904222,-4.313427593,-3.733021036,4.376265239,79.54041351,42.78522904,147.8705975
HER42PB,4.5,-16.01,-5.137352334,-4.124707036,-3.544137257,4.092665514,59.89934165,32.22018769,111.356618
HER42PB,4.6,-14.96,-5.073300593,-3.957881186,-3.245476189,4.057943477,57.85520807,31.12063691,107.5564459
HER42PB,4.7,-13.92,-5.140923035,-3.888160067,-3.353391902,4.018735755,55.63073046,29.92407808,103.4210031
HER42PB,4.8,-12.88,-5.043500133,-4.017208506,-3.128802977,4.115821165,61.30253309,32.97497213,113.9652385
HER42PB,4.9,-11.83,-5.081703654,-3.680461332,-3.318459355,3.873060353,48.08933142,25.86751776,89.40107118
HER42PB,5,-10.79,-4.94784079,-3.766399722,-3.322978407,3.847203325,46.86182251,25.20723392,87.11905544
HER42PB,5.1,-9.74,-4.29635647,-3.31483108,-3.075534765,3.323448675,27.75590678,14.93005601,51.59996458
HER42PB,5.2,-8.7,-4.882951926,-3.552651835,-2.993036047,3.796115254,44.5278686,23.95178718,82.78008931
HER42PB,5.3,-7.65,-4.756029127,-3.845765103,-3.098005444,3.866084434,47.75503153,25.687696,88.7795868
HER42PB,5.4,-6.61,-5.58138601,-4.324625701,-3.336509234,4.550311978,94.66193618,50.91917985,175.9824527
HER42PB,5.5,-5.57,-4.931578278,-4.079507139,-3.253721822,4.047813255,57.2720806,30.80696941,106.4723755
HER42PB,5.6,-4.52,-5.227022741,-4.348953222,-3.605162308,4.257580331,70.63885386,37.99703079,131.322042
HER42PB,5.7,-3.48,-5.32104997,-3.936517723,-3.249562513,4.188727065,65.93880172,35.46884671,122.5843515
HER42PB,5.8,-2.43,-5.573883931,-4.079776707,-3.610274205,4.307210345,74.23311503,39.93040379,138.0039981
HER42PB,5.9,-1.39,-5.384090232,-4.122959014,-3.423581283,4.278640114,72.14226802,38.8057256,134.1169829
HER42PB,6,-0.34,-4.462058162,-4.102190645,-3.453633536,3.745479361,42.32929337,22.76916139,78.69280062
HER42PB,6.1,0.7,-5.40461078,-3.82372477,-3.621530845,4.046126642,57.17556615,30.75505376,106.2929491
HER42PB,6.2,1.74,-5.274540184,-3.980619144,-3.854507684,3.982162161,53.63287187,28.84941888,99.70685917
HER42PB,6.3,2.79,-5.658644288,-4.141827865,-3.819927835,4.327012559,75.71774601,40.72899502,140.7640198
HER42PB,6.4,3.83,-4.590006288,-4.406585226,-3.493596643,3.978185855,53.4200346,28.73493253,99.31118138
HER42PB,6.5,4.88,-5.84067507,-4.379657163,-3.500860636,4.695642983,109.4691728,58.88407446,203.5100306
HER42PB,6.6,5.92,-5.351473789,-4.02253659,-3.76389467,4.083849482,59.37358804,31.9373819,110.3792091
HER42PB,6.7,6.97,-5.84051245,-4.240003168,-3.643287873,4.564230123,95.98866613,51.63283524,178.4489266
HER42PB,6.8,8.01,-5.173190621,-4.418742915,-3.713506937,4.230860168,68.776366,36.99518826,127.8595607
HER42PB,6.9,9.05,-5.731851495,-4.124415585,-3.536851612,4.459965404,86.48451706,46.5205008,160.7801198
HER42PB,7,10.1,-5.436694952,-4.228186992,-3.519326806,4.340873629,76.77458258,41.29747326,142.728745
HER42PB,7.1,11.14,-5.842026582,-4.488231388,-3.451558399,4.777807219,118.8434664,63.9265589,220.937428
HER42PB,7.2,12.19,-5.72620286,-4.447006634,-3.246518154,4.746485925,115.1788255,61.95532825,214.1246316
HER42PB,7.3,13.23,-5.664094326,-4.147988353,-3.260813043,4.523674441,92.17366319,49.58072403,171.3565978
HER42PB,7.4,14.27,-4.545874553,-4.247072429,-3.593809689,3.826676473,45.90970224,24.69508315,85.34900438
HER42PB,7.5,15.32,-5.333691455,-4.094379284,-3.48824348,4.209279949,67.30805712,36.20537677,125.1298828
HER42PB,7.6,16.36,-5.577571164,-4.270526174,-3.707969208,4.389839315,80.62746231,43.36995861,149.8914891
HER42PB,7.7,17.41,-5.409644049,-4.126490447,-3.458035879,4.284622186,72.57512162,39.03855995,134.9216847
HER42PB,7.8,18.45,-5.240858868,-4.188021161,-3.460348112,4.219128141,67.97419451,36.56369577,126.3682738
HER42PB,7.9,19.5,-5.149948551,-4.110597726,-3.41220119,4.13627806,62.56950757,33.65648473,116.3206232
HER42PB,8,20.54,-4.878033702,-3.955252451,-3.699020988,3.793513737,44.41217913,23.88955718,82.56501537
HER42PB,8.1,21.58,-4.926848983,-4.023844088,-3.366302763,3.973943396,53.19388233,28.61328397,98.8907502
HER42PB,8.2,22.63,-4.824600429,-4.168840781,-3.338004198,4.013741045,55.35356387,29.77498863,102.9057331
HER42PB,8.3,23.67,-4.59243489,-3.63134463,-3.311501044,3.580231525,35.88184743,19.3010445,66.70659586
HER42PB,8.4,24.72,-5.176443181,-3.921826644,-3.251152319,4.094010164,59.97993949,32.26354171,111.5064544
HER42PB,8.5,25.76,-4.962108253,-3.789137397,-3.210622683,3.906743417,49.73671623,26.75365517,92.46366244
HER42PB,8.6,26.81,-4.716050708,-3.76951656,-3.193247028,3.767187339,43.25822285,23.2688377,80.41973855
HER42PB,8.7,27.85,-4.909300401,-3.967592857,-3.302837206,3.952314247,52.05569729,28.00104793,96.7747931
HER42PB,8.8,28.89,-5.133095826,-3.933840012,-3.616031234,3.952359681,52.05806243,28.00232016,96.77919005
HER42PB,8.9,29.94,-5.247191675,-4.040039217,-3.540707973,4.107646416,60.80344302,32.70650882,113.0373989
HER42PB,9,30.98,-4.844848842,-3.793037547,-3.584529163,3.717748733,41.17160145,22.14643249,76.54057902
HER42PB,9.1,32.03,-4.903597489,-3.872040712,-3.398012932,3.860102508,47.4702172,25.53449279,88.25009917
HER42PB,9.2,33.07,-4.992364488,-4.0431202,-3.594713538,3.944490548,51.65001819,27.7828309,96.02061031
HER42PB,9.3,34.12,-5.095264752,-4.057277085,-3.447737988,4.061039635,58.03461454,31.21714064,107.8899738
HER42PB,9.4,35.16,-4.94056503,-4.0961428,-3.691397894,3.914348155,50.11639275,26.95788528,93.16950482
HER42PB,9.5,36.2,-5.398600498,-4.17387675,-3.231391817,4.382876753,80.06803839,43.06904139,148.8514851
HER42PB,9.6,37.25,-5.20047086,-3.991214028,-3.275593992,4.141004929,62.86596552,33.8159511,116.871757
HER42PB,9.7,38.29,-5.406092258,-4.021679365,-3.30895114,4.270666613,71.56932874,38.49753838,133.0518529
HER42PB,9.8,39.34,-5.863892375,-4.536786885,-3.459747081,4.818508682,123.7803571,66.58213978,230.1154163
HER42PB,9.9,40.38,-5.705663421,-4.576653655,-3.749226859,4.63984418,103.5282146,55.68840013,192.4654182
HER42PB,10,41.43,-5.774551546,-4.480793437,-3.671403342,4.654203955,105.0255816,56.49384215,195.249117
HER42PB,10.1,42.43,-5.410086831,-4.195433017,-3.932456008,4.16509073,64.39852508,34.64032338,119.720881
HER42PB,10.2,43.43,-5.693125287,-4.446818119,-3.952185067,4.485743163,88.74287672,47.73528497,164.9785514
HER42PB,10.3,44.43,-5.920084494,-4.32899572,-3.758853519,4.631429325,102.6606948,55.22175644,190.8526448
HER42PB,10.4,45.43,-5.869417113,-4.389264302,-3.720628152,4.646080196,104.1758353,56.03675889,193.6693855
HER42PB,10.5,46.43,-5.010854362,-4.069527552,-3.799863985,3.901050327,49.45436508,26.60177693,91.93875402
HER42PB,10.6,47.43,-4.992642678,-4.247474313,-3.831313916,3.985957675,53.83682296,28.9591253,100.086017
HER42PB,10.7,48.43,-4.895956132,-4.13963005,-3.643193164,3.931897084,51.00364412,27.43514271,94.81896054
HER42PB,10.8,49.44,-4.989752083,-4.229836726,-3.245117499,4.172526142,64.87913916,34.89884835,120.6143726
HER42PB,10.9,50.44,-4.86247755,-4.033496302,-3.535272105,3.887022056,48.76544929,26.23120531,90.65801652
HER42PB,11,51.44,-4.585160597,-3.960555736,-3.415524553,3.736952514,41.9698924,22.57583761,78.02465177
HER42PB,11.1,52.44,-4.17438727,-3.893614606,-3.524536895,3.456741761,31.7134779,17.05885544,58.95733652
HER42PB,11.2,53.44,-4.940185709,-3.685393656,-3.501946607,3.734132596,41.85170746,22.51226528,77.80493858
HER42PB,11.3,54.44,-5.083276376,-3.940941276,-3.449554709,3.984398074,53.75292444,28.91399582,99.9300444
HER42PB,11.4,55.44,-5.024414709,-3.710472736,-3.268834896,3.875193759,48.19203503,25.9227626,89.59200361
HER42PB,11.5,56.45,-4.283982458,-3.844031174,-3.851765164,3.368989788,29.04916642,15.62570754,54.00421504
HER42PB,11.6,57.45,-4.194215902,-4.154083801,-3.650739508,3.578269134,35.81150226,19.26320544,66.57581978
HER42PB,11.7,58.45,-5.322756542,-4.326622923,-3.827374852,4.225856762,68.43310932,36.81054858,127.2214251
HER42PB,11.8,59.45,-5.339180651,-4.421600428,-3.965873485,4.245253701,69.77345951,37.53153038,129.7132199
HER42PB,11.9,60.45,-5.53479794,-4.272117535,-3.89032217,4.302079459,73.85320886,39.72605015,137.2977288
HER42PB,12,61.45,-5.196526462,-4.404939209,-3.759801247,4.220572799,68.07246498,36.616556,126.5509648
HER42PB,12.1,62.45,-5.152874038,-4.245511937,-3.700739919,4.120394558,61.58353573,33.12612501,114.48764
HER42PB,12.2,63.46,-5.299441734,-4.217636564,-3.590158487,4.227505002,68.54599655,36.87127125,127.4312896
HER42PB,12.3,64.46,-5.609346556,-4.139072475,-3.633367997,4.357103613,78.03079941,41.97319925,145.0641306
HER42PB,12.4,65.46,-5.213854573,-4.082641123,-3.65601779,4.07427025,58.8075501,31.63290696,109.3269093
HER42PB,12.5,66.46,-4.668784277,-3.796643329,-3.680095624,3.593370303,36.35640175,19.55630989,67.58882197
HER42PB,12.6,67.46,-5.057820837,-4.025319573,-3.647819813,3.952863974,52.08432159,28.0164451,96.82800746
HER42PB,12.7,68.46,-5.242115308,-4.158381084,-3.639026624,4.141688261,62.90893854,33.83906653,116.9516466
HER42PB,12.8,69.46,-5.173371765,-3.778135466,-3.431750674,3.945580537,51.70634686,27.8131304,96.12532883
HER42PB,12.9,70.46,-4.379211021,-3.937378269,-3.31086239,3.654510783,38.64860893,20.78930084,71.85017832
HER42PB,13,71.47,-4.925124042,-4.016199826,-3.400864326,3.956730249,52.28608366,28.12497404,97.20309576
HER42PB,13.1,72.47,-5.224276282,-4.253591478,-3.585460492,4.205944432,67.08392397,36.08481431,124.7132053
HER42PB,13.2,73.47,-5.595374994,-4.473232208,-3.499330968,4.59233931,98.72510884,53.10478293,183.5361445
HER42PB,13.3,74.47,-5.077848806,-4.097019553,-3.190298272,4.161964878,64.19753906,34.53221188,119.3472354
HER42PB,13.4,75.47,-5.409119571,-4.164672659,-3.48624709,4.297442143,73.51152108,39.5422544,136.6625098
HER42PB,13.5,76.47,-5.045410762,-4.298196361,-3.536854075,4.145669806,63.15991262,33.97406687,117.4182231
HER42PB,13.6,77.47,-5.592175021,-4.156248036,-3.512733479,4.397303046,81.23149534,43.69487133,151.0144243
HER42PB,13.7,78.48,-4.957718703,-4.266932799,-3.666616605,4.033828171,56.4767004,30.37913,104.9937141
HER42PB,13.8,79.48,-4.455952265,-3.510656836,-3.255589573,3.457826851,31.74790854,17.07737587,59.02134523
HER42PB,13.9,80.48,-5.229245378,-4.118054307,-3.314559069,4.220097371,68.04010907,36.59915157,126.4908131
HER42PB,14,81.48,-5.043037945,-4.289266143,-3.328339522,4.209685903,67.33538663,36.22007747,125.1806901
HER42PB,14.1,82.48,-5.61781887,-4.379314082,-3.391006335,4.587474707,98.24601668,52.8470766,182.6454823
HER42PB,14.2,83.48,-5.382592862,-4.310520128,-3.350692265,4.41395081,82.59513748,44.42838198,153.5495202
HER42PB,14.3,84.48,-5.117166395,-4.052265164,-3.294579462,4.122539745,61.71578574,33.19726302,114.733501
HER42PB,14.4,85.49,-5.036818707,-4.086076746,-3.164223823,4.140978629,62.86431219,33.81506176,116.8686834
HER42PB,14.5,86.49,-5.179291043,-4.060915266,-3.373656228,4.136845653,62.6050317,33.67559335,116.3866648
HER42PB,14.6,87.49,-5.228043351,-4.290594394,-3.487908247,4.263223171,71.03858432,38.21204802,132.0651659
HER42PB,14.7,88.49,-5.212450116,-4.453607676,-3.621704337,4.30563754,74.1164526,39.86765042,137.7871153
HER42PB,14.8,89.49,-5.435572877,-4.36253743,-3.533917737,4.415118959,82.69167722,44.48031124,153.7289936
HER42PB,14.9,90.49,-5.218391425,-4.256044016,-3.251769144,4.317040781,74.96645756,40.3248728,139.3673276
HER42PB,15,91.49,-5.342781641,-4.237000863,-3.431375699,4.318820218,75.09997439,40.39669224,139.6155438
HER42PB,15.1,92.49,-4.927465752,-3.924326258,-3.434835741,3.891888087,49.00332175,26.35915822,91.10023629
HER42PB,15.2,93.5,-4.253222555,-3.959416765,-3.586212519,3.512704219,33.53884164,18.04072871,62.35080173
HER42PB,15.3,94.5,-5.454142684,-4.250957591,-3.357139715,4.420110552,83.10547237,44.70289395,154.4982646
HER42PB,15.4,95.5,-5.942766566,-4.44986247,-3.645194015,4.757210287,116.4206921,62.62333521,216.4333393
HER42PB,15.5,96.5,-5.827244826,-4.565003113,-3.59484379,4.765051323,117.3371393,63.11629719,218.1370717
HER42PB,15.6,97.5,-5.850053257,-4.489961268,-3.614001009,4.729134863,113.1975886,60.88960995,210.4413884
HER42PB,15.7,98.5,-5.036430375,-4.567683817,-3.355256289,4.362357241,78.44182294,42.19429109,145.828249
HER42PB,15.8,99.5,-5.621467843,-4.48203356,-3.502633899,4.613039087,100.7899943,54.21549624,187.3748955
HER42PB,15.9,100.51,-5.308035097,-3.991213108,-3.48869528,4.13240562,62.32767942,33.52640402,115.8710496
HER42PB,16,101.51,-5.558959501,-4.043254066,-3.419925862,4.340602767,76.75379007,41.28628886,142.6900904
HER42PB,16.1,102.51,-5.344447696,-4.161094179,-3.623139888,4.209699349,67.33629205,36.2205645,125.1823733
HER42PB,16.2,103.51,-4.897806924,-4.005592255,-3.521473907,3.894475295,49.1302677,26.42744315,91.33623675
HER42PB,16.3,104.51,-5.89352739,-4.215881228,-3.586247453,4.604739316,99.9569223,53.76738221,185.8261627
HER42PB,16.4,105.51,-5.860458698,-4.33490227,-3.723778925,4.606691532,100.1522504,53.87245029,186.1892899
HER42PB,16.5,106.51,-5.594258715,-4.645458705,-3.477479503,4.701436475,110.1052223,59.22620899,204.6924863
HER42PB,16.6,107.52,-5.795540253,-4.393414427,-3.523195045,4.66631278,106.3050488,57.18207464,197.6277265
HER42PB,16.7,108.52,-6.093275292,-4.717910001,-3.833627956,4.956699731,142.1239737,76.44927275,264.2173454
HER42PB,16.8,109.52,-6.2890859,-4.948461576,-3.537930599,5.334128051,207.291922,111.5034732,385.3686323
HER42PB,16.9,110.52,-5.542317529,-4.469238542,-3.733891007,4.477010265,87.97126835,47.32023256,163.5440833
HER42PB,17,111.52,-5.757040504,-4.590605619,-3.576325736,4.740224825,114.4599322,61.56863159,212.7881641
HER42PB,17.1,112.52,-5.49255946,-4.458305041,-3.746546013,4.435170653,84.36652108,45.38121904,156.8426329
HER42PB,17.2,113.52,-5.803550059,-4.657949261,-3.656835337,4.783593729,119.5331488,64.29754292,222.2195908
HER42PB,17.3,114.52,-5.896970701,-4.588637881,-3.852868525,4.738321135,114.2422433,61.45153549,212.3834668
HER42PB,17.4,115.53,-5.896258294,-4.610343119,-3.92499021,4.72630226,112.8773984,60.71737787,209.8461349
HER42PB,17.5,116.53,-5.645353905,-4.644980056,-3.594835402,4.693931959,109.2820286,58.78340855,203.1621178
HER42PB,17.6,117.53,-5.502779566,-4.268323745,-3.872916749,4.285737466,72.6561084,39.08212318,135.0722442
HER42PB,17.7,118.53,-5.714843191,-4.486419291,-3.71256073,4.604578849,99.94088376,53.75875499,185.7963461
HER42PB,17.8,119.53,-6.054214226,-4.548615916,-3.586579163,4.912481984,135.9764874,73.14250582,252.7887843
HER42PB,17.9,120.53,-5.971659322,-4.42106191,-3.564363275,4.787197687,119.9647185,64.52968664,223.0219058
HER42PB,18,121.53,-5.429962215,-4.318413135,-3.687579019,4.333363629,76.20016505,40.98849089,141.6608669
HER42PB,18.1,122.54,-5.865422049,-4.657884179,-3.399544517,4.911936583,135.9023459,73.10262468,252.6509506
HER42PB,18.2,123.54,-5.316192367,-4.276420578,-3.380538718,4.343517264,76.97781504,41.40679313,143.1065668
HER42PB,18.3,124.54,-4.505441016,-3.815599623,-3.350159371,3.632094968,37.79190659,20.3284759,70.25751516
HER42PB,18.4,125.54,-5.451038454,-4.024611991,-3.185331991,4.341852733,76.84978966,41.33792757,142.8685597
HER42PB,18.5,126.54,-5.099656145,-4.397925221,-3.083221731,4.38963427,80.61093178,43.36106675,149.8607578
HER42PB,18.6,127.54,-5.065388526,-3.918249196,-3.294094887,4.013394499,55.33438464,29.76467202,102.8700777
HER42PB,18.7,128.54,-5.418003352,-4.090970455,-3.478919168,4.261533226,70.91863445,38.14752632,131.8421716
HER42PB,18.8,129.55,-4.991148406,-4.120075281,-3.429133173,4.045682038,57.15015132,30.74138298,106.2457014
HER42PB,18.9,130.55,-4.862054793,-3.902375228,-3.41433762,3.849819494,46.98458146,25.27326664,87.347272
HER42PB,19,131.55,-5.247989629,-4.539143538,-3.674638106,4.359472624,78.21587435,42.07275209,145.4081964
HER42PB,19.1,132.55,-5.050061663,-3.914699832,-3.437420331,3.953996902,52.1433628,28.0482037,96.93776876
HER42PB,19.2,133.55,-5.415152777,-4.107706482,-3.367988894,4.307337972,74.2425898,39.93550032,138.0216123
HER42PB,19.3,134.55,-4.782331392,-4.028065397,-3.523583965,3.84433118,46.72742167,25.13493896,86.86919587
HER42PB,19.4,135.55,-5.687928292,-4.471532968,-3.493021213,4.652699947,104.867741,56.40893882,194.9556815
HER42PB,19.5,136.55,-5.466260085,-4.511379356,-3.485824067,4.538806447,93.57904192,50.33668503,173.9692847
HER42PB,19.6,137.56,-5.446809208,-4.459749405,-3.506869226,4.488988391,89.03133539,47.89044849,165.5148141
HER42PB,19.7,138.56,-5.457491726,-4.453624805,-3.554878383,4.475653684,87.85200913,47.25608237,163.322373
HER42PB,19.8,139.56,-5.22974387,-4.490686988,-3.484930629,4.384199896,80.17404995,43.12606559,149.0485672
HER42PB,19.9,140.56,-5.357964135,-4.224083707,-3.373256016,4.339996102,76.70724036,41.26124951,142.6035516
HER42PB,20,141.56,-4.953168856,-4.123223374,-3.353199715,4.052076183,57.51674845,30.93857761,106.9272284
HER42PB,20.1,142.59,-5.271790036,-4.043821726,-3.304677679,4.204457217,66.98422993,36.03118834,124.5278678
HER42PB,20.2,143.63,-5.31822892,-4.385773252,-3.467734777,4.38020122,79.85410005,42.95396277,148.4537604
HER42PB,20.3,144.66,-5.102572789,-4.096599355,-3.273454104,4.147676367,63.28677406,34.04230634,117.6540664
HER42PB,20.4,145.69,-4.926333087,-3.925856836,-3.326464625,3.928900793,50.8510511,27.35306207,94.53528058
HER42PB,20.5,146.73,-5.008297347,-4.187994991,-3.183201457,4.179048615,65.3036947,35.12721913,121.4036479
HER42PB,20.6,147.76,-4.975146646,-4.149471249,-3.261204199,4.111117129,61.01484093,32.82022093,113.4304008
HER42PB,20.7,148.79,-5.03953936,-4.19304439,-3.310572123,4.156516429,63.84871321,34.34457652,118.6987464
HER42PB,20.8,149.82,-5.11430494,-4.179552145,-3.087465165,4.266769716,71.29097315,38.34780937,132.5343725
HER42PB,20.9,150.86,-4.873259121,-4.475957324,-3.222726081,4.261916095,70.9457922,38.16213463,131.8926596
HER42PB,21,151.89,-5.501369522,-4.46527759,-3.225501817,4.621385227,101.6347218,54.66987986,188.9452968
HER42PB,21.1,152.92,-4.684942088,-4.247978313,-3.295652218,4.00051154,54.6260863,29.38367442,101.5533068
HER42PB,21.2,153.96,-5.312477205,-4.143620871,-3.407640591,4.253149994,70.32659214,37.82906349,130.741528
HER42PB,21.3,154.99,-5.123697916,-4.355246352,-3.337540702,4.291879103,73.10370892,39.32288999,135.9043616
HER42PB,21.4,156.02,-5.629236863,-4.364747375,-3.583617787,4.520813692,91.91035428,49.4390887,170.8670901
HER42PB,21.5,157.05,-5.547480119,-4.671328555,-3.64341708,4.631068013,102.6236089,55.20180772,190.7836997
HER42PB,21.6,158.09,-5.84236519,-4.700735517,-3.938127738,4.739469309,114.3734886,61.52213306,212.6274599
HER42PB,21.7,159.12,-5.357589384,-4.261343961,-3.800565215,4.217097943,67.83633342,36.48953952,126.1119815
HER42PB,21.8,160.15,-5.232224896,-4.110671038,-3.602736187,4.119791541,61.54641105,33.10615544,114.4186229
HER42PB,21.9,161.19,-5.376141772,-4.224248116,-3.469367052,4.318521159,75.07751844,40.38461306,139.5737967
HER42PB,22,162.22,-5.056953269,-4.291485427,-3.254143964,4.24404828,69.6894038,37.48631634,129.556955
HER42PB,22.1,163.25,-4.77371942,-4.285942191,-3.472137584,4.010466511,55.17260319,29.67764888,102.5693159
HER42PB,22.2,164.28,-5.113149658,-4.205079759,-3.455757352,4.15646034,63.84513212,34.34265024,118.6920889
HER42PB,22.3,165.32,-5.014251935,-4.119940109,-3.328457028,4.092707866,59.90187856,32.2215523,111.3613342
HER42PB,22.4,166.35,-5.678950379,-4.065310779,-3.3280765,4.461285944,86.59879869,46.58197353,160.9925765
HER42PB,22.5,167.38,-5.543394057,-4.468451512,-3.516862998,4.550773505,94.70563526,50.94268583,176.0636921
HER42PB,22.6,168.42,-5.225711762,-4.253851179,-3.322441895,4.296086125,73.41190568,39.48867073,136.4773186
HER42PB,22.7,169.45,-4.908009319,-4.219612742,-3.469770217,4.044865505,57.10350537,30.71629186,106.1589837
HER42PB,22.8,170.48,-5.316325877,-4.157381664,-3.273943208,4.308949326,74.36231732,39.99990241,138.2441932
HER42PB,22.9,171.51,-4.832905917,-3.995440977,-3.372911364,3.903319459,49.56671099,26.66220841,92.14761208
HER42PB,23,172.55,-5.342228702,-4.241168431,-3.272020836,4.374974227,79.43779218,42.73002846,147.679818
HER42PB,23.1,173.58,-5.149844979,-4.162341619,-3.287242499,4.209334333,67.31171771,36.20734583,125.1366881
HER42PB,23.2,174.61,-5.334682548,-4.19773411,-3.459173721,4.281178757,72.32564414,38.90436463,134.4578905
HER42PB,23.3,175.65,-5.143376144,-4.169033401,-3.438628052,4.158261301,63.9602183,34.40455573,118.9060413
HER42PB,23.4,176.68,-5.161760054,-4.202718155,-3.46120045,4.181290309,65.45024978,35.20605192,121.6761029
HER42PB,23.5,177.71,-4.798338058,-3.831495047,-3.249987838,3.828802702,46.00742063,24.74764642,85.53066897
HER42PB,23.6,178.74,-5.103867307,-4.177680948,-3.229942438,4.211373851,67.44914128,36.28126673,125.3921671
HER42PB,23.7,179.78,-5.230691834,-4.499323441,-3.469704024,4.395053428,81.04896089,43.59668503,150.6750813
HER42PB,23.8,180.81,-5.315069126,-4.151918316,-3.1419421,4.34968662,77.45418656,41.66303601,143.9921713
HER42PB,23.9,181.84,-4.317947778,-3.988701281,-3.099491508,3.726519519,41.53429697,22.34152842,77.21485265
HER42PB,24,182.88,-5.022973826,-4.203014203,-3.428960384,4.112955112,61.12708832,32.88059942,113.6390757
HER42PB,24.1,183.91,-5.392772772,-4.178328668,-3.279147764,4.365790372,78.71158676,42.33939854,146.3297568
HER42PB,24.2,184.94,-5.121648375,-4.172752169,-3.393792708,4.163130096,64.27238682,34.57247291,119.4863821
HER42PB,24.3,185.97,-5.576018603,-4.133968442,-3.237393574,4.467156324,87.10866169,46.85623166,161.9404436
HER42PB,24.4,187.01,-5.216363111,-4.11561635,-3.3376813,4.203239791,66.90273116,35.9873497,124.3763565
HER42PB,24.5,188.04,-4.748476564,-4.097888998,-3.260265109,3.956959311,52.29806179,28.13141714,97.22536385
HER42PB,24.6,189.07,-4.997799645,-3.901000594,-3.169575487,4.007131349,54.98890011,29.57883398,102.2278004
HER42PB,24.7,190.11,-5.203010312,-4.09609922,-3.406056026,4.160634844,64.11221095,34.48631342,119.1886051
HER42PB,24.8,191.14,-4.975629685,-3.710091525,-3.337604316,3.824256149,45.79872028,24.63538534,85.14268198
HER42PB,24.9,192.17,-4.98118629,-4.205736514,-3.40160134,4.100363751,60.36224042,32.4691835,112.2171757
HER42PB,25,193.2,-5.364531872,-4.253739165,-3.415475417,4.347289153,77.2687151,41.56326988,143.6473682
HER42PB,25.1,194.24,-4.876962798,-4.076373936,-3.396832407,3.967359712,52.84482096,28.42552193,98.2418233
HER42PB,25.2,195.27,-4.343115929,-4.121090321,-3.313895634,3.744904482,42.30496613,22.75607563,78.64757476
HER42PB,25.3,196.3,-4.631931197,-4.273100305,-3.363869613,3.964547921,52.69644104,28.34570754,97.96597575
HER42PB,25.4,197.34,-5.059695601,-4.189114676,-3.67739858,4.041290606,56.89973059,30.60668028,105.7801536
HER42PB,25.5,198.37,-4.991705192,-4.173684682,-3.419401501,4.08116649,59.21450269,31.85180902,110.0834595
HER42PB,25.6,199.4,-5.456678439,-4.109914917,-3.395819339,4.324705452,75.54325844,40.63513718,140.4396365
HER42PB,25.7,200.43,-5.131317826,-4.191310567,-3.456627362,4.158440918,63.97170764,34.41073591,118.9274007
HER42PB,25.8,201.47,-5.367064594,-4.126187233,-3.363757367,4.290512963,73.00390717,39.26920607,135.7188239
HER42PB,25.9,202.5,-5.111116875,-4.055818443,-3.245111816,4.137940278,62.67359824,33.71247567,116.5141343
HER42PB,26,203.53,-5.133787809,-4.059868133,-3.376140174,4.108994966,60.88549482,32.75064494,113.1899383
HER42PB,26.1,204.57,-5.099942171,-3.826976495,-3.293793964,3.978967642,53.46181399,28.7574059,99.38885189
HER42PB,26.2,205.6,-4.928075909,-3.484022713,-3.138119867,3.731003438,41.72095158,22.44193096,77.56185522
HER42PB,26.3,206.63,-4.548734506,-4.085572408,-3.156096671,3.880471719,48.4470631,26.05994361,90.06611672
HER42PB,26.4,207.66,-4.681564173,-3.872904105,-3.148434454,3.825624301,45.86142275,24.66911335,85.25924979
HER42PB,26.5,208.7,-4.128023867,-3.998812136,-3.393227448,3.541876035,34.53164105,18.57476101,64.19647784
HER42PB,26.6,209.73,-4.30827687,-3.869580146,-3.271831488,3.592560557,36.32697422,19.54048067,67.53411437
HER42PB,26.7,210.76,-4.927217271,-4.199498746,-3.551024005,4.015977873,55.47751884,29.8416647,103.1361731
HER42PB,26.8,211.8,-5.069902594,-3.959594265,-3.299947755,4.038563619,56.74477713,30.52332995,105.4920854
HER42PB,26.9,212.83,-5.011351883,-4.095061151,-3.328343778,4.076321003,58.92827362,31.69784481,109.5513418
HER42PB,27,213.86,-5.13825531,-4.192111614,-3.430756184,4.171690659,64.8249564,34.86970314,120.5136435
HER42PB,27.1,214.89,-5.255352667,-4.395414872,-3.246862861,4.423353614,83.37542606,44.84810353,155.0001254
HER42PB,27.2,215.93,-5.253440145,-4.533624717,-3.432821847,4.441370312,84.89118941,45.66344104,157.8180241
HER42PB,27.3,216.96,-5.047850793,-4.152226698,-3.06920319,4.218763832,67.94943542,36.55037771,126.3222451
HER42PB,27.4,217.99,-4.979575896,-4.150585183,-3.18078652,4.141511422,62.89781476,33.83308298,116.9309668
HER42PB,27.5,219.03,-4.84870348,-3.999337367,-3.206008346,3.970794592,53.02664866,28.52332805,98.57985235
HER42PB,27.6,220.06,-4.69250364,-3.736669041,-3.215877091,3.727532694,41.57639981,22.36417577,77.29312445
HER42PB,27.7,221.09,-4.928663827,-3.823058503,-3.117789962,3.939795954,51.40811063,27.65270748,95.57088904
HER42PB,27.8,222.12,-4.102643365,-3.988908918,-2.936655674,3.67882093,39.59967576,21.30088495,73.61827096
HER42PB,27.9,223.16,-4.317337443,-3.871276355,-3.075938233,3.664387811,39.03223375,20.99565475,72.56336083
HER42PB,28,224.19,-4.831100548,-3.808147822,-3.057331396,3.897940103,49.30078988,26.51916798,91.65324813
HER42PB,28.1,225.22,-4.877738621,-4.001453223,-3.369313391,3.932566836,51.03781537,27.45352361,94.88248702
HER42PB,28.2,226.26,-4.759111484,-3.989242755,-3.347283821,3.868552158,47.8730233,25.75116442,88.99894086
HER42PB,28.3,227.29,-4.741342937,-3.961899943,-3.102304555,3.925837814,50.69553369,27.2694084,94.246164
HER42PB,28.4,228.32,-4.822393334,-3.761708097,-3.066881655,3.862370448,47.57799898,25.59246921,88.45047223
HER42PB,28.5,229.35,-5.054340932,-3.777480412,-3.157525871,3.969704081,52.96885403,28.49224,98.47240852
HER42PB,28.6,230.39,-3.52831673,-3.843548754,-3.130124381,3.2731099,26.39329234,14.19709816,49.06677921
HER42PB,28.7,231.42,-4.038181128,-3.8595293,-3.123209948,3.50869476,33.40463826,17.96853996,62.10130926
HER42PB,28.8,232.45,-4.319321295,-3.77956056,-2.970414466,3.646592024,38.34376847,20.62532547,71.28346087
HER42PB,28.9,233.49,-4.717973523,-3.670416405,-3.013636869,3.770160276,43.38701818,23.33811742,80.65917711
HER42PB,29,234.52,-4.924962733,-4.15827165,-3.270249599,4.085379505,59.46450054,31.98628424,110.5482212
HER42PB,29.1,235.55,-5.063385859,-4.163902246,-3.34359989,4.141531559,62.89908138,33.8337643,116.9333215
HER42PB,29.2,236.58,-5.043207623,-4.263985834,-3.175736332,4.246472249,69.85853362,37.57729221,129.871378
HER42PB,29.3,237.62,-4.851485057,-3.97601632,-3.285780349,3.931407788,50.97869435,27.42172208,94.77257735
HER42PB,29.4,238.65,-4.376298092,-3.578978044,-3.041765665,3.531182151,34.16433117,18.37718299,63.51362583
HER42PB,29.5,239.68,-4.630602773,-3.737138692,-3.017281361,3.762661799,43.06289833,23.16377156,80.05661807
HER42PB,29.6,240.72,-4.483228515,-3.381288436,-3.086983823,3.451809565,31.55744593,16.97492498,58.66726333
HER42PB,29.7,241.75,-4.602033195,-3.534074648,-3.105109206,3.59731751,36.5001916,19.63365525,67.8561363
HER42PB,29.8,242.78,-3.700486361,-3.661931084,-3.251937667,3.196815869,24.45453964,13.15423234,45.46251683
HER42PB,29.9,243.81,-4.577284982,-3.723867492,-3.255529143,3.646390813,38.33605407,20.62117585,71.26911931
HER42PB,30,244.85,-4.976151936,-3.785520749,-3.212907637,3.911657844,49.98174526,26.88545765,92.91918673
HER42PB,30.1,245.85,-4.829502774,-3.916293708,-3.079634246,3.953813187,52.13378416,28.0430513,96.91996148
HER42PB,30.2,246.86,-4.820780277,-4.119930876,-3.20517585,4.027610032,56.12661005,30.19081446,104.3428742
HER42PB,30.3,247.87,-4.730319585,-3.797346353,-3.325506176,3.746484483,42.37186088,22.79205869,78.77193628
HER42PB,30.4,248.88,-4.813892298,-4.068298642,-3.061353542,4.041928378,56.93603118,30.62620657,105.8476387
HER42PB,30.5,249.88,-5.039708542,-4.081796135,-3.195198507,4.129571431,62.15128111,33.43151839,115.5431141
HER42PB,30.6,250.89,-4.922383941,-4.133418837,-3.109435286,4.12368058,61.78623345,33.23515724,114.8644677
HER42PB,30.7,251.9,-4.526808164,-4.022671528,-2.988746914,3.888580487,48.84150614,26.27211671,90.79941096
HER42PB,30.8,252.9,-4.642840111,-4.132841275,-3.169534372,3.9527127,52.07644315,28.01220725,96.81336095
HER42PB,30.9,253.91,-4.15031249,-3.895486205,-3.115242443,3.585168308,36.05942628,19.39656515,67.03672604
HER42PB,31,254.92,-4.710786483,-3.88701912,-2.980572602,3.906340293,49.7166702,26.74287231,92.42639563
HER42PB,31.1,255.93,-4.899096766,-4.081943754,-2.998331747,4.117885731,61.42922699,33.04312148,114.2007704
HER42PB,31.2,256.93,-4.673388564,-4.05187104,-2.89321671,4.014229114,55.3805868,29.78952442,102.9559704
HER42PB,31.3,257.94,-4.559019393,-3.894859749,-2.901763606,3.858557575,47.39693553,25.49507417,88.11386395
HER42PB,31.4,258.95,-4.417130182,-3.874888362,-3.163354556,3.686197729,39.89287472,21.4585983,74.16334614
HER42PB,31.5,259.95,-4.821859088,-3.855016077,-3.202942432,3.871443892,48.01165969,25.8257377,89.25667457
HER42PB,31.6,260.96,-4.72681813,-3.86338523,-3.080446963,3.866943625,47.79607988,25.70977613,88.85589825
HER42PB,31.7,261.97,-3.58059973,-3.59302225,-2.849597916,3.241124831,25.56245902,13.75018831,47.52220817
HER42PB,31.8,262.98,-3.871881052,-3.797190159,-3.235412208,3.358063109,28.73348332,15.45589984,53.41734042
HER42PB,31.9,263.98,-4.367110109,-3.770730481,-3.313734435,3.548471435,34.7601437,18.69767385,64.62127856
HER42PB,32,264.99,-4.136012759,-3.858300859,-3.361602615,3.472813795,32.227296,17.33524104,59.91255645
HER42PB,32.1,266,-4.576618284,-3.912700742,-3.137231836,3.798413434,44.63031936,24.00689601,82.97055168
HER42PB,32.2,267,-4.598007667,-3.758445638,-2.947117253,3.782181889,43.91174785,23.62037242,81.63468236
HER42PB,32.3,268.01,-4.613759799,-3.735077347,-3.110159388,3.721196165,41.31378268,22.22291256,76.80490281
HER42PB,32.4,269.02,-3.30564489,-3.527909578,-2.991356274,3.041806036,20.94303297,11.26537345,38.93440656
HER42PB,32.5,270.03,-4.436901054,-3.814811795,-3.089249956,3.685478972,39.86421172,21.44318031,74.11005985
HER42PB,32.6,271.03,-4.637492815,-3.861869412,-3.205861779,3.77649996,43.66295188,23.48654369,81.17215511
HER42PB,32.7,272.04,-4.642089943,-3.929618489,-3.01812393,3.882809515,48.5604549,26.12093769,90.27691916
HER42PB,32.8,273.05,-4.177326091,-3.76320292,-3.103164898,3.523413401,33.89994532,18.23496838,63.02211603
HER42PB,32.9,274.05,-4.480162499,-3.542752484,-3.066575995,3.55317616,34.92406595,18.78584854,64.92602025
HER42PB,33,275.06,-4.240537104,-3.661847772,-3.039704019,3.514892481,33.61231378,18.08024978,62.48739103
HER42PB,33.1,276.07,-4.519844042,-3.776894039,-3.178146522,3.674708707,39.43716742,21.21347082,73.31615781
HER42PB,33.2,277.08,-4.719961501,-3.712841553,-2.87327237,3.844012042,46.71251155,25.12691872,86.84147702
HER42PB,33.3,278.08,-4.879080441,-3.953797998,-3.15862065,3.976377064,53.32349624,28.68300401,99.13171055
HER42PB,33.4,279.09,-4.781437416,-4.025442332,-3.401922742,3.883525101,48.59521654,26.13963617,90.34154322
HER42PB,33.5,280.1,-4.837163353,-3.883002347,-2.847128399,4.016980936,55.53319424,29.87161281,103.2396772
HER42PB,33.6,281.1,-4.352016662,-3.970970081,-3.056028573,3.747425048,42.41173309,22.81350617,78.84606121
HER42PB,33.7,282.11,-4.319951118,-4.108791311,-3.457100844,3.677697671,39.55522001,21.27697196,73.53562495
HER42PB,33.8,283.12,-4.555815156,-3.76202445,-3.27924813,3.649995726,38.47450162,20.69564755,71.52650196
HER42PB,33.9,284.13,-4.110066607,-3.659023991,-3.242617854,3.382464143,29.44323414,15.83767874,54.73681153
HER42PB,34,285.13,-4.515558027,-3.830379016,-3.308020157,3.66030876,38.87334357,20.91018684,72.26797405
HER42PB,34.1,286.14,-4.65295292,-3.883497547,-3.171148159,3.809204317,45.11452771,24.26735436,83.87072524
HER42PB,34.2,287.15,-4.591499937,-3.862420747,-3.136483744,3.77645403,43.6609465,23.48546498,81.16842698
HER42PB,34.3,288.16,-4.780353532,-4.018887107,-3.377778285,3.887228452,48.77551535,26.2366199,90.67672996
HER42PB,34.4,289.16,-4.933296,-3.921144275,-3.058235733,4.020863761,55.74923905,29.98782451,103.641318
HER42PB,34.5,290.17,-4.174008888,-4.048363701,-3.173899484,3.667408836,39.15032941,21.05917906,72.78290803
HER42PB,34.6,291.18,-4.928148904,-4.062560275,-3.153387011,4.069844135,58.54783632,31.49320548,108.8440851
HER42PB,34.7,292.18,-3.454844512,-4.258630731,-3.17216245,3.475280987,32.30690508,17.37806321,60.06055471
HER42PB,34.8,293.19,-4.950901748,-4.116982014,-3.34030172,4.051475656,57.48221849,30.92000375,106.863035
HER42PB,34.9,294.2,-4.53403489,-3.83328311,-3.409055726,3.63721508,37.98590159,20.43282689,70.61816397
HER42PB,35,295.21,-4.732641587,-3.903881848,-3.307813562,3.817057571,45.4702184,24.45868236,84.53197646
HER42PB,35.1,296.21,-4.417046361,-3.55697819,-3.04820445,3.536166664,34.33504882,18.46901296,63.83100062
HER42PB,35.2,297.22,-4.751864565,-3.768599257,-3.085539278,3.822204711,45.70486334,24.58489917,84.96819605
HER42PB,35.3,298.23,-4.494366554,-3.711825341,-3.017805941,3.677418127,39.54416416,21.27102496,73.51507144
HER42PB,35.4,299.23,-4.802001352,-4.061285755,-3.168246132,3.995106825,54.3316443,29.22529244,101.0059208
HER42PB,35.5,300.24,-4.521299938,-4.051764583,-3.286351206,3.802204176,44.79982246,24.09807267,83.28566852
HER42PB,35.6,301.25,-4.900917473,-3.768464021,-3.095662522,3.899517983,49.37864205,26.56104509,91.79798017
HER42PB,35.7,302.26,-4.865823586,-3.873159875,-3.359984074,3.852930173,47.13096299,25.35200607,87.61940439
HER42PB,35.8,303.26,-4.730593576,-4.059818693,-3.284195291,3.916686696,50.23372915,27.02100118,93.38764051
HER42PB,35.9,304.27,-5.109627751,-4.184678956,-3.315800028,4.189742104,66.00576615,35.50486725,122.7088426
HER42PB,36,305.28,-5.406735151,-4.077338956,-3.523426925,4.231460826,68.81768946,37.01741637,127.9363836
HER42PB,36.1,306.28,-5.279880735,-4.340242639,-3.039841399,4.475262955,87.81768945,47.23762162,163.2585705
HER42PB,36.2,307.29,-5.329694902,-4.364614006,-3.336129019,4.419104111,83.02187366,44.65792574,154.3428494
HER42PB,36.3,308.3,-4.974703285,-4.106614655,-3.228064251,4.096620494,60.13671144,32.34787021,111.7979032
HER42PB,36.4,309.31,-4.570951343,-3.906203637,-3.071328296,3.813967787,45.32994207,24.38322695,84.27119401
HER42PB,36.5,310.31,-5.022481516,-4.00634545,-3.026931224,4.132003319,62.30261002,33.51291906,115.824444
HER42PB,36.6,311.32,-5.006139607,-3.869177513,-3.321800386,3.941304566,51.48572405,27.69445617,95.71517724
HER42PB,36.7,312.33,-4.763796549,-3.970804034,-2.962086749,3.990648739,54.08996826,29.09529356,100.5566299
HER42PB,36.8,313.33,-4.531731965,-3.772283704,-3.116622893,3.698883342,40.40216376,21.73254769,75.11014629
HER42PB,36.9,314.34,-4.389703188,-3.774808204,-3.120184305,3.627679009,37.62538699,20.23890409,69.94794482
HER42PB,37,315.35,-4.701330877,-3.067560864,-2.875669856,3.449674816,31.49015055,16.93872642,58.54215701
HER42PB,37.1,316.36,-4.895391405,-3.763442696,-3.312285867,3.820073278,45.60755023,24.53255391,84.78728491
HER42PB,37.2,317.36,-4.517042484,-3.372771432,-2.882173133,3.533319456,34.23742884,18.41650263,63.64951896
HER42PB,37.3,318.37,-3.976838387,-3.472361991,-3.362679618,3.169177317,23.78790641,12.79564663,44.22320401
HER42PB,37.4,319.38,-4.023287626,-3.894670248,-3.316078559,3.457350648,31.7327937,17.06924552,58.99324579
HER42PB,37.5,320.38,-4.823510139,-3.885671071,-3.392441209,3.826339057,45.8942142,24.68675205,85.32021114
HER42PB,37.6,321.39,-4.213499939,-3.310784076,-2.810492097,3.370870981,29.10386492,15.65513016,54.10590296
HER42PB,37.7,322.4,-4.301333483,-3.337732534,-3.083788601,3.336691795,28.1259263,15.12909156,52.28785397
HER42PB,37.8,323.41,-4.277808223,-3.476772081,-2.908267345,3.467409853,32.05361126,17.24181506,59.58966567
HER42PB,37.9,324.41,-4.163853817,-3.520578466,-3.034196907,3.39614035,29.848672,16.05576602,55.49054585
HER42PB,38,325.42,-3.555029539,-2.998147238,-2.956158042,2.840585631,17.12579199,9.212058379,31.83791713
HER42PB,38.1,326.43,-4.068241045,-3.02805984,-2.856460959,3.118673577,22.61636087,12.16546579,42.04522766
HER42PB,38.2,327.43,-3.731876596,-3.191894388,-2.996251987,3.017591433,20.44199643,10.99586312,38.00294834
HER42PB,38.3,328.44,-4.077442486,-3.184388844,-2.653355926,3.284738205,26.70199295,14.36314992,49.64067292
HER42PB,38.4,329.45,-4.252127452,-3.540288138,-2.699626002,3.563464249,35.28522245,18.98011662,65.59743275
HER42PB,38.5,330.46,-4.303181467,-3.42825754,-2.863594178,3.466044113,32.00986426,17.2182833,59.50833726
HER42PB,38.6,331.46,-4.435673106,-3.559584982,-2.710519556,3.661477203,38.9187914,20.93463349,72.35246441
HER42PB,38.7,332.47,-4.20707245,-3.490114621,-2.918802793,3.437709566,31.11560825,16.73725804,57.84585947
HER42PB,38.8,333.48,-4.195818223,-3.754601424,-3.243406183,3.479572392,32.44584499,17.45279976,60.31885268
HER42PB,38.9,334.48,-4.920023363,-4.024885006,-3.115745675,4.055707184,57.72597144,31.05111981,107.316187
HER42PB,39,335.49,-4.576205717,-4.126004715,-3.528542785,3.79239806,44.36265713,23.86291902,82.47295087
HER42PB,39.1,336.5,-4.629679089,-3.774640792,-3.320554996,3.681691134,39.71349816,21.36211065,73.82987393
HER42PB,39.2,337.51,-3.973787486,-3.835355457,-3.08764088,3.476823979,32.35679287,17.40489812,60.15329922
HER42PB,39.3,338.51,-4.780065865,-4.009506074,-3.44634932,3.858256004,47.38264413,25.48738675,88.08729535
HER42PB,39.4,339.52,-4.698803217,-4.165197564,-3.442754014,3.908750468,49.83664059,26.80740504,92.64942807
HER42PB,39.5,340.53,-4.329209079,-3.979957116,-3.13948522,3.713278751,40.98797581,22.04765924,76.19920749
HER42PB,39.6,341.53,-4.279233168,-3.759357708,-2.909305784,3.635762936,37.93078062,20.40317701,70.51569066
HER42PB,39.7,342.54,-5.148035163,-4.27127527,-3.213260987,4.298128049,73.56196037,39.56938598,136.7562796
HER42PB,39.8,343.55,-5.224197087,-4.091505484,-3.061333937,4.287167081,72.76005294,39.13803553,135.2654836
HER42PB,39.9,344.56,-5.009105462,-4.094089428,-3.02131837,4.178536961,65.27029035,35.10925074,121.3415471
HER42PB,40,345.56,-5.613471542,-3.869914175,-3.200714,4.346333507,77.19490884,41.52356909,143.5101578
HER42PB,40.1,346.58,-4.790724853,-3.894319653,-3.08550584,3.917800981,50.28973503,27.05112705,93.49175894
HER42PB,40.2,347.59,-5.325608227,-4.14695323,-3.062977449,4.379815841,79.82333185,42.93741238,148.3965603
HER42PB,40.3,348.6,-4.902259741,-4.269737182,-3.308994687,4.125990146,61.92909773,33.31200472,115.1300613
HER42PB,40.4,349.61,-4.707678423,-3.581184652,-3.258660804,3.62860737,37.66033317,20.25770183,70.01291195
HER42PB,40.5,350.63,-4.506273657,-3.40518612,-3.178341145,3.446736214,31.39774937,16.88902332,58.37037745
HER42PB,40.6,351.64,-4.305110754,-3.469400509,-3.195803176,3.378853305,29.3371111,15.78059457,54.53952217
HER42PB,40.7,352.65,-4.435481228,-3.448308501,-2.886758851,3.535489013,34.31178952,18.45650165,63.78776013
HER42PB,40.8,353.66,-4.607071033,-3.652581213,-3.088352086,3.676067271,39.49078174,21.24231026,73.41583018
HER42PB,40.9,354.68,-4.767339301,-3.962448082,-3.332958753,3.861880735,47.5547051,25.5799393,88.40716744
HER42PB,41,355.69,-4.664548357,-3.767445057,-3.277123413,3.710363541,40.86866124,21.98347927,75.97739425
HER42PB,41.1,356.7,-4.159790184,-3.793815186,-3.167661376,3.511436421,33.4963481,18.01787119,62.27180358
HER42PB,41.2,357.71,-4.634387607,-4.054881661,-3.326265958,3.848829486,46.93808936,25.24825828,87.26084027
HER42PB,41.3,358.73,-4.682792384,-4.188916319,-3.615477102,3.855867128,47.26958796,25.42657321,87.87711688
HER42PB,41.4,359.74,-3.902799648,-4.18226163,-3.380610266,3.551651492,34.87085891,18.75722818,64.82710505
HER42PB,41.5,360.75,-4.316977965,-4.027248809,-3.546313331,3.59752563,36.50778882,19.63774184,67.87025999
HER42PB,41.6,361.76,-4.953712147,-4.15336404,-3.531238129,4.009957454,55.14452435,29.66254512,102.5171156
HER42PB,41.7,362.78,-4.996091742,-3.998144645,-3.404491538,3.984311853,53.74829002,28.91150294,99.92142872
HER42PB,41.8,363.79,-4.952665192,-4.174561289,-3.653830136,3.98042862,53.5399776,28.79945053,99.53416292
HER42PB,41.9,364.8,-5.14960641,-4.264087337,-3.548689547,4.181079423,65.43644872,35.19862825,121.6504459
HER42PB,42,365.81,-4.59294791,-4.230654974,-3.679478054,3.812106012,45.24562642,24.33787309,84.11444594
HER42PB,42.1,366.83,-5.578136035,-4.756055171,-4.283031911,4.483969417,88.58560891,47.65068975,164.6861808
HER42PB,42.2,367.84,-5.321009334,-4.168329824,-4.033155046,4.060950615,58.02944854,31.21436182,107.8803699
HER42PB,42.3,368.85,-5.30796456,-4.058121302,-3.755925186,4.081573768,59.23862435,31.86478419,110.1283032
HER42PB,42.4,369.86,-5.364824058,-4.219033209,-3.477534846,4.305797762,74.1283286,39.87403859,137.8091936
HER42PB,42.5,370.88,-5.66568009,-4.281839718,-3.581348563,4.495639548,89.62547047,48.21003704,166.6193484
HER42PB,42.6,371.89,-5.037342137,-4.615347727,-3.872630047,4.215862043,67.75254633,36.44446999,125.956216
HER42PB,42.7,372.9,-5.234378665,-4.315591053,-3.64514346,4.228524298,68.61590083,36.90887315,127.561246
HER42PB,42.8,373.91,-5.209318517,-4.445135563,-3.760596757,4.251690338,70.22401438,37.77388634,130.5508295
HER42PB,42.9,374.93,-5.001560913,-4.181781081,-3.785165588,3.967546466,52.85469086,28.430831,98.26017206
HER42PB,43,375.94,-5.266610835,-4.146445988,-3.496878688,4.197259064,66.50379836,35.77276153,123.6347155
HER42PB,43.1,376.95,-5.073510198,-4.095344063,-3.574172147,4.028389933,56.17040031,30.21436948,104.424283
HER42PB,43.2,377.96,-5.218898217,-4.318298815,-4.190562772,4.036173172,56.60929371,30.45045267,105.2402133
HER42PB,43.3,378.98,-4.953999619,-4.035858748,-3.754202187,3.864685807,47.68828675,25.65179361,88.65550408
HER42PB,43.4,379.99,-4.490989013,-3.871296281,-3.768530592,3.51608336,33.65236582,18.10179399,62.56185027
HER42PB,43.5,381,-5.311284872,-4.634504669,-3.934778517,4.365636253,78.69945679,42.33287376,146.3072064
HER42PB,43.6,382.01,-5.152851689,-4.478909488,-3.975870333,4.165902005,64.4507912,34.66843761,119.818047
HER42PB,43.7,383.03,-5.171700787,-4.293488564,-3.795068337,4.127879271,62.04620016,33.37499477,115.347762
HER42PB,43.8,384.04,-5.058852317,-4.210161699,-3.696001349,4.047019959,57.22666488,30.78254004,106.3879449
HER42PB,43.9,385.05,-5.356741426,-4.411914387,-3.818177854,4.30013942,73.71006965,39.64905478,137.031624
HER42PB,44,386.06,-5.558197158,-4.324039377,-3.790928708,4.381324838,79.94387598,43.00225374,148.6206594
HER42PB,44.1,387.08,-5.617392505,-4.29734753,-3.811488529,4.395957867,81.12229796,43.63613345,150.8114195
HER42PB,44.2,388.09,-5.294264579,-4.156104993,-3.928888117,4.073028413,58.73456603,31.59364843,109.1912273
HER42PB,44.3,389.1,-5.811791653,-4.504634613,-3.608546588,4.714260764,111.5263364,59.99063417,207.3344263
HER42PB,44.4,390.11,-5.376719934,-4.212663737,-3.638289901,4.254732201,70.43795143,37.88896426,130.9485519
HER42PB,44.5,391.13,-5.602750249,-4.232347256,-3.830703321,4.341488349,76.82179191,41.32286742,142.8165101
HER42PB,44.6,392.14,-5.207284191,-4.294774182,-3.889309074,4.117475853,61.40405365,33.02958061,114.1539716
HER42PB,44.7,393.15,-5.300487424,-4.183651396,-3.487123931,4.242843973,69.60552682,37.44119845,129.4010225
HER42PB,44.8,394.16,-5.183329821,-4.047494822,-3.485683643,4.093251473,59.93445046,32.23907291,111.4218874
HER42PB,44.9,395.18,-5.16058227,-3.893878937,-3.624274596,3.941713893,51.50680282,27.70579456,95.754364
HER42PB,45,396.19,-5.076692931,-4.052881855,-3.860898388,3.907780625,49.78833028,26.78141866,92.55961618
HER42PB,45.1,397.2,-4.904824694,-4.124471452,-3.546968269,3.96037902,52.47721208,28.22778307,97.55841542
HER42PB,45.2,398.21,-4.307307265,-4.045141788,-3.451189061,3.635680629,37.92765879,20.40149776,70.50988697
HER42PB,45.3,399.23,-5.132475549,-4.012769477,-3.331072803,4.095509103,60.06991317,32.31193905,111.6737211
HER42PB,45.4,400.24,-4.835284898,-3.850539556,-3.80470502,3.672113926,39.33496923,21.15849785,73.126165
HER42PB,45.5,401.25,-4.993792493,-3.774671841,-3.59442605,3.78578061,44.07005865,23.70552867,81.92899202
HER42PB,45.6,402.26,-5.072134519,-4.026947397,-3.402139991,4.04524559,57.12521372,30.7279689,106.1993408
HER42PB,45.7,403.28,-5.235514972,-4.169692506,-3.53252796,4.18061657,65.40616824,35.18234021,121.5941526
HER42PB,45.8,404.29,-5.428843293,-4.185943418,-3.399289846,4.351624753,77.60444859,41.74386278,144.2715178
HER42PB,45.9,405.3,-5.345239635,-4.187593815,-3.394514841,4.303418525,73.95216943,39.77928159,137.4817026
HER42PB,46,406.31,-5.25591877,-4.32492189,-3.522407633,4.288387688,72.8489186,39.18583686,135.4306904
HER42PB,46.1,407.33,-5.049114849,-4.267073642,-3.46100837,4.154972135,63.75018812,34.29157933,118.5155821
HER42PB,46.2,408.34,-5.024207778,-4.064114424,-3.467897783,4.017870657,55.58262527,29.89820203,103.3315725
HER42PB,46.3,409.35,-4.834719407,-4.156020362,-3.550830006,3.939477354,51.39173461,27.64389873,95.54044501
HER42PB,46.4,410.36,-4.844513756,-4.096862673,-3.499516952,3.927020959,50.75554934,27.30169115,94.35773684
HER42PB,46.5,411.38,-5.192956851,-4.047824547,-3.401197382,4.127700351,62.03509983,33.36902384,115.3271258
HER42PB,46.6,412.39,-3.284171977,-4.143304296,-3.661089206,3.172177625,23.85938462,12.83409515,44.35608646
HER42PB,46.7,413.4,-4.674148187,-3.997871135,-3.22308299,3.870722813,47.97705197,25.80712202,89.19233667
HER42PB,46.8,414.41,-5.283303256,-4.20671829,-3.540660802,4.228171045,68.59166629,36.89583726,127.5161924
HER42PB,46.9,415.43,-5.380129399,-4.194305913,-3.697200354,4.225919523,68.43740441,36.81285894,127.22941
HER42PB,47.1,417.45,-5.639078748,-4.564348191,-3.750401382,4.589250184,98.42060518,52.94098872,182.9700532
HER42PB,47.2,418.46,-5.876010528,-4.514752245,-3.768131051,4.709012847,110.9425885,59.67663291,206.2492024
HER42PB,47.3,419.48,-5.63823088,-4.516694952,-3.875885296,4.517845777,91.63797652,49.29257519,170.3607228
HER42PB,47.4,420.49,-5.475620131,-4.446533905,-3.680136263,4.440180867,84.79027607,45.60915919,157.6304199
HER42PB,47.5,421.5,-6.005264985,-4.565245225,-3.970644224,4.758302621,116.5479319,62.6917782,216.669886
HER42PB,47.6,422.51,-5.411225415,-4.395679725,-3.778863862,4.336900451,76.47014869,41.13371658,142.1627834
HER42PB,47.7,423.53,-5.022012634,-4.422014508,-3.628532613,4.174981567,65.03864077,34.98464515,120.9108961
HER42PB,47.8,424.54,-5.244657581,-4.381237182,-3.780626254,4.22769834,68.55925032,36.87840053,127.4559291
HER42PB,47.9,425.55,-5.311965738,-4.291605646,-3.776139643,4.215936499,67.75759106,36.44718357,125.9655945
HER42PB,48,426.56,-5.38235848,-4.449538446,-3.624740055,4.403581818,81.74313392,43.97008455,151.9655923
HER42PB,48.1,427.58,-5.464624077,-4.712122654,-3.984001051,4.488306048,88.97060624,47.85778195,165.4019149
HER42PB,48.2,428.59,-5.520126695,-4.769409662,-3.919617413,4.578646337,97.38248188,52.38257645,181.0401171
HER42PB,48.3,429.6,-5.585654891,-4.732748491,-3.849202841,4.621900917,101.6871473,54.69807985,189.0427591
HER42PB,48.4,430.61,-6.025129282,-4.62671356,-3.953338887,4.814429886,123.2765107,66.31111797,229.1787342
HER42PB,48.5,431.63,-5.613484105,-4.651116915,-3.921380287,4.566561731,96.21273514,51.7533632,178.8654849
HER42PB,48.6,432.64,-5.527798999,-4.623520423,-3.888947201,4.507095433,90.65811313,48.76550125,168.5390956
HER42PB,48.7,433.65,-5.280195574,-4.512940422,-3.886531983,4.291165709,73.05157578,39.29484728,135.8074428
HER42PB,48.8,434.66,-5.574053368,-4.5638965,-3.873643677,4.50589291,90.54916022,48.70689487,168.3365453
HER42PB,48.9,435.68,-5.236503811,-4.5006759,-3.811715746,4.283365105,72.48394613,38.98951614,134.7521838
HER42PB,49,436.69,-6.219877771,-4.765088175,-3.92328072,5.04432973,155.1402785,83.4508152,288.4154691
HER42PB,49.1,437.7,-5.6252502,-4.666538752,-3.822440894,4.616759764,101.1656998,54.41759031,188.0733555
HER42PB,49.2,438.71,-5.619510024,-4.686412174,-3.879936308,4.605429939,100.0259787,53.80452804,185.9545429
HER42PB,49.3,439.73,-5.73687947,-4.881451483,-3.803289805,4.823044651,124.3430964,66.88484035,231.1615837
HER42PB,49.4,440.74,-5.915956995,-4.576182649,-3.753417975,4.777444629,118.8003827,63.90338397,220.8573328
HER42PB,49.5,441.75,-5.725771636,-4.736721549,-3.855421892,4.712085897,111.2840451,59.8603043,206.8839915
HER42PB,49.6,442.76,-5.488755405,-4.741928075,-4.11169472,4.477682833,88.03045486,47.35206931,163.6541147
HER42PB,49.7,443.78,-6.190315406,-4.583912397,-3.74796837,4.974812511,144.7216888,77.84659811,269.0466601
HER42PB,49.8,444.79,-5.575154555,-4.652432933,-3.946546726,4.53451966,93.17874708,50.12136421,173.2251115
HER42PB,49.9,445.8,-6.157684951,-4.44899208,-3.577248558,4.929186146,138.2669374,74.37455154,257.0468739
HER42PB,50,446.81,-6.061891945,-4.626807419,-3.495917472,4.995046383,147.679795,79.4377798,274.5459643
HER42PB,50.1,447.83,-6.011971583,-4.799286838,-3.888214158,4.930016111,138.3817418,74.43630547,257.2603025
HER42PB,50.2,448.85,-5.323439401,-4.685233338,-3.892556562,4.417389779,82.87966851,44.5814328,154.0784811
HER42PB,50.3,449.87,-5.669818225,-4.484194559,-3.650078436,4.595319628,99.01978003,53.2632882,184.0839567
HER42PB,50.4,450.89,-5.961160588,-4.706677928,-3.909201692,4.832961921,125.5823754,67.55145539,233.4654808
HER42PB,50.5,451.9,-6.008014341,-4.564040868,-3.812179618,4.813188987,123.1236317,66.22888355,228.8945227
HER42PB,50.6,452.92,-6.074289244,-4.750733224,-3.947023256,4.924489544,137.6190752,74.02606291,255.8424577
HER42PB,50.7,453.94,-5.980421655,-4.639797331,-3.7129704,4.872884402,130.6973575,70.30283259,242.974552
HER42PB,50.8,454.96,-5.468426979,-4.38441349,-3.709819717,4.388738806,80.53877988,43.32225584,149.7266229
HER42PB,50.9,455.98,-6.044020032,-4.667513677,-3.785237561,4.908756288,135.4708228,72.87050605,251.8487223
HER42PB,51,457,-5.871352034,-4.429561267,-4.051019192,4.55935901,95.52223145,51.38193744,177.5817954
HER42PB,51.1,458.01,-5.760678837,-4.055930745,-3.38825017,4.488456927,88.98403103,47.86500321,165.4268724
HER42PB,51.2,459.03,-4.844258021,-3.896049686,-3.392580901,3.843729781,46.69932826,25.11982736,86.81696848
HER42PB,51.3,460.05,-5.395436988,-4.241114092,-3.37120264,4.37354178,79.32408323,42.66886378,147.468426
HER42PB,51.4,461.07,-5.880275676,-3.814079361,-3.30525574,4.452164908,85.81251924,46.15902945,159.5308338
HER42PB,51.5,462.09,-5.828048515,-4.326684824,-3.637622061,4.609392641,100.4231382,54.01816236,186.6928873
HER42PB,51.6,463.11,-5.330457175,-4.068486981,-3.280214788,4.262447687,70.98351644,38.1824267,131.9627913
HER42PB,51.7,464.12,-5.746816163,-4.328220857,-3.758526791,4.515777736,91.44866127,49.19074147,170.008774
HER42PB,51.8,465.14,-6.442451698,-4.374651732,-3.788948943,5.021607703,151.654924,81.57602373,281.9359774
HER42PB,51.9,466.16,-5.735269289,-4.534972959,-4.075731454,4.523655384,92.17190661,49.57977915,171.3533322
HER42PB,52,467.18,-5.275338602,-4.525996863,-3.880411094,4.298116347,73.56109953,39.56892293,136.7546793
HER42PB,52.1,468.2,-5.779734573,-4.449434481,-3.927156364,4.552288081,94.84918281,51.01990085,176.3305559
HER42PB,52.2,469.21,-5.764145624,-4.655777161,-3.980589647,4.646616908,104.2317627,56.06684256,193.7733581
HER42PB,52.3,470.23,-5.65938804,-4.716429062,-3.816410355,4.670316664,106.7315351,57.41148396,198.4205911
HER42PB,52.4,471.25,-6.177975548,-4.459547352,-3.972368692,4.815997693,123.469936,66.41516251,229.5383239
HER42PB,52.5,472.27,-5.390721975,-4.239162914,-3.518374393,4.319632909,75.16103229,40.42953562,139.7290542
HER42PB,52.6,473.29,-5.905558802,-4.534439239,-3.384176941,4.870741503,130.4175861,70.15234201,242.4544395
HER42PB,52.7,474.31,-5.611205399,-4.396761294,-3.681720129,4.49510917,89.57794767,48.18447427,166.5310005
HER42PB,52.8,475.32,-5.832462374,-4.535179391,-3.62189618,4.741619974,114.6197324,61.65458899,213.0852427
HER42PB,52.9,476.34,-6.11368218,-4.723771178,-3.931056402,4.941509052,139.9813293,75.29673248,260.2340357
HER42PB,53,477.36,-6.26268776,-4.629798187,-3.643190956,5.089769801,162.3524844,87.33030069,301.8234104
HER42PB,53.1,478.38,-5.985323937,-4.725261666,-3.589762388,4.968818762,143.8568579,77.38140073,267.4388853
HER42PB,53.2,479.4,-5.473530384,-4.667741567,-3.658956237,4.577587554,97.27942949,52.327144,180.8485363
HER42PB,53.3,480.41,-6.269353056,-4.477593587,-3.907540129,4.914523868,136.2544193,73.29200693,253.3054771
HER42PB,53.4,481.43,-5.410675084,-4.611081021,-3.700670738,4.491134658,89.22262565,47.99334458,165.8704347
HER42PB,53.5,482.45,-5.881164604,-4.625006046,-3.653970357,4.816718213,123.5589305,66.46303319,229.7037704
HER42PB,53.6,483.47,-6.185577866,-4.407350403,-3.630603654,4.906225679,135.1284327,72.68633247,251.2121976
HER42PB,53.7,484.49,-5.004472553,-4.311325372,-3.498218876,4.143457719,63.02035181,33.89899634,117.1587708
HER42PB,53.8,485.51,-5.007755334,-4.632143189,-3.531288747,4.324840933,75.55349381,40.64064285,140.4586647
HER42PB,53.9,486.52,-5.183921445,-4.36508605,-3.69182024,4.212558573,67.52909706,36.32427539,125.5408099
HER42PB,54,487.54,-5.320796148,-4.337470015,-3.644322835,4.293171042,73.19821548,39.37372558,136.0800552
HER42PB,54.1,488.56,-5.220685369,-4.377752421,-3.776639951,4.212859814,67.54944269,36.33521941,125.5786337
HER42PB,54.2,489.58,-5.696495261,-4.348036434,-3.612115438,4.544449391,94.10859586,50.62153502,174.9537585
HER42PB,54.3,490.6,-5.365575401,-4.278939303,-3.630134362,4.290150442,72.97744658,39.25497277,135.669632
HER42PB,54.4,491.62,-4.953657859,-4.144866681,-3.44638046,4.033635336,56.46581078,30.37327241,104.9734696
HER42PB,54.5,492.63,-4.840376285,-4.252118921,-3.538016375,4.004030773,54.81866691,29.4872646,101.9113262
HER42PB,54.6,493.65,-5.341542227,-4.395483174,-3.590155213,4.35848682,78.13880683,42.03129704,145.2649231
HER42PB,54.7,494.67,-5.121525945,-4.359764752,-3.69759648,4.171283325,64.7985564,34.85550244,120.4645642
HER42PB,54.8,495.69,-5.475914667,-4.249250451,-3.464295721,4.396219934,81.14356017,43.64757051,150.8509473
HER42PB,54.9,496.71,-5.04017679,-4.168726812,-3.635338851,4.032348034,56.393169,30.334198,104.838424
HER42PB,55,497.72,-4.882766686,-4.279595102,-3.278925803,4.131329475,62.26064193,33.49034418,115.7464227
HER42PB,55.1,498.74,-5.528837155,-4.387299822,-3.688566035,4.435211537,84.36997034,45.38307441,156.8490453
HER42PB,55.2,499.76,-5.318912644,-4.191312818,-3.339941633,4.308304898,74.31441163,39.97413368,138.1551335
HER42PB,55.3,500.78,-5.511085854,-4.299995582,-3.239328225,4.52447857,92.24781253,49.62060937,171.4944461
HER42PB,55.4,501.8,-4.992791369,-4.429481451,-3.549842463,4.189652379,65.99984403,35.50168171,122.697833
HER42PB,55.5,502.82,-5.209944359,-4.171150566,-3.59535843,4.145160131,63.12772978,33.95675554,117.3583931
HER42PB,55.6,503.83,-5.208715224,-4.313150622,-3.444028334,4.280156451,72.25174295,38.86461277,134.3205036
HER42PB,55.7,504.85,-5.032186454,-4.235319448,-3.269066356,4.191558292,66.12575397,35.56940936,122.9319074
HER42PB,55.8,505.87,-5.150891989,-4.246871349,-3.397459323,4.222843525,68.22721449,36.69979662,126.8386538
HER42PB,55.9,506.89,-5.493243516,-4.328987123,-3.363117273,4.488661335,89.00222191,47.87478819,165.4606904
HER42PB,56,507.91,-4.990843656,-4.166571823,-3.313439039,4.112367583,61.09118493,32.86128679,113.5723291
HER42PB,56.1,508.93,-5.312114871,-4.228887502,-3.245155489,4.35869921,78.1554045,42.04022502,145.2957792
HER42PB,56.2,509.94,-5.862114875,-4.570131193,-3.216413003,4.919615608,136.9499605,73.66614241,254.5985317
HER42PB,56.3,510.96,-5.835772596,-4.625490622,-3.206710806,4.938234445,139.5236953,75.05056857,259.3832653
HER42PB,56.4,511.98,-5.504689481,-4.501095018,-3.295836866,4.620908233,101.5862542,54.64380887,188.8551925
HER42PB,56.5,513,-5.275034221,-4.421675736,-3.326089168,4.423783288,83.41125801,44.86737774,155.0667392
HER42PB,56.6,514.02,-5.22404934,-4.154951112,-3.314258296,4.23908034,69.34404953,37.30054837,128.9149199
HER42PB,56.7,515.03,-5.143160973,-4.202177628,-3.346206687,4.209166849,67.30044499,36.20128217,125.1157314
HER42PB,56.8,516.05,-5.335746751,-4.551945203,-3.436803612,4.499999821,90.01711521,48.42070492,167.3474404
HER42PB,56.9,517.07,-5.200232902,-4.585557337,-3.45679201,4.432825548,84.1689045,45.27491998,156.4752514
HER42PB,57,518.09,-5.143317933,-4.483864598,-3.526677108,4.315571435,74.85638675,40.2656651,139.1626991
HER42PB,57.1,519.11,-5.400265089,-4.212705314,-3.133186684,4.440260775,84.79705174,45.61280386,157.6430163
HER42PB,57.2,520.13,-6.143833782,-4.709530201,-3.290572033,5.171421967,176.1651604,94.76021566,327.502038
HER42PB,57.3,521.14,-5.203307142,-4.343105877,-3.639754526,4.228462676,68.6116727,36.90659882,127.5533856
HER42PB,57.4,522.16,-5.516199099,-4.441879503,-3.624292681,4.481551647,88.37168797,47.53562049,164.2884884
HER42PB,57.5,523.18,-5.420402908,-4.378071455,-3.532655063,4.415487084,82.72212371,44.49668858,153.7855955
HER42PB,57.6,524.2,-5.376614239,-4.46597324,-3.609811502,4.414927541,82.67585009,44.47179775,153.69957
HER42PB,57.7,525.22,-5.319665056,-4.482969704,-3.383388893,4.467437786,87.13318292,46.86942177,161.9860301
HER42PB,57.8,526.23,-5.636136405,-4.433107442,-3.468701264,4.604813185,99.96430631,53.77135411,185.83989
HER42PB,57.9,527.25,-5.365976015,-4.296562881,-3.512604966,4.34070459,76.76160578,41.29049297,142.7046203
HER42PB,58,528.27,-5.16217315,-4.306651559,-3.645966654,4.180703015,65.41182257,35.18538171,121.6046643
HER42PB,58.1,529.29,-4.996129294,-4.255579875,-3.466491401,4.11638013,61.33680862,32.99340913,114.0289588
HER42PB,58.2,530.31,-5.294031881,-4.568519416,-3.555182895,4.444751875,85.17874022,45.81811621,158.3525991
HER42PB,58.3,531.33,-5.660245157,-4.527308126,-3.532013451,4.654812517,105.0895156,56.52823259,195.3679743
HER42PB,58.4,532.34,-5.592589519,-4.445465579,-3.509863902,4.570495115,96.59192209,51.95732996,179.5704171
HER42PB,58.5,533.36,-5.84115832,-4.300713279,-3.629227595,4.605521642,100.0351518,53.80946231,185.9715963
HER42PB,58.6,534.38,-5.815990461,-4.493518031,-3.496347385,4.748461136,115.4065528,62.07782403,214.5479909
HER42PB,58.7,535.4,-5.760005266,-4.566082797,-3.594386028,4.721466483,112.3328662,60.424471,208.8338156
HER42PB,58.8,536.42,-5.337635528,-4.326034616,-3.641524134,4.297434138,73.51093262,39.54193787,136.6614159
HER42PB,58.9,537.44,-5.426417369,-4.627909673,-3.859345853,4.456989455,86.22752609,46.38226394,160.3023575
HER42PB,59,538.45,-5.203226098,-4.469493637,-3.770680719,4.259186223,70.75238333,38.05809892,131.5331004
HER42PB,59.1,539.47,-5.195125634,-4.33073334,-3.852891263,4.14408381,63.05982067,33.92022686,117.2321459
HER42PB,59.2,540.49,-5.425306264,-4.324245994,-3.753169757,4.311748529,74.57076413,40.11202711,138.6317088
HER42PB,59.3,541.51,-5.49824783,-4.520329788,-3.893471931,4.425785118,83.57840036,44.95728453,155.3774673
HER42PB,59.4,542.53,-5.176660311,-4.532727113,-3.945930058,4.221876317,68.16125652,36.66431746,126.7160338
HER42PB,59.5,543.54,-5.722617581,-4.326170848,-3.733904892,4.507121627,90.66048787,48.76677863,168.5435104
HER42PB,59.6,544.56,-5.574168863,-4.544549446,-3.738461854,4.540279169,93.71695934,50.41087157,174.2256818
HER42PB,59.7,545.58,-5.335989199,-4.398017401,-3.748712858,4.302913057,73.91479837,39.75917949,137.4122275
HER42PB,59.8,546.6,-5.656906365,-4.174877106,-3.471170165,4.46374863,86.81232724,46.69683172,161.3895394
HER42PB,59.9,547.62,-5.330395986,-4.367824501,-3.487343222,4.370184005,79.05817743,42.52583158,146.9740905
HER42PB,60,548.64,-5.187481027,-4.220237968,-3.567867787,4.170524649,64.74941391,34.82906842,120.3732053
HER42PB,60.1,549.64,-5.590053709,-4.27947117,-3.748182199,4.389423617,80.59395261,43.35193356,149.8291925
HER42PB,60.2,550.65,-5.419572628,-4.427932459,-3.475735018,4.463915995,86.82685777,46.70464777,161.4165525
HER42PB,60.3,551.66,-4.455265701,-4.576802367,-3.689861228,3.944183032,51.63413741,27.77428854,95.99108696
HER42PB,60.4,552.67,-5.699918811,-4.376856635,-3.843314495,4.485442181,88.71617073,47.72091968,164.9289034
HER42PB,60.5,553.67,-5.542796896,-4.738652939,-3.783440851,4.620700056,101.5651085,54.63243446,188.8158812
HER42PB,60.6,554.68,-5.423041432,-4.815549696,-3.442554763,4.707745563,110.8020818,59.60105359,205.9879917
HER42PB,60.7,555.69,-5.931765701,-4.684179621,-3.793827953,4.838673802,126.3017395,67.93840534,234.8028237
HER42PB,60.8,556.7,-5.083199124,-4.714343762,-3.87922632,4.298561437,73.59384816,39.58653859,136.815561
HER42PB,60.9,557.71,-5.668050163,-4.491403871,-3.813111792,4.543212325,93.99224938,50.55895161,174.7374631
HER42PB,61,558.71,-5.853455058,-4.507871882,-4.244017145,4.528528462,92.62216373,49.82197495,172.1903883
HER42PB,61.1,559.72,-5.853314209,-4.407027937,-3.648946744,4.670160123,106.7148285,57.40249742,198.3895326
HER42PB,61.2,560.73,-5.637188746,-4.484043578,-3.786715207,4.52798806,92.57212401,49.7950583,172.0973614
HER42PB,61.3,561.74,-5.477752556,-4.376637137,-3.613497585,4.42252823,83.30663769,44.81110189,154.8722435
HER42PB,61.4,562.75,-5.540725766,-4.480474345,-3.937760368,4.413596305,82.56586222,44.41263466,153.4950956
HER42PB,61.5,563.75,-5.743288753,-4.76369789,-3.915869103,4.719062075,112.0630966,60.27936044,208.332297
HER42PB,61.6,564.76,-6.537708657,-4.890688033,-3.856978631,5.377802914,216.5459823,116.4812834,402.5725084
HER42PB,61.7,565.77,-5.822151758,-4.897562223,-4.093080671,4.790530065,120.3651531,64.74508262,223.7663387
HER42PB,61.8,566.78,-5.147832798,-4.540255033,-3.94227395,4.210855497,67.41418775,36.26246503,125.3271863
HER42PB,61.9,567.78,-5.598670916,-4.432373801,-4.048073504,4.384155002,80.17045071,43.12412954,149.041876
HER42PB,62,568.79,-5.582879824,-4.517603956,-3.840115458,4.495309368,89.59588279,48.19412167,166.564343
HER42PB,62.1,569.8,-5.694698127,-4.800880251,-3.880054364,4.721718098,112.3611343,60.43967658,208.8863677
HER42PB,62.2,570.81,-6.205346593,-4.819052232,-3.859941503,5.087437662,161.9742969,87.12687158,301.1203363
HER42PB,62.3,571.82,-6.053875807,-4.894900369,-3.772854892,5.054999737,156.804489,84.34600326,291.5093404
HER42PB,62.4,572.82,-5.246072446,-4.621487937,-3.909170841,4.327810167,75.77816325,40.76149378,140.8763392
HER42PB,62.5,573.83,-5.419412595,-4.505942739,-3.751174425,4.416846881,82.8346855,44.55723619,153.9948549
HER42PB,62.6,574.84,-5.504931111,-4.585614658,-3.855398741,4.48166178,88.3814212,47.54085605,164.3065831
HER42PB,62.7,575.85,-5.97230629,-4.556336161,-3.668517103,4.832768807,125.558126,67.53841153,233.4203997
HER42PB,62.8,576.85,-6.050651926,-4.770439841,-3.789159427,4.973231824,144.4931098,77.7236442,268.6217175
HER42PB,62.9,577.86,-6.018254372,-4.58860957,-3.900018206,4.805093331,122.130889,65.69488175,227.048952
HER42PB,63,578.87,-5.351920491,-4.642459735,-3.766451769,4.451833188,85.78405825,46.14372013,159.4779231
HER42PB,63.1,579.88,-5.477711758,-4.564410565,-3.866782421,4.448301126,85.48159814,45.98102516,158.9156308
HER42PB,63.2,580.89,-6.185100064,-4.672511978,-3.913767515,4.967567423,143.6769567,77.28463089,267.1044377
HER42PB,63.3,581.89,-5.812045025,-4.785406236,-3.861680526,4.795570828,120.9734171,65.07227118,224.8971394
HER42PB,63.4,582.9,-5.957008655,-4.635252815,-3.703213726,4.857475442,128.6988838,69.22784252,239.2592646
HER42PB,63.5,583.91,-5.612732651,-4.726901127,-3.675190752,4.694581242,109.3530066,58.82158799,203.2940703
HER42PB,63.6,584.92,-6.289441802,-5.002152965,-4.000058221,5.20968458,183.0363159,98.45624822,340.2759452
HER42PB,63.7,585.93,-5.690021559,-4.576371393,-3.705890198,4.644238819,103.9841848,55.93366904,193.3130953
HER42PB,63.8,586.93,-5.823625243,-4.861001955,-4.247733453,4.717355723,111.8720406,60.17659035,207.9771119
HER42PB,63.9,587.94,-6.41787234,-4.976518202,-4.087378459,5.259843177,192.4513081,103.5206247,357.7790039
HER42PB,64,588.95,-6.022681063,-4.827608508,-3.701286638,5.017606851,151.0493872,81.25030208,280.8102465
HER42PB,64.1,589.96,-6.080665193,-4.71117795,-3.918108744,4.915229847,136.350646,73.34376777,253.4843685
HER42PB,64.2,590.96,-6.131133317,-4.709747637,-3.890423628,4.959257455,142.4879528,76.64505914,264.8940053
HER42PB,64.3,591.97,-5.37151169,-4.430037388,-3.759392811,4.339772309,76.6900757,41.25201654,142.5716414
HER42PB,64.4,592.98,-5.89226479,-4.402015395,-4.078282184,4.547794473,94.42392396,50.79115176,175.5399732
HER42PB,64.5,593.99,-5.966811286,-4.500474217,-4.07340188,4.658571512,105.48529,56.7411218,196.1037435
HER42PB,64.6,595,-5.751692163,-4.303027471,-3.740094931,4.510235289,90.94321392,48.91885854,169.0691158
HER42PB,64.7,596,-5.2021629,-4.376568729,-3.950226036,4.142462399,62.95765764,33.8652728,117.0422184
HER42PB,64.8,597.01,-5.553820541,-4.337108711,-3.618960228,4.444626941,85.16809915,45.81239232,158.3328166
HER42PB,64.9,598.02,-5.211184031,-4.287602866,-3.759970124,4.159333883,64.02885766,34.44147722,119.0336462
HER42PB,65,599.03,-5.315228361,-4.446632503,-3.71958377,4.329230514,75.88587102,40.81943039,141.0765747
HER42PB,65.1,600.03,-5.262381319,-4.427458676,-3.754631498,4.274472144,71.84220697,38.6443211,133.5591506
HER42PB,65.2,601.04,-4.638766135,-4.404095079,-3.442431121,4.019370651,55.66606141,29.94308279,103.4866855
HER42PB,65.3,602.05,-4.781240048,-4.156627968,-3.578550117,3.901553456,49.47925326,26.61516442,91.9850227
HER42PB,65.4,603.06,-4.947368995,-4.3190954,-3.512045207,4.111472071,61.03650153,32.83187228,113.4706692
HER42PB,65.5,604.07,-5.397030839,-4.365738715,-3.510908609,4.401259189,81.55349532,43.86807689,151.6130423
HER42PB,65.6,605.07,-5.158431923,-4.266532644,-3.244881396,4.290616136,73.01143962,39.27325782,135.7328272
HER42PB,65.7,606.08,-5.192211316,-4.305625738,-3.599994001,4.213165984,67.57012749,36.34634588,125.617088
HER42PB,65.8,607.09,-5.410806548,-4.5808439,-3.580935521,4.51381828,91.26964709,49.09444876,169.6759754
HER42PB,65.9,608.1,-5.427265906,-4.812283498,-3.865566079,4.565022219,96.06472841,51.67374956,178.5903311
HER42PB,66,609.1,-5.583257046,-4.738559967,-3.492515949,4.744728991,114.9766416,61.84657242,213.7487591
HER42PB,66.1,610.11,-5.285505379,-4.374491704,-3.390690681,4.380061231,79.84292212,42.9479501,148.4329799
HER42PB,66.2,611.12,-5.287804786,-4.534417525,-3.715654815,4.366377632,78.75782454,42.3642701,146.4157157
HER42PB,66.3,612.13,-5.508134418,-4.572975202,-3.731032107,4.518292158,91.67889114,49.3145834,170.4367857
HER42PB,66.4,613.14,-5.138867088,-4.539907123,-3.651152549,4.30413151,74.00491502,39.80765374,137.57976
HER42PB,66.5,614.14,-5.183434533,-4.49915004,-3.720723941,4.28218746,72.39863605,38.94362738,134.5935871
HER42PB,66.6,615.15,-5.873243916,-4.97356092,-3.613934806,5.032205981,153.2707524,82.44518675,284.9399033
HER42PB,66.7,616.16,-5.745008428,-4.69468138,-3.853967489,4.700131328,109.9616126,59.14896052,204.4255069
HER42PB,66.8,617.17,-5.766805673,-4.788557067,-3.752590174,4.804582555,122.0685235,65.66133497,226.9330105
HER42PB,66.9,618.18,-5.536175653,-4.624939691,-3.743016603,4.562641244,95.83627285,51.55086205,178.165618
HER42PB,67,619.18,-5.43270595,-4.619195087,-3.593018014,4.545927616,94.24781249,50.69642042,175.2125709
HER42PB,67.1,620.19,-5.97257006,-4.731149368,-3.621194803,4.952924757,141.5884708,76.16122279,263.2218121
HER42PB,67.2,621.2,-5.427904924,-4.326751338,-3.54037274,4.386951982,80.39499971,43.24491569,149.4593266
HER42PB,67.3,622.21,-5.493061443,-4.629288746,-3.480745746,4.627228224,102.2303115,54.99025085,190.0525352
HER42PB,67.4,623.21,-5.377059853,-4.790775818,-3.979010529,4.483181772,88.51586242,47.61317273,164.5565177
HER42PB,67.5,624.22,-5.846978552,-4.856579848,-4.04791978,4.79799365,121.2668695,65.23012085,225.4426857
HER42PB,67.6,625.23,-5.618732166,-4.895081531,-3.835861644,4.743938587,114.8857994,61.79770792,213.5798779
HER42PB,67.7,626.24,-6.362549062,-5.374799366,-3.757119648,5.567352698,261.7402758,140.7915442,486.5915232
HER42PB,67.8,627.25,-6.007184495,-4.813655649,-4.001850925,4.896743504,133.8531769,72.00036533,248.8414174
HER42PB,67.9,628.25,-6.388244247,-4.873739227,-4.170272038,5.148505134,172.173921,92.61330585,320.0820746
HER42PB,68,629.26,-6.016895013,-5.12188168,-4.192770259,5.021995403,151.713732,81.60765685,282.0453051
HER42PB,68.1,630.27,-5.676269063,-4.897290447,-4.163840887,4.670958025,106.8000105,57.44831726,198.5478912
HER42PB,68.2,631.28,-6.794981734,-4.715540192,-3.948022469,5.445610581,231.7387317,124.6535475,430.8167786
HER42PB,68.3,632.28,-6.243903578,-5.043326363,-3.712091779,5.298671625,200.0708642,107.6192261,371.9442346
HER42PB,68.4,633.29,-6.067878885,-5.102797989,-4.016608221,5.105752138,164.9681027,88.73725625,306.6860081
HER42PB,68.5,634.3,-5.973212569,-5.094662165,-3.782870331,5.114698712,166.4506239,89.53471262,309.4421076
HER42PB,68.6,635.31,-5.71366745,-4.662361279,-3.999067062,4.61131933,100.6168089,54.12233888,187.0529332
HER42PB,68.7,636.32,-5.971899392,-4.765298465,-3.625549271,4.971293533,144.2133114,77.57313909,268.1015548
HER42PB,68.8,637.32,-5.408437529,-4.469504321,-3.75130056,4.388433339,80.51418169,43.30902434,149.6808934
HER42PB,68.9,638.33,-5.225981861,-4.502063022,-3.572527063,4.359061765,78.18374525,42.05546967,145.3484664
HER42PB,69,639.34,-4.848064989,-4.265629833,-3.573702909,4.004153013,54.82536837,29.49086935,101.9237847
HER42PB,69.1,640.35,-4.990228484,-4.682743785,-3.580461767,4.328417039,75.8241648,40.78623827,140.961859
HER42PB,69.2,641.36,-5.736673099,-4.713772632,-3.774526431,4.732963627,113.6318262,61.12318877,211.2486633
HER42PB,69.3,642.36,-5.393426991,-4.332272265,-3.597997793,4.349651151,77.45143938,41.66155828,143.9870641
HER42PB,69.4,643.37,-5.506741547,-4.500413717,-3.528308206,4.542990595,93.97141079,50.54774242,174.6987229
HER42PB,69.5,644.38,-5.350909817,-4.61237963,-3.856401871,4.402852829,81.68356583,43.93804254,151.8548515
HER42PB,69.6,645.39,-5.591363467,-4.797914416,-3.838580093,4.667860278,106.469683,57.27063225,197.9337916
HER42PB,69.7,646.39,-5.495732769,-4.439680095,-3.645966481,4.460156646,86.50105812,46.52939833,160.8108706
HER42PB,69.8,647.4,-5.439251844,-4.551948649,-3.576033411,4.515719783,91.44336171,49.18789081,169.9989217
HER42PB,69.9,648.41,-5.755432589,-4.686234186,-3.448509095,4.839348457,126.3869784,67.98425578,234.961288
HER42PB,70,649.42,-5.872083436,-4.691554025,-3.537101989,4.889798334,132.9267645,71.50204296,247.1191589
HER42PB,70.1,650.43,-6.372500341,-4.966403353,-3.695596869,5.352769847,211.1924593,113.6015938,392.6199747
HER42PB,70.2,651.44,-5.979091012,-4.798359172,-3.459869983,5.052028321,156.3392492,84.09574819,290.6444306
HER42PB,70.3,652.45,-5.544217554,-4.645626399,-3.551787389,4.644794354,104.0419677,55.96475079,193.4205174
HER42PB,70.4,653.46,-5.23076131,-4.563931438,-3.49120692,4.42621975,83.6147341,44.97682865,155.445014
HER42PB,70.5,654.47,-5.226636401,-4.3358333,-3.544415898,4.270140907,71.53171421,38.47730532,132.9819252
HER42PB,70.6,655.48,-4.975979147,-4.148975106,-3.432191485,4.053335815,57.58924406,30.9775734,107.0620022
HER42PB,70.7,656.49,-4.793128003,-4.381882532,-3.508577517,4.065590829,58.29934329,31.3595397,108.382121
HER42PB,70.8,657.5,-5.505258289,-4.109995258,-3.33235102,4.376354906,79.54754603,42.78906566,147.8838573
HER42PB,70.9,658.51,-5.17186798,-4.450984045,-3.215300537,4.418113892,82.93970451,44.6137265,154.1900918
HER42PB,71,659.52,-5.079648253,-4.397864831,-3.479290993,4.243915743,69.68016797,37.48134834,129.5397851
HER42PB,71.1,660.53,-5.455107417,-4.474278164,-3.417139124,4.533146949,93.05092732,50.05260926,172.9874866
HER42PB,71.2,661.54,-6.018738463,-4.553550159,-3.357540008,4.968441607,143.8026117,77.35222141,267.3380382
HER42PB,71.3,662.55,-5.270432163,-4.268983623,-3.164436599,4.385054309,80.24258096,43.1629288,149.1759706
HER42PB,71.4,663.56,-4.963518855,-4.552990445,-3.545991475,4.248021052,69.96681458,37.63553714,130.072679
HER42PB,71.5,664.57,-5.019304349,-4.229853939,-3.290506017,4.173768311,64.95978012,34.94222557,120.7642892
HER42PB,71.6,665.58,-5.077739964,-4.126511181,-3.318924651,4.135842754,62.54227664,33.64183705,116.2699992
HER42PB,71.7,666.6,-5.112770274,-4.325340663,-3.743570347,4.130197851,62.19022609,33.45246711,115.6155152
HER42PB,71.8,667.61,-5.600484727,-4.763352138,-3.850900183,4.64891874,104.4719631,56.19604767,194.2199056
HER42PB,71.9,668.62,-6.49815664,-4.812529589,-3.677273908,5.361991607,213.1490332,114.6540457,396.2573677
HER42PB,72,669.63,-6.183863362,-4.856992422,-3.978128095,5.054554809,156.7347379,84.30848376,291.3796688
HER42PB,72.1,670.64,-5.603514077,-4.807712743,-3.819290439,4.68793016,108.6281042,58.43165897,201.9464315
HER42PB,72.2,671.65,-5.429144725,-4.676720934,-3.485417983,4.614414801,100.9287478,54.29013255,187.6328471
HER42PB,72.3,672.66,-5.377690954,-4.511931031,-3.463329163,4.492551483,89.3491281,48.06139095,166.1056106
HER42PB,72.4,673.67,-5.551600416,-4.551722968,-3.479665612,4.618042647,101.2955668,54.48744651,188.3147865
HER42PB,72.5,674.68,-5.406395989,-4.359208912,-3.536330426,4.394468904,81.0015997,43.57120919,150.5870339
HER42PB,72.6,675.69,-5.40499418,-4.222900785,-3.480636589,4.331446542,76.05422266,40.90998767,141.3895509
HER42PB,72.7,676.7,-5.403564737,-4.342131452,-3.643946477,4.346114908,77.17803598,41.51449308,143.4787901
HER42PB,72.8,677.71,-5.753574643,-4.407554181,-3.60181244,4.62048201,101.5429651,54.6205234,188.7747153
HER42PB,72.9,678.72,-5.88440324,-4.46342332,-3.482239017,4.781028334,119.226892,64.13280569,221.6502402
HER42PB,73,679.73,-5.613621179,-4.434273422,-3.712455335,4.508532323,90.78847256,48.83562231,168.7814419
HER42PB,73.1,680.74,-5.473379303,-4.410048828,-3.60096193,4.443936234,85.1092933,45.78076033,158.2234929
HER42PB,73.2,681.75,-5.661678645,-4.51875531,-3.372779005,4.704616684,110.4559373,59.41486056,205.3444875
HER42PB,73.3,682.76,-5.535758223,-4.383078713,-3.658840945,4.447108291,85.37969348,45.92621008,158.7261837
HER42PB,73.4,683.77,-5.239581683,-4.476603408,-3.539992673,4.36296056,78.48916269,42.2197554,145.9162565
HER42PB,73.5,684.78,-5.414174835,-4.497884103,-3.488728512,4.497802423,89.8195289,48.31442215,166.9801151
HER42PB,73.6,685.79,-5.291119107,-4.30684751,-3.258443917,4.388007958,80.47993978,43.29060543,149.6172355
HER42PB,73.7,686.8,-5.547812402,-4.243756139,-3.254923286,4.508729369,90.8063638,48.84524611,168.8147028
HER42PB,73.8,687.81,-5.399136818,-4.464552893,-3.229643654,4.556620051,95.26095789,51.24139695,177.0960715
HER42PB,73.9,688.83,-5.730376064,-4.341425659,-3.321898682,4.660881755,105.7292684,56.87235913,196.5573146
HER42PB,74,689.84,-5.702182556,-4.550577737,-3.494805607,4.708313855,110.8650677,59.63493404,206.1050864
HER42PB,74.1,690.85,-5.628420155,-4.505416413,-3.507046124,4.629880366,102.5018006,55.13628637,190.5572505
HER42PB,74.2,691.86,-5.692774395,-4.708275413,-3.758131971,4.706737206,110.6904101,59.54098475,205.780387
HER42PB,74.3,692.87,-5.31960638,-4.518687799,-3.630656405,4.404834319,81.84558147,44.02519165,152.1560487
HER42PB,74.4,693.88,-4.593097605,-4.870991671,-3.498866484,4.254114868,70.39448121,37.86558139,130.867738
HER42PB,74.5,694.89,-5.785210528,-4.396172681,-3.388314756,4.706853195,110.7032497,59.54789126,205.8042567
HER42PB,74.6,695.9,-5.715874025,-4.7146359,-3.411229199,4.843065124,126.8575906,68.23740072,235.8361856
HER42PB,74.7,696.91,-5.99294993,-4.576703246,-3.844966069,4.79923509,121.4175085,65.31115043,225.7227331
HER42PB,74.8,697.92,-5.71250719,-4.531475955,-3.434975599,4.723930834,112.6100351,60.5735617,209.3490899
HER42PB,74.9,698.93,-5.400235875,-4.51293268,-3.553618045,4.476251709,87.90456247,47.2843511,163.4200729
HER42PB,75,699.94,-4.900277891,-4.526460994,-3.525734547,4.204078211,66.9588473,36.01753488,124.4806799
HER42PB,75.1,700.95,-4.253833765,-4.22033781,-3.372703872,3.74049528,42.1188456,22.65596037,78.30156507
HER42PB,75.2,701.96,-5.035034648,-4.273258961,-3.725373513,4.061073114,58.0365575,31.21818577,107.8935859
HER42PB,75.3,702.97,-5.284049395,-3.994696979,-3.270113025,4.194250912,66.30404542,35.66531332,123.2633623
HER42PB,75.4,703.98,-5.089750788,-4.114963849,-3.357988627,4.122599943,61.719501,33.19926148,114.7404079
HER42PB,75.5,704.99,-4.717437125,-4.139259319,-3.217923862,3.979392835,53.4845504,28.76963594,99.4311203
HER42PB,75.6,706,-4.969460728,-4.193541261,-3.40253829,4.086241964,59.51580837,32.01388301,110.6436056
HER42PB,75.7,707.01,-5.316087117,-4.283919927,-3.294539553,4.377060176,79.6036683,42.81925414,147.9881921
HER42PB,75.8,708.02,-5.67934488,-4.577371244,-3.410661339,4.738000522,114.2056216,61.43183649,212.3153848
HER42PB,75.9,709.03,-5.559455556,-4.395199163,-3.563010934,4.501672144,90.16777887,48.50174774,167.6275336
HER42PB,76,710.04,-5.050454588,-4.149668043,-3.819914757,3.964285924,52.68263653,28.33828202,97.94031231
HER42PB,76.1,711.06,-4.900144446,-4.173740044,-3.340221598,4.057166088,57.81024954,31.09645347,107.4728652
HER42PB,76.2,712.07,-4.888441624,-4.039827974,-3.513734878,3.912305843,50.01414388,26.90288504,92.97941777
HER42PB,76.3,713.08,-4.953195893,-4.093185997,-3.519533843,3.977857664,53.4025055,28.72550353,99.27859369
HER42PB,76.4,714.09,-4.757465545,-4.095800503,-3.337648492,3.934292447,51.12596284,27.50093862,95.04635868
HER42PB,76.5,715.1,-4.945854319,-4.201035128,-3.614048143,4.005865444,54.91933344,29.54141368,102.0984716
HER42PB,76.6,716.11,-4.85711561,-4.072078518,-3.391862552,3.955639109,52.22906333,28.09430249,97.0970914
HER42PB,76.7,717.12,-4.980898356,-4.185472327,-3.376601843,4.096627304,60.13712096,32.34809049,111.7986645
HER42PB,76.8,718.13,-5.279495508,-4.238041633,-3.519484737,4.251706914,70.22517841,37.77451248,130.5529935
HER42PB,76.9,719.14,-5.3563634,-4.278972067,-3.50475157,4.327096651,75.72411361,40.73242018,140.7758576
HER42PB,77,720.15,-5.13540139,-4.067944269,-3.331446647,4.129875907,62.1702076,33.44169906,115.5782996
HER42PB,77.1,721.16,-4.948617323,-4.502129236,-3.246155992,4.311106447,74.52289901,40.0862802,138.5427246
HER42PB,77.2,722.17,-5.457001082,-4.776225193,-3.617232394,4.646022937,104.1698705,56.03355041,193.6582967
HER42PB,77.3,723.18,-5.111476522,-4.342491265,-3.40838269,4.25325445,70.33393855,37.83301516,130.7551854
HER42PB,77.4,724.19,-4.822598808,-4.147885329,-3.302915759,4.012089364,55.26221288,29.72585043,102.7359059
HER42PB,77.5,725.2,-4.83613215,-4.281921781,-3.225751286,4.125277483,61.88497891,33.28827297,115.0480417
HER42PB,77.6,726.21,-5.247357597,-4.151095486,-3.294429875,4.257243392,70.6150569,37.98423028,131.277802
HER42PB,77.7,727.22,-4.912618841,-4.084409577,-3.407452713,3.988142576,53.95457971,29.02246731,100.3049341
HER42PB,77.8,728.23,-4.565691375,-3.922141136,-3.262505947,3.755942574,42.77451898,23.00865071,79.52050284
HER42PB,77.9,729.24,-4.740500806,-4.024315958,-3.454401418,3.843165092,46.67296512,25.10564648,86.76795774
HER42PB,78,730.25,-4.869828029,-3.877866936,-3.383035702,3.850105769,46.99803391,25.28050278,87.37228093
HER42PB,78.1,731.26,-4.636862633,-3.682890834,-2.941614064,3.759317633,42.91912937,23.08643744,79.78934259
HER42PB,78.2,732.28,-4.574824677,-3.924876702,-3.076482651,3.825317857,45.84737097,24.66155481,85.23312664
HER42PB,78.3,733.29,-4.901527024,-4.126799856,-3.257687684,4.057991187,57.85796842,31.12212172,107.5615776
HER42PB,78.4,734.3,-4.818593925,-4.134579228,-3.372745033,3.978342281,53.42839152,28.73942776,99.32671742
HER42PB,78.5,735.31,-5.425435228,-4.2454773,-3.312657266,4.414294983,82.62356934,44.44367564,153.6023768
HER42PB,78.6,736.32,-5.114440461,-4.186749985,-3.165804276,4.244576192,69.72620339,37.50611105,129.6253678
HER42PB,78.7,737.33,-4.591047946,-3.959124226,-3.334460881,3.766617167,43.23356527,23.25557425,80.37389856
HER42PB,78.8,738.34,-3.951905287,-3.849992002,-3.238717356,3.424367873,30.70323037,16.5154377,57.07922325
HER42PB,78.9,739.35,-4.977994032,-3.956571382,-3.18148396,4.025037673,55.98241774,30.11325262,104.0748117
HER42PB,79,740.36,-4.65108761,-3.853182505,-2.950363669,3.865033112,47.704852,25.66070415,88.68629991
HER42PB,79.1,741.37,-4.786464359,-3.812173019,-3.018686854,3.889313996,48.87734495,26.2913946,90.86603755
HER42PB,79.2,742.38,-4.870630739,-3.880680902,-3.21915691,3.90776039,49.78732282,26.78087674,92.55774325
HER42PB,79.3,743.39,-4.580299978,-3.600959929,-3.190045216,3.597063659,36.49092718,19.62867187,67.83891316
HER42PB,79.4,744.4,-4.441663521,-3.522579491,-3.011753867,3.54038185,34.48008288,18.54702758,64.10062799
HER42PB,79.5,745.41,-4.366840707,-3.745855973,-3.057823893,3.620283155,37.34814163,20.08977227,69.43252837
HER42PB,79.6,746.42,-4.718962039,-3.887284191,-3.365025204,3.780531517,43.83933689,23.58142216,81.50006585
HER42PB,79.7,747.43,-4.669778459,-3.760656217,-3.069309217,3.779505939,43.79439926,23.55724996,81.416524
HER42PB,79.8,748.44,-4.92337109,-3.945889681,-3.193183661,3.984345005,53.75007191,28.91246143,99.92474137
HER42PB,79.9,749.45,-5.112702894,-4.206462498,-3.13515566,4.265685177,71.21369723,38.30624223,132.3907118
HER42PB,80,750.46,-4.514948732,-3.895648801,-3.368892355,3.678174336,39.5740791,21.28711637,73.57068518
HER42PB,80.1,751.47,-4.73233607,-3.70817676,-3.113081033,3.76653629,43.2300688,23.25369348,80.36739841
HER42PB,80.2,752.47,-4.73293383,-3.840785404,-3.050109044,3.86704065,47.8007175,25.71227073,88.86451986
HER42PB,80.3,753.47,-4.714513282,-4.002586207,-3.021466298,3.963166509,52.62369581,28.30657748,97.83073783
HER42PB,80.4,754.47,-4.444640227,-3.702702883,-3.014144971,3.648158524,38.40388105,20.65766035,71.3952139
HER42PB,80.5,755.48,-4.244399085,-3.940286471,-2.997678431,3.696543882,40.307755,21.6817647,74.9346345
HER42PB,80.6,756.48,-4.433005209,-3.685790808,-2.96827199,3.647819801,38.39087501,20.65066433,71.37103487
HER42PB,80.7,757.48,-4.247129705,-3.50448188,-3.172687777,3.379433351,29.3541329,15.7897507,54.57116678
HER42PB,80.8,758.49,-4.38923518,-3.761540179,-3.062014845,3.639273189,38.06416121,20.47492317,70.7636535
HER42PB,80.9,759.49,-4.306240889,-3.608171632,-3.180585309,3.467069861,32.04271514,17.23595397,59.5694091
HER42PB,81,760.49,-4.204314158,-3.814940263,-3.06612008,3.579589898,35.85883207,19.28866441,66.66380886
HER42PB,81.1,761.5,-4.391754254,-3.857671768,-3.119896458,3.678061739,39.56962346,21.28471965,73.56240186
HER42PB,81.2,762.5,-4.403835063,-3.679804411,-2.955831364,3.633918712,37.86089223,20.36558366,70.38576376
HER42PB,81.3,763.5,-4.41333291,-3.615560778,-2.855962585,3.63430069,37.87535703,20.37336436,70.41265473
HER42PB,81.4,764.5,-4.291269935,-3.429392625,-3.030086797,3.404490567,30.09895842,16.19039647,55.95584394
HER42PB,81.5,765.51,-4.031374738,-3.306401126,-2.914684718,3.247359506,25.72233051,13.83618407,47.81941925
HER42PB,81.6,766.51,-3.935514313,-3.527834364,-2.994260603,3.308250449,27.33725569,14.70486127,50.82166603
HER42PB,81.7,767.51,-4.080486696,-3.488835005,-2.877586853,3.391170229,29.70068855,15.9761649,55.21543537
HER42PB,81.8,768.52,-4.061779399,-3.358983625,-2.717924221,3.359379329,28.77132781,15.47625661,53.48769571
HER42PB,81.9,769.52,-3.703147616,-3.281991178,-2.75807792,3.13944808,23.09111889,12.42084076,42.92783248
HER42PB,82,770.52,-3.911521741,-3.222940778,-2.855568111,3.163151229,23.64498942,12.71877079,43.9575124
HER42PB,82.1,771.52,-3.753829075,-3.246518393,-2.925081494,3.083740182,21.83993517,11.74782211,40.60180379
HER42PB,82.2,772.53,-3.938141201,-3.254472764,-2.816986177,3.206992121,24.7046657,13.28877653,45.9275168
HER42PB,82.3,773.53,-4.164964404,-3.29476478,-2.838216043,3.32882973,27.90566542,15.01061201,51.87837524
HER42PB,82.4,774.53,-4.133936815,-3.588919827,-2.831496765,3.491338252,32.82985292,17.65935975,61.03274741
HER42PB,82.5,775.54,-4.263050453,-3.486324315,-2.769259701,3.513055168,33.55061414,18.0470612,62.37268754
HER42PB,82.6,776.54,-4.053398868,-3.320346143,-2.745134821,3.323298009,27.75172522,14.92780673,51.5921908
HER42PB,82.7,777.54,-4.033489623,-3.174871576,-2.714995308,3.237812743,25.47793397,13.70472181,47.36507081
HER42PB,82.8,778.54,-3.948704064,-3.322496366,-2.84212995,3.243700831,25.62839282,13.78565447,47.64478322
HER42PB,82.9,779.55,-4.099069753,-3.186539433,-2.669489946,3.290641736,26.86009522,14.44819401,49.93459493
HER42PB,83,780.55,-3.839452313,-3.259800498,-2.73599069,3.193383977,24.37075814,13.1091658,45.30676178
HER42PB,83.1,781.55,-3.948444354,-3.171214056,-2.709017319,3.19875179,24.50192756,13.17972256,45.55061393
HER42PB,83.2,782.56,-4.141136724,-3.405492306,-2.96478747,3.340498308,28.23319202,15.18679039,52.48726765
HER42PB,83.3,783.56,-3.573964351,-3.05440798,-2.795986359,2.936266011,18.84534646,10.13701625,35.03467631
HER42PB,83.4,784.56,-3.885644057,-2.957261279,-2.505450996,3.112232171,22.4711479,12.08735493,41.77526768
HER42PB,83.5,785.57,-3.635567588,-2.981487876,-2.646867096,2.969508923,19.48234992,10.47966394,36.21890553
HER42PB,83.6,786.57,-3.925203092,-3.029923638,-2.689558944,3.110823703,22.43952029,12.07034227,41.71646999
HER42PB,83.7,787.57,-3.830304721,-3.334455551,-2.618256502,3.273619,26.4067326,14.20432774,49.09176549
HER42PB,83.8,788.57,-3.763480293,-3.335769576,-2.678595056,3.224557523,25.14244674,13.52426138,46.74137909
HER42PB,83.9,789.58,-3.409021382,-3.205810069,-2.758754032,2.97071698,19.50589993,10.49233162,36.26268647
HER42PB,84,790.58,-3.884421991,-2.712403977,-2.463121038,2.980449458,19.69666748,10.59494654,36.61733526
HER42PB,84.1,791.58,-3.811192239,-3.009142436,-2.804883901,3.008501346,20.2570189,10.89636268,37.65906356
HER42PB,84.2,792.59,-3.88786405,-3.004269905,-2.78460059,3.046565622,21.04295074,11.31911977,39.12015994
HER42PB,84.3,793.59,-4.017875628,-3.095386529,-2.703400111,3.187289399,24.22268035,13.02951394,45.03147593
HER42PB,84.4,794.59,-4.041752537,-3.360151348,-2.925440672,3.280464249,26.58811335,14.30189346,49.42896364
HER42PB,84.5,795.59,-4.197432302,-3.407456723,-2.958694809,3.370439863,29.09132043,15.64838241,54.08258197
HER42PB,84.6,796.6,-4.294846893,-3.426605859,-3.054506445,3.396297543,29.85336437,16.05829007,55.49926926
HER42PB,84.7,797.6,-4.038208643,-3.624724246,-3.066478634,3.388329609,29.6164399,15.93084708,55.05881186
HER42PB,84.8,798.6,-4.257589972,-3.530153718,-3.239666595,3.377043286,29.28405841,15.75205724,54.44089392
HER42PB,84.9,799.61,-4.036966223,-3.397821365,-2.852576444,3.325345108,27.80859394,14.95839673,51.6979133
HER42PB,85,800.61,-4.398360758,-3.622975479,-3.004161217,3.581027921,35.91043497,19.3164219,66.75974188
HER42PB,85.1,801.61,-4.131077308,-3.825577393,-3.368487919,3.448699581,31.45945521,16.92221523,58.48509246
HER42PB,85.2,802.61,-4.904305115,-3.984283035,-3.406477739,3.924358059,50.62057221,27.2290862,94.10680592
HER42PB,85.3,803.62,-4.643971231,-4.008838445,-3.560011219,3.747234804,42.40366531,22.80916646,78.8310627
HER42PB,85.4,804.62,-4.659637405,-3.85487624,-3.393781817,3.720232822,41.27400248,22.20151457,76.73094893
HER42PB,85.5,805.62,-4.273234065,-3.468512294,-3.231000341,3.350899568,28.52838531,15.34557649,53.03605042
HER42PB,85.6,806.63,-4.595306198,-3.494236906,-3.409580037,3.466956653,32.03908785,17.23400284,59.56266575
HER42PB,85.7,807.63,-4.459934544,-3.52857638,-3.183410849,3.494947659,32.94856336,17.72321475,61.25343752
HER42PB,85.8,808.63,-4.458566712,-3.640447392,-3.137677048,3.576273491,35.74010655,19.22480129,66.4430907
HER42PB,85.9,809.64,-4.793335877,-3.735412683,-3.484098255,3.689634955,40.03023144,21.53248324,74.41870087
HER42PB,86,810.64,-4.885406575,-3.812625981,-3.090010738,3.919164915,50.35837368,27.08804816,93.61936249
HER42PB,86.1,811.64,-4.261975404,-3.535564129,-3.049509357,3.446828106,31.40063469,16.89057534,58.37574145
HER42PB,86.2,812.64,-4.389099356,-3.534616911,-3.126917165,3.482289612,32.5341274,17.50028735,60.4829752
HER42PB,86.3,813.65,-4.488596383,-3.479262679,-3.00650668,3.540052638,34.46873351,18.54092269,64.0795288
HER42PB,86.4,814.65,-4.341046799,-3.405547794,-3.104870855,3.389298951,29.64516227,15.946297,55.11220855
HER42PB,86.5,815.65,-4.55348257,-3.648491393,-2.976784544,3.68380886,39.79768959,21.40739769,73.98639104
HER42PB,86.6,816.66,-4.660012519,-3.868783154,-2.987707328,3.866326179,47.7665775,25.69390664,88.80105147
HER42PB,86.7,817.66,-4.705070036,-3.844096749,-3.49628953,3.703005846,40.56906564,21.82232514,75.42042731
HER42PB,86.8,818.66,-4.534559465,-3.544561844,-3.216318567,3.531144494,34.16304466,18.37649097,63.51123413
HER42PB,86.9,819.66,-4.27881712,-3.718094525,-3.257165873,3.493129689,32.88871827,17.69102374,61.14218177
HER42PB,87.1,821.67,-4.566805799,-3.462957896,-2.940967675,3.592481149,36.32408969,19.53892906,67.52875185
HER42PB,87.2,822.67,-4.279173501,-3.437304762,-3.149936809,3.362698981,28.86699731,15.52771776,53.66555127
HER42PB,87.3,823.68,-3.737166474,-3.566057781,-2.997579306,3.241901177,25.58231205,13.76086736,47.55911619
HER42PB,87.4,824.68,-4.454304546,-3.681680428,-2.775285699,3.721468299,41.3250271,22.22896099,76.82580688
HER42PB,87.5,825.68,-4.481297876,-3.473715724,-2.76657298,3.614381721,37.12838314,19.97156296,69.0239836
HER42PB,87.6,826.68,-4.653998907,-3.807279583,-3.332513009,3.70974546,40.84340891,21.9698959,75.93044859
HER42PB,87.7,827.69,-5.011959952,-3.917253919,-3.08630366,4.052979613,57.5687343,30.96654108,107.0238733
HER42PB,87.8,828.69,-5.154799974,-4.092948581,-3.228183028,4.190963544,66.08643748,35.54826081,122.8588156
HER42PB,87.9,829.69,-4.872811141,-3.999985411,-3.340479077,3.938768235,51.35530464,27.62430285,95.47271941
HER42PB,88,830.7,-4.663404537,-3.981307193,-3.428060853,3.785760843,44.06918754,23.7050601,81.92737258
HER42PB,88.1,831.7,-4.733025779,-3.925629136,-3.408100365,3.796202444,44.53175114,23.95387562,82.7873072
HER42PB,88.2,832.7,-4.956034161,-3.907683707,-3.470648897,3.885713531,48.7016802,26.19690356,90.53946581
HER42PB,88.3,833.71,-4.827595112,-4.221830435,-3.3857309,4.030694533,56.29999986,30.2840818,104.6652167
HER42PB,88.4,834.71,-5.036825892,-4.343678711,-3.731794495,4.101779123,60.44773594,32.51517201,112.3761172
HER42PB,88.5,835.71,-5.130154559,-4.243487497,-3.761583907,4.085435172,59.46781087,31.98806489,110.5543753
HER42PB,88.6,836.71,-4.915739032,-4.11040537,-3.504640693,3.97238164,53.11087132,28.56863189,98.73642753
HER42PB,88.7,837.72,-5.068769663,-4.099369105,-3.500822417,4.052941413,57.5665352,30.96535817,107.019785
HER42PB,88.8,838.72,-5.038062275,-4.150149696,-3.59266838,4.034567644,56.51847885,30.40160286,105.0713828
HER42PB,88.9,839.72,-5.292525981,-4.045817521,-3.390838976,4.188776981,65.94209319,35.47061721,122.5904705
HER42PB,89,840.73,-4.861907351,-3.968089475,-3.238080701,3.948547598,51.85999056,27.8957762,96.41096206
HER42PB,89.1,841.73,-5.446126871,-4.262718046,-3.154218036,4.490943773,89.20559598,47.98418423,165.8387755
HER42PB,89.2,842.73,-4.73586387,-4.254275066,-3.267247783,4.040850508,56.87469463,30.59321329,105.7336102
HER42PB,89.3,843.73,-5.442519965,-4.175239712,-3.389002109,4.357141312,78.03374116,41.97478163,145.0695995
HER42PB,89.4,844.74,-5.657691367,-4.865963358,-3.91359657,4.725195353,112.7525228,60.65020658,209.6139833
HER42PB,89.5,845.74,-4.654272557,-4.708157646,-4.071965358,3.994895959,54.32018882,29.21913047,100.9846243
HER42PB,89.6,846.74,-5.627746223,-4.582718181,-3.611105583,4.640142502,103.5591039,55.70501564,192.5228433
HER42PB,89.7,847.75,-5.352760457,-4.44329569,-3.828480353,4.31290232,74.65685292,40.15833475,138.7917533
HER42PB,89.8,848.75,-5.217048858,-4.500231933,-3.725693427,4.30081248,73.75969767,39.67574996,137.1238856
HER42PB,89.9,849.75,-5.578417805,-4.565277247,-3.762930774,4.546993289,94.34830334,50.75047501,175.3993897
HER42PB,90,850.75,-5.276924518,-4.721700481,-3.779000987,4.449786231,85.60864157,46.04936253,159.1518125
HER42PB,90.1,851.79,-5.381893362,-4.876677851,-3.748957478,4.615158785,101.0038651,54.33053856,187.7724948
HER42PB,90.2,852.82,-4.889227275,-4.161593918,-3.652889186,3.937971637,51.31441142,27.60230616,95.39669636
HER42PB,90.3,853.85,-4.775937869,-3.907800054,-3.227273992,3.869819159,47.93371691,25.78381185,89.11177408
HER42PB,90.4,854.88,-5.041883245,-4.101021253,-3.377278951,4.080522257,59.17636705,31.83129564,110.012563
HER42PB,90.5,855.91,-5.09891323,-4.118083977,-3.490517527,4.084784163,59.42910935,31.96724712,110.4824267
HER42PB,90.6,856.94,-4.914700447,-3.865089315,-3.776110402,3.733945861,41.84389302,22.50806185,77.79041104
HER42PB,90.7,857.97,-4.64267239,-3.906627449,-3.516310189,3.700597106,40.47146291,21.76982409,75.23897774
HER42PB,90.8,859.01,-4.905306569,-4.008955813,-3.598250519,3.874582897,48.16260532,25.9069322,89.53729193
HER42PB,90.9,860.04,-4.857214507,-3.863207161,-3.600378213,3.760835846,42.98433927,23.1215142,79.91057187
HER42PB,91,861.07,-4.723924474,-4.084147824,-3.568419305,3.831277485,46.12142004,24.80896733,85.74260099
HER42PB,91.1,862.1,-5.080373839,-4.19989256,-3.63552617,4.073672014,58.77237985,31.61398869,109.2615256
HER42PB,91.2,863.13,-5.042959748,-4.347411606,-3.450981057,4.202646381,66.86304222,35.96600079,124.3025723
HER42PB,91.3,864.16,-5.436209834,-4.420775052,-3.516804805,4.455935572,86.13670023,46.3334082,160.1335065
HER42PB,91.4,865.19,-5.278053919,-4.17944163,-3.900728228,4.086796349,59.54881216,32.03163593,110.7049617
HER42PB,91.5,866.23,-5.230704357,-4.497665847,-3.812933863,4.277746551,72.07783315,38.77106573,133.9971944
HER42PB,91.6,867.26,-5.349120156,-4.289728581,-3.537264823,4.318101448,75.04601417,40.36766674,139.5152283
HER42PB,91.7,868.29,-5.596646341,-4.478615966,-3.885046299,4.465618335,86.97479245,46.78422265,161.6915723
HER42PB,91.8,869.32,-5.505517704,-4.305368996,-3.61567605,4.396652039,81.17863032,43.66643494,150.9161449
HER42PB,91.9,870.35,-5.243745275,-4.505881256,-3.693332655,4.330853921,76.00916466,40.88575072,141.3057853
HER42PB,92,871.38,-4.924671689,-4.124813554,-3.611965685,3.949510027,51.90992612,27.92263681,96.50379539
HER42PB,92.1,872.41,-4.641081172,-4.011785464,-3.516464026,3.762236556,43.04459005,23.15392343,80.02258183
HER42PB,92.2,873.45,-5.158009821,-4.199443606,-3.569238545,4.140550588,62.83740947,33.80059064,116.8186696
HER42PB,92.3,874.48,-5.052928206,-4.095495531,-3.377702553,4.083357486,59.34438368,31.92167272,110.3249164
HER42PB,92.4,875.51,-4.848469886,-4.186542723,-3.456046803,3.997228029,54.44701512,29.28735104,101.2204023
HER42PB,92.5,876.54,-4.64610646,-4.679112756,-3.761480642,4.078585531,59.06186955,31.7697068,109.799705
HER42PB,92.6,877.57,-5.531968024,-4.497894257,-3.658964646,4.512957924,91.19115646,49.05222821,169.5300564
HER42PB,92.7,878.6,-5.048174235,-4.345365144,-3.588205422,4.157877354,63.93566566,34.39134873,118.8603964
HER42PB,92.8,879.63,-5.096126241,-4.267218013,-3.781196367,4.073338375,58.75277435,31.60344278,109.2250777
HER42PB,92.9,880.66,-5.207399262,-4.359275978,-3.795425886,4.187712626,65.87194472,35.43288396,122.4600602
HER42PB,93,881.7,-5.112503086,-4.520565808,-3.540106446,4.315075878,74.81930034,40.24571611,139.0937532
HER42PB,93.1,882.73,-5.516598723,-4.474681778,-3.6502627,4.492501998,89.34470671,48.05901266,166.097391
HER42PB,93.2,883.76,-5.707879011,-4.587891862,-3.71671227,4.658982731,105.5286765,56.76445964,196.1844018
HER42PB,93.3,884.79,-5.721343424,-4.500841318,-3.800886759,4.587442929,98.24289467,52.84539725,182.6396783
HER42PB,93.4,885.82,-5.380685304,-4.590435293,-3.661685189,4.473816084,87.69072052,47.16932433,163.0225273
HER42PB,93.5,886.85,-5.083402065,-4.503778711,-3.686191889,4.238907978,69.33209828,37.29411973,128.8927018
HER42PB,93.6,887.88,-5.69769254,-4.614073036,-3.764619538,4.651711496,104.7641356,56.3532089,194.7630726
HER42PB,93.7,888.92,-5.84067132,-4.556341885,-3.813597764,4.694695957,109.3655517,58.82833609,203.3173925
HER42PB,93.8,889.95,-5.735222413,-4.48766779,-3.826353536,4.580019172,97.51626372,52.45453845,181.2888259
HER42PB,93.9,890.98,-5.549306639,-4.374648222,-3.673523792,4.44561716,85.25247598,45.85777908,158.4896784
HER42PB,94,892.01,-5.697437602,-4.359292585,-3.888728575,4.458000992,86.31479259,46.42920507,160.4645914
HER42PB,94.1,893.04,-5.488110938,-4.584311694,-3.780232953,4.495911043,89.64980661,48.22312759,166.6645908
HER42PB,94.2,894.07,-5.791626838,-4.645668429,-3.933909401,4.674508811,107.1799085,57.65266652,199.2541453
HER42PB,94.3,895.1,-6.167628295,-4.825634192,-4.216020124,4.943701695,140.2885952,75.46201246,260.805262
HER42PB,94.4,896.14,-5.57952016,-4.715358494,-4.171635167,4.498402396,89.87343436,48.3434182,167.0803287
HER42PB,94.5,897.17,-5.37762134,-4.527470411,-4.220740143,4.245043841,69.75881836,37.52365482,129.6860011
HER42PB,94.6,898.2,-5.27696991,-4.617724281,-3.728762864,4.405020113,81.86078927,44.03337201,152.184321
HER42PB,94.7,899.23,-4.275408277,-4.49965619,-4.0759424,3.67865833,39.59323736,21.2974217,73.60630159
HER42PB,94.8,900.26,-5.30778539,-4.539603024,-3.512784427,4.450142047,85.63910792,46.06575055,159.2084514
HER42PB,94.9,901.29,-5.389500678,-4.42986764,-3.592163949,4.407266449,82.04488286,44.13239698,152.5265625
HER42PB,95,902.32,-5.376412177,-4.341602845,-3.536177952,4.365815633,78.71357513,42.34046809,146.3334533
HER42PB,95.1,903.36,-5.634235262,-4.376558279,-3.588769591,4.529282298,92.69201194,49.85954669,172.3202405
HER42PB,95.2,904.39,-5.276869484,-4.350869938,-3.731644942,4.245322993,69.77829443,37.53413111,129.7222083
HER42PB,95.3,905.42,-5.402927601,-4.304315312,-3.783814423,4.275837969,71.94039788,38.69713853,133.7416937
HER42PB,95.4,906.45,-4.802163459,-4.08110749,-3.635481156,3.84862248,46.92837393,25.24303229,87.24277867
HER42PB,95.5,907.48,-5.116745529,-4.147704231,-3.744877647,4.026425097,56.06014301,30.15506147,104.2193078
HER42PB,95.6,908.51,-5.345665389,-4.310422714,-3.676222241,4.281226794,72.32911854,38.90623353,134.4643496
HER42PB,95.7,909.54,-4.949131465,-4.371586294,-3.532727302,4.136650991,62.59284606,33.66903863,116.3640109
HER42PB,95.8,910.58,-5.208111456,-4.182891166,-3.943448308,4.033090462,56.43505241,30.35672731,104.9162878
HER42PB,95.9,911.61,-4.965668921,-4.235440066,-3.670028928,4.018378463,55.61085759,29.91338835,103.3840582
HER42PB,96,912.64,-5.171185996,-4.183358814,-3.3916735,4.198821275,66.60777252,35.82868981,123.82801
HER42PB,96.1,913.67,-5.072645369,-4.23841959,-3.530038165,4.127921763,62.04883669,33.37641297,115.3526635
HER42PB,96.2,914.7,-5.182332984,-4.361787309,-3.506659622,4.272426491,71.69539293,38.56534901,133.2862141
HER42PB,96.3,915.73,-5.507013302,-4.297586647,-3.618524206,4.391990825,80.80111985,43.46336996,150.2143293
HER42PB,96.4,916.76,-5.39388004,-4.372228792,-3.592903915,4.375409782,79.47239925,42.74864379,147.7441547
HER42PB,96.5,917.79,-5.385939288,-4.432009704,-3.934999391,4.290180467,72.97963773,39.2561514,135.6737055
HER42PB,96.6,918.83,-5.551420318,-4.512771494,-3.849562401,4.469403764,87.30465328,46.96165662,162.3048042
HER42PB,96.7,919.86,-6.076070064,-4.434284318,-3.600337791,4.85508659,128.3918082,69.06266487,238.6883919
HER42PB,96.8,920.89,-5.383435928,-4.160071934,-3.298763337,4.342612337,76.90818726,41.36933996,142.9771244
HER42PB,96.9,921.92,-5.47249014,-4.226144306,-3.694506719,4.302339759,73.87243533,39.73639218,137.333472
HER42PB,97,922.95,-5.362449555,-4.309299641,-3.546539626,4.334643008,76.29771635,41.04096427,141.8422209
HER42PB,97.1,923.98,-5.170731,-4.103400011,-3.443510052,4.133447805,62.39267027,33.56136296,115.9918716
HER42PB,97.2,925.01,-5.588536219,-4.48195576,-3.608915012,4.556052716,95.20692835,51.21233415,176.9956272
HER42PB,97.3,926.05,-5.719745297,-4.568023183,-3.808184628,4.623873796,101.8879619,54.80609909,189.4160859
HER42PB,97.4,927.08,-5.055771689,-4.467985024,-3.88971812,4.132905224,62.3588264,33.54315816,115.9289537
HER42PB,97.5,928.11,-5.316575592,-4.179613498,-3.514580619,4.240759339,69.46057593,37.36322857,129.1315498
HER42PB,97.6,929.14,-5.169989802,-4.225830171,-3.536920285,4.174149804,64.98456656,34.95555833,120.8103687
HER42PB,97.7,930.17,-5.262415845,-4.39927772,-3.541752297,4.329887157,75.9357173,40.84624298,141.169242
HER42PB,97.8,931.2,-5.205472894,-4.216861501,-3.605167466,4.166393464,64.48247389,34.6854799,119.8769471
HER42PB,97.9,932.23,-5.189721649,-4.266478398,-3.787565384,4.124864372,61.85941884,33.27452406,115.0005239
HER42PB,98,933.27,-5.448388846,-4.489413195,-3.292090697,4.580390609,97.55249166,52.47402565,181.3561759
HER42PB,98.1,934.3,-5.190442708,-4.184507533,-3.750527255,4.089101943,59.68626597,32.10557309,110.9604969
HER42PB,98.2,935.33,-5.426916402,-4.399325383,-3.5991693,4.409568318,82.23395694,44.23410097,152.878063
HER42PB,98.3,936.36,-6.001203554,-4.655350162,-3.941778077,4.81886129,123.8240108,66.60562136,230.1965713
HER42PB,98.4,937.39,-5.12232805,-4.131189428,-3.519127164,4.096331152,60.11931387,32.33851196,111.76556
HER42PB,98.5,938.42,-4.907554082,-4.079395561,-3.4932205,3.953299306,52.10700049,28.02864421,96.87016896
HER42PB,98.6,939.45,-4.993740352,-4.084729944,-3.559396294,3.981971592,53.62265205,28.84392158,99.68785988
HER42PB,98.7,940.49,-4.976397269,-4.111143125,-3.66477389,3.952248524,52.05227614,27.99920768,96.76843297
HER42PB,98.8,941.52,-4.975553843,-4.244282605,-3.518023877,4.080673389,59.1853112,31.83610675,110.0291907
HER42PB,98.9,942.55,-4.669097888,-3.781569341,-3.390935014,3.682575993,39.74865454,21.38102147,73.89523183
HER42PB,99,943.58,-4.931678232,-3.712890342,-3.303511335,3.813018484,45.28693065,24.36009086,84.19123309
HER42PB,99.1,944.61,-4.163071534,-3.883321515,-3.316418835,3.515790087,33.64249792,18.09648599,62.54350523
HER42PB,99.2,945.64,-5.050034054,-3.998824004,-3.489552986,3.986329025,53.85681897,28.96988126,100.1231908
HER42PB,99.3,946.67,-5.053282943,-3.918888662,-3.330321205,3.994614374,54.3048952,29.21090395,100.9561925
HER42PB,99.4,947.71,-5.21392075,-4.225619482,-3.652273501,4.160587165,64.10915421,34.48466918,119.1829225
HER42PB,99.5,948.74,-5.530179557,-4.082730772,-3.190454917,4.423788659,83.41170599,44.86761871,155.067572
HER42PB,99.6,949.77,-5.114756406,-4.342441026,-3.512160025,4.219937191,68.02921133,36.59328962,126.4705535
HER42PB,99.7,950.8,-5.836616058,-4.719450362,-3.431596073,4.91844168,136.7892856,73.57971445,254.2998269
HER42PB,99.8,951.83,-5.284382009,-4.382386518,-3.596789026,4.314234919,74.75640686,40.21188536,138.9768303
HER42PB,99.9,952.86,-5.858305756,-4.950748704,-3.669571223,4.989780638,146.9041948,79.02058014,273.104075
HER42PB,100,953.89,-6.211498792,-5.054899246,-3.780244856,5.259091718,192.3067432,103.4428624,357.5102486
HER42PB,100.1,954.9,-5.770853165,-4.904863171,-3.94660824,4.8106342,122.8094785,66.0598988,228.3104923
HER42PB,100.2,955.91,-6.012218279,-4.886525032,-4.059607937,4.923965181,137.5469318,73.98725653,255.7083385
HER42PB,100.3,956.92,-5.993760759,-4.613230103,-4.188680446,4.705016893,110.5001516,59.43864366,205.4266846
HER42PB,100.4,957.92,-6.091744873,-4.828052834,-3.941175987,4.984662134,146.1541861,78.61714632,271.709762
HER42PB,100.5,958.93,-5.796992549,-4.781901232,-4.078355344,4.710093235,111.0625144,59.7411417,206.4721521
HER42PB,100.6,959.94,-6.168384637,-5.046241851,-4.024962766,5.140158512,170.7428309,91.84351458,317.4215887
HER42PB,100.7,960.95,-3.721507974,-4.957086117,-4.239022586,3.641401659,38.14526592,20.51854984,70.91443222
HER42PB,100.8,961.96,-5.161491517,-4.811817768,-3.568466634,4.506925009,90.64266418,48.75719117,168.510375
HER42PB,100.9,962.96,-5.744587974,-4.419401599,-3.478752423,4.663355751,105.991166,57.01323534,197.0441988
HER42PB,101,963.97,-5.638153212,-4.502499652,-3.530802882,4.626312756,102.1367658,54.93993209,189.8786279
HER42PB,101.1,964.98,-5.780293312,-4.951013957,-3.651317835,4.944362627,140.381347,75.51190421,260.9776935
HER42PB,101.2,965.99,-5.722174393,-4.640036942,-3.696868158,4.705997825,110.608598,59.49697756,205.6282932
HER42PB,101.3,966.99,-5.677482862,-4.830185001,-3.697759348,4.789808319,120.2783114,64.69836999,223.6048945
HER42PB,101.4,968,-5.46741079,-4.410689444,-3.779588349,4.380087404,79.84501187,42.94907418,148.4368649
HER42PB,101.5,969.01,-5.444627168,-4.472963882,-3.685008908,4.435127506,84.36288099,45.37926101,156.8358658
HER42PB,101.6,970.02,-5.410378785,-4.34542352,-3.606868299,4.364796559,78.63340103,42.297342,146.1844046
HER42PB,101.7,971.03,-5.563954956,-4.276666119,-3.645346206,4.406124964,81.95128326,44.08204923,152.352555
HER42PB,101.8,972.03,-5.327015531,-4.328153645,-3.630355293,4.296097111,73.41271219,39.48910456,136.4788179
HER42PB,101.9,973.04,-5.307442274,-4.383771435,-3.671206169,4.303592936,73.96506864,39.78622015,137.5056831
HER42PB,102,974.05,-5.421655719,-4.441682997,-3.911508501,4.325672105,75.61631789,40.67443627,140.5754586
HER42PB,102.1,975.06,-5.706217779,-4.775220899,-4.067580711,4.650365902,104.6232605,56.27743137,194.5011769
HER42PB,102.2,976.07,-6.224432695,-4.842114482,-3.863279247,5.11374246,166.2915312,89.44913579,309.1463444
HER42PB,102.3,977.07,-5.685636369,-4.448025206,-3.681315458,4.573425538,96.87539237,52.10981019,180.0974061
HER42PB,102.4,978.08,-5.863572598,-4.74119009,-3.964392881,4.768787939,117.7764032,63.35257973,218.9536909
HER42PB,102.5,979.09,-6.057643336,-4.795879407,-3.951658472,4.938148044,139.5116408,75.04408438,259.3608552
HER42PB,102.6,980.1,-6.051701901,-4.837653445,-3.687747862,5.04829534,155.7567258,83.78240562,289.5614832
HER42PB,102.7,981.1,-5.749977166,-4.948263605,-3.600778519,4.939961652,139.7648897,75.18030841,259.8316609
HER42PB,102.8,982.11,-6.1202685,-4.933548944,-4.070879303,5.023487676,151.9402993,81.72952864,282.4665078
HER42PB,102.9,983.12,-6.22822511,-4.990060941,-3.75424753,5.241392124,188.9329374,101.6280736,351.2381331
HER42PB,103,984.13,-6.33606691,-4.910857132,-4.142375905,5.141369299,170.9496893,91.95478487,317.8061514
HER42PB,103.1,985.14,-5.905532133,-4.483428319,-3.995989628,4.633036705,102.8258422,55.31059013,191.159664
HER42PB,103.2,986.14,-4.884820087,-4.305786213,-3.956833315,3.918269237,50.31328899,27.06379685,93.53554722
HER42PB,103.3,987.15,-5.16968515,-4.271943777,-3.719274654,4.139585714,62.77680852,33.76799306,116.7060086
HER42PB,103.4,988.16,-4.868251273,-4.10160163,-3.661316757,3.887950786,48.81076029,26.25557834,90.7422525
HER42PB,103.5,989.17,-5.119823768,-3.78327591,-3.610531235,3.857055318,47.32578657,25.45680276,87.9815936
HER42PB,103.6,990.17,-4.730667206,-4.026662155,-3.162233255,3.938348154,51.3337358,27.61270085,95.43262159
HER42PB,103.7,991.18,-5.143585377,-3.841316425,-2.936902745,4.133581821,62.40103248,33.56586104,116.0074175
HER42PB,103.8,992.19,-4.69714888,-3.940988732,-3.029288674,3.91470436,50.13424761,26.96748951,93.20269812
HER42PB,103.9,993.2,-4.853091594,-3.938744497,-3.006243453,4.004864875,54.86441035,29.51187025,101.9963661
HER42PB,104,994.21,-5.036154199,-4.112072666,-3.017162714,4.205901183,67.08102273,36.08325372,124.7078117
HER42PB,104.1,995.21,-5.413942188,-4.200314648,-3.316932002,4.378963585,79.75533091,42.9008343,148.2701424
HER42PB,104.2,996.22,-5.581783246,-4.300397832,-3.547024462,4.464809626,86.90448365,46.74640316,161.5608639
HER42PB,104.3,997.23,-5.639266745,-4.27239047,-3.675207278,4.441269421,84.88262511,45.65883425,157.8021026
HER42PB,104.4,998.24,-5.619650959,-4.235514096,-3.54886748,4.449641299,85.59623506,46.04268899,159.128748
HER42PB,104.5,999.24,-5.170013015,-4.198899314,-3.830370223,4.058694194,57.8986573,31.14400849,107.6372208
HER42PB,104.6,1000.25,-4.627997353,-4.316514404,-3.659284396,3.888187534,48.82231749,26.26179503,90.76373806
HER42PB,104.7,1001.26,-5.423896024,-4.185731855,-3.53770511,4.301556214,73.81457562,39.70526912,137.2259072
HER42PB,104.8,1002.27,-5.240752453,-4.196095158,-3.689971403,4.14604107,63.18336596,33.98668255,117.4618243
HER42PB,104.9,1003.28,-5.389260659,-4.147394281,-3.563599638,4.24885458,70.02515815,37.66692047,130.1811434
HER42PB,105,1004.28,-5.983589873,-4.563498132,-3.924669967,4.75794286,116.5060101,62.66922821,216.5919507
HER42PB,105.1,1005.29,-5.527660411,-4.83061459,-3.974462217,4.601155399,99.59932619,53.57502928,185.1613692
HER42PB,105.2,1006.3,-5.941669518,-4.688906549,-3.754834644,4.861429967,129.2088344,69.50214776,240.2072946
HER42PB,105.3,1007.31,-5.684141302,-5.117993812,-3.872699139,4.905931664,135.0887087,72.66496474,251.1383483
HER42PB,105.4,1008.31,-5.653965468,-4.449992663,-3.492458973,4.618218393,101.3133706,54.49702329,188.3478849
HER42PB,105.5,1009.32,-5.28494616,-4.282871799,-3.785651827,4.191393251,66.11484136,35.56353941,122.9116202
HER42PB,105.6,1010.33,-5.207889658,-4.278026849,-3.751154199,4.154697288,63.73266902,34.28215571,118.483013
HER42PB,105.7,1011.34,-4.992753593,-4.202947008,-3.822511648,3.962529074,52.5901623,28.28853962,97.76839694
HER42PB,105.8,1012.35,-4.841357331,-4.176841963,-3.880895381,3.843597903,46.69317008,25.11651484,86.80552002
HER42PB,105.9,1013.35,-5.217330586,-4.078367002,-3.530931632,4.116163683,61.32353389,32.98626858,114.0042803
HER42PB,106,1014.36,-4.619245421,-4.102611455,-3.839356587,3.695424931,40.26267781,21.65751743,74.8508332
HER42PB,106.1,1015.37,-5.048980077,-4.238592013,-3.806725086,4.020790093,55.74513229,29.98561546,103.6336832
HER42PB,106.2,1016.38,-5.113006732,-4.033376894,-3.593661863,4.007551614,55.01201491,29.59126756,102.2707722
HER42PB,106.3,1017.39,-5.233590592,-4.210293641,-3.619457836,4.174160011,64.98522985,34.95591512,120.8116018
HER42PB,106.4,1018.39,-5.156209979,-4.178898141,-3.676138789,4.091060274,59.80326596,32.16850804,111.1780072
HER42PB,106.5,1019.4,-4.559016841,-4.172638199,-3.634994878,3.775202506,43.60633799,23.45609076,81.06690634
HER42PB,106.6,1020.41,-5.156872975,-4.077603649,-3.716057775,4.017689693,55.57256772,29.89279202,103.3128749
HER42PB,106.7,1021.42,-5.052273282,-4.127852424,-3.536921809,4.048260561,57.29770445,30.82075262,106.5200119
HER42PB,106.8,1022.42,-4.947889105,-4.095409886,-3.525876661,3.974079098,53.20110134,28.61716712,98.90417079
HER42PB,106.9,1023.43,-5.269552328,-4.279717693,-3.715571491,4.204121598,66.96175249,36.0190976,124.4860809
HER42PB,107,1024.44,-4.776653074,-4.068722097,-3.463158213,3.885933937,48.71241556,26.20267817,90.55942351
HER42PB,107.1,1025.45,-4.53641877,-3.818665778,-3.236488955,3.688229509,39.97401064,21.50224176,74.31418289
HER42PB,107.2,1026.46,-4.453535718,-3.631227144,-3.078937396,3.58816962,36.16781445,19.45486775,67.23822642
HER42PB,107.3,1027.46,-5.002295856,-3.862633027,-3.187936554,3.980622169,53.55034124,28.80502519,99.55342956
HER42PB,107.4,1028.47,-5.083155679,-4.087861004,-3.199624538,4.156388806,63.84056517,34.34019365,118.6835987
HER42PB,107.5,1029.48,-5.153840211,-3.939791755,-3.437650346,4.028353063,56.16832933,30.21325549,104.420433
HER42PB,107.6,1030.49,-5.453996587,-4.136379091,-3.181961938,4.411268772,82.37391096,44.30938301,153.1382462
HER42PB,107.7,1031.49,-5.494368231,-4.170744977,-3.143438111,4.46972999,87.33313904,46.97697927,162.357761
HER42PB,107.8,1032.5,-4.759624771,-3.884156034,-3.210705103,3.852636221,47.11711077,25.34455489,87.59365225
HER42PB,107.9,1033.51,-5.341250999,-4.145339799,-3.28956332,4.311464198,74.54956438,40.10062365,138.5922972
HER42PB,108,1034.52,-4.652924617,-4.214202287,-3.376631151,3.936169918,51.22204051,27.55261933,95.22497306
HER42PB,108.1,1035.53,-5.023710067,-4.166102837,-3.439457117,4.08786706,59.61260591,32.06595094,110.8235583
HER42PB,108.2,1036.53,-4.962775046,-3.978221394,-3.300999608,3.988905819,53.9957759,29.04462696,100.3815204
HER42PB,108.3,1037.54,-4.806961859,-3.961521009,-3.237264275,3.915076725,50.15291937,26.97753315,93.23741008
HER42PB,108.4,1038.55,-4.923200173,-4.098343647,-3.334361322,4.027044906,56.09490035,30.17375763,104.2839239
HER42PB,108.5,1039.56,-4.894807892,-4.06930926,-3.227635212,4.030298239,56.27769297,30.2720828,104.6237468
HER42PB,108.6,1040.56,-4.824056902,-4.068724631,-3.438869348,3.919735911,50.38713635,27.10351976,93.67283407
HER42PB,108.7,1041.57,-5.046428937,-4.112320362,-3.415867393,4.0767381,58.95285757,31.71106866,109.5970449
HER42PB,108.8,1042.58,-4.806644754,-3.987203848,-3.220554206,3.935838863,51.20508599,27.54349941,95.19345356
HER42PB,108.9,1043.59,-4.955282581,-4.055553357,-3.347778905,4.014855918,55.41531046,29.80820247,103.0205238
HER42PB,109,1044.6,-5.119139013,-4.183287755,-3.36725891,4.176942594,65.16630844,35.0533183,121.1482382
HER42PB,109.1,1045.6,-4.97470967,-3.984759832,-3.449336504,3.949179786,51.8927862,27.91341716,96.47193121
HER42PB,109.2,1046.61,-4.743883442,-4.046281911,-3.177315751,3.951939087,52.03617172,27.99054502,96.73849385
HER42PB,109.3,1047.62,-4.938306206,-3.804731754,-2.850473006,4.024843162,55.97152961,30.10739583,104.05457
HER42PB,109.4,1048.63,-4.644624444,-3.716261131,-2.853539966,3.813061486,45.28887809,24.3611384,84.19485349
HER42PB,109.5,1049.63,-4.894589878,-4.014702576,-3.13639885,4.02863364,56.1840911,30.22173383,104.4497351
HER42PB,109.6,1050.64,-4.757504379,-4.016180344,-3.278048067,3.907174327,49.75815288,26.76518607,92.50351452
HER42PB,109.7,1051.65,-4.9698133,-3.995360264,-3.371739146,3.979047063,53.46606013,28.75968992,99.39674572
HER42PB,109.8,1052.66,-4.798023847,-4.066957431,-2.989497518,4.056915899,57.79578786,31.08867445,107.44598
HER42PB,109.9,1053.67,-4.870175191,-3.79973378,-3.37773937,3.805635973,44.95383047,24.18091443,83.57197903
HER42PB,110,1054.67,-4.2222849,-3.345146116,-3.272742302,3.238842977,25.50419572,13.71884816,47.41389306
HER42PB,110.1,1055.67,-4.162378368,-3.410750897,-3.019923442,3.334979876,28.07781817,15.10321393,52.19841795
HER42PB,110.2,1056.66,-4.07805955,-3.164573869,-2.80039903,3.223408007,25.1135617,13.50872395,46.68768
HER42PB,110.3,1057.66,-3.823068153,-2.926887788,-2.60516567,3.032530431,20.74967183,11.16136342,38.57493613
HER42PB,110.4,1058.65,-3.916408437,-3.194062102,-2.444956268,3.287348372,26.77178064,14.40068911,49.7704126
HER42PB,110.5,1059.64,-4.147792397,-3.365593438,-2.805337241,3.373959315,29.19388633,15.70355317,54.27325838
HER42PB,110.6,1060.64,-4.877419888,-3.843645119,-3.374838378,3.836693431,46.3718888,24.94369586,86.20823805
HER42PB,110.7,1061.63,-5.073618373,-3.97677131,-3.601194859,3.948794484,51.87279565,27.90266413,96.43476752
HER42PB,110.8,1062.63,-4.890517697,-4.065241452,-3.583518938,3.904904433,49.64533523,26.70450083,92.29377946
HER42PB,110.9,1063.62,-5.363063471,-4.300042127,-3.734234369,4.265895916,71.22870636,38.31431572,132.4186147
HER42PB,111,1064.61,-5.166221495,-4.301518132,-3.583965324,4.201015795,66.75410511,35.90740292,124.1000514
HER42PB,111.1,1065.61,-5.16617956,-4.077537444,-3.559125439,4.076240532,58.92353181,31.69529417,109.5425265
HER42PB,111.2,1066.6,-4.888076723,-4.046184281,-3.519629355,3.913886899,50.09328156,26.94545364,93.12653967
HER42PB,111.3,1067.6,-4.634763786,-3.689505999,-3.48605366,3.577632461,35.78870929,19.25094498,66.53344624
HER42PB,111.4,1068.59,-5.148343346,-4.236557126,-3.818381566,4.072574793,58.7079289,31.57932017,109.1417072
HER42PB,111.5,1069.59,-5.025596704,-3.960376499,-3.812307823,3.840247772,46.53700359,25.03251202,86.51519677
HER42PB,111.6,1070.58,-5.198835922,-3.826441399,-3.512664216,3.961732777,52.54830161,28.26602252,97.6905753
HER42PB,111.7,1071.57,-4.884527002,-4.06280254,-3.354434366,3.977807557,53.39982973,28.72406422,99.27361927
HER42PB,111.8,1072.57,-5.388720421,-4.135957453,-3.58043165,4.236021516,69.13226239,37.18662689,128.5211944
HER42PB,111.9,1073.56,-5.385667032,-4.2453309,-3.347478342,4.378148288,79.69033314,42.86587164,148.1493074
HER42PB,112,1074.56,-4.898750324,-4.077957583,-3.603315965,3.910281613,49.91300615,26.8484825,92.79139643
HER42PB,112.1,1075.55,-5.095718888,-3.831763379,-3.323337894,3.969380671,52.95172614,28.48302682,98.44056671
HER42PB,112.2,1076.54,-5.033483388,-3.988826094,-3.528732817,3.957729739,52.33836922,28.15309873,97.30029788
HER42PB,112.3,1077.54,-5.015472063,-3.966559443,-3.180227482,4.052439952,57.53767509,30.94983416,106.9661323
HER42PB,112.4,1078.53,-4.764965029,-3.6695173,-3.235411859,3.719505323,41.24398662,22.18536887,76.67514758
HER42PB,112.5,1079.53,-4.669532061,-3.730884422,-2.932121656,3.808171545,45.06795875,24.24230467,83.78415065
HER42PB,112.6,1080.52,-4.733831041,-3.851142056,-3.098640633,3.857227173,47.33392047,25.46117803,87.99671504
HER42PB,112.7,1081.51,-4.410096939,-3.724600905,-3.196415321,3.582131181,35.95007539,19.3377447,66.83343589
HER42PB,112.8,1082.51,-4.360985489,-3.759839846,-3.524449321,3.467556977,32.05832746,17.24435193,59.59843338
HER42PB,112.9,1083.5,-5.091132444,-4.290354599,-3.56705438,4.156813247,63.86766748,34.35477213,118.7339836
HER42PB,113,1084.5,-4.96287793,-4.220940585,-3.416329106,4.094186148,59.9904959,32.26922006,111.5260794
HER42PB,113.1,1085.49,-5.204236969,-4.201933363,-3.44493471,4.211100723,67.43072151,36.27135863,125.3579236
HER42PB,113.2,1086.48,-5.060704454,-4.319016455,-3.596383108,4.146556594,63.21594691,34.00420802,117.5223943
HER42PB,113.3,1087.48,-4.991129208,-4.281052966,-3.774553232,4.024310968,55.94174987,30.09137714,103.9992076
HER42PB,113.4,1088.47,-5.433988644,-4.152206981,-3.712040265,4.228723057,68.62954016,36.91620982,127.5866023
HER42PB,113.5,1089.47,-5.079697248,-4.276279347,-3.544447024,4.149571056,63.40679648,34.10686707,117.8771956
HER42PB,113.6,1090.46,-5.321515583,-4.033426745,-3.529756114,4.151660144,63.53939737,34.17819382,118.1237089
HER42PB,113.7,1091.46,-4.29183845,-4.025889614,-3.534459921,3.588475719,36.17888708,19.46082377,67.25881112
HER42PB,113.8,1092.45,-5.054200048,-4.113608067,-3.396736205,4.088397732,59.64424903,32.08297195,110.8823848
HER42PB,113.9,1093.44,-4.997634482,-4.087613363,-3.528896452,3.996208535,54.39153501,29.25750798,101.1172613
HER42PB,114,1094.44,-5.431349604,-4.340519455,-3.707752786,4.340520385,76.74746718,41.28288774,142.6783358
HER42PB,114.1,1095.43,-5.122574125,-4.432208588,-3.548187851,4.265597141,71.20742813,38.30287004,132.3790571
HER42PB,114.2,1096.43,-5.162711978,-4.415497577,-3.530151649,4.284983662,72.60136053,39.052674,134.9704645
HER42PB,114.3,1097.42,-5.270381088,-4.04543766,-3.318810547,4.199791763,66.67244589,35.86347798,123.9482418
HER42PB,114.4,1098.41,-5.152737635,-4.216292102,-3.503388323,4.169829731,64.70443399,34.80487347,120.2895848
HER42PB,114.5,1099.41,-4.911871627,-4.105065128,-3.649892003,3.917842811,50.29183866,27.0522586,93.49566972
HER42PB,114.6,1100.4,-5.075070219,-4.299757638,-3.487979605,4.180028161,65.36769404,35.16164473,121.5226266
HER42PB,114.7,1101.4,-5.102876418,-4.191090198,-3.651341535,4.075955905,58.90676297,31.68627411,109.5113522
HER42PB,114.8,1102.39,-4.912621156,-4.102710828,-3.574486424,3.942413351,51.54284227,27.72518038,95.82136358
HER42PB,114.9,1103.38,-4.509549613,-4.232107882,-3.490283653,3.834330232,46.2624322,24.88481855,86.00475141
HER42PB,115,1104.38,-5.281442449,-4.154350689,-3.616254522,4.170307928,64.73538289,34.82152106,120.3471207
HER42PB,115.1,1105.37,-4.867856402,-3.788024008,-3.41629704,3.784337449,44.00650433,23.67134245,81.81084057
HER42PB,115.2,1106.37,-4.847244525,-4.080485527,-3.49389432,3.920676017,50.43452785,27.12901191,93.76093784
HER42PB,115.3,1107.36,-4.929994765,-3.993703366,-3.608912552,3.875538263,48.20864023,25.93169463,89.62287371
HER42PB,115.4,1108.35,-5.062407764,-3.957895753,-3.427267502,3.990135145,54.0621951,29.08035422,100.5049979
HER42PB,115.5,1109.35,-4.898103598,-4.081577396,-3.688088479,3.883346545,48.58654036,26.1349692,90.32541366
HER42PB,115.6,1110.34,-4.475121642,-3.8899052,-3.346171165,3.662271239,38.94970659,20.95126293,72.40993767
HER42PB,115.7,1111.34,-4.435708976,-3.908044787,-3.27413173,3.677653567,39.55347551,21.27603358,73.53238183
HER42PB,115.8,1112.33,-4.758472096,-3.957783374,-3.06209559,3.946162772,51.73646086,27.82932889,96.18131264
HER42PB,115.9,1113.33,-4.584891326,-3.751009283,-3.10176149,3.718567501,41.20532524,22.1645727,76.60327365
HER42PB,116,1114.32,-4.76293677,-3.677807831,-3.410697913,3.663940023,39.01475947,20.98625524,72.53087505
HER42PB,116.1,1115.31,-4.877262619,-3.833972196,-3.194535522,3.891965046,49.00709316,26.36118689,91.10724758
HER42PB,116.2,1116.31,-5.051379237,-3.876483643,-3.203308596,4.011368897,55.22241264,29.70444166,102.6619148
HER42PB,116.3,1117.3,-4.953860708,-3.837856676,-3.030765236,3.992074497,54.16714246,29.13680599,100.7001016
HER42PB,116.4,1118.3,-3.825959047,-4.05187104,-3.30946233,3.463975198,31.94370701,17.18269695,59.38534681
HER42PB,116.5,1119.29,-5.105150324,-3.955062608,-3.599253091,3.95458217,52.17388956,28.06462421,96.99451991
HER42PB,116.6,1120.28,-5.291260266,-3.985546391,-3.660123991,4.06092075,58.0277155,31.21342961,107.877148
HER42PB,116.7,1121.28,-5.018445981,-4.077694952,-3.756204269,3.924980661,50.6520985,27.24604437,94.16541526
HER42PB,116.8,1122.27,-5.654547257,-4.256850264,-4.007301061,4.329264974,75.88848603,40.82083702,141.0814362
HER42PB,116.9,1123.27,-5.603275197,-4.298613791,-4.009209065,4.320721215,75.24287501,40.47355927,139.881205
HER42PB,117,1124.26,-5.175571754,-4.101888848,-3.772375582,4.023905545,55.91907437,30.07917987,103.9570524
HER42PB,117.1,1125.25,-4.942388897,-4.022468397,-3.934099247,3.789299523,44.22541053,23.78909331,82.21780086
HER42PB,117.2,1126.25,-4.963886315,-4.340419055,-3.741809157,4.055472475,57.71242423,31.04383269,107.2910019
HER42PB,117.3,1127.24,-4.990570006,-4.026933154,-3.740697213,3.884382839,48.63691638,26.16206674,90.41906582
HER42PB,117.4,1128.24,-5.129933935,-4.197113902,-3.51574542,4.141056568,62.86921196,33.81769737,116.8777924
HER42PB,117.5,1129.23,-5.262037779,-4.129057846,-3.614186364,4.144451903,63.08303678,33.93271493,117.2753061
HER42PB,117.6,1130.22,-5.252887069,-4.496279534,-3.575468291,4.370493069,79.08261527,42.53897683,147.019522
HER42PB,117.7,1131.22,-5.325358509,-4.238809093,-3.580233256,4.258969474,70.7370495,38.04985077,131.5045938
HER42PB,117.8,1132.21,-6.597043377,-4.445281174,-3.587654777,5.250097682,190.5848843,102.516665,354.3092054
HER42PB,117.9,1133.21,-6.393033185,-4.756514314,-4.022239842,5.132548438,169.4483969,91.14723136,315.0151551
HER42PB,118,1134.2,-5.44882085,-3.894077596,-3.52504323,4.147741208,63.2908778,34.04451377,117.6616955
HER42PB,118.1,1135.2,-5.4401988,-4.277047991,-3.503473561,4.377449039,79.63462925,42.83590821,148.0457504
HER42PB,118.2,1136.19,-5.887322801,-4.348621439,-3.627085255,4.665643566,106.2339318,57.14382038,197.4955154
HER42PB,118.3,1137.18,-5.863410192,-4.546108702,-3.631009155,4.765683455,117.4113352,63.15620761,218.2750067
HER42PB,118.4,1138.18,-5.984380692,-4.655590826,-4.324473354,4.677737147,107.5264805,57.83908949,199.8984442
HER42PB,118.5,1139.17,-5.680323614,-4.67761165,-4.37223,4.472332232,87.56069689,47.0993839,162.7808053
HER42PB,118.6,1140.17,-6.365052671,-4.544472763,-4.244789135,4.910247449,135.6729824,72.97924877,252.2245495
HER42PB,118.7,1141.16,-5.731721843,-4.511219737,-4.235908956,4.452931698,85.87834464,46.1944373,159.6532074
HER42PB,118.8,1142.15,-4.940088421,-4.300525486,-3.969638939,3.94129875,51.48542457,27.69429508,95.71462049
HER42PB,118.9,1143.15,-5.609728815,-4.356965847,-3.867417621,4.407572157,82.06996844,44.14589065,152.5731981
HER42PB,119,1144.14,-5.378801074,-4.345193616,-3.872395388,4.255447447,70.48834992,37.91607389,131.0422458
HER42PB,119.1,1145.14,-5.614184022,-4.666802703,-3.731643487,4.640639548,103.6105903,55.73271047,192.6185598
HER42PB,119.2,1146.13,-5.470758134,-4.916294341,-3.961100811,4.621248816,101.6208587,54.66242281,188.9195244
HER42PB,119.3,1147.12,-5.616195174,-4.545753763,-3.954797523,4.494316812,89.50699801,48.14631005,166.3991007
HER42PB,119.4,1148.12,-5.620670323,-4.66388823,-3.868241766,4.596740995,99.16062354,53.3390487,184.3457936
HER42PB,119.5,1149.11,-5.756928219,-4.515215087,-4.124675629,4.509478396,90.87440571,48.88184623,168.941197
HER42PB,119.6,1150.11,-5.441872652,-4.645815509,-4.266990229,4.33895762,76.62762262,41.21842268,142.4555373
HER42PB,119.7,1151.1,-5.604677224,-4.629026646,-4.086919723,4.491723568,89.27518516,48.02161664,165.9681461
HER42PB,119.8,1152.09,-5.871784552,-4.867049778,-3.984389117,4.842344272,126.7661781,68.18822941,235.666244
HER42PB,119.9,1153.09,-5.654586245,-4.709649915,-4.208170154,4.530426788,92.79815782,49.91664314,172.5175723
HER42PB,120,1154.08,-6.300449347,-4.7146213,-4.233586587,4.967626783,143.6854855,77.28921861,267.1202934
HER42PB,120.1,1155.09,-5.530300521,-4.936638892,-3.925418425,4.682466537,108.0362195,58.11328094,200.8460809
HER42PB,120.2,1156.1,-6.214577795,-4.632791414,-4.03262069,4.924800761,137.6619113,74.04910469,255.9220927
HER42PB,120.3,1157.11,-5.740132948,-4.588466097,-3.964528919,4.596323354,99.11921865,53.31677678,184.2688193
HER42PB,120.4,1158.12,-5.583345922,-4.503576721,-3.939313364,4.453643594,85.93950292,46.22733468,159.7669044
HER42PB,120.5,1159.12,-5.654430169,-4.28480286,-3.697950338,4.450655588,85.68309842,46.08941328,159.2902325
HER42PB,120.6,1160.13,-5.357726332,-4.016552407,-3.6898962,4.109146007,60.8946917,32.75559199,113.2070359
HER42PB,120.7,1161.14,-5.304919727,-4.595974429,-4.093964984,4.284969224,72.60031236,39.05211018,134.9685159
HER42PB,120.8,1162.15,-5.633464834,-4.439020036,-4.05733412,4.407119621,82.03283722,44.12591756,152.5041689
HER42PB,120.9,1163.16,-5.459281517,-4.291676356,-3.871505101,4.27315703,71.7477884,38.59353282,133.3836206
HER42PB,121,1164.17,-5.833156687,-4.15443609,-4.144345187,4.338637258,76.60307797,41.20521998,142.4099072
HER42PB,121.1,1165.17,-5.316681051,-4.191751454,-4.405737925,3.946004955,51.7282966,27.82493729,96.16613477
HER42PB,121.2,1166.18,-6.033252741,-4.609475287,-4.18086865,4.732690408,113.600784,61.10649099,211.1909539
HER42PB,121.3,1167.19,-5.533423562,-4.378930815,-3.775268423,4.403720143,81.75444184,43.97616714,151.9866145
HER42PB,121.4,1168.2,-6.008547528,-4.667165724,-3.752997384,4.894928679,133.6104771,71.86981575,248.3902233
HER42PB,121.5,1169.21,-5.692333537,-4.526827014,-3.721139273,4.611108066,100.5955544,54.11090594,187.0134196
HER42PB,121.6,1170.22,-5.573567105,-4.390471886,-3.70494863,4.459649563,86.45720596,46.50581001,160.7293467
HER42PB,121.7,1171.22,-5.417170389,-4.201586424,-3.662589923,4.26454124,71.13227983,38.26244735,132.2393517
HER42PB,121.8,1172.23,-5.62326238,-4.232432864,-3.604729592,4.431178074,84.03035263,45.20039217,156.2176748
HER42PB,121.9,1173.24,-5.602964802,-3.738955792,-3.259924754,4.241724625,69.52765762,37.39931218,129.2562588
HER42PB,122,1174.25,-5.681536866,-4.297517818,-3.555472008,4.523945317,92.19863419,49.59415606,171.4030205
HER42PB,122.1,1175.26,-5.604422439,-4.490305963,-4.344985363,4.321619564,75.31049976,40.509935,140.0069236
HER42PB,122.2,1176.27,-5.587218695,-4.534999446,-4.351747224,4.334992895,76.32441659,41.05532648,141.8918583
HER42PB,122.3,1177.27,-5.431998396,-4.474322448,-3.969460518,4.33177307,76.07906056,40.92334812,141.4357261
HER42PB,122.4,1178.28,-5.005392215,-4.224469424,-3.725478258,4.015310261,55.44049376,29.8217487,103.0673412
HER42PB,122.5,1179.29,-5.355568369,-4.338634111,-4.079731003,4.167215032,64.53547239,34.71398809,119.9754746
HER42PB,122.6,1180.3,-5.481718587,-4.476196722,-3.941273546,4.373087214,79.28803337,42.64947237,147.401407
HER42PB,122.7,1181.31,-6.373161769,-4.59382482,-4.072430245,5.004023329,149.0114769,80.15409889,277.0216442
HER42PB,122.8,1182.32,-5.557925848,-4.456444117,-3.751900802,4.473104036,87.62830275,47.13574946,162.9064888
HER42PB,122.9,1183.32,-5.426882178,-4.116573724,-3.551957925,4.257435874,70.62865029,37.99154224,131.303073
HER42PB,123,1184.33,-5.405512333,-4.379500857,-3.655216988,4.365701135,78.7045631,42.33562047,146.3166993
HER42PB,123.1,1185.34,-5.673585056,-4.289674486,-3.910813123,4.393722263,80.9411432,43.5386893,150.4746415
HER42PB,123.2,1186.35,-5.308486999,-4.507450857,-3.801600612,4.333558629,76.21502558,40.99648445,141.6884936
HER42PB,123.3,1187.36,-5.177101134,-4.207888001,-3.761353506,4.091554356,59.83282098,32.18440585,111.2329519
HER42PB,123.4,1188.37,-5.910043575,-4.199253169,-3.760868696,4.54681357,94.33134864,50.74135498,175.3678699
HER42PB,123.5,1189.37,-5.276210904,-4.199533692,-3.892879508,4.100307142,60.35882347,32.4673455,112.2108234
HER42PB,123.6,1190.38,-5.825135636,-4.441369721,-3.676196299,4.662570273,105.907945,56.96847028,196.8894856
HER42PB,123.7,1191.39,-6.125837599,-4.718923951,-4.056867358,4.904559928,134.9035296,72.56535589,250.7940888
HER42PB,123.8,1192.4,-5.125736098,-4.435117363,-3.921763293,4.14253454,62.96219963,33.86771596,117.0506623
HER42PB,123.9,1193.41,-5.841926022,-4.615059398,-3.985628032,4.672138085,106.9261154,57.51614977,198.782328
HER42PB,124,1194.42,-6.244612448,-4.738715215,-3.598553923,5.156555782,173.565627,93.36191225,322.669343
HER42PB,124.1,1195.42,-5.753975805,-4.697923131,-4.110508144,4.620977113,101.5932517,54.64757286,188.8682013
HER42PB,124.2,1196.43,-6.038819005,-4.725646908,-3.988647845,4.870769065,130.4211807,70.15427554,242.461122
HER42PB,124.3,1197.44,-5.865473047,-4.597626836,-4.091603142,4.641589159,103.7090268,55.78566002,192.8015594
HER42PB,124.4,1198.45,-5.101457136,-4.624702944,-3.834023978,4.271034885,71.59569059,38.51171857,133.1008613
HER42PB,124.5,1199.46,-5.486119049,-4.541254945,-3.906095022,4.426418305,83.63133785,44.9857599,155.4758814
HER42PB,124.6,1200.47,-5.390962515,-4.643401913,-4.055269167,4.378156772,79.69100927,42.86623533,148.1505644
HER42PB,124.7,1201.47,-5.561332307,-4.548333771,-4.052139809,4.428123743,83.77408762,45.0625458,155.7412621
HER42PB,124.8,1202.48,-5.473335322,-4.591431932,-4.009167451,4.413401475,82.54977752,44.40398261,153.4651932
HER42PB,124.9,1203.49,-5.507377019,-4.656909583,-4.051349319,4.459161317,86.41500386,46.48310927,160.6508904
HER42PB,125,1204.5,-5.119095478,-4.463975693,-4.143878962,4.08058816,59.18026709,31.8333935,110.0198134
HER42PB,125.1,1205.51,-5.739883911,-4.46052363,-3.839467478,4.562477701,95.82060072,51.54243192,178.1364825
HER42PB,125.2,1206.52,-5.39579257,-4.319502637,-3.683248336,4.314605185,74.78409173,40.22677721,139.0282982
HER42PB,125.3,1207.52,-5.443849524,-4.290428999,-3.893892522,4.255326066,70.47979449,37.91147188,131.0263407
HER42PB,125.4,1208.53,-5.267827292,-4.116724821,-3.432136894,4.202252046,66.83668097,35.95182093,124.2535651
HER42PB,125.5,1209.54,-5.231108617,-3.97578264,-3.916162337,3.932707639,51.04500215,27.45738942,94.8958477
HER42PB,125.6,1210.55,-5.082612297,-3.873248644,-3.543712852,3.911859028,49.99180178,26.89086711,92.93788243
HER42PB,125.7,1211.56,-4.967162805,-4.196390462,-3.781290042,3.958285571,52.36746865,28.16875147,97.35439553
HER42PB,125.8,1212.57,-5.077276196,-4.011510421,-3.781710688,3.910354248,49.91663169,26.8504327,92.79813652
HER42PB,125.9,1213.57,-5.29705033,-4.360193321,-3.649391205,4.290760789,73.02200171,39.27893923,135.7524628
HER42PB,126,1214.58,-5.176606831,-4.28016497,-3.478713498,4.23003284,68.71948886,36.96459373,127.7538226
HER42PB,126.1,1215.59,-5.335465956,-4.323865044,-3.615679986,4.303598425,73.96547463,39.78643853,137.5064378
HER42PB,126.2,1216.6,-5.257276817,-4.282585242,-3.555712427,4.252731951,70.29719873,37.81325261,130.6868838
HER42PB,126.3,1217.61,-5.069666252,-3.709467002,-3.035158683,3.979456843,53.48797398,28.7714775,99.43748495
HER42PB,126.4,1218.62,-5.266470777,-3.609886086,-3.187891676,3.982882527,53.67152107,28.8702085,99.77871044
HER42PB,126.5,1219.62,-5.207527817,-4.203814271,-3.532394646,4.184504307,65.66094517,35.31938614,122.0677988
HER42PB,126.6,1220.63,-5.480605589,-4.540598331,-3.424432675,4.585857939,98.08730394,52.76170414,182.3504254
HER42PB,126.7,1221.64,-5.684670175,-4.448211916,-3.570462676,4.610483348,100.5327302,54.07711249,186.8966256
HER42PB,126.8,1222.65,-5.329871228,-4.338026915,-3.828610734,4.236488728,69.16456935,37.20400499,128.581255
HER42PB,126.9,1223.66,-5.351024812,-4.720397988,-4.201220244,4.350278379,77.50003427,41.68769774,144.077405
HER42PB,127.1,1225.67,-6.428501986,-4.784577897,-4.258947158,5.09554867,163.2934143,87.8364321,303.5726578
HER42PB,127.2,1226.68,-6.177086208,-4.941614737,-3.981344211,5.0989385,163.8478903,88.13468785,304.6034635
HER42PB,127.3,1227.69,-5.974927461,-4.671656436,-4.138397758,4.743874423,114.8784282,61.79374291,213.5661743
HER42PB,127.4,1228.7,-6.175063066,-4.68440869,-4.727360077,4.691728581,109.041504,58.65402905,202.7149676
HER42PB,127.5,1229.71,-6.501706667,-4.770378937,-4.392616432,5.097189043,163.5614961,87.98063481,304.0710387
HER42PB,127.6,1230.72,-5.817300536,-4.953260494,-4.437847707,4.703577176,110.3411771,59.35313038,205.131141
HER42PB,127.7,1231.72,-6.607195775,-5.094607689,-5.129093865,5.121628519,167.6081005,90.15732571,311.593929
HER42PB,127.8,1232.73,-6.277467128,-5.095655895,-4.733115832,5.008095586,149.6195272,80.48117249,278.1520475
HER42PB,127.9,1233.74,-6.498984714,-5.063900189,-4.944355038,5.082633267,161.1979749,86.70928364,299.6771051
HER42PB,128,1234.75,-7.446864092,-5.166257906,-5.619513678,5.711034622,302.1835523,162.5462067,561.7781006
HER42PB,128.1,1235.76,-7.325579594,-5.119844327,-4.526892119,5.943093366,381.1120271,205.0022705,708.5110658
HER42PB,128.2,1236.77,-6.828377033,-5.00921859,-4.426162099,5.485277621,241.1158735,129.697564,448.2494709
HER42PB,128.3,1237.77,-6.744661021,-5.248018602,-5.017934022,5.359077049,212.5287023,114.3203662,395.1041338
HER42PB,128.4,1238.78,-6.476163692,-5.124355507,-4.866725779,5.127542775,168.6023148,90.6921191,313.4422355
HER42PB,128.5,1239.79,-8.051234703,-5.179555078,-4.990963908,6.525970638,682.6420502,367.1969403,1269.074215
HER42PB,128.6,1240.8,-6.22181888,-5.249247312,-4.406222963,5.169907805,175.8986198,94.616842,327.0065224
HER42PB,128.7,1241.81,-6.91890906,-5.370771673,-4.819399955,5.641392249,281.8548576,151.6112892,523.9857873
HER42PB,128.8,1242.82,-6.92975475,-5.179380496,-4.682739508,5.582924985,265.8480712,143.0011501,494.2281714
HER42PB,128.9,1243.82,-6.868390555,-4.737187079,-4.309227135,5.395897692,220.4999993,118.6081711,409.923273
HER42PB,129,1244.83,-6.938415547,-4.717450983,-4.067756331,5.523921086,250.6157991,134.8076266,465.9104262
HER42PB,129.1,1245.84,-7.395561455,-4.921583876,-4.302544667,5.964771346,389.4639655,209.4948245,724.0378411
HER42PB,129.2,1246.85,-6.30726771,-4.799927667,-4.586604162,4.90369277,134.7865977,72.50245756,250.5767051
HER42PB,129.3,1247.86,-6.867680868,-4.617739509,-4.36792771,5.304401286,201.2204929,108.2376178,374.0814661
HER42PB,129.4,1248.87,-7.829922046,-4.924844141,-5.186114114,6.082361325,438.062382,235.6361819,814.3853332
HER42PB,129.5,1249.87,-7.556819947,-5.031091303,-5.555339947,5.755130124,315.806639,169.8741405,587.1042699
HER42PB,129.6,1250.88,-6.416031757,-5.197874318,-4.733166376,5.171200641,176.1261749,94.73924512,327.4295614
HER42PB,129.7,1251.89,-6.519224913,-5.11985847,-4.281880341,5.355883162,211.8509925,113.9558224,393.844229
HER42PB,129.8,1252.9,-6.459673534,-5.132468089,-4.445864007,5.26252282,192.9677004,103.798395,358.7390095
HER42PB,129.9,1253.91,-6.459647873,-4.968402916,-4.918032557,5.004927919,149.1463322,80.22663828,277.2723485
HER42PB,130,1254.92,-7.400726811,-5.055582103,-4.908599913,5.843758961,345.0740257,185.61723,641.5141701
HER42PB,130.1,1255.95,-6.560978278,-4.84285206,-5.246657417,4.896276165,133.7906367,71.9667246,248.7251513
HER42PB,130.2,1256.98,-6.998611108,-4.852030264,-4.488560277,5.511766832,247.5881876,133.1790576,460.2819072
HER42PB,130.3,1258.02,-6.775924028,-4.888854379,-4.962185652,5.189543173,179.3865855,96.49303806,333.4908685
HER42PB,130.4,1259.05,-6.311683684,-4.831360374,-4.548497588,4.938533608,139.5654418,75.07302424,259.4608747
HER42PB,130.5,1260.08,-6.242067611,-4.849128707,-4.775730543,4.821389591,124.1374714,66.7742335,230.7793139
HER42PB,130.6,1261.12,-6.241055268,-4.885220115,-4.46271882,4.948203239,140.921534,75.80247378,261.9819349
HER42PB,130.7,1262.15,-6.519844283,-4.780974278,-4.597588325,5.04786945,155.6904046,83.74673109,289.4381879
HER42PB,130.8,1263.18,-6.47061266,-4.601466527,-4.250659832,5.021246861,151.6002103,81.54659292,281.8342612
HER42PB,130.9,1264.21,-5.931189035,-4.599954451,-3.869765999,4.762468327,117.034449,62.95347842,217.5743516
HER42PB,131,1265.25,-6.551026425,-4.613235401,-3.906592739,5.206265285,182.4115294,98.12017211,339.1144281
HER42PB,131.1,1266.28,-6.707948408,-5.130115835,-4.099513938,5.570960174,262.6862027,141.3003636,488.3500604
HER42PB,131.2,1267.31,-7.283606712,-4.914082136,-3.993484147,5.963874871,389.1149771,209.3071017,723.3890499
HER42PB,131.3,1268.35,-6.619419398,-4.888284551,-4.494461018,5.223580422,185.5975132,99.83393046,345.037371
HER42PB,131.4,1269.38,-6.253639194,-4.741767526,-4.258651484,4.941184039,139.935841,75.27226406,260.14947
HER42PB,131.5,1270.41,-6.596031403,-4.627065477,-4.255403684,5.131076889,169.1992288,91.01320246,314.551936
HER42PB,131.6,1271.45,-6.389159432,-4.94924398,-3.914188989,5.280871509,196.5410881,105.72054,365.3821604
HER42PB,131.7,1272.48,-6.06002816,-4.601413137,-4.491412242,4.641252363,103.6741039,55.76687478,192.7366355
HER42PB,131.8,1273.51,-5.883055655,-4.597404819,-4.295123947,4.584276385,97.93229619,52.67832461,182.0622563
HER42PB,131.9,1274.55,-6.120468662,-4.702222701,-4.247667982,4.826173913,124.7328079,67.09446835,231.8860818
HER42PB,132,1275.58,-6.436628212,-4.539508227,-3.842421448,5.097118378,163.5499386,87.97441794,304.0495525
HER42PB,132.1,1276.61,-6.909696251,-4.678146931,-4.258468386,5.412062256,224.0932492,120.5410001,416.603349
HER42PB,132.2,1277.65,-6.139597155,-4.766725814,-3.921843997,4.988473696,146.7123249,78.91737226,272.7473768
HER42PB,132.3,1278.68,-5.656507555,-4.664470849,-3.898084506,4.609893594,100.4734581,54.04522969,186.7864351
HER42PB,132.4,1279.71,-6.259291718,-4.403941146,-4.096317064,4.79944435,121.442919,65.32481888,225.7699728
HER42PB,132.5,1280.75,-5.841936007,-4.631056416,-3.639225952,4.79905977,121.3962235,65.29970107,225.6831628
HER42PB,132.6,1281.78,-5.976350909,-4.617913503,-3.972497725,4.76912349,117.8159299,63.37384132,219.0271734
HER42PB,132.7,1282.81,-5.592864708,-4.441355473,-3.984909375,4.407221638,82.04120641,44.13041939,152.5197277
HER42PB,132.8,1283.85,-5.795670829,-4.629683138,-4.089271208,4.615018077,100.9896541,54.32289438,187.7460757
HER42PB,132.9,1284.88,-5.795449663,-4.69079506,-3.645803863,4.801508252,121.6938241,65.4597821,226.236421
HER42PB,133,1285.91,-5.103941064,-4.808579304,-3.894257723,4.361370266,78.36444104,42.15266693,145.6843912
HER42PB,133.1,1286.95,-5.755241033,-4.76818123,-4.383637387,4.571008252,96.64149961,51.98399798,179.6625848
HER42PB,133.2,1287.98,-5.938485622,-4.829923003,-4.173754825,4.801125562,121.647262,65.43473611,226.1498592
HER42PB,133.3,1289.01,-6.410613382,-4.61055511,-4.422739034,4.923159375,137.4361404,73.92766122,255.5023704
HER42PB,133.4,1290.05,-5.970392433,-4.482315378,-3.800397261,4.742752066,114.7495659,61.72442715,213.3266112
HER42PB,133.5,1291.08,-5.482647395,-3.790051674,-3.485144296,4.120301978,61.57783462,33.12305835,114.4770412
HER42PB,133.6,1292.11,-6.777896576,-4.610935657,-4.207334482,5.281731085,196.7101028,105.811454,365.6963692
HER42PB,133.7,1293.15,-6.805307185,-4.602542427,-4.502722092,5.198788618,181.0527849,97.38929592,336.5884372
HER42PB,133.8,1294.18,-6.243291364,-4.499618081,-4.046066786,4.861770171,129.2527993,69.52579674,240.2890281
HER42PB,133.9,1295.21,-5.801404031,-4.903462438,-4.172163491,4.753489845,115.9883604,62.39078157,215.6296076
HER42PB,134,1296.25,-5.804863576,-4.656460623,-3.999681087,4.667378968,106.4184504,57.24307396,197.8385471
HER42PB,134.1,1297.28,-6.159198513,-4.941900254,-4.287396336,4.982639166,145.8588197,78.45826712,271.1606575
HER42PB,134.2,1298.31,-5.986883362,-4.682105859,-4.598066932,4.602492204,99.73256005,53.64669652,185.4090593
HER42PB,134.3,1299.35,-5.830044758,-4.754893956,-4.283407746,4.646443314,104.2136704,56.05711059,193.7397233
HER42PB,134.4,1300.38,-7.310755814,-4.803661249,-4.386767445,5.789256275,326.7699069,175.7713431,607.4856697
HER42PB,134.5,1301.41,-6.600794216,-4.894332327,-4.947068623,5.059263644,157.4745163,84.70641464,292.754963
HER42PB,134.6,1302.44,-7.023020863,-5.089431198,-4.700633143,5.601673946,270.8794658,145.7075652,503.5818483
HER42PB,134.7,1303.48,-7.201864926,-4.927253685,-4.858733739,5.606015705,272.058116,146.3415676,505.7730327
HER42PB,134.8,1304.51,NA,-5.096365051,-4.659325597,NA,NA,NA,NA
HER42PB,134.9,1305.54,-6.870780043,-5.161496795,-4.109189075,5.717935245,304.2760183,163.6717558,565.6681257
HER42PB,135,1306.58,-7.797881691,-5.128052703,-4.753359253,6.317963213,554.4425602,298.2377244,1030.743354
HER42PB,135.1,1307.61,-7.74838389,-5.126276119,-4.385153107,6.392844052,597.5536387,321.4274124,1110.889543
HER42PB,135.2,1308.64,-6.623187848,-5.028959354,-4.614593997,5.269447118,194.308503,104.5196201,361.2316452
HER42PB,135.3,1309.68,-6.63698598,-4.961830996,-4.85153568,5.160025746,174.1689396,93.68643744,323.7909389
HER42PB,135.4,1310.71,-6.832053909,-4.906278669,-4.712721039,5.329948366,206.4273153,111.0383964,383.7612744
HER42PB,135.5,1311.74,-6.395646781,-4.755903519,-4.637788864,4.92551033,137.7596266,74.10166624,256.1037514
HER42PB,135.6,1312.78,-6.23255007,-4.875911919,-4.652099695,4.872340209,130.6262522,70.26458465,242.8423628
HER42PB,135.7,1313.81,-6.268968307,-4.709402224,-4.579071973,4.824470013,124.5204567,66.98024343,231.4913076
HER42PB,135.8,1314.84,-6.89060912,-4.787070027,-4.272679337,5.456230662,234.2129308,125.9844329,435.4164692
HER42PB,135.9,1315.88,-6.278396338,-4.862543175,-4.61447024,4.910384911,135.6916335,72.98928134,252.2592232
HER42PB,136,1316.91,-6.404376605,-5.092773137,-4.469347956,5.18940583,179.3619498,96.47978635,333.4450691
HER42PB,136.1,1317.94,-6.522371664,-4.762731744,-4.440777269,5.092104239,162.7319289,87.53440602,302.5288215
HER42PB,136.2,1318.98,-6.801929539,-4.728318917,-4.453882072,5.28738567,197.8255675,106.4114686,367.7700879
HER42PB,136.3,1320.01,-7.741431371,-4.766502225,-4.527272536,6.123946454,456.6633441,245.6417425,848.9656838
HER42PB,136.4,1321.04,-6.299434219,-4.923611158,-4.500754307,5.000591439,148.5009625,79.87949033,276.0725658
HER42PB,136.5,1322.08,-6.649974611,-5.002070418,-5.148078241,5.09363506,162.9812331,87.66850809,302.9922934
HER42PB,136.6,1323.11,-6.676164693,-5.050197479,-4.545950826,5.346953409,209.967637,112.942755,390.3429535
HER42PB,136.7,1324.14,-5.840208067,-5.345297898,-5.02733043,4.752105411,115.8278933,62.30446541,215.3312892
HER42PB,136.8,1325.18,-7.784499245,-4.801345753,-4.218493889,6.291737569,540.0909595,290.5179189,1004.062832
HER42PB,136.9,1326.21,-6.474739102,-5.016124079,-4.819690678,5.078054024,160.4614978,86.31312851,298.3079481
HER42PB,137,1327.24,-6.243476831,-5.081148728,-4.038968901,5.210064201,183.1058134,98.49363131,340.4051454
HER42PB,137.1,1328.28,-6.757035743,-5.174626503,-4.636772207,5.454548362,233.8192455,125.7726674,434.6845837
HER42PB,137.2,1329.31,-6.401372894,-5.054924442,-4.235897015,5.243780596,189.3847378,101.8710996,352.0780582
HER42PB,137.3,1330.34,-6.638358343,-5.013047082,-4.414816457,5.339566584,208.4223571,112.1115404,387.4701816
HER42PB,137.4,1331.38,-7.644360975,-5.459558918,-4.367216242,6.495992302,662.4812809,356.3523508,1231.594085
HER42PB,137.5,1332.41,-7.049728214,-5.08240397,-4.428138577,5.712545356,302.6404162,162.7919563,562.6274392
HER42PB,137.6,1333.44,-7.198397252,-5.159963734,-4.43252748,5.885780526,359.8835567,193.5833587,669.0460133
HER42PB,137.7,1334.48,-6.556081287,-5.066787686,-4.358856709,5.326539723,205.7248761,110.6605504,382.4553959
HER42PB,137.8,1335.51,-7.327561504,-4.860168437,-4.355012566,5.848741258,346.797577,186.5443377,644.7183595
HER42PB,137.9,1336.54,-8.550904249,-5.203509573,-4.510362393,7.252405352,1411.495912,759.2514701,2624.059075
HER42PB,138,1337.58,-7.332914076,-4.912545947,-4.492374692,5.838155845,343.1459424,184.5801033,637.9297427
HER42PB,138.1,1338.61,-7.085847475,-5.2066287,-4.273727914,5.869626816,354.1168047,190.4813909,658.3252612
HER42PB,138.2,1339.64,-6.961404368,-5.123124883,-4.616855076,5.598210043,269.9427888,145.2037215,501.8405073
HER42PB,138.3,1340.67,-7.192450753,-5.337269457,-4.156468077,6.079543198,436.8296044,234.973064,812.0935226
HER42PB,138.4,1341.71,-6.744433889,-4.897411741,-4.74479834,5.243010856,189.2390169,101.7927155,351.8071539
HER42PB,138.5,1342.74,-6.756984067,-4.932434775,-4.4173173,5.384888074,218.0856932,117.3095025,405.4349272
HER42PB,138.6,1343.77,-6.708655453,-5.090742914,-4.781150732,5.31708987,203.789963,109.61975,378.8582716
HER42PB,138.7,1344.81,NA,-5.062782743,-4.474525379,NA,NA,NA,NA
HER42PB,138.8,1345.84,-6.697892709,-5.088454796,-4.397483895,5.437216326,229.8015996,123.6115534,427.2155291
HER42PB,138.9,1346.87,-6.233305448,-4.854078254,-4.146846334,5.031146285,153.108418,82.35786618,284.6381135
HER42PB,139,1347.91,-6.827547974,-4.994966511,-4.153399325,5.568574404,262.0602408,140.9636552,487.1863582
HER42PB,139.1,1348.94,-7.378097393,-4.917796554,-4.374066316,5.92234326,373.2853946,200.7922815,693.9608671
HER42PB,139.2,1349.97,-6.484919837,-4.848724476,-4.524586361,5.086268623,161.7850533,87.02507637,300.7685205
HER42PB,139.3,1351.01,-7.512929581,-4.981502916,-4.770554638,5.950355613,383.8898311,206.4964667,713.6751771
HER42PB,139.4,1352.04,-7.20778324,-5.065690734,-4.608932331,5.778192589,323.1745531,173.8373823,600.8016824
HER42PB,139.5,1353.07,-7.113549192,-5.364349337,-4.418077773,5.938322047,379.2979512,204.0264691,705.1385854
HER42PB,139.6,1354.11,-6.732625193,-4.97777028,-4.647763584,5.314231172,203.2082209,109.3068277,377.7767768
HER42PB,139.7,1355.14,-7.722859777,-5.162445575,-4.637179267,6.303929256,546.7158819,294.0815014,1016.378977
HER42PB,139.8,1356.17,-6.599228527,-5.208228275,-4.40200395,5.429411085,228.0149245,122.650491,423.8939884
HER42PB,139.9,1357.21,-6.588381313,-4.902681416,-4.777929711,5.111910934,165.9872427,89.28545734,308.5806532
HER42PB,140,1358.24,-6.542576749,-4.947791114,-4.6555071,5.14485362,171.5463719,92.27574373,318.9154216
HER42PB,140.1,1359.26,-8.601639376,-5.122599508,-4.411984634,7.296601169,1475.277178,793.5597665,2742.632433
HER42PB,140.2,1360.27,-6.933607404,-5.063886393,-4.277324768,5.654866441,285.6783252,153.6679536,531.0938524
HER42PB,140.3,1361.29,-6.753515706,-5.07124047,-4.609535643,5.399485356,221.2925001,119.0344616,411.3965814
HER42PB,140.4,1362.3,-6.456556771,-4.954364389,-4.451875304,5.152237548,172.817746,92.95962288,321.2789854
HER42PB,140.5,1363.32,-6.677948956,-4.969420141,-4.9433479,5.165648635,175.1510309,94.21470976,325.6167079
HER42PB,140.6,1364.34,NA,-5.171844611,-4.502008509,NA,NA,NA,NA
HER42PB,140.7,1365.35,-7.215366746,-5.346220613,-4.247608324,6.074123135,434.4683652,233.7029404,807.7038315
HER42PB,140.8,1366.37,-6.720194489,-4.903915403,-4.419739323,5.337684928,208.0305467,111.9007834,386.7417816
HER42PB,140.9,1367.39,-6.853067269,-5.497735133,-4.328314711,5.82905483,340.0371341,182.9078581,632.1502739
HER42PB,141,1368.4,-7.86904487,-5.465107283,-4.121896508,6.803488149,900.9845856,484.6445996,1674.986628
HER42PB,141.1,1369.42,-6.974706428,-5.312624782,-4.220873584,5.856233959,349.4057866,187.9473081,649.5671841
HER42PB,141.2,1370.43,-7.011739848,-5.430472813,-4.515325592,5.857699276,349.9181521,188.2229124,650.5197036
HER42PB,141.3,1371.45,-7.19468707,-5.364775835,-4.815140936,5.874619569,355.8892434,191.4347955,661.6203354
HER42PB,141.4,1372.47,-7.392006921,-5.185932729,-4.705520898,5.982116054,396.2780272,213.160146,736.7056075
HER42PB,141.5,1373.48,-7.56894483,-5.285591099,-4.752681044,6.1899524,487.8228854,262.4026324,906.8932176
HER42PB,141.6,1374.5,-6.713879225,-5.246004877,-4.44175334,5.528587101,251.7879086,135.4381108,468.0894509
HER42PB,141.7,1375.51,-6.462677123,-4.902836151,-4.407726601,5.141189425,170.9189427,91.93824608,317.7489915
HER42PB,141.8,1376.53,-6.930230537,-4.950161469,-4.50327753,5.507860322,246.6228685,132.6598071,458.4873187
HER42PB,141.9,1377.55,-6.635678696,-4.944002685,-4.978422909,5.105396574,164.9094564,88.70571011,306.5769811
HER42PB,142,1378.56,-7.066673795,-5.310907929,-4.758046388,5.751054451,314.5221336,169.183198,584.7162942
HER42PB,142.1,1379.58,-8.044502879,-5.120514511,-4.726129848,6.57359982,715.9424741,385.1094228,1330.981783
HER42PB,142.2,1380.59,-7.086270582,-5.187681089,-4.902204089,5.645719088,283.0770404,152.2687081,526.2579015
HER42PB,142.3,1381.61,NA,-5.317731644,-4.65218973,NA,NA,NA,NA
HER42PB,142.4,1382.63,-6.731348113,-5.248776921,-4.918535234,5.38256959,217.5806509,117.0378374,404.4960219
HER42PB,142.5,1383.64,-7.633649837,-5.466101027,-4.897916207,6.309727214,549.8949246,295.7915261,1022.289016
HER42PB,142.6,1384.66,-7.806212943,-5.568166371,-5.688452537,6.27098328,528.9972748,284.5505645,983.4389794
HER42PB,142.7,1385.67,-8.383636402,-5.570225685,-4.734422204,7.204370682,1345.297802,723.6431402,2500.992653
HER42PB,142.8,1386.69,NA,-5.67516612,-4.569227792,NA,NA,NA,NA
HER42PB,142.9,1387.71,-6.367329185,-5.234978757,-4.896477436,5.10160948,164.2861099,88.37040857,305.418141
HER42PB,143,1388.72,-7.534024697,-5.478680706,-4.905223867,6.220105985,502.7565136,270.4355137,934.6557653
HER42PB,143.1,1389.74,-8.168872861,-5.699233683,-6.290102014,6.518989657,677.8931344,364.6424722,1260.245684
HER42PB,143.2,1390.76,-7.811467229,-5.218079936,-5.011901919,6.297359251,543.1357295,292.1557176,1009.72325
HER42PB,143.3,1391.77,-6.940247291,-5.450517342,-5.669335004,5.418485478,225.5372826,121.3177537,419.2878973
HER42PB,143.4,1392.79,-7.156176637,-5.093542214,-4.731373912,5.708083171,301.2929872,162.0671668,560.1224845
HER42PB,143.5,1393.8,-7.44446128,-5.002114244,-4.970983326,5.831024875,340.707683,183.26855,633.3968662
HER42PB,143.6,1394.82,NA,-5.213668598,-5.223424773,NA,NA,NA,NA
HER42PB,143.7,1395.84,-6.730408561,-4.956538657,-4.581619601,5.322255079,204.8453038,110.1874237,380.8202162
HER42PB,143.8,1396.85,-6.928743993,-4.875970699,-5.159158381,5.240219958,188.7116064,101.5090185,350.8266649
HER42PB,143.9,1397.87,-6.689842588,-4.756432602,-4.378599432,5.239829417,188.6379213,101.4693828,350.6896796
HER42PB,144,1398.88,-6.951134002,-5.131975559,-4.643008729,5.586021896,266.6726553,143.4446985,495.7611248
HER42PB,144.1,1399.9,-6.707015137,-5.231108617,-4.400272034,5.528330542,251.7233186,135.4033675,467.9693741
HER42PB,144.2,1400.92,NA,-5.316459872,-4.610765476,NA,NA,NA,NA
HER42PB,144.3,1401.93,-7.906227967,-5.057450107,-4.319012167,6.531870454,686.6814172,369.3697382,1276.58365
HER42PB,144.4,1402.95,-6.847560797,-5.43261118,-4.434974809,5.749679705,314.0900428,168.9507739,583.9130103
HER42PB,144.5,1403.96,-7.470496612,-5.129527276,-4.731060097,6.012195949,408.3791163,219.6693888,759.2022879
HER42PB,144.6,1404.98,-7.137601318,-5.214265491,-4.539552012,5.828730211,339.9267696,182.8484924,631.9450994
HER42PB,144.7,1406,-7.561394086,-5.297648826,-5.076487436,6.080231381,437.1303266,235.1348241,812.6525839
HER42PB,144.8,1407.01,NA,-5.178812069,-4.900918003,NA,NA,NA,NA
HER42PB,144.9,1408.03,-6.975807357,-4.919661378,-4.495296319,5.53050966,252.2724514,135.6987491,468.9902463
HER42PB,145,1409.05,-7.716782451,-5.109985984,-4.880306461,6.184403456,485.1234798,260.9506071,901.8748539
HER42PB,145.1,1410.06,NA,-4.709074586,-4.775862827,NA,NA,NA,NA
HER42PB,145.2,1411.08,-7.807789588,-4.890018856,-4.840585398,6.156713802,471.8748498,253.8240956,877.244823
HER42PB,145.3,1412.09,-7.222918335,-4.927253685,-4.393770037,5.782144811,324.454338,174.5257857,603.1808824
HER42PB,145.4,1413.11,-7.654767444,-5.12693575,-4.380606304,6.303706843,546.5942987,294.0161011,1016.152946
HER42PB,145.5,1414.13,-7.680661726,-5.001083199,-4.563643786,6.191861258,488.754959,262.9039999,908.6260005
HER42PB,145.6,1415.14,NA,-5.272315564,-5.130485369,NA,NA,NA,NA
HER42PB,145.7,1416.16,-7.194712088,-5.070456531,-5.046833385,5.621125295,276.200015,148.5695181,513.4730817
HER42PB,145.8,1417.17,NA,-5.112629494,-4.946837239,NA,NA,NA,NA
HER42PB,145.9,1418.19,NA,-5.190810299,-4.765084006,NA,NA,NA,NA
HER42PB,146,1419.21,-8.435356283,-5.261942832,-5.034158901,6.977590469,1072.331436,576.8130196,1993.531126
HER42PB,146.1,1420.22,-7.261806093,-5.441716117,-5.366411734,5.792829902,327.9397497,176.400608,609.6604806
HER42PB,146.2,1421.24,-7.917196284,-5.282912233,-5.0761704,6.420437659,614.2718972,330.4202562,1141.969829
HER42PB,146.3,1422.25,-7.538132071,-5.277316391,-4.600896004,6.207390363,496.4041247,267.0185285,922.8462774
HER42PB,146.4,1423.27,-7.620116678,-5.374101937,-5.317531585,6.099844223,445.7883209,239.7920072,828.7483363
HER42PB,146.5,1424.29,-6.741159423,-5.209683052,-4.720716222,5.43421527,229.112986,123.2411443,425.9353532
HER42PB,146.6,1425.3,-7.740036185,-5.283300412,-4.85896682,6.317426335,554.1449721,298.0776501,1030.19012
HER42PB,146.7,1426.32,-7.967478228,-5.069201291,-5.18158554,6.309013656,549.5026829,295.5805371,1021.559814
HER42PB,146.8,1427.34,-8.311643949,-5.150397236,-4.940905774,6.804912615,902.2689221,485.3354513,1677.374289
HER42PB,146.9,1428.35,-7.027865934,-5.296449595,-4.709194703,5.725964843,306.7290679,164.9912647,570.2284981
HER42PB,147,1429.37,-7.409063758,-5.280832052,-4.548006388,6.107532443,449.2288486,241.6426862,835.1444922
HER42PB,147.1,1430.38,-7.377638709,-5.215200247,-4.609869273,6.018830301,411.0974543,221.1315979,764.2558481
HER42PB,147.2,1431.4,-7.101893992,-5.004237011,-4.79052407,5.587934458,267.1831713,143.7193079,496.7102059
HER42PB,147.3,1432.42,-7.640772001,-5.673659644,-4.939410788,6.425907854,617.6412913,332.232672,1148.233744
HER42PB,147.4,1433.43,-8.65347081,-5.187734907,-4.80636735,7.262526676,1425.854662,766.9751213,2650.752888
HER42PB,147.5,1434.45,-7.030149887,-5.31249839,-4.943590878,5.658002279,286.5755724,154.1505879,532.7618911
HER42PB,147.6,1435.46,-8.274892305,-5.47761097,-5.406993403,6.801171175,898.8994441,483.5229904,1671.110219
HER42PB,147.7,1436.48,-6.644840863,-5.103023138,-5.012588273,5.195547393,180.4669021,97.07414633,335.4992445
HER42PB,147.8,1437.5,-8.196411753,-5.336811654,-4.786164536,6.842770112,937.0813635,504.0612564,1742.092793
HER42PB,147.9,1438.51,-8.652273384,-5.155765823,-4.65801228,7.292386859,1469.072985,790.2224966,2731.09845
HER42PB,148,1439.53,NA,-5.055417939,-4.743427426,NA,NA,NA,NA
HER42PB,148.1,1440.54,NA,-5.395007809,-4.752863183,NA,NA,NA,NA
HER42PB,148.2,1441.56,-7.133570259,-5.378950337,-4.738519938,5.855714939,349.2244849,187.849785,649.2301329
HER42PB,148.3,1442.58,-6.564894256,-5.520349189,-4.558212069,5.535440846,253.5195262,136.3695575,471.3086362
HER42PB,148.4,1443.59,-7.812327618,-5.375430187,-4.482357746,6.571244256,714.2580103,384.2033403,1327.85026
HER42PB,148.5,1444.61,-8.007213364,-5.704628271,-4.359556625,7.006383475,1103.65588,593.6626115,2051.765224
HER42PB,148.6,1445.63,-6.849841917,-5.673064856,-5.295555825,5.602838158,271.1950104,145.8772984,504.1684654
HER42PB,148.7,1446.64,-6.773029523,-5.311833853,-4.626448678,5.552486517,257.8779772,138.7139925,479.4112689
HER42PB,148.8,1447.66,-6.475755742,-5.654130237,-5.03836972,5.384041559,217.9011586,117.2102403,405.0918659
HER42PB,148.9,1448.67,-8.397783834,-5.660534478,-5.089676875,7.153492368,1278.563381,687.746325,2376.929194
HER42PB,149,1449.69,-7.371137032,-5.430957558,-5.07255996,5.984376145,397.1746644,213.6424521,738.372512
HER42PB,149.1,1450.71,-6.754058397,-5.357181926,-4.93777931,5.458680274,234.7873648,126.2934241,436.4843779
HER42PB,149.2,1451.72,-6.712069822,-5.203373479,-6.105934018,4.93777031,139.4589524,75.01574304,259.2629044
HER42PB,149.3,1452.74,-6.916842074,-5.108133046,-4.938496649,5.443158795,231.1712539,124.348298,429.7618018
HER42PB,149.4,1453.75,-6.070084839,-5.244765885,-4.407724525,5.059141723,157.4553181,84.69608783,292.7192724
HER42PB,149.5,1454.77,-6.638740648,-5.099644225,-4.970677892,5.202958729,181.8093714,97.79626803,337.9949789
HER42PB,149.6,1455.79,-6.72172686,-5.024583367,-4.497103309,5.384429927,217.9858009,117.2557698,405.2492211
HER42PB,149.7,1456.8,-6.776853965,-5.15875799,-4.750423439,5.422537541,226.4530278,121.8103381,420.9903248
HER42PB,149.8,1457.82,-7.95351918,-5.103638783,-4.342601267,6.599527306,734.7477964,395.2249098,1365.942052
HER42PB,149.9,1458.83,-7.600852458,-5.14984736,-4.869736984,6.099883624,445.8058859,239.8014556,828.7809907
HER42PB,150,1459.85,-7.137303278,-5.085586284,-4.759494764,5.677420518,292.1947459,157.1731724,543.2082856
HER42PB,150.1,1461.4,-6.978213743,-5.51395784,-4.565684062,5.862018173,351.4326808,189.0375858,653.3353071
HER42PB,150.2,1462.96,-7.067269699,-5.300325399,-4.56776425,5.80976316,333.5401208,179.4130786,620.0719204
HER42PB,150.3,1464.51,-6.979688269,-5.451219419,-4.445110009,5.866820323,353.1243717,189.9475556,656.4802661
HER42PB,150.4,1466.06,-7.942692166,-5.440085939,-4.994500837,6.56754711,711.6221696,382.785507,1322.950067
HER42PB,150.5,1467.61,-6.23368807,-5.21731388,-4.550706255,5.11050977,165.7548302,89.16044136,308.1485838
HER42PB,150.6,1469.17,-7.561173617,-5.097320377,-4.500121878,6.156259789,471.6606615,253.7088826,876.8466336
HER42PB,150.7,1470.72,-7.322193343,-5.003734901,-4.463426924,5.892518662,362.3166895,194.8921543,673.5693591
HER42PB,150.8,1472.27,-7.026480631,-5.199978214,-4.556841454,5.719068075,304.6209069,163.8572733,566.3092952
HER42PB,150.9,1473.82,-6.859929649,-5.06817018,-4.217307254,5.616898145,275.0349402,147.9428179,511.3071349
HER42PB,151,1475.38,-7.245787145,-5.024171115,-4.439065417,5.844647126,345.3806445,185.7821619,642.0841934
HER42PB,151.1,1476.93,-6.630841684,-5.306422727,-4.36699742,5.524316339,250.7148753,134.8609203,466.094615
HER42PB,151.2,1478.48,-6.727192175,-5.113319666,-4.200575037,5.542048169,255.2001576,137.2735785,474.433035
HER42PB,151.3,1480.03,-6.775498821,-5.039530711,-4.294475671,5.505089167,245.9403846,132.2926952,457.2185384
HER42PB,151.4,1481.59,-6.57464661,-5.028722103,-4.173260932,5.381145778,217.2710773,116.8713161,403.9205054
HER42PB,151.5,1483.14,-6.284347358,-5.157564192,-4.23573328,5.21849261,184.6556261,99.32728417,343.2863441
HER42PB,151.6,1484.69,-6.704223705,-4.934937092,-4.375321304,5.358477721,212.4013661,114.2518714,394.8674079
HER42PB,151.7,1486.25,-6.871932031,-4.775739679,-4.276274017,5.432897471,228.8112599,123.0788442,425.3744257
HER42PB,151.8,1487.8,-5.8829284,-4.913527842,-4.116745772,4.832601205,125.537084,67.52709292,233.3812814
HER42PB,151.9,1489.35,-7.327944782,-4.911287233,-4.246417149,5.916285516,371.0309627,199.5796101,689.7697373
HER42PB,152,1490.9,-6.554240602,-4.823105755,-4.040346416,5.288188756,197.9845022,106.4969605,368.0655573
HER42PB,152.1,1492.46,-6.110596883,-4.954591796,-4.463887576,4.895983754,133.7515206,71.94568382,248.652432
HER42PB,152.2,1494.01,-5.869850083,-4.919108122,-4.027828779,4.857276254,128.6732512,69.21405458,239.2116119
HER42PB,152.3,1495.56,-5.072918736,-4.475589479,-3.583042089,4.251124802,70.18431144,37.75252991,130.4770193
HER42PB,152.4,1497.11,-5.583430352,-4.441893019,-3.469502634,4.576252363,97.14962959,52.25732391,180.6072302
HER42PB,152.5,1498.67,-4.940117903,-4.101660631,-3.1523157,4.100088409,60.34562244,32.46024459,112.1862818
HER42PB,152.6,1500.22,-5.418776094,-4.212677891,-3.282471691,4.400948759,81.52818258,43.85446103,151.5659844
HER42PB,152.7,1501.77,-4.744197014,-4.251133847,-3.677787866,3.904281008,49.61439472,26.68785776,92.23625911
HER42PB,152.8,1503.32,-6.104406253,-4.592948749,-3.737282639,4.922873896,137.3969108,73.9065594,255.4294401
HER42PB,152.9,1504.88,-6.241751512,-4.859252222,-3.850767116,5.140672054,170.8305371,91.89069224,317.5846401
HER42PB,153,1506.43,-5.957222119,-4.731396807,-3.759997542,4.895538993,133.6920462,71.91369226,248.5418655
HER42PB,153.1,1507.98,-6.106434989,-4.466899046,-3.391924221,4.966406744,143.5102907,77.19498031,266.7945952
HER42PB,153.2,1509.53,-5.73488116,-4.7328497,-3.615761135,4.796946438,121.1399438,65.16184684,225.206723
HER42PB,153.3,1511.09,-5.930811189,-4.494085974,-3.375635344,4.866739383,129.8966823,69.87214498,241.4860469
HER42PB,153.4,1512.64,-6.378485754,-4.505334959,-3.662281751,5.094375525,163.1019598,87.73344766,303.216732
HER42PB,153.5,1514.19,-5.07491093,-4.500715693,-3.665520854,4.239245794,69.35552374,37.30672041,128.9362512
HER42PB,153.6,1515.74,-5.215665972,-4.255204022,-3.97994447,4.06814554,58.44847169,31.4397567,108.6593601
HER42PB,153.7,1517.3,-5.561828616,-4.418530838,-4.050608331,4.351779797,77.61648167,41.75033544,144.293888
HER42PB,153.8,1518.85,-6.077987791,-4.402300493,-3.648227077,4.821180373,124.1115022,66.76026453,230.7310356
HER42PB,153.9,1520.4,-5.7260864,-4.678603458,-3.439516722,4.818696287,123.8035812,66.59463213,230.1585912
HER42PB,154,1521.96,-6.007091803,-4.542679663,-3.655716546,4.85288154,128.1090097,68.91054597,238.1626518
HER42PB,154.1,1523.51,-5.978826888,-4.899784695,-3.609888062,5.061306069,157.7964748,84.87959792,293.353504
HER42PB,154.2,1525.06,-5.585460832,-4.484287723,-3.784767034,4.495892378,89.64813337,48.22222754,166.6614801
HER42PB,154.3,1526.61,-5.569948693,-4.392515444,-3.682398159,4.466224452,87.02752536,46.81258798,161.7896061
HER42PB,154.4,1528.17,-5.587028321,-4.699725126,-3.284443228,4.794546101,120.8495159,65.00562403,224.6667993
HER42PB,154.5,1529.72,-5.887943786,-4.457686302,-3.430566165,4.797511815,121.2084529,65.19869826,225.3340857
HER42PB,154.6,1531.27,-4.888889676,-3.793155088,-3.368659909,3.815059654,45.37946336,24.40986472,84.36325716
HER42PB,154.7,1532.82,-5.272683386,-4.140397883,-3.177948429,4.305359335,74.09583588,39.85656057,137.7487876
HER42PB,154.8,1534.38,-5.47128542,-4.24567344,-3.491362118,4.382056656,80.00240173,43.03373506,148.7294624
HER42PB,154.9,1535.93,-5.297540037,-4.228644221,-3.360355101,4.310800478,74.50010074,40.07401688,138.5003412
HER42PB,155,1537.48,-5.597627993,-4.529229483,-3.341647953,4.680504178,107.8244216,57.99935365,200.4523353
HER42PB,155.1,1539.03,-5.594116407,-4.608299613,-3.637973082,4.624857935,101.9882831,54.86006244,189.6025893
HER42PB,155.2,1540.59,-6.182297572,-4.71822551,-3.872386439,5.006769399,149.4212351,80.3745101,277.7834103
HER42PB,155.3,1542.14,-5.544312573,-4.724316111,-3.749824589,4.624520152,101.953839,54.84153479,189.5385557
HER42PB,155.4,1543.69,-5.684437686,-4.744138415,-3.738527537,4.72931785,113.2183042,60.90075298,210.4799
HER42PB,155.5,1545.24,-6.954448007,-4.779696285,-3.731580161,5.68824444,295.3746175,158.883643,549.1198655
HER42PB,155.6,1546.8,-5.788446069,-4.816870021,-3.657711232,4.867810401,130.0358786,69.94701941,241.7448214
HER42PB,155.7,1548.35,-6.328780583,-4.393314394,-3.518283197,5.039813376,154.4411899,83.07477157,287.1158197
HER42PB,155.8,1549.9,-5.653112039,-4.526848219,-3.409225853,4.691575733,109.0248385,58.64506458,202.6839854
HER42PB,155.9,1551.45,-5.546467934,-4.504528032,-3.592327286,4.548575386,94.49768967,50.83083074,175.6771082
HER42PB,156,1553.01,-5.749549087,-4.715039685,-3.631641265,4.790556122,120.3682895,64.74676971,223.7721694
HER42PB,156.1,1554.56,-5.470291455,-4.374133155,-3.758881113,4.367150619,78.81872683,42.39702978,146.5289369
HER42PB,156.2,1556.11,-5.673232831,-4.568789622,-3.642088154,4.65052304,104.639702,56.28627535,194.5317427
HER42PB,156.3,1557.67,-5.840468951,-4.644448475,-3.732959673,4.77427582,118.4245229,63.70120686,220.1585858
HER42PB,156.4,1559.22,-5.601508252,-4.639654901,-3.984579668,4.530715937,92.82499418,49.93107857,172.5674628
HER42PB,156.5,1560.77,-5.683664095,-5.007183967,-3.994819405,4.798351199,121.3102361,65.25344799,225.523307
HER42PB,156.6,1562.32,-6.206661112,-5.057694937,-3.912562633,5.212433792,183.5402138,98.7272977,341.2127229
HER42PB,156.7,1563.88,-5.854125916,-4.820941433,-4.268980696,4.706654277,110.6812311,59.5360473,205.7633226
HER42PB,156.8,1565.43,-5.744924418,-4.915975696,-3.853731052,4.831729073,125.4276468,67.46822604,233.1778307
HER42PB,156.9,1566.98,-5.922125994,-4.673981971,-3.741769286,4.84371711,126.940327,68.2819051,235.9899977
HER42PB,157,1568.53,-5.433663387,-4.124061647,-3.963718997,4.126489576,61.96003475,33.32864592,115.1875751
HER42PB,157.1,1570.09,-5.497045879,-4.48680274,-3.795015179,4.438473609,84.6456407,45.53135903,157.3615337
HER42PB,157.2,1571.64,-5.637509871,-4.414233068,-3.92355926,4.440307241,84.80099203,45.61492336,157.6503416
HER42PB,157.3,1573.19,-5.454038242,-4.445038112,-3.80263613,4.384449251,80.19404426,43.13682064,149.0857379
HER42PB,157.4,1574.74,-5.498254322,-4.367341088,-3.670533135,4.410387584,82.30135598,44.27035529,153.003362
HER42PB,157.5,1576.3,-4.900715453,-4.333423218,-3.467806777,4.109179828,60.89675125,32.75669983,113.2108647
HER42PB,157.6,1577.85,-5.151647408,-4.397256602,-3.834815954,4.164463494,64.35814467,34.61860253,119.6458113
HER42PB,157.7,1579.4,-5.521953104,-4.400526138,-3.714926163,4.429838584,83.91787015,45.13988721,156.0085628
HER42PB,157.8,1580.95,-5.040301454,-4.260933098,-3.571052115,4.109029003,60.88756719,32.75175968,113.193791
HER42PB,157.9,1582.51,-4.999080701,-4.264397495,-3.658456377,4.058218288,57.87110949,31.12919037,107.5860077
HER42PB,158,1584.06,-5.264107886,-4.485438532,-3.689803811,4.331939368,76.09171344,40.93015417,141.4592486
HER42PB,158.1,1585.61,-5.381504326,-4.276203049,-3.459855435,4.355888481,77.93603924,41.92222723,144.8879655
HER42PB,158.2,1587.16,-5.451984736,-4.498171565,-3.663908513,4.461793546,86.64276762,46.60562466,161.0743174
HER42PB,158.3,1588.72,-5.301676498,-4.302155112,-3.806725174,4.20569107,67.06692959,36.07567294,124.6816117
HER42PB,158.4,1590.27,-5.223526849,-4.459505329,-3.85002584,4.238264332,69.28748735,37.27012326,128.8097673
HER42PB,158.5,1591.82,-5.310605197,-4.452971328,-3.664280295,4.348975533,77.39912948,41.6334205,143.8898167
HER42PB,158.6,1593.38,-5.420968101,-4.584720076,-3.546479916,4.534012121,93.13146726,50.09593214,173.1372154
HER42PB,158.7,1594.93,-5.442448196,-4.49564192,-3.505633612,4.50806603,90.74614832,48.81285587,168.7027585
HER42PB,158.8,1596.48,-5.794658596,-4.405867355,-3.712720174,4.608900117,100.3736896,53.99156366,186.6009592
HER42PB,158.9,1598.03,-5.971565487,-4.656179095,-3.533367835,4.937429584,139.4114432,74.99018755,259.1745817
HER42PB,159,1599.59,-5.402046552,-4.66328886,-3.780680069,4.489794122,89.10309959,47.92905086,165.6482283
HER42PB,159.1,1601.14,-5.877912679,-4.782815332,-3.582723288,4.932508199,138.7270313,74.62203862,257.9022173
HER42PB,159.2,1602.69,-5.481996697,-4.715518243,-3.862464971,4.542260351,93.90281369,50.51084366,174.5711966
HER42PB,159.3,1604.24,-5.178202068,-4.338572957,-4.070716606,4.065044943,58.26752718,31.34242564,108.3229729
HER42PB,159.4,1605.8,-4.971030882,-4.386661355,-3.709534233,4.097891714,60.21320701,32.3890176,111.9401133
HER42PB,159.5,1607.35,-5.427026411,-4.424428775,-3.637617119,4.411530286,82.39545566,44.32097203,153.1782992
HER42PB,159.6,1608.9,-6.162154711,-4.588118726,-3.565386981,5.019103644,151.2756462,81.37200805,281.2308762
HER42PB,159.7,1610.45,-5.140359795,-4.424164219,-3.545535921,4.271974113,71.66296687,38.54790685,133.2259321
HER42PB,159.8,1612.01,-5.348507111,-4.236907627,-3.574330512,4.27376418,71.79136323,38.61697197,133.4646289
HER42PB,159.9,1613.56,-5.72615846,-4.568430983,-4.012707092,4.558971397,95.48521289,51.36202495,177.5129756
HER42PB,160,1615.11,-5.585916791,-4.573564847,-3.901662775,4.50964266,90.88933433,48.88987642,168.9689502
HER42PB,160.1,1616.66,-5.579282012,-4.51223619,-3.652932389,4.553284361,94.94372627,51.0707563,176.5063181
HER42PB,160.2,1618.22,-5.563411531,-4.51856042,-3.586121701,4.569675663,96.51280203,51.91477084,179.423328
HER42PB,160.3,1619.77,-5.879213932,-4.238800092,-3.48336365,4.643608253,103.9186367,55.89841033,193.1912372
HER42PB,160.4,1621.32,-5.731613788,-4.614133015,-3.398083891,4.798008011,121.268611,65.23105763,225.4459234
HER42PB,160.5,1622.87,-6.056784013,-4.434442696,-3.760713601,4.787369928,119.9853831,64.54080222,223.0603225
HER42PB,160.6,1624.43,-5.412110974,-4.382987711,-3.545664996,4.40893176,82.18162691,44.20595236,152.7807782
HER42PB,160.7,1625.98,-5.109649182,-4.383876774,-3.689495787,4.181534927,65.46626206,35.21466501,121.7058708
HER42PB,160.8,1627.53,-5.817271157,-4.281445062,-3.52767326,4.612603462,100.7460971,54.19188372,187.293288
HER42PB,160.9,1629.08,-5.543206754,-4.664410226,-3.48908302,4.676580308,107.4021615,57.77221763,199.6673275
HER42PB,161,1630.64,-5.697947301,-4.617684151,-3.777022015,4.649819936,104.5661553,56.24671419,194.3950148
HER42PB,161.1,1632.19,-5.406777802,-4.638798973,-3.718129129,4.499318745,89.95582752,48.38773793,167.2335028
HER42PB,161.2,1633.74,-6.016127048,-4.823327544,-3.576467464,5.052836573,156.4656619,84.16374627,290.8794396
HER42PB,161.3,1635.29,-5.87812726,-4.877337264,-3.586353083,4.987620921,146.5872657,78.85010224,272.514884
HER42PB,161.4,1636.85,-6.143913579,-4.520489424,-3.851236564,4.869060166,130.1984944,70.03449139,242.0471345
HER42PB,161.5,1638.4,-5.528055666,-4.404689638,-3.829478317,4.397303548,81.23153619,43.69489329,151.0145002
HER42PB,161.6,1639.95,-6.069412755,-4.500796837,-3.778900243,4.829462469,125.1436739,67.31547543,232.6499073
HER42PB,161.7,1641.5,-5.425767808,-4.348817016,-3.751345045,4.327258568,75.73637556,40.73901595,140.7986533
HER42PB,161.8,1643.06,-5.26630435,-4.31450693,-3.794882917,4.195998781,66.42003752,35.72770611,123.4789989
HER42PB,161.9,1644.61,-5.455748374,-4.428683237,-4.105821658,4.273022233,71.73811763,38.58833086,133.365642
HER42PB,162,1646.16,-5.704368723,-4.692767811,-3.99962063,4.623177207,101.8170125,54.76793503,189.2841866
HER42PB,162.1,1647.71,-5.735239655,-4.425172659,-3.85290737,4.533873656,93.11857266,50.08899606,173.1132436
HER42PB,162.2,1649.27,-5.630470964,-4.512758504,-3.92948652,4.492379837,89.33379299,48.05314211,166.0771017
HER42PB,162.3,1650.82,-5.448091135,-4.55492282,-3.729158407,4.471024177,87.44623755,47.03781558,162.5680182
HER42PB,162.4,1652.37,-5.513775208,-4.309021459,-3.547974901,4.426913817,83.6727885,45.00805644,155.5529407
HER42PB,162.5,1653.92,-5.286695212,-4.492158806,-3.663931845,4.358121732,78.11028451,42.01595473,145.2118983
HER42PB,162.6,1655.48,-5.371336978,-4.407813472,-3.898984854,4.279142001,72.17848436,38.82520657,134.1843113
HER42PB,162.7,1657.03,-5.674886845,-4.482589073,-3.946079854,4.497307274,89.77506585,48.29050523,166.8974555
HER42PB,162.8,1658.58,-5.015417492,-4.122249177,-3.942530095,3.88661354,48.74553193,26.22049165,90.62098891
HER42PB,162.9,1660.13,-4.759400863,-3.844711412,-3.70578594,3.661269691,38.91071609,20.93028973,72.33745191
HER42PB,163,1661.69,-4.829402506,-4.270394806,-3.613164799,3.983466637,53.7028803,28.8870768,99.83700922
HER42PB,163.1,1663.24,-5.436959757,-4.220564432,-3.626984848,4.300016268,73.70099265,39.64417221,137.0147493
HER42PB,163.2,1664.79,-5.670896417,-4.346762455,-3.661963563,4.510274041,90.94673828,48.92075432,169.0756678
HER42PB,163.3,1666.34,-5.275234821,-4.367465139,-3.924410639,4.188885755,65.94926635,35.4744757,122.6038059
HER42PB,163.4,1667.9,-5.345427243,-4.229865396,-3.426432872,4.317846742,75.02690193,40.35738616,139.4796975
HER42PB,163.5,1669.45,-5.401581091,-4.24606067,-3.81262171,4.230617882,68.75970444,36.98622591,127.8285859
HER42PB,163.6,1671,-5.74439704,-4.388657347,-3.59673453,4.60496478,99.97946156,53.77950621,185.8680646
HER42PB,163.7,1672.55,-5.752424282,-4.257736625,-3.754486795,4.478908638,88.13842925,47.41014933,163.8548458
HER42PB,163.8,1674.11,-5.354819651,-4.203839377,-3.609273025,4.2460689,69.83036194,37.56213851,129.819005
HER42PB,163.9,1675.66,-5.285597054,-4.046233125,-3.420025427,4.175004488,65.04013158,34.98544707,120.9136676
HER42PB,164,1677.21,-5.617982485,-4.449636858,-3.654372759,4.540128837,93.70287175,50.40329378,174.1994921
HER42PB,164.1,1678.76,-5.544026104,-4.448001139,-3.741983767,4.462712318,86.72240913,46.64846427,161.222376
HER42PB,164.2,1680.31,-5.540934199,-4.46548897,-3.760691172,4.46483024,86.90627509,46.74736679,161.5641943
HER42PB,164.3,1681.87,-5.962452225,-5.021742966,-3.9787423,4.9975999,148.0573798,79.64088476,275.247918
HER42PB,164.4,1683.42,-6.165360295,-5.337825924,-3.910470076,5.350173136,210.6447649,113.3069859,391.6017765
HER42PB,164.5,1684.97,-5.908082938,-4.535175658,-3.753109666,4.747844162,115.3353719,62.03953545,214.4156612
HER42PB,164.6,1686.52,-6.0054328,-4.703961631,-3.721085295,4.925474764,137.7547271,74.0990308,256.094643
HER42PB,164.7,1688.08,-4.725585232,-4.563943881,-3.682275496,4.078838074,59.0767871,31.77773104,109.8274377
HER42PB,164.8,1689.63,-5.783452152,-4.433151394,-3.52105794,4.682690987,108.060471,58.12632594,200.8911659
HER42PB,164.9,1691.18,-4.117298994,-4.294717655,-3.587004391,3.647093478,38.36300095,20.63567072,71.31921525
HER42PB,165,1692.73,-5.640714137,-4.542101848,-3.560195589,4.641534894,103.7033993,55.78263293,192.7910974
HER42PB,165.1,1694.29,-5.591408172,-4.688104636,-3.857756334,4.596100928,99.09717433,53.30491902,184.2278375
HER42PB,165.2,1695.84,-5.83238151,-4.629473102,-3.82602555,4.728445075,113.1195332,60.84762352,210.2962786
HER42PB,165.3,1697.39,-5.635421515,-4.388999722,-3.534097262,4.555967331,95.19879948,51.20796159,176.9805152
HER42PB,165.4,1698.94,-5.093973847,-4.082372935,-3.456799179,4.072150346,58.68301581,31.56591928,109.0953922
HER42PB,165.5,1700.5,-5.476276187,-4.551070091,-3.675847932,4.50419316,90.39537997,48.62417563,168.0506582
HER42PB,165.6,1702.05,-5.798516731,-4.501053584,-3.597964364,4.706935502,110.7123617,59.55279267,205.8211965
HER42PB,165.7,1703.6,-5.854065502,-4.475781865,-3.797489785,4.66119562,105.7624583,56.89021218,196.6190168
HER42PB,165.8,1705.15,-5.643088406,-4.508108473,-3.560446862,4.62275821,101.7743604,54.74499224,189.2048937
HER42PB,165.9,1706.71,-5.72495854,-4.525669585,-3.777714168,4.612410759,100.726685,54.18144181,187.2571996
HER42PB,166,1708.26,-5.777590402,-4.873372251,-3.544355387,4.932673417,138.7499534,74.63436852,257.9448308
HER42PB,166.1,1709.81,-5.640493909,-4.587138212,-3.804026202,4.585530796,98.05522063,52.74444635,182.2907805
HER42PB,166.2,1711.36,-5.275703338,-4.422213507,-3.685074757,4.302831808,73.90879312,39.75594924,137.4010634
HER42PB,166.3,1712.92,-5.579467281,-4.537502028,-3.538811765,4.607101645,100.1933326,53.89454862,186.2656642
HER42PB,166.4,1714.47,-5.076031291,-4.53621813,-3.983976403,4.153061017,63.62847033,34.22610666,118.2893011
HER42PB,166.5,1716.02,-5.455108933,-4.32622658,-3.743293674,4.334580997,76.29298519,41.03841936,141.8334254
HER42PB,166.6,1717.57,-6.172118047,-4.800212423,-3.744790067,5.091496986,162.6331394,87.4812666,302.3451656
HER42PB,166.7,1719.13,-5.52530537,-4.668528766,-3.591103711,4.633242802,102.8470365,55.32199066,191.1990656
HER42PB,166.8,1720.68,-5.445338444,-4.376442628,-3.81715835,4.333388717,76.20207677,40.98951921,141.6644209
HER42PB,166.9,1722.23,-5.723760157,-4.64924542,-3.993369634,4.612013204,100.6866485,54.159906,187.1827694
HER42PB,167.1,1725.34,-7.037818163,-5.229529392,-3.759416359,6.016530043,410.1529105,220.6235226,762.4998823
HER42PB,167.2,1726.89,-6.082561318,-4.881091643,-4.282503045,4.894078701,133.4969594,71.80875395,248.1791868
HER42PB,167.3,1728.44,-5.897918275,-5.004569112,-4.181060114,4.875023666,130.9772529,70.45338986,243.494895
HER42PB,167.4,1729.99,-5.551847476,-4.598034304,-4.077623042,4.443070797,85.03566843,45.7411571,158.0866197
HER42PB,167.5,1731.55,-6.223369604,-4.697313301,-4.265288919,4.890633201,133.037787,71.56176261,247.3255568
HER42PB,167.6,1733.1,-6.769333901,-4.929946383,-4.191336828,5.469926049,237.4426329,127.7217076,441.4206873
HER42PB,167.7,1734.65,-6.525283404,-5.004256449,-4.630088348,5.173772349,176.579703,94.98320039,328.2726985
HER42PB,167.8,1736.2,-6.051388644,-4.937027998,-4.485753354,4.836698537,126.0525063,67.80434143,234.3394836
HER42PB,167.9,1737.76,-6.165277788,-4.826774091,-4.238599001,4.935053307,139.0805564,74.8122017,258.5594424
HER42PB,168,1739.31,-6.15396374,-4.811373813,-4.219395867,4.924360676,137.6013417,74.01652394,255.80949
HER42PB,168.1,1740.86,-6.420574454,-4.824788631,-4.628814985,4.988150761,146.664954,78.89189118,272.6593113
HER42PB,168.2,1742.41,-7.020542692,-5.114372872,-4.650582197,5.631367098,279.0433365,150.0989564,518.7589939
HER42PB,168.3,1743.97,-6.156435596,-5.070726712,-4.860655242,4.862979284,129.409175,69.60991208,240.5797403
HER42PB,168.4,1745.52,-6.086555645,-4.842435773,-4.570502057,4.776282919,118.6624513,63.82918986,220.6009096
HER42PB,168.5,1747.07,-6.080015902,-5.014059577,-4.661126063,4.843030398,126.8531855,68.23503119,235.8279962
HER42PB,168.6,1748.62,-6.173298972,-4.88948328,-4.385877905,4.928135853,138.1217929,74.29647752,256.7770412
HER42PB,168.7,1750.18,-6.125913487,-4.891169024,-4.970605855,4.697335777,109.6546386,58.98383752,203.8548231
HER42PB,168.8,1751.73,-6.092481305,-4.855330102,-4.386638522,4.850418778,127.7938959,68.7410445,237.5768355
HER42PB,168.9,1753.28,-6.450331835,-4.876612006,-4.274782984,5.161331397,174.3964921,93.80883915,324.2139731
HER42PB,169,1754.83,-6.115340097,-5.05062936,-4.198417485,5.046398586,155.4615736,83.62364164,289.0127768
HER42PB,169.1,1756.39,-5.779480092,-5.05501044,-4.08971979,4.857074604,128.6473068,69.20009895,239.1633797
HER42PB,169.2,1757.94,-6.120353058,-5.017530237,-4.156521282,5.044453058,155.1594127,83.4611076,288.4510408
HER42PB,169.3,1759.49,-6.010055036,-4.970631619,-4.212564892,4.920638373,137.0900998,73.7415241,254.8590594
HER42PB,169.4,1761.04,-6.764870172,-5.062341836,-4.226538355,5.533121301,252.9321575,136.0536086,470.2166811
HER42PB,169.5,1762.6,-6.507526438,-5.223510926,-4.304147995,5.401025436,221.6335708,119.2179255,412.0306533
HER42PB,169.6,1764.15,-6.511549062,-5.149122182,-4.541669722,5.279366288,196.2454728,105.5615269,364.8325931
HER42PB,169.7,1765.7,-6.928425877,-5.252665321,-4.253292491,5.770942033,320.839832,172.5815229,596.46129
HER42PB,169.8,1767.25,-6.569562332,-5.295059377,-4.755614948,5.338194156,208.1365086,111.9577809,386.9387715
HER42PB,169.9,1768.8,-7.257577165,-5.250109123,-4.794512257,5.868978076,353.8871497,190.3578582,657.8983181
HER42PB,170,1770.36,-6.729956811,-5.09420159,-4.79041611,5.332977022,207.0534602,111.3752032,384.9253167
HER42PB,170.1,1771.88,-8.771757887,-5.600672726,-4.610274022,7.71583002,2243.584344,1206.836447,4170.963449
HER42PB,170.2,1773.41,-6.952315144,-5.192595028,-4.801181674,5.569441746,262.2876353,141.0859719,487.6090986
HER42PB,170.3,1774.94,-6.670226845,-5.108728395,-4.736549264,5.312468562,202.8503595,109.1143321,377.1114901
HER42PB,170.4,1776.46,NA,-5.220626059,-4.707802432,NA,NA,NA,NA
HER42PB,170.5,1777.99,-7.956449845,-5.40340539,-4.937902894,6.578996049,719.8163063,387.1931785,1338.183479
HER42PB,170.6,1779.52,-6.620686352,-5.148214294,-5.047912424,5.191535437,179.7443273,96.68546934,334.1559328
HER42PB,170.7,1781.04,-7.072148258,-5.130857055,-4.653932983,5.683973371,294.1157422,158.206487,546.7795378
HER42PB,170.8,1782.57,-6.807133518,-4.886541177,-4.122693182,5.497924397,244.1845758,131.348236,453.9543802
HER42PB,170.9,1784.1,-6.150204679,-4.632882056,-4.116807076,4.850337851,127.7835543,68.73548171,237.5576099
HER42PB,171,1785.62,-6.117243309,-4.868058162,-4.119147407,4.966057129,143.460126,77.16799647,266.701336
HER42PB,171.1,1787.15,-6.330472628,-4.743152521,-4.147234293,5.035891765,153.8367177,82.7496226,285.9920681
HER42PB,171.2,1788.68,-6.803893639,-4.819449826,-4.298367702,5.395867507,220.4933436,118.6045909,409.9108996
HER42PB,171.3,1790.2,-6.413625656,-4.770851324,-4.448530266,5.011978295,150.2015855,80.7942649,279.2341304
HER42PB,171.4,1791.73,-6.022405325,-4.460595461,-4.016848167,4.692254022,109.098814,58.68485638,202.8215104
HER42PB,171.5,1793.26,-5.943986679,-5.189595874,-4.153983137,5.025414965,152.2334145,81.88719696,283.0114274
HER42PB,171.6,1794.78,-6.204530462,-4.995166809,-4.355862861,5.023483015,151.9395911,81.72914774,282.4651914
HER42PB,171.7,1796.31,-6.875123338,-4.832536889,-4.25504191,5.476486343,239.0054471,128.5623539,444.3260564
HER42PB,171.8,1797.84,-6.036866945,-4.893802893,-4.301597663,4.863327575,129.4542549,69.63416083,240.6635467
HER42PB,171.9,1799.36,-7.476121783,-4.991215133,-4.187364593,6.119456482,454.6175345,244.5412901,845.1623959
HER42PB,172,1800.89,-6.332298261,-4.867109957,-4.200165149,5.092996458,162.8771862,87.6125407,302.7988638
HER42PB,172.1,1802.42,-6.41123544,-4.739277171,-4.55948406,4.953811591,141.7140919,76.22879505,263.4553495
HER42PB,172.2,1803.94,-5.861471859,-4.952616106,-4.33702716,4.766792445,117.5416155,63.22628609,218.5172058
HER42PB,172.3,1805.47,-6.768467088,-5.101618268,-4.517175289,5.460863146,235.3004355,126.5694077,437.4382084
HER42PB,172.4,1807,-6.742067937,-5.043398891,-4.471088183,5.420681493,226.0331101,121.584462,420.2096716
HER42PB,172.5,1808.52,-6.396532751,-5.16438907,-4.64251361,5.167438716,175.4648462,94.38351275,326.2001101
HER42PB,172.6,1810.05,-6.521370612,-5.048064874,-4.00808267,5.407635867,223.1035173,120.0086178,414.7633756
HER42PB,172.7,1811.57,-6.156281467,-4.965047689,-4.429904757,4.946028885,140.6154535,75.6378314,261.4129122
HER42PB,172.8,1813.1,-6.438700352,-4.925250816,-4.086518318,5.245293916,189.6715546,102.0253799,352.6112684
HER42PB,172.9,1814.63,-5.727422405,-4.829792096,-4.207596651,4.649136315,104.4946961,56.20827588,194.2621677
HER42PB,173,1816.15,-6.845716196,-4.888876976,-4.027700713,5.562924344,260.5837598,140.1694479,484.4414877
HER42PB,173.1,1817.68,-6.428449502,-4.719240436,-4.22215868,5.069130769,159.0360282,85.54636056,295.6579112
HER42PB,173.2,1819.21,-6.657497435,-4.882545084,-4.458053101,5.262350196,192.9343926,103.7804785,358.6770882
HER42PB,173.3,1820.73,-6.187874163,-4.904832835,-4.240157329,4.997057915,147.9771567,79.59773231,275.0987782
HER42PB,173.4,1822.26,-6.562418413,-5.040322511,-4.285617437,5.340514363,208.6199892,112.2178478,387.837592
HER42PB,173.5,1823.79,-6.569325572,-4.982360516,-4.61027463,5.201352552,181.5175878,97.63931601,337.4525349
HER42PB,173.6,1825.31,-6.239313719,-4.911354935,-4.969553174,4.790705035,120.3862153,64.75641207,223.8054945
HER42PB,173.7,1826.84,-5.999096639,-4.827913657,-4.368381328,4.775424229,118.5606008,63.77440391,220.4115631
HER42PB,173.8,1828.37,-6.039929983,-4.721209047,-4.298666678,4.763828645,117.1937614,63.03917344,217.8705233
HER42PB,173.9,1829.89,-6.305839415,-4.770739122,-4.349324712,4.965711723,143.4105825,77.14134677,266.6092316
HER42PB,174,1831.42,-6.38759662,-4.778158708,-4.814890717,4.872718006,130.6756117,70.29113541,242.9341253
HER42PB,174.1,1832.95,-8.201989174,-4.895102472,-4.036875541,6.840102948,934.5853435,502.7186334,1737.452536
HER42PB,174.2,1834.47,-6.329999387,-4.815559203,-4.616764681,4.919458486,136.9284445,73.65456881,254.558532
HER42PB,174.3,1836,-7.37162601,-5.060382854,-4.333334122,6.015033552,409.5395796,220.2936085,761.3596617
HER42PB,174.4,1837.53,-6.918283001,-5.021163016,-4.267391214,5.620098703,275.9166158,148.4170761,512.9462248
HER42PB,174.5,1839.05,-6.695963716,-4.941944575,-4.464755286,5.325777625,205.5681532,110.5762483,382.1640383
HER42PB,174.6,1840.58,-6.587387953,-4.997752668,-4.478958875,5.268994129,194.2205035,104.4722847,361.0680486
HER42PB,174.7,1842.11,-6.576201695,-5.219177716,-4.155833567,5.501492653,245.0574452,131.8177572,455.5770989
HER42PB,174.8,1843.63,-6.860636794,-4.803886663,-4.426124158,5.389572795,219.1097608,117.8603541,407.3387329
HER42PB,174.9,1845.16,-6.226893435,-4.942877923,-4.157923193,5.075563776,160.0624059,86.09845481,297.5660115
HER42PB,175,1846.69,-6.140211867,-5.134381311,-4.307124202,5.076921319,160.279845,86.21541651,297.9702443
HER42PB,175.1,1848.21,-6.164745359,-4.861832607,-4.560655053,4.846366259,127.2770567,68.46303382,236.6159991
HER42PB,175.2,1849.74,-6.167712139,-4.932240668,-4.094959586,5.048175523,155.7380645,83.77236762,289.5267907
HER42PB,175.3,1851.27,-6.673355431,-4.711341874,-3.999206781,5.328570274,206.1430354,110.8854807,383.2327802
HER42PB,175.4,1852.79,-6.271383354,-4.859304876,-4.119968313,5.070953271,159.3261359,85.7024111,296.1972395
HER42PB,175.5,1854.32,-6.687911832,-4.800842183,-4.564985178,5.201534226,181.5505679,97.65705617,337.5138469
HER42PB,175.6,1855.85,-6.432432264,-4.858712434,-4.037731882,5.217553843,184.4823589,99.23408277,342.9642295
HER42PB,175.7,1857.37,-5.97008164,-4.829357866,-4.047482569,4.86513359,129.6882625,69.76003479,241.0985814
HER42PB,175.8,1858.9,-7.088186161,-4.868982677,-4.21839511,5.689637814,295.7864717,159.1051816,549.8855281
HER42PB,175.9,1860.43,-6.159866476,-4.966763344,-4.49778483,4.926591036,137.9085847,74.18179166,256.3806739
HER42PB,176,1861.95,-6.543545013,-4.844158864,-4.063552378,5.284609873,197.2772052,106.1165015,366.7506481
HER42PB,176.1,1863.48,-5.839019143,-4.845055373,-4.191840903,4.737056782,114.097892,61.37388815,212.1151087
HER42PB,176.2,1865.01,-6.175435176,-4.877333527,-4.182414867,4.991394015,147.1413979,79.14817301,273.5450504
HER42PB,176.3,1866.53,-6.182782313,-5.005126817,-4.020803675,5.127393303,168.5771153,90.67856415,313.3953881
HER42PB,176.4,1868.06,-6.636028573,-5.056191131,-4.123722949,5.462051314,235.5801779,126.7198827,437.9582671
HER42PB,176.5,1869.58,-6.436639167,-4.949656203,-4.252684926,5.201935772,181.6234834,97.69627784,337.6494015
HER42PB,176.6,1871.11,-6.687135714,-5.006388774,-4.367308814,5.390126628,219.2311445,117.9256471,407.5643927
HER42PB,176.7,1872.64,-6.29014569,-5.027083969,-3.943613057,5.244152041,189.4550969,101.9089461,352.2088601
HER42PB,176.8,1874.16,-6.617812149,-5.062895075,-4.52067103,5.31725891,203.8244146,109.6382817,378.9223193
HER42PB,176.9,1875.69,-5.914522894,-5.133514357,-4.602336505,4.82012234,123.9802576,66.68966736,230.4870438
HER42PB,177,1877.22,-6.894872653,-5.038574663,-4.426773122,5.557057659,259.0594725,139.3495253,481.6077425
HER42PB,177.1,1878.74,-6.375082567,-4.959558567,-3.911590011,5.277412781,195.86248,105.355513,364.1205856
HER42PB,177.2,1880.27,-6.774140259,-5.019652185,-4.15799142,5.538433289,254.2793051,136.7782468,472.7211126
HER42PB,177.3,1881.8,-7.508759758,-5.300485344,-4.044587577,6.382154785,591.2002453,318.0098869,1099.078187
HER42PB,177.4,1883.32,-7.103640348,-5.219507559,-4.399900498,5.849821191,347.1722973,186.7459019,645.4149881
HER42PB,177.5,1884.85,-7.307524195,-5.18886194,-4.211042018,6.074935657,434.8215238,233.8929064,808.3603754
HER42PB,177.6,1886.38,-6.898740408,-5.141767055,-4.165372399,5.710201204,301.9318122,162.4107943,561.3101
HER42PB,177.7,1887.9,-7.775354592,-5.046685104,-4.461168587,6.346319441,570.3894889,306.8156657,1060.389691
HER42PB,177.8,1889.43,-6.190665862,-4.999938285,-4.347613099,5.019181397,151.2874088,81.37833526,281.2527437
HER42PB,177.9,1890.96,-6.204073935,-4.83554203,-4.561391964,4.858590433,128.8424619,69.30507398,239.5261853
HER42PB,178,1892.48,-5.940918581,-4.734675628,-4.271926138,4.712877082,111.3721262,59.90768361,207.0477398
HER42PB,178.1,1894.01,-6.405438804,-5.08489582,-3.850327896,5.395316712,220.3719305,118.5392822,409.6851851
HER42PB,178.2,1895.54,-7.122597805,-4.917176461,-3.900763398,5.855599334,349.1841153,187.8280699,649.1550834
HER42PB,178.3,1897.06,-5.777804075,-4.567966151,-3.864637065,4.642681029,103.8223255,55.84660399,193.0121887
HER42PB,178.4,1898.59,-5.944689792,-4.715457321,-3.777631437,4.871544667,130.5223749,70.20870848,242.6492484
HER42PB,178.5,1900.12,-6.305826461,-4.923638881,-3.974160158,5.183762296,178.3525654,95.9368329,331.5685605
HER42PB,178.6,1901.64,-6.281150659,-4.721309687,-3.843020074,5.089882819,162.3708342,87.34017115,301.8575238
HER42PB,178.7,1903.17,-6.034494103,-4.716077164,-3.809870552,4.922671911,137.3691614,73.89163286,255.3778523
HER42PB,178.8,1904.7,-5.981383786,-4.787096287,-3.866435556,4.909109042,135.5186192,72.89621599,251.9375788
HER42PB,178.9,1906.22,-5.552268282,-4.72510533,-3.990458418,4.548428609,94.48382062,50.8233705,175.6513248
HER42PB,179,1907.75,-6.112176622,-4.639704565,-3.919406395,4.89441457,133.5418043,71.83287631,248.2625564
HER42PB,179.1,1909.28,-5.78157413,-4.626872375,-4.03908571,4.621060871,101.6017613,54.65215024,188.8840212
HER42PB,179.2,1910.8,-5.638294857,-4.771971453,-3.70446215,4.727762979,113.0424011,60.80613374,210.1528852
HER42PB,179.3,1912.33,-5.835021723,-4.96299533,-3.711464648,4.967328032,143.6425659,77.26613188,267.0405031
HER42PB,179.4,1913.86,-6.890085803,-5.065536511,-4.122868625,5.672138113,290.6553244,156.3451091,540.3464048
HER42PB,179.5,1915.38,-6.575609838,-5.069171166,-4.219181513,5.390376808,219.2859986,117.9551534,407.6663699
HER42PB,179.6,1916.91,-5.731312787,-4.707048134,-3.72705816,4.741558184,114.6126502,61.65077944,213.0720764
HER42PB,179.7,1918.44,-6.263427566,-4.81741397,-3.784951807,5.153809542,173.0896281,93.10586979,321.7844313
HER42PB,179.8,1919.96,-6.636631018,-5.2235254,-4.051813458,5.586385174,266.7695493,143.4968183,495.9412568
HER42PB,179.9,1921.49,-6.33358017,-5.250472068,-4.355234746,5.269315242,194.2828801,104.5058374,361.1840107
HER42PB,180,1923.01,-6.509012977,-5.323389311,-4.109466176,5.527525905,251.520854,135.2944607,467.5929798
HER42PB,180.1,1924.55,-7.050068312,-5.135906862,-4.311246453,5.784263279,325.1424127,174.8959049,604.4600563
HER42PB,180.2,1926.09,-6.432940093,-5.89535702,-4.399010197,5.711836086,302.4258386,162.6765339,562.228526
HER42PB,180.3,1927.62,-6.811969376,-5.576781553,-4.232122164,5.875149029,356.0777227,191.5361795,661.9707301
HER42PB,180.4,1929.16,-7.332478204,-5.268785019,-4.470277323,6.057056915,427.1165449,229.7483555,794.0363383
HER42PB,180.5,1930.7,-7.090937576,-5.315985225,-4.475977798,5.870469751,354.4154281,190.642022,658.8804206
HER42PB,180.6,1932.23,-6.596207335,-5.483801725,-4.242849917,5.644848562,282.8307217,152.1362119,525.7999797
HER42PB,180.7,1933.77,-6.581476743,-5.216235791,-4.039218797,5.543351386,255.5329557,137.4525924,475.0517274
HER42PB,180.8,1935.3,-6.501780426,-5.063952414,-3.901943809,5.438092561,230.0030481,123.7199136,427.5900343
HER42PB,180.9,1936.84,-6.603096582,-5.26481144,-4.300511489,5.500459897,244.8044912,131.6816919,455.1068417
HER42PB,181,1938.38,-6.610359514,-5.153684356,-4.109948678,5.504630072,245.8275003,132.2319742,457.0086796
HER42PB,181.1,1939.91,-6.835241178,-5.252471512,-4.260221242,5.691742347,296.4096195,159.4403763,551.043999
HER42PB,181.2,1941.45,-6.344621592,-4.946676613,-4.219370514,5.14288107,171.2083217,92.09390463,318.2869651
HER42PB,181.3,1942.99,-6.154438965,-5.227676933,-4.351774262,5.127348781,168.5696101,90.67452707,313.3814355
HER42PB,181.4,1944.52,-6.544074721,-5.201160655,-4.520405207,5.342437486,209.021577,112.4338642,388.584169
HER42PB,181.5,1946.06,NA,-5.093172301,-4.939662442,NA,NA,NA,NA
HER42PB,181.6,1947.59,-6.703651537,-5.37451559,-4.735762481,5.49721658,244.0117989,131.2552983,453.6331772
HER42PB,181.7,1949.13,-6.842792736,-5.140378367,-5.025715459,5.371816876,215.2536016,115.7861047,400.169892
HER42PB,181.8,1950.67,-7.10238961,-5.294100839,-4.823414383,5.749555107,314.0509101,168.9297242,583.8402601
HER42PB,181.9,1952.2,-6.961620976,-4.860977227,-4.407721455,5.513409422,247.9952078,133.397996,461.0385831
HER42PB,182,1953.74,-5.865793339,-4.910281894,-4.044320972,4.843720594,126.9407693,68.282143,235.9908199
HER42PB,182.1,1955.27,-6.242990221,-5.094024046,-4.227148674,5.153588834,173.05143,93.08532282,321.7134186
HER42PB,182.2,1956.81,-7.443691546,-5.103718921,-4.56932013,6.026857401,414.4106545,222.9137867,770.4152943
HER42PB,182.3,1958.35,-6.579417865,-5.057718867,-4.055290502,5.442061975,230.9178398,124.2119852,429.2906892
HER42PB,182.4,1959.88,-6.10269668,-4.880374737,-4.392352602,4.870545099,130.391974,70.13856513,242.4068251
HER42PB,182.5,1961.42,-6.134176426,-4.989627042,-4.067638289,5.06775194,158.8168958,85.42848799,295.2505302
HER42PB,182.6,1962.96,-6.426041979,-4.779374725,-4.776057972,4.915347042,136.3666266,73.35236385,253.5140775
HER42PB,182.7,1964.49,-6.173842409,-4.583504668,-4.016439325,4.871812503,130.5573381,70.22751539,242.7142473
HER42PB,182.8,1966.03,-6.558061405,-4.88168401,-3.982810264,5.345462112,209.6547463,112.7744494,389.7612701
HER42PB,182.9,1967.56,-6.732740297,-4.908191005,-4.419105368,5.350451824,210.7034772,113.3385676,391.7109264
HER42PB,183,1969.1,-6.173625835,-4.810022885,-4.145140262,4.962716711,142.9817087,76.91065313,265.8119283
HER42PB,183.1,1970.64,-6.283268548,-4.922663673,-4.3774905,5.029998849,152.9328367,82.26342004,284.3116969
HER42PB,183.2,1972.17,-6.667433778,-4.997371244,-4.141705134,5.445664369,231.7511968,124.6602525,430.839952
HER42PB,183.3,1973.71,-6.557199143,-4.925782324,-4.252763911,5.279522721,196.2761745,105.5780415,364.8896695
HER42PB,183.4,1975.25,-7.355641103,-4.969174526,-4.428901701,5.913897133,370.1458558,199.1035063,688.1242684
HER42PB,183.5,1976.78,-6.545402873,-4.857633117,-4.329829157,5.203802106,181.96277,97.87878197,338.2801564
HER42PB,183.6,1978.32,-6.28637586,-4.810055348,-4.885692762,4.793071147,120.6713997,64.90981436,224.3356702
HER42PB,183.7,1979.85,-8.034523012,-4.884640059,-4.481558742,6.505850817,669.044662,359.8828298,1243.795821
HER42PB,183.8,1981.39,-6.688923073,-4.865075289,-4.319085753,5.323866348,205.1756309,110.3651084,381.4343149
HER42PB,183.9,1982.93,-6.901682825,-4.921613757,-4.479514516,5.475268964,238.7146639,128.40594,443.7854722
HER42PB,184,1984.46,-6.313355889,-5.060592921,-4.073291153,5.237111099,188.1258397,101.1939313,349.7376879
HER42PB,184.1,1986,-7.11433575,-5.014274921,-4.524068585,5.694938379,297.3584694,159.9507679,552.8079701
HER42PB,184.2,1987.53,-7.006640329,-5.175271721,-4.65094541,5.655692971,285.9145447,153.7950174,531.5329992
HER42PB,184.3,1989.07,-7.277407195,-5.010050794,-4.464766005,5.855669237,349.2085253,187.8412002,649.200463
HER42PB,184.4,1990.61,-6.755227313,-5.258932057,-4.967351344,5.391180274,219.4622583,118.0499645,407.9940477
HER42PB,184.5,1992.14,-6.96723639,-5.142687098,-4.223635205,5.747996163,313.5617038,168.6665774,582.9307951
HER42PB,184.6,1993.68,-7.046130391,-5.06082784,-4.441128565,5.692250013,296.5601346,159.5213392,551.3238159
HER42PB,184.7,1995.22,-6.755173136,-5.290626578,-4.805946234,5.464685065,236.2014553,127.0540713,439.1132606
HER42PB,184.8,1996.75,-7.092520085,-5.258649131,-4.826063716,5.719087622,304.6268613,163.8604762,566.3203647
HER42PB,184.9,1998.29,-6.909888138,-5.109159999,-4.482935131,5.592406758,268.3807707,144.3635032,498.936618
HER42PB,185,1999.82,NA,-5.070907084,-4.774529304,NA,NA,NA,NA
HER42PB,185.1,2001.36,-7.267385851,-5.065726676,-5.092634129,5.667038283,289.1768049,155.5498052,537.5977447
HER42PB,185.2,2002.9,-6.96761322,-5.04649773,-4.454535694,5.612864031,273.927653,147.347202,509.2486187
HER42PB,185.3,2004.43,-7.35962676,-5.103958587,-4.278099126,6.048760144,423.5875168,227.8500717,787.4756545
HER42PB,185.4,2005.97,-7.250477783,-5.26311092,-5.189728375,5.736454697,309.9635459,166.7311084,576.2415948
HER42PB,185.5,2007.51,-6.3766738,-5.119456481,-4.569410144,5.150712979,172.5544742,92.81800752,320.7895467
HER42PB,185.6,2009.04,-6.631150515,-5.0051833,-4.307946135,5.36546729,213.8911605,115.0532401,397.6370288
HER42PB,185.7,2010.58,-6.879057948,-4.999191211,-3.750452393,5.749826403,314.1361225,168.9755604,583.9986752
HER42PB,185.8,2012.11,-6.899298569,-4.898530059,-4.05072394,5.604900785,271.7549618,146.1784993,505.2094501
HER42PB,185.9,2013.65,-6.820229357,-4.988623979,-4.693159767,5.375909709,216.1364042,116.2609691,401.8110772
HER42PB,186,2015.19,-6.965893151,-5.221535921,-4.988730459,5.534442221,253.2664814,136.2334433,470.8382102
HER42PB,186.1,2016.72,-6.168939979,-4.992259317,-4.132058051,5.07216118,159.5187038,85.8059944,296.5552352
HER42PB,186.2,2018.26,-6.712374913,-5.107294306,-4.522423095,5.417577605,225.3326162,121.2076625,418.9074098
HER42PB,186.3,2019.79,-7.836448778,-5.368349246,-4.48071377,6.591649405,728.9822657,392.1235989,1355.22357
HER42PB,186.4,2021.33,-7.510013444,-5.318093919,-4.808332692,6.13494568,461.7140128,248.3585252,858.3551924
HER42PB,186.5,2022.87,-6.725816258,-5.025028567,-4.403854886,5.419559745,225.7796999,121.4481513,419.7385662
HER42PB,186.6,2024.4,-6.343267795,-5.31798678,-4.526569378,5.258530547,192.1988564,103.3848295,357.3096804
HER42PB,186.7,2025.94,-6.421333739,-5.349971093,-4.983947717,5.180609143,177.7910781,95.63480579,330.5247206
HER42PB,186.8,2027.48,-6.362630146,-5.103295413,-4.927545621,5.009302628,149.8002332,80.57837524,278.4879913
HER42PB,186.9,2029.01,-6.642726243,-5.029215005,-4.405496331,5.355762854,211.8255067,113.9421134,393.7968493
HER42PB,187,2030.55,-6.869360891,-4.991658992,-4.511899188,5.479302835,239.6795529,128.9249592,445.5792613
HER42PB,187.1,2032.08,-6.524576343,-5.030651317,-4.319303432,5.294256516,199.1894766,107.1451229,370.3056801
HER42PB,187.2,2033.62,-6.579932322,-5.05305601,-4.333618134,5.345356217,209.6325459,112.7625077,389.7199982
HER42PB,187.3,2035.16,-5.607862997,-4.918319424,-4.473911341,4.53458876,93.18518591,50.1248277,173.2370817
HER42PB,187.4,2036.69,-6.603305968,-5.212121621,-4.929329534,5.256174313,191.7465241,103.1415175,356.4687665
HER42PB,187.5,2038.23,-6.6539158,-5.272736539,-4.337146072,5.5325034,252.7759188,135.969567,469.9262235
HER42PB,187.6,2039.77,-6.356884722,-5.248371362,-4.565125253,5.214136857,183.853061,98.89557994,341.7943253
HER42PB,187.7,2041.3,-7.60163903,-5.489832204,-4.711267272,6.35648351,576.2165301,309.9500635,1071.222525
HER42PB,187.8,2042.84,-7.372301334,-5.487760132,-5.116633161,6.004270337,405.1552542,217.9352556,753.208927
HER42PB,187.9,2044.37,-6.746673225,-5.225459546,-5.275221056,5.260075455,192.4960156,103.5446731,357.862118
HER42PB,188,2045.91,-6.69942002,-5.416073628,-5.410067604,5.290028192,198.3490171,106.6930351,368.7432134
HER42PB,188.1,2047.45,-6.894936628,-5.180664654,-4.894168118,5.483180137,240.6106668,129.4258105,447.3102602
HER42PB,188.2,2048.98,-7.759694139,-5.152385508,-4.579039527,6.353775383,574.6581735,309.1118148,1068.325443
HER42PB,188.3,2050.52,-7.083955991,-4.992490256,-4.000271923,5.833366364,341.5063811,183.6981742,634.8816959
HER42PB,188.4,2052.05,-7.248846461,-5.276825168,-4.623104908,5.935203077,378.1167753,203.391108,702.9427057
HER42PB,188.5,2053.59,-6.827682083,-5.299507135,-4.562368385,5.611141694,273.4562633,147.0936388,508.3722758
HER42PB,188.6,2055.13,-6.076521496,-5.14637373,-4.359168195,5.021595742,151.65311,81.57504796,281.9326051
HER42PB,188.7,2056.66,-7.036068535,-5.373520798,-4.416683971,5.877890959,357.0554027,192.062079,663.7882982
HER42PB,188.8,2058.2,-6.490031124,-5.060811719,-4.361381795,5.271565635,194.7205853,104.7412815,361.997732
HER42PB,188.9,2059.74,-7.163759841,-4.997666182,-4.190696367,5.840935419,344.1010687,185.093871,639.7053822
HER42PB,189,2061.27,-6.305675914,-5.139730505,-4.572832328,5.109227074,165.5423535,89.04614895,307.7535763
HER42PB,189.1,2062.81,-7.279897978,-5.047735349,-4.730452807,5.790250784,327.0950443,175.9462362,608.0901204
HER42PB,189.2,2064.34,-6.324918841,-4.803629316,-4.233826683,5.038414402,154.2252818,82.95863339,286.714433
HER42PB,189.3,2065.88,-6.242778975,-4.849367147,-4.210878378,5.013487506,150.4284425,80.91629253,279.6558717
HER42PB,189.4,2067.42,-6.16746132,-4.929850157,-4.462713228,4.921935185,137.2679953,73.83721509,255.1897783
HER42PB,189.5,2068.95,-6.348028374,-5.168153121,-4.124692652,5.309166512,202.1816421,108.7546253,375.8683026
HER42PB,189.6,2070.49,-6.3118173,-4.895669976,-4.226710021,5.085928864,161.7300948,86.9955139,300.6663493
HER42PB,189.7,2072.03,-6.889673872,-5.167872992,-4.023619422,5.766281317,319.347968,171.779041,593.6878217
HER42PB,189.8,2073.56,-6.790344125,-5.24642082,-4.423982997,5.596185788,269.3969084,144.9100893,500.8256814
HER42PB,189.9,2075.1,-6.529256619,-5.152264651,-4.336155759,5.364436967,213.670897,114.9347591,397.2275452
HER42PB,190,2076.63,-6.59229217,-5.271844374,-4.352417205,5.478651522,239.5234973,128.841016,445.2891441
HER42PB,190.1,2078.12,-7.235031926,-5.268178603,-4.622785854,5.917930453,371.6417875,199.9081762,690.9052988
HER42PB,190.2,2079.61,-6.790231138,-5.302154083,-4.566895417,5.580794772,265.2823611,142.6968516,493.1764811
HER42PB,190.3,2081.1,-6.692946462,-5.290479242,-4.256286646,5.60126522,270.7687728,145.6480228,503.3760631
HER42PB,190.4,2082.59,-6.571015082,-4.935504929,-3.991656253,5.384464398,217.9933153,117.2598118,405.2631908
HER42PB,190.5,2084.08,-6.635045527,-5.335762543,-4.297774876,5.568512705,262.0440724,140.9549582,487.1563002
HER42PB,190.6,2085.57,-6.959732123,-5.334208073,-4.730008379,5.683961848,294.1123532,158.204664,546.7732373
HER42PB,190.7,2087.05,-6.525695925,-5.056565558,-4.584994121,5.220472661,185.0216159,99.52415212,343.966742
HER42PB,190.8,2088.54,-7.902038266,-5.152023866,-4.382000207,6.562504974,708.0431044,380.860308,1316.296361
HER42PB,190.9,2090.03,-7.134093721,-5.300222767,-4.620045936,5.849514112,347.0657045,186.688565,645.2168252
HER42PB,191,2091.52,-6.984613434,-5.300274214,-4.525499539,5.753967878,315.4398072,169.6768196,586.4223066
HER42PB,191.1,2093.01,-6.831696688,-5.114045191,-5.072198081,5.33135135,206.7171327,111.1942908,384.3000629
HER42PB,191.2,2094.5,-7.368339686,-5.171115109,-4.378877026,6.062446327,429.4246662,230.9899067,798.32728
HER42PB,191.3,2095.98,-6.902588106,-5.575717165,-4.794708629,5.758093815,316.7439805,170.3783417,588.8468462
HER42PB,191.4,2097.47,-7.171759224,-5.305098447,-4.535085686,5.913981824,370.1772053,199.1203693,688.182549
HER42PB,191.5,2098.96,-7.502475523,-5.037609624,-4.591160591,6.034738646,417.6896304,224.677566,776.5111154
HER42PB,191.6,2100.45,-7.711706953,-5.207382218,-4.885438082,6.23562191,510.6180784,274.6642929,949.2709053
HER42PB,191.7,2101.94,-6.537183683,-5.006217386,-4.455386428,5.243274296,189.2888766,101.8195353,351.8998462
HER42PB,191.8,2103.43,-7.055897159,-5.026052558,-4.536641029,5.647526692,283.5891944,152.5441986,527.2100277
HER42PB,191.9,2104.92,-6.772522091,-4.94875989,-4.147500079,5.498535957,244.3339549,131.4285878,454.2320853
HER42PB,192,2106.4,-6.481047962,-4.808208539,-4.07656288,5.211085191,183.292858,98.59424367,340.752873
HER42PB,192.1,2107.89,-6.436993468,-4.889057755,-4.789685281,4.984170822,146.0823965,78.57853031,271.5763007
HER42PB,192.2,2109.38,-6.260095016,-4.771055497,-4.53786161,4.868648491,130.144906,70.00566588,241.9475102
HER42PB,192.3,2110.87,-7.522229427,-5.100692392,-4.60020035,6.087672544,440.3952168,236.8910267,818.7222189
HER42PB,192.4,2112.36,-6.65376859,-5.014978466,-4.287310091,5.39602589,220.5282689,118.6233774,409.9758278
HER42PB,192.5,2113.85,-6.714308429,-4.903786683,-4.40042378,5.339467365,208.4016787,112.1004174,387.4317393
HER42PB,192.6,2115.33,-6.078293294,-4.827295551,-4.148383487,4.904563804,134.9040526,72.56563719,250.795061
HER42PB,192.7,2116.82,-6.497361378,-5.134487291,-4.556756281,5.25473137,191.4700443,102.9927974,355.9547731
HER42PB,192.8,2118.31,-6.197754543,-5.045796274,-4.412867953,5.029406108,152.8422139,82.21467353,284.1432235
HER42PB,192.9,2119.8,-6.449843762,-4.988825854,-4.41446221,5.180340407,177.7433058,95.60910879,330.4359088
HER42PB,193,2121.29,-6.571679042,-4.994116338,-4.348646581,5.29883318,200.1031893,107.636614,372.0043291
HER42PB,193.1,2122.78,-6.138914254,-4.882586219,-4.053242163,5.012342031,150.2562292,80.82365802,279.3357163
HER42PB,193.2,2124.27,-6.375958604,-4.674147371,-4.603195635,4.873968331,130.839101,70.37907719,243.238062
HER42PB,193.3,2125.75,-6.692166452,-4.997570731,-4.33762162,5.398929425,221.1695108,118.968305,411.1679367
HER42PB,193.4,2127.24,-6.515261237,-4.913258303,-4.309839893,5.220540213,185.034115,99.53087545,343.9899786
HER42PB,193.5,2128.73,-6.927122081,-4.813547533,-4.42842211,5.449421339,232.6235167,125.1294782,432.4616492
HER42PB,193.6,2130.22,-6.240703002,-4.959008411,-4.714051283,4.90663757,135.1841023,72.71627747,251.3156909
HER42PB,193.7,2131.71,-6.448045156,-5.024936822,-4.265746229,5.250857532,190.7297553,102.5945919,354.5785296
HER42PB,193.8,2133.2,-7.046620904,-5.083542951,-4.597707857,5.653104722,285.1754835,153.3974723,530.1590383
HER42PB,193.9,2134.69,-7.195316654,-5.073674758,-4.625076279,5.766512749,319.4218837,171.8188007,593.8252357
HER42PB,194,2136.17,-6.728342531,-5.072186994,-4.245249118,5.503369346,245.5177745,132.065371,456.43288
HER42PB,194.1,2137.66,-7.167577855,-5.327028221,-4.354167138,5.984687223,397.2982362,213.7089221,738.6022398
HER42PB,194.2,2139.15,-6.617377753,-5.525074634,-5.132348551,5.384400918,217.9794774,117.2523684,405.2374652
HER42PB,194.3,2140.64,-7.435797068,-5.308601095,-4.600029444,6.130982221,459.8876502,247.3761146,854.9598703
HER42PB,194.4,2142.13,-6.923706329,-5.154120717,-4.562355927,5.603681029,271.4236893,146.000306,504.5935938
HER42PB,194.5,2143.62,-6.646045902,-5.14879447,-4.193985766,5.50115066,244.9736515,131.7726842,455.4213213
HER42PB,194.6,2145.1,-7.444700435,-5.097663579,-4.439918326,6.068045883,431.8359985,232.2869757,802.8100972
HER42PB,194.7,2146.59,NA,-5.116103912,-4.427471412,NA,NA,NA,NA
HER42PB,194.8,2148.08,-7.151261525,-5.112828007,-4.708914489,5.722884288,305.7856259,164.4837821,568.4745806
HER42PB,194.9,2149.57,-6.952100204,-5.127550911,-4.413878495,5.661855845,287.6820408,154.7457634,534.818885
HER42PB,195,2151.06,-6.317246731,-5.203596565,-4.826728864,5.069632799,159.1158891,85.58931817,295.8063776
HER42PB,195.1,2152.55,-7.107834891,-5.171494193,-4.30447451,5.857231474,349.7544981,188.134882,650.2154606
HER42PB,195.2,2154.04,-6.277378753,-4.76848207,-4.329400351,4.950335826,141.2223821,75.96430164,262.5412303
HER42PB,195.3,2155.52,-6.556723722,-4.902165374,-4.344652636,5.233971313,187.5360912,100.8767023,348.6413085
HER42PB,195.4,2157.01,-6.080970388,-4.974636053,-4.326727658,4.933594159,138.8777652,74.70311923,258.1824411
HER42PB,195.5,2158.5,-6.508928801,-4.981320906,-4.588859883,5.161603949,174.4440307,93.83441046,324.3023504
HER42PB,195.6,2159.99,-8.605831815,-5.062804238,-4.64094532,7.188348433,1323.914865,712.1411395,2461.240436
HER42PB,195.7,2161.48,-6.380122537,-5.058366697,-4.540069058,5.126899569,168.4939037,90.63380417,313.2406925
HER42PB,195.8,2162.97,-6.536308697,-4.965337065,-4.392918431,5.239468703,188.5698892,101.432788,350.5632036
HER42PB,195.9,2164.46,-6.588623818,-5.02837615,-4.642713669,5.232659915,187.2903179,100.7444995,348.1844006
HER42PB,196,2165.94,-8.019036971,-5.256919548,-4.548106251,6.688544193,803.1521664,432.0199994,1493.110049
HER42PB,196.1,2167.43,-6.632358543,-4.865204884,-4.342352232,5.2715263,194.7129261,104.7371616,361.9834931
HER42PB,196.2,2168.92,-5.984784678,-5.086038255,-4.285983085,4.946985987,140.7501014,75.71025921,261.6632309
HER42PB,196.3,2170.41,-6.500579618,-4.619034845,-4.18176333,5.077810182,160.4223753,86.29208431,298.2352169
HER42PB,196.4,2171.9,-6.289189306,-4.577679863,-4.25360608,4.871192603,130.4764307,70.18399485,242.5638354
HER42PB,196.5,2173.39,-6.620961701,-4.733260938,-4.253838086,5.214166807,183.8585674,98.89854191,341.8045622
HER42PB,196.6,2174.87,-6.355082545,-4.599488353,-4.125597106,4.975970552,144.8893796,77.93679989,269.3584077
HER42PB,196.7,2176.36,-7.337333121,-4.461560163,-3.946332478,5.759075039,317.0549299,170.5456031,589.4249206
HER42PB,196.8,2177.85,-5.905815878,-4.415724723,-4.030813698,4.581171826,97.62873109,52.51503526,181.4979098
HER42PB,196.9,2179.34,-6.032343683,-4.536234456,-3.948447791,4.767287424,117.5998105,63.2575895,218.625394
HER42PB,197,2180.83,-6.081090815,-4.688642588,-3.933068009,4.897059022,133.8954166,72.02308631,248.9199437
HER42PB,197.1,2182.32,-7.146800301,-4.739211899,-4.211804262,5.665351149,288.6893363,155.2875932,536.6915102
HER42PB,197.2,2183.81,-7.382944304,-4.54973096,-4.073729312,5.809715008,333.5240604,179.4044396,620.042063
HER42PB,197.3,2185.29,-6.326603696,-4.695186877,-3.91154062,5.084408486,161.4843908,86.86334834,300.2095701
HER42PB,197.4,2186.78,-5.876992351,-4.595491773,-4.475507824,4.517929599,91.64565819,49.29670721,170.3750035
HER42PB,197.5,2188.27,-6.809707144,-4.645174928,-4.040413318,5.384392442,217.9776299,117.2513746,405.2340307
HER42PB,197.6,2189.76,-6.580577493,-4.564194087,-4.020769535,5.161230464,174.3788905,93.79937119,324.1812507
HER42PB,197.7,2191.25,-6.127059027,-4.781435706,-3.899697356,4.99585812,147.7997209,79.50228863,274.7689141
HER42PB,197.8,2192.74,-6.487049621,-4.550108142,-3.892105908,5.124704414,168.1244391,90.43506712,312.5538348
HER42PB,197.9,2194.23,-5.865845256,-4.586744592,-4.010234315,4.662946145,105.9477602,56.98988712,196.9635047
HER42PB,198,2195.71,-6.899875833,-4.634332011,-3.630191679,5.59082488,267.9565607,144.1353183,498.1479852
HER42PB,198.1,2197.2,-6.247133957,-4.706688916,-3.738520645,5.091900813,162.6988283,87.51660103,302.4672854
HER42PB,198.2,2198.69,-6.00872942,-4.509715326,-4.032441236,4.706730427,110.6896596,59.54058109,205.7789919
HER42PB,198.3,2200.18,-5.951370334,-4.557043801,-4.22630224,4.629843444,102.4980162,55.13425069,190.550215
HER42PB,198.4,2201.67,-6.310673238,-4.713619385,-4.28861638,4.955868599,142.0058989,76.38575968,263.997837
HER42PB,198.5,2203.16,-6.196217807,-4.752572149,-4.254283806,4.907713998,135.3296966,72.79459348,251.5863599
HER42PB,198.6,2204.64,-6.29313042,-4.725165756,-4.568691115,4.85497009,128.3768514,69.05461949,238.6605862
HER42PB,198.7,2206.13,-5.885749359,-4.657603018,-3.997713059,4.722678445,112.4690919,60.49774755,209.0870676
HER42PB,198.8,2207.62,-5.883618676,-4.767431243,-4.173084647,4.727107584,112.968338,60.76629478,210.0151972
HER42PB,198.9,2209.11,-5.534745421,-4.696012924,-4.219979125,4.442348828,84.9742975,45.70814534,157.9725273
HER42PB,199,2210.6,-6.96333332,-4.590543968,-3.963065891,5.50475857,245.8590907,132.2489668,457.0674081
HER42PB,199.1,2212.09,-5.647046294,-4.484964432,-3.577266664,4.605831782,100.0661815,53.82615335,186.0292824
HER42PB,199.2,2213.58,-6.516991574,-4.562546522,-3.657079023,5.234580283,187.6503297,100.9381518,348.8536851
HER42PB,199.3,2215.06,-6.105585916,-4.567022343,-4.008213984,4.816463594,123.5274741,66.44611261,229.645291
HER42PB,199.4,2216.55,-5.844350905,-4.55827566,-4.071672674,4.61083098,100.5676847,54.09591468,186.9616081
HER42PB,199.5,2218.04,-5.778402581,-4.305096843,-3.761481396,4.521745426,91.99603019,49.48517425,171.026367
HER42PB,199.6,2219.53,-5.115557211,-4.170798558,-3.866621266,3.998210803,54.50055052,29.31614803,101.319928
HER42PB,199.7,2221.02,-5.755024221,-4.272951187,-3.604701558,4.540422583,93.7304006,50.4181017,174.2506699
HER42PB,199.8,2222.51,-5.416361806,-4.191289638,-3.634454633,4.267460562,71.34024126,38.37431096,132.625965
HER42PB,199.9,2224,-5.307349303,-4.3636238,-3.408905691,4.380458226,79.87462563,42.96500359,148.4919187
HER42PB,200,2225.48,-4.677996636,-4.051964392,-3.655924424,3.758208203,42.87154002,23.06083886,79.70087101
HER42PB,200.1,2227.07,-5.319146229,-4.180793612,-3.564088127,4.22622206,68.45811239,36.82399787,127.2679074
HER42PB,200.2,2228.66,-5.469995046,-3.967740804,-3.327040099,4.27170435,71.64363743,38.53750944,133.1899975
HER42PB,200.3,2230.24,-5.093443405,-4.040293491,-3.175704133,4.14209771,62.93470185,33.85292475,116.9995422
HER42PB,200.4,2231.83,-5.563968271,-4.241083125,-3.588240767,4.404331548,81.80444225,44.00306264,152.0795683
HER42PB,200.5,2233.42,-5.278970119,-4.182510684,-3.518889979,4.218579715,67.93692593,36.54364879,126.2989892
HER42PB,200.6,2235.01,-5.077478849,-3.990904539,-3.719795022,3.919203157,50.36029953,27.08908409,93.62294276
HER42PB,200.7,2236.59,-5.481819329,-4.111398317,-3.490821829,4.30892421,74.36044964,39.99889778,138.2407211
HER42PB,200.8,2238.18,-5.216659083,-4.013884601,-3.423902108,4.113705729,61.1729886,32.90528943,113.7244072
HER42PB,200.9,2239.77,-4.710060003,-4.005943791,-3.623778326,3.758665642,42.89115563,23.07139021,79.73733766
HER42PB,201,2241.35,-5.292812044,-4.252512237,-3.397654768,4.309529676,74.40548603,40.0231231,138.3244465
HER42PB,201.1,2242.94,-5.276059288,-4.509457659,-3.88066016,4.288626554,72.86632182,39.19519815,135.4630441
HER42PB,201.2,2244.53,-5.73446212,-4.446949303,-3.967766619,4.50738552,90.68441573,48.77964956,168.5879938
HER42PB,201.3,2246.11,-5.164654602,-4.347358992,-3.645367787,4.206549896,67.12455316,36.10666898,124.7887375
HER42PB,201.4,2247.7,-5.798112683,-4.47703047,-3.543106367,4.710978071,111.1608299,59.79402618,206.6549268
HER42PB,201.5,2249.29,-5.085357294,-4.665503449,-3.962877524,4.242404838,69.57496737,37.42476036,129.3442106
HER42PB,201.6,2250.87,-4.943712017,-4.608477405,-4.085343933,4.08719068,59.57229873,32.04426949,110.7486247
HER42PB,201.7,2252.46,-5.746169202,-4.552891687,-3.443584109,4.755676357,116.2422479,62.52734905,216.1016003
HER42PB,201.8,2254.05,-4.465769624,-4.188685683,-3.544671191,3.76792047,43.28994842,23.28590306,80.47871837
HER42PB,201.9,2255.63,-5.15546578,-4.259125834,-3.548500056,4.181588673,65.4697807,35.2165577,121.7124121
HER42PB,202,2257.22,-5.192705923,-4.237194478,-3.300760594,4.274185757,71.82163527,38.63325546,133.5209065
HER42PB,202.1,2258.81,-5.390764213,-4.151922583,-3.440256355,4.294265127,73.2783444,39.41682737,136.2290198
HER42PB,202.2,2260.4,-5.191866242,-4.446318785,-3.483671851,4.336039074,76.40430739,41.09830019,142.0403803
HER42PB,202.3,2261.98,-5.447284567,-4.212828746,-3.562140773,4.323739085,75.47029124,40.59588772,140.3039859
HER42PB,202.4,2263.57,-5.090954541,-4.309158748,-3.556143318,4.171589642,64.81840834,34.8661809,120.5014702
HER42PB,202.5,2265.16,-6.008908908,-4.556656579,-3.521840095,4.907818342,135.3438181,72.80218951,251.6126126
HER42PB,202.6,2266.74,-6.1146683,-4.659831619,-4.067847676,4.857826132,128.7440252,69.25212431,239.3431852
HER42PB,202.7,2268.33,-5.881957716,-4.674864784,-4.026310979,4.720700064,112.2468051,60.37817828,208.6738227
HER42PB,202.8,2269.92,-6.728949486,-4.855272894,-4.223921433,5.38211407,217.4815609,116.9845364,404.3118075
HER42PB,202.9,2271.5,-6.751017923,-4.971234645,-4.225289279,5.468252792,237.0456627,127.5081751,440.6826948
HER42PB,203,2273.09,-6.132006564,-4.864697885,-4.492263302,4.848024186,127.4882478,68.57663473,237.0086167
HER42PB,203.1,2274.68,-6.826545224,-4.78857693,-4.364821909,5.373390926,215.5926884,115.9685014,400.8002755
HER42PB,203.2,2276.26,-6.928643697,-4.94485023,-4.257294863,5.586752397,266.867531,143.5495232,496.1234109
HER42PB,203.3,2277.85,-6.831137594,-4.991750075,-4.669778929,5.39457336,220.2081773,118.4511984,409.3807577
HER42PB,203.4,2279.44,-6.017598554,-4.589192708,-4.703759272,4.532580114,92.99819774,50.02424572,172.889459
HER42PB,203.5,2281.03,-7.697388418,-4.603675737,-4.118783495,6.122582858,456.0410638,245.3070145,847.8088258
HER42PB,203.6,2282.61,-5.72025713,-4.717788702,-4.670018426,4.421155184,83.19233233,44.7496164,154.6597427
HER42PB,203.7,2284.2,-6.287911665,-4.734288532,-4.474949989,4.888354434,132.7349701,71.39887571,246.7626012
HER42PB,203.8,2285.79,-6.437390294,-4.944123813,-4.799333576,5.013939339,150.4964264,80.95286141,279.7822579
HER42PB,203.9,2287.37,-6.644772456,-5.060129202,-4.550140749,5.326725143,205.763025,110.681071,382.5263172
HER42PB,204,2288.96,-6.697946338,-4.829494248,-5.071266619,5.054930654,156.7936569,84.34017661,291.4892029
HER42PB,204.1,2290.55,-7.469138212,-4.597458587,-4.933930824,5.625831436,277.5029145,149.2703549,515.8952532
HER42PB,204.2,2292.13,-6.078139522,-4.361415239,-4.051260311,4.660380294,105.6762626,56.84384705,196.4587736
HER42PB,204.3,2293.72,-6.14667644,-4.401008078,-4.196912721,4.682822407,108.0746733,58.13396542,200.9175688
HER42PB,204.4,2295.31,-5.945685295,-4.707473917,-3.647604714,4.911544838,135.8491172,73.0739927,252.5519952
HER42PB,204.5,2296.89,-6.33990406,-4.800611757,-4.307943056,5.022536378,151.7958275,81.65181647,282.1979257
HER42PB,204.6,2298.48,-6.502681004,-4.843587501,-4.12481979,5.232221215,187.2081716,100.7003126,348.0316857
HER42PB,204.7,2300.07,-6.456850852,-4.830318506,-4.223874584,5.155981913,173.4660517,93.30835013,322.4842263
HER42PB,204.8,2301.65,-6.390267299,-4.920273919,-4.221667217,5.160260905,174.2099019,93.70847126,323.8670902
HER42PB,204.9,2303.24,-6.191432516,-4.736145284,-4.382505244,4.851063744,127.8763452,68.78539446,237.730114
HER42PB,205,2304.83,-6.640284247,-4.397803078,-4.185335785,5.053053823,156.4996578,84.18203286,290.9426401
HER42PB,205.1,2306.42,-5.857768306,-4.700040829,-4.481135856,4.565302156,96.09162433,51.68821702,178.6403323
HER42PB,205.2,2308,-5.239001797,-4.649489506,-4.408122216,4.171179935,64.79185723,34.85189891,120.45211
HER42PB,205.3,2309.59,-5.867638651,-4.709911174,-4.16464034,4.685045543,108.3152052,58.26334887,201.3647327
HER42PB,205.4,2311.18,-5.947251392,-4.889461098,-4.355977451,4.780728995,119.1912082,64.11361114,221.5839017
HER42PB,205.5,2312.76,-5.961794004,-4.726678552,-4.753747874,4.559049392,95.49266061,51.36603112,177.5268213
HER42PB,205.6,2314.35,-6.228757522,-4.740232538,-4.405104689,4.872647424,130.6663887,70.2861743,242.9169791
HER42PB,205.7,2315.94,-5.469322297,-4.648613891,-4.527509696,4.269240247,71.46731751,38.44266598,132.8622077
HER42PB,205.8,2317.52,-5.837492423,-4.528057067,-4.514376963,4.438250604,84.62676636,45.52120641,157.3264452
HER42PB,205.9,2319.11,-6.486981278,-4.957586073,-4.337906044,5.215829916,184.1645987,99.06315781,342.3734935
HER42PB,206,2320.7,-6.31176273,-4.805977391,-4.222751737,5.033902871,153.5310568,82.58520596,285.4238255
HER42PB,206.1,2322.28,-6.428643631,-4.788115131,-4.235325308,5.105764142,164.9700829,88.73832145,306.6896896
HER42PB,206.2,2323.87,-6.808529752,-4.778359259,-3.877677938,5.517777925,249.0809452,133.9820202,463.0570368
HER42PB,206.3,2325.46,-6.607201606,-4.942193843,-4.543184535,5.229592575,186.7167149,100.4359553,347.1180369
HER42PB,206.4,2327.05,-6.535405565,-4.964433933,-4.323612571,5.261727937,192.8143747,103.7159203,358.4539674
HER42PB,206.5,2328.63,-5.910903966,-4.866542267,-4.180388122,4.801952772,121.7479314,65.48888674,226.33701
HER42PB,206.6,2330.22,-5.747276526,-4.780196829,-4.272571208,4.610583283,100.5427774,54.08251692,186.915304
HER42PB,206.7,2331.81,-4.883526998,-4.65331628,-4.494748809,3.941874622,51.51508216,27.71024806,95.7697558
HER42PB,206.8,2333.39,-4.582739641,-4.370291378,-4.582739641,3.583718106,36.00717076,19.36845661,66.93957976
HER42PB,206.9,2334.98,-6.015202303,-4.637093527,-4.306509433,4.694042419,109.2941006,58.78990213,203.1845604
HER42PB,207.1,2338.15,-5.795209835,-4.596056317,-3.647256306,4.744529863,114.9537488,61.83425827,213.7062
HER42PB,207.2,2339.74,-5.87630502,-4.672332216,-3.928907882,4.748410026,115.4006546,62.07465136,214.5370258
HER42PB,207.3,2341.33,-5.903227122,-4.727922213,-3.76572178,4.85488989,128.3665559,69.04908153,238.6414464
HER42PB,207.4,2342.91,-5.49493304,-4.383959655,-3.58263039,4.447996854,85.45559241,45.96703654,158.8672846
HER42PB,207.5,2344.5,-5.271692765,-4.324818609,-3.617317115,4.265507788,71.20106582,38.29944772,132.3672292
HER42PB,207.6,2346.09,-5.277195236,-4.544469069,-3.669000331,4.381854409,79.98622312,43.0250325,148.6993854
HER42PB,207.7,2347.67,-5.729512103,-4.247907562,-3.711439507,4.472692209,87.59222245,47.11634167,162.8394133
HER42PB,207.8,2349.26,-5.748667491,-4.347630848,-3.644774853,4.56708197,96.26280175,51.78029431,178.9585618
HER42PB,207.9,2350.85,-5.300190611,-4.252871617,-3.669725331,4.221934321,68.16521026,36.6664442,126.723384
HER42PB,208,2352.44,-5.926955988,-4.721860219,-3.457143965,4.971923831,144.3042375,77.62204873,268.270592
HER42PB,208.1,2354.02,-5.926409764,-4.799527041,-3.624900518,4.960874251,142.7185131,76.7690788,265.3226313
HER42PB,208.2,2355.61,-5.894459633,-4.758743594,-3.732203654,4.878662997,131.4547909,70.71026024,244.3826681
HER42PB,208.3,2357.2,-5.929872037,-4.924090734,-3.936475222,4.931683303,138.6126431,74.56050858,257.6895625
HER42PB,208.4,2358.78,-6.077166632,-4.874414084,-4.283376706,4.886038287,132.4278921,71.23369676,246.1917241
HER42PB,208.5,2360.37,-6.309722455,-4.821149245,-4.017965001,5.110834543,165.8086716,89.18940296,308.2486784
HER42PB,208.6,2361.96,-5.751559537,-4.557114739,-4.034350224,4.561488273,95.72584008,51.49145965,177.9603165
HER42PB,208.7,2363.54,-6.258287977,-4.700884924,-4.144240906,4.959024182,142.4547181,76.62718201,264.8322199
HER42PB,208.8,2365.13,-5.871570669,-4.654097177,-4.174797807,4.651053957,104.6952717,56.31616663,194.6350503
HER42PB,208.9,2366.72,-6.19748871,-4.807910274,-4.01796371,5.021620765,151.6569049,81.57708922,281.9396599
HER42PB,209,2368.3,-6.472508975,-4.873653172,-4.126998838,5.226426113,186.1264186,100.1184316,346.0206392
HER42PB,209.1,2369.89,-6.683730658,-4.922742847,-3.997120788,5.463165445,235.8427913,126.8611439,438.4464818
HER42PB,209.2,2371.48,-6.120355254,-4.770915985,-3.890057929,4.988138629,146.6631747,78.8909341,272.6560036
HER42PB,209.3,2373.07,-6.708538307,-4.871316463,-3.773939505,5.527902491,251.615591,135.3454202,467.7691018
HER42PB,209.4,2374.65,-6.101840243,-4.905302418,-4.037951115,5.004879225,149.1390699,80.22273184,277.2588474
HER42PB,209.5,2376.24,-6.108636285,-4.813909117,-3.86394517,5.014294331,150.5498609,80.98160414,279.881596
HER42PB,209.6,2377.83,-6.228288738,-4.773940914,-3.852400826,5.079675431,160.7218821,86.45319071,298.7920189
HER42PB,209.7,2379.41,-6.035762845,-4.777970528,-3.907531139,4.927251254,137.9996645,74.230784,256.549997
HER42PB,209.8,2381,-5.40813022,-4.690137041,-3.920256066,4.462161923,86.67469066,46.62279624,161.1336644
HER42PB,209.9,2382.59,-5.627082817,-4.80138898,-4.066041445,4.615543323,101.0427125,54.35143477,187.8447145
HER42PB,210,2384.17,-6.15580747,-4.715099687,-4.123512707,4.900926794,134.4142963,72.30219459,249.8845736
HER42PB,210.1,2385.7,-6.171535767,-4.538689763,-4.144426841,4.800144944,121.528031,65.37060106,225.9282012
HER42PB,210.2,2387.23,-6.805777923,-4.689522408,-4.039458814,5.407895901,223.1615394,120.0398282,414.8712423
HER42PB,210.3,2388.76,-6.33434478,-4.778632267,-3.93925063,5.130328797,169.0726996,90.94514166,314.3167102
HER42PB,210.4,2390.29,-6.632539397,-5.211153716,-4.469920349,5.434118988,229.0909276,123.229279,425.8943453
HER42PB,210.5,2391.82,-6.443969566,-5.096556993,-4.056918707,5.361144944,212.9686441,114.5570134,395.9220133
HER42PB,210.6,2393.34,-6.365297011,-4.709339083,-4.161042528,5.036835048,153.9818977,82.82771573,286.2619667
HER42PB,210.7,2394.87,-6.414667579,-4.614744799,-3.991752605,5.074756699,159.9332753,86.02899472,297.3259495
HER42PB,210.8,2396.4,-5.933622509,-4.967608341,-4.156678125,4.885471109,132.3528033,71.19330604,246.0521291
HER42PB,210.9,2397.93,-6.132404423,-4.801852045,-4.162683625,4.922642297,137.3650934,73.88944467,255.3702896
HER42PB,211,2399.46,-7.003273229,-4.868261837,-4.425223248,5.546817092,256.420094,137.929789,476.7009729
HER42PB,211.1,2400.99,-6.474021468,-4.831247136,-4.690772689,5.011283162,150.0972117,80.73812165,279.0400929
HER42PB,211.2,2402.51,-6.65297055,-4.610668556,-4.346227447,5.135043988,169.871792,91.37497791,315.8022729
HER42PB,211.3,2404.04,-6.222769151,-5.018796346,-4.927281238,4.856976483,128.6346844,69.19330933,239.139914
HER42PB,211.4,2405.57,-6.401114435,-5.215042841,-4.644926432,5.200157654,181.3008224,97.5227167,337.0495545
HER42PB,211.5,2407.1,-6.488458105,-5.582749483,-4.586088765,5.504533917,245.8038641,132.2192601,456.9647383
HER42PB,211.6,2408.63,-6.623666742,-5.01422883,-4.368173257,5.344580946,209.4700868,112.6751201,389.4179767
HER42PB,211.7,2410.16,-6.586577252,-5.046132211,-4.313845122,5.353090825,211.2602582,113.6380632,392.7460171
HER42PB,211.8,2411.68,-6.108551223,-4.899770717,-4.206623536,4.949142452,141.0539515,75.87370189,262.2281073
HER42PB,211.9,2413.21,-5.962375315,-4.863763027,-4.210404096,4.825103314,124.5993406,67.02267554,231.6379578
HER42PB,212,2414.74,-6.116055631,-4.969241241,-4.531619021,4.885582915,132.3676019,71.20126632,246.0796408
HER42PB,212.1,2416.27,-6.53270526,-5.035185264,-4.04779861,5.395201798,220.3466082,118.5256612,409.6381094
HER42PB,212.2,2417.8,-6.83736105,-4.887698551,-4.134587906,5.519173,249.4286745,134.1690657,463.7034872
HER42PB,212.3,2419.33,-5.974005326,-4.791132693,-3.915383412,4.88986349,132.9354258,71.50670193,247.1352608
HER42PB,212.4,2420.85,-6.03152346,-4.755770973,-3.826576836,4.938551512,139.5679406,75.0743684,259.4655202
HER42PB,212.5,2422.38,-6.139408622,-5.080536662,-4.042267503,5.134104863,169.7123361,91.28920572,315.5058345
HER42PB,212.6,2423.91,-6.670738155,-4.947971558,-3.956779518,5.4815749,240.2247395,129.2182181,446.5927973
HER42PB,212.7,2425.44,-6.312962591,-5.093722314,-4.24318296,5.198939611,181.0801246,97.40400211,336.6392634
HER42PB,212.8,2426.97,-6.28785856,-4.940179035,-3.929294199,5.195665373,180.4881948,97.08559978,335.5388289
HER42PB,212.9,2428.49,-6.826767681,-5.138471193,-4.049382786,5.688514615,295.4544311,158.9265751,549.2682439
HER42PB,213,2430.02,-6.566479366,-4.984876253,-3.854515266,5.456794157,234.3449458,126.0554445,435.6618935
HER42PB,213.1,2431.55,-6.633479537,-4.964618204,-4.087548186,5.417870058,225.3985251,121.2431152,419.0299384
HER42PB,213.2,2433.08,-6.036066057,-4.967531223,-4.021163036,5.001653964,148.6588322,79.96440934,276.3660556
HER42PB,213.3,2434.61,-6.487577201,-4.935917089,-4.48325629,5.154136695,173.1462642,93.13633466,321.8897214
HER42PB,213.4,2436.14,-6.773243814,-4.827333665,-4.298307337,5.375810062,216.1148679,116.2493846,401.7710397
HER42PB,213.5,2437.66,-6.456849476,-4.807539172,-4.219028918,5.144079528,171.4136305,92.20434139,318.6686471
HER42PB,213.6,2439.19,-6.222657804,-4.871210174,-4.310581728,4.978161662,145.2071962,78.10775522,269.9492486
HER42PB,213.7,2440.72,-6.184898376,-5.069118283,-4.70270369,4.935839972,139.1900091,74.87107695,258.762922
HER42PB,213.8,2442.25,-5.766163498,-4.693753581,-4.250657405,4.578987991,97.41575873,52.40047625,181.1019809
HER42PB,213.9,2443.78,-6.748493073,-4.887235809,-4.072778252,5.467976064,236.9800745,127.4728948,440.5607622
HER42PB,214,2445.31,-7.780773099,-5.106624449,-4.239813775,6.462332959,640.5537001,344.5573836,1190.829343
HER42PB,214.1,2446.83,-7.175438705,-5.308777928,-4.386320681,5.969804564,391.429164,210.5519156,727.6912679
HER42PB,214.2,2448.36,-6.252520263,-5.136286373,-4.889835768,4.961014611,142.7385466,76.77985491,265.3598748
HER42PB,214.3,2449.89,-5.665718668,-4.821672843,-4.498787135,4.505685341,90.53036696,48.69678588,168.3016075
HER42PB,214.4,2451.42,-6.666956792,-4.721046643,-4.568672163,5.136287863,170.0832228,91.48870773,316.1953361
HER42PB,214.5,2452.95,-6.30686467,-5.14371386,-4.270651863,5.214882342,183.9901717,98.96933258,342.0492228
HER42PB,214.6,2454.48,-6.274291101,-5.017335254,-4.155204728,5.155084828,173.3105078,93.22468219,322.1950604
HER42PB,214.7,2456,-6.325897876,-4.963320042,-4.169422958,5.155907884,173.4532107,93.30144286,322.460354
HER42PB,214.8,2457.53,-6.214219134,-4.848978182,-4.268308985,4.973198326,144.4882697,77.72104068,268.6127194
HER42PB,214.9,2459.06,-6.02175688,-4.782372038,-3.829713662,4.946545123,140.6880633,75.67688859,261.5478983
HER42PB,215,2460.59,-6.278348224,-4.843263699,-4.044206703,5.092162881,162.7414721,87.53953934,302.5465628
HER42PB,215.1,2462.12,-6.194755184,-4.841131605,-4.23064433,4.967332211,143.6431661,77.26645476,267.041619
HER42PB,215.2,2463.65,-7.442463431,-5.091088174,-3.882838813,6.250878895,518.4683035,278.8869725,963.8649641
HER42PB,215.3,2465.17,-6.311159931,-4.774292712,-3.639312779,5.21236368,183.5273458,98.72037595,341.1888005
HER42PB,215.4,2466.7,-5.941903498,-4.487400887,-3.717597962,4.754402525,116.094269,62.44775041,215.8264984
HER42PB,215.5,2468.23,-5.637146517,-4.257571106,-3.866440457,4.366289051,78.75084839,42.36051758,146.4027466
HER42PB,215.6,2469.76,-5.430297168,-4.189790621,-3.62315278,4.278930877,72.16324737,38.8170105,134.1559848
HER42PB,215.7,2471.29,-5.816317194,-4.869389493,-3.554554096,4.952427897,141.5181386,76.12339067,263.09106
HER42PB,215.8,2472.82,-5.136710258,-4.147228705,-3.54018964,4.107023065,60.76555297,32.68612755,112.9669589
HER42PB,215.9,2474.34,-5.799566027,-4.318908905,-3.712342345,4.560567702,95.63775821,51.44407993,177.7965669
HER42PB,216,2475.87,-5.348289527,-4.43330684,-3.829076706,4.304064389,73.9999479,39.8049819,137.5705258
HER42PB,216.1,2477.4,-5.353184268,-4.520275145,-3.663088453,4.41498214,82.68036425,44.47422593,153.707962
HER42PB,216.2,2478.93,-5.932026721,-4.373263099,-3.930546721,4.607655575,100.248848,53.92441068,186.3688709
HER42PB,216.3,2480.46,-6.066524447,-4.375861095,-3.7716614,4.755618448,116.2355166,62.52372825,216.0890864
HER42PB,216.4,2481.99,-5.981654683,-4.546003424,-3.984366209,4.725981403,112.8411867,60.6978994,209.7788151
HER42PB,216.5,2483.51,-5.765664168,-4.603103154,-4.110135148,4.572389553,96.77508293,52.05585319,179.9109246
HER42PB,216.6,2485.04,-5.798072032,-4.370559715,-3.905914836,4.524683702,92.26673747,49.63078919,171.5296287
HER42PB,216.7,2486.57,-5.794712446,-4.758930736,-4.082995684,4.693357533,109.2192722,58.74965153,203.0454498
HER42PB,216.8,2488.1,-5.639471659,-4.503017018,-3.807220829,4.533779063,93.10976469,50.08425821,173.096869
HER42PB,216.9,2489.63,-6.15087301,-4.626655506,-4.074958809,4.861293495,129.1912023,69.49266338,240.1745155
HER42PB,217,2491.16,-5.738951136,-4.609661595,-3.985291513,4.601116865,99.5954883,53.57296486,185.1542343
HER42PB,217.1,2492.68,-5.426288566,-4.400053247,-3.905829567,4.305682047,74.11975136,39.86942484,137.7932479
HER42PB,217.2,2494.21,-5.824996654,-4.625031871,-3.830296341,4.719447775,112.1063277,60.30261468,208.4126663
HER42PB,217.3,2495.74,-5.336552166,-4.446694691,-3.656383762,4.363485687,78.53039028,42.24193195,145.9929012
HER42PB,217.4,2497.27,-5.501227976,-4.397689569,-3.781110386,4.39280324,80.86679058,43.49869461,150.3364153
HER42PB,217.5,2498.8,-5.519740921,-4.500759902,-3.706002545,4.491076498,89.21743663,47.99055338,165.860788
HER42PB,217.6,2500.33,-5.679180314,-4.618308353,-4.013248976,4.558002717,95.39276307,51.31229568,177.3411056
HER42PB,217.7,2501.85,-5.797850903,-4.842339458,-3.818492819,4.834667875,125.796796,67.66679343,233.8641021
HER42PB,217.8,2503.38,-5.331155479,-4.635018759,-3.976802997,4.363613535,78.54043089,42.24733285,146.0115673
HER42PB,217.9,2504.91,-5.823828742,-4.52187553,-4.208525711,4.529148648,92.67962449,49.85288341,172.2972115
HER42PB,218,2506.44,-5.83231005,-4.440820872,-4.144754358,4.508207931,90.75902629,48.819783,168.7266994
HER42PB,218.1,2507.97,-5.779574188,-4.530980788,-3.844821756,4.628571751,102.3677531,55.06418143,190.3080477
HER42PB,218.2,2509.5,-5.358514089,-4.501063857,-3.807916677,4.357692601,78.07677219,41.99792827,145.1495968
HER42PB,218.3,2511.02,-5.972950848,-4.508469067,-3.878561345,4.733561244,113.6997547,61.1597279,211.3749467
HER42PB,218.4,2512.55,-5.605770909,-4.493133145,-3.870671474,4.484913281,88.66926118,47.69568677,164.8416956
HER42PB,218.5,2514.08,-5.658468081,-4.413527838,-3.72694667,4.51995457,91.83142594,49.39663271,170.7203574
HER42PB,218.6,2515.61,-5.471281554,-4.336564261,-4.026094173,4.254860875,70.44701558,37.89383992,130.9654027
HER42PB,218.7,2517.14,-5.839985028,-4.517512599,-3.854913248,4.657149553,105.3354009,56.66049562,195.8250903
HER42PB,218.8,2518.67,-5.866032137,-4.553845748,-3.468136864,4.827240669,124.8659384,67.16607996,232.1335797
HER42PB,218.9,2520.19,-5.731385406,-4.610999317,-3.855238544,4.641055465,103.6536928,55.75589552,192.6986899
HER42PB,219,2521.72,-5.736115711,-4.640653031,-3.865765967,4.658202828,105.4464064,56.72020612,196.0314566
HER42PB,219.1,2523.25,-5.587822373,-4.34664702,-3.744971243,4.429039116,83.85080729,45.10381373,155.8838888
HER42PB,219.2,2524.78,-5.757498757,-4.515374187,-3.944364428,4.571058529,96.64635861,51.98661167,179.671618
HER42PB,219.3,2526.31,-5.948695016,-4.353146215,-3.778656579,4.658509118,105.4787086,56.73758164,196.0915083
HER42PB,219.4,2527.84,-6.081809038,-4.741424378,-4.13773207,4.859578045,128.9697712,69.37355437,239.7628613
HER42PB,219.5,2529.36,-6.537596985,-4.711704509,-4.128402157,5.17930906,177.5600853,95.51055347,330.0952905
HER42PB,219.6,2530.89,-5.662076805,-4.531807197,-3.692636159,4.604225506,99.90557664,53.7397631,185.7307079
HER42PB,219.7,2532.42,-5.336689303,-4.453624219,-3.950394942,4.268040844,71.38165074,38.39658535,132.7029478
HER42PB,219.8,2533.95,-5.657350639,-4.501751419,-3.84421631,4.531945735,92.93922038,49.99252148,172.7798165
HER42PB,219.9,2535.48,-5.221985713,-4.362923011,-3.477685933,4.306129477,74.15292219,39.88726762,137.8549146
HER42PB,220,2537.01,-4.371347898,-4.197684404,-3.733911325,3.662006774,38.93940712,20.94572279,72.39079031
HER42PB,220.1,2538.48,-5.310027674,-4.626125551,-3.783704668,4.411104657,82.36039326,44.30211177,153.113116
HER42PB,220.2,2539.95,-5.668445655,-4.596740819,-3.906628542,4.574400788,96.96991619,52.16065508,180.2731318
HER42PB,220.3,2541.43,-5.891826334,-4.782284974,-4.004090906,4.798737081,121.3570566,65.27863301,225.6103492
HER42PB,220.4,2542.9,-5.748419405,-4.905097693,-3.852689275,4.8278995,124.9482311,67.21034564,232.2865669
HER42PB,220.5,2544.37,-5.809897423,-4.845715403,-3.810203821,4.847452321,127.4153625,68.53742931,236.8731183
HER42PB,220.6,2545.85,-5.503788434,-4.863751079,-3.991317245,4.600253128,99.5095011,53.52671187,184.9943787
HER42PB,220.7,2547.32,-4.97781497,-4.741426192,-3.884445157,4.253329816,70.33923957,37.83586661,130.7650404
HER42PB,220.8,2548.79,-6.924748954,-4.921019234,-4.239171609,5.57548927,263.8786318,141.9417778,490.5668607
HER42PB,220.9,2550.27,-5.821468586,-4.738555207,-4.27769132,4.632968585,102.818838,55.30682252,191.1466428
HER42PB,221,2551.74,-6.44276363,-4.785371325,-4.179539611,5.133659224,169.6367224,91.24853269,315.3652639
HER42PB,221.1,2553.21,-6.392438712,-4.875691462,-4.402993624,5.073916613,159.798974,85.9567533,297.076275
HER42PB,221.2,2554.69,-5.797423205,-4.853981484,-4.244604187,4.696887991,109.6055477,58.95743127,203.7635601
HER42PB,221.3,2556.16,-6.352432681,-5.015735261,-4.1217248,5.222806311,185.4538958,99.75667786,344.7703773
HER42PB,221.4,2557.64,-6.523138631,-4.787406993,-4.222478467,5.181348874,177.9226444,95.70557604,330.7693106
HER42PB,221.5,2559.11,-5.701521857,-4.684072975,-4.266053381,4.525862495,92.37556496,49.6893281,171.7319458
HER42PB,221.6,2560.58,-5.930336869,-4.567759035,-3.905758583,4.730549142,113.3577948,60.97578576,210.7392218
HER42PB,221.7,2562.06,-5.913089241,-4.726615597,-4.027257216,4.772135327,118.1713071,63.56500069,219.6878419
HER42PB,221.8,2563.53,-6.230786381,-4.925121754,-4.286890331,5.024103907,152.0339585,81.77990848,282.6406262
HER42PB,221.9,2565,-6.178952913,-4.8590005,-4.313407274,4.9386077,139.5757828,75.07858676,259.4800994
HER42PB,222,2566.48,-6.47995935,-4.802516709,-4.065369199,5.210668654,183.2165257,98.55318412,340.6109666
HER42PB,222.1,2567.95,-6.941411086,-4.67075904,-4.205190008,5.452076488,233.2419875,125.4621571,433.6114251
HER42PB,222.2,2569.42,-6.678396803,-5.005779989,-4.219179639,5.433058295,228.8480611,123.0986398,425.4428413
HER42PB,222.3,2570.9,-6.142789811,-5.065230931,-4.540880165,4.958408179,142.3669926,76.57999395,264.6691327
HER42PB,222.4,2572.37,-5.779869103,-4.861810024,-4.363071288,4.649816319,104.5657771,56.24651074,194.3943117
HER42PB,222.5,2573.84,-6.553440186,-4.928734801,-4.284093734,5.267763112,193.9815618,104.3437566,360.6238411
HER42PB,222.6,2575.32,-6.618460796,-4.785879332,-4.576158801,5.134256867,169.738135,91.30308308,315.5537962
HER42PB,222.7,2576.79,-6.724363382,-4.984305287,-4.203296751,5.462162367,235.6063414,126.7339562,438.0069066
HER42PB,222.8,2578.27,-6.022473029,-5.054659144,-4.279791122,4.95638913,142.0798367,76.42553121,264.1352919
HER42PB,222.9,2579.74,-6.486798058,-5.118852836,-4.180583197,5.36489371,213.7685121,114.9872668,397.4090177
HER42PB,223,2581.21,-7.007600614,-5.105945474,-4.084113247,5.807398425,332.7523184,178.9893153,618.6073464
HER42PB,223.1,2582.69,-6.546978528,-4.687081253,-4.071733789,5.191085526,179.6634764,96.64197921,334.005626
HER42PB,223.2,2584.16,-6.712293217,-4.983054105,-4.164981001,5.464790066,236.226258,127.0674128,439.1593704
HER42PB,223.3,2585.63,-6.392391596,-4.892024779,-4.292330767,5.121098868,167.5193501,90.10958641,311.4289366
HER42PB,223.4,2587.11,-6.440478962,-4.971492885,-4.087463015,5.273806082,195.1573356,104.9762119,362.8096781
HER42PB,223.5,2588.58,-6.347170272,-5.107890653,-4.169227624,5.257609062,192.0218298,103.2896059,356.9805769
HER42PB,223.6,2590.05,-6.511057184,-5.177031251,-4.150902239,5.428024558,227.6989947,122.4805506,423.3066552
HER42PB,223.7,2591.53,-6.46586697,-4.878090554,-4.056672142,5.247870355,190.1608618,102.2885809,353.5209211
HER42PB,223.8,2593,-5.790615264,-4.659789356,-3.865324402,4.705482261,110.5515869,59.46631097,205.5223059
HER42PB,223.9,2594.47,-5.607652007,-4.936645952,-4.074007934,4.680887584,107.86577,58.02159522,200.5292047
HER42PB,224,2595.95,-6.268717424,-4.941263563,-4.345512069,5.041301833,154.6712401,83.19851683,287.5434974
HER42PB,224.1,2597.42,-7.012688431,-4.907077171,-4.601113054,5.518236424,249.1951748,134.0434649,463.2693968
HER42PB,224.2,2598.89,-6.219854585,-5.139675999,-4.23743702,5.160552583,174.2607226,93.73580798,323.961569
HER42PB,224.3,2600.37,-6.421033364,-4.655476268,-4.045326007,5.085586889,161.6747965,86.96576862,300.5635462
HER42PB,224.4,2601.84,-6.115637381,-4.501084368,-4.139066579,4.73998661,114.4326694,61.55396675,212.7374808
HER42PB,224.5,2603.32,-6.320768294,-4.848439596,-4.149930472,5.09044043,162.4613992,87.38888658,302.0258898
HER42PB,224.6,2604.79,-7.008148935,-5.01571877,-3.972322204,5.792105204,327.7021788,176.2728172,609.2188213
HER42PB,224.7,2606.26,-6.409721058,-4.989525146,-4.458896895,5.135557025,169.9589649,91.42186872,315.9643329
HER42PB,224.8,2607.74,-6.755332273,-5.059716664,-3.98274355,5.606526087,272.1970048,146.4162767,506.0312357
HER42PB,224.9,2609.21,-6.639136714,-5.291628378,-4.33221322,5.533805841,253.105359,136.1467747,470.5386735
HER42PB,225,2610.68,-5.945192948,-4.850210427,-4.400873435,4.74077436,114.5228493,61.60247504,212.9051309
HER42PB,225.1,2612.16,-5.975167699,-4.931043596,-4.106868153,4.908946036,135.4965307,72.88433444,251.8965148
HER42PB,225.2,2613.63,-5.814423143,-4.890319872,-4.357177046,4.691588628,109.0262445,58.64582085,202.6865992
HER42PB,225.3,2615.1,-5.792500316,-4.664617645,-4.065499414,4.641752626,103.7259812,55.79477989,192.8330787
HER42PB,225.4,2616.58,-6.431270314,-5.083442234,-4.173051224,5.304432838,201.2268419,108.2410329,374.0932693
HER42PB,225.5,2618.05,-6.1660779,-4.893112225,-3.932996013,5.078640926,160.5557006,86.36380073,298.483077
HER42PB,225.6,2619.52,-5.279324581,-4.942045567,-4.089003866,4.477153626,87.98388091,47.32701692,163.5675308
HER42PB,225.7,2621,-6.8281708,-4.912797374,-4.037651687,5.559456904,259.6817659,139.6842604,482.7646247
HER42PB,225.8,2622.47,-6.263881444,-4.83378446,-4.074983309,5.065573846,158.4713542,85.24261928,294.6081469
HER42PB,225.9,2623.95,-6.463173897,-4.799668763,-3.998532944,5.218911426,184.7329791,99.36889278,343.4301481
HER42PB,226,2625.42,-6.795418922,-4.92955148,-3.883904727,5.594937654,269.0608748,144.729335,500.200974
HER42PB,226.1,2626.89,-6.468532287,-4.997930819,-3.886633371,5.37877002,216.7555064,116.5939876,402.9620269
HER42PB,226.2,2628.37,-6.245907247,-5.142404973,-4.05524007,5.242728214,189.1855376,101.7639487,351.7077326
HER42PB,226.3,2629.84,-4.983776425,-4.987917218,-3.941836523,4.383767545,80.13939412,43.10742403,148.9841399
HER42PB,226.4,2631.31,-6.382176553,-4.999988973,-4.243075175,5.194376567,180.2557303,96.96055586,335.1066629
HER42PB,226.5,2632.79,-6.888407143,-4.91959523,-4.136296952,5.579431826,264.9210419,142.5024959,492.504766
HER42PB,226.6,2634.26,-6.284586343,-4.972982874,-4.405815497,5.051277543,156.2219172,84.03263465,290.426303
HER42PB,226.7,2635.73,-6.587435224,-4.856517414,-4.262192107,5.258525495,192.1978855,103.3843073,357.3078755
HER42PB,226.8,2637.21,-6.631400119,-4.975244582,-3.939420387,5.472764385,238.1175323,128.0847397,442.6753674
HER42PB,226.9,2638.68,-6.590037979,-4.879503949,-3.843039879,5.416272276,225.0386749,121.0495498,418.3609545
HER42PB,227,2640.15,-6.243556451,-5.032466179,-4.209784946,5.123283544,167.8857257,90.30666184,312.1100516
HER42PB,227.1,2641.63,-6.218088521,-4.841981005,-4.23615552,4.982718721,145.870424,78.4645091,271.1822305
HER42PB,227.2,2643.1,-6.134338457,-4.925557951,-4.346603138,4.935225919,139.1045653,74.82511627,258.6040766
HER42PB,227.3,2644.57,-6.84631038,-4.931490818,-4.488155436,5.432687532,228.7632285,123.0530079,425.2851323
HER42PB,227.4,2646.05,-6.919481133,-5.05758984,-4.76593162,5.473783548,238.3603367,128.2153455,443.1267559
HER42PB,227.5,2647.52,-6.474954413,-5.097318115,-4.929595357,5.089242594,162.2669136,87.28427169,301.6643289
HER42PB,227.6,2649,-7.11295821,-4.905038344,-4.617356271,5.597184291,269.6660363,145.0548547,501.3260071
HER42PB,227.7,2650.47,-6.518047193,-4.835020923,-4.642057989,5.063556928,158.1520526,85.07086516,294.0145453
HER42PB,227.8,2651.94,-6.129513066,-4.876750097,-4.397857521,4.885423703,132.3465291,71.18993112,246.040465
HER42PB,227.9,2653.42,-5.794243552,-4.785147861,-4.414853706,4.596161078,99.10313526,53.30812543,184.2389193
HER42PB,228,2654.89,-6.793794199,-4.796939248,-4.076035183,5.449659909,232.6790204,125.159334,432.564834
HER42PB,228.1,2656.36,-5.794469487,-4.738032124,-3.938448084,4.72976228,113.2686329,60.9278251,210.5734643
HER42PB,228.2,2657.84,-5.59987495,-4.752577089,-4.835268805,4.308499564,74.32887948,39.98191601,138.1820302
HER42PB,228.3,2659.31,-5.975960361,-4.712268322,-4.030050212,4.805449567,122.1744042,65.71828881,227.1298495
HER42PB,228.4,2660.78,-6.002033498,-4.742798015,-4.187801173,4.788042611,120.0661224,64.58423237,223.210422
HER42PB,228.5,2662.26,-6.084002823,-4.760539041,-3.990241228,4.92246669,137.3409732,73.87647031,255.3254487
HER42PB,228.6,2663.73,-5.834154119,-4.27279234,-4.069982606,4.434873999,84.34149714,45.36775852,156.7961119
HER42PB,228.7,2665.2,-5.831112016,-4.654790743,-4.12361289,4.641794067,103.7302798,55.7970921,192.84107
HER42PB,228.8,2666.68,-5.688668837,-4.461287942,-3.671429367,4.586620375,98.16211781,52.80194694,182.489509
HER42PB,228.9,2668.15,-4.523656863,-4.539917384,-3.866081149,3.897157043,49.26219952,26.49841001,91.58150624
HER42PB,229,2669.63,-5.910417751,-4.776590556,-3.844508216,4.861980168,129.2799448,69.54039847,240.3394934
HER42PB,229.1,2671.1,-5.92195718,-4.430030601,-3.835745132,4.66670863,106.347138,57.20471462,197.7059728
HER42PB,229.2,2672.57,-6.369729735,-4.733974515,-4.018354478,5.103130481,164.5361793,88.50492229,305.8830356
HER42PB,229.3,2674.05,-5.607523929,-4.660461538,-3.934524535,4.563872491,95.95434366,51.61437299,178.385119
HER42PB,229.4,2675.52,-5.736687498,-4.555289016,-3.887108458,4.600588458,99.54287517,53.54466397,185.0564232
HER42PB,229.5,2676.99,-5.93167459,-4.907446022,-4.004369629,4.899999435,134.2897038,72.23517557,249.6529483
HER42PB,229.6,2678.47,-6.057771083,-4.736818778,-3.93413973,4.909059504,135.5119061,72.89260496,251.9250987
HER42PB,229.7,2679.94,-5.870665605,-4.725992542,-3.776186185,4.828292023,124.9972857,67.23673241,232.3777625
HER42PB,229.8,2681.41,-5.968117183,-4.761948988,-4.102249742,4.805149418,122.1377392,65.69856651,227.061687
HER42PB,229.9,2682.89,-5.949669094,-4.530939457,-4.027588507,4.68051236,107.8253038,57.99982822,200.4539755
HER42PB,230,2684.36,-5.601632419,-4.665387072,-3.981400261,4.547171625,94.36513052,50.75952644,175.4306725
HER42PB,230.1,2685.87,-6.290787584,-4.836542561,-3.978871164,5.119382845,167.2321296,89.95508888,310.8949756
HER42PB,230.2,2687.38,-6.282549913,-4.703883659,-3.836258099,5.082833756,161.2302965,86.72666964,299.7371931
HER42PB,230.3,2688.88,-5.701623283,-4.878627955,-3.999169646,4.732055816,113.5287167,61.06772561,211.0569763
HER42PB,230.4,2690.39,-5.555147954,-4.563507785,-4.003891997,4.449606642,85.59326857,46.0410933,159.1232331
HER42PB,230.5,2691.9,-6.078604517,-4.789473904,-4.154085558,4.880361707,131.6782842,70.83047851,244.7981561
HER42PB,230.6,2693.41,-5.667916561,-4.699357401,-3.969842576,4.613647227,100.8513073,54.24847688,187.4888803
HER42PB,230.7,2694.91,-5.967385757,-4.84345566,-3.759232109,4.969366555,143.9356832,77.42380131,267.5854265
HER42PB,230.8,2696.42,-6.02475709,-4.692856801,-3.979724328,4.844555799,127.0468351,68.33919636,236.1880028
HER42PB,230.9,2697.93,-5.741428001,-4.846798766,-3.913141462,4.768179448,117.7047591,63.31404196,218.8205
HER42PB,231,2699.44,-6.078773875,-4.683030625,-3.853808268,4.918964433,136.8608113,73.61818851,254.4327976
HER42PB,231.1,2700.94,-5.892018221,-4.783043145,-3.798355367,4.869045711,130.1966124,70.03347902,242.0436356
HER42PB,231.2,2702.45,-6.158950572,-4.416323792,-3.961725995,4.780354084,119.1465304,64.08957873,221.500843
HER42PB,231.3,2703.96,-6.026767726,-4.545710981,-4.05201758,4.733958292,113.7449079,61.18401607,211.4588893
HER42PB,231.4,2705.47,-5.763178077,-4.44268089,-3.957366854,4.527154613,92.49500226,49.75357409,171.9539872
HER42PB,231.5,2706.97,-5.721227027,-4.587212812,-4.001037751,4.570884262,96.62951781,51.97755291,179.6403099
HER42PB,231.6,2708.48,-5.326812813,-4.485449688,-4.33861433,4.149451447,63.39921295,34.10278784,117.8630973
HER42PB,231.7,2709.99,-5.595033314,-4.718908623,-3.898190401,4.603008914,99.78410616,53.67442346,185.5048867
HER42PB,231.8,2711.5,-5.870823477,-4.401351609,-4.04891097,4.54294682,93.96729725,50.54552972,174.6910756
HER42PB,231.9,2713,-5.827917105,-4.76220252,-4.19734488,4.678542937,107.6131591,57.88571442,200.0595853
HER42PB,232,2714.51,-5.949067366,-4.616382455,-4.033438415,4.72892064,113.1733417,60.8765674,210.3963119
HER42PB,232.1,2716.02,-5.300165369,-4.521211776,-3.900949076,4.303096097,73.92832901,39.7664577,137.4373818
HER42PB,232.2,2717.53,-5.705074743,-4.449851748,-4.032176476,4.468173005,87.19726841,46.9038937,162.105169
HER42PB,232.3,2719.04,-5.641125422,-4.359720877,-4.052236177,4.366597634,78.77515331,42.37359134,146.447931
HER42PB,232.4,2720.54,-4.794779934,-3.900962058,-3.653865266,3.731303649,41.73347852,22.44866928,77.5851436
HER42PB,232.5,2722.05,-5.984283654,-4.736458967,-3.933998696,4.85809254,128.7783282,69.2705761,239.4069567
HER42PB,232.6,2723.56,-6.099786299,-4.477925867,-4.277255171,4.668229801,106.5090333,57.29179902,198.0069464
HER42PB,232.7,2725.07,-5.688840895,-4.584594788,-4.093055071,4.517145812,91.5738556,49.2580842,170.241518
HER42PB,232.8,2726.57,-6.193314497,-4.793414484,-4.359090547,4.894396542,133.5393969,71.83158134,248.2580809
HER42PB,232.9,2728.08,-6.308462674,-4.977518408,-4.342965392,5.092731529,162.834041,87.58933268,302.7186542
HER42PB,233,2729.59,-5.472354704,-4.651107521,-4.217688785,4.37760292,79.64688443,42.84250034,148.0685336
HER42PB,233.1,2731.1,-5.606024858,-4.791733294,-4.561900754,4.428336062,83.79187639,45.07211447,155.7743326
HER42PB,233.2,2732.6,-6.580250712,-4.678143186,-4.271683548,5.143686124,171.3462091,92.16807505,318.5433065
HER42PB,233.3,2734.11,-6.521809953,-4.91237204,-4.374979389,5.20294474,181.8068282,97.79489999,337.9902508
HER42PB,233.4,2735.62,-6.208534134,-4.879398186,-4.155479347,5.025440474,152.2372979,81.88928585,283.0186468
HER42PB,233.5,2737.13,-6.056348212,-4.879483727,-4.142508322,4.922270349,137.3140103,73.86196681,255.275323
HER42PB,233.6,2738.63,-5.594191892,-4.6749643,-4.493131622,4.374708409,79.41667896,42.71867154,147.6405672
HER42PB,233.7,2740.14,-6.425920534,-4.748660025,-3.907941136,5.191219517,179.6875514,96.65492925,334.0503828
HER42PB,233.8,2741.65,-5.64957038,-4.597734156,-4.480890529,4.368238061,78.90448428,42.44315918,146.6883653
HER42PB,233.9,2743.16,-5.769381213,-4.591432182,-4.178462349,4.544733226,94.13531097,50.63590523,175.0034236
HER42PB,234,2744.66,-6.254597747,-4.698885234,-4.090390938,4.973410249,144.5188933,77.73751329,268.6696506
HER42PB,234.1,2746.17,-5.857307959,-4.376650837,-3.923374001,4.561758602,95.75172101,51.50538115,178.0084308
HER42PB,234.2,2747.68,-6.06444944,-4.697827844,-3.629469964,4.993791269,147.4945563,79.33813887,274.2015939
HER42PB,234.3,2749.19,-5.97924311,-4.872818281,-3.896864708,4.948295053,140.9344731,75.80943379,262.0059895
HER42PB,234.4,2750.69,-4.726856079,-4.755531878,-4.114635388,4.046886645,57.21903626,30.77843657,106.3737628
HER42PB,234.5,2752.2,-6.356795882,-5.01456151,-3.96676847,5.277854632,195.9490413,105.4020747,364.2815083
HER42PB,234.6,2753.71,-6.080309685,-5.240271384,-4.45579611,5.047323373,155.6054089,83.70101142,289.2801756
HER42PB,234.7,2755.22,-6.143527335,-5.219268433,-4.228567432,5.156365378,173.5325826,93.34413747,322.6079114
HER42PB,234.8,2756.72,-5.973357149,-5.084095089,-4.556964756,4.846156031,127.2503023,68.44864253,236.5662612
HER42PB,234.9,2758.23,-6.662029103,-5.346352309,-4.815006955,5.420697818,226.0367999,121.5864468,420.2165313
HER42PB,235,2759.74,-6.397590356,-5.164728542,-5.050861596,5.030030939,152.9377443,82.26605988,284.3208205
HER42PB,235.1,2761.25,-6.746705857,-4.980264196,-4.606639694,5.340916547,208.7039096,112.2629891,387.9936054
HER42PB,235.2,2762.76,-6.047488916,-5.15367104,-4.621855141,4.916666065,136.5466159,73.44918107,253.8486888
HER42PB,235.3,2764.26,-7.273612932,-5.264280957,-4.030044495,6.150776671,469.0815673,252.3215735,872.0519364
HER42PB,235.4,2765.77,-6.587725839,-4.920420544,-4.166885009,5.329046921,206.2413162,110.9383465,383.4154904
HER42PB,235.5,2767.28,-6.516736341,-5.226773089,-3.823765247,5.57281308,263.1733868,141.5624226,489.255766
HER42PB,235.6,2768.79,-7.474593046,-5.265740431,-4.064661984,6.322844472,557.1555537,299.6970587,1035.786979
HER42PB,235.7,2770.29,-6.071740021,-4.981938362,-4.116475267,5.002742386,148.8207238,80.05149172,276.6670222
HER42PB,235.8,2771.8,-6.094819675,-5.115681039,-3.856412808,5.186559302,178.8521169,96.20554444,332.497258
HER42PB,235.9,2773.31,-6.440976633,-5.26960499,-4.049966069,5.464134574,236.0714644,126.9841484,438.8715993
HER42PB,236,2774.82,-6.260950826,-4.631710286,-4.089994175,4.938213535,139.5207778,75.04899927,259.3778417
HER42PB,236.1,2776.32,-5.809221639,-4.813061075,-3.503271428,4.931616546,138.6033901,74.55553135,257.6723606
HER42PB,236.2,2777.83,-5.410759618,-4.654745159,-3.612658973,4.54697645,94.34671458,50.7496204,175.3964361
HER42PB,236.3,2779.34,-5.4703831,-4.269564872,-3.997405499,4.224193697,68.31939518,36.74938112,127.0100235
HER42PB,236.4,2780.85,-5.845951157,-4.499600662,-3.763502094,4.681458904,107.9274135,58.0547536,200.6438038
HER42PB,236.5,2782.35,-5.502295982,-4.498701518,-3.50867036,4.545861499,94.24158127,50.69306862,175.2009867
HER42PB,236.6,2783.86,-5.9257876,-4.546182227,-3.362891632,4.898624964,134.1052533,72.13595861,249.3100432
HER42PB,236.7,2785.37,-5.164587771,-4.574876178,-3.541372373,4.377029964,79.60126332,42.81796049,147.9837211
HER42PB,236.8,2786.88,-4.823409168,-4.547155791,-3.698962675,4.115688625,61.29440858,32.97060191,113.9501345
HER42PB,236.9,2788.38,-5.489004373,-4.471555491,-3.897467671,4.389691468,80.61554264,43.36354695,149.8693297
HER42PB,237,2789.89,-5.253680634,-4.266835033,-3.689384377,4.195935238,66.41581716,35.72543596,123.471153
HER42PB,237.1,2791.4,-5.466347027,-4.192249916,-3.438943844,4.365007691,78.65000485,42.30627329,146.2152722
HER42PB,237.2,2792.91,-4.84542733,-3.948895748,-2.705361167,4.108701325,60.86761896,32.74102941,113.1567059
HER42PB,237.3,2794.41,-5.190989104,-3.78000213,-2.66710832,4.216114989,67.76968623,36.45368963,125.9880802
HER42PB,237.4,2795.92,-5.321341922,-4.463386767,-3.046642033,4.570931379,96.63407082,51.98000199,179.6487742
HER42PB,237.5,2797.43,-5.96034427,-4.524039488,-3.393424469,4.898624271,134.1051604,72.13590862,249.3098704
HER42PB,237.6,2798.94,-5.824461235,-4.512684095,-3.585563961,4.735240346,113.8908287,61.26250764,211.7301651
HER42PB,237.7,2800.44,-5.536326618,-4.538205868,-3.876991734,4.465760098,86.98712316,46.79085541,161.7144959
HER42PB,237.8,2801.95,-5.88410929,-4.530967136,-3.763411065,4.725693626,112.8087183,60.68043449,209.7184544
HER42PB,237.9,2803.46,-6.002789071,-4.604224617,-3.822162385,4.830096531,125.223048,67.35817116,232.7974686
HER42PB,238,2804.97,-6.024974157,-4.564146744,-4.253255439,4.67547409,107.283417,57.70834431,199.4465741
HER42PB,238.1,2806.48,-6.351816058,-4.684109237,-4.109334889,5.029378388,152.8379773,82.21239462,284.1353473
HER42PB,238.2,2807.98,-6.100377954,-4.88593385,-4.094285563,4.973242952,144.4947178,77.72450915,268.6247068
HER42PB,238.3,2809.49,-6.162038972,-4.818916783,-4.019490391,5.002337972,148.7605508,80.01912434,276.5551568
HER42PB,238.4,2811,-5.523309954,-5.0412524,-3.928909919,4.73911155,114.3325778,61.50012695,212.5514043
HER42PB,238.5,2812.51,-6.086107838,-4.839075544,-3.893337611,5.003478416,148.9303007,80.11043373,276.8707324
HER42PB,238.6,2814.01,-5.81383198,-4.558215942,-3.764849646,4.694495203,109.3435984,58.8165273,203.27658
HER42PB,238.7,2815.52,-5.994495663,-4.808541364,-3.94680282,4.903624254,134.7773629,72.49749012,250.559537
HER42PB,238.8,2817.03,-6.616243661,-4.709173345,-3.967707587,5.293138963,198.9669963,107.0254495,369.8920753
HER42PB,238.9,2818.54,-5.880502951,-4.439292832,-4.053528575,4.570436492,96.58625968,51.95428412,179.5598903
HER42PB,239,2820.04,-5.322762959,-4.323901073,-3.797807977,4.234263224,69.01081447,37.12129939,128.2954151
HER42PB,239.1,2821.55,-5.734043235,-4.398545767,-3.90979831,4.497980427,89.83551858,48.32302309,167.0098409
HER42PB,239.2,2823.06,-5.604475246,-4.573685554,-3.847465625,4.539848394,93.67659711,50.38916051,174.1506459
HER42PB,239.3,2824.57,-5.792445537,-4.594372455,-3.880726753,4.662575397,105.9084876,56.96876215,196.8904944
HER42PB,239.4,2826.07,-5.802179407,-4.528002344,-3.998704322,4.589558739,98.45097803,52.95732645,183.0265182
HER42PB,239.5,2827.58,-6.732119018,-4.846604579,-3.918708301,5.482935164,240.5517309,129.3941086,447.2006946
HER42PB,239.6,2829.09,-5.867989942,-4.730708512,-4.131493151,4.708880546,110.9279117,59.66873819,206.2219173
HER42PB,239.7,2830.6,-5.66880088,-4.478838812,-3.830323786,4.530391165,92.7948521,49.91486498,172.5114268
HER42PB,239.8,2832.1,-6.064708643,-4.658074598,-4.013046666,4.840333178,126.5114956,68.05123428,235.1927733
HER42PB,239.9,2833.61,-5.661998957,-3.877707782,-3.431600605,4.303745941,73.97638653,39.79230811,137.5267238
HER42PB,240,2835.12,-5.200680954,-4.427902503,-3.803748194,4.221760941,68.15339281,36.66008753,126.7014147
HER42PB,240.1,2836.57,-5.921725715,-4.612502291,-3.723280881,4.813158788,123.1199136,66.22688355,228.8876105
HER42PB,240.2,2838.02,-6.163047904,-4.553609992,-3.953381487,4.867721126,130.02427,69.94077512,241.7232404
HER42PB,240.3,2839.47,-6.631852048,-4.735869073,-4.189505012,5.246035635,189.8122897,102.1010821,352.8729038
HER42PB,240.4,2840.92,-5.692126016,-4.451451845,-3.691656883,4.576151183,97.13980052,52.2520368,180.5889573
HER42PB,240.5,2842.38,-5.100287979,-4.212046551,-3.571690965,4.113926861,61.18651739,32.91256665,113.7495581
HER42PB,240.6,2843.83,-5.284150827,-4.242696952,-3.605186852,4.228197433,68.59347632,36.89681089,127.5195574
HER42PB,240.7,2845.28,-5.349136284,-4.170481287,-3.454961809,4.275106066,71.88776372,38.66882633,133.6438435
HER42PB,240.8,2846.73,-5.455638929,-4.365325443,-3.550698365,4.423429261,83.38173335,44.85149626,155.011851
HER42PB,240.9,2848.18,-5.423874133,-4.242195245,-3.392829132,4.38421552,80.17530265,43.12673943,149.0508961
HER42PB,241,2849.63,-5.12362763,-4.206207593,-3.57354396,4.123239203,61.75896845,33.22049124,114.8137803
HER42PB,241.1,2851.08,-5.566635531,-4.018699819,-3.364549496,4.34960651,77.44798194,41.65969851,143.9806365
HER42PB,241.2,2852.54,-5.26480611,-3.589651125,-3.184578713,3.970987547,53.0368814,28.5288323,98.59887565
HER42PB,241.3,2853.99,-5.633926135,-4.563484724,-3.613482934,4.631847624,102.7036466,55.24486043,190.9324948
HER42PB,241.4,2855.44,-5.897068012,-4.589298414,-3.770573926,4.766671041,117.5273463,63.21861063,218.4906786
HER42PB,241.5,2856.89,-5.889590795,-4.607557444,-3.94935442,4.711897774,111.2631119,59.84904421,206.8450754
HER42PB,241.6,2858.34,-6.038529085,-4.559016595,-4.233448772,4.68852756,108.693018,58.46657648,202.0671103
HER42PB,241.7,2859.79,-5.979818042,-4.681492454,-4.072226757,4.775500324,118.569623,63.77925702,220.428336
HER42PB,241.8,2861.24,-5.817372195,-4.600327309,-4.313294798,4.535999046,93.31669641,50.19556792,173.481568
HER42PB,241.9,2862.7,-6.203849129,-4.479228963,-4.209060473,4.765993494,117.447743,63.17579156,218.342691
HER42PB,242.1,2865.6,-5.67289001,-4.301410735,-3.91387368,4.399215185,81.38696986,43.77850193,151.3034611
HER42PB,242.2,2867.05,-5.620598989,-4.556427191,-3.956436177,4.502912444,90.27968327,48.56194174,167.8355708
HER42PB,242.3,2868.5,-5.661735915,-5.014718506,-4.168647639,4.729794137,113.2722414,60.9297661,210.5801726
HER42PB,242.4,2869.95,-5.884308439,-4.861407972,-4.202549865,4.773459548,118.3278957,63.64923055,219.9789498
HER42PB,242.5,2871.4,-6.609817902,-4.929070962,-3.975429841,5.416253751,225.0345061,121.0473074,418.3532044
HER42PB,242.6,2872.86,-6.017504888,-4.759712571,-3.955867971,4.887377573,132.6053698,71.32916298,246.5216661
HER42PB,242.7,2874.31,-6.257095571,-4.885839087,-4.132067285,5.072251352,159.5330884,85.81373199,296.5819772
HER42PB,242.8,2875.76,-6.29604843,-5.298317367,-4.107276989,5.354259184,211.5072303,113.7709108,393.2051536
HER42PB,242.9,2877.21,-7.202909366,-5.52201249,-4.108505565,6.214822927,500.1074258,269.0105546,929.7309454
HER42PB,243,2878.66,-7.025726849,-5.204114417,-4.561229071,5.719401033,304.7223496,163.9118398,566.4978834
HER42PB,243.1,2880.11,-6.490190954,-5.073656708,-4.675309067,5.172926902,176.4304772,94.902931,327.9952784
HER42PB,243.2,2881.56,-6.900267859,-4.985732832,-4.499918597,5.50530638,245.9938118,132.321434,457.3178629
HER42PB,243.3,2883.02,-7.126140862,-5.05506757,-4.784335056,5.641185452,281.7965769,151.5799397,523.8774398
HER42PB,243.4,2884.47,-6.433440732,-5.132668544,-4.706584149,5.154505066,173.210058,93.17064969,322.008318
HER42PB,243.5,2885.92,-6.473376161,-5.133998719,-4.563833656,5.233820382,187.5077883,100.861478,348.5886918
HER42PB,243.6,2887.37,-6.462474026,-5.014558531,-4.990935385,5.009798132,149.8744783,80.61831209,278.6260175
HER42PB,243.7,2888.82,-8.12511983,-5.009586357,-4.667943181,6.612145354,744.0776171,400.2434721,1383.286772
HER42PB,243.8,2890.27,-6.585508305,-4.999417756,-4.823019218,5.151916303,172.762238,92.92976485,321.1757927
HER42PB,243.9,2891.72,-6.419942389,-5.021623835,-4.712266037,5.076423485,160.2000722,86.17250626,297.8219417
HER42PB,244,2893.18,-7.314126643,-4.898212865,-4.898212865,5.675161544,291.5354307,156.8185231,541.9825774
HER42PB,244.1,2894.63,-7.088570325,-5.025389304,-4.769984891,5.596013864,269.3505965,144.8851779,500.7395849
HER42PB,244.2,2896.08,-6.488933509,-5.120657654,-4.566250211,5.236878253,188.0820405,101.1703715,349.6562625
HER42PB,244.3,2897.53,-6.491282439,-5.226066009,-4.475210511,5.332191466,206.8908721,111.2877461,384.6230553
HER42PB,244.4,2898.98,-7.132710522,-5.255793244,-4.684583123,5.800026173,330.3082049,177.6746132,614.0635868
HER42PB,244.5,2900.43,NA,-5.618560939,-4.875224014,NA,NA,NA,NA
HER42PB,244.6,2901.88,-7.090883802,-5.666270576,-5.358122673,5.779709073,323.6650139,174.1012039,601.7134796
HER42PB,244.7,2903.33,-7.525075061,-5.360111346,-4.903170811,6.141898418,464.9353753,250.0913139,864.3439064
HER42PB,244.8,2904.79,-8.934955709,-5.089072506,-4.934921826,7.502271382,1812.153837,974.7675871,3368.907185
HER42PB,244.9,2906.24,-6.783746508,-5.297922552,-5.724665058,5.180645417,177.7975275,95.63827497,330.5367104
HER42PB,245,2907.69,-7.321056273,-5.303490135,-4.784189884,5.961002753,387.9989966,208.7068096,721.3143723
HER42PB,245.1,2909.14,-7.168297371,-5.343748079,-5.439596038,5.627378619,277.9325945,149.5014822,516.6940552
HER42PB,245.2,2910.59,-7.785123253,-5.47011564,-5.234701996,6.345561112,569.95711,306.5830868,1059.585872
HER42PB,245.3,2912.04,-8.069733527,-5.312893161,-5.226764008,6.544687233,695.5391032,374.1343365,1293.050642
HER42PB,245.4,2913.49,-7.363728651,-5.161885128,-5.180490316,5.781083045,324.1100262,174.3405785,602.5407853
HER42PB,245.5,2914.95,-8.942330199,-5.476594297,-5.283909953,7.623620537,2045.956196,1100.531172,3803.560377
HER42PB,245.6,2916.4,-7.979259862,-5.513771298,-4.298102454,6.88488214,977.3864681,525.7415954,1817.0225
HER42PB,245.7,2917.85,-6.58614563,-5.304164115,-4.788116548,5.345429489,209.6479068,112.7707704,389.7485551
HER42PB,245.8,2919.3,-7.876866139,-5.24737826,-4.495871465,6.555164632,702.8648542,378.0748986,1306.669671
HER42PB,245.9,2920.75,-7.11945864,-5.567914706,-4.707458761,5.966379629,390.0908375,209.8320224,725.2032352
HER42PB,246,2922.2,-7.567009529,-5.331633185,-5.234865633,6.052071173,424.9923519,228.6057403,790.0873307
HER42PB,246.1,2923.65,-7.454266948,-5.209863811,-5.048497619,5.937334931,378.9237246,203.8251705,704.4428749
HER42PB,246.2,2925.11,-7.012740724,-5.42010993,-4.556004951,5.838597068,343.2973799,184.6615624,638.2112745
HER42PB,246.3,2926.56,-7.054893675,-5.373799774,-4.675347541,5.806415978,332.4255675,178.8135542,617.9998961
HER42PB,246.4,2928.01,-6.883887326,-5.208387663,-4.654660018,5.57172524,262.8872518,141.408509,488.7238232
HER42PB,246.5,2929.46,-7.187052295,-5.412099944,-4.789157022,5.904868453,366.8189687,197.3139553,681.9393774
HER42PB,246.6,2930.91,-8.394271978,-5.607889934,-5.026976148,7.139508573,1260.808642,678.1959525,2343.922025
HER42PB,246.7,2932.36,-6.881486425,-5.477064679,-4.354782646,5.831127681,340.7427116,183.2873921,633.4619865
HER42PB,246.8,2933.81,-7.306556256,-5.496447648,-5.026444019,5.980585435,395.6719407,212.8341287,735.5788547
HER42PB,246.9,2935.27,NA,-5.455614113,-4.842747763,NA,NA,NA,NA
HER42PB,247,2936.72,-7.191077863,-5.212377891,-4.932793029,5.740968855,311.3659334,167.4854604,578.8487207
HER42PB,247.1,2938.17,-7.387263595,-5.402132733,-4.822314238,6.066744933,431.2745667,231.9849784,801.7663605
HER42PB,247.2,2939.62,-6.76323202,-5.111234493,-4.865025668,5.344475357,209.4479703,112.6632235,389.3768607
HER42PB,247.3,2941.07,-7.547325859,-5.303581266,-4.901488842,6.129787792,459.3386751,247.0808178,853.9392912
HER42PB,247.4,2942.52,-5.134351728,-5.14714508,-4.443325439,4.394076388,80.96981155,43.55411016,150.5279377
HER42PB,247.5,2943.97,-7.275073383,-5.376169276,-4.66710664,6.002687973,404.514658,217.5906753,752.0180186
HER42PB,247.6,2945.43,-7.821442625,-5.147293976,-4.300612068,6.506279017,669.3312081,360.0369646,1244.328528
HER42PB,247.7,2946.88,-7.537379296,-4.600487522,-4.663007879,5.783216211,324.8021445,174.7128728,603.8274766
HER42PB,247.8,2948.33,-6.86643837,-5.021928336,-4.762304216,5.41003175,223.6386881,120.2964892,415.7582916
HER42PB,247.9,2949.78,-7.002051958,-5.172904957,-4.531534046,5.690883451,296.1551437,159.3034923,550.5709124
HER42PB,248,2951.23,-7.510665105,-4.858094057,-4.768290162,5.875629763,356.2489424,191.6282796,662.2890383
HER42PB,248.1,2952.68,-6.886633782,-5.054052319,-4.794769721,5.434740493,229.2333529,123.3058903,426.1591229
HER42PB,248.2,2954.13,-7.121025246,-5.014607117,-4.673258144,5.650351165,284.3913165,152.9756645,528.7012228
HER42PB,248.3,2955.59,-6.942949158,-5.13424013,-4.645505464,5.579692187,264.9900258,142.5396028,492.6330115
HER42PB,248.4,2957.04,-7.270089181,-5.121654768,-5.04161206,5.719991686,304.9023881,164.0086836,566.8325863
HER42PB,248.5,2958.49,-6.469516754,-5.007998972,-4.698810694,5.110235453,165.709367,89.13598645,308.0640648
HER42PB,248.6,2959.94,-7.172647363,-5.121837634,-4.77768895,5.72357431,305.9966975,164.5973187,568.8669759
HER42PB,248.7,2961.39,-7.832361342,-5.220455002,-4.293215256,6.5631802,708.5213554,381.1175619,1317.18546
HER42PB,248.8,2962.84,-7.047312597,-4.975251162,-5.231338869,5.374555367,215.8438796,116.1036185,401.2672557
HER42PB,248.9,2964.29,-7.243115787,-5.177660487,-4.425270473,5.938212971,379.256581,204.0042158,705.0616757
HER42PB,249,2965.75,-6.502324653,-5.033338576,-4.879187896,5.089094552,162.2428931,87.27135093,301.6196733
HER42PB,249.1,2967.2,-7.358193753,-5.197172224,-4.522630231,6.020003555,411.580059,221.3911937,765.1530405
HER42PB,249.2,2968.65,-7.00197901,-4.990786569,-4.467400751,5.604278068,271.5857881,146.0874999,504.8949457
HER42PB,249.3,2970.1,-7.764845375,-4.864717442,-4.723127988,6.138978047,463.5795722,249.3620199,861.8233838
HER42PB,249.4,2971.55,-6.826545224,-5.019037397,-4.201186738,5.565873089,261.3532888,140.5833818,485.8720903
HER42PB,249.5,2973,NA,-5.07699402,-4.265614062,NA,NA,NA,NA
HER42PB,249.6,2974.45,-6.950762991,-5.097849099,-4.799629521,5.512339373,247.7299825,133.2553299,460.5455128
HER42PB,249.7,2975.91,-7.732910634,-5.335015361,-4.910132167,6.323851768,557.7170575,299.9990947,1036.83085
HER42PB,249.8,2977.36,-6.71331807,-5.22113142,-4.537599698,5.480867207,240.0547943,129.1268036,446.2768585
HER42PB,249.9,2978.81,-6.823975924,-5.285274563,-4.676761767,5.560891598,260.0545971,139.8848084,483.4577413
HER42PB,250,2980.26,-6.376781807,-5.019119259,-4.502501314,5.113813832,166.3034002,89.45552023,309.1684098
HER42PB,250.1,2981.25,-6.575995326,-4.615001935,-4.166561464,5.138478898,170.4562897,91.68938246,316.8888907
HER42PB,250.2,2982.23,-6.100517604,-4.917005872,-5.151845463,4.633383144,102.8614713,55.3297552,191.2259007
HER42PB,250.3,2983.22,-6.221914674,-5.099434904,-4.290603324,5.120090708,167.350549,90.01878732,311.1151246
HER42PB,250.4,2984.21,-7.9645301,-4.957325426,-4.090129087,6.609390984,742.0309727,399.1425707,1379.481932
HER42PB,250.5,2985.2,-7.366445148,-4.942380158,-4.927727881,5.738709434,310.6632207,167.1074673,577.5423339
HER42PB,250.6,2986.18,-6.323858099,-4.922964938,-4.603194551,4.983399045,145.969697,78.51790861,271.3667852
HER42PB,250.7,2987.17,-6.861292405,-4.948053038,-4.151576924,5.568876347,262.1393801,141.0062247,487.333483
HER42PB,250.8,2988.16,-6.32350266,-4.971367218,-4.690464833,4.982337792,145.8148683,78.43462542,271.0789491
HER42PB,250.9,2989.15,-6.824726869,-4.945261819,-4.323290917,5.479144808,239.6416801,128.9045872,445.5088534
HER42PB,251,2990.14,-6.147755791,-4.710322469,-4.296098181,4.833877269,125.6973796,67.61331677,233.6792808
HER42PB,251.1,2991.12,-6.59968374,-4.615307311,-4.679306893,4.983254037,145.9485317,78.50652366,271.3274375
HER42PB,251.2,2992.11,-7.001888296,-4.926129999,-4.301712151,5.621915165,276.4182631,148.6869149,513.8788185
HER42PB,251.3,2993.1,-6.757249464,-4.888949917,-4.598639723,5.29779238,199.8950302,107.5246441,371.6173484
HER42PB,251.4,2994.09,-6.682241901,-4.933967543,-4.450170592,5.31511251,203.387395,109.4032065,378.1098727
HER42PB,251.5,2995.07,-6.163261505,-4.934287398,-4.32210928,4.9692377,143.9171375,77.41382548,267.5509489
HER42PB,251.6,2996.06,-6.210758593,-4.921091068,-4.064519571,5.082655598,161.2015746,86.71121995,299.6837972
HER42PB,251.7,2997.05,-6.593887172,-4.939328824,-4.011342052,5.397788427,220.9173009,118.8326399,410.6990627
HER42PB,251.8,2998.04,-6.638070283,-4.904646391,-4.470160094,5.256132967,191.7385963,103.1372531,356.4540282
HER42PB,251.9,2999.02,-6.355713012,-4.980847347,-4.556406337,5.057165999,157.1445369,84.52891689,292.1415106
HER42PB,252,3000.01,-6.377736217,-4.999285034,-4.316029131,5.165930363,175.2003828,94.24125643,325.7084561
HER42PB,252.1,3001,-6.731668789,-5.232654694,-4.902730317,5.378596757,216.7179539,116.5737879,402.8922144
HER42PB,252.2,3001.99,-6.380816933,-5.265944124,-4.994522572,5.09680795,163.4991759,87.94711241,303.9551815
HER42PB,252.3,3002.97,-7.03678044,-5.38452253,-4.408946573,5.887659474,360.5603949,193.9474337,670.3042978
HER42PB,252.4,3003.96,-6.395912189,-5.180144808,-4.472034755,5.234122767,187.5644965,100.8919817,348.6941158
HER42PB,252.5,3004.95,-7.670224444,-5.217066492,-4.479233822,6.33878511,566.1081344,304.5127014,1052.430386
HER42PB,252.6,3005.94,-7.743009476,-5.241573524,-4.398970508,6.451436839,633.6120374,340.8234248,1177.924358
HER42PB,252.7,3006.92,-7.16777953,-5.477116177,-3.981744811,6.200322106,492.9077842,265.1378276,916.3463621
HER42PB,252.8,3007.91,-6.745121565,-5.088055604,-4.495114288,5.441534424,230.796051,124.1464743,429.0642763
HER42PB,252.9,3008.9,-6.271046595,-4.927980968,-4.142814889,5.103797071,164.645894,88.56393841,306.087002
HER42PB,253,3009.89,-7.440029234,-4.976175993,-4.048882188,6.124034896,456.7037339,245.6634683,849.0407708
HER42PB,253.1,3010.87,-6.060630399,-5.141811221,-4.145944091,5.080057863,160.783359,86.48625948,298.9063083
HER42PB,253.2,3011.86,-6.889940389,-5.280502477,-3.810655093,5.905644659,367.1038064,197.467171,682.4689085
HER42PB,253.3,3012.85,-7.462925827,-5.496812971,-4.195713456,6.404989167,604.8552462,325.3549875,1124.463687
HER42PB,253.4,3013.84,-6.595914438,-5.280715999,-4.485107237,5.44176781,230.8499217,124.1754517,429.1644253
HER42PB,253.5,3014.82,-6.739831895,-4.991643674,-4.270550563,5.456087576,234.1794206,125.9664076,435.3541717
HER42PB,253.6,3015.81,-7.173027399,-5.172513116,-4.239930697,5.936294883,378.5298308,203.6132928,703.7106016
HER42PB,253.7,3016.8,-6.88168875,-5.250859648,-4.109100028,5.780069707,323.7817593,174.1640019,601.9305168
HER42PB,253.8,3017.79,-6.425840999,-5.031247835,-4.770792575,5.066734169,158.6553388,85.3415856,294.9501858
HER42PB,253.9,3018.78,-6.469330506,-5.173187242,-4.136182763,5.398996495,221.1843451,118.9762845,411.1955146
HER42PB,254,3019.76,-6.918053422,-5.196252541,-4.324413572,5.704683068,300.2702997,161.5170576,558.2212446
HER42PB,254.1,3020.75,-6.474439824,-5.289287079,-4.580715428,5.321233029,204.6360487,110.0748642,380.4311978
HER42PB,254.2,3021.74,-8.572573835,-4.946329952,-4.504768828,7.126500455,1244.514104,669.4310303,2313.629462
HER42PB,254.3,3022.73,-6.805182203,-5.171646739,-5.093804252,5.336721625,207.8302468,111.793041,386.3694117
HER42PB,254.4,3023.71,-6.659866587,-4.819654734,-4.315608798,5.275100328,195.4100807,105.1121649,363.279547
HER42PB,254.5,3024.7,-6.69966453,-5.280580346,-4.322178129,5.578374946,264.6412,142.3519675,491.9845226
HER42PB,254.6,3025.69,-7.076072988,-5.161911537,-4.423711693,5.783825261,325.0000257,174.8193141,604.19535
HER42PB,254.7,3026.68,-7.144941701,-5.385972055,-4.485359136,5.955559073,385.8925927,207.5737632,717.3984359
HER42PB,254.8,3027.66,NA,-5.28481982,-4.771057337,NA,NA,NA,NA
HER42PB,254.9,3028.65,NA,-5.45946035,-5.144220333,NA,NA,NA,NA
HER42PB,255,3029.64,-8.098110787,-5.495421102,-5.149295434,6.709303062,819.9989515,441.0819784,1524.429275
HER42PB,255.1,3030.63,-7.329850567,-5.356838488,-5.000698446,5.927266894,375.1278474,201.7833471,697.386102
HER42PB,255.2,3031.61,-7.885028216,-5.176978015,-5.002091436,6.349972449,572.4769366,307.9385154,1064.270387
HER42PB,255.3,3032.6,-7.107220703,-5.055503709,-4.591542394,5.690444687,296.0252298,159.233611,550.3293945
HER42PB,255.4,3033.59,-6.892565496,-5.092507224,-4.746634213,5.478810781,239.5616467,128.8615368,445.3600662
HER42PB,255.5,3034.58,NA,-5.136590962,-5.762485915,NA,NA,NA,NA
HER42PB,255.6,3035.56,-6.928738707,-5.25958156,-4.929339873,5.546185762,256.2582595,137.8427373,476.4001125
HER42PB,255.7,3036.55,-6.905352394,-5.423747853,-4.756501401,5.682975014,293.8222563,158.0486193,546.233929
HER42PB,255.8,3037.54,-7.829754685,-5.460679851,-6.271610067,6.03287988,416.9139642,224.2603309,775.0691035
HER42PB,255.9,3038.53,-6.797509111,-5.512794542,-5.056245805,5.546067515,256.2279595,137.8264388,476.3437828
HER42PB,256,3039.51,-8.403576465,-5.465002605,-4.78667051,7.146428688,1269.56384,682.9054225,2360.198487
HER42PB,256.1,3040.5,-7.655216188,-5.336964978,-4.39711965,6.423417255,616.1049088,331.4062433,1145.377513
HER42PB,256.2,3041.49,-7.504892035,-5.307667457,-4.599482399,6.194741558,490.1647493,263.6623339,911.2468887
HER42PB,256.3,3042.48,-7.439865807,-5.376862992,-4.667277085,6.152527534,469.9035842,252.7637409,873.5801171
HER42PB,256.4,3043.46,NA,-5.138621035,-5.262918752,NA,NA,NA,NA
HER42PB,256.5,3044.45,-6.868304295,-5.156926345,-4.60806675,5.544102777,255.7250328,137.5559117,475.4088107
HER42PB,256.6,3045.44,-6.167772121,-5.176328667,-4.608344629,5.019344612,151.3121031,81.39161847,281.298652
HER42PB,256.7,3046.43,-6.696571178,-4.995618156,-4.706985965,5.276073736,195.6003869,105.2145316,363.6333381
HER42PB,256.8,3047.41,-6.783720182,-4.917299184,-4.615331154,5.330300636,206.5000463,111.0775188,383.8964858
HER42PB,256.9,3048.4,-6.365803456,-5.061107739,-4.535014643,5.119609748,167.2700794,89.97550228,310.9655266
HER42PB,257,3049.39,-7.028961022,-5.177137312,-4.573041909,5.702101108,299.4960139,161.1005649,556.781799
HER42PB,257.1,3050.38,-8.179174305,-5.113237773,-4.556046228,6.769324354,870.7233947,468.3669374,1618.729183
HER42PB,257.2,3051.37,-6.304854976,-5.248802302,-4.71788992,5.124311985,168.0584751,90.39958469,312.4312035
HER42PB,257.3,3052.35,-7.323602206,-5.044364477,-4.279079769,5.980423936,395.6080451,212.7997589,735.4600689
HER42PB,257.4,3053.34,-7.801161138,-5.38079301,-4.524016405,6.549216305,698.6963945,375.832661,1298.920244
HER42PB,257.5,3054.33,-6.484864217,-5.132471408,-5.003259676,5.092696941,162.828409,87.58630318,302.708184
HER42PB,257.6,3055.32,-6.60782237,-5.212138268,-4.637943031,5.358458009,212.3971793,114.2496193,394.8596245
HER42PB,257.7,3056.3,-8.098566853,-5.384976472,-5.255597334,6.608089911,741.0661639,398.6235947,1377.688292
HER42PB,257.8,3057.29,NA,-5.27383286,-5.14895953,NA,NA,NA,NA
HER42PB,257.9,3058.28,-7.446026879,-5.388564244,-4.822619321,6.112521922,451.4758677,242.8513702,839.3218411
HER42PB,258,3059.27,-7.434591182,-5.242209229,-4.609080058,6.087329636,440.2442278,236.8098088,818.4415208
HER42PB,258.1,3060.25,NA,-5.474824953,-4.67290693,NA,NA,NA,NA
HER42PB,258.2,3061.24,-8.084639478,-5.064214591,-4.746500232,6.575256797,717.1297575,385.7480691,1333.189017
HER42PB,258.3,3062.23,-8.474937879,-5.231369441,-4.431886611,7.208415897,1350.750843,726.5763609,2511.130196
HER42PB,258.4,3063.22,-5.839724623,-5.146577442,-4.431157626,4.835689332,125.9253577,67.73594744,234.1031062
HER42PB,258.5,3064.2,-6.786501943,-4.940675253,-4.441952651,5.405207266,222.5623453,119.7175184,413.7573031
HER42PB,258.6,3065.19,-6.303998286,-5.186246657,-4.697463134,5.093414756,162.9453316,87.64919651,302.9255504
HER42PB,258.7,3066.18,-7.060771387,-4.961986882,-4.23493815,5.71585053,303.6423504,163.3309023,564.4900975
HER42PB,258.8,3067.17,-6.7029747,-4.998226608,-4.470159178,5.362972348,213.3581796,114.7665467,396.646184
HER42PB,258.9,3068.15,-6.793985521,-5.078211959,-4.08106913,5.61534175,274.6072101,147.7127395,510.5119579
HER42PB,259,3069.14,-6.495530534,-4.932779735,-4.245162523,5.239016787,188.4846907,101.3869592,350.4048143
HER42PB,259.1,3070.13,-6.452342982,-5.016451679,-4.349863772,5.220545025,185.0350053,99.53135436,343.9916337
HER42PB,259.2,3071.12,-7.113247178,-5.158162653,-4.332626284,5.844432753,345.306612,185.7423394,641.9465625
HER42PB,259.3,3072.1,-7.084095441,-5.236625365,-4.191989077,5.913661251,370.0585556,199.056547,687.9619718
HER42PB,259.4,3073.09,-6.275080265,-5.162481734,-4.561409232,5.104285053,164.7262579,88.60716662,306.2364036
HER42PB,259.5,3074.08,-6.958052244,-5.417607203,-4.59092863,5.779279791,323.5261,174.0264813,601.45523
HER42PB,259.6,3075.07,-7.019244037,-5.217728393,-4.73147403,5.664302048,288.3866309,155.1247663,536.1287619
HER42PB,259.7,3076.05,-7.841781143,-5.138185292,-4.436149164,6.475241709,648.8760476,349.0340205,1206.301107
HER42PB,259.8,3077.04,-6.487336819,-5.278114659,-4.587588712,5.322049899,204.8032781,110.1648178,380.7420877
HER42PB,259.9,3078.03,-7.11437598,-5.026902267,-4.296459301,5.779622982,323.6371504,174.086216,601.6616798
HER42PB,260,3079.02,NA,-5.21625401,-4.572868339,NA,NA,NA,NA
HER42PB,260.1,3080,-6.404686379,-5.263286815,-4.663357764,5.225263253,185.9101054,100.0020756,345.6184995
HER42PB,260.2,3080.98,-6.973596523,-5.112844182,-4.246677837,5.727775654,307.2849994,165.2903034,571.2620096
HER42PB,260.3,3081.95,-7.622174595,-5.092011353,-4.516094264,6.20572026,495.5757709,266.5729524,921.306316
HER42PB,260.4,3082.93,-6.429693037,-5.188708767,-4.294460135,5.324686669,205.3440097,110.4556803,381.7473416
HER42PB,260.5,3083.91,-6.588095632,-5.160224844,-4.636809126,5.312643168,202.8857815,109.1333857,377.1773417
HER42PB,260.6,3084.89,-6.71459256,-5.046065731,-4.382026635,5.430522021,228.2683752,122.7868235,424.365169
HER42PB,260.7,3085.87,NA,-4.993591648,-4.555086686,NA,NA,NA,NA
HER42PB,260.8,3086.85,-7.782520644,-5.006033281,-4.514854655,6.311035609,550.6148754,296.1787916,1023.62745
HER42PB,260.9,3087.83,-8.921030308,-5.06240808,-4.630570867,7.572187577,1943.386943,1045.358602,3612.877727
HER42PB,261,3088.81,-6.939304944,-4.917408888,-4.437006552,5.518401147,249.2362263,134.0655468,463.3457141
HER42PB,261.1,3089.79,NA,-5.383259296,-4.588329421,NA,NA,NA,NA
HER42PB,261.2,3090.77,-6.942973912,-5.105277347,-4.617574141,5.57195933,262.9487984,141.4416152,488.8382422
HER42PB,261.3,3091.75,-6.807834487,-4.968006614,-4.558937899,5.399075319,221.2017804,118.985663,411.227928
HER42PB,261.4,3092.72,-7.924511709,-4.946797941,-4.419383405,6.4506393,633.1069089,340.5517134,1176.985293
HER42PB,261.5,3093.7,-6.501614943,-5.14063839,-4.905600051,5.143397917,171.296833,92.14151536,318.4515132
HER42PB,261.6,3094.68,-6.96406099,-5.142061636,-4.688144144,5.587531436,267.0755122,143.6613975,496.510061
HER42PB,261.7,3095.66,-7.35537073,-5.162428814,-4.873674356,5.877809077,357.0261675,192.0463532,663.7339482
HER42PB,261.8,3096.64,-7.155471845,-5.223483034,-4.651922844,5.811654876,334.1716809,179.7527983,621.2460299
HER42PB,261.9,3097.62,-6.885908613,-5.165758676,-4.669891536,5.542882983,255.4132911,137.3882242,474.8292635
HER42PB,262,3098.6,-7.068447541,-5.143769612,-5.077355169,5.5449764,255.9485378,137.6761363,475.8243205
HER42PB,262.1,3099.58,-6.56309965,-5.099513614,-5.482505866,4.970578912,144.1102905,77.51772353,267.9100323
HER42PB,262.2,3100.56,-7.944213503,-5.176099061,-4.849929556,6.461144501,639.7928814,344.148135,1189.414933
HER42PB,262.3,3101.54,-6.977488617,-4.922652886,-4.499550637,5.532257812,252.7138478,135.9361787,469.8108298
HER42PB,262.4,3102.52,-6.807040042,-5.266595001,-4.242090684,5.683346348,293.9313828,158.107319,546.436802
HER42PB,262.5,3103.49,-7.363000537,-5.206597954,-4.3184781,6.099162545,445.4845406,239.6286022,828.1835898
HER42PB,262.6,3104.47,-6.672513842,-4.904364239,-4.27461857,5.349325667,210.4663257,113.2110025,391.270047
HER42PB,262.7,3105.45,-6.549575444,-5.051363167,-4.564348191,5.242712218,189.1825114,101.7623209,351.7021066
HER42PB,262.8,3106.43,-6.880258739,-5.155751497,-4.482363466,5.595837128,269.3029968,144.8595738,500.6510939
HER42PB,262.9,3107.41,NA,-5.18864072,-5.000981751,NA,NA,NA,NA
HER42PB,263,3108.39,-7.67662817,-4.946599062,-4.632105732,6.132358302,460.5209286,247.7167586,856.1371744
HER42PB,263.1,3109.37,-6.729174543,-4.948344144,-4.699882785,5.276315515,195.6476848,105.2399734,363.7212678
HER42PB,263.2,3110.35,-6.780335045,-4.929735076,-4.243756385,5.460898406,235.3087322,126.5738706,437.4536326
HER42PB,263.3,3111.33,-6.333588485,-4.894371722,-4.471870427,5.018068128,151.1190789,81.28778967,280.9398079
HER42PB,263.4,3112.31,-6.576340602,-4.819121458,-4.49458692,5.148931598,172.2473625,92.65281043,320.2186068
HER42PB,263.5,3113.29,-6.060643448,-4.781649467,-4.564348191,4.724122516,112.6316225,60.58517367,209.3892222
HER42PB,263.6,3114.26,-6.905725442,-4.578447737,-4.203246286,5.368214188,214.4795055,115.3697141,398.7307989
HER42PB,263.7,3115.24,-6.641102239,-4.991658992,-4.16131069,5.414920216,224.7346147,120.8859941,417.7956875
HER42PB,263.8,3116.22,-6.683621654,-4.734739735,-3.964521617,5.362348924,213.2252085,114.6950208,396.3989825
HER42PB,263.9,3117.2,-6.729927956,-4.821997055,-4.741458192,5.187705337,179.0572052,96.31586254,332.8785298
HER42PB,264,3118.18,-7.441213746,-5.002827112,-4.657325468,5.934757486,377.9483273,203.3004989,702.6295502
HER42PB,264.1,3119.16,-6.500887402,-4.748586769,-4.187645014,5.153077554,172.962975,93.03774237,321.5489752
HER42PB,264.2,3120.14,-5.848759024,-4.710446866,-3.92307883,4.754608762,116.1182144,62.46063077,215.8710143
HER42PB,264.3,3121.12,-6.252358714,-4.726906458,-4.510431619,4.846086105,127.2414045,68.44385632,236.5497195
HER42PB,264.4,3122.1,-6.304528284,-4.636001455,-4.346272299,4.885676518,132.3799925,71.20793126,246.1026756
HER42PB,264.5,3123.08,-7.920705929,-4.86603112,-4.266343979,6.450614984,633.0915141,340.5434324,1176.956673
HER42PB,264.6,3124.05,-6.545811376,-4.867380592,-4.679518855,5.091393611,162.6163282,87.47222374,302.3139125
HER42PB,264.7,3125.03,-6.578035195,-5.012399905,-4.624501121,5.221127686,185.1428493,99.58936424,344.1921224
HER42PB,264.8,3126.01,-6.315234136,-5.072304089,-4.837372582,4.986486961,146.4211358,78.76074004,272.2060381
HER42PB,264.9,3126.99,-7.031937549,-5.122395044,-4.616519925,5.657344141,286.3870279,154.0491688,532.4113751
HER42PB,265,3127.97,-6.33839214,-4.879777117,-4.678804443,4.942796174,140.1616184,75.39371094,260.5692042
HER42PB,265.1,3128.95,-7.320603322,-4.888340406,-4.804148315,5.706999574,300.9666839,161.8916464,559.5158662
HER42PB,265.2,3129.93,-8.234591525,-4.938754659,-4.840083132,6.629058515,756.7693484,407.0704246,1406.881493
HER42PB,265.3,3130.91,-6.002967285,-5.012872579,-4.6491082,4.792913079,120.652327,64.89955503,224.3002128
HER42PB,265.4,3131.89,-6.370730048,-4.589441879,-4.520799946,4.847649022,127.4404277,68.55091201,236.9197161
HER42PB,265.5,3132.87,-7.131991566,-5.16255092,-4.408505557,5.837534361,342.9327491,184.4654254,637.5334031
HER42PB,265.6,3133.85,-8.323338719,-4.979299751,-4.378525891,6.90668286,998.9281557,537.3289885,1857.069843
HER42PB,265.7,3134.82,-6.596135642,-5.109995946,-4.374760605,5.377835632,216.5530673,116.4850945,402.5856798
HER42PB,265.8,3135.8,-6.129524931,-4.980902222,-4.067868822,5.059197642,157.464123,84.70082401,292.7356411
HER42PB,265.9,3136.78,-6.411654051,-5.163664361,-4.492283457,5.229223946,186.6478984,100.3989385,346.9901028
HER42PB,266,3137.76,-6.919217118,-4.908024677,-4.362851504,5.521252554,249.9479146,134.4483678,464.668787
HER42PB,266.1,3138.74,-6.547419797,-4.74927053,-4.48985033,5.086690607,161.8533385,87.06180738,300.8954671
HER42PB,266.2,3139.72,-4.74084157,-4.637090065,-3.778674116,4.097773316,60.2060783,32.38518303,111.9268605
HER42PB,266.3,3140.7,-5.463523081,-4.79722315,-3.808769972,4.597613642,99.24719348,53.38561515,184.5067325
HER42PB,266.4,3141.68,-5.414360999,-4.575339047,-3.768418089,4.449174298,85.55627082,46.02119201,159.054452
HER42PB,266.5,3142.66,-6.409142905,-4.648949901,-4.321262494,4.979280019,145.3696806,78.19515645,270.2513172
HER42PB,266.6,3143.64,-6.38814804,-4.522670995,-3.966687612,5.008702293,149.7103299,80.53001576,278.3208554
HER42PB,266.7,3144.62,-6.124261483,-4.728971559,-4.147840493,4.878588055,131.4449397,70.70496121,244.3643541
HER42PB,266.8,3145.59,-5.681732362,-4.766993221,-4.07851531,4.625930506,102.0977314,54.91893529,189.8060606
HER42PB,266.9,3146.57,-5.930743645,-4.609661433,-4.047353853,4.707748672,110.8024263,59.60123891,205.9886322
HER42PB,267,3147.55,-6.160993658,-4.669655287,-4.290165665,4.821111422,124.1029449,66.75566155,230.7151272
HER42PB,267.1,3148.53,-6.632969285,-4.600533786,-4.211241537,5.159078335,174.0040083,93.59771995,323.4843212
HER42PB,267.2,3149.51,-6.553879648,-4.689360824,-3.953288599,5.237897387,188.273819,101.2735302,350.0127908
HER42PB,267.3,3150.49,-6.209569786,-4.80422723,-4.441595222,4.88451929,132.2268873,71.12557514,245.8180435
HER42PB,267.4,3151.47,-7.508612714,-4.895872692,-4.21783915,6.082732112,438.2248402,235.7235691,814.6873532
HER42PB,267.5,3152.45,-6.582226579,-4.793502014,-5.113096212,4.928629719,138.1900234,74.33317909,256.903886
HER42PB,267.6,3153.43,-7.070801342,-4.954180797,-4.207735035,5.729003219,307.6624434,165.4933326,571.9637014
HER42PB,267.7,3154.41,-7.061672165,-5.028750639,-4.329668723,5.724208401,306.190789,164.7017216,569.2278041
HER42PB,267.8,3155.39,-6.829642878,-5.144105622,-4.388307476,5.579336995,264.8959201,142.4889828,492.4580632
HER42PB,267.9,3156.36,-7.897965394,-5.402008908,-4.777069977,6.573112202,715.5934527,384.9216822,1330.332931
HER42PB,268,3157.34,-6.78862895,-5.196735347,-4.567536891,5.516604903,248.7889392,133.8249485,462.5141794
HER42PB,268.1,3158.32,-6.973124047,-5.221638477,-4.913616721,5.566022535,261.3923499,140.604393,485.9447072
HER42PB,268.2,3159.3,-6.475457174,-5.061763839,-4.392055231,5.250669709,190.6939351,102.575324,354.5119377
HER42PB,268.3,3160.28,-6.573355893,-5.089319247,-4.942715772,5.15538951,173.3633203,93.25309033,322.2932422
HER42PB,268.4,3161.26,-6.834334012,-5.317419468,-4.572086535,5.623919296,276.9727971,148.9852018,514.9097318
HER42PB,268.5,3162.24,-6.663081609,-5.014422984,-4.452611805,5.346999479,209.9773104,112.9479584,390.360937
HER42PB,268.6,3163.22,-6.868760882,-4.926341138,-4.457649557,5.458361194,234.7124608,126.2531329,436.3451268
HER42PB,268.7,3164.2,-8.093385889,-5.118707025,-4.196476521,6.803277424,900.7947454,484.5424835,1674.633703
HER42PB,268.8,3165.18,-7.166191242,-5.144857331,-5.500312019,5.486710324,241.4615686,129.8835153,448.8921397
HER42PB,268.9,3166.15,-7.350911331,-5.243031854,-4.819047698,5.940205183,380.0128939,204.4110407,706.4677085
HER42PB,269,3167.13,-6.592870173,-5.179668359,-4.34253577,5.427645289,227.6126518,122.4341063,423.1461383
HER42PB,269.1,3168.11,-6.881912005,-5.257945992,-4.787341581,5.554594694,258.4222031,139.0067346,480.4230188
HER42PB,269.2,3169.09,-7.77265364,-5.125228061,-4.65262365,6.325462783,558.6162717,300.482787,1038.502545
HER42PB,269.3,3170.07,-7.837406363,-5.14616328,-4.567362251,6.431137045,620.8795147,333.9745303,1154.253803
HER42PB,269.4,3171.05,-7.84119807,-5.243148764,-4.82996161,6.403592756,604.0112094,324.9009754,1122.89457
HER42PB,269.5,3172.03,-7.18931867,-5.022171548,-4.677013046,5.713027498,302.786367,162.8704641,562.8987709
HER42PB,269.6,3173.01,-7.358779942,-5.179493065,-4.393506876,6.053787035,425.7222062,228.998333,791.4441756
HER42PB,269.7,3173.99,-7.943934764,-5.158042077,-4.484917812,6.573834818,716.1107386,385.1999332,1331.294597
HER42PB,269.8,3174.97,-6.400056076,-5.261834649,-4.769627888,5.184923563,178.5598007,96.0483059,331.9538238
HER42PB,269.9,3175.95,-8.271701776,-5.021327285,-4.805965874,6.730099851,837.2308605,450.3511177,1556.46447
HER42PB,270,3176.92,-6.515070226,-4.937158567,-4.274727442,5.246504775,189.9013592,102.148993,353.0384895
HER42PB,270.1,3177.9,-6.730646777,-4.69957882,-4.30486125,5.263467482,193.1500759,103.8964958,359.0780569
HER42PB,270.2,3178.87,-6.646282284,-4.746042172,-3.821684378,5.388057972,218.7780995,117.6819516,406.7221537
HER42PB,270.3,3179.84,-6.677003068,-4.731092919,-4.136910003,5.296522713,199.6413913,107.3882103,371.1458177
HER42PB,270.4,3180.82,-6.078981414,-4.976630804,-4.349017664,4.925834034,137.8042271,74.12565714,256.1866667
HER42PB,270.5,3181.79,-6.48626241,-4.760524042,-4.123837316,5.170671607,176.0330228,94.68913812,327.256386
HER42PB,270.6,3182.76,-6.553729883,-4.779988919,-4.419986185,5.13349091,169.6081726,91.23317557,315.312188
HER42PB,270.7,3183.73,-7.856267931,-4.863874558,-4.459524899,6.318746608,554.8770778,298.4714539,1031.55115
HER42PB,270.8,3184.71,-6.64672812,-4.854968651,-4.248832847,5.308400449,202.0268176,108.6713443,375.5804743
HER42PB,270.9,3185.68,-7.074322065,-4.857096821,-4.668196294,5.518233691,249.1944936,134.0430985,463.2681305
HER42PB,271,3186.65,-6.625570887,-4.978392647,-4.388550483,5.317856029,203.9461583,109.7037683,379.1486484
HER42PB,271.1,3187.62,-6.377860092,-4.915025654,-4.309847247,5.118020455,167.0044494,89.83261844,310.4717039
HER42PB,271.2,3188.6,-6.866399605,-5.095174739,-4.742241225,5.460349055,235.1795006,126.5043561,437.2133829
HER42PB,271.3,3189.57,-6.74705056,-4.845592173,-4.41871297,5.324815074,205.3703787,110.4698644,381.7963632
HER42PB,271.4,3190.54,-7.482886442,-4.830925708,-4.536057976,5.91226466,369.5420955,198.7787402,687.0018403
HER42PB,271.5,3191.52,-6.142037406,-4.859121399,-4.459172025,4.863023617,129.4149122,69.61299818,240.5904062
HER42PB,271.6,3192.49,-6.639568213,-4.806202742,-4.120923423,5.317141032,203.8003895,109.6253584,378.8776551
HER42PB,271.7,3193.46,-6.947557807,-4.96112646,-4.139424147,5.652133171,284.8985554,153.2485111,529.6442116
HER42PB,271.8,3194.43,-6.996274777,-4.836790528,-4.357217448,5.54525145,256.018946,137.7140093,475.9552137
HER42PB,271.9,3195.41,-6.75870029,-4.803516504,-4.518916098,5.275182411,195.4261212,105.1207932,363.3093673
HER42PB,272,3196.38,-6.899874306,-4.865168658,-4.659164616,5.379326345,216.8761266,116.6588699,403.1862673
HER42PB,272.1,3197.35,-6.953382552,-4.966951205,-4.565102738,5.516187689,248.6851625,133.7691265,462.3212521
HER42PB,272.2,3198.32,-6.659524662,-5.078486224,-4.283689108,5.439540111,230.3362301,123.8991341,428.2094404
HER42PB,272.3,3199.3,-6.703657915,-4.807602327,-4.547452358,5.223981046,185.6718831,99.87393442,345.1756292
HER42PB,272.4,3200.27,-7.022553472,-5.132813595,-4.248128202,5.780435896,323.9003464,174.2277906,602.1509775
HER42PB,272.5,3201.24,-5.920939891,-4.908473553,-4.401114137,4.758865101,116.6135062,62.72705096,216.7917927
HER42PB,272.6,3202.21,-6.939279446,-4.985878625,-3.911181887,5.737303615,310.2267913,166.8727095,576.7309844
HER42PB,272.7,3203.19,-7.017336604,-4.875681878,-4.576165348,5.51195812,247.6355527,133.2045356,460.3699618
HER42PB,272.8,3204.16,-7.428580737,-4.866841655,-4.595367393,5.863264389,351.8709148,189.2733142,654.1500114
HER42PB,272.9,3205.13,-7.212574157,-4.771727497,-4.58840544,5.614588664,274.4004851,147.601541,510.1276432
HER42PB,273,3206.11,-6.292025656,-4.888752959,-4.270750288,5.052404476,156.3980681,84.12738721,290.7537786
HER42PB,273.1,3207.08,-6.577215411,-5.19539533,-4.379990834,5.412164985,224.1162713,120.5533838,416.6461485
HER42PB,273.2,3208.05,-6.443399165,-5.057104803,-4.36992779,5.231172427,187.0119329,100.5947546,347.6668655
HER42PB,273.3,3209.02,-6.355775702,-4.691961019,-4.591347126,4.873610175,130.7922485,70.35387498,243.1509603
HER42PB,273.4,3210,-6.718172642,-4.680345981,-4.492374692,5.178531097,177.4220037,95.43627862,329.8385882
HER42PB,273.5,3210.97,-6.340332581,-4.736973715,-4.333543195,4.976339397,144.9428312,77.96555181,269.4577775
HER42PB,273.6,3211.94,-6.836661989,-4.735581272,-4.75410032,5.218192464,184.6002108,99.29747597,343.1833236
HER42PB,273.7,3212.91,-6.843230433,-4.598709141,-4.169966348,5.340153803,208.5447826,112.1773938,387.6977783
HER42PB,273.8,3213.89,-6.108009123,-4.645574498,-4.501106066,4.697819271,109.7076687,59.01236274,203.9534095
HER42PB,273.9,3214.86,-6.314755047,-4.695838391,-4.479004009,4.883763919,132.1270446,71.0718692,245.6324297
HER42PB,274,3215.83,-6.629941026,-4.902720078,-4.576886239,5.21245032,183.5432473,98.72892948,341.2183625
HER42PB,274.1,3216.81,-6.743239472,-4.895127066,-4.431996316,5.346712125,209.9169813,112.9155071,390.2487814
HER42PB,274.2,3217.78,-6.503602868,-4.964369214,-4.004670743,5.345457301,209.6537376,112.7739068,389.7593949
HER42PB,274.3,3218.75,-6.943252854,-5.231160787,-4.15225357,5.804745184,331.8706168,178.5150431,616.968208
HER42PB,274.4,3219.72,-6.599085262,-5.103591609,-4.292661392,5.404145812,222.3262309,119.5905112,413.3183516
HER42PB,274.5,3220.7,-6.34736307,-5.158428143,-4.652158336,5.124122354,168.026609,90.38244374,312.3719624
HER42PB,274.6,3221.67,-6.935317863,-4.862656008,-4.380817921,5.501570502,245.0765233,131.8280195,455.6125664
HER42PB,274.7,3222.64,-7.20566169,-4.677079977,-4.478743005,5.589398515,267.5746291,143.9298752,497.4379505
HER42PB,274.8,3223.61,-6.527532521,-5.071033902,-4.414568288,5.288243317,197.9953048,106.5027713,368.0856401
HER42PB,274.9,3224.59,-6.431858912,-5.045564551,-4.435709888,5.193333388,180.0677894,96.85946142,334.7572691
HER42PB,275,3225.56,-6.820432165,-5.300606411,-4.251826496,5.711144873,302.2168702,162.5641286,561.8400408
HER42PB,275.1,3226.53,-7.742478612,-5.111860151,-4.287833396,6.41146083,608.782359,327.4674033,1131.764435
HER42PB,275.2,3227.51,-6.761083966,-5.026482911,-4.292984435,5.486237501,241.3474269,129.8221179,448.6799432
HER42PB,275.3,3228.48,-6.495451048,-4.712502208,-4.067702812,5.168133595,175.5868153,94.44912062,326.4268583
HER42PB,275.4,3229.45,-7.261537153,-4.897891803,-4.124433926,5.890190703,361.474212,194.438981,672.0031409
HER42PB,275.5,3230.42,-7.685932709,-5.050851527,-4.27735522,6.323589966,557.5710652,299.9205646,1036.559441
HER42PB,275.6,3231.4,-6.584716051,-5.001062255,-4.829997853,5.149914619,172.4167685,92.74393488,320.5335433
HER42PB,275.7,3232.37,-6.879535829,-5.015455699,-4.884835516,5.375420646,216.0307256,116.204124,401.6146141
HER42PB,275.8,3233.34,-7.272629847,-5.07540527,-4.398855981,5.912603439,369.6673101,198.8460939,687.234622
HER42PB,275.9,3234.31,-6.966610451,-5.040194096,-4.672166515,5.534515725,253.2850982,136.2434574,470.8728198
HER42PB,276,3235.29,-6.989514461,-5.055580503,-4.807842297,5.516913524,248.8657325,133.8662561,462.656943
HER42PB,276.1,3236.26,-7.163197377,-5.250077051,-4.713862193,5.813204821,334.6900305,180.0316214,622.2096742
HER42PB,276.2,3237.23,-7.07373186,-4.960767627,-4.47892954,5.643513694,282.453432,151.9332657,525.0985745
HER42PB,276.3,3238.2,-6.412136031,-4.82553761,-4.542818327,5.011420934,150.1178922,80.7492458,279.0785393
HER42PB,276.4,3239.18,-7.206854075,-4.876098105,-5.230790888,5.453888542,233.6650177,125.6897074,434.3978646
HER42PB,276.5,3240.15,-5.923941184,-4.82860222,-4.422044813,4.706316551,110.6438574,59.5159438,205.6938427
HER42PB,276.6,3241.12,-6.658089636,-4.876586667,-4.490786739,5.248179312,190.2196223,102.3201886,353.6301607
HER42PB,276.7,3242.1,-6.207831945,-4.603602378,-4.504265188,4.742747604,114.7490539,61.72415175,213.3256594
HER42PB,276.8,3243.07,-6.120092951,-4.778382497,-4.221810851,4.87995398,131.6246064,70.8016049,244.6983656
HER42PB,276.9,3244.04,-6.428626269,-4.946288859,-4.409431396,5.140786037,170.85001,91.9011668,317.6208413
HER42PB,277,3245.01,-7.016635308,-4.819410731,-3.974837668,5.681712196,293.4514465,157.8491587,545.5445705
HER42PB,277.1,3245.99,-6.871597188,-4.891437116,-4.493859373,5.427666424,227.6174625,122.436694,423.1550818
HER42PB,277.2,3246.96,-6.163017546,-4.87556902,-4.73637189,4.793749178,120.7532465,64.95384021,224.4878285
HER42PB,277.3,3247.93,-6.616585651,-4.725036711,-4.61160827,5.084604325,161.5160187,86.88036116,300.2683684
HER42PB,277.4,3248.9,-6.56078249,-4.780787862,-4.338532545,5.167009298,175.3895145,94.34299143,326.0600638
HER42PB,277.5,3249.88,-6.653823984,-4.868621916,-5.28733225,4.970120679,144.0442694,77.48221043,267.787295
HER42PB,277.6,3250.85,-6.824398948,-4.801773881,-4.762553168,5.244689495,189.5569478,101.9637322,352.3982072
HER42PB,277.7,3251.82,-6.219621153,-4.836537068,-4.597444215,4.858135646,128.7838795,69.27356216,239.4172769
HER42PB,277.8,3252.8,-6.837882229,-4.874700494,-4.218174668,5.483540695,240.6974366,129.4724845,447.4715706
HER42PB,277.9,3253.77,-6.905621425,-4.922806719,-4.270330578,5.550133378,257.2718681,138.387963,478.2844742
HER42PB,278,3254.74,-6.38840383,-5.104869203,-4.365202007,5.219978021,184.9301195,99.47493571,343.7966445
HER42PB,278.1,3255.71,-6.445164109,-5.042340446,-4.612582646,5.141482368,170.9690196,91.96518272,317.8420876
HER42PB,278.2,3256.69,-5.750801621,-4.815029753,-4.149594207,4.675279075,107.2624972,57.69709145,199.4076829
HER42PB,278.3,3257.66,-7.145458982,-5.148493662,-4.803653175,5.706936184,300.9476062,161.8813845,559.4803997
HER42PB,278.4,3258.63,-6.741459171,-5.118477034,-4.647913024,5.404902525,222.4945317,119.6810411,413.6312334
HER42PB,278.5,3259.6,-6.244166901,-5.007404274,-4.070362598,5.156077842,173.4826929,93.31730153,322.5151634
HER42PB,278.6,3260.58,-6.444723897,-4.923839382,-4.33811245,5.163719245,174.813422,94.03310809,324.9890719
HER42PB,278.7,3261.55,-6.779657602,-4.931385922,-4.17955524,5.483092792,240.5896517,129.4145064,447.2711918
HER42PB,278.8,3262.52,-6.268780577,-4.82513492,-4.291617885,4.990568433,147.0199708,79.08285671,273.3193098
HER42PB,278.9,3263.49,-7.347943823,-5.016609317,-4.171627613,6.022322284,412.535509,221.9051355,766.9292816
HER42PB,279,3264.47,-6.2924256,-4.979665323,-4.325417622,5.088221326,162.1012801,87.19517654,301.356406
HER42PB,279.1,3265.44,-6.430087266,-4.912456902,-4.198376512,5.193299804,180.0617421,96.85620851,334.7460267
HER42PB,279.2,3266.41,-6.533285581,-4.661483404,-4.009096583,5.18657621,178.8551409,96.20717108,332.5028798
HER42PB,279.3,3267.39,-6.23597245,-4.913250893,-4.098467107,5.084650236,161.5234342,86.88435003,300.2821544
HER42PB,279.4,3268.36,-7.576070364,-4.896491837,-4.544158433,6.036035338,418.2315965,224.9690925,777.5186641
HER42PB,279.5,3269.33,-6.360452266,-4.93143296,-3.982965864,5.225647263,185.9815105,100.0404847,345.751246
HER42PB,279.6,3270.3,-6.379733464,-4.670524398,-4.171639215,5.020884734,151.5453217,81.51706804,281.7322199
HER42PB,279.7,3271.28,-5.633456515,-4.542812396,-4.082859103,4.460173962,86.50255595,46.53020402,160.8136552
HER42PB,279.8,3272.25,-5.99135343,-4.83867392,-4.107656465,4.864862941,129.6531673,69.74115691,241.0333373
HER42PB,279.9,3273.22,-5.848687246,-4.587716297,-4.2528023,4.56983921,96.52858768,51.92326203,179.4526745
HER42PB,280,3274.19,-6.241925988,-4.769199121,-4.026352272,5.027746363,152.5887453,82.07833138,283.6720096
HER42PB,280.1,3275.16,-5.984418505,-4.707630357,-4.147590751,4.76865336,117.760554,63.34405435,218.9242263
HER42PB,280.2,3276.12,-5.867605849,-4.803862386,-4.531621498,4.616504503,101.1398793,54.40370136,188.0253537
HER42PB,280.3,3277.08,-6.473812225,-4.789298286,-4.272828245,5.127834762,168.6515517,90.71860388,313.5337699
HER42PB,280.4,3278.04,-5.722780753,-4.931441546,-4.274928499,4.6837312,108.1729354,58.18682116,201.1002443
HER42PB,280.5,3279,-6.212814283,-4.791428602,-4.324171688,4.919038618,136.8709647,73.62365009,254.4516735
HER42PB,280.6,3279.96,-6.686770853,-4.8508616,-4.515339031,5.24719683,190.0328267,102.2197102,353.282896
HER42PB,280.7,3280.92,-6.732780581,-4.626527782,-4.428023934,5.179995903,177.6820831,95.57617675,330.3220919
HER42PB,280.8,3281.89,-6.128219904,-4.971788044,-4.00938596,5.072677816,159.6011382,85.85033633,296.7084859
HER42PB,280.9,3282.85,-6.388949178,-4.856226183,-4.277338353,5.102330401,164.4045899,88.43413962,305.6384027
HER42PB,281,3283.81,-6.248352304,-4.852107612,-4.492795884,4.923601022,137.496852,73.96031834,255.615237
HER42PB,281.1,3284.77,-6.574314806,-4.943293321,-4.241288687,5.307040434,201.7522448,108.5236501,375.0700262
HER42PB,281.2,3285.73,-6.468267922,-4.842300708,-4.206504824,5.177626594,177.2615976,95.34999528,329.5403832
HER42PB,281.3,3286.69,-6.718884664,-4.769939612,-4.403614412,5.262449936,192.9536367,103.79083,358.7128641
HER42PB,281.4,3287.66,-6.242223265,-4.800085168,-4.311877633,4.949553587,141.1119556,75.90490261,262.3359405
HER42PB,281.5,3288.62,-6.623335852,-4.729161378,-4.175038948,5.240290787,188.7249733,101.5162086,350.8515147
HER42PB,281.6,3289.58,-6.029063963,-4.70152776,-4.098803586,4.812333234,123.0183134,66.17223226,228.6987295
HER42PB,281.7,3290.54,-6.301422697,-4.788128645,-4.440361762,4.941962487,140.0448162,75.33088243,260.3520618
HER42PB,281.8,3291.5,-5.273051357,-4.666915554,-4.25140011,4.254805445,70.44311081,37.89173952,130.9581435
HER42PB,281.9,3292.46,-6.224380703,-4.873979265,-4.413573039,4.946142911,140.6314883,75.6464566,261.4427219
HER42PB,282,3293.42,-6.53487836,-4.671352093,-4.351640025,5.077569743,160.3838081,86.27133882,298.1635182
HER42PB,282.1,3294.39,-6.631975943,-4.746690416,-4.264852329,5.227029543,186.2387669,100.1788644,346.2295017
HER42PB,282.2,3295.35,-6.297188243,-4.793110847,-4.269039996,4.999892147,148.3971532,79.82365075,275.8795779
HER42PB,282.3,3296.31,-6.820681816,-4.537801794,-4.208104409,5.272634046,194.9287381,104.853248,362.384701
HER42PB,282.4,3297.27,-6.168483609,-4.675867656,-4.893980654,4.625489,102.0526646,54.89469363,189.7222786
HER42PB,282.5,3298.23,-6.649217683,-4.818237501,-4.368878199,5.247830312,190.1532473,102.2844851,353.5067654
HER42PB,282.6,3299.19,-6.343676649,-4.725580674,-4.3977665,4.950266315,141.2125659,75.95902146,262.5229814
HER42PB,282.7,3300.15,-6.465226474,-4.758989178,-4.35352407,5.075962792,160.126286,86.13281628,297.6847686
HER42PB,282.8,3301.12,-6.076327081,-4.684430465,-4.334482004,4.755174056,116.1838739,62.49594939,215.9930795
HER42PB,282.9,3302.08,-6.615461281,-4.533571757,-4.314838897,5.070472097,159.2494909,85.6611833,296.0547516
HER42PB,283,3303.04,-6.259633848,-4.546206222,-4.311768664,4.811255934,122.8858572,66.1009833,228.452485
HER42PB,283.1,3304,-6.139391078,-4.650148747,-4.50849823,4.720184832,112.1889869,60.3470775,208.5663349
HER42PB,283.2,3304.96,-6.764295397,-4.589543675,-4.322915012,5.218888431,184.7287311,99.36660776,343.4222508
HER42PB,283.3,3305.92,-6.0007827,-4.596042493,-4.397748225,4.628770571,102.3881078,55.07513035,190.3458884
HER42PB,283.4,3306.88,-5.724142893,-4.746367078,-4.144410135,4.61881563,101.3738968,54.52958062,188.4604067
HER42PB,283.5,3307.85,-6.033112574,-4.717971973,-3.88211734,4.898354834,134.0690324,72.1164752,249.2427063
HER42PB,283.6,3308.81,-5.981679992,-4.45791464,-4.14363977,4.619643207,101.4578262,54.57472673,188.6164368
HER42PB,283.7,3309.77,-6.003887067,-4.646967315,-4.159169024,4.742046361,114.6686151,61.68088327,213.1761187
HER42PB,283.8,3310.73,-6.452022666,-4.845923655,-4.258508668,5.149876757,172.4102406,92.7404235,320.5214076
HER42PB,283.9,3311.69,-5.783799106,-4.660080897,-4.224762825,4.579340266,97.45008183,52.41893884,181.1657897
HER42PB,284.1,3313.62,-7.827745825,-4.944809045,-4.337317309,6.379736468,589.7722636,317.2417676,1096.42348
HER42PB,284.2,3314.58,-6.56355712,-4.727903458,-3.868410324,5.297043023,199.7452936,107.4440999,371.3389785
HER42PB,284.3,3315.54,-6.803369897,-4.664739484,-4.082395445,5.37665671,216.2979185,116.3478485,402.1113422
HER42PB,284.4,3316.5,-6.263453472,-4.906572996,-4.000784986,5.133687682,169.6415501,91.25112952,315.3742389
HER42PB,284.5,3317.46,-6.556636301,-4.738559523,-4.010321023,5.249943498,190.5555013,102.5008597,354.2545806
HER42PB,284.6,3318.42,-6.011267174,-4.773392818,-3.983421453,4.881866572,131.8765915,70.93714908,245.1668217
HER42PB,284.7,3319.38,-6.12365982,-4.618140462,-3.978260311,4.869742457,130.287358,70.08229157,242.2123373
HER42PB,284.8,3320.35,-5.883205097,-4.596440331,-3.928312851,4.708124347,110.8440598,59.6236338,206.0660315
HER42PB,284.9,3321.31,-6.165242769,-4.885080826,-4.161513049,4.995821423,147.7942972,79.49937114,274.7588309
HER42PB,285,3322.27,-6.128965324,-4.834416077,-3.997338029,4.995612098,147.7633633,79.48273167,274.701323
HER42PB,285.1,3323.23,-6.550778092,-4.83906133,-3.978459504,5.315983574,203.5646357,109.4985452,378.4393741
HER42PB,285.2,3324.19,-6.597800331,-4.713765585,-4.099648454,5.236789038,188.0652615,101.1613459,349.6250693
HER42PB,285.3,3325.15,-6.662725015,-4.860383437,-4.078326098,5.381987304,217.4539935,116.9697077,404.2605579
HER42PB,285.4,3326.11,-5.926198489,-4.980054794,-4.077187082,4.914774762,136.288609,73.31039777,253.3690379
HER42PB,285.5,3327.08,-6.533843685,-4.745233825,-4.372909109,5.113494273,166.2502649,89.42693842,309.0696278
HER42PB,285.6,3328.04,-6.037343501,-4.978262051,-4.305482173,4.912557483,135.9867538,73.14802818,252.8078703
HER42PB,285.7,3329,-6.006524986,-4.743844581,-3.86372658,4.901595723,134.5042401,72.35057582,250.0517846
HER42PB,285.8,3329.96,-6.316046647,-4.883232271,-4.008710952,5.155521985,173.3862882,93.26544489,322.3359409
HER42PB,285.9,3330.92,-6.174185567,-4.774285554,-4.13136538,4.946536539,140.6868557,75.676239,261.5456532
HER42PB,286,3331.88,-6.444593644,-4.728341728,-3.81335904,5.22523757,185.9053307,99.99950723,345.6096231
HER42PB,286.1,3332.84,-6.516338094,-4.590230572,-3.753601668,5.217826651,184.5326941,99.26115835,343.0578057
HER42PB,286.2,3333.81,-6.005077353,-4.502308001,-3.983140306,4.716518225,111.7783872,60.12621364,207.8030043
HER42PB,286.3,3334.77,-5.550216419,-4.441628985,-3.868283005,4.420004127,83.09662826,44.69813665,154.4818229
HER42PB,286.4,3335.73,-6.239795898,-4.359743822,-3.616242755,4.921757084,137.2435499,73.82406576,255.1443327
HER42PB,286.5,3336.69,-5.847016643,-4.509249323,-3.828610992,4.66583953,106.2547518,57.15501959,197.5342212
HER42PB,286.6,3337.65,-6.053890449,-4.848619786,-3.744832841,5.036990727,154.0058713,82.8406113,286.3065353
HER42PB,286.7,3338.61,-6.508623017,-4.795001752,-3.807130217,5.315539489,203.4742556,109.4499292,378.2713518
HER42PB,286.8,3339.58,-5.530750965,-4.4813077,-4.053979019,4.368454908,78.92159631,42.45236384,146.7201776
HER42PB,286.9,3340.54,-5.952918606,-4.846759112,-3.829025302,4.937798233,139.4628466,75.01783773,259.2701438
HER42PB,287,3341.5,-6.010528655,-4.868687631,-3.811966284,4.996125695,147.8392737,79.5235643,274.8424452
HER42PB,287.1,3342.46,-5.999500355,-4.749989422,-4.28447468,4.757809476,116.490471,62.66086965,216.5630626
HER42PB,287.2,3343.42,-6.158683453,-4.682405945,-4.020911746,4.918306259,136.7707627,73.56975088,254.2653917
HER42PB,287.3,3344.38,-6.17621371,-4.655186755,-4.298511811,4.820522052,124.0298239,66.71632934,230.5791906
HER42PB,287.4,3345.34,-6.564839687,-4.795338688,-3.991219755,5.296504339,199.637723,107.3862371,371.1389982
HER42PB,287.5,3346.31,-6.352525381,-4.96623102,-4.630291975,5.021076224,151.574344,81.5326793,281.7861742
HER42PB,287.6,3347.27,-6.878489066,-4.799047524,-4.45695203,5.390911577,219.4032975,118.0182491,407.8844358
HER42PB,287.7,3348.23,-6.323834976,-5.021758694,-4.576643826,5.051119427,156.197218,84.01934879,290.3803856
HER42PB,287.8,3349.19,-6.83730599,-5.049721892,-4.618102506,5.451585961,233.1276041,125.4006297,433.3987792
HER42PB,287.9,3350.15,-5.214166639,-5.044115175,-4.553240337,4.342016394,76.862368,41.34469353,142.8919436
HER42PB,288,3351.11,-6.541790565,-5.173845343,-4.988442119,5.165812423,175.1797208,94.2301422,325.6700441
HER42PB,288.1,3352.07,-7.186118201,-5.240208052,-4.420015988,5.926960859,375.0130626,201.7216038,697.1727099
HER42PB,288.2,3353.04,-6.744006836,-5.247364417,-4.417271283,5.561743053,260.2761162,140.0039647,483.8695591
HER42PB,288.3,3354,-7.350676724,-5.240463524,-4.002235695,6.215302552,500.3473476,269.1396099,930.1769751
HER42PB,288.4,3354.96,-7.259507013,-5.2323339,-4.455024927,5.975185596,393.5411341,211.687956,731.6175521
HER42PB,288.5,3355.92,-7.607538288,-5.02254818,-4.309754002,6.220364655,502.8865788,270.5054765,934.8975646
HER42PB,288.6,3356.88,-6.324051696,-5.117225822,-4.588610657,5.103983749,164.6766327,88.58047293,306.1441472
HER42PB,288.7,3357.84,-6.506685669,-5.133406676,-4.598421119,5.247075457,190.0097633,102.2073043,353.2400197
HER42PB,288.8,3358.8,-6.811526072,-4.966924122,-4.492792993,5.423845441,226.7493996,121.9697581,421.5412986
HER42PB,288.9,3359.77,-6.466533451,-4.857095539,-4.78322569,4.98964576,146.884382,79.00992275,273.0672418
HER42PB,289,3360.73,-6.714402893,-4.684017508,-4.299249282,5.24316725,189.2686152,101.8086366,351.862179
HER42PB,289.1,3361.69,-7.300654588,-5.240631132,-4.513745812,5.996958069,402.2034554,216.3474666,747.7213486
HER42PB,289.2,3362.65,-7.167115034,-5.165635034,-4.559499231,5.818733662,336.5456032,181.0297442,625.6592998
HER42PB,289.3,3363.61,-6.795629506,-5.133081769,-4.493044413,5.509666955,247.0688284,132.8996914,459.3163859
HER42PB,289.4,3364.57,-6.853500209,-5.202098098,-4.810426312,5.49023661,242.3145342,130.3423302,450.477856
HER42PB,289.5,3365.53,-6.884636427,-5.232232479,-4.550836315,5.621707866,276.3609678,148.6560955,513.772303
HER42PB,289.6,3366.5,-6.824225438,-5.165997361,-4.449319683,5.567262843,261.716758,140.7788939,486.5478021
HER42PB,289.7,3367.46,-6.047246423,-5.161195576,-4.98106941,4.799225102,121.4162958,65.31049809,225.7204786
HER42PB,289.8,3368.42,-6.65336891,-5.242860291,-4.426099154,5.48416197,240.8470224,129.5529475,447.74966
HER42PB,289.9,3369.38,-6.958923566,-5.124239052,-4.487262143,5.640718933,281.665144,151.5092412,523.6330979
HER42PB,290,3370.34,-6.714145762,-5.084505143,-4.728230279,5.335684302,207.6147714,111.6771356,385.9688294
HER42PB,290.1,3371.3,-6.988825798,-4.995200176,-4.686240705,5.521647912,250.0467529,134.5015335,464.8525336
HER42PB,290.2,3372.25,-7.002991746,-4.961420478,-4.529410246,5.566656378,261.558084,140.6935423,486.2528174
HER42PB,290.3,3373.2,-6.440553874,-4.965966905,-4.757007989,5.043652328,155.0352216,83.39430454,288.2201618
HER42PB,290.4,3374.15,-6.415741497,-5.029447136,-5.003277418,4.979296311,145.3720489,78.19643039,270.2557201
HER42PB,290.5,3375.11,-6.730311602,-4.882338988,-4.879128712,5.177228705,177.1910811,95.31206408,329.4092887
HER42PB,290.6,3376.06,-7.476693933,-5.070924604,-4.804045659,5.958372341,386.9797402,208.1585459,719.419511
HER42PB,290.7,3377.01,-6.536525273,-5.090571076,-5.258327408,5.020786384,151.530418,81.50905124,281.7045129
HER42PB,290.8,3377.97,-7.748819465,-5.051942564,-4.652739217,6.258384902,522.3745721,280.988176,971.1269615
HER42PB,290.9,3378.92,-7.023470111,-5.077559962,-4.421781928,5.689505801,295.7474265,159.084179,549.8129408
HER42PB,291,3379.87,-7.747644813,-4.863465025,-4.399691946,6.230934022,508.2299598,273.3797107,944.8312437
HER42PB,291.1,3380.82,-7.111215469,-4.990951932,-4.38713286,5.724789277,306.3686994,164.7974205,569.5585505
HER42PB,291.2,3381.78,-7.083190434,-4.950068743,-4.134118242,5.762123785,318.0230249,171.0663468,591.2246696
HER42PB,291.3,3382.73,-6.695653484,-4.862288014,-4.485441711,5.271159997,194.6416153,104.6988031,361.8509218
HER42PB,291.4,3383.68,-7.8433338,-4.991905016,-4.423560033,6.394090536,598.2989444,321.8283165,1112.275112
HER42PB,291.5,3384.64,-6.399968511,-4.598593584,-4.376407428,4.923793987,137.5233866,73.97459147,255.6645666
HER42PB,291.6,3385.59,-6.657865711,-4.826039249,-4.279018633,5.289722919,198.2884759,106.6604696,368.6306634
HER42PB,291.7,3386.54,-5.882302171,-4.642376349,-4.611839625,4.503165752,90.30255476,48.57424444,167.8780904
HER42PB,291.8,3387.49,-7.139561203,-4.82455359,-4.85590412,5.49150468,242.6220009,130.5077183,451.0494559
HER42PB,291.9,3388.45,-6.931897396,-4.684662398,-4.91870524,5.210593613,183.2027774,98.54578882,340.5854076
HER42PB,292,3389.4,-7.109508033,-5.037671091,-4.791885063,5.613913591,274.2153074,147.5019328,509.7833862
HER42PB,292.1,3390.35,-7.842671475,-4.804119204,-4.651680854,6.204462164,494.9526811,266.2377889,920.147953
HER42PB,292.2,3391.31,-7.203827059,-4.805931786,-4.688822378,5.593194379,268.5922362,144.4772517,499.3297456
HER42PB,292.3,3392.26,-7.113314831,-4.656579058,-4.838381269,5.374857804,215.9091687,116.1387379,401.3886321
HER42PB,292.4,3393.21,-6.646640234,-4.83269285,-4.734252777,5.130566882,169.112958,90.96679693,314.3915532
HER42PB,292.5,3394.16,-6.971964799,-4.828807443,-4.743082901,5.389286899,219.0471271,117.8266631,407.2222928
HER42PB,292.6,3395.12,-7.153222786,-4.875955501,-4.627494142,5.611351207,273.5135617,147.12446,508.4787972
HER42PB,292.7,3396.07,-6.636505357,-4.948735602,-4.742167016,5.188930845,179.2767757,96.43397076,333.2867252
HER42PB,292.8,3397.02,-6.644035379,-4.571694459,-4.643065453,5.004249152,149.0451308,80.1722015,277.0842088
HER42PB,292.9,3397.97,-7.797919429,-4.796322036,-4.598046552,6.173406361,479.817758,258.09663,892.0111856
HER42PB,293,3398.93,-6.599821907,-4.730770764,-4.344777759,5.165391138,175.1059358,94.19045289,325.5328733
HER42PB,293.1,3399.88,-6.890410604,-4.886954969,-4.820157488,5.329901092,206.4175568,111.0331473,383.7431327
HER42PB,293.2,3400.83,-7.086180365,-4.823786153,-4.613980367,5.526970491,251.3811947,135.2193372,467.3333444
HER42PB,293.3,3401.79,-6.826797424,-4.701893508,-4.371391439,5.319831316,204.3494086,109.9206789,379.8983161
HER42PB,293.4,3402.74,-6.281963594,-4.667134833,-4.254526837,4.918795829,136.8377379,73.60577721,254.3899027
HER42PB,293.5,3403.69,-6.097316515,-4.719484828,-4.496908009,4.735670871,113.939872,61.28888832,211.8213397
HER42PB,293.6,3404.64,-6.607745965,-4.828644893,-4.749092261,5.09271798,162.8318348,87.58814592,302.7145527
HER42PB,293.7,3405.6,-8.204646977,-4.875694502,-4.31097311,6.73852872,844.3175937,454.1631107,1569.63915
HER42PB,293.8,3406.55,-8.034905186,-5.020124718,-4.675598747,6.52103751,679.2827824,365.3899715,1262.829126
HER42PB,293.9,3407.5,-6.29506918,-4.97776769,-4.490064484,5.033221981,153.4265546,82.5289936,285.2295493
HER42PB,294,3408.46,-6.224533363,-5.021827183,-4.439123122,5.025497673,152.246006,81.89396997,283.0348357
HER42PB,294.1,3409.41,-6.557023232,-5.026479262,-4.20073396,5.356891563,212.0647311,114.0707936,394.2415824
HER42PB,294.2,3410.36,-6.115254198,-5.050543461,-4.745766955,4.860777303,129.124532,69.45680103,240.0505712
HER42PB,294.3,3411.31,-6.698120078,-4.989742217,-4.829399567,5.232319806,187.2266296,100.7102412,348.0660002
HER42PB,294.4,3412.27,-6.84846013,-4.766046818,-4.565106399,5.309998725,202.3499705,108.84517,376.1812356
HER42PB,294.5,3413.22,-6.226485994,-4.876084556,-4.454144611,4.935161056,139.0955429,74.82026306,258.5873034
HER42PB,294.6,3414.17,-6.872547456,-5.000745279,-4.69942043,5.423768034,226.7318483,121.9603172,421.5086695
HER42PB,294.7,3415.13,-6.874075378,-4.934991194,-4.520435114,5.446591735,231.9662147,124.7759119,431.2396837
HER42PB,294.8,3416.08,-7.082499178,-4.794729171,-4.272033972,5.622429378,276.5604377,148.7633914,514.1431299
HER42PB,294.9,3417.03,-6.704561403,-5.010782342,-4.145784905,5.481635741,240.2393556,129.2260802,446.6199694
HER42PB,295,3417.98,-7.022422354,-4.75086937,-4.745155069,5.384782273,218.0626208,117.2970917,405.3920341
HER42PB,295.1,3418.94,-6.560054723,-4.923404247,-4.388049717,5.234459214,187.6276125,100.9259321,348.8114525
HER42PB,295.2,3419.89,-6.460699031,-4.933952835,-4.526191514,5.118044008,167.0083829,89.83473431,310.4790166
HER42PB,295.3,3420.84,-6.948633272,-4.95053737,-4.648551309,5.47417972,238.4547869,128.2661508,443.3023448
HER42PB,295.4,3421.8,-6.628898348,-4.855831011,-4.475844989,5.218001604,184.5649814,99.27852589,343.1178299
HER42PB,295.5,3422.75,-6.764474386,-4.771077571,-4.474737436,5.275508738,195.4899043,105.1551024,363.427944
HER42PB,295.6,3423.7,-6.403055135,-4.833196209,-4.633938142,4.97830113,145.2274494,78.11864952,269.9869006
HER42PB,295.7,3424.65,-6.108148639,-4.671423425,-4.369498996,4.757890898,116.4999563,62.66597183,216.5806963
HER42PB,295.8,3425.61,-6.673272167,-4.733209988,-4.436042255,5.193452562,180.0892502,96.87100527,334.797166
HER42PB,295.9,3426.56,-7.3144504,-4.686442906,-4.409232134,5.715270059,303.466146,163.236121,564.1625224
HER42PB,296,3427.51,-7.206456771,-5.029272945,-4.113792257,5.92318777,373.6007709,200.9619242,694.5471714
HER42PB,296.1,3428.47,-7.370729048,-5.035354132,-4.302676113,6.00972735,407.3722352,219.1277819,757.3304331
HER42PB,296.2,3429.42,-5.603789887,-4.694719403,-4.212114347,4.487786797,88.92442012,47.83293818,165.316052
HER42PB,296.3,3430.37,-6.212814283,-4.980670601,-4.414582299,5.000911848,148.5485511,79.90508849,276.161036
HER42PB,296.4,3431.32,-6.845879875,-4.991107438,-4.344843844,5.516352873,248.7262447,133.7912248,462.3976265
HER42PB,296.5,3432.28,-6.518699442,-4.827023432,-4.482594214,5.113346849,166.2257575,89.41375575,309.024067
HER42PB,296.6,3433.23,-6.88700297,-5.021135529,-4.374697346,5.557846309,259.2638604,139.4594667,481.9877123
HER42PB,296.7,3434.18,-6.34791977,-4.763022966,-4.450799785,4.957687096,142.2643713,76.52479337,264.4783532
HER42PB,296.8,3435.14,-6.858013412,-4.997816781,-4.086988412,5.617666389,275.2463154,148.0565178,511.7000945
HER42PB,296.9,3436.09,-6.950063736,-4.908492468,-4.297583386,5.569327103,262.2575675,141.0697983,487.5532008
HER42PB,297,3437.04,-6.111622023,-4.699501262,-4.319862553,4.793852636,120.76574,64.96056054,224.5110548
HER42PB,297.1,3437.99,-5.852646477,-4.907679945,-4.642330199,4.630700017,102.5858508,55.18149744,190.7135051
HER42PB,297.2,3438.95,-6.821240453,-4.607886493,-4.246953959,5.301590864,200.6557723,107.9338515,373.0316154
HER42PB,297.3,3439.9,-6.208698781,-4.533878109,-4.25127219,4.787660201,120.0202166,64.55953937,223.1250802
HER42PB,297.4,3440.85,-6.195666679,-4.866917804,-4.338135896,4.946885,140.7358882,75.70261386,261.6368077
HER42PB,297.5,3441.81,-6.933423026,-5.109770193,-4.221675963,5.700854327,299.1228407,160.899833,556.0880465
HER42PB,297.6,3442.76,-6.132421427,-4.930951753,-4.114190617,5.015847135,150.7838169,81.10745035,280.3165348
HER42PB,297.7,3443.71,-6.290521893,-4.672425917,-4.04919568,4.997777169,148.0836281,79.65500385,275.2967152
HER42PB,297.8,3444.66,-6.044035434,-4.801060472,-4.168742852,4.858189412,128.7908038,69.27728682,239.4301497
HER42PB,297.9,3445.62,-6.220671868,-4.761738324,-3.977342472,5.024586873,152.1074035,81.81941493,282.777165
HER42PB,298,3446.57,-6.371424864,-4.806722845,-4.083002085,5.125731151,168.2971473,90.52796782,312.8749101
HER42PB,298.1,3447.52,-6.405441712,-4.818843291,-4.093225726,5.154811154,173.2630835,93.19917243,322.1068958
HER42PB,298.2,3448.48,-6.555119785,-4.769552286,-4.219744869,5.196223083,180.588883,97.13976056,335.7260147
HER42PB,298.3,3449.43,-5.881665474,-4.818256821,-4.38600918,4.683848471,108.1856216,58.19364518,201.1238288
HER42PB,298.4,3450.38,-6.42889989,-4.871591043,-4.161859734,5.180487168,177.7693935,95.62314154,330.4844076
HER42PB,298.5,3451.33,-7.002636074,-4.995168032,-4.672652007,5.537873089,254.1368976,136.701645,472.4563681
HER42PB,298.6,3452.29,-6.56095622,-4.814047317,-4.39340741,5.16831964,175.6194855,94.46669409,326.4875942
HER42PB,298.7,3453.24,-6.503114831,-4.860887095,-4.411250769,5.145759368,171.7018201,92.35936018,319.2044095
HER42PB,298.8,3454.19,-6.58099212,-4.949970636,-4.76527941,5.138586522,170.4746358,91.69925092,316.9229972
HER42PB,298.9,3455.15,-8.803624482,-4.781253419,-4.326287667,7.363544795,1577.418289,848.5020357,2932.519138
HER42PB,299,3456.1,-6.664591219,-4.976681692,-4.259302198,5.39126649,219.4811804,118.0601428,408.0292251
HER42PB,299.1,3457.05,-6.384772725,-4.919638302,-4.489216462,5.065112155,158.3982062,85.20327257,294.4721603
HER42PB,299.2,3458,-6.774755307,-4.894048351,-4.481516076,5.354599786,211.5792823,113.809668,393.3391029
HER42PB,299.3,3458.96,-5.349892389,-4.798996435,-4.624133623,4.252991376,70.31543795,37.82306358,130.7207916
HER42PB,299.4,3459.91,-6.003966713,-4.83947272,-4.486832751,4.745504051,115.06579,61.89452582,213.9144915
HER42PB,299.5,3460.86,-5.919323869,-4.46537086,-3.986354232,4.634891927,103.0167841,55.41329882,191.5146369
HER42PB,299.6,3461.82,-6.054466641,-4.560778949,-3.908943438,4.810632421,122.8092602,66.05978134,228.3100863
HER42PB,299.7,3462.77,-5.724507089,-4.545852092,-4.030075963,4.538585231,93.55834299,50.32555096,173.9308041
HER42PB,299.8,3463.72,-5.775182992,-4.879440928,-4.137338825,4.733722033,113.7180379,61.16956254,211.4089363
HER42PB,299.9,3464.67,-6.157482037,-4.601972467,-4.197387253,4.809818113,122.7092962,66.0060102,228.1242472
HER42PB,300,3465.63,-6.461442134,-4.72097596,-3.922468263,5.196594552,180.6559786,97.17585162,335.8507495
HER42PB,300.1,3466.61,-6.162423719,-4.635810157,-4.123870947,4.858366962,128.8136726,69.28958806,239.4726642
HER42PB,300.2,3467.6,-5.986870678,-4.393110578,-3.95726151,4.647842881,104.3596264,56.13562115,194.0110647
HER42PB,300.3,3468.58,-5.549514829,-4.20938251,-3.85922482,4.284549241,72.56982786,39.0357124,134.9118433
HER42PB,300.4,3469.57,-5.66442612,-3.981865943,-3.631299361,4.299551616,73.6667553,39.62575575,136.9510999
HER42PB,300.5,3470.56,-5.843094055,-4.529788054,-3.899961686,4.651252257,104.7160349,56.32733525,194.6736503
HER42PB,300.6,3471.54,-6.097408226,-4.591960027,-4.05091084,4.811073239,122.8634085,66.08890804,228.4107515
HER42PB,300.7,3472.53,-6.256203127,-4.84589389,-4.121050979,5.051588067,156.2704355,84.05873291,290.5165016
HER42PB,300.8,3473.51,-6.05201244,-4.903920094,-4.333525172,4.869041583,130.1960749,70.03318992,242.0426364
HER42PB,300.9,3474.5,-6.324717321,-4.627791955,-4.198187743,4.945799424,140.5831916,75.62047751,261.3529352
HER42PB,301,3475.48,-6.261336937,-4.654605387,-4.138913573,4.935526343,139.146362,74.84759894,258.6817793
HER42PB,301.1,3476.47,-7.19199393,-4.830466301,-4.455772852,5.676376696,291.8899058,157.0091973,542.6415689
HER42PB,301.2,3477.46,-6.359545506,-4.292475256,-4.397374836,4.704624699,110.4568226,59.41533674,205.3461333
HER42PB,301.3,3478.44,-6.652145926,-4.665794808,-3.889326996,5.322026032,204.7983901,110.1621885,380.7330007
HER42PB,301.4,3479.43,-6.332792487,-4.688485749,-3.943733796,5.07406847,159.8232425,85.9698075,297.1213918
HER42PB,301.5,3480.41,-6.462109712,-4.834972222,-3.758832789,5.320336721,204.452714,109.9762474,380.0903671
HER42PB,301.6,3481.4,-7.644068372,-4.969919722,-4.440870359,6.179628472,482.8125448,259.7075424,897.5786814
HER42PB,301.7,3482.38,-6.839998577,-4.958859264,-4.396591658,5.47483593,238.6113149,128.350348,443.59334
HER42PB,301.8,3483.37,-7.175410561,-5.041448181,-4.512021131,5.768233814,319.972103,172.1147667,594.8481276
HER42PB,301.9,3484.35,-7.056462599,-4.969473852,-4.278208139,5.701958758,299.4533835,161.0776338,556.7025464
HER42PB,302,3485.34,-6.649632009,-5.106333899,-4.645452952,5.32570832,205.5539068,110.5685851,382.1375533
HER42PB,302.1,3486.33,-6.964450623,-5.050801336,-5.123019544,5.386208521,218.3738541,117.4645058,405.9706362
HER42PB,302.2,3487.31,-8.342072314,-5.050359165,-4.50621067,6.926374984,1018.794133,548.0150077,1894.001936
HER42PB,302.3,3488.3,-6.779844425,-4.897607371,-4.392333462,5.391044564,219.4324772,118.033945,407.9386827
HER42PB,302.4,3489.28,NA,-4.923274455,-4.562692562,NA,NA,NA,NA
HER42PB,302.5,3490.27,-6.89695356,-4.999833575,-4.740432276,5.429435772,228.0205535,122.6535189,423.9044531
HER42PB,302.6,3491.25,-7.299046334,-4.907907844,-4.855090288,5.682002935,293.5367765,157.8950581,545.7032043
HER42PB,302.7,3492.24,-7.717079268,-4.758126246,-4.718573067,6.030307016,415.84268,223.6840811,773.0775191
HER42PB,302.8,3493.23,-6.693788244,-4.891665988,-4.393288658,5.318381137,204.0532802,109.7613897,379.3477947
HER42PB,302.9,3494.21,-6.495557028,-4.82487549,-4.861854493,4.965870026,143.4332867,77.15355946,266.65144
HER42PB,303,3495.2,-6.328602873,-4.887848595,-4.417403367,5.028979242,152.7769848,82.17958642,284.0219585
HER42PB,303.1,3496.18,-5.975239886,-5.075756273,-4.391119782,4.898696092,134.1147922,72.14108966,249.3277767
HER42PB,303.2,3497.17,-6.261027372,-5.157920694,-4.606667772,5.076019299,160.1353347,86.13768358,297.7015906
HER42PB,303.3,3498.15,-5.968656408,-4.796174271,-5.2557066,4.434933341,84.34650228,45.37045081,156.8054167
HER42PB,303.4,3499.14,-6.683414202,-4.803462021,-4.413264385,5.250954755,190.7482994,102.6045669,354.6130043
HER42PB,303.5,3500.13,-6.300137986,-5.196635712,-4.491367171,5.166617018,175.3207262,94.30598983,325.9321821
HER42PB,303.6,3501.11,-6.616311036,-4.95905525,-4.600048396,5.227445795,186.3163052,100.2205726,346.3736502
HER42PB,303.7,3502.1,-6.410067025,-4.911469094,-4.164833228,5.189072066,179.3020952,96.44759024,333.3337957
HER42PB,303.8,3503.08,-6.508714942,-4.95152772,-4.211599325,5.271589424,194.7252175,104.7437732,362.0063435
HER42PB,303.9,3504.07,-6.634028707,-5.012662224,-4.023958915,5.468416954,237.0845797,127.5291088,440.7550441
HER42PB,304,3505.05,-6.638463072,-4.745351108,-4.127239114,5.277954388,195.9685894,105.4125898,364.3178495
HER42PB,304.1,3506.04,-6.60872703,-4.67664836,-4.396655945,5.122560259,167.7643404,90.24136802,311.8843888
HER42PB,304.2,3507.03,-6.277184079,-4.670489652,-4.274224241,4.910632276,135.725203,73.00733855,252.321631
HER42PB,304.3,3508.01,-6.220747111,-4.734369291,-4.608681076,4.794392952,120.8310093,64.99566924,224.6323944
HER42PB,304.4,3509,-6.925465936,-4.810479457,-4.513318641,5.417447573,225.3033178,121.1919027,418.8529421
HER42PB,304.5,3509.98,-6.613022769,-4.843954711,-4.4572436,5.204847004,182.153002,97.98110881,338.6338095
HER42PB,304.6,3510.97,-6.527133548,-5.021037987,-4.166279547,5.342363026,209.0060138,112.4254926,388.555236
HER42PB,304.7,3511.95,-6.728309583,-5.123326021,-4.487599894,5.451609804,233.1331626,125.4036196,433.4091127
HER42PB,304.8,3512.94,-6.573809478,-5.187515117,-4.048080834,5.517336513,248.9710222,133.922892,462.852683
HER42PB,304.9,3513.92,-7.040974123,-5.187437294,-4.199147461,5.845151969,345.5550514,185.8759764,642.4084269
HER42PB,305,3514.91,-6.634813703,-5.013679751,-4.288117911,5.380106917,217.04548,116.749966,403.5011058
HER42PB,305.1,3515.9,-8.244150111,-5.017306116,-4.262601043,6.881857003,974.4342082,524.1535585,1811.534064
HER42PB,305.2,3516.88,-5.15326532,-4.839782601,-4.511411434,4.199194482,66.63263563,35.84206382,123.8742321
HER42PB,305.3,3517.87,-6.816031517,-4.936930038,-4.535107921,5.395329795,220.3748136,118.540833,409.690545
HER42PB,305.4,3518.85,-6.291099546,-5.032318505,-4.513524712,5.054804267,156.7738415,84.32951778,291.4523647
HER42PB,305.5,3519.84,-6.220851724,-5.096263949,-4.083886338,5.187501324,179.0206789,96.29621488,332.8106253
HER42PB,305.6,3520.82,-6.413766287,-4.930742299,-4.439251327,5.110293051,165.7189118,89.14112067,308.0818093
HER42PB,305.7,3521.81,-6.36508466,-5.232239199,-4.480732403,5.239222099,188.5233929,101.4077774,350.4767642
HER42PB,305.8,3522.8,-6.822420182,-5.11767209,-4.67171562,5.461686376,235.4942214,126.6736462,437.7984686
HER42PB,305.9,3523.78,-6.265098404,-4.89900675,-4.765475357,4.871212197,130.4789873,70.18537006,242.5685882
HER42PB,306,3524.77,-5.84071952,-4.787777268,-4.299636927,4.667599886,106.4419628,57.25572141,197.8822581
HER42PB,306.1,3525.75,-6.685730893,-4.980982801,-4.284054897,5.40212622,221.8776758,119.3492309,412.4844596
HER42PB,306.2,3526.74,-6.273302109,-4.869555298,-4.204480136,5.049800614,155.991359,83.90861609,289.9976808
HER42PB,306.3,3527.72,-5.989677237,-5.073386505,-4.384329309,4.909490885,135.5703759,72.92405619,252.0337977
HER42PB,306.4,3528.71,-6.803556879,-4.857646729,-4.174516327,5.460281034,235.1635039,126.4957514,437.1836441
HER42PB,306.5,3529.7,-6.615730457,-5.120236804,-4.953846069,5.202914388,181.80131,97.79193174,337.9799922
HER42PB,306.6,3530.68,-6.933448674,-5.313539462,-4.901153911,5.591737364,268.2011783,144.2668995,498.6027446
HER42PB,306.7,3531.67,-7.765569081,-5.416998875,-4.888355408,6.412055614,609.1445609,327.6622337,1132.437791
HER42PB,306.8,3532.65,-6.579350413,-5.267164024,-4.648864735,5.365360887,213.8684032,115.0409988,397.5947215
HER42PB,306.9,3533.64,-7.091937848,-5.019876414,-4.763226451,5.597919795,269.8644497,145.1615824,501.6948701
HER42PB,307,3534.62,-6.752067186,-5.257698603,-4.834505392,5.432936206,228.820123,123.0836117,425.3909027
HER42PB,307.1,3535.61,-6.336775161,-5.036194318,-4.293701263,5.165123919,175.0591503,94.1652867,325.4458962
HER42PB,307.2,3536.59,-6.259377492,-5.039531338,-4.520081592,5.033778602,153.5119788,82.5749438,285.3883583
HER42PB,307.3,3537.58,-6.477741298,-4.824451503,-4.587541756,5.045050708,155.2521715,83.51100306,288.6234852
HER42PB,307.4,3538.57,-6.923495612,-4.820680719,-4.323813448,5.486103984,241.315205,129.8047855,448.6200407
HER42PB,307.5,3539.55,-6.697329427,-5.242767095,-4.129041168,5.619498877,275.7511634,148.3280783,512.6386384
HER42PB,307.6,3540.54,-6.6456216,-5.143814352,-4.028672761,5.55388514,258.2389036,138.9081368,480.0822536
HER42PB,307.7,3541.52,-6.615583141,-4.944109838,-4.959261643,5.096246136,163.4073456,87.89771641,303.7844634
HER42PB,307.8,3542.51,-6.875417491,-4.970634633,-4.287075254,5.547978638,256.7181109,138.0900939,477.2550049
HER42PB,307.9,3543.49,-6.334973655,-4.719493428,-4.486757477,4.910067598,135.6485836,72.96612455,252.1791907
HER42PB,308,3544.48,-5.866360133,-4.979056938,-4.140197946,4.852496102,128.0596411,68.88399035,238.0708726
HER42PB,308.1,3545.47,-6.178563634,-5.01298072,-4.426544494,4.991535269,147.1621837,79.15935381,273.5836925
HER42PB,308.2,3546.45,-6.908781779,-5.068661238,-3.930773214,5.754552429,315.6242515,169.7760333,586.7652001
HER42PB,308.3,3547.44,-6.280930741,-4.931004024,-4.080536589,5.133898222,169.6772702,91.27034358,315.4406448
HER42PB,308.4,3548.42,-7.189271832,-4.92535588,-4.087317345,5.85528564,349.0745954,187.7691586,648.951479
HER42PB,308.5,3549.41,-8.957793756,-4.821028478,-4.399715178,7.552911253,1906.284337,1025.400905,3543.901665
HER42PB,308.6,3550.39,-6.37656995,-4.948838399,-4.194849559,5.176140742,176.9984088,95.20842455,329.0510987
HER42PB,308.7,3551.38,-6.88982628,-4.904413688,-4.681270137,5.386871553,218.5186909,117.5424143,406.2398969
HER42PB,308.8,3552.37,-6.441460891,-4.996441244,-4.439545066,5.170049696,175.9235799,94.63026816,327.0529247
HER42PB,308.9,3553.35,-5.7526507,-5.00759566,-4.730671637,4.59404011,98.89316338,53.1951804,183.8485684
HER42PB,309,3554.34,-6.153277435,-4.9287849,-4.482354439,4.904558219,134.9032991,72.56523187,250.7936602
HER42PB,309.1,3555.32,-6.27342717,-4.985572881,-4.859733834,4.896789932,133.8593915,72.00370819,248.8529707
HER42PB,309.2,3556.31,-6.198879791,-4.789820219,-4.068144955,4.994854437,147.6514513,79.42253355,274.4932715
HER42PB,309.3,3557.29,-6.230454107,-4.723295044,-4.066173685,4.97867243,145.2813824,78.1476604,270.0871655
HER42PB,309.4,3558.28,-6.24515136,-4.768830848,-4.016228408,5.033291421,153.437209,82.53472467,285.2493565
HER42PB,309.5,3559.27,-6.730843453,-4.69821233,-3.799324551,5.434150427,229.09813,123.2331532,425.907735
HER42PB,309.6,3560.25,-6.138313502,-4.680560177,-4.199483028,4.842235818,126.7524305,68.18083451,235.6406863
HER42PB,309.7,3561.24,-6.211095086,-4.65801011,-4.070223445,4.924547048,137.6269891,74.03031981,255.85717
HER42PB,309.8,3562.22,-6.182877076,-4.507189778,-3.888545124,4.876233629,131.1358265,70.53868748,243.7896932
HER42PB,309.9,3563.21,-5.608268712,-4.527628666,-3.929532631,4.487060774,88.85988238,47.79822297,165.1960723
HER42PB,310,3564.19,-5.593471454,-4.674155001,-4.391773963,4.408123141,82.11520011,44.17022102,152.6572866
HER42PB,310.1,3565.14,-6.013131523,-4.766883235,-4.20820159,4.803099412,121.8876126,65.564022,226.5966859
HER42PB,310.2,3566.08,-6.180816885,-4.720652676,-3.931632569,4.987075056,146.5072706,78.80707242,272.3661681
HER42PB,310.3,3567.03,-6.36960196,-4.892335821,-4.237974665,5.122756321,167.7972359,90.25906269,311.9455435
HER42PB,310.4,3567.98,-6.043666252,-4.862300003,-4.492356081,4.784663351,119.6610725,64.36635376,222.4574088
HER42PB,310.5,3568.92,-5.721376083,-4.727807804,-4.309763914,4.549938622,94.62660018,50.90017242,175.9167609
HER42PB,310.6,3569.87,-6.450929889,-4.795302594,-4.146528265,5.156907867,173.6267476,93.39478935,322.78297
HER42PB,310.7,3570.81,-5.985296136,-4.791722039,-4.029581987,4.859249027,128.9273448,69.35073298,239.6839879
HER42PB,310.8,3571.76,-5.793013608,-4.495497409,-3.702708954,4.664497684,106.1122699,57.0783778,197.2693385
HER42PB,310.9,3572.7,-5.452153711,-4.48390324,-3.704694501,4.439590901,84.7402674,45.58225925,157.5374507
HER42PB,311,3573.65,-6.214753015,-4.540776582,-3.998389098,4.881820405,131.8705032,70.93387417,245.1555032
HER42PB,311.1,3574.6,-6.189160271,-4.54375721,-4.14192187,4.816591343,123.5432557,66.4546016,229.6746299
HER42PB,311.2,3575.54,-5.77876969,-4.686349371,-3.867856383,4.712611101,111.3425072,59.89175139,206.9926762
HER42PB,311.3,3576.49,-5.855605518,-4.461985116,-3.913905901,4.614565681,100.9439771,54.29832447,187.6611593
HER42PB,311.4,3577.43,-6.091980011,-4.453342944,-3.94251732,4.761585309,116.9311511,62.89791389,217.3823143
HER42PB,311.5,3578.38,-6.085033594,-4.460889534,-4.162318062,4.686708291,108.4954559,58.36030675,201.6998301
HER42PB,311.6,3579.32,-5.997115219,-4.5004728,-4.037020435,4.691684033,109.0366466,58.65141622,202.7059374
HER42PB,311.7,3580.27,-5.680422307,-4.342003894,-3.917530822,4.426965603,83.67712171,45.0103873,155.5609964
HER42PB,311.8,3581.22,-5.825025369,-4.53495904,-4.009095539,4.605313965,100.0143789,53.79828845,185.9329782
HER42PB,311.9,3582.16,-5.73909366,-4.467868629,-4.235982914,4.431940378,84.09443366,45.2348617,156.3368054
HER42PB,312,3583.11,-6.265888157,-4.524390523,-4.260837433,4.820088252,123.9760314,66.68739405,230.4791869
HER42PB,312.1,3584.05,-5.92163546,-4.419924928,-3.998785518,4.605224011,100.0053826,53.7934493,185.9162535
HER42PB,312.2,3585,-5.562264089,-4.324316206,-4.099894155,4.27933373,72.19232441,38.83265121,134.2100408
HER42PB,312.3,3585.94,-5.701808305,-4.525720704,-3.914224207,4.551141533,94.74049604,50.96143763,176.1285004
HER42PB,312.4,3586.89,-5.791978165,-4.345598994,-4.146500316,4.424279561,83.452663,44.88964971,155.1437137
HER42PB,312.5,3587.84,-5.556292451,-4.371480144,-3.909600947,4.368112119,78.89454752,42.43781415,146.6698923
HER42PB,312.6,3588.78,-5.772738308,-4.60843076,-4.041410578,4.603495684,99.83268993,53.70055693,185.595207
HER42PB,312.7,3589.73,-5.769284317,-4.581326928,-3.816720783,4.661264188,105.7697105,56.89411319,196.6324991
HER42PB,312.8,3590.67,-5.246091306,-4.363505101,-3.721278011,4.238116625,69.27725386,37.26461861,128.7907426
HER42PB,312.9,3591.62,-5.987707498,-4.553785088,-3.737700221,4.818362386,123.7622499,66.57239979,230.0817538
HER42PB,313,3592.56,-6.163628973,-4.430785387,-3.620735066,4.907849869,135.3480852,72.80448479,251.6205454
HER42PB,313.1,3593.51,-5.750906897,-4.53919711,-3.614846462,4.692587855,109.1352408,58.70445058,202.8892302
HER42PB,313.2,3594.46,-5.678877196,-4.404188867,-3.839422853,4.489414378,89.0692697,47.91085357,165.5853364
HER42PB,313.3,3595.4,-5.921378753,-4.47822153,-3.989240819,4.642945799,103.8498182,55.86139246,193.0632993
HER42PB,313.4,3596.35,-6.011237996,-4.772173872,-4.023689859,4.867473792,129.9921146,69.92347852,241.6634614
HER42PB,313.5,3597.29,-5.764011264,-4.502115811,-3.7719982,4.625864599,102.0910027,54.91531587,189.7935514
HER42PB,313.6,3598.24,-5.890290856,-4.585342135,-4.008919228,4.678972753,107.6594229,57.91059997,200.1455925
HER42PB,313.7,3599.18,-5.383491119,-4.52907579,-4.146930125,4.27457661,71.84971243,38.64835833,133.5731038
HER42PB,313.8,3600.13,-5.853913543,-4.680712397,-3.868394255,4.758906161,116.6182944,62.72962657,216.8006943
HER42PB,313.9,3601.08,-5.975552096,-4.617749691,-3.921716505,4.785689885,119.7839717,64.43246192,222.6858861
HER42PB,314,3602.02,-4.422189817,-4.590565487,-3.864998272,3.876432115,48.25175087,25.95488408,89.70301908
HER42PB,314.1,3602.97,-5.509922382,-4.314317827,-3.821724636,4.334881068,76.31588197,41.05073566,141.8759919
HER42PB,314.2,3603.91,-5.634873305,-4.388829287,-3.793579901,4.467570818,87.14477516,46.87565729,162.0075808
HER42PB,314.3,3604.86,-5.680539224,-4.421890424,-3.758525075,4.52842908,92.6129592,49.81702378,172.1732765
HER42PB,314.4,3605.8,-6.275011242,-4.29198343,-3.858572392,4.824880283,124.5715541,67.00772903,231.5863009
HER42PB,314.5,3606.75,-5.48567159,-4.512524833,-4.027214782,4.368008771,78.88639434,42.43342851,146.654735
HER42PB,314.6,3607.7,-5.709332263,-4.593478168,-3.963540857,4.579590858,97.47450515,52.43207628,181.2111942
HER42PB,314.7,3608.64,-5.364672419,-4.33073334,-3.985982657,4.199793351,66.67255182,35.86353495,123.9484388
HER42PB,314.8,3609.59,-5.498269936,-4.332966273,-3.746375065,4.364254811,78.59081312,42.27443373,146.105231
HER42PB,314.9,3610.53,-5.625145029,-4.434542459,-3.910502863,4.448910926,85.53374069,46.00907293,159.0125671
HER42PB,315,3611.48,-5.575806692,-4.520735211,-3.823669018,4.498275536,89.86203374,48.33728574,167.0591343
HER42PB,315.1,3612.42,-5.676753802,-4.550284559,-4.025816159,4.511734839,91.07969015,48.99226987,169.3228336
HER42PB,315.2,3613.37,-5.802348532,-4.742576076,-4.037943946,4.703948063,110.3821088,59.37514778,205.2072357
HER42PB,315.3,3614.32,-5.512913857,-4.612348968,-4.321789195,4.344458886,77.05033315,41.44580102,143.2413825
HER42PB,315.4,3615.26,-5.482618315,-4.257198822,-3.824057294,4.283164846,72.46943204,38.98170894,134.7252012
HER42PB,315.5,3616.21,-6.089676152,-4.542921942,-3.840385021,4.847844986,127.465404,68.56434689,236.9661485
HER42PB,315.6,3617.15,-5.799597577,-4.446247372,-4.285284677,4.442115069,84.95443628,45.69746188,157.935604
HER42PB,315.7,3618.1,-6.006244888,-4.864615214,-4.006846054,4.924701358,137.648228,74.04174435,255.8966545
HER42PB,315.8,3619.04,-6.077858086,-4.682778896,-3.9708586,4.878503157,131.4337809,70.69895881,244.3436091
HER42PB,315.9,3619.99,-5.936937598,-4.50776151,-4.059599622,4.647219316,104.2945717,56.10062786,193.8901239
HER42PB,316,3620.94,-5.94751266,-4.432963963,-4.119573534,4.589615343,98.45655085,52.9603241,183.0368785
HER42PB,316.1,3621.88,-5.863349858,-4.543576179,-3.906187832,4.670872766,106.7909052,57.44341948,198.5309639
HER42PB,316.2,3622.83,-6.122014738,-4.421939551,-3.781689317,4.818551016,123.7855974,66.58495857,230.1251583
HER42PB,316.3,3623.77,-6.221885899,-4.507957414,-3.996087949,4.868219979,130.0891493,69.97567402,241.843855
HER42PB,316.4,3624.72,-5.80246359,-4.60422146,-3.999654284,4.63474144,103.0012825,55.40496043,191.4858185
HER42PB,316.5,3625.66,-6.166921379,-4.562903534,-4.070729027,4.836231997,125.9937116,67.77271539,234.2301804
HER42PB,316.6,3626.61,-5.72698814,-4.522153638,-4.033272468,4.525026912,92.29840977,49.6478259,171.5885095
HER42PB,316.7,3627.56,-4.393431287,-4.716628992,-4.185096173,3.828573655,45.99688401,24.74197871,85.51108073
HER42PB,316.8,3628.5,-6.416067389,-4.779872027,-4.101687719,5.136723383,170.1573135,91.52856151,316.3330753
HER42PB,316.9,3629.45,-6.084252381,-4.398299756,-3.952012654,4.72022539,112.1935371,60.34952512,208.5747941
HER42PB,317,3630.39,-5.885795342,-4.578281859,-3.758285397,4.756695963,116.3608296,62.59113483,216.3220511
HER42PB,317.1,3631.34,-5.80814249,-4.50800224,-4.161663306,4.526382027,92.42356951,49.71515002,171.8211893
HER42PB,317.2,3632.28,-5.800914787,-4.693085843,-4.05979905,4.666168103,106.28967,57.17380229,197.5991363
HER42PB,317.3,3633.23,-6.078463064,-4.559409213,-3.87440319,4.838266723,126.2503351,67.91075462,234.7072596
HER42PB,317.4,3634.18,-5.611287666,-4.487548428,-4.055153908,4.422574256,83.31047207,44.81316442,154.8793719
HER42PB,317.5,3635.12,-6.062087462,-4.525852953,-4.035488402,4.752285937,115.8488052,62.31571405,215.3701657
HER42PB,317.6,3636.07,-6.545073318,-4.706356866,-4.079584754,5.198419773,180.9860167,97.35338096,336.464311
HER42PB,317.7,3637.01,-6.104847673,-4.814473434,-4.201648642,4.897509132,133.9556979,72.05551192,249.0320103
HER42PB,317.8,3637.96,-5.913313799,-4.680753537,-3.951811555,4.770589814,117.9888129,63.46683608,219.3485738
HER42PB,317.9,3638.9,-5.886885819,-4.632736848,-4.126353209,4.665059242,106.1718749,57.11043964,197.3801478
HER42PB,318,3639.85,-5.964661156,-4.560113354,-4.204990001,4.647962439,104.3721042,56.14233302,194.0342617
HER42PB,318.1,3640.79,-5.881791915,-4.543185385,-4.247183265,4.567438639,96.29714186,51.79876604,179.0224022
HER42PB,318.2,3641.74,-6.155932874,-4.743996082,-4.024305579,4.951820145,141.4321568,76.07714061,262.9312146
HER42PB,318.3,3642.69,-6.229825064,-4.579565157,-4.243092921,4.832800698,125.5621303,67.54056544,233.4278439
HER42PB,318.4,3643.63,-6.275165491,-4.74600841,-4.358242879,4.925587032,137.7701934,74.1073502,256.1233958
HER42PB,318.5,3644.58,-6.037978179,-4.626717195,-4.189788817,4.743194783,114.8003788,61.75175967,213.4210755
HER42PB,318.6,3645.52,-6.174354124,-4.73741603,-4.365426852,4.845406671,127.1549817,68.39736904,236.3890542
HER42PB,318.7,3646.47,-6.161794662,-4.921770719,-4.476803168,4.908322789,135.4121092,72.83892365,251.73957
HER42PB,318.8,3647.41,-6.243794441,-4.958304779,-4.102922801,5.115580463,166.5974566,89.61369475,309.7150789
HER42PB,318.9,3648.36,-7.341321817,-4.732478266,-3.899302441,5.939696113,379.8194898,204.3070075,706.1081582
HER42PB,319,3649.31,-5.879458064,-4.643315977,-4.012103634,4.705078278,110.5069349,59.44229241,205.4392951
HER42PB,319.1,3650.25,-6.145138923,-4.61533228,-4.318997908,4.767783041,117.6581094,63.28894882,218.7337753
HER42PB,319.2,3651.2,-6.613199967,-4.758128218,-4.392292905,5.175969582,176.9681162,95.19213003,328.994783
HER42PB,319.3,3652.14,-6.501611369,-4.777570074,-3.888395271,5.272284437,194.8606011,104.8165968,362.2580301
HER42PB,319.4,3653.09,-6.243143023,-4.870454314,-4.114268024,5.059031877,157.4380231,84.68678475,292.6871199
HER42PB,319.5,3654.03,-6.524949676,-4.872800645,-4.238863582,5.227953859,186.4109898,100.271504,346.5496748
HER42PB,319.6,3654.98,-7.12232888,-4.703443331,-4.291078245,5.596002901,269.3476437,144.8835896,500.7340953
HER42PB,319.7,3655.93,-6.189209315,-4.970866571,-4.204584654,5.049330219,155.9179986,83.86915513,289.8612993
HER42PB,319.8,3656.87,-6.601150192,-4.859652558,-4.273394361,5.267245488,193.8811782,104.2897598,360.4372218
HER42PB,319.9,3657.82,-7.237112315,-4.672162958,-4.18381019,5.714184309,303.1368364,163.0589835,563.5503153
HER42PB,320,3658.76,-6.148174449,-4.590029831,-4.25167966,4.777707667,118.8316359,63.92019519,220.9154343
HER42PB,320.1,3659.73,-6.402505479,-4.916511758,-4.317033769,5.134832897,169.8359373,91.35569149,315.7356169
HER42PB,320.2,3660.69,-6.901710732,-4.828869874,-4.346934402,5.465084868,236.2959083,127.104878,439.2888545
HER42PB,320.3,3661.66,-7.533666972,-4.845819478,-4.343190621,6.033982713,417.3740044,224.507789,775.924347
HER42PB,320.4,3662.62,-6.961348704,-4.704225985,-4.151276888,5.50689883,246.3858567,132.5323171,458.0466989
HER42PB,320.5,3663.59,-6.91936332,-4.913510135,-4.078232278,5.621099484,276.192886,148.5656834,513.4598285
HER42PB,320.6,3664.55,-6.431564809,-5.103378078,-4.328217746,5.263917558,193.2370277,103.9432677,359.2397058
HER42PB,320.7,3665.52,-6.433536326,-4.933049597,-4.348064615,5.157402447,173.7126412,93.44099198,322.9426516
HER42PB,320.8,3666.48,-6.075163151,-4.759486357,-4.358094575,4.790982749,120.4196528,64.77439832,223.867657
HER42PB,320.9,3667.45,-5.970923382,-4.726945243,-4.331332431,4.708615749,110.8985422,59.65294017,206.1673176
HER42PB,321,3668.42,-6.547635254,-5.007190213,-4.18224926,5.344458108,209.4443576,112.6612802,389.3701445
HER42PB,321.1,3669.38,-6.710911766,-5.13610935,-4.429832878,5.464926972,236.2586011,127.0848103,439.2194981
HER42PB,321.2,3670.35,-6.900162424,-4.957922003,-4.577272064,5.462467135,235.6781576,126.7725865,438.1404175
HER42PB,321.3,3671.31,-6.438809155,-4.829371242,-4.383858633,5.08759407,161.9996331,87.14050004,301.1674378
HER42PB,321.4,3672.28,-6.948975032,-4.999211314,-4.251794503,5.637874802,280.8651897,151.0789414,522.1459329
HER42PB,321.6,3674.21,-6.26964853,-4.845871076,-4.294410766,5.002581773,148.7968232,80.03863546,276.6225894
HER42PB,321.7,3675.17,-6.541083442,-4.771165715,-4.119892607,5.220224254,184.975661,99.49943271,343.8813089
HER42PB,321.8,3676.14,-6.55618856,-4.703434578,-4.311872375,5.12651166,168.428556,90.5986533,313.1192071
HER42PB,321.9,3677.1,-6.856856644,-4.670805367,-4.055012563,5.433128344,228.8640924,123.1072631,425.4726446
HER42PB,322,3678.07,-6.05161318,-4.656927161,-4.210528644,4.763598424,117.166784,63.02466213,217.8203706
HER42PB,322.1,3679.03,-6.148155552,-4.668770767,-4.043129469,4.895192982,133.6457954,71.88881368,248.4558823
HER42PB,322.2,3680,-6.708137169,-4.670310509,-4.30236784,5.228976861,186.6017862,100.3741345,346.9043772
HER42PB,322.3,3680.96,-6.105653448,-4.817383791,-4.056795329,4.94890036,141.0198076,75.85533567,262.1646316
HER42PB,322.4,3681.93,-5.899574981,-4.756226798,-4.011317683,4.786016376,119.8230865,64.45350198,222.7586029
HER42PB,322.5,3682.89,-6.129703591,-4.676919489,-4.10485024,4.86605437,129.8077319,69.82429805,241.3206825
HER42PB,322.6,3683.86,-6.282158384,-4.760522675,-3.945381926,5.079238921,160.6517408,86.41546128,298.6616217
HER42PB,322.7,3684.82,-6.611547167,-4.501952587,-4.266997875,5.06483503,158.3543162,85.17966386,294.3905659
HER42PB,322.8,3685.79,-6.301604091,-4.632446944,-4.182572082,4.93690431,139.3382333,74.95080755,259.0384799
HER42PB,322.9,3686.75,-6.330238281,-4.421891233,-4.047197784,4.878615217,131.4485102,70.70688177,244.3709918
HER42PB,323,3687.72,-6.077032372,-4.549326357,-3.807912435,4.853806682,128.2275836,68.97432755,238.3830881
HER42PB,323.1,3688.68,-6.38666886,-4.59193762,-3.787955322,5.109360395,165.5644251,89.05802142,307.7946089
HER42PB,323.2,3689.65,-5.862742997,-4.554973399,-3.9409304,4.665467754,106.2152563,57.13377472,197.4607965
HER42PB,323.3,3690.61,-6.299719823,-4.447968443,-3.785672038,4.960361036,142.6452867,76.72968987,265.1864987
HER42PB,323.4,3691.58,-6.001328528,-4.617945377,-4.094373347,4.74498984,115.006637,61.86270711,213.8045224
HER42PB,323.5,3692.55,-6.230944518,-4.567129834,-4.162593663,4.853497769,128.1879785,68.95302375,238.3094598
HER42PB,323.6,3693.51,-5.900502794,-4.546296747,-4.200550874,4.597690777,99.25484919,53.3897332,184.5209649
HER42PB,323.7,3694.48,-5.579077038,-4.389492971,-4.369107214,4.237448171,69.23096066,37.23971724,128.7046806
HER42PB,323.8,3695.44,-6.161814039,-4.412018769,-3.842924237,4.820095552,123.9769365,66.68788091,230.4808696
HER42PB,323.9,3696.41,-5.966853828,-4.330203352,-3.824761321,4.641634698,103.7137497,55.7882005,192.8103396
HER42PB,324,3697.37,-6.35697534,-4.47751029,-4.288005098,4.849804152,127.7153746,68.69880747,237.4308596
HER42PB,324.1,3698.34,-5.76914452,-4.572471018,-4.103154438,4.55882787,95.47150924,51.35465368,177.4874996
HER42PB,324.2,3699.3,-6.831186792,-4.722569762,-4.169823705,5.404016545,222.2974933,119.575053,413.2649266
HER42PB,324.3,3700.27,-6.242823909,-4.43646564,-4.026181246,4.830623941,125.2891093,67.39370592,232.9202808
HER42PB,324.4,3701.23,-6.23105543,-4.523785268,-3.978302711,4.890267447,132.9891368,71.53559337,247.2351129
HER42PB,324.5,3702.2,-6.301442843,-4.514670915,-4.049365807,4.911908268,135.8984979,73.1005548,252.6437969
HER42PB,324.6,3703.16,-5.798210723,-4.365293046,-4.080326153,4.462531864,86.70676113,46.64004712,161.1932854
HER42PB,324.7,3704.13,-5.952801125,-4.279489807,-3.935065242,4.564503652,96.0149254,51.64696025,178.4977442
HER42PB,324.8,3705.09,-6.104194185,-4.547334089,-3.869731263,4.850714219,127.8316571,68.76135645,237.6470359
HER42PB,324.9,3706.06,-6.130601294,-4.347210075,-4.334683815,4.592761136,98.76676247,53.12718865,183.6135812
HER42PB,325,3707.02,-6.144026664,-4.585232485,-3.925091601,4.882602665,131.9737007,70.98938465,245.3473537
HER42PB,325.1,3707.99,-6.65651665,-4.621410922,-4.222187475,5.186259415,178.7984896,96.176698,332.3975614
HER42PB,325.2,3708.95,-6.856947697,-4.634405311,-4.355091488,5.30985712,202.3213187,108.8297581,376.1279702
HER42PB,325.3,3709.92,-6.409160113,-4.716607294,-4.779919573,4.864069467,129.5503316,69.68584101,240.8421593
HER42PB,325.4,3710.88,-6.549812686,-4.682374152,-4.297528331,5.113940666,166.3244944,89.46686688,309.2076251
HER42PB,325.5,3711.85,-5.925778701,-4.44417416,-4.090002347,4.591534101,98.6456465,53.0620397,183.3884191
HER42PB,325.6,3712.81,-6.758859706,-4.69084686,-4.186941679,5.320835681,204.5547531,110.0311348,380.2800642
HER42PB,325.7,3713.78,-6.667089311,-4.614034525,-4.052129533,5.247835829,190.1542965,102.2850494,353.5087158
HER42PB,325.8,3714.74,-6.490252491,-4.698493021,-4.140520619,5.131169225,169.2148527,91.02160662,314.5809817
HER42PB,325.9,3715.71,-6.548643506,-4.395590147,-4.450852826,4.890565528,133.0287843,71.55691998,247.3088201
HER42PB,326,3716.67,-6.921489108,-4.334799764,-4.181571168,5.243762373,189.3812868,101.8692433,352.0716426
HER42PB,326.1,3717.64,-6.227673064,-4.827773051,-4.317623331,4.953563009,141.6788687,76.20984832,263.3898674
HER42PB,326.2,3718.61,-6.650822239,-4.745734084,-4.41865961,5.189111146,179.3091024,96.45135947,333.3468226
HER42PB,326.3,3719.57,-6.394563674,-4.70485346,-4.544816948,4.925860556,137.807882,74.12762312,256.1934613
HER42PB,326.4,3720.54,-6.667323725,-4.875564255,-4.265938047,5.331050701,206.6549927,111.1608653,384.1845408
HER42PB,326.5,3721.5,-6.422422448,-4.800751967,-4.542370372,5.004543499,149.0890083,80.19580347,277.1657799
HER42PB,326.6,3722.47,-5.029173668,-4.702306628,-4.207152765,4.149567121,63.40654697,34.10673285,117.8767317
HER42PB,326.7,3723.43,-6.078621313,-5.055720846,-4.452654098,4.937481016,139.4186136,74.99404458,259.187912
HER42PB,326.8,3724.4,-6.383365859,-4.933184231,-4.075240586,5.2124252,183.5386367,98.72644938,341.209791
HER42PB,326.9,3725.36,-6.791001605,-4.679471748,-4.361975413,5.280648456,196.4972538,105.6969613,365.3006697
HER42PB,327,3726.33,-7.05074183,-4.703456558,-4.459760634,5.47738507,239.2203443,128.6779483,444.7255637
HER42PB,327.1,3727.29,-7.242600577,-4.829152891,-4.250322538,5.789842086,326.9613884,175.874342,607.8416458
HER42PB,327.2,3728.26,-6.671959915,-5.017401567,-4.086512036,5.47984966,239.8106514,128.9954778,445.8229816
HER42PB,327.3,3729.22,-7.125478104,-5.088596177,-4.528415895,5.74728373,313.3383916,168.5464566,582.5156438
HER42PB,327.4,3730.19,-8.224066018,-5.158129486,-4.603368077,6.828319457,923.6372949,496.8296174,1717.099429
HER42PB,327.5,3731.15,-7.730028329,-5.044450984,-4.257371983,6.369509019,583.771138,314.0137289,1085.267013
HER42PB,327.6,3732.12,NA,-5.099940186,-4.909586457,NA,NA,NA,NA
HER42PB,327.7,3733.08,-7.32746414,-5.146837455,-5.202766007,5.731771415,308.5152932,165.9520853,573.5492026
HER42PB,327.8,3734.05,-6.778736486,-5.123552551,-4.808801157,5.383338005,217.7479072,117.1278055,404.8069619
HER42PB,327.9,3735.01,-7.043110008,-5.101289845,-4.891347805,5.561146228,260.1208232,139.9204317,483.5808596
HER42PB,328,3735.98,-8.287956112,-5.210643852,-4.755730468,6.877470042,970.1687661,521.8591535,1803.604341
HER42PB,328.1,3736.94,-7.983756715,-5.054469541,-4.808683513,6.443382809,628.5294027,338.0894474,1168.475423
HER42PB,328.2,3737.91,-7.523800499,-4.958851142,-4.441056849,6.058750897,427.840686,230.137875,795.3825618
HER42PB,328.3,3738.87,-7.636969166,-4.803755822,-4.653815674,6.00184119,404.1722669,217.4065013,751.3814922
HER42PB,328.4,3739.84,-7.806432985,-4.952670972,-4.499761776,6.308129059,549.0168094,295.319183,1020.656545
HER42PB,328.5,3740.8,-6.638520192,-5.036381582,-4.754209165,5.238538947,188.3946467,101.3385241,350.237417
HER42PB,328.6,3741.77,-7.583974269,-4.944916939,-5.199151077,5.850335589,347.350928,186.8419883,645.7470737
HER42PB,328.7,3742.74,-7.058859306,-4.783101455,-4.372613735,5.56119853,260.1344286,139.9277501,483.6061529
HER42PB,328.8,3743.7,-6.674896318,-5.002196209,-4.399200125,5.367149534,214.2512804,115.2469506,398.3065142
HER42PB,328.9,3744.67,-6.507689362,-4.984636064,-4.492786342,5.195190587,180.4025219,97.03951587,335.3795577
HER42PB,329,3745.63,-6.276894085,-4.857809901,-4.600420771,4.91123831,135.8074821,73.05159695,252.474593
HER42PB,329.1,3746.6,-6.816608513,-4.860780927,-4.497875434,5.363142484,213.3944827,114.7860744,396.7136738
HER42PB,329.2,3747.56,-6.911823914,-4.851800458,-4.134439019,5.559108405,259.5912828,139.635589,482.596411
HER42PB,329.3,3748.53,-7.675339743,-5.044250583,-4.628175295,6.190503142,488.0916239,262.5471882,907.3928191
HER42PB,329.4,3749.49,-6.670989959,-4.872715809,-4.215936273,5.349195216,210.4388718,113.1962348,391.2190084
HER42PB,329.5,3750.46,-6.525459336,-4.940455449,-4.452504304,5.196161075,180.5776854,97.1337373,335.7051976
HER42PB,329.6,3751.42,-6.397182149,-4.784718515,-4.551355458,4.9730824,144.4715208,77.71203133,268.5815821
HER42PB,329.7,3752.39,-6.952955045,-4.642506216,-4.812888882,5.238948249,188.4717728,101.3800106,350.3807992
HER42PB,329.8,3753.35,-7.071498459,-4.69796163,-4.531750893,5.467445761,236.8544365,127.4053135,440.3271935
HER42PB,329.9,3754.32,-6.433593015,-4.84947291,-4.559389876,5.036130666,153.8734738,82.76939393,286.0604
HER42PB,330,3755.28,-6.204108728,-4.614621602,-4.424771779,4.773568991,118.3408465,63.6561969,220.0030263
HER42PB,330.1,3756.29,-6.820650874,-4.657595193,-4.132961596,5.369300795,214.7126871,115.4951438,399.1642981
HER42PB,330.2,3757.29,-6.350506253,-4.644441505,-4.1581243,4.988289407,146.6852899,78.90283001,272.6971172
HER42PB,330.3,3758.29,-7.520828005,-4.638424417,-4.416882147,5.873643564,355.5420633,191.2480454,660.9749058
HER42PB,330.4,3759.29,-6.217782542,-4.932584297,-4.13994485,5.068975635,159.0113583,85.53309044,295.6120482
HER42PB,330.5,3760.3,-7.199884345,-4.78643666,-4.288658751,5.713763347,303.0092542,162.9903563,563.3131321
HER42PB,330.6,3761.3,-6.901117916,-4.860897087,-4.191359772,5.536364742,253.75386,136.495607,471.7442773
HER42PB,330.7,3762.3,-7.505204109,-4.809933635,-4.71784407,5.858985582,350.3685436,188.4651804,651.3570095
HER42PB,330.8,3763.3,-6.627723865,-4.586503537,-4.518723522,5.042419422,154.8441957,83.2915506,287.8650326
HER42PB,330.9,3764.31,-6.045271533,-4.460863369,-4.184768912,4.651349173,104.7261841,56.33279453,194.6925182
HER42PB,331,3765.31,-6.193522486,-4.52123667,-4.52888002,4.675174025,107.2512299,57.69103066,199.3867361
HER42PB,331.1,3766.31,-6.41301429,-4.649910077,-4.462273214,4.934956077,139.0670342,74.80492803,258.5343038
HER42PB,331.2,3767.32,-5.73844537,-4.639833081,-4.418400394,4.471934623,87.52588892,47.0806605,162.7160951
HER42PB,331.3,3768.32,-6.137670953,-4.658430479,-4.051756897,4.878691419,131.4585272,70.71226998,244.389614
HER42PB,331.4,3769.32,-6.203659492,-4.478910733,-4.44964035,4.684130024,108.2160859,58.21003207,201.1804638
HER42PB,331.5,3770.32,-6.503251247,-4.419013533,-3.788811248,5.094102977,163.0575126,87.70953928,303.1341019
HER42PB,331.6,3771.33,-6.046231214,-4.611146689,-3.986092425,4.808704377,122.5727066,65.93253788,227.8703185
HER42PB,331.7,3772.33,-6.122048563,-4.625028358,-4.345167157,4.748347183,115.3934027,62.07075052,214.523544
HER42PB,331.8,3773.33,-6.378369589,-4.931450606,-4.139434523,5.185921682,178.7381136,96.14422144,332.2853187
HER42PB,331.9,3774.34,-6.058447368,-4.547698832,-4.289023852,4.676808964,107.4267225,57.78542912,199.7129879
HER42PB,332,3775.34,-6.216827855,-4.7345922,-4.050953808,4.980732011,145.5809095,78.30877767,270.644005
HER42PB,332.1,3776.34,-6.521462347,-4.744695663,-4.39621127,5.095789229,163.3327006,87.85756445,303.6456936
HER42PB,332.2,3777.34,-6.530044294,-4.899404174,-4.581586373,5.131518082,169.2738947,91.05336565,314.6907445
HER42PB,332.3,3778.35,-7.74873913,-4.976150408,-4.459459665,6.278750106,533.1219016,286.7692241,991.1069184
HER42PB,332.4,3779.35,-7.14392332,-5.028834439,-5.101446972,5.533528377,253.0351411,136.1090041,470.4081339
HER42PB,332.5,3780.35,-7.109189887,-4.884566336,-4.874482217,5.494615274,243.3778744,130.9143068,452.4546719
HER42PB,332.6,3781.35,-7.21976825,-4.800166699,-4.561198106,5.647059417,283.4567111,152.4729351,526.963733
HER42PB,332.7,3782.36,-6.770228614,-4.824318465,-4.240065373,5.391328947,219.4948888,118.0675166,408.0547099
HER42PB,332.8,3783.36,-6.939891238,-4.949856284,-4.760366238,5.42858729,227.8271641,122.5494936,423.5449302
HER42PB,332.9,3784.36,-7.068378473,-4.704099811,-4.926531365,5.334625465,207.3950576,111.5589504,385.5603678
HER42PB,333,3785.37,-7.034840942,-5.097127561,-4.797175396,5.583558388,266.0165135,143.0917562,494.5413163
HER42PB,333.1,3786.37,-6.863181215,-4.991379038,-4.443871847,5.497119744,243.9881707,131.2425886,453.589251
HER42PB,333.2,3787.37,-6.656575295,-4.868089152,-4.3919568,5.275431455,195.474797,105.1469761,363.3998586
HER42PB,333.3,3788.37,-7.360383832,-4.923267846,-4.798516141,5.76563428,319.1414049,171.6679296,593.303808
HER42PB,333.4,3789.38,-7.403061091,-4.706184191,-4.503472678,5.775465066,322.294288,173.3638828,599.1652146
HER42PB,333.5,3790.38,-7.529585461,-4.799556353,-4.863680881,5.826234475,339.0794599,182.3927198,630.3698977
HER42PB,333.6,3791.38,-7.408757814,-5.029983582,-4.556126384,5.955355752,385.8141406,207.5315634,717.2525885
HER42PB,333.7,3792.39,-6.900604775,-4.821163233,-4.286865253,5.479947362,239.8340827,129.0080816,445.8665418
HER42PB,333.8,3793.39,-6.348581422,-4.780569552,-4.801944411,4.849597202,127.6889466,68.68459172,237.3817283
HER42PB,333.9,3794.39,-5.579104865,-4.994265881,-4.377784582,4.594097935,98.89888212,53.19825654,183.8591999
HER42PB,334,3795.39,-6.666307976,-4.858340697,-4.586866435,5.21123939,183.3211238,98.60944799,340.8054209
HER42PB,334.1,3796.4,-6.762000415,-4.844438621,-4.999654831,5.139230566,170.5844644,91.75832834,317.1271754
HER42PB,334.2,3797.4,-7.024038778,-4.814195737,-4.339110995,5.561421367,260.1924025,139.9589346,483.71393
HER42PB,334.3,3798.4,-7.068223623,-4.992577152,-4.418401926,5.678226895,292.4304602,157.2999645,543.6464932
HER42PB,334.4,3799.4,-7.463962668,-4.824905338,-4.358560993,5.951268553,384.2404596,206.6850717,714.3270172
HER42PB,334.5,3800.41,-6.278177841,-4.735722749,-5.043689492,4.689350983,108.7825551,58.51473901,202.2335655
HER42PB,334.6,3801.41,-6.943539742,-4.758399903,-4.565496237,5.383842474,217.8577821,117.1869078,405.0112262
HER42PB,334.7,3802.41,-6.440318843,-4.62693691,-4.632298853,4.884168954,132.1805715,71.10066164,245.7319396
HER42PB,334.8,3803.42,-7.043900676,-4.741315583,-4.662672456,5.42529664,227.0786969,122.1468889,422.1534827
HER42PB,334.9,3804.42,-7.124711989,-5.138164194,-4.263433192,5.865900889,352.7998463,189.7729917,655.8769532
HER42PB,335,3805.42,-6.822819668,-4.776664104,-4.283845797,5.390720313,219.3613374,117.9956785,407.8064294
HER42PB,335.1,3806.42,-5.936863414,-4.756701259,-4.457042995,4.660475299,105.6863028,56.84924772,196.477439
HER42PB,335.2,3807.43,-7.614078432,-4.9025256,-4.530238891,6.080522479,437.2575927,235.2032813,812.8891797
HER42PB,335.3,3808.43,-7.612622979,-4.725179481,-4.058779808,6.133477709,461.0367274,247.9942096,857.0960764
HER42PB,335.4,3809.43,-6.417173102,-4.936290323,-4.199005351,5.197568396,180.831995,97.27053182,336.177975
HER42PB,335.5,3810.44,-7.267111809,-5.090678002,-4.630703488,5.83818848,343.1571413,184.5861272,637.9505622
HER42PB,335.6,3811.44,-7.56229156,-5.008947749,-4.487286106,6.109124442,449.94459,242.0276874,836.4751001
HER42PB,335.7,3812.44,-7.227766239,-4.731025131,-4.426572706,5.658638608,286.7579868,154.2487096,533.1010107
HER42PB,335.8,3813.44,-6.987695417,-5.026036911,-4.135063987,5.725837801,306.6901029,164.9703053,570.1560597
HER42PB,335.9,3814.45,-6.839807779,-5.139398089,-4.499835154,5.547029458,256.4745549,137.9590838,476.8022191
HER42PB,336,3815.45,-6.307212601,-4.927886909,-4.594917303,4.976914185,145.0261665,78.01037831,269.612703
HER42PB,336.1,3816.45,-6.819101963,-5.031225994,-4.369702001,5.509949888,247.1387421,132.9372984,459.4463599
HER42PB,336.2,3817.45,-8.794774422,-5.033574306,-4.620387152,7.403125807,1641.106202,882.7601168,3050.918946
HER42PB,336.3,3818.46,-6.326753992,-5.080045532,-4.275885823,5.189854993,179.4425307,96.52313129,333.5948741
HER42PB,336.4,3819.46,-7.216633531,-4.98181054,-4.570214205,5.749237586,313.9512083,168.8760941,583.6549083
HER42PB,336.5,3820.46,-6.937007442,-4.939803999,-4.394576949,5.544183042,255.7455596,137.5669532,475.4469712
HER42PB,336.6,3821.47,-7.95364468,-4.961490228,-4.505927283,6.459785063,638.9237133,343.6806047,1187.799096
HER42PB,336.7,3822.47,-8.006470126,-5.022343399,-4.649841064,6.501571334,666.1876144,358.3460081,1238.484391
HER42PB,336.8,3823.47,-6.606399905,-5.090052415,-4.574360602,5.306312624,201.605461,108.4446943,374.797146
HER42PB,336.9,3824.47,-6.987565111,-4.974465518,-4.712378993,5.49940022,244.5452151,131.5422258,454.6248311
HER42PB,337,3825.48,-7.372017458,-5.049629737,-4.773782123,5.859718052,350.6252718,188.603276,651.8342834
HER42PB,337.1,3826.48,-8.192595626,-5.033662837,-4.591554336,6.724384728,832.4596298,447.7846463,1547.594454
HER42PB,337.2,3827.48,-6.737723846,-5.074442701,-4.512525416,5.421619312,226.2451877,121.6985397,420.6039371
HER42PB,337.3,3828.49,-7.360765332,-4.875858682,-4.22179889,5.93325612,377.3813143,202.9954995,701.5754377
HER42PB,337.4,3829.49,-7.006594578,-5.147695806,-4.369523346,5.734639416,309.4013854,166.4287191,575.1965034
HER42PB,337.5,3830.49,-7.179358781,-5.168910111,-4.581619601,5.823881447,338.2825346,181.9640493,628.8883638
HER42PB,337.6,3831.49,-7.016840279,-5.125450969,-4.72286356,5.610320971,273.2319235,146.9729652,507.9552141
HER42PB,337.7,3832.5,NA,-5.003151892,-4.763353906,NA,NA,NA,NA
HER42PB,337.8,3833.5,-6.582756591,-5.145876733,-4.996220443,5.178159909,177.356159,95.40086038,329.7161787
HER42PB,337.9,3834.5,-8.572952214,-5.167004229,-4.547600523,7.243627044,1399.159591,752.6156948,2601.125084
HER42PB,338,3835.5,-7.345956445,-5.014621939,-5.153372247,5.686605357,294.8908704,158.6234327,548.2205494
HER42PB,338.1,3836.51,-7.801936725,-4.833233124,-4.723089545,6.156959051,471.9905909,253.8863535,877.4599931
HER42PB,338.2,3837.51,-6.774278307,-4.90247613,-4.21116213,5.450855624,232.9574047,125.3090784,433.0823678
HER42PB,338.3,3838.51,-7.695677737,-5.02763287,-4.493409648,6.246018274,515.9543406,277.5346979,959.19135
HER42PB,338.4,3839.52,-6.450075399,-5.014990874,-4.119550938,5.296024175,199.5418871,107.3346864,370.9608331
HER42PB,338.5,3840.52,-6.409272523,-4.883917727,-4.171656151,5.169784331,175.8769021,94.60515991,326.9661478
HER42PB,338.6,3841.52,-6.913253649,-4.875197323,-4.132254448,5.574944342,263.7348762,141.8644509,490.29961
HER42PB,338.7,3842.52,-6.176051469,-4.947077362,-4.25023332,5.010315201,149.9519937,80.66000807,278.7701236
HER42PB,338.8,3843.53,-6.548167935,-5.088722692,-4.562252451,5.264551763,193.3596184,104.0092099,359.4676095
HER42PB,338.9,3844.53,-6.760439881,-4.59511985,-4.675578272,5.099579139,163.9528915,88.19116854,304.7986671
HER42PB,339,3845.53,-7.279191113,-4.700097248,-4.241748351,5.748561842,313.7391291,168.7620155,583.2606399
HER42PB,339.1,3846.54,-7.243308726,-4.630092628,-4.455215818,5.602673405,271.1503339,145.8532666,504.0854091
HER42PB,339.2,3847.54,-6.834800488,-4.930563035,-3.673755572,5.69875641,298.4959635,160.5626323,554.9226428
HER42PB,339.3,3848.54,-7.160595424,-4.90085049,-4.171335665,5.787175959,326.0908291,175.4060633,606.2232216
HER42PB,339.4,3849.54,NA,-4.944465814,-4.202197836,NA,NA,NA,NA
HER42PB,339.5,3850.55,-6.485685866,-4.822008185,-4.283011684,5.152841537,172.9221575,93.01578641,321.473093
HER42PB,339.6,3851.55,-6.645115505,-4.783524941,-4.307308977,5.244838245,189.5851465,101.9789005,352.4506304
HER42PB,339.7,3852.55,-6.27036641,-4.723363968,-4.356932849,4.909075882,135.5141254,72.89379875,251.9292245
HER42PB,339.8,3853.55,-6.70114103,-4.746341933,-4.527336726,5.192377446,179.8957374,96.76691366,334.4374136
HER42PB,339.9,3854.56,-6.461263237,-4.59832749,-4.57320054,4.902988998,134.691772,72.45145028,250.4004181
HER42PB,340,3855.56,-6.496979484,-4.991020619,-4.636980723,5.141951189,171.0491923,92.00830806,317.9911337
HER42PB,340.1,3857.53,-7.569583776,-4.951145734,-4.759034292,5.989556714,399.2375943,214.7521135,742.2076275
HER42PB,340.2,3859.5,-7.326757969,-4.91881236,-4.899009733,5.698510636,298.42261,160.523175,554.786274
HER42PB,340.3,3861.47,-7.166072905,-5.090545263,-4.362712524,5.83987473,343.7362783,184.8976482,639.027214
HER42PB,340.4,3863.43,-7.019731699,-5.07382155,-4.093958014,5.795223176,328.7255394,176.8232886,611.1213128
HER42PB,340.5,3865.4,-7.85469645,-5.05513114,-4.625870294,6.374504228,586.6944921,315.5862173,1090.701711
HER42PB,340.6,3867.37,-7.986602083,-4.844915896,-4.453958815,6.441947612,627.627986,337.6045704,1166.799633
HER42PB,340.7,3869.34,-6.862805459,-4.926683316,-4.370351603,5.483263831,240.6308054,129.4366432,447.347699
HER42PB,340.8,3871.31,-7.082668509,-4.911168823,-4.195476404,5.717752033,304.2202767,163.641772,565.5644985
HER42PB,340.9,3873.28,NA,-5.091798423,-4.90175482,NA,NA,NA,NA
HER42PB,341,3875.25,-6.695537401,-4.98382064,-4.438191094,5.35934062,212.5847261,114.3505018,395.2082856
HER42PB,341.1,3877.21,-6.960916827,-4.959436827,-4.691371588,5.475224433,238.704034,128.4002222,443.7657108
HER42PB,341.2,3879.18,-7.416883463,-4.99031239,-5.142697844,5.740419862,311.1950425,167.3935372,578.531024
HER42PB,341.3,3881.15,-8.170610011,-5.142087915,-4.430958232,6.819700063,915.7103137,492.5656503,1702.362676
HER42PB,341.4,3883.12,-7.030331613,-5.039130705,-4.763513744,5.556655706,258.9553636,139.2935246,481.4141975
HER42PB,341.5,3885.09,-6.44212993,-5.029665851,-4.696890476,5.103087029,164.5290301,88.5010767,305.8697448
HER42PB,341.6,3887.06,-6.605080422,-4.877859474,-4.302495329,5.271265729,194.6621962,104.7098736,361.8891829
HER42PB,341.7,3889.03,-7.914812551,-4.984508082,-4.998845246,6.266803942,526.79103,283.3638132,979.3374326
HER42PB,341.8,3890.99,NA,-5.12845506,-4.608579601,NA,NA,NA,NA
HER42PB,341.9,3892.96,-7.005740012,-4.933078157,-4.600500765,5.528031137,251.6479627,135.3628331,467.8292827
HER42PB,342,3894.93,-7.257440333,-5.087401896,-4.584481452,5.843301827,344.9163165,185.5323973,641.2209787
HER42PB,342.1,3896.9,-7.267645737,-4.911356465,-4.482208873,5.782375113,324.529069,174.5659839,603.3198121
HER42PB,342.2,3898.87,-7.722800474,-5.000044125,-4.57291752,6.229093907,507.2956184,272.8771233,943.0942446
HER42PB,342.3,3900.84,-7.116656715,-4.689773905,-4.646565151,5.462490635,235.6836959,126.7755656,438.1507135
HER42PB,342.4,3902.8,-7.120542356,-4.71989605,-4.989428804,5.367552908,214.3377214,115.2934477,398.4672134
HER42PB,342.5,3904.77,-6.5328449,-4.579444079,-4.545210908,4.955759118,141.9903529,76.37739736,263.9689359
HER42PB,342.6,3906.74,-7.026376059,-4.810282997,-4.662830266,5.4513605,233.075049,125.3723599,433.3010758
HER42PB,342.7,3908.71,-7.462664356,-4.72042279,-4.525114037,5.831495483,340.8680606,183.354818,633.6950181
HER42PB,342.8,3910.68,-6.55427719,-4.625758784,-4.33058604,5.072513462,159.5749092,85.83622765,296.6597247
HER42PB,342.9,3912.65,-6.620198985,-4.596529471,-3.970417692,5.228334175,186.4818984,100.3096462,346.6814984
HER42PB,343,3914.62,-7.892958879,-4.662719296,-3.582159754,6.533478216,687.7863252,369.9640743,1278.637744
HER42PB,343.1,3916.58,-6.639286143,-4.710325552,-4.106523472,5.264795766,193.4068045,104.0345915,359.5553314
HER42PB,343.2,3918.55,-6.714836594,-5.001215329,-4.489683241,5.367562686,214.339817,115.2945749,398.4711093
HER42PB,343.3,3920.52,-6.41146124,-4.989575933,-4.505683192,5.121032327,167.5082036,90.10359063,311.4082145
HER42PB,343.4,3922.49,-6.823806401,-4.881006675,-4.653511236,5.328272699,206.0817014,110.8524888,383.1187566
HER42PB,343.5,3924.46,-7.924578892,-4.896056796,-4.777557171,6.299145522,544.1067843,292.6780533,1011.528502
HER42PB,343.6,3926.43,-7.262144855,-4.976951505,-4.746118296,5.727033433,307.0570107,165.167667,570.8381643
HER42PB,343.7,3928.4,-7.596942247,-5.024693587,-4.603593765,6.111949322,451.2174267,242.7123533,838.841383
HER42PB,343.8,3930.36,-6.522827822,-4.81807973,-4.812037415,4.999532215,148.3437498,79.79492479,275.7802978
HER42PB,343.9,3932.33,-6.507522361,-4.904663419,-4.440452111,5.165251997,175.0815731,94.177348,325.4875814
HER42PB,344,3934.3,-6.982461528,-5.116915888,-4.546007261,5.636190941,280.3926496,150.8247595,521.2674514
HER42PB,344.1,3936.27,-7.462689317,-4.802125782,-4.325306527,5.94781535,382.9158876,205.9725771,711.8645552
HER42PB,344.2,3938.24,-6.396070701,-4.919298754,-4.219254995,5.164825706,175.0069533,94.13720962,325.3488586
HER42PB,344.3,3940.21,-6.38973969,-4.713899323,-4.342528426,4.996203185,147.8507302,79.52972681,274.8637435
HER42PB,344.4,3942.18,-6.840342791,-4.731573634,-4.101040046,5.440151717,230.4771482,123.9749347,428.471416
HER42PB,344.5,3944.14,-6.633112014,-4.784194131,-4.35836172,5.218524464,184.6615082,99.3304482,343.2972793
HER42PB,344.6,3946.11,-6.524880534,-4.785306818,-4.232516995,5.178031677,177.3334179,95.3886278,329.6739016
HER42PB,344.7,3948.08,-7.077398768,-4.906665807,-4.030079126,5.766613882,319.4541895,171.8361781,593.8852941
HER42PB,344.8,3950.05,NA,-4.998313833,-4.36169948,NA,NA,NA,NA
HER42PB,344.9,3952.02,-7.580238032,-4.763974247,-4.49571026,5.977619859,394.5002836,212.2038879,733.400671
HER42PB,345,3953.99,-6.941697663,-4.825442148,-4.189630577,5.549557044,257.1236362,138.3082282,478.0089017
HER42PB,345.1,3955.96,-7.037125247,-4.890544403,-4.691055042,5.498640159,244.3594163,131.4422836,454.2794196
HER42PB,345.2,3957.92,-6.675313828,-5.093168058,-4.63759613,5.340769275,208.6731755,112.2464571,387.9364688
HER42PB,345.3,3959.89,-6.612808789,-5.032358414,-4.63180732,5.257533506,192.0073218,103.281802,356.9536056
HER42PB,345.4,3961.86,-6.642366074,-4.96838964,-4.457564016,5.301669111,200.6714736,107.9422973,373.0608051
HER42PB,345.5,3963.83,-7.409066554,-5.011171281,-4.678201675,5.903079519,366.1633403,196.9612891,680.7205232
HER42PB,345.6,3965.8,-7.338045481,-5.182843894,-4.76741429,5.910280255,368.8095016,198.3846739,685.6399024
HER42PB,345.7,3967.77,-6.858135225,-4.795886084,-4.423724739,5.383578606,217.8003039,117.15599,404.9043706
HER42PB,345.8,3969.74,-7.97359838,-4.866452519,-4.516831147,6.42005674,614.0379535,330.2944166,1141.534914
HER42PB,345.9,3971.7,-8.809514486,-5.108212512,-4.572995435,7.481498925,1774.899224,954.7281244,3299.648532
HER42PB,346,3973.67,-7.137750305,-5.122847285,-4.870144931,5.662460175,287.855948,154.839309,535.1421893
HER42PB,346.1,3975.64,-6.803556879,-4.844445218,-4.489410963,5.345706716,209.706035,112.8020379,389.856619
HER42PB,346.2,3977.61,-7.870191411,-4.851393864,-4.326337729,6.370463478,584.3285898,314.3135853,1086.303351
HER42PB,346.3,3979.58,-6.591622925,-4.928117792,-4.348158955,5.275209459,195.4314072,105.1236365,363.3191942
HER42PB,346.4,3981.55,-6.497151993,-4.795438804,-3.854529597,5.290988834,198.5396511,106.7955782,369.0976139
HER42PB,346.5,3983.51,-7.162276366,-4.804966373,-4.709118415,5.549365068,257.0742793,138.2816789,477.9171443
HER42PB,346.6,3985.48,-7.804827213,-4.826899564,-4.502475666,6.230835271,508.179774,273.3527155,944.7379451
HER42PB,346.7,3987.45,-7.015566842,-5.058140251,-5.020682689,5.468285156,237.0533345,127.5123018,440.6969573
HER42PB,346.8,3989.42,-7.276627941,-5.009134168,-5.439917084,5.523927112,250.6173095,134.8084391,465.9132341
HER42PB,346.9,3991.39,-6.921682237,-5.16298363,-4.534935352,5.616563349,274.9428752,147.8932956,511.1359802
HER42PB,347,3993.36,-7.868947672,-5.046825015,-4.409088378,6.457360739,637.3766315,342.8484208,1184.922974
HER42PB,347.1,3995.33,-7.137013431,-4.967094305,-4.593266281,5.66305742,288.02792,154.9318137,535.461896
HER42PB,347.2,3997.29,-7.84038677,-5.188025475,-4.895947791,6.347642556,571.1446792,307.2218868,1061.793637
HER42PB,347.3,3999.26,-7.158416716,-5.086818352,-4.798152512,5.683403473,293.9481742,158.1163512,546.4680182
HER42PB,347.4,4001.23,-7.512498809,-4.985032545,-4.484678221,6.048941199,423.6642162,227.8913288,787.6182436
HER42PB,347.5,4003.2,-6.601472714,-5.08164696,-4.855383281,5.202235302,181.6778933,97.72554518,337.7505527
HER42PB,347.6,4005.17,-7.994343183,-5.049904204,-4.677563143,6.496026392,662.5038653,356.3644991,1231.636071
HER42PB,347.7,4007.14,-6.284706137,-4.901750677,-4.295918963,5.046259707,155.4399848,83.61202886,288.9726418
HER42PB,347.8,4009.11,-7.146230694,-4.825069216,-4.737035866,5.537889987,254.1411921,136.703955,472.4643519
HER42PB,347.9,4011.07,-6.439749652,-5.000210777,-4.310774176,5.214646138,183.9467176,98.94595838,341.9684389
HER42PB,348,4013.04,-6.811844919,-4.902302414,-4.278869866,5.458186478,234.6714565,126.2310764,436.2688971
HER42PB,348.1,4015.01,-6.796898203,-4.655525704,-4.1706206,5.3360355,207.6876981,111.7163633,386.1044048
HER42PB,348.2,4016.98,-6.592421675,-4.822102537,-4.298969066,5.229468875,186.6936196,100.4235322,347.0751013
HER42PB,348.3,4018.95,-6.871318978,-4.785798391,-4.114091541,5.49334166,243.0681023,130.7476787,451.8787862
HER42PB,348.4,4020.92,-6.903169782,-4.993627277,-4.280314427,5.586828472,266.8878339,143.5604443,496.1611553
HER42PB,348.5,4022.89,-7.019858724,-4.912246306,-4.116868502,5.691499839,296.3377464,159.4017153,550.9103823
HER42PB,348.6,4024.85,-6.79417929,-4.841796627,-4.1534999,5.450387139,232.8482932,125.2503868,432.8795227
HER42PB,348.7,4026.82,-7.118163534,-4.920938957,-4.357003508,5.699372865,298.6800295,160.6616424,555.2648329
HER42PB,348.8,4028.79,-6.720389019,-4.836354274,-4.446203401,5.288701567,198.0860569,106.5515873,368.2543539
HER42PB,348.9,4030.76,-7.215068395,-4.652686433,-4.397665657,5.610655291,273.3232855,147.0221093,508.1250618
HER42PB,349,4032.73,-6.903257374,-4.692573643,-4.569457261,5.309909438,202.331904,108.835452,376.1476488
HER42PB,349.1,4034.7,-7.022174639,-4.636986018,-4.532649043,5.388885331,218.9591824,117.7793571,407.058798
HER42PB,349.2,4036.67,-6.892889227,-4.822636112,-4.635199454,5.356391546,211.9587216,114.0137705,394.0445042
HER42PB,349.3,4038.63,-6.867800963,-4.806377927,-4.261590148,5.452696873,233.3867323,125.5400161,433.8805146
HER42PB,349.4,4040.6,-6.789622182,-4.640447302,-4.699130804,5.142061207,171.0680117,92.01843112,318.0261201
HER42PB,349.5,4042.57,-4.76528861,-4.507729297,-4.215470558,3.885879978,48.70978715,26.20126433,90.55453713
HER42PB,349.6,4044.54,-5.235195727,-4.475986796,-4.298624242,4.102890318,60.51494251,32.5513228,112.5010584
HER42PB,349.7,4046.51,-5.848160789,-4.573361933,-4.090619278,4.615920975,101.0808787,54.37196458,187.9156678
HER42PB,349.8,4048.48,-5.680605908,-4.597993961,-4.046088311,4.535714046,93.29010498,50.18126425,173.4321328
HER42PB,349.9,4050.45,-5.767124628,-4.556219387,-3.852762837,4.632702612,102.7914945,55.29211433,191.0958096
HER42PB,350,4052.41,-6.07414242,-4.554680104,-4.179350725,4.729080533,113.1914386,60.88630187,210.4299553
HER42PB,350.1,4054.32,-5.57616099,-4.525290464,-4.036215574,4.429170581,83.86183147,45.1097437,155.9043834
HER42PB,350.2,4056.23,-5.548831164,-4.495518634,-4.354696808,4.28631748,72.69826215,39.10479792,135.1506107
HER42PB,350.3,4058.13,-5.971181278,-4.440558757,-4.098569712,4.617407368,101.2312363,54.45284277,188.195192
HER42PB,350.4,4060.04,-6.210518667,-4.462494591,-3.936722402,4.853134068,128.1413649,68.92795004,238.2228022
HER42PB,350.5,4061.95,-5.922180088,-4.384654757,-4.106890121,4.547983588,94.44178267,50.80075806,175.5731736
HER42PB,350.6,4063.86,-5.737017137,-4.496645901,-3.837744299,4.582667432,97.77485445,52.59363583,181.7695623
HER42PB,350.7,4065.76,-5.758560681,-4.481638877,-4.054631925,4.514324507,91.31586192,49.11930797,169.7618917
HER42PB,350.8,4067.67,-5.635192748,-4.474060102,-4.042015356,4.434249069,84.28880607,45.3394157,156.6981559
HER42PB,350.9,4069.58,-5.780044459,-4.21497255,-3.418834523,4.585372907,98.03974006,52.73611927,182.2620012
HER42PB,351,4071.48,-5.979110775,-4.457897096,-3.968662105,4.677175407,107.4660955,57.80660807,199.7861848
HER42PB,351.1,4073.39,-5.762421274,-4.457045354,-4.281963303,4.425185311,83.5282845,44.93032693,155.2842988
HER42PB,351.2,4075.3,-5.934516195,-4.347783076,-4.124222076,4.528555536,92.62467137,49.82332382,172.1950502
HER42PB,351.3,4077.2,-5.236414259,-4.277303529,-3.949997785,4.103637229,60.56015866,32.57564481,112.585118
HER42PB,351.4,4079.11,-5.41850374,-4.35885742,-4.613963322,4.036420524,56.62329789,30.4579856,105.2662479
HER42PB,351.5,4081.02,-5.950528077,-4.315058326,-4.248781488,4.477776066,88.0386626,47.3564843,163.6693734
HER42PB,351.6,4082.92,-5.806816757,-4.127340768,-3.91707688,4.382074947,80.00386511,43.03452222,148.732183
HER42PB,351.7,4084.83,-6.085847263,-4.395557254,-4.011352146,4.699600205,109.903225,59.11755351,204.3169607
HER42PB,351.8,4086.74,-5.481859982,-4.064110669,-3.610636341,4.240226128,69.42354869,37.34331141,129.0627138
HER42PB,351.9,4088.65,-5.347433635,-3.962853071,-3.584628129,4.106685303,60.74503211,32.67508927,112.9288093
HER42PB,352,4090.55,-5.459585514,-4.063936548,-3.639411533,4.216601765,67.80268287,36.47143871,126.049423
HER42PB,352.1,4092.46,-4.892779642,-3.750858826,-3.569641631,3.723931659,41.426951,22.28378643,77.0152898
HER42PB,352.2,4094.37,-5.28265645,-4.131553979,-3.759468093,4.108937633,60.88200418,32.7487673,113.183449
HER42PB,352.3,4096.27,-5.725531422,-4.215064227,-3.446293693,4.540436714,93.73172514,50.41881418,174.2531323
HER42PB,352.4,4098.18,-4.742418255,-4.044003283,-3.463834587,3.852695153,47.11988756,25.34604854,87.59881447
HER42PB,352.5,4100.09,-5.689825884,-4.183801067,-3.926237292,4.336025314,76.4032561,41.09773469,142.0384259
HER42PB,352.6,4101.99,-5.863216791,-4.300695798,-3.814180764,4.55756035,95.35057377,51.28960182,177.262673
HER42PB,352.7,4103.9,-5.363710475,-4.418899521,-3.932827637,4.269646981,71.49639155,38.45830507,132.9162582
HER42PB,352.8,4105.81,-5.111298226,-4.24081703,-3.835351922,4.047990707,57.28224451,30.81243663,106.4912709
HER42PB,352.9,4107.72,-5.577748278,-4.020466846,-3.643616829,4.26308673,71.02889244,38.2068347,132.0471481
HER42PB,353,4109.62,-5.77461304,-4.211789443,-3.734293207,4.472990793,87.61837993,47.13041193,162.8880417
HER42PB,353.1,4111.53,-5.571597446,-4.118480589,-3.801756662,4.263881219,71.08534651,38.23720166,132.1520997
HER42PB,353.2,4113.44,-5.485311453,-3.96330784,-3.784093191,4.123643274,61.78392852,33.2339174,114.8601827
HER42PB,353.3,4115.34,-5.216089983,-3.856717279,-3.55192717,3.976535725,53.33195726,28.68755524,99.1474401
HER42PB,353.4,4117.25,-4.939539372,-3.867418699,-3.419254165,3.870024995,47.94358439,25.78911963,89.13011835
HER42PB,353.5,4119.16,-5.166222278,-3.893502031,-3.472127496,3.996331111,54.39820249,29.26109446,101.1296566
HER42PB,353.6,4121.06,-4.931204539,-3.899602961,-3.228141367,3.949312411,51.89966894,27.91711942,96.48472665
HER42PB,353.7,4122.97,-5.555256249,-3.973311477,-3.258621025,4.351358204,77.58376599,41.7327375,144.2330675
HER42PB,353.8,4124.88,-4.466251638,-4.046397792,-3.366733962,3.743871969,42.26130824,22.73259181,78.56641201
HER42PB,353.9,4126.78,-5.665660862,-4.10891452,-3.815187323,4.313559472,74.70592988,40.18473351,138.8829904
HER42PB,354,4128.69,-5.477140163,-4.265111658,-3.670781894,4.336425703,76.4338532,41.11419304,142.0953078
HER42PB,354.1,4130.6,-5.33959189,-4.003898542,-3.672630134,4.096539912,60.13186566,32.34526364,111.7888946
HER42PB,354.2,4132.51,-5.206996226,-4.009632037,-3.547343445,4.06367357,58.18767541,31.29947293,108.1745235
HER42PB,354.3,4134.41,-5.112495308,-3.803555324,-3.241557809,3.989951602,54.05227328,29.07501722,100.4865526
HER42PB,354.4,4136.32,-5.427101397,-4.074708588,-3.332953708,4.306904596,74.21042178,39.91819696,137.9618099
HER42PB,354.5,4138.23,-5.100775595,-4.037780942,-3.379588777,4.075703214,58.89187963,31.67826828,109.4836831
HER42PB,354.6,4140.13,-5.239312163,-4.094179858,-3.297848441,4.21749668,67.8633877,36.50409217,126.162277
HER42PB,354.7,4142.04,-5.390877556,-4.059905061,-3.466020817,4.230892031,68.77855742,36.99636703,127.8636347
HER42PB,354.8,4143.95,-5.362560236,-4.0123833,-3.502258447,4.173183604,64.9218088,34.92180059,120.6936981
HER42PB,354.9,4145.85,-4.896364989,-3.965061465,-3.457884875,3.891135994,48.96648058,26.33934115,91.03174627
HER42PB,355,4147.76,-4.085195026,-3.924164192,-3.41175754,3.471150891,32.17374963,17.30643815,59.81301041
HER42PB,355.1,4149.67,-5.139743838,-4.09072849,-3.330221912,4.146345944,63.20263191,33.99704582,117.4976409
HER42PB,355.2,4151.58,-5.04109012,-3.966231917,-3.55650241,3.9391897,51.37695371,27.635948,95.51296638
HER42PB,355.3,4153.48,-5.460329174,-4.003178877,-3.770310775,4.136571562,62.58787457,33.66636443,116.3547686
HER42PB,355.4,4155.39,-5.290987539,-4.122170991,-3.615875387,4.156986493,63.87873327,34.36072448,118.7545556
HER42PB,355.5,4157.3,-5.416726604,-4.118053935,-3.545440823,4.254309523,70.40818516,37.87295282,130.8932145
HER42PB,355.6,4159.2,-5.481672668,-4.36200697,-3.600638821,4.420615394,83.14743804,44.72546752,154.5762814
HER42PB,355.7,4161.11,-5.412046613,-4.231421172,-3.719021984,4.260022423,70.81157124,38.08993643,131.6431344
HER42PB,355.8,4163.02,-5.680866531,-4.171155317,-3.76819021,4.376287672,79.5421979,42.78618887,147.8739148
HER42PB,355.9,4164.92,-5.17223072,-4.110176027,-3.671006393,4.061244949,58.04653108,31.22355061,107.9121273
HER42PB,356,4166.83,-5.470053819,-4.252657994,-3.839224717,4.267549256,71.34656903,38.3777147,132.6377287
HER42PB,356.1,4168.74,-5.859936641,-4.360141906,-4.00604539,4.525681923,92.35888598,49.68035639,171.7009386
HER42PB,356.2,4170.64,-5.716177559,-4.534961742,-4.116789983,4.497304219,89.77479159,48.2903577,166.8969457
HER42PB,356.3,4172.55,-5.99317504,-4.546256057,-3.989933959,4.732154126,113.5398784,61.07372952,211.0777265
HER42PB,356.4,4174.46,-5.505633622,-4.294255869,-4.138095139,4.213056604,67.56273705,36.34237052,125.6033487
HER42PB,356.5,4176.37,-5.68880752,-4.388035332,-3.956136967,4.446662847,85.34167007,45.90575708,158.6554958
HER42PB,356.6,4178.27,-5.905579808,-4.509335116,-3.937069827,4.668441329,106.5315653,57.30391911,198.0488348
HER42PB,356.7,4180.18,-5.536618191,-4.435677613,-4.019418259,4.35671194,78.0002428,41.95676268,145.0073239
HER42PB,356.8,4182.09,-5.85467016,-4.526084116,-4.178360003,4.562421412,95.81520722,51.53953073,178.1264557
HER42PB,356.9,4183.99,-5.318416222,-4.428853139,-4.091091827,4.194656547,66.33094607,35.67978333,123.3133723
HER42PB,357,4185.9,-5.627539358,-4.425841867,-4.034908563,4.403101419,81.70387411,43.94896648,151.8926059
HER42PB,357.1,4187.81,-5.356940667,-4.355374168,-3.87297423,4.248071475,69.97034259,37.63743488,130.0792378
HER42PB,357.2,4189.71,-5.70829801,-4.284112775,-3.885849007,4.421315509,83.20567118,44.75679144,154.6845404
HER42PB,357.3,4191.62,-5.383956918,-4.053188318,-3.96726508,4.052809059,57.55891658,30.96126007,107.0056215
HER42PB,357.4,4193.53,-5.685969392,-4.260209889,-3.848653391,4.405258524,81.88030809,44.0438713,152.2206077
HER42PB,357.5,4195.44,-5.856628559,-4.420619819,-3.804248939,4.627820804,102.2909091,55.02284666,190.16519
HER42PB,357.6,4197.34,-5.754300171,-4.506652303,-3.804570794,4.611157121,100.6004893,54.11356045,187.0225939
HER42PB,357.7,4199.25,-6.280451738,-4.723092974,-3.919879387,5.0643843,158.2829572,85.1412795,294.2579052
HER42PB,357.8,4201.16,-5.585162623,-4.355214332,-3.731452565,4.437031501,84.5236605,45.4657452,157.1347649
HER42PB,357.9,4203.06,-5.586251423,-4.28623557,-3.983286025,4.311356167,74.54151114,40.09629176,138.5773257
HER42PB,358.1,4206.88,-5.508444236,-4.342009351,-3.707951087,4.38898502,80.55861207,43.33292368,149.7634922
HER42PB,358.2,4208.78,-5.753816807,-4.459895766,-3.55659223,4.667086915,106.3873751,57.22635842,197.7807762
HER42PB,358.3,4210.69,-5.864325379,-4.314401594,-4.037985576,4.490598742,89.17482265,47.96763109,165.7815659
HER42PB,358.4,4212.6,-6.007384448,-4.389871121,-3.795256465,4.714936208,111.6016916,60.03116813,207.4745163
HER42PB,358.5,4214.5,-5.477954163,-3.959488029,-3.46711737,4.224245009,68.32290092,36.75126688,127.0165408
HER42PB,358.6,4216.41,-5.14742567,-3.919482119,-3.405196284,4.023562074,55.89987108,30.06885031,103.9213523
HER42PB,358.7,4218.32,-5.474218356,-4.160494687,-3.291318105,4.40102616,81.5344932,43.85785555,151.5777162
HER42PB,358.8,4220.23,-5.023880521,-4.025351691,-3.209421464,4.082242941,59.27827853,31.88611439,110.2020228
HER42PB,358.9,4222.13,-5.090228836,-3.461518379,-3.315734676,3.748682436,42.46509466,22.84220965,78.9452637
HER42PB,359,4224.04,-5.337569918,-3.861095915,-3.48895868,4.072669242,58.71347407,31.58230294,109.152016
HER42PB,359.1,4225.95,-5.165162669,-4.046604116,-3.418354588,4.104968652,60.64084355,32.61904567,112.7351163
HER42PB,359.2,4227.85,-5.078810411,-4.003928049,-3.761419191,3.913598917,50.07885769,26.93769496,93.0997248
HER42PB,359.3,4229.76,-5.265624084,-4.077631951,-3.721700778,4.079562459,59.11959692,31.80075867,109.9070238
HER42PB,359.4,4231.67,-5.086969455,-3.986666548,-3.571117321,3.972494654,53.11687393,28.57186073,98.74758677
HER42PB,359.5,4233.57,-5.410312077,-4.134018611,-3.611632165,4.237448561,69.23098764,37.23973176,128.7047308
HER42PB,359.6,4235.48,-5.638227564,-4.304637267,-3.643770235,4.470432146,87.39448202,47.009976,162.4718015
HER42PB,359.7,4237.39,-5.453813492,-4.093021424,-3.648950798,4.227103725,68.51849608,36.8564786,127.3801645
HER42PB,359.8,4239.3,-5.380139866,-4.482441967,-3.955130993,4.30982095,74.42716157,40.0347825,138.3647427
HER42PB,359.9,4241.2,-5.468209754,-4.355512726,-3.77057913,4.350828591,77.54268749,41.71064115,144.1567
HER42PB,360,4243.11,-5.266028387,-4.331303954,-3.802826819,4.203129596,66.8953592,35.98338428,124.3626516
HER42PB,360.1,4245.01,-5.421352946,-4.178422898,-3.732926622,4.229488794,68.68211248,36.94448877,127.6843376
HER42PB,360.2,4246.91,-5.509572346,-4.117612248,-3.710265671,4.255485999,70.49106745,37.91753566,131.0472979
HER42PB,360.3,4248.82,-5.350940422,-4.130967276,-3.717282077,4.163794257,64.31508818,34.5954422,119.5657666
HER42PB,360.4,4250.72,-5.557047769,-4.257764785,-3.75316694,4.353995924,77.78868035,41.84296207,144.6140161
HER42PB,360.5,4252.62,-5.499507408,-4.253570404,-3.651177587,4.350083259,77.48491394,41.67956444,144.0492954
HER42PB,360.6,4254.53,-5.283437471,-4.20924371,-3.379760086,4.284285475,72.5506889,39.02541745,134.8762628
HER42PB,360.7,4256.43,-4.573251694,-3.958777545,-3.268302972,3.779651188,43.80076084,23.56067189,81.42835056
HER42PB,360.8,4258.33,-4.606892839,-3.729988352,-3.242385832,3.66979229,39.2437537,21.10943251,72.95658963
HER42PB,360.9,4260.23,-5.028988364,-3.924985227,-3.250834547,4.011417885,55.22511792,29.70589685,102.666944
HER42PB,361,4262.14,-4.753072076,-3.708844973,-3.325784061,3.705897615,40.6865518,21.8855216,75.63884143
HER42PB,361.1,4264.04,-4.526180328,-3.607076654,-3.172998611,3.578717277,35.82755452,19.27184004,66.60566194
HER42PB,361.2,4265.94,-4.747189682,-3.615361343,-3.009742202,3.754289577,42.70387124,22.97064889,79.38916427
HER42PB,361.3,4267.84,-4.52214685,-3.711623717,-2.991165602,3.70044741,40.46540494,21.76656547,75.2277156
HER42PB,361.4,4269.75,-4.657431891,-3.68232437,-2.881706226,3.790039306,44.25813987,23.8066986,82.27864676
HER42PB,361.5,4271.65,-4.186799999,-3.708454968,-3.043661246,3.515536141,33.63395565,18.09189106,62.52762461
HER42PB,361.6,4273.55,-4.689709631,-3.784265897,-3.17235061,3.769110073,43.34147693,23.31362053,80.57451308
HER42PB,361.7,4275.46,-4.519888321,-3.752510867,-3.164900865,3.6647233,39.04533081,21.00269973,72.58770908
HER42PB,361.8,4277.36,-4.459165154,-3.863246926,-3.12030405,3.714930204,41.05572145,22.08409999,76.32515086
HER42PB,361.9,4279.26,-4.865506128,-3.623251137,-2.946433748,3.844333168,46.72751454,25.13498892,86.86936853
HER42PB,362,4281.16,-5.191512807,-3.813368451,-3.115323301,4.084348407,59.40321843,31.95332025,110.4342939
HER42PB,362.1,4283.07,-4.216125642,-3.533234962,-3.044560081,3.425057273,30.72440448,16.52682737,57.11858724
HER42PB,362.2,4284.97,-3.983393803,-3.616462359,-3.101929331,3.346220703,28.39521664,15.27394432,52.78848153
HER42PB,362.3,4286.87,-4.816336189,-3.676338684,-2.960184923,3.844495642,46.73510717,25.13907304,86.8834837
HER42PB,362.4,4288.77,-4.717668881,-3.716581612,-3.139694238,3.754722807,42.72237584,22.98060262,79.42356549
HER42PB,362.5,4290.68,-4.521580326,-3.595377199,-2.657767539,3.744039743,42.2683992,22.73640608,78.57959456
HER42PB,362.6,4292.58,-4.821876821,-3.602290504,-2.81751991,3.851822056,47.07876529,25.32392864,87.52236561
HER42PB,362.7,4294.48,-4.65503939,-3.681320375,-2.887871324,3.786099684,44.08412252,23.7130937,81.95513762
HER42PB,362.8,4296.39,-4.81900741,-3.589059119,-2.964655091,3.792533612,44.368671,23.86615391,82.48413102
HER42PB,362.9,4298.29,-4.572978443,-3.449794894,-2.830942409,3.625122107,37.52930547,20.1872213,69.76932326
HER42PB,363,4300.19,-4.786624097,-3.578136612,-3.120882837,3.715614836,41.08383914,22.09922466,76.37742341
HER42PB,363.1,4302.09,-4.326160997,-3.782637985,-3.181810452,3.580122439,35.87793345,19.29893915,66.69931951
HER42PB,363.2,4304,-4.531973284,-4.151943073,-3.197513099,3.89732086,49.27027018,26.50275126,91.59651011
HER42PB,363.3,4305.9,-5.124475096,-4.063367203,-3.197141333,4.166372113,64.48109713,34.68473934,119.8743876
HER42PB,363.4,4307.8,-5.048099276,-3.755330973,-3.223166033,3.930745221,50.94492875,27.40355938,94.70980499
HER42PB,363.5,4309.7,-4.502258232,-3.710893423,-2.970493358,3.696902463,40.3222112,21.68954077,74.96150948
HER42PB,363.6,4311.61,-4.540848925,-3.536682992,-2.896472961,3.638079279,38.01874315,20.45049254,70.67921849
HER42PB,363.7,4313.51,-4.360761759,-3.558843735,-3.166462926,3.469272637,32.11337585,17.27396276,59.70077179
HER42PB,363.8,4315.41,-4.757930289,-3.47195865,-2.969965891,3.688246527,39.97469091,21.50260768,74.31544755
HER42PB,363.9,4317.32,-4.629723416,-3.644820838,-2.879636643,3.753966271,42.69006704,22.96322354,79.36350142
HER42PB,364,4319.22,-4.573474646,-3.765461706,-2.982940888,3.761544317,43.01480321,23.13790093,79.96720623
HER42PB,364.1,4321.12,-4.646865645,-3.713793436,-3.198138343,3.695973193,40.28475838,21.66939469,74.89188235
HER42PB,364.2,4323.02,-4.791817203,-3.892713687,-3.077736521,3.920067442,50.40384399,27.11250689,93.70389463
HER42PB,364.3,4324.93,-4.62085781,-3.746962637,-3.202991653,3.700488251,40.46705761,21.76745445,75.23078801
HER42PB,364.4,4326.83,-4.665391633,-3.724699848,-3.011536603,3.775405138,43.61517492,23.4608442,81.08333475
HER42PB,364.5,4328.73,-4.63578294,-3.778900341,-3.285717517,3.699212887,40.41548028,21.73971072,75.13490253
HER42PB,364.6,4330.63,-4.662970887,-3.746680155,-3.355050779,3.670778612,39.28247977,21.13026347,73.0285838
HER42PB,364.7,4332.54,-4.710886287,-3.672637148,-3.37610546,3.644874993,38.27798752,20.58994153,71.16116997
HER42PB,364.8,4334.44,-4.599666346,-3.695478636,-3.301751351,3.625409147,37.54007943,20.19301668,69.78935273
HER42PB,364.9,4336.34,-4.767931308,-3.545463921,-3.120983547,3.686119676,39.88976107,21.45692345,74.15755769
HER42PB,365,4338.25,-4.43326257,-3.630806981,-3.163466469,3.549101477,34.78205098,18.7094579,64.66200556
HER42PB,365.1,4340.15,-4.873268172,-3.72791087,-3.134888591,3.846933539,46.84918155,25.20043428,87.0955551
HER42PB,365.2,4342.05,-5.366665221,-4.135204834,-3.010617058,4.41532036,82.70833307,44.48927052,153.7599578
HER42PB,365.3,4343.95,-4.621508848,-3.839414182,-3.212224969,3.752665347,42.63456662,22.93336956,79.26032266
HER42PB,365.4,4345.86,-5.148319343,-3.947577559,-2.870555903,4.221986046,68.16873619,36.66834082,126.729939
HER42PB,365.5,4347.76,-5.105192097,-4.032555295,-3.241157837,4.122047064,61.68538702,33.18091138,114.6769879
HER42PB,365.6,4349.66,-4.944623051,-3.96753212,-3.364465372,3.950939683,51.98419258,27.96258515,96.64186137
HER42PB,365.7,4351.56,-5.025024032,-3.952101229,-3.244193633,4.027551637,56.12333262,30.18905151,104.3367813
HER42PB,365.8,4353.47,-5.075391815,-4.180253458,-3.45439308,4.120542578,61.592652,33.1310287,114.5045877
HER42PB,365.9,4355.37,-4.968385855,-3.942634914,-3.317650385,3.965233902,52.7326022,28.36515884,98.03320162
HER42PB,366,4357.27,-4.979055725,-4.01880187,-3.197649289,4.057152322,57.80945374,31.0960254,107.4713858
HER42PB,366.1,4359.18,-5.243185445,-3.998861345,-3.146431398,4.214428049,67.65545919,36.39224627,125.775725
HER42PB,366.2,4361.08,-5.082508811,-4.287381054,-3.141871082,4.294219726,73.27501756,39.41503785,136.222835
HER42PB,366.3,4362.98,-5.013796029,-3.953138961,-3.206331849,4.034669044,56.5242101,30.40468572,105.0820375
HER42PB,366.4,4364.88,-4.721747222,-4.204164815,-3.449799012,3.941681896,51.50515481,27.70490808,95.75130023
HER42PB,366.5,4366.79,-5.019661105,-3.898448985,-3.385391217,3.94477088,51.6644994,27.79062042,96.04753179
HER42PB,366.6,4368.69,-4.955528928,-3.876507649,-3.351396068,3.907313875,49.765097,26.76892135,92.51642406
HER42PB,366.7,4370.59,-4.865925809,-3.701531991,-3.083329253,3.844708017,46.74503361,25.14441252,86.90193757
HER42PB,366.8,4372.49,-4.878950659,-3.775424355,-3.243259415,3.84156621,46.59840018,25.06553759,86.62933687
HER42PB,366.9,4374.4,-4.614970491,-3.802358188,-3.059221083,3.779091573,43.77625614,23.54749067,81.38279479
HER42PB,367,4376.3,-4.966701739,-3.871604392,-2.999221397,4.029985418,56.26009085,30.26261452,104.5910234
HER42PB,367.1,4378.2,-4.569730721,-3.639051251,-3.18615745,3.615583334,37.1730239,19.99557548,69.10697357
HER42PB,367.2,4380.11,-5.167815862,-3.673750101,-3.165404329,3.970557419,53.01407367,28.51656389,98.55647465
HER42PB,367.3,4382.01,-5.062120237,-3.860650563,-2.992097917,4.079642848,59.12434969,31.80331522,109.9158595
HER42PB,367.4,4383.91,-4.726276046,-3.910871549,-3.160841566,3.867641378,47.82944136,25.72772146,88.91791931
HER42PB,367.5,4385.81,-4.94334904,-3.748109916,-3.181936727,3.881635998,48.50350185,26.09030233,90.17103988
HER42PB,367.6,4387.72,-4.395927984,-3.757900103,-3.271367172,3.569477237,35.49803125,19.09458765,65.99305759
HER42PB,367.7,4389.62,-3.872832143,-3.551668383,-3.390774589,3.159854753,23.56717261,12.6769127,43.81284609
HER42PB,367.8,4391.52,-4.906770901,-3.715107591,-3.317752827,3.79574708,44.51147764,23.94297039,82.74961749
HER42PB,367.9,4393.42,-4.736198448,-3.838921417,-3.361178164,3.762241168,43.04478858,23.15403022,80.02295091
HER42PB,368,4395.33,-4.466813078,-3.801445462,-3.446532633,3.571470669,35.56886472,19.13268936,66.12474144
HER42PB,368.1,4397.23,-4.807123987,-3.641310848,-3.288928709,3.707270176,40.7424349,21.91558143,75.7427316
HER42PB,368.2,4399.13,-5.119729571,-4.023177016,-3.240358768,4.125096657,61.87378947,33.2822541,115.0272398
HER42PB,368.3,4401.04,-4.925495443,-3.811845277,-3.102250357,3.936642237,51.24623937,27.56563603,95.26996026
HER42PB,368.4,4402.94,-4.184457848,-3.804842322,-3.078694159,3.55985573,35.15812451,18.91174993,65.36114974
HER42PB,368.5,4404.84,-4.693499857,-3.694119057,-3.092192071,3.744679731,42.29545915,22.75096177,78.62990068
HER42PB,368.6,4406.74,-4.852893773,-3.636498449,-3.200175352,3.759325828,42.91948109,23.08662663,79.78999646
HER42PB,368.7,4408.65,-4.820354545,-3.85033006,-3.454632338,3.782539177,43.92743978,23.62881319,81.66385463
HER42PB,368.8,4410.55,-5.14358635,-3.890823381,-3.509147135,3.969070028,52.93527963,28.47418015,98.40999162
HER42PB,368.9,4412.45,-5.018315225,-3.865341727,-3.352401938,3.93550859,51.18817713,27.53440403,95.16201893
HER42PB,369,4414.35,-4.745768599,-4.078046516,-3.244018408,3.949223297,51.89504412,27.9146317,96.47612882
HER42PB,369.1,4416.26,-4.619401768,-3.783277208,-3.194955641,3.724045902,41.43168399,22.28633233,77.0240887
HER42PB,369.2,4418.16,-4.585534211,-3.728757607,-3.204810895,3.670743603,39.28110456,21.12952374,73.02602721
HER42PB,369.3,4420.06,-4.690831924,-3.725177469,-3.238494151,3.712152847,40.94185325,22.02284966,76.11346277
HER42PB,369.4,4421.97,-5.198314072,-3.850843152,-3.217997926,4.075805229,58.89788781,31.68150012,109.4948527
HER42PB,369.5,4423.87,-4.890990337,-3.893709479,-3.460656414,3.844819236,46.75023281,25.1472092,86.91160321
HER42PB,369.6,4425.77,-5.22903874,-4.007226017,-3.493261905,4.093515195,59.9502586,32.2475762,111.4512757
HER42PB,369.7,4427.67,-5.039397981,-3.985485872,-3.376756033,4.010599308,55.17993042,29.68159024,102.5829377
HER42PB,369.8,4429.58,-4.908485517,-3.903558713,-3.460706073,3.860287349,47.47899247,25.53921306,88.26641295
HER42PB,369.9,4431.48,-4.966227267,-3.997715836,-3.397826149,3.969604821,52.96359659,28.48941199,98.46263461
HER42PB,370,4433.38,-5.311702561,-4.04385635,-3.425277865,4.187392789,65.85087982,35.42155304,122.4208992
HER42PB,370.1,4435.31,-5.233591991,-4.162968613,-3.493014079,4.188878096,65.94876127,35.47420401,122.6028669
HER42PB,370.2,4437.25,-5.54380765,-4.095381508,-3.405250921,4.367048833,78.81070458,42.39271456,146.514023
HER42PB,370.3,4439.18,-5.732098309,-4.251872128,-3.773284755,4.455773929,86.12277798,46.32591935,160.1076242
HER42PB,370.4,4441.11,-5.010058205,-4.107320439,-3.766957147,3.934225169,51.1225233,27.49908847,95.03996436
HER42PB,370.5,4443.04,-5.45993477,-4.305685401,-3.538850505,4.39463362,81.0149431,43.57838667,150.6118401
HER42PB,370.6,4444.98,-5.5748344,-4.216230839,-3.71016816,4.355083956,77.87336297,41.88851332,144.7714464
HER42PB,370.7,4446.91,-5.316638439,-4.266145399,-3.378428039,4.338390634,76.58418809,41.19505901,142.3747897
HER42PB,370.8,4448.84,-5.142378051,-4.304649642,-3.619951516,4.176861177,65.16100303,35.05046449,121.1383751
HER42PB,370.9,4450.77,-5.082428025,-4.005321941,-3.41914688,4.032497484,56.40159758,30.33873177,104.8540932
HER42PB,371,4452.71,-4.913957513,-4.01601592,-3.329371317,3.974680957,53.23313055,28.63439581,98.96371508
HER42PB,371.1,4454.64,-5.263687342,-4.276666119,-3.366877965,4.317009826,74.96413704,40.32362458,139.3630137
HER42PB,371.2,4456.57,-4.915334123,-3.968872514,-3.360514134,3.936856343,51.25721269,27.57153864,95.29036034
HER42PB,371.3,4458.5,-5.083730849,-3.997880812,-3.446424038,4.019572696,55.67730962,29.94913327,103.5075967
HER42PB,371.4,4460.43,-4.984521705,-3.993840156,-3.482646953,3.948777624,51.87192106,27.90219368,96.43314162
HER42PB,371.5,4462.37,-4.75265498,-3.962009435,-3.353392856,3.84683873,46.84474003,25.19804516,87.08729804
HER42PB,371.6,4464.3,-5.105570872,-4.130375437,-3.586623313,4.063337853,58.1681441,31.28896693,108.1382136
HER42PB,371.7,4466.23,-4.903658588,-4.028980052,-3.299924113,3.986690472,53.87628892,28.98035426,100.1593867
HER42PB,371.8,4468.16,-4.822063833,-3.767414667,-3.027236876,3.879021378,48.37684925,26.0221752,89.93558479
HER42PB,371.9,4470.1,-4.362360431,-3.57890447,-3.179025969,3.477730709,32.38614505,17.42068682,60.20786676
HER42PB,372,4472.03,-4.147042705,-3.376099779,-2.931728621,3.337014824,28.13501326,15.13397949,52.30474721
HER42PB,372.1,4473.96,-4.155274148,-3.253533198,-2.788615762,3.316537008,27.56472866,14.82722024,51.2445525
HER42PB,372.2,4475.89,-3.779015285,-3.142658939,-2.788854705,3.079169717,21.74034426,11.69425161,40.41665806
HER42PB,372.3,4477.82,-4.2246078,-3.438951562,-2.65791681,3.504109008,33.25180358,17.88632934,61.81718003
HER42PB,372.4,4479.76,-4.231518193,-3.536910092,-2.858469059,3.497697158,33.03928004,17.77201176,61.42208551
HER42PB,372.5,4481.69,-3.856047324,-3.407474866,-3.018091357,3.192949585,24.36017398,13.10347253,45.28708517
HER42PB,372.6,4483.62,-4.126800049,-3.367254032,-3.016170448,3.29359535,26.93954684,14.49093147,50.08230044
HER42PB,372.7,4485.55,-4.429332613,-3.376652623,-2.98181963,3.457589637,31.74037841,17.07332537,59.00734623
HER42PB,372.8,4487.49,-3.95688629,-3.425380461,-3.119998811,3.214409951,24.88860209,13.38771694,46.26946605
HER42PB,372.9,4489.42,-4.267066316,-3.567876821,-2.952202861,3.501481893,33.16456189,17.83940156,61.65499229
HER42PB,373,4491.35,-4.597610822,-3.800956694,-2.995607888,3.790817182,44.29258058,23.82522445,82.34267419
HER42PB,373.1,4493.28,-4.956874463,-3.81553723,-2.871498186,4.034461214,56.51246391,30.39836739,105.0602007
HER42PB,373.2,4495.22,-5.034574103,-3.820892484,-2.73198901,4.128535551,62.08693319,33.39690529,115.4234873
HER42PB,373.3,4497.15,-5.090716949,-3.837953981,-3.106664705,4.043633619,57.03320369,30.6784762,106.0282884
HER42PB,373.4,4499.08,-4.969737401,-4.022244568,-3.237066848,4.040632621,56.86230372,30.58654816,105.7105747
HER42PB,373.5,4501.01,-4.822624859,-4.005652328,-3.247402027,3.946352492,51.74627721,27.83460916,96.19956184
HER42PB,373.6,4502.94,-4.894987658,-4.037391045,-3.310991431,3.983168427,53.68686796,28.87846367,99.80724126
HER42PB,373.7,4504.88,-5.134715209,-3.972715368,-3.135891694,4.139138746,62.74875558,33.75290322,116.6538564
HER42PB,373.8,4506.81,-5.073866464,-3.528590496,-3.211232655,3.814633445,45.36012638,24.39946325,84.32730851
HER42PB,373.9,4508.74,-4.785666043,-3.870234049,-3.392954547,3.796557186,44.54755126,23.96237459,82.81668061
HER42PB,374,4510.67,-5.127316108,-3.96456602,-3.428412568,4.030882892,56.3106055,30.28978663,104.6849333
HER42PB,374.1,4512.61,-4.698701926,-3.632425018,-3.176606024,3.682136115,39.73117386,21.37161851,73.86273415
HER42PB,374.2,4514.54,-4.59433921,-3.576127347,-3.066232388,3.631513763,37.76994813,20.31666432,70.216693
HER42PB,374.3,4516.47,-4.508540955,-3.545429727,-2.957818331,3.606011922,36.81892288,19.80510257,68.44867765
HER42PB,374.4,4518.4,-4.072581682,-3.262886796,-2.794739029,3.281229432,26.60846591,14.31284121,49.46680032
HER42PB,374.5,4520.34,-4.389871243,-3.730246754,-2.745872655,3.728131058,41.60128506,22.37756169,77.3393877
HER42PB,374.6,4522.27,-4.255440763,-3.616781768,-2.850384125,3.559447907,35.14378916,18.90403887,65.33449943
HER42PB,374.7,4524.2,-4.494519925,-3.605947963,-3.044642985,3.605449812,36.79823243,19.79397307,68.41021281
HER42PB,374.8,4526.13,-4.891035889,-3.672949947,-3.148701303,3.819318673,45.57314751,24.51404849,84.7233281
HER42PB,374.9,4528.06,-4.822394028,-3.726749101,-3.087792973,3.8344983,46.27020807,24.88900123,86.01920724
HER42PB,375,4530,-4.880854901,-3.675531658,-3.484476421,3.701463802,40.50655457,21.78870009,75.30421532
HER42PB,375.1,4531.93,-4.590650569,-3.660410757,-3.474358262,3.541394472,34.51501587,18.56581823,64.1655706
HER42PB,375.2,4533.86,-4.90497578,-3.871201011,-3.496507561,3.826980382,45.92365674,24.70258935,85.37494666
HER42PB,375.3,4535.79,-5.229420154,-4.224333923,-3.862660599,4.097625153,60.19715868,32.38038511,111.9102784
HER42PB,375.4,4537.73,-5.18262124,-4.033729062,-3.669377876,4.022395495,55.83469747,30.03379306,103.8001905
HER42PB,375.5,4539.66,-5.327546497,-4.055568963,-3.600599935,4.144433011,63.08184506,33.9320739,117.2730906
HER42PB,375.6,4541.59,-5.558037495,-4.155091501,-4.171743134,4.15170789,63.54243119,34.17982573,118.129349
HER42PB,375.7,4543.52,-5.425180333,-4.32874907,-4.184629822,4.168116727,64.59368996,34.74530364,120.0837047
HER42PB,375.8,4545.46,-5.591186345,-4.366064717,-3.968101519,4.367090101,78.81395703,42.39446408,146.5200695
HER42PB,375.9,4547.39,-5.710484603,-4.400977385,-4.186320447,4.390380292,80.67109169,43.39342709,149.9725988
HER42PB,376,4549.32,-6.260579796,-4.501693071,-4.203780731,4.822076387,124.2227576,66.82010946,230.9378665
HER42PB,376.1,4551.25,-5.611747765,-4.406201396,-4.277990737,4.298976631,73.62441016,39.60297807,136.8723777
HER42PB,376.2,4553.18,-6.108820141,-4.34743177,-4.109421307,4.653877762,104.9913286,56.47541726,195.1854386
HER42PB,376.3,4555.12,-5.780238338,-4.400785508,-4.572635765,4.304926752,74.06379021,39.83932303,137.6892127
HER42PB,376.4,4557.05,-5.978125983,-4.416478734,-4.253377224,4.555378138,95.14272549,51.17779908,176.8762701
HER42PB,376.5,4558.98,-6.139666283,-4.473632703,-4.639817222,4.570923408,96.63330052,51.97958765,179.6473422
HER42PB,376.6,4560.91,-6.016434283,-4.532765758,-4.369087707,4.611654894,100.650578,54.14050344,187.1157119
HER42PB,376.7,4562.85,-6.70644549,-4.941559039,-4.604531093,5.286495338,197.6495154,106.3167692,367.442796
HER42PB,376.8,4564.78,-7.121001739,-4.613366839,-4.341968312,5.524051805,250.6485616,134.8252497,465.9713335
HER42PB,376.9,4566.71,-6.028361608,-4.644944946,-4.446897547,4.660227856,105.6601547,56.8351825,196.428828
HER42PB,377,4568.64,-6.48621622,-4.658738668,-4.78976693,4.884419807,132.2137336,71.1184997,245.79359
HER42PB,377.1,4570.58,-6.100515121,-4.491077209,-4.704889433,4.531625672,92.90947869,49.97652326,172.7245248
HER42PB,377.2,4572.51,-6.465692197,-4.824051144,-4.383980507,5.104675944,164.7906605,88.64180912,306.356132
HER42PB,377.3,4574.44,-6.534180085,-4.843516733,-4.488971715,5.132850999,169.4996732,91.17481315,315.1104808
HER42PB,377.4,4576.37,-6.36240609,-4.874857995,-4.326950696,5.076872924,160.2720884,86.21124418,297.9558243
HER42PB,377.5,4578.3,-6.338313597,-4.875646257,-4.787716184,4.903369456,134.7430263,72.47902027,250.4957031
HER42PB,377.6,4580.24,-6.485002711,-4.85721566,-4.384941882,5.138708904,170.4955001,91.71047397,316.9617853
HER42PB,377.7,4582.17,-6.352572275,-4.87619748,-4.9379932,4.863293431,129.4498349,69.63178327,240.6553296
HER42PB,377.8,4584.1,-5.862935201,-4.747459106,-4.261694055,4.671326126,106.839331,57.46946798,198.6209904
HER42PB,377.9,4586.03,-6.914263466,-4.802269322,-4.65066382,5.356720118,212.0283766,114.0512383,394.1739972
HER42PB,378,4587.97,-6.014482474,-4.959441434,-4.628188113,4.776175761,118.6497363,63.82235043,220.5772717
HER42PB,378.1,4589.9,-6.806246983,-4.669281597,-4.398827829,5.274443236,195.2817205,105.0431192,363.0409173
HER42PB,378.2,4591.83,-6.065760002,-4.471435727,-4.342993404,4.618271957,101.3187975,54.49994243,188.3579738
HER42PB,378.3,4593.76,-6.272702826,-4.780663408,-4.52016407,4.889520349,132.889818,71.48216923,247.050473
HER42PB,378.4,4595.7,-6.216224438,-4.95509322,-4.910279205,4.820153122,123.984074,66.69172021,230.4941387
HER42PB,378.5,4597.63,-6.840405793,-4.80811103,-4.603061222,5.315562305,203.4788981,109.4524265,378.2799826
HER42PB,378.6,4599.56,-6.286336619,-4.795818752,-4.559789298,4.895034414,133.6246051,71.87741529,248.4164882
HER42PB,378.7,4601.49,-6.627985087,-4.735129501,-4.700480366,5.06938891,159.0770873,85.56844645,295.7342426
HER42PB,378.8,4603.42,-7.011692908,-4.839074141,-4.437174099,5.532525604,252.7815316,135.9725861,469.9366582
HER42PB,378.9,4605.36,-5.888078027,-4.929399517,-4.917611561,4.574068592,96.93770853,52.1433304,180.2132557
HER42PB,379,4607.29,-6.675963327,-4.977294281,-4.542454564,5.3046341,201.2673452,108.2628199,374.1685676
HER42PB,379.1,4609.22,-7.528586403,-4.967693846,-4.535489177,6.036495672,418.4241672,225.0726774,777.8766651
HER42PB,379.2,4611.15,-6.534073795,-4.82045253,-4.200598215,5.216793017,184.3420532,99.1586116,342.7033925
HER42PB,379.3,4613.09,-6.484578689,-4.779830597,-4.541317548,5.039377415,154.3738742,83.03856207,286.9906756
HER42PB,379.4,4615.02,-5.331097866,-4.962928543,-4.432300292,4.404161809,81.79055803,43.99559424,152.0537567
HER42PB,379.5,4616.95,-7.363389862,-4.839401862,-4.739982304,5.738338633,310.5480478,167.0455152,577.3282204
HER42PB,379.6,4618.88,-6.334290184,-4.873887851,-4.587099035,4.967352486,143.6460785,77.26802134,267.0470332
HER42PB,379.7,4620.82,-6.417548942,-4.978504016,-4.530479293,5.110604174,165.7704789,89.16885887,308.1776756
HER42PB,379.8,4622.75,-6.447806196,-4.803882108,-5.360958749,4.748053881,115.3595625,62.05254771,214.460633
HER42PB,379.9,4624.68,-6.483298465,-4.925153847,-4.512198067,5.134677619,169.8095677,91.3415071,315.686594
HER42PB,380,4626.61,-6.128096596,-4.893352133,-4.523671226,4.851652485,127.9516534,68.82590317,237.8701167
HER42PB,380.1,4628.59,-6.557870417,-4.881493022,-4.545534792,5.154480653,173.2058295,93.16837515,322.0004569
HER42PB,380.2,4630.56,-6.680715257,-4.709725424,-4.268777627,5.242058742,189.0589256,101.6958434,351.472353
HER42PB,380.3,4632.53,-6.547943552,-4.99792906,-4.335872467,5.287122476,197.7735078,106.3834654,367.6733055
HER42PB,380.4,4634.5,-6.234742071,-4.671421841,-4.513485667,4.79932059,121.4278901,65.31673474,225.7420332
HER42PB,380.5,4636.48,-5.968650724,-4.681563013,-4.507455055,4.620386452,101.5332623,54.61530422,188.7566772
HER42PB,380.6,4638.45,-6.282238426,-4.53964798,-4.160158359,4.87518143,130.9979179,70.46450572,243.5333127
HER42PB,380.7,4640.42,-5.89901318,-4.320145334,-4.034683018,4.518442305,91.69265745,49.32198837,170.4623781
HER42PB,380.8,4642.4,-5.830944831,-4.649913596,-3.966305438,4.692098339,109.0818305,58.67572086,202.789937
HER42PB,380.9,4644.37,-6.003547503,-4.524787914,-3.804935001,4.789227885,120.208518,64.66082772,223.4751442
HER42PB,381,4646.34,-5.876072195,-4.438896713,-3.838712599,4.640031896,103.5476503,55.6988547,192.5015504
HER42PB,381.1,4648.31,-5.562881443,-4.084213762,-3.63675088,4.293937673,73.25435303,39.40392229,136.1844184
HER42PB,381.2,4650.29,-5.542335275,-4.425657979,-4.12716499,4.317820326,75.02492008,40.35632011,139.4760131
HER42PB,381.3,4652.26,-5.983174465,-4.653696579,-4.199197136,4.718242429,111.9712822,60.22997295,208.1616082
HER42PB,381.4,4654.23,-6.068685971,-4.636582074,-4.3086752,4.730134193,113.3107668,60.95048916,210.6517939
HER42PB,381.5,4656.21,-6.672119248,-4.769333525,-4.221898156,5.286598755,197.6699568,106.3277647,367.4807978
HER42PB,381.6,4658.18,-6.366790741,-4.777901497,-4.083025708,5.105148796,164.8686005,88.68373349,306.5010274
HER42PB,381.7,4660.15,-5.792251123,-4.398771102,-4.00531094,4.503926044,90.37123716,48.61118908,168.0057752
HER42PB,381.8,4662.13,-6.165767933,-4.752074598,-4.390344883,4.839558714,126.4135549,67.99855143,235.0106954
HER42PB,381.9,4664.1,-6.167900272,-4.656028603,-4.474742779,4.755367651,116.2063687,62.50804946,216.0348987
HER42PB,382,4666.07,-7.957381551,-4.862558375,-4.304561147,6.473039755,647.4488249,348.2663094,1203.647811
HER42PB,382.1,4668.04,-5.982324063,-4.729561094,-4.616588429,4.621301265,101.6261887,54.66528985,188.9294332
HER42PB,382.2,4670.02,-6.48721558,-4.651561917,-4.146890159,5.098798381,163.8249338,88.12233939,304.5607858
HER42PB,382.3,4671.99,-6.50033634,-4.655522308,-4.514043854,4.986701012,146.4524808,78.77760067,272.2643104
HER42PB,382.4,4673.96,-5.600810472,-4.744553985,-4.428840399,4.442071257,84.95071436,45.69545984,157.9286847
HER42PB,382.5,4675.94,-6.415359959,-4.672390654,-4.431898465,4.960373253,142.6470294,76.7306273,265.1897386
HER42PB,382.6,4677.91,-5.875110012,-4.631507413,-4.182035204,4.637544399,103.2903959,55.56047613,192.0232984
HER42PB,382.7,4679.88,-6.56097173,-4.848676432,-4.186065975,5.259193573,192.3263316,103.4533991,357.5466647
HER42PB,382.8,4681.86,-5.974774313,-4.788193251,-4.372256843,4.733797175,113.7265832,61.17415911,211.4248226
HER42PB,382.9,4683.83,-6.078976853,-4.831653608,-4.51353051,4.783876059,119.5669014,64.31569862,222.2823389
HER42PB,383,4685.8,-6.642052113,-4.927253685,-4.373368572,5.305500942,201.4418879,108.3567074,374.4930534
HER42PB,383.1,4687.77,-6.229612613,-4.814330715,-4.52486452,4.876730375,131.2009837,70.57373594,243.9108247
HER42PB,383.2,4689.75,-6.88477905,-4.743033625,-4.172926563,5.459050377,234.8742765,126.3401744,436.6459522
HER42PB,383.3,4691.72,-6.454200242,-4.833289929,-4.695016943,4.996065795,147.8304184,79.51880096,274.8259825
HER42PB,383.4,4693.69,-6.289998541,-4.495418195,-4.043177022,4.894193374,133.5122688,71.81698895,248.2076479
HER42PB,383.5,4695.67,-5.677768001,-4.312527049,-3.66657556,4.492782895,89.3698069,48.07251419,166.1440538
HER42PB,383.6,4697.64,-5.04384649,-4.03636552,-3.829873603,3.889798009,48.90100795,26.30412306,90.91002856
HER42PB,383.7,4699.61,-5.697607291,-4.584091597,-3.799136867,4.622131842,101.7106322,54.71071249,189.086419
HER42PB,383.8,4701.58,-6.255323421,-4.633267044,-4.596339772,4.763444414,117.1487406,63.0149565,217.7868268
HER42PB,383.9,4703.56,-7.275352961,-4.827350868,-4.182336173,5.840932646,344.1001146,185.0933578,639.7036084
HER42PB,384,4705.53,-5.932451473,-4.85631204,-4.331942192,4.759102597,116.6412047,62.74195016,216.843286
HER42PB,384.1,4707.5,-7.148869716,-4.615760964,-4.348882019,5.547292185,256.5419463,137.995334,476.927504
HER42PB,384.2,4709.48,-6.188733359,-4.694225413,-4.166240169,4.89750615,133.9552984,72.05529704,249.0312677
HER42PB,384.3,4711.45,-6.410967566,-4.719291555,-4.205837809,5.061587586,157.8409035,84.90349637,293.4360998
HER42PB,384.4,4713.42,-6.039179802,-4.715799266,-4.154329909,4.809010815,122.6102733,65.95274518,227.9401573
HER42PB,384.5,4715.4,-5.758930982,-4.813441096,-4.271451477,4.638357902,103.3744571,55.60569312,192.1795734
HER42PB,384.6,4717.37,-7.607293756,-4.723479399,-4.381383905,6.018040198,410.7727732,220.9569502,763.6522457
HER42PB,384.7,4719.34,-5.760302825,-4.722122275,-4.374008464,4.550203739,94.65169063,50.91366871,175.9634056
HER42PB,384.8,4721.31,-6.170954718,-4.705717155,-4.474029352,4.787328365,119.9803963,64.5381198,223.0510517
HER42PB,384.9,4723.29,-6.485682434,-4.469473078,-4.091358594,5.008191792,149.6339221,80.48891557,278.1788085
HER42PB,385,4725.26,-6.077363256,-4.449183162,-3.992866943,4.731811552,113.5009892,61.0528108,211.0054291
HER42PB,385.1,4727.23,-6.006024698,-4.50938228,-3.664218892,4.829467135,125.1442579,67.31578955,232.650993
HER42PB,385.2,4729.21,-5.8727072,-4.504008601,-3.622640141,4.749718982,115.5518079,62.15595755,214.8180292
HER42PB,385.3,4731.18,-5.726654224,-4.480988518,-3.655913794,4.628230173,102.3327925,55.04537593,190.2430538
HER42PB,385.4,4733.15,-5.501164015,-4.474295631,-3.715835436,4.460433503,86.52500986,46.5422821,160.8553984
HER42PB,385.5,4735.13,-5.953854301,-4.640763344,-4.119862068,4.71738814,111.8756672,60.1785411,207.983854
HER42PB,385.6,4737.1,-5.714992138,-4.551841328,-4.026911098,4.537032083,93.41314587,50.24744862,173.6608735
HER42PB,385.7,4739.07,-6.031634477,-4.496494489,-3.941448396,4.745540578,115.069993,61.89678667,213.9223053
HER42PB,385.8,4741.04,-6.14832391,-4.8175994,-3.998764005,4.998836315,148.2405533,79.73941481,275.588449
HER42PB,385.9,4743.02,-6.216235345,-4.923467042,-4.288863317,5.011969883,150.200322,80.79358522,279.2317813
HER42PB,386,4744.99,-6.11939535,-4.792524409,-4.121734136,4.921788534,137.2478663,73.82638754,255.152357
HER42PB,386.1,4746.96,-6.981062064,-5.140031546,-3.983815786,5.839298483,343.5382581,184.791132,638.6590821
HER42PB,386.2,4748.94,-5.876209255,-5.010690848,-4.205331677,4.855833336,128.4877201,69.11425638,238.866698
HER42PB,386.3,4750.91,-6.238324625,-4.946978191,-4.03467948,5.128021277,168.6830107,90.73552586,313.5922542
HER42PB,386.4,4752.88,-6.326680414,-4.781781023,-4.077034707,5.079860383,160.7516107,86.46918189,298.8472862
HER42PB,386.5,4754.86,-6.047429143,-4.772537612,-3.990837034,4.903885194,134.8125363,72.51641009,250.6249266
HER42PB,386.6,4756.83,-6.326745598,-4.704689222,-4.403772235,4.923333635,137.460092,73.94054497,255.546898
HER42PB,386.7,4758.8,-6.415745769,-4.671053811,-4.008490054,5.10337052,164.5756791,88.52616945,305.9564682
HER42PB,386.8,4760.77,-5.883181696,-4.75798977,-4.081371891,4.752283953,115.8485753,62.31559041,215.3697384
HER42PB,386.9,4762.75,-6.354173668,-4.860907187,-4.077733855,5.146949074,171.9062163,92.46930602,319.5843948
HER42PB,387,4764.72,-5.28542379,-4.709721864,-4.142751511,4.324435551,75.52287201,40.62417121,140.4017369
HER42PB,387.1,4766.69,-6.27179429,-4.527722651,-4.288766478,4.816897316,123.5810623,66.47493801,229.7449148
HER42PB,387.2,4768.67,-6.64118217,-4.740942058,-4.16674682,5.264074464,193.26735,103.9595782,359.2960768
HER42PB,387.3,4770.64,-6.012973143,-4.852635275,-4.39681628,4.790048767,120.3072356,64.71392845,223.6586663
HER42PB,387.4,4772.61,-5.894263692,-4.600505584,-4.395813772,4.559536,95.53913935,51.39103229,177.6132282
HER42PB,387.5,4774.58,-5.933670258,-4.563636417,-4.487383986,4.533234374,93.0590627,50.05698532,173.0026108
HER42PB,387.6,4776.56,-5.820254109,-4.737797261,-4.12605093,4.683106389,108.1053688,58.15047673,200.9746338
HER42PB,387.7,4778.53,-6.399254537,-4.857578726,-3.973536758,5.213785282,183.7884342,98.86081682,341.6741801
HER42PB,387.8,4780.5,-5.669475161,-4.377860926,-3.858297606,4.461306809,86.60060564,46.58294549,160.9959357
HER42PB,387.9,4782.48,-5.896285938,-4.515268634,-4.073435881,4.619481756,101.4414471,54.5659163,188.585987
HER42PB,388,4784.45,-5.449452959,-4.484691705,-3.908049605,4.369475199,79.00216043,42.49569973,146.8699514
HER42PB,388.1,4786.42,-6.332055923,-4.659104605,-3.783635868,5.110318178,165.723076,89.14336059,308.0895507
HER42PB,388.2,4788.4,-5.583827081,-4.374269899,-4.07886119,4.329771322,75.92692177,40.84151181,141.1528906
HER42PB,388.3,4790.37,-5.641636569,-4.526217162,-3.746637476,4.56949122,96.49500259,51.90519643,179.3902377
HER42PB,388.4,4792.34,-5.423561086,-4.343382499,-3.934821414,4.260491644,70.8448053,38.10781322,131.7049186
HER42PB,388.5,4794.31,-5.20201254,-4.197346839,-3.897956277,4.053531878,57.60053625,30.98364752,107.0829951
HER42PB,388.6,4796.29,-4.683212016,-4.143607428,-3.421108035,3.895025598,49.15731168,26.44199026,91.38651319
HER42PB,388.7,4798.26,-5.540712429,-4.444858763,-3.552045912,4.523140133,92.12442717,49.5542397,171.265065
HER42PB,388.8,4800.23,-5.068805412,-4.19202863,-3.338216089,4.163164457,64.2745953,34.57366086,119.4904878
HER42PB,388.9,4802.21,-4.895140388,-4.338676194,-3.672402031,4.039893587,56.82029609,30.56395202,105.6324799
HER42PB,389,4804.18,-5.387183906,-4.335551826,-3.569201241,4.357564488,78.06677014,41.99254811,145.1310024
HER42PB,389.1,4806.15,-5.653550905,-4.358446782,-3.546958374,4.545051872,94.16531158,50.65204273,175.0591966
HER42PB,389.2,4808.13,-6.001101506,-4.430378106,-3.53644062,4.822410333,124.2642484,66.84242756,231.0150003
HER42PB,389.3,4810.1,-5.711922333,-4.63272813,-3.768763217,4.670623002,106.764236,57.42907398,198.4813842
HER42PB,389.4,4812.07,-5.897785221,-4.485957558,-3.610255421,4.760048034,116.7515338,62.80129678,217.0483946
HER42PB,389.5,4814.04,-5.520063116,-4.294888104,-3.618192528,4.398635625,81.33981495,43.75313704,151.2157972
HER42PB,389.6,4816.02,-6.040221642,-4.194394951,-3.515604726,4.716207228,111.7436298,60.10751745,207.7383882
HER42PB,389.7,4817.99,-5.768185117,-4.469890764,-3.663255945,4.646299816,104.198717,56.04906708,193.711924
HER42PB,389.8,4819.96,-5.940682818,-4.391348829,-3.341084325,4.824073028,124.4710337,66.95365852,231.3994271
HER42PB,389.9,4821.94,-5.185772267,-4.034860479,-3.236034362,4.171776056,64.83049252,34.87268105,120.5239354
HER42PB,390,4823.91,-5.00056733,-4.161530876,-3.432824393,4.074365063,58.81312608,31.63590631,109.3372753
HER42PB,390.1,4825.84,-5.353008453,-4.066139872,-3.416324408,4.228500014,68.61423459,36.90797687,127.5581483
HER42PB,390.2,4827.77,-5.305130837,-4.099119296,-3.572933629,4.166275577,64.4748727,34.68139118,119.862816
HER42PB,390.3,4829.7,-5.042856679,-4.080988438,-3.465000338,4.039432234,56.7940879,30.54985449,105.5837572
HER42PB,390.4,4831.63,-5.289250412,-4.456906101,-3.66947649,4.336804525,76.46281352,41.12977096,142.1491468
HER42PB,390.5,4833.56,-5.581614841,-4.291947315,-3.762456397,4.386663848,80.37183857,43.23245719,149.4162686
HER42PB,390.6,4835.49,-4.978371186,-3.991372882,-4.070032782,3.744789917,42.30011975,22.75346873,78.63856504
HER42PB,390.7,4837.42,-5.003872551,-3.807621793,-3.474477347,3.851685499,47.07233679,25.32047072,87.51041463
HER42PB,390.8,4839.35,-4.904092046,-3.748616896,-3.135652019,3.875912514,48.22668576,25.94140142,89.65642147
HER42PB,390.9,4841.28,-5.069454365,-3.962543274,-3.194771726,4.075708256,58.89217654,31.67842799,109.4842351
HER42PB,391,4843.21,-4.848075935,-3.577794271,-3.22227774,3.714306488,41.03012232,22.07033008,76.27756048
HER42PB,391.1,4845.14,-5.007743644,-3.694088466,-3.166284506,3.890814096,48.95072089,26.33086393,91.00244801
HER42PB,391.2,4847.07,-4.96076576,-3.844134966,-3.090363163,3.979453304,53.48778467,28.77137567,99.437133
HER42PB,391.3,4849,-4.573790083,-3.406184923,-2.867419931,3.58724835,36.13450947,19.43695281,67.17631036
HER42PB,391.4,4850.93,-5.05521795,-3.935328263,-2.843051793,4.170634785,64.75654555,34.83290457,120.3864634
HER42PB,391.5,4852.86,-5.117122448,-4.08750303,-3.243922646,4.160634246,64.11217261,34.48629279,119.1885339
HER42PB,391.6,4854.8,-5.342299829,-4.156476343,-3.460037882,4.260939196,70.87651912,38.12487225,131.7638766
HER42PB,391.7,4856.73,-5.205546643,-4.137896579,-3.353640906,4.204735657,67.00288357,36.04122223,124.5625461
HER42PB,391.8,4858.66,-4.83063038,-4.05099717,-3.592377944,3.860733252,47.5001682,25.5506036,88.30577994
HER42PB,391.9,4860.59,-5.519872881,-4.1090875,-3.54372787,4.313285277,74.68544872,40.17371658,138.8449146
HER42PB,392,4862.52,-4.150168288,-4.246522855,-3.681993052,3.601726953,36.66149246,19.72041988,68.15600468
HER42PB,392.1,4864.45,-5.266726824,-4.241726353,-3.419542821,4.280188594,72.25406543,38.86586204,134.3248212
HER42PB,392.2,4866.38,-5.373498779,-3.969250614,-3.49946943,4.155105565,63.75869486,34.29615515,118.5313966
HER42PB,392.3,4868.31,-5.2529561,-4.152275558,-3.537536746,4.178859145,65.2913228,35.12056421,121.3806477
HER42PB,392.4,4870.24,-5.458996142,-4.350179684,-3.587193966,4.404124496,81.7875062,43.99395265,152.0480832
HER42PB,392.5,4872.17,-5.161957676,-4.380841722,-3.707628757,4.203789607,66.9395255,36.00714158,124.4447595
HER42PB,392.6,4874.1,-4.914400921,-4.219014097,-3.745103123,3.954718758,52.18101637,28.06845776,97.0077691
HER42PB,392.7,4876.03,-5.434594985,-4.366060151,-3.479206092,4.435156406,84.36531909,45.38057248,156.8403984
HER42PB,392.8,4877.96,-5.292554037,-4.389335387,-3.700143386,4.288204747,72.83559273,39.1786688,135.4059168
HER42PB,392.9,4879.89,-5.494140265,-4.209116434,-3.77166645,4.279481054,72.20296086,38.83837261,134.2298146
HER42PB,393,4881.82,-5.108168647,-3.954597474,-3.260559425,4.070829505,58.60555603,31.52425323,108.9513897
HER42PB,393.1,4883.75,-5.411845925,-3.948383248,-3.409962618,4.196364646,66.44434276,35.74078004,123.5241839
HER42PB,393.2,4885.68,-5.17963319,-4.129223003,-3.474885097,4.1433491,63.01350701,33.89531448,117.1460459
HER42PB,393.3,4887.61,-5.178220265,-4.060076105,-3.579490367,4.065960937,58.32092436,31.37114828,108.4222416
HER42PB,393.4,4889.54,-5.043824106,-4.173955211,-3.419040624,4.110831519,60.99741702,32.81084851,113.3980087
HER42PB,393.5,4891.47,-5.122227779,-4.17776617,-3.45398202,4.14604526,63.18363073,33.98682497,117.4623165
HER42PB,393.6,4893.4,-5.182385295,-4.111943884,-3.420839605,4.152996773,63.62438275,34.22390793,118.281702
HER42PB,393.7,4895.33,-5.59200113,-4.250557335,-3.502739542,4.456652495,86.19847579,46.36663762,160.2483512
HER42PB,393.8,4897.26,-5.19653571,-4.199844553,-3.547206469,4.170690741,64.76016918,34.83485374,120.3932
HER42PB,393.9,4899.19,-5.562244946,-4.26682148,-3.426174791,4.4734771,87.66099975,47.15333736,162.9672746
HER42PB,394,4901.12,-5.523585643,-4.383516641,-3.579945643,4.46649336,87.05093091,46.82517795,161.8331185
HER42PB,394.1,4903.06,-5.594802046,-4.336248673,-3.899708689,4.374833826,79.42663984,42.72402955,147.6590851
HER42PB,394.2,4904.99,-5.499583045,-4.52869513,-3.931266932,4.41877925,82.99490745,44.64342046,154.2927175
HER42PB,394.3,4906.92,-5.566810828,-4.509441498,-4.186214488,4.363010156,78.49305548,42.22184935,145.9234935
HER42PB,394.4,4908.85,-5.5454178,-4.507590403,-4.009378053,4.408388669,82.13700691,44.18195101,152.6978268
HER42PB,394.5,4910.78,-5.910298124,-4.620464029,-3.846787404,4.768300417,117.7189987,63.32170148,218.8469722
HER42PB,394.6,4912.71,-5.849700602,-4.600048056,-3.879249344,4.704453566,110.4379214,59.40516969,205.3109948
HER42PB,394.7,4914.64,-5.130370717,-4.529082233,-3.874572845,4.217068132,67.83431119,36.48845176,126.108222
HER42PB,394.8,4916.57,-5.535151891,-4.204073253,-3.554435444,4.375684738,79.49425367,42.76039941,147.7847835
HER42PB,394.9,4918.5,-5.243745275,-4.272873975,-3.702429533,4.189234209,65.97225067,35.48683909,122.6465352
HER42PB,395,4920.43,-5.007328551,-4.258091904,-3.749086117,4.028388616,56.17032633,30.21432968,104.4241455
HER42PB,395.1,4922.36,-5.313781592,-4.138128099,-3.709552025,4.148340135,63.32879577,34.06491005,117.7321874
HER42PB,395.2,4924.29,-5.018596883,-4.058503528,-3.381679322,4.040590675,56.85991862,30.5852652,105.7061407
HER42PB,395.3,4926.22,-5.305773372,-4.048412695,-3.429514639,4.185119642,65.70136112,35.3411261,122.1429346
HER42PB,395.4,4928.15,-5.03963382,-4.078222653,-3.692560172,3.95883684,52.39634518,28.18428432,97.4080788
HER42PB,395.5,4930.08,-5.340727776,-4.208285623,-4.094437322,4.075783368,58.89660023,31.68080752,109.492459
HER42PB,395.6,4932.01,-5.481014793,-4.488041532,-4.022224929,4.352257344,77.653556,41.77027793,144.3628115
HER42PB,395.7,4933.94,-4.833197791,-4.23436129,-3.743962664,3.919772086,50.3889591,27.10450023,93.67622268
HER42PB,395.8,4935.87,-5.479291863,-4.198358017,-3.6181977,4.315890786,74.88029604,40.27852603,139.207148
HER42PB,395.9,4937.8,-5.671748337,-4.120018742,-3.728511986,4.353455206,77.74663003,41.82034297,144.5358419
HER42PB,396,4939.73,-5.168082123,-4.20618088,-3.609937505,4.136610852,62.59033368,33.6676872,116.3593402
HER42PB,396.1,4941.66,-4.285692943,-4.152448948,-3.882529332,3.542766431,34.56240155,18.59130725,64.25366354
HER42PB,396.2,4943.59,-5.772793303,-4.344465561,-3.688313968,4.566261752,96.18387766,51.7378406,178.811837
HER42PB,396.3,4945.52,-5.669561587,-4.10364994,-3.974965866,4.258786205,70.72408677,38.04287805,131.4804953
HER42PB,396.4,4947.45,-5.416659916,-4.091453247,-3.592110624,4.222635576,68.21302818,36.69216572,126.8122805
HER42PB,396.5,4949.38,-5.633425036,-4.145641279,-3.393682933,4.457590313,86.2793522,46.41014149,160.3987055
HER42PB,396.6,4951.32,-5.368939541,-4.139615145,-3.594216259,4.221523666,68.13722363,36.65139003,126.6713552
HER42PB,396.7,4953.25,-5.795219983,-4.079401667,-3.886433622,4.356292068,77.96749956,41.93914991,144.9464522
HER42PB,396.8,4955.18,-5.288362922,-4.24839936,-3.695517604,4.203480369,66.91882845,35.99600852,124.4062824
HER42PB,396.9,4957.11,-5.794929047,-4.238413536,-3.73369347,4.502409158,90.23425828,48.53750738,167.7511229
HER42PB,397,4959.04,-5.708425766,-4.098987853,-3.798184693,4.341042216,76.78752681,41.30443604,142.7528091
HER42PB,397.1,4960.97,-5.044200251,-4.191422925,-3.81647336,3.986730934,53.87846889,28.98152687,100.1634394
HER42PB,397.2,4962.9,-5.712157095,-4.307680415,-3.938916674,4.419846349,83.08351849,44.69108483,154.457451
HER42PB,397.3,4964.83,-5.394129191,-4.30421261,-3.861600373,4.244054189,69.68981554,37.48653782,129.5577205
HER42PB,397.4,4966.76,-5.805221851,-4.41892749,-3.936382639,4.547841888,94.42840123,50.7935601,175.5482967
HER42PB,397.5,4968.69,-5.61844358,-4.458273398,-3.89086996,4.465402959,86.95606222,46.77414756,161.6567517
HER42PB,397.6,4970.62,-5.782114318,-4.516210556,-3.917460134,4.59684338,99.17077656,53.34451007,184.3646687
HER42PB,397.7,4972.55,-5.981012386,-4.534093403,-3.886066658,4.751775797,115.7897212,62.28393242,215.2603248
HER42PB,397.8,4974.48,-5.382489802,-4.512839648,-4.238508908,4.23327706,68.94279204,37.08470975,128.1689572
HER42PB,397.9,4976.41,-5.453137773,-4.394390083,-4.239556109,4.205698836,67.06745046,36.07595312,124.68258
HER42PB,398,4978.34,-5.587428418,-4.554955931,-4.03223552,4.455281018,86.08033761,46.30309044,160.0287249
HER42PB,398.1,4980.27,-6.008905319,-4.553201506,-4.021030971,4.736574027,114.042824,61.34426675,212.0127338
HER42PB,398.2,4982.2,-6.52100397,-4.538624141,-4.090905557,5.076392107,160.1950455,86.16980239,297.8125968
HER42PB,398.3,4984.13,-5.917051344,-4.320742723,-4.177348237,4.482631138,88.46713597,47.5869625,164.4659322
HER42PB,398.4,4986.06,-6.240545714,-4.50413634,-4.344195256,4.761428572,116.912825,62.88805621,217.3482451
HER42PB,398.5,4987.99,-5.827739008,-4.683516208,-4.042668527,4.684064387,108.2089832,58.20621151,201.1672595
HER42PB,398.6,4989.92,-5.461784123,-4.386428696,-4.165640858,4.23134702,68.80985802,37.0132038,127.9218245
HER42PB,398.7,4991.85,-5.749363222,-4.487297861,-4.083597978,4.501849778,90.18379712,48.51036404,167.6573125
HER42PB,398.8,4993.78,-6.551536158,-4.684656058,-4.018177125,5.21130296,183.332778,98.61571685,340.8270868
HER42PB,398.9,4995.71,-6.169102534,-4.690750029,-4.389319256,4.80582003,122.2196737,65.74263954,227.2140083
HER42PB,399,4997.64,-6.046437791,-4.647873337,-4.356387532,4.705182303,110.518431,59.44847623,205.4606671
HER42PB,399.1,4999.58,-6.301614099,-4.62965583,-4.369625289,4.871855397,130.5629383,70.23052778,242.7246584
HER42PB,399.2,5001.51,-6.194795471,-4.668099986,-4.154721712,4.890215535,132.9822333,71.53187996,247.222279
HER42PB,399.3,5003.44,-5.939323949,-4.421295787,-4.159125302,4.563700809,95.93787143,51.60551249,178.3544961
HER42PB,399.4,5005.37,-5.927495152,-4.414716644,-4.106213244,4.569689612,96.51414829,51.915495,179.4258308
HER42PB,399.5,5007.3,-5.749908473,-4.276999639,-4.020362189,4.398603883,81.33723303,43.75174821,151.2109972
HER42PB,399.6,5009.23,-5.647871364,-4.312870298,-4.050682074,4.34358864,76.98330959,41.40974867,143.1167815
HER42PB,399.7,5011.16,-5.70491452,-4.399472255,-3.870393191,4.492947741,89.38454042,48.08043944,166.1714444
HER42PB,399.8,5013.09,-5.580912369,-4.226913603,-3.69487047,4.370459865,79.07998942,42.53756437,147.0146403
HER42PB,399.9,5015.02,-5.583780593,-4.301447167,-3.813253344,4.376465293,79.55632755,42.79378929,147.9001827
HER42PB,400,5016.95,-5.634362161,-4.337412901,-4.065034246,4.344671796,77.06673975,41.45462622,143.2718834
HER42PB,400.1,5018.12,-5.747571492,-4.412570425,-4.004602187,4.483021627,88.50168812,47.60554829,164.5301668
HER42PB,400.2,5019.29,-5.686853193,-4.37779018,-3.814358255,4.487361149,88.88657765,47.8125825,165.2457005
HER42PB,400.3,5020.46,-5.872582006,-4.269759333,-3.548256926,4.635570242,103.0866856,55.45089923,191.6445882
HER42PB,400.4,5021.63,-5.403596246,-4.177422732,-3.617521841,4.257161011,70.6092398,37.98110123,131.2669876
HER42PB,400.5,5022.8,-5.181814418,-4.281027872,-3.588997387,4.196201761,66.43352081,35.73495885,123.5040652
HER42PB,400.6,5023.97,-5.643802747,-4.244436305,-3.675586841,4.427423225,83.71542298,45.03098976,155.6322009
HER42PB,400.7,5025.14,-5.545337524,-4.242335681,-3.834645878,4.309849588,74.42929307,40.03592904,138.3687053
HER42PB,400.8,5026.3,-6.102782283,-4.448644192,-3.758232991,4.828834142,125.0650675,67.27319258,232.503773
HER42PB,400.9,5027.47,-5.696067606,-4.461996771,-4.260101635,4.392310936,80.8269893,43.47728529,150.2624223
HER42PB,401,5028.64,-5.665192287,-4.521246457,-3.653192026,4.613317825,100.8180921,54.23061025,187.4271313
HER42PB,401.1,5029.81,-6.852183841,-4.867358275,-3.789312264,5.636216134,280.3997137,150.8285593,521.2805839
HER42PB,401.2,5030.98,-6.15762614,-4.611246363,-3.940538419,4.902486555,134.6241141,72.41505671,250.2746378
HER42PB,401.3,5032.15,-6.186855093,-4.50045614,-4.107413552,4.800893448,121.6190293,65.41954958,226.0973729
HER42PB,401.4,5033.32,-5.867293967,-4.559524369,-3.842715681,4.704508654,110.4440054,59.40844228,205.3223052
HER42PB,401.5,5034.49,-6.184882981,-4.556448568,-3.999909705,4.869210107,130.218018,70.0449932,242.0834299
HER42PB,401.6,5035.66,-6.097036579,-4.52681938,-4.20763864,4.718963603,112.052062,60.27342488,208.3117831
HER42PB,401.7,5036.83,-6.068911296,-4.552563806,-4.009735451,4.781655414,119.3016804,64.17303474,221.7892764
HER42PB,401.8,5038,-5.994706413,-4.476678251,-4.250014455,4.603691381,99.85222881,53.71106701,185.631531
HER42PB,401.9,5039.17,-5.80814249,-4.575998809,-4.118222406,4.581533145,97.66401254,52.53401335,181.5635002
HER42PB,402,5040.34,-6.045376398,-4.572572794,-4.393479278,4.647102982,104.2824394,56.09410182,193.8675692
HER42PB,402.1,5041.51,-5.482676473,-4.391081757,-4.209151513,4.232284639,68.87440572,37.04792437,128.0418227
HER42PB,402.2,5042.68,-6.108199415,-4.189178166,-3.899925001,4.630353125,102.5502708,55.16235872,190.6473595
HER42PB,402.3,5043.85,-5.94904112,-4.361528569,-4.269807446,4.497266046,89.77136472,48.28851437,166.8905749
HER42PB,402.4,5045.02,-5.612742298,-4.22441748,-4.011467696,4.281859019,72.37486129,38.93083881,134.5493883
HER42PB,402.5,5046.19,-4.647197608,-3.72049968,-3.895781519,3.463686234,31.93447776,17.17773249,59.36818905
HER42PB,402.6,5047.36,-5.527918893,-4.12763829,-4.096866632,4.141870434,62.92039988,33.84523164,116.9729539
HER42PB,402.7,5048.53,-5.005510194,-4.452124956,-4.002208085,4.056940955,57.79723601,31.08945342,107.4486722
HER42PB,402.8,5049.69,-5.648492817,-4.370360655,-3.820237243,4.456271491,86.16564007,46.3489751,160.1873075
HER42PB,402.9,5050.86,-5.406263494,-4.32206958,-3.665904956,4.328390676,75.82216591,40.78516306,140.9581429